epoch,global_step,train_loss,train_acc,eval_ran,eval_loss,eval_acc,eval_loss_avg5
0.0,0,0.6677722334861755,0.609375,NO,,,
0.0,0,0.6677722334861755,0.609375,NO,,,
0.0,0,0.6677722334861755,0.609375,NO,,,
0.0,0,0.6677722334861755,0.609375,NO,,,
0.0,0,0.6677722334861755,0.609375,NO,,,
0.0,0,0.6677722334861755,0.609375,NO,,,
0.0,0,0.6677722334861755,0.609375,NO,,,
0.0,0,0.6677722334861755,0.609375,NO,,,
0.0,0,0.6677722334861755,0.609375,NO,,,
0.0,0,0.6677722334861755,0.609375,NO,,,
0.010548523206751054,10,0.7450370788574219,0.515625,NO,,,
0.010548523206751054,10,0.7450370788574219,0.515625,NO,,,
0.010548523206751054,10,0.7450370788574219,0.515625,NO,,,
0.010548523206751054,10,0.7450370788574219,0.515625,NO,,,
0.010548523206751054,10,0.7450370788574219,0.515625,NO,,,
0.010548523206751054,10,0.7450370788574219,0.515625,NO,,,
0.010548523206751054,10,0.7450370788574219,0.515625,NO,,,
0.010548523206751054,10,0.7450370788574219,0.515625,NO,,,
0.010548523206751054,10,0.7450370788574219,0.515625,NO,,,
0.010548523206751054,10,0.7450370788574219,0.515625,NO,,,
0.02109704641350211,20,0.7482568025588989,0.53125,NO,,,
0.02109704641350211,20,0.7482568025588989,0.53125,NO,,,
0.02109704641350211,20,0.7482568025588989,0.53125,NO,,,
0.02109704641350211,20,0.7482568025588989,0.53125,NO,,,
0.02109704641350211,20,0.7482568025588989,0.53125,NO,,,
0.02109704641350211,20,0.7482568025588989,0.53125,NO,,,
0.02109704641350211,20,0.7482568025588989,0.53125,NO,,,
0.02109704641350211,20,0.7482568025588989,0.53125,NO,,,
0.02109704641350211,20,0.7482568025588989,0.53125,NO,,,
0.02109704641350211,20,0.7482568025588989,0.53125,NO,,,
0.03164556962025317,30,0.6060121655464172,0.6875,NO,,,
0.03164556962025317,30,0.6060121655464172,0.6875,NO,,,
0.03164556962025317,30,0.6060121655464172,0.6875,NO,,,
0.03164556962025317,30,0.6060121655464172,0.6875,NO,,,
0.03164556962025317,30,0.6060121655464172,0.6875,NO,,,
0.03164556962025317,30,0.6060121655464172,0.6875,NO,,,
0.03164556962025317,30,0.6060121655464172,0.6875,NO,,,
0.03164556962025317,30,0.6060121655464172,0.6875,NO,,,
0.03164556962025317,30,0.6060121655464172,0.6875,NO,,,
0.03164556962025317,30,0.6060121655464172,0.6875,NO,,,
0.04219409282700422,40,0.6604563593864441,0.609375,NO,,,
0.04219409282700422,40,0.6604563593864441,0.609375,NO,,,
0.04219409282700422,40,0.6604563593864441,0.609375,NO,,,
0.04219409282700422,40,0.6604563593864441,0.609375,NO,,,
0.04219409282700422,40,0.6604563593864441,0.609375,NO,,,
0.04219409282700422,40,0.6604563593864441,0.609375,NO,,,
0.04219409282700422,40,0.6604563593864441,0.609375,NO,,,
0.04219409282700422,40,0.6604563593864441,0.609375,NO,,,
0.04219409282700422,40,0.6604563593864441,0.609375,NO,,,
0.04219409282700422,40,0.6604563593864441,0.609375,NO,,,
0.052742616033755275,50,0.7555718421936035,0.515625,NO,,,
0.052742616033755275,50,0.7555718421936035,0.515625,NO,,,
0.052742616033755275,50,0.7555718421936035,0.515625,NO,,,
0.052742616033755275,50,0.7555718421936035,0.515625,NO,,,
0.052742616033755275,50,0.7555718421936035,0.515625,NO,,,
0.052742616033755275,50,0.7555718421936035,0.515625,NO,,,
0.052742616033755275,50,0.7555718421936035,0.515625,NO,,,
0.052742616033755275,50,0.7555718421936035,0.515625,NO,,,
0.052742616033755275,50,0.7555718421936035,0.515625,NO,,,
0.052742616033755275,50,0.7555718421936035,0.515625,NO,,,
0.06329113924050633,60,0.827363133430481,0.4375,NO,,,
0.06329113924050633,60,0.827363133430481,0.4375,NO,,,
0.06329113924050633,60,0.827363133430481,0.4375,NO,,,
0.06329113924050633,60,0.827363133430481,0.4375,NO,,,
0.06329113924050633,60,0.827363133430481,0.4375,NO,,,
0.06329113924050633,60,0.827363133430481,0.4375,NO,,,
0.06329113924050633,60,0.827363133430481,0.4375,NO,,,
0.06329113924050633,60,0.827363133430481,0.4375,NO,,,
0.06329113924050633,60,0.827363133430481,0.4375,NO,,,
0.06329113924050633,60,0.827363133430481,0.4375,NO,,,
0.07383966244725738,70,0.7155408263206482,0.5625,NO,,,
0.07383966244725738,70,0.7155408263206482,0.5625,NO,,,
0.07383966244725738,70,0.7155408263206482,0.5625,NO,,,
0.07383966244725738,70,0.7155408263206482,0.5625,NO,,,
0.07383966244725738,70,0.7155408263206482,0.5625,NO,,,
0.07383966244725738,70,0.7155408263206482,0.5625,NO,,,
0.07383966244725738,70,0.7155408263206482,0.5625,NO,,,
0.07383966244725738,70,0.7155408263206482,0.5625,NO,,,
0.07383966244725738,70,0.7155408263206482,0.5625,NO,,,
0.07383966244725738,70,0.7155408263206482,0.5625,NO,,,
0.08438818565400844,80,0.7252401113510132,0.5625,NO,,,
0.08438818565400844,80,0.7252401113510132,0.5625,NO,,,
0.08438818565400844,80,0.7252401113510132,0.5625,NO,,,
0.08438818565400844,80,0.7252401113510132,0.5625,NO,,,
0.08438818565400844,80,0.7252401113510132,0.5625,NO,,,
0.08438818565400844,80,0.7252401113510132,0.5625,NO,,,
0.08438818565400844,80,0.7252401113510132,0.5625,NO,,,
0.08438818565400844,80,0.7252401113510132,0.5625,NO,,,
0.08438818565400844,80,0.7252401113510132,0.5625,NO,,,
0.08438818565400844,80,0.7252401113510132,0.5625,NO,,,
0.0949367088607595,90,0.791563868522644,0.484375,NO,,,
0.0949367088607595,90,0.791563868522644,0.484375,NO,,,
0.0949367088607595,90,0.791563868522644,0.484375,NO,,,
0.0949367088607595,90,0.791563868522644,0.484375,NO,,,
0.0949367088607595,90,0.791563868522644,0.484375,NO,,,
0.0949367088607595,90,0.791563868522644,0.484375,NO,,,
0.0949367088607595,90,0.791563868522644,0.484375,NO,,,
0.0949367088607595,90,0.791563868522644,0.484375,NO,,,
0.0949367088607595,90,0.791563868522644,0.484375,NO,,,
0.0949367088607595,90,0.791563868522644,0.484375,NO,,,
0.10548523206751055,100,0.6357147097587585,0.640625,NO,,,
0.10548523206751055,100,0.6357147097587585,0.640625,NO,,,
0.10548523206751055,100,0.6357147097587585,0.640625,NO,,,
0.10548523206751055,100,0.6357147097587585,0.640625,NO,,,
0.10548523206751055,100,0.6357147097587585,0.640625,NO,,,
0.10548523206751055,100,0.6357147097587585,0.640625,NO,,,
0.10548523206751055,100,0.6357147097587585,0.640625,NO,,,
0.10548523206751055,100,0.6357147097587585,0.640625,NO,,,
0.10548523206751055,100,0.6357147097587585,0.640625,NO,,,
0.10548523206751055,100,0.6357147097587585,0.640625,NO,,,
0.1160337552742616,110,0.7559913396835327,0.5,NO,,,
0.1160337552742616,110,0.7559913396835327,0.5,NO,,,
0.1160337552742616,110,0.7559913396835327,0.5,NO,,,
0.1160337552742616,110,0.7559913396835327,0.5,NO,,,
0.1160337552742616,110,0.7559913396835327,0.5,NO,,,
0.1160337552742616,110,0.7559913396835327,0.5,NO,,,
0.1160337552742616,110,0.7559913396835327,0.5,NO,,,
0.1160337552742616,110,0.7559913396835327,0.5,NO,,,
0.1160337552742616,110,0.7559913396835327,0.5,NO,,,
0.1160337552742616,110,0.7559913396835327,0.5,NO,,,
0.12658227848101267,120,0.6271399855613708,0.65625,NO,,,
0.12658227848101267,120,0.6271399855613708,0.65625,NO,,,
0.12658227848101267,120,0.6271399855613708,0.65625,NO,,,
0.12658227848101267,120,0.6271399855613708,0.65625,NO,,,
0.12658227848101267,120,0.6271399855613708,0.65625,NO,,,
0.12658227848101267,120,0.6271399855613708,0.65625,NO,,,
0.12658227848101267,120,0.6271399855613708,0.65625,NO,,,
0.12658227848101267,120,0.6271399855613708,0.65625,NO,,,
0.12658227848101267,120,0.6271399855613708,0.65625,NO,,,
0.12658227848101267,120,0.6271399855613708,0.65625,NO,,,
0.1371308016877637,130,0.7055688500404358,0.5625,NO,,,
0.1371308016877637,130,0.7055688500404358,0.5625,NO,,,
0.1371308016877637,130,0.7055688500404358,0.5625,NO,,,
0.1371308016877637,130,0.7055688500404358,0.5625,NO,,,
0.1371308016877637,130,0.7055688500404358,0.5625,NO,,,
0.1371308016877637,130,0.7055688500404358,0.5625,NO,,,
0.1371308016877637,130,0.7055688500404358,0.5625,NO,,,
0.1371308016877637,130,0.7055688500404358,0.5625,NO,,,
0.1371308016877637,130,0.7055688500404358,0.5625,NO,,,
0.1371308016877637,130,0.7055688500404358,0.5625,NO,,,
0.14767932489451477,140,0.7550286054611206,0.5,NO,,,
0.14767932489451477,140,0.7550286054611206,0.5,NO,,,
0.14767932489451477,140,0.7550286054611206,0.5,NO,,,
0.14767932489451477,140,0.7550286054611206,0.5,NO,,,
0.14767932489451477,140,0.7550286054611206,0.5,NO,,,
0.14767932489451477,140,0.7550286054611206,0.5,NO,,,
0.14767932489451477,140,0.7550286054611206,0.5,NO,,,
0.14767932489451477,140,0.7550286054611206,0.5,NO,,,
0.14767932489451477,140,0.7550286054611206,0.5,NO,,,
0.14767932489451477,140,0.7550286054611206,0.5,NO,,,
0.15822784810126583,150,0.6928346157073975,0.59375,NO,,,
0.15822784810126583,150,0.6928346157073975,0.59375,NO,,,
0.15822784810126583,150,0.6928346157073975,0.59375,NO,,,
0.15822784810126583,150,0.6928346157073975,0.59375,NO,,,
0.15822784810126583,150,0.6928346157073975,0.59375,NO,,,
0.15822784810126583,150,0.6928346157073975,0.59375,NO,,,
0.15822784810126583,150,0.6928346157073975,0.59375,NO,,,
0.15822784810126583,150,0.6928346157073975,0.59375,NO,,,
0.15822784810126583,150,0.6928346157073975,0.59375,NO,,,
0.15822784810126583,150,0.6928346157073975,0.59375,NO,,,
0.16877637130801687,160,0.7718063592910767,0.46875,NO,,,
0.16877637130801687,160,0.7718063592910767,0.46875,NO,,,
0.16877637130801687,160,0.7718063592910767,0.46875,NO,,,
0.16877637130801687,160,0.7718063592910767,0.46875,NO,,,
0.16877637130801687,160,0.7718063592910767,0.46875,NO,,,
0.16877637130801687,160,0.7718063592910767,0.46875,NO,,,
0.16877637130801687,160,0.7718063592910767,0.46875,NO,,,
0.16877637130801687,160,0.7718063592910767,0.46875,NO,,,
0.16877637130801687,160,0.7718063592910767,0.46875,NO,,,
0.16877637130801687,160,0.7718063592910767,0.46875,NO,,,
0.17932489451476794,170,0.7265803813934326,0.515625,NO,,,
0.17932489451476794,170,0.7265803813934326,0.515625,NO,,,
0.17932489451476794,170,0.7265803813934326,0.515625,NO,,,
0.17932489451476794,170,0.7265803813934326,0.515625,NO,,,
0.17932489451476794,170,0.7265803813934326,0.515625,NO,,,
0.17932489451476794,170,0.7265803813934326,0.515625,NO,,,
0.17932489451476794,170,0.7265803813934326,0.515625,NO,,,
0.17932489451476794,170,0.7265803813934326,0.515625,NO,,,
0.17932489451476794,170,0.7265803813934326,0.515625,NO,,,
0.17932489451476794,170,0.7265803813934326,0.515625,NO,,,
0.189873417721519,180,0.7481249570846558,0.5,NO,,,
0.189873417721519,180,0.7481249570846558,0.5,NO,,,
0.189873417721519,180,0.7481249570846558,0.5,NO,,,
0.189873417721519,180,0.7481249570846558,0.5,NO,,,
0.189873417721519,180,0.7481249570846558,0.5,NO,,,
0.189873417721519,180,0.7481249570846558,0.5,NO,,,
0.189873417721519,180,0.7481249570846558,0.5,NO,,,
0.189873417721519,180,0.7481249570846558,0.5,NO,,,
0.189873417721519,180,0.7481249570846558,0.5,NO,,,
0.189873417721519,180,0.7481249570846558,0.5,NO,,,
0.20042194092827004,190,0.6738373041152954,0.625,NO,,,
0.20042194092827004,190,0.6738373041152954,0.625,NO,,,
0.20042194092827004,190,0.6738373041152954,0.625,NO,,,
0.20042194092827004,190,0.6738373041152954,0.625,NO,,,
0.20042194092827004,190,0.6738373041152954,0.625,NO,,,
0.20042194092827004,190,0.6738373041152954,0.625,NO,,,
0.20042194092827004,190,0.6738373041152954,0.625,NO,,,
0.20042194092827004,190,0.6738373041152954,0.625,NO,,,
0.20042194092827004,190,0.6738373041152954,0.625,NO,,,
0.20042194092827004,190,0.6738373041152954,0.625,NO,,,
0.2109704641350211,200,0.7114802598953247,0.53125,NO,,,
0.2109704641350211,200,0.7114802598953247,0.53125,NO,,,
0.2109704641350211,200,0.7114802598953247,0.53125,NO,,,
0.2109704641350211,200,0.7114802598953247,0.53125,NO,,,
0.2109704641350211,200,0.7114802598953247,0.53125,NO,,,
0.2109704641350211,200,0.7114802598953247,0.53125,NO,,,
0.2109704641350211,200,0.7114802598953247,0.53125,NO,,,
0.2109704641350211,200,0.7114802598953247,0.53125,NO,,,
0.2109704641350211,200,0.7114802598953247,0.53125,NO,,,
0.2109704641350211,200,0.7114802598953247,0.53125,NO,,,
0.22151898734177214,210,0.8174071311950684,0.390625,NO,,,
0.22151898734177214,210,0.8174071311950684,0.390625,NO,,,
0.22151898734177214,210,0.8174071311950684,0.390625,NO,,,
0.22151898734177214,210,0.8174071311950684,0.390625,NO,,,
0.22151898734177214,210,0.8174071311950684,0.390625,NO,,,
0.22151898734177214,210,0.8174071311950684,0.390625,NO,,,
0.22151898734177214,210,0.8174071311950684,0.390625,NO,,,
0.22151898734177214,210,0.8174071311950684,0.390625,NO,,,
0.22151898734177214,210,0.8174071311950684,0.390625,NO,,,
0.22151898734177214,210,0.8174071311950684,0.390625,NO,,,
0.2320675105485232,220,0.8163231015205383,0.40625,NO,,,
0.2320675105485232,220,0.8163231015205383,0.40625,NO,,,
0.2320675105485232,220,0.8163231015205383,0.40625,NO,,,
0.2320675105485232,220,0.8163231015205383,0.40625,NO,,,
0.2320675105485232,220,0.8163231015205383,0.40625,NO,,,
0.2320675105485232,220,0.8163231015205383,0.40625,NO,,,
0.2320675105485232,220,0.8163231015205383,0.40625,NO,,,
0.2320675105485232,220,0.8163231015205383,0.40625,NO,,,
0.2320675105485232,220,0.8163231015205383,0.40625,NO,,,
0.2320675105485232,220,0.8163231015205383,0.40625,NO,,,
0.24261603375527427,230,0.8043653964996338,0.421875,NO,,,
0.24261603375527427,230,0.8043653964996338,0.421875,NO,,,
0.24261603375527427,230,0.8043653964996338,0.421875,NO,,,
0.24261603375527427,230,0.8043653964996338,0.421875,NO,,,
0.24261603375527427,230,0.8043653964996338,0.421875,NO,,,
0.24261603375527427,230,0.8043653964996338,0.421875,NO,,,
0.24261603375527427,230,0.8043653964996338,0.421875,NO,,,
0.24261603375527427,230,0.8043653964996338,0.421875,NO,,,
0.24261603375527427,230,0.8043653964996338,0.421875,NO,,,
0.24261603375527427,230,0.8043653964996338,0.421875,NO,,,
0.25316455696202533,240,0.80613774061203,0.4375,NO,,,
0.25316455696202533,240,0.80613774061203,0.4375,NO,,,
0.25316455696202533,240,0.80613774061203,0.4375,NO,,,
0.25316455696202533,240,0.80613774061203,0.4375,NO,,,
0.25316455696202533,240,0.80613774061203,0.4375,NO,,,
0.25316455696202533,240,0.80613774061203,0.4375,NO,,,
0.25316455696202533,240,0.80613774061203,0.4375,NO,,,
0.25316455696202533,240,0.80613774061203,0.4375,NO,,,
0.25316455696202533,240,0.80613774061203,0.4375,NO,,,
0.25316455696202533,240,0.80613774061203,0.4375,NO,,,
0.26371308016877637,250,0.8033671975135803,0.4375,NO,,,
0.26371308016877637,250,0.8033671975135803,0.4375,NO,,,
0.26371308016877637,250,0.8033671975135803,0.4375,NO,,,
0.26371308016877637,250,0.8033671975135803,0.4375,NO,,,
0.26371308016877637,250,0.8033671975135803,0.4375,NO,,,
0.26371308016877637,250,0.8033671975135803,0.4375,NO,,,
0.26371308016877637,250,0.8033671975135803,0.4375,NO,,,
0.26371308016877637,250,0.8033671975135803,0.4375,NO,,,
0.26371308016877637,250,0.8033671975135803,0.4375,NO,,,
0.26371308016877637,250,0.8033671975135803,0.4375,NO,,,
0.2742616033755274,260,0.7701430916786194,0.484375,NO,,,
0.2742616033755274,260,0.7701430916786194,0.484375,NO,,,
0.2742616033755274,260,0.7701430916786194,0.484375,NO,,,
0.2742616033755274,260,0.7701430916786194,0.484375,NO,,,
0.2742616033755274,260,0.7701430916786194,0.484375,NO,,,
0.2742616033755274,260,0.7701430916786194,0.484375,NO,,,
0.2742616033755274,260,0.7701430916786194,0.484375,NO,,,
0.2742616033755274,260,0.7701430916786194,0.484375,NO,,,
0.2742616033755274,260,0.7701430916786194,0.484375,NO,,,
0.2742616033755274,260,0.7701430916786194,0.484375,NO,,,
0.2848101265822785,270,0.8030946850776672,0.390625,NO,,,
0.2848101265822785,270,0.8030946850776672,0.390625,NO,,,
0.2848101265822785,270,0.8030946850776672,0.390625,NO,,,
0.2848101265822785,270,0.8030946850776672,0.390625,NO,,,
0.2848101265822785,270,0.8030946850776672,0.390625,NO,,,
0.2848101265822785,270,0.8030946850776672,0.390625,NO,,,
0.2848101265822785,270,0.8030946850776672,0.390625,NO,,,
0.2848101265822785,270,0.8030946850776672,0.390625,NO,,,
0.2848101265822785,270,0.8030946850776672,0.390625,NO,,,
0.2848101265822785,270,0.8030946850776672,0.390625,NO,,,
0.29535864978902954,280,0.7616062164306641,0.46875,NO,,,
0.29535864978902954,280,0.7616062164306641,0.46875,NO,,,
0.29535864978902954,280,0.7616062164306641,0.46875,NO,,,
0.29535864978902954,280,0.7616062164306641,0.46875,NO,,,
0.29535864978902954,280,0.7616062164306641,0.46875,NO,,,
0.29535864978902954,280,0.7616062164306641,0.46875,NO,,,
0.29535864978902954,280,0.7616062164306641,0.46875,NO,,,
0.29535864978902954,280,0.7616062164306641,0.46875,NO,,,
0.29535864978902954,280,0.7616062164306641,0.46875,NO,,,
0.29535864978902954,280,0.7616062164306641,0.46875,NO,,,
0.3059071729957806,290,0.7493711709976196,0.46875,NO,,,
0.3059071729957806,290,0.7493711709976196,0.46875,NO,,,
0.3059071729957806,290,0.7493711709976196,0.46875,NO,,,
0.3059071729957806,290,0.7493711709976196,0.46875,NO,,,
0.3059071729957806,290,0.7493711709976196,0.46875,NO,,,
0.3059071729957806,290,0.7493711709976196,0.46875,NO,,,
0.3059071729957806,290,0.7493711709976196,0.46875,NO,,,
0.3059071729957806,290,0.7493711709976196,0.46875,NO,,,
0.3059071729957806,290,0.7493711709976196,0.46875,NO,,,
0.3059071729957806,290,0.7493711709976196,0.46875,NO,,,
0.31645569620253167,300,0.7408839464187622,0.421875,NO,,,
0.31645569620253167,300,0.7408839464187622,0.421875,NO,,,
0.31645569620253167,300,0.7408839464187622,0.421875,NO,,,
0.31645569620253167,300,0.7408839464187622,0.421875,NO,,,
0.31645569620253167,300,0.7408839464187622,0.421875,NO,,,
0.31645569620253167,300,0.7408839464187622,0.421875,NO,,,
0.31645569620253167,300,0.7408839464187622,0.421875,NO,,,
0.31645569620253167,300,0.7408839464187622,0.421875,NO,,,
0.31645569620253167,300,0.7408839464187622,0.421875,NO,,,
0.31645569620253167,300,0.7408839464187622,0.421875,NO,,,
0.3270042194092827,310,0.7561740279197693,0.40625,NO,,,
0.3270042194092827,310,0.7561740279197693,0.40625,NO,,,
0.3270042194092827,310,0.7561740279197693,0.40625,NO,,,
0.3270042194092827,310,0.7561740279197693,0.40625,NO,,,
0.3270042194092827,310,0.7561740279197693,0.40625,NO,,,
0.3270042194092827,310,0.7561740279197693,0.40625,NO,,,
0.3270042194092827,310,0.7561740279197693,0.40625,NO,,,
0.3270042194092827,310,0.7561740279197693,0.40625,NO,,,
0.3270042194092827,310,0.7561740279197693,0.40625,NO,,,
0.3270042194092827,310,0.7561740279197693,0.40625,NO,,,
0.33755274261603374,320,0.7207136750221252,0.484375,NO,,,
0.33755274261603374,320,0.7207136750221252,0.484375,NO,,,
0.33755274261603374,320,0.7207136750221252,0.484375,NO,,,
0.33755274261603374,320,0.7207136750221252,0.484375,NO,,,
0.33755274261603374,320,0.7207136750221252,0.484375,NO,,,
0.33755274261603374,320,0.7207136750221252,0.484375,NO,,,
0.33755274261603374,320,0.7207136750221252,0.484375,NO,,,
0.33755274261603374,320,0.7207136750221252,0.484375,NO,,,
0.33755274261603374,320,0.7207136750221252,0.484375,NO,,,
0.33755274261603374,320,0.7207136750221252,0.484375,NO,,,
0.34810126582278483,330,0.7586209774017334,0.453125,NO,,,
0.34810126582278483,330,0.7586209774017334,0.453125,NO,,,
0.34810126582278483,330,0.7586209774017334,0.453125,NO,,,
0.34810126582278483,330,0.7586209774017334,0.453125,NO,,,
0.34810126582278483,330,0.7586209774017334,0.453125,NO,,,
0.34810126582278483,330,0.7586209774017334,0.453125,NO,,,
0.34810126582278483,330,0.7586209774017334,0.453125,NO,,,
0.34810126582278483,330,0.7586209774017334,0.453125,NO,,,
0.34810126582278483,330,0.7586209774017334,0.453125,NO,,,
0.34810126582278483,330,0.7586209774017334,0.453125,NO,,,
0.35864978902953587,340,0.7727484107017517,0.4375,NO,,,
0.35864978902953587,340,0.7727484107017517,0.4375,NO,,,
0.35864978902953587,340,0.7727484107017517,0.4375,NO,,,
0.35864978902953587,340,0.7727484107017517,0.4375,NO,,,
0.35864978902953587,340,0.7727484107017517,0.4375,NO,,,
0.35864978902953587,340,0.7727484107017517,0.4375,NO,,,
0.35864978902953587,340,0.7727484107017517,0.4375,NO,,,
0.35864978902953587,340,0.7727484107017517,0.4375,NO,,,
0.35864978902953587,340,0.7727484107017517,0.4375,NO,,,
0.35864978902953587,340,0.7727484107017517,0.4375,NO,,,
0.3691983122362869,350,0.7713902592658997,0.375,NO,,,
0.3691983122362869,350,0.7713902592658997,0.375,NO,,,
0.3691983122362869,350,0.7713902592658997,0.375,NO,,,
0.3691983122362869,350,0.7713902592658997,0.375,NO,,,
0.3691983122362869,350,0.7713902592658997,0.375,NO,,,
0.3691983122362869,350,0.7713902592658997,0.375,NO,,,
0.3691983122362869,350,0.7713902592658997,0.375,NO,,,
0.3691983122362869,350,0.7713902592658997,0.375,NO,,,
0.3691983122362869,350,0.7713902592658997,0.375,NO,,,
0.3691983122362869,350,0.7713902592658997,0.375,NO,,,
0.379746835443038,360,0.6917445659637451,0.53125,NO,,,
0.379746835443038,360,0.6917445659637451,0.53125,NO,,,
0.379746835443038,360,0.6917445659637451,0.53125,NO,,,
0.379746835443038,360,0.6917445659637451,0.53125,NO,,,
0.379746835443038,360,0.6917445659637451,0.53125,NO,,,
0.379746835443038,360,0.6917445659637451,0.53125,NO,,,
0.379746835443038,360,0.6917445659637451,0.53125,NO,,,
0.379746835443038,360,0.6917445659637451,0.53125,NO,,,
0.379746835443038,360,0.6917445659637451,0.53125,NO,,,
0.379746835443038,360,0.6917445659637451,0.53125,NO,,,
0.39029535864978904,370,0.7103934288024902,0.46875,NO,,,
0.39029535864978904,370,0.7103934288024902,0.46875,NO,,,
0.39029535864978904,370,0.7103934288024902,0.46875,NO,,,
0.39029535864978904,370,0.7103934288024902,0.46875,NO,,,
0.39029535864978904,370,0.7103934288024902,0.46875,NO,,,
0.39029535864978904,370,0.7103934288024902,0.46875,NO,,,
0.39029535864978904,370,0.7103934288024902,0.46875,NO,,,
0.39029535864978904,370,0.7103934288024902,0.46875,NO,,,
0.39029535864978904,370,0.7103934288024902,0.46875,NO,,,
0.39029535864978904,370,0.7103934288024902,0.46875,NO,,,
0.4008438818565401,380,0.694301426410675,0.53125,NO,,,
0.4008438818565401,380,0.694301426410675,0.53125,NO,,,
0.4008438818565401,380,0.694301426410675,0.53125,NO,,,
0.4008438818565401,380,0.694301426410675,0.53125,NO,,,
0.4008438818565401,380,0.694301426410675,0.53125,NO,,,
0.4008438818565401,380,0.694301426410675,0.53125,NO,,,
0.4008438818565401,380,0.694301426410675,0.53125,NO,,,
0.4008438818565401,380,0.694301426410675,0.53125,NO,,,
0.4008438818565401,380,0.694301426410675,0.53125,NO,,,
0.4008438818565401,380,0.694301426410675,0.53125,NO,,,
0.41139240506329117,390,0.7314280271530151,0.4375,NO,,,
0.41139240506329117,390,0.7314280271530151,0.4375,NO,,,
0.41139240506329117,390,0.7314280271530151,0.4375,NO,,,
0.41139240506329117,390,0.7314280271530151,0.4375,NO,,,
0.41139240506329117,390,0.7314280271530151,0.4375,NO,,,
0.41139240506329117,390,0.7314280271530151,0.4375,NO,,,
0.41139240506329117,390,0.7314280271530151,0.4375,NO,,,
0.41139240506329117,390,0.7314280271530151,0.4375,NO,,,
0.41139240506329117,390,0.7314280271530151,0.4375,NO,,,
0.41139240506329117,390,0.7314280271530151,0.4375,NO,,,
0.4219409282700422,400,0.7043492794036865,0.453125,NO,,,
0.4219409282700422,400,0.7043492794036865,0.453125,NO,,,
0.4219409282700422,400,0.7043492794036865,0.453125,NO,,,
0.4219409282700422,400,0.7043492794036865,0.453125,NO,,,
0.4219409282700422,400,0.7043492794036865,0.453125,NO,,,
0.4219409282700422,400,0.7043492794036865,0.453125,NO,,,
0.4219409282700422,400,0.7043492794036865,0.453125,NO,,,
0.4219409282700422,400,0.7043492794036865,0.453125,NO,,,
0.4219409282700422,400,0.7043492794036865,0.453125,NO,,,
0.4219409282700422,400,0.7043492794036865,0.453125,NO,,,
0.43248945147679324,410,0.6995978355407715,0.46875,NO,,,
0.43248945147679324,410,0.6995978355407715,0.46875,NO,,,
0.43248945147679324,410,0.6995978355407715,0.46875,NO,,,
0.43248945147679324,410,0.6995978355407715,0.46875,NO,,,
0.43248945147679324,410,0.6995978355407715,0.46875,NO,,,
0.43248945147679324,410,0.6995978355407715,0.46875,NO,,,
0.43248945147679324,410,0.6995978355407715,0.46875,NO,,,
0.43248945147679324,410,0.6995978355407715,0.46875,NO,,,
0.43248945147679324,410,0.6995978355407715,0.46875,NO,,,
0.43248945147679324,410,0.6995978355407715,0.46875,NO,,,
0.4430379746835443,420,0.7007399797439575,0.484375,NO,,,
0.4430379746835443,420,0.7007399797439575,0.484375,NO,,,
0.4430379746835443,420,0.7007399797439575,0.484375,NO,,,
0.4430379746835443,420,0.7007399797439575,0.484375,NO,,,
0.4430379746835443,420,0.7007399797439575,0.484375,NO,,,
0.4430379746835443,420,0.7007399797439575,0.484375,NO,,,
0.4430379746835443,420,0.7007399797439575,0.484375,NO,,,
0.4430379746835443,420,0.7007399797439575,0.484375,NO,,,
0.4430379746835443,420,0.7007399797439575,0.484375,NO,,,
0.4430379746835443,420,0.7007399797439575,0.484375,NO,,,
0.45358649789029537,430,0.696685791015625,0.46875,NO,,,
0.45358649789029537,430,0.696685791015625,0.46875,NO,,,
0.45358649789029537,430,0.696685791015625,0.46875,NO,,,
0.45358649789029537,430,0.696685791015625,0.46875,NO,,,
0.45358649789029537,430,0.696685791015625,0.46875,NO,,,
0.45358649789029537,430,0.696685791015625,0.46875,NO,,,
0.45358649789029537,430,0.696685791015625,0.46875,NO,,,
0.45358649789029537,430,0.696685791015625,0.46875,NO,,,
0.45358649789029537,430,0.696685791015625,0.46875,NO,,,
0.45358649789029537,430,0.696685791015625,0.46875,NO,,,
0.4641350210970464,440,0.7483896017074585,0.34375,NO,,,
0.4641350210970464,440,0.7483896017074585,0.34375,NO,,,
0.4641350210970464,440,0.7483896017074585,0.34375,NO,,,
0.4641350210970464,440,0.7483896017074585,0.34375,NO,,,
0.4641350210970464,440,0.7483896017074585,0.34375,NO,,,
0.4641350210970464,440,0.7483896017074585,0.34375,NO,,,
0.4641350210970464,440,0.7483896017074585,0.34375,NO,,,
0.4641350210970464,440,0.7483896017074585,0.34375,NO,,,
0.4641350210970464,440,0.7483896017074585,0.34375,NO,,,
0.4641350210970464,440,0.7483896017074585,0.34375,NO,,,
0.47468354430379744,450,0.6871044635772705,0.5625,NO,,,
0.47468354430379744,450,0.6871044635772705,0.5625,NO,,,
0.47468354430379744,450,0.6871044635772705,0.5625,NO,,,
0.47468354430379744,450,0.6871044635772705,0.5625,NO,,,
0.47468354430379744,450,0.6871044635772705,0.5625,NO,,,
0.47468354430379744,450,0.6871044635772705,0.5625,NO,,,
0.47468354430379744,450,0.6871044635772705,0.5625,NO,,,
0.47468354430379744,450,0.6871044635772705,0.5625,NO,,,
0.47468354430379744,450,0.6871044635772705,0.5625,NO,,,
0.47468354430379744,450,0.6871044635772705,0.5625,NO,,,
0.48523206751054854,460,0.7020663619041443,0.515625,NO,,,
0.48523206751054854,460,0.7020663619041443,0.515625,NO,,,
0.48523206751054854,460,0.7020663619041443,0.515625,NO,,,
0.48523206751054854,460,0.7020663619041443,0.515625,NO,,,
0.48523206751054854,460,0.7020663619041443,0.515625,NO,,,
0.48523206751054854,460,0.7020663619041443,0.515625,NO,,,
0.48523206751054854,460,0.7020663619041443,0.515625,NO,,,
0.48523206751054854,460,0.7020663619041443,0.515625,NO,,,
0.48523206751054854,460,0.7020663619041443,0.515625,NO,,,
0.48523206751054854,460,0.7020663619041443,0.515625,NO,,,
0.4957805907172996,470,0.6875653862953186,0.53125,NO,,,
0.4957805907172996,470,0.6875653862953186,0.53125,NO,,,
0.4957805907172996,470,0.6875653862953186,0.53125,NO,,,
0.4957805907172996,470,0.6875653862953186,0.53125,NO,,,
0.4957805907172996,470,0.6875653862953186,0.53125,NO,,,
0.4957805907172996,470,0.6875653862953186,0.53125,NO,,,
0.4957805907172996,470,0.6875653862953186,0.53125,NO,,,
0.4957805907172996,470,0.6875653862953186,0.53125,NO,,,
0.4957805907172996,470,0.6875653862953186,0.53125,NO,,,
0.4957805907172996,470,0.6875653862953186,0.53125,NO,,,
0.5063291139240507,480,0.6966355443000793,0.53125,NO,,,
0.5063291139240507,480,0.6966355443000793,0.53125,NO,,,
0.5063291139240507,480,0.6966355443000793,0.53125,NO,,,
0.5063291139240507,480,0.6966355443000793,0.53125,NO,,,
0.5063291139240507,480,0.6966355443000793,0.53125,NO,,,
0.5063291139240507,480,0.6966355443000793,0.53125,NO,,,
0.5063291139240507,480,0.6966355443000793,0.53125,NO,,,
0.5063291139240507,480,0.6966355443000793,0.53125,NO,,,
0.5063291139240507,480,0.6966355443000793,0.53125,NO,,,
0.5063291139240507,480,0.6966355443000793,0.53125,NO,,,
0.5168776371308017,490,0.6788602471351624,0.578125,NO,,,
0.5168776371308017,490,0.6788602471351624,0.578125,NO,,,
0.5168776371308017,490,0.6788602471351624,0.578125,NO,,,
0.5168776371308017,490,0.6788602471351624,0.578125,NO,,,
0.5168776371308017,490,0.6788602471351624,0.578125,NO,,,
0.5168776371308017,490,0.6788602471351624,0.578125,NO,,,
0.5168776371308017,490,0.6788602471351624,0.578125,NO,,,
0.5168776371308017,490,0.6788602471351624,0.578125,NO,,,
0.5168776371308017,490,0.6788602471351624,0.578125,NO,,,
0.5168776371308017,490,0.6788602471351624,0.578125,NO,,,
0.5274261603375527,500,0.7107074856758118,0.4375,NO,,,
0.5274261603375527,500,0.7107074856758118,0.4375,NO,,,
0.5274261603375527,500,0.7107074856758118,0.4375,NO,,,
0.5274261603375527,500,0.7107074856758118,0.4375,NO,,,
0.5274261603375527,500,0.7107074856758118,0.4375,NO,,,
0.5274261603375527,500,0.7107074856758118,0.4375,NO,,,
0.5274261603375527,500,0.7107074856758118,0.4375,NO,,,
0.5274261603375527,500,0.7107074856758118,0.4375,NO,,,
0.5274261603375527,500,0.7107074856758118,0.4375,NO,,,
0.5274261603375527,500,0.7107074856758118,0.4375,NO,,,
0.5379746835443038,510,0.6642886400222778,0.578125,NO,,,
0.5379746835443038,510,0.6642886400222778,0.578125,NO,,,
0.5379746835443038,510,0.6642886400222778,0.578125,NO,,,
0.5379746835443038,510,0.6642886400222778,0.578125,NO,,,
0.5379746835443038,510,0.6642886400222778,0.578125,NO,,,
0.5379746835443038,510,0.6642886400222778,0.578125,NO,,,
0.5379746835443038,510,0.6642886400222778,0.578125,NO,,,
0.5379746835443038,510,0.6642886400222778,0.578125,NO,,,
0.5379746835443038,510,0.6642886400222778,0.578125,NO,,,
0.5379746835443038,510,0.6642886400222778,0.578125,NO,,,
0.5485232067510548,520,0.7123047113418579,0.40625,NO,,,
0.5485232067510548,520,0.7123047113418579,0.40625,NO,,,
0.5485232067510548,520,0.7123047113418579,0.40625,NO,,,
0.5485232067510548,520,0.7123047113418579,0.40625,NO,,,
0.5485232067510548,520,0.7123047113418579,0.40625,NO,,,
0.5485232067510548,520,0.7123047113418579,0.40625,NO,,,
0.5485232067510548,520,0.7123047113418579,0.40625,NO,,,
0.5485232067510548,520,0.7123047113418579,0.40625,NO,,,
0.5485232067510548,520,0.7123047113418579,0.40625,NO,,,
0.5485232067510548,520,0.7123047113418579,0.40625,NO,,,
0.5590717299578059,530,0.7172095775604248,0.46875,NO,,,
0.5590717299578059,530,0.7172095775604248,0.46875,NO,,,
0.5590717299578059,530,0.7172095775604248,0.46875,NO,,,
0.5590717299578059,530,0.7172095775604248,0.46875,NO,,,
0.5590717299578059,530,0.7172095775604248,0.46875,NO,,,
0.5590717299578059,530,0.7172095775604248,0.46875,NO,,,
0.5590717299578059,530,0.7172095775604248,0.46875,NO,,,
0.5590717299578059,530,0.7172095775604248,0.46875,NO,,,
0.5590717299578059,530,0.7172095775604248,0.46875,NO,,,
0.5590717299578059,530,0.7172095775604248,0.46875,NO,,,
0.569620253164557,540,0.6876369118690491,0.53125,NO,,,
0.569620253164557,540,0.6876369118690491,0.53125,NO,,,
0.569620253164557,540,0.6876369118690491,0.53125,NO,,,
0.569620253164557,540,0.6876369118690491,0.53125,NO,,,
0.569620253164557,540,0.6876369118690491,0.53125,NO,,,
0.569620253164557,540,0.6876369118690491,0.53125,NO,,,
0.569620253164557,540,0.6876369118690491,0.53125,NO,,,
0.569620253164557,540,0.6876369118690491,0.53125,NO,,,
0.569620253164557,540,0.6876369118690491,0.53125,NO,,,
0.569620253164557,540,0.6876369118690491,0.53125,NO,,,
0.580168776371308,550,0.7270869612693787,0.390625,NO,,,
0.580168776371308,550,0.7270869612693787,0.390625,NO,,,
0.580168776371308,550,0.7270869612693787,0.390625,NO,,,
0.580168776371308,550,0.7270869612693787,0.390625,NO,,,
0.580168776371308,550,0.7270869612693787,0.390625,NO,,,
0.580168776371308,550,0.7270869612693787,0.390625,NO,,,
0.580168776371308,550,0.7270869612693787,0.390625,NO,,,
0.580168776371308,550,0.7270869612693787,0.390625,NO,,,
0.580168776371308,550,0.7270869612693787,0.390625,NO,,,
0.580168776371308,550,0.7270869612693787,0.390625,NO,,,
0.5907172995780591,560,0.716082751750946,0.4375,NO,,,
0.5907172995780591,560,0.716082751750946,0.4375,NO,,,
0.5907172995780591,560,0.716082751750946,0.4375,NO,,,
0.5907172995780591,560,0.716082751750946,0.4375,NO,,,
0.5907172995780591,560,0.716082751750946,0.4375,NO,,,
0.5907172995780591,560,0.716082751750946,0.4375,NO,,,
0.5907172995780591,560,0.716082751750946,0.4375,NO,,,
0.5907172995780591,560,0.716082751750946,0.4375,NO,,,
0.5907172995780591,560,0.716082751750946,0.4375,NO,,,
0.5907172995780591,560,0.716082751750946,0.4375,NO,,,
0.6012658227848101,570,0.6883514523506165,0.546875,NO,,,
0.6012658227848101,570,0.6883514523506165,0.546875,NO,,,
0.6012658227848101,570,0.6883514523506165,0.546875,NO,,,
0.6012658227848101,570,0.6883514523506165,0.546875,NO,,,
0.6012658227848101,570,0.6883514523506165,0.546875,NO,,,
0.6012658227848101,570,0.6883514523506165,0.546875,NO,,,
0.6012658227848101,570,0.6883514523506165,0.546875,NO,,,
0.6012658227848101,570,0.6883514523506165,0.546875,NO,,,
0.6012658227848101,570,0.6883514523506165,0.546875,NO,,,
0.6012658227848101,570,0.6883514523506165,0.546875,NO,,,
0.6118143459915611,580,0.7419312596321106,0.390625,NO,,,
0.6118143459915611,580,0.7419312596321106,0.390625,NO,,,
0.6118143459915611,580,0.7419312596321106,0.390625,NO,,,
0.6118143459915611,580,0.7419312596321106,0.390625,NO,,,
0.6118143459915611,580,0.7419312596321106,0.390625,NO,,,
0.6118143459915611,580,0.7419312596321106,0.390625,NO,,,
0.6118143459915611,580,0.7419312596321106,0.390625,NO,,,
0.6118143459915611,580,0.7419312596321106,0.390625,NO,,,
0.6118143459915611,580,0.7419312596321106,0.390625,NO,,,
0.6118143459915611,580,0.7419312596321106,0.390625,NO,,,
0.6223628691983122,590,0.7539797425270081,0.34375,NO,,,
0.6223628691983122,590,0.7539797425270081,0.34375,NO,,,
0.6223628691983122,590,0.7539797425270081,0.34375,NO,,,
0.6223628691983122,590,0.7539797425270081,0.34375,NO,,,
0.6223628691983122,590,0.7539797425270081,0.34375,NO,,,
0.6223628691983122,590,0.7539797425270081,0.34375,NO,,,
0.6223628691983122,590,0.7539797425270081,0.34375,NO,,,
0.6223628691983122,590,0.7539797425270081,0.34375,NO,,,
0.6223628691983122,590,0.7539797425270081,0.34375,NO,,,
0.6223628691983122,590,0.7539797425270081,0.34375,NO,,,
0.6329113924050633,600,0.7043948769569397,0.453125,NO,,,
0.6329113924050633,600,0.7043948769569397,0.453125,NO,,,
0.6329113924050633,600,0.7043948769569397,0.453125,NO,,,
0.6329113924050633,600,0.7043948769569397,0.453125,NO,,,
0.6329113924050633,600,0.7043948769569397,0.453125,NO,,,
0.6329113924050633,600,0.7043948769569397,0.453125,NO,,,
0.6329113924050633,600,0.7043948769569397,0.453125,NO,,,
0.6329113924050633,600,0.7043948769569397,0.453125,NO,,,
0.6329113924050633,600,0.7043948769569397,0.453125,NO,,,
0.6329113924050633,600,0.7043948769569397,0.453125,NO,,,
0.6434599156118144,610,0.6732831597328186,0.59375,NO,,,
0.6434599156118144,610,0.6732831597328186,0.59375,NO,,,
0.6434599156118144,610,0.6732831597328186,0.59375,NO,,,
0.6434599156118144,610,0.6732831597328186,0.59375,NO,,,
0.6434599156118144,610,0.6732831597328186,0.59375,NO,,,
0.6434599156118144,610,0.6732831597328186,0.59375,NO,,,
0.6434599156118144,610,0.6732831597328186,0.59375,NO,,,
0.6434599156118144,610,0.6732831597328186,0.59375,NO,,,
0.6434599156118144,610,0.6732831597328186,0.59375,NO,,,
0.6434599156118144,610,0.6732831597328186,0.59375,NO,,,
0.6540084388185654,620,0.6944032311439514,0.515625,NO,,,
0.6540084388185654,620,0.6944032311439514,0.515625,NO,,,
0.6540084388185654,620,0.6944032311439514,0.515625,NO,,,
0.6540084388185654,620,0.6944032311439514,0.515625,NO,,,
0.6540084388185654,620,0.6944032311439514,0.515625,NO,,,
0.6540084388185654,620,0.6944032311439514,0.515625,NO,,,
0.6540084388185654,620,0.6944032311439514,0.515625,NO,,,
0.6540084388185654,620,0.6944032311439514,0.515625,NO,,,
0.6540084388185654,620,0.6944032311439514,0.515625,NO,,,
0.6540084388185654,620,0.6944032311439514,0.515625,NO,,,
0.6645569620253164,630,0.7041001319885254,0.484375,NO,,,
0.6645569620253164,630,0.7041001319885254,0.484375,NO,,,
0.6645569620253164,630,0.7041001319885254,0.484375,NO,,,
0.6645569620253164,630,0.7041001319885254,0.484375,NO,,,
0.6645569620253164,630,0.7041001319885254,0.484375,NO,,,
0.6645569620253164,630,0.7041001319885254,0.484375,NO,,,
0.6645569620253164,630,0.7041001319885254,0.484375,NO,,,
0.6645569620253164,630,0.7041001319885254,0.484375,NO,,,
0.6645569620253164,630,0.7041001319885254,0.484375,NO,,,
0.6645569620253164,630,0.7041001319885254,0.484375,NO,,,
0.6751054852320675,640,0.7012739777565002,0.46875,NO,,,
0.6751054852320675,640,0.7012739777565002,0.46875,NO,,,
0.6751054852320675,640,0.7012739777565002,0.46875,NO,,,
0.6751054852320675,640,0.7012739777565002,0.46875,NO,,,
0.6751054852320675,640,0.7012739777565002,0.46875,NO,,,
0.6751054852320675,640,0.7012739777565002,0.46875,NO,,,
0.6751054852320675,640,0.7012739777565002,0.46875,NO,,,
0.6751054852320675,640,0.7012739777565002,0.46875,NO,,,
0.6751054852320675,640,0.7012739777565002,0.46875,NO,,,
0.6751054852320675,640,0.7012739777565002,0.46875,NO,,,
0.6856540084388185,650,0.6906194090843201,0.546875,NO,,,
0.6856540084388185,650,0.6906194090843201,0.546875,NO,,,
0.6856540084388185,650,0.6906194090843201,0.546875,NO,,,
0.6856540084388185,650,0.6906194090843201,0.546875,NO,,,
0.6856540084388185,650,0.6906194090843201,0.546875,NO,,,
0.6856540084388185,650,0.6906194090843201,0.546875,NO,,,
0.6856540084388185,650,0.6906194090843201,0.546875,NO,,,
0.6856540084388185,650,0.6906194090843201,0.546875,NO,,,
0.6856540084388185,650,0.6906194090843201,0.546875,NO,,,
0.6856540084388185,650,0.6906194090843201,0.546875,NO,,,
0.6962025316455697,660,0.7092395424842834,0.4375,NO,,,
0.6962025316455697,660,0.7092395424842834,0.4375,NO,,,
0.6962025316455697,660,0.7092395424842834,0.4375,NO,,,
0.6962025316455697,660,0.7092395424842834,0.4375,NO,,,
0.6962025316455697,660,0.7092395424842834,0.4375,NO,,,
0.6962025316455697,660,0.7092395424842834,0.4375,NO,,,
0.6962025316455697,660,0.7092395424842834,0.4375,NO,,,
0.6962025316455697,660,0.7092395424842834,0.4375,NO,,,
0.6962025316455697,660,0.7092395424842834,0.4375,NO,,,
0.6962025316455697,660,0.7092395424842834,0.4375,NO,,,
0.7067510548523207,670,0.6880372166633606,0.59375,NO,,,
0.7067510548523207,670,0.6880372166633606,0.59375,NO,,,
0.7067510548523207,670,0.6880372166633606,0.59375,NO,,,
0.7067510548523207,670,0.6880372166633606,0.59375,NO,,,
0.7067510548523207,670,0.6880372166633606,0.59375,NO,,,
0.7067510548523207,670,0.6880372166633606,0.59375,NO,,,
0.7067510548523207,670,0.6880372166633606,0.59375,NO,,,
0.7067510548523207,670,0.6880372166633606,0.59375,NO,,,
0.7067510548523207,670,0.6880372166633606,0.59375,NO,,,
0.7067510548523207,670,0.6880372166633606,0.59375,NO,,,
0.7172995780590717,680,0.7061219811439514,0.515625,NO,,,
0.7172995780590717,680,0.7061219811439514,0.515625,NO,,,
0.7172995780590717,680,0.7061219811439514,0.515625,NO,,,
0.7172995780590717,680,0.7061219811439514,0.515625,NO,,,
0.7172995780590717,680,0.7061219811439514,0.515625,NO,,,
0.7172995780590717,680,0.7061219811439514,0.515625,NO,,,
0.7172995780590717,680,0.7061219811439514,0.515625,NO,,,
0.7172995780590717,680,0.7061219811439514,0.515625,NO,,,
0.7172995780590717,680,0.7061219811439514,0.515625,NO,,,
0.7172995780590717,680,0.7061219811439514,0.515625,NO,,,
0.7278481012658228,690,0.7097585201263428,0.453125,NO,,,
0.7278481012658228,690,0.7097585201263428,0.453125,NO,,,
0.7278481012658228,690,0.7097585201263428,0.453125,NO,,,
0.7278481012658228,690,0.7097585201263428,0.453125,NO,,,
0.7278481012658228,690,0.7097585201263428,0.453125,NO,,,
0.7278481012658228,690,0.7097585201263428,0.453125,NO,,,
0.7278481012658228,690,0.7097585201263428,0.453125,NO,,,
0.7278481012658228,690,0.7097585201263428,0.453125,NO,,,
0.7278481012658228,690,0.7097585201263428,0.453125,NO,,,
0.7278481012658228,690,0.7097585201263428,0.453125,NO,,,
0.7383966244725738,700,0.6978042125701904,0.46875,NO,,,
0.7383966244725738,700,0.6978042125701904,0.46875,NO,,,
0.7383966244725738,700,0.6978042125701904,0.46875,NO,,,
0.7383966244725738,700,0.6978042125701904,0.46875,NO,,,
0.7383966244725738,700,0.6978042125701904,0.46875,NO,,,
0.7383966244725738,700,0.6978042125701904,0.46875,NO,,,
0.7383966244725738,700,0.6978042125701904,0.46875,NO,,,
0.7383966244725738,700,0.6978042125701904,0.46875,NO,,,
0.7383966244725738,700,0.6978042125701904,0.46875,NO,,,
0.7383966244725738,700,0.6978042125701904,0.46875,NO,,,
0.7489451476793249,710,0.7198430895805359,0.4375,NO,,,
0.7489451476793249,710,0.7198430895805359,0.4375,NO,,,
0.7489451476793249,710,0.7198430895805359,0.4375,NO,,,
0.7489451476793249,710,0.7198430895805359,0.4375,NO,,,
0.7489451476793249,710,0.7198430895805359,0.4375,NO,,,
0.7489451476793249,710,0.7198430895805359,0.4375,NO,,,
0.7489451476793249,710,0.7198430895805359,0.4375,NO,,,
0.7489451476793249,710,0.7198430895805359,0.4375,NO,,,
0.7489451476793249,710,0.7198430895805359,0.4375,NO,,,
0.7489451476793249,710,0.7198430895805359,0.4375,NO,,,
0.759493670886076,720,0.7168744802474976,0.46875,NO,,,
0.759493670886076,720,0.7168744802474976,0.46875,NO,,,
0.759493670886076,720,0.7168744802474976,0.46875,NO,,,
0.759493670886076,720,0.7168744802474976,0.46875,NO,,,
0.759493670886076,720,0.7168744802474976,0.46875,NO,,,
0.759493670886076,720,0.7168744802474976,0.46875,NO,,,
0.759493670886076,720,0.7168744802474976,0.46875,NO,,,
0.759493670886076,720,0.7168744802474976,0.46875,NO,,,
0.759493670886076,720,0.7168744802474976,0.46875,NO,,,
0.759493670886076,720,0.7168744802474976,0.46875,NO,,,
0.770042194092827,730,0.6984476447105408,0.546875,NO,,,
0.770042194092827,730,0.6984476447105408,0.546875,NO,,,
0.770042194092827,730,0.6984476447105408,0.546875,NO,,,
0.770042194092827,730,0.6984476447105408,0.546875,NO,,,
0.770042194092827,730,0.6984476447105408,0.546875,NO,,,
0.770042194092827,730,0.6984476447105408,0.546875,NO,,,
0.770042194092827,730,0.6984476447105408,0.546875,NO,,,
0.770042194092827,730,0.6984476447105408,0.546875,NO,,,
0.770042194092827,730,0.6984476447105408,0.546875,NO,,,
0.770042194092827,730,0.6984476447105408,0.546875,NO,,,
0.7805907172995781,740,0.725980281829834,0.5,NO,,,
0.7805907172995781,740,0.725980281829834,0.5,NO,,,
0.7805907172995781,740,0.725980281829834,0.5,NO,,,
0.7805907172995781,740,0.725980281829834,0.5,NO,,,
0.7805907172995781,740,0.725980281829834,0.5,NO,,,
0.7805907172995781,740,0.725980281829834,0.5,NO,,,
0.7805907172995781,740,0.725980281829834,0.5,NO,,,
0.7805907172995781,740,0.725980281829834,0.5,NO,,,
0.7805907172995781,740,0.725980281829834,0.5,NO,,,
0.7805907172995781,740,0.725980281829834,0.5,NO,,,
0.7911392405063291,750,0.7406438589096069,0.484375,NO,,,
0.7911392405063291,750,0.7406438589096069,0.484375,NO,,,
0.7911392405063291,750,0.7406438589096069,0.484375,NO,,,
0.7911392405063291,750,0.7406438589096069,0.484375,NO,,,
0.7911392405063291,750,0.7406438589096069,0.484375,NO,,,
0.7911392405063291,750,0.7406438589096069,0.484375,NO,,,
0.7911392405063291,750,0.7406438589096069,0.484375,NO,,,
0.7911392405063291,750,0.7406438589096069,0.484375,NO,,,
0.7911392405063291,750,0.7406438589096069,0.484375,NO,,,
0.7911392405063291,750,0.7406438589096069,0.484375,NO,,,
0.8016877637130801,760,0.7459285259246826,0.453125,NO,,,
0.8016877637130801,760,0.7459285259246826,0.453125,NO,,,
0.8016877637130801,760,0.7459285259246826,0.453125,NO,,,
0.8016877637130801,760,0.7459285259246826,0.453125,NO,,,
0.8016877637130801,760,0.7459285259246826,0.453125,NO,,,
0.8016877637130801,760,0.7459285259246826,0.453125,NO,,,
0.8016877637130801,760,0.7459285259246826,0.453125,NO,,,
0.8016877637130801,760,0.7459285259246826,0.453125,NO,,,
0.8016877637130801,760,0.7459285259246826,0.453125,NO,,,
0.8016877637130801,760,0.7459285259246826,0.453125,NO,,,
0.8122362869198312,770,0.7025504112243652,0.578125,NO,,,
0.8122362869198312,770,0.7025504112243652,0.578125,NO,,,
0.8122362869198312,770,0.7025504112243652,0.578125,NO,,,
0.8122362869198312,770,0.7025504112243652,0.578125,NO,,,
0.8122362869198312,770,0.7025504112243652,0.578125,NO,,,
0.8122362869198312,770,0.7025504112243652,0.578125,NO,,,
0.8122362869198312,770,0.7025504112243652,0.578125,NO,,,
0.8122362869198312,770,0.7025504112243652,0.578125,NO,,,
0.8122362869198312,770,0.7025504112243652,0.578125,NO,,,
0.8122362869198312,770,0.7025504112243652,0.578125,NO,,,
0.8227848101265823,780,0.6964778304100037,0.484375,NO,,,
0.8227848101265823,780,0.6964778304100037,0.484375,NO,,,
0.8227848101265823,780,0.6964778304100037,0.484375,NO,,,
0.8227848101265823,780,0.6964778304100037,0.484375,NO,,,
0.8227848101265823,780,0.6964778304100037,0.484375,NO,,,
0.8227848101265823,780,0.6964778304100037,0.484375,NO,,,
0.8227848101265823,780,0.6964778304100037,0.484375,NO,,,
0.8227848101265823,780,0.6964778304100037,0.484375,NO,,,
0.8227848101265823,780,0.6964778304100037,0.484375,NO,,,
0.8227848101265823,780,0.6964778304100037,0.484375,NO,,,
0.8333333333333334,790,0.7221738696098328,0.40625,NO,,,
0.8333333333333334,790,0.7221738696098328,0.40625,NO,,,
0.8333333333333334,790,0.7221738696098328,0.40625,NO,,,
0.8333333333333334,790,0.7221738696098328,0.40625,NO,,,
0.8333333333333334,790,0.7221738696098328,0.40625,NO,,,
0.8333333333333334,790,0.7221738696098328,0.40625,NO,,,
0.8333333333333334,790,0.7221738696098328,0.40625,NO,,,
0.8333333333333334,790,0.7221738696098328,0.40625,NO,,,
0.8333333333333334,790,0.7221738696098328,0.40625,NO,,,
0.8333333333333334,790,0.7221738696098328,0.40625,NO,,,
0.8438818565400844,800,0.7060386538505554,0.546875,NO,,,
0.8438818565400844,800,0.7060386538505554,0.546875,NO,,,
0.8438818565400844,800,0.7060386538505554,0.546875,NO,,,
0.8438818565400844,800,0.7060386538505554,0.546875,NO,,,
0.8438818565400844,800,0.7060386538505554,0.546875,NO,,,
0.8438818565400844,800,0.7060386538505554,0.546875,NO,,,
0.8438818565400844,800,0.7060386538505554,0.546875,NO,,,
0.8438818565400844,800,0.7060386538505554,0.546875,NO,,,
0.8438818565400844,800,0.7060386538505554,0.546875,NO,,,
0.8438818565400844,800,0.7060386538505554,0.546875,NO,,,
0.8544303797468354,810,0.723852276802063,0.578125,NO,,,
0.8544303797468354,810,0.723852276802063,0.578125,NO,,,
0.8544303797468354,810,0.723852276802063,0.578125,NO,,,
0.8544303797468354,810,0.723852276802063,0.578125,NO,,,
0.8544303797468354,810,0.723852276802063,0.578125,NO,,,
0.8544303797468354,810,0.723852276802063,0.578125,NO,,,
0.8544303797468354,810,0.723852276802063,0.578125,NO,,,
0.8544303797468354,810,0.723852276802063,0.578125,NO,,,
0.8544303797468354,810,0.723852276802063,0.578125,NO,,,
0.8544303797468354,810,0.723852276802063,0.578125,NO,,,
0.8649789029535865,820,0.7166209816932678,0.484375,NO,,,
0.8649789029535865,820,0.7166209816932678,0.484375,NO,,,
0.8649789029535865,820,0.7166209816932678,0.484375,NO,,,
0.8649789029535865,820,0.7166209816932678,0.484375,NO,,,
0.8649789029535865,820,0.7166209816932678,0.484375,NO,,,
0.8649789029535865,820,0.7166209816932678,0.484375,NO,,,
0.8649789029535865,820,0.7166209816932678,0.484375,NO,,,
0.8649789029535865,820,0.7166209816932678,0.484375,NO,,,
0.8649789029535865,820,0.7166209816932678,0.484375,NO,,,
0.8649789029535865,820,0.7166209816932678,0.484375,NO,,,
0.8755274261603375,830,0.7137184143066406,0.515625,NO,,,
0.8755274261603375,830,0.7137184143066406,0.515625,NO,,,
0.8755274261603375,830,0.7137184143066406,0.515625,NO,,,
0.8755274261603375,830,0.7137184143066406,0.515625,NO,,,
0.8755274261603375,830,0.7137184143066406,0.515625,NO,,,
0.8755274261603375,830,0.7137184143066406,0.515625,NO,,,
0.8755274261603375,830,0.7137184143066406,0.515625,NO,,,
0.8755274261603375,830,0.7137184143066406,0.515625,NO,,,
0.8755274261603375,830,0.7137184143066406,0.515625,NO,,,
0.8755274261603375,830,0.7137184143066406,0.515625,NO,,,
0.8860759493670886,840,0.6882240772247314,0.5,NO,,,
0.8860759493670886,840,0.6882240772247314,0.5,NO,,,
0.8860759493670886,840,0.6882240772247314,0.5,NO,,,
0.8860759493670886,840,0.6882240772247314,0.5,NO,,,
0.8860759493670886,840,0.6882240772247314,0.5,NO,,,
0.8860759493670886,840,0.6882240772247314,0.5,NO,,,
0.8860759493670886,840,0.6882240772247314,0.5,NO,,,
0.8860759493670886,840,0.6882240772247314,0.5,NO,,,
0.8860759493670886,840,0.6882240772247314,0.5,NO,,,
0.8860759493670886,840,0.6882240772247314,0.5,NO,,,
0.8966244725738397,850,0.7083958983421326,0.53125,NO,,,
0.8966244725738397,850,0.7083958983421326,0.53125,NO,,,
0.8966244725738397,850,0.7083958983421326,0.53125,NO,,,
0.8966244725738397,850,0.7083958983421326,0.53125,NO,,,
0.8966244725738397,850,0.7083958983421326,0.53125,NO,,,
0.8966244725738397,850,0.7083958983421326,0.53125,NO,,,
0.8966244725738397,850,0.7083958983421326,0.53125,NO,,,
0.8966244725738397,850,0.7083958983421326,0.53125,NO,,,
0.8966244725738397,850,0.7083958983421326,0.53125,NO,,,
0.8966244725738397,850,0.7083958983421326,0.53125,NO,,,
0.9071729957805907,860,0.7236525416374207,0.515625,NO,,,
0.9071729957805907,860,0.7236525416374207,0.515625,NO,,,
0.9071729957805907,860,0.7236525416374207,0.515625,NO,,,
0.9071729957805907,860,0.7236525416374207,0.515625,NO,,,
0.9071729957805907,860,0.7236525416374207,0.515625,NO,,,
0.9071729957805907,860,0.7236525416374207,0.515625,NO,,,
0.9071729957805907,860,0.7236525416374207,0.515625,NO,,,
0.9071729957805907,860,0.7236525416374207,0.515625,NO,,,
0.9071729957805907,860,0.7236525416374207,0.515625,NO,,,
0.9071729957805907,860,0.7236525416374207,0.515625,NO,,,
0.9177215189873418,870,0.6669036746025085,0.625,NO,,,
0.9177215189873418,870,0.6669036746025085,0.625,NO,,,
0.9177215189873418,870,0.6669036746025085,0.625,NO,,,
0.9177215189873418,870,0.6669036746025085,0.625,NO,,,
0.9177215189873418,870,0.6669036746025085,0.625,NO,,,
0.9177215189873418,870,0.6669036746025085,0.625,NO,,,
0.9177215189873418,870,0.6669036746025085,0.625,NO,,,
0.9177215189873418,870,0.6669036746025085,0.625,NO,,,
0.9177215189873418,870,0.6669036746025085,0.625,NO,,,
0.9177215189873418,870,0.6669036746025085,0.625,NO,,,
0.9282700421940928,880,0.7057048082351685,0.578125,NO,,,
0.9282700421940928,880,0.7057048082351685,0.578125,NO,,,
0.9282700421940928,880,0.7057048082351685,0.578125,NO,,,
0.9282700421940928,880,0.7057048082351685,0.578125,NO,,,
0.9282700421940928,880,0.7057048082351685,0.578125,NO,,,
0.9282700421940928,880,0.7057048082351685,0.578125,NO,,,
0.9282700421940928,880,0.7057048082351685,0.578125,NO,,,
0.9282700421940928,880,0.7057048082351685,0.578125,NO,,,
0.9282700421940928,880,0.7057048082351685,0.578125,NO,,,
0.9282700421940928,880,0.7057048082351685,0.578125,NO,,,
0.9388185654008439,890,0.7114520072937012,0.421875,NO,,,
0.9388185654008439,890,0.7114520072937012,0.421875,NO,,,
0.9388185654008439,890,0.7114520072937012,0.421875,NO,,,
0.9388185654008439,890,0.7114520072937012,0.421875,NO,,,
0.9388185654008439,890,0.7114520072937012,0.421875,NO,,,
0.9388185654008439,890,0.7114520072937012,0.421875,NO,,,
0.9388185654008439,890,0.7114520072937012,0.421875,NO,,,
0.9388185654008439,890,0.7114520072937012,0.421875,NO,,,
0.9388185654008439,890,0.7114520072937012,0.421875,NO,,,
0.9388185654008439,890,0.7114520072937012,0.421875,NO,,,
0.9493670886075949,900,0.6871886253356934,0.546875,NO,,,
0.9493670886075949,900,0.6871886253356934,0.546875,NO,,,
0.9493670886075949,900,0.6871886253356934,0.546875,NO,,,
0.9493670886075949,900,0.6871886253356934,0.546875,NO,,,
0.9493670886075949,900,0.6871886253356934,0.546875,NO,,,
0.9493670886075949,900,0.6871886253356934,0.546875,NO,,,
0.9493670886075949,900,0.6871886253356934,0.546875,NO,,,
0.9493670886075949,900,0.6871886253356934,0.546875,NO,,,
0.9493670886075949,900,0.6871886253356934,0.546875,NO,,,
0.9493670886075949,900,0.6871886253356934,0.546875,NO,,,
0.959915611814346,910,0.6598414778709412,0.578125,NO,,,
0.959915611814346,910,0.6598414778709412,0.578125,NO,,,
0.959915611814346,910,0.6598414778709412,0.578125,NO,,,
0.959915611814346,910,0.6598414778709412,0.578125,NO,,,
0.959915611814346,910,0.6598414778709412,0.578125,NO,,,
0.959915611814346,910,0.6598414778709412,0.578125,NO,,,
0.959915611814346,910,0.6598414778709412,0.578125,NO,,,
0.959915611814346,910,0.6598414778709412,0.578125,NO,,,
0.959915611814346,910,0.6598414778709412,0.578125,NO,,,
0.959915611814346,910,0.6598414778709412,0.578125,NO,,,
0.9704641350210971,920,0.687548041343689,0.59375,NO,,,
0.9704641350210971,920,0.687548041343689,0.59375,NO,,,
0.9704641350210971,920,0.687548041343689,0.59375,NO,,,
0.9704641350210971,920,0.687548041343689,0.59375,NO,,,
0.9704641350210971,920,0.687548041343689,0.59375,NO,,,
0.9704641350210971,920,0.687548041343689,0.59375,NO,,,
0.9704641350210971,920,0.687548041343689,0.59375,NO,,,
0.9704641350210971,920,0.687548041343689,0.59375,NO,,,
0.9704641350210971,920,0.687548041343689,0.59375,NO,,,
0.9704641350210971,920,0.687548041343689,0.59375,NO,,,
0.9810126582278481,930,0.6822192668914795,0.515625,NO,,,
0.9810126582278481,930,0.6822192668914795,0.515625,NO,,,
0.9810126582278481,930,0.6822192668914795,0.515625,NO,,,
0.9810126582278481,930,0.6822192668914795,0.515625,NO,,,
0.9810126582278481,930,0.6822192668914795,0.515625,NO,,,
0.9810126582278481,930,0.6822192668914795,0.515625,NO,,,
0.9810126582278481,930,0.6822192668914795,0.515625,NO,,,
0.9810126582278481,930,0.6822192668914795,0.515625,NO,,,
0.9810126582278481,930,0.6822192668914795,0.515625,NO,,,
0.9810126582278481,930,0.6822192668914795,0.515625,NO,,,
0.9915611814345991,940,0.6694000363349915,0.59375,NO,,,
0.9915611814345991,940,0.6694000363349915,0.59375,NO,,,
0.9915611814345991,940,0.6694000363349915,0.59375,NO,,,
0.9915611814345991,940,0.6694000363349915,0.59375,NO,,,
0.9915611814345991,940,0.6694000363349915,0.59375,NO,,,
0.9915611814345991,940,0.6694000363349915,0.59375,NO,,,
0.9915611814345991,940,0.6694000363349915,0.59375,NO,,,
0.9915611814345991,940,0.6694000363349915,0.59375,NO,,,
0.9915611814345991,940,0.6694000363349915,0.59375,NO,,,
0.9915611814345991,940,0.6694000363349915,0.59375,NO,,,
1.0021097046413503,950,0.6946101188659668,0.5625,NO,,,
1.0021097046413503,950,0.6946101188659668,0.5625,NO,,,
1.0021097046413503,950,0.6946101188659668,0.5625,NO,,,
1.0021097046413503,950,0.6946101188659668,0.5625,NO,,,
1.0021097046413503,950,0.6946101188659668,0.5625,NO,,,
1.0021097046413503,950,0.6946101188659668,0.5625,NO,,,
1.0021097046413503,950,0.6946101188659668,0.5625,NO,,,
1.0021097046413503,950,0.6946101188659668,0.5625,NO,,,
1.0021097046413503,950,0.6946101188659668,0.5625,NO,,,
1.0021097046413503,950,0.6946101188659668,0.5625,NO,,,
1.0126582278481013,960,0.7231900095939636,0.515625,NO,,,
1.0126582278481013,960,0.7231900095939636,0.515625,NO,,,
1.0126582278481013,960,0.7231900095939636,0.515625,NO,,,
1.0126582278481013,960,0.7231900095939636,0.515625,NO,,,
1.0126582278481013,960,0.7231900095939636,0.515625,NO,,,
1.0126582278481013,960,0.7231900095939636,0.515625,NO,,,
1.0126582278481013,960,0.7231900095939636,0.515625,NO,,,
1.0126582278481013,960,0.7231900095939636,0.515625,NO,,,
1.0126582278481013,960,0.7231900095939636,0.515625,NO,,,
1.0126582278481013,960,0.7231900095939636,0.515625,NO,,,
1.0232067510548524,970,0.7112898826599121,0.46875,NO,,,
1.0232067510548524,970,0.7112898826599121,0.46875,NO,,,
1.0232067510548524,970,0.7112898826599121,0.46875,NO,,,
1.0232067510548524,970,0.7112898826599121,0.46875,NO,,,
1.0232067510548524,970,0.7112898826599121,0.46875,NO,,,
1.0232067510548524,970,0.7112898826599121,0.46875,NO,,,
1.0232067510548524,970,0.7112898826599121,0.46875,NO,,,
1.0232067510548524,970,0.7112898826599121,0.46875,NO,,,
1.0232067510548524,970,0.7112898826599121,0.46875,NO,,,
1.0232067510548524,970,0.7112898826599121,0.46875,NO,,,
1.0337552742616034,980,0.7200366258621216,0.453125,NO,,,
1.0337552742616034,980,0.7200366258621216,0.453125,NO,,,
1.0337552742616034,980,0.7200366258621216,0.453125,NO,,,
1.0337552742616034,980,0.7200366258621216,0.453125,NO,,,
1.0337552742616034,980,0.7200366258621216,0.453125,NO,,,
1.0337552742616034,980,0.7200366258621216,0.453125,NO,,,
1.0337552742616034,980,0.7200366258621216,0.453125,NO,,,
1.0337552742616034,980,0.7200366258621216,0.453125,NO,,,
1.0337552742616034,980,0.7200366258621216,0.453125,NO,,,
1.0337552742616034,980,0.7200366258621216,0.453125,NO,,,
1.0443037974683544,990,0.7169275879859924,0.5,NO,,,
1.0443037974683544,990,0.7169275879859924,0.5,NO,,,
1.0443037974683544,990,0.7169275879859924,0.5,NO,,,
1.0443037974683544,990,0.7169275879859924,0.5,NO,,,
1.0443037974683544,990,0.7169275879859924,0.5,NO,,,
1.0443037974683544,990,0.7169275879859924,0.5,NO,,,
1.0443037974683544,990,0.7169275879859924,0.5,NO,,,
1.0443037974683544,990,0.7169275879859924,0.5,NO,,,
1.0443037974683544,990,0.7169275879859924,0.5,NO,,,
1.0443037974683544,990,0.7169275879859924,0.5,YES,0.7016475200653076,0.5199703043801039,0.7016475200653076
1.0548523206751055,1000,0.6815292835235596,0.59375,NO,,,
1.0548523206751055,1000,0.6815292835235596,0.59375,NO,,,
1.0548523206751055,1000,0.6815292835235596,0.59375,NO,,,
1.0548523206751055,1000,0.6815292835235596,0.59375,NO,,,
1.0548523206751055,1000,0.6815292835235596,0.59375,NO,,,
1.0548523206751055,1000,0.6815292835235596,0.59375,NO,,,
1.0548523206751055,1000,0.6815292835235596,0.59375,NO,,,
1.0548523206751055,1000,0.6815292835235596,0.59375,NO,,,
1.0548523206751055,1000,0.6815292835235596,0.59375,NO,,,
1.0548523206751055,1000,0.6815292835235596,0.59375,NO,,,
1.0654008438818565,1010,0.6893953680992126,0.53125,NO,,,
1.0654008438818565,1010,0.6893953680992126,0.53125,NO,,,
1.0654008438818565,1010,0.6893953680992126,0.53125,NO,,,
1.0654008438818565,1010,0.6893953680992126,0.53125,NO,,,
1.0654008438818565,1010,0.6893953680992126,0.53125,NO,,,
1.0654008438818565,1010,0.6893953680992126,0.53125,NO,,,
1.0654008438818565,1010,0.6893953680992126,0.53125,NO,,,
1.0654008438818565,1010,0.6893953680992126,0.53125,NO,,,
1.0654008438818565,1010,0.6893953680992126,0.53125,NO,,,
1.0654008438818565,1010,0.6893953680992126,0.53125,NO,,,
1.0759493670886076,1020,0.6846703290939331,0.609375,NO,,,
1.0759493670886076,1020,0.6846703290939331,0.609375,NO,,,
1.0759493670886076,1020,0.6846703290939331,0.609375,NO,,,
1.0759493670886076,1020,0.6846703290939331,0.609375,NO,,,
1.0759493670886076,1020,0.6846703290939331,0.609375,NO,,,
1.0759493670886076,1020,0.6846703290939331,0.609375,NO,,,
1.0759493670886076,1020,0.6846703290939331,0.609375,NO,,,
1.0759493670886076,1020,0.6846703290939331,0.609375,NO,,,
1.0759493670886076,1020,0.6846703290939331,0.609375,NO,,,
1.0759493670886076,1020,0.6846703290939331,0.609375,NO,,,
1.0864978902953586,1030,0.7567063570022583,0.4375,NO,,,
1.0864978902953586,1030,0.7567063570022583,0.4375,NO,,,
1.0864978902953586,1030,0.7567063570022583,0.4375,NO,,,
1.0864978902953586,1030,0.7567063570022583,0.4375,NO,,,
1.0864978902953586,1030,0.7567063570022583,0.4375,NO,,,
1.0864978902953586,1030,0.7567063570022583,0.4375,NO,,,
1.0864978902953586,1030,0.7567063570022583,0.4375,NO,,,
1.0864978902953586,1030,0.7567063570022583,0.4375,NO,,,
1.0864978902953586,1030,0.7567063570022583,0.4375,NO,,,
1.0864978902953586,1030,0.7567063570022583,0.4375,NO,,,
1.0970464135021096,1040,0.66277676820755,0.578125,NO,,,
1.0970464135021096,1040,0.66277676820755,0.578125,NO,,,
1.0970464135021096,1040,0.66277676820755,0.578125,NO,,,
1.0970464135021096,1040,0.66277676820755,0.578125,NO,,,
1.0970464135021096,1040,0.66277676820755,0.578125,NO,,,
1.0970464135021096,1040,0.66277676820755,0.578125,NO,,,
1.0970464135021096,1040,0.66277676820755,0.578125,NO,,,
1.0970464135021096,1040,0.66277676820755,0.578125,NO,,,
1.0970464135021096,1040,0.66277676820755,0.578125,NO,,,
1.0970464135021096,1040,0.66277676820755,0.578125,NO,,,
1.1075949367088607,1050,0.782279372215271,0.46875,NO,,,
1.1075949367088607,1050,0.782279372215271,0.46875,NO,,,
1.1075949367088607,1050,0.782279372215271,0.46875,NO,,,
1.1075949367088607,1050,0.782279372215271,0.46875,NO,,,
1.1075949367088607,1050,0.782279372215271,0.46875,NO,,,
1.1075949367088607,1050,0.782279372215271,0.46875,NO,,,
1.1075949367088607,1050,0.782279372215271,0.46875,NO,,,
1.1075949367088607,1050,0.782279372215271,0.46875,NO,,,
1.1075949367088607,1050,0.782279372215271,0.46875,NO,,,
1.1075949367088607,1050,0.782279372215271,0.46875,NO,,,
1.1181434599156117,1060,0.7242867946624756,0.53125,NO,,,
1.1181434599156117,1060,0.7242867946624756,0.53125,NO,,,
1.1181434599156117,1060,0.7242867946624756,0.53125,NO,,,
1.1181434599156117,1060,0.7242867946624756,0.53125,NO,,,
1.1181434599156117,1060,0.7242867946624756,0.53125,NO,,,
1.1181434599156117,1060,0.7242867946624756,0.53125,NO,,,
1.1181434599156117,1060,0.7242867946624756,0.53125,NO,,,
1.1181434599156117,1060,0.7242867946624756,0.53125,NO,,,
1.1181434599156117,1060,0.7242867946624756,0.53125,NO,,,
1.1181434599156117,1060,0.7242867946624756,0.53125,NO,,,
1.128691983122363,1070,0.7574307918548584,0.515625,NO,,,
1.128691983122363,1070,0.7574307918548584,0.515625,NO,,,
1.128691983122363,1070,0.7574307918548584,0.515625,NO,,,
1.128691983122363,1070,0.7574307918548584,0.515625,NO,,,
1.128691983122363,1070,0.7574307918548584,0.515625,NO,,,
1.128691983122363,1070,0.7574307918548584,0.515625,NO,,,
1.128691983122363,1070,0.7574307918548584,0.515625,NO,,,
1.128691983122363,1070,0.7574307918548584,0.515625,NO,,,
1.128691983122363,1070,0.7574307918548584,0.515625,NO,,,
1.128691983122363,1070,0.7574307918548584,0.515625,NO,,,
1.139240506329114,1080,0.7676085233688354,0.46875,NO,,,
1.139240506329114,1080,0.7676085233688354,0.46875,NO,,,
1.139240506329114,1080,0.7676085233688354,0.46875,NO,,,
1.139240506329114,1080,0.7676085233688354,0.46875,NO,,,
1.139240506329114,1080,0.7676085233688354,0.46875,NO,,,
1.139240506329114,1080,0.7676085233688354,0.46875,NO,,,
1.139240506329114,1080,0.7676085233688354,0.46875,NO,,,
1.139240506329114,1080,0.7676085233688354,0.46875,NO,,,
1.139240506329114,1080,0.7676085233688354,0.46875,NO,,,
1.139240506329114,1080,0.7676085233688354,0.46875,NO,,,
1.149789029535865,1090,0.6929866671562195,0.5625,NO,,,
1.149789029535865,1090,0.6929866671562195,0.5625,NO,,,
1.149789029535865,1090,0.6929866671562195,0.5625,NO,,,
1.149789029535865,1090,0.6929866671562195,0.5625,NO,,,
1.149789029535865,1090,0.6929866671562195,0.5625,NO,,,
1.149789029535865,1090,0.6929866671562195,0.5625,NO,,,
1.149789029535865,1090,0.6929866671562195,0.5625,NO,,,
1.149789029535865,1090,0.6929866671562195,0.5625,NO,,,
1.149789029535865,1090,0.6929866671562195,0.5625,NO,,,
1.149789029535865,1090,0.6929866671562195,0.5625,NO,,,
1.160337552742616,1100,0.6417477130889893,0.640625,NO,,,
1.160337552742616,1100,0.6417477130889893,0.640625,NO,,,
1.160337552742616,1100,0.6417477130889893,0.640625,NO,,,
1.160337552742616,1100,0.6417477130889893,0.640625,NO,,,
1.160337552742616,1100,0.6417477130889893,0.640625,NO,,,
1.160337552742616,1100,0.6417477130889893,0.640625,NO,,,
1.160337552742616,1100,0.6417477130889893,0.640625,NO,,,
1.160337552742616,1100,0.6417477130889893,0.640625,NO,,,
1.160337552742616,1100,0.6417477130889893,0.640625,NO,,,
1.160337552742616,1100,0.6417477130889893,0.640625,NO,,,
1.1708860759493671,1110,0.6828547120094299,0.5,NO,,,
1.1708860759493671,1110,0.6828547120094299,0.5,NO,,,
1.1708860759493671,1110,0.6828547120094299,0.5,NO,,,
1.1708860759493671,1110,0.6828547120094299,0.5,NO,,,
1.1708860759493671,1110,0.6828547120094299,0.5,NO,,,
1.1708860759493671,1110,0.6828547120094299,0.5,NO,,,
1.1708860759493671,1110,0.6828547120094299,0.5,NO,,,
1.1708860759493671,1110,0.6828547120094299,0.5,NO,,,
1.1708860759493671,1110,0.6828547120094299,0.5,NO,,,
1.1708860759493671,1110,0.6828547120094299,0.5,NO,,,
1.1814345991561181,1120,0.6977897882461548,0.46875,NO,,,
1.1814345991561181,1120,0.6977897882461548,0.46875,NO,,,
1.1814345991561181,1120,0.6977897882461548,0.46875,NO,,,
1.1814345991561181,1120,0.6977897882461548,0.46875,NO,,,
1.1814345991561181,1120,0.6977897882461548,0.46875,NO,,,
1.1814345991561181,1120,0.6977897882461548,0.46875,NO,,,
1.1814345991561181,1120,0.6977897882461548,0.46875,NO,,,
1.1814345991561181,1120,0.6977897882461548,0.46875,NO,,,
1.1814345991561181,1120,0.6977897882461548,0.46875,NO,,,
1.1814345991561181,1120,0.6977897882461548,0.46875,NO,,,
1.1919831223628692,1130,0.6948736310005188,0.515625,NO,,,
1.1919831223628692,1130,0.6948736310005188,0.515625,NO,,,
1.1919831223628692,1130,0.6948736310005188,0.515625,NO,,,
1.1919831223628692,1130,0.6948736310005188,0.515625,NO,,,
1.1919831223628692,1130,0.6948736310005188,0.515625,NO,,,
1.1919831223628692,1130,0.6948736310005188,0.515625,NO,,,
1.1919831223628692,1130,0.6948736310005188,0.515625,NO,,,
1.1919831223628692,1130,0.6948736310005188,0.515625,NO,,,
1.1919831223628692,1130,0.6948736310005188,0.515625,NO,,,
1.1919831223628692,1130,0.6948736310005188,0.515625,NO,,,
1.2025316455696202,1140,0.7192224264144897,0.4375,NO,,,
1.2025316455696202,1140,0.7192224264144897,0.4375,NO,,,
1.2025316455696202,1140,0.7192224264144897,0.4375,NO,,,
1.2025316455696202,1140,0.7192224264144897,0.4375,NO,,,
1.2025316455696202,1140,0.7192224264144897,0.4375,NO,,,
1.2025316455696202,1140,0.7192224264144897,0.4375,NO,,,
1.2025316455696202,1140,0.7192224264144897,0.4375,NO,,,
1.2025316455696202,1140,0.7192224264144897,0.4375,NO,,,
1.2025316455696202,1140,0.7192224264144897,0.4375,NO,,,
1.2025316455696202,1140,0.7192224264144897,0.4375,NO,,,
1.2130801687763713,1150,0.7003840208053589,0.484375,NO,,,
1.2130801687763713,1150,0.7003840208053589,0.484375,NO,,,
1.2130801687763713,1150,0.7003840208053589,0.484375,NO,,,
1.2130801687763713,1150,0.7003840208053589,0.484375,NO,,,
1.2130801687763713,1150,0.7003840208053589,0.484375,NO,,,
1.2130801687763713,1150,0.7003840208053589,0.484375,NO,,,
1.2130801687763713,1150,0.7003840208053589,0.484375,NO,,,
1.2130801687763713,1150,0.7003840208053589,0.484375,NO,,,
1.2130801687763713,1150,0.7003840208053589,0.484375,NO,,,
1.2130801687763713,1150,0.7003840208053589,0.484375,NO,,,
1.2236286919831223,1160,0.6782091856002808,0.53125,NO,,,
1.2236286919831223,1160,0.6782091856002808,0.53125,NO,,,
1.2236286919831223,1160,0.6782091856002808,0.53125,NO,,,
1.2236286919831223,1160,0.6782091856002808,0.53125,NO,,,
1.2236286919831223,1160,0.6782091856002808,0.53125,NO,,,
1.2236286919831223,1160,0.6782091856002808,0.53125,NO,,,
1.2236286919831223,1160,0.6782091856002808,0.53125,NO,,,
1.2236286919831223,1160,0.6782091856002808,0.53125,NO,,,
1.2236286919831223,1160,0.6782091856002808,0.53125,NO,,,
1.2236286919831223,1160,0.6782091856002808,0.53125,NO,,,
1.2341772151898733,1170,0.6664823889732361,0.625,NO,,,
1.2341772151898733,1170,0.6664823889732361,0.625,NO,,,
1.2341772151898733,1170,0.6664823889732361,0.625,NO,,,
1.2341772151898733,1170,0.6664823889732361,0.625,NO,,,
1.2341772151898733,1170,0.6664823889732361,0.625,NO,,,
1.2341772151898733,1170,0.6664823889732361,0.625,NO,,,
1.2341772151898733,1170,0.6664823889732361,0.625,NO,,,
1.2341772151898733,1170,0.6664823889732361,0.625,NO,,,
1.2341772151898733,1170,0.6664823889732361,0.625,NO,,,
1.2341772151898733,1170,0.6664823889732361,0.625,NO,,,
1.2447257383966246,1180,0.6563351154327393,0.59375,NO,,,
1.2447257383966246,1180,0.6563351154327393,0.59375,NO,,,
1.2447257383966246,1180,0.6563351154327393,0.59375,NO,,,
1.2447257383966246,1180,0.6563351154327393,0.59375,NO,,,
1.2447257383966246,1180,0.6563351154327393,0.59375,NO,,,
1.2447257383966246,1180,0.6563351154327393,0.59375,NO,,,
1.2447257383966246,1180,0.6563351154327393,0.59375,NO,,,
1.2447257383966246,1180,0.6563351154327393,0.59375,NO,,,
1.2447257383966246,1180,0.6563351154327393,0.59375,NO,,,
1.2447257383966246,1180,0.6563351154327393,0.59375,NO,,,
1.2552742616033754,1190,0.7094607949256897,0.546875,NO,,,
1.2552742616033754,1190,0.7094607949256897,0.546875,NO,,,
1.2552742616033754,1190,0.7094607949256897,0.546875,NO,,,
1.2552742616033754,1190,0.7094607949256897,0.546875,NO,,,
1.2552742616033754,1190,0.7094607949256897,0.546875,NO,,,
1.2552742616033754,1190,0.7094607949256897,0.546875,NO,,,
1.2552742616033754,1190,0.7094607949256897,0.546875,NO,,,
1.2552742616033754,1190,0.7094607949256897,0.546875,NO,,,
1.2552742616033754,1190,0.7094607949256897,0.546875,NO,,,
1.2552742616033754,1190,0.7094607949256897,0.546875,NO,,,
1.2658227848101267,1200,0.7503789067268372,0.484375,NO,,,
1.2658227848101267,1200,0.7503789067268372,0.484375,NO,,,
1.2658227848101267,1200,0.7503789067268372,0.484375,NO,,,
1.2658227848101267,1200,0.7503789067268372,0.484375,NO,,,
1.2658227848101267,1200,0.7503789067268372,0.484375,NO,,,
1.2658227848101267,1200,0.7503789067268372,0.484375,NO,,,
1.2658227848101267,1200,0.7503789067268372,0.484375,NO,,,
1.2658227848101267,1200,0.7503789067268372,0.484375,NO,,,
1.2658227848101267,1200,0.7503789067268372,0.484375,NO,,,
1.2658227848101267,1200,0.7503789067268372,0.484375,NO,,,
1.2763713080168777,1210,0.739382803440094,0.5,NO,,,
1.2763713080168777,1210,0.739382803440094,0.5,NO,,,
1.2763713080168777,1210,0.739382803440094,0.5,NO,,,
1.2763713080168777,1210,0.739382803440094,0.5,NO,,,
1.2763713080168777,1210,0.739382803440094,0.5,NO,,,
1.2763713080168777,1210,0.739382803440094,0.5,NO,,,
1.2763713080168777,1210,0.739382803440094,0.5,NO,,,
1.2763713080168777,1210,0.739382803440094,0.5,NO,,,
1.2763713080168777,1210,0.739382803440094,0.5,NO,,,
1.2763713080168777,1210,0.739382803440094,0.5,NO,,,
1.2869198312236287,1220,0.7102747559547424,0.609375,NO,,,
1.2869198312236287,1220,0.7102747559547424,0.609375,NO,,,
1.2869198312236287,1220,0.7102747559547424,0.609375,NO,,,
1.2869198312236287,1220,0.7102747559547424,0.609375,NO,,,
1.2869198312236287,1220,0.7102747559547424,0.609375,NO,,,
1.2869198312236287,1220,0.7102747559547424,0.609375,NO,,,
1.2869198312236287,1220,0.7102747559547424,0.609375,NO,,,
1.2869198312236287,1220,0.7102747559547424,0.609375,NO,,,
1.2869198312236287,1220,0.7102747559547424,0.609375,NO,,,
1.2869198312236287,1220,0.7102747559547424,0.609375,NO,,,
1.2974683544303798,1230,0.7258791327476501,0.546875,NO,,,
1.2974683544303798,1230,0.7258791327476501,0.546875,NO,,,
1.2974683544303798,1230,0.7258791327476501,0.546875,NO,,,
1.2974683544303798,1230,0.7258791327476501,0.546875,NO,,,
1.2974683544303798,1230,0.7258791327476501,0.546875,NO,,,
1.2974683544303798,1230,0.7258791327476501,0.546875,NO,,,
1.2974683544303798,1230,0.7258791327476501,0.546875,NO,,,
1.2974683544303798,1230,0.7258791327476501,0.546875,NO,,,
1.2974683544303798,1230,0.7258791327476501,0.546875,NO,,,
1.2974683544303798,1230,0.7258791327476501,0.546875,NO,,,
1.3080168776371308,1240,0.632807731628418,0.6875,NO,,,
1.3080168776371308,1240,0.632807731628418,0.6875,NO,,,
1.3080168776371308,1240,0.632807731628418,0.6875,NO,,,
1.3080168776371308,1240,0.632807731628418,0.6875,NO,,,
1.3080168776371308,1240,0.632807731628418,0.6875,NO,,,
1.3080168776371308,1240,0.632807731628418,0.6875,NO,,,
1.3080168776371308,1240,0.632807731628418,0.6875,NO,,,
1.3080168776371308,1240,0.632807731628418,0.6875,NO,,,
1.3080168776371308,1240,0.632807731628418,0.6875,NO,,,
1.3080168776371308,1240,0.632807731628418,0.6875,NO,,,
1.3185654008438819,1250,0.681155800819397,0.6875,NO,,,
1.3185654008438819,1250,0.681155800819397,0.6875,NO,,,
1.3185654008438819,1250,0.681155800819397,0.6875,NO,,,
1.3185654008438819,1250,0.681155800819397,0.6875,NO,,,
1.3185654008438819,1250,0.681155800819397,0.6875,NO,,,
1.3185654008438819,1250,0.681155800819397,0.6875,NO,,,
1.3185654008438819,1250,0.681155800819397,0.6875,NO,,,
1.3185654008438819,1250,0.681155800819397,0.6875,NO,,,
1.3185654008438819,1250,0.681155800819397,0.6875,NO,,,
1.3185654008438819,1250,0.681155800819397,0.6875,NO,,,
1.3291139240506329,1260,0.8031212091445923,0.546875,NO,,,
1.3291139240506329,1260,0.8031212091445923,0.546875,NO,,,
1.3291139240506329,1260,0.8031212091445923,0.546875,NO,,,
1.3291139240506329,1260,0.8031212091445923,0.546875,NO,,,
1.3291139240506329,1260,0.8031212091445923,0.546875,NO,,,
1.3291139240506329,1260,0.8031212091445923,0.546875,NO,,,
1.3291139240506329,1260,0.8031212091445923,0.546875,NO,,,
1.3291139240506329,1260,0.8031212091445923,0.546875,NO,,,
1.3291139240506329,1260,0.8031212091445923,0.546875,NO,,,
1.3291139240506329,1260,0.8031212091445923,0.546875,NO,,,
1.339662447257384,1270,0.7453057765960693,0.5,NO,,,
1.339662447257384,1270,0.7453057765960693,0.5,NO,,,
1.339662447257384,1270,0.7453057765960693,0.5,NO,,,
1.339662447257384,1270,0.7453057765960693,0.5,NO,,,
1.339662447257384,1270,0.7453057765960693,0.5,NO,,,
1.339662447257384,1270,0.7453057765960693,0.5,NO,,,
1.339662447257384,1270,0.7453057765960693,0.5,NO,,,
1.339662447257384,1270,0.7453057765960693,0.5,NO,,,
1.339662447257384,1270,0.7453057765960693,0.5,NO,,,
1.339662447257384,1270,0.7453057765960693,0.5,NO,,,
1.350210970464135,1280,0.7640292048454285,0.53125,NO,,,
1.350210970464135,1280,0.7640292048454285,0.53125,NO,,,
1.350210970464135,1280,0.7640292048454285,0.53125,NO,,,
1.350210970464135,1280,0.7640292048454285,0.53125,NO,,,
1.350210970464135,1280,0.7640292048454285,0.53125,NO,,,
1.350210970464135,1280,0.7640292048454285,0.53125,NO,,,
1.350210970464135,1280,0.7640292048454285,0.53125,NO,,,
1.350210970464135,1280,0.7640292048454285,0.53125,NO,,,
1.350210970464135,1280,0.7640292048454285,0.53125,NO,,,
1.350210970464135,1280,0.7640292048454285,0.53125,NO,,,
1.360759493670886,1290,0.7829325795173645,0.46875,NO,,,
1.360759493670886,1290,0.7829325795173645,0.46875,NO,,,
1.360759493670886,1290,0.7829325795173645,0.46875,NO,,,
1.360759493670886,1290,0.7829325795173645,0.46875,NO,,,
1.360759493670886,1290,0.7829325795173645,0.46875,NO,,,
1.360759493670886,1290,0.7829325795173645,0.46875,NO,,,
1.360759493670886,1290,0.7829325795173645,0.46875,NO,,,
1.360759493670886,1290,0.7829325795173645,0.46875,NO,,,
1.360759493670886,1290,0.7829325795173645,0.46875,NO,,,
1.360759493670886,1290,0.7829325795173645,0.46875,NO,,,
1.371308016877637,1300,0.6495355367660522,0.640625,NO,,,
1.371308016877637,1300,0.6495355367660522,0.640625,NO,,,
1.371308016877637,1300,0.6495355367660522,0.640625,NO,,,
1.371308016877637,1300,0.6495355367660522,0.640625,NO,,,
1.371308016877637,1300,0.6495355367660522,0.640625,NO,,,
1.371308016877637,1300,0.6495355367660522,0.640625,NO,,,
1.371308016877637,1300,0.6495355367660522,0.640625,NO,,,
1.371308016877637,1300,0.6495355367660522,0.640625,NO,,,
1.371308016877637,1300,0.6495355367660522,0.640625,NO,,,
1.371308016877637,1300,0.6495355367660522,0.640625,NO,,,
1.3818565400843883,1310,0.7207037806510925,0.5,NO,,,
1.3818565400843883,1310,0.7207037806510925,0.5,NO,,,
1.3818565400843883,1310,0.7207037806510925,0.5,NO,,,
1.3818565400843883,1310,0.7207037806510925,0.5,NO,,,
1.3818565400843883,1310,0.7207037806510925,0.5,NO,,,
1.3818565400843883,1310,0.7207037806510925,0.5,NO,,,
1.3818565400843883,1310,0.7207037806510925,0.5,NO,,,
1.3818565400843883,1310,0.7207037806510925,0.5,NO,,,
1.3818565400843883,1310,0.7207037806510925,0.5,NO,,,
1.3818565400843883,1310,0.7207037806510925,0.5,NO,,,
1.3924050632911391,1320,1.058046579360962,0.453125,NO,,,
1.3924050632911391,1320,1.058046579360962,0.453125,NO,,,
1.3924050632911391,1320,1.058046579360962,0.453125,NO,,,
1.3924050632911391,1320,1.058046579360962,0.453125,NO,,,
1.3924050632911391,1320,1.058046579360962,0.453125,NO,,,
1.3924050632911391,1320,1.058046579360962,0.453125,NO,,,
1.3924050632911391,1320,1.058046579360962,0.453125,NO,,,
1.3924050632911391,1320,1.058046579360962,0.453125,NO,,,
1.3924050632911391,1320,1.058046579360962,0.453125,NO,,,
1.3924050632911391,1320,1.058046579360962,0.453125,NO,,,
1.4029535864978904,1330,0.6512237787246704,0.6875,NO,,,
1.4029535864978904,1330,0.6512237787246704,0.6875,NO,,,
1.4029535864978904,1330,0.6512237787246704,0.6875,NO,,,
1.4029535864978904,1330,0.6512237787246704,0.6875,NO,,,
1.4029535864978904,1330,0.6512237787246704,0.6875,NO,,,
1.4029535864978904,1330,0.6512237787246704,0.6875,NO,,,
1.4029535864978904,1330,0.6512237787246704,0.6875,NO,,,
1.4029535864978904,1330,0.6512237787246704,0.6875,NO,,,
1.4029535864978904,1330,0.6512237787246704,0.6875,NO,,,
1.4029535864978904,1330,0.6512237787246704,0.6875,NO,,,
1.4135021097046414,1340,0.7143133282661438,0.5,NO,,,
1.4135021097046414,1340,0.7143133282661438,0.5,NO,,,
1.4135021097046414,1340,0.7143133282661438,0.5,NO,,,
1.4135021097046414,1340,0.7143133282661438,0.5,NO,,,
1.4135021097046414,1340,0.7143133282661438,0.5,NO,,,
1.4135021097046414,1340,0.7143133282661438,0.5,NO,,,
1.4135021097046414,1340,0.7143133282661438,0.5,NO,,,
1.4135021097046414,1340,0.7143133282661438,0.5,NO,,,
1.4135021097046414,1340,0.7143133282661438,0.5,NO,,,
1.4135021097046414,1340,0.7143133282661438,0.5,NO,,,
1.4240506329113924,1350,0.7309975624084473,0.484375,NO,,,
1.4240506329113924,1350,0.7309975624084473,0.484375,NO,,,
1.4240506329113924,1350,0.7309975624084473,0.484375,NO,,,
1.4240506329113924,1350,0.7309975624084473,0.484375,NO,,,
1.4240506329113924,1350,0.7309975624084473,0.484375,NO,,,
1.4240506329113924,1350,0.7309975624084473,0.484375,NO,,,
1.4240506329113924,1350,0.7309975624084473,0.484375,NO,,,
1.4240506329113924,1350,0.7309975624084473,0.484375,NO,,,
1.4240506329113924,1350,0.7309975624084473,0.484375,NO,,,
1.4240506329113924,1350,0.7309975624084473,0.484375,NO,,,
1.4345991561181435,1360,0.7390154004096985,0.484375,NO,,,
1.4345991561181435,1360,0.7390154004096985,0.484375,NO,,,
1.4345991561181435,1360,0.7390154004096985,0.484375,NO,,,
1.4345991561181435,1360,0.7390154004096985,0.484375,NO,,,
1.4345991561181435,1360,0.7390154004096985,0.484375,NO,,,
1.4345991561181435,1360,0.7390154004096985,0.484375,NO,,,
1.4345991561181435,1360,0.7390154004096985,0.484375,NO,,,
1.4345991561181435,1360,0.7390154004096985,0.484375,NO,,,
1.4345991561181435,1360,0.7390154004096985,0.484375,NO,,,
1.4345991561181435,1360,0.7390154004096985,0.484375,NO,,,
1.4451476793248945,1370,0.8223670125007629,0.390625,NO,,,
1.4451476793248945,1370,0.8223670125007629,0.390625,NO,,,
1.4451476793248945,1370,0.8223670125007629,0.390625,NO,,,
1.4451476793248945,1370,0.8223670125007629,0.390625,NO,,,
1.4451476793248945,1370,0.8223670125007629,0.390625,NO,,,
1.4451476793248945,1370,0.8223670125007629,0.390625,NO,,,
1.4451476793248945,1370,0.8223670125007629,0.390625,NO,,,
1.4451476793248945,1370,0.8223670125007629,0.390625,NO,,,
1.4451476793248945,1370,0.8223670125007629,0.390625,NO,,,
1.4451476793248945,1370,0.8223670125007629,0.390625,NO,,,
1.4556962025316456,1380,0.8306012153625488,0.34375,NO,,,
1.4556962025316456,1380,0.8306012153625488,0.34375,NO,,,
1.4556962025316456,1380,0.8306012153625488,0.34375,NO,,,
1.4556962025316456,1380,0.8306012153625488,0.34375,NO,,,
1.4556962025316456,1380,0.8306012153625488,0.34375,NO,,,
1.4556962025316456,1380,0.8306012153625488,0.34375,NO,,,
1.4556962025316456,1380,0.8306012153625488,0.34375,NO,,,
1.4556962025316456,1380,0.8306012153625488,0.34375,NO,,,
1.4556962025316456,1380,0.8306012153625488,0.34375,NO,,,
1.4556962025316456,1380,0.8306012153625488,0.34375,NO,,,
1.4662447257383966,1390,0.6541834473609924,0.6875,NO,,,
1.4662447257383966,1390,0.6541834473609924,0.6875,NO,,,
1.4662447257383966,1390,0.6541834473609924,0.6875,NO,,,
1.4662447257383966,1390,0.6541834473609924,0.6875,NO,,,
1.4662447257383966,1390,0.6541834473609924,0.6875,NO,,,
1.4662447257383966,1390,0.6541834473609924,0.6875,NO,,,
1.4662447257383966,1390,0.6541834473609924,0.6875,NO,,,
1.4662447257383966,1390,0.6541834473609924,0.6875,NO,,,
1.4662447257383966,1390,0.6541834473609924,0.6875,NO,,,
1.4662447257383966,1390,0.6541834473609924,0.6875,NO,,,
1.4767932489451476,1400,0.8054477572441101,0.390625,NO,,,
1.4767932489451476,1400,0.8054477572441101,0.390625,NO,,,
1.4767932489451476,1400,0.8054477572441101,0.390625,NO,,,
1.4767932489451476,1400,0.8054477572441101,0.390625,NO,,,
1.4767932489451476,1400,0.8054477572441101,0.390625,NO,,,
1.4767932489451476,1400,0.8054477572441101,0.390625,NO,,,
1.4767932489451476,1400,0.8054477572441101,0.390625,NO,,,
1.4767932489451476,1400,0.8054477572441101,0.390625,NO,,,
1.4767932489451476,1400,0.8054477572441101,0.390625,NO,,,
1.4767932489451476,1400,0.8054477572441101,0.390625,NO,,,
1.4873417721518987,1410,0.7088961005210876,0.578125,NO,,,
1.4873417721518987,1410,0.7088961005210876,0.578125,NO,,,
1.4873417721518987,1410,0.7088961005210876,0.578125,NO,,,
1.4873417721518987,1410,0.7088961005210876,0.578125,NO,,,
1.4873417721518987,1410,0.7088961005210876,0.578125,NO,,,
1.4873417721518987,1410,0.7088961005210876,0.578125,NO,,,
1.4873417721518987,1410,0.7088961005210876,0.578125,NO,,,
1.4873417721518987,1410,0.7088961005210876,0.578125,NO,,,
1.4873417721518987,1410,0.7088961005210876,0.578125,NO,,,
1.4873417721518987,1410,0.7088961005210876,0.578125,NO,,,
1.49789029535865,1420,0.6897494792938232,0.53125,NO,,,
1.49789029535865,1420,0.6897494792938232,0.53125,NO,,,
1.49789029535865,1420,0.6897494792938232,0.53125,NO,,,
1.49789029535865,1420,0.6897494792938232,0.53125,NO,,,
1.49789029535865,1420,0.6897494792938232,0.53125,NO,,,
1.49789029535865,1420,0.6897494792938232,0.53125,NO,,,
1.49789029535865,1420,0.6897494792938232,0.53125,NO,,,
1.49789029535865,1420,0.6897494792938232,0.53125,NO,,,
1.49789029535865,1420,0.6897494792938232,0.53125,NO,,,
1.49789029535865,1420,0.6897494792938232,0.53125,NO,,,
1.5084388185654007,1430,0.7915065884590149,0.453125,NO,,,
1.5084388185654007,1430,0.7915065884590149,0.453125,NO,,,
1.5084388185654007,1430,0.7915065884590149,0.453125,NO,,,
1.5084388185654007,1430,0.7915065884590149,0.453125,NO,,,
1.5084388185654007,1430,0.7915065884590149,0.453125,NO,,,
1.5084388185654007,1430,0.7915065884590149,0.453125,NO,,,
1.5084388185654007,1430,0.7915065884590149,0.453125,NO,,,
1.5084388185654007,1430,0.7915065884590149,0.453125,NO,,,
1.5084388185654007,1430,0.7915065884590149,0.453125,NO,,,
1.5084388185654007,1430,0.7915065884590149,0.453125,NO,,,
1.518987341772152,1440,0.6923165917396545,0.5625,NO,,,
1.518987341772152,1440,0.6923165917396545,0.5625,NO,,,
1.518987341772152,1440,0.6923165917396545,0.5625,NO,,,
1.518987341772152,1440,0.6923165917396545,0.5625,NO,,,
1.518987341772152,1440,0.6923165917396545,0.5625,NO,,,
1.518987341772152,1440,0.6923165917396545,0.5625,NO,,,
1.518987341772152,1440,0.6923165917396545,0.5625,NO,,,
1.518987341772152,1440,0.6923165917396545,0.5625,NO,,,
1.518987341772152,1440,0.6923165917396545,0.5625,NO,,,
1.518987341772152,1440,0.6923165917396545,0.5625,NO,,,
1.5295358649789028,1450,0.6853184700012207,0.546875,NO,,,
1.5295358649789028,1450,0.6853184700012207,0.546875,NO,,,
1.5295358649789028,1450,0.6853184700012207,0.546875,NO,,,
1.5295358649789028,1450,0.6853184700012207,0.546875,NO,,,
1.5295358649789028,1450,0.6853184700012207,0.546875,NO,,,
1.5295358649789028,1450,0.6853184700012207,0.546875,NO,,,
1.5295358649789028,1450,0.6853184700012207,0.546875,NO,,,
1.5295358649789028,1450,0.6853184700012207,0.546875,NO,,,
1.5295358649789028,1450,0.6853184700012207,0.546875,NO,,,
1.5295358649789028,1450,0.6853184700012207,0.546875,NO,,,
1.540084388185654,1460,0.7331199049949646,0.5,NO,,,
1.540084388185654,1460,0.7331199049949646,0.5,NO,,,
1.540084388185654,1460,0.7331199049949646,0.5,NO,,,
1.540084388185654,1460,0.7331199049949646,0.5,NO,,,
1.540084388185654,1460,0.7331199049949646,0.5,NO,,,
1.540084388185654,1460,0.7331199049949646,0.5,NO,,,
1.540084388185654,1460,0.7331199049949646,0.5,NO,,,
1.540084388185654,1460,0.7331199049949646,0.5,NO,,,
1.540084388185654,1460,0.7331199049949646,0.5,NO,,,
1.540084388185654,1460,0.7331199049949646,0.5,NO,,,
1.5506329113924051,1470,0.7495023012161255,0.453125,NO,,,
1.5506329113924051,1470,0.7495023012161255,0.453125,NO,,,
1.5506329113924051,1470,0.7495023012161255,0.453125,NO,,,
1.5506329113924051,1470,0.7495023012161255,0.453125,NO,,,
1.5506329113924051,1470,0.7495023012161255,0.453125,NO,,,
1.5506329113924051,1470,0.7495023012161255,0.453125,NO,,,
1.5506329113924051,1470,0.7495023012161255,0.453125,NO,,,
1.5506329113924051,1470,0.7495023012161255,0.453125,NO,,,
1.5506329113924051,1470,0.7495023012161255,0.453125,NO,,,
1.5506329113924051,1470,0.7495023012161255,0.453125,NO,,,
1.5611814345991561,1480,0.7723342776298523,0.4375,NO,,,
1.5611814345991561,1480,0.7723342776298523,0.4375,NO,,,
1.5611814345991561,1480,0.7723342776298523,0.4375,NO,,,
1.5611814345991561,1480,0.7723342776298523,0.4375,NO,,,
1.5611814345991561,1480,0.7723342776298523,0.4375,NO,,,
1.5611814345991561,1480,0.7723342776298523,0.4375,NO,,,
1.5611814345991561,1480,0.7723342776298523,0.4375,NO,,,
1.5611814345991561,1480,0.7723342776298523,0.4375,NO,,,
1.5611814345991561,1480,0.7723342776298523,0.4375,NO,,,
1.5611814345991561,1480,0.7723342776298523,0.4375,NO,,,
1.5717299578059072,1490,0.7072350382804871,0.59375,NO,,,
1.5717299578059072,1490,0.7072350382804871,0.59375,NO,,,
1.5717299578059072,1490,0.7072350382804871,0.59375,NO,,,
1.5717299578059072,1490,0.7072350382804871,0.59375,NO,,,
1.5717299578059072,1490,0.7072350382804871,0.59375,NO,,,
1.5717299578059072,1490,0.7072350382804871,0.59375,NO,,,
1.5717299578059072,1490,0.7072350382804871,0.59375,NO,,,
1.5717299578059072,1490,0.7072350382804871,0.59375,NO,,,
1.5717299578059072,1490,0.7072350382804871,0.59375,NO,,,
1.5717299578059072,1490,0.7072350382804871,0.59375,NO,,,
1.5822784810126582,1500,0.7770414352416992,0.484375,NO,,,
1.5822784810126582,1500,0.7770414352416992,0.484375,NO,,,
1.5822784810126582,1500,0.7770414352416992,0.484375,NO,,,
1.5822784810126582,1500,0.7770414352416992,0.484375,NO,,,
1.5822784810126582,1500,0.7770414352416992,0.484375,NO,,,
1.5822784810126582,1500,0.7770414352416992,0.484375,NO,,,
1.5822784810126582,1500,0.7770414352416992,0.484375,NO,,,
1.5822784810126582,1500,0.7770414352416992,0.484375,NO,,,
1.5822784810126582,1500,0.7770414352416992,0.484375,NO,,,
1.5822784810126582,1500,0.7770414352416992,0.484375,NO,,,
1.5928270042194093,1510,0.7507191896438599,0.4375,NO,,,
1.5928270042194093,1510,0.7507191896438599,0.4375,NO,,,
1.5928270042194093,1510,0.7507191896438599,0.4375,NO,,,
1.5928270042194093,1510,0.7507191896438599,0.4375,NO,,,
1.5928270042194093,1510,0.7507191896438599,0.4375,NO,,,
1.5928270042194093,1510,0.7507191896438599,0.4375,NO,,,
1.5928270042194093,1510,0.7507191896438599,0.4375,NO,,,
1.5928270042194093,1510,0.7507191896438599,0.4375,NO,,,
1.5928270042194093,1510,0.7507191896438599,0.4375,NO,,,
1.5928270042194093,1510,0.7507191896438599,0.4375,NO,,,
1.6033755274261603,1520,0.7328338027000427,0.59375,NO,,,
1.6033755274261603,1520,0.7328338027000427,0.59375,NO,,,
1.6033755274261603,1520,0.7328338027000427,0.59375,NO,,,
1.6033755274261603,1520,0.7328338027000427,0.59375,NO,,,
1.6033755274261603,1520,0.7328338027000427,0.59375,NO,,,
1.6033755274261603,1520,0.7328338027000427,0.59375,NO,,,
1.6033755274261603,1520,0.7328338027000427,0.59375,NO,,,
1.6033755274261603,1520,0.7328338027000427,0.59375,NO,,,
1.6033755274261603,1520,0.7328338027000427,0.59375,NO,,,
1.6033755274261603,1520,0.7328338027000427,0.59375,NO,,,
1.6139240506329116,1530,0.755879282951355,0.515625,NO,,,
1.6139240506329116,1530,0.755879282951355,0.515625,NO,,,
1.6139240506329116,1530,0.755879282951355,0.515625,NO,,,
1.6139240506329116,1530,0.755879282951355,0.515625,NO,,,
1.6139240506329116,1530,0.755879282951355,0.515625,NO,,,
1.6139240506329116,1530,0.755879282951355,0.515625,NO,,,
1.6139240506329116,1530,0.755879282951355,0.515625,NO,,,
1.6139240506329116,1530,0.755879282951355,0.515625,NO,,,
1.6139240506329116,1530,0.755879282951355,0.515625,NO,,,
1.6139240506329116,1530,0.755879282951355,0.515625,NO,,,
1.6244725738396624,1540,0.795437753200531,0.515625,NO,,,
1.6244725738396624,1540,0.795437753200531,0.515625,NO,,,
1.6244725738396624,1540,0.795437753200531,0.515625,NO,,,
1.6244725738396624,1540,0.795437753200531,0.515625,NO,,,
1.6244725738396624,1540,0.795437753200531,0.515625,NO,,,
1.6244725738396624,1540,0.795437753200531,0.515625,NO,,,
1.6244725738396624,1540,0.795437753200531,0.515625,NO,,,
1.6244725738396624,1540,0.795437753200531,0.515625,NO,,,
1.6244725738396624,1540,0.795437753200531,0.515625,NO,,,
1.6244725738396624,1540,0.795437753200531,0.515625,NO,,,
1.6350210970464136,1550,0.7371307611465454,0.515625,NO,,,
1.6350210970464136,1550,0.7371307611465454,0.515625,NO,,,
1.6350210970464136,1550,0.7371307611465454,0.515625,NO,,,
1.6350210970464136,1550,0.7371307611465454,0.515625,NO,,,
1.6350210970464136,1550,0.7371307611465454,0.515625,NO,,,
1.6350210970464136,1550,0.7371307611465454,0.515625,NO,,,
1.6350210970464136,1550,0.7371307611465454,0.515625,NO,,,
1.6350210970464136,1550,0.7371307611465454,0.515625,NO,,,
1.6350210970464136,1550,0.7371307611465454,0.515625,NO,,,
1.6350210970464136,1550,0.7371307611465454,0.515625,NO,,,
1.6455696202531644,1560,0.6432744264602661,0.59375,NO,,,
1.6455696202531644,1560,0.6432744264602661,0.59375,NO,,,
1.6455696202531644,1560,0.6432744264602661,0.59375,NO,,,
1.6455696202531644,1560,0.6432744264602661,0.59375,NO,,,
1.6455696202531644,1560,0.6432744264602661,0.59375,NO,,,
1.6455696202531644,1560,0.6432744264602661,0.59375,NO,,,
1.6455696202531644,1560,0.6432744264602661,0.59375,NO,,,
1.6455696202531644,1560,0.6432744264602661,0.59375,NO,,,
1.6455696202531644,1560,0.6432744264602661,0.59375,NO,,,
1.6455696202531644,1560,0.6432744264602661,0.59375,NO,,,
1.6561181434599157,1570,0.7167599201202393,0.59375,NO,,,
1.6561181434599157,1570,0.7167599201202393,0.59375,NO,,,
1.6561181434599157,1570,0.7167599201202393,0.59375,NO,,,
1.6561181434599157,1570,0.7167599201202393,0.59375,NO,,,
1.6561181434599157,1570,0.7167599201202393,0.59375,NO,,,
1.6561181434599157,1570,0.7167599201202393,0.59375,NO,,,
1.6561181434599157,1570,0.7167599201202393,0.59375,NO,,,
1.6561181434599157,1570,0.7167599201202393,0.59375,NO,,,
1.6561181434599157,1570,0.7167599201202393,0.59375,NO,,,
1.6561181434599157,1570,0.7167599201202393,0.59375,NO,,,
1.6666666666666665,1580,0.6418822407722473,0.59375,NO,,,
1.6666666666666665,1580,0.6418822407722473,0.59375,NO,,,
1.6666666666666665,1580,0.6418822407722473,0.59375,NO,,,
1.6666666666666665,1580,0.6418822407722473,0.59375,NO,,,
1.6666666666666665,1580,0.6418822407722473,0.59375,NO,,,
1.6666666666666665,1580,0.6418822407722473,0.59375,NO,,,
1.6666666666666665,1580,0.6418822407722473,0.59375,NO,,,
1.6666666666666665,1580,0.6418822407722473,0.59375,NO,,,
1.6666666666666665,1580,0.6418822407722473,0.59375,NO,,,
1.6666666666666665,1580,0.6418822407722473,0.59375,NO,,,
1.6772151898734178,1590,0.7014979124069214,0.53125,NO,,,
1.6772151898734178,1590,0.7014979124069214,0.53125,NO,,,
1.6772151898734178,1590,0.7014979124069214,0.53125,NO,,,
1.6772151898734178,1590,0.7014979124069214,0.53125,NO,,,
1.6772151898734178,1590,0.7014979124069214,0.53125,NO,,,
1.6772151898734178,1590,0.7014979124069214,0.53125,NO,,,
1.6772151898734178,1590,0.7014979124069214,0.53125,NO,,,
1.6772151898734178,1590,0.7014979124069214,0.53125,NO,,,
1.6772151898734178,1590,0.7014979124069214,0.53125,NO,,,
1.6772151898734178,1590,0.7014979124069214,0.53125,NO,,,
1.6877637130801688,1600,0.7604328393936157,0.546875,NO,,,
1.6877637130801688,1600,0.7604328393936157,0.546875,NO,,,
1.6877637130801688,1600,0.7604328393936157,0.546875,NO,,,
1.6877637130801688,1600,0.7604328393936157,0.546875,NO,,,
1.6877637130801688,1600,0.7604328393936157,0.546875,NO,,,
1.6877637130801688,1600,0.7604328393936157,0.546875,NO,,,
1.6877637130801688,1600,0.7604328393936157,0.546875,NO,,,
1.6877637130801688,1600,0.7604328393936157,0.546875,NO,,,
1.6877637130801688,1600,0.7604328393936157,0.546875,NO,,,
1.6877637130801688,1600,0.7604328393936157,0.546875,NO,,,
1.6983122362869199,1610,0.7096879482269287,0.546875,NO,,,
1.6983122362869199,1610,0.7096879482269287,0.546875,NO,,,
1.6983122362869199,1610,0.7096879482269287,0.546875,NO,,,
1.6983122362869199,1610,0.7096879482269287,0.546875,NO,,,
1.6983122362869199,1610,0.7096879482269287,0.546875,NO,,,
1.6983122362869199,1610,0.7096879482269287,0.546875,NO,,,
1.6983122362869199,1610,0.7096879482269287,0.546875,NO,,,
1.6983122362869199,1610,0.7096879482269287,0.546875,NO,,,
1.6983122362869199,1610,0.7096879482269287,0.546875,NO,,,
1.6983122362869199,1610,0.7096879482269287,0.546875,NO,,,
1.7088607594936709,1620,0.7095249891281128,0.546875,NO,,,
1.7088607594936709,1620,0.7095249891281128,0.546875,NO,,,
1.7088607594936709,1620,0.7095249891281128,0.546875,NO,,,
1.7088607594936709,1620,0.7095249891281128,0.546875,NO,,,
1.7088607594936709,1620,0.7095249891281128,0.546875,NO,,,
1.7088607594936709,1620,0.7095249891281128,0.546875,NO,,,
1.7088607594936709,1620,0.7095249891281128,0.546875,NO,,,
1.7088607594936709,1620,0.7095249891281128,0.546875,NO,,,
1.7088607594936709,1620,0.7095249891281128,0.546875,NO,,,
1.7088607594936709,1620,0.7095249891281128,0.546875,NO,,,
1.719409282700422,1630,0.7785332798957825,0.546875,NO,,,
1.719409282700422,1630,0.7785332798957825,0.546875,NO,,,
1.719409282700422,1630,0.7785332798957825,0.546875,NO,,,
1.719409282700422,1630,0.7785332798957825,0.546875,NO,,,
1.719409282700422,1630,0.7785332798957825,0.546875,NO,,,
1.719409282700422,1630,0.7785332798957825,0.546875,NO,,,
1.719409282700422,1630,0.7785332798957825,0.546875,NO,,,
1.719409282700422,1630,0.7785332798957825,0.546875,NO,,,
1.719409282700422,1630,0.7785332798957825,0.546875,NO,,,
1.719409282700422,1630,0.7785332798957825,0.546875,NO,,,
1.729957805907173,1640,0.6815205216407776,0.546875,NO,,,
1.729957805907173,1640,0.6815205216407776,0.546875,NO,,,
1.729957805907173,1640,0.6815205216407776,0.546875,NO,,,
1.729957805907173,1640,0.6815205216407776,0.546875,NO,,,
1.729957805907173,1640,0.6815205216407776,0.546875,NO,,,
1.729957805907173,1640,0.6815205216407776,0.546875,NO,,,
1.729957805907173,1640,0.6815205216407776,0.546875,NO,,,
1.729957805907173,1640,0.6815205216407776,0.546875,NO,,,
1.729957805907173,1640,0.6815205216407776,0.546875,NO,,,
1.729957805907173,1640,0.6815205216407776,0.546875,NO,,,
1.740506329113924,1650,0.757309079170227,0.4375,NO,,,
1.740506329113924,1650,0.757309079170227,0.4375,NO,,,
1.740506329113924,1650,0.757309079170227,0.4375,NO,,,
1.740506329113924,1650,0.757309079170227,0.4375,NO,,,
1.740506329113924,1650,0.757309079170227,0.4375,NO,,,
1.740506329113924,1650,0.757309079170227,0.4375,NO,,,
1.740506329113924,1650,0.757309079170227,0.4375,NO,,,
1.740506329113924,1650,0.757309079170227,0.4375,NO,,,
1.740506329113924,1650,0.757309079170227,0.4375,NO,,,
1.740506329113924,1650,0.757309079170227,0.4375,NO,,,
1.7510548523206753,1660,0.8665853142738342,0.421875,NO,,,
1.7510548523206753,1660,0.8665853142738342,0.421875,NO,,,
1.7510548523206753,1660,0.8665853142738342,0.421875,NO,,,
1.7510548523206753,1660,0.8665853142738342,0.421875,NO,,,
1.7510548523206753,1660,0.8665853142738342,0.421875,NO,,,
1.7510548523206753,1660,0.8665853142738342,0.421875,NO,,,
1.7510548523206753,1660,0.8665853142738342,0.421875,NO,,,
1.7510548523206753,1660,0.8665853142738342,0.421875,NO,,,
1.7510548523206753,1660,0.8665853142738342,0.421875,NO,,,
1.7510548523206753,1660,0.8665853142738342,0.421875,NO,,,
1.761603375527426,1670,0.7872648239135742,0.484375,NO,,,
1.761603375527426,1670,0.7872648239135742,0.484375,NO,,,
1.761603375527426,1670,0.7872648239135742,0.484375,NO,,,
1.761603375527426,1670,0.7872648239135742,0.484375,NO,,,
1.761603375527426,1670,0.7872648239135742,0.484375,NO,,,
1.761603375527426,1670,0.7872648239135742,0.484375,NO,,,
1.761603375527426,1670,0.7872648239135742,0.484375,NO,,,
1.761603375527426,1670,0.7872648239135742,0.484375,NO,,,
1.761603375527426,1670,0.7872648239135742,0.484375,NO,,,
1.761603375527426,1670,0.7872648239135742,0.484375,NO,,,
1.7721518987341773,1680,0.7398846745491028,0.59375,NO,,,
1.7721518987341773,1680,0.7398846745491028,0.59375,NO,,,
1.7721518987341773,1680,0.7398846745491028,0.59375,NO,,,
1.7721518987341773,1680,0.7398846745491028,0.59375,NO,,,
1.7721518987341773,1680,0.7398846745491028,0.59375,NO,,,
1.7721518987341773,1680,0.7398846745491028,0.59375,NO,,,
1.7721518987341773,1680,0.7398846745491028,0.59375,NO,,,
1.7721518987341773,1680,0.7398846745491028,0.59375,NO,,,
1.7721518987341773,1680,0.7398846745491028,0.59375,NO,,,
1.7721518987341773,1680,0.7398846745491028,0.59375,NO,,,
1.7827004219409281,1690,0.7825893759727478,0.421875,NO,,,
1.7827004219409281,1690,0.7825893759727478,0.421875,NO,,,
1.7827004219409281,1690,0.7825893759727478,0.421875,NO,,,
1.7827004219409281,1690,0.7825893759727478,0.421875,NO,,,
1.7827004219409281,1690,0.7825893759727478,0.421875,NO,,,
1.7827004219409281,1690,0.7825893759727478,0.421875,NO,,,
1.7827004219409281,1690,0.7825893759727478,0.421875,NO,,,
1.7827004219409281,1690,0.7825893759727478,0.421875,NO,,,
1.7827004219409281,1690,0.7825893759727478,0.421875,NO,,,
1.7827004219409281,1690,0.7825893759727478,0.421875,NO,,,
1.7932489451476794,1700,0.7306770086288452,0.484375,NO,,,
1.7932489451476794,1700,0.7306770086288452,0.484375,NO,,,
1.7932489451476794,1700,0.7306770086288452,0.484375,NO,,,
1.7932489451476794,1700,0.7306770086288452,0.484375,NO,,,
1.7932489451476794,1700,0.7306770086288452,0.484375,NO,,,
1.7932489451476794,1700,0.7306770086288452,0.484375,NO,,,
1.7932489451476794,1700,0.7306770086288452,0.484375,NO,,,
1.7932489451476794,1700,0.7306770086288452,0.484375,NO,,,
1.7932489451476794,1700,0.7306770086288452,0.484375,NO,,,
1.7932489451476794,1700,0.7306770086288452,0.484375,NO,,,
1.8037974683544302,1710,0.8197222948074341,0.453125,NO,,,
1.8037974683544302,1710,0.8197222948074341,0.453125,NO,,,
1.8037974683544302,1710,0.8197222948074341,0.453125,NO,,,
1.8037974683544302,1710,0.8197222948074341,0.453125,NO,,,
1.8037974683544302,1710,0.8197222948074341,0.453125,NO,,,
1.8037974683544302,1710,0.8197222948074341,0.453125,NO,,,
1.8037974683544302,1710,0.8197222948074341,0.453125,NO,,,
1.8037974683544302,1710,0.8197222948074341,0.453125,NO,,,
1.8037974683544302,1710,0.8197222948074341,0.453125,NO,,,
1.8037974683544302,1710,0.8197222948074341,0.453125,NO,,,
1.8143459915611815,1720,0.7777398228645325,0.453125,NO,,,
1.8143459915611815,1720,0.7777398228645325,0.453125,NO,,,
1.8143459915611815,1720,0.7777398228645325,0.453125,NO,,,
1.8143459915611815,1720,0.7777398228645325,0.453125,NO,,,
1.8143459915611815,1720,0.7777398228645325,0.453125,NO,,,
1.8143459915611815,1720,0.7777398228645325,0.453125,NO,,,
1.8143459915611815,1720,0.7777398228645325,0.453125,NO,,,
1.8143459915611815,1720,0.7777398228645325,0.453125,NO,,,
1.8143459915611815,1720,0.7777398228645325,0.453125,NO,,,
1.8143459915611815,1720,0.7777398228645325,0.453125,NO,,,
1.8248945147679325,1730,0.7419624328613281,0.484375,NO,,,
1.8248945147679325,1730,0.7419624328613281,0.484375,NO,,,
1.8248945147679325,1730,0.7419624328613281,0.484375,NO,,,
1.8248945147679325,1730,0.7419624328613281,0.484375,NO,,,
1.8248945147679325,1730,0.7419624328613281,0.484375,NO,,,
1.8248945147679325,1730,0.7419624328613281,0.484375,NO,,,
1.8248945147679325,1730,0.7419624328613281,0.484375,NO,,,
1.8248945147679325,1730,0.7419624328613281,0.484375,NO,,,
1.8248945147679325,1730,0.7419624328613281,0.484375,NO,,,
1.8248945147679325,1730,0.7419624328613281,0.484375,NO,,,
1.8354430379746836,1740,0.7445692420005798,0.421875,NO,,,
1.8354430379746836,1740,0.7445692420005798,0.421875,NO,,,
1.8354430379746836,1740,0.7445692420005798,0.421875,NO,,,
1.8354430379746836,1740,0.7445692420005798,0.421875,NO,,,
1.8354430379746836,1740,0.7445692420005798,0.421875,NO,,,
1.8354430379746836,1740,0.7445692420005798,0.421875,NO,,,
1.8354430379746836,1740,0.7445692420005798,0.421875,NO,,,
1.8354430379746836,1740,0.7445692420005798,0.421875,NO,,,
1.8354430379746836,1740,0.7445692420005798,0.421875,NO,,,
1.8354430379746836,1740,0.7445692420005798,0.421875,NO,,,
1.8459915611814346,1750,0.7808752059936523,0.515625,NO,,,
1.8459915611814346,1750,0.7808752059936523,0.515625,NO,,,
1.8459915611814346,1750,0.7808752059936523,0.515625,NO,,,
1.8459915611814346,1750,0.7808752059936523,0.515625,NO,,,
1.8459915611814346,1750,0.7808752059936523,0.515625,NO,,,
1.8459915611814346,1750,0.7808752059936523,0.515625,NO,,,
1.8459915611814346,1750,0.7808752059936523,0.515625,NO,,,
1.8459915611814346,1750,0.7808752059936523,0.515625,NO,,,
1.8459915611814346,1750,0.7808752059936523,0.515625,NO,,,
1.8459915611814346,1750,0.7808752059936523,0.515625,NO,,,
1.8565400843881856,1760,0.7541154623031616,0.46875,NO,,,
1.8565400843881856,1760,0.7541154623031616,0.46875,NO,,,
1.8565400843881856,1760,0.7541154623031616,0.46875,NO,,,
1.8565400843881856,1760,0.7541154623031616,0.46875,NO,,,
1.8565400843881856,1760,0.7541154623031616,0.46875,NO,,,
1.8565400843881856,1760,0.7541154623031616,0.46875,NO,,,
1.8565400843881856,1760,0.7541154623031616,0.46875,NO,,,
1.8565400843881856,1760,0.7541154623031616,0.46875,NO,,,
1.8565400843881856,1760,0.7541154623031616,0.46875,NO,,,
1.8565400843881856,1760,0.7541154623031616,0.46875,NO,,,
1.8670886075949367,1770,0.7482607364654541,0.484375,NO,,,
1.8670886075949367,1770,0.7482607364654541,0.484375,NO,,,
1.8670886075949367,1770,0.7482607364654541,0.484375,NO,,,
1.8670886075949367,1770,0.7482607364654541,0.484375,NO,,,
1.8670886075949367,1770,0.7482607364654541,0.484375,NO,,,
1.8670886075949367,1770,0.7482607364654541,0.484375,NO,,,
1.8670886075949367,1770,0.7482607364654541,0.484375,NO,,,
1.8670886075949367,1770,0.7482607364654541,0.484375,NO,,,
1.8670886075949367,1770,0.7482607364654541,0.484375,NO,,,
1.8670886075949367,1770,0.7482607364654541,0.484375,NO,,,
1.8776371308016877,1780,0.729563295841217,0.53125,NO,,,
1.8776371308016877,1780,0.729563295841217,0.53125,NO,,,
1.8776371308016877,1780,0.729563295841217,0.53125,NO,,,
1.8776371308016877,1780,0.729563295841217,0.53125,NO,,,
1.8776371308016877,1780,0.729563295841217,0.53125,NO,,,
1.8776371308016877,1780,0.729563295841217,0.53125,NO,,,
1.8776371308016877,1780,0.729563295841217,0.53125,NO,,,
1.8776371308016877,1780,0.729563295841217,0.53125,NO,,,
1.8776371308016877,1780,0.729563295841217,0.53125,NO,,,
1.8776371308016877,1780,0.729563295841217,0.53125,NO,,,
1.888185654008439,1790,0.7066301703453064,0.59375,NO,,,
1.888185654008439,1790,0.7066301703453064,0.59375,NO,,,
1.888185654008439,1790,0.7066301703453064,0.59375,NO,,,
1.888185654008439,1790,0.7066301703453064,0.59375,NO,,,
1.888185654008439,1790,0.7066301703453064,0.59375,NO,,,
1.888185654008439,1790,0.7066301703453064,0.59375,NO,,,
1.888185654008439,1790,0.7066301703453064,0.59375,NO,,,
1.888185654008439,1790,0.7066301703453064,0.59375,NO,,,
1.888185654008439,1790,0.7066301703453064,0.59375,NO,,,
1.888185654008439,1790,0.7066301703453064,0.59375,NO,,,
1.8987341772151898,1800,0.6631986498832703,0.59375,NO,,,
1.8987341772151898,1800,0.6631986498832703,0.59375,NO,,,
1.8987341772151898,1800,0.6631986498832703,0.59375,NO,,,
1.8987341772151898,1800,0.6631986498832703,0.59375,NO,,,
1.8987341772151898,1800,0.6631986498832703,0.59375,NO,,,
1.8987341772151898,1800,0.6631986498832703,0.59375,NO,,,
1.8987341772151898,1800,0.6631986498832703,0.59375,NO,,,
1.8987341772151898,1800,0.6631986498832703,0.59375,NO,,,
1.8987341772151898,1800,0.6631986498832703,0.59375,NO,,,
1.8987341772151898,1800,0.6631986498832703,0.59375,NO,,,
1.909282700421941,1810,0.7700804471969604,0.53125,NO,,,
1.909282700421941,1810,0.7700804471969604,0.53125,NO,,,
1.909282700421941,1810,0.7700804471969604,0.53125,NO,,,
1.909282700421941,1810,0.7700804471969604,0.53125,NO,,,
1.909282700421941,1810,0.7700804471969604,0.53125,NO,,,
1.909282700421941,1810,0.7700804471969604,0.53125,NO,,,
1.909282700421941,1810,0.7700804471969604,0.53125,NO,,,
1.909282700421941,1810,0.7700804471969604,0.53125,NO,,,
1.909282700421941,1810,0.7700804471969604,0.53125,NO,,,
1.909282700421941,1810,0.7700804471969604,0.53125,NO,,,
1.9198312236286919,1820,0.702547550201416,0.515625,NO,,,
1.9198312236286919,1820,0.702547550201416,0.515625,NO,,,
1.9198312236286919,1820,0.702547550201416,0.515625,NO,,,
1.9198312236286919,1820,0.702547550201416,0.515625,NO,,,
1.9198312236286919,1820,0.702547550201416,0.515625,NO,,,
1.9198312236286919,1820,0.702547550201416,0.515625,NO,,,
1.9198312236286919,1820,0.702547550201416,0.515625,NO,,,
1.9198312236286919,1820,0.702547550201416,0.515625,NO,,,
1.9198312236286919,1820,0.702547550201416,0.515625,NO,,,
1.9198312236286919,1820,0.702547550201416,0.515625,NO,,,
1.9303797468354431,1830,0.7734317183494568,0.453125,NO,,,
1.9303797468354431,1830,0.7734317183494568,0.453125,NO,,,
1.9303797468354431,1830,0.7734317183494568,0.453125,NO,,,
1.9303797468354431,1830,0.7734317183494568,0.453125,NO,,,
1.9303797468354431,1830,0.7734317183494568,0.453125,NO,,,
1.9303797468354431,1830,0.7734317183494568,0.453125,NO,,,
1.9303797468354431,1830,0.7734317183494568,0.453125,NO,,,
1.9303797468354431,1830,0.7734317183494568,0.453125,NO,,,
1.9303797468354431,1830,0.7734317183494568,0.453125,NO,,,
1.9303797468354431,1830,0.7734317183494568,0.453125,NO,,,
1.9409282700421941,1840,0.6830053925514221,0.578125,NO,,,
1.9409282700421941,1840,0.6830053925514221,0.578125,NO,,,
1.9409282700421941,1840,0.6830053925514221,0.578125,NO,,,
1.9409282700421941,1840,0.6830053925514221,0.578125,NO,,,
1.9409282700421941,1840,0.6830053925514221,0.578125,NO,,,
1.9409282700421941,1840,0.6830053925514221,0.578125,NO,,,
1.9409282700421941,1840,0.6830053925514221,0.578125,NO,,,
1.9409282700421941,1840,0.6830053925514221,0.578125,NO,,,
1.9409282700421941,1840,0.6830053925514221,0.578125,NO,,,
1.9409282700421941,1840,0.6830053925514221,0.578125,NO,,,
1.9514767932489452,1850,0.7268763184547424,0.609375,NO,,,
1.9514767932489452,1850,0.7268763184547424,0.609375,NO,,,
1.9514767932489452,1850,0.7268763184547424,0.609375,NO,,,
1.9514767932489452,1850,0.7268763184547424,0.609375,NO,,,
1.9514767932489452,1850,0.7268763184547424,0.609375,NO,,,
1.9514767932489452,1850,0.7268763184547424,0.609375,NO,,,
1.9514767932489452,1850,0.7268763184547424,0.609375,NO,,,
1.9514767932489452,1850,0.7268763184547424,0.609375,NO,,,
1.9514767932489452,1850,0.7268763184547424,0.609375,NO,,,
1.9514767932489452,1850,0.7268763184547424,0.609375,NO,,,
1.9620253164556962,1860,0.6277379989624023,0.671875,NO,,,
1.9620253164556962,1860,0.6277379989624023,0.671875,NO,,,
1.9620253164556962,1860,0.6277379989624023,0.671875,NO,,,
1.9620253164556962,1860,0.6277379989624023,0.671875,NO,,,
1.9620253164556962,1860,0.6277379989624023,0.671875,NO,,,
1.9620253164556962,1860,0.6277379989624023,0.671875,NO,,,
1.9620253164556962,1860,0.6277379989624023,0.671875,NO,,,
1.9620253164556962,1860,0.6277379989624023,0.671875,NO,,,
1.9620253164556962,1860,0.6277379989624023,0.671875,NO,,,
1.9620253164556962,1860,0.6277379989624023,0.671875,NO,,,
1.9725738396624473,1870,0.8419063091278076,0.484375,NO,,,
1.9725738396624473,1870,0.8419063091278076,0.484375,NO,,,
1.9725738396624473,1870,0.8419063091278076,0.484375,NO,,,
1.9725738396624473,1870,0.8419063091278076,0.484375,NO,,,
1.9725738396624473,1870,0.8419063091278076,0.484375,NO,,,
1.9725738396624473,1870,0.8419063091278076,0.484375,NO,,,
1.9725738396624473,1870,0.8419063091278076,0.484375,NO,,,
1.9725738396624473,1870,0.8419063091278076,0.484375,NO,,,
1.9725738396624473,1870,0.8419063091278076,0.484375,NO,,,
1.9725738396624473,1870,0.8419063091278076,0.484375,NO,,,
1.9831223628691983,1880,0.7875799536705017,0.5625,NO,,,
1.9831223628691983,1880,0.7875799536705017,0.5625,NO,,,
1.9831223628691983,1880,0.7875799536705017,0.5625,NO,,,
1.9831223628691983,1880,0.7875799536705017,0.5625,NO,,,
1.9831223628691983,1880,0.7875799536705017,0.5625,NO,,,
1.9831223628691983,1880,0.7875799536705017,0.5625,NO,,,
1.9831223628691983,1880,0.7875799536705017,0.5625,NO,,,
1.9831223628691983,1880,0.7875799536705017,0.5625,NO,,,
1.9831223628691983,1880,0.7875799536705017,0.5625,NO,,,
1.9831223628691983,1880,0.7875799536705017,0.5625,NO,,,
1.9936708860759493,1890,0.7886435389518738,0.515625,NO,,,
1.9936708860759493,1890,0.7886435389518738,0.515625,NO,,,
1.9936708860759493,1890,0.7886435389518738,0.515625,NO,,,
1.9936708860759493,1890,0.7886435389518738,0.515625,NO,,,
1.9936708860759493,1890,0.7886435389518738,0.515625,NO,,,
1.9936708860759493,1890,0.7886435389518738,0.515625,NO,,,
1.9936708860759493,1890,0.7886435389518738,0.515625,NO,,,
1.9936708860759493,1890,0.7886435389518738,0.515625,NO,,,
1.9936708860759493,1890,0.7886435389518738,0.515625,NO,,,
1.9936708860759493,1890,0.7886435389518738,0.515625,NO,,,
2.0042194092827006,1900,0.8572811484336853,0.421875,NO,,,
2.0042194092827006,1900,0.8572811484336853,0.421875,NO,,,
2.0042194092827006,1900,0.8572811484336853,0.421875,NO,,,
2.0042194092827006,1900,0.8572811484336853,0.421875,NO,,,
2.0042194092827006,1900,0.8572811484336853,0.421875,NO,,,
2.0042194092827006,1900,0.8572811484336853,0.421875,NO,,,
2.0042194092827006,1900,0.8572811484336853,0.421875,NO,,,
2.0042194092827006,1900,0.8572811484336853,0.421875,NO,,,
2.0042194092827006,1900,0.8572811484336853,0.421875,NO,,,
2.0042194092827006,1900,0.8572811484336853,0.421875,NO,,,
2.0147679324894514,1910,0.6592445969581604,0.625,NO,,,
2.0147679324894514,1910,0.6592445969581604,0.625,NO,,,
2.0147679324894514,1910,0.6592445969581604,0.625,NO,,,
2.0147679324894514,1910,0.6592445969581604,0.625,NO,,,
2.0147679324894514,1910,0.6592445969581604,0.625,NO,,,
2.0147679324894514,1910,0.6592445969581604,0.625,NO,,,
2.0147679324894514,1910,0.6592445969581604,0.625,NO,,,
2.0147679324894514,1910,0.6592445969581604,0.625,NO,,,
2.0147679324894514,1910,0.6592445969581604,0.625,NO,,,
2.0147679324894514,1910,0.6592445969581604,0.625,NO,,,
2.0253164556962027,1920,0.759970486164093,0.546875,NO,,,
2.0253164556962027,1920,0.759970486164093,0.546875,NO,,,
2.0253164556962027,1920,0.759970486164093,0.546875,NO,,,
2.0253164556962027,1920,0.759970486164093,0.546875,NO,,,
2.0253164556962027,1920,0.759970486164093,0.546875,NO,,,
2.0253164556962027,1920,0.759970486164093,0.546875,NO,,,
2.0253164556962027,1920,0.759970486164093,0.546875,NO,,,
2.0253164556962027,1920,0.759970486164093,0.546875,NO,,,
2.0253164556962027,1920,0.759970486164093,0.546875,NO,,,
2.0253164556962027,1920,0.759970486164093,0.546875,NO,,,
2.0358649789029535,1930,0.7307040691375732,0.609375,NO,,,
2.0358649789029535,1930,0.7307040691375732,0.609375,NO,,,
2.0358649789029535,1930,0.7307040691375732,0.609375,NO,,,
2.0358649789029535,1930,0.7307040691375732,0.609375,NO,,,
2.0358649789029535,1930,0.7307040691375732,0.609375,NO,,,
2.0358649789029535,1930,0.7307040691375732,0.609375,NO,,,
2.0358649789029535,1930,0.7307040691375732,0.609375,NO,,,
2.0358649789029535,1930,0.7307040691375732,0.609375,NO,,,
2.0358649789029535,1930,0.7307040691375732,0.609375,NO,,,
2.0358649789029535,1930,0.7307040691375732,0.609375,NO,,,
2.0464135021097047,1940,0.6405198574066162,0.53125,NO,,,
2.0464135021097047,1940,0.6405198574066162,0.53125,NO,,,
2.0464135021097047,1940,0.6405198574066162,0.53125,NO,,,
2.0464135021097047,1940,0.6405198574066162,0.53125,NO,,,
2.0464135021097047,1940,0.6405198574066162,0.53125,NO,,,
2.0464135021097047,1940,0.6405198574066162,0.53125,NO,,,
2.0464135021097047,1940,0.6405198574066162,0.53125,NO,,,
2.0464135021097047,1940,0.6405198574066162,0.53125,NO,,,
2.0464135021097047,1940,0.6405198574066162,0.53125,NO,,,
2.0464135021097047,1940,0.6405198574066162,0.53125,NO,,,
2.0569620253164556,1950,0.7074139714241028,0.5,NO,,,
2.0569620253164556,1950,0.7074139714241028,0.5,NO,,,
2.0569620253164556,1950,0.7074139714241028,0.5,NO,,,
2.0569620253164556,1950,0.7074139714241028,0.5,NO,,,
2.0569620253164556,1950,0.7074139714241028,0.5,NO,,,
2.0569620253164556,1950,0.7074139714241028,0.5,NO,,,
2.0569620253164556,1950,0.7074139714241028,0.5,NO,,,
2.0569620253164556,1950,0.7074139714241028,0.5,NO,,,
2.0569620253164556,1950,0.7074139714241028,0.5,NO,,,
2.0569620253164556,1950,0.7074139714241028,0.5,NO,,,
2.067510548523207,1960,0.8067731261253357,0.421875,NO,,,
2.067510548523207,1960,0.8067731261253357,0.421875,NO,,,
2.067510548523207,1960,0.8067731261253357,0.421875,NO,,,
2.067510548523207,1960,0.8067731261253357,0.421875,NO,,,
2.067510548523207,1960,0.8067731261253357,0.421875,NO,,,
2.067510548523207,1960,0.8067731261253357,0.421875,NO,,,
2.067510548523207,1960,0.8067731261253357,0.421875,NO,,,
2.067510548523207,1960,0.8067731261253357,0.421875,NO,,,
2.067510548523207,1960,0.8067731261253357,0.421875,NO,,,
2.067510548523207,1960,0.8067731261253357,0.421875,NO,,,
2.0780590717299576,1970,0.7144902944564819,0.546875,NO,,,
2.0780590717299576,1970,0.7144902944564819,0.546875,NO,,,
2.0780590717299576,1970,0.7144902944564819,0.546875,NO,,,
2.0780590717299576,1970,0.7144902944564819,0.546875,NO,,,
2.0780590717299576,1970,0.7144902944564819,0.546875,NO,,,
2.0780590717299576,1970,0.7144902944564819,0.546875,NO,,,
2.0780590717299576,1970,0.7144902944564819,0.546875,NO,,,
2.0780590717299576,1970,0.7144902944564819,0.546875,NO,,,
2.0780590717299576,1970,0.7144902944564819,0.546875,NO,,,
2.0780590717299576,1970,0.7144902944564819,0.546875,NO,,,
2.088607594936709,1980,0.811164379119873,0.5625,NO,,,
2.088607594936709,1980,0.811164379119873,0.5625,NO,,,
2.088607594936709,1980,0.811164379119873,0.5625,NO,,,
2.088607594936709,1980,0.811164379119873,0.5625,NO,,,
2.088607594936709,1980,0.811164379119873,0.5625,NO,,,
2.088607594936709,1980,0.811164379119873,0.5625,NO,,,
2.088607594936709,1980,0.811164379119873,0.5625,NO,,,
2.088607594936709,1980,0.811164379119873,0.5625,NO,,,
2.088607594936709,1980,0.811164379119873,0.5625,NO,,,
2.088607594936709,1980,0.811164379119873,0.5625,NO,,,
2.0991561181434597,1990,0.7348284125328064,0.546875,NO,,,
2.0991561181434597,1990,0.7348284125328064,0.546875,NO,,,
2.0991561181434597,1990,0.7348284125328064,0.546875,NO,,,
2.0991561181434597,1990,0.7348284125328064,0.546875,NO,,,
2.0991561181434597,1990,0.7348284125328064,0.546875,NO,,,
2.0991561181434597,1990,0.7348284125328064,0.546875,NO,,,
2.0991561181434597,1990,0.7348284125328064,0.546875,NO,,,
2.0991561181434597,1990,0.7348284125328064,0.546875,NO,,,
2.0991561181434597,1990,0.7348284125328064,0.546875,NO,,,
2.0991561181434597,1990,0.7348284125328064,0.546875,YES,0.746724545955658,0.5232368225686711,0.7241860330104828
2.109704641350211,2000,0.7889296412467957,0.390625,NO,,,
2.109704641350211,2000,0.7889296412467957,0.390625,NO,,,
2.109704641350211,2000,0.7889296412467957,0.390625,NO,,,
2.109704641350211,2000,0.7889296412467957,0.390625,NO,,,
2.109704641350211,2000,0.7889296412467957,0.390625,NO,,,
2.109704641350211,2000,0.7889296412467957,0.390625,NO,,,
2.109704641350211,2000,0.7889296412467957,0.390625,NO,,,
2.109704641350211,2000,0.7889296412467957,0.390625,NO,,,
2.109704641350211,2000,0.7889296412467957,0.390625,NO,,,
2.109704641350211,2000,0.7889296412467957,0.390625,NO,,,
2.1202531645569622,2010,0.6948844194412231,0.578125,NO,,,
2.1202531645569622,2010,0.6948844194412231,0.578125,NO,,,
2.1202531645569622,2010,0.6948844194412231,0.578125,NO,,,
2.1202531645569622,2010,0.6948844194412231,0.578125,NO,,,
2.1202531645569622,2010,0.6948844194412231,0.578125,NO,,,
2.1202531645569622,2010,0.6948844194412231,0.578125,NO,,,
2.1202531645569622,2010,0.6948844194412231,0.578125,NO,,,
2.1202531645569622,2010,0.6948844194412231,0.578125,NO,,,
2.1202531645569622,2010,0.6948844194412231,0.578125,NO,,,
2.1202531645569622,2010,0.6948844194412231,0.578125,NO,,,
2.130801687763713,2020,0.7382801175117493,0.546875,NO,,,
2.130801687763713,2020,0.7382801175117493,0.546875,NO,,,
2.130801687763713,2020,0.7382801175117493,0.546875,NO,,,
2.130801687763713,2020,0.7382801175117493,0.546875,NO,,,
2.130801687763713,2020,0.7382801175117493,0.546875,NO,,,
2.130801687763713,2020,0.7382801175117493,0.546875,NO,,,
2.130801687763713,2020,0.7382801175117493,0.546875,NO,,,
2.130801687763713,2020,0.7382801175117493,0.546875,NO,,,
2.130801687763713,2020,0.7382801175117493,0.546875,NO,,,
2.130801687763713,2020,0.7382801175117493,0.546875,NO,,,
2.1413502109704643,2030,0.7661331295967102,0.53125,NO,,,
2.1413502109704643,2030,0.7661331295967102,0.53125,NO,,,
2.1413502109704643,2030,0.7661331295967102,0.53125,NO,,,
2.1413502109704643,2030,0.7661331295967102,0.53125,NO,,,
2.1413502109704643,2030,0.7661331295967102,0.53125,NO,,,
2.1413502109704643,2030,0.7661331295967102,0.53125,NO,,,
2.1413502109704643,2030,0.7661331295967102,0.53125,NO,,,
2.1413502109704643,2030,0.7661331295967102,0.53125,NO,,,
2.1413502109704643,2030,0.7661331295967102,0.53125,NO,,,
2.1413502109704643,2030,0.7661331295967102,0.53125,NO,,,
2.151898734177215,2040,0.8096209168434143,0.484375,NO,,,
2.151898734177215,2040,0.8096209168434143,0.484375,NO,,,
2.151898734177215,2040,0.8096209168434143,0.484375,NO,,,
2.151898734177215,2040,0.8096209168434143,0.484375,NO,,,
2.151898734177215,2040,0.8096209168434143,0.484375,NO,,,
2.151898734177215,2040,0.8096209168434143,0.484375,NO,,,
2.151898734177215,2040,0.8096209168434143,0.484375,NO,,,
2.151898734177215,2040,0.8096209168434143,0.484375,NO,,,
2.151898734177215,2040,0.8096209168434143,0.484375,NO,,,
2.151898734177215,2040,0.8096209168434143,0.484375,NO,,,
2.1624472573839664,2050,0.7634037137031555,0.4375,NO,,,
2.1624472573839664,2050,0.7634037137031555,0.4375,NO,,,
2.1624472573839664,2050,0.7634037137031555,0.4375,NO,,,
2.1624472573839664,2050,0.7634037137031555,0.4375,NO,,,
2.1624472573839664,2050,0.7634037137031555,0.4375,NO,,,
2.1624472573839664,2050,0.7634037137031555,0.4375,NO,,,
2.1624472573839664,2050,0.7634037137031555,0.4375,NO,,,
2.1624472573839664,2050,0.7634037137031555,0.4375,NO,,,
2.1624472573839664,2050,0.7634037137031555,0.4375,NO,,,
2.1624472573839664,2050,0.7634037137031555,0.4375,NO,,,
2.172995780590717,2060,0.7369514107704163,0.4375,NO,,,
2.172995780590717,2060,0.7369514107704163,0.4375,NO,,,
2.172995780590717,2060,0.7369514107704163,0.4375,NO,,,
2.172995780590717,2060,0.7369514107704163,0.4375,NO,,,
2.172995780590717,2060,0.7369514107704163,0.4375,NO,,,
2.172995780590717,2060,0.7369514107704163,0.4375,NO,,,
2.172995780590717,2060,0.7369514107704163,0.4375,NO,,,
2.172995780590717,2060,0.7369514107704163,0.4375,NO,,,
2.172995780590717,2060,0.7369514107704163,0.4375,NO,,,
2.172995780590717,2060,0.7369514107704163,0.4375,NO,,,
2.1835443037974684,2070,0.7030417919158936,0.46875,NO,,,
2.1835443037974684,2070,0.7030417919158936,0.46875,NO,,,
2.1835443037974684,2070,0.7030417919158936,0.46875,NO,,,
2.1835443037974684,2070,0.7030417919158936,0.46875,NO,,,
2.1835443037974684,2070,0.7030417919158936,0.46875,NO,,,
2.1835443037974684,2070,0.7030417919158936,0.46875,NO,,,
2.1835443037974684,2070,0.7030417919158936,0.46875,NO,,,
2.1835443037974684,2070,0.7030417919158936,0.46875,NO,,,
2.1835443037974684,2070,0.7030417919158936,0.46875,NO,,,
2.1835443037974684,2070,0.7030417919158936,0.46875,NO,,,
2.1940928270042193,2080,0.731307864189148,0.578125,NO,,,
2.1940928270042193,2080,0.731307864189148,0.578125,NO,,,
2.1940928270042193,2080,0.731307864189148,0.578125,NO,,,
2.1940928270042193,2080,0.731307864189148,0.578125,NO,,,
2.1940928270042193,2080,0.731307864189148,0.578125,NO,,,
2.1940928270042193,2080,0.731307864189148,0.578125,NO,,,
2.1940928270042193,2080,0.731307864189148,0.578125,NO,,,
2.1940928270042193,2080,0.731307864189148,0.578125,NO,,,
2.1940928270042193,2080,0.731307864189148,0.578125,NO,,,
2.1940928270042193,2080,0.731307864189148,0.578125,NO,,,
2.2046413502109705,2090,0.678352952003479,0.578125,NO,,,
2.2046413502109705,2090,0.678352952003479,0.578125,NO,,,
2.2046413502109705,2090,0.678352952003479,0.578125,NO,,,
2.2046413502109705,2090,0.678352952003479,0.578125,NO,,,
2.2046413502109705,2090,0.678352952003479,0.578125,NO,,,
2.2046413502109705,2090,0.678352952003479,0.578125,NO,,,
2.2046413502109705,2090,0.678352952003479,0.578125,NO,,,
2.2046413502109705,2090,0.678352952003479,0.578125,NO,,,
2.2046413502109705,2090,0.678352952003479,0.578125,NO,,,
2.2046413502109705,2090,0.678352952003479,0.578125,NO,,,
2.2151898734177213,2100,0.882496178150177,0.40625,NO,,,
2.2151898734177213,2100,0.882496178150177,0.40625,NO,,,
2.2151898734177213,2100,0.882496178150177,0.40625,NO,,,
2.2151898734177213,2100,0.882496178150177,0.40625,NO,,,
2.2151898734177213,2100,0.882496178150177,0.40625,NO,,,
2.2151898734177213,2100,0.882496178150177,0.40625,NO,,,
2.2151898734177213,2100,0.882496178150177,0.40625,NO,,,
2.2151898734177213,2100,0.882496178150177,0.40625,NO,,,
2.2151898734177213,2100,0.882496178150177,0.40625,NO,,,
2.2151898734177213,2100,0.882496178150177,0.40625,NO,,,
2.2257383966244726,2110,0.7261437773704529,0.375,NO,,,
2.2257383966244726,2110,0.7261437773704529,0.375,NO,,,
2.2257383966244726,2110,0.7261437773704529,0.375,NO,,,
2.2257383966244726,2110,0.7261437773704529,0.375,NO,,,
2.2257383966244726,2110,0.7261437773704529,0.375,NO,,,
2.2257383966244726,2110,0.7261437773704529,0.375,NO,,,
2.2257383966244726,2110,0.7261437773704529,0.375,NO,,,
2.2257383966244726,2110,0.7261437773704529,0.375,NO,,,
2.2257383966244726,2110,0.7261437773704529,0.375,NO,,,
2.2257383966244726,2110,0.7261437773704529,0.375,NO,,,
2.2362869198312234,2120,0.7383864521980286,0.5625,NO,,,
2.2362869198312234,2120,0.7383864521980286,0.5625,NO,,,
2.2362869198312234,2120,0.7383864521980286,0.5625,NO,,,
2.2362869198312234,2120,0.7383864521980286,0.5625,NO,,,
2.2362869198312234,2120,0.7383864521980286,0.5625,NO,,,
2.2362869198312234,2120,0.7383864521980286,0.5625,NO,,,
2.2362869198312234,2120,0.7383864521980286,0.5625,NO,,,
2.2362869198312234,2120,0.7383864521980286,0.5625,NO,,,
2.2362869198312234,2120,0.7383864521980286,0.5625,NO,,,
2.2362869198312234,2120,0.7383864521980286,0.5625,NO,,,
2.2468354430379747,2130,0.7499961256980896,0.46875,NO,,,
2.2468354430379747,2130,0.7499961256980896,0.46875,NO,,,
2.2468354430379747,2130,0.7499961256980896,0.46875,NO,,,
2.2468354430379747,2130,0.7499961256980896,0.46875,NO,,,
2.2468354430379747,2130,0.7499961256980896,0.46875,NO,,,
2.2468354430379747,2130,0.7499961256980896,0.46875,NO,,,
2.2468354430379747,2130,0.7499961256980896,0.46875,NO,,,
2.2468354430379747,2130,0.7499961256980896,0.46875,NO,,,
2.2468354430379747,2130,0.7499961256980896,0.46875,NO,,,
2.2468354430379747,2130,0.7499961256980896,0.46875,NO,,,
2.257383966244726,2140,0.8217401504516602,0.453125,NO,,,
2.257383966244726,2140,0.8217401504516602,0.453125,NO,,,
2.257383966244726,2140,0.8217401504516602,0.453125,NO,,,
2.257383966244726,2140,0.8217401504516602,0.453125,NO,,,
2.257383966244726,2140,0.8217401504516602,0.453125,NO,,,
2.257383966244726,2140,0.8217401504516602,0.453125,NO,,,
2.257383966244726,2140,0.8217401504516602,0.453125,NO,,,
2.257383966244726,2140,0.8217401504516602,0.453125,NO,,,
2.257383966244726,2140,0.8217401504516602,0.453125,NO,,,
2.257383966244726,2140,0.8217401504516602,0.453125,NO,,,
2.2679324894514767,2150,0.7708758115768433,0.453125,NO,,,
2.2679324894514767,2150,0.7708758115768433,0.453125,NO,,,
2.2679324894514767,2150,0.7708758115768433,0.453125,NO,,,
2.2679324894514767,2150,0.7708758115768433,0.453125,NO,,,
2.2679324894514767,2150,0.7708758115768433,0.453125,NO,,,
2.2679324894514767,2150,0.7708758115768433,0.453125,NO,,,
2.2679324894514767,2150,0.7708758115768433,0.453125,NO,,,
2.2679324894514767,2150,0.7708758115768433,0.453125,NO,,,
2.2679324894514767,2150,0.7708758115768433,0.453125,NO,,,
2.2679324894514767,2150,0.7708758115768433,0.453125,NO,,,
2.278481012658228,2160,0.9038482308387756,0.359375,NO,,,
2.278481012658228,2160,0.9038482308387756,0.359375,NO,,,
2.278481012658228,2160,0.9038482308387756,0.359375,NO,,,
2.278481012658228,2160,0.9038482308387756,0.359375,NO,,,
2.278481012658228,2160,0.9038482308387756,0.359375,NO,,,
2.278481012658228,2160,0.9038482308387756,0.359375,NO,,,
2.278481012658228,2160,0.9038482308387756,0.359375,NO,,,
2.278481012658228,2160,0.9038482308387756,0.359375,NO,,,
2.278481012658228,2160,0.9038482308387756,0.359375,NO,,,
2.278481012658228,2160,0.9038482308387756,0.359375,NO,,,
2.289029535864979,2170,0.7340503334999084,0.5,NO,,,
2.289029535864979,2170,0.7340503334999084,0.5,NO,,,
2.289029535864979,2170,0.7340503334999084,0.5,NO,,,
2.289029535864979,2170,0.7340503334999084,0.5,NO,,,
2.289029535864979,2170,0.7340503334999084,0.5,NO,,,
2.289029535864979,2170,0.7340503334999084,0.5,NO,,,
2.289029535864979,2170,0.7340503334999084,0.5,NO,,,
2.289029535864979,2170,0.7340503334999084,0.5,NO,,,
2.289029535864979,2170,0.7340503334999084,0.5,NO,,,
2.289029535864979,2170,0.7340503334999084,0.5,NO,,,
2.29957805907173,2180,0.7481982707977295,0.625,NO,,,
2.29957805907173,2180,0.7481982707977295,0.625,NO,,,
2.29957805907173,2180,0.7481982707977295,0.625,NO,,,
2.29957805907173,2180,0.7481982707977295,0.625,NO,,,
2.29957805907173,2180,0.7481982707977295,0.625,NO,,,
2.29957805907173,2180,0.7481982707977295,0.625,NO,,,
2.29957805907173,2180,0.7481982707977295,0.625,NO,,,
2.29957805907173,2180,0.7481982707977295,0.625,NO,,,
2.29957805907173,2180,0.7481982707977295,0.625,NO,,,
2.29957805907173,2180,0.7481982707977295,0.625,NO,,,
2.310126582278481,2190,0.768988847732544,0.4375,NO,,,
2.310126582278481,2190,0.768988847732544,0.4375,NO,,,
2.310126582278481,2190,0.768988847732544,0.4375,NO,,,
2.310126582278481,2190,0.768988847732544,0.4375,NO,,,
2.310126582278481,2190,0.768988847732544,0.4375,NO,,,
2.310126582278481,2190,0.768988847732544,0.4375,NO,,,
2.310126582278481,2190,0.768988847732544,0.4375,NO,,,
2.310126582278481,2190,0.768988847732544,0.4375,NO,,,
2.310126582278481,2190,0.768988847732544,0.4375,NO,,,
2.310126582278481,2190,0.768988847732544,0.4375,NO,,,
2.320675105485232,2200,0.7212561368942261,0.453125,NO,,,
2.320675105485232,2200,0.7212561368942261,0.453125,NO,,,
2.320675105485232,2200,0.7212561368942261,0.453125,NO,,,
2.320675105485232,2200,0.7212561368942261,0.453125,NO,,,
2.320675105485232,2200,0.7212561368942261,0.453125,NO,,,
2.320675105485232,2200,0.7212561368942261,0.453125,NO,,,
2.320675105485232,2200,0.7212561368942261,0.453125,NO,,,
2.320675105485232,2200,0.7212561368942261,0.453125,NO,,,
2.320675105485232,2200,0.7212561368942261,0.453125,NO,,,
2.320675105485232,2200,0.7212561368942261,0.453125,NO,,,
2.331223628691983,2210,0.7198728919029236,0.546875,NO,,,
2.331223628691983,2210,0.7198728919029236,0.546875,NO,,,
2.331223628691983,2210,0.7198728919029236,0.546875,NO,,,
2.331223628691983,2210,0.7198728919029236,0.546875,NO,,,
2.331223628691983,2210,0.7198728919029236,0.546875,NO,,,
2.331223628691983,2210,0.7198728919029236,0.546875,NO,,,
2.331223628691983,2210,0.7198728919029236,0.546875,NO,,,
2.331223628691983,2210,0.7198728919029236,0.546875,NO,,,
2.331223628691983,2210,0.7198728919029236,0.546875,NO,,,
2.331223628691983,2210,0.7198728919029236,0.546875,NO,,,
2.3417721518987342,2220,0.752395749092102,0.515625,NO,,,
2.3417721518987342,2220,0.752395749092102,0.515625,NO,,,
2.3417721518987342,2220,0.752395749092102,0.515625,NO,,,
2.3417721518987342,2220,0.752395749092102,0.515625,NO,,,
2.3417721518987342,2220,0.752395749092102,0.515625,NO,,,
2.3417721518987342,2220,0.752395749092102,0.515625,NO,,,
2.3417721518987342,2220,0.752395749092102,0.515625,NO,,,
2.3417721518987342,2220,0.752395749092102,0.515625,NO,,,
2.3417721518987342,2220,0.752395749092102,0.515625,NO,,,
2.3417721518987342,2220,0.752395749092102,0.515625,NO,,,
2.352320675105485,2230,0.7207034826278687,0.5625,NO,,,
2.352320675105485,2230,0.7207034826278687,0.5625,NO,,,
2.352320675105485,2230,0.7207034826278687,0.5625,NO,,,
2.352320675105485,2230,0.7207034826278687,0.5625,NO,,,
2.352320675105485,2230,0.7207034826278687,0.5625,NO,,,
2.352320675105485,2230,0.7207034826278687,0.5625,NO,,,
2.352320675105485,2230,0.7207034826278687,0.5625,NO,,,
2.352320675105485,2230,0.7207034826278687,0.5625,NO,,,
2.352320675105485,2230,0.7207034826278687,0.5625,NO,,,
2.352320675105485,2230,0.7207034826278687,0.5625,NO,,,
2.3628691983122363,2240,0.7794448733329773,0.453125,NO,,,
2.3628691983122363,2240,0.7794448733329773,0.453125,NO,,,
2.3628691983122363,2240,0.7794448733329773,0.453125,NO,,,
2.3628691983122363,2240,0.7794448733329773,0.453125,NO,,,
2.3628691983122363,2240,0.7794448733329773,0.453125,NO,,,
2.3628691983122363,2240,0.7794448733329773,0.453125,NO,,,
2.3628691983122363,2240,0.7794448733329773,0.453125,NO,,,
2.3628691983122363,2240,0.7794448733329773,0.453125,NO,,,
2.3628691983122363,2240,0.7794448733329773,0.453125,NO,,,
2.3628691983122363,2240,0.7794448733329773,0.453125,NO,,,
2.3734177215189876,2250,0.6738214492797852,0.53125,NO,,,
2.3734177215189876,2250,0.6738214492797852,0.53125,NO,,,
2.3734177215189876,2250,0.6738214492797852,0.53125,NO,,,
2.3734177215189876,2250,0.6738214492797852,0.53125,NO,,,
2.3734177215189876,2250,0.6738214492797852,0.53125,NO,,,
2.3734177215189876,2250,0.6738214492797852,0.53125,NO,,,
2.3734177215189876,2250,0.6738214492797852,0.53125,NO,,,
2.3734177215189876,2250,0.6738214492797852,0.53125,NO,,,
2.3734177215189876,2250,0.6738214492797852,0.53125,NO,,,
2.3734177215189876,2250,0.6738214492797852,0.53125,NO,,,
2.3839662447257384,2260,0.6889681816101074,0.5,NO,,,
2.3839662447257384,2260,0.6889681816101074,0.5,NO,,,
2.3839662447257384,2260,0.6889681816101074,0.5,NO,,,
2.3839662447257384,2260,0.6889681816101074,0.5,NO,,,
2.3839662447257384,2260,0.6889681816101074,0.5,NO,,,
2.3839662447257384,2260,0.6889681816101074,0.5,NO,,,
2.3839662447257384,2260,0.6889681816101074,0.5,NO,,,
2.3839662447257384,2260,0.6889681816101074,0.5,NO,,,
2.3839662447257384,2260,0.6889681816101074,0.5,NO,,,
2.3839662447257384,2260,0.6889681816101074,0.5,NO,,,
2.3945147679324896,2270,0.5982110500335693,0.53125,NO,,,
2.3945147679324896,2270,0.5982110500335693,0.53125,NO,,,
2.3945147679324896,2270,0.5982110500335693,0.53125,NO,,,
2.3945147679324896,2270,0.5982110500335693,0.53125,NO,,,
2.3945147679324896,2270,0.5982110500335693,0.53125,NO,,,
2.3945147679324896,2270,0.5982110500335693,0.53125,NO,,,
2.3945147679324896,2270,0.5982110500335693,0.53125,NO,,,
2.3945147679324896,2270,0.5982110500335693,0.53125,NO,,,
2.3945147679324896,2270,0.5982110500335693,0.53125,NO,,,
2.3945147679324896,2270,0.5982110500335693,0.53125,NO,,,
2.4050632911392404,2280,0.6841313242912292,0.578125,NO,,,
2.4050632911392404,2280,0.6841313242912292,0.578125,NO,,,
2.4050632911392404,2280,0.6841313242912292,0.578125,NO,,,
2.4050632911392404,2280,0.6841313242912292,0.578125,NO,,,
2.4050632911392404,2280,0.6841313242912292,0.578125,NO,,,
2.4050632911392404,2280,0.6841313242912292,0.578125,NO,,,
2.4050632911392404,2280,0.6841313242912292,0.578125,NO,,,
2.4050632911392404,2280,0.6841313242912292,0.578125,NO,,,
2.4050632911392404,2280,0.6841313242912292,0.578125,NO,,,
2.4050632911392404,2280,0.6841313242912292,0.578125,NO,,,
2.4156118143459917,2290,0.7330061197280884,0.5,NO,,,
2.4156118143459917,2290,0.7330061197280884,0.5,NO,,,
2.4156118143459917,2290,0.7330061197280884,0.5,NO,,,
2.4156118143459917,2290,0.7330061197280884,0.5,NO,,,
2.4156118143459917,2290,0.7330061197280884,0.5,NO,,,
2.4156118143459917,2290,0.7330061197280884,0.5,NO,,,
2.4156118143459917,2290,0.7330061197280884,0.5,NO,,,
2.4156118143459917,2290,0.7330061197280884,0.5,NO,,,
2.4156118143459917,2290,0.7330061197280884,0.5,NO,,,
2.4156118143459917,2290,0.7330061197280884,0.5,NO,,,
2.4261603375527425,2300,0.7100801467895508,0.578125,NO,,,
2.4261603375527425,2300,0.7100801467895508,0.578125,NO,,,
2.4261603375527425,2300,0.7100801467895508,0.578125,NO,,,
2.4261603375527425,2300,0.7100801467895508,0.578125,NO,,,
2.4261603375527425,2300,0.7100801467895508,0.578125,NO,,,
2.4261603375527425,2300,0.7100801467895508,0.578125,NO,,,
2.4261603375527425,2300,0.7100801467895508,0.578125,NO,,,
2.4261603375527425,2300,0.7100801467895508,0.578125,NO,,,
2.4261603375527425,2300,0.7100801467895508,0.578125,NO,,,
2.4261603375527425,2300,0.7100801467895508,0.578125,NO,,,
2.4367088607594938,2310,0.8066042065620422,0.515625,NO,,,
2.4367088607594938,2310,0.8066042065620422,0.515625,NO,,,
2.4367088607594938,2310,0.8066042065620422,0.515625,NO,,,
2.4367088607594938,2310,0.8066042065620422,0.515625,NO,,,
2.4367088607594938,2310,0.8066042065620422,0.515625,NO,,,
2.4367088607594938,2310,0.8066042065620422,0.515625,NO,,,
2.4367088607594938,2310,0.8066042065620422,0.515625,NO,,,
2.4367088607594938,2310,0.8066042065620422,0.515625,NO,,,
2.4367088607594938,2310,0.8066042065620422,0.515625,NO,,,
2.4367088607594938,2310,0.8066042065620422,0.515625,NO,,,
2.4472573839662446,2320,0.7607948780059814,0.515625,NO,,,
2.4472573839662446,2320,0.7607948780059814,0.515625,NO,,,
2.4472573839662446,2320,0.7607948780059814,0.515625,NO,,,
2.4472573839662446,2320,0.7607948780059814,0.515625,NO,,,
2.4472573839662446,2320,0.7607948780059814,0.515625,NO,,,
2.4472573839662446,2320,0.7607948780059814,0.515625,NO,,,
2.4472573839662446,2320,0.7607948780059814,0.515625,NO,,,
2.4472573839662446,2320,0.7607948780059814,0.515625,NO,,,
2.4472573839662446,2320,0.7607948780059814,0.515625,NO,,,
2.4472573839662446,2320,0.7607948780059814,0.515625,NO,,,
2.457805907172996,2330,0.7777951955795288,0.515625,NO,,,
2.457805907172996,2330,0.7777951955795288,0.515625,NO,,,
2.457805907172996,2330,0.7777951955795288,0.515625,NO,,,
2.457805907172996,2330,0.7777951955795288,0.515625,NO,,,
2.457805907172996,2330,0.7777951955795288,0.515625,NO,,,
2.457805907172996,2330,0.7777951955795288,0.515625,NO,,,
2.457805907172996,2330,0.7777951955795288,0.515625,NO,,,
2.457805907172996,2330,0.7777951955795288,0.515625,NO,,,
2.457805907172996,2330,0.7777951955795288,0.515625,NO,,,
2.457805907172996,2330,0.7777951955795288,0.515625,NO,,,
2.4683544303797467,2340,0.7550652027130127,0.484375,NO,,,
2.4683544303797467,2340,0.7550652027130127,0.484375,NO,,,
2.4683544303797467,2340,0.7550652027130127,0.484375,NO,,,
2.4683544303797467,2340,0.7550652027130127,0.484375,NO,,,
2.4683544303797467,2340,0.7550652027130127,0.484375,NO,,,
2.4683544303797467,2340,0.7550652027130127,0.484375,NO,,,
2.4683544303797467,2340,0.7550652027130127,0.484375,NO,,,
2.4683544303797467,2340,0.7550652027130127,0.484375,NO,,,
2.4683544303797467,2340,0.7550652027130127,0.484375,NO,,,
2.4683544303797467,2340,0.7550652027130127,0.484375,NO,,,
2.478902953586498,2350,0.7226850986480713,0.546875,NO,,,
2.478902953586498,2350,0.7226850986480713,0.546875,NO,,,
2.478902953586498,2350,0.7226850986480713,0.546875,NO,,,
2.478902953586498,2350,0.7226850986480713,0.546875,NO,,,
2.478902953586498,2350,0.7226850986480713,0.546875,NO,,,
2.478902953586498,2350,0.7226850986480713,0.546875,NO,,,
2.478902953586498,2350,0.7226850986480713,0.546875,NO,,,
2.478902953586498,2350,0.7226850986480713,0.546875,NO,,,
2.478902953586498,2350,0.7226850986480713,0.546875,NO,,,
2.478902953586498,2350,0.7226850986480713,0.546875,NO,,,
2.489451476793249,2360,0.71360844373703,0.53125,NO,,,
2.489451476793249,2360,0.71360844373703,0.53125,NO,,,
2.489451476793249,2360,0.71360844373703,0.53125,NO,,,
2.489451476793249,2360,0.71360844373703,0.53125,NO,,,
2.489451476793249,2360,0.71360844373703,0.53125,NO,,,
2.489451476793249,2360,0.71360844373703,0.53125,NO,,,
2.489451476793249,2360,0.71360844373703,0.53125,NO,,,
2.489451476793249,2360,0.71360844373703,0.53125,NO,,,
2.489451476793249,2360,0.71360844373703,0.53125,NO,,,
2.489451476793249,2360,0.71360844373703,0.53125,NO,,,
2.5,2370,0.7602217197418213,0.375,NO,,,
2.5,2370,0.7602217197418213,0.375,NO,,,
2.5,2370,0.7602217197418213,0.375,NO,,,
2.5,2370,0.7602217197418213,0.375,NO,,,
2.5,2370,0.7602217197418213,0.375,NO,,,
2.5,2370,0.7602217197418213,0.375,NO,,,
2.5,2370,0.7602217197418213,0.375,NO,,,
2.5,2370,0.7602217197418213,0.375,NO,,,
2.5,2370,0.7602217197418213,0.375,NO,,,
2.5,2370,0.7602217197418213,0.375,NO,,,
2.510548523206751,2380,0.810559093952179,0.546875,NO,,,
2.510548523206751,2380,0.810559093952179,0.546875,NO,,,
2.510548523206751,2380,0.810559093952179,0.546875,NO,,,
2.510548523206751,2380,0.810559093952179,0.546875,NO,,,
2.510548523206751,2380,0.810559093952179,0.546875,NO,,,
2.510548523206751,2380,0.810559093952179,0.546875,NO,,,
2.510548523206751,2380,0.810559093952179,0.546875,NO,,,
2.510548523206751,2380,0.810559093952179,0.546875,NO,,,
2.510548523206751,2380,0.810559093952179,0.546875,NO,,,
2.510548523206751,2380,0.810559093952179,0.546875,NO,,,
2.521097046413502,2390,0.7402503490447998,0.640625,NO,,,
2.521097046413502,2390,0.7402503490447998,0.640625,NO,,,
2.521097046413502,2390,0.7402503490447998,0.640625,NO,,,
2.521097046413502,2390,0.7402503490447998,0.640625,NO,,,
2.521097046413502,2390,0.7402503490447998,0.640625,NO,,,
2.521097046413502,2390,0.7402503490447998,0.640625,NO,,,
2.521097046413502,2390,0.7402503490447998,0.640625,NO,,,
2.521097046413502,2390,0.7402503490447998,0.640625,NO,,,
2.521097046413502,2390,0.7402503490447998,0.640625,NO,,,
2.521097046413502,2390,0.7402503490447998,0.640625,NO,,,
2.5316455696202533,2400,0.7646096348762512,0.546875,NO,,,
2.5316455696202533,2400,0.7646096348762512,0.546875,NO,,,
2.5316455696202533,2400,0.7646096348762512,0.546875,NO,,,
2.5316455696202533,2400,0.7646096348762512,0.546875,NO,,,
2.5316455696202533,2400,0.7646096348762512,0.546875,NO,,,
2.5316455696202533,2400,0.7646096348762512,0.546875,NO,,,
2.5316455696202533,2400,0.7646096348762512,0.546875,NO,,,
2.5316455696202533,2400,0.7646096348762512,0.546875,NO,,,
2.5316455696202533,2400,0.7646096348762512,0.546875,NO,,,
2.5316455696202533,2400,0.7646096348762512,0.546875,NO,,,
2.542194092827004,2410,0.7806928157806396,0.515625,NO,,,
2.542194092827004,2410,0.7806928157806396,0.515625,NO,,,
2.542194092827004,2410,0.7806928157806396,0.515625,NO,,,
2.542194092827004,2410,0.7806928157806396,0.515625,NO,,,
2.542194092827004,2410,0.7806928157806396,0.515625,NO,,,
2.542194092827004,2410,0.7806928157806396,0.515625,NO,,,
2.542194092827004,2410,0.7806928157806396,0.515625,NO,,,
2.542194092827004,2410,0.7806928157806396,0.515625,NO,,,
2.542194092827004,2410,0.7806928157806396,0.515625,NO,,,
2.542194092827004,2410,0.7806928157806396,0.515625,NO,,,
2.5527426160337554,2420,0.7874668836593628,0.546875,NO,,,
2.5527426160337554,2420,0.7874668836593628,0.546875,NO,,,
2.5527426160337554,2420,0.7874668836593628,0.546875,NO,,,
2.5527426160337554,2420,0.7874668836593628,0.546875,NO,,,
2.5527426160337554,2420,0.7874668836593628,0.546875,NO,,,
2.5527426160337554,2420,0.7874668836593628,0.546875,NO,,,
2.5527426160337554,2420,0.7874668836593628,0.546875,NO,,,
2.5527426160337554,2420,0.7874668836593628,0.546875,NO,,,
2.5527426160337554,2420,0.7874668836593628,0.546875,NO,,,
2.5527426160337554,2420,0.7874668836593628,0.546875,NO,,,
2.5632911392405062,2430,0.8098511099815369,0.453125,NO,,,
2.5632911392405062,2430,0.8098511099815369,0.453125,NO,,,
2.5632911392405062,2430,0.8098511099815369,0.453125,NO,,,
2.5632911392405062,2430,0.8098511099815369,0.453125,NO,,,
2.5632911392405062,2430,0.8098511099815369,0.453125,NO,,,
2.5632911392405062,2430,0.8098511099815369,0.453125,NO,,,
2.5632911392405062,2430,0.8098511099815369,0.453125,NO,,,
2.5632911392405062,2430,0.8098511099815369,0.453125,NO,,,
2.5632911392405062,2430,0.8098511099815369,0.453125,NO,,,
2.5632911392405062,2430,0.8098511099815369,0.453125,NO,,,
2.5738396624472575,2440,0.7505497336387634,0.421875,NO,,,
2.5738396624472575,2440,0.7505497336387634,0.421875,NO,,,
2.5738396624472575,2440,0.7505497336387634,0.421875,NO,,,
2.5738396624472575,2440,0.7505497336387634,0.421875,NO,,,
2.5738396624472575,2440,0.7505497336387634,0.421875,NO,,,
2.5738396624472575,2440,0.7505497336387634,0.421875,NO,,,
2.5738396624472575,2440,0.7505497336387634,0.421875,NO,,,
2.5738396624472575,2440,0.7505497336387634,0.421875,NO,,,
2.5738396624472575,2440,0.7505497336387634,0.421875,NO,,,
2.5738396624472575,2440,0.7505497336387634,0.421875,NO,,,
2.5843881856540083,2450,0.7097792029380798,0.46875,NO,,,
2.5843881856540083,2450,0.7097792029380798,0.46875,NO,,,
2.5843881856540083,2450,0.7097792029380798,0.46875,NO,,,
2.5843881856540083,2450,0.7097792029380798,0.46875,NO,,,
2.5843881856540083,2450,0.7097792029380798,0.46875,NO,,,
2.5843881856540083,2450,0.7097792029380798,0.46875,NO,,,
2.5843881856540083,2450,0.7097792029380798,0.46875,NO,,,
2.5843881856540083,2450,0.7097792029380798,0.46875,NO,,,
2.5843881856540083,2450,0.7097792029380798,0.46875,NO,,,
2.5843881856540083,2450,0.7097792029380798,0.46875,NO,,,
2.5949367088607596,2460,0.7750058174133301,0.515625,NO,,,
2.5949367088607596,2460,0.7750058174133301,0.515625,NO,,,
2.5949367088607596,2460,0.7750058174133301,0.515625,NO,,,
2.5949367088607596,2460,0.7750058174133301,0.515625,NO,,,
2.5949367088607596,2460,0.7750058174133301,0.515625,NO,,,
2.5949367088607596,2460,0.7750058174133301,0.515625,NO,,,
2.5949367088607596,2460,0.7750058174133301,0.515625,NO,,,
2.5949367088607596,2460,0.7750058174133301,0.515625,NO,,,
2.5949367088607596,2460,0.7750058174133301,0.515625,NO,,,
2.5949367088607596,2460,0.7750058174133301,0.515625,NO,,,
2.605485232067511,2470,0.7998811602592468,0.375,NO,,,
2.605485232067511,2470,0.7998811602592468,0.375,NO,,,
2.605485232067511,2470,0.7998811602592468,0.375,NO,,,
2.605485232067511,2470,0.7998811602592468,0.375,NO,,,
2.605485232067511,2470,0.7998811602592468,0.375,NO,,,
2.605485232067511,2470,0.7998811602592468,0.375,NO,,,
2.605485232067511,2470,0.7998811602592468,0.375,NO,,,
2.605485232067511,2470,0.7998811602592468,0.375,NO,,,
2.605485232067511,2470,0.7998811602592468,0.375,NO,,,
2.605485232067511,2470,0.7998811602592468,0.375,NO,,,
2.6160337552742616,2480,0.7145348787307739,0.546875,NO,,,
2.6160337552742616,2480,0.7145348787307739,0.546875,NO,,,
2.6160337552742616,2480,0.7145348787307739,0.546875,NO,,,
2.6160337552742616,2480,0.7145348787307739,0.546875,NO,,,
2.6160337552742616,2480,0.7145348787307739,0.546875,NO,,,
2.6160337552742616,2480,0.7145348787307739,0.546875,NO,,,
2.6160337552742616,2480,0.7145348787307739,0.546875,NO,,,
2.6160337552742616,2480,0.7145348787307739,0.546875,NO,,,
2.6160337552742616,2480,0.7145348787307739,0.546875,NO,,,
2.6160337552742616,2480,0.7145348787307739,0.546875,NO,,,
2.6265822784810124,2490,0.7457239031791687,0.65625,NO,,,
2.6265822784810124,2490,0.7457239031791687,0.65625,NO,,,
2.6265822784810124,2490,0.7457239031791687,0.65625,NO,,,
2.6265822784810124,2490,0.7457239031791687,0.65625,NO,,,
2.6265822784810124,2490,0.7457239031791687,0.65625,NO,,,
2.6265822784810124,2490,0.7457239031791687,0.65625,NO,,,
2.6265822784810124,2490,0.7457239031791687,0.65625,NO,,,
2.6265822784810124,2490,0.7457239031791687,0.65625,NO,,,
2.6265822784810124,2490,0.7457239031791687,0.65625,NO,,,
2.6265822784810124,2490,0.7457239031791687,0.65625,NO,,,
2.6371308016877637,2500,0.78995680809021,0.46875,NO,,,
2.6371308016877637,2500,0.78995680809021,0.46875,NO,,,
2.6371308016877637,2500,0.78995680809021,0.46875,NO,,,
2.6371308016877637,2500,0.78995680809021,0.46875,NO,,,
2.6371308016877637,2500,0.78995680809021,0.46875,NO,,,
2.6371308016877637,2500,0.78995680809021,0.46875,NO,,,
2.6371308016877637,2500,0.78995680809021,0.46875,NO,,,
2.6371308016877637,2500,0.78995680809021,0.46875,NO,,,
2.6371308016877637,2500,0.78995680809021,0.46875,NO,,,
2.6371308016877637,2500,0.78995680809021,0.46875,NO,,,
2.647679324894515,2510,0.7195812463760376,0.578125,NO,,,
2.647679324894515,2510,0.7195812463760376,0.578125,NO,,,
2.647679324894515,2510,0.7195812463760376,0.578125,NO,,,
2.647679324894515,2510,0.7195812463760376,0.578125,NO,,,
2.647679324894515,2510,0.7195812463760376,0.578125,NO,,,
2.647679324894515,2510,0.7195812463760376,0.578125,NO,,,
2.647679324894515,2510,0.7195812463760376,0.578125,NO,,,
2.647679324894515,2510,0.7195812463760376,0.578125,NO,,,
