step,loss_plus,loss_minus,train_loss,d_h,d_h_finite,update_norm,seconds,scale_refreshed,eval_loss,eval_acc,nan_flag
1,1.6025390625,1.603515625,1.60302734375,-1.6276041666666667,True,0.032875477185502336,3.5826971530914307,True,,,False
2,1.658203125,1.654296875,1.65625,6.510416666666667,True,0.13149276666382456,0.39457273483276367,True,,,False
3,1.7734375,1.716796875,1.7451171875,94.40104166666667,True,1.9066628658789928,0.3860499858856201,True,,,False
4,1.6396484375,1.615234375,1.62744140625,40.69010416666667,True,0.8218259724241355,0.38738536834716797,True,,,False
5,1.6455078125,1.572265625,1.60888671875,122.07031250000001,True,2.465533794147104,0.38623929023742676,True,,,False
6,1.6337890625,1.6826171875,1.658203125,-81.38020833333334,True,1.6437457689321275,0.3918125629425049,True,,,False
7,1.6640625,1.6357421875,1.64990234375,47.200520833333336,True,0.9534092096700632,0.3856315612792969,True,,,False
8,1.65625,1.689453125,1.6728515625,-55.33854166666667,True,1.1176765092836978,0.3911116123199463,True,,,False
9,1.6259765625,1.646484375,1.63623046875,-34.1796875,True,0.6903511658348678,0.39787745475769043,True,,,False
10,1.5927734375,1.578125,1.58544921875,24.414062500000004,True,0.49312504425813697,0.3882138729095459,True,,,False
11,1.546875,1.6181640625,1.58251953125,-118.81510416666667,True,2.3998085022814615,0.3881683349609375,True,,,False
12,1.60546875,1.6044921875,1.60498046875,1.6276041666666667,True,0.03287287899134007,0.395845890045166,True,,,False
13,1.65625,1.7275390625,1.69189453125,-118.81510416666667,True,2.399824593446978,0.39174413681030273,True,,,False
14,1.6396484375,1.6962890625,1.66796875,-94.40104166666667,True,1.906616300484904,0.38816213607788086,True,,,False
15,1.544921875,1.5009765625,1.52294921875,73.2421875,True,1.479369525242007,0.386366605758667,True,,,False
16,1.6337890625,1.6298828125,1.6318359375,6.510416666666667,True,0.13149588432196263,0.392594575881958,True,,,False
17,1.615234375,1.5986328125,1.60693359375,27.669270833333336,True,0.5588478442784438,0.3852424621582031,True,,,False
18,1.5849609375,1.5693359375,1.5771484375,26.041666666666668,True,0.5259477033784343,0.3879551887512207,True,,,False
19,1.6279296875,1.5771484375,1.6025390625,84.63541666666667,True,1.7094579512321364,0.3963463306427002,True,,,False
20,1.6015625,1.5771484375,1.58935546875,40.69010416666667,True,0.8218533918513891,0.3875608444213867,True,,,False
21,1.580078125,1.6337890625,1.60693359375,-89.51822916666667,True,1.8080926628908294,0.38657259941101074,True,,,False
22,1.6494140625,1.59765625,1.62353515625,86.26302083333334,True,1.7423127190309609,0.39823269844055176,True,,,False
23,1.5810546875,1.5078125,1.54443359375,122.07031250000001,True,2.465636586715866,0.3875746726989746,True,,,False
24,1.591796875,1.591796875,1.591796875,0.0,True,0.0,0.3868262767791748,True,,,False
25,1.6298828125,1.6650390625,1.6474609375,-58.59375000000001,True,1.1833984417705679,0.388704776763916,True,,,False
26,1.62109375,1.6337890625,1.62744140625,-21.158854166666668,True,0.4273383863663648,0.3985631465911865,True,,,False
27,1.59375,1.6259765625,1.60986328125,-53.71093750000001,True,1.0848321935680483,0.3869333267211914,True,,,False
28,1.5810546875,1.580078125,1.58056640625,1.6276041666666667,True,0.03287112766369705,0.3898649215698242,True,,,False
29,1.6181640625,1.5771484375,1.59765625,68.359375,True,1.3806673578148863,0.4037292003631592,True,,,False
30,1.634765625,1.615234375,1.625,32.552083333333336,True,0.6574887989233865,0.38619041442871094,True,,,False
31,1.64453125,1.7001953125,1.67236328125,-92.77343750000001,True,1.873745818394024,0.3917250633239746,True,,,False
32,1.5771484375,1.595703125,1.58642578125,-30.924479166666668,True,0.6246057950733869,0.3861510753631592,True,,,False
33,1.6162109375,1.6025390625,1.609375,22.786458333333336,True,0.4602065455915695,0.49837493896484375,True,,,False
34,1.59375,1.615234375,1.6044921875,-35.80729166666667,True,0.7232158484979168,0.38840651512145996,True,,,False
35,1.619140625,1.623046875,1.62109375,-6.510416666666667,True,0.13149115956985558,0.38637876510620117,True,,,False
36,1.6259765625,1.6015625,1.61376953125,40.69010416666667,True,0.8218220328521451,0.39439964294433594,True,,,False
37,1.5595703125,1.5810546875,1.5703125,-35.80729166666667,True,0.7232042557626276,0.38426971435546875,True,,,False
38,1.552734375,1.5498046875,1.55126953125,4.8828125,True,0.09862215331342077,0.3926577568054199,True,,,False
39,1.509765625,1.5107421875,1.51025390625,-1.6276041666666667,True,0.032873516944540326,0.4023778438568115,True,,,False
40,1.6005859375,1.62890625,1.61474609375,-47.200520833333336,True,0.9532984164771887,0.3958568572998047,True,,,False
41,1.541015625,1.5703125,1.5556640625,-48.82812500000001,True,0.9862468769032401,0.3920259475708008,True,,,False
42,1.5791015625,1.5517578125,1.5654296875,45.57291666666667,True,0.9204921989840255,0.3971397876739502,True,,,False
43,1.5888671875,1.6806640625,1.634765625,-152.99479166666669,True,3.0900590918779964,0.38649439811706543,True,,,False
44,1.6142578125,1.6591796875,1.63671875,-74.86979166666667,True,1.5122504085251283,0.38393592834472656,True,,,False
45,1.5380859375,1.55078125,1.54443359375,-21.158854166666668,True,0.4273452018614783,0.3842151165008545,True,,,False
46,1.6923828125,1.6220703125,1.6572265625,117.18750000000001,True,2.366988767538858,0.389542818069458,True,,,False
47,1.6298828125,1.6201171875,1.625,16.276041666666668,True,0.3287204906205544,0.3862423896789551,True,,,False
48,1.580078125,1.6259765625,1.60302734375,-76.49739583333334,True,1.5450151484847154,0.3841543197631836,True,,,False
49,1.6201171875,1.6396484375,1.6298828125,-32.552083333333336,True,0.6574891522467561,0.388277530670166,True,,,False
50,1.611328125,1.634765625,1.623046875,-39.0625,True,0.788966748291938,0.388857364654541,True,,,False
51,1.5087890625,1.537109375,1.52294921875,-47.200520833333336,True,0.953304076240982,0.38335394859313965,True,,,False
52,1.697265625,1.62890625,1.6630859375,113.93229166666667,True,2.3012872878317587,0.39202308654785156,True,,,False
53,1.583984375,1.576171875,1.580078125,13.020833333333334,True,0.2629905091568881,0.3911254405975342,True,,,False
54,1.646484375,1.7080078125,1.67724609375,-102.53906250000001,True,2.0709992452886676,0.3849964141845703,True,,,False
55,1.5712890625,1.5654296875,1.568359375,9.765625,True,0.1972396379199914,0.3853921890258789,True,,,False
56,1.6435546875,1.6142578125,1.62890625,48.82812500000001,True,0.9861998176383995,0.3899345397949219,True,,,False
57,1.5849609375,1.5693359375,1.5771484375,26.041666666666668,True,0.525949075164468,0.3839266300201416,True,,,False
58,1.599609375,1.5625,1.5810546875,61.848958333333336,True,1.2492426019984961,0.3833649158477783,True,,,False
59,1.5703125,1.5400390625,1.55517578125,50.45572916666667,True,1.0190319658896838,0.4012441635131836,True,,,False
60,1.6298828125,1.642578125,1.63623046875,-21.158854166666668,True,0.42735110356614764,0.38451266288757324,True,,,False
61,1.548828125,1.5673828125,1.55810546875,-30.924479166666668,True,0.6245838485796344,0.3875446319580078,True,,,False
62,1.6064453125,1.5888671875,1.59765625,29.296875000000004,True,0.5917474480540489,0.3860971927642822,True,,,False
63,1.572265625,1.580078125,1.576171875,-13.020833333333334,True,0.262986775764967,0.39153003692626953,True,,,False
64,1.5517578125,1.5791015625,1.5654296875,-45.57291666666667,True,0.9204078907168564,0.3864123821258545,True,,,False
65,1.650390625,1.6162109375,1.63330078125,56.966145833333336,True,1.1505904188460336,0.38541698455810547,True,,,False
66,1.6005859375,1.5712890625,1.5859375,48.82812500000001,True,0.986293355433915,0.3872206211090088,True,,,False
67,1.5849609375,1.56640625,1.57568359375,30.924479166666668,True,0.6246105510204603,0.38515329360961914,True,,,False
68,1.560546875,1.560546875,1.560546875,0.0,True,0.0,0.38491320610046387,True,,,False
69,1.587890625,1.6142578125,1.60107421875,-43.94531250000001,True,0.887601172220638,0.3913710117340088,True,,,False
70,1.650390625,1.607421875,1.62890625,71.61458333333334,True,1.446522590324818,0.3867640495300293,True,,,False
71,1.564453125,1.5693359375,1.56689453125,-8.138020833333334,True,0.1643634466004769,0.385530948638916,True,,,False
72,1.5830078125,1.57421875,1.57861328125,14.648437500000002,True,0.29586118311760345,0.3854353427886963,True,,,False
73,1.5849609375,1.619140625,1.60205078125,-56.966145833333336,True,1.1506021514116809,0.39162206649780273,True,,,False
74,1.5947265625,1.5966796875,1.595703125,-3.2552083333333335,True,0.06574707479542502,0.3846752643585205,True,,,False
75,1.5615234375,1.564453125,1.56298828125,-4.8828125,True,0.09861537434107204,0.38488054275512695,True,,,False
76,1.5849609375,1.66796875,1.62646484375,-138.34635416666669,True,2.7942250027240303,0.40280866622924805,True,,,False
77,1.6513671875,1.634765625,1.64306640625,27.669270833333336,True,0.5588784009759302,0.3846316337585449,True,,,False
78,1.5498046875,1.5498046875,1.5498046875,0.0,True,0.0,0.38828516006469727,True,,,False
79,1.5615234375,1.5595703125,1.560546875,3.2552083333333335,True,0.06574866214104719,0.38642454147338867,True,,,False
80,1.5830078125,1.5625,1.57275390625,34.1796875,True,0.6903561547088989,0.3919851779937744,True,,,False
81,1.68359375,1.6591796875,1.67138671875,40.69010416666667,True,0.8218613472470421,0.3854687213897705,True,,,False
82,1.583984375,1.572265625,1.578125,19.53125,True,0.39446718928841784,0.38764095306396484,True,,,False
83,1.6748046875,1.6083984375,1.6416015625,110.67708333333334,True,2.235436076379951,0.39014267921447754,True,,,False
84,1.560546875,1.5546875,1.5576171875,9.765625,True,0.1972410601774459,0.3855428695678711,True,,,False
85,1.541015625,1.5712890625,1.55615234375,-50.45572916666667,True,1.0190715665654548,0.3848423957824707,True,,,False
86,1.6025390625,1.6015625,1.60205078125,1.6276041666666667,True,0.03287367531246119,0.39165616035461426,True,,,False
87,1.6455078125,1.6474609375,1.646484375,-3.2552083333333335,True,0.06574463504265397,0.3903472423553467,True,,,False
88,1.5810546875,1.58203125,1.58154296875,-1.6276041666666667,True,0.03287287092366974,0.3851613998413086,True,,,False
89,1.599609375,1.5966796875,1.59814453125,4.8828125,True,0.0986201669469072,0.3860340118408203,True,,,False
90,1.5595703125,1.525390625,1.54248046875,56.966145833333336,True,1.1505048222207466,0.3972656726837158,True,,,False
91,1.6357421875,1.595703125,1.61572265625,66.73177083333334,True,1.3477818806184918,0.38611364364624023,True,,,False
92,1.537109375,1.4814453125,1.50927734375,92.77343750000001,True,1.8736644660162203,0.3872513771057129,True,,,False
93,1.5458984375,1.58203125,1.56396484375,-60.22135416666667,True,1.2163882917700184,0.39296579360961914,True,,,False
94,1.5322265625,1.6142578125,1.5732421875,-136.71875,True,2.7614588398608615,0.38894081115722656,True,,,False
95,1.6083984375,1.611328125,1.60986328125,-4.8828125,True,0.09862413406661606,0.3866734504699707,True,,,False
96,1.5888671875,1.5771484375,1.5830078125,19.53125,True,0.39447290584619205,0.3882157802581787,True,,,False
97,1.6064453125,1.59765625,1.60205078125,14.648437500000002,True,0.29585154074825926,0.3913767337799072,True,,,False
98,1.595703125,1.62109375,1.6083984375,-42.317708333333336,True,0.8547026535285663,0.38547205924987793,True,,,False
99,1.6748046875,1.6083984375,1.6416015625,110.67708333333334,True,2.2354182462111685,0.386138916015625,True,,,False
100,1.56640625,1.5849609375,1.57568359375,-30.924479166666668,True,0.6245707939904855,0.38904500007629395,True,,,False
101,1.5751953125,1.5791015625,1.5771484375,-6.510416666666667,True,0.1314901098053795,0.5490186214447021,True,,,False
102,1.6455078125,1.623046875,1.63427734375,37.434895833333336,True,0.7560532929524343,0.3861207962036133,True,,,False
103,1.5791015625,1.576171875,1.57763671875,4.8828125,True,0.0986221570336115,0.390897274017334,True,,,False
104,1.6259765625,1.630859375,1.62841796875,-8.138020833333334,True,0.164355403792735,0.3861215114593506,True,,,False
105,1.6572265625,1.6318359375,1.64453125,42.317708333333336,True,0.8547077959778582,0.3870849609375,True,,,False
106,1.609375,1.5859375,1.59765625,39.0625,True,0.7889531381169609,0.3874630928039551,True,,,False
107,1.5771484375,1.546875,1.56201171875,50.45572916666667,True,1.019107701832523,0.3911137580871582,True,,,False
108,1.646484375,1.6044921875,1.62548828125,69.98697916666667,True,1.4135501792749263,0.38457512855529785,True,,,False
109,1.5654296875,1.5625,1.56396484375,4.8828125,True,0.09862156108490949,0.38613200187683105,True,,,False
110,1.6181640625,1.5986328125,1.6083984375,32.552083333333336,True,0.657450050227487,0.39716386795043945,True,,,False
111,1.5615234375,1.5556640625,1.55859375,9.765625,True,0.19723577140304344,0.3860316276550293,True,,,False
112,1.59765625,1.5859375,1.591796875,19.53125,True,0.39449025965255113,0.3850257396697998,True,,,False
113,1.6083984375,1.6005859375,1.6044921875,13.020833333333334,True,0.2629710323951675,0.3922994136810303,True,,,False
114,1.587890625,1.5908203125,1.58935546875,-4.8828125,True,0.09861495897904222,0.3836824893951416,True,,,False
115,1.56640625,1.5712890625,1.56884765625,-8.138020833333334,True,0.16436324431249516,0.38443565368652344,True,,,False
116,1.599609375,1.6181640625,1.60888671875,-30.924479166666668,True,0.62461514711409,0.3912532329559326,True,,,False
117,1.55078125,1.544921875,1.5478515625,9.765625,True,0.19724331461432962,0.3853745460510254,True,,,False
118,1.609375,1.587890625,1.5986328125,35.80729166666667,True,0.723217663452897,0.3854970932006836,True,,,False
119,1.5458984375,1.5458984375,1.5458984375,0.0,True,0.0,0.4973733425140381,True,,,False
120,1.5458984375,1.576171875,1.56103515625,-50.45572916666667,True,1.0190134164217493,0.3995804786682129,True,,,False
121,1.5615234375,1.5361328125,1.548828125,42.317708333333336,True,0.854694724146457,0.37136006355285645,True,,,False
122,1.62109375,1.6845703125,1.65283203125,-105.79427083333334,True,2.136655687333551,0.3889594078063965,True,,,False
123,1.6279296875,1.626953125,1.62744140625,1.6276041666666667,True,0.03287379026196916,0.39771533012390137,True,,,False
124,1.61328125,1.6357421875,1.62451171875,-37.434895833333336,True,0.7560497664019538,0.38576173782348633,True,,,False
125,1.5966796875,1.646484375,1.62158203125,-83.00781250000001,True,1.6765422859342856,0.3864247798919678,True,,,False
126,1.6357421875,1.5771484375,1.6064453125,97.65625000000001,True,1.9724097688455795,0.396984338760376,True,,,False
127,1.611328125,1.6123046875,1.61181640625,-1.6276041666666667,True,0.03287092481099276,0.3970987796783447,True,,,False
128,1.6044921875,1.6162109375,1.6103515625,-19.53125,True,0.3944754511146348,0.39118432998657227,True,,,False
129,1.5751953125,1.6005859375,1.587890625,-42.317708333333336,True,0.8547300059755881,0.39340806007385254,True,,,False
130,1.521484375,1.5107421875,1.51611328125,17.903645833333336,True,0.3616034925605798,0.39541053771972656,True,,,False
131,1.642578125,1.6845703125,1.66357421875,-69.98697916666667,True,1.4136086724998471,0.3864600658416748,True,,,False
132,1.5986328125,1.5859375,1.59228515625,21.158854166666668,True,0.42733263919823644,0.39302897453308105,True,,,False
133,1.58203125,1.6201171875,1.60107421875,-63.47656250000001,True,1.2821040849817604,0.395108699798584,True,,,False
134,1.62109375,1.630859375,1.6259765625,-16.276041666666668,True,0.32872882561606903,0.38774967193603516,True,,,False
135,1.640625,1.640625,1.640625,0.0,True,0.0,0.3883538246154785,True,,,False
136,1.611328125,1.634765625,1.623046875,-39.0625,True,0.7889490102298685,0.41058850288391113,True,,,False
137,1.62890625,1.5888671875,1.60888671875,66.73177083333334,True,1.3477880830644828,0.3862032890319824,True,,,False
138,1.5771484375,1.5595703125,1.568359375,29.296875000000004,True,0.5917149590746471,0.38684892654418945,True,,,False
139,1.5576171875,1.5537109375,1.5556640625,6.510416666666667,True,0.13148612882006575,0.39153099060058594,True,,,False
140,1.56640625,1.583984375,1.5751953125,-29.296875000000004,True,0.5917114023048359,0.3885068893432617,True,,,False
141,1.5751953125,1.5703125,1.57275390625,8.138020833333334,True,0.1643615760919754,0.38886117935180664,True,,,False
142,1.6201171875,1.6005859375,1.6103515625,32.552083333333336,True,0.6575110077196596,0.38681840896606445,True,,,False
143,1.595703125,1.58203125,1.5888671875,22.786458333333336,True,0.46022625706909953,0.39368724822998047,True,,,False
144,1.55859375,1.55078125,1.5546875,13.020833333333334,True,0.26299850733692126,0.3882017135620117,True,,,False
145,1.6240234375,1.64453125,1.63427734375,-34.1796875,True,0.6903467857043509,0.38655757904052734,True,,,False
146,1.5791015625,1.568359375,1.57373046875,17.903645833333336,True,0.3616116139583604,0.3993549346923828,True,,,False
147,1.5517578125,1.5869140625,1.5693359375,-58.59375000000001,True,1.183422574789112,0.3866312503814697,True,,,False
148,1.6025390625,1.5771484375,1.58984375,42.317708333333336,True,0.8547254108063125,0.38661623001098633,True,,,False
149,1.5849609375,1.6142578125,1.599609375,-48.82812500000001,True,0.986182957977738,0.39232945442199707,True,,,False
150,1.603515625,1.595703125,1.599609375,13.020833333333334,True,0.2629893997198939,0.39229297637939453,True,,,False
151,1.5751953125,1.5751953125,1.5751953125,0.0,True,0.0,0.38999271392822266,True,,,False
152,1.587890625,1.5703125,1.5791015625,29.296875000000004,True,0.5917289944242219,0.3885376453399658,True,,,False
153,1.5751953125,1.572265625,1.57373046875,4.8828125,True,0.0986245166847488,0.3995242118835449,True,,,False
154,1.646484375,1.619140625,1.6328125,45.57291666666667,True,0.9203778710561145,0.39148402214050293,True,,,False
155,1.525390625,1.5625,1.5439453125,-61.848958333333336,True,1.249252316930539,0.3866231441497803,True,,,False
156,1.6181640625,1.6181640625,1.6181640625,0.0,True,0.0,0.3905308246612549,True,,,False
157,1.607421875,1.56640625,1.5869140625,68.359375,True,1.3806130877945548,0.38800859451293945,True,,,False
158,1.5947265625,1.5810546875,1.587890625,22.786458333333336,True,0.4602232569784055,0.3876667022705078,True,,,False
159,1.568359375,1.5888671875,1.57861328125,-34.1796875,True,0.6903685130114589,0.3935048580169678,True,,,False
160,1.5634765625,1.59375,1.57861328125,-50.45572916666667,True,1.0190165181316702,0.38543081283569336,True,,,False
161,1.5576171875,1.5908203125,1.57421875,-55.33854166666667,True,1.1177658477210806,0.38800835609436035,True,,,False
162,1.5380859375,1.5654296875,1.5517578125,-45.57291666666667,True,0.9204591759671815,0.3901081085205078,True,,,False
163,1.6044921875,1.615234375,1.60986328125,-17.903645833333336,True,0.361592452868523,0.39485931396484375,True,,,False
164,1.6064453125,1.572265625,1.58935546875,56.966145833333336,True,1.1505690319307107,0.38974475860595703,True,,,False
165,1.55859375,1.578125,1.568359375,-32.552083333333336,True,0.6574624077065856,0.39262819290161133,True,,,False
166,1.5771484375,1.556640625,1.56689453125,34.1796875,True,0.6903625833757315,0.399824857711792,True,,,False
167,1.607421875,1.6171875,1.6123046875,-16.276041666666668,True,0.3287461728179222,0.3883481025695801,True,,,False
168,1.5283203125,1.5283203125,1.5283203125,0.0,True,0.0,0.3892202377319336,True,,,False
169,1.56640625,1.572265625,1.5693359375,-9.765625,True,0.19724371833797952,0.3940715789794922,True,,,False
170,1.5673828125,1.5703125,1.56884765625,-4.8828125,True,0.09862003585814695,0.38677263259887695,True,,,False
171,1.5654296875,1.5908203125,1.578125,-42.317708333333336,True,0.8547405568635925,0.38788366317749023,True,,,False
172,1.5927734375,1.6044921875,1.5986328125,-19.53125,True,0.39447933616264613,0.38680148124694824,True,,,False
173,1.5771484375,1.5859375,1.58154296875,-14.648437500000002,True,0.29587426045793613,0.39259862899780273,True,,,False
174,1.544921875,1.6005859375,1.57275390625,-92.77343750000001,True,1.8737411200150975,0.38697218894958496,True,,,False
175,1.5419921875,1.55078125,1.54638671875,-14.648437500000002,True,0.2958561246601678,0.38681888580322266,True,,,False
176,1.6171875,1.62109375,1.619140625,-6.510416666666667,True,0.1314933096089911,0.39693450927734375,True,,,False
177,1.5322265625,1.6083984375,1.5703125,-126.95312500000001,True,2.5641226328005224,0.3956122398376465,True,,,False
178,1.6025390625,1.58984375,1.59619140625,21.158854166666668,True,0.4273524973567777,0.3894197940826416,True,,,False
179,1.5693359375,1.5673828125,1.568359375,3.2552083333333335,True,0.06574947875866305,0.3982973098754883,True,,,False
180,1.5380859375,1.5498046875,1.5439453125,-19.53125,True,0.3944851336751223,0.3946399688720703,True,,,False
181,1.5810546875,1.587890625,1.58447265625,-11.393229166666668,True,0.23010956478694683,0.3896622657775879,True,,,False
182,1.49609375,1.5283203125,1.51220703125,-53.71093750000001,True,1.0848300715448944,0.3865535259246826,True,,,False
183,1.576171875,1.5556640625,1.56591796875,34.1796875,True,0.6903406576479599,0.4025416374206543,True,,,False
184,1.58984375,1.5810546875,1.58544921875,14.648437500000002,True,0.29587030396046327,0.38721656799316406,True,,,False
185,1.5634765625,1.576171875,1.56982421875,-21.158854166666668,True,0.42734570551427564,0.3860292434692383,True,,,False
186,1.6044921875,1.6005859375,1.6025390625,6.510416666666667,True,0.1314996083031502,0.3970775604248047,True,,,False
187,1.5830078125,1.5537109375,1.568359375,48.82812500000001,True,0.9861937788035816,0.3877990245819092,True,,,False
188,1.5419921875,1.5078125,1.52490234375,56.966145833333336,True,1.1505565124971597,0.3878161907196045,True,,,False
189,1.5791015625,1.55859375,1.56884765625,34.1796875,True,0.6903441629201905,0.3877730369567871,True,,,False
190,1.6376953125,1.64453125,1.64111328125,-11.393229166666668,True,0.23013096244027423,0.39258885383605957,True,,,False
191,1.5693359375,1.5771484375,1.5732421875,-13.020833333333334,True,0.26298748673337036,0.3868227005004883,True,,,False
192,1.5693359375,1.556640625,1.56298828125,21.158854166666668,True,0.4273812406577402,0.38511085510253906,True,,,False
193,1.609375,1.6201171875,1.61474609375,-17.903645833333336,True,0.36159002566322745,0.39426684379577637,True,,,False
194,1.5439453125,1.5400390625,1.5419921875,6.510416666666667,True,0.13147856224156368,0.38800978660583496,True,,,False
195,1.5869140625,1.5634765625,1.5751953125,39.0625,True,0.7889453423894573,0.387465238571167,True,,,False
196,1.56640625,1.560546875,1.5634765625,9.765625,True,0.19725094320031644,0.39511799812316895,True,,,False
197,1.5556640625,1.6025390625,1.5791015625,-78.125,True,1.5779726193240848,0.3877754211425781,True,,,False
198,1.6767578125,1.6396484375,1.658203125,61.848958333333336,True,1.2492251533399916,0.38827991485595703,True,,,False
199,1.583984375,1.591796875,1.587890625,-13.020833333333334,True,0.2630092622255592,0.38961195945739746,True,,,False
200,1.5537109375,1.5654296875,1.5595703125,-19.53125,True,0.3944758171008418,0.39690399169921875,True,,,False
201,1.6005859375,1.603515625,1.60205078125,-4.8828125,True,0.09861909418274073,0.5523748397827148,True,,,False
202,1.62890625,1.599609375,1.6142578125,48.82812500000001,True,0.9862235495797528,0.3886408805847168,True,,,False
203,1.56640625,1.5517578125,1.55908203125,24.414062500000004,True,0.4930993292551377,0.3944978713989258,True,,,False
204,1.5859375,1.55078125,1.568359375,58.59375000000001,True,1.1834861834122796,0.47408628463745117,True,,,False
205,1.578125,1.53515625,1.556640625,71.61458333333334,True,1.446529886678603,0.39930295944213867,True,,,False
206,1.5986328125,1.6044921875,1.6015625,-9.765625,True,0.19724078535066447,0.3859364986419678,True,,,False
207,1.5791015625,1.646484375,1.61279296875,-112.30468750000001,True,2.268313719316147,0.38687777519226074,True,,,False
208,1.599609375,1.58984375,1.5947265625,16.276041666666668,True,0.3287429472881985,0.3856217861175537,True,,,False
209,1.5810546875,1.599609375,1.59033203125,-30.924479166666668,True,0.6245950100813142,0.40253353118896484,True,,,False
210,1.5908203125,1.5859375,1.58837890625,8.138020833333334,True,0.16438358177684861,0.3985888957977295,True,,,False
211,1.609375,1.5703125,1.58984375,65.10416666666667,True,1.3149733532946757,0.38910841941833496,True,,,False
212,1.6015625,1.6005859375,1.60107421875,1.6276041666666667,True,0.03287486347395097,0.39455127716064453,True,,,False
213,1.5439453125,1.5693359375,1.556640625,-42.317708333333336,True,0.8546980758976368,0.3920590877532959,True,,,False
214,1.576171875,1.5419921875,1.55908203125,56.966145833333336,True,1.1505853023096462,0.3855268955230713,True,,,False
215,1.548828125,1.5673828125,1.55810546875,-30.924479166666668,True,0.6246206234330776,0.3858823776245117,True,,,False
216,1.60546875,1.6162109375,1.61083984375,-17.903645833333336,True,0.36158552485624057,0.38948869705200195,True,,,False
217,1.5869140625,1.6064453125,1.5966796875,-32.552083333333336,True,0.6574817544758802,0.38489603996276855,True,,,False
218,1.529296875,1.5166015625,1.52294921875,21.158854166666668,True,0.4273736965042589,0.3851504325866699,True,,,False
219,1.611328125,1.599609375,1.60546875,19.53125,True,0.39448760780934283,0.3913736343383789,True,,,False
220,1.5830078125,1.6015625,1.59228515625,-30.924479166666668,True,0.6246083717786421,0.3933424949645996,True,,,False
221,1.548828125,1.5751953125,1.56201171875,-43.94531250000001,True,0.8875877305058552,0.3866403102874756,True,,,False
222,1.5537109375,1.5771484375,1.5654296875,-39.0625,True,0.7889155963242955,0.3865940570831299,True,,,False
223,1.6044921875,1.5859375,1.59521484375,30.924479166666668,True,0.6246203923272207,0.393007755279541,True,,,False
224,1.5458984375,1.5791015625,1.5625,-55.33854166666667,True,1.1177677189173019,0.3885955810546875,True,,,False
225,1.587890625,1.5625,1.5751953125,42.317708333333336,True,0.8546970682001465,0.38885021209716797,True,,,False
226,1.572265625,1.5771484375,1.57470703125,-8.138020833333334,True,0.16436063995441078,0.4018280506134033,True,,,False
227,1.5693359375,1.5810546875,1.5751953125,-19.53125,True,0.39450585289654444,0.3874680995941162,True,,,False
228,1.53515625,1.544921875,1.5400390625,-16.276041666666668,True,0.32874839072912254,0.38800907135009766,True,,,False
229,1.5390625,1.560546875,1.5498046875,-35.80729166666667,True,0.7232075105810888,0.5649428367614746,True,,,False
230,1.5341796875,1.5771484375,1.5556640625,-71.61458333333334,True,1.4464241678975964,0.3887670040130615,True,,,False
231,1.607421875,1.6455078125,1.62646484375,-63.47656250000001,True,1.2820281369751851,0.386350154876709,True,,,False
232,1.6103515625,1.578125,1.59423828125,53.71093750000001,True,1.084740827758678,0.3888270854949951,True,,,False
233,1.611328125,1.642578125,1.626953125,-52.083333333333336,True,1.0519061483090204,0.3913609981536865,True,,,False
234,1.5947265625,1.5966796875,1.595703125,-3.2552083333333335,True,0.06574852223220232,0.3894662857055664,True,,,False
235,1.5380859375,1.5478515625,1.54296875,-16.276041666666668,True,0.3287443445753577,0.3860797882080078,True,,,False
236,1.5419921875,1.55859375,1.55029296875,-27.669270833333336,True,0.5588406187427459,0.3944220542907715,True,,,False
237,1.546875,1.5693359375,1.55810546875,-37.434895833333336,True,0.7560404223967929,0.3882482051849365,True,,,False
238,1.599609375,1.5859375,1.5927734375,22.786458333333336,True,0.46022096710854743,0.38797783851623535,True,,,False
239,1.6318359375,1.6728515625,1.65234375,-68.359375,True,1.3807542659328402,0.39840030670166016,True,,,False
240,1.5029296875,1.5595703125,1.53125,-94.40104166666667,True,1.9066844352071526,0.38933634757995605,True,,,False
241,1.5517578125,1.5087890625,1.5302734375,71.61458333333334,True,1.4463837535245263,0.38846898078918457,True,,,False
242,1.6240234375,1.68359375,1.65380859375,-99.28385416666667,True,2.0053086085853256,0.37343668937683105,True,,,False
243,1.51171875,1.52734375,1.51953125,-26.041666666666668,True,0.5259829680182674,0.3941004276275635,True,,,False
244,1.5390625,1.5498046875,1.54443359375,-17.903645833333336,True,0.3616079733090198,0.3872189521789551,True,,,False
245,1.5859375,1.5927734375,1.58935546875,-11.393229166666668,True,0.23011805669327864,0.3880124092102051,True,,,False
246,1.6259765625,1.568359375,1.59716796875,96.02864583333334,True,1.939441129673218,0.3928666114807129,True,,,False
247,1.6103515625,1.5546875,1.58251953125,92.77343750000001,True,1.8738224223495143,0.38902878761291504,True,,,False
248,1.5625,1.5693359375,1.56591796875,-11.393229166666668,True,0.2301080675614401,0.38846898078918457,True,,,False
249,1.591796875,1.6064453125,1.59912109375,-24.414062500000004,True,0.493097649501857,0.3991832733154297,True,,,False
250,1.484375,1.6044921875,1.54443359375,-200.19531250000003,True,4.043307341472114,0.3895876407623291,True,,,False
251,1.578125,1.5546875,1.56640625,39.0625,True,0.7889404932174026,0.3867771625518799,True,,,False
252,1.6171875,1.6005859375,1.60888671875,27.669270833333336,True,0.558824482182685,0.3881261348724365,True,,,False
253,1.6748046875,1.623046875,1.64892578125,86.26302083333334,True,1.74232605317642,0.4051377773284912,True,,,False
254,1.6083984375,1.6005859375,1.6044921875,13.020833333333334,True,0.2629895420114669,0.3867073059082031,True,,,False
255,1.6474609375,1.6259765625,1.63671875,35.80729166666667,True,0.7232059272111112,0.3883097171783447,True,,,False
256,1.5859375,1.5673828125,1.57666015625,30.924479166666668,True,0.6245731073612942,0.3924598693847656,True,,,False
257,1.548828125,1.5625,1.5556640625,-22.786458333333336,True,0.46025557610129875,0.38956642150878906,True,,,False
258,1.6142578125,1.6337890625,1.6240234375,-32.552083333333336,True,0.657483750950518,0.38877344131469727,True,,,False
259,1.541015625,1.57421875,1.5576171875,-55.33854166666667,True,1.117704158103425,0.39485764503479004,True,,,False
260,1.615234375,1.5849609375,1.60009765625,50.45572916666667,True,1.019098937755048,0.39589524269104004,True,,,False
261,1.5576171875,1.5419921875,1.5498046875,26.041666666666668,True,0.5259839989406614,0.3870222568511963,True,,,False
262,1.576171875,1.5595703125,1.56787109375,27.669270833333336,True,0.5588231705752932,0.3881664276123047,True,,,False
263,1.56640625,1.53515625,1.55078125,52.083333333333336,True,1.0519075814799994,0.39838266372680664,True,,,False
264,1.5908203125,1.59765625,1.59423828125,-11.393229166666668,True,0.23010832168739176,0.3856778144836426,True,,,False
265,1.693359375,1.677734375,1.685546875,26.041666666666668,True,0.5259881933882325,0.3882863521575928,True,,,False
266,1.51171875,1.5244140625,1.51806640625,-21.158854166666668,True,0.42736406989928866,0.4050440788269043,True,,,False
267,1.5673828125,1.560546875,1.56396484375,11.393229166666668,True,0.23010494247939853,0.38773131370544434,True,,,False
268,1.5,1.509765625,1.5048828125,-16.276041666666668,True,0.3287421953903352,0.39432287216186523,True,,,False
269,1.57421875,1.5703125,1.572265625,6.510416666666667,True,0.13149499398271788,0.394711971282959,True,,,False
270,1.5244140625,1.51953125,1.52197265625,8.138020833333334,True,0.16436541928384946,0.3901674747467041,True,,,False
271,1.5576171875,1.55859375,1.55810546875,-1.6276041666666667,True,0.03287238990034461,0.38721752166748047,True,,,False
272,1.5673828125,1.587890625,1.57763671875,-34.1796875,True,0.6903568728896616,0.3859891891479492,True,,,False
273,1.5537109375,1.556640625,1.55517578125,-4.8828125,True,0.0986240624119784,0.40010762214660645,True,,,False
274,1.609375,1.60546875,1.607421875,6.510416666666667,True,0.13149820914247073,0.3882739543914795,True,,,False
275,1.5478515625,1.525390625,1.53662109375,37.434895833333336,True,0.7561200512044204,0.38792848587036133,True,,,False
276,1.5615234375,1.5595703125,1.560546875,3.2552083333333335,True,0.06575314879084852,0.4003722667694092,True,,,False
277,1.568359375,1.6044921875,1.58642578125,-60.22135416666667,True,1.2162499879638828,0.3879375457763672,True,,,False
278,1.654296875,1.6640625,1.6591796875,-16.276041666666668,True,0.328747056265607,0.38782501220703125,True,,,False
279,1.5634765625,1.5703125,1.56689453125,-11.393229166666668,True,0.23011196816487103,0.396176815032959,True,,,False
280,1.529296875,1.5458984375,1.53759765625,-27.669270833333336,True,0.5588658337444457,0.3910496234893799,True,,,False
281,1.6689453125,1.6259765625,1.6474609375,71.61458333333334,True,1.4464293774779853,0.39095449447631836,True,,,False
282,1.5849609375,1.6220703125,1.603515625,-61.848958333333336,True,1.2492960518698595,0.38867759704589844,True,,,False
283,1.5771484375,1.5498046875,1.5634765625,45.57291666666667,True,0.9204862948588901,0.3919944763183594,True,,,False
284,1.646484375,1.6181640625,1.63232421875,47.200520833333336,True,0.9532549648801293,0.3886444568634033,True,,,False
285,1.5234375,1.5341796875,1.52880859375,-17.903645833333336,True,0.3616113893396463,0.3866007328033447,True,,,False
286,1.6240234375,1.6328125,1.62841796875,-14.648437500000002,True,0.2958603215538208,0.500840425491333,True,,,False
287,1.5205078125,1.4853515625,1.5029296875,58.59375000000001,True,1.1835001685763336,0.39780330657958984,True,,,False
288,1.5205078125,1.533203125,1.52685546875,-21.158854166666668,True,0.4273382089263969,0.3889191150665283,True,,,False
289,1.541015625,1.49609375,1.5185546875,74.86979166666667,True,1.5122021302654038,0.39670848846435547,True,,,False
290,1.61328125,1.580078125,1.5966796875,55.33854166666667,True,1.1176905164033841,0.3970298767089844,True,,,False
291,1.626953125,1.61328125,1.6201171875,22.786458333333336,True,0.4602234741825147,0.39354801177978516,True,,,False
292,1.552734375,1.5205078125,1.53662109375,53.71093750000001,True,1.0848730455881557,0.3952622413635254,True,,,False
293,1.5400390625,1.5576171875,1.548828125,-29.296875000000004,True,0.5917454982122345,0.3872063159942627,True,,,False
294,1.5341796875,1.5625,1.54833984375,-47.200520833333336,True,0.9533202285269853,0.3874526023864746,True,,,False
295,1.5869140625,1.5830078125,1.5849609375,6.510416666666667,True,0.13149313678433266,0.3868563175201416,True,,,False
296,1.5537109375,1.5439453125,1.548828125,16.276041666666668,True,0.3287132921168576,0.40340518951416016,True,,,False
297,1.5576171875,1.5419921875,1.5498046875,26.041666666666668,True,0.5259812734322897,0.39023494720458984,True,,,False
298,1.5966796875,1.5947265625,1.595703125,3.2552083333333335,True,0.06574796545838571,0.38878321647644043,True,,,False
299,1.6015625,1.673828125,1.6376953125,-120.44270833333334,True,2.432637266316746,0.39107441902160645,True,,,False
300,1.5869140625,1.58984375,1.58837890625,-4.8828125,True,0.09862021868612623,0.39240121841430664,True,,,False
301,1.521484375,1.509765625,1.515625,19.53125,True,0.3944787987651161,0.5397875308990479,True,,,False
302,1.5576171875,1.5498046875,1.5537109375,13.020833333333334,True,0.26300623175495136,0.39244866371154785,True,,,False
303,1.576171875,1.5869140625,1.58154296875,-17.903645833333336,True,0.36159731610175905,0.38640379905700684,True,,,False
304,1.6591796875,1.6396484375,1.6494140625,32.552083333333336,True,0.6574369681243488,0.3883206844329834,True,,,False
305,1.6396484375,1.6064453125,1.623046875,55.33854166666667,True,1.1176883052945727,0.3948042392730713,True,,,False
306,1.587890625,1.5859375,1.5869140625,3.2552083333333335,True,0.06574854160899823,0.3922123908996582,True,,,False
307,1.5302734375,1.50390625,1.51708984375,43.94531250000001,True,0.8875870281107477,0.38956642150878906,True,,,False
308,1.58203125,1.578125,1.580078125,6.510416666666667,True,0.13148413936286085,0.3882262706756592,True,,,False
309,1.6416015625,1.638671875,1.64013671875,4.8828125,True,0.09862099298615892,0.40198206901550293,True,,,False
310,1.5478515625,1.5419921875,1.544921875,9.765625,True,0.19723703734127276,0.3926365375518799,True,,,False
311,1.5703125,1.5537109375,1.56201171875,27.669270833333336,True,0.5588696792289407,0.38787102699279785,True,,,False
312,1.630859375,1.6220703125,1.62646484375,14.648437500000002,True,0.2958560340600947,0.3965897560119629,True,,,False
313,1.5576171875,1.560546875,1.55908203125,-4.8828125,True,0.09862426204267441,0.3910033702850342,True,,,False
314,1.5400390625,1.5625,1.55126953125,-37.434895833333336,True,0.7560816725926013,0.38692688941955566,True,,,False
315,1.64453125,1.6064453125,1.62548828125,63.47656250000001,True,1.2820700953076807,0.393587589263916,True,,,False
316,1.4794921875,1.4814453125,1.48046875,-3.2552083333333335,True,0.06574599739933228,0.3970370292663574,True,,,False
317,1.578125,1.5673828125,1.57275390625,17.903645833333336,True,0.3616143576406898,0.3881514072418213,True,,,False
318,1.5009765625,1.5244140625,1.5126953125,-39.0625,True,0.7889732682623616,0.38832569122314453,True,,,False
319,1.5859375,1.5908203125,1.58837890625,-8.138020833333334,True,0.16436775119534627,0.3932943344116211,True,,,False
320,1.638671875,1.6669921875,1.65283203125,-47.200520833333336,True,0.9533570980739673,0.3878498077392578,True,,,False
321,1.58984375,1.5859375,1.587890625,6.510416666666667,True,0.1314991710427333,0.3895728588104248,True,,,False
322,1.61328125,1.64453125,1.62890625,-52.083333333333336,True,1.051983520474097,0.39658522605895996,True,,,False
323,1.5302734375,1.5390625,1.53466796875,-14.648437500000002,True,0.29586432193972845,0.3859086036682129,True,,,False
324,1.5986328125,1.6005859375,1.599609375,-3.2552083333333335,True,0.06575004967930388,0.3925504684448242,True,,,False
325,1.564453125,1.5673828125,1.56591796875,-4.8828125,True,0.09862569942336818,0.39345645904541016,True,,,False
326,1.703125,1.62890625,1.666015625,123.69791666666667,True,2.498431604180474,0.3873305320739746,True,,,False
327,1.5888671875,1.5751953125,1.58203125,22.786458333333336,True,0.4602284543284686,0.38803529739379883,True,,,False
328,1.58203125,1.587890625,1.5849609375,-9.765625,True,0.1972360789431539,0.38724303245544434,True,,,False
329,1.5908203125,1.5947265625,1.5927734375,-6.510416666666667,True,0.13149397137923113,0.3953278064727783,True,,,False
330,1.6025390625,1.6328125,1.61767578125,-50.45572916666667,True,1.0190828289510887,0.3852519989013672,True,,,False
331,1.6064453125,1.60546875,1.60595703125,1.6276041666666667,True,0.03287200432234011,0.38679075241088867,True,,,False
332,1.609375,1.587890625,1.5986328125,35.80729166666667,True,0.7231894074484275,0.3976106643676758,True,,,False
333,1.5478515625,1.6015625,1.57470703125,-89.51822916666667,True,1.8081351268931674,0.3871955871582031,True,,,False
334,1.556640625,1.5595703125,1.55810546875,-4.8828125,True,0.09861873099769032,0.38678550720214844,True,,,False
335,1.5732421875,1.578125,1.57568359375,-8.138020833333334,True,0.16437657740107053,0.3942129611968994,True,,,False
336,1.5625,1.5517578125,1.55712890625,17.903645833333336,True,0.361633641104643,0.39190196990966797,True,,,False
337,1.580078125,1.6064453125,1.59326171875,-43.94531250000001,True,0.8875864890261245,0.3897850513458252,True,,,False
338,1.5947265625,1.587890625,1.59130859375,11.393229166666668,True,0.23011522306712515,0.387789249420166,True,,,False
339,1.6494140625,1.5810546875,1.615234375,113.93229166666667,True,2.3011417878863685,0.39382410049438477,True,,,False
340,1.6044921875,1.59375,1.59912109375,17.903645833333336,True,0.3616256538020961,0.3854503631591797,True,,,False
341,1.673828125,1.6865234375,1.68017578125,-21.158854166666668,True,0.42731051406069187,0.38885927200317383,True,,,False
342,1.58984375,1.6474609375,1.61865234375,-96.02864583333334,True,1.9395499566282415,0.39717817306518555,True,,,False
343,1.671875,1.6689453125,1.67041015625,4.8828125,True,0.09861692493467501,0.3875579833984375,True,,,False
344,1.5751953125,1.5849609375,1.580078125,-16.276041666666668,True,0.32873459305787467,0.3873138427734375,True,,,False
345,1.5380859375,1.556640625,1.54736328125,-30.924479166666668,True,0.6245588569000713,0.3946807384490967,True,,,False
346,1.5693359375,1.5537109375,1.5615234375,26.041666666666668,True,0.5259470460120435,0.38838982582092285,True,,,False
347,1.4970703125,1.498046875,1.49755859375,-1.6276041666666667,True,0.032872446660554826,0.38718128204345703,True,,,False
348,1.6083984375,1.5400390625,1.57421875,113.93229166666667,True,2.301070964133081,0.3877105712890625,True,,,False
349,1.5927734375,1.5849609375,1.5888671875,13.020833333333334,True,0.26298294434766806,0.39470648765563965,True,,,False
350,1.5869140625,1.609375,1.59814453125,-37.434895833333336,True,0.756112249145103,0.3875572681427002,True,,,False
351,1.5810546875,1.599609375,1.59033203125,-30.924479166666668,True,0.6246215560139965,0.385939359664917,True,,,False
352,1.630859375,1.6201171875,1.62548828125,17.903645833333336,True,0.3616008860282663,0.4051697254180908,True,,,False
353,1.6826171875,1.6513671875,1.6669921875,52.083333333333336,True,1.0519533020451477,0.3881816864013672,True,,,False
354,1.57421875,1.5966796875,1.58544921875,-37.434895833333336,True,0.7560866033604481,0.39144420623779297,True,,,False
355,1.626953125,1.6494140625,1.63818359375,-37.434895833333336,True,0.7560735632586929,0.3903846740722656,True,,,False
356,1.541015625,1.4912109375,1.51611328125,83.00781250000001,True,1.6765776735827143,0.3909428119659424,True,,,False
357,1.6259765625,1.6015625,1.61376953125,40.69010416666667,True,0.821804682565546,0.38877105712890625,True,,,False
358,1.546875,1.5400390625,1.54345703125,11.393229166666668,True,0.2301071472767726,0.38719606399536133,True,,,False
359,1.6396484375,1.625,1.63232421875,24.414062500000004,True,0.49307499906215047,0.3943827152252197,True,,,False
360,1.65234375,1.662109375,1.6572265625,-16.276041666666668,True,0.3287355074508644,0.38757753372192383,True,,,False
361,1.5126953125,1.521484375,1.51708984375,-14.648437500000002,True,0.2958766152647133,0.38843750953674316,True,,,False
362,1.6318359375,1.611328125,1.62158203125,34.1796875,True,0.6903220153014886,0.39493417739868164,True,,,False
363,1.5703125,1.5654296875,1.56787109375,8.138020833333334,True,0.1643574800663853,0.3724191188812256,True,,,False
364,1.5546875,1.599609375,1.5771484375,-74.86979166666667,True,1.5120981074297124,0.38701510429382324,True,,,False
365,1.5390625,1.5693359375,1.55419921875,-50.45572916666667,True,1.0190704794412762,0.3861055374145508,True,,,False
366,1.646484375,1.6103515625,1.62841796875,60.22135416666667,True,1.21625260795512,0.3982200622558594,True,,,False
367,1.5361328125,1.5361328125,1.5361328125,0.0,True,0.0,0.4760935306549072,True,,,False
368,1.576171875,1.58984375,1.5830078125,-22.786458333333336,True,0.4602412611009878,0.39588451385498047,True,,,False
369,1.53515625,1.5439453125,1.53955078125,-14.648437500000002,True,0.29586459423812556,0.3956112861633301,True,,,False
370,1.6591796875,1.6826171875,1.6708984375,-39.0625,True,0.7889721866831517,0.3956298828125,True,,,False
371,1.4951171875,1.4833984375,1.4892578125,19.53125,True,0.39449068528736675,0.4056272506713867,True,,,False
372,1.564453125,1.587890625,1.576171875,-39.0625,True,0.7889695715428447,0.3972506523132324,True,,,False
373,1.5537109375,1.5732421875,1.5634765625,-32.552083333333336,True,0.6574754517257111,0.3925182819366455,True,,,False
374,1.5458984375,1.5537109375,1.5498046875,-13.020833333333334,True,0.2629911781351297,0.39009904861450195,True,,,False
375,1.5830078125,1.5673828125,1.5751953125,26.041666666666668,True,0.525951956081618,0.39208030700683594,True,,,False
376,1.5751953125,1.55859375,1.56689453125,27.669270833333336,True,0.5588577432087283,0.3849496841430664,True,,,False
377,1.5673828125,1.576171875,1.57177734375,-14.648437500000002,True,0.2958584339989444,0.38692283630371094,True,,,False
378,1.5361328125,1.537109375,1.53662109375,-1.6276041666666667,True,0.03287286808635603,0.3849451541900635,True,,,False
379,1.5244140625,1.5029296875,1.513671875,35.80729166666667,True,0.7232031095251935,0.39080023765563965,True,,,False
380,1.6083984375,1.5986328125,1.603515625,16.276041666666668,True,0.3287266348044667,0.385117769241333,True,,,False
381,1.6435546875,1.6435546875,1.6435546875,0.0,True,0.0,0.38678741455078125,True,,,False
382,1.546875,1.50390625,1.525390625,71.61458333333334,True,1.446357087823841,0.4006028175354004,True,,,False
383,1.533203125,1.5263671875,1.52978515625,11.393229166666668,True,0.23010624951232322,0.38651537895202637,True,,,False
384,1.5283203125,1.5546875,1.54150390625,-43.94531250000001,True,0.8876586229583386,0.3851656913757324,True,,,False
385,1.54296875,1.53125,1.537109375,19.53125,True,0.3944758410225689,0.3913686275482178,True,,,False
386,1.5732421875,1.568359375,1.57080078125,8.138020833333334,True,0.1643670040413379,0.3849217891693115,True,,,False
387,1.5859375,1.611328125,1.5986328125,-42.317708333333336,True,0.854680215602344,0.3878648281097412,True,,,False
388,1.625,1.63671875,1.630859375,-19.53125,True,0.3944644271370103,0.3859059810638428,True,,,False
389,1.6005859375,1.5732421875,1.5869140625,45.57291666666667,True,0.9204429201388445,0.39148807525634766,True,,,False
390,1.5361328125,1.544921875,1.54052734375,-14.648437500000002,True,0.29584903059502915,0.3899385929107666,True,,,False
391,1.5830078125,1.587890625,1.58544921875,-8.138020833333334,True,0.16436918437356238,0.38713526725769043,True,,,False
392,1.6103515625,1.5810546875,1.595703125,48.82812500000001,True,0.9861885214015214,0.40286803245544434,True,,,False
393,1.59375,1.5732421875,1.58349609375,34.1796875,True,0.690364660625572,0.38810300827026367,True,,,False
394,1.5400390625,1.5458984375,1.54296875,-9.765625,True,0.19724961852356404,0.38458967208862305,True,,,False
395,1.640625,1.6123046875,1.62646484375,47.200520833333336,True,0.9533601347187183,0.39345669746398926,True,,,False
396,1.703125,1.669921875,1.6865234375,55.33854166666667,True,1.1177081129229878,0.38664793968200684,True,,,False
397,1.560546875,1.5595703125,1.56005859375,1.6276041666666667,True,0.032872861921874906,0.3868260383605957,True,,,False
398,1.5810546875,1.5654296875,1.5732421875,26.041666666666668,True,0.5259942173139405,0.38589978218078613,True,,,False
399,1.60546875,1.5986328125,1.60205078125,11.393229166666668,True,0.23011984184907258,0.3918442726135254,True,,,False
400,1.560546875,1.5537109375,1.55712890625,11.393229166666668,True,0.23011222369925496,0.38503599166870117,True,,,False
401,1.5703125,1.591796875,1.5810546875,-35.80729166666667,True,0.7231728737415971,0.5391888618469238,True,,,False
402,1.4833984375,1.5087890625,1.49609375,-42.317708333333336,True,0.8546959071124194,0.4257504940032959,True,,,False
403,1.5634765625,1.56640625,1.56494140625,-4.8828125,True,0.09861369959138899,0.38661813735961914,True,,,False
404,1.54296875,1.5654296875,1.55419921875,-37.434895833333336,True,0.7560571584671221,0.38631486892700195,True,,,False
405,1.615234375,1.6181640625,1.61669921875,-4.8828125,True,0.098614074812104,0.39928221702575684,True,,,False
406,1.59375,1.5673828125,1.58056640625,43.94531250000001,True,0.8876384764043012,0.385892391204834,True,,,False
407,1.5546875,1.56640625,1.560546875,-19.53125,True,0.39449775589879255,0.38679051399230957,True,,,False
408,1.60546875,1.650390625,1.6279296875,-74.86979166666667,True,1.512207103164915,0.393843412399292,True,,,False
409,1.5859375,1.6064453125,1.59619140625,-34.1796875,True,0.690299619347992,0.392059326171875,True,,,False
410,1.5693359375,1.5751953125,1.572265625,-9.765625,True,0.19723681546361296,0.38737988471984863,True,,,False
411,1.56640625,1.5556640625,1.56103515625,17.903645833333336,True,0.3616082653861165,0.3861246109008789,True,,,False
412,1.5478515625,1.5419921875,1.544921875,9.765625,True,0.19724282029401818,0.40128254890441895,True,,,False
413,1.6015625,1.609375,1.60546875,-13.020833333333334,True,0.262982847337425,0.3839225769042969,True,,,False
414,1.5390625,1.515625,1.52734375,39.0625,True,0.7890132069639757,0.38570570945739746,True,,,False
415,1.5791015625,1.5751953125,1.5771484375,6.510416666666667,True,0.1314993277721994,0.3916654586791992,True,,,False
416,1.6494140625,1.5947265625,1.6220703125,91.14583333333334,True,1.8407183398509839,0.38512301445007324,True,,,False
417,1.654296875,1.580078125,1.6171875,123.69791666666667,True,2.498481695485732,0.38605213165283203,True,,,False
418,1.5703125,1.572265625,1.5712890625,-3.2552083333333335,True,0.06575012345580747,0.38724470138549805,True,,,False
419,1.533203125,1.5595703125,1.54638671875,-43.94531250000001,True,0.8875819787404043,0.395113468170166,True,,,False
420,1.6162109375,1.5830078125,1.599609375,55.33854166666667,True,1.1176723093293852,0.38560056686401367,True,,,False
421,1.5732421875,1.5830078125,1.578125,-16.276041666666668,True,0.3287495118644053,0.3870711326599121,True,,,False
422,1.5888671875,1.57421875,1.58154296875,24.414062500000004,True,0.49310636809029895,0.39029622077941895,True,,,False
423,1.5439453125,1.552734375,1.54833984375,-14.648437500000002,True,0.29584715196141215,0.3884429931640625,True,,,False
424,1.6083984375,1.59765625,1.60302734375,17.903645833333336,True,0.36159309852300114,0.3869202136993408,True,,,False
425,1.5,1.5751953125,1.53759765625,-125.32552083333334,True,2.531201596957107,0.3906066417694092,True,,,False
426,1.552734375,1.5146484375,1.53369140625,63.47656250000001,True,1.2821046519735682,0.38715171813964844,True,,,False
427,1.609375,1.6884765625,1.64892578125,-131.8359375,True,2.66269753134785,0.38398051261901855,True,,,False
428,1.5830078125,1.60546875,1.59423828125,-37.434895833333336,True,0.756126508930817,0.3857893943786621,True,,,False
429,1.572265625,1.5810546875,1.57666015625,-14.648437500000002,True,0.2958532507234673,0.3956894874572754,True,,,False
430,1.587890625,1.6494140625,1.61865234375,-102.53906250000001,True,2.0711208658061127,0.3860471248626709,True,,,False
431,1.494140625,1.513671875,1.50390625,-32.552083333333336,True,0.6575045889807347,0.3856489658355713,True,,,False
432,1.5693359375,1.5732421875,1.5712890625,-6.510416666666667,True,0.13149741964954298,0.3915987014770508,True,,,False
433,1.583984375,1.6044921875,1.59423828125,-34.1796875,True,0.6903211492819207,0.3861708641052246,True,,,False
434,1.642578125,1.6416015625,1.64208984375,1.6276041666666667,True,0.03287507576853979,0.38820552825927734,True,,,False
435,1.4765625,1.515625,1.49609375,-65.10416666666667,True,1.3149792678767835,0.3929741382598877,True,,,False
436,1.5458984375,1.548828125,1.54736328125,-4.8828125,True,0.09862218472553547,0.3917679786682129,True,,,False
437,1.607421875,1.5859375,1.5966796875,35.80729166666667,True,0.7232219166192839,0.3857688903808594,True,,,False
438,1.517578125,1.5009765625,1.50927734375,27.669270833333336,True,0.5588396054645105,0.38615989685058594,True,,,False
439,1.5595703125,1.552734375,1.55615234375,11.393229166666668,True,0.23010960675533326,0.40140461921691895,True,,,False
440,1.541015625,1.5556640625,1.54833984375,-24.414062500000004,True,0.49310719921614177,0.38474273681640625,True,,,False
441,1.603515625,1.6201171875,1.61181640625,-27.669270833333336,True,0.5588586700670216,0.3855307102203369,True,,,False
442,1.5947265625,1.6123046875,1.603515625,-29.296875000000004,True,0.5917546915750781,0.4004204273223877,True,,,False
443,1.5888671875,1.611328125,1.60009765625,-37.434895833333336,True,0.7560456705913579,0.38510727882385254,True,,,False
444,1.615234375,1.599609375,1.607421875,26.041666666666668,True,0.5259817594707434,0.3923211097717285,True,,,False
445,1.5859375,1.59765625,1.591796875,-19.53125,True,0.39445398447513425,0.38541555404663086,True,,,False
446,1.5888671875,1.5830078125,1.5859375,9.765625,True,0.1972411449978349,0.40009617805480957,True,,,False
447,1.6376953125,1.6220703125,1.6298828125,26.041666666666668,True,0.5259881522663137,0.3889472484588623,True,,,False
448,1.6015625,1.603515625,1.6025390625,-3.2552083333333335,True,0.06575031783336614,0.3867037296295166,True,,,False
449,1.6103515625,1.62890625,1.61962890625,-30.924479166666668,True,0.6245634527009064,0.4526498317718506,True,,,False
450,1.541015625,1.5546875,1.5478515625,-22.786458333333336,True,0.4602535531412453,0.4329681396484375,True,,,False
451,1.5654296875,1.5712890625,1.568359375,-9.765625,True,0.19724424692195636,0.38890576362609863,True,,,False
452,1.564453125,1.537109375,1.55078125,45.57291666666667,True,0.920416467275754,0.39321208000183105,True,,,False
453,1.5859375,1.552734375,1.5693359375,55.33854166666667,True,1.1176895941692364,0.3870272636413574,True,,,False
454,1.529296875,1.5458984375,1.53759765625,-27.669270833333336,True,0.5588419884065774,0.38797736167907715,True,,,False
455,1.60546875,1.62109375,1.61328125,-26.041666666666668,True,0.525943334667111,0.3939228057861328,True,,,False
456,1.611328125,1.623046875,1.6171875,-19.53125,True,0.39447748737167065,0.3861696720123291,True,,,False
457,1.560546875,1.580078125,1.5703125,-32.552083333333336,True,0.6574614173053221,0.38589048385620117,True,,,False
458,1.66015625,1.6240234375,1.64208984375,60.22135416666667,True,1.2163010583503737,0.38667726516723633,True,,,False
459,1.59375,1.611328125,1.6025390625,-29.296875000000004,True,0.5917283998452979,0.39904189109802246,True,,,False
460,1.55859375,1.5498046875,1.55419921875,14.648437500000002,True,0.2958615300692051,0.3875100612640381,True,,,False
461,1.630859375,1.6513671875,1.64111328125,-34.1796875,True,0.6903555789373694,0.38579630851745605,True,,,False
462,1.5947265625,1.6015625,1.59814453125,-11.393229166666668,True,0.2301347167920522,0.3965122699737549,True,,,False
463,1.603515625,1.607421875,1.60546875,-6.510416666666667,True,0.13149601951991247,0.3871743679046631,True,,,False
464,1.482421875,1.498046875,1.490234375,-26.041666666666668,True,0.5259649752056494,0.38904809951782227,True,,,False
465,1.619140625,1.619140625,1.619140625,0.0,True,0.0,0.39466238021850586,True,,,False
466,1.552734375,1.5703125,1.5615234375,-29.296875000000004,True,0.5917221669843239,0.40021562576293945,True,,,False
467,1.60546875,1.5771484375,1.59130859375,47.200520833333336,True,0.9533544362173191,0.38977932929992676,True,,,False
468,1.59765625,1.55859375,1.578125,65.10416666666667,True,1.3149317751354515,0.3877708911895752,True,,,False
469,1.6279296875,1.666015625,1.64697265625,-63.47656250000001,True,1.2820919311258974,0.394866943359375,True,,,False
470,1.59765625,1.5947265625,1.59619140625,4.8828125,True,0.09861562313203544,0.3868227005004883,True,,,False
471,1.4873046875,1.5185546875,1.5029296875,-52.083333333333336,True,1.0519422141614472,0.38721251487731934,True,,,False
472,1.607421875,1.6103515625,1.60888671875,-4.8828125,True,0.09862248000467264,0.40515661239624023,True,,,False
473,1.5400390625,1.5625,1.55126953125,-37.434895833333336,True,0.7560230110265126,0.3875741958618164,True,,,False
474,1.5009765625,1.494140625,1.49755859375,11.393229166666668,True,0.23012495049551188,0.38938474655151367,True,,,False
475,1.5771484375,1.560546875,1.56884765625,27.669270833333336,True,0.5588434461906803,0.3878605365753174,True,,,False
476,1.640625,1.6796875,1.66015625,-65.10416666666667,True,1.3148695272035031,0.39206361770629883,True,,,False
477,1.470703125,1.4501953125,1.46044921875,34.1796875,True,0.6903240103167131,0.38672447204589844,True,,,False
478,1.583984375,1.5966796875,1.59033203125,-21.158854166666668,True,0.4273851140633424,0.38631701469421387,True,,,False
479,1.52734375,1.5517578125,1.53955078125,-40.69010416666667,True,0.8218100118786715,0.403247594833374,True,,,False
480,1.552734375,1.5830078125,1.56787109375,-50.45572916666667,True,1.0190986109391442,0.3928263187408447,True,,,False
481,1.6083984375,1.6162109375,1.6123046875,-13.020833333333334,True,0.26297816196056745,0.3870086669921875,True,,,False
482,1.5927734375,1.6162109375,1.6044921875,-39.0625,True,0.7889728516243305,0.400165319442749,True,,,False
483,1.5546875,1.5888671875,1.57177734375,-56.966145833333336,True,1.150604675413857,0.38704657554626465,True,,,False
484,1.458984375,1.4521484375,1.45556640625,11.393229166666668,True,0.23011943394443535,0.37329769134521484,True,,,False
485,1.5595703125,1.52734375,1.54345703125,53.71093750000001,True,1.08486743015993,0.3916456699371338,True,,,False
486,1.572265625,1.5703125,1.5712890625,3.2552083333333335,True,0.065746466383009,0.4000396728515625,True,,,False
487,1.677734375,1.6083984375,1.64306640625,115.55989583333334,True,2.333967889817877,0.38837766647338867,True,,,False
488,1.625,1.61328125,1.619140625,19.53125,True,0.39447949710039387,0.3870720863342285,True,,,False
489,1.6201171875,1.625,1.62255859375,-8.138020833333334,True,0.16436488534628516,0.3983931541442871,True,,,False
490,1.6083984375,1.5888671875,1.5986328125,32.552083333333336,True,0.6574654717448147,0.38764381408691406,True,,,False
491,1.5595703125,1.5771484375,1.568359375,-29.296875000000004,True,0.59173477947391,0.3865823745727539,True,,,False
492,1.56640625,1.611328125,1.5888671875,-74.86979166666667,True,1.5121567818126174,0.38890719413757324,True,,,False
493,1.583984375,1.5791015625,1.58154296875,8.138020833333334,True,0.16436558771347926,0.3934471607208252,True,,,False
494,1.546875,1.5732421875,1.56005859375,-43.94531250000001,True,0.8876237067541225,0.3867814540863037,True,,,False
495,1.525390625,1.5625,1.5439453125,-61.848958333333336,True,1.2492197939366836,0.38571739196777344,True,,,False
496,1.560546875,1.6044921875,1.58251953125,-73.2421875,True,1.479279220799521,0.39922356605529785,True,,,False
497,1.62890625,1.625,1.626953125,6.510416666666667,True,0.13150234348573658,0.3876619338989258,True,,,False
498,1.591796875,1.5830078125,1.58740234375,14.648437500000002,True,0.29586030365042804,0.38576340675354004,True,,,False
499,1.640625,1.6171875,1.62890625,39.0625,True,0.7889623872139042,0.3954474925994873,True,,,False
500,1.5888671875,1.595703125,1.59228515625,-11.393229166666668,True,0.23011239715765153,6.023922443389893,True,1.5749826185597189,0.27985948477751754,False
501,1.48828125,1.5029296875,1.49560546875,-24.414062500000004,True,0.49312521283785354,0.9121432304382324,True,,,False
502,1.6484375,1.603515625,1.6259765625,74.86979166666667,True,1.5122106916690916,0.38565492630004883,True,,,False
503,1.50390625,1.5126953125,1.50830078125,-14.648437500000002,True,0.2958528433784325,0.3878755569458008,True,,,False
504,1.5546875,1.5478515625,1.55126953125,11.393229166666668,True,0.23011064766924014,0.40084385871887207,True,,,False
505,1.638671875,1.626953125,1.6328125,19.53125,True,0.3944875571870797,0.3882770538330078,True,,,False
506,1.5654296875,1.5498046875,1.5576171875,26.041666666666668,True,0.5259865788723646,0.3881795406341553,True,,,False
507,1.5595703125,1.55859375,1.55908203125,1.6276041666666667,True,0.032873743030604405,0.39235711097717285,True,,,False
508,1.55859375,1.564453125,1.5615234375,-9.765625,True,0.1972399799029711,0.3912642002105713,True,,,False
509,1.595703125,1.5439453125,1.56982421875,86.26302083333334,True,1.7422944024637705,0.3883969783782959,True,,,False
510,1.619140625,1.607421875,1.61328125,19.53125,True,0.39449008202455127,0.38626909255981445,True,,,False
511,1.5634765625,1.5478515625,1.5556640625,26.041666666666668,True,0.5259648369971661,0.3909311294555664,True,,,False
512,1.517578125,1.5283203125,1.52294921875,-17.903645833333336,True,0.3615983382290119,0.38669633865356445,True,,,False
513,1.541015625,1.5390625,1.5400390625,3.2552083333333335,True,0.06574546452119275,0.3885509967803955,True,,,False
514,1.6142578125,1.5830078125,1.5986328125,52.083333333333336,True,1.05198680443811,0.39621829986572266,True,,,False
515,1.5634765625,1.5625,1.56298828125,1.6276041666666667,True,0.032873043517279876,0.3904082775115967,True,,,False
516,1.521484375,1.5126953125,1.51708984375,14.648437500000002,True,0.2958666556129757,0.38956165313720703,True,,,False
517,1.5791015625,1.568359375,1.57373046875,17.903645833333336,True,0.36160551115649175,0.39312243461608887,True,,,False
518,1.6015625,1.5966796875,1.59912109375,8.138020833333334,True,0.1643733141936606,0.38879966735839844,True,,,False
519,1.56640625,1.5751953125,1.57080078125,-14.648437500000002,True,0.29586361621612994,0.38987040519714355,True,,,False
520,1.6005859375,1.6103515625,1.60546875,-16.276041666666668,True,0.3287443724644145,0.3856823444366455,True,,,False
521,1.5771484375,1.5751953125,1.576171875,3.2552083333333335,True,0.06574536718716542,0.3920629024505615,True,,,False
522,1.5693359375,1.6044921875,1.5869140625,-58.59375000000001,True,1.183407791956193,0.3869822025299072,True,,,False
523,1.5908203125,1.6044921875,1.59765625,-22.786458333333336,True,0.46019848914196543,0.3870069980621338,True,,,False
524,1.5791015625,1.5625,1.57080078125,27.669270833333336,True,0.5588396209752888,0.39517951011657715,True,,,False
525,1.58203125,1.5712890625,1.57666015625,17.903645833333336,True,0.36161586242098426,0.3862450122833252,True,,,False
526,1.5107421875,1.5029296875,1.5068359375,13.020833333333334,True,0.26298944387778017,0.38387322425842285,True,,,False
527,1.544921875,1.5673828125,1.55615234375,-37.434895833333336,True,0.7561422173681414,0.48679161071777344,True,,,False
528,1.5,1.5068359375,1.50341796875,-11.393229166666668,True,0.23011530667418992,0.3925502300262451,True,,,False
529,1.5419921875,1.513671875,1.52783203125,47.200520833333336,True,0.9533719912922978,0.38846707344055176,True,,,False
530,1.60546875,1.6083984375,1.60693359375,-4.8828125,True,0.09861956200730872,0.38633084297180176,True,,,False
531,1.5439453125,1.5390625,1.54150390625,8.138020833333334,True,0.16437585543591124,0.3928408622741699,True,,,False
532,1.529296875,1.5458984375,1.53759765625,-27.669270833333336,True,0.5588509141822787,0.38556337356567383,True,,,False
533,1.5087890625,1.5166015625,1.5126953125,-13.020833333333334,True,0.26300974723728765,0.3863358497619629,True,,,False
534,1.58984375,1.595703125,1.5927734375,-9.765625,True,0.19722121651400748,0.3946390151977539,True,,,False
535,1.5107421875,1.541015625,1.52587890625,-50.45572916666667,True,1.0190198822012864,0.38841867446899414,True,,,False
536,1.55859375,1.5595703125,1.55908203125,-1.6276041666666667,True,0.032874757473323225,0.38753342628479004,True,,,False
537,1.6103515625,1.58984375,1.60009765625,34.1796875,True,0.6903404680112178,0.39361572265625,True,,,False
538,1.57421875,1.615234375,1.5947265625,-68.359375,True,1.380706186301285,0.3870677947998047,True,,,False
539,1.5703125,1.58203125,1.576171875,-19.53125,True,0.3944886717553532,0.38545894622802734,True,,,False
540,1.6181640625,1.6435546875,1.630859375,-42.317708333333336,True,0.8546710176981459,0.39150023460388184,True,,,False
541,1.6162109375,1.6240234375,1.6201171875,-13.020833333333334,True,0.26298177352661933,0.4055185317993164,True,,,False
542,1.611328125,1.5732421875,1.59228515625,63.47656250000001,True,1.2821582325566292,0.38683581352233887,True,,,False
543,1.58984375,1.603515625,1.5966796875,-22.786458333333336,True,0.4602257284380929,0.38783979415893555,True,,,False
544,1.5791015625,1.5791015625,1.5791015625,0.0,True,0.0,0.3941819667816162,True,,,False
545,1.5810546875,1.580078125,1.58056640625,1.6276041666666667,True,0.03287310090168459,0.3881704807281494,True,,,False
546,1.5712890625,1.5576171875,1.564453125,22.786458333333336,True,0.46021806049193814,0.3876953125,True,,,False
547,1.6796875,1.6298828125,1.65478515625,83.00781250000001,True,1.6766112178209278,0.39461255073547363,True,,,False
548,1.5771484375,1.5654296875,1.5712890625,19.53125,True,0.39448592461283416,0.3862459659576416,True,,,False
549,1.556640625,1.5869140625,1.57177734375,-50.45572916666667,True,1.0190864553018153,0.3863871097564697,True,,,False
550,1.62109375,1.595703125,1.6083984375,42.317708333333336,True,0.854698377139003,0.38703370094299316,True,,,False
551,1.6015625,1.6015625,1.6015625,0.0,True,0.0,0.3965644836425781,True,,,False
552,1.6103515625,1.6572265625,1.6337890625,-78.125,True,1.578001580938205,0.3883702754974365,True,,,False
553,1.5390625,1.501953125,1.5205078125,61.848958333333336,True,1.2492486487305654,0.3876228332519531,True,,,False
554,1.5634765625,1.603515625,1.58349609375,-66.73177083333334,True,1.3477847784442492,0.40283703804016113,True,,,False
555,1.5771484375,1.5712890625,1.57421875,9.765625,True,0.19723870064286936,0.38703370094299316,True,,,False
556,1.6064453125,1.6513671875,1.62890625,-74.86979166666667,True,1.5122327706186458,0.38660168647766113,True,,,False
557,1.5166015625,1.5068359375,1.51171875,16.276041666666668,True,0.3287282858451685,0.3936736583709717,True,,,False
558,1.6337890625,1.638671875,1.63623046875,-8.138020833333334,True,0.16435617263755506,0.3846609592437744,True,,,False
559,1.62109375,1.591796875,1.6064453125,48.82812500000001,True,0.9861971814824593,0.3874092102050781,True,,,False
560,1.6259765625,1.6337890625,1.6298828125,-13.020833333333334,True,0.2629874207764008,0.38742613792419434,True,,,False
561,1.501953125,1.5234375,1.5126953125,-35.80729166666667,True,0.7232488048039409,0.39115309715270996,True,,,False
562,1.5556640625,1.56640625,1.56103515625,-17.903645833333336,True,0.3616181016511317,0.3837897777557373,True,,,False
563,1.5517578125,1.548828125,1.55029296875,4.8828125,True,0.09862484622586326,0.38721704483032227,True,,,False
564,1.5927734375,1.5556640625,1.57421875,61.848958333333336,True,1.249138111569996,0.3988516330718994,True,,,False
565,1.5888671875,1.5576171875,1.5732421875,52.083333333333336,True,1.0520047425049235,0.3882780075073242,True,,,False
566,1.5029296875,1.5986328125,1.55078125,-159.50520833333334,True,3.2215369555571556,0.39095163345336914,True,,,False
567,1.5849609375,1.6064453125,1.595703125,-35.80729166666667,True,0.7232280817200791,0.3960573673248291,True,,,False
568,1.5849609375,1.5712890625,1.578125,22.786458333333336,True,0.46023746381400255,0.39099597930908203,True,,,False
569,1.66796875,1.6201171875,1.64404296875,79.75260416666667,True,1.610843593509335,0.3885922431945801,True,,,False
570,1.5712890625,1.578125,1.57470703125,-11.393229166666668,True,0.23012121999600285,0.38620567321777344,True,,,False
571,1.5615234375,1.54296875,1.55224609375,30.924479166666668,True,0.6245833610606026,0.3965418338775635,True,,,False
572,1.6240234375,1.6162109375,1.6201171875,13.020833333333334,True,0.26298288283521676,0.38669919967651367,True,,,False
573,1.6318359375,1.6162109375,1.6240234375,26.041666666666668,True,0.5260046138795564,0.39281678199768066,True,,,False
574,1.6396484375,1.64453125,1.64208984375,-8.138020833333334,True,0.16437520351439658,0.3924064636230469,True,,,False
575,1.6396484375,1.63671875,1.63818359375,4.8828125,True,0.09862256649429561,0.39243364334106445,True,,,False
576,1.595703125,1.623046875,1.609375,-45.57291666666667,True,0.9204378071431444,0.38730359077453613,True,,,False
577,1.5771484375,1.5869140625,1.58203125,-16.276041666666668,True,0.3287155071516125,0.3876821994781494,True,,,False
578,1.6044921875,1.6435546875,1.6240234375,-65.10416666666667,True,1.3149288034482325,0.39534521102905273,True,,,False
579,1.5712890625,1.5673828125,1.5693359375,6.510416666666667,True,0.13149682152353942,0.38638758659362793,True,,,False
580,1.619140625,1.6123046875,1.61572265625,11.393229166666668,True,0.23010541642326734,0.38904404640197754,True,,,False
581,1.56640625,1.5791015625,1.57275390625,-21.158854166666668,True,0.42733209593805777,0.40720701217651367,True,,,False
582,1.5859375,1.5869140625,1.58642578125,-1.6276041666666667,True,0.032874059415382274,0.38834309577941895,True,,,False
583,1.4931640625,1.4970703125,1.4951171875,-6.510416666666667,True,0.13150200780262808,0.38744449615478516,True,,,False
584,1.6025390625,1.6279296875,1.615234375,-42.317708333333336,True,0.8547226503306397,0.38665294647216797,True,,,False
585,1.5830078125,1.587890625,1.58544921875,-8.138020833333334,True,0.1643681643200917,0.39750218391418457,True,,,False
586,1.5615234375,1.5556640625,1.55859375,9.765625,True,0.1972410088232805,0.38768720626831055,True,,,False
587,1.568359375,1.59765625,1.5830078125,-48.82812500000001,True,0.9862362146106349,0.3868706226348877,True,,,False
588,1.5654296875,1.568359375,1.56689453125,-4.8828125,True,0.09862499890871919,0.39989256858825684,True,,,False
589,1.5966796875,1.6298828125,1.61328125,-55.33854166666667,True,1.1177635855698447,0.38835740089416504,True,,,False
590,1.564453125,1.548828125,1.556640625,26.041666666666668,True,0.5259954540625752,0.3866844177246094,True,,,False
591,1.556640625,1.5556640625,1.55615234375,1.6276041666666667,True,0.03287450023165703,0.4042818546295166,True,,,False
592,1.59765625,1.5947265625,1.59619140625,4.8828125,True,0.09862646915445243,0.3889925479888916,True,,,False
593,1.529296875,1.52734375,1.5283203125,3.2552083333333335,True,0.06574990359793743,0.3865079879760742,True,,,False
594,1.62890625,1.6123046875,1.62060546875,27.669270833333336,True,0.5588325194593649,0.3840658664703369,True,,,False
595,1.5517578125,1.52734375,1.53955078125,40.69010416666667,True,0.8218464598214995,0.39343738555908203,True,,,False
596,1.576171875,1.54296875,1.5595703125,55.33854166666667,True,1.1176601421237042,0.3867621421813965,True,,,False
597,1.4921875,1.5126953125,1.50244140625,-34.1796875,True,0.6903145349771806,0.3884737491607666,True,,,False
598,1.615234375,1.6015625,1.6083984375,22.786458333333336,True,0.46022028902195783,0.4091618061065674,True,,,False
599,1.54296875,1.55859375,1.55078125,-26.041666666666668,True,0.5259939749236562,0.387103796005249,True,,,False
600,1.580078125,1.544921875,1.5625,58.59375000000001,True,1.1835108286686118,0.38510870933532715,True,,,False
601,1.65625,1.640625,1.6484375,26.041666666666668,True,0.5260060599155004,0.5497684478759766,True,,,False
602,1.5654296875,1.5849609375,1.5751953125,-32.552083333333336,True,0.6574612201161009,0.3858668804168701,True,,,False
603,1.5498046875,1.5283203125,1.5390625,35.80729166666667,True,0.7231906276775895,0.385845422744751,True,,,False
604,1.5517578125,1.578125,1.56494140625,-43.94531250000001,True,0.8876031172021646,0.39313411712646484,True,,,False
605,1.7265625,1.7373046875,1.73193359375,-17.903645833333336,True,0.3616195612070271,0.3703441619873047,True,,,False
606,1.556640625,1.5302734375,1.54345703125,43.94531250000001,True,0.887559342147032,0.38639163970947266,True,,,False
607,1.5439453125,1.5595703125,1.5517578125,-26.041666666666668,True,0.525987139294817,0.38693904876708984,True,,,False
608,1.505859375,1.5078125,1.5068359375,-3.2552083333333335,True,0.06575217315382817,0.3931560516357422,True,,,False
609,1.5380859375,1.537109375,1.53759765625,1.6276041666666667,True,0.032873143386360174,0.38753747940063477,True,,,False
610,1.5654296875,1.578125,1.57177734375,-21.158854166666668,True,0.42738560649431206,0.3870549201965332,True,,,False
611,1.560546875,1.5478515625,1.55419921875,21.158854166666668,True,0.42733481790133887,0.4044332504272461,True,,,False
612,1.603515625,1.583984375,1.59375,32.552083333333336,True,0.6574728531005067,0.385606050491333,True,,,False
613,1.576171875,1.5615234375,1.56884765625,24.414062500000004,True,0.4931139428354732,0.38602495193481445,True,,,False
614,1.55078125,1.5576171875,1.55419921875,-11.393229166666668,True,0.23010507327560603,0.39421677589416504,True,,,False
615,1.6171875,1.6279296875,1.62255859375,-17.903645833333336,True,0.3616176935742926,0.3898429870605469,True,,,False
616,1.5537109375,1.5791015625,1.56640625,-42.317708333333336,True,0.8546967402528142,0.3892505168914795,True,,,False
617,1.53125,1.5205078125,1.52587890625,17.903645833333336,True,0.3616202087323218,0.3860013484954834,True,,,False
618,1.6279296875,1.671875,1.64990234375,-73.2421875,True,1.4792577425156999,0.5090212821960449,True,,,False
619,1.55859375,1.568359375,1.5634765625,-16.276041666666668,True,0.3287321658431329,0.39648890495300293,True,,,False
620,1.5625,1.572265625,1.5673828125,-16.276041666666668,True,0.3287507269794401,0.3860917091369629,True,,,False
621,1.51171875,1.5361328125,1.52392578125,-40.69010416666667,True,0.8218509052644772,0.3921620845794678,True,,,False
622,1.6455078125,1.669921875,1.65771484375,-40.69010416666667,True,0.8218916156068224,0.38515567779541016,True,,,False
623,1.5908203125,1.6025390625,1.5966796875,-19.53125,True,0.39448240831739956,0.38666224479675293,True,,,False
624,1.59765625,1.5947265625,1.59619140625,4.8828125,True,0.09862199055504645,0.39608311653137207,True,,,False
625,1.568359375,1.583984375,1.576171875,-26.041666666666668,True,0.5259842132751867,0.3857920169830322,True,,,False
626,1.5654296875,1.5673828125,1.56640625,-3.2552083333333335,True,0.06574162855108125,0.3968076705932617,True,,,False
627,1.640625,1.6044921875,1.62255859375,60.22135416666667,True,1.2162980602133366,0.40406036376953125,True,,,False
628,1.5908203125,1.5791015625,1.5849609375,19.53125,True,0.3944699950540082,0.40144872665405273,True,,,False
629,1.5810546875,1.6455078125,1.61328125,-107.42187500000001,True,2.1696006013616986,0.39064550399780273,True,,,False
630,1.564453125,1.5673828125,1.56591796875,-4.8828125,True,0.09861929955218224,0.3912644386291504,True,,,False
631,1.5830078125,1.5849609375,1.583984375,-3.2552083333333335,True,0.06574559142778878,0.3980848789215088,True,,,False
632,1.525390625,1.5283203125,1.52685546875,-4.8828125,True,0.0986178378114708,0.38381028175354004,True,,,False
633,1.5517578125,1.5654296875,1.55859375,-22.786458333333336,True,0.4602308993400073,0.3832700252532959,True,,,False
634,1.5732421875,1.552734375,1.56298828125,34.1796875,True,0.6903611757701179,0.3918626308441162,True,,,False
635,1.5361328125,1.5556640625,1.5458984375,-32.552083333333336,True,0.6574925032241947,0.3888998031616211,True,,,False
636,1.5146484375,1.5029296875,1.5087890625,19.53125,True,0.3944833685250175,0.3891639709472656,True,,,False
637,1.578125,1.58203125,1.580078125,-6.510416666666667,True,0.1314899191721833,0.3838651180267334,True,,,False
638,1.5478515625,1.5576171875,1.552734375,-16.276041666666668,True,0.32874523996609145,0.3916776180267334,True,,,False
639,1.58984375,1.5908203125,1.59033203125,-1.6276041666666667,True,0.0328732163385452,0.38504481315612793,True,,,False
640,1.5625,1.576171875,1.5693359375,-22.786458333333336,True,0.46019545983726323,0.3862748146057129,True,,,False
641,1.49609375,1.5595703125,1.52783203125,-105.79427083333334,True,2.136869927990139,0.39964723587036133,True,,,False
642,1.552734375,1.5322265625,1.54248046875,34.1796875,True,0.6903217859868064,0.38453221321105957,True,,,False
643,1.6328125,1.63671875,1.634765625,-6.510416666666667,True,0.13149738578059197,0.3840312957763672,True,,,False
644,1.5625,1.5419921875,1.55224609375,34.1796875,True,0.690321044160448,0.3906700611114502,True,,,False
645,1.5341796875,1.537109375,1.53564453125,-4.8828125,True,0.09862190963151138,0.3900485038757324,True,,,False
646,1.634765625,1.603515625,1.619140625,52.083333333333336,True,1.0520084037124555,0.38501715660095215,True,,,False
647,1.6396484375,1.642578125,1.64111328125,-4.8828125,True,0.0986189470419568,0.3847808837890625,True,,,False
648,1.5439453125,1.5380859375,1.541015625,9.765625,True,0.19722901750121735,0.3922896385192871,True,,,False
649,1.6337890625,1.6171875,1.62548828125,27.669270833333336,True,0.5588361745199976,0.38537120819091797,True,,,False
650,1.552734375,1.57421875,1.5634765625,-35.80729166666667,True,0.7231977431023013,0.3856687545776367,True,,,False
651,1.5791015625,1.5771484375,1.578125,3.2552083333333335,True,0.06574295547059389,0.39215898513793945,True,,,False
652,1.5966796875,1.5927734375,1.5947265625,6.510416666666667,True,0.13149578031570539,0.38479113578796387,True,,,False
653,1.6396484375,1.630859375,1.63525390625,14.648437500000002,True,0.2958453145452052,0.38460493087768555,True,,,False
654,1.5693359375,1.5693359375,1.5693359375,0.0,True,0.0,0.38509535789489746,True,,,False
655,1.560546875,1.5810546875,1.57080078125,-34.1796875,True,0.6903520171201957,0.3918306827545166,True,,,False
656,1.544921875,1.52734375,1.5361328125,29.296875000000004,True,0.5916853589781778,0.38568806648254395,True,,,False
657,1.546875,1.5498046875,1.54833984375,-4.8828125,True,0.09862465590751147,0.38405466079711914,True,,,False
658,1.564453125,1.521484375,1.54296875,71.61458333333334,True,1.4464703628663522,0.3904147148132324,True,,,False
659,1.65625,1.681640625,1.6689453125,-42.317708333333336,True,0.8546787869434,0.3851616382598877,True,,,False
660,1.56640625,1.5234375,1.544921875,71.61458333333334,True,1.446394288646749,0.3854212760925293,True,,,False
661,1.619140625,1.642578125,1.630859375,-39.0625,True,0.7889788291972266,0.38947439193725586,True,,,False
662,1.572265625,1.6142578125,1.59326171875,-69.98697916666667,True,1.4134980386856701,0.38691067695617676,True,,,False
663,1.54296875,1.560546875,1.5517578125,-29.296875000000004,True,0.5917163527567305,0.3879270553588867,True,,,False
664,1.5244140625,1.5205078125,1.5224609375,6.510416666666667,True,0.13149173820440488,0.3853909969329834,True,,,False
665,1.54296875,1.541015625,1.5419921875,3.2552083333333335,True,0.06574972082624483,0.4026193618774414,True,,,False
666,1.5703125,1.591796875,1.5810546875,-35.80729166666667,True,0.7231869638260217,0.3839428424835205,True,,,False
667,1.515625,1.4755859375,1.49560546875,66.73177083333334,True,1.347883958429077,0.38616275787353516,True,,,False
668,1.5830078125,1.568359375,1.57568359375,24.414062500000004,True,0.4931184590634954,0.3970170021057129,True,,,False
669,1.509765625,1.5283203125,1.51904296875,-30.924479166666668,True,0.6245961715570139,0.3859069347381592,True,,,False
670,1.6044921875,1.6005859375,1.6025390625,6.510416666666667,True,0.13148790081629821,0.3845789432525635,True,,,False
671,1.634765625,1.6513671875,1.64306640625,-27.669270833333336,True,0.5588277857247747,0.391446590423584,True,,,False
672,1.5107421875,1.4951171875,1.5029296875,26.041666666666668,True,0.525980283239684,0.39404726028442383,True,,,False
673,1.599609375,1.6279296875,1.61376953125,-47.200520833333336,True,0.9533198599874665,0.38486504554748535,True,,,False
674,1.4814453125,1.48828125,1.48486328125,-11.393229166666668,True,0.23010640259564125,0.38498783111572266,True,,,False
675,1.6533203125,1.6357421875,1.64453125,29.296875000000004,True,0.5917136252489474,0.4012765884399414,True,,,False
676,1.583984375,1.5986328125,1.59130859375,-24.414062500000004,True,0.4931177505897992,0.3840668201446533,True,,,False
677,1.5751953125,1.568359375,1.57177734375,11.393229166666668,True,0.23011735479135814,0.3888528347015381,True,,,False
678,1.5869140625,1.609375,1.59814453125,-37.434895833333336,True,0.7560922568014666,0.3944540023803711,True,,,False
679,1.599609375,1.572265625,1.5859375,45.57291666666667,True,0.9204753822115107,0.38714122772216797,True,,,False
680,1.564453125,1.525390625,1.544921875,65.10416666666667,True,1.3149515051782699,0.38396787643432617,True,,,False
681,1.595703125,1.62109375,1.6083984375,-42.317708333333336,True,0.8546951427215069,0.39130115509033203,True,,,False
682,1.533203125,1.529296875,1.53125,6.510416666666667,True,0.13149890073500267,0.3914315700531006,True,,,False
683,1.59765625,1.583984375,1.5908203125,22.786458333333336,True,0.46021067427768503,0.38489317893981934,True,,,False
684,1.5478515625,1.544921875,1.54638671875,4.8828125,True,0.09861860879295226,0.3846549987792969,True,,,False
685,1.529296875,1.5498046875,1.53955078125,-34.1796875,True,0.690292221919645,0.4027824401855469,True,,,False
686,1.5693359375,1.517578125,1.54345703125,86.26302083333334,True,1.7422027560916313,0.38547325134277344,True,,,False
687,1.6220703125,1.5966796875,1.609375,42.317708333333336,True,0.8547626407485519,0.38489675521850586,True,,,False
688,1.5673828125,1.5830078125,1.5751953125,-26.041666666666668,True,0.5259950790392545,0.3938109874725342,True,,,False
689,1.630859375,1.609375,1.6201171875,35.80729166666667,True,0.7232132195091191,0.38436126708984375,True,,,False
690,1.55859375,1.5732421875,1.56591796875,-24.414062500000004,True,0.4930988983438219,0.38639402389526367,True,,,False
691,1.587890625,1.59375,1.5908203125,-9.765625,True,0.1972354847058805,0.3924708366394043,True,,,False
692,1.615234375,1.59375,1.6044921875,35.80729166666667,True,0.7231810911030111,0.39592742919921875,True,,,False
693,1.541015625,1.55078125,1.5458984375,-16.276041666666668,True,0.32874061135889204,0.3847513198852539,True,,,False
694,1.58203125,1.6142578125,1.59814453125,-53.71093750000001,True,1.0848273575131053,0.38444066047668457,True,,,False
695,1.541015625,1.5576171875,1.54931640625,-27.669270833333336,True,0.5588678891805638,0.38811659812927246,True,,,False
696,1.5947265625,1.595703125,1.59521484375,-1.6276041666666667,True,0.03287525457379929,0.3868672847747803,True,,,False
697,1.490234375,1.46875,1.4794921875,35.80729166666667,True,0.7232320134088587,0.38604211807250977,True,,,False
698,1.654296875,1.6103515625,1.63232421875,73.2421875,True,1.4793459451231779,0.39133667945861816,True,,,False
699,1.5947265625,1.6142578125,1.6044921875,-32.552083333333336,True,0.6574756793419999,0.3861429691314697,True,,,False
700,1.525390625,1.552734375,1.5390625,-45.57291666666667,True,0.920467518470096,0.3842451572418213,True,,,False
701,1.6044921875,1.603515625,1.60400390625,1.6276041666666667,True,0.03287554287444771,0.5428497791290283,True,,,False
702,1.5712890625,1.552734375,1.56201171875,30.924479166666668,True,0.6246135434989689,0.38537001609802246,True,,,False
703,1.5986328125,1.56640625,1.58251953125,53.71093750000001,True,1.0847846891996502,0.38615942001342773,True,,,False
704,1.6064453125,1.5791015625,1.5927734375,45.57291666666667,True,0.920458011099708,0.3845071792602539,True,,,False
705,1.578125,1.5751953125,1.57666015625,4.8828125,True,0.098620667229847,0.3973734378814697,True,,,False
706,1.5654296875,1.5771484375,1.5712890625,-19.53125,True,0.39446092763915236,0.4764587879180908,True,,,False
707,1.5380859375,1.53125,1.53466796875,11.393229166666668,True,0.23012498463060765,0.3974578380584717,True,,,False
708,1.564453125,1.603515625,1.583984375,-65.10416666666667,True,1.3149680113554763,0.39469480514526367,True,,,False
709,1.5419921875,1.5732421875,1.5576171875,-52.083333333333336,True,1.0519041528560167,0.38632678985595703,True,,,False
710,1.595703125,1.5908203125,1.59326171875,8.138020833333334,True,0.16436409321044057,0.39083194732666016,True,,,False
711,1.5439453125,1.5224609375,1.533203125,35.80729166666667,True,0.7231622951578611,0.40074753761291504,True,,,False
712,1.59375,1.5966796875,1.59521484375,-4.8828125,True,0.09862283524434172,0.38660192489624023,True,,,False
713,1.5,1.4912109375,1.49560546875,14.648437500000002,True,0.2958481125618245,0.3878140449523926,True,,,False
714,1.54296875,1.607421875,1.5751953125,-107.42187500000001,True,2.1695819189247083,0.3854646682739258,True,,,False
715,1.5830078125,1.529296875,1.55615234375,89.51822916666667,True,1.8081154915496647,0.394528865814209,True,,,False
716,1.546875,1.5751953125,1.56103515625,-47.200520833333336,True,0.9532991424721359,0.38335514068603516,True,,,False
717,1.5966796875,1.6083984375,1.6025390625,-19.53125,True,0.3944769616047242,0.386610746383667,True,,,False
718,1.5244140625,1.5478515625,1.5361328125,-39.0625,True,0.7889708759159965,0.3926064968109131,True,,,False
719,1.5791015625,1.57421875,1.57666015625,8.138020833333334,True,0.16435707783273137,0.38750433921813965,True,,,False
720,1.625,1.6513671875,1.63818359375,-43.94531250000001,True,0.8875786583878844,0.38381195068359375,True,,,False
721,1.595703125,1.5810546875,1.58837890625,24.414062500000004,True,0.493105994011737,0.3930797576904297,True,,,False
722,1.544921875,1.5517578125,1.54833984375,-11.393229166666668,True,0.23009243247838335,0.3923053741455078,True,,,False
723,1.6025390625,1.611328125,1.60693359375,-14.648437500000002,True,0.2958756303330871,0.3896770477294922,True,,,False
724,1.591796875,1.5771484375,1.58447265625,24.414062500000004,True,0.49310901883410674,0.387509822845459,True,,,False
725,1.634765625,1.6240234375,1.62939453125,17.903645833333336,True,0.36161650986273175,0.3918752670288086,True,,,False
726,1.5703125,1.5908203125,1.58056640625,-34.1796875,True,0.6903639479227408,0.37142443656921387,True,,,False
727,1.5244140625,1.5419921875,1.533203125,-29.296875000000004,True,0.591722152460599,0.3875253200531006,True,,,False
728,1.5205078125,1.55859375,1.53955078125,-63.47656250000001,True,1.2820216139765819,0.39029717445373535,True,,,False
729,1.6064453125,1.5830078125,1.5947265625,39.0625,True,0.7889767795294361,0.3861887454986572,True,,,False
730,1.53125,1.544921875,1.5380859375,-22.786458333333336,True,0.4602122437837237,0.38716650009155273,True,,,False
731,1.5546875,1.5927734375,1.57373046875,-63.47656250000001,True,1.2821014571624085,0.3872199058532715,True,,,False
732,1.5205078125,1.5546875,1.53759765625,-56.966145833333336,True,1.1505782388094576,0.39159369468688965,True,,,False
733,1.634765625,1.62109375,1.6279296875,22.786458333333336,True,0.4602222107026367,0.38752150535583496,True,,,False
734,1.5849609375,1.56640625,1.57568359375,30.924479166666668,True,0.6245676998509925,0.38680195808410645,True,,,False
735,1.525390625,1.53125,1.5283203125,-9.765625,True,0.1972423484837819,0.3958451747894287,True,,,False
736,1.6025390625,1.59375,1.59814453125,14.648437500000002,True,0.2958497052327619,0.385526180267334,True,,,False
737,1.5302734375,1.517578125,1.52392578125,21.158854166666668,True,0.42733517766180396,0.38872337341308594,True,,,False
738,1.568359375,1.6162109375,1.59228515625,-79.75260416666667,True,1.6108727146871418,0.3944377899169922,True,,,False
739,1.521484375,1.529296875,1.525390625,-13.020833333333334,True,0.2629675429892829,0.39447021484375,True,,,False
740,1.544921875,1.5078125,1.5263671875,61.848958333333336,True,1.2491959595231599,0.3847997188568115,True,,,False
741,1.478515625,1.4521484375,1.46533203125,43.94531250000001,True,0.8875791379130302,0.3921661376953125,True,,,False
742,1.5234375,1.5322265625,1.52783203125,-14.648437500000002,True,0.2958597294163549,0.3933858871459961,True,,,False
743,1.6259765625,1.60546875,1.61572265625,34.1796875,True,0.6903289005581663,0.39054083824157715,True,,,False
744,1.599609375,1.576171875,1.587890625,39.0625,True,0.7889526364907725,0.38613176345825195,True,,,False
745,1.501953125,1.513671875,1.5078125,-19.53125,True,0.3945015818822429,0.3888850212097168,True,,,False
746,1.5361328125,1.55078125,1.54345703125,-24.414062500000004,True,0.49310976438383414,0.3861706256866455,True,,,False
747,1.580078125,1.6025390625,1.59130859375,-37.434895833333336,True,0.7560412333052221,0.38590121269226074,True,,,False
748,1.5517578125,1.544921875,1.54833984375,11.393229166666668,True,0.23011279438304055,0.3925952911376953,True,,,False
749,1.6328125,1.58984375,1.611328125,71.61458333333334,True,1.4464768578560003,0.38812971115112305,True,,,False
750,1.5556640625,1.556640625,1.55615234375,-1.6276041666666667,True,0.03287466709704658,0.3857152462005615,True,,,False
751,1.5634765625,1.5576171875,1.560546875,9.765625,True,0.1972469365855834,0.38707971572875977,True,,,False
752,1.5947265625,1.572265625,1.58349609375,37.434895833333336,True,0.7560402210676893,0.39621400833129883,True,,,False
753,1.5185546875,1.51953125,1.51904296875,-1.6276041666666667,True,0.032872427386677845,0.3859434127807617,True,,,False
754,1.5888671875,1.5966796875,1.5927734375,-13.020833333333334,True,0.2629816136484249,0.38603734970092773,True,,,False
755,1.58203125,1.6435546875,1.61279296875,-102.53906250000001,True,2.0710478570343294,0.4038095474243164,True,,,False
756,1.5966796875,1.5849609375,1.5908203125,19.53125,True,0.3944836280977149,0.3864250183105469,True,,,False
757,1.60546875,1.6083984375,1.60693359375,-4.8828125,True,0.09861730879837548,0.38838934898376465,True,,,False
758,1.6474609375,1.6181640625,1.6328125,48.82812500000001,True,0.9861681597442589,0.3979203701019287,True,,,False
759,1.5244140625,1.521484375,1.52294921875,4.8828125,True,0.09863098344826358,0.38602137565612793,True,,,False
760,1.529296875,1.53125,1.5302734375,-3.2552083333333335,True,0.06574496279625304,0.3913383483886719,True,,,False
761,1.5703125,1.5625,1.56640625,13.020833333333334,True,0.26299062888790287,0.3876917362213135,True,,,False
762,1.568359375,1.5400390625,1.55419921875,47.200520833333336,True,0.9532698888404205,0.3931150436401367,True,,,False
763,1.5771484375,1.5810546875,1.5791015625,-6.510416666666667,True,0.1314992779032152,0.387310266494751,True,,,False
764,1.5517578125,1.5400390625,1.5458984375,19.53125,True,0.39447589919534054,0.38776206970214844,True,,,False
765,1.556640625,1.5341796875,1.54541015625,37.434895833333336,True,0.7560306962601825,0.4036998748779297,True,,,False
766,1.5771484375,1.5751953125,1.576171875,3.2552083333333335,True,0.06574934440456161,0.38520026206970215,True,,,False
767,1.5625,1.552734375,1.5576171875,16.276041666666668,True,0.328719954293753,0.3857614994049072,True,,,False
768,1.59375,1.59765625,1.595703125,-6.510416666666667,True,0.13148541874088115,0.39279913902282715,True,,,False
769,1.5693359375,1.5537109375,1.5615234375,26.041666666666668,True,0.5259698470214524,0.39476704597473145,True,,,False
770,1.6591796875,1.6845703125,1.671875,-42.317708333333336,True,0.8547087841956852,0.38694167137145996,True,,,False
771,1.5146484375,1.5078125,1.51123046875,11.393229166666668,True,0.230107593929013,0.3873329162597656,True,,,False
772,1.6103515625,1.6337890625,1.6220703125,-39.0625,True,0.788889904427237,0.3896780014038086,True,,,False
773,1.5693359375,1.6025390625,1.5859375,-55.33854166666667,True,1.117723959948664,0.38761091232299805,True,,,False
774,1.623046875,1.6396484375,1.63134765625,-27.669270833333336,True,0.5588301773343822,0.38654422760009766,True,,,False
775,1.5869140625,1.5927734375,1.58984375,-9.765625,True,0.19725052032013346,0.3938281536102295,True,,,False
776,1.6015625,1.5849609375,1.59326171875,27.669270833333336,True,0.5588416041156368,0.388430118560791,True,,,False
777,1.59765625,1.62109375,1.609375,-39.0625,True,0.7889773281325018,0.38961315155029297,True,,,False
778,1.611328125,1.5966796875,1.60400390625,24.414062500000004,True,0.49310358341766525,0.3876173496246338,True,,,False
779,1.6181640625,1.5703125,1.59423828125,79.75260416666667,True,1.6107510924425614,0.393679141998291,True,,,False
780,1.6064453125,1.6240234375,1.615234375,-29.296875000000004,True,0.5917533899031168,0.3875575065612793,True,,,False
781,1.5947265625,1.55859375,1.57666015625,60.22135416666667,True,1.2163333367955773,0.3890101909637451,True,,,False
782,1.5771484375,1.564453125,1.57080078125,21.158854166666668,True,0.4273636670630644,0.4000239372253418,True,,,False
783,1.57421875,1.5830078125,1.57861328125,-14.648437500000002,True,0.2958546643085647,0.38600659370422363,True,,,False
784,1.611328125,1.6025390625,1.60693359375,14.648437500000002,True,0.29585658737105675,0.38568115234375,True,,,False
785,1.5234375,1.541015625,1.5322265625,-29.296875000000004,True,0.5917105730641171,0.38954758644104004,True,,,False
786,1.556640625,1.55859375,1.5576171875,-3.2552083333333335,True,0.06574870305742328,0.39296913146972656,True,,,False
787,1.6689453125,1.640625,1.65478515625,47.200520833333336,True,0.9533948959931411,0.38833045959472656,True,,,False
788,1.578125,1.5908203125,1.58447265625,-21.158854166666668,True,0.4273660898564915,0.43971800804138184,True,,,False
789,1.6318359375,1.638671875,1.63525390625,-11.393229166666668,True,0.23011637164051515,0.44829726219177246,True,,,False
790,1.568359375,1.5595703125,1.56396484375,14.648437500000002,True,0.2958577816569388,0.3880462646484375,True,,,False
791,1.5595703125,1.591796875,1.57568359375,-53.71093750000001,True,1.084827595583805,0.3900184631347656,True,,,False
792,1.6201171875,1.611328125,1.61572265625,14.648437500000002,True,0.29585833970879927,0.39867115020751953,True,,,False
793,1.66015625,1.61328125,1.63671875,78.125,True,1.5779597393622253,0.39041614532470703,True,,,False
794,1.5634765625,1.5615234375,1.5625,3.2552083333333335,True,0.06575119264580125,0.3861117362976074,True,,,False
795,1.6494140625,1.623046875,1.63623046875,43.94531250000001,True,0.8875481567947296,0.3936119079589844,True,,,False
796,1.611328125,1.630859375,1.62109375,-32.552083333333336,True,0.6574837526652062,0.38521766662597656,True,,,False
797,1.53515625,1.498046875,1.5166015625,61.848958333333336,True,1.249198228258235,0.3874654769897461,True,,,False
798,1.568359375,1.5634765625,1.56591796875,8.138020833333334,True,0.16437582705441434,0.38657236099243164,True,,,False
799,1.5400390625,1.5419921875,1.541015625,-3.2552083333333335,True,0.06574760489761267,0.3984642028808594,True,,,False
800,1.677734375,1.66796875,1.6728515625,16.276041666666668,True,0.328737891398141,0.3851587772369385,True,,,False
801,1.513671875,1.529296875,1.521484375,-26.041666666666668,True,0.5259709670796233,0.5501604080200195,True,,,False
802,1.548828125,1.5400390625,1.54443359375,14.648437500000002,True,0.29586846024817065,0.39864039421081543,True,,,False
803,1.4970703125,1.5556640625,1.5263671875,-97.65625000000001,True,1.9724095080910486,0.38475894927978516,True,,,False
804,1.5625,1.5927734375,1.57763671875,-50.45572916666667,True,1.0190617388886514,0.3867511749267578,True,,,False
805,1.509765625,1.568359375,1.5390625,-97.65625000000001,True,1.972416674857354,0.3901066780090332,True,,,False
806,1.5361328125,1.556640625,1.54638671875,-34.1796875,True,0.6903732024404329,0.3886125087738037,True,,,False
807,1.611328125,1.5791015625,1.59521484375,53.71093750000001,True,1.0848303578762482,0.3868117332458496,True,,,False
808,1.5810546875,1.5703125,1.57568359375,17.903645833333336,True,0.3616112264653824,0.3924562931060791,True,,,False
809,1.5546875,1.56640625,1.560546875,-19.53125,True,0.39449982944492373,0.39806103706359863,True,,,False
810,1.5439453125,1.55078125,1.54736328125,-11.393229166666668,True,0.2301187215696784,0.38692140579223633,True,,,False
811,1.591796875,1.603515625,1.59765625,-19.53125,True,0.39447215121144735,0.38706088066101074,True,,,False
812,1.5712890625,1.5869140625,1.5791015625,-26.041666666666668,True,0.5259580835392672,0.3991227149963379,True,,,False
813,1.564453125,1.6142578125,1.58935546875,-83.00781250000001,True,1.6766223138312528,0.38565540313720703,True,,,False
814,1.65625,1.6513671875,1.65380859375,8.138020833333334,True,0.1643653834587315,0.38630080223083496,True,,,False
815,1.5751953125,1.5634765625,1.5693359375,19.53125,True,0.39449777066411107,0.391829252243042,True,,,False
816,1.56640625,1.576171875,1.5712890625,-16.276041666666668,True,0.32875054537787185,0.3875153064727783,True,,,False
817,1.6220703125,1.6015625,1.61181640625,34.1796875,True,0.6903243483823756,0.38622140884399414,True,,,False
818,1.5185546875,1.5439453125,1.53125,-42.317708333333336,True,0.854728981671439,0.391726016998291,True,,,False
819,1.552734375,1.5576171875,1.55517578125,-8.138020833333334,True,0.1643564712670702,0.38510823249816895,True,,,False
820,1.5224609375,1.5322265625,1.52734375,-16.276041666666668,True,0.32873122341482086,0.3864247798919678,True,,,False
821,1.5927734375,1.55859375,1.57568359375,56.966145833333336,True,1.1505834941632411,0.3891284465789795,True,,,False
822,1.638671875,1.6298828125,1.63427734375,14.648437500000002,True,0.29587232400144453,0.4016146659851074,True,,,False
823,1.517578125,1.494140625,1.505859375,39.0625,True,0.7889947684385696,0.38660550117492676,True,,,False
824,1.552734375,1.5546875,1.5537109375,-3.2552083333333335,True,0.06574980563341376,0.38770270347595215,True,,,False
825,1.529296875,1.5087890625,1.51904296875,34.1796875,True,0.690346845600237,0.38860416412353516,True,,,False
826,1.576171875,1.603515625,1.58984375,-45.57291666666667,True,0.9204615535927693,0.3867776393890381,True,,,False
827,1.587890625,1.5712890625,1.57958984375,27.669270833333336,True,0.5588910370869906,0.38777971267700195,True,,,False
828,1.533203125,1.5048828125,1.51904296875,47.200520833333336,True,0.9533847373346078,0.39482831954956055,True,,,False
829,1.498046875,1.5068359375,1.50244140625,-14.648437500000002,True,0.2958659760013677,0.3944883346557617,True,,,False
830,1.5849609375,1.552734375,1.56884765625,53.71093750000001,True,1.0848767224965015,0.3879828453063965,True,,,False
831,1.611328125,1.603515625,1.607421875,13.020833333333334,True,0.2629878046812195,0.38712453842163086,True,,,False
832,1.642578125,1.654296875,1.6484375,-19.53125,True,0.39446207125788046,0.3976409435272217,True,,,False
833,1.6123046875,1.5751953125,1.59375,61.848958333333336,True,1.2491790368635312,0.3905813694000244,True,,,False
834,1.6396484375,1.6171875,1.62841796875,37.434895833333336,True,0.7560904793493846,0.3887155055999756,True,,,False
835,1.58984375,1.6103515625,1.60009765625,-34.1796875,True,0.6903429056962022,0.38841724395751953,True,,,False
836,1.4951171875,1.5146484375,1.5048828125,-32.552083333333336,True,0.6574352038303838,0.3922152519226074,True,,,False
837,1.51171875,1.5234375,1.517578125,-19.53125,True,0.3944527974716577,0.38561296463012695,True,,,False
838,1.5703125,1.572265625,1.5712890625,-3.2552083333333335,True,0.0657469787799621,0.3859837055206299,True,,,False
839,1.55859375,1.556640625,1.5576171875,3.2552083333333335,True,0.06574828952826055,0.39751672744750977,True,,,False
840,1.619140625,1.6142578125,1.61669921875,8.138020833333334,True,0.16436872122546645,0.38663530349731445,True,,,False
841,1.5,1.5029296875,1.50146484375,-4.8828125,True,0.09861656436957676,0.38617515563964844,True,,,False
842,1.6552734375,1.65625,1.65576171875,-1.6276041666666667,True,0.03287371143066925,0.3975796699523926,True,,,False
843,1.556640625,1.5654296875,1.56103515625,-14.648437500000002,True,0.29586242518304506,0.38678717613220215,True,,,False
844,1.537109375,1.544921875,1.541015625,-13.020833333333334,True,0.2630031470969046,0.38713645935058594,True,,,False
845,1.66015625,1.6630859375,1.66162109375,-4.8828125,True,0.09862436968648523,0.38951611518859863,True,,,False
846,1.646484375,1.634765625,1.640625,19.53125,True,0.39447529579400414,0.39968204498291016,True,,,False
847,1.4921875,1.6767578125,1.58447265625,-307.6171875,True,6.213101443112571,0.3716747760772705,True,,,False
848,1.626953125,1.6123046875,1.61962890625,24.414062500000004,True,0.4930680802741743,0.38779735565185547,True,,,False
849,1.6005859375,1.607421875,1.60400390625,-11.393229166666668,True,0.23011679590370251,0.3969602584838867,True,,,False
850,1.5546875,1.5517578125,1.55322265625,4.8828125,True,0.09861270415706037,0.38634586334228516,True,,,False
851,1.5380859375,1.5537109375,1.5458984375,-26.041666666666668,True,0.5259939608904447,0.3878474235534668,True,,,False
852,1.6220703125,1.6689453125,1.6455078125,-78.125,True,1.5779608142628516,0.39403653144836426,True,,,False
853,1.54296875,1.5361328125,1.53955078125,11.393229166666668,True,0.23009061146942866,0.3873746395111084,True,,,False
854,1.568359375,1.5546875,1.5615234375,22.786458333333336,True,0.46021332709499935,0.38837456703186035,True,,,False
855,1.5556640625,1.5595703125,1.5576171875,-6.510416666666667,True,0.13149243715446693,0.38472604751586914,True,,,False
856,1.5908203125,1.59765625,1.59423828125,-11.393229166666668,True,0.23011205082197517,0.3929605484008789,True,,,False
857,1.5185546875,1.517578125,1.51806640625,1.6276041666666667,True,0.03287543230891396,0.38722777366638184,True,,,False
858,1.658203125,1.6572265625,1.65771484375,1.6276041666666667,True,0.03287359393499139,0.38669490814208984,True,,,False
859,1.611328125,1.5986328125,1.60498046875,21.158854166666668,True,0.4273635298616003,0.39544081687927246,True,,,False
860,1.6298828125,1.6005859375,1.615234375,48.82812500000001,True,0.9862180547625391,0.39159083366394043,True,,,False
861,1.6396484375,1.630859375,1.63525390625,14.648437500000002,True,0.2958407423051954,0.3862287998199463,True,,,False
862,1.5830078125,1.60546875,1.59423828125,-37.434895833333336,True,0.7561081200779132,0.38744592666625977,True,,,False
863,1.591796875,1.6044921875,1.59814453125,-21.158854166666668,True,0.4273389264248045,0.3946645259857178,True,,,False
864,1.634765625,1.626953125,1.630859375,13.020833333333334,True,0.2629733516282484,0.38704657554626465,True,,,False
865,1.607421875,1.5751953125,1.59130859375,53.71093750000001,True,1.0848296346000648,0.3851747512817383,True,,,False
866,1.5908203125,1.6201171875,1.60546875,-48.82812500000001,True,0.9862153181113368,0.3900911808013916,True,,,False
867,1.6025390625,1.5595703125,1.5810546875,71.61458333333334,True,1.4463043382848813,0.385298490524292,True,,,False
868,1.564453125,1.5791015625,1.57177734375,-24.414062500000004,True,0.4931288437548116,0.38449978828430176,True,,,False
869,1.5439453125,1.5478515625,1.5458984375,-6.510416666666667,True,0.13147963473548582,0.5008323192596436,True,,,False
870,1.5615234375,1.578125,1.56982421875,-27.669270833333336,True,0.5588791313372947,0.39494800567626953,True,,,False
871,1.5576171875,1.51953125,1.53857421875,63.47656250000001,True,1.2820828978964858,0.3879215717315674,True,,,False
872,1.486328125,1.4853515625,1.48583984375,1.6276041666666667,True,0.03287365695670638,0.39894986152648926,True,,,False
873,1.53125,1.5302734375,1.53076171875,1.6276041666666667,True,0.032872127902943686,0.3942222595214844,True,,,False
874,1.576171875,1.548828125,1.5625,45.57291666666667,True,0.9203903977320044,0.39278483390808105,True,,,False
875,1.50390625,1.5107421875,1.50732421875,-11.393229166666668,True,0.23011636386987638,0.3914928436279297,True,,,False
876,1.6103515625,1.5009765625,1.5556640625,182.29166666666669,True,3.6817949211067615,0.3974423408508301,True,,,False
877,1.62109375,1.65234375,1.63671875,-52.083333333333336,True,1.051968297828349,0.38535022735595703,True,,,False
878,1.5810546875,1.556640625,1.56884765625,40.69010416666667,True,0.8217979628958523,0.38983654975891113,True,,,False
879,1.5224609375,1.5263671875,1.5244140625,-6.510416666666667,True,0.131485824955484,0.39260029792785645,True,,,False
880,1.5859375,1.572265625,1.5791015625,22.786458333333336,True,0.4602045901006799,0.38891148567199707,True,,,False
881,1.572265625,1.57421875,1.5732421875,-3.2552083333333335,True,0.06575082521352979,0.386305570602417,True,,,False
882,1.591796875,1.58984375,1.5908203125,3.2552083333333335,True,0.06574635451168252,0.3883240222930908,True,,,False
883,1.583984375,1.6103515625,1.59716796875,-43.94531250000001,True,0.8875926546868416,0.38543200492858887,True,,,False
884,1.57421875,1.546875,1.560546875,45.57291666666667,True,0.9204087030727777,0.3871142864227295,True,,,False
885,1.595703125,1.5966796875,1.59619140625,-1.6276041666666667,True,0.03287289835540328,0.3873574733734131,True,,,False
886,1.615234375,1.6064453125,1.61083984375,14.648437500000002,True,0.29585233807261974,0.40032291412353516,True,,,False
887,1.5322265625,1.533203125,1.53271484375,-1.6276041666666667,True,0.032874262190796144,0.3871748447418213,True,,,False
888,1.6171875,1.61328125,1.615234375,6.510416666666667,True,0.1314913441891566,0.38932228088378906,True,,,False
889,1.5556640625,1.5263671875,1.541015625,48.82812500000001,True,0.9862242379859748,0.3941798210144043,True,,,False
890,1.6025390625,1.6474609375,1.625,-74.86979166666667,True,1.512149894202536,0.38609862327575684,True,,,False
891,1.5078125,1.5068359375,1.50732421875,1.6276041666666667,True,0.03287317437871939,0.3851644992828369,True,,,False
892,1.5927734375,1.59375,1.59326171875,-1.6276041666666667,True,0.03287360272915537,0.3857147693634033,True,,,False
893,1.5341796875,1.5458984375,1.5400390625,-19.53125,True,0.39450359957867187,0.3997774124145508,True,,,False
894,1.654296875,1.6474609375,1.65087890625,11.393229166666668,True,0.2301037374445164,0.3870987892150879,True,,,False
895,1.5771484375,1.56640625,1.57177734375,17.903645833333336,True,0.3616146980891872,0.38643717765808105,True,,,False
896,1.5966796875,1.5732421875,1.5849609375,39.0625,True,0.7889611059085299,0.39409780502319336,True,,,False
897,1.5810546875,1.572265625,1.57666015625,14.648437500000002,True,0.2958808808603975,0.38634777069091797,True,,,False
898,1.5615234375,1.572265625,1.56689453125,-17.903645833333336,True,0.3616215358485493,0.38538074493408203,True,,,False
899,1.56640625,1.546875,1.556640625,32.552083333333336,True,0.6575146062683213,0.3988819122314453,True,,,False
900,1.576171875,1.5634765625,1.56982421875,21.158854166666668,True,0.42731391584883416,0.3983604907989502,True,,,False
901,1.625,1.6171875,1.62109375,13.020833333333334,True,0.2629814040405518,0.546236515045166,True,,,False
902,1.599609375,1.64453125,1.6220703125,-74.86979166666667,True,1.5122635409818797,0.39366936683654785,True,,,False
903,1.5322265625,1.521484375,1.52685546875,17.903645833333336,True,0.36161109952411546,0.38764333724975586,True,,,False
904,1.619140625,1.630859375,1.625,-19.53125,True,0.3944696341346883,0.38693785667419434,True,,,False
905,1.4990234375,1.5556640625,1.52734375,-94.40104166666667,True,1.9067652767403303,0.3926522731781006,True,,,False
906,1.544921875,1.5556640625,1.55029296875,-17.903645833333336,True,0.36160050903689545,0.3995499610900879,True,,,False
907,1.6083984375,1.595703125,1.60205078125,21.158854166666668,True,0.4273672210104498,0.3923463821411133,True,,,False
908,1.5419921875,1.548828125,1.54541015625,-11.393229166666668,True,0.23011425912513025,0.38629865646362305,True,,,False
909,1.5751953125,1.576171875,1.57568359375,-1.6276041666666667,True,0.03287267072782401,0.39740705490112305,True,,,False
910,1.5322265625,1.4951171875,1.513671875,61.848958333333336,True,1.249181203833738,0.3873167037963867,True,,,False
911,1.4775390625,1.48828125,1.48291015625,-17.903645833333336,True,0.36162892145485137,0.3879821300506592,True,,,False
912,1.60546875,1.587890625,1.5966796875,29.296875000000004,True,0.5917134072256313,0.39177703857421875,True,,,False
913,1.5595703125,1.580078125,1.56982421875,-34.1796875,True,0.6903180869210429,0.3922157287597656,True,,,False
914,1.53125,1.5400390625,1.53564453125,-14.648437500000002,True,0.29586277477933876,0.384418249130249,True,,,False
915,1.57421875,1.560546875,1.5673828125,22.786458333333336,True,0.46024154937875766,0.38599467277526855,True,,,False
916,1.619140625,1.5859375,1.6025390625,55.33854166666667,True,1.1176328705062348,0.3927609920501709,True,,,False
917,1.5849609375,1.5703125,1.57763671875,24.414062500000004,True,0.49313077956587575,0.388333797454834,True,,,False
918,1.5810546875,1.611328125,1.59619140625,-50.45572916666667,True,1.0191284776906846,0.3864428997039795,True,,,False
919,1.5791015625,1.5869140625,1.5830078125,-13.020833333333334,True,0.26298766095571213,0.4043741226196289,True,,,False
920,1.6005859375,1.607421875,1.60400390625,-11.393229166666668,True,0.2300954861129078,0.38611769676208496,True,,,False
921,1.61328125,1.580078125,1.5966796875,55.33854166666667,True,1.1177693346240414,0.38773083686828613,True,,,False
922,1.5556640625,1.568359375,1.56201171875,-21.158854166666668,True,0.4273631952801588,0.3927791118621826,True,,,False
923,1.556640625,1.5537109375,1.55517578125,4.8828125,True,0.09862563611124736,0.3946976661682129,True,,,False
924,1.5634765625,1.529296875,1.54638671875,56.966145833333336,True,1.150579071425985,0.38838672637939453,True,,,False
925,1.6083984375,1.5908203125,1.599609375,29.296875000000004,True,0.5917059941220449,0.3886749744415283,True,,,False
926,1.5595703125,1.5361328125,1.5478515625,39.0625,True,0.7889978626072451,0.39180421829223633,True,,,False
927,1.5947265625,1.6142578125,1.6044921875,-32.552083333333336,True,0.657453032704738,0.3906397819519043,True,,,False
928,1.5625,1.533203125,1.5478515625,48.82812500000001,True,0.9862319661801515,0.3863694667816162,True,,,False
929,1.599609375,1.58984375,1.5947265625,16.276041666666668,True,0.32873730140545276,0.3952608108520508,True,,,False
930,1.4599609375,1.494140625,1.47705078125,-56.966145833333336,True,1.1505243994811942,0.38692426681518555,True,,,False
931,1.6708984375,1.6171875,1.64404296875,89.51822916666667,True,1.8079993316336718,0.387833833694458,True,,,False
932,1.6279296875,1.6494140625,1.638671875,-35.80729166666667,True,0.723202565454437,0.38733410835266113,True,,,False
933,1.6318359375,1.6455078125,1.638671875,-22.786458333333336,True,0.4602239560921044,0.39526891708374023,True,,,False
934,1.5478515625,1.560546875,1.55419921875,-21.158854166666668,True,0.42735505469059326,0.388092041015625,True,,,False
935,1.599609375,1.5986328125,1.59912109375,1.6276041666666667,True,0.032872879512814666,0.3876633644104004,True,,,False
936,1.5341796875,1.5283203125,1.53125,9.765625,True,0.19724110950938145,0.39693498611450195,True,,,False
937,1.6298828125,1.6015625,1.61572265625,47.200520833333336,True,0.9534028414535425,0.38943028450012207,True,,,False
938,1.525390625,1.517578125,1.521484375,13.020833333333334,True,0.2629916867520044,0.3912689685821533,True,,,False
939,1.5185546875,1.5068359375,1.5126953125,19.53125,True,0.3944775714296039,0.390949010848999,True,,,False
940,1.6484375,1.66015625,1.654296875,-19.53125,True,0.39445759300817856,0.39801931381225586,True,,,False
941,1.591796875,1.5625,1.5771484375,48.82812500000001,True,0.9861594480481503,0.38970232009887695,True,,,False
942,1.5849609375,1.5703125,1.57763671875,24.414062500000004,True,0.4930858115351873,0.38891053199768066,True,,,False
943,1.5068359375,1.560546875,1.53369140625,-89.51822916666667,True,1.808160545555079,0.39253997802734375,True,,,False
944,1.623046875,1.5888671875,1.60595703125,56.966145833333336,True,1.1505885284065298,0.3878040313720703,True,,,False
945,1.5556640625,1.5556640625,1.5556640625,0.0,True,0.0,0.3882415294647217,True,,,False
946,1.478515625,1.4697265625,1.47412109375,14.648437500000002,True,0.2958627018017758,0.3935379981994629,True,,,False
947,1.591796875,1.5986328125,1.59521484375,-11.393229166666668,True,0.23012283336085368,0.3878138065338135,True,,,False
948,1.4833984375,1.490234375,1.48681640625,-11.393229166666668,True,0.23010762166405213,0.38770532608032227,True,,,False
949,1.544921875,1.5537109375,1.54931640625,-14.648437500000002,True,0.29587085321515144,0.38686633110046387,True,,,False
950,1.634765625,1.703125,1.6689453125,-113.93229166666667,True,2.3011631492169076,0.49349212646484375,True,,,False
951,1.560546875,1.5673828125,1.56396484375,-11.393229166666668,True,0.2301194660469834,0.3970646858215332,True,,,False
952,1.6474609375,1.623046875,1.63525390625,40.69010416666667,True,0.8218548007911767,0.3875389099121094,True,,,False
953,1.5498046875,1.5693359375,1.5595703125,-32.552083333333336,True,0.6574444674903727,0.400296688079834,True,,,False
954,1.623046875,1.62890625,1.6259765625,-9.765625,True,0.19723069058100923,0.38972043991088867,True,,,False
955,1.5537109375,1.5546875,1.55419921875,-1.6276041666666667,True,0.032873137661617154,0.39101505279541016,True,,,False
956,1.474609375,1.509765625,1.4921875,-58.59375000000001,True,1.1833783811810685,0.40361762046813965,True,,,False
957,1.576171875,1.591796875,1.583984375,-26.041666666666668,True,0.5259892098336411,0.3881065845489502,True,,,False
958,1.6494140625,1.6337890625,1.6416015625,26.041666666666668,True,0.5259788669344734,0.3861243724822998,True,,,False
959,1.541015625,1.5322265625,1.53662109375,14.648437500000002,True,0.295859960247085,0.38753437995910645,True,,,False
960,1.52734375,1.53515625,1.53125,-13.020833333333334,True,0.26300123515530227,0.3990464210510254,True,,,False
961,1.5234375,1.5322265625,1.52783203125,-14.648437500000002,True,0.29585521934836584,0.3865058422088623,True,,,False
962,1.560546875,1.58203125,1.5712890625,-35.80729166666667,True,0.7232445434687047,0.3876490592956543,True,,,False
963,1.59765625,1.5927734375,1.59521484375,8.138020833333334,True,0.16436544287083388,0.3938868045806885,True,,,False
964,1.5419921875,1.5380859375,1.5400390625,6.510416666666667,True,0.13149944394195728,0.3862013816833496,True,,,False
965,1.6416015625,1.6259765625,1.6337890625,26.041666666666668,True,0.5259777805854698,0.3862733840942383,True,,,False
966,1.595703125,1.5810546875,1.58837890625,24.414062500000004,True,0.4931074207932784,0.3930835723876953,True,,,False
967,1.5908203125,1.5751953125,1.5830078125,26.041666666666668,True,0.5259837352944597,0.38792896270751953,True,,,False
968,1.7109375,1.673828125,1.6923828125,61.848958333333336,True,1.2491883791882494,0.37154078483581543,True,,,False
969,1.5478515625,1.5517578125,1.5498046875,-6.510416666666667,True,0.13148433761298084,0.38741517066955566,True,,,False
970,1.59765625,1.609375,1.603515625,-19.53125,True,0.39448403296025025,0.3934643268585205,True,,,False
971,1.583984375,1.583984375,1.583984375,0.0,True,0.0,0.3894615173339844,True,,,False
972,1.537109375,1.52734375,1.5322265625,16.276041666666668,True,0.32872968950340153,0.38613057136535645,True,,,False
973,1.54296875,1.5751953125,1.55908203125,-53.71093750000001,True,1.0848409008115372,0.39253711700439453,True,,,False
974,1.568359375,1.587890625,1.578125,-32.552083333333336,True,0.6574543840159339,0.3876383304595947,True,,,False
975,1.546875,1.5390625,1.54296875,13.020833333333334,True,0.26299607028405064,0.387160062789917,True,,,False
976,1.578125,1.556640625,1.5673828125,35.80729166666667,True,0.723261688268105,0.3930542469024658,True,,,False
977,1.556640625,1.546875,1.5517578125,16.276041666666668,True,0.32872031129145074,0.38683104515075684,True,,,False
978,1.5537109375,1.5380859375,1.5458984375,26.041666666666668,True,0.5260005244019484,0.3862040042877197,True,,,False
979,1.533203125,1.5439453125,1.53857421875,-17.903645833333336,True,0.36163457506779084,0.3880622386932373,True,,,False
980,1.625,1.5947265625,1.60986328125,50.45572916666667,True,1.0190945819111035,0.39748096466064453,True,,,False
981,1.55859375,1.5634765625,1.56103515625,-8.138020833333334,True,0.16436750015439996,0.387315034866333,True,,,False
982,1.556640625,1.5634765625,1.56005859375,-11.393229166666668,True,0.23011682844479184,0.38675856590270996,True,,,False
983,1.587890625,1.5703125,1.5791015625,29.296875000000004,True,0.5917158805675243,0.4019021987915039,True,,,False
984,1.58203125,1.591796875,1.5869140625,-16.276041666666668,True,0.32873064460742946,0.3864865303039551,True,,,False
985,1.5615234375,1.599609375,1.58056640625,-63.47656250000001,True,1.2820873940963398,0.38820624351501465,True,,,False
986,1.5703125,1.564453125,1.5673828125,9.765625,True,0.19723847597714692,0.38953518867492676,True,,,False
987,1.603515625,1.5712890625,1.58740234375,53.71093750000001,True,1.0848032172478008,0.39214348793029785,True,,,False
988,1.53515625,1.5029296875,1.51904296875,53.71093750000001,True,1.0848499287862918,0.38534116744995117,True,,,False
989,1.6328125,1.6279296875,1.63037109375,8.138020833333334,True,0.16436777922502666,0.3862442970275879,True,,,False
990,1.533203125,1.5205078125,1.52685546875,21.158854166666668,True,0.427343986903352,0.39115071296691895,True,,,False
991,1.640625,1.6357421875,1.63818359375,8.138020833333334,True,0.16436654729614908,0.3848876953125,True,,,False
992,1.548828125,1.5380859375,1.54345703125,17.903645833333336,True,0.3616022049639038,0.3870584964752197,True,,,False
993,1.556640625,1.5576171875,1.55712890625,-1.6276041666666667,True,0.03287583739103571,0.3941783905029297,True,,,False
994,1.568359375,1.5517578125,1.56005859375,27.669270833333336,True,0.5588427711565563,0.3872342109680176,True,,,False
995,1.560546875,1.546875,1.5537109375,22.786458333333336,True,0.46021881332730846,0.3859529495239258,True,,,False
996,1.6162109375,1.642578125,1.62939453125,-43.94531250000001,True,0.8875970310695522,0.3874623775482178,True,,,False
997,1.5224609375,1.5302734375,1.5263671875,-13.020833333333334,True,0.26299812988856197,0.39112091064453125,True,,,False
998,1.5791015625,1.6162109375,1.59765625,-61.848958333333336,True,1.2491860027411847,0.38516855239868164,True,,,False
999,1.5234375,1.484375,1.50390625,65.10416666666667,True,1.3149398090088915,0.3882730007171631,True,,,False
1000,1.576171875,1.5927734375,1.58447265625,-27.669270833333336,True,0.5588118357345458,3.64575457572937,True,1.5644965786007026,0.26346604215456676,False
1001,1.552734375,1.5517578125,1.55224609375,1.6276041666666667,True,0.03287362012253594,0.709160327911377,True,,,False
1002,1.544921875,1.54296875,1.5439453125,3.2552083333333335,True,0.06574726365905989,0.38936948776245117,True,,,False
1003,1.5419921875,1.55078125,1.54638671875,-14.648437500000002,True,0.29585915558456677,0.3898327350616455,True,,,False
1004,1.615234375,1.576171875,1.595703125,65.10416666666667,True,1.3148998521207953,0.3941187858581543,True,,,False
1005,1.529296875,1.5380859375,1.53369140625,-14.648437500000002,True,0.2958540395891881,0.39392566680908203,True,,,False
1006,1.603515625,1.5595703125,1.58154296875,73.2421875,True,1.4793042827515455,0.38762903213500977,True,,,False
1007,1.5625,1.578125,1.5703125,-26.041666666666668,True,0.5259799530499341,0.3879225254058838,True,,,False
1008,1.5634765625,1.5224609375,1.54296875,68.359375,True,1.3807249227797265,0.39868879318237305,True,,,False
1009,1.576171875,1.576171875,1.576171875,0.0,True,0.0,0.3872387409210205,True,,,False
1010,1.6171875,1.625,1.62109375,-13.020833333333334,True,0.2629785236471449,0.3925185203552246,True,,,False
1011,1.5703125,1.6083984375,1.58935546875,-63.47656250000001,True,1.282031104370995,0.40027475357055664,True,,,False
1012,1.572265625,1.5556640625,1.56396484375,27.669270833333336,True,0.5588212302686015,0.3918111324310303,True,,,False
1013,1.5615234375,1.580078125,1.57080078125,-30.924479166666668,True,0.6246171166689845,0.38881897926330566,True,,,False
1014,1.541015625,1.5322265625,1.53662109375,14.648437500000002,True,0.2958505388892489,0.3875002861022949,True,,,False
1015,1.568359375,1.5986328125,1.58349609375,-50.45572916666667,True,1.0191097441066999,0.3995652198791504,True,,,False
1016,1.5546875,1.5673828125,1.56103515625,-21.158854166666668,True,0.42733124016819823,0.39118242263793945,True,,,False
1017,1.625,1.6298828125,1.62744140625,-8.138020833333334,True,0.16436774005130686,0.38875460624694824,True,,,False
1018,1.56640625,1.5615234375,1.56396484375,8.138020833333334,True,0.1643679297933337,0.3981149196624756,True,,,False
1019,1.4677734375,1.505859375,1.48681640625,-63.47656250000001,True,1.2820717263906931,0.3871171474456787,True,,,False
1020,1.60546875,1.580078125,1.5927734375,42.317708333333336,True,0.8547287012001726,0.38695335388183594,True,,,False
1021,1.5625,1.5205078125,1.54150390625,69.98697916666667,True,1.4135518543095464,0.3891184329986572,True,,,False
1022,1.6533203125,1.6103515625,1.6318359375,71.61458333333334,True,1.4464100514276372,0.39693450927734375,True,,,False
1023,1.54296875,1.5283203125,1.53564453125,24.414062500000004,True,0.4931017778022349,0.38779234886169434,True,,,False
1024,1.5869140625,1.5869140625,1.5869140625,0.0,True,0.0,0.3882131576538086,True,,,False
1025,1.609375,1.58984375,1.599609375,32.552083333333336,True,0.6574754523949597,0.4012627601623535,True,,,False
1026,1.5576171875,1.5537109375,1.5556640625,6.510416666666667,True,0.13149171515032396,0.3888857364654541,True,,,False
1027,1.498046875,1.48828125,1.4931640625,16.276041666666668,True,0.32875745037406373,0.3863849639892578,True,,,False
1028,1.556640625,1.611328125,1.583984375,-91.14583333333334,True,1.8409902563960914,0.38662219047546387,True,,,False
1029,1.5361328125,1.541015625,1.53857421875,-8.138020833333334,True,0.16436821826735398,0.39255237579345703,True,,,False
1030,1.5634765625,1.5732421875,1.568359375,-16.276041666666668,True,0.3287333069899942,0.4873943328857422,True,,,False
1031,1.6181640625,1.623046875,1.62060546875,-8.138020833333334,True,0.16435241642054582,0.39427971839904785,True,,,False
1032,1.587890625,1.5830078125,1.58544921875,8.138020833333334,True,0.16436494648302785,0.39791202545166016,True,,,False
1033,1.5849609375,1.572265625,1.57861328125,21.158854166666668,True,0.42735481552674226,0.3816347122192383,True,,,False
1034,1.5791015625,1.58984375,1.58447265625,-17.903645833333336,True,0.36161015458323503,0.3848240375518799,True,,,False
1035,1.5869140625,1.564453125,1.57568359375,37.434895833333336,True,0.7561119228352726,0.38962864875793457,True,,,False
1036,1.56640625,1.5634765625,1.56494140625,4.8828125,True,0.09862407286588816,0.38678598403930664,True,,,False
1037,1.5302734375,1.53125,1.53076171875,-1.6276041666666667,True,0.032871642870590495,0.38517069816589355,True,,,False
1038,1.6162109375,1.62890625,1.62255859375,-21.158854166666668,True,0.4273664484178696,0.39481043815612793,True,,,False
1039,1.56640625,1.5732421875,1.56982421875,-11.393229166666668,True,0.23009851785753876,0.3859853744506836,True,,,False
1040,1.609375,1.599609375,1.6044921875,16.276041666666668,True,0.32871794852083397,0.39023900032043457,True,,,False
1041,1.591796875,1.533203125,1.5625,97.65625000000001,True,1.9724655610378008,0.3920857906341553,True,,,False
1042,1.5732421875,1.59375,1.58349609375,-34.1796875,True,0.6904048239733904,0.4111032485961914,True,,,False
1043,1.552734375,1.5751953125,1.56396484375,-37.434895833333336,True,0.756121966116189,0.3980879783630371,True,,,False
1044,1.576171875,1.5927734375,1.58447265625,-27.669270833333336,True,0.5588470384828422,0.4032919406890869,True,,,False
1045,1.5849609375,1.5908203125,1.587890625,-9.765625,True,0.19724294676949655,0.4088873863220215,True,,,False
1046,1.6064453125,1.5966796875,1.6015625,16.276041666666668,True,0.3287414769386287,0.3918912410736084,True,,,False
1047,1.55859375,1.552734375,1.5556640625,9.765625,True,0.19724331559211927,0.38773274421691895,True,,,False
1048,1.5439453125,1.5380859375,1.541015625,9.765625,True,0.19722787506209413,0.3897860050201416,True,,,False
1049,1.60546875,1.6123046875,1.60888671875,-11.393229166666668,True,0.23011707292637082,0.3876612186431885,True,,,False
1050,1.6083984375,1.6220703125,1.615234375,-22.786458333333336,True,0.460243161106733,0.38425517082214355,True,,,False
1051,1.55078125,1.5771484375,1.56396484375,-43.94531250000001,True,0.887567762640397,0.3849825859069824,True,,,False
1052,1.5908203125,1.59765625,1.59423828125,-11.393229166666668,True,0.23011451781818165,0.3953068256378174,True,,,False
1053,1.5732421875,1.580078125,1.57666015625,-11.393229166666668,True,0.2301034597621297,0.3832395076751709,True,,,False
1054,1.5087890625,1.5380859375,1.5234375,-48.82812500000001,True,0.9862220757512389,0.38417887687683105,True,,,False
1055,1.5244140625,1.5283203125,1.5263671875,-6.510416666666667,True,0.13149592340872396,0.4016575813293457,True,,,False
1056,1.587890625,1.5361328125,1.56201171875,86.26302083333334,True,1.742235598499644,0.3874638080596924,True,,,False
1057,1.55859375,1.5615234375,1.56005859375,-4.8828125,True,0.09862032572367835,0.38702869415283203,True,,,False
1058,1.5517578125,1.5537109375,1.552734375,-3.2552083333333335,True,0.0657514124712079,0.39053869247436523,True,,,False
1059,1.5458984375,1.556640625,1.55126953125,-17.903645833333336,True,0.3616451938937383,0.3914453983306885,True,,,False
1060,1.548828125,1.5419921875,1.54541015625,11.393229166666668,True,0.23010501533542976,0.3878469467163086,True,,,False
1061,1.6015625,1.5498046875,1.57568359375,86.26302083333334,True,1.7423216921275533,0.3848996162414551,True,,,False
1062,1.5830078125,1.5888671875,1.5859375,-9.765625,True,0.19723363699967258,0.39941906929016113,True,,,False
1063,1.57421875,1.556640625,1.5654296875,29.296875000000004,True,0.591740419361464,0.3851039409637451,True,,,False
1064,1.546875,1.54296875,1.544921875,6.510416666666667,True,0.1315024936575886,0.38665270805358887,True,,,False
1065,1.537109375,1.52734375,1.5322265625,16.276041666666668,True,0.3287333444319947,0.3977231979370117,True,,,False
1066,1.5,1.462890625,1.4814453125,61.848958333333336,True,1.2491405441783165,0.38515400886535645,True,,,False
1067,1.5537109375,1.576171875,1.56494140625,-37.434895833333336,True,0.7561147020517168,0.3867785930633545,True,,,False
1068,1.630859375,1.60546875,1.6181640625,42.317708333333336,True,0.8547210542102642,0.39653515815734863,True,,,False
1069,1.5546875,1.5478515625,1.55126953125,11.393229166666668,True,0.2301097371928673,0.38484954833984375,True,,,False
1070,1.611328125,1.6318359375,1.62158203125,-34.1796875,True,0.6903136085632215,0.38428378105163574,True,,,False
1071,1.6142578125,1.6015625,1.60791015625,21.158854166666668,True,0.4273546096272735,0.38396763801574707,True,,,False
1072,1.5576171875,1.5703125,1.56396484375,-21.158854166666668,True,0.42734139045837066,0.3978700637817383,True,,,False
1073,1.6396484375,1.5947265625,1.6171875,74.86979166666667,True,1.5121778487544508,0.38324475288391113,True,,,False
1074,1.5458984375,1.5732421875,1.5595703125,-45.57291666666667,True,0.9204314758893574,0.385941743850708,True,,,False
1075,1.626953125,1.59375,1.6103515625,55.33854166666667,True,1.1177189280991942,0.3906698226928711,True,,,False
1076,1.5537109375,1.56640625,1.56005859375,-21.158854166666668,True,0.42736665917469924,0.39574480056762695,True,,,False
1077,1.6748046875,1.6552734375,1.6650390625,32.552083333333336,True,0.6574503139135591,0.3863861560821533,True,,,False
1078,1.5732421875,1.56640625,1.56982421875,11.393229166666668,True,0.23010722665229386,0.3814888000488281,True,,,False
1079,1.529296875,1.5439453125,1.53662109375,-24.414062500000004,True,0.4930965225229447,0.39249563217163086,True,,,False
1080,1.498046875,1.5205078125,1.50927734375,-37.434895833333336,True,0.7561139859356624,0.3826887607574463,True,,,False
1081,1.54296875,1.5224609375,1.53271484375,34.1796875,True,0.6903297194962118,0.3834083080291748,True,,,False
1082,1.619140625,1.630859375,1.625,-19.53125,True,0.3944704114993139,0.4054834842681885,True,,,False
1083,1.5859375,1.5703125,1.578125,26.041666666666668,True,0.5259817053209084,0.3819539546966553,True,,,False
1084,1.5830078125,1.5615234375,1.572265625,35.80729166666667,True,0.7232327727299892,0.38571810722351074,True,,,False
1085,1.5478515625,1.5546875,1.55126953125,-11.393229166666668,True,0.23012041085954052,0.3902580738067627,True,,,False
1086,1.6181640625,1.607421875,1.61279296875,17.903645833333336,True,0.3615988753582097,0.38492417335510254,True,,,False
1087,1.60546875,1.640625,1.623046875,-58.59375000000001,True,1.1834562320246553,0.3830742835998535,True,,,False
1088,1.609375,1.60546875,1.607421875,6.510416666666667,True,0.1314960462237315,0.3842349052429199,True,,,False
1089,1.595703125,1.6171875,1.6064453125,-35.80729166666667,True,0.7232172570135372,0.3745999336242676,True,,,False
1090,1.6083984375,1.6015625,1.60498046875,11.393229166666668,True,0.23011826640566954,0.383791446685791,True,,,False
1091,1.537109375,1.5439453125,1.54052734375,-11.393229166666668,True,0.2301168733961749,0.38211607933044434,True,,,False
1092,1.5400390625,1.52734375,1.53369140625,21.158854166666668,True,0.42731849090691276,0.3901829719543457,True,,,False
1093,1.5107421875,1.5234375,1.51708984375,-21.158854166666668,True,0.42736852542873677,0.38691020011901855,True,,,False
1094,1.552734375,1.548828125,1.55078125,6.510416666666667,True,0.131491728620972,0.384152889251709,True,,,False
1095,1.5703125,1.609375,1.58984375,-65.10416666666667,True,1.3149927379481359,0.3862435817718506,True,,,False
1096,1.517578125,1.533203125,1.525390625,-26.041666666666668,True,0.5259910953092051,0.3983163833618164,True,,,False
1097,1.578125,1.5634765625,1.57080078125,24.414062500000004,True,0.49306957984849903,0.38244056701660156,True,,,False
1098,1.591796875,1.568359375,1.580078125,39.0625,True,0.7889972942774918,0.3842282295227051,True,,,False
1099,1.55859375,1.5283203125,1.54345703125,50.45572916666667,True,1.019143082508852,0.397449254989624,True,,,False
1100,1.6171875,1.6474609375,1.63232421875,-50.45572916666667,True,1.0190741757229531,0.3815906047821045,True,,,False
1101,1.5,1.486328125,1.4931640625,22.786458333333336,True,0.4602107881958354,0.5456588268280029,True,,,False
1102,1.5634765625,1.5712890625,1.5673828125,-13.020833333333334,True,0.26297011575894813,0.39541125297546387,True,,,False
1103,1.509765625,1.513671875,1.51171875,-6.510416666666667,True,0.13149566896508558,0.3901400566101074,True,,,False
1104,1.5439453125,1.544921875,1.54443359375,-1.6276041666666667,True,0.03287272238744345,0.38710474967956543,True,,,False
1105,1.58984375,1.587890625,1.5888671875,3.2552083333333335,True,0.0657536575614607,0.38836669921875,True,,,False
1106,1.5009765625,1.474609375,1.48779296875,43.94531250000001,True,0.8875011125761998,0.38945841789245605,True,,,False
1107,1.59375,1.6064453125,1.60009765625,-21.158854166666668,True,0.4273571901724327,0.3837714195251465,True,,,False
1108,1.6484375,1.6591796875,1.65380859375,-17.903645833333336,True,0.3615995694936235,0.38213467597961426,True,,,False
1109,1.4814453125,1.5048828125,1.4931640625,-39.0625,True,0.7889739460503298,0.3990180492401123,True,,,False
1110,1.6318359375,1.638671875,1.63525390625,-11.393229166666668,True,0.23010928186237675,0.38166022300720215,True,,,False
1111,1.5185546875,1.494140625,1.50634765625,40.69010416666667,True,0.8218135459773528,0.3844921588897705,True,,,False
1112,1.6181640625,1.5673828125,1.5927734375,84.63541666666667,True,1.709416038269668,0.391232967376709,True,,,False
1113,1.625,1.6240234375,1.62451171875,1.6276041666666667,True,0.03287249111920863,0.38453078269958496,True,,,False
1114,1.5634765625,1.6201171875,1.591796875,-94.40104166666667,True,1.9066654228876787,0.3814105987548828,True,,,False
1115,1.568359375,1.5869140625,1.57763671875,-30.924479166666668,True,0.6246076082589566,0.3848147392272949,True,,,False
1116,1.5751953125,1.5654296875,1.5703125,16.276041666666668,True,0.32873082390452424,0.38970446586608887,True,,,False
1117,1.55859375,1.5673828125,1.56298828125,-14.648437500000002,True,0.29586969602035185,0.38356447219848633,True,,,False
1118,1.564453125,1.5439453125,1.55419921875,34.1796875,True,0.6903422400660583,0.3842809200286865,True,,,False
1119,1.5751953125,1.5517578125,1.5634765625,39.0625,True,0.789000692358722,0.3980231285095215,True,,,False
1120,1.5927734375,1.6015625,1.59716796875,-14.648437500000002,True,0.2958565025889538,0.38918495178222656,True,,,False
1121,1.5673828125,1.5830078125,1.5751953125,-26.041666666666668,True,0.5259693950763458,0.3849449157714844,True,,,False
1122,1.5595703125,1.576171875,1.56787109375,-27.669270833333336,True,0.5588672779964912,0.3835716247558594,True,,,False
1123,1.5244140625,1.4755859375,1.5,81.38020833333334,True,1.6436313525537083,0.5022575855255127,True,,,False
1124,1.625,1.634765625,1.6298828125,-16.276041666666668,True,0.32874112008841194,0.3996732234954834,True,,,False
1125,1.46875,1.462890625,1.4658203125,9.765625,True,0.19724575342023692,0.38625597953796387,True,,,False
1126,1.4228515625,1.484375,1.45361328125,-102.53906250000001,True,2.0709935600547302,0.39179086685180664,True,,,False
1127,1.5390625,1.5625,1.55078125,-39.0625,True,0.7888848002513819,0.38550686836242676,True,,,False
1128,1.533203125,1.5419921875,1.53759765625,-14.648437500000002,True,0.29586585791637177,0.3842613697052002,True,,,False
1129,1.62109375,1.55859375,1.58984375,104.16666666666667,True,2.103802353291962,0.3968009948730469,True,,,False
1130,1.529296875,1.5224609375,1.52587890625,11.393229166666668,True,0.23010973443962632,0.3858318328857422,True,,,False
1131,1.5732421875,1.55859375,1.56591796875,24.414062500000004,True,0.49310351445944506,0.39279747009277344,True,,,False
1132,1.6142578125,1.607421875,1.61083984375,11.393229166666668,True,0.23013340525055792,0.3885340690612793,True,,,False
1133,1.5693359375,1.5439453125,1.556640625,42.317708333333336,True,0.8547115547760613,0.38658595085144043,True,,,False
1134,1.552734375,1.5654296875,1.55908203125,-21.158854166666668,True,0.4273625050307973,0.38419342041015625,True,,,False
1135,1.6376953125,1.681640625,1.65966796875,-73.2421875,True,1.4792748796763469,0.385265588760376,True,,,False
1136,1.4951171875,1.4814453125,1.48828125,22.786458333333336,True,0.46022803871574747,0.3949313163757324,True,,,False
1137,1.5224609375,1.4951171875,1.5087890625,45.57291666666667,True,0.9204605398728549,0.39314794540405273,True,,,False
1138,1.548828125,1.529296875,1.5390625,32.552083333333336,True,0.6574510259643381,0.38608813285827637,True,,,False
1139,1.6484375,1.640625,1.64453125,13.020833333333334,True,0.2629842154527654,0.3928864002227783,True,,,False
1140,1.609375,1.6142578125,1.61181640625,-8.138020833333334,True,0.16436667581323278,0.3841218948364258,True,,,False
1141,1.572265625,1.54296875,1.5576171875,48.82812500000001,True,0.9862087844928104,0.38667845726013184,True,,,False
1142,1.5625,1.5849609375,1.57373046875,-37.434895833333336,True,0.7560789992119953,0.38845348358154297,True,,,False
1143,1.626953125,1.6259765625,1.62646484375,1.6276041666666667,True,0.03287109181380027,0.3972892761230469,True,,,False
1144,1.55859375,1.591796875,1.5751953125,-55.33854166666667,True,1.1176923870905666,0.3849613666534424,True,,,False
1145,1.513671875,1.54296875,1.5283203125,-48.82812500000001,True,0.9861360231837065,0.3863515853881836,True,,,False
1146,1.5810546875,1.59375,1.58740234375,-21.158854166666668,True,0.4273389972531045,0.39808058738708496,True,,,False
1147,1.6025390625,1.609375,1.60595703125,-11.393229166666668,True,0.23012930627894673,0.3864724636077881,True,,,False
1148,1.5966796875,1.607421875,1.60205078125,-17.903645833333336,True,0.3616226368282777,0.38764333724975586,True,,,False
1149,1.6083984375,1.642578125,1.62548828125,-56.966145833333336,True,1.150542520542382,0.400784969329834,True,,,False
1150,1.4892578125,1.5009765625,1.4951171875,-19.53125,True,0.3944984994916922,0.38535356521606445,True,,,False
1151,1.5859375,1.6328125,1.609375,-78.125,True,1.5779310360226182,0.3883650302886963,True,,,False
1152,1.623046875,1.623046875,1.623046875,0.0,True,0.0,0.38791775703430176,True,,,False
1153,1.609375,1.634765625,1.6220703125,-42.317708333333336,True,0.8547110668598995,0.3957028388977051,True,,,False
1154,1.5693359375,1.6005859375,1.5849609375,-52.083333333333336,True,1.0519974240676293,0.3886997699737549,True,,,False
1155,1.54296875,1.5634765625,1.55322265625,-34.1796875,True,0.6904012657794546,0.39104580879211426,True,,,False
1156,1.5146484375,1.5263671875,1.5205078125,-19.53125,True,0.394470019801912,0.40059542655944824,True,,,False
1157,1.541015625,1.5419921875,1.54150390625,-1.6276041666666667,True,0.032875886254147835,0.38973522186279297,True,,,False
1158,1.5751953125,1.564453125,1.56982421875,17.903645833333336,True,0.3616230277240587,0.3915126323699951,True,,,False
1159,1.5478515625,1.5498046875,1.548828125,-3.2552083333333335,True,0.06574956016245581,0.39067506790161133,True,,,False
1160,1.59765625,1.5927734375,1.59521484375,8.138020833333334,True,0.1643766718759513,0.3955507278442383,True,,,False
1161,1.5087890625,1.52734375,1.51806640625,-30.924479166666668,True,0.6245723195427912,0.38749074935913086,True,,,False
1162,1.5849609375,1.59375,1.58935546875,-14.648437500000002,True,0.2958700815492137,0.387378454208374,True,,,False
1163,1.5810546875,1.5810546875,1.5810546875,0.0,True,0.0,0.393449068069458,True,,,False
1164,1.59375,1.5888671875,1.59130859375,8.138020833333334,True,0.1643713554878311,0.38482093811035156,True,,,False
1165,1.5302734375,1.5224609375,1.5263671875,13.020833333333334,True,0.26298015538959085,0.3876516819000244,True,,,False
1166,1.5712890625,1.59765625,1.58447265625,-43.94531250000001,True,0.8876263252393759,0.39337778091430664,True,,,False
1167,1.5712890625,1.5703125,1.57080078125,1.6276041666666667,True,0.032872492083574116,0.3910684585571289,True,,,False
1168,1.62890625,1.611328125,1.6201171875,29.296875000000004,True,0.5917375004768828,0.3842601776123047,True,,,False
1169,1.5478515625,1.5732421875,1.560546875,-42.317708333333336,True,0.8547293611919906,0.3842966556549072,True,,,False
1170,1.662109375,1.681640625,1.671875,-32.552083333333336,True,0.6574770148311788,0.39290499687194824,True,,,False
1171,1.587890625,1.58203125,1.5849609375,9.765625,True,0.1972271656274286,0.38961267471313477,True,,,False
1172,1.55859375,1.60546875,1.58203125,-78.125,True,1.5779008981326708,0.3856806755065918,True,,,False
1173,1.568359375,1.5537109375,1.56103515625,24.414062500000004,True,0.49310984516467793,0.394594669342041,True,,,False
1174,1.572265625,1.5390625,1.5556640625,55.33854166666667,True,1.1177479191484168,0.3930783271789551,True,,,False
1175,1.5791015625,1.5859375,1.58251953125,-11.393229166666668,True,0.23011681365795164,0.38572216033935547,True,,,False
1176,1.5439453125,1.525390625,1.53466796875,30.924479166666668,True,0.6245543021453355,0.3927140235900879,True,,,False
1177,1.6552734375,1.6494140625,1.65234375,9.765625,True,0.19723971738662194,0.4029719829559326,True,,,False
1178,1.5107421875,1.50390625,1.50732421875,11.393229166666668,True,0.23010266314858052,0.38544321060180664,True,,,False
1179,1.52734375,1.48046875,1.50390625,78.125,True,1.5779685072314584,0.38504600524902344,True,,,False
1180,1.544921875,1.5439453125,1.54443359375,1.6276041666666667,True,0.032873343172522274,0.3960907459259033,True,,,False
1181,1.544921875,1.513671875,1.529296875,52.083333333333336,True,1.05196684200822,0.3856804370880127,True,,,False
1182,1.58203125,1.5712890625,1.57666015625,17.903645833333336,True,0.36161737168101865,0.3873429298400879,True,,,False
1183,1.6650390625,1.640625,1.65283203125,40.69010416666667,True,0.8218078838080906,0.39642763137817383,True,,,False
1184,1.6171875,1.59375,1.60546875,39.0625,True,0.7889701038477966,0.3913593292236328,True,,,False
1185,1.5458984375,1.55078125,1.54833984375,-8.138020833333334,True,0.16436085274822615,0.38754892349243164,True,,,False
1186,1.640625,1.658203125,1.6494140625,-29.296875000000004,True,0.5917362616790665,0.3864753246307373,True,,,False
1187,1.54296875,1.5625,1.552734375,-32.552083333333336,True,0.6574650339523224,0.39223384857177734,True,,,False
1188,1.6064453125,1.580078125,1.59326171875,43.94531250000001,True,0.8875501848471952,0.38643670082092285,True,,,False
1189,1.6279296875,1.599609375,1.61376953125,47.200520833333336,True,0.9533409966906211,0.39302563667297363,True,,,False
1190,1.537109375,1.56640625,1.5517578125,-48.82812500000001,True,0.9861160883012058,0.3963649272918701,True,,,False
1191,1.544921875,1.5654296875,1.55517578125,-34.1796875,True,0.6903030455929114,0.3872509002685547,True,,,False
1192,1.5810546875,1.5458984375,1.5634765625,58.59375000000001,True,1.1834427281877007,0.3865947723388672,True,,,False
1193,1.5361328125,1.53515625,1.53564453125,1.6276041666666667,True,0.03287423682686993,0.39402151107788086,True,,,False
1194,1.484375,1.517578125,1.5009765625,-55.33854166666667,True,1.1176907617497063,0.39465880393981934,True,,,False
1195,1.58203125,1.6416015625,1.61181640625,-99.28385416666667,True,2.0051288358188515,0.38919520378112793,True,,,False
1196,1.5556640625,1.556640625,1.55615234375,-1.6276041666666667,True,0.03287299494078342,0.387082576751709,True,,,False
1197,1.5283203125,1.544921875,1.53662109375,-27.669270833333336,True,0.5588021332571074,0.398914098739624,True,,,False
1198,1.60546875,1.6044921875,1.60498046875,1.6276041666666667,True,0.03287480908457897,0.39004063606262207,True,,,False
1199,1.55859375,1.57421875,1.56640625,-26.041666666666668,True,0.5259566545748645,0.38983821868896484,True,,,False
1200,1.595703125,1.61328125,1.6044921875,-29.296875000000004,True,0.5917439857155449,0.3886587619781494,True,,,False
1201,1.560546875,1.5615234375,1.56103515625,-1.6276041666666667,True,0.03287425077067127,0.5576331615447998,True,,,False
1202,1.533203125,1.55078125,1.5419921875,-29.296875000000004,True,0.5917287608255465,0.3894524574279785,True,,,False
1203,1.6484375,1.654296875,1.6513671875,-9.765625,True,0.19723884431294844,0.3881189823150635,True,,,False
1204,1.6533203125,1.6279296875,1.640625,42.317708333333336,True,0.8547362639654246,0.393585205078125,True,,,False
1205,1.603515625,1.587890625,1.595703125,26.041666666666668,True,0.5259730465342536,0.3867454528808594,True,,,False
1206,1.6669921875,1.6533203125,1.66015625,22.786458333333336,True,0.4602278149457528,0.3882415294647217,True,,,False
1207,1.6259765625,1.68359375,1.65478515625,-96.02864583333334,True,1.939420912207014,0.3947322368621826,True,,,False
1208,1.59765625,1.599609375,1.5986328125,-3.2552083333333335,True,0.06574929276290176,0.38658761978149414,True,,,False
1209,1.5849609375,1.5986328125,1.591796875,-22.786458333333336,True,0.46024233914348445,0.3908102512359619,True,,,False
1210,1.7744140625,1.703125,1.73876953125,118.81510416666667,True,2.399731897456648,0.3847479820251465,True,,,False
1211,1.6005859375,1.630859375,1.61572265625,-50.45572916666667,True,1.0190678440765517,0.38756752014160156,True,,,False
1212,1.60546875,1.5703125,1.587890625,58.59375000000001,True,1.183482095750779,0.38744020462036133,True,,,False
1213,1.634765625,1.67578125,1.6552734375,-68.359375,True,1.3807585297917262,0.49963951110839844,True,,,False
1214,1.583984375,1.5908203125,1.58740234375,-11.393229166666668,True,0.23010883628512585,0.4045374393463135,True,,,False
1215,1.583984375,1.580078125,1.58203125,6.510416666666667,True,0.13149044022018275,0.3869636058807373,True,,,False
1216,1.537109375,1.599609375,1.568359375,-104.16666666666667,True,2.103927200452681,0.3972594738006592,True,,,False
1217,1.5869140625,1.5859375,1.58642578125,1.6276041666666667,True,0.03287385530015853,0.39273977279663086,True,,,False
1218,1.5927734375,1.5302734375,1.5615234375,104.16666666666667,True,2.10377162802568,0.3879854679107666,True,,,False
1219,1.5771484375,1.53125,1.55419921875,76.49739583333334,True,1.5450063200659585,0.3882772922515869,True,,,False
1220,1.5927734375,1.640625,1.61669921875,-79.75260416666667,True,1.6107118554742972,0.3984513282775879,True,,,False
1221,1.5966796875,1.6083984375,1.6025390625,-19.53125,True,0.3944870285749273,0.38414716720581055,True,,,False
1222,1.5537109375,1.5712890625,1.5625,-29.296875000000004,True,0.5916991545106391,0.38798069953918457,True,,,False
1223,1.626953125,1.61328125,1.6201171875,22.786458333333336,True,0.4602364275007368,0.398129940032959,True,,,False
1224,1.5712890625,1.583984375,1.57763671875,-21.158854166666668,True,0.4273720221101089,0.3861258029937744,True,,,False
1225,1.5693359375,1.583984375,1.57666015625,-24.414062500000004,True,0.49310018821587714,0.39351749420166016,True,,,False
1226,1.5673828125,1.5869140625,1.5771484375,-32.552083333333336,True,0.6574505803786872,0.394711971282959,True,,,False
1227,1.541015625,1.560546875,1.55078125,-32.552083333333336,True,0.6574785962372321,0.4039459228515625,True,,,False
1228,1.5703125,1.5810546875,1.57568359375,-17.903645833333336,True,0.3616229138223408,0.38939762115478516,True,,,False
1229,1.58203125,1.580078125,1.5810546875,3.2552083333333335,True,0.0657457691414388,0.39125919342041016,True,,,False
1230,1.591796875,1.560546875,1.576171875,52.083333333333336,True,1.051913894978386,0.3979759216308594,True,,,False
1231,1.6689453125,1.6455078125,1.6572265625,39.0625,True,0.7889547579911594,0.38249731063842773,True,,,False
1232,1.541015625,1.5517578125,1.54638671875,-17.903645833333336,True,0.3616119535776572,0.38604211807250977,True,,,False
1233,1.53125,1.564453125,1.5478515625,-55.33854166666667,True,1.1176777925997565,0.384021520614624,True,,,False
1234,1.5400390625,1.52734375,1.53369140625,21.158854166666668,True,0.42735393290309254,0.39060521125793457,True,,,False
1235,1.63671875,1.6025390625,1.61962890625,56.966145833333336,True,1.1505966737158742,0.38710665702819824,True,,,False
1236,1.5537109375,1.53515625,1.54443359375,30.924479166666668,True,0.6246047019253248,0.3844339847564697,True,,,False
1237,1.5615234375,1.501953125,1.53173828125,99.28385416666667,True,2.0053505200837543,0.3932051658630371,True,,,False
1238,1.5625,1.548828125,1.5556640625,22.786458333333336,True,0.4602323988886294,0.38813114166259766,True,,,False
1239,1.6259765625,1.5732421875,1.599609375,87.89062500000001,True,1.7753086619884457,0.386211633682251,True,,,False
1240,1.6181640625,1.6015625,1.60986328125,27.669270833333336,True,0.5588452687449943,0.3911468982696533,True,,,False
1241,1.619140625,1.6357421875,1.62744140625,-27.669270833333336,True,0.5588302282137212,0.3874166011810303,True,,,False
1242,1.5859375,1.5419921875,1.56396484375,73.2421875,True,1.479294636271311,0.38589906692504883,True,,,False
1243,1.5634765625,1.556640625,1.56005859375,11.393229166666668,True,0.23010712964434363,0.38432931900024414,True,,,False
1244,1.5908203125,1.6103515625,1.6005859375,-32.552083333333336,True,0.6574673819111969,0.3917660713195801,True,,,False
1245,1.591796875,1.576171875,1.583984375,26.041666666666668,True,0.5259629625658478,0.38428425788879395,True,,,False
1246,1.5654296875,1.56640625,1.56591796875,-1.6276041666666667,True,0.032873884524304536,0.3826868534088135,True,,,False
1247,1.5732421875,1.5869140625,1.580078125,-22.786458333333336,True,0.46023267466920303,0.3951301574707031,True,,,False
1248,1.5322265625,1.544921875,1.53857421875,-21.158854166666668,True,0.4273771832249428,0.38403964042663574,True,,,False
1249,1.5810546875,1.5224609375,1.5517578125,97.65625000000001,True,1.9723666235617503,0.38560914993286133,True,,,False
1250,1.556640625,1.583984375,1.5703125,-45.57291666666667,True,0.9204723669330058,0.39333248138427734,True,,,False
1251,1.5859375,1.625,1.60546875,-65.10416666666667,True,1.315019191315787,0.3824493885040283,True,,,False
1252,1.6201171875,1.6533203125,1.63671875,-55.33854166666667,True,1.1177353841634308,0.3827037811279297,True,,,False
1253,1.5048828125,1.4970703125,1.5009765625,13.020833333333334,True,0.2629930196700446,0.3843982219696045,True,,,False
1254,1.5693359375,1.5595703125,1.564453125,16.276041666666668,True,0.3287421570368563,0.3952183723449707,True,,,False
1255,1.6025390625,1.5986328125,1.6005859375,6.510416666666667,True,0.1314897689569052,0.38593435287475586,True,,,False
1256,1.57421875,1.564453125,1.5693359375,16.276041666666668,True,0.32873879016625684,0.3837926387786865,True,,,False
1257,1.5576171875,1.544921875,1.55126953125,21.158854166666668,True,0.42736116859662465,0.3970012664794922,True,,,False
1258,1.595703125,1.5888671875,1.59228515625,11.393229166666668,True,0.2301054547741082,0.388150691986084,True,,,False
1259,1.5751953125,1.5810546875,1.578125,-9.765625,True,0.19723719666504605,0.38637518882751465,True,,,False
1260,1.560546875,1.5625,1.5615234375,-3.2552083333333335,True,0.06574881354347989,0.3874194622039795,True,,,False
1261,1.6162109375,1.6259765625,1.62109375,-16.276041666666668,True,0.32875069629507525,0.39105939865112305,True,,,False
1262,1.611328125,1.5947265625,1.60302734375,27.669270833333336,True,0.5588519683619482,0.3866596221923828,True,,,False
1263,1.57421875,1.603515625,1.5888671875,-48.82812500000001,True,0.9861825201449045,0.38529324531555176,True,,,False
1264,1.494140625,1.4912109375,1.49267578125,4.8828125,True,0.09861811829079835,0.40056276321411133,True,,,False
1265,1.716796875,1.708984375,1.712890625,13.020833333333334,True,0.26298558438075226,0.38506007194519043,True,,,False
1266,1.5966796875,1.6015625,1.59912109375,-8.138020833333334,True,0.1643681549869545,0.3877847194671631,True,,,False
1267,1.4921875,1.4794921875,1.48583984375,21.158854166666668,True,0.4273720012360115,0.3911769390106201,True,,,False
1268,1.5986328125,1.5888671875,1.59375,16.276041666666668,True,0.32873453829348526,0.3881373405456543,True,,,False
1269,1.5322265625,1.5400390625,1.5361328125,-13.020833333333334,True,0.26297393372797867,0.3824887275695801,True,,,False
1270,1.6435546875,1.6181640625,1.630859375,42.317708333333336,True,0.8546947364699494,0.38492751121520996,True,,,False
1271,1.6005859375,1.5869140625,1.59375,22.786458333333336,True,0.46024297652071533,0.38933324813842773,True,,,False
1272,1.5224609375,1.5908203125,1.556640625,-113.93229166666667,True,2.301167878275389,0.3869776725769043,True,,,False
1273,1.4912109375,1.4912109375,1.4912109375,0.0,True,0.0,0.38649511337280273,True,,,False
1274,1.6298828125,1.6416015625,1.6357421875,-19.53125,True,0.3944853100616383,0.3952162265777588,True,,,False
1275,1.55078125,1.5400390625,1.54541015625,17.903645833333336,True,0.36159922730484634,0.38393187522888184,True,,,False
1276,1.57421875,1.556640625,1.5654296875,29.296875000000004,True,0.5916782022887248,0.38470983505249023,True,,,False
1277,1.5732421875,1.5634765625,1.568359375,16.276041666666668,True,0.32873831084455385,0.3831472396850586,True,,,False
1278,1.5390625,1.5380859375,1.53857421875,1.6276041666666667,True,0.0328721846074574,0.38917088508605957,True,,,False
1279,1.546875,1.53515625,1.541015625,19.53125,True,0.3944763435196125,0.3813166618347168,True,,,False
1280,1.5341796875,1.5380859375,1.5361328125,-6.510416666666667,True,0.13148463675930575,0.3846282958984375,True,,,False
1281,1.6279296875,1.6201171875,1.6240234375,13.020833333333334,True,0.2629957962354394,0.399219274520874,True,,,False
1282,1.53125,1.5263671875,1.52880859375,8.138020833333334,True,0.16436728671714393,0.38947010040283203,True,,,False
1283,1.6083984375,1.5888671875,1.5986328125,32.552083333333336,True,0.6574791527506575,0.38901615142822266,True,,,False
1284,1.6005859375,1.5859375,1.59326171875,24.414062500000004,True,0.4931168450240206,0.3949155807495117,True,,,False
1285,1.5478515625,1.560546875,1.55419921875,-21.158854166666668,True,0.42734163487290683,0.3850419521331787,True,,,False
1286,1.498046875,1.490234375,1.494140625,13.020833333333334,True,0.2630055320374426,0.38538551330566406,True,,,False
1287,1.546875,1.5654296875,1.55615234375,-30.924479166666668,True,0.6246320688597057,0.38609838485717773,True,,,False
1288,1.5595703125,1.5673828125,1.5634765625,-13.020833333333334,True,0.262986096848935,0.39588427543640137,True,,,False
1289,1.5146484375,1.5439453125,1.529296875,-48.82812500000001,True,0.9861987562420527,0.3869597911834717,True,,,False
1290,1.5830078125,1.603515625,1.59326171875,-34.1796875,True,0.6903396803042109,0.39446282386779785,True,,,False
1291,1.5478515625,1.5048828125,1.5263671875,71.61458333333334,True,1.4464624217596271,0.3919837474822998,True,,,False
1292,1.529296875,1.529296875,1.529296875,0.0,True,0.0,0.38384127616882324,True,,,False
1293,1.5791015625,1.576171875,1.57763671875,4.8828125,True,0.09862388563390882,0.38460683822631836,True,,,False
1294,1.583984375,1.576171875,1.580078125,13.020833333333334,True,0.26298344168887783,0.38431596755981445,True,,,False
1295,1.5498046875,1.54296875,1.54638671875,11.393229166666668,True,0.23012064462234252,0.38228797912597656,True,,,False
1296,1.546875,1.5654296875,1.55615234375,-30.924479166666668,True,0.62459993122494,0.38381028175354004,True,,,False
1297,1.599609375,1.6005859375,1.60009765625,-1.6276041666666667,True,0.03287280221934422,0.3840956687927246,True,,,False
1298,1.58203125,1.5693359375,1.57568359375,21.158854166666668,True,0.42733867789973784,0.3916287422180176,True,,,False
1299,1.5576171875,1.5703125,1.56396484375,-21.158854166666668,True,0.4273845263283186,0.3828718662261963,True,,,False
1300,1.6513671875,1.6240234375,1.6376953125,45.57291666666667,True,0.920535983116348,0.38449764251708984,True,,,False
1301,1.5791015625,1.5810546875,1.580078125,-3.2552083333333335,True,0.06574854000449189,0.550959587097168,True,,,False
1302,1.51171875,1.5224609375,1.51708984375,-17.903645833333336,True,0.3615997780415299,0.38117122650146484,True,,,False
1303,1.505859375,1.5322265625,1.51904296875,-43.94531250000001,True,0.8875483571932726,0.38530516624450684,True,,,False
1304,1.595703125,1.56640625,1.5810546875,48.82812500000001,True,0.9862258278892219,0.3966946601867676,True,,,False
1305,1.5341796875,1.5185546875,1.5263671875,26.041666666666668,True,0.5259971258554285,0.3822312355041504,True,,,False
1306,1.5810546875,1.6044921875,1.5927734375,-39.0625,True,0.7889184287818612,0.3890254497528076,True,,,False
1307,1.6357421875,1.6376953125,1.63671875,-3.2552083333333335,True,0.06574997917678331,0.5057063102722168,True,,,False
1308,1.5400390625,1.5556640625,1.5478515625,-26.041666666666668,True,0.5259671810215102,0.39336419105529785,True,,,False
1309,1.671875,1.6171875,1.64453125,91.14583333333334,True,1.8409703019075097,0.38568878173828125,True,,,False
1310,1.529296875,1.54296875,1.5361328125,-22.786458333333336,True,0.46023499830723785,0.3861088752746582,True,,,False
1311,1.5546875,1.5380859375,1.54638671875,27.669270833333336,True,0.5588765025386766,0.39165306091308594,True,,,False
1312,1.5322265625,1.5830078125,1.5576171875,-84.63541666666667,True,1.7093896115784946,0.3863792419433594,True,,,False
1313,1.55859375,1.6044921875,1.58154296875,-76.49739583333334,True,1.5451681586654562,0.3857240676879883,True,,,False
1314,1.5439453125,1.59765625,1.57080078125,-89.51822916666667,True,1.8080559590861596,0.39636802673339844,True,,,False
1315,1.619140625,1.619140625,1.619140625,0.0,True,0.0,0.3899860382080078,True,,,False
1316,1.638671875,1.6015625,1.6201171875,61.848958333333336,True,1.2490969611886018,0.3828549385070801,True,,,False
1317,1.5498046875,1.5419921875,1.5458984375,13.020833333333334,True,0.2629913530606338,0.39481115341186523,True,,,False
1318,1.517578125,1.4619140625,1.48974609375,92.77343750000001,True,1.8737437842773828,0.3848285675048828,True,,,False
1319,1.62109375,1.6298828125,1.62548828125,-14.648437500000002,True,0.2958633286715154,0.3895609378814697,True,,,False
1320,1.58984375,1.5966796875,1.59326171875,-11.393229166666668,True,0.2301219547868003,0.38782382011413574,True,,,False
1321,1.5419921875,1.55859375,1.55029296875,-27.669270833333336,True,0.5588337847848288,0.3897740840911865,True,,,False
1322,1.5859375,1.5849609375,1.58544921875,1.6276041666666667,True,0.032872583790035215,0.38251781463623047,True,,,False
1323,1.5888671875,1.591796875,1.59033203125,-4.8828125,True,0.09861852226209528,0.38562774658203125,True,,,False
1324,1.5927734375,1.5986328125,1.595703125,-9.765625,True,0.19723483971327885,0.3944270610809326,True,,,False
1325,1.5810546875,1.583984375,1.58251953125,-4.8828125,True,0.09862118336618528,0.38584017753601074,True,,,False
1326,1.572265625,1.52734375,1.5498046875,74.86979166666667,True,1.5121600765484087,0.3863706588745117,True,,,False
1327,1.6435546875,1.5869140625,1.615234375,94.40104166666667,True,1.9066315706178179,0.3947463035583496,True,,,False
1328,1.55859375,1.5576171875,1.55810546875,1.6276041666666667,True,0.03287237537310641,0.3841114044189453,True,,,False
1329,1.5791015625,1.62109375,1.60009765625,-69.98697916666667,True,1.4136016661656283,0.3870234489440918,True,,,False
1330,1.5185546875,1.5419921875,1.5302734375,-39.0625,True,0.7889821907452904,0.3911266326904297,True,,,False
1331,1.6123046875,1.642578125,1.62744140625,-50.45572916666667,True,1.0190724087526237,0.37282681465148926,True,,,False
1332,1.640625,1.681640625,1.6611328125,-68.359375,True,1.3805871942800925,0.392871618270874,True,,,False
1333,1.55859375,1.5849609375,1.57177734375,-43.94531250000001,True,0.8875656030798361,0.3903470039367676,True,,,False
1334,1.54296875,1.5556640625,1.54931640625,-21.158854166666668,True,0.4273509023046712,0.39862775802612305,True,,,False
1335,1.583984375,1.6005859375,1.59228515625,-27.669270833333336,True,0.5588349056380135,0.3867368698120117,True,,,False
1336,1.568359375,1.5546875,1.5615234375,22.786458333333336,True,0.4602356345195205,0.38373279571533203,True,,,False
1337,1.595703125,1.578125,1.5869140625,29.296875000000004,True,0.5917042470090805,0.39421772956848145,True,,,False
1338,1.6025390625,1.6181640625,1.6103515625,-26.041666666666668,True,0.5259745465115124,0.387312650680542,True,,,False
1339,1.615234375,1.5859375,1.6005859375,48.82812500000001,True,0.9862165469284999,0.3844335079193115,True,,,False
1340,1.560546875,1.5927734375,1.57666015625,-53.71093750000001,True,1.084830203497874,0.39156532287597656,True,,,False
1341,1.669921875,1.6416015625,1.65576171875,47.200520833333336,True,0.9533720490216981,0.3871033191680908,True,,,False
1342,1.552734375,1.58984375,1.5712890625,-61.848958333333336,True,1.2491739004242053,0.3883848190307617,True,,,False
1343,1.591796875,1.5693359375,1.58056640625,37.434895833333336,True,0.7560889973903651,0.38730859756469727,True,,,False
1344,1.52734375,1.515625,1.521484375,19.53125,True,0.39445188479797477,0.39281678199768066,True,,,False
1345,1.5791015625,1.640625,1.60986328125,-102.53906250000001,True,2.071107533567893,0.39251136779785156,True,,,False
1346,1.5908203125,1.5751953125,1.5830078125,26.041666666666668,True,0.5259546131787315,0.39108800888061523,True,,,False
1347,1.56640625,1.587890625,1.5771484375,-35.80729166666667,True,0.7232250395602912,0.39766550064086914,True,,,False
1348,1.5107421875,1.5419921875,1.5263671875,-52.083333333333336,True,1.0519266972362273,0.3892536163330078,True,,,False
1349,1.5078125,1.53125,1.51953125,-39.0625,True,0.7889216024919063,0.3870205879211426,True,,,False
1350,1.6630859375,1.6748046875,1.6689453125,-19.53125,True,0.39446748515535407,0.39344310760498047,True,,,False
1351,1.5439453125,1.5322265625,1.5380859375,19.53125,True,0.39449409211135705,0.4022085666656494,True,,,False
1352,1.634765625,1.59765625,1.6162109375,61.848958333333336,True,1.2491944787376756,0.38869380950927734,True,,,False
1353,1.5751953125,1.576171875,1.57568359375,-1.6276041666666667,True,0.03287456389597701,0.3903465270996094,True,,,False
1354,1.5625,1.5517578125,1.55712890625,17.903645833333336,True,0.3616126081547497,0.3964250087738037,True,,,False
1355,1.56640625,1.58984375,1.578125,-39.0625,True,0.7889580236727175,0.3874177932739258,True,,,False
1356,1.5859375,1.5498046875,1.56787109375,60.22135416666667,True,1.2163392969028797,0.3867316246032715,True,,,False
1357,1.5517578125,1.552734375,1.55224609375,-1.6276041666666667,True,0.03287454974490168,0.3975381851196289,True,,,False
1358,1.5673828125,1.556640625,1.56201171875,17.903645833333336,True,0.36160324572720776,0.38814520835876465,True,,,False
1359,1.5986328125,1.560546875,1.57958984375,63.47656250000001,True,1.2820554693859236,0.3917708396911621,True,,,False
1360,1.525390625,1.54296875,1.5341796875,-29.296875000000004,True,0.5916924298428956,0.3899409770965576,True,,,False
1361,1.55859375,1.5400390625,1.54931640625,30.924479166666668,True,0.6245881163662275,0.3948025703430176,True,,,False
1362,1.546875,1.5498046875,1.54833984375,-4.8828125,True,0.09862108312880141,0.3850216865539551,True,,,False
1363,1.5849609375,1.58203125,1.58349609375,4.8828125,True,0.09862406178345962,0.3857541084289551,True,,,False
1364,1.6142578125,1.6171875,1.61572265625,-4.8828125,True,0.09862298685710566,0.404522180557251,True,,,False
1365,1.552734375,1.5478515625,1.55029296875,8.138020833333334,True,0.16436140635414284,0.3872520923614502,True,,,False
1366,1.578125,1.58984375,1.583984375,-19.53125,True,0.3945055333241259,0.3887324333190918,True,,,False
1367,1.55078125,1.5537109375,1.55224609375,-4.8828125,True,0.09862305704331148,0.38712549209594727,True,,,False
1368,1.5322265625,1.546875,1.53955078125,-24.414062500000004,True,0.4930895026456973,0.3937242031097412,True,,,False
1369,1.6201171875,1.568359375,1.59423828125,86.26302083333334,True,1.742270170346876,0.3933687210083008,True,,,False
1370,1.5458984375,1.556640625,1.55126953125,-17.903645833333336,True,0.36159535046820274,0.386934757232666,True,,,False
1371,1.52734375,1.5283203125,1.52783203125,-1.6276041666666667,True,0.03287207262823694,0.4030492305755615,True,,,False
1372,1.55078125,1.552734375,1.5517578125,-3.2552083333333335,True,0.06574673177106269,0.38634276390075684,True,,,False
1373,1.560546875,1.5693359375,1.56494140625,-14.648437500000002,True,0.2958705054089201,0.3861420154571533,True,,,False
1374,1.552734375,1.5654296875,1.55908203125,-21.158854166666668,True,0.427362686541922,0.3907511234283447,True,,,False
1375,1.6015625,1.5703125,1.5859375,52.083333333333336,True,1.0519237291237453,0.38965868949890137,True,,,False
1376,1.576171875,1.546875,1.5615234375,48.82812500000001,True,0.9861808667642432,0.5276343822479248,True,,,False
1377,1.5048828125,1.494140625,1.49951171875,17.903645833333336,True,0.36161896177171393,0.39394354820251465,True,,,False
1378,1.5498046875,1.5185546875,1.5341796875,52.083333333333336,True,1.0519965870093415,0.38451671600341797,True,,,False
1379,1.6044921875,1.6240234375,1.6142578125,-32.552083333333336,True,0.6574727144301064,0.3860466480255127,True,,,False
1380,1.5283203125,1.498046875,1.51318359375,50.45572916666667,True,1.019043061376721,0.3844313621520996,True,,,False
1381,1.6123046875,1.662109375,1.63720703125,-83.00781250000001,True,1.6766172759713625,0.39830780029296875,True,,,False
1382,1.5576171875,1.5888671875,1.5732421875,-52.083333333333336,True,1.0519358633708669,0.38610363006591797,True,,,False
1383,1.5869140625,1.5791015625,1.5830078125,13.020833333333334,True,0.26297153313543536,0.385235071182251,True,,,False
1384,1.5654296875,1.59765625,1.58154296875,-53.71093750000001,True,1.0847877619354163,0.394791841506958,True,,,False
1385,1.5615234375,1.5615234375,1.5615234375,0.0,True,0.0,0.38672661781311035,True,,,False
1386,1.6044921875,1.5810546875,1.5927734375,39.0625,True,0.7889684222042133,0.40526318550109863,True,,,False
1387,1.630859375,1.6103515625,1.62060546875,34.1796875,True,0.6903426942896851,0.39429759979248047,True,,,False
1388,1.52734375,1.53125,1.529296875,-6.510416666666667,True,0.13148955876539178,0.387160062789917,True,,,False
1389,1.5546875,1.533203125,1.5439453125,35.80729166666667,True,0.7231867619533635,0.388897180557251,True,,,False
1390,1.591796875,1.62109375,1.6064453125,-48.82812500000001,True,0.9862080510539468,0.3851914405822754,True,,,False
1391,1.5830078125,1.5693359375,1.576171875,22.786458333333336,True,0.46024118557578664,0.39435362815856934,True,,,False
1392,1.5625,1.5634765625,1.56298828125,-1.6276041666666667,True,0.032873679637978416,0.4765465259552002,True,,,False
1393,1.5771484375,1.5703125,1.57373046875,11.393229166666668,True,0.2301023439815839,0.3972926139831543,True,,,False
1394,1.6337890625,1.6650390625,1.6494140625,-52.083333333333336,True,1.051937517709844,0.39035749435424805,True,,,False
1395,1.5693359375,1.55078125,1.56005859375,30.924479166666668,True,0.6245791484440091,0.3932762145996094,True,,,False
1396,1.548828125,1.5771484375,1.56298828125,-47.200520833333336,True,0.9533064144381685,0.4003920555114746,True,,,False
1397,1.5625,1.5634765625,1.56298828125,-1.6276041666666667,True,0.032874703428272686,0.39758729934692383,True,,,False
1398,1.5625,1.5556640625,1.55908203125,11.393229166666668,True,0.23010496477497347,0.3842892646789551,True,,,False
1399,1.5703125,1.578125,1.57421875,-13.020833333333334,True,0.2629689238053863,0.3858051300048828,True,,,False
1400,1.5166015625,1.4990234375,1.5078125,29.296875000000004,True,0.5916936985505636,0.39316439628601074,True,,,False
1401,1.630859375,1.6337890625,1.63232421875,-4.8828125,True,0.09861765139284054,0.5642316341400146,True,,,False
1402,1.625,1.6318359375,1.62841796875,-11.393229166666668,True,0.23012302645979008,0.3847639560699463,True,,,False
1403,1.62890625,1.603515625,1.6162109375,42.317708333333336,True,0.8546949527293425,0.3930625915527344,True,,,False
1404,1.587890625,1.58203125,1.5849609375,9.765625,True,0.19724168125586888,0.3893594741821289,True,,,False
1405,1.5576171875,1.5947265625,1.576171875,-61.848958333333336,True,1.2492532664093077,0.38486695289611816,True,,,False
1406,1.5693359375,1.5751953125,1.572265625,-9.765625,True,0.19724119242273785,0.3904085159301758,True,,,False
1407,1.623046875,1.6123046875,1.61767578125,17.903645833333336,True,0.36160797151364066,0.39376211166381836,True,,,False
1408,1.5224609375,1.51953125,1.52099609375,4.8828125,True,0.09862386536724913,0.38828587532043457,True,,,False
1409,1.54296875,1.5546875,1.548828125,-19.53125,True,0.3944764509745428,0.38951873779296875,True,,,False
1410,1.6171875,1.6240234375,1.62060546875,-11.393229166666668,True,0.230118336475383,0.3941185474395752,True,,,False
1411,1.5625,1.55078125,1.556640625,19.53125,True,0.394478919581571,0.393585205078125,True,,,False
1412,1.5576171875,1.607421875,1.58251953125,-83.00781250000001,True,1.6764953801358802,0.3867299556732178,True,,,False
1413,1.578125,1.6123046875,1.59521484375,-56.966145833333336,True,1.150587473585716,0.38466477394104004,True,,,False
1414,1.595703125,1.625,1.6103515625,-48.82812500000001,True,0.9861902768708942,0.3999192714691162,True,,,False
1415,1.568359375,1.55078125,1.5595703125,29.296875000000004,True,0.5917492380080264,0.39042234420776367,True,,,False
1416,1.5634765625,1.546875,1.55517578125,27.669270833333336,True,0.5588727117471393,0.38797998428344727,True,,,False
1417,1.5869140625,1.57421875,1.58056640625,21.158854166666668,True,0.4273625260719659,0.39116621017456055,True,,,False
1418,1.5625,1.525390625,1.5439453125,61.848958333333336,True,1.2491772748641232,0.3846726417541504,True,,,False
1419,1.6103515625,1.6083984375,1.609375,3.2552083333333335,True,0.06574632649688913,0.38471508026123047,True,,,False
1420,1.568359375,1.5859375,1.5771484375,-29.296875000000004,True,0.5917264078238925,0.3916006088256836,True,,,False
1421,1.5849609375,1.59375,1.58935546875,-14.648437500000002,True,0.29587694094354894,0.3877596855163574,True,,,False
1422,1.556640625,1.568359375,1.5625,-19.53125,True,0.3944976278410764,0.3857612609863281,True,,,False
1423,1.6767578125,1.62890625,1.65283203125,79.75260416666667,True,1.6108553308379452,0.38592052459716797,True,,,False
1424,1.5947265625,1.6044921875,1.599609375,-16.276041666666668,True,0.32874151675708824,0.3927459716796875,True,,,False
1425,1.5234375,1.552734375,1.5380859375,-48.82812500000001,True,0.9862882421766008,0.3843119144439697,True,,,False
1426,1.578125,1.5634765625,1.57080078125,24.414062500000004,True,0.49308559107473765,0.39077281951904297,True,,,False
1427,1.57421875,1.5478515625,1.56103515625,43.94531250000001,True,0.8875500989240979,0.39590954780578613,True,,,False
1428,1.595703125,1.5791015625,1.58740234375,27.669270833333336,True,0.5588511240976296,0.3880116939544678,True,,,False
1429,1.60546875,1.580078125,1.5927734375,42.317708333333336,True,0.8547226093134598,0.3846268653869629,True,,,False
1430,1.5693359375,1.56640625,1.56787109375,4.8828125,True,0.09861342259792673,0.38973045349121094,True,,,False
1431,1.6494140625,1.6435546875,1.646484375,9.765625,True,0.19724444494285118,0.3921201229095459,True,,,False
1432,1.544921875,1.5361328125,1.54052734375,14.648437500000002,True,0.29586945600439307,0.3921511173248291,True,,,False
1433,1.5947265625,1.578125,1.58642578125,27.669270833333336,True,0.5588533691230363,0.3875694274902344,True,,,False
1434,1.5673828125,1.5322265625,1.5498046875,58.59375000000001,True,1.1835309920954775,0.3951249122619629,True,,,False
1435,1.521484375,1.541015625,1.53125,-32.552083333333336,True,0.6574600651772906,0.38541412353515625,True,,,False
1436,1.5625,1.568359375,1.5654296875,-9.765625,True,0.19723953669404676,0.38891148567199707,True,,,False
1437,1.54296875,1.541015625,1.5419921875,3.2552083333333335,True,0.06574517781545026,0.40224766731262207,True,,,False
1438,1.5263671875,1.52734375,1.52685546875,-1.6276041666666667,True,0.03287142428218853,0.38872432708740234,True,,,False
1439,1.5908203125,1.525390625,1.55810546875,109.04947916666667,True,2.2025025211014135,0.39134740829467773,True,,,False
1440,1.5869140625,1.5927734375,1.58984375,-9.765625,True,0.19724062763151412,0.39015865325927734,True,,,False
1441,1.6171875,1.607421875,1.6123046875,16.276041666666668,True,0.32872841422001003,0.3973729610443115,True,,,False
1442,1.5615234375,1.58984375,1.57568359375,-47.200520833333336,True,0.9533557435846114,0.3885221481323242,True,,,False
1443,1.552734375,1.544921875,1.548828125,13.020833333333334,True,0.26298207657697426,0.3855297565460205,True,,,False
1444,1.6298828125,1.6728515625,1.6513671875,-71.61458333333334,True,1.4463954116898319,0.3977334499359131,True,,,False
1445,1.5302734375,1.5556640625,1.54296875,-42.317708333333336,True,0.8547605372202514,0.383685827255249,True,,,False
1446,1.541015625,1.595703125,1.568359375,-91.14583333333334,True,1.8408431103072935,0.3840019702911377,True,,,False
1447,1.556640625,1.5478515625,1.55224609375,14.648437500000002,True,0.29585426940152376,0.39418840408325195,True,,,False
1448,1.583984375,1.5615234375,1.57275390625,37.434895833333336,True,0.7561228477204756,0.38634514808654785,True,,,False
1449,1.5537109375,1.546875,1.55029296875,11.393229166666668,True,0.2301051819913399,0.3844141960144043,True,,,False
1450,1.56640625,1.529296875,1.5478515625,61.848958333333336,True,1.2492201409926158,0.3848304748535156,True,,,False
1451,1.5390625,1.5546875,1.546875,-26.041666666666668,True,0.525988490555556,0.39408206939697266,True,,,False
1452,1.712890625,1.810546875,1.76171875,-162.76041666666669,True,3.2873728997773974,0.3692765235900879,True,,,False
1453,1.599609375,1.5927734375,1.59619140625,11.393229166666668,True,0.23012726974137915,0.38622164726257324,True,,,False
1454,1.599609375,1.6142578125,1.60693359375,-24.414062500000004,True,0.4930970791137155,0.3964717388153076,True,,,False
1455,1.5947265625,1.591796875,1.59326171875,4.8828125,True,0.09861865719834342,0.3859281539916992,True,,,False
1456,1.5830078125,1.5703125,1.57666015625,21.158854166666668,True,0.42738007460203187,0.38525867462158203,True,,,False
1457,1.6337890625,1.6396484375,1.63671875,-9.765625,True,0.19723554400235332,0.38431882858276367,True,,,False
1458,1.6044921875,1.572265625,1.58837890625,53.71093750000001,True,1.084824162712089,0.3999922275543213,True,,,False
1459,1.5693359375,1.580078125,1.57470703125,-17.903645833333336,True,0.36161797023166287,0.3861417770385742,True,,,False
1460,1.5244140625,1.5458984375,1.53515625,-35.80729166666667,True,0.7232697952803501,0.38700366020202637,True,,,False
1461,1.583984375,1.576171875,1.580078125,13.020833333333334,True,0.2629881003821471,0.3965144157409668,True,,,False
1462,1.548828125,1.52734375,1.5380859375,35.80729166666667,True,0.7232372808267168,0.38951849937438965,True,,,False
1463,1.5712890625,1.5556640625,1.5634765625,26.041666666666668,True,0.5259898570318975,0.38408589363098145,True,,,False
1464,1.591796875,1.5498046875,1.57080078125,69.98697916666667,True,1.4134328248773256,0.39783143997192383,True,,,False
1465,1.5966796875,1.609375,1.60302734375,-21.158854166666668,True,0.42735962019243134,0.38524651527404785,True,,,False
1466,1.5947265625,1.625,1.60986328125,-50.45572916666667,True,1.0190828748390486,0.38844847679138184,True,,,False
1467,1.5595703125,1.58203125,1.57080078125,-37.434895833333336,True,0.7561087560751384,0.3846771717071533,True,,,False
1468,1.6044921875,1.6259765625,1.615234375,-35.80729166666667,True,0.7231986083224492,0.39508843421936035,True,,,False
1469,1.5595703125,1.5673828125,1.5634765625,-13.020833333333334,True,0.2629972758858615,0.385664701461792,True,,,False
1470,1.5654296875,1.6015625,1.58349609375,-60.22135416666667,True,1.2163800261716415,0.3860347270965576,True,,,False
1471,1.640625,1.6669921875,1.65380859375,-43.94531250000001,True,0.8876129310591954,0.399259090423584,True,,,False
1472,1.599609375,1.6396484375,1.61962890625,-66.73177083333334,True,1.347832551127256,0.39337849617004395,True,,,False
1473,1.5390625,1.55078125,1.544921875,-19.53125,True,0.3944826215104541,0.498105525970459,True,,,False
1474,1.60546875,1.6298828125,1.61767578125,-40.69010416666667,True,0.8218466290977999,0.4081718921661377,True,,,False
1475,1.4990234375,1.54296875,1.52099609375,-73.2421875,True,1.4792448220182353,0.38465380668640137,True,,,False
1476,1.5576171875,1.5478515625,1.552734375,16.276041666666668,True,0.32873101557687195,0.38350534439086914,True,,,False
1477,1.51953125,1.51953125,1.51953125,0.0,True,0.0,0.3820662498474121,True,,,False
1478,1.552734375,1.5419921875,1.54736328125,17.903645833333336,True,0.36163280953881954,0.3985316753387451,True,,,False
1479,1.6455078125,1.654296875,1.64990234375,-14.648437500000002,True,0.29585481760241134,0.385939359664917,True,,,False
1480,1.576171875,1.572265625,1.57421875,6.510416666666667,True,0.13148940803950504,0.38485193252563477,True,,,False
1481,1.5361328125,1.5078125,1.52197265625,47.200520833333336,True,0.9533487176782819,0.3963797092437744,True,,,False
1482,1.544921875,1.552734375,1.548828125,-13.020833333333334,True,0.26298584131470315,0.3833024501800537,True,,,False
1483,1.5439453125,1.556640625,1.55029296875,-21.158854166666668,True,0.42735444409937523,0.3856492042541504,True,,,False
1484,1.556640625,1.58203125,1.5693359375,-42.317708333333336,True,0.8547112044868147,0.3953838348388672,True,,,False
1485,1.5107421875,1.5888671875,1.5498046875,-130.20833333333334,True,2.629752357804043,0.3864247798919678,True,,,False
1486,1.580078125,1.599609375,1.58984375,-32.552083333333336,True,0.6574777747763394,0.3915412425994873,True,,,False
1487,1.5751953125,1.6220703125,1.5986328125,-78.125,True,1.57786696058724,0.38591814041137695,True,,,False
1488,1.60546875,1.615234375,1.6103515625,-16.276041666666668,True,0.32873527140918213,0.4015922546386719,True,,,False
1489,1.6005859375,1.5791015625,1.58984375,35.80729166666667,True,0.723213570705174,0.4074850082397461,True,,,False
1490,1.6044921875,1.587890625,1.59619140625,27.669270833333336,True,0.5587855228619226,0.3888740539550781,True,,,False
1491,1.580078125,1.52734375,1.5537109375,87.89062500000001,True,1.7751063062714243,0.39366888999938965,True,,,False
1492,1.5517578125,1.5498046875,1.55078125,3.2552083333333335,True,0.06575076915059001,0.38694000244140625,True,,,False
1493,1.5947265625,1.5634765625,1.5791015625,52.083333333333336,True,1.0519599922246203,0.39081549644470215,True,,,False
1494,1.5615234375,1.5390625,1.55029296875,37.434895833333336,True,0.7561039772676063,0.3975074291229248,True,,,False
1495,1.61328125,1.6279296875,1.62060546875,-24.414062500000004,True,0.49308377967975725,0.38636183738708496,True,,,False
1496,1.56640625,1.5634765625,1.56494140625,4.8828125,True,0.09862285805991326,0.3881857395172119,True,,,False
1497,1.5537109375,1.5771484375,1.5654296875,-39.0625,True,0.7889359497294736,0.38832759857177734,True,,,False
1498,1.5234375,1.5322265625,1.52783203125,-14.648437500000002,True,0.29584572199790177,0.39281725883483887,True,,,False
1499,1.6240234375,1.62109375,1.62255859375,4.8828125,True,0.0986198572502223,0.38674354553222656,True,,,False
1500,1.634765625,1.615234375,1.625,32.552083333333336,True,0.6574329485779128,3.1890249252319336,True,1.5660220286885247,0.2810304449648712,False
1501,1.552734375,1.5556640625,1.55419921875,-4.8828125,True,0.09862098993197486,0.7135846614837646,True,,,False
1502,1.529296875,1.5341796875,1.53173828125,-8.138020833333334,True,0.1643611666905168,0.3892996311187744,True,,,False
1503,1.58203125,1.568359375,1.5751953125,22.786458333333336,True,0.4602375318058378,0.3914780616760254,True,,,False
1504,1.5029296875,1.513671875,1.50830078125,-17.903645833333336,True,0.3615986112450122,0.3999812602996826,True,,,False
1505,1.5302734375,1.521484375,1.52587890625,14.648437500000002,True,0.29586991395909373,0.39000725746154785,True,,,False
1506,1.5537109375,1.5888671875,1.5712890625,-58.59375000000001,True,1.1834793140162558,0.3884584903717041,True,,,False
1507,1.61328125,1.5869140625,1.60009765625,43.94531250000001,True,0.8876095922873684,0.39592480659484863,True,,,False
1508,1.552734375,1.57421875,1.5634765625,-35.80729166666667,True,0.7231930190502562,0.3876955509185791,True,,,False
1509,1.53515625,1.513671875,1.5244140625,35.80729166666667,True,0.7232005556751284,0.38559627532958984,True,,,False
1510,1.591796875,1.60546875,1.5986328125,-22.786458333333336,True,0.460210763432755,0.3969428539276123,True,,,False
1511,1.5380859375,1.521484375,1.52978515625,27.669270833333336,True,0.5588124092166622,0.39131855964660645,True,,,False
1512,1.5419921875,1.556640625,1.54931640625,-24.414062500000004,True,0.49308506421522735,0.3865063190460205,True,,,False
1513,1.5830078125,1.5732421875,1.578125,16.276041666666668,True,0.32872333862135067,0.3866102695465088,True,,,False
1514,1.54296875,1.5576171875,1.55029296875,-24.414062500000004,True,0.4931230200671597,0.3904836177825928,True,,,False
1515,1.5966796875,1.58203125,1.58935546875,24.414062500000004,True,0.49311269074421965,0.39105653762817383,True,,,False
1516,1.60546875,1.619140625,1.6123046875,-22.786458333333336,True,0.4602235845389091,0.3870711326599121,True,,,False
1517,1.5439453125,1.4892578125,1.5166015625,91.14583333333334,True,1.8409233174085557,0.388336181640625,True,,,False
1518,1.587890625,1.587890625,1.587890625,0.0,True,0.0,0.385329008102417,True,,,False
1519,1.546875,1.5703125,1.55859375,-39.0625,True,0.7889693870623481,0.38503527641296387,True,,,False
1520,1.544921875,1.568359375,1.556640625,-39.0625,True,0.7889785668102255,0.39019298553466797,True,,,False
1521,1.6005859375,1.5615234375,1.5810546875,65.10416666666667,True,1.3149349335629534,0.3875563144683838,True,,,False
1522,1.5869140625,1.572265625,1.57958984375,24.414062500000004,True,0.4931186797811162,0.38625359535217285,True,,,False
1523,1.6083984375,1.591796875,1.60009765625,27.669270833333336,True,0.5588290504426969,0.3881256580352783,True,,,False
1524,1.5400390625,1.5498046875,1.544921875,-16.276041666666668,True,0.32874909531994473,0.39541125297546387,True,,,False
1525,1.5185546875,1.546875,1.53271484375,-47.200520833333336,True,0.953378723909405,0.3869764804840088,True,,,False
1526,1.591796875,1.59375,1.5927734375,-3.2552083333333335,True,0.06574878928454976,0.3920588493347168,True,,,False
1527,1.5693359375,1.5693359375,1.5693359375,0.0,True,0.0,0.40557026863098145,True,,,False
1528,1.66015625,1.66015625,1.66015625,0.0,True,0.0,0.3878440856933594,True,,,False
1529,1.5908203125,1.5712890625,1.5810546875,32.552083333333336,True,0.6574937281531171,0.3873879909515381,True,,,False
1530,1.560546875,1.5625,1.5615234375,-3.2552083333333335,True,0.06574801437445882,0.38861751556396484,True,,,False
1531,1.5205078125,1.5966796875,1.55859375,-126.95312500000001,True,2.564037145328713,0.3930025100708008,True,,,False
1532,1.5302734375,1.5078125,1.51904296875,37.434895833333336,True,0.7560799581321327,0.3859291076660156,True,,,False
1533,1.5283203125,1.529296875,1.52880859375,-1.6276041666666667,True,0.03287373745438263,0.3886845111846924,True,,,False
1534,1.625,1.6083984375,1.61669921875,27.669270833333336,True,0.5588655071349099,0.39624476432800293,True,,,False
1535,1.6044921875,1.576171875,1.59033203125,47.200520833333336,True,0.9533374063664763,0.388812780380249,True,,,False
1536,1.5712890625,1.587890625,1.57958984375,-27.669270833333336,True,0.5588733273390488,0.3865952491760254,True,,,False
1537,1.59765625,1.607421875,1.6025390625,-16.276041666666668,True,0.32874716306081697,0.3941385746002197,True,,,False
1538,1.5205078125,1.5673828125,1.5439453125,-78.125,True,1.5778632218119553,0.39483642578125,True,,,False
1539,1.5869140625,1.6025390625,1.5947265625,-26.041666666666668,True,0.526010005743885,0.3862478733062744,True,,,False
1540,1.5498046875,1.552734375,1.55126953125,-4.8828125,True,0.09862989762324871,0.3883235454559326,True,,,False
1541,1.529296875,1.568359375,1.548828125,-65.10416666666667,True,1.3149470214319714,0.3976304531097412,True,,,False
1542,1.58984375,1.5830078125,1.58642578125,11.393229166666668,True,0.23011841208054798,0.38639354705810547,True,,,False
1543,1.5771484375,1.583984375,1.58056640625,-11.393229166666668,True,0.23010792815816752,0.38878798484802246,True,,,False
1544,1.5859375,1.630859375,1.6083984375,-74.86979166666667,True,1.512168316947222,0.4052417278289795,True,,,False
1545,1.5478515625,1.5283203125,1.5380859375,32.552083333333336,True,0.6574998608629498,0.3904151916503906,True,,,False
1546,1.5908203125,1.5869140625,1.5888671875,6.510416666666667,True,0.1314900890578545,0.38864827156066895,True,,,False
1547,1.5400390625,1.5390625,1.53955078125,1.6276041666666667,True,0.03287365084671013,0.3959312438964844,True,,,False
1548,1.5068359375,1.5263671875,1.5166015625,-32.552083333333336,True,0.6574380335118329,0.3924887180328369,True,,,False
1549,1.63671875,1.6171875,1.626953125,32.552083333333336,True,0.6574574143968757,0.3892395496368408,True,,,False
1550,1.62890625,1.6298828125,1.62939453125,-1.6276041666666667,True,0.03287568739626996,0.3899855613708496,True,,,False
1551,1.62109375,1.6259765625,1.62353515625,-8.138020833333334,True,0.16436603010932208,0.39647865295410156,True,,,False
1552,1.5361328125,1.5390625,1.53759765625,-4.8828125,True,0.0986232452504683,0.39069485664367676,True,,,False
1553,1.546875,1.5849609375,1.56591796875,-63.47656250000001,True,1.2821142392730922,0.3860776424407959,True,,,False
1554,1.6005859375,1.58203125,1.59130859375,30.924479166666668,True,0.6245981544318163,0.4001584053039551,True,,,False
1555,1.580078125,1.5615234375,1.57080078125,30.924479166666668,True,0.624612327065663,0.3841128349304199,True,,,False
1556,1.5068359375,1.5048828125,1.505859375,3.2552083333333335,True,0.06574493920873606,0.3861429691314697,True,,,False
1557,1.5498046875,1.552734375,1.55126953125,-4.8828125,True,0.09861861932418563,0.3940298557281494,True,,,False
1558,1.6064453125,1.5419921875,1.57421875,107.42187500000001,True,2.1695674431099055,0.4896681308746338,True,,,False
1559,1.5712890625,1.5732421875,1.572265625,-3.2552083333333335,True,0.06575075063777373,0.3847010135650635,True,,,False
1560,1.5576171875,1.587890625,1.57275390625,-50.45572916666667,True,1.019172853415313,0.3956482410430908,True,,,False
1561,1.5517578125,1.556640625,1.55419921875,-8.138020833333334,True,0.16436163773065432,0.40213751792907715,True,,,False
1562,1.498046875,1.5244140625,1.51123046875,-43.94531250000001,True,0.88756379320345,0.3865694999694824,True,,,False
1563,1.6005859375,1.5771484375,1.5888671875,39.0625,True,0.7889817187136128,0.38693690299987793,True,,,False
1564,1.580078125,1.548828125,1.564453125,52.083333333333336,True,1.0519590199762376,0.3909900188446045,True,,,False
1565,1.55078125,1.599609375,1.5751953125,-81.38020833333334,True,1.6437131781077645,0.38630056381225586,True,,,False
1566,1.587890625,1.568359375,1.578125,32.552083333333336,True,0.6574386487204199,0.3902862071990967,True,,,False
1567,1.615234375,1.591796875,1.603515625,39.0625,True,0.7889727586671438,0.39275264739990234,True,,,False
1568,1.6201171875,1.6455078125,1.6328125,-42.317708333333336,True,0.8546763084501889,0.39911770820617676,True,,,False
1569,1.6357421875,1.6396484375,1.6376953125,-6.510416666666667,True,0.13149305060147837,0.3920128345489502,True,,,False
1570,1.6220703125,1.5673828125,1.5947265625,91.14583333333334,True,1.8409145668085298,0.39252161979675293,True,,,False
1571,1.5732421875,1.5908203125,1.58203125,-29.296875000000004,True,0.591721944113564,0.4028294086456299,True,,,False
1572,1.5576171875,1.5126953125,1.53515625,74.86979166666667,True,1.5121848616608773,0.3849458694458008,True,,,False
1573,1.48046875,1.4765625,1.478515625,6.510416666666667,True,0.13149533016993212,0.3678860664367676,True,,,False
1574,1.58203125,1.62109375,1.6015625,-65.10416666666667,True,1.3149567594808804,0.3955996036529541,True,,,False
1575,1.6142578125,1.6142578125,1.6142578125,0.0,True,0.0,0.38938331604003906,True,,,False
1576,1.564453125,1.5615234375,1.56298828125,4.8828125,True,0.0986191919221615,0.38358426094055176,True,,,False
1577,1.591796875,1.59375,1.5927734375,-3.2552083333333335,True,0.06574674062445153,0.38920116424560547,True,,,False
1578,1.525390625,1.5361328125,1.53076171875,-17.903645833333336,True,0.36162203569652446,0.3939239978790283,True,,,False
1579,1.5498046875,1.5712890625,1.560546875,-35.80729166666667,True,0.7231799661781505,0.3857409954071045,True,,,False
1580,1.716796875,1.6181640625,1.66748046875,164.38802083333334,True,3.320293779240616,0.3903963565826416,True,,,False
1581,1.5224609375,1.517578125,1.52001953125,8.138020833333334,True,0.16437076877154003,0.39571475982666016,True,,,False
1582,1.5712890625,1.5908203125,1.5810546875,-32.552083333333336,True,0.6574569414863052,0.38564586639404297,True,,,False
1583,1.548828125,1.533203125,1.541015625,26.041666666666668,True,0.525952322809259,0.38657164573669434,True,,,False
1584,1.59765625,1.6103515625,1.60400390625,-21.158854166666668,True,0.42736174992973974,0.3968532085418701,True,,,False
1585,1.5546875,1.5732421875,1.56396484375,-30.924479166666668,True,0.6245817704704794,0.38696908950805664,True,,,False
1586,1.5869140625,1.5791015625,1.5830078125,13.020833333333334,True,0.26298536961389224,0.38636088371276855,True,,,False
1587,1.5966796875,1.61328125,1.60498046875,-27.669270833333336,True,0.5588641691597555,0.38605380058288574,True,,,False
1588,1.6279296875,1.6142578125,1.62109375,22.786458333333336,True,0.46022865779958533,0.3966104984283447,True,,,False
1589,1.5478515625,1.5625,1.55517578125,-24.414062500000004,True,0.49313078682918754,0.3855469226837158,True,,,False
1590,1.6259765625,1.62109375,1.62353515625,8.138020833333334,True,0.1643762787339117,0.38366270065307617,True,,,False
1591,1.5986328125,1.5830078125,1.5908203125,26.041666666666668,True,0.52599327650043,0.3983762264251709,True,,,False
1592,1.6142578125,1.6142578125,1.6142578125,0.0,True,0.0,0.38326001167297363,True,,,False
1593,1.5419921875,1.56640625,1.55419921875,-40.69010416666667,True,0.8218607488702836,0.3901708126068115,True,,,False
1594,1.5341796875,1.5263671875,1.5302734375,13.020833333333334,True,0.2629934668661388,0.3996236324310303,True,,,False
1595,1.591796875,1.5927734375,1.59228515625,-1.6276041666666667,True,0.03287290361872495,0.384537935256958,True,,,False
1596,1.576171875,1.5625,1.5693359375,22.786458333333336,True,0.4602532529425811,0.3841536045074463,True,,,False
1597,1.595703125,1.576171875,1.5859375,32.552083333333336,True,0.65745901616133,0.3836495876312256,True,,,False
1598,1.58984375,1.5830078125,1.58642578125,11.393229166666668,True,0.23010708911049527,0.3887026309967041,True,,,False
1599,1.58984375,1.568359375,1.5791015625,35.80729166666667,True,0.7232236320735322,0.3845400810241699,True,,,False
1600,1.5205078125,1.5166015625,1.5185546875,6.510416666666667,True,0.13149727102749384,0.38782787322998047,True,,,False
1601,1.5751953125,1.5703125,1.57275390625,8.138020833333334,True,0.1643679952255653,0.5717964172363281,True,,,False
1602,1.5771484375,1.5771484375,1.5771484375,0.0,True,0.0,0.38569188117980957,True,,,False
1603,1.5712890625,1.568359375,1.56982421875,4.8828125,True,0.09861905344998871,0.38476109504699707,True,,,False
1604,1.681640625,1.626953125,1.654296875,91.14583333333334,True,1.8409268175948337,0.3976578712463379,True,,,False
1605,1.54296875,1.541015625,1.5419921875,3.2552083333333335,True,0.06574722148268627,0.38844776153564453,True,,,False
1606,1.5439453125,1.517578125,1.53076171875,43.94531250000001,True,0.8876031381018596,0.38279223442077637,True,,,False
1607,1.5849609375,1.57421875,1.57958984375,17.903645833333336,True,0.3616142218360895,0.38423728942871094,True,,,False
1608,1.5771484375,1.5693359375,1.5732421875,13.020833333333334,True,0.26299694200357776,0.38924384117126465,True,,,False
1609,1.5478515625,1.5673828125,1.5576171875,-32.552083333333336,True,0.6574672902699968,0.38437318801879883,True,,,False
1610,1.5986328125,1.6416015625,1.6201171875,-71.61458333333334,True,1.4464633152532909,0.385235071182251,True,,,False
1611,1.5390625,1.5517578125,1.54541015625,-21.158854166666668,True,0.4273653478577886,0.39241957664489746,True,,,False
1612,1.5703125,1.5751953125,1.57275390625,-8.138020833333334,True,0.16435799376464288,0.38489508628845215,True,,,False
1613,1.4951171875,1.5,1.49755859375,-8.138020833333334,True,0.16436780554442534,0.38822197914123535,True,,,False
1614,1.5615234375,1.5673828125,1.564453125,-9.765625,True,0.19722949084008143,0.38610386848449707,True,,,False
1615,1.5615234375,1.576171875,1.56884765625,-24.414062500000004,True,0.49313979188559454,0.3945174217224121,True,,,False
1616,1.5859375,1.5419921875,1.56396484375,73.2421875,True,1.4792437968661454,0.39024806022644043,True,,,False
1617,1.6201171875,1.66796875,1.64404296875,-79.75260416666667,True,1.610864660281727,0.3861677646636963,True,,,False
1618,1.6318359375,1.58203125,1.60693359375,83.00781250000001,True,1.6765010096048543,0.38929080963134766,True,,,False
1619,1.705078125,1.5986328125,1.65185546875,177.40885416666669,True,3.5831540651673066,0.384411096572876,True,,,False
1620,1.5888671875,1.59765625,1.59326171875,-14.648437500000002,True,0.29586040397380803,0.38655638694763184,True,,,False
1621,1.5517578125,1.53125,1.54150390625,34.1796875,True,0.6903401224056566,0.39146924018859863,True,,,False
1622,1.5693359375,1.5654296875,1.5673828125,6.510416666666667,True,0.13150146592623685,0.39484190940856934,True,,,False
1623,1.56640625,1.552734375,1.5595703125,22.786458333333336,True,0.46022867600603234,0.38520050048828125,True,,,False
1624,1.6064453125,1.6044921875,1.60546875,3.2552083333333335,True,0.06574900526726891,0.39126014709472656,True,,,False
1625,1.6103515625,1.6015625,1.60595703125,14.648437500000002,True,0.2958776270511568,0.39487648010253906,True,,,False
1626,1.548828125,1.583984375,1.56640625,-58.59375000000001,True,1.183456332072797,0.385298490524292,True,,,False
1627,1.5712890625,1.5849609375,1.578125,-22.786458333333336,True,0.4602180657521729,0.3864743709564209,True,,,False
1628,1.658203125,1.640625,1.6494140625,29.296875000000004,True,0.591728655015059,0.3980984687805176,True,,,False
1629,1.5859375,1.556640625,1.5712890625,48.82812500000001,True,0.9861296348031415,0.38471555709838867,True,,,False
1630,1.5302734375,1.513671875,1.52197265625,27.669270833333336,True,0.5588672690917504,0.3839755058288574,True,,,False
1631,1.599609375,1.6171875,1.6083984375,-29.296875000000004,True,0.5917094137576211,0.3904404640197754,True,,,False
1632,1.521484375,1.544921875,1.533203125,-39.0625,True,0.7889851531764068,0.3864409923553467,True,,,False
1633,1.560546875,1.6142578125,1.58740234375,-89.51822916666667,True,1.808133196704959,0.3868224620819092,True,,,False
1634,1.5556640625,1.5517578125,1.5537109375,6.510416666666667,True,0.1314861507346072,0.38408946990966797,True,,,False
1635,1.56640625,1.607421875,1.5869140625,-68.359375,True,1.3806531246933376,0.3985579013824463,True,,,False
1636,1.59375,1.576171875,1.5849609375,29.296875000000004,True,0.5917080055706224,0.38722920417785645,True,,,False
1637,1.603515625,1.576171875,1.58984375,45.57291666666667,True,0.9203935390837792,0.38622140884399414,True,,,False
1638,1.587890625,1.5869140625,1.58740234375,1.6276041666666667,True,0.032874535416903425,0.3908233642578125,True,,,False
1639,1.6201171875,1.6357421875,1.6279296875,-26.041666666666668,True,0.5259777005416274,0.38640499114990234,True,,,False
1640,1.6005859375,1.568359375,1.58447265625,53.71093750000001,True,1.0848415411318768,0.38550734519958496,True,,,False
1641,1.591796875,1.5791015625,1.58544921875,21.158854166666668,True,0.4273720841436334,0.38999414443969727,True,,,False
1642,1.55078125,1.576171875,1.5634765625,-42.317708333333336,True,0.8547281042384022,0.3850376605987549,True,,,False
1643,1.572265625,1.5546875,1.5634765625,29.296875000000004,True,0.591726503814873,0.3851001262664795,True,,,False
1644,1.5498046875,1.5634765625,1.556640625,-22.786458333333336,True,0.4602294864461572,0.3857157230377197,True,,,False
1645,1.62890625,1.6162109375,1.62255859375,21.158854166666668,True,0.4273729204167737,0.39168763160705566,True,,,False
1646,1.5859375,1.595703125,1.5908203125,-16.276041666666668,True,0.32873677736846163,0.38762760162353516,True,,,False
1647,1.595703125,1.5439453125,1.56982421875,86.26302083333334,True,1.742210240539424,0.3879852294921875,True,,,False
1648,1.6201171875,1.6513671875,1.6357421875,-52.083333333333336,True,1.0519763885334859,0.5065479278564453,True,,,False
1649,1.5458984375,1.560546875,1.55322265625,-24.414062500000004,True,0.4931476693625862,0.395369291305542,True,,,False
1650,1.58984375,1.6123046875,1.60107421875,-37.434895833333336,True,0.7560679228354017,0.39039063453674316,True,,,False
1651,1.578125,1.5498046875,1.56396484375,47.200520833333336,True,0.953289355335782,0.4087836742401123,True,,,False
1652,1.5439453125,1.544921875,1.54443359375,-1.6276041666666667,True,0.032874057496113177,0.3865482807159424,True,,,False
1653,1.5966796875,1.60546875,1.60107421875,-14.648437500000002,True,0.2958715222675247,0.3909778594970703,True,,,False
1654,1.5439453125,1.580078125,1.56201171875,-60.22135416666667,True,1.2163742915941516,0.38786959648132324,True,,,False
1655,1.5576171875,1.5498046875,1.5537109375,13.020833333333334,True,0.2629873410672757,0.39415693283081055,True,,,False
1656,1.5869140625,1.591796875,1.58935546875,-8.138020833333334,True,0.16436050172344008,0.3914008140563965,True,,,False
1657,1.578125,1.5859375,1.58203125,-13.020833333333334,True,0.2629828000168639,0.3875107765197754,True,,,False
1658,1.6044921875,1.611328125,1.60791015625,-11.393229166666668,True,0.23010130968997783,0.39633965492248535,True,,,False
1659,1.544921875,1.5322265625,1.53857421875,21.158854166666668,True,0.42734618548343617,0.39450740814208984,True,,,False
1660,1.5703125,1.5712890625,1.57080078125,-1.6276041666666667,True,0.032874715766939046,0.38988637924194336,True,,,False
1661,1.62109375,1.58984375,1.60546875,52.083333333333336,True,1.0519511562862263,0.391681432723999,True,,,False
1662,1.55078125,1.5732421875,1.56201171875,-37.434895833333336,True,0.756092891604076,0.3845062255859375,True,,,False
1663,1.572265625,1.560546875,1.56640625,19.53125,True,0.3944660518746249,0.386523962020874,True,,,False
1664,1.5751953125,1.5947265625,1.5849609375,-32.552083333333336,True,0.6574351741792017,0.3866767883300781,True,,,False
1665,1.5751953125,1.5634765625,1.5693359375,19.53125,True,0.39447558581813047,0.3934447765350342,True,,,False
1666,1.5546875,1.5439453125,1.54931640625,17.903645833333336,True,0.3616193063039642,0.38438987731933594,True,,,False
1667,1.595703125,1.6025390625,1.59912109375,-11.393229166666668,True,0.23012430271978798,0.384995698928833,True,,,False
1668,1.556640625,1.5810546875,1.56884765625,-40.69010416666667,True,0.8218452753264703,0.39017581939697266,True,,,False
1669,1.5888671875,1.560546875,1.57470703125,47.200520833333336,True,0.9533319330533684,0.38300204277038574,True,,,False
1670,1.6103515625,1.6142578125,1.6123046875,-6.510416666666667,True,0.13149908958954948,0.3848378658294678,True,,,False
1671,1.5234375,1.564453125,1.5439453125,-68.359375,True,1.3807169914692867,0.3944227695465088,True,,,False
1672,1.55859375,1.568359375,1.5634765625,-16.276041666666668,True,0.328730659147531,0.38462376594543457,True,,,False
1673,1.5810546875,1.583984375,1.58251953125,-4.8828125,True,0.09862198527246317,0.38768506050109863,True,,,False
1674,1.5576171875,1.55859375,1.55810546875,-1.6276041666666667,True,0.0328747291944492,0.3883514404296875,True,,,False
1675,1.59375,1.6083984375,1.60107421875,-24.414062500000004,True,0.49311289835815797,0.4003612995147705,True,,,False
1676,1.564453125,1.5625,1.5634765625,3.2552083333333335,True,0.06574761191779739,0.3876833915710449,True,,,False
1677,1.55859375,1.580078125,1.5693359375,-35.80729166666667,True,0.7232055126920662,0.38692474365234375,True,,,False
1678,1.603515625,1.5703125,1.5869140625,55.33854166666667,True,1.1177052269755199,0.3912031650543213,True,,,False
1679,1.5927734375,1.57421875,1.58349609375,30.924479166666668,True,0.6246032999685853,0.38831567764282227,True,,,False
1680,1.6279296875,1.6396484375,1.6337890625,-19.53125,True,0.3944923638071137,0.38796138763427734,True,,,False
1681,1.568359375,1.556640625,1.5625,19.53125,True,0.3944806854191151,0.3910865783691406,True,,,False
1682,1.5732421875,1.58203125,1.57763671875,-14.648437500000002,True,0.29588288803876106,0.39460086822509766,True,,,False
1683,1.5498046875,1.5615234375,1.5556640625,-19.53125,True,0.3944750313769402,0.38732123374938965,True,,,False
1684,1.595703125,1.5986328125,1.59716796875,-4.8828125,True,0.09861909993481208,0.39064455032348633,True,,,False
1685,1.607421875,1.60546875,1.6064453125,3.2552083333333335,True,0.06574956550464739,0.39246582984924316,True,,,False
1686,1.556640625,1.5322265625,1.54443359375,40.69010416666667,True,0.8218763333903961,0.3865523338317871,True,,,False
1687,1.59765625,1.5791015625,1.58837890625,30.924479166666668,True,0.6246163816198127,0.3852808475494385,True,,,False
1688,1.5419921875,1.556640625,1.54931640625,-24.414062500000004,True,0.4931011925879182,0.39461469650268555,True,,,False
1689,1.6396484375,1.6298828125,1.634765625,16.276041666666668,True,0.32871284596129796,0.3891029357910156,True,,,False
1690,1.5576171875,1.5576171875,1.5576171875,0.0,True,0.0,0.3870410919189453,True,,,False
1691,1.63671875,1.62109375,1.62890625,26.041666666666668,True,0.5259530726824285,0.38985323905944824,True,,,False
1692,1.5576171875,1.56640625,1.56201171875,-14.648437500000002,True,0.29585820499792337,0.3936958312988281,True,,,False
1693,1.490234375,1.541015625,1.515625,-84.63541666666667,True,1.7094381112371964,0.3900160789489746,True,,,False
1694,1.458984375,1.49609375,1.4775390625,-61.848958333333336,True,1.249155168098403,0.37214231491088867,True,,,False
1695,1.5732421875,1.599609375,1.58642578125,-43.94531250000001,True,0.887568746495561,0.40535449981689453,True,,,False
1696,1.5654296875,1.609375,1.58740234375,-73.2421875,True,1.4792814043475966,0.393887996673584,True,,,False
1697,1.5556640625,1.541015625,1.54833984375,24.414062500000004,True,0.4931161904385098,0.3902406692504883,True,,,False
1698,1.62109375,1.642578125,1.6318359375,-35.80729166666667,True,0.7232096138201225,0.3941662311553955,True,,,False
1699,1.619140625,1.6162109375,1.61767578125,4.8828125,True,0.09862197115444134,0.3948824405670166,True,,,False
1700,1.6142578125,1.6005859375,1.607421875,22.786458333333336,True,0.46024070279893803,0.39122653007507324,True,,,False
1701,1.5751953125,1.57421875,1.57470703125,1.6276041666666667,True,0.032873717067859146,0.5571787357330322,True,,,False
1702,1.6044921875,1.5986328125,1.6015625,9.765625,True,0.19723889102068234,0.38995957374572754,True,,,False
1703,1.55859375,1.5673828125,1.56298828125,-14.648437500000002,True,0.29584967363490383,0.3883931636810303,True,,,False
1704,1.533203125,1.5390625,1.5361328125,-9.765625,True,0.19725388319936815,0.3868684768676758,True,,,False
1705,1.5419921875,1.595703125,1.56884765625,-89.51822916666667,True,1.8080466976340215,0.3911936283111572,True,,,False
1706,1.5224609375,1.50390625,1.51318359375,30.924479166666668,True,0.6245988073482022,0.38675475120544434,True,,,False
1707,1.580078125,1.53125,1.5556640625,81.38020833333334,True,1.643712005965841,0.38674044609069824,True,,,False
1708,1.62890625,1.6220703125,1.62548828125,11.393229166666668,True,0.2301230736449056,0.4055156707763672,True,,,False
1709,1.5771484375,1.572265625,1.57470703125,8.138020833333334,True,0.16437236024200566,0.38991832733154297,True,,,False
1710,1.57421875,1.5703125,1.572265625,6.510416666666667,True,0.13149898805561766,0.38836026191711426,True,,,False
1711,1.5888671875,1.595703125,1.59228515625,-11.393229166666668,True,0.23012118468518963,0.4012119770050049,True,,,False
1712,1.572265625,1.580078125,1.576171875,-13.020833333333334,True,0.2629943837379332,0.38587141036987305,True,,,False
1713,1.556640625,1.576171875,1.56640625,-32.552083333333336,True,0.6574989824353584,0.3835892677307129,True,,,False
1714,1.5302734375,1.5458984375,1.5380859375,-26.041666666666668,True,0.5260036840185115,0.38469433784484863,True,,,False
1715,1.5595703125,1.5654296875,1.5625,-9.765625,True,0.19723058877097574,0.39670467376708984,True,,,False
1716,1.6220703125,1.6015625,1.61181640625,34.1796875,True,0.6903678093960691,0.38519787788391113,True,,,False
1717,1.560546875,1.56640625,1.5634765625,-9.765625,True,0.19724146667500056,0.3851497173309326,True,,,False
1718,1.623046875,1.6171875,1.6201171875,9.765625,True,0.19723174171062977,0.39792442321777344,True,,,False
1719,1.5673828125,1.5654296875,1.56640625,3.2552083333333335,True,0.06574914767848185,0.3880586624145508,True,,,False
1720,1.576171875,1.58203125,1.5791015625,-9.765625,True,0.19724476446410602,0.38584089279174805,True,,,False
1721,1.533203125,1.5361328125,1.53466796875,-4.8828125,True,0.09862464371469956,0.4000096321105957,True,,,False
1722,1.56640625,1.5625,1.564453125,6.510416666666667,True,0.13149931663359407,0.38893985748291016,True,,,False
1723,1.5546875,1.4921875,1.5234375,104.16666666666667,True,2.1038660758500702,0.3902280330657959,True,,,False
1724,1.5927734375,1.6162109375,1.6044921875,-39.0625,True,0.7889426746293953,0.39677906036376953,True,,,False
1725,1.611328125,1.54296875,1.5771484375,113.93229166666667,True,2.301294437837142,0.39609193801879883,True,,,False
1726,1.58203125,1.59375,1.587890625,-19.53125,True,0.3944508531511578,0.38822364807128906,True,,,False
1727,1.609375,1.6083984375,1.60888671875,1.6276041666666667,True,0.03287418495146714,0.3885378837585449,True,,,False
1728,1.5166015625,1.529296875,1.52294921875,-21.158854166666668,True,0.4273623587720404,0.4037516117095947,True,,,False
1729,1.587890625,1.568359375,1.578125,32.552083333333336,True,0.6574939578489917,0.39063072204589844,True,,,False
1730,1.5927734375,1.59765625,1.59521484375,-8.138020833333334,True,0.16436597234587166,0.3926222324371338,True,,,False
1731,1.5361328125,1.58984375,1.56298828125,-89.51822916666667,True,1.8080846549169634,0.3881490230560303,True,,,False
1732,1.6044921875,1.5908203125,1.59765625,22.786458333333336,True,0.4602458064436211,0.39939379692077637,True,,,False
1733,1.537109375,1.5634765625,1.55029296875,-43.94531250000001,True,0.8875637062848458,0.386127233505249,True,,,False
1734,1.5712890625,1.568359375,1.56982421875,4.8828125,True,0.09862329428129013,0.38573193550109863,True,,,False
1735,1.630859375,1.6123046875,1.62158203125,30.924479166666668,True,0.6245990808757486,0.4037621021270752,True,,,False
1736,1.537109375,1.5498046875,1.54345703125,-21.158854166666668,True,0.42736664694445675,0.47545385360717773,True,,,False
1737,1.54296875,1.52734375,1.53515625,26.041666666666668,True,0.5259870733165943,0.3842957019805908,True,,,False
1738,1.587890625,1.6240234375,1.60595703125,-60.22135416666667,True,1.2163681731678146,0.41291308403015137,True,,,False
1739,1.5087890625,1.5576171875,1.533203125,-81.38020833333334,True,1.643569460184993,0.45506739616394043,True,,,False
1740,1.583984375,1.5986328125,1.59130859375,-24.414062500000004,True,0.4930963471936112,0.3855297565460205,True,,,False
1741,1.583984375,1.595703125,1.58984375,-19.53125,True,0.39450863686091703,0.4032294750213623,True,,,False
1742,1.62890625,1.587890625,1.6083984375,68.359375,True,1.380661649746286,0.39476966857910156,True,,,False
1743,1.619140625,1.6298828125,1.62451171875,-17.903645833333336,True,0.36158640446380735,0.3872029781341553,True,,,False
1744,1.58203125,1.58984375,1.5859375,-13.020833333333334,True,0.26299509798552806,0.39275550842285156,True,,,False
1745,1.5927734375,1.599609375,1.59619140625,-11.393229166666668,True,0.2301250176984643,0.39251232147216797,True,,,False
1746,1.5576171875,1.517578125,1.53759765625,66.73177083333334,True,1.3477937650167802,0.3911585807800293,True,,,False
1747,1.6064453125,1.6103515625,1.6083984375,-6.510416666666667,True,0.13149209949573057,0.3849632740020752,True,,,False
1748,1.5517578125,1.564453125,1.55810546875,-21.158854166666668,True,0.42737721630268793,0.3933138847351074,True,,,False
1749,1.580078125,1.578125,1.5791015625,3.2552083333333335,True,0.06574610238200233,0.38785386085510254,True,,,False
1750,1.6015625,1.59375,1.59765625,13.020833333333334,True,0.2629882326579631,0.39043140411376953,True,,,False
1751,1.583984375,1.5703125,1.5771484375,22.786458333333336,True,0.4602202107807437,0.4029500484466553,True,,,False
1752,1.5908203125,1.587890625,1.58935546875,4.8828125,True,0.09862129617990177,0.3924887180328369,True,,,False
1753,1.595703125,1.537109375,1.56640625,97.65625000000001,True,1.9724712454671065,0.3905506134033203,True,,,False
1754,1.552734375,1.5576171875,1.55517578125,-8.138020833333334,True,0.16436289103954113,0.38921546936035156,True,,,False
1755,1.55859375,1.544921875,1.5517578125,22.786458333333336,True,0.460228577062591,0.39029574394226074,True,,,False
1756,1.6123046875,1.623046875,1.61767578125,-17.903645833333336,True,0.36161379130591415,0.3925957679748535,True,,,False
1757,1.603515625,1.6328125,1.6181640625,-48.82812500000001,True,0.9861390972011961,0.385542631149292,True,,,False
1758,1.5205078125,1.5546875,1.53759765625,-56.966145833333336,True,1.1506427338466736,0.3927149772644043,True,,,False
1759,1.5576171875,1.5419921875,1.5498046875,26.041666666666668,True,0.5259962360684495,0.38670921325683594,True,,,False
1760,1.5302734375,1.5234375,1.52685546875,11.393229166666668,True,0.2301140115754088,0.3878028392791748,True,,,False
1761,1.591796875,1.60546875,1.5986328125,-22.786458333333336,True,0.46023217864732935,0.3925771713256836,True,,,False
1762,1.55078125,1.5810546875,1.56591796875,-50.45572916666667,True,1.0190960690741324,0.39441680908203125,True,,,False
1763,1.5400390625,1.5546875,1.54736328125,-24.414062500000004,True,0.4931087034234308,0.3864572048187256,True,,,False
1764,1.5986328125,1.595703125,1.59716796875,4.8828125,True,0.09861896967154936,0.38662171363830566,True,,,False
1765,1.6015625,1.580078125,1.5908203125,35.80729166666667,True,0.7232462097846932,0.4018874168395996,True,,,False
1766,1.6240234375,1.5751953125,1.599609375,81.38020833333334,True,1.6436251476195987,0.38724422454833984,True,,,False
1767,1.6162109375,1.548828125,1.58251953125,112.30468750000001,True,2.2682314545704965,0.3882937431335449,True,,,False
1768,1.6328125,1.6064453125,1.61962890625,43.94531250000001,True,0.8876156184063422,0.4009733200073242,True,,,False
1769,1.6181640625,1.603515625,1.61083984375,24.414062500000004,True,0.49308067154640634,0.3880441188812256,True,,,False
1770,1.5654296875,1.599609375,1.58251953125,-56.966145833333336,True,1.1505966974101263,0.39110231399536133,True,,,False
1771,1.5595703125,1.5576171875,1.55859375,3.2552083333333335,True,0.06574900679865997,0.3871943950653076,True,,,False
1772,1.6005859375,1.6123046875,1.6064453125,-19.53125,True,0.3944699406568545,0.40544795989990234,True,,,False
1773,1.5849609375,1.5654296875,1.5751953125,32.552083333333336,True,0.6574407874156315,0.3883223533630371,True,,,False
1774,1.5634765625,1.5283203125,1.5458984375,58.59375000000001,True,1.1834876611231866,0.3873472213745117,True,,,False
1775,1.576171875,1.5732421875,1.57470703125,4.8828125,True,0.09861474002565,0.3966555595397949,True,,,False
1776,1.6015625,1.5947265625,1.59814453125,11.393229166666668,True,0.23011112916565862,0.39220142364501953,True,,,False
1777,1.5126953125,1.5244140625,1.5185546875,-19.53125,True,0.39445971633923965,0.3881337642669678,True,,,False
1778,1.6298828125,1.6142578125,1.6220703125,26.041666666666668,True,0.525980586667938,0.4038827419281006,True,,,False
1779,1.623046875,1.6611328125,1.64208984375,-63.47656250000001,True,1.2821483807572867,0.39235472679138184,True,,,False
1780,1.5283203125,1.5458984375,1.537109375,-29.296875000000004,True,0.5916784433157352,0.3905670642852783,True,,,False
1781,1.62109375,1.6376953125,1.62939453125,-27.669270833333336,True,0.5588587004548634,0.3910548686981201,True,,,False
1782,1.61328125,1.634765625,1.6240234375,-35.80729166666667,True,0.7232608875615811,0.3966951370239258,True,,,False
1783,1.583984375,1.544921875,1.564453125,65.10416666666667,True,1.3149708977361028,0.3864097595214844,True,,,False
1784,1.60546875,1.640625,1.623046875,-58.59375000000001,True,1.1834510639412192,0.39057207107543945,True,,,False
1785,1.5810546875,1.5615234375,1.5712890625,32.552083333333336,True,0.6574727439585475,0.39945316314697266,True,,,False
1786,1.5517578125,1.525390625,1.53857421875,43.94531250000001,True,0.887559608934527,0.38800501823425293,True,,,False
1787,1.681640625,1.650390625,1.666015625,52.083333333333336,True,1.051926206210345,0.3861210346221924,True,,,False
1788,1.5869140625,1.578125,1.58251953125,14.648437500000002,True,0.2958672083343447,0.3987863063812256,True,,,False
1789,1.5576171875,1.576171875,1.56689453125,-30.924479166666668,True,0.6246259054060328,0.3874170780181885,True,,,False
1790,1.5615234375,1.537109375,1.54931640625,40.69010416666667,True,0.8218462279654689,0.3909146785736084,True,,,False
1791,1.5361328125,1.5361328125,1.5361328125,0.0,True,0.0,0.3956482410430908,True,,,False
1792,1.578125,1.619140625,1.5986328125,-68.359375,True,1.3807664662533352,0.39420247077941895,True,,,False
1793,1.568359375,1.5673828125,1.56787109375,1.6276041666666667,True,0.032871846912843186,0.38566136360168457,True,,,False
1794,1.56640625,1.587890625,1.5771484375,-35.80729166666667,True,0.7231945787382751,0.3858320713043213,True,,,False
1795,1.623046875,1.625,1.6240234375,-3.2552083333333335,True,0.0657443827820512,0.4003288745880127,True,,,False
1796,1.5771484375,1.62109375,1.59912109375,-73.2421875,True,1.4793680216398848,0.3929479122161865,True,,,False
1797,1.57421875,1.5751953125,1.57470703125,-1.6276041666666667,True,0.0328745021344334,0.384307861328125,True,,,False
1798,1.6083984375,1.580078125,1.59423828125,47.200520833333336,True,0.953321505504171,0.38495421409606934,True,,,False
1799,1.60546875,1.587890625,1.5966796875,29.296875000000004,True,0.5917052249548864,0.3980886936187744,True,,,False
1800,1.6015625,1.5751953125,1.58837890625,43.94531250000001,True,0.887597360284606,0.3870124816894531,True,,,False
1801,1.5771484375,1.6103515625,1.59375,-55.33854166666667,True,1.1176616905505914,0.6217331886291504,True,,,False
1802,1.6171875,1.6259765625,1.62158203125,-14.648437500000002,True,0.2958776392632514,0.39061856269836426,True,,,False
1803,1.6298828125,1.619140625,1.62451171875,17.903645833333336,True,0.36160709016940873,0.3857109546661377,True,,,False
1804,1.6083984375,1.6123046875,1.6103515625,-6.510416666666667,True,0.1314966368583237,0.383575439453125,True,,,False
1805,1.572265625,1.5556640625,1.56396484375,27.669270833333336,True,0.5588808851168345,0.3929288387298584,True,,,False
1806,1.533203125,1.5283203125,1.53076171875,8.138020833333334,True,0.1643623097013953,0.3867011070251465,True,,,False
1807,1.51953125,1.568359375,1.5439453125,-81.38020833333334,True,1.6436827931486895,0.38732314109802246,True,,,False
1808,1.5263671875,1.5595703125,1.54296875,-55.33854166666667,True,1.1177074849357211,0.40406346321105957,True,,,False
1809,1.583984375,1.5576171875,1.57080078125,43.94531250000001,True,0.8875770173701042,0.38883423805236816,True,,,False
1810,1.560546875,1.576171875,1.568359375,-26.041666666666668,True,0.5259486520487102,0.3874545097351074,True,,,False
1811,1.5830078125,1.560546875,1.57177734375,37.434895833333336,True,0.7560735502192482,0.3951389789581299,True,,,False
1812,1.580078125,1.5791015625,1.57958984375,1.6276041666666667,True,0.03287368837801278,0.3909289836883545,True,,,False
1813,1.5927734375,1.58984375,1.59130859375,4.8828125,True,0.09862188485335086,0.38718366622924805,True,,,False
1814,1.619140625,1.615234375,1.6171875,6.510416666666667,True,0.1314908207936666,0.3882472515106201,True,,,False
1815,1.650390625,1.6162109375,1.63330078125,56.966145833333336,True,1.150567089211216,0.3835887908935547,True,,,False
1816,1.5380859375,1.5478515625,1.54296875,-16.276041666666668,True,0.328723703592068,0.38947415351867676,True,,,False
1817,1.5439453125,1.5380859375,1.541015625,9.765625,True,0.19723849352719777,0.3875463008880615,True,,,False
1818,1.55078125,1.564453125,1.5576171875,-22.786458333333336,True,0.46020664051638865,0.4008219242095947,True,,,False
1819,1.580078125,1.580078125,1.580078125,0.0,True,0.0,0.38588738441467285,True,,,False
1820,1.59765625,1.583984375,1.5908203125,22.786458333333336,True,0.4601985224244967,0.3876025676727295,True,,,False
1821,1.5791015625,1.58203125,1.58056640625,-4.8828125,True,0.09862398394931396,0.39127278327941895,True,,,False
1822,1.552734375,1.5693359375,1.56103515625,-27.669270833333336,True,0.5588374619124525,0.3930387496948242,True,,,False
1823,1.583984375,1.5888671875,1.58642578125,-8.138020833333334,True,0.16437536520714013,0.3841381072998047,True,,,False
1824,1.57421875,1.599609375,1.5869140625,-42.317708333333336,True,0.8546938886816939,0.38988304138183594,True,,,False
1825,1.5849609375,1.5986328125,1.591796875,-22.786458333333336,True,0.4602122142216482,0.40589475631713867,True,,,False
1826,1.525390625,1.54296875,1.5341796875,-29.296875000000004,True,0.5916822937646466,0.3888232707977295,True,,,False
1827,1.5654296875,1.5908203125,1.578125,-42.317708333333336,True,0.8547603423366686,0.39012598991394043,True,,,False
1828,1.6015625,1.5771484375,1.58935546875,40.69010416666667,True,0.8218490468423566,0.39406299591064453,True,,,False
1829,1.6318359375,1.640625,1.63623046875,-14.648437500000002,True,0.29586802621547753,0.39462780952453613,True,,,False
1830,1.6220703125,1.638671875,1.63037109375,-27.669270833333336,True,0.5588541854786158,0.3892359733581543,True,,,False
1831,1.599609375,1.583984375,1.591796875,26.041666666666668,True,0.5259988774535177,0.38880062103271484,True,,,False
1832,1.5419921875,1.57421875,1.55810546875,-53.71093750000001,True,1.0847866826210015,0.4037947654724121,True,,,False
1833,1.5849609375,1.5771484375,1.5810546875,13.020833333333334,True,0.2630001354099129,0.38787341117858887,True,,,False
1834,1.6162109375,1.640625,1.62841796875,-40.69010416666667,True,0.8218222375917508,0.3922104835510254,True,,,False
1835,1.6044921875,1.5595703125,1.58203125,74.86979166666667,True,1.5121470107672268,0.3952181339263916,True,,,False
1836,1.640625,1.6162109375,1.62841796875,40.69010416666667,True,0.8217848917374305,0.3888123035430908,True,,,False
1837,1.568359375,1.5322265625,1.55029296875,60.22135416666667,True,1.2162665645174309,0.3863072395324707,True,,,False
1838,1.6064453125,1.6015625,1.60400390625,8.138020833333334,True,0.1643692323935736,0.39338159561157227,True,,,False
1839,1.6064453125,1.59765625,1.60205078125,14.648437500000002,True,0.29586223369354686,0.3931307792663574,True,,,False
1840,1.572265625,1.5517578125,1.56201171875,34.1796875,True,0.6903422022072224,0.3883211612701416,True,,,False
1841,1.6103515625,1.58984375,1.60009765625,34.1796875,True,0.6903571828032934,0.3917064666748047,True,,,False
1842,1.615234375,1.6103515625,1.61279296875,8.138020833333334,True,0.16436528646684562,0.4006369113922119,True,,,False
1843,1.5458984375,1.5380859375,1.5419921875,13.020833333333334,True,0.2629894205562247,0.3857150077819824,True,,,False
1844,1.5595703125,1.546875,1.55322265625,21.158854166666668,True,0.42737401278175163,0.3914644718170166,True,,,False
1845,1.525390625,1.515625,1.5205078125,16.276041666666668,True,0.3287300261889424,0.38696813583374023,True,,,False
1846,1.6611328125,1.685546875,1.67333984375,-40.69010416666667,True,0.8218359848466051,0.398273229598999,True,,,False
1847,1.53515625,1.5712890625,1.55322265625,-60.22135416666667,True,1.2162709439741923,0.38695406913757324,True,,,False
1848,1.5498046875,1.5771484375,1.5634765625,-45.57291666666667,True,0.920426376229176,0.39235806465148926,True,,,False
1849,1.607421875,1.5966796875,1.60205078125,17.903645833333336,True,0.36163476424005314,0.3940622806549072,True,,,False
1850,1.548828125,1.5751953125,1.56201171875,-43.94531250000001,True,0.8876166268085606,0.3897264003753662,True,,,False
1851,1.564453125,1.51171875,1.5380859375,87.89062500000001,True,1.7751813702561574,0.39154911041259766,True,,,False
1852,1.625,1.619140625,1.6220703125,9.765625,True,0.19724737601805978,0.3973245620727539,True,,,False
1853,1.5771484375,1.5556640625,1.56640625,35.80729166666667,True,0.7232363563560201,0.3910684585571289,True,,,False
1854,1.5478515625,1.5576171875,1.552734375,-16.276041666666668,True,0.3287469690029401,0.4922306537628174,True,,,False
1855,1.5185546875,1.5146484375,1.5166015625,6.510416666666667,True,0.13149326323410723,0.4078483581542969,True,,,False
1856,1.6416015625,1.6162109375,1.62890625,42.317708333333336,True,0.8547191945176137,0.388185977935791,True,,,False
1857,1.6162109375,1.5703125,1.59326171875,76.49739583333334,True,1.545016082126444,0.38680577278137207,True,,,False
1858,1.5771484375,1.5693359375,1.5732421875,13.020833333333334,True,0.2629882470185596,0.3832221031188965,True,,,False
1859,1.5126953125,1.5048828125,1.5087890625,13.020833333333334,True,0.26298446328377484,0.392472505569458,True,,,False
1860,1.5732421875,1.5830078125,1.578125,-16.276041666666668,True,0.3287256249807823,0.3909792900085449,True,,,False
1861,1.634765625,1.6591796875,1.64697265625,-40.69010416666667,True,0.8217908833971813,0.38628673553466797,True,,,False
1862,1.646484375,1.6064453125,1.62646484375,66.73177083333334,True,1.3477633395458894,0.3896186351776123,True,,,False
1863,1.5947265625,1.5947265625,1.5947265625,0.0,True,0.0,0.3927464485168457,True,,,False
1864,1.55859375,1.5341796875,1.54638671875,40.69010416666667,True,0.8218344371816246,0.39068031311035156,True,,,False
1865,1.5732421875,1.5478515625,1.560546875,42.317708333333336,True,0.8547245029548913,0.39792346954345703,True,,,False
1866,1.5859375,1.560546875,1.5732421875,42.317708333333336,True,0.8546896200150882,0.38704609870910645,True,,,False
1867,1.615234375,1.583984375,1.599609375,52.083333333333336,True,1.0519189569805694,0.38372302055358887,True,,,False
1868,1.564453125,1.576171875,1.5703125,-19.53125,True,0.39447368554334106,0.38591933250427246,True,,,False
1869,1.494140625,1.521484375,1.5078125,-45.57291666666667,True,0.9204895065267316,0.3971383571624756,True,,,False
1870,1.611328125,1.615234375,1.61328125,-6.510416666666667,True,0.13149820438398185,0.3842799663543701,True,,,False
1871,1.578125,1.5712890625,1.57470703125,11.393229166666668,True,0.23009204803985353,0.38472747802734375,True,,,False
1872,1.568359375,1.5341796875,1.55126953125,56.966145833333336,True,1.1506644677076219,0.3969874382019043,True,,,False
1873,1.6123046875,1.6328125,1.62255859375,-34.1796875,True,0.6903577131698706,0.38325071334838867,True,,,False
1874,1.5869140625,1.59375,1.59033203125,-11.393229166666668,True,0.23011212860062386,0.38422203063964844,True,,,False
1875,1.65625,1.6533203125,1.65478515625,4.8828125,True,0.09862048479004215,0.389599084854126,True,,,False
1876,1.5341796875,1.53125,1.53271484375,4.8828125,True,0.09861662537598442,0.39276981353759766,True,,,False
1877,1.576171875,1.578125,1.5771484375,-3.2552083333333335,True,0.06574877249546701,0.3841695785522461,True,,,False
1878,1.6240234375,1.638671875,1.63134765625,-24.414062500000004,True,0.4931210547332137,0.3841402530670166,True,,,False
1879,1.5771484375,1.564453125,1.57080078125,21.158854166666668,True,0.42733522718045547,0.3930947780609131,True,,,False
1880,1.5576171875,1.544921875,1.55126953125,21.158854166666668,True,0.42733299884349996,0.3844594955444336,True,,,False
1881,1.5576171875,1.5634765625,1.560546875,-9.765625,True,0.19725345823133295,0.38529086112976074,True,,,False
1882,1.60546875,1.611328125,1.6083984375,-9.765625,True,0.19724153483633214,0.40061450004577637,True,,,False
1883,1.6044921875,1.5625,1.58349609375,69.98697916666667,True,1.4136187355696965,0.38550353050231934,True,,,False
1884,1.5634765625,1.568359375,1.56591796875,-8.138020833333334,True,0.16437818581240876,0.3854210376739502,True,,,False
1885,1.564453125,1.5419921875,1.55322265625,37.434895833333336,True,0.7560795219373952,0.3843872547149658,True,,,False
1886,1.603515625,1.609375,1.6064453125,-9.765625,True,0.19724244142801428,0.3976905345916748,True,,,False
1887,1.5703125,1.5556640625,1.56298828125,24.414062500000004,True,0.49310381252382707,0.38515210151672363,True,,,False
1888,1.5849609375,1.58203125,1.58349609375,4.8828125,True,0.09862325625691858,0.38471317291259766,True,,,False
1889,1.654296875,1.5849609375,1.61962890625,115.55989583333334,True,2.334037137221668,0.3906822204589844,True,,,False
1890,1.5966796875,1.611328125,1.60400390625,-24.414062500000004,True,0.4931223565604946,0.38422560691833496,True,,,False
1891,1.5673828125,1.5654296875,1.56640625,3.2552083333333335,True,0.0657484046438888,0.3868236541748047,True,,,False
1892,1.5341796875,1.5400390625,1.537109375,-9.765625,True,0.19723621522484408,0.3845682144165039,True,,,False
1893,1.5390625,1.5751953125,1.55712890625,-60.22135416666667,True,1.2163386204492443,0.3903169631958008,True,,,False
1894,1.58203125,1.59375,1.587890625,-19.53125,True,0.39449700443142993,0.3841259479522705,True,,,False
1895,1.54296875,1.5478515625,1.54541015625,-8.138020833333334,True,0.16435680058357277,0.3857126235961914,True,,,False
1896,1.60546875,1.5625,1.583984375,71.61458333333334,True,1.4464019283048866,0.3885164260864258,True,,,False
1897,1.544921875,1.578125,1.5615234375,-55.33854166666667,True,1.117679239664827,0.3849034309387207,True,,,False
1898,1.552734375,1.5478515625,1.55029296875,8.138020833333334,True,0.16436268668875167,0.38873863220214844,True,,,False
1899,1.59375,1.5966796875,1.59521484375,-4.8828125,True,0.09861623645193363,0.39127469062805176,True,,,False
1900,1.5859375,1.609375,1.59765625,-39.0625,True,0.7888895456115119,0.39071130752563477,True,,,False
1901,1.6318359375,1.65234375,1.64208984375,-34.1796875,True,0.6903161906766437,0.540926456451416,True,,,False
1902,1.595703125,1.5791015625,1.58740234375,27.669270833333336,True,0.5588344115610601,0.3841404914855957,True,,,False
1903,1.578125,1.5625,1.5703125,26.041666666666668,True,0.5259917195646419,0.391646146774292,True,,,False
1904,1.591796875,1.5791015625,1.58544921875,21.158854166666668,True,0.4273425119345524,0.3834364414215088,True,,,False
1905,1.5693359375,1.568359375,1.56884765625,1.6276041666666667,True,0.03287198451923209,0.38518714904785156,True,,,False
1906,1.62109375,1.6669921875,1.64404296875,-76.49739583333334,True,1.5449817278559876,0.4009850025177002,True,,,False
1907,1.501953125,1.5556640625,1.52880859375,-89.51822916666667,True,1.807935597182841,0.3817908763885498,True,,,False
1908,1.53515625,1.5283203125,1.53173828125,11.393229166666668,True,0.23012153894283424,0.38950538635253906,True,,,False
1909,1.5380859375,1.5380859375,1.5380859375,0.0,True,0.0,0.3906700611114502,True,,,False
1910,1.580078125,1.51171875,1.5458984375,113.93229166666667,True,2.3011278771346664,0.38776445388793945,True,,,False
1911,1.546875,1.5546875,1.55078125,-13.020833333333334,True,0.2629988954316171,0.38458991050720215,True,,,False
1912,1.583984375,1.6064453125,1.59521484375,-37.434895833333336,True,0.7561042465981304,0.388014554977417,True,,,False
1913,1.62890625,1.6708984375,1.64990234375,-69.98697916666667,True,1.4135300273702505,0.3978133201599121,True,,,False
1914,1.5849609375,1.595703125,1.59033203125,-17.903645833333336,True,0.3616024443526784,0.3837606906890869,True,,,False
1915,1.63671875,1.6240234375,1.63037109375,21.158854166666668,True,0.4273647916967797,0.38615846633911133,True,,,False
1916,1.6123046875,1.6162109375,1.6142578125,-6.510416666666667,True,0.13149620640968193,0.39168357849121094,True,,,False
1917,1.546875,1.537109375,1.5419921875,16.276041666666668,True,0.32872287443379966,0.3959672451019287,True,,,False
1918,1.64453125,1.6357421875,1.64013671875,14.648437500000002,True,0.2958479675726601,0.38353991508483887,True,,,False
1919,1.533203125,1.5146484375,1.52392578125,30.924479166666668,True,0.6246010471453985,0.3854210376739502,True,,,False
1920,1.6083984375,1.572265625,1.59033203125,60.22135416666667,True,1.216315936033145,0.3916463851928711,True,,,False
1921,1.669921875,1.634765625,1.65234375,58.59375000000001,True,1.1834450199151878,0.38501858711242676,True,,,False
1922,1.5517578125,1.55078125,1.55126953125,1.6276041666666667,True,0.032873249049821945,0.3832402229309082,True,,,False
1923,1.5693359375,1.548828125,1.55908203125,34.1796875,True,0.690350895749356,0.3909950256347656,True,,,False
1924,1.5810546875,1.5791015625,1.580078125,3.2552083333333335,True,0.0657474869190361,0.3865237236022949,True,,,False
1925,1.5283203125,1.544921875,1.53662109375,-27.669270833333336,True,0.5588313459859414,0.38312387466430664,True,,,False
1926,1.5830078125,1.591796875,1.58740234375,-14.648437500000002,True,0.29587271399993437,0.39313554763793945,True,,,False
1927,1.7119140625,1.7080078125,1.7099609375,6.510416666666667,True,0.13149562786437757,0.3844637870788574,True,,,False
1928,1.5712890625,1.5712890625,1.5712890625,0.0,True,0.0,0.38539981842041016,True,,,False
1929,1.564453125,1.5146484375,1.53955078125,83.00781250000001,True,1.6765615197299,0.3845386505126953,True,,,False
1930,1.54296875,1.55078125,1.546875,-13.020833333333334,True,0.26298239272070306,0.3978443145751953,True,,,False
1931,1.5654296875,1.5771484375,1.5712890625,-19.53125,True,0.3944783633220029,0.3851926326751709,True,,,False
1932,1.5859375,1.6259765625,1.60595703125,-66.73177083333334,True,1.3478729087496246,0.3858215808868408,True,,,False
1933,1.52734375,1.4072265625,1.46728515625,200.19531250000003,True,4.043634850561348,0.3915691375732422,True,,,False
1934,1.55859375,1.5263671875,1.54248046875,53.71093750000001,True,1.084853737283777,0.3851184844970703,True,,,False
1935,1.65234375,1.61328125,1.6328125,65.10416666666667,True,1.3148821039132983,0.3858318328857422,True,,,False
1936,1.7861328125,1.78125,1.78369140625,8.138020833333334,True,0.16436255756853788,0.37512946128845215,True,,,False
1937,1.5654296875,1.5380859375,1.5517578125,45.57291666666667,True,0.920415859387791,0.3854484558105469,True,,,False
1938,1.5556640625,1.5576171875,1.556640625,-3.2552083333333335,True,0.06574933999722786,0.3847644329071045,True,,,False
1939,1.638671875,1.61328125,1.6259765625,42.317708333333336,True,0.8547805644115473,0.38603878021240234,True,,,False
1940,1.5927734375,1.6455078125,1.619140625,-87.89062500000001,True,1.7751455026831604,0.3949558734893799,True,,,False
1941,1.4853515625,1.47265625,1.47900390625,21.158854166666668,True,0.42732976190128097,0.4849252700805664,True,,,False
1942,1.5234375,1.541015625,1.5322265625,-29.296875000000004,True,0.5917455857369156,0.3933582305908203,True,,,False
1943,1.564453125,1.544921875,1.5546875,32.552083333333336,True,0.6574557172776281,0.39122962951660156,True,,,False
1944,1.5791015625,1.5908203125,1.5849609375,-19.53125,True,0.39448548445259335,0.38616275787353516,True,,,False
1945,1.55859375,1.6201171875,1.58935546875,-102.53906250000001,True,2.0710505292149373,0.3858485221862793,True,,,False
1946,1.5625,1.5693359375,1.56591796875,-11.393229166666668,True,0.23010852635884796,0.40363240242004395,True,,,False
1947,1.5703125,1.5771484375,1.57373046875,-11.393229166666668,True,0.23010631118208588,0.3930647373199463,True,,,False
1948,1.58984375,1.60546875,1.59765625,-26.041666666666668,True,0.5259717334147339,0.38675427436828613,True,,,False
1949,1.576171875,1.5546875,1.5654296875,35.80729166666667,True,0.7231821182318596,0.38654065132141113,True,,,False
1950,1.626953125,1.62890625,1.6279296875,-3.2552083333333335,True,0.06574272624624064,0.39000654220581055,True,,,False
1951,1.560546875,1.5546875,1.5576171875,9.765625,True,0.19724269447769377,0.3833599090576172,True,,,False
1952,1.5498046875,1.5498046875,1.5498046875,0.0,True,0.0,0.38349461555480957,True,,,False
1953,1.54296875,1.58984375,1.56640625,-78.125,True,1.5780169847714725,0.39006471633911133,True,,,False
1954,1.5634765625,1.580078125,1.57177734375,-27.669270833333336,True,0.5588367071903879,0.38617444038391113,True,,,False
1955,1.49609375,1.51171875,1.50390625,-26.041666666666668,True,0.5259815962472573,0.3861043453216553,True,,,False
1956,1.609375,1.6064453125,1.60791015625,4.8828125,True,0.0986200242370506,0.3919026851654053,True,,,False
1957,1.4814453125,1.4833984375,1.482421875,-3.2552083333333335,True,0.0657475731615777,0.38597917556762695,True,,,False
1958,1.5908203125,1.58984375,1.59033203125,1.6276041666666667,True,0.03287267462170791,0.3850388526916504,True,,,False
1959,1.58203125,1.609375,1.595703125,-45.57291666666667,True,0.9204807377304574,0.38499975204467773,True,,,False
1960,1.5673828125,1.4970703125,1.5322265625,117.18750000000001,True,2.3668775035440577,0.39173126220703125,True,,,False
1961,1.5361328125,1.5439453125,1.5400390625,-13.020833333333334,True,0.2629751119339864,0.3886728286743164,True,,,False
1962,1.5703125,1.5888671875,1.57958984375,-30.924479166666668,True,0.6246043902895607,0.38445353507995605,True,,,False
1963,1.5849609375,1.529296875,1.55712890625,92.77343750000001,True,1.8738881592209904,0.39795470237731934,True,,,False
1964,1.544921875,1.572265625,1.55859375,-45.57291666666667,True,0.920461701457526,0.38666367530822754,True,,,False
1965,1.5791015625,1.5830078125,1.5810546875,-6.510416666666667,True,0.13149555122402423,0.38381004333496094,True,,,False
1966,1.5673828125,1.5693359375,1.568359375,-3.2552083333333335,True,0.06574613217243466,0.38493919372558594,True,,,False
1967,1.546875,1.52734375,1.537109375,32.552083333333336,True,0.6574527519600976,0.3918192386627197,True,,,False
1968,1.576171875,1.5712890625,1.57373046875,8.138020833333334,True,0.16436654104115828,0.384411096572876,True,,,False
1969,1.5986328125,1.623046875,1.61083984375,-40.69010416666667,True,0.8218212997574295,0.3846759796142578,True,,,False
1970,1.576171875,1.60546875,1.5908203125,-48.82812500000001,True,0.9862407968070322,0.3900272846221924,True,,,False
1971,1.587890625,1.59375,1.5908203125,-9.765625,True,0.19725017701100775,0.38555145263671875,True,,,False
1972,1.5244140625,1.5009765625,1.5126953125,39.0625,True,0.789001258179291,0.3865010738372803,True,,,False
1973,1.5966796875,1.599609375,1.59814453125,-4.8828125,True,0.0986180742906802,0.3895411491394043,True,,,False
1974,1.53125,1.5791015625,1.55517578125,-79.75260416666667,True,1.6108053953425512,0.38910865783691406,True,,,False
1975,1.6015625,1.587890625,1.5947265625,22.786458333333336,True,0.4602269538834316,0.3838319778442383,True,,,False
1976,1.58984375,1.578125,1.583984375,19.53125,True,0.39448090025625626,0.38423585891723633,True,,,False
1977,1.6337890625,1.6171875,1.62548828125,27.669270833333336,True,0.5588480052480712,0.39360737800598145,True,,,False
1978,1.5146484375,1.5390625,1.52685546875,-40.69010416666667,True,0.8218310713029835,0.3841719627380371,True,,,False
1979,1.5703125,1.552734375,1.5615234375,29.296875000000004,True,0.5916755775092233,0.39095544815063477,True,,,False
1980,1.62109375,1.6015625,1.611328125,32.552083333333336,True,0.6574524762035816,0.39208507537841797,True,,,False
1981,1.619140625,1.6357421875,1.62744140625,-27.669270833333336,True,0.5588893691291906,0.3844146728515625,True,,,False
1982,1.5849609375,1.599609375,1.59228515625,-24.414062500000004,True,0.493084079588768,0.3850829601287842,True,,,False
1983,1.5478515625,1.599609375,1.57373046875,-86.26302083333334,True,1.7422567702299756,0.38503289222717285,True,,,False
1984,1.5947265625,1.55859375,1.57666015625,60.22135416666667,True,1.2162498775291621,0.39133167266845703,True,,,False
1985,1.5458984375,1.5322265625,1.5390625,22.786458333333336,True,0.4602110770893802,0.3854999542236328,True,,,False
1986,1.509765625,1.517578125,1.513671875,-13.020833333333334,True,0.2629873293819921,0.38443946838378906,True,,,False
1987,1.5771484375,1.5888671875,1.5830078125,-19.53125,True,0.39448239846035266,0.39111876487731934,True,,,False
1988,1.51171875,1.5244140625,1.51806640625,-21.158854166666668,True,0.42736710284628726,0.3855466842651367,True,,,False
1989,1.6259765625,1.58984375,1.60791015625,60.22135416666667,True,1.2163674905588069,0.3853952884674072,True,,,False
1990,1.53125,1.5458984375,1.53857421875,-24.414062500000004,True,0.4931027862590828,0.3913538455963135,True,,,False
1991,1.4599609375,1.4873046875,1.4736328125,-45.57291666666667,True,0.9204405107113706,0.381786584854126,True,,,False
1992,1.6689453125,1.6416015625,1.6552734375,45.57291666666667,True,0.9204695574854783,0.3864138126373291,True,,,False
1993,1.58203125,1.5654296875,1.57373046875,27.669270833333336,True,0.5588144287696286,0.38527584075927734,True,,,False
1994,1.6328125,1.59375,1.61328125,65.10416666666667,True,1.315016185564959,0.38999080657958984,True,,,False
1995,1.615234375,1.5791015625,1.59716796875,60.22135416666667,True,1.216259625913061,0.38800549507141113,True,,,False
1996,1.5712890625,1.5693359375,1.5703125,3.2552083333333335,True,0.06574760642177514,0.3865797519683838,True,,,False
1997,1.521484375,1.5048828125,1.51318359375,27.669270833333336,True,0.5588591084030492,0.39164257049560547,True,,,False
1998,1.5791015625,1.58984375,1.58447265625,-17.903645833333336,True,0.36161855969354967,0.385387659072876,True,,,False
1999,1.5341796875,1.515625,1.52490234375,30.924479166666668,True,0.6245899591031498,0.38393330574035645,True,,,False
2000,1.599609375,1.603515625,1.6015625,-6.510416666666667,True,0.13149104122350025,1.7760214805603027,True,1.5692993449941453,0.2576112412177986,False
