epoch,global_step,train_loss,train_acc,eval_ran,eval_loss,eval_acc,eval_loss_avg5
0.0,0,0.6621170043945312,0.609375,NO,,,
0.0,0,0.6621170043945312,0.609375,NO,,,
0.0,0,0.6621170043945312,0.609375,NO,,,
0.0,0,0.6621170043945312,0.609375,NO,,,
0.0,0,0.6621170043945312,0.609375,NO,,,
0.0,0,0.6621170043945312,0.609375,NO,,,
0.0,0,0.6621170043945312,0.609375,NO,,,
0.0,0,0.6621170043945312,0.609375,NO,,,
0.0,0,0.6621170043945312,0.609375,NO,,,
0.0,0,0.6621170043945312,0.609375,NO,,,
0.010548523206751054,10,0.7568187713623047,0.515625,NO,,,
0.010548523206751054,10,0.7568187713623047,0.515625,NO,,,
0.010548523206751054,10,0.7568187713623047,0.515625,NO,,,
0.010548523206751054,10,0.7568187713623047,0.515625,NO,,,
0.010548523206751054,10,0.7568187713623047,0.515625,NO,,,
0.010548523206751054,10,0.7568187713623047,0.515625,NO,,,
0.010548523206751054,10,0.7568187713623047,0.515625,NO,,,
0.010548523206751054,10,0.7568187713623047,0.515625,NO,,,
0.010548523206751054,10,0.7568187713623047,0.515625,NO,,,
0.010548523206751054,10,0.7568187713623047,0.515625,NO,,,
0.02109704641350211,20,0.7442855834960938,0.53125,NO,,,
0.02109704641350211,20,0.7442855834960938,0.53125,NO,,,
0.02109704641350211,20,0.7442855834960938,0.53125,NO,,,
0.02109704641350211,20,0.7442855834960938,0.53125,NO,,,
0.02109704641350211,20,0.7442855834960938,0.53125,NO,,,
0.02109704641350211,20,0.7442855834960938,0.53125,NO,,,
0.02109704641350211,20,0.7442855834960938,0.53125,NO,,,
0.02109704641350211,20,0.7442855834960938,0.53125,NO,,,
0.02109704641350211,20,0.7442855834960938,0.53125,NO,,,
0.02109704641350211,20,0.7442855834960938,0.53125,NO,,,
0.03164556962025317,30,0.6154232025146484,0.6875,NO,,,
0.03164556962025317,30,0.6154232025146484,0.6875,NO,,,
0.03164556962025317,30,0.6154232025146484,0.6875,NO,,,
0.03164556962025317,30,0.6154232025146484,0.6875,NO,,,
0.03164556962025317,30,0.6154232025146484,0.6875,NO,,,
0.03164556962025317,30,0.6154232025146484,0.6875,NO,,,
0.03164556962025317,30,0.6154232025146484,0.6875,NO,,,
0.03164556962025317,30,0.6154232025146484,0.6875,NO,,,
0.03164556962025317,30,0.6154232025146484,0.6875,NO,,,
0.03164556962025317,30,0.6154232025146484,0.6875,NO,,,
0.04219409282700422,40,0.6613883972167969,0.609375,NO,,,
0.04219409282700422,40,0.6613883972167969,0.609375,NO,,,
0.04219409282700422,40,0.6613883972167969,0.609375,NO,,,
0.04219409282700422,40,0.6613883972167969,0.609375,NO,,,
0.04219409282700422,40,0.6613883972167969,0.609375,NO,,,
0.04219409282700422,40,0.6613883972167969,0.609375,NO,,,
0.04219409282700422,40,0.6613883972167969,0.609375,NO,,,
0.04219409282700422,40,0.6613883972167969,0.609375,NO,,,
0.04219409282700422,40,0.6613883972167969,0.609375,NO,,,
0.04219409282700422,40,0.6613883972167969,0.609375,NO,,,
0.052742616033755275,50,0.7426567077636719,0.515625,NO,,,
0.052742616033755275,50,0.7426567077636719,0.515625,NO,,,
0.052742616033755275,50,0.7426567077636719,0.515625,NO,,,
0.052742616033755275,50,0.7426567077636719,0.515625,NO,,,
0.052742616033755275,50,0.7426567077636719,0.515625,NO,,,
0.052742616033755275,50,0.7426567077636719,0.515625,NO,,,
0.052742616033755275,50,0.7426567077636719,0.515625,NO,,,
0.052742616033755275,50,0.7426567077636719,0.515625,NO,,,
0.052742616033755275,50,0.7426567077636719,0.515625,NO,,,
0.052742616033755275,50,0.7426567077636719,0.515625,NO,,,
0.06329113924050633,60,0.7918834686279297,0.4375,NO,,,
0.06329113924050633,60,0.7918834686279297,0.4375,NO,,,
0.06329113924050633,60,0.7918834686279297,0.4375,NO,,,
0.06329113924050633,60,0.7918834686279297,0.4375,NO,,,
0.06329113924050633,60,0.7918834686279297,0.4375,NO,,,
0.06329113924050633,60,0.7918834686279297,0.4375,NO,,,
0.06329113924050633,60,0.7918834686279297,0.4375,NO,,,
0.06329113924050633,60,0.7918834686279297,0.4375,NO,,,
0.06329113924050633,60,0.7918834686279297,0.4375,NO,,,
0.06329113924050633,60,0.7918834686279297,0.4375,NO,,,
0.07383966244725738,70,0.6964492797851562,0.5625,NO,,,
0.07383966244725738,70,0.6964492797851562,0.5625,NO,,,
0.07383966244725738,70,0.6964492797851562,0.5625,NO,,,
0.07383966244725738,70,0.6964492797851562,0.5625,NO,,,
0.07383966244725738,70,0.6964492797851562,0.5625,NO,,,
0.07383966244725738,70,0.6964492797851562,0.5625,NO,,,
0.07383966244725738,70,0.6964492797851562,0.5625,NO,,,
0.07383966244725738,70,0.6964492797851562,0.5625,NO,,,
0.07383966244725738,70,0.6964492797851562,0.5625,NO,,,
0.07383966244725738,70,0.6964492797851562,0.5625,NO,,,
0.08438818565400844,80,0.7247409820556641,0.5625,NO,,,
0.08438818565400844,80,0.7247409820556641,0.5625,NO,,,
0.08438818565400844,80,0.7247409820556641,0.5625,NO,,,
0.08438818565400844,80,0.7247409820556641,0.5625,NO,,,
0.08438818565400844,80,0.7247409820556641,0.5625,NO,,,
0.08438818565400844,80,0.7247409820556641,0.5625,NO,,,
0.08438818565400844,80,0.7247409820556641,0.5625,NO,,,
0.08438818565400844,80,0.7247409820556641,0.5625,NO,,,
0.08438818565400844,80,0.7247409820556641,0.5625,NO,,,
0.08438818565400844,80,0.7247409820556641,0.5625,NO,,,
0.0949367088607595,90,0.8162727355957031,0.484375,NO,,,
0.0949367088607595,90,0.8162727355957031,0.484375,NO,,,
0.0949367088607595,90,0.8162727355957031,0.484375,NO,,,
0.0949367088607595,90,0.8162727355957031,0.484375,NO,,,
0.0949367088607595,90,0.8162727355957031,0.484375,NO,,,
0.0949367088607595,90,0.8162727355957031,0.484375,NO,,,
0.0949367088607595,90,0.8162727355957031,0.484375,NO,,,
0.0949367088607595,90,0.8162727355957031,0.484375,NO,,,
0.0949367088607595,90,0.8162727355957031,0.484375,NO,,,
0.0949367088607595,90,0.8162727355957031,0.484375,NO,,,
0.10548523206751055,100,0.6355113983154297,0.640625,NO,,,
0.10548523206751055,100,0.6355113983154297,0.640625,NO,,,
0.10548523206751055,100,0.6355113983154297,0.640625,NO,,,
0.10548523206751055,100,0.6355113983154297,0.640625,NO,,,
0.10548523206751055,100,0.6355113983154297,0.640625,NO,,,
0.10548523206751055,100,0.6355113983154297,0.640625,NO,,,
0.10548523206751055,100,0.6355113983154297,0.640625,NO,,,
0.10548523206751055,100,0.6355113983154297,0.640625,NO,,,
0.10548523206751055,100,0.6355113983154297,0.640625,NO,,,
0.10548523206751055,100,0.6355113983154297,0.640625,NO,,,
0.1160337552742616,110,0.7720546722412109,0.5,NO,,,
0.1160337552742616,110,0.7720546722412109,0.5,NO,,,
0.1160337552742616,110,0.7720546722412109,0.5,NO,,,
0.1160337552742616,110,0.7720546722412109,0.5,NO,,,
0.1160337552742616,110,0.7720546722412109,0.5,NO,,,
0.1160337552742616,110,0.7720546722412109,0.5,NO,,,
0.1160337552742616,110,0.7720546722412109,0.5,NO,,,
0.1160337552742616,110,0.7720546722412109,0.5,NO,,,
0.1160337552742616,110,0.7720546722412109,0.5,NO,,,
0.1160337552742616,110,0.7720546722412109,0.5,NO,,,
0.12658227848101267,120,0.6323165893554688,0.671875,NO,,,
0.12658227848101267,120,0.6323165893554688,0.671875,NO,,,
0.12658227848101267,120,0.6323165893554688,0.671875,NO,,,
0.12658227848101267,120,0.6323165893554688,0.671875,NO,,,
0.12658227848101267,120,0.6323165893554688,0.671875,NO,,,
0.12658227848101267,120,0.6323165893554688,0.671875,NO,,,
0.12658227848101267,120,0.6323165893554688,0.671875,NO,,,
0.12658227848101267,120,0.6323165893554688,0.671875,NO,,,
0.12658227848101267,120,0.6323165893554688,0.671875,NO,,,
0.12658227848101267,120,0.6323165893554688,0.671875,NO,,,
0.1371308016877637,130,0.7192783355712891,0.5625,NO,,,
0.1371308016877637,130,0.7192783355712891,0.5625,NO,,,
0.1371308016877637,130,0.7192783355712891,0.5625,NO,,,
0.1371308016877637,130,0.7192783355712891,0.5625,NO,,,
0.1371308016877637,130,0.7192783355712891,0.5625,NO,,,
0.1371308016877637,130,0.7192783355712891,0.5625,NO,,,
0.1371308016877637,130,0.7192783355712891,0.5625,NO,,,
0.1371308016877637,130,0.7192783355712891,0.5625,NO,,,
0.1371308016877637,130,0.7192783355712891,0.5625,NO,,,
0.1371308016877637,130,0.7192783355712891,0.5625,NO,,,
0.14767932489451477,140,0.7419757843017578,0.5,NO,,,
0.14767932489451477,140,0.7419757843017578,0.5,NO,,,
0.14767932489451477,140,0.7419757843017578,0.5,NO,,,
0.14767932489451477,140,0.7419757843017578,0.5,NO,,,
0.14767932489451477,140,0.7419757843017578,0.5,NO,,,
0.14767932489451477,140,0.7419757843017578,0.5,NO,,,
0.14767932489451477,140,0.7419757843017578,0.5,NO,,,
0.14767932489451477,140,0.7419757843017578,0.5,NO,,,
0.14767932489451477,140,0.7419757843017578,0.5,NO,,,
0.14767932489451477,140,0.7419757843017578,0.5,NO,,,
0.15822784810126583,150,0.6808929443359375,0.59375,NO,,,
0.15822784810126583,150,0.6808929443359375,0.59375,NO,,,
0.15822784810126583,150,0.6808929443359375,0.59375,NO,,,
0.15822784810126583,150,0.6808929443359375,0.59375,NO,,,
0.15822784810126583,150,0.6808929443359375,0.59375,NO,,,
0.15822784810126583,150,0.6808929443359375,0.59375,NO,,,
0.15822784810126583,150,0.6808929443359375,0.59375,NO,,,
0.15822784810126583,150,0.6808929443359375,0.59375,NO,,,
0.15822784810126583,150,0.6808929443359375,0.59375,NO,,,
0.15822784810126583,150,0.6808929443359375,0.59375,NO,,,
0.16877637130801687,160,0.7981300354003906,0.46875,NO,,,
0.16877637130801687,160,0.7981300354003906,0.46875,NO,,,
0.16877637130801687,160,0.7981300354003906,0.46875,NO,,,
0.16877637130801687,160,0.7981300354003906,0.46875,NO,,,
0.16877637130801687,160,0.7981300354003906,0.46875,NO,,,
0.16877637130801687,160,0.7981300354003906,0.46875,NO,,,
0.16877637130801687,160,0.7981300354003906,0.46875,NO,,,
0.16877637130801687,160,0.7981300354003906,0.46875,NO,,,
0.16877637130801687,160,0.7981300354003906,0.46875,NO,,,
0.16877637130801687,160,0.7981300354003906,0.46875,NO,,,
0.17932489451476794,170,0.7119789123535156,0.515625,NO,,,
0.17932489451476794,170,0.7119789123535156,0.515625,NO,,,
0.17932489451476794,170,0.7119789123535156,0.515625,NO,,,
0.17932489451476794,170,0.7119789123535156,0.515625,NO,,,
0.17932489451476794,170,0.7119789123535156,0.515625,NO,,,
0.17932489451476794,170,0.7119789123535156,0.515625,NO,,,
0.17932489451476794,170,0.7119789123535156,0.515625,NO,,,
0.17932489451476794,170,0.7119789123535156,0.515625,NO,,,
0.17932489451476794,170,0.7119789123535156,0.515625,NO,,,
0.17932489451476794,170,0.7119789123535156,0.515625,NO,,,
0.189873417721519,180,0.7262763977050781,0.5,NO,,,
0.189873417721519,180,0.7262763977050781,0.5,NO,,,
0.189873417721519,180,0.7262763977050781,0.5,NO,,,
0.189873417721519,180,0.7262763977050781,0.5,NO,,,
0.189873417721519,180,0.7262763977050781,0.5,NO,,,
0.189873417721519,180,0.7262763977050781,0.5,NO,,,
0.189873417721519,180,0.7262763977050781,0.5,NO,,,
0.189873417721519,180,0.7262763977050781,0.5,NO,,,
0.189873417721519,180,0.7262763977050781,0.5,NO,,,
0.189873417721519,180,0.7262763977050781,0.5,NO,,,
0.20042194092827004,190,0.668609619140625,0.640625,NO,,,
0.20042194092827004,190,0.668609619140625,0.640625,NO,,,
0.20042194092827004,190,0.668609619140625,0.640625,NO,,,
0.20042194092827004,190,0.668609619140625,0.640625,NO,,,
0.20042194092827004,190,0.668609619140625,0.640625,NO,,,
0.20042194092827004,190,0.668609619140625,0.640625,NO,,,
0.20042194092827004,190,0.668609619140625,0.640625,NO,,,
0.20042194092827004,190,0.668609619140625,0.640625,NO,,,
0.20042194092827004,190,0.668609619140625,0.640625,NO,,,
0.20042194092827004,190,0.668609619140625,0.640625,NO,,,
0.2109704641350211,200,0.7658023834228516,0.453125,NO,,,
0.2109704641350211,200,0.7658023834228516,0.453125,NO,,,
0.2109704641350211,200,0.7658023834228516,0.453125,NO,,,
0.2109704641350211,200,0.7658023834228516,0.453125,NO,,,
0.2109704641350211,200,0.7658023834228516,0.453125,NO,,,
0.2109704641350211,200,0.7658023834228516,0.453125,NO,,,
0.2109704641350211,200,0.7658023834228516,0.453125,NO,,,
0.2109704641350211,200,0.7658023834228516,0.453125,NO,,,
0.2109704641350211,200,0.7658023834228516,0.453125,NO,,,
0.2109704641350211,200,0.7658023834228516,0.453125,NO,,,
0.22151898734177214,210,0.6805915832519531,0.59375,NO,,,
0.22151898734177214,210,0.6805915832519531,0.59375,NO,,,
0.22151898734177214,210,0.6805915832519531,0.59375,NO,,,
0.22151898734177214,210,0.6805915832519531,0.59375,NO,,,
0.22151898734177214,210,0.6805915832519531,0.59375,NO,,,
0.22151898734177214,210,0.6805915832519531,0.59375,NO,,,
0.22151898734177214,210,0.6805915832519531,0.59375,NO,,,
0.22151898734177214,210,0.6805915832519531,0.59375,NO,,,
0.22151898734177214,210,0.6805915832519531,0.59375,NO,,,
0.22151898734177214,210,0.6805915832519531,0.59375,NO,,,
0.2320675105485232,220,0.6780986785888672,0.59375,NO,,,
0.2320675105485232,220,0.6780986785888672,0.59375,NO,,,
0.2320675105485232,220,0.6780986785888672,0.59375,NO,,,
0.2320675105485232,220,0.6780986785888672,0.59375,NO,,,
0.2320675105485232,220,0.6780986785888672,0.59375,NO,,,
0.2320675105485232,220,0.6780986785888672,0.59375,NO,,,
0.2320675105485232,220,0.6780986785888672,0.59375,NO,,,
0.2320675105485232,220,0.6780986785888672,0.59375,NO,,,
0.2320675105485232,220,0.6780986785888672,0.59375,NO,,,
0.2320675105485232,220,0.6780986785888672,0.59375,NO,,,
0.24261603375527427,230,0.6960296630859375,0.578125,NO,,,
0.24261603375527427,230,0.6960296630859375,0.578125,NO,,,
0.24261603375527427,230,0.6960296630859375,0.578125,NO,,,
0.24261603375527427,230,0.6960296630859375,0.578125,NO,,,
0.24261603375527427,230,0.6960296630859375,0.578125,NO,,,
0.24261603375527427,230,0.6960296630859375,0.578125,NO,,,
0.24261603375527427,230,0.6960296630859375,0.578125,NO,,,
0.24261603375527427,230,0.6960296630859375,0.578125,NO,,,
0.24261603375527427,230,0.6960296630859375,0.578125,NO,,,
0.24261603375527427,230,0.6960296630859375,0.578125,NO,,,
0.25316455696202533,240,0.6721916198730469,0.578125,NO,,,
0.25316455696202533,240,0.6721916198730469,0.578125,NO,,,
0.25316455696202533,240,0.6721916198730469,0.578125,NO,,,
0.25316455696202533,240,0.6721916198730469,0.578125,NO,,,
0.25316455696202533,240,0.6721916198730469,0.578125,NO,,,
0.25316455696202533,240,0.6721916198730469,0.578125,NO,,,
0.25316455696202533,240,0.6721916198730469,0.578125,NO,,,
0.25316455696202533,240,0.6721916198730469,0.578125,NO,,,
0.25316455696202533,240,0.6721916198730469,0.578125,NO,,,
0.25316455696202533,240,0.6721916198730469,0.578125,NO,,,
0.26371308016877637,250,0.6847877502441406,0.5625,NO,,,
0.26371308016877637,250,0.6847877502441406,0.5625,NO,,,
0.26371308016877637,250,0.6847877502441406,0.5625,NO,,,
0.26371308016877637,250,0.6847877502441406,0.5625,NO,,,
0.26371308016877637,250,0.6847877502441406,0.5625,NO,,,
0.26371308016877637,250,0.6847877502441406,0.5625,NO,,,
0.26371308016877637,250,0.6847877502441406,0.5625,NO,,,
0.26371308016877637,250,0.6847877502441406,0.5625,NO,,,
0.26371308016877637,250,0.6847877502441406,0.5625,NO,,,
0.26371308016877637,250,0.6847877502441406,0.5625,NO,,,
0.2742616033755274,260,0.7510795593261719,0.515625,NO,,,
0.2742616033755274,260,0.7510795593261719,0.515625,NO,,,
0.2742616033755274,260,0.7510795593261719,0.515625,NO,,,
0.2742616033755274,260,0.7510795593261719,0.515625,NO,,,
0.2742616033755274,260,0.7510795593261719,0.515625,NO,,,
0.2742616033755274,260,0.7510795593261719,0.515625,NO,,,
0.2742616033755274,260,0.7510795593261719,0.515625,NO,,,
0.2742616033755274,260,0.7510795593261719,0.515625,NO,,,
0.2742616033755274,260,0.7510795593261719,0.515625,NO,,,
0.2742616033755274,260,0.7510795593261719,0.515625,NO,,,
0.2848101265822785,270,0.6641006469726562,0.609375,NO,,,
0.2848101265822785,270,0.6641006469726562,0.609375,NO,,,
0.2848101265822785,270,0.6641006469726562,0.609375,NO,,,
0.2848101265822785,270,0.6641006469726562,0.609375,NO,,,
0.2848101265822785,270,0.6641006469726562,0.609375,NO,,,
0.2848101265822785,270,0.6641006469726562,0.609375,NO,,,
0.2848101265822785,270,0.6641006469726562,0.609375,NO,,,
0.2848101265822785,270,0.6641006469726562,0.609375,NO,,,
0.2848101265822785,270,0.6641006469726562,0.609375,NO,,,
0.2848101265822785,270,0.6641006469726562,0.609375,NO,,,
0.29535864978902954,280,0.7050018310546875,0.53125,NO,,,
0.29535864978902954,280,0.7050018310546875,0.53125,NO,,,
0.29535864978902954,280,0.7050018310546875,0.53125,NO,,,
0.29535864978902954,280,0.7050018310546875,0.53125,NO,,,
0.29535864978902954,280,0.7050018310546875,0.53125,NO,,,
0.29535864978902954,280,0.7050018310546875,0.53125,NO,,,
0.29535864978902954,280,0.7050018310546875,0.53125,NO,,,
0.29535864978902954,280,0.7050018310546875,0.53125,NO,,,
0.29535864978902954,280,0.7050018310546875,0.53125,NO,,,
0.29535864978902954,280,0.7050018310546875,0.53125,NO,,,
0.3059071729957806,290,0.6998271942138672,0.53125,NO,,,
0.3059071729957806,290,0.6998271942138672,0.53125,NO,,,
0.3059071729957806,290,0.6998271942138672,0.53125,NO,,,
0.3059071729957806,290,0.6998271942138672,0.53125,NO,,,
0.3059071729957806,290,0.6998271942138672,0.53125,NO,,,
0.3059071729957806,290,0.6998271942138672,0.53125,NO,,,
0.3059071729957806,290,0.6998271942138672,0.53125,NO,,,
0.3059071729957806,290,0.6998271942138672,0.53125,NO,,,
0.3059071729957806,290,0.6998271942138672,0.53125,NO,,,
0.3059071729957806,290,0.6998271942138672,0.53125,NO,,,
0.31645569620253167,300,0.66851806640625,0.578125,NO,,,
0.31645569620253167,300,0.66851806640625,0.578125,NO,,,
0.31645569620253167,300,0.66851806640625,0.578125,NO,,,
0.31645569620253167,300,0.66851806640625,0.578125,NO,,,
0.31645569620253167,300,0.66851806640625,0.578125,NO,,,
0.31645569620253167,300,0.66851806640625,0.578125,NO,,,
0.31645569620253167,300,0.66851806640625,0.578125,NO,,,
0.31645569620253167,300,0.66851806640625,0.578125,NO,,,
0.31645569620253167,300,0.66851806640625,0.578125,NO,,,
0.31645569620253167,300,0.66851806640625,0.578125,NO,,,
0.3270042194092827,310,0.6993026733398438,0.59375,NO,,,
0.3270042194092827,310,0.6993026733398438,0.59375,NO,,,
0.3270042194092827,310,0.6993026733398438,0.59375,NO,,,
0.3270042194092827,310,0.6993026733398438,0.59375,NO,,,
0.3270042194092827,310,0.6993026733398438,0.59375,NO,,,
0.3270042194092827,310,0.6993026733398438,0.59375,NO,,,
0.3270042194092827,310,0.6993026733398438,0.59375,NO,,,
0.3270042194092827,310,0.6993026733398438,0.59375,NO,,,
0.3270042194092827,310,0.6993026733398438,0.59375,NO,,,
0.3270042194092827,310,0.6993026733398438,0.59375,NO,,,
0.33755274261603374,320,0.6862964630126953,0.53125,NO,,,
0.33755274261603374,320,0.6862964630126953,0.53125,NO,,,
0.33755274261603374,320,0.6862964630126953,0.53125,NO,,,
0.33755274261603374,320,0.6862964630126953,0.53125,NO,,,
0.33755274261603374,320,0.6862964630126953,0.53125,NO,,,
0.33755274261603374,320,0.6862964630126953,0.53125,NO,,,
0.33755274261603374,320,0.6862964630126953,0.53125,NO,,,
0.33755274261603374,320,0.6862964630126953,0.53125,NO,,,
0.33755274261603374,320,0.6862964630126953,0.53125,NO,,,
0.33755274261603374,320,0.6862964630126953,0.53125,NO,,,
0.34810126582278483,330,0.691925048828125,0.578125,NO,,,
0.34810126582278483,330,0.691925048828125,0.578125,NO,,,
0.34810126582278483,330,0.691925048828125,0.578125,NO,,,
0.34810126582278483,330,0.691925048828125,0.578125,NO,,,
0.34810126582278483,330,0.691925048828125,0.578125,NO,,,
0.34810126582278483,330,0.691925048828125,0.578125,NO,,,
0.34810126582278483,330,0.691925048828125,0.578125,NO,,,
0.34810126582278483,330,0.691925048828125,0.578125,NO,,,
0.34810126582278483,330,0.691925048828125,0.578125,NO,,,
0.34810126582278483,330,0.691925048828125,0.578125,NO,,,
0.35864978902953587,340,0.691070556640625,0.5625,NO,,,
0.35864978902953587,340,0.691070556640625,0.5625,NO,,,
0.35864978902953587,340,0.691070556640625,0.5625,NO,,,
0.35864978902953587,340,0.691070556640625,0.5625,NO,,,
0.35864978902953587,340,0.691070556640625,0.5625,NO,,,
0.35864978902953587,340,0.691070556640625,0.5625,NO,,,
0.35864978902953587,340,0.691070556640625,0.5625,NO,,,
0.35864978902953587,340,0.691070556640625,0.5625,NO,,,
0.35864978902953587,340,0.691070556640625,0.5625,NO,,,
0.35864978902953587,340,0.691070556640625,0.5625,NO,,,
0.3691983122362869,350,0.664520263671875,0.609375,NO,,,
0.3691983122362869,350,0.664520263671875,0.609375,NO,,,
0.3691983122362869,350,0.664520263671875,0.609375,NO,,,
0.3691983122362869,350,0.664520263671875,0.609375,NO,,,
0.3691983122362869,350,0.664520263671875,0.609375,NO,,,
0.3691983122362869,350,0.664520263671875,0.609375,NO,,,
0.3691983122362869,350,0.664520263671875,0.609375,NO,,,
0.3691983122362869,350,0.664520263671875,0.609375,NO,,,
0.3691983122362869,350,0.664520263671875,0.609375,NO,,,
0.3691983122362869,350,0.664520263671875,0.609375,NO,,,
0.379746835443038,360,0.7440261840820312,0.46875,NO,,,
0.379746835443038,360,0.7440261840820312,0.46875,NO,,,
0.379746835443038,360,0.7440261840820312,0.46875,NO,,,
0.379746835443038,360,0.7440261840820312,0.46875,NO,,,
0.379746835443038,360,0.7440261840820312,0.46875,NO,,,
0.379746835443038,360,0.7440261840820312,0.46875,NO,,,
0.379746835443038,360,0.7440261840820312,0.46875,NO,,,
0.379746835443038,360,0.7440261840820312,0.46875,NO,,,
0.379746835443038,360,0.7440261840820312,0.46875,NO,,,
0.379746835443038,360,0.7440261840820312,0.46875,NO,,,
0.39029535864978904,370,0.6997604370117188,0.515625,NO,,,
0.39029535864978904,370,0.6997604370117188,0.515625,NO,,,
0.39029535864978904,370,0.6997604370117188,0.515625,NO,,,
0.39029535864978904,370,0.6997604370117188,0.515625,NO,,,
0.39029535864978904,370,0.6997604370117188,0.515625,NO,,,
0.39029535864978904,370,0.6997604370117188,0.515625,NO,,,
0.39029535864978904,370,0.6997604370117188,0.515625,NO,,,
0.39029535864978904,370,0.6997604370117188,0.515625,NO,,,
0.39029535864978904,370,0.6997604370117188,0.515625,NO,,,
0.39029535864978904,370,0.6997604370117188,0.515625,NO,,,
0.4008438818565401,380,0.7439041137695312,0.46875,NO,,,
0.4008438818565401,380,0.7439041137695312,0.46875,NO,,,
0.4008438818565401,380,0.7439041137695312,0.46875,NO,,,
0.4008438818565401,380,0.7439041137695312,0.46875,NO,,,
0.4008438818565401,380,0.7439041137695312,0.46875,NO,,,
0.4008438818565401,380,0.7439041137695312,0.46875,NO,,,
0.4008438818565401,380,0.7439041137695312,0.46875,NO,,,
0.4008438818565401,380,0.7439041137695312,0.46875,NO,,,
0.4008438818565401,380,0.7439041137695312,0.46875,NO,,,
0.4008438818565401,380,0.7439041137695312,0.46875,NO,,,
0.41139240506329117,390,0.6496772766113281,0.625,NO,,,
0.41139240506329117,390,0.6496772766113281,0.625,NO,,,
0.41139240506329117,390,0.6496772766113281,0.625,NO,,,
0.41139240506329117,390,0.6496772766113281,0.625,NO,,,
0.41139240506329117,390,0.6496772766113281,0.625,NO,,,
0.41139240506329117,390,0.6496772766113281,0.625,NO,,,
0.41139240506329117,390,0.6496772766113281,0.625,NO,,,
0.41139240506329117,390,0.6496772766113281,0.625,NO,,,
0.41139240506329117,390,0.6496772766113281,0.625,NO,,,
0.41139240506329117,390,0.6496772766113281,0.625,NO,,,
0.4219409282700422,400,0.70843505859375,0.53125,NO,,,
0.4219409282700422,400,0.70843505859375,0.53125,NO,,,
0.4219409282700422,400,0.70843505859375,0.53125,NO,,,
0.4219409282700422,400,0.70843505859375,0.53125,NO,,,
0.4219409282700422,400,0.70843505859375,0.53125,NO,,,
0.4219409282700422,400,0.70843505859375,0.53125,NO,,,
0.4219409282700422,400,0.70843505859375,0.53125,NO,,,
0.4219409282700422,400,0.70843505859375,0.53125,NO,,,
0.4219409282700422,400,0.70843505859375,0.53125,NO,,,
0.4219409282700422,400,0.70843505859375,0.53125,NO,,,
0.43248945147679324,410,0.6801376342773438,0.546875,NO,,,
0.43248945147679324,410,0.6801376342773438,0.546875,NO,,,
0.43248945147679324,410,0.6801376342773438,0.546875,NO,,,
0.43248945147679324,410,0.6801376342773438,0.546875,NO,,,
0.43248945147679324,410,0.6801376342773438,0.546875,NO,,,
0.43248945147679324,410,0.6801376342773438,0.546875,NO,,,
0.43248945147679324,410,0.6801376342773438,0.546875,NO,,,
0.43248945147679324,410,0.6801376342773438,0.546875,NO,,,
0.43248945147679324,410,0.6801376342773438,0.546875,NO,,,
0.43248945147679324,410,0.6801376342773438,0.546875,NO,,,
0.4430379746835443,420,0.6949234008789062,0.53125,NO,,,
0.4430379746835443,420,0.6949234008789062,0.53125,NO,,,
0.4430379746835443,420,0.6949234008789062,0.53125,NO,,,
0.4430379746835443,420,0.6949234008789062,0.53125,NO,,,
0.4430379746835443,420,0.6949234008789062,0.53125,NO,,,
0.4430379746835443,420,0.6949234008789062,0.53125,NO,,,
0.4430379746835443,420,0.6949234008789062,0.53125,NO,,,
0.4430379746835443,420,0.6949234008789062,0.53125,NO,,,
0.4430379746835443,420,0.6949234008789062,0.53125,NO,,,
0.4430379746835443,420,0.6949234008789062,0.53125,NO,,,
0.45358649789029537,430,0.6487655639648438,0.578125,NO,,,
0.45358649789029537,430,0.6487655639648438,0.578125,NO,,,
0.45358649789029537,430,0.6487655639648438,0.578125,NO,,,
0.45358649789029537,430,0.6487655639648438,0.578125,NO,,,
0.45358649789029537,430,0.6487655639648438,0.578125,NO,,,
0.45358649789029537,430,0.6487655639648438,0.578125,NO,,,
0.45358649789029537,430,0.6487655639648438,0.578125,NO,,,
0.45358649789029537,430,0.6487655639648438,0.578125,NO,,,
0.45358649789029537,430,0.6487655639648438,0.578125,NO,,,
0.45358649789029537,430,0.6487655639648438,0.578125,NO,,,
0.4641350210970464,440,0.5972671508789062,0.703125,NO,,,
0.4641350210970464,440,0.5972671508789062,0.703125,NO,,,
0.4641350210970464,440,0.5972671508789062,0.703125,NO,,,
0.4641350210970464,440,0.5972671508789062,0.703125,NO,,,
0.4641350210970464,440,0.5972671508789062,0.703125,NO,,,
0.4641350210970464,440,0.5972671508789062,0.703125,NO,,,
0.4641350210970464,440,0.5972671508789062,0.703125,NO,,,
0.4641350210970464,440,0.5972671508789062,0.703125,NO,,,
0.4641350210970464,440,0.5972671508789062,0.703125,NO,,,
0.4641350210970464,440,0.5972671508789062,0.703125,NO,,,
0.47468354430379744,450,0.7386894226074219,0.4375,NO,,,
0.47468354430379744,450,0.7386894226074219,0.4375,NO,,,
0.47468354430379744,450,0.7386894226074219,0.4375,NO,,,
0.47468354430379744,450,0.7386894226074219,0.4375,NO,,,
0.47468354430379744,450,0.7386894226074219,0.4375,NO,,,
0.47468354430379744,450,0.7386894226074219,0.4375,NO,,,
0.47468354430379744,450,0.7386894226074219,0.4375,NO,,,
0.47468354430379744,450,0.7386894226074219,0.4375,NO,,,
0.47468354430379744,450,0.7386894226074219,0.4375,NO,,,
0.47468354430379744,450,0.7386894226074219,0.4375,NO,,,
0.48523206751054854,460,0.7195701599121094,0.53125,NO,,,
0.48523206751054854,460,0.7195701599121094,0.53125,NO,,,
0.48523206751054854,460,0.7195701599121094,0.53125,NO,,,
0.48523206751054854,460,0.7195701599121094,0.53125,NO,,,
0.48523206751054854,460,0.7195701599121094,0.53125,NO,,,
0.48523206751054854,460,0.7195701599121094,0.53125,NO,,,
0.48523206751054854,460,0.7195701599121094,0.53125,NO,,,
0.48523206751054854,460,0.7195701599121094,0.53125,NO,,,
0.48523206751054854,460,0.7195701599121094,0.53125,NO,,,
0.48523206751054854,460,0.7195701599121094,0.53125,NO,,,
0.4957805907172996,470,0.7157020568847656,0.46875,NO,,,
0.4957805907172996,470,0.7157020568847656,0.46875,NO,,,
0.4957805907172996,470,0.7157020568847656,0.46875,NO,,,
0.4957805907172996,470,0.7157020568847656,0.46875,NO,,,
0.4957805907172996,470,0.7157020568847656,0.46875,NO,,,
0.4957805907172996,470,0.7157020568847656,0.46875,NO,,,
0.4957805907172996,470,0.7157020568847656,0.46875,NO,,,
0.4957805907172996,470,0.7157020568847656,0.46875,NO,,,
0.4957805907172996,470,0.7157020568847656,0.46875,NO,,,
0.4957805907172996,470,0.7157020568847656,0.46875,NO,,,
0.5063291139240507,480,0.704071044921875,0.546875,NO,,,
0.5063291139240507,480,0.704071044921875,0.546875,NO,,,
0.5063291139240507,480,0.704071044921875,0.546875,NO,,,
0.5063291139240507,480,0.704071044921875,0.546875,NO,,,
0.5063291139240507,480,0.704071044921875,0.546875,NO,,,
0.5063291139240507,480,0.704071044921875,0.546875,NO,,,
0.5063291139240507,480,0.704071044921875,0.546875,NO,,,
0.5063291139240507,480,0.704071044921875,0.546875,NO,,,
0.5063291139240507,480,0.704071044921875,0.546875,NO,,,
0.5063291139240507,480,0.704071044921875,0.546875,NO,,,
0.5168776371308017,490,0.7401542663574219,0.484375,NO,,,
0.5168776371308017,490,0.7401542663574219,0.484375,NO,,,
0.5168776371308017,490,0.7401542663574219,0.484375,NO,,,
0.5168776371308017,490,0.7401542663574219,0.484375,NO,,,
0.5168776371308017,490,0.7401542663574219,0.484375,NO,,,
0.5168776371308017,490,0.7401542663574219,0.484375,NO,,,
0.5168776371308017,490,0.7401542663574219,0.484375,NO,,,
0.5168776371308017,490,0.7401542663574219,0.484375,NO,,,
0.5168776371308017,490,0.7401542663574219,0.484375,NO,,,
0.5168776371308017,490,0.7401542663574219,0.484375,NO,,,
0.5274261603375527,500,0.6455802917480469,0.625,NO,,,
0.5274261603375527,500,0.6455802917480469,0.625,NO,,,
0.5274261603375527,500,0.6455802917480469,0.625,NO,,,
0.5274261603375527,500,0.6455802917480469,0.625,NO,,,
0.5274261603375527,500,0.6455802917480469,0.625,NO,,,
0.5274261603375527,500,0.6455802917480469,0.625,NO,,,
0.5274261603375527,500,0.6455802917480469,0.625,NO,,,
0.5274261603375527,500,0.6455802917480469,0.625,NO,,,
0.5274261603375527,500,0.6455802917480469,0.625,NO,,,
0.5274261603375527,500,0.6455802917480469,0.625,NO,,,
0.5379746835443038,510,0.7016830444335938,0.484375,NO,,,
0.5379746835443038,510,0.7016830444335938,0.484375,NO,,,
0.5379746835443038,510,0.7016830444335938,0.484375,NO,,,
0.5379746835443038,510,0.7016830444335938,0.484375,NO,,,
0.5379746835443038,510,0.7016830444335938,0.484375,NO,,,
0.5379746835443038,510,0.7016830444335938,0.484375,NO,,,
0.5379746835443038,510,0.7016830444335938,0.484375,NO,,,
0.5379746835443038,510,0.7016830444335938,0.484375,NO,,,
0.5379746835443038,510,0.7016830444335938,0.484375,NO,,,
0.5379746835443038,510,0.7016830444335938,0.484375,NO,,,
0.5485232067510548,520,0.6647071838378906,0.609375,NO,,,
0.5485232067510548,520,0.6647071838378906,0.609375,NO,,,
0.5485232067510548,520,0.6647071838378906,0.609375,NO,,,
0.5485232067510548,520,0.6647071838378906,0.609375,NO,,,
0.5485232067510548,520,0.6647071838378906,0.609375,NO,,,
0.5485232067510548,520,0.6647071838378906,0.609375,NO,,,
0.5485232067510548,520,0.6647071838378906,0.609375,NO,,,
0.5485232067510548,520,0.6647071838378906,0.609375,NO,,,
0.5485232067510548,520,0.6647071838378906,0.609375,NO,,,
0.5485232067510548,520,0.6647071838378906,0.609375,NO,,,
0.5590717299578059,530,0.6598243713378906,0.625,NO,,,
0.5590717299578059,530,0.6598243713378906,0.625,NO,,,
0.5590717299578059,530,0.6598243713378906,0.625,NO,,,
0.5590717299578059,530,0.6598243713378906,0.625,NO,,,
0.5590717299578059,530,0.6598243713378906,0.625,NO,,,
0.5590717299578059,530,0.6598243713378906,0.625,NO,,,
0.5590717299578059,530,0.6598243713378906,0.625,NO,,,
0.5590717299578059,530,0.6598243713378906,0.625,NO,,,
0.5590717299578059,530,0.6598243713378906,0.625,NO,,,
0.5590717299578059,530,0.6598243713378906,0.625,NO,,,
0.569620253164557,540,0.771148681640625,0.46875,NO,,,
0.569620253164557,540,0.771148681640625,0.46875,NO,,,
0.569620253164557,540,0.771148681640625,0.46875,NO,,,
0.569620253164557,540,0.771148681640625,0.46875,NO,,,
0.569620253164557,540,0.771148681640625,0.46875,NO,,,
0.569620253164557,540,0.771148681640625,0.46875,NO,,,
0.569620253164557,540,0.771148681640625,0.46875,NO,,,
0.569620253164557,540,0.771148681640625,0.46875,NO,,,
0.569620253164557,540,0.771148681640625,0.46875,NO,,,
0.569620253164557,540,0.771148681640625,0.46875,NO,,,
0.580168776371308,550,0.6890487670898438,0.625,NO,,,
0.580168776371308,550,0.6890487670898438,0.625,NO,,,
0.580168776371308,550,0.6890487670898438,0.625,NO,,,
0.580168776371308,550,0.6890487670898438,0.625,NO,,,
0.580168776371308,550,0.6890487670898438,0.625,NO,,,
0.580168776371308,550,0.6890487670898438,0.625,NO,,,
0.580168776371308,550,0.6890487670898438,0.625,NO,,,
0.580168776371308,550,0.6890487670898438,0.625,NO,,,
0.580168776371308,550,0.6890487670898438,0.625,NO,,,
0.580168776371308,550,0.6890487670898438,0.625,NO,,,
0.5907172995780591,560,0.6753425598144531,0.5625,NO,,,
0.5907172995780591,560,0.6753425598144531,0.5625,NO,,,
0.5907172995780591,560,0.6753425598144531,0.5625,NO,,,
0.5907172995780591,560,0.6753425598144531,0.5625,NO,,,
0.5907172995780591,560,0.6753425598144531,0.5625,NO,,,
0.5907172995780591,560,0.6753425598144531,0.5625,NO,,,
0.5907172995780591,560,0.6753425598144531,0.5625,NO,,,
0.5907172995780591,560,0.6753425598144531,0.5625,NO,,,
0.5907172995780591,560,0.6753425598144531,0.5625,NO,,,
0.5907172995780591,560,0.6753425598144531,0.5625,NO,,,
0.6012658227848101,570,0.7364578247070312,0.46875,NO,,,
0.6012658227848101,570,0.7364578247070312,0.46875,NO,,,
0.6012658227848101,570,0.7364578247070312,0.46875,NO,,,
0.6012658227848101,570,0.7364578247070312,0.46875,NO,,,
0.6012658227848101,570,0.7364578247070312,0.46875,NO,,,
0.6012658227848101,570,0.7364578247070312,0.46875,NO,,,
0.6012658227848101,570,0.7364578247070312,0.46875,NO,,,
0.6012658227848101,570,0.7364578247070312,0.46875,NO,,,
0.6012658227848101,570,0.7364578247070312,0.46875,NO,,,
0.6012658227848101,570,0.7364578247070312,0.46875,NO,,,
0.6118143459915611,580,0.6538429260253906,0.625,NO,,,
0.6118143459915611,580,0.6538429260253906,0.625,NO,,,
0.6118143459915611,580,0.6538429260253906,0.625,NO,,,
0.6118143459915611,580,0.6538429260253906,0.625,NO,,,
0.6118143459915611,580,0.6538429260253906,0.625,NO,,,
0.6118143459915611,580,0.6538429260253906,0.625,NO,,,
0.6118143459915611,580,0.6538429260253906,0.625,NO,,,
0.6118143459915611,580,0.6538429260253906,0.625,NO,,,
0.6118143459915611,580,0.6538429260253906,0.625,NO,,,
0.6118143459915611,580,0.6538429260253906,0.625,NO,,,
0.6223628691983122,590,0.6199073791503906,0.65625,NO,,,
0.6223628691983122,590,0.6199073791503906,0.65625,NO,,,
0.6223628691983122,590,0.6199073791503906,0.65625,NO,,,
0.6223628691983122,590,0.6199073791503906,0.65625,NO,,,
0.6223628691983122,590,0.6199073791503906,0.65625,NO,,,
0.6223628691983122,590,0.6199073791503906,0.65625,NO,,,
0.6223628691983122,590,0.6199073791503906,0.65625,NO,,,
0.6223628691983122,590,0.6199073791503906,0.65625,NO,,,
0.6223628691983122,590,0.6199073791503906,0.65625,NO,,,
0.6223628691983122,590,0.6199073791503906,0.65625,NO,,,
0.6329113924050633,600,0.6444015502929688,0.625,NO,,,
0.6329113924050633,600,0.6444015502929688,0.625,NO,,,
0.6329113924050633,600,0.6444015502929688,0.625,NO,,,
0.6329113924050633,600,0.6444015502929688,0.625,NO,,,
0.6329113924050633,600,0.6444015502929688,0.625,NO,,,
0.6329113924050633,600,0.6444015502929688,0.625,NO,,,
0.6329113924050633,600,0.6444015502929688,0.625,NO,,,
0.6329113924050633,600,0.6444015502929688,0.625,NO,,,
0.6329113924050633,600,0.6444015502929688,0.625,NO,,,
0.6329113924050633,600,0.6444015502929688,0.625,NO,,,
0.6434599156118144,610,0.6859893798828125,0.59375,NO,,,
0.6434599156118144,610,0.6859893798828125,0.59375,NO,,,
0.6434599156118144,610,0.6859893798828125,0.59375,NO,,,
0.6434599156118144,610,0.6859893798828125,0.59375,NO,,,
0.6434599156118144,610,0.6859893798828125,0.59375,NO,,,
0.6434599156118144,610,0.6859893798828125,0.59375,NO,,,
0.6434599156118144,610,0.6859893798828125,0.59375,NO,,,
0.6434599156118144,610,0.6859893798828125,0.59375,NO,,,
0.6434599156118144,610,0.6859893798828125,0.59375,NO,,,
0.6434599156118144,610,0.6859893798828125,0.59375,NO,,,
0.6540084388185654,620,0.699859619140625,0.515625,NO,,,
0.6540084388185654,620,0.699859619140625,0.515625,NO,,,
0.6540084388185654,620,0.699859619140625,0.515625,NO,,,
0.6540084388185654,620,0.699859619140625,0.515625,NO,,,
0.6540084388185654,620,0.699859619140625,0.515625,NO,,,
0.6540084388185654,620,0.699859619140625,0.515625,NO,,,
0.6540084388185654,620,0.699859619140625,0.515625,NO,,,
0.6540084388185654,620,0.699859619140625,0.515625,NO,,,
0.6540084388185654,620,0.699859619140625,0.515625,NO,,,
0.6540084388185654,620,0.699859619140625,0.515625,NO,,,
0.6645569620253164,630,0.6051864624023438,0.671875,NO,,,
0.6645569620253164,630,0.6051864624023438,0.671875,NO,,,
0.6645569620253164,630,0.6051864624023438,0.671875,NO,,,
0.6645569620253164,630,0.6051864624023438,0.671875,NO,,,
0.6645569620253164,630,0.6051864624023438,0.671875,NO,,,
0.6645569620253164,630,0.6051864624023438,0.671875,NO,,,
0.6645569620253164,630,0.6051864624023438,0.671875,NO,,,
0.6645569620253164,630,0.6051864624023438,0.671875,NO,,,
0.6645569620253164,630,0.6051864624023438,0.671875,NO,,,
0.6645569620253164,630,0.6051864624023438,0.671875,NO,,,
0.6751054852320675,640,0.7046165466308594,0.546875,NO,,,
0.6751054852320675,640,0.7046165466308594,0.546875,NO,,,
0.6751054852320675,640,0.7046165466308594,0.546875,NO,,,
0.6751054852320675,640,0.7046165466308594,0.546875,NO,,,
0.6751054852320675,640,0.7046165466308594,0.546875,NO,,,
0.6751054852320675,640,0.7046165466308594,0.546875,NO,,,
0.6751054852320675,640,0.7046165466308594,0.546875,NO,,,
0.6751054852320675,640,0.7046165466308594,0.546875,NO,,,
0.6751054852320675,640,0.7046165466308594,0.546875,NO,,,
0.6751054852320675,640,0.7046165466308594,0.546875,NO,,,
0.6856540084388185,650,0.6665725708007812,0.578125,NO,,,
0.6856540084388185,650,0.6665725708007812,0.578125,NO,,,
0.6856540084388185,650,0.6665725708007812,0.578125,NO,,,
0.6856540084388185,650,0.6665725708007812,0.578125,NO,,,
0.6856540084388185,650,0.6665725708007812,0.578125,NO,,,
0.6856540084388185,650,0.6665725708007812,0.578125,NO,,,
0.6856540084388185,650,0.6665725708007812,0.578125,NO,,,
0.6856540084388185,650,0.6665725708007812,0.578125,NO,,,
0.6856540084388185,650,0.6665725708007812,0.578125,NO,,,
0.6856540084388185,650,0.6665725708007812,0.578125,NO,,,
0.6962025316455697,660,0.6664695739746094,0.59375,NO,,,
0.6962025316455697,660,0.6664695739746094,0.59375,NO,,,
0.6962025316455697,660,0.6664695739746094,0.59375,NO,,,
0.6962025316455697,660,0.6664695739746094,0.59375,NO,,,
0.6962025316455697,660,0.6664695739746094,0.59375,NO,,,
0.6962025316455697,660,0.6664695739746094,0.59375,NO,,,
0.6962025316455697,660,0.6664695739746094,0.59375,NO,,,
0.6962025316455697,660,0.6664695739746094,0.59375,NO,,,
0.6962025316455697,660,0.6664695739746094,0.59375,NO,,,
0.6962025316455697,660,0.6664695739746094,0.59375,NO,,,
0.7067510548523207,670,0.7301254272460938,0.484375,NO,,,
0.7067510548523207,670,0.7301254272460938,0.484375,NO,,,
0.7067510548523207,670,0.7301254272460938,0.484375,NO,,,
0.7067510548523207,670,0.7301254272460938,0.484375,NO,,,
0.7067510548523207,670,0.7301254272460938,0.484375,NO,,,
0.7067510548523207,670,0.7301254272460938,0.484375,NO,,,
0.7067510548523207,670,0.7301254272460938,0.484375,NO,,,
0.7067510548523207,670,0.7301254272460938,0.484375,NO,,,
0.7067510548523207,670,0.7301254272460938,0.484375,NO,,,
0.7067510548523207,670,0.7301254272460938,0.484375,NO,,,
0.7172995780590717,680,0.6421699523925781,0.609375,NO,,,
0.7172995780590717,680,0.6421699523925781,0.609375,NO,,,
0.7172995780590717,680,0.6421699523925781,0.609375,NO,,,
0.7172995780590717,680,0.6421699523925781,0.609375,NO,,,
0.7172995780590717,680,0.6421699523925781,0.609375,NO,,,
0.7172995780590717,680,0.6421699523925781,0.609375,NO,,,
0.7172995780590717,680,0.6421699523925781,0.609375,NO,,,
0.7172995780590717,680,0.6421699523925781,0.609375,NO,,,
0.7172995780590717,680,0.6421699523925781,0.609375,NO,,,
0.7172995780590717,680,0.6421699523925781,0.609375,NO,,,
0.7278481012658228,690,0.6725387573242188,0.59375,NO,,,
0.7278481012658228,690,0.6725387573242188,0.59375,NO,,,
0.7278481012658228,690,0.6725387573242188,0.59375,NO,,,
0.7278481012658228,690,0.6725387573242188,0.59375,NO,,,
0.7278481012658228,690,0.6725387573242188,0.59375,NO,,,
0.7278481012658228,690,0.6725387573242188,0.59375,NO,,,
0.7278481012658228,690,0.6725387573242188,0.59375,NO,,,
0.7278481012658228,690,0.6725387573242188,0.59375,NO,,,
0.7278481012658228,690,0.6725387573242188,0.59375,NO,,,
0.7278481012658228,690,0.6725387573242188,0.59375,NO,,,
0.7383966244725738,700,0.6913948059082031,0.546875,NO,,,
0.7383966244725738,700,0.6913948059082031,0.546875,NO,,,
0.7383966244725738,700,0.6913948059082031,0.546875,NO,,,
0.7383966244725738,700,0.6913948059082031,0.546875,NO,,,
0.7383966244725738,700,0.6913948059082031,0.546875,NO,,,
0.7383966244725738,700,0.6913948059082031,0.546875,NO,,,
0.7383966244725738,700,0.6913948059082031,0.546875,NO,,,
0.7383966244725738,700,0.6913948059082031,0.546875,NO,,,
0.7383966244725738,700,0.6913948059082031,0.546875,NO,,,
0.7383966244725738,700,0.6913948059082031,0.546875,NO,,,
0.7489451476793249,710,0.7176551818847656,0.484375,NO,,,
0.7489451476793249,710,0.7176551818847656,0.484375,NO,,,
0.7489451476793249,710,0.7176551818847656,0.484375,NO,,,
0.7489451476793249,710,0.7176551818847656,0.484375,NO,,,
0.7489451476793249,710,0.7176551818847656,0.484375,NO,,,
0.7489451476793249,710,0.7176551818847656,0.484375,NO,,,
0.7489451476793249,710,0.7176551818847656,0.484375,NO,,,
0.7489451476793249,710,0.7176551818847656,0.484375,NO,,,
0.7489451476793249,710,0.7176551818847656,0.484375,NO,,,
0.7489451476793249,710,0.7176551818847656,0.484375,NO,,,
0.759493670886076,720,0.6902122497558594,0.546875,NO,,,
0.759493670886076,720,0.6902122497558594,0.546875,NO,,,
0.759493670886076,720,0.6902122497558594,0.546875,NO,,,
0.759493670886076,720,0.6902122497558594,0.546875,NO,,,
0.759493670886076,720,0.6902122497558594,0.546875,NO,,,
0.759493670886076,720,0.6902122497558594,0.546875,NO,,,
0.759493670886076,720,0.6902122497558594,0.546875,NO,,,
0.759493670886076,720,0.6902122497558594,0.546875,NO,,,
0.759493670886076,720,0.6902122497558594,0.546875,NO,,,
0.759493670886076,720,0.6902122497558594,0.546875,NO,,,
0.770042194092827,730,0.7549324035644531,0.40625,NO,,,
0.770042194092827,730,0.7549324035644531,0.40625,NO,,,
0.770042194092827,730,0.7549324035644531,0.40625,NO,,,
0.770042194092827,730,0.7549324035644531,0.40625,NO,,,
0.770042194092827,730,0.7549324035644531,0.40625,NO,,,
0.770042194092827,730,0.7549324035644531,0.40625,NO,,,
0.770042194092827,730,0.7549324035644531,0.40625,NO,,,
0.770042194092827,730,0.7549324035644531,0.40625,NO,,,
0.770042194092827,730,0.7549324035644531,0.40625,NO,,,
0.770042194092827,730,0.7549324035644531,0.40625,NO,,,
0.7805907172995781,740,0.6631050109863281,0.609375,NO,,,
0.7805907172995781,740,0.6631050109863281,0.609375,NO,,,
0.7805907172995781,740,0.6631050109863281,0.609375,NO,,,
0.7805907172995781,740,0.6631050109863281,0.609375,NO,,,
0.7805907172995781,740,0.6631050109863281,0.609375,NO,,,
0.7805907172995781,740,0.6631050109863281,0.609375,NO,,,
0.7805907172995781,740,0.6631050109863281,0.609375,NO,,,
0.7805907172995781,740,0.6631050109863281,0.609375,NO,,,
0.7805907172995781,740,0.6631050109863281,0.609375,NO,,,
0.7805907172995781,740,0.6631050109863281,0.609375,NO,,,
0.7911392405063291,750,0.6673812866210938,0.640625,NO,,,
0.7911392405063291,750,0.6673812866210938,0.640625,NO,,,
0.7911392405063291,750,0.6673812866210938,0.640625,NO,,,
0.7911392405063291,750,0.6673812866210938,0.640625,NO,,,
0.7911392405063291,750,0.6673812866210938,0.640625,NO,,,
0.7911392405063291,750,0.6673812866210938,0.640625,NO,,,
0.7911392405063291,750,0.6673812866210938,0.640625,NO,,,
0.7911392405063291,750,0.6673812866210938,0.640625,NO,,,
0.7911392405063291,750,0.6673812866210938,0.640625,NO,,,
0.7911392405063291,750,0.6673812866210938,0.640625,NO,,,
0.8016877637130801,760,0.6450462341308594,0.65625,NO,,,
0.8016877637130801,760,0.6450462341308594,0.65625,NO,,,
0.8016877637130801,760,0.6450462341308594,0.65625,NO,,,
0.8016877637130801,760,0.6450462341308594,0.65625,NO,,,
0.8016877637130801,760,0.6450462341308594,0.65625,NO,,,
0.8016877637130801,760,0.6450462341308594,0.65625,NO,,,
0.8016877637130801,760,0.6450462341308594,0.65625,NO,,,
0.8016877637130801,760,0.6450462341308594,0.65625,NO,,,
0.8016877637130801,760,0.6450462341308594,0.65625,NO,,,
0.8016877637130801,760,0.6450462341308594,0.65625,NO,,,
0.8122362869198312,770,0.7073974609375,0.484375,NO,,,
0.8122362869198312,770,0.7073974609375,0.484375,NO,,,
0.8122362869198312,770,0.7073974609375,0.484375,NO,,,
0.8122362869198312,770,0.7073974609375,0.484375,NO,,,
0.8122362869198312,770,0.7073974609375,0.484375,NO,,,
0.8122362869198312,770,0.7073974609375,0.484375,NO,,,
0.8122362869198312,770,0.7073974609375,0.484375,NO,,,
0.8122362869198312,770,0.7073974609375,0.484375,NO,,,
0.8122362869198312,770,0.7073974609375,0.484375,NO,,,
0.8122362869198312,770,0.7073974609375,0.484375,NO,,,
0.8227848101265823,780,0.7136688232421875,0.53125,NO,,,
0.8227848101265823,780,0.7136688232421875,0.53125,NO,,,
0.8227848101265823,780,0.7136688232421875,0.53125,NO,,,
0.8227848101265823,780,0.7136688232421875,0.53125,NO,,,
0.8227848101265823,780,0.7136688232421875,0.53125,NO,,,
0.8227848101265823,780,0.7136688232421875,0.53125,NO,,,
0.8227848101265823,780,0.7136688232421875,0.53125,NO,,,
0.8227848101265823,780,0.7136688232421875,0.53125,NO,,,
0.8227848101265823,780,0.7136688232421875,0.53125,NO,,,
0.8227848101265823,780,0.7136688232421875,0.53125,NO,,,
0.8333333333333334,790,0.6905364990234375,0.546875,NO,,,
0.8333333333333334,790,0.6905364990234375,0.546875,NO,,,
0.8333333333333334,790,0.6905364990234375,0.546875,NO,,,
0.8333333333333334,790,0.6905364990234375,0.546875,NO,,,
0.8333333333333334,790,0.6905364990234375,0.546875,NO,,,
0.8333333333333334,790,0.6905364990234375,0.546875,NO,,,
0.8333333333333334,790,0.6905364990234375,0.546875,NO,,,
0.8333333333333334,790,0.6905364990234375,0.546875,NO,,,
0.8333333333333334,790,0.6905364990234375,0.546875,NO,,,
0.8333333333333334,790,0.6905364990234375,0.546875,NO,,,
0.8438818565400844,800,0.7206878662109375,0.46875,NO,,,
0.8438818565400844,800,0.7206878662109375,0.46875,NO,,,
0.8438818565400844,800,0.7206878662109375,0.46875,NO,,,
0.8438818565400844,800,0.7206878662109375,0.46875,NO,,,
0.8438818565400844,800,0.7206878662109375,0.46875,NO,,,
0.8438818565400844,800,0.7206878662109375,0.46875,NO,,,
0.8438818565400844,800,0.7206878662109375,0.46875,NO,,,
0.8438818565400844,800,0.7206878662109375,0.46875,NO,,,
0.8438818565400844,800,0.7206878662109375,0.46875,NO,,,
0.8438818565400844,800,0.7206878662109375,0.46875,NO,,,
0.8544303797468354,810,0.654083251953125,0.59375,NO,,,
0.8544303797468354,810,0.654083251953125,0.59375,NO,,,
0.8544303797468354,810,0.654083251953125,0.59375,NO,,,
0.8544303797468354,810,0.654083251953125,0.59375,NO,,,
0.8544303797468354,810,0.654083251953125,0.59375,NO,,,
0.8544303797468354,810,0.654083251953125,0.59375,NO,,,
0.8544303797468354,810,0.654083251953125,0.59375,NO,,,
0.8544303797468354,810,0.654083251953125,0.59375,NO,,,
0.8544303797468354,810,0.654083251953125,0.59375,NO,,,
0.8544303797468354,810,0.654083251953125,0.59375,NO,,,
0.8649789029535865,820,0.6851844787597656,0.578125,NO,,,
0.8649789029535865,820,0.6851844787597656,0.578125,NO,,,
0.8649789029535865,820,0.6851844787597656,0.578125,NO,,,
0.8649789029535865,820,0.6851844787597656,0.578125,NO,,,
0.8649789029535865,820,0.6851844787597656,0.578125,NO,,,
0.8649789029535865,820,0.6851844787597656,0.578125,NO,,,
0.8649789029535865,820,0.6851844787597656,0.578125,NO,,,
0.8649789029535865,820,0.6851844787597656,0.578125,NO,,,
0.8649789029535865,820,0.6851844787597656,0.578125,NO,,,
0.8649789029535865,820,0.6851844787597656,0.578125,NO,,,
0.8755274261603375,830,0.6830368041992188,0.59375,NO,,,
0.8755274261603375,830,0.6830368041992188,0.59375,NO,,,
0.8755274261603375,830,0.6830368041992188,0.59375,NO,,,
0.8755274261603375,830,0.6830368041992188,0.59375,NO,,,
0.8755274261603375,830,0.6830368041992188,0.59375,NO,,,
0.8755274261603375,830,0.6830368041992188,0.59375,NO,,,
0.8755274261603375,830,0.6830368041992188,0.59375,NO,,,
0.8755274261603375,830,0.6830368041992188,0.59375,NO,,,
0.8755274261603375,830,0.6830368041992188,0.59375,NO,,,
0.8755274261603375,830,0.6830368041992188,0.59375,NO,,,
0.8860759493670886,840,0.7254257202148438,0.5,NO,,,
0.8860759493670886,840,0.7254257202148438,0.5,NO,,,
0.8860759493670886,840,0.7254257202148438,0.5,NO,,,
0.8860759493670886,840,0.7254257202148438,0.5,NO,,,
0.8860759493670886,840,0.7254257202148438,0.5,NO,,,
0.8860759493670886,840,0.7254257202148438,0.5,NO,,,
0.8860759493670886,840,0.7254257202148438,0.5,NO,,,
0.8860759493670886,840,0.7254257202148438,0.5,NO,,,
0.8860759493670886,840,0.7254257202148438,0.5,NO,,,
0.8860759493670886,840,0.7254257202148438,0.5,NO,,,
0.8966244725738397,850,0.6926994323730469,0.515625,NO,,,
0.8966244725738397,850,0.6926994323730469,0.515625,NO,,,
0.8966244725738397,850,0.6926994323730469,0.515625,NO,,,
0.8966244725738397,850,0.6926994323730469,0.515625,NO,,,
0.8966244725738397,850,0.6926994323730469,0.515625,NO,,,
0.8966244725738397,850,0.6926994323730469,0.515625,NO,,,
0.8966244725738397,850,0.6926994323730469,0.515625,NO,,,
0.8966244725738397,850,0.6926994323730469,0.515625,NO,,,
0.8966244725738397,850,0.6926994323730469,0.515625,NO,,,
0.8966244725738397,850,0.6926994323730469,0.515625,NO,,,
0.9071729957805907,860,0.6733779907226562,0.53125,NO,,,
0.9071729957805907,860,0.6733779907226562,0.53125,NO,,,
0.9071729957805907,860,0.6733779907226562,0.53125,NO,,,
0.9071729957805907,860,0.6733779907226562,0.53125,NO,,,
0.9071729957805907,860,0.6733779907226562,0.53125,NO,,,
0.9071729957805907,860,0.6733779907226562,0.53125,NO,,,
0.9071729957805907,860,0.6733779907226562,0.53125,NO,,,
0.9071729957805907,860,0.6733779907226562,0.53125,NO,,,
0.9071729957805907,860,0.6733779907226562,0.53125,NO,,,
0.9071729957805907,860,0.6733779907226562,0.53125,NO,,,
0.9177215189873418,870,0.7044677734375,0.5,NO,,,
0.9177215189873418,870,0.7044677734375,0.5,NO,,,
0.9177215189873418,870,0.7044677734375,0.5,NO,,,
0.9177215189873418,870,0.7044677734375,0.5,NO,,,
0.9177215189873418,870,0.7044677734375,0.5,NO,,,
0.9177215189873418,870,0.7044677734375,0.5,NO,,,
0.9177215189873418,870,0.7044677734375,0.5,NO,,,
0.9177215189873418,870,0.7044677734375,0.5,NO,,,
0.9177215189873418,870,0.7044677734375,0.5,NO,,,
0.9177215189873418,870,0.7044677734375,0.5,NO,,,
0.9282700421940928,880,0.7164726257324219,0.453125,NO,,,
0.9282700421940928,880,0.7164726257324219,0.453125,NO,,,
0.9282700421940928,880,0.7164726257324219,0.453125,NO,,,
0.9282700421940928,880,0.7164726257324219,0.453125,NO,,,
0.9282700421940928,880,0.7164726257324219,0.453125,NO,,,
0.9282700421940928,880,0.7164726257324219,0.453125,NO,,,
0.9282700421940928,880,0.7164726257324219,0.453125,NO,,,
0.9282700421940928,880,0.7164726257324219,0.453125,NO,,,
0.9282700421940928,880,0.7164726257324219,0.453125,NO,,,
0.9282700421940928,880,0.7164726257324219,0.453125,NO,,,
0.9388185654008439,890,0.7396240234375,0.4375,NO,,,
0.9388185654008439,890,0.7396240234375,0.4375,NO,,,
0.9388185654008439,890,0.7396240234375,0.4375,NO,,,
0.9388185654008439,890,0.7396240234375,0.4375,NO,,,
0.9388185654008439,890,0.7396240234375,0.4375,NO,,,
0.9388185654008439,890,0.7396240234375,0.4375,NO,,,
0.9388185654008439,890,0.7396240234375,0.4375,NO,,,
0.9388185654008439,890,0.7396240234375,0.4375,NO,,,
0.9388185654008439,890,0.7396240234375,0.4375,NO,,,
0.9388185654008439,890,0.7396240234375,0.4375,NO,,,
0.9493670886075949,900,0.6116218566894531,0.703125,NO,,,
0.9493670886075949,900,0.6116218566894531,0.703125,NO,,,
0.9493670886075949,900,0.6116218566894531,0.703125,NO,,,
0.9493670886075949,900,0.6116218566894531,0.703125,NO,,,
0.9493670886075949,900,0.6116218566894531,0.703125,NO,,,
0.9493670886075949,900,0.6116218566894531,0.703125,NO,,,
0.9493670886075949,900,0.6116218566894531,0.703125,NO,,,
0.9493670886075949,900,0.6116218566894531,0.703125,NO,,,
0.9493670886075949,900,0.6116218566894531,0.703125,NO,,,
0.9493670886075949,900,0.6116218566894531,0.703125,NO,,,
0.959915611814346,910,0.6865997314453125,0.5625,NO,,,
0.959915611814346,910,0.6865997314453125,0.5625,NO,,,
0.959915611814346,910,0.6865997314453125,0.5625,NO,,,
0.959915611814346,910,0.6865997314453125,0.5625,NO,,,
0.959915611814346,910,0.6865997314453125,0.5625,NO,,,
0.959915611814346,910,0.6865997314453125,0.5625,NO,,,
0.959915611814346,910,0.6865997314453125,0.5625,NO,,,
0.959915611814346,910,0.6865997314453125,0.5625,NO,,,
0.959915611814346,910,0.6865997314453125,0.5625,NO,,,
0.959915611814346,910,0.6865997314453125,0.5625,NO,,,
0.9704641350210971,920,0.6777496337890625,0.5625,NO,,,
0.9704641350210971,920,0.6777496337890625,0.5625,NO,,,
0.9704641350210971,920,0.6777496337890625,0.5625,NO,,,
0.9704641350210971,920,0.6777496337890625,0.5625,NO,,,
0.9704641350210971,920,0.6777496337890625,0.5625,NO,,,
0.9704641350210971,920,0.6777496337890625,0.5625,NO,,,
0.9704641350210971,920,0.6777496337890625,0.5625,NO,,,
0.9704641350210971,920,0.6777496337890625,0.5625,NO,,,
0.9704641350210971,920,0.6777496337890625,0.5625,NO,,,
0.9704641350210971,920,0.6777496337890625,0.5625,NO,,,
0.9810126582278481,930,0.6554985046386719,0.625,NO,,,
0.9810126582278481,930,0.6554985046386719,0.625,NO,,,
0.9810126582278481,930,0.6554985046386719,0.625,NO,,,
0.9810126582278481,930,0.6554985046386719,0.625,NO,,,
0.9810126582278481,930,0.6554985046386719,0.625,NO,,,
0.9810126582278481,930,0.6554985046386719,0.625,NO,,,
0.9810126582278481,930,0.6554985046386719,0.625,NO,,,
0.9810126582278481,930,0.6554985046386719,0.625,NO,,,
0.9810126582278481,930,0.6554985046386719,0.625,NO,,,
0.9810126582278481,930,0.6554985046386719,0.625,NO,,,
0.9915611814345991,940,0.7316780090332031,0.46875,NO,,,
0.9915611814345991,940,0.7316780090332031,0.46875,NO,,,
0.9915611814345991,940,0.7316780090332031,0.46875,NO,,,
0.9915611814345991,940,0.7316780090332031,0.46875,NO,,,
0.9915611814345991,940,0.7316780090332031,0.46875,NO,,,
0.9915611814345991,940,0.7316780090332031,0.46875,NO,,,
0.9915611814345991,940,0.7316780090332031,0.46875,NO,,,
0.9915611814345991,940,0.7316780090332031,0.46875,NO,,,
0.9915611814345991,940,0.7316780090332031,0.46875,NO,,,
0.9915611814345991,940,0.7316780090332031,0.46875,NO,,,
1.0021097046413503,950,0.7132568359375,0.546875,NO,,,
1.0021097046413503,950,0.7132568359375,0.546875,NO,,,
1.0021097046413503,950,0.7132568359375,0.546875,NO,,,
1.0021097046413503,950,0.7132568359375,0.546875,NO,,,
1.0021097046413503,950,0.7132568359375,0.546875,NO,,,
1.0021097046413503,950,0.7132568359375,0.546875,NO,,,
1.0021097046413503,950,0.7132568359375,0.546875,NO,,,
1.0021097046413503,950,0.7132568359375,0.546875,NO,,,
1.0021097046413503,950,0.7132568359375,0.546875,NO,,,
1.0021097046413503,950,0.7132568359375,0.546875,NO,,,
1.0126582278481013,960,0.7256660461425781,0.46875,NO,,,
1.0126582278481013,960,0.7256660461425781,0.46875,NO,,,
1.0126582278481013,960,0.7256660461425781,0.46875,NO,,,
1.0126582278481013,960,0.7256660461425781,0.46875,NO,,,
1.0126582278481013,960,0.7256660461425781,0.46875,NO,,,
1.0126582278481013,960,0.7256660461425781,0.46875,NO,,,
1.0126582278481013,960,0.7256660461425781,0.46875,NO,,,
1.0126582278481013,960,0.7256660461425781,0.46875,NO,,,
1.0126582278481013,960,0.7256660461425781,0.46875,NO,,,
1.0126582278481013,960,0.7256660461425781,0.46875,NO,,,
1.0232067510548524,970,0.6947822570800781,0.625,NO,,,
1.0232067510548524,970,0.6947822570800781,0.625,NO,,,
1.0232067510548524,970,0.6947822570800781,0.625,NO,,,
1.0232067510548524,970,0.6947822570800781,0.625,NO,,,
1.0232067510548524,970,0.6947822570800781,0.625,NO,,,
1.0232067510548524,970,0.6947822570800781,0.625,NO,,,
1.0232067510548524,970,0.6947822570800781,0.625,NO,,,
1.0232067510548524,970,0.6947822570800781,0.625,NO,,,
1.0232067510548524,970,0.6947822570800781,0.625,NO,,,
1.0232067510548524,970,0.6947822570800781,0.625,NO,,,
1.0337552742616034,980,0.698516845703125,0.546875,NO,,,
1.0337552742616034,980,0.698516845703125,0.546875,NO,,,
1.0337552742616034,980,0.698516845703125,0.546875,NO,,,
1.0337552742616034,980,0.698516845703125,0.546875,NO,,,
1.0337552742616034,980,0.698516845703125,0.546875,NO,,,
1.0337552742616034,980,0.698516845703125,0.546875,NO,,,
1.0337552742616034,980,0.698516845703125,0.546875,NO,,,
1.0337552742616034,980,0.698516845703125,0.546875,NO,,,
1.0337552742616034,980,0.698516845703125,0.546875,NO,,,
1.0337552742616034,980,0.698516845703125,0.546875,NO,,,
1.0443037974683544,990,0.6758232116699219,0.546875,NO,,,
1.0443037974683544,990,0.6758232116699219,0.546875,NO,,,
1.0443037974683544,990,0.6758232116699219,0.546875,NO,,,
1.0443037974683544,990,0.6758232116699219,0.546875,NO,,,
1.0443037974683544,990,0.6758232116699219,0.546875,NO,,,
1.0443037974683544,990,0.6758232116699219,0.546875,NO,,,
1.0443037974683544,990,0.6758232116699219,0.546875,NO,,,
1.0443037974683544,990,0.6758232116699219,0.546875,NO,,,
1.0443037974683544,990,0.6758232116699219,0.546875,NO,,,
1.0443037974683544,990,0.6758232116699219,0.546875,YES,0.67578125,0.570007423904974,0.67578125
1.0548523206751055,1000,0.67724609375,0.5625,NO,,,
1.0548523206751055,1000,0.67724609375,0.5625,NO,,,
1.0548523206751055,1000,0.67724609375,0.5625,NO,,,
1.0548523206751055,1000,0.67724609375,0.5625,NO,,,
1.0548523206751055,1000,0.67724609375,0.5625,NO,,,
1.0548523206751055,1000,0.67724609375,0.5625,NO,,,
1.0548523206751055,1000,0.67724609375,0.5625,NO,,,
1.0548523206751055,1000,0.67724609375,0.5625,NO,,,
1.0548523206751055,1000,0.67724609375,0.5625,NO,,,
1.0548523206751055,1000,0.67724609375,0.5625,NO,,,
1.0654008438818565,1010,0.6616477966308594,0.609375,NO,,,
1.0654008438818565,1010,0.6616477966308594,0.609375,NO,,,
1.0654008438818565,1010,0.6616477966308594,0.609375,NO,,,
1.0654008438818565,1010,0.6616477966308594,0.609375,NO,,,
1.0654008438818565,1010,0.6616477966308594,0.609375,NO,,,
1.0654008438818565,1010,0.6616477966308594,0.609375,NO,,,
1.0654008438818565,1010,0.6616477966308594,0.609375,NO,,,
1.0654008438818565,1010,0.6616477966308594,0.609375,NO,,,
1.0654008438818565,1010,0.6616477966308594,0.609375,NO,,,
1.0654008438818565,1010,0.6616477966308594,0.609375,NO,,,
1.0759493670886076,1020,0.6418609619140625,0.65625,NO,,,
1.0759493670886076,1020,0.6418609619140625,0.65625,NO,,,
1.0759493670886076,1020,0.6418609619140625,0.65625,NO,,,
1.0759493670886076,1020,0.6418609619140625,0.65625,NO,,,
1.0759493670886076,1020,0.6418609619140625,0.65625,NO,,,
1.0759493670886076,1020,0.6418609619140625,0.65625,NO,,,
1.0759493670886076,1020,0.6418609619140625,0.65625,NO,,,
1.0759493670886076,1020,0.6418609619140625,0.65625,NO,,,
1.0759493670886076,1020,0.6418609619140625,0.65625,NO,,,
1.0759493670886076,1020,0.6418609619140625,0.65625,NO,,,
1.0864978902953586,1030,0.7399978637695312,0.421875,NO,,,
1.0864978902953586,1030,0.7399978637695312,0.421875,NO,,,
1.0864978902953586,1030,0.7399978637695312,0.421875,NO,,,
1.0864978902953586,1030,0.7399978637695312,0.421875,NO,,,
1.0864978902953586,1030,0.7399978637695312,0.421875,NO,,,
1.0864978902953586,1030,0.7399978637695312,0.421875,NO,,,
1.0864978902953586,1030,0.7399978637695312,0.421875,NO,,,
1.0864978902953586,1030,0.7399978637695312,0.421875,NO,,,
1.0864978902953586,1030,0.7399978637695312,0.421875,NO,,,
1.0864978902953586,1030,0.7399978637695312,0.421875,NO,,,
1.0970464135021096,1040,0.6941795349121094,0.53125,NO,,,
1.0970464135021096,1040,0.6941795349121094,0.53125,NO,,,
1.0970464135021096,1040,0.6941795349121094,0.53125,NO,,,
1.0970464135021096,1040,0.6941795349121094,0.53125,NO,,,
1.0970464135021096,1040,0.6941795349121094,0.53125,NO,,,
1.0970464135021096,1040,0.6941795349121094,0.53125,NO,,,
1.0970464135021096,1040,0.6941795349121094,0.53125,NO,,,
1.0970464135021096,1040,0.6941795349121094,0.53125,NO,,,
1.0970464135021096,1040,0.6941795349121094,0.53125,NO,,,
1.0970464135021096,1040,0.6941795349121094,0.53125,NO,,,
1.1075949367088607,1050,0.6892776489257812,0.46875,NO,,,
1.1075949367088607,1050,0.6892776489257812,0.46875,NO,,,
1.1075949367088607,1050,0.6892776489257812,0.46875,NO,,,
1.1075949367088607,1050,0.6892776489257812,0.46875,NO,,,
1.1075949367088607,1050,0.6892776489257812,0.46875,NO,,,
1.1075949367088607,1050,0.6892776489257812,0.46875,NO,,,
1.1075949367088607,1050,0.6892776489257812,0.46875,NO,,,
1.1075949367088607,1050,0.6892776489257812,0.46875,NO,,,
1.1075949367088607,1050,0.6892776489257812,0.46875,NO,,,
1.1075949367088607,1050,0.6892776489257812,0.46875,NO,,,
1.1181434599156117,1060,0.6497154235839844,0.59375,NO,,,
1.1181434599156117,1060,0.6497154235839844,0.59375,NO,,,
1.1181434599156117,1060,0.6497154235839844,0.59375,NO,,,
1.1181434599156117,1060,0.6497154235839844,0.59375,NO,,,
1.1181434599156117,1060,0.6497154235839844,0.59375,NO,,,
1.1181434599156117,1060,0.6497154235839844,0.59375,NO,,,
1.1181434599156117,1060,0.6497154235839844,0.59375,NO,,,
1.1181434599156117,1060,0.6497154235839844,0.59375,NO,,,
1.1181434599156117,1060,0.6497154235839844,0.59375,NO,,,
1.1181434599156117,1060,0.6497154235839844,0.59375,NO,,,
1.128691983122363,1070,0.7154083251953125,0.5,NO,,,
1.128691983122363,1070,0.7154083251953125,0.5,NO,,,
1.128691983122363,1070,0.7154083251953125,0.5,NO,,,
1.128691983122363,1070,0.7154083251953125,0.5,NO,,,
1.128691983122363,1070,0.7154083251953125,0.5,NO,,,
1.128691983122363,1070,0.7154083251953125,0.5,NO,,,
1.128691983122363,1070,0.7154083251953125,0.5,NO,,,
1.128691983122363,1070,0.7154083251953125,0.5,NO,,,
1.128691983122363,1070,0.7154083251953125,0.5,NO,,,
1.128691983122363,1070,0.7154083251953125,0.5,NO,,,
1.139240506329114,1080,0.6836204528808594,0.5,NO,,,
1.139240506329114,1080,0.6836204528808594,0.5,NO,,,
1.139240506329114,1080,0.6836204528808594,0.5,NO,,,
1.139240506329114,1080,0.6836204528808594,0.5,NO,,,
1.139240506329114,1080,0.6836204528808594,0.5,NO,,,
1.139240506329114,1080,0.6836204528808594,0.5,NO,,,
1.139240506329114,1080,0.6836204528808594,0.5,NO,,,
1.139240506329114,1080,0.6836204528808594,0.5,NO,,,
1.139240506329114,1080,0.6836204528808594,0.5,NO,,,
1.139240506329114,1080,0.6836204528808594,0.5,NO,,,
1.149789029535865,1090,0.6665267944335938,0.59375,NO,,,
1.149789029535865,1090,0.6665267944335938,0.59375,NO,,,
1.149789029535865,1090,0.6665267944335938,0.59375,NO,,,
1.149789029535865,1090,0.6665267944335938,0.59375,NO,,,
1.149789029535865,1090,0.6665267944335938,0.59375,NO,,,
1.149789029535865,1090,0.6665267944335938,0.59375,NO,,,
1.149789029535865,1090,0.6665267944335938,0.59375,NO,,,
1.149789029535865,1090,0.6665267944335938,0.59375,NO,,,
1.149789029535865,1090,0.6665267944335938,0.59375,NO,,,
1.149789029535865,1090,0.6665267944335938,0.59375,NO,,,
1.160337552742616,1100,0.6276359558105469,0.640625,NO,,,
1.160337552742616,1100,0.6276359558105469,0.640625,NO,,,
1.160337552742616,1100,0.6276359558105469,0.640625,NO,,,
1.160337552742616,1100,0.6276359558105469,0.640625,NO,,,
1.160337552742616,1100,0.6276359558105469,0.640625,NO,,,
1.160337552742616,1100,0.6276359558105469,0.640625,NO,,,
1.160337552742616,1100,0.6276359558105469,0.640625,NO,,,
1.160337552742616,1100,0.6276359558105469,0.640625,NO,,,
1.160337552742616,1100,0.6276359558105469,0.640625,NO,,,
1.160337552742616,1100,0.6276359558105469,0.640625,NO,,,
1.1708860759493671,1110,0.6857032775878906,0.53125,NO,,,
1.1708860759493671,1110,0.6857032775878906,0.53125,NO,,,
1.1708860759493671,1110,0.6857032775878906,0.53125,NO,,,
1.1708860759493671,1110,0.6857032775878906,0.53125,NO,,,
1.1708860759493671,1110,0.6857032775878906,0.53125,NO,,,
1.1708860759493671,1110,0.6857032775878906,0.53125,NO,,,
1.1708860759493671,1110,0.6857032775878906,0.53125,NO,,,
1.1708860759493671,1110,0.6857032775878906,0.53125,NO,,,
1.1708860759493671,1110,0.6857032775878906,0.53125,NO,,,
1.1708860759493671,1110,0.6857032775878906,0.53125,NO,,,
1.1814345991561181,1120,0.7000541687011719,0.546875,NO,,,
1.1814345991561181,1120,0.7000541687011719,0.546875,NO,,,
1.1814345991561181,1120,0.7000541687011719,0.546875,NO,,,
1.1814345991561181,1120,0.7000541687011719,0.546875,NO,,,
1.1814345991561181,1120,0.7000541687011719,0.546875,NO,,,
1.1814345991561181,1120,0.7000541687011719,0.546875,NO,,,
1.1814345991561181,1120,0.7000541687011719,0.546875,NO,,,
1.1814345991561181,1120,0.7000541687011719,0.546875,NO,,,
1.1814345991561181,1120,0.7000541687011719,0.546875,NO,,,
1.1814345991561181,1120,0.7000541687011719,0.546875,NO,,,
1.1919831223628692,1130,0.6583518981933594,0.578125,NO,,,
1.1919831223628692,1130,0.6583518981933594,0.578125,NO,,,
1.1919831223628692,1130,0.6583518981933594,0.578125,NO,,,
1.1919831223628692,1130,0.6583518981933594,0.578125,NO,,,
1.1919831223628692,1130,0.6583518981933594,0.578125,NO,,,
1.1919831223628692,1130,0.6583518981933594,0.578125,NO,,,
1.1919831223628692,1130,0.6583518981933594,0.578125,NO,,,
1.1919831223628692,1130,0.6583518981933594,0.578125,NO,,,
1.1919831223628692,1130,0.6583518981933594,0.578125,NO,,,
1.1919831223628692,1130,0.6583518981933594,0.578125,NO,,,
1.2025316455696202,1140,0.6702919006347656,0.578125,NO,,,
1.2025316455696202,1140,0.6702919006347656,0.578125,NO,,,
1.2025316455696202,1140,0.6702919006347656,0.578125,NO,,,
1.2025316455696202,1140,0.6702919006347656,0.578125,NO,,,
1.2025316455696202,1140,0.6702919006347656,0.578125,NO,,,
1.2025316455696202,1140,0.6702919006347656,0.578125,NO,,,
1.2025316455696202,1140,0.6702919006347656,0.578125,NO,,,
1.2025316455696202,1140,0.6702919006347656,0.578125,NO,,,
1.2025316455696202,1140,0.6702919006347656,0.578125,NO,,,
1.2025316455696202,1140,0.6702919006347656,0.578125,NO,,,
1.2130801687763713,1150,0.6971473693847656,0.53125,NO,,,
1.2130801687763713,1150,0.6971473693847656,0.53125,NO,,,
1.2130801687763713,1150,0.6971473693847656,0.53125,NO,,,
1.2130801687763713,1150,0.6971473693847656,0.53125,NO,,,
1.2130801687763713,1150,0.6971473693847656,0.53125,NO,,,
1.2130801687763713,1150,0.6971473693847656,0.53125,NO,,,
1.2130801687763713,1150,0.6971473693847656,0.53125,NO,,,
1.2130801687763713,1150,0.6971473693847656,0.53125,NO,,,
1.2130801687763713,1150,0.6971473693847656,0.53125,NO,,,
1.2130801687763713,1150,0.6971473693847656,0.53125,NO,,,
1.2236286919831223,1160,0.6707420349121094,0.53125,NO,,,
1.2236286919831223,1160,0.6707420349121094,0.53125,NO,,,
1.2236286919831223,1160,0.6707420349121094,0.53125,NO,,,
1.2236286919831223,1160,0.6707420349121094,0.53125,NO,,,
1.2236286919831223,1160,0.6707420349121094,0.53125,NO,,,
1.2236286919831223,1160,0.6707420349121094,0.53125,NO,,,
1.2236286919831223,1160,0.6707420349121094,0.53125,NO,,,
1.2236286919831223,1160,0.6707420349121094,0.53125,NO,,,
1.2236286919831223,1160,0.6707420349121094,0.53125,NO,,,
1.2236286919831223,1160,0.6707420349121094,0.53125,NO,,,
1.2341772151898733,1170,0.6579093933105469,0.578125,NO,,,
1.2341772151898733,1170,0.6579093933105469,0.578125,NO,,,
1.2341772151898733,1170,0.6579093933105469,0.578125,NO,,,
1.2341772151898733,1170,0.6579093933105469,0.578125,NO,,,
1.2341772151898733,1170,0.6579093933105469,0.578125,NO,,,
1.2341772151898733,1170,0.6579093933105469,0.578125,NO,,,
1.2341772151898733,1170,0.6579093933105469,0.578125,NO,,,
1.2341772151898733,1170,0.6579093933105469,0.578125,NO,,,
1.2341772151898733,1170,0.6579093933105469,0.578125,NO,,,
1.2341772151898733,1170,0.6579093933105469,0.578125,NO,,,
1.2447257383966246,1180,0.6566734313964844,0.59375,NO,,,
1.2447257383966246,1180,0.6566734313964844,0.59375,NO,,,
1.2447257383966246,1180,0.6566734313964844,0.59375,NO,,,
1.2447257383966246,1180,0.6566734313964844,0.59375,NO,,,
1.2447257383966246,1180,0.6566734313964844,0.59375,NO,,,
1.2447257383966246,1180,0.6566734313964844,0.59375,NO,,,
1.2447257383966246,1180,0.6566734313964844,0.59375,NO,,,
1.2447257383966246,1180,0.6566734313964844,0.59375,NO,,,
1.2447257383966246,1180,0.6566734313964844,0.59375,NO,,,
1.2447257383966246,1180,0.6566734313964844,0.59375,NO,,,
1.2552742616033754,1190,0.6692237854003906,0.5625,NO,,,
1.2552742616033754,1190,0.6692237854003906,0.5625,NO,,,
1.2552742616033754,1190,0.6692237854003906,0.5625,NO,,,
1.2552742616033754,1190,0.6692237854003906,0.5625,NO,,,
1.2552742616033754,1190,0.6692237854003906,0.5625,NO,,,
1.2552742616033754,1190,0.6692237854003906,0.5625,NO,,,
1.2552742616033754,1190,0.6692237854003906,0.5625,NO,,,
1.2552742616033754,1190,0.6692237854003906,0.5625,NO,,,
1.2552742616033754,1190,0.6692237854003906,0.5625,NO,,,
1.2552742616033754,1190,0.6692237854003906,0.5625,NO,,,
1.2658227848101267,1200,0.7162857055664062,0.46875,NO,,,
1.2658227848101267,1200,0.7162857055664062,0.46875,NO,,,
1.2658227848101267,1200,0.7162857055664062,0.46875,NO,,,
1.2658227848101267,1200,0.7162857055664062,0.46875,NO,,,
1.2658227848101267,1200,0.7162857055664062,0.46875,NO,,,
1.2658227848101267,1200,0.7162857055664062,0.46875,NO,,,
1.2658227848101267,1200,0.7162857055664062,0.46875,NO,,,
1.2658227848101267,1200,0.7162857055664062,0.46875,NO,,,
1.2658227848101267,1200,0.7162857055664062,0.46875,NO,,,
1.2658227848101267,1200,0.7162857055664062,0.46875,NO,,,
1.2763713080168777,1210,0.6652145385742188,0.625,NO,,,
1.2763713080168777,1210,0.6652145385742188,0.625,NO,,,
1.2763713080168777,1210,0.6652145385742188,0.625,NO,,,
1.2763713080168777,1210,0.6652145385742188,0.625,NO,,,
1.2763713080168777,1210,0.6652145385742188,0.625,NO,,,
1.2763713080168777,1210,0.6652145385742188,0.625,NO,,,
1.2763713080168777,1210,0.6652145385742188,0.625,NO,,,
1.2763713080168777,1210,0.6652145385742188,0.625,NO,,,
1.2763713080168777,1210,0.6652145385742188,0.625,NO,,,
1.2763713080168777,1210,0.6652145385742188,0.625,NO,,,
1.2869198312236287,1220,0.7049751281738281,0.515625,NO,,,
1.2869198312236287,1220,0.7049751281738281,0.515625,NO,,,
1.2869198312236287,1220,0.7049751281738281,0.515625,NO,,,
1.2869198312236287,1220,0.7049751281738281,0.515625,NO,,,
1.2869198312236287,1220,0.7049751281738281,0.515625,NO,,,
1.2869198312236287,1220,0.7049751281738281,0.515625,NO,,,
1.2869198312236287,1220,0.7049751281738281,0.515625,NO,,,
1.2869198312236287,1220,0.7049751281738281,0.515625,NO,,,
1.2869198312236287,1220,0.7049751281738281,0.515625,NO,,,
1.2869198312236287,1220,0.7049751281738281,0.515625,NO,,,
1.2974683544303798,1230,0.6705665588378906,0.625,NO,,,
1.2974683544303798,1230,0.6705665588378906,0.625,NO,,,
1.2974683544303798,1230,0.6705665588378906,0.625,NO,,,
1.2974683544303798,1230,0.6705665588378906,0.625,NO,,,
1.2974683544303798,1230,0.6705665588378906,0.625,NO,,,
1.2974683544303798,1230,0.6705665588378906,0.625,NO,,,
1.2974683544303798,1230,0.6705665588378906,0.625,NO,,,
1.2974683544303798,1230,0.6705665588378906,0.625,NO,,,
1.2974683544303798,1230,0.6705665588378906,0.625,NO,,,
1.2974683544303798,1230,0.6705665588378906,0.625,NO,,,
1.3080168776371308,1240,0.6409111022949219,0.671875,NO,,,
1.3080168776371308,1240,0.6409111022949219,0.671875,NO,,,
1.3080168776371308,1240,0.6409111022949219,0.671875,NO,,,
1.3080168776371308,1240,0.6409111022949219,0.671875,NO,,,
1.3080168776371308,1240,0.6409111022949219,0.671875,NO,,,
1.3080168776371308,1240,0.6409111022949219,0.671875,NO,,,
1.3080168776371308,1240,0.6409111022949219,0.671875,NO,,,
1.3080168776371308,1240,0.6409111022949219,0.671875,NO,,,
1.3080168776371308,1240,0.6409111022949219,0.671875,NO,,,
1.3080168776371308,1240,0.6409111022949219,0.671875,NO,,,
1.3185654008438819,1250,0.6155929565429688,0.6875,NO,,,
1.3185654008438819,1250,0.6155929565429688,0.6875,NO,,,
1.3185654008438819,1250,0.6155929565429688,0.6875,NO,,,
1.3185654008438819,1250,0.6155929565429688,0.6875,NO,,,
1.3185654008438819,1250,0.6155929565429688,0.6875,NO,,,
1.3185654008438819,1250,0.6155929565429688,0.6875,NO,,,
1.3185654008438819,1250,0.6155929565429688,0.6875,NO,,,
1.3185654008438819,1250,0.6155929565429688,0.6875,NO,,,
1.3185654008438819,1250,0.6155929565429688,0.6875,NO,,,
1.3185654008438819,1250,0.6155929565429688,0.6875,NO,,,
1.3291139240506329,1260,0.6810111999511719,0.5625,NO,,,
1.3291139240506329,1260,0.6810111999511719,0.5625,NO,,,
1.3291139240506329,1260,0.6810111999511719,0.5625,NO,,,
1.3291139240506329,1260,0.6810111999511719,0.5625,NO,,,
1.3291139240506329,1260,0.6810111999511719,0.5625,NO,,,
1.3291139240506329,1260,0.6810111999511719,0.5625,NO,,,
1.3291139240506329,1260,0.6810111999511719,0.5625,NO,,,
1.3291139240506329,1260,0.6810111999511719,0.5625,NO,,,
1.3291139240506329,1260,0.6810111999511719,0.5625,NO,,,
1.3291139240506329,1260,0.6810111999511719,0.5625,NO,,,
1.339662447257384,1270,0.6813621520996094,0.53125,NO,,,
1.339662447257384,1270,0.6813621520996094,0.53125,NO,,,
1.339662447257384,1270,0.6813621520996094,0.53125,NO,,,
1.339662447257384,1270,0.6813621520996094,0.53125,NO,,,
1.339662447257384,1270,0.6813621520996094,0.53125,NO,,,
1.339662447257384,1270,0.6813621520996094,0.53125,NO,,,
1.339662447257384,1270,0.6813621520996094,0.53125,NO,,,
1.339662447257384,1270,0.6813621520996094,0.53125,NO,,,
1.339662447257384,1270,0.6813621520996094,0.53125,NO,,,
1.339662447257384,1270,0.6813621520996094,0.53125,NO,,,
1.350210970464135,1280,0.6975021362304688,0.515625,NO,,,
1.350210970464135,1280,0.6975021362304688,0.515625,NO,,,
1.350210970464135,1280,0.6975021362304688,0.515625,NO,,,
1.350210970464135,1280,0.6975021362304688,0.515625,NO,,,
1.350210970464135,1280,0.6975021362304688,0.515625,NO,,,
1.350210970464135,1280,0.6975021362304688,0.515625,NO,,,
1.350210970464135,1280,0.6975021362304688,0.515625,NO,,,
1.350210970464135,1280,0.6975021362304688,0.515625,NO,,,
1.350210970464135,1280,0.6975021362304688,0.515625,NO,,,
1.350210970464135,1280,0.6975021362304688,0.515625,NO,,,
1.360759493670886,1290,0.6833305358886719,0.515625,NO,,,
1.360759493670886,1290,0.6833305358886719,0.515625,NO,,,
1.360759493670886,1290,0.6833305358886719,0.515625,NO,,,
1.360759493670886,1290,0.6833305358886719,0.515625,NO,,,
1.360759493670886,1290,0.6833305358886719,0.515625,NO,,,
1.360759493670886,1290,0.6833305358886719,0.515625,NO,,,
1.360759493670886,1290,0.6833305358886719,0.515625,NO,,,
1.360759493670886,1290,0.6833305358886719,0.515625,NO,,,
1.360759493670886,1290,0.6833305358886719,0.515625,NO,,,
1.360759493670886,1290,0.6833305358886719,0.515625,NO,,,
1.371308016877637,1300,0.64483642578125,0.65625,NO,,,
1.371308016877637,1300,0.64483642578125,0.65625,NO,,,
1.371308016877637,1300,0.64483642578125,0.65625,NO,,,
1.371308016877637,1300,0.64483642578125,0.65625,NO,,,
1.371308016877637,1300,0.64483642578125,0.65625,NO,,,
1.371308016877637,1300,0.64483642578125,0.65625,NO,,,
1.371308016877637,1300,0.64483642578125,0.65625,NO,,,
1.371308016877637,1300,0.64483642578125,0.65625,NO,,,
1.371308016877637,1300,0.64483642578125,0.65625,NO,,,
1.371308016877637,1300,0.64483642578125,0.65625,NO,,,
1.3818565400843883,1310,0.6801261901855469,0.53125,NO,,,
1.3818565400843883,1310,0.6801261901855469,0.53125,NO,,,
1.3818565400843883,1310,0.6801261901855469,0.53125,NO,,,
1.3818565400843883,1310,0.6801261901855469,0.53125,NO,,,
1.3818565400843883,1310,0.6801261901855469,0.53125,NO,,,
1.3818565400843883,1310,0.6801261901855469,0.53125,NO,,,
1.3818565400843883,1310,0.6801261901855469,0.53125,NO,,,
1.3818565400843883,1310,0.6801261901855469,0.53125,NO,,,
1.3818565400843883,1310,0.6801261901855469,0.53125,NO,,,
1.3818565400843883,1310,0.6801261901855469,0.53125,NO,,,
1.3924050632911391,1320,0.7289237976074219,0.5,NO,,,
1.3924050632911391,1320,0.7289237976074219,0.5,NO,,,
1.3924050632911391,1320,0.7289237976074219,0.5,NO,,,
1.3924050632911391,1320,0.7289237976074219,0.5,NO,,,
1.3924050632911391,1320,0.7289237976074219,0.5,NO,,,
1.3924050632911391,1320,0.7289237976074219,0.5,NO,,,
1.3924050632911391,1320,0.7289237976074219,0.5,NO,,,
1.3924050632911391,1320,0.7289237976074219,0.5,NO,,,
1.3924050632911391,1320,0.7289237976074219,0.5,NO,,,
1.3924050632911391,1320,0.7289237976074219,0.5,NO,,,
1.4029535864978904,1330,0.5985107421875,0.75,NO,,,
1.4029535864978904,1330,0.5985107421875,0.75,NO,,,
1.4029535864978904,1330,0.5985107421875,0.75,NO,,,
1.4029535864978904,1330,0.5985107421875,0.75,NO,,,
1.4029535864978904,1330,0.5985107421875,0.75,NO,,,
1.4029535864978904,1330,0.5985107421875,0.75,NO,,,
1.4029535864978904,1330,0.5985107421875,0.75,NO,,,
1.4029535864978904,1330,0.5985107421875,0.75,NO,,,
1.4029535864978904,1330,0.5985107421875,0.75,NO,,,
1.4029535864978904,1330,0.5985107421875,0.75,NO,,,
1.4135021097046414,1340,0.6584243774414062,0.625,NO,,,
1.4135021097046414,1340,0.6584243774414062,0.625,NO,,,
1.4135021097046414,1340,0.6584243774414062,0.625,NO,,,
1.4135021097046414,1340,0.6584243774414062,0.625,NO,,,
1.4135021097046414,1340,0.6584243774414062,0.625,NO,,,
1.4135021097046414,1340,0.6584243774414062,0.625,NO,,,
1.4135021097046414,1340,0.6584243774414062,0.625,NO,,,
1.4135021097046414,1340,0.6584243774414062,0.625,NO,,,
1.4135021097046414,1340,0.6584243774414062,0.625,NO,,,
1.4135021097046414,1340,0.6584243774414062,0.625,NO,,,
1.4240506329113924,1350,0.6837425231933594,0.546875,NO,,,
1.4240506329113924,1350,0.6837425231933594,0.546875,NO,,,
1.4240506329113924,1350,0.6837425231933594,0.546875,NO,,,
1.4240506329113924,1350,0.6837425231933594,0.546875,NO,,,
1.4240506329113924,1350,0.6837425231933594,0.546875,NO,,,
1.4240506329113924,1350,0.6837425231933594,0.546875,NO,,,
1.4240506329113924,1350,0.6837425231933594,0.546875,NO,,,
1.4240506329113924,1350,0.6837425231933594,0.546875,NO,,,
1.4240506329113924,1350,0.6837425231933594,0.546875,NO,,,
1.4240506329113924,1350,0.6837425231933594,0.546875,NO,,,
1.4345991561181435,1360,0.6879959106445312,0.53125,NO,,,
1.4345991561181435,1360,0.6879959106445312,0.53125,NO,,,
1.4345991561181435,1360,0.6879959106445312,0.53125,NO,,,
1.4345991561181435,1360,0.6879959106445312,0.53125,NO,,,
1.4345991561181435,1360,0.6879959106445312,0.53125,NO,,,
1.4345991561181435,1360,0.6879959106445312,0.53125,NO,,,
1.4345991561181435,1360,0.6879959106445312,0.53125,NO,,,
1.4345991561181435,1360,0.6879959106445312,0.53125,NO,,,
1.4345991561181435,1360,0.6879959106445312,0.53125,NO,,,
1.4345991561181435,1360,0.6879959106445312,0.53125,NO,,,
1.4451476793248945,1370,0.6657943725585938,0.609375,NO,,,
1.4451476793248945,1370,0.6657943725585938,0.609375,NO,,,
1.4451476793248945,1370,0.6657943725585938,0.609375,NO,,,
1.4451476793248945,1370,0.6657943725585938,0.609375,NO,,,
1.4451476793248945,1370,0.6657943725585938,0.609375,NO,,,
1.4451476793248945,1370,0.6657943725585938,0.609375,NO,,,
1.4451476793248945,1370,0.6657943725585938,0.609375,NO,,,
1.4451476793248945,1370,0.6657943725585938,0.609375,NO,,,
1.4451476793248945,1370,0.6657943725585938,0.609375,NO,,,
1.4451476793248945,1370,0.6657943725585938,0.609375,NO,,,
1.4556962025316456,1380,0.6774864196777344,0.53125,NO,,,
1.4556962025316456,1380,0.6774864196777344,0.53125,NO,,,
1.4556962025316456,1380,0.6774864196777344,0.53125,NO,,,
1.4556962025316456,1380,0.6774864196777344,0.53125,NO,,,
1.4556962025316456,1380,0.6774864196777344,0.53125,NO,,,
1.4556962025316456,1380,0.6774864196777344,0.53125,NO,,,
1.4556962025316456,1380,0.6774864196777344,0.53125,NO,,,
1.4556962025316456,1380,0.6774864196777344,0.53125,NO,,,
1.4556962025316456,1380,0.6774864196777344,0.53125,NO,,,
1.4556962025316456,1380,0.6774864196777344,0.53125,NO,,,
1.4662447257383966,1390,0.6661720275878906,0.609375,NO,,,
1.4662447257383966,1390,0.6661720275878906,0.609375,NO,,,
1.4662447257383966,1390,0.6661720275878906,0.609375,NO,,,
1.4662447257383966,1390,0.6661720275878906,0.609375,NO,,,
1.4662447257383966,1390,0.6661720275878906,0.609375,NO,,,
1.4662447257383966,1390,0.6661720275878906,0.609375,NO,,,
1.4662447257383966,1390,0.6661720275878906,0.609375,NO,,,
1.4662447257383966,1390,0.6661720275878906,0.609375,NO,,,
1.4662447257383966,1390,0.6661720275878906,0.609375,NO,,,
1.4662447257383966,1390,0.6661720275878906,0.609375,NO,,,
1.4767932489451476,1400,0.661529541015625,0.609375,NO,,,
1.4767932489451476,1400,0.661529541015625,0.609375,NO,,,
1.4767932489451476,1400,0.661529541015625,0.609375,NO,,,
1.4767932489451476,1400,0.661529541015625,0.609375,NO,,,
1.4767932489451476,1400,0.661529541015625,0.609375,NO,,,
1.4767932489451476,1400,0.661529541015625,0.609375,NO,,,
1.4767932489451476,1400,0.661529541015625,0.609375,NO,,,
1.4767932489451476,1400,0.661529541015625,0.609375,NO,,,
1.4767932489451476,1400,0.661529541015625,0.609375,NO,,,
1.4767932489451476,1400,0.661529541015625,0.609375,NO,,,
1.4873417721518987,1410,0.6858482360839844,0.546875,NO,,,
1.4873417721518987,1410,0.6858482360839844,0.546875,NO,,,
1.4873417721518987,1410,0.6858482360839844,0.546875,NO,,,
1.4873417721518987,1410,0.6858482360839844,0.546875,NO,,,
1.4873417721518987,1410,0.6858482360839844,0.546875,NO,,,
1.4873417721518987,1410,0.6858482360839844,0.546875,NO,,,
1.4873417721518987,1410,0.6858482360839844,0.546875,NO,,,
1.4873417721518987,1410,0.6858482360839844,0.546875,NO,,,
1.4873417721518987,1410,0.6858482360839844,0.546875,NO,,,
1.4873417721518987,1410,0.6858482360839844,0.546875,NO,,,
1.49789029535865,1420,0.65679931640625,0.625,NO,,,
1.49789029535865,1420,0.65679931640625,0.625,NO,,,
1.49789029535865,1420,0.65679931640625,0.625,NO,,,
1.49789029535865,1420,0.65679931640625,0.625,NO,,,
1.49789029535865,1420,0.65679931640625,0.625,NO,,,
1.49789029535865,1420,0.65679931640625,0.625,NO,,,
1.49789029535865,1420,0.65679931640625,0.625,NO,,,
1.49789029535865,1420,0.65679931640625,0.625,NO,,,
1.49789029535865,1420,0.65679931640625,0.625,NO,,,
1.49789029535865,1420,0.65679931640625,0.625,NO,,,
1.5084388185654007,1430,0.6500663757324219,0.59375,NO,,,
1.5084388185654007,1430,0.6500663757324219,0.59375,NO,,,
1.5084388185654007,1430,0.6500663757324219,0.59375,NO,,,
1.5084388185654007,1430,0.6500663757324219,0.59375,NO,,,
1.5084388185654007,1430,0.6500663757324219,0.59375,NO,,,
1.5084388185654007,1430,0.6500663757324219,0.59375,NO,,,
1.5084388185654007,1430,0.6500663757324219,0.59375,NO,,,
1.5084388185654007,1430,0.6500663757324219,0.59375,NO,,,
1.5084388185654007,1430,0.6500663757324219,0.59375,NO,,,
1.5084388185654007,1430,0.6500663757324219,0.59375,NO,,,
1.518987341772152,1440,0.6797637939453125,0.5625,NO,,,
1.518987341772152,1440,0.6797637939453125,0.5625,NO,,,
1.518987341772152,1440,0.6797637939453125,0.5625,NO,,,
1.518987341772152,1440,0.6797637939453125,0.5625,NO,,,
1.518987341772152,1440,0.6797637939453125,0.5625,NO,,,
1.518987341772152,1440,0.6797637939453125,0.5625,NO,,,
1.518987341772152,1440,0.6797637939453125,0.5625,NO,,,
1.518987341772152,1440,0.6797637939453125,0.5625,NO,,,
1.518987341772152,1440,0.6797637939453125,0.5625,NO,,,
1.518987341772152,1440,0.6797637939453125,0.5625,NO,,,
1.5295358649789028,1450,0.6723823547363281,0.609375,NO,,,
1.5295358649789028,1450,0.6723823547363281,0.609375,NO,,,
1.5295358649789028,1450,0.6723823547363281,0.609375,NO,,,
1.5295358649789028,1450,0.6723823547363281,0.609375,NO,,,
1.5295358649789028,1450,0.6723823547363281,0.609375,NO,,,
1.5295358649789028,1450,0.6723823547363281,0.609375,NO,,,
1.5295358649789028,1450,0.6723823547363281,0.609375,NO,,,
1.5295358649789028,1450,0.6723823547363281,0.609375,NO,,,
1.5295358649789028,1450,0.6723823547363281,0.609375,NO,,,
1.5295358649789028,1450,0.6723823547363281,0.609375,NO,,,
1.540084388185654,1460,0.6626625061035156,0.59375,NO,,,
1.540084388185654,1460,0.6626625061035156,0.59375,NO,,,
1.540084388185654,1460,0.6626625061035156,0.59375,NO,,,
1.540084388185654,1460,0.6626625061035156,0.59375,NO,,,
1.540084388185654,1460,0.6626625061035156,0.59375,NO,,,
1.540084388185654,1460,0.6626625061035156,0.59375,NO,,,
1.540084388185654,1460,0.6626625061035156,0.59375,NO,,,
1.540084388185654,1460,0.6626625061035156,0.59375,NO,,,
1.540084388185654,1460,0.6626625061035156,0.59375,NO,,,
1.540084388185654,1460,0.6626625061035156,0.59375,NO,,,
1.5506329113924051,1470,0.6709098815917969,0.53125,NO,,,
1.5506329113924051,1470,0.6709098815917969,0.53125,NO,,,
1.5506329113924051,1470,0.6709098815917969,0.53125,NO,,,
1.5506329113924051,1470,0.6709098815917969,0.53125,NO,,,
1.5506329113924051,1470,0.6709098815917969,0.53125,NO,,,
1.5506329113924051,1470,0.6709098815917969,0.53125,NO,,,
1.5506329113924051,1470,0.6709098815917969,0.53125,NO,,,
1.5506329113924051,1470,0.6709098815917969,0.53125,NO,,,
1.5506329113924051,1470,0.6709098815917969,0.53125,NO,,,
1.5506329113924051,1470,0.6709098815917969,0.53125,NO,,,
1.5611814345991561,1480,0.707977294921875,0.484375,NO,,,
1.5611814345991561,1480,0.707977294921875,0.484375,NO,,,
1.5611814345991561,1480,0.707977294921875,0.484375,NO,,,
1.5611814345991561,1480,0.707977294921875,0.484375,NO,,,
1.5611814345991561,1480,0.707977294921875,0.484375,NO,,,
1.5611814345991561,1480,0.707977294921875,0.484375,NO,,,
1.5611814345991561,1480,0.707977294921875,0.484375,NO,,,
1.5611814345991561,1480,0.707977294921875,0.484375,NO,,,
1.5611814345991561,1480,0.707977294921875,0.484375,NO,,,
1.5611814345991561,1480,0.707977294921875,0.484375,NO,,,
1.5717299578059072,1490,0.7263450622558594,0.4375,NO,,,
1.5717299578059072,1490,0.7263450622558594,0.4375,NO,,,
1.5717299578059072,1490,0.7263450622558594,0.4375,NO,,,
1.5717299578059072,1490,0.7263450622558594,0.4375,NO,,,
1.5717299578059072,1490,0.7263450622558594,0.4375,NO,,,
1.5717299578059072,1490,0.7263450622558594,0.4375,NO,,,
1.5717299578059072,1490,0.7263450622558594,0.4375,NO,,,
1.5717299578059072,1490,0.7263450622558594,0.4375,NO,,,
1.5717299578059072,1490,0.7263450622558594,0.4375,NO,,,
1.5717299578059072,1490,0.7263450622558594,0.4375,NO,,,
1.5822784810126582,1500,0.67633056640625,0.578125,NO,,,
1.5822784810126582,1500,0.67633056640625,0.578125,NO,,,
1.5822784810126582,1500,0.67633056640625,0.578125,NO,,,
1.5822784810126582,1500,0.67633056640625,0.578125,NO,,,
1.5822784810126582,1500,0.67633056640625,0.578125,NO,,,
1.5822784810126582,1500,0.67633056640625,0.578125,NO,,,
1.5822784810126582,1500,0.67633056640625,0.578125,NO,,,
1.5822784810126582,1500,0.67633056640625,0.578125,NO,,,
1.5822784810126582,1500,0.67633056640625,0.578125,NO,,,
1.5822784810126582,1500,0.67633056640625,0.578125,NO,,,
1.5928270042194093,1510,0.66485595703125,0.65625,NO,,,
1.5928270042194093,1510,0.66485595703125,0.65625,NO,,,
1.5928270042194093,1510,0.66485595703125,0.65625,NO,,,
1.5928270042194093,1510,0.66485595703125,0.65625,NO,,,
1.5928270042194093,1510,0.66485595703125,0.65625,NO,,,
1.5928270042194093,1510,0.66485595703125,0.65625,NO,,,
1.5928270042194093,1510,0.66485595703125,0.65625,NO,,,
1.5928270042194093,1510,0.66485595703125,0.65625,NO,,,
1.5928270042194093,1510,0.66485595703125,0.65625,NO,,,
1.5928270042194093,1510,0.66485595703125,0.65625,NO,,,
1.6033755274261603,1520,0.69403076171875,0.515625,NO,,,
1.6033755274261603,1520,0.69403076171875,0.515625,NO,,,
1.6033755274261603,1520,0.69403076171875,0.515625,NO,,,
1.6033755274261603,1520,0.69403076171875,0.515625,NO,,,
1.6033755274261603,1520,0.69403076171875,0.515625,NO,,,
1.6033755274261603,1520,0.69403076171875,0.515625,NO,,,
1.6033755274261603,1520,0.69403076171875,0.515625,NO,,,
1.6033755274261603,1520,0.69403076171875,0.515625,NO,,,
1.6033755274261603,1520,0.69403076171875,0.515625,NO,,,
1.6033755274261603,1520,0.69403076171875,0.515625,NO,,,
1.6139240506329116,1530,0.6896133422851562,0.5,NO,,,
1.6139240506329116,1530,0.6896133422851562,0.5,NO,,,
1.6139240506329116,1530,0.6896133422851562,0.5,NO,,,
1.6139240506329116,1530,0.6896133422851562,0.5,NO,,,
1.6139240506329116,1530,0.6896133422851562,0.5,NO,,,
1.6139240506329116,1530,0.6896133422851562,0.5,NO,,,
1.6139240506329116,1530,0.6896133422851562,0.5,NO,,,
1.6139240506329116,1530,0.6896133422851562,0.5,NO,,,
1.6139240506329116,1530,0.6896133422851562,0.5,NO,,,
1.6139240506329116,1530,0.6896133422851562,0.5,NO,,,
1.6244725738396624,1540,0.6793251037597656,0.59375,NO,,,
1.6244725738396624,1540,0.6793251037597656,0.59375,NO,,,
1.6244725738396624,1540,0.6793251037597656,0.59375,NO,,,
1.6244725738396624,1540,0.6793251037597656,0.59375,NO,,,
1.6244725738396624,1540,0.6793251037597656,0.59375,NO,,,
1.6244725738396624,1540,0.6793251037597656,0.59375,NO,,,
1.6244725738396624,1540,0.6793251037597656,0.59375,NO,,,
1.6244725738396624,1540,0.6793251037597656,0.59375,NO,,,
1.6244725738396624,1540,0.6793251037597656,0.59375,NO,,,
1.6244725738396624,1540,0.6793251037597656,0.59375,NO,,,
1.6350210970464136,1550,0.6853294372558594,0.53125,NO,,,
1.6350210970464136,1550,0.6853294372558594,0.53125,NO,,,
1.6350210970464136,1550,0.6853294372558594,0.53125,NO,,,
1.6350210970464136,1550,0.6853294372558594,0.53125,NO,,,
1.6350210970464136,1550,0.6853294372558594,0.53125,NO,,,
1.6350210970464136,1550,0.6853294372558594,0.53125,NO,,,
1.6350210970464136,1550,0.6853294372558594,0.53125,NO,,,
1.6350210970464136,1550,0.6853294372558594,0.53125,NO,,,
1.6350210970464136,1550,0.6853294372558594,0.53125,NO,,,
1.6350210970464136,1550,0.6853294372558594,0.53125,NO,,,
1.6455696202531644,1560,0.6377944946289062,0.65625,NO,,,
1.6455696202531644,1560,0.6377944946289062,0.65625,NO,,,
1.6455696202531644,1560,0.6377944946289062,0.65625,NO,,,
1.6455696202531644,1560,0.6377944946289062,0.65625,NO,,,
1.6455696202531644,1560,0.6377944946289062,0.65625,NO,,,
1.6455696202531644,1560,0.6377944946289062,0.65625,NO,,,
1.6455696202531644,1560,0.6377944946289062,0.65625,NO,,,
1.6455696202531644,1560,0.6377944946289062,0.65625,NO,,,
1.6455696202531644,1560,0.6377944946289062,0.65625,NO,,,
1.6455696202531644,1560,0.6377944946289062,0.65625,NO,,,
1.6561181434599157,1570,0.6650581359863281,0.609375,NO,,,
1.6561181434599157,1570,0.6650581359863281,0.609375,NO,,,
1.6561181434599157,1570,0.6650581359863281,0.609375,NO,,,
1.6561181434599157,1570,0.6650581359863281,0.609375,NO,,,
1.6561181434599157,1570,0.6650581359863281,0.609375,NO,,,
1.6561181434599157,1570,0.6650581359863281,0.609375,NO,,,
1.6561181434599157,1570,0.6650581359863281,0.609375,NO,,,
1.6561181434599157,1570,0.6650581359863281,0.609375,NO,,,
1.6561181434599157,1570,0.6650581359863281,0.609375,NO,,,
1.6561181434599157,1570,0.6650581359863281,0.609375,NO,,,
1.6666666666666665,1580,0.6948776245117188,0.53125,NO,,,
1.6666666666666665,1580,0.6948776245117188,0.53125,NO,,,
1.6666666666666665,1580,0.6948776245117188,0.53125,NO,,,
1.6666666666666665,1580,0.6948776245117188,0.53125,NO,,,
1.6666666666666665,1580,0.6948776245117188,0.53125,NO,,,
1.6666666666666665,1580,0.6948776245117188,0.53125,NO,,,
1.6666666666666665,1580,0.6948776245117188,0.53125,NO,,,
1.6666666666666665,1580,0.6948776245117188,0.53125,NO,,,
1.6666666666666665,1580,0.6948776245117188,0.53125,NO,,,
1.6666666666666665,1580,0.6948776245117188,0.53125,NO,,,
1.6772151898734178,1590,0.6584434509277344,0.59375,NO,,,
1.6772151898734178,1590,0.6584434509277344,0.59375,NO,,,
1.6772151898734178,1590,0.6584434509277344,0.59375,NO,,,
1.6772151898734178,1590,0.6584434509277344,0.59375,NO,,,
1.6772151898734178,1590,0.6584434509277344,0.59375,NO,,,
1.6772151898734178,1590,0.6584434509277344,0.59375,NO,,,
1.6772151898734178,1590,0.6584434509277344,0.59375,NO,,,
1.6772151898734178,1590,0.6584434509277344,0.59375,NO,,,
1.6772151898734178,1590,0.6584434509277344,0.59375,NO,,,
1.6772151898734178,1590,0.6584434509277344,0.59375,NO,,,
1.6877637130801688,1600,0.6810760498046875,0.546875,NO,,,
1.6877637130801688,1600,0.6810760498046875,0.546875,NO,,,
1.6877637130801688,1600,0.6810760498046875,0.546875,NO,,,
1.6877637130801688,1600,0.6810760498046875,0.546875,NO,,,
1.6877637130801688,1600,0.6810760498046875,0.546875,NO,,,
1.6877637130801688,1600,0.6810760498046875,0.546875,NO,,,
1.6877637130801688,1600,0.6810760498046875,0.546875,NO,,,
1.6877637130801688,1600,0.6810760498046875,0.546875,NO,,,
1.6877637130801688,1600,0.6810760498046875,0.546875,NO,,,
1.6877637130801688,1600,0.6810760498046875,0.546875,NO,,,
1.6983122362869199,1610,0.6833648681640625,0.515625,NO,,,
1.6983122362869199,1610,0.6833648681640625,0.515625,NO,,,
1.6983122362869199,1610,0.6833648681640625,0.515625,NO,,,
1.6983122362869199,1610,0.6833648681640625,0.515625,NO,,,
1.6983122362869199,1610,0.6833648681640625,0.515625,NO,,,
1.6983122362869199,1610,0.6833648681640625,0.515625,NO,,,
1.6983122362869199,1610,0.6833648681640625,0.515625,NO,,,
1.6983122362869199,1610,0.6833648681640625,0.515625,NO,,,
1.6983122362869199,1610,0.6833648681640625,0.515625,NO,,,
1.6983122362869199,1610,0.6833648681640625,0.515625,NO,,,
1.7088607594936709,1620,0.7162971496582031,0.515625,NO,,,
1.7088607594936709,1620,0.7162971496582031,0.515625,NO,,,
1.7088607594936709,1620,0.7162971496582031,0.515625,NO,,,
1.7088607594936709,1620,0.7162971496582031,0.515625,NO,,,
1.7088607594936709,1620,0.7162971496582031,0.515625,NO,,,
1.7088607594936709,1620,0.7162971496582031,0.515625,NO,,,
1.7088607594936709,1620,0.7162971496582031,0.515625,NO,,,
1.7088607594936709,1620,0.7162971496582031,0.515625,NO,,,
1.7088607594936709,1620,0.7162971496582031,0.515625,NO,,,
1.7088607594936709,1620,0.7162971496582031,0.515625,NO,,,
1.719409282700422,1630,0.6594734191894531,0.609375,NO,,,
1.719409282700422,1630,0.6594734191894531,0.609375,NO,,,
1.719409282700422,1630,0.6594734191894531,0.609375,NO,,,
1.719409282700422,1630,0.6594734191894531,0.609375,NO,,,
1.719409282700422,1630,0.6594734191894531,0.609375,NO,,,
1.719409282700422,1630,0.6594734191894531,0.609375,NO,,,
1.719409282700422,1630,0.6594734191894531,0.609375,NO,,,
1.719409282700422,1630,0.6594734191894531,0.609375,NO,,,
1.719409282700422,1630,0.6594734191894531,0.609375,NO,,,
1.719409282700422,1630,0.6594734191894531,0.609375,NO,,,
1.729957805907173,1640,0.6446952819824219,0.65625,NO,,,
1.729957805907173,1640,0.6446952819824219,0.65625,NO,,,
1.729957805907173,1640,0.6446952819824219,0.65625,NO,,,
1.729957805907173,1640,0.6446952819824219,0.65625,NO,,,
1.729957805907173,1640,0.6446952819824219,0.65625,NO,,,
1.729957805907173,1640,0.6446952819824219,0.65625,NO,,,
1.729957805907173,1640,0.6446952819824219,0.65625,NO,,,
1.729957805907173,1640,0.6446952819824219,0.65625,NO,,,
1.729957805907173,1640,0.6446952819824219,0.65625,NO,,,
1.729957805907173,1640,0.6446952819824219,0.65625,NO,,,
1.740506329113924,1650,0.6686782836914062,0.578125,NO,,,
1.740506329113924,1650,0.6686782836914062,0.578125,NO,,,
1.740506329113924,1650,0.6686782836914062,0.578125,NO,,,
1.740506329113924,1650,0.6686782836914062,0.578125,NO,,,
1.740506329113924,1650,0.6686782836914062,0.578125,NO,,,
1.740506329113924,1650,0.6686782836914062,0.578125,NO,,,
1.740506329113924,1650,0.6686782836914062,0.578125,NO,,,
1.740506329113924,1650,0.6686782836914062,0.578125,NO,,,
1.740506329113924,1650,0.6686782836914062,0.578125,NO,,,
1.740506329113924,1650,0.6686782836914062,0.578125,NO,,,
1.7510548523206753,1660,0.6612739562988281,0.609375,NO,,,
1.7510548523206753,1660,0.6612739562988281,0.609375,NO,,,
1.7510548523206753,1660,0.6612739562988281,0.609375,NO,,,
1.7510548523206753,1660,0.6612739562988281,0.609375,NO,,,
1.7510548523206753,1660,0.6612739562988281,0.609375,NO,,,
1.7510548523206753,1660,0.6612739562988281,0.609375,NO,,,
1.7510548523206753,1660,0.6612739562988281,0.609375,NO,,,
1.7510548523206753,1660,0.6612739562988281,0.609375,NO,,,
1.7510548523206753,1660,0.6612739562988281,0.609375,NO,,,
1.7510548523206753,1660,0.6612739562988281,0.609375,NO,,,
1.761603375527426,1670,0.6440505981445312,0.640625,NO,,,
1.761603375527426,1670,0.6440505981445312,0.640625,NO,,,
1.761603375527426,1670,0.6440505981445312,0.640625,NO,,,
1.761603375527426,1670,0.6440505981445312,0.640625,NO,,,
1.761603375527426,1670,0.6440505981445312,0.640625,NO,,,
1.761603375527426,1670,0.6440505981445312,0.640625,NO,,,
1.761603375527426,1670,0.6440505981445312,0.640625,NO,,,
1.761603375527426,1670,0.6440505981445312,0.640625,NO,,,
1.761603375527426,1670,0.6440505981445312,0.640625,NO,,,
1.761603375527426,1670,0.6440505981445312,0.640625,NO,,,
1.7721518987341773,1680,0.6644706726074219,0.578125,NO,,,
1.7721518987341773,1680,0.6644706726074219,0.578125,NO,,,
1.7721518987341773,1680,0.6644706726074219,0.578125,NO,,,
1.7721518987341773,1680,0.6644706726074219,0.578125,NO,,,
1.7721518987341773,1680,0.6644706726074219,0.578125,NO,,,
1.7721518987341773,1680,0.6644706726074219,0.578125,NO,,,
1.7721518987341773,1680,0.6644706726074219,0.578125,NO,,,
1.7721518987341773,1680,0.6644706726074219,0.578125,NO,,,
1.7721518987341773,1680,0.6644706726074219,0.578125,NO,,,
1.7721518987341773,1680,0.6644706726074219,0.578125,NO,,,
1.7827004219409281,1690,0.6682777404785156,0.53125,NO,,,
1.7827004219409281,1690,0.6682777404785156,0.53125,NO,,,
1.7827004219409281,1690,0.6682777404785156,0.53125,NO,,,
1.7827004219409281,1690,0.6682777404785156,0.53125,NO,,,
1.7827004219409281,1690,0.6682777404785156,0.53125,NO,,,
1.7827004219409281,1690,0.6682777404785156,0.53125,NO,,,
1.7827004219409281,1690,0.6682777404785156,0.53125,NO,,,
1.7827004219409281,1690,0.6682777404785156,0.53125,NO,,,
1.7827004219409281,1690,0.6682777404785156,0.53125,NO,,,
1.7827004219409281,1690,0.6682777404785156,0.53125,NO,,,
1.7932489451476794,1700,0.6349716186523438,0.609375,NO,,,
1.7932489451476794,1700,0.6349716186523438,0.609375,NO,,,
1.7932489451476794,1700,0.6349716186523438,0.609375,NO,,,
1.7932489451476794,1700,0.6349716186523438,0.609375,NO,,,
1.7932489451476794,1700,0.6349716186523438,0.609375,NO,,,
1.7932489451476794,1700,0.6349716186523438,0.609375,NO,,,
1.7932489451476794,1700,0.6349716186523438,0.609375,NO,,,
1.7932489451476794,1700,0.6349716186523438,0.609375,NO,,,
1.7932489451476794,1700,0.6349716186523438,0.609375,NO,,,
1.7932489451476794,1700,0.6349716186523438,0.609375,NO,,,
1.8037974683544302,1710,0.6458244323730469,0.609375,NO,,,
1.8037974683544302,1710,0.6458244323730469,0.609375,NO,,,
1.8037974683544302,1710,0.6458244323730469,0.609375,NO,,,
1.8037974683544302,1710,0.6458244323730469,0.609375,NO,,,
1.8037974683544302,1710,0.6458244323730469,0.609375,NO,,,
1.8037974683544302,1710,0.6458244323730469,0.609375,NO,,,
1.8037974683544302,1710,0.6458244323730469,0.609375,NO,,,
1.8037974683544302,1710,0.6458244323730469,0.609375,NO,,,
1.8037974683544302,1710,0.6458244323730469,0.609375,NO,,,
1.8037974683544302,1710,0.6458244323730469,0.609375,NO,,,
1.8143459915611815,1720,0.6688880920410156,0.59375,NO,,,
1.8143459915611815,1720,0.6688880920410156,0.59375,NO,,,
1.8143459915611815,1720,0.6688880920410156,0.59375,NO,,,
1.8143459915611815,1720,0.6688880920410156,0.59375,NO,,,
1.8143459915611815,1720,0.6688880920410156,0.59375,NO,,,
1.8143459915611815,1720,0.6688880920410156,0.59375,NO,,,
1.8143459915611815,1720,0.6688880920410156,0.59375,NO,,,
1.8143459915611815,1720,0.6688880920410156,0.59375,NO,,,
1.8143459915611815,1720,0.6688880920410156,0.59375,NO,,,
1.8143459915611815,1720,0.6688880920410156,0.59375,NO,,,
1.8248945147679325,1730,0.6922874450683594,0.578125,NO,,,
1.8248945147679325,1730,0.6922874450683594,0.578125,NO,,,
1.8248945147679325,1730,0.6922874450683594,0.578125,NO,,,
1.8248945147679325,1730,0.6922874450683594,0.578125,NO,,,
1.8248945147679325,1730,0.6922874450683594,0.578125,NO,,,
1.8248945147679325,1730,0.6922874450683594,0.578125,NO,,,
1.8248945147679325,1730,0.6922874450683594,0.578125,NO,,,
1.8248945147679325,1730,0.6922874450683594,0.578125,NO,,,
1.8248945147679325,1730,0.6922874450683594,0.578125,NO,,,
1.8248945147679325,1730,0.6922874450683594,0.578125,NO,,,
1.8354430379746836,1740,0.6444549560546875,0.640625,NO,,,
1.8354430379746836,1740,0.6444549560546875,0.640625,NO,,,
1.8354430379746836,1740,0.6444549560546875,0.640625,NO,,,
1.8354430379746836,1740,0.6444549560546875,0.640625,NO,,,
1.8354430379746836,1740,0.6444549560546875,0.640625,NO,,,
1.8354430379746836,1740,0.6444549560546875,0.640625,NO,,,
1.8354430379746836,1740,0.6444549560546875,0.640625,NO,,,
1.8354430379746836,1740,0.6444549560546875,0.640625,NO,,,
1.8354430379746836,1740,0.6444549560546875,0.640625,NO,,,
1.8354430379746836,1740,0.6444549560546875,0.640625,NO,,,
1.8459915611814346,1750,0.6341285705566406,0.671875,NO,,,
1.8459915611814346,1750,0.6341285705566406,0.671875,NO,,,
1.8459915611814346,1750,0.6341285705566406,0.671875,NO,,,
1.8459915611814346,1750,0.6341285705566406,0.671875,NO,,,
1.8459915611814346,1750,0.6341285705566406,0.671875,NO,,,
1.8459915611814346,1750,0.6341285705566406,0.671875,NO,,,
1.8459915611814346,1750,0.6341285705566406,0.671875,NO,,,
1.8459915611814346,1750,0.6341285705566406,0.671875,NO,,,
1.8459915611814346,1750,0.6341285705566406,0.671875,NO,,,
1.8459915611814346,1750,0.6341285705566406,0.671875,NO,,,
1.8565400843881856,1760,0.6081085205078125,0.734375,NO,,,
1.8565400843881856,1760,0.6081085205078125,0.734375,NO,,,
1.8565400843881856,1760,0.6081085205078125,0.734375,NO,,,
1.8565400843881856,1760,0.6081085205078125,0.734375,NO,,,
1.8565400843881856,1760,0.6081085205078125,0.734375,NO,,,
1.8565400843881856,1760,0.6081085205078125,0.734375,NO,,,
1.8565400843881856,1760,0.6081085205078125,0.734375,NO,,,
1.8565400843881856,1760,0.6081085205078125,0.734375,NO,,,
1.8565400843881856,1760,0.6081085205078125,0.734375,NO,,,
1.8565400843881856,1760,0.6081085205078125,0.734375,NO,,,
1.8670886075949367,1770,0.7040252685546875,0.515625,NO,,,
1.8670886075949367,1770,0.7040252685546875,0.515625,NO,,,
1.8670886075949367,1770,0.7040252685546875,0.515625,NO,,,
1.8670886075949367,1770,0.7040252685546875,0.515625,NO,,,
1.8670886075949367,1770,0.7040252685546875,0.515625,NO,,,
1.8670886075949367,1770,0.7040252685546875,0.515625,NO,,,
1.8670886075949367,1770,0.7040252685546875,0.515625,NO,,,
1.8670886075949367,1770,0.7040252685546875,0.515625,NO,,,
1.8670886075949367,1770,0.7040252685546875,0.515625,NO,,,
1.8670886075949367,1770,0.7040252685546875,0.515625,NO,,,
1.8776371308016877,1780,0.6754684448242188,0.578125,NO,,,
1.8776371308016877,1780,0.6754684448242188,0.578125,NO,,,
1.8776371308016877,1780,0.6754684448242188,0.578125,NO,,,
1.8776371308016877,1780,0.6754684448242188,0.578125,NO,,,
1.8776371308016877,1780,0.6754684448242188,0.578125,NO,,,
1.8776371308016877,1780,0.6754684448242188,0.578125,NO,,,
1.8776371308016877,1780,0.6754684448242188,0.578125,NO,,,
1.8776371308016877,1780,0.6754684448242188,0.578125,NO,,,
1.8776371308016877,1780,0.6754684448242188,0.578125,NO,,,
1.8776371308016877,1780,0.6754684448242188,0.578125,NO,,,
1.888185654008439,1790,0.6935005187988281,0.53125,NO,,,
1.888185654008439,1790,0.6935005187988281,0.53125,NO,,,
1.888185654008439,1790,0.6935005187988281,0.53125,NO,,,
1.888185654008439,1790,0.6935005187988281,0.53125,NO,,,
1.888185654008439,1790,0.6935005187988281,0.53125,NO,,,
1.888185654008439,1790,0.6935005187988281,0.53125,NO,,,
1.888185654008439,1790,0.6935005187988281,0.53125,NO,,,
1.888185654008439,1790,0.6935005187988281,0.53125,NO,,,
1.888185654008439,1790,0.6935005187988281,0.53125,NO,,,
1.888185654008439,1790,0.6935005187988281,0.53125,NO,,,
1.8987341772151898,1800,0.6415138244628906,0.625,NO,,,
1.8987341772151898,1800,0.6415138244628906,0.625,NO,,,
1.8987341772151898,1800,0.6415138244628906,0.625,NO,,,
1.8987341772151898,1800,0.6415138244628906,0.625,NO,,,
1.8987341772151898,1800,0.6415138244628906,0.625,NO,,,
1.8987341772151898,1800,0.6415138244628906,0.625,NO,,,
1.8987341772151898,1800,0.6415138244628906,0.625,NO,,,
1.8987341772151898,1800,0.6415138244628906,0.625,NO,,,
1.8987341772151898,1800,0.6415138244628906,0.625,NO,,,
1.8987341772151898,1800,0.6415138244628906,0.625,NO,,,
1.909282700421941,1810,0.6617355346679688,0.5625,NO,,,
1.909282700421941,1810,0.6617355346679688,0.5625,NO,,,
1.909282700421941,1810,0.6617355346679688,0.5625,NO,,,
1.909282700421941,1810,0.6617355346679688,0.5625,NO,,,
1.909282700421941,1810,0.6617355346679688,0.5625,NO,,,
1.909282700421941,1810,0.6617355346679688,0.5625,NO,,,
1.909282700421941,1810,0.6617355346679688,0.5625,NO,,,
1.909282700421941,1810,0.6617355346679688,0.5625,NO,,,
1.909282700421941,1810,0.6617355346679688,0.5625,NO,,,
1.909282700421941,1810,0.6617355346679688,0.5625,NO,,,
1.9198312236286919,1820,0.664154052734375,0.578125,NO,,,
1.9198312236286919,1820,0.664154052734375,0.578125,NO,,,
1.9198312236286919,1820,0.664154052734375,0.578125,NO,,,
1.9198312236286919,1820,0.664154052734375,0.578125,NO,,,
1.9198312236286919,1820,0.664154052734375,0.578125,NO,,,
1.9198312236286919,1820,0.664154052734375,0.578125,NO,,,
1.9198312236286919,1820,0.664154052734375,0.578125,NO,,,
1.9198312236286919,1820,0.664154052734375,0.578125,NO,,,
1.9198312236286919,1820,0.664154052734375,0.578125,NO,,,
1.9198312236286919,1820,0.664154052734375,0.578125,NO,,,
1.9303797468354431,1830,0.6896934509277344,0.578125,NO,,,
1.9303797468354431,1830,0.6896934509277344,0.578125,NO,,,
1.9303797468354431,1830,0.6896934509277344,0.578125,NO,,,
1.9303797468354431,1830,0.6896934509277344,0.578125,NO,,,
1.9303797468354431,1830,0.6896934509277344,0.578125,NO,,,
1.9303797468354431,1830,0.6896934509277344,0.578125,NO,,,
1.9303797468354431,1830,0.6896934509277344,0.578125,NO,,,
1.9303797468354431,1830,0.6896934509277344,0.578125,NO,,,
1.9303797468354431,1830,0.6896934509277344,0.578125,NO,,,
1.9303797468354431,1830,0.6896934509277344,0.578125,NO,,,
1.9409282700421941,1840,0.6422615051269531,0.625,NO,,,
1.9409282700421941,1840,0.6422615051269531,0.625,NO,,,
1.9409282700421941,1840,0.6422615051269531,0.625,NO,,,
1.9409282700421941,1840,0.6422615051269531,0.625,NO,,,
1.9409282700421941,1840,0.6422615051269531,0.625,NO,,,
1.9409282700421941,1840,0.6422615051269531,0.625,NO,,,
1.9409282700421941,1840,0.6422615051269531,0.625,NO,,,
1.9409282700421941,1840,0.6422615051269531,0.625,NO,,,
1.9409282700421941,1840,0.6422615051269531,0.625,NO,,,
1.9409282700421941,1840,0.6422615051269531,0.625,NO,,,
1.9514767932489452,1850,0.6460494995117188,0.609375,NO,,,
1.9514767932489452,1850,0.6460494995117188,0.609375,NO,,,
1.9514767932489452,1850,0.6460494995117188,0.609375,NO,,,
1.9514767932489452,1850,0.6460494995117188,0.609375,NO,,,
1.9514767932489452,1850,0.6460494995117188,0.609375,NO,,,
1.9514767932489452,1850,0.6460494995117188,0.609375,NO,,,
1.9514767932489452,1850,0.6460494995117188,0.609375,NO,,,
1.9514767932489452,1850,0.6460494995117188,0.609375,NO,,,
1.9514767932489452,1850,0.6460494995117188,0.609375,NO,,,
1.9514767932489452,1850,0.6460494995117188,0.609375,NO,,,
1.9620253164556962,1860,0.6360206604003906,0.703125,NO,,,
1.9620253164556962,1860,0.6360206604003906,0.703125,NO,,,
1.9620253164556962,1860,0.6360206604003906,0.703125,NO,,,
1.9620253164556962,1860,0.6360206604003906,0.703125,NO,,,
1.9620253164556962,1860,0.6360206604003906,0.703125,NO,,,
1.9620253164556962,1860,0.6360206604003906,0.703125,NO,,,
1.9620253164556962,1860,0.6360206604003906,0.703125,NO,,,
1.9620253164556962,1860,0.6360206604003906,0.703125,NO,,,
1.9620253164556962,1860,0.6360206604003906,0.703125,NO,,,
1.9620253164556962,1860,0.6360206604003906,0.703125,NO,,,
1.9725738396624473,1870,0.6809921264648438,0.53125,NO,,,
1.9725738396624473,1870,0.6809921264648438,0.53125,NO,,,
1.9725738396624473,1870,0.6809921264648438,0.53125,NO,,,
1.9725738396624473,1870,0.6809921264648438,0.53125,NO,,,
1.9725738396624473,1870,0.6809921264648438,0.53125,NO,,,
1.9725738396624473,1870,0.6809921264648438,0.53125,NO,,,
1.9725738396624473,1870,0.6809921264648438,0.53125,NO,,,
1.9725738396624473,1870,0.6809921264648438,0.53125,NO,,,
1.9725738396624473,1870,0.6809921264648438,0.53125,NO,,,
1.9725738396624473,1870,0.6809921264648438,0.53125,NO,,,
1.9831223628691983,1880,0.6673202514648438,0.5625,NO,,,
1.9831223628691983,1880,0.6673202514648438,0.5625,NO,,,
1.9831223628691983,1880,0.6673202514648438,0.5625,NO,,,
1.9831223628691983,1880,0.6673202514648438,0.5625,NO,,,
1.9831223628691983,1880,0.6673202514648438,0.5625,NO,,,
1.9831223628691983,1880,0.6673202514648438,0.5625,NO,,,
1.9831223628691983,1880,0.6673202514648438,0.5625,NO,,,
1.9831223628691983,1880,0.6673202514648438,0.5625,NO,,,
1.9831223628691983,1880,0.6673202514648438,0.5625,NO,,,
1.9831223628691983,1880,0.6673202514648438,0.5625,NO,,,
1.9936708860759493,1890,0.6979331970214844,0.484375,NO,,,
1.9936708860759493,1890,0.6979331970214844,0.484375,NO,,,
1.9936708860759493,1890,0.6979331970214844,0.484375,NO,,,
1.9936708860759493,1890,0.6979331970214844,0.484375,NO,,,
1.9936708860759493,1890,0.6979331970214844,0.484375,NO,,,
1.9936708860759493,1890,0.6979331970214844,0.484375,NO,,,
1.9936708860759493,1890,0.6979331970214844,0.484375,NO,,,
1.9936708860759493,1890,0.6979331970214844,0.484375,NO,,,
1.9936708860759493,1890,0.6979331970214844,0.484375,NO,,,
1.9936708860759493,1890,0.6979331970214844,0.484375,NO,,,
2.0042194092827006,1900,0.6893539428710938,0.515625,NO,,,
2.0042194092827006,1900,0.6893539428710938,0.515625,NO,,,
2.0042194092827006,1900,0.6893539428710938,0.515625,NO,,,
2.0042194092827006,1900,0.6893539428710938,0.515625,NO,,,
2.0042194092827006,1900,0.6893539428710938,0.515625,NO,,,
2.0042194092827006,1900,0.6893539428710938,0.515625,NO,,,
2.0042194092827006,1900,0.6893539428710938,0.515625,NO,,,
2.0042194092827006,1900,0.6893539428710938,0.515625,NO,,,
2.0042194092827006,1900,0.6893539428710938,0.515625,NO,,,
2.0042194092827006,1900,0.6893539428710938,0.515625,NO,,,
2.0147679324894514,1910,0.6705894470214844,0.578125,NO,,,
2.0147679324894514,1910,0.6705894470214844,0.578125,NO,,,
2.0147679324894514,1910,0.6705894470214844,0.578125,NO,,,
2.0147679324894514,1910,0.6705894470214844,0.578125,NO,,,
2.0147679324894514,1910,0.6705894470214844,0.578125,NO,,,
2.0147679324894514,1910,0.6705894470214844,0.578125,NO,,,
2.0147679324894514,1910,0.6705894470214844,0.578125,NO,,,
2.0147679324894514,1910,0.6705894470214844,0.578125,NO,,,
2.0147679324894514,1910,0.6705894470214844,0.578125,NO,,,
2.0147679324894514,1910,0.6705894470214844,0.578125,NO,,,
2.0253164556962027,1920,0.6723289489746094,0.5,NO,,,
2.0253164556962027,1920,0.6723289489746094,0.5,NO,,,
2.0253164556962027,1920,0.6723289489746094,0.5,NO,,,
2.0253164556962027,1920,0.6723289489746094,0.5,NO,,,
2.0253164556962027,1920,0.6723289489746094,0.5,NO,,,
2.0253164556962027,1920,0.6723289489746094,0.5,NO,,,
2.0253164556962027,1920,0.6723289489746094,0.5,NO,,,
2.0253164556962027,1920,0.6723289489746094,0.5,NO,,,
2.0253164556962027,1920,0.6723289489746094,0.5,NO,,,
2.0253164556962027,1920,0.6723289489746094,0.5,NO,,,
2.0358649789029535,1930,0.6922111511230469,0.515625,NO,,,
2.0358649789029535,1930,0.6922111511230469,0.515625,NO,,,
2.0358649789029535,1930,0.6922111511230469,0.515625,NO,,,
2.0358649789029535,1930,0.6922111511230469,0.515625,NO,,,
2.0358649789029535,1930,0.6922111511230469,0.515625,NO,,,
2.0358649789029535,1930,0.6922111511230469,0.515625,NO,,,
2.0358649789029535,1930,0.6922111511230469,0.515625,NO,,,
2.0358649789029535,1930,0.6922111511230469,0.515625,NO,,,
2.0358649789029535,1930,0.6922111511230469,0.515625,NO,,,
2.0358649789029535,1930,0.6922111511230469,0.515625,NO,,,
2.0464135021097047,1940,0.6485671997070312,0.671875,NO,,,
2.0464135021097047,1940,0.6485671997070312,0.671875,NO,,,
2.0464135021097047,1940,0.6485671997070312,0.671875,NO,,,
2.0464135021097047,1940,0.6485671997070312,0.671875,NO,,,
2.0464135021097047,1940,0.6485671997070312,0.671875,NO,,,
2.0464135021097047,1940,0.6485671997070312,0.671875,NO,,,
2.0464135021097047,1940,0.6485671997070312,0.671875,NO,,,
2.0464135021097047,1940,0.6485671997070312,0.671875,NO,,,
2.0464135021097047,1940,0.6485671997070312,0.671875,NO,,,
2.0464135021097047,1940,0.6485671997070312,0.671875,NO,,,
2.0569620253164556,1950,0.6549644470214844,0.609375,NO,,,
2.0569620253164556,1950,0.6549644470214844,0.609375,NO,,,
2.0569620253164556,1950,0.6549644470214844,0.609375,NO,,,
2.0569620253164556,1950,0.6549644470214844,0.609375,NO,,,
2.0569620253164556,1950,0.6549644470214844,0.609375,NO,,,
2.0569620253164556,1950,0.6549644470214844,0.609375,NO,,,
2.0569620253164556,1950,0.6549644470214844,0.609375,NO,,,
2.0569620253164556,1950,0.6549644470214844,0.609375,NO,,,
2.0569620253164556,1950,0.6549644470214844,0.609375,NO,,,
2.0569620253164556,1950,0.6549644470214844,0.609375,NO,,,
2.067510548523207,1960,0.617218017578125,0.71875,NO,,,
2.067510548523207,1960,0.617218017578125,0.71875,NO,,,
2.067510548523207,1960,0.617218017578125,0.71875,NO,,,
2.067510548523207,1960,0.617218017578125,0.71875,NO,,,
2.067510548523207,1960,0.617218017578125,0.71875,NO,,,
2.067510548523207,1960,0.617218017578125,0.71875,NO,,,
2.067510548523207,1960,0.617218017578125,0.71875,NO,,,
2.067510548523207,1960,0.617218017578125,0.71875,NO,,,
2.067510548523207,1960,0.617218017578125,0.71875,NO,,,
2.067510548523207,1960,0.617218017578125,0.71875,NO,,,
2.0780590717299576,1970,0.6556892395019531,0.609375,NO,,,
2.0780590717299576,1970,0.6556892395019531,0.609375,NO,,,
2.0780590717299576,1970,0.6556892395019531,0.609375,NO,,,
2.0780590717299576,1970,0.6556892395019531,0.609375,NO,,,
2.0780590717299576,1970,0.6556892395019531,0.609375,NO,,,
2.0780590717299576,1970,0.6556892395019531,0.609375,NO,,,
2.0780590717299576,1970,0.6556892395019531,0.609375,NO,,,
2.0780590717299576,1970,0.6556892395019531,0.609375,NO,,,
2.0780590717299576,1970,0.6556892395019531,0.609375,NO,,,
2.0780590717299576,1970,0.6556892395019531,0.609375,NO,,,
2.088607594936709,1980,0.6422538757324219,0.625,NO,,,
2.088607594936709,1980,0.6422538757324219,0.625,NO,,,
2.088607594936709,1980,0.6422538757324219,0.625,NO,,,
2.088607594936709,1980,0.6422538757324219,0.625,NO,,,
2.088607594936709,1980,0.6422538757324219,0.625,NO,,,
2.088607594936709,1980,0.6422538757324219,0.625,NO,,,
2.088607594936709,1980,0.6422538757324219,0.625,NO,,,
2.088607594936709,1980,0.6422538757324219,0.625,NO,,,
2.088607594936709,1980,0.6422538757324219,0.625,NO,,,
2.088607594936709,1980,0.6422538757324219,0.625,NO,,,
2.0991561181434597,1990,0.6727676391601562,0.609375,NO,,,
2.0991561181434597,1990,0.6727676391601562,0.609375,NO,,,
2.0991561181434597,1990,0.6727676391601562,0.609375,NO,,,
2.0991561181434597,1990,0.6727676391601562,0.609375,NO,,,
2.0991561181434597,1990,0.6727676391601562,0.609375,NO,,,
2.0991561181434597,1990,0.6727676391601562,0.609375,NO,,,
2.0991561181434597,1990,0.6727676391601562,0.609375,NO,,,
2.0991561181434597,1990,0.6727676391601562,0.609375,NO,,,
2.0991561181434597,1990,0.6727676391601562,0.609375,NO,,,
2.0991561181434597,1990,0.6727676391601562,0.609375,YES,0.6669921875,0.5811432813659985,0.67138671875
2.109704641350211,2000,0.6773796081542969,0.546875,NO,,,
2.109704641350211,2000,0.6773796081542969,0.546875,NO,,,
2.109704641350211,2000,0.6773796081542969,0.546875,NO,,,
2.109704641350211,2000,0.6773796081542969,0.546875,NO,,,
2.109704641350211,2000,0.6773796081542969,0.546875,NO,,,
2.109704641350211,2000,0.6773796081542969,0.546875,NO,,,
2.109704641350211,2000,0.6773796081542969,0.546875,NO,,,
2.109704641350211,2000,0.6773796081542969,0.546875,NO,,,
2.109704641350211,2000,0.6773796081542969,0.546875,NO,,,
2.109704641350211,2000,0.6773796081542969,0.546875,NO,,,
2.1202531645569622,2010,0.6376419067382812,0.65625,NO,,,
2.1202531645569622,2010,0.6376419067382812,0.65625,NO,,,
2.1202531645569622,2010,0.6376419067382812,0.65625,NO,,,
2.1202531645569622,2010,0.6376419067382812,0.65625,NO,,,
2.1202531645569622,2010,0.6376419067382812,0.65625,NO,,,
2.1202531645569622,2010,0.6376419067382812,0.65625,NO,,,
2.1202531645569622,2010,0.6376419067382812,0.65625,NO,,,
2.1202531645569622,2010,0.6376419067382812,0.65625,NO,,,
2.1202531645569622,2010,0.6376419067382812,0.65625,NO,,,
2.1202531645569622,2010,0.6376419067382812,0.65625,NO,,,
2.130801687763713,2020,0.6801567077636719,0.578125,NO,,,
2.130801687763713,2020,0.6801567077636719,0.578125,NO,,,
2.130801687763713,2020,0.6801567077636719,0.578125,NO,,,
2.130801687763713,2020,0.6801567077636719,0.578125,NO,,,
2.130801687763713,2020,0.6801567077636719,0.578125,NO,,,
2.130801687763713,2020,0.6801567077636719,0.578125,NO,,,
2.130801687763713,2020,0.6801567077636719,0.578125,NO,,,
2.130801687763713,2020,0.6801567077636719,0.578125,NO,,,
2.130801687763713,2020,0.6801567077636719,0.578125,NO,,,
2.130801687763713,2020,0.6801567077636719,0.578125,NO,,,
2.1413502109704643,2030,0.7031669616699219,0.5,NO,,,
2.1413502109704643,2030,0.7031669616699219,0.5,NO,,,
2.1413502109704643,2030,0.7031669616699219,0.5,NO,,,
2.1413502109704643,2030,0.7031669616699219,0.5,NO,,,
2.1413502109704643,2030,0.7031669616699219,0.5,NO,,,
2.1413502109704643,2030,0.7031669616699219,0.5,NO,,,
2.1413502109704643,2030,0.7031669616699219,0.5,NO,,,
2.1413502109704643,2030,0.7031669616699219,0.5,NO,,,
2.1413502109704643,2030,0.7031669616699219,0.5,NO,,,
2.1413502109704643,2030,0.7031669616699219,0.5,NO,,,
2.151898734177215,2040,0.6602783203125,0.59375,NO,,,
2.151898734177215,2040,0.6602783203125,0.59375,NO,,,
2.151898734177215,2040,0.6602783203125,0.59375,NO,,,
2.151898734177215,2040,0.6602783203125,0.59375,NO,,,
2.151898734177215,2040,0.6602783203125,0.59375,NO,,,
2.151898734177215,2040,0.6602783203125,0.59375,NO,,,
2.151898734177215,2040,0.6602783203125,0.59375,NO,,,
2.151898734177215,2040,0.6602783203125,0.59375,NO,,,
2.151898734177215,2040,0.6602783203125,0.59375,NO,,,
2.151898734177215,2040,0.6602783203125,0.59375,NO,,,
2.1624472573839664,2050,0.6825790405273438,0.5625,NO,,,
2.1624472573839664,2050,0.6825790405273438,0.5625,NO,,,
2.1624472573839664,2050,0.6825790405273438,0.5625,NO,,,
2.1624472573839664,2050,0.6825790405273438,0.5625,NO,,,
2.1624472573839664,2050,0.6825790405273438,0.5625,NO,,,
2.1624472573839664,2050,0.6825790405273438,0.5625,NO,,,
2.1624472573839664,2050,0.6825790405273438,0.5625,NO,,,
2.1624472573839664,2050,0.6825790405273438,0.5625,NO,,,
2.1624472573839664,2050,0.6825790405273438,0.5625,NO,,,
2.1624472573839664,2050,0.6825790405273438,0.5625,NO,,,
2.172995780590717,2060,0.664398193359375,0.5625,NO,,,
2.172995780590717,2060,0.664398193359375,0.5625,NO,,,
2.172995780590717,2060,0.664398193359375,0.5625,NO,,,
2.172995780590717,2060,0.664398193359375,0.5625,NO,,,
2.172995780590717,2060,0.664398193359375,0.5625,NO,,,
2.172995780590717,2060,0.664398193359375,0.5625,NO,,,
2.172995780590717,2060,0.664398193359375,0.5625,NO,,,
2.172995780590717,2060,0.664398193359375,0.5625,NO,,,
2.172995780590717,2060,0.664398193359375,0.5625,NO,,,
2.172995780590717,2060,0.664398193359375,0.5625,NO,,,
2.1835443037974684,2070,0.666961669921875,0.59375,NO,,,
2.1835443037974684,2070,0.666961669921875,0.59375,NO,,,
2.1835443037974684,2070,0.666961669921875,0.59375,NO,,,
2.1835443037974684,2070,0.666961669921875,0.59375,NO,,,
2.1835443037974684,2070,0.666961669921875,0.59375,NO,,,
2.1835443037974684,2070,0.666961669921875,0.59375,NO,,,
2.1835443037974684,2070,0.666961669921875,0.59375,NO,,,
2.1835443037974684,2070,0.666961669921875,0.59375,NO,,,
2.1835443037974684,2070,0.666961669921875,0.59375,NO,,,
2.1835443037974684,2070,0.666961669921875,0.59375,NO,,,
2.1940928270042193,2080,0.6500473022460938,0.5625,NO,,,
2.1940928270042193,2080,0.6500473022460938,0.5625,NO,,,
2.1940928270042193,2080,0.6500473022460938,0.5625,NO,,,
2.1940928270042193,2080,0.6500473022460938,0.5625,NO,,,
2.1940928270042193,2080,0.6500473022460938,0.5625,NO,,,
2.1940928270042193,2080,0.6500473022460938,0.5625,NO,,,
2.1940928270042193,2080,0.6500473022460938,0.5625,NO,,,
2.1940928270042193,2080,0.6500473022460938,0.5625,NO,,,
2.1940928270042193,2080,0.6500473022460938,0.5625,NO,,,
2.1940928270042193,2080,0.6500473022460938,0.5625,NO,,,
2.2046413502109705,2090,0.635711669921875,0.640625,NO,,,
2.2046413502109705,2090,0.635711669921875,0.640625,NO,,,
2.2046413502109705,2090,0.635711669921875,0.640625,NO,,,
2.2046413502109705,2090,0.635711669921875,0.640625,NO,,,
2.2046413502109705,2090,0.635711669921875,0.640625,NO,,,
2.2046413502109705,2090,0.635711669921875,0.640625,NO,,,
2.2046413502109705,2090,0.635711669921875,0.640625,NO,,,
2.2046413502109705,2090,0.635711669921875,0.640625,NO,,,
2.2046413502109705,2090,0.635711669921875,0.640625,NO,,,
2.2046413502109705,2090,0.635711669921875,0.640625,NO,,,
2.2151898734177213,2100,0.6865310668945312,0.515625,NO,,,
2.2151898734177213,2100,0.6865310668945312,0.515625,NO,,,
2.2151898734177213,2100,0.6865310668945312,0.515625,NO,,,
2.2151898734177213,2100,0.6865310668945312,0.515625,NO,,,
2.2151898734177213,2100,0.6865310668945312,0.515625,NO,,,
2.2151898734177213,2100,0.6865310668945312,0.515625,NO,,,
2.2151898734177213,2100,0.6865310668945312,0.515625,NO,,,
2.2151898734177213,2100,0.6865310668945312,0.515625,NO,,,
2.2151898734177213,2100,0.6865310668945312,0.515625,NO,,,
2.2151898734177213,2100,0.6865310668945312,0.515625,NO,,,
2.2257383966244726,2110,0.6411972045898438,0.640625,NO,,,
2.2257383966244726,2110,0.6411972045898438,0.640625,NO,,,
2.2257383966244726,2110,0.6411972045898438,0.640625,NO,,,
2.2257383966244726,2110,0.6411972045898438,0.640625,NO,,,
2.2257383966244726,2110,0.6411972045898438,0.640625,NO,,,
2.2257383966244726,2110,0.6411972045898438,0.640625,NO,,,
2.2257383966244726,2110,0.6411972045898438,0.640625,NO,,,
2.2257383966244726,2110,0.6411972045898438,0.640625,NO,,,
2.2257383966244726,2110,0.6411972045898438,0.640625,NO,,,
2.2257383966244726,2110,0.6411972045898438,0.640625,NO,,,
2.2362869198312234,2120,0.6434707641601562,0.609375,NO,,,
2.2362869198312234,2120,0.6434707641601562,0.609375,NO,,,
2.2362869198312234,2120,0.6434707641601562,0.609375,NO,,,
2.2362869198312234,2120,0.6434707641601562,0.609375,NO,,,
2.2362869198312234,2120,0.6434707641601562,0.609375,NO,,,
2.2362869198312234,2120,0.6434707641601562,0.609375,NO,,,
2.2362869198312234,2120,0.6434707641601562,0.609375,NO,,,
2.2362869198312234,2120,0.6434707641601562,0.609375,NO,,,
2.2362869198312234,2120,0.6434707641601562,0.609375,NO,,,
2.2362869198312234,2120,0.6434707641601562,0.609375,NO,,,
2.2468354430379747,2130,0.6773033142089844,0.578125,NO,,,
2.2468354430379747,2130,0.6773033142089844,0.578125,NO,,,
2.2468354430379747,2130,0.6773033142089844,0.578125,NO,,,
2.2468354430379747,2130,0.6773033142089844,0.578125,NO,,,
2.2468354430379747,2130,0.6773033142089844,0.578125,NO,,,
2.2468354430379747,2130,0.6773033142089844,0.578125,NO,,,
2.2468354430379747,2130,0.6773033142089844,0.578125,NO,,,
2.2468354430379747,2130,0.6773033142089844,0.578125,NO,,,
2.2468354430379747,2130,0.6773033142089844,0.578125,NO,,,
2.2468354430379747,2130,0.6773033142089844,0.578125,NO,,,
2.257383966244726,2140,0.6309776306152344,0.6875,NO,,,
2.257383966244726,2140,0.6309776306152344,0.6875,NO,,,
2.257383966244726,2140,0.6309776306152344,0.6875,NO,,,
2.257383966244726,2140,0.6309776306152344,0.6875,NO,,,
2.257383966244726,2140,0.6309776306152344,0.6875,NO,,,
2.257383966244726,2140,0.6309776306152344,0.6875,NO,,,
2.257383966244726,2140,0.6309776306152344,0.6875,NO,,,
2.257383966244726,2140,0.6309776306152344,0.6875,NO,,,
2.257383966244726,2140,0.6309776306152344,0.6875,NO,,,
2.257383966244726,2140,0.6309776306152344,0.6875,NO,,,
2.2679324894514767,2150,0.6920890808105469,0.546875,NO,,,
2.2679324894514767,2150,0.6920890808105469,0.546875,NO,,,
2.2679324894514767,2150,0.6920890808105469,0.546875,NO,,,
2.2679324894514767,2150,0.6920890808105469,0.546875,NO,,,
2.2679324894514767,2150,0.6920890808105469,0.546875,NO,,,
2.2679324894514767,2150,0.6920890808105469,0.546875,NO,,,
2.2679324894514767,2150,0.6920890808105469,0.546875,NO,,,
2.2679324894514767,2150,0.6920890808105469,0.546875,NO,,,
2.2679324894514767,2150,0.6920890808105469,0.546875,NO,,,
2.2679324894514767,2150,0.6920890808105469,0.546875,NO,,,
2.278481012658228,2160,0.6613273620605469,0.5625,NO,,,
2.278481012658228,2160,0.6613273620605469,0.5625,NO,,,
2.278481012658228,2160,0.6613273620605469,0.5625,NO,,,
2.278481012658228,2160,0.6613273620605469,0.5625,NO,,,
2.278481012658228,2160,0.6613273620605469,0.5625,NO,,,
2.278481012658228,2160,0.6613273620605469,0.5625,NO,,,
2.278481012658228,2160,0.6613273620605469,0.5625,NO,,,
2.278481012658228,2160,0.6613273620605469,0.5625,NO,,,
2.278481012658228,2160,0.6613273620605469,0.5625,NO,,,
2.278481012658228,2160,0.6613273620605469,0.5625,NO,,,
2.289029535864979,2170,0.7047309875488281,0.53125,NO,,,
2.289029535864979,2170,0.7047309875488281,0.53125,NO,,,
2.289029535864979,2170,0.7047309875488281,0.53125,NO,,,
2.289029535864979,2170,0.7047309875488281,0.53125,NO,,,
2.289029535864979,2170,0.7047309875488281,0.53125,NO,,,
2.289029535864979,2170,0.7047309875488281,0.53125,NO,,,
2.289029535864979,2170,0.7047309875488281,0.53125,NO,,,
2.289029535864979,2170,0.7047309875488281,0.53125,NO,,,
2.289029535864979,2170,0.7047309875488281,0.53125,NO,,,
2.289029535864979,2170,0.7047309875488281,0.53125,NO,,,
2.29957805907173,2180,0.6844825744628906,0.515625,NO,,,
2.29957805907173,2180,0.6844825744628906,0.515625,NO,,,
2.29957805907173,2180,0.6844825744628906,0.515625,NO,,,
2.29957805907173,2180,0.6844825744628906,0.515625,NO,,,
2.29957805907173,2180,0.6844825744628906,0.515625,NO,,,
2.29957805907173,2180,0.6844825744628906,0.515625,NO,,,
2.29957805907173,2180,0.6844825744628906,0.515625,NO,,,
2.29957805907173,2180,0.6844825744628906,0.515625,NO,,,
2.29957805907173,2180,0.6844825744628906,0.515625,NO,,,
2.29957805907173,2180,0.6844825744628906,0.515625,NO,,,
2.310126582278481,2190,0.6861228942871094,0.515625,NO,,,
2.310126582278481,2190,0.6861228942871094,0.515625,NO,,,
2.310126582278481,2190,0.6861228942871094,0.515625,NO,,,
2.310126582278481,2190,0.6861228942871094,0.515625,NO,,,
2.310126582278481,2190,0.6861228942871094,0.515625,NO,,,
2.310126582278481,2190,0.6861228942871094,0.515625,NO,,,
2.310126582278481,2190,0.6861228942871094,0.515625,NO,,,
2.310126582278481,2190,0.6861228942871094,0.515625,NO,,,
2.310126582278481,2190,0.6861228942871094,0.515625,NO,,,
2.310126582278481,2190,0.6861228942871094,0.515625,NO,,,
2.320675105485232,2200,0.6670951843261719,0.5625,NO,,,
2.320675105485232,2200,0.6670951843261719,0.5625,NO,,,
2.320675105485232,2200,0.6670951843261719,0.5625,NO,,,
2.320675105485232,2200,0.6670951843261719,0.5625,NO,,,
2.320675105485232,2200,0.6670951843261719,0.5625,NO,,,
2.320675105485232,2200,0.6670951843261719,0.5625,NO,,,
2.320675105485232,2200,0.6670951843261719,0.5625,NO,,,
2.320675105485232,2200,0.6670951843261719,0.5625,NO,,,
2.320675105485232,2200,0.6670951843261719,0.5625,NO,,,
2.320675105485232,2200,0.6670951843261719,0.5625,NO,,,
2.331223628691983,2210,0.6764678955078125,0.5,NO,,,
2.331223628691983,2210,0.6764678955078125,0.5,NO,,,
2.331223628691983,2210,0.6764678955078125,0.5,NO,,,
2.331223628691983,2210,0.6764678955078125,0.5,NO,,,
2.331223628691983,2210,0.6764678955078125,0.5,NO,,,
2.331223628691983,2210,0.6764678955078125,0.5,NO,,,
2.331223628691983,2210,0.6764678955078125,0.5,NO,,,
2.331223628691983,2210,0.6764678955078125,0.5,NO,,,
2.331223628691983,2210,0.6764678955078125,0.5,NO,,,
2.331223628691983,2210,0.6764678955078125,0.5,NO,,,
2.3417721518987342,2220,0.677490234375,0.53125,NO,,,
2.3417721518987342,2220,0.677490234375,0.53125,NO,,,
2.3417721518987342,2220,0.677490234375,0.53125,NO,,,
2.3417721518987342,2220,0.677490234375,0.53125,NO,,,
2.3417721518987342,2220,0.677490234375,0.53125,NO,,,
2.3417721518987342,2220,0.677490234375,0.53125,NO,,,
2.3417721518987342,2220,0.677490234375,0.53125,NO,,,
2.3417721518987342,2220,0.677490234375,0.53125,NO,,,
2.3417721518987342,2220,0.677490234375,0.53125,NO,,,
2.3417721518987342,2220,0.677490234375,0.53125,NO,,,
2.352320675105485,2230,0.62908935546875,0.6875,NO,,,
2.352320675105485,2230,0.62908935546875,0.6875,NO,,,
2.352320675105485,2230,0.62908935546875,0.6875,NO,,,
2.352320675105485,2230,0.62908935546875,0.6875,NO,,,
2.352320675105485,2230,0.62908935546875,0.6875,NO,,,
2.352320675105485,2230,0.62908935546875,0.6875,NO,,,
2.352320675105485,2230,0.62908935546875,0.6875,NO,,,
2.352320675105485,2230,0.62908935546875,0.6875,NO,,,
2.352320675105485,2230,0.62908935546875,0.6875,NO,,,
2.352320675105485,2230,0.62908935546875,0.6875,NO,,,
2.3628691983122363,2240,0.6843490600585938,0.5,NO,,,
2.3628691983122363,2240,0.6843490600585938,0.5,NO,,,
2.3628691983122363,2240,0.6843490600585938,0.5,NO,,,
2.3628691983122363,2240,0.6843490600585938,0.5,NO,,,
2.3628691983122363,2240,0.6843490600585938,0.5,NO,,,
2.3628691983122363,2240,0.6843490600585938,0.5,NO,,,
2.3628691983122363,2240,0.6843490600585938,0.5,NO,,,
2.3628691983122363,2240,0.6843490600585938,0.5,NO,,,
2.3628691983122363,2240,0.6843490600585938,0.5,NO,,,
2.3628691983122363,2240,0.6843490600585938,0.5,NO,,,
2.3734177215189876,2250,0.6319007873535156,0.671875,NO,,,
2.3734177215189876,2250,0.6319007873535156,0.671875,NO,,,
2.3734177215189876,2250,0.6319007873535156,0.671875,NO,,,
2.3734177215189876,2250,0.6319007873535156,0.671875,NO,,,
2.3734177215189876,2250,0.6319007873535156,0.671875,NO,,,
2.3734177215189876,2250,0.6319007873535156,0.671875,NO,,,
2.3734177215189876,2250,0.6319007873535156,0.671875,NO,,,
2.3734177215189876,2250,0.6319007873535156,0.671875,NO,,,
2.3734177215189876,2250,0.6319007873535156,0.671875,NO,,,
2.3734177215189876,2250,0.6319007873535156,0.671875,NO,,,
2.3839662447257384,2260,0.6934585571289062,0.484375,NO,,,
2.3839662447257384,2260,0.6934585571289062,0.484375,NO,,,
2.3839662447257384,2260,0.6934585571289062,0.484375,NO,,,
2.3839662447257384,2260,0.6934585571289062,0.484375,NO,,,
2.3839662447257384,2260,0.6934585571289062,0.484375,NO,,,
2.3839662447257384,2260,0.6934585571289062,0.484375,NO,,,
2.3839662447257384,2260,0.6934585571289062,0.484375,NO,,,
2.3839662447257384,2260,0.6934585571289062,0.484375,NO,,,
2.3839662447257384,2260,0.6934585571289062,0.484375,NO,,,
2.3839662447257384,2260,0.6934585571289062,0.484375,NO,,,
2.3945147679324896,2270,0.6559906005859375,0.640625,NO,,,
2.3945147679324896,2270,0.6559906005859375,0.640625,NO,,,
2.3945147679324896,2270,0.6559906005859375,0.640625,NO,,,
2.3945147679324896,2270,0.6559906005859375,0.640625,NO,,,
2.3945147679324896,2270,0.6559906005859375,0.640625,NO,,,
2.3945147679324896,2270,0.6559906005859375,0.640625,NO,,,
2.3945147679324896,2270,0.6559906005859375,0.640625,NO,,,
2.3945147679324896,2270,0.6559906005859375,0.640625,NO,,,
2.3945147679324896,2270,0.6559906005859375,0.640625,NO,,,
2.3945147679324896,2270,0.6559906005859375,0.640625,NO,,,
2.4050632911392404,2280,0.6860809326171875,0.5625,NO,,,
2.4050632911392404,2280,0.6860809326171875,0.5625,NO,,,
2.4050632911392404,2280,0.6860809326171875,0.5625,NO,,,
2.4050632911392404,2280,0.6860809326171875,0.5625,NO,,,
2.4050632911392404,2280,0.6860809326171875,0.5625,NO,,,
2.4050632911392404,2280,0.6860809326171875,0.5625,NO,,,
2.4050632911392404,2280,0.6860809326171875,0.5625,NO,,,
2.4050632911392404,2280,0.6860809326171875,0.5625,NO,,,
2.4050632911392404,2280,0.6860809326171875,0.5625,NO,,,
2.4050632911392404,2280,0.6860809326171875,0.5625,NO,,,
2.4156118143459917,2290,0.6459999084472656,0.625,NO,,,
2.4156118143459917,2290,0.6459999084472656,0.625,NO,,,
2.4156118143459917,2290,0.6459999084472656,0.625,NO,,,
2.4156118143459917,2290,0.6459999084472656,0.625,NO,,,
2.4156118143459917,2290,0.6459999084472656,0.625,NO,,,
2.4156118143459917,2290,0.6459999084472656,0.625,NO,,,
2.4156118143459917,2290,0.6459999084472656,0.625,NO,,,
2.4156118143459917,2290,0.6459999084472656,0.625,NO,,,
2.4156118143459917,2290,0.6459999084472656,0.625,NO,,,
2.4156118143459917,2290,0.6459999084472656,0.625,NO,,,
2.4261603375527425,2300,0.6347503662109375,0.609375,NO,,,
2.4261603375527425,2300,0.6347503662109375,0.609375,NO,,,
2.4261603375527425,2300,0.6347503662109375,0.609375,NO,,,
2.4261603375527425,2300,0.6347503662109375,0.609375,NO,,,
2.4261603375527425,2300,0.6347503662109375,0.609375,NO,,,
2.4261603375527425,2300,0.6347503662109375,0.609375,NO,,,
2.4261603375527425,2300,0.6347503662109375,0.609375,NO,,,
2.4261603375527425,2300,0.6347503662109375,0.609375,NO,,,
2.4261603375527425,2300,0.6347503662109375,0.609375,NO,,,
2.4261603375527425,2300,0.6347503662109375,0.609375,NO,,,
2.4367088607594938,2310,0.7247467041015625,0.46875,NO,,,
2.4367088607594938,2310,0.7247467041015625,0.46875,NO,,,
2.4367088607594938,2310,0.7247467041015625,0.46875,NO,,,
2.4367088607594938,2310,0.7247467041015625,0.46875,NO,,,
2.4367088607594938,2310,0.7247467041015625,0.46875,NO,,,
2.4367088607594938,2310,0.7247467041015625,0.46875,NO,,,
2.4367088607594938,2310,0.7247467041015625,0.46875,NO,,,
2.4367088607594938,2310,0.7247467041015625,0.46875,NO,,,
2.4367088607594938,2310,0.7247467041015625,0.46875,NO,,,
2.4367088607594938,2310,0.7247467041015625,0.46875,NO,,,
2.4472573839662446,2320,0.706787109375,0.46875,NO,,,
2.4472573839662446,2320,0.706787109375,0.46875,NO,,,
2.4472573839662446,2320,0.706787109375,0.46875,NO,,,
2.4472573839662446,2320,0.706787109375,0.46875,NO,,,
2.4472573839662446,2320,0.706787109375,0.46875,NO,,,
2.4472573839662446,2320,0.706787109375,0.46875,NO,,,
2.4472573839662446,2320,0.706787109375,0.46875,NO,,,
2.4472573839662446,2320,0.706787109375,0.46875,NO,,,
2.4472573839662446,2320,0.706787109375,0.46875,NO,,,
2.4472573839662446,2320,0.706787109375,0.46875,NO,,,
2.457805907172996,2330,0.6550559997558594,0.625,NO,,,
2.457805907172996,2330,0.6550559997558594,0.625,NO,,,
2.457805907172996,2330,0.6550559997558594,0.625,NO,,,
2.457805907172996,2330,0.6550559997558594,0.625,NO,,,
2.457805907172996,2330,0.6550559997558594,0.625,NO,,,
2.457805907172996,2330,0.6550559997558594,0.625,NO,,,
2.457805907172996,2330,0.6550559997558594,0.625,NO,,,
2.457805907172996,2330,0.6550559997558594,0.625,NO,,,
2.457805907172996,2330,0.6550559997558594,0.625,NO,,,
2.457805907172996,2330,0.6550559997558594,0.625,NO,,,
2.4683544303797467,2340,0.6573905944824219,0.65625,NO,,,
2.4683544303797467,2340,0.6573905944824219,0.65625,NO,,,
2.4683544303797467,2340,0.6573905944824219,0.65625,NO,,,
2.4683544303797467,2340,0.6573905944824219,0.65625,NO,,,
2.4683544303797467,2340,0.6573905944824219,0.65625,NO,,,
2.4683544303797467,2340,0.6573905944824219,0.65625,NO,,,
2.4683544303797467,2340,0.6573905944824219,0.65625,NO,,,
2.4683544303797467,2340,0.6573905944824219,0.65625,NO,,,
2.4683544303797467,2340,0.6573905944824219,0.65625,NO,,,
2.4683544303797467,2340,0.6573905944824219,0.65625,NO,,,
2.478902953586498,2350,0.65716552734375,0.59375,NO,,,
2.478902953586498,2350,0.65716552734375,0.59375,NO,,,
2.478902953586498,2350,0.65716552734375,0.59375,NO,,,
2.478902953586498,2350,0.65716552734375,0.59375,NO,,,
2.478902953586498,2350,0.65716552734375,0.59375,NO,,,
2.478902953586498,2350,0.65716552734375,0.59375,NO,,,
2.478902953586498,2350,0.65716552734375,0.59375,NO,,,
2.478902953586498,2350,0.65716552734375,0.59375,NO,,,
2.478902953586498,2350,0.65716552734375,0.59375,NO,,,
2.478902953586498,2350,0.65716552734375,0.59375,NO,,,
2.489451476793249,2360,0.6732101440429688,0.53125,NO,,,
2.489451476793249,2360,0.6732101440429688,0.53125,NO,,,
2.489451476793249,2360,0.6732101440429688,0.53125,NO,,,
2.489451476793249,2360,0.6732101440429688,0.53125,NO,,,
2.489451476793249,2360,0.6732101440429688,0.53125,NO,,,
2.489451476793249,2360,0.6732101440429688,0.53125,NO,,,
2.489451476793249,2360,0.6732101440429688,0.53125,NO,,,
2.489451476793249,2360,0.6732101440429688,0.53125,NO,,,
2.489451476793249,2360,0.6732101440429688,0.53125,NO,,,
2.489451476793249,2360,0.6732101440429688,0.53125,NO,,,
2.5,2370,0.6536674499511719,0.625,NO,,,
2.5,2370,0.6536674499511719,0.625,NO,,,
2.5,2370,0.6536674499511719,0.625,NO,,,
2.5,2370,0.6536674499511719,0.625,NO,,,
2.5,2370,0.6536674499511719,0.625,NO,,,
2.5,2370,0.6536674499511719,0.625,NO,,,
2.5,2370,0.6536674499511719,0.625,NO,,,
2.5,2370,0.6536674499511719,0.625,NO,,,
2.5,2370,0.6536674499511719,0.625,NO,,,
2.5,2370,0.6536674499511719,0.625,NO,,,
2.510548523206751,2380,0.6453933715820312,0.6875,NO,,,
2.510548523206751,2380,0.6453933715820312,0.6875,NO,,,
2.510548523206751,2380,0.6453933715820312,0.6875,NO,,,
2.510548523206751,2380,0.6453933715820312,0.6875,NO,,,
2.510548523206751,2380,0.6453933715820312,0.6875,NO,,,
2.510548523206751,2380,0.6453933715820312,0.6875,NO,,,
2.510548523206751,2380,0.6453933715820312,0.6875,NO,,,
2.510548523206751,2380,0.6453933715820312,0.6875,NO,,,
2.510548523206751,2380,0.6453933715820312,0.6875,NO,,,
2.510548523206751,2380,0.6453933715820312,0.6875,NO,,,
2.521097046413502,2390,0.6217384338378906,0.71875,NO,,,
2.521097046413502,2390,0.6217384338378906,0.71875,NO,,,
2.521097046413502,2390,0.6217384338378906,0.71875,NO,,,
2.521097046413502,2390,0.6217384338378906,0.71875,NO,,,
2.521097046413502,2390,0.6217384338378906,0.71875,NO,,,
2.521097046413502,2390,0.6217384338378906,0.71875,NO,,,
2.521097046413502,2390,0.6217384338378906,0.71875,NO,,,
2.521097046413502,2390,0.6217384338378906,0.71875,NO,,,
2.521097046413502,2390,0.6217384338378906,0.71875,NO,,,
2.521097046413502,2390,0.6217384338378906,0.71875,NO,,,
2.5316455696202533,2400,0.6982955932617188,0.59375,NO,,,
2.5316455696202533,2400,0.6982955932617188,0.59375,NO,,,
2.5316455696202533,2400,0.6982955932617188,0.59375,NO,,,
2.5316455696202533,2400,0.6982955932617188,0.59375,NO,,,
2.5316455696202533,2400,0.6982955932617188,0.59375,NO,,,
2.5316455696202533,2400,0.6982955932617188,0.59375,NO,,,
2.5316455696202533,2400,0.6982955932617188,0.59375,NO,,,
2.5316455696202533,2400,0.6982955932617188,0.59375,NO,,,
2.5316455696202533,2400,0.6982955932617188,0.59375,NO,,,
2.5316455696202533,2400,0.6982955932617188,0.59375,NO,,,
2.542194092827004,2410,0.6549034118652344,0.59375,NO,,,
2.542194092827004,2410,0.6549034118652344,0.59375,NO,,,
2.542194092827004,2410,0.6549034118652344,0.59375,NO,,,
2.542194092827004,2410,0.6549034118652344,0.59375,NO,,,
2.542194092827004,2410,0.6549034118652344,0.59375,NO,,,
2.542194092827004,2410,0.6549034118652344,0.59375,NO,,,
2.542194092827004,2410,0.6549034118652344,0.59375,NO,,,
2.542194092827004,2410,0.6549034118652344,0.59375,NO,,,
2.542194092827004,2410,0.6549034118652344,0.59375,NO,,,
2.542194092827004,2410,0.6549034118652344,0.59375,NO,,,
2.5527426160337554,2420,0.6819229125976562,0.609375,NO,,,
2.5527426160337554,2420,0.6819229125976562,0.609375,NO,,,
2.5527426160337554,2420,0.6819229125976562,0.609375,NO,,,
2.5527426160337554,2420,0.6819229125976562,0.609375,NO,,,
2.5527426160337554,2420,0.6819229125976562,0.609375,NO,,,
2.5527426160337554,2420,0.6819229125976562,0.609375,NO,,,
2.5527426160337554,2420,0.6819229125976562,0.609375,NO,,,
2.5527426160337554,2420,0.6819229125976562,0.609375,NO,,,
2.5527426160337554,2420,0.6819229125976562,0.609375,NO,,,
2.5527426160337554,2420,0.6819229125976562,0.609375,NO,,,
2.5632911392405062,2430,0.6833343505859375,0.5625,NO,,,
2.5632911392405062,2430,0.6833343505859375,0.5625,NO,,,
2.5632911392405062,2430,0.6833343505859375,0.5625,NO,,,
2.5632911392405062,2430,0.6833343505859375,0.5625,NO,,,
2.5632911392405062,2430,0.6833343505859375,0.5625,NO,,,
2.5632911392405062,2430,0.6833343505859375,0.5625,NO,,,
2.5632911392405062,2430,0.6833343505859375,0.5625,NO,,,
2.5632911392405062,2430,0.6833343505859375,0.5625,NO,,,
2.5632911392405062,2430,0.6833343505859375,0.5625,NO,,,
2.5632911392405062,2430,0.6833343505859375,0.5625,NO,,,
2.5738396624472575,2440,0.6551437377929688,0.65625,NO,,,
2.5738396624472575,2440,0.6551437377929688,0.65625,NO,,,
2.5738396624472575,2440,0.6551437377929688,0.65625,NO,,,
2.5738396624472575,2440,0.6551437377929688,0.65625,NO,,,
2.5738396624472575,2440,0.6551437377929688,0.65625,NO,,,
2.5738396624472575,2440,0.6551437377929688,0.65625,NO,,,
2.5738396624472575,2440,0.6551437377929688,0.65625,NO,,,
2.5738396624472575,2440,0.6551437377929688,0.65625,NO,,,
2.5738396624472575,2440,0.6551437377929688,0.65625,NO,,,
2.5738396624472575,2440,0.6551437377929688,0.65625,NO,,,
2.5843881856540083,2450,0.6736640930175781,0.640625,NO,,,
2.5843881856540083,2450,0.6736640930175781,0.640625,NO,,,
2.5843881856540083,2450,0.6736640930175781,0.640625,NO,,,
2.5843881856540083,2450,0.6736640930175781,0.640625,NO,,,
2.5843881856540083,2450,0.6736640930175781,0.640625,NO,,,
2.5843881856540083,2450,0.6736640930175781,0.640625,NO,,,
2.5843881856540083,2450,0.6736640930175781,0.640625,NO,,,
2.5843881856540083,2450,0.6736640930175781,0.640625,NO,,,
2.5843881856540083,2450,0.6736640930175781,0.640625,NO,,,
2.5843881856540083,2450,0.6736640930175781,0.640625,NO,,,
2.5949367088607596,2460,0.6839752197265625,0.515625,NO,,,
2.5949367088607596,2460,0.6839752197265625,0.515625,NO,,,
2.5949367088607596,2460,0.6839752197265625,0.515625,NO,,,
2.5949367088607596,2460,0.6839752197265625,0.515625,NO,,,
2.5949367088607596,2460,0.6839752197265625,0.515625,NO,,,
2.5949367088607596,2460,0.6839752197265625,0.515625,NO,,,
2.5949367088607596,2460,0.6839752197265625,0.515625,NO,,,
2.5949367088607596,2460,0.6839752197265625,0.515625,NO,,,
2.5949367088607596,2460,0.6839752197265625,0.515625,NO,,,
2.5949367088607596,2460,0.6839752197265625,0.515625,NO,,,
2.605485232067511,2470,0.6386528015136719,0.671875,NO,,,
2.605485232067511,2470,0.6386528015136719,0.671875,NO,,,
2.605485232067511,2470,0.6386528015136719,0.671875,NO,,,
2.605485232067511,2470,0.6386528015136719,0.671875,NO,,,
2.605485232067511,2470,0.6386528015136719,0.671875,NO,,,
2.605485232067511,2470,0.6386528015136719,0.671875,NO,,,
2.605485232067511,2470,0.6386528015136719,0.671875,NO,,,
2.605485232067511,2470,0.6386528015136719,0.671875,NO,,,
2.605485232067511,2470,0.6386528015136719,0.671875,NO,,,
2.605485232067511,2470,0.6386528015136719,0.671875,NO,,,
2.6160337552742616,2480,0.7056694030761719,0.453125,NO,,,
2.6160337552742616,2480,0.7056694030761719,0.453125,NO,,,
2.6160337552742616,2480,0.7056694030761719,0.453125,NO,,,
2.6160337552742616,2480,0.7056694030761719,0.453125,NO,,,
2.6160337552742616,2480,0.7056694030761719,0.453125,NO,,,
2.6160337552742616,2480,0.7056694030761719,0.453125,NO,,,
2.6160337552742616,2480,0.7056694030761719,0.453125,NO,,,
2.6160337552742616,2480,0.7056694030761719,0.453125,NO,,,
2.6160337552742616,2480,0.7056694030761719,0.453125,NO,,,
2.6160337552742616,2480,0.7056694030761719,0.453125,NO,,,
2.6265822784810124,2490,0.6153488159179688,0.65625,NO,,,
2.6265822784810124,2490,0.6153488159179688,0.65625,NO,,,
2.6265822784810124,2490,0.6153488159179688,0.65625,NO,,,
2.6265822784810124,2490,0.6153488159179688,0.65625,NO,,,
2.6265822784810124,2490,0.6153488159179688,0.65625,NO,,,
2.6265822784810124,2490,0.6153488159179688,0.65625,NO,,,
2.6265822784810124,2490,0.6153488159179688,0.65625,NO,,,
2.6265822784810124,2490,0.6153488159179688,0.65625,NO,,,
2.6265822784810124,2490,0.6153488159179688,0.65625,NO,,,
2.6265822784810124,2490,0.6153488159179688,0.65625,NO,,,
2.6371308016877637,2500,0.6506614685058594,0.640625,NO,,,
2.6371308016877637,2500,0.6506614685058594,0.640625,NO,,,
2.6371308016877637,2500,0.6506614685058594,0.640625,NO,,,
2.6371308016877637,2500,0.6506614685058594,0.640625,NO,,,
2.6371308016877637,2500,0.6506614685058594,0.640625,NO,,,
2.6371308016877637,2500,0.6506614685058594,0.640625,NO,,,
2.6371308016877637,2500,0.6506614685058594,0.640625,NO,,,
2.6371308016877637,2500,0.6506614685058594,0.640625,NO,,,
2.6371308016877637,2500,0.6506614685058594,0.640625,NO,,,
2.6371308016877637,2500,0.6506614685058594,0.640625,NO,,,
2.647679324894515,2510,0.68682861328125,0.53125,NO,,,
2.647679324894515,2510,0.68682861328125,0.53125,NO,,,
2.647679324894515,2510,0.68682861328125,0.53125,NO,,,
2.647679324894515,2510,0.68682861328125,0.53125,NO,,,
2.647679324894515,2510,0.68682861328125,0.53125,NO,,,
2.647679324894515,2510,0.68682861328125,0.53125,NO,,,
2.647679324894515,2510,0.68682861328125,0.53125,NO,,,
2.647679324894515,2510,0.68682861328125,0.53125,NO,,,
2.647679324894515,2510,0.68682861328125,0.53125,NO,,,
2.647679324894515,2510,0.68682861328125,0.53125,NO,,,
2.6582278481012658,2520,0.6583328247070312,0.65625,NO,,,
2.6582278481012658,2520,0.6583328247070312,0.65625,NO,,,
2.6582278481012658,2520,0.6583328247070312,0.65625,NO,,,
2.6582278481012658,2520,0.6583328247070312,0.65625,NO,,,
2.6582278481012658,2520,0.6583328247070312,0.65625,NO,,,
2.6582278481012658,2520,0.6583328247070312,0.65625,NO,,,
2.6582278481012658,2520,0.6583328247070312,0.65625,NO,,,
2.6582278481012658,2520,0.6583328247070312,0.65625,NO,,,
2.6582278481012658,2520,0.6583328247070312,0.65625,NO,,,
2.6582278481012658,2520,0.6583328247070312,0.65625,NO,,,
2.668776371308017,2530,0.6572456359863281,0.625,NO,,,
2.668776371308017,2530,0.6572456359863281,0.625,NO,,,
2.668776371308017,2530,0.6572456359863281,0.625,NO,,,
2.668776371308017,2530,0.6572456359863281,0.625,NO,,,
2.668776371308017,2530,0.6572456359863281,0.625,NO,,,
2.668776371308017,2530,0.6572456359863281,0.625,NO,,,
2.668776371308017,2530,0.6572456359863281,0.625,NO,,,
2.668776371308017,2530,0.6572456359863281,0.625,NO,,,
2.668776371308017,2530,0.6572456359863281,0.625,NO,,,
2.668776371308017,2530,0.6572456359863281,0.625,NO,,,
2.679324894514768,2540,0.6700706481933594,0.625,NO,,,
2.679324894514768,2540,0.6700706481933594,0.625,NO,,,
2.679324894514768,2540,0.6700706481933594,0.625,NO,,,
2.679324894514768,2540,0.6700706481933594,0.625,NO,,,
2.679324894514768,2540,0.6700706481933594,0.625,NO,,,
2.679324894514768,2540,0.6700706481933594,0.625,NO,,,
2.679324894514768,2540,0.6700706481933594,0.625,NO,,,
2.679324894514768,2540,0.6700706481933594,0.625,NO,,,
2.679324894514768,2540,0.6700706481933594,0.625,NO,,,
2.679324894514768,2540,0.6700706481933594,0.625,NO,,,
2.689873417721519,2550,0.6789741516113281,0.609375,NO,,,
2.689873417721519,2550,0.6789741516113281,0.609375,NO,,,
2.689873417721519,2550,0.6789741516113281,0.609375,NO,,,
2.689873417721519,2550,0.6789741516113281,0.609375,NO,,,
2.689873417721519,2550,0.6789741516113281,0.609375,NO,,,
2.689873417721519,2550,0.6789741516113281,0.609375,NO,,,
2.689873417721519,2550,0.6789741516113281,0.609375,NO,,,
2.689873417721519,2550,0.6789741516113281,0.609375,NO,,,
2.689873417721519,2550,0.6789741516113281,0.609375,NO,,,
2.689873417721519,2550,0.6789741516113281,0.609375,NO,,,
2.70042194092827,2560,0.6469917297363281,0.546875,NO,,,
2.70042194092827,2560,0.6469917297363281,0.546875,NO,,,
2.70042194092827,2560,0.6469917297363281,0.546875,NO,,,
2.70042194092827,2560,0.6469917297363281,0.546875,NO,,,
2.70042194092827,2560,0.6469917297363281,0.546875,NO,,,
2.70042194092827,2560,0.6469917297363281,0.546875,NO,,,
2.70042194092827,2560,0.6469917297363281,0.546875,NO,,,
2.70042194092827,2560,0.6469917297363281,0.546875,NO,,,
2.70042194092827,2560,0.6469917297363281,0.546875,NO,,,
2.70042194092827,2560,0.6469917297363281,0.546875,NO,,,
2.710970464135021,2570,0.6639633178710938,0.625,NO,,,
2.710970464135021,2570,0.6639633178710938,0.625,NO,,,
2.710970464135021,2570,0.6639633178710938,0.625,NO,,,
2.710970464135021,2570,0.6639633178710938,0.625,NO,,,
2.710970464135021,2570,0.6639633178710938,0.625,NO,,,
2.710970464135021,2570,0.6639633178710938,0.625,NO,,,
2.710970464135021,2570,0.6639633178710938,0.625,NO,,,
2.710970464135021,2570,0.6639633178710938,0.625,NO,,,
2.710970464135021,2570,0.6639633178710938,0.625,NO,,,
2.710970464135021,2570,0.6639633178710938,0.625,NO,,,
2.721518987341772,2580,0.6665229797363281,0.578125,NO,,,
2.721518987341772,2580,0.6665229797363281,0.578125,NO,,,
2.721518987341772,2580,0.6665229797363281,0.578125,NO,,,
2.721518987341772,2580,0.6665229797363281,0.578125,NO,,,
2.721518987341772,2580,0.6665229797363281,0.578125,NO,,,
2.721518987341772,2580,0.6665229797363281,0.578125,NO,,,
2.721518987341772,2580,0.6665229797363281,0.578125,NO,,,
2.721518987341772,2580,0.6665229797363281,0.578125,NO,,,
2.721518987341772,2580,0.6665229797363281,0.578125,NO,,,
2.721518987341772,2580,0.6665229797363281,0.578125,NO,,,
2.7320675105485233,2590,0.6828231811523438,0.546875,NO,,,
2.7320675105485233,2590,0.6828231811523438,0.546875,NO,,,
2.7320675105485233,2590,0.6828231811523438,0.546875,NO,,,
2.7320675105485233,2590,0.6828231811523438,0.546875,NO,,,
2.7320675105485233,2590,0.6828231811523438,0.546875,NO,,,
2.7320675105485233,2590,0.6828231811523438,0.546875,NO,,,
2.7320675105485233,2590,0.6828231811523438,0.546875,NO,,,
2.7320675105485233,2590,0.6828231811523438,0.546875,NO,,,
2.7320675105485233,2590,0.6828231811523438,0.546875,NO,,,
2.7320675105485233,2590,0.6828231811523438,0.546875,NO,,,
2.742616033755274,2600,0.6576271057128906,0.59375,NO,,,
2.742616033755274,2600,0.6576271057128906,0.59375,NO,,,
2.742616033755274,2600,0.6576271057128906,0.59375,NO,,,
2.742616033755274,2600,0.6576271057128906,0.59375,NO,,,
2.742616033755274,2600,0.6576271057128906,0.59375,NO,,,
2.742616033755274,2600,0.6576271057128906,0.59375,NO,,,
2.742616033755274,2600,0.6576271057128906,0.59375,NO,,,
2.742616033755274,2600,0.6576271057128906,0.59375,NO,,,
2.742616033755274,2600,0.6576271057128906,0.59375,NO,,,
2.742616033755274,2600,0.6576271057128906,0.59375,NO,,,
2.7531645569620253,2610,0.6729583740234375,0.578125,NO,,,
2.7531645569620253,2610,0.6729583740234375,0.578125,NO,,,
2.7531645569620253,2610,0.6729583740234375,0.578125,NO,,,
2.7531645569620253,2610,0.6729583740234375,0.578125,NO,,,
2.7531645569620253,2610,0.6729583740234375,0.578125,NO,,,
2.7531645569620253,2610,0.6729583740234375,0.578125,NO,,,
2.7531645569620253,2610,0.6729583740234375,0.578125,NO,,,
2.7531645569620253,2610,0.6729583740234375,0.578125,NO,,,
2.7531645569620253,2610,0.6729583740234375,0.578125,NO,,,
2.7531645569620253,2610,0.6729583740234375,0.578125,NO,,,
2.7637130801687766,2620,0.6758804321289062,0.578125,NO,,,
2.7637130801687766,2620,0.6758804321289062,0.578125,NO,,,
2.7637130801687766,2620,0.6758804321289062,0.578125,NO,,,
2.7637130801687766,2620,0.6758804321289062,0.578125,NO,,,
2.7637130801687766,2620,0.6758804321289062,0.578125,NO,,,
2.7637130801687766,2620,0.6758804321289062,0.578125,NO,,,
2.7637130801687766,2620,0.6758804321289062,0.578125,NO,,,
2.7637130801687766,2620,0.6758804321289062,0.578125,NO,,,
2.7637130801687766,2620,0.6758804321289062,0.578125,NO,,,
2.7637130801687766,2620,0.6758804321289062,0.578125,NO,,,
2.7742616033755274,2630,0.6873359680175781,0.40625,NO,,,
2.7742616033755274,2630,0.6873359680175781,0.40625,NO,,,
2.7742616033755274,2630,0.6873359680175781,0.40625,NO,,,
2.7742616033755274,2630,0.6873359680175781,0.40625,NO,,,
2.7742616033755274,2630,0.6873359680175781,0.40625,NO,,,
2.7742616033755274,2630,0.6873359680175781,0.40625,NO,,,
2.7742616033755274,2630,0.6873359680175781,0.40625,NO,,,
2.7742616033755274,2630,0.6873359680175781,0.40625,NO,,,
2.7742616033755274,2630,0.6873359680175781,0.40625,NO,,,
2.7742616033755274,2630,0.6873359680175781,0.40625,NO,,,
2.7848101265822782,2640,0.6614112854003906,0.5625,NO,,,
2.7848101265822782,2640,0.6614112854003906,0.5625,NO,,,
2.7848101265822782,2640,0.6614112854003906,0.5625,NO,,,
2.7848101265822782,2640,0.6614112854003906,0.5625,NO,,,
2.7848101265822782,2640,0.6614112854003906,0.5625,NO,,,
2.7848101265822782,2640,0.6614112854003906,0.5625,NO,,,
2.7848101265822782,2640,0.6614112854003906,0.5625,NO,,,
2.7848101265822782,2640,0.6614112854003906,0.5625,NO,,,
2.7848101265822782,2640,0.6614112854003906,0.5625,NO,,,
2.7848101265822782,2640,0.6614112854003906,0.5625,NO,,,
2.7953586497890295,2650,0.6648063659667969,0.59375,NO,,,
2.7953586497890295,2650,0.6648063659667969,0.59375,NO,,,
2.7953586497890295,2650,0.6648063659667969,0.59375,NO,,,
2.7953586497890295,2650,0.6648063659667969,0.59375,NO,,,
2.7953586497890295,2650,0.6648063659667969,0.59375,NO,,,
2.7953586497890295,2650,0.6648063659667969,0.59375,NO,,,
2.7953586497890295,2650,0.6648063659667969,0.59375,NO,,,
2.7953586497890295,2650,0.6648063659667969,0.59375,NO,,,
2.7953586497890295,2650,0.6648063659667969,0.59375,NO,,,
2.7953586497890295,2650,0.6648063659667969,0.59375,NO,,,
2.8059071729957807,2660,0.6853256225585938,0.546875,NO,,,
2.8059071729957807,2660,0.6853256225585938,0.546875,NO,,,
2.8059071729957807,2660,0.6853256225585938,0.546875,NO,,,
2.8059071729957807,2660,0.6853256225585938,0.546875,NO,,,
2.8059071729957807,2660,0.6853256225585938,0.546875,NO,,,
2.8059071729957807,2660,0.6853256225585938,0.546875,NO,,,
2.8059071729957807,2660,0.6853256225585938,0.546875,NO,,,
2.8059071729957807,2660,0.6853256225585938,0.546875,NO,,,
2.8059071729957807,2660,0.6853256225585938,0.546875,NO,,,
2.8059071729957807,2660,0.6853256225585938,0.546875,NO,,,
2.8164556962025316,2670,0.683074951171875,0.578125,NO,,,
2.8164556962025316,2670,0.683074951171875,0.578125,NO,,,
2.8164556962025316,2670,0.683074951171875,0.578125,NO,,,
2.8164556962025316,2670,0.683074951171875,0.578125,NO,,,
2.8164556962025316,2670,0.683074951171875,0.578125,NO,,,
2.8164556962025316,2670,0.683074951171875,0.578125,NO,,,
2.8164556962025316,2670,0.683074951171875,0.578125,NO,,,
2.8164556962025316,2670,0.683074951171875,0.578125,NO,,,
2.8164556962025316,2670,0.683074951171875,0.578125,NO,,,
2.8164556962025316,2670,0.683074951171875,0.578125,NO,,,
2.827004219409283,2680,0.6514701843261719,0.640625,NO,,,
2.827004219409283,2680,0.6514701843261719,0.640625,NO,,,
2.827004219409283,2680,0.6514701843261719,0.640625,NO,,,
2.827004219409283,2680,0.6514701843261719,0.640625,NO,,,
2.827004219409283,2680,0.6514701843261719,0.640625,NO,,,
2.827004219409283,2680,0.6514701843261719,0.640625,NO,,,
2.827004219409283,2680,0.6514701843261719,0.640625,NO,,,
2.827004219409283,2680,0.6514701843261719,0.640625,NO,,,
2.827004219409283,2680,0.6514701843261719,0.640625,NO,,,
2.827004219409283,2680,0.6514701843261719,0.640625,NO,,,
2.8375527426160336,2690,0.6526451110839844,0.625,NO,,,
2.8375527426160336,2690,0.6526451110839844,0.625,NO,,,
2.8375527426160336,2690,0.6526451110839844,0.625,NO,,,
2.8375527426160336,2690,0.6526451110839844,0.625,NO,,,
2.8375527426160336,2690,0.6526451110839844,0.625,NO,,,
2.8375527426160336,2690,0.6526451110839844,0.625,NO,,,
2.8375527426160336,2690,0.6526451110839844,0.625,NO,,,
2.8375527426160336,2690,0.6526451110839844,0.625,NO,,,
2.8375527426160336,2690,0.6526451110839844,0.625,NO,,,
2.8375527426160336,2690,0.6526451110839844,0.625,NO,,,
2.848101265822785,2700,0.6256065368652344,0.640625,NO,,,
2.848101265822785,2700,0.6256065368652344,0.640625,NO,,,
2.848101265822785,2700,0.6256065368652344,0.640625,NO,,,
2.848101265822785,2700,0.6256065368652344,0.640625,NO,,,
2.848101265822785,2700,0.6256065368652344,0.640625,NO,,,
2.848101265822785,2700,0.6256065368652344,0.640625,NO,,,
2.848101265822785,2700,0.6256065368652344,0.640625,NO,,,
2.848101265822785,2700,0.6256065368652344,0.640625,NO,,,
2.848101265822785,2700,0.6256065368652344,0.640625,NO,,,
2.848101265822785,2700,0.6256065368652344,0.640625,NO,,,
2.8586497890295357,2710,0.6440315246582031,0.625,NO,,,
2.8586497890295357,2710,0.6440315246582031,0.625,NO,,,
2.8586497890295357,2710,0.6440315246582031,0.625,NO,,,
2.8586497890295357,2710,0.6440315246582031,0.625,NO,,,
2.8586497890295357,2710,0.6440315246582031,0.625,NO,,,
2.8586497890295357,2710,0.6440315246582031,0.625,NO,,,
2.8586497890295357,2710,0.6440315246582031,0.625,NO,,,
2.8586497890295357,2710,0.6440315246582031,0.625,NO,,,
2.8586497890295357,2710,0.6440315246582031,0.625,NO,,,
2.8586497890295357,2710,0.6440315246582031,0.625,NO,,,
2.869198312236287,2720,0.6436729431152344,0.625,NO,,,
2.869198312236287,2720,0.6436729431152344,0.625,NO,,,
2.869198312236287,2720,0.6436729431152344,0.625,NO,,,
2.869198312236287,2720,0.6436729431152344,0.625,NO,,,
2.869198312236287,2720,0.6436729431152344,0.625,NO,,,
2.869198312236287,2720,0.6436729431152344,0.625,NO,,,
2.869198312236287,2720,0.6436729431152344,0.625,NO,,,
2.869198312236287,2720,0.6436729431152344,0.625,NO,,,
2.869198312236287,2720,0.6436729431152344,0.625,NO,,,
2.869198312236287,2720,0.6436729431152344,0.625,NO,,,
2.879746835443038,2730,0.6788597106933594,0.640625,NO,,,
2.879746835443038,2730,0.6788597106933594,0.640625,NO,,,
2.879746835443038,2730,0.6788597106933594,0.640625,NO,,,
2.879746835443038,2730,0.6788597106933594,0.640625,NO,,,
2.879746835443038,2730,0.6788597106933594,0.640625,NO,,,
2.879746835443038,2730,0.6788597106933594,0.640625,NO,,,
2.879746835443038,2730,0.6788597106933594,0.640625,NO,,,
2.879746835443038,2730,0.6788597106933594,0.640625,NO,,,
2.879746835443038,2730,0.6788597106933594,0.640625,NO,,,
2.879746835443038,2730,0.6788597106933594,0.640625,NO,,,
2.890295358649789,2740,0.6828117370605469,0.609375,NO,,,
2.890295358649789,2740,0.6828117370605469,0.609375,NO,,,
2.890295358649789,2740,0.6828117370605469,0.609375,NO,,,
2.890295358649789,2740,0.6828117370605469,0.609375,NO,,,
2.890295358649789,2740,0.6828117370605469,0.609375,NO,,,
2.890295358649789,2740,0.6828117370605469,0.609375,NO,,,
2.890295358649789,2740,0.6828117370605469,0.609375,NO,,,
2.890295358649789,2740,0.6828117370605469,0.609375,NO,,,
2.890295358649789,2740,0.6828117370605469,0.609375,NO,,,
2.890295358649789,2740,0.6828117370605469,0.609375,NO,,,
2.90084388185654,2750,0.6670761108398438,0.53125,NO,,,
2.90084388185654,2750,0.6670761108398438,0.53125,NO,,,
2.90084388185654,2750,0.6670761108398438,0.53125,NO,,,
2.90084388185654,2750,0.6670761108398438,0.53125,NO,,,
2.90084388185654,2750,0.6670761108398438,0.53125,NO,,,
2.90084388185654,2750,0.6670761108398438,0.53125,NO,,,
2.90084388185654,2750,0.6670761108398438,0.53125,NO,,,
2.90084388185654,2750,0.6670761108398438,0.53125,NO,,,
2.90084388185654,2750,0.6670761108398438,0.53125,NO,,,
2.90084388185654,2750,0.6670761108398438,0.53125,NO,,,
2.911392405063291,2760,0.6806640625,0.5,NO,,,
2.911392405063291,2760,0.6806640625,0.5,NO,,,
2.911392405063291,2760,0.6806640625,0.5,NO,,,
2.911392405063291,2760,0.6806640625,0.5,NO,,,
2.911392405063291,2760,0.6806640625,0.5,NO,,,
2.911392405063291,2760,0.6806640625,0.5,NO,,,
2.911392405063291,2760,0.6806640625,0.5,NO,,,
2.911392405063291,2760,0.6806640625,0.5,NO,,,
2.911392405063291,2760,0.6806640625,0.5,NO,,,
2.911392405063291,2760,0.6806640625,0.5,NO,,,
2.9219409282700424,2770,0.65313720703125,0.609375,NO,,,
2.9219409282700424,2770,0.65313720703125,0.609375,NO,,,
2.9219409282700424,2770,0.65313720703125,0.609375,NO,,,
2.9219409282700424,2770,0.65313720703125,0.609375,NO,,,
2.9219409282700424,2770,0.65313720703125,0.609375,NO,,,
2.9219409282700424,2770,0.65313720703125,0.609375,NO,,,
2.9219409282700424,2770,0.65313720703125,0.609375,NO,,,
2.9219409282700424,2770,0.65313720703125,0.609375,NO,,,
2.9219409282700424,2770,0.65313720703125,0.609375,NO,,,
2.9219409282700424,2770,0.65313720703125,0.609375,NO,,,
2.932489451476793,2780,0.6974678039550781,0.578125,NO,,,
2.932489451476793,2780,0.6974678039550781,0.578125,NO,,,
2.932489451476793,2780,0.6974678039550781,0.578125,NO,,,
2.932489451476793,2780,0.6974678039550781,0.578125,NO,,,
2.932489451476793,2780,0.6974678039550781,0.578125,NO,,,
2.932489451476793,2780,0.6974678039550781,0.578125,NO,,,
2.932489451476793,2780,0.6974678039550781,0.578125,NO,,,
2.932489451476793,2780,0.6974678039550781,0.578125,NO,,,
2.932489451476793,2780,0.6974678039550781,0.578125,NO,,,
2.932489451476793,2780,0.6974678039550781,0.578125,NO,,,
2.9430379746835444,2790,0.6239242553710938,0.625,NO,,,
2.9430379746835444,2790,0.6239242553710938,0.625,NO,,,
2.9430379746835444,2790,0.6239242553710938,0.625,NO,,,
2.9430379746835444,2790,0.6239242553710938,0.625,NO,,,
2.9430379746835444,2790,0.6239242553710938,0.625,NO,,,
2.9430379746835444,2790,0.6239242553710938,0.625,NO,,,
2.9430379746835444,2790,0.6239242553710938,0.625,NO,,,
2.9430379746835444,2790,0.6239242553710938,0.625,NO,,,
2.9430379746835444,2790,0.6239242553710938,0.625,NO,,,
2.9430379746835444,2790,0.6239242553710938,0.625,NO,,,
2.9535864978902953,2800,0.6765975952148438,0.59375,NO,,,
2.9535864978902953,2800,0.6765975952148438,0.59375,NO,,,
2.9535864978902953,2800,0.6765975952148438,0.59375,NO,,,
2.9535864978902953,2800,0.6765975952148438,0.59375,NO,,,
2.9535864978902953,2800,0.6765975952148438,0.59375,NO,,,
2.9535864978902953,2800,0.6765975952148438,0.59375,NO,,,
2.9535864978902953,2800,0.6765975952148438,0.59375,NO,,,
2.9535864978902953,2800,0.6765975952148438,0.59375,NO,,,
2.9535864978902953,2800,0.6765975952148438,0.59375,NO,,,
2.9535864978902953,2800,0.6765975952148438,0.59375,NO,,,
2.9641350210970465,2810,0.6799888610839844,0.546875,NO,,,
2.9641350210970465,2810,0.6799888610839844,0.546875,NO,,,
2.9641350210970465,2810,0.6799888610839844,0.546875,NO,,,
2.9641350210970465,2810,0.6799888610839844,0.546875,NO,,,
2.9641350210970465,2810,0.6799888610839844,0.546875,NO,,,
2.9641350210970465,2810,0.6799888610839844,0.546875,NO,,,
2.9641350210970465,2810,0.6799888610839844,0.546875,NO,,,
2.9641350210970465,2810,0.6799888610839844,0.546875,NO,,,
2.9641350210970465,2810,0.6799888610839844,0.546875,NO,,,
2.9641350210970465,2810,0.6799888610839844,0.546875,NO,,,
2.9746835443037973,2820,0.6431083679199219,0.640625,NO,,,
2.9746835443037973,2820,0.6431083679199219,0.640625,NO,,,
2.9746835443037973,2820,0.6431083679199219,0.640625,NO,,,
2.9746835443037973,2820,0.6431083679199219,0.640625,NO,,,
2.9746835443037973,2820,0.6431083679199219,0.640625,NO,,,
2.9746835443037973,2820,0.6431083679199219,0.640625,NO,,,
2.9746835443037973,2820,0.6431083679199219,0.640625,NO,,,
2.9746835443037973,2820,0.6431083679199219,0.640625,NO,,,
2.9746835443037973,2820,0.6431083679199219,0.640625,NO,,,
2.9746835443037973,2820,0.6431083679199219,0.640625,NO,,,
2.9852320675105486,2830,0.6705169677734375,0.578125,NO,,,
2.9852320675105486,2830,0.6705169677734375,0.578125,NO,,,
2.9852320675105486,2830,0.6705169677734375,0.578125,NO,,,
2.9852320675105486,2830,0.6705169677734375,0.578125,NO,,,
2.9852320675105486,2830,0.6705169677734375,0.578125,NO,,,
2.9852320675105486,2830,0.6705169677734375,0.578125,NO,,,
2.9852320675105486,2830,0.6705169677734375,0.578125,NO,,,
2.9852320675105486,2830,0.6705169677734375,0.578125,NO,,,
2.9852320675105486,2830,0.6705169677734375,0.578125,NO,,,
2.9852320675105486,2830,0.6705169677734375,0.578125,NO,,,
2.9957805907173,2840,0.655059814453125,0.625,NO,,,
2.9957805907173,2840,0.655059814453125,0.625,NO,,,
2.9957805907173,2840,0.655059814453125,0.625,NO,,,
2.9957805907173,2840,0.655059814453125,0.625,NO,,,
2.9957805907173,2840,0.655059814453125,0.625,NO,,,
2.9957805907173,2840,0.655059814453125,0.625,NO,,,
2.9957805907173,2840,0.655059814453125,0.625,NO,,,
2.9957805907173,2840,0.655059814453125,0.625,NO,,,
2.9957805907173,2840,0.655059814453125,0.625,NO,,,
2.9957805907173,2840,0.655059814453125,0.625,NO,,,
3.0063291139240507,2850,0.6381149291992188,0.65625,NO,,,
3.0063291139240507,2850,0.6381149291992188,0.65625,NO,,,
3.0063291139240507,2850,0.6381149291992188,0.65625,NO,,,
3.0063291139240507,2850,0.6381149291992188,0.65625,NO,,,
3.0063291139240507,2850,0.6381149291992188,0.65625,NO,,,
3.0063291139240507,2850,0.6381149291992188,0.65625,NO,,,
3.0063291139240507,2850,0.6381149291992188,0.65625,NO,,,
3.0063291139240507,2850,0.6381149291992188,0.65625,NO,,,
3.0063291139240507,2850,0.6381149291992188,0.65625,NO,,,
3.0063291139240507,2850,0.6381149291992188,0.65625,NO,,,
3.0168776371308015,2860,0.6650543212890625,0.59375,NO,,,
3.0168776371308015,2860,0.6650543212890625,0.59375,NO,,,
3.0168776371308015,2860,0.6650543212890625,0.59375,NO,,,
3.0168776371308015,2860,0.6650543212890625,0.59375,NO,,,
3.0168776371308015,2860,0.6650543212890625,0.59375,NO,,,
3.0168776371308015,2860,0.6650543212890625,0.59375,NO,,,
3.0168776371308015,2860,0.6650543212890625,0.59375,NO,,,
3.0168776371308015,2860,0.6650543212890625,0.59375,NO,,,
3.0168776371308015,2860,0.6650543212890625,0.59375,NO,,,
3.0168776371308015,2860,0.6650543212890625,0.59375,NO,,,
3.0274261603375527,2870,0.65399169921875,0.53125,NO,,,
3.0274261603375527,2870,0.65399169921875,0.53125,NO,,,
3.0274261603375527,2870,0.65399169921875,0.53125,NO,,,
3.0274261603375527,2870,0.65399169921875,0.53125,NO,,,
3.0274261603375527,2870,0.65399169921875,0.53125,NO,,,
3.0274261603375527,2870,0.65399169921875,0.53125,NO,,,
3.0274261603375527,2870,0.65399169921875,0.53125,NO,,,
3.0274261603375527,2870,0.65399169921875,0.53125,NO,,,
3.0274261603375527,2870,0.65399169921875,0.53125,NO,,,
3.0274261603375527,2870,0.65399169921875,0.53125,NO,,,
3.037974683544304,2880,0.6577529907226562,0.546875,NO,,,
3.037974683544304,2880,0.6577529907226562,0.546875,NO,,,
3.037974683544304,2880,0.6577529907226562,0.546875,NO,,,
3.037974683544304,2880,0.6577529907226562,0.546875,NO,,,
3.037974683544304,2880,0.6577529907226562,0.546875,NO,,,
3.037974683544304,2880,0.6577529907226562,0.546875,NO,,,
3.037974683544304,2880,0.6577529907226562,0.546875,NO,,,
3.037974683544304,2880,0.6577529907226562,0.546875,NO,,,
3.037974683544304,2880,0.6577529907226562,0.546875,NO,,,
3.037974683544304,2880,0.6577529907226562,0.546875,NO,,,
3.048523206751055,2890,0.6829376220703125,0.46875,NO,,,
3.048523206751055,2890,0.6829376220703125,0.46875,NO,,,
3.048523206751055,2890,0.6829376220703125,0.46875,NO,,,
3.048523206751055,2890,0.6829376220703125,0.46875,NO,,,
3.048523206751055,2890,0.6829376220703125,0.46875,NO,,,
3.048523206751055,2890,0.6829376220703125,0.46875,NO,,,
3.048523206751055,2890,0.6829376220703125,0.46875,NO,,,
3.048523206751055,2890,0.6829376220703125,0.46875,NO,,,
3.048523206751055,2890,0.6829376220703125,0.46875,NO,,,
3.048523206751055,2890,0.6829376220703125,0.46875,NO,,,
3.059071729957806,2900,0.6075897216796875,0.734375,NO,,,
3.059071729957806,2900,0.6075897216796875,0.734375,NO,,,
3.059071729957806,2900,0.6075897216796875,0.734375,NO,,,
3.059071729957806,2900,0.6075897216796875,0.734375,NO,,,
3.059071729957806,2900,0.6075897216796875,0.734375,NO,,,
3.059071729957806,2900,0.6075897216796875,0.734375,NO,,,
3.059071729957806,2900,0.6075897216796875,0.734375,NO,,,
3.059071729957806,2900,0.6075897216796875,0.734375,NO,,,
3.059071729957806,2900,0.6075897216796875,0.734375,NO,,,
3.059071729957806,2900,0.6075897216796875,0.734375,NO,,,
3.069620253164557,2910,0.6052093505859375,0.6875,NO,,,
3.069620253164557,2910,0.6052093505859375,0.6875,NO,,,
3.069620253164557,2910,0.6052093505859375,0.6875,NO,,,
3.069620253164557,2910,0.6052093505859375,0.6875,NO,,,
3.069620253164557,2910,0.6052093505859375,0.6875,NO,,,
3.069620253164557,2910,0.6052093505859375,0.6875,NO,,,
3.069620253164557,2910,0.6052093505859375,0.6875,NO,,,
3.069620253164557,2910,0.6052093505859375,0.6875,NO,,,
3.069620253164557,2910,0.6052093505859375,0.6875,NO,,,
3.069620253164557,2910,0.6052093505859375,0.6875,NO,,,
3.080168776371308,2920,0.6820640563964844,0.546875,NO,,,
3.080168776371308,2920,0.6820640563964844,0.546875,NO,,,
3.080168776371308,2920,0.6820640563964844,0.546875,NO,,,
3.080168776371308,2920,0.6820640563964844,0.546875,NO,,,
3.080168776371308,2920,0.6820640563964844,0.546875,NO,,,
3.080168776371308,2920,0.6820640563964844,0.546875,NO,,,
3.080168776371308,2920,0.6820640563964844,0.546875,NO,,,
3.080168776371308,2920,0.6820640563964844,0.546875,NO,,,
3.080168776371308,2920,0.6820640563964844,0.546875,NO,,,
3.080168776371308,2920,0.6820640563964844,0.546875,NO,,,
3.090717299578059,2930,0.663665771484375,0.546875,NO,,,
3.090717299578059,2930,0.663665771484375,0.546875,NO,,,
3.090717299578059,2930,0.663665771484375,0.546875,NO,,,
3.090717299578059,2930,0.663665771484375,0.546875,NO,,,
3.090717299578059,2930,0.663665771484375,0.546875,NO,,,
3.090717299578059,2930,0.663665771484375,0.546875,NO,,,
3.090717299578059,2930,0.663665771484375,0.546875,NO,,,
3.090717299578059,2930,0.663665771484375,0.546875,NO,,,
3.090717299578059,2930,0.663665771484375,0.546875,NO,,,
3.090717299578059,2930,0.663665771484375,0.546875,NO,,,
3.1012658227848102,2940,0.64862060546875,0.609375,NO,,,
3.1012658227848102,2940,0.64862060546875,0.609375,NO,,,
3.1012658227848102,2940,0.64862060546875,0.609375,NO,,,
3.1012658227848102,2940,0.64862060546875,0.609375,NO,,,
3.1012658227848102,2940,0.64862060546875,0.609375,NO,,,
3.1012658227848102,2940,0.64862060546875,0.609375,NO,,,
3.1012658227848102,2940,0.64862060546875,0.609375,NO,,,
3.1012658227848102,2940,0.64862060546875,0.609375,NO,,,
3.1012658227848102,2940,0.64862060546875,0.609375,NO,,,
3.1012658227848102,2940,0.64862060546875,0.609375,NO,,,
3.111814345991561,2950,0.6555671691894531,0.625,NO,,,
3.111814345991561,2950,0.6555671691894531,0.625,NO,,,
3.111814345991561,2950,0.6555671691894531,0.625,NO,,,
3.111814345991561,2950,0.6555671691894531,0.625,NO,,,
3.111814345991561,2950,0.6555671691894531,0.625,NO,,,
3.111814345991561,2950,0.6555671691894531,0.625,NO,,,
3.111814345991561,2950,0.6555671691894531,0.625,NO,,,
3.111814345991561,2950,0.6555671691894531,0.625,NO,,,
3.111814345991561,2950,0.6555671691894531,0.625,NO,,,
3.111814345991561,2950,0.6555671691894531,0.625,NO,,,
3.1223628691983123,2960,0.6519241333007812,0.640625,NO,,,
3.1223628691983123,2960,0.6519241333007812,0.640625,NO,,,
3.1223628691983123,2960,0.6519241333007812,0.640625,NO,,,
3.1223628691983123,2960,0.6519241333007812,0.640625,NO,,,
3.1223628691983123,2960,0.6519241333007812,0.640625,NO,,,
3.1223628691983123,2960,0.6519241333007812,0.640625,NO,,,
3.1223628691983123,2960,0.6519241333007812,0.640625,NO,,,
3.1223628691983123,2960,0.6519241333007812,0.640625,NO,,,
3.1223628691983123,2960,0.6519241333007812,0.640625,NO,,,
3.1223628691983123,2960,0.6519241333007812,0.640625,NO,,,
3.132911392405063,2970,0.645294189453125,0.671875,NO,,,
3.132911392405063,2970,0.645294189453125,0.671875,NO,,,
3.132911392405063,2970,0.645294189453125,0.671875,NO,,,
3.132911392405063,2970,0.645294189453125,0.671875,NO,,,
3.132911392405063,2970,0.645294189453125,0.671875,NO,,,
3.132911392405063,2970,0.645294189453125,0.671875,NO,,,
3.132911392405063,2970,0.645294189453125,0.671875,NO,,,
3.132911392405063,2970,0.645294189453125,0.671875,NO,,,
3.132911392405063,2970,0.645294189453125,0.671875,NO,,,
3.132911392405063,2970,0.645294189453125,0.671875,NO,,,
3.1434599156118144,2980,0.657257080078125,0.5625,NO,,,
3.1434599156118144,2980,0.657257080078125,0.5625,NO,,,
3.1434599156118144,2980,0.657257080078125,0.5625,NO,,,
3.1434599156118144,2980,0.657257080078125,0.5625,NO,,,
3.1434599156118144,2980,0.657257080078125,0.5625,NO,,,
3.1434599156118144,2980,0.657257080078125,0.5625,NO,,,
3.1434599156118144,2980,0.657257080078125,0.5625,NO,,,
3.1434599156118144,2980,0.657257080078125,0.5625,NO,,,
3.1434599156118144,2980,0.657257080078125,0.5625,NO,,,
3.1434599156118144,2980,0.657257080078125,0.5625,NO,,,
3.1540084388185656,2990,0.6696815490722656,0.515625,NO,,,
3.1540084388185656,2990,0.6696815490722656,0.515625,NO,,,
3.1540084388185656,2990,0.6696815490722656,0.515625,NO,,,
3.1540084388185656,2990,0.6696815490722656,0.515625,NO,,,
3.1540084388185656,2990,0.6696815490722656,0.515625,NO,,,
3.1540084388185656,2990,0.6696815490722656,0.515625,NO,,,
3.1540084388185656,2990,0.6696815490722656,0.515625,NO,,,
3.1540084388185656,2990,0.6696815490722656,0.515625,NO,,,
3.1540084388185656,2990,0.6696815490722656,0.515625,NO,,,
3.1540084388185656,2990,0.6696815490722656,0.515625,YES,0.66064453125,0.5956941351150705,0.6678059895833334
3.1645569620253164,3000,0.6256103515625,0.59375,NO,,,
3.1645569620253164,3000,0.6256103515625,0.59375,NO,,,
3.1645569620253164,3000,0.6256103515625,0.59375,NO,,,
3.1645569620253164,3000,0.6256103515625,0.59375,NO,,,
3.1645569620253164,3000,0.6256103515625,0.59375,NO,,,
3.1645569620253164,3000,0.6256103515625,0.59375,NO,,,
3.1645569620253164,3000,0.6256103515625,0.59375,NO,,,
3.1645569620253164,3000,0.6256103515625,0.59375,NO,,,
3.1645569620253164,3000,0.6256103515625,0.59375,NO,,,
3.1645569620253164,3000,0.6256103515625,0.59375,NO,,,
3.1751054852320677,3010,0.6560134887695312,0.5625,NO,,,
3.1751054852320677,3010,0.6560134887695312,0.5625,NO,,,
3.1751054852320677,3010,0.6560134887695312,0.5625,NO,,,
3.1751054852320677,3010,0.6560134887695312,0.5625,NO,,,
3.1751054852320677,3010,0.6560134887695312,0.5625,NO,,,
3.1751054852320677,3010,0.6560134887695312,0.5625,NO,,,
3.1751054852320677,3010,0.6560134887695312,0.5625,NO,,,
3.1751054852320677,3010,0.6560134887695312,0.5625,NO,,,
3.1751054852320677,3010,0.6560134887695312,0.5625,NO,,,
3.1751054852320677,3010,0.6560134887695312,0.5625,NO,,,
3.1856540084388185,3020,0.6594696044921875,0.5625,NO,,,
3.1856540084388185,3020,0.6594696044921875,0.5625,NO,,,
3.1856540084388185,3020,0.6594696044921875,0.5625,NO,,,
3.1856540084388185,3020,0.6594696044921875,0.5625,NO,,,
3.1856540084388185,3020,0.6594696044921875,0.5625,NO,,,
3.1856540084388185,3020,0.6594696044921875,0.5625,NO,,,
3.1856540084388185,3020,0.6594696044921875,0.5625,NO,,,
3.1856540084388185,3020,0.6594696044921875,0.5625,NO,,,
3.1856540084388185,3020,0.6594696044921875,0.5625,NO,,,
3.1856540084388185,3020,0.6594696044921875,0.5625,NO,,,
3.1962025316455698,3030,0.6701431274414062,0.59375,NO,,,
3.1962025316455698,3030,0.6701431274414062,0.59375,NO,,,
3.1962025316455698,3030,0.6701431274414062,0.59375,NO,,,
3.1962025316455698,3030,0.6701431274414062,0.59375,NO,,,
3.1962025316455698,3030,0.6701431274414062,0.59375,NO,,,
3.1962025316455698,3030,0.6701431274414062,0.59375,NO,,,
3.1962025316455698,3030,0.6701431274414062,0.59375,NO,,,
3.1962025316455698,3030,0.6701431274414062,0.59375,NO,,,
3.1962025316455698,3030,0.6701431274414062,0.59375,NO,,,
3.1962025316455698,3030,0.6701431274414062,0.59375,NO,,,
3.2067510548523206,3040,0.7037124633789062,0.515625,NO,,,
3.2067510548523206,3040,0.7037124633789062,0.515625,NO,,,
3.2067510548523206,3040,0.7037124633789062,0.515625,NO,,,
3.2067510548523206,3040,0.7037124633789062,0.515625,NO,,,
3.2067510548523206,3040,0.7037124633789062,0.515625,NO,,,
3.2067510548523206,3040,0.7037124633789062,0.515625,NO,,,
3.2067510548523206,3040,0.7037124633789062,0.515625,NO,,,
3.2067510548523206,3040,0.7037124633789062,0.515625,NO,,,
3.2067510548523206,3040,0.7037124633789062,0.515625,NO,,,
3.2067510548523206,3040,0.7037124633789062,0.515625,NO,,,
3.217299578059072,3050,0.6591110229492188,0.640625,NO,,,
3.217299578059072,3050,0.6591110229492188,0.640625,NO,,,
3.217299578059072,3050,0.6591110229492188,0.640625,NO,,,
3.217299578059072,3050,0.6591110229492188,0.640625,NO,,,
3.217299578059072,3050,0.6591110229492188,0.640625,NO,,,
3.217299578059072,3050,0.6591110229492188,0.640625,NO,,,
3.217299578059072,3050,0.6591110229492188,0.640625,NO,,,
3.217299578059072,3050,0.6591110229492188,0.640625,NO,,,
3.217299578059072,3050,0.6591110229492188,0.640625,NO,,,
3.217299578059072,3050,0.6591110229492188,0.640625,NO,,,
3.2278481012658227,3060,0.6445770263671875,0.6875,NO,,,
3.2278481012658227,3060,0.6445770263671875,0.6875,NO,,,
3.2278481012658227,3060,0.6445770263671875,0.6875,NO,,,
3.2278481012658227,3060,0.6445770263671875,0.6875,NO,,,
3.2278481012658227,3060,0.6445770263671875,0.6875,NO,,,
3.2278481012658227,3060,0.6445770263671875,0.6875,NO,,,
3.2278481012658227,3060,0.6445770263671875,0.6875,NO,,,
3.2278481012658227,3060,0.6445770263671875,0.6875,NO,,,
3.2278481012658227,3060,0.6445770263671875,0.6875,NO,,,
3.2278481012658227,3060,0.6445770263671875,0.6875,NO,,,
3.238396624472574,3070,0.6729736328125,0.546875,NO,,,
3.238396624472574,3070,0.6729736328125,0.546875,NO,,,
3.238396624472574,3070,0.6729736328125,0.546875,NO,,,
3.238396624472574,3070,0.6729736328125,0.546875,NO,,,
3.238396624472574,3070,0.6729736328125,0.546875,NO,,,
3.238396624472574,3070,0.6729736328125,0.546875,NO,,,
3.238396624472574,3070,0.6729736328125,0.546875,NO,,,
3.238396624472574,3070,0.6729736328125,0.546875,NO,,,
3.238396624472574,3070,0.6729736328125,0.546875,NO,,,
3.238396624472574,3070,0.6729736328125,0.546875,NO,,,
3.2489451476793247,3080,0.645965576171875,0.625,NO,,,
3.2489451476793247,3080,0.645965576171875,0.625,NO,,,
3.2489451476793247,3080,0.645965576171875,0.625,NO,,,
3.2489451476793247,3080,0.645965576171875,0.625,NO,,,
3.2489451476793247,3080,0.645965576171875,0.625,NO,,,
3.2489451476793247,3080,0.645965576171875,0.625,NO,,,
3.2489451476793247,3080,0.645965576171875,0.625,NO,,,
3.2489451476793247,3080,0.645965576171875,0.625,NO,,,
3.2489451476793247,3080,0.645965576171875,0.625,NO,,,
3.2489451476793247,3080,0.645965576171875,0.625,NO,,,
3.259493670886076,3090,0.6489028930664062,0.640625,NO,,,
3.259493670886076,3090,0.6489028930664062,0.640625,NO,,,
3.259493670886076,3090,0.6489028930664062,0.640625,NO,,,
3.259493670886076,3090,0.6489028930664062,0.640625,NO,,,
3.259493670886076,3090,0.6489028930664062,0.640625,NO,,,
3.259493670886076,3090,0.6489028930664062,0.640625,NO,,,
3.259493670886076,3090,0.6489028930664062,0.640625,NO,,,
3.259493670886076,3090,0.6489028930664062,0.640625,NO,,,
3.259493670886076,3090,0.6489028930664062,0.640625,NO,,,
3.259493670886076,3090,0.6489028930664062,0.640625,NO,,,
3.270042194092827,3100,0.6485824584960938,0.71875,NO,,,
3.270042194092827,3100,0.6485824584960938,0.71875,NO,,,
3.270042194092827,3100,0.6485824584960938,0.71875,NO,,,
3.270042194092827,3100,0.6485824584960938,0.71875,NO,,,
3.270042194092827,3100,0.6485824584960938,0.71875,NO,,,
3.270042194092827,3100,0.6485824584960938,0.71875,NO,,,
3.270042194092827,3100,0.6485824584960938,0.71875,NO,,,
3.270042194092827,3100,0.6485824584960938,0.71875,NO,,,
3.270042194092827,3100,0.6485824584960938,0.71875,NO,,,
3.270042194092827,3100,0.6485824584960938,0.71875,NO,,,
3.280590717299578,3110,0.6721572875976562,0.609375,NO,,,
3.280590717299578,3110,0.6721572875976562,0.609375,NO,,,
3.280590717299578,3110,0.6721572875976562,0.609375,NO,,,
3.280590717299578,3110,0.6721572875976562,0.609375,NO,,,
3.280590717299578,3110,0.6721572875976562,0.609375,NO,,,
3.280590717299578,3110,0.6721572875976562,0.609375,NO,,,
3.280590717299578,3110,0.6721572875976562,0.609375,NO,,,
3.280590717299578,3110,0.6721572875976562,0.609375,NO,,,
3.280590717299578,3110,0.6721572875976562,0.609375,NO,,,
3.280590717299578,3110,0.6721572875976562,0.609375,NO,,,
3.291139240506329,3120,0.6300277709960938,0.59375,NO,,,
3.291139240506329,3120,0.6300277709960938,0.59375,NO,,,
3.291139240506329,3120,0.6300277709960938,0.59375,NO,,,
3.291139240506329,3120,0.6300277709960938,0.59375,NO,,,
3.291139240506329,3120,0.6300277709960938,0.59375,NO,,,
3.291139240506329,3120,0.6300277709960938,0.59375,NO,,,
3.291139240506329,3120,0.6300277709960938,0.59375,NO,,,
3.291139240506329,3120,0.6300277709960938,0.59375,NO,,,
3.291139240506329,3120,0.6300277709960938,0.59375,NO,,,
3.291139240506329,3120,0.6300277709960938,0.59375,NO,,,
3.30168776371308,3130,0.6492576599121094,0.671875,NO,,,
3.30168776371308,3130,0.6492576599121094,0.671875,NO,,,
3.30168776371308,3130,0.6492576599121094,0.671875,NO,,,
3.30168776371308,3130,0.6492576599121094,0.671875,NO,,,
3.30168776371308,3130,0.6492576599121094,0.671875,NO,,,
3.30168776371308,3130,0.6492576599121094,0.671875,NO,,,
3.30168776371308,3130,0.6492576599121094,0.671875,NO,,,
3.30168776371308,3130,0.6492576599121094,0.671875,NO,,,
3.30168776371308,3130,0.6492576599121094,0.671875,NO,,,
3.30168776371308,3130,0.6492576599121094,0.671875,NO,,,
3.3122362869198314,3140,0.7310981750488281,0.46875,NO,,,
3.3122362869198314,3140,0.7310981750488281,0.46875,NO,,,
3.3122362869198314,3140,0.7310981750488281,0.46875,NO,,,
3.3122362869198314,3140,0.7310981750488281,0.46875,NO,,,
3.3122362869198314,3140,0.7310981750488281,0.46875,NO,,,
3.3122362869198314,3140,0.7310981750488281,0.46875,NO,,,
3.3122362869198314,3140,0.7310981750488281,0.46875,NO,,,
3.3122362869198314,3140,0.7310981750488281,0.46875,NO,,,
3.3122362869198314,3140,0.7310981750488281,0.46875,NO,,,
3.3122362869198314,3140,0.7310981750488281,0.46875,NO,,,
3.3227848101265822,3150,0.665374755859375,0.609375,NO,,,
3.3227848101265822,3150,0.665374755859375,0.609375,NO,,,
3.3227848101265822,3150,0.665374755859375,0.609375,NO,,,
3.3227848101265822,3150,0.665374755859375,0.609375,NO,,,
3.3227848101265822,3150,0.665374755859375,0.609375,NO,,,
3.3227848101265822,3150,0.665374755859375,0.609375,NO,,,
3.3227848101265822,3150,0.665374755859375,0.609375,NO,,,
3.3227848101265822,3150,0.665374755859375,0.609375,NO,,,
3.3227848101265822,3150,0.665374755859375,0.609375,NO,,,
3.3227848101265822,3150,0.665374755859375,0.609375,NO,,,
3.3333333333333335,3160,0.6480598449707031,0.609375,NO,,,
3.3333333333333335,3160,0.6480598449707031,0.609375,NO,,,
3.3333333333333335,3160,0.6480598449707031,0.609375,NO,,,
3.3333333333333335,3160,0.6480598449707031,0.609375,NO,,,
3.3333333333333335,3160,0.6480598449707031,0.609375,NO,,,
3.3333333333333335,3160,0.6480598449707031,0.609375,NO,,,
3.3333333333333335,3160,0.6480598449707031,0.609375,NO,,,
3.3333333333333335,3160,0.6480598449707031,0.609375,NO,,,
3.3333333333333335,3160,0.6480598449707031,0.609375,NO,,,
3.3333333333333335,3160,0.6480598449707031,0.609375,NO,,,
3.3438818565400843,3170,0.6534309387207031,0.609375,NO,,,
3.3438818565400843,3170,0.6534309387207031,0.609375,NO,,,
3.3438818565400843,3170,0.6534309387207031,0.609375,NO,,,
3.3438818565400843,3170,0.6534309387207031,0.609375,NO,,,
3.3438818565400843,3170,0.6534309387207031,0.609375,NO,,,
3.3438818565400843,3170,0.6534309387207031,0.609375,NO,,,
3.3438818565400843,3170,0.6534309387207031,0.609375,NO,,,
3.3438818565400843,3170,0.6534309387207031,0.609375,NO,,,
3.3438818565400843,3170,0.6534309387207031,0.609375,NO,,,
3.3438818565400843,3170,0.6534309387207031,0.609375,NO,,,
3.3544303797468356,3180,0.6509780883789062,0.640625,NO,,,
3.3544303797468356,3180,0.6509780883789062,0.640625,NO,,,
3.3544303797468356,3180,0.6509780883789062,0.640625,NO,,,
3.3544303797468356,3180,0.6509780883789062,0.640625,NO,,,
3.3544303797468356,3180,0.6509780883789062,0.640625,NO,,,
3.3544303797468356,3180,0.6509780883789062,0.640625,NO,,,
3.3544303797468356,3180,0.6509780883789062,0.640625,NO,,,
3.3544303797468356,3180,0.6509780883789062,0.640625,NO,,,
3.3544303797468356,3180,0.6509780883789062,0.640625,NO,,,
3.3544303797468356,3180,0.6509780883789062,0.640625,NO,,,
3.3649789029535864,3190,0.6613082885742188,0.578125,NO,,,
3.3649789029535864,3190,0.6613082885742188,0.578125,NO,,,
3.3649789029535864,3190,0.6613082885742188,0.578125,NO,,,
3.3649789029535864,3190,0.6613082885742188,0.578125,NO,,,
3.3649789029535864,3190,0.6613082885742188,0.578125,NO,,,
3.3649789029535864,3190,0.6613082885742188,0.578125,NO,,,
3.3649789029535864,3190,0.6613082885742188,0.578125,NO,,,
3.3649789029535864,3190,0.6613082885742188,0.578125,NO,,,
3.3649789029535864,3190,0.6613082885742188,0.578125,NO,,,
3.3649789029535864,3190,0.6613082885742188,0.578125,NO,,,
3.3755274261603376,3200,0.6594886779785156,0.625,NO,,,
3.3755274261603376,3200,0.6594886779785156,0.625,NO,,,
3.3755274261603376,3200,0.6594886779785156,0.625,NO,,,
3.3755274261603376,3200,0.6594886779785156,0.625,NO,,,
3.3755274261603376,3200,0.6594886779785156,0.625,NO,,,
3.3755274261603376,3200,0.6594886779785156,0.625,NO,,,
3.3755274261603376,3200,0.6594886779785156,0.625,NO,,,
3.3755274261603376,3200,0.6594886779785156,0.625,NO,,,
3.3755274261603376,3200,0.6594886779785156,0.625,NO,,,
3.3755274261603376,3200,0.6594886779785156,0.625,NO,,,
3.3860759493670884,3210,0.6679801940917969,0.609375,NO,,,
3.3860759493670884,3210,0.6679801940917969,0.609375,NO,,,
3.3860759493670884,3210,0.6679801940917969,0.609375,NO,,,
3.3860759493670884,3210,0.6679801940917969,0.609375,NO,,,
3.3860759493670884,3210,0.6679801940917969,0.609375,NO,,,
3.3860759493670884,3210,0.6679801940917969,0.609375,NO,,,
3.3860759493670884,3210,0.6679801940917969,0.609375,NO,,,
3.3860759493670884,3210,0.6679801940917969,0.609375,NO,,,
3.3860759493670884,3210,0.6679801940917969,0.609375,NO,,,
3.3860759493670884,3210,0.6679801940917969,0.609375,NO,,,
3.3966244725738397,3220,0.6695747375488281,0.640625,NO,,,
3.3966244725738397,3220,0.6695747375488281,0.640625,NO,,,
3.3966244725738397,3220,0.6695747375488281,0.640625,NO,,,
3.3966244725738397,3220,0.6695747375488281,0.640625,NO,,,
3.3966244725738397,3220,0.6695747375488281,0.640625,NO,,,
3.3966244725738397,3220,0.6695747375488281,0.640625,NO,,,
3.3966244725738397,3220,0.6695747375488281,0.640625,NO,,,
3.3966244725738397,3220,0.6695747375488281,0.640625,NO,,,
3.3966244725738397,3220,0.6695747375488281,0.640625,NO,,,
3.3966244725738397,3220,0.6695747375488281,0.640625,NO,,,
3.4071729957805905,3230,0.6434249877929688,0.625,NO,,,
3.4071729957805905,3230,0.6434249877929688,0.625,NO,,,
3.4071729957805905,3230,0.6434249877929688,0.625,NO,,,
3.4071729957805905,3230,0.6434249877929688,0.625,NO,,,
3.4071729957805905,3230,0.6434249877929688,0.625,NO,,,
3.4071729957805905,3230,0.6434249877929688,0.625,NO,,,
3.4071729957805905,3230,0.6434249877929688,0.625,NO,,,
3.4071729957805905,3230,0.6434249877929688,0.625,NO,,,
3.4071729957805905,3230,0.6434249877929688,0.625,NO,,,
3.4071729957805905,3230,0.6434249877929688,0.625,NO,,,
3.4177215189873418,3240,0.6368598937988281,0.65625,NO,,,
3.4177215189873418,3240,0.6368598937988281,0.65625,NO,,,
3.4177215189873418,3240,0.6368598937988281,0.65625,NO,,,
3.4177215189873418,3240,0.6368598937988281,0.65625,NO,,,
3.4177215189873418,3240,0.6368598937988281,0.65625,NO,,,
3.4177215189873418,3240,0.6368598937988281,0.65625,NO,,,
3.4177215189873418,3240,0.6368598937988281,0.65625,NO,,,
3.4177215189873418,3240,0.6368598937988281,0.65625,NO,,,
3.4177215189873418,3240,0.6368598937988281,0.65625,NO,,,
3.4177215189873418,3240,0.6368598937988281,0.65625,NO,,,
3.428270042194093,3250,0.6631965637207031,0.640625,NO,,,
3.428270042194093,3250,0.6631965637207031,0.640625,NO,,,
3.428270042194093,3250,0.6631965637207031,0.640625,NO,,,
3.428270042194093,3250,0.6631965637207031,0.640625,NO,,,
3.428270042194093,3250,0.6631965637207031,0.640625,NO,,,
3.428270042194093,3250,0.6631965637207031,0.640625,NO,,,
3.428270042194093,3250,0.6631965637207031,0.640625,NO,,,
3.428270042194093,3250,0.6631965637207031,0.640625,NO,,,
3.428270042194093,3250,0.6631965637207031,0.640625,NO,,,
3.428270042194093,3250,0.6631965637207031,0.640625,NO,,,
3.438818565400844,3260,0.6465187072753906,0.625,NO,,,
3.438818565400844,3260,0.6465187072753906,0.625,NO,,,
3.438818565400844,3260,0.6465187072753906,0.625,NO,,,
3.438818565400844,3260,0.6465187072753906,0.625,NO,,,
3.438818565400844,3260,0.6465187072753906,0.625,NO,,,
3.438818565400844,3260,0.6465187072753906,0.625,NO,,,
3.438818565400844,3260,0.6465187072753906,0.625,NO,,,
3.438818565400844,3260,0.6465187072753906,0.625,NO,,,
3.438818565400844,3260,0.6465187072753906,0.625,NO,,,
3.438818565400844,3260,0.6465187072753906,0.625,NO,,,
3.449367088607595,3270,0.6437492370605469,0.625,NO,,,
3.449367088607595,3270,0.6437492370605469,0.625,NO,,,
3.449367088607595,3270,0.6437492370605469,0.625,NO,,,
3.449367088607595,3270,0.6437492370605469,0.625,NO,,,
3.449367088607595,3270,0.6437492370605469,0.625,NO,,,
3.449367088607595,3270,0.6437492370605469,0.625,NO,,,
3.449367088607595,3270,0.6437492370605469,0.625,NO,,,
3.449367088607595,3270,0.6437492370605469,0.625,NO,,,
3.449367088607595,3270,0.6437492370605469,0.625,NO,,,
3.449367088607595,3270,0.6437492370605469,0.625,NO,,,
3.459915611814346,3280,0.6528739929199219,0.59375,NO,,,
3.459915611814346,3280,0.6528739929199219,0.59375,NO,,,
3.459915611814346,3280,0.6528739929199219,0.59375,NO,,,
3.459915611814346,3280,0.6528739929199219,0.59375,NO,,,
3.459915611814346,3280,0.6528739929199219,0.59375,NO,,,
3.459915611814346,3280,0.6528739929199219,0.59375,NO,,,
3.459915611814346,3280,0.6528739929199219,0.59375,NO,,,
3.459915611814346,3280,0.6528739929199219,0.59375,NO,,,
3.459915611814346,3280,0.6528739929199219,0.59375,NO,,,
3.459915611814346,3280,0.6528739929199219,0.59375,NO,,,
3.470464135021097,3290,0.6697425842285156,0.578125,NO,,,
3.470464135021097,3290,0.6697425842285156,0.578125,NO,,,
3.470464135021097,3290,0.6697425842285156,0.578125,NO,,,
3.470464135021097,3290,0.6697425842285156,0.578125,NO,,,
3.470464135021097,3290,0.6697425842285156,0.578125,NO,,,
3.470464135021097,3290,0.6697425842285156,0.578125,NO,,,
3.470464135021097,3290,0.6697425842285156,0.578125,NO,,,
3.470464135021097,3290,0.6697425842285156,0.578125,NO,,,
3.470464135021097,3290,0.6697425842285156,0.578125,NO,,,
3.470464135021097,3290,0.6697425842285156,0.578125,NO,,,
3.481012658227848,3300,0.6496810913085938,0.625,NO,,,
3.481012658227848,3300,0.6496810913085938,0.625,NO,,,
3.481012658227848,3300,0.6496810913085938,0.625,NO,,,
3.481012658227848,3300,0.6496810913085938,0.625,NO,,,
3.481012658227848,3300,0.6496810913085938,0.625,NO,,,
3.481012658227848,3300,0.6496810913085938,0.625,NO,,,
3.481012658227848,3300,0.6496810913085938,0.625,NO,,,
3.481012658227848,3300,0.6496810913085938,0.625,NO,,,
3.481012658227848,3300,0.6496810913085938,0.625,NO,,,
3.481012658227848,3300,0.6496810913085938,0.625,NO,,,
3.4915611814345993,3310,0.6695899963378906,0.65625,NO,,,
3.4915611814345993,3310,0.6695899963378906,0.65625,NO,,,
3.4915611814345993,3310,0.6695899963378906,0.65625,NO,,,
3.4915611814345993,3310,0.6695899963378906,0.65625,NO,,,
3.4915611814345993,3310,0.6695899963378906,0.65625,NO,,,
3.4915611814345993,3310,0.6695899963378906,0.65625,NO,,,
3.4915611814345993,3310,0.6695899963378906,0.65625,NO,,,
3.4915611814345993,3310,0.6695899963378906,0.65625,NO,,,
3.4915611814345993,3310,0.6695899963378906,0.65625,NO,,,
3.4915611814345993,3310,0.6695899963378906,0.65625,NO,,,
3.50210970464135,3320,0.6546440124511719,0.640625,NO,,,
3.50210970464135,3320,0.6546440124511719,0.640625,NO,,,
3.50210970464135,3320,0.6546440124511719,0.640625,NO,,,
3.50210970464135,3320,0.6546440124511719,0.640625,NO,,,
3.50210970464135,3320,0.6546440124511719,0.640625,NO,,,
3.50210970464135,3320,0.6546440124511719,0.640625,NO,,,
3.50210970464135,3320,0.6546440124511719,0.640625,NO,,,
3.50210970464135,3320,0.6546440124511719,0.640625,NO,,,
3.50210970464135,3320,0.6546440124511719,0.640625,NO,,,
3.50210970464135,3320,0.6546440124511719,0.640625,NO,,,
3.5126582278481013,3330,0.6718826293945312,0.5625,NO,,,
3.5126582278481013,3330,0.6718826293945312,0.5625,NO,,,
3.5126582278481013,3330,0.6718826293945312,0.5625,NO,,,
3.5126582278481013,3330,0.6718826293945312,0.5625,NO,,,
3.5126582278481013,3330,0.6718826293945312,0.5625,NO,,,
3.5126582278481013,3330,0.6718826293945312,0.5625,NO,,,
3.5126582278481013,3330,0.6718826293945312,0.5625,NO,,,
3.5126582278481013,3330,0.6718826293945312,0.5625,NO,,,
3.5126582278481013,3330,0.6718826293945312,0.5625,NO,,,
3.5126582278481013,3330,0.6718826293945312,0.5625,NO,,,
3.523206751054852,3340,0.6602363586425781,0.625,NO,,,
3.523206751054852,3340,0.6602363586425781,0.625,NO,,,
3.523206751054852,3340,0.6602363586425781,0.625,NO,,,
3.523206751054852,3340,0.6602363586425781,0.625,NO,,,
3.523206751054852,3340,0.6602363586425781,0.625,NO,,,
3.523206751054852,3340,0.6602363586425781,0.625,NO,,,
3.523206751054852,3340,0.6602363586425781,0.625,NO,,,
3.523206751054852,3340,0.6602363586425781,0.625,NO,,,
3.523206751054852,3340,0.6602363586425781,0.625,NO,,,
3.523206751054852,3340,0.6602363586425781,0.625,NO,,,
3.5337552742616034,3350,0.6824531555175781,0.5,NO,,,
3.5337552742616034,3350,0.6824531555175781,0.5,NO,,,
3.5337552742616034,3350,0.6824531555175781,0.5,NO,,,
3.5337552742616034,3350,0.6824531555175781,0.5,NO,,,
3.5337552742616034,3350,0.6824531555175781,0.5,NO,,,
3.5337552742616034,3350,0.6824531555175781,0.5,NO,,,
3.5337552742616034,3350,0.6824531555175781,0.5,NO,,,
3.5337552742616034,3350,0.6824531555175781,0.5,NO,,,
3.5337552742616034,3350,0.6824531555175781,0.5,NO,,,
3.5337552742616034,3350,0.6824531555175781,0.5,NO,,,
3.5443037974683547,3360,0.622222900390625,0.6875,NO,,,
3.5443037974683547,3360,0.622222900390625,0.6875,NO,,,
3.5443037974683547,3360,0.622222900390625,0.6875,NO,,,
3.5443037974683547,3360,0.622222900390625,0.6875,NO,,,
3.5443037974683547,3360,0.622222900390625,0.6875,NO,,,
3.5443037974683547,3360,0.622222900390625,0.6875,NO,,,
3.5443037974683547,3360,0.622222900390625,0.6875,NO,,,
3.5443037974683547,3360,0.622222900390625,0.6875,NO,,,
3.5443037974683547,3360,0.622222900390625,0.6875,NO,,,
3.5443037974683547,3360,0.622222900390625,0.6875,NO,,,
3.5548523206751055,3370,0.6488800048828125,0.59375,NO,,,
3.5548523206751055,3370,0.6488800048828125,0.59375,NO,,,
3.5548523206751055,3370,0.6488800048828125,0.59375,NO,,,
3.5548523206751055,3370,0.6488800048828125,0.59375,NO,,,
3.5548523206751055,3370,0.6488800048828125,0.59375,NO,,,
3.5548523206751055,3370,0.6488800048828125,0.59375,NO,,,
3.5548523206751055,3370,0.6488800048828125,0.59375,NO,,,
3.5548523206751055,3370,0.6488800048828125,0.59375,NO,,,
3.5548523206751055,3370,0.6488800048828125,0.59375,NO,,,
3.5548523206751055,3370,0.6488800048828125,0.59375,NO,,,
3.5654008438818563,3380,0.6716232299804688,0.578125,NO,,,
3.5654008438818563,3380,0.6716232299804688,0.578125,NO,,,
3.5654008438818563,3380,0.6716232299804688,0.578125,NO,,,
3.5654008438818563,3380,0.6716232299804688,0.578125,NO,,,
3.5654008438818563,3380,0.6716232299804688,0.578125,NO,,,
3.5654008438818563,3380,0.6716232299804688,0.578125,NO,,,
3.5654008438818563,3380,0.6716232299804688,0.578125,NO,,,
3.5654008438818563,3380,0.6716232299804688,0.578125,NO,,,
3.5654008438818563,3380,0.6716232299804688,0.578125,NO,,,
3.5654008438818563,3380,0.6716232299804688,0.578125,NO,,,
3.5759493670886076,3390,0.6236076354980469,0.65625,NO,,,
3.5759493670886076,3390,0.6236076354980469,0.65625,NO,,,
3.5759493670886076,3390,0.6236076354980469,0.65625,NO,,,
3.5759493670886076,3390,0.6236076354980469,0.65625,NO,,,
3.5759493670886076,3390,0.6236076354980469,0.65625,NO,,,
3.5759493670886076,3390,0.6236076354980469,0.65625,NO,,,
3.5759493670886076,3390,0.6236076354980469,0.65625,NO,,,
3.5759493670886076,3390,0.6236076354980469,0.65625,NO,,,
3.5759493670886076,3390,0.6236076354980469,0.65625,NO,,,
3.5759493670886076,3390,0.6236076354980469,0.65625,NO,,,
3.586497890295359,3400,0.6670494079589844,0.625,NO,,,
3.586497890295359,3400,0.6670494079589844,0.625,NO,,,
3.586497890295359,3400,0.6670494079589844,0.625,NO,,,
3.586497890295359,3400,0.6670494079589844,0.625,NO,,,
3.586497890295359,3400,0.6670494079589844,0.625,NO,,,
3.586497890295359,3400,0.6670494079589844,0.625,NO,,,
3.586497890295359,3400,0.6670494079589844,0.625,NO,,,
3.586497890295359,3400,0.6670494079589844,0.625,NO,,,
3.586497890295359,3400,0.6670494079589844,0.625,NO,,,
3.586497890295359,3400,0.6670494079589844,0.625,NO,,,
3.5970464135021096,3410,0.6560745239257812,0.65625,NO,,,
3.5970464135021096,3410,0.6560745239257812,0.65625,NO,,,
3.5970464135021096,3410,0.6560745239257812,0.65625,NO,,,
3.5970464135021096,3410,0.6560745239257812,0.65625,NO,,,
3.5970464135021096,3410,0.6560745239257812,0.65625,NO,,,
3.5970464135021096,3410,0.6560745239257812,0.65625,NO,,,
3.5970464135021096,3410,0.6560745239257812,0.65625,NO,,,
3.5970464135021096,3410,0.6560745239257812,0.65625,NO,,,
3.5970464135021096,3410,0.6560745239257812,0.65625,NO,,,
3.5970464135021096,3410,0.6560745239257812,0.65625,NO,,,
3.607594936708861,3420,0.653533935546875,0.59375,NO,,,
3.607594936708861,3420,0.653533935546875,0.59375,NO,,,
3.607594936708861,3420,0.653533935546875,0.59375,NO,,,
3.607594936708861,3420,0.653533935546875,0.59375,NO,,,
3.607594936708861,3420,0.653533935546875,0.59375,NO,,,
3.607594936708861,3420,0.653533935546875,0.59375,NO,,,
3.607594936708861,3420,0.653533935546875,0.59375,NO,,,
3.607594936708861,3420,0.653533935546875,0.59375,NO,,,
3.607594936708861,3420,0.653533935546875,0.59375,NO,,,
3.607594936708861,3420,0.653533935546875,0.59375,NO,,,
3.6181434599156117,3430,0.6428871154785156,0.65625,NO,,,
3.6181434599156117,3430,0.6428871154785156,0.65625,NO,,,
3.6181434599156117,3430,0.6428871154785156,0.65625,NO,,,
3.6181434599156117,3430,0.6428871154785156,0.65625,NO,,,
3.6181434599156117,3430,0.6428871154785156,0.65625,NO,,,
3.6181434599156117,3430,0.6428871154785156,0.65625,NO,,,
3.6181434599156117,3430,0.6428871154785156,0.65625,NO,,,
3.6181434599156117,3430,0.6428871154785156,0.65625,NO,,,
3.6181434599156117,3430,0.6428871154785156,0.65625,NO,,,
3.6181434599156117,3430,0.6428871154785156,0.65625,NO,,,
3.628691983122363,3440,0.6890525817871094,0.578125,NO,,,
3.628691983122363,3440,0.6890525817871094,0.578125,NO,,,
3.628691983122363,3440,0.6890525817871094,0.578125,NO,,,
3.628691983122363,3440,0.6890525817871094,0.578125,NO,,,
3.628691983122363,3440,0.6890525817871094,0.578125,NO,,,
3.628691983122363,3440,0.6890525817871094,0.578125,NO,,,
3.628691983122363,3440,0.6890525817871094,0.578125,NO,,,
3.628691983122363,3440,0.6890525817871094,0.578125,NO,,,
3.628691983122363,3440,0.6890525817871094,0.578125,NO,,,
3.628691983122363,3440,0.6890525817871094,0.578125,NO,,,
3.6392405063291138,3450,0.6451187133789062,0.65625,NO,,,
3.6392405063291138,3450,0.6451187133789062,0.65625,NO,,,
3.6392405063291138,3450,0.6451187133789062,0.65625,NO,,,
3.6392405063291138,3450,0.6451187133789062,0.65625,NO,,,
3.6392405063291138,3450,0.6451187133789062,0.65625,NO,,,
3.6392405063291138,3450,0.6451187133789062,0.65625,NO,,,
3.6392405063291138,3450,0.6451187133789062,0.65625,NO,,,
3.6392405063291138,3450,0.6451187133789062,0.65625,NO,,,
3.6392405063291138,3450,0.6451187133789062,0.65625,NO,,,
3.6392405063291138,3450,0.6451187133789062,0.65625,NO,,,
3.649789029535865,3460,0.6654167175292969,0.578125,NO,,,
3.649789029535865,3460,0.6654167175292969,0.578125,NO,,,
3.649789029535865,3460,0.6654167175292969,0.578125,NO,,,
3.649789029535865,3460,0.6654167175292969,0.578125,NO,,,
3.649789029535865,3460,0.6654167175292969,0.578125,NO,,,
3.649789029535865,3460,0.6654167175292969,0.578125,NO,,,
3.649789029535865,3460,0.6654167175292969,0.578125,NO,,,
3.649789029535865,3460,0.6654167175292969,0.578125,NO,,,
3.649789029535865,3460,0.6654167175292969,0.578125,NO,,,
3.649789029535865,3460,0.6654167175292969,0.578125,NO,,,
3.6603375527426163,3470,0.669219970703125,0.578125,NO,,,
3.6603375527426163,3470,0.669219970703125,0.578125,NO,,,
3.6603375527426163,3470,0.669219970703125,0.578125,NO,,,
3.6603375527426163,3470,0.669219970703125,0.578125,NO,,,
3.6603375527426163,3470,0.669219970703125,0.578125,NO,,,
3.6603375527426163,3470,0.669219970703125,0.578125,NO,,,
3.6603375527426163,3470,0.669219970703125,0.578125,NO,,,
3.6603375527426163,3470,0.669219970703125,0.578125,NO,,,
3.6603375527426163,3470,0.669219970703125,0.578125,NO,,,
3.6603375527426163,3470,0.669219970703125,0.578125,NO,,,
3.670886075949367,3480,0.6579971313476562,0.625,NO,,,
3.670886075949367,3480,0.6579971313476562,0.625,NO,,,
3.670886075949367,3480,0.6579971313476562,0.625,NO,,,
3.670886075949367,3480,0.6579971313476562,0.625,NO,,,
3.670886075949367,3480,0.6579971313476562,0.625,NO,,,
3.670886075949367,3480,0.6579971313476562,0.625,NO,,,
3.670886075949367,3480,0.6579971313476562,0.625,NO,,,
3.670886075949367,3480,0.6579971313476562,0.625,NO,,,
3.670886075949367,3480,0.6579971313476562,0.625,NO,,,
3.670886075949367,3480,0.6579971313476562,0.625,NO,,,
3.681434599156118,3490,0.6776504516601562,0.53125,NO,,,
3.681434599156118,3490,0.6776504516601562,0.53125,NO,,,
3.681434599156118,3490,0.6776504516601562,0.53125,NO,,,
3.681434599156118,3490,0.6776504516601562,0.53125,NO,,,
3.681434599156118,3490,0.6776504516601562,0.53125,NO,,,
3.681434599156118,3490,0.6776504516601562,0.53125,NO,,,
3.681434599156118,3490,0.6776504516601562,0.53125,NO,,,
3.681434599156118,3490,0.6776504516601562,0.53125,NO,,,
3.681434599156118,3490,0.6776504516601562,0.53125,NO,,,
3.681434599156118,3490,0.6776504516601562,0.53125,NO,,,
3.691983122362869,3500,0.6604728698730469,0.59375,NO,,,
3.691983122362869,3500,0.6604728698730469,0.59375,NO,,,
3.691983122362869,3500,0.6604728698730469,0.59375,NO,,,
3.691983122362869,3500,0.6604728698730469,0.59375,NO,,,
3.691983122362869,3500,0.6604728698730469,0.59375,NO,,,
3.691983122362869,3500,0.6604728698730469,0.59375,NO,,,
3.691983122362869,3500,0.6604728698730469,0.59375,NO,,,
3.691983122362869,3500,0.6604728698730469,0.59375,NO,,,
3.691983122362869,3500,0.6604728698730469,0.59375,NO,,,
3.691983122362869,3500,0.6604728698730469,0.59375,NO,,,
3.7025316455696204,3510,0.6973114013671875,0.5625,NO,,,
3.7025316455696204,3510,0.6973114013671875,0.5625,NO,,,
3.7025316455696204,3510,0.6973114013671875,0.5625,NO,,,
3.7025316455696204,3510,0.6973114013671875,0.5625,NO,,,
3.7025316455696204,3510,0.6973114013671875,0.5625,NO,,,
3.7025316455696204,3510,0.6973114013671875,0.5625,NO,,,
3.7025316455696204,3510,0.6973114013671875,0.5625,NO,,,
3.7025316455696204,3510,0.6973114013671875,0.5625,NO,,,
3.7025316455696204,3510,0.6973114013671875,0.5625,NO,,,
3.7025316455696204,3510,0.6973114013671875,0.5625,NO,,,
3.7130801687763713,3520,0.6467094421386719,0.546875,NO,,,
3.7130801687763713,3520,0.6467094421386719,0.546875,NO,,,
3.7130801687763713,3520,0.6467094421386719,0.546875,NO,,,
3.7130801687763713,3520,0.6467094421386719,0.546875,NO,,,
3.7130801687763713,3520,0.6467094421386719,0.546875,NO,,,
3.7130801687763713,3520,0.6467094421386719,0.546875,NO,,,
3.7130801687763713,3520,0.6467094421386719,0.546875,NO,,,
3.7130801687763713,3520,0.6467094421386719,0.546875,NO,,,
3.7130801687763713,3520,0.6467094421386719,0.546875,NO,,,
3.7130801687763713,3520,0.6467094421386719,0.546875,NO,,,
3.7236286919831225,3530,0.6348724365234375,0.703125,NO,,,
3.7236286919831225,3530,0.6348724365234375,0.703125,NO,,,
3.7236286919831225,3530,0.6348724365234375,0.703125,NO,,,
3.7236286919831225,3530,0.6348724365234375,0.703125,NO,,,
3.7236286919831225,3530,0.6348724365234375,0.703125,NO,,,
3.7236286919831225,3530,0.6348724365234375,0.703125,NO,,,
3.7236286919831225,3530,0.6348724365234375,0.703125,NO,,,
3.7236286919831225,3530,0.6348724365234375,0.703125,NO,,,
3.7236286919831225,3530,0.6348724365234375,0.703125,NO,,,
3.7236286919831225,3530,0.6348724365234375,0.703125,NO,,,
3.7341772151898733,3540,0.6784210205078125,0.546875,NO,,,
3.7341772151898733,3540,0.6784210205078125,0.546875,NO,,,
3.7341772151898733,3540,0.6784210205078125,0.546875,NO,,,
3.7341772151898733,3540,0.6784210205078125,0.546875,NO,,,
3.7341772151898733,3540,0.6784210205078125,0.546875,NO,,,
3.7341772151898733,3540,0.6784210205078125,0.546875,NO,,,
3.7341772151898733,3540,0.6784210205078125,0.546875,NO,,,
3.7341772151898733,3540,0.6784210205078125,0.546875,NO,,,
3.7341772151898733,3540,0.6784210205078125,0.546875,NO,,,
3.7341772151898733,3540,0.6784210205078125,0.546875,NO,,,
3.7447257383966246,3550,0.6778564453125,0.546875,NO,,,
3.7447257383966246,3550,0.6778564453125,0.546875,NO,,,
3.7447257383966246,3550,0.6778564453125,0.546875,NO,,,
3.7447257383966246,3550,0.6778564453125,0.546875,NO,,,
3.7447257383966246,3550,0.6778564453125,0.546875,NO,,,
3.7447257383966246,3550,0.6778564453125,0.546875,NO,,,
3.7447257383966246,3550,0.6778564453125,0.546875,NO,,,
3.7447257383966246,3550,0.6778564453125,0.546875,NO,,,
3.7447257383966246,3550,0.6778564453125,0.546875,NO,,,
3.7447257383966246,3550,0.6778564453125,0.546875,NO,,,
3.7552742616033754,3560,0.6868247985839844,0.5,NO,,,
3.7552742616033754,3560,0.6868247985839844,0.5,NO,,,
3.7552742616033754,3560,0.6868247985839844,0.5,NO,,,
3.7552742616033754,3560,0.6868247985839844,0.5,NO,,,
3.7552742616033754,3560,0.6868247985839844,0.5,NO,,,
3.7552742616033754,3560,0.6868247985839844,0.5,NO,,,
3.7552742616033754,3560,0.6868247985839844,0.5,NO,,,
3.7552742616033754,3560,0.6868247985839844,0.5,NO,,,
3.7552742616033754,3560,0.6868247985839844,0.5,NO,,,
3.7552742616033754,3560,0.6868247985839844,0.5,NO,,,
3.7658227848101267,3570,0.6812400817871094,0.5625,NO,,,
3.7658227848101267,3570,0.6812400817871094,0.5625,NO,,,
3.7658227848101267,3570,0.6812400817871094,0.5625,NO,,,
3.7658227848101267,3570,0.6812400817871094,0.5625,NO,,,
3.7658227848101267,3570,0.6812400817871094,0.5625,NO,,,
3.7658227848101267,3570,0.6812400817871094,0.5625,NO,,,
3.7658227848101267,3570,0.6812400817871094,0.5625,NO,,,
3.7658227848101267,3570,0.6812400817871094,0.5625,NO,,,
3.7658227848101267,3570,0.6812400817871094,0.5625,NO,,,
3.7658227848101267,3570,0.6812400817871094,0.5625,NO,,,
3.7763713080168775,3580,0.6291007995605469,0.65625,NO,,,
3.7763713080168775,3580,0.6291007995605469,0.65625,NO,,,
3.7763713080168775,3580,0.6291007995605469,0.65625,NO,,,
3.7763713080168775,3580,0.6291007995605469,0.65625,NO,,,
3.7763713080168775,3580,0.6291007995605469,0.65625,NO,,,
3.7763713080168775,3580,0.6291007995605469,0.65625,NO,,,
3.7763713080168775,3580,0.6291007995605469,0.65625,NO,,,
3.7763713080168775,3580,0.6291007995605469,0.65625,NO,,,
3.7763713080168775,3580,0.6291007995605469,0.65625,NO,,,
3.7763713080168775,3580,0.6291007995605469,0.65625,NO,,,
3.7869198312236287,3590,0.6702232360839844,0.5625,NO,,,
3.7869198312236287,3590,0.6702232360839844,0.5625,NO,,,
3.7869198312236287,3590,0.6702232360839844,0.5625,NO,,,
3.7869198312236287,3590,0.6702232360839844,0.5625,NO,,,
3.7869198312236287,3590,0.6702232360839844,0.5625,NO,,,
3.7869198312236287,3590,0.6702232360839844,0.5625,NO,,,
3.7869198312236287,3590,0.6702232360839844,0.5625,NO,,,
3.7869198312236287,3590,0.6702232360839844,0.5625,NO,,,
3.7869198312236287,3590,0.6702232360839844,0.5625,NO,,,
3.7869198312236287,3590,0.6702232360839844,0.5625,NO,,,
3.7974683544303796,3600,0.6735954284667969,0.578125,NO,,,
3.7974683544303796,3600,0.6735954284667969,0.578125,NO,,,
3.7974683544303796,3600,0.6735954284667969,0.578125,NO,,,
3.7974683544303796,3600,0.6735954284667969,0.578125,NO,,,
3.7974683544303796,3600,0.6735954284667969,0.578125,NO,,,
3.7974683544303796,3600,0.6735954284667969,0.578125,NO,,,
3.7974683544303796,3600,0.6735954284667969,0.578125,NO,,,
3.7974683544303796,3600,0.6735954284667969,0.578125,NO,,,
3.7974683544303796,3600,0.6735954284667969,0.578125,NO,,,
3.7974683544303796,3600,0.6735954284667969,0.578125,NO,,,
3.808016877637131,3610,0.6343307495117188,0.671875,NO,,,
3.808016877637131,3610,0.6343307495117188,0.671875,NO,,,
3.808016877637131,3610,0.6343307495117188,0.671875,NO,,,
3.808016877637131,3610,0.6343307495117188,0.671875,NO,,,
3.808016877637131,3610,0.6343307495117188,0.671875,NO,,,
3.808016877637131,3610,0.6343307495117188,0.671875,NO,,,
3.808016877637131,3610,0.6343307495117188,0.671875,NO,,,
3.808016877637131,3610,0.6343307495117188,0.671875,NO,,,
3.808016877637131,3610,0.6343307495117188,0.671875,NO,,,
3.808016877637131,3610,0.6343307495117188,0.671875,NO,,,
3.818565400843882,3620,0.6245574951171875,0.65625,NO,,,
3.818565400843882,3620,0.6245574951171875,0.65625,NO,,,
3.818565400843882,3620,0.6245574951171875,0.65625,NO,,,
3.818565400843882,3620,0.6245574951171875,0.65625,NO,,,
3.818565400843882,3620,0.6245574951171875,0.65625,NO,,,
3.818565400843882,3620,0.6245574951171875,0.65625,NO,,,
3.818565400843882,3620,0.6245574951171875,0.65625,NO,,,
3.818565400843882,3620,0.6245574951171875,0.65625,NO,,,
3.818565400843882,3620,0.6245574951171875,0.65625,NO,,,
3.818565400843882,3620,0.6245574951171875,0.65625,NO,,,
3.829113924050633,3630,0.6703758239746094,0.640625,NO,,,
3.829113924050633,3630,0.6703758239746094,0.640625,NO,,,
3.829113924050633,3630,0.6703758239746094,0.640625,NO,,,
3.829113924050633,3630,0.6703758239746094,0.640625,NO,,,
3.829113924050633,3630,0.6703758239746094,0.640625,NO,,,
3.829113924050633,3630,0.6703758239746094,0.640625,NO,,,
3.829113924050633,3630,0.6703758239746094,0.640625,NO,,,
3.829113924050633,3630,0.6703758239746094,0.640625,NO,,,
3.829113924050633,3630,0.6703758239746094,0.640625,NO,,,
3.829113924050633,3630,0.6703758239746094,0.640625,NO,,,
3.8396624472573837,3640,0.6417961120605469,0.625,NO,,,
3.8396624472573837,3640,0.6417961120605469,0.625,NO,,,
3.8396624472573837,3640,0.6417961120605469,0.625,NO,,,
3.8396624472573837,3640,0.6417961120605469,0.625,NO,,,
3.8396624472573837,3640,0.6417961120605469,0.625,NO,,,
3.8396624472573837,3640,0.6417961120605469,0.625,NO,,,
3.8396624472573837,3640,0.6417961120605469,0.625,NO,,,
3.8396624472573837,3640,0.6417961120605469,0.625,NO,,,
3.8396624472573837,3640,0.6417961120605469,0.625,NO,,,
3.8396624472573837,3640,0.6417961120605469,0.625,NO,,,
3.850210970464135,3650,0.6744880676269531,0.609375,NO,,,
3.850210970464135,3650,0.6744880676269531,0.609375,NO,,,
3.850210970464135,3650,0.6744880676269531,0.609375,NO,,,
3.850210970464135,3650,0.6744880676269531,0.609375,NO,,,
3.850210970464135,3650,0.6744880676269531,0.609375,NO,,,
3.850210970464135,3650,0.6744880676269531,0.609375,NO,,,
3.850210970464135,3650,0.6744880676269531,0.609375,NO,,,
3.850210970464135,3650,0.6744880676269531,0.609375,NO,,,
3.850210970464135,3650,0.6744880676269531,0.609375,NO,,,
3.850210970464135,3650,0.6744880676269531,0.609375,NO,,,
3.8607594936708862,3660,0.663421630859375,0.59375,NO,,,
3.8607594936708862,3660,0.663421630859375,0.59375,NO,,,
3.8607594936708862,3660,0.663421630859375,0.59375,NO,,,
3.8607594936708862,3660,0.663421630859375,0.59375,NO,,,
3.8607594936708862,3660,0.663421630859375,0.59375,NO,,,
3.8607594936708862,3660,0.663421630859375,0.59375,NO,,,
3.8607594936708862,3660,0.663421630859375,0.59375,NO,,,
3.8607594936708862,3660,0.663421630859375,0.59375,NO,,,
3.8607594936708862,3660,0.663421630859375,0.59375,NO,,,
3.8607594936708862,3660,0.663421630859375,0.59375,NO,,,
3.871308016877637,3670,0.6755943298339844,0.5625,NO,,,
3.871308016877637,3670,0.6755943298339844,0.5625,NO,,,
3.871308016877637,3670,0.6755943298339844,0.5625,NO,,,
3.871308016877637,3670,0.6755943298339844,0.5625,NO,,,
3.871308016877637,3670,0.6755943298339844,0.5625,NO,,,
3.871308016877637,3670,0.6755943298339844,0.5625,NO,,,
3.871308016877637,3670,0.6755943298339844,0.5625,NO,,,
3.871308016877637,3670,0.6755943298339844,0.5625,NO,,,
3.871308016877637,3670,0.6755943298339844,0.5625,NO,,,
3.871308016877637,3670,0.6755943298339844,0.5625,NO,,,
3.8818565400843883,3680,0.7015762329101562,0.4375,NO,,,
3.8818565400843883,3680,0.7015762329101562,0.4375,NO,,,
3.8818565400843883,3680,0.7015762329101562,0.4375,NO,,,
3.8818565400843883,3680,0.7015762329101562,0.4375,NO,,,
3.8818565400843883,3680,0.7015762329101562,0.4375,NO,,,
3.8818565400843883,3680,0.7015762329101562,0.4375,NO,,,
3.8818565400843883,3680,0.7015762329101562,0.4375,NO,,,
3.8818565400843883,3680,0.7015762329101562,0.4375,NO,,,
3.8818565400843883,3680,0.7015762329101562,0.4375,NO,,,
3.8818565400843883,3680,0.7015762329101562,0.4375,NO,,,
3.892405063291139,3690,0.6678428649902344,0.578125,NO,,,
3.892405063291139,3690,0.6678428649902344,0.578125,NO,,,
3.892405063291139,3690,0.6678428649902344,0.578125,NO,,,
3.892405063291139,3690,0.6678428649902344,0.578125,NO,,,
3.892405063291139,3690,0.6678428649902344,0.578125,NO,,,
3.892405063291139,3690,0.6678428649902344,0.578125,NO,,,
3.892405063291139,3690,0.6678428649902344,0.578125,NO,,,
3.892405063291139,3690,0.6678428649902344,0.578125,NO,,,
3.892405063291139,3690,0.6678428649902344,0.578125,NO,,,
3.892405063291139,3690,0.6678428649902344,0.578125,NO,,,
3.9029535864978904,3700,0.6373329162597656,0.640625,NO,,,
3.9029535864978904,3700,0.6373329162597656,0.640625,NO,,,
3.9029535864978904,3700,0.6373329162597656,0.640625,NO,,,
3.9029535864978904,3700,0.6373329162597656,0.640625,NO,,,
3.9029535864978904,3700,0.6373329162597656,0.640625,NO,,,
3.9029535864978904,3700,0.6373329162597656,0.640625,NO,,,
3.9029535864978904,3700,0.6373329162597656,0.640625,NO,,,
3.9029535864978904,3700,0.6373329162597656,0.640625,NO,,,
3.9029535864978904,3700,0.6373329162597656,0.640625,NO,,,
3.9029535864978904,3700,0.6373329162597656,0.640625,NO,,,
3.913502109704641,3710,0.6969070434570312,0.5625,NO,,,
3.913502109704641,3710,0.6969070434570312,0.5625,NO,,,
3.913502109704641,3710,0.6969070434570312,0.5625,NO,,,
3.913502109704641,3710,0.6969070434570312,0.5625,NO,,,
3.913502109704641,3710,0.6969070434570312,0.5625,NO,,,
3.913502109704641,3710,0.6969070434570312,0.5625,NO,,,
3.913502109704641,3710,0.6969070434570312,0.5625,NO,,,
3.913502109704641,3710,0.6969070434570312,0.5625,NO,,,
3.913502109704641,3710,0.6969070434570312,0.5625,NO,,,
3.913502109704641,3710,0.6969070434570312,0.5625,NO,,,
3.9240506329113924,3720,0.6419105529785156,0.5625,NO,,,
3.9240506329113924,3720,0.6419105529785156,0.5625,NO,,,
3.9240506329113924,3720,0.6419105529785156,0.5625,NO,,,
3.9240506329113924,3720,0.6419105529785156,0.5625,NO,,,
3.9240506329113924,3720,0.6419105529785156,0.5625,NO,,,
3.9240506329113924,3720,0.6419105529785156,0.5625,NO,,,
3.9240506329113924,3720,0.6419105529785156,0.5625,NO,,,
3.9240506329113924,3720,0.6419105529785156,0.5625,NO,,,
3.9240506329113924,3720,0.6419105529785156,0.5625,NO,,,
3.9240506329113924,3720,0.6419105529785156,0.5625,NO,,,
3.9345991561181437,3730,0.6639366149902344,0.53125,NO,,,
3.9345991561181437,3730,0.6639366149902344,0.53125,NO,,,
3.9345991561181437,3730,0.6639366149902344,0.53125,NO,,,
3.9345991561181437,3730,0.6639366149902344,0.53125,NO,,,
3.9345991561181437,3730,0.6639366149902344,0.53125,NO,,,
3.9345991561181437,3730,0.6639366149902344,0.53125,NO,,,
3.9345991561181437,3730,0.6639366149902344,0.53125,NO,,,
3.9345991561181437,3730,0.6639366149902344,0.53125,NO,,,
3.9345991561181437,3730,0.6639366149902344,0.53125,NO,,,
3.9345991561181437,3730,0.6639366149902344,0.53125,NO,,,
3.9451476793248945,3740,0.6506156921386719,0.640625,NO,,,
3.9451476793248945,3740,0.6506156921386719,0.640625,NO,,,
3.9451476793248945,3740,0.6506156921386719,0.640625,NO,,,
3.9451476793248945,3740,0.6506156921386719,0.640625,NO,,,
3.9451476793248945,3740,0.6506156921386719,0.640625,NO,,,
3.9451476793248945,3740,0.6506156921386719,0.640625,NO,,,
3.9451476793248945,3740,0.6506156921386719,0.640625,NO,,,
3.9451476793248945,3740,0.6506156921386719,0.640625,NO,,,
3.9451476793248945,3740,0.6506156921386719,0.640625,NO,,,
3.9451476793248945,3740,0.6506156921386719,0.640625,NO,,,
3.9556962025316453,3750,0.6509742736816406,0.53125,NO,,,
3.9556962025316453,3750,0.6509742736816406,0.53125,NO,,,
3.9556962025316453,3750,0.6509742736816406,0.53125,NO,,,
3.9556962025316453,3750,0.6509742736816406,0.53125,NO,,,
3.9556962025316453,3750,0.6509742736816406,0.53125,NO,,,
3.9556962025316453,3750,0.6509742736816406,0.53125,NO,,,
3.9556962025316453,3750,0.6509742736816406,0.53125,NO,,,
3.9556962025316453,3750,0.6509742736816406,0.53125,NO,,,
3.9556962025316453,3750,0.6509742736816406,0.53125,NO,,,
3.9556962025316453,3750,0.6509742736816406,0.53125,NO,,,
3.9662447257383966,3760,0.6340141296386719,0.71875,NO,,,
3.9662447257383966,3760,0.6340141296386719,0.71875,NO,,,
3.9662447257383966,3760,0.6340141296386719,0.71875,NO,,,
3.9662447257383966,3760,0.6340141296386719,0.71875,NO,,,
3.9662447257383966,3760,0.6340141296386719,0.71875,NO,,,
3.9662447257383966,3760,0.6340141296386719,0.71875,NO,,,
3.9662447257383966,3760,0.6340141296386719,0.71875,NO,,,
3.9662447257383966,3760,0.6340141296386719,0.71875,NO,,,
3.9662447257383966,3760,0.6340141296386719,0.71875,NO,,,
3.9662447257383966,3760,0.6340141296386719,0.71875,NO,,,
3.976793248945148,3770,0.6570510864257812,0.65625,NO,,,
3.976793248945148,3770,0.6570510864257812,0.65625,NO,,,
3.976793248945148,3770,0.6570510864257812,0.65625,NO,,,
3.976793248945148,3770,0.6570510864257812,0.65625,NO,,,
3.976793248945148,3770,0.6570510864257812,0.65625,NO,,,
3.976793248945148,3770,0.6570510864257812,0.65625,NO,,,
3.976793248945148,3770,0.6570510864257812,0.65625,NO,,,
3.976793248945148,3770,0.6570510864257812,0.65625,NO,,,
3.976793248945148,3770,0.6570510864257812,0.65625,NO,,,
3.976793248945148,3770,0.6570510864257812,0.65625,NO,,,
3.9873417721518987,3780,0.6632308959960938,0.515625,NO,,,
3.9873417721518987,3780,0.6632308959960938,0.515625,NO,,,
3.9873417721518987,3780,0.6632308959960938,0.515625,NO,,,
3.9873417721518987,3780,0.6632308959960938,0.515625,NO,,,
3.9873417721518987,3780,0.6632308959960938,0.515625,NO,,,
3.9873417721518987,3780,0.6632308959960938,0.515625,NO,,,
3.9873417721518987,3780,0.6632308959960938,0.515625,NO,,,
3.9873417721518987,3780,0.6632308959960938,0.515625,NO,,,
3.9873417721518987,3780,0.6632308959960938,0.515625,NO,,,
3.9873417721518987,3780,0.6632308959960938,0.515625,NO,,,
3.99789029535865,3790,0.6641044616699219,0.546875,NO,,,
3.99789029535865,3790,0.6641044616699219,0.546875,NO,,,
3.99789029535865,3790,0.6641044616699219,0.546875,NO,,,
3.99789029535865,3790,0.6641044616699219,0.546875,NO,,,
3.99789029535865,3790,0.6641044616699219,0.546875,NO,,,
3.99789029535865,3790,0.6641044616699219,0.546875,NO,,,
3.99789029535865,3790,0.6641044616699219,0.546875,NO,,,
3.99789029535865,3790,0.6641044616699219,0.546875,NO,,,
3.99789029535865,3790,0.6641044616699219,0.546875,NO,,,
3.99789029535865,3790,0.6641044616699219,0.546875,NO,,,
4.008438818565401,3800,0.6739883422851562,0.546875,NO,,,
4.008438818565401,3800,0.6739883422851562,0.546875,NO,,,
4.008438818565401,3800,0.6739883422851562,0.546875,NO,,,
4.008438818565401,3800,0.6739883422851562,0.546875,NO,,,
4.008438818565401,3800,0.6739883422851562,0.546875,NO,,,
4.008438818565401,3800,0.6739883422851562,0.546875,NO,,,
4.008438818565401,3800,0.6739883422851562,0.546875,NO,,,
4.008438818565401,3800,0.6739883422851562,0.546875,NO,,,
4.008438818565401,3800,0.6739883422851562,0.546875,NO,,,
4.008438818565401,3800,0.6739883422851562,0.546875,NO,,,
4.018987341772152,3810,0.6710166931152344,0.625,NO,,,
4.018987341772152,3810,0.6710166931152344,0.625,NO,,,
4.018987341772152,3810,0.6710166931152344,0.625,NO,,,
4.018987341772152,3810,0.6710166931152344,0.625,NO,,,
4.018987341772152,3810,0.6710166931152344,0.625,NO,,,
4.018987341772152,3810,0.6710166931152344,0.625,NO,,,
4.018987341772152,3810,0.6710166931152344,0.625,NO,,,
4.018987341772152,3810,0.6710166931152344,0.625,NO,,,
4.018987341772152,3810,0.6710166931152344,0.625,NO,,,
4.018987341772152,3810,0.6710166931152344,0.625,NO,,,
4.029535864978903,3820,0.6653709411621094,0.640625,NO,,,
4.029535864978903,3820,0.6653709411621094,0.640625,NO,,,
4.029535864978903,3820,0.6653709411621094,0.640625,NO,,,
4.029535864978903,3820,0.6653709411621094,0.640625,NO,,,
4.029535864978903,3820,0.6653709411621094,0.640625,NO,,,
4.029535864978903,3820,0.6653709411621094,0.640625,NO,,,
4.029535864978903,3820,0.6653709411621094,0.640625,NO,,,
4.029535864978903,3820,0.6653709411621094,0.640625,NO,,,
4.029535864978903,3820,0.6653709411621094,0.640625,NO,,,
4.029535864978903,3820,0.6653709411621094,0.640625,NO,,,
4.040084388185654,3830,0.6460342407226562,0.71875,NO,,,
4.040084388185654,3830,0.6460342407226562,0.71875,NO,,,
4.040084388185654,3830,0.6460342407226562,0.71875,NO,,,
4.040084388185654,3830,0.6460342407226562,0.71875,NO,,,
4.040084388185654,3830,0.6460342407226562,0.71875,NO,,,
4.040084388185654,3830,0.6460342407226562,0.71875,NO,,,
4.040084388185654,3830,0.6460342407226562,0.71875,NO,,,
4.040084388185654,3830,0.6460342407226562,0.71875,NO,,,
4.040084388185654,3830,0.6460342407226562,0.71875,NO,,,
4.040084388185654,3830,0.6460342407226562,0.71875,NO,,,
4.050632911392405,3840,0.6327857971191406,0.65625,NO,,,
4.050632911392405,3840,0.6327857971191406,0.65625,NO,,,
4.050632911392405,3840,0.6327857971191406,0.65625,NO,,,
4.050632911392405,3840,0.6327857971191406,0.65625,NO,,,
4.050632911392405,3840,0.6327857971191406,0.65625,NO,,,
4.050632911392405,3840,0.6327857971191406,0.65625,NO,,,
4.050632911392405,3840,0.6327857971191406,0.65625,NO,,,
4.050632911392405,3840,0.6327857971191406,0.65625,NO,,,
4.050632911392405,3840,0.6327857971191406,0.65625,NO,,,
4.050632911392405,3840,0.6327857971191406,0.65625,NO,,,
4.061181434599156,3850,0.6843109130859375,0.546875,NO,,,
4.061181434599156,3850,0.6843109130859375,0.546875,NO,,,
4.061181434599156,3850,0.6843109130859375,0.546875,NO,,,
4.061181434599156,3850,0.6843109130859375,0.546875,NO,,,
4.061181434599156,3850,0.6843109130859375,0.546875,NO,,,
4.061181434599156,3850,0.6843109130859375,0.546875,NO,,,
4.061181434599156,3850,0.6843109130859375,0.546875,NO,,,
4.061181434599156,3850,0.6843109130859375,0.546875,NO,,,
4.061181434599156,3850,0.6843109130859375,0.546875,NO,,,
4.061181434599156,3850,0.6843109130859375,0.546875,NO,,,
4.071729957805907,3860,0.6253395080566406,0.71875,NO,,,
4.071729957805907,3860,0.6253395080566406,0.71875,NO,,,
4.071729957805907,3860,0.6253395080566406,0.71875,NO,,,
4.071729957805907,3860,0.6253395080566406,0.71875,NO,,,
4.071729957805907,3860,0.6253395080566406,0.71875,NO,,,
4.071729957805907,3860,0.6253395080566406,0.71875,NO,,,
4.071729957805907,3860,0.6253395080566406,0.71875,NO,,,
4.071729957805907,3860,0.6253395080566406,0.71875,NO,,,
4.071729957805907,3860,0.6253395080566406,0.71875,NO,,,
4.071729957805907,3860,0.6253395080566406,0.71875,NO,,,
4.082278481012658,3870,0.6556243896484375,0.515625,NO,,,
4.082278481012658,3870,0.6556243896484375,0.515625,NO,,,
4.082278481012658,3870,0.6556243896484375,0.515625,NO,,,
4.082278481012658,3870,0.6556243896484375,0.515625,NO,,,
4.082278481012658,3870,0.6556243896484375,0.515625,NO,,,
4.082278481012658,3870,0.6556243896484375,0.515625,NO,,,
4.082278481012658,3870,0.6556243896484375,0.515625,NO,,,
4.082278481012658,3870,0.6556243896484375,0.515625,NO,,,
4.082278481012658,3870,0.6556243896484375,0.515625,NO,,,
4.082278481012658,3870,0.6556243896484375,0.515625,NO,,,
4.0928270042194095,3880,0.6341705322265625,0.671875,NO,,,
4.0928270042194095,3880,0.6341705322265625,0.671875,NO,,,
4.0928270042194095,3880,0.6341705322265625,0.671875,NO,,,
4.0928270042194095,3880,0.6341705322265625,0.671875,NO,,,
4.0928270042194095,3880,0.6341705322265625,0.671875,NO,,,
4.0928270042194095,3880,0.6341705322265625,0.671875,NO,,,
4.0928270042194095,3880,0.6341705322265625,0.671875,NO,,,
4.0928270042194095,3880,0.6341705322265625,0.671875,NO,,,
4.0928270042194095,3880,0.6341705322265625,0.671875,NO,,,
4.0928270042194095,3880,0.6341705322265625,0.671875,NO,,,
4.10337552742616,3890,0.6104888916015625,0.65625,NO,,,
4.10337552742616,3890,0.6104888916015625,0.65625,NO,,,
4.10337552742616,3890,0.6104888916015625,0.65625,NO,,,
4.10337552742616,3890,0.6104888916015625,0.65625,NO,,,
4.10337552742616,3890,0.6104888916015625,0.65625,NO,,,
4.10337552742616,3890,0.6104888916015625,0.65625,NO,,,
4.10337552742616,3890,0.6104888916015625,0.65625,NO,,,
4.10337552742616,3890,0.6104888916015625,0.65625,NO,,,
4.10337552742616,3890,0.6104888916015625,0.65625,NO,,,
4.10337552742616,3890,0.6104888916015625,0.65625,NO,,,
4.113924050632911,3900,0.6370887756347656,0.625,NO,,,
4.113924050632911,3900,0.6370887756347656,0.625,NO,,,
4.113924050632911,3900,0.6370887756347656,0.625,NO,,,
4.113924050632911,3900,0.6370887756347656,0.625,NO,,,
4.113924050632911,3900,0.6370887756347656,0.625,NO,,,
4.113924050632911,3900,0.6370887756347656,0.625,NO,,,
4.113924050632911,3900,0.6370887756347656,0.625,NO,,,
4.113924050632911,3900,0.6370887756347656,0.625,NO,,,
4.113924050632911,3900,0.6370887756347656,0.625,NO,,,
4.113924050632911,3900,0.6370887756347656,0.625,NO,,,
4.124472573839663,3910,0.6092872619628906,0.71875,NO,,,
4.124472573839663,3910,0.6092872619628906,0.71875,NO,,,
4.124472573839663,3910,0.6092872619628906,0.71875,NO,,,
4.124472573839663,3910,0.6092872619628906,0.71875,NO,,,
4.124472573839663,3910,0.6092872619628906,0.71875,NO,,,
4.124472573839663,3910,0.6092872619628906,0.71875,NO,,,
4.124472573839663,3910,0.6092872619628906,0.71875,NO,,,
4.124472573839663,3910,0.6092872619628906,0.71875,NO,,,
4.124472573839663,3910,0.6092872619628906,0.71875,NO,,,
4.124472573839663,3910,0.6092872619628906,0.71875,NO,,,
4.135021097046414,3920,0.6751976013183594,0.671875,NO,,,
4.135021097046414,3920,0.6751976013183594,0.671875,NO,,,
4.135021097046414,3920,0.6751976013183594,0.671875,NO,,,
4.135021097046414,3920,0.6751976013183594,0.671875,NO,,,
4.135021097046414,3920,0.6751976013183594,0.671875,NO,,,
4.135021097046414,3920,0.6751976013183594,0.671875,NO,,,
4.135021097046414,3920,0.6751976013183594,0.671875,NO,,,
4.135021097046414,3920,0.6751976013183594,0.671875,NO,,,
4.135021097046414,3920,0.6751976013183594,0.671875,NO,,,
4.135021097046414,3920,0.6751976013183594,0.671875,NO,,,
4.1455696202531644,3930,0.637115478515625,0.671875,NO,,,
4.1455696202531644,3930,0.637115478515625,0.671875,NO,,,
4.1455696202531644,3930,0.637115478515625,0.671875,NO,,,
4.1455696202531644,3930,0.637115478515625,0.671875,NO,,,
4.1455696202531644,3930,0.637115478515625,0.671875,NO,,,
4.1455696202531644,3930,0.637115478515625,0.671875,NO,,,
4.1455696202531644,3930,0.637115478515625,0.671875,NO,,,
4.1455696202531644,3930,0.637115478515625,0.671875,NO,,,
4.1455696202531644,3930,0.637115478515625,0.671875,NO,,,
4.1455696202531644,3930,0.637115478515625,0.671875,NO,,,
4.156118143459915,3940,0.6488151550292969,0.671875,NO,,,
4.156118143459915,3940,0.6488151550292969,0.671875,NO,,,
4.156118143459915,3940,0.6488151550292969,0.671875,NO,,,
4.156118143459915,3940,0.6488151550292969,0.671875,NO,,,
4.156118143459915,3940,0.6488151550292969,0.671875,NO,,,
4.156118143459915,3940,0.6488151550292969,0.671875,NO,,,
4.156118143459915,3940,0.6488151550292969,0.671875,NO,,,
4.156118143459915,3940,0.6488151550292969,0.671875,NO,,,
4.156118143459915,3940,0.6488151550292969,0.671875,NO,,,
4.156118143459915,3940,0.6488151550292969,0.671875,NO,,,
4.166666666666667,3950,0.6762924194335938,0.484375,NO,,,
4.166666666666667,3950,0.6762924194335938,0.484375,NO,,,
4.166666666666667,3950,0.6762924194335938,0.484375,NO,,,
4.166666666666667,3950,0.6762924194335938,0.484375,NO,,,
4.166666666666667,3950,0.6762924194335938,0.484375,NO,,,
4.166666666666667,3950,0.6762924194335938,0.484375,NO,,,
4.166666666666667,3950,0.6762924194335938,0.484375,NO,,,
4.166666666666667,3950,0.6762924194335938,0.484375,NO,,,
4.166666666666667,3950,0.6762924194335938,0.484375,NO,,,
4.166666666666667,3950,0.6762924194335938,0.484375,NO,,,
4.177215189873418,3960,0.6394805908203125,0.625,NO,,,
4.177215189873418,3960,0.6394805908203125,0.625,NO,,,
4.177215189873418,3960,0.6394805908203125,0.625,NO,,,
4.177215189873418,3960,0.6394805908203125,0.625,NO,,,
4.177215189873418,3960,0.6394805908203125,0.625,NO,,,
4.177215189873418,3960,0.6394805908203125,0.625,NO,,,
4.177215189873418,3960,0.6394805908203125,0.625,NO,,,
4.177215189873418,3960,0.6394805908203125,0.625,NO,,,
4.177215189873418,3960,0.6394805908203125,0.625,NO,,,
4.177215189873418,3960,0.6394805908203125,0.625,NO,,,
4.187763713080169,3970,0.6545906066894531,0.640625,NO,,,
4.187763713080169,3970,0.6545906066894531,0.640625,NO,,,
4.187763713080169,3970,0.6545906066894531,0.640625,NO,,,
4.187763713080169,3970,0.6545906066894531,0.640625,NO,,,
4.187763713080169,3970,0.6545906066894531,0.640625,NO,,,
4.187763713080169,3970,0.6545906066894531,0.640625,NO,,,
4.187763713080169,3970,0.6545906066894531,0.640625,NO,,,
4.187763713080169,3970,0.6545906066894531,0.640625,NO,,,
4.187763713080169,3970,0.6545906066894531,0.640625,NO,,,
4.187763713080169,3970,0.6545906066894531,0.640625,NO,,,
4.198312236286919,3980,0.6384124755859375,0.640625,NO,,,
4.198312236286919,3980,0.6384124755859375,0.640625,NO,,,
4.198312236286919,3980,0.6384124755859375,0.640625,NO,,,
4.198312236286919,3980,0.6384124755859375,0.640625,NO,,,
4.198312236286919,3980,0.6384124755859375,0.640625,NO,,,
4.198312236286919,3980,0.6384124755859375,0.640625,NO,,,
4.198312236286919,3980,0.6384124755859375,0.640625,NO,,,
4.198312236286919,3980,0.6384124755859375,0.640625,NO,,,
4.198312236286919,3980,0.6384124755859375,0.640625,NO,,,
4.198312236286919,3980,0.6384124755859375,0.640625,NO,,,
4.208860759493671,3990,0.6462173461914062,0.671875,NO,,,
4.208860759493671,3990,0.6462173461914062,0.671875,NO,,,
4.208860759493671,3990,0.6462173461914062,0.671875,NO,,,
4.208860759493671,3990,0.6462173461914062,0.671875,NO,,,
4.208860759493671,3990,0.6462173461914062,0.671875,NO,,,
4.208860759493671,3990,0.6462173461914062,0.671875,NO,,,
4.208860759493671,3990,0.6462173461914062,0.671875,NO,,,
4.208860759493671,3990,0.6462173461914062,0.671875,NO,,,
4.208860759493671,3990,0.6462173461914062,0.671875,NO,,,
4.208860759493671,3990,0.6462173461914062,0.671875,YES,0.65234375,0.6139569413511508,0.6639404296875
4.219409282700422,4000,0.6180763244628906,0.703125,NO,,,
4.219409282700422,4000,0.6180763244628906,0.703125,NO,,,
4.219409282700422,4000,0.6180763244628906,0.703125,NO,,,
4.219409282700422,4000,0.6180763244628906,0.703125,NO,,,
4.219409282700422,4000,0.6180763244628906,0.703125,NO,,,
4.219409282700422,4000,0.6180763244628906,0.703125,NO,,,
4.219409282700422,4000,0.6180763244628906,0.703125,NO,,,
4.219409282700422,4000,0.6180763244628906,0.703125,NO,,,
4.219409282700422,4000,0.6180763244628906,0.703125,NO,,,
4.219409282700422,4000,0.6180763244628906,0.703125,NO,,,
4.229957805907173,4010,0.6573104858398438,0.59375,NO,,,
4.229957805907173,4010,0.6573104858398438,0.59375,NO,,,
4.229957805907173,4010,0.6573104858398438,0.59375,NO,,,
4.229957805907173,4010,0.6573104858398438,0.59375,NO,,,
4.229957805907173,4010,0.6573104858398438,0.59375,NO,,,
4.229957805907173,4010,0.6573104858398438,0.59375,NO,,,
4.229957805907173,4010,0.6573104858398438,0.59375,NO,,,
4.229957805907173,4010,0.6573104858398438,0.59375,NO,,,
4.229957805907173,4010,0.6573104858398438,0.59375,NO,,,
4.229957805907173,4010,0.6573104858398438,0.59375,NO,,,
4.2405063291139244,4020,0.6550254821777344,0.59375,NO,,,
4.2405063291139244,4020,0.6550254821777344,0.59375,NO,,,
4.2405063291139244,4020,0.6550254821777344,0.59375,NO,,,
4.2405063291139244,4020,0.6550254821777344,0.59375,NO,,,
4.2405063291139244,4020,0.6550254821777344,0.59375,NO,,,
4.2405063291139244,4020,0.6550254821777344,0.59375,NO,,,
4.2405063291139244,4020,0.6550254821777344,0.59375,NO,,,
4.2405063291139244,4020,0.6550254821777344,0.59375,NO,,,
4.2405063291139244,4020,0.6550254821777344,0.59375,NO,,,
4.2405063291139244,4020,0.6550254821777344,0.59375,NO,,,
4.251054852320675,4030,0.6448707580566406,0.59375,NO,,,
4.251054852320675,4030,0.6448707580566406,0.59375,NO,,,
4.251054852320675,4030,0.6448707580566406,0.59375,NO,,,
4.251054852320675,4030,0.6448707580566406,0.59375,NO,,,
4.251054852320675,4030,0.6448707580566406,0.59375,NO,,,
4.251054852320675,4030,0.6448707580566406,0.59375,NO,,,
4.251054852320675,4030,0.6448707580566406,0.59375,NO,,,
4.251054852320675,4030,0.6448707580566406,0.59375,NO,,,
4.251054852320675,4030,0.6448707580566406,0.59375,NO,,,
4.251054852320675,4030,0.6448707580566406,0.59375,NO,,,
4.261603375527426,4040,0.6616630554199219,0.546875,NO,,,
4.261603375527426,4040,0.6616630554199219,0.546875,NO,,,
4.261603375527426,4040,0.6616630554199219,0.546875,NO,,,
4.261603375527426,4040,0.6616630554199219,0.546875,NO,,,
4.261603375527426,4040,0.6616630554199219,0.546875,NO,,,
4.261603375527426,4040,0.6616630554199219,0.546875,NO,,,
4.261603375527426,4040,0.6616630554199219,0.546875,NO,,,
4.261603375527426,4040,0.6616630554199219,0.546875,NO,,,
4.261603375527426,4040,0.6616630554199219,0.546875,NO,,,
4.261603375527426,4040,0.6616630554199219,0.546875,NO,,,
4.272151898734177,4050,0.6450080871582031,0.640625,NO,,,
4.272151898734177,4050,0.6450080871582031,0.640625,NO,,,
4.272151898734177,4050,0.6450080871582031,0.640625,NO,,,
4.272151898734177,4050,0.6450080871582031,0.640625,NO,,,
4.272151898734177,4050,0.6450080871582031,0.640625,NO,,,
4.272151898734177,4050,0.6450080871582031,0.640625,NO,,,
4.272151898734177,4050,0.6450080871582031,0.640625,NO,,,
4.272151898734177,4050,0.6450080871582031,0.640625,NO,,,
4.272151898734177,4050,0.6450080871582031,0.640625,NO,,,
4.272151898734177,4050,0.6450080871582031,0.640625,NO,,,
4.282700421940929,4060,0.6800308227539062,0.578125,NO,,,
4.282700421940929,4060,0.6800308227539062,0.578125,NO,,,
4.282700421940929,4060,0.6800308227539062,0.578125,NO,,,
4.282700421940929,4060,0.6800308227539062,0.578125,NO,,,
4.282700421940929,4060,0.6800308227539062,0.578125,NO,,,
4.282700421940929,4060,0.6800308227539062,0.578125,NO,,,
4.282700421940929,4060,0.6800308227539062,0.578125,NO,,,
4.282700421940929,4060,0.6800308227539062,0.578125,NO,,,
4.282700421940929,4060,0.6800308227539062,0.578125,NO,,,
4.282700421940929,4060,0.6800308227539062,0.578125,NO,,,
4.293248945147679,4070,0.6435432434082031,0.625,NO,,,
4.293248945147679,4070,0.6435432434082031,0.625,NO,,,
4.293248945147679,4070,0.6435432434082031,0.625,NO,,,
4.293248945147679,4070,0.6435432434082031,0.625,NO,,,
4.293248945147679,4070,0.6435432434082031,0.625,NO,,,
4.293248945147679,4070,0.6435432434082031,0.625,NO,,,
4.293248945147679,4070,0.6435432434082031,0.625,NO,,,
4.293248945147679,4070,0.6435432434082031,0.625,NO,,,
4.293248945147679,4070,0.6435432434082031,0.625,NO,,,
4.293248945147679,4070,0.6435432434082031,0.625,NO,,,
4.30379746835443,4080,0.6564369201660156,0.546875,NO,,,
4.30379746835443,4080,0.6564369201660156,0.546875,NO,,,
4.30379746835443,4080,0.6564369201660156,0.546875,NO,,,
4.30379746835443,4080,0.6564369201660156,0.546875,NO,,,
4.30379746835443,4080,0.6564369201660156,0.546875,NO,,,
4.30379746835443,4080,0.6564369201660156,0.546875,NO,,,
4.30379746835443,4080,0.6564369201660156,0.546875,NO,,,
4.30379746835443,4080,0.6564369201660156,0.546875,NO,,,
4.30379746835443,4080,0.6564369201660156,0.546875,NO,,,
4.30379746835443,4080,0.6564369201660156,0.546875,NO,,,
4.314345991561181,4090,0.6313858032226562,0.640625,NO,,,
4.314345991561181,4090,0.6313858032226562,0.640625,NO,,,
4.314345991561181,4090,0.6313858032226562,0.640625,NO,,,
4.314345991561181,4090,0.6313858032226562,0.640625,NO,,,
4.314345991561181,4090,0.6313858032226562,0.640625,NO,,,
4.314345991561181,4090,0.6313858032226562,0.640625,NO,,,
4.314345991561181,4090,0.6313858032226562,0.640625,NO,,,
4.314345991561181,4090,0.6313858032226562,0.640625,NO,,,
4.314345991561181,4090,0.6313858032226562,0.640625,NO,,,
4.314345991561181,4090,0.6313858032226562,0.640625,NO,,,
4.324894514767933,4100,0.6477203369140625,0.609375,NO,,,
4.324894514767933,4100,0.6477203369140625,0.609375,NO,,,
4.324894514767933,4100,0.6477203369140625,0.609375,NO,,,
4.324894514767933,4100,0.6477203369140625,0.609375,NO,,,
4.324894514767933,4100,0.6477203369140625,0.609375,NO,,,
4.324894514767933,4100,0.6477203369140625,0.609375,NO,,,
4.324894514767933,4100,0.6477203369140625,0.609375,NO,,,
4.324894514767933,4100,0.6477203369140625,0.609375,NO,,,
4.324894514767933,4100,0.6477203369140625,0.609375,NO,,,
4.324894514767933,4100,0.6477203369140625,0.609375,NO,,,
4.3354430379746836,4110,0.6319522857666016,0.6875,NO,,,
4.3354430379746836,4110,0.6319522857666016,0.6875,NO,,,
4.3354430379746836,4110,0.6319522857666016,0.6875,NO,,,
4.3354430379746836,4110,0.6319522857666016,0.6875,NO,,,
4.3354430379746836,4110,0.6319522857666016,0.6875,NO,,,
4.3354430379746836,4110,0.6319522857666016,0.6875,NO,,,
4.3354430379746836,4110,0.6319522857666016,0.6875,NO,,,
4.3354430379746836,4110,0.6319522857666016,0.6875,NO,,,
4.3354430379746836,4110,0.6319522857666016,0.6875,NO,,,
4.3354430379746836,4110,0.6319522857666016,0.6875,NO,,,
4.345991561181434,4120,0.6436767578125,0.625,NO,,,
4.345991561181434,4120,0.6436767578125,0.625,NO,,,
4.345991561181434,4120,0.6436767578125,0.625,NO,,,
4.345991561181434,4120,0.6436767578125,0.625,NO,,,
4.345991561181434,4120,0.6436767578125,0.625,NO,,,
4.345991561181434,4120,0.6436767578125,0.625,NO,,,
4.345991561181434,4120,0.6436767578125,0.625,NO,,,
4.345991561181434,4120,0.6436767578125,0.625,NO,,,
4.345991561181434,4120,0.6436767578125,0.625,NO,,,
4.345991561181434,4120,0.6436767578125,0.625,NO,,,
4.356540084388186,4130,0.6700668334960938,0.609375,NO,,,
4.356540084388186,4130,0.6700668334960938,0.609375,NO,,,
4.356540084388186,4130,0.6700668334960938,0.609375,NO,,,
4.356540084388186,4130,0.6700668334960938,0.609375,NO,,,
4.356540084388186,4130,0.6700668334960938,0.609375,NO,,,
4.356540084388186,4130,0.6700668334960938,0.609375,NO,,,
4.356540084388186,4130,0.6700668334960938,0.609375,NO,,,
4.356540084388186,4130,0.6700668334960938,0.609375,NO,,,
4.356540084388186,4130,0.6700668334960938,0.609375,NO,,,
4.356540084388186,4130,0.6700668334960938,0.609375,NO,,,
4.367088607594937,4140,0.6847572326660156,0.53125,NO,,,
4.367088607594937,4140,0.6847572326660156,0.53125,NO,,,
4.367088607594937,4140,0.6847572326660156,0.53125,NO,,,
4.367088607594937,4140,0.6847572326660156,0.53125,NO,,,
4.367088607594937,4140,0.6847572326660156,0.53125,NO,,,
4.367088607594937,4140,0.6847572326660156,0.53125,NO,,,
4.367088607594937,4140,0.6847572326660156,0.53125,NO,,,
4.367088607594937,4140,0.6847572326660156,0.53125,NO,,,
4.367088607594937,4140,0.6847572326660156,0.53125,NO,,,
4.367088607594937,4140,0.6847572326660156,0.53125,NO,,,
4.377637130801688,4150,0.6425056457519531,0.65625,NO,,,
4.377637130801688,4150,0.6425056457519531,0.65625,NO,,,
4.377637130801688,4150,0.6425056457519531,0.65625,NO,,,
4.377637130801688,4150,0.6425056457519531,0.65625,NO,,,
4.377637130801688,4150,0.6425056457519531,0.65625,NO,,,
4.377637130801688,4150,0.6425056457519531,0.65625,NO,,,
4.377637130801688,4150,0.6425056457519531,0.65625,NO,,,
4.377637130801688,4150,0.6425056457519531,0.65625,NO,,,
4.377637130801688,4150,0.6425056457519531,0.65625,NO,,,
4.377637130801688,4150,0.6425056457519531,0.65625,NO,,,
4.3881856540084385,4160,0.6506385803222656,0.640625,NO,,,
4.3881856540084385,4160,0.6506385803222656,0.640625,NO,,,
4.3881856540084385,4160,0.6506385803222656,0.640625,NO,,,
4.3881856540084385,4160,0.6506385803222656,0.640625,NO,,,
4.3881856540084385,4160,0.6506385803222656,0.640625,NO,,,
4.3881856540084385,4160,0.6506385803222656,0.640625,NO,,,
4.3881856540084385,4160,0.6506385803222656,0.640625,NO,,,
4.3881856540084385,4160,0.6506385803222656,0.640625,NO,,,
4.3881856540084385,4160,0.6506385803222656,0.640625,NO,,,
4.3881856540084385,4160,0.6506385803222656,0.640625,NO,,,
4.39873417721519,4170,0.6377334594726562,0.671875,NO,,,
4.39873417721519,4170,0.6377334594726562,0.671875,NO,,,
4.39873417721519,4170,0.6377334594726562,0.671875,NO,,,
4.39873417721519,4170,0.6377334594726562,0.671875,NO,,,
4.39873417721519,4170,0.6377334594726562,0.671875,NO,,,
4.39873417721519,4170,0.6377334594726562,0.671875,NO,,,
4.39873417721519,4170,0.6377334594726562,0.671875,NO,,,
4.39873417721519,4170,0.6377334594726562,0.671875,NO,,,
4.39873417721519,4170,0.6377334594726562,0.671875,NO,,,
4.39873417721519,4170,0.6377334594726562,0.671875,NO,,,
4.409282700421941,4180,0.6717910766601562,0.53125,NO,,,
4.409282700421941,4180,0.6717910766601562,0.53125,NO,,,
4.409282700421941,4180,0.6717910766601562,0.53125,NO,,,
4.409282700421941,4180,0.6717910766601562,0.53125,NO,,,
4.409282700421941,4180,0.6717910766601562,0.53125,NO,,,
4.409282700421941,4180,0.6717910766601562,0.53125,NO,,,
4.409282700421941,4180,0.6717910766601562,0.53125,NO,,,
4.409282700421941,4180,0.6717910766601562,0.53125,NO,,,
4.409282700421941,4180,0.6717910766601562,0.53125,NO,,,
4.409282700421941,4180,0.6717910766601562,0.53125,NO,,,
4.419831223628692,4190,0.6120376586914062,0.734375,NO,,,
4.419831223628692,4190,0.6120376586914062,0.734375,NO,,,
4.419831223628692,4190,0.6120376586914062,0.734375,NO,,,
4.419831223628692,4190,0.6120376586914062,0.734375,NO,,,
4.419831223628692,4190,0.6120376586914062,0.734375,NO,,,
4.419831223628692,4190,0.6120376586914062,0.734375,NO,,,
4.419831223628692,4190,0.6120376586914062,0.734375,NO,,,
4.419831223628692,4190,0.6120376586914062,0.734375,NO,,,
4.419831223628692,4190,0.6120376586914062,0.734375,NO,,,
4.419831223628692,4190,0.6120376586914062,0.734375,NO,,,
4.430379746835443,4200,0.7091636657714844,0.46875,NO,,,
4.430379746835443,4200,0.7091636657714844,0.46875,NO,,,
4.430379746835443,4200,0.7091636657714844,0.46875,NO,,,
4.430379746835443,4200,0.7091636657714844,0.46875,NO,,,
4.430379746835443,4200,0.7091636657714844,0.46875,NO,,,
4.430379746835443,4200,0.7091636657714844,0.46875,NO,,,
4.430379746835443,4200,0.7091636657714844,0.46875,NO,,,
4.430379746835443,4200,0.7091636657714844,0.46875,NO,,,
4.430379746835443,4200,0.7091636657714844,0.46875,NO,,,
4.430379746835443,4200,0.7091636657714844,0.46875,NO,,,
4.440928270042194,4210,0.6398696899414062,0.625,NO,,,
4.440928270042194,4210,0.6398696899414062,0.625,NO,,,
4.440928270042194,4210,0.6398696899414062,0.625,NO,,,
4.440928270042194,4210,0.6398696899414062,0.625,NO,,,
4.440928270042194,4210,0.6398696899414062,0.625,NO,,,
4.440928270042194,4210,0.6398696899414062,0.625,NO,,,
4.440928270042194,4210,0.6398696899414062,0.625,NO,,,
4.440928270042194,4210,0.6398696899414062,0.625,NO,,,
4.440928270042194,4210,0.6398696899414062,0.625,NO,,,
4.440928270042194,4210,0.6398696899414062,0.625,NO,,,
4.451476793248945,4220,0.6616744995117188,0.640625,NO,,,
4.451476793248945,4220,0.6616744995117188,0.640625,NO,,,
4.451476793248945,4220,0.6616744995117188,0.640625,NO,,,
4.451476793248945,4220,0.6616744995117188,0.640625,NO,,,
4.451476793248945,4220,0.6616744995117188,0.640625,NO,,,
4.451476793248945,4220,0.6616744995117188,0.640625,NO,,,
4.451476793248945,4220,0.6616744995117188,0.640625,NO,,,
4.451476793248945,4220,0.6616744995117188,0.640625,NO,,,
4.451476793248945,4220,0.6616744995117188,0.640625,NO,,,
4.451476793248945,4220,0.6616744995117188,0.640625,NO,,,
4.462025316455696,4230,0.6343917846679688,0.578125,NO,,,
4.462025316455696,4230,0.6343917846679688,0.578125,NO,,,
4.462025316455696,4230,0.6343917846679688,0.578125,NO,,,
4.462025316455696,4230,0.6343917846679688,0.578125,NO,,,
4.462025316455696,4230,0.6343917846679688,0.578125,NO,,,
4.462025316455696,4230,0.6343917846679688,0.578125,NO,,,
4.462025316455696,4230,0.6343917846679688,0.578125,NO,,,
4.462025316455696,4230,0.6343917846679688,0.578125,NO,,,
4.462025316455696,4230,0.6343917846679688,0.578125,NO,,,
4.462025316455696,4230,0.6343917846679688,0.578125,NO,,,
4.472573839662447,4240,0.612274169921875,0.78125,NO,,,
4.472573839662447,4240,0.612274169921875,0.78125,NO,,,
4.472573839662447,4240,0.612274169921875,0.78125,NO,,,
4.472573839662447,4240,0.612274169921875,0.78125,NO,,,
4.472573839662447,4240,0.612274169921875,0.78125,NO,,,
4.472573839662447,4240,0.612274169921875,0.78125,NO,,,
4.472573839662447,4240,0.612274169921875,0.78125,NO,,,
4.472573839662447,4240,0.612274169921875,0.78125,NO,,,
4.472573839662447,4240,0.612274169921875,0.78125,NO,,,
4.472573839662447,4240,0.612274169921875,0.78125,NO,,,
4.4831223628691985,4250,0.6490974426269531,0.640625,NO,,,
4.4831223628691985,4250,0.6490974426269531,0.640625,NO,,,
4.4831223628691985,4250,0.6490974426269531,0.640625,NO,,,
4.4831223628691985,4250,0.6490974426269531,0.640625,NO,,,
4.4831223628691985,4250,0.6490974426269531,0.640625,NO,,,
4.4831223628691985,4250,0.6490974426269531,0.640625,NO,,,
4.4831223628691985,4250,0.6490974426269531,0.640625,NO,,,
4.4831223628691985,4250,0.6490974426269531,0.640625,NO,,,
4.4831223628691985,4250,0.6490974426269531,0.640625,NO,,,
4.4831223628691985,4250,0.6490974426269531,0.640625,NO,,,
4.493670886075949,4260,0.6839599609375,0.5625,NO,,,
4.493670886075949,4260,0.6839599609375,0.5625,NO,,,
4.493670886075949,4260,0.6839599609375,0.5625,NO,,,
4.493670886075949,4260,0.6839599609375,0.5625,NO,,,
4.493670886075949,4260,0.6839599609375,0.5625,NO,,,
4.493670886075949,4260,0.6839599609375,0.5625,NO,,,
4.493670886075949,4260,0.6839599609375,0.5625,NO,,,
4.493670886075949,4260,0.6839599609375,0.5625,NO,,,
4.493670886075949,4260,0.6839599609375,0.5625,NO,,,
4.493670886075949,4260,0.6839599609375,0.5625,NO,,,
4.5042194092827,4270,0.6508331298828125,0.59375,NO,,,
4.5042194092827,4270,0.6508331298828125,0.59375,NO,,,
4.5042194092827,4270,0.6508331298828125,0.59375,NO,,,
4.5042194092827,4270,0.6508331298828125,0.59375,NO,,,
4.5042194092827,4270,0.6508331298828125,0.59375,NO,,,
4.5042194092827,4270,0.6508331298828125,0.59375,NO,,,
4.5042194092827,4270,0.6508331298828125,0.59375,NO,,,
4.5042194092827,4270,0.6508331298828125,0.59375,NO,,,
4.5042194092827,4270,0.6508331298828125,0.59375,NO,,,
4.5042194092827,4270,0.6508331298828125,0.59375,NO,,,
4.514767932489452,4280,0.67913818359375,0.5625,NO,,,
4.514767932489452,4280,0.67913818359375,0.5625,NO,,,
4.514767932489452,4280,0.67913818359375,0.5625,NO,,,
4.514767932489452,4280,0.67913818359375,0.5625,NO,,,
4.514767932489452,4280,0.67913818359375,0.5625,NO,,,
4.514767932489452,4280,0.67913818359375,0.5625,NO,,,
4.514767932489452,4280,0.67913818359375,0.5625,NO,,,
4.514767932489452,4280,0.67913818359375,0.5625,NO,,,
4.514767932489452,4280,0.67913818359375,0.5625,NO,,,
4.514767932489452,4280,0.67913818359375,0.5625,NO,,,
4.525316455696203,4290,0.6151885986328125,0.734375,NO,,,
4.525316455696203,4290,0.6151885986328125,0.734375,NO,,,
4.525316455696203,4290,0.6151885986328125,0.734375,NO,,,
4.525316455696203,4290,0.6151885986328125,0.734375,NO,,,
4.525316455696203,4290,0.6151885986328125,0.734375,NO,,,
4.525316455696203,4290,0.6151885986328125,0.734375,NO,,,
4.525316455696203,4290,0.6151885986328125,0.734375,NO,,,
4.525316455696203,4290,0.6151885986328125,0.734375,NO,,,
4.525316455696203,4290,0.6151885986328125,0.734375,NO,,,
4.525316455696203,4290,0.6151885986328125,0.734375,NO,,,
4.5358649789029535,4300,0.6390800476074219,0.6875,NO,,,
4.5358649789029535,4300,0.6390800476074219,0.6875,NO,,,
4.5358649789029535,4300,0.6390800476074219,0.6875,NO,,,
4.5358649789029535,4300,0.6390800476074219,0.6875,NO,,,
4.5358649789029535,4300,0.6390800476074219,0.6875,NO,,,
4.5358649789029535,4300,0.6390800476074219,0.6875,NO,,,
4.5358649789029535,4300,0.6390800476074219,0.6875,NO,,,
4.5358649789029535,4300,0.6390800476074219,0.6875,NO,,,
4.5358649789029535,4300,0.6390800476074219,0.6875,NO,,,
4.5358649789029535,4300,0.6390800476074219,0.6875,NO,,,
4.546413502109704,4310,0.6503715515136719,0.6875,NO,,,
4.546413502109704,4310,0.6503715515136719,0.6875,NO,,,
4.546413502109704,4310,0.6503715515136719,0.6875,NO,,,
4.546413502109704,4310,0.6503715515136719,0.6875,NO,,,
4.546413502109704,4310,0.6503715515136719,0.6875,NO,,,
4.546413502109704,4310,0.6503715515136719,0.6875,NO,,,
4.546413502109704,4310,0.6503715515136719,0.6875,NO,,,
4.546413502109704,4310,0.6503715515136719,0.6875,NO,,,
4.546413502109704,4310,0.6503715515136719,0.6875,NO,,,
4.546413502109704,4310,0.6503715515136719,0.6875,NO,,,
4.556962025316456,4320,0.6402626037597656,0.625,NO,,,
4.556962025316456,4320,0.6402626037597656,0.625,NO,,,
4.556962025316456,4320,0.6402626037597656,0.625,NO,,,
4.556962025316456,4320,0.6402626037597656,0.625,NO,,,
4.556962025316456,4320,0.6402626037597656,0.625,NO,,,
4.556962025316456,4320,0.6402626037597656,0.625,NO,,,
4.556962025316456,4320,0.6402626037597656,0.625,NO,,,
4.556962025316456,4320,0.6402626037597656,0.625,NO,,,
4.556962025316456,4320,0.6402626037597656,0.625,NO,,,
4.556962025316456,4320,0.6402626037597656,0.625,NO,,,
4.567510548523207,4330,0.631072998046875,0.703125,NO,,,
4.567510548523207,4330,0.631072998046875,0.703125,NO,,,
4.567510548523207,4330,0.631072998046875,0.703125,NO,,,
4.567510548523207,4330,0.631072998046875,0.703125,NO,,,
4.567510548523207,4330,0.631072998046875,0.703125,NO,,,
4.567510548523207,4330,0.631072998046875,0.703125,NO,,,
4.567510548523207,4330,0.631072998046875,0.703125,NO,,,
4.567510548523207,4330,0.631072998046875,0.703125,NO,,,
4.567510548523207,4330,0.631072998046875,0.703125,NO,,,
4.567510548523207,4330,0.631072998046875,0.703125,NO,,,
4.578059071729958,4340,0.6622238159179688,0.65625,NO,,,
4.578059071729958,4340,0.6622238159179688,0.65625,NO,,,
4.578059071729958,4340,0.6622238159179688,0.65625,NO,,,
4.578059071729958,4340,0.6622238159179688,0.65625,NO,,,
4.578059071729958,4340,0.6622238159179688,0.65625,NO,,,
4.578059071729958,4340,0.6622238159179688,0.65625,NO,,,
4.578059071729958,4340,0.6622238159179688,0.65625,NO,,,
4.578059071729958,4340,0.6622238159179688,0.65625,NO,,,
4.578059071729958,4340,0.6622238159179688,0.65625,NO,,,
4.578059071729958,4340,0.6622238159179688,0.65625,NO,,,
4.588607594936709,4350,0.6472206115722656,0.609375,NO,,,
4.588607594936709,4350,0.6472206115722656,0.609375,NO,,,
4.588607594936709,4350,0.6472206115722656,0.609375,NO,,,
4.588607594936709,4350,0.6472206115722656,0.609375,NO,,,
4.588607594936709,4350,0.6472206115722656,0.609375,NO,,,
4.588607594936709,4350,0.6472206115722656,0.609375,NO,,,
4.588607594936709,4350,0.6472206115722656,0.609375,NO,,,
4.588607594936709,4350,0.6472206115722656,0.609375,NO,,,
4.588607594936709,4350,0.6472206115722656,0.609375,NO,,,
4.588607594936709,4350,0.6472206115722656,0.609375,NO,,,
4.59915611814346,4360,0.6406936645507812,0.625,NO,,,
4.59915611814346,4360,0.6406936645507812,0.625,NO,,,
4.59915611814346,4360,0.6406936645507812,0.625,NO,,,
4.59915611814346,4360,0.6406936645507812,0.625,NO,,,
4.59915611814346,4360,0.6406936645507812,0.625,NO,,,
4.59915611814346,4360,0.6406936645507812,0.625,NO,,,
4.59915611814346,4360,0.6406936645507812,0.625,NO,,,
4.59915611814346,4360,0.6406936645507812,0.625,NO,,,
4.59915611814346,4360,0.6406936645507812,0.625,NO,,,
4.59915611814346,4360,0.6406936645507812,0.625,NO,,,
4.609704641350211,4370,0.6462173461914062,0.65625,NO,,,
4.609704641350211,4370,0.6462173461914062,0.65625,NO,,,
4.609704641350211,4370,0.6462173461914062,0.65625,NO,,,
4.609704641350211,4370,0.6462173461914062,0.65625,NO,,,
4.609704641350211,4370,0.6462173461914062,0.65625,NO,,,
4.609704641350211,4370,0.6462173461914062,0.65625,NO,,,
4.609704641350211,4370,0.6462173461914062,0.65625,NO,,,
4.609704641350211,4370,0.6462173461914062,0.65625,NO,,,
4.609704641350211,4370,0.6462173461914062,0.65625,NO,,,
4.609704641350211,4370,0.6462173461914062,0.65625,NO,,,
4.620253164556962,4380,0.6609725952148438,0.640625,NO,,,
4.620253164556962,4380,0.6609725952148438,0.640625,NO,,,
4.620253164556962,4380,0.6609725952148438,0.640625,NO,,,
4.620253164556962,4380,0.6609725952148438,0.640625,NO,,,
4.620253164556962,4380,0.6609725952148438,0.640625,NO,,,
4.620253164556962,4380,0.6609725952148438,0.640625,NO,,,
4.620253164556962,4380,0.6609725952148438,0.640625,NO,,,
4.620253164556962,4380,0.6609725952148438,0.640625,NO,,,
4.620253164556962,4380,0.6609725952148438,0.640625,NO,,,
4.620253164556962,4380,0.6609725952148438,0.640625,NO,,,
4.630801687763713,4390,0.6143531799316406,0.640625,NO,,,
4.630801687763713,4390,0.6143531799316406,0.640625,NO,,,
4.630801687763713,4390,0.6143531799316406,0.640625,NO,,,
4.630801687763713,4390,0.6143531799316406,0.640625,NO,,,
4.630801687763713,4390,0.6143531799316406,0.640625,NO,,,
4.630801687763713,4390,0.6143531799316406,0.640625,NO,,,
4.630801687763713,4390,0.6143531799316406,0.640625,NO,,,
4.630801687763713,4390,0.6143531799316406,0.640625,NO,,,
4.630801687763713,4390,0.6143531799316406,0.640625,NO,,,
4.630801687763713,4390,0.6143531799316406,0.640625,NO,,,
4.641350210970464,4400,0.6735153198242188,0.53125,NO,,,
4.641350210970464,4400,0.6735153198242188,0.53125,NO,,,
4.641350210970464,4400,0.6735153198242188,0.53125,NO,,,
4.641350210970464,4400,0.6735153198242188,0.53125,NO,,,
4.641350210970464,4400,0.6735153198242188,0.53125,NO,,,
4.641350210970464,4400,0.6735153198242188,0.53125,NO,,,
4.641350210970464,4400,0.6735153198242188,0.53125,NO,,,
4.641350210970464,4400,0.6735153198242188,0.53125,NO,,,
4.641350210970464,4400,0.6735153198242188,0.53125,NO,,,
4.641350210970464,4400,0.6735153198242188,0.53125,NO,,,
4.651898734177215,4410,0.6667900085449219,0.53125,NO,,,
4.651898734177215,4410,0.6667900085449219,0.53125,NO,,,
4.651898734177215,4410,0.6667900085449219,0.53125,NO,,,
4.651898734177215,4410,0.6667900085449219,0.53125,NO,,,
4.651898734177215,4410,0.6667900085449219,0.53125,NO,,,
4.651898734177215,4410,0.6667900085449219,0.53125,NO,,,
4.651898734177215,4410,0.6667900085449219,0.53125,NO,,,
4.651898734177215,4410,0.6667900085449219,0.53125,NO,,,
4.651898734177215,4410,0.6667900085449219,0.53125,NO,,,
4.651898734177215,4410,0.6667900085449219,0.53125,NO,,,
4.662447257383966,4420,0.6210250854492188,0.71875,NO,,,
4.662447257383966,4420,0.6210250854492188,0.71875,NO,,,
4.662447257383966,4420,0.6210250854492188,0.71875,NO,,,
4.662447257383966,4420,0.6210250854492188,0.71875,NO,,,
4.662447257383966,4420,0.6210250854492188,0.71875,NO,,,
4.662447257383966,4420,0.6210250854492188,0.71875,NO,,,
4.662447257383966,4420,0.6210250854492188,0.71875,NO,,,
4.662447257383966,4420,0.6210250854492188,0.71875,NO,,,
4.662447257383966,4420,0.6210250854492188,0.71875,NO,,,
4.662447257383966,4420,0.6210250854492188,0.71875,NO,,,
4.672995780590718,4430,0.656951904296875,0.625,NO,,,
4.672995780590718,4430,0.656951904296875,0.625,NO,,,
4.672995780590718,4430,0.656951904296875,0.625,NO,,,
4.672995780590718,4430,0.656951904296875,0.625,NO,,,
4.672995780590718,4430,0.656951904296875,0.625,NO,,,
4.672995780590718,4430,0.656951904296875,0.625,NO,,,
4.672995780590718,4430,0.656951904296875,0.625,NO,,,
4.672995780590718,4430,0.656951904296875,0.625,NO,,,
4.672995780590718,4430,0.656951904296875,0.625,NO,,,
4.672995780590718,4430,0.656951904296875,0.625,NO,,,
4.6835443037974684,4440,0.6695289611816406,0.65625,NO,,,
4.6835443037974684,4440,0.6695289611816406,0.65625,NO,,,
4.6835443037974684,4440,0.6695289611816406,0.65625,NO,,,
4.6835443037974684,4440,0.6695289611816406,0.65625,NO,,,
4.6835443037974684,4440,0.6695289611816406,0.65625,NO,,,
4.6835443037974684,4440,0.6695289611816406,0.65625,NO,,,
4.6835443037974684,4440,0.6695289611816406,0.65625,NO,,,
4.6835443037974684,4440,0.6695289611816406,0.65625,NO,,,
4.6835443037974684,4440,0.6695289611816406,0.65625,NO,,,
4.6835443037974684,4440,0.6695289611816406,0.65625,NO,,,
4.694092827004219,4450,0.6546897888183594,0.640625,NO,,,
4.694092827004219,4450,0.6546897888183594,0.640625,NO,,,
4.694092827004219,4450,0.6546897888183594,0.640625,NO,,,
4.694092827004219,4450,0.6546897888183594,0.640625,NO,,,
4.694092827004219,4450,0.6546897888183594,0.640625,NO,,,
4.694092827004219,4450,0.6546897888183594,0.640625,NO,,,
4.694092827004219,4450,0.6546897888183594,0.640625,NO,,,
4.694092827004219,4450,0.6546897888183594,0.640625,NO,,,
4.694092827004219,4450,0.6546897888183594,0.640625,NO,,,
4.694092827004219,4450,0.6546897888183594,0.640625,NO,,,
4.70464135021097,4460,0.6244621276855469,0.6875,NO,,,
4.70464135021097,4460,0.6244621276855469,0.6875,NO,,,
4.70464135021097,4460,0.6244621276855469,0.6875,NO,,,
4.70464135021097,4460,0.6244621276855469,0.6875,NO,,,
4.70464135021097,4460,0.6244621276855469,0.6875,NO,,,
4.70464135021097,4460,0.6244621276855469,0.6875,NO,,,
4.70464135021097,4460,0.6244621276855469,0.6875,NO,,,
4.70464135021097,4460,0.6244621276855469,0.6875,NO,,,
4.70464135021097,4460,0.6244621276855469,0.6875,NO,,,
4.70464135021097,4460,0.6244621276855469,0.6875,NO,,,
4.715189873417722,4470,0.6521263122558594,0.578125,NO,,,
4.715189873417722,4470,0.6521263122558594,0.578125,NO,,,
4.715189873417722,4470,0.6521263122558594,0.578125,NO,,,
4.715189873417722,4470,0.6521263122558594,0.578125,NO,,,
4.715189873417722,4470,0.6521263122558594,0.578125,NO,,,
4.715189873417722,4470,0.6521263122558594,0.578125,NO,,,
4.715189873417722,4470,0.6521263122558594,0.578125,NO,,,
4.715189873417722,4470,0.6521263122558594,0.578125,NO,,,
4.715189873417722,4470,0.6521263122558594,0.578125,NO,,,
4.715189873417722,4470,0.6521263122558594,0.578125,NO,,,
4.725738396624473,4480,0.620574951171875,0.734375,NO,,,
4.725738396624473,4480,0.620574951171875,0.734375,NO,,,
4.725738396624473,4480,0.620574951171875,0.734375,NO,,,
4.725738396624473,4480,0.620574951171875,0.734375,NO,,,
4.725738396624473,4480,0.620574951171875,0.734375,NO,,,
4.725738396624473,4480,0.620574951171875,0.734375,NO,,,
4.725738396624473,4480,0.620574951171875,0.734375,NO,,,
4.725738396624473,4480,0.620574951171875,0.734375,NO,,,
4.725738396624473,4480,0.620574951171875,0.734375,NO,,,
4.725738396624473,4480,0.620574951171875,0.734375,NO,,,
4.736286919831223,4490,0.62542724609375,0.734375,NO,,,
4.736286919831223,4490,0.62542724609375,0.734375,NO,,,
4.736286919831223,4490,0.62542724609375,0.734375,NO,,,
4.736286919831223,4490,0.62542724609375,0.734375,NO,,,
4.736286919831223,4490,0.62542724609375,0.734375,NO,,,
4.736286919831223,4490,0.62542724609375,0.734375,NO,,,
4.736286919831223,4490,0.62542724609375,0.734375,NO,,,
4.736286919831223,4490,0.62542724609375,0.734375,NO,,,
4.736286919831223,4490,0.62542724609375,0.734375,NO,,,
4.736286919831223,4490,0.62542724609375,0.734375,NO,,,
4.746835443037975,4500,0.6504135131835938,0.625,NO,,,
4.746835443037975,4500,0.6504135131835938,0.625,NO,,,
4.746835443037975,4500,0.6504135131835938,0.625,NO,,,
4.746835443037975,4500,0.6504135131835938,0.625,NO,,,
4.746835443037975,4500,0.6504135131835938,0.625,NO,,,
4.746835443037975,4500,0.6504135131835938,0.625,NO,,,
4.746835443037975,4500,0.6504135131835938,0.625,NO,,,
4.746835443037975,4500,0.6504135131835938,0.625,NO,,,
4.746835443037975,4500,0.6504135131835938,0.625,NO,,,
4.746835443037975,4500,0.6504135131835938,0.625,NO,,,
4.757383966244726,4510,0.6650619506835938,0.609375,NO,,,
4.757383966244726,4510,0.6650619506835938,0.609375,NO,,,
4.757383966244726,4510,0.6650619506835938,0.609375,NO,,,
4.757383966244726,4510,0.6650619506835938,0.609375,NO,,,
4.757383966244726,4510,0.6650619506835938,0.609375,NO,,,
4.757383966244726,4510,0.6650619506835938,0.609375,NO,,,
4.757383966244726,4510,0.6650619506835938,0.609375,NO,,,
4.757383966244726,4510,0.6650619506835938,0.609375,NO,,,
4.757383966244726,4510,0.6650619506835938,0.609375,NO,,,
4.757383966244726,4510,0.6650619506835938,0.609375,NO,,,
4.767932489451477,4520,0.6498603820800781,0.65625,NO,,,
4.767932489451477,4520,0.6498603820800781,0.65625,NO,,,
4.767932489451477,4520,0.6498603820800781,0.65625,NO,,,
4.767932489451477,4520,0.6498603820800781,0.65625,NO,,,
4.767932489451477,4520,0.6498603820800781,0.65625,NO,,,
4.767932489451477,4520,0.6498603820800781,0.65625,NO,,,
4.767932489451477,4520,0.6498603820800781,0.65625,NO,,,
4.767932489451477,4520,0.6498603820800781,0.65625,NO,,,
4.767932489451477,4520,0.6498603820800781,0.65625,NO,,,
4.767932489451477,4520,0.6498603820800781,0.65625,NO,,,
4.7784810126582276,4530,0.6203651428222656,0.65625,NO,,,
4.7784810126582276,4530,0.6203651428222656,0.65625,NO,,,
4.7784810126582276,4530,0.6203651428222656,0.65625,NO,,,
4.7784810126582276,4530,0.6203651428222656,0.65625,NO,,,
4.7784810126582276,4530,0.6203651428222656,0.65625,NO,,,
4.7784810126582276,4530,0.6203651428222656,0.65625,NO,,,
4.7784810126582276,4530,0.6203651428222656,0.65625,NO,,,
4.7784810126582276,4530,0.6203651428222656,0.65625,NO,,,
4.7784810126582276,4530,0.6203651428222656,0.65625,NO,,,
4.7784810126582276,4530,0.6203651428222656,0.65625,NO,,,
4.789029535864979,4540,0.6467781066894531,0.609375,NO,,,
4.789029535864979,4540,0.6467781066894531,0.609375,NO,,,
4.789029535864979,4540,0.6467781066894531,0.609375,NO,,,
4.789029535864979,4540,0.6467781066894531,0.609375,NO,,,
4.789029535864979,4540,0.6467781066894531,0.609375,NO,,,
4.789029535864979,4540,0.6467781066894531,0.609375,NO,,,
4.789029535864979,4540,0.6467781066894531,0.609375,NO,,,
4.789029535864979,4540,0.6467781066894531,0.609375,NO,,,
4.789029535864979,4540,0.6467781066894531,0.609375,NO,,,
4.789029535864979,4540,0.6467781066894531,0.609375,NO,,,
4.79957805907173,4550,0.6490821838378906,0.625,NO,,,
4.79957805907173,4550,0.6490821838378906,0.625,NO,,,
4.79957805907173,4550,0.6490821838378906,0.625,NO,,,
4.79957805907173,4550,0.6490821838378906,0.625,NO,,,
4.79957805907173,4550,0.6490821838378906,0.625,NO,,,
4.79957805907173,4550,0.6490821838378906,0.625,NO,,,
4.79957805907173,4550,0.6490821838378906,0.625,NO,,,
4.79957805907173,4550,0.6490821838378906,0.625,NO,,,
4.79957805907173,4550,0.6490821838378906,0.625,NO,,,
4.79957805907173,4550,0.6490821838378906,0.625,NO,,,
4.810126582278481,4560,0.6778335571289062,0.5625,NO,,,
4.810126582278481,4560,0.6778335571289062,0.5625,NO,,,
4.810126582278481,4560,0.6778335571289062,0.5625,NO,,,
4.810126582278481,4560,0.6778335571289062,0.5625,NO,,,
4.810126582278481,4560,0.6778335571289062,0.5625,NO,,,
4.810126582278481,4560,0.6778335571289062,0.5625,NO,,,
4.810126582278481,4560,0.6778335571289062,0.5625,NO,,,
4.810126582278481,4560,0.6778335571289062,0.5625,NO,,,
4.810126582278481,4560,0.6778335571289062,0.5625,NO,,,
4.810126582278481,4560,0.6778335571289062,0.5625,NO,,,
4.820675105485232,4570,0.6335830688476562,0.640625,NO,,,
4.820675105485232,4570,0.6335830688476562,0.640625,NO,,,
4.820675105485232,4570,0.6335830688476562,0.640625,NO,,,
4.820675105485232,4570,0.6335830688476562,0.640625,NO,,,
4.820675105485232,4570,0.6335830688476562,0.640625,NO,,,
4.820675105485232,4570,0.6335830688476562,0.640625,NO,,,
4.820675105485232,4570,0.6335830688476562,0.640625,NO,,,
4.820675105485232,4570,0.6335830688476562,0.640625,NO,,,
4.820675105485232,4570,0.6335830688476562,0.640625,NO,,,
4.820675105485232,4570,0.6335830688476562,0.640625,NO,,,
4.831223628691983,4580,0.6326980590820312,0.703125,NO,,,
4.831223628691983,4580,0.6326980590820312,0.703125,NO,,,
4.831223628691983,4580,0.6326980590820312,0.703125,NO,,,
4.831223628691983,4580,0.6326980590820312,0.703125,NO,,,
4.831223628691983,4580,0.6326980590820312,0.703125,NO,,,
4.831223628691983,4580,0.6326980590820312,0.703125,NO,,,
4.831223628691983,4580,0.6326980590820312,0.703125,NO,,,
4.831223628691983,4580,0.6326980590820312,0.703125,NO,,,
4.831223628691983,4580,0.6326980590820312,0.703125,NO,,,
4.831223628691983,4580,0.6326980590820312,0.703125,NO,,,
4.841772151898734,4590,0.6319313049316406,0.6875,NO,,,
4.841772151898734,4590,0.6319313049316406,0.6875,NO,,,
4.841772151898734,4590,0.6319313049316406,0.6875,NO,,,
4.841772151898734,4590,0.6319313049316406,0.6875,NO,,,
4.841772151898734,4590,0.6319313049316406,0.6875,NO,,,
4.841772151898734,4590,0.6319313049316406,0.6875,NO,,,
4.841772151898734,4590,0.6319313049316406,0.6875,NO,,,
4.841772151898734,4590,0.6319313049316406,0.6875,NO,,,
4.841772151898734,4590,0.6319313049316406,0.6875,NO,,,
