source_path,copied_to
outputs/int4_cleanGL_hstar_dense_sparsep0p1_20k_20260523_142501/int4_hsearch_summary.csv,raw_run_summaries/outputs__int4_cleanGL_hstar_dense_sparsep0p1_20k_20260523_142501__int4_hsearch_summary.csv
outputs/int4_lowbitL_hstar_dense_sparse_20260522_20260522_223513/int4_hsearch_summary.csv,raw_run_summaries/outputs__int4_lowbitL_hstar_dense_sparse_20260522_20260522_223513__int4_hsearch_summary.csv
outputs/int4_sparse_prefix_seedfixed_int4fd_20k_20260523_171841/int4_hsearch_summary.csv,raw_run_summaries/outputs__int4_sparse_prefix_seedfixed_int4fd_20k_20260523_171841__int4_hsearch_summary.csv
outputs/sharp_interval_roberta_int4_eval/int4_hsearch_summary.csv,raw_run_summaries/outputs__sharp_interval_roberta_int4_eval__int4_hsearch_summary.csv
outputs/int4_cleanGL_hstar_dense_sparsep0p1_20k_20260523_142501/int4_hsearch/dense_cleanGL_hstar/int4_dense_mnli_cleanGL_hstar_h0p001312706736_seed16_full_bs64_step20k/run_summary.json,raw_run_summaries/outputs__int4_cleanGL_hstar_dense_sparsep0p1_20k_20260523_142501__int4_hsearch__dense_cleanGL_hstar__int4_dense_mnli_cleanGL_hstar_h0p001312706736_seed16_full_bs64_step20k__run_summary.json
outputs/int4_cleanGL_hstar_dense_sparsep0p1_20k_20260523_142501/int4_hsearch/dense_cleanGL_hstar/int4_dense_mnli_cleanGL_hstar_h0p001312706736_seed16_full_bs64_step20k/run_config.json,raw_run_summaries/outputs__int4_cleanGL_hstar_dense_sparsep0p1_20k_20260523_142501__int4_hsearch__dense_cleanGL_hstar__int4_dense_mnli_cleanGL_hstar_h0p001312706736_seed16_full_bs64_step20k__run_config.json
outputs/int4_cleanGL_hstar_dense_sparsep0p1_20k_20260523_142501/int4_hsearch/dense_cleanGL_hstar/int4_dense_mnli_cleanGL_hstar_h0p001312706736_seed16_full_bs64_step20k/run_manifest_row.json,raw_run_summaries/outputs__int4_cleanGL_hstar_dense_sparsep0p1_20k_20260523_142501__int4_hsearch__dense_cleanGL_hstar__int4_dense_mnli_cleanGL_hstar_h0p001312706736_seed16_full_bs64_step20k__run_manifest_row.json
outputs/int4_cleanGL_hstar_dense_sparsep0p1_20k_20260523_142501/int4_hsearch/dense_cleanGL_hstar/int4_dense_mnli_cleanGL_hstar_h0p001312706736_seed16_full_bs64_step20k/metrics.csv,raw_run_summaries/outputs__int4_cleanGL_hstar_dense_sparsep0p1_20k_20260523_142501__int4_hsearch__dense_cleanGL_hstar__int4_dense_mnli_cleanGL_hstar_h0p001312706736_seed16_full_bs64_step20k__metrics.csv
outputs/int4_cleanGL_hstar_dense_sparsep0p1_20k_20260523_142501/int4_hsearch/dense_cleanGL_hstar/int4_dense_mnli_cleanGL_hstar_h0p001312706736_seed16_full_bs64_step20k/eval_metrics.jsonl,raw_run_summaries/outputs__int4_cleanGL_hstar_dense_sparsep0p1_20k_20260523_142501__int4_hsearch__dense_cleanGL_hstar__int4_dense_mnli_cleanGL_hstar_h0p001312706736_seed16_full_bs64_step20k__eval_metrics.jsonl
outputs/int4_cleanGL_hstar_dense_sparsep0p1_20k_20260523_142501/int4_hsearch/dense_cleanGL_hstar/int4_dense_rte_cleanGL_hstar_h0p001705625311_seed16_full_bs64_step20k/run_summary.json,raw_run_summaries/outputs__int4_cleanGL_hstar_dense_sparsep0p1_20k_20260523_142501__int4_hsearch__dense_cleanGL_hstar__int4_dense_rte_cleanGL_hstar_h0p001705625311_seed16_full_bs64_step20k__run_summary.json
outputs/int4_cleanGL_hstar_dense_sparsep0p1_20k_20260523_142501/int4_hsearch/dense_cleanGL_hstar/int4_dense_rte_cleanGL_hstar_h0p001705625311_seed16_full_bs64_step20k/run_config.json,raw_run_summaries/outputs__int4_cleanGL_hstar_dense_sparsep0p1_20k_20260523_142501__int4_hsearch__dense_cleanGL_hstar__int4_dense_rte_cleanGL_hstar_h0p001705625311_seed16_full_bs64_step20k__run_config.json
outputs/int4_cleanGL_hstar_dense_sparsep0p1_20k_20260523_142501/int4_hsearch/dense_cleanGL_hstar/int4_dense_rte_cleanGL_hstar_h0p001705625311_seed16_full_bs64_step20k/run_manifest_row.json,raw_run_summaries/outputs__int4_cleanGL_hstar_dense_sparsep0p1_20k_20260523_142501__int4_hsearch__dense_cleanGL_hstar__int4_dense_rte_cleanGL_hstar_h0p001705625311_seed16_full_bs64_step20k__run_manifest_row.json
outputs/int4_cleanGL_hstar_dense_sparsep0p1_20k_20260523_142501/int4_hsearch/dense_cleanGL_hstar/int4_dense_rte_cleanGL_hstar_h0p001705625311_seed16_full_bs64_step20k/metrics.csv,raw_run_summaries/outputs__int4_cleanGL_hstar_dense_sparsep0p1_20k_20260523_142501__int4_hsearch__dense_cleanGL_hstar__int4_dense_rte_cleanGL_hstar_h0p001705625311_seed16_full_bs64_step20k__metrics.csv
outputs/int4_cleanGL_hstar_dense_sparsep0p1_20k_20260523_142501/int4_hsearch/dense_cleanGL_hstar/int4_dense_rte_cleanGL_hstar_h0p001705625311_seed16_full_bs64_step20k/eval_metrics.jsonl,raw_run_summaries/outputs__int4_cleanGL_hstar_dense_sparsep0p1_20k_20260523_142501__int4_hsearch__dense_cleanGL_hstar__int4_dense_rte_cleanGL_hstar_h0p001705625311_seed16_full_bs64_step20k__eval_metrics.jsonl
outputs/int4_cleanGL_hstar_dense_sparsep0p1_20k_20260523_142501/int4_hsearch/dense_cleanGL_hstar/int4_dense_sst2_cleanGL_hstar_h0p001483136008_seed16_full_bs64_step20k/run_summary.json,raw_run_summaries/outputs__int4_cleanGL_hstar_dense_sparsep0p1_20k_20260523_142501__int4_hsearch__dense_cleanGL_hstar__int4_dense_sst2_cleanGL_hstar_h0p001483136008_seed16_full_bs64_step20k__run_summary.json
outputs/int4_cleanGL_hstar_dense_sparsep0p1_20k_20260523_142501/int4_hsearch/dense_cleanGL_hstar/int4_dense_sst2_cleanGL_hstar_h0p001483136008_seed16_full_bs64_step20k/run_config.json,raw_run_summaries/outputs__int4_cleanGL_hstar_dense_sparsep0p1_20k_20260523_142501__int4_hsearch__dense_cleanGL_hstar__int4_dense_sst2_cleanGL_hstar_h0p001483136008_seed16_full_bs64_step20k__run_config.json
outputs/int4_cleanGL_hstar_dense_sparsep0p1_20k_20260523_142501/int4_hsearch/dense_cleanGL_hstar/int4_dense_sst2_cleanGL_hstar_h0p001483136008_seed16_full_bs64_step20k/run_manifest_row.json,raw_run_summaries/outputs__int4_cleanGL_hstar_dense_sparsep0p1_20k_20260523_142501__int4_hsearch__dense_cleanGL_hstar__int4_dense_sst2_cleanGL_hstar_h0p001483136008_seed16_full_bs64_step20k__run_manifest_row.json
outputs/int4_cleanGL_hstar_dense_sparsep0p1_20k_20260523_142501/int4_hsearch/dense_cleanGL_hstar/int4_dense_sst2_cleanGL_hstar_h0p001483136008_seed16_full_bs64_step20k/metrics.csv,raw_run_summaries/outputs__int4_cleanGL_hstar_dense_sparsep0p1_20k_20260523_142501__int4_hsearch__dense_cleanGL_hstar__int4_dense_sst2_cleanGL_hstar_h0p001483136008_seed16_full_bs64_step20k__metrics.csv
outputs/int4_cleanGL_hstar_dense_sparsep0p1_20k_20260523_142501/int4_hsearch/dense_cleanGL_hstar/int4_dense_sst2_cleanGL_hstar_h0p001483136008_seed16_full_bs64_step20k/eval_metrics.jsonl,raw_run_summaries/outputs__int4_cleanGL_hstar_dense_sparsep0p1_20k_20260523_142501__int4_hsearch__dense_cleanGL_hstar__int4_dense_sst2_cleanGL_hstar_h0p001483136008_seed16_full_bs64_step20k__eval_metrics.jsonl
outputs/int4_cleanGL_hstar_dense_sparsep0p1_20k_20260523_142501/int4_hsearch/dense_cleanGL_hstar/int4_dense_sst5_cleanGL_hstar_h0p001550939782_seed16_full_bs64_step20k/run_summary.json,raw_run_summaries/outputs__int4_cleanGL_hstar_dense_sparsep0p1_20k_20260523_142501__int4_hsearch__dense_cleanGL_hstar__int4_dense_sst5_cleanGL_hstar_h0p001550939782_seed16_full_bs64_step20k__run_summary.json
outputs/int4_cleanGL_hstar_dense_sparsep0p1_20k_20260523_142501/int4_hsearch/dense_cleanGL_hstar/int4_dense_sst5_cleanGL_hstar_h0p001550939782_seed16_full_bs64_step20k/run_config.json,raw_run_summaries/outputs__int4_cleanGL_hstar_dense_sparsep0p1_20k_20260523_142501__int4_hsearch__dense_cleanGL_hstar__int4_dense_sst5_cleanGL_hstar_h0p001550939782_seed16_full_bs64_step20k__run_config.json
outputs/int4_cleanGL_hstar_dense_sparsep0p1_20k_20260523_142501/int4_hsearch/dense_cleanGL_hstar/int4_dense_sst5_cleanGL_hstar_h0p001550939782_seed16_full_bs64_step20k/run_manifest_row.json,raw_run_summaries/outputs__int4_cleanGL_hstar_dense_sparsep0p1_20k_20260523_142501__int4_hsearch__dense_cleanGL_hstar__int4_dense_sst5_cleanGL_hstar_h0p001550939782_seed16_full_bs64_step20k__run_manifest_row.json
outputs/int4_cleanGL_hstar_dense_sparsep0p1_20k_20260523_142501/int4_hsearch/dense_cleanGL_hstar/int4_dense_sst5_cleanGL_hstar_h0p001550939782_seed16_full_bs64_step20k/metrics.csv,raw_run_summaries/outputs__int4_cleanGL_hstar_dense_sparsep0p1_20k_20260523_142501__int4_hsearch__dense_cleanGL_hstar__int4_dense_sst5_cleanGL_hstar_h0p001550939782_seed16_full_bs64_step20k__metrics.csv
outputs/int4_cleanGL_hstar_dense_sparsep0p1_20k_20260523_142501/int4_hsearch/dense_cleanGL_hstar/int4_dense_sst5_cleanGL_hstar_h0p001550939782_seed16_full_bs64_step20k/eval_metrics.jsonl,raw_run_summaries/outputs__int4_cleanGL_hstar_dense_sparsep0p1_20k_20260523_142501__int4_hsearch__dense_cleanGL_hstar__int4_dense_sst5_cleanGL_hstar_h0p001550939782_seed16_full_bs64_step20k__eval_metrics.jsonl
outputs/int4_cleanGL_hstar_dense_sparsep0p1_20k_20260523_142501/int4_hsearch/dense_cleanGL_hstar/int4_dense_trec_cleanGL_hstar_h0p0006975900433_seed16_full_bs64_step20k/run_summary.json,raw_run_summaries/outputs__int4_cleanGL_hstar_dense_sparsep0p1_20k_20260523_142501__int4_hsearch__dense_cleanGL_hstar__int4_dense_trec_cleanGL_hstar_h0p0006975900433_seed16_full_bs64_step20k__run_summary.json
outputs/int4_cleanGL_hstar_dense_sparsep0p1_20k_20260523_142501/int4_hsearch/dense_cleanGL_hstar/int4_dense_trec_cleanGL_hstar_h0p0006975900433_seed16_full_bs64_step20k/run_config.json,raw_run_summaries/outputs__int4_cleanGL_hstar_dense_sparsep0p1_20k_20260523_142501__int4_hsearch__dense_cleanGL_hstar__int4_dense_trec_cleanGL_hstar_h0p0006975900433_seed16_full_bs64_step20k__run_config.json
outputs/int4_cleanGL_hstar_dense_sparsep0p1_20k_20260523_142501/int4_hsearch/dense_cleanGL_hstar/int4_dense_trec_cleanGL_hstar_h0p0006975900433_seed16_full_bs64_step20k/run_manifest_row.json,raw_run_summaries/outputs__int4_cleanGL_hstar_dense_sparsep0p1_20k_20260523_142501__int4_hsearch__dense_cleanGL_hstar__int4_dense_trec_cleanGL_hstar_h0p0006975900433_seed16_full_bs64_step20k__run_manifest_row.json
outputs/int4_cleanGL_hstar_dense_sparsep0p1_20k_20260523_142501/int4_hsearch/dense_cleanGL_hstar/int4_dense_trec_cleanGL_hstar_h0p0006975900433_seed16_full_bs64_step20k/metrics.csv,raw_run_summaries/outputs__int4_cleanGL_hstar_dense_sparsep0p1_20k_20260523_142501__int4_hsearch__dense_cleanGL_hstar__int4_dense_trec_cleanGL_hstar_h0p0006975900433_seed16_full_bs64_step20k__metrics.csv
outputs/int4_cleanGL_hstar_dense_sparsep0p1_20k_20260523_142501/int4_hsearch/dense_cleanGL_hstar/int4_dense_trec_cleanGL_hstar_h0p0006975900433_seed16_full_bs64_step20k/eval_metrics.jsonl,raw_run_summaries/outputs__int4_cleanGL_hstar_dense_sparsep0p1_20k_20260523_142501__int4_hsearch__dense_cleanGL_hstar__int4_dense_trec_cleanGL_hstar_h0p0006975900433_seed16_full_bs64_step20k__eval_metrics.jsonl
outputs/int4_cleanGL_hstar_dense_sparsep0p1_20k_20260523_142501/int4_hsearch/sparse_p0p1_taskgrad_cleanGL_hstar/int4_sparsep0p1_taskgrad_sst2_cleanGL_hstar_h0p000458314755_seed16_full_bs64_step20k/run_summary.json,raw_run_summaries/outputs__int4_cleanGL_hstar_dense_sparsep0p1_20k_20260523_142501__int4_hsearch__sparse_p0p1_taskgrad_cleanGL_hstar__int4_sparsep0p1_taskgrad_sst2_cleanGL_hstar_h0p000458314755_seed16_full_bs64_step20k__run_summary.json
outputs/int4_cleanGL_hstar_dense_sparsep0p1_20k_20260523_142501/int4_hsearch/sparse_p0p1_taskgrad_cleanGL_hstar/int4_sparsep0p1_taskgrad_sst2_cleanGL_hstar_h0p000458314755_seed16_full_bs64_step20k/run_config.json,raw_run_summaries/outputs__int4_cleanGL_hstar_dense_sparsep0p1_20k_20260523_142501__int4_hsearch__sparse_p0p1_taskgrad_cleanGL_hstar__int4_sparsep0p1_taskgrad_sst2_cleanGL_hstar_h0p000458314755_seed16_full_bs64_step20k__run_config.json
outputs/int4_cleanGL_hstar_dense_sparsep0p1_20k_20260523_142501/int4_hsearch/sparse_p0p1_taskgrad_cleanGL_hstar/int4_sparsep0p1_taskgrad_sst2_cleanGL_hstar_h0p000458314755_seed16_full_bs64_step20k/run_manifest_row.json,raw_run_summaries/outputs__int4_cleanGL_hstar_dense_sparsep0p1_20k_20260523_142501__int4_hsearch__sparse_p0p1_taskgrad_cleanGL_hstar__int4_sparsep0p1_taskgrad_sst2_cleanGL_hstar_h0p000458314755_seed16_full_bs64_step20k__run_manifest_row.json
outputs/int4_cleanGL_hstar_dense_sparsep0p1_20k_20260523_142501/int4_hsearch/sparse_p0p1_taskgrad_cleanGL_hstar/int4_sparsep0p1_taskgrad_sst2_cleanGL_hstar_h0p000458314755_seed16_full_bs64_step20k/metrics.csv,raw_run_summaries/outputs__int4_cleanGL_hstar_dense_sparsep0p1_20k_20260523_142501__int4_hsearch__sparse_p0p1_taskgrad_cleanGL_hstar__int4_sparsep0p1_taskgrad_sst2_cleanGL_hstar_h0p000458314755_seed16_full_bs64_step20k__metrics.csv
outputs/int4_cleanGL_hstar_dense_sparsep0p1_20k_20260523_142501/int4_hsearch/sparse_p0p1_taskgrad_cleanGL_hstar/int4_sparsep0p1_taskgrad_sst2_cleanGL_hstar_h0p000458314755_seed16_full_bs64_step20k/eval_metrics.jsonl,raw_run_summaries/outputs__int4_cleanGL_hstar_dense_sparsep0p1_20k_20260523_142501__int4_hsearch__sparse_p0p1_taskgrad_cleanGL_hstar__int4_sparsep0p1_taskgrad_sst2_cleanGL_hstar_h0p000458314755_seed16_full_bs64_step20k__eval_metrics.jsonl
outputs/int4_lowbitL_hstar_dense_sparse_20260522_20260522_223513/int4_hsearch/dense_lowbitL_hstar/int4_dense_lowbitL_mnli_hstar_h5p098073479em05_seed16_full_bs64_step20k/run_summary.json,raw_run_summaries/outputs__int4_lowbitL_hstar_dense_sparse_20260522_20260522_223513__int4_hsearch__dense_lowbitL_hstar__int4_dense_lowbitL_mnli_hstar_h5p098073479em05_seed16_full_bs64_step20k__run_summary.json
outputs/int4_lowbitL_hstar_dense_sparse_20260522_20260522_223513/int4_hsearch/dense_lowbitL_hstar/int4_dense_lowbitL_mnli_hstar_h5p098073479em05_seed16_full_bs64_step20k/run_config.json,raw_run_summaries/outputs__int4_lowbitL_hstar_dense_sparse_20260522_20260522_223513__int4_hsearch__dense_lowbitL_hstar__int4_dense_lowbitL_mnli_hstar_h5p098073479em05_seed16_full_bs64_step20k__run_config.json
outputs/int4_lowbitL_hstar_dense_sparse_20260522_20260522_223513/int4_hsearch/dense_lowbitL_hstar/int4_dense_lowbitL_mnli_hstar_h5p098073479em05_seed16_full_bs64_step20k/run_manifest_row.json,raw_run_summaries/outputs__int4_lowbitL_hstar_dense_sparse_20260522_20260522_223513__int4_hsearch__dense_lowbitL_hstar__int4_dense_lowbitL_mnli_hstar_h5p098073479em05_seed16_full_bs64_step20k__run_manifest_row.json
outputs/int4_lowbitL_hstar_dense_sparse_20260522_20260522_223513/int4_hsearch/dense_lowbitL_hstar/int4_dense_lowbitL_mnli_hstar_h5p098073479em05_seed16_full_bs64_step20k/metrics.csv,raw_run_summaries/outputs__int4_lowbitL_hstar_dense_sparse_20260522_20260522_223513__int4_hsearch__dense_lowbitL_hstar__int4_dense_lowbitL_mnli_hstar_h5p098073479em05_seed16_full_bs64_step20k__metrics.csv
outputs/int4_lowbitL_hstar_dense_sparse_20260522_20260522_223513/int4_hsearch/dense_lowbitL_hstar/int4_dense_lowbitL_mnli_hstar_h5p098073479em05_seed16_full_bs64_step20k/eval_metrics.jsonl,raw_run_summaries/outputs__int4_lowbitL_hstar_dense_sparse_20260522_20260522_223513__int4_hsearch__dense_lowbitL_hstar__int4_dense_lowbitL_mnli_hstar_h5p098073479em05_seed16_full_bs64_step20k__eval_metrics.jsonl
outputs/int4_lowbitL_hstar_dense_sparse_20260522_20260522_223513/int4_hsearch/dense_lowbitL_hstar/int4_dense_lowbitL_rte_hstar_h9p131247237em05_seed16_full_bs64_step20k/run_summary.json,raw_run_summaries/outputs__int4_lowbitL_hstar_dense_sparse_20260522_20260522_223513__int4_hsearch__dense_lowbitL_hstar__int4_dense_lowbitL_rte_hstar_h9p131247237em05_seed16_full_bs64_step20k__run_summary.json
outputs/int4_lowbitL_hstar_dense_sparse_20260522_20260522_223513/int4_hsearch/dense_lowbitL_hstar/int4_dense_lowbitL_rte_hstar_h9p131247237em05_seed16_full_bs64_step20k/run_config.json,raw_run_summaries/outputs__int4_lowbitL_hstar_dense_sparse_20260522_20260522_223513__int4_hsearch__dense_lowbitL_hstar__int4_dense_lowbitL_rte_hstar_h9p131247237em05_seed16_full_bs64_step20k__run_config.json
outputs/int4_lowbitL_hstar_dense_sparse_20260522_20260522_223513/int4_hsearch/dense_lowbitL_hstar/int4_dense_lowbitL_rte_hstar_h9p131247237em05_seed16_full_bs64_step20k/run_manifest_row.json,raw_run_summaries/outputs__int4_lowbitL_hstar_dense_sparse_20260522_20260522_223513__int4_hsearch__dense_lowbitL_hstar__int4_dense_lowbitL_rte_hstar_h9p131247237em05_seed16_full_bs64_step20k__run_manifest_row.json
outputs/int4_lowbitL_hstar_dense_sparse_20260522_20260522_223513/int4_hsearch/dense_lowbitL_hstar/int4_dense_lowbitL_rte_hstar_h9p131247237em05_seed16_full_bs64_step20k/metrics.csv,raw_run_summaries/outputs__int4_lowbitL_hstar_dense_sparse_20260522_20260522_223513__int4_hsearch__dense_lowbitL_hstar__int4_dense_lowbitL_rte_hstar_h9p131247237em05_seed16_full_bs64_step20k__metrics.csv
outputs/int4_lowbitL_hstar_dense_sparse_20260522_20260522_223513/int4_hsearch/dense_lowbitL_hstar/int4_dense_lowbitL_rte_hstar_h9p131247237em05_seed16_full_bs64_step20k/eval_metrics.jsonl,raw_run_summaries/outputs__int4_lowbitL_hstar_dense_sparse_20260522_20260522_223513__int4_hsearch__dense_lowbitL_hstar__int4_dense_lowbitL_rte_hstar_h9p131247237em05_seed16_full_bs64_step20k__eval_metrics.jsonl
outputs/int4_lowbitL_hstar_dense_sparse_20260522_20260522_223513/int4_hsearch/dense_lowbitL_hstar/int4_dense_lowbitL_sst2_hstar_h0p0006214786935_seed16_full_bs64_step20k/run_summary.json,raw_run_summaries/outputs__int4_lowbitL_hstar_dense_sparse_20260522_20260522_223513__int4_hsearch__dense_lowbitL_hstar__int4_dense_lowbitL_sst2_hstar_h0p0006214786935_seed16_full_bs64_step20k__run_summary.json
outputs/int4_lowbitL_hstar_dense_sparse_20260522_20260522_223513/int4_hsearch/dense_lowbitL_hstar/int4_dense_lowbitL_sst2_hstar_h0p0006214786935_seed16_full_bs64_step20k/run_config.json,raw_run_summaries/outputs__int4_lowbitL_hstar_dense_sparse_20260522_20260522_223513__int4_hsearch__dense_lowbitL_hstar__int4_dense_lowbitL_sst2_hstar_h0p0006214786935_seed16_full_bs64_step20k__run_config.json
outputs/int4_lowbitL_hstar_dense_sparse_20260522_20260522_223513/int4_hsearch/dense_lowbitL_hstar/int4_dense_lowbitL_sst2_hstar_h0p0006214786935_seed16_full_bs64_step20k/run_manifest_row.json,raw_run_summaries/outputs__int4_lowbitL_hstar_dense_sparse_20260522_20260522_223513__int4_hsearch__dense_lowbitL_hstar__int4_dense_lowbitL_sst2_hstar_h0p0006214786935_seed16_full_bs64_step20k__run_manifest_row.json
outputs/int4_lowbitL_hstar_dense_sparse_20260522_20260522_223513/int4_hsearch/dense_lowbitL_hstar/int4_dense_lowbitL_sst2_hstar_h0p0006214786935_seed16_full_bs64_step20k/metrics.csv,raw_run_summaries/outputs__int4_lowbitL_hstar_dense_sparse_20260522_20260522_223513__int4_hsearch__dense_lowbitL_hstar__int4_dense_lowbitL_sst2_hstar_h0p0006214786935_seed16_full_bs64_step20k__metrics.csv
outputs/int4_lowbitL_hstar_dense_sparse_20260522_20260522_223513/int4_hsearch/dense_lowbitL_hstar/int4_dense_lowbitL_sst2_hstar_h0p0006214786935_seed16_full_bs64_step20k/eval_metrics.jsonl,raw_run_summaries/outputs__int4_lowbitL_hstar_dense_sparse_20260522_20260522_223513__int4_hsearch__dense_lowbitL_hstar__int4_dense_lowbitL_sst2_hstar_h0p0006214786935_seed16_full_bs64_step20k__eval_metrics.jsonl
outputs/int4_lowbitL_hstar_dense_sparse_20260522_20260522_223513/int4_hsearch/dense_lowbitL_hstar/int4_dense_lowbitL_sst5_hstar_h0p0006145433385_seed16_full_bs64_step20k/run_summary.json,raw_run_summaries/outputs__int4_lowbitL_hstar_dense_sparse_20260522_20260522_223513__int4_hsearch__dense_lowbitL_hstar__int4_dense_lowbitL_sst5_hstar_h0p0006145433385_seed16_full_bs64_step20k__run_summary.json
outputs/int4_lowbitL_hstar_dense_sparse_20260522_20260522_223513/int4_hsearch/dense_lowbitL_hstar/int4_dense_lowbitL_sst5_hstar_h0p0006145433385_seed16_full_bs64_step20k/run_config.json,raw_run_summaries/outputs__int4_lowbitL_hstar_dense_sparse_20260522_20260522_223513__int4_hsearch__dense_lowbitL_hstar__int4_dense_lowbitL_sst5_hstar_h0p0006145433385_seed16_full_bs64_step20k__run_config.json
outputs/int4_lowbitL_hstar_dense_sparse_20260522_20260522_223513/int4_hsearch/dense_lowbitL_hstar/int4_dense_lowbitL_sst5_hstar_h0p0006145433385_seed16_full_bs64_step20k/run_manifest_row.json,raw_run_summaries/outputs__int4_lowbitL_hstar_dense_sparse_20260522_20260522_223513__int4_hsearch__dense_lowbitL_hstar__int4_dense_lowbitL_sst5_hstar_h0p0006145433385_seed16_full_bs64_step20k__run_manifest_row.json
outputs/int4_lowbitL_hstar_dense_sparse_20260522_20260522_223513/int4_hsearch/dense_lowbitL_hstar/int4_dense_lowbitL_sst5_hstar_h0p0006145433385_seed16_full_bs64_step20k/metrics.csv,raw_run_summaries/outputs__int4_lowbitL_hstar_dense_sparse_20260522_20260522_223513__int4_hsearch__dense_lowbitL_hstar__int4_dense_lowbitL_sst5_hstar_h0p0006145433385_seed16_full_bs64_step20k__metrics.csv
outputs/int4_lowbitL_hstar_dense_sparse_20260522_20260522_223513/int4_hsearch/dense_lowbitL_hstar/int4_dense_lowbitL_sst5_hstar_h0p0006145433385_seed16_full_bs64_step20k/eval_metrics.jsonl,raw_run_summaries/outputs__int4_lowbitL_hstar_dense_sparse_20260522_20260522_223513__int4_hsearch__dense_lowbitL_hstar__int4_dense_lowbitL_sst5_hstar_h0p0006145433385_seed16_full_bs64_step20k__eval_metrics.jsonl
outputs/int4_lowbitL_hstar_dense_sparse_20260522_20260522_223513/int4_hsearch/dense_lowbitL_hstar/int4_dense_lowbitL_trec_hstar_h0p001624253265_seed16_full_bs64_step20k/run_summary.json,raw_run_summaries/outputs__int4_lowbitL_hstar_dense_sparse_20260522_20260522_223513__int4_hsearch__dense_lowbitL_hstar__int4_dense_lowbitL_trec_hstar_h0p001624253265_seed16_full_bs64_step20k__run_summary.json
outputs/int4_lowbitL_hstar_dense_sparse_20260522_20260522_223513/int4_hsearch/dense_lowbitL_hstar/int4_dense_lowbitL_trec_hstar_h0p001624253265_seed16_full_bs64_step20k/run_config.json,raw_run_summaries/outputs__int4_lowbitL_hstar_dense_sparse_20260522_20260522_223513__int4_hsearch__dense_lowbitL_hstar__int4_dense_lowbitL_trec_hstar_h0p001624253265_seed16_full_bs64_step20k__run_config.json
outputs/int4_lowbitL_hstar_dense_sparse_20260522_20260522_223513/int4_hsearch/dense_lowbitL_hstar/int4_dense_lowbitL_trec_hstar_h0p001624253265_seed16_full_bs64_step20k/run_manifest_row.json,raw_run_summaries/outputs__int4_lowbitL_hstar_dense_sparse_20260522_20260522_223513__int4_hsearch__dense_lowbitL_hstar__int4_dense_lowbitL_trec_hstar_h0p001624253265_seed16_full_bs64_step20k__run_manifest_row.json
outputs/int4_lowbitL_hstar_dense_sparse_20260522_20260522_223513/int4_hsearch/dense_lowbitL_hstar/int4_dense_lowbitL_trec_hstar_h0p001624253265_seed16_full_bs64_step20k/metrics.csv,raw_run_summaries/outputs__int4_lowbitL_hstar_dense_sparse_20260522_20260522_223513__int4_hsearch__dense_lowbitL_hstar__int4_dense_lowbitL_trec_hstar_h0p001624253265_seed16_full_bs64_step20k__metrics.csv
outputs/int4_lowbitL_hstar_dense_sparse_20260522_20260522_223513/int4_hsearch/dense_lowbitL_hstar/int4_dense_lowbitL_trec_hstar_h0p001624253265_seed16_full_bs64_step20k/eval_metrics.jsonl,raw_run_summaries/outputs__int4_lowbitL_hstar_dense_sparse_20260522_20260522_223513__int4_hsearch__dense_lowbitL_hstar__int4_dense_lowbitL_trec_hstar_h0p001624253265_seed16_full_bs64_step20k__eval_metrics.jsonl
outputs/int4_lowbitL_hstar_dense_sparse_20260522_20260522_223513/int4_hsearch/sparse_p0p1_taskgrad_lowbitL_hstar/int4_sparsep0p1_taskgrad_lowbitL_mnli_hstar_h0p0004373247313_seed16_full_bs64_step20k/run_summary.json,raw_run_summaries/outputs__int4_lowbitL_hstar_dense_sparse_20260522_20260522_223513__int4_hsearch__sparse_p0p1_taskgrad_lowbitL_hstar__int4_sparsep0p1_taskgrad_lowbitL_mnli_hstar_h0p0004373247313_seed16_full_bs64_step20k__run_summary.json
outputs/int4_lowbitL_hstar_dense_sparse_20260522_20260522_223513/int4_hsearch/sparse_p0p1_taskgrad_lowbitL_hstar/int4_sparsep0p1_taskgrad_lowbitL_mnli_hstar_h0p0004373247313_seed16_full_bs64_step20k/run_config.json,raw_run_summaries/outputs__int4_lowbitL_hstar_dense_sparse_20260522_20260522_223513__int4_hsearch__sparse_p0p1_taskgrad_lowbitL_hstar__int4_sparsep0p1_taskgrad_lowbitL_mnli_hstar_h0p0004373247313_seed16_full_bs64_step20k__run_config.json
outputs/int4_lowbitL_hstar_dense_sparse_20260522_20260522_223513/int4_hsearch/sparse_p0p1_taskgrad_lowbitL_hstar/int4_sparsep0p1_taskgrad_lowbitL_mnli_hstar_h0p0004373247313_seed16_full_bs64_step20k/run_manifest_row.json,raw_run_summaries/outputs__int4_lowbitL_hstar_dense_sparse_20260522_20260522_223513__int4_hsearch__sparse_p0p1_taskgrad_lowbitL_hstar__int4_sparsep0p1_taskgrad_lowbitL_mnli_hstar_h0p0004373247313_seed16_full_bs64_step20k__run_manifest_row.json
outputs/int4_lowbitL_hstar_dense_sparse_20260522_20260522_223513/int4_hsearch/sparse_p0p1_taskgrad_lowbitL_hstar/int4_sparsep0p1_taskgrad_lowbitL_mnli_hstar_h0p0004373247313_seed16_full_bs64_step20k/metrics.csv,raw_run_summaries/outputs__int4_lowbitL_hstar_dense_sparse_20260522_20260522_223513__int4_hsearch__sparse_p0p1_taskgrad_lowbitL_hstar__int4_sparsep0p1_taskgrad_lowbitL_mnli_hstar_h0p0004373247313_seed16_full_bs64_step20k__metrics.csv
outputs/int4_lowbitL_hstar_dense_sparse_20260522_20260522_223513/int4_hsearch/sparse_p0p1_taskgrad_lowbitL_hstar/int4_sparsep0p1_taskgrad_lowbitL_mnli_hstar_h0p0004373247313_seed16_full_bs64_step20k/eval_metrics.jsonl,raw_run_summaries/outputs__int4_lowbitL_hstar_dense_sparse_20260522_20260522_223513__int4_hsearch__sparse_p0p1_taskgrad_lowbitL_hstar__int4_sparsep0p1_taskgrad_lowbitL_mnli_hstar_h0p0004373247313_seed16_full_bs64_step20k__eval_metrics.jsonl
outputs/int4_lowbitL_hstar_dense_sparse_20260522_20260522_223513/int4_hsearch/sparse_p0p1_taskgrad_lowbitL_hstar/int4_sparsep0p1_taskgrad_lowbitL_rte_hstar_h0p0003591546782_seed16_full_bs64_step20k/run_summary.json,raw_run_summaries/outputs__int4_lowbitL_hstar_dense_sparse_20260522_20260522_223513__int4_hsearch__sparse_p0p1_taskgrad_lowbitL_hstar__int4_sparsep0p1_taskgrad_lowbitL_rte_hstar_h0p0003591546782_seed16_full_bs64_step20k__run_summary.json
outputs/int4_lowbitL_hstar_dense_sparse_20260522_20260522_223513/int4_hsearch/sparse_p0p1_taskgrad_lowbitL_hstar/int4_sparsep0p1_taskgrad_lowbitL_rte_hstar_h0p0003591546782_seed16_full_bs64_step20k/run_config.json,raw_run_summaries/outputs__int4_lowbitL_hstar_dense_sparse_20260522_20260522_223513__int4_hsearch__sparse_p0p1_taskgrad_lowbitL_hstar__int4_sparsep0p1_taskgrad_lowbitL_rte_hstar_h0p0003591546782_seed16_full_bs64_step20k__run_config.json
outputs/int4_lowbitL_hstar_dense_sparse_20260522_20260522_223513/int4_hsearch/sparse_p0p1_taskgrad_lowbitL_hstar/int4_sparsep0p1_taskgrad_lowbitL_rte_hstar_h0p0003591546782_seed16_full_bs64_step20k/run_manifest_row.json,raw_run_summaries/outputs__int4_lowbitL_hstar_dense_sparse_20260522_20260522_223513__int4_hsearch__sparse_p0p1_taskgrad_lowbitL_hstar__int4_sparsep0p1_taskgrad_lowbitL_rte_hstar_h0p0003591546782_seed16_full_bs64_step20k__run_manifest_row.json
outputs/int4_lowbitL_hstar_dense_sparse_20260522_20260522_223513/int4_hsearch/sparse_p0p1_taskgrad_lowbitL_hstar/int4_sparsep0p1_taskgrad_lowbitL_rte_hstar_h0p0003591546782_seed16_full_bs64_step20k/metrics.csv,raw_run_summaries/outputs__int4_lowbitL_hstar_dense_sparse_20260522_20260522_223513__int4_hsearch__sparse_p0p1_taskgrad_lowbitL_hstar__int4_sparsep0p1_taskgrad_lowbitL_rte_hstar_h0p0003591546782_seed16_full_bs64_step20k__metrics.csv
outputs/int4_lowbitL_hstar_dense_sparse_20260522_20260522_223513/int4_hsearch/sparse_p0p1_taskgrad_lowbitL_hstar/int4_sparsep0p1_taskgrad_lowbitL_rte_hstar_h0p0003591546782_seed16_full_bs64_step20k/eval_metrics.jsonl,raw_run_summaries/outputs__int4_lowbitL_hstar_dense_sparse_20260522_20260522_223513__int4_hsearch__sparse_p0p1_taskgrad_lowbitL_hstar__int4_sparsep0p1_taskgrad_lowbitL_rte_hstar_h0p0003591546782_seed16_full_bs64_step20k__eval_metrics.jsonl
outputs/int4_lowbitL_hstar_dense_sparse_20260522_20260522_223513/int4_hsearch/sparse_p0p1_taskgrad_lowbitL_hstar/int4_sparsep0p1_taskgrad_lowbitL_sst2_hstar_h0p001044005747_seed16_full_bs64_step20k/run_summary.json,raw_run_summaries/outputs__int4_lowbitL_hstar_dense_sparse_20260522_20260522_223513__int4_hsearch__sparse_p0p1_taskgrad_lowbitL_hstar__int4_sparsep0p1_taskgrad_lowbitL_sst2_hstar_h0p001044005747_seed16_full_bs64_step20k__run_summary.json
outputs/int4_lowbitL_hstar_dense_sparse_20260522_20260522_223513/int4_hsearch/sparse_p0p1_taskgrad_lowbitL_hstar/int4_sparsep0p1_taskgrad_lowbitL_sst2_hstar_h0p001044005747_seed16_full_bs64_step20k/run_config.json,raw_run_summaries/outputs__int4_lowbitL_hstar_dense_sparse_20260522_20260522_223513__int4_hsearch__sparse_p0p1_taskgrad_lowbitL_hstar__int4_sparsep0p1_taskgrad_lowbitL_sst2_hstar_h0p001044005747_seed16_full_bs64_step20k__run_config.json
outputs/int4_lowbitL_hstar_dense_sparse_20260522_20260522_223513/int4_hsearch/sparse_p0p1_taskgrad_lowbitL_hstar/int4_sparsep0p1_taskgrad_lowbitL_sst2_hstar_h0p001044005747_seed16_full_bs64_step20k/run_manifest_row.json,raw_run_summaries/outputs__int4_lowbitL_hstar_dense_sparse_20260522_20260522_223513__int4_hsearch__sparse_p0p1_taskgrad_lowbitL_hstar__int4_sparsep0p1_taskgrad_lowbitL_sst2_hstar_h0p001044005747_seed16_full_bs64_step20k__run_manifest_row.json
outputs/int4_lowbitL_hstar_dense_sparse_20260522_20260522_223513/int4_hsearch/sparse_p0p1_taskgrad_lowbitL_hstar/int4_sparsep0p1_taskgrad_lowbitL_sst2_hstar_h0p001044005747_seed16_full_bs64_step20k/metrics.csv,raw_run_summaries/outputs__int4_lowbitL_hstar_dense_sparse_20260522_20260522_223513__int4_hsearch__sparse_p0p1_taskgrad_lowbitL_hstar__int4_sparsep0p1_taskgrad_lowbitL_sst2_hstar_h0p001044005747_seed16_full_bs64_step20k__metrics.csv
outputs/int4_lowbitL_hstar_dense_sparse_20260522_20260522_223513/int4_hsearch/sparse_p0p1_taskgrad_lowbitL_hstar/int4_sparsep0p1_taskgrad_lowbitL_sst2_hstar_h0p001044005747_seed16_full_bs64_step20k/eval_metrics.jsonl,raw_run_summaries/outputs__int4_lowbitL_hstar_dense_sparse_20260522_20260522_223513__int4_hsearch__sparse_p0p1_taskgrad_lowbitL_hstar__int4_sparsep0p1_taskgrad_lowbitL_sst2_hstar_h0p001044005747_seed16_full_bs64_step20k__eval_metrics.jsonl
outputs/int4_lowbitL_hstar_dense_sparse_20260522_20260522_223513/int4_hsearch/sparse_p0p1_taskgrad_lowbitL_hstar/int4_sparsep0p1_taskgrad_lowbitL_sst5_hstar_h0p00136650442_seed16_full_bs64_step20k/run_summary.json,raw_run_summaries/outputs__int4_lowbitL_hstar_dense_sparse_20260522_20260522_223513__int4_hsearch__sparse_p0p1_taskgrad_lowbitL_hstar__int4_sparsep0p1_taskgrad_lowbitL_sst5_hstar_h0p00136650442_seed16_full_bs64_step20k__run_summary.json
outputs/int4_lowbitL_hstar_dense_sparse_20260522_20260522_223513/int4_hsearch/sparse_p0p1_taskgrad_lowbitL_hstar/int4_sparsep0p1_taskgrad_lowbitL_sst5_hstar_h0p00136650442_seed16_full_bs64_step20k/run_config.json,raw_run_summaries/outputs__int4_lowbitL_hstar_dense_sparse_20260522_20260522_223513__int4_hsearch__sparse_p0p1_taskgrad_lowbitL_hstar__int4_sparsep0p1_taskgrad_lowbitL_sst5_hstar_h0p00136650442_seed16_full_bs64_step20k__run_config.json
outputs/int4_lowbitL_hstar_dense_sparse_20260522_20260522_223513/int4_hsearch/sparse_p0p1_taskgrad_lowbitL_hstar/int4_sparsep0p1_taskgrad_lowbitL_sst5_hstar_h0p00136650442_seed16_full_bs64_step20k/run_manifest_row.json,raw_run_summaries/outputs__int4_lowbitL_hstar_dense_sparse_20260522_20260522_223513__int4_hsearch__sparse_p0p1_taskgrad_lowbitL_hstar__int4_sparsep0p1_taskgrad_lowbitL_sst5_hstar_h0p00136650442_seed16_full_bs64_step20k__run_manifest_row.json
outputs/int4_lowbitL_hstar_dense_sparse_20260522_20260522_223513/int4_hsearch/sparse_p0p1_taskgrad_lowbitL_hstar/int4_sparsep0p1_taskgrad_lowbitL_sst5_hstar_h0p00136650442_seed16_full_bs64_step20k/metrics.csv,raw_run_summaries/outputs__int4_lowbitL_hstar_dense_sparse_20260522_20260522_223513__int4_hsearch__sparse_p0p1_taskgrad_lowbitL_hstar__int4_sparsep0p1_taskgrad_lowbitL_sst5_hstar_h0p00136650442_seed16_full_bs64_step20k__metrics.csv
outputs/int4_lowbitL_hstar_dense_sparse_20260522_20260522_223513/int4_hsearch/sparse_p0p1_taskgrad_lowbitL_hstar/int4_sparsep0p1_taskgrad_lowbitL_sst5_hstar_h0p00136650442_seed16_full_bs64_step20k/eval_metrics.jsonl,raw_run_summaries/outputs__int4_lowbitL_hstar_dense_sparse_20260522_20260522_223513__int4_hsearch__sparse_p0p1_taskgrad_lowbitL_hstar__int4_sparsep0p1_taskgrad_lowbitL_sst5_hstar_h0p00136650442_seed16_full_bs64_step20k__eval_metrics.jsonl
outputs/int4_lowbitL_hstar_dense_sparse_20260522_20260522_223513/int4_hsearch/sparse_p0p1_taskgrad_lowbitL_hstar/int4_sparsep0p1_taskgrad_lowbitL_trec_hstar_h0p0006825578664_seed16_full_bs64_step20k/run_summary.json,raw_run_summaries/outputs__int4_lowbitL_hstar_dense_sparse_20260522_20260522_223513__int4_hsearch__sparse_p0p1_taskgrad_lowbitL_hstar__int4_sparsep0p1_taskgrad_lowbitL_trec_hstar_h0p0006825578664_seed16_full_bs64_step20k__run_summary.json
outputs/int4_lowbitL_hstar_dense_sparse_20260522_20260522_223513/int4_hsearch/sparse_p0p1_taskgrad_lowbitL_hstar/int4_sparsep0p1_taskgrad_lowbitL_trec_hstar_h0p0006825578664_seed16_full_bs64_step20k/run_config.json,raw_run_summaries/outputs__int4_lowbitL_hstar_dense_sparse_20260522_20260522_223513__int4_hsearch__sparse_p0p1_taskgrad_lowbitL_hstar__int4_sparsep0p1_taskgrad_lowbitL_trec_hstar_h0p0006825578664_seed16_full_bs64_step20k__run_config.json
outputs/int4_lowbitL_hstar_dense_sparse_20260522_20260522_223513/int4_hsearch/sparse_p0p1_taskgrad_lowbitL_hstar/int4_sparsep0p1_taskgrad_lowbitL_trec_hstar_h0p0006825578664_seed16_full_bs64_step20k/run_manifest_row.json,raw_run_summaries/outputs__int4_lowbitL_hstar_dense_sparse_20260522_20260522_223513__int4_hsearch__sparse_p0p1_taskgrad_lowbitL_hstar__int4_sparsep0p1_taskgrad_lowbitL_trec_hstar_h0p0006825578664_seed16_full_bs64_step20k__run_manifest_row.json
outputs/int4_lowbitL_hstar_dense_sparse_20260522_20260522_223513/int4_hsearch/sparse_p0p1_taskgrad_lowbitL_hstar/int4_sparsep0p1_taskgrad_lowbitL_trec_hstar_h0p0006825578664_seed16_full_bs64_step20k/metrics.csv,raw_run_summaries/outputs__int4_lowbitL_hstar_dense_sparse_20260522_20260522_223513__int4_hsearch__sparse_p0p1_taskgrad_lowbitL_hstar__int4_sparsep0p1_taskgrad_lowbitL_trec_hstar_h0p0006825578664_seed16_full_bs64_step20k__metrics.csv
outputs/int4_lowbitL_hstar_dense_sparse_20260522_20260522_223513/int4_hsearch/sparse_p0p1_taskgrad_lowbitL_hstar/int4_sparsep0p1_taskgrad_lowbitL_trec_hstar_h0p0006825578664_seed16_full_bs64_step20k/eval_metrics.jsonl,raw_run_summaries/outputs__int4_lowbitL_hstar_dense_sparse_20260522_20260522_223513__int4_hsearch__sparse_p0p1_taskgrad_lowbitL_hstar__int4_sparsep0p1_taskgrad_lowbitL_trec_hstar_h0p0006825578664_seed16_full_bs64_step20k__eval_metrics.jsonl
outputs/int4_sparse_prefix_seedfixed_int4fd_20k_20260523_171841/int4_hsearch/prefix_quantized/fixed_small/int4_prefix_quantized_seedfixed_mnli_fixed_small_h1e-5_seed16_full_bs64_step20k/run_summary.json,raw_run_summaries/outputs__int4_sparse_prefix_seedfixed_int4fd_20k_20260523_171841__int4_hsearch__prefix_quantized__fixed_small__int4_prefix_quantized_seedfixed_mnli_fixed_small_h1e-5_seed16_full_bs64_step20k__run_summary.json
outputs/int4_sparse_prefix_seedfixed_int4fd_20k_20260523_171841/int4_hsearch/prefix_quantized/fixed_small/int4_prefix_quantized_seedfixed_mnli_fixed_small_h1e-5_seed16_full_bs64_step20k/run_config.json,raw_run_summaries/outputs__int4_sparse_prefix_seedfixed_int4fd_20k_20260523_171841__int4_hsearch__prefix_quantized__fixed_small__int4_prefix_quantized_seedfixed_mnli_fixed_small_h1e-5_seed16_full_bs64_step20k__run_config.json
outputs/int4_sparse_prefix_seedfixed_int4fd_20k_20260523_171841/int4_hsearch/prefix_quantized/fixed_small/int4_prefix_quantized_seedfixed_mnli_fixed_small_h1e-5_seed16_full_bs64_step20k/run_manifest_row.json,raw_run_summaries/outputs__int4_sparse_prefix_seedfixed_int4fd_20k_20260523_171841__int4_hsearch__prefix_quantized__fixed_small__int4_prefix_quantized_seedfixed_mnli_fixed_small_h1e-5_seed16_full_bs64_step20k__run_manifest_row.json
outputs/int4_sparse_prefix_seedfixed_int4fd_20k_20260523_171841/int4_hsearch/prefix_quantized/fixed_small/int4_prefix_quantized_seedfixed_mnli_fixed_small_h1e-5_seed16_full_bs64_step20k/metrics.csv,raw_run_summaries/outputs__int4_sparse_prefix_seedfixed_int4fd_20k_20260523_171841__int4_hsearch__prefix_quantized__fixed_small__int4_prefix_quantized_seedfixed_mnli_fixed_small_h1e-5_seed16_full_bs64_step20k__metrics.csv
outputs/int4_sparse_prefix_seedfixed_int4fd_20k_20260523_171841/int4_hsearch/prefix_quantized/fixed_small/int4_prefix_quantized_seedfixed_mnli_fixed_small_h1e-5_seed16_full_bs64_step20k/eval_metrics.jsonl,raw_run_summaries/outputs__int4_sparse_prefix_seedfixed_int4fd_20k_20260523_171841__int4_hsearch__prefix_quantized__fixed_small__int4_prefix_quantized_seedfixed_mnli_fixed_small_h1e-5_seed16_full_bs64_step20k__eval_metrics.jsonl
outputs/int4_sparse_prefix_seedfixed_int4fd_20k_20260523_171841/int4_hsearch/prefix_quantized/fixed_small/int4_prefix_quantized_seedfixed_rte_fixed_small_h1e-5_seed16_full_bs64_step20k/run_summary.json,raw_run_summaries/outputs__int4_sparse_prefix_seedfixed_int4fd_20k_20260523_171841__int4_hsearch__prefix_quantized__fixed_small__int4_prefix_quantized_seedfixed_rte_fixed_small_h1e-5_seed16_full_bs64_step20k__run_summary.json
outputs/int4_sparse_prefix_seedfixed_int4fd_20k_20260523_171841/int4_hsearch/prefix_quantized/fixed_small/int4_prefix_quantized_seedfixed_rte_fixed_small_h1e-5_seed16_full_bs64_step20k/run_config.json,raw_run_summaries/outputs__int4_sparse_prefix_seedfixed_int4fd_20k_20260523_171841__int4_hsearch__prefix_quantized__fixed_small__int4_prefix_quantized_seedfixed_rte_fixed_small_h1e-5_seed16_full_bs64_step20k__run_config.json
outputs/int4_sparse_prefix_seedfixed_int4fd_20k_20260523_171841/int4_hsearch/prefix_quantized/fixed_small/int4_prefix_quantized_seedfixed_rte_fixed_small_h1e-5_seed16_full_bs64_step20k/run_manifest_row.json,raw_run_summaries/outputs__int4_sparse_prefix_seedfixed_int4fd_20k_20260523_171841__int4_hsearch__prefix_quantized__fixed_small__int4_prefix_quantized_seedfixed_rte_fixed_small_h1e-5_seed16_full_bs64_step20k__run_manifest_row.json
outputs/int4_sparse_prefix_seedfixed_int4fd_20k_20260523_171841/int4_hsearch/prefix_quantized/fixed_small/int4_prefix_quantized_seedfixed_rte_fixed_small_h1e-5_seed16_full_bs64_step20k/metrics.csv,raw_run_summaries/outputs__int4_sparse_prefix_seedfixed_int4fd_20k_20260523_171841__int4_hsearch__prefix_quantized__fixed_small__int4_prefix_quantized_seedfixed_rte_fixed_small_h1e-5_seed16_full_bs64_step20k__metrics.csv
outputs/int4_sparse_prefix_seedfixed_int4fd_20k_20260523_171841/int4_hsearch/prefix_quantized/fixed_small/int4_prefix_quantized_seedfixed_rte_fixed_small_h1e-5_seed16_full_bs64_step20k/eval_metrics.jsonl,raw_run_summaries/outputs__int4_sparse_prefix_seedfixed_int4fd_20k_20260523_171841__int4_hsearch__prefix_quantized__fixed_small__int4_prefix_quantized_seedfixed_rte_fixed_small_h1e-5_seed16_full_bs64_step20k__eval_metrics.jsonl
outputs/int4_sparse_prefix_seedfixed_int4fd_20k_20260523_171841/int4_hsearch/prefix_quantized/fixed_small/int4_prefix_quantized_seedfixed_sst2_fixed_small_h1e-5_seed16_full_bs64_step20k/run_summary.json,raw_run_summaries/outputs__int4_sparse_prefix_seedfixed_int4fd_20k_20260523_171841__int4_hsearch__prefix_quantized__fixed_small__int4_prefix_quantized_seedfixed_sst2_fixed_small_h1e-5_seed16_full_bs64_step20k__run_summary.json
outputs/int4_sparse_prefix_seedfixed_int4fd_20k_20260523_171841/int4_hsearch/prefix_quantized/fixed_small/int4_prefix_quantized_seedfixed_sst2_fixed_small_h1e-5_seed16_full_bs64_step20k/run_config.json,raw_run_summaries/outputs__int4_sparse_prefix_seedfixed_int4fd_20k_20260523_171841__int4_hsearch__prefix_quantized__fixed_small__int4_prefix_quantized_seedfixed_sst2_fixed_small_h1e-5_seed16_full_bs64_step20k__run_config.json
outputs/int4_sparse_prefix_seedfixed_int4fd_20k_20260523_171841/int4_hsearch/prefix_quantized/fixed_small/int4_prefix_quantized_seedfixed_sst2_fixed_small_h1e-5_seed16_full_bs64_step20k/run_manifest_row.json,raw_run_summaries/outputs__int4_sparse_prefix_seedfixed_int4fd_20k_20260523_171841__int4_hsearch__prefix_quantized__fixed_small__int4_prefix_quantized_seedfixed_sst2_fixed_small_h1e-5_seed16_full_bs64_step20k__run_manifest_row.json
outputs/int4_sparse_prefix_seedfixed_int4fd_20k_20260523_171841/int4_hsearch/prefix_quantized/fixed_small/int4_prefix_quantized_seedfixed_sst2_fixed_small_h1e-5_seed16_full_bs64_step20k/metrics.csv,raw_run_summaries/outputs__int4_sparse_prefix_seedfixed_int4fd_20k_20260523_171841__int4_hsearch__prefix_quantized__fixed_small__int4_prefix_quantized_seedfixed_sst2_fixed_small_h1e-5_seed16_full_bs64_step20k__metrics.csv
outputs/int4_sparse_prefix_seedfixed_int4fd_20k_20260523_171841/int4_hsearch/prefix_quantized/fixed_small/int4_prefix_quantized_seedfixed_sst2_fixed_small_h1e-5_seed16_full_bs64_step20k/eval_metrics.jsonl,raw_run_summaries/outputs__int4_sparse_prefix_seedfixed_int4fd_20k_20260523_171841__int4_hsearch__prefix_quantized__fixed_small__int4_prefix_quantized_seedfixed_sst2_fixed_small_h1e-5_seed16_full_bs64_step20k__eval_metrics.jsonl
outputs/int4_sparse_prefix_seedfixed_int4fd_20k_20260523_171841/int4_hsearch/prefix_quantized/fixed_small/int4_prefix_quantized_seedfixed_sst5_fixed_small_h1e-5_seed16_full_bs64_step20k/run_summary.json,raw_run_summaries/outputs__int4_sparse_prefix_seedfixed_int4fd_20k_20260523_171841__int4_hsearch__prefix_quantized__fixed_small__int4_prefix_quantized_seedfixed_sst5_fixed_small_h1e-5_seed16_full_bs64_step20k__run_summary.json
outputs/int4_sparse_prefix_seedfixed_int4fd_20k_20260523_171841/int4_hsearch/prefix_quantized/fixed_small/int4_prefix_quantized_seedfixed_sst5_fixed_small_h1e-5_seed16_full_bs64_step20k/run_config.json,raw_run_summaries/outputs__int4_sparse_prefix_seedfixed_int4fd_20k_20260523_171841__int4_hsearch__prefix_quantized__fixed_small__int4_prefix_quantized_seedfixed_sst5_fixed_small_h1e-5_seed16_full_bs64_step20k__run_config.json
outputs/int4_sparse_prefix_seedfixed_int4fd_20k_20260523_171841/int4_hsearch/prefix_quantized/fixed_small/int4_prefix_quantized_seedfixed_sst5_fixed_small_h1e-5_seed16_full_bs64_step20k/run_manifest_row.json,raw_run_summaries/outputs__int4_sparse_prefix_seedfixed_int4fd_20k_20260523_171841__int4_hsearch__prefix_quantized__fixed_small__int4_prefix_quantized_seedfixed_sst5_fixed_small_h1e-5_seed16_full_bs64_step20k__run_manifest_row.json
outputs/int4_sparse_prefix_seedfixed_int4fd_20k_20260523_171841/int4_hsearch/prefix_quantized/fixed_small/int4_prefix_quantized_seedfixed_sst5_fixed_small_h1e-5_seed16_full_bs64_step20k/metrics.csv,raw_run_summaries/outputs__int4_sparse_prefix_seedfixed_int4fd_20k_20260523_171841__int4_hsearch__prefix_quantized__fixed_small__int4_prefix_quantized_seedfixed_sst5_fixed_small_h1e-5_seed16_full_bs64_step20k__metrics.csv
outputs/int4_sparse_prefix_seedfixed_int4fd_20k_20260523_171841/int4_hsearch/prefix_quantized/fixed_small/int4_prefix_quantized_seedfixed_sst5_fixed_small_h1e-5_seed16_full_bs64_step20k/eval_metrics.jsonl,raw_run_summaries/outputs__int4_sparse_prefix_seedfixed_int4fd_20k_20260523_171841__int4_hsearch__prefix_quantized__fixed_small__int4_prefix_quantized_seedfixed_sst5_fixed_small_h1e-5_seed16_full_bs64_step20k__eval_metrics.jsonl
outputs/int4_sparse_prefix_seedfixed_int4fd_20k_20260523_171841/int4_hsearch/prefix_quantized/fixed_small/int4_prefix_quantized_seedfixed_trec_fixed_small_h1e-5_seed16_full_bs64_step20k/run_summary.json,raw_run_summaries/outputs__int4_sparse_prefix_seedfixed_int4fd_20k_20260523_171841__int4_hsearch__prefix_quantized__fixed_small__int4_prefix_quantized_seedfixed_trec_fixed_small_h1e-5_seed16_full_bs64_step20k__run_summary.json
outputs/int4_sparse_prefix_seedfixed_int4fd_20k_20260523_171841/int4_hsearch/prefix_quantized/fixed_small/int4_prefix_quantized_seedfixed_trec_fixed_small_h1e-5_seed16_full_bs64_step20k/run_config.json,raw_run_summaries/outputs__int4_sparse_prefix_seedfixed_int4fd_20k_20260523_171841__int4_hsearch__prefix_quantized__fixed_small__int4_prefix_quantized_seedfixed_trec_fixed_small_h1e-5_seed16_full_bs64_step20k__run_config.json
outputs/int4_sparse_prefix_seedfixed_int4fd_20k_20260523_171841/int4_hsearch/prefix_quantized/fixed_small/int4_prefix_quantized_seedfixed_trec_fixed_small_h1e-5_seed16_full_bs64_step20k/run_manifest_row.json,raw_run_summaries/outputs__int4_sparse_prefix_seedfixed_int4fd_20k_20260523_171841__int4_hsearch__prefix_quantized__fixed_small__int4_prefix_quantized_seedfixed_trec_fixed_small_h1e-5_seed16_full_bs64_step20k__run_manifest_row.json
outputs/int4_sparse_prefix_seedfixed_int4fd_20k_20260523_171841/int4_hsearch/prefix_quantized/fixed_small/int4_prefix_quantized_seedfixed_trec_fixed_small_h1e-5_seed16_full_bs64_step20k/metrics.csv,raw_run_summaries/outputs__int4_sparse_prefix_seedfixed_int4fd_20k_20260523_171841__int4_hsearch__prefix_quantized__fixed_small__int4_prefix_quantized_seedfixed_trec_fixed_small_h1e-5_seed16_full_bs64_step20k__metrics.csv
outputs/int4_sparse_prefix_seedfixed_int4fd_20k_20260523_171841/int4_hsearch/prefix_quantized/fixed_small/int4_prefix_quantized_seedfixed_trec_fixed_small_h1e-5_seed16_full_bs64_step20k/eval_metrics.jsonl,raw_run_summaries/outputs__int4_sparse_prefix_seedfixed_int4fd_20k_20260523_171841__int4_hsearch__prefix_quantized__fixed_small__int4_prefix_quantized_seedfixed_trec_fixed_small_h1e-5_seed16_full_bs64_step20k__eval_metrics.jsonl
outputs/int4_sparse_prefix_seedfixed_int4fd_20k_20260523_171841/int4_hsearch/prefix_quantized/hstar_cleanGL/int4_prefix_quantized_seedfixed_mnli_hstar_cleanGL_h0p105986538543_seed16_full_bs64_step20k/run_summary.json,raw_run_summaries/outputs__int4_sparse_prefix_seedfixed_int4fd_20k_20260523_171841__int4_hsearch__prefix_quantized__hstar_cleanGL__int4_prefix_quantized_seedfixed_mnli_hstar_cleanGL_h0p105986538543_seed16_full_bs64_step20k__run_summary.json
outputs/int4_sparse_prefix_seedfixed_int4fd_20k_20260523_171841/int4_hsearch/prefix_quantized/hstar_cleanGL/int4_prefix_quantized_seedfixed_mnli_hstar_cleanGL_h0p105986538543_seed16_full_bs64_step20k/run_config.json,raw_run_summaries/outputs__int4_sparse_prefix_seedfixed_int4fd_20k_20260523_171841__int4_hsearch__prefix_quantized__hstar_cleanGL__int4_prefix_quantized_seedfixed_mnli_hstar_cleanGL_h0p105986538543_seed16_full_bs64_step20k__run_config.json
outputs/int4_sparse_prefix_seedfixed_int4fd_20k_20260523_171841/int4_hsearch/prefix_quantized/hstar_cleanGL/int4_prefix_quantized_seedfixed_mnli_hstar_cleanGL_h0p105986538543_seed16_full_bs64_step20k/run_manifest_row.json,raw_run_summaries/outputs__int4_sparse_prefix_seedfixed_int4fd_20k_20260523_171841__int4_hsearch__prefix_quantized__hstar_cleanGL__int4_prefix_quantized_seedfixed_mnli_hstar_cleanGL_h0p105986538543_seed16_full_bs64_step20k__run_manifest_row.json
outputs/int4_sparse_prefix_seedfixed_int4fd_20k_20260523_171841/int4_hsearch/prefix_quantized/hstar_cleanGL/int4_prefix_quantized_seedfixed_mnli_hstar_cleanGL_h0p105986538543_seed16_full_bs64_step20k/metrics.csv,raw_run_summaries/outputs__int4_sparse_prefix_seedfixed_int4fd_20k_20260523_171841__int4_hsearch__prefix_quantized__hstar_cleanGL__int4_prefix_quantized_seedfixed_mnli_hstar_cleanGL_h0p105986538543_seed16_full_bs64_step20k__metrics.csv
outputs/int4_sparse_prefix_seedfixed_int4fd_20k_20260523_171841/int4_hsearch/prefix_quantized/hstar_cleanGL/int4_prefix_quantized_seedfixed_mnli_hstar_cleanGL_h0p105986538543_seed16_full_bs64_step20k/eval_metrics.jsonl,raw_run_summaries/outputs__int4_sparse_prefix_seedfixed_int4fd_20k_20260523_171841__int4_hsearch__prefix_quantized__hstar_cleanGL__int4_prefix_quantized_seedfixed_mnli_hstar_cleanGL_h0p105986538543_seed16_full_bs64_step20k__eval_metrics.jsonl
outputs/int4_sparse_prefix_seedfixed_int4fd_20k_20260523_171841/int4_hsearch/prefix_quantized/hstar_cleanGL/int4_prefix_quantized_seedfixed_rte_hstar_cleanGL_h0p0728075682661_seed16_full_bs64_step20k/run_summary.json,raw_run_summaries/outputs__int4_sparse_prefix_seedfixed_int4fd_20k_20260523_171841__int4_hsearch__prefix_quantized__hstar_cleanGL__int4_prefix_quantized_seedfixed_rte_hstar_cleanGL_h0p0728075682661_seed16_full_bs64_step20k__run_summary.json
outputs/int4_sparse_prefix_seedfixed_int4fd_20k_20260523_171841/int4_hsearch/prefix_quantized/hstar_cleanGL/int4_prefix_quantized_seedfixed_rte_hstar_cleanGL_h0p0728075682661_seed16_full_bs64_step20k/run_config.json,raw_run_summaries/outputs__int4_sparse_prefix_seedfixed_int4fd_20k_20260523_171841__int4_hsearch__prefix_quantized__hstar_cleanGL__int4_prefix_quantized_seedfixed_rte_hstar_cleanGL_h0p0728075682661_seed16_full_bs64_step20k__run_config.json
outputs/int4_sparse_prefix_seedfixed_int4fd_20k_20260523_171841/int4_hsearch/prefix_quantized/hstar_cleanGL/int4_prefix_quantized_seedfixed_rte_hstar_cleanGL_h0p0728075682661_seed16_full_bs64_step20k/run_manifest_row.json,raw_run_summaries/outputs__int4_sparse_prefix_seedfixed_int4fd_20k_20260523_171841__int4_hsearch__prefix_quantized__hstar_cleanGL__int4_prefix_quantized_seedfixed_rte_hstar_cleanGL_h0p0728075682661_seed16_full_bs64_step20k__run_manifest_row.json
outputs/int4_sparse_prefix_seedfixed_int4fd_20k_20260523_171841/int4_hsearch/prefix_quantized/hstar_cleanGL/int4_prefix_quantized_seedfixed_rte_hstar_cleanGL_h0p0728075682661_seed16_full_bs64_step20k/metrics.csv,raw_run_summaries/outputs__int4_sparse_prefix_seedfixed_int4fd_20k_20260523_171841__int4_hsearch__prefix_quantized__hstar_cleanGL__int4_prefix_quantized_seedfixed_rte_hstar_cleanGL_h0p0728075682661_seed16_full_bs64_step20k__metrics.csv
outputs/int4_sparse_prefix_seedfixed_int4fd_20k_20260523_171841/int4_hsearch/prefix_quantized/hstar_cleanGL/int4_prefix_quantized_seedfixed_rte_hstar_cleanGL_h0p0728075682661_seed16_full_bs64_step20k/eval_metrics.jsonl,raw_run_summaries/outputs__int4_sparse_prefix_seedfixed_int4fd_20k_20260523_171841__int4_hsearch__prefix_quantized__hstar_cleanGL__int4_prefix_quantized_seedfixed_rte_hstar_cleanGL_h0p0728075682661_seed16_full_bs64_step20k__eval_metrics.jsonl
outputs/int4_sparse_prefix_seedfixed_int4fd_20k_20260523_171841/int4_hsearch/prefix_quantized/hstar_cleanGL/int4_prefix_quantized_seedfixed_sst2_hstar_cleanGL_h0p0886419832658_seed16_full_bs64_step20k/run_summary.json,raw_run_summaries/outputs__int4_sparse_prefix_seedfixed_int4fd_20k_20260523_171841__int4_hsearch__prefix_quantized__hstar_cleanGL__int4_prefix_quantized_seedfixed_sst2_hstar_cleanGL_h0p0886419832658_seed16_full_bs64_step20k__run_summary.json
outputs/int4_sparse_prefix_seedfixed_int4fd_20k_20260523_171841/int4_hsearch/prefix_quantized/hstar_cleanGL/int4_prefix_quantized_seedfixed_sst2_hstar_cleanGL_h0p0886419832658_seed16_full_bs64_step20k/run_config.json,raw_run_summaries/outputs__int4_sparse_prefix_seedfixed_int4fd_20k_20260523_171841__int4_hsearch__prefix_quantized__hstar_cleanGL__int4_prefix_quantized_seedfixed_sst2_hstar_cleanGL_h0p0886419832658_seed16_full_bs64_step20k__run_config.json
outputs/int4_sparse_prefix_seedfixed_int4fd_20k_20260523_171841/int4_hsearch/prefix_quantized/hstar_cleanGL/int4_prefix_quantized_seedfixed_sst2_hstar_cleanGL_h0p0886419832658_seed16_full_bs64_step20k/run_manifest_row.json,raw_run_summaries/outputs__int4_sparse_prefix_seedfixed_int4fd_20k_20260523_171841__int4_hsearch__prefix_quantized__hstar_cleanGL__int4_prefix_quantized_seedfixed_sst2_hstar_cleanGL_h0p0886419832658_seed16_full_bs64_step20k__run_manifest_row.json
outputs/int4_sparse_prefix_seedfixed_int4fd_20k_20260523_171841/int4_hsearch/prefix_quantized/hstar_cleanGL/int4_prefix_quantized_seedfixed_sst2_hstar_cleanGL_h0p0886419832658_seed16_full_bs64_step20k/metrics.csv,raw_run_summaries/outputs__int4_sparse_prefix_seedfixed_int4fd_20k_20260523_171841__int4_hsearch__prefix_quantized__hstar_cleanGL__int4_prefix_quantized_seedfixed_sst2_hstar_cleanGL_h0p0886419832658_seed16_full_bs64_step20k__metrics.csv
outputs/int4_sparse_prefix_seedfixed_int4fd_20k_20260523_171841/int4_hsearch/prefix_quantized/hstar_cleanGL/int4_prefix_quantized_seedfixed_sst2_hstar_cleanGL_h0p0886419832658_seed16_full_bs64_step20k/eval_metrics.jsonl,raw_run_summaries/outputs__int4_sparse_prefix_seedfixed_int4fd_20k_20260523_171841__int4_hsearch__prefix_quantized__hstar_cleanGL__int4_prefix_quantized_seedfixed_sst2_hstar_cleanGL_h0p0886419832658_seed16_full_bs64_step20k__eval_metrics.jsonl
outputs/int4_sparse_prefix_seedfixed_int4fd_20k_20260523_171841/int4_hsearch/prefix_quantized/hstar_cleanGL/int4_prefix_quantized_seedfixed_sst5_hstar_cleanGL_h0p0804720147886_seed16_full_bs64_step20k/run_summary.json,raw_run_summaries/outputs__int4_sparse_prefix_seedfixed_int4fd_20k_20260523_171841__int4_hsearch__prefix_quantized__hstar_cleanGL__int4_prefix_quantized_seedfixed_sst5_hstar_cleanGL_h0p0804720147886_seed16_full_bs64_step20k__run_summary.json
outputs/int4_sparse_prefix_seedfixed_int4fd_20k_20260523_171841/int4_hsearch/prefix_quantized/hstar_cleanGL/int4_prefix_quantized_seedfixed_sst5_hstar_cleanGL_h0p0804720147886_seed16_full_bs64_step20k/run_config.json,raw_run_summaries/outputs__int4_sparse_prefix_seedfixed_int4fd_20k_20260523_171841__int4_hsearch__prefix_quantized__hstar_cleanGL__int4_prefix_quantized_seedfixed_sst5_hstar_cleanGL_h0p0804720147886_seed16_full_bs64_step20k__run_config.json
outputs/int4_sparse_prefix_seedfixed_int4fd_20k_20260523_171841/int4_hsearch/prefix_quantized/hstar_cleanGL/int4_prefix_quantized_seedfixed_sst5_hstar_cleanGL_h0p0804720147886_seed16_full_bs64_step20k/run_manifest_row.json,raw_run_summaries/outputs__int4_sparse_prefix_seedfixed_int4fd_20k_20260523_171841__int4_hsearch__prefix_quantized__hstar_cleanGL__int4_prefix_quantized_seedfixed_sst5_hstar_cleanGL_h0p0804720147886_seed16_full_bs64_step20k__run_manifest_row.json
outputs/int4_sparse_prefix_seedfixed_int4fd_20k_20260523_171841/int4_hsearch/prefix_quantized/hstar_cleanGL/int4_prefix_quantized_seedfixed_sst5_hstar_cleanGL_h0p0804720147886_seed16_full_bs64_step20k/metrics.csv,raw_run_summaries/outputs__int4_sparse_prefix_seedfixed_int4fd_20k_20260523_171841__int4_hsearch__prefix_quantized__hstar_cleanGL__int4_prefix_quantized_seedfixed_sst5_hstar_cleanGL_h0p0804720147886_seed16_full_bs64_step20k__metrics.csv
outputs/int4_sparse_prefix_seedfixed_int4fd_20k_20260523_171841/int4_hsearch/prefix_quantized/hstar_cleanGL/int4_prefix_quantized_seedfixed_sst5_hstar_cleanGL_h0p0804720147886_seed16_full_bs64_step20k/eval_metrics.jsonl,raw_run_summaries/outputs__int4_sparse_prefix_seedfixed_int4fd_20k_20260523_171841__int4_hsearch__prefix_quantized__hstar_cleanGL__int4_prefix_quantized_seedfixed_sst5_hstar_cleanGL_h0p0804720147886_seed16_full_bs64_step20k__eval_metrics.jsonl
outputs/int4_sparse_prefix_seedfixed_int4fd_20k_20260523_171841/int4_hsearch/prefix_quantized/hstar_cleanGL/int4_prefix_quantized_seedfixed_trec_hstar_cleanGL_h0p0949896412435_seed16_full_bs64_step20k/run_summary.json,raw_run_summaries/outputs__int4_sparse_prefix_seedfixed_int4fd_20k_20260523_171841__int4_hsearch__prefix_quantized__hstar_cleanGL__int4_prefix_quantized_seedfixed_trec_hstar_cleanGL_h0p0949896412435_seed16_full_bs64_step20k__run_summary.json
outputs/int4_sparse_prefix_seedfixed_int4fd_20k_20260523_171841/int4_hsearch/prefix_quantized/hstar_cleanGL/int4_prefix_quantized_seedfixed_trec_hstar_cleanGL_h0p0949896412435_seed16_full_bs64_step20k/run_config.json,raw_run_summaries/outputs__int4_sparse_prefix_seedfixed_int4fd_20k_20260523_171841__int4_hsearch__prefix_quantized__hstar_cleanGL__int4_prefix_quantized_seedfixed_trec_hstar_cleanGL_h0p0949896412435_seed16_full_bs64_step20k__run_config.json
outputs/int4_sparse_prefix_seedfixed_int4fd_20k_20260523_171841/int4_hsearch/prefix_quantized/hstar_cleanGL/int4_prefix_quantized_seedfixed_trec_hstar_cleanGL_h0p0949896412435_seed16_full_bs64_step20k/run_manifest_row.json,raw_run_summaries/outputs__int4_sparse_prefix_seedfixed_int4fd_20k_20260523_171841__int4_hsearch__prefix_quantized__hstar_cleanGL__int4_prefix_quantized_seedfixed_trec_hstar_cleanGL_h0p0949896412435_seed16_full_bs64_step20k__run_manifest_row.json
outputs/int4_sparse_prefix_seedfixed_int4fd_20k_20260523_171841/int4_hsearch/prefix_quantized/hstar_cleanGL/int4_prefix_quantized_seedfixed_trec_hstar_cleanGL_h0p0949896412435_seed16_full_bs64_step20k/metrics.csv,raw_run_summaries/outputs__int4_sparse_prefix_seedfixed_int4fd_20k_20260523_171841__int4_hsearch__prefix_quantized__hstar_cleanGL__int4_prefix_quantized_seedfixed_trec_hstar_cleanGL_h0p0949896412435_seed16_full_bs64_step20k__metrics.csv
outputs/int4_sparse_prefix_seedfixed_int4fd_20k_20260523_171841/int4_hsearch/prefix_quantized/hstar_cleanGL/int4_prefix_quantized_seedfixed_trec_hstar_cleanGL_h0p0949896412435_seed16_full_bs64_step20k/eval_metrics.jsonl,raw_run_summaries/outputs__int4_sparse_prefix_seedfixed_int4fd_20k_20260523_171841__int4_hsearch__prefix_quantized__hstar_cleanGL__int4_prefix_quantized_seedfixed_trec_hstar_cleanGL_h0p0949896412435_seed16_full_bs64_step20k__eval_metrics.jsonl
outputs/int4_sparse_prefix_seedfixed_int4fd_20k_20260523_171841/int4_hsearch/prefix_quantized/mezo_default/int4_prefix_quantized_seedfixed_mnli_mezo_default_h1e-3_seed16_full_bs64_step20k/run_summary.json,raw_run_summaries/outputs__int4_sparse_prefix_seedfixed_int4fd_20k_20260523_171841__int4_hsearch__prefix_quantized__mezo_default__int4_prefix_quantized_seedfixed_mnli_mezo_default_h1e-3_seed16_full_bs64_step20k__run_summary.json
outputs/int4_sparse_prefix_seedfixed_int4fd_20k_20260523_171841/int4_hsearch/prefix_quantized/mezo_default/int4_prefix_quantized_seedfixed_mnli_mezo_default_h1e-3_seed16_full_bs64_step20k/run_config.json,raw_run_summaries/outputs__int4_sparse_prefix_seedfixed_int4fd_20k_20260523_171841__int4_hsearch__prefix_quantized__mezo_default__int4_prefix_quantized_seedfixed_mnli_mezo_default_h1e-3_seed16_full_bs64_step20k__run_config.json
outputs/int4_sparse_prefix_seedfixed_int4fd_20k_20260523_171841/int4_hsearch/prefix_quantized/mezo_default/int4_prefix_quantized_seedfixed_mnli_mezo_default_h1e-3_seed16_full_bs64_step20k/run_manifest_row.json,raw_run_summaries/outputs__int4_sparse_prefix_seedfixed_int4fd_20k_20260523_171841__int4_hsearch__prefix_quantized__mezo_default__int4_prefix_quantized_seedfixed_mnli_mezo_default_h1e-3_seed16_full_bs64_step20k__run_manifest_row.json
outputs/int4_sparse_prefix_seedfixed_int4fd_20k_20260523_171841/int4_hsearch/prefix_quantized/mezo_default/int4_prefix_quantized_seedfixed_mnli_mezo_default_h1e-3_seed16_full_bs64_step20k/metrics.csv,raw_run_summaries/outputs__int4_sparse_prefix_seedfixed_int4fd_20k_20260523_171841__int4_hsearch__prefix_quantized__mezo_default__int4_prefix_quantized_seedfixed_mnli_mezo_default_h1e-3_seed16_full_bs64_step20k__metrics.csv
outputs/int4_sparse_prefix_seedfixed_int4fd_20k_20260523_171841/int4_hsearch/prefix_quantized/mezo_default/int4_prefix_quantized_seedfixed_mnli_mezo_default_h1e-3_seed16_full_bs64_step20k/eval_metrics.jsonl,raw_run_summaries/outputs__int4_sparse_prefix_seedfixed_int4fd_20k_20260523_171841__int4_hsearch__prefix_quantized__mezo_default__int4_prefix_quantized_seedfixed_mnli_mezo_default_h1e-3_seed16_full_bs64_step20k__eval_metrics.jsonl
outputs/int4_sparse_prefix_seedfixed_int4fd_20k_20260523_171841/int4_hsearch/prefix_quantized/mezo_default/int4_prefix_quantized_seedfixed_rte_mezo_default_h1e-3_seed16_full_bs64_step20k/run_summary.json,raw_run_summaries/outputs__int4_sparse_prefix_seedfixed_int4fd_20k_20260523_171841__int4_hsearch__prefix_quantized__mezo_default__int4_prefix_quantized_seedfixed_rte_mezo_default_h1e-3_seed16_full_bs64_step20k__run_summary.json
outputs/int4_sparse_prefix_seedfixed_int4fd_20k_20260523_171841/int4_hsearch/prefix_quantized/mezo_default/int4_prefix_quantized_seedfixed_rte_mezo_default_h1e-3_seed16_full_bs64_step20k/run_config.json,raw_run_summaries/outputs__int4_sparse_prefix_seedfixed_int4fd_20k_20260523_171841__int4_hsearch__prefix_quantized__mezo_default__int4_prefix_quantized_seedfixed_rte_mezo_default_h1e-3_seed16_full_bs64_step20k__run_config.json
outputs/int4_sparse_prefix_seedfixed_int4fd_20k_20260523_171841/int4_hsearch/prefix_quantized/mezo_default/int4_prefix_quantized_seedfixed_rte_mezo_default_h1e-3_seed16_full_bs64_step20k/run_manifest_row.json,raw_run_summaries/outputs__int4_sparse_prefix_seedfixed_int4fd_20k_20260523_171841__int4_hsearch__prefix_quantized__mezo_default__int4_prefix_quantized_seedfixed_rte_mezo_default_h1e-3_seed16_full_bs64_step20k__run_manifest_row.json
outputs/int4_sparse_prefix_seedfixed_int4fd_20k_20260523_171841/int4_hsearch/prefix_quantized/mezo_default/int4_prefix_quantized_seedfixed_rte_mezo_default_h1e-3_seed16_full_bs64_step20k/metrics.csv,raw_run_summaries/outputs__int4_sparse_prefix_seedfixed_int4fd_20k_20260523_171841__int4_hsearch__prefix_quantized__mezo_default__int4_prefix_quantized_seedfixed_rte_mezo_default_h1e-3_seed16_full_bs64_step20k__metrics.csv
outputs/int4_sparse_prefix_seedfixed_int4fd_20k_20260523_171841/int4_hsearch/prefix_quantized/mezo_default/int4_prefix_quantized_seedfixed_rte_mezo_default_h1e-3_seed16_full_bs64_step20k/eval_metrics.jsonl,raw_run_summaries/outputs__int4_sparse_prefix_seedfixed_int4fd_20k_20260523_171841__int4_hsearch__prefix_quantized__mezo_default__int4_prefix_quantized_seedfixed_rte_mezo_default_h1e-3_seed16_full_bs64_step20k__eval_metrics.jsonl
outputs/int4_sparse_prefix_seedfixed_int4fd_20k_20260523_171841/int4_hsearch/prefix_quantized/mezo_default/int4_prefix_quantized_seedfixed_sst2_mezo_default_h1e-3_seed16_full_bs64_step20k/run_summary.json,raw_run_summaries/outputs__int4_sparse_prefix_seedfixed_int4fd_20k_20260523_171841__int4_hsearch__prefix_quantized__mezo_default__int4_prefix_quantized_seedfixed_sst2_mezo_default_h1e-3_seed16_full_bs64_step20k__run_summary.json
outputs/int4_sparse_prefix_seedfixed_int4fd_20k_20260523_171841/int4_hsearch/prefix_quantized/mezo_default/int4_prefix_quantized_seedfixed_sst2_mezo_default_h1e-3_seed16_full_bs64_step20k/run_config.json,raw_run_summaries/outputs__int4_sparse_prefix_seedfixed_int4fd_20k_20260523_171841__int4_hsearch__prefix_quantized__mezo_default__int4_prefix_quantized_seedfixed_sst2_mezo_default_h1e-3_seed16_full_bs64_step20k__run_config.json
outputs/int4_sparse_prefix_seedfixed_int4fd_20k_20260523_171841/int4_hsearch/prefix_quantized/mezo_default/int4_prefix_quantized_seedfixed_sst2_mezo_default_h1e-3_seed16_full_bs64_step20k/run_manifest_row.json,raw_run_summaries/outputs__int4_sparse_prefix_seedfixed_int4fd_20k_20260523_171841__int4_hsearch__prefix_quantized__mezo_default__int4_prefix_quantized_seedfixed_sst2_mezo_default_h1e-3_seed16_full_bs64_step20k__run_manifest_row.json
outputs/int4_sparse_prefix_seedfixed_int4fd_20k_20260523_171841/int4_hsearch/prefix_quantized/mezo_default/int4_prefix_quantized_seedfixed_sst2_mezo_default_h1e-3_seed16_full_bs64_step20k/metrics.csv,raw_run_summaries/outputs__int4_sparse_prefix_seedfixed_int4fd_20k_20260523_171841__int4_hsearch__prefix_quantized__mezo_default__int4_prefix_quantized_seedfixed_sst2_mezo_default_h1e-3_seed16_full_bs64_step20k__metrics.csv
outputs/int4_sparse_prefix_seedfixed_int4fd_20k_20260523_171841/int4_hsearch/prefix_quantized/mezo_default/int4_prefix_quantized_seedfixed_sst2_mezo_default_h1e-3_seed16_full_bs64_step20k/eval_metrics.jsonl,raw_run_summaries/outputs__int4_sparse_prefix_seedfixed_int4fd_20k_20260523_171841__int4_hsearch__prefix_quantized__mezo_default__int4_prefix_quantized_seedfixed_sst2_mezo_default_h1e-3_seed16_full_bs64_step20k__eval_metrics.jsonl
outputs/int4_sparse_prefix_seedfixed_int4fd_20k_20260523_171841/int4_hsearch/prefix_quantized/mezo_default/int4_prefix_quantized_seedfixed_sst5_mezo_default_h1e-3_seed16_full_bs64_step20k/run_summary.json,raw_run_summaries/outputs__int4_sparse_prefix_seedfixed_int4fd_20k_20260523_171841__int4_hsearch__prefix_quantized__mezo_default__int4_prefix_quantized_seedfixed_sst5_mezo_default_h1e-3_seed16_full_bs64_step20k__run_summary.json
outputs/int4_sparse_prefix_seedfixed_int4fd_20k_20260523_171841/int4_hsearch/prefix_quantized/mezo_default/int4_prefix_quantized_seedfixed_sst5_mezo_default_h1e-3_seed16_full_bs64_step20k/run_config.json,raw_run_summaries/outputs__int4_sparse_prefix_seedfixed_int4fd_20k_20260523_171841__int4_hsearch__prefix_quantized__mezo_default__int4_prefix_quantized_seedfixed_sst5_mezo_default_h1e-3_seed16_full_bs64_step20k__run_config.json
outputs/int4_sparse_prefix_seedfixed_int4fd_20k_20260523_171841/int4_hsearch/prefix_quantized/mezo_default/int4_prefix_quantized_seedfixed_sst5_mezo_default_h1e-3_seed16_full_bs64_step20k/run_manifest_row.json,raw_run_summaries/outputs__int4_sparse_prefix_seedfixed_int4fd_20k_20260523_171841__int4_hsearch__prefix_quantized__mezo_default__int4_prefix_quantized_seedfixed_sst5_mezo_default_h1e-3_seed16_full_bs64_step20k__run_manifest_row.json
outputs/int4_sparse_prefix_seedfixed_int4fd_20k_20260523_171841/int4_hsearch/prefix_quantized/mezo_default/int4_prefix_quantized_seedfixed_sst5_mezo_default_h1e-3_seed16_full_bs64_step20k/metrics.csv,raw_run_summaries/outputs__int4_sparse_prefix_seedfixed_int4fd_20k_20260523_171841__int4_hsearch__prefix_quantized__mezo_default__int4_prefix_quantized_seedfixed_sst5_mezo_default_h1e-3_seed16_full_bs64_step20k__metrics.csv
outputs/int4_sparse_prefix_seedfixed_int4fd_20k_20260523_171841/int4_hsearch/prefix_quantized/mezo_default/int4_prefix_quantized_seedfixed_sst5_mezo_default_h1e-3_seed16_full_bs64_step20k/eval_metrics.jsonl,raw_run_summaries/outputs__int4_sparse_prefix_seedfixed_int4fd_20k_20260523_171841__int4_hsearch__prefix_quantized__mezo_default__int4_prefix_quantized_seedfixed_sst5_mezo_default_h1e-3_seed16_full_bs64_step20k__eval_metrics.jsonl
outputs/int4_sparse_prefix_seedfixed_int4fd_20k_20260523_171841/int4_hsearch/prefix_quantized/mezo_default/int4_prefix_quantized_seedfixed_trec_mezo_default_h1e-3_seed16_full_bs64_step20k/run_summary.json,raw_run_summaries/outputs__int4_sparse_prefix_seedfixed_int4fd_20k_20260523_171841__int4_hsearch__prefix_quantized__mezo_default__int4_prefix_quantized_seedfixed_trec_mezo_default_h1e-3_seed16_full_bs64_step20k__run_summary.json
outputs/int4_sparse_prefix_seedfixed_int4fd_20k_20260523_171841/int4_hsearch/prefix_quantized/mezo_default/int4_prefix_quantized_seedfixed_trec_mezo_default_h1e-3_seed16_full_bs64_step20k/run_config.json,raw_run_summaries/outputs__int4_sparse_prefix_seedfixed_int4fd_20k_20260523_171841__int4_hsearch__prefix_quantized__mezo_default__int4_prefix_quantized_seedfixed_trec_mezo_default_h1e-3_seed16_full_bs64_step20k__run_config.json
outputs/int4_sparse_prefix_seedfixed_int4fd_20k_20260523_171841/int4_hsearch/prefix_quantized/mezo_default/int4_prefix_quantized_seedfixed_trec_mezo_default_h1e-3_seed16_full_bs64_step20k/run_manifest_row.json,raw_run_summaries/outputs__int4_sparse_prefix_seedfixed_int4fd_20k_20260523_171841__int4_hsearch__prefix_quantized__mezo_default__int4_prefix_quantized_seedfixed_trec_mezo_default_h1e-3_seed16_full_bs64_step20k__run_manifest_row.json
outputs/int4_sparse_prefix_seedfixed_int4fd_20k_20260523_171841/int4_hsearch/prefix_quantized/mezo_default/int4_prefix_quantized_seedfixed_trec_mezo_default_h1e-3_seed16_full_bs64_step20k/metrics.csv,raw_run_summaries/outputs__int4_sparse_prefix_seedfixed_int4fd_20k_20260523_171841__int4_hsearch__prefix_quantized__mezo_default__int4_prefix_quantized_seedfixed_trec_mezo_default_h1e-3_seed16_full_bs64_step20k__metrics.csv
outputs/int4_sparse_prefix_seedfixed_int4fd_20k_20260523_171841/int4_hsearch/prefix_quantized/mezo_default/int4_prefix_quantized_seedfixed_trec_mezo_default_h1e-3_seed16_full_bs64_step20k/eval_metrics.jsonl,raw_run_summaries/outputs__int4_sparse_prefix_seedfixed_int4fd_20k_20260523_171841__int4_hsearch__prefix_quantized__mezo_default__int4_prefix_quantized_seedfixed_trec_mezo_default_h1e-3_seed16_full_bs64_step20k__eval_metrics.jsonl
outputs/int4_sparse_prefix_seedfixed_int4fd_20k_20260523_171841/int4_hsearch/sparse_p0p1_taskgrad/fixed_small/int4_sparsep0p1_taskgrad_seedfixed_mnli_fixed_small_h1e-5_seed16_full_bs64_step20k/run_summary.json,raw_run_summaries/outputs__int4_sparse_prefix_seedfixed_int4fd_20k_20260523_171841__int4_hsearch__sparse_p0p1_taskgrad__fixed_small__int4_sparsep0p1_taskgrad_seedfixed_mnli_fixed_small_h1e-5_seed16_full_bs64_step20k__run_summary.json
outputs/int4_sparse_prefix_seedfixed_int4fd_20k_20260523_171841/int4_hsearch/sparse_p0p1_taskgrad/fixed_small/int4_sparsep0p1_taskgrad_seedfixed_mnli_fixed_small_h1e-5_seed16_full_bs64_step20k/run_config.json,raw_run_summaries/outputs__int4_sparse_prefix_seedfixed_int4fd_20k_20260523_171841__int4_hsearch__sparse_p0p1_taskgrad__fixed_small__int4_sparsep0p1_taskgrad_seedfixed_mnli_fixed_small_h1e-5_seed16_full_bs64_step20k__run_config.json
outputs/int4_sparse_prefix_seedfixed_int4fd_20k_20260523_171841/int4_hsearch/sparse_p0p1_taskgrad/fixed_small/int4_sparsep0p1_taskgrad_seedfixed_mnli_fixed_small_h1e-5_seed16_full_bs64_step20k/run_manifest_row.json,raw_run_summaries/outputs__int4_sparse_prefix_seedfixed_int4fd_20k_20260523_171841__int4_hsearch__sparse_p0p1_taskgrad__fixed_small__int4_sparsep0p1_taskgrad_seedfixed_mnli_fixed_small_h1e-5_seed16_full_bs64_step20k__run_manifest_row.json
outputs/int4_sparse_prefix_seedfixed_int4fd_20k_20260523_171841/int4_hsearch/sparse_p0p1_taskgrad/fixed_small/int4_sparsep0p1_taskgrad_seedfixed_mnli_fixed_small_h1e-5_seed16_full_bs64_step20k/metrics.csv,raw_run_summaries/outputs__int4_sparse_prefix_seedfixed_int4fd_20k_20260523_171841__int4_hsearch__sparse_p0p1_taskgrad__fixed_small__int4_sparsep0p1_taskgrad_seedfixed_mnli_fixed_small_h1e-5_seed16_full_bs64_step20k__metrics.csv
outputs/int4_sparse_prefix_seedfixed_int4fd_20k_20260523_171841/int4_hsearch/sparse_p0p1_taskgrad/fixed_small/int4_sparsep0p1_taskgrad_seedfixed_mnli_fixed_small_h1e-5_seed16_full_bs64_step20k/eval_metrics.jsonl,raw_run_summaries/outputs__int4_sparse_prefix_seedfixed_int4fd_20k_20260523_171841__int4_hsearch__sparse_p0p1_taskgrad__fixed_small__int4_sparsep0p1_taskgrad_seedfixed_mnli_fixed_small_h1e-5_seed16_full_bs64_step20k__eval_metrics.jsonl
outputs/int4_sparse_prefix_seedfixed_int4fd_20k_20260523_171841/int4_hsearch/sparse_p0p1_taskgrad/fixed_small/int4_sparsep0p1_taskgrad_seedfixed_rte_fixed_small_h1e-5_seed16_full_bs64_step20k/run_summary.json,raw_run_summaries/outputs__int4_sparse_prefix_seedfixed_int4fd_20k_20260523_171841__int4_hsearch__sparse_p0p1_taskgrad__fixed_small__int4_sparsep0p1_taskgrad_seedfixed_rte_fixed_small_h1e-5_seed16_full_bs64_step20k__run_summary.json
outputs/int4_sparse_prefix_seedfixed_int4fd_20k_20260523_171841/int4_hsearch/sparse_p0p1_taskgrad/fixed_small/int4_sparsep0p1_taskgrad_seedfixed_rte_fixed_small_h1e-5_seed16_full_bs64_step20k/run_config.json,raw_run_summaries/outputs__int4_sparse_prefix_seedfixed_int4fd_20k_20260523_171841__int4_hsearch__sparse_p0p1_taskgrad__fixed_small__int4_sparsep0p1_taskgrad_seedfixed_rte_fixed_small_h1e-5_seed16_full_bs64_step20k__run_config.json
outputs/int4_sparse_prefix_seedfixed_int4fd_20k_20260523_171841/int4_hsearch/sparse_p0p1_taskgrad/fixed_small/int4_sparsep0p1_taskgrad_seedfixed_rte_fixed_small_h1e-5_seed16_full_bs64_step20k/run_manifest_row.json,raw_run_summaries/outputs__int4_sparse_prefix_seedfixed_int4fd_20k_20260523_171841__int4_hsearch__sparse_p0p1_taskgrad__fixed_small__int4_sparsep0p1_taskgrad_seedfixed_rte_fixed_small_h1e-5_seed16_full_bs64_step20k__run_manifest_row.json
outputs/int4_sparse_prefix_seedfixed_int4fd_20k_20260523_171841/int4_hsearch/sparse_p0p1_taskgrad/fixed_small/int4_sparsep0p1_taskgrad_seedfixed_rte_fixed_small_h1e-5_seed16_full_bs64_step20k/metrics.csv,raw_run_summaries/outputs__int4_sparse_prefix_seedfixed_int4fd_20k_20260523_171841__int4_hsearch__sparse_p0p1_taskgrad__fixed_small__int4_sparsep0p1_taskgrad_seedfixed_rte_fixed_small_h1e-5_seed16_full_bs64_step20k__metrics.csv
outputs/int4_sparse_prefix_seedfixed_int4fd_20k_20260523_171841/int4_hsearch/sparse_p0p1_taskgrad/fixed_small/int4_sparsep0p1_taskgrad_seedfixed_rte_fixed_small_h1e-5_seed16_full_bs64_step20k/eval_metrics.jsonl,raw_run_summaries/outputs__int4_sparse_prefix_seedfixed_int4fd_20k_20260523_171841__int4_hsearch__sparse_p0p1_taskgrad__fixed_small__int4_sparsep0p1_taskgrad_seedfixed_rte_fixed_small_h1e-5_seed16_full_bs64_step20k__eval_metrics.jsonl
outputs/int4_sparse_prefix_seedfixed_int4fd_20k_20260523_171841/int4_hsearch/sparse_p0p1_taskgrad/fixed_small/int4_sparsep0p1_taskgrad_seedfixed_sst2_fixed_small_h1e-5_seed16_full_bs64_step20k/run_summary.json,raw_run_summaries/outputs__int4_sparse_prefix_seedfixed_int4fd_20k_20260523_171841__int4_hsearch__sparse_p0p1_taskgrad__fixed_small__int4_sparsep0p1_taskgrad_seedfixed_sst2_fixed_small_h1e-5_seed16_full_bs64_step20k__run_summary.json
outputs/int4_sparse_prefix_seedfixed_int4fd_20k_20260523_171841/int4_hsearch/sparse_p0p1_taskgrad/fixed_small/int4_sparsep0p1_taskgrad_seedfixed_sst2_fixed_small_h1e-5_seed16_full_bs64_step20k/run_config.json,raw_run_summaries/outputs__int4_sparse_prefix_seedfixed_int4fd_20k_20260523_171841__int4_hsearch__sparse_p0p1_taskgrad__fixed_small__int4_sparsep0p1_taskgrad_seedfixed_sst2_fixed_small_h1e-5_seed16_full_bs64_step20k__run_config.json
outputs/int4_sparse_prefix_seedfixed_int4fd_20k_20260523_171841/int4_hsearch/sparse_p0p1_taskgrad/fixed_small/int4_sparsep0p1_taskgrad_seedfixed_sst2_fixed_small_h1e-5_seed16_full_bs64_step20k/run_manifest_row.json,raw_run_summaries/outputs__int4_sparse_prefix_seedfixed_int4fd_20k_20260523_171841__int4_hsearch__sparse_p0p1_taskgrad__fixed_small__int4_sparsep0p1_taskgrad_seedfixed_sst2_fixed_small_h1e-5_seed16_full_bs64_step20k__run_manifest_row.json
outputs/int4_sparse_prefix_seedfixed_int4fd_20k_20260523_171841/int4_hsearch/sparse_p0p1_taskgrad/fixed_small/int4_sparsep0p1_taskgrad_seedfixed_sst2_fixed_small_h1e-5_seed16_full_bs64_step20k/metrics.csv,raw_run_summaries/outputs__int4_sparse_prefix_seedfixed_int4fd_20k_20260523_171841__int4_hsearch__sparse_p0p1_taskgrad__fixed_small__int4_sparsep0p1_taskgrad_seedfixed_sst2_fixed_small_h1e-5_seed16_full_bs64_step20k__metrics.csv
outputs/int4_sparse_prefix_seedfixed_int4fd_20k_20260523_171841/int4_hsearch/sparse_p0p1_taskgrad/fixed_small/int4_sparsep0p1_taskgrad_seedfixed_sst2_fixed_small_h1e-5_seed16_full_bs64_step20k/eval_metrics.jsonl,raw_run_summaries/outputs__int4_sparse_prefix_seedfixed_int4fd_20k_20260523_171841__int4_hsearch__sparse_p0p1_taskgrad__fixed_small__int4_sparsep0p1_taskgrad_seedfixed_sst2_fixed_small_h1e-5_seed16_full_bs64_step20k__eval_metrics.jsonl
outputs/int4_sparse_prefix_seedfixed_int4fd_20k_20260523_171841/int4_hsearch/sparse_p0p1_taskgrad/fixed_small/int4_sparsep0p1_taskgrad_seedfixed_sst5_fixed_small_h1e-5_seed16_full_bs64_step20k/run_summary.json,raw_run_summaries/outputs__int4_sparse_prefix_seedfixed_int4fd_20k_20260523_171841__int4_hsearch__sparse_p0p1_taskgrad__fixed_small__int4_sparsep0p1_taskgrad_seedfixed_sst5_fixed_small_h1e-5_seed16_full_bs64_step20k__run_summary.json
outputs/int4_sparse_prefix_seedfixed_int4fd_20k_20260523_171841/int4_hsearch/sparse_p0p1_taskgrad/fixed_small/int4_sparsep0p1_taskgrad_seedfixed_sst5_fixed_small_h1e-5_seed16_full_bs64_step20k/run_config.json,raw_run_summaries/outputs__int4_sparse_prefix_seedfixed_int4fd_20k_20260523_171841__int4_hsearch__sparse_p0p1_taskgrad__fixed_small__int4_sparsep0p1_taskgrad_seedfixed_sst5_fixed_small_h1e-5_seed16_full_bs64_step20k__run_config.json
outputs/int4_sparse_prefix_seedfixed_int4fd_20k_20260523_171841/int4_hsearch/sparse_p0p1_taskgrad/fixed_small/int4_sparsep0p1_taskgrad_seedfixed_sst5_fixed_small_h1e-5_seed16_full_bs64_step20k/run_manifest_row.json,raw_run_summaries/outputs__int4_sparse_prefix_seedfixed_int4fd_20k_20260523_171841__int4_hsearch__sparse_p0p1_taskgrad__fixed_small__int4_sparsep0p1_taskgrad_seedfixed_sst5_fixed_small_h1e-5_seed16_full_bs64_step20k__run_manifest_row.json
outputs/int4_sparse_prefix_seedfixed_int4fd_20k_20260523_171841/int4_hsearch/sparse_p0p1_taskgrad/fixed_small/int4_sparsep0p1_taskgrad_seedfixed_sst5_fixed_small_h1e-5_seed16_full_bs64_step20k/metrics.csv,raw_run_summaries/outputs__int4_sparse_prefix_seedfixed_int4fd_20k_20260523_171841__int4_hsearch__sparse_p0p1_taskgrad__fixed_small__int4_sparsep0p1_taskgrad_seedfixed_sst5_fixed_small_h1e-5_seed16_full_bs64_step20k__metrics.csv
outputs/int4_sparse_prefix_seedfixed_int4fd_20k_20260523_171841/int4_hsearch/sparse_p0p1_taskgrad/fixed_small/int4_sparsep0p1_taskgrad_seedfixed_sst5_fixed_small_h1e-5_seed16_full_bs64_step20k/eval_metrics.jsonl,raw_run_summaries/outputs__int4_sparse_prefix_seedfixed_int4fd_20k_20260523_171841__int4_hsearch__sparse_p0p1_taskgrad__fixed_small__int4_sparsep0p1_taskgrad_seedfixed_sst5_fixed_small_h1e-5_seed16_full_bs64_step20k__eval_metrics.jsonl
outputs/int4_sparse_prefix_seedfixed_int4fd_20k_20260523_171841/int4_hsearch/sparse_p0p1_taskgrad/fixed_small/int4_sparsep0p1_taskgrad_seedfixed_trec_fixed_small_h1e-5_seed16_full_bs64_step20k/run_summary.json,raw_run_summaries/outputs__int4_sparse_prefix_seedfixed_int4fd_20k_20260523_171841__int4_hsearch__sparse_p0p1_taskgrad__fixed_small__int4_sparsep0p1_taskgrad_seedfixed_trec_fixed_small_h1e-5_seed16_full_bs64_step20k__run_summary.json
outputs/int4_sparse_prefix_seedfixed_int4fd_20k_20260523_171841/int4_hsearch/sparse_p0p1_taskgrad/fixed_small/int4_sparsep0p1_taskgrad_seedfixed_trec_fixed_small_h1e-5_seed16_full_bs64_step20k/run_config.json,raw_run_summaries/outputs__int4_sparse_prefix_seedfixed_int4fd_20k_20260523_171841__int4_hsearch__sparse_p0p1_taskgrad__fixed_small__int4_sparsep0p1_taskgrad_seedfixed_trec_fixed_small_h1e-5_seed16_full_bs64_step20k__run_config.json
outputs/int4_sparse_prefix_seedfixed_int4fd_20k_20260523_171841/int4_hsearch/sparse_p0p1_taskgrad/fixed_small/int4_sparsep0p1_taskgrad_seedfixed_trec_fixed_small_h1e-5_seed16_full_bs64_step20k/run_manifest_row.json,raw_run_summaries/outputs__int4_sparse_prefix_seedfixed_int4fd_20k_20260523_171841__int4_hsearch__sparse_p0p1_taskgrad__fixed_small__int4_sparsep0p1_taskgrad_seedfixed_trec_fixed_small_h1e-5_seed16_full_bs64_step20k__run_manifest_row.json
outputs/int4_sparse_prefix_seedfixed_int4fd_20k_20260523_171841/int4_hsearch/sparse_p0p1_taskgrad/fixed_small/int4_sparsep0p1_taskgrad_seedfixed_trec_fixed_small_h1e-5_seed16_full_bs64_step20k/metrics.csv,raw_run_summaries/outputs__int4_sparse_prefix_seedfixed_int4fd_20k_20260523_171841__int4_hsearch__sparse_p0p1_taskgrad__fixed_small__int4_sparsep0p1_taskgrad_seedfixed_trec_fixed_small_h1e-5_seed16_full_bs64_step20k__metrics.csv
outputs/int4_sparse_prefix_seedfixed_int4fd_20k_20260523_171841/int4_hsearch/sparse_p0p1_taskgrad/fixed_small/int4_sparsep0p1_taskgrad_seedfixed_trec_fixed_small_h1e-5_seed16_full_bs64_step20k/eval_metrics.jsonl,raw_run_summaries/outputs__int4_sparse_prefix_seedfixed_int4fd_20k_20260523_171841__int4_hsearch__sparse_p0p1_taskgrad__fixed_small__int4_sparsep0p1_taskgrad_seedfixed_trec_fixed_small_h1e-5_seed16_full_bs64_step20k__eval_metrics.jsonl
outputs/int4_sparse_prefix_seedfixed_int4fd_20k_20260523_171841/int4_hsearch/sparse_p0p1_taskgrad/hstar_cleanGL/int4_sparsep0p1_taskgrad_seedfixed_mnli_hstar_cleanGL_h0p000853135589745_seed16_full_bs64_step20k/run_summary.json,raw_run_summaries/outputs__int4_sparse_prefix_seedfixed_int4fd_20k_20260523_171841__int4_hsearch__sparse_p0p1_taskgrad__hstar_cleanGL__int4_sparsep0p1_taskgrad_seedfixed_mnli_hstar_cleanGL_h0p000853135589745_seed16_full_bs64_step20k__run_summary.json
outputs/int4_sparse_prefix_seedfixed_int4fd_20k_20260523_171841/int4_hsearch/sparse_p0p1_taskgrad/hstar_cleanGL/int4_sparsep0p1_taskgrad_seedfixed_mnli_hstar_cleanGL_h0p000853135589745_seed16_full_bs64_step20k/run_config.json,raw_run_summaries/outputs__int4_sparse_prefix_seedfixed_int4fd_20k_20260523_171841__int4_hsearch__sparse_p0p1_taskgrad__hstar_cleanGL__int4_sparsep0p1_taskgrad_seedfixed_mnli_hstar_cleanGL_h0p000853135589745_seed16_full_bs64_step20k__run_config.json
outputs/int4_sparse_prefix_seedfixed_int4fd_20k_20260523_171841/int4_hsearch/sparse_p0p1_taskgrad/hstar_cleanGL/int4_sparsep0p1_taskgrad_seedfixed_mnli_hstar_cleanGL_h0p000853135589745_seed16_full_bs64_step20k/run_manifest_row.json,raw_run_summaries/outputs__int4_sparse_prefix_seedfixed_int4fd_20k_20260523_171841__int4_hsearch__sparse_p0p1_taskgrad__hstar_cleanGL__int4_sparsep0p1_taskgrad_seedfixed_mnli_hstar_cleanGL_h0p000853135589745_seed16_full_bs64_step20k__run_manifest_row.json
outputs/int4_sparse_prefix_seedfixed_int4fd_20k_20260523_171841/int4_hsearch/sparse_p0p1_taskgrad/hstar_cleanGL/int4_sparsep0p1_taskgrad_seedfixed_mnli_hstar_cleanGL_h0p000853135589745_seed16_full_bs64_step20k/metrics.csv,raw_run_summaries/outputs__int4_sparse_prefix_seedfixed_int4fd_20k_20260523_171841__int4_hsearch__sparse_p0p1_taskgrad__hstar_cleanGL__int4_sparsep0p1_taskgrad_seedfixed_mnli_hstar_cleanGL_h0p000853135589745_seed16_full_bs64_step20k__metrics.csv
outputs/int4_sparse_prefix_seedfixed_int4fd_20k_20260523_171841/int4_hsearch/sparse_p0p1_taskgrad/hstar_cleanGL/int4_sparsep0p1_taskgrad_seedfixed_mnli_hstar_cleanGL_h0p000853135589745_seed16_full_bs64_step20k/eval_metrics.jsonl,raw_run_summaries/outputs__int4_sparse_prefix_seedfixed_int4fd_20k_20260523_171841__int4_hsearch__sparse_p0p1_taskgrad__hstar_cleanGL__int4_sparsep0p1_taskgrad_seedfixed_mnli_hstar_cleanGL_h0p000853135589745_seed16_full_bs64_step20k__eval_metrics.jsonl
outputs/int4_sparse_prefix_seedfixed_int4fd_20k_20260523_171841/int4_hsearch/sparse_p0p1_taskgrad/hstar_cleanGL/int4_sparsep0p1_taskgrad_seedfixed_rte_hstar_cleanGL_h0p000435252858933_seed16_full_bs64_step20k/run_summary.json,raw_run_summaries/outputs__int4_sparse_prefix_seedfixed_int4fd_20k_20260523_171841__int4_hsearch__sparse_p0p1_taskgrad__hstar_cleanGL__int4_sparsep0p1_taskgrad_seedfixed_rte_hstar_cleanGL_h0p000435252858933_seed16_full_bs64_step20k__run_summary.json
outputs/int4_sparse_prefix_seedfixed_int4fd_20k_20260523_171841/int4_hsearch/sparse_p0p1_taskgrad/hstar_cleanGL/int4_sparsep0p1_taskgrad_seedfixed_rte_hstar_cleanGL_h0p000435252858933_seed16_full_bs64_step20k/run_config.json,raw_run_summaries/outputs__int4_sparse_prefix_seedfixed_int4fd_20k_20260523_171841__int4_hsearch__sparse_p0p1_taskgrad__hstar_cleanGL__int4_sparsep0p1_taskgrad_seedfixed_rte_hstar_cleanGL_h0p000435252858933_seed16_full_bs64_step20k__run_config.json
outputs/int4_sparse_prefix_seedfixed_int4fd_20k_20260523_171841/int4_hsearch/sparse_p0p1_taskgrad/hstar_cleanGL/int4_sparsep0p1_taskgrad_seedfixed_rte_hstar_cleanGL_h0p000435252858933_seed16_full_bs64_step20k/run_manifest_row.json,raw_run_summaries/outputs__int4_sparse_prefix_seedfixed_int4fd_20k_20260523_171841__int4_hsearch__sparse_p0p1_taskgrad__hstar_cleanGL__int4_sparsep0p1_taskgrad_seedfixed_rte_hstar_cleanGL_h0p000435252858933_seed16_full_bs64_step20k__run_manifest_row.json
outputs/int4_sparse_prefix_seedfixed_int4fd_20k_20260523_171841/int4_hsearch/sparse_p0p1_taskgrad/hstar_cleanGL/int4_sparsep0p1_taskgrad_seedfixed_rte_hstar_cleanGL_h0p000435252858933_seed16_full_bs64_step20k/metrics.csv,raw_run_summaries/outputs__int4_sparse_prefix_seedfixed_int4fd_20k_20260523_171841__int4_hsearch__sparse_p0p1_taskgrad__hstar_cleanGL__int4_sparsep0p1_taskgrad_seedfixed_rte_hstar_cleanGL_h0p000435252858933_seed16_full_bs64_step20k__metrics.csv
outputs/int4_sparse_prefix_seedfixed_int4fd_20k_20260523_171841/int4_hsearch/sparse_p0p1_taskgrad/hstar_cleanGL/int4_sparsep0p1_taskgrad_seedfixed_rte_hstar_cleanGL_h0p000435252858933_seed16_full_bs64_step20k/eval_metrics.jsonl,raw_run_summaries/outputs__int4_sparse_prefix_seedfixed_int4fd_20k_20260523_171841__int4_hsearch__sparse_p0p1_taskgrad__hstar_cleanGL__int4_sparsep0p1_taskgrad_seedfixed_rte_hstar_cleanGL_h0p000435252858933_seed16_full_bs64_step20k__eval_metrics.jsonl
outputs/int4_sparse_prefix_seedfixed_int4fd_20k_20260523_171841/int4_hsearch/sparse_p0p1_taskgrad/hstar_cleanGL/int4_sparsep0p1_taskgrad_seedfixed_sst2_hstar_cleanGL_h0p000458314754972_seed16_full_bs64_step20k/run_summary.json,raw_run_summaries/outputs__int4_sparse_prefix_seedfixed_int4fd_20k_20260523_171841__int4_hsearch__sparse_p0p1_taskgrad__hstar_cleanGL__int4_sparsep0p1_taskgrad_seedfixed_sst2_hstar_cleanGL_h0p000458314754972_seed16_full_bs64_step20k__run_summary.json
outputs/int4_sparse_prefix_seedfixed_int4fd_20k_20260523_171841/int4_hsearch/sparse_p0p1_taskgrad/hstar_cleanGL/int4_sparsep0p1_taskgrad_seedfixed_sst2_hstar_cleanGL_h0p000458314754972_seed16_full_bs64_step20k/run_config.json,raw_run_summaries/outputs__int4_sparse_prefix_seedfixed_int4fd_20k_20260523_171841__int4_hsearch__sparse_p0p1_taskgrad__hstar_cleanGL__int4_sparsep0p1_taskgrad_seedfixed_sst2_hstar_cleanGL_h0p000458314754972_seed16_full_bs64_step20k__run_config.json
outputs/int4_sparse_prefix_seedfixed_int4fd_20k_20260523_171841/int4_hsearch/sparse_p0p1_taskgrad/hstar_cleanGL/int4_sparsep0p1_taskgrad_seedfixed_sst2_hstar_cleanGL_h0p000458314754972_seed16_full_bs64_step20k/run_manifest_row.json,raw_run_summaries/outputs__int4_sparse_prefix_seedfixed_int4fd_20k_20260523_171841__int4_hsearch__sparse_p0p1_taskgrad__hstar_cleanGL__int4_sparsep0p1_taskgrad_seedfixed_sst2_hstar_cleanGL_h0p000458314754972_seed16_full_bs64_step20k__run_manifest_row.json
outputs/int4_sparse_prefix_seedfixed_int4fd_20k_20260523_171841/int4_hsearch/sparse_p0p1_taskgrad/hstar_cleanGL/int4_sparsep0p1_taskgrad_seedfixed_sst2_hstar_cleanGL_h0p000458314754972_seed16_full_bs64_step20k/metrics.csv,raw_run_summaries/outputs__int4_sparse_prefix_seedfixed_int4fd_20k_20260523_171841__int4_hsearch__sparse_p0p1_taskgrad__hstar_cleanGL__int4_sparsep0p1_taskgrad_seedfixed_sst2_hstar_cleanGL_h0p000458314754972_seed16_full_bs64_step20k__metrics.csv
outputs/int4_sparse_prefix_seedfixed_int4fd_20k_20260523_171841/int4_hsearch/sparse_p0p1_taskgrad/hstar_cleanGL/int4_sparsep0p1_taskgrad_seedfixed_sst2_hstar_cleanGL_h0p000458314754972_seed16_full_bs64_step20k/eval_metrics.jsonl,raw_run_summaries/outputs__int4_sparse_prefix_seedfixed_int4fd_20k_20260523_171841__int4_hsearch__sparse_p0p1_taskgrad__hstar_cleanGL__int4_sparsep0p1_taskgrad_seedfixed_sst2_hstar_cleanGL_h0p000458314754972_seed16_full_bs64_step20k__eval_metrics.jsonl
outputs/int4_sparse_prefix_seedfixed_int4fd_20k_20260523_171841/int4_hsearch/sparse_p0p1_taskgrad/hstar_cleanGL/int4_sparsep0p1_taskgrad_seedfixed_sst5_hstar_cleanGL_h0p00133885768572_seed16_full_bs64_step20k/run_summary.json,raw_run_summaries/outputs__int4_sparse_prefix_seedfixed_int4fd_20k_20260523_171841__int4_hsearch__sparse_p0p1_taskgrad__hstar_cleanGL__int4_sparsep0p1_taskgrad_seedfixed_sst5_hstar_cleanGL_h0p00133885768572_seed16_full_bs64_step20k__run_summary.json
outputs/int4_sparse_prefix_seedfixed_int4fd_20k_20260523_171841/int4_hsearch/sparse_p0p1_taskgrad/hstar_cleanGL/int4_sparsep0p1_taskgrad_seedfixed_sst5_hstar_cleanGL_h0p00133885768572_seed16_full_bs64_step20k/run_config.json,raw_run_summaries/outputs__int4_sparse_prefix_seedfixed_int4fd_20k_20260523_171841__int4_hsearch__sparse_p0p1_taskgrad__hstar_cleanGL__int4_sparsep0p1_taskgrad_seedfixed_sst5_hstar_cleanGL_h0p00133885768572_seed16_full_bs64_step20k__run_config.json
outputs/int4_sparse_prefix_seedfixed_int4fd_20k_20260523_171841/int4_hsearch/sparse_p0p1_taskgrad/hstar_cleanGL/int4_sparsep0p1_taskgrad_seedfixed_sst5_hstar_cleanGL_h0p00133885768572_seed16_full_bs64_step20k/run_manifest_row.json,raw_run_summaries/outputs__int4_sparse_prefix_seedfixed_int4fd_20k_20260523_171841__int4_hsearch__sparse_p0p1_taskgrad__hstar_cleanGL__int4_sparsep0p1_taskgrad_seedfixed_sst5_hstar_cleanGL_h0p00133885768572_seed16_full_bs64_step20k__run_manifest_row.json
outputs/int4_sparse_prefix_seedfixed_int4fd_20k_20260523_171841/int4_hsearch/sparse_p0p1_taskgrad/hstar_cleanGL/int4_sparsep0p1_taskgrad_seedfixed_sst5_hstar_cleanGL_h0p00133885768572_seed16_full_bs64_step20k/metrics.csv,raw_run_summaries/outputs__int4_sparse_prefix_seedfixed_int4fd_20k_20260523_171841__int4_hsearch__sparse_p0p1_taskgrad__hstar_cleanGL__int4_sparsep0p1_taskgrad_seedfixed_sst5_hstar_cleanGL_h0p00133885768572_seed16_full_bs64_step20k__metrics.csv
outputs/int4_sparse_prefix_seedfixed_int4fd_20k_20260523_171841/int4_hsearch/sparse_p0p1_taskgrad/hstar_cleanGL/int4_sparsep0p1_taskgrad_seedfixed_sst5_hstar_cleanGL_h0p00133885768572_seed16_full_bs64_step20k/eval_metrics.jsonl,raw_run_summaries/outputs__int4_sparse_prefix_seedfixed_int4fd_20k_20260523_171841__int4_hsearch__sparse_p0p1_taskgrad__hstar_cleanGL__int4_sparsep0p1_taskgrad_seedfixed_sst5_hstar_cleanGL_h0p00133885768572_seed16_full_bs64_step20k__eval_metrics.jsonl
outputs/int4_sparse_prefix_seedfixed_int4fd_20k_20260523_171841/int4_hsearch/sparse_p0p1_taskgrad/hstar_cleanGL/int4_sparsep0p1_taskgrad_seedfixed_trec_hstar_cleanGL_h0p00121355333632_seed16_full_bs64_step20k/run_summary.json,raw_run_summaries/outputs__int4_sparse_prefix_seedfixed_int4fd_20k_20260523_171841__int4_hsearch__sparse_p0p1_taskgrad__hstar_cleanGL__int4_sparsep0p1_taskgrad_seedfixed_trec_hstar_cleanGL_h0p00121355333632_seed16_full_bs64_step20k__run_summary.json
outputs/int4_sparse_prefix_seedfixed_int4fd_20k_20260523_171841/int4_hsearch/sparse_p0p1_taskgrad/hstar_cleanGL/int4_sparsep0p1_taskgrad_seedfixed_trec_hstar_cleanGL_h0p00121355333632_seed16_full_bs64_step20k/run_config.json,raw_run_summaries/outputs__int4_sparse_prefix_seedfixed_int4fd_20k_20260523_171841__int4_hsearch__sparse_p0p1_taskgrad__hstar_cleanGL__int4_sparsep0p1_taskgrad_seedfixed_trec_hstar_cleanGL_h0p00121355333632_seed16_full_bs64_step20k__run_config.json
outputs/int4_sparse_prefix_seedfixed_int4fd_20k_20260523_171841/int4_hsearch/sparse_p0p1_taskgrad/hstar_cleanGL/int4_sparsep0p1_taskgrad_seedfixed_trec_hstar_cleanGL_h0p00121355333632_seed16_full_bs64_step20k/run_manifest_row.json,raw_run_summaries/outputs__int4_sparse_prefix_seedfixed_int4fd_20k_20260523_171841__int4_hsearch__sparse_p0p1_taskgrad__hstar_cleanGL__int4_sparsep0p1_taskgrad_seedfixed_trec_hstar_cleanGL_h0p00121355333632_seed16_full_bs64_step20k__run_manifest_row.json
outputs/int4_sparse_prefix_seedfixed_int4fd_20k_20260523_171841/int4_hsearch/sparse_p0p1_taskgrad/hstar_cleanGL/int4_sparsep0p1_taskgrad_seedfixed_trec_hstar_cleanGL_h0p00121355333632_seed16_full_bs64_step20k/metrics.csv,raw_run_summaries/outputs__int4_sparse_prefix_seedfixed_int4fd_20k_20260523_171841__int4_hsearch__sparse_p0p1_taskgrad__hstar_cleanGL__int4_sparsep0p1_taskgrad_seedfixed_trec_hstar_cleanGL_h0p00121355333632_seed16_full_bs64_step20k__metrics.csv
outputs/int4_sparse_prefix_seedfixed_int4fd_20k_20260523_171841/int4_hsearch/sparse_p0p1_taskgrad/hstar_cleanGL/int4_sparsep0p1_taskgrad_seedfixed_trec_hstar_cleanGL_h0p00121355333632_seed16_full_bs64_step20k/eval_metrics.jsonl,raw_run_summaries/outputs__int4_sparse_prefix_seedfixed_int4fd_20k_20260523_171841__int4_hsearch__sparse_p0p1_taskgrad__hstar_cleanGL__int4_sparsep0p1_taskgrad_seedfixed_trec_hstar_cleanGL_h0p00121355333632_seed16_full_bs64_step20k__eval_metrics.jsonl
outputs/int4_sparse_prefix_seedfixed_int4fd_20k_20260523_171841/int4_hsearch/sparse_p0p1_taskgrad/hstar_lowbitL/int4_sparsep0p1_taskgrad_seedfixed_mnli_hstar_lowbitL_h0p000437324731266_seed16_full_bs64_step20k/run_summary.json,raw_run_summaries/outputs__int4_sparse_prefix_seedfixed_int4fd_20k_20260523_171841__int4_hsearch__sparse_p0p1_taskgrad__hstar_lowbitL__int4_sparsep0p1_taskgrad_seedfixed_mnli_hstar_lowbitL_h0p000437324731266_seed16_full_bs64_step20k__run_summary.json
outputs/int4_sparse_prefix_seedfixed_int4fd_20k_20260523_171841/int4_hsearch/sparse_p0p1_taskgrad/hstar_lowbitL/int4_sparsep0p1_taskgrad_seedfixed_mnli_hstar_lowbitL_h0p000437324731266_seed16_full_bs64_step20k/run_config.json,raw_run_summaries/outputs__int4_sparse_prefix_seedfixed_int4fd_20k_20260523_171841__int4_hsearch__sparse_p0p1_taskgrad__hstar_lowbitL__int4_sparsep0p1_taskgrad_seedfixed_mnli_hstar_lowbitL_h0p000437324731266_seed16_full_bs64_step20k__run_config.json
outputs/int4_sparse_prefix_seedfixed_int4fd_20k_20260523_171841/int4_hsearch/sparse_p0p1_taskgrad/hstar_lowbitL/int4_sparsep0p1_taskgrad_seedfixed_mnli_hstar_lowbitL_h0p000437324731266_seed16_full_bs64_step20k/run_manifest_row.json,raw_run_summaries/outputs__int4_sparse_prefix_seedfixed_int4fd_20k_20260523_171841__int4_hsearch__sparse_p0p1_taskgrad__hstar_lowbitL__int4_sparsep0p1_taskgrad_seedfixed_mnli_hstar_lowbitL_h0p000437324731266_seed16_full_bs64_step20k__run_manifest_row.json
outputs/int4_sparse_prefix_seedfixed_int4fd_20k_20260523_171841/int4_hsearch/sparse_p0p1_taskgrad/hstar_lowbitL/int4_sparsep0p1_taskgrad_seedfixed_mnli_hstar_lowbitL_h0p000437324731266_seed16_full_bs64_step20k/metrics.csv,raw_run_summaries/outputs__int4_sparse_prefix_seedfixed_int4fd_20k_20260523_171841__int4_hsearch__sparse_p0p1_taskgrad__hstar_lowbitL__int4_sparsep0p1_taskgrad_seedfixed_mnli_hstar_lowbitL_h0p000437324731266_seed16_full_bs64_step20k__metrics.csv
outputs/int4_sparse_prefix_seedfixed_int4fd_20k_20260523_171841/int4_hsearch/sparse_p0p1_taskgrad/hstar_lowbitL/int4_sparsep0p1_taskgrad_seedfixed_mnli_hstar_lowbitL_h0p000437324731266_seed16_full_bs64_step20k/eval_metrics.jsonl,raw_run_summaries/outputs__int4_sparse_prefix_seedfixed_int4fd_20k_20260523_171841__int4_hsearch__sparse_p0p1_taskgrad__hstar_lowbitL__int4_sparsep0p1_taskgrad_seedfixed_mnli_hstar_lowbitL_h0p000437324731266_seed16_full_bs64_step20k__eval_metrics.jsonl
outputs/int4_sparse_prefix_seedfixed_int4fd_20k_20260523_171841/int4_hsearch/sparse_p0p1_taskgrad/hstar_lowbitL/int4_sparsep0p1_taskgrad_seedfixed_rte_hstar_lowbitL_h0p000359154678187_seed16_full_bs64_step20k/run_summary.json,raw_run_summaries/outputs__int4_sparse_prefix_seedfixed_int4fd_20k_20260523_171841__int4_hsearch__sparse_p0p1_taskgrad__hstar_lowbitL__int4_sparsep0p1_taskgrad_seedfixed_rte_hstar_lowbitL_h0p000359154678187_seed16_full_bs64_step20k__run_summary.json
outputs/int4_sparse_prefix_seedfixed_int4fd_20k_20260523_171841/int4_hsearch/sparse_p0p1_taskgrad/hstar_lowbitL/int4_sparsep0p1_taskgrad_seedfixed_rte_hstar_lowbitL_h0p000359154678187_seed16_full_bs64_step20k/run_config.json,raw_run_summaries/outputs__int4_sparse_prefix_seedfixed_int4fd_20k_20260523_171841__int4_hsearch__sparse_p0p1_taskgrad__hstar_lowbitL__int4_sparsep0p1_taskgrad_seedfixed_rte_hstar_lowbitL_h0p000359154678187_seed16_full_bs64_step20k__run_config.json
outputs/int4_sparse_prefix_seedfixed_int4fd_20k_20260523_171841/int4_hsearch/sparse_p0p1_taskgrad/hstar_lowbitL/int4_sparsep0p1_taskgrad_seedfixed_rte_hstar_lowbitL_h0p000359154678187_seed16_full_bs64_step20k/run_manifest_row.json,raw_run_summaries/outputs__int4_sparse_prefix_seedfixed_int4fd_20k_20260523_171841__int4_hsearch__sparse_p0p1_taskgrad__hstar_lowbitL__int4_sparsep0p1_taskgrad_seedfixed_rte_hstar_lowbitL_h0p000359154678187_seed16_full_bs64_step20k__run_manifest_row.json
outputs/int4_sparse_prefix_seedfixed_int4fd_20k_20260523_171841/int4_hsearch/sparse_p0p1_taskgrad/hstar_lowbitL/int4_sparsep0p1_taskgrad_seedfixed_rte_hstar_lowbitL_h0p000359154678187_seed16_full_bs64_step20k/metrics.csv,raw_run_summaries/outputs__int4_sparse_prefix_seedfixed_int4fd_20k_20260523_171841__int4_hsearch__sparse_p0p1_taskgrad__hstar_lowbitL__int4_sparsep0p1_taskgrad_seedfixed_rte_hstar_lowbitL_h0p000359154678187_seed16_full_bs64_step20k__metrics.csv
outputs/int4_sparse_prefix_seedfixed_int4fd_20k_20260523_171841/int4_hsearch/sparse_p0p1_taskgrad/hstar_lowbitL/int4_sparsep0p1_taskgrad_seedfixed_rte_hstar_lowbitL_h0p000359154678187_seed16_full_bs64_step20k/eval_metrics.jsonl,raw_run_summaries/outputs__int4_sparse_prefix_seedfixed_int4fd_20k_20260523_171841__int4_hsearch__sparse_p0p1_taskgrad__hstar_lowbitL__int4_sparsep0p1_taskgrad_seedfixed_rte_hstar_lowbitL_h0p000359154678187_seed16_full_bs64_step20k__eval_metrics.jsonl
outputs/int4_sparse_prefix_seedfixed_int4fd_20k_20260523_171841/int4_hsearch/sparse_p0p1_taskgrad/hstar_lowbitL/int4_sparsep0p1_taskgrad_seedfixed_sst2_hstar_lowbitL_h0p00104400574666_seed16_full_bs64_step20k/run_summary.json,raw_run_summaries/outputs__int4_sparse_prefix_seedfixed_int4fd_20k_20260523_171841__int4_hsearch__sparse_p0p1_taskgrad__hstar_lowbitL__int4_sparsep0p1_taskgrad_seedfixed_sst2_hstar_lowbitL_h0p00104400574666_seed16_full_bs64_step20k__run_summary.json
outputs/int4_sparse_prefix_seedfixed_int4fd_20k_20260523_171841/int4_hsearch/sparse_p0p1_taskgrad/hstar_lowbitL/int4_sparsep0p1_taskgrad_seedfixed_sst2_hstar_lowbitL_h0p00104400574666_seed16_full_bs64_step20k/run_config.json,raw_run_summaries/outputs__int4_sparse_prefix_seedfixed_int4fd_20k_20260523_171841__int4_hsearch__sparse_p0p1_taskgrad__hstar_lowbitL__int4_sparsep0p1_taskgrad_seedfixed_sst2_hstar_lowbitL_h0p00104400574666_seed16_full_bs64_step20k__run_config.json
outputs/int4_sparse_prefix_seedfixed_int4fd_20k_20260523_171841/int4_hsearch/sparse_p0p1_taskgrad/hstar_lowbitL/int4_sparsep0p1_taskgrad_seedfixed_sst2_hstar_lowbitL_h0p00104400574666_seed16_full_bs64_step20k/run_manifest_row.json,raw_run_summaries/outputs__int4_sparse_prefix_seedfixed_int4fd_20k_20260523_171841__int4_hsearch__sparse_p0p1_taskgrad__hstar_lowbitL__int4_sparsep0p1_taskgrad_seedfixed_sst2_hstar_lowbitL_h0p00104400574666_seed16_full_bs64_step20k__run_manifest_row.json
outputs/int4_sparse_prefix_seedfixed_int4fd_20k_20260523_171841/int4_hsearch/sparse_p0p1_taskgrad/hstar_lowbitL/int4_sparsep0p1_taskgrad_seedfixed_sst2_hstar_lowbitL_h0p00104400574666_seed16_full_bs64_step20k/metrics.csv,raw_run_summaries/outputs__int4_sparse_prefix_seedfixed_int4fd_20k_20260523_171841__int4_hsearch__sparse_p0p1_taskgrad__hstar_lowbitL__int4_sparsep0p1_taskgrad_seedfixed_sst2_hstar_lowbitL_h0p00104400574666_seed16_full_bs64_step20k__metrics.csv
outputs/int4_sparse_prefix_seedfixed_int4fd_20k_20260523_171841/int4_hsearch/sparse_p0p1_taskgrad/hstar_lowbitL/int4_sparsep0p1_taskgrad_seedfixed_sst2_hstar_lowbitL_h0p00104400574666_seed16_full_bs64_step20k/eval_metrics.jsonl,raw_run_summaries/outputs__int4_sparse_prefix_seedfixed_int4fd_20k_20260523_171841__int4_hsearch__sparse_p0p1_taskgrad__hstar_lowbitL__int4_sparsep0p1_taskgrad_seedfixed_sst2_hstar_lowbitL_h0p00104400574666_seed16_full_bs64_step20k__eval_metrics.jsonl
outputs/int4_sparse_prefix_seedfixed_int4fd_20k_20260523_171841/int4_hsearch/sparse_p0p1_taskgrad/hstar_lowbitL/int4_sparsep0p1_taskgrad_seedfixed_sst5_hstar_lowbitL_h0p00136650442032_seed16_full_bs64_step20k/run_summary.json,raw_run_summaries/outputs__int4_sparse_prefix_seedfixed_int4fd_20k_20260523_171841__int4_hsearch__sparse_p0p1_taskgrad__hstar_lowbitL__int4_sparsep0p1_taskgrad_seedfixed_sst5_hstar_lowbitL_h0p00136650442032_seed16_full_bs64_step20k__run_summary.json
outputs/int4_sparse_prefix_seedfixed_int4fd_20k_20260523_171841/int4_hsearch/sparse_p0p1_taskgrad/hstar_lowbitL/int4_sparsep0p1_taskgrad_seedfixed_sst5_hstar_lowbitL_h0p00136650442032_seed16_full_bs64_step20k/run_config.json,raw_run_summaries/outputs__int4_sparse_prefix_seedfixed_int4fd_20k_20260523_171841__int4_hsearch__sparse_p0p1_taskgrad__hstar_lowbitL__int4_sparsep0p1_taskgrad_seedfixed_sst5_hstar_lowbitL_h0p00136650442032_seed16_full_bs64_step20k__run_config.json
outputs/int4_sparse_prefix_seedfixed_int4fd_20k_20260523_171841/int4_hsearch/sparse_p0p1_taskgrad/hstar_lowbitL/int4_sparsep0p1_taskgrad_seedfixed_sst5_hstar_lowbitL_h0p00136650442032_seed16_full_bs64_step20k/run_manifest_row.json,raw_run_summaries/outputs__int4_sparse_prefix_seedfixed_int4fd_20k_20260523_171841__int4_hsearch__sparse_p0p1_taskgrad__hstar_lowbitL__int4_sparsep0p1_taskgrad_seedfixed_sst5_hstar_lowbitL_h0p00136650442032_seed16_full_bs64_step20k__run_manifest_row.json
outputs/int4_sparse_prefix_seedfixed_int4fd_20k_20260523_171841/int4_hsearch/sparse_p0p1_taskgrad/hstar_lowbitL/int4_sparsep0p1_taskgrad_seedfixed_sst5_hstar_lowbitL_h0p00136650442032_seed16_full_bs64_step20k/metrics.csv,raw_run_summaries/outputs__int4_sparse_prefix_seedfixed_int4fd_20k_20260523_171841__int4_hsearch__sparse_p0p1_taskgrad__hstar_lowbitL__int4_sparsep0p1_taskgrad_seedfixed_sst5_hstar_lowbitL_h0p00136650442032_seed16_full_bs64_step20k__metrics.csv
outputs/int4_sparse_prefix_seedfixed_int4fd_20k_20260523_171841/int4_hsearch/sparse_p0p1_taskgrad/hstar_lowbitL/int4_sparsep0p1_taskgrad_seedfixed_sst5_hstar_lowbitL_h0p00136650442032_seed16_full_bs64_step20k/eval_metrics.jsonl,raw_run_summaries/outputs__int4_sparse_prefix_seedfixed_int4fd_20k_20260523_171841__int4_hsearch__sparse_p0p1_taskgrad__hstar_lowbitL__int4_sparsep0p1_taskgrad_seedfixed_sst5_hstar_lowbitL_h0p00136650442032_seed16_full_bs64_step20k__eval_metrics.jsonl
outputs/int4_sparse_prefix_seedfixed_int4fd_20k_20260523_171841/int4_hsearch/sparse_p0p1_taskgrad/hstar_lowbitL/int4_sparsep0p1_taskgrad_seedfixed_trec_hstar_lowbitL_h0p000682557866419_seed16_full_bs64_step20k/run_summary.json,raw_run_summaries/outputs__int4_sparse_prefix_seedfixed_int4fd_20k_20260523_171841__int4_hsearch__sparse_p0p1_taskgrad__hstar_lowbitL__int4_sparsep0p1_taskgrad_seedfixed_trec_hstar_lowbitL_h0p000682557866419_seed16_full_bs64_step20k__run_summary.json
outputs/int4_sparse_prefix_seedfixed_int4fd_20k_20260523_171841/int4_hsearch/sparse_p0p1_taskgrad/hstar_lowbitL/int4_sparsep0p1_taskgrad_seedfixed_trec_hstar_lowbitL_h0p000682557866419_seed16_full_bs64_step20k/run_config.json,raw_run_summaries/outputs__int4_sparse_prefix_seedfixed_int4fd_20k_20260523_171841__int4_hsearch__sparse_p0p1_taskgrad__hstar_lowbitL__int4_sparsep0p1_taskgrad_seedfixed_trec_hstar_lowbitL_h0p000682557866419_seed16_full_bs64_step20k__run_config.json
outputs/int4_sparse_prefix_seedfixed_int4fd_20k_20260523_171841/int4_hsearch/sparse_p0p1_taskgrad/hstar_lowbitL/int4_sparsep0p1_taskgrad_seedfixed_trec_hstar_lowbitL_h0p000682557866419_seed16_full_bs64_step20k/run_manifest_row.json,raw_run_summaries/outputs__int4_sparse_prefix_seedfixed_int4fd_20k_20260523_171841__int4_hsearch__sparse_p0p1_taskgrad__hstar_lowbitL__int4_sparsep0p1_taskgrad_seedfixed_trec_hstar_lowbitL_h0p000682557866419_seed16_full_bs64_step20k__run_manifest_row.json
outputs/int4_sparse_prefix_seedfixed_int4fd_20k_20260523_171841/int4_hsearch/sparse_p0p1_taskgrad/hstar_lowbitL/int4_sparsep0p1_taskgrad_seedfixed_trec_hstar_lowbitL_h0p000682557866419_seed16_full_bs64_step20k/metrics.csv,raw_run_summaries/outputs__int4_sparse_prefix_seedfixed_int4fd_20k_20260523_171841__int4_hsearch__sparse_p0p1_taskgrad__hstar_lowbitL__int4_sparsep0p1_taskgrad_seedfixed_trec_hstar_lowbitL_h0p000682557866419_seed16_full_bs64_step20k__metrics.csv
outputs/int4_sparse_prefix_seedfixed_int4fd_20k_20260523_171841/int4_hsearch/sparse_p0p1_taskgrad/hstar_lowbitL/int4_sparsep0p1_taskgrad_seedfixed_trec_hstar_lowbitL_h0p000682557866419_seed16_full_bs64_step20k/eval_metrics.jsonl,raw_run_summaries/outputs__int4_sparse_prefix_seedfixed_int4fd_20k_20260523_171841__int4_hsearch__sparse_p0p1_taskgrad__hstar_lowbitL__int4_sparsep0p1_taskgrad_seedfixed_trec_hstar_lowbitL_h0p000682557866419_seed16_full_bs64_step20k__eval_metrics.jsonl
outputs/int4_sparse_prefix_seedfixed_int4fd_20k_20260523_171841/int4_hsearch/sparse_p0p1_taskgrad/mezo_default/int4_sparsep0p1_taskgrad_seedfixed_mnli_mezo_default_h1e-3_seed16_full_bs64_step20k/run_summary.json,raw_run_summaries/outputs__int4_sparse_prefix_seedfixed_int4fd_20k_20260523_171841__int4_hsearch__sparse_p0p1_taskgrad__mezo_default__int4_sparsep0p1_taskgrad_seedfixed_mnli_mezo_default_h1e-3_seed16_full_bs64_step20k__run_summary.json
outputs/int4_sparse_prefix_seedfixed_int4fd_20k_20260523_171841/int4_hsearch/sparse_p0p1_taskgrad/mezo_default/int4_sparsep0p1_taskgrad_seedfixed_mnli_mezo_default_h1e-3_seed16_full_bs64_step20k/run_config.json,raw_run_summaries/outputs__int4_sparse_prefix_seedfixed_int4fd_20k_20260523_171841__int4_hsearch__sparse_p0p1_taskgrad__mezo_default__int4_sparsep0p1_taskgrad_seedfixed_mnli_mezo_default_h1e-3_seed16_full_bs64_step20k__run_config.json
outputs/int4_sparse_prefix_seedfixed_int4fd_20k_20260523_171841/int4_hsearch/sparse_p0p1_taskgrad/mezo_default/int4_sparsep0p1_taskgrad_seedfixed_mnli_mezo_default_h1e-3_seed16_full_bs64_step20k/run_manifest_row.json,raw_run_summaries/outputs__int4_sparse_prefix_seedfixed_int4fd_20k_20260523_171841__int4_hsearch__sparse_p0p1_taskgrad__mezo_default__int4_sparsep0p1_taskgrad_seedfixed_mnli_mezo_default_h1e-3_seed16_full_bs64_step20k__run_manifest_row.json
outputs/int4_sparse_prefix_seedfixed_int4fd_20k_20260523_171841/int4_hsearch/sparse_p0p1_taskgrad/mezo_default/int4_sparsep0p1_taskgrad_seedfixed_mnli_mezo_default_h1e-3_seed16_full_bs64_step20k/metrics.csv,raw_run_summaries/outputs__int4_sparse_prefix_seedfixed_int4fd_20k_20260523_171841__int4_hsearch__sparse_p0p1_taskgrad__mezo_default__int4_sparsep0p1_taskgrad_seedfixed_mnli_mezo_default_h1e-3_seed16_full_bs64_step20k__metrics.csv
outputs/int4_sparse_prefix_seedfixed_int4fd_20k_20260523_171841/int4_hsearch/sparse_p0p1_taskgrad/mezo_default/int4_sparsep0p1_taskgrad_seedfixed_mnli_mezo_default_h1e-3_seed16_full_bs64_step20k/eval_metrics.jsonl,raw_run_summaries/outputs__int4_sparse_prefix_seedfixed_int4fd_20k_20260523_171841__int4_hsearch__sparse_p0p1_taskgrad__mezo_default__int4_sparsep0p1_taskgrad_seedfixed_mnli_mezo_default_h1e-3_seed16_full_bs64_step20k__eval_metrics.jsonl
outputs/int4_sparse_prefix_seedfixed_int4fd_20k_20260523_171841/int4_hsearch/sparse_p0p1_taskgrad/mezo_default/int4_sparsep0p1_taskgrad_seedfixed_rte_mezo_default_h1e-3_seed16_full_bs64_step20k/run_summary.json,raw_run_summaries/outputs__int4_sparse_prefix_seedfixed_int4fd_20k_20260523_171841__int4_hsearch__sparse_p0p1_taskgrad__mezo_default__int4_sparsep0p1_taskgrad_seedfixed_rte_mezo_default_h1e-3_seed16_full_bs64_step20k__run_summary.json
outputs/int4_sparse_prefix_seedfixed_int4fd_20k_20260523_171841/int4_hsearch/sparse_p0p1_taskgrad/mezo_default/int4_sparsep0p1_taskgrad_seedfixed_rte_mezo_default_h1e-3_seed16_full_bs64_step20k/run_config.json,raw_run_summaries/outputs__int4_sparse_prefix_seedfixed_int4fd_20k_20260523_171841__int4_hsearch__sparse_p0p1_taskgrad__mezo_default__int4_sparsep0p1_taskgrad_seedfixed_rte_mezo_default_h1e-3_seed16_full_bs64_step20k__run_config.json
outputs/int4_sparse_prefix_seedfixed_int4fd_20k_20260523_171841/int4_hsearch/sparse_p0p1_taskgrad/mezo_default/int4_sparsep0p1_taskgrad_seedfixed_rte_mezo_default_h1e-3_seed16_full_bs64_step20k/run_manifest_row.json,raw_run_summaries/outputs__int4_sparse_prefix_seedfixed_int4fd_20k_20260523_171841__int4_hsearch__sparse_p0p1_taskgrad__mezo_default__int4_sparsep0p1_taskgrad_seedfixed_rte_mezo_default_h1e-3_seed16_full_bs64_step20k__run_manifest_row.json
outputs/int4_sparse_prefix_seedfixed_int4fd_20k_20260523_171841/int4_hsearch/sparse_p0p1_taskgrad/mezo_default/int4_sparsep0p1_taskgrad_seedfixed_rte_mezo_default_h1e-3_seed16_full_bs64_step20k/metrics.csv,raw_run_summaries/outputs__int4_sparse_prefix_seedfixed_int4fd_20k_20260523_171841__int4_hsearch__sparse_p0p1_taskgrad__mezo_default__int4_sparsep0p1_taskgrad_seedfixed_rte_mezo_default_h1e-3_seed16_full_bs64_step20k__metrics.csv
outputs/int4_sparse_prefix_seedfixed_int4fd_20k_20260523_171841/int4_hsearch/sparse_p0p1_taskgrad/mezo_default/int4_sparsep0p1_taskgrad_seedfixed_rte_mezo_default_h1e-3_seed16_full_bs64_step20k/eval_metrics.jsonl,raw_run_summaries/outputs__int4_sparse_prefix_seedfixed_int4fd_20k_20260523_171841__int4_hsearch__sparse_p0p1_taskgrad__mezo_default__int4_sparsep0p1_taskgrad_seedfixed_rte_mezo_default_h1e-3_seed16_full_bs64_step20k__eval_metrics.jsonl
outputs/int4_sparse_prefix_seedfixed_int4fd_20k_20260523_171841/int4_hsearch/sparse_p0p1_taskgrad/mezo_default/int4_sparsep0p1_taskgrad_seedfixed_sst2_mezo_default_h1e-3_seed16_full_bs64_step20k/run_summary.json,raw_run_summaries/outputs__int4_sparse_prefix_seedfixed_int4fd_20k_20260523_171841__int4_hsearch__sparse_p0p1_taskgrad__mezo_default__int4_sparsep0p1_taskgrad_seedfixed_sst2_mezo_default_h1e-3_seed16_full_bs64_step20k__run_summary.json
outputs/int4_sparse_prefix_seedfixed_int4fd_20k_20260523_171841/int4_hsearch/sparse_p0p1_taskgrad/mezo_default/int4_sparsep0p1_taskgrad_seedfixed_sst2_mezo_default_h1e-3_seed16_full_bs64_step20k/run_config.json,raw_run_summaries/outputs__int4_sparse_prefix_seedfixed_int4fd_20k_20260523_171841__int4_hsearch__sparse_p0p1_taskgrad__mezo_default__int4_sparsep0p1_taskgrad_seedfixed_sst2_mezo_default_h1e-3_seed16_full_bs64_step20k__run_config.json
outputs/int4_sparse_prefix_seedfixed_int4fd_20k_20260523_171841/int4_hsearch/sparse_p0p1_taskgrad/mezo_default/int4_sparsep0p1_taskgrad_seedfixed_sst2_mezo_default_h1e-3_seed16_full_bs64_step20k/run_manifest_row.json,raw_run_summaries/outputs__int4_sparse_prefix_seedfixed_int4fd_20k_20260523_171841__int4_hsearch__sparse_p0p1_taskgrad__mezo_default__int4_sparsep0p1_taskgrad_seedfixed_sst2_mezo_default_h1e-3_seed16_full_bs64_step20k__run_manifest_row.json
outputs/int4_sparse_prefix_seedfixed_int4fd_20k_20260523_171841/int4_hsearch/sparse_p0p1_taskgrad/mezo_default/int4_sparsep0p1_taskgrad_seedfixed_sst2_mezo_default_h1e-3_seed16_full_bs64_step20k/metrics.csv,raw_run_summaries/outputs__int4_sparse_prefix_seedfixed_int4fd_20k_20260523_171841__int4_hsearch__sparse_p0p1_taskgrad__mezo_default__int4_sparsep0p1_taskgrad_seedfixed_sst2_mezo_default_h1e-3_seed16_full_bs64_step20k__metrics.csv
outputs/int4_sparse_prefix_seedfixed_int4fd_20k_20260523_171841/int4_hsearch/sparse_p0p1_taskgrad/mezo_default/int4_sparsep0p1_taskgrad_seedfixed_sst2_mezo_default_h1e-3_seed16_full_bs64_step20k/eval_metrics.jsonl,raw_run_summaries/outputs__int4_sparse_prefix_seedfixed_int4fd_20k_20260523_171841__int4_hsearch__sparse_p0p1_taskgrad__mezo_default__int4_sparsep0p1_taskgrad_seedfixed_sst2_mezo_default_h1e-3_seed16_full_bs64_step20k__eval_metrics.jsonl
outputs/int4_sparse_prefix_seedfixed_int4fd_20k_20260523_171841/int4_hsearch/sparse_p0p1_taskgrad/mezo_default/int4_sparsep0p1_taskgrad_seedfixed_sst5_mezo_default_h1e-3_seed16_full_bs64_step20k/run_summary.json,raw_run_summaries/outputs__int4_sparse_prefix_seedfixed_int4fd_20k_20260523_171841__int4_hsearch__sparse_p0p1_taskgrad__mezo_default__int4_sparsep0p1_taskgrad_seedfixed_sst5_mezo_default_h1e-3_seed16_full_bs64_step20k__run_summary.json
outputs/int4_sparse_prefix_seedfixed_int4fd_20k_20260523_171841/int4_hsearch/sparse_p0p1_taskgrad/mezo_default/int4_sparsep0p1_taskgrad_seedfixed_sst5_mezo_default_h1e-3_seed16_full_bs64_step20k/run_config.json,raw_run_summaries/outputs__int4_sparse_prefix_seedfixed_int4fd_20k_20260523_171841__int4_hsearch__sparse_p0p1_taskgrad__mezo_default__int4_sparsep0p1_taskgrad_seedfixed_sst5_mezo_default_h1e-3_seed16_full_bs64_step20k__run_config.json
outputs/int4_sparse_prefix_seedfixed_int4fd_20k_20260523_171841/int4_hsearch/sparse_p0p1_taskgrad/mezo_default/int4_sparsep0p1_taskgrad_seedfixed_sst5_mezo_default_h1e-3_seed16_full_bs64_step20k/run_manifest_row.json,raw_run_summaries/outputs__int4_sparse_prefix_seedfixed_int4fd_20k_20260523_171841__int4_hsearch__sparse_p0p1_taskgrad__mezo_default__int4_sparsep0p1_taskgrad_seedfixed_sst5_mezo_default_h1e-3_seed16_full_bs64_step20k__run_manifest_row.json
outputs/int4_sparse_prefix_seedfixed_int4fd_20k_20260523_171841/int4_hsearch/sparse_p0p1_taskgrad/mezo_default/int4_sparsep0p1_taskgrad_seedfixed_sst5_mezo_default_h1e-3_seed16_full_bs64_step20k/metrics.csv,raw_run_summaries/outputs__int4_sparse_prefix_seedfixed_int4fd_20k_20260523_171841__int4_hsearch__sparse_p0p1_taskgrad__mezo_default__int4_sparsep0p1_taskgrad_seedfixed_sst5_mezo_default_h1e-3_seed16_full_bs64_step20k__metrics.csv
outputs/int4_sparse_prefix_seedfixed_int4fd_20k_20260523_171841/int4_hsearch/sparse_p0p1_taskgrad/mezo_default/int4_sparsep0p1_taskgrad_seedfixed_sst5_mezo_default_h1e-3_seed16_full_bs64_step20k/eval_metrics.jsonl,raw_run_summaries/outputs__int4_sparse_prefix_seedfixed_int4fd_20k_20260523_171841__int4_hsearch__sparse_p0p1_taskgrad__mezo_default__int4_sparsep0p1_taskgrad_seedfixed_sst5_mezo_default_h1e-3_seed16_full_bs64_step20k__eval_metrics.jsonl
outputs/int4_sparse_prefix_seedfixed_int4fd_20k_20260523_171841/int4_hsearch/sparse_p0p1_taskgrad/mezo_default/int4_sparsep0p1_taskgrad_seedfixed_trec_mezo_default_h1e-3_seed16_full_bs64_step20k/run_summary.json,raw_run_summaries/outputs__int4_sparse_prefix_seedfixed_int4fd_20k_20260523_171841__int4_hsearch__sparse_p0p1_taskgrad__mezo_default__int4_sparsep0p1_taskgrad_seedfixed_trec_mezo_default_h1e-3_seed16_full_bs64_step20k__run_summary.json
outputs/int4_sparse_prefix_seedfixed_int4fd_20k_20260523_171841/int4_hsearch/sparse_p0p1_taskgrad/mezo_default/int4_sparsep0p1_taskgrad_seedfixed_trec_mezo_default_h1e-3_seed16_full_bs64_step20k/run_config.json,raw_run_summaries/outputs__int4_sparse_prefix_seedfixed_int4fd_20k_20260523_171841__int4_hsearch__sparse_p0p1_taskgrad__mezo_default__int4_sparsep0p1_taskgrad_seedfixed_trec_mezo_default_h1e-3_seed16_full_bs64_step20k__run_config.json
outputs/int4_sparse_prefix_seedfixed_int4fd_20k_20260523_171841/int4_hsearch/sparse_p0p1_taskgrad/mezo_default/int4_sparsep0p1_taskgrad_seedfixed_trec_mezo_default_h1e-3_seed16_full_bs64_step20k/run_manifest_row.json,raw_run_summaries/outputs__int4_sparse_prefix_seedfixed_int4fd_20k_20260523_171841__int4_hsearch__sparse_p0p1_taskgrad__mezo_default__int4_sparsep0p1_taskgrad_seedfixed_trec_mezo_default_h1e-3_seed16_full_bs64_step20k__run_manifest_row.json
outputs/int4_sparse_prefix_seedfixed_int4fd_20k_20260523_171841/int4_hsearch/sparse_p0p1_taskgrad/mezo_default/int4_sparsep0p1_taskgrad_seedfixed_trec_mezo_default_h1e-3_seed16_full_bs64_step20k/metrics.csv,raw_run_summaries/outputs__int4_sparse_prefix_seedfixed_int4fd_20k_20260523_171841__int4_hsearch__sparse_p0p1_taskgrad__mezo_default__int4_sparsep0p1_taskgrad_seedfixed_trec_mezo_default_h1e-3_seed16_full_bs64_step20k__metrics.csv
outputs/int4_sparse_prefix_seedfixed_int4fd_20k_20260523_171841/int4_hsearch/sparse_p0p1_taskgrad/mezo_default/int4_sparsep0p1_taskgrad_seedfixed_trec_mezo_default_h1e-3_seed16_full_bs64_step20k/eval_metrics.jsonl,raw_run_summaries/outputs__int4_sparse_prefix_seedfixed_int4fd_20k_20260523_171841__int4_hsearch__sparse_p0p1_taskgrad__mezo_default__int4_sparsep0p1_taskgrad_seedfixed_trec_mezo_default_h1e-3_seed16_full_bs64_step20k__eval_metrics.jsonl
outputs/sharp_interval_roberta_int4_eval/int4_hsearch/dense/int4_dense_trec_sharp_h3e-3_seed16_full_bs64_step20k/run_summary.json,raw_run_summaries/outputs__sharp_interval_roberta_int4_eval__int4_hsearch__dense__int4_dense_trec_sharp_h3e-3_seed16_full_bs64_step20k__run_summary.json
outputs/sharp_interval_roberta_int4_eval/int4_hsearch/dense/int4_dense_trec_sharp_h3e-3_seed16_full_bs64_step20k/run_config.json,raw_run_summaries/outputs__sharp_interval_roberta_int4_eval__int4_hsearch__dense__int4_dense_trec_sharp_h3e-3_seed16_full_bs64_step20k__run_config.json
outputs/sharp_interval_roberta_int4_eval/int4_hsearch/dense/int4_dense_trec_sharp_h3e-3_seed16_full_bs64_step20k/run_manifest_row.json,raw_run_summaries/outputs__sharp_interval_roberta_int4_eval__int4_hsearch__dense__int4_dense_trec_sharp_h3e-3_seed16_full_bs64_step20k__run_manifest_row.json
outputs/sharp_interval_roberta_int4_eval/int4_hsearch/dense/int4_dense_trec_sharp_h3e-3_seed16_full_bs64_step20k/metrics.csv,raw_run_summaries/outputs__sharp_interval_roberta_int4_eval__int4_hsearch__dense__int4_dense_trec_sharp_h3e-3_seed16_full_bs64_step20k__metrics.csv
outputs/sharp_interval_roberta_int4_eval/int4_hsearch/dense/int4_dense_trec_sharp_h3e-3_seed16_full_bs64_step20k/eval_metrics.jsonl,raw_run_summaries/outputs__sharp_interval_roberta_int4_eval__int4_hsearch__dense__int4_dense_trec_sharp_h3e-3_seed16_full_bs64_step20k__eval_metrics.jsonl
