[nan-guard] command=python /scratch/jy03364/MeZO_/large_models/run.py --model_name opt-1.3b --task_name SST5 --output_dir /scratch/jy03364/MeZO_/experiments/h_sweep_14h/results/sparse_mezo16/opt-1.3b/sst5/h_1e-7/seed_42 --overwrite_output_dir --tag hsweep14h-sparse_mezo16-sst5-h1e-7-seed42 --dataset_mode full --num_k 16 --data_seed 42 --train_set_seed 42 --trainer zo --load_float16 --zo_quantization_bits 16 --sparse_ratio 0.25 --sparse_mask_strategy percentile_per_layer --sparse_scope trainable_only --sparse_log_active_fraction True --train_as_classification --learning_rate 1e-6 --zo_eps 1e-7 --num_train_epochs 5 --per_device_train_batch_size 16 --gradient_accumulation_steps 1 --lr_scheduler_type constant --evaluation_strategy steps --save_strategy no --eval_steps 5000 --logging_steps 10 --zo_probe_every 100 --zo_probe_num_seeds 16 --zo_probe_log_csv
[nan-guard] cwd=/scratch/jy03364/MeZO_/experiments/h_sweep_14h max_consecutive_nan=100
/home/jy03364/miniconda3/envs/mezo-env/lib/python3.10/site-packages/transformers/utils/generic.py:441: FutureWarning: `torch.utils._pytree._register_pytree_node` is deprecated. Please use `torch.utils._pytree.register_pytree_node` instead.
  _torch_pytree._register_pytree_node(
/home/jy03364/miniconda3/envs/mezo-env/lib/python3.10/site-packages/transformers/utils/generic.py:309: FutureWarning: `torch.utils._pytree._register_pytree_node` is deprecated. Please use `torch.utils._pytree.register_pytree_node` instead.
  _torch_pytree._register_pytree_node(
/home/jy03364/miniconda3/envs/mezo-env/lib/python3.10/site-packages/transformers/utils/generic.py:309: FutureWarning: `torch.utils._pytree._register_pytree_node` is deprecated. Please use `torch.utils._pytree.register_pytree_node` instead.
  _torch_pytree._register_pytree_node(
/home/jy03364/miniconda3/envs/mezo-env/lib/python3.10/site-packages/transformers/deepspeed.py:23: FutureWarning: transformers.deepspeed module is deprecated and will be removed in a future version. Please import deepspeed modules directly from transformers.integrations
  warnings.warn(
2026-04-16 22:28:45,892 - INFO - [model] requested=opt-1.3b resolved=facebook/opt-1.3b family_hint=opt
2026-04-16 22:28:45,892 - INFO - [data] task_name=SST5 dataset_mode=full num_k=16 data_seed=42 full_dev_ratio=0.1
Repo card metadata block was not found. Setting CardData to empty.
2026-04-16 22:28:46,153 - WARNING - Repo card metadata block was not found. Setting CardData to empty.
2026-04-16 22:28:46,744 - INFO - Loading model with FP16...
/home/jy03364/miniconda3/envs/mezo-env/lib/python3.10/site-packages/huggingface_hub/file_download.py:942: FutureWarning: `resume_download` is deprecated and will be removed in version 1.0.0. Downloads always resume when possible. If you want to force a new download, use `force_download=True`.
  warnings.warn(
2026-04-16 22:28:46,798 - INFO - [model] disabling auto device placement for training; Trainer/Accelerate will place the model
/home/jy03364/miniconda3/envs/mezo-env/lib/python3.10/site-packages/transformers/modeling_utils.py:484: FutureWarning: You are using `torch.load` with `weights_only=False` (the current default value), which uses the default pickle module implicitly. It is possible to construct malicious pickle data which will execute arbitrary code during unpickling (See https://github.com/pytorch/pytorch/blob/main/SECURITY.md#untrusted-models for more details). In a future release, the default value for `weights_only` will be flipped to `True`. This limits the functions that could be executed during unpickling. Arbitrary objects will no longer be allowed to be loaded via this mode unless they are explicitly allowlisted by the user via `torch.serialization.add_safe_globals`. We recommend you start setting `weights_only=True` for any use case where you don't have full control of the loaded file. Please open an issue on GitHub for any issues related to this experimental feature.
  return torch.load(checkpoint_file, map_location=map_location)
2026-04-16 22:28:56,440 - INFO - Done with 9.70s
2026-04-16 22:28:56,594 - INFO - [quzo-config] quantized model parameters in-place at 16 bits before ZO training
2026-04-16 22:28:56,594 - INFO - [sparse-mezo-config] enabled=True | sparse_ratio=0.25 | sparse_mask_strategy=percentile_per_layer | sparse_scope=trainable_only | sparse_log_active_fraction=True
2026-04-16 22:28:56,594 - INFO - [sparse-mezo-config] ratio semantics: sparse_ratio targets the active fraction per trainable tensor; ratio=1.0 disables masking. Order: construct direction -> apply sparse mask -> apply QuZO snapping after masked perturb/update when low-bit QuZO is active.
2026-04-16 22:28:56,627 - INFO - Preparing training/evaluation datasets...
2026-04-16 22:28:56,627 - INFO - Done with 0.00s
2026-04-16 22:28:57,060 - INFO - ***** Running training *****
2026-04-16 22:28:57,060 - INFO -   Num examples = 7690
2026-04-16 22:28:57,061 - INFO -   Num Epochs = 5
2026-04-16 22:28:57,061 - INFO -   Instantaneous batch size per device = 16
2026-04-16 22:28:57,061 - INFO -   Total train batch size (w. parallel, distributed & accumulation) = 16
2026-04-16 22:28:57,061 - INFO -   Gradient Accumulation steps = 1
2026-04-16 22:28:57,061 - INFO -   Total optimization steps = 2405
2026-04-16 22:28:57,061 - INFO -   Number of trainable parameters = 1315758080

  0%|          | 0/2405 [00:00<?, ?it/s]2026-04-16 22:29:01,298 - INFO - [sparse-mezo] global_step=0 active_fraction=0.250133 active_params=329115135/1315758080 configured_ratio=0.250000 mask_strategy=percentile_per_layer scope=trainable_only

  0%|          | 1/2405 [00:04<3:05:14,  4.62s/it]2026-04-16 22:29:05,869 - INFO - [sparse-mezo] global_step=1 active_fraction=0.250144 active_params=329129436/1315758080 configured_ratio=0.250000 mask_strategy=percentile_per_layer scope=trainable_only

  0%|          | 2/2405 [00:08<2:58:55,  4.47s/it]2026-04-16 22:29:10,222 - INFO - [sparse-mezo] global_step=2 active_fraction=0.250144 active_params=329129435/1315758080 configured_ratio=0.250000 mask_strategy=percentile_per_layer scope=trainable_only

  0%|          | 3/2405 [00:13<2:56:57,  4.42s/it]2026-04-16 22:29:14,559 - INFO - [sparse-mezo] global_step=3 active_fraction=0.250237 active_params=329251798/1315758080 configured_ratio=0.250000 mask_strategy=percentile_per_layer scope=trainable_only

  0%|          | 4/2405 [00:17<2:55:19,  4.38s/it]2026-04-16 22:29:18,880 - INFO - [sparse-mezo] global_step=4 active_fraction=0.250237 active_params=329251799/1315758080 configured_ratio=0.250000 mask_strategy=percentile_per_layer scope=trainable_only

  0%|          | 5/2405 [00:21<2:54:27,  4.36s/it]2026-04-16 22:29:23,196 - INFO - [sparse-mezo] global_step=5 active_fraction=0.250251 active_params=329269321/1315758080 configured_ratio=0.250000 mask_strategy=percentile_per_layer scope=trainable_only

  0%|          | 6/2405 [00:26<2:53:53,  4.35s/it]2026-04-16 22:29:27,508 - INFO - [sparse-mezo] global_step=6 active_fraction=0.250267 active_params=329291283/1315758080 configured_ratio=0.250000 mask_strategy=percentile_per_layer scope=trainable_only

  0%|          | 7/2405 [00:30<2:53:12,  4.33s/it]2026-04-16 22:29:31,775 - INFO - [sparse-mezo] global_step=7 active_fraction=0.250344 active_params=329392218/1315758080 configured_ratio=0.250000 mask_strategy=percentile_per_layer scope=trainable_only

  0%|          | 8/2405 [00:34<2:52:17,  4.31s/it]2026-04-16 22:29:36,013 - INFO - [sparse-mezo] global_step=8 active_fraction=0.250463 active_params=329548434/1315758080 configured_ratio=0.250000 mask_strategy=percentile_per_layer scope=trainable_only

  0%|          | 9/2405 [00:39<2:51:17,  4.29s/it]2026-04-16 22:29:40,222 - INFO - [sparse-mezo] global_step=9 active_fraction=0.250493 active_params=329587965/1315758080 configured_ratio=0.250000 mask_strategy=percentile_per_layer scope=trainable_only

  0%|          | 10/2405 [00:43<2:50:19,  4.27s/it]2026-04-16 22:29:44,422 - INFO - [sparse-mezo] global_step=10 active_fraction=0.250609 active_params=329740499/1315758080 configured_ratio=0.250000 mask_strategy=percentile_per_layer scope=trainable_only

  0%|          | 11/2405 [00:47<2:49:19,  4.24s/it]2026-04-16 22:29:48,608 - INFO - [sparse-mezo] global_step=11 active_fraction=0.250584 active_params=329708014/1315758080 configured_ratio=0.250000 mask_strategy=percentile_per_layer scope=trainable_only

  0%|          | 12/2405 [00:51<2:48:47,  4.23s/it]2026-04-16 22:29:52,826 - INFO - [sparse-mezo] global_step=12 active_fraction=0.250586 active_params=329710039/1315758080 configured_ratio=0.250000 mask_strategy=percentile_per_layer scope=trainable_only

  1%|          | 13/2405 [00:55<2:48:22,  4.22s/it]2026-04-16 22:29:57,027 - INFO - [sparse-mezo] global_step=13 active_fraction=0.250571 active_params=329690232/1315758080 configured_ratio=0.250000 mask_strategy=percentile_per_layer scope=trainable_only

  1%|          | 14/2405 [01:00<2:48:00,  4.22s/it]2026-04-16 22:30:01,218 - INFO - [sparse-mezo] global_step=14 active_fraction=0.250694 active_params=329853022/1315758080 configured_ratio=0.250000 mask_strategy=percentile_per_layer scope=trainable_only

  1%|          | 15/2405 [01:04<2:47:44,  4.21s/it]2026-04-16 22:30:05,411 - INFO - [sparse-mezo] global_step=15 active_fraction=0.250663 active_params=329811215/1315758080 configured_ratio=0.250000 mask_strategy=percentile_per_layer scope=trainable_only

  1%|          | 16/2405 [01:08<2:47:36,  4.21s/it]2026-04-16 22:30:09,613 - INFO - [sparse-mezo] global_step=16 active_fraction=0.250750 active_params=329926179/1315758080 configured_ratio=0.250000 mask_strategy=percentile_per_layer scope=trainable_only

  1%|          | 17/2405 [01:12<2:47:09,  4.20s/it]2026-04-16 22:30:13,797 - INFO - [sparse-mezo] global_step=17 active_fraction=0.250660 active_params=329808411/1315758080 configured_ratio=0.250000 mask_strategy=percentile_per_layer scope=trainable_only

  1%|          | 18/2405 [01:16<2:47:08,  4.20s/it]2026-04-16 22:30:17,993 - INFO - [sparse-mezo] global_step=18 active_fraction=0.250705 active_params=329867156/1315758080 configured_ratio=0.250000 mask_strategy=percentile_per_layer scope=trainable_only

  1%|          | 19/2405 [01:21<2:46:54,  4.20s/it]2026-04-16 22:30:22,177 - INFO - [sparse-mezo] global_step=19 active_fraction=0.250718 active_params=329883616/1315758080 configured_ratio=0.250000 mask_strategy=percentile_per_layer scope=trainable_only

  1%|          | 20/2405 [01:25<2:46:39,  4.19s/it]2026-04-16 22:30:26,364 - INFO - [sparse-mezo] global_step=20 active_fraction=0.250727 active_params=329896248/1315758080 configured_ratio=0.250000 mask_strategy=percentile_per_layer scope=trainable_only

  1%|          | 21/2405 [01:29<2:46:20,  4.19s/it]2026-04-16 22:30:30,534 - INFO - [sparse-mezo] global_step=21 active_fraction=0.250821 active_params=330020336/1315758080 configured_ratio=0.250000 mask_strategy=percentile_per_layer scope=trainable_only

  1%|          | 22/2405 [01:33<2:46:15,  4.19s/it]2026-04-16 22:30:34,714 - INFO - [sparse-mezo] global_step=22 active_fraction=0.250803 active_params=329996725/1315758080 configured_ratio=0.250000 mask_strategy=percentile_per_layer scope=trainable_only

  1%|          | 23/2405 [01:37<2:46:06,  4.18s/it]2026-04-16 22:30:38,899 - INFO - [sparse-mezo] global_step=23 active_fraction=0.250846 active_params=330052770/1315758080 configured_ratio=0.250000 mask_strategy=percentile_per_layer scope=trainable_only

  1%|          | 24/2405 [01:42<2:46:04,  4.18s/it]2026-04-16 22:30:43,087 - INFO - [sparse-mezo] global_step=24 active_fraction=0.250846 active_params=330052770/1315758080 configured_ratio=0.250000 mask_strategy=percentile_per_layer scope=trainable_only

  1%|          | 25/2405 [01:46<2:45:54,  4.18s/it]2026-04-16 22:30:47,260 - INFO - [sparse-mezo] global_step=25 active_fraction=0.250722 active_params=329889150/1315758080 configured_ratio=0.250000 mask_strategy=percentile_per_layer scope=trainable_only

  1%|          | 26/2405 [01:50<2:45:43,  4.18s/it]2026-04-16 22:30:51,432 - INFO - [sparse-mezo] global_step=26 active_fraction=0.250788 active_params=329976933/1315758080 configured_ratio=0.250000 mask_strategy=percentile_per_layer scope=trainable_only

  1%|          | 27/2405 [01:54<2:45:44,  4.18s/it]2026-04-16 22:30:55,623 - INFO - [sparse-mezo] global_step=27 active_fraction=0.250788 active_params=329976933/1315758080 configured_ratio=0.250000 mask_strategy=percentile_per_layer scope=trainable_only

  1%|          | 28/2405 [01:58<2:45:36,  4.18s/it]2026-04-16 22:30:59,797 - INFO - [sparse-mezo] global_step=28 active_fraction=0.250779 active_params=329964994/1315758080 configured_ratio=0.250000 mask_strategy=percentile_per_layer scope=trainable_only

  1%|          | 29/2405 [02:02<2:45:27,  4.18s/it]2026-04-16 22:31:03,971 - INFO - [sparse-mezo] global_step=29 active_fraction=0.250779 active_params=329964994/1315758080 configured_ratio=0.250000 mask_strategy=percentile_per_layer scope=trainable_only

  1%|          | 30/2405 [02:07<2:45:26,  4.18s/it]2026-04-16 22:31:08,156 - INFO - [sparse-mezo] global_step=30 active_fraction=0.250860 active_params=330070874/1315758080 configured_ratio=0.250000 mask_strategy=percentile_per_layer scope=trainable_only

  1%|▏         | 31/2405 [02:11<2:45:15,  4.18s/it]2026-04-16 22:31:12,324 - INFO - [sparse-mezo] global_step=31 active_fraction=0.250799 active_params=329991145/1315758080 configured_ratio=0.250000 mask_strategy=percentile_per_layer scope=trainable_only

  1%|▏         | 32/2405 [02:15<2:45:12,  4.18s/it]2026-04-16 22:31:16,506 - INFO - [sparse-mezo] global_step=32 active_fraction=0.250799 active_params=329991145/1315758080 configured_ratio=0.250000 mask_strategy=percentile_per_layer scope=trainable_only

  1%|▏         | 33/2405 [02:19<2:45:08,  4.18s/it]2026-04-16 22:31:20,680 - INFO - [sparse-mezo] global_step=33 active_fraction=0.250683 active_params=329838605/1315758080 configured_ratio=0.250000 mask_strategy=percentile_per_layer scope=trainable_only

  1%|▏         | 34/2405 [02:23<2:45:08,  4.18s/it]2026-04-16 22:31:24,855 - INFO - [sparse-mezo] global_step=34 active_fraction=0.250852 active_params=330060987/1315758080 configured_ratio=0.250000 mask_strategy=percentile_per_layer scope=trainable_only

  1%|▏         | 35/2405 [02:27<2:44:55,  4.18s/it]2026-04-16 22:31:29,014 - INFO - [sparse-mezo] global_step=35 active_fraction=0.250918 active_params=330146900/1315758080 configured_ratio=0.250000 mask_strategy=percentile_per_layer scope=trainable_only

  1%|▏         | 36/2405 [02:32<2:44:52,  4.18s/it]2026-04-16 22:31:33,183 - INFO - [sparse-mezo] global_step=36 active_fraction=0.251147 active_params=330448603/1315758080 configured_ratio=0.250000 mask_strategy=percentile_per_layer scope=trainable_only

  2%|▏         | 37/2405 [02:36<2:44:26,  4.17s/it]2026-04-16 22:31:37,332 - INFO - [sparse-mezo] global_step=37 active_fraction=0.251075 active_params=330353357/1315758080 configured_ratio=0.250000 mask_strategy=percentile_per_layer scope=trainable_only

  2%|▏         | 38/2405 [02:40<2:44:13,  4.16s/it]2026-04-16 22:31:41,486 - INFO - [sparse-mezo] global_step=38 active_fraction=0.251075 active_params=330353357/1315758080 configured_ratio=0.250000 mask_strategy=percentile_per_layer scope=trainable_only

  2%|▏         | 39/2405 [02:44<2:44:03,  4.16s/it]2026-04-16 22:31:45,643 - INFO - [sparse-mezo] global_step=39 active_fraction=0.251075 active_params=330353357/1315758080 configured_ratio=0.250000 mask_strategy=percentile_per_layer scope=trainable_only

  2%|▏         | 40/2405 [02:48<2:43:56,  4.16s/it]2026-04-16 22:31:49,781 - INFO - [sparse-mezo] global_step=40 active_fraction=0.251171 active_params=330479738/1315758080 configured_ratio=0.250000 mask_strategy=percentile_per_layer scope=trainable_only

  2%|▏         | 41/2405 [02:52<2:43:51,  4.16s/it]2026-04-16 22:31:53,940 - INFO - [sparse-mezo] global_step=41 active_fraction=0.251171 active_params=330479738/1315758080 configured_ratio=0.250000 mask_strategy=percentile_per_layer scope=trainable_only

  2%|▏         | 42/2405 [02:57<2:43:39,  4.16s/it]2026-04-16 22:31:58,081 - INFO - [sparse-mezo] global_step=42 active_fraction=0.251057 active_params=330330873/1315758080 configured_ratio=0.250000 mask_strategy=percentile_per_layer scope=trainable_only

  2%|▏         | 43/2405 [03:01<2:43:25,  4.15s/it]2026-04-16 22:32:02,214 - INFO - [sparse-mezo] global_step=43 active_fraction=0.251129 active_params=330424853/1315758080 configured_ratio=0.250000 mask_strategy=percentile_per_layer scope=trainable_only

  2%|▏         | 44/2405 [03:05<2:43:14,  4.15s/it]2026-04-16 22:32:06,354 - INFO - [sparse-mezo] global_step=44 active_fraction=0.251288 active_params=330634477/1315758080 configured_ratio=0.250000 mask_strategy=percentile_per_layer scope=trainable_only

  2%|▏         | 45/2405 [03:09<2:42:57,  4.14s/it]2026-04-16 22:32:10,477 - INFO - [sparse-mezo] global_step=45 active_fraction=0.251280 active_params=330623403/1315758080 configured_ratio=0.250000 mask_strategy=percentile_per_layer scope=trainable_only

  2%|▏         | 46/2405 [03:13<2:42:39,  4.14s/it]2026-04-16 22:32:14,600 - INFO - [sparse-mezo] global_step=46 active_fraction=0.251280 active_params=330623403/1315758080 configured_ratio=0.250000 mask_strategy=percentile_per_layer scope=trainable_only

  2%|▏         | 47/2405 [03:17<2:42:19,  4.13s/it]2026-04-16 22:32:18,708 - INFO - [sparse-mezo] global_step=47 active_fraction=0.251280 active_params=330623403/1315758080 configured_ratio=0.250000 mask_strategy=percentile_per_layer scope=trainable_only

  2%|▏         | 48/2405 [03:21<2:42:05,  4.13s/it]2026-04-16 22:32:22,829 - INFO - [sparse-mezo] global_step=48 active_fraction=0.251280 active_params=330623403/1315758080 configured_ratio=0.250000 mask_strategy=percentile_per_layer scope=trainable_only

  2%|▏         | 49/2405 [03:25<2:41:46,  4.12s/it]2026-04-16 22:32:26,934 - INFO - [sparse-mezo] global_step=49 active_fraction=0.251313 active_params=330667764/1315758080 configured_ratio=0.250000 mask_strategy=percentile_per_layer scope=trainable_only

  2%|▏         | 50/2405 [03:30<2:41:42,  4.12s/it]2026-04-16 22:32:31,056 - INFO - [sparse-mezo] global_step=50 active_fraction=0.251313 active_params=330667764/1315758080 configured_ratio=0.250000 mask_strategy=percentile_per_layer scope=trainable_only

  2%|▏         | 51/2405 [03:34<2:41:33,  4.12s/it]2026-04-16 22:32:35,167 - INFO - [sparse-mezo] global_step=51 active_fraction=0.251313 active_params=330667764/1315758080 configured_ratio=0.250000 mask_strategy=percentile_per_layer scope=trainable_only

  2%|▏         | 52/2405 [03:38<2:41:24,  4.12s/it]2026-04-16 22:32:39,280 - INFO - [sparse-mezo] global_step=52 active_fraction=0.251253 active_params=330588386/1315758080 configured_ratio=0.250000 mask_strategy=percentile_per_layer scope=trainable_only

  2%|▏         | 53/2405 [03:42<2:41:15,  4.11s/it]2026-04-16 22:32:43,388 - INFO - [sparse-mezo] global_step=53 active_fraction=0.251674 active_params=331141787/1315758080 configured_ratio=0.250000 mask_strategy=percentile_per_layer scope=trainable_only

  2%|▏         | 54/2405 [03:46<2:41:17,  4.12s/it]2026-04-16 22:32:47,510 - INFO - [sparse-mezo] global_step=54 active_fraction=0.251674 active_params=331141787/1315758080 configured_ratio=0.250000 mask_strategy=percentile_per_layer scope=trainable_only

  2%|▏         | 55/2405 [03:50<2:41:11,  4.12s/it]2026-04-16 22:32:51,617 - INFO - [sparse-mezo] global_step=55 active_fraction=0.251166 active_params=330473483/1315758080 configured_ratio=0.250000 mask_strategy=percentile_per_layer scope=trainable_only

  2%|▏         | 56/2405 [03:54<2:40:56,  4.11s/it]2026-04-16 22:32:55,718 - INFO - [sparse-mezo] global_step=56 active_fraction=0.251166 active_params=330473483/1315758080 configured_ratio=0.250000 mask_strategy=percentile_per_layer scope=trainable_only

  2%|▏         | 57/2405 [03:58<2:40:55,  4.11s/it]2026-04-16 22:32:59,834 - INFO - [sparse-mezo] global_step=57 active_fraction=0.251166 active_params=330473483/1315758080 configured_ratio=0.250000 mask_strategy=percentile_per_layer scope=trainable_only

  2%|▏         | 58/2405 [04:02<2:40:54,  4.11s/it]2026-04-16 22:33:04,105 - INFO - [sparse-mezo] global_step=58 active_fraction=0.251166 active_params=330473483/1315758080 configured_ratio=0.250000 mask_strategy=percentile_per_layer scope=trainable_only

  2%|▏         | 59/2405 [04:07<2:42:34,  4.16s/it]2026-04-16 22:33:08,210 - INFO - [sparse-mezo] global_step=59 active_fraction=0.251325 active_params=330682533/1315758080 configured_ratio=0.250000 mask_strategy=percentile_per_layer scope=trainable_only

  2%|▏         | 60/2405 [04:11<2:42:05,  4.15s/it]2026-04-16 22:33:12,344 - INFO - [sparse-mezo] global_step=60 active_fraction=0.251350 active_params=330715272/1315758080 configured_ratio=0.250000 mask_strategy=percentile_per_layer scope=trainable_only

  3%|▎         | 61/2405 [04:15<2:41:45,  4.14s/it]2026-04-16 22:33:16,468 - INFO - [sparse-mezo] global_step=61 active_fraction=0.251020 active_params=330280985/1315758080 configured_ratio=0.250000 mask_strategy=percentile_per_layer scope=trainable_only

  3%|▎         | 62/2405 [04:19<2:41:30,  4.14s/it]2026-04-16 22:33:20,592 - INFO - [sparse-mezo] global_step=62 active_fraction=0.251020 active_params=330280985/1315758080 configured_ratio=0.250000 mask_strategy=percentile_per_layer scope=trainable_only

  3%|▎         | 63/2405 [04:23<2:41:23,  4.13s/it]2026-04-16 22:33:24,705 - INFO - [sparse-mezo] global_step=63 active_fraction=0.251502 active_params=330915747/1315758080 configured_ratio=0.250000 mask_strategy=percentile_per_layer scope=trainable_only

  3%|▎         | 64/2405 [04:27<2:41:00,  4.13s/it]2026-04-16 22:33:28,819 - INFO - [sparse-mezo] global_step=64 active_fraction=0.250984 active_params=330234114/1315758080 configured_ratio=0.250000 mask_strategy=percentile_per_layer scope=trainable_only

  3%|▎         | 65/2405 [04:31<2:40:40,  4.12s/it]2026-04-16 22:33:32,916 - INFO - [sparse-mezo] global_step=65 active_fraction=0.251822 active_params=331336449/1315758080 configured_ratio=0.250000 mask_strategy=percentile_per_layer scope=trainable_only

  3%|▎         | 66/2405 [04:36<2:40:19,  4.11s/it]2026-04-16 22:33:37,012 - INFO - [sparse-mezo] global_step=66 active_fraction=0.251822 active_params=331336449/1315758080 configured_ratio=0.250000 mask_strategy=percentile_per_layer scope=trainable_only

  3%|▎         | 67/2405 [04:40<2:40:09,  4.11s/it]2026-04-16 22:33:41,133 - INFO - [sparse-mezo] global_step=67 active_fraction=0.251359 active_params=330727900/1315758080 configured_ratio=0.250000 mask_strategy=percentile_per_layer scope=trainable_only

  3%|▎         | 68/2405 [04:44<2:40:12,  4.11s/it]2026-04-16 22:33:45,252 - INFO - [sparse-mezo] global_step=68 active_fraction=0.251401 active_params=330783520/1315758080 configured_ratio=0.250000 mask_strategy=percentile_per_layer scope=trainable_only

  3%|▎         | 69/2405 [04:48<2:40:12,  4.11s/it]2026-04-16 22:33:49,361 - INFO - [sparse-mezo] global_step=69 active_fraction=0.251219 active_params=330543314/1315758080 configured_ratio=0.250000 mask_strategy=percentile_per_layer scope=trainable_only

  3%|▎         | 70/2405 [04:52<2:39:57,  4.11s/it]2026-04-16 22:33:53,458 - INFO - [sparse-mezo] global_step=70 active_fraction=0.251219 active_params=330543314/1315758080 configured_ratio=0.250000 mask_strategy=percentile_per_layer scope=trainable_only

  3%|▎         | 71/2405 [04:56<2:39:57,  4.11s/it]2026-04-16 22:33:57,576 - INFO - [sparse-mezo] global_step=71 active_fraction=0.251219 active_params=330543314/1315758080 configured_ratio=0.250000 mask_strategy=percentile_per_layer scope=trainable_only

  3%|▎         | 72/2405 [05:00<2:39:48,  4.11s/it]2026-04-16 22:34:01,682 - INFO - [sparse-mezo] global_step=72 active_fraction=0.251219 active_params=330543314/1315758080 configured_ratio=0.250000 mask_strategy=percentile_per_layer scope=trainable_only

  3%|▎         | 73/2405 [05:04<2:39:47,  4.11s/it]2026-04-16 22:34:05,793 - INFO - [sparse-mezo] global_step=73 active_fraction=0.251219 active_params=330543314/1315758080 configured_ratio=0.250000 mask_strategy=percentile_per_layer scope=trainable_only

  3%|▎         | 74/2405 [05:08<2:39:39,  4.11s/it]2026-04-16 22:34:09,897 - INFO - [sparse-mezo] global_step=74 active_fraction=0.251219 active_params=330543314/1315758080 configured_ratio=0.250000 mask_strategy=percentile_per_layer scope=trainable_only

  3%|▎         | 75/2405 [05:13<2:39:32,  4.11s/it]2026-04-16 22:34:14,002 - INFO - [sparse-mezo] global_step=75 active_fraction=0.251219 active_params=330543314/1315758080 configured_ratio=0.250000 mask_strategy=percentile_per_layer scope=trainable_only

  3%|▎         | 76/2405 [05:17<2:39:19,  4.10s/it]2026-04-16 22:34:18,098 - INFO - [sparse-mezo] global_step=76 active_fraction=0.251219 active_params=330543314/1315758080 configured_ratio=0.250000 mask_strategy=percentile_per_layer scope=trainable_only

  3%|▎         | 77/2405 [05:21<2:39:15,  4.10s/it]2026-04-16 22:34:22,198 - INFO - [sparse-mezo] global_step=77 active_fraction=0.251957 active_params=331514693/1315758080 configured_ratio=0.250000 mask_strategy=percentile_per_layer scope=trainable_only

  3%|▎         | 78/2405 [05:25<2:39:08,  4.10s/it]2026-04-16 22:34:26,314 - INFO - [sparse-mezo] global_step=78 active_fraction=0.251387 active_params=330764915/1315758080 configured_ratio=0.250000 mask_strategy=percentile_per_layer scope=trainable_only

  3%|▎         | 79/2405 [05:29<2:39:06,  4.10s/it]2026-04-16 22:34:30,417 - INFO - [sparse-mezo] global_step=79 active_fraction=0.251387 active_params=330764915/1315758080 configured_ratio=0.250000 mask_strategy=percentile_per_layer scope=trainable_only

  3%|▎         | 80/2405 [05:33<2:39:01,  4.10s/it]2026-04-16 22:34:34,514 - INFO - [sparse-mezo] global_step=80 active_fraction=0.251647 active_params=331106112/1315758080 configured_ratio=0.250000 mask_strategy=percentile_per_layer scope=trainable_only

  3%|▎         | 81/2405 [05:37<2:38:59,  4.10s/it]2026-04-16 22:34:38,622 - INFO - [sparse-mezo] global_step=81 active_fraction=0.251789 active_params=331293246/1315758080 configured_ratio=0.250000 mask_strategy=percentile_per_layer scope=trainable_only

  3%|▎         | 82/2405 [05:41<2:39:03,  4.11s/it]2026-04-16 22:34:42,747 - INFO - [sparse-mezo] global_step=82 active_fraction=0.251536 active_params=330960529/1315758080 configured_ratio=0.250000 mask_strategy=percentile_per_layer scope=trainable_only

  3%|▎         | 83/2405 [05:45<2:38:59,  4.11s/it]2026-04-16 22:34:46,855 - INFO - [sparse-mezo] global_step=83 active_fraction=0.251277 active_params=330620109/1315758080 configured_ratio=0.250000 mask_strategy=percentile_per_layer scope=trainable_only

  3%|▎         | 84/2405 [05:49<2:38:53,  4.11s/it]2026-04-16 22:34:50,960 - INFO - [sparse-mezo] global_step=84 active_fraction=0.251619 active_params=331069083/1315758080 configured_ratio=0.250000 mask_strategy=percentile_per_layer scope=trainable_only

  4%|▎         | 85/2405 [05:54<2:38:54,  4.11s/it]2026-04-16 22:34:55,080 - INFO - [sparse-mezo] global_step=85 active_fraction=0.251619 active_params=331069083/1315758080 configured_ratio=0.250000 mask_strategy=percentile_per_layer scope=trainable_only

  4%|▎         | 86/2405 [05:58<2:39:00,  4.11s/it]2026-04-16 22:34:59,201 - INFO - [sparse-mezo] global_step=86 active_fraction=0.251609 active_params=331056128/1315758080 configured_ratio=0.250000 mask_strategy=percentile_per_layer scope=trainable_only

  4%|▎         | 87/2405 [06:02<2:39:04,  4.12s/it]2026-04-16 22:35:03,324 - INFO - [sparse-mezo] global_step=87 active_fraction=0.251609 active_params=331056128/1315758080 configured_ratio=0.250000 mask_strategy=percentile_per_layer scope=trainable_only

  4%|▎         | 88/2405 [06:06<2:38:50,  4.11s/it]2026-04-16 22:35:07,431 - INFO - [sparse-mezo] global_step=88 active_fraction=0.251609 active_params=331056128/1315758080 configured_ratio=0.250000 mask_strategy=percentile_per_layer scope=trainable_only

  4%|▎         | 89/2405 [06:10<2:38:42,  4.11s/it]2026-04-16 22:35:11,542 - INFO - [sparse-mezo] global_step=89 active_fraction=0.251311 active_params=330664281/1315758080 configured_ratio=0.250000 mask_strategy=percentile_per_layer scope=trainable_only

  4%|▎         | 90/2405 [06:14<2:38:50,  4.12s/it]2026-04-16 22:35:15,672 - INFO - [sparse-mezo] global_step=90 active_fraction=0.251015 active_params=330275266/1315758080 configured_ratio=0.250000 mask_strategy=percentile_per_layer scope=trainable_only

  4%|▍         | 91/2405 [06:18<2:38:43,  4.12s/it]2026-04-16 22:35:19,785 - INFO - [sparse-mezo] global_step=91 active_fraction=0.251015 active_params=330275266/1315758080 configured_ratio=0.250000 mask_strategy=percentile_per_layer scope=trainable_only

  4%|▍         | 92/2405 [06:22<2:38:37,  4.11s/it]2026-04-16 22:35:23,900 - INFO - [sparse-mezo] global_step=92 active_fraction=0.251422 active_params=330810700/1315758080 configured_ratio=0.250000 mask_strategy=percentile_per_layer scope=trainable_only

  4%|▍         | 93/2405 [06:27<2:38:47,  4.12s/it]2026-04-16 22:35:28,031 - INFO - [sparse-mezo] global_step=93 active_fraction=0.251731 active_params=331216448/1315758080 configured_ratio=0.250000 mask_strategy=percentile_per_layer scope=trainable_only

  4%|▍         | 94/2405 [06:31<2:38:42,  4.12s/it]2026-04-16 22:35:32,149 - INFO - [sparse-mezo] global_step=94 active_fraction=0.251473 active_params=330877485/1315758080 configured_ratio=0.250000 mask_strategy=percentile_per_layer scope=trainable_only

  4%|▍         | 95/2405 [06:35<2:38:30,  4.12s/it]2026-04-16 22:35:36,271 - INFO - [sparse-mezo] global_step=95 active_fraction=0.251600 active_params=331045100/1315758080 configured_ratio=0.250000 mask_strategy=percentile_per_layer scope=trainable_only

  4%|▍         | 96/2405 [06:39<2:38:29,  4.12s/it]2026-04-16 22:35:40,380 - INFO - [sparse-mezo] global_step=96 active_fraction=0.251359 active_params=330727249/1315758080 configured_ratio=0.250000 mask_strategy=percentile_per_layer scope=trainable_only

  4%|▍         | 97/2405 [06:43<2:38:18,  4.12s/it]2026-04-16 22:35:44,489 - INFO - [sparse-mezo] global_step=97 active_fraction=0.251359 active_params=330727249/1315758080 configured_ratio=0.250000 mask_strategy=percentile_per_layer scope=trainable_only

  4%|▍         | 98/2405 [06:47<2:38:06,  4.11s/it]2026-04-16 22:35:48,592 - INFO - [sparse-mezo] global_step=98 active_fraction=0.251359 active_params=330727249/1315758080 configured_ratio=0.250000 mask_strategy=percentile_per_layer scope=trainable_only

  4%|▍         | 99/2405 [06:51<2:38:07,  4.11s/it]2026-04-16 22:35:52,706 - INFO - [sparse-mezo] global_step=99 active_fraction=0.251504 active_params=330917799/1315758080 configured_ratio=0.250000 mask_strategy=percentile_per_layer scope=trainable_only

  4%|▍         | 100/2405 [06:55<2:38:09,  4.12s/it]2026-04-16 22:35:56,839 - INFO - [sparse-mezo] global_step=100 active_fraction=0.251427 active_params=330817306/1315758080 configured_ratio=0.250000 mask_strategy=percentile_per_layer scope=trainable_only
2026-04-16 22:36:00,835 - INFO - [zo_probe] step=100 eps=1.000e-07 precision=fp16 n=16 mae=1.097712e+04 mse=1.785278e+08 rmse=1.336143e+04 sign_acc=0.6250 corr=0.506002

  4%|▍         | 101/2405 [07:03<3:24:02,  5.31s/it]2026-04-16 22:36:04,949 - INFO - [sparse-mezo] global_step=101 active_fraction=0.251427 active_params=330817306/1315758080 configured_ratio=0.250000 mask_strategy=percentile_per_layer scope=trainable_only

  4%|▍         | 102/2405 [07:08<3:10:07,  4.95s/it]2026-04-16 22:36:09,053 - INFO - [sparse-mezo] global_step=102 active_fraction=0.251306 active_params=330657569/1315758080 configured_ratio=0.250000 mask_strategy=percentile_per_layer scope=trainable_only

  4%|▍         | 103/2405 [07:12<3:00:27,  4.70s/it]2026-04-16 22:36:13,172 - INFO - [sparse-mezo] global_step=103 active_fraction=0.251306 active_params=330657569/1315758080 configured_ratio=0.250000 mask_strategy=percentile_per_layer scope=trainable_only

  4%|▍         | 104/2405 [07:16<2:53:37,  4.53s/it]2026-04-16 22:36:17,290 - INFO - [sparse-mezo] global_step=104 active_fraction=0.251306 active_params=330657569/1315758080 configured_ratio=0.250000 mask_strategy=percentile_per_layer scope=trainable_only

  4%|▍         | 105/2405 [07:20<2:48:51,  4.40s/it]2026-04-16 22:36:21,414 - INFO - [sparse-mezo] global_step=105 active_fraction=0.251311 active_params=330664066/1315758080 configured_ratio=0.250000 mask_strategy=percentile_per_layer scope=trainable_only

  4%|▍         | 106/2405 [07:24<2:45:32,  4.32s/it]2026-04-16 22:36:25,534 - INFO - [sparse-mezo] global_step=106 active_fraction=0.251311 active_params=330664066/1315758080 configured_ratio=0.250000 mask_strategy=percentile_per_layer scope=trainable_only

  4%|▍         | 107/2405 [07:28<2:43:03,  4.26s/it]2026-04-16 22:36:29,650 - INFO - [sparse-mezo] global_step=107 active_fraction=0.251259 active_params=330595617/1315758080 configured_ratio=0.250000 mask_strategy=percentile_per_layer scope=trainable_only

  4%|▍         | 108/2405 [07:32<2:41:30,  4.22s/it]2026-04-16 22:36:33,785 - INFO - [sparse-mezo] global_step=108 active_fraction=0.251495 active_params=330906839/1315758080 configured_ratio=0.250000 mask_strategy=percentile_per_layer scope=trainable_only

  5%|▍         | 109/2405 [07:36<2:40:26,  4.19s/it]2026-04-16 22:36:37,909 - INFO - [sparse-mezo] global_step=109 active_fraction=0.251123 active_params=330417532/1315758080 configured_ratio=0.250000 mask_strategy=percentile_per_layer scope=trainable_only

  5%|▍         | 110/2405 [07:41<2:39:28,  4.17s/it]2026-04-16 22:36:42,019 - INFO - [sparse-mezo] global_step=110 active_fraction=0.251123 active_params=330417532/1315758080 configured_ratio=0.250000 mask_strategy=percentile_per_layer scope=trainable_only

  5%|▍         | 111/2405 [07:45<2:38:50,  4.15s/it]2026-04-16 22:36:46,141 - INFO - [sparse-mezo] global_step=111 active_fraction=0.251123 active_params=330417532/1315758080 configured_ratio=0.250000 mask_strategy=percentile_per_layer scope=trainable_only

  5%|▍         | 112/2405 [07:49<2:38:16,  4.14s/it]2026-04-16 22:36:50,255 - INFO - [sparse-mezo] global_step=112 active_fraction=0.251711 active_params=331190191/1315758080 configured_ratio=0.250000 mask_strategy=percentile_per_layer scope=trainable_only

  5%|▍         | 113/2405 [07:53<2:38:06,  4.14s/it]2026-04-16 22:36:54,393 - INFO - [sparse-mezo] global_step=113 active_fraction=0.251234 active_params=330562801/1315758080 configured_ratio=0.250000 mask_strategy=percentile_per_layer scope=trainable_only

  5%|▍         | 114/2405 [07:57<2:37:49,  4.13s/it]2026-04-16 22:36:58,498 - INFO - [sparse-mezo] global_step=114 active_fraction=0.251532 active_params=330954643/1315758080 configured_ratio=0.250000 mask_strategy=percentile_per_layer scope=trainable_only

  5%|▍         | 115/2405 [08:01<2:37:31,  4.13s/it]2026-04-16 22:37:02,634 - INFO - [sparse-mezo] global_step=115 active_fraction=0.251265 active_params=330604198/1315758080 configured_ratio=0.250000 mask_strategy=percentile_per_layer scope=trainable_only

  5%|▍         | 116/2405 [08:05<2:37:27,  4.13s/it]2026-04-16 22:37:06,763 - INFO - [sparse-mezo] global_step=116 active_fraction=0.251099 active_params=330385344/1315758080 configured_ratio=0.250000 mask_strategy=percentile_per_layer scope=trainable_only

  5%|▍         | 117/2405 [08:09<2:37:31,  4.13s/it]2026-04-16 22:37:10,896 - INFO - [sparse-mezo] global_step=117 active_fraction=0.251299 active_params=330648790/1315758080 configured_ratio=0.250000 mask_strategy=percentile_per_layer scope=trainable_only

  5%|▍         | 118/2405 [08:14<2:37:28,  4.13s/it]2026-04-16 22:37:15,019 - INFO - [sparse-mezo] global_step=118 active_fraction=0.251562 active_params=330994728/1315758080 configured_ratio=0.250000 mask_strategy=percentile_per_layer scope=trainable_only

  5%|▍         | 119/2405 [08:18<2:37:34,  4.14s/it]2026-04-16 22:37:19,170 - INFO - [sparse-mezo] global_step=119 active_fraction=0.251058 active_params=330331070/1315758080 configured_ratio=0.250000 mask_strategy=percentile_per_layer scope=trainable_only

  5%|▍         | 120/2405 [08:22<2:37:24,  4.13s/it]2026-04-16 22:37:23,297 - INFO - [sparse-mezo] global_step=120 active_fraction=0.251058 active_params=330331070/1315758080 configured_ratio=0.250000 mask_strategy=percentile_per_layer scope=trainable_only

  5%|▌         | 121/2405 [08:26<2:37:09,  4.13s/it]2026-04-16 22:37:27,408 - INFO - [sparse-mezo] global_step=121 active_fraction=0.251521 active_params=330940631/1315758080 configured_ratio=0.250000 mask_strategy=percentile_per_layer scope=trainable_only

  5%|▌         | 122/2405 [08:30<2:37:00,  4.13s/it]2026-04-16 22:37:31,528 - INFO - [sparse-mezo] global_step=122 active_fraction=0.251521 active_params=330940631/1315758080 configured_ratio=0.250000 mask_strategy=percentile_per_layer scope=trainable_only

  5%|▌         | 123/2405 [08:34<2:36:51,  4.12s/it]2026-04-16 22:37:35,652 - INFO - [sparse-mezo] global_step=123 active_fraction=0.251521 active_params=330940631/1315758080 configured_ratio=0.250000 mask_strategy=percentile_per_layer scope=trainable_only

  5%|▌         | 124/2405 [08:38<2:36:46,  4.12s/it]2026-04-16 22:37:39,774 - INFO - [sparse-mezo] global_step=124 active_fraction=0.251521 active_params=330940631/1315758080 configured_ratio=0.250000 mask_strategy=percentile_per_layer scope=trainable_only

  5%|▌         | 125/2405 [08:42<2:36:36,  4.12s/it]2026-04-16 22:37:43,890 - INFO - [sparse-mezo] global_step=125 active_fraction=0.251510 active_params=330926832/1315758080 configured_ratio=0.250000 mask_strategy=percentile_per_layer scope=trainable_only

  5%|▌         | 126/2405 [08:47<2:36:27,  4.12s/it]2026-04-16 22:37:48,003 - INFO - [sparse-mezo] global_step=126 active_fraction=0.251526 active_params=330947425/1315758080 configured_ratio=0.250000 mask_strategy=percentile_per_layer scope=trainable_only

  5%|▌         | 127/2405 [08:51<2:36:15,  4.12s/it]2026-04-16 22:37:52,092 - INFO - [sparse-mezo] global_step=127 active_fraction=0.251526 active_params=330947425/1315758080 configured_ratio=0.250000 mask_strategy=percentile_per_layer scope=trainable_only

  5%|▌         | 128/2405 [08:55<2:35:53,  4.11s/it]2026-04-16 22:37:56,190 - INFO - [sparse-mezo] global_step=128 active_fraction=0.251149 active_params=330451257/1315758080 configured_ratio=0.250000 mask_strategy=percentile_per_layer scope=trainable_only

  5%|▌         | 129/2405 [08:59<2:35:45,  4.11s/it]2026-04-16 22:38:00,291 - INFO - [sparse-mezo] global_step=129 active_fraction=0.251149 active_params=330451257/1315758080 configured_ratio=0.250000 mask_strategy=percentile_per_layer scope=trainable_only

  5%|▌         | 130/2405 [09:03<2:35:35,  4.10s/it]2026-04-16 22:38:04,413 - INFO - [sparse-mezo] global_step=130 active_fraction=0.251289 active_params=330635871/1315758080 configured_ratio=0.250000 mask_strategy=percentile_per_layer scope=trainable_only

  5%|▌         | 131/2405 [09:07<2:35:46,  4.11s/it]2026-04-16 22:38:08,538 - INFO - [sparse-mezo] global_step=131 active_fraction=0.251289 active_params=330635871/1315758080 configured_ratio=0.250000 mask_strategy=percentile_per_layer scope=trainable_only

  5%|▌         | 132/2405 [09:11<2:35:52,  4.11s/it]2026-04-16 22:38:12,652 - INFO - [sparse-mezo] global_step=132 active_fraction=0.251194 active_params=330510754/1315758080 configured_ratio=0.250000 mask_strategy=percentile_per_layer scope=trainable_only

  6%|▌         | 133/2405 [09:15<2:35:48,  4.11s/it]2026-04-16 22:38:16,775 - INFO - [sparse-mezo] global_step=133 active_fraction=0.251041 active_params=330309378/1315758080 configured_ratio=0.250000 mask_strategy=percentile_per_layer scope=trainable_only

  6%|▌         | 134/2405 [09:19<2:35:56,  4.12s/it]2026-04-16 22:38:20,903 - INFO - [sparse-mezo] global_step=134 active_fraction=0.251037 active_params=330304147/1315758080 configured_ratio=0.250000 mask_strategy=percentile_per_layer scope=trainable_only

  6%|▌         | 135/2405 [09:24<2:35:58,  4.12s/it]2026-04-16 22:38:25,023 - INFO - [sparse-mezo] global_step=135 active_fraction=0.251306 active_params=330658232/1315758080 configured_ratio=0.250000 mask_strategy=percentile_per_layer scope=trainable_only

  6%|▌         | 136/2405 [09:28<2:35:49,  4.12s/it]2026-04-16 22:38:29,145 - INFO - [sparse-mezo] global_step=136 active_fraction=0.251185 active_params=330498997/1315758080 configured_ratio=0.250000 mask_strategy=percentile_per_layer scope=trainable_only

  6%|▌         | 137/2405 [09:32<2:35:42,  4.12s/it]2026-04-16 22:38:33,264 - INFO - [sparse-mezo] global_step=137 active_fraction=0.251061 active_params=330335227/1315758080 configured_ratio=0.250000 mask_strategy=percentile_per_layer scope=trainable_only

  6%|▌         | 138/2405 [09:36<2:35:44,  4.12s/it]2026-04-16 22:38:37,392 - INFO - [sparse-mezo] global_step=138 active_fraction=0.251677 active_params=331146560/1315758080 configured_ratio=0.250000 mask_strategy=percentile_per_layer scope=trainable_only

  6%|▌         | 139/2405 [09:40<2:35:50,  4.13s/it]2026-04-16 22:38:41,524 - INFO - [sparse-mezo] global_step=139 active_fraction=0.251566 active_params=330999858/1315758080 configured_ratio=0.250000 mask_strategy=percentile_per_layer scope=trainable_only

  6%|▌         | 140/2405 [09:44<2:35:44,  4.13s/it]2026-04-16 22:38:45,652 - INFO - [sparse-mezo] global_step=140 active_fraction=0.251309 active_params=330661780/1315758080 configured_ratio=0.250000 mask_strategy=percentile_per_layer scope=trainable_only

  6%|▌         | 141/2405 [09:48<2:35:42,  4.13s/it]2026-04-16 22:38:49,787 - INFO - [sparse-mezo] global_step=141 active_fraction=0.251178 active_params=330488894/1315758080 configured_ratio=0.250000 mask_strategy=percentile_per_layer scope=trainable_only

  6%|▌         | 142/2405 [09:52<2:35:43,  4.13s/it]2026-04-16 22:38:53,916 - INFO - [sparse-mezo] global_step=142 active_fraction=0.251466 active_params=330868886/1315758080 configured_ratio=0.250000 mask_strategy=percentile_per_layer scope=trainable_only

  6%|▌         | 143/2405 [09:57<2:35:40,  4.13s/it]2026-04-16 22:38:58,048 - INFO - [sparse-mezo] global_step=143 active_fraction=0.251500 active_params=330912510/1315758080 configured_ratio=0.250000 mask_strategy=percentile_per_layer scope=trainable_only

  6%|▌         | 144/2405 [10:01<2:35:43,  4.13s/it]2026-04-16 22:39:02,188 - INFO - [sparse-mezo] global_step=144 active_fraction=0.251500 active_params=330912510/1315758080 configured_ratio=0.250000 mask_strategy=percentile_per_layer scope=trainable_only

  6%|▌         | 145/2405 [10:05<2:35:40,  4.13s/it]2026-04-16 22:39:06,320 - INFO - [sparse-mezo] global_step=145 active_fraction=0.251351 active_params=330716988/1315758080 configured_ratio=0.250000 mask_strategy=percentile_per_layer scope=trainable_only

  6%|▌         | 146/2405 [10:09<2:35:44,  4.14s/it]2026-04-16 22:39:10,458 - INFO - [sparse-mezo] global_step=146 active_fraction=0.251236 active_params=330565281/1315758080 configured_ratio=0.250000 mask_strategy=percentile_per_layer scope=trainable_only

  6%|▌         | 147/2405 [10:13<2:35:23,  4.13s/it]2026-04-16 22:39:14,551 - INFO - [sparse-mezo] global_step=147 active_fraction=0.251799 active_params=331306436/1315758080 configured_ratio=0.250000 mask_strategy=percentile_per_layer scope=trainable_only

  6%|▌         | 148/2405 [10:17<2:35:01,  4.12s/it]2026-04-16 22:39:18,683 - INFO - [sparse-mezo] global_step=148 active_fraction=0.251188 active_params=330501984/1315758080 configured_ratio=0.250000 mask_strategy=percentile_per_layer scope=trainable_only

  6%|▌         | 149/2405 [10:21<2:34:58,  4.12s/it]2026-04-16 22:39:22,803 - INFO - [sparse-mezo] global_step=149 active_fraction=0.251188 active_params=330501984/1315758080 configured_ratio=0.250000 mask_strategy=percentile_per_layer scope=trainable_only

  6%|▌         | 150/2405 [10:25<2:35:06,  4.13s/it]2026-04-16 22:39:26,929 - INFO - [sparse-mezo] global_step=150 active_fraction=0.251885 active_params=331419524/1315758080 configured_ratio=0.250000 mask_strategy=percentile_per_layer scope=trainable_only

  6%|▋         | 151/2405 [10:30<2:34:48,  4.12s/it]2026-04-16 22:39:31,029 - INFO - [sparse-mezo] global_step=151 active_fraction=0.251600 active_params=331045049/1315758080 configured_ratio=0.250000 mask_strategy=percentile_per_layer scope=trainable_only

  6%|▋         | 152/2405 [10:34<2:34:39,  4.12s/it]2026-04-16 22:39:35,138 - INFO - [sparse-mezo] global_step=152 active_fraction=0.252022 active_params=331599709/1315758080 configured_ratio=0.250000 mask_strategy=percentile_per_layer scope=trainable_only

  6%|▋         | 153/2405 [10:38<2:34:20,  4.11s/it]2026-04-16 22:39:39,233 - INFO - [sparse-mezo] global_step=153 active_fraction=0.252022 active_params=331599709/1315758080 configured_ratio=0.250000 mask_strategy=percentile_per_layer scope=trainable_only

  6%|▋         | 154/2405 [10:42<2:34:03,  4.11s/it]2026-04-16 22:39:43,310 - INFO - [sparse-mezo] global_step=154 active_fraction=0.252509 active_params=332240176/1315758080 configured_ratio=0.250000 mask_strategy=percentile_per_layer scope=trainable_only

  6%|▋         | 155/2405 [10:46<2:33:40,  4.10s/it]2026-04-16 22:39:47,385 - INFO - [sparse-mezo] global_step=155 active_fraction=0.252491 active_params=332217034/1315758080 configured_ratio=0.250000 mask_strategy=percentile_per_layer scope=trainable_only

  6%|▋         | 156/2405 [10:50<2:33:19,  4.09s/it]2026-04-16 22:39:51,462 - INFO - [sparse-mezo] global_step=156 active_fraction=0.252329 active_params=332003849/1315758080 configured_ratio=0.250000 mask_strategy=percentile_per_layer scope=trainable_only

  7%|▋         | 157/2405 [10:54<2:33:06,  4.09s/it]2026-04-16 22:39:55,537 - INFO - [sparse-mezo] global_step=157 active_fraction=0.252329 active_params=332003849/1315758080 configured_ratio=0.250000 mask_strategy=percentile_per_layer scope=trainable_only

  7%|▋         | 158/2405 [10:58<2:32:55,  4.08s/it]2026-04-16 22:39:59,614 - INFO - [sparse-mezo] global_step=158 active_fraction=0.252329 active_params=332003849/1315758080 configured_ratio=0.250000 mask_strategy=percentile_per_layer scope=trainable_only

  7%|▋         | 159/2405 [11:02<2:32:53,  4.08s/it]2026-04-16 22:40:03,699 - INFO - [sparse-mezo] global_step=159 active_fraction=0.252634 active_params=332405287/1315758080 configured_ratio=0.250000 mask_strategy=percentile_per_layer scope=trainable_only

  7%|▋         | 160/2405 [11:06<2:32:49,  4.08s/it]2026-04-16 22:40:07,773 - INFO - [sparse-mezo] global_step=160 active_fraction=0.252725 active_params=332525113/1315758080 configured_ratio=0.250000 mask_strategy=percentile_per_layer scope=trainable_only

  7%|▋         | 161/2405 [11:10<2:32:31,  4.08s/it]2026-04-16 22:40:11,840 - INFO - [sparse-mezo] global_step=161 active_fraction=0.252260 active_params=331912641/1315758080 configured_ratio=0.250000 mask_strategy=percentile_per_layer scope=trainable_only

  7%|▋         | 162/2405 [11:14<2:32:21,  4.08s/it]2026-04-16 22:40:15,913 - INFO - [sparse-mezo] global_step=162 active_fraction=0.251850 active_params=331374185/1315758080 configured_ratio=0.250000 mask_strategy=percentile_per_layer scope=trainable_only

  7%|▋         | 163/2405 [11:19<2:32:10,  4.07s/it]2026-04-16 22:40:19,975 - INFO - [sparse-mezo] global_step=163 active_fraction=0.252290 active_params=331952455/1315758080 configured_ratio=0.250000 mask_strategy=percentile_per_layer scope=trainable_only

  7%|▋         | 164/2405 [11:23<2:32:09,  4.07s/it]2026-04-16 22:40:24,051 - INFO - [sparse-mezo] global_step=164 active_fraction=0.252473 active_params=332193063/1315758080 configured_ratio=0.250000 mask_strategy=percentile_per_layer scope=trainable_only

  7%|▋         | 165/2405 [11:27<2:32:12,  4.08s/it]2026-04-16 22:40:28,137 - INFO - [sparse-mezo] global_step=165 active_fraction=0.252473 active_params=332193063/1315758080 configured_ratio=0.250000 mask_strategy=percentile_per_layer scope=trainable_only

  7%|▋         | 166/2405 [11:31<2:32:02,  4.07s/it]2026-04-16 22:40:32,206 - INFO - [sparse-mezo] global_step=166 active_fraction=0.252473 active_params=332193063/1315758080 configured_ratio=0.250000 mask_strategy=percentile_per_layer scope=trainable_only

  7%|▋         | 167/2405 [11:35<2:32:07,  4.08s/it]2026-04-16 22:40:36,294 - INFO - [sparse-mezo] global_step=167 active_fraction=0.253379 active_params=333386049/1315758080 configured_ratio=0.250000 mask_strategy=percentile_per_layer scope=trainable_only

  7%|▋         | 168/2405 [11:39<2:32:20,  4.09s/it]2026-04-16 22:40:40,398 - INFO - [sparse-mezo] global_step=168 active_fraction=0.251795 active_params=331300650/1315758080 configured_ratio=0.250000 mask_strategy=percentile_per_layer scope=trainable_only

  7%|▋         | 169/2405 [11:43<2:32:18,  4.09s/it]2026-04-16 22:40:44,500 - INFO - [sparse-mezo] global_step=169 active_fraction=0.251795 active_params=331300650/1315758080 configured_ratio=0.250000 mask_strategy=percentile_per_layer scope=trainable_only

  7%|▋         | 170/2405 [11:47<2:32:10,  4.09s/it]2026-04-16 22:40:48,569 - INFO - [sparse-mezo] global_step=170 active_fraction=0.251931 active_params=331479828/1315758080 configured_ratio=0.250000 mask_strategy=percentile_per_layer scope=trainable_only

  7%|▋         | 171/2405 [11:51<2:32:02,  4.08s/it]2026-04-16 22:40:52,648 - INFO - [sparse-mezo] global_step=171 active_fraction=0.252737 active_params=332540343/1315758080 configured_ratio=0.250000 mask_strategy=percentile_per_layer scope=trainable_only

  7%|▋         | 172/2405 [11:55<2:31:45,  4.08s/it]2026-04-16 22:40:56,716 - INFO - [sparse-mezo] global_step=172 active_fraction=0.252812 active_params=332639218/1315758080 configured_ratio=0.250000 mask_strategy=percentile_per_layer scope=trainable_only

  7%|▋         | 173/2405 [11:59<2:31:45,  4.08s/it]2026-04-16 22:41:00,797 - INFO - [sparse-mezo] global_step=173 active_fraction=0.252812 active_params=332639218/1315758080 configured_ratio=0.250000 mask_strategy=percentile_per_layer scope=trainable_only

  7%|▋         | 174/2405 [12:03<2:31:41,  4.08s/it]2026-04-16 22:41:04,878 - INFO - [sparse-mezo] global_step=174 active_fraction=0.252812 active_params=332639218/1315758080 configured_ratio=0.250000 mask_strategy=percentile_per_layer scope=trainable_only

  7%|▋         | 175/2405 [12:07<2:31:33,  4.08s/it]2026-04-16 22:41:08,950 - INFO - [sparse-mezo] global_step=175 active_fraction=0.252548 active_params=332292646/1315758080 configured_ratio=0.250000 mask_strategy=percentile_per_layer scope=trainable_only

  7%|▋         | 176/2405 [12:12<2:31:24,  4.08s/it]2026-04-16 22:41:13,021 - INFO - [sparse-mezo] global_step=176 active_fraction=0.252766 active_params=332578623/1315758080 configured_ratio=0.250000 mask_strategy=percentile_per_layer scope=trainable_only

  7%|▋         | 177/2405 [12:16<2:31:17,  4.07s/it]2026-04-16 22:41:17,092 - INFO - [sparse-mezo] global_step=177 active_fraction=0.251676 active_params=331145196/1315758080 configured_ratio=0.250000 mask_strategy=percentile_per_layer scope=trainable_only

  7%|▋         | 178/2405 [12:20<2:31:18,  4.08s/it]2026-04-16 22:41:21,174 - INFO - [sparse-mezo] global_step=178 active_fraction=0.252474 active_params=332194830/1315758080 configured_ratio=0.250000 mask_strategy=percentile_per_layer scope=trainable_only

  7%|▋         | 179/2405 [12:24<2:31:20,  4.08s/it]2026-04-16 22:41:25,264 - INFO - [sparse-mezo] global_step=179 active_fraction=0.252506 active_params=332237383/1315758080 configured_ratio=0.250000 mask_strategy=percentile_per_layer scope=trainable_only

  7%|▋         | 180/2405 [12:28<2:31:13,  4.08s/it]2026-04-16 22:41:29,338 - INFO - [sparse-mezo] global_step=180 active_fraction=0.252506 active_params=332237383/1315758080 configured_ratio=0.250000 mask_strategy=percentile_per_layer scope=trainable_only

  8%|▊         | 181/2405 [12:32<2:31:20,  4.08s/it]2026-04-16 22:41:33,433 - INFO - [sparse-mezo] global_step=181 active_fraction=0.252506 active_params=332237383/1315758080 configured_ratio=0.250000 mask_strategy=percentile_per_layer scope=trainable_only

  8%|▊         | 182/2405 [12:36<2:31:10,  4.08s/it]2026-04-16 22:41:37,502 - INFO - [sparse-mezo] global_step=182 active_fraction=0.252506 active_params=332237383/1315758080 configured_ratio=0.250000 mask_strategy=percentile_per_layer scope=trainable_only

  8%|▊         | 183/2405 [12:40<2:31:05,  4.08s/it]2026-04-16 22:41:41,577 - INFO - [sparse-mezo] global_step=183 active_fraction=0.251554 active_params=330983991/1315758080 configured_ratio=0.250000 mask_strategy=percentile_per_layer scope=trainable_only

  8%|▊         | 184/2405 [12:44<2:30:52,  4.08s/it]2026-04-16 22:41:45,647 - INFO - [sparse-mezo] global_step=184 active_fraction=0.253131 active_params=333059277/1315758080 configured_ratio=0.250000 mask_strategy=percentile_per_layer scope=trainable_only

  8%|▊         | 185/2405 [12:48<2:30:40,  4.07s/it]2026-04-16 22:41:49,711 - INFO - [sparse-mezo] global_step=185 active_fraction=0.252993 active_params=332877107/1315758080 configured_ratio=0.250000 mask_strategy=percentile_per_layer scope=trainable_only

  8%|▊         | 186/2405 [12:52<2:30:34,  4.07s/it]2026-04-16 22:41:53,778 - INFO - [sparse-mezo] global_step=186 active_fraction=0.252836 active_params=332671003/1315758080 configured_ratio=0.250000 mask_strategy=percentile_per_layer scope=trainable_only

  8%|▊         | 187/2405 [12:56<2:30:33,  4.07s/it]2026-04-16 22:41:57,851 - INFO - [sparse-mezo] global_step=187 active_fraction=0.253379 active_params=333385487/1315758080 configured_ratio=0.250000 mask_strategy=percentile_per_layer scope=trainable_only

  8%|▊         | 188/2405 [13:00<2:30:23,  4.07s/it]2026-04-16 22:42:01,913 - INFO - [sparse-mezo] global_step=188 active_fraction=0.253379 active_params=333385487/1315758080 configured_ratio=0.250000 mask_strategy=percentile_per_layer scope=trainable_only

  8%|▊         | 189/2405 [13:05<2:30:14,  4.07s/it]2026-04-16 22:42:05,982 - INFO - [sparse-mezo] global_step=189 active_fraction=0.253322 active_params=333309966/1315758080 configured_ratio=0.250000 mask_strategy=percentile_per_layer scope=trainable_only

  8%|▊         | 190/2405 [13:09<2:30:19,  4.07s/it]2026-04-16 22:42:10,065 - INFO - [sparse-mezo] global_step=190 active_fraction=0.253264 active_params=333234456/1315758080 configured_ratio=0.250000 mask_strategy=percentile_per_layer scope=trainable_only

  8%|▊         | 191/2405 [13:13<2:30:27,  4.08s/it]2026-04-16 22:42:14,154 - INFO - [sparse-mezo] global_step=191 active_fraction=0.253264 active_params=333234456/1315758080 configured_ratio=0.250000 mask_strategy=percentile_per_layer scope=trainable_only

  8%|▊         | 192/2405 [13:17<2:30:29,  4.08s/it]2026-04-16 22:42:18,237 - INFO - [sparse-mezo] global_step=192 active_fraction=0.253615 active_params=333695812/1315758080 configured_ratio=0.250000 mask_strategy=percentile_per_layer scope=trainable_only

  8%|▊         | 193/2405 [13:21<2:30:21,  4.08s/it]2026-04-16 22:42:22,314 - INFO - [sparse-mezo] global_step=193 active_fraction=0.253615 active_params=333695812/1315758080 configured_ratio=0.250000 mask_strategy=percentile_per_layer scope=trainable_only

  8%|▊         | 194/2405 [13:25<2:30:22,  4.08s/it]2026-04-16 22:42:26,400 - INFO - [sparse-mezo] global_step=194 active_fraction=0.252093 active_params=331692772/1315758080 configured_ratio=0.250000 mask_strategy=percentile_per_layer scope=trainable_only

  8%|▊         | 195/2405 [13:29<2:30:22,  4.08s/it]2026-04-16 22:42:30,488 - INFO - [sparse-mezo] global_step=195 active_fraction=0.252883 active_params=332732815/1315758080 configured_ratio=0.250000 mask_strategy=percentile_per_layer scope=trainable_only

  8%|▊         | 196/2405 [13:33<2:30:05,  4.08s/it]2026-04-16 22:42:34,551 - INFO - [sparse-mezo] global_step=196 active_fraction=0.252100 active_params=331702500/1315758080 configured_ratio=0.250000 mask_strategy=percentile_per_layer scope=trainable_only

  8%|▊         | 197/2405 [13:37<2:29:55,  4.07s/it]2026-04-16 22:42:38,622 - INFO - [sparse-mezo] global_step=197 active_fraction=0.251639 active_params=331095680/1315758080 configured_ratio=0.250000 mask_strategy=percentile_per_layer scope=trainable_only

  8%|▊         | 198/2405 [13:41<2:29:55,  4.08s/it]2026-04-16 22:42:42,703 - INFO - [sparse-mezo] global_step=198 active_fraction=0.251639 active_params=331095680/1315758080 configured_ratio=0.250000 mask_strategy=percentile_per_layer scope=trainable_only

  8%|▊         | 199/2405 [13:45<2:29:55,  4.08s/it]2026-04-16 22:42:46,780 - INFO - [sparse-mezo] global_step=199 active_fraction=0.251639 active_params=331095680/1315758080 configured_ratio=0.250000 mask_strategy=percentile_per_layer scope=trainable_only

  8%|▊         | 200/2405 [13:49<2:29:54,  4.08s/it]2026-04-16 22:42:50,865 - INFO - [sparse-mezo] global_step=200 active_fraction=0.252466 active_params=332184130/1315758080 configured_ratio=0.250000 mask_strategy=percentile_per_layer scope=trainable_only
2026-04-16 22:42:54,532 - INFO - [zo_probe] step=200 eps=1.000e-07 precision=fp16 n=16 mae=1.343682e+04 mse=3.579053e+08 rmse=1.891839e+04 sign_acc=0.3125 corr=-0.180713

  8%|▊         | 201/2405 [13:57<3:10:09,  5.18s/it]2026-04-16 22:42:58,610 - INFO - [sparse-mezo] global_step=201 active_fraction=0.251841 active_params=331362024/1315758080 configured_ratio=0.250000 mask_strategy=percentile_per_layer scope=trainable_only

  8%|▊         | 202/2405 [14:01<2:57:59,  4.85s/it]2026-04-16 22:43:02,681 - INFO - [sparse-mezo] global_step=202 active_fraction=0.253582 active_params=333652603/1315758080 configured_ratio=0.250000 mask_strategy=percentile_per_layer scope=trainable_only

  8%|▊         | 203/2405 [14:05<2:49:26,  4.62s/it]2026-04-16 22:43:06,768 - INFO - [sparse-mezo] global_step=203 active_fraction=0.252076 active_params=331671428/1315758080 configured_ratio=0.250000 mask_strategy=percentile_per_layer scope=trainable_only

  8%|▊         | 204/2405 [14:09<2:43:25,  4.46s/it]2026-04-16 22:43:10,841 - INFO - [sparse-mezo] global_step=204 active_fraction=0.252460 active_params=332175734/1315758080 configured_ratio=0.250000 mask_strategy=percentile_per_layer scope=trainable_only

  9%|▊         | 205/2405 [14:13<2:39:08,  4.34s/it]2026-04-16 22:43:14,911 - INFO - [sparse-mezo] global_step=205 active_fraction=0.252032 active_params=331612571/1315758080 configured_ratio=0.250000 mask_strategy=percentile_per_layer scope=trainable_only

  9%|▊         | 206/2405 [14:18<2:36:06,  4.26s/it]2026-04-16 22:43:18,983 - INFO - [sparse-mezo] global_step=206 active_fraction=0.252032 active_params=331612571/1315758080 configured_ratio=0.250000 mask_strategy=percentile_per_layer scope=trainable_only

  9%|▊         | 207/2405 [14:22<2:34:10,  4.21s/it]2026-04-16 22:43:23,074 - INFO - [sparse-mezo] global_step=207 active_fraction=0.252032 active_params=331612571/1315758080 configured_ratio=0.250000 mask_strategy=percentile_per_layer scope=trainable_only

  9%|▊         | 208/2405 [14:26<2:32:42,  4.17s/it]2026-04-16 22:43:27,150 - INFO - [sparse-mezo] global_step=208 active_fraction=0.252781 active_params=332598689/1315758080 configured_ratio=0.250000 mask_strategy=percentile_per_layer scope=trainable_only

  9%|▊         | 209/2405 [14:30<2:31:36,  4.14s/it]2026-04-16 22:43:31,230 - INFO - [sparse-mezo] global_step=209 active_fraction=0.252279 active_params=331938366/1315758080 configured_ratio=0.250000 mask_strategy=percentile_per_layer scope=trainable_only

  9%|▊         | 210/2405 [14:34<2:30:51,  4.12s/it]2026-04-16 22:43:35,310 - INFO - [sparse-mezo] global_step=210 active_fraction=0.252279 active_params=331938366/1315758080 configured_ratio=0.250000 mask_strategy=percentile_per_layer scope=trainable_only

  9%|▉         | 211/2405 [14:38<2:30:18,  4.11s/it]2026-04-16 22:43:39,390 - INFO - [sparse-mezo] global_step=211 active_fraction=0.252279 active_params=331938366/1315758080 configured_ratio=0.250000 mask_strategy=percentile_per_layer scope=trainable_only

  9%|▉         | 212/2405 [14:42<2:29:44,  4.10s/it]2026-04-16 22:43:43,462 - INFO - [sparse-mezo] global_step=212 active_fraction=0.252252 active_params=331902176/1315758080 configured_ratio=0.250000 mask_strategy=percentile_per_layer scope=trainable_only

  9%|▉         | 213/2405 [14:46<2:29:29,  4.09s/it]2026-04-16 22:43:47,546 - INFO - [sparse-mezo] global_step=213 active_fraction=0.252394 active_params=332090066/1315758080 configured_ratio=0.250000 mask_strategy=percentile_per_layer scope=trainable_only

  9%|▉         | 214/2405 [14:50<2:29:30,  4.09s/it]2026-04-16 22:43:51,640 - INFO - [sparse-mezo] global_step=214 active_fraction=0.252338 active_params=332015651/1315758080 configured_ratio=0.250000 mask_strategy=percentile_per_layer scope=trainable_only

  9%|▉         | 215/2405 [14:54<2:29:20,  4.09s/it]2026-04-16 22:43:55,732 - INFO - [sparse-mezo] global_step=215 active_fraction=0.251928 active_params=331476788/1315758080 configured_ratio=0.250000 mask_strategy=percentile_per_layer scope=trainable_only

  9%|▉         | 216/2405 [14:58<2:29:10,  4.09s/it]2026-04-16 22:43:59,809 - INFO - [sparse-mezo] global_step=216 active_fraction=0.252384 active_params=332076505/1315758080 configured_ratio=0.250000 mask_strategy=percentile_per_layer scope=trainable_only

  9%|▉         | 217/2405 [15:02<2:28:59,  4.09s/it]2026-04-16 22:44:03,889 - INFO - [sparse-mezo] global_step=217 active_fraction=0.251927 active_params=331474549/1315758080 configured_ratio=0.250000 mask_strategy=percentile_per_layer scope=trainable_only

  9%|▉         | 218/2405 [15:07<2:28:50,  4.08s/it]2026-04-16 22:44:07,974 - INFO - [sparse-mezo] global_step=218 active_fraction=0.251875 active_params=331406149/1315758080 configured_ratio=0.250000 mask_strategy=percentile_per_layer scope=trainable_only

  9%|▉         | 219/2405 [15:11<2:28:48,  4.08s/it]2026-04-16 22:44:12,059 - INFO - [sparse-mezo] global_step=219 active_fraction=0.251437 active_params=330830045/1315758080 configured_ratio=0.250000 mask_strategy=percentile_per_layer scope=trainable_only

  9%|▉         | 220/2405 [15:15<2:28:43,  4.08s/it]2026-04-16 22:44:16,138 - INFO - [sparse-mezo] global_step=220 active_fraction=0.252676 active_params=332461110/1315758080 configured_ratio=0.250000 mask_strategy=percentile_per_layer scope=trainable_only

  9%|▉         | 221/2405 [15:19<2:28:50,  4.09s/it]2026-04-16 22:44:20,244 - INFO - [sparse-mezo] global_step=221 active_fraction=0.251788 active_params=331291801/1315758080 configured_ratio=0.250000 mask_strategy=percentile_per_layer scope=trainable_only

  9%|▉         | 222/2405 [15:23<2:28:43,  4.09s/it]2026-04-16 22:44:24,330 - INFO - [sparse-mezo] global_step=222 active_fraction=0.252299 active_params=331964466/1315758080 configured_ratio=0.250000 mask_strategy=percentile_per_layer scope=trainable_only

  9%|▉         | 223/2405 [15:27<2:28:35,  4.09s/it]2026-04-16 22:44:28,401 - INFO - [sparse-mezo] global_step=223 active_fraction=0.252127 active_params=331738122/1315758080 configured_ratio=0.250000 mask_strategy=percentile_per_layer scope=trainable_only

  9%|▉         | 224/2405 [15:31<2:28:24,  4.08s/it]2026-04-16 22:44:32,482 - INFO - [sparse-mezo] global_step=224 active_fraction=0.252238 active_params=331884250/1315758080 configured_ratio=0.250000 mask_strategy=percentile_per_layer scope=trainable_only

  9%|▉         | 225/2405 [15:35<2:28:19,  4.08s/it]2026-04-16 22:44:36,566 - INFO - [sparse-mezo] global_step=225 active_fraction=0.252434 active_params=332141657/1315758080 configured_ratio=0.250000 mask_strategy=percentile_per_layer scope=trainable_only

  9%|▉         | 226/2405 [15:39<2:28:16,  4.08s/it]2026-04-16 22:44:40,650 - INFO - [sparse-mezo] global_step=226 active_fraction=0.251647 active_params=331107011/1315758080 configured_ratio=0.250000 mask_strategy=percentile_per_layer scope=trainable_only

  9%|▉         | 227/2405 [15:43<2:28:25,  4.09s/it]2026-04-16 22:44:44,756 - INFO - [sparse-mezo] global_step=227 active_fraction=0.252106 active_params=331710303/1315758080 configured_ratio=0.250000 mask_strategy=percentile_per_layer scope=trainable_only

  9%|▉         | 228/2405 [15:47<2:28:32,  4.09s/it]2026-04-16 22:44:48,858 - INFO - [sparse-mezo] global_step=228 active_fraction=0.251585 active_params=331025023/1315758080 configured_ratio=0.250000 mask_strategy=percentile_per_layer scope=trainable_only

 10%|▉         | 229/2405 [15:51<2:28:27,  4.09s/it]2026-04-16 22:44:52,949 - INFO - [sparse-mezo] global_step=229 active_fraction=0.251235 active_params=330564031/1315758080 configured_ratio=0.250000 mask_strategy=percentile_per_layer scope=trainable_only

 10%|▉         | 230/2405 [15:56<2:28:21,  4.09s/it]2026-04-16 22:44:57,042 - INFO - [sparse-mezo] global_step=230 active_fraction=0.251740 active_params=331229223/1315758080 configured_ratio=0.250000 mask_strategy=percentile_per_layer scope=trainable_only

 10%|▉         | 231/2405 [16:00<2:28:10,  4.09s/it]2026-04-16 22:45:01,121 - INFO - [sparse-mezo] global_step=231 active_fraction=0.251740 active_params=331229223/1315758080 configured_ratio=0.250000 mask_strategy=percentile_per_layer scope=trainable_only

 10%|▉         | 232/2405 [16:04<2:28:06,  4.09s/it]2026-04-16 22:45:05,214 - INFO - [sparse-mezo] global_step=232 active_fraction=0.251740 active_params=331229223/1315758080 configured_ratio=0.250000 mask_strategy=percentile_per_layer scope=trainable_only

 10%|▉         | 233/2405 [16:08<2:27:58,  4.09s/it]2026-04-16 22:45:09,295 - INFO - [sparse-mezo] global_step=233 active_fraction=0.251918 active_params=331463434/1315758080 configured_ratio=0.250000 mask_strategy=percentile_per_layer scope=trainable_only

 10%|▉         | 234/2405 [16:12<2:28:03,  4.09s/it]2026-04-16 22:45:13,398 - INFO - [sparse-mezo] global_step=234 active_fraction=0.251918 active_params=331463434/1315758080 configured_ratio=0.250000 mask_strategy=percentile_per_layer scope=trainable_only

 10%|▉         | 235/2405 [16:16<2:28:00,  4.09s/it]2026-04-16 22:45:17,496 - INFO - [sparse-mezo] global_step=235 active_fraction=0.252112 active_params=331718210/1315758080 configured_ratio=0.250000 mask_strategy=percentile_per_layer scope=trainable_only

 10%|▉         | 236/2405 [16:20<2:28:09,  4.10s/it]2026-04-16 22:45:21,605 - INFO - [sparse-mezo] global_step=236 active_fraction=0.252308 active_params=331975673/1315758080 configured_ratio=0.250000 mask_strategy=percentile_per_layer scope=trainable_only

 10%|▉         | 237/2405 [16:24<2:27:58,  4.10s/it]2026-04-16 22:45:25,692 - INFO - [sparse-mezo] global_step=237 active_fraction=0.252310 active_params=331979142/1315758080 configured_ratio=0.250000 mask_strategy=percentile_per_layer scope=trainable_only

 10%|▉         | 238/2405 [16:28<2:27:59,  4.10s/it]2026-04-16 22:45:29,796 - INFO - [sparse-mezo] global_step=238 active_fraction=0.251700 active_params=331175749/1315758080 configured_ratio=0.250000 mask_strategy=percentile_per_layer scope=trainable_only

 10%|▉         | 239/2405 [16:32<2:27:42,  4.09s/it]2026-04-16 22:45:33,852 - INFO - [sparse-mezo] global_step=239 active_fraction=0.251700 active_params=331175749/1315758080 configured_ratio=0.250000 mask_strategy=percentile_per_layer scope=trainable_only

 10%|▉         | 240/2405 [16:36<2:27:31,  4.09s/it]2026-04-16 22:45:37,958 - INFO - [sparse-mezo] global_step=240 active_fraction=0.252160 active_params=331781818/1315758080 configured_ratio=0.250000 mask_strategy=percentile_per_layer scope=trainable_only

 10%|█         | 241/2405 [16:41<2:27:26,  4.09s/it]2026-04-16 22:45:42,049 - INFO - [sparse-mezo] global_step=241 active_fraction=0.251803 active_params=331311782/1315758080 configured_ratio=0.250000 mask_strategy=percentile_per_layer scope=trainable_only

 10%|█         | 242/2405 [16:45<2:27:24,  4.09s/it]2026-04-16 22:45:46,147 - INFO - [sparse-mezo] global_step=242 active_fraction=0.251594 active_params=331036197/1315758080 configured_ratio=0.250000 mask_strategy=percentile_per_layer scope=trainable_only

 10%|█         | 243/2405 [16:49<2:27:26,  4.09s/it]2026-04-16 22:45:50,243 - INFO - [sparse-mezo] global_step=243 active_fraction=0.251366 active_params=330736368/1315758080 configured_ratio=0.250000 mask_strategy=percentile_per_layer scope=trainable_only

 10%|█         | 244/2405 [16:53<2:27:36,  4.10s/it]2026-04-16 22:45:54,275 - INFO - [sparse-mezo] global_step=244 active_fraction=0.251366 active_params=330736359/1315758080 configured_ratio=0.250000 mask_strategy=percentile_per_layer scope=trainable_only

 10%|█         | 245/2405 [16:57<2:26:33,  4.07s/it]2026-04-16 22:45:58,280 - INFO - [sparse-mezo] global_step=245 active_fraction=0.000000 active_params=0/1315758080 configured_ratio=0.250000 mask_strategy=percentile_per_layer scope=trainable_only

 10%|█         | 246/2405 [17:01<2:25:49,  4.05s/it]2026-04-16 22:46:02,286 - INFO - [sparse-mezo] global_step=246 active_fraction=0.000000 active_params=0/1315758080 configured_ratio=0.250000 mask_strategy=percentile_per_layer scope=trainable_only

 10%|█         | 247/2405 [17:05<2:25:15,  4.04s/it]2026-04-16 22:46:06,277 - INFO - [sparse-mezo] global_step=247 active_fraction=0.000000 active_params=0/1315758080 configured_ratio=0.250000 mask_strategy=percentile_per_layer scope=trainable_only

 10%|█         | 248/2405 [17:09<2:24:46,  4.03s/it]2026-04-16 22:46:10,274 - INFO - [sparse-mezo] global_step=248 active_fraction=0.000000 active_params=0/1315758080 configured_ratio=0.250000 mask_strategy=percentile_per_layer scope=trainable_only

 10%|█         | 249/2405 [17:13<2:24:25,  4.02s/it]2026-04-16 22:46:14,280 - INFO - [sparse-mezo] global_step=249 active_fraction=0.000000 active_params=0/1315758080 configured_ratio=0.250000 mask_strategy=percentile_per_layer scope=trainable_only

 10%|█         | 250/2405 [17:17<2:24:01,  4.01s/it]2026-04-16 22:46:18,284 - INFO - [sparse-mezo] global_step=250 active_fraction=0.000000 active_params=0/1315758080 configured_ratio=0.250000 mask_strategy=percentile_per_layer scope=trainable_only

 10%|█         | 251/2405 [17:21<2:23:57,  4.01s/it]2026-04-16 22:46:22,283 - INFO - [sparse-mezo] global_step=251 active_fraction=0.000000 active_params=0/1315758080 configured_ratio=0.250000 mask_strategy=percentile_per_layer scope=trainable_only

 10%|█         | 252/2405 [17:25<2:23:45,  4.01s/it]2026-04-16 22:46:26,298 - INFO - [sparse-mezo] global_step=252 active_fraction=0.000000 active_params=0/1315758080 configured_ratio=0.250000 mask_strategy=percentile_per_layer scope=trainable_only

 11%|█         | 253/2405 [17:29<2:23:49,  4.01s/it]2026-04-16 22:46:30,294 - INFO - [sparse-mezo] global_step=253 active_fraction=0.000000 active_params=0/1315758080 configured_ratio=0.250000 mask_strategy=percentile_per_layer scope=trainable_only

 11%|█         | 254/2405 [17:33<2:23:30,  4.00s/it]2026-04-16 22:46:34,295 - INFO - [sparse-mezo] global_step=254 active_fraction=0.000000 active_params=0/1315758080 configured_ratio=0.250000 mask_strategy=percentile_per_layer scope=trainable_only

 11%|█         | 255/2405 [17:37<2:23:42,  4.01s/it]2026-04-16 22:46:38,306 - INFO - [sparse-mezo] global_step=255 active_fraction=0.000000 active_params=0/1315758080 configured_ratio=0.250000 mask_strategy=percentile_per_layer scope=trainable_only

 11%|█         | 256/2405 [17:41<2:23:24,  4.00s/it]2026-04-16 22:46:42,312 - INFO - [sparse-mezo] global_step=256 active_fraction=0.000000 active_params=0/1315758080 configured_ratio=0.250000 mask_strategy=percentile_per_layer scope=trainable_only

 11%|█         | 257/2405 [17:45<2:23:22,  4.00s/it]2026-04-16 22:46:46,319 - INFO - [sparse-mezo] global_step=257 active_fraction=0.000000 active_params=0/1315758080 configured_ratio=0.250000 mask_strategy=percentile_per_layer scope=trainable_only

 11%|█         | 258/2405 [17:49<2:23:25,  4.01s/it]2026-04-16 22:46:50,337 - INFO - [sparse-mezo] global_step=258 active_fraction=0.000000 active_params=0/1315758080 configured_ratio=0.250000 mask_strategy=percentile_per_layer scope=trainable_only

 11%|█         | 259/2405 [17:53<2:23:22,  4.01s/it]2026-04-16 22:46:54,346 - INFO - [sparse-mezo] global_step=259 active_fraction=0.000000 active_params=0/1315758080 configured_ratio=0.250000 mask_strategy=percentile_per_layer scope=trainable_only

 11%|█         | 260/2405 [17:57<2:23:24,  4.01s/it]2026-04-16 22:46:58,362 - INFO - [sparse-mezo] global_step=260 active_fraction=0.000000 active_params=0/1315758080 configured_ratio=0.250000 mask_strategy=percentile_per_layer scope=trainable_only

 11%|█         | 261/2405 [18:01<2:23:33,  4.02s/it]2026-04-16 22:47:02,394 - INFO - [sparse-mezo] global_step=261 active_fraction=0.000000 active_params=0/1315758080 configured_ratio=0.250000 mask_strategy=percentile_per_layer scope=trainable_only

 11%|█         | 262/2405 [18:05<2:23:23,  4.01s/it]2026-04-16 22:47:06,405 - INFO - [sparse-mezo] global_step=262 active_fraction=0.000000 active_params=0/1315758080 configured_ratio=0.250000 mask_strategy=percentile_per_layer scope=trainable_only

 11%|█         | 263/2405 [18:09<2:23:16,  4.01s/it]2026-04-16 22:47:10,414 - INFO - [sparse-mezo] global_step=263 active_fraction=0.000000 active_params=0/1315758080 configured_ratio=0.250000 mask_strategy=percentile_per_layer scope=trainable_only

 11%|█         | 264/2405 [18:13<2:23:15,  4.01s/it]2026-04-16 22:47:14,412 - INFO - [sparse-mezo] global_step=264 active_fraction=0.000000 active_params=0/1315758080 configured_ratio=0.250000 mask_strategy=percentile_per_layer scope=trainable_only

 11%|█         | 265/2405 [18:17<2:23:00,  4.01s/it]2026-04-16 22:47:18,409 - INFO - [sparse-mezo] global_step=265 active_fraction=0.000000 active_params=0/1315758080 configured_ratio=0.250000 mask_strategy=percentile_per_layer scope=trainable_only

 11%|█         | 266/2405 [18:21<2:22:39,  4.00s/it]2026-04-16 22:47:22,392 - INFO - [sparse-mezo] global_step=266 active_fraction=0.000000 active_params=0/1315758080 configured_ratio=0.250000 mask_strategy=percentile_per_layer scope=trainable_only

 11%|█         | 267/2405 [18:25<2:22:26,  4.00s/it]2026-04-16 22:47:26,382 - INFO - [sparse-mezo] global_step=267 active_fraction=0.000000 active_params=0/1315758080 configured_ratio=0.250000 mask_strategy=percentile_per_layer scope=trainable_only

 11%|█         | 268/2405 [18:29<2:22:14,  3.99s/it]2026-04-16 22:47:30,384 - INFO - [sparse-mezo] global_step=268 active_fraction=0.000000 active_params=0/1315758080 configured_ratio=0.250000 mask_strategy=percentile_per_layer scope=trainable_only

 11%|█         | 269/2405 [18:33<2:22:19,  4.00s/it]2026-04-16 22:47:34,376 - INFO - [sparse-mezo] global_step=269 active_fraction=0.000000 active_params=0/1315758080 configured_ratio=0.250000 mask_strategy=percentile_per_layer scope=trainable_only

 11%|█         | 270/2405 [18:37<2:22:11,  4.00s/it]2026-04-16 22:47:38,384 - INFO - [sparse-mezo] global_step=270 active_fraction=0.000000 active_params=0/1315758080 configured_ratio=0.250000 mask_strategy=percentile_per_layer scope=trainable_only

 11%|█▏        | 271/2405 [18:41<2:22:27,  4.01s/it]2026-04-16 22:47:42,392 - INFO - [sparse-mezo] global_step=271 active_fraction=0.000000 active_params=0/1315758080 configured_ratio=0.250000 mask_strategy=percentile_per_layer scope=trainable_only

 11%|█▏        | 272/2405 [18:45<2:22:12,  4.00s/it]2026-04-16 22:47:46,381 - INFO - [sparse-mezo] global_step=272 active_fraction=0.000000 active_params=0/1315758080 configured_ratio=0.250000 mask_strategy=percentile_per_layer scope=trainable_only

 11%|█▏        | 273/2405 [18:49<2:22:13,  4.00s/it]2026-04-16 22:47:50,408 - INFO - [sparse-mezo] global_step=273 active_fraction=0.000000 active_params=0/1315758080 configured_ratio=0.250000 mask_strategy=percentile_per_layer scope=trainable_only

 11%|█▏        | 274/2405 [18:53<2:22:19,  4.01s/it]2026-04-16 22:47:54,422 - INFO - [sparse-mezo] global_step=274 active_fraction=0.000000 active_params=0/1315758080 configured_ratio=0.250000 mask_strategy=percentile_per_layer scope=trainable_only

 11%|█▏        | 275/2405 [18:57<2:22:13,  4.01s/it]2026-04-16 22:47:58,412 - INFO - [sparse-mezo] global_step=275 active_fraction=0.000000 active_params=0/1315758080 configured_ratio=0.250000 mask_strategy=percentile_per_layer scope=trainable_only

 11%|█▏        | 276/2405 [19:01<2:22:01,  4.00s/it]2026-04-16 22:48:02,410 - INFO - [sparse-mezo] global_step=276 active_fraction=0.000000 active_params=0/1315758080 configured_ratio=0.250000 mask_strategy=percentile_per_layer scope=trainable_only

 12%|█▏        | 277/2405 [19:05<2:22:00,  4.00s/it]2026-04-16 22:48:06,431 - INFO - [sparse-mezo] global_step=277 active_fraction=0.000000 active_params=0/1315758080 configured_ratio=0.250000 mask_strategy=percentile_per_layer scope=trainable_only

 12%|█▏        | 278/2405 [19:09<2:22:06,  4.01s/it]2026-04-16 22:48:10,432 - INFO - [sparse-mezo] global_step=278 active_fraction=0.000000 active_params=0/1315758080 configured_ratio=0.250000 mask_strategy=percentile_per_layer scope=trainable_only

 12%|█▏        | 279/2405 [19:13<2:21:51,  4.00s/it]2026-04-16 22:48:14,444 - INFO - [sparse-mezo] global_step=279 active_fraction=0.000000 active_params=0/1315758080 configured_ratio=0.250000 mask_strategy=percentile_per_layer scope=trainable_only

 12%|█▏        | 280/2405 [19:17<2:21:51,  4.01s/it]2026-04-16 22:48:18,435 - INFO - [sparse-mezo] global_step=280 active_fraction=0.000000 active_params=0/1315758080 configured_ratio=0.250000 mask_strategy=percentile_per_layer scope=trainable_only

 12%|█▏        | 281/2405 [19:21<2:21:43,  4.00s/it]2026-04-16 22:48:22,451 - INFO - [sparse-mezo] global_step=281 active_fraction=0.000000 active_params=0/1315758080 configured_ratio=0.250000 mask_strategy=percentile_per_layer scope=trainable_only

 12%|█▏        | 282/2405 [19:25<2:21:54,  4.01s/it]2026-04-16 22:48:26,477 - INFO - [sparse-mezo] global_step=282 active_fraction=0.000000 active_params=0/1315758080 configured_ratio=0.250000 mask_strategy=percentile_per_layer scope=trainable_only

 12%|█▏        | 283/2405 [19:29<2:21:53,  4.01s/it]2026-04-16 22:48:30,477 - INFO - [sparse-mezo] global_step=283 active_fraction=0.000000 active_params=0/1315758080 configured_ratio=0.250000 mask_strategy=percentile_per_layer scope=trainable_only

 12%|█▏        | 284/2405 [19:33<2:21:41,  4.01s/it]2026-04-16 22:48:34,474 - INFO - [sparse-mezo] global_step=284 active_fraction=0.000000 active_params=0/1315758080 configured_ratio=0.250000 mask_strategy=percentile_per_layer scope=trainable_only

 12%|█▏        | 285/2405 [19:37<2:21:36,  4.01s/it]2026-04-16 22:48:38,500 - INFO - [sparse-mezo] global_step=285 active_fraction=0.000000 active_params=0/1315758080 configured_ratio=0.250000 mask_strategy=percentile_per_layer scope=trainable_only

 12%|█▏        | 286/2405 [19:41<2:21:29,  4.01s/it]2026-04-16 22:48:42,504 - INFO - [sparse-mezo] global_step=286 active_fraction=0.000000 active_params=0/1315758080 configured_ratio=0.250000 mask_strategy=percentile_per_layer scope=trainable_only

 12%|█▏        | 287/2405 [19:45<2:21:27,  4.01s/it]2026-04-16 22:48:46,513 - INFO - [sparse-mezo] global_step=287 active_fraction=0.000000 active_params=0/1315758080 configured_ratio=0.250000 mask_strategy=percentile_per_layer scope=trainable_only

 12%|█▏        | 288/2405 [19:49<2:21:39,  4.01s/it]2026-04-16 22:48:50,544 - INFO - [sparse-mezo] global_step=288 active_fraction=0.000000 active_params=0/1315758080 configured_ratio=0.250000 mask_strategy=percentile_per_layer scope=trainable_only

 12%|█▏        | 289/2405 [19:53<2:21:36,  4.02s/it]2026-04-16 22:48:54,561 - INFO - [sparse-mezo] global_step=289 active_fraction=0.000000 active_params=0/1315758080 configured_ratio=0.250000 mask_strategy=percentile_per_layer scope=trainable_only

 12%|█▏        | 290/2405 [19:57<2:21:33,  4.02s/it]2026-04-16 22:48:58,579 - INFO - [sparse-mezo] global_step=290 active_fraction=0.000000 active_params=0/1315758080 configured_ratio=0.250000 mask_strategy=percentile_per_layer scope=trainable_only

 12%|█▏        | 291/2405 [20:01<2:21:30,  4.02s/it]2026-04-16 22:49:02,578 - INFO - [sparse-mezo] global_step=291 active_fraction=0.000000 active_params=0/1315758080 configured_ratio=0.250000 mask_strategy=percentile_per_layer scope=trainable_only

 12%|█▏        | 292/2405 [20:05<2:21:09,  4.01s/it]2026-04-16 22:49:06,568 - INFO - [sparse-mezo] global_step=292 active_fraction=0.000000 active_params=0/1315758080 configured_ratio=0.250000 mask_strategy=percentile_per_layer scope=trainable_only

 12%|█▏        | 293/2405 [20:09<2:20:59,  4.01s/it]2026-04-16 22:49:10,584 - INFO - [sparse-mezo] global_step=293 active_fraction=0.000000 active_params=0/1315758080 configured_ratio=0.250000 mask_strategy=percentile_per_layer scope=trainable_only

 12%|█▏        | 294/2405 [20:13<2:21:02,  4.01s/it]2026-04-16 22:49:14,600 - INFO - [sparse-mezo] global_step=294 active_fraction=0.000000 active_params=0/1315758080 configured_ratio=0.250000 mask_strategy=percentile_per_layer scope=trainable_only

 12%|█▏        | 295/2405 [20:17<2:21:03,  4.01s/it]2026-04-16 22:49:18,627 - INFO - [sparse-mezo] global_step=295 active_fraction=0.000000 active_params=0/1315758080 configured_ratio=0.250000 mask_strategy=percentile_per_layer scope=trainable_only

 12%|█▏        | 296/2405 [20:21<2:21:03,  4.01s/it]2026-04-16 22:49:22,619 - INFO - [sparse-mezo] global_step=296 active_fraction=0.000000 active_params=0/1315758080 configured_ratio=0.250000 mask_strategy=percentile_per_layer scope=trainable_only

 12%|█▏        | 297/2405 [20:25<2:20:53,  4.01s/it]2026-04-16 22:49:26,627 - INFO - [sparse-mezo] global_step=297 active_fraction=0.000000 active_params=0/1315758080 configured_ratio=0.250000 mask_strategy=percentile_per_layer scope=trainable_only

 12%|█▏        | 298/2405 [20:29<2:20:46,  4.01s/it]2026-04-16 22:49:30,645 - INFO - [sparse-mezo] global_step=298 active_fraction=0.000000 active_params=0/1315758080 configured_ratio=0.250000 mask_strategy=percentile_per_layer scope=trainable_only

 12%|█▏        | 299/2405 [20:33<2:20:42,  4.01s/it]2026-04-16 22:49:34,637 - INFO - [sparse-mezo] global_step=299 active_fraction=0.000000 active_params=0/1315758080 configured_ratio=0.250000 mask_strategy=percentile_per_layer scope=trainable_only

 12%|█▏        | 300/2405 [20:37<2:20:27,  4.00s/it]2026-04-16 22:49:38,643 - INFO - [sparse-mezo] global_step=300 active_fraction=0.000000 active_params=0/1315758080 configured_ratio=0.250000 mask_strategy=percentile_per_layer scope=trainable_only
2026-04-16 22:49:42,226 - WARNING - [zo_probe] step=300: no finite probe pairs; skipping row.

 13%|█▎        | 301/2405 [20:45<2:58:06,  5.08s/it]2026-04-16 22:49:46,240 - INFO - [sparse-mezo] global_step=301 active_fraction=0.000000 active_params=0/1315758080 configured_ratio=0.250000 mask_strategy=percentile_per_layer scope=trainable_only

 13%|█▎        | 302/2405 [20:49<2:46:52,  4.76s/it]2026-04-16 22:49:50,258 - INFO - [sparse-mezo] global_step=302 active_fraction=0.000000 active_params=0/1315758080 configured_ratio=0.250000 mask_strategy=percentile_per_layer scope=trainable_only

 13%|█▎        | 303/2405 [20:53<2:39:08,  4.54s/it]2026-04-16 22:49:54,269 - INFO - [sparse-mezo] global_step=303 active_fraction=0.000000 active_params=0/1315758080 configured_ratio=0.250000 mask_strategy=percentile_per_layer scope=trainable_only

 13%|█▎        | 304/2405 [20:57<2:33:24,  4.38s/it]2026-04-16 22:49:58,272 - INFO - [sparse-mezo] global_step=304 active_fraction=0.000000 active_params=0/1315758080 configured_ratio=0.250000 mask_strategy=percentile_per_layer scope=trainable_only

 13%|█▎        | 305/2405 [21:01<2:29:26,  4.27s/it]2026-04-16 22:50:02,282 - INFO - [sparse-mezo] global_step=305 active_fraction=0.000000 active_params=0/1315758080 configured_ratio=0.250000 mask_strategy=percentile_per_layer scope=trainable_only

 13%|█▎        | 306/2405 [21:05<2:26:27,  4.19s/it]2026-04-16 22:50:06,273 - INFO - [sparse-mezo] global_step=306 active_fraction=0.000000 active_params=0/1315758080 configured_ratio=0.250000 mask_strategy=percentile_per_layer scope=trainable_only

 13%|█▎        | 307/2405 [21:09<2:24:31,  4.13s/it]2026-04-16 22:50:10,284 - INFO - [sparse-mezo] global_step=307 active_fraction=0.000000 active_params=0/1315758080 configured_ratio=0.250000 mask_strategy=percentile_per_layer scope=trainable_only

 13%|█▎        | 308/2405 [21:13<2:22:59,  4.09s/it]2026-04-16 22:50:14,277 - INFO - [sparse-mezo] global_step=308 active_fraction=0.000000 active_params=0/1315758080 configured_ratio=0.250000 mask_strategy=percentile_per_layer scope=trainable_only

 13%|█▎        | 309/2405 [21:17<2:21:52,  4.06s/it]2026-04-16 22:50:18,287 - INFO - [sparse-mezo] global_step=309 active_fraction=0.000000 active_params=0/1315758080 configured_ratio=0.250000 mask_strategy=percentile_per_layer scope=trainable_only

 13%|█▎        | 310/2405 [21:21<2:21:22,  4.05s/it]2026-04-16 22:50:22,288 - INFO - [sparse-mezo] global_step=310 active_fraction=0.000000 active_params=0/1315758080 configured_ratio=0.250000 mask_strategy=percentile_per_layer scope=trainable_only

 13%|█▎        | 311/2405 [21:25<2:20:47,  4.03s/it]2026-04-16 22:50:26,287 - INFO - [sparse-mezo] global_step=311 active_fraction=0.000000 active_params=0/1315758080 configured_ratio=0.250000 mask_strategy=percentile_per_layer scope=trainable_only

 13%|█▎        | 312/2405 [21:29<2:20:27,  4.03s/it]2026-04-16 22:50:30,311 - INFO - [sparse-mezo] global_step=312 active_fraction=0.000000 active_params=0/1315758080 configured_ratio=0.250000 mask_strategy=percentile_per_layer scope=trainable_only

 13%|█▎        | 313/2405 [21:33<2:20:09,  4.02s/it]2026-04-16 22:50:34,299 - INFO - [sparse-mezo] global_step=313 active_fraction=0.000000 active_params=0/1315758080 configured_ratio=0.250000 mask_strategy=percentile_per_layer scope=trainable_only

 13%|█▎        | 314/2405 [21:37<2:19:42,  4.01s/it]2026-04-16 22:50:38,284 - INFO - [sparse-mezo] global_step=314 active_fraction=0.000000 active_params=0/1315758080 configured_ratio=0.250000 mask_strategy=percentile_per_layer scope=trainable_only

 13%|█▎        | 315/2405 [21:41<2:19:27,  4.00s/it]2026-04-16 22:50:42,294 - INFO - [sparse-mezo] global_step=315 active_fraction=0.000000 active_params=0/1315758080 configured_ratio=0.250000 mask_strategy=percentile_per_layer scope=trainable_only

 13%|█▎        | 316/2405 [21:45<2:19:26,  4.01s/it]2026-04-16 22:50:46,301 - INFO - [sparse-mezo] global_step=316 active_fraction=0.000000 active_params=0/1315758080 configured_ratio=0.250000 mask_strategy=percentile_per_layer scope=trainable_only

 13%|█▎        | 317/2405 [21:49<2:19:36,  4.01s/it]2026-04-16 22:50:50,311 - INFO - [sparse-mezo] global_step=317 active_fraction=0.000000 active_params=0/1315758080 configured_ratio=0.250000 mask_strategy=percentile_per_layer scope=trainable_only

 13%|█▎        | 318/2405 [21:53<2:19:31,  4.01s/it]2026-04-16 22:50:54,321 - INFO - [sparse-mezo] global_step=318 active_fraction=0.000000 active_params=0/1315758080 configured_ratio=0.250000 mask_strategy=percentile_per_layer scope=trainable_only

 13%|█▎        | 319/2405 [21:57<2:19:14,  4.00s/it]2026-04-16 22:50:58,329 - INFO - [sparse-mezo] global_step=319 active_fraction=0.000000 active_params=0/1315758080 configured_ratio=0.250000 mask_strategy=percentile_per_layer scope=trainable_only

 13%|█▎        | 320/2405 [22:01<2:19:12,  4.01s/it]2026-04-16 22:51:02,335 - INFO - [sparse-mezo] global_step=320 active_fraction=0.000000 active_params=0/1315758080 configured_ratio=0.250000 mask_strategy=percentile_per_layer scope=trainable_only

 13%|█▎        | 321/2405 [22:05<2:19:08,  4.01s/it]2026-04-16 22:51:06,343 - INFO - [sparse-mezo] global_step=321 active_fraction=0.000000 active_params=0/1315758080 configured_ratio=0.250000 mask_strategy=percentile_per_layer scope=trainable_only

 13%|█▎        | 322/2405 [22:09<2:19:02,  4.01s/it]2026-04-16 22:51:10,329 - INFO - [sparse-mezo] global_step=322 active_fraction=0.000000 active_params=0/1315758080 configured_ratio=0.250000 mask_strategy=percentile_per_layer scope=trainable_only

 13%|█▎        | 323/2405 [22:13<2:18:46,  4.00s/it]2026-04-16 22:51:14,312 - INFO - [sparse-mezo] global_step=323 active_fraction=0.000000 active_params=0/1315758080 configured_ratio=0.250000 mask_strategy=percentile_per_layer scope=trainable_only

 13%|█▎        | 324/2405 [22:17<2:18:47,  4.00s/it]2026-04-16 22:51:18,337 - INFO - [sparse-mezo] global_step=324 active_fraction=0.000000 active_params=0/1315758080 configured_ratio=0.250000 mask_strategy=percentile_per_layer scope=trainable_only

 14%|█▎        | 325/2405 [22:21<2:18:43,  4.00s/it]2026-04-16 22:51:22,321 - INFO - [sparse-mezo] global_step=325 active_fraction=0.000000 active_params=0/1315758080 configured_ratio=0.250000 mask_strategy=percentile_per_layer scope=trainable_only

 14%|█▎        | 326/2405 [22:25<2:18:28,  4.00s/it]2026-04-16 22:51:26,323 - INFO - [sparse-mezo] global_step=326 active_fraction=0.000000 active_params=0/1315758080 configured_ratio=0.250000 mask_strategy=percentile_per_layer scope=trainable_only

 14%|█▎        | 327/2405 [22:29<2:18:30,  4.00s/it]2026-04-16 22:51:30,330 - INFO - [sparse-mezo] global_step=327 active_fraction=0.000000 active_params=0/1315758080 configured_ratio=0.250000 mask_strategy=percentile_per_layer scope=trainable_only

 14%|█▎        | 328/2405 [22:33<2:18:43,  4.01s/it]2026-04-16 22:51:34,356 - INFO - [sparse-mezo] global_step=328 active_fraction=0.000000 active_params=0/1315758080 configured_ratio=0.250000 mask_strategy=percentile_per_layer scope=trainable_only

 14%|█▎        | 329/2405 [22:37<2:18:38,  4.01s/it]2026-04-16 22:51:38,350 - INFO - [sparse-mezo] global_step=329 active_fraction=0.000000 active_params=0/1315758080 configured_ratio=0.250000 mask_strategy=percentile_per_layer scope=trainable_only

 14%|█▎        | 330/2405 [22:41<2:18:27,  4.00s/it]2026-04-16 22:51:42,359 - INFO - [sparse-mezo] global_step=330 active_fraction=0.000000 active_params=0/1315758080 configured_ratio=0.250000 mask_strategy=percentile_per_layer scope=trainable_only

 14%|█▍        | 331/2405 [22:45<2:18:26,  4.01s/it]2026-04-16 22:51:46,367 - INFO - [sparse-mezo] global_step=331 active_fraction=0.000000 active_params=0/1315758080 configured_ratio=0.250000 mask_strategy=percentile_per_layer scope=trainable_only

 14%|█▍        | 332/2405 [22:49<2:18:29,  4.01s/it]2026-04-16 22:51:50,382 - INFO - [sparse-mezo] global_step=332 active_fraction=0.000000 active_params=0/1315758080 configured_ratio=0.250000 mask_strategy=percentile_per_layer scope=trainable_only

 14%|█▍        | 333/2405 [22:53<2:18:29,  4.01s/it]2026-04-16 22:51:54,378 - INFO - [sparse-mezo] global_step=333 active_fraction=0.000000 active_params=0/1315758080 configured_ratio=0.250000 mask_strategy=percentile_per_layer scope=trainable_only

 14%|█▍        | 334/2405 [22:57<2:18:08,  4.00s/it]2026-04-16 22:51:58,381 - INFO - [sparse-mezo] global_step=334 active_fraction=0.000000 active_params=0/1315758080 configured_ratio=0.250000 mask_strategy=percentile_per_layer scope=trainable_only

 14%|█▍        | 335/2405 [23:01<2:18:04,  4.00s/it]2026-04-16 22:52:02,366 - INFO - [sparse-mezo] global_step=335 active_fraction=0.000000 active_params=0/1315758080 configured_ratio=0.250000 mask_strategy=percentile_per_layer scope=trainable_only

 14%|█▍        | 336/2405 [23:05<2:17:49,  4.00s/it]2026-04-16 22:52:06,350 - INFO - [sparse-mezo] global_step=336 active_fraction=0.000000 active_params=0/1315758080 configured_ratio=0.250000 mask_strategy=percentile_per_layer scope=trainable_only

 14%|█▍        | 337/2405 [23:09<2:17:41,  3.99s/it]2026-04-16 22:52:10,343 - INFO - [sparse-mezo] global_step=337 active_fraction=0.000000 active_params=0/1315758080 configured_ratio=0.250000 mask_strategy=percentile_per_layer scope=trainable_only

 14%|█▍        | 338/2405 [23:13<2:17:33,  3.99s/it]2026-04-16 22:52:14,330 - INFO - [sparse-mezo] global_step=338 active_fraction=0.000000 active_params=0/1315758080 configured_ratio=0.250000 mask_strategy=percentile_per_layer scope=trainable_only

 14%|█▍        | 339/2405 [23:17<2:17:33,  3.99s/it]2026-04-16 22:52:18,346 - INFO - [sparse-mezo] global_step=339 active_fraction=0.000000 active_params=0/1315758080 configured_ratio=0.250000 mask_strategy=percentile_per_layer scope=trainable_only

 14%|█▍        | 340/2405 [23:21<2:17:36,  4.00s/it]2026-04-16 22:52:22,335 - INFO - [sparse-mezo] global_step=340 active_fraction=0.000000 active_params=0/1315758080 configured_ratio=0.250000 mask_strategy=percentile_per_layer scope=trainable_only

 14%|█▍        | 341/2405 [23:25<2:17:27,  4.00s/it]2026-04-16 22:52:26,340 - INFO - [sparse-mezo] global_step=341 active_fraction=0.000000 active_params=0/1315758080 configured_ratio=0.250000 mask_strategy=percentile_per_layer scope=trainable_only

 14%|█▍        | 342/2405 [23:29<2:17:29,  4.00s/it]2026-04-16 22:52:30,348 - INFO - [sparse-mezo] global_step=342 active_fraction=0.000000 active_params=0/1315758080 configured_ratio=0.250000 mask_strategy=percentile_per_layer scope=trainable_only

 14%|█▍        | 343/2405 [23:33<2:17:30,  4.00s/it]2026-04-16 22:52:34,354 - INFO - [sparse-mezo] global_step=343 active_fraction=0.000000 active_params=0/1315758080 configured_ratio=0.250000 mask_strategy=percentile_per_layer scope=trainable_only

 14%|█▍        | 344/2405 [23:37<2:17:30,  4.00s/it]2026-04-16 22:52:38,346 - INFO - [sparse-mezo] global_step=344 active_fraction=0.000000 active_params=0/1315758080 configured_ratio=0.250000 mask_strategy=percentile_per_layer scope=trainable_only

 14%|█▍        | 345/2405 [23:41<2:17:30,  4.01s/it]2026-04-16 22:52:42,372 - INFO - [sparse-mezo] global_step=345 active_fraction=0.000000 active_params=0/1315758080 configured_ratio=0.250000 mask_strategy=percentile_per_layer scope=trainable_only

 14%|█▍        | 346/2405 [23:45<2:17:33,  4.01s/it]2026-04-16 22:52:46,379 - INFO - [sparse-mezo] global_step=346 active_fraction=0.000000 active_params=0/1315758080 configured_ratio=0.250000 mask_strategy=percentile_per_layer scope=trainable_only

 14%|█▍        | 347/2405 [23:49<2:17:29,  4.01s/it]2026-04-16 22:52:50,394 - INFO - [sparse-mezo] global_step=347 active_fraction=0.000000 active_params=0/1315758080 configured_ratio=0.250000 mask_strategy=percentile_per_layer scope=trainable_only

 14%|█▍        | 348/2405 [23:53<2:17:28,  4.01s/it]2026-04-16 22:52:54,412 - INFO - [sparse-mezo] global_step=348 active_fraction=0.000000 active_params=0/1315758080 configured_ratio=0.250000 mask_strategy=percentile_per_layer scope=trainable_only

 15%|█▍        | 349/2405 [23:57<2:17:29,  4.01s/it]2026-04-16 22:52:58,430 - INFO - [sparse-mezo] global_step=349 active_fraction=0.000000 active_params=0/1315758080 configured_ratio=0.250000 mask_strategy=percentile_per_layer scope=trainable_only

 15%|█▍        | 350/2405 [24:01<2:17:29,  4.01s/it]2026-04-16 22:53:02,448 - INFO - [sparse-mezo] global_step=350 active_fraction=0.000000 active_params=0/1315758080 configured_ratio=0.250000 mask_strategy=percentile_per_layer scope=trainable_only

 15%|█▍        | 351/2405 [24:05<2:17:33,  4.02s/it]2026-04-16 22:53:06,477 - INFO - [sparse-mezo] global_step=351 active_fraction=0.000000 active_params=0/1315758080 configured_ratio=0.250000 mask_strategy=percentile_per_layer scope=trainable_only

 15%|█▍        | 352/2405 [24:09<2:17:35,  4.02s/it]2026-04-16 22:53:10,506 - INFO - [sparse-mezo] global_step=352 active_fraction=0.000000 active_params=0/1315758080 configured_ratio=0.250000 mask_strategy=percentile_per_layer scope=trainable_only

 15%|█▍        | 353/2405 [24:13<2:17:24,  4.02s/it]2026-04-16 22:53:14,514 - INFO - [sparse-mezo] global_step=353 active_fraction=0.000000 active_params=0/1315758080 configured_ratio=0.250000 mask_strategy=percentile_per_layer scope=trainable_only

 15%|█▍        | 354/2405 [24:17<2:17:20,  4.02s/it]2026-04-16 22:53:18,514 - INFO - [sparse-mezo] global_step=354 active_fraction=0.000000 active_params=0/1315758080 configured_ratio=0.250000 mask_strategy=percentile_per_layer scope=trainable_only

 15%|█▍        | 355/2405 [24:21<2:17:05,  4.01s/it]2026-04-16 22:53:22,513 - INFO - [sparse-mezo] global_step=355 active_fraction=0.000000 active_params=0/1315758080 configured_ratio=0.250000 mask_strategy=percentile_per_layer scope=trainable_only

 15%|█▍        | 356/2405 [24:25<2:16:52,  4.01s/it]2026-04-16 22:53:26,513 - INFO - [sparse-mezo] global_step=356 active_fraction=0.000000 active_params=0/1315758080 configured_ratio=0.250000 mask_strategy=percentile_per_layer scope=trainable_only

 15%|█▍        | 357/2405 [24:29<2:16:37,  4.00s/it]2026-04-16 22:53:30,519 - INFO - [sparse-mezo] global_step=357 active_fraction=0.000000 active_params=0/1315758080 configured_ratio=0.250000 mask_strategy=percentile_per_layer scope=trainable_only

 15%|█▍        | 358/2405 [24:33<2:16:42,  4.01s/it]2026-04-16 22:53:34,538 - INFO - [sparse-mezo] global_step=358 active_fraction=0.000000 active_params=0/1315758080 configured_ratio=0.250000 mask_strategy=percentile_per_layer scope=trainable_only

 15%|█▍        | 359/2405 [24:37<2:16:39,  4.01s/it]2026-04-16 22:53:38,547 - INFO - [sparse-mezo] global_step=359 active_fraction=0.000000 active_params=0/1315758080 configured_ratio=0.250000 mask_strategy=percentile_per_layer scope=trainable_only

 15%|█▍        | 360/2405 [24:41<2:16:36,  4.01s/it]2026-04-16 22:53:42,555 - INFO - [sparse-mezo] global_step=360 active_fraction=0.000000 active_params=0/1315758080 configured_ratio=0.250000 mask_strategy=percentile_per_layer scope=trainable_only

 15%|█▌        | 361/2405 [24:45<2:16:32,  4.01s/it]2026-04-16 22:53:46,545 - INFO - [sparse-mezo] global_step=361 active_fraction=0.000000 active_params=0/1315758080 configured_ratio=0.250000 mask_strategy=percentile_per_layer scope=trainable_only

 15%|█▌        | 362/2405 [24:49<2:16:22,  4.01s/it]2026-04-16 22:53:50,545 - INFO - [sparse-mezo] global_step=362 active_fraction=0.000000 active_params=0/1315758080 configured_ratio=0.250000 mask_strategy=percentile_per_layer scope=trainable_only

 15%|█▌        | 363/2405 [24:53<2:16:15,  4.00s/it]2026-04-16 22:53:54,544 - INFO - [sparse-mezo] global_step=363 active_fraction=0.000000 active_params=0/1315758080 configured_ratio=0.250000 mask_strategy=percentile_per_layer scope=trainable_only

 15%|█▌        | 364/2405 [24:57<2:16:08,  4.00s/it]2026-04-16 22:53:58,541 - INFO - [sparse-mezo] global_step=364 active_fraction=0.000000 active_params=0/1315758080 configured_ratio=0.250000 mask_strategy=percentile_per_layer scope=trainable_only

 15%|█▌        | 365/2405 [25:01<2:15:56,  4.00s/it]2026-04-16 22:54:02,530 - INFO - [sparse-mezo] global_step=365 active_fraction=0.000000 active_params=0/1315758080 configured_ratio=0.250000 mask_strategy=percentile_per_layer scope=trainable_only

 15%|█▌        | 366/2405 [25:05<2:15:49,  4.00s/it]2026-04-16 22:54:06,525 - INFO - [sparse-mezo] global_step=366 active_fraction=0.000000 active_params=0/1315758080 configured_ratio=0.250000 mask_strategy=percentile_per_layer scope=trainable_only

 15%|█▌        | 367/2405 [25:09<2:15:41,  3.99s/it]2026-04-16 22:54:10,515 - INFO - [sparse-mezo] global_step=367 active_fraction=0.000000 active_params=0/1315758080 configured_ratio=0.250000 mask_strategy=percentile_per_layer scope=trainable_only

 15%|█▌        | 368/2405 [25:13<2:15:36,  3.99s/it]2026-04-16 22:54:14,511 - INFO - [sparse-mezo] global_step=368 active_fraction=0.000000 active_params=0/1315758080 configured_ratio=0.250000 mask_strategy=percentile_per_layer scope=trainable_only

 15%|█▌        | 369/2405 [25:17<2:15:31,  3.99s/it]2026-04-16 22:54:18,499 - INFO - [sparse-mezo] global_step=369 active_fraction=0.000000 active_params=0/1315758080 configured_ratio=0.250000 mask_strategy=percentile_per_layer scope=trainable_only

 15%|█▌        | 370/2405 [25:21<2:15:24,  3.99s/it]2026-04-16 22:54:22,509 - INFO - [sparse-mezo] global_step=370 active_fraction=0.000000 active_params=0/1315758080 configured_ratio=0.250000 mask_strategy=percentile_per_layer scope=trainable_only

 15%|█▌        | 371/2405 [25:25<2:15:30,  4.00s/it]2026-04-16 22:54:26,499 - INFO - [sparse-mezo] global_step=371 active_fraction=0.000000 active_params=0/1315758080 configured_ratio=0.250000 mask_strategy=percentile_per_layer scope=trainable_only

 15%|█▌        | 372/2405 [25:29<2:15:27,  4.00s/it]2026-04-16 22:54:30,516 - INFO - [sparse-mezo] global_step=372 active_fraction=0.000000 active_params=0/1315758080 configured_ratio=0.250000 mask_strategy=percentile_per_layer scope=trainable_only

 16%|█▌        | 373/2405 [25:33<2:15:35,  4.00s/it]2026-04-16 22:54:34,532 - INFO - [sparse-mezo] global_step=373 active_fraction=0.000000 active_params=0/1315758080 configured_ratio=0.250000 mask_strategy=percentile_per_layer scope=trainable_only

 16%|█▌        | 374/2405 [25:37<2:15:33,  4.00s/it]2026-04-16 22:54:38,522 - INFO - [sparse-mezo] global_step=374 active_fraction=0.000000 active_params=0/1315758080 configured_ratio=0.250000 mask_strategy=percentile_per_layer scope=trainable_only

 16%|█▌        | 375/2405 [25:41<2:15:31,  4.01s/it]2026-04-16 22:54:42,550 - INFO - [sparse-mezo] global_step=375 active_fraction=0.000000 active_params=0/1315758080 configured_ratio=0.250000 mask_strategy=percentile_per_layer scope=trainable_only

 16%|█▌        | 376/2405 [25:45<2:15:30,  4.01s/it]2026-04-16 22:54:46,557 - INFO - [sparse-mezo] global_step=376 active_fraction=0.000000 active_params=0/1315758080 configured_ratio=0.250000 mask_strategy=percentile_per_layer scope=trainable_only

 16%|█▌        | 377/2405 [25:49<2:15:31,  4.01s/it]2026-04-16 22:54:50,557 - INFO - [sparse-mezo] global_step=377 active_fraction=0.000000 active_params=0/1315758080 configured_ratio=0.250000 mask_strategy=percentile_per_layer scope=trainable_only

 16%|█▌        | 378/2405 [25:53<2:15:21,  4.01s/it]2026-04-16 22:54:54,572 - INFO - [sparse-mezo] global_step=378 active_fraction=0.000000 active_params=0/1315758080 configured_ratio=0.250000 mask_strategy=percentile_per_layer scope=trainable_only

 16%|█▌        | 379/2405 [25:57<2:15:22,  4.01s/it]2026-04-16 22:54:58,588 - INFO - [sparse-mezo] global_step=379 active_fraction=0.000000 active_params=0/1315758080 configured_ratio=0.250000 mask_strategy=percentile_per_layer scope=trainable_only

 16%|█▌        | 380/2405 [26:01<2:15:17,  4.01s/it]2026-04-16 22:55:02,578 - INFO - [sparse-mezo] global_step=380 active_fraction=0.000000 active_params=0/1315758080 configured_ratio=0.250000 mask_strategy=percentile_per_layer scope=trainable_only

 16%|█▌        | 381/2405 [26:05<2:15:07,  4.01s/it]2026-04-16 22:55:06,594 - INFO - [sparse-mezo] global_step=381 active_fraction=0.000000 active_params=0/1315758080 configured_ratio=0.250000 mask_strategy=percentile_per_layer scope=trainable_only

 16%|█▌        | 382/2405 [26:09<2:15:11,  4.01s/it]2026-04-16 22:55:10,613 - INFO - [sparse-mezo] global_step=382 active_fraction=0.000000 active_params=0/1315758080 configured_ratio=0.250000 mask_strategy=percentile_per_layer scope=trainable_only

 16%|█▌        | 383/2405 [26:13<2:15:06,  4.01s/it]2026-04-16 22:55:14,621 - INFO - [sparse-mezo] global_step=383 active_fraction=0.000000 active_params=0/1315758080 configured_ratio=0.250000 mask_strategy=percentile_per_layer scope=trainable_only

 16%|█▌        | 384/2405 [26:17<2:15:01,  4.01s/it]2026-04-16 22:55:18,630 - INFO - [sparse-mezo] global_step=384 active_fraction=0.000000 active_params=0/1315758080 configured_ratio=0.250000 mask_strategy=percentile_per_layer scope=trainable_only

 16%|█▌        | 385/2405 [26:21<2:15:03,  4.01s/it]2026-04-16 22:55:22,648 - INFO - [sparse-mezo] global_step=385 active_fraction=0.000000 active_params=0/1315758080 configured_ratio=0.250000 mask_strategy=percentile_per_layer scope=trainable_only

 16%|█▌        | 386/2405 [26:25<2:15:08,  4.02s/it]2026-04-16 22:55:26,674 - INFO - [sparse-mezo] global_step=386 active_fraction=0.000000 active_params=0/1315758080 configured_ratio=0.250000 mask_strategy=percentile_per_layer scope=trainable_only

 16%|█▌        | 387/2405 [26:29<2:15:04,  4.02s/it]2026-04-16 22:55:30,672 - INFO - [sparse-mezo] global_step=387 active_fraction=0.000000 active_params=0/1315758080 configured_ratio=0.250000 mask_strategy=percentile_per_layer scope=trainable_only

 16%|█▌        | 388/2405 [26:33<2:14:49,  4.01s/it]2026-04-16 22:55:34,689 - INFO - [sparse-mezo] global_step=388 active_fraction=0.000000 active_params=0/1315758080 configured_ratio=0.250000 mask_strategy=percentile_per_layer scope=trainable_only

 16%|█▌        | 389/2405 [26:37<2:14:41,  4.01s/it]2026-04-16 22:55:38,675 - INFO - [sparse-mezo] global_step=389 active_fraction=0.000000 active_params=0/1315758080 configured_ratio=0.250000 mask_strategy=percentile_per_layer scope=trainable_only

 16%|█▌        | 390/2405 [26:41<2:14:26,  4.00s/it]2026-04-16 22:55:42,665 - INFO - [sparse-mezo] global_step=390 active_fraction=0.000000 active_params=0/1315758080 configured_ratio=0.250000 mask_strategy=percentile_per_layer scope=trainable_only

 16%|█▋        | 391/2405 [26:45<2:14:25,  4.00s/it]2026-04-16 22:55:46,675 - INFO - [sparse-mezo] global_step=391 active_fraction=0.000000 active_params=0/1315758080 configured_ratio=0.250000 mask_strategy=percentile_per_layer scope=trainable_only

 16%|█▋        | 392/2405 [26:49<2:14:13,  4.00s/it]2026-04-16 22:55:50,664 - INFO - [sparse-mezo] global_step=392 active_fraction=0.000000 active_params=0/1315758080 configured_ratio=0.250000 mask_strategy=percentile_per_layer scope=trainable_only

 16%|█▋        | 393/2405 [26:53<2:14:14,  4.00s/it]2026-04-16 22:55:54,674 - INFO - [sparse-mezo] global_step=393 active_fraction=0.000000 active_params=0/1315758080 configured_ratio=0.250000 mask_strategy=percentile_per_layer scope=trainable_only

 16%|█▋        | 394/2405 [26:57<2:14:14,  4.01s/it]2026-04-16 22:55:58,700 - INFO - [sparse-mezo] global_step=394 active_fraction=0.000000 active_params=0/1315758080 configured_ratio=0.250000 mask_strategy=percentile_per_layer scope=trainable_only

 16%|█▋        | 395/2405 [27:01<2:14:17,  4.01s/it]2026-04-16 22:56:02,718 - INFO - [sparse-mezo] global_step=395 active_fraction=0.000000 active_params=0/1315758080 configured_ratio=0.250000 mask_strategy=percentile_per_layer scope=trainable_only

 16%|█▋        | 396/2405 [27:05<2:14:18,  4.01s/it]2026-04-16 22:56:06,716 - INFO - [sparse-mezo] global_step=396 active_fraction=0.000000 active_params=0/1315758080 configured_ratio=0.250000 mask_strategy=percentile_per_layer scope=trainable_only

 17%|█▋        | 397/2405 [27:09<2:14:06,  4.01s/it]2026-04-16 22:56:10,724 - INFO - [sparse-mezo] global_step=397 active_fraction=0.000000 active_params=0/1315758080 configured_ratio=0.250000 mask_strategy=percentile_per_layer scope=trainable_only

 17%|█▋        | 398/2405 [27:13<2:13:55,  4.00s/it]2026-04-16 22:56:14,730 - INFO - [sparse-mezo] global_step=398 active_fraction=0.000000 active_params=0/1315758080 configured_ratio=0.250000 mask_strategy=percentile_per_layer scope=trainable_only

 17%|█▋        | 399/2405 [27:17<2:14:00,  4.01s/it]2026-04-16 22:56:18,731 - INFO - [sparse-mezo] global_step=399 active_fraction=0.000000 active_params=0/1315758080 configured_ratio=0.250000 mask_strategy=percentile_per_layer scope=trainable_only

 17%|█▋        | 400/2405 [27:21<2:13:51,  4.01s/it]2026-04-16 22:56:22,746 - INFO - [sparse-mezo] global_step=400 active_fraction=0.000000 active_params=0/1315758080 configured_ratio=0.250000 mask_strategy=percentile_per_layer scope=trainable_only
2026-04-16 22:56:27,048 - WARNING - [zo_probe] step=400: no finite probe pairs; skipping row.

 17%|█▋        | 401/2405 [27:30<2:57:04,  5.30s/it]2026-04-16 22:56:31,073 - INFO - [sparse-mezo] global_step=401 active_fraction=0.000000 active_params=0/1315758080 configured_ratio=0.250000 mask_strategy=percentile_per_layer scope=trainable_only

 17%|█▋        | 402/2405 [27:34<2:44:01,  4.91s/it]2026-04-16 22:56:35,079 - INFO - [sparse-mezo] global_step=402 active_fraction=0.000000 active_params=0/1315758080 configured_ratio=0.250000 mask_strategy=percentile_per_layer scope=trainable_only

 17%|█▋        | 403/2405 [27:38<2:34:57,  4.64s/it]2026-04-16 22:56:39,099 - INFO - [sparse-mezo] global_step=403 active_fraction=0.000000 active_params=0/1315758080 configured_ratio=0.250000 mask_strategy=percentile_per_layer scope=trainable_only

 17%|█▋        | 404/2405 [27:42<2:28:30,  4.45s/it]2026-04-16 22:56:43,087 - INFO - [sparse-mezo] global_step=404 active_fraction=0.000000 active_params=0/1315758080 configured_ratio=0.250000 mask_strategy=percentile_per_layer scope=trainable_only

 17%|█▋        | 405/2405 [27:46<2:23:54,  4.32s/it]2026-04-16 22:56:47,107 - INFO - [sparse-mezo] global_step=405 active_fraction=0.000000 active_params=0/1315758080 configured_ratio=0.250000 mask_strategy=percentile_per_layer scope=trainable_only

 17%|█▋        | 406/2405 [27:50<2:20:46,  4.23s/it]2026-04-16 22:56:51,116 - INFO - [sparse-mezo] global_step=406 active_fraction=0.000000 active_params=0/1315758080 configured_ratio=0.250000 mask_strategy=percentile_per_layer scope=trainable_only

 17%|█▋        | 407/2405 [27:54<2:18:38,  4.16s/it]2026-04-16 22:56:55,118 - INFO - [sparse-mezo] global_step=407 active_fraction=0.000000 active_params=0/1315758080 configured_ratio=0.250000 mask_strategy=percentile_per_layer scope=trainable_only

 17%|█▋        | 408/2405 [27:58<2:16:57,  4.11s/it]2026-04-16 22:56:59,135 - INFO - [sparse-mezo] global_step=408 active_fraction=0.000000 active_params=0/1315758080 configured_ratio=0.250000 mask_strategy=percentile_per_layer scope=trainable_only

 17%|█▋        | 409/2405 [28:02<2:16:00,  4.09s/it]2026-04-16 22:57:03,144 - INFO - [sparse-mezo] global_step=409 active_fraction=0.000000 active_params=0/1315758080 configured_ratio=0.250000 mask_strategy=percentile_per_layer scope=trainable_only

 17%|█▋        | 410/2405 [28:06<2:14:57,  4.06s/it]2026-04-16 22:57:07,136 - INFO - [sparse-mezo] global_step=410 active_fraction=0.000000 active_params=0/1315758080 configured_ratio=0.250000 mask_strategy=percentile_per_layer scope=trainable_only

 17%|█▋        | 411/2405 [28:10<2:14:10,  4.04s/it]2026-04-16 22:57:11,122 - INFO - [sparse-mezo] global_step=411 active_fraction=0.000000 active_params=0/1315758080 configured_ratio=0.250000 mask_strategy=percentile_per_layer scope=trainable_only

 17%|█▋        | 412/2405 [28:14<2:13:44,  4.03s/it]2026-04-16 22:57:15,126 - INFO - [sparse-mezo] global_step=412 active_fraction=0.000000 active_params=0/1315758080 configured_ratio=0.250000 mask_strategy=percentile_per_layer scope=trainable_only

 17%|█▋        | 413/2405 [28:18<2:13:26,  4.02s/it]2026-04-16 22:57:19,149 - INFO - [sparse-mezo] global_step=413 active_fraction=0.000000 active_params=0/1315758080 configured_ratio=0.250000 mask_strategy=percentile_per_layer scope=trainable_only

 17%|█▋        | 414/2405 [28:22<2:13:34,  4.03s/it]2026-04-16 22:57:23,183 - INFO - [sparse-mezo] global_step=414 active_fraction=0.000000 active_params=0/1315758080 configured_ratio=0.250000 mask_strategy=percentile_per_layer scope=trainable_only

 17%|█▋        | 415/2405 [28:26<2:13:27,  4.02s/it]2026-04-16 22:57:27,200 - INFO - [sparse-mezo] global_step=415 active_fraction=0.000000 active_params=0/1315758080 configured_ratio=0.250000 mask_strategy=percentile_per_layer scope=trainable_only

 17%|█▋        | 416/2405 [28:30<2:13:12,  4.02s/it]2026-04-16 22:57:31,207 - INFO - [sparse-mezo] global_step=416 active_fraction=0.000000 active_params=0/1315758080 configured_ratio=0.250000 mask_strategy=percentile_per_layer scope=trainable_only

 17%|█▋        | 417/2405 [28:34<2:13:01,  4.01s/it]2026-04-16 22:57:35,214 - INFO - [sparse-mezo] global_step=417 active_fraction=0.000000 active_params=0/1315758080 configured_ratio=0.250000 mask_strategy=percentile_per_layer scope=trainable_only

 17%|█▋        | 418/2405 [28:38<2:12:52,  4.01s/it]2026-04-16 22:57:39,205 - INFO - [sparse-mezo] global_step=418 active_fraction=0.000000 active_params=0/1315758080 configured_ratio=0.250000 mask_strategy=percentile_per_layer scope=trainable_only

 17%|█▋        | 419/2405 [28:42<2:12:47,  4.01s/it]2026-04-16 22:57:43,214 - INFO - [sparse-mezo] global_step=419 active_fraction=0.000000 active_params=0/1315758080 configured_ratio=0.250000 mask_strategy=percentile_per_layer scope=trainable_only

 17%|█▋        | 420/2405 [28:46<2:12:35,  4.01s/it]2026-04-16 22:57:47,232 - INFO - [sparse-mezo] global_step=420 active_fraction=0.000000 active_params=0/1315758080 configured_ratio=0.250000 mask_strategy=percentile_per_layer scope=trainable_only

 18%|█▊        | 421/2405 [28:50<2:12:32,  4.01s/it]2026-04-16 22:57:51,223 - INFO - [sparse-mezo] global_step=421 active_fraction=0.000000 active_params=0/1315758080 configured_ratio=0.250000 mask_strategy=percentile_per_layer scope=trainable_only

 18%|█▊        | 422/2405 [28:54<2:12:29,  4.01s/it]2026-04-16 22:57:55,232 - INFO - [sparse-mezo] global_step=422 active_fraction=0.000000 active_params=0/1315758080 configured_ratio=0.250000 mask_strategy=percentile_per_layer scope=trainable_only

 18%|█▊        | 423/2405 [28:58<2:12:19,  4.01s/it]2026-04-16 22:57:59,249 - INFO - [sparse-mezo] global_step=423 active_fraction=0.000000 active_params=0/1315758080 configured_ratio=0.250000 mask_strategy=percentile_per_layer scope=trainable_only

 18%|█▊        | 424/2405 [29:02<2:12:22,  4.01s/it]2026-04-16 22:58:03,248 - INFO - [sparse-mezo] global_step=424 active_fraction=0.000000 active_params=0/1315758080 configured_ratio=0.250000 mask_strategy=percentile_per_layer scope=trainable_only

 18%|█▊        | 425/2405 [29:06<2:12:06,  4.00s/it]2026-04-16 22:58:07,239 - INFO - [sparse-mezo] global_step=425 active_fraction=0.000000 active_params=0/1315758080 configured_ratio=0.250000 mask_strategy=percentile_per_layer scope=trainable_only

 18%|█▊        | 426/2405 [29:10<2:11:55,  4.00s/it]2026-04-16 22:58:11,228 - INFO - [sparse-mezo] global_step=426 active_fraction=0.000000 active_params=0/1315758080 configured_ratio=0.250000 mask_strategy=percentile_per_layer scope=trainable_only

 18%|█▊        | 427/2405 [29:14<2:11:50,  4.00s/it]2026-04-16 22:58:15,244 - INFO - [sparse-mezo] global_step=427 active_fraction=0.000000 active_params=0/1315758080 configured_ratio=0.250000 mask_strategy=percentile_per_layer scope=trainable_only

 18%|█▊        | 428/2405 [29:18<2:11:56,  4.00s/it]2026-04-16 22:58:19,262 - INFO - [sparse-mezo] global_step=428 active_fraction=0.000000 active_params=0/1315758080 configured_ratio=0.250000 mask_strategy=percentile_per_layer scope=trainable_only

 18%|█▊        | 429/2405 [29:22<2:12:00,  4.01s/it]2026-04-16 22:58:23,278 - INFO - [sparse-mezo] global_step=429 active_fraction=0.000000 active_params=0/1315758080 configured_ratio=0.250000 mask_strategy=percentile_per_layer scope=trainable_only

 18%|█▊        | 430/2405 [29:26<2:12:00,  4.01s/it]2026-04-16 22:58:27,296 - INFO - [sparse-mezo] global_step=430 active_fraction=0.000000 active_params=0/1315758080 configured_ratio=0.250000 mask_strategy=percentile_per_layer scope=trainable_only

 18%|█▊        | 431/2405 [29:30<2:11:52,  4.01s/it]2026-04-16 22:58:31,301 - INFO - [sparse-mezo] global_step=431 active_fraction=0.000000 active_params=0/1315758080 configured_ratio=0.250000 mask_strategy=percentile_per_layer scope=trainable_only

 18%|█▊        | 432/2405 [29:34<2:12:00,  4.01s/it]2026-04-16 22:58:35,310 - INFO - [sparse-mezo] global_step=432 active_fraction=0.000000 active_params=0/1315758080 configured_ratio=0.250000 mask_strategy=percentile_per_layer scope=trainable_only

 18%|█▊        | 433/2405 [29:38<2:11:54,  4.01s/it]2026-04-16 22:58:39,323 - INFO - [sparse-mezo] global_step=433 active_fraction=0.000000 active_params=0/1315758080 configured_ratio=0.250000 mask_strategy=percentile_per_layer scope=trainable_only

 18%|█▊        | 434/2405 [29:42<2:11:50,  4.01s/it]2026-04-16 22:58:43,361 - INFO - [sparse-mezo] global_step=434 active_fraction=0.000000 active_params=0/1315758080 configured_ratio=0.250000 mask_strategy=percentile_per_layer scope=trainable_only

 18%|█▊        | 435/2405 [29:46<2:12:03,  4.02s/it]2026-04-16 22:58:47,394 - INFO - [sparse-mezo] global_step=435 active_fraction=0.000000 active_params=0/1315758080 configured_ratio=0.250000 mask_strategy=percentile_per_layer scope=trainable_only

 18%|█▊        | 436/2405 [29:50<2:12:02,  4.02s/it]2026-04-16 22:58:51,421 - INFO - [sparse-mezo] global_step=436 active_fraction=0.000000 active_params=0/1315758080 configured_ratio=0.250000 mask_strategy=percentile_per_layer scope=trainable_only

 18%|█▊        | 437/2405 [29:54<2:11:48,  4.02s/it]2026-04-16 22:58:55,428 - INFO - [sparse-mezo] global_step=437 active_fraction=0.000000 active_params=0/1315758080 configured_ratio=0.250000 mask_strategy=percentile_per_layer scope=trainable_only

 18%|█▊        | 438/2405 [29:58<2:11:38,  4.02s/it]2026-04-16 22:58:59,438 - INFO - [sparse-mezo] global_step=438 active_fraction=0.000000 active_params=0/1315758080 configured_ratio=0.250000 mask_strategy=percentile_per_layer scope=trainable_only

 18%|█▊        | 439/2405 [30:02<2:11:31,  4.01s/it]2026-04-16 22:59:03,444 - INFO - [sparse-mezo] global_step=439 active_fraction=0.000000 active_params=0/1315758080 configured_ratio=0.250000 mask_strategy=percentile_per_layer scope=trainable_only

 18%|█▊        | 440/2405 [30:06<2:11:22,  4.01s/it]2026-04-16 22:59:07,450 - INFO - [sparse-mezo] global_step=440 active_fraction=0.000000 active_params=0/1315758080 configured_ratio=0.250000 mask_strategy=percentile_per_layer scope=trainable_only

 18%|█▊        | 441/2405 [30:10<2:11:15,  4.01s/it]2026-04-16 22:59:11,440 - INFO - [sparse-mezo] global_step=441 active_fraction=0.000000 active_params=0/1315758080 configured_ratio=0.250000 mask_strategy=percentile_per_layer scope=trainable_only

 18%|█▊        | 442/2405 [30:14<2:10:56,  4.00s/it]2026-04-16 22:59:15,443 - INFO - [sparse-mezo] global_step=442 active_fraction=0.000000 active_params=0/1315758080 configured_ratio=0.250000 mask_strategy=percentile_per_layer scope=trainable_only

 18%|█▊        | 443/2405 [30:18<2:11:01,  4.01s/it]2026-04-16 22:59:19,443 - INFO - [sparse-mezo] global_step=443 active_fraction=0.000000 active_params=0/1315758080 configured_ratio=0.250000 mask_strategy=percentile_per_layer scope=trainable_only

 18%|█▊        | 444/2405 [30:22<2:10:44,  4.00s/it]2026-04-16 22:59:23,429 - INFO - [sparse-mezo] global_step=444 active_fraction=0.000000 active_params=0/1315758080 configured_ratio=0.250000 mask_strategy=percentile_per_layer scope=trainable_only

 19%|█▊        | 445/2405 [30:26<2:10:34,  4.00s/it]2026-04-16 22:59:27,416 - INFO - [sparse-mezo] global_step=445 active_fraction=0.000000 active_params=0/1315758080 configured_ratio=0.250000 mask_strategy=percentile_per_layer scope=trainable_only

 19%|█▊        | 446/2405 [30:30<2:10:30,  4.00s/it]2026-04-16 22:59:31,436 - INFO - [sparse-mezo] global_step=446 active_fraction=0.000000 active_params=0/1315758080 configured_ratio=0.250000 mask_strategy=percentile_per_layer scope=trainable_only

 19%|█▊        | 447/2405 [30:34<2:10:34,  4.00s/it]2026-04-16 22:59:35,445 - INFO - [sparse-mezo] global_step=447 active_fraction=0.000000 active_params=0/1315758080 configured_ratio=0.250000 mask_strategy=percentile_per_layer scope=trainable_only

 19%|█▊        | 448/2405 [30:38<2:10:40,  4.01s/it]2026-04-16 22:59:39,442 - INFO - [sparse-mezo] global_step=448 active_fraction=0.000000 active_params=0/1315758080 configured_ratio=0.250000 mask_strategy=percentile_per_layer scope=trainable_only

 19%|█▊        | 449/2405 [30:42<2:10:31,  4.00s/it]2026-04-16 22:59:43,443 - INFO - [sparse-mezo] global_step=449 active_fraction=0.000000 active_params=0/1315758080 configured_ratio=0.250000 mask_strategy=percentile_per_layer scope=trainable_only

 19%|█▊        | 450/2405 [30:46<2:10:19,  4.00s/it]2026-04-16 22:59:47,435 - INFO - [sparse-mezo] global_step=450 active_fraction=0.000000 active_params=0/1315758080 configured_ratio=0.250000 mask_strategy=percentile_per_layer scope=trainable_only

 19%|█▉        | 451/2405 [30:50<2:10:22,  4.00s/it]2026-04-16 22:59:51,460 - INFO - [sparse-mezo] global_step=451 active_fraction=0.000000 active_params=0/1315758080 configured_ratio=0.250000 mask_strategy=percentile_per_layer scope=trainable_only

 19%|█▉        | 452/2405 [30:54<2:10:25,  4.01s/it]2026-04-16 22:59:55,460 - INFO - [sparse-mezo] global_step=452 active_fraction=0.000000 active_params=0/1315758080 configured_ratio=0.250000 mask_strategy=percentile_per_layer scope=trainable_only

 19%|█▉        | 453/2405 [30:58<2:10:17,  4.00s/it]2026-04-16 22:59:59,459 - INFO - [sparse-mezo] global_step=453 active_fraction=0.000000 active_params=0/1315758080 configured_ratio=0.250000 mask_strategy=percentile_per_layer scope=trainable_only

 19%|█▉        | 454/2405 [31:02<2:10:04,  4.00s/it]2026-04-16 23:00:03,449 - INFO - [sparse-mezo] global_step=454 active_fraction=0.000000 active_params=0/1315758080 configured_ratio=0.250000 mask_strategy=percentile_per_layer scope=trainable_only

 19%|█▉        | 455/2405 [31:06<2:10:00,  4.00s/it]2026-04-16 23:00:07,449 - INFO - [sparse-mezo] global_step=455 active_fraction=0.000000 active_params=0/1315758080 configured_ratio=0.250000 mask_strategy=percentile_per_layer scope=trainable_only

 19%|█▉        | 456/2405 [31:10<2:10:01,  4.00s/it]2026-04-16 23:00:11,458 - INFO - [sparse-mezo] global_step=456 active_fraction=0.000000 active_params=0/1315758080 configured_ratio=0.250000 mask_strategy=percentile_per_layer scope=trainable_only

 19%|█▉        | 457/2405 [31:14<2:09:55,  4.00s/it]2026-04-16 23:00:15,477 - INFO - [sparse-mezo] global_step=457 active_fraction=0.000000 active_params=0/1315758080 configured_ratio=0.250000 mask_strategy=percentile_per_layer scope=trainable_only

 19%|█▉        | 458/2405 [31:18<2:10:01,  4.01s/it]2026-04-16 23:00:19,480 - INFO - [sparse-mezo] global_step=458 active_fraction=0.000000 active_params=0/1315758080 configured_ratio=0.250000 mask_strategy=percentile_per_layer scope=trainable_only

 19%|█▉        | 459/2405 [31:22<2:09:55,  4.01s/it]2026-04-16 23:00:23,507 - INFO - [sparse-mezo] global_step=459 active_fraction=0.000000 active_params=0/1315758080 configured_ratio=0.250000 mask_strategy=percentile_per_layer scope=trainable_only

 19%|█▉        | 460/2405 [31:26<2:10:03,  4.01s/it]2026-04-16 23:00:27,525 - INFO - [sparse-mezo] global_step=460 active_fraction=0.000000 active_params=0/1315758080 configured_ratio=0.250000 mask_strategy=percentile_per_layer scope=trainable_only

 19%|█▉        | 461/2405 [31:30<2:10:03,  4.01s/it]2026-04-16 23:00:31,543 - INFO - [sparse-mezo] global_step=461 active_fraction=0.000000 active_params=0/1315758080 configured_ratio=0.250000 mask_strategy=percentile_per_layer scope=trainable_only

 19%|█▉        | 462/2405 [31:34<2:10:01,  4.01s/it]2026-04-16 23:00:35,559 - INFO - [sparse-mezo] global_step=462 active_fraction=0.000000 active_params=0/1315758080 configured_ratio=0.250000 mask_strategy=percentile_per_layer scope=trainable_only

 19%|█▉        | 463/2405 [31:38<2:09:52,  4.01s/it]2026-04-16 23:00:39,549 - INFO - [sparse-mezo] global_step=463 active_fraction=0.000000 active_params=0/1315758080 configured_ratio=0.250000 mask_strategy=percentile_per_layer scope=trainable_only

 19%|█▉        | 464/2405 [31:42<2:09:34,  4.01s/it]2026-04-16 23:00:43,539 - INFO - [sparse-mezo] global_step=464 active_fraction=0.000000 active_params=0/1315758080 configured_ratio=0.250000 mask_strategy=percentile_per_layer scope=trainable_only

 19%|█▉        | 465/2405 [31:46<2:09:21,  4.00s/it]2026-04-16 23:00:47,528 - INFO - [sparse-mezo] global_step=465 active_fraction=0.000000 active_params=0/1315758080 configured_ratio=0.250000 mask_strategy=percentile_per_layer scope=trainable_only

 19%|█▉        | 466/2405 [31:50<2:09:11,  4.00s/it]2026-04-16 23:00:51,520 - INFO - [sparse-mezo] global_step=466 active_fraction=0.000000 active_params=0/1315758080 configured_ratio=0.250000 mask_strategy=percentile_per_layer scope=trainable_only

 19%|█▉        | 467/2405 [31:54<2:09:03,  4.00s/it]2026-04-16 23:00:55,510 - INFO - [sparse-mezo] global_step=467 active_fraction=0.000000 active_params=0/1315758080 configured_ratio=0.250000 mask_strategy=percentile_per_layer scope=trainable_only

 19%|█▉        | 468/2405 [31:58<2:09:01,  4.00s/it]2026-04-16 23:00:59,509 - INFO - [sparse-mezo] global_step=468 active_fraction=0.000000 active_params=0/1315758080 configured_ratio=0.250000 mask_strategy=percentile_per_layer scope=trainable_only

 20%|█▉        | 469/2405 [32:02<2:09:04,  4.00s/it]2026-04-16 23:01:03,517 - INFO - [sparse-mezo] global_step=469 active_fraction=0.000000 active_params=0/1315758080 configured_ratio=0.250000 mask_strategy=percentile_per_layer scope=trainable_only

 20%|█▉        | 470/2405 [32:06<2:08:54,  4.00s/it]2026-04-16 23:01:07,524 - INFO - [sparse-mezo] global_step=470 active_fraction=0.000000 active_params=0/1315758080 configured_ratio=0.250000 mask_strategy=percentile_per_layer scope=trainable_only

 20%|█▉        | 471/2405 [32:10<2:09:01,  4.00s/it]2026-04-16 23:01:11,542 - INFO - [sparse-mezo] global_step=471 active_fraction=0.000000 active_params=0/1315758080 configured_ratio=0.250000 mask_strategy=percentile_per_layer scope=trainable_only

 20%|█▉        | 472/2405 [32:14<2:09:05,  4.01s/it]2026-04-16 23:01:15,557 - INFO - [sparse-mezo] global_step=472 active_fraction=0.000000 active_params=0/1315758080 configured_ratio=0.250000 mask_strategy=percentile_per_layer scope=trainable_only

 20%|█▉        | 473/2405 [32:18<2:09:01,  4.01s/it]2026-04-16 23:01:19,564 - INFO - [sparse-mezo] global_step=473 active_fraction=0.000000 active_params=0/1315758080 configured_ratio=0.250000 mask_strategy=percentile_per_layer scope=trainable_only

 20%|█▉        | 474/2405 [32:22<2:09:04,  4.01s/it]2026-04-16 23:01:23,587 - INFO - [sparse-mezo] global_step=474 active_fraction=0.000000 active_params=0/1315758080 configured_ratio=0.250000 mask_strategy=percentile_per_layer scope=trainable_only

 20%|█▉        | 475/2405 [32:26<2:09:16,  4.02s/it]2026-04-16 23:01:27,605 - INFO - [sparse-mezo] global_step=475 active_fraction=0.000000 active_params=0/1315758080 configured_ratio=0.250000 mask_strategy=percentile_per_layer scope=trainable_only

 20%|█▉        | 476/2405 [32:30<2:08:55,  4.01s/it]2026-04-16 23:01:31,595 - INFO - [sparse-mezo] global_step=476 active_fraction=0.000000 active_params=0/1315758080 configured_ratio=0.250000 mask_strategy=percentile_per_layer scope=trainable_only

 20%|█▉        | 477/2405 [32:34<2:08:40,  4.00s/it]2026-04-16 23:01:35,604 - INFO - [sparse-mezo] global_step=477 active_fraction=0.000000 active_params=0/1315758080 configured_ratio=0.250000 mask_strategy=percentile_per_layer scope=trainable_only

 20%|█▉        | 478/2405 [32:38<2:08:53,  4.01s/it]2026-04-16 23:01:39,639 - INFO - [sparse-mezo] global_step=478 active_fraction=0.000000 active_params=0/1315758080 configured_ratio=0.250000 mask_strategy=percentile_per_layer scope=trainable_only

 20%|█▉        | 479/2405 [32:42<2:08:52,  4.01s/it]2026-04-16 23:01:43,632 - INFO - [sparse-mezo] global_step=479 active_fraction=0.000000 active_params=0/1315758080 configured_ratio=0.250000 mask_strategy=percentile_per_layer scope=trainable_only

 20%|█▉        | 480/2405 [32:46<2:08:41,  4.01s/it]2026-04-16 23:01:47,640 - INFO - [sparse-mezo] global_step=480 active_fraction=0.000000 active_params=0/1315758080 configured_ratio=0.250000 mask_strategy=percentile_per_layer scope=trainable_only

 20%|██        | 481/2405 [32:50<2:08:15,  4.00s/it]2026-04-16 23:01:51,649 - INFO - [sparse-mezo] global_step=481 active_fraction=0.000000 active_params=0/1315758080 configured_ratio=0.250000 mask_strategy=percentile_per_layer scope=trainable_only

 20%|██        | 482/2405 [32:54<2:08:40,  4.01s/it]2026-04-16 23:01:55,680 - INFO - [sparse-mezo] global_step=482 active_fraction=0.000000 active_params=0/1315758080 configured_ratio=0.250000 mask_strategy=percentile_per_layer scope=trainable_only

 20%|██        | 483/2405 [32:58<2:08:29,  4.01s/it]2026-04-16 23:01:59,683 - INFO - [sparse-mezo] global_step=483 active_fraction=0.000000 active_params=0/1315758080 configured_ratio=0.250000 mask_strategy=percentile_per_layer scope=trainable_only

 20%|██        | 484/2405 [33:02<2:08:22,  4.01s/it]2026-04-16 23:02:03,671 - INFO - [sparse-mezo] global_step=484 active_fraction=0.000000 active_params=0/1315758080 configured_ratio=0.250000 mask_strategy=percentile_per_layer scope=trainable_only

 20%|██        | 485/2405 [33:06<2:08:12,  4.01s/it]2026-04-16 23:02:07,687 - INFO - [sparse-mezo] global_step=485 active_fraction=0.000000 active_params=0/1315758080 configured_ratio=0.250000 mask_strategy=percentile_per_layer scope=trainable_only

 20%|██        | 486/2405 [33:10<2:08:08,  4.01s/it]2026-04-16 23:02:11,694 - INFO - [sparse-mezo] global_step=486 active_fraction=0.000000 active_params=0/1315758080 configured_ratio=0.250000 mask_strategy=percentile_per_layer scope=trainable_only

 20%|██        | 487/2405 [33:14<2:08:03,  4.01s/it]2026-04-16 23:02:15,682 - INFO - [sparse-mezo] global_step=487 active_fraction=0.000000 active_params=0/1315758080 configured_ratio=0.250000 mask_strategy=percentile_per_layer scope=trainable_only

 20%|██        | 488/2405 [33:18<2:07:55,  4.00s/it]2026-04-16 23:02:19,698 - INFO - [sparse-mezo] global_step=488 active_fraction=0.000000 active_params=0/1315758080 configured_ratio=0.250000 mask_strategy=percentile_per_layer scope=trainable_only

 20%|██        | 489/2405 [33:22<2:07:52,  4.00s/it]2026-04-16 23:02:23,706 - INFO - [sparse-mezo] global_step=489 active_fraction=0.000000 active_params=0/1315758080 configured_ratio=0.250000 mask_strategy=percentile_per_layer scope=trainable_only

 20%|██        | 490/2405 [33:26<2:07:52,  4.01s/it]2026-04-16 23:02:27,724 - INFO - [sparse-mezo] global_step=490 active_fraction=0.000000 active_params=0/1315758080 configured_ratio=0.250000 mask_strategy=percentile_per_layer scope=trainable_only

 20%|██        | 491/2405 [33:30<2:07:58,  4.01s/it]2026-04-16 23:02:31,724 - INFO - [sparse-mezo] global_step=491 active_fraction=0.000000 active_params=0/1315758080 configured_ratio=0.250000 mask_strategy=percentile_per_layer scope=trainable_only

 20%|██        | 492/2405 [33:34<2:07:47,  4.01s/it]2026-04-16 23:02:35,741 - INFO - [sparse-mezo] global_step=492 active_fraction=0.000000 active_params=0/1315758080 configured_ratio=0.250000 mask_strategy=percentile_per_layer scope=trainable_only

 20%|██        | 493/2405 [33:38<2:07:48,  4.01s/it]2026-04-16 23:02:39,756 - INFO - [sparse-mezo] global_step=493 active_fraction=0.000000 active_params=0/1315758080 configured_ratio=0.250000 mask_strategy=percentile_per_layer scope=trainable_only

 21%|██        | 494/2405 [33:42<2:07:53,  4.02s/it]2026-04-16 23:02:43,783 - INFO - [sparse-mezo] global_step=494 active_fraction=0.000000 active_params=0/1315758080 configured_ratio=0.250000 mask_strategy=percentile_per_layer scope=trainable_only

 21%|██        | 495/2405 [33:46<2:07:44,  4.01s/it]2026-04-16 23:02:47,792 - INFO - [sparse-mezo] global_step=495 active_fraction=0.000000 active_params=0/1315758080 configured_ratio=0.250000 mask_strategy=percentile_per_layer scope=trainable_only

 21%|██        | 496/2405 [33:50<2:07:43,  4.01s/it]2026-04-16 23:02:51,808 - INFO - [sparse-mezo] global_step=496 active_fraction=0.000000 active_params=0/1315758080 configured_ratio=0.250000 mask_strategy=percentile_per_layer scope=trainable_only

 21%|██        | 497/2405 [33:54<2:07:40,  4.01s/it]2026-04-16 23:02:55,823 - INFO - [sparse-mezo] global_step=497 active_fraction=0.000000 active_params=0/1315758080 configured_ratio=0.250000 mask_strategy=percentile_per_layer scope=trainable_only

 21%|██        | 498/2405 [33:58<2:07:31,  4.01s/it]2026-04-16 23:02:59,830 - INFO - [sparse-mezo] global_step=498 active_fraction=0.000000 active_params=0/1315758080 configured_ratio=0.250000 mask_strategy=percentile_per_layer scope=trainable_only

 21%|██        | 499/2405 [34:02<2:07:24,  4.01s/it]2026-04-16 23:03:03,837 - INFO - [sparse-mezo] global_step=499 active_fraction=0.000000 active_params=0/1315758080 configured_ratio=0.250000 mask_strategy=percentile_per_layer scope=trainable_only

 21%|██        | 500/2405 [34:06<2:07:18,  4.01s/it]
                                                    

 21%|██        | 500/2405 [34:06<2:07:18,  4.01s/it]

  0%|          | 0/107 [00:00<?, ?it/s][A

  5%|▍         | 5/107 [00:00<00:02, 49.77it/s][A

  9%|▉         | 10/107 [00:00<00:02, 42.27it/s][A

 14%|█▍        | 15/107 [00:00<00:02, 42.14it/s][A

 19%|█▊        | 20/107 [00:00<00:02, 40.58it/s][A

 23%|██▎       | 25/107 [00:00<00:02, 40.34it/s][A

 28%|██▊       | 30/107 [00:00<00:01, 40.25it/s][A

 33%|███▎      | 35/107 [00:00<00:01, 41.03it/s][A

 37%|███▋      | 40/107 [00:00<00:01, 41.18it/s][A

 42%|████▏     | 45/107 [00:01<00:01, 40.58it/s][A

 47%|████▋     | 50/107 [00:01<00:01, 40.60it/s][A

 51%|█████▏    | 55/107 [00:01<00:01, 41.10it/s][A

 56%|█████▌    | 60/107 [00:01<00:01, 41.26it/s][A

 61%|██████    | 65/107 [00:01<00:01, 41.53it/s][A

 65%|██████▌   | 70/107 [00:01<00:00, 41.42it/s][A

 70%|███████   | 75/107 [00:01<00:00, 42.02it/s][A

 75%|███████▍  | 80/107 [00:01<00:00, 42.64it/s][A

 79%|███████▉  | 85/107 [00:02<00:00, 41.19it/s][A

 84%|████████▍ | 90/107 [00:02<00:00, 41.87it/s][A

 89%|████████▉ | 95/107 [00:02<00:00, 41.99it/s][A

 93%|█████████▎| 100/107 [00:02<00:00, 41.79it/s][A

 98%|█████████▊| 105/107 [00:02<00:00, 42.49it/s][A
                                                    

                                                 
[A
 21%|██        | 500/2405 [34:09<2:07:18,  4.01s/it]

100%|██████████| 107/107 [00:02<00:00, 42.49it/s][A

                                                 [A2026-04-16 23:03:06,817 - INFO - There are 0 training samples and 854 validation samples


  0%|          | 0/854 [00:00<?, ?it/s][A2026-04-16 23:03:06,817 - INFO - ========= Example =========
2026-04-16 23:03:06,817 - INFO - Candidate: [0, 1, 2, 3, 4]
2026-04-16 23:03:06,817 - INFO - Correct candidate: 3
2026-04-16 23:03:06,848 - INFO - === Candidate 0 ===
2026-04-16 23:03:06,849 - INFO - <s>hardly a film that comes along every day. It was terrible
2026-04-16 23:03:06,851 - INFO - Log probabilities of the option tokens: tensor([nan], dtype=torch.float16)
2026-04-16 23:03:06,859 - INFO - === Candidate 1 (without context)===
2026-04-16 23:03:06,859 - INFO - <s>hardly a film that comes along every day. It was bad
2026-04-16 23:03:06,859 - INFO - Log probabilities of the option tokens: tensor([nan], dtype=torch.float16)
2026-04-16 23:03:06,867 - INFO - === Candidate 2 (without context)===
2026-04-16 23:03:06,867 - INFO - <s>hardly a film that comes along every day. It was okay
2026-04-16 23:03:06,867 - INFO - Log probabilities of the option tokens: tensor([nan], dtype=torch.float16)
2026-04-16 23:03:06,874 - INFO - === Candidate 3 (without context)===
2026-04-16 23:03:06,874 - INFO - <s>hardly a film that comes along every day. It was good
2026-04-16 23:03:06,874 - INFO - Log probabilities of the option tokens: tensor([nan], dtype=torch.float16)
2026-04-16 23:03:06,881 - INFO - === Candidate 4 (without context)===
2026-04-16 23:03:06,882 - INFO - <s>hardly a film that comes along every day. It was great
2026-04-16 23:03:06,882 - INFO - Log probabilities of the option tokens: tensor([nan], dtype=torch.float16)
2026-04-16 23:03:06,882 - INFO - Prediction scores: [nan, nan, nan, nan, nan]
2026-04-16 23:03:06,882 - INFO - ========= Example =========
2026-04-16 23:03:06,882 - INFO - Candidate: [0, 1, 2, 3, 4]
2026-04-16 23:03:06,882 - INFO - Correct candidate: 0
2026-04-16 23:03:06,893 - INFO - === Candidate 0 ===
2026-04-16 23:03:06,893 - INFO - <s>-lrb- sam's -rrb- self-flagellation is more depressing than entertaining. It was terrible
2026-04-16 23:03:06,893 - INFO - Log probabilities of the option tokens: tensor([nan], dtype=torch.float16)
2026-04-16 23:03:06,900 - INFO - === Candidate 1 (without context)===
2026-04-16 23:03:06,900 - INFO - <s>-lrb- sam's -rrb- self-flagellation is more depressing than entertaining. It was bad
2026-04-16 23:03:06,900 - INFO - Log probabilities of the option tokens: tensor([nan], dtype=torch.float16)
2026-04-16 23:03:06,908 - INFO - === Candidate 2 (without context)===
2026-04-16 23:03:06,908 - INFO - <s>-lrb- sam's -rrb- self-flagellation is more depressing than entertaining. It was okay
2026-04-16 23:03:06,908 - INFO - Log probabilities of the option tokens: tensor([nan], dtype=torch.float16)
2026-04-16 23:03:06,915 - INFO - === Candidate 3 (without context)===
2026-04-16 23:03:06,915 - INFO - <s>-lrb- sam's -rrb- self-flagellation is more depressing than entertaining. It was good
2026-04-16 23:03:06,916 - INFO - Log probabilities of the option tokens: tensor([nan], dtype=torch.float16)
2026-04-16 23:03:06,923 - INFO - === Candidate 4 (without context)===
2026-04-16 23:03:06,923 - INFO - <s>-lrb- sam's -rrb- self-flagellation is more depressing than entertaining. It was great
2026-04-16 23:03:06,923 - INFO - Log probabilities of the option tokens: tensor([nan], dtype=torch.float16)
2026-04-16 23:03:06,923 - INFO - Prediction scores: [nan, nan, nan, nan, nan]


  0%|          | 2/854 [00:00<00:45, 18.88it/s][A2026-04-16 23:03:06,923 - INFO - ========= Example =========
2026-04-16 23:03:06,923 - INFO - Candidate: [0, 1, 2, 3, 4]
2026-04-16 23:03:06,923 - INFO - Correct candidate: 4
2026-04-16 23:03:06,932 - INFO - === Candidate 0 ===
2026-04-16 23:03:06,932 - INFO - <s>y tu mamá también is hilariously, gloriously alive, and quite often hotter than georgia asphalt. It was terrible
2026-04-16 23:03:06,932 - INFO - Log probabilities of the option tokens: tensor([nan], dtype=torch.float16)
2026-04-16 23:03:06,940 - INFO - === Candidate 1 (without context)===
2026-04-16 23:03:06,940 - INFO - <s>y tu mamá también is hilariously, gloriously alive, and quite often hotter than georgia asphalt. It was bad
2026-04-16 23:03:06,940 - INFO - Log probabilities of the option tokens: tensor([nan], dtype=torch.float16)
2026-04-16 23:03:06,947 - INFO - === Candidate 2 (without context)===
2026-04-16 23:03:06,947 - INFO - <s>y tu mamá también is hilariously, gloriously alive, and quite often hotter than georgia asphalt. It was okay
2026-04-16 23:03:06,947 - INFO - Log probabilities of the option tokens: tensor([nan], dtype=torch.float16)
2026-04-16 23:03:06,955 - INFO - === Candidate 3 (without context)===
2026-04-16 23:03:06,955 - INFO - <s>y tu mamá también is hilariously, gloriously alive, and quite often hotter than georgia asphalt. It was good
2026-04-16 23:03:06,955 - INFO - Log probabilities of the option tokens: tensor([nan], dtype=torch.float16)
2026-04-16 23:03:06,962 - INFO - === Candidate 4 (without context)===
2026-04-16 23:03:06,962 - INFO - <s>y tu mamá también is hilariously, gloriously alive, and quite often hotter than georgia asphalt. It was great
2026-04-16 23:03:06,963 - INFO - Log probabilities of the option tokens: tensor([nan], dtype=torch.float16)
2026-04-16 23:03:06,963 - INFO - Prediction scores: [nan, nan, nan, nan, nan]


  1%|          | 5/854 [00:00<00:35, 23.85it/s][A

  1%|          | 8/854 [00:00<00:33, 25.18it/s][A

  1%|▏         | 11/854 [00:00<00:33, 24.97it/s][A

  2%|▏         | 14/854 [00:00<00:32, 25.58it/s][A

  2%|▏         | 17/854 [00:00<00:33, 25.15it/s][A

  2%|▏         | 20/854 [00:00<00:32, 25.55it/s][A

  3%|▎         | 23/854 [00:00<00:32, 25.73it/s][A

  3%|▎         | 26/854 [00:01<00:31, 25.97it/s][A

  3%|▎         | 29/854 [00:01<00:31, 25.99it/s][A

  4%|▎         | 32/854 [00:01<00:31, 26.23it/s][A

  4%|▍         | 35/854 [00:01<00:31, 26.17it/s][A

  4%|▍         | 38/854 [00:01<00:31, 26.18it/s][A

  5%|▍         | 41/854 [00:01<00:30, 26.38it/s][A

  5%|▌         | 44/854 [00:01<00:30, 26.37it/s][A

  6%|▌         | 47/854 [00:01<00:30, 26.40it/s][A

  6%|▌         | 50/854 [00:01<00:31, 25.61it/s][A

  6%|▌         | 53/854 [00:02<00:31, 25.74it/s][A

  7%|▋         | 56/854 [00:02<00:30, 26.07it/s][A

  7%|▋         | 59/854 [00:02<00:30, 26.08it/s][A

  7%|▋         | 62/854 [00:02<00:30, 26.18it/s][A

  8%|▊         | 65/854 [00:02<00:30, 26.23it/s][A

  8%|▊         | 68/854 [00:02<00:29, 26.39it/s][A

  8%|▊         | 71/854 [00:02<00:29, 26.48it/s][A

  9%|▊         | 74/854 [00:02<00:29, 26.40it/s][A

  9%|▉         | 77/854 [00:02<00:29, 26.45it/s][A

  9%|▉         | 80/854 [00:03<00:29, 26.29it/s][A

 10%|▉         | 83/854 [00:03<00:29, 25.72it/s][A

 10%|█         | 86/854 [00:03<00:29, 25.96it/s][A

 10%|█         | 89/854 [00:03<00:29, 26.14it/s][A

 11%|█         | 92/854 [00:03<00:29, 26.22it/s][A

 11%|█         | 95/854 [00:03<00:28, 26.28it/s][A

 11%|█▏        | 98/854 [00:03<00:28, 26.43it/s][A

 12%|█▏        | 101/854 [00:03<00:28, 26.52it/s][A

 12%|█▏        | 104/854 [00:03<00:28, 26.52it/s][A

 13%|█▎        | 107/854 [00:04<00:28, 26.55it/s][A

 13%|█▎        | 110/854 [00:04<00:28, 26.49it/s][A

 13%|█▎        | 113/854 [00:04<00:28, 26.42it/s][A

 14%|█▎        | 116/854 [00:04<00:28, 26.35it/s][A

 14%|█▍        | 119/854 [00:04<00:28, 25.66it/s][A

 14%|█▍        | 122/854 [00:04<00:28, 25.97it/s][A

 15%|█▍        | 125/854 [00:04<00:27, 26.16it/s][A

 15%|█▍        | 128/854 [00:04<00:27, 26.20it/s][A

 15%|█▌        | 131/854 [00:05<00:27, 26.15it/s][A

 16%|█▌        | 134/854 [00:05<00:27, 26.35it/s][A

 16%|█▌        | 137/854 [00:05<00:27, 26.40it/s][A

 16%|█▋        | 140/854 [00:05<00:26, 26.46it/s][A

 17%|█▋        | 143/854 [00:05<00:27, 26.30it/s][A

 17%|█▋        | 146/854 [00:05<00:26, 26.24it/s][A

 17%|█▋        | 149/854 [00:05<00:26, 26.49it/s][A

 18%|█▊        | 152/854 [00:05<00:27, 25.87it/s][A

 18%|█▊        | 155/854 [00:05<00:26, 26.03it/s][A

 19%|█▊        | 158/854 [00:06<00:26, 26.06it/s][A

 19%|█▉        | 161/854 [00:06<00:26, 26.10it/s][A

 19%|█▉        | 164/854 [00:06<00:26, 26.20it/s][A

 20%|█▉        | 167/854 [00:06<00:26, 26.41it/s][A

 20%|█▉        | 170/854 [00:06<00:25, 26.34it/s][A

 20%|██        | 173/854 [00:06<00:25, 26.47it/s][A

 21%|██        | 176/854 [00:06<00:25, 26.39it/s][A

 21%|██        | 179/854 [00:06<00:25, 26.50it/s][A

 21%|██▏       | 182/854 [00:06<00:25, 26.49it/s][A

 22%|██▏       | 185/854 [00:07<00:25, 26.49it/s][A

 22%|██▏       | 188/854 [00:07<00:26, 25.02it/s][A

 22%|██▏       | 191/854 [00:07<00:26, 25.26it/s][A

 23%|██▎       | 194/854 [00:07<00:25, 25.44it/s][A

 23%|██▎       | 197/854 [00:07<00:25, 25.63it/s][A

 23%|██▎       | 200/854 [00:07<00:25, 25.93it/s][A

 24%|██▍       | 203/854 [00:07<00:24, 26.05it/s][A

 24%|██▍       | 206/854 [00:07<00:24, 26.10it/s][A

 24%|██▍       | 209/854 [00:08<00:24, 26.12it/s][A

 25%|██▍       | 212/854 [00:08<00:24, 26.13it/s][A

 25%|██▌       | 215/854 [00:08<00:24, 26.26it/s][A

 26%|██▌       | 218/854 [00:08<00:24, 26.33it/s][A

 26%|██▌       | 221/854 [00:08<00:23, 26.48it/s][A

 26%|██▌       | 224/854 [00:08<00:24, 25.85it/s][A

 27%|██▋       | 227/854 [00:08<00:24, 26.06it/s][A

 27%|██▋       | 230/854 [00:08<00:23, 26.16it/s][A

 27%|██▋       | 233/854 [00:08<00:23, 26.20it/s][A

 28%|██▊       | 236/854 [00:09<00:23, 26.24it/s][A

 28%|██▊       | 239/854 [00:09<00:23, 26.19it/s][A

 28%|██▊       | 242/854 [00:09<00:23, 26.29it/s][A

 29%|██▊       | 245/854 [00:09<00:23, 26.23it/s][A

 29%|██▉       | 248/854 [00:09<00:22, 26.44it/s][A

 29%|██▉       | 251/854 [00:09<00:22, 26.59it/s][A

 30%|██▉       | 254/854 [00:09<00:22, 26.53it/s][A

 30%|███       | 257/854 [00:09<00:23, 25.75it/s][A

 30%|███       | 260/854 [00:09<00:22, 25.92it/s][A

 31%|███       | 263/854 [00:10<00:22, 26.04it/s][A

 31%|███       | 266/854 [00:10<00:22, 26.21it/s][A

 31%|███▏      | 269/854 [00:10<00:22, 26.31it/s][A

 32%|███▏      | 272/854 [00:10<00:22, 26.44it/s][A

 32%|███▏      | 275/854 [00:10<00:21, 26.46it/s][A

 33%|███▎      | 278/854 [00:10<00:21, 26.42it/s][A

 33%|███▎      | 281/854 [00:10<00:21, 26.62it/s][A

 33%|███▎      | 284/854 [00:10<00:21, 26.60it/s][A

 34%|███▎      | 287/854 [00:10<00:21, 26.74it/s][A

 34%|███▍      | 290/854 [00:11<00:21, 26.62it/s][A

 34%|███▍      | 293/854 [00:11<00:22, 25.18it/s][A

 35%|███▍      | 296/854 [00:11<00:21, 25.47it/s][A

 35%|███▌      | 299/854 [00:11<00:21, 25.78it/s][A

 35%|███▌      | 302/854 [00:11<00:21, 25.98it/s][A

 36%|███▌      | 305/854 [00:11<00:21, 26.08it/s][A

 36%|███▌      | 308/854 [00:11<00:20, 26.29it/s][A

 36%|███▋      | 311/854 [00:11<00:20, 26.35it/s][A

 37%|███▋      | 314/854 [00:12<00:20, 26.54it/s][A

 37%|███▋      | 317/854 [00:12<00:20, 26.62it/s][A

 37%|███▋      | 320/854 [00:12<00:20, 26.49it/s][A

 38%|███▊      | 323/854 [00:12<00:19, 26.63it/s][A

 38%|███▊      | 326/854 [00:12<00:20, 26.11it/s][A

 39%|███▊      | 329/854 [00:12<00:20, 25.45it/s][A

 39%|███▉      | 332/854 [00:12<00:20, 25.76it/s][A

 39%|███▉      | 335/854 [00:12<00:19, 26.14it/s][A

 40%|███▉      | 338/854 [00:12<00:19, 26.24it/s][A

 40%|███▉      | 341/854 [00:13<00:19, 26.40it/s][A

 40%|████      | 344/854 [00:13<00:19, 26.38it/s][A

 41%|████      | 347/854 [00:13<00:19, 26.38it/s][A

 41%|████      | 350/854 [00:13<00:19, 26.28it/s][A

 41%|████▏     | 353/854 [00:13<00:19, 26.35it/s][A

 42%|████▏     | 356/854 [00:13<00:18, 26.29it/s][A

 42%|████▏     | 359/854 [00:13<00:18, 26.10it/s][A

 42%|████▏     | 362/854 [00:13<00:19, 25.44it/s][A

 43%|████▎     | 365/854 [00:13<00:19, 25.63it/s][A

 43%|████▎     | 368/854 [00:14<00:18, 25.77it/s][A

 43%|████▎     | 371/854 [00:14<00:18, 25.85it/s][A

 44%|████▍     | 374/854 [00:14<00:18, 26.06it/s][A

 44%|████▍     | 377/854 [00:14<00:18, 26.05it/s][A

 44%|████▍     | 380/854 [00:14<00:18, 26.09it/s][A

 45%|████▍     | 383/854 [00:14<00:17, 26.29it/s][A

 45%|████▌     | 386/854 [00:14<00:17, 26.33it/s][A

 46%|████▌     | 389/854 [00:14<00:17, 26.45it/s][A

 46%|████▌     | 392/854 [00:15<00:17, 26.54it/s][A

 46%|████▋     | 395/854 [00:15<00:17, 25.82it/s][A

 47%|████▋     | 398/854 [00:15<00:17, 25.80it/s][A

 47%|████▋     | 401/854 [00:15<00:17, 25.89it/s][A

 47%|████▋     | 404/854 [00:15<00:17, 26.01it/s][A

 48%|████▊     | 407/854 [00:15<00:17, 26.18it/s][A

 48%|████▊     | 410/854 [00:15<00:16, 26.15it/s][A

 48%|████▊     | 413/854 [00:15<00:16, 26.35it/s][A

 49%|████▊     | 416/854 [00:15<00:16, 26.33it/s][A

 49%|████▉     | 419/854 [00:16<00:16, 26.21it/s][A

 49%|████▉     | 422/854 [00:16<00:16, 26.32it/s][A

 50%|████▉     | 425/854 [00:16<00:16, 26.21it/s][A

 50%|█████     | 428/854 [00:16<00:16, 26.15it/s][A

 50%|█████     | 431/854 [00:16<00:16, 25.46it/s][A

 51%|█████     | 434/854 [00:16<00:16, 25.79it/s][A

 51%|█████     | 437/854 [00:16<00:16, 26.05it/s][A

 52%|█████▏    | 440/854 [00:16<00:15, 26.12it/s][A

 52%|█████▏    | 443/854 [00:16<00:15, 26.32it/s][A

 52%|█████▏    | 446/854 [00:17<00:15, 26.34it/s][A

 53%|█████▎    | 449/854 [00:17<00:15, 26.32it/s][A

 53%|█████▎    | 452/854 [00:17<00:15, 26.22it/s][A

 53%|█████▎    | 455/854 [00:17<00:15, 26.11it/s][A

 54%|█████▎    | 458/854 [00:17<00:15, 26.21it/s][A

 54%|█████▍    | 461/854 [00:17<00:14, 26.32it/s][A

 54%|█████▍    | 464/854 [00:17<00:15, 25.65it/s][A

 55%|█████▍    | 467/854 [00:17<00:14, 25.92it/s][A

 55%|█████▌    | 470/854 [00:17<00:14, 26.05it/s][A

 55%|█████▌    | 473/854 [00:18<00:14, 26.31it/s][A

 56%|█████▌    | 476/854 [00:18<00:14, 26.44it/s][A

 56%|█████▌    | 479/854 [00:18<00:14, 26.48it/s][A

 56%|█████▋    | 482/854 [00:18<00:14, 26.55it/s][A

 57%|█████▋    | 485/854 [00:18<00:13, 26.50it/s][A

 57%|█████▋    | 488/854 [00:18<00:13, 26.58it/s][A

 57%|█████▋    | 491/854 [00:18<00:13, 26.54it/s][A

 58%|█████▊    | 494/854 [00:18<00:13, 26.70it/s][A

 58%|█████▊    | 497/854 [00:19<00:13, 26.13it/s][A

 59%|█████▊    | 500/854 [00:19<00:13, 25.63it/s][A

 59%|█████▉    | 503/854 [00:19<00:13, 25.74it/s][A

 59%|█████▉    | 506/854 [00:19<00:13, 25.93it/s][A

 60%|█████▉    | 509/854 [00:19<00:13, 26.17it/s][A

 60%|█████▉    | 512/854 [00:19<00:13, 26.20it/s][A

 60%|██████    | 515/854 [00:19<00:12, 26.47it/s][A

 61%|██████    | 518/854 [00:19<00:12, 26.49it/s][A

 61%|██████    | 521/854 [00:19<00:12, 26.43it/s][A

 61%|██████▏   | 524/854 [00:20<00:12, 26.44it/s][A

 62%|██████▏   | 527/854 [00:20<00:12, 26.50it/s][A

 62%|██████▏   | 530/854 [00:20<00:12, 26.36it/s][A

 62%|██████▏   | 533/854 [00:20<00:12, 25.83it/s][A

 63%|██████▎   | 536/854 [00:20<00:12, 26.01it/s][A

 63%|██████▎   | 539/854 [00:20<00:12, 26.22it/s][A

 63%|██████▎   | 542/854 [00:20<00:11, 26.42it/s][A

 64%|██████▍   | 545/854 [00:20<00:11, 26.48it/s][A

 64%|██████▍   | 548/854 [00:20<00:11, 26.43it/s][A

 65%|██████▍   | 551/854 [00:21<00:11, 26.52it/s][A

 65%|██████▍   | 554/854 [00:21<00:11, 26.68it/s][A

 65%|██████▌   | 557/854 [00:21<00:11, 26.67it/s][A

 66%|██████▌   | 560/854 [00:21<00:11, 26.43it/s][A

 66%|██████▌   | 563/854 [00:21<00:10, 26.52it/s][A

 66%|██████▋   | 566/854 [00:21<00:11, 25.97it/s][A

 67%|██████▋   | 569/854 [00:21<00:10, 26.26it/s][A

 67%|██████▋   | 572/854 [00:21<00:10, 26.35it/s][A

 67%|██████▋   | 575/854 [00:21<00:10, 26.33it/s][A

 68%|██████▊   | 578/854 [00:22<00:10, 26.39it/s][A

 68%|██████▊   | 581/854 [00:22<00:10, 26.28it/s][A

 68%|██████▊   | 584/854 [00:22<00:10, 26.27it/s][A

 69%|██████▊   | 587/854 [00:22<00:10, 26.33it/s][A

 69%|██████▉   | 590/854 [00:22<00:10, 26.37it/s][A

 69%|██████▉   | 593/854 [00:22<00:09, 26.49it/s][A

 70%|██████▉   | 596/854 [00:22<00:09, 26.66it/s][A

 70%|███████   | 599/854 [00:22<00:09, 26.75it/s][A

 70%|███████   | 602/854 [00:23<00:09, 25.55it/s][A

 71%|███████   | 605/854 [00:23<00:09, 25.61it/s][A

 71%|███████   | 608/854 [00:23<00:09, 26.03it/s][A

 72%|███████▏  | 611/854 [00:23<00:09, 26.09it/s][A

 72%|███████▏  | 614/854 [00:23<00:09, 26.15it/s][A

 72%|███████▏  | 617/854 [00:23<00:09, 26.20it/s][A

 73%|███████▎  | 620/854 [00:23<00:08, 26.39it/s][A

 73%|███████▎  | 623/854 [00:23<00:08, 26.42it/s][A

 73%|███████▎  | 626/854 [00:23<00:08, 26.48it/s][A

 74%|███████▎  | 629/854 [00:24<00:08, 26.54it/s][A

 74%|███████▍  | 632/854 [00:24<00:08, 26.67it/s][A

 74%|███████▍  | 635/854 [00:24<00:08, 25.91it/s][A

 75%|███████▍  | 638/854 [00:24<00:08, 25.57it/s][A

 75%|███████▌  | 641/854 [00:24<00:08, 25.88it/s][A

 75%|███████▌  | 644/854 [00:24<00:08, 26.07it/s][A

 76%|███████▌  | 647/854 [00:24<00:07, 26.31it/s][A

 76%|███████▌  | 650/854 [00:24<00:07, 26.45it/s][A

 76%|███████▋  | 653/854 [00:24<00:07, 26.59it/s][A

 77%|███████▋  | 656/854 [00:25<00:07, 26.43it/s][A

 77%|███████▋  | 659/854 [00:25<00:07, 26.41it/s][A

 78%|███████▊  | 662/854 [00:25<00:07, 26.38it/s][A

 78%|███████▊  | 665/854 [00:25<00:07, 26.46it/s][A

 78%|███████▊  | 668/854 [00:25<00:07, 25.71it/s][A

 79%|███████▊  | 671/854 [00:25<00:07, 25.81it/s][A

 79%|███████▉  | 674/854 [00:25<00:06, 25.79it/s][A

 79%|███████▉  | 677/854 [00:25<00:06, 25.91it/s][A

 80%|███████▉  | 680/854 [00:25<00:06, 26.10it/s][A

 80%|███████▉  | 683/854 [00:26<00:06, 26.22it/s][A

 80%|████████  | 686/854 [00:26<00:06, 26.39it/s][A

 81%|████████  | 689/854 [00:26<00:06, 26.57it/s][A

 81%|████████  | 692/854 [00:26<00:06, 26.54it/s][A

 81%|████████▏ | 695/854 [00:26<00:06, 26.48it/s][A

 82%|████████▏ | 698/854 [00:26<00:05, 26.43it/s][A

 82%|████████▏ | 701/854 [00:26<00:05, 26.42it/s][A

 82%|████████▏ | 704/854 [00:26<00:05, 25.87it/s][A

 83%|████████▎ | 707/854 [00:27<00:05, 26.02it/s][A

 83%|████████▎ | 710/854 [00:27<00:05, 26.21it/s][A

 83%|████████▎ | 713/854 [00:27<00:05, 26.32it/s][A

 84%|████████▍ | 716/854 [00:27<00:05, 26.36it/s][A

 84%|████████▍ | 719/854 [00:27<00:05, 26.33it/s][A

 85%|████████▍ | 722/854 [00:27<00:04, 26.41it/s][A

 85%|████████▍ | 725/854 [00:27<00:04, 26.53it/s][A

 85%|████████▌ | 728/854 [00:27<00:04, 26.52it/s][A

 86%|████████▌ | 731/854 [00:27<00:04, 26.58it/s][A

 86%|████████▌ | 734/854 [00:28<00:04, 26.72it/s][A

 86%|████████▋ | 737/854 [00:28<00:04, 26.03it/s][A

 87%|████████▋ | 740/854 [00:28<00:04, 26.28it/s][A

 87%|████████▋ | 743/854 [00:28<00:04, 26.33it/s][A

 87%|████████▋ | 746/854 [00:28<00:04, 26.24it/s][A

 88%|████████▊ | 749/854 [00:28<00:03, 26.27it/s][A

 88%|████████▊ | 752/854 [00:28<00:03, 26.44it/s][A

 88%|████████▊ | 755/854 [00:28<00:03, 26.56it/s][A

 89%|████████▉ | 758/854 [00:28<00:03, 26.38it/s][A

 89%|████████▉ | 761/854 [00:29<00:03, 26.38it/s][A

 89%|████████▉ | 764/854 [00:29<00:03, 26.51it/s][A

 90%|████████▉ | 767/854 [00:29<00:03, 26.61it/s][A

 90%|█████████ | 770/854 [00:29<00:03, 26.36it/s][A

 91%|█████████ | 773/854 [00:29<00:03, 25.84it/s][A

 91%|█████████ | 776/854 [00:29<00:03, 25.86it/s][A

 91%|█████████ | 779/854 [00:29<00:02, 26.09it/s][A

 92%|█████████▏| 782/854 [00:29<00:02, 26.05it/s][A

 92%|█████████▏| 785/854 [00:29<00:02, 26.18it/s][A

 92%|█████████▏| 788/854 [00:30<00:02, 26.27it/s][A

 93%|█████████▎| 791/854 [00:30<00:02, 26.32it/s][A

 93%|█████████▎| 794/854 [00:30<00:02, 26.35it/s][A

 93%|█████████▎| 797/854 [00:30<00:02, 26.41it/s][A

 94%|█████████▎| 800/854 [00:30<00:02, 26.44it/s][A

 94%|█████████▍| 803/854 [00:30<00:01, 26.39it/s][A

 94%|█████████▍| 806/854 [00:30<00:01, 25.89it/s][A

 95%|█████████▍| 809/854 [00:30<00:01, 25.48it/s][A

 95%|█████████▌| 812/854 [00:31<00:01, 25.79it/s][A

 95%|█████████▌| 815/854 [00:31<00:01, 25.99it/s][A

 96%|█████████▌| 818/854 [00:31<00:01, 26.03it/s][A

 96%|█████████▌| 821/854 [00:31<00:01, 26.09it/s][A

 96%|█████████▋| 824/854 [00:31<00:01, 26.21it/s][A

 97%|█████████▋| 827/854 [00:31<00:01, 26.26it/s][A

 97%|█████████▋| 830/854 [00:31<00:00, 26.31it/s][A

 98%|█████████▊| 833/854 [00:31<00:00, 26.31it/s][A

 98%|█████████▊| 836/854 [00:31<00:00, 26.35it/s][A

 98%|█████████▊| 839/854 [00:32<00:00, 26.47it/s][A

 99%|█████████▊| 842/854 [00:32<00:00, 25.85it/s][A

 99%|█████████▉| 845/854 [00:32<00:00, 26.04it/s][A

 99%|█████████▉| 848/854 [00:32<00:00, 26.19it/s][A

100%|█████████▉| 851/854 [00:32<00:00, 26.20it/s][A

100%|██████████| 854/854 [00:32<00:00, 26.39it/s][A
100%|██████████| 854/854 [00:32<00:00, 26.19it/s]
2026-04-16 23:03:39,433 - INFO - There are 0 training samples and 256 validation samples


  0%|          | 0/256 [00:00<?, ?it/s][A2026-04-16 23:03:39,433 - INFO - ========= Example =========
2026-04-16 23:03:39,434 - INFO - Candidate: [0, 1, 2, 3, 4]
2026-04-16 23:03:39,434 - INFO - Correct candidate: 1
2026-04-16 23:03:39,442 - INFO - === Candidate 0 ===
2026-04-16 23:03:39,443 - INFO - <s>statham employs an accent that i think is supposed to be an attempt at hardass american but sometimes just lapses into unhidden british. It was terrible
2026-04-16 23:03:39,443 - INFO - Log probabilities of the option tokens: tensor([nan], dtype=torch.float16)
2026-04-16 23:03:39,451 - INFO - === Candidate 1 (without context)===
2026-04-16 23:03:39,451 - INFO - <s>statham employs an accent that i think is supposed to be an attempt at hardass american but sometimes just lapses into unhidden british. It was bad
2026-04-16 23:03:39,451 - INFO - Log probabilities of the option tokens: tensor([nan], dtype=torch.float16)
2026-04-16 23:03:39,459 - INFO - === Candidate 2 (without context)===
2026-04-16 23:03:39,459 - INFO - <s>statham employs an accent that i think is supposed to be an attempt at hardass american but sometimes just lapses into unhidden british. It was okay
2026-04-16 23:03:39,460 - INFO - Log probabilities of the option tokens: tensor([nan], dtype=torch.float16)
2026-04-16 23:03:39,467 - INFO - === Candidate 3 (without context)===
2026-04-16 23:03:39,467 - INFO - <s>statham employs an accent that i think is supposed to be an attempt at hardass american but sometimes just lapses into unhidden british. It was good
2026-04-16 23:03:39,468 - INFO - Log probabilities of the option tokens: tensor([nan], dtype=torch.float16)
2026-04-16 23:03:39,475 - INFO - === Candidate 4 (without context)===
2026-04-16 23:03:39,475 - INFO - <s>statham employs an accent that i think is supposed to be an attempt at hardass american but sometimes just lapses into unhidden british. It was great
2026-04-16 23:03:39,476 - INFO - Log probabilities of the option tokens: tensor([nan], dtype=torch.float16)
2026-04-16 23:03:39,476 - INFO - Prediction scores: [nan, nan, nan, nan, nan]
2026-04-16 23:03:39,476 - INFO - ========= Example =========
2026-04-16 23:03:39,476 - INFO - Candidate: [0, 1, 2, 3, 4]
2026-04-16 23:03:39,476 - INFO - Correct candidate: 1
2026-04-16 23:03:39,484 - INFO - === Candidate 0 ===
2026-04-16 23:03:39,485 - INFO - <s>femme fatale offers nothing more than a bait-and-switch that is beyond playing fair with the audience. It was terrible
2026-04-16 23:03:39,485 - INFO - Log probabilities of the option tokens: tensor([nan], dtype=torch.float16)
2026-04-16 23:03:39,492 - INFO - === Candidate 1 (without context)===
2026-04-16 23:03:39,493 - INFO - <s>femme fatale offers nothing more than a bait-and-switch that is beyond playing fair with the audience. It was bad
2026-04-16 23:03:39,493 - INFO - Log probabilities of the option tokens: tensor([nan], dtype=torch.float16)
2026-04-16 23:03:39,500 - INFO - === Candidate 2 (without context)===
2026-04-16 23:03:39,500 - INFO - <s>femme fatale offers nothing more than a bait-and-switch that is beyond playing fair with the audience. It was okay
2026-04-16 23:03:39,501 - INFO - Log probabilities of the option tokens: tensor([nan], dtype=torch.float16)
2026-04-16 23:03:39,508 - INFO - === Candidate 3 (without context)===
2026-04-16 23:03:39,508 - INFO - <s>femme fatale offers nothing more than a bait-and-switch that is beyond playing fair with the audience. It was good
2026-04-16 23:03:39,509 - INFO - Log probabilities of the option tokens: tensor([nan], dtype=torch.float16)
2026-04-16 23:03:39,516 - INFO - === Candidate 4 (without context)===
2026-04-16 23:03:39,516 - INFO - <s>femme fatale offers nothing more than a bait-and-switch that is beyond playing fair with the audience. It was great
2026-04-16 23:03:39,516 - INFO - Log probabilities of the option tokens: tensor([nan], dtype=torch.float16)
2026-04-16 23:03:39,516 - INFO - Prediction scores: [nan, nan, nan, nan, nan]
2026-04-16 23:03:39,517 - INFO - ========= Example =========
2026-04-16 23:03:39,517 - INFO - Candidate: [0, 1, 2, 3, 4]
2026-04-16 23:03:39,517 - INFO - Correct candidate: 2
2026-04-16 23:03:39,525 - INFO - === Candidate 0 ===
2026-04-16 23:03:39,525 - INFO - <s>indeed, none of these words really gets at the very special type of badness that is deuces wild. It was terrible
2026-04-16 23:03:39,526 - INFO - Log probabilities of the option tokens: tensor([nan], dtype=torch.float16)
2026-04-16 23:03:39,533 - INFO - === Candidate 1 (without context)===
2026-04-16 23:03:39,533 - INFO - <s>indeed, none of these words really gets at the very special type of badness that is deuces wild. It was bad
2026-04-16 23:03:39,533 - INFO - Log probabilities of the option tokens: tensor([nan], dtype=torch.float16)
2026-04-16 23:03:39,541 - INFO - === Candidate 2 (without context)===
2026-04-16 23:03:39,541 - INFO - <s>indeed, none of these words really gets at the very special type of badness that is deuces wild. It was okay
2026-04-16 23:03:39,541 - INFO - Log probabilities of the option tokens: tensor([nan], dtype=torch.float16)
2026-04-16 23:03:39,549 - INFO - === Candidate 3 (without context)===
2026-04-16 23:03:39,549 - INFO - <s>indeed, none of these words really gets at the very special type of badness that is deuces wild. It was good
2026-04-16 23:03:39,549 - INFO - Log probabilities of the option tokens: tensor([nan], dtype=torch.float16)
2026-04-16 23:03:39,557 - INFO - === Candidate 4 (without context)===
2026-04-16 23:03:39,557 - INFO - <s>indeed, none of these words really gets at the very special type of badness that is deuces wild. It was great
2026-04-16 23:03:39,557 - INFO - Log probabilities of the option tokens: tensor([nan], dtype=torch.float16)
2026-04-16 23:03:39,557 - INFO - Prediction scores: [nan, nan, nan, nan, nan]


  1%|          | 3/256 [00:00<00:10, 24.24it/s][A

  2%|▏         | 6/256 [00:00<00:09, 25.55it/s][A

  4%|▎         | 9/256 [00:00<00:09, 25.89it/s][A

  5%|▍         | 12/256 [00:00<00:09, 26.03it/s][A

  6%|▌         | 15/256 [00:00<00:09, 26.11it/s][A

  7%|▋         | 18/256 [00:00<00:09, 26.40it/s][A

  8%|▊         | 21/256 [00:00<00:09, 25.56it/s][A

  9%|▉         | 24/256 [00:00<00:08, 25.95it/s][A

 11%|█         | 27/256 [00:01<00:08, 25.97it/s][A

 12%|█▏        | 30/256 [00:01<00:08, 25.92it/s][A

 13%|█▎        | 33/256 [00:01<00:08, 26.05it/s][A

 14%|█▍        | 36/256 [00:01<00:08, 26.11it/s][A

 15%|█▌        | 39/256 [00:01<00:08, 26.16it/s][A

 16%|█▋        | 42/256 [00:01<00:08, 25.93it/s][A

 18%|█▊        | 45/256 [00:01<00:08, 25.81it/s][A

 19%|█▉        | 48/256 [00:01<00:08, 25.86it/s][A

 20%|█▉        | 51/256 [00:01<00:07, 25.98it/s][A

 21%|██        | 54/256 [00:02<00:07, 26.14it/s][A

 22%|██▏       | 57/256 [00:02<00:07, 25.73it/s][A

 23%|██▎       | 60/256 [00:02<00:07, 26.04it/s][A

 25%|██▍       | 63/256 [00:02<00:07, 26.13it/s][A

 26%|██▌       | 66/256 [00:02<00:07, 26.21it/s][A

 27%|██▋       | 69/256 [00:02<00:07, 26.27it/s][A

 28%|██▊       | 72/256 [00:02<00:06, 26.35it/s][A

 29%|██▉       | 75/256 [00:02<00:06, 26.31it/s][A

 30%|███       | 78/256 [00:02<00:06, 26.25it/s][A

 32%|███▏      | 81/256 [00:03<00:06, 26.30it/s][A

 33%|███▎      | 84/256 [00:03<00:06, 26.42it/s][A

 34%|███▍      | 87/256 [00:03<00:06, 26.62it/s][A

 35%|███▌      | 90/256 [00:03<00:06, 25.90it/s][A

 36%|███▋      | 93/256 [00:03<00:06, 26.03it/s][A

 38%|███▊      | 96/256 [00:03<00:06, 26.22it/s][A

 39%|███▊      | 99/256 [00:03<00:05, 26.22it/s][A

 40%|███▉      | 102/256 [00:03<00:05, 26.24it/s][A

 41%|████      | 105/256 [00:04<00:05, 26.26it/s][A

 42%|████▏     | 108/256 [00:04<00:05, 26.32it/s][A

 43%|████▎     | 111/256 [00:04<00:05, 26.25it/s][A

 45%|████▍     | 114/256 [00:04<00:05, 26.30it/s][A

 46%|████▌     | 117/256 [00:04<00:05, 26.34it/s][A

 47%|████▋     | 120/256 [00:04<00:05, 26.38it/s][A

 48%|████▊     | 123/256 [00:04<00:05, 25.71it/s][A

 49%|████▉     | 126/256 [00:04<00:05, 25.82it/s][A

 50%|█████     | 129/256 [00:04<00:04, 25.45it/s][A

 52%|█████▏    | 132/256 [00:05<00:04, 25.92it/s][A

 53%|█████▎    | 135/256 [00:05<00:04, 25.95it/s][A

 54%|█████▍    | 138/256 [00:05<00:04, 26.02it/s][A

 55%|█████▌    | 141/256 [00:05<00:04, 26.08it/s][A

 56%|█████▋    | 144/256 [00:05<00:04, 26.22it/s][A

 57%|█████▋    | 147/256 [00:05<00:04, 26.18it/s][A

 59%|█████▊    | 150/256 [00:05<00:04, 26.13it/s][A

 60%|█████▉    | 153/256 [00:05<00:03, 26.25it/s][A

 61%|██████    | 156/256 [00:05<00:03, 26.33it/s][A

 62%|██████▏   | 159/256 [00:06<00:03, 26.21it/s][A

 63%|██████▎   | 162/256 [00:06<00:03, 25.52it/s][A

 64%|██████▍   | 165/256 [00:06<00:03, 25.16it/s][A

 66%|██████▌   | 168/256 [00:06<00:03, 25.56it/s][A

 67%|██████▋   | 171/256 [00:06<00:03, 25.88it/s][A

 68%|██████▊   | 174/256 [00:06<00:03, 25.92it/s][A

 69%|██████▉   | 177/256 [00:06<00:03, 26.00it/s][A

 70%|███████   | 180/256 [00:06<00:02, 26.38it/s][A

 71%|███████▏  | 183/256 [00:07<00:02, 26.32it/s][A

 73%|███████▎  | 186/256 [00:07<00:02, 26.37it/s][A

 74%|███████▍  | 189/256 [00:07<00:02, 26.39it/s][A

 75%|███████▌  | 192/256 [00:07<00:02, 26.51it/s][A

 76%|███████▌  | 195/256 [00:07<00:02, 26.33it/s][A

 77%|███████▋  | 198/256 [00:07<00:02, 25.68it/s][A

 79%|███████▊  | 201/256 [00:07<00:02, 25.98it/s][A

 80%|███████▉  | 204/256 [00:07<00:01, 26.20it/s][A

 81%|████████  | 207/256 [00:07<00:01, 26.42it/s][A

 82%|████████▏ | 210/256 [00:08<00:01, 26.42it/s][A

 83%|████████▎ | 213/256 [00:08<00:01, 26.47it/s][A

 84%|████████▍ | 216/256 [00:08<00:01, 26.34it/s][A

 86%|████████▌ | 219/256 [00:08<00:01, 26.39it/s][A

 87%|████████▋ | 222/256 [00:08<00:01, 26.36it/s][A

 88%|████████▊ | 225/256 [00:08<00:01, 26.47it/s][A

 89%|████████▉ | 228/256 [00:08<00:01, 26.47it/s][A

 90%|█████████ | 231/256 [00:08<00:00, 25.89it/s][A

 91%|█████████▏| 234/256 [00:08<00:00, 25.94it/s][A

 93%|█████████▎| 237/256 [00:09<00:00, 26.02it/s][A

 94%|█████████▍| 240/256 [00:09<00:00, 26.25it/s][A

 95%|█████████▍| 243/256 [00:09<00:00, 26.22it/s][A

 96%|█████████▌| 246/256 [00:09<00:00, 26.35it/s][A

 97%|█████████▋| 249/256 [00:09<00:00, 26.38it/s][A

 98%|█████████▊| 252/256 [00:09<00:00, 26.40it/s][A

100%|█████████▉| 255/256 [00:09<00:00, 26.26it/s][A
100%|██████████| 256/256 [00:09<00:00, 26.12it/s]
2026-04-16 23:03:53,050 - INFO - [sparse-mezo] global_step=500 active_fraction=0.000000 active_params=0/1315758080 configured_ratio=0.250000 mask_strategy=percentile_per_layer scope=trainable_only
2026-04-16 23:03:56,647 - WARNING - [zo_probe] step=500: no finite probe pairs; skipping row.

 21%|██        | 501/2405 [34:59<9:51:48, 18.65s/it]2026-04-16 23:04:00,638 - INFO - [sparse-mezo] global_step=501 active_fraction=0.000000 active_params=0/1315758080 configured_ratio=0.250000 mask_strategy=percentile_per_layer scope=trainable_only

 21%|██        | 502/2405 [35:03<7:32:12, 14.26s/it]2026-04-16 23:04:04,648 - INFO - [sparse-mezo] global_step=502 active_fraction=0.000000 active_params=0/1315758080 configured_ratio=0.250000 mask_strategy=percentile_per_layer scope=trainable_only

 21%|██        | 503/2405 [35:07<5:54:17, 11.18s/it]2026-04-16 23:04:08,635 - INFO - [sparse-mezo] global_step=503 active_fraction=0.000000 active_params=0/1315758080 configured_ratio=0.250000 mask_strategy=percentile_per_layer scope=trainable_only

 21%|██        | 504/2405 [35:11<4:45:53,  9.02s/it]2026-04-16 23:04:12,650 - INFO - [sparse-mezo] global_step=504 active_fraction=0.000000 active_params=0/1315758080 configured_ratio=0.250000 mask_strategy=percentile_per_layer scope=trainable_only

 21%|██        | 505/2405 [35:15<3:58:04,  7.52s/it]2026-04-16 23:04:16,661 - INFO - [sparse-mezo] global_step=505 active_fraction=0.000000 active_params=0/1315758080 configured_ratio=0.250000 mask_strategy=percentile_per_layer scope=trainable_only

 21%|██        | 506/2405 [35:19<3:24:39,  6.47s/it]2026-04-16 23:04:20,670 - INFO - [sparse-mezo] global_step=506 active_fraction=0.000000 active_params=0/1315758080 configured_ratio=0.250000 mask_strategy=percentile_per_layer scope=trainable_only

 21%|██        | 507/2405 [35:23<3:01:24,  5.73s/it]2026-04-16 23:04:24,682 - INFO - [sparse-mezo] global_step=507 active_fraction=0.000000 active_params=0/1315758080 configured_ratio=0.250000 mask_strategy=percentile_per_layer scope=trainable_only

 21%|██        | 508/2405 [35:27<2:44:50,  5.21s/it]2026-04-16 23:04:28,694 - INFO - [sparse-mezo] global_step=508 active_fraction=0.000000 active_params=0/1315758080 configured_ratio=0.250000 mask_strategy=percentile_per_layer scope=trainable_only

 21%|██        | 509/2405 [35:31<2:33:25,  4.86s/it]2026-04-16 23:04:32,713 - INFO - [sparse-mezo] global_step=509 active_fraction=0.000000 active_params=0/1315758080 configured_ratio=0.250000 mask_strategy=percentile_per_layer scope=trainable_only

 21%|██        | 510/2405 [35:35<2:25:16,  4.60s/it]2026-04-16 23:04:36,716 - INFO - [sparse-mezo] global_step=510 active_fraction=0.000000 active_params=0/1315758080 configured_ratio=0.250000 mask_strategy=percentile_per_layer scope=trainable_only

 21%|██        | 511/2405 [35:39<2:19:35,  4.42s/it]2026-04-16 23:04:40,706 - INFO - [sparse-mezo] global_step=511 active_fraction=0.000000 active_params=0/1315758080 configured_ratio=0.250000 mask_strategy=percentile_per_layer scope=trainable_only

 21%|██▏       | 512/2405 [35:43<2:15:25,  4.29s/it]2026-04-16 23:04:44,697 - INFO - [sparse-mezo] global_step=512 active_fraction=0.000000 active_params=0/1315758080 configured_ratio=0.250000 mask_strategy=percentile_per_layer scope=trainable_only

 21%|██▏       | 513/2405 [35:47<2:12:35,  4.20s/it]2026-04-16 23:04:48,715 - INFO - [sparse-mezo] global_step=513 active_fraction=0.000000 active_params=0/1315758080 configured_ratio=0.250000 mask_strategy=percentile_per_layer scope=trainable_only

 21%|██▏       | 514/2405 [35:51<2:10:50,  4.15s/it]2026-04-16 23:04:52,743 - INFO - [sparse-mezo] global_step=514 active_fraction=0.000000 active_params=0/1315758080 configured_ratio=0.250000 mask_strategy=percentile_per_layer scope=trainable_only

 21%|██▏       | 515/2405 [35:55<2:09:36,  4.11s/it]2026-04-16 23:04:56,772 - INFO - [sparse-mezo] global_step=515 active_fraction=0.000000 active_params=0/1315758080 configured_ratio=0.250000 mask_strategy=percentile_per_layer scope=trainable_only

 21%|██▏       | 516/2405 [35:59<2:08:44,  4.09s/it]2026-04-16 23:05:00,801 - INFO - [sparse-mezo] global_step=516 active_fraction=0.000000 active_params=0/1315758080 configured_ratio=0.250000 mask_strategy=percentile_per_layer scope=trainable_only

 21%|██▏       | 517/2405 [36:03<2:08:05,  4.07s/it]2026-04-16 23:05:04,812 - INFO - [sparse-mezo] global_step=517 active_fraction=0.000000 active_params=0/1315758080 configured_ratio=0.250000 mask_strategy=percentile_per_layer scope=trainable_only

 22%|██▏       | 518/2405 [36:07<2:07:21,  4.05s/it]2026-04-16 23:05:08,827 - INFO - [sparse-mezo] global_step=518 active_fraction=0.000000 active_params=0/1315758080 configured_ratio=0.250000 mask_strategy=percentile_per_layer scope=trainable_only

 22%|██▏       | 519/2405 [36:11<2:06:53,  4.04s/it]2026-04-16 23:05:12,817 - INFO - [sparse-mezo] global_step=519 active_fraction=0.000000 active_params=0/1315758080 configured_ratio=0.250000 mask_strategy=percentile_per_layer scope=trainable_only

 22%|██▏       | 520/2405 [36:15<2:06:22,  4.02s/it]2026-04-16 23:05:16,825 - INFO - [sparse-mezo] global_step=520 active_fraction=0.000000 active_params=0/1315758080 configured_ratio=0.250000 mask_strategy=percentile_per_layer scope=trainable_only

 22%|██▏       | 521/2405 [36:19<2:06:12,  4.02s/it]2026-04-16 23:05:20,838 - INFO - [sparse-mezo] global_step=521 active_fraction=0.000000 active_params=0/1315758080 configured_ratio=0.250000 mask_strategy=percentile_per_layer scope=trainable_only

 22%|██▏       | 522/2405 [36:23<2:06:09,  4.02s/it]2026-04-16 23:05:24,857 - INFO - [sparse-mezo] global_step=522 active_fraction=0.000000 active_params=0/1315758080 configured_ratio=0.250000 mask_strategy=percentile_per_layer scope=trainable_only

 22%|██▏       | 523/2405 [36:27<2:06:09,  4.02s/it]2026-04-16 23:05:28,886 - INFO - [sparse-mezo] global_step=523 active_fraction=0.000000 active_params=0/1315758080 configured_ratio=0.250000 mask_strategy=percentile_per_layer scope=trainable_only

 22%|██▏       | 524/2405 [36:31<2:05:55,  4.02s/it]2026-04-16 23:05:32,889 - INFO - [sparse-mezo] global_step=524 active_fraction=0.000000 active_params=0/1315758080 configured_ratio=0.250000 mask_strategy=percentile_per_layer scope=trainable_only

 22%|██▏       | 525/2405 [36:36<2:05:51,  4.02s/it]2026-04-16 23:05:36,907 - INFO - [sparse-mezo] global_step=525 active_fraction=0.000000 active_params=0/1315758080 configured_ratio=0.250000 mask_strategy=percentile_per_layer scope=trainable_only

 22%|██▏       | 526/2405 [36:40<2:05:53,  4.02s/it]2026-04-16 23:05:40,916 - INFO - [sparse-mezo] global_step=526 active_fraction=0.000000 active_params=0/1315758080 configured_ratio=0.250000 mask_strategy=percentile_per_layer scope=trainable_only

 22%|██▏       | 527/2405 [36:44<2:05:37,  4.01s/it]2026-04-16 23:05:44,914 - INFO - [sparse-mezo] global_step=527 active_fraction=0.000000 active_params=0/1315758080 configured_ratio=0.250000 mask_strategy=percentile_per_layer scope=trainable_only

 22%|██▏       | 528/2405 [36:48<2:05:33,  4.01s/it]2026-04-16 23:05:48,947 - INFO - [sparse-mezo] global_step=528 active_fraction=0.000000 active_params=0/1315758080 configured_ratio=0.250000 mask_strategy=percentile_per_layer scope=trainable_only

 22%|██▏       | 529/2405 [36:52<2:05:31,  4.01s/it]2026-04-16 23:05:52,964 - INFO - [sparse-mezo] global_step=529 active_fraction=0.000000 active_params=0/1315758080 configured_ratio=0.250000 mask_strategy=percentile_per_layer scope=trainable_only

 22%|██▏       | 530/2405 [36:56<2:05:34,  4.02s/it]2026-04-16 23:05:56,974 - INFO - [sparse-mezo] global_step=530 active_fraction=0.000000 active_params=0/1315758080 configured_ratio=0.250000 mask_strategy=percentile_per_layer scope=trainable_only

 22%|██▏       | 531/2405 [37:00<2:05:20,  4.01s/it]2026-04-16 23:06:00,991 - INFO - [sparse-mezo] global_step=531 active_fraction=0.000000 active_params=0/1315758080 configured_ratio=0.250000 mask_strategy=percentile_per_layer scope=trainable_only

 22%|██▏       | 532/2405 [37:04<2:05:18,  4.01s/it]2026-04-16 23:06:05,007 - INFO - [sparse-mezo] global_step=532 active_fraction=0.000000 active_params=0/1315758080 configured_ratio=0.250000 mask_strategy=percentile_per_layer scope=trainable_only

 22%|██▏       | 533/2405 [37:08<2:05:07,  4.01s/it]2026-04-16 23:06:08,991 - INFO - [sparse-mezo] global_step=533 active_fraction=0.000000 active_params=0/1315758080 configured_ratio=0.250000 mask_strategy=percentile_per_layer scope=trainable_only

 22%|██▏       | 534/2405 [37:12<2:04:51,  4.00s/it]2026-04-16 23:06:12,998 - INFO - [sparse-mezo] global_step=534 active_fraction=0.000000 active_params=0/1315758080 configured_ratio=0.250000 mask_strategy=percentile_per_layer scope=trainable_only

 22%|██▏       | 535/2405 [37:16<2:04:49,  4.00s/it]2026-04-16 23:06:16,986 - INFO - [sparse-mezo] global_step=535 active_fraction=0.000000 active_params=0/1315758080 configured_ratio=0.250000 mask_strategy=percentile_per_layer scope=trainable_only

 22%|██▏       | 536/2405 [37:20<2:04:40,  4.00s/it]2026-04-16 23:06:21,003 - INFO - [sparse-mezo] global_step=536 active_fraction=0.000000 active_params=0/1315758080 configured_ratio=0.250000 mask_strategy=percentile_per_layer scope=trainable_only

 22%|██▏       | 537/2405 [37:24<2:04:44,  4.01s/it]2026-04-16 23:06:25,020 - INFO - [sparse-mezo] global_step=537 active_fraction=0.000000 active_params=0/1315758080 configured_ratio=0.250000 mask_strategy=percentile_per_layer scope=trainable_only

 22%|██▏       | 538/2405 [37:28<2:04:46,  4.01s/it]2026-04-16 23:06:29,037 - INFO - [sparse-mezo] global_step=538 active_fraction=0.000000 active_params=0/1315758080 configured_ratio=0.250000 mask_strategy=percentile_per_layer scope=trainable_only

 22%|██▏       | 539/2405 [37:32<2:04:46,  4.01s/it]2026-04-16 23:06:33,035 - INFO - [sparse-mezo] global_step=539 active_fraction=0.000000 active_params=0/1315758080 configured_ratio=0.250000 mask_strategy=percentile_per_layer scope=trainable_only

 22%|██▏       | 540/2405 [37:36<2:04:34,  4.01s/it]2026-04-16 23:06:37,050 - INFO - [sparse-mezo] global_step=540 active_fraction=0.000000 active_params=0/1315758080 configured_ratio=0.250000 mask_strategy=percentile_per_layer scope=trainable_only

 22%|██▏       | 541/2405 [37:40<2:04:34,  4.01s/it]2026-04-16 23:06:41,048 - INFO - [sparse-mezo] global_step=541 active_fraction=0.000000 active_params=0/1315758080 configured_ratio=0.250000 mask_strategy=percentile_per_layer scope=trainable_only

 23%|██▎       | 542/2405 [37:44<2:04:18,  4.00s/it]2026-04-16 23:06:45,037 - INFO - [sparse-mezo] global_step=542 active_fraction=0.000000 active_params=0/1315758080 configured_ratio=0.250000 mask_strategy=percentile_per_layer scope=trainable_only

 23%|██▎       | 543/2405 [37:48<2:04:11,  4.00s/it]2026-04-16 23:06:49,055 - INFO - [sparse-mezo] global_step=543 active_fraction=0.000000 active_params=0/1315758080 configured_ratio=0.250000 mask_strategy=percentile_per_layer scope=trainable_only

 23%|██▎       | 544/2405 [37:52<2:04:11,  4.00s/it]2026-04-16 23:06:53,043 - INFO - [sparse-mezo] global_step=544 active_fraction=0.000000 active_params=0/1315758080 configured_ratio=0.250000 mask_strategy=percentile_per_layer scope=trainable_only

 23%|██▎       | 545/2405 [37:56<2:04:08,  4.00s/it]2026-04-16 23:06:57,052 - INFO - [sparse-mezo] global_step=545 active_fraction=0.000000 active_params=0/1315758080 configured_ratio=0.250000 mask_strategy=percentile_per_layer scope=trainable_only

 23%|██▎       | 546/2405 [38:00<2:03:54,  4.00s/it]2026-04-16 23:07:01,037 - INFO - [sparse-mezo] global_step=546 active_fraction=0.000000 active_params=0/1315758080 configured_ratio=0.250000 mask_strategy=percentile_per_layer scope=trainable_only

 23%|██▎       | 547/2405 [38:04<2:03:45,  4.00s/it]2026-04-16 23:07:05,043 - INFO - [sparse-mezo] global_step=547 active_fraction=0.000000 active_params=0/1315758080 configured_ratio=0.250000 mask_strategy=percentile_per_layer scope=trainable_only

 23%|██▎       | 548/2405 [38:08<2:03:46,  4.00s/it]2026-04-16 23:07:09,032 - INFO - [sparse-mezo] global_step=548 active_fraction=0.000000 active_params=0/1315758080 configured_ratio=0.250000 mask_strategy=percentile_per_layer scope=trainable_only

 23%|██▎       | 549/2405 [38:12<2:03:36,  4.00s/it]2026-04-16 23:07:13,018 - INFO - [sparse-mezo] global_step=549 active_fraction=0.000000 active_params=0/1315758080 configured_ratio=0.250000 mask_strategy=percentile_per_layer scope=trainable_only

 23%|██▎       | 550/2405 [38:16<2:03:27,  3.99s/it]2026-04-16 23:07:17,008 - INFO - [sparse-mezo] global_step=550 active_fraction=0.000000 active_params=0/1315758080 configured_ratio=0.250000 mask_strategy=percentile_per_layer scope=trainable_only

 23%|██▎       | 551/2405 [38:20<2:03:21,  3.99s/it]2026-04-16 23:07:21,015 - INFO - [sparse-mezo] global_step=551 active_fraction=0.000000 active_params=0/1315758080 configured_ratio=0.250000 mask_strategy=percentile_per_layer scope=trainable_only

 23%|██▎       | 552/2405 [38:24<2:03:25,  4.00s/it]2026-04-16 23:07:25,006 - INFO - [sparse-mezo] global_step=552 active_fraction=0.000000 active_params=0/1315758080 configured_ratio=0.250000 mask_strategy=percentile_per_layer scope=trainable_only

 23%|██▎       | 553/2405 [38:28<2:03:24,  4.00s/it]2026-04-16 23:07:29,025 - INFO - [sparse-mezo] global_step=553 active_fraction=0.000000 active_params=0/1315758080 configured_ratio=0.250000 mask_strategy=percentile_per_layer scope=trainable_only

 23%|██▎       | 554/2405 [38:32<2:03:34,  4.01s/it]2026-04-16 23:07:33,030 - INFO - [sparse-mezo] global_step=554 active_fraction=0.000000 active_params=0/1315758080 configured_ratio=0.250000 mask_strategy=percentile_per_layer scope=trainable_only

 23%|██▎       | 555/2405 [38:36<2:03:33,  4.01s/it]2026-04-16 23:07:37,056 - INFO - [sparse-mezo] global_step=555 active_fraction=0.000000 active_params=0/1315758080 configured_ratio=0.250000 mask_strategy=percentile_per_layer scope=trainable_only

 23%|██▎       | 556/2405 [38:40<2:03:31,  4.01s/it]2026-04-16 23:07:41,069 - INFO - [sparse-mezo] global_step=556 active_fraction=0.000000 active_params=0/1315758080 configured_ratio=0.250000 mask_strategy=percentile_per_layer scope=trainable_only

 23%|██▎       | 557/2405 [38:44<2:03:33,  4.01s/it]2026-04-16 23:07:45,071 - INFO - [sparse-mezo] global_step=557 active_fraction=0.000000 active_params=0/1315758080 configured_ratio=0.250000 mask_strategy=percentile_per_layer scope=trainable_only

 23%|██▎       | 558/2405 [38:48<2:03:18,  4.01s/it]2026-04-16 23:07:49,063 - INFO - [sparse-mezo] global_step=558 active_fraction=0.000000 active_params=0/1315758080 configured_ratio=0.250000 mask_strategy=percentile_per_layer scope=trainable_only

 23%|██▎       | 559/2405 [38:52<2:03:06,  4.00s/it]2026-04-16 23:07:53,051 - INFO - [sparse-mezo] global_step=559 active_fraction=0.000000 active_params=0/1315758080 configured_ratio=0.250000 mask_strategy=percentile_per_layer scope=trainable_only

 23%|██▎       | 560/2405 [38:56<2:03:00,  4.00s/it]2026-04-16 23:07:57,047 - INFO - [sparse-mezo] global_step=560 active_fraction=0.000000 active_params=0/1315758080 configured_ratio=0.250000 mask_strategy=percentile_per_layer scope=trainable_only

 23%|██▎       | 561/2405 [39:00<2:02:59,  4.00s/it]2026-04-16 23:08:01,075 - INFO - [sparse-mezo] global_step=561 active_fraction=0.000000 active_params=0/1315758080 configured_ratio=0.250000 mask_strategy=percentile_per_layer scope=trainable_only

 23%|██▎       | 562/2405 [39:04<2:02:51,  4.00s/it]2026-04-16 23:08:05,052 - INFO - [sparse-mezo] global_step=562 active_fraction=0.000000 active_params=0/1315758080 configured_ratio=0.250000 mask_strategy=percentile_per_layer scope=trainable_only

 23%|██▎       | 563/2405 [39:08<2:02:52,  4.00s/it]2026-04-16 23:08:09,079 - INFO - [sparse-mezo] global_step=563 active_fraction=0.000000 active_params=0/1315758080 configured_ratio=0.250000 mask_strategy=percentile_per_layer scope=trainable_only

 23%|██▎       | 564/2405 [39:12<2:02:51,  4.00s/it]2026-04-16 23:08:13,069 - INFO - [sparse-mezo] global_step=564 active_fraction=0.000000 active_params=0/1315758080 configured_ratio=0.250000 mask_strategy=percentile_per_layer scope=trainable_only

 23%|██▎       | 565/2405 [39:16<2:02:50,  4.01s/it]2026-04-16 23:08:17,078 - INFO - [sparse-mezo] global_step=565 active_fraction=0.000000 active_params=0/1315758080 configured_ratio=0.250000 mask_strategy=percentile_per_layer scope=trainable_only

 24%|██▎       | 566/2405 [39:20<2:02:48,  4.01s/it]2026-04-16 23:08:21,103 - INFO - [sparse-mezo] global_step=566 active_fraction=0.000000 active_params=0/1315758080 configured_ratio=0.250000 mask_strategy=percentile_per_layer scope=trainable_only

 24%|██▎       | 567/2405 [39:24<2:02:48,  4.01s/it]2026-04-16 23:08:25,120 - INFO - [sparse-mezo] global_step=567 active_fraction=0.000000 active_params=0/1315758080 configured_ratio=0.250000 mask_strategy=percentile_per_layer scope=trainable_only

 24%|██▎       | 568/2405 [39:28<2:02:44,  4.01s/it]2026-04-16 23:08:29,126 - INFO - [sparse-mezo] global_step=568 active_fraction=0.000000 active_params=0/1315758080 configured_ratio=0.250000 mask_strategy=percentile_per_layer scope=trainable_only

 24%|██▎       | 569/2405 [39:32<2:02:38,  4.01s/it]2026-04-16 23:08:33,133 - INFO - [sparse-mezo] global_step=569 active_fraction=0.000000 active_params=0/1315758080 configured_ratio=0.250000 mask_strategy=percentile_per_layer scope=trainable_only

 24%|██▎       | 570/2405 [39:36<2:02:26,  4.00s/it]2026-04-16 23:08:37,109 - INFO - [sparse-mezo] global_step=570 active_fraction=0.000000 active_params=0/1315758080 configured_ratio=0.250000 mask_strategy=percentile_per_layer scope=trainable_only

 24%|██▎       | 571/2405 [39:40<2:02:19,  4.00s/it]2026-04-16 23:08:41,108 - INFO - [sparse-mezo] global_step=571 active_fraction=0.000000 active_params=0/1315758080 configured_ratio=0.250000 mask_strategy=percentile_per_layer scope=trainable_only

 24%|██▍       | 572/2405 [39:44<2:02:14,  4.00s/it]2026-04-16 23:08:45,124 - INFO - [sparse-mezo] global_step=572 active_fraction=0.000000 active_params=0/1315758080 configured_ratio=0.250000 mask_strategy=percentile_per_layer scope=trainable_only

 24%|██▍       | 573/2405 [39:48<2:02:12,  4.00s/it]2026-04-16 23:08:49,132 - INFO - [sparse-mezo] global_step=573 active_fraction=0.000000 active_params=0/1315758080 configured_ratio=0.250000 mask_strategy=percentile_per_layer scope=trainable_only

 24%|██▍       | 574/2405 [39:52<2:02:11,  4.00s/it]2026-04-16 23:08:53,123 - INFO - [sparse-mezo] global_step=574 active_fraction=0.000000 active_params=0/1315758080 configured_ratio=0.250000 mask_strategy=percentile_per_layer scope=trainable_only

 24%|██▍       | 575/2405 [39:56<2:02:08,  4.00s/it]2026-04-16 23:08:57,147 - INFO - [sparse-mezo] global_step=575 active_fraction=0.000000 active_params=0/1315758080 configured_ratio=0.250000 mask_strategy=percentile_per_layer scope=trainable_only

 24%|██▍       | 576/2405 [40:00<2:02:15,  4.01s/it]2026-04-16 23:09:01,168 - INFO - [sparse-mezo] global_step=576 active_fraction=0.000000 active_params=0/1315758080 configured_ratio=0.250000 mask_strategy=percentile_per_layer scope=trainable_only

 24%|██▍       | 577/2405 [40:04<2:02:16,  4.01s/it]2026-04-16 23:09:05,169 - INFO - [sparse-mezo] global_step=577 active_fraction=0.000000 active_params=0/1315758080 configured_ratio=0.250000 mask_strategy=percentile_per_layer scope=trainable_only

 24%|██▍       | 578/2405 [40:08<2:01:58,  4.01s/it]2026-04-16 23:09:09,161 - INFO - [sparse-mezo] global_step=578 active_fraction=0.000000 active_params=0/1315758080 configured_ratio=0.250000 mask_strategy=percentile_per_layer scope=trainable_only

 24%|██▍       | 579/2405 [40:12<2:01:45,  4.00s/it]2026-04-16 23:09:13,149 - INFO - [sparse-mezo] global_step=579 active_fraction=0.000000 active_params=0/1315758080 configured_ratio=0.250000 mask_strategy=percentile_per_layer scope=trainable_only

 24%|██▍       | 580/2405 [40:16<2:01:41,  4.00s/it]2026-04-16 23:09:17,146 - INFO - [sparse-mezo] global_step=580 active_fraction=0.000000 active_params=0/1315758080 configured_ratio=0.250000 mask_strategy=percentile_per_layer scope=trainable_only

 24%|██▍       | 581/2405 [40:20<2:01:34,  4.00s/it]2026-04-16 23:09:21,143 - INFO - [sparse-mezo] global_step=581 active_fraction=0.000000 active_params=0/1315758080 configured_ratio=0.250000 mask_strategy=percentile_per_layer scope=trainable_only

 24%|██▍       | 582/2405 [40:24<2:01:22,  3.99s/it]2026-04-16 23:09:25,127 - INFO - [sparse-mezo] global_step=582 active_fraction=0.000000 active_params=0/1315758080 configured_ratio=0.250000 mask_strategy=percentile_per_layer scope=trainable_only

 24%|██▍       | 583/2405 [40:28<2:01:25,  4.00s/it]2026-04-16 23:09:29,150 - INFO - [sparse-mezo] global_step=583 active_fraction=0.000000 active_params=0/1315758080 configured_ratio=0.250000 mask_strategy=percentile_per_layer scope=trainable_only

 24%|██▍       | 584/2405 [40:32<2:01:24,  4.00s/it]2026-04-16 23:09:33,139 - INFO - [sparse-mezo] global_step=584 active_fraction=0.000000 active_params=0/1315758080 configured_ratio=0.250000 mask_strategy=percentile_per_layer scope=trainable_only

 24%|██▍       | 585/2405 [40:36<2:01:11,  4.00s/it]2026-04-16 23:09:37,124 - INFO - [sparse-mezo] global_step=585 active_fraction=0.000000 active_params=0/1315758080 configured_ratio=0.250000 mask_strategy=percentile_per_layer scope=trainable_only

 24%|██▍       | 586/2405 [40:40<2:01:01,  3.99s/it]2026-04-16 23:09:41,127 - INFO - [sparse-mezo] global_step=586 active_fraction=0.000000 active_params=0/1315758080 configured_ratio=0.250000 mask_strategy=percentile_per_layer scope=trainable_only

 24%|██▍       | 587/2405 [40:44<2:01:17,  4.00s/it]2026-04-16 23:09:45,152 - INFO - [sparse-mezo] global_step=587 active_fraction=0.000000 active_params=0/1315758080 configured_ratio=0.250000 mask_strategy=percentile_per_layer scope=trainable_only

 24%|██▍       | 588/2405 [40:48<2:01:14,  4.00s/it]2026-04-16 23:09:49,142 - INFO - [sparse-mezo] global_step=588 active_fraction=0.000000 active_params=0/1315758080 configured_ratio=0.250000 mask_strategy=percentile_per_layer scope=trainable_only

 24%|██▍       | 589/2405 [40:52<2:01:08,  4.00s/it]2026-04-16 23:09:53,141 - INFO - [sparse-mezo] global_step=589 active_fraction=0.000000 active_params=0/1315758080 configured_ratio=0.250000 mask_strategy=percentile_per_layer scope=trainable_only

 25%|██▍       | 590/2405 [40:56<2:01:07,  4.00s/it]2026-04-16 23:09:57,169 - INFO - [sparse-mezo] global_step=590 active_fraction=0.000000 active_params=0/1315758080 configured_ratio=0.250000 mask_strategy=percentile_per_layer scope=trainable_only

 25%|██▍       | 591/2405 [41:00<2:01:14,  4.01s/it]2026-04-16 23:10:01,189 - INFO - [sparse-mezo] global_step=591 active_fraction=0.000000 active_params=0/1315758080 configured_ratio=0.250000 mask_strategy=percentile_per_layer scope=trainable_only

 25%|██▍       | 592/2405 [41:04<2:01:18,  4.01s/it]2026-04-16 23:10:05,197 - INFO - [sparse-mezo] global_step=592 active_fraction=0.000000 active_params=0/1315758080 configured_ratio=0.250000 mask_strategy=percentile_per_layer scope=trainable_only

 25%|██▍       | 593/2405 [41:08<2:01:01,  4.01s/it]2026-04-16 23:10:09,191 - INFO - [sparse-mezo] global_step=593 active_fraction=0.000000 active_params=0/1315758080 configured_ratio=0.250000 mask_strategy=percentile_per_layer scope=trainable_only

 25%|██▍       | 594/2405 [41:12<2:00:53,  4.01s/it]2026-04-16 23:10:13,208 - INFO - [sparse-mezo] global_step=594 active_fraction=0.000000 active_params=0/1315758080 configured_ratio=0.250000 mask_strategy=percentile_per_layer scope=trainable_only

 25%|██▍       | 595/2405 [41:16<2:00:59,  4.01s/it]2026-04-16 23:10:17,215 - INFO - [sparse-mezo] global_step=595 active_fraction=0.000000 active_params=0/1315758080 configured_ratio=0.250000 mask_strategy=percentile_per_layer scope=trainable_only

 25%|██▍       | 596/2405 [41:20<2:00:45,  4.01s/it]2026-04-16 23:10:21,205 - INFO - [sparse-mezo] global_step=596 active_fraction=0.000000 active_params=0/1315758080 configured_ratio=0.250000 mask_strategy=percentile_per_layer scope=trainable_only

 25%|██▍       | 597/2405 [41:24<2:00:50,  4.01s/it]2026-04-16 23:10:25,245 - INFO - [sparse-mezo] global_step=597 active_fraction=0.000000 active_params=0/1315758080 configured_ratio=0.250000 mask_strategy=percentile_per_layer scope=trainable_only

 25%|██▍       | 598/2405 [41:28<2:00:49,  4.01s/it]2026-04-16 23:10:29,262 - INFO - [sparse-mezo] global_step=598 active_fraction=0.000000 active_params=0/1315758080 configured_ratio=0.250000 mask_strategy=percentile_per_layer scope=trainable_only

 25%|██▍       | 599/2405 [41:32<2:00:43,  4.01s/it]2026-04-16 23:10:33,269 - INFO - [sparse-mezo] global_step=599 active_fraction=0.000000 active_params=0/1315758080 configured_ratio=0.250000 mask_strategy=percentile_per_layer scope=trainable_only

 25%|██▍       | 600/2405 [41:36<2:00:42,  4.01s/it]2026-04-16 23:10:37,286 - INFO - [sparse-mezo] global_step=600 active_fraction=0.000000 active_params=0/1315758080 configured_ratio=0.250000 mask_strategy=percentile_per_layer scope=trainable_only
2026-04-16 23:10:40,660 - WARNING - [zo_probe] step=600: no finite probe pairs; skipping row.

 25%|██▍       | 601/2405 [41:43<2:30:59,  5.02s/it]2026-04-16 23:10:44,646 - INFO - [sparse-mezo] global_step=601 active_fraction=0.000000 active_params=0/1315758080 configured_ratio=0.250000 mask_strategy=percentile_per_layer scope=trainable_only

 25%|██▌       | 602/2405 [41:47<2:21:36,  4.71s/it]2026-04-16 23:10:48,638 - INFO - [sparse-mezo] global_step=602 active_fraction=0.000000 active_params=0/1315758080 configured_ratio=0.250000 mask_strategy=percentile_per_layer scope=trainable_only

 25%|██▌       | 603/2405 [41:51<2:15:07,  4.50s/it]2026-04-16 23:10:52,654 - INFO - [sparse-mezo] global_step=603 active_fraction=0.000000 active_params=0/1315758080 configured_ratio=0.250000 mask_strategy=percentile_per_layer scope=trainable_only

 25%|██▌       | 604/2405 [41:55<2:10:42,  4.35s/it]2026-04-16 23:10:56,674 - INFO - [sparse-mezo] global_step=604 active_fraction=0.000000 active_params=0/1315758080 configured_ratio=0.250000 mask_strategy=percentile_per_layer scope=trainable_only

 25%|██▌       | 605/2405 [41:59<2:07:31,  4.25s/it]2026-04-16 23:11:00,681 - INFO - [sparse-mezo] global_step=605 active_fraction=0.000000 active_params=0/1315758080 configured_ratio=0.250000 mask_strategy=percentile_per_layer scope=trainable_only

 25%|██▌       | 606/2405 [42:03<2:05:21,  4.18s/it]2026-04-16 23:11:04,699 - INFO - [sparse-mezo] global_step=606 active_fraction=0.000000 active_params=0/1315758080 configured_ratio=0.250000 mask_strategy=percentile_per_layer scope=trainable_only

 25%|██▌       | 607/2405 [42:07<2:03:44,  4.13s/it]2026-04-16 23:11:08,691 - INFO - [sparse-mezo] global_step=607 active_fraction=0.000000 active_params=0/1315758080 configured_ratio=0.250000 mask_strategy=percentile_per_layer scope=trainable_only

 25%|██▌       | 608/2405 [42:11<2:02:25,  4.09s/it]2026-04-16 23:11:12,700 - INFO - [sparse-mezo] global_step=608 active_fraction=0.000000 active_params=0/1315758080 configured_ratio=0.250000 mask_strategy=percentile_per_layer scope=trainable_only

 25%|██▌       | 609/2405 [42:15<2:01:38,  4.06s/it]2026-04-16 23:11:16,709 - INFO - [sparse-mezo] global_step=609 active_fraction=0.000000 active_params=0/1315758080 configured_ratio=0.250000 mask_strategy=percentile_per_layer scope=trainable_only

 25%|██▌       | 610/2405 [42:19<2:01:15,  4.05s/it]2026-04-16 23:11:20,737 - INFO - [sparse-mezo] global_step=610 active_fraction=0.000000 active_params=0/1315758080 configured_ratio=0.250000 mask_strategy=percentile_per_layer scope=trainable_only

 25%|██▌       | 611/2405 [42:23<2:00:52,  4.04s/it]2026-04-16 23:11:24,754 - INFO - [sparse-mezo] global_step=611 active_fraction=0.000000 active_params=0/1315758080 configured_ratio=0.250000 mask_strategy=percentile_per_layer scope=trainable_only

 25%|██▌       | 612/2405 [42:27<2:00:34,  4.04s/it]2026-04-16 23:11:28,772 - INFO - [sparse-mezo] global_step=612 active_fraction=0.000000 active_params=0/1315758080 configured_ratio=0.250000 mask_strategy=percentile_per_layer scope=trainable_only

 25%|██▌       | 613/2405 [42:31<2:00:20,  4.03s/it]2026-04-16 23:11:32,787 - INFO - [sparse-mezo] global_step=613 active_fraction=0.000000 active_params=0/1315758080 configured_ratio=0.250000 mask_strategy=percentile_per_layer scope=trainable_only

 26%|██▌       | 614/2405 [42:35<2:00:09,  4.03s/it]2026-04-16 23:11:36,804 - INFO - [sparse-mezo] global_step=614 active_fraction=0.000000 active_params=0/1315758080 configured_ratio=0.250000 mask_strategy=percentile_per_layer scope=trainable_only

 26%|██▌       | 615/2405 [42:39<1:59:56,  4.02s/it]2026-04-16 23:11:40,810 - INFO - [sparse-mezo] global_step=615 active_fraction=0.000000 active_params=0/1315758080 configured_ratio=0.250000 mask_strategy=percentile_per_layer scope=trainable_only

 26%|██▌       | 616/2405 [42:43<1:59:44,  4.02s/it]2026-04-16 23:11:44,816 - INFO - [sparse-mezo] global_step=616 active_fraction=0.000000 active_params=0/1315758080 configured_ratio=0.250000 mask_strategy=percentile_per_layer scope=trainable_only

 26%|██▌       | 617/2405 [42:47<1:59:35,  4.01s/it]2026-04-16 23:11:48,806 - INFO - [sparse-mezo] global_step=617 active_fraction=0.000000 active_params=0/1315758080 configured_ratio=0.250000 mask_strategy=percentile_per_layer scope=trainable_only

 26%|██▌       | 618/2405 [42:51<1:59:15,  4.00s/it]2026-04-16 23:11:52,790 - INFO - [sparse-mezo] global_step=618 active_fraction=0.000000 active_params=0/1315758080 configured_ratio=0.250000 mask_strategy=percentile_per_layer scope=trainable_only

 26%|██▌       | 619/2405 [42:55<1:59:11,  4.00s/it]2026-04-16 23:11:56,811 - INFO - [sparse-mezo] global_step=619 active_fraction=0.000000 active_params=0/1315758080 configured_ratio=0.250000 mask_strategy=percentile_per_layer scope=trainable_only

 26%|██▌       | 620/2405 [42:59<1:59:11,  4.01s/it]2026-04-16 23:12:00,822 - INFO - [sparse-mezo] global_step=620 active_fraction=0.000000 active_params=0/1315758080 configured_ratio=0.250000 mask_strategy=percentile_per_layer scope=trainable_only

 26%|██▌       | 621/2405 [43:03<1:59:12,  4.01s/it]2026-04-16 23:12:04,823 - INFO - [sparse-mezo] global_step=621 active_fraction=0.000000 active_params=0/1315758080 configured_ratio=0.250000 mask_strategy=percentile_per_layer scope=trainable_only

 26%|██▌       | 622/2405 [43:07<1:58:58,  4.00s/it]2026-04-16 23:12:08,812 - INFO - [sparse-mezo] global_step=622 active_fraction=0.000000 active_params=0/1315758080 configured_ratio=0.250000 mask_strategy=percentile_per_layer scope=trainable_only

 26%|██▌       | 623/2405 [43:11<1:58:51,  4.00s/it]2026-04-16 23:12:12,827 - INFO - [sparse-mezo] global_step=623 active_fraction=0.000000 active_params=0/1315758080 configured_ratio=0.250000 mask_strategy=percentile_per_layer scope=trainable_only

 26%|██▌       | 624/2405 [43:15<1:58:49,  4.00s/it]2026-04-16 23:12:16,816 - INFO - [sparse-mezo] global_step=624 active_fraction=0.000000 active_params=0/1315758080 configured_ratio=0.250000 mask_strategy=percentile_per_layer scope=trainable_only

 26%|██▌       | 625/2405 [43:19<1:58:38,  4.00s/it]2026-04-16 23:12:20,806 - INFO - [sparse-mezo] global_step=625 active_fraction=0.000000 active_params=0/1315758080 configured_ratio=0.250000 mask_strategy=percentile_per_layer scope=trainable_only

 26%|██▌       | 626/2405 [43:23<1:58:34,  4.00s/it]2026-04-16 23:12:24,805 - INFO - [sparse-mezo] global_step=626 active_fraction=0.000000 active_params=0/1315758080 configured_ratio=0.250000 mask_strategy=percentile_per_layer scope=trainable_only

 26%|██▌       | 627/2405 [43:27<1:58:30,  4.00s/it]2026-04-16 23:12:28,820 - INFO - [sparse-mezo] global_step=627 active_fraction=0.000000 active_params=0/1315758080 configured_ratio=0.250000 mask_strategy=percentile_per_layer scope=trainable_only

 26%|██▌       | 628/2405 [43:31<1:58:30,  4.00s/it]2026-04-16 23:12:32,825 - INFO - [sparse-mezo] global_step=628 active_fraction=0.000000 active_params=0/1315758080 configured_ratio=0.250000 mask_strategy=percentile_per_layer scope=trainable_only

 26%|██▌       | 629/2405 [43:35<1:58:27,  4.00s/it]2026-04-16 23:12:36,815 - INFO - [sparse-mezo] global_step=629 active_fraction=0.000000 active_params=0/1315758080 configured_ratio=0.250000 mask_strategy=percentile_per_layer scope=trainable_only

 26%|██▌       | 630/2405 [43:39<1:58:14,  4.00s/it]2026-04-16 23:12:40,802 - INFO - [sparse-mezo] global_step=630 active_fraction=0.000000 active_params=0/1315758080 configured_ratio=0.250000 mask_strategy=percentile_per_layer scope=trainable_only

 26%|██▌       | 631/2405 [43:43<1:58:08,  4.00s/it]2026-04-16 23:12:44,791 - INFO - [sparse-mezo] global_step=631 active_fraction=0.000000 active_params=0/1315758080 configured_ratio=0.250000 mask_strategy=percentile_per_layer scope=trainable_only

 26%|██▋       | 632/2405 [43:47<1:58:13,  4.00s/it]2026-04-16 23:12:48,806 - INFO - [sparse-mezo] global_step=632 active_fraction=0.000000 active_params=0/1315758080 configured_ratio=0.250000 mask_strategy=percentile_per_layer scope=trainable_only

 26%|██▋       | 633/2405 [43:51<1:58:03,  4.00s/it]2026-04-16 23:12:52,812 - INFO - [sparse-mezo] global_step=633 active_fraction=0.000000 active_params=0/1315758080 configured_ratio=0.250000 mask_strategy=percentile_per_layer scope=trainable_only

 26%|██▋       | 634/2405 [43:55<1:58:09,  4.00s/it]2026-04-16 23:12:56,828 - INFO - [sparse-mezo] global_step=634 active_fraction=0.000000 active_params=0/1315758080 configured_ratio=0.250000 mask_strategy=percentile_per_layer scope=trainable_only

 26%|██▋       | 635/2405 [43:59<1:58:07,  4.00s/it]2026-04-16 23:13:00,836 - INFO - [sparse-mezo] global_step=635 active_fraction=0.000000 active_params=0/1315758080 configured_ratio=0.250000 mask_strategy=percentile_per_layer scope=trainable_only

 26%|██▋       | 636/2405 [44:03<1:58:12,  4.01s/it]2026-04-16 23:13:04,858 - INFO - [sparse-mezo] global_step=636 active_fraction=0.000000 active_params=0/1315758080 configured_ratio=0.250000 mask_strategy=percentile_per_layer scope=trainable_only

 26%|██▋       | 637/2405 [44:07<1:58:14,  4.01s/it]2026-04-16 23:13:08,858 - INFO - [sparse-mezo] global_step=637 active_fraction=0.000000 active_params=0/1315758080 configured_ratio=0.250000 mask_strategy=percentile_per_layer scope=trainable_only

 27%|██▋       | 638/2405 [44:11<1:58:02,  4.01s/it]2026-04-16 23:13:12,856 - INFO - [sparse-mezo] global_step=638 active_fraction=0.000000 active_params=0/1315758080 configured_ratio=0.250000 mask_strategy=percentile_per_layer scope=trainable_only

 27%|██▋       | 639/2405 [44:15<1:57:52,  4.01s/it]2026-04-16 23:13:16,854 - INFO - [sparse-mezo] global_step=639 active_fraction=0.000000 active_params=0/1315758080 configured_ratio=0.250000 mask_strategy=percentile_per_layer scope=trainable_only

 27%|██▋       | 640/2405 [44:19<1:57:40,  4.00s/it]2026-04-16 23:13:20,843 - INFO - [sparse-mezo] global_step=640 active_fraction=0.000000 active_params=0/1315758080 configured_ratio=0.250000 mask_strategy=percentile_per_layer scope=trainable_only

 27%|██▋       | 641/2405 [44:23<1:57:30,  4.00s/it]2026-04-16 23:13:24,847 - INFO - [sparse-mezo] global_step=641 active_fraction=0.000000 active_params=0/1315758080 configured_ratio=0.250000 mask_strategy=percentile_per_layer scope=trainable_only

 27%|██▋       | 642/2405 [44:27<1:57:27,  4.00s/it]2026-04-16 23:13:28,832 - INFO - [sparse-mezo] global_step=642 active_fraction=0.000000 active_params=0/1315758080 configured_ratio=0.250000 mask_strategy=percentile_per_layer scope=trainable_only

 27%|██▋       | 643/2405 [44:31<1:57:19,  4.00s/it]2026-04-16 23:13:32,819 - INFO - [sparse-mezo] global_step=643 active_fraction=0.000000 active_params=0/1315758080 configured_ratio=0.250000 mask_strategy=percentile_per_layer scope=trainable_only

 27%|██▋       | 644/2405 [44:35<1:57:11,  3.99s/it]2026-04-16 23:13:36,828 - INFO - [sparse-mezo] global_step=644 active_fraction=0.000000 active_params=0/1315758080 configured_ratio=0.250000 mask_strategy=percentile_per_layer scope=trainable_only

 27%|██▋       | 645/2405 [44:39<1:57:15,  4.00s/it]2026-04-16 23:13:40,833 - INFO - [sparse-mezo] global_step=645 active_fraction=0.000000 active_params=0/1315758080 configured_ratio=0.250000 mask_strategy=percentile_per_layer scope=trainable_only

 27%|██▋       | 646/2405 [44:43<1:57:28,  4.01s/it]2026-04-16 23:13:44,847 - INFO - [sparse-mezo] global_step=646 active_fraction=0.000000 active_params=0/1315758080 configured_ratio=0.250000 mask_strategy=percentile_per_layer scope=trainable_only

 27%|██▋       | 647/2405 [44:47<1:57:12,  4.00s/it]2026-04-16 23:13:48,830 - INFO - [sparse-mezo] global_step=647 active_fraction=0.000000 active_params=0/1315758080 configured_ratio=0.250000 mask_strategy=percentile_per_layer scope=trainable_only

 27%|██▋       | 648/2405 [44:51<1:56:59,  4.00s/it]2026-04-16 23:13:52,815 - INFO - [sparse-mezo] global_step=648 active_fraction=0.000000 active_params=0/1315758080 configured_ratio=0.250000 mask_strategy=percentile_per_layer scope=trainable_only

 27%|██▋       | 649/2405 [44:55<1:56:52,  3.99s/it]2026-04-16 23:13:56,823 - INFO - [sparse-mezo] global_step=649 active_fraction=0.000000 active_params=0/1315758080 configured_ratio=0.250000 mask_strategy=percentile_per_layer scope=trainable_only

 27%|██▋       | 650/2405 [44:59<1:57:00,  4.00s/it]2026-04-16 23:14:00,820 - INFO - [sparse-mezo] global_step=650 active_fraction=0.000000 active_params=0/1315758080 configured_ratio=0.250000 mask_strategy=percentile_per_layer scope=trainable_only

 27%|██▋       | 651/2405 [45:03<1:56:50,  4.00s/it]2026-04-16 23:14:04,809 - INFO - [sparse-mezo] global_step=651 active_fraction=0.000000 active_params=0/1315758080 configured_ratio=0.250000 mask_strategy=percentile_per_layer scope=trainable_only

 27%|██▋       | 652/2405 [45:07<1:56:41,  3.99s/it]2026-04-16 23:14:08,814 - INFO - [sparse-mezo] global_step=652 active_fraction=0.000000 active_params=0/1315758080 configured_ratio=0.250000 mask_strategy=percentile_per_layer scope=trainable_only

 27%|██▋       | 653/2405 [45:11<1:56:41,  4.00s/it]2026-04-16 23:14:12,818 - INFO - [sparse-mezo] global_step=653 active_fraction=0.000000 active_params=0/1315758080 configured_ratio=0.250000 mask_strategy=percentile_per_layer scope=trainable_only

 27%|██▋       | 654/2405 [45:15<1:56:41,  4.00s/it]2026-04-16 23:14:16,803 - INFO - [sparse-mezo] global_step=654 active_fraction=0.000000 active_params=0/1315758080 configured_ratio=0.250000 mask_strategy=percentile_per_layer scope=trainable_only

 27%|██▋       | 655/2405 [45:19<1:56:42,  4.00s/it]2026-04-16 23:14:20,829 - INFO - [sparse-mezo] global_step=655 active_fraction=0.000000 active_params=0/1315758080 configured_ratio=0.250000 mask_strategy=percentile_per_layer scope=trainable_only

 27%|██▋       | 656/2405 [45:23<1:56:41,  4.00s/it]2026-04-16 23:14:24,836 - INFO - [sparse-mezo] global_step=656 active_fraction=0.000000 active_params=0/1315758080 configured_ratio=0.250000 mask_strategy=percentile_per_layer scope=trainable_only

 27%|██▋       | 657/2405 [45:27<1:56:44,  4.01s/it]2026-04-16 23:14:28,852 - INFO - [sparse-mezo] global_step=657 active_fraction=0.000000 active_params=0/1315758080 configured_ratio=0.250000 mask_strategy=percentile_per_layer scope=trainable_only

 27%|██▋       | 658/2405 [45:31<1:56:40,  4.01s/it]2026-04-16 23:14:32,859 - INFO - [sparse-mezo] global_step=658 active_fraction=0.000000 active_params=0/1315758080 configured_ratio=0.250000 mask_strategy=percentile_per_layer scope=trainable_only

 27%|██▋       | 659/2405 [45:35<1:56:40,  4.01s/it]2026-04-16 23:14:36,858 - INFO - [sparse-mezo] global_step=659 active_fraction=0.000000 active_params=0/1315758080 configured_ratio=0.250000 mask_strategy=percentile_per_layer scope=trainable_only

 27%|██▋       | 660/2405 [45:39<1:56:31,  4.01s/it]2026-04-16 23:14:40,858 - INFO - [sparse-mezo] global_step=660 active_fraction=0.000000 active_params=0/1315758080 configured_ratio=0.250000 mask_strategy=percentile_per_layer scope=trainable_only

 27%|██▋       | 661/2405 [45:43<1:56:18,  4.00s/it]2026-04-16 23:14:44,846 - INFO - [sparse-mezo] global_step=661 active_fraction=0.000000 active_params=0/1315758080 configured_ratio=0.250000 mask_strategy=percentile_per_layer scope=trainable_only

 28%|██▊       | 662/2405 [45:47<1:56:08,  4.00s/it]2026-04-16 23:14:48,833 - INFO - [sparse-mezo] global_step=662 active_fraction=0.000000 active_params=0/1315758080 configured_ratio=0.250000 mask_strategy=percentile_per_layer scope=trainable_only

 28%|██▊       | 663/2405 [45:51<1:55:58,  3.99s/it]2026-04-16 23:14:52,842 - INFO - [sparse-mezo] global_step=663 active_fraction=0.000000 active_params=0/1315758080 configured_ratio=0.250000 mask_strategy=percentile_per_layer scope=trainable_only

 28%|██▊       | 664/2405 [45:55<1:55:59,  4.00s/it]2026-04-16 23:14:56,846 - INFO - [sparse-mezo] global_step=664 active_fraction=0.000000 active_params=0/1315758080 configured_ratio=0.250000 mask_strategy=percentile_per_layer scope=trainable_only

 28%|██▊       | 665/2405 [45:59<1:56:05,  4.00s/it]2026-04-16 23:15:00,862 - INFO - [sparse-mezo] global_step=665 active_fraction=0.000000 active_params=0/1315758080 configured_ratio=0.250000 mask_strategy=percentile_per_layer scope=trainable_only

 28%|██▊       | 666/2405 [46:03<1:56:16,  4.01s/it]2026-04-16 23:15:04,892 - INFO - [sparse-mezo] global_step=666 active_fraction=0.000000 active_params=0/1315758080 configured_ratio=0.250000 mask_strategy=percentile_per_layer scope=trainable_only

 28%|██▊       | 667/2405 [46:08<1:56:10,  4.01s/it]2026-04-16 23:15:08,883 - INFO - [sparse-mezo] global_step=667 active_fraction=0.000000 active_params=0/1315758080 configured_ratio=0.250000 mask_strategy=percentile_per_layer scope=trainable_only

 28%|██▊       | 668/2405 [46:11<1:55:55,  4.00s/it]2026-04-16 23:15:12,891 - INFO - [sparse-mezo] global_step=668 active_fraction=0.000000 active_params=0/1315758080 configured_ratio=0.250000 mask_strategy=percentile_per_layer scope=trainable_only

 28%|██▊       | 669/2405 [46:16<1:55:57,  4.01s/it]2026-04-16 23:15:16,905 - INFO - [sparse-mezo] global_step=669 active_fraction=0.000000 active_params=0/1315758080 configured_ratio=0.250000 mask_strategy=percentile_per_layer scope=trainable_only

 28%|██▊       | 670/2405 [46:20<1:56:02,  4.01s/it]2026-04-16 23:15:20,932 - INFO - [sparse-mezo] global_step=670 active_fraction=0.000000 active_params=0/1315758080 configured_ratio=0.250000 mask_strategy=percentile_per_layer scope=trainable_only

 28%|██▊       | 671/2405 [46:24<1:55:55,  4.01s/it]2026-04-16 23:15:24,920 - INFO - [sparse-mezo] global_step=671 active_fraction=0.000000 active_params=0/1315758080 configured_ratio=0.250000 mask_strategy=percentile_per_layer scope=trainable_only

 28%|██▊       | 672/2405 [46:28<1:55:39,  4.00s/it]2026-04-16 23:15:28,909 - INFO - [sparse-mezo] global_step=672 active_fraction=0.000000 active_params=0/1315758080 configured_ratio=0.250000 mask_strategy=percentile_per_layer scope=trainable_only

 28%|██▊       | 673/2405 [46:32<1:55:20,  4.00s/it]2026-04-16 23:15:32,884 - INFO - [sparse-mezo] global_step=673 active_fraction=0.000000 active_params=0/1315758080 configured_ratio=0.250000 mask_strategy=percentile_per_layer scope=trainable_only

 28%|██▊       | 674/2405 [46:35<1:55:12,  3.99s/it]2026-04-16 23:15:36,891 - INFO - [sparse-mezo] global_step=674 active_fraction=0.000000 active_params=0/1315758080 configured_ratio=0.250000 mask_strategy=percentile_per_layer scope=trainable_only

 28%|██▊       | 675/2405 [46:39<1:55:13,  4.00s/it]2026-04-16 23:15:40,876 - INFO - [sparse-mezo] global_step=675 active_fraction=0.000000 active_params=0/1315758080 configured_ratio=0.250000 mask_strategy=percentile_per_layer scope=trainable_only

 28%|██▊       | 676/2405 [46:43<1:55:10,  4.00s/it]2026-04-16 23:15:44,892 - INFO - [sparse-mezo] global_step=676 active_fraction=0.000000 active_params=0/1315758080 configured_ratio=0.250000 mask_strategy=percentile_per_layer scope=trainable_only

 28%|██▊       | 677/2405 [46:48<1:55:11,  4.00s/it]2026-04-16 23:15:48,897 - INFO - [sparse-mezo] global_step=677 active_fraction=0.000000 active_params=0/1315758080 configured_ratio=0.250000 mask_strategy=percentile_per_layer scope=trainable_only

 28%|██▊       | 678/2405 [46:52<1:55:22,  4.01s/it]2026-04-16 23:15:52,931 - INFO - [sparse-mezo] global_step=678 active_fraction=0.000000 active_params=0/1315758080 configured_ratio=0.250000 mask_strategy=percentile_per_layer scope=trainable_only

 28%|██▊       | 679/2405 [46:56<1:55:31,  4.02s/it]2026-04-16 23:15:56,945 - INFO - [sparse-mezo] global_step=679 active_fraction=0.000000 active_params=0/1315758080 configured_ratio=0.250000 mask_strategy=percentile_per_layer scope=trainable_only

 28%|██▊       | 680/2405 [47:00<1:55:24,  4.01s/it]2026-04-16 23:16:00,973 - INFO - [sparse-mezo] global_step=680 active_fraction=0.000000 active_params=0/1315758080 configured_ratio=0.250000 mask_strategy=percentile_per_layer scope=trainable_only

 28%|██▊       | 681/2405 [47:04<1:55:22,  4.02s/it]2026-04-16 23:16:04,972 - INFO - [sparse-mezo] global_step=681 active_fraction=0.000000 active_params=0/1315758080 configured_ratio=0.250000 mask_strategy=percentile_per_layer scope=trainable_only

 28%|██▊       | 682/2405 [47:08<1:55:17,  4.01s/it]2026-04-16 23:16:09,003 - INFO - [sparse-mezo] global_step=682 active_fraction=0.000000 active_params=0/1315758080 configured_ratio=0.250000 mask_strategy=percentile_per_layer scope=trainable_only

 28%|██▊       | 683/2405 [47:12<1:55:07,  4.01s/it]2026-04-16 23:16:13,004 - INFO - [sparse-mezo] global_step=683 active_fraction=0.000000 active_params=0/1315758080 configured_ratio=0.250000 mask_strategy=percentile_per_layer scope=trainable_only

 28%|██▊       | 684/2405 [47:16<1:55:05,  4.01s/it]2026-04-16 23:16:17,004 - INFO - [sparse-mezo] global_step=684 active_fraction=0.000000 active_params=0/1315758080 configured_ratio=0.250000 mask_strategy=percentile_per_layer scope=trainable_only

 28%|██▊       | 685/2405 [47:20<1:54:47,  4.00s/it]2026-04-16 23:16:20,989 - INFO - [sparse-mezo] global_step=685 active_fraction=0.000000 active_params=0/1315758080 configured_ratio=0.250000 mask_strategy=percentile_per_layer scope=trainable_only

 29%|██▊       | 686/2405 [47:24<1:54:40,  4.00s/it]2026-04-16 23:16:24,989 - INFO - [sparse-mezo] global_step=686 active_fraction=0.000000 active_params=0/1315758080 configured_ratio=0.250000 mask_strategy=percentile_per_layer scope=trainable_only

 29%|██▊       | 687/2405 [47:28<1:54:35,  4.00s/it]2026-04-16 23:16:28,987 - INFO - [sparse-mezo] global_step=687 active_fraction=0.000000 active_params=0/1315758080 configured_ratio=0.250000 mask_strategy=percentile_per_layer scope=trainable_only

 29%|██▊       | 688/2405 [47:32<1:54:29,  4.00s/it]2026-04-16 23:16:32,986 - INFO - [sparse-mezo] global_step=688 active_fraction=0.000000 active_params=0/1315758080 configured_ratio=0.250000 mask_strategy=percentile_per_layer scope=trainable_only

 29%|██▊       | 689/2405 [47:36<1:54:23,  4.00s/it]2026-04-16 23:16:37,000 - INFO - [sparse-mezo] global_step=689 active_fraction=0.000000 active_params=0/1315758080 configured_ratio=0.250000 mask_strategy=percentile_per_layer scope=trainable_only

 29%|██▊       | 690/2405 [47:40<1:54:24,  4.00s/it]2026-04-16 23:16:41,011 - INFO - [sparse-mezo] global_step=690 active_fraction=0.000000 active_params=0/1315758080 configured_ratio=0.250000 mask_strategy=percentile_per_layer scope=trainable_only

 29%|██▊       | 691/2405 [47:44<1:54:28,  4.01s/it]2026-04-16 23:16:45,026 - INFO - [sparse-mezo] global_step=691 active_fraction=0.000000 active_params=0/1315758080 configured_ratio=0.250000 mask_strategy=percentile_per_layer scope=trainable_only

 29%|██▉       | 692/2405 [47:48<1:54:23,  4.01s/it]2026-04-16 23:16:49,032 - INFO - [sparse-mezo] global_step=692 active_fraction=0.000000 active_params=0/1315758080 configured_ratio=0.250000 mask_strategy=percentile_per_layer scope=trainable_only

 29%|██▉       | 693/2405 [47:52<1:54:23,  4.01s/it]2026-04-16 23:16:53,048 - INFO - [sparse-mezo] global_step=693 active_fraction=0.000000 active_params=0/1315758080 configured_ratio=0.250000 mask_strategy=percentile_per_layer scope=trainable_only

 29%|██▉       | 694/2405 [47:56<1:54:15,  4.01s/it]2026-04-16 23:16:57,031 - INFO - [sparse-mezo] global_step=694 active_fraction=0.000000 active_params=0/1315758080 configured_ratio=0.250000 mask_strategy=percentile_per_layer scope=trainable_only

 29%|██▉       | 695/2405 [48:00<1:54:06,  4.00s/it]2026-04-16 23:17:01,047 - INFO - [sparse-mezo] global_step=695 active_fraction=0.000000 active_params=0/1315758080 configured_ratio=0.250000 mask_strategy=percentile_per_layer scope=trainable_only

 29%|██▉       | 696/2405 [48:04<1:54:04,  4.01s/it]2026-04-16 23:17:05,055 - INFO - [sparse-mezo] global_step=696 active_fraction=0.000000 active_params=0/1315758080 configured_ratio=0.250000 mask_strategy=percentile_per_layer scope=trainable_only

 29%|██▉       | 697/2405 [48:08<1:54:06,  4.01s/it]2026-04-16 23:17:09,069 - INFO - [sparse-mezo] global_step=697 active_fraction=0.000000 active_params=0/1315758080 configured_ratio=0.250000 mask_strategy=percentile_per_layer scope=trainable_only

 29%|██▉       | 698/2405 [48:12<1:54:00,  4.01s/it]2026-04-16 23:17:13,060 - INFO - [sparse-mezo] global_step=698 active_fraction=0.000000 active_params=0/1315758080 configured_ratio=0.250000 mask_strategy=percentile_per_layer scope=trainable_only

 29%|██▉       | 699/2405 [48:16<1:53:48,  4.00s/it]2026-04-16 23:17:17,051 - INFO - [sparse-mezo] global_step=699 active_fraction=0.000000 active_params=0/1315758080 configured_ratio=0.250000 mask_strategy=percentile_per_layer scope=trainable_only

 29%|██▉       | 700/2405 [48:20<1:53:38,  4.00s/it]2026-04-16 23:17:21,041 - INFO - [sparse-mezo] global_step=700 active_fraction=0.000000 active_params=0/1315758080 configured_ratio=0.250000 mask_strategy=percentile_per_layer scope=trainable_only
2026-04-16 23:17:24,628 - WARNING - [zo_probe] step=700: no finite probe pairs; skipping row.

 29%|██▉       | 701/2405 [48:27<2:24:02,  5.07s/it]2026-04-16 23:17:28,633 - INFO - [sparse-mezo] global_step=701 active_fraction=0.000000 active_params=0/1315758080 configured_ratio=0.250000 mask_strategy=percentile_per_layer scope=trainable_only

 29%|██▉       | 702/2405 [48:31<2:14:57,  4.76s/it]2026-04-16 23:17:32,653 - INFO - [sparse-mezo] global_step=702 active_fraction=0.000000 active_params=0/1315758080 configured_ratio=0.250000 mask_strategy=percentile_per_layer scope=trainable_only

 29%|██▉       | 703/2405 [48:35<2:08:37,  4.53s/it]2026-04-16 23:17:36,653 - INFO - [sparse-mezo] global_step=703 active_fraction=0.000000 active_params=0/1315758080 configured_ratio=0.250000 mask_strategy=percentile_per_layer scope=trainable_only

 29%|██▉       | 704/2405 [48:39<2:04:00,  4.37s/it]2026-04-16 23:17:40,654 - INFO - [sparse-mezo] global_step=704 active_fraction=0.000000 active_params=0/1315758080 configured_ratio=0.250000 mask_strategy=percentile_per_layer scope=trainable_only

 29%|██▉       | 705/2405 [48:43<2:00:45,  4.26s/it]2026-04-16 23:17:44,655 - INFO - [sparse-mezo] global_step=705 active_fraction=0.000000 active_params=0/1315758080 configured_ratio=0.250000 mask_strategy=percentile_per_layer scope=trainable_only

 29%|██▉       | 706/2405 [48:47<1:58:28,  4.18s/it]2026-04-16 23:17:48,655 - INFO - [sparse-mezo] global_step=706 active_fraction=0.000000 active_params=0/1315758080 configured_ratio=0.250000 mask_strategy=percentile_per_layer scope=trainable_only

 29%|██▉       | 707/2405 [48:51<1:56:46,  4.13s/it]2026-04-16 23:17:52,644 - INFO - [sparse-mezo] global_step=707 active_fraction=0.000000 active_params=0/1315758080 configured_ratio=0.250000 mask_strategy=percentile_per_layer scope=trainable_only

 29%|██▉       | 708/2405 [48:55<1:55:36,  4.09s/it]2026-04-16 23:17:56,645 - INFO - [sparse-mezo] global_step=708 active_fraction=0.000000 active_params=0/1315758080 configured_ratio=0.250000 mask_strategy=percentile_per_layer scope=trainable_only

 29%|██▉       | 709/2405 [48:59<1:54:41,  4.06s/it]2026-04-16 23:18:00,629 - INFO - [sparse-mezo] global_step=709 active_fraction=0.000000 active_params=0/1315758080 configured_ratio=0.250000 mask_strategy=percentile_per_layer scope=trainable_only

 30%|██▉       | 710/2405 [49:03<1:54:07,  4.04s/it]2026-04-16 23:18:04,628 - INFO - [sparse-mezo] global_step=710 active_fraction=0.000000 active_params=0/1315758080 configured_ratio=0.250000 mask_strategy=percentile_per_layer scope=trainable_only

 30%|██▉       | 711/2405 [49:07<1:53:42,  4.03s/it]2026-04-16 23:18:08,643 - INFO - [sparse-mezo] global_step=711 active_fraction=0.000000 active_params=0/1315758080 configured_ratio=0.250000 mask_strategy=percentile_per_layer scope=trainable_only

 30%|██▉       | 712/2405 [49:11<1:53:25,  4.02s/it]2026-04-16 23:18:12,647 - INFO - [sparse-mezo] global_step=712 active_fraction=0.000000 active_params=0/1315758080 configured_ratio=0.250000 mask_strategy=percentile_per_layer scope=trainable_only

 30%|██▉       | 713/2405 [49:15<1:53:13,  4.01s/it]2026-04-16 23:18:16,634 - INFO - [sparse-mezo] global_step=713 active_fraction=0.000000 active_params=0/1315758080 configured_ratio=0.250000 mask_strategy=percentile_per_layer scope=trainable_only

 30%|██▉       | 714/2405 [49:19<1:53:06,  4.01s/it]2026-04-16 23:18:20,642 - INFO - [sparse-mezo] global_step=714 active_fraction=0.000000 active_params=0/1315758080 configured_ratio=0.250000 mask_strategy=percentile_per_layer scope=trainable_only

 30%|██▉       | 715/2405 [49:23<1:52:57,  4.01s/it]2026-04-16 23:18:24,667 - INFO - [sparse-mezo] global_step=715 active_fraction=0.000000 active_params=0/1315758080 configured_ratio=0.250000 mask_strategy=percentile_per_layer scope=trainable_only

 30%|██▉       | 716/2405 [49:27<1:52:55,  4.01s/it]2026-04-16 23:18:28,658 - INFO - [sparse-mezo] global_step=716 active_fraction=0.000000 active_params=0/1315758080 configured_ratio=0.250000 mask_strategy=percentile_per_layer scope=trainable_only

 30%|██▉       | 717/2405 [49:31<1:52:45,  4.01s/it]2026-04-16 23:18:32,657 - INFO - [sparse-mezo] global_step=717 active_fraction=0.000000 active_params=0/1315758080 configured_ratio=0.250000 mask_strategy=percentile_per_layer scope=trainable_only

 30%|██▉       | 718/2405 [49:35<1:52:31,  4.00s/it]2026-04-16 23:18:36,647 - INFO - [sparse-mezo] global_step=718 active_fraction=0.000000 active_params=0/1315758080 configured_ratio=0.250000 mask_strategy=percentile_per_layer scope=trainable_only

 30%|██▉       | 719/2405 [49:39<1:52:18,  4.00s/it]2026-04-16 23:18:40,632 - INFO - [sparse-mezo] global_step=719 active_fraction=0.000000 active_params=0/1315758080 configured_ratio=0.250000 mask_strategy=percentile_per_layer scope=trainable_only

 30%|██▉       | 720/2405 [49:43<1:52:20,  4.00s/it]2026-04-16 23:18:44,640 - INFO - [sparse-mezo] global_step=720 active_fraction=0.000000 active_params=0/1315758080 configured_ratio=0.250000 mask_strategy=percentile_per_layer scope=trainable_only

 30%|██▉       | 721/2405 [49:47<1:52:15,  4.00s/it]2026-04-16 23:18:48,656 - INFO - [sparse-mezo] global_step=721 active_fraction=0.000000 active_params=0/1315758080 configured_ratio=0.250000 mask_strategy=percentile_per_layer scope=trainable_only

 30%|███       | 722/2405 [49:51<1:52:15,  4.00s/it]2026-04-16 23:18:52,648 - INFO - [sparse-mezo] global_step=722 active_fraction=0.000000 active_params=0/1315758080 configured_ratio=0.250000 mask_strategy=percentile_per_layer scope=trainable_only

 30%|███       | 723/2405 [49:55<1:52:10,  4.00s/it]2026-04-16 23:18:56,646 - INFO - [sparse-mezo] global_step=723 active_fraction=0.000000 active_params=0/1315758080 configured_ratio=0.250000 mask_strategy=percentile_per_layer scope=trainable_only

 30%|███       | 724/2405 [49:59<1:52:09,  4.00s/it]2026-04-16 23:19:00,654 - INFO - [sparse-mezo] global_step=724 active_fraction=0.000000 active_params=0/1315758080 configured_ratio=0.250000 mask_strategy=percentile_per_layer scope=trainable_only

 30%|███       | 725/2405 [50:03<1:52:02,  4.00s/it]2026-04-16 23:19:04,668 - INFO - [sparse-mezo] global_step=725 active_fraction=0.000000 active_params=0/1315758080 configured_ratio=0.250000 mask_strategy=percentile_per_layer scope=trainable_only

 30%|███       | 726/2405 [50:07<1:52:00,  4.00s/it]2026-04-16 23:19:08,660 - INFO - [sparse-mezo] global_step=726 active_fraction=0.000000 active_params=0/1315758080 configured_ratio=0.250000 mask_strategy=percentile_per_layer scope=trainable_only

 30%|███       | 727/2405 [50:11<1:51:51,  4.00s/it]2026-04-16 23:19:12,649 - INFO - [sparse-mezo] global_step=727 active_fraction=0.000000 active_params=0/1315758080 configured_ratio=0.250000 mask_strategy=percentile_per_layer scope=trainable_only

 30%|███       | 728/2405 [50:15<1:51:51,  4.00s/it]2026-04-16 23:19:16,655 - INFO - [sparse-mezo] global_step=728 active_fraction=0.000000 active_params=0/1315758080 configured_ratio=0.250000 mask_strategy=percentile_per_layer scope=trainable_only

 30%|███       | 729/2405 [50:19<1:51:39,  4.00s/it]2026-04-16 23:19:20,664 - INFO - [sparse-mezo] global_step=729 active_fraction=0.000000 active_params=0/1315758080 configured_ratio=0.250000 mask_strategy=percentile_per_layer scope=trainable_only

 30%|███       | 730/2405 [50:23<1:51:39,  4.00s/it]2026-04-16 23:19:24,648 - INFO - [sparse-mezo] global_step=730 active_fraction=0.000000 active_params=0/1315758080 configured_ratio=0.250000 mask_strategy=percentile_per_layer scope=trainable_only

 30%|███       | 731/2405 [50:27<1:51:30,  4.00s/it]2026-04-16 23:19:28,638 - INFO - [sparse-mezo] global_step=731 active_fraction=0.000000 active_params=0/1315758080 configured_ratio=0.250000 mask_strategy=percentile_per_layer scope=trainable_only

 30%|███       | 732/2405 [50:31<1:51:26,  4.00s/it]2026-04-16 23:19:32,652 - INFO - [sparse-mezo] global_step=732 active_fraction=0.000000 active_params=0/1315758080 configured_ratio=0.250000 mask_strategy=percentile_per_layer scope=trainable_only

 30%|███       | 733/2405 [50:35<1:51:27,  4.00s/it]2026-04-16 23:19:36,641 - INFO - [sparse-mezo] global_step=733 active_fraction=0.000000 active_params=0/1315758080 configured_ratio=0.250000 mask_strategy=percentile_per_layer scope=trainable_only

 31%|███       | 734/2405 [50:39<1:51:17,  4.00s/it]2026-04-16 23:19:40,647 - INFO - [sparse-mezo] global_step=734 active_fraction=0.000000 active_params=0/1315758080 configured_ratio=0.250000 mask_strategy=percentile_per_layer scope=trainable_only

 31%|███       | 735/2405 [50:43<1:51:19,  4.00s/it]2026-04-16 23:19:44,636 - INFO - [sparse-mezo] global_step=735 active_fraction=0.000000 active_params=0/1315758080 configured_ratio=0.250000 mask_strategy=percentile_per_layer scope=trainable_only

 31%|███       | 736/2405 [50:47<1:51:09,  4.00s/it]2026-04-16 23:19:48,627 - INFO - [sparse-mezo] global_step=736 active_fraction=0.000000 active_params=0/1315758080 configured_ratio=0.250000 mask_strategy=percentile_per_layer scope=trainable_only

 31%|███       | 737/2405 [50:51<1:51:02,  3.99s/it]2026-04-16 23:19:52,633 - INFO - [sparse-mezo] global_step=737 active_fraction=0.000000 active_params=0/1315758080 configured_ratio=0.250000 mask_strategy=percentile_per_layer scope=trainable_only

 31%|███       | 738/2405 [50:55<1:51:04,  4.00s/it]2026-04-16 23:19:56,623 - INFO - [sparse-mezo] global_step=738 active_fraction=0.000000 active_params=0/1315758080 configured_ratio=0.250000 mask_strategy=percentile_per_layer scope=trainable_only

 31%|███       | 739/2405 [50:59<1:50:56,  4.00s/it]2026-04-16 23:20:00,630 - INFO - [sparse-mezo] global_step=739 active_fraction=0.000000 active_params=0/1315758080 configured_ratio=0.250000 mask_strategy=percentile_per_layer scope=trainable_only

 31%|███       | 740/2405 [51:03<1:50:58,  4.00s/it]2026-04-16 23:20:04,619 - INFO - [sparse-mezo] global_step=740 active_fraction=0.000000 active_params=0/1315758080 configured_ratio=0.250000 mask_strategy=percentile_per_layer scope=trainable_only

 31%|███       | 741/2405 [51:07<1:50:49,  4.00s/it]2026-04-16 23:20:08,609 - INFO - [sparse-mezo] global_step=741 active_fraction=0.000000 active_params=0/1315758080 configured_ratio=0.250000 mask_strategy=percentile_per_layer scope=trainable_only

 31%|███       | 742/2405 [51:11<1:50:39,  3.99s/it]2026-04-16 23:20:12,611 - INFO - [sparse-mezo] global_step=742 active_fraction=0.000000 active_params=0/1315758080 configured_ratio=0.250000 mask_strategy=percentile_per_layer scope=trainable_only

 31%|███       | 743/2405 [51:15<1:50:45,  4.00s/it]2026-04-16 23:20:16,604 - INFO - [sparse-mezo] global_step=743 active_fraction=0.000000 active_params=0/1315758080 configured_ratio=0.250000 mask_strategy=percentile_per_layer scope=trainable_only

 31%|███       | 744/2405 [51:19<1:50:38,  4.00s/it]2026-04-16 23:20:20,616 - INFO - [sparse-mezo] global_step=744 active_fraction=0.000000 active_params=0/1315758080 configured_ratio=0.250000 mask_strategy=percentile_per_layer scope=trainable_only

 31%|███       | 745/2405 [51:23<1:50:39,  4.00s/it]2026-04-16 23:20:24,604 - INFO - [sparse-mezo] global_step=745 active_fraction=0.000000 active_params=0/1315758080 configured_ratio=0.250000 mask_strategy=percentile_per_layer scope=trainable_only

 31%|███       | 746/2405 [51:27<1:50:30,  4.00s/it]2026-04-16 23:20:28,613 - INFO - [sparse-mezo] global_step=746 active_fraction=0.000000 active_params=0/1315758080 configured_ratio=0.250000 mask_strategy=percentile_per_layer scope=trainable_only

 31%|███       | 747/2405 [51:31<1:50:32,  4.00s/it]2026-04-16 23:20:32,621 - INFO - [sparse-mezo] global_step=747 active_fraction=0.000000 active_params=0/1315758080 configured_ratio=0.250000 mask_strategy=percentile_per_layer scope=trainable_only

 31%|███       | 748/2405 [51:35<1:50:36,  4.00s/it]2026-04-16 23:20:36,635 - INFO - [sparse-mezo] global_step=748 active_fraction=0.000000 active_params=0/1315758080 configured_ratio=0.250000 mask_strategy=percentile_per_layer scope=trainable_only

 31%|███       | 749/2405 [51:39<1:50:32,  4.00s/it]2026-04-16 23:20:40,625 - INFO - [sparse-mezo] global_step=749 active_fraction=0.000000 active_params=0/1315758080 configured_ratio=0.250000 mask_strategy=percentile_per_layer scope=trainable_only

 31%|███       | 750/2405 [51:43<1:50:20,  4.00s/it]2026-04-16 23:20:44,613 - INFO - [sparse-mezo] global_step=750 active_fraction=0.000000 active_params=0/1315758080 configured_ratio=0.250000 mask_strategy=percentile_per_layer scope=trainable_only

 31%|███       | 751/2405 [51:47<1:50:15,  4.00s/it]2026-04-16 23:20:48,630 - INFO - [sparse-mezo] global_step=751 active_fraction=0.000000 active_params=0/1315758080 configured_ratio=0.250000 mask_strategy=percentile_per_layer scope=trainable_only

 31%|███▏      | 752/2405 [51:51<1:50:12,  4.00s/it]2026-04-16 23:20:52,614 - INFO - [sparse-mezo] global_step=752 active_fraction=0.000000 active_params=0/1315758080 configured_ratio=0.250000 mask_strategy=percentile_per_layer scope=trainable_only

 31%|███▏      | 753/2405 [51:55<1:50:07,  4.00s/it]2026-04-16 23:20:56,613 - INFO - [sparse-mezo] global_step=753 active_fraction=0.000000 active_params=0/1315758080 configured_ratio=0.250000 mask_strategy=percentile_per_layer scope=trainable_only

 31%|███▏      | 754/2405 [51:59<1:49:56,  4.00s/it]2026-04-16 23:21:00,615 - INFO - [sparse-mezo] global_step=754 active_fraction=0.000000 active_params=0/1315758080 configured_ratio=0.250000 mask_strategy=percentile_per_layer scope=trainable_only

 31%|███▏      | 755/2405 [52:03<1:50:07,  4.00s/it]2026-04-16 23:21:04,624 - INFO - [sparse-mezo] global_step=755 active_fraction=0.000000 active_params=0/1315758080 configured_ratio=0.250000 mask_strategy=percentile_per_layer scope=trainable_only

 31%|███▏      | 756/2405 [52:07<1:49:56,  4.00s/it]2026-04-16 23:21:08,615 - INFO - [sparse-mezo] global_step=756 active_fraction=0.000000 active_params=0/1315758080 configured_ratio=0.250000 mask_strategy=percentile_per_layer scope=trainable_only

 31%|███▏      | 757/2405 [52:11<1:49:47,  4.00s/it]2026-04-16 23:21:12,603 - INFO - [sparse-mezo] global_step=757 active_fraction=0.000000 active_params=0/1315758080 configured_ratio=0.250000 mask_strategy=percentile_per_layer scope=trainable_only

 32%|███▏      | 758/2405 [52:15<1:49:43,  4.00s/it]2026-04-16 23:21:16,600 - INFO - [sparse-mezo] global_step=758 active_fraction=0.000000 active_params=0/1315758080 configured_ratio=0.250000 mask_strategy=percentile_per_layer scope=trainable_only

 32%|███▏      | 759/2405 [52:19<1:49:35,  3.99s/it]2026-04-16 23:21:20,609 - INFO - [sparse-mezo] global_step=759 active_fraction=0.000000 active_params=0/1315758080 configured_ratio=0.250000 mask_strategy=percentile_per_layer scope=trainable_only

 32%|███▏      | 760/2405 [52:23<1:49:38,  4.00s/it]2026-04-16 23:21:24,599 - INFO - [sparse-mezo] global_step=760 active_fraction=0.000000 active_params=0/1315758080 configured_ratio=0.250000 mask_strategy=percentile_per_layer scope=trainable_only

 32%|███▏      | 761/2405 [52:27<1:49:34,  4.00s/it]2026-04-16 23:21:28,616 - INFO - [sparse-mezo] global_step=761 active_fraction=0.000000 active_params=0/1315758080 configured_ratio=0.250000 mask_strategy=percentile_per_layer scope=trainable_only

 32%|███▏      | 762/2405 [52:31<1:49:38,  4.00s/it]2026-04-16 23:21:32,634 - INFO - [sparse-mezo] global_step=762 active_fraction=0.000000 active_params=0/1315758080 configured_ratio=0.250000 mask_strategy=percentile_per_layer scope=trainable_only

 32%|███▏      | 763/2405 [52:35<1:49:42,  4.01s/it]2026-04-16 23:21:36,651 - INFO - [sparse-mezo] global_step=763 active_fraction=0.000000 active_params=0/1315758080 configured_ratio=0.250000 mask_strategy=percentile_per_layer scope=trainable_only

 32%|███▏      | 764/2405 [52:39<1:49:41,  4.01s/it]2026-04-16 23:21:40,648 - INFO - [sparse-mezo] global_step=764 active_fraction=0.000000 active_params=0/1315758080 configured_ratio=0.250000 mask_strategy=percentile_per_layer scope=trainable_only

 32%|███▏      | 765/2405 [52:43<1:49:31,  4.01s/it]2026-04-16 23:21:44,652 - INFO - [sparse-mezo] global_step=765 active_fraction=0.000000 active_params=0/1315758080 configured_ratio=0.250000 mask_strategy=percentile_per_layer scope=trainable_only

 32%|███▏      | 766/2405 [52:47<1:49:22,  4.00s/it]2026-04-16 23:21:48,646 - INFO - [sparse-mezo] global_step=766 active_fraction=0.000000 active_params=0/1315758080 configured_ratio=0.250000 mask_strategy=percentile_per_layer scope=trainable_only

 32%|███▏      | 767/2405 [52:51<1:49:13,  4.00s/it]2026-04-16 23:21:52,638 - INFO - [sparse-mezo] global_step=767 active_fraction=0.000000 active_params=0/1315758080 configured_ratio=0.250000 mask_strategy=percentile_per_layer scope=trainable_only

 32%|███▏      | 768/2405 [52:55<1:49:08,  4.00s/it]2026-04-16 23:21:56,655 - INFO - [sparse-mezo] global_step=768 active_fraction=0.000000 active_params=0/1315758080 configured_ratio=0.250000 mask_strategy=percentile_per_layer scope=trainable_only

 32%|███▏      | 769/2405 [52:59<1:49:13,  4.01s/it]2026-04-16 23:22:00,673 - INFO - [sparse-mezo] global_step=769 active_fraction=0.000000 active_params=0/1315758080 configured_ratio=0.250000 mask_strategy=percentile_per_layer scope=trainable_only

 32%|███▏      | 770/2405 [53:03<1:49:14,  4.01s/it]2026-04-16 23:22:04,690 - INFO - [sparse-mezo] global_step=770 active_fraction=0.000000 active_params=0/1315758080 configured_ratio=0.250000 mask_strategy=percentile_per_layer scope=trainable_only

 32%|███▏      | 771/2405 [53:07<1:49:19,  4.01s/it]2026-04-16 23:22:08,718 - INFO - [sparse-mezo] global_step=771 active_fraction=0.000000 active_params=0/1315758080 configured_ratio=0.250000 mask_strategy=percentile_per_layer scope=trainable_only

 32%|███▏      | 772/2405 [53:11<1:49:12,  4.01s/it]2026-04-16 23:22:12,724 - INFO - [sparse-mezo] global_step=772 active_fraction=0.000000 active_params=0/1315758080 configured_ratio=0.250000 mask_strategy=percentile_per_layer scope=trainable_only

 32%|███▏      | 773/2405 [53:15<1:49:05,  4.01s/it]2026-04-16 23:22:16,731 - INFO - [sparse-mezo] global_step=773 active_fraction=0.000000 active_params=0/1315758080 configured_ratio=0.250000 mask_strategy=percentile_per_layer scope=trainable_only

 32%|███▏      | 774/2405 [53:19<1:48:59,  4.01s/it]2026-04-16 23:22:20,719 - INFO - [sparse-mezo] global_step=774 active_fraction=0.000000 active_params=0/1315758080 configured_ratio=0.250000 mask_strategy=percentile_per_layer scope=trainable_only

 32%|███▏      | 775/2405 [53:23<1:48:49,  4.01s/it]2026-04-16 23:22:24,734 - INFO - [sparse-mezo] global_step=775 active_fraction=0.000000 active_params=0/1315758080 configured_ratio=0.250000 mask_strategy=percentile_per_layer scope=trainable_only

 32%|███▏      | 776/2405 [53:27<1:48:50,  4.01s/it]2026-04-16 23:22:28,750 - INFO - [sparse-mezo] global_step=776 active_fraction=0.000000 active_params=0/1315758080 configured_ratio=0.250000 mask_strategy=percentile_per_layer scope=trainable_only

 32%|███▏      | 777/2405 [53:31<1:48:54,  4.01s/it]2026-04-16 23:22:32,776 - INFO - [sparse-mezo] global_step=777 active_fraction=0.000000 active_params=0/1315758080 configured_ratio=0.250000 mask_strategy=percentile_per_layer scope=trainable_only

 32%|███▏      | 778/2405 [53:35<1:48:51,  4.01s/it]2026-04-16 23:22:36,792 - INFO - [sparse-mezo] global_step=778 active_fraction=0.000000 active_params=0/1315758080 configured_ratio=0.250000 mask_strategy=percentile_per_layer scope=trainable_only

 32%|███▏      | 779/2405 [53:39<1:48:53,  4.02s/it]2026-04-16 23:22:40,800 - INFO - [sparse-mezo] global_step=779 active_fraction=0.000000 active_params=0/1315758080 configured_ratio=0.250000 mask_strategy=percentile_per_layer scope=trainable_only

 32%|███▏      | 780/2405 [53:43<1:48:35,  4.01s/it]2026-04-16 23:22:44,808 - INFO - [sparse-mezo] global_step=780 active_fraction=0.000000 active_params=0/1315758080 configured_ratio=0.250000 mask_strategy=percentile_per_layer scope=trainable_only

 32%|███▏      | 781/2405 [53:47<1:48:30,  4.01s/it]2026-04-16 23:22:48,813 - INFO - [sparse-mezo] global_step=781 active_fraction=0.000000 active_params=0/1315758080 configured_ratio=0.250000 mask_strategy=percentile_per_layer scope=trainable_only

 33%|███▎      | 782/2405 [53:51<1:48:33,  4.01s/it]2026-04-16 23:22:52,822 - INFO - [sparse-mezo] global_step=782 active_fraction=0.000000 active_params=0/1315758080 configured_ratio=0.250000 mask_strategy=percentile_per_layer scope=trainable_only

 33%|███▎      | 783/2405 [53:55<1:48:18,  4.01s/it]2026-04-16 23:22:56,827 - INFO - [sparse-mezo] global_step=783 active_fraction=0.000000 active_params=0/1315758080 configured_ratio=0.250000 mask_strategy=percentile_per_layer scope=trainable_only

 33%|███▎      | 784/2405 [53:59<1:48:13,  4.01s/it]2026-04-16 23:23:00,814 - INFO - [sparse-mezo] global_step=784 active_fraction=0.000000 active_params=0/1315758080 configured_ratio=0.250000 mask_strategy=percentile_per_layer scope=trainable_only

 33%|███▎      | 785/2405 [54:03<1:47:57,  4.00s/it]2026-04-16 23:23:04,816 - INFO - [sparse-mezo] global_step=785 active_fraction=0.000000 active_params=0/1315758080 configured_ratio=0.250000 mask_strategy=percentile_per_layer scope=trainable_only

 33%|███▎      | 786/2405 [54:07<1:47:55,  4.00s/it]2026-04-16 23:23:08,827 - INFO - [sparse-mezo] global_step=786 active_fraction=0.000000 active_params=0/1315758080 configured_ratio=0.250000 mask_strategy=percentile_per_layer scope=trainable_only

 33%|███▎      | 787/2405 [54:11<1:48:05,  4.01s/it]2026-04-16 23:23:12,849 - INFO - [sparse-mezo] global_step=787 active_fraction=0.000000 active_params=0/1315758080 configured_ratio=0.250000 mask_strategy=percentile_per_layer scope=trainable_only

 33%|███▎      | 788/2405 [54:15<1:48:13,  4.02s/it]2026-04-16 23:23:16,881 - INFO - [sparse-mezo] global_step=788 active_fraction=0.000000 active_params=0/1315758080 configured_ratio=0.250000 mask_strategy=percentile_per_layer scope=trainable_only

 33%|███▎      | 789/2405 [54:20<1:48:16,  4.02s/it]2026-04-16 23:23:20,909 - INFO - [sparse-mezo] global_step=789 active_fraction=0.000000 active_params=0/1315758080 configured_ratio=0.250000 mask_strategy=percentile_per_layer scope=trainable_only

 33%|███▎      | 790/2405 [54:24<1:48:14,  4.02s/it]2026-04-16 23:23:24,936 - INFO - [sparse-mezo] global_step=790 active_fraction=0.000000 active_params=0/1315758080 configured_ratio=0.250000 mask_strategy=percentile_per_layer scope=trainable_only

 33%|███▎      | 791/2405 [54:28<1:48:01,  4.02s/it]2026-04-16 23:23:28,938 - INFO - [sparse-mezo] global_step=791 active_fraction=0.000000 active_params=0/1315758080 configured_ratio=0.250000 mask_strategy=percentile_per_layer scope=trainable_only

 33%|███▎      | 792/2405 [54:32<1:47:57,  4.02s/it]2026-04-16 23:23:32,951 - INFO - [sparse-mezo] global_step=792 active_fraction=0.000000 active_params=0/1315758080 configured_ratio=0.250000 mask_strategy=percentile_per_layer scope=trainable_only

 33%|███▎      | 793/2405 [54:36<1:47:47,  4.01s/it]2026-04-16 23:23:36,938 - INFO - [sparse-mezo] global_step=793 active_fraction=0.000000 active_params=0/1315758080 configured_ratio=0.250000 mask_strategy=percentile_per_layer scope=trainable_only

 33%|███▎      | 794/2405 [54:40<1:47:29,  4.00s/it]2026-04-16 23:23:40,924 - INFO - [sparse-mezo] global_step=794 active_fraction=0.000000 active_params=0/1315758080 configured_ratio=0.250000 mask_strategy=percentile_per_layer scope=trainable_only

 33%|███▎      | 795/2405 [54:44<1:47:18,  4.00s/it]2026-04-16 23:23:44,931 - INFO - [sparse-mezo] global_step=795 active_fraction=0.000000 active_params=0/1315758080 configured_ratio=0.250000 mask_strategy=percentile_per_layer scope=trainable_only

 33%|███▎      | 796/2405 [54:48<1:47:19,  4.00s/it]2026-04-16 23:23:48,923 - INFO - [sparse-mezo] global_step=796 active_fraction=0.000000 active_params=0/1315758080 configured_ratio=0.250000 mask_strategy=percentile_per_layer scope=trainable_only

 33%|███▎      | 797/2405 [54:52<1:47:14,  4.00s/it]2026-04-16 23:23:52,920 - INFO - [sparse-mezo] global_step=797 active_fraction=0.000000 active_params=0/1315758080 configured_ratio=0.250000 mask_strategy=percentile_per_layer scope=trainable_only

 33%|███▎      | 798/2405 [54:56<1:47:13,  4.00s/it]2026-04-16 23:23:56,946 - INFO - [sparse-mezo] global_step=798 active_fraction=0.000000 active_params=0/1315758080 configured_ratio=0.250000 mask_strategy=percentile_per_layer scope=trainable_only

 33%|███▎      | 799/2405 [55:00<1:47:10,  4.00s/it]2026-04-16 23:24:00,951 - INFO - [sparse-mezo] global_step=799 active_fraction=0.000000 active_params=0/1315758080 configured_ratio=0.250000 mask_strategy=percentile_per_layer scope=trainable_only

 33%|███▎      | 800/2405 [55:04<1:47:07,  4.00s/it]2026-04-16 23:24:04,938 - INFO - [sparse-mezo] global_step=800 active_fraction=0.000000 active_params=0/1315758080 configured_ratio=0.250000 mask_strategy=percentile_per_layer scope=trainable_only
2026-04-16 23:24:08,316 - WARNING - [zo_probe] step=800: no finite probe pairs; skipping row.

 33%|███▎      | 801/2405 [55:11<2:13:57,  5.01s/it]2026-04-16 23:24:12,316 - INFO - [sparse-mezo] global_step=801 active_fraction=0.000000 active_params=0/1315758080 configured_ratio=0.250000 mask_strategy=percentile_per_layer scope=trainable_only

 33%|███▎      | 802/2405 [55:15<2:05:49,  4.71s/it]2026-04-16 23:24:16,306 - INFO - [sparse-mezo] global_step=802 active_fraction=0.000000 active_params=0/1315758080 configured_ratio=0.250000 mask_strategy=percentile_per_layer scope=trainable_only

 33%|███▎      | 803/2405 [55:19<1:59:56,  4.49s/it]2026-04-16 23:24:20,311 - INFO - [sparse-mezo] global_step=803 active_fraction=0.000000 active_params=0/1315758080 configured_ratio=0.250000 mask_strategy=percentile_per_layer scope=trainable_only

 33%|███▎      | 804/2405 [55:23<1:56:00,  4.35s/it]2026-04-16 23:24:24,319 - INFO - [sparse-mezo] global_step=804 active_fraction=0.000000 active_params=0/1315758080 configured_ratio=0.250000 mask_strategy=percentile_per_layer scope=trainable_only

 33%|███▎      | 805/2405 [55:27<1:53:17,  4.25s/it]2026-04-16 23:24:28,319 - INFO - [sparse-mezo] global_step=805 active_fraction=0.000000 active_params=0/1315758080 configured_ratio=0.250000 mask_strategy=percentile_per_layer scope=trainable_only

 34%|███▎      | 806/2405 [55:31<1:51:13,  4.17s/it]2026-04-16 23:24:32,316 - INFO - [sparse-mezo] global_step=806 active_fraction=0.000000 active_params=0/1315758080 configured_ratio=0.250000 mask_strategy=percentile_per_layer scope=trainable_only

 34%|███▎      | 807/2405 [55:35<1:49:44,  4.12s/it]2026-04-16 23:24:36,315 - INFO - [sparse-mezo] global_step=807 active_fraction=0.000000 active_params=0/1315758080 configured_ratio=0.250000 mask_strategy=percentile_per_layer scope=trainable_only

 34%|███▎      | 808/2405 [55:39<1:48:38,  4.08s/it]2026-04-16 23:24:40,305 - INFO - [sparse-mezo] global_step=808 active_fraction=0.000000 active_params=0/1315758080 configured_ratio=0.250000 mask_strategy=percentile_per_layer scope=trainable_only

 34%|███▎      | 809/2405 [55:43<1:47:50,  4.05s/it]2026-04-16 23:24:44,312 - INFO - [sparse-mezo] global_step=809 active_fraction=0.000000 active_params=0/1315758080 configured_ratio=0.250000 mask_strategy=percentile_per_layer scope=trainable_only

 34%|███▎      | 810/2405 [55:47<1:47:24,  4.04s/it]2026-04-16 23:24:48,304 - INFO - [sparse-mezo] global_step=810 active_fraction=0.000000 active_params=0/1315758080 configured_ratio=0.250000 mask_strategy=percentile_per_layer scope=trainable_only

 34%|███▎      | 811/2405 [55:51<1:47:05,  4.03s/it]2026-04-16 23:24:52,312 - INFO - [sparse-mezo] global_step=811 active_fraction=0.000000 active_params=0/1315758080 configured_ratio=0.250000 mask_strategy=percentile_per_layer scope=trainable_only

 34%|███▍      | 812/2405 [55:55<1:46:45,  4.02s/it]2026-04-16 23:24:56,310 - INFO - [sparse-mezo] global_step=812 active_fraction=0.000000 active_params=0/1315758080 configured_ratio=0.250000 mask_strategy=percentile_per_layer scope=trainable_only

 34%|███▍      | 813/2405 [55:59<1:46:23,  4.01s/it]2026-04-16 23:25:00,309 - INFO - [sparse-mezo] global_step=813 active_fraction=0.000000 active_params=0/1315758080 configured_ratio=0.250000 mask_strategy=percentile_per_layer scope=trainable_only

 34%|███▍      | 814/2405 [56:03<1:46:21,  4.01s/it]2026-04-16 23:25:04,323 - INFO - [sparse-mezo] global_step=814 active_fraction=0.000000 active_params=0/1315758080 configured_ratio=0.250000 mask_strategy=percentile_per_layer scope=trainable_only

 34%|███▍      | 815/2405 [56:07<1:46:12,  4.01s/it]2026-04-16 23:25:08,326 - INFO - [sparse-mezo] global_step=815 active_fraction=0.000000 active_params=0/1315758080 configured_ratio=0.250000 mask_strategy=percentile_per_layer scope=trainable_only

 34%|███▍      | 816/2405 [56:11<1:46:08,  4.01s/it]2026-04-16 23:25:12,334 - INFO - [sparse-mezo] global_step=816 active_fraction=0.000000 active_params=0/1315758080 configured_ratio=0.250000 mask_strategy=percentile_per_layer scope=trainable_only

 34%|███▍      | 817/2405 [56:15<1:46:08,  4.01s/it]2026-04-16 23:25:16,350 - INFO - [sparse-mezo] global_step=817 active_fraction=0.000000 active_params=0/1315758080 configured_ratio=0.250000 mask_strategy=percentile_per_layer scope=trainable_only

 34%|███▍      | 818/2405 [56:19<1:46:11,  4.02s/it]2026-04-16 23:25:20,374 - INFO - [sparse-mezo] global_step=818 active_fraction=0.000000 active_params=0/1315758080 configured_ratio=0.250000 mask_strategy=percentile_per_layer scope=trainable_only

 34%|███▍      | 819/2405 [56:23<1:46:09,  4.02s/it]2026-04-16 23:25:24,394 - INFO - [sparse-mezo] global_step=819 active_fraction=0.000000 active_params=0/1315758080 configured_ratio=0.250000 mask_strategy=percentile_per_layer scope=trainable_only

 34%|███▍      | 820/2405 [56:27<1:46:01,  4.01s/it]2026-04-16 23:25:28,401 - INFO - [sparse-mezo] global_step=820 active_fraction=0.000000 active_params=0/1315758080 configured_ratio=0.250000 mask_strategy=percentile_per_layer scope=trainable_only

 34%|███▍      | 821/2405 [56:31<1:45:53,  4.01s/it]2026-04-16 23:25:32,391 - INFO - [sparse-mezo] global_step=821 active_fraction=0.000000 active_params=0/1315758080 configured_ratio=0.250000 mask_strategy=percentile_per_layer scope=trainable_only

 34%|███▍      | 822/2405 [56:35<1:45:39,  4.00s/it]2026-04-16 23:25:36,379 - INFO - [sparse-mezo] global_step=822 active_fraction=0.000000 active_params=0/1315758080 configured_ratio=0.250000 mask_strategy=percentile_per_layer scope=trainable_only

 34%|███▍      | 823/2405 [56:39<1:45:32,  4.00s/it]2026-04-16 23:25:40,394 - INFO - [sparse-mezo] global_step=823 active_fraction=0.000000 active_params=0/1315758080 configured_ratio=0.250000 mask_strategy=percentile_per_layer scope=trainable_only

 34%|███▍      | 824/2405 [56:43<1:45:29,  4.00s/it]2026-04-16 23:25:44,400 - INFO - [sparse-mezo] global_step=824 active_fraction=0.000000 active_params=0/1315758080 configured_ratio=0.250000 mask_strategy=percentile_per_layer scope=trainable_only

 34%|███▍      | 825/2405 [56:47<1:45:24,  4.00s/it]2026-04-16 23:25:48,383 - INFO - [sparse-mezo] global_step=825 active_fraction=0.000000 active_params=0/1315758080 configured_ratio=0.250000 mask_strategy=percentile_per_layer scope=trainable_only

 34%|███▍      | 826/2405 [56:51<1:45:13,  4.00s/it]2026-04-16 23:25:52,388 - INFO - [sparse-mezo] global_step=826 active_fraction=0.000000 active_params=0/1315758080 configured_ratio=0.250000 mask_strategy=percentile_per_layer scope=trainable_only

 34%|███▍      | 827/2405 [56:55<1:45:10,  4.00s/it]2026-04-16 23:25:56,391 - INFO - [sparse-mezo] global_step=827 active_fraction=0.000000 active_params=0/1315758080 configured_ratio=0.250000 mask_strategy=percentile_per_layer scope=trainable_only

 34%|███▍      | 828/2405 [56:59<1:45:10,  4.00s/it]2026-04-16 23:26:00,398 - INFO - [sparse-mezo] global_step=828 active_fraction=0.000000 active_params=0/1315758080 configured_ratio=0.250000 mask_strategy=percentile_per_layer scope=trainable_only

 34%|███▍      | 829/2405 [57:03<1:45:24,  4.01s/it]2026-04-16 23:26:04,418 - INFO - [sparse-mezo] global_step=829 active_fraction=0.000000 active_params=0/1315758080 configured_ratio=0.250000 mask_strategy=percentile_per_layer scope=trainable_only

 35%|███▍      | 830/2405 [57:07<1:45:12,  4.01s/it]2026-04-16 23:26:08,416 - INFO - [sparse-mezo] global_step=830 active_fraction=0.000000 active_params=0/1315758080 configured_ratio=0.250000 mask_strategy=percentile_per_layer scope=trainable_only

 35%|███▍      | 831/2405 [57:11<1:44:57,  4.00s/it]2026-04-16 23:26:12,400 - INFO - [sparse-mezo] global_step=831 active_fraction=0.000000 active_params=0/1315758080 configured_ratio=0.250000 mask_strategy=percentile_per_layer scope=trainable_only

 35%|███▍      | 832/2405 [57:15<1:44:52,  4.00s/it]2026-04-16 23:26:16,418 - INFO - [sparse-mezo] global_step=832 active_fraction=0.000000 active_params=0/1315758080 configured_ratio=0.250000 mask_strategy=percentile_per_layer scope=trainable_only

 35%|███▍      | 833/2405 [57:19<1:44:49,  4.00s/it]2026-04-16 23:26:20,421 - INFO - [sparse-mezo] global_step=833 active_fraction=0.000000 active_params=0/1315758080 configured_ratio=0.250000 mask_strategy=percentile_per_layer scope=trainable_only

 35%|███▍      | 834/2405 [57:23<1:45:00,  4.01s/it]2026-04-16 23:26:24,450 - INFO - [sparse-mezo] global_step=834 active_fraction=0.000000 active_params=0/1315758080 configured_ratio=0.250000 mask_strategy=percentile_per_layer scope=trainable_only

 35%|███▍      | 835/2405 [57:27<1:45:05,  4.02s/it]2026-04-16 23:26:28,481 - INFO - [sparse-mezo] global_step=835 active_fraction=0.000000 active_params=0/1315758080 configured_ratio=0.250000 mask_strategy=percentile_per_layer scope=trainable_only

 35%|███▍      | 836/2405 [57:31<1:45:05,  4.02s/it]2026-04-16 23:26:32,504 - INFO - [sparse-mezo] global_step=836 active_fraction=0.000000 active_params=0/1315758080 configured_ratio=0.250000 mask_strategy=percentile_per_layer scope=trainable_only

 35%|███▍      | 837/2405 [57:35<1:44:53,  4.01s/it]2026-04-16 23:26:36,509 - INFO - [sparse-mezo] global_step=837 active_fraction=0.000000 active_params=0/1315758080 configured_ratio=0.250000 mask_strategy=percentile_per_layer scope=trainable_only

 35%|███▍      | 838/2405 [57:39<1:44:47,  4.01s/it]2026-04-16 23:26:40,499 - INFO - [sparse-mezo] global_step=838 active_fraction=0.000000 active_params=0/1315758080 configured_ratio=0.250000 mask_strategy=percentile_per_layer scope=trainable_only

 35%|███▍      | 839/2405 [57:43<1:44:36,  4.01s/it]2026-04-16 23:26:44,514 - INFO - [sparse-mezo] global_step=839 active_fraction=0.000000 active_params=0/1315758080 configured_ratio=0.250000 mask_strategy=percentile_per_layer scope=trainable_only

 35%|███▍      | 840/2405 [57:47<1:44:40,  4.01s/it]2026-04-16 23:26:48,539 - INFO - [sparse-mezo] global_step=840 active_fraction=0.000000 active_params=0/1315758080 configured_ratio=0.250000 mask_strategy=percentile_per_layer scope=trainable_only

 35%|███▍      | 841/2405 [57:51<1:44:37,  4.01s/it]2026-04-16 23:26:52,537 - INFO - [sparse-mezo] global_step=841 active_fraction=0.000000 active_params=0/1315758080 configured_ratio=0.250000 mask_strategy=percentile_per_layer scope=trainable_only

 35%|███▌      | 842/2405 [57:55<1:44:30,  4.01s/it]2026-04-16 23:26:56,562 - INFO - [sparse-mezo] global_step=842 active_fraction=0.000000 active_params=0/1315758080 configured_ratio=0.250000 mask_strategy=percentile_per_layer scope=trainable_only

 35%|███▌      | 843/2405 [57:59<1:44:28,  4.01s/it]2026-04-16 23:27:00,559 - INFO - [sparse-mezo] global_step=843 active_fraction=0.000000 active_params=0/1315758080 configured_ratio=0.250000 mask_strategy=percentile_per_layer scope=trainable_only

 35%|███▌      | 844/2405 [58:03<1:44:21,  4.01s/it]2026-04-16 23:27:04,584 - INFO - [sparse-mezo] global_step=844 active_fraction=0.000000 active_params=0/1315758080 configured_ratio=0.250000 mask_strategy=percentile_per_layer scope=trainable_only

 35%|███▌      | 845/2405 [58:07<1:44:19,  4.01s/it]2026-04-16 23:27:08,580 - INFO - [sparse-mezo] global_step=845 active_fraction=0.000000 active_params=0/1315758080 configured_ratio=0.250000 mask_strategy=percentile_per_layer scope=trainable_only

 35%|███▌      | 846/2405 [58:11<1:44:08,  4.01s/it]2026-04-16 23:27:12,594 - INFO - [sparse-mezo] global_step=846 active_fraction=0.000000 active_params=0/1315758080 configured_ratio=0.250000 mask_strategy=percentile_per_layer scope=trainable_only

 35%|███▌      | 847/2405 [58:15<1:44:02,  4.01s/it]2026-04-16 23:27:16,602 - INFO - [sparse-mezo] global_step=847 active_fraction=0.000000 active_params=0/1315758080 configured_ratio=0.250000 mask_strategy=percentile_per_layer scope=trainable_only

 35%|███▌      | 848/2405 [58:19<1:44:03,  4.01s/it]2026-04-16 23:27:20,618 - INFO - [sparse-mezo] global_step=848 active_fraction=0.000000 active_params=0/1315758080 configured_ratio=0.250000 mask_strategy=percentile_per_layer scope=trainable_only

 35%|███▌      | 849/2405 [58:23<1:44:01,  4.01s/it]2026-04-16 23:27:24,633 - INFO - [sparse-mezo] global_step=849 active_fraction=0.000000 active_params=0/1315758080 configured_ratio=0.250000 mask_strategy=percentile_per_layer scope=trainable_only

 35%|███▌      | 850/2405 [58:27<1:43:59,  4.01s/it]2026-04-16 23:27:28,646 - INFO - [sparse-mezo] global_step=850 active_fraction=0.000000 active_params=0/1315758080 configured_ratio=0.250000 mask_strategy=percentile_per_layer scope=trainable_only

 35%|███▌      | 851/2405 [58:31<1:44:00,  4.02s/it]2026-04-16 23:27:32,672 - INFO - [sparse-mezo] global_step=851 active_fraction=0.000000 active_params=0/1315758080 configured_ratio=0.250000 mask_strategy=percentile_per_layer scope=trainable_only

 35%|███▌      | 852/2405 [58:35<1:43:49,  4.01s/it]2026-04-16 23:27:36,659 - INFO - [sparse-mezo] global_step=852 active_fraction=0.000000 active_params=0/1315758080 configured_ratio=0.250000 mask_strategy=percentile_per_layer scope=trainable_only

 35%|███▌      | 853/2405 [58:39<1:43:38,  4.01s/it]2026-04-16 23:27:40,651 - INFO - [sparse-mezo] global_step=853 active_fraction=0.000000 active_params=0/1315758080 configured_ratio=0.250000 mask_strategy=percentile_per_layer scope=trainable_only

 36%|███▌      | 854/2405 [58:43<1:43:27,  4.00s/it]2026-04-16 23:27:44,641 - INFO - [sparse-mezo] global_step=854 active_fraction=0.000000 active_params=0/1315758080 configured_ratio=0.250000 mask_strategy=percentile_per_layer scope=trainable_only

 36%|███▌      | 855/2405 [58:47<1:43:20,  4.00s/it]2026-04-16 23:27:48,658 - INFO - [sparse-mezo] global_step=855 active_fraction=0.000000 active_params=0/1315758080 configured_ratio=0.250000 mask_strategy=percentile_per_layer scope=trainable_only

 36%|███▌      | 856/2405 [58:51<1:43:26,  4.01s/it]2026-04-16 23:27:52,659 - INFO - [sparse-mezo] global_step=856 active_fraction=0.000000 active_params=0/1315758080 configured_ratio=0.250000 mask_strategy=percentile_per_layer scope=trainable_only

 36%|███▌      | 857/2405 [58:55<1:43:19,  4.00s/it]2026-04-16 23:27:56,660 - INFO - [sparse-mezo] global_step=857 active_fraction=0.000000 active_params=0/1315758080 configured_ratio=0.250000 mask_strategy=percentile_per_layer scope=trainable_only

 36%|███▌      | 858/2405 [58:59<1:43:08,  4.00s/it]2026-04-16 23:28:00,651 - INFO - [sparse-mezo] global_step=858 active_fraction=0.000000 active_params=0/1315758080 configured_ratio=0.250000 mask_strategy=percentile_per_layer scope=trainable_only

 36%|███▌      | 859/2405 [59:03<1:43:03,  4.00s/it]2026-04-16 23:28:04,651 - INFO - [sparse-mezo] global_step=859 active_fraction=0.000000 active_params=0/1315758080 configured_ratio=0.250000 mask_strategy=percentile_per_layer scope=trainable_only

 36%|███▌      | 860/2405 [59:07<1:42:55,  4.00s/it]2026-04-16 23:28:08,638 - INFO - [sparse-mezo] global_step=860 active_fraction=0.000000 active_params=0/1315758080 configured_ratio=0.250000 mask_strategy=percentile_per_layer scope=trainable_only

 36%|███▌      | 861/2405 [59:11<1:42:47,  3.99s/it]2026-04-16 23:28:12,627 - INFO - [sparse-mezo] global_step=861 active_fraction=0.000000 active_params=0/1315758080 configured_ratio=0.250000 mask_strategy=percentile_per_layer scope=trainable_only

 36%|███▌      | 862/2405 [59:15<1:42:38,  3.99s/it]2026-04-16 23:28:16,611 - INFO - [sparse-mezo] global_step=862 active_fraction=0.000000 active_params=0/1315758080 configured_ratio=0.250000 mask_strategy=percentile_per_layer scope=trainable_only

 36%|███▌      | 863/2405 [59:19<1:42:33,  3.99s/it]2026-04-16 23:28:20,600 - INFO - [sparse-mezo] global_step=863 active_fraction=0.000000 active_params=0/1315758080 configured_ratio=0.250000 mask_strategy=percentile_per_layer scope=trainable_only

 36%|███▌      | 864/2405 [59:23<1:42:28,  3.99s/it]2026-04-16 23:28:24,589 - INFO - [sparse-mezo] global_step=864 active_fraction=0.000000 active_params=0/1315758080 configured_ratio=0.250000 mask_strategy=percentile_per_layer scope=trainable_only

 36%|███▌      | 865/2405 [59:27<1:42:32,  4.00s/it]2026-04-16 23:28:28,614 - INFO - [sparse-mezo] global_step=865 active_fraction=0.000000 active_params=0/1315758080 configured_ratio=0.250000 mask_strategy=percentile_per_layer scope=trainable_only

 36%|███▌      | 866/2405 [59:31<1:42:38,  4.00s/it]2026-04-16 23:28:32,615 - INFO - [sparse-mezo] global_step=866 active_fraction=0.000000 active_params=0/1315758080 configured_ratio=0.250000 mask_strategy=percentile_per_layer scope=trainable_only

 36%|███▌      | 867/2405 [59:35<1:42:38,  4.00s/it]2026-04-16 23:28:36,623 - INFO - [sparse-mezo] global_step=867 active_fraction=0.000000 active_params=0/1315758080 configured_ratio=0.250000 mask_strategy=percentile_per_layer scope=trainable_only

 36%|███▌      | 868/2405 [59:39<1:42:31,  4.00s/it]2026-04-16 23:28:40,621 - INFO - [sparse-mezo] global_step=868 active_fraction=0.000000 active_params=0/1315758080 configured_ratio=0.250000 mask_strategy=percentile_per_layer scope=trainable_only

 36%|███▌      | 869/2405 [59:43<1:42:21,  4.00s/it]2026-04-16 23:28:44,608 - INFO - [sparse-mezo] global_step=869 active_fraction=0.000000 active_params=0/1315758080 configured_ratio=0.250000 mask_strategy=percentile_per_layer scope=trainable_only

 36%|███▌      | 870/2405 [59:47<1:42:11,  3.99s/it]2026-04-16 23:28:48,597 - INFO - [sparse-mezo] global_step=870 active_fraction=0.000000 active_params=0/1315758080 configured_ratio=0.250000 mask_strategy=percentile_per_layer scope=trainable_only

 36%|███▌      | 871/2405 [59:51<1:42:05,  3.99s/it]2026-04-16 23:28:52,586 - INFO - [sparse-mezo] global_step=871 active_fraction=0.000000 active_params=0/1315758080 configured_ratio=0.250000 mask_strategy=percentile_per_layer scope=trainable_only

 36%|███▋      | 872/2405 [59:55<1:41:59,  3.99s/it]2026-04-16 23:28:56,576 - INFO - [sparse-mezo] global_step=872 active_fraction=0.000000 active_params=0/1315758080 configured_ratio=0.250000 mask_strategy=percentile_per_layer scope=trainable_only

 36%|███▋      | 873/2405 [59:59<1:41:56,  3.99s/it]2026-04-16 23:29:00,586 - INFO - [sparse-mezo] global_step=873 active_fraction=0.000000 active_params=0/1315758080 configured_ratio=0.250000 mask_strategy=percentile_per_layer scope=trainable_only

 36%|███▋      | 874/2405 [1:00:03<1:42:07,  4.00s/it]2026-04-16 23:29:04,594 - INFO - [sparse-mezo] global_step=874 active_fraction=0.000000 active_params=0/1315758080 configured_ratio=0.250000 mask_strategy=percentile_per_layer scope=trainable_only

 36%|███▋      | 875/2405 [1:00:07<1:41:57,  4.00s/it]2026-04-16 23:29:08,600 - INFO - [sparse-mezo] global_step=875 active_fraction=0.000000 active_params=0/1315758080 configured_ratio=0.250000 mask_strategy=percentile_per_layer scope=trainable_only

 36%|███▋      | 876/2405 [1:00:11<1:41:57,  4.00s/it]2026-04-16 23:29:12,608 - INFO - [sparse-mezo] global_step=876 active_fraction=0.000000 active_params=0/1315758080 configured_ratio=0.250000 mask_strategy=percentile_per_layer scope=trainable_only

 36%|███▋      | 877/2405 [1:00:15<1:42:07,  4.01s/it]2026-04-16 23:29:16,622 - INFO - [sparse-mezo] global_step=877 active_fraction=0.000000 active_params=0/1315758080 configured_ratio=0.250000 mask_strategy=percentile_per_layer scope=trainable_only

 37%|███▋      | 878/2405 [1:00:19<1:41:58,  4.01s/it]2026-04-16 23:29:20,620 - INFO - [sparse-mezo] global_step=878 active_fraction=0.000000 active_params=0/1315758080 configured_ratio=0.250000 mask_strategy=percentile_per_layer scope=trainable_only

 37%|███▋      | 879/2405 [1:00:23<1:41:50,  4.00s/it]2026-04-16 23:29:24,617 - INFO - [sparse-mezo] global_step=879 active_fraction=0.000000 active_params=0/1315758080 configured_ratio=0.250000 mask_strategy=percentile_per_layer scope=trainable_only

 37%|███▋      | 880/2405 [1:00:27<1:41:42,  4.00s/it]2026-04-16 23:29:28,633 - INFO - [sparse-mezo] global_step=880 active_fraction=0.000000 active_params=0/1315758080 configured_ratio=0.250000 mask_strategy=percentile_per_layer scope=trainable_only

 37%|███▋      | 881/2405 [1:00:31<1:41:46,  4.01s/it]2026-04-16 23:29:32,649 - INFO - [sparse-mezo] global_step=881 active_fraction=0.000000 active_params=0/1315758080 configured_ratio=0.250000 mask_strategy=percentile_per_layer scope=trainable_only

 37%|███▋      | 882/2405 [1:00:35<1:41:50,  4.01s/it]2026-04-16 23:29:36,676 - INFO - [sparse-mezo] global_step=882 active_fraction=0.000000 active_params=0/1315758080 configured_ratio=0.250000 mask_strategy=percentile_per_layer scope=trainable_only

 37%|███▋      | 883/2405 [1:00:39<1:41:44,  4.01s/it]2026-04-16 23:29:40,682 - INFO - [sparse-mezo] global_step=883 active_fraction=0.000000 active_params=0/1315758080 configured_ratio=0.250000 mask_strategy=percentile_per_layer scope=trainable_only

 37%|███▋      | 884/2405 [1:00:43<1:41:38,  4.01s/it]2026-04-16 23:29:44,671 - INFO - [sparse-mezo] global_step=884 active_fraction=0.000000 active_params=0/1315758080 configured_ratio=0.250000 mask_strategy=percentile_per_layer scope=trainable_only

 37%|███▋      | 885/2405 [1:00:47<1:41:33,  4.01s/it]2026-04-16 23:29:48,698 - INFO - [sparse-mezo] global_step=885 active_fraction=0.000000 active_params=0/1315758080 configured_ratio=0.250000 mask_strategy=percentile_per_layer scope=trainable_only

 37%|███▋      | 886/2405 [1:00:51<1:41:33,  4.01s/it]2026-04-16 23:29:52,696 - INFO - [sparse-mezo] global_step=886 active_fraction=0.000000 active_params=0/1315758080 configured_ratio=0.250000 mask_strategy=percentile_per_layer scope=trainable_only

 37%|███▋      | 887/2405 [1:00:55<1:41:27,  4.01s/it]2026-04-16 23:29:56,703 - INFO - [sparse-mezo] global_step=887 active_fraction=0.000000 active_params=0/1315758080 configured_ratio=0.250000 mask_strategy=percentile_per_layer scope=trainable_only

 37%|███▋      | 888/2405 [1:00:59<1:41:13,  4.00s/it]2026-04-16 23:30:00,708 - INFO - [sparse-mezo] global_step=888 active_fraction=0.000000 active_params=0/1315758080 configured_ratio=0.250000 mask_strategy=percentile_per_layer scope=trainable_only

 37%|███▋      | 889/2405 [1:01:03<1:41:10,  4.00s/it]2026-04-16 23:30:04,697 - INFO - [sparse-mezo] global_step=889 active_fraction=0.000000 active_params=0/1315758080 configured_ratio=0.250000 mask_strategy=percentile_per_layer scope=trainable_only

 37%|███▋      | 890/2405 [1:01:07<1:41:03,  4.00s/it]2026-04-16 23:30:08,714 - INFO - [sparse-mezo] global_step=890 active_fraction=0.000000 active_params=0/1315758080 configured_ratio=0.250000 mask_strategy=percentile_per_layer scope=trainable_only

 37%|███▋      | 891/2405 [1:01:11<1:41:06,  4.01s/it]2026-04-16 23:30:12,731 - INFO - [sparse-mezo] global_step=891 active_fraction=0.000000 active_params=0/1315758080 configured_ratio=0.250000 mask_strategy=percentile_per_layer scope=trainable_only

 37%|███▋      | 892/2405 [1:01:15<1:41:07,  4.01s/it]2026-04-16 23:30:16,747 - INFO - [sparse-mezo] global_step=892 active_fraction=0.000000 active_params=0/1315758080 configured_ratio=0.250000 mask_strategy=percentile_per_layer scope=trainable_only

 37%|███▋      | 893/2405 [1:01:19<1:41:01,  4.01s/it]2026-04-16 23:30:20,733 - INFO - [sparse-mezo] global_step=893 active_fraction=0.000000 active_params=0/1315758080 configured_ratio=0.250000 mask_strategy=percentile_per_layer scope=trainable_only

 37%|███▋      | 894/2405 [1:01:23<1:40:51,  4.00s/it]2026-04-16 23:30:24,749 - INFO - [sparse-mezo] global_step=894 active_fraction=0.000000 active_params=0/1315758080 configured_ratio=0.250000 mask_strategy=percentile_per_layer scope=trainable_only

 37%|███▋      | 895/2405 [1:01:27<1:40:47,  4.01s/it]2026-04-16 23:30:28,757 - INFO - [sparse-mezo] global_step=895 active_fraction=0.000000 active_params=0/1315758080 configured_ratio=0.250000 mask_strategy=percentile_per_layer scope=trainable_only

 37%|███▋      | 896/2405 [1:01:31<1:40:45,  4.01s/it]2026-04-16 23:30:32,746 - INFO - [sparse-mezo] global_step=896 active_fraction=0.000000 active_params=0/1315758080 configured_ratio=0.250000 mask_strategy=percentile_per_layer scope=trainable_only

 37%|███▋      | 897/2405 [1:01:35<1:40:37,  4.00s/it]2026-04-16 23:30:36,743 - INFO - [sparse-mezo] global_step=897 active_fraction=0.000000 active_params=0/1315758080 configured_ratio=0.250000 mask_strategy=percentile_per_layer scope=trainable_only

 37%|███▋      | 898/2405 [1:01:39<1:40:31,  4.00s/it]2026-04-16 23:30:40,765 - INFO - [sparse-mezo] global_step=898 active_fraction=0.000000 active_params=0/1315758080 configured_ratio=0.250000 mask_strategy=percentile_per_layer scope=trainable_only

 37%|███▋      | 899/2405 [1:01:43<1:40:31,  4.00s/it]2026-04-16 23:30:44,751 - INFO - [sparse-mezo] global_step=899 active_fraction=0.000000 active_params=0/1315758080 configured_ratio=0.250000 mask_strategy=percentile_per_layer scope=trainable_only

 37%|███▋      | 900/2405 [1:01:47<1:40:25,  4.00s/it]2026-04-16 23:30:48,755 - INFO - [sparse-mezo] global_step=900 active_fraction=0.000000 active_params=0/1315758080 configured_ratio=0.250000 mask_strategy=percentile_per_layer scope=trainable_only
2026-04-16 23:30:52,336 - WARNING - [zo_probe] step=900: no finite probe pairs; skipping row.

 37%|███▋      | 901/2405 [1:01:55<2:07:10,  5.07s/it]2026-04-16 23:30:56,325 - INFO - [sparse-mezo] global_step=901 active_fraction=0.000000 active_params=0/1315758080 configured_ratio=0.250000 mask_strategy=percentile_per_layer scope=trainable_only

 38%|███▊      | 902/2405 [1:01:59<1:58:57,  4.75s/it]2026-04-16 23:31:00,333 - INFO - [sparse-mezo] global_step=902 active_fraction=0.000000 active_params=0/1315758080 configured_ratio=0.250000 mask_strategy=percentile_per_layer scope=trainable_only

 38%|███▊      | 903/2405 [1:02:03<1:53:22,  4.53s/it]2026-04-16 23:31:04,333 - INFO - [sparse-mezo] global_step=903 active_fraction=0.000000 active_params=0/1315758080 configured_ratio=0.250000 mask_strategy=percentile_per_layer scope=trainable_only

 38%|███▊      | 904/2405 [1:02:07<1:49:15,  4.37s/it]2026-04-16 23:31:08,342 - INFO - [sparse-mezo] global_step=904 active_fraction=0.000000 active_params=0/1315758080 configured_ratio=0.250000 mask_strategy=percentile_per_layer scope=trainable_only

 38%|███▊      | 905/2405 [1:02:11<1:46:34,  4.26s/it]2026-04-16 23:31:12,353 - INFO - [sparse-mezo] global_step=905 active_fraction=0.000000 active_params=0/1315758080 configured_ratio=0.250000 mask_strategy=percentile_per_layer scope=trainable_only

 38%|███▊      | 906/2405 [1:02:15<1:44:41,  4.19s/it]2026-04-16 23:31:16,365 - INFO - [sparse-mezo] global_step=906 active_fraction=0.000000 active_params=0/1315758080 configured_ratio=0.250000 mask_strategy=percentile_per_layer scope=trainable_only

 38%|███▊      | 907/2405 [1:02:19<1:43:07,  4.13s/it]2026-04-16 23:31:20,354 - INFO - [sparse-mezo] global_step=907 active_fraction=0.000000 active_params=0/1315758080 configured_ratio=0.250000 mask_strategy=percentile_per_layer scope=trainable_only

 38%|███▊      | 908/2405 [1:02:23<1:42:04,  4.09s/it]2026-04-16 23:31:24,352 - INFO - [sparse-mezo] global_step=908 active_fraction=0.000000 active_params=0/1315758080 configured_ratio=0.250000 mask_strategy=percentile_per_layer scope=trainable_only

 38%|███▊      | 909/2405 [1:02:27<1:41:14,  4.06s/it]2026-04-16 23:31:28,342 - INFO - [sparse-mezo] global_step=909 active_fraction=0.000000 active_params=0/1315758080 configured_ratio=0.250000 mask_strategy=percentile_per_layer scope=trainable_only

 38%|███▊      | 910/2405 [1:02:31<1:40:38,  4.04s/it]2026-04-16 23:31:32,333 - INFO - [sparse-mezo] global_step=910 active_fraction=0.000000 active_params=0/1315758080 configured_ratio=0.250000 mask_strategy=percentile_per_layer scope=trainable_only

 38%|███▊      | 911/2405 [1:02:35<1:40:21,  4.03s/it]2026-04-16 23:31:36,342 - INFO - [sparse-mezo] global_step=911 active_fraction=0.000000 active_params=0/1315758080 configured_ratio=0.250000 mask_strategy=percentile_per_layer scope=trainable_only

 38%|███▊      | 912/2405 [1:02:39<1:40:08,  4.02s/it]2026-04-16 23:31:40,367 - INFO - [sparse-mezo] global_step=912 active_fraction=0.000000 active_params=0/1315758080 configured_ratio=0.250000 mask_strategy=percentile_per_layer scope=trainable_only

 38%|███▊      | 913/2405 [1:02:43<1:40:04,  4.02s/it]2026-04-16 23:31:44,392 - INFO - [sparse-mezo] global_step=913 active_fraction=0.000000 active_params=0/1315758080 configured_ratio=0.250000 mask_strategy=percentile_per_layer scope=trainable_only

 38%|███▊      | 914/2405 [1:02:47<1:39:52,  4.02s/it]2026-04-16 23:31:48,398 - INFO - [sparse-mezo] global_step=914 active_fraction=0.000000 active_params=0/1315758080 configured_ratio=0.250000 mask_strategy=percentile_per_layer scope=trainable_only

 38%|███▊      | 915/2405 [1:02:51<1:39:42,  4.02s/it]2026-04-16 23:31:52,403 - INFO - [sparse-mezo] global_step=915 active_fraction=0.000000 active_params=0/1315758080 configured_ratio=0.250000 mask_strategy=percentile_per_layer scope=trainable_only

 38%|███▊      | 916/2405 [1:02:55<1:39:42,  4.02s/it]2026-04-16 23:31:56,411 - INFO - [sparse-mezo] global_step=916 active_fraction=0.000000 active_params=0/1315758080 configured_ratio=0.250000 mask_strategy=percentile_per_layer scope=trainable_only

 38%|███▊      | 917/2405 [1:02:59<1:39:23,  4.01s/it]2026-04-16 23:32:00,413 - INFO - [sparse-mezo] global_step=917 active_fraction=0.000000 active_params=0/1315758080 configured_ratio=0.250000 mask_strategy=percentile_per_layer scope=trainable_only

 38%|███▊      | 918/2405 [1:03:03<1:39:18,  4.01s/it]2026-04-16 23:32:04,401 - INFO - [sparse-mezo] global_step=918 active_fraction=0.000000 active_params=0/1315758080 configured_ratio=0.250000 mask_strategy=percentile_per_layer scope=trainable_only

 38%|███▊      | 919/2405 [1:03:07<1:39:10,  4.00s/it]2026-04-16 23:32:08,416 - INFO - [sparse-mezo] global_step=919 active_fraction=0.000000 active_params=0/1315758080 configured_ratio=0.250000 mask_strategy=percentile_per_layer scope=trainable_only

 38%|███▊      | 920/2405 [1:03:11<1:39:06,  4.00s/it]2026-04-16 23:32:12,402 - INFO - [sparse-mezo] global_step=920 active_fraction=0.000000 active_params=0/1315758080 configured_ratio=0.250000 mask_strategy=percentile_per_layer scope=trainable_only

 38%|███▊      | 921/2405 [1:03:15<1:38:55,  4.00s/it]2026-04-16 23:32:16,410 - INFO - [sparse-mezo] global_step=921 active_fraction=0.000000 active_params=0/1315758080 configured_ratio=0.250000 mask_strategy=percentile_per_layer scope=trainable_only

 38%|███▊      | 922/2405 [1:03:19<1:38:52,  4.00s/it]2026-04-16 23:32:20,413 - INFO - [sparse-mezo] global_step=922 active_fraction=0.000000 active_params=0/1315758080 configured_ratio=0.250000 mask_strategy=percentile_per_layer scope=trainable_only

 38%|███▊      | 923/2405 [1:03:23<1:38:51,  4.00s/it]2026-04-16 23:32:24,404 - INFO - [sparse-mezo] global_step=923 active_fraction=0.000000 active_params=0/1315758080 configured_ratio=0.250000 mask_strategy=percentile_per_layer scope=trainable_only

 38%|███▊      | 924/2405 [1:03:27<1:38:51,  4.01s/it]2026-04-16 23:32:28,412 - INFO - [sparse-mezo] global_step=924 active_fraction=0.000000 active_params=0/1315758080 configured_ratio=0.250000 mask_strategy=percentile_per_layer scope=trainable_only

 38%|███▊      | 925/2405 [1:03:31<1:38:48,  4.01s/it]2026-04-16 23:32:32,438 - INFO - [sparse-mezo] global_step=925 active_fraction=0.000000 active_params=0/1315758080 configured_ratio=0.250000 mask_strategy=percentile_per_layer scope=trainable_only

 39%|███▊      | 926/2405 [1:03:35<1:38:44,  4.01s/it]2026-04-16 23:32:36,427 - INFO - [sparse-mezo] global_step=926 active_fraction=0.000000 active_params=0/1315758080 configured_ratio=0.250000 mask_strategy=percentile_per_layer scope=trainable_only

 39%|███▊      | 927/2405 [1:03:39<1:38:31,  4.00s/it]2026-04-16 23:32:40,409 - INFO - [sparse-mezo] global_step=927 active_fraction=0.000000 active_params=0/1315758080 configured_ratio=0.250000 mask_strategy=percentile_per_layer scope=trainable_only

 39%|███▊      | 928/2405 [1:03:43<1:38:30,  4.00s/it]2026-04-16 23:32:44,416 - INFO - [sparse-mezo] global_step=928 active_fraction=0.000000 active_params=0/1315758080 configured_ratio=0.250000 mask_strategy=percentile_per_layer scope=trainable_only

 39%|███▊      | 929/2405 [1:03:47<1:38:20,  4.00s/it]2026-04-16 23:32:48,407 - INFO - [sparse-mezo] global_step=929 active_fraction=0.000000 active_params=0/1315758080 configured_ratio=0.250000 mask_strategy=percentile_per_layer scope=trainable_only

 39%|███▊      | 930/2405 [1:03:51<1:38:12,  4.00s/it]2026-04-16 23:32:52,412 - INFO - [sparse-mezo] global_step=930 active_fraction=0.000000 active_params=0/1315758080 configured_ratio=0.250000 mask_strategy=percentile_per_layer scope=trainable_only

 39%|███▊      | 931/2405 [1:03:55<1:38:18,  4.00s/it]2026-04-16 23:32:56,430 - INFO - [sparse-mezo] global_step=931 active_fraction=0.000000 active_params=0/1315758080 configured_ratio=0.250000 mask_strategy=percentile_per_layer scope=trainable_only

 39%|███▉      | 932/2405 [1:03:59<1:38:16,  4.00s/it]2026-04-16 23:33:00,417 - INFO - [sparse-mezo] global_step=932 active_fraction=0.000000 active_params=0/1315758080 configured_ratio=0.250000 mask_strategy=percentile_per_layer scope=trainable_only

 39%|███▉      | 933/2405 [1:04:03<1:38:09,  4.00s/it]2026-04-16 23:33:04,413 - INFO - [sparse-mezo] global_step=933 active_fraction=0.000000 active_params=0/1315758080 configured_ratio=0.250000 mask_strategy=percentile_per_layer scope=trainable_only

 39%|███▉      | 934/2405 [1:04:07<1:38:10,  4.00s/it]2026-04-16 23:33:08,427 - INFO - [sparse-mezo] global_step=934 active_fraction=0.000000 active_params=0/1315758080 configured_ratio=0.250000 mask_strategy=percentile_per_layer scope=trainable_only

 39%|███▉      | 935/2405 [1:04:11<1:38:00,  4.00s/it]2026-04-16 23:33:12,418 - INFO - [sparse-mezo] global_step=935 active_fraction=0.000000 active_params=0/1315758080 configured_ratio=0.250000 mask_strategy=percentile_per_layer scope=trainable_only

 39%|███▉      | 936/2405 [1:04:15<1:38:00,  4.00s/it]2026-04-16 23:33:16,426 - INFO - [sparse-mezo] global_step=936 active_fraction=0.000000 active_params=0/1315758080 configured_ratio=0.250000 mask_strategy=percentile_per_layer scope=trainable_only

 39%|███▉      | 937/2405 [1:04:19<1:37:58,  4.00s/it]2026-04-16 23:33:20,452 - INFO - [sparse-mezo] global_step=937 active_fraction=0.000000 active_params=0/1315758080 configured_ratio=0.250000 mask_strategy=percentile_per_layer scope=trainable_only

 39%|███▉      | 938/2405 [1:04:23<1:37:55,  4.01s/it]2026-04-16 23:33:24,441 - INFO - [sparse-mezo] global_step=938 active_fraction=0.000000 active_params=0/1315758080 configured_ratio=0.250000 mask_strategy=percentile_per_layer scope=trainable_only

 39%|███▉      | 939/2405 [1:04:27<1:37:44,  4.00s/it]2026-04-16 23:33:28,448 - INFO - [sparse-mezo] global_step=939 active_fraction=0.000000 active_params=0/1315758080 configured_ratio=0.250000 mask_strategy=percentile_per_layer scope=trainable_only

 39%|███▉      | 940/2405 [1:04:31<1:37:43,  4.00s/it]2026-04-16 23:33:32,438 - INFO - [sparse-mezo] global_step=940 active_fraction=0.000000 active_params=0/1315758080 configured_ratio=0.250000 mask_strategy=percentile_per_layer scope=trainable_only

 39%|███▉      | 941/2405 [1:04:35<1:37:37,  4.00s/it]2026-04-16 23:33:36,455 - INFO - [sparse-mezo] global_step=941 active_fraction=0.000000 active_params=0/1315758080 configured_ratio=0.250000 mask_strategy=percentile_per_layer scope=trainable_only

 39%|███▉      | 942/2405 [1:04:39<1:37:36,  4.00s/it]2026-04-16 23:33:40,461 - INFO - [sparse-mezo] global_step=942 active_fraction=0.000000 active_params=0/1315758080 configured_ratio=0.250000 mask_strategy=percentile_per_layer scope=trainable_only

 39%|███▉      | 943/2405 [1:04:43<1:37:42,  4.01s/it]2026-04-16 23:33:44,468 - INFO - [sparse-mezo] global_step=943 active_fraction=0.000000 active_params=0/1315758080 configured_ratio=0.250000 mask_strategy=percentile_per_layer scope=trainable_only

 39%|███▉      | 944/2405 [1:04:47<1:37:28,  4.00s/it]2026-04-16 23:33:48,455 - INFO - [sparse-mezo] global_step=944 active_fraction=0.000000 active_params=0/1315758080 configured_ratio=0.250000 mask_strategy=percentile_per_layer scope=trainable_only

 39%|███▉      | 945/2405 [1:04:51<1:37:17,  4.00s/it]2026-04-16 23:33:52,446 - INFO - [sparse-mezo] global_step=945 active_fraction=0.000000 active_params=0/1315758080 configured_ratio=0.250000 mask_strategy=percentile_per_layer scope=trainable_only

 39%|███▉      | 946/2405 [1:04:55<1:37:08,  3.99s/it]2026-04-16 23:33:56,449 - INFO - [sparse-mezo] global_step=946 active_fraction=0.000000 active_params=0/1315758080 configured_ratio=0.250000 mask_strategy=percentile_per_layer scope=trainable_only

 39%|███▉      | 947/2405 [1:04:59<1:37:18,  4.00s/it]2026-04-16 23:34:00,476 - INFO - [sparse-mezo] global_step=947 active_fraction=0.000000 active_params=0/1315758080 configured_ratio=0.250000 mask_strategy=percentile_per_layer scope=trainable_only

 39%|███▉      | 948/2405 [1:05:03<1:37:19,  4.01s/it]2026-04-16 23:34:04,492 - INFO - [sparse-mezo] global_step=948 active_fraction=0.000000 active_params=0/1315758080 configured_ratio=0.250000 mask_strategy=percentile_per_layer scope=trainable_only

 39%|███▉      | 949/2405 [1:05:07<1:37:15,  4.01s/it]2026-04-16 23:34:08,500 - INFO - [sparse-mezo] global_step=949 active_fraction=0.000000 active_params=0/1315758080 configured_ratio=0.250000 mask_strategy=percentile_per_layer scope=trainable_only

 40%|███▉      | 950/2405 [1:05:11<1:37:11,  4.01s/it]2026-04-16 23:34:12,499 - INFO - [sparse-mezo] global_step=950 active_fraction=0.000000 active_params=0/1315758080 configured_ratio=0.250000 mask_strategy=percentile_per_layer scope=trainable_only

 40%|███▉      | 951/2405 [1:05:15<1:37:01,  4.00s/it]2026-04-16 23:34:16,502 - INFO - [sparse-mezo] global_step=951 active_fraction=0.000000 active_params=0/1315758080 configured_ratio=0.250000 mask_strategy=percentile_per_layer scope=trainable_only

 40%|███▉      | 952/2405 [1:05:19<1:37:03,  4.01s/it]2026-04-16 23:34:20,526 - INFO - [sparse-mezo] global_step=952 active_fraction=0.000000 active_params=0/1315758080 configured_ratio=0.250000 mask_strategy=percentile_per_layer scope=trainable_only

 40%|███▉      | 953/2405 [1:05:23<1:37:05,  4.01s/it]2026-04-16 23:34:24,525 - INFO - [sparse-mezo] global_step=953 active_fraction=0.000000 active_params=0/1315758080 configured_ratio=0.250000 mask_strategy=percentile_per_layer scope=trainable_only

 40%|███▉      | 954/2405 [1:05:27<1:36:51,  4.01s/it]2026-04-16 23:34:28,513 - INFO - [sparse-mezo] global_step=954 active_fraction=0.000000 active_params=0/1315758080 configured_ratio=0.250000 mask_strategy=percentile_per_layer scope=trainable_only

 40%|███▉      | 955/2405 [1:05:31<1:36:40,  4.00s/it]2026-04-16 23:34:32,501 - INFO - [sparse-mezo] global_step=955 active_fraction=0.000000 active_params=0/1315758080 configured_ratio=0.250000 mask_strategy=percentile_per_layer scope=trainable_only

 40%|███▉      | 956/2405 [1:05:35<1:36:31,  4.00s/it]2026-04-16 23:34:36,490 - INFO - [sparse-mezo] global_step=956 active_fraction=0.000000 active_params=0/1315758080 configured_ratio=0.250000 mask_strategy=percentile_per_layer scope=trainable_only

 40%|███▉      | 957/2405 [1:05:39<1:36:23,  3.99s/it]2026-04-16 23:34:40,477 - INFO - [sparse-mezo] global_step=957 active_fraction=0.000000 active_params=0/1315758080 configured_ratio=0.250000 mask_strategy=percentile_per_layer scope=trainable_only

 40%|███▉      | 958/2405 [1:05:43<1:36:21,  4.00s/it]2026-04-16 23:34:44,494 - INFO - [sparse-mezo] global_step=958 active_fraction=0.000000 active_params=0/1315758080 configured_ratio=0.250000 mask_strategy=percentile_per_layer scope=trainable_only

 40%|███▉      | 959/2405 [1:05:47<1:36:23,  4.00s/it]2026-04-16 23:34:48,505 - INFO - [sparse-mezo] global_step=959 active_fraction=0.000000 active_params=0/1315758080 configured_ratio=0.250000 mask_strategy=percentile_per_layer scope=trainable_only

 40%|███▉      | 960/2405 [1:05:51<1:36:21,  4.00s/it]2026-04-16 23:34:52,484 - INFO - [sparse-mezo] global_step=960 active_fraction=0.000000 active_params=0/1315758080 configured_ratio=0.250000 mask_strategy=percentile_per_layer scope=trainable_only

 40%|███▉      | 961/2405 [1:05:55<1:36:15,  4.00s/it]2026-04-16 23:34:56,472 - INFO - [sparse-mezo] global_step=961 active_fraction=0.000000 active_params=0/1315758080 configured_ratio=0.250000 mask_strategy=percentile_per_layer scope=trainable_only

 40%|████      | 962/2405 [1:05:59<1:35:50,  3.98s/it]2026-04-16 23:35:00,455 - INFO - [sparse-mezo] global_step=962 active_fraction=0.000000 active_params=0/1315758080 configured_ratio=0.250000 mask_strategy=percentile_per_layer scope=trainable_only

 40%|████      | 963/2405 [1:06:03<1:36:03,  4.00s/it]2026-04-16 23:35:04,481 - INFO - [sparse-mezo] global_step=963 active_fraction=0.000000 active_params=0/1315758080 configured_ratio=0.250000 mask_strategy=percentile_per_layer scope=trainable_only

 40%|████      | 964/2405 [1:06:07<1:36:03,  4.00s/it]2026-04-16 23:35:08,488 - INFO - [sparse-mezo] global_step=964 active_fraction=0.000000 active_params=0/1315758080 configured_ratio=0.250000 mask_strategy=percentile_per_layer scope=trainable_only

 40%|████      | 965/2405 [1:06:11<1:36:10,  4.01s/it]2026-04-16 23:35:12,512 - INFO - [sparse-mezo] global_step=965 active_fraction=0.000000 active_params=0/1315758080 configured_ratio=0.250000 mask_strategy=percentile_per_layer scope=trainable_only

 40%|████      | 966/2405 [1:06:15<1:36:06,  4.01s/it]2026-04-16 23:35:16,519 - INFO - [sparse-mezo] global_step=966 active_fraction=0.000000 active_params=0/1315758080 configured_ratio=0.250000 mask_strategy=percentile_per_layer scope=trainable_only

 40%|████      | 967/2405 [1:06:19<1:36:01,  4.01s/it]2026-04-16 23:35:20,526 - INFO - [sparse-mezo] global_step=967 active_fraction=0.000000 active_params=0/1315758080 configured_ratio=0.250000 mask_strategy=percentile_per_layer scope=trainable_only

 40%|████      | 968/2405 [1:06:23<1:35:57,  4.01s/it]2026-04-16 23:35:24,514 - INFO - [sparse-mezo] global_step=968 active_fraction=0.000000 active_params=0/1315758080 configured_ratio=0.250000 mask_strategy=percentile_per_layer scope=trainable_only

 40%|████      | 969/2405 [1:06:27<1:35:45,  4.00s/it]2026-04-16 23:35:28,521 - INFO - [sparse-mezo] global_step=969 active_fraction=0.000000 active_params=0/1315758080 configured_ratio=0.250000 mask_strategy=percentile_per_layer scope=trainable_only

 40%|████      | 970/2405 [1:06:31<1:35:42,  4.00s/it]2026-04-16 23:35:32,506 - INFO - [sparse-mezo] global_step=970 active_fraction=0.000000 active_params=0/1315758080 configured_ratio=0.250000 mask_strategy=percentile_per_layer scope=trainable_only

 40%|████      | 971/2405 [1:06:35<1:35:33,  4.00s/it]2026-04-16 23:35:36,496 - INFO - [sparse-mezo] global_step=971 active_fraction=0.000000 active_params=0/1315758080 configured_ratio=0.250000 mask_strategy=percentile_per_layer scope=trainable_only

 40%|████      | 972/2405 [1:06:39<1:35:29,  4.00s/it]2026-04-16 23:35:40,510 - INFO - [sparse-mezo] global_step=972 active_fraction=0.000000 active_params=0/1315758080 configured_ratio=0.250000 mask_strategy=percentile_per_layer scope=trainable_only

 40%|████      | 973/2405 [1:06:43<1:35:36,  4.01s/it]2026-04-16 23:35:44,521 - INFO - [sparse-mezo] global_step=973 active_fraction=0.000000 active_params=0/1315758080 configured_ratio=0.250000 mask_strategy=percentile_per_layer scope=trainable_only

 40%|████      | 974/2405 [1:06:47<1:35:26,  4.00s/it]2026-04-16 23:35:48,527 - INFO - [sparse-mezo] global_step=974 active_fraction=0.000000 active_params=0/1315758080 configured_ratio=0.250000 mask_strategy=percentile_per_layer scope=trainable_only

 41%|████      | 975/2405 [1:06:51<1:35:24,  4.00s/it]2026-04-16 23:35:52,515 - INFO - [sparse-mezo] global_step=975 active_fraction=0.000000 active_params=0/1315758080 configured_ratio=0.250000 mask_strategy=percentile_per_layer scope=trainable_only

 41%|████      | 976/2405 [1:06:55<1:35:22,  4.00s/it]2026-04-16 23:35:56,522 - INFO - [sparse-mezo] global_step=976 active_fraction=0.000000 active_params=0/1315758080 configured_ratio=0.250000 mask_strategy=percentile_per_layer scope=trainable_only

 41%|████      | 977/2405 [1:06:59<1:35:15,  4.00s/it]2026-04-16 23:36:00,519 - INFO - [sparse-mezo] global_step=977 active_fraction=0.000000 active_params=0/1315758080 configured_ratio=0.250000 mask_strategy=percentile_per_layer scope=trainable_only

 41%|████      | 978/2405 [1:07:03<1:35:08,  4.00s/it]2026-04-16 23:36:04,519 - INFO - [sparse-mezo] global_step=978 active_fraction=0.000000 active_params=0/1315758080 configured_ratio=0.250000 mask_strategy=percentile_per_layer scope=trainable_only

 41%|████      | 979/2405 [1:07:07<1:35:01,  4.00s/it]2026-04-16 23:36:08,527 - INFO - [sparse-mezo] global_step=979 active_fraction=0.000000 active_params=0/1315758080 configured_ratio=0.250000 mask_strategy=percentile_per_layer scope=trainable_only

 41%|████      | 980/2405 [1:07:11<1:35:02,  4.00s/it]2026-04-16 23:36:12,538 - INFO - [sparse-mezo] global_step=980 active_fraction=0.000000 active_params=0/1315758080 configured_ratio=0.250000 mask_strategy=percentile_per_layer scope=trainable_only

 41%|████      | 981/2405 [1:07:15<1:35:05,  4.01s/it]2026-04-16 23:36:16,552 - INFO - [sparse-mezo] global_step=981 active_fraction=0.000000 active_params=0/1315758080 configured_ratio=0.250000 mask_strategy=percentile_per_layer scope=trainable_only

 41%|████      | 982/2405 [1:07:19<1:35:00,  4.01s/it]2026-04-16 23:36:20,540 - INFO - [sparse-mezo] global_step=982 active_fraction=0.000000 active_params=0/1315758080 configured_ratio=0.250000 mask_strategy=percentile_per_layer scope=trainable_only

 41%|████      | 983/2405 [1:07:23<1:34:46,  4.00s/it]2026-04-16 23:36:24,524 - INFO - [sparse-mezo] global_step=983 active_fraction=0.000000 active_params=0/1315758080 configured_ratio=0.250000 mask_strategy=percentile_per_layer scope=trainable_only

 41%|████      | 984/2405 [1:07:27<1:34:42,  4.00s/it]2026-04-16 23:36:28,539 - INFO - [sparse-mezo] global_step=984 active_fraction=0.000000 active_params=0/1315758080 configured_ratio=0.250000 mask_strategy=percentile_per_layer scope=trainable_only

 41%|████      | 985/2405 [1:07:31<1:34:41,  4.00s/it]2026-04-16 23:36:32,530 - INFO - [sparse-mezo] global_step=985 active_fraction=0.000000 active_params=0/1315758080 configured_ratio=0.250000 mask_strategy=percentile_per_layer scope=trainable_only

 41%|████      | 986/2405 [1:07:35<1:34:41,  4.00s/it]2026-04-16 23:36:36,536 - INFO - [sparse-mezo] global_step=986 active_fraction=0.000000 active_params=0/1315758080 configured_ratio=0.250000 mask_strategy=percentile_per_layer scope=trainable_only

 41%|████      | 987/2405 [1:07:39<1:34:33,  4.00s/it]2026-04-16 23:36:40,549 - INFO - [sparse-mezo] global_step=987 active_fraction=0.000000 active_params=0/1315758080 configured_ratio=0.250000 mask_strategy=percentile_per_layer scope=trainable_only

 41%|████      | 988/2405 [1:07:43<1:34:31,  4.00s/it]2026-04-16 23:36:44,540 - INFO - [sparse-mezo] global_step=988 active_fraction=0.000000 active_params=0/1315758080 configured_ratio=0.250000 mask_strategy=percentile_per_layer scope=trainable_only

 41%|████      | 989/2405 [1:07:47<1:34:20,  4.00s/it]2026-04-16 23:36:48,524 - INFO - [sparse-mezo] global_step=989 active_fraction=0.000000 active_params=0/1315758080 configured_ratio=0.250000 mask_strategy=percentile_per_layer scope=trainable_only

 41%|████      | 990/2405 [1:07:51<1:34:16,  4.00s/it]2026-04-16 23:36:52,521 - INFO - [sparse-mezo] global_step=990 active_fraction=0.000000 active_params=0/1315758080 configured_ratio=0.250000 mask_strategy=percentile_per_layer scope=trainable_only

 41%|████      | 991/2405 [1:07:55<1:34:16,  4.00s/it]2026-04-16 23:36:56,548 - INFO - [sparse-mezo] global_step=991 active_fraction=0.000000 active_params=0/1315758080 configured_ratio=0.250000 mask_strategy=percentile_per_layer scope=trainable_only

 41%|████      | 992/2405 [1:07:59<1:34:19,  4.01s/it]2026-04-16 23:37:00,546 - INFO - [sparse-mezo] global_step=992 active_fraction=0.000000 active_params=0/1315758080 configured_ratio=0.250000 mask_strategy=percentile_per_layer scope=trainable_only

 41%|████▏     | 993/2405 [1:08:03<1:34:12,  4.00s/it]2026-04-16 23:37:04,559 - INFO - [sparse-mezo] global_step=993 active_fraction=0.000000 active_params=0/1315758080 configured_ratio=0.250000 mask_strategy=percentile_per_layer scope=trainable_only

 41%|████▏     | 994/2405 [1:08:07<1:34:09,  4.00s/it]2026-04-16 23:37:08,548 - INFO - [sparse-mezo] global_step=994 active_fraction=0.000000 active_params=0/1315758080 configured_ratio=0.250000 mask_strategy=percentile_per_layer scope=trainable_only

 41%|████▏     | 995/2405 [1:08:11<1:33:58,  4.00s/it]2026-04-16 23:37:12,538 - INFO - [sparse-mezo] global_step=995 active_fraction=0.000000 active_params=0/1315758080 configured_ratio=0.250000 mask_strategy=percentile_per_layer scope=trainable_only

 41%|████▏     | 996/2405 [1:08:15<1:33:59,  4.00s/it]2026-04-16 23:37:16,547 - INFO - [sparse-mezo] global_step=996 active_fraction=0.000000 active_params=0/1315758080 configured_ratio=0.250000 mask_strategy=percentile_per_layer scope=trainable_only

 41%|████▏     | 997/2405 [1:08:19<1:33:53,  4.00s/it]2026-04-16 23:37:20,564 - INFO - [sparse-mezo] global_step=997 active_fraction=0.000000 active_params=0/1315758080 configured_ratio=0.250000 mask_strategy=percentile_per_layer scope=trainable_only

 41%|████▏     | 998/2405 [1:08:23<1:34:02,  4.01s/it]2026-04-16 23:37:24,577 - INFO - [sparse-mezo] global_step=998 active_fraction=0.000000 active_params=0/1315758080 configured_ratio=0.250000 mask_strategy=percentile_per_layer scope=trainable_only

 42%|████▏     | 999/2405 [1:08:27<1:33:57,  4.01s/it]2026-04-16 23:37:28,583 - INFO - [sparse-mezo] global_step=999 active_fraction=0.000000 active_params=0/1315758080 configured_ratio=0.250000 mask_strategy=percentile_per_layer scope=trainable_only

 42%|████▏     | 1000/2405 [1:08:31<1:33:45,  4.00s/it]
                                                       

 42%|████▏     | 1000/2405 [1:08:31<1:33:45,  4.00s/it]

  0%|          | 0/107 [00:00<?, ?it/s][A

  6%|▌         | 6/107 [00:00<00:02, 48.69it/s][A

 10%|█         | 11/107 [00:00<00:02, 43.75it/s][A

 15%|█▍        | 16/107 [00:00<00:02, 43.16it/s][A

 20%|█▉        | 21/107 [00:00<00:02, 42.35it/s][A

 24%|██▍       | 26/107 [00:00<00:01, 41.32it/s][A

 29%|██▉       | 31/107 [00:00<00:01, 41.83it/s][A

 34%|███▎      | 36/107 [00:00<00:01, 41.78it/s][A

 38%|███▊      | 41/107 [00:00<00:01, 42.52it/s][A

 43%|████▎     | 46/107 [00:01<00:01, 41.53it/s][A

 48%|████▊     | 51/107 [00:01<00:01, 41.19it/s][A

 52%|█████▏    | 56/107 [00:01<00:01, 41.33it/s][A

 57%|█████▋    | 61/107 [00:01<00:01, 41.43it/s][A

 62%|██████▏   | 66/107 [00:01<00:00, 41.71it/s][A

 66%|██████▋   | 71/107 [00:01<00:00, 42.67it/s][A

 71%|███████   | 76/107 [00:01<00:00, 42.94it/s][A

 76%|███████▌  | 81/107 [00:01<00:00, 43.57it/s][A

 80%|████████  | 86/107 [00:02<00:00, 42.09it/s][A

 85%|████████▌ | 91/107 [00:02<00:00, 42.67it/s][A

 90%|████████▉ | 96/107 [00:02<00:00, 42.56it/s][A

 94%|█████████▍| 101/107 [00:02<00:00, 42.57it/s][A

 99%|█████████▉| 106/107 [00:02<00:00, 43.35it/s][A
                                                       

                                                 
[A
 42%|████▏     | 1000/2405 [1:08:34<1:33:45,  4.00s/it]

100%|██████████| 107/107 [00:02<00:00, 43.35it/s][A

                                                 [A2026-04-16 23:37:31,354 - INFO - There are 0 training samples and 854 validation samples


  0%|          | 0/854 [00:00<?, ?it/s][A2026-04-16 23:37:31,354 - INFO - ========= Example =========
2026-04-16 23:37:31,354 - INFO - Candidate: [0, 1, 2, 3, 4]
2026-04-16 23:37:31,354 - INFO - Correct candidate: 3
2026-04-16 23:37:31,362 - INFO - === Candidate 0 ===
2026-04-16 23:37:31,362 - INFO - <s>hardly a film that comes along every day. It was terrible
2026-04-16 23:37:31,362 - INFO - Log probabilities of the option tokens: tensor([nan], dtype=torch.float16)
2026-04-16 23:37:31,370 - INFO - === Candidate 1 (without context)===
2026-04-16 23:37:31,370 - INFO - <s>hardly a film that comes along every day. It was bad
2026-04-16 23:37:31,370 - INFO - Log probabilities of the option tokens: tensor([nan], dtype=torch.float16)
2026-04-16 23:37:31,377 - INFO - === Candidate 2 (without context)===
2026-04-16 23:37:31,378 - INFO - <s>hardly a film that comes along every day. It was okay
2026-04-16 23:37:31,378 - INFO - Log probabilities of the option tokens: tensor([nan], dtype=torch.float16)
2026-04-16 23:37:31,385 - INFO - === Candidate 3 (without context)===
2026-04-16 23:37:31,385 - INFO - <s>hardly a film that comes along every day. It was good
2026-04-16 23:37:31,385 - INFO - Log probabilities of the option tokens: tensor([nan], dtype=torch.float16)
2026-04-16 23:37:31,393 - INFO - === Candidate 4 (without context)===
2026-04-16 23:37:31,393 - INFO - <s>hardly a film that comes along every day. It was great
2026-04-16 23:37:31,393 - INFO - Log probabilities of the option tokens: tensor([nan], dtype=torch.float16)
2026-04-16 23:37:31,393 - INFO - Prediction scores: [nan, nan, nan, nan, nan]
2026-04-16 23:37:31,393 - INFO - ========= Example =========
2026-04-16 23:37:31,393 - INFO - Candidate: [0, 1, 2, 3, 4]
2026-04-16 23:37:31,393 - INFO - Correct candidate: 0
2026-04-16 23:37:31,402 - INFO - === Candidate 0 ===
2026-04-16 23:37:31,402 - INFO - <s>-lrb- sam's -rrb- self-flagellation is more depressing than entertaining. It was terrible
2026-04-16 23:37:31,402 - INFO - Log probabilities of the option tokens: tensor([nan], dtype=torch.float16)
2026-04-16 23:37:31,409 - INFO - === Candidate 1 (without context)===
2026-04-16 23:37:31,410 - INFO - <s>-lrb- sam's -rrb- self-flagellation is more depressing than entertaining. It was bad
2026-04-16 23:37:31,410 - INFO - Log probabilities of the option tokens: tensor([nan], dtype=torch.float16)
2026-04-16 23:37:31,417 - INFO - === Candidate 2 (without context)===
2026-04-16 23:37:31,417 - INFO - <s>-lrb- sam's -rrb- self-flagellation is more depressing than entertaining. It was okay
2026-04-16 23:37:31,418 - INFO - Log probabilities of the option tokens: tensor([nan], dtype=torch.float16)
2026-04-16 23:37:31,425 - INFO - === Candidate 3 (without context)===
2026-04-16 23:37:31,425 - INFO - <s>-lrb- sam's -rrb- self-flagellation is more depressing than entertaining. It was good
2026-04-16 23:37:31,425 - INFO - Log probabilities of the option tokens: tensor([nan], dtype=torch.float16)
2026-04-16 23:37:31,436 - INFO - === Candidate 4 (without context)===
2026-04-16 23:37:31,436 - INFO - <s>-lrb- sam's -rrb- self-flagellation is more depressing than entertaining. It was great
2026-04-16 23:37:31,437 - INFO - Log probabilities of the option tokens: tensor([nan], dtype=torch.float16)
2026-04-16 23:37:31,437 - INFO - Prediction scores: [nan, nan, nan, nan, nan]
2026-04-16 23:37:31,437 - INFO - ========= Example =========
2026-04-16 23:37:31,437 - INFO - Candidate: [0, 1, 2, 3, 4]
2026-04-16 23:37:31,437 - INFO - Correct candidate: 4
2026-04-16 23:37:31,450 - INFO - === Candidate 0 ===
2026-04-16 23:37:31,451 - INFO - <s>y tu mamá también is hilariously, gloriously alive, and quite often hotter than georgia asphalt. It was terrible
2026-04-16 23:37:31,451 - INFO - Log probabilities of the option tokens: tensor([nan], dtype=torch.float16)
2026-04-16 23:37:31,460 - INFO - === Candidate 1 (without context)===
2026-04-16 23:37:31,460 - INFO - <s>y tu mamá también is hilariously, gloriously alive, and quite often hotter than georgia asphalt. It was bad
2026-04-16 23:37:31,460 - INFO - Log probabilities of the option tokens: tensor([nan], dtype=torch.float16)
2026-04-16 23:37:31,468 - INFO - === Candidate 2 (without context)===
2026-04-16 23:37:31,468 - INFO - <s>y tu mamá también is hilariously, gloriously alive, and quite often hotter than georgia asphalt. It was okay
2026-04-16 23:37:31,468 - INFO - Log probabilities of the option tokens: tensor([nan], dtype=torch.float16)
2026-04-16 23:37:31,476 - INFO - === Candidate 3 (without context)===
2026-04-16 23:37:31,476 - INFO - <s>y tu mamá también is hilariously, gloriously alive, and quite often hotter than georgia asphalt. It was good
2026-04-16 23:37:31,476 - INFO - Log probabilities of the option tokens: tensor([nan], dtype=torch.float16)
2026-04-16 23:37:31,484 - INFO - === Candidate 4 (without context)===
2026-04-16 23:37:31,484 - INFO - <s>y tu mamá también is hilariously, gloriously alive, and quite often hotter than georgia asphalt. It was great
2026-04-16 23:37:31,484 - INFO - Log probabilities of the option tokens: tensor([nan], dtype=torch.float16)
2026-04-16 23:37:31,484 - INFO - Prediction scores: [nan, nan, nan, nan, nan]


  0%|          | 3/854 [00:00<00:37, 23.00it/s][A

  1%|          | 6/854 [00:00<00:33, 25.25it/s][A

  1%|          | 9/854 [00:00<00:32, 25.91it/s][A

  1%|▏         | 12/854 [00:00<00:31, 26.39it/s][A

  2%|▏         | 15/854 [00:00<00:31, 26.63it/s][A

  2%|▏         | 18/854 [00:00<00:31, 26.62it/s][A

  2%|▏         | 21/854 [00:00<00:31, 26.68it/s][A

  3%|▎         | 24/854 [00:00<00:31, 26.63it/s][A

  3%|▎         | 27/854 [00:01<00:31, 26.65it/s][A

  4%|▎         | 30/854 [00:01<00:30, 26.63it/s][A

  4%|▍         | 33/854 [00:01<00:30, 26.71it/s][A

  4%|▍         | 36/854 [00:01<00:30, 26.69it/s][A

  5%|▍         | 39/854 [00:01<00:31, 25.95it/s][A

  5%|▍         | 42/854 [00:01<00:30, 26.36it/s][A

  5%|▌         | 45/854 [00:01<00:30, 26.49it/s][A

  6%|▌         | 48/854 [00:01<00:30, 26.51it/s][A

  6%|▌         | 51/854 [00:01<00:30, 26.52it/s][A

  6%|▋         | 54/854 [00:02<00:30, 26.61it/s][A

  7%|▋         | 57/854 [00:02<00:29, 26.62it/s][A

  7%|▋         | 60/854 [00:02<00:29, 26.60it/s][A

  7%|▋         | 63/854 [00:02<00:29, 26.64it/s][A

  8%|▊         | 66/854 [00:02<00:29, 26.70it/s][A

  8%|▊         | 69/854 [00:02<00:29, 26.83it/s][A

  8%|▊         | 72/854 [00:02<00:30, 26.04it/s][A

  9%|▉         | 75/854 [00:02<00:29, 26.27it/s][A

  9%|▉         | 78/854 [00:02<00:29, 26.43it/s][A

  9%|▉         | 81/854 [00:03<00:29, 26.43it/s][A

 10%|▉         | 84/854 [00:03<00:28, 26.56it/s][A

 10%|█         | 87/854 [00:03<00:28, 26.66it/s][A

 11%|█         | 90/854 [00:03<00:28, 26.82it/s][A

 11%|█         | 93/854 [00:03<00:28, 26.91it/s][A

 11%|█         | 96/854 [00:03<00:28, 26.97it/s][A

 12%|█▏        | 99/854 [00:03<00:28, 26.94it/s][A

 12%|█▏        | 102/854 [00:03<00:27, 26.98it/s][A

 12%|█▏        | 105/854 [00:03<00:27, 26.88it/s][A

 13%|█▎        | 108/854 [00:04<00:28, 26.18it/s][A

 13%|█▎        | 111/854 [00:04<00:28, 26.42it/s][A

 13%|█▎        | 114/854 [00:04<00:28, 26.38it/s][A

 14%|█▎        | 117/854 [00:04<00:27, 26.47it/s][A

 14%|█▍        | 120/854 [00:04<00:27, 26.40it/s][A

 14%|█▍        | 123/854 [00:04<00:27, 26.78it/s][A

 15%|█▍        | 126/854 [00:04<00:27, 26.73it/s][A

 15%|█▌        | 129/854 [00:04<00:27, 26.64it/s][A

 15%|█▌        | 132/854 [00:04<00:27, 26.72it/s][A

 16%|█▌        | 135/854 [00:05<00:26, 26.85it/s][A

 16%|█▌        | 138/854 [00:05<00:26, 26.70it/s][A

 17%|█▋        | 141/854 [00:05<00:27, 26.10it/s][A

 17%|█▋        | 144/854 [00:05<00:27, 25.64it/s][A

 17%|█▋        | 147/854 [00:05<00:27, 25.97it/s][A

 18%|█▊        | 150/854 [00:05<00:26, 26.33it/s][A

 18%|█▊        | 153/854 [00:05<00:26, 26.60it/s][A

 18%|█▊        | 156/854 [00:05<00:26, 26.53it/s][A

 19%|█▊        | 159/854 [00:05<00:26, 26.57it/s][A

 19%|█▉        | 162/854 [00:06<00:25, 26.67it/s][A

 19%|█▉        | 165/854 [00:06<00:25, 26.80it/s][A

 20%|█▉        | 168/854 [00:06<00:25, 26.86it/s][A

 20%|██        | 171/854 [00:06<00:25, 26.82it/s][A

 20%|██        | 174/854 [00:06<00:25, 26.92it/s][A

 21%|██        | 177/854 [00:06<00:25, 26.93it/s][A

 21%|██        | 180/854 [00:06<00:25, 26.25it/s][A

 21%|██▏       | 183/854 [00:06<00:25, 26.47it/s][A

 22%|██▏       | 186/854 [00:07<00:25, 26.59it/s][A

 22%|██▏       | 189/854 [00:07<00:25, 26.48it/s][A

 22%|██▏       | 192/854 [00:07<00:24, 26.52it/s][A

 23%|██▎       | 195/854 [00:07<00:24, 26.50it/s][A

 23%|██▎       | 198/854 [00:07<00:24, 26.53it/s][A

 24%|██▎       | 201/854 [00:07<00:24, 26.77it/s][A

 24%|██▍       | 204/854 [00:07<00:24, 26.63it/s][A

 24%|██▍       | 207/854 [00:07<00:24, 26.69it/s][A

 25%|██▍       | 210/854 [00:07<00:24, 26.65it/s][A

 25%|██▍       | 213/854 [00:08<00:24, 25.99it/s][A

 25%|██▌       | 216/854 [00:08<00:24, 26.27it/s][A

 26%|██▌       | 219/854 [00:08<00:23, 26.53it/s][A

 26%|██▌       | 222/854 [00:08<00:23, 26.64it/s][A

 26%|██▋       | 225/854 [00:08<00:23, 26.70it/s][A

 27%|██▋       | 228/854 [00:08<00:23, 26.77it/s][A

 27%|██▋       | 231/854 [00:08<00:23, 26.76it/s][A

 27%|██▋       | 234/854 [00:08<00:23, 26.69it/s][A

 28%|██▊       | 237/854 [00:08<00:23, 26.58it/s][A

 28%|██▊       | 240/854 [00:09<00:23, 26.60it/s][A

 28%|██▊       | 243/854 [00:09<00:22, 26.60it/s][A

 29%|██▉       | 246/854 [00:09<00:22, 26.68it/s][A

 29%|██▉       | 249/854 [00:09<00:23, 26.25it/s][A

 30%|██▉       | 252/854 [00:09<00:22, 26.42it/s][A

 30%|██▉       | 255/854 [00:09<00:22, 26.57it/s][A

 30%|███       | 258/854 [00:09<00:22, 26.54it/s][A

 31%|███       | 261/854 [00:09<00:22, 26.60it/s][A

 31%|███       | 264/854 [00:09<00:22, 26.61it/s][A

 31%|███▏      | 267/854 [00:10<00:21, 26.78it/s][A

 32%|███▏      | 270/854 [00:10<00:21, 26.70it/s][A

 32%|███▏      | 273/854 [00:10<00:21, 26.80it/s][A

 32%|███▏      | 276/854 [00:10<00:21, 26.75it/s][A

 33%|███▎      | 279/854 [00:10<00:21, 26.77it/s][A

 33%|███▎      | 282/854 [00:10<00:21, 26.26it/s][A

 33%|███▎      | 285/854 [00:10<00:21, 25.93it/s][A

 34%|███▎      | 288/854 [00:10<00:21, 26.21it/s][A

 34%|███▍      | 291/854 [00:10<00:21, 26.40it/s][A

 34%|███▍      | 294/854 [00:11<00:21, 26.30it/s][A

 35%|███▍      | 297/854 [00:11<00:21, 26.39it/s][A

 35%|███▌      | 300/854 [00:11<00:20, 26.45it/s][A

 35%|███▌      | 303/854 [00:11<00:20, 26.65it/s][A

 36%|███▌      | 306/854 [00:11<00:20, 26.72it/s][A

 36%|███▌      | 309/854 [00:11<00:20, 26.77it/s][A

 37%|███▋      | 312/854 [00:11<00:20, 26.86it/s][A

 37%|███▋      | 315/854 [00:11<00:19, 27.02it/s][A

 37%|███▋      | 318/854 [00:11<00:19, 26.89it/s][A

 38%|███▊      | 321/854 [00:12<00:20, 26.25it/s][A

 38%|███▊      | 324/854 [00:12<00:19, 26.56it/s][A

 38%|███▊      | 327/854 [00:12<00:19, 26.78it/s][A

 39%|███▊      | 330/854 [00:12<00:19, 26.66it/s][A

 39%|███▉      | 333/854 [00:12<00:19, 26.80it/s][A

 39%|███▉      | 336/854 [00:12<00:19, 26.87it/s][A

 40%|███▉      | 339/854 [00:12<00:19, 26.86it/s][A

 40%|████      | 342/854 [00:12<00:19, 26.91it/s][A

 40%|████      | 345/854 [00:12<00:19, 26.76it/s][A

 41%|████      | 348/854 [00:13<00:18, 26.75it/s][A

 41%|████      | 351/854 [00:13<00:18, 26.69it/s][A

 41%|████▏     | 354/854 [00:13<00:19, 26.07it/s][A

 42%|████▏     | 357/854 [00:13<00:18, 26.24it/s][A

 42%|████▏     | 360/854 [00:13<00:18, 26.14it/s][A

 43%|████▎     | 363/854 [00:13<00:18, 26.16it/s][A

 43%|████▎     | 366/854 [00:13<00:18, 26.28it/s][A

 43%|████▎     | 369/854 [00:13<00:18, 26.29it/s][A

 44%|████▎     | 372/854 [00:14<00:18, 26.31it/s][A

 44%|████▍     | 375/854 [00:14<00:18, 26.46it/s][A

 44%|████▍     | 378/854 [00:14<00:17, 26.46it/s][A

 45%|████▍     | 381/854 [00:14<00:17, 26.61it/s][A

 45%|████▍     | 384/854 [00:14<00:17, 26.61it/s][A

 45%|████▌     | 387/854 [00:14<00:17, 26.71it/s][A

 46%|████▌     | 390/854 [00:14<00:17, 26.07it/s][A

 46%|████▌     | 393/854 [00:14<00:17, 26.47it/s][A

 46%|████▋     | 396/854 [00:14<00:17, 26.45it/s][A

 47%|████▋     | 399/854 [00:15<00:17, 26.39it/s][A

 47%|████▋     | 402/854 [00:15<00:17, 26.40it/s][A

 47%|████▋     | 405/854 [00:15<00:16, 26.60it/s][A

 48%|████▊     | 408/854 [00:15<00:16, 26.60it/s][A

 48%|████▊     | 411/854 [00:15<00:16, 26.64it/s][A

 48%|████▊     | 414/854 [00:15<00:16, 26.70it/s][A

 49%|████▉     | 417/854 [00:15<00:16, 26.68it/s][A

 49%|████▉     | 420/854 [00:15<00:16, 26.63it/s][A

 50%|████▉     | 423/854 [00:15<00:16, 26.12it/s][A

 50%|████▉     | 426/854 [00:16<00:16, 26.14it/s][A

 50%|█████     | 429/854 [00:16<00:16, 26.26it/s][A

 51%|█████     | 432/854 [00:16<00:15, 26.51it/s][A

 51%|█████     | 435/854 [00:16<00:15, 26.66it/s][A

 51%|█████▏    | 438/854 [00:16<00:15, 26.64it/s][A

 52%|█████▏    | 441/854 [00:16<00:15, 26.80it/s][A

 52%|█████▏    | 444/854 [00:16<00:15, 26.81it/s][A

 52%|█████▏    | 447/854 [00:16<00:15, 26.85it/s][A

 53%|█████▎    | 450/854 [00:16<00:15, 26.71it/s][A

 53%|█████▎    | 453/854 [00:17<00:15, 26.53it/s][A

 53%|█████▎    | 456/854 [00:17<00:14, 26.58it/s][A

 54%|█████▎    | 459/854 [00:17<00:15, 25.92it/s][A

 54%|█████▍    | 462/854 [00:17<00:15, 25.52it/s][A

 54%|█████▍    | 465/854 [00:17<00:15, 25.80it/s][A

 55%|█████▍    | 468/854 [00:17<00:14, 26.14it/s][A

 55%|█████▌    | 471/854 [00:17<00:14, 26.45it/s][A

 56%|█████▌    | 474/854 [00:17<00:14, 26.66it/s][A

 56%|█████▌    | 477/854 [00:17<00:14, 26.69it/s][A

 56%|█████▌    | 480/854 [00:18<00:13, 26.76it/s][A

 57%|█████▋    | 483/854 [00:18<00:13, 26.87it/s][A

 57%|█████▋    | 486/854 [00:18<00:13, 26.87it/s][A

 57%|█████▋    | 489/854 [00:18<00:13, 26.84it/s][A

 58%|█████▊    | 492/854 [00:18<00:13, 27.03it/s][A

 58%|█████▊    | 495/854 [00:18<00:13, 26.34it/s][A

 58%|█████▊    | 498/854 [00:18<00:13, 26.59it/s][A

 59%|█████▊    | 501/854 [00:18<00:13, 26.74it/s][A

 59%|█████▉    | 504/854 [00:18<00:13, 26.57it/s][A

 59%|█████▉    | 507/854 [00:19<00:13, 26.66it/s][A

 60%|█████▉    | 510/854 [00:19<00:12, 26.75it/s][A

 60%|██████    | 513/854 [00:19<00:12, 26.81it/s][A

 60%|██████    | 516/854 [00:19<00:12, 26.99it/s][A

 61%|██████    | 519/854 [00:19<00:12, 26.88it/s][A

 61%|██████    | 522/854 [00:19<00:12, 26.84it/s][A

 61%|██████▏   | 525/854 [00:19<00:12, 26.86it/s][A

 62%|██████▏   | 528/854 [00:19<00:12, 26.61it/s][A

 62%|██████▏   | 531/854 [00:20<00:12, 26.10it/s][A

 63%|██████▎   | 534/854 [00:20<00:12, 26.37it/s][A

 63%|██████▎   | 537/854 [00:20<00:11, 26.57it/s][A

 63%|██████▎   | 540/854 [00:20<00:11, 26.73it/s][A

 64%|██████▎   | 543/854 [00:20<00:11, 26.95it/s][A

 64%|██████▍   | 546/854 [00:20<00:11, 26.93it/s][A

 64%|██████▍   | 549/854 [00:20<00:11, 26.90it/s][A

 65%|██████▍   | 552/854 [00:20<00:11, 26.97it/s][A

 65%|██████▍   | 555/854 [00:20<00:11, 27.13it/s][A

 65%|██████▌   | 558/854 [00:21<00:10, 27.04it/s][A

 66%|██████▌   | 561/854 [00:21<00:10, 26.97it/s][A

 66%|██████▌   | 564/854 [00:21<00:11, 26.27it/s][A

 66%|██████▋   | 567/854 [00:21<00:10, 26.58it/s][A

 67%|██████▋   | 570/854 [00:21<00:10, 26.79it/s][A

 67%|██████▋   | 573/854 [00:21<00:10, 26.72it/s][A

 67%|██████▋   | 576/854 [00:21<00:10, 26.75it/s][A

 68%|██████▊   | 579/854 [00:21<00:10, 26.64it/s][A

 68%|██████▊   | 582/854 [00:21<00:10, 26.62it/s][A

 69%|██████▊   | 585/854 [00:22<00:10, 26.54it/s][A

 69%|██████▉   | 588/854 [00:22<00:09, 26.66it/s][A

 69%|██████▉   | 591/854 [00:22<00:09, 26.64it/s][A

 70%|██████▉   | 594/854 [00:22<00:09, 26.94it/s][A

 70%|██████▉   | 597/854 [00:22<00:09, 27.05it/s][A

 70%|███████   | 600/854 [00:22<00:09, 26.37it/s][A

 71%|███████   | 603/854 [00:22<00:09, 26.60it/s][A

 71%|███████   | 606/854 [00:22<00:09, 26.69it/s][A

 71%|███████▏  | 609/854 [00:22<00:09, 26.79it/s][A

 72%|███████▏  | 612/854 [00:23<00:09, 26.62it/s][A

 72%|███████▏  | 615/854 [00:23<00:08, 26.72it/s][A

 72%|███████▏  | 618/854 [00:23<00:08, 26.68it/s][A

 73%|███████▎  | 621/854 [00:23<00:08, 26.78it/s][A

 73%|███████▎  | 624/854 [00:23<00:08, 26.89it/s][A

 73%|███████▎  | 627/854 [00:23<00:08, 26.90it/s][A

 74%|███████▍  | 630/854 [00:23<00:08, 27.00it/s][A

 74%|███████▍  | 633/854 [00:23<00:08, 26.32it/s][A

 74%|███████▍  | 636/854 [00:23<00:08, 26.39it/s][A

 75%|███████▍  | 639/854 [00:24<00:08, 26.54it/s][A

 75%|███████▌  | 642/854 [00:24<00:07, 26.74it/s][A

 76%|███████▌  | 645/854 [00:24<00:07, 26.69it/s][A

 76%|███████▌  | 648/854 [00:24<00:07, 27.00it/s][A

 76%|███████▌  | 651/854 [00:24<00:07, 27.01it/s][A

 77%|███████▋  | 654/854 [00:24<00:07, 26.96it/s][A

 77%|███████▋  | 657/854 [00:24<00:07, 26.79it/s][A

 77%|███████▋  | 660/854 [00:24<00:07, 26.75it/s][A

 78%|███████▊  | 663/854 [00:24<00:07, 26.72it/s][A

 78%|███████▊  | 666/854 [00:25<00:07, 26.77it/s][A

 78%|███████▊  | 669/854 [00:25<00:07, 25.95it/s][A

 79%|███████▊  | 672/854 [00:25<00:06, 26.08it/s][A

 79%|███████▉  | 675/854 [00:25<00:06, 26.09it/s][A

 79%|███████▉  | 678/854 [00:25<00:06, 26.23it/s][A

 80%|███████▉  | 681/854 [00:25<00:06, 26.50it/s][A

 80%|████████  | 684/854 [00:25<00:06, 26.70it/s][A

 80%|████████  | 687/854 [00:25<00:06, 26.77it/s][A

 81%|████████  | 690/854 [00:25<00:06, 27.01it/s][A

 81%|████████  | 693/854 [00:26<00:06, 26.82it/s][A

 81%|████████▏ | 696/854 [00:26<00:05, 26.83it/s][A

 82%|████████▏ | 699/854 [00:26<00:05, 26.79it/s][A

 82%|████████▏ | 702/854 [00:26<00:05, 26.17it/s][A

 83%|████████▎ | 705/854 [00:26<00:05, 26.35it/s][A

 83%|████████▎ | 708/854 [00:26<00:05, 26.54it/s][A

 83%|████████▎ | 711/854 [00:26<00:05, 26.52it/s][A

 84%|████████▎ | 714/854 [00:26<00:05, 26.70it/s][A

 84%|████████▍ | 717/854 [00:26<00:05, 26.73it/s][A

 84%|████████▍ | 720/854 [00:27<00:05, 26.68it/s][A

 85%|████████▍ | 723/854 [00:27<00:04, 26.76it/s][A

 85%|████████▌ | 726/854 [00:27<00:04, 26.87it/s][A

 85%|████████▌ | 729/854 [00:27<00:04, 26.86it/s][A

 86%|████████▌ | 732/854 [00:27<00:04, 27.03it/s][A

 86%|████████▌ | 735/854 [00:27<00:04, 26.97it/s][A

 86%|████████▋ | 738/854 [00:27<00:04, 26.31it/s][A

 87%|████████▋ | 741/854 [00:27<00:04, 26.62it/s][A

 87%|████████▋ | 744/854 [00:27<00:04, 26.61it/s][A

 87%|████████▋ | 747/854 [00:28<00:04, 26.62it/s][A

 88%|████████▊ | 750/854 [00:28<00:03, 26.70it/s][A

 88%|████████▊ | 753/854 [00:28<00:03, 26.84it/s][A

 89%|████████▊ | 756/854 [00:28<00:03, 26.79it/s][A

 89%|████████▉ | 759/854 [00:28<00:03, 26.67it/s][A

 89%|████████▉ | 762/854 [00:28<00:03, 26.75it/s][A

 90%|████████▉ | 765/854 [00:28<00:03, 26.90it/s][A

 90%|████████▉ | 768/854 [00:28<00:03, 27.08it/s][A

 90%|█████████ | 771/854 [00:28<00:03, 26.41it/s][A

 91%|█████████ | 774/854 [00:29<00:03, 26.28it/s][A

 91%|█████████ | 777/854 [00:29<00:03, 25.63it/s][A

 91%|█████████▏| 780/854 [00:29<00:02, 26.03it/s][A

 92%|█████████▏| 783/854 [00:29<00:02, 26.11it/s][A

 92%|█████████▏| 786/854 [00:29<00:02, 26.36it/s][A

 92%|█████████▏| 789/854 [00:29<00:02, 26.54it/s][A

 93%|█████████▎| 792/854 [00:29<00:02, 26.63it/s][A

 93%|█████████▎| 795/854 [00:29<00:02, 26.69it/s][A

 93%|█████████▎| 798/854 [00:30<00:02, 26.73it/s][A

 94%|█████████▍| 801/854 [00:30<00:01, 26.71it/s][A

 94%|█████████▍| 804/854 [00:30<00:01, 26.84it/s][A

 94%|█████████▍| 807/854 [00:30<00:01, 26.84it/s][A

 95%|█████████▍| 810/854 [00:30<00:01, 26.38it/s][A

 95%|█████████▌| 813/854 [00:30<00:01, 25.87it/s][A

 96%|█████████▌| 816/854 [00:30<00:01, 26.07it/s][A

 96%|█████████▌| 819/854 [00:30<00:01, 26.20it/s][A

 96%|█████████▋| 822/854 [00:30<00:01, 26.28it/s][A

 97%|█████████▋| 825/854 [00:31<00:01, 26.42it/s][A

 97%|█████████▋| 828/854 [00:31<00:00, 26.53it/s][A

 97%|█████████▋| 831/854 [00:31<00:00, 26.48it/s][A

 98%|█████████▊| 834/854 [00:31<00:00, 26.57it/s][A

 98%|█████████▊| 837/854 [00:31<00:00, 26.62it/s][A

 98%|█████████▊| 840/854 [00:31<00:00, 26.76it/s][A

 99%|█████████▊| 843/854 [00:31<00:00, 26.05it/s][A

 99%|█████████▉| 846/854 [00:31<00:00, 26.30it/s][A

 99%|█████████▉| 849/854 [00:31<00:00, 26.53it/s][A

100%|█████████▉| 852/854 [00:32<00:00, 26.48it/s][A
100%|██████████| 854/854 [00:32<00:00, 26.57it/s]
2026-04-16 23:38:03,492 - INFO - There are 0 training samples and 256 validation samples


  0%|          | 0/256 [00:00<?, ?it/s][A2026-04-16 23:38:03,492 - INFO - ========= Example =========
2026-04-16 23:38:03,492 - INFO - Candidate: [0, 1, 2, 3, 4]
2026-04-16 23:38:03,492 - INFO - Correct candidate: 4
2026-04-16 23:38:03,500 - INFO - === Candidate 0 ===
2026-04-16 23:38:03,501 - INFO - <s>it turns out to be smarter and more diabolical than you could have guessed at the beginning. It was terrible
2026-04-16 23:38:03,501 - INFO - Log probabilities of the option tokens: tensor([nan], dtype=torch.float16)
2026-04-16 23:38:03,508 - INFO - === Candidate 1 (without context)===
2026-04-16 23:38:03,508 - INFO - <s>it turns out to be smarter and more diabolical than you could have guessed at the beginning. It was bad
2026-04-16 23:38:03,508 - INFO - Log probabilities of the option tokens: tensor([nan], dtype=torch.float16)
2026-04-16 23:38:03,516 - INFO - === Candidate 2 (without context)===
2026-04-16 23:38:03,516 - INFO - <s>it turns out to be smarter and more diabolical than you could have guessed at the beginning. It was okay
2026-04-16 23:38:03,516 - INFO - Log probabilities of the option tokens: tensor([nan], dtype=torch.float16)
2026-04-16 23:38:03,524 - INFO - === Candidate 3 (without context)===
2026-04-16 23:38:03,524 - INFO - <s>it turns out to be smarter and more diabolical than you could have guessed at the beginning. It was good
2026-04-16 23:38:03,524 - INFO - Log probabilities of the option tokens: tensor([nan], dtype=torch.float16)
2026-04-16 23:38:03,531 - INFO - === Candidate 4 (without context)===
2026-04-16 23:38:03,532 - INFO - <s>it turns out to be smarter and more diabolical than you could have guessed at the beginning. It was great
2026-04-16 23:38:03,532 - INFO - Log probabilities of the option tokens: tensor([nan], dtype=torch.float16)
2026-04-16 23:38:03,532 - INFO - Prediction scores: [nan, nan, nan, nan, nan]
2026-04-16 23:38:03,532 - INFO - ========= Example =========
2026-04-16 23:38:03,532 - INFO - Candidate: [0, 1, 2, 3, 4]
2026-04-16 23:38:03,532 - INFO - Correct candidate: 2
2026-04-16 23:38:03,541 - INFO - === Candidate 0 ===
2026-04-16 23:38:03,541 - INFO - <s>the combination of lightness and strictness in this instance gives italian for beginners an amiable aimlessness that keeps it from seeming predictably formulaic. It was terrible
2026-04-16 23:38:03,541 - INFO - Log probabilities of the option tokens: tensor([nan], dtype=torch.float16)
2026-04-16 23:38:03,549 - INFO - === Candidate 1 (without context)===
2026-04-16 23:38:03,549 - INFO - <s>the combination of lightness and strictness in this instance gives italian for beginners an amiable aimlessness that keeps it from seeming predictably formulaic. It was bad
2026-04-16 23:38:03,549 - INFO - Log probabilities of the option tokens: tensor([nan], dtype=torch.float16)
2026-04-16 23:38:03,557 - INFO - === Candidate 2 (without context)===
2026-04-16 23:38:03,557 - INFO - <s>the combination of lightness and strictness in this instance gives italian for beginners an amiable aimlessness that keeps it from seeming predictably formulaic. It was okay
2026-04-16 23:38:03,557 - INFO - Log probabilities of the option tokens: tensor([nan], dtype=torch.float16)
2026-04-16 23:38:03,565 - INFO - === Candidate 3 (without context)===
2026-04-16 23:38:03,565 - INFO - <s>the combination of lightness and strictness in this instance gives italian for beginners an amiable aimlessness that keeps it from seeming predictably formulaic. It was good
2026-04-16 23:38:03,565 - INFO - Log probabilities of the option tokens: tensor([nan], dtype=torch.float16)
2026-04-16 23:38:03,573 - INFO - === Candidate 4 (without context)===
2026-04-16 23:38:03,573 - INFO - <s>the combination of lightness and strictness in this instance gives italian for beginners an amiable aimlessness that keeps it from seeming predictably formulaic. It was great
2026-04-16 23:38:03,573 - INFO - Log probabilities of the option tokens: tensor([nan], dtype=torch.float16)
2026-04-16 23:38:03,573 - INFO - Prediction scores: [nan, nan, nan, nan, nan]
2026-04-16 23:38:03,573 - INFO - ========= Example =========
2026-04-16 23:38:03,573 - INFO - Candidate: [0, 1, 2, 3, 4]
2026-04-16 23:38:03,573 - INFO - Correct candidate: 0
2026-04-16 23:38:03,582 - INFO - === Candidate 0 ===
2026-04-16 23:38:03,582 - INFO - <s>-lrb- swimfan -rrb- falls victim to sloppy plotting, an insultingly unbelievable final act and a villainess who is too crazy to be interesting. It was terrible
2026-04-16 23:38:03,582 - INFO - Log probabilities of the option tokens: tensor([nan], dtype=torch.float16)
2026-04-16 23:38:03,590 - INFO - === Candidate 1 (without context)===
2026-04-16 23:38:03,590 - INFO - <s>-lrb- swimfan -rrb- falls victim to sloppy plotting, an insultingly unbelievable final act and a villainess who is too crazy to be interesting. It was bad
2026-04-16 23:38:03,590 - INFO - Log probabilities of the option tokens: tensor([nan], dtype=torch.float16)
2026-04-16 23:38:03,598 - INFO - === Candidate 2 (without context)===
2026-04-16 23:38:03,598 - INFO - <s>-lrb- swimfan -rrb- falls victim to sloppy plotting, an insultingly unbelievable final act and a villainess who is too crazy to be interesting. It was okay
2026-04-16 23:38:03,598 - INFO - Log probabilities of the option tokens: tensor([nan], dtype=torch.float16)
2026-04-16 23:38:03,606 - INFO - === Candidate 3 (without context)===
2026-04-16 23:38:03,606 - INFO - <s>-lrb- swimfan -rrb- falls victim to sloppy plotting, an insultingly unbelievable final act and a villainess who is too crazy to be interesting. It was good
2026-04-16 23:38:03,606 - INFO - Log probabilities of the option tokens: tensor([nan], dtype=torch.float16)
2026-04-16 23:38:03,614 - INFO - === Candidate 4 (without context)===
2026-04-16 23:38:03,614 - INFO - <s>-lrb- swimfan -rrb- falls victim to sloppy plotting, an insultingly unbelievable final act and a villainess who is too crazy to be interesting. It was great
2026-04-16 23:38:03,614 - INFO - Log probabilities of the option tokens: tensor([nan], dtype=torch.float16)
2026-04-16 23:38:03,614 - INFO - Prediction scores: [nan, nan, nan, nan, nan]


  1%|          | 3/256 [00:00<00:10, 24.48it/s][A

  2%|▏         | 6/256 [00:00<00:09, 25.82it/s][A

  4%|▎         | 9/256 [00:00<00:09, 26.55it/s][A

  5%|▍         | 12/256 [00:00<00:09, 26.57it/s][A

  6%|▌         | 15/256 [00:00<00:09, 26.67it/s][A

  7%|▋         | 18/256 [00:00<00:08, 26.74it/s][A

  8%|▊         | 21/256 [00:00<00:08, 26.69it/s][A

  9%|▉         | 24/256 [00:00<00:08, 25.92it/s][A

 11%|█         | 27/256 [00:01<00:08, 25.55it/s][A

 12%|█▏        | 30/256 [00:01<00:08, 25.87it/s][A

 13%|█▎        | 33/256 [00:01<00:08, 26.33it/s][A

 14%|█▍        | 36/256 [00:01<00:08, 26.43it/s][A

 15%|█▌        | 39/256 [00:01<00:08, 26.54it/s][A

 16%|█▋        | 42/256 [00:01<00:08, 26.55it/s][A

 18%|█▊        | 45/256 [00:01<00:07, 26.73it/s][A

 19%|█▉        | 48/256 [00:01<00:07, 26.71it/s][A

 20%|█▉        | 51/256 [00:01<00:07, 26.60it/s][A

 21%|██        | 54/256 [00:02<00:07, 26.51it/s][A

 22%|██▏       | 57/256 [00:02<00:07, 26.12it/s][A

 23%|██▎       | 60/256 [00:02<00:07, 25.60it/s][A

 25%|██▍       | 63/256 [00:02<00:07, 25.83it/s][A

 26%|██▌       | 66/256 [00:02<00:07, 26.07it/s][A

 27%|██▋       | 69/256 [00:02<00:07, 26.13it/s][A

 28%|██▊       | 72/256 [00:02<00:06, 26.49it/s][A

 29%|██▉       | 75/256 [00:02<00:06, 26.66it/s][A

 30%|███       | 78/256 [00:02<00:06, 26.73it/s][A

 32%|███▏      | 81/256 [00:03<00:06, 26.79it/s][A

 33%|███▎      | 84/256 [00:03<00:06, 26.84it/s][A

 34%|███▍      | 87/256 [00:03<00:06, 26.80it/s][A

 35%|███▌      | 90/256 [00:03<00:06, 26.82it/s][A

 36%|███▋      | 93/256 [00:03<00:06, 26.15it/s][A

 38%|███▊      | 96/256 [00:03<00:06, 26.27it/s][A

 39%|███▊      | 99/256 [00:03<00:06, 25.79it/s][A

 40%|███▉      | 102/256 [00:03<00:05, 26.18it/s][A

 41%|████      | 105/256 [00:03<00:05, 26.40it/s][A

 42%|████▏     | 108/256 [00:04<00:05, 26.47it/s][A

 43%|████▎     | 111/256 [00:04<00:05, 26.46it/s][A

 45%|████▍     | 114/256 [00:04<00:05, 26.62it/s][A

 46%|████▌     | 117/256 [00:04<00:05, 26.79it/s][A

 47%|████▋     | 120/256 [00:04<00:05, 26.78it/s][A

 48%|████▊     | 123/256 [00:04<00:04, 26.89it/s][A

 49%|████▉     | 126/256 [00:04<00:04, 26.74it/s][A

 50%|█████     | 129/256 [00:04<00:04, 26.07it/s][A

 52%|█████▏    | 132/256 [00:05<00:04, 26.32it/s][A

 53%|█████▎    | 135/256 [00:05<00:04, 26.47it/s][A

 54%|█████▍    | 138/256 [00:05<00:04, 26.70it/s][A

 55%|█████▌    | 141/256 [00:05<00:04, 26.80it/s][A

 56%|█████▋    | 144/256 [00:05<00:04, 26.97it/s][A

 57%|█████▋    | 147/256 [00:05<00:04, 26.98it/s][A

 59%|█████▊    | 150/256 [00:05<00:03, 26.84it/s][A

 60%|█████▉    | 153/256 [00:05<00:03, 26.84it/s][A

 61%|██████    | 156/256 [00:05<00:03, 26.74it/s][A

 62%|██████▏   | 159/256 [00:06<00:03, 26.67it/s][A

 63%|██████▎   | 162/256 [00:06<00:03, 26.80it/s][A

 64%|██████▍   | 165/256 [00:06<00:03, 26.00it/s][A

 66%|██████▌   | 168/256 [00:06<00:03, 25.77it/s][A

 67%|██████▋   | 171/256 [00:06<00:03, 25.95it/s][A

 68%|██████▊   | 174/256 [00:06<00:03, 26.31it/s][A

 69%|██████▉   | 177/256 [00:06<00:02, 26.54it/s][A

 70%|███████   | 180/256 [00:06<00:02, 26.51it/s][A

 71%|███████▏  | 183/256 [00:06<00:02, 26.63it/s][A

 73%|███████▎  | 186/256 [00:07<00:02, 26.72it/s][A

 74%|███████▍  | 189/256 [00:07<00:02, 26.60it/s][A

 75%|███████▌  | 192/256 [00:07<00:02, 26.64it/s][A

 76%|███████▌  | 195/256 [00:07<00:02, 26.64it/s][A

 77%|███████▋  | 198/256 [00:07<00:02, 26.19it/s][A

 79%|███████▊  | 201/256 [00:07<00:02, 25.62it/s][A

 80%|███████▉  | 204/256 [00:07<00:01, 26.13it/s][A

 81%|████████  | 207/256 [00:07<00:01, 26.34it/s][A

 82%|████████▏ | 210/256 [00:07<00:01, 26.59it/s][A

 83%|████████▎ | 213/256 [00:08<00:01, 26.86it/s][A

 84%|████████▍ | 216/256 [00:08<00:01, 26.95it/s][A

 86%|████████▌ | 219/256 [00:08<00:01, 26.90it/s][A

 87%|████████▋ | 222/256 [00:08<00:01, 26.90it/s][A

 88%|████████▊ | 225/256 [00:08<00:01, 26.77it/s][A

 89%|████████▉ | 228/256 [00:08<00:01, 26.71it/s][A

 90%|█████████ | 231/256 [00:08<00:00, 26.95it/s][A

 91%|█████████▏| 234/256 [00:08<00:00, 26.19it/s][A

 93%|█████████▎| 237/256 [00:08<00:00, 25.83it/s][A

 94%|█████████▍| 240/256 [00:09<00:00, 25.85it/s][A

 95%|█████████▍| 243/256 [00:09<00:00, 26.09it/s][A

 96%|█████████▌| 246/256 [00:09<00:00, 26.34it/s][A

 97%|█████████▋| 249/256 [00:09<00:00, 26.45it/s][A

 98%|█████████▊| 252/256 [00:09<00:00, 26.68it/s][A

100%|█████████▉| 255/256 [00:09<00:00, 26.64it/s][A
100%|██████████| 256/256 [00:09<00:00, 26.46it/s]
2026-04-16 23:38:17,000 - INFO - [sparse-mezo] global_step=1000 active_fraction=0.000000 active_params=0/1315758080 configured_ratio=0.250000 mask_strategy=percentile_per_layer scope=trainable_only
2026-04-16 23:38:20,367 - WARNING - [zo_probe] step=1000: no finite probe pairs; skipping row.

 42%|████▏     | 1001/2405 [1:09:23<7:09:02, 18.34s/it]2026-04-16 23:38:24,370 - INFO - [sparse-mezo] global_step=1001 active_fraction=0.000000 active_params=0/1315758080 configured_ratio=0.250000 mask_strategy=percentile_per_layer scope=trainable_only

 42%|████▏     | 1002/2405 [1:09:27<5:28:17, 14.04s/it]2026-04-16 23:38:28,385 - INFO - [sparse-mezo] global_step=1002 active_fraction=0.000000 active_params=0/1315758080 configured_ratio=0.250000 mask_strategy=percentile_per_layer scope=trainable_only

 42%|████▏     | 1003/2405 [1:09:31<4:17:47, 11.03s/it]2026-04-16 23:38:32,403 - INFO - [sparse-mezo] global_step=1003 active_fraction=0.000000 active_params=0/1315758080 configured_ratio=0.250000 mask_strategy=percentile_per_layer scope=trainable_only

 42%|████▏     | 1004/2405 [1:09:35<3:28:24,  8.93s/it]2026-04-16 23:38:36,390 - INFO - [sparse-mezo] global_step=1004 active_fraction=0.000000 active_params=0/1315758080 configured_ratio=0.250000 mask_strategy=percentile_per_layer scope=trainable_only

 42%|████▏     | 1005/2405 [1:09:39<2:53:41,  7.44s/it]2026-04-16 23:38:40,378 - INFO - [sparse-mezo] global_step=1005 active_fraction=0.000000 active_params=0/1315758080 configured_ratio=0.250000 mask_strategy=percentile_per_layer scope=trainable_only

 42%|████▏     | 1006/2405 [1:09:43<2:29:21,  6.41s/it]2026-04-16 23:38:44,364 - INFO - [sparse-mezo] global_step=1006 active_fraction=0.000000 active_params=0/1315758080 configured_ratio=0.250000 mask_strategy=percentile_per_layer scope=trainable_only

 42%|████▏     | 1007/2405 [1:09:47<2:12:20,  5.68s/it]2026-04-16 23:38:48,350 - INFO - [sparse-mezo] global_step=1007 active_fraction=0.000000 active_params=0/1315758080 configured_ratio=0.250000 mask_strategy=percentile_per_layer scope=trainable_only

 42%|████▏     | 1008/2405 [1:09:51<2:00:30,  5.18s/it]2026-04-16 23:38:52,348 - INFO - [sparse-mezo] global_step=1008 active_fraction=0.000000 active_params=0/1315758080 configured_ratio=0.250000 mask_strategy=percentile_per_layer scope=trainable_only

 42%|████▏     | 1009/2405 [1:09:55<1:52:16,  4.83s/it]2026-04-16 23:38:56,375 - INFO - [sparse-mezo] global_step=1009 active_fraction=0.000000 active_params=0/1315758080 configured_ratio=0.250000 mask_strategy=percentile_per_layer scope=trainable_only

 42%|████▏     | 1010/2405 [1:09:59<1:46:37,  4.59s/it]2026-04-16 23:39:00,383 - INFO - [sparse-mezo] global_step=1010 active_fraction=0.000000 active_params=0/1315758080 configured_ratio=0.250000 mask_strategy=percentile_per_layer scope=trainable_only

 42%|████▏     | 1011/2405 [1:10:03<1:42:30,  4.41s/it]2026-04-16 23:39:04,391 - INFO - [sparse-mezo] global_step=1011 active_fraction=0.000000 active_params=0/1315758080 configured_ratio=0.250000 mask_strategy=percentile_per_layer scope=trainable_only

 42%|████▏     | 1012/2405 [1:10:07<1:39:29,  4.29s/it]2026-04-16 23:39:08,398 - INFO - [sparse-mezo] global_step=1012 active_fraction=0.000000 active_params=0/1315758080 configured_ratio=0.250000 mask_strategy=percentile_per_layer scope=trainable_only

 42%|████▏     | 1013/2405 [1:10:11<1:37:32,  4.20s/it]2026-04-16 23:39:12,396 - INFO - [sparse-mezo] global_step=1013 active_fraction=0.000000 active_params=0/1315758080 configured_ratio=0.250000 mask_strategy=percentile_per_layer scope=trainable_only

 42%|████▏     | 1014/2405 [1:10:15<1:36:02,  4.14s/it]2026-04-16 23:39:16,410 - INFO - [sparse-mezo] global_step=1014 active_fraction=0.000000 active_params=0/1315758080 configured_ratio=0.250000 mask_strategy=percentile_per_layer scope=trainable_only

 42%|████▏     | 1015/2405 [1:10:19<1:35:06,  4.11s/it]2026-04-16 23:39:20,414 - INFO - [sparse-mezo] global_step=1015 active_fraction=0.000000 active_params=0/1315758080 configured_ratio=0.250000 mask_strategy=percentile_per_layer scope=trainable_only

 42%|████▏     | 1016/2405 [1:10:23<1:34:21,  4.08s/it]2026-04-16 23:39:24,418 - INFO - [sparse-mezo] global_step=1016 active_fraction=0.000000 active_params=0/1315758080 configured_ratio=0.250000 mask_strategy=percentile_per_layer scope=trainable_only

 42%|████▏     | 1017/2405 [1:10:27<1:33:40,  4.05s/it]2026-04-16 23:39:28,425 - INFO - [sparse-mezo] global_step=1017 active_fraction=0.000000 active_params=0/1315758080 configured_ratio=0.250000 mask_strategy=percentile_per_layer scope=trainable_only

 42%|████▏     | 1018/2405 [1:10:31<1:33:18,  4.04s/it]2026-04-16 23:39:32,413 - INFO - [sparse-mezo] global_step=1018 active_fraction=0.000000 active_params=0/1315758080 configured_ratio=0.250000 mask_strategy=percentile_per_layer scope=trainable_only

 42%|████▏     | 1019/2405 [1:10:35<1:32:54,  4.02s/it]2026-04-16 23:39:36,418 - INFO - [sparse-mezo] global_step=1019 active_fraction=0.000000 active_params=0/1315758080 configured_ratio=0.250000 mask_strategy=percentile_per_layer scope=trainable_only

 42%|████▏     | 1020/2405 [1:10:39<1:32:47,  4.02s/it]2026-04-16 23:39:40,417 - INFO - [sparse-mezo] global_step=1020 active_fraction=0.000000 active_params=0/1315758080 configured_ratio=0.250000 mask_strategy=percentile_per_layer scope=trainable_only

 42%|████▏     | 1021/2405 [1:10:43<1:32:29,  4.01s/it]2026-04-16 23:39:44,401 - INFO - [sparse-mezo] global_step=1021 active_fraction=0.000000 active_params=0/1315758080 configured_ratio=0.250000 mask_strategy=percentile_per_layer scope=trainable_only

 42%|████▏     | 1022/2405 [1:10:47<1:32:26,  4.01s/it]2026-04-16 23:39:48,432 - INFO - [sparse-mezo] global_step=1022 active_fraction=0.000000 active_params=0/1315758080 configured_ratio=0.250000 mask_strategy=percentile_per_layer scope=trainable_only

 43%|████▎     | 1023/2405 [1:10:51<1:32:20,  4.01s/it]2026-04-16 23:39:52,438 - INFO - [sparse-mezo] global_step=1023 active_fraction=0.000000 active_params=0/1315758080 configured_ratio=0.250000 mask_strategy=percentile_per_layer scope=trainable_only

 43%|████▎     | 1024/2405 [1:10:55<1:32:15,  4.01s/it]2026-04-16 23:39:56,429 - INFO - [sparse-mezo] global_step=1024 active_fraction=0.000000 active_params=0/1315758080 configured_ratio=0.250000 mask_strategy=percentile_per_layer scope=trainable_only

 43%|████▎     | 1025/2405 [1:10:59<1:32:08,  4.01s/it]2026-04-16 23:40:00,426 - INFO - [sparse-mezo] global_step=1025 active_fraction=0.000000 active_params=0/1315758080 configured_ratio=0.250000 mask_strategy=percentile_per_layer scope=trainable_only

 43%|████▎     | 1026/2405 [1:11:03<1:32:06,  4.01s/it]2026-04-16 23:40:04,438 - INFO - [sparse-mezo] global_step=1026 active_fraction=0.000000 active_params=0/1315758080 configured_ratio=0.250000 mask_strategy=percentile_per_layer scope=trainable_only

 43%|████▎     | 1027/2405 [1:11:07<1:31:58,  4.00s/it]2026-04-16 23:40:08,434 - INFO - [sparse-mezo] global_step=1027 active_fraction=0.000000 active_params=0/1315758080 configured_ratio=0.250000 mask_strategy=percentile_per_layer scope=trainable_only

 43%|████▎     | 1028/2405 [1:11:11<1:31:54,  4.00s/it]2026-04-16 23:40:12,439 - INFO - [sparse-mezo] global_step=1028 active_fraction=0.000000 active_params=0/1315758080 configured_ratio=0.250000 mask_strategy=percentile_per_layer scope=trainable_only

 43%|████▎     | 1029/2405 [1:11:15<1:31:46,  4.00s/it]2026-04-16 23:40:16,452 - INFO - [sparse-mezo] global_step=1029 active_fraction=0.000000 active_params=0/1315758080 configured_ratio=0.250000 mask_strategy=percentile_per_layer scope=trainable_only

 43%|████▎     | 1030/2405 [1:11:19<1:31:43,  4.00s/it]2026-04-16 23:40:20,457 - INFO - [sparse-mezo] global_step=1030 active_fraction=0.000000 active_params=0/1315758080 configured_ratio=0.250000 mask_strategy=percentile_per_layer scope=trainable_only

 43%|████▎     | 1031/2405 [1:11:23<1:31:39,  4.00s/it]2026-04-16 23:40:24,464 - INFO - [sparse-mezo] global_step=1031 active_fraction=0.000000 active_params=0/1315758080 configured_ratio=0.250000 mask_strategy=percentile_per_layer scope=trainable_only

 43%|████▎     | 1032/2405 [1:11:27<1:31:38,  4.00s/it]2026-04-16 23:40:28,470 - INFO - [sparse-mezo] global_step=1032 active_fraction=0.000000 active_params=0/1315758080 configured_ratio=0.250000 mask_strategy=percentile_per_layer scope=trainable_only

 43%|████▎     | 1033/2405 [1:11:31<1:31:38,  4.01s/it]2026-04-16 23:40:32,484 - INFO - [sparse-mezo] global_step=1033 active_fraction=0.000000 active_params=0/1315758080 configured_ratio=0.250000 mask_strategy=percentile_per_layer scope=trainable_only

 43%|████▎     | 1034/2405 [1:11:35<1:31:41,  4.01s/it]2026-04-16 23:40:36,490 - INFO - [sparse-mezo] global_step=1034 active_fraction=0.000000 active_params=0/1315758080 configured_ratio=0.250000 mask_strategy=percentile_per_layer scope=trainable_only

 43%|████▎     | 1035/2405 [1:11:39<1:31:26,  4.01s/it]2026-04-16 23:40:40,496 - INFO - [sparse-mezo] global_step=1035 active_fraction=0.000000 active_params=0/1315758080 configured_ratio=0.250000 mask_strategy=percentile_per_layer scope=trainable_only

 43%|████▎     | 1036/2405 [1:11:43<1:31:21,  4.00s/it]2026-04-16 23:40:44,481 - INFO - [sparse-mezo] global_step=1036 active_fraction=0.000000 active_params=0/1315758080 configured_ratio=0.250000 mask_strategy=percentile_per_layer scope=trainable_only

 43%|████▎     | 1037/2405 [1:11:47<1:31:11,  4.00s/it]2026-04-16 23:40:48,488 - INFO - [sparse-mezo] global_step=1037 active_fraction=0.000000 active_params=0/1315758080 configured_ratio=0.250000 mask_strategy=percentile_per_layer scope=trainable_only

 43%|████▎     | 1038/2405 [1:11:51<1:31:14,  4.00s/it]2026-04-16 23:40:52,502 - INFO - [sparse-mezo] global_step=1038 active_fraction=0.000000 active_params=0/1315758080 configured_ratio=0.250000 mask_strategy=percentile_per_layer scope=trainable_only

 43%|████▎     | 1039/2405 [1:11:55<1:31:10,  4.00s/it]2026-04-16 23:40:56,492 - INFO - [sparse-mezo] global_step=1039 active_fraction=0.000000 active_params=0/1315758080 configured_ratio=0.250000 mask_strategy=percentile_per_layer scope=trainable_only

 43%|████▎     | 1040/2405 [1:11:59<1:31:03,  4.00s/it]2026-04-16 23:41:00,507 - INFO - [sparse-mezo] global_step=1040 active_fraction=0.000000 active_params=0/1315758080 configured_ratio=0.250000 mask_strategy=percentile_per_layer scope=trainable_only

 43%|████▎     | 1041/2405 [1:12:03<1:31:11,  4.01s/it]2026-04-16 23:41:04,540 - INFO - [sparse-mezo] global_step=1041 active_fraction=0.000000 active_params=0/1315758080 configured_ratio=0.250000 mask_strategy=percentile_per_layer scope=trainable_only

 43%|████▎     | 1042/2405 [1:12:07<1:31:06,  4.01s/it]2026-04-16 23:41:08,529 - INFO - [sparse-mezo] global_step=1042 active_fraction=0.000000 active_params=0/1315758080 configured_ratio=0.250000 mask_strategy=percentile_per_layer scope=trainable_only

 43%|████▎     | 1043/2405 [1:12:11<1:30:55,  4.01s/it]2026-04-16 23:41:12,524 - INFO - [sparse-mezo] global_step=1043 active_fraction=0.000000 active_params=0/1315758080 configured_ratio=0.250000 mask_strategy=percentile_per_layer scope=trainable_only

 43%|████▎     | 1044/2405 [1:12:15<1:30:46,  4.00s/it]2026-04-16 23:41:16,518 - INFO - [sparse-mezo] global_step=1044 active_fraction=0.000000 active_params=0/1315758080 configured_ratio=0.250000 mask_strategy=percentile_per_layer scope=trainable_only

 43%|████▎     | 1045/2405 [1:12:19<1:30:38,  4.00s/it]2026-04-16 23:41:20,509 - INFO - [sparse-mezo] global_step=1045 active_fraction=0.000000 active_params=0/1315758080 configured_ratio=0.250000 mask_strategy=percentile_per_layer scope=trainable_only

 43%|████▎     | 1046/2405 [1:12:23<1:30:31,  4.00s/it]2026-04-16 23:41:24,517 - INFO - [sparse-mezo] global_step=1046 active_fraction=0.000000 active_params=0/1315758080 configured_ratio=0.250000 mask_strategy=percentile_per_layer scope=trainable_only

 44%|████▎     | 1047/2405 [1:12:27<1:30:35,  4.00s/it]2026-04-16 23:41:28,534 - INFO - [sparse-mezo] global_step=1047 active_fraction=0.000000 active_params=0/1315758080 configured_ratio=0.250000 mask_strategy=percentile_per_layer scope=trainable_only

 44%|████▎     | 1048/2405 [1:12:31<1:30:33,  4.00s/it]2026-04-16 23:41:32,524 - INFO - [sparse-mezo] global_step=1048 active_fraction=0.000000 active_params=0/1315758080 configured_ratio=0.250000 mask_strategy=percentile_per_layer scope=trainable_only

 44%|████▎     | 1049/2405 [1:12:35<1:30:27,  4.00s/it]2026-04-16 23:41:36,521 - INFO - [sparse-mezo] global_step=1049 active_fraction=0.000000 active_params=0/1315758080 configured_ratio=0.250000 mask_strategy=percentile_per_layer scope=trainable_only

 44%|████▎     | 1050/2405 [1:12:39<1:30:17,  4.00s/it]2026-04-16 23:41:40,507 - INFO - [sparse-mezo] global_step=1050 active_fraction=0.000000 active_params=0/1315758080 configured_ratio=0.250000 mask_strategy=percentile_per_layer scope=trainable_only

 44%|████▎     | 1051/2405 [1:12:43<1:30:12,  4.00s/it]2026-04-16 23:41:44,504 - INFO - [sparse-mezo] global_step=1051 active_fraction=0.000000 active_params=0/1315758080 configured_ratio=0.250000 mask_strategy=percentile_per_layer scope=trainable_only

 44%|████▎     | 1052/2405 [1:12:47<1:30:02,  3.99s/it]2026-04-16 23:41:48,506 - INFO - [sparse-mezo] global_step=1052 active_fraction=0.000000 active_params=0/1315758080 configured_ratio=0.250000 mask_strategy=percentile_per_layer scope=trainable_only

 44%|████▍     | 1053/2405 [1:12:51<1:30:07,  4.00s/it]2026-04-16 23:41:52,521 - INFO - [sparse-mezo] global_step=1053 active_fraction=0.000000 active_params=0/1315758080 configured_ratio=0.250000 mask_strategy=percentile_per_layer scope=trainable_only

 44%|████▍     | 1054/2405 [1:12:55<1:30:06,  4.00s/it]2026-04-16 23:41:56,524 - INFO - [sparse-mezo] global_step=1054 active_fraction=0.000000 active_params=0/1315758080 configured_ratio=0.250000 mask_strategy=percentile_per_layer scope=trainable_only

 44%|████▍     | 1055/2405 [1:12:59<1:30:02,  4.00s/it]2026-04-16 23:42:00,531 - INFO - [sparse-mezo] global_step=1055 active_fraction=0.000000 active_params=0/1315758080 configured_ratio=0.250000 mask_strategy=percentile_per_layer scope=trainable_only

 44%|████▍     | 1056/2405 [1:13:03<1:30:00,  4.00s/it]2026-04-16 23:42:04,538 - INFO - [sparse-mezo] global_step=1056 active_fraction=0.000000 active_params=0/1315758080 configured_ratio=0.250000 mask_strategy=percentile_per_layer scope=trainable_only

 44%|████▍     | 1057/2405 [1:13:07<1:29:58,  4.00s/it]2026-04-16 23:42:08,545 - INFO - [sparse-mezo] global_step=1057 active_fraction=0.000000 active_params=0/1315758080 configured_ratio=0.250000 mask_strategy=percentile_per_layer scope=trainable_only

 44%|████▍     | 1058/2405 [1:13:11<1:29:58,  4.01s/it]2026-04-16 23:42:12,560 - INFO - [sparse-mezo] global_step=1058 active_fraction=0.000000 active_params=0/1315758080 configured_ratio=0.250000 mask_strategy=percentile_per_layer scope=trainable_only

 44%|████▍     | 1059/2405 [1:13:15<1:29:54,  4.01s/it]2026-04-16 23:42:16,564 - INFO - [sparse-mezo] global_step=1059 active_fraction=0.000000 active_params=0/1315758080 configured_ratio=0.250000 mask_strategy=percentile_per_layer scope=trainable_only

 44%|████▍     | 1060/2405 [1:13:19<1:29:52,  4.01s/it]2026-04-16 23:42:20,561 - INFO - [sparse-mezo] global_step=1060 active_fraction=0.000000 active_params=0/1315758080 configured_ratio=0.250000 mask_strategy=percentile_per_layer scope=trainable_only

 44%|████▍     | 1061/2405 [1:13:23<1:29:39,  4.00s/it]2026-04-16 23:42:24,551 - INFO - [sparse-mezo] global_step=1061 active_fraction=0.000000 active_params=0/1315758080 configured_ratio=0.250000 mask_strategy=percentile_per_layer scope=trainable_only

 44%|████▍     | 1062/2405 [1:13:27<1:29:30,  4.00s/it]2026-04-16 23:42:28,540 - INFO - [sparse-mezo] global_step=1062 active_fraction=0.000000 active_params=0/1315758080 configured_ratio=0.250000 mask_strategy=percentile_per_layer scope=trainable_only

 44%|████▍     | 1063/2405 [1:13:31<1:29:22,  4.00s/it]2026-04-16 23:42:32,545 - INFO - [sparse-mezo] global_step=1063 active_fraction=0.000000 active_params=0/1315758080 configured_ratio=0.250000 mask_strategy=percentile_per_layer scope=trainable_only

 44%|████▍     | 1064/2405 [1:13:35<1:29:22,  4.00s/it]2026-04-16 23:42:36,550 - INFO - [sparse-mezo] global_step=1064 active_fraction=0.000000 active_params=0/1315758080 configured_ratio=0.250000 mask_strategy=percentile_per_layer scope=trainable_only

 44%|████▍     | 1065/2405 [1:13:39<1:29:28,  4.01s/it]2026-04-16 23:42:40,576 - INFO - [sparse-mezo] global_step=1065 active_fraction=0.000000 active_params=0/1315758080 configured_ratio=0.250000 mask_strategy=percentile_per_layer scope=trainable_only

 44%|████▍     | 1066/2405 [1:13:43<1:29:22,  4.00s/it]2026-04-16 23:42:44,561 - INFO - [sparse-mezo] global_step=1066 active_fraction=0.000000 active_params=0/1315758080 configured_ratio=0.250000 mask_strategy=percentile_per_layer scope=trainable_only

 44%|████▍     | 1067/2405 [1:13:47<1:29:12,  4.00s/it]2026-04-16 23:42:48,551 - INFO - [sparse-mezo] global_step=1067 active_fraction=0.000000 active_params=0/1315758080 configured_ratio=0.250000 mask_strategy=percentile_per_layer scope=trainable_only

 44%|████▍     | 1068/2405 [1:13:51<1:29:12,  4.00s/it]2026-04-16 23:42:52,576 - INFO - [sparse-mezo] global_step=1068 active_fraction=0.000000 active_params=0/1315758080 configured_ratio=0.250000 mask_strategy=percentile_per_layer scope=trainable_only

 44%|████▍     | 1069/2405 [1:13:55<1:29:13,  4.01s/it]2026-04-16 23:42:56,593 - INFO - [sparse-mezo] global_step=1069 active_fraction=0.000000 active_params=0/1315758080 configured_ratio=0.250000 mask_strategy=percentile_per_layer scope=trainable_only

 44%|████▍     | 1070/2405 [1:13:59<1:29:09,  4.01s/it]2026-04-16 23:43:00,599 - INFO - [sparse-mezo] global_step=1070 active_fraction=0.000000 active_params=0/1315758080 configured_ratio=0.250000 mask_strategy=percentile_per_layer scope=trainable_only

 45%|████▍     | 1071/2405 [1:14:03<1:29:05,  4.01s/it]2026-04-16 23:43:04,606 - INFO - [sparse-mezo] global_step=1071 active_fraction=0.000000 active_params=0/1315758080 configured_ratio=0.250000 mask_strategy=percentile_per_layer scope=trainable_only

 45%|████▍     | 1072/2405 [1:14:07<1:29:05,  4.01s/it]2026-04-16 23:43:08,625 - INFO - [sparse-mezo] global_step=1072 active_fraction=0.000000 active_params=0/1315758080 configured_ratio=0.250000 mask_strategy=percentile_per_layer scope=trainable_only

 45%|████▍     | 1073/2405 [1:14:11<1:29:01,  4.01s/it]2026-04-16 23:43:12,638 - INFO - [sparse-mezo] global_step=1073 active_fraction=0.000000 active_params=0/1315758080 configured_ratio=0.250000 mask_strategy=percentile_per_layer scope=trainable_only

 45%|████▍     | 1074/2405 [1:14:15<1:28:57,  4.01s/it]2026-04-16 23:43:16,655 - INFO - [sparse-mezo] global_step=1074 active_fraction=0.000000 active_params=0/1315758080 configured_ratio=0.250000 mask_strategy=percentile_per_layer scope=trainable_only

 45%|████▍     | 1075/2405 [1:14:19<1:28:56,  4.01s/it]2026-04-16 23:43:20,641 - INFO - [sparse-mezo] global_step=1075 active_fraction=0.000000 active_params=0/1315758080 configured_ratio=0.250000 mask_strategy=percentile_per_layer scope=trainable_only

 45%|████▍     | 1076/2405 [1:14:23<1:28:45,  4.01s/it]2026-04-16 23:43:24,658 - INFO - [sparse-mezo] global_step=1076 active_fraction=0.000000 active_params=0/1315758080 configured_ratio=0.250000 mask_strategy=percentile_per_layer scope=trainable_only

 45%|████▍     | 1077/2405 [1:14:27<1:28:41,  4.01s/it]2026-04-16 23:43:28,649 - INFO - [sparse-mezo] global_step=1077 active_fraction=0.000000 active_params=0/1315758080 configured_ratio=0.250000 mask_strategy=percentile_per_layer scope=trainable_only

 45%|████▍     | 1078/2405 [1:14:31<1:28:38,  4.01s/it]2026-04-16 23:43:32,673 - INFO - [sparse-mezo] global_step=1078 active_fraction=0.000000 active_params=0/1315758080 configured_ratio=0.250000 mask_strategy=percentile_per_layer scope=trainable_only

 45%|████▍     | 1079/2405 [1:14:35<1:28:36,  4.01s/it]2026-04-16 23:43:36,690 - INFO - [sparse-mezo] global_step=1079 active_fraction=0.000000 active_params=0/1315758080 configured_ratio=0.250000 mask_strategy=percentile_per_layer scope=trainable_only

 45%|████▍     | 1080/2405 [1:14:39<1:28:36,  4.01s/it]2026-04-16 23:43:40,706 - INFO - [sparse-mezo] global_step=1080 active_fraction=0.000000 active_params=0/1315758080 configured_ratio=0.250000 mask_strategy=percentile_per_layer scope=trainable_only

 45%|████▍     | 1081/2405 [1:14:43<1:28:30,  4.01s/it]2026-04-16 23:43:44,712 - INFO - [sparse-mezo] global_step=1081 active_fraction=0.000000 active_params=0/1315758080 configured_ratio=0.250000 mask_strategy=percentile_per_layer scope=trainable_only

 45%|████▍     | 1082/2405 [1:14:47<1:28:24,  4.01s/it]2026-04-16 23:43:48,701 - INFO - [sparse-mezo] global_step=1082 active_fraction=0.000000 active_params=0/1315758080 configured_ratio=0.250000 mask_strategy=percentile_per_layer scope=trainable_only

 45%|████▌     | 1083/2405 [1:14:51<1:28:19,  4.01s/it]2026-04-16 23:43:52,711 - INFO - [sparse-mezo] global_step=1083 active_fraction=0.000000 active_params=0/1315758080 configured_ratio=0.250000 mask_strategy=percentile_per_layer scope=trainable_only

 45%|████▌     | 1084/2405 [1:14:55<1:28:08,  4.00s/it]2026-04-16 23:43:56,715 - INFO - [sparse-mezo] global_step=1084 active_fraction=0.000000 active_params=0/1315758080 configured_ratio=0.250000 mask_strategy=percentile_per_layer scope=trainable_only

 45%|████▌     | 1085/2405 [1:14:59<1:28:04,  4.00s/it]2026-04-16 23:44:00,721 - INFO - [sparse-mezo] global_step=1085 active_fraction=0.000000 active_params=0/1315758080 configured_ratio=0.250000 mask_strategy=percentile_per_layer scope=trainable_only

 45%|████▌     | 1086/2405 [1:15:03<1:27:59,  4.00s/it]2026-04-16 23:44:04,705 - INFO - [sparse-mezo] global_step=1086 active_fraction=0.000000 active_params=0/1315758080 configured_ratio=0.250000 mask_strategy=percentile_per_layer scope=trainable_only

 45%|████▌     | 1087/2405 [1:15:07<1:27:48,  4.00s/it]2026-04-16 23:44:08,704 - INFO - [sparse-mezo] global_step=1087 active_fraction=0.000000 active_params=0/1315758080 configured_ratio=0.250000 mask_strategy=percentile_per_layer scope=trainable_only

 45%|████▌     | 1088/2405 [1:15:11<1:27:50,  4.00s/it]2026-04-16 23:44:12,701 - INFO - [sparse-mezo] global_step=1088 active_fraction=0.000000 active_params=0/1315758080 configured_ratio=0.250000 mask_strategy=percentile_per_layer scope=trainable_only

 45%|████▌     | 1089/2405 [1:15:15<1:27:38,  4.00s/it]2026-04-16 23:44:16,702 - INFO - [sparse-mezo] global_step=1089 active_fraction=0.000000 active_params=0/1315758080 configured_ratio=0.250000 mask_strategy=percentile_per_layer scope=trainable_only

 45%|████▌     | 1090/2405 [1:15:19<1:27:40,  4.00s/it]2026-04-16 23:44:20,695 - INFO - [sparse-mezo] global_step=1090 active_fraction=0.000000 active_params=0/1315758080 configured_ratio=0.250000 mask_strategy=percentile_per_layer scope=trainable_only

 45%|████▌     | 1091/2405 [1:15:23<1:27:41,  4.00s/it]2026-04-16 23:44:24,708 - INFO - [sparse-mezo] global_step=1091 active_fraction=0.000000 active_params=0/1315758080 configured_ratio=0.250000 mask_strategy=percentile_per_layer scope=trainable_only

 45%|████▌     | 1092/2405 [1:15:27<1:27:31,  4.00s/it]2026-04-16 23:44:28,698 - INFO - [sparse-mezo] global_step=1092 active_fraction=0.000000 active_params=0/1315758080 configured_ratio=0.250000 mask_strategy=percentile_per_layer scope=trainable_only

 45%|████▌     | 1093/2405 [1:15:31<1:27:25,  4.00s/it]2026-04-16 23:44:32,693 - INFO - [sparse-mezo] global_step=1093 active_fraction=0.000000 active_params=0/1315758080 configured_ratio=0.250000 mask_strategy=percentile_per_layer scope=trainable_only

 45%|████▌     | 1094/2405 [1:15:35<1:27:21,  4.00s/it]2026-04-16 23:44:36,709 - INFO - [sparse-mezo] global_step=1094 active_fraction=0.000000 active_params=0/1315758080 configured_ratio=0.250000 mask_strategy=percentile_per_layer scope=trainable_only

 46%|████▌     | 1095/2405 [1:15:39<1:27:24,  4.00s/it]2026-04-16 23:44:40,724 - INFO - [sparse-mezo] global_step=1095 active_fraction=0.000000 active_params=0/1315758080 configured_ratio=0.250000 mask_strategy=percentile_per_layer scope=trainable_only

 46%|████▌     | 1096/2405 [1:15:43<1:27:29,  4.01s/it]2026-04-16 23:44:44,749 - INFO - [sparse-mezo] global_step=1096 active_fraction=0.000000 active_params=0/1315758080 configured_ratio=0.250000 mask_strategy=percentile_per_layer scope=trainable_only

 46%|████▌     | 1097/2405 [1:15:47<1:27:27,  4.01s/it]2026-04-16 23:44:48,765 - INFO - [sparse-mezo] global_step=1097 active_fraction=0.000000 active_params=0/1315758080 configured_ratio=0.250000 mask_strategy=percentile_per_layer scope=trainable_only

 46%|████▌     | 1098/2405 [1:15:51<1:27:24,  4.01s/it]2026-04-16 23:44:52,763 - INFO - [sparse-mezo] global_step=1098 active_fraction=0.000000 active_params=0/1315758080 configured_ratio=0.250000 mask_strategy=percentile_per_layer scope=trainable_only

 46%|████▌     | 1099/2405 [1:15:55<1:27:15,  4.01s/it]2026-04-16 23:44:56,761 - INFO - [sparse-mezo] global_step=1099 active_fraction=0.000000 active_params=0/1315758080 configured_ratio=0.250000 mask_strategy=percentile_per_layer scope=trainable_only

 46%|████▌     | 1100/2405 [1:15:59<1:27:07,  4.01s/it]2026-04-16 23:45:00,758 - INFO - [sparse-mezo] global_step=1100 active_fraction=0.000000 active_params=0/1315758080 configured_ratio=0.250000 mask_strategy=percentile_per_layer scope=trainable_only
2026-04-16 23:45:04,680 - WARNING - [zo_probe] step=1100: no finite probe pairs; skipping row.

 46%|████▌     | 1101/2405 [1:16:07<1:52:33,  5.18s/it]2026-04-16 23:45:08,695 - INFO - [sparse-mezo] global_step=1101 active_fraction=0.000000 active_params=0/1315758080 configured_ratio=0.250000 mask_strategy=percentile_per_layer scope=trainable_only

 46%|████▌     | 1102/2405 [1:16:11<1:44:50,  4.83s/it]2026-04-16 23:45:12,702 - INFO - [sparse-mezo] global_step=1102 active_fraction=0.000000 active_params=0/1315758080 configured_ratio=0.250000 mask_strategy=percentile_per_layer scope=trainable_only

 46%|████▌     | 1103/2405 [1:16:15<1:39:24,  4.58s/it]2026-04-16 23:45:16,709 - INFO - [sparse-mezo] global_step=1103 active_fraction=0.000000 active_params=0/1315758080 configured_ratio=0.250000 mask_strategy=percentile_per_layer scope=trainable_only

 46%|████▌     | 1104/2405 [1:16:19<1:35:36,  4.41s/it]2026-04-16 23:45:20,716 - INFO - [sparse-mezo] global_step=1104 active_fraction=0.000000 active_params=0/1315758080 configured_ratio=0.250000 mask_strategy=percentile_per_layer scope=trainable_only

 46%|████▌     | 1105/2405 [1:16:23<1:32:55,  4.29s/it]2026-04-16 23:45:24,724 - INFO - [sparse-mezo] global_step=1105 active_fraction=0.000000 active_params=0/1315758080 configured_ratio=0.250000 mask_strategy=percentile_per_layer scope=trainable_only

 46%|████▌     | 1106/2405 [1:16:27<1:30:59,  4.20s/it]2026-04-16 23:45:28,710 - INFO - [sparse-mezo] global_step=1106 active_fraction=0.000000 active_params=0/1315758080 configured_ratio=0.250000 mask_strategy=percentile_per_layer scope=trainable_only

 46%|████▌     | 1107/2405 [1:16:31<1:29:35,  4.14s/it]2026-04-16 23:45:32,728 - INFO - [sparse-mezo] global_step=1107 active_fraction=0.000000 active_params=0/1315758080 configured_ratio=0.250000 mask_strategy=percentile_per_layer scope=trainable_only

 46%|████▌     | 1108/2405 [1:16:35<1:28:40,  4.10s/it]2026-04-16 23:45:36,718 - INFO - [sparse-mezo] global_step=1108 active_fraction=0.000000 active_params=0/1315758080 configured_ratio=0.250000 mask_strategy=percentile_per_layer scope=trainable_only

 46%|████▌     | 1109/2405 [1:16:39<1:27:56,  4.07s/it]2026-04-16 23:45:40,716 - INFO - [sparse-mezo] global_step=1109 active_fraction=0.000000 active_params=0/1315758080 configured_ratio=0.250000 mask_strategy=percentile_per_layer scope=trainable_only

 46%|████▌     | 1110/2405 [1:16:43<1:27:28,  4.05s/it]2026-04-16 23:45:44,727 - INFO - [sparse-mezo] global_step=1110 active_fraction=0.000000 active_params=0/1315758080 configured_ratio=0.250000 mask_strategy=percentile_per_layer scope=trainable_only

 46%|████▌     | 1111/2405 [1:16:47<1:27:05,  4.04s/it]2026-04-16 23:45:48,731 - INFO - [sparse-mezo] global_step=1111 active_fraction=0.000000 active_params=0/1315758080 configured_ratio=0.250000 mask_strategy=percentile_per_layer scope=trainable_only

 46%|████▌     | 1112/2405 [1:16:51<1:26:42,  4.02s/it]2026-04-16 23:45:52,737 - INFO - [sparse-mezo] global_step=1112 active_fraction=0.000000 active_params=0/1315758080 configured_ratio=0.250000 mask_strategy=percentile_per_layer scope=trainable_only

 46%|████▋     | 1113/2405 [1:16:55<1:26:35,  4.02s/it]2026-04-16 23:45:56,752 - INFO - [sparse-mezo] global_step=1113 active_fraction=0.000000 active_params=0/1315758080 configured_ratio=0.250000 mask_strategy=percentile_per_layer scope=trainable_only

 46%|████▋     | 1114/2405 [1:16:59<1:26:24,  4.02s/it]2026-04-16 23:46:00,739 - INFO - [sparse-mezo] global_step=1114 active_fraction=0.000000 active_params=0/1315758080 configured_ratio=0.250000 mask_strategy=percentile_per_layer scope=trainable_only

 46%|████▋     | 1115/2405 [1:17:03<1:26:13,  4.01s/it]2026-04-16 23:46:04,752 - INFO - [sparse-mezo] global_step=1115 active_fraction=0.000000 active_params=0/1315758080 configured_ratio=0.250000 mask_strategy=percentile_per_layer scope=trainable_only

 46%|████▋     | 1116/2405 [1:17:07<1:26:10,  4.01s/it]2026-04-16 23:46:08,750 - INFO - [sparse-mezo] global_step=1116 active_fraction=0.000000 active_params=0/1315758080 configured_ratio=0.250000 mask_strategy=percentile_per_layer scope=trainable_only

 46%|████▋     | 1117/2405 [1:17:11<1:25:58,  4.00s/it]2026-04-16 23:46:12,740 - INFO - [sparse-mezo] global_step=1117 active_fraction=0.000000 active_params=0/1315758080 configured_ratio=0.250000 mask_strategy=percentile_per_layer scope=trainable_only

 46%|████▋     | 1118/2405 [1:17:15<1:25:48,  4.00s/it]2026-04-16 23:46:16,727 - INFO - [sparse-mezo] global_step=1118 active_fraction=0.000000 active_params=0/1315758080 configured_ratio=0.250000 mask_strategy=percentile_per_layer scope=trainable_only

 47%|████▋     | 1119/2405 [1:17:19<1:25:42,  4.00s/it]2026-04-16 23:46:20,727 - INFO - [sparse-mezo] global_step=1119 active_fraction=0.000000 active_params=0/1315758080 configured_ratio=0.250000 mask_strategy=percentile_per_layer scope=trainable_only

 47%|████▋     | 1120/2405 [1:17:23<1:25:35,  4.00s/it]2026-04-16 23:46:24,717 - INFO - [sparse-mezo] global_step=1120 active_fraction=0.000000 active_params=0/1315758080 configured_ratio=0.250000 mask_strategy=percentile_per_layer scope=trainable_only

 47%|████▋     | 1121/2405 [1:17:27<1:25:36,  4.00s/it]2026-04-16 23:46:28,743 - INFO - [sparse-mezo] global_step=1121 active_fraction=0.000000 active_params=0/1315758080 configured_ratio=0.250000 mask_strategy=percentile_per_layer scope=trainable_only

 47%|████▋     | 1122/2405 [1:17:31<1:25:38,  4.01s/it]2026-04-16 23:46:32,760 - INFO - [sparse-mezo] global_step=1122 active_fraction=0.000000 active_params=0/1315758080 configured_ratio=0.250000 mask_strategy=percentile_per_layer scope=trainable_only

 47%|████▋     | 1123/2405 [1:17:35<1:25:35,  4.01s/it]2026-04-16 23:46:36,749 - INFO - [sparse-mezo] global_step=1123 active_fraction=0.000000 active_params=0/1315758080 configured_ratio=0.250000 mask_strategy=percentile_per_layer scope=trainable_only

 47%|████▋     | 1124/2405 [1:17:39<1:25:28,  4.00s/it]2026-04-16 23:46:40,746 - INFO - [sparse-mezo] global_step=1124 active_fraction=0.000000 active_params=0/1315758080 configured_ratio=0.250000 mask_strategy=percentile_per_layer scope=trainable_only

 47%|████▋     | 1125/2405 [1:17:43<1:25:22,  4.00s/it]2026-04-16 23:46:44,745 - INFO - [sparse-mezo] global_step=1125 active_fraction=0.000000 active_params=0/1315758080 configured_ratio=0.250000 mask_strategy=percentile_per_layer scope=trainable_only

 47%|████▋     | 1126/2405 [1:17:47<1:25:13,  4.00s/it]2026-04-16 23:46:48,904 - INFO - [sparse-mezo] global_step=1126 active_fraction=0.000000 active_params=0/1315758080 configured_ratio=0.250000 mask_strategy=percentile_per_layer scope=trainable_only

 47%|████▋     | 1127/2405 [1:17:52<1:26:15,  4.05s/it]2026-04-16 23:46:52,930 - INFO - [sparse-mezo] global_step=1127 active_fraction=0.000000 active_params=0/1315758080 configured_ratio=0.250000 mask_strategy=percentile_per_layer scope=trainable_only

 47%|████▋     | 1128/2405 [1:17:56<1:25:56,  4.04s/it]2026-04-16 23:46:56,933 - INFO - [sparse-mezo] global_step=1128 active_fraction=0.000000 active_params=0/1315758080 configured_ratio=0.250000 mask_strategy=percentile_per_layer scope=trainable_only

 47%|████▋     | 1129/2405 [1:18:00<1:25:44,  4.03s/it]2026-04-16 23:47:00,946 - INFO - [sparse-mezo] global_step=1129 active_fraction=0.000000 active_params=0/1315758080 configured_ratio=0.250000 mask_strategy=percentile_per_layer scope=trainable_only

 47%|████▋     | 1130/2405 [1:18:04<1:25:32,  4.03s/it]2026-04-16 23:47:04,962 - INFO - [sparse-mezo] global_step=1130 active_fraction=0.000000 active_params=0/1315758080 configured_ratio=0.250000 mask_strategy=percentile_per_layer scope=trainable_only

 47%|████▋     | 1131/2405 [1:18:08<1:25:19,  4.02s/it]2026-04-16 23:47:08,947 - INFO - [sparse-mezo] global_step=1131 active_fraction=0.000000 active_params=0/1315758080 configured_ratio=0.250000 mask_strategy=percentile_per_layer scope=trainable_only

 47%|████▋     | 1132/2405 [1:18:12<1:25:12,  4.02s/it]2026-04-16 23:47:12,974 - INFO - [sparse-mezo] global_step=1132 active_fraction=0.000000 active_params=0/1315758080 configured_ratio=0.250000 mask_strategy=percentile_per_layer scope=trainable_only

 47%|████▋     | 1133/2405 [1:18:16<1:25:03,  4.01s/it]2026-04-16 23:47:16,957 - INFO - [sparse-mezo] global_step=1133 active_fraction=0.000000 active_params=0/1315758080 configured_ratio=0.250000 mask_strategy=percentile_per_layer scope=trainable_only

 47%|████▋     | 1134/2405 [1:18:20<1:24:53,  4.01s/it]2026-04-16 23:47:20,957 - INFO - [sparse-mezo] global_step=1134 active_fraction=0.000000 active_params=0/1315758080 configured_ratio=0.250000 mask_strategy=percentile_per_layer scope=trainable_only

 47%|████▋     | 1135/2405 [1:18:24<1:24:43,  4.00s/it]2026-04-16 23:47:24,947 - INFO - [sparse-mezo] global_step=1135 active_fraction=0.000000 active_params=0/1315758080 configured_ratio=0.250000 mask_strategy=percentile_per_layer scope=trainable_only

 47%|████▋     | 1136/2405 [1:18:28<1:24:37,  4.00s/it]2026-04-16 23:47:28,946 - INFO - [sparse-mezo] global_step=1136 active_fraction=0.000000 active_params=0/1315758080 configured_ratio=0.250000 mask_strategy=percentile_per_layer scope=trainable_only

 47%|████▋     | 1137/2405 [1:18:32<1:24:29,  4.00s/it]2026-04-16 23:47:32,951 - INFO - [sparse-mezo] global_step=1137 active_fraction=0.000000 active_params=0/1315758080 configured_ratio=0.250000 mask_strategy=percentile_per_layer scope=trainable_only

 47%|████▋     | 1138/2405 [1:18:36<1:24:31,  4.00s/it]2026-04-16 23:47:36,951 - INFO - [sparse-mezo] global_step=1138 active_fraction=0.000000 active_params=0/1315758080 configured_ratio=0.250000 mask_strategy=percentile_per_layer scope=trainable_only

 47%|████▋     | 1139/2405 [1:18:40<1:24:26,  4.00s/it]2026-04-16 23:47:40,948 - INFO - [sparse-mezo] global_step=1139 active_fraction=0.000000 active_params=0/1315758080 configured_ratio=0.250000 mask_strategy=percentile_per_layer scope=trainable_only

 47%|████▋     | 1140/2405 [1:18:44<1:24:24,  4.00s/it]2026-04-16 23:47:44,954 - INFO - [sparse-mezo] global_step=1140 active_fraction=0.000000 active_params=0/1315758080 configured_ratio=0.250000 mask_strategy=percentile_per_layer scope=trainable_only

 47%|████▋     | 1141/2405 [1:18:48<1:24:17,  4.00s/it]2026-04-16 23:47:48,971 - INFO - [sparse-mezo] global_step=1141 active_fraction=0.000000 active_params=0/1315758080 configured_ratio=0.250000 mask_strategy=percentile_per_layer scope=trainable_only

 47%|████▋     | 1142/2405 [1:18:52<1:24:16,  4.00s/it]2026-04-16 23:47:52,960 - INFO - [sparse-mezo] global_step=1142 active_fraction=0.000000 active_params=0/1315758080 configured_ratio=0.250000 mask_strategy=percentile_per_layer scope=trainable_only

 48%|████▊     | 1143/2405 [1:18:56<1:24:10,  4.00s/it]2026-04-16 23:47:56,959 - INFO - [sparse-mezo] global_step=1143 active_fraction=0.000000 active_params=0/1315758080 configured_ratio=0.250000 mask_strategy=percentile_per_layer scope=trainable_only

 48%|████▊     | 1144/2405 [1:19:00<1:24:05,  4.00s/it]2026-04-16 23:48:00,958 - INFO - [sparse-mezo] global_step=1144 active_fraction=0.000000 active_params=0/1315758080 configured_ratio=0.250000 mask_strategy=percentile_per_layer scope=trainable_only

 48%|████▊     | 1145/2405 [1:19:04<1:24:00,  4.00s/it]2026-04-16 23:48:04,976 - INFO - [sparse-mezo] global_step=1145 active_fraction=0.000000 active_params=0/1315758080 configured_ratio=0.250000 mask_strategy=percentile_per_layer scope=trainable_only

 48%|████▊     | 1146/2405 [1:19:08<1:24:02,  4.01s/it]2026-04-16 23:48:08,974 - INFO - [sparse-mezo] global_step=1146 active_fraction=0.000000 active_params=0/1315758080 configured_ratio=0.250000 mask_strategy=percentile_per_layer scope=trainable_only

 48%|████▊     | 1147/2405 [1:19:12<1:23:55,  4.00s/it]2026-04-16 23:48:12,971 - INFO - [sparse-mezo] global_step=1147 active_fraction=0.000000 active_params=0/1315758080 configured_ratio=0.250000 mask_strategy=percentile_per_layer scope=trainable_only

 48%|████▊     | 1148/2405 [1:19:16<1:23:49,  4.00s/it]2026-04-16 23:48:16,968 - INFO - [sparse-mezo] global_step=1148 active_fraction=0.000000 active_params=0/1315758080 configured_ratio=0.250000 mask_strategy=percentile_per_layer scope=trainable_only

 48%|████▊     | 1149/2405 [1:19:20<1:23:44,  4.00s/it]2026-04-16 23:48:20,968 - INFO - [sparse-mezo] global_step=1149 active_fraction=0.000000 active_params=0/1315758080 configured_ratio=0.250000 mask_strategy=percentile_per_layer scope=trainable_only

 48%|████▊     | 1150/2405 [1:19:24<1:23:38,  4.00s/it]2026-04-16 23:48:24,963 - INFO - [sparse-mezo] global_step=1150 active_fraction=0.000000 active_params=0/1315758080 configured_ratio=0.250000 mask_strategy=percentile_per_layer scope=trainable_only

 48%|████▊     | 1151/2405 [1:19:28<1:23:33,  4.00s/it]2026-04-16 23:48:28,957 - INFO - [sparse-mezo] global_step=1151 active_fraction=0.000000 active_params=0/1315758080 configured_ratio=0.250000 mask_strategy=percentile_per_layer scope=trainable_only

 48%|████▊     | 1152/2405 [1:19:32<1:23:29,  4.00s/it]2026-04-16 23:48:32,957 - INFO - [sparse-mezo] global_step=1152 active_fraction=0.000000 active_params=0/1315758080 configured_ratio=0.250000 mask_strategy=percentile_per_layer scope=trainable_only

 48%|████▊     | 1153/2405 [1:19:36<1:23:26,  4.00s/it]2026-04-16 23:48:36,957 - INFO - [sparse-mezo] global_step=1153 active_fraction=0.000000 active_params=0/1315758080 configured_ratio=0.250000 mask_strategy=percentile_per_layer scope=trainable_only

 48%|████▊     | 1154/2405 [1:19:40<1:23:23,  4.00s/it]2026-04-16 23:48:40,958 - INFO - [sparse-mezo] global_step=1154 active_fraction=0.000000 active_params=0/1315758080 configured_ratio=0.250000 mask_strategy=percentile_per_layer scope=trainable_only

 48%|████▊     | 1155/2405 [1:19:44<1:23:18,  4.00s/it]2026-04-16 23:48:44,955 - INFO - [sparse-mezo] global_step=1155 active_fraction=0.000000 active_params=0/1315758080 configured_ratio=0.250000 mask_strategy=percentile_per_layer scope=trainable_only

 48%|████▊     | 1156/2405 [1:19:48<1:23:14,  4.00s/it]2026-04-16 23:48:48,953 - INFO - [sparse-mezo] global_step=1156 active_fraction=0.000000 active_params=0/1315758080 configured_ratio=0.250000 mask_strategy=percentile_per_layer scope=trainable_only

 48%|████▊     | 1157/2405 [1:19:52<1:23:04,  3.99s/it]2026-04-16 23:48:52,938 - INFO - [sparse-mezo] global_step=1157 active_fraction=0.000000 active_params=0/1315758080 configured_ratio=0.250000 mask_strategy=percentile_per_layer scope=trainable_only

 48%|████▊     | 1158/2405 [1:19:56<1:22:59,  3.99s/it]2026-04-16 23:48:56,926 - INFO - [sparse-mezo] global_step=1158 active_fraction=0.000000 active_params=0/1315758080 configured_ratio=0.250000 mask_strategy=percentile_per_layer scope=trainable_only

 48%|████▊     | 1159/2405 [1:20:00<1:22:56,  3.99s/it]2026-04-16 23:49:00,923 - INFO - [sparse-mezo] global_step=1159 active_fraction=0.000000 active_params=0/1315758080 configured_ratio=0.250000 mask_strategy=percentile_per_layer scope=trainable_only

 48%|████▊     | 1160/2405 [1:20:04<1:22:53,  4.00s/it]2026-04-16 23:49:04,940 - INFO - [sparse-mezo] global_step=1160 active_fraction=0.000000 active_params=0/1315758080 configured_ratio=0.250000 mask_strategy=percentile_per_layer scope=trainable_only

 48%|████▊     | 1161/2405 [1:20:08<1:22:54,  4.00s/it]2026-04-16 23:49:08,931 - INFO - [sparse-mezo] global_step=1161 active_fraction=0.000000 active_params=0/1315758080 configured_ratio=0.250000 mask_strategy=percentile_per_layer scope=trainable_only

 48%|████▊     | 1162/2405 [1:20:12<1:22:50,  4.00s/it]2026-04-16 23:49:12,930 - INFO - [sparse-mezo] global_step=1162 active_fraction=0.000000 active_params=0/1315758080 configured_ratio=0.250000 mask_strategy=percentile_per_layer scope=trainable_only

 48%|████▊     | 1163/2405 [1:20:16<1:22:47,  4.00s/it]2026-04-16 23:49:16,925 - INFO - [sparse-mezo] global_step=1163 active_fraction=0.000000 active_params=0/1315758080 configured_ratio=0.250000 mask_strategy=percentile_per_layer scope=trainable_only

 48%|████▊     | 1164/2405 [1:20:20<1:22:41,  4.00s/it]2026-04-16 23:49:20,940 - INFO - [sparse-mezo] global_step=1164 active_fraction=0.000000 active_params=0/1315758080 configured_ratio=0.250000 mask_strategy=percentile_per_layer scope=trainable_only

 48%|████▊     | 1165/2405 [1:20:24<1:22:40,  4.00s/it]2026-04-16 23:49:24,929 - INFO - [sparse-mezo] global_step=1165 active_fraction=0.000000 active_params=0/1315758080 configured_ratio=0.250000 mask_strategy=percentile_per_layer scope=trainable_only

 48%|████▊     | 1166/2405 [1:20:28<1:22:32,  4.00s/it]2026-04-16 23:49:28,918 - INFO - [sparse-mezo] global_step=1166 active_fraction=0.000000 active_params=0/1315758080 configured_ratio=0.250000 mask_strategy=percentile_per_layer scope=trainable_only

 49%|████▊     | 1167/2405 [1:20:32<1:22:32,  4.00s/it]2026-04-16 23:49:32,943 - INFO - [sparse-mezo] global_step=1167 active_fraction=0.000000 active_params=0/1315758080 configured_ratio=0.250000 mask_strategy=percentile_per_layer scope=trainable_only

 49%|████▊     | 1168/2405 [1:20:36<1:22:30,  4.00s/it]2026-04-16 23:49:36,951 - INFO - [sparse-mezo] global_step=1168 active_fraction=0.000000 active_params=0/1315758080 configured_ratio=0.250000 mask_strategy=percentile_per_layer scope=trainable_only

 49%|████▊     | 1169/2405 [1:20:40<1:22:28,  4.00s/it]2026-04-16 23:49:40,940 - INFO - [sparse-mezo] global_step=1169 active_fraction=0.000000 active_params=0/1315758080 configured_ratio=0.250000 mask_strategy=percentile_per_layer scope=trainable_only

 49%|████▊     | 1170/2405 [1:20:44<1:22:22,  4.00s/it]2026-04-16 23:49:44,955 - INFO - [sparse-mezo] global_step=1170 active_fraction=0.000000 active_params=0/1315758080 configured_ratio=0.250000 mask_strategy=percentile_per_layer scope=trainable_only

 49%|████▊     | 1171/2405 [1:20:48<1:22:23,  4.01s/it]2026-04-16 23:49:48,973 - INFO - [sparse-mezo] global_step=1171 active_fraction=0.000000 active_params=0/1315758080 configured_ratio=0.250000 mask_strategy=percentile_per_layer scope=trainable_only

 49%|████▊     | 1172/2405 [1:20:52<1:22:27,  4.01s/it]2026-04-16 23:49:52,999 - INFO - [sparse-mezo] global_step=1172 active_fraction=0.000000 active_params=0/1315758080 configured_ratio=0.250000 mask_strategy=percentile_per_layer scope=trainable_only

 49%|████▉     | 1173/2405 [1:20:56<1:22:28,  4.02s/it]2026-04-16 23:49:57,024 - INFO - [sparse-mezo] global_step=1173 active_fraction=0.000000 active_params=0/1315758080 configured_ratio=0.250000 mask_strategy=percentile_per_layer scope=trainable_only

 49%|████▉     | 1174/2405 [1:21:00<1:22:20,  4.01s/it]2026-04-16 23:50:01,031 - INFO - [sparse-mezo] global_step=1174 active_fraction=0.000000 active_params=0/1315758080 configured_ratio=0.250000 mask_strategy=percentile_per_layer scope=trainable_only

 49%|████▉     | 1175/2405 [1:21:04<1:22:17,  4.01s/it]2026-04-16 23:50:05,047 - INFO - [sparse-mezo] global_step=1175 active_fraction=0.000000 active_params=0/1315758080 configured_ratio=0.250000 mask_strategy=percentile_per_layer scope=trainable_only

 49%|████▉     | 1176/2405 [1:21:08<1:22:10,  4.01s/it]2026-04-16 23:50:09,054 - INFO - [sparse-mezo] global_step=1176 active_fraction=0.000000 active_params=0/1315758080 configured_ratio=0.250000 mask_strategy=percentile_per_layer scope=trainable_only

 49%|████▉     | 1177/2405 [1:21:12<1:22:04,  4.01s/it]2026-04-16 23:50:13,042 - INFO - [sparse-mezo] global_step=1177 active_fraction=0.000000 active_params=0/1315758080 configured_ratio=0.250000 mask_strategy=percentile_per_layer scope=trainable_only

 49%|████▉     | 1178/2405 [1:21:16<1:21:52,  4.00s/it]2026-04-16 23:50:17,031 - INFO - [sparse-mezo] global_step=1178 active_fraction=0.000000 active_params=0/1315758080 configured_ratio=0.250000 mask_strategy=percentile_per_layer scope=trainable_only

 49%|████▉     | 1179/2405 [1:21:20<1:21:43,  4.00s/it]2026-04-16 23:50:21,039 - INFO - [sparse-mezo] global_step=1179 active_fraction=0.000000 active_params=0/1315758080 configured_ratio=0.250000 mask_strategy=percentile_per_layer scope=trainable_only

 49%|████▉     | 1180/2405 [1:21:24<1:21:42,  4.00s/it]2026-04-16 23:50:25,027 - INFO - [sparse-mezo] global_step=1180 active_fraction=0.000000 active_params=0/1315758080 configured_ratio=0.250000 mask_strategy=percentile_per_layer scope=trainable_only

 49%|████▉     | 1181/2405 [1:21:28<1:21:33,  4.00s/it]2026-04-16 23:50:29,035 - INFO - [sparse-mezo] global_step=1181 active_fraction=0.000000 active_params=0/1315758080 configured_ratio=0.250000 mask_strategy=percentile_per_layer scope=trainable_only

 49%|████▉     | 1182/2405 [1:21:32<1:21:31,  4.00s/it]2026-04-16 23:50:33,017 - INFO - [sparse-mezo] global_step=1182 active_fraction=0.000000 active_params=0/1315758080 configured_ratio=0.250000 mask_strategy=percentile_per_layer scope=trainable_only

 49%|████▉     | 1183/2405 [1:21:36<1:21:25,  4.00s/it]2026-04-16 23:50:37,014 - INFO - [sparse-mezo] global_step=1183 active_fraction=0.000000 active_params=0/1315758080 configured_ratio=0.250000 mask_strategy=percentile_per_layer scope=trainable_only

 49%|████▉     | 1184/2405 [1:21:40<1:21:16,  3.99s/it]2026-04-16 23:50:40,996 - INFO - [sparse-mezo] global_step=1184 active_fraction=0.000000 active_params=0/1315758080 configured_ratio=0.250000 mask_strategy=percentile_per_layer scope=trainable_only

 49%|████▉     | 1185/2405 [1:21:44<1:21:14,  4.00s/it]2026-04-16 23:50:45,014 - INFO - [sparse-mezo] global_step=1185 active_fraction=0.000000 active_params=0/1315758080 configured_ratio=0.250000 mask_strategy=percentile_per_layer scope=trainable_only

 49%|████▉     | 1186/2405 [1:21:48<1:21:14,  4.00s/it]2026-04-16 23:50:49,004 - INFO - [sparse-mezo] global_step=1186 active_fraction=0.000000 active_params=0/1315758080 configured_ratio=0.250000 mask_strategy=percentile_per_layer scope=trainable_only

 49%|████▉     | 1187/2405 [1:21:52<1:21:06,  4.00s/it]2026-04-16 23:50:53,011 - INFO - [sparse-mezo] global_step=1187 active_fraction=0.000000 active_params=0/1315758080 configured_ratio=0.250000 mask_strategy=percentile_per_layer scope=trainable_only

 49%|████▉     | 1188/2405 [1:21:56<1:21:06,  4.00s/it]2026-04-16 23:50:56,999 - INFO - [sparse-mezo] global_step=1188 active_fraction=0.000000 active_params=0/1315758080 configured_ratio=0.250000 mask_strategy=percentile_per_layer scope=trainable_only

 49%|████▉     | 1189/2405 [1:22:00<1:20:58,  4.00s/it]2026-04-16 23:51:01,007 - INFO - [sparse-mezo] global_step=1189 active_fraction=0.000000 active_params=0/1315758080 configured_ratio=0.250000 mask_strategy=percentile_per_layer scope=trainable_only

 49%|████▉     | 1190/2405 [1:22:04<1:20:57,  4.00s/it]2026-04-16 23:51:04,993 - INFO - [sparse-mezo] global_step=1190 active_fraction=0.000000 active_params=0/1315758080 configured_ratio=0.250000 mask_strategy=percentile_per_layer scope=trainable_only

 50%|████▉     | 1191/2405 [1:22:08<1:20:57,  4.00s/it]2026-04-16 23:51:09,018 - INFO - [sparse-mezo] global_step=1191 active_fraction=0.000000 active_params=0/1315758080 configured_ratio=0.250000 mask_strategy=percentile_per_layer scope=trainable_only

 50%|████▉     | 1192/2405 [1:22:12<1:20:58,  4.01s/it]2026-04-16 23:51:13,032 - INFO - [sparse-mezo] global_step=1192 active_fraction=0.000000 active_params=0/1315758080 configured_ratio=0.250000 mask_strategy=percentile_per_layer scope=trainable_only

 50%|████▉     | 1193/2405 [1:22:16<1:20:54,  4.01s/it]2026-04-16 23:51:17,039 - INFO - [sparse-mezo] global_step=1193 active_fraction=0.000000 active_params=0/1315758080 configured_ratio=0.250000 mask_strategy=percentile_per_layer scope=trainable_only

 50%|████▉     | 1194/2405 [1:22:20<1:20:49,  4.00s/it]2026-04-16 23:51:21,023 - INFO - [sparse-mezo] global_step=1194 active_fraction=0.000000 active_params=0/1315758080 configured_ratio=0.250000 mask_strategy=percentile_per_layer scope=trainable_only

 50%|████▉     | 1195/2405 [1:22:24<1:20:43,  4.00s/it]2026-04-16 23:51:25,041 - INFO - [sparse-mezo] global_step=1195 active_fraction=0.000000 active_params=0/1315758080 configured_ratio=0.250000 mask_strategy=percentile_per_layer scope=trainable_only

 50%|████▉     | 1196/2405 [1:22:28<1:20:44,  4.01s/it]2026-04-16 23:51:29,056 - INFO - [sparse-mezo] global_step=1196 active_fraction=0.000000 active_params=0/1315758080 configured_ratio=0.250000 mask_strategy=percentile_per_layer scope=trainable_only

 50%|████▉     | 1197/2405 [1:22:32<1:20:43,  4.01s/it]2026-04-16 23:51:33,075 - INFO - [sparse-mezo] global_step=1197 active_fraction=0.000000 active_params=0/1315758080 configured_ratio=0.250000 mask_strategy=percentile_per_layer scope=trainable_only

 50%|████▉     | 1198/2405 [1:22:36<1:20:37,  4.01s/it]2026-04-16 23:51:37,075 - INFO - [sparse-mezo] global_step=1198 active_fraction=0.000000 active_params=0/1315758080 configured_ratio=0.250000 mask_strategy=percentile_per_layer scope=trainable_only

 50%|████▉     | 1199/2405 [1:22:40<1:20:35,  4.01s/it]2026-04-16 23:51:41,089 - INFO - [sparse-mezo] global_step=1199 active_fraction=0.000000 active_params=0/1315758080 configured_ratio=0.250000 mask_strategy=percentile_per_layer scope=trainable_only

 50%|████▉     | 1200/2405 [1:22:44<1:20:30,  4.01s/it]2026-04-16 23:51:45,096 - INFO - [sparse-mezo] global_step=1200 active_fraction=0.000000 active_params=0/1315758080 configured_ratio=0.250000 mask_strategy=percentile_per_layer scope=trainable_only
2026-04-16 23:51:48,670 - WARNING - [zo_probe] step=1200: no finite probe pairs; skipping row.

 50%|████▉     | 1201/2405 [1:22:51<1:41:56,  5.08s/it]2026-04-16 23:51:52,675 - INFO - [sparse-mezo] global_step=1201 active_fraction=0.000000 active_params=0/1315758080 configured_ratio=0.250000 mask_strategy=percentile_per_layer scope=trainable_only

 50%|████▉     | 1202/2405 [1:22:55<1:35:30,  4.76s/it]2026-04-16 23:51:56,682 - INFO - [sparse-mezo] global_step=1202 active_fraction=0.000000 active_params=0/1315758080 configured_ratio=0.250000 mask_strategy=percentile_per_layer scope=trainable_only

 50%|█████     | 1203/2405 [1:22:59<1:30:49,  4.53s/it]2026-04-16 23:52:00,681 - INFO - [sparse-mezo] global_step=1203 active_fraction=0.000000 active_params=0/1315758080 configured_ratio=0.250000 mask_strategy=percentile_per_layer scope=trainable_only

 50%|█████     | 1204/2405 [1:23:03<1:27:28,  4.37s/it]2026-04-16 23:52:04,670 - INFO - [sparse-mezo] global_step=1204 active_fraction=0.000000 active_params=0/1315758080 configured_ratio=0.250000 mask_strategy=percentile_per_layer scope=trainable_only

 50%|█████     | 1205/2405 [1:23:07<1:25:14,  4.26s/it]2026-04-16 23:52:08,679 - INFO - [sparse-mezo] global_step=1205 active_fraction=0.000000 active_params=0/1315758080 configured_ratio=0.250000 mask_strategy=percentile_per_layer scope=trainable_only

 50%|█████     | 1206/2405 [1:23:11<1:23:32,  4.18s/it]2026-04-16 23:52:12,686 - INFO - [sparse-mezo] global_step=1206 active_fraction=0.000000 active_params=0/1315758080 configured_ratio=0.250000 mask_strategy=percentile_per_layer scope=trainable_only

 50%|█████     | 1207/2405 [1:23:15<1:22:25,  4.13s/it]2026-04-16 23:52:16,675 - INFO - [sparse-mezo] global_step=1207 active_fraction=0.000000 active_params=0/1315758080 configured_ratio=0.250000 mask_strategy=percentile_per_layer scope=trainable_only

 50%|█████     | 1208/2405 [1:23:19<1:21:31,  4.09s/it]2026-04-16 23:52:20,663 - INFO - [sparse-mezo] global_step=1208 active_fraction=0.000000 active_params=0/1315758080 configured_ratio=0.250000 mask_strategy=percentile_per_layer scope=trainable_only

 50%|█████     | 1209/2405 [1:23:23<1:20:55,  4.06s/it]2026-04-16 23:52:24,660 - INFO - [sparse-mezo] global_step=1209 active_fraction=0.000000 active_params=0/1315758080 configured_ratio=0.250000 mask_strategy=percentile_per_layer scope=trainable_only

 50%|█████     | 1210/2405 [1:23:27<1:20:29,  4.04s/it]2026-04-16 23:52:28,679 - INFO - [sparse-mezo] global_step=1210 active_fraction=0.000000 active_params=0/1315758080 configured_ratio=0.250000 mask_strategy=percentile_per_layer scope=trainable_only

 50%|█████     | 1211/2405 [1:23:31<1:20:16,  4.03s/it]2026-04-16 23:52:32,694 - INFO - [sparse-mezo] global_step=1211 active_fraction=0.000000 active_params=0/1315758080 configured_ratio=0.250000 mask_strategy=percentile_per_layer scope=trainable_only

 50%|█████     | 1212/2405 [1:23:35<1:20:09,  4.03s/it]2026-04-16 23:52:36,721 - INFO - [sparse-mezo] global_step=1212 active_fraction=0.000000 active_params=0/1315758080 configured_ratio=0.250000 mask_strategy=percentile_per_layer scope=trainable_only

 50%|█████     | 1213/2405 [1:23:39<1:20:00,  4.03s/it]2026-04-16 23:52:40,736 - INFO - [sparse-mezo] global_step=1213 active_fraction=0.000000 active_params=0/1315758080 configured_ratio=0.250000 mask_strategy=percentile_per_layer scope=trainable_only

 50%|█████     | 1214/2405 [1:23:43<1:19:48,  4.02s/it]2026-04-16 23:52:44,743 - INFO - [sparse-mezo] global_step=1214 active_fraction=0.000000 active_params=0/1315758080 configured_ratio=0.250000 mask_strategy=percentile_per_layer scope=trainable_only

 51%|█████     | 1215/2405 [1:23:47<1:19:40,  4.02s/it]2026-04-16 23:52:48,732 - INFO - [sparse-mezo] global_step=1215 active_fraction=0.000000 active_params=0/1315758080 configured_ratio=0.250000 mask_strategy=percentile_per_layer scope=trainable_only

 51%|█████     | 1216/2405 [1:23:51<1:19:25,  4.01s/it]2026-04-16 23:52:52,741 - INFO - [sparse-mezo] global_step=1216 active_fraction=0.000000 active_params=0/1315758080 configured_ratio=0.250000 mask_strategy=percentile_per_layer scope=trainable_only

 51%|█████     | 1217/2405 [1:23:55<1:19:21,  4.01s/it]2026-04-16 23:52:56,748 - INFO - [sparse-mezo] global_step=1217 active_fraction=0.000000 active_params=0/1315758080 configured_ratio=0.250000 mask_strategy=percentile_per_layer scope=trainable_only

 51%|█████     | 1218/2405 [1:23:59<1:19:20,  4.01s/it]2026-04-16 23:53:00,763 - INFO - [sparse-mezo] global_step=1218 active_fraction=0.000000 active_params=0/1315758080 configured_ratio=0.250000 mask_strategy=percentile_per_layer scope=trainable_only

 51%|█████     | 1219/2405 [1:24:03<1:19:15,  4.01s/it]2026-04-16 23:53:04,752 - INFO - [sparse-mezo] global_step=1219 active_fraction=0.000000 active_params=0/1315758080 configured_ratio=0.250000 mask_strategy=percentile_per_layer scope=trainable_only

 51%|█████     | 1220/2405 [1:24:07<1:19:10,  4.01s/it]2026-04-16 23:53:08,759 - INFO - [sparse-mezo] global_step=1220 active_fraction=0.000000 active_params=0/1315758080 configured_ratio=0.250000 mask_strategy=percentile_per_layer scope=trainable_only

 51%|█████     | 1221/2405 [1:24:11<1:19:06,  4.01s/it]2026-04-16 23:53:12,788 - INFO - [sparse-mezo] global_step=1221 active_fraction=0.000000 active_params=0/1315758080 configured_ratio=0.250000 mask_strategy=percentile_per_layer scope=trainable_only

 51%|█████     | 1222/2405 [1:24:15<1:19:02,  4.01s/it]2026-04-16 23:53:16,794 - INFO - [sparse-mezo] global_step=1222 active_fraction=0.000000 active_params=0/1315758080 configured_ratio=0.250000 mask_strategy=percentile_per_layer scope=trainable_only

 51%|█████     | 1223/2405 [1:24:19<1:19:00,  4.01s/it]2026-04-16 23:53:20,809 - INFO - [sparse-mezo] global_step=1223 active_fraction=0.000000 active_params=0/1315758080 configured_ratio=0.250000 mask_strategy=percentile_per_layer scope=trainable_only

 51%|█████     | 1224/2405 [1:24:23<1:18:58,  4.01s/it]2026-04-16 23:53:24,823 - INFO - [sparse-mezo] global_step=1224 active_fraction=0.000000 active_params=0/1315758080 configured_ratio=0.250000 mask_strategy=percentile_per_layer scope=trainable_only

 51%|█████     | 1225/2405 [1:24:27<1:18:55,  4.01s/it]2026-04-16 23:53:28,840 - INFO - [sparse-mezo] global_step=1225 active_fraction=0.000000 active_params=0/1315758080 configured_ratio=0.250000 mask_strategy=percentile_per_layer scope=trainable_only

 51%|█████     | 1226/2405 [1:24:31<1:18:49,  4.01s/it]2026-04-16 23:53:32,831 - INFO - [sparse-mezo] global_step=1226 active_fraction=0.000000 active_params=0/1315758080 configured_ratio=0.250000 mask_strategy=percentile_per_layer scope=trainable_only

 51%|█████     | 1227/2405 [1:24:35<1:18:37,  4.00s/it]2026-04-16 23:53:36,820 - INFO - [sparse-mezo] global_step=1227 active_fraction=0.000000 active_params=0/1315758080 configured_ratio=0.250000 mask_strategy=percentile_per_layer scope=trainable_only

 51%|█████     | 1228/2405 [1:24:39<1:18:35,  4.01s/it]2026-04-16 23:53:40,845 - INFO - [sparse-mezo] global_step=1228 active_fraction=0.000000 active_params=0/1315758080 configured_ratio=0.250000 mask_strategy=percentile_per_layer scope=trainable_only

 51%|█████     | 1229/2405 [1:24:43<1:18:31,  4.01s/it]2026-04-16 23:53:44,853 - INFO - [sparse-mezo] global_step=1229 active_fraction=0.000000 active_params=0/1315758080 configured_ratio=0.250000 mask_strategy=percentile_per_layer scope=trainable_only

 51%|█████     | 1230/2405 [1:24:47<1:18:27,  4.01s/it]2026-04-16 23:53:48,861 - INFO - [sparse-mezo] global_step=1230 active_fraction=0.000000 active_params=0/1315758080 configured_ratio=0.250000 mask_strategy=percentile_per_layer scope=trainable_only

 51%|█████     | 1231/2405 [1:24:51<1:18:30,  4.01s/it]2026-04-16 23:53:52,869 - INFO - [sparse-mezo] global_step=1231 active_fraction=0.000000 active_params=0/1315758080 configured_ratio=0.250000 mask_strategy=percentile_per_layer scope=trainable_only

 51%|█████     | 1232/2405 [1:24:56<1:18:25,  4.01s/it]2026-04-16 23:53:56,896 - INFO - [sparse-mezo] global_step=1232 active_fraction=0.000000 active_params=0/1315758080 configured_ratio=0.250000 mask_strategy=percentile_per_layer scope=trainable_only

 51%|█████▏    | 1233/2405 [1:25:00<1:18:20,  4.01s/it]2026-04-16 23:54:00,903 - INFO - [sparse-mezo] global_step=1233 active_fraction=0.000000 active_params=0/1315758080 configured_ratio=0.250000 mask_strategy=percentile_per_layer scope=trainable_only

 51%|█████▏    | 1234/2405 [1:25:04<1:18:21,  4.02s/it]2026-04-16 23:54:04,910 - INFO - [sparse-mezo] global_step=1234 active_fraction=0.000000 active_params=0/1315758080 configured_ratio=0.250000 mask_strategy=percentile_per_layer scope=trainable_only

 51%|█████▏    | 1235/2405 [1:25:08<1:18:11,  4.01s/it]2026-04-16 23:54:08,925 - INFO - [sparse-mezo] global_step=1235 active_fraction=0.000000 active_params=0/1315758080 configured_ratio=0.250000 mask_strategy=percentile_per_layer scope=trainable_only

 51%|█████▏    | 1236/2405 [1:25:12<1:18:09,  4.01s/it]2026-04-16 23:54:12,924 - INFO - [sparse-mezo] global_step=1236 active_fraction=0.000000 active_params=0/1315758080 configured_ratio=0.250000 mask_strategy=percentile_per_layer scope=trainable_only

 51%|█████▏    | 1237/2405 [1:25:16<1:18:00,  4.01s/it]2026-04-16 23:54:16,922 - INFO - [sparse-mezo] global_step=1237 active_fraction=0.000000 active_params=0/1315758080 configured_ratio=0.250000 mask_strategy=percentile_per_layer scope=trainable_only

 51%|█████▏    | 1238/2405 [1:25:20<1:17:56,  4.01s/it]2026-04-16 23:54:20,928 - INFO - [sparse-mezo] global_step=1238 active_fraction=0.000000 active_params=0/1315758080 configured_ratio=0.250000 mask_strategy=percentile_per_layer scope=trainable_only

 52%|█████▏    | 1239/2405 [1:25:24<1:17:50,  4.01s/it]2026-04-16 23:54:24,930 - INFO - [sparse-mezo] global_step=1239 active_fraction=0.000000 active_params=0/1315758080 configured_ratio=0.250000 mask_strategy=percentile_per_layer scope=trainable_only

 52%|█████▏    | 1240/2405 [1:25:28<1:17:40,  4.00s/it]2026-04-16 23:54:28,918 - INFO - [sparse-mezo] global_step=1240 active_fraction=0.000000 active_params=0/1315758080 configured_ratio=0.250000 mask_strategy=percentile_per_layer scope=trainable_only

 52%|█████▏    | 1241/2405 [1:25:32<1:17:32,  4.00s/it]2026-04-16 23:54:32,907 - INFO - [sparse-mezo] global_step=1241 active_fraction=0.000000 active_params=0/1315758080 configured_ratio=0.250000 mask_strategy=percentile_per_layer scope=trainable_only

 52%|█████▏    | 1242/2405 [1:25:36<1:17:26,  3.99s/it]2026-04-16 23:54:36,921 - INFO - [sparse-mezo] global_step=1242 active_fraction=0.000000 active_params=0/1315758080 configured_ratio=0.250000 mask_strategy=percentile_per_layer scope=trainable_only

 52%|█████▏    | 1243/2405 [1:25:40<1:17:27,  4.00s/it]2026-04-16 23:54:40,928 - INFO - [sparse-mezo] global_step=1243 active_fraction=0.000000 active_params=0/1315758080 configured_ratio=0.250000 mask_strategy=percentile_per_layer scope=trainable_only

 52%|█████▏    | 1244/2405 [1:25:44<1:17:30,  4.01s/it]2026-04-16 23:54:44,931 - INFO - [sparse-mezo] global_step=1244 active_fraction=0.000000 active_params=0/1315758080 configured_ratio=0.250000 mask_strategy=percentile_per_layer scope=trainable_only

 52%|█████▏    | 1245/2405 [1:25:48<1:17:21,  4.00s/it]2026-04-16 23:54:48,937 - INFO - [sparse-mezo] global_step=1245 active_fraction=0.000000 active_params=0/1315758080 configured_ratio=0.250000 mask_strategy=percentile_per_layer scope=trainable_only

 52%|█████▏    | 1246/2405 [1:25:52<1:17:27,  4.01s/it]2026-04-16 23:54:52,970 - INFO - [sparse-mezo] global_step=1246 active_fraction=0.000000 active_params=0/1315758080 configured_ratio=0.250000 mask_strategy=percentile_per_layer scope=trainable_only

 52%|█████▏    | 1247/2405 [1:25:56<1:17:26,  4.01s/it]2026-04-16 23:54:56,985 - INFO - [sparse-mezo] global_step=1247 active_fraction=0.000000 active_params=0/1315758080 configured_ratio=0.250000 mask_strategy=percentile_per_layer scope=trainable_only

 52%|█████▏    | 1248/2405 [1:26:00<1:17:31,  4.02s/it]2026-04-16 23:55:01,024 - INFO - [sparse-mezo] global_step=1248 active_fraction=0.000000 active_params=0/1315758080 configured_ratio=0.250000 mask_strategy=percentile_per_layer scope=trainable_only

 52%|█████▏    | 1249/2405 [1:26:04<1:17:25,  4.02s/it]2026-04-16 23:55:05,022 - INFO - [sparse-mezo] global_step=1249 active_fraction=0.000000 active_params=0/1315758080 configured_ratio=0.250000 mask_strategy=percentile_per_layer scope=trainable_only

 52%|█████▏    | 1250/2405 [1:26:08<1:17:11,  4.01s/it]2026-04-16 23:55:09,030 - INFO - [sparse-mezo] global_step=1250 active_fraction=0.000000 active_params=0/1315758080 configured_ratio=0.250000 mask_strategy=percentile_per_layer scope=trainable_only

 52%|█████▏    | 1251/2405 [1:26:12<1:17:06,  4.01s/it]2026-04-16 23:55:13,019 - INFO - [sparse-mezo] global_step=1251 active_fraction=0.000000 active_params=0/1315758080 configured_ratio=0.250000 mask_strategy=percentile_per_layer scope=trainable_only

 52%|█████▏    | 1252/2405 [1:26:16<1:16:58,  4.01s/it]2026-04-16 23:55:17,034 - INFO - [sparse-mezo] global_step=1252 active_fraction=0.000000 active_params=0/1315758080 configured_ratio=0.250000 mask_strategy=percentile_per_layer scope=trainable_only

 52%|█████▏    | 1253/2405 [1:26:20<1:16:55,  4.01s/it]2026-04-16 23:55:21,043 - INFO - [sparse-mezo] global_step=1253 active_fraction=0.000000 active_params=0/1315758080 configured_ratio=0.250000 mask_strategy=percentile_per_layer scope=trainable_only

 52%|█████▏    | 1254/2405 [1:26:24<1:16:51,  4.01s/it]2026-04-16 23:55:25,049 - INFO - [sparse-mezo] global_step=1254 active_fraction=0.000000 active_params=0/1315758080 configured_ratio=0.250000 mask_strategy=percentile_per_layer scope=trainable_only

 52%|█████▏    | 1255/2405 [1:26:28<1:16:45,  4.01s/it]2026-04-16 23:55:29,051 - INFO - [sparse-mezo] global_step=1255 active_fraction=0.000000 active_params=0/1315758080 configured_ratio=0.250000 mask_strategy=percentile_per_layer scope=trainable_only

 52%|█████▏    | 1256/2405 [1:26:32<1:16:42,  4.01s/it]2026-04-16 23:55:33,041 - INFO - [sparse-mezo] global_step=1256 active_fraction=0.000000 active_params=0/1315758080 configured_ratio=0.250000 mask_strategy=percentile_per_layer scope=trainable_only

 52%|█████▏    | 1257/2405 [1:26:36<1:16:35,  4.00s/it]2026-04-16 23:55:37,038 - INFO - [sparse-mezo] global_step=1257 active_fraction=0.000000 active_params=0/1315758080 configured_ratio=0.250000 mask_strategy=percentile_per_layer scope=trainable_only

 52%|█████▏    | 1258/2405 [1:26:40<1:16:26,  4.00s/it]2026-04-16 23:55:41,026 - INFO - [sparse-mezo] global_step=1258 active_fraction=0.000000 active_params=0/1315758080 configured_ratio=0.250000 mask_strategy=percentile_per_layer scope=trainable_only

 52%|█████▏    | 1259/2405 [1:26:44<1:16:18,  4.00s/it]2026-04-16 23:55:45,034 - INFO - [sparse-mezo] global_step=1259 active_fraction=0.000000 active_params=0/1315758080 configured_ratio=0.250000 mask_strategy=percentile_per_layer scope=trainable_only

 52%|█████▏    | 1260/2405 [1:26:48<1:16:17,  4.00s/it]2026-04-16 23:55:49,037 - INFO - [sparse-mezo] global_step=1260 active_fraction=0.000000 active_params=0/1315758080 configured_ratio=0.250000 mask_strategy=percentile_per_layer scope=trainable_only

 52%|█████▏    | 1261/2405 [1:26:52<1:16:20,  4.00s/it]2026-04-16 23:55:53,054 - INFO - [sparse-mezo] global_step=1261 active_fraction=0.000000 active_params=0/1315758080 configured_ratio=0.250000 mask_strategy=percentile_per_layer scope=trainable_only

 52%|█████▏    | 1262/2405 [1:26:56<1:16:24,  4.01s/it]2026-04-16 23:55:57,080 - INFO - [sparse-mezo] global_step=1262 active_fraction=0.000000 active_params=0/1315758080 configured_ratio=0.250000 mask_strategy=percentile_per_layer scope=trainable_only

 53%|█████▎    | 1263/2405 [1:27:00<1:16:21,  4.01s/it]2026-04-16 23:56:01,096 - INFO - [sparse-mezo] global_step=1263 active_fraction=0.000000 active_params=0/1315758080 configured_ratio=0.250000 mask_strategy=percentile_per_layer scope=trainable_only

 53%|█████▎    | 1264/2405 [1:27:04<1:16:16,  4.01s/it]2026-04-16 23:56:05,085 - INFO - [sparse-mezo] global_step=1264 active_fraction=0.000000 active_params=0/1315758080 configured_ratio=0.250000 mask_strategy=percentile_per_layer scope=trainable_only

 53%|█████▎    | 1265/2405 [1:27:08<1:16:11,  4.01s/it]2026-04-16 23:56:09,093 - INFO - [sparse-mezo] global_step=1265 active_fraction=0.000000 active_params=0/1315758080 configured_ratio=0.250000 mask_strategy=percentile_per_layer scope=trainable_only

 53%|█████▎    | 1266/2405 [1:27:12<1:16:00,  4.00s/it]2026-04-16 23:56:13,100 - INFO - [sparse-mezo] global_step=1266 active_fraction=0.000000 active_params=0/1315758080 configured_ratio=0.250000 mask_strategy=percentile_per_layer scope=trainable_only

 53%|█████▎    | 1267/2405 [1:27:16<1:16:00,  4.01s/it]2026-04-16 23:56:17,114 - INFO - [sparse-mezo] global_step=1267 active_fraction=0.000000 active_params=0/1315758080 configured_ratio=0.250000 mask_strategy=percentile_per_layer scope=trainable_only

 53%|█████▎    | 1268/2405 [1:27:20<1:15:58,  4.01s/it]2026-04-16 23:56:21,130 - INFO - [sparse-mezo] global_step=1268 active_fraction=0.000000 active_params=0/1315758080 configured_ratio=0.250000 mask_strategy=percentile_per_layer scope=trainable_only

 53%|█████▎    | 1269/2405 [1:27:24<1:15:56,  4.01s/it]2026-04-16 23:56:25,128 - INFO - [sparse-mezo] global_step=1269 active_fraction=0.000000 active_params=0/1315758080 configured_ratio=0.250000 mask_strategy=percentile_per_layer scope=trainable_only

 53%|█████▎    | 1270/2405 [1:27:28<1:15:44,  4.00s/it]2026-04-16 23:56:29,114 - INFO - [sparse-mezo] global_step=1270 active_fraction=0.000000 active_params=0/1315758080 configured_ratio=0.250000 mask_strategy=percentile_per_layer scope=trainable_only

 53%|█████▎    | 1271/2405 [1:27:32<1:15:42,  4.01s/it]2026-04-16 23:56:33,130 - INFO - [sparse-mezo] global_step=1271 active_fraction=0.000000 active_params=0/1315758080 configured_ratio=0.250000 mask_strategy=percentile_per_layer scope=trainable_only

 53%|█████▎    | 1272/2405 [1:27:36<1:15:39,  4.01s/it]2026-04-16 23:56:37,135 - INFO - [sparse-mezo] global_step=1272 active_fraction=0.000000 active_params=0/1315758080 configured_ratio=0.250000 mask_strategy=percentile_per_layer scope=trainable_only

 53%|█████▎    | 1273/2405 [1:27:40<1:15:31,  4.00s/it]2026-04-16 23:56:41,151 - INFO - [sparse-mezo] global_step=1273 active_fraction=0.000000 active_params=0/1315758080 configured_ratio=0.250000 mask_strategy=percentile_per_layer scope=trainable_only

 53%|█████▎    | 1274/2405 [1:27:44<1:15:31,  4.01s/it]2026-04-16 23:56:45,160 - INFO - [sparse-mezo] global_step=1274 active_fraction=0.000000 active_params=0/1315758080 configured_ratio=0.250000 mask_strategy=percentile_per_layer scope=trainable_only

 53%|█████▎    | 1275/2405 [1:27:48<1:15:34,  4.01s/it]2026-04-16 23:56:49,186 - INFO - [sparse-mezo] global_step=1275 active_fraction=0.000000 active_params=0/1315758080 configured_ratio=0.250000 mask_strategy=percentile_per_layer scope=trainable_only

 53%|█████▎    | 1276/2405 [1:27:52<1:15:28,  4.01s/it]2026-04-16 23:56:53,173 - INFO - [sparse-mezo] global_step=1276 active_fraction=0.000000 active_params=0/1315758080 configured_ratio=0.250000 mask_strategy=percentile_per_layer scope=trainable_only

 53%|█████▎    | 1277/2405 [1:27:56<1:15:19,  4.01s/it]2026-04-16 23:56:57,171 - INFO - [sparse-mezo] global_step=1277 active_fraction=0.000000 active_params=0/1315758080 configured_ratio=0.250000 mask_strategy=percentile_per_layer scope=trainable_only

 53%|█████▎    | 1278/2405 [1:28:00<1:15:09,  4.00s/it]2026-04-16 23:57:01,160 - INFO - [sparse-mezo] global_step=1278 active_fraction=0.000000 active_params=0/1315758080 configured_ratio=0.250000 mask_strategy=percentile_per_layer scope=trainable_only

 53%|█████▎    | 1279/2405 [1:28:04<1:15:03,  4.00s/it]2026-04-16 23:57:05,160 - INFO - [sparse-mezo] global_step=1279 active_fraction=0.000000 active_params=0/1315758080 configured_ratio=0.250000 mask_strategy=percentile_per_layer scope=trainable_only

 53%|█████▎    | 1280/2405 [1:28:08<1:15:00,  4.00s/it]2026-04-16 23:57:09,158 - INFO - [sparse-mezo] global_step=1280 active_fraction=0.000000 active_params=0/1315758080 configured_ratio=0.250000 mask_strategy=percentile_per_layer scope=trainable_only

 53%|█████▎    | 1281/2405 [1:28:12<1:14:52,  4.00s/it]2026-04-16 23:57:13,148 - INFO - [sparse-mezo] global_step=1281 active_fraction=0.000000 active_params=0/1315758080 configured_ratio=0.250000 mask_strategy=percentile_per_layer scope=trainable_only

 53%|█████▎    | 1282/2405 [1:28:16<1:14:49,  4.00s/it]2026-04-16 23:57:17,145 - INFO - [sparse-mezo] global_step=1282 active_fraction=0.000000 active_params=0/1315758080 configured_ratio=0.250000 mask_strategy=percentile_per_layer scope=trainable_only

 53%|█████▎    | 1283/2405 [1:28:20<1:14:44,  4.00s/it]2026-04-16 23:57:21,161 - INFO - [sparse-mezo] global_step=1283 active_fraction=0.000000 active_params=0/1315758080 configured_ratio=0.250000 mask_strategy=percentile_per_layer scope=trainable_only

 53%|█████▎    | 1284/2405 [1:28:24<1:14:44,  4.00s/it]2026-04-16 23:57:25,166 - INFO - [sparse-mezo] global_step=1284 active_fraction=0.000000 active_params=0/1315758080 configured_ratio=0.250000 mask_strategy=percentile_per_layer scope=trainable_only

 53%|█████▎    | 1285/2405 [1:28:28<1:14:42,  4.00s/it]2026-04-16 23:57:29,158 - INFO - [sparse-mezo] global_step=1285 active_fraction=0.000000 active_params=0/1315758080 configured_ratio=0.250000 mask_strategy=percentile_per_layer scope=trainable_only

 53%|█████▎    | 1286/2405 [1:28:32<1:14:34,  4.00s/it]2026-04-16 23:57:33,147 - INFO - [sparse-mezo] global_step=1286 active_fraction=0.000000 active_params=0/1315758080 configured_ratio=0.250000 mask_strategy=percentile_per_layer scope=trainable_only

 54%|█████▎    | 1287/2405 [1:28:36<1:14:30,  4.00s/it]2026-04-16 23:57:37,159 - INFO - [sparse-mezo] global_step=1287 active_fraction=0.000000 active_params=0/1315758080 configured_ratio=0.250000 mask_strategy=percentile_per_layer scope=trainable_only

 54%|█████▎    | 1288/2405 [1:28:40<1:14:34,  4.01s/it]2026-04-16 23:57:41,185 - INFO - [sparse-mezo] global_step=1288 active_fraction=0.000000 active_params=0/1315758080 configured_ratio=0.250000 mask_strategy=percentile_per_layer scope=trainable_only

 54%|█████▎    | 1289/2405 [1:28:44<1:14:26,  4.00s/it]2026-04-16 23:57:45,159 - INFO - [sparse-mezo] global_step=1289 active_fraction=0.000000 active_params=0/1315758080 configured_ratio=0.250000 mask_strategy=percentile_per_layer scope=trainable_only

 54%|█████▎    | 1290/2405 [1:28:48<1:14:17,  4.00s/it]2026-04-16 23:57:49,149 - INFO - [sparse-mezo] global_step=1290 active_fraction=0.000000 active_params=0/1315758080 configured_ratio=0.250000 mask_strategy=percentile_per_layer scope=trainable_only

 54%|█████▎    | 1291/2405 [1:28:52<1:14:11,  4.00s/it]2026-04-16 23:57:53,163 - INFO - [sparse-mezo] global_step=1291 active_fraction=0.000000 active_params=0/1315758080 configured_ratio=0.250000 mask_strategy=percentile_per_layer scope=trainable_only

 54%|█████▎    | 1292/2405 [1:28:56<1:14:20,  4.01s/it]2026-04-16 23:57:57,194 - INFO - [sparse-mezo] global_step=1292 active_fraction=0.000000 active_params=0/1315758080 configured_ratio=0.250000 mask_strategy=percentile_per_layer scope=trainable_only

 54%|█████▍    | 1293/2405 [1:29:00<1:14:17,  4.01s/it]2026-04-16 23:58:01,184 - INFO - [sparse-mezo] global_step=1293 active_fraction=0.000000 active_params=0/1315758080 configured_ratio=0.250000 mask_strategy=percentile_per_layer scope=trainable_only

 54%|█████▍    | 1294/2405 [1:29:04<1:14:14,  4.01s/it]2026-04-16 23:58:05,213 - INFO - [sparse-mezo] global_step=1294 active_fraction=0.000000 active_params=0/1315758080 configured_ratio=0.250000 mask_strategy=percentile_per_layer scope=trainable_only

 54%|█████▍    | 1295/2405 [1:29:08<1:14:07,  4.01s/it]2026-04-16 23:58:09,198 - INFO - [sparse-mezo] global_step=1295 active_fraction=0.000000 active_params=0/1315758080 configured_ratio=0.250000 mask_strategy=percentile_per_layer scope=trainable_only

 54%|█████▍    | 1296/2405 [1:29:12<1:13:56,  4.00s/it]2026-04-16 23:58:13,200 - INFO - [sparse-mezo] global_step=1296 active_fraction=0.000000 active_params=0/1315758080 configured_ratio=0.250000 mask_strategy=percentile_per_layer scope=trainable_only

 54%|█████▍    | 1297/2405 [1:29:16<1:13:57,  4.00s/it]2026-04-16 23:58:17,217 - INFO - [sparse-mezo] global_step=1297 active_fraction=0.000000 active_params=0/1315758080 configured_ratio=0.250000 mask_strategy=percentile_per_layer scope=trainable_only

 54%|█████▍    | 1298/2405 [1:29:20<1:13:52,  4.00s/it]2026-04-16 23:58:21,219 - INFO - [sparse-mezo] global_step=1298 active_fraction=0.000000 active_params=0/1315758080 configured_ratio=0.250000 mask_strategy=percentile_per_layer scope=trainable_only

 54%|█████▍    | 1299/2405 [1:29:24<1:13:52,  4.01s/it]2026-04-16 23:58:25,234 - INFO - [sparse-mezo] global_step=1299 active_fraction=0.000000 active_params=0/1315758080 configured_ratio=0.250000 mask_strategy=percentile_per_layer scope=trainable_only

 54%|█████▍    | 1300/2405 [1:29:28<1:13:54,  4.01s/it]2026-04-16 23:58:29,260 - INFO - [sparse-mezo] global_step=1300 active_fraction=0.000000 active_params=0/1315758080 configured_ratio=0.250000 mask_strategy=percentile_per_layer scope=trainable_only
2026-04-16 23:58:33,188 - WARNING - [zo_probe] step=1300: no finite probe pairs; skipping row.

 54%|█████▍    | 1301/2405 [1:29:36<1:35:31,  5.19s/it]2026-04-16 23:58:37,201 - INFO - [sparse-mezo] global_step=1301 active_fraction=0.000000 active_params=0/1315758080 configured_ratio=0.250000 mask_strategy=percentile_per_layer scope=trainable_only

 54%|█████▍    | 1302/2405 [1:29:40<1:28:54,  4.84s/it]2026-04-16 23:58:41,207 - INFO - [sparse-mezo] global_step=1302 active_fraction=0.000000 active_params=0/1315758080 configured_ratio=0.250000 mask_strategy=percentile_per_layer scope=trainable_only

 54%|█████▍    | 1303/2405 [1:29:44<1:24:14,  4.59s/it]2026-04-16 23:58:45,197 - INFO - [sparse-mezo] global_step=1303 active_fraction=0.000000 active_params=0/1315758080 configured_ratio=0.250000 mask_strategy=percentile_per_layer scope=trainable_only

 54%|█████▍    | 1304/2405 [1:29:48<1:20:52,  4.41s/it]2026-04-16 23:58:49,185 - INFO - [sparse-mezo] global_step=1304 active_fraction=0.000000 active_params=0/1315758080 configured_ratio=0.250000 mask_strategy=percentile_per_layer scope=trainable_only

 54%|█████▍    | 1305/2405 [1:29:52<1:18:29,  4.28s/it]2026-04-16 23:58:53,192 - INFO - [sparse-mezo] global_step=1305 active_fraction=0.000000 active_params=0/1315758080 configured_ratio=0.250000 mask_strategy=percentile_per_layer scope=trainable_only

 54%|█████▍    | 1306/2405 [1:29:56<1:16:55,  4.20s/it]2026-04-16 23:58:57,181 - INFO - [sparse-mezo] global_step=1306 active_fraction=0.000000 active_params=0/1315758080 configured_ratio=0.250000 mask_strategy=percentile_per_layer scope=trainable_only

 54%|█████▍    | 1307/2405 [1:30:00<1:15:48,  4.14s/it]2026-04-16 23:59:01,191 - INFO - [sparse-mezo] global_step=1307 active_fraction=0.000000 active_params=0/1315758080 configured_ratio=0.250000 mask_strategy=percentile_per_layer scope=trainable_only

 54%|█████▍    | 1308/2405 [1:30:04<1:14:55,  4.10s/it]2026-04-16 23:59:05,203 - INFO - [sparse-mezo] global_step=1308 active_fraction=0.000000 active_params=0/1315758080 configured_ratio=0.250000 mask_strategy=percentile_per_layer scope=trainable_only

 54%|█████▍    | 1309/2405 [1:30:08<1:14:28,  4.08s/it]2026-04-16 23:59:09,231 - INFO - [sparse-mezo] global_step=1309 active_fraction=0.000000 active_params=0/1315758080 configured_ratio=0.250000 mask_strategy=percentile_per_layer scope=trainable_only

 54%|█████▍    | 1310/2405 [1:30:12<1:14:05,  4.06s/it]2026-04-16 23:59:13,229 - INFO - [sparse-mezo] global_step=1310 active_fraction=0.000000 active_params=0/1315758080 configured_ratio=0.250000 mask_strategy=percentile_per_layer scope=trainable_only

 55%|█████▍    | 1311/2405 [1:30:16<1:13:41,  4.04s/it]2026-04-16 23:59:17,233 - INFO - [sparse-mezo] global_step=1311 active_fraction=0.000000 active_params=0/1315758080 configured_ratio=0.250000 mask_strategy=percentile_per_layer scope=trainable_only

 55%|█████▍    | 1312/2405 [1:30:20<1:13:21,  4.03s/it]2026-04-16 23:59:21,239 - INFO - [sparse-mezo] global_step=1312 active_fraction=0.000000 active_params=0/1315758080 configured_ratio=0.250000 mask_strategy=percentile_per_layer scope=trainable_only

 55%|█████▍    | 1313/2405 [1:30:24<1:13:21,  4.03s/it]2026-04-16 23:59:25,262 - INFO - [sparse-mezo] global_step=1313 active_fraction=0.000000 active_params=0/1315758080 configured_ratio=0.250000 mask_strategy=percentile_per_layer scope=trainable_only

 55%|█████▍    | 1314/2405 [1:30:28<1:13:09,  4.02s/it]2026-04-16 23:59:29,287 - INFO - [sparse-mezo] global_step=1314 active_fraction=0.000000 active_params=0/1315758080 configured_ratio=0.250000 mask_strategy=percentile_per_layer scope=trainable_only

 55%|█████▍    | 1315/2405 [1:30:32<1:13:02,  4.02s/it]2026-04-16 23:59:33,303 - INFO - [sparse-mezo] global_step=1315 active_fraction=0.000000 active_params=0/1315758080 configured_ratio=0.250000 mask_strategy=percentile_per_layer scope=trainable_only

 55%|█████▍    | 1316/2405 [1:30:36<1:12:54,  4.02s/it]2026-04-16 23:59:37,292 - INFO - [sparse-mezo] global_step=1316 active_fraction=0.000000 active_params=0/1315758080 configured_ratio=0.250000 mask_strategy=percentile_per_layer scope=trainable_only

 55%|█████▍    | 1317/2405 [1:30:40<1:12:47,  4.01s/it]2026-04-16 23:59:41,298 - INFO - [sparse-mezo] global_step=1317 active_fraction=0.000000 active_params=0/1315758080 configured_ratio=0.250000 mask_strategy=percentile_per_layer scope=trainable_only

 55%|█████▍    | 1318/2405 [1:30:44<1:12:34,  4.01s/it]2026-04-16 23:59:45,286 - INFO - [sparse-mezo] global_step=1318 active_fraction=0.000000 active_params=0/1315758080 configured_ratio=0.250000 mask_strategy=percentile_per_layer scope=trainable_only

 55%|█████▍    | 1319/2405 [1:30:48<1:12:24,  4.00s/it]2026-04-16 23:59:49,296 - INFO - [sparse-mezo] global_step=1319 active_fraction=0.000000 active_params=0/1315758080 configured_ratio=0.250000 mask_strategy=percentile_per_layer scope=trainable_only

 55%|█████▍    | 1320/2405 [1:30:52<1:12:26,  4.01s/it]2026-04-16 23:59:53,312 - INFO - [sparse-mezo] global_step=1320 active_fraction=0.000000 active_params=0/1315758080 configured_ratio=0.250000 mask_strategy=percentile_per_layer scope=trainable_only

 55%|█████▍    | 1321/2405 [1:30:56<1:12:29,  4.01s/it]2026-04-16 23:59:57,320 - INFO - [sparse-mezo] global_step=1321 active_fraction=0.000000 active_params=0/1315758080 configured_ratio=0.250000 mask_strategy=percentile_per_layer scope=trainable_only

 55%|█████▍    | 1322/2405 [1:31:00<1:12:17,  4.00s/it]2026-04-17 00:00:01,325 - INFO - [sparse-mezo] global_step=1322 active_fraction=0.000000 active_params=0/1315758080 configured_ratio=0.250000 mask_strategy=percentile_per_layer scope=trainable_only

 55%|█████▌    | 1323/2405 [1:31:04<1:12:13,  4.00s/it]2026-04-17 00:00:05,312 - INFO - [sparse-mezo] global_step=1323 active_fraction=0.000000 active_params=0/1315758080 configured_ratio=0.250000 mask_strategy=percentile_per_layer scope=trainable_only

 55%|█████▌    | 1324/2405 [1:31:08<1:12:03,  4.00s/it]2026-04-17 00:00:09,299 - INFO - [sparse-mezo] global_step=1324 active_fraction=0.000000 active_params=0/1315758080 configured_ratio=0.250000 mask_strategy=percentile_per_layer scope=trainable_only

 55%|█████▌    | 1325/2405 [1:31:12<1:11:54,  3.99s/it]2026-04-17 00:00:13,299 - INFO - [sparse-mezo] global_step=1325 active_fraction=0.000000 active_params=0/1315758080 configured_ratio=0.250000 mask_strategy=percentile_per_layer scope=trainable_only

 55%|█████▌    | 1326/2405 [1:31:16<1:11:53,  4.00s/it]2026-04-17 00:00:17,291 - INFO - [sparse-mezo] global_step=1326 active_fraction=0.000000 active_params=0/1315758080 configured_ratio=0.250000 mask_strategy=percentile_per_layer scope=trainable_only

 55%|█████▌    | 1327/2405 [1:31:20<1:11:47,  4.00s/it]2026-04-17 00:00:21,297 - INFO - [sparse-mezo] global_step=1327 active_fraction=0.000000 active_params=0/1315758080 configured_ratio=0.250000 mask_strategy=percentile_per_layer scope=trainable_only

 55%|█████▌    | 1328/2405 [1:31:24<1:11:51,  4.00s/it]2026-04-17 00:00:25,301 - INFO - [sparse-mezo] global_step=1328 active_fraction=0.000000 active_params=0/1315758080 configured_ratio=0.250000 mask_strategy=percentile_per_layer scope=trainable_only

 55%|█████▌    | 1329/2405 [1:31:28<1:11:46,  4.00s/it]2026-04-17 00:00:29,317 - INFO - [sparse-mezo] global_step=1329 active_fraction=0.000000 active_params=0/1315758080 configured_ratio=0.250000 mask_strategy=percentile_per_layer scope=trainable_only

 55%|█████▌    | 1330/2405 [1:31:32<1:11:41,  4.00s/it]2026-04-17 00:00:33,319 - INFO - [sparse-mezo] global_step=1330 active_fraction=0.000000 active_params=0/1315758080 configured_ratio=0.250000 mask_strategy=percentile_per_layer scope=trainable_only

 55%|█████▌    | 1331/2405 [1:31:36<1:11:39,  4.00s/it]2026-04-17 00:00:37,308 - INFO - [sparse-mezo] global_step=1331 active_fraction=0.000000 active_params=0/1315758080 configured_ratio=0.250000 mask_strategy=percentile_per_layer scope=trainable_only

 55%|█████▌    | 1332/2405 [1:31:40<1:11:36,  4.00s/it]2026-04-17 00:00:41,317 - INFO - [sparse-mezo] global_step=1332 active_fraction=0.000000 active_params=0/1315758080 configured_ratio=0.250000 mask_strategy=percentile_per_layer scope=trainable_only

 55%|█████▌    | 1333/2405 [1:31:44<1:11:26,  4.00s/it]2026-04-17 00:00:45,317 - INFO - [sparse-mezo] global_step=1333 active_fraction=0.000000 active_params=0/1315758080 configured_ratio=0.250000 mask_strategy=percentile_per_layer scope=trainable_only

 55%|█████▌    | 1334/2405 [1:31:48<1:11:27,  4.00s/it]2026-04-17 00:00:49,333 - INFO - [sparse-mezo] global_step=1334 active_fraction=0.000000 active_params=0/1315758080 configured_ratio=0.250000 mask_strategy=percentile_per_layer scope=trainable_only

 56%|█████▌    | 1335/2405 [1:31:52<1:11:27,  4.01s/it]2026-04-17 00:00:53,350 - INFO - [sparse-mezo] global_step=1335 active_fraction=0.000000 active_params=0/1315758080 configured_ratio=0.250000 mask_strategy=percentile_per_layer scope=trainable_only

 56%|█████▌    | 1336/2405 [1:31:56<1:11:30,  4.01s/it]2026-04-17 00:00:57,377 - INFO - [sparse-mezo] global_step=1336 active_fraction=0.000000 active_params=0/1315758080 configured_ratio=0.250000 mask_strategy=percentile_per_layer scope=trainable_only

 56%|█████▌    | 1337/2405 [1:32:00<1:11:27,  4.01s/it]2026-04-17 00:01:01,391 - INFO - [sparse-mezo] global_step=1337 active_fraction=0.000000 active_params=0/1315758080 configured_ratio=0.250000 mask_strategy=percentile_per_layer scope=trainable_only

 56%|█████▌    | 1338/2405 [1:32:04<1:11:26,  4.02s/it]2026-04-17 00:01:05,399 - INFO - [sparse-mezo] global_step=1338 active_fraction=0.000000 active_params=0/1315758080 configured_ratio=0.250000 mask_strategy=percentile_per_layer scope=trainable_only

 56%|█████▌    | 1339/2405 [1:32:08<1:11:13,  4.01s/it]2026-04-17 00:01:09,404 - INFO - [sparse-mezo] global_step=1339 active_fraction=0.000000 active_params=0/1315758080 configured_ratio=0.250000 mask_strategy=percentile_per_layer scope=trainable_only

 56%|█████▌    | 1340/2405 [1:32:12<1:11:14,  4.01s/it]2026-04-17 00:01:13,413 - INFO - [sparse-mezo] global_step=1340 active_fraction=0.000000 active_params=0/1315758080 configured_ratio=0.250000 mask_strategy=percentile_per_layer scope=trainable_only

 56%|█████▌    | 1341/2405 [1:32:16<1:11:02,  4.01s/it]2026-04-17 00:01:17,421 - INFO - [sparse-mezo] global_step=1341 active_fraction=0.000000 active_params=0/1315758080 configured_ratio=0.250000 mask_strategy=percentile_per_layer scope=trainable_only

 56%|█████▌    | 1342/2405 [1:32:20<1:11:02,  4.01s/it]2026-04-17 00:01:21,438 - INFO - [sparse-mezo] global_step=1342 active_fraction=0.000000 active_params=0/1315758080 configured_ratio=0.250000 mask_strategy=percentile_per_layer scope=trainable_only

 56%|█████▌    | 1343/2405 [1:32:24<1:11:03,  4.01s/it]2026-04-17 00:01:25,446 - INFO - [sparse-mezo] global_step=1343 active_fraction=0.000000 active_params=0/1315758080 configured_ratio=0.250000 mask_strategy=percentile_per_layer scope=trainable_only

 56%|█████▌    | 1344/2405 [1:32:28<1:10:58,  4.01s/it]2026-04-17 00:01:29,476 - INFO - [sparse-mezo] global_step=1344 active_fraction=0.000000 active_params=0/1315758080 configured_ratio=0.250000 mask_strategy=percentile_per_layer scope=trainable_only

 56%|█████▌    | 1345/2405 [1:32:32<1:10:56,  4.02s/it]2026-04-17 00:01:33,495 - INFO - [sparse-mezo] global_step=1345 active_fraction=0.000000 active_params=0/1315758080 configured_ratio=0.250000 mask_strategy=percentile_per_layer scope=trainable_only

 56%|█████▌    | 1346/2405 [1:32:36<1:10:52,  4.02s/it]2026-04-17 00:01:37,492 - INFO - [sparse-mezo] global_step=1346 active_fraction=0.000000 active_params=0/1315758080 configured_ratio=0.250000 mask_strategy=percentile_per_layer scope=trainable_only

 56%|█████▌    | 1347/2405 [1:32:40<1:10:40,  4.01s/it]2026-04-17 00:01:41,487 - INFO - [sparse-mezo] global_step=1347 active_fraction=0.000000 active_params=0/1315758080 configured_ratio=0.250000 mask_strategy=percentile_per_layer scope=trainable_only

 56%|█████▌    | 1348/2405 [1:32:44<1:10:31,  4.00s/it]2026-04-17 00:01:45,495 - INFO - [sparse-mezo] global_step=1348 active_fraction=0.000000 active_params=0/1315758080 configured_ratio=0.250000 mask_strategy=percentile_per_layer scope=trainable_only

 56%|█████▌    | 1349/2405 [1:32:48<1:10:35,  4.01s/it]2026-04-17 00:01:49,521 - INFO - [sparse-mezo] global_step=1349 active_fraction=0.000000 active_params=0/1315758080 configured_ratio=0.250000 mask_strategy=percentile_per_layer scope=trainable_only

 56%|█████▌    | 1350/2405 [1:32:52<1:10:29,  4.01s/it]2026-04-17 00:01:53,508 - INFO - [sparse-mezo] global_step=1350 active_fraction=0.000000 active_params=0/1315758080 configured_ratio=0.250000 mask_strategy=percentile_per_layer scope=trainable_only

 56%|█████▌    | 1351/2405 [1:32:56<1:10:21,  4.01s/it]2026-04-17 00:01:57,524 - INFO - [sparse-mezo] global_step=1351 active_fraction=0.000000 active_params=0/1315758080 configured_ratio=0.250000 mask_strategy=percentile_per_layer scope=trainable_only

 56%|█████▌    | 1352/2405 [1:33:00<1:10:21,  4.01s/it]2026-04-17 00:02:01,524 - INFO - [sparse-mezo] global_step=1352 active_fraction=0.000000 active_params=0/1315758080 configured_ratio=0.250000 mask_strategy=percentile_per_layer scope=trainable_only

 56%|█████▋    | 1353/2405 [1:33:04<1:10:11,  4.00s/it]2026-04-17 00:02:05,511 - INFO - [sparse-mezo] global_step=1353 active_fraction=0.000000 active_params=0/1315758080 configured_ratio=0.250000 mask_strategy=percentile_per_layer scope=trainable_only

 56%|█████▋    | 1354/2405 [1:33:08<1:10:02,  4.00s/it]2026-04-17 00:02:09,497 - INFO - [sparse-mezo] global_step=1354 active_fraction=0.000000 active_params=0/1315758080 configured_ratio=0.250000 mask_strategy=percentile_per_layer scope=trainable_only

 56%|█████▋    | 1355/2405 [1:33:12<1:09:54,  3.99s/it]2026-04-17 00:02:13,486 - INFO - [sparse-mezo] global_step=1355 active_fraction=0.000000 active_params=0/1315758080 configured_ratio=0.250000 mask_strategy=percentile_per_layer scope=trainable_only

 56%|█████▋    | 1356/2405 [1:33:16<1:09:48,  3.99s/it]2026-04-17 00:02:17,476 - INFO - [sparse-mezo] global_step=1356 active_fraction=0.000000 active_params=0/1315758080 configured_ratio=0.250000 mask_strategy=percentile_per_layer scope=trainable_only

 56%|█████▋    | 1357/2405 [1:33:20<1:09:46,  4.00s/it]2026-04-17 00:02:21,494 - INFO - [sparse-mezo] global_step=1357 active_fraction=0.000000 active_params=0/1315758080 configured_ratio=0.250000 mask_strategy=percentile_per_layer scope=trainable_only

 56%|█████▋    | 1358/2405 [1:33:24<1:09:46,  4.00s/it]2026-04-17 00:02:25,481 - INFO - [sparse-mezo] global_step=1358 active_fraction=0.000000 active_params=0/1315758080 configured_ratio=0.250000 mask_strategy=percentile_per_layer scope=trainable_only

 57%|█████▋    | 1359/2405 [1:33:28<1:09:42,  4.00s/it]2026-04-17 00:02:29,482 - INFO - [sparse-mezo] global_step=1359 active_fraction=0.000000 active_params=0/1315758080 configured_ratio=0.250000 mask_strategy=percentile_per_layer scope=trainable_only

 57%|█████▋    | 1360/2405 [1:33:32<1:09:36,  4.00s/it]2026-04-17 00:02:33,470 - INFO - [sparse-mezo] global_step=1360 active_fraction=0.000000 active_params=0/1315758080 configured_ratio=0.250000 mask_strategy=percentile_per_layer scope=trainable_only

 57%|█████▋    | 1361/2405 [1:33:36<1:09:32,  4.00s/it]2026-04-17 00:02:37,487 - INFO - [sparse-mezo] global_step=1361 active_fraction=0.000000 active_params=0/1315758080 configured_ratio=0.250000 mask_strategy=percentile_per_layer scope=trainable_only

 57%|█████▋    | 1362/2405 [1:33:40<1:09:31,  4.00s/it]2026-04-17 00:02:41,494 - INFO - [sparse-mezo] global_step=1362 active_fraction=0.000000 active_params=0/1315758080 configured_ratio=0.250000 mask_strategy=percentile_per_layer scope=trainable_only

 57%|█████▋    | 1363/2405 [1:33:44<1:09:32,  4.00s/it]2026-04-17 00:02:45,510 - INFO - [sparse-mezo] global_step=1363 active_fraction=0.000000 active_params=0/1315758080 configured_ratio=0.250000 mask_strategy=percentile_per_layer scope=trainable_only

 57%|█████▋    | 1364/2405 [1:33:48<1:09:29,  4.01s/it]2026-04-17 00:02:49,498 - INFO - [sparse-mezo] global_step=1364 active_fraction=0.000000 active_params=0/1315758080 configured_ratio=0.250000 mask_strategy=percentile_per_layer scope=trainable_only

 57%|█████▋    | 1365/2405 [1:33:52<1:09:22,  4.00s/it]2026-04-17 00:02:53,497 - INFO - [sparse-mezo] global_step=1365 active_fraction=0.000000 active_params=0/1315758080 configured_ratio=0.250000 mask_strategy=percentile_per_layer scope=trainable_only

 57%|█████▋    | 1366/2405 [1:33:56<1:09:17,  4.00s/it]2026-04-17 00:02:57,494 - INFO - [sparse-mezo] global_step=1366 active_fraction=0.000000 active_params=0/1315758080 configured_ratio=0.250000 mask_strategy=percentile_per_layer scope=trainable_only

 57%|█████▋    | 1367/2405 [1:34:00<1:09:12,  4.00s/it]2026-04-17 00:03:01,493 - INFO - [sparse-mezo] global_step=1367 active_fraction=0.000000 active_params=0/1315758080 configured_ratio=0.250000 mask_strategy=percentile_per_layer scope=trainable_only

 57%|█████▋    | 1368/2405 [1:34:04<1:09:07,  4.00s/it]2026-04-17 00:03:05,488 - INFO - [sparse-mezo] global_step=1368 active_fraction=0.000000 active_params=0/1315758080 configured_ratio=0.250000 mask_strategy=percentile_per_layer scope=trainable_only

 57%|█████▋    | 1369/2405 [1:34:08<1:08:59,  4.00s/it]2026-04-17 00:03:09,478 - INFO - [sparse-mezo] global_step=1369 active_fraction=0.000000 active_params=0/1315758080 configured_ratio=0.250000 mask_strategy=percentile_per_layer scope=trainable_only

 57%|█████▋    | 1370/2405 [1:34:12<1:08:52,  3.99s/it]2026-04-17 00:03:13,462 - INFO - [sparse-mezo] global_step=1370 active_fraction=0.000000 active_params=0/1315758080 configured_ratio=0.250000 mask_strategy=percentile_per_layer scope=trainable_only

 57%|█████▋    | 1371/2405 [1:34:16<1:08:46,  3.99s/it]2026-04-17 00:03:17,450 - INFO - [sparse-mezo] global_step=1371 active_fraction=0.000000 active_params=0/1315758080 configured_ratio=0.250000 mask_strategy=percentile_per_layer scope=trainable_only

 57%|█████▋    | 1372/2405 [1:34:20<1:08:42,  3.99s/it]2026-04-17 00:03:21,437 - INFO - [sparse-mezo] global_step=1372 active_fraction=0.000000 active_params=0/1315758080 configured_ratio=0.250000 mask_strategy=percentile_per_layer scope=trainable_only

 57%|█████▋    | 1373/2405 [1:34:24<1:08:37,  3.99s/it]2026-04-17 00:03:25,425 - INFO - [sparse-mezo] global_step=1373 active_fraction=0.000000 active_params=0/1315758080 configured_ratio=0.250000 mask_strategy=percentile_per_layer scope=trainable_only

 57%|█████▋    | 1374/2405 [1:34:28<1:08:31,  3.99s/it]2026-04-17 00:03:29,428 - INFO - [sparse-mezo] global_step=1374 active_fraction=0.000000 active_params=0/1315758080 configured_ratio=0.250000 mask_strategy=percentile_per_layer scope=trainable_only

 57%|█████▋    | 1375/2405 [1:34:32<1:08:36,  4.00s/it]2026-04-17 00:03:33,425 - INFO - [sparse-mezo] global_step=1375 active_fraction=0.000000 active_params=0/1315758080 configured_ratio=0.250000 mask_strategy=percentile_per_layer scope=trainable_only

 57%|█████▋    | 1376/2405 [1:34:36<1:08:29,  3.99s/it]2026-04-17 00:03:37,425 - INFO - [sparse-mezo] global_step=1376 active_fraction=0.000000 active_params=0/1315758080 configured_ratio=0.250000 mask_strategy=percentile_per_layer scope=trainable_only

 57%|█████▋    | 1377/2405 [1:34:40<1:08:27,  4.00s/it]2026-04-17 00:03:41,414 - INFO - [sparse-mezo] global_step=1377 active_fraction=0.000000 active_params=0/1315758080 configured_ratio=0.250000 mask_strategy=percentile_per_layer scope=trainable_only

 57%|█████▋    | 1378/2405 [1:34:44<1:08:24,  4.00s/it]2026-04-17 00:03:45,414 - INFO - [sparse-mezo] global_step=1378 active_fraction=0.000000 active_params=0/1315758080 configured_ratio=0.250000 mask_strategy=percentile_per_layer scope=trainable_only

 57%|█████▋    | 1379/2405 [1:34:48<1:08:21,  4.00s/it]2026-04-17 00:03:49,413 - INFO - [sparse-mezo] global_step=1379 active_fraction=0.000000 active_params=0/1315758080 configured_ratio=0.250000 mask_strategy=percentile_per_layer scope=trainable_only

 57%|█████▋    | 1380/2405 [1:34:52<1:08:17,  4.00s/it]2026-04-17 00:03:53,409 - INFO - [sparse-mezo] global_step=1380 active_fraction=0.000000 active_params=0/1315758080 configured_ratio=0.250000 mask_strategy=percentile_per_layer scope=trainable_only

 57%|█████▋    | 1381/2405 [1:34:56<1:08:10,  3.99s/it]2026-04-17 00:03:57,397 - INFO - [sparse-mezo] global_step=1381 active_fraction=0.000000 active_params=0/1315758080 configured_ratio=0.250000 mask_strategy=percentile_per_layer scope=trainable_only

 57%|█████▋    | 1382/2405 [1:35:00<1:08:04,  3.99s/it]2026-04-17 00:04:01,386 - INFO - [sparse-mezo] global_step=1382 active_fraction=0.000000 active_params=0/1315758080 configured_ratio=0.250000 mask_strategy=percentile_per_layer scope=trainable_only

 58%|█████▊    | 1383/2405 [1:35:04<1:07:59,  3.99s/it]2026-04-17 00:04:05,393 - INFO - [sparse-mezo] global_step=1383 active_fraction=0.000000 active_params=0/1315758080 configured_ratio=0.250000 mask_strategy=percentile_per_layer scope=trainable_only

 58%|█████▊    | 1384/2405 [1:35:08<1:08:00,  4.00s/it]2026-04-17 00:04:09,399 - INFO - [sparse-mezo] global_step=1384 active_fraction=0.000000 active_params=0/1315758080 configured_ratio=0.250000 mask_strategy=percentile_per_layer scope=trainable_only

 58%|█████▊    | 1385/2405 [1:35:12<1:08:02,  4.00s/it]2026-04-17 00:04:13,416 - INFO - [sparse-mezo] global_step=1385 active_fraction=0.000000 active_params=0/1315758080 configured_ratio=0.250000 mask_strategy=percentile_per_layer scope=trainable_only

 58%|█████▊    | 1386/2405 [1:35:16<1:07:59,  4.00s/it]2026-04-17 00:04:17,421 - INFO - [sparse-mezo] global_step=1386 active_fraction=0.000000 active_params=0/1315758080 configured_ratio=0.250000 mask_strategy=percentile_per_layer scope=trainable_only

 58%|█████▊    | 1387/2405 [1:35:20<1:07:55,  4.00s/it]2026-04-17 00:04:21,407 - INFO - [sparse-mezo] global_step=1387 active_fraction=0.000000 active_params=0/1315758080 configured_ratio=0.250000 mask_strategy=percentile_per_layer scope=trainable_only

 58%|█████▊    | 1388/2405 [1:35:24<1:07:45,  4.00s/it]2026-04-17 00:04:25,391 - INFO - [sparse-mezo] global_step=1388 active_fraction=0.000000 active_params=0/1315758080 configured_ratio=0.250000 mask_strategy=percentile_per_layer scope=trainable_only

 58%|█████▊    | 1389/2405 [1:35:28<1:07:36,  3.99s/it]2026-04-17 00:04:29,392 - INFO - [sparse-mezo] global_step=1389 active_fraction=0.000000 active_params=0/1315758080 configured_ratio=0.250000 mask_strategy=percentile_per_layer scope=trainable_only

 58%|█████▊    | 1390/2405 [1:35:32<1:07:43,  4.00s/it]2026-04-17 00:04:33,399 - INFO - [sparse-mezo] global_step=1390 active_fraction=0.000000 active_params=0/1315758080 configured_ratio=0.250000 mask_strategy=percentile_per_layer scope=trainable_only

 58%|█████▊    | 1391/2405 [1:35:36<1:07:32,  4.00s/it]2026-04-17 00:04:37,401 - INFO - [sparse-mezo] global_step=1391 active_fraction=0.000000 active_params=0/1315758080 configured_ratio=0.250000 mask_strategy=percentile_per_layer scope=trainable_only

 58%|█████▊    | 1392/2405 [1:35:40<1:07:30,  4.00s/it]2026-04-17 00:04:41,384 - INFO - [sparse-mezo] global_step=1392 active_fraction=0.000000 active_params=0/1315758080 configured_ratio=0.250000 mask_strategy=percentile_per_layer scope=trainable_only

 58%|█████▊    | 1393/2405 [1:35:44<1:07:25,  4.00s/it]2026-04-17 00:04:45,399 - INFO - [sparse-mezo] global_step=1393 active_fraction=0.000000 active_params=0/1315758080 configured_ratio=0.250000 mask_strategy=percentile_per_layer scope=trainable_only

 58%|█████▊    | 1394/2405 [1:35:48<1:07:22,  4.00s/it]2026-04-17 00:04:49,400 - INFO - [sparse-mezo] global_step=1394 active_fraction=0.000000 active_params=0/1315758080 configured_ratio=0.250000 mask_strategy=percentile_per_layer scope=trainable_only

 58%|█████▊    | 1395/2405 [1:35:52<1:07:26,  4.01s/it]2026-04-17 00:04:53,407 - INFO - [sparse-mezo] global_step=1395 active_fraction=0.000000 active_params=0/1315758080 configured_ratio=0.250000 mask_strategy=percentile_per_layer scope=trainable_only

 58%|█████▊    | 1396/2405 [1:35:56<1:07:17,  4.00s/it]2026-04-17 00:04:57,395 - INFO - [sparse-mezo] global_step=1396 active_fraction=0.000000 active_params=0/1315758080 configured_ratio=0.250000 mask_strategy=percentile_per_layer scope=trainable_only

 58%|█████▊    | 1397/2405 [1:36:00<1:07:10,  4.00s/it]2026-04-17 00:05:01,407 - INFO - [sparse-mezo] global_step=1397 active_fraction=0.000000 active_params=0/1315758080 configured_ratio=0.250000 mask_strategy=percentile_per_layer scope=trainable_only

 58%|█████▊    | 1398/2405 [1:36:04<1:07:12,  4.00s/it]2026-04-17 00:05:05,426 - INFO - [sparse-mezo] global_step=1398 active_fraction=0.000000 active_params=0/1315758080 configured_ratio=0.250000 mask_strategy=percentile_per_layer scope=trainable_only

 58%|█████▊    | 1399/2405 [1:36:08<1:07:15,  4.01s/it]2026-04-17 00:05:09,434 - INFO - [sparse-mezo] global_step=1399 active_fraction=0.000000 active_params=0/1315758080 configured_ratio=0.250000 mask_strategy=percentile_per_layer scope=trainable_only

 58%|█████▊    | 1400/2405 [1:36:12<1:07:10,  4.01s/it]2026-04-17 00:05:13,468 - INFO - [sparse-mezo] global_step=1400 active_fraction=0.000000 active_params=0/1315758080 configured_ratio=0.250000 mask_strategy=percentile_per_layer scope=trainable_only
2026-04-17 00:05:17,048 - WARNING - [zo_probe] step=1400: no finite probe pairs; skipping row.

 58%|█████▊    | 1401/2405 [1:36:20<1:25:05,  5.09s/it]2026-04-17 00:05:21,038 - INFO - [sparse-mezo] global_step=1401 active_fraction=0.000000 active_params=0/1315758080 configured_ratio=0.250000 mask_strategy=percentile_per_layer scope=trainable_only

 58%|█████▊    | 1402/2405 [1:36:24<1:19:33,  4.76s/it]2026-04-17 00:05:25,063 - INFO - [sparse-mezo] global_step=1402 active_fraction=0.000000 active_params=0/1315758080 configured_ratio=0.250000 mask_strategy=percentile_per_layer scope=trainable_only

 58%|█████▊    | 1403/2405 [1:36:28<1:15:49,  4.54s/it]2026-04-17 00:05:29,066 - INFO - [sparse-mezo] global_step=1403 active_fraction=0.000000 active_params=0/1315758080 configured_ratio=0.250000 mask_strategy=percentile_per_layer scope=trainable_only

 58%|█████▊    | 1404/2405 [1:36:32<1:13:05,  4.38s/it]2026-04-17 00:05:33,094 - INFO - [sparse-mezo] global_step=1404 active_fraction=0.000000 active_params=0/1315758080 configured_ratio=0.250000 mask_strategy=percentile_per_layer scope=trainable_only

 58%|█████▊    | 1405/2405 [1:36:36<1:11:13,  4.27s/it]2026-04-17 00:05:37,115 - INFO - [sparse-mezo] global_step=1405 active_fraction=0.000000 active_params=0/1315758080 configured_ratio=0.250000 mask_strategy=percentile_per_layer scope=trainable_only

 58%|█████▊    | 1406/2405 [1:36:40<1:09:56,  4.20s/it]2026-04-17 00:05:41,126 - INFO - [sparse-mezo] global_step=1406 active_fraction=0.000000 active_params=0/1315758080 configured_ratio=0.250000 mask_strategy=percentile_per_layer scope=trainable_only

 59%|█████▊    | 1407/2405 [1:36:44<1:08:46,  4.13s/it]2026-04-17 00:05:45,126 - INFO - [sparse-mezo] global_step=1407 active_fraction=0.000000 active_params=0/1315758080 configured_ratio=0.250000 mask_strategy=percentile_per_layer scope=trainable_only

 59%|█████▊    | 1408/2405 [1:36:48<1:08:03,  4.10s/it]2026-04-17 00:05:49,114 - INFO - [sparse-mezo] global_step=1408 active_fraction=0.000000 active_params=0/1315758080 configured_ratio=0.250000 mask_strategy=percentile_per_layer scope=trainable_only

 59%|█████▊    | 1409/2405 [1:36:52<1:07:25,  4.06s/it]2026-04-17 00:05:53,115 - INFO - [sparse-mezo] global_step=1409 active_fraction=0.000000 active_params=0/1315758080 configured_ratio=0.250000 mask_strategy=percentile_per_layer scope=trainable_only

 59%|█████▊    | 1410/2405 [1:36:56<1:07:05,  4.05s/it]2026-04-17 00:05:57,122 - INFO - [sparse-mezo] global_step=1410 active_fraction=0.000000 active_params=0/1315758080 configured_ratio=0.250000 mask_strategy=percentile_per_layer scope=trainable_only

 59%|█████▊    | 1411/2405 [1:37:00<1:06:49,  4.03s/it]2026-04-17 00:06:01,129 - INFO - [sparse-mezo] global_step=1411 active_fraction=0.000000 active_params=0/1315758080 configured_ratio=0.250000 mask_strategy=percentile_per_layer scope=trainable_only

 59%|█████▊    | 1412/2405 [1:37:04<1:06:37,  4.03s/it]2026-04-17 00:06:05,118 - INFO - [sparse-mezo] global_step=1412 active_fraction=0.000000 active_params=0/1315758080 configured_ratio=0.250000 mask_strategy=percentile_per_layer scope=trainable_only

 59%|█████▉    | 1413/2405 [1:37:08<1:06:22,  4.01s/it]2026-04-17 00:06:09,105 - INFO - [sparse-mezo] global_step=1413 active_fraction=0.000000 active_params=0/1315758080 configured_ratio=0.250000 mask_strategy=percentile_per_layer scope=trainable_only

 59%|█████▉    | 1414/2405 [1:37:12<1:06:10,  4.01s/it]2026-04-17 00:06:13,093 - INFO - [sparse-mezo] global_step=1414 active_fraction=0.000000 active_params=0/1315758080 configured_ratio=0.250000 mask_strategy=percentile_per_layer scope=trainable_only

 59%|█████▉    | 1415/2405 [1:37:16<1:06:03,  4.00s/it]2026-04-17 00:06:17,108 - INFO - [sparse-mezo] global_step=1415 active_fraction=0.000000 active_params=0/1315758080 configured_ratio=0.250000 mask_strategy=percentile_per_layer scope=trainable_only

 59%|█████▉    | 1416/2405 [1:37:20<1:06:00,  4.00s/it]2026-04-17 00:06:21,114 - INFO - [sparse-mezo] global_step=1416 active_fraction=0.000000 active_params=0/1315758080 configured_ratio=0.250000 mask_strategy=percentile_per_layer scope=trainable_only

 59%|█████▉    | 1417/2405 [1:37:24<1:05:56,  4.00s/it]2026-04-17 00:06:25,105 - INFO - [sparse-mezo] global_step=1417 active_fraction=0.000000 active_params=0/1315758080 configured_ratio=0.250000 mask_strategy=percentile_per_layer scope=trainable_only

 59%|█████▉    | 1418/2405 [1:37:28<1:05:51,  4.00s/it]2026-04-17 00:06:29,105 - INFO - [sparse-mezo] global_step=1418 active_fraction=0.000000 active_params=0/1315758080 configured_ratio=0.250000 mask_strategy=percentile_per_layer scope=trainable_only

 59%|█████▉    | 1419/2405 [1:37:32<1:05:49,  4.01s/it]2026-04-17 00:06:33,131 - INFO - [sparse-mezo] global_step=1419 active_fraction=0.000000 active_params=0/1315758080 configured_ratio=0.250000 mask_strategy=percentile_per_layer scope=trainable_only

 59%|█████▉    | 1420/2405 [1:37:36<1:05:51,  4.01s/it]2026-04-17 00:06:37,158 - INFO - [sparse-mezo] global_step=1420 active_fraction=0.000000 active_params=0/1315758080 configured_ratio=0.250000 mask_strategy=percentile_per_layer scope=trainable_only

 59%|█████▉    | 1421/2405 [1:37:40<1:05:49,  4.01s/it]2026-04-17 00:06:41,173 - INFO - [sparse-mezo] global_step=1421 active_fraction=0.000000 active_params=0/1315758080 configured_ratio=0.250000 mask_strategy=percentile_per_layer scope=trainable_only

 59%|█████▉    | 1422/2405 [1:37:44<1:05:48,  4.02s/it]2026-04-17 00:06:45,180 - INFO - [sparse-mezo] global_step=1422 active_fraction=0.000000 active_params=0/1315758080 configured_ratio=0.250000 mask_strategy=percentile_per_layer scope=trainable_only

 59%|█████▉    | 1423/2405 [1:37:48<1:05:35,  4.01s/it]2026-04-17 00:06:49,169 - INFO - [sparse-mezo] global_step=1423 active_fraction=0.000000 active_params=0/1315758080 configured_ratio=0.250000 mask_strategy=percentile_per_layer scope=trainable_only

 59%|█████▉    | 1424/2405 [1:37:52<1:05:29,  4.01s/it]2026-04-17 00:06:53,185 - INFO - [sparse-mezo] global_step=1424 active_fraction=0.000000 active_params=0/1315758080 configured_ratio=0.250000 mask_strategy=percentile_per_layer scope=trainable_only

 59%|█████▉    | 1425/2405 [1:37:56<1:05:25,  4.01s/it]2026-04-17 00:06:57,173 - INFO - [sparse-mezo] global_step=1425 active_fraction=0.000000 active_params=0/1315758080 configured_ratio=0.250000 mask_strategy=percentile_per_layer scope=trainable_only

 59%|█████▉    | 1426/2405 [1:38:00<1:05:18,  4.00s/it]2026-04-17 00:07:01,172 - INFO - [sparse-mezo] global_step=1426 active_fraction=0.000000 active_params=0/1315758080 configured_ratio=0.250000 mask_strategy=percentile_per_layer scope=trainable_only

 59%|█████▉    | 1427/2405 [1:38:04<1:05:13,  4.00s/it]2026-04-17 00:07:05,170 - INFO - [sparse-mezo] global_step=1427 active_fraction=0.000000 active_params=0/1315758080 configured_ratio=0.250000 mask_strategy=percentile_per_layer scope=trainable_only

 59%|█████▉    | 1428/2405 [1:38:08<1:05:05,  4.00s/it]2026-04-17 00:07:09,176 - INFO - [sparse-mezo] global_step=1428 active_fraction=0.000000 active_params=0/1315758080 configured_ratio=0.250000 mask_strategy=percentile_per_layer scope=trainable_only

 59%|█████▉    | 1429/2405 [1:38:12<1:05:04,  4.00s/it]2026-04-17 00:07:13,173 - INFO - [sparse-mezo] global_step=1429 active_fraction=0.000000 active_params=0/1315758080 configured_ratio=0.250000 mask_strategy=percentile_per_layer scope=trainable_only

 59%|█████▉    | 1430/2405 [1:38:16<1:04:59,  4.00s/it]2026-04-17 00:07:17,164 - INFO - [sparse-mezo] global_step=1430 active_fraction=0.000000 active_params=0/1315758080 configured_ratio=0.250000 mask_strategy=percentile_per_layer scope=trainable_only

 60%|█████▉    | 1431/2405 [1:38:20<1:04:52,  4.00s/it]2026-04-17 00:07:21,151 - INFO - [sparse-mezo] global_step=1431 active_fraction=0.000000 active_params=0/1315758080 configured_ratio=0.250000 mask_strategy=percentile_per_layer scope=trainable_only

 60%|█████▉    | 1432/2405 [1:38:24<1:04:44,  3.99s/it]2026-04-17 00:07:25,135 - INFO - [sparse-mezo] global_step=1432 active_fraction=0.000000 active_params=0/1315758080 configured_ratio=0.250000 mask_strategy=percentile_per_layer scope=trainable_only

 60%|█████▉    | 1433/2405 [1:38:28<1:04:42,  3.99s/it]2026-04-17 00:07:29,150 - INFO - [sparse-mezo] global_step=1433 active_fraction=0.000000 active_params=0/1315758080 configured_ratio=0.250000 mask_strategy=percentile_per_layer scope=trainable_only

 60%|█████▉    | 1434/2405 [1:38:32<1:04:44,  4.00s/it]2026-04-17 00:07:33,167 - INFO - [sparse-mezo] global_step=1434 active_fraction=0.000000 active_params=0/1315758080 configured_ratio=0.250000 mask_strategy=percentile_per_layer scope=trainable_only

 60%|█████▉    | 1435/2405 [1:38:36<1:04:42,  4.00s/it]2026-04-17 00:07:37,157 - INFO - [sparse-mezo] global_step=1435 active_fraction=0.000000 active_params=0/1315758080 configured_ratio=0.250000 mask_strategy=percentile_per_layer scope=trainable_only

 60%|█████▉    | 1436/2405 [1:38:40<1:04:41,  4.01s/it]2026-04-17 00:07:41,170 - INFO - [sparse-mezo] global_step=1436 active_fraction=0.000000 active_params=0/1315758080 configured_ratio=0.250000 mask_strategy=percentile_per_layer scope=trainable_only

 60%|█████▉    | 1437/2405 [1:38:44<1:04:35,  4.00s/it]2026-04-17 00:07:45,185 - INFO - [sparse-mezo] global_step=1437 active_fraction=0.000000 active_params=0/1315758080 configured_ratio=0.250000 mask_strategy=percentile_per_layer scope=trainable_only

 60%|█████▉    | 1438/2405 [1:38:48<1:04:34,  4.01s/it]2026-04-17 00:07:49,202 - INFO - [sparse-mezo] global_step=1438 active_fraction=0.000000 active_params=0/1315758080 configured_ratio=0.250000 mask_strategy=percentile_per_layer scope=trainable_only

 60%|█████▉    | 1439/2405 [1:38:52<1:04:30,  4.01s/it]2026-04-17 00:07:53,209 - INFO - [sparse-mezo] global_step=1439 active_fraction=0.000000 active_params=0/1315758080 configured_ratio=0.250000 mask_strategy=percentile_per_layer scope=trainable_only

 60%|█████▉    | 1440/2405 [1:38:56<1:04:29,  4.01s/it]2026-04-17 00:07:57,222 - INFO - [sparse-mezo] global_step=1440 active_fraction=0.000000 active_params=0/1315758080 configured_ratio=0.250000 mask_strategy=percentile_per_layer scope=trainable_only

 60%|█████▉    | 1441/2405 [1:39:00<1:04:26,  4.01s/it]2026-04-17 00:08:01,213 - INFO - [sparse-mezo] global_step=1441 active_fraction=0.000000 active_params=0/1315758080 configured_ratio=0.250000 mask_strategy=percentile_per_layer scope=trainable_only

 60%|█████▉    | 1442/2405 [1:39:04<1:04:14,  4.00s/it]2026-04-17 00:08:05,203 - INFO - [sparse-mezo] global_step=1442 active_fraction=0.000000 active_params=0/1315758080 configured_ratio=0.250000 mask_strategy=percentile_per_layer scope=trainable_only

 60%|██████    | 1443/2405 [1:39:08<1:04:00,  3.99s/it]2026-04-17 00:08:09,188 - INFO - [sparse-mezo] global_step=1443 active_fraction=0.000000 active_params=0/1315758080 configured_ratio=0.250000 mask_strategy=percentile_per_layer scope=trainable_only

 60%|██████    | 1444/2405 [1:39:12<1:04:03,  4.00s/it]2026-04-17 00:08:13,206 - INFO - [sparse-mezo] global_step=1444 active_fraction=0.000000 active_params=0/1315758080 configured_ratio=0.250000 mask_strategy=percentile_per_layer scope=trainable_only

 60%|██████    | 1445/2405 [1:39:16<1:04:01,  4.00s/it]2026-04-17 00:08:17,212 - INFO - [sparse-mezo] global_step=1445 active_fraction=0.000000 active_params=0/1315758080 configured_ratio=0.250000 mask_strategy=percentile_per_layer scope=trainable_only

 60%|██████    | 1446/2405 [1:39:20<1:03:59,  4.00s/it]2026-04-17 00:08:21,201 - INFO - [sparse-mezo] global_step=1446 active_fraction=0.000000 active_params=0/1315758080 configured_ratio=0.250000 mask_strategy=percentile_per_layer scope=trainable_only

 60%|██████    | 1447/2405 [1:39:24<1:03:56,  4.00s/it]2026-04-17 00:08:25,209 - INFO - [sparse-mezo] global_step=1447 active_fraction=0.000000 active_params=0/1315758080 configured_ratio=0.250000 mask_strategy=percentile_per_layer scope=trainable_only

 60%|██████    | 1448/2405 [1:39:28<1:03:51,  4.00s/it]2026-04-17 00:08:29,233 - INFO - [sparse-mezo] global_step=1448 active_fraction=0.000000 active_params=0/1315758080 configured_ratio=0.250000 mask_strategy=percentile_per_layer scope=trainable_only

 60%|██████    | 1449/2405 [1:39:32<1:03:50,  4.01s/it]2026-04-17 00:08:33,243 - INFO - [sparse-mezo] global_step=1449 active_fraction=0.000000 active_params=0/1315758080 configured_ratio=0.250000 mask_strategy=percentile_per_layer scope=trainable_only

 60%|██████    | 1450/2405 [1:39:36<1:03:50,  4.01s/it]2026-04-17 00:08:37,264 - INFO - [sparse-mezo] global_step=1450 active_fraction=0.000000 active_params=0/1315758080 configured_ratio=0.250000 mask_strategy=percentile_per_layer scope=trainable_only

 60%|██████    | 1451/2405 [1:39:40<1:03:48,  4.01s/it]2026-04-17 00:08:41,261 - INFO - [sparse-mezo] global_step=1451 active_fraction=0.000000 active_params=0/1315758080 configured_ratio=0.250000 mask_strategy=percentile_per_layer scope=trainable_only

 60%|██████    | 1452/2405 [1:39:44<1:03:39,  4.01s/it]2026-04-17 00:08:45,259 - INFO - [sparse-mezo] global_step=1452 active_fraction=0.000000 active_params=0/1315758080 configured_ratio=0.250000 mask_strategy=percentile_per_layer scope=trainable_only

 60%|██████    | 1453/2405 [1:39:48<1:03:30,  4.00s/it]2026-04-17 00:08:49,246 - INFO - [sparse-mezo] global_step=1453 active_fraction=0.000000 active_params=0/1315758080 configured_ratio=0.250000 mask_strategy=percentile_per_layer scope=trainable_only

 60%|██████    | 1454/2405 [1:39:52<1:03:24,  4.00s/it]2026-04-17 00:08:53,260 - INFO - [sparse-mezo] global_step=1454 active_fraction=0.000000 active_params=0/1315758080 configured_ratio=0.250000 mask_strategy=percentile_per_layer scope=trainable_only

 60%|██████    | 1455/2405 [1:39:56<1:03:21,  4.00s/it]2026-04-17 00:08:57,248 - INFO - [sparse-mezo] global_step=1455 active_fraction=0.000000 active_params=0/1315758080 configured_ratio=0.250000 mask_strategy=percentile_per_layer scope=trainable_only

 61%|██████    | 1456/2405 [1:40:00<1:03:12,  4.00s/it]2026-04-17 00:09:01,235 - INFO - [sparse-mezo] global_step=1456 active_fraction=0.000000 active_params=0/1315758080 configured_ratio=0.250000 mask_strategy=percentile_per_layer scope=trainable_only

 61%|██████    | 1457/2405 [1:40:04<1:03:07,  3.99s/it]2026-04-17 00:09:05,226 - INFO - [sparse-mezo] global_step=1457 active_fraction=0.000000 active_params=0/1315758080 configured_ratio=0.250000 mask_strategy=percentile_per_layer scope=trainable_only

 61%|██████    | 1458/2405 [1:40:08<1:03:07,  4.00s/it]2026-04-17 00:09:09,250 - INFO - [sparse-mezo] global_step=1458 active_fraction=0.000000 active_params=0/1315758080 configured_ratio=0.250000 mask_strategy=percentile_per_layer scope=trainable_only

 61%|██████    | 1459/2405 [1:40:12<1:03:10,  4.01s/it]2026-04-17 00:09:13,277 - INFO - [sparse-mezo] global_step=1459 active_fraction=0.000000 active_params=0/1315758080 configured_ratio=0.250000 mask_strategy=percentile_per_layer scope=trainable_only

 61%|██████    | 1460/2405 [1:40:16<1:03:09,  4.01s/it]2026-04-17 00:09:17,295 - INFO - [sparse-mezo] global_step=1460 active_fraction=0.000000 active_params=0/1315758080 configured_ratio=0.250000 mask_strategy=percentile_per_layer scope=trainable_only

 61%|██████    | 1461/2405 [1:40:20<1:03:07,  4.01s/it]2026-04-17 00:09:21,309 - INFO - [sparse-mezo] global_step=1461 active_fraction=0.000000 active_params=0/1315758080 configured_ratio=0.250000 mask_strategy=percentile_per_layer scope=trainable_only

 61%|██████    | 1462/2405 [1:40:24<1:03:04,  4.01s/it]2026-04-17 00:09:25,324 - INFO - [sparse-mezo] global_step=1462 active_fraction=0.000000 active_params=0/1315758080 configured_ratio=0.250000 mask_strategy=percentile_per_layer scope=trainable_only

 61%|██████    | 1463/2405 [1:40:28<1:02:58,  4.01s/it]2026-04-17 00:09:29,333 - INFO - [sparse-mezo] global_step=1463 active_fraction=0.000000 active_params=0/1315758080 configured_ratio=0.250000 mask_strategy=percentile_per_layer scope=trainable_only

 61%|██████    | 1464/2405 [1:40:32<1:02:53,  4.01s/it]2026-04-17 00:09:33,340 - INFO - [sparse-mezo] global_step=1464 active_fraction=0.000000 active_params=0/1315758080 configured_ratio=0.250000 mask_strategy=percentile_per_layer scope=trainable_only

 61%|██████    | 1465/2405 [1:40:36<1:02:47,  4.01s/it]2026-04-17 00:09:37,326 - INFO - [sparse-mezo] global_step=1465 active_fraction=0.000000 active_params=0/1315758080 configured_ratio=0.250000 mask_strategy=percentile_per_layer scope=trainable_only

 61%|██████    | 1466/2405 [1:40:40<1:02:38,  4.00s/it]2026-04-17 00:09:41,316 - INFO - [sparse-mezo] global_step=1466 active_fraction=0.000000 active_params=0/1315758080 configured_ratio=0.250000 mask_strategy=percentile_per_layer scope=trainable_only

 61%|██████    | 1467/2405 [1:40:44<1:02:33,  4.00s/it]2026-04-17 00:09:45,343 - INFO - [sparse-mezo] global_step=1467 active_fraction=0.000000 active_params=0/1315758080 configured_ratio=0.250000 mask_strategy=percentile_per_layer scope=trainable_only

 61%|██████    | 1468/2405 [1:40:48<1:02:37,  4.01s/it]2026-04-17 00:09:49,362 - INFO - [sparse-mezo] global_step=1468 active_fraction=0.000000 active_params=0/1315758080 configured_ratio=0.250000 mask_strategy=percentile_per_layer scope=trainable_only

 61%|██████    | 1469/2405 [1:40:52<1:02:32,  4.01s/it]2026-04-17 00:09:53,351 - INFO - [sparse-mezo] global_step=1469 active_fraction=0.000000 active_params=0/1315758080 configured_ratio=0.250000 mask_strategy=percentile_per_layer scope=trainable_only

 61%|██████    | 1470/2405 [1:40:56<1:02:24,  4.00s/it]2026-04-17 00:09:57,345 - INFO - [sparse-mezo] global_step=1470 active_fraction=0.000000 active_params=0/1315758080 configured_ratio=0.250000 mask_strategy=percentile_per_layer scope=trainable_only

 61%|██████    | 1471/2405 [1:41:00<1:02:18,  4.00s/it]2026-04-17 00:10:01,357 - INFO - [sparse-mezo] global_step=1471 active_fraction=0.000000 active_params=0/1315758080 configured_ratio=0.250000 mask_strategy=percentile_per_layer scope=trainable_only

 61%|██████    | 1472/2405 [1:41:04<1:02:17,  4.01s/it]2026-04-17 00:10:05,373 - INFO - [sparse-mezo] global_step=1472 active_fraction=0.000000 active_params=0/1315758080 configured_ratio=0.250000 mask_strategy=percentile_per_layer scope=trainable_only

 61%|██████    | 1473/2405 [1:41:08<1:02:12,  4.00s/it]2026-04-17 00:10:09,359 - INFO - [sparse-mezo] global_step=1473 active_fraction=0.000000 active_params=0/1315758080 configured_ratio=0.250000 mask_strategy=percentile_per_layer scope=trainable_only

 61%|██████▏   | 1474/2405 [1:41:12<1:02:09,  4.01s/it]2026-04-17 00:10:13,384 - INFO - [sparse-mezo] global_step=1474 active_fraction=0.000000 active_params=0/1315758080 configured_ratio=0.250000 mask_strategy=percentile_per_layer scope=trainable_only

 61%|██████▏   | 1475/2405 [1:41:16<1:02:10,  4.01s/it]2026-04-17 00:10:17,409 - INFO - [sparse-mezo] global_step=1475 active_fraction=0.000000 active_params=0/1315758080 configured_ratio=0.250000 mask_strategy=percentile_per_layer scope=trainable_only

 61%|██████▏   | 1476/2405 [1:41:20<1:02:05,  4.01s/it]2026-04-17 00:10:21,398 - INFO - [sparse-mezo] global_step=1476 active_fraction=0.000000 active_params=0/1315758080 configured_ratio=0.250000 mask_strategy=percentile_per_layer scope=trainable_only

 61%|██████▏   | 1477/2405 [1:41:24<1:01:57,  4.01s/it]2026-04-17 00:10:25,397 - INFO - [sparse-mezo] global_step=1477 active_fraction=0.000000 active_params=0/1315758080 configured_ratio=0.250000 mask_strategy=percentile_per_layer scope=trainable_only

 61%|██████▏   | 1478/2405 [1:41:28<1:01:49,  4.00s/it]2026-04-17 00:10:29,386 - INFO - [sparse-mezo] global_step=1478 active_fraction=0.000000 active_params=0/1315758080 configured_ratio=0.250000 mask_strategy=percentile_per_layer scope=trainable_only

 61%|██████▏   | 1479/2405 [1:41:32<1:01:41,  4.00s/it]2026-04-17 00:10:33,390 - INFO - [sparse-mezo] global_step=1479 active_fraction=0.000000 active_params=0/1315758080 configured_ratio=0.250000 mask_strategy=percentile_per_layer scope=trainable_only

 62%|██████▏   | 1480/2405 [1:41:36<1:01:39,  4.00s/it]2026-04-17 00:10:37,396 - INFO - [sparse-mezo] global_step=1480 active_fraction=0.000000 active_params=0/1315758080 configured_ratio=0.250000 mask_strategy=percentile_per_layer scope=trainable_only

 62%|██████▏   | 1481/2405 [1:41:40<1:01:39,  4.00s/it]2026-04-17 00:10:41,394 - INFO - [sparse-mezo] global_step=1481 active_fraction=0.000000 active_params=0/1315758080 configured_ratio=0.250000 mask_strategy=percentile_per_layer scope=trainable_only

 62%|██████▏   | 1482/2405 [1:41:44<1:01:31,  4.00s/it]2026-04-17 00:10:45,383 - INFO - [sparse-mezo] global_step=1482 active_fraction=0.000000 active_params=0/1315758080 configured_ratio=0.250000 mask_strategy=percentile_per_layer scope=trainable_only

 62%|██████▏   | 1483/2405 [1:41:48<1:01:27,  4.00s/it]2026-04-17 00:10:49,381 - INFO - [sparse-mezo] global_step=1483 active_fraction=0.000000 active_params=0/1315758080 configured_ratio=0.250000 mask_strategy=percentile_per_layer scope=trainable_only

 62%|██████▏   | 1484/2405 [1:41:52<1:01:23,  4.00s/it]2026-04-17 00:10:53,396 - INFO - [sparse-mezo] global_step=1484 active_fraction=0.000000 active_params=0/1315758080 configured_ratio=0.250000 mask_strategy=percentile_per_layer scope=trainable_only

 62%|██████▏   | 1485/2405 [1:41:56<1:01:26,  4.01s/it]2026-04-17 00:10:57,403 - INFO - [sparse-mezo] global_step=1485 active_fraction=0.000000 active_params=0/1315758080 configured_ratio=0.250000 mask_strategy=percentile_per_layer scope=trainable_only

 62%|██████▏   | 1486/2405 [1:42:00<1:01:19,  4.00s/it]2026-04-17 00:11:01,418 - INFO - [sparse-mezo] global_step=1486 active_fraction=0.000000 active_params=0/1315758080 configured_ratio=0.250000 mask_strategy=percentile_per_layer scope=trainable_only

 62%|██████▏   | 1487/2405 [1:42:04<1:01:16,  4.00s/it]2026-04-17 00:11:05,407 - INFO - [sparse-mezo] global_step=1487 active_fraction=0.000000 active_params=0/1315758080 configured_ratio=0.250000 mask_strategy=percentile_per_layer scope=trainable_only

 62%|██████▏   | 1488/2405 [1:42:08<1:01:07,  4.00s/it]2026-04-17 00:11:09,397 - INFO - [sparse-mezo] global_step=1488 active_fraction=0.000000 active_params=0/1315758080 configured_ratio=0.250000 mask_strategy=percentile_per_layer scope=trainable_only

 62%|██████▏   | 1489/2405 [1:42:12<1:01:06,  4.00s/it]2026-04-17 00:11:13,423 - INFO - [sparse-mezo] global_step=1489 active_fraction=0.000000 active_params=0/1315758080 configured_ratio=0.250000 mask_strategy=percentile_per_layer scope=trainable_only

 62%|██████▏   | 1490/2405 [1:42:16<1:01:08,  4.01s/it]2026-04-17 00:11:17,451 - INFO - [sparse-mezo] global_step=1490 active_fraction=0.000000 active_params=0/1315758080 configured_ratio=0.250000 mask_strategy=percentile_per_layer scope=trainable_only

 62%|██████▏   | 1491/2405 [1:42:20<1:01:08,  4.01s/it]2026-04-17 00:11:21,473 - INFO - [sparse-mezo] global_step=1491 active_fraction=0.000000 active_params=0/1315758080 configured_ratio=0.250000 mask_strategy=percentile_per_layer scope=trainable_only

 62%|██████▏   | 1492/2405 [1:42:24<1:01:08,  4.02s/it]2026-04-17 00:11:25,500 - INFO - [sparse-mezo] global_step=1492 active_fraction=0.000000 active_params=0/1315758080 configured_ratio=0.250000 mask_strategy=percentile_per_layer scope=trainable_only

 62%|██████▏   | 1493/2405 [1:42:28<1:01:05,  4.02s/it]2026-04-17 00:11:29,525 - INFO - [sparse-mezo] global_step=1493 active_fraction=0.000000 active_params=0/1315758080 configured_ratio=0.250000 mask_strategy=percentile_per_layer scope=trainable_only

 62%|██████▏   | 1494/2405 [1:42:32<1:01:01,  4.02s/it]2026-04-17 00:11:33,524 - INFO - [sparse-mezo] global_step=1494 active_fraction=0.000000 active_params=0/1315758080 configured_ratio=0.250000 mask_strategy=percentile_per_layer scope=trainable_only

 62%|██████▏   | 1495/2405 [1:42:36<1:00:51,  4.01s/it]2026-04-17 00:11:37,538 - INFO - [sparse-mezo] global_step=1495 active_fraction=0.000000 active_params=0/1315758080 configured_ratio=0.250000 mask_strategy=percentile_per_layer scope=trainable_only

 62%|██████▏   | 1496/2405 [1:42:40<1:00:45,  4.01s/it]2026-04-17 00:11:41,530 - INFO - [sparse-mezo] global_step=1496 active_fraction=0.000000 active_params=0/1315758080 configured_ratio=0.250000 mask_strategy=percentile_per_layer scope=trainable_only

 62%|██████▏   | 1497/2405 [1:42:44<1:00:36,  4.00s/it]2026-04-17 00:11:45,535 - INFO - [sparse-mezo] global_step=1497 active_fraction=0.000000 active_params=0/1315758080 configured_ratio=0.250000 mask_strategy=percentile_per_layer scope=trainable_only

 62%|██████▏   | 1498/2405 [1:42:48<1:00:37,  4.01s/it]2026-04-17 00:11:49,560 - INFO - [sparse-mezo] global_step=1498 active_fraction=0.000000 active_params=0/1315758080 configured_ratio=0.250000 mask_strategy=percentile_per_layer scope=trainable_only

 62%|██████▏   | 1499/2405 [1:42:52<1:00:32,  4.01s/it]2026-04-17 00:11:53,548 - INFO - [sparse-mezo] global_step=1499 active_fraction=0.000000 active_params=0/1315758080 configured_ratio=0.250000 mask_strategy=percentile_per_layer scope=trainable_only

 62%|██████▏   | 1500/2405 [1:42:56<1:00:22,  4.00s/it]
                                                       

 62%|██████▏   | 1500/2405 [1:42:56<1:00:22,  4.00s/it]

  0%|          | 0/107 [00:00<?, ?it/s][A

  6%|▌         | 6/107 [00:00<00:02, 48.87it/s][A

 10%|█         | 11/107 [00:00<00:02, 43.77it/s][A

 15%|█▍        | 16/107 [00:00<00:02, 43.18it/s][A

 20%|█▉        | 21/107 [00:00<00:02, 42.37it/s][A

 24%|██▍       | 26/107 [00:00<00:02, 40.35it/s][A

 29%|██▉       | 31/107 [00:00<00:01, 40.27it/s][A

 34%|███▎      | 36/107 [00:00<00:01, 40.70it/s][A

 38%|███▊      | 41/107 [00:00<00:01, 41.73it/s][A

 43%|████▎     | 46/107 [00:01<00:01, 40.93it/s][A

 48%|████▊     | 51/107 [00:01<00:01, 41.24it/s][A

 52%|█████▏    | 56/107 [00:01<00:01, 41.55it/s][A

 57%|█████▋    | 61/107 [00:01<00:01, 42.17it/s][A

 62%|██████▏   | 66/107 [00:01<00:00, 42.19it/s][A

 66%|██████▋   | 71/107 [00:01<00:00, 43.00it/s][A

 71%|███████   | 76/107 [00:01<00:00, 43.16it/s][A

 76%|███████▌  | 81/107 [00:01<00:00, 43.67it/s][A

 80%|████████  | 86/107 [00:02<00:00, 41.36it/s][A

 85%|████████▌ | 91/107 [00:02<00:00, 42.08it/s][A

 90%|████████▉ | 96/107 [00:02<00:00, 42.13it/s][A

 94%|█████████▍| 101/107 [00:02<00:00, 42.23it/s][A

 99%|█████████▉| 106/107 [00:02<00:00, 43.10it/s][A
                                                       

                                                 
[A
 62%|██████▏   | 1500/2405 [1:42:59<1:00:22,  4.00s/it]

100%|██████████| 107/107 [00:02<00:00, 43.10it/s][A

                                                 [A2026-04-17 00:11:56,298 - INFO - There are 0 training samples and 854 validation samples


  0%|          | 0/854 [00:00<?, ?it/s][A2026-04-17 00:11:56,298 - INFO - ========= Example =========
2026-04-17 00:11:56,298 - INFO - Candidate: [0, 1, 2, 3, 4]
2026-04-17 00:11:56,298 - INFO - Correct candidate: 3
2026-04-17 00:11:56,306 - INFO - === Candidate 0 ===
2026-04-17 00:11:56,306 - INFO - <s>hardly a film that comes along every day. It was terrible
2026-04-17 00:11:56,307 - INFO - Log probabilities of the option tokens: tensor([nan], dtype=torch.float16)
2026-04-17 00:11:56,314 - INFO - === Candidate 1 (without context)===
2026-04-17 00:11:56,314 - INFO - <s>hardly a film that comes along every day. It was bad
2026-04-17 00:11:56,314 - INFO - Log probabilities of the option tokens: tensor([nan], dtype=torch.float16)
2026-04-17 00:11:56,322 - INFO - === Candidate 2 (without context)===
2026-04-17 00:11:56,322 - INFO - <s>hardly a film that comes along every day. It was okay
2026-04-17 00:11:56,322 - INFO - Log probabilities of the option tokens: tensor([nan], dtype=torch.float16)
2026-04-17 00:11:56,329 - INFO - === Candidate 3 (without context)===
2026-04-17 00:11:56,329 - INFO - <s>hardly a film that comes along every day. It was good
2026-04-17 00:11:56,330 - INFO - Log probabilities of the option tokens: tensor([nan], dtype=torch.float16)
2026-04-17 00:11:56,337 - INFO - === Candidate 4 (without context)===
2026-04-17 00:11:56,337 - INFO - <s>hardly a film that comes along every day. It was great
2026-04-17 00:11:56,337 - INFO - Log probabilities of the option tokens: tensor([nan], dtype=torch.float16)
2026-04-17 00:11:56,337 - INFO - Prediction scores: [nan, nan, nan, nan, nan]
2026-04-17 00:11:56,337 - INFO - ========= Example =========
2026-04-17 00:11:56,337 - INFO - Candidate: [0, 1, 2, 3, 4]
2026-04-17 00:11:56,337 - INFO - Correct candidate: 0
2026-04-17 00:11:56,346 - INFO - === Candidate 0 ===
2026-04-17 00:11:56,346 - INFO - <s>-lrb- sam's -rrb- self-flagellation is more depressing than entertaining. It was terrible
2026-04-17 00:11:56,346 - INFO - Log probabilities of the option tokens: tensor([nan], dtype=torch.float16)
2026-04-17 00:11:56,354 - INFO - === Candidate 1 (without context)===
2026-04-17 00:11:56,354 - INFO - <s>-lrb- sam's -rrb- self-flagellation is more depressing than entertaining. It was bad
2026-04-17 00:11:56,354 - INFO - Log probabilities of the option tokens: tensor([nan], dtype=torch.float16)
2026-04-17 00:11:56,361 - INFO - === Candidate 2 (without context)===
2026-04-17 00:11:56,362 - INFO - <s>-lrb- sam's -rrb- self-flagellation is more depressing than entertaining. It was okay
2026-04-17 00:11:56,362 - INFO - Log probabilities of the option tokens: tensor([nan], dtype=torch.float16)
2026-04-17 00:11:56,369 - INFO - === Candidate 3 (without context)===
2026-04-17 00:11:56,369 - INFO - <s>-lrb- sam's -rrb- self-flagellation is more depressing than entertaining. It was good
2026-04-17 00:11:56,370 - INFO - Log probabilities of the option tokens: tensor([nan], dtype=torch.float16)
2026-04-17 00:11:56,377 - INFO - === Candidate 4 (without context)===
2026-04-17 00:11:56,377 - INFO - <s>-lrb- sam's -rrb- self-flagellation is more depressing than entertaining. It was great
2026-04-17 00:11:56,377 - INFO - Log probabilities of the option tokens: tensor([nan], dtype=torch.float16)
2026-04-17 00:11:56,377 - INFO - Prediction scores: [nan, nan, nan, nan, nan]
2026-04-17 00:11:56,377 - INFO - ========= Example =========
2026-04-17 00:11:56,377 - INFO - Candidate: [0, 1, 2, 3, 4]
2026-04-17 00:11:56,378 - INFO - Correct candidate: 4
2026-04-17 00:11:56,386 - INFO - === Candidate 0 ===
2026-04-17 00:11:56,386 - INFO - <s>y tu mamá también is hilariously, gloriously alive, and quite often hotter than georgia asphalt. It was terrible
2026-04-17 00:11:56,386 - INFO - Log probabilities of the option tokens: tensor([nan], dtype=torch.float16)
2026-04-17 00:11:56,394 - INFO - === Candidate 1 (without context)===
2026-04-17 00:11:56,394 - INFO - <s>y tu mamá también is hilariously, gloriously alive, and quite often hotter than georgia asphalt. It was bad
2026-04-17 00:11:56,394 - INFO - Log probabilities of the option tokens: tensor([nan], dtype=torch.float16)
2026-04-17 00:11:56,402 - INFO - === Candidate 2 (without context)===
2026-04-17 00:11:56,402 - INFO - <s>y tu mamá también is hilariously, gloriously alive, and quite often hotter than georgia asphalt. It was okay
2026-04-17 00:11:56,402 - INFO - Log probabilities of the option tokens: tensor([nan], dtype=torch.float16)
2026-04-17 00:11:56,409 - INFO - === Candidate 3 (without context)===
2026-04-17 00:11:56,410 - INFO - <s>y tu mamá también is hilariously, gloriously alive, and quite often hotter than georgia asphalt. It was good
2026-04-17 00:11:56,410 - INFO - Log probabilities of the option tokens: tensor([nan], dtype=torch.float16)
2026-04-17 00:11:56,417 - INFO - === Candidate 4 (without context)===
2026-04-17 00:11:56,418 - INFO - <s>y tu mamá también is hilariously, gloriously alive, and quite often hotter than georgia asphalt. It was great
2026-04-17 00:11:56,418 - INFO - Log probabilities of the option tokens: tensor([nan], dtype=torch.float16)
2026-04-17 00:11:56,418 - INFO - Prediction scores: [nan, nan, nan, nan, nan]


  0%|          | 3/854 [00:00<00:34, 25.02it/s][A

  1%|          | 6/854 [00:00<00:32, 26.15it/s][A

  1%|          | 9/854 [00:00<00:31, 26.44it/s][A

  1%|▏         | 12/854 [00:00<00:31, 26.72it/s][A

  2%|▏         | 15/854 [00:00<00:31, 26.85it/s][A

  2%|▏         | 18/854 [00:00<00:31, 26.75it/s][A

  2%|▏         | 21/854 [00:00<00:32, 25.98it/s][A

  3%|▎         | 24/854 [00:00<00:31, 26.10it/s][A

  3%|▎         | 27/854 [00:01<00:31, 26.27it/s][A

  4%|▎         | 30/854 [00:01<00:31, 26.37it/s][A

  4%|▍         | 33/854 [00:01<00:30, 26.53it/s][A

  4%|▍         | 36/854 [00:01<00:30, 26.57it/s][A

  5%|▍         | 39/854 [00:01<00:30, 26.47it/s][A

  5%|▍         | 42/854 [00:01<00:30, 26.73it/s][A

  5%|▌         | 45/854 [00:01<00:30, 26.72it/s][A

  6%|▌         | 48/854 [00:01<00:30, 26.67it/s][A

  6%|▌         | 51/854 [00:01<00:30, 26.61it/s][A

  6%|▋         | 54/854 [00:02<00:30, 26.07it/s][A

  7%|▋         | 57/854 [00:02<00:30, 26.19it/s][A

  7%|▋         | 60/854 [00:02<00:30, 26.32it/s][A

  7%|▋         | 63/854 [00:02<00:29, 26.47it/s][A

  8%|▊         | 66/854 [00:02<00:29, 26.59it/s][A

  8%|▊         | 69/854 [00:02<00:29, 26.75it/s][A

  8%|▊         | 72/854 [00:02<00:29, 26.71it/s][A

  9%|▉         | 75/854 [00:02<00:29, 26.76it/s][A

  9%|▉         | 78/854 [00:02<00:28, 26.77it/s][A

  9%|▉         | 81/854 [00:03<00:28, 26.68it/s][A

 10%|▉         | 84/854 [00:03<00:28, 26.73it/s][A

 10%|█         | 87/854 [00:03<00:28, 26.80it/s][A

 11%|█         | 90/854 [00:03<00:29, 26.22it/s][A

 11%|█         | 93/854 [00:03<00:29, 25.84it/s][A

 11%|█         | 96/854 [00:03<00:28, 26.23it/s][A

 12%|█▏        | 99/854 [00:03<00:28, 26.42it/s][A

 12%|█▏        | 102/854 [00:03<00:28, 26.63it/s][A

 12%|█▏        | 105/854 [00:03<00:28, 26.63it/s][A

 13%|█▎        | 108/854 [00:04<00:27, 26.77it/s][A

 13%|█▎        | 111/854 [00:04<00:27, 26.86it/s][A

 13%|█▎        | 114/854 [00:04<00:27, 26.70it/s][A

 14%|█▎        | 117/854 [00:04<00:27, 26.66it/s][A

 14%|█▍        | 120/854 [00:04<00:27, 26.55it/s][A

 14%|█▍        | 123/854 [00:04<00:27, 26.24it/s][A

 15%|█▍        | 126/854 [00:04<00:28, 25.60it/s][A

 15%|█▌        | 129/854 [00:04<00:28, 25.83it/s][A

 15%|█▌        | 132/854 [00:04<00:27, 26.16it/s][A

 16%|█▌        | 135/854 [00:05<00:27, 26.47it/s][A

 16%|█▌        | 138/854 [00:05<00:27, 26.42it/s][A

 17%|█▋        | 141/854 [00:05<00:26, 26.56it/s][A

 17%|█▋        | 144/854 [00:05<00:26, 26.55it/s][A

 17%|█▋        | 147/854 [00:05<00:26, 26.64it/s][A

 18%|█▊        | 150/854 [00:05<00:26, 26.78it/s][A

 18%|█▊        | 153/854 [00:05<00:26, 26.91it/s][A

 18%|█▊        | 156/854 [00:05<00:26, 26.71it/s][A

 19%|█▊        | 159/854 [00:06<00:26, 26.70it/s][A

 19%|█▉        | 162/854 [00:06<00:26, 26.05it/s][A

 19%|█▉        | 165/854 [00:06<00:26, 26.38it/s][A

 20%|█▉        | 168/854 [00:06<00:25, 26.54it/s][A

 20%|██        | 171/854 [00:06<00:25, 26.61it/s][A

 20%|██        | 174/854 [00:06<00:25, 26.77it/s][A

 21%|██        | 177/854 [00:06<00:25, 26.78it/s][A

 21%|██        | 180/854 [00:06<00:25, 26.79it/s][A

 21%|██▏       | 183/854 [00:06<00:25, 26.81it/s][A

 22%|██▏       | 186/854 [00:07<00:24, 26.83it/s][A

 22%|██▏       | 189/854 [00:07<00:24, 26.64it/s][A

 22%|██▏       | 192/854 [00:07<00:24, 26.64it/s][A

 23%|██▎       | 195/854 [00:07<00:25, 25.92it/s][A

 23%|██▎       | 198/854 [00:07<00:25, 26.12it/s][A

 24%|██▎       | 201/854 [00:07<00:24, 26.50it/s][A

 24%|██▍       | 204/854 [00:07<00:24, 26.43it/s][A

 24%|██▍       | 207/854 [00:07<00:24, 26.54it/s][A

 25%|██▍       | 210/854 [00:07<00:24, 26.53it/s][A

 25%|██▍       | 213/854 [00:08<00:24, 26.55it/s][A

 25%|██▌       | 216/854 [00:08<00:23, 26.66it/s][A

 26%|██▌       | 219/854 [00:08<00:23, 26.81it/s][A

 26%|██▌       | 222/854 [00:08<00:23, 26.81it/s][A

 26%|██▋       | 225/854 [00:08<00:23, 26.82it/s][A

 27%|██▋       | 228/854 [00:08<00:23, 26.87it/s][A

 27%|██▋       | 231/854 [00:08<00:23, 26.20it/s][A

 27%|██▋       | 234/854 [00:08<00:23, 26.28it/s][A

 28%|██▊       | 237/854 [00:08<00:23, 26.30it/s][A

 28%|██▊       | 240/854 [00:09<00:23, 26.37it/s][A

 28%|██▊       | 243/854 [00:09<00:23, 26.44it/s][A

 29%|██▉       | 246/854 [00:09<00:22, 26.56it/s][A

 29%|██▉       | 249/854 [00:09<00:22, 26.79it/s][A

 30%|██▉       | 252/854 [00:09<00:22, 26.80it/s][A

 30%|██▉       | 255/854 [00:09<00:22, 26.84it/s][A

 30%|███       | 258/854 [00:09<00:22, 26.72it/s][A

 31%|███       | 261/854 [00:09<00:22, 26.70it/s][A

 31%|███       | 264/854 [00:09<00:22, 25.99it/s][A

 31%|███▏      | 267/854 [00:10<00:22, 26.35it/s][A

 32%|███▏      | 270/854 [00:10<00:22, 26.41it/s][A

 32%|███▏      | 273/854 [00:10<00:21, 26.58it/s][A

 32%|███▏      | 276/854 [00:10<00:21, 26.58it/s][A

 33%|███▎      | 279/854 [00:10<00:21, 26.63it/s][A

 33%|███▎      | 282/854 [00:10<00:21, 26.76it/s][A

 33%|███▎      | 285/854 [00:10<00:21, 26.93it/s][A

 34%|███▎      | 288/854 [00:10<00:21, 26.86it/s][A

 34%|███▍      | 291/854 [00:10<00:20, 26.86it/s][A

 34%|███▍      | 294/854 [00:11<00:21, 26.61it/s][A

 35%|███▍      | 297/854 [00:11<00:20, 26.63it/s][A

 35%|███▌      | 300/854 [00:11<00:21, 25.98it/s][A

 35%|███▌      | 303/854 [00:11<00:21, 25.68it/s][A

 36%|███▌      | 306/854 [00:11<00:21, 26.04it/s][A

 36%|███▌      | 309/854 [00:11<00:20, 26.26it/s][A

 37%|███▋      | 312/854 [00:11<00:20, 26.52it/s][A

 37%|███▋      | 315/854 [00:11<00:20, 26.82it/s][A

 37%|███▋      | 318/854 [00:11<00:20, 26.78it/s][A

 38%|███▊      | 321/854 [00:12<00:19, 26.81it/s][A

 38%|███▊      | 324/854 [00:12<00:19, 26.96it/s][A

 38%|███▊      | 327/854 [00:12<00:19, 27.06it/s][A

 39%|███▊      | 330/854 [00:12<00:19, 26.84it/s][A

 39%|███▉      | 333/854 [00:12<00:19, 26.21it/s][A

 39%|███▉      | 336/854 [00:12<00:19, 26.45it/s][A

 40%|███▉      | 339/854 [00:12<00:19, 26.57it/s][A

 40%|████      | 342/854 [00:12<00:19, 26.70it/s][A

 40%|████      | 345/854 [00:13<00:19, 26.60it/s][A

 41%|████      | 348/854 [00:13<00:18, 26.64it/s][A

 41%|████      | 351/854 [00:13<00:18, 26.59it/s][A

 41%|████▏     | 354/854 [00:13<00:18, 26.65it/s][A

 42%|████▏     | 357/854 [00:13<00:18, 26.71it/s][A

 42%|████▏     | 360/854 [00:13<00:18, 26.45it/s][A

 43%|████▎     | 363/854 [00:13<00:18, 26.36it/s][A

 43%|████▎     | 366/854 [00:13<00:18, 26.42it/s][A

 43%|████▎     | 369/854 [00:13<00:18, 25.72it/s][A

 44%|████▎     | 372/854 [00:14<00:18, 25.88it/s][A

 44%|████▍     | 375/854 [00:14<00:18, 26.18it/s][A

 44%|████▍     | 378/854 [00:14<00:18, 26.23it/s][A

 45%|████▍     | 381/854 [00:14<00:17, 26.45it/s][A

 45%|████▍     | 384/854 [00:14<00:17, 26.49it/s][A

 45%|████▌     | 387/854 [00:14<00:17, 26.64it/s][A

 46%|████▌     | 390/854 [00:14<00:17, 26.66it/s][A

 46%|████▌     | 393/854 [00:14<00:17, 26.87it/s][A

 46%|████▋     | 396/854 [00:14<00:17, 26.72it/s][A

 47%|████▋     | 399/854 [00:15<00:17, 26.56it/s][A

 47%|████▋     | 402/854 [00:15<00:17, 26.51it/s][A

 47%|████▋     | 405/854 [00:15<00:16, 26.67it/s][A

 48%|████▊     | 408/854 [00:15<00:16, 26.67it/s][A

 48%|████▊     | 411/854 [00:15<00:16, 26.66it/s][A

 48%|████▊     | 414/854 [00:15<00:16, 26.70it/s][A

 49%|████▉     | 417/854 [00:15<00:16, 26.69it/s][A

 49%|████▉     | 420/854 [00:15<00:16, 26.64it/s][A

 50%|████▉     | 423/854 [00:15<00:16, 26.79it/s][A

 50%|████▉     | 426/854 [00:16<00:16, 26.58it/s][A

 50%|█████     | 429/854 [00:16<00:15, 26.59it/s][A

 51%|█████     | 432/854 [00:16<00:15, 26.74it/s][A

 51%|█████     | 435/854 [00:16<00:15, 26.83it/s][A

 51%|█████▏    | 438/854 [00:16<00:15, 26.08it/s][A

 52%|█████▏    | 441/854 [00:16<00:15, 26.40it/s][A

 52%|█████▏    | 444/854 [00:16<00:15, 26.55it/s][A

 52%|█████▏    | 447/854 [00:16<00:15, 26.67it/s][A

 53%|█████▎    | 450/854 [00:16<00:15, 26.59it/s][A

 53%|█████▎    | 453/854 [00:17<00:15, 26.46it/s][A

 53%|█████▎    | 456/854 [00:17<00:15, 26.53it/s][A

 54%|█████▎    | 459/854 [00:17<00:14, 26.56it/s][A

 54%|█████▍    | 462/854 [00:17<00:14, 26.66it/s][A

 54%|█████▍    | 465/854 [00:17<00:14, 26.59it/s][A

 55%|█████▍    | 468/854 [00:17<00:14, 26.72it/s][A

 55%|█████▌    | 471/854 [00:17<00:14, 26.87it/s][A

 56%|█████▌    | 474/854 [00:17<00:14, 26.28it/s][A

 56%|█████▌    | 477/854 [00:17<00:14, 26.43it/s][A

 56%|█████▌    | 480/854 [00:18<00:14, 26.56it/s][A

 57%|█████▋    | 483/854 [00:18<00:13, 26.74it/s][A

 57%|█████▋    | 486/854 [00:18<00:13, 26.77it/s][A

 57%|█████▋    | 489/854 [00:18<00:13, 26.77it/s][A

 58%|█████▊    | 492/854 [00:18<00:13, 26.95it/s][A

 58%|█████▊    | 495/854 [00:18<00:13, 26.99it/s][A

 58%|█████▊    | 498/854 [00:18<00:13, 27.05it/s][A

 59%|█████▊    | 501/854 [00:18<00:13, 27.09it/s][A

 59%|█████▉    | 504/854 [00:18<00:13, 26.78it/s][A

 59%|█████▉    | 507/854 [00:19<00:12, 26.82it/s][A

 60%|█████▉    | 510/854 [00:19<00:13, 26.23it/s][A

 60%|██████    | 513/854 [00:19<00:12, 26.44it/s][A

 60%|██████    | 516/854 [00:19<00:12, 26.72it/s][A

 61%|██████    | 519/854 [00:19<00:12, 26.69it/s][A

 61%|██████    | 522/854 [00:19<00:12, 26.70it/s][A

 61%|██████▏   | 525/854 [00:19<00:12, 26.75it/s][A

 62%|██████▏   | 528/854 [00:19<00:12, 26.75it/s][A

 62%|██████▏   | 531/854 [00:19<00:12, 26.69it/s][A

 63%|██████▎   | 534/854 [00:20<00:11, 26.82it/s][A

 63%|██████▎   | 537/854 [00:20<00:11, 26.88it/s][A

 63%|██████▎   | 540/854 [00:20<00:11, 26.94it/s][A

 64%|██████▎   | 543/854 [00:20<00:11, 26.48it/s][A

 64%|██████▍   | 546/854 [00:20<00:11, 26.42it/s][A

 64%|██████▍   | 549/854 [00:20<00:11, 26.51it/s][A

 65%|██████▍   | 552/854 [00:20<00:11, 26.69it/s][A

 65%|██████▍   | 555/854 [00:20<00:11, 26.89it/s][A

 65%|██████▌   | 558/854 [00:21<00:11, 26.88it/s][A

 66%|██████▌   | 561/854 [00:21<00:10, 26.86it/s][A

 66%|██████▌   | 564/854 [00:21<00:10, 26.84it/s][A

 66%|██████▋   | 567/854 [00:21<00:10, 27.02it/s][A

 67%|██████▋   | 570/854 [00:21<00:10, 27.10it/s][A

 67%|██████▋   | 573/854 [00:21<00:10, 26.96it/s][A

 67%|██████▋   | 576/854 [00:21<00:10, 26.91it/s][A

 68%|██████▊   | 579/854 [00:21<00:10, 26.01it/s][A

 68%|██████▊   | 582/854 [00:21<00:10, 26.15it/s][A

 69%|██████▊   | 585/854 [00:22<00:10, 26.20it/s][A

 69%|██████▉   | 588/854 [00:22<00:10, 26.42it/s][A

 69%|██████▉   | 591/854 [00:22<00:09, 26.45it/s][A

 70%|██████▉   | 594/854 [00:22<00:09, 26.81it/s][A

 70%|██████▉   | 597/854 [00:22<00:09, 26.97it/s][A

 70%|███████   | 600/854 [00:22<00:09, 27.01it/s][A

 71%|███████   | 603/854 [00:22<00:09, 27.08it/s][A

 71%|███████   | 606/854 [00:22<00:09, 27.02it/s][A

 71%|███████▏  | 609/854 [00:22<00:09, 27.03it/s][A

 72%|███████▏  | 612/854 [00:23<00:09, 26.79it/s][A

 72%|███████▏  | 615/854 [00:23<00:09, 25.48it/s][A

 72%|███████▏  | 618/854 [00:23<00:09, 25.68it/s][A

 73%|███████▎  | 621/854 [00:23<00:08, 26.04it/s][A

 73%|███████▎  | 624/854 [00:23<00:08, 26.35it/s][A

 73%|███████▎  | 627/854 [00:23<00:08, 26.52it/s][A

 74%|███████▍  | 630/854 [00:23<00:08, 26.72it/s][A

 74%|███████▍  | 633/854 [00:23<00:08, 26.81it/s][A

 74%|███████▍  | 636/854 [00:23<00:08, 26.73it/s][A

 75%|███████▍  | 639/854 [00:24<00:08, 26.78it/s][A

 75%|███████▌  | 642/854 [00:24<00:07, 26.88it/s][A

 76%|███████▌  | 645/854 [00:24<00:07, 26.81it/s][A

 76%|███████▌  | 648/854 [00:24<00:07, 27.07it/s][A

 76%|███████▌  | 651/854 [00:24<00:07, 26.33it/s][A

 77%|███████▋  | 654/854 [00:24<00:07, 26.46it/s][A

 77%|███████▋  | 657/854 [00:24<00:07, 26.42it/s][A

 77%|███████▋  | 660/854 [00:24<00:07, 26.48it/s][A

 78%|███████▊  | 663/854 [00:24<00:07, 26.53it/s][A

 78%|███████▊  | 666/854 [00:25<00:07, 26.61it/s][A

 78%|███████▊  | 669/854 [00:25<00:06, 26.54it/s][A

 79%|███████▊  | 672/854 [00:25<00:06, 26.51it/s][A

 79%|███████▉  | 675/854 [00:25<00:06, 26.35it/s][A

 79%|███████▉  | 678/854 [00:25<00:06, 26.44it/s][A

 80%|███████▉  | 681/854 [00:25<00:06, 26.64it/s][A

 80%|████████  | 684/854 [00:25<00:06, 26.23it/s][A

 80%|████████  | 687/854 [00:25<00:06, 26.29it/s][A

 81%|████████  | 690/854 [00:25<00:06, 26.69it/s][A

 81%|████████  | 693/854 [00:26<00:06, 26.59it/s][A

 81%|████████▏ | 696/854 [00:26<00:05, 26.67it/s][A

 82%|████████▏ | 699/854 [00:26<00:05, 26.68it/s][A

 82%|████████▏ | 702/854 [00:26<00:05, 26.73it/s][A

 83%|████████▎ | 705/854 [00:26<00:05, 26.77it/s][A

 83%|████████▎ | 708/854 [00:26<00:05, 26.81it/s][A

 83%|████████▎ | 711/854 [00:26<00:05, 26.69it/s][A

 84%|████████▎ | 714/854 [00:26<00:05, 26.79it/s][A

 84%|████████▍ | 717/854 [00:26<00:05, 26.78it/s][A

 84%|████████▍ | 720/854 [00:27<00:05, 26.01it/s][A

 85%|████████▍ | 723/854 [00:27<00:04, 26.26it/s][A

 85%|████████▌ | 726/854 [00:27<00:04, 26.50it/s][A

 85%|████████▌ | 729/854 [00:27<00:04, 26.60it/s][A

 86%|████████▌ | 732/854 [00:27<00:04, 26.84it/s][A

 86%|████████▌ | 735/854 [00:27<00:04, 26.84it/s][A

 86%|████████▋ | 738/854 [00:27<00:04, 26.91it/s][A

 87%|████████▋ | 741/854 [00:27<00:04, 27.04it/s][A

 87%|████████▋ | 744/854 [00:27<00:04, 26.90it/s][A

 87%|████████▋ | 747/854 [00:28<00:03, 26.80it/s][A

 88%|████████▊ | 750/854 [00:28<00:03, 26.79it/s][A

 88%|████████▊ | 753/854 [00:28<00:03, 26.87it/s][A

 89%|████████▊ | 756/854 [00:28<00:03, 25.52it/s][A

 89%|████████▉ | 759/854 [00:28<00:03, 25.72it/s][A

 89%|████████▉ | 762/854 [00:28<00:03, 26.07it/s][A

 90%|████████▉ | 765/854 [00:28<00:03, 26.39it/s][A

 90%|████████▉ | 768/854 [00:28<00:03, 26.72it/s][A

 90%|█████████ | 771/854 [00:29<00:03, 26.63it/s][A

 91%|█████████ | 774/854 [00:29<00:03, 26.63it/s][A

 91%|█████████ | 777/854 [00:29<00:02, 26.55it/s][A

 91%|█████████▏| 780/854 [00:29<00:02, 26.71it/s][A

 92%|█████████▏| 783/854 [00:29<00:02, 26.59it/s][A

 92%|█████████▏| 786/854 [00:29<00:02, 26.68it/s][A

 92%|█████████▏| 789/854 [00:29<00:02, 26.00it/s][A

 93%|█████████▎| 792/854 [00:29<00:02, 25.56it/s][A

 93%|█████████▎| 795/854 [00:29<00:02, 25.92it/s][A

 93%|█████████▎| 798/854 [00:30<00:02, 26.15it/s][A

 94%|█████████▍| 801/854 [00:30<00:02, 26.28it/s][A

 94%|█████████▍| 804/854 [00:30<00:01, 26.52it/s][A

 94%|█████████▍| 807/854 [00:30<00:01, 26.60it/s][A

 95%|█████████▍| 810/854 [00:30<00:01, 26.94it/s][A

 95%|█████████▌| 813/854 [00:30<00:01, 26.90it/s][A

 96%|█████████▌| 816/854 [00:30<00:01, 26.82it/s][A

 96%|█████████▌| 819/854 [00:30<00:01, 26.71it/s][A

 96%|█████████▋| 822/854 [00:30<00:01, 26.11it/s][A

 97%|█████████▋| 825/854 [00:31<00:01, 25.50it/s][A

 97%|█████████▋| 828/854 [00:31<00:01, 25.92it/s][A

 97%|█████████▋| 831/854 [00:31<00:00, 26.07it/s][A

 98%|█████████▊| 834/854 [00:31<00:00, 26.28it/s][A

 98%|█████████▊| 837/854 [00:31<00:00, 26.43it/s][A

 98%|█████████▊| 840/854 [00:31<00:00, 26.62it/s][A

 99%|█████████▊| 843/854 [00:31<00:00, 26.64it/s][A

 99%|█████████▉| 846/854 [00:31<00:00, 26.72it/s][A

 99%|█████████▉| 849/854 [00:31<00:00, 26.84it/s][A

100%|█████████▉| 852/854 [00:32<00:00, 26.68it/s][A
100%|██████████| 854/854 [00:32<00:00, 26.56it/s]
2026-04-17 00:12:28,459 - INFO - There are 0 training samples and 256 validation samples


  0%|          | 0/256 [00:00<?, ?it/s][A2026-04-17 00:12:28,459 - INFO - ========= Example =========
2026-04-17 00:12:28,459 - INFO - Candidate: [0, 1, 2, 3, 4]
2026-04-17 00:12:28,459 - INFO - Correct candidate: 4
2026-04-17 00:12:28,467 - INFO - === Candidate 0 ===
2026-04-17 00:12:28,467 - INFO - <s>except it's much, much better. It was terrible
2026-04-17 00:12:28,468 - INFO - Log probabilities of the option tokens: tensor([nan], dtype=torch.float16)
2026-04-17 00:12:28,475 - INFO - === Candidate 1 (without context)===
2026-04-17 00:12:28,475 - INFO - <s>except it's much, much better. It was bad
2026-04-17 00:12:28,475 - INFO - Log probabilities of the option tokens: tensor([nan], dtype=torch.float16)
2026-04-17 00:12:28,483 - INFO - === Candidate 2 (without context)===
2026-04-17 00:12:28,483 - INFO - <s>except it's much, much better. It was okay
2026-04-17 00:12:28,483 - INFO - Log probabilities of the option tokens: tensor([nan], dtype=torch.float16)
2026-04-17 00:12:28,490 - INFO - === Candidate 3 (without context)===
2026-04-17 00:12:28,490 - INFO - <s>except it's much, much better. It was good
2026-04-17 00:12:28,491 - INFO - Log probabilities of the option tokens: tensor([nan], dtype=torch.float16)
2026-04-17 00:12:28,498 - INFO - === Candidate 4 (without context)===
2026-04-17 00:12:28,498 - INFO - <s>except it's much, much better. It was great
2026-04-17 00:12:28,498 - INFO - Log probabilities of the option tokens: tensor([nan], dtype=torch.float16)
2026-04-17 00:12:28,498 - INFO - Prediction scores: [nan, nan, nan, nan, nan]
2026-04-17 00:12:28,498 - INFO - ========= Example =========
2026-04-17 00:12:28,498 - INFO - Candidate: [0, 1, 2, 3, 4]
2026-04-17 00:12:28,498 - INFO - Correct candidate: 4
2026-04-17 00:12:28,507 - INFO - === Candidate 0 ===
2026-04-17 00:12:28,507 - INFO - <s>it's sweet, funny, charming, and completely delightful. It was terrible
2026-04-17 00:12:28,507 - INFO - Log probabilities of the option tokens: tensor([nan], dtype=torch.float16)
2026-04-17 00:12:28,515 - INFO - === Candidate 1 (without context)===
2026-04-17 00:12:28,515 - INFO - <s>it's sweet, funny, charming, and completely delightful. It was bad
2026-04-17 00:12:28,515 - INFO - Log probabilities of the option tokens: tensor([nan], dtype=torch.float16)
2026-04-17 00:12:28,522 - INFO - === Candidate 2 (without context)===
2026-04-17 00:12:28,522 - INFO - <s>it's sweet, funny, charming, and completely delightful. It was okay
2026-04-17 00:12:28,523 - INFO - Log probabilities of the option tokens: tensor([nan], dtype=torch.float16)
2026-04-17 00:12:28,530 - INFO - === Candidate 3 (without context)===
2026-04-17 00:12:28,530 - INFO - <s>it's sweet, funny, charming, and completely delightful. It was good
2026-04-17 00:12:28,530 - INFO - Log probabilities of the option tokens: tensor([nan], dtype=torch.float16)
2026-04-17 00:12:28,539 - INFO - === Candidate 4 (without context)===
2026-04-17 00:12:28,540 - INFO - <s>it's sweet, funny, charming, and completely delightful. It was great
2026-04-17 00:12:28,540 - INFO - Log probabilities of the option tokens: tensor([nan], dtype=torch.float16)
2026-04-17 00:12:28,540 - INFO - Prediction scores: [nan, nan, nan, nan, nan]
2026-04-17 00:12:28,540 - INFO - ========= Example =========
2026-04-17 00:12:28,540 - INFO - Candidate: [0, 1, 2, 3, 4]
2026-04-17 00:12:28,541 - INFO - Correct candidate: 1
2026-04-17 00:12:28,555 - INFO - === Candidate 0 ===
2026-04-17 00:12:28,556 - INFO - <s>nicolas cage isn't the first actor to lead a group of talented friends astray, and this movie won't create a ruffle in what is already an erratic career. It was terrible
2026-04-17 00:12:28,556 - INFO - Log probabilities of the option tokens: tensor([nan], dtype=torch.float16)
2026-04-17 00:12:28,565 - INFO - === Candidate 1 (without context)===
2026-04-17 00:12:28,565 - INFO - <s>nicolas cage isn't the first actor to lead a group of talented friends astray, and this movie won't create a ruffle in what is already an erratic career. It was bad
2026-04-17 00:12:28,565 - INFO - Log probabilities of the option tokens: tensor([nan], dtype=torch.float16)
2026-04-17 00:12:28,573 - INFO - === Candidate 2 (without context)===
2026-04-17 00:12:28,573 - INFO - <s>nicolas cage isn't the first actor to lead a group of talented friends astray, and this movie won't create a ruffle in what is already an erratic career. It was okay
2026-04-17 00:12:28,574 - INFO - Log probabilities of the option tokens: tensor([nan], dtype=torch.float16)
2026-04-17 00:12:28,581 - INFO - === Candidate 3 (without context)===
2026-04-17 00:12:28,581 - INFO - <s>nicolas cage isn't the first actor to lead a group of talented friends astray, and this movie won't create a ruffle in what is already an erratic career. It was good
2026-04-17 00:12:28,581 - INFO - Log probabilities of the option tokens: tensor([nan], dtype=torch.float16)
2026-04-17 00:12:28,589 - INFO - === Candidate 4 (without context)===
2026-04-17 00:12:28,589 - INFO - <s>nicolas cage isn't the first actor to lead a group of talented friends astray, and this movie won't create a ruffle in what is already an erratic career. It was great
2026-04-17 00:12:28,589 - INFO - Log probabilities of the option tokens: tensor([nan], dtype=torch.float16)
2026-04-17 00:12:28,589 - INFO - Prediction scores: [nan, nan, nan, nan, nan]


  1%|          | 3/256 [00:00<00:11, 23.00it/s][A

  2%|▏         | 6/256 [00:00<00:09, 25.31it/s][A

  4%|▎         | 9/256 [00:00<00:09, 25.76it/s][A

  5%|▍         | 12/256 [00:00<00:09, 26.21it/s][A

  6%|▌         | 15/256 [00:00<00:09, 26.32it/s][A

  7%|▋         | 18/256 [00:00<00:08, 26.49it/s][A

  8%|▊         | 21/256 [00:00<00:08, 26.60it/s][A

  9%|▉         | 24/256 [00:00<00:08, 26.64it/s][A

 11%|█         | 27/256 [00:01<00:08, 26.55it/s][A

 12%|█▏        | 30/256 [00:01<00:08, 26.47it/s][A

 13%|█▎        | 33/256 [00:01<00:08, 26.58it/s][A

 14%|█▍        | 36/256 [00:01<00:08, 26.79it/s][A

 15%|█▌        | 39/256 [00:01<00:08, 26.19it/s][A

 16%|█▋        | 42/256 [00:01<00:08, 26.54it/s][A

 18%|█▊        | 45/256 [00:01<00:07, 26.75it/s][A

 19%|█▉        | 48/256 [00:01<00:07, 26.91it/s][A

 20%|█▉        | 51/256 [00:01<00:07, 26.69it/s][A

 21%|██        | 54/256 [00:02<00:07, 26.80it/s][A

 22%|██▏       | 57/256 [00:02<00:07, 26.66it/s][A

 23%|██▎       | 60/256 [00:02<00:07, 26.72it/s][A

 25%|██▍       | 63/256 [00:02<00:07, 26.74it/s][A

 26%|██▌       | 66/256 [00:02<00:07, 26.63it/s][A

 27%|██▋       | 69/256 [00:02<00:07, 26.69it/s][A

 28%|██▊       | 72/256 [00:02<00:07, 25.96it/s][A

 29%|██▉       | 75/256 [00:02<00:07, 25.50it/s][A

 30%|███       | 78/256 [00:02<00:06, 25.70it/s][A

 32%|███▏      | 81/256 [00:03<00:06, 26.19it/s][A

 33%|███▎      | 84/256 [00:03<00:06, 26.33it/s][A

 34%|███▍      | 87/256 [00:03<00:06, 26.50it/s][A

 35%|███▌      | 90/256 [00:03<00:06, 26.81it/s][A

 36%|███▋      | 93/256 [00:03<00:06, 26.74it/s][A

 38%|███▊      | 96/256 [00:03<00:05, 26.86it/s][A

 39%|███▊      | 99/256 [00:03<00:05, 26.81it/s][A

 40%|███▉      | 102/256 [00:03<00:05, 26.81it/s][A

 41%|████      | 105/256 [00:03<00:05, 26.84it/s][A

 42%|████▏     | 108/256 [00:04<00:05, 25.61it/s][A

 43%|████▎     | 111/256 [00:04<00:05, 25.80it/s][A

 45%|████▍     | 114/256 [00:04<00:05, 25.94it/s][A

 46%|████▌     | 117/256 [00:04<00:05, 26.34it/s][A

 47%|████▋     | 120/256 [00:04<00:05, 26.51it/s][A

 48%|████▊     | 123/256 [00:04<00:05, 26.59it/s][A

 49%|████▉     | 126/256 [00:04<00:04, 26.81it/s][A

 50%|█████     | 129/256 [00:04<00:04, 26.81it/s][A

 52%|█████▏    | 132/256 [00:04<00:04, 26.73it/s][A

 53%|█████▎    | 135/256 [00:05<00:04, 26.92it/s][A

 54%|█████▍    | 138/256 [00:05<00:04, 27.05it/s][A

 55%|█████▌    | 141/256 [00:05<00:04, 26.32it/s][A

 56%|█████▋    | 144/256 [00:05<00:04, 26.54it/s][A

 57%|█████▋    | 147/256 [00:05<00:04, 26.64it/s][A

 59%|█████▊    | 150/256 [00:05<00:03, 26.63it/s][A

 60%|█████▉    | 153/256 [00:05<00:03, 26.70it/s][A

 61%|██████    | 156/256 [00:05<00:03, 26.50it/s][A

 62%|██████▏   | 159/256 [00:06<00:03, 26.70it/s][A

 63%|██████▎   | 162/256 [00:06<00:03, 26.73it/s][A

 64%|██████▍   | 165/256 [00:06<00:03, 26.88it/s][A

 66%|██████▌   | 168/256 [00:06<00:03, 26.95it/s][A

 67%|██████▋   | 171/256 [00:06<00:03, 26.89it/s][A

 68%|██████▊   | 174/256 [00:06<00:03, 26.81it/s][A

 69%|██████▉   | 177/256 [00:06<00:03, 26.08it/s][A

 70%|███████   | 180/256 [00:06<00:02, 26.24it/s][A

 71%|███████▏  | 183/256 [00:06<00:02, 26.31it/s][A

 73%|███████▎  | 186/256 [00:07<00:02, 26.46it/s][A

 74%|███████▍  | 189/256 [00:07<00:02, 26.56it/s][A

 75%|███████▌  | 192/256 [00:07<00:02, 26.65it/s][A

 76%|███████▌  | 195/256 [00:07<00:02, 26.74it/s][A

 77%|███████▋  | 198/256 [00:07<00:02, 26.86it/s][A

 79%|███████▊  | 201/256 [00:07<00:02, 26.82it/s][A

 80%|███████▉  | 204/256 [00:07<00:01, 26.82it/s][A

 81%|████████  | 207/256 [00:07<00:01, 26.91it/s][A

 82%|████████▏ | 210/256 [00:07<00:01, 26.09it/s][A

 83%|████████▎ | 213/256 [00:08<00:01, 26.21it/s][A

 84%|████████▍ | 216/256 [00:08<00:01, 26.37it/s][A

 86%|████████▌ | 219/256 [00:08<00:01, 26.46it/s][A

 87%|████████▋ | 222/256 [00:08<00:01, 26.58it/s][A

 88%|████████▊ | 225/256 [00:08<00:01, 26.64it/s][A

 89%|████████▉ | 228/256 [00:08<00:01, 26.53it/s][A

 90%|█████████ | 231/256 [00:08<00:00, 26.70it/s][A

 91%|█████████▏| 234/256 [00:08<00:00, 26.74it/s][A

 93%|█████████▎| 237/256 [00:08<00:00, 26.74it/s][A

 94%|█████████▍| 240/256 [00:09<00:00, 26.76it/s][A

 95%|█████████▍| 243/256 [00:09<00:00, 26.70it/s][A

 96%|█████████▌| 246/256 [00:09<00:00, 26.18it/s][A

 97%|█████████▋| 249/256 [00:09<00:00, 25.79it/s][A

 98%|█████████▊| 252/256 [00:09<00:00, 25.94it/s][A

100%|█████████▉| 255/256 [00:09<00:00, 26.24it/s][A
100%|██████████| 256/256 [00:09<00:00, 26.49it/s]
2026-04-17 00:12:41,954 - INFO - [sparse-mezo] global_step=1500 active_fraction=0.000000 active_params=0/1315758080 configured_ratio=0.250000 mask_strategy=percentile_per_layer scope=trainable_only
2026-04-17 00:12:45,316 - WARNING - [zo_probe] step=1500: no finite probe pairs; skipping row.

 62%|██████▏   | 1501/2405 [1:43:48<4:36:11, 18.33s/it]2026-04-17 00:12:49,301 - INFO - [sparse-mezo] global_step=1501 active_fraction=0.000000 active_params=0/1315758080 configured_ratio=0.250000 mask_strategy=percentile_per_layer scope=trainable_only

 62%|██████▏   | 1502/2405 [1:43:52<3:31:06, 14.03s/it]2026-04-17 00:12:53,286 - INFO - [sparse-mezo] global_step=1502 active_fraction=0.000000 active_params=0/1315758080 configured_ratio=0.250000 mask_strategy=percentile_per_layer scope=trainable_only

 62%|██████▏   | 1503/2405 [1:43:56<2:45:41, 11.02s/it]2026-04-17 00:12:57,293 - INFO - [sparse-mezo] global_step=1503 active_fraction=0.000000 active_params=0/1315758080 configured_ratio=0.250000 mask_strategy=percentile_per_layer scope=trainable_only

 63%|██████▎   | 1504/2405 [1:44:00<2:13:49,  8.91s/it]2026-04-17 00:13:01,301 - INFO - [sparse-mezo] global_step=1504 active_fraction=0.000000 active_params=0/1315758080 configured_ratio=0.250000 mask_strategy=percentile_per_layer scope=trainable_only

 63%|██████▎   | 1505/2405 [1:44:04<1:51:36,  7.44s/it]2026-04-17 00:13:05,291 - INFO - [sparse-mezo] global_step=1505 active_fraction=0.000000 active_params=0/1315758080 configured_ratio=0.250000 mask_strategy=percentile_per_layer scope=trainable_only

 63%|██████▎   | 1506/2405 [1:44:08<1:35:58,  6.41s/it]2026-04-17 00:13:09,298 - INFO - [sparse-mezo] global_step=1506 active_fraction=0.000000 active_params=0/1315758080 configured_ratio=0.250000 mask_strategy=percentile_per_layer scope=trainable_only

 63%|██████▎   | 1507/2405 [1:44:12<1:25:05,  5.69s/it]2026-04-17 00:13:13,302 - INFO - [sparse-mezo] global_step=1507 active_fraction=0.000000 active_params=0/1315758080 configured_ratio=0.250000 mask_strategy=percentile_per_layer scope=trainable_only

 63%|██████▎   | 1508/2405 [1:44:16<1:17:30,  5.18s/it]2026-04-17 00:13:17,319 - INFO - [sparse-mezo] global_step=1508 active_fraction=0.000000 active_params=0/1315758080 configured_ratio=0.250000 mask_strategy=percentile_per_layer scope=trainable_only

 63%|██████▎   | 1509/2405 [1:44:20<1:12:05,  4.83s/it]2026-04-17 00:13:21,296 - INFO - [sparse-mezo] global_step=1509 active_fraction=0.000000 active_params=0/1315758080 configured_ratio=0.250000 mask_strategy=percentile_per_layer scope=trainable_only

 63%|██████▎   | 1510/2405 [1:44:24<1:08:15,  4.58s/it]2026-04-17 00:13:25,287 - INFO - [sparse-mezo] global_step=1510 active_fraction=0.000000 active_params=0/1315758080 configured_ratio=0.250000 mask_strategy=percentile_per_layer scope=trainable_only

 63%|██████▎   | 1511/2405 [1:44:28<1:05:36,  4.40s/it]2026-04-17 00:13:29,303 - INFO - [sparse-mezo] global_step=1511 active_fraction=0.000000 active_params=0/1315758080 configured_ratio=0.250000 mask_strategy=percentile_per_layer scope=trainable_only

 63%|██████▎   | 1512/2405 [1:44:32<1:03:48,  4.29s/it]2026-04-17 00:13:33,319 - INFO - [sparse-mezo] global_step=1512 active_fraction=0.000000 active_params=0/1315758080 configured_ratio=0.250000 mask_strategy=percentile_per_layer scope=trainable_only

 63%|██████▎   | 1513/2405 [1:44:36<1:02:34,  4.21s/it]2026-04-17 00:13:37,327 - INFO - [sparse-mezo] global_step=1513 active_fraction=0.000000 active_params=0/1315758080 configured_ratio=0.250000 mask_strategy=percentile_per_layer scope=trainable_only

 63%|██████▎   | 1514/2405 [1:44:40<1:01:33,  4.15s/it]2026-04-17 00:13:41,325 - INFO - [sparse-mezo] global_step=1514 active_fraction=0.000000 active_params=0/1315758080 configured_ratio=0.250000 mask_strategy=percentile_per_layer scope=trainable_only

 63%|██████▎   | 1515/2405 [1:44:44<1:00:52,  4.10s/it]2026-04-17 00:13:45,350 - INFO - [sparse-mezo] global_step=1515 active_fraction=0.000000 active_params=0/1315758080 configured_ratio=0.250000 mask_strategy=percentile_per_layer scope=trainable_only

 63%|██████▎   | 1516/2405 [1:44:48<1:00:25,  4.08s/it]2026-04-17 00:13:49,366 - INFO - [sparse-mezo] global_step=1516 active_fraction=0.000000 active_params=0/1315758080 configured_ratio=0.250000 mask_strategy=percentile_per_layer scope=trainable_only

 63%|██████▎   | 1517/2405 [1:44:52<1:00:02,  4.06s/it]2026-04-17 00:13:53,356 - INFO - [sparse-mezo] global_step=1517 active_fraction=0.000000 active_params=0/1315758080 configured_ratio=0.250000 mask_strategy=percentile_per_layer scope=trainable_only

 63%|██████▎   | 1518/2405 [1:44:56<59:40,  4.04s/it]  2026-04-17 00:13:57,343 - INFO - [sparse-mezo] global_step=1518 active_fraction=0.000000 active_params=0/1315758080 configured_ratio=0.250000 mask_strategy=percentile_per_layer scope=trainable_only

 63%|██████▎   | 1519/2405 [1:45:00<59:25,  4.02s/it]2026-04-17 00:14:01,359 - INFO - [sparse-mezo] global_step=1519 active_fraction=0.000000 active_params=0/1315758080 configured_ratio=0.250000 mask_strategy=percentile_per_layer scope=trainable_only

 63%|██████▎   | 1520/2405 [1:45:04<59:16,  4.02s/it]2026-04-17 00:14:05,348 - INFO - [sparse-mezo] global_step=1520 active_fraction=0.000000 active_params=0/1315758080 configured_ratio=0.250000 mask_strategy=percentile_per_layer scope=trainable_only

 63%|██████▎   | 1521/2405 [1:45:08<59:04,  4.01s/it]2026-04-17 00:14:09,354 - INFO - [sparse-mezo] global_step=1521 active_fraction=0.000000 active_params=0/1315758080 configured_ratio=0.250000 mask_strategy=percentile_per_layer scope=trainable_only

 63%|██████▎   | 1522/2405 [1:45:12<59:02,  4.01s/it]2026-04-17 00:14:13,362 - INFO - [sparse-mezo] global_step=1522 active_fraction=0.000000 active_params=0/1315758080 configured_ratio=0.250000 mask_strategy=percentile_per_layer scope=trainable_only

 63%|██████▎   | 1523/2405 [1:45:16<58:57,  4.01s/it]2026-04-17 00:14:17,361 - INFO - [sparse-mezo] global_step=1523 active_fraction=0.000000 active_params=0/1315758080 configured_ratio=0.250000 mask_strategy=percentile_per_layer scope=trainable_only

 63%|██████▎   | 1524/2405 [1:45:20<58:50,  4.01s/it]2026-04-17 00:14:21,359 - INFO - [sparse-mezo] global_step=1524 active_fraction=0.000000 active_params=0/1315758080 configured_ratio=0.250000 mask_strategy=percentile_per_layer scope=trainable_only

 63%|██████▎   | 1525/2405 [1:45:24<58:46,  4.01s/it]2026-04-17 00:14:25,367 - INFO - [sparse-mezo] global_step=1525 active_fraction=0.000000 active_params=0/1315758080 configured_ratio=0.250000 mask_strategy=percentile_per_layer scope=trainable_only

 63%|██████▎   | 1526/2405 [1:45:28<58:39,  4.00s/it]2026-04-17 00:14:29,367 - INFO - [sparse-mezo] global_step=1526 active_fraction=0.000000 active_params=0/1315758080 configured_ratio=0.250000 mask_strategy=percentile_per_layer scope=trainable_only

 63%|██████▎   | 1527/2405 [1:45:32<58:32,  4.00s/it]2026-04-17 00:14:33,356 - INFO - [sparse-mezo] global_step=1527 active_fraction=0.000000 active_params=0/1315758080 configured_ratio=0.250000 mask_strategy=percentile_per_layer scope=trainable_only

 64%|██████▎   | 1528/2405 [1:45:36<58:34,  4.01s/it]2026-04-17 00:14:37,394 - INFO - [sparse-mezo] global_step=1528 active_fraction=0.000000 active_params=0/1315758080 configured_ratio=0.250000 mask_strategy=percentile_per_layer scope=trainable_only

 64%|██████▎   | 1529/2405 [1:45:40<58:32,  4.01s/it]2026-04-17 00:14:41,393 - INFO - [sparse-mezo] global_step=1529 active_fraction=0.000000 active_params=0/1315758080 configured_ratio=0.250000 mask_strategy=percentile_per_layer scope=trainable_only

 64%|██████▎   | 1530/2405 [1:45:44<58:23,  4.00s/it]2026-04-17 00:14:45,382 - INFO - [sparse-mezo] global_step=1530 active_fraction=0.000000 active_params=0/1315758080 configured_ratio=0.250000 mask_strategy=percentile_per_layer scope=trainable_only

 64%|██████▎   | 1531/2405 [1:45:48<58:15,  4.00s/it]2026-04-17 00:14:49,374 - INFO - [sparse-mezo] global_step=1531 active_fraction=0.000000 active_params=0/1315758080 configured_ratio=0.250000 mask_strategy=percentile_per_layer scope=trainable_only

 64%|██████▎   | 1532/2405 [1:45:52<58:09,  4.00s/it]2026-04-17 00:14:53,364 - INFO - [sparse-mezo] global_step=1532 active_fraction=0.000000 active_params=0/1315758080 configured_ratio=0.250000 mask_strategy=percentile_per_layer scope=trainable_only

 64%|██████▎   | 1533/2405 [1:45:56<58:08,  4.00s/it]2026-04-17 00:14:57,390 - INFO - [sparse-mezo] global_step=1533 active_fraction=0.000000 active_params=0/1315758080 configured_ratio=0.250000 mask_strategy=percentile_per_layer scope=trainable_only

 64%|██████▍   | 1534/2405 [1:46:00<58:06,  4.00s/it]2026-04-17 00:15:01,398 - INFO - [sparse-mezo] global_step=1534 active_fraction=0.000000 active_params=0/1315758080 configured_ratio=0.250000 mask_strategy=percentile_per_layer scope=trainable_only

 64%|██████▍   | 1535/2405 [1:46:04<58:03,  4.00s/it]2026-04-17 00:15:05,404 - INFO - [sparse-mezo] global_step=1535 active_fraction=0.000000 active_params=0/1315758080 configured_ratio=0.250000 mask_strategy=percentile_per_layer scope=trainable_only

 64%|██████▍   | 1536/2405 [1:46:08<58:06,  4.01s/it]2026-04-17 00:15:09,433 - INFO - [sparse-mezo] global_step=1536 active_fraction=0.000000 active_params=0/1315758080 configured_ratio=0.250000 mask_strategy=percentile_per_layer scope=trainable_only

 64%|██████▍   | 1537/2405 [1:46:12<58:02,  4.01s/it]2026-04-17 00:15:13,430 - INFO - [sparse-mezo] global_step=1537 active_fraction=0.000000 active_params=0/1315758080 configured_ratio=0.250000 mask_strategy=percentile_per_layer scope=trainable_only

 64%|██████▍   | 1538/2405 [1:46:16<57:53,  4.01s/it]2026-04-17 00:15:17,424 - INFO - [sparse-mezo] global_step=1538 active_fraction=0.000000 active_params=0/1315758080 configured_ratio=0.250000 mask_strategy=percentile_per_layer scope=trainable_only

 64%|██████▍   | 1539/2405 [1:46:20<57:46,  4.00s/it]2026-04-17 00:15:21,420 - INFO - [sparse-mezo] global_step=1539 active_fraction=0.000000 active_params=0/1315758080 configured_ratio=0.250000 mask_strategy=percentile_per_layer scope=trainable_only

 64%|██████▍   | 1540/2405 [1:46:24<57:39,  4.00s/it]2026-04-17 00:15:25,427 - INFO - [sparse-mezo] global_step=1540 active_fraction=0.000000 active_params=0/1315758080 configured_ratio=0.250000 mask_strategy=percentile_per_layer scope=trainable_only

 64%|██████▍   | 1541/2405 [1:46:28<57:39,  4.00s/it]2026-04-17 00:15:29,445 - INFO - [sparse-mezo] global_step=1541 active_fraction=0.000000 active_params=0/1315758080 configured_ratio=0.250000 mask_strategy=percentile_per_layer scope=trainable_only

 64%|██████▍   | 1542/2405 [1:46:32<57:39,  4.01s/it]2026-04-17 00:15:33,463 - INFO - [sparse-mezo] global_step=1542 active_fraction=0.000000 active_params=0/1315758080 configured_ratio=0.250000 mask_strategy=percentile_per_layer scope=trainable_only

 64%|██████▍   | 1543/2405 [1:46:36<57:40,  4.01s/it]2026-04-17 00:15:37,490 - INFO - [sparse-mezo] global_step=1543 active_fraction=0.000000 active_params=0/1315758080 configured_ratio=0.250000 mask_strategy=percentile_per_layer scope=trainable_only

 64%|██████▍   | 1544/2405 [1:46:40<57:34,  4.01s/it]2026-04-17 00:15:41,479 - INFO - [sparse-mezo] global_step=1544 active_fraction=0.000000 active_params=0/1315758080 configured_ratio=0.250000 mask_strategy=percentile_per_layer scope=trainable_only

 64%|██████▍   | 1545/2405 [1:46:44<57:26,  4.01s/it]2026-04-17 00:15:45,495 - INFO - [sparse-mezo] global_step=1545 active_fraction=0.000000 active_params=0/1315758080 configured_ratio=0.250000 mask_strategy=percentile_per_layer scope=trainable_only

 64%|██████▍   | 1546/2405 [1:46:48<57:22,  4.01s/it]2026-04-17 00:15:49,484 - INFO - [sparse-mezo] global_step=1546 active_fraction=0.000000 active_params=0/1315758080 configured_ratio=0.250000 mask_strategy=percentile_per_layer scope=trainable_only

 64%|██████▍   | 1547/2405 [1:46:52<57:18,  4.01s/it]2026-04-17 00:15:53,509 - INFO - [sparse-mezo] global_step=1547 active_fraction=0.000000 active_params=0/1315758080 configured_ratio=0.250000 mask_strategy=percentile_per_layer scope=trainable_only

 64%|██████▍   | 1548/2405 [1:46:56<57:14,  4.01s/it]2026-04-17 00:15:57,515 - INFO - [sparse-mezo] global_step=1548 active_fraction=0.000000 active_params=0/1315758080 configured_ratio=0.250000 mask_strategy=percentile_per_layer scope=trainable_only

 64%|██████▍   | 1549/2405 [1:47:00<57:08,  4.01s/it]2026-04-17 00:16:01,516 - INFO - [sparse-mezo] global_step=1549 active_fraction=0.000000 active_params=0/1315758080 configured_ratio=0.250000 mask_strategy=percentile_per_layer scope=trainable_only

 64%|██████▍   | 1550/2405 [1:47:04<57:09,  4.01s/it]2026-04-17 00:16:05,525 - INFO - [sparse-mezo] global_step=1550 active_fraction=0.000000 active_params=0/1315758080 configured_ratio=0.250000 mask_strategy=percentile_per_layer scope=trainable_only

 64%|██████▍   | 1551/2405 [1:47:08<57:02,  4.01s/it]2026-04-17 00:16:09,526 - INFO - [sparse-mezo] global_step=1551 active_fraction=0.000000 active_params=0/1315758080 configured_ratio=0.250000 mask_strategy=percentile_per_layer scope=trainable_only

 65%|██████▍   | 1552/2405 [1:47:12<56:54,  4.00s/it]2026-04-17 00:16:13,514 - INFO - [sparse-mezo] global_step=1552 active_fraction=0.000000 active_params=0/1315758080 configured_ratio=0.250000 mask_strategy=percentile_per_layer scope=trainable_only

 65%|██████▍   | 1553/2405 [1:47:16<56:49,  4.00s/it]2026-04-17 00:16:17,530 - INFO - [sparse-mezo] global_step=1553 active_fraction=0.000000 active_params=0/1315758080 configured_ratio=0.250000 mask_strategy=percentile_per_layer scope=trainable_only

 65%|██████▍   | 1554/2405 [1:47:20<56:46,  4.00s/it]2026-04-17 00:16:21,538 - INFO - [sparse-mezo] global_step=1554 active_fraction=0.000000 active_params=0/1315758080 configured_ratio=0.250000 mask_strategy=percentile_per_layer scope=trainable_only

 65%|██████▍   | 1555/2405 [1:47:24<56:43,  4.00s/it]2026-04-17 00:16:25,528 - INFO - [sparse-mezo] global_step=1555 active_fraction=0.000000 active_params=0/1315758080 configured_ratio=0.250000 mask_strategy=percentile_per_layer scope=trainable_only

 65%|██████▍   | 1556/2405 [1:47:28<56:34,  4.00s/it]2026-04-17 00:16:29,529 - INFO - [sparse-mezo] global_step=1556 active_fraction=0.000000 active_params=0/1315758080 configured_ratio=0.250000 mask_strategy=percentile_per_layer scope=trainable_only

 65%|██████▍   | 1557/2405 [1:47:32<56:32,  4.00s/it]2026-04-17 00:16:33,518 - INFO - [sparse-mezo] global_step=1557 active_fraction=0.000000 active_params=0/1315758080 configured_ratio=0.250000 mask_strategy=percentile_per_layer scope=trainable_only

 65%|██████▍   | 1558/2405 [1:47:36<56:26,  4.00s/it]2026-04-17 00:16:37,510 - INFO - [sparse-mezo] global_step=1558 active_fraction=0.000000 active_params=0/1315758080 configured_ratio=0.250000 mask_strategy=percentile_per_layer scope=trainable_only

 65%|██████▍   | 1559/2405 [1:47:40<56:18,  3.99s/it]2026-04-17 00:16:41,512 - INFO - [sparse-mezo] global_step=1559 active_fraction=0.000000 active_params=0/1315758080 configured_ratio=0.250000 mask_strategy=percentile_per_layer scope=trainable_only

 65%|██████▍   | 1560/2405 [1:47:44<56:17,  4.00s/it]2026-04-17 00:16:45,501 - INFO - [sparse-mezo] global_step=1560 active_fraction=0.000000 active_params=0/1315758080 configured_ratio=0.250000 mask_strategy=percentile_per_layer scope=trainable_only

 65%|██████▍   | 1561/2405 [1:47:48<56:14,  4.00s/it]2026-04-17 00:16:49,498 - INFO - [sparse-mezo] global_step=1561 active_fraction=0.000000 active_params=0/1315758080 configured_ratio=0.250000 mask_strategy=percentile_per_layer scope=trainable_only

 65%|██████▍   | 1562/2405 [1:47:52<56:12,  4.00s/it]2026-04-17 00:16:53,505 - INFO - [sparse-mezo] global_step=1562 active_fraction=0.000000 active_params=0/1315758080 configured_ratio=0.250000 mask_strategy=percentile_per_layer scope=trainable_only

 65%|██████▍   | 1563/2405 [1:47:56<56:05,  4.00s/it]2026-04-17 00:16:57,512 - INFO - [sparse-mezo] global_step=1563 active_fraction=0.000000 active_params=0/1315758080 configured_ratio=0.250000 mask_strategy=percentile_per_layer scope=trainable_only

 65%|██████▌   | 1564/2405 [1:48:00<56:03,  4.00s/it]2026-04-17 00:17:01,521 - INFO - [sparse-mezo] global_step=1564 active_fraction=0.000000 active_params=0/1315758080 configured_ratio=0.250000 mask_strategy=percentile_per_layer scope=trainable_only

 65%|██████▌   | 1565/2405 [1:48:04<56:07,  4.01s/it]2026-04-17 00:17:05,549 - INFO - [sparse-mezo] global_step=1565 active_fraction=0.000000 active_params=0/1315758080 configured_ratio=0.250000 mask_strategy=percentile_per_layer scope=trainable_only

 65%|██████▌   | 1566/2405 [1:48:08<56:07,  4.01s/it]2026-04-17 00:17:09,575 - INFO - [sparse-mezo] global_step=1566 active_fraction=0.000000 active_params=0/1315758080 configured_ratio=0.250000 mask_strategy=percentile_per_layer scope=trainable_only

 65%|██████▌   | 1567/2405 [1:48:12<56:04,  4.01s/it]2026-04-17 00:17:13,572 - INFO - [sparse-mezo] global_step=1567 active_fraction=0.000000 active_params=0/1315758080 configured_ratio=0.250000 mask_strategy=percentile_per_layer scope=trainable_only

 65%|██████▌   | 1568/2405 [1:48:16<55:53,  4.01s/it]2026-04-17 00:17:17,561 - INFO - [sparse-mezo] global_step=1568 active_fraction=0.000000 active_params=0/1315758080 configured_ratio=0.250000 mask_strategy=percentile_per_layer scope=trainable_only

 65%|██████▌   | 1569/2405 [1:48:20<55:47,  4.00s/it]2026-04-17 00:17:21,558 - INFO - [sparse-mezo] global_step=1569 active_fraction=0.000000 active_params=0/1315758080 configured_ratio=0.250000 mask_strategy=percentile_per_layer scope=trainable_only

 65%|██████▌   | 1570/2405 [1:48:24<55:39,  4.00s/it]2026-04-17 00:17:25,548 - INFO - [sparse-mezo] global_step=1570 active_fraction=0.000000 active_params=0/1315758080 configured_ratio=0.250000 mask_strategy=percentile_per_layer scope=trainable_only

 65%|██████▌   | 1571/2405 [1:48:28<55:32,  4.00s/it]2026-04-17 00:17:29,554 - INFO - [sparse-mezo] global_step=1571 active_fraction=0.000000 active_params=0/1315758080 configured_ratio=0.250000 mask_strategy=percentile_per_layer scope=trainable_only

 65%|██████▌   | 1572/2405 [1:48:32<55:33,  4.00s/it]2026-04-17 00:17:33,552 - INFO - [sparse-mezo] global_step=1572 active_fraction=0.000000 active_params=0/1315758080 configured_ratio=0.250000 mask_strategy=percentile_per_layer scope=trainable_only

 65%|██████▌   | 1573/2405 [1:48:36<55:28,  4.00s/it]2026-04-17 00:17:37,552 - INFO - [sparse-mezo] global_step=1573 active_fraction=0.000000 active_params=0/1315758080 configured_ratio=0.250000 mask_strategy=percentile_per_layer scope=trainable_only

 65%|██████▌   | 1574/2405 [1:48:40<55:24,  4.00s/it]2026-04-17 00:17:41,548 - INFO - [sparse-mezo] global_step=1574 active_fraction=0.000000 active_params=0/1315758080 configured_ratio=0.250000 mask_strategy=percentile_per_layer scope=trainable_only

 65%|██████▌   | 1575/2405 [1:48:44<55:23,  4.00s/it]2026-04-17 00:17:45,576 - INFO - [sparse-mezo] global_step=1575 active_fraction=0.000000 active_params=0/1315758080 configured_ratio=0.250000 mask_strategy=percentile_per_layer scope=trainable_only

 66%|██████▌   | 1576/2405 [1:48:48<55:23,  4.01s/it]2026-04-17 00:17:49,586 - INFO - [sparse-mezo] global_step=1576 active_fraction=0.000000 active_params=0/1315758080 configured_ratio=0.250000 mask_strategy=percentile_per_layer scope=trainable_only

 66%|██████▌   | 1577/2405 [1:48:52<55:17,  4.01s/it]2026-04-17 00:17:53,603 - INFO - [sparse-mezo] global_step=1577 active_fraction=0.000000 active_params=0/1315758080 configured_ratio=0.250000 mask_strategy=percentile_per_layer scope=trainable_only

 66%|██████▌   | 1578/2405 [1:48:56<55:15,  4.01s/it]2026-04-17 00:17:57,619 - INFO - [sparse-mezo] global_step=1578 active_fraction=0.000000 active_params=0/1315758080 configured_ratio=0.250000 mask_strategy=percentile_per_layer scope=trainable_only

 66%|██████▌   | 1579/2405 [1:49:00<55:11,  4.01s/it]2026-04-17 00:18:01,627 - INFO - [sparse-mezo] global_step=1579 active_fraction=0.000000 active_params=0/1315758080 configured_ratio=0.250000 mask_strategy=percentile_per_layer scope=trainable_only

 66%|██████▌   | 1580/2405 [1:49:04<55:11,  4.01s/it]2026-04-17 00:18:05,652 - INFO - [sparse-mezo] global_step=1580 active_fraction=0.000000 active_params=0/1315758080 configured_ratio=0.250000 mask_strategy=percentile_per_layer scope=trainable_only

 66%|██████▌   | 1581/2405 [1:49:08<55:06,  4.01s/it]2026-04-17 00:18:09,664 - INFO - [sparse-mezo] global_step=1581 active_fraction=0.000000 active_params=0/1315758080 configured_ratio=0.250000 mask_strategy=percentile_per_layer scope=trainable_only

 66%|██████▌   | 1582/2405 [1:49:12<55:01,  4.01s/it]2026-04-17 00:18:13,670 - INFO - [sparse-mezo] global_step=1582 active_fraction=0.000000 active_params=0/1315758080 configured_ratio=0.250000 mask_strategy=percentile_per_layer scope=trainable_only

 66%|██████▌   | 1583/2405 [1:49:16<54:58,  4.01s/it]2026-04-17 00:18:17,690 - INFO - [sparse-mezo] global_step=1583 active_fraction=0.000000 active_params=0/1315758080 configured_ratio=0.250000 mask_strategy=percentile_per_layer scope=trainable_only

 66%|██████▌   | 1584/2405 [1:49:20<54:54,  4.01s/it]2026-04-17 00:18:21,681 - INFO - [sparse-mezo] global_step=1584 active_fraction=0.000000 active_params=0/1315758080 configured_ratio=0.250000 mask_strategy=percentile_per_layer scope=trainable_only

 66%|██████▌   | 1585/2405 [1:49:24<54:44,  4.01s/it]2026-04-17 00:18:25,670 - INFO - [sparse-mezo] global_step=1585 active_fraction=0.000000 active_params=0/1315758080 configured_ratio=0.250000 mask_strategy=percentile_per_layer scope=trainable_only

 66%|██████▌   | 1586/2405 [1:49:28<54:36,  4.00s/it]2026-04-17 00:18:29,658 - INFO - [sparse-mezo] global_step=1586 active_fraction=0.000000 active_params=0/1315758080 configured_ratio=0.250000 mask_strategy=percentile_per_layer scope=trainable_only

 66%|██████▌   | 1587/2405 [1:49:32<54:31,  4.00s/it]2026-04-17 00:18:33,672 - INFO - [sparse-mezo] global_step=1587 active_fraction=0.000000 active_params=0/1315758080 configured_ratio=0.250000 mask_strategy=percentile_per_layer scope=trainable_only

 66%|██████▌   | 1588/2405 [1:49:36<54:27,  4.00s/it]2026-04-17 00:18:37,675 - INFO - [sparse-mezo] global_step=1588 active_fraction=0.000000 active_params=0/1315758080 configured_ratio=0.250000 mask_strategy=percentile_per_layer scope=trainable_only

 66%|██████▌   | 1589/2405 [1:49:40<54:25,  4.00s/it]2026-04-17 00:18:41,681 - INFO - [sparse-mezo] global_step=1589 active_fraction=0.000000 active_params=0/1315758080 configured_ratio=0.250000 mask_strategy=percentile_per_layer scope=trainable_only

 66%|██████▌   | 1590/2405 [1:49:44<54:24,  4.01s/it]2026-04-17 00:18:45,697 - INFO - [sparse-mezo] global_step=1590 active_fraction=0.000000 active_params=0/1315758080 configured_ratio=0.250000 mask_strategy=percentile_per_layer scope=trainable_only

 66%|██████▌   | 1591/2405 [1:49:48<54:20,  4.01s/it]2026-04-17 00:18:49,700 - INFO - [sparse-mezo] global_step=1591 active_fraction=0.000000 active_params=0/1315758080 configured_ratio=0.250000 mask_strategy=percentile_per_layer scope=trainable_only

 66%|██████▌   | 1592/2405 [1:49:52<54:21,  4.01s/it]2026-04-17 00:18:53,726 - INFO - [sparse-mezo] global_step=1592 active_fraction=0.000000 active_params=0/1315758080 configured_ratio=0.250000 mask_strategy=percentile_per_layer scope=trainable_only

 66%|██████▌   | 1593/2405 [1:49:56<54:18,  4.01s/it]2026-04-17 00:18:57,743 - INFO - [sparse-mezo] global_step=1593 active_fraction=0.000000 active_params=0/1315758080 configured_ratio=0.250000 mask_strategy=percentile_per_layer scope=trainable_only

 66%|██████▋   | 1594/2405 [1:50:00<54:15,  4.01s/it]2026-04-17 00:19:01,758 - INFO - [sparse-mezo] global_step=1594 active_fraction=0.000000 active_params=0/1315758080 configured_ratio=0.250000 mask_strategy=percentile_per_layer scope=trainable_only

 66%|██████▋   | 1595/2405 [1:50:04<54:11,  4.01s/it]2026-04-17 00:19:05,773 - INFO - [sparse-mezo] global_step=1595 active_fraction=0.000000 active_params=0/1315758080 configured_ratio=0.250000 mask_strategy=percentile_per_layer scope=trainable_only

 66%|██████▋   | 1596/2405 [1:50:08<54:05,  4.01s/it]2026-04-17 00:19:09,778 - INFO - [sparse-mezo] global_step=1596 active_fraction=0.000000 active_params=0/1315758080 configured_ratio=0.250000 mask_strategy=percentile_per_layer scope=trainable_only

 66%|██████▋   | 1597/2405 [1:50:12<53:59,  4.01s/it]2026-04-17 00:19:13,767 - INFO - [sparse-mezo] global_step=1597 active_fraction=0.000000 active_params=0/1315758080 configured_ratio=0.250000 mask_strategy=percentile_per_layer scope=trainable_only

 66%|██████▋   | 1598/2405 [1:50:16<53:51,  4.00s/it]2026-04-17 00:19:17,760 - INFO - [sparse-mezo] global_step=1598 active_fraction=0.000000 active_params=0/1315758080 configured_ratio=0.250000 mask_strategy=percentile_per_layer scope=trainable_only

 66%|██████▋   | 1599/2405 [1:50:20<53:46,  4.00s/it]2026-04-17 00:19:21,760 - INFO - [sparse-mezo] global_step=1599 active_fraction=0.000000 active_params=0/1315758080 configured_ratio=0.250000 mask_strategy=percentile_per_layer scope=trainable_only

 67%|██████▋   | 1600/2405 [1:50:24<53:39,  4.00s/it]2026-04-17 00:19:25,751 - INFO - [sparse-mezo] global_step=1600 active_fraction=0.000000 active_params=0/1315758080 configured_ratio=0.250000 mask_strategy=percentile_per_layer scope=trainable_only
2026-04-17 00:19:29,324 - WARNING - [zo_probe] step=1600: no finite probe pairs; skipping row.

 67%|██████▋   | 1601/2405 [1:50:32<1:07:54,  5.07s/it]2026-04-17 00:19:33,313 - INFO - [sparse-mezo] global_step=1601 active_fraction=0.000000 active_params=0/1315758080 configured_ratio=0.250000 mask_strategy=percentile_per_layer scope=trainable_only

 67%|██████▋   | 1602/2405 [1:50:36<1:03:30,  4.74s/it]2026-04-17 00:19:37,304 - INFO - [sparse-mezo] global_step=1602 active_fraction=0.000000 active_params=0/1315758080 configured_ratio=0.250000 mask_strategy=percentile_per_layer scope=trainable_only

 67%|██████▋   | 1603/2405 [1:50:40<1:00:26,  4.52s/it]2026-04-17 00:19:41,323 - INFO - [sparse-mezo] global_step=1603 active_fraction=0.000000 active_params=0/1315758080 configured_ratio=0.250000 mask_strategy=percentile_per_layer scope=trainable_only

 67%|██████▋   | 1604/2405 [1:50:44<58:20,  4.37s/it]  2026-04-17 00:19:45,340 - INFO - [sparse-mezo] global_step=1604 active_fraction=0.000000 active_params=0/1315758080 configured_ratio=0.250000 mask_strategy=percentile_per_layer scope=trainable_only

 67%|██████▋   | 1605/2405 [1:50:48<56:49,  4.26s/it]2026-04-17 00:19:49,349 - INFO - [sparse-mezo] global_step=1605 active_fraction=0.000000 active_params=0/1315758080 configured_ratio=0.250000 mask_strategy=percentile_per_layer scope=trainable_only

 67%|██████▋   | 1606/2405 [1:50:52<55:46,  4.19s/it]2026-04-17 00:19:53,365 - INFO - [sparse-mezo] global_step=1606 active_fraction=0.000000 active_params=0/1315758080 configured_ratio=0.250000 mask_strategy=percentile_per_layer scope=trainable_only

 67%|██████▋   | 1607/2405 [1:50:56<55:03,  4.14s/it]2026-04-17 00:19:57,391 - INFO - [sparse-mezo] global_step=1607 active_fraction=0.000000 active_params=0/1315758080 configured_ratio=0.250000 mask_strategy=percentile_per_layer scope=trainable_only

 67%|██████▋   | 1608/2405 [1:51:00<54:26,  4.10s/it]2026-04-17 00:20:01,395 - INFO - [sparse-mezo] global_step=1608 active_fraction=0.000000 active_params=0/1315758080 configured_ratio=0.250000 mask_strategy=percentile_per_layer scope=trainable_only

 67%|██████▋   | 1609/2405 [1:51:04<54:03,  4.07s/it]2026-04-17 00:20:05,394 - INFO - [sparse-mezo] global_step=1609 active_fraction=0.000000 active_params=0/1315758080 configured_ratio=0.250000 mask_strategy=percentile_per_layer scope=trainable_only

 67%|██████▋   | 1610/2405 [1:51:08<53:43,  4.05s/it]2026-04-17 00:20:09,404 - INFO - [sparse-mezo] global_step=1610 active_fraction=0.000000 active_params=0/1315758080 configured_ratio=0.250000 mask_strategy=percentile_per_layer scope=trainable_only

 67%|██████▋   | 1611/2405 [1:51:12<53:23,  4.04s/it]2026-04-17 00:20:13,411 - INFO - [sparse-mezo] global_step=1611 active_fraction=0.000000 active_params=0/1315758080 configured_ratio=0.250000 mask_strategy=percentile_per_layer scope=trainable_only

 67%|██████▋   | 1612/2405 [1:51:16<53:12,  4.03s/it]2026-04-17 00:20:17,395 - INFO - [sparse-mezo] global_step=1612 active_fraction=0.000000 active_params=0/1315758080 configured_ratio=0.250000 mask_strategy=percentile_per_layer scope=trainable_only

 67%|██████▋   | 1613/2405 [1:51:20<53:03,  4.02s/it]2026-04-17 00:20:21,403 - INFO - [sparse-mezo] global_step=1613 active_fraction=0.000000 active_params=0/1315758080 configured_ratio=0.250000 mask_strategy=percentile_per_layer scope=trainable_only

 67%|██████▋   | 1614/2405 [1:51:24<52:54,  4.01s/it]2026-04-17 00:20:25,420 - INFO - [sparse-mezo] global_step=1614 active_fraction=0.000000 active_params=0/1315758080 configured_ratio=0.250000 mask_strategy=percentile_per_layer scope=trainable_only

 67%|██████▋   | 1615/2405 [1:51:28<52:51,  4.01s/it]2026-04-17 00:20:29,437 - INFO - [sparse-mezo] global_step=1615 active_fraction=0.000000 active_params=0/1315758080 configured_ratio=0.250000 mask_strategy=percentile_per_layer scope=trainable_only

 67%|██████▋   | 1616/2405 [1:51:32<52:45,  4.01s/it]2026-04-17 00:20:33,425 - INFO - [sparse-mezo] global_step=1616 active_fraction=0.000000 active_params=0/1315758080 configured_ratio=0.250000 mask_strategy=percentile_per_layer scope=trainable_only

 67%|██████▋   | 1617/2405 [1:51:36<52:38,  4.01s/it]2026-04-17 00:20:37,424 - INFO - [sparse-mezo] global_step=1617 active_fraction=0.000000 active_params=0/1315758080 configured_ratio=0.250000 mask_strategy=percentile_per_layer scope=trainable_only

 67%|██████▋   | 1618/2405 [1:51:40<52:29,  4.00s/it]2026-04-17 00:20:41,430 - INFO - [sparse-mezo] global_step=1618 active_fraction=0.000000 active_params=0/1315758080 configured_ratio=0.250000 mask_strategy=percentile_per_layer scope=trainable_only

 67%|██████▋   | 1619/2405 [1:51:44<52:28,  4.01s/it]2026-04-17 00:20:45,445 - INFO - [sparse-mezo] global_step=1619 active_fraction=0.000000 active_params=0/1315758080 configured_ratio=0.250000 mask_strategy=percentile_per_layer scope=trainable_only

 67%|██████▋   | 1620/2405 [1:51:48<52:24,  4.01s/it]2026-04-17 00:20:49,434 - INFO - [sparse-mezo] global_step=1620 active_fraction=0.000000 active_params=0/1315758080 configured_ratio=0.250000 mask_strategy=percentile_per_layer scope=trainable_only

 67%|██████▋   | 1621/2405 [1:51:52<52:16,  4.00s/it]2026-04-17 00:20:53,424 - INFO - [sparse-mezo] global_step=1621 active_fraction=0.000000 active_params=0/1315758080 configured_ratio=0.250000 mask_strategy=percentile_per_layer scope=trainable_only

 67%|██████▋   | 1622/2405 [1:51:56<52:10,  4.00s/it]2026-04-17 00:20:57,430 - INFO - [sparse-mezo] global_step=1622 active_fraction=0.000000 active_params=0/1315758080 configured_ratio=0.250000 mask_strategy=percentile_per_layer scope=trainable_only

 67%|██████▋   | 1623/2405 [1:52:00<52:10,  4.00s/it]2026-04-17 00:21:01,429 - INFO - [sparse-mezo] global_step=1623 active_fraction=0.000000 active_params=0/1315758080 configured_ratio=0.250000 mask_strategy=percentile_per_layer scope=trainable_only

 68%|██████▊   | 1624/2405 [1:52:04<52:03,  4.00s/it]2026-04-17 00:21:05,418 - INFO - [sparse-mezo] global_step=1624 active_fraction=0.000000 active_params=0/1315758080 configured_ratio=0.250000 mask_strategy=percentile_per_layer scope=trainable_only

 68%|██████▊   | 1625/2405 [1:52:08<51:56,  4.00s/it]2026-04-17 00:21:09,410 - INFO - [sparse-mezo] global_step=1625 active_fraction=0.000000 active_params=0/1315758080 configured_ratio=0.250000 mask_strategy=percentile_per_layer scope=trainable_only

 68%|██████▊   | 1626/2405 [1:52:12<51:51,  3.99s/it]2026-04-17 00:21:13,401 - INFO - [sparse-mezo] global_step=1626 active_fraction=0.000000 active_params=0/1315758080 configured_ratio=0.250000 mask_strategy=percentile_per_layer scope=trainable_only

 68%|██████▊   | 1627/2405 [1:52:16<51:47,  3.99s/it]2026-04-17 00:21:17,390 - INFO - [sparse-mezo] global_step=1627 active_fraction=0.000000 active_params=0/1315758080 configured_ratio=0.250000 mask_strategy=percentile_per_layer scope=trainable_only

 68%|██████▊   | 1628/2405 [1:52:20<51:46,  4.00s/it]2026-04-17 00:21:21,415 - INFO - [sparse-mezo] global_step=1628 active_fraction=0.000000 active_params=0/1315758080 configured_ratio=0.250000 mask_strategy=percentile_per_layer scope=trainable_only

 68%|██████▊   | 1629/2405 [1:52:24<51:45,  4.00s/it]2026-04-17 00:21:25,408 - INFO - [sparse-mezo] global_step=1629 active_fraction=0.000000 active_params=0/1315758080 configured_ratio=0.250000 mask_strategy=percentile_per_layer scope=trainable_only

 68%|██████▊   | 1630/2405 [1:52:28<51:39,  4.00s/it]2026-04-17 00:21:29,423 - INFO - [sparse-mezo] global_step=1630 active_fraction=0.000000 active_params=0/1315758080 configured_ratio=0.250000 mask_strategy=percentile_per_layer scope=trainable_only

 68%|██████▊   | 1631/2405 [1:52:32<51:40,  4.01s/it]2026-04-17 00:21:33,440 - INFO - [sparse-mezo] global_step=1631 active_fraction=0.000000 active_params=0/1315758080 configured_ratio=0.250000 mask_strategy=percentile_per_layer scope=trainable_only

 68%|██████▊   | 1632/2405 [1:52:36<51:40,  4.01s/it]2026-04-17 00:21:37,467 - INFO - [sparse-mezo] global_step=1632 active_fraction=0.000000 active_params=0/1315758080 configured_ratio=0.250000 mask_strategy=percentile_per_layer scope=trainable_only

 68%|██████▊   | 1633/2405 [1:52:40<51:36,  4.01s/it]2026-04-17 00:21:41,459 - INFO - [sparse-mezo] global_step=1633 active_fraction=0.000000 active_params=0/1315758080 configured_ratio=0.250000 mask_strategy=percentile_per_layer scope=trainable_only

 68%|██████▊   | 1634/2405 [1:52:44<51:32,  4.01s/it]2026-04-17 00:21:45,484 - INFO - [sparse-mezo] global_step=1634 active_fraction=0.000000 active_params=0/1315758080 configured_ratio=0.250000 mask_strategy=percentile_per_layer scope=trainable_only

 68%|██████▊   | 1635/2405 [1:52:48<51:31,  4.01s/it]2026-04-17 00:21:49,510 - INFO - [sparse-mezo] global_step=1635 active_fraction=0.000000 active_params=0/1315758080 configured_ratio=0.250000 mask_strategy=percentile_per_layer scope=trainable_only

 68%|██████▊   | 1636/2405 [1:52:52<51:25,  4.01s/it]2026-04-17 00:21:53,519 - INFO - [sparse-mezo] global_step=1636 active_fraction=0.000000 active_params=0/1315758080 configured_ratio=0.250000 mask_strategy=percentile_per_layer scope=trainable_only

 68%|██████▊   | 1637/2405 [1:52:56<51:22,  4.01s/it]2026-04-17 00:21:57,534 - INFO - [sparse-mezo] global_step=1637 active_fraction=0.000000 active_params=0/1315758080 configured_ratio=0.250000 mask_strategy=percentile_per_layer scope=trainable_only

 68%|██████▊   | 1638/2405 [1:53:00<51:18,  4.01s/it]2026-04-17 00:22:01,533 - INFO - [sparse-mezo] global_step=1638 active_fraction=0.000000 active_params=0/1315758080 configured_ratio=0.250000 mask_strategy=percentile_per_layer scope=trainable_only

 68%|██████▊   | 1639/2405 [1:53:04<51:08,  4.01s/it]2026-04-17 00:22:05,518 - INFO - [sparse-mezo] global_step=1639 active_fraction=0.000000 active_params=0/1315758080 configured_ratio=0.250000 mask_strategy=percentile_per_layer scope=trainable_only

 68%|██████▊   | 1640/2405 [1:53:08<51:02,  4.00s/it]2026-04-17 00:22:09,534 - INFO - [sparse-mezo] global_step=1640 active_fraction=0.000000 active_params=0/1315758080 configured_ratio=0.250000 mask_strategy=percentile_per_layer scope=trainable_only

 68%|██████▊   | 1641/2405 [1:53:12<51:01,  4.01s/it]2026-04-17 00:22:13,549 - INFO - [sparse-mezo] global_step=1641 active_fraction=0.000000 active_params=0/1315758080 configured_ratio=0.250000 mask_strategy=percentile_per_layer scope=trainable_only

 68%|██████▊   | 1642/2405 [1:53:16<50:57,  4.01s/it]2026-04-17 00:22:17,556 - INFO - [sparse-mezo] global_step=1642 active_fraction=0.000000 active_params=0/1315758080 configured_ratio=0.250000 mask_strategy=percentile_per_layer scope=trainable_only

 68%|██████▊   | 1643/2405 [1:53:20<50:53,  4.01s/it]2026-04-17 00:22:21,563 - INFO - [sparse-mezo] global_step=1643 active_fraction=0.000000 active_params=0/1315758080 configured_ratio=0.250000 mask_strategy=percentile_per_layer scope=trainable_only

 68%|██████▊   | 1644/2405 [1:53:24<50:49,  4.01s/it]2026-04-17 00:22:25,551 - INFO - [sparse-mezo] global_step=1644 active_fraction=0.000000 active_params=0/1315758080 configured_ratio=0.250000 mask_strategy=percentile_per_layer scope=trainable_only

 68%|██████▊   | 1645/2405 [1:53:28<50:39,  4.00s/it]2026-04-17 00:22:29,535 - INFO - [sparse-mezo] global_step=1645 active_fraction=0.000000 active_params=0/1315758080 configured_ratio=0.250000 mask_strategy=percentile_per_layer scope=trainable_only

 68%|██████▊   | 1646/2405 [1:53:32<50:35,  4.00s/it]2026-04-17 00:22:33,552 - INFO - [sparse-mezo] global_step=1646 active_fraction=0.000000 active_params=0/1315758080 configured_ratio=0.250000 mask_strategy=percentile_per_layer scope=trainable_only

 68%|██████▊   | 1647/2405 [1:53:36<50:35,  4.00s/it]2026-04-17 00:22:37,569 - INFO - [sparse-mezo] global_step=1647 active_fraction=0.000000 active_params=0/1315758080 configured_ratio=0.250000 mask_strategy=percentile_per_layer scope=trainable_only

 69%|██████▊   | 1648/2405 [1:53:40<50:36,  4.01s/it]2026-04-17 00:22:41,575 - INFO - [sparse-mezo] global_step=1648 active_fraction=0.000000 active_params=0/1315758080 configured_ratio=0.250000 mask_strategy=percentile_per_layer scope=trainable_only

 69%|██████▊   | 1649/2405 [1:53:44<50:31,  4.01s/it]2026-04-17 00:22:45,601 - INFO - [sparse-mezo] global_step=1649 active_fraction=0.000000 active_params=0/1315758080 configured_ratio=0.250000 mask_strategy=percentile_per_layer scope=trainable_only

 69%|██████▊   | 1650/2405 [1:53:48<50:25,  4.01s/it]2026-04-17 00:22:49,585 - INFO - [sparse-mezo] global_step=1650 active_fraction=0.000000 active_params=0/1315758080 configured_ratio=0.250000 mask_strategy=percentile_per_layer scope=trainable_only

 69%|██████▊   | 1651/2405 [1:53:52<50:17,  4.00s/it]2026-04-17 00:22:53,593 - INFO - [sparse-mezo] global_step=1651 active_fraction=0.000000 active_params=0/1315758080 configured_ratio=0.250000 mask_strategy=percentile_per_layer scope=trainable_only

 69%|██████▊   | 1652/2405 [1:53:56<50:14,  4.00s/it]2026-04-17 00:22:57,601 - INFO - [sparse-mezo] global_step=1652 active_fraction=0.000000 active_params=0/1315758080 configured_ratio=0.250000 mask_strategy=percentile_per_layer scope=trainable_only

 69%|██████▊   | 1653/2405 [1:54:00<50:14,  4.01s/it]2026-04-17 00:23:01,621 - INFO - [sparse-mezo] global_step=1653 active_fraction=0.000000 active_params=0/1315758080 configured_ratio=0.250000 mask_strategy=percentile_per_layer scope=trainable_only

 69%|██████▉   | 1654/2405 [1:54:04<50:10,  4.01s/it]2026-04-17 00:23:05,629 - INFO - [sparse-mezo] global_step=1654 active_fraction=0.000000 active_params=0/1315758080 configured_ratio=0.250000 mask_strategy=percentile_per_layer scope=trainable_only

 69%|██████▉   | 1655/2405 [1:54:08<50:08,  4.01s/it]2026-04-17 00:23:09,646 - INFO - [sparse-mezo] global_step=1655 active_fraction=0.000000 active_params=0/1315758080 configured_ratio=0.250000 mask_strategy=percentile_per_layer scope=trainable_only

 69%|██████▉   | 1656/2405 [1:54:12<50:04,  4.01s/it]2026-04-17 00:23:13,656 - INFO - [sparse-mezo] global_step=1656 active_fraction=0.000000 active_params=0/1315758080 configured_ratio=0.250000 mask_strategy=percentile_per_layer scope=trainable_only

 69%|██████▉   | 1657/2405 [1:54:16<50:01,  4.01s/it]2026-04-17 00:23:17,676 - INFO - [sparse-mezo] global_step=1657 active_fraction=0.000000 active_params=0/1315758080 configured_ratio=0.250000 mask_strategy=percentile_per_layer scope=trainable_only

 69%|██████▉   | 1658/2405 [1:54:20<49:56,  4.01s/it]2026-04-17 00:23:21,682 - INFO - [sparse-mezo] global_step=1658 active_fraction=0.000000 active_params=0/1315758080 configured_ratio=0.250000 mask_strategy=percentile_per_layer scope=trainable_only

 69%|██████▉   | 1659/2405 [1:54:24<49:55,  4.02s/it]2026-04-17 00:23:25,707 - INFO - [sparse-mezo] global_step=1659 active_fraction=0.000000 active_params=0/1315758080 configured_ratio=0.250000 mask_strategy=percentile_per_layer scope=trainable_only

 69%|██████▉   | 1660/2405 [1:54:28<49:49,  4.01s/it]2026-04-17 00:23:29,696 - INFO - [sparse-mezo] global_step=1660 active_fraction=0.000000 active_params=0/1315758080 configured_ratio=0.250000 mask_strategy=percentile_per_layer scope=trainable_only

 69%|██████▉   | 1661/2405 [1:54:32<49:40,  4.01s/it]2026-04-17 00:23:33,687 - INFO - [sparse-mezo] global_step=1661 active_fraction=0.000000 active_params=0/1315758080 configured_ratio=0.250000 mask_strategy=percentile_per_layer scope=trainable_only

 69%|██████▉   | 1662/2405 [1:54:36<49:32,  4.00s/it]2026-04-17 00:23:37,675 - INFO - [sparse-mezo] global_step=1662 active_fraction=0.000000 active_params=0/1315758080 configured_ratio=0.250000 mask_strategy=percentile_per_layer scope=trainable_only

 69%|██████▉   | 1663/2405 [1:54:40<49:27,  4.00s/it]2026-04-17 00:23:41,674 - INFO - [sparse-mezo] global_step=1663 active_fraction=0.000000 active_params=0/1315758080 configured_ratio=0.250000 mask_strategy=percentile_per_layer scope=trainable_only

 69%|██████▉   | 1664/2405 [1:54:44<49:21,  4.00s/it]2026-04-17 00:23:45,663 - INFO - [sparse-mezo] global_step=1664 active_fraction=0.000000 active_params=0/1315758080 configured_ratio=0.250000 mask_strategy=percentile_per_layer scope=trainable_only

 69%|██████▉   | 1665/2405 [1:54:48<49:17,  4.00s/it]2026-04-17 00:23:49,661 - INFO - [sparse-mezo] global_step=1665 active_fraction=0.000000 active_params=0/1315758080 configured_ratio=0.250000 mask_strategy=percentile_per_layer scope=trainable_only

 69%|██████▉   | 1666/2405 [1:54:52<49:14,  4.00s/it]2026-04-17 00:23:53,658 - INFO - [sparse-mezo] global_step=1666 active_fraction=0.000000 active_params=0/1315758080 configured_ratio=0.250000 mask_strategy=percentile_per_layer scope=trainable_only

 69%|██████▉   | 1667/2405 [1:54:56<49:10,  4.00s/it]2026-04-17 00:23:57,656 - INFO - [sparse-mezo] global_step=1667 active_fraction=0.000000 active_params=0/1315758080 configured_ratio=0.250000 mask_strategy=percentile_per_layer scope=trainable_only

 69%|██████▉   | 1668/2405 [1:55:00<49:04,  3.99s/it]2026-04-17 00:24:01,644 - INFO - [sparse-mezo] global_step=1668 active_fraction=0.000000 active_params=0/1315758080 configured_ratio=0.250000 mask_strategy=percentile_per_layer scope=trainable_only

 69%|██████▉   | 1669/2405 [1:55:04<48:57,  3.99s/it]2026-04-17 00:24:05,645 - INFO - [sparse-mezo] global_step=1669 active_fraction=0.000000 active_params=0/1315758080 configured_ratio=0.250000 mask_strategy=percentile_per_layer scope=trainable_only

 69%|██████▉   | 1670/2405 [1:55:08<48:56,  4.00s/it]2026-04-17 00:24:09,634 - INFO - [sparse-mezo] global_step=1670 active_fraction=0.000000 active_params=0/1315758080 configured_ratio=0.250000 mask_strategy=percentile_per_layer scope=trainable_only

 69%|██████▉   | 1671/2405 [1:55:12<48:51,  3.99s/it]2026-04-17 00:24:13,624 - INFO - [sparse-mezo] global_step=1671 active_fraction=0.000000 active_params=0/1315758080 configured_ratio=0.250000 mask_strategy=percentile_per_layer scope=trainable_only

 70%|██████▉   | 1672/2405 [1:55:16<48:46,  3.99s/it]2026-04-17 00:24:17,632 - INFO - [sparse-mezo] global_step=1672 active_fraction=0.000000 active_params=0/1315758080 configured_ratio=0.250000 mask_strategy=percentile_per_layer scope=trainable_only

 70%|██████▉   | 1673/2405 [1:55:20<48:50,  4.00s/it]2026-04-17 00:24:21,657 - INFO - [sparse-mezo] global_step=1673 active_fraction=0.000000 active_params=0/1315758080 configured_ratio=0.250000 mask_strategy=percentile_per_layer scope=trainable_only

 70%|██████▉   | 1674/2405 [1:55:24<48:48,  4.01s/it]2026-04-17 00:24:25,671 - INFO - [sparse-mezo] global_step=1674 active_fraction=0.000000 active_params=0/1315758080 configured_ratio=0.250000 mask_strategy=percentile_per_layer scope=trainable_only

 70%|██████▉   | 1675/2405 [1:55:28<48:44,  4.01s/it]2026-04-17 00:24:29,660 - INFO - [sparse-mezo] global_step=1675 active_fraction=0.000000 active_params=0/1315758080 configured_ratio=0.250000 mask_strategy=percentile_per_layer scope=trainable_only

 70%|██████▉   | 1676/2405 [1:55:32<48:37,  4.00s/it]2026-04-17 00:24:33,652 - INFO - [sparse-mezo] global_step=1676 active_fraction=0.000000 active_params=0/1315758080 configured_ratio=0.250000 mask_strategy=percentile_per_layer scope=trainable_only

 70%|██████▉   | 1677/2405 [1:55:36<48:35,  4.00s/it]2026-04-17 00:24:37,679 - INFO - [sparse-mezo] global_step=1677 active_fraction=0.000000 active_params=0/1315758080 configured_ratio=0.250000 mask_strategy=percentile_per_layer scope=trainable_only

 70%|██████▉   | 1678/2405 [1:55:40<48:33,  4.01s/it]2026-04-17 00:24:41,685 - INFO - [sparse-mezo] global_step=1678 active_fraction=0.000000 active_params=0/1315758080 configured_ratio=0.250000 mask_strategy=percentile_per_layer scope=trainable_only

 70%|██████▉   | 1679/2405 [1:55:44<48:27,  4.01s/it]2026-04-17 00:24:45,676 - INFO - [sparse-mezo] global_step=1679 active_fraction=0.000000 active_params=0/1315758080 configured_ratio=0.250000 mask_strategy=percentile_per_layer scope=trainable_only

 70%|██████▉   | 1680/2405 [1:55:48<48:20,  4.00s/it]2026-04-17 00:24:49,665 - INFO - [sparse-mezo] global_step=1680 active_fraction=0.000000 active_params=0/1315758080 configured_ratio=0.250000 mask_strategy=percentile_per_layer scope=trainable_only

 70%|██████▉   | 1681/2405 [1:55:52<48:14,  4.00s/it]2026-04-17 00:24:53,658 - INFO - [sparse-mezo] global_step=1681 active_fraction=0.000000 active_params=0/1315758080 configured_ratio=0.250000 mask_strategy=percentile_per_layer scope=trainable_only

 70%|██████▉   | 1682/2405 [1:55:56<48:08,  4.00s/it]2026-04-17 00:24:57,666 - INFO - [sparse-mezo] global_step=1682 active_fraction=0.000000 active_params=0/1315758080 configured_ratio=0.250000 mask_strategy=percentile_per_layer scope=trainable_only

 70%|██████▉   | 1683/2405 [1:56:00<48:09,  4.00s/it]2026-04-17 00:25:01,680 - INFO - [sparse-mezo] global_step=1683 active_fraction=0.000000 active_params=0/1315758080 configured_ratio=0.250000 mask_strategy=percentile_per_layer scope=trainable_only

 70%|███████   | 1684/2405 [1:56:04<48:05,  4.00s/it]2026-04-17 00:25:05,668 - INFO - [sparse-mezo] global_step=1684 active_fraction=0.000000 active_params=0/1315758080 configured_ratio=0.250000 mask_strategy=percentile_per_layer scope=trainable_only

 70%|███████   | 1685/2405 [1:56:08<47:58,  4.00s/it]2026-04-17 00:25:09,657 - INFO - [sparse-mezo] global_step=1685 active_fraction=0.000000 active_params=0/1315758080 configured_ratio=0.250000 mask_strategy=percentile_per_layer scope=trainable_only

 70%|███████   | 1686/2405 [1:56:12<47:54,  4.00s/it]2026-04-17 00:25:13,674 - INFO - [sparse-mezo] global_step=1686 active_fraction=0.000000 active_params=0/1315758080 configured_ratio=0.250000 mask_strategy=percentile_per_layer scope=trainable_only

 70%|███████   | 1687/2405 [1:56:16<47:52,  4.00s/it]2026-04-17 00:25:17,663 - INFO - [sparse-mezo] global_step=1687 active_fraction=0.000000 active_params=0/1315758080 configured_ratio=0.250000 mask_strategy=percentile_per_layer scope=trainable_only

 70%|███████   | 1688/2405 [1:56:20<47:46,  4.00s/it]2026-04-17 00:25:21,651 - INFO - [sparse-mezo] global_step=1688 active_fraction=0.000000 active_params=0/1315758080 configured_ratio=0.250000 mask_strategy=percentile_per_layer scope=trainable_only

 70%|███████   | 1689/2405 [1:56:24<47:40,  3.99s/it]2026-04-17 00:25:25,658 - INFO - [sparse-mezo] global_step=1689 active_fraction=0.000000 active_params=0/1315758080 configured_ratio=0.250000 mask_strategy=percentile_per_layer scope=trainable_only

 70%|███████   | 1690/2405 [1:56:28<47:38,  4.00s/it]2026-04-17 00:25:29,647 - INFO - [sparse-mezo] global_step=1690 active_fraction=0.000000 active_params=0/1315758080 configured_ratio=0.250000 mask_strategy=percentile_per_layer scope=trainable_only

 70%|███████   | 1691/2405 [1:56:32<47:36,  4.00s/it]2026-04-17 00:25:33,653 - INFO - [sparse-mezo] global_step=1691 active_fraction=0.000000 active_params=0/1315758080 configured_ratio=0.250000 mask_strategy=percentile_per_layer scope=trainable_only

 70%|███████   | 1692/2405 [1:56:36<47:34,  4.00s/it]2026-04-17 00:25:37,677 - INFO - [sparse-mezo] global_step=1692 active_fraction=0.000000 active_params=0/1315758080 configured_ratio=0.250000 mask_strategy=percentile_per_layer scope=trainable_only

 70%|███████   | 1693/2405 [1:56:40<47:30,  4.00s/it]2026-04-17 00:25:41,669 - INFO - [sparse-mezo] global_step=1693 active_fraction=0.000000 active_params=0/1315758080 configured_ratio=0.250000 mask_strategy=percentile_per_layer scope=trainable_only

 70%|███████   | 1694/2405 [1:56:44<47:23,  4.00s/it]2026-04-17 00:25:45,656 - INFO - [sparse-mezo] global_step=1694 active_fraction=0.000000 active_params=0/1315758080 configured_ratio=0.250000 mask_strategy=percentile_per_layer scope=trainable_only

 70%|███████   | 1695/2405 [1:56:48<47:19,  4.00s/it]2026-04-17 00:25:49,655 - INFO - [sparse-mezo] global_step=1695 active_fraction=0.000000 active_params=0/1315758080 configured_ratio=0.250000 mask_strategy=percentile_per_layer scope=trainable_only

 71%|███████   | 1696/2405 [1:56:52<47:13,  4.00s/it]2026-04-17 00:25:53,647 - INFO - [sparse-mezo] global_step=1696 active_fraction=0.000000 active_params=0/1315758080 configured_ratio=0.250000 mask_strategy=percentile_per_layer scope=trainable_only

 71%|███████   | 1697/2405 [1:56:56<47:12,  4.00s/it]2026-04-17 00:25:57,653 - INFO - [sparse-mezo] global_step=1697 active_fraction=0.000000 active_params=0/1315758080 configured_ratio=0.250000 mask_strategy=percentile_per_layer scope=trainable_only

 71%|███████   | 1698/2405 [1:57:00<47:07,  4.00s/it]2026-04-17 00:26:01,670 - INFO - [sparse-mezo] global_step=1698 active_fraction=0.000000 active_params=0/1315758080 configured_ratio=0.250000 mask_strategy=percentile_per_layer scope=trainable_only

 71%|███████   | 1699/2405 [1:57:04<47:07,  4.00s/it]2026-04-17 00:26:05,685 - INFO - [sparse-mezo] global_step=1699 active_fraction=0.000000 active_params=0/1315758080 configured_ratio=0.250000 mask_strategy=percentile_per_layer scope=trainable_only

 71%|███████   | 1700/2405 [1:57:08<47:07,  4.01s/it]2026-04-17 00:26:09,708 - INFO - [sparse-mezo] global_step=1700 active_fraction=0.000000 active_params=0/1315758080 configured_ratio=0.250000 mask_strategy=percentile_per_layer scope=trainable_only
2026-04-17 00:26:13,633 - WARNING - [zo_probe] step=1700: no finite probe pairs; skipping row.

 71%|███████   | 1701/2405 [1:57:16<1:00:52,  5.19s/it]2026-04-17 00:26:17,630 - INFO - [sparse-mezo] global_step=1701 active_fraction=0.000000 active_params=0/1315758080 configured_ratio=0.250000 mask_strategy=percentile_per_layer scope=trainable_only

 71%|███████   | 1702/2405 [1:57:20<56:34,  4.83s/it]  2026-04-17 00:26:21,621 - INFO - [sparse-mezo] global_step=1702 active_fraction=0.000000 active_params=0/1315758080 configured_ratio=0.250000 mask_strategy=percentile_per_layer scope=trainable_only

 71%|███████   | 1703/2405 [1:57:24<53:35,  4.58s/it]2026-04-17 00:26:25,638 - INFO - [sparse-mezo] global_step=1703 active_fraction=0.000000 active_params=0/1315758080 configured_ratio=0.250000 mask_strategy=percentile_per_layer scope=trainable_only

 71%|███████   | 1704/2405 [1:57:28<51:30,  4.41s/it]2026-04-17 00:26:29,647 - INFO - [sparse-mezo] global_step=1704 active_fraction=0.000000 active_params=0/1315758080 configured_ratio=0.250000 mask_strategy=percentile_per_layer scope=trainable_only

 71%|███████   | 1705/2405 [1:57:32<50:03,  4.29s/it]2026-04-17 00:26:33,664 - INFO - [sparse-mezo] global_step=1705 active_fraction=0.000000 active_params=0/1315758080 configured_ratio=0.250000 mask_strategy=percentile_per_layer scope=trainable_only

 71%|███████   | 1706/2405 [1:57:36<49:00,  4.21s/it]2026-04-17 00:26:37,671 - INFO - [sparse-mezo] global_step=1706 active_fraction=0.000000 active_params=0/1315758080 configured_ratio=0.250000 mask_strategy=percentile_per_layer scope=trainable_only

 71%|███████   | 1707/2405 [1:57:40<48:14,  4.15s/it]2026-04-17 00:26:41,677 - INFO - [sparse-mezo] global_step=1707 active_fraction=0.000000 active_params=0/1315758080 configured_ratio=0.250000 mask_strategy=percentile_per_layer scope=trainable_only

 71%|███████   | 1708/2405 [1:57:44<47:41,  4.11s/it]2026-04-17 00:26:45,673 - INFO - [sparse-mezo] global_step=1708 active_fraction=0.000000 active_params=0/1315758080 configured_ratio=0.250000 mask_strategy=percentile_per_layer scope=trainable_only

 71%|███████   | 1709/2405 [1:57:48<47:13,  4.07s/it]2026-04-17 00:26:49,662 - INFO - [sparse-mezo] global_step=1709 active_fraction=0.000000 active_params=0/1315758080 configured_ratio=0.250000 mask_strategy=percentile_per_layer scope=trainable_only

 71%|███████   | 1710/2405 [1:57:52<46:55,  4.05s/it]2026-04-17 00:26:53,663 - INFO - [sparse-mezo] global_step=1710 active_fraction=0.000000 active_params=0/1315758080 configured_ratio=0.250000 mask_strategy=percentile_per_layer scope=trainable_only

 71%|███████   | 1711/2405 [1:57:56<46:38,  4.03s/it]2026-04-17 00:26:57,656 - INFO - [sparse-mezo] global_step=1711 active_fraction=0.000000 active_params=0/1315758080 configured_ratio=0.250000 mask_strategy=percentile_per_layer scope=trainable_only

 71%|███████   | 1712/2405 [1:58:00<46:28,  4.02s/it]2026-04-17 00:27:01,659 - INFO - [sparse-mezo] global_step=1712 active_fraction=0.000000 active_params=0/1315758080 configured_ratio=0.250000 mask_strategy=percentile_per_layer scope=trainable_only

 71%|███████   | 1713/2405 [1:58:04<46:19,  4.02s/it]2026-04-17 00:27:05,658 - INFO - [sparse-mezo] global_step=1713 active_fraction=0.000000 active_params=0/1315758080 configured_ratio=0.250000 mask_strategy=percentile_per_layer scope=trainable_only

 71%|███████▏  | 1714/2405 [1:58:08<46:11,  4.01s/it]2026-04-17 00:27:09,655 - INFO - [sparse-mezo] global_step=1714 active_fraction=0.000000 active_params=0/1315758080 configured_ratio=0.250000 mask_strategy=percentile_per_layer scope=trainable_only

 71%|███████▏  | 1715/2405 [1:58:12<46:04,  4.01s/it]2026-04-17 00:27:13,654 - INFO - [sparse-mezo] global_step=1715 active_fraction=0.000000 active_params=0/1315758080 configured_ratio=0.250000 mask_strategy=percentile_per_layer scope=trainable_only

 71%|███████▏  | 1716/2405 [1:58:16<45:57,  4.00s/it]2026-04-17 00:27:17,643 - INFO - [sparse-mezo] global_step=1716 active_fraction=0.000000 active_params=0/1315758080 configured_ratio=0.250000 mask_strategy=percentile_per_layer scope=trainable_only

 71%|███████▏  | 1717/2405 [1:58:20<45:52,  4.00s/it]2026-04-17 00:27:21,661 - INFO - [sparse-mezo] global_step=1717 active_fraction=0.000000 active_params=0/1315758080 configured_ratio=0.250000 mask_strategy=percentile_per_layer scope=trainable_only

 71%|███████▏  | 1718/2405 [1:58:24<45:50,  4.00s/it]2026-04-17 00:27:25,667 - INFO - [sparse-mezo] global_step=1718 active_fraction=0.000000 active_params=0/1315758080 configured_ratio=0.250000 mask_strategy=percentile_per_layer scope=trainable_only

 71%|███████▏  | 1719/2405 [1:58:28<45:46,  4.00s/it]2026-04-17 00:27:29,657 - INFO - [sparse-mezo] global_step=1719 active_fraction=0.000000 active_params=0/1315758080 configured_ratio=0.250000 mask_strategy=percentile_per_layer scope=trainable_only

 72%|███████▏  | 1720/2405 [1:58:32<45:39,  4.00s/it]2026-04-17 00:27:33,647 - INFO - [sparse-mezo] global_step=1720 active_fraction=0.000000 active_params=0/1315758080 configured_ratio=0.250000 mask_strategy=percentile_per_layer scope=trainable_only

 72%|███████▏  | 1721/2405 [1:58:36<45:35,  4.00s/it]2026-04-17 00:27:37,647 - INFO - [sparse-mezo] global_step=1721 active_fraction=0.000000 active_params=0/1315758080 configured_ratio=0.250000 mask_strategy=percentile_per_layer scope=trainable_only

 72%|███████▏  | 1722/2405 [1:58:40<45:31,  4.00s/it]2026-04-17 00:27:41,662 - INFO - [sparse-mezo] global_step=1722 active_fraction=0.000000 active_params=0/1315758080 configured_ratio=0.250000 mask_strategy=percentile_per_layer scope=trainable_only

 72%|███████▏  | 1723/2405 [1:58:44<45:29,  4.00s/it]2026-04-17 00:27:45,650 - INFO - [sparse-mezo] global_step=1723 active_fraction=0.000000 active_params=0/1315758080 configured_ratio=0.250000 mask_strategy=percentile_per_layer scope=trainable_only

 72%|███████▏  | 1724/2405 [1:58:48<45:24,  4.00s/it]2026-04-17 00:27:49,664 - INFO - [sparse-mezo] global_step=1724 active_fraction=0.000000 active_params=0/1315758080 configured_ratio=0.250000 mask_strategy=percentile_per_layer scope=trainable_only

 72%|███████▏  | 1725/2405 [1:58:52<45:21,  4.00s/it]2026-04-17 00:27:53,655 - INFO - [sparse-mezo] global_step=1725 active_fraction=0.000000 active_params=0/1315758080 configured_ratio=0.250000 mask_strategy=percentile_per_layer scope=trainable_only

 72%|███████▏  | 1726/2405 [1:58:56<45:16,  4.00s/it]2026-04-17 00:27:57,652 - INFO - [sparse-mezo] global_step=1726 active_fraction=0.000000 active_params=0/1315758080 configured_ratio=0.250000 mask_strategy=percentile_per_layer scope=trainable_only

 72%|███████▏  | 1727/2405 [1:59:00<45:13,  4.00s/it]2026-04-17 00:28:01,659 - INFO - [sparse-mezo] global_step=1727 active_fraction=0.000000 active_params=0/1315758080 configured_ratio=0.250000 mask_strategy=percentile_per_layer scope=trainable_only

 72%|███████▏  | 1728/2405 [1:59:04<45:08,  4.00s/it]2026-04-17 00:28:05,677 - INFO - [sparse-mezo] global_step=1728 active_fraction=0.000000 active_params=0/1315758080 configured_ratio=0.250000 mask_strategy=percentile_per_layer scope=trainable_only

 72%|███████▏  | 1729/2405 [1:59:08<45:06,  4.00s/it]2026-04-17 00:28:09,682 - INFO - [sparse-mezo] global_step=1729 active_fraction=0.000000 active_params=0/1315758080 configured_ratio=0.250000 mask_strategy=percentile_per_layer scope=trainable_only

 72%|███████▏  | 1730/2405 [1:59:12<45:04,  4.01s/it]2026-04-17 00:28:13,680 - INFO - [sparse-mezo] global_step=1730 active_fraction=0.000000 active_params=0/1315758080 configured_ratio=0.250000 mask_strategy=percentile_per_layer scope=trainable_only

 72%|███████▏  | 1731/2405 [1:59:16<45:00,  4.01s/it]2026-04-17 00:28:17,689 - INFO - [sparse-mezo] global_step=1731 active_fraction=0.000000 active_params=0/1315758080 configured_ratio=0.250000 mask_strategy=percentile_per_layer scope=trainable_only

 72%|███████▏  | 1732/2405 [1:59:20<44:53,  4.00s/it]2026-04-17 00:28:21,696 - INFO - [sparse-mezo] global_step=1732 active_fraction=0.000000 active_params=0/1315758080 configured_ratio=0.250000 mask_strategy=percentile_per_layer scope=trainable_only

 72%|███████▏  | 1733/2405 [1:59:24<44:55,  4.01s/it]2026-04-17 00:28:25,710 - INFO - [sparse-mezo] global_step=1733 active_fraction=0.000000 active_params=0/1315758080 configured_ratio=0.250000 mask_strategy=percentile_per_layer scope=trainable_only

 72%|███████▏  | 1734/2405 [1:59:28<44:51,  4.01s/it]2026-04-17 00:28:29,719 - INFO - [sparse-mezo] global_step=1734 active_fraction=0.000000 active_params=0/1315758080 configured_ratio=0.250000 mask_strategy=percentile_per_layer scope=trainable_only

 72%|███████▏  | 1735/2405 [1:59:32<44:44,  4.01s/it]2026-04-17 00:28:33,740 - INFO - [sparse-mezo] global_step=1735 active_fraction=0.000000 active_params=0/1315758080 configured_ratio=0.250000 mask_strategy=percentile_per_layer scope=trainable_only

 72%|███████▏  | 1736/2405 [1:59:36<44:41,  4.01s/it]2026-04-17 00:28:37,745 - INFO - [sparse-mezo] global_step=1736 active_fraction=0.000000 active_params=0/1315758080 configured_ratio=0.250000 mask_strategy=percentile_per_layer scope=trainable_only

 72%|███████▏  | 1737/2405 [1:59:40<44:40,  4.01s/it]2026-04-17 00:28:41,773 - INFO - [sparse-mezo] global_step=1737 active_fraction=0.000000 active_params=0/1315758080 configured_ratio=0.250000 mask_strategy=percentile_per_layer scope=trainable_only

 72%|███████▏  | 1738/2405 [1:59:44<44:37,  4.01s/it]2026-04-17 00:28:45,789 - INFO - [sparse-mezo] global_step=1738 active_fraction=0.000000 active_params=0/1315758080 configured_ratio=0.250000 mask_strategy=percentile_per_layer scope=trainable_only

 72%|███████▏  | 1739/2405 [1:59:48<44:31,  4.01s/it]2026-04-17 00:28:49,794 - INFO - [sparse-mezo] global_step=1739 active_fraction=0.000000 active_params=0/1315758080 configured_ratio=0.250000 mask_strategy=percentile_per_layer scope=trainable_only

 72%|███████▏  | 1740/2405 [1:59:52<44:28,  4.01s/it]2026-04-17 00:28:53,793 - INFO - [sparse-mezo] global_step=1740 active_fraction=0.000000 active_params=0/1315758080 configured_ratio=0.250000 mask_strategy=percentile_per_layer scope=trainable_only

 72%|███████▏  | 1741/2405 [1:59:56<44:19,  4.01s/it]2026-04-17 00:28:57,799 - INFO - [sparse-mezo] global_step=1741 active_fraction=0.000000 active_params=0/1315758080 configured_ratio=0.250000 mask_strategy=percentile_per_layer scope=trainable_only

 72%|███████▏  | 1742/2405 [2:00:00<44:17,  4.01s/it]2026-04-17 00:29:01,817 - INFO - [sparse-mezo] global_step=1742 active_fraction=0.000000 active_params=0/1315758080 configured_ratio=0.250000 mask_strategy=percentile_per_layer scope=trainable_only

 72%|███████▏  | 1743/2405 [2:00:04<44:15,  4.01s/it]2026-04-17 00:29:05,833 - INFO - [sparse-mezo] global_step=1743 active_fraction=0.000000 active_params=0/1315758080 configured_ratio=0.250000 mask_strategy=percentile_per_layer scope=trainable_only

 73%|███████▎  | 1744/2405 [2:00:08<44:12,  4.01s/it]2026-04-17 00:29:09,832 - INFO - [sparse-mezo] global_step=1744 active_fraction=0.000000 active_params=0/1315758080 configured_ratio=0.250000 mask_strategy=percentile_per_layer scope=trainable_only

 73%|███████▎  | 1745/2405 [2:00:12<44:05,  4.01s/it]2026-04-17 00:29:13,830 - INFO - [sparse-mezo] global_step=1745 active_fraction=0.000000 active_params=0/1315758080 configured_ratio=0.250000 mask_strategy=percentile_per_layer scope=trainable_only

 73%|███████▎  | 1746/2405 [2:00:16<43:57,  4.00s/it]2026-04-17 00:29:17,835 - INFO - [sparse-mezo] global_step=1746 active_fraction=0.000000 active_params=0/1315758080 configured_ratio=0.250000 mask_strategy=percentile_per_layer scope=trainable_only

 73%|███████▎  | 1747/2405 [2:00:20<43:53,  4.00s/it]2026-04-17 00:29:21,821 - INFO - [sparse-mezo] global_step=1747 active_fraction=0.000000 active_params=0/1315758080 configured_ratio=0.250000 mask_strategy=percentile_per_layer scope=trainable_only

 73%|███████▎  | 1748/2405 [2:00:24<43:46,  4.00s/it]2026-04-17 00:29:25,823 - INFO - [sparse-mezo] global_step=1748 active_fraction=0.000000 active_params=0/1315758080 configured_ratio=0.250000 mask_strategy=percentile_per_layer scope=trainable_only

 73%|███████▎  | 1749/2405 [2:00:28<43:44,  4.00s/it]2026-04-17 00:29:29,832 - INFO - [sparse-mezo] global_step=1749 active_fraction=0.000000 active_params=0/1315758080 configured_ratio=0.250000 mask_strategy=percentile_per_layer scope=trainable_only

 73%|███████▎  | 1750/2405 [2:00:32<43:43,  4.01s/it]2026-04-17 00:29:33,849 - INFO - [sparse-mezo] global_step=1750 active_fraction=0.000000 active_params=0/1315758080 configured_ratio=0.250000 mask_strategy=percentile_per_layer scope=trainable_only

 73%|███████▎  | 1751/2405 [2:00:36<43:41,  4.01s/it]2026-04-17 00:29:37,865 - INFO - [sparse-mezo] global_step=1751 active_fraction=0.000000 active_params=0/1315758080 configured_ratio=0.250000 mask_strategy=percentile_per_layer scope=trainable_only

 73%|███████▎  | 1752/2405 [2:00:40<43:41,  4.01s/it]2026-04-17 00:29:41,899 - INFO - [sparse-mezo] global_step=1752 active_fraction=0.000000 active_params=0/1315758080 configured_ratio=0.250000 mask_strategy=percentile_per_layer scope=trainable_only

 73%|███████▎  | 1753/2405 [2:00:45<43:37,  4.01s/it]2026-04-17 00:29:45,891 - INFO - [sparse-mezo] global_step=1753 active_fraction=0.000000 active_params=0/1315758080 configured_ratio=0.250000 mask_strategy=percentile_per_layer scope=trainable_only

 73%|███████▎  | 1754/2405 [2:00:49<43:31,  4.01s/it]2026-04-17 00:29:49,911 - INFO - [sparse-mezo] global_step=1754 active_fraction=0.000000 active_params=0/1315758080 configured_ratio=0.250000 mask_strategy=percentile_per_layer scope=trainable_only

 73%|███████▎  | 1755/2405 [2:00:53<43:28,  4.01s/it]2026-04-17 00:29:53,930 - INFO - [sparse-mezo] global_step=1755 active_fraction=0.000000 active_params=0/1315758080 configured_ratio=0.250000 mask_strategy=percentile_per_layer scope=trainable_only

 73%|███████▎  | 1756/2405 [2:00:57<43:24,  4.01s/it]2026-04-17 00:29:57,925 - INFO - [sparse-mezo] global_step=1756 active_fraction=0.000000 active_params=0/1315758080 configured_ratio=0.250000 mask_strategy=percentile_per_layer scope=trainable_only

 73%|███████▎  | 1757/2405 [2:01:01<43:17,  4.01s/it]2026-04-17 00:30:01,941 - INFO - [sparse-mezo] global_step=1757 active_fraction=0.000000 active_params=0/1315758080 configured_ratio=0.250000 mask_strategy=percentile_per_layer scope=trainable_only

 73%|███████▎  | 1758/2405 [2:01:05<43:15,  4.01s/it]2026-04-17 00:30:05,938 - INFO - [sparse-mezo] global_step=1758 active_fraction=0.000000 active_params=0/1315758080 configured_ratio=0.250000 mask_strategy=percentile_per_layer scope=trainable_only

 73%|███████▎  | 1759/2405 [2:01:09<43:06,  4.00s/it]2026-04-17 00:30:09,944 - INFO - [sparse-mezo] global_step=1759 active_fraction=0.000000 active_params=0/1315758080 configured_ratio=0.250000 mask_strategy=percentile_per_layer scope=trainable_only

 73%|███████▎  | 1760/2405 [2:01:13<43:04,  4.01s/it]2026-04-17 00:30:13,959 - INFO - [sparse-mezo] global_step=1760 active_fraction=0.000000 active_params=0/1315758080 configured_ratio=0.250000 mask_strategy=percentile_per_layer scope=trainable_only

 73%|███████▎  | 1761/2405 [2:01:17<43:00,  4.01s/it]2026-04-17 00:30:17,949 - INFO - [sparse-mezo] global_step=1761 active_fraction=0.000000 active_params=0/1315758080 configured_ratio=0.250000 mask_strategy=percentile_per_layer scope=trainable_only

 73%|███████▎  | 1762/2405 [2:01:21<42:54,  4.00s/it]2026-04-17 00:30:21,964 - INFO - [sparse-mezo] global_step=1762 active_fraction=0.000000 active_params=0/1315758080 configured_ratio=0.250000 mask_strategy=percentile_per_layer scope=trainable_only

 73%|███████▎  | 1763/2405 [2:01:25<42:52,  4.01s/it]2026-04-17 00:30:25,962 - INFO - [sparse-mezo] global_step=1763 active_fraction=0.000000 active_params=0/1315758080 configured_ratio=0.250000 mask_strategy=percentile_per_layer scope=trainable_only

 73%|███████▎  | 1764/2405 [2:01:29<42:50,  4.01s/it]2026-04-17 00:30:29,974 - INFO - [sparse-mezo] global_step=1764 active_fraction=0.000000 active_params=0/1315758080 configured_ratio=0.250000 mask_strategy=percentile_per_layer scope=trainable_only

 73%|███████▎  | 1765/2405 [2:01:33<42:40,  4.00s/it]2026-04-17 00:30:33,957 - INFO - [sparse-mezo] global_step=1765 active_fraction=0.000000 active_params=0/1315758080 configured_ratio=0.250000 mask_strategy=percentile_per_layer scope=trainable_only

 73%|███████▎  | 1766/2405 [2:01:37<42:33,  4.00s/it]2026-04-17 00:30:37,943 - INFO - [sparse-mezo] global_step=1766 active_fraction=0.000000 active_params=0/1315758080 configured_ratio=0.250000 mask_strategy=percentile_per_layer scope=trainable_only

 73%|███████▎  | 1767/2405 [2:01:41<42:27,  3.99s/it]2026-04-17 00:30:41,945 - INFO - [sparse-mezo] global_step=1767 active_fraction=0.000000 active_params=0/1315758080 configured_ratio=0.250000 mask_strategy=percentile_per_layer scope=trainable_only

 74%|███████▎  | 1768/2405 [2:01:45<42:29,  4.00s/it]2026-04-17 00:30:45,970 - INFO - [sparse-mezo] global_step=1768 active_fraction=0.000000 active_params=0/1315758080 configured_ratio=0.250000 mask_strategy=percentile_per_layer scope=trainable_only

 74%|███████▎  | 1769/2405 [2:01:49<42:28,  4.01s/it]2026-04-17 00:30:49,968 - INFO - [sparse-mezo] global_step=1769 active_fraction=0.000000 active_params=0/1315758080 configured_ratio=0.250000 mask_strategy=percentile_per_layer scope=trainable_only

 74%|███████▎  | 1770/2405 [2:01:53<42:20,  4.00s/it]2026-04-17 00:30:53,956 - INFO - [sparse-mezo] global_step=1770 active_fraction=0.000000 active_params=0/1315758080 configured_ratio=0.250000 mask_strategy=percentile_per_layer scope=trainable_only

 74%|███████▎  | 1771/2405 [2:01:57<42:17,  4.00s/it]2026-04-17 00:30:57,983 - INFO - [sparse-mezo] global_step=1771 active_fraction=0.000000 active_params=0/1315758080 configured_ratio=0.250000 mask_strategy=percentile_per_layer scope=trainable_only

 74%|███████▎  | 1772/2405 [2:02:01<42:14,  4.00s/it]2026-04-17 00:31:01,972 - INFO - [sparse-mezo] global_step=1772 active_fraction=0.000000 active_params=0/1315758080 configured_ratio=0.250000 mask_strategy=percentile_per_layer scope=trainable_only

 74%|███████▎  | 1773/2405 [2:02:05<42:11,  4.01s/it]2026-04-17 00:31:05,997 - INFO - [sparse-mezo] global_step=1773 active_fraction=0.000000 active_params=0/1315758080 configured_ratio=0.250000 mask_strategy=percentile_per_layer scope=trainable_only

 74%|███████▍  | 1774/2405 [2:02:09<42:08,  4.01s/it]2026-04-17 00:31:09,992 - INFO - [sparse-mezo] global_step=1774 active_fraction=0.000000 active_params=0/1315758080 configured_ratio=0.250000 mask_strategy=percentile_per_layer scope=trainable_only

 74%|███████▍  | 1775/2405 [2:02:13<42:02,  4.00s/it]2026-04-17 00:31:14,009 - INFO - [sparse-mezo] global_step=1775 active_fraction=0.000000 active_params=0/1315758080 configured_ratio=0.250000 mask_strategy=percentile_per_layer scope=trainable_only

 74%|███████▍  | 1776/2405 [2:02:17<41:59,  4.01s/it]2026-04-17 00:31:17,997 - INFO - [sparse-mezo] global_step=1776 active_fraction=0.000000 active_params=0/1315758080 configured_ratio=0.250000 mask_strategy=percentile_per_layer scope=trainable_only

 74%|███████▍  | 1777/2405 [2:02:21<41:54,  4.00s/it]2026-04-17 00:31:22,017 - INFO - [sparse-mezo] global_step=1777 active_fraction=0.000000 active_params=0/1315758080 configured_ratio=0.250000 mask_strategy=percentile_per_layer scope=trainable_only

 74%|███████▍  | 1778/2405 [2:02:25<41:54,  4.01s/it]2026-04-17 00:31:26,025 - INFO - [sparse-mezo] global_step=1778 active_fraction=0.000000 active_params=0/1315758080 configured_ratio=0.250000 mask_strategy=percentile_per_layer scope=trainable_only

 74%|███████▍  | 1779/2405 [2:02:29<41:46,  4.00s/it]2026-04-17 00:31:30,030 - INFO - [sparse-mezo] global_step=1779 active_fraction=0.000000 active_params=0/1315758080 configured_ratio=0.250000 mask_strategy=percentile_per_layer scope=trainable_only

 74%|███████▍  | 1780/2405 [2:02:33<41:46,  4.01s/it]2026-04-17 00:31:34,039 - INFO - [sparse-mezo] global_step=1780 active_fraction=0.000000 active_params=0/1315758080 configured_ratio=0.250000 mask_strategy=percentile_per_layer scope=trainable_only

 74%|███████▍  | 1781/2405 [2:02:37<41:37,  4.00s/it]2026-04-17 00:31:38,043 - INFO - [sparse-mezo] global_step=1781 active_fraction=0.000000 active_params=0/1315758080 configured_ratio=0.250000 mask_strategy=percentile_per_layer scope=trainable_only

 74%|███████▍  | 1782/2405 [2:02:41<41:36,  4.01s/it]2026-04-17 00:31:42,056 - INFO - [sparse-mezo] global_step=1782 active_fraction=0.000000 active_params=0/1315758080 configured_ratio=0.250000 mask_strategy=percentile_per_layer scope=trainable_only

 74%|███████▍  | 1783/2405 [2:02:45<41:33,  4.01s/it]2026-04-17 00:31:46,054 - INFO - [sparse-mezo] global_step=1783 active_fraction=0.000000 active_params=0/1315758080 configured_ratio=0.250000 mask_strategy=percentile_per_layer scope=trainable_only

 74%|███████▍  | 1784/2405 [2:02:49<41:25,  4.00s/it]2026-04-17 00:31:50,042 - INFO - [sparse-mezo] global_step=1784 active_fraction=0.000000 active_params=0/1315758080 configured_ratio=0.250000 mask_strategy=percentile_per_layer scope=trainable_only

 74%|███████▍  | 1785/2405 [2:02:53<41:19,  4.00s/it]2026-04-17 00:31:54,034 - INFO - [sparse-mezo] global_step=1785 active_fraction=0.000000 active_params=0/1315758080 configured_ratio=0.250000 mask_strategy=percentile_per_layer scope=trainable_only

 74%|███████▍  | 1786/2405 [2:02:57<41:13,  4.00s/it]2026-04-17 00:31:58,022 - INFO - [sparse-mezo] global_step=1786 active_fraction=0.000000 active_params=0/1315758080 configured_ratio=0.250000 mask_strategy=percentile_per_layer scope=trainable_only

 74%|███████▍  | 1787/2405 [2:03:01<41:09,  4.00s/it]2026-04-17 00:32:02,038 - INFO - [sparse-mezo] global_step=1787 active_fraction=0.000000 active_params=0/1315758080 configured_ratio=0.250000 mask_strategy=percentile_per_layer scope=trainable_only

 74%|███████▍  | 1788/2405 [2:03:05<41:07,  4.00s/it]2026-04-17 00:32:06,029 - INFO - [sparse-mezo] global_step=1788 active_fraction=0.000000 active_params=0/1315758080 configured_ratio=0.250000 mask_strategy=percentile_per_layer scope=trainable_only

 74%|███████▍  | 1789/2405 [2:03:09<41:05,  4.00s/it]2026-04-17 00:32:10,055 - INFO - [sparse-mezo] global_step=1789 active_fraction=0.000000 active_params=0/1315758080 configured_ratio=0.250000 mask_strategy=percentile_per_layer scope=trainable_only

 74%|███████▍  | 1790/2405 [2:03:13<41:08,  4.01s/it]2026-04-17 00:32:14,078 - INFO - [sparse-mezo] global_step=1790 active_fraction=0.000000 active_params=0/1315758080 configured_ratio=0.250000 mask_strategy=percentile_per_layer scope=trainable_only

 74%|███████▍  | 1791/2405 [2:03:17<41:03,  4.01s/it]2026-04-17 00:32:18,084 - INFO - [sparse-mezo] global_step=1791 active_fraction=0.000000 active_params=0/1315758080 configured_ratio=0.250000 mask_strategy=percentile_per_layer scope=trainable_only

 75%|███████▍  | 1792/2405 [2:03:21<40:58,  4.01s/it]2026-04-17 00:32:22,111 - INFO - [sparse-mezo] global_step=1792 active_fraction=0.000000 active_params=0/1315758080 configured_ratio=0.250000 mask_strategy=percentile_per_layer scope=trainable_only

 75%|███████▍  | 1793/2405 [2:03:25<40:55,  4.01s/it]2026-04-17 00:32:26,109 - INFO - [sparse-mezo] global_step=1793 active_fraction=0.000000 active_params=0/1315758080 configured_ratio=0.250000 mask_strategy=percentile_per_layer scope=trainable_only

 75%|███████▍  | 1794/2405 [2:03:29<40:48,  4.01s/it]2026-04-17 00:32:30,124 - INFO - [sparse-mezo] global_step=1794 active_fraction=0.000000 active_params=0/1315758080 configured_ratio=0.250000 mask_strategy=percentile_per_layer scope=trainable_only

 75%|███████▍  | 1795/2405 [2:03:33<40:44,  4.01s/it]2026-04-17 00:32:34,114 - INFO - [sparse-mezo] global_step=1795 active_fraction=0.000000 active_params=0/1315758080 configured_ratio=0.250000 mask_strategy=percentile_per_layer scope=trainable_only

 75%|███████▍  | 1796/2405 [2:03:37<40:40,  4.01s/it]2026-04-17 00:32:38,143 - INFO - [sparse-mezo] global_step=1796 active_fraction=0.000000 active_params=0/1315758080 configured_ratio=0.250000 mask_strategy=percentile_per_layer scope=trainable_only

 75%|███████▍  | 1797/2405 [2:03:41<40:38,  4.01s/it]2026-04-17 00:32:42,157 - INFO - [sparse-mezo] global_step=1797 active_fraction=0.000000 active_params=0/1315758080 configured_ratio=0.250000 mask_strategy=percentile_per_layer scope=trainable_only

 75%|███████▍  | 1798/2405 [2:03:45<40:37,  4.02s/it]2026-04-17 00:32:46,180 - INFO - [sparse-mezo] global_step=1798 active_fraction=0.000000 active_params=0/1315758080 configured_ratio=0.250000 mask_strategy=percentile_per_layer scope=trainable_only

 75%|███████▍  | 1799/2405 [2:03:49<40:32,  4.01s/it]2026-04-17 00:32:50,197 - INFO - [sparse-mezo] global_step=1799 active_fraction=0.000000 active_params=0/1315758080 configured_ratio=0.250000 mask_strategy=percentile_per_layer scope=trainable_only

 75%|███████▍  | 1800/2405 [2:03:53<40:30,  4.02s/it]2026-04-17 00:32:54,202 - INFO - [sparse-mezo] global_step=1800 active_fraction=0.000000 active_params=0/1315758080 configured_ratio=0.250000 mask_strategy=percentile_per_layer scope=trainable_only
2026-04-17 00:32:58,490 - WARNING - [zo_probe] step=1800: no finite probe pairs; skipping row.

 75%|███████▍  | 1801/2405 [2:04:01<53:21,  5.30s/it]2026-04-17 00:33:02,496 - INFO - [sparse-mezo] global_step=1801 active_fraction=0.000000 active_params=0/1315758080 configured_ratio=0.250000 mask_strategy=percentile_per_layer scope=trainable_only

 75%|███████▍  | 1802/2405 [2:04:05<49:22,  4.91s/it]2026-04-17 00:33:06,523 - INFO - [sparse-mezo] global_step=1802 active_fraction=0.000000 active_params=0/1315758080 configured_ratio=0.250000 mask_strategy=percentile_per_layer scope=trainable_only

 75%|███████▍  | 1803/2405 [2:04:09<46:37,  4.65s/it]2026-04-17 00:33:10,549 - INFO - [sparse-mezo] global_step=1803 active_fraction=0.000000 active_params=0/1315758080 configured_ratio=0.250000 mask_strategy=percentile_per_layer scope=trainable_only

 75%|███████▌  | 1804/2405 [2:04:13<44:37,  4.45s/it]2026-04-17 00:33:14,552 - INFO - [sparse-mezo] global_step=1804 active_fraction=0.000000 active_params=0/1315758080 configured_ratio=0.250000 mask_strategy=percentile_per_layer scope=trainable_only

 75%|███████▌  | 1805/2405 [2:04:17<43:15,  4.33s/it]2026-04-17 00:33:18,578 - INFO - [sparse-mezo] global_step=1805 active_fraction=0.000000 active_params=0/1315758080 configured_ratio=0.250000 mask_strategy=percentile_per_layer scope=trainable_only

 75%|███████▌  | 1806/2405 [2:04:21<42:12,  4.23s/it]2026-04-17 00:33:22,561 - INFO - [sparse-mezo] global_step=1806 active_fraction=0.000000 active_params=0/1315758080 configured_ratio=0.250000 mask_strategy=percentile_per_layer scope=trainable_only

 75%|███████▌  | 1807/2405 [2:04:25<41:29,  4.16s/it]2026-04-17 00:33:26,593 - INFO - [sparse-mezo] global_step=1807 active_fraction=0.000000 active_params=0/1315758080 configured_ratio=0.250000 mask_strategy=percentile_per_layer scope=trainable_only

 75%|███████▌  | 1808/2405 [2:04:29<40:56,  4.12s/it]2026-04-17 00:33:30,594 - INFO - [sparse-mezo] global_step=1808 active_fraction=0.000000 active_params=0/1315758080 configured_ratio=0.250000 mask_strategy=percentile_per_layer scope=trainable_only

 75%|███████▌  | 1809/2405 [2:04:33<40:36,  4.09s/it]2026-04-17 00:33:34,602 - INFO - [sparse-mezo] global_step=1809 active_fraction=0.000000 active_params=0/1315758080 configured_ratio=0.250000 mask_strategy=percentile_per_layer scope=trainable_only

 75%|███████▌  | 1810/2405 [2:04:37<40:13,  4.06s/it]2026-04-17 00:33:38,605 - INFO - [sparse-mezo] global_step=1810 active_fraction=0.000000 active_params=0/1315758080 configured_ratio=0.250000 mask_strategy=percentile_per_layer scope=trainable_only

 75%|███████▌  | 1811/2405 [2:04:41<40:00,  4.04s/it]2026-04-17 00:33:42,610 - INFO - [sparse-mezo] global_step=1811 active_fraction=0.000000 active_params=0/1315758080 configured_ratio=0.250000 mask_strategy=percentile_per_layer scope=trainable_only

 75%|███████▌  | 1812/2405 [2:04:45<39:52,  4.03s/it]2026-04-17 00:33:46,629 - INFO - [sparse-mezo] global_step=1812 active_fraction=0.000000 active_params=0/1315758080 configured_ratio=0.250000 mask_strategy=percentile_per_layer scope=trainable_only

 75%|███████▌  | 1813/2405 [2:04:49<39:43,  4.03s/it]2026-04-17 00:33:50,615 - INFO - [sparse-mezo] global_step=1813 active_fraction=0.000000 active_params=0/1315758080 configured_ratio=0.250000 mask_strategy=percentile_per_layer scope=trainable_only

 75%|███████▌  | 1814/2405 [2:04:53<39:36,  4.02s/it]2026-04-17 00:33:54,641 - INFO - [sparse-mezo] global_step=1814 active_fraction=0.000000 active_params=0/1315758080 configured_ratio=0.250000 mask_strategy=percentile_per_layer scope=trainable_only

 75%|███████▌  | 1815/2405 [2:04:57<39:29,  4.02s/it]2026-04-17 00:33:58,631 - INFO - [sparse-mezo] global_step=1815 active_fraction=0.000000 active_params=0/1315758080 configured_ratio=0.250000 mask_strategy=percentile_per_layer scope=trainable_only

 76%|███████▌  | 1816/2405 [2:05:01<39:20,  4.01s/it]2026-04-17 00:34:02,636 - INFO - [sparse-mezo] global_step=1816 active_fraction=0.000000 active_params=0/1315758080 configured_ratio=0.250000 mask_strategy=percentile_per_layer scope=trainable_only

 76%|███████▌  | 1817/2405 [2:05:05<39:17,  4.01s/it]2026-04-17 00:34:06,632 - INFO - [sparse-mezo] global_step=1817 active_fraction=0.000000 active_params=0/1315758080 configured_ratio=0.250000 mask_strategy=percentile_per_layer scope=trainable_only

 76%|███████▌  | 1818/2405 [2:05:09<39:09,  4.00s/it]2026-04-17 00:34:10,640 - INFO - [sparse-mezo] global_step=1818 active_fraction=0.000000 active_params=0/1315758080 configured_ratio=0.250000 mask_strategy=percentile_per_layer scope=trainable_only

 76%|███████▌  | 1819/2405 [2:05:13<39:06,  4.00s/it]2026-04-17 00:34:14,629 - INFO - [sparse-mezo] global_step=1819 active_fraction=0.000000 active_params=0/1315758080 configured_ratio=0.250000 mask_strategy=percentile_per_layer scope=trainable_only

 76%|███████▌  | 1820/2405 [2:05:17<39:01,  4.00s/it]2026-04-17 00:34:18,645 - INFO - [sparse-mezo] global_step=1820 active_fraction=0.000000 active_params=0/1315758080 configured_ratio=0.250000 mask_strategy=percentile_per_layer scope=trainable_only

 76%|███████▌  | 1821/2405 [2:05:21<38:58,  4.00s/it]2026-04-17 00:34:22,651 - INFO - [sparse-mezo] global_step=1821 active_fraction=0.000000 active_params=0/1315758080 configured_ratio=0.250000 mask_strategy=percentile_per_layer scope=trainable_only

 76%|███████▌  | 1822/2405 [2:05:25<38:56,  4.01s/it]2026-04-17 00:34:26,666 - INFO - [sparse-mezo] global_step=1822 active_fraction=0.000000 active_params=0/1315758080 configured_ratio=0.250000 mask_strategy=percentile_per_layer scope=trainable_only

 76%|███████▌  | 1823/2405 [2:05:29<38:53,  4.01s/it]2026-04-17 00:34:30,663 - INFO - [sparse-mezo] global_step=1823 active_fraction=0.000000 active_params=0/1315758080 configured_ratio=0.250000 mask_strategy=percentile_per_layer scope=trainable_only

 76%|███████▌  | 1824/2405 [2:05:33<38:47,  4.01s/it]2026-04-17 00:34:34,660 - INFO - [sparse-mezo] global_step=1824 active_fraction=0.000000 active_params=0/1315758080 configured_ratio=0.250000 mask_strategy=percentile_per_layer scope=trainable_only

 76%|███████▌  | 1825/2405 [2:05:37<38:40,  4.00s/it]2026-04-17 00:34:38,648 - INFO - [sparse-mezo] global_step=1825 active_fraction=0.000000 active_params=0/1315758080 configured_ratio=0.250000 mask_strategy=percentile_per_layer scope=trainable_only

 76%|███████▌  | 1826/2405 [2:05:41<38:36,  4.00s/it]2026-04-17 00:34:42,670 - INFO - [sparse-mezo] global_step=1826 active_fraction=0.000000 active_params=0/1315758080 configured_ratio=0.250000 mask_strategy=percentile_per_layer scope=trainable_only

 76%|███████▌  | 1827/2405 [2:05:45<38:36,  4.01s/it]2026-04-17 00:34:46,690 - INFO - [sparse-mezo] global_step=1827 active_fraction=0.000000 active_params=0/1315758080 configured_ratio=0.250000 mask_strategy=percentile_per_layer scope=trainable_only

 76%|███████▌  | 1828/2405 [2:05:49<38:33,  4.01s/it]2026-04-17 00:34:50,708 - INFO - [sparse-mezo] global_step=1828 active_fraction=0.000000 active_params=0/1315758080 configured_ratio=0.250000 mask_strategy=percentile_per_layer scope=trainable_only

 76%|███████▌  | 1829/2405 [2:05:53<38:30,  4.01s/it]2026-04-17 00:34:54,722 - INFO - [sparse-mezo] global_step=1829 active_fraction=0.000000 active_params=0/1315758080 configured_ratio=0.250000 mask_strategy=percentile_per_layer scope=trainable_only

 76%|███████▌  | 1830/2405 [2:05:57<38:29,  4.02s/it]2026-04-17 00:34:58,728 - INFO - [sparse-mezo] global_step=1830 active_fraction=0.000000 active_params=0/1315758080 configured_ratio=0.250000 mask_strategy=percentile_per_layer scope=trainable_only

 76%|███████▌  | 1831/2405 [2:06:01<38:20,  4.01s/it]2026-04-17 00:35:02,733 - INFO - [sparse-mezo] global_step=1831 active_fraction=0.000000 active_params=0/1315758080 configured_ratio=0.250000 mask_strategy=percentile_per_layer scope=trainable_only

 76%|███████▌  | 1832/2405 [2:06:05<38:14,  4.01s/it]2026-04-17 00:35:06,733 - INFO - [sparse-mezo] global_step=1832 active_fraction=0.000000 active_params=0/1315758080 configured_ratio=0.250000 mask_strategy=percentile_per_layer scope=trainable_only

 76%|███████▌  | 1833/2405 [2:06:09<38:12,  4.01s/it]2026-04-17 00:35:10,749 - INFO - [sparse-mezo] global_step=1833 active_fraction=0.000000 active_params=0/1315758080 configured_ratio=0.250000 mask_strategy=percentile_per_layer scope=trainable_only

 76%|███████▋  | 1834/2405 [2:06:13<38:07,  4.01s/it]2026-04-17 00:35:14,751 - INFO - [sparse-mezo] global_step=1834 active_fraction=0.000000 active_params=0/1315758080 configured_ratio=0.250000 mask_strategy=percentile_per_layer scope=trainable_only

 76%|███████▋  | 1835/2405 [2:06:17<38:05,  4.01s/it]2026-04-17 00:35:18,765 - INFO - [sparse-mezo] global_step=1835 active_fraction=0.000000 active_params=0/1315758080 configured_ratio=0.250000 mask_strategy=percentile_per_layer scope=trainable_only

 76%|███████▋  | 1836/2405 [2:06:21<38:03,  4.01s/it]2026-04-17 00:35:22,790 - INFO - [sparse-mezo] global_step=1836 active_fraction=0.000000 active_params=0/1315758080 configured_ratio=0.250000 mask_strategy=percentile_per_layer scope=trainable_only

 76%|███████▋  | 1837/2405 [2:06:25<37:58,  4.01s/it]2026-04-17 00:35:26,780 - INFO - [sparse-mezo] global_step=1837 active_fraction=0.000000 active_params=0/1315758080 configured_ratio=0.250000 mask_strategy=percentile_per_layer scope=trainable_only

 76%|███████▋  | 1838/2405 [2:06:29<37:49,  4.00s/it]2026-04-17 00:35:30,763 - INFO - [sparse-mezo] global_step=1838 active_fraction=0.000000 active_params=0/1315758080 configured_ratio=0.250000 mask_strategy=percentile_per_layer scope=trainable_only

 76%|███████▋  | 1839/2405 [2:06:33<37:44,  4.00s/it]2026-04-17 00:35:34,759 - INFO - [sparse-mezo] global_step=1839 active_fraction=0.000000 active_params=0/1315758080 configured_ratio=0.250000 mask_strategy=percentile_per_layer scope=trainable_only

 77%|███████▋  | 1840/2405 [2:06:37<37:38,  4.00s/it]2026-04-17 00:35:38,749 - INFO - [sparse-mezo] global_step=1840 active_fraction=0.000000 active_params=0/1315758080 configured_ratio=0.250000 mask_strategy=percentile_per_layer scope=trainable_only

 77%|███████▋  | 1841/2405 [2:06:41<37:33,  3.99s/it]2026-04-17 00:35:42,752 - INFO - [sparse-mezo] global_step=1841 active_fraction=0.000000 active_params=0/1315758080 configured_ratio=0.250000 mask_strategy=percentile_per_layer scope=trainable_only

 77%|███████▋  | 1842/2405 [2:06:45<37:33,  4.00s/it]2026-04-17 00:35:46,777 - INFO - [sparse-mezo] global_step=1842 active_fraction=0.000000 active_params=0/1315758080 configured_ratio=0.250000 mask_strategy=percentile_per_layer scope=trainable_only

 77%|███████▋  | 1843/2405 [2:06:49<37:29,  4.00s/it]2026-04-17 00:35:50,758 - INFO - [sparse-mezo] global_step=1843 active_fraction=0.000000 active_params=0/1315758080 configured_ratio=0.250000 mask_strategy=percentile_per_layer scope=trainable_only

 77%|███████▋  | 1844/2405 [2:06:53<37:22,  4.00s/it]2026-04-17 00:35:54,747 - INFO - [sparse-mezo] global_step=1844 active_fraction=0.000000 active_params=0/1315758080 configured_ratio=0.250000 mask_strategy=percentile_per_layer scope=trainable_only

 77%|███████▋  | 1845/2405 [2:06:57<37:14,  3.99s/it]2026-04-17 00:35:58,750 - INFO - [sparse-mezo] global_step=1845 active_fraction=0.000000 active_params=0/1315758080 configured_ratio=0.250000 mask_strategy=percentile_per_layer scope=trainable_only

 77%|███████▋  | 1846/2405 [2:07:01<37:15,  4.00s/it]2026-04-17 00:36:02,758 - INFO - [sparse-mezo] global_step=1846 active_fraction=0.000000 active_params=0/1315758080 configured_ratio=0.250000 mask_strategy=percentile_per_layer scope=trainable_only

 77%|███████▋  | 1847/2405 [2:07:05<37:12,  4.00s/it]2026-04-17 00:36:06,748 - INFO - [sparse-mezo] global_step=1847 active_fraction=0.000000 active_params=0/1315758080 configured_ratio=0.250000 mask_strategy=percentile_per_layer scope=trainable_only

 77%|███████▋  | 1848/2405 [2:07:09<37:08,  4.00s/it]2026-04-17 00:36:10,763 - INFO - [sparse-mezo] global_step=1848 active_fraction=0.000000 active_params=0/1315758080 configured_ratio=0.250000 mask_strategy=percentile_per_layer scope=trainable_only

 77%|███████▋  | 1849/2405 [2:07:13<37:09,  4.01s/it]2026-04-17 00:36:14,794 - INFO - [sparse-mezo] global_step=1849 active_fraction=0.000000 active_params=0/1315758080 configured_ratio=0.250000 mask_strategy=percentile_per_layer scope=trainable_only

 77%|███████▋  | 1850/2405 [2:07:17<37:04,  4.01s/it]2026-04-17 00:36:18,801 - INFO - [sparse-mezo] global_step=1850 active_fraction=0.000000 active_params=0/1315758080 configured_ratio=0.250000 mask_strategy=percentile_per_layer scope=trainable_only

 77%|███████▋  | 1851/2405 [2:07:21<37:03,  4.01s/it]2026-04-17 00:36:22,825 - INFO - [sparse-mezo] global_step=1851 active_fraction=0.000000 active_params=0/1315758080 configured_ratio=0.250000 mask_strategy=percentile_per_layer scope=trainable_only

 77%|███████▋  | 1852/2405 [2:07:25<36:57,  4.01s/it]2026-04-17 00:36:26,827 - INFO - [sparse-mezo] global_step=1852 active_fraction=0.000000 active_params=0/1315758080 configured_ratio=0.250000 mask_strategy=percentile_per_layer scope=trainable_only

 77%|███████▋  | 1853/2405 [2:07:29<36:52,  4.01s/it]2026-04-17 00:36:30,815 - INFO - [sparse-mezo] global_step=1853 active_fraction=0.000000 active_params=0/1315758080 configured_ratio=0.250000 mask_strategy=percentile_per_layer scope=trainable_only

 77%|███████▋  | 1854/2405 [2:07:33<36:46,  4.01s/it]2026-04-17 00:36:34,812 - INFO - [sparse-mezo] global_step=1854 active_fraction=0.000000 active_params=0/1315758080 configured_ratio=0.250000 mask_strategy=percentile_per_layer scope=trainable_only

 77%|███████▋  | 1855/2405 [2:07:37<36:39,  4.00s/it]2026-04-17 00:36:38,817 - INFO - [sparse-mezo] global_step=1855 active_fraction=0.000000 active_params=0/1315758080 configured_ratio=0.250000 mask_strategy=percentile_per_layer scope=trainable_only

 77%|███████▋  | 1856/2405 [2:07:41<36:36,  4.00s/it]2026-04-17 00:36:42,823 - INFO - [sparse-mezo] global_step=1856 active_fraction=0.000000 active_params=0/1315758080 configured_ratio=0.250000 mask_strategy=percentile_per_layer scope=trainable_only

 77%|███████▋  | 1857/2405 [2:07:45<36:35,  4.01s/it]2026-04-17 00:36:46,839 - INFO - [sparse-mezo] global_step=1857 active_fraction=0.000000 active_params=0/1315758080 configured_ratio=0.250000 mask_strategy=percentile_per_layer scope=trainable_only

 77%|███████▋  | 1858/2405 [2:07:49<36:31,  4.01s/it]2026-04-17 00:36:50,826 - INFO - [sparse-mezo] global_step=1858 active_fraction=0.000000 active_params=0/1315758080 configured_ratio=0.250000 mask_strategy=percentile_per_layer scope=trainable_only

 77%|███████▋  | 1859/2405 [2:07:53<36:25,  4.00s/it]2026-04-17 00:36:54,843 - INFO - [sparse-mezo] global_step=1859 active_fraction=0.000000 active_params=0/1315758080 configured_ratio=0.250000 mask_strategy=percentile_per_layer scope=trainable_only

 77%|███████▋  | 1860/2405 [2:07:57<36:21,  4.00s/it]2026-04-17 00:36:58,852 - INFO - [sparse-mezo] global_step=1860 active_fraction=0.000000 active_params=0/1315758080 configured_ratio=0.250000 mask_strategy=percentile_per_layer scope=trainable_only

 77%|███████▋  | 1861/2405 [2:08:01<36:19,  4.01s/it]2026-04-17 00:37:02,867 - INFO - [sparse-mezo] global_step=1861 active_fraction=0.000000 active_params=0/1315758080 configured_ratio=0.250000 mask_strategy=percentile_per_layer scope=trainable_only

 77%|███████▋  | 1862/2405 [2:08:05<36:18,  4.01s/it]2026-04-17 00:37:06,868 - INFO - [sparse-mezo] global_step=1862 active_fraction=0.000000 active_params=0/1315758080 configured_ratio=0.250000 mask_strategy=percentile_per_layer scope=trainable_only

 77%|███████▋  | 1863/2405 [2:08:09<36:10,  4.01s/it]2026-04-17 00:37:10,855 - INFO - [sparse-mezo] global_step=1863 active_fraction=0.000000 active_params=0/1315758080 configured_ratio=0.250000 mask_strategy=percentile_per_layer scope=trainable_only

 78%|███████▊  | 1864/2405 [2:08:13<36:05,  4.00s/it]2026-04-17 00:37:14,855 - INFO - [sparse-mezo] global_step=1864 active_fraction=0.000000 active_params=0/1315758080 configured_ratio=0.250000 mask_strategy=percentile_per_layer scope=trainable_only

 78%|███████▊  | 1865/2405 [2:08:17<36:00,  4.00s/it]2026-04-17 00:37:18,853 - INFO - [sparse-mezo] global_step=1865 active_fraction=0.000000 active_params=0/1315758080 configured_ratio=0.250000 mask_strategy=percentile_per_layer scope=trainable_only

 78%|███████▊  | 1866/2405 [2:08:21<35:58,  4.00s/it]2026-04-17 00:37:22,860 - INFO - [sparse-mezo] global_step=1866 active_fraction=0.000000 active_params=0/1315758080 configured_ratio=0.250000 mask_strategy=percentile_per_layer scope=trainable_only

 78%|███████▊  | 1867/2405 [2:08:25<35:54,  4.00s/it]2026-04-17 00:37:26,882 - INFO - [sparse-mezo] global_step=1867 active_fraction=0.000000 active_params=0/1315758080 configured_ratio=0.250000 mask_strategy=percentile_per_layer scope=trainable_only

 78%|███████▊  | 1868/2405 [2:08:29<35:49,  4.00s/it]2026-04-17 00:37:30,867 - INFO - [sparse-mezo] global_step=1868 active_fraction=0.000000 active_params=0/1315758080 configured_ratio=0.250000 mask_strategy=percentile_per_layer scope=trainable_only

 78%|███████▊  | 1869/2405 [2:08:33<35:42,  4.00s/it]2026-04-17 00:37:34,852 - INFO - [sparse-mezo] global_step=1869 active_fraction=0.000000 active_params=0/1315758080 configured_ratio=0.250000 mask_strategy=percentile_per_layer scope=trainable_only

 78%|███████▊  | 1870/2405 [2:08:37<35:37,  3.99s/it]2026-04-17 00:37:38,858 - INFO - [sparse-mezo] global_step=1870 active_fraction=0.000000 active_params=0/1315758080 configured_ratio=0.250000 mask_strategy=percentile_per_layer scope=trainable_only

 78%|███████▊  | 1871/2405 [2:08:41<35:36,  4.00s/it]2026-04-17 00:37:42,857 - INFO - [sparse-mezo] global_step=1871 active_fraction=0.000000 active_params=0/1315758080 configured_ratio=0.250000 mask_strategy=percentile_per_layer scope=trainable_only

 78%|███████▊  | 1872/2405 [2:08:45<35:32,  4.00s/it]2026-04-17 00:37:46,856 - INFO - [sparse-mezo] global_step=1872 active_fraction=0.000000 active_params=0/1315758080 configured_ratio=0.250000 mask_strategy=percentile_per_layer scope=trainable_only

 78%|███████▊  | 1873/2405 [2:08:49<35:26,  4.00s/it]2026-04-17 00:37:50,845 - INFO - [sparse-mezo] global_step=1873 active_fraction=0.000000 active_params=0/1315758080 configured_ratio=0.250000 mask_strategy=percentile_per_layer scope=trainable_only

 78%|███████▊  | 1874/2405 [2:08:53<35:21,  4.00s/it]2026-04-17 00:37:54,836 - INFO - [sparse-mezo] global_step=1874 active_fraction=0.000000 active_params=0/1315758080 configured_ratio=0.250000 mask_strategy=percentile_per_layer scope=trainable_only

 78%|███████▊  | 1875/2405 [2:08:57<35:18,  4.00s/it]2026-04-17 00:37:58,852 - INFO - [sparse-mezo] global_step=1875 active_fraction=0.000000 active_params=0/1315758080 configured_ratio=0.250000 mask_strategy=percentile_per_layer scope=trainable_only

 78%|███████▊  | 1876/2405 [2:09:01<35:17,  4.00s/it]2026-04-17 00:38:02,868 - INFO - [sparse-mezo] global_step=1876 active_fraction=0.000000 active_params=0/1315758080 configured_ratio=0.250000 mask_strategy=percentile_per_layer scope=trainable_only

 78%|███████▊  | 1877/2405 [2:09:05<35:13,  4.00s/it]2026-04-17 00:38:06,857 - INFO - [sparse-mezo] global_step=1877 active_fraction=0.000000 active_params=0/1315758080 configured_ratio=0.250000 mask_strategy=percentile_per_layer scope=trainable_only

 78%|███████▊  | 1878/2405 [2:09:09<35:07,  4.00s/it]2026-04-17 00:38:10,847 - INFO - [sparse-mezo] global_step=1878 active_fraction=0.000000 active_params=0/1315758080 configured_ratio=0.250000 mask_strategy=percentile_per_layer scope=trainable_only

 78%|███████▊  | 1879/2405 [2:09:13<35:01,  3.99s/it]2026-04-17 00:38:14,829 - INFO - [sparse-mezo] global_step=1879 active_fraction=0.000000 active_params=0/1315758080 configured_ratio=0.250000 mask_strategy=percentile_per_layer scope=trainable_only

 78%|███████▊  | 1880/2405 [2:09:17<34:56,  3.99s/it]2026-04-17 00:38:18,837 - INFO - [sparse-mezo] global_step=1880 active_fraction=0.000000 active_params=0/1315758080 configured_ratio=0.250000 mask_strategy=percentile_per_layer scope=trainable_only

 78%|███████▊  | 1881/2405 [2:09:21<34:54,  4.00s/it]2026-04-17 00:38:22,842 - INFO - [sparse-mezo] global_step=1881 active_fraction=0.000000 active_params=0/1315758080 configured_ratio=0.250000 mask_strategy=percentile_per_layer scope=trainable_only

 78%|███████▊  | 1882/2405 [2:09:25<34:54,  4.01s/it]2026-04-17 00:38:26,867 - INFO - [sparse-mezo] global_step=1882 active_fraction=0.000000 active_params=0/1315758080 configured_ratio=0.250000 mask_strategy=percentile_per_layer scope=trainable_only

 78%|███████▊  | 1883/2405 [2:09:29<34:50,  4.00s/it]2026-04-17 00:38:30,860 - INFO - [sparse-mezo] global_step=1883 active_fraction=0.000000 active_params=0/1315758080 configured_ratio=0.250000 mask_strategy=percentile_per_layer scope=trainable_only

 78%|███████▊  | 1884/2405 [2:09:33<34:45,  4.00s/it]2026-04-17 00:38:34,849 - INFO - [sparse-mezo] global_step=1884 active_fraction=0.000000 active_params=0/1315758080 configured_ratio=0.250000 mask_strategy=percentile_per_layer scope=trainable_only

 78%|███████▊  | 1885/2405 [2:09:37<34:38,  4.00s/it]2026-04-17 00:38:38,843 - INFO - [sparse-mezo] global_step=1885 active_fraction=0.000000 active_params=0/1315758080 configured_ratio=0.250000 mask_strategy=percentile_per_layer scope=trainable_only

 78%|███████▊  | 1886/2405 [2:09:41<34:36,  4.00s/it]2026-04-17 00:38:42,865 - INFO - [sparse-mezo] global_step=1886 active_fraction=0.000000 active_params=0/1315758080 configured_ratio=0.250000 mask_strategy=percentile_per_layer scope=trainable_only

 78%|███████▊  | 1887/2405 [2:09:45<34:35,  4.01s/it]2026-04-17 00:38:46,889 - INFO - [sparse-mezo] global_step=1887 active_fraction=0.000000 active_params=0/1315758080 configured_ratio=0.250000 mask_strategy=percentile_per_layer scope=trainable_only

 79%|███████▊  | 1888/2405 [2:09:50<34:34,  4.01s/it]2026-04-17 00:38:50,905 - INFO - [sparse-mezo] global_step=1888 active_fraction=0.000000 active_params=0/1315758080 configured_ratio=0.250000 mask_strategy=percentile_per_layer scope=trainable_only

 79%|███████▊  | 1889/2405 [2:09:54<34:29,  4.01s/it]2026-04-17 00:38:54,910 - INFO - [sparse-mezo] global_step=1889 active_fraction=0.000000 active_params=0/1315758080 configured_ratio=0.250000 mask_strategy=percentile_per_layer scope=trainable_only

 79%|███████▊  | 1890/2405 [2:09:58<34:25,  4.01s/it]2026-04-17 00:38:58,911 - INFO - [sparse-mezo] global_step=1890 active_fraction=0.000000 active_params=0/1315758080 configured_ratio=0.250000 mask_strategy=percentile_per_layer scope=trainable_only

 79%|███████▊  | 1891/2405 [2:10:02<34:20,  4.01s/it]2026-04-17 00:39:02,926 - INFO - [sparse-mezo] global_step=1891 active_fraction=0.000000 active_params=0/1315758080 configured_ratio=0.250000 mask_strategy=percentile_per_layer scope=trainable_only

 79%|███████▊  | 1892/2405 [2:10:06<34:17,  4.01s/it]2026-04-17 00:39:06,941 - INFO - [sparse-mezo] global_step=1892 active_fraction=0.000000 active_params=0/1315758080 configured_ratio=0.250000 mask_strategy=percentile_per_layer scope=trainable_only

 79%|███████▊  | 1893/2405 [2:10:10<34:11,  4.01s/it]2026-04-17 00:39:10,943 - INFO - [sparse-mezo] global_step=1893 active_fraction=0.000000 active_params=0/1315758080 configured_ratio=0.250000 mask_strategy=percentile_per_layer scope=trainable_only

 79%|███████▉  | 1894/2405 [2:10:14<34:07,  4.01s/it]2026-04-17 00:39:14,929 - INFO - [sparse-mezo] global_step=1894 active_fraction=0.000000 active_params=0/1315758080 configured_ratio=0.250000 mask_strategy=percentile_per_layer scope=trainable_only

 79%|███████▉  | 1895/2405 [2:10:18<34:00,  4.00s/it]2026-04-17 00:39:18,918 - INFO - [sparse-mezo] global_step=1895 active_fraction=0.000000 active_params=0/1315758080 configured_ratio=0.250000 mask_strategy=percentile_per_layer scope=trainable_only

 79%|███████▉  | 1896/2405 [2:10:22<33:54,  4.00s/it]2026-04-17 00:39:22,906 - INFO - [sparse-mezo] global_step=1896 active_fraction=0.000000 active_params=0/1315758080 configured_ratio=0.250000 mask_strategy=percentile_per_layer scope=trainable_only

 79%|███████▉  | 1897/2405 [2:10:26<33:49,  3.99s/it]2026-04-17 00:39:26,914 - INFO - [sparse-mezo] global_step=1897 active_fraction=0.000000 active_params=0/1315758080 configured_ratio=0.250000 mask_strategy=percentile_per_layer scope=trainable_only

 79%|███████▉  | 1898/2405 [2:10:30<33:48,  4.00s/it]2026-04-17 00:39:30,911 - INFO - [sparse-mezo] global_step=1898 active_fraction=0.000000 active_params=0/1315758080 configured_ratio=0.250000 mask_strategy=percentile_per_layer scope=trainable_only

 79%|███████▉  | 1899/2405 [2:10:34<33:43,  4.00s/it]2026-04-17 00:39:34,927 - INFO - [sparse-mezo] global_step=1899 active_fraction=0.000000 active_params=0/1315758080 configured_ratio=0.250000 mask_strategy=percentile_per_layer scope=trainable_only

 79%|███████▉  | 1900/2405 [2:10:38<33:41,  4.00s/it]2026-04-17 00:39:38,916 - INFO - [sparse-mezo] global_step=1900 active_fraction=0.000000 active_params=0/1315758080 configured_ratio=0.250000 mask_strategy=percentile_per_layer scope=trainable_only
2026-04-17 00:39:42,850 - WARNING - [zo_probe] step=1900: no finite probe pairs; skipping row.

 79%|███████▉  | 1901/2405 [2:10:45<43:31,  5.18s/it]2026-04-17 00:39:46,848 - INFO - [sparse-mezo] global_step=1901 active_fraction=0.000000 active_params=0/1315758080 configured_ratio=0.250000 mask_strategy=percentile_per_layer scope=trainable_only

 79%|███████▉  | 1902/2405 [2:10:49<40:26,  4.82s/it]2026-04-17 00:39:50,837 - INFO - [sparse-mezo] global_step=1902 active_fraction=0.000000 active_params=0/1315758080 configured_ratio=0.250000 mask_strategy=percentile_per_layer scope=trainable_only

 79%|███████▉  | 1903/2405 [2:10:53<38:17,  4.58s/it]2026-04-17 00:39:54,840 - INFO - [sparse-mezo] global_step=1903 active_fraction=0.000000 active_params=0/1315758080 configured_ratio=0.250000 mask_strategy=percentile_per_layer scope=trainable_only

 79%|███████▉  | 1904/2405 [2:10:57<36:45,  4.40s/it]2026-04-17 00:39:58,849 - INFO - [sparse-mezo] global_step=1904 active_fraction=0.000000 active_params=0/1315758080 configured_ratio=0.250000 mask_strategy=percentile_per_layer scope=trainable_only

 79%|███████▉  | 1905/2405 [2:11:01<35:41,  4.28s/it]2026-04-17 00:40:02,839 - INFO - [sparse-mezo] global_step=1905 active_fraction=0.000000 active_params=0/1315758080 configured_ratio=0.250000 mask_strategy=percentile_per_layer scope=trainable_only

 79%|███████▉  | 1906/2405 [2:11:05<34:53,  4.20s/it]2026-04-17 00:40:06,845 - INFO - [sparse-mezo] global_step=1906 active_fraction=0.000000 active_params=0/1315758080 configured_ratio=0.250000 mask_strategy=percentile_per_layer scope=trainable_only

 79%|███████▉  | 1907/2405 [2:11:09<34:24,  4.15s/it]2026-04-17 00:40:10,876 - INFO - [sparse-mezo] global_step=1907 active_fraction=0.000000 active_params=0/1315758080 configured_ratio=0.250000 mask_strategy=percentile_per_layer scope=trainable_only

 79%|███████▉  | 1908/2405 [2:11:13<33:58,  4.10s/it]2026-04-17 00:40:14,860 - INFO - [sparse-mezo] global_step=1908 active_fraction=0.000000 active_params=0/1315758080 configured_ratio=0.250000 mask_strategy=percentile_per_layer scope=trainable_only

 79%|███████▉  | 1909/2405 [2:11:17<33:39,  4.07s/it]2026-04-17 00:40:18,878 - INFO - [sparse-mezo] global_step=1909 active_fraction=0.000000 active_params=0/1315758080 configured_ratio=0.250000 mask_strategy=percentile_per_layer scope=trainable_only

 79%|███████▉  | 1910/2405 [2:11:21<33:25,  4.05s/it]2026-04-17 00:40:22,884 - INFO - [sparse-mezo] global_step=1910 active_fraction=0.000000 active_params=0/1315758080 configured_ratio=0.250000 mask_strategy=percentile_per_layer scope=trainable_only

 79%|███████▉  | 1911/2405 [2:11:25<33:15,  4.04s/it]2026-04-17 00:40:26,871 - INFO - [sparse-mezo] global_step=1911 active_fraction=0.000000 active_params=0/1315758080 configured_ratio=0.250000 mask_strategy=percentile_per_layer scope=trainable_only

 80%|███████▉  | 1912/2405 [2:11:29<33:02,  4.02s/it]2026-04-17 00:40:30,854 - INFO - [sparse-mezo] global_step=1912 active_fraction=0.000000 active_params=0/1315758080 configured_ratio=0.250000 mask_strategy=percentile_per_layer scope=trainable_only

 80%|███████▉  | 1913/2405 [2:11:33<32:53,  4.01s/it]2026-04-17 00:40:34,862 - INFO - [sparse-mezo] global_step=1913 active_fraction=0.000000 active_params=0/1315758080 configured_ratio=0.250000 mask_strategy=percentile_per_layer scope=trainable_only

 80%|███████▉  | 1914/2405 [2:11:37<32:49,  4.01s/it]2026-04-17 00:40:38,869 - INFO - [sparse-mezo] global_step=1914 active_fraction=0.000000 active_params=0/1315758080 configured_ratio=0.250000 mask_strategy=percentile_per_layer scope=trainable_only

 80%|███████▉  | 1915/2405 [2:11:41<32:45,  4.01s/it]2026-04-17 00:40:42,884 - INFO - [sparse-mezo] global_step=1915 active_fraction=0.000000 active_params=0/1315758080 configured_ratio=0.250000 mask_strategy=percentile_per_layer scope=trainable_only

 80%|███████▉  | 1916/2405 [2:11:45<32:41,  4.01s/it]2026-04-17 00:40:46,893 - INFO - [sparse-mezo] global_step=1916 active_fraction=0.000000 active_params=0/1315758080 configured_ratio=0.250000 mask_strategy=percentile_per_layer scope=trainable_only

 80%|███████▉  | 1917/2405 [2:11:49<32:36,  4.01s/it]2026-04-17 00:40:50,896 - INFO - [sparse-mezo] global_step=1917 active_fraction=0.000000 active_params=0/1315758080 configured_ratio=0.250000 mask_strategy=percentile_per_layer scope=trainable_only

 80%|███████▉  | 1918/2405 [2:11:54<32:32,  4.01s/it]2026-04-17 00:40:54,885 - INFO - [sparse-mezo] global_step=1918 active_fraction=0.000000 active_params=0/1315758080 configured_ratio=0.250000 mask_strategy=percentile_per_layer scope=trainable_only

 80%|███████▉  | 1919/2405 [2:11:57<32:24,  4.00s/it]2026-04-17 00:40:58,871 - INFO - [sparse-mezo] global_step=1919 active_fraction=0.000000 active_params=0/1315758080 configured_ratio=0.250000 mask_strategy=percentile_per_layer scope=trainable_only

 80%|███████▉  | 1920/2405 [2:12:01<32:19,  4.00s/it]2026-04-17 00:41:02,862 - INFO - [sparse-mezo] global_step=1920 active_fraction=0.000000 active_params=0/1315758080 configured_ratio=0.250000 mask_strategy=percentile_per_layer scope=trainable_only

 80%|███████▉  | 1921/2405 [2:12:05<32:14,  4.00s/it]2026-04-17 00:41:06,853 - INFO - [sparse-mezo] global_step=1921 active_fraction=0.000000 active_params=0/1315758080 configured_ratio=0.250000 mask_strategy=percentile_per_layer scope=trainable_only

 80%|███████▉  | 1922/2405 [2:12:09<32:10,  4.00s/it]2026-04-17 00:41:10,862 - INFO - [sparse-mezo] global_step=1922 active_fraction=0.000000 active_params=0/1315758080 configured_ratio=0.250000 mask_strategy=percentile_per_layer scope=trainable_only

 80%|███████▉  | 1923/2405 [2:12:13<32:08,  4.00s/it]2026-04-17 00:41:14,862 - INFO - [sparse-mezo] global_step=1923 active_fraction=0.000000 active_params=0/1315758080 configured_ratio=0.250000 mask_strategy=percentile_per_layer scope=trainable_only

 80%|████████  | 1924/2405 [2:12:17<32:00,  3.99s/it]2026-04-17 00:41:18,853 - INFO - [sparse-mezo] global_step=1924 active_fraction=0.000000 active_params=0/1315758080 configured_ratio=0.250000 mask_strategy=percentile_per_layer scope=trainable_only

 80%|████████  | 1925/2405 [2:12:21<31:59,  4.00s/it]2026-04-17 00:41:22,846 - INFO - [sparse-mezo] global_step=1925 active_fraction=0.000000 active_params=0/1315758080 configured_ratio=0.250000 mask_strategy=percentile_per_layer scope=trainable_only

 80%|████████  | 1926/2405 [2:12:25<31:54,  4.00s/it]2026-04-17 00:41:26,841 - INFO - [sparse-mezo] global_step=1926 active_fraction=0.000000 active_params=0/1315758080 configured_ratio=0.250000 mask_strategy=percentile_per_layer scope=trainable_only

 80%|████████  | 1927/2405 [2:12:29<31:49,  4.00s/it]2026-04-17 00:41:30,833 - INFO - [sparse-mezo] global_step=1927 active_fraction=0.000000 active_params=0/1315758080 configured_ratio=0.250000 mask_strategy=percentile_per_layer scope=trainable_only

 80%|████████  | 1928/2405 [2:12:33<31:46,  4.00s/it]2026-04-17 00:41:34,834 - INFO - [sparse-mezo] global_step=1928 active_fraction=0.000000 active_params=0/1315758080 configured_ratio=0.250000 mask_strategy=percentile_per_layer scope=trainable_only

 80%|████████  | 1929/2405 [2:12:37<31:41,  3.99s/it]2026-04-17 00:41:38,823 - INFO - [sparse-mezo] global_step=1929 active_fraction=0.000000 active_params=0/1315758080 configured_ratio=0.250000 mask_strategy=percentile_per_layer scope=trainable_only

 80%|████████  | 1930/2405 [2:12:41<31:36,  3.99s/it]2026-04-17 00:41:42,830 - INFO - [sparse-mezo] global_step=1930 active_fraction=0.000000 active_params=0/1315758080 configured_ratio=0.250000 mask_strategy=percentile_per_layer scope=trainable_only

 80%|████████  | 1931/2405 [2:12:45<31:37,  4.00s/it]2026-04-17 00:41:46,837 - INFO - [sparse-mezo] global_step=1931 active_fraction=0.000000 active_params=0/1315758080 configured_ratio=0.250000 mask_strategy=percentile_per_layer scope=trainable_only

 80%|████████  | 1932/2405 [2:12:49<31:33,  4.00s/it]2026-04-17 00:41:50,846 - INFO - [sparse-mezo] global_step=1932 active_fraction=0.000000 active_params=0/1315758080 configured_ratio=0.250000 mask_strategy=percentile_per_layer scope=trainable_only

 80%|████████  | 1933/2405 [2:12:53<31:27,  4.00s/it]2026-04-17 00:41:54,833 - INFO - [sparse-mezo] global_step=1933 active_fraction=0.000000 active_params=0/1315758080 configured_ratio=0.250000 mask_strategy=percentile_per_layer scope=trainable_only

 80%|████████  | 1934/2405 [2:12:57<31:25,  4.00s/it]2026-04-17 00:41:58,861 - INFO - [sparse-mezo] global_step=1934 active_fraction=0.000000 active_params=0/1315758080 configured_ratio=0.250000 mask_strategy=percentile_per_layer scope=trainable_only

 80%|████████  | 1935/2405 [2:13:01<31:21,  4.00s/it]2026-04-17 00:42:02,849 - INFO - [sparse-mezo] global_step=1935 active_fraction=0.000000 active_params=0/1315758080 configured_ratio=0.250000 mask_strategy=percentile_per_layer scope=trainable_only

 80%|████████  | 1936/2405 [2:13:05<31:18,  4.00s/it]2026-04-17 00:42:06,857 - INFO - [sparse-mezo] global_step=1936 active_fraction=0.000000 active_params=0/1315758080 configured_ratio=0.250000 mask_strategy=percentile_per_layer scope=trainable_only

 81%|████████  | 1937/2405 [2:13:09<31:11,  4.00s/it]2026-04-17 00:42:10,847 - INFO - [sparse-mezo] global_step=1937 active_fraction=0.000000 active_params=0/1315758080 configured_ratio=0.250000 mask_strategy=percentile_per_layer scope=trainable_only

 81%|████████  | 1938/2405 [2:13:13<31:07,  4.00s/it]2026-04-17 00:42:14,862 - INFO - [sparse-mezo] global_step=1938 active_fraction=0.000000 active_params=0/1315758080 configured_ratio=0.250000 mask_strategy=percentile_per_layer scope=trainable_only

 81%|████████  | 1939/2405 [2:13:17<31:06,  4.00s/it]2026-04-17 00:42:18,861 - INFO - [sparse-mezo] global_step=1939 active_fraction=0.000000 active_params=0/1315758080 configured_ratio=0.250000 mask_strategy=percentile_per_layer scope=trainable_only

 81%|████████  | 1940/2405 [2:13:21<31:03,  4.01s/it]2026-04-17 00:42:22,891 - INFO - [sparse-mezo] global_step=1940 active_fraction=0.000000 active_params=0/1315758080 configured_ratio=0.250000 mask_strategy=percentile_per_layer scope=trainable_only

 81%|████████  | 1941/2405 [2:13:26<31:00,  4.01s/it]2026-04-17 00:42:26,888 - INFO - [sparse-mezo] global_step=1941 active_fraction=0.000000 active_params=0/1315758080 configured_ratio=0.250000 mask_strategy=percentile_per_layer scope=trainable_only

 81%|████████  | 1942/2405 [2:13:29<30:53,  4.00s/it]2026-04-17 00:42:30,877 - INFO - [sparse-mezo] global_step=1942 active_fraction=0.000000 active_params=0/1315758080 configured_ratio=0.250000 mask_strategy=percentile_per_layer scope=trainable_only

 81%|████████  | 1943/2405 [2:13:33<30:46,  4.00s/it]2026-04-17 00:42:34,860 - INFO - [sparse-mezo] global_step=1943 active_fraction=0.000000 active_params=0/1315758080 configured_ratio=0.250000 mask_strategy=percentile_per_layer scope=trainable_only

 81%|████████  | 1944/2405 [2:13:37<30:41,  3.99s/it]2026-04-17 00:42:38,849 - INFO - [sparse-mezo] global_step=1944 active_fraction=0.000000 active_params=0/1315758080 configured_ratio=0.250000 mask_strategy=percentile_per_layer scope=trainable_only

 81%|████████  | 1945/2405 [2:13:41<30:37,  4.00s/it]2026-04-17 00:42:42,863 - INFO - [sparse-mezo] global_step=1945 active_fraction=0.000000 active_params=0/1315758080 configured_ratio=0.250000 mask_strategy=percentile_per_layer scope=trainable_only

 81%|████████  | 1946/2405 [2:13:45<30:35,  4.00s/it]2026-04-17 00:42:46,853 - INFO - [sparse-mezo] global_step=1946 active_fraction=0.000000 active_params=0/1315758080 configured_ratio=0.250000 mask_strategy=percentile_per_layer scope=trainable_only

 81%|████████  | 1947/2405 [2:13:49<30:30,  4.00s/it]2026-04-17 00:42:50,858 - INFO - [sparse-mezo] global_step=1947 active_fraction=0.000000 active_params=0/1315758080 configured_ratio=0.250000 mask_strategy=percentile_per_layer scope=trainable_only

 81%|████████  | 1948/2405 [2:13:53<30:28,  4.00s/it]2026-04-17 00:42:54,856 - INFO - [sparse-mezo] global_step=1948 active_fraction=0.000000 active_params=0/1315758080 configured_ratio=0.250000 mask_strategy=percentile_per_layer scope=trainable_only

 81%|████████  | 1949/2405 [2:13:57<30:24,  4.00s/it]2026-04-17 00:42:58,855 - INFO - [sparse-mezo] global_step=1949 active_fraction=0.000000 active_params=0/1315758080 configured_ratio=0.250000 mask_strategy=percentile_per_layer scope=trainable_only

 81%|████████  | 1950/2405 [2:14:01<30:19,  4.00s/it]2026-04-17 00:43:02,853 - INFO - [sparse-mezo] global_step=1950 active_fraction=0.000000 active_params=0/1315758080 configured_ratio=0.250000 mask_strategy=percentile_per_layer scope=trainable_only

 81%|████████  | 1951/2405 [2:14:05<30:15,  4.00s/it]2026-04-17 00:43:06,849 - INFO - [sparse-mezo] global_step=1951 active_fraction=0.000000 active_params=0/1315758080 configured_ratio=0.250000 mask_strategy=percentile_per_layer scope=trainable_only

 81%|████████  | 1952/2405 [2:14:09<30:11,  4.00s/it]2026-04-17 00:43:10,868 - INFO - [sparse-mezo] global_step=1952 active_fraction=0.000000 active_params=0/1315758080 configured_ratio=0.250000 mask_strategy=percentile_per_layer scope=trainable_only

 81%|████████  | 1953/2405 [2:14:13<30:08,  4.00s/it]2026-04-17 00:43:14,858 - INFO - [sparse-mezo] global_step=1953 active_fraction=0.000000 active_params=0/1315758080 configured_ratio=0.250000 mask_strategy=percentile_per_layer scope=trainable_only

 81%|████████  | 1954/2405 [2:14:17<30:02,  4.00s/it]2026-04-17 00:43:18,842 - INFO - [sparse-mezo] global_step=1954 active_fraction=0.000000 active_params=0/1315758080 configured_ratio=0.250000 mask_strategy=percentile_per_layer scope=trainable_only

 81%|████████▏ | 1955/2405 [2:14:21<29:58,  4.00s/it]2026-04-17 00:43:22,857 - INFO - [sparse-mezo] global_step=1955 active_fraction=0.000000 active_params=0/1315758080 configured_ratio=0.250000 mask_strategy=percentile_per_layer scope=trainable_only

 81%|████████▏ | 1956/2405 [2:14:25<29:55,  4.00s/it]2026-04-17 00:43:26,848 - INFO - [sparse-mezo] global_step=1956 active_fraction=0.000000 active_params=0/1315758080 configured_ratio=0.250000 mask_strategy=percentile_per_layer scope=trainable_only

 81%|████████▏ | 1957/2405 [2:14:29<29:53,  4.00s/it]2026-04-17 00:43:30,873 - INFO - [sparse-mezo] global_step=1957 active_fraction=0.000000 active_params=0/1315758080 configured_ratio=0.250000 mask_strategy=percentile_per_layer scope=trainable_only

 81%|████████▏ | 1958/2405 [2:14:34<29:52,  4.01s/it]2026-04-17 00:43:34,881 - INFO - [sparse-mezo] global_step=1958 active_fraction=0.000000 active_params=0/1315758080 configured_ratio=0.250000 mask_strategy=percentile_per_layer scope=trainable_only

 81%|████████▏ | 1959/2405 [2:14:37<29:45,  4.00s/it]2026-04-17 00:43:38,869 - INFO - [sparse-mezo] global_step=1959 active_fraction=0.000000 active_params=0/1315758080 configured_ratio=0.250000 mask_strategy=percentile_per_layer scope=trainable_only

 81%|████████▏ | 1960/2405 [2:14:41<29:39,  4.00s/it]2026-04-17 00:43:42,858 - INFO - [sparse-mezo] global_step=1960 active_fraction=0.000000 active_params=0/1315758080 configured_ratio=0.250000 mask_strategy=percentile_per_layer scope=trainable_only

 82%|████████▏ | 1961/2405 [2:14:45<29:35,  4.00s/it]2026-04-17 00:43:46,873 - INFO - [sparse-mezo] global_step=1961 active_fraction=0.000000 active_params=0/1315758080 configured_ratio=0.250000 mask_strategy=percentile_per_layer scope=trainable_only

 82%|████████▏ | 1962/2405 [2:14:50<29:34,  4.01s/it]2026-04-17 00:43:50,900 - INFO - [sparse-mezo] global_step=1962 active_fraction=0.000000 active_params=0/1315758080 configured_ratio=0.250000 mask_strategy=percentile_per_layer scope=trainable_only

 82%|████████▏ | 1963/2405 [2:14:54<29:32,  4.01s/it]2026-04-17 00:43:54,899 - INFO - [sparse-mezo] global_step=1963 active_fraction=0.000000 active_params=0/1315758080 configured_ratio=0.250000 mask_strategy=percentile_per_layer scope=trainable_only

 82%|████████▏ | 1964/2405 [2:14:58<29:25,  4.00s/it]2026-04-17 00:43:58,907 - INFO - [sparse-mezo] global_step=1964 active_fraction=0.000000 active_params=0/1315758080 configured_ratio=0.250000 mask_strategy=percentile_per_layer scope=trainable_only

 82%|████████▏ | 1965/2405 [2:15:02<29:22,  4.01s/it]2026-04-17 00:44:02,899 - INFO - [sparse-mezo] global_step=1965 active_fraction=0.000000 active_params=0/1315758080 configured_ratio=0.250000 mask_strategy=percentile_per_layer scope=trainable_only

 82%|████████▏ | 1966/2405 [2:15:06<29:16,  4.00s/it]2026-04-17 00:44:06,904 - INFO - [sparse-mezo] global_step=1966 active_fraction=0.000000 active_params=0/1315758080 configured_ratio=0.250000 mask_strategy=percentile_per_layer scope=trainable_only

 82%|████████▏ | 1967/2405 [2:15:10<29:14,  4.01s/it]2026-04-17 00:44:10,902 - INFO - [sparse-mezo] global_step=1967 active_fraction=0.000000 active_params=0/1315758080 configured_ratio=0.250000 mask_strategy=percentile_per_layer scope=trainable_only

 82%|████████▏ | 1968/2405 [2:15:14<29:08,  4.00s/it]2026-04-17 00:44:14,890 - INFO - [sparse-mezo] global_step=1968 active_fraction=0.000000 active_params=0/1315758080 configured_ratio=0.250000 mask_strategy=percentile_per_layer scope=trainable_only

 82%|████████▏ | 1969/2405 [2:15:18<29:03,  4.00s/it]2026-04-17 00:44:18,907 - INFO - [sparse-mezo] global_step=1969 active_fraction=0.000000 active_params=0/1315758080 configured_ratio=0.250000 mask_strategy=percentile_per_layer scope=trainable_only

 82%|████████▏ | 1970/2405 [2:15:22<29:00,  4.00s/it]2026-04-17 00:44:22,896 - INFO - [sparse-mezo] global_step=1970 active_fraction=0.000000 active_params=0/1315758080 configured_ratio=0.250000 mask_strategy=percentile_per_layer scope=trainable_only

 82%|████████▏ | 1971/2405 [2:15:26<28:55,  4.00s/it]2026-04-17 00:44:26,903 - INFO - [sparse-mezo] global_step=1971 active_fraction=0.000000 active_params=0/1315758080 configured_ratio=0.250000 mask_strategy=percentile_per_layer scope=trainable_only

 82%|████████▏ | 1972/2405 [2:15:30<28:53,  4.00s/it]2026-04-17 00:44:30,900 - INFO - [sparse-mezo] global_step=1972 active_fraction=0.000000 active_params=0/1315758080 configured_ratio=0.250000 mask_strategy=percentile_per_layer scope=trainable_only

 82%|████████▏ | 1973/2405 [2:15:34<28:48,  4.00s/it]2026-04-17 00:44:34,918 - INFO - [sparse-mezo] global_step=1973 active_fraction=0.000000 active_params=0/1315758080 configured_ratio=0.250000 mask_strategy=percentile_per_layer scope=trainable_only

 82%|████████▏ | 1974/2405 [2:15:38<28:46,  4.01s/it]2026-04-17 00:44:38,937 - INFO - [sparse-mezo] global_step=1974 active_fraction=0.000000 active_params=0/1315758080 configured_ratio=0.250000 mask_strategy=percentile_per_layer scope=trainable_only

 82%|████████▏ | 1975/2405 [2:15:42<28:44,  4.01s/it]2026-04-17 00:44:42,936 - INFO - [sparse-mezo] global_step=1975 active_fraction=0.000000 active_params=0/1315758080 configured_ratio=0.250000 mask_strategy=percentile_per_layer scope=trainable_only

 82%|████████▏ | 1976/2405 [2:15:46<28:37,  4.00s/it]2026-04-17 00:44:46,944 - INFO - [sparse-mezo] global_step=1976 active_fraction=0.000000 active_params=0/1315758080 configured_ratio=0.250000 mask_strategy=percentile_per_layer scope=trainable_only

 82%|████████▏ | 1977/2405 [2:15:50<28:35,  4.01s/it]2026-04-17 00:44:50,959 - INFO - [sparse-mezo] global_step=1977 active_fraction=0.000000 active_params=0/1315758080 configured_ratio=0.250000 mask_strategy=percentile_per_layer scope=trainable_only

 82%|████████▏ | 1978/2405 [2:15:54<28:31,  4.01s/it]2026-04-17 00:44:54,947 - INFO - [sparse-mezo] global_step=1978 active_fraction=0.000000 active_params=0/1315758080 configured_ratio=0.250000 mask_strategy=percentile_per_layer scope=trainable_only

 82%|████████▏ | 1979/2405 [2:15:58<28:25,  4.00s/it]2026-04-17 00:44:58,963 - INFO - [sparse-mezo] global_step=1979 active_fraction=0.000000 active_params=0/1315758080 configured_ratio=0.250000 mask_strategy=percentile_per_layer scope=trainable_only

 82%|████████▏ | 1980/2405 [2:16:02<28:21,  4.00s/it]2026-04-17 00:45:02,948 - INFO - [sparse-mezo] global_step=1980 active_fraction=0.000000 active_params=0/1315758080 configured_ratio=0.250000 mask_strategy=percentile_per_layer scope=trainable_only

 82%|████████▏ | 1981/2405 [2:16:06<28:16,  4.00s/it]2026-04-17 00:45:06,946 - INFO - [sparse-mezo] global_step=1981 active_fraction=0.000000 active_params=0/1315758080 configured_ratio=0.250000 mask_strategy=percentile_per_layer scope=trainable_only

 82%|████████▏ | 1982/2405 [2:16:10<28:10,  4.00s/it]2026-04-17 00:45:10,947 - INFO - [sparse-mezo] global_step=1982 active_fraction=0.000000 active_params=0/1315758080 configured_ratio=0.250000 mask_strategy=percentile_per_layer scope=trainable_only

 82%|████████▏ | 1983/2405 [2:16:14<28:07,  4.00s/it]2026-04-17 00:45:14,936 - INFO - [sparse-mezo] global_step=1983 active_fraction=0.000000 active_params=0/1315758080 configured_ratio=0.250000 mask_strategy=percentile_per_layer scope=trainable_only

 82%|████████▏ | 1984/2405 [2:16:18<28:03,  4.00s/it]2026-04-17 00:45:18,933 - INFO - [sparse-mezo] global_step=1984 active_fraction=0.000000 active_params=0/1315758080 configured_ratio=0.250000 mask_strategy=percentile_per_layer scope=trainable_only

 83%|████████▎ | 1985/2405 [2:16:22<27:58,  4.00s/it]2026-04-17 00:45:22,921 - INFO - [sparse-mezo] global_step=1985 active_fraction=0.000000 active_params=0/1315758080 configured_ratio=0.250000 mask_strategy=percentile_per_layer scope=trainable_only

 83%|████████▎ | 1986/2405 [2:16:26<27:54,  4.00s/it]2026-04-17 00:45:26,938 - INFO - [sparse-mezo] global_step=1986 active_fraction=0.000000 active_params=0/1315758080 configured_ratio=0.250000 mask_strategy=percentile_per_layer scope=trainable_only

 83%|████████▎ | 1987/2405 [2:16:30<27:51,  4.00s/it]2026-04-17 00:45:30,944 - INFO - [sparse-mezo] global_step=1987 active_fraction=0.000000 active_params=0/1315758080 configured_ratio=0.250000 mask_strategy=percentile_per_layer scope=trainable_only

 83%|████████▎ | 1988/2405 [2:16:34<27:51,  4.01s/it]2026-04-17 00:45:34,968 - INFO - [sparse-mezo] global_step=1988 active_fraction=0.000000 active_params=0/1315758080 configured_ratio=0.250000 mask_strategy=percentile_per_layer scope=trainable_only

 83%|████████▎ | 1989/2405 [2:16:38<27:46,  4.01s/it]2026-04-17 00:45:38,954 - INFO - [sparse-mezo] global_step=1989 active_fraction=0.000000 active_params=0/1315758080 configured_ratio=0.250000 mask_strategy=percentile_per_layer scope=trainable_only

 83%|████████▎ | 1990/2405 [2:16:42<27:40,  4.00s/it]2026-04-17 00:45:42,959 - INFO - [sparse-mezo] global_step=1990 active_fraction=0.000000 active_params=0/1315758080 configured_ratio=0.250000 mask_strategy=percentile_per_layer scope=trainable_only

 83%|████████▎ | 1991/2405 [2:16:46<27:36,  4.00s/it]2026-04-17 00:45:46,944 - INFO - [sparse-mezo] global_step=1991 active_fraction=0.000000 active_params=0/1315758080 configured_ratio=0.250000 mask_strategy=percentile_per_layer scope=trainable_only

 83%|████████▎ | 1992/2405 [2:16:50<27:30,  4.00s/it]2026-04-17 00:45:50,946 - INFO - [sparse-mezo] global_step=1992 active_fraction=0.000000 active_params=0/1315758080 configured_ratio=0.250000 mask_strategy=percentile_per_layer scope=trainable_only

 83%|████████▎ | 1993/2405 [2:16:54<27:28,  4.00s/it]2026-04-17 00:45:54,961 - INFO - [sparse-mezo] global_step=1993 active_fraction=0.000000 active_params=0/1315758080 configured_ratio=0.250000 mask_strategy=percentile_per_layer scope=trainable_only

 83%|████████▎ | 1994/2405 [2:16:58<27:27,  4.01s/it]2026-04-17 00:45:58,970 - INFO - [sparse-mezo] global_step=1994 active_fraction=0.000000 active_params=0/1315758080 configured_ratio=0.250000 mask_strategy=percentile_per_layer scope=trainable_only

 83%|████████▎ | 1995/2405 [2:17:02<27:21,  4.00s/it]2026-04-17 00:46:02,958 - INFO - [sparse-mezo] global_step=1995 active_fraction=0.000000 active_params=0/1315758080 configured_ratio=0.250000 mask_strategy=percentile_per_layer scope=trainable_only

 83%|████████▎ | 1996/2405 [2:17:06<27:16,  4.00s/it]2026-04-17 00:46:06,956 - INFO - [sparse-mezo] global_step=1996 active_fraction=0.000000 active_params=0/1315758080 configured_ratio=0.250000 mask_strategy=percentile_per_layer scope=trainable_only

 83%|████████▎ | 1997/2405 [2:17:10<27:10,  4.00s/it]2026-04-17 00:46:10,951 - INFO - [sparse-mezo] global_step=1997 active_fraction=0.000000 active_params=0/1315758080 configured_ratio=0.250000 mask_strategy=percentile_per_layer scope=trainable_only

 83%|████████▎ | 1998/2405 [2:17:14<27:08,  4.00s/it]2026-04-17 00:46:14,969 - INFO - [sparse-mezo] global_step=1998 active_fraction=0.000000 active_params=0/1315758080 configured_ratio=0.250000 mask_strategy=percentile_per_layer scope=trainable_only

 83%|████████▎ | 1999/2405 [2:17:18<27:05,  4.00s/it]2026-04-17 00:46:18,968 - INFO - [sparse-mezo] global_step=1999 active_fraction=0.000000 active_params=0/1315758080 configured_ratio=0.250000 mask_strategy=percentile_per_layer scope=trainable_only

 83%|████████▎ | 2000/2405 [2:17:22<27:02,  4.01s/it]
                                                     

 83%|████████▎ | 2000/2405 [2:17:22<27:02,  4.01s/it]

  0%|          | 0/107 [00:00<?, ?it/s][A

  6%|▌         | 6/107 [00:00<00:02, 48.75it/s][A

 10%|█         | 11/107 [00:00<00:02, 43.70it/s][A

 15%|█▍        | 16/107 [00:00<00:02, 43.11it/s][A

 20%|█▉        | 21/107 [00:00<00:02, 42.29it/s][A

 24%|██▍       | 26/107 [00:00<00:01, 41.27it/s][A

 29%|██▉       | 31/107 [00:00<00:01, 41.77it/s][A

 34%|███▎      | 36/107 [00:00<00:01, 41.68it/s][A

 38%|███▊      | 41/107 [00:00<00:01, 42.42it/s][A

 43%|████▎     | 46/107 [00:01<00:01, 40.74it/s][A

 48%|████▊     | 51/107 [00:01<00:01, 41.08it/s][A

 52%|█████▏    | 56/107 [00:01<00:01, 40.51it/s][A

 57%|█████▋    | 61/107 [00:01<00:01, 41.38it/s][A

 62%|██████▏   | 66/107 [00:01<00:00, 41.62it/s][A

 66%|██████▋   | 71/107 [00:01<00:00, 42.54it/s][A

 71%|███████   | 76/107 [00:01<00:00, 42.79it/s][A

 76%|███████▌  | 81/107 [00:01<00:00, 43.38it/s][A

 80%|████████  | 86/107 [00:02<00:00, 41.92it/s][A

 85%|████████▌ | 91/107 [00:02<00:00, 42.48it/s][A

 90%|████████▉ | 96/107 [00:02<00:00, 42.41it/s][A

 94%|█████████▍| 101/107 [00:02<00:00, 42.42it/s][A

 99%|█████████▉| 106/107 [00:02<00:00, 42.26it/s][A
                                                     

                                                 
[A
 83%|████████▎ | 2000/2405 [2:17:24<27:02,  4.01s/it]

100%|██████████| 107/107 [00:02<00:00, 42.26it/s][A

                                                 [A2026-04-17 00:46:21,768 - INFO - There are 0 training samples and 854 validation samples


  0%|          | 0/854 [00:00<?, ?it/s][A2026-04-17 00:46:21,768 - INFO - ========= Example =========
2026-04-17 00:46:21,768 - INFO - Candidate: [0, 1, 2, 3, 4]
2026-04-17 00:46:21,768 - INFO - Correct candidate: 3
2026-04-17 00:46:21,776 - INFO - === Candidate 0 ===
2026-04-17 00:46:21,776 - INFO - <s>hardly a film that comes along every day. It was terrible
2026-04-17 00:46:21,777 - INFO - Log probabilities of the option tokens: tensor([nan], dtype=torch.float16)
2026-04-17 00:46:21,784 - INFO - === Candidate 1 (without context)===
2026-04-17 00:46:21,784 - INFO - <s>hardly a film that comes along every day. It was bad
2026-04-17 00:46:21,784 - INFO - Log probabilities of the option tokens: tensor([nan], dtype=torch.float16)
2026-04-17 00:46:21,791 - INFO - === Candidate 2 (without context)===
2026-04-17 00:46:21,792 - INFO - <s>hardly a film that comes along every day. It was okay
2026-04-17 00:46:21,792 - INFO - Log probabilities of the option tokens: tensor([nan], dtype=torch.float16)
2026-04-17 00:46:21,799 - INFO - === Candidate 3 (without context)===
2026-04-17 00:46:21,799 - INFO - <s>hardly a film that comes along every day. It was good
2026-04-17 00:46:21,799 - INFO - Log probabilities of the option tokens: tensor([nan], dtype=torch.float16)
2026-04-17 00:46:21,807 - INFO - === Candidate 4 (without context)===
2026-04-17 00:46:21,807 - INFO - <s>hardly a film that comes along every day. It was great
2026-04-17 00:46:21,807 - INFO - Log probabilities of the option tokens: tensor([nan], dtype=torch.float16)
2026-04-17 00:46:21,807 - INFO - Prediction scores: [nan, nan, nan, nan, nan]
2026-04-17 00:46:21,807 - INFO - ========= Example =========
2026-04-17 00:46:21,807 - INFO - Candidate: [0, 1, 2, 3, 4]
2026-04-17 00:46:21,807 - INFO - Correct candidate: 0
2026-04-17 00:46:21,816 - INFO - === Candidate 0 ===
2026-04-17 00:46:21,816 - INFO - <s>-lrb- sam's -rrb- self-flagellation is more depressing than entertaining. It was terrible
2026-04-17 00:46:21,816 - INFO - Log probabilities of the option tokens: tensor([nan], dtype=torch.float16)
2026-04-17 00:46:21,823 - INFO - === Candidate 1 (without context)===
2026-04-17 00:46:21,824 - INFO - <s>-lrb- sam's -rrb- self-flagellation is more depressing than entertaining. It was bad
2026-04-17 00:46:21,824 - INFO - Log probabilities of the option tokens: tensor([nan], dtype=torch.float16)
2026-04-17 00:46:21,831 - INFO - === Candidate 2 (without context)===
2026-04-17 00:46:21,831 - INFO - <s>-lrb- sam's -rrb- self-flagellation is more depressing than entertaining. It was okay
2026-04-17 00:46:21,832 - INFO - Log probabilities of the option tokens: tensor([nan], dtype=torch.float16)
2026-04-17 00:46:21,839 - INFO - === Candidate 3 (without context)===
2026-04-17 00:46:21,839 - INFO - <s>-lrb- sam's -rrb- self-flagellation is more depressing than entertaining. It was good
2026-04-17 00:46:21,839 - INFO - Log probabilities of the option tokens: tensor([nan], dtype=torch.float16)
2026-04-17 00:46:21,847 - INFO - === Candidate 4 (without context)===
2026-04-17 00:46:21,847 - INFO - <s>-lrb- sam's -rrb- self-flagellation is more depressing than entertaining. It was great
2026-04-17 00:46:21,847 - INFO - Log probabilities of the option tokens: tensor([nan], dtype=torch.float16)
2026-04-17 00:46:21,847 - INFO - Prediction scores: [nan, nan, nan, nan, nan]
2026-04-17 00:46:21,847 - INFO - ========= Example =========
2026-04-17 00:46:21,847 - INFO - Candidate: [0, 1, 2, 3, 4]
2026-04-17 00:46:21,847 - INFO - Correct candidate: 4
2026-04-17 00:46:21,856 - INFO - === Candidate 0 ===
2026-04-17 00:46:21,856 - INFO - <s>y tu mamá también is hilariously, gloriously alive, and quite often hotter than georgia asphalt. It was terrible
2026-04-17 00:46:21,856 - INFO - Log probabilities of the option tokens: tensor([nan], dtype=torch.float16)
2026-04-17 00:46:21,864 - INFO - === Candidate 1 (without context)===
2026-04-17 00:46:21,864 - INFO - <s>y tu mamá también is hilariously, gloriously alive, and quite often hotter than georgia asphalt. It was bad
2026-04-17 00:46:21,864 - INFO - Log probabilities of the option tokens: tensor([nan], dtype=torch.float16)
2026-04-17 00:46:21,871 - INFO - === Candidate 2 (without context)===
2026-04-17 00:46:21,872 - INFO - <s>y tu mamá también is hilariously, gloriously alive, and quite often hotter than georgia asphalt. It was okay
2026-04-17 00:46:21,872 - INFO - Log probabilities of the option tokens: tensor([nan], dtype=torch.float16)
2026-04-17 00:46:21,879 - INFO - === Candidate 3 (without context)===
2026-04-17 00:46:21,879 - INFO - <s>y tu mamá también is hilariously, gloriously alive, and quite often hotter than georgia asphalt. It was good
2026-04-17 00:46:21,880 - INFO - Log probabilities of the option tokens: tensor([nan], dtype=torch.float16)
2026-04-17 00:46:21,887 - INFO - === Candidate 4 (without context)===
2026-04-17 00:46:21,887 - INFO - <s>y tu mamá también is hilariously, gloriously alive, and quite often hotter than georgia asphalt. It was great
2026-04-17 00:46:21,887 - INFO - Log probabilities of the option tokens: tensor([nan], dtype=torch.float16)
2026-04-17 00:46:21,888 - INFO - Prediction scores: [nan, nan, nan, nan, nan]


  0%|          | 3/854 [00:00<00:33, 25.04it/s][A

  1%|          | 6/854 [00:00<00:32, 26.21it/s][A

  1%|          | 9/854 [00:00<00:31, 26.49it/s][A

  1%|▏         | 12/854 [00:00<00:31, 26.74it/s][A

  2%|▏         | 15/854 [00:00<00:31, 26.86it/s][A

  2%|▏         | 18/854 [00:00<00:31, 26.75it/s][A

  2%|▏         | 21/854 [00:00<00:31, 26.75it/s][A

  3%|▎         | 24/854 [00:00<00:31, 26.67it/s][A

  3%|▎         | 27/854 [00:01<00:31, 26.68it/s][A

  4%|▎         | 30/854 [00:01<00:30, 26.64it/s][A

  4%|▍         | 33/854 [00:01<00:31, 26.08it/s][A

  4%|▍         | 36/854 [00:01<00:31, 26.27it/s][A

  5%|▍         | 39/854 [00:01<00:30, 26.30it/s][A

  5%|▍         | 42/854 [00:01<00:30, 26.60it/s][A

  5%|▌         | 45/854 [00:01<00:30, 26.66it/s][A

  6%|▌         | 48/854 [00:01<00:30, 26.64it/s][A

  6%|▌         | 51/854 [00:01<00:30, 26.60it/s][A

  6%|▋         | 54/854 [00:02<00:30, 26.65it/s][A

  7%|▋         | 57/854 [00:02<00:29, 26.67it/s][A

  7%|▋         | 60/854 [00:02<00:29, 26.66it/s][A

  7%|▋         | 63/854 [00:02<00:29, 26.69it/s][A

  8%|▊         | 66/854 [00:02<00:29, 26.34it/s][A

  8%|▊         | 69/854 [00:02<00:29, 26.21it/s][A

  8%|▊         | 72/854 [00:02<00:29, 26.32it/s][A

  9%|▉         | 75/854 [00:02<00:29, 26.49it/s][A

  9%|▉         | 78/854 [00:02<00:29, 26.58it/s][A

  9%|▉         | 81/854 [00:03<00:29, 26.54it/s][A

 10%|▉         | 84/854 [00:03<00:28, 26.62it/s][A

 10%|█         | 87/854 [00:03<00:28, 26.70it/s][A

 11%|█         | 90/854 [00:03<00:28, 26.83it/s][A

 11%|█         | 93/854 [00:03<00:28, 26.89it/s][A

 11%|█         | 96/854 [00:03<00:28, 26.96it/s][A

 12%|█▏        | 99/854 [00:03<00:28, 26.95it/s][A

 12%|█▏        | 102/854 [00:03<00:28, 26.30it/s][A

 12%|█▏        | 105/854 [00:03<00:29, 25.75it/s][A

 13%|█▎        | 108/854 [00:04<00:28, 26.15it/s][A

 13%|█▎        | 111/854 [00:04<00:28, 26.43it/s][A

 13%|█▎        | 114/854 [00:04<00:28, 26.42it/s][A

 14%|█▎        | 117/854 [00:04<00:27, 26.47it/s][A

 14%|█▍        | 120/854 [00:04<00:27, 26.40it/s][A

 14%|█▍        | 123/854 [00:04<00:27, 26.74it/s][A

 15%|█▍        | 126/854 [00:04<00:27, 26.69it/s][A

 15%|█▌        | 129/854 [00:04<00:27, 26.60it/s][A

 15%|█▌        | 132/854 [00:04<00:27, 26.69it/s][A

 16%|█▌        | 135/854 [00:05<00:27, 26.36it/s][A

 16%|█▌        | 138/854 [00:05<00:28, 25.51it/s][A

 17%|█▋        | 141/854 [00:05<00:27, 25.88it/s][A

 17%|█▋        | 144/854 [00:05<00:27, 26.08it/s][A

 17%|█▋        | 147/854 [00:05<00:26, 26.30it/s][A

 18%|█▊        | 150/854 [00:05<00:26, 26.55it/s][A

 18%|█▊        | 153/854 [00:05<00:26, 26.68it/s][A

 18%|█▊        | 156/854 [00:05<00:26, 26.58it/s][A

 19%|█▊        | 159/854 [00:06<00:26, 26.60it/s][A

 19%|█▉        | 162/854 [00:06<00:25, 26.67it/s][A

 19%|█▉        | 165/854 [00:06<00:25, 26.80it/s][A

 20%|█▉        | 168/854 [00:06<00:25, 26.81it/s][A

 20%|██        | 171/854 [00:06<00:26, 26.00it/s][A

 20%|██        | 174/854 [00:06<00:25, 26.31it/s][A

 21%|██        | 177/854 [00:06<00:25, 26.45it/s][A

 21%|██        | 180/854 [00:06<00:25, 26.56it/s][A

 21%|██▏       | 183/854 [00:06<00:25, 26.64it/s][A

 22%|██▏       | 186/854 [00:07<00:25, 26.71it/s][A

 22%|██▏       | 189/854 [00:07<00:25, 26.56it/s][A

 22%|██▏       | 192/854 [00:07<00:24, 26.56it/s][A

 23%|██▎       | 195/854 [00:07<00:24, 26.53it/s][A

 23%|██▎       | 198/854 [00:07<00:24, 26.55it/s][A

 24%|██▎       | 201/854 [00:07<00:24, 26.74it/s][A

 24%|██▍       | 204/854 [00:07<00:25, 25.92it/s][A

 24%|██▍       | 207/854 [00:07<00:25, 25.48it/s][A

 25%|██▍       | 210/854 [00:07<00:24, 25.78it/s][A

 25%|██▍       | 213/854 [00:08<00:24, 26.02it/s][A

 25%|██▌       | 216/854 [00:08<00:24, 26.26it/s][A

 26%|██▌       | 219/854 [00:08<00:23, 26.52it/s][A

 26%|██▌       | 222/854 [00:08<00:23, 26.60it/s][A

 26%|██▋       | 225/854 [00:08<00:23, 26.63it/s][A

 27%|██▋       | 228/854 [00:08<00:23, 26.68it/s][A

 27%|██▋       | 231/854 [00:08<00:23, 26.69it/s][A

 27%|██▋       | 234/854 [00:08<00:23, 26.62it/s][A

 28%|██▊       | 237/854 [00:08<00:23, 26.54it/s][A

 28%|██▊       | 240/854 [00:09<00:23, 25.90it/s][A

 28%|██▊       | 243/854 [00:09<00:23, 26.09it/s][A

 29%|██▉       | 246/854 [00:09<00:23, 26.30it/s][A

 29%|██▉       | 249/854 [00:09<00:22, 26.59it/s][A

 30%|██▉       | 252/854 [00:09<00:22, 26.64it/s][A

 30%|██▉       | 255/854 [00:09<00:22, 26.70it/s][A

 30%|███       | 258/854 [00:09<00:22, 26.60it/s][A

 31%|███       | 261/854 [00:09<00:22, 26.62it/s][A

 31%|███       | 264/854 [00:09<00:22, 26.62it/s][A

 31%|███▏      | 267/854 [00:10<00:21, 26.78it/s][A

 32%|███▏      | 270/854 [00:10<00:21, 26.69it/s][A

 32%|███▏      | 273/854 [00:10<00:22, 26.10it/s][A

 32%|███▏      | 276/854 [00:10<00:22, 25.61it/s][A

 33%|███▎      | 279/854 [00:10<00:22, 25.91it/s][A

 33%|███▎      | 282/854 [00:10<00:21, 26.24it/s][A

 33%|███▎      | 285/854 [00:10<00:21, 26.56it/s][A

 34%|███▎      | 288/854 [00:10<00:21, 26.63it/s][A

 34%|███▍      | 291/854 [00:10<00:21, 26.68it/s][A

 34%|███▍      | 294/854 [00:11<00:21, 26.49it/s][A

 35%|███▍      | 297/854 [00:11<00:21, 26.52it/s][A

 35%|███▌      | 300/854 [00:11<00:20, 26.53it/s][A

 35%|███▌      | 303/854 [00:11<00:20, 26.71it/s][A

 36%|███▌      | 306/854 [00:11<00:20, 26.76it/s][A

 36%|███▌      | 309/854 [00:11<00:21, 25.94it/s][A

 37%|███▋      | 312/854 [00:11<00:20, 26.28it/s][A

 37%|███▋      | 315/854 [00:11<00:20, 26.61it/s][A

 37%|███▋      | 318/854 [00:12<00:20, 26.59it/s][A

 38%|███▊      | 321/854 [00:12<00:19, 26.67it/s][A

 38%|███▊      | 324/854 [00:12<00:19, 26.85it/s][A

 38%|███▊      | 327/854 [00:12<00:19, 26.98it/s][A

 39%|███▊      | 330/854 [00:12<00:19, 26.82it/s][A

 39%|███▉      | 333/854 [00:12<00:19, 26.92it/s][A

 39%|███▉      | 336/854 [00:12<00:19, 26.92it/s][A

 40%|███▉      | 339/854 [00:12<00:19, 26.90it/s][A

 40%|████      | 342/854 [00:12<00:19, 26.31it/s][A

 40%|████      | 345/854 [00:13<00:19, 26.33it/s][A

 41%|████      | 348/854 [00:13<00:19, 26.46it/s][A

 41%|████      | 351/854 [00:13<00:19, 26.47it/s][A

 41%|████▏     | 354/854 [00:13<00:18, 26.57it/s][A

 42%|████▏     | 357/854 [00:13<00:18, 26.64it/s][A

 42%|████▏     | 360/854 [00:13<00:18, 26.39it/s][A

 43%|████▎     | 363/854 [00:13<00:18, 26.32it/s][A

 43%|████▎     | 366/854 [00:13<00:18, 26.39it/s][A

 43%|████▎     | 369/854 [00:13<00:18, 26.35it/s][A

 44%|████▎     | 372/854 [00:14<00:18, 26.33it/s][A

 44%|████▍     | 375/854 [00:14<00:18, 26.46it/s][A

 44%|████▍     | 378/854 [00:14<00:18, 25.74it/s][A

 45%|████▍     | 381/854 [00:14<00:18, 26.08it/s][A

 45%|████▍     | 384/854 [00:14<00:17, 26.21it/s][A

 45%|████▌     | 387/854 [00:14<00:17, 26.41it/s][A

 46%|████▌     | 390/854 [00:14<00:17, 26.53it/s][A

 46%|████▌     | 393/854 [00:14<00:17, 26.76it/s][A

 46%|████▋     | 396/854 [00:14<00:17, 26.65it/s][A

 47%|████▋     | 399/854 [00:15<00:17, 26.50it/s][A

 47%|████▋     | 402/854 [00:15<00:17, 26.46it/s][A

 47%|████▋     | 405/854 [00:15<00:16, 26.60it/s][A

 48%|████▊     | 408/854 [00:15<00:16, 26.57it/s][A

 48%|████▊     | 411/854 [00:15<00:17, 25.91it/s][A

 48%|████▊     | 414/854 [00:15<00:16, 26.17it/s][A

 49%|████▉     | 417/854 [00:15<00:16, 26.31it/s][A

 49%|████▉     | 420/854 [00:15<00:16, 26.36it/s][A

 50%|████▉     | 423/854 [00:15<00:16, 26.56it/s][A

 50%|████▉     | 426/854 [00:16<00:16, 26.42it/s][A

 50%|█████     | 429/854 [00:16<00:16, 26.45it/s][A

 51%|█████     | 432/854 [00:16<00:15, 26.63it/s][A

 51%|█████     | 435/854 [00:16<00:15, 26.71it/s][A

 51%|█████▏    | 438/854 [00:16<00:15, 26.66it/s][A

 52%|█████▏    | 441/854 [00:16<00:15, 26.81it/s][A

 52%|█████▏    | 444/854 [00:16<00:15, 26.83it/s][A

 52%|█████▏    | 447/854 [00:16<00:15, 26.17it/s][A

 53%|█████▎    | 450/854 [00:17<00:15, 26.24it/s][A

 53%|█████▎    | 453/854 [00:17<00:15, 26.15it/s][A

 53%|█████▎    | 456/854 [00:17<00:15, 26.28it/s][A

 54%|█████▎    | 459/854 [00:17<00:14, 26.36it/s][A

 54%|█████▍    | 462/854 [00:17<00:14, 26.49it/s][A

 54%|█████▍    | 465/854 [00:17<00:14, 26.45it/s][A

 55%|█████▍    | 468/854 [00:17<00:14, 26.61it/s][A

 55%|█████▌    | 471/854 [00:17<00:14, 26.79it/s][A

 56%|█████▌    | 474/854 [00:17<00:14, 26.88it/s][A

 56%|█████▌    | 477/854 [00:18<00:14, 26.81it/s][A

 56%|█████▌    | 480/854 [00:18<00:14, 26.09it/s][A

 57%|█████▋    | 483/854 [00:18<00:14, 26.38it/s][A

 57%|█████▋    | 486/854 [00:18<00:13, 26.47it/s][A

 57%|█████▋    | 489/854 [00:18<00:13, 26.54it/s][A

 58%|█████▊    | 492/854 [00:18<00:13, 26.78it/s][A

 58%|█████▊    | 495/854 [00:18<00:13, 26.86it/s][A

 58%|█████▊    | 498/854 [00:18<00:13, 26.92it/s][A

 59%|█████▊    | 501/854 [00:18<00:13, 26.98it/s][A

 59%|█████▉    | 504/854 [00:19<00:13, 26.71it/s][A

 59%|█████▉    | 507/854 [00:19<00:12, 26.74it/s][A

 60%|█████▉    | 510/854 [00:19<00:12, 26.77it/s][A

 60%|██████    | 513/854 [00:19<00:12, 26.80it/s][A

 60%|██████    | 516/854 [00:19<00:12, 26.26it/s][A

 61%|██████    | 519/854 [00:19<00:12, 26.36it/s][A

 61%|██████    | 522/854 [00:19<00:12, 26.45it/s][A

 61%|██████▏   | 525/854 [00:19<00:12, 26.58it/s][A

 62%|██████▏   | 528/854 [00:19<00:12, 26.60it/s][A

 62%|██████▏   | 531/854 [00:20<00:12, 26.57it/s][A

 63%|██████▎   | 534/854 [00:20<00:11, 26.72it/s][A

 63%|██████▎   | 537/854 [00:20<00:11, 26.82it/s][A

 63%|██████▎   | 540/854 [00:20<00:11, 26.90it/s][A

 64%|██████▎   | 543/854 [00:20<00:11, 27.04it/s][A

 64%|██████▍   | 546/854 [00:20<00:11, 26.98it/s][A

 64%|██████▍   | 549/854 [00:20<00:11, 26.21it/s][A

 65%|██████▍   | 552/854 [00:20<00:11, 26.47it/s][A

 65%|██████▍   | 555/854 [00:20<00:11, 26.76it/s][A

 65%|██████▌   | 558/854 [00:21<00:11, 26.76it/s][A

 66%|██████▌   | 561/854 [00:21<00:10, 26.75it/s][A

 66%|██████▌   | 564/854 [00:21<00:10, 26.76it/s][A

 66%|██████▋   | 567/854 [00:21<00:10, 26.93it/s][A

 67%|██████▋   | 570/854 [00:21<00:10, 27.05it/s][A

 67%|██████▋   | 573/854 [00:21<00:10, 26.92it/s][A

 67%|██████▋   | 576/854 [00:21<00:10, 26.89it/s][A

 68%|██████▊   | 579/854 [00:21<00:10, 26.74it/s][A

 68%|██████▊   | 582/854 [00:21<00:10, 26.70it/s][A

 69%|██████▊   | 585/854 [00:22<00:10, 25.85it/s][A

 69%|██████▉   | 588/854 [00:22<00:10, 25.52it/s][A

 69%|██████▉   | 591/854 [00:22<00:10, 25.82it/s][A

 70%|██████▉   | 594/854 [00:22<00:09, 26.34it/s][A

 70%|██████▉   | 597/854 [00:22<00:09, 26.62it/s][A

 70%|███████   | 600/854 [00:22<00:09, 26.74it/s][A

 71%|███████   | 603/854 [00:22<00:09, 26.86it/s][A

 71%|███████   | 606/854 [00:22<00:09, 26.86it/s][A

 71%|███████▏  | 609/854 [00:22<00:09, 26.90it/s][A

 72%|███████▏  | 612/854 [00:23<00:09, 26.69it/s][A

 72%|███████▏  | 615/854 [00:23<00:08, 26.76it/s][A

 72%|███████▏  | 618/854 [00:23<00:08, 26.69it/s][A

 73%|███████▎  | 621/854 [00:23<00:08, 26.07it/s][A

 73%|███████▎  | 624/854 [00:23<00:08, 25.77it/s][A

 73%|███████▎  | 627/854 [00:23<00:08, 26.09it/s][A

 74%|███████▍  | 630/854 [00:23<00:08, 26.43it/s][A

 74%|███████▍  | 633/854 [00:23<00:08, 26.61it/s][A

 74%|███████▍  | 636/854 [00:23<00:08, 26.61it/s][A

 75%|███████▍  | 639/854 [00:24<00:08, 26.70it/s][A

 75%|███████▌  | 642/854 [00:24<00:07, 26.84it/s][A

 76%|███████▌  | 645/854 [00:24<00:07, 26.76it/s][A

 76%|███████▌  | 648/854 [00:24<00:07, 27.02it/s][A

 76%|███████▌  | 651/854 [00:24<00:07, 27.02it/s][A

 77%|███████▋  | 654/854 [00:24<00:07, 26.96it/s][A

 77%|███████▋  | 657/854 [00:24<00:07, 26.09it/s][A

 77%|███████▋  | 660/854 [00:24<00:07, 26.23it/s][A

 78%|███████▊  | 663/854 [00:25<00:07, 26.34it/s][A

 78%|███████▊  | 666/854 [00:25<00:07, 26.47it/s][A

 78%|███████▊  | 669/854 [00:25<00:06, 26.45it/s][A

 79%|███████▊  | 672/854 [00:25<00:06, 26.43it/s][A

 79%|███████▉  | 675/854 [00:25<00:06, 26.28it/s][A

 79%|███████▉  | 678/854 [00:25<00:06, 26.33it/s][A

 80%|███████▉  | 681/854 [00:25<00:06, 26.53it/s][A

 80%|████████  | 684/854 [00:25<00:06, 26.70it/s][A

 80%|████████  | 687/854 [00:25<00:06, 26.76it/s][A

 81%|████████  | 690/854 [00:26<00:06, 26.27it/s][A

 81%|████████  | 693/854 [00:26<00:06, 25.67it/s][A

 81%|████████▏ | 696/854 [00:26<00:06, 26.00it/s][A

 82%|████████▏ | 699/854 [00:26<00:05, 26.20it/s][A

 82%|████████▏ | 702/854 [00:26<00:05, 26.42it/s][A

 83%|████████▎ | 705/854 [00:26<00:05, 26.55it/s][A

 83%|████████▎ | 708/854 [00:26<00:05, 26.65it/s][A

 83%|████████▎ | 711/854 [00:26<00:05, 26.60it/s][A

 84%|████████▎ | 714/854 [00:26<00:05, 26.74it/s][A

 84%|████████▍ | 717/854 [00:27<00:05, 26.74it/s][A

 84%|████████▍ | 720/854 [00:27<00:05, 26.67it/s][A

 85%|████████▍ | 723/854 [00:27<00:04, 26.73it/s][A

 85%|████████▌ | 726/854 [00:27<00:04, 26.14it/s][A

 85%|████████▌ | 729/854 [00:27<00:04, 26.29it/s][A

 86%|████████▌ | 732/854 [00:27<00:04, 26.56it/s][A

 86%|████████▌ | 735/854 [00:27<00:04, 26.63it/s][A

 86%|████████▋ | 738/854 [00:27<00:04, 26.75it/s][A

 87%|████████▋ | 741/854 [00:27<00:04, 26.89it/s][A

 87%|████████▋ | 744/854 [00:28<00:04, 26.74it/s][A

 87%|████████▋ | 747/854 [00:28<00:04, 26.68it/s][A

 88%|████████▊ | 750/854 [00:28<00:03, 26.71it/s][A

 88%|████████▊ | 753/854 [00:28<00:03, 26.79it/s][A

 89%|████████▊ | 756/854 [00:28<00:03, 26.73it/s][A

 89%|████████▉ | 759/854 [00:28<00:03, 25.95it/s][A

 89%|████████▉ | 762/854 [00:28<00:03, 25.51it/s][A

 90%|████████▉ | 765/854 [00:28<00:03, 25.95it/s][A

 90%|████████▉ | 768/854 [00:28<00:03, 26.36it/s][A

 90%|█████████ | 771/854 [00:29<00:03, 26.34it/s][A

 91%|█████████ | 774/854 [00:29<00:03, 26.40it/s][A

 91%|█████████ | 777/854 [00:29<00:02, 26.36it/s][A

 91%|█████████▏| 780/854 [00:29<00:02, 26.53it/s][A

 92%|█████████▏| 783/854 [00:29<00:02, 26.43it/s][A

 92%|█████████▏| 786/854 [00:29<00:02, 26.56it/s][A

 92%|█████████▏| 789/854 [00:29<00:02, 26.67it/s][A

 93%|█████████▎| 792/854 [00:29<00:02, 26.69it/s][A

 93%|█████████▎| 795/854 [00:30<00:02, 26.19it/s][A

 93%|█████████▎| 798/854 [00:30<00:02, 26.14it/s][A

 94%|█████████▍| 801/854 [00:30<00:02, 26.28it/s][A

 94%|█████████▍| 804/854 [00:30<00:01, 26.53it/s][A

 94%|█████████▍| 807/854 [00:30<00:01, 26.62it/s][A

 95%|█████████▍| 810/854 [00:30<00:01, 26.89it/s][A

 95%|█████████▌| 813/854 [00:30<00:01, 26.86it/s][A

 96%|█████████▌| 816/854 [00:30<00:01, 26.78it/s][A

 96%|█████████▌| 819/854 [00:30<00:01, 26.66it/s][A

 96%|█████████▋| 822/854 [00:31<00:01, 26.63it/s][A

 97%|█████████▋| 825/854 [00:31<00:01, 26.67it/s][A

 97%|█████████▋| 828/854 [00:31<00:00, 26.71it/s][A

 97%|█████████▋| 831/854 [00:31<00:00, 25.89it/s][A

 98%|█████████▊| 834/854 [00:31<00:00, 26.15it/s][A

 98%|█████████▊| 837/854 [00:31<00:00, 26.30it/s][A

 98%|█████████▊| 840/854 [00:31<00:00, 26.53it/s][A

 99%|█████████▊| 843/854 [00:31<00:00, 26.55it/s][A

 99%|█████████▉| 846/854 [00:31<00:00, 26.64it/s][A

 99%|█████████▉| 849/854 [00:32<00:00, 26.78it/s][A

100%|█████████▉| 852/854 [00:32<00:00, 26.64it/s][A
100%|██████████| 854/854 [00:32<00:00, 26.51it/s]
2026-04-17 00:46:53,988 - INFO - There are 0 training samples and 256 validation samples


  0%|          | 0/256 [00:00<?, ?it/s][A2026-04-17 00:46:53,989 - INFO - ========= Example =========
2026-04-17 00:46:53,989 - INFO - Candidate: [0, 1, 2, 3, 4]
2026-04-17 00:46:53,989 - INFO - Correct candidate: 2
2026-04-17 00:46:53,997 - INFO - === Candidate 0 ===
2026-04-17 00:46:53,997 - INFO - <s>and how. It was terrible
2026-04-17 00:46:53,997 - INFO - Log probabilities of the option tokens: tensor([nan], dtype=torch.float16)
2026-04-17 00:46:54,004 - INFO - === Candidate 1 (without context)===
2026-04-17 00:46:54,004 - INFO - <s>and how. It was bad
2026-04-17 00:46:54,005 - INFO - Log probabilities of the option tokens: tensor([nan], dtype=torch.float16)
2026-04-17 00:46:54,012 - INFO - === Candidate 2 (without context)===
2026-04-17 00:46:54,012 - INFO - <s>and how. It was okay
2026-04-17 00:46:54,012 - INFO - Log probabilities of the option tokens: tensor([nan], dtype=torch.float16)
2026-04-17 00:46:54,019 - INFO - === Candidate 3 (without context)===
2026-04-17 00:46:54,020 - INFO - <s>and how. It was good
2026-04-17 00:46:54,020 - INFO - Log probabilities of the option tokens: tensor([nan], dtype=torch.float16)
2026-04-17 00:46:54,027 - INFO - === Candidate 4 (without context)===
2026-04-17 00:46:54,027 - INFO - <s>and how. It was great
2026-04-17 00:46:54,027 - INFO - Log probabilities of the option tokens: tensor([nan], dtype=torch.float16)
2026-04-17 00:46:54,027 - INFO - Prediction scores: [nan, nan, nan, nan, nan]
2026-04-17 00:46:54,027 - INFO - ========= Example =========
2026-04-17 00:46:54,027 - INFO - Candidate: [0, 1, 2, 3, 4]
2026-04-17 00:46:54,027 - INFO - Correct candidate: 2
2026-04-17 00:46:54,036 - INFO - === Candidate 0 ===
2026-04-17 00:46:54,037 - INFO - <s>davis the performer is plenty fetching enough, but she needs to shake up the mix, and work in something that doesn't feel like a half-baked stand-up routine. It was terrible
2026-04-17 00:46:54,037 - INFO - Log probabilities of the option tokens: tensor([nan], dtype=torch.float16)
2026-04-17 00:46:54,044 - INFO - === Candidate 1 (without context)===
2026-04-17 00:46:54,045 - INFO - <s>davis the performer is plenty fetching enough, but she needs to shake up the mix, and work in something that doesn't feel like a half-baked stand-up routine. It was bad
2026-04-17 00:46:54,045 - INFO - Log probabilities of the option tokens: tensor([nan], dtype=torch.float16)
2026-04-17 00:46:54,052 - INFO - === Candidate 2 (without context)===
2026-04-17 00:46:54,053 - INFO - <s>davis the performer is plenty fetching enough, but she needs to shake up the mix, and work in something that doesn't feel like a half-baked stand-up routine. It was okay
2026-04-17 00:46:54,053 - INFO - Log probabilities of the option tokens: tensor([nan], dtype=torch.float16)
2026-04-17 00:46:54,060 - INFO - === Candidate 3 (without context)===
2026-04-17 00:46:54,060 - INFO - <s>davis the performer is plenty fetching enough, but she needs to shake up the mix, and work in something that doesn't feel like a half-baked stand-up routine. It was good
2026-04-17 00:46:54,061 - INFO - Log probabilities of the option tokens: tensor([nan], dtype=torch.float16)
2026-04-17 00:46:54,068 - INFO - === Candidate 4 (without context)===
2026-04-17 00:46:54,068 - INFO - <s>davis the performer is plenty fetching enough, but she needs to shake up the mix, and work in something that doesn't feel like a half-baked stand-up routine. It was great
2026-04-17 00:46:54,069 - INFO - Log probabilities of the option tokens: tensor([nan], dtype=torch.float16)
2026-04-17 00:46:54,069 - INFO - Prediction scores: [nan, nan, nan, nan, nan]
2026-04-17 00:46:54,069 - INFO - ========= Example =========
2026-04-17 00:46:54,069 - INFO - Candidate: [0, 1, 2, 3, 4]
2026-04-17 00:46:54,069 - INFO - Correct candidate: 3
2026-04-17 00:46:54,077 - INFO - === Candidate 0 ===
2026-04-17 00:46:54,077 - INFO - <s>the mood, look and tone of the film fit the incredible storyline to a t. It was terrible
2026-04-17 00:46:54,077 - INFO - Log probabilities of the option tokens: tensor([nan], dtype=torch.float16)
2026-04-17 00:46:54,085 - INFO - === Candidate 1 (without context)===
2026-04-17 00:46:54,085 - INFO - <s>the mood, look and tone of the film fit the incredible storyline to a t. It was bad
2026-04-17 00:46:54,085 - INFO - Log probabilities of the option tokens: tensor([nan], dtype=torch.float16)
2026-04-17 00:46:54,093 - INFO - === Candidate 2 (without context)===
2026-04-17 00:46:54,093 - INFO - <s>the mood, look and tone of the film fit the incredible storyline to a t. It was okay
2026-04-17 00:46:54,093 - INFO - Log probabilities of the option tokens: tensor([nan], dtype=torch.float16)
2026-04-17 00:46:54,100 - INFO - === Candidate 3 (without context)===
2026-04-17 00:46:54,101 - INFO - <s>the mood, look and tone of the film fit the incredible storyline to a t. It was good
2026-04-17 00:46:54,101 - INFO - Log probabilities of the option tokens: tensor([nan], dtype=torch.float16)
2026-04-17 00:46:54,108 - INFO - === Candidate 4 (without context)===
2026-04-17 00:46:54,108 - INFO - <s>the mood, look and tone of the film fit the incredible storyline to a t. It was great
2026-04-17 00:46:54,108 - INFO - Log probabilities of the option tokens: tensor([nan], dtype=torch.float16)
2026-04-17 00:46:54,109 - INFO - Prediction scores: [nan, nan, nan, nan, nan]


  1%|          | 3/256 [00:00<00:10, 25.02it/s][A

  2%|▏         | 6/256 [00:00<00:09, 25.80it/s][A

  4%|▎         | 9/256 [00:00<00:09, 26.12it/s][A

  5%|▍         | 12/256 [00:00<00:09, 25.61it/s][A

  6%|▌         | 15/256 [00:00<00:09, 25.85it/s][A

  7%|▋         | 18/256 [00:00<00:09, 26.15it/s][A

  8%|▊         | 21/256 [00:00<00:08, 26.35it/s][A

  9%|▉         | 24/256 [00:00<00:08, 26.32it/s][A

 11%|█         | 27/256 [00:01<00:08, 26.49it/s][A

 12%|█▏        | 30/256 [00:01<00:08, 26.34it/s][A

 13%|█▎        | 33/256 [00:01<00:08, 26.42it/s][A

 14%|█▍        | 36/256 [00:01<00:08, 26.61it/s][A

 15%|█▌        | 39/256 [00:01<00:08, 26.64it/s][A

 16%|█▋        | 42/256 [00:01<00:08, 26.70it/s][A

 18%|█▊        | 45/256 [00:01<00:08, 26.14it/s][A

 19%|█▉        | 48/256 [00:01<00:07, 26.32it/s][A

 20%|█▉        | 51/256 [00:01<00:07, 26.39it/s][A

 21%|██        | 54/256 [00:02<00:07, 26.54it/s][A

 22%|██▏       | 57/256 [00:02<00:07, 26.61it/s][A

 23%|██▎       | 60/256 [00:02<00:07, 26.51it/s][A

 25%|██▍       | 63/256 [00:02<00:07, 26.78it/s][A

 26%|██▌       | 66/256 [00:02<00:07, 26.81it/s][A

 27%|██▋       | 69/256 [00:02<00:06, 26.76it/s][A

 28%|██▊       | 72/256 [00:02<00:06, 26.88it/s][A

 29%|██▉       | 75/256 [00:02<00:06, 26.86it/s][A

 30%|███       | 78/256 [00:02<00:06, 26.83it/s][A

 32%|███▏      | 81/256 [00:03<00:06, 26.08it/s][A

 33%|███▎      | 84/256 [00:03<00:06, 26.40it/s][A

 34%|███▍      | 87/256 [00:03<00:06, 26.61it/s][A

 35%|███▌      | 90/256 [00:03<00:06, 26.82it/s][A

 36%|███▋      | 93/256 [00:03<00:06, 26.90it/s][A

 38%|███▊      | 96/256 [00:03<00:05, 26.88it/s][A

 39%|███▊      | 99/256 [00:03<00:05, 26.82it/s][A

 40%|███▉      | 102/256 [00:03<00:05, 26.75it/s][A

 41%|████      | 105/256 [00:03<00:05, 26.68it/s][A

 42%|████▏     | 108/256 [00:04<00:05, 26.64it/s][A

 43%|████▎     | 111/256 [00:04<00:05, 26.79it/s][A

 45%|████▍     | 114/256 [00:04<00:05, 26.21it/s][A

 46%|████▌     | 117/256 [00:04<00:05, 26.34it/s][A

 47%|████▋     | 120/256 [00:04<00:05, 26.44it/s][A

 48%|████▊     | 123/256 [00:04<00:05, 26.52it/s][A

 49%|████▉     | 126/256 [00:04<00:04, 26.42it/s][A

 50%|█████     | 129/256 [00:04<00:04, 26.45it/s][A

 52%|█████▏    | 132/256 [00:04<00:04, 26.46it/s][A

 53%|█████▎    | 135/256 [00:05<00:04, 26.44it/s][A

 54%|█████▍    | 138/256 [00:05<00:04, 26.69it/s][A

 55%|█████▌    | 141/256 [00:05<00:04, 26.64it/s][A

 56%|█████▋    | 144/256 [00:05<00:04, 26.54it/s][A

 57%|█████▋    | 147/256 [00:05<00:04, 26.54it/s][A

 59%|█████▊    | 150/256 [00:05<00:04, 26.00it/s][A

 60%|█████▉    | 153/256 [00:05<00:04, 25.48it/s][A

 61%|██████    | 156/256 [00:05<00:03, 25.78it/s][A

 62%|██████▏   | 159/256 [00:06<00:03, 26.06it/s][A

 63%|██████▎   | 162/256 [00:06<00:03, 26.35it/s][A

 64%|██████▍   | 165/256 [00:06<00:03, 26.41it/s][A

 66%|██████▌   | 168/256 [00:06<00:03, 26.51it/s][A

 67%|██████▋   | 171/256 [00:06<00:03, 26.55it/s][A

 68%|██████▊   | 174/256 [00:06<00:03, 26.55it/s][A

 69%|██████▉   | 177/256 [00:06<00:02, 26.49it/s][A

 70%|███████   | 180/256 [00:06<00:02, 26.42it/s][A

 71%|███████▏  | 183/256 [00:06<00:02, 25.85it/s][A

 73%|███████▎  | 186/256 [00:07<00:02, 25.52it/s][A

 74%|███████▍  | 189/256 [00:07<00:02, 25.94it/s][A

 75%|███████▌  | 192/256 [00:07<00:02, 26.21it/s][A

 76%|███████▌  | 195/256 [00:07<00:02, 26.45it/s][A

 77%|███████▋  | 198/256 [00:07<00:02, 26.44it/s][A

 79%|███████▊  | 201/256 [00:07<00:02, 26.60it/s][A

 80%|███████▉  | 204/256 [00:07<00:01, 26.66it/s][A

 81%|████████  | 207/256 [00:07<00:01, 26.64it/s][A

 82%|████████▏ | 210/256 [00:07<00:01, 26.72it/s][A

 83%|████████▎ | 213/256 [00:08<00:01, 26.81it/s][A

 84%|████████▍ | 216/256 [00:08<00:01, 26.83it/s][A

 86%|████████▌ | 219/256 [00:08<00:01, 25.42it/s][A

 87%|████████▋ | 222/256 [00:08<00:01, 25.64it/s][A

 88%|████████▊ | 225/256 [00:08<00:01, 26.10it/s][A

 89%|████████▉ | 228/256 [00:08<00:01, 26.18it/s][A

 90%|█████████ | 231/256 [00:08<00:00, 26.29it/s][A

 91%|█████████▏| 234/256 [00:08<00:00, 26.52it/s][A

 93%|█████████▎| 237/256 [00:08<00:00, 26.68it/s][A

 94%|█████████▍| 240/256 [00:09<00:00, 26.53it/s][A

 95%|█████████▍| 243/256 [00:09<00:00, 26.63it/s][A

 96%|█████████▌| 246/256 [00:09<00:00, 26.61it/s][A

 97%|█████████▋| 249/256 [00:09<00:00, 26.59it/s][A

 98%|█████████▊| 252/256 [00:09<00:00, 26.59it/s][A

100%|█████████▉| 255/256 [00:09<00:00, 25.87it/s][A
100%|██████████| 256/256 [00:09<00:00, 26.38it/s]
2026-04-17 00:47:07,529 - INFO - [sparse-mezo] global_step=2000 active_fraction=0.000000 active_params=0/1315758080 configured_ratio=0.250000 mask_strategy=percentile_per_layer scope=trainable_only
2026-04-17 00:47:11,108 - WARNING - [zo_probe] step=2000: no finite probe pairs; skipping row.

 83%|████████▎ | 2001/2405 [2:18:14<2:04:10, 18.44s/it]2026-04-17 00:47:15,096 - INFO - [sparse-mezo] global_step=2001 active_fraction=0.000000 active_params=0/1315758080 configured_ratio=0.250000 mask_strategy=percentile_per_layer scope=trainable_only

 83%|████████▎ | 2002/2405 [2:18:18<1:34:44, 14.10s/it]2026-04-17 00:47:19,085 - INFO - [sparse-mezo] global_step=2002 active_fraction=0.000000 active_params=0/1315758080 configured_ratio=0.250000 mask_strategy=percentile_per_layer scope=trainable_only

 83%|████████▎ | 2003/2405 [2:18:22<1:14:12, 11.08s/it]2026-04-17 00:47:23,093 - INFO - [sparse-mezo] global_step=2003 active_fraction=0.000000 active_params=0/1315758080 configured_ratio=0.250000 mask_strategy=percentile_per_layer scope=trainable_only

 83%|████████▎ | 2004/2405 [2:18:26<59:51,  8.96s/it]  2026-04-17 00:47:27,125 - INFO - [sparse-mezo] global_step=2004 active_fraction=0.000000 active_params=0/1315758080 configured_ratio=0.250000 mask_strategy=percentile_per_layer scope=trainable_only

 83%|████████▎ | 2005/2405 [2:18:30<49:51,  7.48s/it]2026-04-17 00:47:31,134 - INFO - [sparse-mezo] global_step=2005 active_fraction=0.000000 active_params=0/1315758080 configured_ratio=0.250000 mask_strategy=percentile_per_layer scope=trainable_only

 83%|████████▎ | 2006/2405 [2:18:34<42:47,  6.44s/it]2026-04-17 00:47:35,135 - INFO - [sparse-mezo] global_step=2006 active_fraction=0.000000 active_params=0/1315758080 configured_ratio=0.250000 mask_strategy=percentile_per_layer scope=trainable_only

 83%|████████▎ | 2007/2405 [2:18:38<37:50,  5.70s/it]2026-04-17 00:47:39,149 - INFO - [sparse-mezo] global_step=2007 active_fraction=0.000000 active_params=0/1315758080 configured_ratio=0.250000 mask_strategy=percentile_per_layer scope=trainable_only

 83%|████████▎ | 2008/2405 [2:18:42<34:22,  5.19s/it]2026-04-17 00:47:43,139 - INFO - [sparse-mezo] global_step=2008 active_fraction=0.000000 active_params=0/1315758080 configured_ratio=0.250000 mask_strategy=percentile_per_layer scope=trainable_only

 84%|████████▎ | 2009/2405 [2:18:46<31:54,  4.83s/it]2026-04-17 00:47:47,149 - INFO - [sparse-mezo] global_step=2009 active_fraction=0.000000 active_params=0/1315758080 configured_ratio=0.250000 mask_strategy=percentile_per_layer scope=trainable_only

 84%|████████▎ | 2010/2405 [2:18:50<30:12,  4.59s/it]2026-04-17 00:47:51,166 - INFO - [sparse-mezo] global_step=2010 active_fraction=0.000000 active_params=0/1315758080 configured_ratio=0.250000 mask_strategy=percentile_per_layer scope=trainable_only

 84%|████████▎ | 2011/2405 [2:18:54<28:58,  4.41s/it]2026-04-17 00:47:55,152 - INFO - [sparse-mezo] global_step=2011 active_fraction=0.000000 active_params=0/1315758080 configured_ratio=0.250000 mask_strategy=percentile_per_layer scope=trainable_only

 84%|████████▎ | 2012/2405 [2:18:58<28:05,  4.29s/it]2026-04-17 00:47:59,169 - INFO - [sparse-mezo] global_step=2012 active_fraction=0.000000 active_params=0/1315758080 configured_ratio=0.250000 mask_strategy=percentile_per_layer scope=trainable_only

 84%|████████▎ | 2013/2405 [2:19:02<27:27,  4.20s/it]2026-04-17 00:48:03,170 - INFO - [sparse-mezo] global_step=2013 active_fraction=0.000000 active_params=0/1315758080 configured_ratio=0.250000 mask_strategy=percentile_per_layer scope=trainable_only

 84%|████████▎ | 2014/2405 [2:19:06<27:01,  4.15s/it]2026-04-17 00:48:07,168 - INFO - [sparse-mezo] global_step=2014 active_fraction=0.000000 active_params=0/1315758080 configured_ratio=0.250000 mask_strategy=percentile_per_layer scope=trainable_only

 84%|████████▍ | 2015/2405 [2:19:10<26:38,  4.10s/it]2026-04-17 00:48:11,151 - INFO - [sparse-mezo] global_step=2015 active_fraction=0.000000 active_params=0/1315758080 configured_ratio=0.250000 mask_strategy=percentile_per_layer scope=trainable_only

 84%|████████▍ | 2016/2405 [2:19:14<26:20,  4.06s/it]2026-04-17 00:48:15,154 - INFO - [sparse-mezo] global_step=2016 active_fraction=0.000000 active_params=0/1315758080 configured_ratio=0.250000 mask_strategy=percentile_per_layer scope=trainable_only

 84%|████████▍ | 2017/2405 [2:19:18<26:12,  4.05s/it]2026-04-17 00:48:19,177 - INFO - [sparse-mezo] global_step=2017 active_fraction=0.000000 active_params=0/1315758080 configured_ratio=0.250000 mask_strategy=percentile_per_layer scope=trainable_only

 84%|████████▍ | 2018/2405 [2:19:22<26:02,  4.04s/it]2026-04-17 00:48:23,167 - INFO - [sparse-mezo] global_step=2018 active_fraction=0.000000 active_params=0/1315758080 configured_ratio=0.250000 mask_strategy=percentile_per_layer scope=trainable_only

 84%|████████▍ | 2019/2405 [2:19:26<25:52,  4.02s/it]2026-04-17 00:48:27,151 - INFO - [sparse-mezo] global_step=2019 active_fraction=0.000000 active_params=0/1315758080 configured_ratio=0.250000 mask_strategy=percentile_per_layer scope=trainable_only

 84%|████████▍ | 2020/2405 [2:19:30<25:47,  4.02s/it]2026-04-17 00:48:31,183 - INFO - [sparse-mezo] global_step=2020 active_fraction=0.000000 active_params=0/1315758080 configured_ratio=0.250000 mask_strategy=percentile_per_layer scope=trainable_only

 84%|████████▍ | 2021/2405 [2:19:34<25:43,  4.02s/it]2026-04-17 00:48:35,197 - INFO - [sparse-mezo] global_step=2021 active_fraction=0.000000 active_params=0/1315758080 configured_ratio=0.250000 mask_strategy=percentile_per_layer scope=trainable_only

 84%|████████▍ | 2022/2405 [2:19:38<25:37,  4.01s/it]2026-04-17 00:48:39,204 - INFO - [sparse-mezo] global_step=2022 active_fraction=0.000000 active_params=0/1315758080 configured_ratio=0.250000 mask_strategy=percentile_per_layer scope=trainable_only

 84%|████████▍ | 2023/2405 [2:19:42<25:32,  4.01s/it]2026-04-17 00:48:43,209 - INFO - [sparse-mezo] global_step=2023 active_fraction=0.000000 active_params=0/1315758080 configured_ratio=0.250000 mask_strategy=percentile_per_layer scope=trainable_only

 84%|████████▍ | 2024/2405 [2:19:46<25:27,  4.01s/it]2026-04-17 00:48:47,196 - INFO - [sparse-mezo] global_step=2024 active_fraction=0.000000 active_params=0/1315758080 configured_ratio=0.250000 mask_strategy=percentile_per_layer scope=trainable_only

 84%|████████▍ | 2025/2405 [2:19:50<25:20,  4.00s/it]2026-04-17 00:48:51,197 - INFO - [sparse-mezo] global_step=2025 active_fraction=0.000000 active_params=0/1315758080 configured_ratio=0.250000 mask_strategy=percentile_per_layer scope=trainable_only

 84%|████████▍ | 2026/2405 [2:19:54<25:18,  4.01s/it]2026-04-17 00:48:55,205 - INFO - [sparse-mezo] global_step=2026 active_fraction=0.000000 active_params=0/1315758080 configured_ratio=0.250000 mask_strategy=percentile_per_layer scope=trainable_only

 84%|████████▍ | 2027/2405 [2:19:58<25:13,  4.00s/it]2026-04-17 00:48:59,205 - INFO - [sparse-mezo] global_step=2027 active_fraction=0.000000 active_params=0/1315758080 configured_ratio=0.250000 mask_strategy=percentile_per_layer scope=trainable_only

 84%|████████▍ | 2028/2405 [2:20:02<25:10,  4.01s/it]2026-04-17 00:49:03,209 - INFO - [sparse-mezo] global_step=2028 active_fraction=0.000000 active_params=0/1315758080 configured_ratio=0.250000 mask_strategy=percentile_per_layer scope=trainable_only

 84%|████████▍ | 2029/2405 [2:20:06<25:05,  4.00s/it]2026-04-17 00:49:07,210 - INFO - [sparse-mezo] global_step=2029 active_fraction=0.000000 active_params=0/1315758080 configured_ratio=0.250000 mask_strategy=percentile_per_layer scope=trainable_only

 84%|████████▍ | 2030/2405 [2:20:10<25:00,  4.00s/it]2026-04-17 00:49:11,218 - INFO - [sparse-mezo] global_step=2030 active_fraction=0.000000 active_params=0/1315758080 configured_ratio=0.250000 mask_strategy=percentile_per_layer scope=trainable_only

 84%|████████▍ | 2031/2405 [2:20:14<24:57,  4.00s/it]2026-04-17 00:49:15,225 - INFO - [sparse-mezo] global_step=2031 active_fraction=0.000000 active_params=0/1315758080 configured_ratio=0.250000 mask_strategy=percentile_per_layer scope=trainable_only

 84%|████████▍ | 2032/2405 [2:20:18<24:53,  4.00s/it]2026-04-17 00:49:19,230 - INFO - [sparse-mezo] global_step=2032 active_fraction=0.000000 active_params=0/1315758080 configured_ratio=0.250000 mask_strategy=percentile_per_layer scope=trainable_only

 85%|████████▍ | 2033/2405 [2:20:22<24:50,  4.01s/it]2026-04-17 00:49:23,244 - INFO - [sparse-mezo] global_step=2033 active_fraction=0.000000 active_params=0/1315758080 configured_ratio=0.250000 mask_strategy=percentile_per_layer scope=trainable_only

 85%|████████▍ | 2034/2405 [2:20:26<24:47,  4.01s/it]2026-04-17 00:49:27,260 - INFO - [sparse-mezo] global_step=2034 active_fraction=0.000000 active_params=0/1315758080 configured_ratio=0.250000 mask_strategy=percentile_per_layer scope=trainable_only

 85%|████████▍ | 2035/2405 [2:20:30<24:43,  4.01s/it]2026-04-17 00:49:31,249 - INFO - [sparse-mezo] global_step=2035 active_fraction=0.000000 active_params=0/1315758080 configured_ratio=0.250000 mask_strategy=percentile_per_layer scope=trainable_only

 85%|████████▍ | 2036/2405 [2:20:34<24:37,  4.01s/it]2026-04-17 00:49:35,264 - INFO - [sparse-mezo] global_step=2036 active_fraction=0.000000 active_params=0/1315758080 configured_ratio=0.250000 mask_strategy=percentile_per_layer scope=trainable_only

 85%|████████▍ | 2037/2405 [2:20:38<24:33,  4.01s/it]2026-04-17 00:49:39,251 - INFO - [sparse-mezo] global_step=2037 active_fraction=0.000000 active_params=0/1315758080 configured_ratio=0.250000 mask_strategy=percentile_per_layer scope=trainable_only

 85%|████████▍ | 2038/2405 [2:20:42<24:28,  4.00s/it]2026-04-17 00:49:43,257 - INFO - [sparse-mezo] global_step=2038 active_fraction=0.000000 active_params=0/1315758080 configured_ratio=0.250000 mask_strategy=percentile_per_layer scope=trainable_only

 85%|████████▍ | 2039/2405 [2:20:46<24:24,  4.00s/it]2026-04-17 00:49:47,263 - INFO - [sparse-mezo] global_step=2039 active_fraction=0.000000 active_params=0/1315758080 configured_ratio=0.250000 mask_strategy=percentile_per_layer scope=trainable_only

 85%|████████▍ | 2040/2405 [2:20:50<24:21,  4.00s/it]2026-04-17 00:49:51,271 - INFO - [sparse-mezo] global_step=2040 active_fraction=0.000000 active_params=0/1315758080 configured_ratio=0.250000 mask_strategy=percentile_per_layer scope=trainable_only

 85%|████████▍ | 2041/2405 [2:20:54<24:18,  4.01s/it]2026-04-17 00:49:55,268 - INFO - [sparse-mezo] global_step=2041 active_fraction=0.000000 active_params=0/1315758080 configured_ratio=0.250000 mask_strategy=percentile_per_layer scope=trainable_only

 85%|████████▍ | 2042/2405 [2:20:58<24:13,  4.00s/it]2026-04-17 00:49:59,284 - INFO - [sparse-mezo] global_step=2042 active_fraction=0.000000 active_params=0/1315758080 configured_ratio=0.250000 mask_strategy=percentile_per_layer scope=trainable_only

 85%|████████▍ | 2043/2405 [2:21:02<24:11,  4.01s/it]2026-04-17 00:50:03,309 - INFO - [sparse-mezo] global_step=2043 active_fraction=0.000000 active_params=0/1315758080 configured_ratio=0.250000 mask_strategy=percentile_per_layer scope=trainable_only

 85%|████████▍ | 2044/2405 [2:21:06<24:09,  4.02s/it]2026-04-17 00:50:07,320 - INFO - [sparse-mezo] global_step=2044 active_fraction=0.000000 active_params=0/1315758080 configured_ratio=0.250000 mask_strategy=percentile_per_layer scope=trainable_only

 85%|████████▌ | 2045/2405 [2:21:10<24:04,  4.01s/it]2026-04-17 00:50:11,326 - INFO - [sparse-mezo] global_step=2045 active_fraction=0.000000 active_params=0/1315758080 configured_ratio=0.250000 mask_strategy=percentile_per_layer scope=trainable_only

 85%|████████▌ | 2046/2405 [2:21:14<24:00,  4.01s/it]2026-04-17 00:50:15,353 - INFO - [sparse-mezo] global_step=2046 active_fraction=0.000000 active_params=0/1315758080 configured_ratio=0.250000 mask_strategy=percentile_per_layer scope=trainable_only

 85%|████████▌ | 2047/2405 [2:21:18<23:57,  4.01s/it]2026-04-17 00:50:19,374 - INFO - [sparse-mezo] global_step=2047 active_fraction=0.000000 active_params=0/1315758080 configured_ratio=0.250000 mask_strategy=percentile_per_layer scope=trainable_only

 85%|████████▌ | 2048/2405 [2:21:22<23:53,  4.02s/it]2026-04-17 00:50:23,391 - INFO - [sparse-mezo] global_step=2048 active_fraction=0.000000 active_params=0/1315758080 configured_ratio=0.250000 mask_strategy=percentile_per_layer scope=trainable_only

 85%|████████▌ | 2049/2405 [2:21:26<23:49,  4.02s/it]2026-04-17 00:50:27,390 - INFO - [sparse-mezo] global_step=2049 active_fraction=0.000000 active_params=0/1315758080 configured_ratio=0.250000 mask_strategy=percentile_per_layer scope=trainable_only

 85%|████████▌ | 2050/2405 [2:21:30<23:43,  4.01s/it]2026-04-17 00:50:31,390 - INFO - [sparse-mezo] global_step=2050 active_fraction=0.000000 active_params=0/1315758080 configured_ratio=0.250000 mask_strategy=percentile_per_layer scope=trainable_only

 85%|████████▌ | 2051/2405 [2:21:34<23:38,  4.01s/it]2026-04-17 00:50:35,405 - INFO - [sparse-mezo] global_step=2051 active_fraction=0.000000 active_params=0/1315758080 configured_ratio=0.250000 mask_strategy=percentile_per_layer scope=trainable_only

 85%|████████▌ | 2052/2405 [2:21:38<23:36,  4.01s/it]2026-04-17 00:50:39,412 - INFO - [sparse-mezo] global_step=2052 active_fraction=0.000000 active_params=0/1315758080 configured_ratio=0.250000 mask_strategy=percentile_per_layer scope=trainable_only

 85%|████████▌ | 2053/2405 [2:21:42<23:30,  4.01s/it]2026-04-17 00:50:43,427 - INFO - [sparse-mezo] global_step=2053 active_fraction=0.000000 active_params=0/1315758080 configured_ratio=0.250000 mask_strategy=percentile_per_layer scope=trainable_only

 85%|████████▌ | 2054/2405 [2:21:46<23:26,  4.01s/it]2026-04-17 00:50:47,433 - INFO - [sparse-mezo] global_step=2054 active_fraction=0.000000 active_params=0/1315758080 configured_ratio=0.250000 mask_strategy=percentile_per_layer scope=trainable_only

 85%|████████▌ | 2055/2405 [2:21:50<23:22,  4.01s/it]2026-04-17 00:50:51,439 - INFO - [sparse-mezo] global_step=2055 active_fraction=0.000000 active_params=0/1315758080 configured_ratio=0.250000 mask_strategy=percentile_per_layer scope=trainable_only

 85%|████████▌ | 2056/2405 [2:21:54<23:18,  4.01s/it]2026-04-17 00:50:55,445 - INFO - [sparse-mezo] global_step=2056 active_fraction=0.000000 active_params=0/1315758080 configured_ratio=0.250000 mask_strategy=percentile_per_layer scope=trainable_only

 86%|████████▌ | 2057/2405 [2:21:58<23:14,  4.01s/it]2026-04-17 00:50:59,435 - INFO - [sparse-mezo] global_step=2057 active_fraction=0.000000 active_params=0/1315758080 configured_ratio=0.250000 mask_strategy=percentile_per_layer scope=trainable_only

 86%|████████▌ | 2058/2405 [2:22:02<23:08,  4.00s/it]2026-04-17 00:51:03,441 - INFO - [sparse-mezo] global_step=2058 active_fraction=0.000000 active_params=0/1315758080 configured_ratio=0.250000 mask_strategy=percentile_per_layer scope=trainable_only

 86%|████████▌ | 2059/2405 [2:22:06<23:04,  4.00s/it]2026-04-17 00:51:07,443 - INFO - [sparse-mezo] global_step=2059 active_fraction=0.000000 active_params=0/1315758080 configured_ratio=0.250000 mask_strategy=percentile_per_layer scope=trainable_only

 86%|████████▌ | 2060/2405 [2:22:10<23:01,  4.01s/it]2026-04-17 00:51:11,456 - INFO - [sparse-mezo] global_step=2060 active_fraction=0.000000 active_params=0/1315758080 configured_ratio=0.250000 mask_strategy=percentile_per_layer scope=trainable_only

 86%|████████▌ | 2061/2405 [2:22:14<23:00,  4.01s/it]2026-04-17 00:51:15,488 - INFO - [sparse-mezo] global_step=2061 active_fraction=0.000000 active_params=0/1315758080 configured_ratio=0.250000 mask_strategy=percentile_per_layer scope=trainable_only

 86%|████████▌ | 2062/2405 [2:22:18<22:55,  4.01s/it]2026-04-17 00:51:19,473 - INFO - [sparse-mezo] global_step=2062 active_fraction=0.000000 active_params=0/1315758080 configured_ratio=0.250000 mask_strategy=percentile_per_layer scope=trainable_only

 86%|████████▌ | 2063/2405 [2:22:22<22:51,  4.01s/it]2026-04-17 00:51:23,480 - INFO - [sparse-mezo] global_step=2063 active_fraction=0.000000 active_params=0/1315758080 configured_ratio=0.250000 mask_strategy=percentile_per_layer scope=trainable_only

 86%|████████▌ | 2064/2405 [2:22:26<22:45,  4.01s/it]2026-04-17 00:51:27,476 - INFO - [sparse-mezo] global_step=2064 active_fraction=0.000000 active_params=0/1315758080 configured_ratio=0.250000 mask_strategy=percentile_per_layer scope=trainable_only

 86%|████████▌ | 2065/2405 [2:22:30<22:39,  4.00s/it]2026-04-17 00:51:31,465 - INFO - [sparse-mezo] global_step=2065 active_fraction=0.000000 active_params=0/1315758080 configured_ratio=0.250000 mask_strategy=percentile_per_layer scope=trainable_only

 86%|████████▌ | 2066/2405 [2:22:34<22:34,  4.00s/it]2026-04-17 00:51:35,449 - INFO - [sparse-mezo] global_step=2066 active_fraction=0.000000 active_params=0/1315758080 configured_ratio=0.250000 mask_strategy=percentile_per_layer scope=trainable_only

 86%|████████▌ | 2067/2405 [2:22:38<22:30,  4.00s/it]2026-04-17 00:51:39,465 - INFO - [sparse-mezo] global_step=2067 active_fraction=0.000000 active_params=0/1315758080 configured_ratio=0.250000 mask_strategy=percentile_per_layer scope=trainable_only

 86%|████████▌ | 2068/2405 [2:22:42<22:28,  4.00s/it]2026-04-17 00:51:43,479 - INFO - [sparse-mezo] global_step=2068 active_fraction=0.000000 active_params=0/1315758080 configured_ratio=0.250000 mask_strategy=percentile_per_layer scope=trainable_only

 86%|████████▌ | 2069/2405 [2:22:46<22:25,  4.01s/it]2026-04-17 00:51:47,494 - INFO - [sparse-mezo] global_step=2069 active_fraction=0.000000 active_params=0/1315758080 configured_ratio=0.250000 mask_strategy=percentile_per_layer scope=trainable_only

 86%|████████▌ | 2070/2405 [2:22:50<22:21,  4.01s/it]2026-04-17 00:51:51,484 - INFO - [sparse-mezo] global_step=2070 active_fraction=0.000000 active_params=0/1315758080 configured_ratio=0.250000 mask_strategy=percentile_per_layer scope=trainable_only

 86%|████████▌ | 2071/2405 [2:22:54<22:16,  4.00s/it]2026-04-17 00:51:55,473 - INFO - [sparse-mezo] global_step=2071 active_fraction=0.000000 active_params=0/1315758080 configured_ratio=0.250000 mask_strategy=percentile_per_layer scope=trainable_only

 86%|████████▌ | 2072/2405 [2:22:58<22:11,  4.00s/it]2026-04-17 00:51:59,463 - INFO - [sparse-mezo] global_step=2072 active_fraction=0.000000 active_params=0/1315758080 configured_ratio=0.250000 mask_strategy=percentile_per_layer scope=trainable_only

 86%|████████▌ | 2073/2405 [2:23:02<22:07,  4.00s/it]2026-04-17 00:52:03,477 - INFO - [sparse-mezo] global_step=2073 active_fraction=0.000000 active_params=0/1315758080 configured_ratio=0.250000 mask_strategy=percentile_per_layer scope=trainable_only

 86%|████████▌ | 2074/2405 [2:23:06<22:05,  4.00s/it]2026-04-17 00:52:07,494 - INFO - [sparse-mezo] global_step=2074 active_fraction=0.000000 active_params=0/1315758080 configured_ratio=0.250000 mask_strategy=percentile_per_layer scope=trainable_only

 86%|████████▋ | 2075/2405 [2:23:10<22:01,  4.00s/it]2026-04-17 00:52:11,483 - INFO - [sparse-mezo] global_step=2075 active_fraction=0.000000 active_params=0/1315758080 configured_ratio=0.250000 mask_strategy=percentile_per_layer scope=trainable_only

 86%|████████▋ | 2076/2405 [2:23:14<21:55,  4.00s/it]2026-04-17 00:52:15,473 - INFO - [sparse-mezo] global_step=2076 active_fraction=0.000000 active_params=0/1315758080 configured_ratio=0.250000 mask_strategy=percentile_per_layer scope=trainable_only

 86%|████████▋ | 2077/2405 [2:23:18<21:50,  4.00s/it]2026-04-17 00:52:19,461 - INFO - [sparse-mezo] global_step=2077 active_fraction=0.000000 active_params=0/1315758080 configured_ratio=0.250000 mask_strategy=percentile_per_layer scope=trainable_only

 86%|████████▋ | 2078/2405 [2:23:22<21:48,  4.00s/it]2026-04-17 00:52:23,486 - INFO - [sparse-mezo] global_step=2078 active_fraction=0.000000 active_params=0/1315758080 configured_ratio=0.250000 mask_strategy=percentile_per_layer scope=trainable_only

 86%|████████▋ | 2079/2405 [2:23:26<21:44,  4.00s/it]2026-04-17 00:52:27,474 - INFO - [sparse-mezo] global_step=2079 active_fraction=0.000000 active_params=0/1315758080 configured_ratio=0.250000 mask_strategy=percentile_per_layer scope=trainable_only

 86%|████████▋ | 2080/2405 [2:23:30<21:39,  4.00s/it]2026-04-17 00:52:31,462 - INFO - [sparse-mezo] global_step=2080 active_fraction=0.000000 active_params=0/1315758080 configured_ratio=0.250000 mask_strategy=percentile_per_layer scope=trainable_only

 87%|████████▋ | 2081/2405 [2:23:34<21:33,  3.99s/it]2026-04-17 00:52:35,446 - INFO - [sparse-mezo] global_step=2081 active_fraction=0.000000 active_params=0/1315758080 configured_ratio=0.250000 mask_strategy=percentile_per_layer scope=trainable_only

 87%|████████▋ | 2082/2405 [2:23:38<21:31,  4.00s/it]2026-04-17 00:52:39,473 - INFO - [sparse-mezo] global_step=2082 active_fraction=0.000000 active_params=0/1315758080 configured_ratio=0.250000 mask_strategy=percentile_per_layer scope=trainable_only

 87%|████████▋ | 2083/2405 [2:23:42<21:30,  4.01s/it]2026-04-17 00:52:43,499 - INFO - [sparse-mezo] global_step=2083 active_fraction=0.000000 active_params=0/1315758080 configured_ratio=0.250000 mask_strategy=percentile_per_layer scope=trainable_only

 87%|████████▋ | 2084/2405 [2:23:46<21:26,  4.01s/it]2026-04-17 00:52:47,514 - INFO - [sparse-mezo] global_step=2084 active_fraction=0.000000 active_params=0/1315758080 configured_ratio=0.250000 mask_strategy=percentile_per_layer scope=trainable_only

 87%|████████▋ | 2085/2405 [2:23:50<21:22,  4.01s/it]2026-04-17 00:52:51,503 - INFO - [sparse-mezo] global_step=2085 active_fraction=0.000000 active_params=0/1315758080 configured_ratio=0.250000 mask_strategy=percentile_per_layer scope=trainable_only

 87%|████████▋ | 2086/2405 [2:23:54<21:16,  4.00s/it]2026-04-17 00:52:55,490 - INFO - [sparse-mezo] global_step=2086 active_fraction=0.000000 active_params=0/1315758080 configured_ratio=0.250000 mask_strategy=percentile_per_layer scope=trainable_only

 87%|████████▋ | 2087/2405 [2:23:58<21:11,  4.00s/it]2026-04-17 00:52:59,499 - INFO - [sparse-mezo] global_step=2087 active_fraction=0.000000 active_params=0/1315758080 configured_ratio=0.250000 mask_strategy=percentile_per_layer scope=trainable_only

 87%|████████▋ | 2088/2405 [2:24:02<21:07,  4.00s/it]2026-04-17 00:53:03,482 - INFO - [sparse-mezo] global_step=2088 active_fraction=0.000000 active_params=0/1315758080 configured_ratio=0.250000 mask_strategy=percentile_per_layer scope=trainable_only

 87%|████████▋ | 2089/2405 [2:24:06<21:04,  4.00s/it]2026-04-17 00:53:07,493 - INFO - [sparse-mezo] global_step=2089 active_fraction=0.000000 active_params=0/1315758080 configured_ratio=0.250000 mask_strategy=percentile_per_layer scope=trainable_only

 87%|████████▋ | 2090/2405 [2:24:10<20:59,  4.00s/it]2026-04-17 00:53:11,500 - INFO - [sparse-mezo] global_step=2090 active_fraction=0.000000 active_params=0/1315758080 configured_ratio=0.250000 mask_strategy=percentile_per_layer scope=trainable_only

 87%|████████▋ | 2091/2405 [2:24:14<20:57,  4.00s/it]2026-04-17 00:53:15,518 - INFO - [sparse-mezo] global_step=2091 active_fraction=0.000000 active_params=0/1315758080 configured_ratio=0.250000 mask_strategy=percentile_per_layer scope=trainable_only

 87%|████████▋ | 2092/2405 [2:24:18<20:54,  4.01s/it]2026-04-17 00:53:19,532 - INFO - [sparse-mezo] global_step=2092 active_fraction=0.000000 active_params=0/1315758080 configured_ratio=0.250000 mask_strategy=percentile_per_layer scope=trainable_only

 87%|████████▋ | 2093/2405 [2:24:22<20:52,  4.01s/it]2026-04-17 00:53:23,549 - INFO - [sparse-mezo] global_step=2093 active_fraction=0.000000 active_params=0/1315758080 configured_ratio=0.250000 mask_strategy=percentile_per_layer scope=trainable_only

 87%|████████▋ | 2094/2405 [2:24:26<20:48,  4.01s/it]2026-04-17 00:53:27,575 - INFO - [sparse-mezo] global_step=2094 active_fraction=0.000000 active_params=0/1315758080 configured_ratio=0.250000 mask_strategy=percentile_per_layer scope=trainable_only

 87%|████████▋ | 2095/2405 [2:24:30<20:43,  4.01s/it]2026-04-17 00:53:31,564 - INFO - [sparse-mezo] global_step=2095 active_fraction=0.000000 active_params=0/1315758080 configured_ratio=0.250000 mask_strategy=percentile_per_layer scope=trainable_only

 87%|████████▋ | 2096/2405 [2:24:34<20:39,  4.01s/it]2026-04-17 00:53:35,588 - INFO - [sparse-mezo] global_step=2096 active_fraction=0.000000 active_params=0/1315758080 configured_ratio=0.250000 mask_strategy=percentile_per_layer scope=trainable_only

 87%|████████▋ | 2097/2405 [2:24:38<20:34,  4.01s/it]2026-04-17 00:53:39,572 - INFO - [sparse-mezo] global_step=2097 active_fraction=0.000000 active_params=0/1315758080 configured_ratio=0.250000 mask_strategy=percentile_per_layer scope=trainable_only

 87%|████████▋ | 2098/2405 [2:24:42<20:28,  4.00s/it]2026-04-17 00:53:43,561 - INFO - [sparse-mezo] global_step=2098 active_fraction=0.000000 active_params=0/1315758080 configured_ratio=0.250000 mask_strategy=percentile_per_layer scope=trainable_only

 87%|████████▋ | 2099/2405 [2:24:46<20:22,  4.00s/it]2026-04-17 00:53:47,544 - INFO - [sparse-mezo] global_step=2099 active_fraction=0.000000 active_params=0/1315758080 configured_ratio=0.250000 mask_strategy=percentile_per_layer scope=trainable_only

 87%|████████▋ | 2100/2405 [2:24:50<20:18,  4.00s/it]2026-04-17 00:53:51,542 - INFO - [sparse-mezo] global_step=2100 active_fraction=0.000000 active_params=0/1315758080 configured_ratio=0.250000 mask_strategy=percentile_per_layer scope=trainable_only
2026-04-17 00:53:55,116 - WARNING - [zo_probe] step=2100: no finite probe pairs; skipping row.

 87%|████████▋ | 2101/2405 [2:24:58<25:40,  5.07s/it]2026-04-17 00:53:59,122 - INFO - [sparse-mezo] global_step=2101 active_fraction=0.000000 active_params=0/1315758080 configured_ratio=0.250000 mask_strategy=percentile_per_layer scope=trainable_only

 87%|████████▋ | 2102/2405 [2:25:02<23:58,  4.75s/it]2026-04-17 00:54:03,110 - INFO - [sparse-mezo] global_step=2102 active_fraction=0.000000 active_params=0/1315758080 configured_ratio=0.250000 mask_strategy=percentile_per_layer scope=trainable_only

 87%|████████▋ | 2103/2405 [2:25:06<22:45,  4.52s/it]2026-04-17 00:54:07,129 - INFO - [sparse-mezo] global_step=2103 active_fraction=0.000000 active_params=0/1315758080 configured_ratio=0.250000 mask_strategy=percentile_per_layer scope=trainable_only

 87%|████████▋ | 2104/2405 [2:25:10<21:54,  4.37s/it]2026-04-17 00:54:11,115 - INFO - [sparse-mezo] global_step=2104 active_fraction=0.000000 active_params=0/1315758080 configured_ratio=0.250000 mask_strategy=percentile_per_layer scope=trainable_only

 88%|████████▊ | 2105/2405 [2:25:14<21:16,  4.25s/it]2026-04-17 00:54:15,122 - INFO - [sparse-mezo] global_step=2105 active_fraction=0.000000 active_params=0/1315758080 configured_ratio=0.250000 mask_strategy=percentile_per_layer scope=trainable_only

 88%|████████▊ | 2106/2405 [2:25:18<20:50,  4.18s/it]2026-04-17 00:54:19,131 - INFO - [sparse-mezo] global_step=2106 active_fraction=0.000000 active_params=0/1315758080 configured_ratio=0.250000 mask_strategy=percentile_per_layer scope=trainable_only

 88%|████████▊ | 2107/2405 [2:25:22<20:30,  4.13s/it]2026-04-17 00:54:23,119 - INFO - [sparse-mezo] global_step=2107 active_fraction=0.000000 active_params=0/1315758080 configured_ratio=0.250000 mask_strategy=percentile_per_layer scope=trainable_only

 88%|████████▊ | 2108/2405 [2:25:26<20:14,  4.09s/it]2026-04-17 00:54:27,136 - INFO - [sparse-mezo] global_step=2108 active_fraction=0.000000 active_params=0/1315758080 configured_ratio=0.250000 mask_strategy=percentile_per_layer scope=trainable_only

 88%|████████▊ | 2109/2405 [2:25:30<20:02,  4.06s/it]2026-04-17 00:54:31,138 - INFO - [sparse-mezo] global_step=2109 active_fraction=0.000000 active_params=0/1315758080 configured_ratio=0.250000 mask_strategy=percentile_per_layer scope=trainable_only

 88%|████████▊ | 2110/2405 [2:25:34<19:53,  4.05s/it]2026-04-17 00:54:35,129 - INFO - [sparse-mezo] global_step=2110 active_fraction=0.000000 active_params=0/1315758080 configured_ratio=0.250000 mask_strategy=percentile_per_layer scope=trainable_only

 88%|████████▊ | 2111/2405 [2:25:38<19:44,  4.03s/it]2026-04-17 00:54:39,137 - INFO - [sparse-mezo] global_step=2111 active_fraction=0.000000 active_params=0/1315758080 configured_ratio=0.250000 mask_strategy=percentile_per_layer scope=trainable_only

 88%|████████▊ | 2112/2405 [2:25:42<19:38,  4.02s/it]2026-04-17 00:54:43,125 - INFO - [sparse-mezo] global_step=2112 active_fraction=0.000000 active_params=0/1315758080 configured_ratio=0.250000 mask_strategy=percentile_per_layer scope=trainable_only

 88%|████████▊ | 2113/2405 [2:25:46<19:33,  4.02s/it]2026-04-17 00:54:47,147 - INFO - [sparse-mezo] global_step=2113 active_fraction=0.000000 active_params=0/1315758080 configured_ratio=0.250000 mask_strategy=percentile_per_layer scope=trainable_only

 88%|████████▊ | 2114/2405 [2:25:50<19:27,  4.01s/it]2026-04-17 00:54:51,132 - INFO - [sparse-mezo] global_step=2114 active_fraction=0.000000 active_params=0/1315758080 configured_ratio=0.250000 mask_strategy=percentile_per_layer scope=trainable_only

 88%|████████▊ | 2115/2405 [2:25:54<19:21,  4.00s/it]2026-04-17 00:54:55,134 - INFO - [sparse-mezo] global_step=2115 active_fraction=0.000000 active_params=0/1315758080 configured_ratio=0.250000 mask_strategy=percentile_per_layer scope=trainable_only

 88%|████████▊ | 2116/2405 [2:25:58<19:17,  4.01s/it]2026-04-17 00:54:59,126 - INFO - [sparse-mezo] global_step=2116 active_fraction=0.000000 active_params=0/1315758080 configured_ratio=0.250000 mask_strategy=percentile_per_layer scope=trainable_only

 88%|████████▊ | 2117/2405 [2:26:02<19:13,  4.00s/it]2026-04-17 00:55:03,142 - INFO - [sparse-mezo] global_step=2117 active_fraction=0.000000 active_params=0/1315758080 configured_ratio=0.250000 mask_strategy=percentile_per_layer scope=trainable_only

 88%|████████▊ | 2118/2405 [2:26:06<19:10,  4.01s/it]2026-04-17 00:55:07,156 - INFO - [sparse-mezo] global_step=2118 active_fraction=0.000000 active_params=0/1315758080 configured_ratio=0.250000 mask_strategy=percentile_per_layer scope=trainable_only

 88%|████████▊ | 2119/2405 [2:26:10<19:06,  4.01s/it]2026-04-17 00:55:11,172 - INFO - [sparse-mezo] global_step=2119 active_fraction=0.000000 active_params=0/1315758080 configured_ratio=0.250000 mask_strategy=percentile_per_layer scope=trainable_only

 88%|████████▊ | 2120/2405 [2:26:14<19:02,  4.01s/it]2026-04-17 00:55:15,160 - INFO - [sparse-mezo] global_step=2120 active_fraction=0.000000 active_params=0/1315758080 configured_ratio=0.250000 mask_strategy=percentile_per_layer scope=trainable_only

 88%|████████▊ | 2121/2405 [2:26:18<18:58,  4.01s/it]2026-04-17 00:55:19,167 - INFO - [sparse-mezo] global_step=2121 active_fraction=0.000000 active_params=0/1315758080 configured_ratio=0.250000 mask_strategy=percentile_per_layer scope=trainable_only

 88%|████████▊ | 2122/2405 [2:26:22<18:53,  4.00s/it]2026-04-17 00:55:23,164 - INFO - [sparse-mezo] global_step=2122 active_fraction=0.000000 active_params=0/1315758080 configured_ratio=0.250000 mask_strategy=percentile_per_layer scope=trainable_only

 88%|████████▊ | 2123/2405 [2:26:26<18:47,  4.00s/it]2026-04-17 00:55:27,151 - INFO - [sparse-mezo] global_step=2123 active_fraction=0.000000 active_params=0/1315758080 configured_ratio=0.250000 mask_strategy=percentile_per_layer scope=trainable_only

 88%|████████▊ | 2124/2405 [2:26:30<18:42,  4.00s/it]2026-04-17 00:55:31,158 - INFO - [sparse-mezo] global_step=2124 active_fraction=0.000000 active_params=0/1315758080 configured_ratio=0.250000 mask_strategy=percentile_per_layer scope=trainable_only

 88%|████████▊ | 2125/2405 [2:26:34<18:39,  4.00s/it]2026-04-17 00:55:35,147 - INFO - [sparse-mezo] global_step=2125 active_fraction=0.000000 active_params=0/1315758080 configured_ratio=0.250000 mask_strategy=percentile_per_layer scope=trainable_only

 88%|████████▊ | 2126/2405 [2:26:38<18:34,  4.00s/it]2026-04-17 00:55:39,154 - INFO - [sparse-mezo] global_step=2126 active_fraction=0.000000 active_params=0/1315758080 configured_ratio=0.250000 mask_strategy=percentile_per_layer scope=trainable_only

 88%|████████▊ | 2127/2405 [2:26:42<18:31,  4.00s/it]2026-04-17 00:55:43,161 - INFO - [sparse-mezo] global_step=2127 active_fraction=0.000000 active_params=0/1315758080 configured_ratio=0.250000 mask_strategy=percentile_per_layer scope=trainable_only

 88%|████████▊ | 2128/2405 [2:26:46<18:28,  4.00s/it]2026-04-17 00:55:47,144 - INFO - [sparse-mezo] global_step=2128 active_fraction=0.000000 active_params=0/1315758080 configured_ratio=0.250000 mask_strategy=percentile_per_layer scope=trainable_only

 89%|████████▊ | 2129/2405 [2:26:50<18:23,  4.00s/it]2026-04-17 00:55:51,160 - INFO - [sparse-mezo] global_step=2129 active_fraction=0.000000 active_params=0/1315758080 configured_ratio=0.250000 mask_strategy=percentile_per_layer scope=trainable_only

 89%|████████▊ | 2130/2405 [2:26:54<18:20,  4.00s/it]2026-04-17 00:55:55,161 - INFO - [sparse-mezo] global_step=2130 active_fraction=0.000000 active_params=0/1315758080 configured_ratio=0.250000 mask_strategy=percentile_per_layer scope=trainable_only

 89%|████████▊ | 2131/2405 [2:26:58<18:18,  4.01s/it]2026-04-17 00:55:59,184 - INFO - [sparse-mezo] global_step=2131 active_fraction=0.000000 active_params=0/1315758080 configured_ratio=0.250000 mask_strategy=percentile_per_layer scope=trainable_only

 89%|████████▊ | 2132/2405 [2:27:02<18:13,  4.01s/it]2026-04-17 00:56:03,171 - INFO - [sparse-mezo] global_step=2132 active_fraction=0.000000 active_params=0/1315758080 configured_ratio=0.250000 mask_strategy=percentile_per_layer scope=trainable_only

 89%|████████▊ | 2133/2405 [2:27:06<18:07,  4.00s/it]2026-04-17 00:56:07,155 - INFO - [sparse-mezo] global_step=2133 active_fraction=0.000000 active_params=0/1315758080 configured_ratio=0.250000 mask_strategy=percentile_per_layer scope=trainable_only

 89%|████████▊ | 2134/2405 [2:27:10<18:03,  4.00s/it]2026-04-17 00:56:11,165 - INFO - [sparse-mezo] global_step=2134 active_fraction=0.000000 active_params=0/1315758080 configured_ratio=0.250000 mask_strategy=percentile_per_layer scope=trainable_only

 89%|████████▉ | 2135/2405 [2:27:14<18:00,  4.00s/it]2026-04-17 00:56:15,157 - INFO - [sparse-mezo] global_step=2135 active_fraction=0.000000 active_params=0/1315758080 configured_ratio=0.250000 mask_strategy=percentile_per_layer scope=trainable_only

 89%|████████▉ | 2136/2405 [2:27:18<17:56,  4.00s/it]2026-04-17 00:56:19,174 - INFO - [sparse-mezo] global_step=2136 active_fraction=0.000000 active_params=0/1315758080 configured_ratio=0.250000 mask_strategy=percentile_per_layer scope=trainable_only

 89%|████████▉ | 2137/2405 [2:27:22<17:54,  4.01s/it]2026-04-17 00:56:23,188 - INFO - [sparse-mezo] global_step=2137 active_fraction=0.000000 active_params=0/1315758080 configured_ratio=0.250000 mask_strategy=percentile_per_layer scope=trainable_only

 89%|████████▉ | 2138/2405 [2:27:26<17:49,  4.01s/it]2026-04-17 00:56:27,204 - INFO - [sparse-mezo] global_step=2138 active_fraction=0.000000 active_params=0/1315758080 configured_ratio=0.250000 mask_strategy=percentile_per_layer scope=trainable_only

 89%|████████▉ | 2139/2405 [2:27:30<17:46,  4.01s/it]2026-04-17 00:56:31,201 - INFO - [sparse-mezo] global_step=2139 active_fraction=0.000000 active_params=0/1315758080 configured_ratio=0.250000 mask_strategy=percentile_per_layer scope=trainable_only

 89%|████████▉ | 2140/2405 [2:27:34<17:41,  4.01s/it]2026-04-17 00:56:35,218 - INFO - [sparse-mezo] global_step=2140 active_fraction=0.000000 active_params=0/1315758080 configured_ratio=0.250000 mask_strategy=percentile_per_layer scope=trainable_only

 89%|████████▉ | 2141/2405 [2:27:38<17:37,  4.01s/it]2026-04-17 00:56:39,208 - INFO - [sparse-mezo] global_step=2141 active_fraction=0.000000 active_params=0/1315758080 configured_ratio=0.250000 mask_strategy=percentile_per_layer scope=trainable_only

 89%|████████▉ | 2142/2405 [2:27:42<17:33,  4.01s/it]2026-04-17 00:56:43,235 - INFO - [sparse-mezo] global_step=2142 active_fraction=0.000000 active_params=0/1315758080 configured_ratio=0.250000 mask_strategy=percentile_per_layer scope=trainable_only

 89%|████████▉ | 2143/2405 [2:27:46<17:29,  4.01s/it]2026-04-17 00:56:47,224 - INFO - [sparse-mezo] global_step=2143 active_fraction=0.000000 active_params=0/1315758080 configured_ratio=0.250000 mask_strategy=percentile_per_layer scope=trainable_only

 89%|████████▉ | 2144/2405 [2:27:50<17:25,  4.00s/it]2026-04-17 00:56:51,221 - INFO - [sparse-mezo] global_step=2144 active_fraction=0.000000 active_params=0/1315758080 configured_ratio=0.250000 mask_strategy=percentile_per_layer scope=trainable_only

 89%|████████▉ | 2145/2405 [2:27:54<17:21,  4.01s/it]2026-04-17 00:56:55,228 - INFO - [sparse-mezo] global_step=2145 active_fraction=0.000000 active_params=0/1315758080 configured_ratio=0.250000 mask_strategy=percentile_per_layer scope=trainable_only

 89%|████████▉ | 2146/2405 [2:27:58<17:16,  4.00s/it]2026-04-17 00:56:59,217 - INFO - [sparse-mezo] global_step=2146 active_fraction=0.000000 active_params=0/1315758080 configured_ratio=0.250000 mask_strategy=percentile_per_layer scope=trainable_only

 89%|████████▉ | 2147/2405 [2:28:02<17:10,  4.00s/it]2026-04-17 00:57:03,219 - INFO - [sparse-mezo] global_step=2147 active_fraction=0.000000 active_params=0/1315758080 configured_ratio=0.250000 mask_strategy=percentile_per_layer scope=trainable_only

 89%|████████▉ | 2148/2405 [2:28:06<17:08,  4.00s/it]2026-04-17 00:57:07,237 - INFO - [sparse-mezo] global_step=2148 active_fraction=0.000000 active_params=0/1315758080 configured_ratio=0.250000 mask_strategy=percentile_per_layer scope=trainable_only

 89%|████████▉ | 2149/2405 [2:28:10<17:06,  4.01s/it]2026-04-17 00:57:11,262 - INFO - [sparse-mezo] global_step=2149 active_fraction=0.000000 active_params=0/1315758080 configured_ratio=0.250000 mask_strategy=percentile_per_layer scope=trainable_only

 89%|████████▉ | 2150/2405 [2:28:14<17:02,  4.01s/it]2026-04-17 00:57:15,279 - INFO - [sparse-mezo] global_step=2150 active_fraction=0.000000 active_params=0/1315758080 configured_ratio=0.250000 mask_strategy=percentile_per_layer scope=trainable_only

 89%|████████▉ | 2151/2405 [2:28:18<16:59,  4.01s/it]2026-04-17 00:57:19,297 - INFO - [sparse-mezo] global_step=2151 active_fraction=0.000000 active_params=0/1315758080 configured_ratio=0.250000 mask_strategy=percentile_per_layer scope=trainable_only

 89%|████████▉ | 2152/2405 [2:28:22<16:55,  4.01s/it]2026-04-17 00:57:23,294 - INFO - [sparse-mezo] global_step=2152 active_fraction=0.000000 active_params=0/1315758080 configured_ratio=0.250000 mask_strategy=percentile_per_layer scope=trainable_only

 90%|████████▉ | 2153/2405 [2:28:26<16:50,  4.01s/it]2026-04-17 00:57:27,299 - INFO - [sparse-mezo] global_step=2153 active_fraction=0.000000 active_params=0/1315758080 configured_ratio=0.250000 mask_strategy=percentile_per_layer scope=trainable_only

 90%|████████▉ | 2154/2405 [2:28:30<16:44,  4.00s/it]2026-04-17 00:57:31,301 - INFO - [sparse-mezo] global_step=2154 active_fraction=0.000000 active_params=0/1315758080 configured_ratio=0.250000 mask_strategy=percentile_per_layer scope=trainable_only

 90%|████████▉ | 2155/2405 [2:28:34<16:42,  4.01s/it]2026-04-17 00:57:35,308 - INFO - [sparse-mezo] global_step=2155 active_fraction=0.000000 active_params=0/1315758080 configured_ratio=0.250000 mask_strategy=percentile_per_layer scope=trainable_only

 90%|████████▉ | 2156/2405 [2:28:38<16:37,  4.00s/it]2026-04-17 00:57:39,298 - INFO - [sparse-mezo] global_step=2156 active_fraction=0.000000 active_params=0/1315758080 configured_ratio=0.250000 mask_strategy=percentile_per_layer scope=trainable_only

 90%|████████▉ | 2157/2405 [2:28:42<16:32,  4.00s/it]2026-04-17 00:57:43,315 - INFO - [sparse-mezo] global_step=2157 active_fraction=0.000000 active_params=0/1315758080 configured_ratio=0.250000 mask_strategy=percentile_per_layer scope=trainable_only

 90%|████████▉ | 2158/2405 [2:28:46<16:28,  4.00s/it]2026-04-17 00:57:47,304 - INFO - [sparse-mezo] global_step=2158 active_fraction=0.000000 active_params=0/1315758080 configured_ratio=0.250000 mask_strategy=percentile_per_layer scope=trainable_only

 90%|████████▉ | 2159/2405 [2:28:50<16:24,  4.00s/it]2026-04-17 00:57:51,322 - INFO - [sparse-mezo] global_step=2159 active_fraction=0.000000 active_params=0/1315758080 configured_ratio=0.250000 mask_strategy=percentile_per_layer scope=trainable_only

 90%|████████▉ | 2160/2405 [2:28:54<16:21,  4.01s/it]2026-04-17 00:57:55,320 - INFO - [sparse-mezo] global_step=2160 active_fraction=0.000000 active_params=0/1315758080 configured_ratio=0.250000 mask_strategy=percentile_per_layer scope=trainable_only

 90%|████████▉ | 2161/2405 [2:28:58<16:17,  4.01s/it]2026-04-17 00:57:59,346 - INFO - [sparse-mezo] global_step=2161 active_fraction=0.000000 active_params=0/1315758080 configured_ratio=0.250000 mask_strategy=percentile_per_layer scope=trainable_only

 90%|████████▉ | 2162/2405 [2:29:02<16:13,  4.01s/it]2026-04-17 00:58:03,336 - INFO - [sparse-mezo] global_step=2162 active_fraction=0.000000 active_params=0/1315758080 configured_ratio=0.250000 mask_strategy=percentile_per_layer scope=trainable_only

 90%|████████▉ | 2163/2405 [2:29:06<16:08,  4.00s/it]2026-04-17 00:58:07,342 - INFO - [sparse-mezo] global_step=2163 active_fraction=0.000000 active_params=0/1315758080 configured_ratio=0.250000 mask_strategy=percentile_per_layer scope=trainable_only

 90%|████████▉ | 2164/2405 [2:29:10<16:04,  4.00s/it]2026-04-17 00:58:11,331 - INFO - [sparse-mezo] global_step=2164 active_fraction=0.000000 active_params=0/1315758080 configured_ratio=0.250000 mask_strategy=percentile_per_layer scope=trainable_only

 90%|█████████ | 2165/2405 [2:29:14<15:59,  4.00s/it]2026-04-17 00:58:15,314 - INFO - [sparse-mezo] global_step=2165 active_fraction=0.000000 active_params=0/1315758080 configured_ratio=0.250000 mask_strategy=percentile_per_layer scope=trainable_only

 90%|█████████ | 2166/2405 [2:29:18<15:54,  3.99s/it]2026-04-17 00:58:19,322 - INFO - [sparse-mezo] global_step=2166 active_fraction=0.000000 active_params=0/1315758080 configured_ratio=0.250000 mask_strategy=percentile_per_layer scope=trainable_only

 90%|█████████ | 2167/2405 [2:29:22<15:51,  4.00s/it]2026-04-17 00:58:23,310 - INFO - [sparse-mezo] global_step=2167 active_fraction=0.000000 active_params=0/1315758080 configured_ratio=0.250000 mask_strategy=percentile_per_layer scope=trainable_only

 90%|█████████ | 2168/2405 [2:29:26<15:47,  4.00s/it]2026-04-17 00:58:27,327 - INFO - [sparse-mezo] global_step=2168 active_fraction=0.000000 active_params=0/1315758080 configured_ratio=0.250000 mask_strategy=percentile_per_layer scope=trainable_only

 90%|█████████ | 2169/2405 [2:29:30<15:44,  4.00s/it]2026-04-17 00:58:31,339 - INFO - [sparse-mezo] global_step=2169 active_fraction=0.000000 active_params=0/1315758080 configured_ratio=0.250000 mask_strategy=percentile_per_layer scope=trainable_only

 90%|█████████ | 2170/2405 [2:29:34<15:43,  4.01s/it]2026-04-17 00:58:35,380 - INFO - [sparse-mezo] global_step=2170 active_fraction=0.000000 active_params=0/1315758080 configured_ratio=0.250000 mask_strategy=percentile_per_layer scope=trainable_only

 90%|█████████ | 2171/2405 [2:29:38<15:38,  4.01s/it]2026-04-17 00:58:39,364 - INFO - [sparse-mezo] global_step=2171 active_fraction=0.000000 active_params=0/1315758080 configured_ratio=0.250000 mask_strategy=percentile_per_layer scope=trainable_only

 90%|█████████ | 2172/2405 [2:29:42<15:34,  4.01s/it]2026-04-17 00:58:43,388 - INFO - [sparse-mezo] global_step=2172 active_fraction=0.000000 active_params=0/1315758080 configured_ratio=0.250000 mask_strategy=percentile_per_layer scope=trainable_only

 90%|█████████ | 2173/2405 [2:29:46<15:29,  4.01s/it]2026-04-17 00:58:47,375 - INFO - [sparse-mezo] global_step=2173 active_fraction=0.000000 active_params=0/1315758080 configured_ratio=0.250000 mask_strategy=percentile_per_layer scope=trainable_only

 90%|█████████ | 2174/2405 [2:29:50<15:24,  4.00s/it]2026-04-17 00:58:51,363 - INFO - [sparse-mezo] global_step=2174 active_fraction=0.000000 active_params=0/1315758080 configured_ratio=0.250000 mask_strategy=percentile_per_layer scope=trainable_only

 90%|█████████ | 2175/2405 [2:29:54<15:20,  4.00s/it]2026-04-17 00:58:55,375 - INFO - [sparse-mezo] global_step=2175 active_fraction=0.000000 active_params=0/1315758080 configured_ratio=0.250000 mask_strategy=percentile_per_layer scope=trainable_only

 90%|█████████ | 2176/2405 [2:29:58<15:16,  4.00s/it]2026-04-17 00:58:59,389 - INFO - [sparse-mezo] global_step=2176 active_fraction=0.000000 active_params=0/1315758080 configured_ratio=0.250000 mask_strategy=percentile_per_layer scope=trainable_only

 91%|█████████ | 2177/2405 [2:30:02<15:13,  4.01s/it]2026-04-17 00:59:03,388 - INFO - [sparse-mezo] global_step=2177 active_fraction=0.000000 active_params=0/1315758080 configured_ratio=0.250000 mask_strategy=percentile_per_layer scope=trainable_only

 91%|█████████ | 2178/2405 [2:30:06<15:08,  4.00s/it]2026-04-17 00:59:07,375 - INFO - [sparse-mezo] global_step=2178 active_fraction=0.000000 active_params=0/1315758080 configured_ratio=0.250000 mask_strategy=percentile_per_layer scope=trainable_only

 91%|█████████ | 2179/2405 [2:30:10<15:04,  4.00s/it]2026-04-17 00:59:11,389 - INFO - [sparse-mezo] global_step=2179 active_fraction=0.000000 active_params=0/1315758080 configured_ratio=0.250000 mask_strategy=percentile_per_layer scope=trainable_only

 91%|█████████ | 2180/2405 [2:30:14<15:00,  4.00s/it]2026-04-17 00:59:15,386 - INFO - [sparse-mezo] global_step=2180 active_fraction=0.000000 active_params=0/1315758080 configured_ratio=0.250000 mask_strategy=percentile_per_layer scope=trainable_only

 91%|█████████ | 2181/2405 [2:30:18<14:57,  4.01s/it]2026-04-17 00:59:19,397 - INFO - [sparse-mezo] global_step=2181 active_fraction=0.000000 active_params=0/1315758080 configured_ratio=0.250000 mask_strategy=percentile_per_layer scope=trainable_only

 91%|█████████ | 2182/2405 [2:30:22<14:52,  4.00s/it]2026-04-17 00:59:23,406 - INFO - [sparse-mezo] global_step=2182 active_fraction=0.000000 active_params=0/1315758080 configured_ratio=0.250000 mask_strategy=percentile_per_layer scope=trainable_only

 91%|█████████ | 2183/2405 [2:30:26<14:50,  4.01s/it]2026-04-17 00:59:27,432 - INFO - [sparse-mezo] global_step=2183 active_fraction=0.000000 active_params=0/1315758080 configured_ratio=0.250000 mask_strategy=percentile_per_layer scope=trainable_only

 91%|█████████ | 2184/2405 [2:30:30<14:45,  4.01s/it]2026-04-17 00:59:31,423 - INFO - [sparse-mezo] global_step=2184 active_fraction=0.000000 active_params=0/1315758080 configured_ratio=0.250000 mask_strategy=percentile_per_layer scope=trainable_only

 91%|█████████ | 2185/2405 [2:30:34<14:40,  4.00s/it]2026-04-17 00:59:35,411 - INFO - [sparse-mezo] global_step=2185 active_fraction=0.000000 active_params=0/1315758080 configured_ratio=0.250000 mask_strategy=percentile_per_layer scope=trainable_only

 91%|█████████ | 2186/2405 [2:30:38<14:36,  4.00s/it]2026-04-17 00:59:39,428 - INFO - [sparse-mezo] global_step=2186 active_fraction=0.000000 active_params=0/1315758080 configured_ratio=0.250000 mask_strategy=percentile_per_layer scope=trainable_only

 91%|█████████ | 2187/2405 [2:30:42<14:32,  4.00s/it]2026-04-17 00:59:43,416 - INFO - [sparse-mezo] global_step=2187 active_fraction=0.000000 active_params=0/1315758080 configured_ratio=0.250000 mask_strategy=percentile_per_layer scope=trainable_only

 91%|█████████ | 2188/2405 [2:30:46<14:27,  4.00s/it]2026-04-17 00:59:47,406 - INFO - [sparse-mezo] global_step=2188 active_fraction=0.000000 active_params=0/1315758080 configured_ratio=0.250000 mask_strategy=percentile_per_layer scope=trainable_only

 91%|█████████ | 2189/2405 [2:30:50<14:23,  4.00s/it]2026-04-17 00:59:51,415 - INFO - [sparse-mezo] global_step=2189 active_fraction=0.000000 active_params=0/1315758080 configured_ratio=0.250000 mask_strategy=percentile_per_layer scope=trainable_only

 91%|█████████ | 2190/2405 [2:30:54<14:19,  4.00s/it]2026-04-17 00:59:55,420 - INFO - [sparse-mezo] global_step=2190 active_fraction=0.000000 active_params=0/1315758080 configured_ratio=0.250000 mask_strategy=percentile_per_layer scope=trainable_only

 91%|█████████ | 2191/2405 [2:30:58<14:17,  4.01s/it]2026-04-17 00:59:59,447 - INFO - [sparse-mezo] global_step=2191 active_fraction=0.000000 active_params=0/1315758080 configured_ratio=0.250000 mask_strategy=percentile_per_layer scope=trainable_only

 91%|█████████ | 2192/2405 [2:31:02<14:13,  4.01s/it]2026-04-17 01:00:03,436 - INFO - [sparse-mezo] global_step=2192 active_fraction=0.000000 active_params=0/1315758080 configured_ratio=0.250000 mask_strategy=percentile_per_layer scope=trainable_only

 91%|█████████ | 2193/2405 [2:31:06<14:08,  4.00s/it]2026-04-17 01:00:07,434 - INFO - [sparse-mezo] global_step=2193 active_fraction=0.000000 active_params=0/1315758080 configured_ratio=0.250000 mask_strategy=percentile_per_layer scope=trainable_only

 91%|█████████ | 2194/2405 [2:31:10<14:03,  4.00s/it]2026-04-17 01:00:11,422 - INFO - [sparse-mezo] global_step=2194 active_fraction=0.000000 active_params=0/1315758080 configured_ratio=0.250000 mask_strategy=percentile_per_layer scope=trainable_only

 91%|█████████▏| 2195/2405 [2:31:14<13:59,  4.00s/it]2026-04-17 01:00:15,430 - INFO - [sparse-mezo] global_step=2195 active_fraction=0.000000 active_params=0/1315758080 configured_ratio=0.250000 mask_strategy=percentile_per_layer scope=trainable_only

 91%|█████████▏| 2196/2405 [2:31:18<13:56,  4.00s/it]2026-04-17 01:00:19,421 - INFO - [sparse-mezo] global_step=2196 active_fraction=0.000000 active_params=0/1315758080 configured_ratio=0.250000 mask_strategy=percentile_per_layer scope=trainable_only

 91%|█████████▏| 2197/2405 [2:31:22<13:52,  4.00s/it]2026-04-17 01:00:23,429 - INFO - [sparse-mezo] global_step=2197 active_fraction=0.000000 active_params=0/1315758080 configured_ratio=0.250000 mask_strategy=percentile_per_layer scope=trainable_only

 91%|█████████▏| 2198/2405 [2:31:26<13:48,  4.00s/it]2026-04-17 01:00:27,454 - INFO - [sparse-mezo] global_step=2198 active_fraction=0.000000 active_params=0/1315758080 configured_ratio=0.250000 mask_strategy=percentile_per_layer scope=trainable_only

 91%|█████████▏| 2199/2405 [2:31:30<13:45,  4.01s/it]2026-04-17 01:00:31,477 - INFO - [sparse-mezo] global_step=2199 active_fraction=0.000000 active_params=0/1315758080 configured_ratio=0.250000 mask_strategy=percentile_per_layer scope=trainable_only

 91%|█████████▏| 2200/2405 [2:31:34<13:43,  4.02s/it]2026-04-17 01:00:35,506 - INFO - [sparse-mezo] global_step=2200 active_fraction=0.000000 active_params=0/1315758080 configured_ratio=0.250000 mask_strategy=percentile_per_layer scope=trainable_only
2026-04-17 01:00:39,434 - WARNING - [zo_probe] step=2200: no finite probe pairs; skipping row.

 92%|█████████▏| 2201/2405 [2:31:42<17:39,  5.19s/it]2026-04-17 01:00:43,448 - INFO - [sparse-mezo] global_step=2201 active_fraction=0.000000 active_params=0/1315758080 configured_ratio=0.250000 mask_strategy=percentile_per_layer scope=trainable_only

 92%|█████████▏| 2202/2405 [2:31:46<16:21,  4.84s/it]2026-04-17 01:00:47,436 - INFO - [sparse-mezo] global_step=2202 active_fraction=0.000000 active_params=0/1315758080 configured_ratio=0.250000 mask_strategy=percentile_per_layer scope=trainable_only

 92%|█████████▏| 2203/2405 [2:31:50<15:25,  4.58s/it]2026-04-17 01:00:51,448 - INFO - [sparse-mezo] global_step=2203 active_fraction=0.000000 active_params=0/1315758080 configured_ratio=0.250000 mask_strategy=percentile_per_layer scope=trainable_only

 92%|█████████▏| 2204/2405 [2:31:54<14:46,  4.41s/it]2026-04-17 01:00:55,440 - INFO - [sparse-mezo] global_step=2204 active_fraction=0.000000 active_params=0/1315758080 configured_ratio=0.250000 mask_strategy=percentile_per_layer scope=trainable_only

 92%|█████████▏| 2205/2405 [2:31:58<14:17,  4.29s/it]2026-04-17 01:00:59,430 - INFO - [sparse-mezo] global_step=2205 active_fraction=0.000000 active_params=0/1315758080 configured_ratio=0.250000 mask_strategy=percentile_per_layer scope=trainable_only

 92%|█████████▏| 2206/2405 [2:32:02<13:55,  4.20s/it]2026-04-17 01:01:03,448 - INFO - [sparse-mezo] global_step=2206 active_fraction=0.000000 active_params=0/1315758080 configured_ratio=0.250000 mask_strategy=percentile_per_layer scope=trainable_only

 92%|█████████▏| 2207/2405 [2:32:06<13:40,  4.14s/it]2026-04-17 01:01:07,572 - INFO - [sparse-mezo] global_step=2207 active_fraction=0.000000 active_params=0/1315758080 configured_ratio=0.250000 mask_strategy=percentile_per_layer scope=trainable_only

 92%|█████████▏| 2208/2405 [2:32:10<13:35,  4.14s/it]2026-04-17 01:01:11,563 - INFO - [sparse-mezo] global_step=2208 active_fraction=0.000000 active_params=0/1315758080 configured_ratio=0.250000 mask_strategy=percentile_per_layer scope=trainable_only

 92%|█████████▏| 2209/2405 [2:32:14<13:22,  4.10s/it]2026-04-17 01:01:15,579 - INFO - [sparse-mezo] global_step=2209 active_fraction=0.000000 active_params=0/1315758080 configured_ratio=0.250000 mask_strategy=percentile_per_layer scope=trainable_only

 92%|█████████▏| 2210/2405 [2:32:18<13:13,  4.07s/it]2026-04-17 01:01:19,571 - INFO - [sparse-mezo] global_step=2210 active_fraction=0.000000 active_params=0/1315758080 configured_ratio=0.250000 mask_strategy=percentile_per_layer scope=trainable_only

 92%|█████████▏| 2211/2405 [2:32:22<13:05,  4.05s/it]2026-04-17 01:01:23,588 - INFO - [sparse-mezo] global_step=2211 active_fraction=0.000000 active_params=0/1315758080 configured_ratio=0.250000 mask_strategy=percentile_per_layer scope=trainable_only

 92%|█████████▏| 2212/2405 [2:32:26<12:59,  4.04s/it]2026-04-17 01:01:27,605 - INFO - [sparse-mezo] global_step=2212 active_fraction=0.000000 active_params=0/1315758080 configured_ratio=0.250000 mask_strategy=percentile_per_layer scope=trainable_only

 92%|█████████▏| 2213/2405 [2:32:30<12:54,  4.04s/it]2026-04-17 01:01:31,629 - INFO - [sparse-mezo] global_step=2213 active_fraction=0.000000 active_params=0/1315758080 configured_ratio=0.250000 mask_strategy=percentile_per_layer scope=trainable_only

 92%|█████████▏| 2214/2405 [2:32:34<12:49,  4.03s/it]2026-04-17 01:01:35,638 - INFO - [sparse-mezo] global_step=2214 active_fraction=0.000000 active_params=0/1315758080 configured_ratio=0.250000 mask_strategy=percentile_per_layer scope=trainable_only

 92%|█████████▏| 2215/2405 [2:32:38<12:43,  4.02s/it]2026-04-17 01:01:39,628 - INFO - [sparse-mezo] global_step=2215 active_fraction=0.000000 active_params=0/1315758080 configured_ratio=0.250000 mask_strategy=percentile_per_layer scope=trainable_only

 92%|█████████▏| 2216/2405 [2:32:42<12:38,  4.01s/it]2026-04-17 01:01:43,627 - INFO - [sparse-mezo] global_step=2216 active_fraction=0.000000 active_params=0/1315758080 configured_ratio=0.250000 mask_strategy=percentile_per_layer scope=trainable_only

 92%|█████████▏| 2217/2405 [2:32:46<12:34,  4.01s/it]2026-04-17 01:01:47,635 - INFO - [sparse-mezo] global_step=2217 active_fraction=0.000000 active_params=0/1315758080 configured_ratio=0.250000 mask_strategy=percentile_per_layer scope=trainable_only

 92%|█████████▏| 2218/2405 [2:32:50<12:29,  4.01s/it]2026-04-17 01:01:51,644 - INFO - [sparse-mezo] global_step=2218 active_fraction=0.000000 active_params=0/1315758080 configured_ratio=0.250000 mask_strategy=percentile_per_layer scope=trainable_only

 92%|█████████▏| 2219/2405 [2:32:54<12:26,  4.01s/it]2026-04-17 01:01:55,653 - INFO - [sparse-mezo] global_step=2219 active_fraction=0.000000 active_params=0/1315758080 configured_ratio=0.250000 mask_strategy=percentile_per_layer scope=trainable_only

 92%|█████████▏| 2220/2405 [2:32:58<12:21,  4.01s/it]2026-04-17 01:01:59,668 - INFO - [sparse-mezo] global_step=2220 active_fraction=0.000000 active_params=0/1315758080 configured_ratio=0.250000 mask_strategy=percentile_per_layer scope=trainable_only

 92%|█████████▏| 2221/2405 [2:33:02<12:18,  4.01s/it]2026-04-17 01:02:03,691 - INFO - [sparse-mezo] global_step=2221 active_fraction=0.000000 active_params=0/1315758080 configured_ratio=0.250000 mask_strategy=percentile_per_layer scope=trainable_only

 92%|█████████▏| 2222/2405 [2:33:06<12:14,  4.01s/it]2026-04-17 01:02:07,684 - INFO - [sparse-mezo] global_step=2222 active_fraction=0.000000 active_params=0/1315758080 configured_ratio=0.250000 mask_strategy=percentile_per_layer scope=trainable_only

 92%|█████████▏| 2223/2405 [2:33:10<12:09,  4.01s/it]2026-04-17 01:02:11,678 - INFO - [sparse-mezo] global_step=2223 active_fraction=0.000000 active_params=0/1315758080 configured_ratio=0.250000 mask_strategy=percentile_per_layer scope=trainable_only

 92%|█████████▏| 2224/2405 [2:33:14<12:04,  4.00s/it]2026-04-17 01:02:15,675 - INFO - [sparse-mezo] global_step=2224 active_fraction=0.000000 active_params=0/1315758080 configured_ratio=0.250000 mask_strategy=percentile_per_layer scope=trainable_only

 93%|█████████▎| 2225/2405 [2:33:18<12:00,  4.00s/it]2026-04-17 01:02:19,693 - INFO - [sparse-mezo] global_step=2225 active_fraction=0.000000 active_params=0/1315758080 configured_ratio=0.250000 mask_strategy=percentile_per_layer scope=trainable_only

 93%|█████████▎| 2226/2405 [2:33:22<11:56,  4.00s/it]2026-04-17 01:02:23,699 - INFO - [sparse-mezo] global_step=2226 active_fraction=0.000000 active_params=0/1315758080 configured_ratio=0.250000 mask_strategy=percentile_per_layer scope=trainable_only

 93%|█████████▎| 2227/2405 [2:33:26<11:53,  4.01s/it]2026-04-17 01:02:27,708 - INFO - [sparse-mezo] global_step=2227 active_fraction=0.000000 active_params=0/1315758080 configured_ratio=0.250000 mask_strategy=percentile_per_layer scope=trainable_only

 93%|█████████▎| 2228/2405 [2:33:30<11:49,  4.01s/it]2026-04-17 01:02:31,716 - INFO - [sparse-mezo] global_step=2228 active_fraction=0.000000 active_params=0/1315758080 configured_ratio=0.250000 mask_strategy=percentile_per_layer scope=trainable_only

 93%|█████████▎| 2229/2405 [2:33:34<11:44,  4.00s/it]2026-04-17 01:02:35,718 - INFO - [sparse-mezo] global_step=2229 active_fraction=0.000000 active_params=0/1315758080 configured_ratio=0.250000 mask_strategy=percentile_per_layer scope=trainable_only

 93%|█████████▎| 2230/2405 [2:33:38<11:40,  4.01s/it]2026-04-17 01:02:39,725 - INFO - [sparse-mezo] global_step=2230 active_fraction=0.000000 active_params=0/1315758080 configured_ratio=0.250000 mask_strategy=percentile_per_layer scope=trainable_only

 93%|█████████▎| 2231/2405 [2:33:42<11:37,  4.01s/it]2026-04-17 01:02:43,731 - INFO - [sparse-mezo] global_step=2231 active_fraction=0.000000 active_params=0/1315758080 configured_ratio=0.250000 mask_strategy=percentile_per_layer scope=trainable_only

 93%|█████████▎| 2232/2405 [2:33:46<11:33,  4.01s/it]2026-04-17 01:02:47,721 - INFO - [sparse-mezo] global_step=2232 active_fraction=0.000000 active_params=0/1315758080 configured_ratio=0.250000 mask_strategy=percentile_per_layer scope=trainable_only

 93%|█████████▎| 2233/2405 [2:33:50<11:28,  4.00s/it]2026-04-17 01:02:51,718 - INFO - [sparse-mezo] global_step=2233 active_fraction=0.000000 active_params=0/1315758080 configured_ratio=0.250000 mask_strategy=percentile_per_layer scope=trainable_only

 93%|█████████▎| 2234/2405 [2:33:54<11:23,  4.00s/it]2026-04-17 01:02:55,708 - INFO - [sparse-mezo] global_step=2234 active_fraction=0.000000 active_params=0/1315758080 configured_ratio=0.250000 mask_strategy=percentile_per_layer scope=trainable_only

 93%|█████████▎| 2235/2405 [2:33:58<11:19,  4.00s/it]2026-04-17 01:02:59,724 - INFO - [sparse-mezo] global_step=2235 active_fraction=0.000000 active_params=0/1315758080 configured_ratio=0.250000 mask_strategy=percentile_per_layer scope=trainable_only

 93%|█████████▎| 2236/2405 [2:34:02<11:17,  4.01s/it]2026-04-17 01:03:03,734 - INFO - [sparse-mezo] global_step=2236 active_fraction=0.000000 active_params=0/1315758080 configured_ratio=0.250000 mask_strategy=percentile_per_layer scope=trainable_only

 93%|█████████▎| 2237/2405 [2:34:06<11:12,  4.00s/it]2026-04-17 01:03:07,732 - INFO - [sparse-mezo] global_step=2237 active_fraction=0.000000 active_params=0/1315758080 configured_ratio=0.250000 mask_strategy=percentile_per_layer scope=trainable_only

 93%|█████████▎| 2238/2405 [2:34:10<11:08,  4.00s/it]2026-04-17 01:03:11,739 - INFO - [sparse-mezo] global_step=2238 active_fraction=0.000000 active_params=0/1315758080 configured_ratio=0.250000 mask_strategy=percentile_per_layer scope=trainable_only

 93%|█████████▎| 2239/2405 [2:34:14<11:04,  4.00s/it]2026-04-17 01:03:15,737 - INFO - [sparse-mezo] global_step=2239 active_fraction=0.000000 active_params=0/1315758080 configured_ratio=0.250000 mask_strategy=percentile_per_layer scope=trainable_only

 93%|█████████▎| 2240/2405 [2:34:18<11:00,  4.00s/it]2026-04-17 01:03:19,727 - INFO - [sparse-mezo] global_step=2240 active_fraction=0.000000 active_params=0/1315758080 configured_ratio=0.250000 mask_strategy=percentile_per_layer scope=trainable_only

 93%|█████████▎| 2241/2405 [2:34:22<10:56,  4.00s/it]2026-04-17 01:03:23,753 - INFO - [sparse-mezo] global_step=2241 active_fraction=0.000000 active_params=0/1315758080 configured_ratio=0.250000 mask_strategy=percentile_per_layer scope=trainable_only

 93%|█████████▎| 2242/2405 [2:34:26<10:52,  4.00s/it]2026-04-17 01:03:27,761 - INFO - [sparse-mezo] global_step=2242 active_fraction=0.000000 active_params=0/1315758080 configured_ratio=0.250000 mask_strategy=percentile_per_layer scope=trainable_only

 93%|█████████▎| 2243/2405 [2:34:30<10:48,  4.01s/it]2026-04-17 01:03:31,766 - INFO - [sparse-mezo] global_step=2243 active_fraction=0.000000 active_params=0/1315758080 configured_ratio=0.250000 mask_strategy=percentile_per_layer scope=trainable_only

 93%|█████████▎| 2244/2405 [2:34:34<10:45,  4.01s/it]2026-04-17 01:03:35,763 - INFO - [sparse-mezo] global_step=2244 active_fraction=0.000000 active_params=0/1315758080 configured_ratio=0.250000 mask_strategy=percentile_per_layer scope=trainable_only

 93%|█████████▎| 2245/2405 [2:34:38<10:40,  4.00s/it]2026-04-17 01:03:39,751 - INFO - [sparse-mezo] global_step=2245 active_fraction=0.000000 active_params=0/1315758080 configured_ratio=0.250000 mask_strategy=percentile_per_layer scope=trainable_only

 93%|█████████▎| 2246/2405 [2:34:42<10:35,  4.00s/it]2026-04-17 01:03:43,757 - INFO - [sparse-mezo] global_step=2246 active_fraction=0.000000 active_params=0/1315758080 configured_ratio=0.250000 mask_strategy=percentile_per_layer scope=trainable_only

 93%|█████████▎| 2247/2405 [2:34:46<10:32,  4.00s/it]2026-04-17 01:03:47,763 - INFO - [sparse-mezo] global_step=2247 active_fraction=0.000000 active_params=0/1315758080 configured_ratio=0.250000 mask_strategy=percentile_per_layer scope=trainable_only

 93%|█████████▎| 2248/2405 [2:34:50<10:28,  4.00s/it]2026-04-17 01:03:51,749 - INFO - [sparse-mezo] global_step=2248 active_fraction=0.000000 active_params=0/1315758080 configured_ratio=0.250000 mask_strategy=percentile_per_layer scope=trainable_only

 94%|█████████▎| 2249/2405 [2:34:54<10:24,  4.00s/it]2026-04-17 01:03:55,767 - INFO - [sparse-mezo] global_step=2249 active_fraction=0.000000 active_params=0/1315758080 configured_ratio=0.250000 mask_strategy=percentile_per_layer scope=trainable_only

 94%|█████████▎| 2250/2405 [2:34:58<10:21,  4.01s/it]2026-04-17 01:03:59,794 - INFO - [sparse-mezo] global_step=2250 active_fraction=0.000000 active_params=0/1315758080 configured_ratio=0.250000 mask_strategy=percentile_per_layer scope=trainable_only

 94%|█████████▎| 2251/2405 [2:35:02<10:17,  4.01s/it]2026-04-17 01:04:03,803 - INFO - [sparse-mezo] global_step=2251 active_fraction=0.000000 active_params=0/1315758080 configured_ratio=0.250000 mask_strategy=percentile_per_layer scope=trainable_only

 94%|█████████▎| 2252/2405 [2:35:06<10:13,  4.01s/it]2026-04-17 01:04:07,792 - INFO - [sparse-mezo] global_step=2252 active_fraction=0.000000 active_params=0/1315758080 configured_ratio=0.250000 mask_strategy=percentile_per_layer scope=trainable_only

 94%|█████████▎| 2253/2405 [2:35:10<10:09,  4.01s/it]2026-04-17 01:04:11,800 - INFO - [sparse-mezo] global_step=2253 active_fraction=0.000000 active_params=0/1315758080 configured_ratio=0.250000 mask_strategy=percentile_per_layer scope=trainable_only

 94%|█████████▎| 2254/2405 [2:35:14<10:04,  4.00s/it]2026-04-17 01:04:15,790 - INFO - [sparse-mezo] global_step=2254 active_fraction=0.000000 active_params=0/1315758080 configured_ratio=0.250000 mask_strategy=percentile_per_layer scope=trainable_only

 94%|█████████▍| 2255/2405 [2:35:18<10:00,  4.00s/it]2026-04-17 01:04:19,798 - INFO - [sparse-mezo] global_step=2255 active_fraction=0.000000 active_params=0/1315758080 configured_ratio=0.250000 mask_strategy=percentile_per_layer scope=trainable_only

 94%|█████████▍| 2256/2405 [2:35:22<09:56,  4.01s/it]2026-04-17 01:04:23,806 - INFO - [sparse-mezo] global_step=2256 active_fraction=0.000000 active_params=0/1315758080 configured_ratio=0.250000 mask_strategy=percentile_per_layer scope=trainable_only

 94%|█████████▍| 2257/2405 [2:35:26<09:52,  4.00s/it]2026-04-17 01:04:27,821 - INFO - [sparse-mezo] global_step=2257 active_fraction=0.000000 active_params=0/1315758080 configured_ratio=0.250000 mask_strategy=percentile_per_layer scope=trainable_only

 94%|█████████▍| 2258/2405 [2:35:30<09:48,  4.01s/it]2026-04-17 01:04:31,838 - INFO - [sparse-mezo] global_step=2258 active_fraction=0.000000 active_params=0/1315758080 configured_ratio=0.250000 mask_strategy=percentile_per_layer scope=trainable_only

 94%|█████████▍| 2259/2405 [2:35:34<09:45,  4.01s/it]2026-04-17 01:04:35,838 - INFO - [sparse-mezo] global_step=2259 active_fraction=0.000000 active_params=0/1315758080 configured_ratio=0.250000 mask_strategy=percentile_per_layer scope=trainable_only

 94%|█████████▍| 2260/2405 [2:35:38<09:40,  4.01s/it]2026-04-17 01:04:39,836 - INFO - [sparse-mezo] global_step=2260 active_fraction=0.000000 active_params=0/1315758080 configured_ratio=0.250000 mask_strategy=percentile_per_layer scope=trainable_only

 94%|█████████▍| 2261/2405 [2:35:42<09:36,  4.00s/it]2026-04-17 01:04:43,835 - INFO - [sparse-mezo] global_step=2261 active_fraction=0.000000 active_params=0/1315758080 configured_ratio=0.250000 mask_strategy=percentile_per_layer scope=trainable_only

 94%|█████████▍| 2262/2405 [2:35:46<09:32,  4.00s/it]2026-04-17 01:04:47,841 - INFO - [sparse-mezo] global_step=2262 active_fraction=0.000000 active_params=0/1315758080 configured_ratio=0.250000 mask_strategy=percentile_per_layer scope=trainable_only

 94%|█████████▍| 2263/2405 [2:35:50<09:28,  4.00s/it]2026-04-17 01:04:51,839 - INFO - [sparse-mezo] global_step=2263 active_fraction=0.000000 active_params=0/1315758080 configured_ratio=0.250000 mask_strategy=percentile_per_layer scope=trainable_only

 94%|█████████▍| 2264/2405 [2:35:54<09:24,  4.00s/it]2026-04-17 01:04:55,837 - INFO - [sparse-mezo] global_step=2264 active_fraction=0.000000 active_params=0/1315758080 configured_ratio=0.250000 mask_strategy=percentile_per_layer scope=trainable_only

 94%|█████████▍| 2265/2405 [2:35:58<09:19,  4.00s/it]2026-04-17 01:04:59,827 - INFO - [sparse-mezo] global_step=2265 active_fraction=0.000000 active_params=0/1315758080 configured_ratio=0.250000 mask_strategy=percentile_per_layer scope=trainable_only

 94%|█████████▍| 2266/2405 [2:36:02<09:15,  4.00s/it]2026-04-17 01:05:03,841 - INFO - [sparse-mezo] global_step=2266 active_fraction=0.000000 active_params=0/1315758080 configured_ratio=0.250000 mask_strategy=percentile_per_layer scope=trainable_only

 94%|█████████▍| 2267/2405 [2:36:06<09:13,  4.01s/it]2026-04-17 01:05:07,882 - INFO - [sparse-mezo] global_step=2267 active_fraction=0.000000 active_params=0/1315758080 configured_ratio=0.250000 mask_strategy=percentile_per_layer scope=trainable_only

 94%|█████████▍| 2268/2405 [2:36:10<09:09,  4.01s/it]2026-04-17 01:05:11,864 - INFO - [sparse-mezo] global_step=2268 active_fraction=0.000000 active_params=0/1315758080 configured_ratio=0.250000 mask_strategy=percentile_per_layer scope=trainable_only

 94%|█████████▍| 2269/2405 [2:36:14<09:04,  4.00s/it]2026-04-17 01:05:15,853 - INFO - [sparse-mezo] global_step=2269 active_fraction=0.000000 active_params=0/1315758080 configured_ratio=0.250000 mask_strategy=percentile_per_layer scope=trainable_only

 94%|█████████▍| 2270/2405 [2:36:18<08:59,  4.00s/it]2026-04-17 01:05:19,866 - INFO - [sparse-mezo] global_step=2270 active_fraction=0.000000 active_params=0/1315758080 configured_ratio=0.250000 mask_strategy=percentile_per_layer scope=trainable_only

 94%|█████████▍| 2271/2405 [2:36:22<08:56,  4.00s/it]2026-04-17 01:05:23,857 - INFO - [sparse-mezo] global_step=2271 active_fraction=0.000000 active_params=0/1315758080 configured_ratio=0.250000 mask_strategy=percentile_per_layer scope=trainable_only

 94%|█████████▍| 2272/2405 [2:36:26<08:51,  4.00s/it]2026-04-17 01:05:27,862 - INFO - [sparse-mezo] global_step=2272 active_fraction=0.000000 active_params=0/1315758080 configured_ratio=0.250000 mask_strategy=percentile_per_layer scope=trainable_only

 95%|█████████▍| 2273/2405 [2:36:30<08:48,  4.00s/it]2026-04-17 01:05:31,849 - INFO - [sparse-mezo] global_step=2273 active_fraction=0.000000 active_params=0/1315758080 configured_ratio=0.250000 mask_strategy=percentile_per_layer scope=trainable_only

 95%|█████████▍| 2274/2405 [2:36:34<08:43,  4.00s/it]2026-04-17 01:05:35,840 - INFO - [sparse-mezo] global_step=2274 active_fraction=0.000000 active_params=0/1315758080 configured_ratio=0.250000 mask_strategy=percentile_per_layer scope=trainable_only

 95%|█████████▍| 2275/2405 [2:36:38<08:39,  3.99s/it]2026-04-17 01:05:39,824 - INFO - [sparse-mezo] global_step=2275 active_fraction=0.000000 active_params=0/1315758080 configured_ratio=0.250000 mask_strategy=percentile_per_layer scope=trainable_only

 95%|█████████▍| 2276/2405 [2:36:42<08:35,  3.99s/it]2026-04-17 01:05:43,840 - INFO - [sparse-mezo] global_step=2276 active_fraction=0.000000 active_params=0/1315758080 configured_ratio=0.250000 mask_strategy=percentile_per_layer scope=trainable_only

 95%|█████████▍| 2277/2405 [2:36:46<08:32,  4.00s/it]2026-04-17 01:05:47,857 - INFO - [sparse-mezo] global_step=2277 active_fraction=0.000000 active_params=0/1315758080 configured_ratio=0.250000 mask_strategy=percentile_per_layer scope=trainable_only

 95%|█████████▍| 2278/2405 [2:36:50<08:29,  4.01s/it]2026-04-17 01:05:51,883 - INFO - [sparse-mezo] global_step=2278 active_fraction=0.000000 active_params=0/1315758080 configured_ratio=0.250000 mask_strategy=percentile_per_layer scope=trainable_only

 95%|█████████▍| 2279/2405 [2:36:54<08:25,  4.01s/it]2026-04-17 01:05:55,871 - INFO - [sparse-mezo] global_step=2279 active_fraction=0.000000 active_params=0/1315758080 configured_ratio=0.250000 mask_strategy=percentile_per_layer scope=trainable_only

 95%|█████████▍| 2280/2405 [2:36:58<08:20,  4.00s/it]2026-04-17 01:05:59,854 - INFO - [sparse-mezo] global_step=2280 active_fraction=0.000000 active_params=0/1315758080 configured_ratio=0.250000 mask_strategy=percentile_per_layer scope=trainable_only

 95%|█████████▍| 2281/2405 [2:37:02<08:15,  4.00s/it]2026-04-17 01:06:03,860 - INFO - [sparse-mezo] global_step=2281 active_fraction=0.000000 active_params=0/1315758080 configured_ratio=0.250000 mask_strategy=percentile_per_layer scope=trainable_only

 95%|█████████▍| 2282/2405 [2:37:06<08:12,  4.00s/it]2026-04-17 01:06:07,875 - INFO - [sparse-mezo] global_step=2282 active_fraction=0.000000 active_params=0/1315758080 configured_ratio=0.250000 mask_strategy=percentile_per_layer scope=trainable_only

 95%|█████████▍| 2283/2405 [2:37:10<08:08,  4.01s/it]2026-04-17 01:06:11,889 - INFO - [sparse-mezo] global_step=2283 active_fraction=0.000000 active_params=0/1315758080 configured_ratio=0.250000 mask_strategy=percentile_per_layer scope=trainable_only

 95%|█████████▍| 2284/2405 [2:37:15<08:05,  4.01s/it]2026-04-17 01:06:15,906 - INFO - [sparse-mezo] global_step=2284 active_fraction=0.000000 active_params=0/1315758080 configured_ratio=0.250000 mask_strategy=percentile_per_layer scope=trainable_only

 95%|█████████▌| 2285/2405 [2:37:19<08:01,  4.01s/it]2026-04-17 01:06:19,921 - INFO - [sparse-mezo] global_step=2285 active_fraction=0.000000 active_params=0/1315758080 configured_ratio=0.250000 mask_strategy=percentile_per_layer scope=trainable_only

 95%|█████████▌| 2286/2405 [2:37:23<07:57,  4.01s/it]2026-04-17 01:06:23,930 - INFO - [sparse-mezo] global_step=2286 active_fraction=0.000000 active_params=0/1315758080 configured_ratio=0.250000 mask_strategy=percentile_per_layer scope=trainable_only

 95%|█████████▌| 2287/2405 [2:37:27<07:53,  4.01s/it]2026-04-17 01:06:27,936 - INFO - [sparse-mezo] global_step=2287 active_fraction=0.000000 active_params=0/1315758080 configured_ratio=0.250000 mask_strategy=percentile_per_layer scope=trainable_only

 95%|█████████▌| 2288/2405 [2:37:31<07:48,  4.01s/it]2026-04-17 01:06:31,945 - INFO - [sparse-mezo] global_step=2288 active_fraction=0.000000 active_params=0/1315758080 configured_ratio=0.250000 mask_strategy=percentile_per_layer scope=trainable_only

 95%|█████████▌| 2289/2405 [2:37:35<07:45,  4.01s/it]2026-04-17 01:06:35,961 - INFO - [sparse-mezo] global_step=2289 active_fraction=0.000000 active_params=0/1315758080 configured_ratio=0.250000 mask_strategy=percentile_per_layer scope=trainable_only

 95%|█████████▌| 2290/2405 [2:37:39<07:40,  4.01s/it]2026-04-17 01:06:39,945 - INFO - [sparse-mezo] global_step=2290 active_fraction=0.000000 active_params=0/1315758080 configured_ratio=0.250000 mask_strategy=percentile_per_layer scope=trainable_only

 95%|█████████▌| 2291/2405 [2:37:43<07:36,  4.01s/it]2026-04-17 01:06:43,968 - INFO - [sparse-mezo] global_step=2291 active_fraction=0.000000 active_params=0/1315758080 configured_ratio=0.250000 mask_strategy=percentile_per_layer scope=trainable_only

 95%|█████████▌| 2292/2405 [2:37:47<07:32,  4.01s/it]2026-04-17 01:06:47,952 - INFO - [sparse-mezo] global_step=2292 active_fraction=0.000000 active_params=0/1315758080 configured_ratio=0.250000 mask_strategy=percentile_per_layer scope=trainable_only

 95%|█████████▌| 2293/2405 [2:37:51<07:28,  4.00s/it]2026-04-17 01:06:51,968 - INFO - [sparse-mezo] global_step=2293 active_fraction=0.000000 active_params=0/1315758080 configured_ratio=0.250000 mask_strategy=percentile_per_layer scope=trainable_only

 95%|█████████▌| 2294/2405 [2:37:55<07:24,  4.01s/it]2026-04-17 01:06:55,966 - INFO - [sparse-mezo] global_step=2294 active_fraction=0.000000 active_params=0/1315758080 configured_ratio=0.250000 mask_strategy=percentile_per_layer scope=trainable_only

 95%|█████████▌| 2295/2405 [2:37:59<07:20,  4.00s/it]2026-04-17 01:06:59,962 - INFO - [sparse-mezo] global_step=2295 active_fraction=0.000000 active_params=0/1315758080 configured_ratio=0.250000 mask_strategy=percentile_per_layer scope=trainable_only

 95%|█████████▌| 2296/2405 [2:38:03<07:15,  4.00s/it]2026-04-17 01:07:03,950 - INFO - [sparse-mezo] global_step=2296 active_fraction=0.000000 active_params=0/1315758080 configured_ratio=0.250000 mask_strategy=percentile_per_layer scope=trainable_only

 96%|█████████▌| 2297/2405 [2:38:07<07:11,  3.99s/it]2026-04-17 01:07:07,951 - INFO - [sparse-mezo] global_step=2297 active_fraction=0.000000 active_params=0/1315758080 configured_ratio=0.250000 mask_strategy=percentile_per_layer scope=trainable_only

 96%|█████████▌| 2298/2405 [2:38:11<07:08,  4.00s/it]2026-04-17 01:07:11,976 - INFO - [sparse-mezo] global_step=2298 active_fraction=0.000000 active_params=0/1315758080 configured_ratio=0.250000 mask_strategy=percentile_per_layer scope=trainable_only

 96%|█████████▌| 2299/2405 [2:38:15<07:04,  4.01s/it]2026-04-17 01:07:15,974 - INFO - [sparse-mezo] global_step=2299 active_fraction=0.000000 active_params=0/1315758080 configured_ratio=0.250000 mask_strategy=percentile_per_layer scope=trainable_only

 96%|█████████▌| 2300/2405 [2:38:19<07:00,  4.00s/it]2026-04-17 01:07:19,972 - INFO - [sparse-mezo] global_step=2300 active_fraction=0.000000 active_params=0/1315758080 configured_ratio=0.250000 mask_strategy=percentile_per_layer scope=trainable_only
2026-04-17 01:07:23,556 - WARNING - [zo_probe] step=2300: no finite probe pairs; skipping row.

 96%|█████████▌| 2301/2405 [2:38:26<08:47,  5.07s/it]2026-04-17 01:07:27,545 - INFO - [sparse-mezo] global_step=2301 active_fraction=0.000000 active_params=0/1315758080 configured_ratio=0.250000 mask_strategy=percentile_per_layer scope=trainable_only

 96%|█████████▌| 2302/2405 [2:38:30<08:09,  4.76s/it]2026-04-17 01:07:31,575 - INFO - [sparse-mezo] global_step=2302 active_fraction=0.000000 active_params=0/1315758080 configured_ratio=0.250000 mask_strategy=percentile_per_layer scope=trainable_only

 96%|█████████▌| 2303/2405 [2:38:34<07:42,  4.53s/it]2026-04-17 01:07:35,591 - INFO - [sparse-mezo] global_step=2303 active_fraction=0.000000 active_params=0/1315758080 configured_ratio=0.250000 mask_strategy=percentile_per_layer scope=trainable_only

 96%|█████████▌| 2304/2405 [2:38:38<07:22,  4.38s/it]2026-04-17 01:07:39,607 - INFO - [sparse-mezo] global_step=2304 active_fraction=0.000000 active_params=0/1315758080 configured_ratio=0.250000 mask_strategy=percentile_per_layer scope=trainable_only

 96%|█████████▌| 2305/2405 [2:38:42<07:06,  4.27s/it]2026-04-17 01:07:43,591 - INFO - [sparse-mezo] global_step=2305 active_fraction=0.000000 active_params=0/1315758080 configured_ratio=0.250000 mask_strategy=percentile_per_layer scope=trainable_only

 96%|█████████▌| 2306/2405 [2:38:46<06:54,  4.18s/it]2026-04-17 01:07:47,597 - INFO - [sparse-mezo] global_step=2306 active_fraction=0.000000 active_params=0/1315758080 configured_ratio=0.250000 mask_strategy=percentile_per_layer scope=trainable_only

 96%|█████████▌| 2307/2405 [2:38:50<06:45,  4.14s/it]2026-04-17 01:07:51,625 - INFO - [sparse-mezo] global_step=2307 active_fraction=0.000000 active_params=0/1315758080 configured_ratio=0.250000 mask_strategy=percentile_per_layer scope=trainable_only

 96%|█████████▌| 2308/2405 [2:38:54<06:37,  4.10s/it]2026-04-17 01:07:55,632 - INFO - [sparse-mezo] global_step=2308 active_fraction=0.000000 active_params=0/1315758080 configured_ratio=0.250000 mask_strategy=percentile_per_layer scope=trainable_only

 96%|█████████▌| 2309/2405 [2:38:58<06:31,  4.07s/it]2026-04-17 01:07:59,628 - INFO - [sparse-mezo] global_step=2309 active_fraction=0.000000 active_params=0/1315758080 configured_ratio=0.250000 mask_strategy=percentile_per_layer scope=trainable_only

 96%|█████████▌| 2310/2405 [2:39:02<06:24,  4.05s/it]2026-04-17 01:08:03,614 - INFO - [sparse-mezo] global_step=2310 active_fraction=0.000000 active_params=0/1315758080 configured_ratio=0.250000 mask_strategy=percentile_per_layer scope=trainable_only

 96%|█████████▌| 2311/2405 [2:39:06<06:18,  4.03s/it]2026-04-17 01:08:07,603 - INFO - [sparse-mezo] global_step=2311 active_fraction=0.000000 active_params=0/1315758080 configured_ratio=0.250000 mask_strategy=percentile_per_layer scope=trainable_only

 96%|█████████▌| 2312/2405 [2:39:10<06:13,  4.02s/it]2026-04-17 01:08:11,590 - INFO - [sparse-mezo] global_step=2312 active_fraction=0.000000 active_params=0/1315758080 configured_ratio=0.250000 mask_strategy=percentile_per_layer scope=trainable_only

 96%|█████████▌| 2313/2405 [2:39:14<06:09,  4.01s/it]2026-04-17 01:08:15,616 - INFO - [sparse-mezo] global_step=2313 active_fraction=0.000000 active_params=0/1315758080 configured_ratio=0.250000 mask_strategy=percentile_per_layer scope=trainable_only

 96%|█████████▌| 2314/2405 [2:39:18<06:05,  4.01s/it]2026-04-17 01:08:19,604 - INFO - [sparse-mezo] global_step=2314 active_fraction=0.000000 active_params=0/1315758080 configured_ratio=0.250000 mask_strategy=percentile_per_layer scope=trainable_only

 96%|█████████▋| 2315/2405 [2:39:22<06:01,  4.01s/it]2026-04-17 01:08:23,638 - INFO - [sparse-mezo] global_step=2315 active_fraction=0.000000 active_params=0/1315758080 configured_ratio=0.250000 mask_strategy=percentile_per_layer scope=trainable_only

 96%|█████████▋| 2316/2405 [2:39:26<05:57,  4.01s/it]2026-04-17 01:08:27,630 - INFO - [sparse-mezo] global_step=2316 active_fraction=0.000000 active_params=0/1315758080 configured_ratio=0.250000 mask_strategy=percentile_per_layer scope=trainable_only

 96%|█████████▋| 2317/2405 [2:39:30<05:52,  4.01s/it]2026-04-17 01:08:31,631 - INFO - [sparse-mezo] global_step=2317 active_fraction=0.000000 active_params=0/1315758080 configured_ratio=0.250000 mask_strategy=percentile_per_layer scope=trainable_only

 96%|█████████▋| 2318/2405 [2:39:34<05:48,  4.01s/it]2026-04-17 01:08:35,662 - INFO - [sparse-mezo] global_step=2318 active_fraction=0.000000 active_params=0/1315758080 configured_ratio=0.250000 mask_strategy=percentile_per_layer scope=trainable_only

 96%|█████████▋| 2319/2405 [2:39:38<05:44,  4.01s/it]2026-04-17 01:08:39,645 - INFO - [sparse-mezo] global_step=2319 active_fraction=0.000000 active_params=0/1315758080 configured_ratio=0.250000 mask_strategy=percentile_per_layer scope=trainable_only

 96%|█████████▋| 2320/2405 [2:39:42<05:40,  4.01s/it]2026-04-17 01:08:43,665 - INFO - [sparse-mezo] global_step=2320 active_fraction=0.000000 active_params=0/1315758080 configured_ratio=0.250000 mask_strategy=percentile_per_layer scope=trainable_only

 97%|█████████▋| 2321/2405 [2:39:46<05:36,  4.01s/it]2026-04-17 01:08:47,651 - INFO - [sparse-mezo] global_step=2321 active_fraction=0.000000 active_params=0/1315758080 configured_ratio=0.250000 mask_strategy=percentile_per_layer scope=trainable_only

 97%|█████████▋| 2322/2405 [2:39:50<05:31,  4.00s/it]2026-04-17 01:08:51,653 - INFO - [sparse-mezo] global_step=2322 active_fraction=0.000000 active_params=0/1315758080 configured_ratio=0.250000 mask_strategy=percentile_per_layer scope=trainable_only

 97%|█████████▋| 2323/2405 [2:39:54<05:27,  4.00s/it]2026-04-17 01:08:55,637 - INFO - [sparse-mezo] global_step=2323 active_fraction=0.000000 active_params=0/1315758080 configured_ratio=0.250000 mask_strategy=percentile_per_layer scope=trainable_only

 97%|█████████▋| 2324/2405 [2:39:58<05:23,  4.00s/it]2026-04-17 01:08:59,635 - INFO - [sparse-mezo] global_step=2324 active_fraction=0.000000 active_params=0/1315758080 configured_ratio=0.250000 mask_strategy=percentile_per_layer scope=trainable_only

 97%|█████████▋| 2325/2405 [2:40:02<05:20,  4.00s/it]2026-04-17 01:09:03,659 - INFO - [sparse-mezo] global_step=2325 active_fraction=0.000000 active_params=0/1315758080 configured_ratio=0.250000 mask_strategy=percentile_per_layer scope=trainable_only

 97%|█████████▋| 2326/2405 [2:40:06<05:16,  4.01s/it]2026-04-17 01:09:07,674 - INFO - [sparse-mezo] global_step=2326 active_fraction=0.000000 active_params=0/1315758080 configured_ratio=0.250000 mask_strategy=percentile_per_layer scope=trainable_only

 97%|█████████▋| 2327/2405 [2:40:10<05:12,  4.01s/it]2026-04-17 01:09:11,664 - INFO - [sparse-mezo] global_step=2327 active_fraction=0.000000 active_params=0/1315758080 configured_ratio=0.250000 mask_strategy=percentile_per_layer scope=trainable_only

 97%|█████████▋| 2328/2405 [2:40:14<05:08,  4.00s/it]2026-04-17 01:09:15,653 - INFO - [sparse-mezo] global_step=2328 active_fraction=0.000000 active_params=0/1315758080 configured_ratio=0.250000 mask_strategy=percentile_per_layer scope=trainable_only

 97%|█████████▋| 2329/2405 [2:40:18<05:03,  4.00s/it]2026-04-17 01:09:19,668 - INFO - [sparse-mezo] global_step=2329 active_fraction=0.000000 active_params=0/1315758080 configured_ratio=0.250000 mask_strategy=percentile_per_layer scope=trainable_only

 97%|█████████▋| 2330/2405 [2:40:22<05:00,  4.01s/it]2026-04-17 01:09:23,686 - INFO - [sparse-mezo] global_step=2330 active_fraction=0.000000 active_params=0/1315758080 configured_ratio=0.250000 mask_strategy=percentile_per_layer scope=trainable_only

 97%|█████████▋| 2331/2405 [2:40:26<04:56,  4.01s/it]2026-04-17 01:09:27,713 - INFO - [sparse-mezo] global_step=2331 active_fraction=0.000000 active_params=0/1315758080 configured_ratio=0.250000 mask_strategy=percentile_per_layer scope=trainable_only

 97%|█████████▋| 2332/2405 [2:40:30<04:52,  4.01s/it]2026-04-17 01:09:31,729 - INFO - [sparse-mezo] global_step=2332 active_fraction=0.000000 active_params=0/1315758080 configured_ratio=0.250000 mask_strategy=percentile_per_layer scope=trainable_only

 97%|█████████▋| 2333/2405 [2:40:34<04:49,  4.01s/it]2026-04-17 01:09:35,743 - INFO - [sparse-mezo] global_step=2333 active_fraction=0.000000 active_params=0/1315758080 configured_ratio=0.250000 mask_strategy=percentile_per_layer scope=trainable_only

 97%|█████████▋| 2334/2405 [2:40:38<04:44,  4.01s/it]2026-04-17 01:09:39,730 - INFO - [sparse-mezo] global_step=2334 active_fraction=0.000000 active_params=0/1315758080 configured_ratio=0.250000 mask_strategy=percentile_per_layer scope=trainable_only

 97%|█████████▋| 2335/2405 [2:40:42<04:40,  4.00s/it]2026-04-17 01:09:43,718 - INFO - [sparse-mezo] global_step=2335 active_fraction=0.000000 active_params=0/1315758080 configured_ratio=0.250000 mask_strategy=percentile_per_layer scope=trainable_only

 97%|█████████▋| 2336/2405 [2:40:46<04:36,  4.00s/it]2026-04-17 01:09:47,716 - INFO - [sparse-mezo] global_step=2336 active_fraction=0.000000 active_params=0/1315758080 configured_ratio=0.250000 mask_strategy=percentile_per_layer scope=trainable_only

 97%|█████████▋| 2337/2405 [2:40:50<04:31,  4.00s/it]2026-04-17 01:09:51,729 - INFO - [sparse-mezo] global_step=2337 active_fraction=0.000000 active_params=0/1315758080 configured_ratio=0.250000 mask_strategy=percentile_per_layer scope=trainable_only

 97%|█████████▋| 2338/2405 [2:40:54<04:28,  4.01s/it]2026-04-17 01:09:55,749 - INFO - [sparse-mezo] global_step=2338 active_fraction=0.000000 active_params=0/1315758080 configured_ratio=0.250000 mask_strategy=percentile_per_layer scope=trainable_only

 97%|█████████▋| 2339/2405 [2:40:58<04:24,  4.01s/it]2026-04-17 01:09:59,735 - INFO - [sparse-mezo] global_step=2339 active_fraction=0.000000 active_params=0/1315758080 configured_ratio=0.250000 mask_strategy=percentile_per_layer scope=trainable_only

 97%|█████████▋| 2340/2405 [2:41:02<04:19,  4.00s/it]2026-04-17 01:10:03,741 - INFO - [sparse-mezo] global_step=2340 active_fraction=0.000000 active_params=0/1315758080 configured_ratio=0.250000 mask_strategy=percentile_per_layer scope=trainable_only

 97%|█████████▋| 2341/2405 [2:41:06<04:16,  4.00s/it]2026-04-17 01:10:07,756 - INFO - [sparse-mezo] global_step=2341 active_fraction=0.000000 active_params=0/1315758080 configured_ratio=0.250000 mask_strategy=percentile_per_layer scope=trainable_only

 97%|█████████▋| 2342/2405 [2:41:10<04:12,  4.01s/it]2026-04-17 01:10:11,774 - INFO - [sparse-mezo] global_step=2342 active_fraction=0.000000 active_params=0/1315758080 configured_ratio=0.250000 mask_strategy=percentile_per_layer scope=trainable_only

 97%|█████████▋| 2343/2405 [2:41:14<04:08,  4.01s/it]2026-04-17 01:10:15,769 - INFO - [sparse-mezo] global_step=2343 active_fraction=0.000000 active_params=0/1315758080 configured_ratio=0.250000 mask_strategy=percentile_per_layer scope=trainable_only

 97%|█████████▋| 2344/2405 [2:41:18<04:04,  4.01s/it]2026-04-17 01:10:19,786 - INFO - [sparse-mezo] global_step=2344 active_fraction=0.000000 active_params=0/1315758080 configured_ratio=0.250000 mask_strategy=percentile_per_layer scope=trainable_only

 98%|█████████▊| 2345/2405 [2:41:22<04:00,  4.01s/it]2026-04-17 01:10:23,803 - INFO - [sparse-mezo] global_step=2345 active_fraction=0.000000 active_params=0/1315758080 configured_ratio=0.250000 mask_strategy=percentile_per_layer scope=trainable_only

 98%|█████████▊| 2346/2405 [2:41:26<03:56,  4.01s/it]2026-04-17 01:10:27,811 - INFO - [sparse-mezo] global_step=2346 active_fraction=0.000000 active_params=0/1315758080 configured_ratio=0.250000 mask_strategy=percentile_per_layer scope=trainable_only

 98%|█████████▊| 2347/2405 [2:41:30<03:52,  4.01s/it]2026-04-17 01:10:31,828 - INFO - [sparse-mezo] global_step=2347 active_fraction=0.000000 active_params=0/1315758080 configured_ratio=0.250000 mask_strategy=percentile_per_layer scope=trainable_only

 98%|█████████▊| 2348/2405 [2:41:34<03:48,  4.01s/it]2026-04-17 01:10:35,813 - INFO - [sparse-mezo] global_step=2348 active_fraction=0.000000 active_params=0/1315758080 configured_ratio=0.250000 mask_strategy=percentile_per_layer scope=trainable_only

 98%|█████████▊| 2349/2405 [2:41:38<03:44,  4.00s/it]2026-04-17 01:10:39,829 - INFO - [sparse-mezo] global_step=2349 active_fraction=0.000000 active_params=0/1315758080 configured_ratio=0.250000 mask_strategy=percentile_per_layer scope=trainable_only

 98%|█████████▊| 2350/2405 [2:41:42<03:40,  4.01s/it]2026-04-17 01:10:43,845 - INFO - [sparse-mezo] global_step=2350 active_fraction=0.000000 active_params=0/1315758080 configured_ratio=0.250000 mask_strategy=percentile_per_layer scope=trainable_only

 98%|█████████▊| 2351/2405 [2:41:46<03:36,  4.01s/it]2026-04-17 01:10:47,833 - INFO - [sparse-mezo] global_step=2351 active_fraction=0.000000 active_params=0/1315758080 configured_ratio=0.250000 mask_strategy=percentile_per_layer scope=trainable_only

 98%|█████████▊| 2352/2405 [2:41:50<03:32,  4.00s/it]2026-04-17 01:10:51,830 - INFO - [sparse-mezo] global_step=2352 active_fraction=0.000000 active_params=0/1315758080 configured_ratio=0.250000 mask_strategy=percentile_per_layer scope=trainable_only

 98%|█████████▊| 2353/2405 [2:41:54<03:28,  4.00s/it]2026-04-17 01:10:55,827 - INFO - [sparse-mezo] global_step=2353 active_fraction=0.000000 active_params=0/1315758080 configured_ratio=0.250000 mask_strategy=percentile_per_layer scope=trainable_only

 98%|█████████▊| 2354/2405 [2:41:58<03:23,  4.00s/it]2026-04-17 01:10:59,812 - INFO - [sparse-mezo] global_step=2354 active_fraction=0.000000 active_params=0/1315758080 configured_ratio=0.250000 mask_strategy=percentile_per_layer scope=trainable_only

 98%|█████████▊| 2355/2405 [2:42:02<03:19,  4.00s/it]2026-04-17 01:11:03,810 - INFO - [sparse-mezo] global_step=2355 active_fraction=0.000000 active_params=0/1315758080 configured_ratio=0.250000 mask_strategy=percentile_per_layer scope=trainable_only

 98%|█████████▊| 2356/2405 [2:42:06<03:15,  3.99s/it]2026-04-17 01:11:07,799 - INFO - [sparse-mezo] global_step=2356 active_fraction=0.000000 active_params=0/1315758080 configured_ratio=0.250000 mask_strategy=percentile_per_layer scope=trainable_only

 98%|█████████▊| 2357/2405 [2:42:10<03:11,  3.99s/it]2026-04-17 01:11:11,806 - INFO - [sparse-mezo] global_step=2357 active_fraction=0.000000 active_params=0/1315758080 configured_ratio=0.250000 mask_strategy=percentile_per_layer scope=trainable_only

 98%|█████████▊| 2358/2405 [2:42:14<03:07,  4.00s/it]2026-04-17 01:11:15,793 - INFO - [sparse-mezo] global_step=2358 active_fraction=0.000000 active_params=0/1315758080 configured_ratio=0.250000 mask_strategy=percentile_per_layer scope=trainable_only

 98%|█████████▊| 2359/2405 [2:42:18<03:03,  3.99s/it]2026-04-17 01:11:19,777 - INFO - [sparse-mezo] global_step=2359 active_fraction=0.000000 active_params=0/1315758080 configured_ratio=0.250000 mask_strategy=percentile_per_layer scope=trainable_only

 98%|█████████▊| 2360/2405 [2:42:22<02:59,  3.99s/it]2026-04-17 01:11:23,773 - INFO - [sparse-mezo] global_step=2360 active_fraction=0.000000 active_params=0/1315758080 configured_ratio=0.250000 mask_strategy=percentile_per_layer scope=trainable_only

 98%|█████████▊| 2361/2405 [2:42:26<02:55,  3.99s/it]2026-04-17 01:11:27,762 - INFO - [sparse-mezo] global_step=2361 active_fraction=0.000000 active_params=0/1315758080 configured_ratio=0.250000 mask_strategy=percentile_per_layer scope=trainable_only

 98%|█████████▊| 2362/2405 [2:42:30<02:51,  3.99s/it]2026-04-17 01:11:31,778 - INFO - [sparse-mezo] global_step=2362 active_fraction=0.000000 active_params=0/1315758080 configured_ratio=0.250000 mask_strategy=percentile_per_layer scope=trainable_only

 98%|█████████▊| 2363/2405 [2:42:34<02:47,  4.00s/it]2026-04-17 01:11:35,782 - INFO - [sparse-mezo] global_step=2363 active_fraction=0.000000 active_params=0/1315758080 configured_ratio=0.250000 mask_strategy=percentile_per_layer scope=trainable_only

 98%|█████████▊| 2364/2405 [2:42:38<02:44,  4.00s/it]2026-04-17 01:11:39,797 - INFO - [sparse-mezo] global_step=2364 active_fraction=0.000000 active_params=0/1315758080 configured_ratio=0.250000 mask_strategy=percentile_per_layer scope=trainable_only

 98%|█████████▊| 2365/2405 [2:42:42<02:40,  4.00s/it]2026-04-17 01:11:43,803 - INFO - [sparse-mezo] global_step=2365 active_fraction=0.000000 active_params=0/1315758080 configured_ratio=0.250000 mask_strategy=percentile_per_layer scope=trainable_only

 98%|█████████▊| 2366/2405 [2:42:46<02:36,  4.00s/it]2026-04-17 01:11:47,809 - INFO - [sparse-mezo] global_step=2366 active_fraction=0.000000 active_params=0/1315758080 configured_ratio=0.250000 mask_strategy=percentile_per_layer scope=trainable_only

 98%|█████████▊| 2367/2405 [2:42:50<02:32,  4.00s/it]2026-04-17 01:11:51,816 - INFO - [sparse-mezo] global_step=2367 active_fraction=0.000000 active_params=0/1315758080 configured_ratio=0.250000 mask_strategy=percentile_per_layer scope=trainable_only

 98%|█████████▊| 2368/2405 [2:42:54<02:28,  4.01s/it]2026-04-17 01:11:55,830 - INFO - [sparse-mezo] global_step=2368 active_fraction=0.000000 active_params=0/1315758080 configured_ratio=0.250000 mask_strategy=percentile_per_layer scope=trainable_only

 99%|█████████▊| 2369/2405 [2:42:58<02:24,  4.01s/it]2026-04-17 01:11:59,833 - INFO - [sparse-mezo] global_step=2369 active_fraction=0.000000 active_params=0/1315758080 configured_ratio=0.250000 mask_strategy=percentile_per_layer scope=trainable_only

 99%|█████████▊| 2370/2405 [2:43:02<02:20,  4.01s/it]2026-04-17 01:12:03,840 - INFO - [sparse-mezo] global_step=2370 active_fraction=0.000000 active_params=0/1315758080 configured_ratio=0.250000 mask_strategy=percentile_per_layer scope=trainable_only

 99%|█████████▊| 2371/2405 [2:43:06<02:16,  4.01s/it]2026-04-17 01:12:07,865 - INFO - [sparse-mezo] global_step=2371 active_fraction=0.000000 active_params=0/1315758080 configured_ratio=0.250000 mask_strategy=percentile_per_layer scope=trainable_only

 99%|█████████▊| 2372/2405 [2:43:10<02:12,  4.01s/it]2026-04-17 01:12:11,880 - INFO - [sparse-mezo] global_step=2372 active_fraction=0.000000 active_params=0/1315758080 configured_ratio=0.250000 mask_strategy=percentile_per_layer scope=trainable_only

 99%|█████████▊| 2373/2405 [2:43:14<02:08,  4.01s/it]2026-04-17 01:12:15,870 - INFO - [sparse-mezo] global_step=2373 active_fraction=0.000000 active_params=0/1315758080 configured_ratio=0.250000 mask_strategy=percentile_per_layer scope=trainable_only

 99%|█████████▊| 2374/2405 [2:43:18<02:04,  4.01s/it]2026-04-17 01:12:19,869 - INFO - [sparse-mezo] global_step=2374 active_fraction=0.000000 active_params=0/1315758080 configured_ratio=0.250000 mask_strategy=percentile_per_layer scope=trainable_only

 99%|█████████▉| 2375/2405 [2:43:22<02:00,  4.01s/it]2026-04-17 01:12:23,869 - INFO - [sparse-mezo] global_step=2375 active_fraction=0.000000 active_params=0/1315758080 configured_ratio=0.250000 mask_strategy=percentile_per_layer scope=trainable_only

 99%|█████████▉| 2376/2405 [2:43:27<01:56,  4.01s/it]2026-04-17 01:12:27,879 - INFO - [sparse-mezo] global_step=2376 active_fraction=0.000000 active_params=0/1315758080 configured_ratio=0.250000 mask_strategy=percentile_per_layer scope=trainable_only

 99%|█████████▉| 2377/2405 [2:43:31<01:52,  4.00s/it]2026-04-17 01:12:31,893 - INFO - [sparse-mezo] global_step=2377 active_fraction=0.000000 active_params=0/1315758080 configured_ratio=0.250000 mask_strategy=percentile_per_layer scope=trainable_only

 99%|█████████▉| 2378/2405 [2:43:35<01:48,  4.01s/it]2026-04-17 01:12:35,907 - INFO - [sparse-mezo] global_step=2378 active_fraction=0.000000 active_params=0/1315758080 configured_ratio=0.250000 mask_strategy=percentile_per_layer scope=trainable_only

 99%|█████████▉| 2379/2405 [2:43:39<01:44,  4.01s/it]2026-04-17 01:12:39,896 - INFO - [sparse-mezo] global_step=2379 active_fraction=0.000000 active_params=0/1315758080 configured_ratio=0.250000 mask_strategy=percentile_per_layer scope=trainable_only

 99%|█████████▉| 2380/2405 [2:43:43<01:40,  4.00s/it]2026-04-17 01:12:43,902 - INFO - [sparse-mezo] global_step=2380 active_fraction=0.000000 active_params=0/1315758080 configured_ratio=0.250000 mask_strategy=percentile_per_layer scope=trainable_only

 99%|█████████▉| 2381/2405 [2:43:47<01:36,  4.01s/it]2026-04-17 01:12:47,929 - INFO - [sparse-mezo] global_step=2381 active_fraction=0.000000 active_params=0/1315758080 configured_ratio=0.250000 mask_strategy=percentile_per_layer scope=trainable_only

 99%|█████████▉| 2382/2405 [2:43:51<01:32,  4.01s/it]2026-04-17 01:12:51,918 - INFO - [sparse-mezo] global_step=2382 active_fraction=0.000000 active_params=0/1315758080 configured_ratio=0.250000 mask_strategy=percentile_per_layer scope=trainable_only

 99%|█████████▉| 2383/2405 [2:43:55<01:28,  4.00s/it]2026-04-17 01:12:55,906 - INFO - [sparse-mezo] global_step=2383 active_fraction=0.000000 active_params=0/1315758080 configured_ratio=0.250000 mask_strategy=percentile_per_layer scope=trainable_only

 99%|█████████▉| 2384/2405 [2:43:59<01:24,  4.00s/it]2026-04-17 01:12:59,918 - INFO - [sparse-mezo] global_step=2384 active_fraction=0.000000 active_params=0/1315758080 configured_ratio=0.250000 mask_strategy=percentile_per_layer scope=trainable_only

 99%|█████████▉| 2385/2405 [2:44:03<01:20,  4.01s/it]2026-04-17 01:13:03,938 - INFO - [sparse-mezo] global_step=2385 active_fraction=0.000000 active_params=0/1315758080 configured_ratio=0.250000 mask_strategy=percentile_per_layer scope=trainable_only

 99%|█████████▉| 2386/2405 [2:44:07<01:16,  4.01s/it]2026-04-17 01:13:07,943 - INFO - [sparse-mezo] global_step=2386 active_fraction=0.000000 active_params=0/1315758080 configured_ratio=0.250000 mask_strategy=percentile_per_layer scope=trainable_only

 99%|█████████▉| 2387/2405 [2:44:11<01:12,  4.01s/it]2026-04-17 01:13:11,967 - INFO - [sparse-mezo] global_step=2387 active_fraction=0.000000 active_params=0/1315758080 configured_ratio=0.250000 mask_strategy=percentile_per_layer scope=trainable_only

 99%|█████████▉| 2388/2405 [2:44:15<01:08,  4.01s/it]2026-04-17 01:13:15,973 - INFO - [sparse-mezo] global_step=2388 active_fraction=0.000000 active_params=0/1315758080 configured_ratio=0.250000 mask_strategy=percentile_per_layer scope=trainable_only

 99%|█████████▉| 2389/2405 [2:44:19<01:04,  4.01s/it]2026-04-17 01:13:19,989 - INFO - [sparse-mezo] global_step=2389 active_fraction=0.000000 active_params=0/1315758080 configured_ratio=0.250000 mask_strategy=percentile_per_layer scope=trainable_only

 99%|█████████▉| 2390/2405 [2:44:23<01:00,  4.01s/it]2026-04-17 01:13:23,978 - INFO - [sparse-mezo] global_step=2390 active_fraction=0.000000 active_params=0/1315758080 configured_ratio=0.250000 mask_strategy=percentile_per_layer scope=trainable_only

 99%|█████████▉| 2391/2405 [2:44:27<00:56,  4.01s/it]2026-04-17 01:13:27,996 - INFO - [sparse-mezo] global_step=2391 active_fraction=0.000000 active_params=0/1315758080 configured_ratio=0.250000 mask_strategy=percentile_per_layer scope=trainable_only

 99%|█████████▉| 2392/2405 [2:44:31<00:52,  4.01s/it]2026-04-17 01:13:31,986 - INFO - [sparse-mezo] global_step=2392 active_fraction=0.000000 active_params=0/1315758080 configured_ratio=0.250000 mask_strategy=percentile_per_layer scope=trainable_only

100%|█████████▉| 2393/2405 [2:44:35<00:48,  4.01s/it]2026-04-17 01:13:35,995 - INFO - [sparse-mezo] global_step=2393 active_fraction=0.000000 active_params=0/1315758080 configured_ratio=0.250000 mask_strategy=percentile_per_layer scope=trainable_only

100%|█████████▉| 2394/2405 [2:44:39<00:44,  4.00s/it]2026-04-17 01:13:40,004 - INFO - [sparse-mezo] global_step=2394 active_fraction=0.000000 active_params=0/1315758080 configured_ratio=0.250000 mask_strategy=percentile_per_layer scope=trainable_only

100%|█████████▉| 2395/2405 [2:44:43<00:40,  4.01s/it]2026-04-17 01:13:44,020 - INFO - [sparse-mezo] global_step=2395 active_fraction=0.000000 active_params=0/1315758080 configured_ratio=0.250000 mask_strategy=percentile_per_layer scope=trainable_only
2026-04-17 01:13:44,156 - INFO - [perf-tail] measurement enabled: start_step=2396 window_steps=10 total_train_batch_size=16

100%|█████████▉| 2396/2405 [2:44:47<00:36,  4.01s/it]2026-04-17 01:13:48,044 - INFO - [sparse-mezo] global_step=2396 active_fraction=0.000000 active_params=0/1315758080 configured_ratio=0.250000 mask_strategy=percentile_per_layer scope=trainable_only

100%|█████████▉| 2397/2405 [2:44:51<00:32,  4.01s/it]2026-04-17 01:13:52,044 - INFO - [sparse-mezo] global_step=2397 active_fraction=0.000000 active_params=0/1315758080 configured_ratio=0.250000 mask_strategy=percentile_per_layer scope=trainable_only

100%|█████████▉| 2398/2405 [2:44:55<00:28,  4.00s/it]2026-04-17 01:13:56,029 - INFO - [sparse-mezo] global_step=2398 active_fraction=0.000000 active_params=0/1315758080 configured_ratio=0.250000 mask_strategy=percentile_per_layer scope=trainable_only

100%|█████████▉| 2399/2405 [2:44:59<00:24,  4.01s/it]2026-04-17 01:14:00,037 - INFO - [sparse-mezo] global_step=2399 active_fraction=0.000000 active_params=0/1315758080 configured_ratio=0.250000 mask_strategy=percentile_per_layer scope=trainable_only

100%|█████████▉| 2400/2405 [2:45:03<00:20,  4.01s/it]2026-04-17 01:14:04,078 - INFO - [sparse-mezo] global_step=2400 active_fraction=0.000000 active_params=0/1315758080 configured_ratio=0.250000 mask_strategy=percentile_per_layer scope=trainable_only
2026-04-17 01:14:08,001 - WARNING - [zo_probe] step=2400: no finite probe pairs; skipping row.

100%|█████████▉| 2401/2405 [2:45:11<00:20,  5.19s/it]2026-04-17 01:14:12,014 - INFO - [sparse-mezo] global_step=2401 active_fraction=0.000000 active_params=0/1315758080 configured_ratio=0.250000 mask_strategy=percentile_per_layer scope=trainable_only

100%|█████████▉| 2402/2405 [2:45:15<00:14,  4.83s/it]2026-04-17 01:14:16,004 - INFO - [sparse-mezo] global_step=2402 active_fraction=0.000000 active_params=0/1315758080 configured_ratio=0.250000 mask_strategy=percentile_per_layer scope=trainable_only

100%|█████████▉| 2403/2405 [2:45:19<00:09,  4.58s/it]2026-04-17 01:14:20,006 - INFO - [sparse-mezo] global_step=2403 active_fraction=0.000000 active_params=0/1315758080 configured_ratio=0.250000 mask_strategy=percentile_per_layer scope=trainable_only

100%|█████████▉| 2404/2405 [2:45:23<00:04,  4.41s/it]2026-04-17 01:14:24,017 - INFO - [sparse-mezo] global_step=2404 active_fraction=0.000000 active_params=0/1315758080 configured_ratio=0.250000 mask_strategy=percentile_per_layer scope=trainable_only

100%|██████████| 2405/2405 [2:45:27<00:00,  4.28s/it]2026-04-17 01:14:24,176 - INFO - 

Training completed. Do not forget to share your model on huggingface.co/models =)


2026-04-17 01:14:24,177 - INFO - [perf-tail] measured_steps=10 wallclock_per_step=4.002113 samples_per_second=3.997888 max_gpu_memory_gb=11.3760

                                                     

100%|██████████| 2405/2405 [2:45:27<00:00,  4.28s/it]
100%|██████████| 2405/2405 [2:45:27<00:00,  4.13s/it]
2026-04-17 01:14:24,191 - INFO - There are 0 training samples and 1101 validation samples

  0%|          | 0/1101 [00:00<?, ?it/s]2026-04-17 01:14:24,192 - INFO - ========= Example =========
2026-04-17 01:14:24,192 - INFO - Candidate: [0, 1, 2, 3, 4]
2026-04-17 01:14:24,192 - INFO - Correct candidate: 2
2026-04-17 01:14:24,200 - INFO - === Candidate 0 ===
2026-04-17 01:14:24,201 - INFO - <s>in his first stab at the form, jacquot takes a slightly anarchic approach that works only sporadically. It was terrible
2026-04-17 01:14:24,201 - INFO - Log probabilities of the option tokens: tensor([nan], dtype=torch.float16)
2026-04-17 01:14:24,209 - INFO - === Candidate 1 (without context)===
2026-04-17 01:14:24,209 - INFO - <s>in his first stab at the form, jacquot takes a slightly anarchic approach that works only sporadically. It was bad
2026-04-17 01:14:24,209 - INFO - Log probabilities of the option tokens: tensor([nan], dtype=torch.float16)
2026-04-17 01:14:24,216 - INFO - === Candidate 2 (without context)===
2026-04-17 01:14:24,217 - INFO - <s>in his first stab at the form, jacquot takes a slightly anarchic approach that works only sporadically. It was okay
2026-04-17 01:14:24,217 - INFO - Log probabilities of the option tokens: tensor([nan], dtype=torch.float16)
2026-04-17 01:14:24,224 - INFO - === Candidate 3 (without context)===
2026-04-17 01:14:24,224 - INFO - <s>in his first stab at the form, jacquot takes a slightly anarchic approach that works only sporadically. It was good
2026-04-17 01:14:24,225 - INFO - Log probabilities of the option tokens: tensor([nan], dtype=torch.float16)
2026-04-17 01:14:24,232 - INFO - === Candidate 4 (without context)===
2026-04-17 01:14:24,232 - INFO - <s>in his first stab at the form, jacquot takes a slightly anarchic approach that works only sporadically. It was great
2026-04-17 01:14:24,233 - INFO - Log probabilities of the option tokens: tensor([nan], dtype=torch.float16)
2026-04-17 01:14:24,233 - INFO - Prediction scores: [nan, nan, nan, nan, nan]
2026-04-17 01:14:24,233 - INFO - ========= Example =========
2026-04-17 01:14:24,233 - INFO - Candidate: [0, 1, 2, 3, 4]
2026-04-17 01:14:24,233 - INFO - Correct candidate: 1
2026-04-17 01:14:24,241 - INFO - === Candidate 0 ===
2026-04-17 01:14:24,241 - INFO - <s>one long string of cliches. It was terrible
2026-04-17 01:14:24,241 - INFO - Log probabilities of the option tokens: tensor([nan], dtype=torch.float16)
2026-04-17 01:14:24,248 - INFO - === Candidate 1 (without context)===
2026-04-17 01:14:24,249 - INFO - <s>one long string of cliches. It was bad
2026-04-17 01:14:24,249 - INFO - Log probabilities of the option tokens: tensor([nan], dtype=torch.float16)
2026-04-17 01:14:24,256 - INFO - === Candidate 2 (without context)===
2026-04-17 01:14:24,256 - INFO - <s>one long string of cliches. It was okay
2026-04-17 01:14:24,256 - INFO - Log probabilities of the option tokens: tensor([nan], dtype=torch.float16)
2026-04-17 01:14:24,264 - INFO - === Candidate 3 (without context)===
2026-04-17 01:14:24,264 - INFO - <s>one long string of cliches. It was good
2026-04-17 01:14:24,264 - INFO - Log probabilities of the option tokens: tensor([nan], dtype=torch.float16)
2026-04-17 01:14:24,271 - INFO - === Candidate 4 (without context)===
2026-04-17 01:14:24,271 - INFO - <s>one long string of cliches. It was great
2026-04-17 01:14:24,272 - INFO - Log probabilities of the option tokens: tensor([nan], dtype=torch.float16)
2026-04-17 01:14:24,272 - INFO - Prediction scores: [nan, nan, nan, nan, nan]
2026-04-17 01:14:24,272 - INFO - ========= Example =========
2026-04-17 01:14:24,272 - INFO - Candidate: [0, 1, 2, 3, 4]
2026-04-17 01:14:24,272 - INFO - Correct candidate: 1
2026-04-17 01:14:24,281 - INFO - === Candidate 0 ===
2026-04-17 01:14:24,281 - INFO - <s>if you've ever entertained the notion of doing what the title of this film implies, what sex with strangers actually shows may put you off the idea forever. It was terrible
2026-04-17 01:14:24,281 - INFO - Log probabilities of the option tokens: tensor([nan], dtype=torch.float16)
2026-04-17 01:14:24,289 - INFO - === Candidate 1 (without context)===
2026-04-17 01:14:24,289 - INFO - <s>if you've ever entertained the notion of doing what the title of this film implies, what sex with strangers actually shows may put you off the idea forever. It was bad
2026-04-17 01:14:24,289 - INFO - Log probabilities of the option tokens: tensor([nan], dtype=torch.float16)
2026-04-17 01:14:24,296 - INFO - === Candidate 2 (without context)===
2026-04-17 01:14:24,297 - INFO - <s>if you've ever entertained the notion of doing what the title of this film implies, what sex with strangers actually shows may put you off the idea forever. It was okay
2026-04-17 01:14:24,297 - INFO - Log probabilities of the option tokens: tensor([nan], dtype=torch.float16)
2026-04-17 01:14:24,304 - INFO - === Candidate 3 (without context)===
2026-04-17 01:14:24,305 - INFO - <s>if you've ever entertained the notion of doing what the title of this film implies, what sex with strangers actually shows may put you off the idea forever. It was good
2026-04-17 01:14:24,305 - INFO - Log probabilities of the option tokens: tensor([nan], dtype=torch.float16)
2026-04-17 01:14:24,312 - INFO - === Candidate 4 (without context)===
2026-04-17 01:14:24,313 - INFO - <s>if you've ever entertained the notion of doing what the title of this film implies, what sex with strangers actually shows may put you off the idea forever. It was great
2026-04-17 01:14:24,313 - INFO - Log probabilities of the option tokens: tensor([nan], dtype=torch.float16)
2026-04-17 01:14:24,313 - INFO - Prediction scores: [nan, nan, nan, nan, nan]

  0%|          | 3/1101 [00:00<00:44, 24.73it/s]
  1%|          | 6/1101 [00:00<00:42, 25.81it/s]
  1%|          | 9/1101 [00:00<00:41, 26.13it/s]
  1%|          | 12/1101 [00:00<00:40, 26.59it/s]
  1%|▏         | 15/1101 [00:00<00:40, 26.65it/s]
  2%|▏         | 18/1101 [00:00<00:40, 26.72it/s]
  2%|▏         | 21/1101 [00:00<00:40, 26.74it/s]
  2%|▏         | 24/1101 [00:00<00:41, 25.96it/s]
  2%|▏         | 27/1101 [00:01<00:41, 26.13it/s]
  3%|▎         | 30/1101 [00:01<00:40, 26.32it/s]
  3%|▎         | 33/1101 [00:01<00:40, 26.55it/s]
  3%|▎         | 36/1101 [00:01<00:39, 26.64it/s]
  4%|▎         | 39/1101 [00:01<00:40, 26.51it/s]
  4%|▍         | 42/1101 [00:01<00:39, 26.60it/s]
  4%|▍         | 45/1101 [00:01<00:39, 26.76it/s]
  4%|▍         | 48/1101 [00:01<00:39, 26.68it/s]
  5%|▍         | 51/1101 [00:01<00:39, 26.70it/s]
  5%|▍         | 54/1101 [00:02<00:39, 26.76it/s]
  5%|▌         | 57/1101 [00:02<00:39, 26.68it/s]
  5%|▌         | 60/1101 [00:02<00:41, 25.32it/s]
  6%|▌         | 63/1101 [00:02<00:40, 25.76it/s]
  6%|▌         | 66/1101 [00:02<00:39, 26.13it/s]
  6%|▋         | 69/1101 [00:02<00:39, 26.37it/s]
  7%|▋         | 72/1101 [00:02<00:38, 26.54it/s]
  7%|▋         | 75/1101 [00:02<00:38, 26.57it/s]
  7%|▋         | 78/1101 [00:02<00:38, 26.71it/s]
  7%|▋         | 81/1101 [00:03<00:38, 26.61it/s]
  8%|▊         | 84/1101 [00:03<00:38, 26.67it/s]
  8%|▊         | 87/1101 [00:03<00:38, 26.55it/s]
  8%|▊         | 90/1101 [00:03<00:38, 26.53it/s]
  8%|▊         | 93/1101 [00:03<00:39, 25.77it/s]
  9%|▊         | 96/1101 [00:03<00:38, 26.09it/s]
  9%|▉         | 99/1101 [00:03<00:37, 26.47it/s]
  9%|▉         | 102/1101 [00:03<00:37, 26.64it/s]
 10%|▉         | 105/1101 [00:03<00:37, 26.64it/s]
 10%|▉         | 108/1101 [00:04<00:37, 26.80it/s]
 10%|█         | 111/1101 [00:04<00:36, 26.76it/s]
 10%|█         | 114/1101 [00:04<00:36, 26.83it/s]
 11%|█         | 117/1101 [00:04<00:36, 26.75it/s]
 11%|█         | 120/1101 [00:04<00:36, 26.92it/s]
 11%|█         | 123/1101 [00:04<00:36, 26.87it/s]
 11%|█▏        | 126/1101 [00:04<00:36, 26.73it/s]
 12%|█▏        | 129/1101 [00:04<00:38, 25.42it/s]
 12%|█▏        | 132/1101 [00:05<00:37, 25.75it/s]
 12%|█▏        | 135/1101 [00:05<00:37, 26.06it/s]
 13%|█▎        | 138/1101 [00:05<00:36, 26.37it/s]
 13%|█▎        | 141/1101 [00:05<00:36, 26.49it/s]
 13%|█▎        | 144/1101 [00:05<00:36, 26.53it/s]
 13%|█▎        | 147/1101 [00:05<00:35, 26.68it/s]
 14%|█▎        | 150/1101 [00:05<00:35, 26.82it/s]
 14%|█▍        | 153/1101 [00:05<00:35, 26.67it/s]
 14%|█▍        | 156/1101 [00:05<00:35, 26.76it/s]
 14%|█▍        | 159/1101 [00:06<00:35, 26.62it/s]
 15%|█▍        | 162/1101 [00:06<00:35, 26.56it/s]
 15%|█▍        | 165/1101 [00:06<00:36, 25.92it/s]
 15%|█▌        | 168/1101 [00:06<00:35, 26.19it/s]
 16%|█▌        | 171/1101 [00:06<00:35, 26.39it/s]
 16%|█▌        | 174/1101 [00:06<00:35, 26.46it/s]
 16%|█▌        | 177/1101 [00:06<00:34, 26.65it/s]
 16%|█▋        | 180/1101 [00:06<00:34, 26.86it/s]
 17%|█▋        | 183/1101 [00:06<00:34, 26.70it/s]
 17%|█▋        | 186/1101 [00:07<00:34, 26.73it/s]
 17%|█▋        | 189/1101 [00:07<00:34, 26.70it/s]
 17%|█▋        | 192/1101 [00:07<00:34, 26.66it/s]
 18%|█▊        | 195/1101 [00:07<00:33, 26.68it/s]
 18%|█▊        | 198/1101 [00:07<00:34, 26.09it/s]
 18%|█▊        | 201/1101 [00:07<00:34, 26.34it/s]
 19%|█▊        | 204/1101 [00:07<00:33, 26.39it/s]
 19%|█▉        | 207/1101 [00:07<00:33, 26.44it/s]
 19%|█▉        | 210/1101 [00:07<00:33, 26.50it/s]
 19%|█▉        | 213/1101 [00:08<00:33, 26.67it/s]
 20%|█▉        | 216/1101 [00:08<00:33, 26.80it/s]
 20%|█▉        | 219/1101 [00:08<00:33, 26.70it/s]
 20%|██        | 222/1101 [00:08<00:32, 26.78it/s]
 20%|██        | 225/1101 [00:08<00:32, 26.94it/s]
 21%|██        | 228/1101 [00:08<00:32, 26.79it/s]
 21%|██        | 231/1101 [00:08<00:32, 26.81it/s]
 21%|██▏       | 234/1101 [00:08<00:32, 26.72it/s]
 22%|██▏       | 237/1101 [00:08<00:32, 26.81it/s]
 22%|██▏       | 240/1101 [00:09<00:32, 26.83it/s]
 22%|██▏       | 243/1101 [00:09<00:31, 26.83it/s]
 22%|██▏       | 246/1101 [00:09<00:32, 26.68it/s]
 23%|██▎       | 249/1101 [00:09<00:32, 26.61it/s]
 23%|██▎       | 252/1101 [00:09<00:31, 26.66it/s]
 23%|██▎       | 255/1101 [00:09<00:31, 26.64it/s]
 23%|██▎       | 258/1101 [00:09<00:31, 26.63it/s]
 24%|██▎       | 261/1101 [00:09<00:31, 26.67it/s]
 24%|██▍       | 264/1101 [00:09<00:31, 26.63it/s]
 24%|██▍       | 267/1101 [00:10<00:31, 26.62it/s]
 25%|██▍       | 270/1101 [00:10<00:31, 26.73it/s]
 25%|██▍       | 273/1101 [00:10<00:31, 26.15it/s]
 25%|██▌       | 276/1101 [00:10<00:31, 26.31it/s]
 25%|██▌       | 279/1101 [00:10<00:31, 26.46it/s]
 26%|██▌       | 282/1101 [00:10<00:30, 26.56it/s]
 26%|██▌       | 285/1101 [00:10<00:30, 26.66it/s]
 26%|██▌       | 288/1101 [00:10<00:30, 26.63it/s]
 26%|██▋       | 291/1101 [00:10<00:30, 26.83it/s]
 27%|██▋       | 294/1101 [00:11<00:29, 26.99it/s]
 27%|██▋       | 297/1101 [00:11<00:30, 26.80it/s]
 27%|██▋       | 300/1101 [00:11<00:29, 26.84it/s]
 28%|██▊       | 303/1101 [00:11<00:29, 26.81it/s]
 28%|██▊       | 306/1101 [00:11<00:29, 26.67it/s]
 28%|██▊       | 309/1101 [00:11<00:30, 26.12it/s]
 28%|██▊       | 312/1101 [00:11<00:29, 26.33it/s]
 29%|██▊       | 315/1101 [00:11<00:29, 26.39it/s]
 29%|██▉       | 318/1101 [00:11<00:29, 26.43it/s]
 29%|██▉       | 321/1101 [00:12<00:29, 26.44it/s]
 29%|██▉       | 324/1101 [00:12<00:29, 26.63it/s]
 30%|██▉       | 327/1101 [00:12<00:29, 26.61it/s]
 30%|██▉       | 330/1101 [00:12<00:29, 26.52it/s]
 30%|███       | 333/1101 [00:12<00:28, 26.79it/s]
 31%|███       | 336/1101 [00:12<00:28, 26.79it/s]
 31%|███       | 339/1101 [00:12<00:28, 26.69it/s]
 31%|███       | 342/1101 [00:12<00:29, 26.05it/s]
 31%|███▏      | 345/1101 [00:13<00:28, 26.49it/s]
 32%|███▏      | 348/1101 [00:13<00:28, 26.67it/s]
 32%|███▏      | 351/1101 [00:13<00:28, 26.66it/s]
 32%|███▏      | 354/1101 [00:13<00:27, 26.70it/s]
 32%|███▏      | 357/1101 [00:13<00:27, 26.71it/s]
 33%|███▎      | 360/1101 [00:13<00:27, 26.57it/s]
 33%|███▎      | 363/1101 [00:13<00:27, 26.72it/s]
 33%|███▎      | 366/1101 [00:13<00:27, 26.86it/s]
 34%|███▎      | 369/1101 [00:13<00:27, 26.78it/s]
 34%|███▍      | 372/1101 [00:14<00:27, 26.71it/s]
 34%|███▍      | 375/1101 [00:14<00:27, 26.76it/s]
 34%|███▍      | 378/1101 [00:14<00:27, 25.94it/s]
 35%|███▍      | 381/1101 [00:14<00:27, 26.16it/s]
 35%|███▍      | 384/1101 [00:14<00:27, 26.30it/s]
 35%|███▌      | 387/1101 [00:14<00:27, 26.34it/s]
 35%|███▌      | 390/1101 [00:14<00:26, 26.48it/s]
 36%|███▌      | 393/1101 [00:14<00:26, 26.59it/s]
 36%|███▌      | 396/1101 [00:14<00:26, 26.67it/s]
 36%|███▌      | 399/1101 [00:15<00:26, 26.60it/s]
 37%|███▋      | 402/1101 [00:15<00:26, 26.59it/s]
 37%|███▋      | 405/1101 [00:15<00:26, 26.59it/s]
 37%|███▋      | 408/1101 [00:15<00:26, 26.65it/s]
 37%|███▋      | 411/1101 [00:15<00:26, 25.98it/s]
 38%|███▊      | 414/1101 [00:15<00:26, 26.07it/s]
 38%|███▊      | 417/1101 [00:15<00:26, 26.15it/s]
 38%|███▊      | 420/1101 [00:15<00:25, 26.46it/s]
 38%|███▊      | 423/1101 [00:15<00:25, 26.49it/s]
 39%|███▊      | 426/1101 [00:16<00:25, 26.36it/s]
 39%|███▉      | 429/1101 [00:16<00:25, 26.53it/s]
 39%|███▉      | 432/1101 [00:16<00:25, 26.55it/s]
 40%|███▉      | 435/1101 [00:16<00:24, 26.81it/s]
 40%|███▉      | 438/1101 [00:16<00:24, 26.82it/s]
 40%|████      | 441/1101 [00:16<00:24, 26.90it/s]
 40%|████      | 444/1101 [00:16<00:24, 26.98it/s]
 41%|████      | 447/1101 [00:16<00:24, 26.20it/s]
 41%|████      | 450/1101 [00:16<00:25, 25.83it/s]
 41%|████      | 453/1101 [00:17<00:25, 25.87it/s]
 41%|████▏     | 456/1101 [00:17<00:24, 26.06it/s]
 42%|████▏     | 459/1101 [00:17<00:24, 26.32it/s]
 42%|████▏     | 462/1101 [00:17<00:24, 26.41it/s]
 42%|████▏     | 465/1101 [00:17<00:24, 26.43it/s]
 43%|████▎     | 468/1101 [00:17<00:23, 26.61it/s]
 43%|████▎     | 471/1101 [00:17<00:23, 26.67it/s]
 43%|████▎     | 474/1101 [00:17<00:23, 26.70it/s]
 43%|████▎     | 477/1101 [00:17<00:23, 26.70it/s]
 44%|████▎     | 480/1101 [00:18<00:23, 26.74it/s]
 44%|████▍     | 483/1101 [00:18<00:23, 26.57it/s]
 44%|████▍     | 486/1101 [00:18<00:23, 25.97it/s]
 44%|████▍     | 489/1101 [00:18<00:23, 26.11it/s]
 45%|████▍     | 492/1101 [00:18<00:23, 26.17it/s]
 45%|████▍     | 495/1101 [00:18<00:23, 26.25it/s]
 45%|████▌     | 498/1101 [00:18<00:22, 26.43it/s]
 46%|████▌     | 501/1101 [00:18<00:22, 26.61it/s]
 46%|████▌     | 504/1101 [00:19<00:22, 26.70it/s]
 46%|████▌     | 507/1101 [00:19<00:22, 26.64it/s]
 46%|████▋     | 510/1101 [00:19<00:22, 26.62it/s]
 47%|████▋     | 513/1101 [00:19<00:22, 26.56it/s]
 47%|████▋     | 516/1101 [00:19<00:21, 26.62it/s]
 47%|████▋     | 519/1101 [00:19<00:22, 25.97it/s]
 47%|████▋     | 522/1101 [00:19<00:22, 26.24it/s]
 48%|████▊     | 525/1101 [00:19<00:21, 26.37it/s]
 48%|████▊     | 528/1101 [00:19<00:21, 26.58it/s]
 48%|████▊     | 531/1101 [00:20<00:21, 26.52it/s]
 49%|████▊     | 534/1101 [00:20<00:21, 26.59it/s]
 49%|████▉     | 537/1101 [00:20<00:21, 26.67it/s]
 49%|████▉     | 540/1101 [00:20<00:21, 26.71it/s]
 49%|████▉     | 543/1101 [00:20<00:20, 26.77it/s]
 50%|████▉     | 546/1101 [00:20<00:20, 26.60it/s]
 50%|████▉     | 549/1101 [00:20<00:20, 26.71it/s]
 50%|█████     | 552/1101 [00:20<00:20, 26.82it/s]
 50%|█████     | 555/1101 [00:20<00:20, 26.15it/s]
 51%|█████     | 558/1101 [00:21<00:20, 26.33it/s]
 51%|█████     | 561/1101 [00:21<00:20, 26.56it/s]
 51%|█████     | 564/1101 [00:21<00:20, 26.58it/s]
 51%|█████▏    | 567/1101 [00:21<00:20, 26.65it/s]
 52%|█████▏    | 570/1101 [00:21<00:19, 26.56it/s]
 52%|█████▏    | 573/1101 [00:21<00:19, 26.57it/s]
 52%|█████▏    | 576/1101 [00:21<00:19, 26.56it/s]
 53%|█████▎    | 579/1101 [00:21<00:19, 26.48it/s]
 53%|█████▎    | 582/1101 [00:21<00:19, 26.54it/s]
 53%|█████▎    | 585/1101 [00:22<00:19, 26.63it/s]
 53%|█████▎    | 588/1101 [00:22<00:19, 26.61it/s]
 54%|█████▎    | 591/1101 [00:22<00:19, 26.63it/s]
 54%|█████▍    | 594/1101 [00:22<00:19, 25.95it/s]
 54%|█████▍    | 597/1101 [00:22<00:19, 26.33it/s]
 54%|█████▍    | 600/1101 [00:22<00:18, 26.43it/s]
 55%|█████▍    | 603/1101 [00:22<00:18, 26.54it/s]
 55%|█████▌    | 606/1101 [00:22<00:18, 26.55it/s]
 55%|█████▌    | 609/1101 [00:22<00:18, 26.56it/s]
 56%|█████▌    | 612/1101 [00:23<00:18, 26.66it/s]
 56%|█████▌    | 615/1101 [00:23<00:18, 26.51it/s]
 56%|█████▌    | 618/1101 [00:23<00:18, 26.49it/s]
 56%|█████▋    | 621/1101 [00:23<00:18, 26.51it/s]
 57%|█████▋    | 624/1101 [00:23<00:17, 26.52it/s]
 57%|█████▋    | 627/1101 [00:23<00:17, 26.71it/s]
 57%|█████▋    | 630/1101 [00:23<00:17, 26.29it/s]
 57%|█████▋    | 633/1101 [00:23<00:18, 25.62it/s]
 58%|█████▊    | 636/1101 [00:23<00:17, 26.07it/s]
 58%|█████▊    | 639/1101 [00:24<00:17, 26.31it/s]
 58%|█████▊    | 642/1101 [00:24<00:17, 26.48it/s]
 59%|█████▊    | 645/1101 [00:24<00:17, 26.49it/s]
 59%|█████▉    | 648/1101 [00:24<00:17, 26.37it/s]
 59%|█████▉    | 651/1101 [00:24<00:16, 26.48it/s]
 59%|█████▉    | 654/1101 [00:24<00:16, 26.55it/s]
 60%|█████▉    | 657/1101 [00:24<00:16, 26.56it/s]
 60%|█████▉    | 660/1101 [00:24<00:16, 26.71it/s]
 60%|██████    | 663/1101 [00:25<00:16, 26.12it/s]
 60%|██████    | 666/1101 [00:25<00:17, 25.55it/s]
 61%|██████    | 669/1101 [00:25<00:16, 25.87it/s]
 61%|██████    | 672/1101 [00:25<00:16, 26.34it/s]
 61%|██████▏   | 675/1101 [00:25<00:16, 26.32it/s]
 62%|██████▏   | 678/1101 [00:25<00:15, 26.56it/s]
 62%|██████▏   | 681/1101 [00:25<00:15, 26.77it/s]
 62%|██████▏   | 684/1101 [00:25<00:15, 26.91it/s]
 62%|██████▏   | 687/1101 [00:25<00:15, 26.79it/s]
 63%|██████▎   | 690/1101 [00:26<00:15, 26.70it/s]
 63%|██████▎   | 693/1101 [00:26<00:15, 26.89it/s]
 63%|██████▎   | 696/1101 [00:26<00:15, 26.70it/s]
 63%|██████▎   | 699/1101 [00:26<00:15, 26.06it/s]
 64%|██████▍   | 702/1101 [00:26<00:15, 26.23it/s]
 64%|██████▍   | 705/1101 [00:26<00:14, 26.42it/s]
 64%|██████▍   | 708/1101 [00:26<00:14, 26.42it/s]
 65%|██████▍   | 711/1101 [00:26<00:14, 26.56it/s]
 65%|██████▍   | 714/1101 [00:26<00:14, 26.80it/s]
 65%|██████▌   | 717/1101 [00:27<00:14, 26.72it/s]
 65%|██████▌   | 720/1101 [00:27<00:14, 26.83it/s]
 66%|██████▌   | 723/1101 [00:27<00:14, 26.86it/s]
 66%|██████▌   | 726/1101 [00:27<00:14, 26.72it/s]
 66%|██████▌   | 729/1101 [00:27<00:13, 26.66it/s]
 66%|██████▋   | 732/1101 [00:27<00:14, 25.92it/s]
 67%|██████▋   | 735/1101 [00:27<00:14, 25.41it/s]
 67%|██████▋   | 738/1101 [00:27<00:14, 25.85it/s]
 67%|██████▋   | 741/1101 [00:27<00:13, 26.17it/s]
 68%|██████▊   | 744/1101 [00:28<00:13, 26.50it/s]
 68%|██████▊   | 747/1101 [00:28<00:13, 26.46it/s]
 68%|██████▊   | 750/1101 [00:28<00:13, 26.58it/s]
 68%|██████▊   | 753/1101 [00:28<00:13, 26.68it/s]
 69%|██████▊   | 756/1101 [00:28<00:12, 26.66it/s]
 69%|██████▉   | 759/1101 [00:28<00:12, 26.78it/s]
 69%|██████▉   | 762/1101 [00:28<00:12, 26.81it/s]
 69%|██████▉   | 765/1101 [00:28<00:12, 26.71it/s]
 70%|██████▉   | 768/1101 [00:28<00:12, 26.20it/s]
 70%|███████   | 771/1101 [00:29<00:12, 25.84it/s]
 70%|███████   | 774/1101 [00:29<00:12, 26.14it/s]
 71%|███████   | 777/1101 [00:29<00:12, 26.31it/s]
 71%|███████   | 780/1101 [00:29<00:12, 26.39it/s]
 71%|███████   | 783/1101 [00:29<00:11, 26.50it/s]
 71%|███████▏  | 786/1101 [00:29<00:11, 26.47it/s]
 72%|███████▏  | 789/1101 [00:29<00:11, 26.49it/s]
 72%|███████▏  | 792/1101 [00:29<00:11, 26.57it/s]
 72%|███████▏  | 795/1101 [00:30<00:11, 26.73it/s]
 72%|███████▏  | 798/1101 [00:30<00:11, 26.97it/s]
 73%|███████▎  | 801/1101 [00:30<00:11, 27.00it/s]
 73%|███████▎  | 804/1101 [00:30<00:11, 26.84it/s]
 73%|███████▎  | 807/1101 [00:30<00:11, 26.24it/s]
 74%|███████▎  | 810/1101 [00:30<00:11, 25.61it/s]
 74%|███████▍  | 813/1101 [00:30<00:11, 25.79it/s]
 74%|███████▍  | 816/1101 [00:30<00:10, 26.20it/s]
 74%|███████▍  | 819/1101 [00:30<00:10, 26.47it/s]
 75%|███████▍  | 822/1101 [00:31<00:10, 26.69it/s]
 75%|███████▍  | 825/1101 [00:31<00:10, 26.64it/s]
 75%|███████▌  | 828/1101 [00:31<00:10, 26.55it/s]
 75%|███████▌  | 831/1101 [00:31<00:10, 26.51it/s]
 76%|███████▌  | 834/1101 [00:31<00:10, 26.57it/s]
 76%|███████▌  | 837/1101 [00:31<00:09, 26.65it/s]
 76%|███████▋  | 840/1101 [00:31<00:09, 26.13it/s]
 77%|███████▋  | 843/1101 [00:31<00:09, 26.28it/s]
 77%|███████▋  | 846/1101 [00:31<00:09, 26.51it/s]
 77%|███████▋  | 849/1101 [00:32<00:09, 26.61it/s]
 77%|███████▋  | 852/1101 [00:32<00:09, 26.48it/s]
 78%|███████▊  | 855/1101 [00:32<00:09, 26.69it/s]
 78%|███████▊  | 858/1101 [00:32<00:09, 26.60it/s]
 78%|███████▊  | 861/1101 [00:32<00:08, 26.74it/s]
 78%|███████▊  | 864/1101 [00:32<00:08, 26.80it/s]
 79%|███████▊  | 867/1101 [00:32<00:08, 26.76it/s]
 79%|███████▉  | 870/1101 [00:32<00:08, 26.64it/s]
 79%|███████▉  | 873/1101 [00:32<00:08, 26.72it/s]
 80%|███████▉  | 876/1101 [00:33<00:08, 26.03it/s]
 80%|███████▉  | 879/1101 [00:33<00:08, 26.18it/s]
 80%|████████  | 882/1101 [00:33<00:08, 26.24it/s]
 80%|████████  | 885/1101 [00:33<00:08, 26.48it/s]
 81%|████████  | 888/1101 [00:33<00:07, 26.68it/s]
 81%|████████  | 891/1101 [00:33<00:07, 26.64it/s]
 81%|████████  | 894/1101 [00:33<00:07, 26.70it/s]
 81%|████████▏ | 897/1101 [00:33<00:07, 26.68it/s]
 82%|████████▏ | 900/1101 [00:33<00:07, 26.73it/s]
 82%|████████▏ | 903/1101 [00:34<00:07, 26.60it/s]
 82%|████████▏ | 906/1101 [00:34<00:07, 26.80it/s]
 83%|████████▎ | 909/1101 [00:34<00:07, 26.31it/s]
 83%|████████▎ | 912/1101 [00:34<00:07, 26.25it/s]
 83%|████████▎ | 915/1101 [00:34<00:06, 26.58it/s]
 83%|████████▎ | 918/1101 [00:34<00:06, 26.57it/s]
 84%|████████▎ | 921/1101 [00:34<00:06, 26.55it/s]
 84%|████████▍ | 924/1101 [00:34<00:06, 26.65it/s]
 84%|████████▍ | 927/1101 [00:34<00:06, 26.69it/s]
 84%|████████▍ | 930/1101 [00:35<00:06, 26.76it/s]
 85%|████████▍ | 933/1101 [00:35<00:06, 26.63it/s]
 85%|████████▌ | 936/1101 [00:35<00:06, 26.68it/s]
 85%|████████▌ | 939/1101 [00:35<00:06, 26.68it/s]
 86%|████████▌ | 942/1101 [00:35<00:05, 26.68it/s]
 86%|████████▌ | 945/1101 [00:35<00:05, 26.15it/s]
 86%|████████▌ | 948/1101 [00:35<00:05, 26.33it/s]
 86%|████████▋ | 951/1101 [00:35<00:05, 26.60it/s]
 87%|████████▋ | 954/1101 [00:35<00:05, 26.54it/s]
 87%|████████▋ | 957/1101 [00:36<00:05, 26.54it/s]
 87%|████████▋ | 960/1101 [00:36<00:05, 26.54it/s]
 87%|████████▋ | 963/1101 [00:36<00:05, 26.68it/s]
 88%|████████▊ | 966/1101 [00:36<00:05, 26.49it/s]
 88%|████████▊ | 969/1101 [00:36<00:04, 26.58it/s]
 88%|████████▊ | 972/1101 [00:36<00:04, 26.57it/s]
 89%|████████▊ | 975/1101 [00:36<00:04, 26.65it/s]
 89%|████████▉ | 978/1101 [00:36<00:04, 25.92it/s]
 89%|████████▉ | 981/1101 [00:37<00:04, 26.25it/s]
 89%|████████▉ | 984/1101 [00:37<00:04, 26.28it/s]
 90%|████████▉ | 987/1101 [00:37<00:04, 26.48it/s]
 90%|████████▉ | 990/1101 [00:37<00:04, 26.51it/s]
 90%|█████████ | 993/1101 [00:37<00:04, 26.67it/s]
 90%|█████████ | 996/1101 [00:37<00:03, 26.73it/s]
 91%|█████████ | 999/1101 [00:37<00:03, 26.79it/s]
 91%|█████████ | 1002/1101 [00:37<00:03, 26.90it/s]
 91%|█████████▏| 1005/1101 [00:37<00:03, 26.89it/s]
 92%|█████████▏| 1008/1101 [00:38<00:03, 26.79it/s]
 92%|█████████▏| 1011/1101 [00:38<00:03, 26.91it/s]
 92%|█████████▏| 1014/1101 [00:38<00:03, 26.18it/s]
 92%|█████████▏| 1017/1101 [00:38<00:03, 26.29it/s]
 93%|█████████▎| 1020/1101 [00:38<00:03, 26.29it/s]
 93%|█████████▎| 1023/1101 [00:38<00:02, 26.26it/s]
 93%|█████████▎| 1026/1101 [00:38<00:02, 26.34it/s]
 93%|█████████▎| 1029/1101 [00:38<00:02, 26.57it/s]
 94%|█████████▎| 1032/1101 [00:38<00:02, 26.64it/s]
 94%|█████████▍| 1035/1101 [00:39<00:02, 26.62it/s]
 94%|█████████▍| 1038/1101 [00:39<00:02, 26.57it/s]
 95%|█████████▍| 1041/1101 [00:39<00:02, 26.56it/s]
 95%|█████████▍| 1044/1101 [00:39<00:02, 26.54it/s]
 95%|█████████▌| 1047/1101 [00:39<00:02, 26.06it/s]
 95%|█████████▌| 1050/1101 [00:39<00:01, 26.35it/s]
 96%|█████████▌| 1053/1101 [00:39<00:01, 26.46it/s]
 96%|█████████▌| 1056/1101 [00:39<00:01, 26.52it/s]
 96%|█████████▌| 1059/1101 [00:39<00:01, 26.42it/s]
 96%|█████████▋| 1062/1101 [00:40<00:01, 26.54it/s]
 97%|█████████▋| 1065/1101 [00:40<00:01, 26.66it/s]
 97%|█████████▋| 1068/1101 [00:40<00:01, 26.81it/s]
 97%|█████████▋| 1071/1101 [00:40<00:01, 26.77it/s]
 98%|█████████▊| 1074/1101 [00:40<00:01, 26.73it/s]
 98%|█████████▊| 1077/1101 [00:40<00:00, 26.84it/s]
 98%|█████████▊| 1080/1101 [00:40<00:00, 26.82it/s]
 98%|█████████▊| 1083/1101 [00:40<00:00, 26.09it/s]
 99%|█████████▊| 1086/1101 [00:40<00:00, 25.70it/s]
 99%|█████████▉| 1089/1101 [00:41<00:00, 25.94it/s]
 99%|█████████▉| 1092/1101 [00:41<00:00, 26.29it/s]
 99%|█████████▉| 1095/1101 [00:41<00:00, 26.36it/s]
100%|█████████▉| 1098/1101 [00:41<00:00, 26.64it/s]
100%|██████████| 1101/1101 [00:41<00:00, 26.56it/s]
100%|██████████| 1101/1101 [00:41<00:00, 26.50it/s]
2026-04-17 01:15:05,738 - INFO - There are 0 training samples and 854 validation samples

  0%|          | 0/854 [00:00<?, ?it/s]2026-04-17 01:15:05,738 - INFO - ========= Example =========
2026-04-17 01:15:05,738 - INFO - Candidate: [0, 1, 2, 3, 4]
2026-04-17 01:15:05,738 - INFO - Correct candidate: 3
2026-04-17 01:15:05,746 - INFO - === Candidate 0 ===
2026-04-17 01:15:05,746 - INFO - <s>hardly a film that comes along every day. It was terrible
2026-04-17 01:15:05,747 - INFO - Log probabilities of the option tokens: tensor([nan], dtype=torch.float16)
2026-04-17 01:15:05,754 - INFO - === Candidate 1 (without context)===
2026-04-17 01:15:05,754 - INFO - <s>hardly a film that comes along every day. It was bad
2026-04-17 01:15:05,754 - INFO - Log probabilities of the option tokens: tensor([nan], dtype=torch.float16)
2026-04-17 01:15:05,761 - INFO - === Candidate 2 (without context)===
2026-04-17 01:15:05,762 - INFO - <s>hardly a film that comes along every day. It was okay
2026-04-17 01:15:05,762 - INFO - Log probabilities of the option tokens: tensor([nan], dtype=torch.float16)
2026-04-17 01:15:05,769 - INFO - === Candidate 3 (without context)===
2026-04-17 01:15:05,769 - INFO - <s>hardly a film that comes along every day. It was good
2026-04-17 01:15:05,769 - INFO - Log probabilities of the option tokens: tensor([nan], dtype=torch.float16)
2026-04-17 01:15:05,777 - INFO - === Candidate 4 (without context)===
2026-04-17 01:15:05,777 - INFO - <s>hardly a film that comes along every day. It was great
2026-04-17 01:15:05,777 - INFO - Log probabilities of the option tokens: tensor([nan], dtype=torch.float16)
2026-04-17 01:15:05,777 - INFO - Prediction scores: [nan, nan, nan, nan, nan]
2026-04-17 01:15:05,777 - INFO - ========= Example =========
2026-04-17 01:15:05,777 - INFO - Candidate: [0, 1, 2, 3, 4]
2026-04-17 01:15:05,777 - INFO - Correct candidate: 0
2026-04-17 01:15:05,786 - INFO - === Candidate 0 ===
2026-04-17 01:15:05,786 - INFO - <s>-lrb- sam's -rrb- self-flagellation is more depressing than entertaining. It was terrible
2026-04-17 01:15:05,786 - INFO - Log probabilities of the option tokens: tensor([nan], dtype=torch.float16)
2026-04-17 01:15:05,794 - INFO - === Candidate 1 (without context)===
2026-04-17 01:15:05,794 - INFO - <s>-lrb- sam's -rrb- self-flagellation is more depressing than entertaining. It was bad
2026-04-17 01:15:05,794 - INFO - Log probabilities of the option tokens: tensor([nan], dtype=torch.float16)
2026-04-17 01:15:05,801 - INFO - === Candidate 2 (without context)===
2026-04-17 01:15:05,802 - INFO - <s>-lrb- sam's -rrb- self-flagellation is more depressing than entertaining. It was okay
2026-04-17 01:15:05,802 - INFO - Log probabilities of the option tokens: tensor([nan], dtype=torch.float16)
2026-04-17 01:15:05,809 - INFO - === Candidate 3 (without context)===
2026-04-17 01:15:05,809 - INFO - <s>-lrb- sam's -rrb- self-flagellation is more depressing than entertaining. It was good
2026-04-17 01:15:05,809 - INFO - Log probabilities of the option tokens: tensor([nan], dtype=torch.float16)
2026-04-17 01:15:05,817 - INFO - === Candidate 4 (without context)===
2026-04-17 01:15:05,817 - INFO - <s>-lrb- sam's -rrb- self-flagellation is more depressing than entertaining. It was great
2026-04-17 01:15:05,817 - INFO - Log probabilities of the option tokens: tensor([nan], dtype=torch.float16)
2026-04-17 01:15:05,817 - INFO - Prediction scores: [nan, nan, nan, nan, nan]
2026-04-17 01:15:05,817 - INFO - ========= Example =========
2026-04-17 01:15:05,817 - INFO - Candidate: [0, 1, 2, 3, 4]
2026-04-17 01:15:05,817 - INFO - Correct candidate: 4
2026-04-17 01:15:05,826 - INFO - === Candidate 0 ===
2026-04-17 01:15:05,826 - INFO - <s>y tu mamá también is hilariously, gloriously alive, and quite often hotter than georgia asphalt. It was terrible
2026-04-17 01:15:05,826 - INFO - Log probabilities of the option tokens: tensor([nan], dtype=torch.float16)
2026-04-17 01:15:05,834 - INFO - === Candidate 1 (without context)===
2026-04-17 01:15:05,834 - INFO - <s>y tu mamá también is hilariously, gloriously alive, and quite often hotter than georgia asphalt. It was bad
2026-04-17 01:15:05,834 - INFO - Log probabilities of the option tokens: tensor([nan], dtype=torch.float16)
2026-04-17 01:15:05,842 - INFO - === Candidate 2 (without context)===
2026-04-17 01:15:05,842 - INFO - <s>y tu mamá también is hilariously, gloriously alive, and quite often hotter than georgia asphalt. It was okay
2026-04-17 01:15:05,842 - INFO - Log probabilities of the option tokens: tensor([nan], dtype=torch.float16)
2026-04-17 01:15:05,850 - INFO - === Candidate 3 (without context)===
2026-04-17 01:15:05,850 - INFO - <s>y tu mamá también is hilariously, gloriously alive, and quite often hotter than georgia asphalt. It was good
2026-04-17 01:15:05,850 - INFO - Log probabilities of the option tokens: tensor([nan], dtype=torch.float16)
2026-04-17 01:15:05,857 - INFO - === Candidate 4 (without context)===
2026-04-17 01:15:05,858 - INFO - <s>y tu mamá también is hilariously, gloriously alive, and quite often hotter than georgia asphalt. It was great
2026-04-17 01:15:05,858 - INFO - Log probabilities of the option tokens: tensor([nan], dtype=torch.float16)
2026-04-17 01:15:05,858 - INFO - Prediction scores: [nan, nan, nan, nan, nan]

  0%|          | 3/854 [00:00<00:34, 25.00it/s]
  1%|          | 6/854 [00:00<00:32, 26.15it/s]
  1%|          | 9/854 [00:00<00:31, 26.44it/s]
  1%|▏         | 12/854 [00:00<00:31, 26.69it/s]
  2%|▏         | 15/854 [00:00<00:31, 26.79it/s]
  2%|▏         | 18/854 [00:00<00:32, 25.99it/s]
  2%|▏         | 21/854 [00:00<00:31, 26.18it/s]
  3%|▎         | 24/854 [00:00<00:31, 26.26it/s]
  3%|▎         | 27/854 [00:01<00:31, 26.36it/s]
  4%|▎         | 30/854 [00:01<00:31, 26.39it/s]
  4%|▍         | 33/854 [00:01<00:30, 26.55it/s]
  4%|▍         | 36/854 [00:01<00:30, 26.58it/s]
  5%|▍         | 39/854 [00:01<00:30, 26.51it/s]
  5%|▍         | 42/854 [00:01<00:30, 26.75it/s]
  5%|▌         | 45/854 [00:01<00:30, 26.75it/s]
  6%|▌         | 48/854 [00:01<00:30, 26.66it/s]
  6%|▌         | 51/854 [00:01<00:30, 26.19it/s]
  6%|▋         | 54/854 [00:02<00:30, 26.09it/s]
  7%|▋         | 57/854 [00:02<00:30, 26.25it/s]
  7%|▋         | 60/854 [00:02<00:30, 26.35it/s]
  7%|▋         | 63/854 [00:02<00:29, 26.47it/s]
  8%|▊         | 66/854 [00:02<00:29, 26.62it/s]
  8%|▊         | 69/854 [00:02<00:29, 26.75it/s]
  8%|▊         | 72/854 [00:02<00:29, 26.71it/s]
  9%|▉         | 75/854 [00:02<00:29, 26.74it/s]
  9%|▉         | 78/854 [00:02<00:28, 26.77it/s]
  9%|▉         | 81/854 [00:03<00:28, 26.67it/s]
 10%|▉         | 84/854 [00:03<00:28, 26.72it/s]
 10%|█         | 87/854 [00:03<00:29, 26.15it/s]
 11%|█         | 90/854 [00:03<00:28, 26.43it/s]
 11%|█         | 93/854 [00:03<00:28, 26.62it/s]
 11%|█         | 96/854 [00:03<00:28, 26.75it/s]
 12%|█▏        | 99/854 [00:03<00:28, 26.79it/s]
 12%|█▏        | 102/854 [00:03<00:27, 26.86it/s]
 12%|█▏        | 105/854 [00:03<00:27, 26.80it/s]
 13%|█▎        | 108/854 [00:04<00:27, 26.87it/s]
 13%|█▎        | 111/854 [00:04<00:27, 26.92it/s]
 13%|█▎        | 114/854 [00:04<00:27, 26.73it/s]
 14%|█▎        | 117/854 [00:04<00:27, 26.71it/s]
 14%|█▍        | 120/854 [00:04<00:27, 26.53it/s]
 14%|█▍        | 123/854 [00:04<00:28, 26.06it/s]
 15%|█▍        | 126/854 [00:04<00:27, 26.21it/s]
 15%|█▌        | 129/854 [00:04<00:27, 26.28it/s]
 15%|█▌        | 132/854 [00:04<00:27, 26.46it/s]
 16%|█▌        | 135/854 [00:05<00:26, 26.64it/s]
 16%|█▌        | 138/854 [00:05<00:26, 26.56it/s]
 17%|█▋        | 141/854 [00:05<00:26, 26.65it/s]
 17%|█▋        | 144/854 [00:05<00:26, 26.63it/s]
 17%|█▋        | 147/854 [00:05<00:26, 26.65it/s]
 18%|█▊        | 150/854 [00:05<00:26, 26.77it/s]
 18%|█▊        | 153/854 [00:05<00:26, 26.90it/s]
 18%|█▊        | 156/854 [00:05<00:26, 26.02it/s]
 19%|█▊        | 159/854 [00:06<00:27, 25.44it/s]
 19%|█▉        | 162/854 [00:06<00:26, 25.82it/s]
 19%|█▉        | 165/854 [00:06<00:26, 26.19it/s]
 20%|█▉        | 168/854 [00:06<00:25, 26.41it/s]
 20%|██        | 171/854 [00:06<00:25, 26.51it/s]
 20%|██        | 174/854 [00:06<00:25, 26.69it/s]
 21%|██        | 177/854 [00:06<00:25, 26.74it/s]
 21%|██        | 180/854 [00:06<00:25, 26.79it/s]
 21%|██▏       | 183/854 [00:06<00:25, 26.80it/s]
 22%|██▏       | 186/854 [00:07<00:24, 26.83it/s]
 22%|██▏       | 189/854 [00:07<00:24, 26.66it/s]
 22%|██▏       | 192/854 [00:07<00:25, 25.99it/s]
 23%|██▎       | 195/854 [00:07<00:25, 26.11it/s]
 23%|██▎       | 198/854 [00:07<00:24, 26.24it/s]
 24%|██▎       | 201/854 [00:07<00:24, 26.52it/s]
 24%|██▍       | 204/854 [00:07<00:24, 26.48it/s]
 24%|██▍       | 207/854 [00:07<00:24, 26.58it/s]
 25%|██▍       | 210/854 [00:07<00:24, 26.60it/s]
 25%|██▍       | 213/854 [00:08<00:24, 26.61it/s]
 25%|██▌       | 216/854 [00:08<00:23, 26.70it/s]
 26%|██▌       | 219/854 [00:08<00:23, 26.83it/s]
 26%|██▌       | 222/854 [00:08<00:23, 26.86it/s]
 26%|██▋       | 225/854 [00:08<00:23, 26.84it/s]
 27%|██▋       | 228/854 [00:08<00:23, 26.14it/s]
 27%|██▋       | 231/854 [00:08<00:23, 26.36it/s]
 27%|██▋       | 234/854 [00:08<00:23, 26.40it/s]
 28%|██▊       | 237/854 [00:08<00:23, 26.42it/s]
 28%|██▊       | 240/854 [00:09<00:23, 26.48it/s]
 28%|██▊       | 243/854 [00:09<00:23, 26.52it/s]
 29%|██▉       | 246/854 [00:09<00:22, 26.64it/s]
 29%|██▉       | 249/854 [00:09<00:22, 26.85it/s]
 30%|██▉       | 252/854 [00:09<00:22, 26.85it/s]
 30%|██▉       | 255/854 [00:09<00:22, 26.86it/s]
 30%|███       | 258/854 [00:09<00:22, 26.72it/s]
 31%|███       | 261/854 [00:09<00:22, 26.12it/s]
 31%|███       | 264/854 [00:09<00:22, 26.23it/s]
 31%|███▏      | 267/854 [00:10<00:22, 26.51it/s]
 32%|███▏      | 270/854 [00:10<00:22, 26.53it/s]
 32%|███▏      | 273/854 [00:10<00:21, 26.68it/s]
 32%|███▏      | 276/854 [00:10<00:21, 26.68it/s]
 33%|███▎      | 279/854 [00:10<00:21, 26.74it/s]
 33%|███▎      | 282/854 [00:10<00:21, 26.90it/s]
 33%|███▎      | 285/854 [00:10<00:21, 27.04it/s]
 34%|███▎      | 288/854 [00:10<00:20, 26.99it/s]
 34%|███▍      | 291/854 [00:10<00:20, 26.96it/s]
 34%|███▍      | 294/854 [00:11<00:20, 26.70it/s]
 35%|███▍      | 297/854 [00:11<00:21, 26.03it/s]
 35%|███▌      | 300/854 [00:11<00:21, 25.54it/s]
 35%|███▌      | 303/854 [00:11<00:21, 26.01it/s]
 36%|███▌      | 306/854 [00:11<00:20, 26.25it/s]
 36%|███▌      | 309/854 [00:11<00:20, 26.42it/s]
 37%|███▋      | 312/854 [00:11<00:20, 26.63it/s]
 37%|███▋      | 315/854 [00:11<00:20, 26.86it/s]
 37%|███▋      | 318/854 [00:11<00:20, 26.79it/s]
 38%|███▊      | 321/854 [00:12<00:19, 26.85it/s]
 38%|███▊      | 324/854 [00:12<00:19, 27.00it/s]
 38%|███▊      | 327/854 [00:12<00:19, 27.03it/s]
 39%|███▊      | 330/854 [00:12<00:19, 26.51it/s]
 39%|███▉      | 333/854 [00:12<00:19, 26.30it/s]
 39%|███▉      | 336/854 [00:12<00:19, 26.51it/s]
 40%|███▉      | 339/854 [00:12<00:19, 26.60it/s]
 40%|████      | 342/854 [00:12<00:19, 26.74it/s]
 40%|████      | 345/854 [00:13<00:19, 26.65it/s]
 41%|████      | 348/854 [00:13<00:18, 26.68it/s]
 41%|████      | 351/854 [00:13<00:18, 26.64it/s]
 41%|████▏     | 354/854 [00:13<00:18, 26.70it/s]
 42%|████▏     | 357/854 [00:13<00:18, 26.71it/s]
 42%|████▏     | 360/854 [00:13<00:18, 26.43it/s]
 43%|████▎     | 363/854 [00:13<00:18, 26.32it/s]
 43%|████▎     | 366/854 [00:13<00:18, 25.70it/s]
 43%|████▎     | 369/854 [00:13<00:18, 25.84it/s]
 44%|████▎     | 372/854 [00:14<00:18, 25.97it/s]
 44%|████▍     | 375/854 [00:14<00:18, 26.22it/s]
 44%|████▍     | 378/854 [00:14<00:18, 26.21it/s]
 45%|████▍     | 381/854 [00:14<00:17, 26.41it/s]
 45%|████▍     | 384/854 [00:14<00:17, 26.45it/s]
 45%|████▌     | 387/854 [00:14<00:17, 26.58it/s]
 46%|████▌     | 390/854 [00:14<00:17, 26.64it/s]
 46%|████▌     | 393/854 [00:14<00:17, 26.86it/s]
 46%|████▋     | 396/854 [00:14<00:17, 26.72it/s]
 47%|████▋     | 399/854 [00:15<00:17, 25.93it/s]
 47%|████▋     | 402/854 [00:15<00:17, 26.04it/s]
 47%|████▋     | 405/854 [00:15<00:17, 26.34it/s]
 48%|████▊     | 408/854 [00:15<00:16, 26.41it/s]
 48%|████▊     | 411/854 [00:15<00:16, 26.46it/s]
 48%|████▊     | 414/854 [00:15<00:16, 26.57it/s]
 49%|████▉     | 417/854 [00:15<00:16, 26.60it/s]
 49%|████▉     | 420/854 [00:15<00:16, 26.58it/s]
 50%|████▉     | 423/854 [00:15<00:16, 26.72it/s]
 50%|████▉     | 426/854 [00:16<00:16, 26.55it/s]
 50%|█████     | 429/854 [00:16<00:15, 26.57it/s]
 51%|█████     | 432/854 [00:16<00:15, 26.73it/s]
 51%|█████     | 435/854 [00:16<00:16, 26.03it/s]
 51%|█████▏    | 438/854 [00:16<00:15, 26.19it/s]
 52%|█████▏    | 441/854 [00:16<00:15, 26.46it/s]
 52%|█████▏    | 444/854 [00:16<00:15, 26.57it/s]
 52%|█████▏    | 447/854 [00:16<00:15, 26.71it/s]
 53%|█████▎    | 450/854 [00:16<00:15, 26.62it/s]
 53%|█████▎    | 453/854 [00:17<00:15, 26.48it/s]
 53%|█████▎    | 456/854 [00:17<00:15, 26.51it/s]
 54%|█████▎    | 459/854 [00:17<00:14, 26.53it/s]
 54%|█████▍    | 462/854 [00:17<00:14, 26.61it/s]
 54%|█████▍    | 465/854 [00:17<00:14, 26.55it/s]
 55%|█████▍    | 468/854 [00:17<00:14, 26.00it/s]
 55%|█████▌    | 471/854 [00:17<00:14, 26.31it/s]
 56%|█████▌    | 474/854 [00:17<00:14, 25.92it/s]
 56%|█████▌    | 477/854 [00:18<00:14, 26.15it/s]
 56%|█████▌    | 480/854 [00:18<00:14, 26.38it/s]
 57%|█████▋    | 483/854 [00:18<00:13, 26.61it/s]
 57%|█████▋    | 486/854 [00:18<00:13, 26.68it/s]
 57%|█████▋    | 489/854 [00:18<00:13, 26.71it/s]
 58%|█████▊    | 492/854 [00:18<00:13, 26.91it/s]
 58%|█████▊    | 495/854 [00:18<00:13, 26.94it/s]
 58%|█████▊    | 498/854 [00:18<00:13, 26.99it/s]
 59%|█████▊    | 501/854 [00:18<00:13, 27.05it/s]
 59%|█████▉    | 504/854 [00:19<00:13, 26.76it/s]
 59%|█████▉    | 507/854 [00:19<00:12, 26.78it/s]
 60%|█████▉    | 510/854 [00:19<00:13, 26.17it/s]
 60%|██████    | 513/854 [00:19<00:12, 26.41it/s]
 60%|██████    | 516/854 [00:19<00:12, 26.71it/s]
 61%|██████    | 519/854 [00:19<00:12, 26.70it/s]
 61%|██████    | 522/854 [00:19<00:12, 26.73it/s]
 61%|██████▏   | 525/854 [00:19<00:12, 26.78it/s]
 62%|██████▏   | 528/854 [00:19<00:12, 26.74it/s]
 62%|██████▏   | 531/854 [00:20<00:12, 26.70it/s]
 63%|██████▎   | 534/854 [00:20<00:11, 26.81it/s]
 63%|██████▎   | 537/854 [00:20<00:11, 26.89it/s]
 63%|██████▎   | 540/854 [00:20<00:11, 26.97it/s]
 64%|██████▎   | 543/854 [00:20<00:11, 26.36it/s]
 64%|██████▍   | 546/854 [00:20<00:11, 25.84it/s]
 64%|██████▍   | 549/854 [00:20<00:11, 26.07it/s]
 65%|██████▍   | 552/854 [00:20<00:11, 26.37it/s]
 65%|██████▍   | 555/854 [00:20<00:11, 26.65it/s]
 65%|██████▌   | 558/854 [00:21<00:11, 26.69it/s]
 66%|██████▌   | 561/854 [00:21<00:10, 26.70it/s]
 66%|██████▌   | 564/854 [00:21<00:10, 26.74it/s]
 66%|██████▋   | 567/854 [00:21<00:10, 26.89it/s]
 67%|██████▋   | 570/854 [00:21<00:10, 27.01it/s]
 67%|██████▋   | 573/854 [00:21<00:10, 26.89it/s]
 67%|██████▋   | 576/854 [00:21<00:10, 26.89it/s]
 68%|██████▊   | 579/854 [00:21<00:10, 25.79it/s]
 68%|██████▊   | 582/854 [00:21<00:10, 25.51it/s]
 69%|██████▊   | 585/854 [00:22<00:10, 25.76it/s]
 69%|██████▉   | 588/854 [00:22<00:10, 26.08it/s]
 69%|██████▉   | 591/854 [00:22<00:10, 26.23it/s]
 70%|██████▉   | 594/854 [00:22<00:09, 26.62it/s]
 70%|██████▉   | 597/854 [00:22<00:09, 26.77it/s]
 70%|███████   | 600/854 [00:22<00:09, 26.87it/s]
 71%|███████   | 603/854 [00:22<00:09, 26.96it/s]
 71%|███████   | 606/854 [00:22<00:09, 26.93it/s]
 71%|███████▏  | 609/854 [00:22<00:09, 26.98it/s]
 72%|███████▏  | 612/854 [00:23<00:09, 26.01it/s]
 72%|███████▏  | 615/854 [00:23<00:09, 26.33it/s]
 72%|███████▏  | 618/854 [00:23<00:08, 26.42it/s]
 73%|███████▎  | 621/854 [00:23<00:08, 26.58it/s]
 73%|███████▎  | 624/854 [00:23<00:08, 26.73it/s]
 73%|███████▎  | 627/854 [00:23<00:08, 26.79it/s]
 74%|███████▍  | 630/854 [00:23<00:08, 26.93it/s]
 74%|███████▍  | 633/854 [00:23<00:08, 26.96it/s]
 74%|███████▍  | 636/854 [00:23<00:08, 26.86it/s]
 75%|███████▍  | 639/854 [00:24<00:07, 26.88it/s]
 75%|███████▌  | 642/854 [00:24<00:07, 26.98it/s]
 76%|███████▌  | 645/854 [00:24<00:07, 26.87it/s]
 76%|███████▌  | 648/854 [00:24<00:07, 26.46it/s]
 76%|███████▌  | 651/854 [00:24<00:07, 26.32it/s]
 77%|███████▋  | 654/854 [00:24<00:07, 26.11it/s]
 77%|███████▋  | 657/854 [00:24<00:07, 26.19it/s]
 77%|███████▋  | 660/854 [00:24<00:07, 26.29it/s]
 78%|███████▊  | 663/854 [00:24<00:07, 26.40it/s]
 78%|███████▊  | 666/854 [00:25<00:07, 26.52it/s]
 78%|███████▊  | 669/854 [00:25<00:06, 26.49it/s]
 79%|███████▊  | 672/854 [00:25<00:06, 26.46it/s]
 79%|███████▉  | 675/854 [00:25<00:06, 26.31it/s]
 79%|███████▉  | 678/854 [00:25<00:06, 26.38it/s]
 80%|███████▉  | 681/854 [00:25<00:06, 26.57it/s]
 80%|████████  | 684/854 [00:25<00:06, 25.98it/s]
 80%|████████  | 687/854 [00:25<00:06, 26.24it/s]
 81%|████████  | 690/854 [00:26<00:06, 26.62it/s]
 81%|████████  | 693/854 [00:26<00:06, 26.55it/s]
 81%|████████▏ | 696/854 [00:26<00:05, 26.65it/s]
 82%|████████▏ | 699/854 [00:26<00:05, 26.67it/s]
 82%|████████▏ | 702/854 [00:26<00:05, 26.77it/s]
 83%|████████▎ | 705/854 [00:26<00:05, 26.81it/s]
 83%|████████▎ | 708/854 [00:26<00:05, 26.89it/s]
 83%|████████▎ | 711/854 [00:26<00:05, 26.77it/s]
 84%|████████▎ | 714/854 [00:26<00:05, 26.88it/s]
 84%|████████▍ | 717/854 [00:27<00:05, 26.85it/s]
 84%|████████▍ | 720/854 [00:27<00:05, 26.09it/s]
 85%|████████▍ | 723/854 [00:27<00:04, 26.34it/s]
 85%|████████▌ | 726/854 [00:27<00:04, 26.57it/s]
 85%|████████▌ | 729/854 [00:27<00:04, 26.65it/s]
 86%|████████▌ | 732/854 [00:27<00:04, 26.86it/s]
 86%|████████▌ | 735/854 [00:27<00:04, 26.84it/s]
 86%|████████▋ | 738/854 [00:27<00:04, 26.90it/s]
 87%|████████▋ | 741/854 [00:27<00:04, 27.01it/s]
 87%|████████▋ | 744/854 [00:28<00:04, 26.87it/s]
 87%|████████▋ | 747/854 [00:28<00:03, 26.81it/s]
 88%|████████▊ | 750/854 [00:28<00:03, 26.80it/s]
 88%|████████▊ | 753/854 [00:28<00:03, 26.12it/s]
 89%|████████▊ | 756/854 [00:28<00:03, 26.26it/s]
 89%|████████▉ | 759/854 [00:28<00:03, 26.29it/s]
 89%|████████▉ | 762/854 [00:28<00:03, 26.48it/s]
 90%|████████▉ | 765/854 [00:28<00:03, 26.68it/s]
 90%|████████▉ | 768/854 [00:28<00:03, 26.92it/s]
 90%|█████████ | 771/854 [00:29<00:03, 26.76it/s]
 91%|█████████ | 774/854 [00:29<00:02, 26.74it/s]
 91%|█████████ | 777/854 [00:29<00:02, 26.64it/s]
 91%|█████████▏| 780/854 [00:29<00:02, 26.77it/s]
 92%|█████████▏| 783/854 [00:29<00:02, 26.63it/s]
 92%|█████████▏| 786/854 [00:29<00:02, 26.73it/s]
 92%|█████████▏| 789/854 [00:29<00:02, 26.80it/s]
 93%|█████████▎| 792/854 [00:29<00:02, 26.14it/s]
 93%|█████████▎| 795/854 [00:29<00:02, 26.33it/s]
 93%|█████████▎| 798/854 [00:30<00:02, 26.47it/s]
 94%|█████████▍| 801/854 [00:30<00:01, 26.54it/s]
 94%|█████████▍| 804/854 [00:30<00:01, 26.71it/s]
 94%|█████████▍| 807/854 [00:30<00:01, 26.77it/s]
 95%|█████████▍| 810/854 [00:30<00:01, 27.02it/s]
 95%|█████████▌| 813/854 [00:30<00:01, 26.97it/s]
 96%|█████████▌| 816/854 [00:30<00:01, 26.86it/s]
 96%|█████████▌| 819/854 [00:30<00:01, 26.77it/s]
 96%|█████████▋| 822/854 [00:30<00:01, 26.71it/s]
 97%|█████████▋| 825/854 [00:31<00:01, 26.08it/s]
 97%|█████████▋| 828/854 [00:31<00:01, 25.67it/s]
 97%|█████████▋| 831/854 [00:31<00:00, 25.89it/s]
 98%|█████████▊| 834/854 [00:31<00:00, 26.20it/s]
 98%|█████████▊| 837/854 [00:31<00:00, 26.35it/s]
 98%|█████████▊| 840/854 [00:31<00:00, 26.57it/s]
 99%|█████████▊| 843/854 [00:31<00:00, 26.61it/s]
 99%|█████████▉| 846/854 [00:31<00:00, 26.71it/s]
 99%|█████████▉| 849/854 [00:31<00:00, 26.84it/s]
100%|█████████▉| 852/854 [00:32<00:00, 26.72it/s]
100%|██████████| 854/854 [00:32<00:00, 26.54it/s]
2026-04-17 01:15:37,912 - INFO - ===== Train set 42 =====
2026-04-17 01:15:37,912 - INFO - {'accuracy': np.float64(0.1262488646684832), 'dev_accuracy': np.float64(0.11592505854800937)}
[nan-guard] child exited with code 0.
