[nan-guard] command=bash /scratch/jy03364/MeZO_/medium_models/mezo.sh --result_root /scratch/jy03364/MeZO_/experiments/h_sweep_14h/results/sparse_mezo16/roberta-large/sst5/h_1e-7 --job_name run_sparse_mezo16 --dataset_mode full --zo_two_point_precision fp16 --zo_quantization_bits 16 --sparse_ratio 0.25 --sparse_mask_strategy percentile_per_layer --sparse_scope trainable_only --sparse_log_active_fraction True --zo_probe_every 200 --zo_probe_num_seeds 16 --zo_probe_log_csv True
[nan-guard] cwd=/scratch/jy03364/MeZO_/medium_models max_consecutive_nan=1
WARNING:__main__:Process rank: -1, device: cuda:0, n_gpu: 1, distributed training: False, 16-bits training: False
INFO:__main__:Training/evaluation parameters DynamicTrainingArguments(
_n_gpu=1,
accelerator_config={'split_batches': False, 'dispatch_batches': None, 'even_batches': True, 'use_seedable_sampler': True, 'non_blocking': False, 'gradient_accumulation_kwargs': None, 'use_configured_state': False},
adafactor=False,
adam_beta1=0.9,
adam_beta2=0.999,
adam_epsilon=1e-08,
adaptive_h_ema_beta=0.1,
adaptive_h_estimate_num_batches=4,
adaptive_h_estimate_num_directions=3,
adaptive_h_estimate_reduce=mean,
adaptive_h_max=0.5,
adaptive_h_min=1e-05,
adaptive_h_probe_buffer_size=64,
adjust_for_init=False,
array_id=-1,
auto_find_batch_size=False,
average_tokens_across_devices=False,
batch_eval_metrics=False,
bf16=False,
bf16_full_eval=False,
binary_classification=False,
change_grad_estimate=False,
data_seed=16,
dataloader_drop_last=False,
dataloader_num_workers=0,
dataloader_persistent_workers=False,
dataloader_pin_memory=True,
dataloader_prefetch_factor=None,
dataloader_shuffle=False,
ddp_backend=None,
ddp_broadcast_buffers=None,
ddp_bucket_cap_mb=None,
ddp_find_unused_parameters=None,
ddp_timeout=1800,
debug=[],
deepspeed=None,
dh_h_growth=2.0,
dh_max_trials=10,
dh_test_h=0.01,
disable_tqdm=False,
do_eval=True,
do_predict=True,
do_train=True,
efficient_zero_order=True,
efficient_zero_order_fp16=False,
enable_additive_h_estimation=False,
enable_two_point_h_estimation=False,
eval_accumulation_steps=None,
eval_delay=0,
eval_do_concat_batches=True,
eval_on_start=False,
eval_steps=5000.0,
eval_strategy=IntervalStrategy.NO,
eval_use_gather_object=False,
evaluate_during_training=True,
exclude_embeddings=False,
exclude_first_layers=-1,
exclude_head=False,
f0_scaling=1.0,
fix_layers=0,
fp16=False,
fp16_backend=auto,
fp16_full_eval=False,
fp16_opt_level=O1,
from_linearhead=False,
fsdp=[],
fsdp_config={'min_num_params': 0, 'xla': False, 'xla_fsdp_v2': False, 'xla_fsdp_grad_ckpt': False},
fsdp_min_num_params=0,
fsdp_transformer_layer_cls_to_wrap=None,
full_determinism=False,
gradient_accumulation_steps=1,
gradient_checkpointing=False,
gradient_checkpointing_kwargs=None,
greater_is_better=None,
group_by_length=False,
h_estimation_active_source=fixed,
h_trunc_alpha=1.0,
half_precision_backend=auto,
head_tuning=False,
hf_inference_model=False,
hizoo_hessian_smooth_type=constant0,
hub_always_push=False,
hub_model_id=None,
hub_private_repo=None,
hub_revision=None,
hub_strategy=HubStrategy.EVERY_SAVE,
hub_token=<HUB_TOKEN>,
ignore_data_skip=False,
include_for_metrics=[],
include_inputs_for_metrics=False,
include_num_input_tokens_seen=False,
include_tokens_per_second=False,
initial_h=0.001,
jit_mode_eval=False,
kernel_formula=sgd,
kernel_gamma=1.0,
kernel_regularization=0.0,
kernel_solver=logistic,
label_names=None,
label_smoothing_factor=0.0,
layer_wise_optim=False,
learning_rate=1e-06,
length_column_name=length,
liger_kernel_config=None,
load_best_model_at_end=False,
load_kernels=None,
local_rank=-1,
log_file=log-USE_H0-USE_C0,
log_level=passive,
log_level_replica=warning,
log_on_each_node=True,
logging_dir=/scratch/jy03364/MeZO_/experiments/h_sweep_14h/results/sparse_mezo16/roberta-large/sst5/h_1e-7/run_sparse_mezo16/seed16/runs/Apr18_22-23-17_ra7-1,
logging_first_step=False,
logging_nan_inf_filter=True,
logging_steps=10,
logging_strategy=IntervalStrategy.STEPS,
lozo_beta1=0.9,
lozo_rank=2,
lozo_step_interval=50,
lp_early_stopping=False,
lr_scheduler_kwargs={},
lr_scheduler_type=SchedulerType.CONSTANT,
max_grad_norm=1.0,
max_steps=50000,
max_zo_forward_steps=0,
mc_tol=0.1,
measure_perf_tail=True,
measure_perf_tail_window_steps=10,
metric_for_best_model=None,
model_id=-1,
mp_parameters=,
neftune_noise_alpha=None,
no_cuda=False,
no_predict=False,
no_reparam=False,
no_train=False,
norm_running_update=False,
nu3_retry=3,
num_hvp_vecs=128,
num_prefix=10,
num_train_epochs=3.0,
only_biases=False,
optim=OptimizerNames.ADAMW_TORCH,
optim_args=None,
optim_target_modules=None,
optimize_acc=False,
optimizer=sgd,
optimizer_variant=,
output_dir=/scratch/jy03364/MeZO_/experiments/h_sweep_14h/results/sparse_mezo16/roberta-large/sst5/h_1e-7/run_sparse_mezo16/seed16,
overwrite_kernels=False,
overwrite_output_dir=True,
parallelism_config=None,
past_index=-1,
per_device_eval_batch_size=4,
per_device_train_batch_size=32,
prediction_loss_only=False,
prefix_init_by_real_act=False,
prefix_tuning=False,
prob_as_feature=False,
push_to_hub=False,
push_to_hub_model_id=None,
push_to_hub_organization=None,
push_to_hub_token=<PUSH_TO_HUB_TOKEN>,
random_model_init=False,
ray_scope=last,
recompute_norms=False,
remove_unused_columns=True,
report_to=[],
restore_callback_states_from_checkpoint=False,
resume_from_checkpoint=None,
run_name=None,
save_at_last=False,
save_logit=False,
save_logit_dir=None,
save_on_each_node=False,
save_only_model=False,
save_safetensors=True,
save_steps=500,
save_strategy=SaveStrategy.STEPS,
save_total_limit=None,
scale_lr_with_samples=False,
scale_norm_by_num_params=False,
seed=16,
skip_memory_metrics=True,
sparse_log_active_fraction=True,
sparse_mask_refresh_steps=100,
sparse_mask_strategy=percentile_per_layer,
sparse_ratio=0.25,
sparse_scope=trainable_only,
sweep=False,
sync_embedding_layers=False,
tf32=None,
tie_emb=False,
torch_compile=False,
torch_compile_backend=None,
torch_compile_mode=None,
torch_empty_cache_steps=None,
torchdynamo=None,
tpu_metrics_debug=False,
tpu_num_cores=None,
trainer=standard,
two_point_h_beta=0.5,
two_point_h_c2=1.0,
two_point_h_delta_sample_size=4096,
two_point_h_eps_num=1e-12,
two_point_h_fixed_probe_batch=True,
two_point_h_log_csv=True,
two_point_h_max=0.5,
two_point_h_min=1e-05,
two_point_h_num_directions_g=4,
two_point_h_num_directions_l=4,
two_point_h_q_l=0.5,
two_point_h_refresh_every=100,
two_point_h_window_delta=3,
two_point_h_window_g=5,
two_point_h_window_l=5,
untie_emb=False,
update_noise_every=1000,
use_adaptive_h=False,
use_c_scale=False,
use_cpu=False,
use_ipex=False,
use_legacy_prediction_loop=False,
use_liger_kernel=False,
use_mps_device=False,
use_torchao_float8=False,
use_zo_grad_est=False,
warmup_ratio=0.0,
warmup_steps=0,
weight_decay=0.0,
zero_order_clip_grad=False,
zero_order_eps=1e-07,
zero_order_optim=True,
zero_order_sample=1,
zero_order_sample_scheduler=None,
zero_order_use_trainer_optim=False,
zo_by_layer=False,
zo_method=None,
zo_probe_every=200,
zo_probe_log_csv=True,
zo_probe_num_seeds=16,
zo_quantization=None,
zo_quantization_bits=16,
zo_two_point_precision=fp16,
zo_use_true_directional_derivative=False,
zo_variant=None,
)
INFO:__main__:[zo-config] zo_two_point_precision=fp16 | zero_order_eps=1e-07 | zo_use_true_directional_derivative=False
INFO:__main__:[quzo-config] zo_quantization_bits=16 | quzo_enabled=True
INFO:__main__:[sparse-mezo-config] enabled=True | sparse_ratio=0.25 | sparse_mask_strategy=percentile_per_layer | sparse_scope=trainable_only | sparse_log_active_fraction=True | sparse_mask_refresh_steps=100
INFO:__main__:[sparse-mezo-config] ratio semantics: sparse_ratio targets the active fraction per trainable tensor; ratio=1.0 disables masking. Order: refresh thresholds+mask on the configured cadence -> sample sparse-aware direction -> apply QuZO snapping after the sparse perturb/update path when low-bit QuZO is active.
INFO:__main__:Task name: sst-5, number of labels: 5, output mode: classification
INFO:__main__:[data] dataset_mode requested=full resolved=full
INFO:__main__:[data] task_dir=sst-5 data_seed=16
INFO:__main__:[data] auto_download=0 original_data_root=/scratch/jy03364/MeZO_/medium_models/data/original
INFO:__main__:[data] auto_generate=0 target=/scratch/jy03364/MeZO_/medium_models/data/k-shot-1k-test/sst-5/full-16
INFO:__main__:[data] resolved_data_dir=/scratch/jy03364/MeZO_/medium_models/data/k-shot-1k-test/sst-5/full-16
WARNING:src.models:By default for RoBERTa models the input embeddings and the output embeddings are NOT tied!!!!
Some weights of RobertaModelForPromptFinetuning were not initialized from the model checkpoint at roberta-large and are newly initialized: ['classifier.bias', 'classifier.weight', 'lm_head.decoder.weight', 'roberta.pooler.dense.bias', 'roberta.pooler.dense.weight']
You should probably TRAIN this model on a down-stream task to be able to use it for predictions and inference.
INFO:src.dataset:Label 0 to word Ġterrible (6587)
INFO:src.dataset:Label 1 to word Ġbad (1099)
INFO:src.dataset:Label 2 to word Ġokay (8578)
INFO:src.dataset:Label 3 to word Ġgood (205)
INFO:src.dataset:Label 4 to word Ġgreat (372)
INFO:src.dataset:Total num_sample for mode train: 1
INFO:src.dataset:Creating/loading examples from dataset file at /scratch/jy03364/MeZO_/medium_models/data/k-shot-1k-test/sst-5/full-16
INFO:src.dataset:[FewShotDataset] Skip cache in TRAIN mode to avoid OOM on large datasets (e.g., MNLI).
INFO:src.dataset:Creating features from dataset file at /scratch/jy03364/MeZO_/medium_models/data/k-shot-1k-test/sst-5/full-16
INFO:src.dataset:Label 0 to word Ġterrible (6587)
INFO:src.dataset:Label 1 to word Ġbad (1099)
INFO:src.dataset:Label 2 to word Ġokay (8578)
INFO:src.dataset:Label 3 to word Ġgood (205)
INFO:src.dataset:Label 4 to word Ġgreat (372)
INFO:src.dataset:Total num_sample for mode dev: 1
INFO:src.dataset:Creating/loading examples from dataset file at /scratch/jy03364/MeZO_/medium_models/data/k-shot-1k-test/sst-5/full-16
/scratch/jy03364/MeZO_/medium_models/src/dataset.py:363: FutureWarning: You are using `torch.load` with `weights_only=False` (the current default value), which uses the default pickle module implicitly. It is possible to construct malicious pickle data which will execute arbitrary code during unpickling (See https://github.com/pytorch/pytorch/blob/main/SECURITY.md#untrusted-models for more details). In a future release, the default value for `weights_only` will be flipped to `True`. This limits the functions that could be executed during unpickling. Arbitrary objects will no longer be allowed to be loaded via this mode unless they are explicitly allowlisted by the user via `torch.serialization.add_safe_globals`. We recommend you start setting `weights_only=True` for any use case where you don't have full control of the loaded file. Please open an issue on GitHub for any issues related to this experimental feature.
  self.support_examples, self.query_examples = torch.load(cached_features_file)
INFO:src.dataset:Loading features from cached file /scratch/jy03364/MeZO_/medium_models/data/k-shot-1k-test/sst-5/full-16/cached_dev_RobertaTokenizerFast-roberta_128_sst-5 [took 0.013 s]
INFO:src.dataset:*** Example ***
INFO:src.dataset:guid: dev-0
INFO:src.dataset:features: OurInputFeatures(input_ids=[0, 627, 936, 19, 4133, 59, 30859, 16, 51, 33, 10, 16699, 7, 9215, 88, 1368, 1638, 783, 479, 85, 21, 50264, 4, 2], attention_mask=[1, 1, 1, 1, 1, 1, 1, 1, 1, 1, 1, 1, 1, 1, 1, 1, 1, 1, 1, 1, 1, 1, 1, 1], token_type_ids=None, label=1, mask_pos=[21], label_word_list=None, sfc_input_ids=None, sfc_attention_mask=None, sfc_mask_pos=None)
INFO:src.dataset:text: <s>the problem with movies about angels is they have a tendency to slip into hokum . It was<mask>.</s>
INFO:src.dataset:Label 0 to word Ġterrible (6587)
INFO:src.dataset:Label 1 to word Ġbad (1099)
INFO:src.dataset:Label 2 to word Ġokay (8578)
INFO:src.dataset:Label 3 to word Ġgood (205)
INFO:src.dataset:Label 4 to word Ġgreat (372)
INFO:src.dataset:Total num_sample for mode test: 1
INFO:src.dataset:Creating/loading examples from dataset file at /scratch/jy03364/MeZO_/medium_models/data/k-shot-1k-test/sst-5/full-16
INFO:src.dataset:Loading features from cached file /scratch/jy03364/MeZO_/medium_models/data/k-shot-1k-test/sst-5/full-16/cached_test_RobertaTokenizerFast-roberta_128_sst-5 [took 0.013 s]
INFO:src.dataset:*** Example ***
INFO:src.dataset:guid: test-0
INFO:src.dataset:features: OurInputFeatures(input_ids=[0, 2362, 2079, 2156, 117, 1423, 257, 2258, 2156, 45, 203, 9, 932, 479, 85, 21, 50264, 4, 2], attention_mask=[1, 1, 1, 1, 1, 1, 1, 1, 1, 1, 1, 1, 1, 1, 1, 1, 1, 1, 1], token_type_ids=None, label=1, mask_pos=[16], label_word_list=None, sfc_input_ids=None, sfc_attention_mask=None, sfc_mask_pos=None)
INFO:src.dataset:text: <s>no movement , no yuks , not much of anything . It was<mask>.</s>
INFO:__main__:[quzo-config] quantized model parameters in-place at 16 bits before ZO training
huggingface/tokenizers: The current process just got forked, after parallelism has already been used. Disabling parallelism to avoid deadlocks...
To disable this warning, you can either:
	- Avoid using `tokenizers` before the fork if possible
	- Explicitly set the environment variable TOKENIZERS_PARALLELISM=(true | false)
INFO:src.trainer:[dataloader][debug] self class=Trainer, get_train_dataloader=<bound method Trainer.get_train_dataloader of <src.trainer.Trainer object at 0x147f8c8c8ef0>>
INFO:src.trainer:[dataloader][override] Trainer.get_train_dataloader active. shuffle_raw=False type=bool -> shuffle=False; data_seed=16 seed=16 local_rank=-1
INFO:src.trainer:[dataloader][override] selected sampler=SequentialSampler
INFO:src.trainer:[dataloader] sampler=SequentialSampler, batch_sampler=BatchSampler
INFO:src.trainer:[dataloader] training uses SequentialSampler (no shuffle).
INFO:src.trainer:[dataloader] args.dataloader_shuffle=False
INFO:src.trainer:[dataloader] args.data_seed=16 args.seed=16
INFO:src.trainer:***** Running training *****
INFO:src.trainer:  Num examples = 7690
INFO:src.trainer:  Num Epochs = 208
INFO:src.trainer:  Instantaneous batch size per device = 32
INFO:src.trainer:  Total train batch size (w. parallel, distributed & accumulation) = 32
INFO:src.trainer:  Gradient Accumulation steps = 1
INFO:src.trainer:  Total optimization steps = 50000
INFO:src.trainer:[zo-config] zo_two_point_precision=fp16 | zero_order_eps=1e-07 | zo_use_true_directional_derivative=False
INFO:src.trainer:[zo_probe] enabled: every=200, num_seeds=16, csv=/scratch/jy03364/MeZO_/experiments/h_sweep_14h/results/sparse_mezo16/roberta-large/sst5/h_1e-7/run_sparse_mezo16/seed16/zo_directional_probe.csv
INFO:src.trainer:[h_estimation][init] h0=1.000e-03 active_source=fixed additive=False two_point=False
You're using a RobertaTokenizerFast tokenizer. Please note that with a fast tokenizer, using the `__call__` method is faster than using a method to encode the text followed by a call to the `pad` method to get a padded encoding.
INFO:src.trainer:[sparse-mezo] global_step=0 active_fraction=0.250084 active_params=102018978/407938142 configured_ratio=0.250000 mask_strategy=percentile_per_layer scope=trainable_only
/scratch/jy03364/MeZO_/medium_models/src/trainer.py:2281: FutureWarning: `torch.cuda.amp.autocast(args...)` is deprecated. Please use `torch.amp.autocast('cuda', args...)` instead.
  return autocast(dtype=torch.float16)
INFO:src.trainer:{'loss': 1.6049041748046875, 'learning_rate': 1e-06, 'global_step': 0, 'zo_forward_step': 2, 'max_steps': 50000, 'max_zo_forward_steps': 0, 'time': 1, 'eps': 1e-07, 'sparse_active_fraction': 0.25008443069292596}
INFO:src.trainer:[sparse-mezo] global_step=1 active_fraction=0.250084 active_params=102018978/407938142 configured_ratio=0.250000 mask_strategy=percentile_per_layer scope=trainable_only
INFO:src.trainer:[sparse-mezo] global_step=10 active_fraction=0.250084 active_params=102018978/407938142 configured_ratio=0.250000 mask_strategy=percentile_per_layer scope=trainable_only
INFO:src.trainer:{'loss': 1.637542724609375, 'learning_rate': 1e-06, 'global_step': 10, 'zo_forward_step': 22, 'max_steps': 50000, 'max_zo_forward_steps': 0, 'time': 4, 'eps': 1e-07, 'sparse_active_fraction': 0.25008443069292596}
INFO:src.trainer:[sparse-mezo] global_step=20 active_fraction=0.250084 active_params=102018978/407938142 configured_ratio=0.250000 mask_strategy=percentile_per_layer scope=trainable_only
INFO:src.trainer:{'loss': 1.6528167724609375, 'learning_rate': 1e-06, 'global_step': 20, 'zo_forward_step': 42, 'max_steps': 50000, 'max_zo_forward_steps': 0, 'time': 6, 'eps': 1e-07, 'sparse_active_fraction': 0.25008443069292596}
INFO:src.trainer:[sparse-mezo] global_step=30 active_fraction=0.250084 active_params=102018978/407938142 configured_ratio=0.250000 mask_strategy=percentile_per_layer scope=trainable_only
INFO:src.trainer:{'loss': 1.611053466796875, 'learning_rate': 1e-06, 'global_step': 30, 'zo_forward_step': 62, 'max_steps': 50000, 'max_zo_forward_steps': 0, 'time': 8, 'eps': 1e-07, 'sparse_active_fraction': 0.25008443069292596}
INFO:src.trainer:[sparse-mezo] global_step=40 active_fraction=0.250084 active_params=102018978/407938142 configured_ratio=0.250000 mask_strategy=percentile_per_layer scope=trainable_only
INFO:src.trainer:{'loss': 1.947906494140625, 'learning_rate': 1e-06, 'global_step': 40, 'zo_forward_step': 82, 'max_steps': 50000, 'max_zo_forward_steps': 0, 'time': 10, 'eps': 1e-07, 'sparse_active_fraction': 0.25008443069292596}
INFO:src.trainer:[sparse-mezo] global_step=50 active_fraction=0.250084 active_params=102018978/407938142 configured_ratio=0.250000 mask_strategy=percentile_per_layer scope=trainable_only
INFO:src.trainer:{'loss': 1.7223358154296875, 'learning_rate': 1e-06, 'global_step': 50, 'zo_forward_step': 102, 'max_steps': 50000, 'max_zo_forward_steps': 0, 'time': 12, 'eps': 1e-07, 'sparse_active_fraction': 0.25008443069292596}
INFO:src.trainer:[sparse-mezo] global_step=60 active_fraction=0.250084 active_params=102018978/407938142 configured_ratio=0.250000 mask_strategy=percentile_per_layer scope=trainable_only
INFO:src.trainer:{'loss': 1.72137451171875, 'learning_rate': 1e-06, 'global_step': 60, 'zo_forward_step': 122, 'max_steps': 50000, 'max_zo_forward_steps': 0, 'time': 14, 'eps': 1e-07, 'sparse_active_fraction': 0.25008443069292596}
INFO:src.trainer:[sparse-mezo] global_step=70 active_fraction=0.250084 active_params=102018978/407938142 configured_ratio=0.250000 mask_strategy=percentile_per_layer scope=trainable_only
INFO:src.trainer:{'loss': 1.517791748046875, 'learning_rate': 1e-06, 'global_step': 70, 'zo_forward_step': 142, 'max_steps': 50000, 'max_zo_forward_steps': 0, 'time': 16, 'eps': 1e-07, 'sparse_active_fraction': 0.25008443069292596}
INFO:src.trainer:[sparse-mezo] global_step=80 active_fraction=0.250084 active_params=102018978/407938142 configured_ratio=0.250000 mask_strategy=percentile_per_layer scope=trainable_only
INFO:src.trainer:{'loss': 1.73382568359375, 'learning_rate': 1e-06, 'global_step': 80, 'zo_forward_step': 162, 'max_steps': 50000, 'max_zo_forward_steps': 0, 'time': 18, 'eps': 1e-07, 'sparse_active_fraction': 0.25008443069292596}
INFO:src.trainer:[sparse-mezo] global_step=90 active_fraction=0.250084 active_params=102018978/407938142 configured_ratio=0.250000 mask_strategy=percentile_per_layer scope=trainable_only
INFO:src.trainer:{'loss': 1.6416168212890625, 'learning_rate': 1e-06, 'global_step': 90, 'zo_forward_step': 182, 'max_steps': 50000, 'max_zo_forward_steps': 0, 'time': 20, 'eps': 1e-07, 'sparse_active_fraction': 0.25008443069292596}
INFO:src.trainer:[sparse-mezo] global_step=100 active_fraction=0.250175 active_params=102056012/407938142 configured_ratio=0.250000 mask_strategy=percentile_per_layer scope=trainable_only
INFO:src.trainer:{'loss': 1.63507080078125, 'learning_rate': 1e-06, 'global_step': 100, 'zo_forward_step': 202, 'max_steps': 50000, 'max_zo_forward_steps': 0, 'time': 24, 'eps': 1e-07, 'sparse_active_fraction': 0.25017521406468535}
INFO:src.trainer:[sparse-mezo] global_step=110 active_fraction=0.250175 active_params=102056012/407938142 configured_ratio=0.250000 mask_strategy=percentile_per_layer scope=trainable_only
INFO:src.trainer:{'loss': 1.6567230224609375, 'learning_rate': 1e-06, 'global_step': 110, 'zo_forward_step': 222, 'max_steps': 50000, 'max_zo_forward_steps': 0, 'time': 26, 'eps': 1e-07, 'sparse_active_fraction': 0.25017521406468535}
INFO:src.trainer:[sparse-mezo] global_step=120 active_fraction=0.250175 active_params=102056012/407938142 configured_ratio=0.250000 mask_strategy=percentile_per_layer scope=trainable_only
INFO:src.trainer:{'loss': 1.85308837890625, 'learning_rate': 1e-06, 'global_step': 120, 'zo_forward_step': 242, 'max_steps': 50000, 'max_zo_forward_steps': 0, 'time': 28, 'eps': 1e-07, 'sparse_active_fraction': 0.25017521406468535}
INFO:src.trainer:[sparse-mezo] global_step=130 active_fraction=0.250175 active_params=102056012/407938142 configured_ratio=0.250000 mask_strategy=percentile_per_layer scope=trainable_only
INFO:src.trainer:{'loss': 2.0048980712890625, 'learning_rate': 1e-06, 'global_step': 130, 'zo_forward_step': 262, 'max_steps': 50000, 'max_zo_forward_steps': 0, 'time': 30, 'eps': 1e-07, 'sparse_active_fraction': 0.25017521406468535}
INFO:src.trainer:[sparse-mezo] global_step=140 active_fraction=0.250175 active_params=102056012/407938142 configured_ratio=0.250000 mask_strategy=percentile_per_layer scope=trainable_only
INFO:src.trainer:{'loss': 2.0469589233398438, 'learning_rate': 1e-06, 'global_step': 140, 'zo_forward_step': 282, 'max_steps': 50000, 'max_zo_forward_steps': 0, 'time': 32, 'eps': 1e-07, 'sparse_active_fraction': 0.25017521406468535}
INFO:src.trainer:[sparse-mezo] global_step=150 active_fraction=0.250175 active_params=102056012/407938142 configured_ratio=0.250000 mask_strategy=percentile_per_layer scope=trainable_only
INFO:src.trainer:{'loss': 1.673583984375, 'learning_rate': 1e-06, 'global_step': 150, 'zo_forward_step': 302, 'max_steps': 50000, 'max_zo_forward_steps': 0, 'time': 34, 'eps': 1e-07, 'sparse_active_fraction': 0.25017521406468535}
INFO:src.trainer:[sparse-mezo] global_step=160 active_fraction=0.250175 active_params=102056012/407938142 configured_ratio=0.250000 mask_strategy=percentile_per_layer scope=trainable_only
INFO:src.trainer:{'loss': 1.746673583984375, 'learning_rate': 1e-06, 'global_step': 160, 'zo_forward_step': 322, 'max_steps': 50000, 'max_zo_forward_steps': 0, 'time': 36, 'eps': 1e-07, 'sparse_active_fraction': 0.25017521406468535}
INFO:src.trainer:[sparse-mezo] global_step=170 active_fraction=0.250175 active_params=102056012/407938142 configured_ratio=0.250000 mask_strategy=percentile_per_layer scope=trainable_only
INFO:src.trainer:{'loss': 1.73883056640625, 'learning_rate': 1e-06, 'global_step': 170, 'zo_forward_step': 342, 'max_steps': 50000, 'max_zo_forward_steps': 0, 'time': 38, 'eps': 1e-07, 'sparse_active_fraction': 0.25017521406468535}
INFO:src.trainer:[sparse-mezo] global_step=180 active_fraction=0.250175 active_params=102056012/407938142 configured_ratio=0.250000 mask_strategy=percentile_per_layer scope=trainable_only
INFO:src.trainer:{'loss': 1.72222900390625, 'learning_rate': 1e-06, 'global_step': 180, 'zo_forward_step': 362, 'max_steps': 50000, 'max_zo_forward_steps': 0, 'time': 40, 'eps': 1e-07, 'sparse_active_fraction': 0.25017521406468535}
INFO:src.trainer:[sparse-mezo] global_step=190 active_fraction=0.250175 active_params=102056012/407938142 configured_ratio=0.250000 mask_strategy=percentile_per_layer scope=trainable_only
INFO:src.trainer:{'loss': 1.9477691650390625, 'learning_rate': 1e-06, 'global_step': 190, 'zo_forward_step': 382, 'max_steps': 50000, 'max_zo_forward_steps': 0, 'time': 43, 'eps': 1e-07, 'sparse_active_fraction': 0.25017521406468535}
INFO:src.trainer:[sparse-mezo] global_step=200 active_fraction=0.250198 active_params=102065381/407938142 configured_ratio=0.250000 mask_strategy=percentile_per_layer scope=trainable_only
INFO:src.trainer:[zo_probe] step=200 eps=1.000e-07 precision=fp16 n=16 mae=8.026491e+02 mse=1.139436e+06 rmse=1.067444e+03 sign_acc=0.6875 corr=-0.210274
INFO:src.trainer:{'loss': 2.086212158203125, 'learning_rate': 1e-06, 'global_step': 200, 'zo_forward_step': 402, 'max_steps': 50000, 'max_zo_forward_steps': 0, 'time': 49, 'eps': 1e-07, 'sparse_active_fraction': 0.2501981807820265}
INFO:src.trainer:[sparse-mezo] global_step=210 active_fraction=0.250198 active_params=102065381/407938142 configured_ratio=0.250000 mask_strategy=percentile_per_layer scope=trainable_only
INFO:src.trainer:{'loss': 1.7448272705078125, 'learning_rate': 1e-06, 'global_step': 210, 'zo_forward_step': 422, 'max_steps': 50000, 'max_zo_forward_steps': 0, 'time': 52, 'eps': 1e-07, 'sparse_active_fraction': 0.2501981807820265}
INFO:src.trainer:[sparse-mezo] global_step=220 active_fraction=0.250198 active_params=102065381/407938142 configured_ratio=0.250000 mask_strategy=percentile_per_layer scope=trainable_only
INFO:src.trainer:{'loss': 1.6595001220703125, 'learning_rate': 1e-06, 'global_step': 220, 'zo_forward_step': 442, 'max_steps': 50000, 'max_zo_forward_steps': 0, 'time': 54, 'eps': 1e-07, 'sparse_active_fraction': 0.2501981807820265}
INFO:src.trainer:[sparse-mezo] global_step=230 active_fraction=0.250198 active_params=102065381/407938142 configured_ratio=0.250000 mask_strategy=percentile_per_layer scope=trainable_only
INFO:src.trainer:{'loss': 1.895538330078125, 'learning_rate': 1e-06, 'global_step': 230, 'zo_forward_step': 462, 'max_steps': 50000, 'max_zo_forward_steps': 0, 'time': 56, 'eps': 1e-07, 'sparse_active_fraction': 0.2501981807820265}
INFO:src.trainer:[sparse-mezo] global_step=240 active_fraction=0.250198 active_params=102065381/407938142 configured_ratio=0.250000 mask_strategy=percentile_per_layer scope=trainable_only
INFO:src.trainer:{'loss': 1.874267578125, 'learning_rate': 1e-06, 'global_step': 240, 'zo_forward_step': 482, 'max_steps': 50000, 'max_zo_forward_steps': 0, 'time': 58, 'eps': 1e-07, 'sparse_active_fraction': 0.2501981807820265}
INFO:src.trainer:[sparse-mezo] global_step=250 active_fraction=0.250198 active_params=102065381/407938142 configured_ratio=0.250000 mask_strategy=percentile_per_layer scope=trainable_only
INFO:src.trainer:{'loss': 1.8679351806640625, 'learning_rate': 1e-06, 'global_step': 250, 'zo_forward_step': 502, 'max_steps': 50000, 'max_zo_forward_steps': 0, 'time': 60, 'eps': 1e-07, 'sparse_active_fraction': 0.2501981807820265}
INFO:src.trainer:[sparse-mezo] global_step=260 active_fraction=0.250198 active_params=102065381/407938142 configured_ratio=0.250000 mask_strategy=percentile_per_layer scope=trainable_only
INFO:src.trainer:{'loss': 1.8216552734375, 'learning_rate': 1e-06, 'global_step': 260, 'zo_forward_step': 522, 'max_steps': 50000, 'max_zo_forward_steps': 0, 'time': 62, 'eps': 1e-07, 'sparse_active_fraction': 0.2501981807820265}
INFO:src.trainer:[sparse-mezo] global_step=270 active_fraction=0.250198 active_params=102065381/407938142 configured_ratio=0.250000 mask_strategy=percentile_per_layer scope=trainable_only
INFO:src.trainer:{'loss': 1.695068359375, 'learning_rate': 1e-06, 'global_step': 270, 'zo_forward_step': 542, 'max_steps': 50000, 'max_zo_forward_steps': 0, 'time': 64, 'eps': 1e-07, 'sparse_active_fraction': 0.2501981807820265}
INFO:src.trainer:[sparse-mezo] global_step=280 active_fraction=0.250198 active_params=102065381/407938142 configured_ratio=0.250000 mask_strategy=percentile_per_layer scope=trainable_only
INFO:src.trainer:{'loss': 1.70587158203125, 'learning_rate': 1e-06, 'global_step': 280, 'zo_forward_step': 562, 'max_steps': 50000, 'max_zo_forward_steps': 0, 'time': 66, 'eps': 1e-07, 'sparse_active_fraction': 0.2501981807820265}
INFO:src.trainer:[sparse-mezo] global_step=290 active_fraction=0.250198 active_params=102065381/407938142 configured_ratio=0.250000 mask_strategy=percentile_per_layer scope=trainable_only
INFO:src.trainer:{'loss': 1.643157958984375, 'learning_rate': 1e-06, 'global_step': 290, 'zo_forward_step': 582, 'max_steps': 50000, 'max_zo_forward_steps': 0, 'time': 68, 'eps': 1e-07, 'sparse_active_fraction': 0.2501981807820265}
INFO:src.trainer:[sparse-mezo] global_step=300 active_fraction=0.250288 active_params=102102197/407938142 configured_ratio=0.250000 mask_strategy=percentile_per_layer scope=trainable_only
INFO:src.trainer:{'loss': 1.86163330078125, 'learning_rate': 1e-06, 'global_step': 300, 'zo_forward_step': 602, 'max_steps': 50000, 'max_zo_forward_steps': 0, 'time': 71, 'eps': 1e-07, 'sparse_active_fraction': 0.2502884297590393}
INFO:src.trainer:[sparse-mezo] global_step=310 active_fraction=0.250288 active_params=102102197/407938142 configured_ratio=0.250000 mask_strategy=percentile_per_layer scope=trainable_only
INFO:src.trainer:{'loss': 1.928955078125, 'learning_rate': 1e-06, 'global_step': 310, 'zo_forward_step': 622, 'max_steps': 50000, 'max_zo_forward_steps': 0, 'time': 74, 'eps': 1e-07, 'sparse_active_fraction': 0.2502884297590393}
INFO:src.trainer:[sparse-mezo] global_step=320 active_fraction=0.250288 active_params=102102197/407938142 configured_ratio=0.250000 mask_strategy=percentile_per_layer scope=trainable_only
INFO:src.trainer:{'loss': 1.6536102294921875, 'learning_rate': 1e-06, 'global_step': 320, 'zo_forward_step': 642, 'max_steps': 50000, 'max_zo_forward_steps': 0, 'time': 76, 'eps': 1e-07, 'sparse_active_fraction': 0.2502884297590393}
INFO:src.trainer:[sparse-mezo] global_step=330 active_fraction=0.250288 active_params=102102197/407938142 configured_ratio=0.250000 mask_strategy=percentile_per_layer scope=trainable_only
INFO:src.trainer:{'loss': 2.249114990234375, 'learning_rate': 1e-06, 'global_step': 330, 'zo_forward_step': 662, 'max_steps': 50000, 'max_zo_forward_steps': 0, 'time': 78, 'eps': 1e-07, 'sparse_active_fraction': 0.2502884297590393}
INFO:src.trainer:[sparse-mezo] global_step=340 active_fraction=0.250288 active_params=102102197/407938142 configured_ratio=0.250000 mask_strategy=percentile_per_layer scope=trainable_only
INFO:src.trainer:{'loss': 1.83197021484375, 'learning_rate': 1e-06, 'global_step': 340, 'zo_forward_step': 682, 'max_steps': 50000, 'max_zo_forward_steps': 0, 'time': 80, 'eps': 1e-07, 'sparse_active_fraction': 0.2502884297590393}
INFO:src.trainer:[sparse-mezo] global_step=350 active_fraction=0.250288 active_params=102102197/407938142 configured_ratio=0.250000 mask_strategy=percentile_per_layer scope=trainable_only
INFO:src.trainer:{'loss': 1.922882080078125, 'learning_rate': 1e-06, 'global_step': 350, 'zo_forward_step': 702, 'max_steps': 50000, 'max_zo_forward_steps': 0, 'time': 82, 'eps': 1e-07, 'sparse_active_fraction': 0.2502884297590393}
INFO:src.trainer:[sparse-mezo] global_step=360 active_fraction=0.250288 active_params=102102197/407938142 configured_ratio=0.250000 mask_strategy=percentile_per_layer scope=trainable_only
INFO:src.trainer:{'loss': 2.105865478515625, 'learning_rate': 1e-06, 'global_step': 360, 'zo_forward_step': 722, 'max_steps': 50000, 'max_zo_forward_steps': 0, 'time': 84, 'eps': 1e-07, 'sparse_active_fraction': 0.2502884297590393}
INFO:src.trainer:[sparse-mezo] global_step=370 active_fraction=0.250288 active_params=102102197/407938142 configured_ratio=0.250000 mask_strategy=percentile_per_layer scope=trainable_only
INFO:src.trainer:{'loss': 1.86151123046875, 'learning_rate': 1e-06, 'global_step': 370, 'zo_forward_step': 742, 'max_steps': 50000, 'max_zo_forward_steps': 0, 'time': 86, 'eps': 1e-07, 'sparse_active_fraction': 0.2502884297590393}
INFO:src.trainer:[sparse-mezo] global_step=380 active_fraction=0.250288 active_params=102102197/407938142 configured_ratio=0.250000 mask_strategy=percentile_per_layer scope=trainable_only
INFO:src.trainer:{'loss': 1.86773681640625, 'learning_rate': 1e-06, 'global_step': 380, 'zo_forward_step': 762, 'max_steps': 50000, 'max_zo_forward_steps': 0, 'time': 88, 'eps': 1e-07, 'sparse_active_fraction': 0.2502884297590393}
INFO:src.trainer:[sparse-mezo] global_step=390 active_fraction=0.250288 active_params=102102197/407938142 configured_ratio=0.250000 mask_strategy=percentile_per_layer scope=trainable_only
INFO:src.trainer:{'loss': 1.97998046875, 'learning_rate': 1e-06, 'global_step': 390, 'zo_forward_step': 782, 'max_steps': 50000, 'max_zo_forward_steps': 0, 'time': 90, 'eps': 1e-07, 'sparse_active_fraction': 0.2502884297590393}
INFO:src.trainer:[sparse-mezo] global_step=400 active_fraction=0.250258 active_params=102089671/407938142 configured_ratio=0.250000 mask_strategy=percentile_per_layer scope=trainable_only
INFO:src.trainer:[zo_probe] step=400 eps=1.000e-07 precision=fp16 n=16 mae=7.210906e+02 mse=7.868330e+05 rmse=8.870361e+02 sign_acc=0.4375 corr=-0.322675
INFO:src.trainer:{'loss': 1.9957275390625, 'learning_rate': 1e-06, 'global_step': 400, 'zo_forward_step': 802, 'max_steps': 50000, 'max_zo_forward_steps': 0, 'time': 97, 'eps': 1e-07, 'sparse_active_fraction': 0.2502577241232814}
INFO:src.trainer:[sparse-mezo] global_step=410 active_fraction=0.250258 active_params=102089671/407938142 configured_ratio=0.250000 mask_strategy=percentile_per_layer scope=trainable_only
INFO:src.trainer:{'loss': 1.940765380859375, 'learning_rate': 1e-06, 'global_step': 410, 'zo_forward_step': 822, 'max_steps': 50000, 'max_zo_forward_steps': 0, 'time': 99, 'eps': 1e-07, 'sparse_active_fraction': 0.2502577241232814}
INFO:src.trainer:[sparse-mezo] global_step=420 active_fraction=0.250258 active_params=102089671/407938142 configured_ratio=0.250000 mask_strategy=percentile_per_layer scope=trainable_only
INFO:src.trainer:{'loss': 2.13714599609375, 'learning_rate': 1e-06, 'global_step': 420, 'zo_forward_step': 842, 'max_steps': 50000, 'max_zo_forward_steps': 0, 'time': 101, 'eps': 1e-07, 'sparse_active_fraction': 0.2502577241232814}
INFO:src.trainer:[sparse-mezo] global_step=430 active_fraction=0.250258 active_params=102089671/407938142 configured_ratio=0.250000 mask_strategy=percentile_per_layer scope=trainable_only
INFO:src.trainer:{'loss': 2.209808349609375, 'learning_rate': 1e-06, 'global_step': 430, 'zo_forward_step': 862, 'max_steps': 50000, 'max_zo_forward_steps': 0, 'time': 103, 'eps': 1e-07, 'sparse_active_fraction': 0.2502577241232814}
INFO:src.trainer:[sparse-mezo] global_step=440 active_fraction=0.250258 active_params=102089671/407938142 configured_ratio=0.250000 mask_strategy=percentile_per_layer scope=trainable_only
INFO:src.trainer:{'loss': 1.995269775390625, 'learning_rate': 1e-06, 'global_step': 440, 'zo_forward_step': 882, 'max_steps': 50000, 'max_zo_forward_steps': 0, 'time': 105, 'eps': 1e-07, 'sparse_active_fraction': 0.2502577241232814}
INFO:src.trainer:[sparse-mezo] global_step=450 active_fraction=0.250258 active_params=102089671/407938142 configured_ratio=0.250000 mask_strategy=percentile_per_layer scope=trainable_only
INFO:src.trainer:{'loss': 1.813201904296875, 'learning_rate': 1e-06, 'global_step': 450, 'zo_forward_step': 902, 'max_steps': 50000, 'max_zo_forward_steps': 0, 'time': 107, 'eps': 1e-07, 'sparse_active_fraction': 0.2502577241232814}
INFO:src.trainer:[sparse-mezo] global_step=460 active_fraction=0.250258 active_params=102089671/407938142 configured_ratio=0.250000 mask_strategy=percentile_per_layer scope=trainable_only
INFO:src.trainer:{'loss': 1.88238525390625, 'learning_rate': 1e-06, 'global_step': 460, 'zo_forward_step': 922, 'max_steps': 50000, 'max_zo_forward_steps': 0, 'time': 110, 'eps': 1e-07, 'sparse_active_fraction': 0.2502577241232814}
INFO:src.trainer:[sparse-mezo] global_step=470 active_fraction=0.250258 active_params=102089671/407938142 configured_ratio=0.250000 mask_strategy=percentile_per_layer scope=trainable_only
INFO:src.trainer:{'loss': 1.870269775390625, 'learning_rate': 1e-06, 'global_step': 470, 'zo_forward_step': 942, 'max_steps': 50000, 'max_zo_forward_steps': 0, 'time': 112, 'eps': 1e-07, 'sparse_active_fraction': 0.2502577241232814}
INFO:src.trainer:[sparse-mezo] global_step=480 active_fraction=0.250258 active_params=102089671/407938142 configured_ratio=0.250000 mask_strategy=percentile_per_layer scope=trainable_only
INFO:src.trainer:{'loss': 2.15606689453125, 'learning_rate': 1e-06, 'global_step': 480, 'zo_forward_step': 962, 'max_steps': 50000, 'max_zo_forward_steps': 0, 'time': 114, 'eps': 1e-07, 'sparse_active_fraction': 0.2502577241232814}
INFO:src.trainer:[sparse-mezo] global_step=490 active_fraction=0.250258 active_params=102089671/407938142 configured_ratio=0.250000 mask_strategy=percentile_per_layer scope=trainable_only
INFO:src.trainer:{'loss': 1.767364501953125, 'learning_rate': 1e-06, 'global_step': 490, 'zo_forward_step': 982, 'max_steps': 50000, 'max_zo_forward_steps': 0, 'time': 116, 'eps': 1e-07, 'sparse_active_fraction': 0.2502577241232814}
INFO:src.trainer:[sparse-mezo] global_step=500 active_fraction=0.250328 active_params=102118497/407938142 configured_ratio=0.250000 mask_strategy=percentile_per_layer scope=trainable_only
INFO:src.trainer:{'loss': 1.8404541015625, 'learning_rate': 1e-06, 'global_step': 500, 'zo_forward_step': 1002, 'max_steps': 50000, 'max_zo_forward_steps': 0, 'time': 119, 'eps': 1e-07, 'sparse_active_fraction': 0.25032838679742775}
INFO:src.trainer:[sparse-mezo] global_step=510 active_fraction=0.250328 active_params=102118497/407938142 configured_ratio=0.250000 mask_strategy=percentile_per_layer scope=trainable_only
INFO:src.trainer:{'loss': 1.8918609619140625, 'learning_rate': 1e-06, 'global_step': 510, 'zo_forward_step': 1022, 'max_steps': 50000, 'max_zo_forward_steps': 0, 'time': 121, 'eps': 1e-07, 'sparse_active_fraction': 0.25032838679742775}
INFO:src.trainer:[sparse-mezo] global_step=520 active_fraction=0.250328 active_params=102118497/407938142 configured_ratio=0.250000 mask_strategy=percentile_per_layer scope=trainable_only
INFO:src.trainer:{'loss': 1.914337158203125, 'learning_rate': 1e-06, 'global_step': 520, 'zo_forward_step': 1042, 'max_steps': 50000, 'max_zo_forward_steps': 0, 'time': 123, 'eps': 1e-07, 'sparse_active_fraction': 0.25032838679742775}
INFO:src.trainer:[sparse-mezo] global_step=530 active_fraction=0.250328 active_params=102118497/407938142 configured_ratio=0.250000 mask_strategy=percentile_per_layer scope=trainable_only
INFO:src.trainer:{'loss': 1.82305908203125, 'learning_rate': 1e-06, 'global_step': 530, 'zo_forward_step': 1062, 'max_steps': 50000, 'max_zo_forward_steps': 0, 'time': 125, 'eps': 1e-07, 'sparse_active_fraction': 0.25032838679742775}
INFO:src.trainer:[sparse-mezo] global_step=540 active_fraction=0.250328 active_params=102118497/407938142 configured_ratio=0.250000 mask_strategy=percentile_per_layer scope=trainable_only
INFO:src.trainer:{'loss': 1.795013427734375, 'learning_rate': 1e-06, 'global_step': 540, 'zo_forward_step': 1082, 'max_steps': 50000, 'max_zo_forward_steps': 0, 'time': 127, 'eps': 1e-07, 'sparse_active_fraction': 0.25032838679742775}
INFO:src.trainer:[sparse-mezo] global_step=550 active_fraction=0.250328 active_params=102118497/407938142 configured_ratio=0.250000 mask_strategy=percentile_per_layer scope=trainable_only
INFO:src.trainer:{'loss': 1.848968505859375, 'learning_rate': 1e-06, 'global_step': 550, 'zo_forward_step': 1102, 'max_steps': 50000, 'max_zo_forward_steps': 0, 'time': 130, 'eps': 1e-07, 'sparse_active_fraction': 0.25032838679742775}
INFO:src.trainer:[sparse-mezo] global_step=560 active_fraction=0.250328 active_params=102118497/407938142 configured_ratio=0.250000 mask_strategy=percentile_per_layer scope=trainable_only
INFO:src.trainer:{'loss': 1.780517578125, 'learning_rate': 1e-06, 'global_step': 560, 'zo_forward_step': 1122, 'max_steps': 50000, 'max_zo_forward_steps': 0, 'time': 132, 'eps': 1e-07, 'sparse_active_fraction': 0.25032838679742775}
INFO:src.trainer:[sparse-mezo] global_step=570 active_fraction=0.250328 active_params=102118497/407938142 configured_ratio=0.250000 mask_strategy=percentile_per_layer scope=trainable_only
INFO:src.trainer:{'loss': 1.72613525390625, 'learning_rate': 1e-06, 'global_step': 570, 'zo_forward_step': 1142, 'max_steps': 50000, 'max_zo_forward_steps': 0, 'time': 134, 'eps': 1e-07, 'sparse_active_fraction': 0.25032838679742775}
INFO:src.trainer:[sparse-mezo] global_step=580 active_fraction=0.250328 active_params=102118497/407938142 configured_ratio=0.250000 mask_strategy=percentile_per_layer scope=trainable_only
INFO:src.trainer:{'loss': 1.76080322265625, 'learning_rate': 1e-06, 'global_step': 580, 'zo_forward_step': 1162, 'max_steps': 50000, 'max_zo_forward_steps': 0, 'time': 136, 'eps': 1e-07, 'sparse_active_fraction': 0.25032838679742775}
INFO:src.trainer:[sparse-mezo] global_step=590 active_fraction=0.250328 active_params=102118497/407938142 configured_ratio=0.250000 mask_strategy=percentile_per_layer scope=trainable_only
INFO:src.trainer:{'loss': 1.692962646484375, 'learning_rate': 1e-06, 'global_step': 590, 'zo_forward_step': 1182, 'max_steps': 50000, 'max_zo_forward_steps': 0, 'time': 138, 'eps': 1e-07, 'sparse_active_fraction': 0.25032838679742775}
INFO:src.trainer:[sparse-mezo] global_step=600 active_fraction=0.250337 active_params=102121993/407938142 configured_ratio=0.250000 mask_strategy=percentile_per_layer scope=trainable_only
INFO:src.trainer:[zo_probe] step=600 eps=1.000e-07 precision=fp16 n=16 mae=8.043464e+02 mse=9.404621e+05 rmse=9.697743e+02 sign_acc=0.5000 corr=0.382476
INFO:src.trainer:{'loss': 1.7720947265625, 'learning_rate': 1e-06, 'global_step': 600, 'zo_forward_step': 1202, 'max_steps': 50000, 'max_zo_forward_steps': 0, 'time': 145, 'eps': 1e-07, 'sparse_active_fraction': 0.2503369567241888}
INFO:src.trainer:[sparse-mezo] global_step=610 active_fraction=0.250337 active_params=102121993/407938142 configured_ratio=0.250000 mask_strategy=percentile_per_layer scope=trainable_only
INFO:src.trainer:{'loss': 1.67840576171875, 'learning_rate': 1e-06, 'global_step': 610, 'zo_forward_step': 1222, 'max_steps': 50000, 'max_zo_forward_steps': 0, 'time': 147, 'eps': 1e-07, 'sparse_active_fraction': 0.2503369567241888}
INFO:src.trainer:[sparse-mezo] global_step=620 active_fraction=0.250337 active_params=102121993/407938142 configured_ratio=0.250000 mask_strategy=percentile_per_layer scope=trainable_only
INFO:src.trainer:{'loss': 1.822113037109375, 'learning_rate': 1e-06, 'global_step': 620, 'zo_forward_step': 1242, 'max_steps': 50000, 'max_zo_forward_steps': 0, 'time': 149, 'eps': 1e-07, 'sparse_active_fraction': 0.2503369567241888}
INFO:src.trainer:[sparse-mezo] global_step=630 active_fraction=0.250337 active_params=102121993/407938142 configured_ratio=0.250000 mask_strategy=percentile_per_layer scope=trainable_only
INFO:src.trainer:{'loss': 1.6645355224609375, 'learning_rate': 1e-06, 'global_step': 630, 'zo_forward_step': 1262, 'max_steps': 50000, 'max_zo_forward_steps': 0, 'time': 151, 'eps': 1e-07, 'sparse_active_fraction': 0.2503369567241888}
INFO:src.trainer:[sparse-mezo] global_step=640 active_fraction=0.250337 active_params=102121993/407938142 configured_ratio=0.250000 mask_strategy=percentile_per_layer scope=trainable_only
INFO:src.trainer:{'loss': 1.7354736328125, 'learning_rate': 1e-06, 'global_step': 640, 'zo_forward_step': 1282, 'max_steps': 50000, 'max_zo_forward_steps': 0, 'time': 153, 'eps': 1e-07, 'sparse_active_fraction': 0.2503369567241888}
INFO:src.trainer:[sparse-mezo] global_step=650 active_fraction=0.250337 active_params=102121993/407938142 configured_ratio=0.250000 mask_strategy=percentile_per_layer scope=trainable_only
INFO:src.trainer:{'loss': 1.7327880859375, 'learning_rate': 1e-06, 'global_step': 650, 'zo_forward_step': 1302, 'max_steps': 50000, 'max_zo_forward_steps': 0, 'time': 155, 'eps': 1e-07, 'sparse_active_fraction': 0.2503369567241888}
INFO:src.trainer:[sparse-mezo] global_step=660 active_fraction=0.250337 active_params=102121993/407938142 configured_ratio=0.250000 mask_strategy=percentile_per_layer scope=trainable_only
INFO:src.trainer:{'loss': 1.75006103515625, 'learning_rate': 1e-06, 'global_step': 660, 'zo_forward_step': 1322, 'max_steps': 50000, 'max_zo_forward_steps': 0, 'time': 157, 'eps': 1e-07, 'sparse_active_fraction': 0.2503369567241888}
INFO:src.trainer:[sparse-mezo] global_step=670 active_fraction=0.250337 active_params=102121993/407938142 configured_ratio=0.250000 mask_strategy=percentile_per_layer scope=trainable_only
INFO:src.trainer:{'loss': 1.745941162109375, 'learning_rate': 1e-06, 'global_step': 670, 'zo_forward_step': 1342, 'max_steps': 50000, 'max_zo_forward_steps': 0, 'time': 159, 'eps': 1e-07, 'sparse_active_fraction': 0.2503369567241888}
INFO:src.trainer:[sparse-mezo] global_step=680 active_fraction=0.250337 active_params=102121993/407938142 configured_ratio=0.250000 mask_strategy=percentile_per_layer scope=trainable_only
INFO:src.trainer:{'loss': 1.9243927001953125, 'learning_rate': 1e-06, 'global_step': 680, 'zo_forward_step': 1362, 'max_steps': 50000, 'max_zo_forward_steps': 0, 'time': 161, 'eps': 1e-07, 'sparse_active_fraction': 0.2503369567241888}
INFO:src.trainer:[sparse-mezo] global_step=690 active_fraction=0.250337 active_params=102121993/407938142 configured_ratio=0.250000 mask_strategy=percentile_per_layer scope=trainable_only
INFO:src.trainer:{'loss': 2.163330078125, 'learning_rate': 1e-06, 'global_step': 690, 'zo_forward_step': 1382, 'max_steps': 50000, 'max_zo_forward_steps': 0, 'time': 163, 'eps': 1e-07, 'sparse_active_fraction': 0.2503369567241888}
INFO:src.trainer:[sparse-mezo] global_step=700 active_fraction=0.250471 active_params=102176629/407938142 configured_ratio=0.250000 mask_strategy=percentile_per_layer scope=trainable_only
INFO:src.trainer:{'loss': 1.9470977783203125, 'learning_rate': 1e-06, 'global_step': 700, 'zo_forward_step': 1402, 'max_steps': 50000, 'max_zo_forward_steps': 0, 'time': 167, 'eps': 1e-07, 'sparse_active_fraction': 0.2504708887947036}
INFO:src.trainer:[sparse-mezo] global_step=710 active_fraction=0.250471 active_params=102176629/407938142 configured_ratio=0.250000 mask_strategy=percentile_per_layer scope=trainable_only
INFO:src.trainer:{'loss': 2.133453369140625, 'learning_rate': 1e-06, 'global_step': 710, 'zo_forward_step': 1422, 'max_steps': 50000, 'max_zo_forward_steps': 0, 'time': 169, 'eps': 1e-07, 'sparse_active_fraction': 0.2504708887947036}
INFO:src.trainer:[sparse-mezo] global_step=720 active_fraction=0.250471 active_params=102176629/407938142 configured_ratio=0.250000 mask_strategy=percentile_per_layer scope=trainable_only
INFO:src.trainer:{'loss': 1.8298492431640625, 'learning_rate': 1e-06, 'global_step': 720, 'zo_forward_step': 1442, 'max_steps': 50000, 'max_zo_forward_steps': 0, 'time': 171, 'eps': 1e-07, 'sparse_active_fraction': 0.2504708887947036}
INFO:src.trainer:[sparse-mezo] global_step=730 active_fraction=0.250471 active_params=102176629/407938142 configured_ratio=0.250000 mask_strategy=percentile_per_layer scope=trainable_only
INFO:src.trainer:{'loss': 2.249603271484375, 'learning_rate': 1e-06, 'global_step': 730, 'zo_forward_step': 1462, 'max_steps': 50000, 'max_zo_forward_steps': 0, 'time': 173, 'eps': 1e-07, 'sparse_active_fraction': 0.2504708887947036}
INFO:src.trainer:[sparse-mezo] global_step=740 active_fraction=0.250471 active_params=102176629/407938142 configured_ratio=0.250000 mask_strategy=percentile_per_layer scope=trainable_only
INFO:src.trainer:{'loss': 1.9248504638671875, 'learning_rate': 1e-06, 'global_step': 740, 'zo_forward_step': 1482, 'max_steps': 50000, 'max_zo_forward_steps': 0, 'time': 175, 'eps': 1e-07, 'sparse_active_fraction': 0.2504708887947036}
INFO:src.trainer:[sparse-mezo] global_step=750 active_fraction=0.250471 active_params=102176629/407938142 configured_ratio=0.250000 mask_strategy=percentile_per_layer scope=trainable_only
INFO:src.trainer:{'loss': 2.3143768310546875, 'learning_rate': 1e-06, 'global_step': 750, 'zo_forward_step': 1502, 'max_steps': 50000, 'max_zo_forward_steps': 0, 'time': 177, 'eps': 1e-07, 'sparse_active_fraction': 0.2504708887947036}
INFO:src.trainer:[sparse-mezo] global_step=760 active_fraction=0.250471 active_params=102176629/407938142 configured_ratio=0.250000 mask_strategy=percentile_per_layer scope=trainable_only
INFO:src.trainer:{'loss': 1.8812255859375, 'learning_rate': 1e-06, 'global_step': 760, 'zo_forward_step': 1522, 'max_steps': 50000, 'max_zo_forward_steps': 0, 'time': 179, 'eps': 1e-07, 'sparse_active_fraction': 0.2504708887947036}
INFO:src.trainer:[sparse-mezo] global_step=770 active_fraction=0.250471 active_params=102176629/407938142 configured_ratio=0.250000 mask_strategy=percentile_per_layer scope=trainable_only
INFO:src.trainer:{'loss': 2.2125091552734375, 'learning_rate': 1e-06, 'global_step': 770, 'zo_forward_step': 1542, 'max_steps': 50000, 'max_zo_forward_steps': 0, 'time': 181, 'eps': 1e-07, 'sparse_active_fraction': 0.2504708887947036}
INFO:src.trainer:[sparse-mezo] global_step=780 active_fraction=0.250471 active_params=102176629/407938142 configured_ratio=0.250000 mask_strategy=percentile_per_layer scope=trainable_only
INFO:src.trainer:{'loss': 1.9844207763671875, 'learning_rate': 1e-06, 'global_step': 780, 'zo_forward_step': 1562, 'max_steps': 50000, 'max_zo_forward_steps': 0, 'time': 183, 'eps': 1e-07, 'sparse_active_fraction': 0.2504708887947036}
INFO:src.trainer:[sparse-mezo] global_step=790 active_fraction=0.250471 active_params=102176629/407938142 configured_ratio=0.250000 mask_strategy=percentile_per_layer scope=trainable_only
INFO:src.trainer:{'loss': 1.8749237060546875, 'learning_rate': 1e-06, 'global_step': 790, 'zo_forward_step': 1582, 'max_steps': 50000, 'max_zo_forward_steps': 0, 'time': 186, 'eps': 1e-07, 'sparse_active_fraction': 0.2504708887947036}
INFO:src.trainer:[sparse-mezo] global_step=800 active_fraction=0.250435 active_params=102162129/407938142 configured_ratio=0.250000 mask_strategy=percentile_per_layer scope=trainable_only
INFO:src.trainer:[zo_probe] step=800 eps=1.000e-07 precision=fp16 n=16 mae=6.161311e+02 mse=6.912831e+05 rmse=8.314343e+02 sign_acc=0.5625 corr=-0.032729
INFO:src.trainer:{'loss': 1.9485626220703125, 'learning_rate': 1e-06, 'global_step': 800, 'zo_forward_step': 1602, 'max_steps': 50000, 'max_zo_forward_steps': 0, 'time': 192, 'eps': 1e-07, 'sparse_active_fraction': 0.25043534419000224}
INFO:src.trainer:[sparse-mezo] global_step=810 active_fraction=0.250435 active_params=102162129/407938142 configured_ratio=0.250000 mask_strategy=percentile_per_layer scope=trainable_only
INFO:src.trainer:{'loss': 2.1531219482421875, 'learning_rate': 1e-06, 'global_step': 810, 'zo_forward_step': 1622, 'max_steps': 50000, 'max_zo_forward_steps': 0, 'time': 194, 'eps': 1e-07, 'sparse_active_fraction': 0.25043534419000224}
INFO:src.trainer:[sparse-mezo] global_step=820 active_fraction=0.250435 active_params=102162129/407938142 configured_ratio=0.250000 mask_strategy=percentile_per_layer scope=trainable_only
INFO:src.trainer:{'loss': 2.081939697265625, 'learning_rate': 1e-06, 'global_step': 820, 'zo_forward_step': 1642, 'max_steps': 50000, 'max_zo_forward_steps': 0, 'time': 196, 'eps': 1e-07, 'sparse_active_fraction': 0.25043534419000224}
INFO:src.trainer:[sparse-mezo] global_step=830 active_fraction=0.250435 active_params=102162129/407938142 configured_ratio=0.250000 mask_strategy=percentile_per_layer scope=trainable_only
INFO:src.trainer:{'loss': 1.8046875, 'learning_rate': 1e-06, 'global_step': 830, 'zo_forward_step': 1662, 'max_steps': 50000, 'max_zo_forward_steps': 0, 'time': 199, 'eps': 1e-07, 'sparse_active_fraction': 0.25043534419000224}
INFO:src.trainer:[sparse-mezo] global_step=840 active_fraction=0.250435 active_params=102162129/407938142 configured_ratio=0.250000 mask_strategy=percentile_per_layer scope=trainable_only
INFO:src.trainer:{'loss': 1.917572021484375, 'learning_rate': 1e-06, 'global_step': 840, 'zo_forward_step': 1682, 'max_steps': 50000, 'max_zo_forward_steps': 0, 'time': 201, 'eps': 1e-07, 'sparse_active_fraction': 0.25043534419000224}
INFO:src.trainer:[sparse-mezo] global_step=850 active_fraction=0.250435 active_params=102162129/407938142 configured_ratio=0.250000 mask_strategy=percentile_per_layer scope=trainable_only
INFO:src.trainer:{'loss': 1.9857940673828125, 'learning_rate': 1e-06, 'global_step': 850, 'zo_forward_step': 1702, 'max_steps': 50000, 'max_zo_forward_steps': 0, 'time': 203, 'eps': 1e-07, 'sparse_active_fraction': 0.25043534419000224}
INFO:src.trainer:[sparse-mezo] global_step=860 active_fraction=0.250435 active_params=102162129/407938142 configured_ratio=0.250000 mask_strategy=percentile_per_layer scope=trainable_only
INFO:src.trainer:{'loss': 1.9466094970703125, 'learning_rate': 1e-06, 'global_step': 860, 'zo_forward_step': 1722, 'max_steps': 50000, 'max_zo_forward_steps': 0, 'time': 205, 'eps': 1e-07, 'sparse_active_fraction': 0.25043534419000224}
INFO:src.trainer:[sparse-mezo] global_step=870 active_fraction=0.250435 active_params=102162129/407938142 configured_ratio=0.250000 mask_strategy=percentile_per_layer scope=trainable_only
INFO:src.trainer:{'loss': 2.3910980224609375, 'learning_rate': 1e-06, 'global_step': 870, 'zo_forward_step': 1742, 'max_steps': 50000, 'max_zo_forward_steps': 0, 'time': 207, 'eps': 1e-07, 'sparse_active_fraction': 0.25043534419000224}
INFO:src.trainer:[sparse-mezo] global_step=880 active_fraction=0.250435 active_params=102162129/407938142 configured_ratio=0.250000 mask_strategy=percentile_per_layer scope=trainable_only
INFO:src.trainer:{'loss': 1.9182891845703125, 'learning_rate': 1e-06, 'global_step': 880, 'zo_forward_step': 1762, 'max_steps': 50000, 'max_zo_forward_steps': 0, 'time': 209, 'eps': 1e-07, 'sparse_active_fraction': 0.25043534419000224}
INFO:src.trainer:[sparse-mezo] global_step=890 active_fraction=0.250435 active_params=102162129/407938142 configured_ratio=0.250000 mask_strategy=percentile_per_layer scope=trainable_only
INFO:src.trainer:{'loss': 1.9989013671875, 'learning_rate': 1e-06, 'global_step': 890, 'zo_forward_step': 1782, 'max_steps': 50000, 'max_zo_forward_steps': 0, 'time': 211, 'eps': 1e-07, 'sparse_active_fraction': 0.25043534419000224}
INFO:src.trainer:[sparse-mezo] global_step=900 active_fraction=0.250559 active_params=102212489/407938142 configured_ratio=0.250000 mask_strategy=percentile_per_layer scope=trainable_only
INFO:src.trainer:{'loss': 2.02813720703125, 'learning_rate': 1e-06, 'global_step': 900, 'zo_forward_step': 1802, 'max_steps': 50000, 'max_zo_forward_steps': 0, 'time': 214, 'eps': 1e-07, 'sparse_active_fraction': 0.2505587942791581}
INFO:src.trainer:[sparse-mezo] global_step=910 active_fraction=0.250559 active_params=102212489/407938142 configured_ratio=0.250000 mask_strategy=percentile_per_layer scope=trainable_only
INFO:src.trainer:{'loss': 2.1025848388671875, 'learning_rate': 1e-06, 'global_step': 910, 'zo_forward_step': 1822, 'max_steps': 50000, 'max_zo_forward_steps': 0, 'time': 216, 'eps': 1e-07, 'sparse_active_fraction': 0.2505587942791581}
INFO:src.trainer:[sparse-mezo] global_step=920 active_fraction=0.250559 active_params=102212489/407938142 configured_ratio=0.250000 mask_strategy=percentile_per_layer scope=trainable_only
INFO:src.trainer:{'loss': 1.939178466796875, 'learning_rate': 1e-06, 'global_step': 920, 'zo_forward_step': 1842, 'max_steps': 50000, 'max_zo_forward_steps': 0, 'time': 219, 'eps': 1e-07, 'sparse_active_fraction': 0.2505587942791581}
INFO:src.trainer:[sparse-mezo] global_step=930 active_fraction=0.250559 active_params=102212489/407938142 configured_ratio=0.250000 mask_strategy=percentile_per_layer scope=trainable_only
INFO:src.trainer:{'loss': 1.9600982666015625, 'learning_rate': 1e-06, 'global_step': 930, 'zo_forward_step': 1862, 'max_steps': 50000, 'max_zo_forward_steps': 0, 'time': 221, 'eps': 1e-07, 'sparse_active_fraction': 0.2505587942791581}
INFO:src.trainer:[sparse-mezo] global_step=940 active_fraction=0.250559 active_params=102212489/407938142 configured_ratio=0.250000 mask_strategy=percentile_per_layer scope=trainable_only
INFO:src.trainer:{'loss': 2.0847625732421875, 'learning_rate': 1e-06, 'global_step': 940, 'zo_forward_step': 1882, 'max_steps': 50000, 'max_zo_forward_steps': 0, 'time': 223, 'eps': 1e-07, 'sparse_active_fraction': 0.2505587942791581}
INFO:src.trainer:[sparse-mezo] global_step=950 active_fraction=0.250559 active_params=102212489/407938142 configured_ratio=0.250000 mask_strategy=percentile_per_layer scope=trainable_only
INFO:src.trainer:{'loss': 2.0262298583984375, 'learning_rate': 1e-06, 'global_step': 950, 'zo_forward_step': 1902, 'max_steps': 50000, 'max_zo_forward_steps': 0, 'time': 225, 'eps': 1e-07, 'sparse_active_fraction': 0.2505587942791581}
INFO:src.trainer:[sparse-mezo] global_step=960 active_fraction=0.250559 active_params=102212489/407938142 configured_ratio=0.250000 mask_strategy=percentile_per_layer scope=trainable_only
INFO:src.trainer:{'loss': 1.9322662353515625, 'learning_rate': 1e-06, 'global_step': 960, 'zo_forward_step': 1922, 'max_steps': 50000, 'max_zo_forward_steps': 0, 'time': 227, 'eps': 1e-07, 'sparse_active_fraction': 0.2505587942791581}
INFO:src.trainer:[sparse-mezo] global_step=970 active_fraction=0.250559 active_params=102212489/407938142 configured_ratio=0.250000 mask_strategy=percentile_per_layer scope=trainable_only
INFO:src.trainer:{'loss': 2.0848388671875, 'learning_rate': 1e-06, 'global_step': 970, 'zo_forward_step': 1942, 'max_steps': 50000, 'max_zo_forward_steps': 0, 'time': 229, 'eps': 1e-07, 'sparse_active_fraction': 0.2505587942791581}
INFO:src.trainer:[sparse-mezo] global_step=980 active_fraction=0.250559 active_params=102212489/407938142 configured_ratio=0.250000 mask_strategy=percentile_per_layer scope=trainable_only
INFO:src.trainer:{'loss': 2.06707763671875, 'learning_rate': 1e-06, 'global_step': 980, 'zo_forward_step': 1962, 'max_steps': 50000, 'max_zo_forward_steps': 0, 'time': 231, 'eps': 1e-07, 'sparse_active_fraction': 0.2505587942791581}
INFO:src.trainer:[sparse-mezo] global_step=990 active_fraction=0.250559 active_params=102212489/407938142 configured_ratio=0.250000 mask_strategy=percentile_per_layer scope=trainable_only
INFO:src.trainer:{'loss': 1.79766845703125, 'learning_rate': 1e-06, 'global_step': 990, 'zo_forward_step': 1982, 'max_steps': 50000, 'max_zo_forward_steps': 0, 'time': 233, 'eps': 1e-07, 'sparse_active_fraction': 0.2505587942791581}
INFO:src.trainer:[sparse-mezo] global_step=1000 active_fraction=0.250587 active_params=102223831/407938142 configured_ratio=0.250000 mask_strategy=percentile_per_layer scope=trainable_only
INFO:src.trainer:[zo_probe] step=1000 eps=1.000e-07 precision=fp16 n=16 mae=6.386616e+02 mse=5.780122e+05 rmse=7.602712e+02 sign_acc=0.5000 corr=0.135009
INFO:src.trainer:{'loss': 1.826995849609375, 'learning_rate': 1e-06, 'global_step': 1000, 'zo_forward_step': 2002, 'max_steps': 50000, 'max_zo_forward_steps': 0, 'time': 240, 'eps': 1e-07, 'sparse_active_fraction': 0.25058659751409074}
INFO:src.trainer:[sparse-mezo] global_step=1010 active_fraction=0.250587 active_params=102223831/407938142 configured_ratio=0.250000 mask_strategy=percentile_per_layer scope=trainable_only
INFO:src.trainer:{'loss': 1.921875, 'learning_rate': 1e-06, 'global_step': 1010, 'zo_forward_step': 2022, 'max_steps': 50000, 'max_zo_forward_steps': 0, 'time': 242, 'eps': 1e-07, 'sparse_active_fraction': 0.25058659751409074}
INFO:src.trainer:[sparse-mezo] global_step=1020 active_fraction=0.250587 active_params=102223831/407938142 configured_ratio=0.250000 mask_strategy=percentile_per_layer scope=trainable_only
INFO:src.trainer:{'loss': 1.909027099609375, 'learning_rate': 1e-06, 'global_step': 1020, 'zo_forward_step': 2042, 'max_steps': 50000, 'max_zo_forward_steps': 0, 'time': 244, 'eps': 1e-07, 'sparse_active_fraction': 0.25058659751409074}
INFO:src.trainer:[sparse-mezo] global_step=1030 active_fraction=0.250587 active_params=102223831/407938142 configured_ratio=0.250000 mask_strategy=percentile_per_layer scope=trainable_only
INFO:src.trainer:{'loss': 2.18719482421875, 'learning_rate': 1e-06, 'global_step': 1030, 'zo_forward_step': 2062, 'max_steps': 50000, 'max_zo_forward_steps': 0, 'time': 246, 'eps': 1e-07, 'sparse_active_fraction': 0.25058659751409074}
INFO:src.trainer:[sparse-mezo] global_step=1040 active_fraction=0.250587 active_params=102223831/407938142 configured_ratio=0.250000 mask_strategy=percentile_per_layer scope=trainable_only
INFO:src.trainer:{'loss': 1.86083984375, 'learning_rate': 1e-06, 'global_step': 1040, 'zo_forward_step': 2082, 'max_steps': 50000, 'max_zo_forward_steps': 0, 'time': 248, 'eps': 1e-07, 'sparse_active_fraction': 0.25058659751409074}
INFO:src.trainer:[sparse-mezo] global_step=1050 active_fraction=0.250587 active_params=102223831/407938142 configured_ratio=0.250000 mask_strategy=percentile_per_layer scope=trainable_only
INFO:src.trainer:{'loss': 1.8440399169921875, 'learning_rate': 1e-06, 'global_step': 1050, 'zo_forward_step': 2102, 'max_steps': 50000, 'max_zo_forward_steps': 0, 'time': 250, 'eps': 1e-07, 'sparse_active_fraction': 0.25058659751409074}
INFO:src.trainer:[sparse-mezo] global_step=1060 active_fraction=0.250587 active_params=102223831/407938142 configured_ratio=0.250000 mask_strategy=percentile_per_layer scope=trainable_only
INFO:src.trainer:{'loss': 1.820220947265625, 'learning_rate': 1e-06, 'global_step': 1060, 'zo_forward_step': 2122, 'max_steps': 50000, 'max_zo_forward_steps': 0, 'time': 252, 'eps': 1e-07, 'sparse_active_fraction': 0.25058659751409074}
INFO:src.trainer:[sparse-mezo] global_step=1070 active_fraction=0.250587 active_params=102223831/407938142 configured_ratio=0.250000 mask_strategy=percentile_per_layer scope=trainable_only
INFO:src.trainer:{'loss': 1.8647308349609375, 'learning_rate': 1e-06, 'global_step': 1070, 'zo_forward_step': 2142, 'max_steps': 50000, 'max_zo_forward_steps': 0, 'time': 255, 'eps': 1e-07, 'sparse_active_fraction': 0.25058659751409074}
INFO:src.trainer:[sparse-mezo] global_step=1080 active_fraction=0.250587 active_params=102223831/407938142 configured_ratio=0.250000 mask_strategy=percentile_per_layer scope=trainable_only
INFO:src.trainer:{'loss': 1.9158935546875, 'learning_rate': 1e-06, 'global_step': 1080, 'zo_forward_step': 2162, 'max_steps': 50000, 'max_zo_forward_steps': 0, 'time': 257, 'eps': 1e-07, 'sparse_active_fraction': 0.25058659751409074}
INFO:src.trainer:[sparse-mezo] global_step=1090 active_fraction=0.250587 active_params=102223831/407938142 configured_ratio=0.250000 mask_strategy=percentile_per_layer scope=trainable_only
INFO:src.trainer:{'loss': 1.796539306640625, 'learning_rate': 1e-06, 'global_step': 1090, 'zo_forward_step': 2182, 'max_steps': 50000, 'max_zo_forward_steps': 0, 'time': 259, 'eps': 1e-07, 'sparse_active_fraction': 0.25058659751409074}
INFO:src.trainer:[sparse-mezo] global_step=1100 active_fraction=0.250475 active_params=102178466/407938142 configured_ratio=0.250000 mask_strategy=percentile_per_layer scope=trainable_only
INFO:src.trainer:{'loss': 1.75006103515625, 'learning_rate': 1e-06, 'global_step': 1100, 'zo_forward_step': 2202, 'max_steps': 50000, 'max_zo_forward_steps': 0, 'time': 262, 'eps': 1e-07, 'sparse_active_fraction': 0.25047539192841645}
INFO:src.trainer:[sparse-mezo] global_step=1110 active_fraction=0.250475 active_params=102178466/407938142 configured_ratio=0.250000 mask_strategy=percentile_per_layer scope=trainable_only
INFO:src.trainer:{'loss': 1.58831787109375, 'learning_rate': 1e-06, 'global_step': 1110, 'zo_forward_step': 2222, 'max_steps': 50000, 'max_zo_forward_steps': 0, 'time': 264, 'eps': 1e-07, 'sparse_active_fraction': 0.25047539192841645}
INFO:src.trainer:[sparse-mezo] global_step=1120 active_fraction=0.250475 active_params=102178466/407938142 configured_ratio=0.250000 mask_strategy=percentile_per_layer scope=trainable_only
INFO:src.trainer:{'loss': 2.137664794921875, 'learning_rate': 1e-06, 'global_step': 1120, 'zo_forward_step': 2242, 'max_steps': 50000, 'max_zo_forward_steps': 0, 'time': 266, 'eps': 1e-07, 'sparse_active_fraction': 0.25047539192841645}
INFO:src.trainer:[sparse-mezo] global_step=1130 active_fraction=0.250475 active_params=102178466/407938142 configured_ratio=0.250000 mask_strategy=percentile_per_layer scope=trainable_only
INFO:src.trainer:{'loss': 1.8900146484375, 'learning_rate': 1e-06, 'global_step': 1130, 'zo_forward_step': 2262, 'max_steps': 50000, 'max_zo_forward_steps': 0, 'time': 268, 'eps': 1e-07, 'sparse_active_fraction': 0.25047539192841645}
INFO:src.trainer:[sparse-mezo] global_step=1140 active_fraction=0.250475 active_params=102178466/407938142 configured_ratio=0.250000 mask_strategy=percentile_per_layer scope=trainable_only
INFO:src.trainer:{'loss': 2.03790283203125, 'learning_rate': 1e-06, 'global_step': 1140, 'zo_forward_step': 2282, 'max_steps': 50000, 'max_zo_forward_steps': 0, 'time': 270, 'eps': 1e-07, 'sparse_active_fraction': 0.25047539192841645}
INFO:src.trainer:[sparse-mezo] global_step=1150 active_fraction=0.250475 active_params=102178466/407938142 configured_ratio=0.250000 mask_strategy=percentile_per_layer scope=trainable_only
INFO:src.trainer:{'loss': 1.770294189453125, 'learning_rate': 1e-06, 'global_step': 1150, 'zo_forward_step': 2302, 'max_steps': 50000, 'max_zo_forward_steps': 0, 'time': 272, 'eps': 1e-07, 'sparse_active_fraction': 0.25047539192841645}
INFO:src.trainer:[sparse-mezo] global_step=1160 active_fraction=0.250475 active_params=102178466/407938142 configured_ratio=0.250000 mask_strategy=percentile_per_layer scope=trainable_only
INFO:src.trainer:{'loss': 1.7803955078125, 'learning_rate': 1e-06, 'global_step': 1160, 'zo_forward_step': 2322, 'max_steps': 50000, 'max_zo_forward_steps': 0, 'time': 275, 'eps': 1e-07, 'sparse_active_fraction': 0.25047539192841645}
INFO:src.trainer:[sparse-mezo] global_step=1170 active_fraction=0.250475 active_params=102178466/407938142 configured_ratio=0.250000 mask_strategy=percentile_per_layer scope=trainable_only
INFO:src.trainer:{'loss': 1.6996917724609375, 'learning_rate': 1e-06, 'global_step': 1170, 'zo_forward_step': 2342, 'max_steps': 50000, 'max_zo_forward_steps': 0, 'time': 277, 'eps': 1e-07, 'sparse_active_fraction': 0.25047539192841645}
INFO:src.trainer:[sparse-mezo] global_step=1180 active_fraction=0.250475 active_params=102178466/407938142 configured_ratio=0.250000 mask_strategy=percentile_per_layer scope=trainable_only
INFO:src.trainer:{'loss': 1.962921142578125, 'learning_rate': 1e-06, 'global_step': 1180, 'zo_forward_step': 2362, 'max_steps': 50000, 'max_zo_forward_steps': 0, 'time': 279, 'eps': 1e-07, 'sparse_active_fraction': 0.25047539192841645}
INFO:src.trainer:[sparse-mezo] global_step=1190 active_fraction=0.250475 active_params=102178466/407938142 configured_ratio=0.250000 mask_strategy=percentile_per_layer scope=trainable_only
INFO:src.trainer:{'loss': 1.69561767578125, 'learning_rate': 1e-06, 'global_step': 1190, 'zo_forward_step': 2382, 'max_steps': 50000, 'max_zo_forward_steps': 0, 'time': 281, 'eps': 1e-07, 'sparse_active_fraction': 0.25047539192841645}
INFO:src.trainer:[sparse-mezo] global_step=1200 active_fraction=0.250582 active_params=102221800/407938142 configured_ratio=0.250000 mask_strategy=percentile_per_layer scope=trainable_only
INFO:src.trainer:[zo_probe] step=1200 eps=1.000e-07 precision=fp16 n=16 mae=1.070338e+03 mse=1.716894e+06 rmse=1.310303e+03 sign_acc=0.6875 corr=0.036734
INFO:src.trainer:{'loss': 1.955810546875, 'learning_rate': 1e-06, 'global_step': 1200, 'zo_forward_step': 2402, 'max_steps': 50000, 'max_zo_forward_steps': 0, 'time': 288, 'eps': 1e-07, 'sparse_active_fraction': 0.2505816188180805}
INFO:src.trainer:[sparse-mezo] global_step=1210 active_fraction=0.250582 active_params=102221800/407938142 configured_ratio=0.250000 mask_strategy=percentile_per_layer scope=trainable_only
INFO:src.trainer:{'loss': 2.0758514404296875, 'learning_rate': 1e-06, 'global_step': 1210, 'zo_forward_step': 2422, 'max_steps': 50000, 'max_zo_forward_steps': 0, 'time': 290, 'eps': 1e-07, 'sparse_active_fraction': 0.2505816188180805}
INFO:src.trainer:[sparse-mezo] global_step=1220 active_fraction=0.250582 active_params=102221800/407938142 configured_ratio=0.250000 mask_strategy=percentile_per_layer scope=trainable_only
INFO:src.trainer:{'loss': 1.690185546875, 'learning_rate': 1e-06, 'global_step': 1220, 'zo_forward_step': 2442, 'max_steps': 50000, 'max_zo_forward_steps': 0, 'time': 292, 'eps': 1e-07, 'sparse_active_fraction': 0.2505816188180805}
INFO:src.trainer:[sparse-mezo] global_step=1230 active_fraction=0.250582 active_params=102221800/407938142 configured_ratio=0.250000 mask_strategy=percentile_per_layer scope=trainable_only
INFO:src.trainer:{'loss': 1.847869873046875, 'learning_rate': 1e-06, 'global_step': 1230, 'zo_forward_step': 2462, 'max_steps': 50000, 'max_zo_forward_steps': 0, 'time': 294, 'eps': 1e-07, 'sparse_active_fraction': 0.2505816188180805}
INFO:src.trainer:[sparse-mezo] global_step=1240 active_fraction=0.250582 active_params=102221800/407938142 configured_ratio=0.250000 mask_strategy=percentile_per_layer scope=trainable_only
INFO:src.trainer:{'loss': 1.8886260986328125, 'learning_rate': 1e-06, 'global_step': 1240, 'zo_forward_step': 2482, 'max_steps': 50000, 'max_zo_forward_steps': 0, 'time': 296, 'eps': 1e-07, 'sparse_active_fraction': 0.2505816188180805}
INFO:src.trainer:[sparse-mezo] global_step=1250 active_fraction=0.250582 active_params=102221800/407938142 configured_ratio=0.250000 mask_strategy=percentile_per_layer scope=trainable_only
INFO:src.trainer:{'loss': 2.0274505615234375, 'learning_rate': 1e-06, 'global_step': 1250, 'zo_forward_step': 2502, 'max_steps': 50000, 'max_zo_forward_steps': 0, 'time': 298, 'eps': 1e-07, 'sparse_active_fraction': 0.2505816188180805}
INFO:src.trainer:[sparse-mezo] global_step=1260 active_fraction=0.250582 active_params=102221800/407938142 configured_ratio=0.250000 mask_strategy=percentile_per_layer scope=trainable_only
INFO:src.trainer:{'loss': 2.01708984375, 'learning_rate': 1e-06, 'global_step': 1260, 'zo_forward_step': 2522, 'max_steps': 50000, 'max_zo_forward_steps': 0, 'time': 300, 'eps': 1e-07, 'sparse_active_fraction': 0.2505816188180805}
INFO:src.trainer:[sparse-mezo] global_step=1270 active_fraction=0.250582 active_params=102221800/407938142 configured_ratio=0.250000 mask_strategy=percentile_per_layer scope=trainable_only
INFO:src.trainer:{'loss': 1.800201416015625, 'learning_rate': 1e-06, 'global_step': 1270, 'zo_forward_step': 2542, 'max_steps': 50000, 'max_zo_forward_steps': 0, 'time': 302, 'eps': 1e-07, 'sparse_active_fraction': 0.2505816188180805}
INFO:src.trainer:[sparse-mezo] global_step=1280 active_fraction=0.250582 active_params=102221800/407938142 configured_ratio=0.250000 mask_strategy=percentile_per_layer scope=trainable_only
INFO:src.trainer:{'loss': 1.9661407470703125, 'learning_rate': 1e-06, 'global_step': 1280, 'zo_forward_step': 2562, 'max_steps': 50000, 'max_zo_forward_steps': 0, 'time': 304, 'eps': 1e-07, 'sparse_active_fraction': 0.2505816188180805}
INFO:src.trainer:[sparse-mezo] global_step=1290 active_fraction=0.250582 active_params=102221800/407938142 configured_ratio=0.250000 mask_strategy=percentile_per_layer scope=trainable_only
INFO:src.trainer:{'loss': 1.80615234375, 'learning_rate': 1e-06, 'global_step': 1290, 'zo_forward_step': 2582, 'max_steps': 50000, 'max_zo_forward_steps': 0, 'time': 306, 'eps': 1e-07, 'sparse_active_fraction': 0.2505816188180805}
INFO:src.trainer:[sparse-mezo] global_step=1300 active_fraction=0.250598 active_params=102228569/407938142 configured_ratio=0.250000 mask_strategy=percentile_per_layer scope=trainable_only
INFO:src.trainer:{'loss': 1.506805419921875, 'learning_rate': 1e-06, 'global_step': 1300, 'zo_forward_step': 2602, 'max_steps': 50000, 'max_zo_forward_steps': 0, 'time': 310, 'eps': 1e-07, 'sparse_active_fraction': 0.2505982120200959}
INFO:src.trainer:[sparse-mezo] global_step=1310 active_fraction=0.250598 active_params=102228569/407938142 configured_ratio=0.250000 mask_strategy=percentile_per_layer scope=trainable_only
INFO:src.trainer:{'loss': 1.61181640625, 'learning_rate': 1e-06, 'global_step': 1310, 'zo_forward_step': 2622, 'max_steps': 50000, 'max_zo_forward_steps': 0, 'time': 312, 'eps': 1e-07, 'sparse_active_fraction': 0.2505982120200959}
INFO:src.trainer:[sparse-mezo] global_step=1320 active_fraction=0.250598 active_params=102228569/407938142 configured_ratio=0.250000 mask_strategy=percentile_per_layer scope=trainable_only
INFO:src.trainer:{'loss': 1.6605224609375, 'learning_rate': 1e-06, 'global_step': 1320, 'zo_forward_step': 2642, 'max_steps': 50000, 'max_zo_forward_steps': 0, 'time': 314, 'eps': 1e-07, 'sparse_active_fraction': 0.2505982120200959}
INFO:src.trainer:[sparse-mezo] global_step=1330 active_fraction=0.250598 active_params=102228569/407938142 configured_ratio=0.250000 mask_strategy=percentile_per_layer scope=trainable_only
INFO:src.trainer:{'loss': 1.70880126953125, 'learning_rate': 1e-06, 'global_step': 1330, 'zo_forward_step': 2662, 'max_steps': 50000, 'max_zo_forward_steps': 0, 'time': 316, 'eps': 1e-07, 'sparse_active_fraction': 0.2505982120200959}
INFO:src.trainer:[sparse-mezo] global_step=1340 active_fraction=0.250598 active_params=102228569/407938142 configured_ratio=0.250000 mask_strategy=percentile_per_layer scope=trainable_only
INFO:src.trainer:{'loss': 1.738555908203125, 'learning_rate': 1e-06, 'global_step': 1340, 'zo_forward_step': 2682, 'max_steps': 50000, 'max_zo_forward_steps': 0, 'time': 318, 'eps': 1e-07, 'sparse_active_fraction': 0.2505982120200959}
INFO:src.trainer:[sparse-mezo] global_step=1350 active_fraction=0.250598 active_params=102228569/407938142 configured_ratio=0.250000 mask_strategy=percentile_per_layer scope=trainable_only
INFO:src.trainer:{'loss': 1.7283477783203125, 'learning_rate': 1e-06, 'global_step': 1350, 'zo_forward_step': 2702, 'max_steps': 50000, 'max_zo_forward_steps': 0, 'time': 320, 'eps': 1e-07, 'sparse_active_fraction': 0.2505982120200959}
INFO:src.trainer:[sparse-mezo] global_step=1360 active_fraction=0.250598 active_params=102228569/407938142 configured_ratio=0.250000 mask_strategy=percentile_per_layer scope=trainable_only
INFO:src.trainer:{'loss': 1.840789794921875, 'learning_rate': 1e-06, 'global_step': 1360, 'zo_forward_step': 2722, 'max_steps': 50000, 'max_zo_forward_steps': 0, 'time': 322, 'eps': 1e-07, 'sparse_active_fraction': 0.2505982120200959}
INFO:src.trainer:[sparse-mezo] global_step=1370 active_fraction=0.250598 active_params=102228569/407938142 configured_ratio=0.250000 mask_strategy=percentile_per_layer scope=trainable_only
INFO:src.trainer:{'loss': 1.749114990234375, 'learning_rate': 1e-06, 'global_step': 1370, 'zo_forward_step': 2742, 'max_steps': 50000, 'max_zo_forward_steps': 0, 'time': 324, 'eps': 1e-07, 'sparse_active_fraction': 0.2505982120200959}
INFO:src.trainer:[sparse-mezo] global_step=1380 active_fraction=0.250598 active_params=102228569/407938142 configured_ratio=0.250000 mask_strategy=percentile_per_layer scope=trainable_only
INFO:src.trainer:{'loss': 1.5003509521484375, 'learning_rate': 1e-06, 'global_step': 1380, 'zo_forward_step': 2762, 'max_steps': 50000, 'max_zo_forward_steps': 0, 'time': 326, 'eps': 1e-07, 'sparse_active_fraction': 0.2505982120200959}
INFO:src.trainer:[sparse-mezo] global_step=1390 active_fraction=0.250598 active_params=102228569/407938142 configured_ratio=0.250000 mask_strategy=percentile_per_layer scope=trainable_only
INFO:src.trainer:{'loss': 1.980743408203125, 'learning_rate': 1e-06, 'global_step': 1390, 'zo_forward_step': 2782, 'max_steps': 50000, 'max_zo_forward_steps': 0, 'time': 328, 'eps': 1e-07, 'sparse_active_fraction': 0.2505982120200959}
INFO:src.trainer:[sparse-mezo] global_step=1400 active_fraction=0.250638 active_params=102244942/407938142 configured_ratio=0.250000 mask_strategy=percentile_per_layer scope=trainable_only
INFO:src.trainer:[zo_probe] step=1400 eps=1.000e-07 precision=fp16 n=16 mae=8.264616e+02 mse=1.052074e+06 rmse=1.025707e+03 sign_acc=0.5000 corr=0.117454
INFO:src.trainer:{'loss': 1.7757110595703125, 'learning_rate': 1e-06, 'global_step': 1400, 'zo_forward_step': 2802, 'max_steps': 50000, 'max_zo_forward_steps': 0, 'time': 335, 'eps': 1e-07, 'sparse_active_fraction': 0.2506383480071839}
INFO:src.trainer:[sparse-mezo] global_step=1410 active_fraction=0.250638 active_params=102244942/407938142 configured_ratio=0.250000 mask_strategy=percentile_per_layer scope=trainable_only
INFO:src.trainer:{'loss': 1.88189697265625, 'learning_rate': 1e-06, 'global_step': 1410, 'zo_forward_step': 2822, 'max_steps': 50000, 'max_zo_forward_steps': 0, 'time': 337, 'eps': 1e-07, 'sparse_active_fraction': 0.2506383480071839}
INFO:src.trainer:[sparse-mezo] global_step=1420 active_fraction=0.250638 active_params=102244942/407938142 configured_ratio=0.250000 mask_strategy=percentile_per_layer scope=trainable_only
INFO:src.trainer:{'loss': 1.6434173583984375, 'learning_rate': 1e-06, 'global_step': 1420, 'zo_forward_step': 2842, 'max_steps': 50000, 'max_zo_forward_steps': 0, 'time': 339, 'eps': 1e-07, 'sparse_active_fraction': 0.2506383480071839}
INFO:src.trainer:[sparse-mezo] global_step=1430 active_fraction=0.250638 active_params=102244942/407938142 configured_ratio=0.250000 mask_strategy=percentile_per_layer scope=trainable_only
INFO:src.trainer:{'loss': 1.799346923828125, 'learning_rate': 1e-06, 'global_step': 1430, 'zo_forward_step': 2862, 'max_steps': 50000, 'max_zo_forward_steps': 0, 'time': 341, 'eps': 1e-07, 'sparse_active_fraction': 0.2506383480071839}
INFO:src.trainer:[sparse-mezo] global_step=1440 active_fraction=0.250638 active_params=102244942/407938142 configured_ratio=0.250000 mask_strategy=percentile_per_layer scope=trainable_only
INFO:src.trainer:{'loss': 1.6953277587890625, 'learning_rate': 1e-06, 'global_step': 1440, 'zo_forward_step': 2882, 'max_steps': 50000, 'max_zo_forward_steps': 0, 'time': 344, 'eps': 1e-07, 'sparse_active_fraction': 0.2506383480071839}
INFO:src.trainer:[sparse-mezo] global_step=1450 active_fraction=0.250638 active_params=102244942/407938142 configured_ratio=0.250000 mask_strategy=percentile_per_layer scope=trainable_only
INFO:src.trainer:{'loss': 1.5655670166015625, 'learning_rate': 1e-06, 'global_step': 1450, 'zo_forward_step': 2902, 'max_steps': 50000, 'max_zo_forward_steps': 0, 'time': 346, 'eps': 1e-07, 'sparse_active_fraction': 0.2506383480071839}
INFO:src.trainer:[sparse-mezo] global_step=1460 active_fraction=0.250638 active_params=102244942/407938142 configured_ratio=0.250000 mask_strategy=percentile_per_layer scope=trainable_only
INFO:src.trainer:{'loss': 1.6270751953125, 'learning_rate': 1e-06, 'global_step': 1460, 'zo_forward_step': 2922, 'max_steps': 50000, 'max_zo_forward_steps': 0, 'time': 348, 'eps': 1e-07, 'sparse_active_fraction': 0.2506383480071839}
INFO:src.trainer:[sparse-mezo] global_step=1470 active_fraction=0.250638 active_params=102244942/407938142 configured_ratio=0.250000 mask_strategy=percentile_per_layer scope=trainable_only
INFO:src.trainer:{'loss': 1.7241363525390625, 'learning_rate': 1e-06, 'global_step': 1470, 'zo_forward_step': 2942, 'max_steps': 50000, 'max_zo_forward_steps': 0, 'time': 350, 'eps': 1e-07, 'sparse_active_fraction': 0.2506383480071839}
INFO:src.trainer:[sparse-mezo] global_step=1480 active_fraction=0.250638 active_params=102244942/407938142 configured_ratio=0.250000 mask_strategy=percentile_per_layer scope=trainable_only
INFO:src.trainer:{'loss': 1.6331329345703125, 'learning_rate': 1e-06, 'global_step': 1480, 'zo_forward_step': 2962, 'max_steps': 50000, 'max_zo_forward_steps': 0, 'time': 352, 'eps': 1e-07, 'sparse_active_fraction': 0.2506383480071839}
INFO:src.trainer:[sparse-mezo] global_step=1490 active_fraction=0.250638 active_params=102244942/407938142 configured_ratio=0.250000 mask_strategy=percentile_per_layer scope=trainable_only
INFO:src.trainer:{'loss': 1.672943115234375, 'learning_rate': 1e-06, 'global_step': 1490, 'zo_forward_step': 2982, 'max_steps': 50000, 'max_zo_forward_steps': 0, 'time': 354, 'eps': 1e-07, 'sparse_active_fraction': 0.2506383480071839}
INFO:src.trainer:[sparse-mezo] global_step=1500 active_fraction=0.250739 active_params=102285833/407938142 configured_ratio=0.250000 mask_strategy=percentile_per_layer scope=trainable_only
INFO:src.trainer:{'loss': 1.735687255859375, 'learning_rate': 1e-06, 'global_step': 1500, 'zo_forward_step': 3002, 'max_steps': 50000, 'max_zo_forward_steps': 0, 'time': 357, 'eps': 1e-07, 'sparse_active_fraction': 0.2507385862437938}
INFO:src.trainer:[sparse-mezo] global_step=1510 active_fraction=0.250739 active_params=102285833/407938142 configured_ratio=0.250000 mask_strategy=percentile_per_layer scope=trainable_only
INFO:src.trainer:{'loss': 1.9598541259765625, 'learning_rate': 1e-06, 'global_step': 1510, 'zo_forward_step': 3022, 'max_steps': 50000, 'max_zo_forward_steps': 0, 'time': 359, 'eps': 1e-07, 'sparse_active_fraction': 0.2507385862437938}
INFO:src.trainer:[sparse-mezo] global_step=1520 active_fraction=0.250739 active_params=102285833/407938142 configured_ratio=0.250000 mask_strategy=percentile_per_layer scope=trainable_only
INFO:src.trainer:{'loss': 1.73919677734375, 'learning_rate': 1e-06, 'global_step': 1520, 'zo_forward_step': 3042, 'max_steps': 50000, 'max_zo_forward_steps': 0, 'time': 361, 'eps': 1e-07, 'sparse_active_fraction': 0.2507385862437938}
INFO:src.trainer:[sparse-mezo] global_step=1530 active_fraction=0.250739 active_params=102285833/407938142 configured_ratio=0.250000 mask_strategy=percentile_per_layer scope=trainable_only
INFO:src.trainer:{'loss': 2.049560546875, 'learning_rate': 1e-06, 'global_step': 1530, 'zo_forward_step': 3062, 'max_steps': 50000, 'max_zo_forward_steps': 0, 'time': 364, 'eps': 1e-07, 'sparse_active_fraction': 0.2507385862437938}
INFO:src.trainer:[sparse-mezo] global_step=1540 active_fraction=0.250739 active_params=102285833/407938142 configured_ratio=0.250000 mask_strategy=percentile_per_layer scope=trainable_only
INFO:src.trainer:{'loss': 1.8184356689453125, 'learning_rate': 1e-06, 'global_step': 1540, 'zo_forward_step': 3082, 'max_steps': 50000, 'max_zo_forward_steps': 0, 'time': 366, 'eps': 1e-07, 'sparse_active_fraction': 0.2507385862437938}
INFO:src.trainer:[sparse-mezo] global_step=1550 active_fraction=0.250739 active_params=102285833/407938142 configured_ratio=0.250000 mask_strategy=percentile_per_layer scope=trainable_only
INFO:src.trainer:{'loss': 2.2498321533203125, 'learning_rate': 1e-06, 'global_step': 1550, 'zo_forward_step': 3102, 'max_steps': 50000, 'max_zo_forward_steps': 0, 'time': 368, 'eps': 1e-07, 'sparse_active_fraction': 0.2507385862437938}
INFO:src.trainer:[sparse-mezo] global_step=1560 active_fraction=0.250739 active_params=102285833/407938142 configured_ratio=0.250000 mask_strategy=percentile_per_layer scope=trainable_only
INFO:src.trainer:{'loss': 1.84429931640625, 'learning_rate': 1e-06, 'global_step': 1560, 'zo_forward_step': 3122, 'max_steps': 50000, 'max_zo_forward_steps': 0, 'time': 370, 'eps': 1e-07, 'sparse_active_fraction': 0.2507385862437938}
INFO:src.trainer:[sparse-mezo] global_step=1570 active_fraction=0.250739 active_params=102285833/407938142 configured_ratio=0.250000 mask_strategy=percentile_per_layer scope=trainable_only
INFO:src.trainer:{'loss': 1.6508941650390625, 'learning_rate': 1e-06, 'global_step': 1570, 'zo_forward_step': 3142, 'max_steps': 50000, 'max_zo_forward_steps': 0, 'time': 372, 'eps': 1e-07, 'sparse_active_fraction': 0.2507385862437938}
INFO:src.trainer:[sparse-mezo] global_step=1580 active_fraction=0.250739 active_params=102285833/407938142 configured_ratio=0.250000 mask_strategy=percentile_per_layer scope=trainable_only
INFO:src.trainer:{'loss': 1.6529083251953125, 'learning_rate': 1e-06, 'global_step': 1580, 'zo_forward_step': 3162, 'max_steps': 50000, 'max_zo_forward_steps': 0, 'time': 374, 'eps': 1e-07, 'sparse_active_fraction': 0.2507385862437938}
INFO:src.trainer:[sparse-mezo] global_step=1590 active_fraction=0.250739 active_params=102285833/407938142 configured_ratio=0.250000 mask_strategy=percentile_per_layer scope=trainable_only
INFO:src.trainer:{'loss': 1.79022216796875, 'learning_rate': 1e-06, 'global_step': 1590, 'zo_forward_step': 3182, 'max_steps': 50000, 'max_zo_forward_steps': 0, 'time': 376, 'eps': 1e-07, 'sparse_active_fraction': 0.2507385862437938}
INFO:src.trainer:[sparse-mezo] global_step=1600 active_fraction=0.250741 active_params=102286733/407938142 configured_ratio=0.250000 mask_strategy=percentile_per_layer scope=trainable_only
INFO:src.trainer:[zo_probe] step=1600 eps=1.000e-07 precision=fp16 n=16 mae=1.368189e+03 mse=3.287594e+06 rmse=1.813172e+03 sign_acc=0.4375 corr=-0.183444
INFO:src.trainer:{'loss': 1.6858062744140625, 'learning_rate': 1e-06, 'global_step': 1600, 'zo_forward_step': 3202, 'max_steps': 50000, 'max_zo_forward_steps': 0, 'time': 383, 'eps': 1e-07, 'sparse_active_fraction': 0.25074079246063735}
INFO:src.trainer:[sparse-mezo] global_step=1610 active_fraction=0.250741 active_params=102286733/407938142 configured_ratio=0.250000 mask_strategy=percentile_per_layer scope=trainable_only
INFO:src.trainer:{'loss': 1.552978515625, 'learning_rate': 1e-06, 'global_step': 1610, 'zo_forward_step': 3222, 'max_steps': 50000, 'max_zo_forward_steps': 0, 'time': 385, 'eps': 1e-07, 'sparse_active_fraction': 0.25074079246063735}
INFO:src.trainer:[sparse-mezo] global_step=1620 active_fraction=0.250741 active_params=102286733/407938142 configured_ratio=0.250000 mask_strategy=percentile_per_layer scope=trainable_only
INFO:src.trainer:{'loss': 1.8273162841796875, 'learning_rate': 1e-06, 'global_step': 1620, 'zo_forward_step': 3242, 'max_steps': 50000, 'max_zo_forward_steps': 0, 'time': 387, 'eps': 1e-07, 'sparse_active_fraction': 0.25074079246063735}
INFO:src.trainer:[sparse-mezo] global_step=1630 active_fraction=0.250741 active_params=102286733/407938142 configured_ratio=0.250000 mask_strategy=percentile_per_layer scope=trainable_only
INFO:src.trainer:{'loss': 1.820404052734375, 'learning_rate': 1e-06, 'global_step': 1630, 'zo_forward_step': 3262, 'max_steps': 50000, 'max_zo_forward_steps': 0, 'time': 389, 'eps': 1e-07, 'sparse_active_fraction': 0.25074079246063735}
INFO:src.trainer:[sparse-mezo] global_step=1640 active_fraction=0.250741 active_params=102286733/407938142 configured_ratio=0.250000 mask_strategy=percentile_per_layer scope=trainable_only
INFO:src.trainer:{'loss': 1.5383453369140625, 'learning_rate': 1e-06, 'global_step': 1640, 'zo_forward_step': 3282, 'max_steps': 50000, 'max_zo_forward_steps': 0, 'time': 391, 'eps': 1e-07, 'sparse_active_fraction': 0.25074079246063735}
INFO:src.trainer:[sparse-mezo] global_step=1650 active_fraction=0.250741 active_params=102286733/407938142 configured_ratio=0.250000 mask_strategy=percentile_per_layer scope=trainable_only
INFO:src.trainer:{'loss': 1.9686431884765625, 'learning_rate': 1e-06, 'global_step': 1650, 'zo_forward_step': 3302, 'max_steps': 50000, 'max_zo_forward_steps': 0, 'time': 393, 'eps': 1e-07, 'sparse_active_fraction': 0.25074079246063735}
INFO:src.trainer:[sparse-mezo] global_step=1660 active_fraction=0.250741 active_params=102286733/407938142 configured_ratio=0.250000 mask_strategy=percentile_per_layer scope=trainable_only
INFO:src.trainer:{'loss': 2.1864700317382812, 'learning_rate': 1e-06, 'global_step': 1660, 'zo_forward_step': 3322, 'max_steps': 50000, 'max_zo_forward_steps': 0, 'time': 395, 'eps': 1e-07, 'sparse_active_fraction': 0.25074079246063735}
INFO:src.trainer:[sparse-mezo] global_step=1670 active_fraction=0.250741 active_params=102286733/407938142 configured_ratio=0.250000 mask_strategy=percentile_per_layer scope=trainable_only
INFO:src.trainer:{'loss': 1.85040283203125, 'learning_rate': 1e-06, 'global_step': 1670, 'zo_forward_step': 3342, 'max_steps': 50000, 'max_zo_forward_steps': 0, 'time': 397, 'eps': 1e-07, 'sparse_active_fraction': 0.25074079246063735}
INFO:src.trainer:[sparse-mezo] global_step=1680 active_fraction=0.250741 active_params=102286733/407938142 configured_ratio=0.250000 mask_strategy=percentile_per_layer scope=trainable_only
INFO:src.trainer:{'loss': 1.8329315185546875, 'learning_rate': 1e-06, 'global_step': 1680, 'zo_forward_step': 3362, 'max_steps': 50000, 'max_zo_forward_steps': 0, 'time': 400, 'eps': 1e-07, 'sparse_active_fraction': 0.25074079246063735}
INFO:src.trainer:[sparse-mezo] global_step=1690 active_fraction=0.250741 active_params=102286733/407938142 configured_ratio=0.250000 mask_strategy=percentile_per_layer scope=trainable_only
INFO:src.trainer:{'loss': 2.1616897583007812, 'learning_rate': 1e-06, 'global_step': 1690, 'zo_forward_step': 3382, 'max_steps': 50000, 'max_zo_forward_steps': 0, 'time': 402, 'eps': 1e-07, 'sparse_active_fraction': 0.25074079246063735}
INFO:src.trainer:[sparse-mezo] global_step=1700 active_fraction=0.250762 active_params=102295185/407938142 configured_ratio=0.250000 mask_strategy=percentile_per_layer scope=trainable_only
INFO:src.trainer:{'loss': 2.1708221435546875, 'learning_rate': 1e-06, 'global_step': 1700, 'zo_forward_step': 3402, 'max_steps': 50000, 'max_zo_forward_steps': 0, 'time': 405, 'eps': 1e-07, 'sparse_active_fraction': 0.25076151128815016}
INFO:src.trainer:[sparse-mezo] global_step=1710 active_fraction=0.250762 active_params=102295185/407938142 configured_ratio=0.250000 mask_strategy=percentile_per_layer scope=trainable_only
INFO:src.trainer:{'loss': 1.99725341796875, 'learning_rate': 1e-06, 'global_step': 1710, 'zo_forward_step': 3422, 'max_steps': 50000, 'max_zo_forward_steps': 0, 'time': 407, 'eps': 1e-07, 'sparse_active_fraction': 0.25076151128815016}
INFO:src.trainer:[sparse-mezo] global_step=1720 active_fraction=0.250762 active_params=102295185/407938142 configured_ratio=0.250000 mask_strategy=percentile_per_layer scope=trainable_only
INFO:src.trainer:{'loss': 1.9487533569335938, 'learning_rate': 1e-06, 'global_step': 1720, 'zo_forward_step': 3442, 'max_steps': 50000, 'max_zo_forward_steps': 0, 'time': 409, 'eps': 1e-07, 'sparse_active_fraction': 0.25076151128815016}
INFO:src.trainer:[sparse-mezo] global_step=1730 active_fraction=0.250762 active_params=102295185/407938142 configured_ratio=0.250000 mask_strategy=percentile_per_layer scope=trainable_only
INFO:src.trainer:{'loss': 1.9728317260742188, 'learning_rate': 1e-06, 'global_step': 1730, 'zo_forward_step': 3462, 'max_steps': 50000, 'max_zo_forward_steps': 0, 'time': 411, 'eps': 1e-07, 'sparse_active_fraction': 0.25076151128815016}
INFO:src.trainer:[sparse-mezo] global_step=1740 active_fraction=0.250762 active_params=102295185/407938142 configured_ratio=0.250000 mask_strategy=percentile_per_layer scope=trainable_only
INFO:src.trainer:{'loss': 2.0052413940429688, 'learning_rate': 1e-06, 'global_step': 1740, 'zo_forward_step': 3482, 'max_steps': 50000, 'max_zo_forward_steps': 0, 'time': 413, 'eps': 1e-07, 'sparse_active_fraction': 0.25076151128815016}
INFO:src.trainer:[sparse-mezo] global_step=1750 active_fraction=0.250762 active_params=102295185/407938142 configured_ratio=0.250000 mask_strategy=percentile_per_layer scope=trainable_only
INFO:src.trainer:{'loss': 2.543567657470703, 'learning_rate': 1e-06, 'global_step': 1750, 'zo_forward_step': 3502, 'max_steps': 50000, 'max_zo_forward_steps': 0, 'time': 415, 'eps': 1e-07, 'sparse_active_fraction': 0.25076151128815016}
INFO:src.trainer:[sparse-mezo] global_step=1760 active_fraction=0.250762 active_params=102295185/407938142 configured_ratio=0.250000 mask_strategy=percentile_per_layer scope=trainable_only
INFO:src.trainer:{'loss': 1.9612503051757812, 'learning_rate': 1e-06, 'global_step': 1760, 'zo_forward_step': 3522, 'max_steps': 50000, 'max_zo_forward_steps': 0, 'time': 417, 'eps': 1e-07, 'sparse_active_fraction': 0.25076151128815016}
INFO:src.trainer:[sparse-mezo] global_step=1770 active_fraction=0.250762 active_params=102295185/407938142 configured_ratio=0.250000 mask_strategy=percentile_per_layer scope=trainable_only
INFO:src.trainer:{'loss': 2.0106277465820312, 'learning_rate': 1e-06, 'global_step': 1770, 'zo_forward_step': 3542, 'max_steps': 50000, 'max_zo_forward_steps': 0, 'time': 420, 'eps': 1e-07, 'sparse_active_fraction': 0.25076151128815016}
INFO:src.trainer:[sparse-mezo] global_step=1780 active_fraction=0.250762 active_params=102295185/407938142 configured_ratio=0.250000 mask_strategy=percentile_per_layer scope=trainable_only
INFO:src.trainer:{'loss': 2.3143310546875, 'learning_rate': 1e-06, 'global_step': 1780, 'zo_forward_step': 3562, 'max_steps': 50000, 'max_zo_forward_steps': 0, 'time': 422, 'eps': 1e-07, 'sparse_active_fraction': 0.25076151128815016}
INFO:src.trainer:[sparse-mezo] global_step=1790 active_fraction=0.250762 active_params=102295185/407938142 configured_ratio=0.250000 mask_strategy=percentile_per_layer scope=trainable_only
INFO:src.trainer:{'loss': 1.7675628662109375, 'learning_rate': 1e-06, 'global_step': 1790, 'zo_forward_step': 3582, 'max_steps': 50000, 'max_zo_forward_steps': 0, 'time': 424, 'eps': 1e-07, 'sparse_active_fraction': 0.25076151128815016}
INFO:src.trainer:[sparse-mezo] global_step=1800 active_fraction=0.250870 active_params=102339363/407938142 configured_ratio=0.250000 mask_strategy=percentile_per_layer scope=trainable_only
INFO:src.trainer:[zo_probe] step=1800 eps=1.000e-07 precision=fp16 n=16 mae=1.221232e+03 mse=2.267511e+06 rmse=1.505826e+03 sign_acc=0.4375 corr=-0.223532
INFO:src.trainer:{'loss': 1.8386383056640625, 'learning_rate': 1e-06, 'global_step': 1800, 'zo_forward_step': 3602, 'max_steps': 50000, 'max_zo_forward_steps': 0, 'time': 430, 'eps': 1e-07, 'sparse_active_fraction': 0.250869807118943}
INFO:src.trainer:[sparse-mezo] global_step=1810 active_fraction=0.250870 active_params=102339363/407938142 configured_ratio=0.250000 mask_strategy=percentile_per_layer scope=trainable_only
INFO:src.trainer:{'loss': 2.0839691162109375, 'learning_rate': 1e-06, 'global_step': 1810, 'zo_forward_step': 3622, 'max_steps': 50000, 'max_zo_forward_steps': 0, 'time': 433, 'eps': 1e-07, 'sparse_active_fraction': 0.250869807118943}
INFO:src.trainer:[sparse-mezo] global_step=1820 active_fraction=0.250870 active_params=102339363/407938142 configured_ratio=0.250000 mask_strategy=percentile_per_layer scope=trainable_only
INFO:src.trainer:{'loss': 1.9880523681640625, 'learning_rate': 1e-06, 'global_step': 1820, 'zo_forward_step': 3642, 'max_steps': 50000, 'max_zo_forward_steps': 0, 'time': 435, 'eps': 1e-07, 'sparse_active_fraction': 0.250869807118943}
INFO:src.trainer:[sparse-mezo] global_step=1830 active_fraction=0.250870 active_params=102339363/407938142 configured_ratio=0.250000 mask_strategy=percentile_per_layer scope=trainable_only
INFO:src.trainer:{'loss': 1.89898681640625, 'learning_rate': 1e-06, 'global_step': 1830, 'zo_forward_step': 3662, 'max_steps': 50000, 'max_zo_forward_steps': 0, 'time': 437, 'eps': 1e-07, 'sparse_active_fraction': 0.250869807118943}
INFO:src.trainer:[sparse-mezo] global_step=1840 active_fraction=0.250870 active_params=102339363/407938142 configured_ratio=0.250000 mask_strategy=percentile_per_layer scope=trainable_only
INFO:src.trainer:{'loss': 2.0282974243164062, 'learning_rate': 1e-06, 'global_step': 1840, 'zo_forward_step': 3682, 'max_steps': 50000, 'max_zo_forward_steps': 0, 'time': 439, 'eps': 1e-07, 'sparse_active_fraction': 0.250869807118943}
INFO:src.trainer:[sparse-mezo] global_step=1850 active_fraction=0.250870 active_params=102339363/407938142 configured_ratio=0.250000 mask_strategy=percentile_per_layer scope=trainable_only
INFO:src.trainer:{'loss': 2.155303955078125, 'learning_rate': 1e-06, 'global_step': 1850, 'zo_forward_step': 3702, 'max_steps': 50000, 'max_zo_forward_steps': 0, 'time': 441, 'eps': 1e-07, 'sparse_active_fraction': 0.250869807118943}
INFO:src.trainer:[sparse-mezo] global_step=1860 active_fraction=0.250870 active_params=102339363/407938142 configured_ratio=0.250000 mask_strategy=percentile_per_layer scope=trainable_only
INFO:src.trainer:{'loss': 2.4478988647460938, 'learning_rate': 1e-06, 'global_step': 1860, 'zo_forward_step': 3722, 'max_steps': 50000, 'max_zo_forward_steps': 0, 'time': 443, 'eps': 1e-07, 'sparse_active_fraction': 0.250869807118943}
INFO:src.trainer:[sparse-mezo] global_step=1870 active_fraction=0.250870 active_params=102339363/407938142 configured_ratio=0.250000 mask_strategy=percentile_per_layer scope=trainable_only
INFO:src.trainer:{'loss': 2.4744415283203125, 'learning_rate': 1e-06, 'global_step': 1870, 'zo_forward_step': 3742, 'max_steps': 50000, 'max_zo_forward_steps': 0, 'time': 445, 'eps': 1e-07, 'sparse_active_fraction': 0.250869807118943}
INFO:src.trainer:[sparse-mezo] global_step=1880 active_fraction=0.250870 active_params=102339363/407938142 configured_ratio=0.250000 mask_strategy=percentile_per_layer scope=trainable_only
INFO:src.trainer:{'loss': 2.4306106567382812, 'learning_rate': 1e-06, 'global_step': 1880, 'zo_forward_step': 3762, 'max_steps': 50000, 'max_zo_forward_steps': 0, 'time': 447, 'eps': 1e-07, 'sparse_active_fraction': 0.250869807118943}
INFO:src.trainer:[sparse-mezo] global_step=1890 active_fraction=0.250870 active_params=102339363/407938142 configured_ratio=0.250000 mask_strategy=percentile_per_layer scope=trainable_only
INFO:src.trainer:{'loss': 2.2160186767578125, 'learning_rate': 1e-06, 'global_step': 1890, 'zo_forward_step': 3782, 'max_steps': 50000, 'max_zo_forward_steps': 0, 'time': 449, 'eps': 1e-07, 'sparse_active_fraction': 0.250869807118943}
INFO:src.trainer:[sparse-mezo] global_step=1900 active_fraction=0.250747 active_params=102289243/407938142 configured_ratio=0.250000 mask_strategy=percentile_per_layer scope=trainable_only
INFO:src.trainer:{'loss': 2.0810012817382812, 'learning_rate': 1e-06, 'global_step': 1900, 'zo_forward_step': 3802, 'max_steps': 50000, 'max_zo_forward_steps': 0, 'time': 453, 'eps': 1e-07, 'sparse_active_fraction': 0.2507469453542787}
INFO:src.trainer:[sparse-mezo] global_step=1910 active_fraction=0.250747 active_params=102289243/407938142 configured_ratio=0.250000 mask_strategy=percentile_per_layer scope=trainable_only
INFO:src.trainer:{'loss': 2.510040283203125, 'learning_rate': 1e-06, 'global_step': 1910, 'zo_forward_step': 3822, 'max_steps': 50000, 'max_zo_forward_steps': 0, 'time': 455, 'eps': 1e-07, 'sparse_active_fraction': 0.2507469453542787}
INFO:src.trainer:[sparse-mezo] global_step=1920 active_fraction=0.250747 active_params=102289243/407938142 configured_ratio=0.250000 mask_strategy=percentile_per_layer scope=trainable_only
INFO:src.trainer:{'loss': 1.9981880187988281, 'learning_rate': 1e-06, 'global_step': 1920, 'zo_forward_step': 3842, 'max_steps': 50000, 'max_zo_forward_steps': 0, 'time': 457, 'eps': 1e-07, 'sparse_active_fraction': 0.2507469453542787}
INFO:src.trainer:[sparse-mezo] global_step=1930 active_fraction=0.250747 active_params=102289243/407938142 configured_ratio=0.250000 mask_strategy=percentile_per_layer scope=trainable_only
INFO:src.trainer:{'loss': 1.8457183837890625, 'learning_rate': 1e-06, 'global_step': 1930, 'zo_forward_step': 3862, 'max_steps': 50000, 'max_zo_forward_steps': 0, 'time': 459, 'eps': 1e-07, 'sparse_active_fraction': 0.2507469453542787}
INFO:src.trainer:[sparse-mezo] global_step=1940 active_fraction=0.250747 active_params=102289243/407938142 configured_ratio=0.250000 mask_strategy=percentile_per_layer scope=trainable_only
INFO:src.trainer:{'loss': 2.547595977783203, 'learning_rate': 1e-06, 'global_step': 1940, 'zo_forward_step': 3882, 'max_steps': 50000, 'max_zo_forward_steps': 0, 'time': 461, 'eps': 1e-07, 'sparse_active_fraction': 0.2507469453542787}
INFO:src.trainer:[sparse-mezo] global_step=1950 active_fraction=0.250747 active_params=102289243/407938142 configured_ratio=0.250000 mask_strategy=percentile_per_layer scope=trainable_only
INFO:src.trainer:{'loss': 3.0549354553222656, 'learning_rate': 1e-06, 'global_step': 1950, 'zo_forward_step': 3902, 'max_steps': 50000, 'max_zo_forward_steps': 0, 'time': 463, 'eps': 1e-07, 'sparse_active_fraction': 0.2507469453542787}
INFO:src.trainer:[sparse-mezo] global_step=1960 active_fraction=0.250747 active_params=102289243/407938142 configured_ratio=0.250000 mask_strategy=percentile_per_layer scope=trainable_only
INFO:src.trainer:{'loss': 2.5275230407714844, 'learning_rate': 1e-06, 'global_step': 1960, 'zo_forward_step': 3922, 'max_steps': 50000, 'max_zo_forward_steps': 0, 'time': 465, 'eps': 1e-07, 'sparse_active_fraction': 0.2507469453542787}
INFO:src.trainer:[sparse-mezo] global_step=1970 active_fraction=0.250747 active_params=102289243/407938142 configured_ratio=0.250000 mask_strategy=percentile_per_layer scope=trainable_only
INFO:src.trainer:{'loss': 2.291614532470703, 'learning_rate': 1e-06, 'global_step': 1970, 'zo_forward_step': 3942, 'max_steps': 50000, 'max_zo_forward_steps': 0, 'time': 467, 'eps': 1e-07, 'sparse_active_fraction': 0.2507469453542787}
INFO:src.trainer:[sparse-mezo] global_step=1980 active_fraction=0.250747 active_params=102289243/407938142 configured_ratio=0.250000 mask_strategy=percentile_per_layer scope=trainable_only
INFO:src.trainer:{'loss': 2.9014129638671875, 'learning_rate': 1e-06, 'global_step': 1980, 'zo_forward_step': 3962, 'max_steps': 50000, 'max_zo_forward_steps': 0, 'time': 469, 'eps': 1e-07, 'sparse_active_fraction': 0.2507469453542787}
INFO:src.trainer:[sparse-mezo] global_step=1990 active_fraction=0.250747 active_params=102289243/407938142 configured_ratio=0.250000 mask_strategy=percentile_per_layer scope=trainable_only
INFO:src.trainer:{'loss': 2.575407028198242, 'learning_rate': 1e-06, 'global_step': 1990, 'zo_forward_step': 3982, 'max_steps': 50000, 'max_zo_forward_steps': 0, 'time': 471, 'eps': 1e-07, 'sparse_active_fraction': 0.2507469453542787}
INFO:src.trainer:[sparse-mezo] global_step=2000 active_fraction=0.250743 active_params=102287492/407938142 configured_ratio=0.250000 mask_strategy=percentile_per_layer scope=trainable_only
INFO:src.trainer:[zo_probe] step=2000 eps=1.000e-07 precision=fp16 n=16 mae=1.236916e+03 mse=2.295191e+06 rmse=1.514989e+03 sign_acc=0.4375 corr=0.107598
INFO:src.trainer:{'loss': 2.5367889404296875, 'learning_rate': 1e-06, 'global_step': 2000, 'zo_forward_step': 4002, 'max_steps': 50000, 'max_zo_forward_steps': 0, 'time': 478, 'eps': 1e-07, 'sparse_active_fraction': 0.25074265303684207}
INFO:src.trainer:[sparse-mezo] global_step=2010 active_fraction=0.250743 active_params=102287492/407938142 configured_ratio=0.250000 mask_strategy=percentile_per_layer scope=trainable_only
INFO:src.trainer:{'loss': 2.434650421142578, 'learning_rate': 1e-06, 'global_step': 2010, 'zo_forward_step': 4022, 'max_steps': 50000, 'max_zo_forward_steps': 0, 'time': 480, 'eps': 1e-07, 'sparse_active_fraction': 0.25074265303684207}
INFO:src.trainer:[sparse-mezo] global_step=2020 active_fraction=0.250743 active_params=102287492/407938142 configured_ratio=0.250000 mask_strategy=percentile_per_layer scope=trainable_only
INFO:src.trainer:{'loss': 2.847309112548828, 'learning_rate': 1e-06, 'global_step': 2020, 'zo_forward_step': 4042, 'max_steps': 50000, 'max_zo_forward_steps': 0, 'time': 482, 'eps': 1e-07, 'sparse_active_fraction': 0.25074265303684207}
INFO:src.trainer:[sparse-mezo] global_step=2030 active_fraction=0.250743 active_params=102287492/407938142 configured_ratio=0.250000 mask_strategy=percentile_per_layer scope=trainable_only
INFO:src.trainer:{'loss': 2.655895233154297, 'learning_rate': 1e-06, 'global_step': 2030, 'zo_forward_step': 4062, 'max_steps': 50000, 'max_zo_forward_steps': 0, 'time': 484, 'eps': 1e-07, 'sparse_active_fraction': 0.25074265303684207}
INFO:src.trainer:[sparse-mezo] global_step=2040 active_fraction=0.250743 active_params=102287492/407938142 configured_ratio=0.250000 mask_strategy=percentile_per_layer scope=trainable_only
INFO:src.trainer:{'loss': 2.984638214111328, 'learning_rate': 1e-06, 'global_step': 2040, 'zo_forward_step': 4082, 'max_steps': 50000, 'max_zo_forward_steps': 0, 'time': 486, 'eps': 1e-07, 'sparse_active_fraction': 0.25074265303684207}
INFO:src.trainer:[sparse-mezo] global_step=2050 active_fraction=0.250743 active_params=102287492/407938142 configured_ratio=0.250000 mask_strategy=percentile_per_layer scope=trainable_only
INFO:src.trainer:{'loss': 3.0844688415527344, 'learning_rate': 1e-06, 'global_step': 2050, 'zo_forward_step': 4102, 'max_steps': 50000, 'max_zo_forward_steps': 0, 'time': 489, 'eps': 1e-07, 'sparse_active_fraction': 0.25074265303684207}
INFO:src.trainer:[sparse-mezo] global_step=2060 active_fraction=0.250743 active_params=102287492/407938142 configured_ratio=0.250000 mask_strategy=percentile_per_layer scope=trainable_only
INFO:src.trainer:{'loss': 2.941030502319336, 'learning_rate': 1e-06, 'global_step': 2060, 'zo_forward_step': 4122, 'max_steps': 50000, 'max_zo_forward_steps': 0, 'time': 491, 'eps': 1e-07, 'sparse_active_fraction': 0.25074265303684207}
INFO:src.trainer:[sparse-mezo] global_step=2070 active_fraction=0.250743 active_params=102287492/407938142 configured_ratio=0.250000 mask_strategy=percentile_per_layer scope=trainable_only
INFO:src.trainer:{'loss': 3.076009750366211, 'learning_rate': 1e-06, 'global_step': 2070, 'zo_forward_step': 4142, 'max_steps': 50000, 'max_zo_forward_steps': 0, 'time': 493, 'eps': 1e-07, 'sparse_active_fraction': 0.25074265303684207}
INFO:src.trainer:[sparse-mezo] global_step=2080 active_fraction=0.250743 active_params=102287492/407938142 configured_ratio=0.250000 mask_strategy=percentile_per_layer scope=trainable_only
INFO:src.trainer:{'loss': 3.4954757690429688, 'learning_rate': 1e-06, 'global_step': 2080, 'zo_forward_step': 4162, 'max_steps': 50000, 'max_zo_forward_steps': 0, 'time': 495, 'eps': 1e-07, 'sparse_active_fraction': 0.25074265303684207}
INFO:src.trainer:[sparse-mezo] global_step=2090 active_fraction=0.250743 active_params=102287492/407938142 configured_ratio=0.250000 mask_strategy=percentile_per_layer scope=trainable_only
INFO:src.trainer:{'loss': 2.2273521423339844, 'learning_rate': 1e-06, 'global_step': 2090, 'zo_forward_step': 4182, 'max_steps': 50000, 'max_zo_forward_steps': 0, 'time': 497, 'eps': 1e-07, 'sparse_active_fraction': 0.25074265303684207}
INFO:src.trainer:[sparse-mezo] global_step=2100 active_fraction=0.251016 active_params=102398879/407938142 configured_ratio=0.250000 mask_strategy=percentile_per_layer scope=trainable_only
INFO:src.trainer:{'loss': 3.132844924926758, 'learning_rate': 1e-06, 'global_step': 2100, 'zo_forward_step': 4202, 'max_steps': 50000, 'max_zo_forward_steps': 0, 'time': 500, 'eps': 1e-07, 'sparse_active_fraction': 0.25101570178745386}
INFO:src.trainer:[sparse-mezo] global_step=2110 active_fraction=0.251016 active_params=102398879/407938142 configured_ratio=0.250000 mask_strategy=percentile_per_layer scope=trainable_only
INFO:src.trainer:{'loss': 2.3920249938964844, 'learning_rate': 1e-06, 'global_step': 2110, 'zo_forward_step': 4222, 'max_steps': 50000, 'max_zo_forward_steps': 0, 'time': 502, 'eps': 1e-07, 'sparse_active_fraction': 0.25101570178745386}
INFO:src.trainer:[sparse-mezo] global_step=2120 active_fraction=0.251016 active_params=102398879/407938142 configured_ratio=0.250000 mask_strategy=percentile_per_layer scope=trainable_only
INFO:src.trainer:{'loss': 2.7239913940429688, 'learning_rate': 1e-06, 'global_step': 2120, 'zo_forward_step': 4242, 'max_steps': 50000, 'max_zo_forward_steps': 0, 'time': 504, 'eps': 1e-07, 'sparse_active_fraction': 0.25101570178745386}
INFO:src.trainer:[sparse-mezo] global_step=2130 active_fraction=0.251016 active_params=102398879/407938142 configured_ratio=0.250000 mask_strategy=percentile_per_layer scope=trainable_only
INFO:src.trainer:{'loss': 3.2567520141601562, 'learning_rate': 1e-06, 'global_step': 2130, 'zo_forward_step': 4262, 'max_steps': 50000, 'max_zo_forward_steps': 0, 'time': 506, 'eps': 1e-07, 'sparse_active_fraction': 0.25101570178745386}
INFO:src.trainer:[sparse-mezo] global_step=2140 active_fraction=0.251016 active_params=102398879/407938142 configured_ratio=0.250000 mask_strategy=percentile_per_layer scope=trainable_only
INFO:src.trainer:{'loss': 2.331880569458008, 'learning_rate': 1e-06, 'global_step': 2140, 'zo_forward_step': 4282, 'max_steps': 50000, 'max_zo_forward_steps': 0, 'time': 509, 'eps': 1e-07, 'sparse_active_fraction': 0.25101570178745386}
INFO:src.trainer:[sparse-mezo] global_step=2150 active_fraction=0.251016 active_params=102398879/407938142 configured_ratio=0.250000 mask_strategy=percentile_per_layer scope=trainable_only
INFO:src.trainer:{'loss': 2.232332229614258, 'learning_rate': 1e-06, 'global_step': 2150, 'zo_forward_step': 4302, 'max_steps': 50000, 'max_zo_forward_steps': 0, 'time': 511, 'eps': 1e-07, 'sparse_active_fraction': 0.25101570178745386}
INFO:src.trainer:[sparse-mezo] global_step=2160 active_fraction=0.251016 active_params=102398879/407938142 configured_ratio=0.250000 mask_strategy=percentile_per_layer scope=trainable_only
INFO:src.trainer:{'loss': 2.517559051513672, 'learning_rate': 1e-06, 'global_step': 2160, 'zo_forward_step': 4322, 'max_steps': 50000, 'max_zo_forward_steps': 0, 'time': 513, 'eps': 1e-07, 'sparse_active_fraction': 0.25101570178745386}
INFO:src.trainer:[sparse-mezo] global_step=2170 active_fraction=0.251016 active_params=102398879/407938142 configured_ratio=0.250000 mask_strategy=percentile_per_layer scope=trainable_only
INFO:src.trainer:{'loss': 3.5543689727783203, 'learning_rate': 1e-06, 'global_step': 2170, 'zo_forward_step': 4342, 'max_steps': 50000, 'max_zo_forward_steps': 0, 'time': 515, 'eps': 1e-07, 'sparse_active_fraction': 0.25101570178745386}
INFO:src.trainer:[sparse-mezo] global_step=2180 active_fraction=0.251016 active_params=102398879/407938142 configured_ratio=0.250000 mask_strategy=percentile_per_layer scope=trainable_only
INFO:src.trainer:{'loss': 3.508319854736328, 'learning_rate': 1e-06, 'global_step': 2180, 'zo_forward_step': 4362, 'max_steps': 50000, 'max_zo_forward_steps': 0, 'time': 517, 'eps': 1e-07, 'sparse_active_fraction': 0.25101570178745386}
INFO:src.trainer:[sparse-mezo] global_step=2190 active_fraction=0.251016 active_params=102398879/407938142 configured_ratio=0.250000 mask_strategy=percentile_per_layer scope=trainable_only
INFO:src.trainer:{'loss': 2.8848934173583984, 'learning_rate': 1e-06, 'global_step': 2190, 'zo_forward_step': 4382, 'max_steps': 50000, 'max_zo_forward_steps': 0, 'time': 519, 'eps': 1e-07, 'sparse_active_fraction': 0.25101570178745386}
INFO:src.trainer:[sparse-mezo] global_step=2200 active_fraction=0.250766 active_params=102296881/407938142 configured_ratio=0.250000 mask_strategy=percentile_per_layer scope=trainable_only
INFO:src.trainer:[zo_probe] step=2200 eps=1.000e-07 precision=fp16 n=16 mae=9.669633e+02 mse=1.468849e+06 rmse=1.211961e+03 sign_acc=0.4375 corr=-0.299189
INFO:src.trainer:{'loss': 3.1584739685058594, 'learning_rate': 1e-06, 'global_step': 2200, 'zo_forward_step': 4402, 'max_steps': 50000, 'max_zo_forward_steps': 0, 'time': 526, 'eps': 1e-07, 'sparse_active_fraction': 0.2507656687812242}
INFO:src.trainer:[sparse-mezo] global_step=2210 active_fraction=0.250766 active_params=102296881/407938142 configured_ratio=0.250000 mask_strategy=percentile_per_layer scope=trainable_only
INFO:src.trainer:{'loss': 3.3136510848999023, 'learning_rate': 1e-06, 'global_step': 2210, 'zo_forward_step': 4422, 'max_steps': 50000, 'max_zo_forward_steps': 0, 'time': 528, 'eps': 1e-07, 'sparse_active_fraction': 0.2507656687812242}
INFO:src.trainer:[sparse-mezo] global_step=2220 active_fraction=0.250766 active_params=102296881/407938142 configured_ratio=0.250000 mask_strategy=percentile_per_layer scope=trainable_only
INFO:src.trainer:{'loss': 3.2414283752441406, 'learning_rate': 1e-06, 'global_step': 2220, 'zo_forward_step': 4442, 'max_steps': 50000, 'max_zo_forward_steps': 0, 'time': 530, 'eps': 1e-07, 'sparse_active_fraction': 0.2507656687812242}
INFO:src.trainer:[sparse-mezo] global_step=2230 active_fraction=0.250766 active_params=102296881/407938142 configured_ratio=0.250000 mask_strategy=percentile_per_layer scope=trainable_only
INFO:src.trainer:{'loss': 3.66568660736084, 'learning_rate': 1e-06, 'global_step': 2230, 'zo_forward_step': 4462, 'max_steps': 50000, 'max_zo_forward_steps': 0, 'time': 532, 'eps': 1e-07, 'sparse_active_fraction': 0.2507656687812242}
INFO:src.trainer:[sparse-mezo] global_step=2240 active_fraction=0.250766 active_params=102296881/407938142 configured_ratio=0.250000 mask_strategy=percentile_per_layer scope=trainable_only
INFO:src.trainer:{'loss': 3.0285825729370117, 'learning_rate': 1e-06, 'global_step': 2240, 'zo_forward_step': 4482, 'max_steps': 50000, 'max_zo_forward_steps': 0, 'time': 534, 'eps': 1e-07, 'sparse_active_fraction': 0.2507656687812242}
INFO:src.trainer:[sparse-mezo] global_step=2250 active_fraction=0.250766 active_params=102296881/407938142 configured_ratio=0.250000 mask_strategy=percentile_per_layer scope=trainable_only
INFO:src.trainer:{'loss': 3.4762096405029297, 'learning_rate': 1e-06, 'global_step': 2250, 'zo_forward_step': 4502, 'max_steps': 50000, 'max_zo_forward_steps': 0, 'time': 536, 'eps': 1e-07, 'sparse_active_fraction': 0.2507656687812242}
INFO:src.trainer:[sparse-mezo] global_step=2260 active_fraction=0.250766 active_params=102296881/407938142 configured_ratio=0.250000 mask_strategy=percentile_per_layer scope=trainable_only
INFO:src.trainer:{'loss': 3.356822967529297, 'learning_rate': 1e-06, 'global_step': 2260, 'zo_forward_step': 4522, 'max_steps': 50000, 'max_zo_forward_steps': 0, 'time': 538, 'eps': 1e-07, 'sparse_active_fraction': 0.2507656687812242}
INFO:src.trainer:[sparse-mezo] global_step=2270 active_fraction=0.250766 active_params=102296881/407938142 configured_ratio=0.250000 mask_strategy=percentile_per_layer scope=trainable_only
INFO:src.trainer:{'loss': 3.4420166015625, 'learning_rate': 1e-06, 'global_step': 2270, 'zo_forward_step': 4542, 'max_steps': 50000, 'max_zo_forward_steps': 0, 'time': 540, 'eps': 1e-07, 'sparse_active_fraction': 0.2507656687812242}
INFO:src.trainer:[sparse-mezo] global_step=2280 active_fraction=0.250766 active_params=102296881/407938142 configured_ratio=0.250000 mask_strategy=percentile_per_layer scope=trainable_only
INFO:src.trainer:{'loss': 3.6117963790893555, 'learning_rate': 1e-06, 'global_step': 2280, 'zo_forward_step': 4562, 'max_steps': 50000, 'max_zo_forward_steps': 0, 'time': 542, 'eps': 1e-07, 'sparse_active_fraction': 0.2507656687812242}
INFO:src.trainer:[sparse-mezo] global_step=2290 active_fraction=0.250766 active_params=102296881/407938142 configured_ratio=0.250000 mask_strategy=percentile_per_layer scope=trainable_only
INFO:src.trainer:{'loss': 2.7849082946777344, 'learning_rate': 1e-06, 'global_step': 2290, 'zo_forward_step': 4582, 'max_steps': 50000, 'max_zo_forward_steps': 0, 'time': 544, 'eps': 1e-07, 'sparse_active_fraction': 0.2507656687812242}
INFO:src.trainer:[sparse-mezo] global_step=2300 active_fraction=0.250788 active_params=102305948/407938142 configured_ratio=0.250000 mask_strategy=percentile_per_layer scope=trainable_only
INFO:src.trainer:{'loss': 2.282003402709961, 'learning_rate': 1e-06, 'global_step': 2300, 'zo_forward_step': 4602, 'max_steps': 50000, 'max_zo_forward_steps': 0, 'time': 548, 'eps': 1e-07, 'sparse_active_fraction': 0.25078789519024675}
INFO:src.trainer:[sparse-mezo] global_step=2310 active_fraction=0.250788 active_params=102305948/407938142 configured_ratio=0.250000 mask_strategy=percentile_per_layer scope=trainable_only
INFO:src.trainer:{'loss': 2.9880733489990234, 'learning_rate': 1e-06, 'global_step': 2310, 'zo_forward_step': 4622, 'max_steps': 50000, 'max_zo_forward_steps': 0, 'time': 550, 'eps': 1e-07, 'sparse_active_fraction': 0.25078789519024675}
INFO:src.trainer:[sparse-mezo] global_step=2320 active_fraction=0.250788 active_params=102305948/407938142 configured_ratio=0.250000 mask_strategy=percentile_per_layer scope=trainable_only
INFO:src.trainer:{'loss': 2.743375778198242, 'learning_rate': 1e-06, 'global_step': 2320, 'zo_forward_step': 4642, 'max_steps': 50000, 'max_zo_forward_steps': 0, 'time': 552, 'eps': 1e-07, 'sparse_active_fraction': 0.25078789519024675}
INFO:src.trainer:[sparse-mezo] global_step=2330 active_fraction=0.250788 active_params=102305948/407938142 configured_ratio=0.250000 mask_strategy=percentile_per_layer scope=trainable_only
INFO:src.trainer:{'loss': 2.6454524993896484, 'learning_rate': 1e-06, 'global_step': 2330, 'zo_forward_step': 4662, 'max_steps': 50000, 'max_zo_forward_steps': 0, 'time': 554, 'eps': 1e-07, 'sparse_active_fraction': 0.25078789519024675}
INFO:src.trainer:[sparse-mezo] global_step=2340 active_fraction=0.250788 active_params=102305948/407938142 configured_ratio=0.250000 mask_strategy=percentile_per_layer scope=trainable_only
INFO:src.trainer:{'loss': 2.41717529296875, 'learning_rate': 1e-06, 'global_step': 2340, 'zo_forward_step': 4682, 'max_steps': 50000, 'max_zo_forward_steps': 0, 'time': 556, 'eps': 1e-07, 'sparse_active_fraction': 0.25078789519024675}
INFO:src.trainer:[sparse-mezo] global_step=2350 active_fraction=0.250788 active_params=102305948/407938142 configured_ratio=0.250000 mask_strategy=percentile_per_layer scope=trainable_only
INFO:src.trainer:{'loss': 2.8178863525390625, 'learning_rate': 1e-06, 'global_step': 2350, 'zo_forward_step': 4702, 'max_steps': 50000, 'max_zo_forward_steps': 0, 'time': 558, 'eps': 1e-07, 'sparse_active_fraction': 0.25078789519024675}
INFO:src.trainer:[sparse-mezo] global_step=2360 active_fraction=0.250788 active_params=102305948/407938142 configured_ratio=0.250000 mask_strategy=percentile_per_layer scope=trainable_only
INFO:src.trainer:{'loss': 2.8827342987060547, 'learning_rate': 1e-06, 'global_step': 2360, 'zo_forward_step': 4722, 'max_steps': 50000, 'max_zo_forward_steps': 0, 'time': 560, 'eps': 1e-07, 'sparse_active_fraction': 0.25078789519024675}
INFO:src.trainer:[sparse-mezo] global_step=2370 active_fraction=0.250788 active_params=102305948/407938142 configured_ratio=0.250000 mask_strategy=percentile_per_layer scope=trainable_only
INFO:src.trainer:{'loss': 2.808635711669922, 'learning_rate': 1e-06, 'global_step': 2370, 'zo_forward_step': 4742, 'max_steps': 50000, 'max_zo_forward_steps': 0, 'time': 562, 'eps': 1e-07, 'sparse_active_fraction': 0.25078789519024675}
INFO:src.trainer:[sparse-mezo] global_step=2380 active_fraction=0.250788 active_params=102305948/407938142 configured_ratio=0.250000 mask_strategy=percentile_per_layer scope=trainable_only
INFO:src.trainer:{'loss': 2.612184524536133, 'learning_rate': 1e-06, 'global_step': 2380, 'zo_forward_step': 4762, 'max_steps': 50000, 'max_zo_forward_steps': 0, 'time': 564, 'eps': 1e-07, 'sparse_active_fraction': 0.25078789519024675}
INFO:src.trainer:[sparse-mezo] global_step=2390 active_fraction=0.250788 active_params=102305948/407938142 configured_ratio=0.250000 mask_strategy=percentile_per_layer scope=trainable_only
INFO:src.trainer:{'loss': 2.884571075439453, 'learning_rate': 1e-06, 'global_step': 2390, 'zo_forward_step': 4782, 'max_steps': 50000, 'max_zo_forward_steps': 0, 'time': 567, 'eps': 1e-07, 'sparse_active_fraction': 0.25078789519024675}
INFO:src.trainer:[sparse-mezo] global_step=2400 active_fraction=0.250801 active_params=102311378/407938142 configured_ratio=0.250000 mask_strategy=percentile_per_layer scope=trainable_only
INFO:src.trainer:[zo_probe] step=2400 eps=1.000e-07 precision=fp16 n=16 mae=9.604570e+02 mse=1.490776e+06 rmse=1.220973e+03 sign_acc=0.5000 corr=0.146811
INFO:src.trainer:{'loss': 2.859691619873047, 'learning_rate': 1e-06, 'global_step': 2400, 'zo_forward_step': 4802, 'max_steps': 50000, 'max_zo_forward_steps': 0, 'time': 573, 'eps': 1e-07, 'sparse_active_fraction': 0.2508012060318694}
INFO:src.trainer:[sparse-mezo] global_step=2410 active_fraction=0.250801 active_params=102311378/407938142 configured_ratio=0.250000 mask_strategy=percentile_per_layer scope=trainable_only
INFO:src.trainer:{'loss': 2.3371505737304688, 'learning_rate': 1e-06, 'global_step': 2410, 'zo_forward_step': 4822, 'max_steps': 50000, 'max_zo_forward_steps': 0, 'time': 575, 'eps': 1e-07, 'sparse_active_fraction': 0.2508012060318694}
INFO:src.trainer:[sparse-mezo] global_step=2420 active_fraction=0.250801 active_params=102311378/407938142 configured_ratio=0.250000 mask_strategy=percentile_per_layer scope=trainable_only
INFO:src.trainer:{'loss': 2.755664825439453, 'learning_rate': 1e-06, 'global_step': 2420, 'zo_forward_step': 4842, 'max_steps': 50000, 'max_zo_forward_steps': 0, 'time': 577, 'eps': 1e-07, 'sparse_active_fraction': 0.2508012060318694}
INFO:src.trainer:[sparse-mezo] global_step=2430 active_fraction=0.250801 active_params=102311378/407938142 configured_ratio=0.250000 mask_strategy=percentile_per_layer scope=trainable_only
INFO:src.trainer:{'loss': 2.3972930908203125, 'learning_rate': 1e-06, 'global_step': 2430, 'zo_forward_step': 4862, 'max_steps': 50000, 'max_zo_forward_steps': 0, 'time': 580, 'eps': 1e-07, 'sparse_active_fraction': 0.2508012060318694}
INFO:src.trainer:[sparse-mezo] global_step=2440 active_fraction=0.250801 active_params=102311378/407938142 configured_ratio=0.250000 mask_strategy=percentile_per_layer scope=trainable_only
INFO:src.trainer:{'loss': 3.0193939208984375, 'learning_rate': 1e-06, 'global_step': 2440, 'zo_forward_step': 4882, 'max_steps': 50000, 'max_zo_forward_steps': 0, 'time': 582, 'eps': 1e-07, 'sparse_active_fraction': 0.2508012060318694}
INFO:src.trainer:[sparse-mezo] global_step=2450 active_fraction=0.250801 active_params=102311378/407938142 configured_ratio=0.250000 mask_strategy=percentile_per_layer scope=trainable_only
INFO:src.trainer:{'loss': 3.0163421630859375, 'learning_rate': 1e-06, 'global_step': 2450, 'zo_forward_step': 4902, 'max_steps': 50000, 'max_zo_forward_steps': 0, 'time': 584, 'eps': 1e-07, 'sparse_active_fraction': 0.2508012060318694}
INFO:src.trainer:[sparse-mezo] global_step=2460 active_fraction=0.250801 active_params=102311378/407938142 configured_ratio=0.250000 mask_strategy=percentile_per_layer scope=trainable_only
INFO:src.trainer:{'loss': 2.922008514404297, 'learning_rate': 1e-06, 'global_step': 2460, 'zo_forward_step': 4922, 'max_steps': 50000, 'max_zo_forward_steps': 0, 'time': 586, 'eps': 1e-07, 'sparse_active_fraction': 0.2508012060318694}
INFO:src.trainer:[sparse-mezo] global_step=2470 active_fraction=0.250801 active_params=102311378/407938142 configured_ratio=0.250000 mask_strategy=percentile_per_layer scope=trainable_only
INFO:src.trainer:{'loss': 2.46502685546875, 'learning_rate': 1e-06, 'global_step': 2470, 'zo_forward_step': 4942, 'max_steps': 50000, 'max_zo_forward_steps': 0, 'time': 588, 'eps': 1e-07, 'sparse_active_fraction': 0.2508012060318694}
INFO:src.trainer:[sparse-mezo] global_step=2480 active_fraction=0.250801 active_params=102311378/407938142 configured_ratio=0.250000 mask_strategy=percentile_per_layer scope=trainable_only
INFO:src.trainer:{'loss': 2.376382827758789, 'learning_rate': 1e-06, 'global_step': 2480, 'zo_forward_step': 4962, 'max_steps': 50000, 'max_zo_forward_steps': 0, 'time': 590, 'eps': 1e-07, 'sparse_active_fraction': 0.2508012060318694}
INFO:src.trainer:[sparse-mezo] global_step=2490 active_fraction=0.250801 active_params=102311378/407938142 configured_ratio=0.250000 mask_strategy=percentile_per_layer scope=trainable_only
INFO:src.trainer:{'loss': 2.7779884338378906, 'learning_rate': 1e-06, 'global_step': 2490, 'zo_forward_step': 4982, 'max_steps': 50000, 'max_zo_forward_steps': 0, 'time': 592, 'eps': 1e-07, 'sparse_active_fraction': 0.2508012060318694}
INFO:src.trainer:[sparse-mezo] global_step=2500 active_fraction=0.251136 active_params=102447761/407938142 configured_ratio=0.250000 mask_strategy=percentile_per_layer scope=trainable_only
INFO:src.trainer:{'loss': 2.548917770385742, 'learning_rate': 1e-06, 'global_step': 2500, 'zo_forward_step': 5002, 'max_steps': 50000, 'max_zo_forward_steps': 0, 'time': 595, 'eps': 1e-07, 'sparse_active_fraction': 0.25113552877828227}
INFO:src.trainer:[sparse-mezo] global_step=2510 active_fraction=0.251136 active_params=102447761/407938142 configured_ratio=0.250000 mask_strategy=percentile_per_layer scope=trainable_only
INFO:src.trainer:{'loss': 2.3447647094726562, 'learning_rate': 1e-06, 'global_step': 2510, 'zo_forward_step': 5022, 'max_steps': 50000, 'max_zo_forward_steps': 0, 'time': 597, 'eps': 1e-07, 'sparse_active_fraction': 0.25113552877828227}
INFO:src.trainer:[sparse-mezo] global_step=2520 active_fraction=0.251136 active_params=102447761/407938142 configured_ratio=0.250000 mask_strategy=percentile_per_layer scope=trainable_only
INFO:src.trainer:{'loss': 2.2448692321777344, 'learning_rate': 1e-06, 'global_step': 2520, 'zo_forward_step': 5042, 'max_steps': 50000, 'max_zo_forward_steps': 0, 'time': 600, 'eps': 1e-07, 'sparse_active_fraction': 0.25113552877828227}
INFO:src.trainer:[sparse-mezo] global_step=2530 active_fraction=0.251136 active_params=102447761/407938142 configured_ratio=0.250000 mask_strategy=percentile_per_layer scope=trainable_only
INFO:src.trainer:{'loss': 2.5713424682617188, 'learning_rate': 1e-06, 'global_step': 2530, 'zo_forward_step': 5062, 'max_steps': 50000, 'max_zo_forward_steps': 0, 'time': 602, 'eps': 1e-07, 'sparse_active_fraction': 0.25113552877828227}
INFO:src.trainer:[sparse-mezo] global_step=2540 active_fraction=0.251136 active_params=102447761/407938142 configured_ratio=0.250000 mask_strategy=percentile_per_layer scope=trainable_only
INFO:src.trainer:{'loss': 2.6993370056152344, 'learning_rate': 1e-06, 'global_step': 2540, 'zo_forward_step': 5082, 'max_steps': 50000, 'max_zo_forward_steps': 0, 'time': 604, 'eps': 1e-07, 'sparse_active_fraction': 0.25113552877828227}
INFO:src.trainer:[sparse-mezo] global_step=2550 active_fraction=0.251136 active_params=102447761/407938142 configured_ratio=0.250000 mask_strategy=percentile_per_layer scope=trainable_only
INFO:src.trainer:{'loss': 2.53399658203125, 'learning_rate': 1e-06, 'global_step': 2550, 'zo_forward_step': 5102, 'max_steps': 50000, 'max_zo_forward_steps': 0, 'time': 606, 'eps': 1e-07, 'sparse_active_fraction': 0.25113552877828227}
INFO:src.trainer:[sparse-mezo] global_step=2560 active_fraction=0.251136 active_params=102447761/407938142 configured_ratio=0.250000 mask_strategy=percentile_per_layer scope=trainable_only
INFO:src.trainer:{'loss': 2.3607177734375, 'learning_rate': 1e-06, 'global_step': 2560, 'zo_forward_step': 5122, 'max_steps': 50000, 'max_zo_forward_steps': 0, 'time': 608, 'eps': 1e-07, 'sparse_active_fraction': 0.25113552877828227}
INFO:src.trainer:[sparse-mezo] global_step=2570 active_fraction=0.251136 active_params=102447761/407938142 configured_ratio=0.250000 mask_strategy=percentile_per_layer scope=trainable_only
INFO:src.trainer:{'loss': 2.172405242919922, 'learning_rate': 1e-06, 'global_step': 2570, 'zo_forward_step': 5142, 'max_steps': 50000, 'max_zo_forward_steps': 0, 'time': 610, 'eps': 1e-07, 'sparse_active_fraction': 0.25113552877828227}
INFO:src.trainer:[sparse-mezo] global_step=2580 active_fraction=0.251136 active_params=102447761/407938142 configured_ratio=0.250000 mask_strategy=percentile_per_layer scope=trainable_only
INFO:src.trainer:{'loss': 2.1138343811035156, 'learning_rate': 1e-06, 'global_step': 2580, 'zo_forward_step': 5162, 'max_steps': 50000, 'max_zo_forward_steps': 0, 'time': 612, 'eps': 1e-07, 'sparse_active_fraction': 0.25113552877828227}
INFO:src.trainer:[sparse-mezo] global_step=2590 active_fraction=0.251136 active_params=102447761/407938142 configured_ratio=0.250000 mask_strategy=percentile_per_layer scope=trainable_only
INFO:src.trainer:{'loss': 2.3693161010742188, 'learning_rate': 1e-06, 'global_step': 2590, 'zo_forward_step': 5182, 'max_steps': 50000, 'max_zo_forward_steps': 0, 'time': 614, 'eps': 1e-07, 'sparse_active_fraction': 0.25113552877828227}
INFO:src.trainer:[sparse-mezo] global_step=2600 active_fraction=0.251066 active_params=102419534/407938142 configured_ratio=0.250000 mask_strategy=percentile_per_layer scope=trainable_only
INFO:src.trainer:[zo_probe] step=2600 eps=1.000e-07 precision=fp16 n=16 mae=8.978452e+02 mse=1.203299e+06 rmse=1.096950e+03 sign_acc=0.4375 corr=-0.410262
INFO:src.trainer:{'loss': 2.5085906982421875, 'learning_rate': 1e-06, 'global_step': 2600, 'zo_forward_step': 5202, 'max_steps': 50000, 'max_zo_forward_steps': 0, 'time': 621, 'eps': 1e-07, 'sparse_active_fraction': 0.25106633446401294}
INFO:src.trainer:[sparse-mezo] global_step=2610 active_fraction=0.251066 active_params=102419534/407938142 configured_ratio=0.250000 mask_strategy=percentile_per_layer scope=trainable_only
INFO:src.trainer:{'loss': 2.5222625732421875, 'learning_rate': 1e-06, 'global_step': 2610, 'zo_forward_step': 5222, 'max_steps': 50000, 'max_zo_forward_steps': 0, 'time': 623, 'eps': 1e-07, 'sparse_active_fraction': 0.25106633446401294}
INFO:src.trainer:[sparse-mezo] global_step=2620 active_fraction=0.251066 active_params=102419534/407938142 configured_ratio=0.250000 mask_strategy=percentile_per_layer scope=trainable_only
INFO:src.trainer:{'loss': 2.2568092346191406, 'learning_rate': 1e-06, 'global_step': 2620, 'zo_forward_step': 5242, 'max_steps': 50000, 'max_zo_forward_steps': 0, 'time': 625, 'eps': 1e-07, 'sparse_active_fraction': 0.25106633446401294}
INFO:src.trainer:[sparse-mezo] global_step=2630 active_fraction=0.251066 active_params=102419534/407938142 configured_ratio=0.250000 mask_strategy=percentile_per_layer scope=trainable_only
INFO:src.trainer:{'loss': 2.629871368408203, 'learning_rate': 1e-06, 'global_step': 2630, 'zo_forward_step': 5262, 'max_steps': 50000, 'max_zo_forward_steps': 0, 'time': 627, 'eps': 1e-07, 'sparse_active_fraction': 0.25106633446401294}
INFO:src.trainer:[sparse-mezo] global_step=2640 active_fraction=0.251066 active_params=102419534/407938142 configured_ratio=0.250000 mask_strategy=percentile_per_layer scope=trainable_only
INFO:src.trainer:{'loss': 2.4576263427734375, 'learning_rate': 1e-06, 'global_step': 2640, 'zo_forward_step': 5282, 'max_steps': 50000, 'max_zo_forward_steps': 0, 'time': 629, 'eps': 1e-07, 'sparse_active_fraction': 0.25106633446401294}
INFO:src.trainer:[sparse-mezo] global_step=2650 active_fraction=0.251066 active_params=102419534/407938142 configured_ratio=0.250000 mask_strategy=percentile_per_layer scope=trainable_only
INFO:src.trainer:{'loss': 2.355883836746216, 'learning_rate': 1e-06, 'global_step': 2650, 'zo_forward_step': 5302, 'max_steps': 50000, 'max_zo_forward_steps': 0, 'time': 631, 'eps': 1e-07, 'sparse_active_fraction': 0.25106633446401294}
INFO:src.trainer:[sparse-mezo] global_step=2660 active_fraction=0.251066 active_params=102419534/407938142 configured_ratio=0.250000 mask_strategy=percentile_per_layer scope=trainable_only
INFO:src.trainer:{'loss': 2.2960739135742188, 'learning_rate': 1e-06, 'global_step': 2660, 'zo_forward_step': 5322, 'max_steps': 50000, 'max_zo_forward_steps': 0, 'time': 633, 'eps': 1e-07, 'sparse_active_fraction': 0.25106633446401294}
INFO:src.trainer:[sparse-mezo] global_step=2670 active_fraction=0.251066 active_params=102419534/407938142 configured_ratio=0.250000 mask_strategy=percentile_per_layer scope=trainable_only
INFO:src.trainer:{'loss': 2.7241859436035156, 'learning_rate': 1e-06, 'global_step': 2670, 'zo_forward_step': 5342, 'max_steps': 50000, 'max_zo_forward_steps': 0, 'time': 636, 'eps': 1e-07, 'sparse_active_fraction': 0.25106633446401294}
INFO:src.trainer:[sparse-mezo] global_step=2680 active_fraction=0.251066 active_params=102419534/407938142 configured_ratio=0.250000 mask_strategy=percentile_per_layer scope=trainable_only
INFO:src.trainer:{'loss': 2.4930992126464844, 'learning_rate': 1e-06, 'global_step': 2680, 'zo_forward_step': 5362, 'max_steps': 50000, 'max_zo_forward_steps': 0, 'time': 638, 'eps': 1e-07, 'sparse_active_fraction': 0.25106633446401294}
INFO:src.trainer:[sparse-mezo] global_step=2690 active_fraction=0.251066 active_params=102419534/407938142 configured_ratio=0.250000 mask_strategy=percentile_per_layer scope=trainable_only
INFO:src.trainer:{'loss': 2.5866241455078125, 'learning_rate': 1e-06, 'global_step': 2690, 'zo_forward_step': 5382, 'max_steps': 50000, 'max_zo_forward_steps': 0, 'time': 640, 'eps': 1e-07, 'sparse_active_fraction': 0.25106633446401294}
INFO:src.trainer:[sparse-mezo] global_step=2700 active_fraction=0.251030 active_params=102404739/407938142 configured_ratio=0.250000 mask_strategy=percentile_per_layer scope=trainable_only
INFO:src.trainer:{'loss': 2.4395294189453125, 'learning_rate': 1e-06, 'global_step': 2700, 'zo_forward_step': 5402, 'max_steps': 50000, 'max_zo_forward_steps': 0, 'time': 643, 'eps': 1e-07, 'sparse_active_fraction': 0.2510300667104573}
INFO:src.trainer:[sparse-mezo] global_step=2710 active_fraction=0.251030 active_params=102404739/407938142 configured_ratio=0.250000 mask_strategy=percentile_per_layer scope=trainable_only
INFO:src.trainer:{'loss': 3.0192642211914062, 'learning_rate': 1e-06, 'global_step': 2710, 'zo_forward_step': 5422, 'max_steps': 50000, 'max_zo_forward_steps': 0, 'time': 645, 'eps': 1e-07, 'sparse_active_fraction': 0.2510300667104573}
INFO:src.trainer:[sparse-mezo] global_step=2720 active_fraction=0.251030 active_params=102404739/407938142 configured_ratio=0.250000 mask_strategy=percentile_per_layer scope=trainable_only
INFO:src.trainer:{'loss': 3.0237998962402344, 'learning_rate': 1e-06, 'global_step': 2720, 'zo_forward_step': 5442, 'max_steps': 50000, 'max_zo_forward_steps': 0, 'time': 647, 'eps': 1e-07, 'sparse_active_fraction': 0.2510300667104573}
INFO:src.trainer:[sparse-mezo] global_step=2730 active_fraction=0.251030 active_params=102404739/407938142 configured_ratio=0.250000 mask_strategy=percentile_per_layer scope=trainable_only
INFO:src.trainer:{'loss': 2.9333953857421875, 'learning_rate': 1e-06, 'global_step': 2730, 'zo_forward_step': 5462, 'max_steps': 50000, 'max_zo_forward_steps': 0, 'time': 649, 'eps': 1e-07, 'sparse_active_fraction': 0.2510300667104573}
INFO:src.trainer:[sparse-mezo] global_step=2740 active_fraction=0.251030 active_params=102404739/407938142 configured_ratio=0.250000 mask_strategy=percentile_per_layer scope=trainable_only
INFO:src.trainer:{'loss': 2.421253204345703, 'learning_rate': 1e-06, 'global_step': 2740, 'zo_forward_step': 5482, 'max_steps': 50000, 'max_zo_forward_steps': 0, 'time': 651, 'eps': 1e-07, 'sparse_active_fraction': 0.2510300667104573}
INFO:src.trainer:[sparse-mezo] global_step=2750 active_fraction=0.251030 active_params=102404739/407938142 configured_ratio=0.250000 mask_strategy=percentile_per_layer scope=trainable_only
INFO:src.trainer:{'loss': 2.7825393676757812, 'learning_rate': 1e-06, 'global_step': 2750, 'zo_forward_step': 5502, 'max_steps': 50000, 'max_zo_forward_steps': 0, 'time': 653, 'eps': 1e-07, 'sparse_active_fraction': 0.2510300667104573}
INFO:src.trainer:[sparse-mezo] global_step=2760 active_fraction=0.251030 active_params=102404739/407938142 configured_ratio=0.250000 mask_strategy=percentile_per_layer scope=trainable_only
INFO:src.trainer:{'loss': 2.820587158203125, 'learning_rate': 1e-06, 'global_step': 2760, 'zo_forward_step': 5522, 'max_steps': 50000, 'max_zo_forward_steps': 0, 'time': 656, 'eps': 1e-07, 'sparse_active_fraction': 0.2510300667104573}
INFO:src.trainer:[sparse-mezo] global_step=2770 active_fraction=0.251030 active_params=102404739/407938142 configured_ratio=0.250000 mask_strategy=percentile_per_layer scope=trainable_only
INFO:src.trainer:{'loss': 2.683338165283203, 'learning_rate': 1e-06, 'global_step': 2770, 'zo_forward_step': 5542, 'max_steps': 50000, 'max_zo_forward_steps': 0, 'time': 658, 'eps': 1e-07, 'sparse_active_fraction': 0.2510300667104573}
INFO:src.trainer:[sparse-mezo] global_step=2780 active_fraction=0.251030 active_params=102404739/407938142 configured_ratio=0.250000 mask_strategy=percentile_per_layer scope=trainable_only
INFO:src.trainer:{'loss': 2.2621116638183594, 'learning_rate': 1e-06, 'global_step': 2780, 'zo_forward_step': 5562, 'max_steps': 50000, 'max_zo_forward_steps': 0, 'time': 660, 'eps': 1e-07, 'sparse_active_fraction': 0.2510300667104573}
INFO:src.trainer:[sparse-mezo] global_step=2790 active_fraction=0.251030 active_params=102404739/407938142 configured_ratio=0.250000 mask_strategy=percentile_per_layer scope=trainable_only
INFO:src.trainer:{'loss': 2.5559234619140625, 'learning_rate': 1e-06, 'global_step': 2790, 'zo_forward_step': 5582, 'max_steps': 50000, 'max_zo_forward_steps': 0, 'time': 662, 'eps': 1e-07, 'sparse_active_fraction': 0.2510300667104573}
INFO:src.trainer:[sparse-mezo] global_step=2800 active_fraction=0.250965 active_params=102378312/407938142 configured_ratio=0.250000 mask_strategy=percentile_per_layer scope=trainable_only
INFO:src.trainer:[zo_probe] step=2800 eps=1.000e-07 precision=fp16 n=16 mae=1.161257e+03 mse=2.160743e+06 rmse=1.469947e+03 sign_acc=0.3750 corr=-0.086204
INFO:src.trainer:{'loss': 2.6725616455078125, 'learning_rate': 1e-06, 'global_step': 2800, 'zo_forward_step': 5602, 'max_steps': 50000, 'max_zo_forward_steps': 0, 'time': 668, 'eps': 1e-07, 'sparse_active_fraction': 0.250965284829875}
INFO:src.trainer:[sparse-mezo] global_step=2810 active_fraction=0.250965 active_params=102378312/407938142 configured_ratio=0.250000 mask_strategy=percentile_per_layer scope=trainable_only
INFO:src.trainer:{'loss': 2.3082046508789062, 'learning_rate': 1e-06, 'global_step': 2810, 'zo_forward_step': 5622, 'max_steps': 50000, 'max_zo_forward_steps': 0, 'time': 671, 'eps': 1e-07, 'sparse_active_fraction': 0.250965284829875}
INFO:src.trainer:[sparse-mezo] global_step=2820 active_fraction=0.250965 active_params=102378312/407938142 configured_ratio=0.250000 mask_strategy=percentile_per_layer scope=trainable_only
INFO:src.trainer:{'loss': 2.532012939453125, 'learning_rate': 1e-06, 'global_step': 2820, 'zo_forward_step': 5642, 'max_steps': 50000, 'max_zo_forward_steps': 0, 'time': 673, 'eps': 1e-07, 'sparse_active_fraction': 0.250965284829875}
INFO:src.trainer:[sparse-mezo] global_step=2830 active_fraction=0.250965 active_params=102378312/407938142 configured_ratio=0.250000 mask_strategy=percentile_per_layer scope=trainable_only
INFO:src.trainer:{'loss': 2.656871795654297, 'learning_rate': 1e-06, 'global_step': 2830, 'zo_forward_step': 5662, 'max_steps': 50000, 'max_zo_forward_steps': 0, 'time': 675, 'eps': 1e-07, 'sparse_active_fraction': 0.250965284829875}
INFO:src.trainer:[sparse-mezo] global_step=2840 active_fraction=0.250965 active_params=102378312/407938142 configured_ratio=0.250000 mask_strategy=percentile_per_layer scope=trainable_only
INFO:src.trainer:{'loss': 2.4868392944335938, 'learning_rate': 1e-06, 'global_step': 2840, 'zo_forward_step': 5682, 'max_steps': 50000, 'max_zo_forward_steps': 0, 'time': 677, 'eps': 1e-07, 'sparse_active_fraction': 0.250965284829875}
INFO:src.trainer:[sparse-mezo] global_step=2850 active_fraction=0.250965 active_params=102378312/407938142 configured_ratio=0.250000 mask_strategy=percentile_per_layer scope=trainable_only
INFO:src.trainer:{'loss': 2.5993728637695312, 'learning_rate': 1e-06, 'global_step': 2850, 'zo_forward_step': 5702, 'max_steps': 50000, 'max_zo_forward_steps': 0, 'time': 679, 'eps': 1e-07, 'sparse_active_fraction': 0.250965284829875}
INFO:src.trainer:[sparse-mezo] global_step=2860 active_fraction=0.250965 active_params=102378312/407938142 configured_ratio=0.250000 mask_strategy=percentile_per_layer scope=trainable_only
INFO:src.trainer:{'loss': 2.5601730346679688, 'learning_rate': 1e-06, 'global_step': 2860, 'zo_forward_step': 5722, 'max_steps': 50000, 'max_zo_forward_steps': 0, 'time': 681, 'eps': 1e-07, 'sparse_active_fraction': 0.250965284829875}
INFO:src.trainer:[sparse-mezo] global_step=2870 active_fraction=0.250965 active_params=102378312/407938142 configured_ratio=0.250000 mask_strategy=percentile_per_layer scope=trainable_only
INFO:src.trainer:{'loss': 2.5689239501953125, 'learning_rate': 1e-06, 'global_step': 2870, 'zo_forward_step': 5742, 'max_steps': 50000, 'max_zo_forward_steps': 0, 'time': 683, 'eps': 1e-07, 'sparse_active_fraction': 0.250965284829875}
INFO:src.trainer:[sparse-mezo] global_step=2880 active_fraction=0.250965 active_params=102378312/407938142 configured_ratio=0.250000 mask_strategy=percentile_per_layer scope=trainable_only
INFO:src.trainer:{'loss': 2.1653976440429688, 'learning_rate': 1e-06, 'global_step': 2880, 'zo_forward_step': 5762, 'max_steps': 50000, 'max_zo_forward_steps': 0, 'time': 685, 'eps': 1e-07, 'sparse_active_fraction': 0.250965284829875}
INFO:src.trainer:[sparse-mezo] global_step=2890 active_fraction=0.250965 active_params=102378312/407938142 configured_ratio=0.250000 mask_strategy=percentile_per_layer scope=trainable_only
INFO:src.trainer:{'loss': 1.9081916809082031, 'learning_rate': 1e-06, 'global_step': 2890, 'zo_forward_step': 5782, 'max_steps': 50000, 'max_zo_forward_steps': 0, 'time': 687, 'eps': 1e-07, 'sparse_active_fraction': 0.250965284829875}
INFO:src.trainer:[sparse-mezo] global_step=2900 active_fraction=0.250937 active_params=102366921/407938142 configured_ratio=0.250000 mask_strategy=percentile_per_layer scope=trainable_only
INFO:src.trainer:{'loss': 2.589141845703125, 'learning_rate': 1e-06, 'global_step': 2900, 'zo_forward_step': 5802, 'max_steps': 50000, 'max_zo_forward_steps': 0, 'time': 691, 'eps': 1e-07, 'sparse_active_fraction': 0.25093736147869206}
INFO:src.trainer:[sparse-mezo] global_step=2910 active_fraction=0.250937 active_params=102366921/407938142 configured_ratio=0.250000 mask_strategy=percentile_per_layer scope=trainable_only
INFO:src.trainer:{'loss': 2.5278549194335938, 'learning_rate': 1e-06, 'global_step': 2910, 'zo_forward_step': 5822, 'max_steps': 50000, 'max_zo_forward_steps': 0, 'time': 693, 'eps': 1e-07, 'sparse_active_fraction': 0.25093736147869206}
INFO:src.trainer:[sparse-mezo] global_step=2920 active_fraction=0.250937 active_params=102366921/407938142 configured_ratio=0.250000 mask_strategy=percentile_per_layer scope=trainable_only
INFO:src.trainer:{'loss': 2.6277236938476562, 'learning_rate': 1e-06, 'global_step': 2920, 'zo_forward_step': 5842, 'max_steps': 50000, 'max_zo_forward_steps': 0, 'time': 695, 'eps': 1e-07, 'sparse_active_fraction': 0.25093736147869206}
INFO:src.trainer:[sparse-mezo] global_step=2930 active_fraction=0.250937 active_params=102366921/407938142 configured_ratio=0.250000 mask_strategy=percentile_per_layer scope=trainable_only
INFO:src.trainer:{'loss': 2.5018463134765625, 'learning_rate': 1e-06, 'global_step': 2930, 'zo_forward_step': 5862, 'max_steps': 50000, 'max_zo_forward_steps': 0, 'time': 697, 'eps': 1e-07, 'sparse_active_fraction': 0.25093736147869206}
INFO:src.trainer:[sparse-mezo] global_step=2940 active_fraction=0.250937 active_params=102366921/407938142 configured_ratio=0.250000 mask_strategy=percentile_per_layer scope=trainable_only
INFO:src.trainer:{'loss': 1.8153495788574219, 'learning_rate': 1e-06, 'global_step': 2940, 'zo_forward_step': 5882, 'max_steps': 50000, 'max_zo_forward_steps': 0, 'time': 699, 'eps': 1e-07, 'sparse_active_fraction': 0.25093736147869206}
INFO:src.trainer:[sparse-mezo] global_step=2950 active_fraction=0.250937 active_params=102366921/407938142 configured_ratio=0.250000 mask_strategy=percentile_per_layer scope=trainable_only
INFO:src.trainer:{'loss': 2.2209510803222656, 'learning_rate': 1e-06, 'global_step': 2950, 'zo_forward_step': 5902, 'max_steps': 50000, 'max_zo_forward_steps': 0, 'time': 701, 'eps': 1e-07, 'sparse_active_fraction': 0.25093736147869206}
INFO:src.trainer:[sparse-mezo] global_step=2960 active_fraction=0.250937 active_params=102366921/407938142 configured_ratio=0.250000 mask_strategy=percentile_per_layer scope=trainable_only
INFO:src.trainer:{'loss': 2.11163330078125, 'learning_rate': 1e-06, 'global_step': 2960, 'zo_forward_step': 5922, 'max_steps': 50000, 'max_zo_forward_steps': 0, 'time': 703, 'eps': 1e-07, 'sparse_active_fraction': 0.25093736147869206}
INFO:src.trainer:[sparse-mezo] global_step=2970 active_fraction=0.250937 active_params=102366921/407938142 configured_ratio=0.250000 mask_strategy=percentile_per_layer scope=trainable_only
INFO:src.trainer:{'loss': 2.2446517944335938, 'learning_rate': 1e-06, 'global_step': 2970, 'zo_forward_step': 5942, 'max_steps': 50000, 'max_zo_forward_steps': 0, 'time': 705, 'eps': 1e-07, 'sparse_active_fraction': 0.25093736147869206}
INFO:src.trainer:[sparse-mezo] global_step=2980 active_fraction=0.250937 active_params=102366921/407938142 configured_ratio=0.250000 mask_strategy=percentile_per_layer scope=trainable_only
INFO:src.trainer:{'loss': 1.9532012939453125, 'learning_rate': 1e-06, 'global_step': 2980, 'zo_forward_step': 5962, 'max_steps': 50000, 'max_zo_forward_steps': 0, 'time': 707, 'eps': 1e-07, 'sparse_active_fraction': 0.25093736147869206}
INFO:src.trainer:[sparse-mezo] global_step=2990 active_fraction=0.250937 active_params=102366921/407938142 configured_ratio=0.250000 mask_strategy=percentile_per_layer scope=trainable_only
INFO:src.trainer:{'loss': 1.9124298095703125, 'learning_rate': 1e-06, 'global_step': 2990, 'zo_forward_step': 5982, 'max_steps': 50000, 'max_zo_forward_steps': 0, 'time': 709, 'eps': 1e-07, 'sparse_active_fraction': 0.25093736147869206}
INFO:src.trainer:[sparse-mezo] global_step=3000 active_fraction=0.251134 active_params=102447020/407938142 configured_ratio=0.250000 mask_strategy=percentile_per_layer scope=trainable_only
INFO:src.trainer:[zo_probe] step=3000 eps=1.000e-07 precision=fp16 n=16 mae=7.809397e+02 mse=9.868448e+05 rmse=9.934006e+02 sign_acc=0.5625 corr=0.260154
INFO:src.trainer:{'loss': 1.9350967407226562, 'learning_rate': 1e-06, 'global_step': 3000, 'zo_forward_step': 6002, 'max_steps': 50000, 'max_zo_forward_steps': 0, 'time': 716, 'eps': 1e-07, 'sparse_active_fraction': 0.2511337123264144}
INFO:src.trainer:[sparse-mezo] global_step=3010 active_fraction=0.251134 active_params=102447020/407938142 configured_ratio=0.250000 mask_strategy=percentile_per_layer scope=trainable_only
INFO:src.trainer:{'loss': 2.1918182373046875, 'learning_rate': 1e-06, 'global_step': 3010, 'zo_forward_step': 6022, 'max_steps': 50000, 'max_zo_forward_steps': 0, 'time': 718, 'eps': 1e-07, 'sparse_active_fraction': 0.2511337123264144}
INFO:src.trainer:[sparse-mezo] global_step=3020 active_fraction=0.251134 active_params=102447020/407938142 configured_ratio=0.250000 mask_strategy=percentile_per_layer scope=trainable_only
INFO:src.trainer:{'loss': 2.2313003540039062, 'learning_rate': 1e-06, 'global_step': 3020, 'zo_forward_step': 6042, 'max_steps': 50000, 'max_zo_forward_steps': 0, 'time': 720, 'eps': 1e-07, 'sparse_active_fraction': 0.2511337123264144}
INFO:src.trainer:[sparse-mezo] global_step=3030 active_fraction=0.251134 active_params=102447020/407938142 configured_ratio=0.250000 mask_strategy=percentile_per_layer scope=trainable_only
INFO:src.trainer:{'loss': 2.1076202392578125, 'learning_rate': 1e-06, 'global_step': 3030, 'zo_forward_step': 6062, 'max_steps': 50000, 'max_zo_forward_steps': 0, 'time': 722, 'eps': 1e-07, 'sparse_active_fraction': 0.2511337123264144}
INFO:src.trainer:[sparse-mezo] global_step=3040 active_fraction=0.251134 active_params=102447020/407938142 configured_ratio=0.250000 mask_strategy=percentile_per_layer scope=trainable_only
INFO:src.trainer:{'loss': 2.241790771484375, 'learning_rate': 1e-06, 'global_step': 3040, 'zo_forward_step': 6082, 'max_steps': 50000, 'max_zo_forward_steps': 0, 'time': 725, 'eps': 1e-07, 'sparse_active_fraction': 0.2511337123264144}
INFO:src.trainer:[sparse-mezo] global_step=3050 active_fraction=0.251134 active_params=102447020/407938142 configured_ratio=0.250000 mask_strategy=percentile_per_layer scope=trainable_only
INFO:src.trainer:{'loss': 2.1504669189453125, 'learning_rate': 1e-06, 'global_step': 3050, 'zo_forward_step': 6102, 'max_steps': 50000, 'max_zo_forward_steps': 0, 'time': 727, 'eps': 1e-07, 'sparse_active_fraction': 0.2511337123264144}
INFO:src.trainer:[sparse-mezo] global_step=3060 active_fraction=0.251134 active_params=102447020/407938142 configured_ratio=0.250000 mask_strategy=percentile_per_layer scope=trainable_only
INFO:src.trainer:{'loss': 1.9749755859375, 'learning_rate': 1e-06, 'global_step': 3060, 'zo_forward_step': 6122, 'max_steps': 50000, 'max_zo_forward_steps': 0, 'time': 729, 'eps': 1e-07, 'sparse_active_fraction': 0.2511337123264144}
INFO:src.trainer:[sparse-mezo] global_step=3070 active_fraction=0.251134 active_params=102447020/407938142 configured_ratio=0.250000 mask_strategy=percentile_per_layer scope=trainable_only
INFO:src.trainer:{'loss': 1.9775543212890625, 'learning_rate': 1e-06, 'global_step': 3070, 'zo_forward_step': 6142, 'max_steps': 50000, 'max_zo_forward_steps': 0, 'time': 731, 'eps': 1e-07, 'sparse_active_fraction': 0.2511337123264144}
INFO:src.trainer:[sparse-mezo] global_step=3080 active_fraction=0.251134 active_params=102447020/407938142 configured_ratio=0.250000 mask_strategy=percentile_per_layer scope=trainable_only
INFO:src.trainer:{'loss': 1.7828826904296875, 'learning_rate': 1e-06, 'global_step': 3080, 'zo_forward_step': 6162, 'max_steps': 50000, 'max_zo_forward_steps': 0, 'time': 733, 'eps': 1e-07, 'sparse_active_fraction': 0.2511337123264144}
INFO:src.trainer:[sparse-mezo] global_step=3090 active_fraction=0.251134 active_params=102447020/407938142 configured_ratio=0.250000 mask_strategy=percentile_per_layer scope=trainable_only
INFO:src.trainer:{'loss': 1.8863983154296875, 'learning_rate': 1e-06, 'global_step': 3090, 'zo_forward_step': 6182, 'max_steps': 50000, 'max_zo_forward_steps': 0, 'time': 735, 'eps': 1e-07, 'sparse_active_fraction': 0.2511337123264144}
INFO:src.trainer:[sparse-mezo] global_step=3100 active_fraction=0.250951 active_params=102372304/407938142 configured_ratio=0.250000 mask_strategy=percentile_per_layer scope=trainable_only
INFO:src.trainer:{'loss': 1.707000732421875, 'learning_rate': 1e-06, 'global_step': 3100, 'zo_forward_step': 6202, 'max_steps': 50000, 'max_zo_forward_steps': 0, 'time': 738, 'eps': 1e-07, 'sparse_active_fraction': 0.2509505571067684}
INFO:src.trainer:[sparse-mezo] global_step=3110 active_fraction=0.250951 active_params=102372304/407938142 configured_ratio=0.250000 mask_strategy=percentile_per_layer scope=trainable_only
INFO:src.trainer:{'loss': 1.75775146484375, 'learning_rate': 1e-06, 'global_step': 3110, 'zo_forward_step': 6222, 'max_steps': 50000, 'max_zo_forward_steps': 0, 'time': 740, 'eps': 1e-07, 'sparse_active_fraction': 0.2509505571067684}
INFO:src.trainer:[sparse-mezo] global_step=3120 active_fraction=0.250951 active_params=102372304/407938142 configured_ratio=0.250000 mask_strategy=percentile_per_layer scope=trainable_only
INFO:src.trainer:{'loss': 1.9557037353515625, 'learning_rate': 1e-06, 'global_step': 3120, 'zo_forward_step': 6242, 'max_steps': 50000, 'max_zo_forward_steps': 0, 'time': 742, 'eps': 1e-07, 'sparse_active_fraction': 0.2509505571067684}
INFO:src.trainer:[sparse-mezo] global_step=3130 active_fraction=0.250951 active_params=102372304/407938142 configured_ratio=0.250000 mask_strategy=percentile_per_layer scope=trainable_only
INFO:src.trainer:{'loss': 1.82427978515625, 'learning_rate': 1e-06, 'global_step': 3130, 'zo_forward_step': 6262, 'max_steps': 50000, 'max_zo_forward_steps': 0, 'time': 745, 'eps': 1e-07, 'sparse_active_fraction': 0.2509505571067684}
INFO:src.trainer:[sparse-mezo] global_step=3140 active_fraction=0.250951 active_params=102372304/407938142 configured_ratio=0.250000 mask_strategy=percentile_per_layer scope=trainable_only
INFO:src.trainer:{'loss': 1.9094085693359375, 'learning_rate': 1e-06, 'global_step': 3140, 'zo_forward_step': 6282, 'max_steps': 50000, 'max_zo_forward_steps': 0, 'time': 747, 'eps': 1e-07, 'sparse_active_fraction': 0.2509505571067684}
INFO:src.trainer:[sparse-mezo] global_step=3150 active_fraction=0.250951 active_params=102372304/407938142 configured_ratio=0.250000 mask_strategy=percentile_per_layer scope=trainable_only
INFO:src.trainer:{'loss': 2.0128936767578125, 'learning_rate': 1e-06, 'global_step': 3150, 'zo_forward_step': 6302, 'max_steps': 50000, 'max_zo_forward_steps': 0, 'time': 749, 'eps': 1e-07, 'sparse_active_fraction': 0.2509505571067684}
INFO:src.trainer:[sparse-mezo] global_step=3160 active_fraction=0.250951 active_params=102372304/407938142 configured_ratio=0.250000 mask_strategy=percentile_per_layer scope=trainable_only
INFO:src.trainer:{'loss': 1.432708740234375, 'learning_rate': 1e-06, 'global_step': 3160, 'zo_forward_step': 6322, 'max_steps': 50000, 'max_zo_forward_steps': 0, 'time': 751, 'eps': 1e-07, 'sparse_active_fraction': 0.2509505571067684}
INFO:src.trainer:[sparse-mezo] global_step=3170 active_fraction=0.250951 active_params=102372304/407938142 configured_ratio=0.250000 mask_strategy=percentile_per_layer scope=trainable_only
INFO:src.trainer:{'loss': 1.7345123291015625, 'learning_rate': 1e-06, 'global_step': 3170, 'zo_forward_step': 6342, 'max_steps': 50000, 'max_zo_forward_steps': 0, 'time': 753, 'eps': 1e-07, 'sparse_active_fraction': 0.2509505571067684}
INFO:src.trainer:[sparse-mezo] global_step=3180 active_fraction=0.250951 active_params=102372304/407938142 configured_ratio=0.250000 mask_strategy=percentile_per_layer scope=trainable_only
INFO:src.trainer:{'loss': 1.815399169921875, 'learning_rate': 1e-06, 'global_step': 3180, 'zo_forward_step': 6362, 'max_steps': 50000, 'max_zo_forward_steps': 0, 'time': 755, 'eps': 1e-07, 'sparse_active_fraction': 0.2509505571067684}
INFO:src.trainer:[sparse-mezo] global_step=3190 active_fraction=0.250951 active_params=102372304/407938142 configured_ratio=0.250000 mask_strategy=percentile_per_layer scope=trainable_only
INFO:src.trainer:{'loss': 1.81695556640625, 'learning_rate': 1e-06, 'global_step': 3190, 'zo_forward_step': 6382, 'max_steps': 50000, 'max_zo_forward_steps': 0, 'time': 757, 'eps': 1e-07, 'sparse_active_fraction': 0.2509505571067684}
INFO:src.trainer:[sparse-mezo] global_step=3200 active_fraction=0.250906 active_params=102354174/407938142 configured_ratio=0.250000 mask_strategy=percentile_per_layer scope=trainable_only
INFO:src.trainer:[zo_probe] step=3200 eps=1.000e-07 precision=fp16 n=16 mae=1.222522e+03 mse=1.986339e+06 rmse=1.409376e+03 sign_acc=0.3750 corr=-0.113442
INFO:src.trainer:{'loss': 2.037750244140625, 'learning_rate': 1e-06, 'global_step': 3200, 'zo_forward_step': 6402, 'max_steps': 50000, 'max_zo_forward_steps': 0, 'time': 764, 'eps': 1e-07, 'sparse_active_fraction': 0.25090611409413144}
INFO:src.trainer:[sparse-mezo] global_step=3210 active_fraction=0.250906 active_params=102354174/407938142 configured_ratio=0.250000 mask_strategy=percentile_per_layer scope=trainable_only
INFO:src.trainer:{'loss': 1.9730911254882812, 'learning_rate': 1e-06, 'global_step': 3210, 'zo_forward_step': 6422, 'max_steps': 50000, 'max_zo_forward_steps': 0, 'time': 766, 'eps': 1e-07, 'sparse_active_fraction': 0.25090611409413144}
INFO:src.trainer:[sparse-mezo] global_step=3220 active_fraction=0.250906 active_params=102354174/407938142 configured_ratio=0.250000 mask_strategy=percentile_per_layer scope=trainable_only
INFO:src.trainer:{'loss': 1.8667755126953125, 'learning_rate': 1e-06, 'global_step': 3220, 'zo_forward_step': 6442, 'max_steps': 50000, 'max_zo_forward_steps': 0, 'time': 768, 'eps': 1e-07, 'sparse_active_fraction': 0.25090611409413144}
INFO:src.trainer:[sparse-mezo] global_step=3230 active_fraction=0.250906 active_params=102354174/407938142 configured_ratio=0.250000 mask_strategy=percentile_per_layer scope=trainable_only
INFO:src.trainer:{'loss': 2.183685302734375, 'learning_rate': 1e-06, 'global_step': 3230, 'zo_forward_step': 6462, 'max_steps': 50000, 'max_zo_forward_steps': 0, 'time': 770, 'eps': 1e-07, 'sparse_active_fraction': 0.25090611409413144}
INFO:src.trainer:[sparse-mezo] global_step=3240 active_fraction=0.250906 active_params=102354174/407938142 configured_ratio=0.250000 mask_strategy=percentile_per_layer scope=trainable_only
INFO:src.trainer:{'loss': 1.7752532958984375, 'learning_rate': 1e-06, 'global_step': 3240, 'zo_forward_step': 6482, 'max_steps': 50000, 'max_zo_forward_steps': 0, 'time': 772, 'eps': 1e-07, 'sparse_active_fraction': 0.25090611409413144}
INFO:src.trainer:[sparse-mezo] global_step=3250 active_fraction=0.250906 active_params=102354174/407938142 configured_ratio=0.250000 mask_strategy=percentile_per_layer scope=trainable_only
INFO:src.trainer:{'loss': 1.9827423095703125, 'learning_rate': 1e-06, 'global_step': 3250, 'zo_forward_step': 6502, 'max_steps': 50000, 'max_zo_forward_steps': 0, 'time': 774, 'eps': 1e-07, 'sparse_active_fraction': 0.25090611409413144}
INFO:src.trainer:[sparse-mezo] global_step=3260 active_fraction=0.250906 active_params=102354174/407938142 configured_ratio=0.250000 mask_strategy=percentile_per_layer scope=trainable_only
INFO:src.trainer:{'loss': 1.8993988037109375, 'learning_rate': 1e-06, 'global_step': 3260, 'zo_forward_step': 6522, 'max_steps': 50000, 'max_zo_forward_steps': 0, 'time': 776, 'eps': 1e-07, 'sparse_active_fraction': 0.25090611409413144}
INFO:src.trainer:[sparse-mezo] global_step=3270 active_fraction=0.250906 active_params=102354174/407938142 configured_ratio=0.250000 mask_strategy=percentile_per_layer scope=trainable_only
INFO:src.trainer:{'loss': 1.6946258544921875, 'learning_rate': 1e-06, 'global_step': 3270, 'zo_forward_step': 6542, 'max_steps': 50000, 'max_zo_forward_steps': 0, 'time': 778, 'eps': 1e-07, 'sparse_active_fraction': 0.25090611409413144}
INFO:src.trainer:[sparse-mezo] global_step=3280 active_fraction=0.250906 active_params=102354174/407938142 configured_ratio=0.250000 mask_strategy=percentile_per_layer scope=trainable_only
INFO:src.trainer:{'loss': 2.0718841552734375, 'learning_rate': 1e-06, 'global_step': 3280, 'zo_forward_step': 6562, 'max_steps': 50000, 'max_zo_forward_steps': 0, 'time': 781, 'eps': 1e-07, 'sparse_active_fraction': 0.25090611409413144}
INFO:src.trainer:[sparse-mezo] global_step=3290 active_fraction=0.250906 active_params=102354174/407938142 configured_ratio=0.250000 mask_strategy=percentile_per_layer scope=trainable_only
INFO:src.trainer:{'loss': 1.8996734619140625, 'learning_rate': 1e-06, 'global_step': 3290, 'zo_forward_step': 6582, 'max_steps': 50000, 'max_zo_forward_steps': 0, 'time': 783, 'eps': 1e-07, 'sparse_active_fraction': 0.25090611409413144}
INFO:src.trainer:[sparse-mezo] global_step=3300 active_fraction=0.251017 active_params=102399428/407938142 configured_ratio=0.250000 mask_strategy=percentile_per_layer scope=trainable_only
INFO:src.trainer:{'loss': 2.0702133178710938, 'learning_rate': 1e-06, 'global_step': 3300, 'zo_forward_step': 6602, 'max_steps': 50000, 'max_zo_forward_steps': 0, 'time': 786, 'eps': 1e-07, 'sparse_active_fraction': 0.2510170475797284}
INFO:src.trainer:[sparse-mezo] global_step=3310 active_fraction=0.251017 active_params=102399428/407938142 configured_ratio=0.250000 mask_strategy=percentile_per_layer scope=trainable_only
INFO:src.trainer:{'loss': 1.69036865234375, 'learning_rate': 1e-06, 'global_step': 3310, 'zo_forward_step': 6622, 'max_steps': 50000, 'max_zo_forward_steps': 0, 'time': 788, 'eps': 1e-07, 'sparse_active_fraction': 0.2510170475797284}
INFO:src.trainer:[sparse-mezo] global_step=3320 active_fraction=0.251017 active_params=102399428/407938142 configured_ratio=0.250000 mask_strategy=percentile_per_layer scope=trainable_only
INFO:src.trainer:{'loss': 1.9262466430664062, 'learning_rate': 1e-06, 'global_step': 3320, 'zo_forward_step': 6642, 'max_steps': 50000, 'max_zo_forward_steps': 0, 'time': 790, 'eps': 1e-07, 'sparse_active_fraction': 0.2510170475797284}
INFO:src.trainer:[sparse-mezo] global_step=3330 active_fraction=0.251017 active_params=102399428/407938142 configured_ratio=0.250000 mask_strategy=percentile_per_layer scope=trainable_only
INFO:src.trainer:{'loss': 2.0365676879882812, 'learning_rate': 1e-06, 'global_step': 3330, 'zo_forward_step': 6662, 'max_steps': 50000, 'max_zo_forward_steps': 0, 'time': 792, 'eps': 1e-07, 'sparse_active_fraction': 0.2510170475797284}
INFO:src.trainer:[sparse-mezo] global_step=3340 active_fraction=0.251017 active_params=102399428/407938142 configured_ratio=0.250000 mask_strategy=percentile_per_layer scope=trainable_only
INFO:src.trainer:{'loss': 2.29156494140625, 'learning_rate': 1e-06, 'global_step': 3340, 'zo_forward_step': 6682, 'max_steps': 50000, 'max_zo_forward_steps': 0, 'time': 794, 'eps': 1e-07, 'sparse_active_fraction': 0.2510170475797284}
INFO:src.trainer:[sparse-mezo] global_step=3350 active_fraction=0.251017 active_params=102399428/407938142 configured_ratio=0.250000 mask_strategy=percentile_per_layer scope=trainable_only
INFO:src.trainer:{'loss': 1.655853271484375, 'learning_rate': 1e-06, 'global_step': 3350, 'zo_forward_step': 6702, 'max_steps': 50000, 'max_zo_forward_steps': 0, 'time': 796, 'eps': 1e-07, 'sparse_active_fraction': 0.2510170475797284}
INFO:src.trainer:[sparse-mezo] global_step=3360 active_fraction=0.251017 active_params=102399428/407938142 configured_ratio=0.250000 mask_strategy=percentile_per_layer scope=trainable_only
INFO:src.trainer:{'loss': 2.5257644653320312, 'learning_rate': 1e-06, 'global_step': 3360, 'zo_forward_step': 6722, 'max_steps': 50000, 'max_zo_forward_steps': 0, 'time': 798, 'eps': 1e-07, 'sparse_active_fraction': 0.2510170475797284}
INFO:src.trainer:[sparse-mezo] global_step=3370 active_fraction=0.251017 active_params=102399428/407938142 configured_ratio=0.250000 mask_strategy=percentile_per_layer scope=trainable_only
INFO:src.trainer:{'loss': 2.4036026000976562, 'learning_rate': 1e-06, 'global_step': 3370, 'zo_forward_step': 6742, 'max_steps': 50000, 'max_zo_forward_steps': 0, 'time': 801, 'eps': 1e-07, 'sparse_active_fraction': 0.2510170475797284}
INFO:src.trainer:[sparse-mezo] global_step=3380 active_fraction=0.251017 active_params=102399428/407938142 configured_ratio=0.250000 mask_strategy=percentile_per_layer scope=trainable_only
INFO:src.trainer:{'loss': 2.2179718017578125, 'learning_rate': 1e-06, 'global_step': 3380, 'zo_forward_step': 6762, 'max_steps': 50000, 'max_zo_forward_steps': 0, 'time': 803, 'eps': 1e-07, 'sparse_active_fraction': 0.2510170475797284}
INFO:src.trainer:[sparse-mezo] global_step=3390 active_fraction=0.251017 active_params=102399428/407938142 configured_ratio=0.250000 mask_strategy=percentile_per_layer scope=trainable_only
INFO:src.trainer:{'loss': 2.4567413330078125, 'learning_rate': 1e-06, 'global_step': 3390, 'zo_forward_step': 6782, 'max_steps': 50000, 'max_zo_forward_steps': 0, 'time': 805, 'eps': 1e-07, 'sparse_active_fraction': 0.2510170475797284}
INFO:src.trainer:[sparse-mezo] global_step=3400 active_fraction=0.250954 active_params=102373702/407938142 configured_ratio=0.250000 mask_strategy=percentile_per_layer scope=trainable_only
INFO:src.trainer:[zo_probe] step=3400 eps=1.000e-07 precision=fp16 n=16 mae=1.025194e+03 mse=1.558026e+06 rmse=1.248209e+03 sign_acc=0.5625 corr=0.023342
INFO:src.trainer:{'loss': 2.6462135314941406, 'learning_rate': 1e-06, 'global_step': 3400, 'zo_forward_step': 6802, 'max_steps': 50000, 'max_zo_forward_steps': 0, 'time': 811, 'eps': 1e-07, 'sparse_active_fraction': 0.25095398409693204}
INFO:src.trainer:[sparse-mezo] global_step=3410 active_fraction=0.250954 active_params=102373702/407938142 configured_ratio=0.250000 mask_strategy=percentile_per_layer scope=trainable_only
INFO:src.trainer:{'loss': 2.2840805053710938, 'learning_rate': 1e-06, 'global_step': 3410, 'zo_forward_step': 6822, 'max_steps': 50000, 'max_zo_forward_steps': 0, 'time': 813, 'eps': 1e-07, 'sparse_active_fraction': 0.25095398409693204}
INFO:src.trainer:[sparse-mezo] global_step=3420 active_fraction=0.250954 active_params=102373702/407938142 configured_ratio=0.250000 mask_strategy=percentile_per_layer scope=trainable_only
INFO:src.trainer:{'loss': 2.215362548828125, 'learning_rate': 1e-06, 'global_step': 3420, 'zo_forward_step': 6842, 'max_steps': 50000, 'max_zo_forward_steps': 0, 'time': 816, 'eps': 1e-07, 'sparse_active_fraction': 0.25095398409693204}
INFO:src.trainer:[sparse-mezo] global_step=3430 active_fraction=0.250954 active_params=102373702/407938142 configured_ratio=0.250000 mask_strategy=percentile_per_layer scope=trainable_only
INFO:src.trainer:{'loss': 1.9774093627929688, 'learning_rate': 1e-06, 'global_step': 3430, 'zo_forward_step': 6862, 'max_steps': 50000, 'max_zo_forward_steps': 0, 'time': 818, 'eps': 1e-07, 'sparse_active_fraction': 0.25095398409693204}
INFO:src.trainer:[sparse-mezo] global_step=3440 active_fraction=0.250954 active_params=102373702/407938142 configured_ratio=0.250000 mask_strategy=percentile_per_layer scope=trainable_only
INFO:src.trainer:{'loss': 1.6008148193359375, 'learning_rate': 1e-06, 'global_step': 3440, 'zo_forward_step': 6882, 'max_steps': 50000, 'max_zo_forward_steps': 0, 'time': 820, 'eps': 1e-07, 'sparse_active_fraction': 0.25095398409693204}
INFO:src.trainer:[sparse-mezo] global_step=3450 active_fraction=0.250954 active_params=102373702/407938142 configured_ratio=0.250000 mask_strategy=percentile_per_layer scope=trainable_only
INFO:src.trainer:{'loss': 2.0642776489257812, 'learning_rate': 1e-06, 'global_step': 3450, 'zo_forward_step': 6902, 'max_steps': 50000, 'max_zo_forward_steps': 0, 'time': 822, 'eps': 1e-07, 'sparse_active_fraction': 0.25095398409693204}
INFO:src.trainer:[sparse-mezo] global_step=3460 active_fraction=0.250954 active_params=102373702/407938142 configured_ratio=0.250000 mask_strategy=percentile_per_layer scope=trainable_only
INFO:src.trainer:{'loss': 1.9802703857421875, 'learning_rate': 1e-06, 'global_step': 3460, 'zo_forward_step': 6922, 'max_steps': 50000, 'max_zo_forward_steps': 0, 'time': 824, 'eps': 1e-07, 'sparse_active_fraction': 0.25095398409693204}
INFO:src.trainer:[sparse-mezo] global_step=3470 active_fraction=0.250954 active_params=102373702/407938142 configured_ratio=0.250000 mask_strategy=percentile_per_layer scope=trainable_only
INFO:src.trainer:{'loss': 1.9769744873046875, 'learning_rate': 1e-06, 'global_step': 3470, 'zo_forward_step': 6942, 'max_steps': 50000, 'max_zo_forward_steps': 0, 'time': 826, 'eps': 1e-07, 'sparse_active_fraction': 0.25095398409693204}
INFO:src.trainer:[sparse-mezo] global_step=3480 active_fraction=0.250954 active_params=102373702/407938142 configured_ratio=0.250000 mask_strategy=percentile_per_layer scope=trainable_only
INFO:src.trainer:{'loss': 1.994354248046875, 'learning_rate': 1e-06, 'global_step': 3480, 'zo_forward_step': 6962, 'max_steps': 50000, 'max_zo_forward_steps': 0, 'time': 828, 'eps': 1e-07, 'sparse_active_fraction': 0.25095398409693204}
INFO:src.trainer:[sparse-mezo] global_step=3490 active_fraction=0.250954 active_params=102373702/407938142 configured_ratio=0.250000 mask_strategy=percentile_per_layer scope=trainable_only
INFO:src.trainer:{'loss': 1.9469146728515625, 'learning_rate': 1e-06, 'global_step': 3490, 'zo_forward_step': 6982, 'max_steps': 50000, 'max_zo_forward_steps': 0, 'time': 830, 'eps': 1e-07, 'sparse_active_fraction': 0.25095398409693204}
INFO:src.trainer:[sparse-mezo] global_step=3500 active_fraction=0.250774 active_params=102300226/407938142 configured_ratio=0.250000 mask_strategy=percentile_per_layer scope=trainable_only
INFO:src.trainer:{'loss': 2.555328369140625, 'learning_rate': 1e-06, 'global_step': 3500, 'zo_forward_step': 7002, 'max_steps': 50000, 'max_zo_forward_steps': 0, 'time': 833, 'eps': 1e-07, 'sparse_active_fraction': 0.250773868553826}
INFO:src.trainer:[sparse-mezo] global_step=3510 active_fraction=0.250774 active_params=102300226/407938142 configured_ratio=0.250000 mask_strategy=percentile_per_layer scope=trainable_only
INFO:src.trainer:{'loss': 2.8820724487304688, 'learning_rate': 1e-06, 'global_step': 3510, 'zo_forward_step': 7022, 'max_steps': 50000, 'max_zo_forward_steps': 0, 'time': 836, 'eps': 1e-07, 'sparse_active_fraction': 0.250773868553826}
INFO:src.trainer:[sparse-mezo] global_step=3520 active_fraction=0.250774 active_params=102300226/407938142 configured_ratio=0.250000 mask_strategy=percentile_per_layer scope=trainable_only
INFO:src.trainer:{'loss': 3.4046707153320312, 'learning_rate': 1e-06, 'global_step': 3520, 'zo_forward_step': 7042, 'max_steps': 50000, 'max_zo_forward_steps': 0, 'time': 838, 'eps': 1e-07, 'sparse_active_fraction': 0.250773868553826}
INFO:src.trainer:[sparse-mezo] global_step=3530 active_fraction=0.250774 active_params=102300226/407938142 configured_ratio=0.250000 mask_strategy=percentile_per_layer scope=trainable_only
INFO:src.trainer:{'loss': 2.1140594482421875, 'learning_rate': 1e-06, 'global_step': 3530, 'zo_forward_step': 7062, 'max_steps': 50000, 'max_zo_forward_steps': 0, 'time': 840, 'eps': 1e-07, 'sparse_active_fraction': 0.250773868553826}
INFO:src.trainer:[sparse-mezo] global_step=3540 active_fraction=0.250774 active_params=102300226/407938142 configured_ratio=0.250000 mask_strategy=percentile_per_layer scope=trainable_only
INFO:src.trainer:{'loss': 2.522552490234375, 'learning_rate': 1e-06, 'global_step': 3540, 'zo_forward_step': 7082, 'max_steps': 50000, 'max_zo_forward_steps': 0, 'time': 842, 'eps': 1e-07, 'sparse_active_fraction': 0.250773868553826}
INFO:src.trainer:[sparse-mezo] global_step=3550 active_fraction=0.250774 active_params=102300226/407938142 configured_ratio=0.250000 mask_strategy=percentile_per_layer scope=trainable_only
INFO:src.trainer:{'loss': 2.093547821044922, 'learning_rate': 1e-06, 'global_step': 3550, 'zo_forward_step': 7102, 'max_steps': 50000, 'max_zo_forward_steps': 0, 'time': 844, 'eps': 1e-07, 'sparse_active_fraction': 0.250773868553826}
INFO:src.trainer:[sparse-mezo] global_step=3560 active_fraction=0.250774 active_params=102300226/407938142 configured_ratio=0.250000 mask_strategy=percentile_per_layer scope=trainable_only
INFO:src.trainer:{'loss': 2.338611602783203, 'learning_rate': 1e-06, 'global_step': 3560, 'zo_forward_step': 7122, 'max_steps': 50000, 'max_zo_forward_steps': 0, 'time': 846, 'eps': 1e-07, 'sparse_active_fraction': 0.250773868553826}
INFO:src.trainer:[sparse-mezo] global_step=3570 active_fraction=0.250774 active_params=102300226/407938142 configured_ratio=0.250000 mask_strategy=percentile_per_layer scope=trainable_only
INFO:src.trainer:{'loss': 2.2213897705078125, 'learning_rate': 1e-06, 'global_step': 3570, 'zo_forward_step': 7142, 'max_steps': 50000, 'max_zo_forward_steps': 0, 'time': 848, 'eps': 1e-07, 'sparse_active_fraction': 0.250773868553826}
INFO:src.trainer:[sparse-mezo] global_step=3580 active_fraction=0.250774 active_params=102300226/407938142 configured_ratio=0.250000 mask_strategy=percentile_per_layer scope=trainable_only
INFO:src.trainer:{'loss': 2.0686264038085938, 'learning_rate': 1e-06, 'global_step': 3580, 'zo_forward_step': 7162, 'max_steps': 50000, 'max_zo_forward_steps': 0, 'time': 850, 'eps': 1e-07, 'sparse_active_fraction': 0.250773868553826}
INFO:src.trainer:[sparse-mezo] global_step=3590 active_fraction=0.250774 active_params=102300226/407938142 configured_ratio=0.250000 mask_strategy=percentile_per_layer scope=trainable_only
INFO:src.trainer:{'loss': 1.9373092651367188, 'learning_rate': 1e-06, 'global_step': 3590, 'zo_forward_step': 7182, 'max_steps': 50000, 'max_zo_forward_steps': 0, 'time': 852, 'eps': 1e-07, 'sparse_active_fraction': 0.250773868553826}
INFO:src.trainer:[sparse-mezo] global_step=3600 active_fraction=0.250879 active_params=102343186/407938142 configured_ratio=0.250000 mask_strategy=percentile_per_layer scope=trainable_only
INFO:src.trainer:[zo_probe] step=3600 eps=1.000e-07 precision=fp16 n=16 mae=1.122873e+03 mse=1.718545e+06 rmse=1.310933e+03 sign_acc=0.5000 corr=0.178929
INFO:src.trainer:{'loss': 2.0357513427734375, 'learning_rate': 1e-06, 'global_step': 3600, 'zo_forward_step': 7202, 'max_steps': 50000, 'max_zo_forward_steps': 0, 'time': 859, 'eps': 1e-07, 'sparse_active_fraction': 0.25087917863782394}
INFO:src.trainer:[sparse-mezo] global_step=3610 active_fraction=0.250879 active_params=102343186/407938142 configured_ratio=0.250000 mask_strategy=percentile_per_layer scope=trainable_only
INFO:src.trainer:{'loss': 2.3739013671875, 'learning_rate': 1e-06, 'global_step': 3610, 'zo_forward_step': 7222, 'max_steps': 50000, 'max_zo_forward_steps': 0, 'time': 861, 'eps': 1e-07, 'sparse_active_fraction': 0.25087917863782394}
INFO:src.trainer:[sparse-mezo] global_step=3620 active_fraction=0.250879 active_params=102343186/407938142 configured_ratio=0.250000 mask_strategy=percentile_per_layer scope=trainable_only
INFO:src.trainer:{'loss': 2.103912353515625, 'learning_rate': 1e-06, 'global_step': 3620, 'zo_forward_step': 7242, 'max_steps': 50000, 'max_zo_forward_steps': 0, 'time': 863, 'eps': 1e-07, 'sparse_active_fraction': 0.25087917863782394}
INFO:src.trainer:[sparse-mezo] global_step=3630 active_fraction=0.250879 active_params=102343186/407938142 configured_ratio=0.250000 mask_strategy=percentile_per_layer scope=trainable_only
INFO:src.trainer:{'loss': 2.60150146484375, 'learning_rate': 1e-06, 'global_step': 3630, 'zo_forward_step': 7262, 'max_steps': 50000, 'max_zo_forward_steps': 0, 'time': 865, 'eps': 1e-07, 'sparse_active_fraction': 0.25087917863782394}
INFO:src.trainer:[sparse-mezo] global_step=3640 active_fraction=0.250879 active_params=102343186/407938142 configured_ratio=0.250000 mask_strategy=percentile_per_layer scope=trainable_only
INFO:src.trainer:{'loss': 2.2959136962890625, 'learning_rate': 1e-06, 'global_step': 3640, 'zo_forward_step': 7282, 'max_steps': 50000, 'max_zo_forward_steps': 0, 'time': 867, 'eps': 1e-07, 'sparse_active_fraction': 0.25087917863782394}
INFO:src.trainer:[sparse-mezo] global_step=3650 active_fraction=0.250879 active_params=102343186/407938142 configured_ratio=0.250000 mask_strategy=percentile_per_layer scope=trainable_only
INFO:src.trainer:{'loss': 2.4277801513671875, 'learning_rate': 1e-06, 'global_step': 3650, 'zo_forward_step': 7302, 'max_steps': 50000, 'max_zo_forward_steps': 0, 'time': 869, 'eps': 1e-07, 'sparse_active_fraction': 0.25087917863782394}
INFO:src.trainer:[sparse-mezo] global_step=3660 active_fraction=0.250879 active_params=102343186/407938142 configured_ratio=0.250000 mask_strategy=percentile_per_layer scope=trainable_only
INFO:src.trainer:{'loss': 2.1849517822265625, 'learning_rate': 1e-06, 'global_step': 3660, 'zo_forward_step': 7322, 'max_steps': 50000, 'max_zo_forward_steps': 0, 'time': 872, 'eps': 1e-07, 'sparse_active_fraction': 0.25087917863782394}
INFO:src.trainer:[sparse-mezo] global_step=3670 active_fraction=0.250879 active_params=102343186/407938142 configured_ratio=0.250000 mask_strategy=percentile_per_layer scope=trainable_only
INFO:src.trainer:{'loss': 2.4394378662109375, 'learning_rate': 1e-06, 'global_step': 3670, 'zo_forward_step': 7342, 'max_steps': 50000, 'max_zo_forward_steps': 0, 'time': 874, 'eps': 1e-07, 'sparse_active_fraction': 0.25087917863782394}
INFO:src.trainer:[sparse-mezo] global_step=3680 active_fraction=0.250879 active_params=102343186/407938142 configured_ratio=0.250000 mask_strategy=percentile_per_layer scope=trainable_only
INFO:src.trainer:{'loss': 2.98626708984375, 'learning_rate': 1e-06, 'global_step': 3680, 'zo_forward_step': 7362, 'max_steps': 50000, 'max_zo_forward_steps': 0, 'time': 876, 'eps': 1e-07, 'sparse_active_fraction': 0.25087917863782394}
INFO:src.trainer:[sparse-mezo] global_step=3690 active_fraction=0.250879 active_params=102343186/407938142 configured_ratio=0.250000 mask_strategy=percentile_per_layer scope=trainable_only
INFO:src.trainer:{'loss': 1.74664306640625, 'learning_rate': 1e-06, 'global_step': 3690, 'zo_forward_step': 7382, 'max_steps': 50000, 'max_zo_forward_steps': 0, 'time': 878, 'eps': 1e-07, 'sparse_active_fraction': 0.25087917863782394}
INFO:src.trainer:[sparse-mezo] global_step=3700 active_fraction=0.251045 active_params=102410714/407938142 configured_ratio=0.250000 mask_strategy=percentile_per_layer scope=trainable_only
INFO:src.trainer:{'loss': 2.0591278076171875, 'learning_rate': 1e-06, 'global_step': 3700, 'zo_forward_step': 7402, 'max_steps': 50000, 'max_zo_forward_steps': 0, 'time': 881, 'eps': 1e-07, 'sparse_active_fraction': 0.2510447135389463}
INFO:src.trainer:[sparse-mezo] global_step=3710 active_fraction=0.251045 active_params=102410714/407938142 configured_ratio=0.250000 mask_strategy=percentile_per_layer scope=trainable_only
INFO:src.trainer:{'loss': 1.9173583984375, 'learning_rate': 1e-06, 'global_step': 3710, 'zo_forward_step': 7422, 'max_steps': 50000, 'max_zo_forward_steps': 0, 'time': 883, 'eps': 1e-07, 'sparse_active_fraction': 0.2510447135389463}
INFO:src.trainer:[sparse-mezo] global_step=3720 active_fraction=0.251045 active_params=102410714/407938142 configured_ratio=0.250000 mask_strategy=percentile_per_layer scope=trainable_only
INFO:src.trainer:{'loss': 1.8775482177734375, 'learning_rate': 1e-06, 'global_step': 3720, 'zo_forward_step': 7442, 'max_steps': 50000, 'max_zo_forward_steps': 0, 'time': 885, 'eps': 1e-07, 'sparse_active_fraction': 0.2510447135389463}
INFO:src.trainer:[sparse-mezo] global_step=3730 active_fraction=0.251045 active_params=102410714/407938142 configured_ratio=0.250000 mask_strategy=percentile_per_layer scope=trainable_only
INFO:src.trainer:{'loss': 2.5324249267578125, 'learning_rate': 1e-06, 'global_step': 3730, 'zo_forward_step': 7462, 'max_steps': 50000, 'max_zo_forward_steps': 0, 'time': 887, 'eps': 1e-07, 'sparse_active_fraction': 0.2510447135389463}
INFO:src.trainer:[sparse-mezo] global_step=3740 active_fraction=0.251045 active_params=102410714/407938142 configured_ratio=0.250000 mask_strategy=percentile_per_layer scope=trainable_only
INFO:src.trainer:{'loss': 2.4863739013671875, 'learning_rate': 1e-06, 'global_step': 3740, 'zo_forward_step': 7482, 'max_steps': 50000, 'max_zo_forward_steps': 0, 'time': 889, 'eps': 1e-07, 'sparse_active_fraction': 0.2510447135389463}
INFO:src.trainer:[sparse-mezo] global_step=3750 active_fraction=0.251045 active_params=102410714/407938142 configured_ratio=0.250000 mask_strategy=percentile_per_layer scope=trainable_only
INFO:src.trainer:{'loss': 2.371337890625, 'learning_rate': 1e-06, 'global_step': 3750, 'zo_forward_step': 7502, 'max_steps': 50000, 'max_zo_forward_steps': 0, 'time': 892, 'eps': 1e-07, 'sparse_active_fraction': 0.2510447135389463}
INFO:src.trainer:[sparse-mezo] global_step=3760 active_fraction=0.251045 active_params=102410714/407938142 configured_ratio=0.250000 mask_strategy=percentile_per_layer scope=trainable_only
INFO:src.trainer:{'loss': 2.1228561401367188, 'learning_rate': 1e-06, 'global_step': 3760, 'zo_forward_step': 7522, 'max_steps': 50000, 'max_zo_forward_steps': 0, 'time': 894, 'eps': 1e-07, 'sparse_active_fraction': 0.2510447135389463}
INFO:src.trainer:[sparse-mezo] global_step=3770 active_fraction=0.251045 active_params=102410714/407938142 configured_ratio=0.250000 mask_strategy=percentile_per_layer scope=trainable_only
INFO:src.trainer:{'loss': 2.897125244140625, 'learning_rate': 1e-06, 'global_step': 3770, 'zo_forward_step': 7542, 'max_steps': 50000, 'max_zo_forward_steps': 0, 'time': 896, 'eps': 1e-07, 'sparse_active_fraction': 0.2510447135389463}
INFO:src.trainer:[sparse-mezo] global_step=3780 active_fraction=0.251045 active_params=102410714/407938142 configured_ratio=0.250000 mask_strategy=percentile_per_layer scope=trainable_only
INFO:src.trainer:{'loss': 2.8104629516601562, 'learning_rate': 1e-06, 'global_step': 3780, 'zo_forward_step': 7562, 'max_steps': 50000, 'max_zo_forward_steps': 0, 'time': 898, 'eps': 1e-07, 'sparse_active_fraction': 0.2510447135389463}
INFO:src.trainer:[sparse-mezo] global_step=3790 active_fraction=0.251045 active_params=102410714/407938142 configured_ratio=0.250000 mask_strategy=percentile_per_layer scope=trainable_only
INFO:src.trainer:{'loss': 2.912494659423828, 'learning_rate': 1e-06, 'global_step': 3790, 'zo_forward_step': 7582, 'max_steps': 50000, 'max_zo_forward_steps': 0, 'time': 900, 'eps': 1e-07, 'sparse_active_fraction': 0.2510447135389463}
INFO:src.trainer:[sparse-mezo] global_step=3800 active_fraction=0.250746 active_params=102289051/407938142 configured_ratio=0.250000 mask_strategy=percentile_per_layer scope=trainable_only
INFO:src.trainer:[zo_probe] step=3800 eps=1.000e-07 precision=fp16 n=16 mae=2.270374e+03 mse=7.430021e+06 rmse=2.725807e+03 sign_acc=0.3125 corr=-0.422821
INFO:src.trainer:{'loss': 2.835887908935547, 'learning_rate': 1e-06, 'global_step': 3800, 'zo_forward_step': 7602, 'max_steps': 50000, 'max_zo_forward_steps': 0, 'time': 907, 'eps': 1e-07, 'sparse_active_fraction': 0.2507464746946855}
INFO:src.trainer:[sparse-mezo] global_step=3810 active_fraction=0.250746 active_params=102289051/407938142 configured_ratio=0.250000 mask_strategy=percentile_per_layer scope=trainable_only
INFO:src.trainer:{'loss': 2.695556640625, 'learning_rate': 1e-06, 'global_step': 3810, 'zo_forward_step': 7622, 'max_steps': 50000, 'max_zo_forward_steps': 0, 'time': 909, 'eps': 1e-07, 'sparse_active_fraction': 0.2507464746946855}
INFO:src.trainer:[sparse-mezo] global_step=3820 active_fraction=0.250746 active_params=102289051/407938142 configured_ratio=0.250000 mask_strategy=percentile_per_layer scope=trainable_only
INFO:src.trainer:{'loss': 2.9597206115722656, 'learning_rate': 1e-06, 'global_step': 3820, 'zo_forward_step': 7642, 'max_steps': 50000, 'max_zo_forward_steps': 0, 'time': 911, 'eps': 1e-07, 'sparse_active_fraction': 0.2507464746946855}
INFO:src.trainer:[sparse-mezo] global_step=3830 active_fraction=0.250746 active_params=102289051/407938142 configured_ratio=0.250000 mask_strategy=percentile_per_layer scope=trainable_only
INFO:src.trainer:{'loss': 2.6235733032226562, 'learning_rate': 1e-06, 'global_step': 3830, 'zo_forward_step': 7662, 'max_steps': 50000, 'max_zo_forward_steps': 0, 'time': 913, 'eps': 1e-07, 'sparse_active_fraction': 0.2507464746946855}
INFO:src.trainer:[sparse-mezo] global_step=3840 active_fraction=0.250746 active_params=102289051/407938142 configured_ratio=0.250000 mask_strategy=percentile_per_layer scope=trainable_only
INFO:src.trainer:{'loss': 2.0614166259765625, 'learning_rate': 1e-06, 'global_step': 3840, 'zo_forward_step': 7682, 'max_steps': 50000, 'max_zo_forward_steps': 0, 'time': 915, 'eps': 1e-07, 'sparse_active_fraction': 0.2507464746946855}
INFO:src.trainer:[sparse-mezo] global_step=3850 active_fraction=0.250746 active_params=102289051/407938142 configured_ratio=0.250000 mask_strategy=percentile_per_layer scope=trainable_only
INFO:src.trainer:{'loss': 2.1194839477539062, 'learning_rate': 1e-06, 'global_step': 3850, 'zo_forward_step': 7702, 'max_steps': 50000, 'max_zo_forward_steps': 0, 'time': 917, 'eps': 1e-07, 'sparse_active_fraction': 0.2507464746946855}
INFO:src.trainer:[sparse-mezo] global_step=3860 active_fraction=0.250746 active_params=102289051/407938142 configured_ratio=0.250000 mask_strategy=percentile_per_layer scope=trainable_only
INFO:src.trainer:{'loss': 2.2415313720703125, 'learning_rate': 1e-06, 'global_step': 3860, 'zo_forward_step': 7722, 'max_steps': 50000, 'max_zo_forward_steps': 0, 'time': 919, 'eps': 1e-07, 'sparse_active_fraction': 0.2507464746946855}
INFO:src.trainer:[sparse-mezo] global_step=3870 active_fraction=0.250746 active_params=102289051/407938142 configured_ratio=0.250000 mask_strategy=percentile_per_layer scope=trainable_only
INFO:src.trainer:{'loss': 1.7359771728515625, 'learning_rate': 1e-06, 'global_step': 3870, 'zo_forward_step': 7742, 'max_steps': 50000, 'max_zo_forward_steps': 0, 'time': 921, 'eps': 1e-07, 'sparse_active_fraction': 0.2507464746946855}
INFO:src.trainer:[sparse-mezo] global_step=3880 active_fraction=0.250746 active_params=102289051/407938142 configured_ratio=0.250000 mask_strategy=percentile_per_layer scope=trainable_only
INFO:src.trainer:{'loss': 2.867645263671875, 'learning_rate': 1e-06, 'global_step': 3880, 'zo_forward_step': 7762, 'max_steps': 50000, 'max_zo_forward_steps': 0, 'time': 923, 'eps': 1e-07, 'sparse_active_fraction': 0.2507464746946855}
INFO:src.trainer:[sparse-mezo] global_step=3890 active_fraction=0.250746 active_params=102289051/407938142 configured_ratio=0.250000 mask_strategy=percentile_per_layer scope=trainable_only
INFO:src.trainer:{'loss': 1.919158935546875, 'learning_rate': 1e-06, 'global_step': 3890, 'zo_forward_step': 7782, 'max_steps': 50000, 'max_zo_forward_steps': 0, 'time': 925, 'eps': 1e-07, 'sparse_active_fraction': 0.2507464746946855}
INFO:src.trainer:[sparse-mezo] global_step=3900 active_fraction=0.250882 active_params=102344137/407938142 configured_ratio=0.250000 mask_strategy=percentile_per_layer scope=trainable_only
INFO:src.trainer:{'loss': 2.0541534423828125, 'learning_rate': 1e-06, 'global_step': 3900, 'zo_forward_step': 7802, 'max_steps': 50000, 'max_zo_forward_steps': 0, 'time': 929, 'eps': 1e-07, 'sparse_active_fraction': 0.25088150987362196}
INFO:src.trainer:[sparse-mezo] global_step=3910 active_fraction=0.250882 active_params=102344137/407938142 configured_ratio=0.250000 mask_strategy=percentile_per_layer scope=trainable_only
INFO:src.trainer:{'loss': 2.0166168212890625, 'learning_rate': 1e-06, 'global_step': 3910, 'zo_forward_step': 7822, 'max_steps': 50000, 'max_zo_forward_steps': 0, 'time': 931, 'eps': 1e-07, 'sparse_active_fraction': 0.25088150987362196}
INFO:src.trainer:[sparse-mezo] global_step=3920 active_fraction=0.250882 active_params=102344137/407938142 configured_ratio=0.250000 mask_strategy=percentile_per_layer scope=trainable_only
INFO:src.trainer:{'loss': 2.1807098388671875, 'learning_rate': 1e-06, 'global_step': 3920, 'zo_forward_step': 7842, 'max_steps': 50000, 'max_zo_forward_steps': 0, 'time': 933, 'eps': 1e-07, 'sparse_active_fraction': 0.25088150987362196}
INFO:src.trainer:[sparse-mezo] global_step=3930 active_fraction=0.250882 active_params=102344137/407938142 configured_ratio=0.250000 mask_strategy=percentile_per_layer scope=trainable_only
INFO:src.trainer:{'loss': 2.4093856811523438, 'learning_rate': 1e-06, 'global_step': 3930, 'zo_forward_step': 7862, 'max_steps': 50000, 'max_zo_forward_steps': 0, 'time': 935, 'eps': 1e-07, 'sparse_active_fraction': 0.25088150987362196}
INFO:src.trainer:[sparse-mezo] global_step=3940 active_fraction=0.250882 active_params=102344137/407938142 configured_ratio=0.250000 mask_strategy=percentile_per_layer scope=trainable_only
INFO:src.trainer:{'loss': 2.7172012329101562, 'learning_rate': 1e-06, 'global_step': 3940, 'zo_forward_step': 7882, 'max_steps': 50000, 'max_zo_forward_steps': 0, 'time': 937, 'eps': 1e-07, 'sparse_active_fraction': 0.25088150987362196}
INFO:src.trainer:[sparse-mezo] global_step=3950 active_fraction=0.250882 active_params=102344137/407938142 configured_ratio=0.250000 mask_strategy=percentile_per_layer scope=trainable_only
INFO:src.trainer:{'loss': 2.8020553588867188, 'learning_rate': 1e-06, 'global_step': 3950, 'zo_forward_step': 7902, 'max_steps': 50000, 'max_zo_forward_steps': 0, 'time': 939, 'eps': 1e-07, 'sparse_active_fraction': 0.25088150987362196}
INFO:src.trainer:[sparse-mezo] global_step=3960 active_fraction=0.250882 active_params=102344137/407938142 configured_ratio=0.250000 mask_strategy=percentile_per_layer scope=trainable_only
INFO:src.trainer:{'loss': 2.482440948486328, 'learning_rate': 1e-06, 'global_step': 3960, 'zo_forward_step': 7922, 'max_steps': 50000, 'max_zo_forward_steps': 0, 'time': 941, 'eps': 1e-07, 'sparse_active_fraction': 0.25088150987362196}
INFO:src.trainer:[sparse-mezo] global_step=3970 active_fraction=0.250882 active_params=102344137/407938142 configured_ratio=0.250000 mask_strategy=percentile_per_layer scope=trainable_only
INFO:src.trainer:{'loss': 2.576732635498047, 'learning_rate': 1e-06, 'global_step': 3970, 'zo_forward_step': 7942, 'max_steps': 50000, 'max_zo_forward_steps': 0, 'time': 943, 'eps': 1e-07, 'sparse_active_fraction': 0.25088150987362196}
INFO:src.trainer:[sparse-mezo] global_step=3980 active_fraction=0.250882 active_params=102344137/407938142 configured_ratio=0.250000 mask_strategy=percentile_per_layer scope=trainable_only
INFO:src.trainer:{'loss': 1.937744140625, 'learning_rate': 1e-06, 'global_step': 3980, 'zo_forward_step': 7962, 'max_steps': 50000, 'max_zo_forward_steps': 0, 'time': 945, 'eps': 1e-07, 'sparse_active_fraction': 0.25088150987362196}
INFO:src.trainer:[sparse-mezo] global_step=3990 active_fraction=0.250882 active_params=102344137/407938142 configured_ratio=0.250000 mask_strategy=percentile_per_layer scope=trainable_only
INFO:src.trainer:{'loss': 2.2490234375, 'learning_rate': 1e-06, 'global_step': 3990, 'zo_forward_step': 7982, 'max_steps': 50000, 'max_zo_forward_steps': 0, 'time': 947, 'eps': 1e-07, 'sparse_active_fraction': 0.25088150987362196}
INFO:src.trainer:[sparse-mezo] global_step=4000 active_fraction=0.250859 active_params=102335143/407938142 configured_ratio=0.250000 mask_strategy=percentile_per_layer scope=trainable_only
INFO:src.trainer:[zo_probe] step=4000 eps=1.000e-07 precision=fp16 n=16 mae=2.880677e+03 mse=1.439273e+07 rmse=3.793776e+03 sign_acc=0.3750 corr=-0.332876
INFO:src.trainer:{'loss': 2.8047332763671875, 'learning_rate': 1e-06, 'global_step': 4000, 'zo_forward_step': 8002, 'max_steps': 50000, 'max_zo_forward_steps': 0, 'time': 954, 'eps': 1e-07, 'sparse_active_fraction': 0.25085946241329893}
INFO:src.trainer:[sparse-mezo] global_step=4010 active_fraction=0.250859 active_params=102335143/407938142 configured_ratio=0.250000 mask_strategy=percentile_per_layer scope=trainable_only
INFO:src.trainer:{'loss': 2.4994277954101562, 'learning_rate': 1e-06, 'global_step': 4010, 'zo_forward_step': 8022, 'max_steps': 50000, 'max_zo_forward_steps': 0, 'time': 956, 'eps': 1e-07, 'sparse_active_fraction': 0.25085946241329893}
INFO:src.trainer:[sparse-mezo] global_step=4020 active_fraction=0.250859 active_params=102335143/407938142 configured_ratio=0.250000 mask_strategy=percentile_per_layer scope=trainable_only
INFO:src.trainer:{'loss': 1.8016357421875, 'learning_rate': 1e-06, 'global_step': 4020, 'zo_forward_step': 8042, 'max_steps': 50000, 'max_zo_forward_steps': 0, 'time': 958, 'eps': 1e-07, 'sparse_active_fraction': 0.25085946241329893}
INFO:src.trainer:[sparse-mezo] global_step=4030 active_fraction=0.250859 active_params=102335143/407938142 configured_ratio=0.250000 mask_strategy=percentile_per_layer scope=trainable_only
INFO:src.trainer:{'loss': 1.9625873565673828, 'learning_rate': 1e-06, 'global_step': 4030, 'zo_forward_step': 8062, 'max_steps': 50000, 'max_zo_forward_steps': 0, 'time': 960, 'eps': 1e-07, 'sparse_active_fraction': 0.25085946241329893}
INFO:src.trainer:[sparse-mezo] global_step=4040 active_fraction=0.250859 active_params=102335143/407938142 configured_ratio=0.250000 mask_strategy=percentile_per_layer scope=trainable_only
INFO:src.trainer:{'loss': 1.60797119140625, 'learning_rate': 1e-06, 'global_step': 4040, 'zo_forward_step': 8082, 'max_steps': 50000, 'max_zo_forward_steps': 0, 'time': 962, 'eps': 1e-07, 'sparse_active_fraction': 0.25085946241329893}
INFO:src.trainer:[sparse-mezo] global_step=4050 active_fraction=0.250859 active_params=102335143/407938142 configured_ratio=0.250000 mask_strategy=percentile_per_layer scope=trainable_only
INFO:src.trainer:{'loss': 1.5771331787109375, 'learning_rate': 1e-06, 'global_step': 4050, 'zo_forward_step': 8102, 'max_steps': 50000, 'max_zo_forward_steps': 0, 'time': 965, 'eps': 1e-07, 'sparse_active_fraction': 0.25085946241329893}
INFO:src.trainer:[sparse-mezo] global_step=4060 active_fraction=0.250859 active_params=102335143/407938142 configured_ratio=0.250000 mask_strategy=percentile_per_layer scope=trainable_only
INFO:src.trainer:{'loss': 3.661436080932617, 'learning_rate': 1e-06, 'global_step': 4060, 'zo_forward_step': 8122, 'max_steps': 50000, 'max_zo_forward_steps': 0, 'time': 967, 'eps': 1e-07, 'sparse_active_fraction': 0.25085946241329893}
INFO:src.trainer:[sparse-mezo] global_step=4070 active_fraction=0.250859 active_params=102335143/407938142 configured_ratio=0.250000 mask_strategy=percentile_per_layer scope=trainable_only
INFO:src.trainer:{'loss': 3.346734046936035, 'learning_rate': 1e-06, 'global_step': 4070, 'zo_forward_step': 8142, 'max_steps': 50000, 'max_zo_forward_steps': 0, 'time': 969, 'eps': 1e-07, 'sparse_active_fraction': 0.25085946241329893}
INFO:src.trainer:[sparse-mezo] global_step=4080 active_fraction=0.250859 active_params=102335143/407938142 configured_ratio=0.250000 mask_strategy=percentile_per_layer scope=trainable_only
INFO:src.trainer:{'loss': 12.725343704223633, 'learning_rate': 1e-06, 'global_step': 4080, 'zo_forward_step': 8162, 'max_steps': 50000, 'max_zo_forward_steps': 0, 'time': 971, 'eps': 1e-07, 'sparse_active_fraction': 0.25085946241329893}
INFO:src.trainer:[sparse-mezo] global_step=4090 active_fraction=0.250859 active_params=102335143/407938142 configured_ratio=0.250000 mask_strategy=percentile_per_layer scope=trainable_only
INFO:src.trainer:{'loss': 6.693053245544434, 'learning_rate': 1e-06, 'global_step': 4090, 'zo_forward_step': 8182, 'max_steps': 50000, 'max_zo_forward_steps': 0, 'time': 973, 'eps': 1e-07, 'sparse_active_fraction': 0.25085946241329893}
INFO:src.trainer:[sparse-mezo] global_step=4100 active_fraction=0.250540 active_params=102204753/407938142 configured_ratio=0.250000 mask_strategy=percentile_per_layer scope=trainable_only
INFO:src.trainer:{'loss': 23.215848922729492, 'learning_rate': 1e-06, 'global_step': 4100, 'zo_forward_step': 8202, 'max_steps': 50000, 'max_zo_forward_steps': 0, 'time': 976, 'eps': 1e-07, 'sparse_active_fraction': 0.25053983061971197}
INFO:src.trainer:[sparse-mezo] global_step=4110 active_fraction=0.250540 active_params=102204753/407938142 configured_ratio=0.250000 mask_strategy=percentile_per_layer scope=trainable_only
INFO:src.trainer:{'loss': 7.921745300292969, 'learning_rate': 1e-06, 'global_step': 4110, 'zo_forward_step': 8222, 'max_steps': 50000, 'max_zo_forward_steps': 0, 'time': 978, 'eps': 1e-07, 'sparse_active_fraction': 0.25053983061971197}
INFO:src.trainer:[sparse-mezo] global_step=4120 active_fraction=0.250540 active_params=102204753/407938142 configured_ratio=0.250000 mask_strategy=percentile_per_layer scope=trainable_only
INFO:src.trainer:{'loss': 16.26296615600586, 'learning_rate': 1e-06, 'global_step': 4120, 'zo_forward_step': 8242, 'max_steps': 50000, 'max_zo_forward_steps': 0, 'time': 980, 'eps': 1e-07, 'sparse_active_fraction': 0.25053983061971197}
INFO:src.trainer:[sparse-mezo] global_step=4130 active_fraction=0.250540 active_params=102204753/407938142 configured_ratio=0.250000 mask_strategy=percentile_per_layer scope=trainable_only
INFO:src.trainer:{'loss': 21.980247497558594, 'learning_rate': 1e-06, 'global_step': 4130, 'zo_forward_step': 8262, 'max_steps': 50000, 'max_zo_forward_steps': 0, 'time': 982, 'eps': 1e-07, 'sparse_active_fraction': 0.25053983061971197}
INFO:src.trainer:[sparse-mezo] global_step=4140 active_fraction=0.250540 active_params=102204753/407938142 configured_ratio=0.250000 mask_strategy=percentile_per_layer scope=trainable_only
INFO:src.trainer:{'loss': 26.463029861450195, 'learning_rate': 1e-06, 'global_step': 4140, 'zo_forward_step': 8282, 'max_steps': 50000, 'max_zo_forward_steps': 0, 'time': 985, 'eps': 1e-07, 'sparse_active_fraction': 0.25053983061971197}
INFO:src.trainer:[sparse-mezo] global_step=4150 active_fraction=0.250540 active_params=102204753/407938142 configured_ratio=0.250000 mask_strategy=percentile_per_layer scope=trainable_only
INFO:src.trainer:{'loss': 27.59375, 'learning_rate': 1e-06, 'global_step': 4150, 'zo_forward_step': 8302, 'max_steps': 50000, 'max_zo_forward_steps': 0, 'time': 987, 'eps': 1e-07, 'sparse_active_fraction': 0.25053983061971197}
INFO:src.trainer:[sparse-mezo] global_step=4160 active_fraction=0.250540 active_params=102204753/407938142 configured_ratio=0.250000 mask_strategy=percentile_per_layer scope=trainable_only
INFO:src.trainer:{'loss': 14.358640670776367, 'learning_rate': 1e-06, 'global_step': 4160, 'zo_forward_step': 8322, 'max_steps': 50000, 'max_zo_forward_steps': 0, 'time': 989, 'eps': 1e-07, 'sparse_active_fraction': 0.25053983061971197}
INFO:src.trainer:[sparse-mezo] global_step=4170 active_fraction=0.250540 active_params=102204753/407938142 configured_ratio=0.250000 mask_strategy=percentile_per_layer scope=trainable_only
INFO:src.trainer:{'loss': 12.515060424804688, 'learning_rate': 1e-06, 'global_step': 4170, 'zo_forward_step': 8342, 'max_steps': 50000, 'max_zo_forward_steps': 0, 'time': 991, 'eps': 1e-07, 'sparse_active_fraction': 0.25053983061971197}
INFO:src.trainer:[sparse-mezo] global_step=4180 active_fraction=0.250540 active_params=102204753/407938142 configured_ratio=0.250000 mask_strategy=percentile_per_layer scope=trainable_only
INFO:src.trainer:{'loss': 15.83685302734375, 'learning_rate': 1e-06, 'global_step': 4180, 'zo_forward_step': 8362, 'max_steps': 50000, 'max_zo_forward_steps': 0, 'time': 993, 'eps': 1e-07, 'sparse_active_fraction': 0.25053983061971197}
INFO:src.trainer:[sparse-mezo] global_step=4190 active_fraction=0.250540 active_params=102204753/407938142 configured_ratio=0.250000 mask_strategy=percentile_per_layer scope=trainable_only
INFO:src.trainer:{'loss': 31.02978515625, 'learning_rate': 1e-06, 'global_step': 4190, 'zo_forward_step': 8382, 'max_steps': 50000, 'max_zo_forward_steps': 0, 'time': 995, 'eps': 1e-07, 'sparse_active_fraction': 0.25053983061971197}
INFO:src.trainer:[sparse-mezo] global_step=4200 active_fraction=0.250384 active_params=102141311/407938142 configured_ratio=0.250000 mask_strategy=percentile_per_layer scope=trainable_only
INFO:src.trainer:[zo_probe] step=4200 eps=1.000e-07 precision=fp16 n=16 mae=4.471199e+04 mse=2.998044e+09 rmse=5.475440e+04 sign_acc=0.6875 corr=0.011166
INFO:src.trainer:{'loss': 23.16211700439453, 'learning_rate': 1e-06, 'global_step': 4200, 'zo_forward_step': 8402, 'max_steps': 50000, 'max_zo_forward_steps': 0, 'time': 1002, 'eps': 1e-07, 'sparse_active_fraction': 0.25038431194305927}
INFO:src.trainer:[sparse-mezo] global_step=4210 active_fraction=0.250384 active_params=102141311/407938142 configured_ratio=0.250000 mask_strategy=percentile_per_layer scope=trainable_only
INFO:src.trainer:{'loss': 30.00927734375, 'learning_rate': 1e-06, 'global_step': 4210, 'zo_forward_step': 8422, 'max_steps': 50000, 'max_zo_forward_steps': 0, 'time': 1004, 'eps': 1e-07, 'sparse_active_fraction': 0.25038431194305927}
INFO:src.trainer:[sparse-mezo] global_step=4220 active_fraction=0.250384 active_params=102141311/407938142 configured_ratio=0.250000 mask_strategy=percentile_per_layer scope=trainable_only
INFO:src.trainer:{'loss': 28.0625, 'learning_rate': 1e-06, 'global_step': 4220, 'zo_forward_step': 8442, 'max_steps': 50000, 'max_zo_forward_steps': 0, 'time': 1006, 'eps': 1e-07, 'sparse_active_fraction': 0.25038431194305927}
INFO:src.trainer:[sparse-mezo] global_step=4230 active_fraction=0.250384 active_params=102141311/407938142 configured_ratio=0.250000 mask_strategy=percentile_per_layer scope=trainable_only
INFO:src.trainer:{'loss': 21.772764205932617, 'learning_rate': 1e-06, 'global_step': 4230, 'zo_forward_step': 8462, 'max_steps': 50000, 'max_zo_forward_steps': 0, 'time': 1008, 'eps': 1e-07, 'sparse_active_fraction': 0.25038431194305927}
INFO:src.trainer:[sparse-mezo] global_step=4240 active_fraction=0.250384 active_params=102141311/407938142 configured_ratio=0.250000 mask_strategy=percentile_per_layer scope=trainable_only
INFO:src.trainer:{'loss': 24.225948333740234, 'learning_rate': 1e-06, 'global_step': 4240, 'zo_forward_step': 8482, 'max_steps': 50000, 'max_zo_forward_steps': 0, 'time': 1010, 'eps': 1e-07, 'sparse_active_fraction': 0.25038431194305927}
INFO:src.trainer:[sparse-mezo] global_step=4250 active_fraction=0.250384 active_params=102141311/407938142 configured_ratio=0.250000 mask_strategy=percentile_per_layer scope=trainable_only
INFO:src.trainer:{'loss': 18.174320220947266, 'learning_rate': 1e-06, 'global_step': 4250, 'zo_forward_step': 8502, 'max_steps': 50000, 'max_zo_forward_steps': 0, 'time': 1012, 'eps': 1e-07, 'sparse_active_fraction': 0.25038431194305927}
INFO:src.trainer:[sparse-mezo] global_step=4260 active_fraction=0.250384 active_params=102141311/407938142 configured_ratio=0.250000 mask_strategy=percentile_per_layer scope=trainable_only
INFO:src.trainer:{'loss': 17.437999725341797, 'learning_rate': 1e-06, 'global_step': 4260, 'zo_forward_step': 8522, 'max_steps': 50000, 'max_zo_forward_steps': 0, 'time': 1014, 'eps': 1e-07, 'sparse_active_fraction': 0.25038431194305927}
INFO:src.trainer:[sparse-mezo] global_step=4270 active_fraction=0.250384 active_params=102141311/407938142 configured_ratio=0.250000 mask_strategy=percentile_per_layer scope=trainable_only
INFO:src.trainer:{'loss': 22.08447265625, 'learning_rate': 1e-06, 'global_step': 4270, 'zo_forward_step': 8542, 'max_steps': 50000, 'max_zo_forward_steps': 0, 'time': 1016, 'eps': 1e-07, 'sparse_active_fraction': 0.25038431194305927}
INFO:src.trainer:[sparse-mezo] global_step=4280 active_fraction=0.250384 active_params=102141311/407938142 configured_ratio=0.250000 mask_strategy=percentile_per_layer scope=trainable_only
INFO:src.trainer:{'loss': 22.583984375, 'learning_rate': 1e-06, 'global_step': 4280, 'zo_forward_step': 8562, 'max_steps': 50000, 'max_zo_forward_steps': 0, 'time': 1018, 'eps': 1e-07, 'sparse_active_fraction': 0.25038431194305927}
INFO:src.trainer:[sparse-mezo] global_step=4290 active_fraction=0.250384 active_params=102141311/407938142 configured_ratio=0.250000 mask_strategy=percentile_per_layer scope=trainable_only
INFO:src.trainer:{'loss': 18.251953125, 'learning_rate': 1e-06, 'global_step': 4290, 'zo_forward_step': 8582, 'max_steps': 50000, 'max_zo_forward_steps': 0, 'time': 1021, 'eps': 1e-07, 'sparse_active_fraction': 0.25038431194305927}
INFO:src.trainer:[sparse-mezo] global_step=4300 active_fraction=0.250240 active_params=102082531/407938142 configured_ratio=0.250000 mask_strategy=percentile_per_layer scope=trainable_only
INFO:src.trainer:{'loss': 27.1865234375, 'learning_rate': 1e-06, 'global_step': 4300, 'zo_forward_step': 8602, 'max_steps': 50000, 'max_zo_forward_steps': 0, 'time': 1024, 'eps': 1e-07, 'sparse_active_fraction': 0.2502402214696561}
INFO:src.trainer:[sparse-mezo] global_step=4310 active_fraction=0.250240 active_params=102082531/407938142 configured_ratio=0.250000 mask_strategy=percentile_per_layer scope=trainable_only
INFO:src.trainer:{'loss': 13.629644393920898, 'learning_rate': 1e-06, 'global_step': 4310, 'zo_forward_step': 8622, 'max_steps': 50000, 'max_zo_forward_steps': 0, 'time': 1026, 'eps': 1e-07, 'sparse_active_fraction': 0.2502402214696561}
INFO:src.trainer:[sparse-mezo] global_step=4320 active_fraction=0.250240 active_params=102082531/407938142 configured_ratio=0.250000 mask_strategy=percentile_per_layer scope=trainable_only
INFO:src.trainer:{'loss': 17.1015625, 'learning_rate': 1e-06, 'global_step': 4320, 'zo_forward_step': 8642, 'max_steps': 50000, 'max_zo_forward_steps': 0, 'time': 1028, 'eps': 1e-07, 'sparse_active_fraction': 0.2502402214696561}
INFO:src.trainer:[sparse-mezo] global_step=4330 active_fraction=0.250240 active_params=102082531/407938142 configured_ratio=0.250000 mask_strategy=percentile_per_layer scope=trainable_only
INFO:src.trainer:{'loss': 25.44970703125, 'learning_rate': 1e-06, 'global_step': 4330, 'zo_forward_step': 8662, 'max_steps': 50000, 'max_zo_forward_steps': 0, 'time': 1030, 'eps': 1e-07, 'sparse_active_fraction': 0.2502402214696561}
INFO:src.trainer:[sparse-mezo] global_step=4340 active_fraction=0.250240 active_params=102082531/407938142 configured_ratio=0.250000 mask_strategy=percentile_per_layer scope=trainable_only
INFO:src.trainer:{'loss': 18.257644653320312, 'learning_rate': 1e-06, 'global_step': 4340, 'zo_forward_step': 8682, 'max_steps': 50000, 'max_zo_forward_steps': 0, 'time': 1032, 'eps': 1e-07, 'sparse_active_fraction': 0.2502402214696561}
INFO:src.trainer:[sparse-mezo] global_step=4350 active_fraction=0.250240 active_params=102082531/407938142 configured_ratio=0.250000 mask_strategy=percentile_per_layer scope=trainable_only
INFO:src.trainer:{'loss': 28.248046875, 'learning_rate': 1e-06, 'global_step': 4350, 'zo_forward_step': 8702, 'max_steps': 50000, 'max_zo_forward_steps': 0, 'time': 1034, 'eps': 1e-07, 'sparse_active_fraction': 0.2502402214696561}
INFO:src.trainer:[sparse-mezo] global_step=4360 active_fraction=0.250240 active_params=102082531/407938142 configured_ratio=0.250000 mask_strategy=percentile_per_layer scope=trainable_only
INFO:src.trainer:{'loss': 30.146484375, 'learning_rate': 1e-06, 'global_step': 4360, 'zo_forward_step': 8722, 'max_steps': 50000, 'max_zo_forward_steps': 0, 'time': 1036, 'eps': 1e-07, 'sparse_active_fraction': 0.2502402214696561}
INFO:src.trainer:[sparse-mezo] global_step=4370 active_fraction=0.250240 active_params=102082531/407938142 configured_ratio=0.250000 mask_strategy=percentile_per_layer scope=trainable_only
INFO:src.trainer:{'loss': 35.61962890625, 'learning_rate': 1e-06, 'global_step': 4370, 'zo_forward_step': 8742, 'max_steps': 50000, 'max_zo_forward_steps': 0, 'time': 1038, 'eps': 1e-07, 'sparse_active_fraction': 0.2502402214696561}
INFO:src.trainer:[sparse-mezo] global_step=4380 active_fraction=0.250240 active_params=102082531/407938142 configured_ratio=0.250000 mask_strategy=percentile_per_layer scope=trainable_only
INFO:src.trainer:{'loss': 32.953372955322266, 'learning_rate': 1e-06, 'global_step': 4380, 'zo_forward_step': 8762, 'max_steps': 50000, 'max_zo_forward_steps': 0, 'time': 1041, 'eps': 1e-07, 'sparse_active_fraction': 0.2502402214696561}
INFO:src.trainer:[sparse-mezo] global_step=4390 active_fraction=0.250240 active_params=102082531/407938142 configured_ratio=0.250000 mask_strategy=percentile_per_layer scope=trainable_only
INFO:src.trainer:{'loss': 22.10170555114746, 'learning_rate': 1e-06, 'global_step': 4390, 'zo_forward_step': 8782, 'max_steps': 50000, 'max_zo_forward_steps': 0, 'time': 1043, 'eps': 1e-07, 'sparse_active_fraction': 0.2502402214696561}
INFO:src.trainer:[sparse-mezo] global_step=4400 active_fraction=0.250123 active_params=102034725/407938142 configured_ratio=0.250000 mask_strategy=percentile_per_layer scope=trainable_only
INFO:src.trainer:[zo_probe] step=4400 eps=1.000e-07 precision=fp16 n=16 mae=2.632527e+04 mse=1.163868e+09 rmse=3.411551e+04 sign_acc=0.3750 corr=-0.003643
INFO:src.trainer:{'loss': 25.58251953125, 'learning_rate': 1e-06, 'global_step': 4400, 'zo_forward_step': 8802, 'max_steps': 50000, 'max_zo_forward_steps': 0, 'time': 1049, 'eps': 1e-07, 'sparse_active_fraction': 0.2501230321336317}
INFO:src.trainer:[sparse-mezo] global_step=4410 active_fraction=0.250123 active_params=102034725/407938142 configured_ratio=0.250000 mask_strategy=percentile_per_layer scope=trainable_only
INFO:src.trainer:{'loss': 17.55517578125, 'learning_rate': 1e-06, 'global_step': 4410, 'zo_forward_step': 8822, 'max_steps': 50000, 'max_zo_forward_steps': 0, 'time': 1051, 'eps': 1e-07, 'sparse_active_fraction': 0.2501230321336317}
INFO:src.trainer:[sparse-mezo] global_step=4420 active_fraction=0.250123 active_params=102034725/407938142 configured_ratio=0.250000 mask_strategy=percentile_per_layer scope=trainable_only
INFO:src.trainer:{'loss': 30.42138671875, 'learning_rate': 1e-06, 'global_step': 4420, 'zo_forward_step': 8842, 'max_steps': 50000, 'max_zo_forward_steps': 0, 'time': 1054, 'eps': 1e-07, 'sparse_active_fraction': 0.2501230321336317}
INFO:src.trainer:[sparse-mezo] global_step=4430 active_fraction=0.250123 active_params=102034725/407938142 configured_ratio=0.250000 mask_strategy=percentile_per_layer scope=trainable_only
INFO:src.trainer:{'loss': 24.43505859375, 'learning_rate': 1e-06, 'global_step': 4430, 'zo_forward_step': 8862, 'max_steps': 50000, 'max_zo_forward_steps': 0, 'time': 1056, 'eps': 1e-07, 'sparse_active_fraction': 0.2501230321336317}
INFO:src.trainer:[sparse-mezo] global_step=4440 active_fraction=0.250123 active_params=102034725/407938142 configured_ratio=0.250000 mask_strategy=percentile_per_layer scope=trainable_only
INFO:src.trainer:{'loss': 23.6259765625, 'learning_rate': 1e-06, 'global_step': 4440, 'zo_forward_step': 8882, 'max_steps': 50000, 'max_zo_forward_steps': 0, 'time': 1058, 'eps': 1e-07, 'sparse_active_fraction': 0.2501230321336317}
INFO:src.trainer:[sparse-mezo] global_step=4450 active_fraction=0.250123 active_params=102034725/407938142 configured_ratio=0.250000 mask_strategy=percentile_per_layer scope=trainable_only
INFO:src.trainer:{'loss': 16.09210968017578, 'learning_rate': 1e-06, 'global_step': 4450, 'zo_forward_step': 8902, 'max_steps': 50000, 'max_zo_forward_steps': 0, 'time': 1060, 'eps': 1e-07, 'sparse_active_fraction': 0.2501230321336317}
INFO:src.trainer:[sparse-mezo] global_step=4460 active_fraction=0.250123 active_params=102034725/407938142 configured_ratio=0.250000 mask_strategy=percentile_per_layer scope=trainable_only
INFO:src.trainer:{'loss': 20.48828125, 'learning_rate': 1e-06, 'global_step': 4460, 'zo_forward_step': 8922, 'max_steps': 50000, 'max_zo_forward_steps': 0, 'time': 1062, 'eps': 1e-07, 'sparse_active_fraction': 0.2501230321336317}
INFO:src.trainer:[sparse-mezo] global_step=4470 active_fraction=0.250123 active_params=102034725/407938142 configured_ratio=0.250000 mask_strategy=percentile_per_layer scope=trainable_only
INFO:src.trainer:{'loss': 10.71986198425293, 'learning_rate': 1e-06, 'global_step': 4470, 'zo_forward_step': 8942, 'max_steps': 50000, 'max_zo_forward_steps': 0, 'time': 1064, 'eps': 1e-07, 'sparse_active_fraction': 0.2501230321336317}
INFO:src.trainer:[sparse-mezo] global_step=4480 active_fraction=0.250123 active_params=102034725/407938142 configured_ratio=0.250000 mask_strategy=percentile_per_layer scope=trainable_only
INFO:src.trainer:{'loss': 22.70361328125, 'learning_rate': 1e-06, 'global_step': 4480, 'zo_forward_step': 8962, 'max_steps': 50000, 'max_zo_forward_steps': 0, 'time': 1066, 'eps': 1e-07, 'sparse_active_fraction': 0.2501230321336317}
INFO:src.trainer:[sparse-mezo] global_step=4490 active_fraction=0.250123 active_params=102034725/407938142 configured_ratio=0.250000 mask_strategy=percentile_per_layer scope=trainable_only
INFO:src.trainer:{'loss': 13.653825759887695, 'learning_rate': 1e-06, 'global_step': 4490, 'zo_forward_step': 8982, 'max_steps': 50000, 'max_zo_forward_steps': 0, 'time': 1068, 'eps': 1e-07, 'sparse_active_fraction': 0.2501230321336317}
INFO:src.trainer:[sparse-mezo] global_step=4500 active_fraction=0.250194 active_params=102063848/407938142 configured_ratio=0.250000 mask_strategy=percentile_per_layer scope=trainable_only
INFO:src.trainer:{'loss': 13.526774406433105, 'learning_rate': 1e-06, 'global_step': 4500, 'zo_forward_step': 9002, 'max_steps': 50000, 'max_zo_forward_steps': 0, 'time': 1071, 'eps': 1e-07, 'sparse_active_fraction': 0.25019442285933635}
INFO:src.trainer:[sparse-mezo] global_step=4510 active_fraction=0.250194 active_params=102063848/407938142 configured_ratio=0.250000 mask_strategy=percentile_per_layer scope=trainable_only
INFO:src.trainer:{'loss': 27.96240234375, 'learning_rate': 1e-06, 'global_step': 4510, 'zo_forward_step': 9022, 'max_steps': 50000, 'max_zo_forward_steps': 0, 'time': 1074, 'eps': 1e-07, 'sparse_active_fraction': 0.25019442285933635}
INFO:src.trainer:[sparse-mezo] global_step=4520 active_fraction=0.250194 active_params=102063848/407938142 configured_ratio=0.250000 mask_strategy=percentile_per_layer scope=trainable_only
INFO:src.trainer:{'loss': 39.24462890625, 'learning_rate': 1e-06, 'global_step': 4520, 'zo_forward_step': 9042, 'max_steps': 50000, 'max_zo_forward_steps': 0, 'time': 1076, 'eps': 1e-07, 'sparse_active_fraction': 0.25019442285933635}
INFO:src.trainer:[sparse-mezo] global_step=4530 active_fraction=0.250194 active_params=102063848/407938142 configured_ratio=0.250000 mask_strategy=percentile_per_layer scope=trainable_only
INFO:src.trainer:{'loss': 36.6904296875, 'learning_rate': 1e-06, 'global_step': 4530, 'zo_forward_step': 9062, 'max_steps': 50000, 'max_zo_forward_steps': 0, 'time': 1078, 'eps': 1e-07, 'sparse_active_fraction': 0.25019442285933635}
INFO:src.trainer:[sparse-mezo] global_step=4540 active_fraction=0.250194 active_params=102063848/407938142 configured_ratio=0.250000 mask_strategy=percentile_per_layer scope=trainable_only
INFO:src.trainer:{'loss': 45.8115234375, 'learning_rate': 1e-06, 'global_step': 4540, 'zo_forward_step': 9082, 'max_steps': 50000, 'max_zo_forward_steps': 0, 'time': 1080, 'eps': 1e-07, 'sparse_active_fraction': 0.25019442285933635}
INFO:src.trainer:[sparse-mezo] global_step=4550 active_fraction=0.250194 active_params=102063848/407938142 configured_ratio=0.250000 mask_strategy=percentile_per_layer scope=trainable_only
INFO:src.trainer:{'loss': 47.146484375, 'learning_rate': 1e-06, 'global_step': 4550, 'zo_forward_step': 9102, 'max_steps': 50000, 'max_zo_forward_steps': 0, 'time': 1082, 'eps': 1e-07, 'sparse_active_fraction': 0.25019442285933635}
INFO:src.trainer:[sparse-mezo] global_step=4560 active_fraction=0.250194 active_params=102063848/407938142 configured_ratio=0.250000 mask_strategy=percentile_per_layer scope=trainable_only
INFO:src.trainer:{'loss': 40.6162109375, 'learning_rate': 1e-06, 'global_step': 4560, 'zo_forward_step': 9122, 'max_steps': 50000, 'max_zo_forward_steps': 0, 'time': 1084, 'eps': 1e-07, 'sparse_active_fraction': 0.25019442285933635}
INFO:src.trainer:[sparse-mezo] global_step=4570 active_fraction=0.250194 active_params=102063848/407938142 configured_ratio=0.250000 mask_strategy=percentile_per_layer scope=trainable_only
INFO:src.trainer:{'loss': 21.8667049407959, 'learning_rate': 1e-06, 'global_step': 4570, 'zo_forward_step': 9142, 'max_steps': 50000, 'max_zo_forward_steps': 0, 'time': 1086, 'eps': 1e-07, 'sparse_active_fraction': 0.25019442285933635}
INFO:src.trainer:[sparse-mezo] global_step=4580 active_fraction=0.250194 active_params=102063848/407938142 configured_ratio=0.250000 mask_strategy=percentile_per_layer scope=trainable_only
INFO:src.trainer:{'loss': 22.93790626525879, 'learning_rate': 1e-06, 'global_step': 4580, 'zo_forward_step': 9162, 'max_steps': 50000, 'max_zo_forward_steps': 0, 'time': 1088, 'eps': 1e-07, 'sparse_active_fraction': 0.25019442285933635}
INFO:src.trainer:[sparse-mezo] global_step=4590 active_fraction=0.250194 active_params=102063848/407938142 configured_ratio=0.250000 mask_strategy=percentile_per_layer scope=trainable_only
INFO:src.trainer:{'loss': 22.648151397705078, 'learning_rate': 1e-06, 'global_step': 4590, 'zo_forward_step': 9182, 'max_steps': 50000, 'max_zo_forward_steps': 0, 'time': 1090, 'eps': 1e-07, 'sparse_active_fraction': 0.25019442285933635}
INFO:src.trainer:[sparse-mezo] global_step=4600 active_fraction=0.250290 active_params=102102991/407938142 configured_ratio=0.250000 mask_strategy=percentile_per_layer scope=trainable_only
INFO:src.trainer:[zo_probe] step=4600 eps=1.000e-07 precision=fp16 n=16 mae=1.942081e+04 mse=5.353023e+08 rmse=2.313660e+04 sign_acc=0.5625 corr=0.018057
INFO:src.trainer:{'loss': 20.121139526367188, 'learning_rate': 1e-06, 'global_step': 4600, 'zo_forward_step': 9202, 'max_steps': 50000, 'max_zo_forward_steps': 0, 'time': 1097, 'eps': 1e-07, 'sparse_active_fraction': 0.2502903761325657}
INFO:src.trainer:[sparse-mezo] global_step=4610 active_fraction=0.250290 active_params=102102991/407938142 configured_ratio=0.250000 mask_strategy=percentile_per_layer scope=trainable_only
INFO:src.trainer:{'loss': 25.368806838989258, 'learning_rate': 1e-06, 'global_step': 4610, 'zo_forward_step': 9222, 'max_steps': 50000, 'max_zo_forward_steps': 0, 'time': 1099, 'eps': 1e-07, 'sparse_active_fraction': 0.2502903761325657}
INFO:src.trainer:[sparse-mezo] global_step=4620 active_fraction=0.250290 active_params=102102991/407938142 configured_ratio=0.250000 mask_strategy=percentile_per_layer scope=trainable_only
INFO:src.trainer:{'loss': 25.50025177001953, 'learning_rate': 1e-06, 'global_step': 4620, 'zo_forward_step': 9242, 'max_steps': 50000, 'max_zo_forward_steps': 0, 'time': 1101, 'eps': 1e-07, 'sparse_active_fraction': 0.2502903761325657}
INFO:src.trainer:[sparse-mezo] global_step=4630 active_fraction=0.250290 active_params=102102991/407938142 configured_ratio=0.250000 mask_strategy=percentile_per_layer scope=trainable_only
INFO:src.trainer:{'loss': 22.237548828125, 'learning_rate': 1e-06, 'global_step': 4630, 'zo_forward_step': 9262, 'max_steps': 50000, 'max_zo_forward_steps': 0, 'time': 1103, 'eps': 1e-07, 'sparse_active_fraction': 0.2502903761325657}
INFO:src.trainer:[sparse-mezo] global_step=4640 active_fraction=0.250290 active_params=102102991/407938142 configured_ratio=0.250000 mask_strategy=percentile_per_layer scope=trainable_only
INFO:src.trainer:{'loss': 22.162994384765625, 'learning_rate': 1e-06, 'global_step': 4640, 'zo_forward_step': 9282, 'max_steps': 50000, 'max_zo_forward_steps': 0, 'time': 1105, 'eps': 1e-07, 'sparse_active_fraction': 0.2502903761325657}
INFO:src.trainer:[sparse-mezo] global_step=4650 active_fraction=0.250290 active_params=102102991/407938142 configured_ratio=0.250000 mask_strategy=percentile_per_layer scope=trainable_only
INFO:src.trainer:{'loss': 18.123889923095703, 'learning_rate': 1e-06, 'global_step': 4650, 'zo_forward_step': 9302, 'max_steps': 50000, 'max_zo_forward_steps': 0, 'time': 1107, 'eps': 1e-07, 'sparse_active_fraction': 0.2502903761325657}
INFO:src.trainer:[sparse-mezo] global_step=4660 active_fraction=0.250290 active_params=102102991/407938142 configured_ratio=0.250000 mask_strategy=percentile_per_layer scope=trainable_only
INFO:src.trainer:{'loss': 9.48150634765625, 'learning_rate': 1e-06, 'global_step': 4660, 'zo_forward_step': 9322, 'max_steps': 50000, 'max_zo_forward_steps': 0, 'time': 1109, 'eps': 1e-07, 'sparse_active_fraction': 0.2502903761325657}
INFO:src.trainer:[sparse-mezo] global_step=4670 active_fraction=0.250290 active_params=102102991/407938142 configured_ratio=0.250000 mask_strategy=percentile_per_layer scope=trainable_only
INFO:src.trainer:{'loss': 23.452529907226562, 'learning_rate': 1e-06, 'global_step': 4670, 'zo_forward_step': 9342, 'max_steps': 50000, 'max_zo_forward_steps': 0, 'time': 1112, 'eps': 1e-07, 'sparse_active_fraction': 0.2502903761325657}
INFO:src.trainer:[sparse-mezo] global_step=4680 active_fraction=0.250290 active_params=102102991/407938142 configured_ratio=0.250000 mask_strategy=percentile_per_layer scope=trainable_only
INFO:src.trainer:{'loss': 25.05419921875, 'learning_rate': 1e-06, 'global_step': 4680, 'zo_forward_step': 9362, 'max_steps': 50000, 'max_zo_forward_steps': 0, 'time': 1114, 'eps': 1e-07, 'sparse_active_fraction': 0.2502903761325657}
INFO:src.trainer:[sparse-mezo] global_step=4690 active_fraction=0.250290 active_params=102102991/407938142 configured_ratio=0.250000 mask_strategy=percentile_per_layer scope=trainable_only
INFO:src.trainer:{'loss': 12.700138092041016, 'learning_rate': 1e-06, 'global_step': 4690, 'zo_forward_step': 9382, 'max_steps': 50000, 'max_zo_forward_steps': 0, 'time': 1116, 'eps': 1e-07, 'sparse_active_fraction': 0.2502903761325657}
INFO:src.trainer:[sparse-mezo] global_step=4700 active_fraction=0.250317 active_params=102113935/407938142 configured_ratio=0.250000 mask_strategy=percentile_per_layer scope=trainable_only
INFO:src.trainer:{'loss': 26.51708984375, 'learning_rate': 1e-06, 'global_step': 4700, 'zo_forward_step': 9402, 'max_steps': 50000, 'max_zo_forward_steps': 0, 'time': 1119, 'eps': 1e-07, 'sparse_active_fraction': 0.25031720372938304}
INFO:src.trainer:[sparse-mezo] global_step=4710 active_fraction=0.250317 active_params=102113935/407938142 configured_ratio=0.250000 mask_strategy=percentile_per_layer scope=trainable_only
INFO:src.trainer:{'loss': 34.7841796875, 'learning_rate': 1e-06, 'global_step': 4710, 'zo_forward_step': 9422, 'max_steps': 50000, 'max_zo_forward_steps': 0, 'time': 1121, 'eps': 1e-07, 'sparse_active_fraction': 0.25031720372938304}
INFO:src.trainer:[sparse-mezo] global_step=4720 active_fraction=0.250317 active_params=102113935/407938142 configured_ratio=0.250000 mask_strategy=percentile_per_layer scope=trainable_only
INFO:src.trainer:{'loss': 46.375, 'learning_rate': 1e-06, 'global_step': 4720, 'zo_forward_step': 9442, 'max_steps': 50000, 'max_zo_forward_steps': 0, 'time': 1123, 'eps': 1e-07, 'sparse_active_fraction': 0.25031720372938304}
INFO:src.trainer:[sparse-mezo] global_step=4730 active_fraction=0.250317 active_params=102113935/407938142 configured_ratio=0.250000 mask_strategy=percentile_per_layer scope=trainable_only
INFO:src.trainer:{'loss': 38.4287109375, 'learning_rate': 1e-06, 'global_step': 4730, 'zo_forward_step': 9462, 'max_steps': 50000, 'max_zo_forward_steps': 0, 'time': 1125, 'eps': 1e-07, 'sparse_active_fraction': 0.25031720372938304}
INFO:src.trainer:[sparse-mezo] global_step=4740 active_fraction=0.250317 active_params=102113935/407938142 configured_ratio=0.250000 mask_strategy=percentile_per_layer scope=trainable_only
INFO:src.trainer:{'loss': 30.01953125, 'learning_rate': 1e-06, 'global_step': 4740, 'zo_forward_step': 9482, 'max_steps': 50000, 'max_zo_forward_steps': 0, 'time': 1127, 'eps': 1e-07, 'sparse_active_fraction': 0.25031720372938304}
INFO:src.trainer:[sparse-mezo] global_step=4750 active_fraction=0.250317 active_params=102113935/407938142 configured_ratio=0.250000 mask_strategy=percentile_per_layer scope=trainable_only
INFO:src.trainer:{'loss': 29.6279296875, 'learning_rate': 1e-06, 'global_step': 4750, 'zo_forward_step': 9502, 'max_steps': 50000, 'max_zo_forward_steps': 0, 'time': 1129, 'eps': 1e-07, 'sparse_active_fraction': 0.25031720372938304}
INFO:src.trainer:[sparse-mezo] global_step=4760 active_fraction=0.250317 active_params=102113935/407938142 configured_ratio=0.250000 mask_strategy=percentile_per_layer scope=trainable_only
INFO:src.trainer:{'loss': 33.67626953125, 'learning_rate': 1e-06, 'global_step': 4760, 'zo_forward_step': 9522, 'max_steps': 50000, 'max_zo_forward_steps': 0, 'time': 1132, 'eps': 1e-07, 'sparse_active_fraction': 0.25031720372938304}
INFO:src.trainer:[sparse-mezo] global_step=4770 active_fraction=0.250317 active_params=102113935/407938142 configured_ratio=0.250000 mask_strategy=percentile_per_layer scope=trainable_only
INFO:src.trainer:{'loss': 33.06103515625, 'learning_rate': 1e-06, 'global_step': 4770, 'zo_forward_step': 9542, 'max_steps': 50000, 'max_zo_forward_steps': 0, 'time': 1134, 'eps': 1e-07, 'sparse_active_fraction': 0.25031720372938304}
INFO:src.trainer:[sparse-mezo] global_step=4780 active_fraction=0.250317 active_params=102113935/407938142 configured_ratio=0.250000 mask_strategy=percentile_per_layer scope=trainable_only
INFO:src.trainer:{'loss': 29.16943359375, 'learning_rate': 1e-06, 'global_step': 4780, 'zo_forward_step': 9562, 'max_steps': 50000, 'max_zo_forward_steps': 0, 'time': 1136, 'eps': 1e-07, 'sparse_active_fraction': 0.25031720372938304}
INFO:src.trainer:[sparse-mezo] global_step=4790 active_fraction=0.250317 active_params=102113935/407938142 configured_ratio=0.250000 mask_strategy=percentile_per_layer scope=trainable_only
INFO:src.trainer:{'loss': 16.663841247558594, 'learning_rate': 1e-06, 'global_step': 4790, 'zo_forward_step': 9582, 'max_steps': 50000, 'max_zo_forward_steps': 0, 'time': 1138, 'eps': 1e-07, 'sparse_active_fraction': 0.25031720372938304}
INFO:src.trainer:[sparse-mezo] global_step=4800 active_fraction=0.250343 active_params=102124473/407938142 configured_ratio=0.250000 mask_strategy=percentile_per_layer scope=trainable_only
INFO:src.trainer:[zo_probe] step=4800 eps=1.000e-07 precision=fp16 n=16 mae=2.596355e+04 mse=9.749667e+08 rmse=3.122446e+04 sign_acc=0.6875 corr=0.412378
INFO:src.trainer:{'loss': 20.72607421875, 'learning_rate': 1e-06, 'global_step': 4800, 'zo_forward_step': 9602, 'max_steps': 50000, 'max_zo_forward_steps': 0, 'time': 1145, 'eps': 1e-07, 'sparse_active_fraction': 0.25034303607726877}
INFO:src.trainer:[sparse-mezo] global_step=4810 active_fraction=0.250343 active_params=102124473/407938142 configured_ratio=0.250000 mask_strategy=percentile_per_layer scope=trainable_only
INFO:src.trainer:{'loss': 13.741660118103027, 'learning_rate': 1e-06, 'global_step': 4810, 'zo_forward_step': 9622, 'max_steps': 50000, 'max_zo_forward_steps': 0, 'time': 1147, 'eps': 1e-07, 'sparse_active_fraction': 0.25034303607726877}
INFO:src.trainer:[sparse-mezo] global_step=4820 active_fraction=0.250343 active_params=102124473/407938142 configured_ratio=0.250000 mask_strategy=percentile_per_layer scope=trainable_only
INFO:src.trainer:{'loss': 11.779586791992188, 'learning_rate': 1e-06, 'global_step': 4820, 'zo_forward_step': 9642, 'max_steps': 50000, 'max_zo_forward_steps': 0, 'time': 1149, 'eps': 1e-07, 'sparse_active_fraction': 0.25034303607726877}
INFO:src.trainer:[sparse-mezo] global_step=4830 active_fraction=0.250343 active_params=102124473/407938142 configured_ratio=0.250000 mask_strategy=percentile_per_layer scope=trainable_only
INFO:src.trainer:{'loss': 16.52075958251953, 'learning_rate': 1e-06, 'global_step': 4830, 'zo_forward_step': 9662, 'max_steps': 50000, 'max_zo_forward_steps': 0, 'time': 1151, 'eps': 1e-07, 'sparse_active_fraction': 0.25034303607726877}
INFO:src.trainer:[sparse-mezo] global_step=4840 active_fraction=0.250343 active_params=102124473/407938142 configured_ratio=0.250000 mask_strategy=percentile_per_layer scope=trainable_only
INFO:src.trainer:{'loss': 17.86606216430664, 'learning_rate': 1e-06, 'global_step': 4840, 'zo_forward_step': 9682, 'max_steps': 50000, 'max_zo_forward_steps': 0, 'time': 1153, 'eps': 1e-07, 'sparse_active_fraction': 0.25034303607726877}
INFO:src.trainer:[sparse-mezo] global_step=4850 active_fraction=0.250343 active_params=102124473/407938142 configured_ratio=0.250000 mask_strategy=percentile_per_layer scope=trainable_only
INFO:src.trainer:{'loss': 6.367733001708984, 'learning_rate': 1e-06, 'global_step': 4850, 'zo_forward_step': 9702, 'max_steps': 50000, 'max_zo_forward_steps': 0, 'time': 1155, 'eps': 1e-07, 'sparse_active_fraction': 0.25034303607726877}
INFO:src.trainer:[sparse-mezo] global_step=4860 active_fraction=0.250343 active_params=102124473/407938142 configured_ratio=0.250000 mask_strategy=percentile_per_layer scope=trainable_only
INFO:src.trainer:{'loss': 4.911689758300781, 'learning_rate': 1e-06, 'global_step': 4860, 'zo_forward_step': 9722, 'max_steps': 50000, 'max_zo_forward_steps': 0, 'time': 1157, 'eps': 1e-07, 'sparse_active_fraction': 0.25034303607726877}
INFO:src.trainer:[sparse-mezo] global_step=4870 active_fraction=0.250343 active_params=102124473/407938142 configured_ratio=0.250000 mask_strategy=percentile_per_layer scope=trainable_only
INFO:src.trainer:{'loss': 6.900068283081055, 'learning_rate': 1e-06, 'global_step': 4870, 'zo_forward_step': 9742, 'max_steps': 50000, 'max_zo_forward_steps': 0, 'time': 1159, 'eps': 1e-07, 'sparse_active_fraction': 0.25034303607726877}
INFO:src.trainer:[sparse-mezo] global_step=4880 active_fraction=0.250343 active_params=102124473/407938142 configured_ratio=0.250000 mask_strategy=percentile_per_layer scope=trainable_only
INFO:src.trainer:{'loss': 5.891255855560303, 'learning_rate': 1e-06, 'global_step': 4880, 'zo_forward_step': 9762, 'max_steps': 50000, 'max_zo_forward_steps': 0, 'time': 1161, 'eps': 1e-07, 'sparse_active_fraction': 0.25034303607726877}
INFO:src.trainer:[sparse-mezo] global_step=4890 active_fraction=0.250343 active_params=102124473/407938142 configured_ratio=0.250000 mask_strategy=percentile_per_layer scope=trainable_only
INFO:src.trainer:{'loss': 7.5287394523620605, 'learning_rate': 1e-06, 'global_step': 4890, 'zo_forward_step': 9782, 'max_steps': 50000, 'max_zo_forward_steps': 0, 'time': 1163, 'eps': 1e-07, 'sparse_active_fraction': 0.25034303607726877}
INFO:src.trainer:[sparse-mezo] global_step=4900 active_fraction=0.250322 active_params=102115889/407938142 configured_ratio=0.250000 mask_strategy=percentile_per_layer scope=trainable_only
INFO:src.trainer:{'loss': 12.583765029907227, 'learning_rate': 1e-06, 'global_step': 4900, 'zo_forward_step': 9802, 'max_steps': 50000, 'max_zo_forward_steps': 0, 'time': 1167, 'eps': 1e-07, 'sparse_active_fraction': 0.2503219936712856}
INFO:src.trainer:[sparse-mezo] global_step=4910 active_fraction=0.250322 active_params=102115889/407938142 configured_ratio=0.250000 mask_strategy=percentile_per_layer scope=trainable_only
INFO:src.trainer:{'loss': 25.067626953125, 'learning_rate': 1e-06, 'global_step': 4910, 'zo_forward_step': 9822, 'max_steps': 50000, 'max_zo_forward_steps': 0, 'time': 1169, 'eps': 1e-07, 'sparse_active_fraction': 0.2503219936712856}
INFO:src.trainer:[sparse-mezo] global_step=4920 active_fraction=0.250322 active_params=102115889/407938142 configured_ratio=0.250000 mask_strategy=percentile_per_layer scope=trainable_only
INFO:src.trainer:{'loss': 19.080078125, 'learning_rate': 1e-06, 'global_step': 4920, 'zo_forward_step': 9842, 'max_steps': 50000, 'max_zo_forward_steps': 0, 'time': 1171, 'eps': 1e-07, 'sparse_active_fraction': 0.2503219936712856}
INFO:src.trainer:[sparse-mezo] global_step=4930 active_fraction=0.250322 active_params=102115889/407938142 configured_ratio=0.250000 mask_strategy=percentile_per_layer scope=trainable_only
INFO:src.trainer:{'loss': 16.48388671875, 'learning_rate': 1e-06, 'global_step': 4930, 'zo_forward_step': 9862, 'max_steps': 50000, 'max_zo_forward_steps': 0, 'time': 1173, 'eps': 1e-07, 'sparse_active_fraction': 0.2503219936712856}
INFO:src.trainer:[sparse-mezo] global_step=4940 active_fraction=0.250322 active_params=102115889/407938142 configured_ratio=0.250000 mask_strategy=percentile_per_layer scope=trainable_only
INFO:src.trainer:{'loss': 15.077407836914062, 'learning_rate': 1e-06, 'global_step': 4940, 'zo_forward_step': 9882, 'max_steps': 50000, 'max_zo_forward_steps': 0, 'time': 1175, 'eps': 1e-07, 'sparse_active_fraction': 0.2503219936712856}
INFO:src.trainer:[sparse-mezo] global_step=4950 active_fraction=0.250322 active_params=102115889/407938142 configured_ratio=0.250000 mask_strategy=percentile_per_layer scope=trainable_only
INFO:src.trainer:{'loss': 18.486574172973633, 'learning_rate': 1e-06, 'global_step': 4950, 'zo_forward_step': 9902, 'max_steps': 50000, 'max_zo_forward_steps': 0, 'time': 1177, 'eps': 1e-07, 'sparse_active_fraction': 0.2503219936712856}
INFO:src.trainer:[sparse-mezo] global_step=4960 active_fraction=0.250322 active_params=102115889/407938142 configured_ratio=0.250000 mask_strategy=percentile_per_layer scope=trainable_only
INFO:src.trainer:{'loss': 15.83837890625, 'learning_rate': 1e-06, 'global_step': 4960, 'zo_forward_step': 9922, 'max_steps': 50000, 'max_zo_forward_steps': 0, 'time': 1179, 'eps': 1e-07, 'sparse_active_fraction': 0.2503219936712856}
INFO:src.trainer:[sparse-mezo] global_step=4970 active_fraction=0.250322 active_params=102115889/407938142 configured_ratio=0.250000 mask_strategy=percentile_per_layer scope=trainable_only
INFO:src.trainer:{'loss': 18.4150390625, 'learning_rate': 1e-06, 'global_step': 4970, 'zo_forward_step': 9942, 'max_steps': 50000, 'max_zo_forward_steps': 0, 'time': 1181, 'eps': 1e-07, 'sparse_active_fraction': 0.2503219936712856}
INFO:src.trainer:[sparse-mezo] global_step=4980 active_fraction=0.250322 active_params=102115889/407938142 configured_ratio=0.250000 mask_strategy=percentile_per_layer scope=trainable_only
INFO:src.trainer:{'loss': 13.91064453125, 'learning_rate': 1e-06, 'global_step': 4980, 'zo_forward_step': 9962, 'max_steps': 50000, 'max_zo_forward_steps': 0, 'time': 1183, 'eps': 1e-07, 'sparse_active_fraction': 0.2503219936712856}
INFO:src.trainer:[sparse-mezo] global_step=4990 active_fraction=0.250322 active_params=102115889/407938142 configured_ratio=0.250000 mask_strategy=percentile_per_layer scope=trainable_only
INFO:src.trainer:{'loss': 12.544771194458008, 'learning_rate': 1e-06, 'global_step': 4990, 'zo_forward_step': 9982, 'max_steps': 50000, 'max_zo_forward_steps': 0, 'time': 1185, 'eps': 1e-07, 'sparse_active_fraction': 0.2503219936712856}
/home/jy03364/.conda/envs/ciao/lib/python3.12/site-packages/transformers/trainer_pt_utils.py:476: FutureWarning: DistributedTensorGatherer is deprecated and will be removed in v5 of Transformers.
  warnings.warn(

  0%|          | 0/214 [00:00<?, ?it/s]
  7%|▋         | 14/214 [00:00<00:01, 135.56it/s]
 13%|█▎        | 28/214 [00:00<00:01, 130.38it/s]
 20%|█▉        | 42/214 [00:00<00:01, 129.20it/s]
 26%|██▌       | 55/214 [00:00<00:01, 128.88it/s]
 32%|███▏      | 68/214 [00:00<00:01, 128.48it/s]
 38%|███▊      | 81/214 [00:00<00:01, 128.25it/s]
 44%|████▍     | 94/214 [00:00<00:00, 128.24it/s]
 50%|█████     | 107/214 [00:00<00:00, 128.39it/s]
 56%|█████▌    | 120/214 [00:00<00:00, 128.19it/s]
 62%|██████▏   | 133/214 [00:01<00:00, 128.26it/s]
 68%|██████▊   | 146/214 [00:01<00:00, 128.30it/s]
 74%|███████▍  | 159/214 [00:01<00:00, 128.21it/s]
 80%|████████  | 172/214 [00:01<00:00, 128.19it/s]
 86%|████████▋ | 185/214 [00:01<00:00, 128.10it/s]
 93%|█████████▎| 198/214 [00:01<00:00, 128.14it/s]
 99%|█████████▊| 211/214 [00:01<00:00, 128.38it/s]INFO:src.trainer:{'eval_loss': 8.4140625, 'eval_acc': 0.2716627634660422}
INFO:src.trainer:Best dev result: 0.2716627634660422
INFO:src.trainer:[sparse-mezo] global_step=5000 active_fraction=0.250308 active_params=102110375/407938142 configured_ratio=0.250000 mask_strategy=percentile_per_layer scope=trainable_only
INFO:src.trainer:[zo_probe] step=5000 eps=1.000e-07 precision=fp16 n=16 mae=1.769152e+04 mse=4.048732e+08 rmse=2.012146e+04 sign_acc=0.5625 corr=0.390015
INFO:src.trainer:{'loss': 7.381425857543945, 'learning_rate': 1e-06, 'global_step': 5000, 'zo_forward_step': 10002, 'max_steps': 50000, 'max_zo_forward_steps': 0, 'time': 1194, 'eps': 1e-07, 'sparse_active_fraction': 0.25030847691609087}
INFO:src.trainer:[sparse-mezo] global_step=5010 active_fraction=0.250308 active_params=102110375/407938142 configured_ratio=0.250000 mask_strategy=percentile_per_layer scope=trainable_only
INFO:src.trainer:{'loss': 4.760795593261719, 'learning_rate': 1e-06, 'global_step': 5010, 'zo_forward_step': 10022, 'max_steps': 50000, 'max_zo_forward_steps': 0, 'time': 1196, 'eps': 1e-07, 'sparse_active_fraction': 0.25030847691609087}
INFO:src.trainer:[sparse-mezo] global_step=5020 active_fraction=0.250308 active_params=102110375/407938142 configured_ratio=0.250000 mask_strategy=percentile_per_layer scope=trainable_only
INFO:src.trainer:{'loss': 7.166681289672852, 'learning_rate': 1e-06, 'global_step': 5020, 'zo_forward_step': 10042, 'max_steps': 50000, 'max_zo_forward_steps': 0, 'time': 1198, 'eps': 1e-07, 'sparse_active_fraction': 0.25030847691609087}

100%|██████████| 214/214 [00:12<00:00, 128.38it/s]INFO:src.trainer:[sparse-mezo] global_step=5030 active_fraction=0.250308 active_params=102110375/407938142 configured_ratio=0.250000 mask_strategy=percentile_per_layer scope=trainable_only
INFO:src.trainer:{'loss': 6.946622848510742, 'learning_rate': 1e-06, 'global_step': 5030, 'zo_forward_step': 10062, 'max_steps': 50000, 'max_zo_forward_steps': 0, 'time': 1200, 'eps': 1e-07, 'sparse_active_fraction': 0.25030847691609087}
INFO:src.trainer:[sparse-mezo] global_step=5040 active_fraction=0.250308 active_params=102110375/407938142 configured_ratio=0.250000 mask_strategy=percentile_per_layer scope=trainable_only
INFO:src.trainer:{'loss': 15.385751724243164, 'learning_rate': 1e-06, 'global_step': 5040, 'zo_forward_step': 10082, 'max_steps': 50000, 'max_zo_forward_steps': 0, 'time': 1202, 'eps': 1e-07, 'sparse_active_fraction': 0.25030847691609087}
INFO:src.trainer:[sparse-mezo] global_step=5050 active_fraction=0.250308 active_params=102110375/407938142 configured_ratio=0.250000 mask_strategy=percentile_per_layer scope=trainable_only
INFO:src.trainer:{'loss': 9.860690116882324, 'learning_rate': 1e-06, 'global_step': 5050, 'zo_forward_step': 10102, 'max_steps': 50000, 'max_zo_forward_steps': 0, 'time': 1205, 'eps': 1e-07, 'sparse_active_fraction': 0.25030847691609087}
INFO:src.trainer:[sparse-mezo] global_step=5060 active_fraction=0.250308 active_params=102110375/407938142 configured_ratio=0.250000 mask_strategy=percentile_per_layer scope=trainable_only
INFO:src.trainer:{'loss': 6.338232517242432, 'learning_rate': 1e-06, 'global_step': 5060, 'zo_forward_step': 10122, 'max_steps': 50000, 'max_zo_forward_steps': 0, 'time': 1207, 'eps': 1e-07, 'sparse_active_fraction': 0.25030847691609087}
INFO:src.trainer:[sparse-mezo] global_step=5070 active_fraction=0.250308 active_params=102110375/407938142 configured_ratio=0.250000 mask_strategy=percentile_per_layer scope=trainable_only
INFO:src.trainer:{'loss': 12.602556228637695, 'learning_rate': 1e-06, 'global_step': 5070, 'zo_forward_step': 10142, 'max_steps': 50000, 'max_zo_forward_steps': 0, 'time': 1209, 'eps': 1e-07, 'sparse_active_fraction': 0.25030847691609087}
INFO:src.trainer:[sparse-mezo] global_step=5080 active_fraction=0.250308 active_params=102110375/407938142 configured_ratio=0.250000 mask_strategy=percentile_per_layer scope=trainable_only
INFO:src.trainer:{'loss': 15.54814338684082, 'learning_rate': 1e-06, 'global_step': 5080, 'zo_forward_step': 10162, 'max_steps': 50000, 'max_zo_forward_steps': 0, 'time': 1211, 'eps': 1e-07, 'sparse_active_fraction': 0.25030847691609087}
INFO:src.trainer:[sparse-mezo] global_step=5090 active_fraction=0.250308 active_params=102110375/407938142 configured_ratio=0.250000 mask_strategy=percentile_per_layer scope=trainable_only
INFO:src.trainer:{'loss': 20.33056640625, 'learning_rate': 1e-06, 'global_step': 5090, 'zo_forward_step': 10182, 'max_steps': 50000, 'max_zo_forward_steps': 0, 'time': 1213, 'eps': 1e-07, 'sparse_active_fraction': 0.25030847691609087}
INFO:src.trainer:[sparse-mezo] global_step=5100 active_fraction=0.250331 active_params=102119433/407938142 configured_ratio=0.250000 mask_strategy=percentile_per_layer scope=trainable_only
INFO:src.trainer:{'loss': 31.4716796875, 'learning_rate': 1e-06, 'global_step': 5100, 'zo_forward_step': 10202, 'max_steps': 50000, 'max_zo_forward_steps': 0, 'time': 1216, 'eps': 1e-07, 'sparse_active_fraction': 0.250330681262945}
INFO:src.trainer:[sparse-mezo] global_step=5110 active_fraction=0.250331 active_params=102119433/407938142 configured_ratio=0.250000 mask_strategy=percentile_per_layer scope=trainable_only
INFO:src.trainer:{'loss': 27.03955078125, 'learning_rate': 1e-06, 'global_step': 5110, 'zo_forward_step': 10222, 'max_steps': 50000, 'max_zo_forward_steps': 0, 'time': 1218, 'eps': 1e-07, 'sparse_active_fraction': 0.250330681262945}
INFO:src.trainer:[sparse-mezo] global_step=5120 active_fraction=0.250331 active_params=102119433/407938142 configured_ratio=0.250000 mask_strategy=percentile_per_layer scope=trainable_only
INFO:src.trainer:{'loss': 33.1572265625, 'learning_rate': 1e-06, 'global_step': 5120, 'zo_forward_step': 10242, 'max_steps': 50000, 'max_zo_forward_steps': 0, 'time': 1220, 'eps': 1e-07, 'sparse_active_fraction': 0.250330681262945}
INFO:src.trainer:[sparse-mezo] global_step=5130 active_fraction=0.250331 active_params=102119433/407938142 configured_ratio=0.250000 mask_strategy=percentile_per_layer scope=trainable_only
INFO:src.trainer:{'loss': 34.2333984375, 'learning_rate': 1e-06, 'global_step': 5130, 'zo_forward_step': 10262, 'max_steps': 50000, 'max_zo_forward_steps': 0, 'time': 1222, 'eps': 1e-07, 'sparse_active_fraction': 0.250330681262945}
INFO:src.trainer:[sparse-mezo] global_step=5140 active_fraction=0.250331 active_params=102119433/407938142 configured_ratio=0.250000 mask_strategy=percentile_per_layer scope=trainable_only
INFO:src.trainer:{'loss': 27.9951171875, 'learning_rate': 1e-06, 'global_step': 5140, 'zo_forward_step': 10282, 'max_steps': 50000, 'max_zo_forward_steps': 0, 'time': 1225, 'eps': 1e-07, 'sparse_active_fraction': 0.250330681262945}
INFO:src.trainer:[sparse-mezo] global_step=5150 active_fraction=0.250331 active_params=102119433/407938142 configured_ratio=0.250000 mask_strategy=percentile_per_layer scope=trainable_only
INFO:src.trainer:{'loss': 22.66357421875, 'learning_rate': 1e-06, 'global_step': 5150, 'zo_forward_step': 10302, 'max_steps': 50000, 'max_zo_forward_steps': 0, 'time': 1227, 'eps': 1e-07, 'sparse_active_fraction': 0.250330681262945}
INFO:src.trainer:[sparse-mezo] global_step=5160 active_fraction=0.250331 active_params=102119433/407938142 configured_ratio=0.250000 mask_strategy=percentile_per_layer scope=trainable_only
INFO:src.trainer:{'loss': 18.666015625, 'learning_rate': 1e-06, 'global_step': 5160, 'zo_forward_step': 10322, 'max_steps': 50000, 'max_zo_forward_steps': 0, 'time': 1229, 'eps': 1e-07, 'sparse_active_fraction': 0.250330681262945}
INFO:src.trainer:[sparse-mezo] global_step=5170 active_fraction=0.250331 active_params=102119433/407938142 configured_ratio=0.250000 mask_strategy=percentile_per_layer scope=trainable_only
INFO:src.trainer:{'loss': 23.402889251708984, 'learning_rate': 1e-06, 'global_step': 5170, 'zo_forward_step': 10342, 'max_steps': 50000, 'max_zo_forward_steps': 0, 'time': 1231, 'eps': 1e-07, 'sparse_active_fraction': 0.250330681262945}
INFO:src.trainer:[sparse-mezo] global_step=5180 active_fraction=0.250331 active_params=102119433/407938142 configured_ratio=0.250000 mask_strategy=percentile_per_layer scope=trainable_only
INFO:src.trainer:{'loss': 25.781471252441406, 'learning_rate': 1e-06, 'global_step': 5180, 'zo_forward_step': 10362, 'max_steps': 50000, 'max_zo_forward_steps': 0, 'time': 1233, 'eps': 1e-07, 'sparse_active_fraction': 0.250330681262945}
INFO:src.trainer:[sparse-mezo] global_step=5190 active_fraction=0.250331 active_params=102119433/407938142 configured_ratio=0.250000 mask_strategy=percentile_per_layer scope=trainable_only
INFO:src.trainer:{'loss': 18.86227798461914, 'learning_rate': 1e-06, 'global_step': 5190, 'zo_forward_step': 10382, 'max_steps': 50000, 'max_zo_forward_steps': 0, 'time': 1235, 'eps': 1e-07, 'sparse_active_fraction': 0.250330681262945}
INFO:src.trainer:[sparse-mezo] global_step=5200 active_fraction=0.250331 active_params=102119438/407938142 configured_ratio=0.250000 mask_strategy=percentile_per_layer scope=trainable_only
INFO:src.trainer:[zo_probe] step=5200 eps=1.000e-07 precision=fp16 n=16 mae=1.752266e+04 mse=5.197012e+08 rmse=2.279696e+04 sign_acc=0.5000 corr=-0.273270
INFO:src.trainer:{'loss': 21.528358459472656, 'learning_rate': 1e-06, 'global_step': 5200, 'zo_forward_step': 10402, 'max_steps': 50000, 'max_zo_forward_steps': 0, 'time': 1242, 'eps': 1e-07, 'sparse_active_fraction': 0.25033069351970527}
INFO:src.trainer:[sparse-mezo] global_step=5210 active_fraction=0.250331 active_params=102119438/407938142 configured_ratio=0.250000 mask_strategy=percentile_per_layer scope=trainable_only
INFO:src.trainer:{'loss': 27.7265625, 'learning_rate': 1e-06, 'global_step': 5210, 'zo_forward_step': 10422, 'max_steps': 50000, 'max_zo_forward_steps': 0, 'time': 1244, 'eps': 1e-07, 'sparse_active_fraction': 0.25033069351970527}
INFO:src.trainer:[sparse-mezo] global_step=5220 active_fraction=0.250331 active_params=102119438/407938142 configured_ratio=0.250000 mask_strategy=percentile_per_layer scope=trainable_only
INFO:src.trainer:{'loss': 19.900390625, 'learning_rate': 1e-06, 'global_step': 5220, 'zo_forward_step': 10442, 'max_steps': 50000, 'max_zo_forward_steps': 0, 'time': 1246, 'eps': 1e-07, 'sparse_active_fraction': 0.25033069351970527}
INFO:src.trainer:[sparse-mezo] global_step=5230 active_fraction=0.250331 active_params=102119438/407938142 configured_ratio=0.250000 mask_strategy=percentile_per_layer scope=trainable_only
INFO:src.trainer:{'loss': 18.638145446777344, 'learning_rate': 1e-06, 'global_step': 5230, 'zo_forward_step': 10462, 'max_steps': 50000, 'max_zo_forward_steps': 0, 'time': 1248, 'eps': 1e-07, 'sparse_active_fraction': 0.25033069351970527}
INFO:src.trainer:[sparse-mezo] global_step=5240 active_fraction=0.250331 active_params=102119438/407938142 configured_ratio=0.250000 mask_strategy=percentile_per_layer scope=trainable_only
INFO:src.trainer:{'loss': 20.813276290893555, 'learning_rate': 1e-06, 'global_step': 5240, 'zo_forward_step': 10482, 'max_steps': 50000, 'max_zo_forward_steps': 0, 'time': 1250, 'eps': 1e-07, 'sparse_active_fraction': 0.25033069351970527}
INFO:src.trainer:[sparse-mezo] global_step=5250 active_fraction=0.250331 active_params=102119438/407938142 configured_ratio=0.250000 mask_strategy=percentile_per_layer scope=trainable_only
INFO:src.trainer:{'loss': 22.6240234375, 'learning_rate': 1e-06, 'global_step': 5250, 'zo_forward_step': 10502, 'max_steps': 50000, 'max_zo_forward_steps': 0, 'time': 1252, 'eps': 1e-07, 'sparse_active_fraction': 0.25033069351970527}
INFO:src.trainer:[sparse-mezo] global_step=5260 active_fraction=0.250331 active_params=102119438/407938142 configured_ratio=0.250000 mask_strategy=percentile_per_layer scope=trainable_only
INFO:src.trainer:{'loss': 16.738536834716797, 'learning_rate': 1e-06, 'global_step': 5260, 'zo_forward_step': 10522, 'max_steps': 50000, 'max_zo_forward_steps': 0, 'time': 1254, 'eps': 1e-07, 'sparse_active_fraction': 0.25033069351970527}
INFO:src.trainer:[sparse-mezo] global_step=5270 active_fraction=0.250331 active_params=102119438/407938142 configured_ratio=0.250000 mask_strategy=percentile_per_layer scope=trainable_only
INFO:src.trainer:{'loss': 12.018287658691406, 'learning_rate': 1e-06, 'global_step': 5270, 'zo_forward_step': 10542, 'max_steps': 50000, 'max_zo_forward_steps': 0, 'time': 1256, 'eps': 1e-07, 'sparse_active_fraction': 0.25033069351970527}
INFO:src.trainer:[sparse-mezo] global_step=5280 active_fraction=0.250331 active_params=102119438/407938142 configured_ratio=0.250000 mask_strategy=percentile_per_layer scope=trainable_only
INFO:src.trainer:{'loss': 12.891419410705566, 'learning_rate': 1e-06, 'global_step': 5280, 'zo_forward_step': 10562, 'max_steps': 50000, 'max_zo_forward_steps': 0, 'time': 1259, 'eps': 1e-07, 'sparse_active_fraction': 0.25033069351970527}
INFO:src.trainer:[sparse-mezo] global_step=5290 active_fraction=0.250331 active_params=102119438/407938142 configured_ratio=0.250000 mask_strategy=percentile_per_layer scope=trainable_only
INFO:src.trainer:{'loss': 9.358783721923828, 'learning_rate': 1e-06, 'global_step': 5290, 'zo_forward_step': 10582, 'max_steps': 50000, 'max_zo_forward_steps': 0, 'time': 1261, 'eps': 1e-07, 'sparse_active_fraction': 0.25033069351970527}
INFO:src.trainer:[sparse-mezo] global_step=5300 active_fraction=0.250858 active_params=102334451/407938142 configured_ratio=0.250000 mask_strategy=percentile_per_layer scope=trainable_only
INFO:src.trainer:{'loss': 16.478759765625, 'learning_rate': 1e-06, 'global_step': 5300, 'zo_forward_step': 10602, 'max_steps': 50000, 'max_zo_forward_steps': 0, 'time': 1264, 'eps': 1e-07, 'sparse_active_fraction': 0.25085776607768145}
INFO:src.trainer:[sparse-mezo] global_step=5310 active_fraction=0.250858 active_params=102334451/407938142 configured_ratio=0.250000 mask_strategy=percentile_per_layer scope=trainable_only
INFO:src.trainer:{'loss': 22.158203125, 'learning_rate': 1e-06, 'global_step': 5310, 'zo_forward_step': 10622, 'max_steps': 50000, 'max_zo_forward_steps': 0, 'time': 1266, 'eps': 1e-07, 'sparse_active_fraction': 0.25085776607768145}
INFO:src.trainer:[sparse-mezo] global_step=5320 active_fraction=0.250858 active_params=102334451/407938142 configured_ratio=0.250000 mask_strategy=percentile_per_layer scope=trainable_only
INFO:src.trainer:{'loss': 13.602575302124023, 'learning_rate': 1e-06, 'global_step': 5320, 'zo_forward_step': 10642, 'max_steps': 50000, 'max_zo_forward_steps': 0, 'time': 1268, 'eps': 1e-07, 'sparse_active_fraction': 0.25085776607768145}
INFO:src.trainer:[sparse-mezo] global_step=5330 active_fraction=0.250858 active_params=102334451/407938142 configured_ratio=0.250000 mask_strategy=percentile_per_layer scope=trainable_only
INFO:src.trainer:{'loss': 16.982913970947266, 'learning_rate': 1e-06, 'global_step': 5330, 'zo_forward_step': 10662, 'max_steps': 50000, 'max_zo_forward_steps': 0, 'time': 1270, 'eps': 1e-07, 'sparse_active_fraction': 0.25085776607768145}
INFO:src.trainer:[sparse-mezo] global_step=5340 active_fraction=0.250858 active_params=102334451/407938142 configured_ratio=0.250000 mask_strategy=percentile_per_layer scope=trainable_only
INFO:src.trainer:{'loss': 17.88530731201172, 'learning_rate': 1e-06, 'global_step': 5340, 'zo_forward_step': 10682, 'max_steps': 50000, 'max_zo_forward_steps': 0, 'time': 1272, 'eps': 1e-07, 'sparse_active_fraction': 0.25085776607768145}
INFO:src.trainer:[sparse-mezo] global_step=5350 active_fraction=0.250858 active_params=102334451/407938142 configured_ratio=0.250000 mask_strategy=percentile_per_layer scope=trainable_only
INFO:src.trainer:{'loss': 24.790287017822266, 'learning_rate': 1e-06, 'global_step': 5350, 'zo_forward_step': 10702, 'max_steps': 50000, 'max_zo_forward_steps': 0, 'time': 1274, 'eps': 1e-07, 'sparse_active_fraction': 0.25085776607768145}
INFO:src.trainer:[sparse-mezo] global_step=5360 active_fraction=0.250858 active_params=102334451/407938142 configured_ratio=0.250000 mask_strategy=percentile_per_layer scope=trainable_only
INFO:src.trainer:{'loss': 31.4892578125, 'learning_rate': 1e-06, 'global_step': 5360, 'zo_forward_step': 10722, 'max_steps': 50000, 'max_zo_forward_steps': 0, 'time': 1276, 'eps': 1e-07, 'sparse_active_fraction': 0.25085776607768145}
INFO:src.trainer:[sparse-mezo] global_step=5370 active_fraction=0.250858 active_params=102334451/407938142 configured_ratio=0.250000 mask_strategy=percentile_per_layer scope=trainable_only
INFO:src.trainer:{'loss': 42.1455078125, 'learning_rate': 1e-06, 'global_step': 5370, 'zo_forward_step': 10742, 'max_steps': 50000, 'max_zo_forward_steps': 0, 'time': 1279, 'eps': 1e-07, 'sparse_active_fraction': 0.25085776607768145}
INFO:src.trainer:[sparse-mezo] global_step=5380 active_fraction=0.250858 active_params=102334451/407938142 configured_ratio=0.250000 mask_strategy=percentile_per_layer scope=trainable_only
INFO:src.trainer:{'loss': 30.67431640625, 'learning_rate': 1e-06, 'global_step': 5380, 'zo_forward_step': 10762, 'max_steps': 50000, 'max_zo_forward_steps': 0, 'time': 1281, 'eps': 1e-07, 'sparse_active_fraction': 0.25085776607768145}
INFO:src.trainer:[sparse-mezo] global_step=5390 active_fraction=0.250858 active_params=102334451/407938142 configured_ratio=0.250000 mask_strategy=percentile_per_layer scope=trainable_only
INFO:src.trainer:{'loss': 26.628662109375, 'learning_rate': 1e-06, 'global_step': 5390, 'zo_forward_step': 10782, 'max_steps': 50000, 'max_zo_forward_steps': 0, 'time': 1283, 'eps': 1e-07, 'sparse_active_fraction': 0.25085776607768145}
INFO:src.trainer:[sparse-mezo] global_step=5400 active_fraction=0.250942 active_params=102368650/407938142 configured_ratio=0.250000 mask_strategy=percentile_per_layer scope=trainable_only
INFO:src.trainer:[zo_probe] step=5400 eps=1.000e-07 precision=fp16 n=16 mae=2.318545e+04 mse=8.210505e+08 rmse=2.865398e+04 sign_acc=0.5000 corr=-0.001072
INFO:src.trainer:{'loss': 28.72314453125, 'learning_rate': 1e-06, 'global_step': 5400, 'zo_forward_step': 10802, 'max_steps': 50000, 'max_zo_forward_steps': 0, 'time': 1289, 'eps': 1e-07, 'sparse_active_fraction': 0.25094159986638365}
INFO:src.trainer:[sparse-mezo] global_step=5410 active_fraction=0.250942 active_params=102368650/407938142 configured_ratio=0.250000 mask_strategy=percentile_per_layer scope=trainable_only
INFO:src.trainer:{'loss': 35.330078125, 'learning_rate': 1e-06, 'global_step': 5410, 'zo_forward_step': 10822, 'max_steps': 50000, 'max_zo_forward_steps': 0, 'time': 1292, 'eps': 1e-07, 'sparse_active_fraction': 0.25094159986638365}
INFO:src.trainer:[sparse-mezo] global_step=5420 active_fraction=0.250942 active_params=102368650/407938142 configured_ratio=0.250000 mask_strategy=percentile_per_layer scope=trainable_only
INFO:src.trainer:{'loss': 38.005126953125, 'learning_rate': 1e-06, 'global_step': 5420, 'zo_forward_step': 10842, 'max_steps': 50000, 'max_zo_forward_steps': 0, 'time': 1294, 'eps': 1e-07, 'sparse_active_fraction': 0.25094159986638365}
INFO:src.trainer:[sparse-mezo] global_step=5430 active_fraction=0.250942 active_params=102368650/407938142 configured_ratio=0.250000 mask_strategy=percentile_per_layer scope=trainable_only
INFO:src.trainer:{'loss': 27.982912063598633, 'learning_rate': 1e-06, 'global_step': 5430, 'zo_forward_step': 10862, 'max_steps': 50000, 'max_zo_forward_steps': 0, 'time': 1296, 'eps': 1e-07, 'sparse_active_fraction': 0.25094159986638365}
INFO:src.trainer:[sparse-mezo] global_step=5440 active_fraction=0.250942 active_params=102368650/407938142 configured_ratio=0.250000 mask_strategy=percentile_per_layer scope=trainable_only
INFO:src.trainer:{'loss': 33.884761810302734, 'learning_rate': 1e-06, 'global_step': 5440, 'zo_forward_step': 10882, 'max_steps': 50000, 'max_zo_forward_steps': 0, 'time': 1298, 'eps': 1e-07, 'sparse_active_fraction': 0.25094159986638365}
INFO:src.trainer:[sparse-mezo] global_step=5450 active_fraction=0.250942 active_params=102368650/407938142 configured_ratio=0.250000 mask_strategy=percentile_per_layer scope=trainable_only
INFO:src.trainer:{'loss': 38.48681640625, 'learning_rate': 1e-06, 'global_step': 5450, 'zo_forward_step': 10902, 'max_steps': 50000, 'max_zo_forward_steps': 0, 'time': 1300, 'eps': 1e-07, 'sparse_active_fraction': 0.25094159986638365}
INFO:src.trainer:[sparse-mezo] global_step=5460 active_fraction=0.250942 active_params=102368650/407938142 configured_ratio=0.250000 mask_strategy=percentile_per_layer scope=trainable_only
INFO:src.trainer:{'loss': 36.154296875, 'learning_rate': 1e-06, 'global_step': 5460, 'zo_forward_step': 10922, 'max_steps': 50000, 'max_zo_forward_steps': 0, 'time': 1302, 'eps': 1e-07, 'sparse_active_fraction': 0.25094159986638365}
INFO:src.trainer:[sparse-mezo] global_step=5470 active_fraction=0.250942 active_params=102368650/407938142 configured_ratio=0.250000 mask_strategy=percentile_per_layer scope=trainable_only
INFO:src.trainer:{'loss': 20.930721282958984, 'learning_rate': 1e-06, 'global_step': 5470, 'zo_forward_step': 10942, 'max_steps': 50000, 'max_zo_forward_steps': 0, 'time': 1304, 'eps': 1e-07, 'sparse_active_fraction': 0.25094159986638365}
INFO:src.trainer:[sparse-mezo] global_step=5480 active_fraction=0.250942 active_params=102368650/407938142 configured_ratio=0.250000 mask_strategy=percentile_per_layer scope=trainable_only
INFO:src.trainer:{'loss': 19.632850646972656, 'learning_rate': 1e-06, 'global_step': 5480, 'zo_forward_step': 10962, 'max_steps': 50000, 'max_zo_forward_steps': 0, 'time': 1306, 'eps': 1e-07, 'sparse_active_fraction': 0.25094159986638365}
INFO:src.trainer:[sparse-mezo] global_step=5490 active_fraction=0.250942 active_params=102368650/407938142 configured_ratio=0.250000 mask_strategy=percentile_per_layer scope=trainable_only
INFO:src.trainer:{'loss': 29.91796875, 'learning_rate': 1e-06, 'global_step': 5490, 'zo_forward_step': 10982, 'max_steps': 50000, 'max_zo_forward_steps': 0, 'time': 1308, 'eps': 1e-07, 'sparse_active_fraction': 0.25094159986638365}
INFO:src.trainer:[sparse-mezo] global_step=5500 active_fraction=0.250625 active_params=102239372/407938142 configured_ratio=0.250000 mask_strategy=percentile_per_layer scope=trainable_only
INFO:src.trainer:{'loss': 21.34907341003418, 'learning_rate': 1e-06, 'global_step': 5500, 'zo_forward_step': 11002, 'max_steps': 50000, 'max_zo_forward_steps': 0, 'time': 1312, 'eps': 1e-07, 'sparse_active_fraction': 0.25062469397627446}
INFO:src.trainer:[sparse-mezo] global_step=5510 active_fraction=0.250625 active_params=102239372/407938142 configured_ratio=0.250000 mask_strategy=percentile_per_layer scope=trainable_only
INFO:src.trainer:{'loss': 18.331039428710938, 'learning_rate': 1e-06, 'global_step': 5510, 'zo_forward_step': 11022, 'max_steps': 50000, 'max_zo_forward_steps': 0, 'time': 1314, 'eps': 1e-07, 'sparse_active_fraction': 0.25062469397627446}
INFO:src.trainer:[sparse-mezo] global_step=5520 active_fraction=0.250625 active_params=102239372/407938142 configured_ratio=0.250000 mask_strategy=percentile_per_layer scope=trainable_only
INFO:src.trainer:{'loss': 19.74095916748047, 'learning_rate': 1e-06, 'global_step': 5520, 'zo_forward_step': 11042, 'max_steps': 50000, 'max_zo_forward_steps': 0, 'time': 1316, 'eps': 1e-07, 'sparse_active_fraction': 0.25062469397627446}
INFO:src.trainer:[sparse-mezo] global_step=5530 active_fraction=0.250625 active_params=102239372/407938142 configured_ratio=0.250000 mask_strategy=percentile_per_layer scope=trainable_only
INFO:src.trainer:{'loss': 21.630617141723633, 'learning_rate': 1e-06, 'global_step': 5530, 'zo_forward_step': 11062, 'max_steps': 50000, 'max_zo_forward_steps': 0, 'time': 1318, 'eps': 1e-07, 'sparse_active_fraction': 0.25062469397627446}
INFO:src.trainer:[sparse-mezo] global_step=5540 active_fraction=0.250625 active_params=102239372/407938142 configured_ratio=0.250000 mask_strategy=percentile_per_layer scope=trainable_only
INFO:src.trainer:{'loss': 39.44921875, 'learning_rate': 1e-06, 'global_step': 5540, 'zo_forward_step': 11082, 'max_steps': 50000, 'max_zo_forward_steps': 0, 'time': 1320, 'eps': 1e-07, 'sparse_active_fraction': 0.25062469397627446}
INFO:src.trainer:[sparse-mezo] global_step=5550 active_fraction=0.250625 active_params=102239372/407938142 configured_ratio=0.250000 mask_strategy=percentile_per_layer scope=trainable_only
INFO:src.trainer:{'loss': 35.7890625, 'learning_rate': 1e-06, 'global_step': 5550, 'zo_forward_step': 11102, 'max_steps': 50000, 'max_zo_forward_steps': 0, 'time': 1322, 'eps': 1e-07, 'sparse_active_fraction': 0.25062469397627446}
INFO:src.trainer:[sparse-mezo] global_step=5560 active_fraction=0.250625 active_params=102239372/407938142 configured_ratio=0.250000 mask_strategy=percentile_per_layer scope=trainable_only
INFO:src.trainer:{'loss': 33.4912109375, 'learning_rate': 1e-06, 'global_step': 5560, 'zo_forward_step': 11122, 'max_steps': 50000, 'max_zo_forward_steps': 0, 'time': 1324, 'eps': 1e-07, 'sparse_active_fraction': 0.25062469397627446}
INFO:src.trainer:[sparse-mezo] global_step=5570 active_fraction=0.250625 active_params=102239372/407938142 configured_ratio=0.250000 mask_strategy=percentile_per_layer scope=trainable_only
INFO:src.trainer:{'loss': 28.064208984375, 'learning_rate': 1e-06, 'global_step': 5570, 'zo_forward_step': 11142, 'max_steps': 50000, 'max_zo_forward_steps': 0, 'time': 1326, 'eps': 1e-07, 'sparse_active_fraction': 0.25062469397627446}
INFO:src.trainer:[sparse-mezo] global_step=5580 active_fraction=0.250625 active_params=102239372/407938142 configured_ratio=0.250000 mask_strategy=percentile_per_layer scope=trainable_only
INFO:src.trainer:{'loss': 26.22119140625, 'learning_rate': 1e-06, 'global_step': 5580, 'zo_forward_step': 11162, 'max_steps': 50000, 'max_zo_forward_steps': 0, 'time': 1328, 'eps': 1e-07, 'sparse_active_fraction': 0.25062469397627446}
INFO:src.trainer:[sparse-mezo] global_step=5590 active_fraction=0.250625 active_params=102239372/407938142 configured_ratio=0.250000 mask_strategy=percentile_per_layer scope=trainable_only
INFO:src.trainer:{'loss': 30.634281158447266, 'learning_rate': 1e-06, 'global_step': 5590, 'zo_forward_step': 11182, 'max_steps': 50000, 'max_zo_forward_steps': 0, 'time': 1330, 'eps': 1e-07, 'sparse_active_fraction': 0.25062469397627446}
INFO:src.trainer:[sparse-mezo] global_step=5600 active_fraction=0.250713 active_params=102275443/407938142 configured_ratio=0.250000 mask_strategy=percentile_per_layer scope=trainable_only
INFO:src.trainer:[zo_probe] step=5600 eps=1.000e-07 precision=fp16 n=16 mae=2.078311e+04 mse=7.018102e+08 rmse=2.649170e+04 sign_acc=1.0000 corr=0.780902
INFO:src.trainer:{'loss': 15.11669921875, 'learning_rate': 1e-06, 'global_step': 5600, 'zo_forward_step': 11202, 'max_steps': 50000, 'max_zo_forward_steps': 0, 'time': 1337, 'eps': 1e-07, 'sparse_active_fraction': 0.2507131166960112}
INFO:src.trainer:[sparse-mezo] global_step=5610 active_fraction=0.250713 active_params=102275443/407938142 configured_ratio=0.250000 mask_strategy=percentile_per_layer scope=trainable_only
INFO:src.trainer:{'loss': 21.145809173583984, 'learning_rate': 1e-06, 'global_step': 5610, 'zo_forward_step': 11222, 'max_steps': 50000, 'max_zo_forward_steps': 0, 'time': 1339, 'eps': 1e-07, 'sparse_active_fraction': 0.2507131166960112}
INFO:src.trainer:[sparse-mezo] global_step=5620 active_fraction=0.250713 active_params=102275443/407938142 configured_ratio=0.250000 mask_strategy=percentile_per_layer scope=trainable_only
INFO:src.trainer:{'loss': 35.29248046875, 'learning_rate': 1e-06, 'global_step': 5620, 'zo_forward_step': 11242, 'max_steps': 50000, 'max_zo_forward_steps': 0, 'time': 1341, 'eps': 1e-07, 'sparse_active_fraction': 0.2507131166960112}
INFO:src.trainer:[sparse-mezo] global_step=5630 active_fraction=0.250713 active_params=102275443/407938142 configured_ratio=0.250000 mask_strategy=percentile_per_layer scope=trainable_only
INFO:src.trainer:{'loss': 27.006149291992188, 'learning_rate': 1e-06, 'global_step': 5630, 'zo_forward_step': 11262, 'max_steps': 50000, 'max_zo_forward_steps': 0, 'time': 1343, 'eps': 1e-07, 'sparse_active_fraction': 0.2507131166960112}
INFO:src.trainer:[sparse-mezo] global_step=5640 active_fraction=0.250713 active_params=102275443/407938142 configured_ratio=0.250000 mask_strategy=percentile_per_layer scope=trainable_only
INFO:src.trainer:{'loss': 24.710575103759766, 'learning_rate': 1e-06, 'global_step': 5640, 'zo_forward_step': 11282, 'max_steps': 50000, 'max_zo_forward_steps': 0, 'time': 1346, 'eps': 1e-07, 'sparse_active_fraction': 0.2507131166960112}
INFO:src.trainer:[sparse-mezo] global_step=5650 active_fraction=0.250713 active_params=102275443/407938142 configured_ratio=0.250000 mask_strategy=percentile_per_layer scope=trainable_only
INFO:src.trainer:{'loss': 28.02288246154785, 'learning_rate': 1e-06, 'global_step': 5650, 'zo_forward_step': 11302, 'max_steps': 50000, 'max_zo_forward_steps': 0, 'time': 1348, 'eps': 1e-07, 'sparse_active_fraction': 0.2507131166960112}
INFO:src.trainer:[sparse-mezo] global_step=5660 active_fraction=0.250713 active_params=102275443/407938142 configured_ratio=0.250000 mask_strategy=percentile_per_layer scope=trainable_only
INFO:src.trainer:{'loss': 41.785701751708984, 'learning_rate': 1e-06, 'global_step': 5660, 'zo_forward_step': 11322, 'max_steps': 50000, 'max_zo_forward_steps': 0, 'time': 1350, 'eps': 1e-07, 'sparse_active_fraction': 0.2507131166960112}
INFO:src.trainer:[sparse-mezo] global_step=5670 active_fraction=0.250713 active_params=102275443/407938142 configured_ratio=0.250000 mask_strategy=percentile_per_layer scope=trainable_only
INFO:src.trainer:{'loss': 41.67958068847656, 'learning_rate': 1e-06, 'global_step': 5670, 'zo_forward_step': 11342, 'max_steps': 50000, 'max_zo_forward_steps': 0, 'time': 1352, 'eps': 1e-07, 'sparse_active_fraction': 0.2507131166960112}
INFO:src.trainer:[sparse-mezo] global_step=5680 active_fraction=0.250713 active_params=102275443/407938142 configured_ratio=0.250000 mask_strategy=percentile_per_layer scope=trainable_only
INFO:src.trainer:{'loss': 28.41153907775879, 'learning_rate': 1e-06, 'global_step': 5680, 'zo_forward_step': 11362, 'max_steps': 50000, 'max_zo_forward_steps': 0, 'time': 1354, 'eps': 1e-07, 'sparse_active_fraction': 0.2507131166960112}
INFO:src.trainer:[sparse-mezo] global_step=5690 active_fraction=0.250713 active_params=102275443/407938142 configured_ratio=0.250000 mask_strategy=percentile_per_layer scope=trainable_only
INFO:src.trainer:{'loss': 37.52545166015625, 'learning_rate': 1e-06, 'global_step': 5690, 'zo_forward_step': 11382, 'max_steps': 50000, 'max_zo_forward_steps': 0, 'time': 1356, 'eps': 1e-07, 'sparse_active_fraction': 0.2507131166960112}
INFO:src.trainer:[sparse-mezo] global_step=5700 active_fraction=0.250587 active_params=102223846/407938142 configured_ratio=0.250000 mask_strategy=percentile_per_layer scope=trainable_only
INFO:src.trainer:{'loss': 31.123687744140625, 'learning_rate': 1e-06, 'global_step': 5700, 'zo_forward_step': 11402, 'max_steps': 50000, 'max_zo_forward_steps': 0, 'time': 1359, 'eps': 1e-07, 'sparse_active_fraction': 0.2505866342843715}
INFO:src.trainer:[sparse-mezo] global_step=5710 active_fraction=0.250587 active_params=102223846/407938142 configured_ratio=0.250000 mask_strategy=percentile_per_layer scope=trainable_only
INFO:src.trainer:{'loss': 30.2626953125, 'learning_rate': 1e-06, 'global_step': 5710, 'zo_forward_step': 11422, 'max_steps': 50000, 'max_zo_forward_steps': 0, 'time': 1361, 'eps': 1e-07, 'sparse_active_fraction': 0.2505866342843715}
INFO:src.trainer:[sparse-mezo] global_step=5720 active_fraction=0.250587 active_params=102223846/407938142 configured_ratio=0.250000 mask_strategy=percentile_per_layer scope=trainable_only
INFO:src.trainer:{'loss': 31.798095703125, 'learning_rate': 1e-06, 'global_step': 5720, 'zo_forward_step': 11442, 'max_steps': 50000, 'max_zo_forward_steps': 0, 'time': 1363, 'eps': 1e-07, 'sparse_active_fraction': 0.2505866342843715}
INFO:src.trainer:[sparse-mezo] global_step=5730 active_fraction=0.250587 active_params=102223846/407938142 configured_ratio=0.250000 mask_strategy=percentile_per_layer scope=trainable_only
INFO:src.trainer:{'loss': 36.75202560424805, 'learning_rate': 1e-06, 'global_step': 5730, 'zo_forward_step': 11462, 'max_steps': 50000, 'max_zo_forward_steps': 0, 'time': 1366, 'eps': 1e-07, 'sparse_active_fraction': 0.2505866342843715}
INFO:src.trainer:[sparse-mezo] global_step=5740 active_fraction=0.250587 active_params=102223846/407938142 configured_ratio=0.250000 mask_strategy=percentile_per_layer scope=trainable_only
INFO:src.trainer:{'loss': 21.802284240722656, 'learning_rate': 1e-06, 'global_step': 5740, 'zo_forward_step': 11482, 'max_steps': 50000, 'max_zo_forward_steps': 0, 'time': 1368, 'eps': 1e-07, 'sparse_active_fraction': 0.2505866342843715}
INFO:src.trainer:[sparse-mezo] global_step=5750 active_fraction=0.250587 active_params=102223846/407938142 configured_ratio=0.250000 mask_strategy=percentile_per_layer scope=trainable_only
INFO:src.trainer:{'loss': 22.734933853149414, 'learning_rate': 1e-06, 'global_step': 5750, 'zo_forward_step': 11502, 'max_steps': 50000, 'max_zo_forward_steps': 0, 'time': 1370, 'eps': 1e-07, 'sparse_active_fraction': 0.2505866342843715}
INFO:src.trainer:[sparse-mezo] global_step=5760 active_fraction=0.250587 active_params=102223846/407938142 configured_ratio=0.250000 mask_strategy=percentile_per_layer scope=trainable_only
INFO:src.trainer:{'loss': 34.41845703125, 'learning_rate': 1e-06, 'global_step': 5760, 'zo_forward_step': 11522, 'max_steps': 50000, 'max_zo_forward_steps': 0, 'time': 1372, 'eps': 1e-07, 'sparse_active_fraction': 0.2505866342843715}
INFO:src.trainer:[sparse-mezo] global_step=5770 active_fraction=0.250587 active_params=102223846/407938142 configured_ratio=0.250000 mask_strategy=percentile_per_layer scope=trainable_only
INFO:src.trainer:{'loss': 35.52294921875, 'learning_rate': 1e-06, 'global_step': 5770, 'zo_forward_step': 11542, 'max_steps': 50000, 'max_zo_forward_steps': 0, 'time': 1374, 'eps': 1e-07, 'sparse_active_fraction': 0.2505866342843715}
WARNING:src.trainer:NaN encountered in loss during ZO forward step.
[nan-guard] reached 1 consecutive NaN tokens on stderr; terminating child process 3055564.
[nan-guard] terminated child after 1 consecutive NaN tokens.
