SLURM_ARRAY_TASK_ID=7
TASK=sst-5 MODEL=roberta-large K=16
BS=32 LR=1e-6 STEP=20000 EVAL_STEP=200
USE_H=False USE_C=False DATALOADER_SHUFFLE=False
ZO_PROBE_EVERY=200 ZO_PROBE_NUM_SEEDS=16
PRECISIONS=fp32 fp16
SEEDS=13
ARRAY MODE: index=7/26 -> precision=fp32, eps=3e-5, seed=13
>>> Running precision=fp32, eps=3e-5, seed=13
TASK: sst-5
K: 16
Seed: 13
Data seed: 16
BS: 32
LR: 1e-6
EPS: 3e-5
Step: 20000; Eval step: 200
Using adaptive h: False
Dataloader shuffle: False
Grid search tag: seed13-bs32-lr1e-6-eps3e-5-wd0-step20000-evalstep200
Tag: k16-roberta-large-mezo-h-precision-sweep
Result root: /home/jy03364/MeZO/medium_models/sh_file/sst5/bs32/h_precision_sweep/result/sst5-bs32-h-precision-sweep/fp32
Job name: eps_3e-5
Output dir: /home/jy03364/MeZO/medium_models/sh_file/sst5/bs32/h_precision_sweep/result/sst5-bs32-h-precision-sweep/fp32/eps_3e-5/seed13
GPU数量: 1
03/26/2026 01:00:23 - WARNING - __main__ -   Process rank: -1, device: cuda:0, n_gpu: 1, distributed training: False, 16-bits training: False
03/26/2026 01:00:23 - INFO - __main__ -   Training/evaluation parameters DynamicTrainingArguments(
_n_gpu=1,
accelerator_config={'split_batches': False, 'dispatch_batches': None, 'even_batches': True, 'use_seedable_sampler': True, 'non_blocking': False, 'gradient_accumulation_kwargs': None, 'use_configured_state': False},
adafactor=False,
adam_beta1=0.9,
adam_beta2=0.999,
adam_epsilon=1e-08,
adjust_for_init=False,
array_id=-1,
auto_find_batch_size=False,
average_tokens_across_devices=False,
batch_eval_metrics=False,
bf16=False,
bf16_full_eval=False,
binary_classification=False,
change_grad_estimate=False,
data_seed=16,
dataloader_drop_last=False,
dataloader_num_workers=0,
dataloader_persistent_workers=False,
dataloader_pin_memory=True,
dataloader_prefetch_factor=None,
dataloader_shuffle=False,
ddp_backend=None,
ddp_broadcast_buffers=None,
ddp_bucket_cap_mb=None,
ddp_find_unused_parameters=None,
ddp_timeout=1800,
debug=[],
deepspeed=None,
disable_tqdm=False,
do_eval=True,
do_predict=True,
do_train=True,
efficient_zero_order=True,
efficient_zero_order_fp16=False,
eval_accumulation_steps=None,
eval_delay=0,
eval_do_concat_batches=True,
eval_on_start=False,
eval_steps=200.0,
eval_strategy=IntervalStrategy.NO,
eval_use_gather_object=False,
evaluate_during_training=True,
exclude_embeddings=False,
exclude_first_layers=-1,
exclude_head=False,
f0_scaling=1.0,
fix_layers=0,
fp16=False,
fp16_backend=auto,
fp16_full_eval=False,
fp16_opt_level=O1,
from_linearhead=False,
fsdp=[],
fsdp_config={'min_num_params': 0, 'xla': False, 'xla_fsdp_v2': False, 'xla_fsdp_grad_ckpt': False},
fsdp_min_num_params=0,
fsdp_transformer_layer_cls_to_wrap=None,
full_determinism=False,
gradient_accumulation_steps=1,
gradient_checkpointing=False,
gradient_checkpointing_kwargs=None,
greater_is_better=None,
group_by_length=False,
half_precision_backend=auto,
head_tuning=False,
hf_inference_model=False,
hub_always_push=False,
hub_model_id=None,
hub_private_repo=None,
hub_revision=None,
hub_strategy=HubStrategy.EVERY_SAVE,
hub_token=<HUB_TOKEN>,
ignore_data_skip=False,
include_for_metrics=[],
include_inputs_for_metrics=False,
include_num_input_tokens_seen=False,
include_tokens_per_second=False,
jit_mode_eval=False,
kernel_formula=sgd,
kernel_gamma=1.0,
kernel_regularization=0.0,
kernel_solver=logistic,
label_names=None,
label_smoothing_factor=0.0,
layer_wise_optim=False,
learning_rate=1e-06,
length_column_name=length,
liger_kernel_config=None,
load_best_model_at_end=False,
load_kernels=None,
local_rank=-1,
log_file=log-USE_H0-USE_C0,
log_level=passive,
log_level_replica=warning,
log_on_each_node=True,
logging_dir=/home/jy03364/MeZO/medium_models/sh_file/sst5/bs32/h_precision_sweep/result/sst5-bs32-h-precision-sweep/fp32/eps_3e-5/seed13/runs/Mar26_01-00-23_ra7-4,
logging_first_step=False,
logging_nan_inf_filter=True,
logging_steps=10,
logging_strategy=IntervalStrategy.STEPS,
lp_early_stopping=False,
lr_scheduler_kwargs={},
lr_scheduler_type=SchedulerType.CONSTANT,
max_grad_norm=1.0,
max_steps=20000,
max_zo_forward_steps=0,
mc_tol=0.1,
metric_for_best_model=None,
model_id=-1,
mp_parameters=,
neftune_noise_alpha=None,
no_cuda=False,
no_predict=False,
no_reparam=False,
no_train=False,
norm_running_update=False,
num_hvp_vecs=128,
num_prefix=10,
num_train_epochs=3.0,
only_biases=False,
optim=OptimizerNames.ADAMW_TORCH,
optim_args=None,
optim_target_modules=None,
optimize_acc=False,
optimizer=sgd,
optimizer_variant=,
output_dir=/home/jy03364/MeZO/medium_models/sh_file/sst5/bs32/h_precision_sweep/result/sst5-bs32-h-precision-sweep/fp32/eps_3e-5/seed13,
overwrite_kernels=False,
overwrite_output_dir=True,
parallelism_config=None,
past_index=-1,
per_device_eval_batch_size=4,
per_device_train_batch_size=32,
prediction_loss_only=False,
prefix_init_by_real_act=False,
prefix_tuning=False,
prob_as_feature=False,
push_to_hub=False,
push_to_hub_model_id=None,
push_to_hub_organization=None,
push_to_hub_token=<PUSH_TO_HUB_TOKEN>,
random_model_init=False,
ray_scope=last,
recompute_norms=False,
remove_unused_columns=True,
report_to=[],
restore_callback_states_from_checkpoint=False,
resume_from_checkpoint=None,
run_name=None,
save_at_last=False,
save_logit=False,
save_logit_dir=None,
save_on_each_node=False,
save_only_model=False,
save_safetensors=True,
save_steps=500,
save_strategy=SaveStrategy.STEPS,
save_total_limit=None,
scale_lr_with_samples=False,
scale_norm_by_num_params=False,
seed=13,
skip_memory_metrics=True,
sweep=False,
sync_embedding_layers=False,
tf32=None,
tie_emb=False,
torch_compile=False,
torch_compile_backend=None,
torch_compile_mode=None,
torch_empty_cache_steps=None,
torchdynamo=None,
tpu_metrics_debug=False,
tpu_num_cores=None,
trainer=standard,
untie_emb=False,
update_noise_every=1000,
use_adaptive_h=False,
use_c_scale=False,
use_cpu=False,
use_ipex=False,
use_legacy_prediction_loop=False,
use_liger_kernel=False,
use_mps_device=False,
use_zo_grad_est=False,
warmup_ratio=0.0,
warmup_steps=0,
weight_decay=0.0,
zero_order_clip_grad=False,
zero_order_eps=3e-05,
zero_order_optim=True,
zero_order_sample=1,
zero_order_sample_scheduler=None,
zero_order_use_trainer_optim=False,
zo_by_layer=False,
zo_probe_every=200,
zo_probe_log_csv=True,
zo_probe_num_seeds=16,
zo_two_point_precision=fp32,
zo_use_true_directional_derivative=False,
zo_variant=None,
)
03/26/2026 01:00:23 - INFO - __main__ -   [zo-config] zo_two_point_precision=fp32 | zero_order_eps=3e-05 | zo_use_true_directional_derivative=False
03/26/2026 01:00:23 - INFO - __main__ -   Task name: sst-5, number of labels: 5, output mode: classification
03/26/2026 01:00:24 - WARNING - src.models -   By default for RoBERTa models the input embeddings and the output embeddings are NOT tied!!!!
Some weights of RobertaModelForPromptFinetuning were not initialized from the model checkpoint at roberta-large and are newly initialized: ['classifier.bias', 'classifier.weight', 'lm_head.decoder.weight', 'roberta.pooler.dense.bias', 'roberta.pooler.dense.weight']
You should probably TRAIN this model on a down-stream task to be able to use it for predictions and inference.
03/26/2026 01:00:24 - INFO - src.dataset -   Label 0 to word Ġterrible (6587)
03/26/2026 01:00:24 - INFO - src.dataset -   Label 1 to word Ġbad (1099)
03/26/2026 01:00:24 - INFO - src.dataset -   Label 2 to word Ġokay (8578)
03/26/2026 01:00:24 - INFO - src.dataset -   Label 3 to word Ġgood (205)
03/26/2026 01:00:24 - INFO - src.dataset -   Label 4 to word Ġgreat (372)
03/26/2026 01:00:24 - INFO - src.dataset -   Total num_sample for mode train: 1
03/26/2026 01:00:24 - INFO - src.dataset -   Creating/loading examples from dataset file at data/k-shot-1k-test/sst-5/16-13
03/26/2026 01:00:24 - INFO - src.dataset -   [FewShotDataset] Skip cache in TRAIN mode to avoid OOM on large datasets (e.g., MNLI).
03/26/2026 01:00:24 - INFO - src.dataset -   Creating features from dataset file at data/k-shot-1k-test/sst-5/16-13
03/26/2026 01:00:24 - INFO - src.dataset -   Label 0 to word Ġterrible (6587)
03/26/2026 01:00:24 - INFO - src.dataset -   Label 1 to word Ġbad (1099)
03/26/2026 01:00:24 - INFO - src.dataset -   Label 2 to word Ġokay (8578)
03/26/2026 01:00:24 - INFO - src.dataset -   Label 3 to word Ġgood (205)
03/26/2026 01:00:24 - INFO - src.dataset -   Label 4 to word Ġgreat (372)
03/26/2026 01:00:24 - INFO - src.dataset -   Total num_sample for mode dev: 1
03/26/2026 01:00:24 - INFO - src.dataset -   Creating/loading examples from dataset file at data/k-shot-1k-test/sst-5/16-13
/home/jy03364/MeZO/medium_models/src/dataset.py:363: FutureWarning: You are using `torch.load` with `weights_only=False` (the current default value), which uses the default pickle module implicitly. It is possible to construct malicious pickle data which will execute arbitrary code during unpickling (See https://github.com/pytorch/pytorch/blob/main/SECURITY.md#untrusted-models for more details). In a future release, the default value for `weights_only` will be flipped to `True`. This limits the functions that could be executed during unpickling. Arbitrary objects will no longer be allowed to be loaded via this mode unless they are explicitly allowlisted by the user via `torch.serialization.add_safe_globals`. We recommend you start setting `weights_only=True` for any use case where you don't have full control of the loaded file. Please open an issue on GitHub for any issues related to this experimental feature.
  self.support_examples, self.query_examples = torch.load(cached_features_file)
03/26/2026 01:00:24 - INFO - src.dataset -   Loading features from cached file data/k-shot-1k-test/sst-5/16-13/cached_dev_RobertaTokenizerFast-roberta_128_sst-5 [took 0.001 s]
03/26/2026 01:00:24 - INFO - src.dataset -   *** Example ***
03/26/2026 01:00:24 - INFO - src.dataset -   guid: dev-0
03/26/2026 01:00:24 - INFO - src.dataset -   features: OurInputFeatures(input_ids=[0, 8467, 22805, 10200, 2156, 19, 14353, 27456, 2156, 7, 489, 5, 31823, 9, 21927, 3512, 444, 1755, 8, 1925, 12, 438, 6831, 1527, 284, 10603, 15, 65, 40764, 479, 85, 21, 50264, 4, 2], attention_mask=[1, 1, 1, 1, 1, 1, 1, 1, 1, 1, 1, 1, 1, 1, 1, 1, 1, 1, 1, 1, 1, 1, 1, 1, 1, 1, 1, 1, 1, 1, 1, 1, 1, 1, 1], token_type_ids=None, label=3, mask_pos=[32], label_word_list=None, sfc_input_ids=None, sfc_attention_mask=None, sfc_mask_pos=None)
03/26/2026 01:00:24 - INFO - src.dataset -   text: <s>khouri manages , with terrific flair , to keep the extremes of screwball farce and blood-curdling family intensity on one continuum . It was<mask>.</s>
03/26/2026 01:00:24 - INFO - src.dataset -   Label 0 to word Ġterrible (6587)
03/26/2026 01:00:24 - INFO - src.dataset -   Label 1 to word Ġbad (1099)
03/26/2026 01:00:24 - INFO - src.dataset -   Label 2 to word Ġokay (8578)
03/26/2026 01:00:24 - INFO - src.dataset -   Label 3 to word Ġgood (205)
03/26/2026 01:00:24 - INFO - src.dataset -   Label 4 to word Ġgreat (372)
03/26/2026 01:00:24 - INFO - src.dataset -   Total num_sample for mode test: 1
03/26/2026 01:00:24 - INFO - src.dataset -   Creating/loading examples from dataset file at data/k-shot-1k-test/sst-5/16-13
03/26/2026 01:00:24 - INFO - src.dataset -   Loading features from cached file data/k-shot-1k-test/sst-5/16-13/cached_test_RobertaTokenizerFast-roberta_128_sst-5 [took 0.002 s]
03/26/2026 01:00:24 - INFO - src.dataset -   *** Example ***
03/26/2026 01:00:24 - INFO - src.dataset -   guid: test-0
03/26/2026 01:00:24 - INFO - src.dataset -   features: OurInputFeatures(input_ids=[0, 281, 41, 2701, 2156, 5, 3152, 16, 34155, 1440, 479, 85, 21, 50264, 4, 2], attention_mask=[1, 1, 1, 1, 1, 1, 1, 1, 1, 1, 1, 1, 1, 1, 1, 1], token_type_ids=None, label=1, mask_pos=[13], label_word_list=None, sfc_input_ids=None, sfc_attention_mask=None, sfc_mask_pos=None)
03/26/2026 01:00:24 - INFO - src.dataset -   text: <s>as an actor , the rock is aptly named . It was<mask>.</s>
03/26/2026 01:00:25 - INFO - src.trainer -   [dataloader][debug] self class=Trainer, get_train_dataloader=<bound method Trainer.get_train_dataloader of <src.trainer.Trainer object at 0x1510601183e0>>
03/26/2026 01:00:25 - INFO - src.trainer -   [dataloader][override] Trainer.get_train_dataloader active. shuffle_raw=False type=bool -> shuffle=False; data_seed=16 seed=13 local_rank=-1
03/26/2026 01:00:25 - INFO - src.trainer -   [dataloader][override] selected sampler=SequentialSampler
03/26/2026 01:00:25 - INFO - src.trainer -   [dataloader] sampler=SequentialSampler, batch_sampler=BatchSampler
03/26/2026 01:00:25 - INFO - src.trainer -   [dataloader] training uses SequentialSampler (no shuffle).
03/26/2026 01:00:25 - INFO - src.trainer -   [dataloader] args.dataloader_shuffle=False
03/26/2026 01:00:25 - INFO - src.trainer -   [dataloader] args.data_seed=16 args.seed=13
03/26/2026 01:00:25 - INFO - src.trainer -   ***** Running training *****
03/26/2026 01:00:25 - INFO - src.trainer -     Num examples = 80
03/26/2026 01:00:25 - INFO - src.trainer -     Num Epochs = 6667
03/26/2026 01:00:25 - INFO - src.trainer -     Instantaneous batch size per device = 32
03/26/2026 01:00:25 - INFO - src.trainer -     Total train batch size (w. parallel, distributed & accumulation) = 32
03/26/2026 01:00:25 - INFO - src.trainer -     Gradient Accumulation steps = 1
03/26/2026 01:00:25 - INFO - src.trainer -     Total optimization steps = 20000
03/26/2026 01:00:25 - INFO - src.trainer -   [zo-config] zo_two_point_precision=fp32 | zero_order_eps=3e-05 | zo_use_true_directional_derivative=False
03/26/2026 01:00:25 - INFO - src.trainer -   [zo_probe] enabled: every=200, num_seeds=16, csv=/home/jy03364/MeZO/medium_models/sh_file/sst5/bs32/h_precision_sweep/result/sst5-bs32-h-precision-sweep/fp32/eps_3e-5/seed13/zo_directional_probe.csv
You're using a RobertaTokenizerFast tokenizer. Please note that with a fast tokenizer, using the `__call__` method is faster than using a method to encode the text followed by a call to the `pad` method to get a padded encoding.
03/26/2026 01:00:25 - INFO - src.trainer -   {'loss': 1.6227729320526123, 'learning_rate': 1e-06, 'global_step': 0, 'zo_forward_step': 2, 'max_steps': 20000, 'max_zo_forward_steps': 0, 'time': 0, 'eps': 3e-05}
03/26/2026 01:00:26 - INFO - src.trainer -   {'loss': 1.9387999773025513, 'learning_rate': 1e-06, 'global_step': 10, 'zo_forward_step': 22, 'max_steps': 20000, 'max_zo_forward_steps': 0, 'time': 1, 'eps': 3e-05}
03/26/2026 01:00:27 - INFO - src.trainer -   {'loss': 1.3544725179672241, 'learning_rate': 1e-06, 'global_step': 20, 'zo_forward_step': 42, 'max_steps': 20000, 'max_zo_forward_steps': 0, 'time': 2, 'eps': 3e-05}
03/26/2026 01:00:28 - INFO - src.trainer -   {'loss': 1.6335296630859375, 'learning_rate': 1e-06, 'global_step': 30, 'zo_forward_step': 62, 'max_steps': 20000, 'max_zo_forward_steps': 0, 'time': 3, 'eps': 3e-05}
03/26/2026 01:00:29 - INFO - src.trainer -   {'loss': 1.9315298795700073, 'learning_rate': 1e-06, 'global_step': 40, 'zo_forward_step': 82, 'max_steps': 20000, 'max_zo_forward_steps': 0, 'time': 4, 'eps': 3e-05}
03/26/2026 01:00:31 - INFO - src.trainer -   {'loss': 1.3603988885879517, 'learning_rate': 1e-06, 'global_step': 50, 'zo_forward_step': 102, 'max_steps': 20000, 'max_zo_forward_steps': 0, 'time': 5, 'eps': 3e-05}
03/26/2026 01:00:32 - INFO - src.trainer -   {'loss': 1.6439675092697144, 'learning_rate': 1e-06, 'global_step': 60, 'zo_forward_step': 122, 'max_steps': 20000, 'max_zo_forward_steps': 0, 'time': 7, 'eps': 3e-05}
03/26/2026 01:00:33 - INFO - src.trainer -   {'loss': 1.9277223348617554, 'learning_rate': 1e-06, 'global_step': 70, 'zo_forward_step': 142, 'max_steps': 20000, 'max_zo_forward_steps': 0, 'time': 8, 'eps': 3e-05}
03/26/2026 01:00:35 - INFO - src.trainer -   {'loss': 1.3336294889450073, 'learning_rate': 1e-06, 'global_step': 80, 'zo_forward_step': 162, 'max_steps': 20000, 'max_zo_forward_steps': 0, 'time': 10, 'eps': 3e-05}
03/26/2026 01:00:36 - INFO - src.trainer -   {'loss': 1.6505887508392334, 'learning_rate': 1e-06, 'global_step': 90, 'zo_forward_step': 182, 'max_steps': 20000, 'max_zo_forward_steps': 0, 'time': 11, 'eps': 3e-05}
03/26/2026 01:00:37 - INFO - src.trainer -   {'loss': 1.930327296257019, 'learning_rate': 1e-06, 'global_step': 100, 'zo_forward_step': 202, 'max_steps': 20000, 'max_zo_forward_steps': 0, 'time': 12, 'eps': 3e-05}
03/26/2026 01:00:38 - INFO - src.trainer -   {'loss': 1.3168935775756836, 'learning_rate': 1e-06, 'global_step': 110, 'zo_forward_step': 222, 'max_steps': 20000, 'max_zo_forward_steps': 0, 'time': 13, 'eps': 3e-05}
03/26/2026 01:00:39 - INFO - src.trainer -   {'loss': 1.661073088645935, 'learning_rate': 1e-06, 'global_step': 120, 'zo_forward_step': 242, 'max_steps': 20000, 'max_zo_forward_steps': 0, 'time': 14, 'eps': 3e-05}
03/26/2026 01:00:40 - INFO - src.trainer -   {'loss': 1.9056406021118164, 'learning_rate': 1e-06, 'global_step': 130, 'zo_forward_step': 262, 'max_steps': 20000, 'max_zo_forward_steps': 0, 'time': 15, 'eps': 3e-05}
03/26/2026 01:00:41 - INFO - src.trainer -   {'loss': 1.32858407497406, 'learning_rate': 1e-06, 'global_step': 140, 'zo_forward_step': 282, 'max_steps': 20000, 'max_zo_forward_steps': 0, 'time': 16, 'eps': 3e-05}
03/26/2026 01:00:43 - INFO - src.trainer -   {'loss': 1.6586947441101074, 'learning_rate': 1e-06, 'global_step': 150, 'zo_forward_step': 302, 'max_steps': 20000, 'max_zo_forward_steps': 0, 'time': 18, 'eps': 3e-05}
03/26/2026 01:00:44 - INFO - src.trainer -   {'loss': 1.9004594087600708, 'learning_rate': 1e-06, 'global_step': 160, 'zo_forward_step': 322, 'max_steps': 20000, 'max_zo_forward_steps': 0, 'time': 19, 'eps': 3e-05}
03/26/2026 01:00:45 - INFO - src.trainer -   {'loss': 1.3214410543441772, 'learning_rate': 1e-06, 'global_step': 170, 'zo_forward_step': 342, 'max_steps': 20000, 'max_zo_forward_steps': 0, 'time': 20, 'eps': 3e-05}
03/26/2026 01:00:46 - INFO - src.trainer -   {'loss': 1.649895191192627, 'learning_rate': 1e-06, 'global_step': 180, 'zo_forward_step': 362, 'max_steps': 20000, 'max_zo_forward_steps': 0, 'time': 21, 'eps': 3e-05}
03/26/2026 01:00:47 - INFO - src.trainer -   {'loss': 1.8907428979873657, 'learning_rate': 1e-06, 'global_step': 190, 'zo_forward_step': 382, 'max_steps': 20000, 'max_zo_forward_steps': 0, 'time': 22, 'eps': 3e-05}
/home/jy03364/.conda/envs/ciao/lib/python3.12/site-packages/transformers/trainer_pt_utils.py:476: FutureWarning: DistributedTensorGatherer is deprecated and will be removed in v5 of Transformers.
  warnings.warn(
RobertaConfig {
  "architectures": [
    "RobertaForMaskedLM"
  ],
  "attention_probs_dropout_prob": 0.1,
  "bos_token_id": 0,
  "classifier_dropout": null,
  "dtype": "float32",
  "eos_token_id": 2,
  "finetuning_task": "sst-5",
  "hidden_act": "gelu",
  "hidden_dropout_prob": 0.1,
  "hidden_size": 1024,
  "id2label": {
    "0": "LABEL_0",
    "1": "LABEL_1",
    "2": "LABEL_2",
    "3": "LABEL_3",
    "4": "LABEL_4"
  },
  "initializer_range": 0.02,
  "intermediate_size": 4096,
  "label2id": {
    "LABEL_0": 0,
    "LABEL_1": 1,
    "LABEL_2": 2,
    "LABEL_3": 3,
    "LABEL_4": 4
  },
  "layer_norm_eps": 1e-05,
  "max_position_embeddings": 514,
  "model_type": "roberta",
  "num_attention_heads": 16,
  "num_hidden_layers": 24,
  "pad_token_id": 1,
  "position_embedding_type": "absolute",
  "transformers_version": "4.56.0",
  "type_vocab_size": 1,
  "use_cache": true,
  "vocab_size": 50265
}

  0%|          | 0/20 [00:00<?, ?it/s] 60%|██████    | 12/20 [00:00<00:00, 111.70it/s]03/26/2026 01:00:48 - INFO - src.trainer -   {'eval_loss': 1.6943531036376953, 'eval_acc': 0.1875}
03/26/2026 01:00:48 - INFO - src.trainer -   Best dev result: 0.1875
03/26/2026 01:00:51 - INFO - src.trainer -   [zo_probe] step=200 eps=3.000e-05 precision=fp32 n=16 mae=2.379671e-03 rmse=2.916025e-03 sign_acc=1.0000 corr=1.000000
03/26/2026 01:00:51 - INFO - src.trainer -   {'loss': 1.323745846748352, 'learning_rate': 1e-06, 'global_step': 200, 'zo_forward_step': 402, 'max_steps': 20000, 'max_zo_forward_steps': 0, 'time': 26, 'eps': 3e-05}
03/26/2026 01:00:52 - INFO - src.trainer -   {'loss': 1.6584241390228271, 'learning_rate': 1e-06, 'global_step': 210, 'zo_forward_step': 422, 'max_steps': 20000, 'max_zo_forward_steps': 0, 'time': 27, 'eps': 3e-05}
03/26/2026 01:00:53 - INFO - src.trainer -   {'loss': 1.8684180974960327, 'learning_rate': 1e-06, 'global_step': 220, 'zo_forward_step': 442, 'max_steps': 20000, 'max_zo_forward_steps': 0, 'time': 28, 'eps': 3e-05}
03/26/2026 01:00:55 - INFO - src.trainer -   {'loss': 1.3145616054534912, 'learning_rate': 1e-06, 'global_step': 230, 'zo_forward_step': 462, 'max_steps': 20000, 'max_zo_forward_steps': 0, 'time': 29, 'eps': 3e-05}
03/26/2026 01:00:56 - INFO - src.trainer -   {'loss': 1.6641360521316528, 'learning_rate': 1e-06, 'global_step': 240, 'zo_forward_step': 482, 'max_steps': 20000, 'max_zo_forward_steps': 0, 'time': 31, 'eps': 3e-05}
03/26/2026 01:00:57 - INFO - src.trainer -   {'loss': 1.8719011545181274, 'learning_rate': 1e-06, 'global_step': 250, 'zo_forward_step': 502, 'max_steps': 20000, 'max_zo_forward_steps': 0, 'time': 32, 'eps': 3e-05}
03/26/2026 01:00:58 - INFO - src.trainer -   {'loss': 1.2803728580474854, 'learning_rate': 1e-06, 'global_step': 260, 'zo_forward_step': 522, 'max_steps': 20000, 'max_zo_forward_steps': 0, 'time': 33, 'eps': 3e-05}
03/26/2026 01:00:59 - INFO - src.trainer -   {'loss': 1.6794092655181885, 'learning_rate': 1e-06, 'global_step': 270, 'zo_forward_step': 542, 'max_steps': 20000, 'max_zo_forward_steps': 0, 'time': 34, 'eps': 3e-05}
03/26/2026 01:01:00 - INFO - src.trainer -   {'loss': 1.8738282918930054, 'learning_rate': 1e-06, 'global_step': 280, 'zo_forward_step': 562, 'max_steps': 20000, 'max_zo_forward_steps': 0, 'time': 35, 'eps': 3e-05}
03/26/2026 01:01:01 - INFO - src.trainer -   {'loss': 1.273202896118164, 'learning_rate': 1e-06, 'global_step': 290, 'zo_forward_step': 582, 'max_steps': 20000, 'max_zo_forward_steps': 0, 'time': 36, 'eps': 3e-05}
03/26/2026 01:01:03 - INFO - src.trainer -   {'loss': 1.6616051197052002, 'learning_rate': 1e-06, 'global_step': 300, 'zo_forward_step': 602, 'max_steps': 20000, 'max_zo_forward_steps': 0, 'time': 38, 'eps': 3e-05}
03/26/2026 01:01:04 - INFO - src.trainer -   {'loss': 1.8959544897079468, 'learning_rate': 1e-06, 'global_step': 310, 'zo_forward_step': 622, 'max_steps': 20000, 'max_zo_forward_steps': 0, 'time': 39, 'eps': 3e-05}
100%|██████████| 20/20 [00:16<00:00, 111.70it/s]03/26/2026 01:01:05 - INFO - src.trainer -   {'loss': 1.257880449295044, 'learning_rate': 1e-06, 'global_step': 320, 'zo_forward_step': 642, 'max_steps': 20000, 'max_zo_forward_steps': 0, 'time': 40, 'eps': 3e-05}
03/26/2026 01:01:06 - INFO - src.trainer -   {'loss': 1.6567931175231934, 'learning_rate': 1e-06, 'global_step': 330, 'zo_forward_step': 662, 'max_steps': 20000, 'max_zo_forward_steps': 0, 'time': 41, 'eps': 3e-05}
03/26/2026 01:01:08 - INFO - src.trainer -   {'loss': 1.8930318355560303, 'learning_rate': 1e-06, 'global_step': 340, 'zo_forward_step': 682, 'max_steps': 20000, 'max_zo_forward_steps': 0, 'time': 43, 'eps': 3e-05}
03/26/2026 01:01:09 - INFO - src.trainer -   {'loss': 1.2592201232910156, 'learning_rate': 1e-06, 'global_step': 350, 'zo_forward_step': 702, 'max_steps': 20000, 'max_zo_forward_steps': 0, 'time': 44, 'eps': 3e-05}
03/26/2026 01:01:10 - INFO - src.trainer -   {'loss': 1.6588329076766968, 'learning_rate': 1e-06, 'global_step': 360, 'zo_forward_step': 722, 'max_steps': 20000, 'max_zo_forward_steps': 0, 'time': 45, 'eps': 3e-05}
03/26/2026 01:01:11 - INFO - src.trainer -   {'loss': 1.8854402303695679, 'learning_rate': 1e-06, 'global_step': 370, 'zo_forward_step': 742, 'max_steps': 20000, 'max_zo_forward_steps': 0, 'time': 46, 'eps': 3e-05}
03/26/2026 01:01:12 - INFO - src.trainer -   {'loss': 1.2656828165054321, 'learning_rate': 1e-06, 'global_step': 380, 'zo_forward_step': 762, 'max_steps': 20000, 'max_zo_forward_steps': 0, 'time': 47, 'eps': 3e-05}
03/26/2026 01:01:13 - INFO - src.trainer -   {'loss': 1.664815902709961, 'learning_rate': 1e-06, 'global_step': 390, 'zo_forward_step': 782, 'max_steps': 20000, 'max_zo_forward_steps': 0, 'time': 48, 'eps': 3e-05}
21it [00:26,  1.50s/it]                         32it [00:26,  1.26it/s]03/26/2026 01:01:15 - INFO - src.trainer -   {'eval_loss': 1.6899150609970093, 'eval_acc': 0.2}
03/26/2026 01:01:15 - INFO - src.trainer -   Best dev result: 0.2
03/26/2026 01:01:18 - INFO - src.trainer -   [zo_probe] step=400 eps=3.000e-05 precision=fp32 n=16 mae=5.817486e-03 rmse=7.392839e-03 sign_acc=1.0000 corr=1.000000
03/26/2026 01:01:18 - INFO - src.trainer -   {'loss': 1.8727264404296875, 'learning_rate': 1e-06, 'global_step': 400, 'zo_forward_step': 802, 'max_steps': 20000, 'max_zo_forward_steps': 0, 'time': 53, 'eps': 3e-05}
03/26/2026 01:01:19 - INFO - src.trainer -   {'loss': 1.272952675819397, 'learning_rate': 1e-06, 'global_step': 410, 'zo_forward_step': 822, 'max_steps': 20000, 'max_zo_forward_steps': 0, 'time': 54, 'eps': 3e-05}
03/26/2026 01:01:20 - INFO - src.trainer -   {'loss': 1.6654914617538452, 'learning_rate': 1e-06, 'global_step': 420, 'zo_forward_step': 842, 'max_steps': 20000, 'max_zo_forward_steps': 0, 'time': 55, 'eps': 3e-05}
03/26/2026 01:01:22 - INFO - src.trainer -   {'loss': 1.872089147567749, 'learning_rate': 1e-06, 'global_step': 430, 'zo_forward_step': 862, 'max_steps': 20000, 'max_zo_forward_steps': 0, 'time': 56, 'eps': 3e-05}
03/26/2026 01:01:23 - INFO - src.trainer -   {'loss': 1.2511540651321411, 'learning_rate': 1e-06, 'global_step': 440, 'zo_forward_step': 882, 'max_steps': 20000, 'max_zo_forward_steps': 0, 'time': 58, 'eps': 3e-05}
03/26/2026 01:01:24 - INFO - src.trainer -   {'loss': 1.6753071546554565, 'learning_rate': 1e-06, 'global_step': 450, 'zo_forward_step': 902, 'max_steps': 20000, 'max_zo_forward_steps': 0, 'time': 59, 'eps': 3e-05}
40it [00:36,  1.26it/s]03/26/2026 01:01:25 - INFO - src.trainer -   {'loss': 1.8525227308273315, 'learning_rate': 1e-06, 'global_step': 460, 'zo_forward_step': 922, 'max_steps': 20000, 'max_zo_forward_steps': 0, 'time': 60, 'eps': 3e-05}
03/26/2026 01:01:26 - INFO - src.trainer -   {'loss': 1.2444591522216797, 'learning_rate': 1e-06, 'global_step': 470, 'zo_forward_step': 942, 'max_steps': 20000, 'max_zo_forward_steps': 0, 'time': 61, 'eps': 3e-05}
03/26/2026 01:01:27 - INFO - src.trainer -   {'loss': 1.6719703674316406, 'learning_rate': 1e-06, 'global_step': 480, 'zo_forward_step': 962, 'max_steps': 20000, 'max_zo_forward_steps': 0, 'time': 62, 'eps': 3e-05}
03/26/2026 01:01:28 - INFO - src.trainer -   {'loss': 1.8578698635101318, 'learning_rate': 1e-06, 'global_step': 490, 'zo_forward_step': 982, 'max_steps': 20000, 'max_zo_forward_steps': 0, 'time': 63, 'eps': 3e-05}
03/26/2026 01:01:30 - INFO - src.trainer -   {'loss': 1.2487534284591675, 'learning_rate': 1e-06, 'global_step': 500, 'zo_forward_step': 1002, 'max_steps': 20000, 'max_zo_forward_steps': 0, 'time': 64, 'eps': 3e-05}
03/26/2026 01:01:31 - INFO - src.trainer -   {'loss': 1.6782211065292358, 'learning_rate': 1e-06, 'global_step': 510, 'zo_forward_step': 1022, 'max_steps': 20000, 'max_zo_forward_steps': 0, 'time': 66, 'eps': 3e-05}
03/26/2026 01:01:32 - INFO - src.trainer -   {'loss': 1.856023907661438, 'learning_rate': 1e-06, 'global_step': 520, 'zo_forward_step': 1042, 'max_steps': 20000, 'max_zo_forward_steps': 0, 'time': 67, 'eps': 3e-05}
03/26/2026 01:01:33 - INFO - src.trainer -   {'loss': 1.2302347421646118, 'learning_rate': 1e-06, 'global_step': 530, 'zo_forward_step': 1062, 'max_steps': 20000, 'max_zo_forward_steps': 0, 'time': 68, 'eps': 3e-05}
03/26/2026 01:01:34 - INFO - src.trainer -   {'loss': 1.6720361709594727, 'learning_rate': 1e-06, 'global_step': 540, 'zo_forward_step': 1082, 'max_steps': 20000, 'max_zo_forward_steps': 0, 'time': 69, 'eps': 3e-05}
03/26/2026 01:01:35 - INFO - src.trainer -   {'loss': 1.8652840852737427, 'learning_rate': 1e-06, 'global_step': 550, 'zo_forward_step': 1102, 'max_steps': 20000, 'max_zo_forward_steps': 0, 'time': 70, 'eps': 3e-05}
03/26/2026 01:01:36 - INFO - src.trainer -   {'loss': 1.2296661138534546, 'learning_rate': 1e-06, 'global_step': 560, 'zo_forward_step': 1122, 'max_steps': 20000, 'max_zo_forward_steps': 0, 'time': 71, 'eps': 3e-05}
03/26/2026 01:01:38 - INFO - src.trainer -   {'loss': 1.6752063035964966, 'learning_rate': 1e-06, 'global_step': 570, 'zo_forward_step': 1142, 'max_steps': 20000, 'max_zo_forward_steps': 0, 'time': 73, 'eps': 3e-05}
03/26/2026 01:01:39 - INFO - src.trainer -   {'loss': 1.8673715591430664, 'learning_rate': 1e-06, 'global_step': 580, 'zo_forward_step': 1162, 'max_steps': 20000, 'max_zo_forward_steps': 0, 'time': 74, 'eps': 3e-05}
03/26/2026 01:01:40 - INFO - src.trainer -   {'loss': 1.2110364437103271, 'learning_rate': 1e-06, 'global_step': 590, 'zo_forward_step': 1182, 'max_steps': 20000, 'max_zo_forward_steps': 0, 'time': 75, 'eps': 3e-05}
41it [00:52,  1.56s/it]52it [00:52,  1.04it/s]03/26/2026 01:01:41 - INFO - src.trainer -   {'eval_loss': 1.6841363906860352, 'eval_acc': 0.2}
03/26/2026 01:01:44 - INFO - src.trainer -   [zo_probe] step=600 eps=3.000e-05 precision=fp32 n=16 mae=1.090339e-02 rmse=1.677971e-02 sign_acc=1.0000 corr=1.000000
03/26/2026 01:01:44 - INFO - src.trainer -   {'loss': 1.67282235622406, 'learning_rate': 1e-06, 'global_step': 600, 'zo_forward_step': 1202, 'max_steps': 20000, 'max_zo_forward_steps': 0, 'time': 79, 'eps': 3e-05}
03/26/2026 01:01:47 - INFO - src.trainer -   {'loss': 1.8698325157165527, 'learning_rate': 1e-06, 'global_step': 610, 'zo_forward_step': 1222, 'max_steps': 20000, 'max_zo_forward_steps': 0, 'time': 82, 'eps': 3e-05}
03/26/2026 01:01:49 - INFO - src.trainer -   {'loss': 1.216601848602295, 'learning_rate': 1e-06, 'global_step': 620, 'zo_forward_step': 1242, 'max_steps': 20000, 'max_zo_forward_steps': 0, 'time': 84, 'eps': 3e-05}
03/26/2026 01:01:50 - INFO - src.trainer -   {'loss': 1.6863129138946533, 'learning_rate': 1e-06, 'global_step': 630, 'zo_forward_step': 1262, 'max_steps': 20000, 'max_zo_forward_steps': 0, 'time': 85, 'eps': 3e-05}
03/26/2026 01:01:51 - INFO - src.trainer -   {'loss': 1.8609604835510254, 'learning_rate': 1e-06, 'global_step': 640, 'zo_forward_step': 1282, 'max_steps': 20000, 'max_zo_forward_steps': 0, 'time': 86, 'eps': 3e-05}
03/26/2026 01:01:53 - INFO - src.trainer -   {'loss': 1.2069982290267944, 'learning_rate': 1e-06, 'global_step': 650, 'zo_forward_step': 1302, 'max_steps': 20000, 'max_zo_forward_steps': 0, 'time': 87, 'eps': 3e-05}
03/26/2026 01:01:54 - INFO - src.trainer -   {'loss': 1.6956182718276978, 'learning_rate': 1e-06, 'global_step': 660, 'zo_forward_step': 1322, 'max_steps': 20000, 'max_zo_forward_steps': 0, 'time': 89, 'eps': 3e-05}
60it [01:06,  1.04it/s]03/26/2026 01:01:55 - INFO - src.trainer -   {'loss': 1.842140555381775, 'learning_rate': 1e-06, 'global_step': 670, 'zo_forward_step': 1342, 'max_steps': 20000, 'max_zo_forward_steps': 0, 'time': 90, 'eps': 3e-05}
03/26/2026 01:01:57 - INFO - src.trainer -   {'loss': 1.2015149593353271, 'learning_rate': 1e-06, 'global_step': 680, 'zo_forward_step': 1362, 'max_steps': 20000, 'max_zo_forward_steps': 0, 'time': 92, 'eps': 3e-05}
03/26/2026 01:01:59 - INFO - src.trainer -   {'loss': 1.6979864835739136, 'learning_rate': 1e-06, 'global_step': 690, 'zo_forward_step': 1382, 'max_steps': 20000, 'max_zo_forward_steps': 0, 'time': 94, 'eps': 3e-05}
03/26/2026 01:02:00 - INFO - src.trainer -   {'loss': 1.838675856590271, 'learning_rate': 1e-06, 'global_step': 700, 'zo_forward_step': 1402, 'max_steps': 20000, 'max_zo_forward_steps': 0, 'time': 95, 'eps': 3e-05}
03/26/2026 01:02:02 - INFO - src.trainer -   {'loss': 1.207597017288208, 'learning_rate': 1e-06, 'global_step': 710, 'zo_forward_step': 1422, 'max_steps': 20000, 'max_zo_forward_steps': 0, 'time': 96, 'eps': 3e-05}
03/26/2026 01:02:03 - INFO - src.trainer -   {'loss': 1.7004029750823975, 'learning_rate': 1e-06, 'global_step': 720, 'zo_forward_step': 1442, 'max_steps': 20000, 'max_zo_forward_steps': 0, 'time': 98, 'eps': 3e-05}
03/26/2026 01:02:04 - INFO - src.trainer -   {'loss': 1.8309788703918457, 'learning_rate': 1e-06, 'global_step': 730, 'zo_forward_step': 1462, 'max_steps': 20000, 'max_zo_forward_steps': 0, 'time': 99, 'eps': 3e-05}
03/26/2026 01:02:05 - INFO - src.trainer -   {'loss': 1.1925245523452759, 'learning_rate': 1e-06, 'global_step': 740, 'zo_forward_step': 1482, 'max_steps': 20000, 'max_zo_forward_steps': 0, 'time': 100, 'eps': 3e-05}
03/26/2026 01:02:06 - INFO - src.trainer -   {'loss': 1.7065249681472778, 'learning_rate': 1e-06, 'global_step': 750, 'zo_forward_step': 1502, 'max_steps': 20000, 'max_zo_forward_steps': 0, 'time': 101, 'eps': 3e-05}
03/26/2026 01:02:08 - INFO - src.trainer -   {'loss': 1.8235756158828735, 'learning_rate': 1e-06, 'global_step': 760, 'zo_forward_step': 1522, 'max_steps': 20000, 'max_zo_forward_steps': 0, 'time': 103, 'eps': 3e-05}
03/26/2026 01:02:09 - INFO - src.trainer -   {'loss': 1.1651947498321533, 'learning_rate': 1e-06, 'global_step': 770, 'zo_forward_step': 1542, 'max_steps': 20000, 'max_zo_forward_steps': 0, 'time': 104, 'eps': 3e-05}
03/26/2026 01:02:10 - INFO - src.trainer -   {'loss': 1.7193081378936768, 'learning_rate': 1e-06, 'global_step': 780, 'zo_forward_step': 1562, 'max_steps': 20000, 'max_zo_forward_steps': 0, 'time': 105, 'eps': 3e-05}
03/26/2026 01:02:11 - INFO - src.trainer -   {'loss': 1.8301528692245483, 'learning_rate': 1e-06, 'global_step': 790, 'zo_forward_step': 1582, 'max_steps': 20000, 'max_zo_forward_steps': 0, 'time': 106, 'eps': 3e-05}
61it [01:24,  1.75s/it]72it [01:24,  1.14s/it]03/26/2026 01:02:13 - INFO - src.trainer -   {'eval_loss': 1.676259994506836, 'eval_acc': 0.1875}
03/26/2026 01:02:15 - INFO - src.trainer -   [zo_probe] step=800 eps=3.000e-05 precision=fp32 n=16 mae=6.774388e-03 rmse=1.133140e-02 sign_acc=1.0000 corr=1.000000
03/26/2026 01:02:15 - INFO - src.trainer -   {'loss': 1.1600223779678345, 'learning_rate': 1e-06, 'global_step': 800, 'zo_forward_step': 1602, 'max_steps': 20000, 'max_zo_forward_steps': 0, 'time': 110, 'eps': 3e-05}
03/26/2026 01:02:16 - INFO - src.trainer -   {'loss': 1.7118605375289917, 'learning_rate': 1e-06, 'global_step': 810, 'zo_forward_step': 1622, 'max_steps': 20000, 'max_zo_forward_steps': 0, 'time': 111, 'eps': 3e-05}
03/26/2026 01:02:18 - INFO - src.trainer -   {'loss': 1.8392055034637451, 'learning_rate': 1e-06, 'global_step': 820, 'zo_forward_step': 1642, 'max_steps': 20000, 'max_zo_forward_steps': 0, 'time': 113, 'eps': 3e-05}
03/26/2026 01:02:19 - INFO - src.trainer -   {'loss': 1.1613819599151611, 'learning_rate': 1e-06, 'global_step': 830, 'zo_forward_step': 1662, 'max_steps': 20000, 'max_zo_forward_steps': 0, 'time': 114, 'eps': 3e-05}
03/26/2026 01:02:20 - INFO - src.trainer -   {'loss': 1.7001302242279053, 'learning_rate': 1e-06, 'global_step': 840, 'zo_forward_step': 1682, 'max_steps': 20000, 'max_zo_forward_steps': 0, 'time': 115, 'eps': 3e-05}
03/26/2026 01:02:21 - INFO - src.trainer -   {'loss': 1.8374053239822388, 'learning_rate': 1e-06, 'global_step': 850, 'zo_forward_step': 1702, 'max_steps': 20000, 'max_zo_forward_steps': 0, 'time': 116, 'eps': 3e-05}
03/26/2026 01:02:23 - INFO - src.trainer -   {'loss': 1.1671292781829834, 'learning_rate': 1e-06, 'global_step': 860, 'zo_forward_step': 1722, 'max_steps': 20000, 'max_zo_forward_steps': 0, 'time': 118, 'eps': 3e-05}
03/26/2026 01:02:24 - INFO - src.trainer -   {'loss': 1.708699107170105, 'learning_rate': 1e-06, 'global_step': 870, 'zo_forward_step': 1742, 'max_steps': 20000, 'max_zo_forward_steps': 0, 'time': 119, 'eps': 3e-05}
80it [01:36,  1.14s/it]03/26/2026 01:02:25 - INFO - src.trainer -   {'loss': 1.8309036493301392, 'learning_rate': 1e-06, 'global_step': 880, 'zo_forward_step': 1762, 'max_steps': 20000, 'max_zo_forward_steps': 0, 'time': 120, 'eps': 3e-05}
03/26/2026 01:02:26 - INFO - src.trainer -   {'loss': 1.1551501750946045, 'learning_rate': 1e-06, 'global_step': 890, 'zo_forward_step': 1782, 'max_steps': 20000, 'max_zo_forward_steps': 0, 'time': 121, 'eps': 3e-05}
03/26/2026 01:02:27 - INFO - src.trainer -   {'loss': 1.7028021812438965, 'learning_rate': 1e-06, 'global_step': 900, 'zo_forward_step': 1802, 'max_steps': 20000, 'max_zo_forward_steps': 0, 'time': 122, 'eps': 3e-05}
03/26/2026 01:02:28 - INFO - src.trainer -   {'loss': 1.8144257068634033, 'learning_rate': 1e-06, 'global_step': 910, 'zo_forward_step': 1822, 'max_steps': 20000, 'max_zo_forward_steps': 0, 'time': 123, 'eps': 3e-05}
03/26/2026 01:02:30 - INFO - src.trainer -   {'loss': 1.1477160453796387, 'learning_rate': 1e-06, 'global_step': 920, 'zo_forward_step': 1842, 'max_steps': 20000, 'max_zo_forward_steps': 0, 'time': 124, 'eps': 3e-05}
03/26/2026 01:02:31 - INFO - src.trainer -   {'loss': 1.7214608192443848, 'learning_rate': 1e-06, 'global_step': 930, 'zo_forward_step': 1862, 'max_steps': 20000, 'max_zo_forward_steps': 0, 'time': 126, 'eps': 3e-05}
03/26/2026 01:02:32 - INFO - src.trainer -   {'loss': 1.8256680965423584, 'learning_rate': 1e-06, 'global_step': 940, 'zo_forward_step': 1882, 'max_steps': 20000, 'max_zo_forward_steps': 0, 'time': 127, 'eps': 3e-05}
03/26/2026 01:02:33 - INFO - src.trainer -   {'loss': 1.133601427078247, 'learning_rate': 1e-06, 'global_step': 950, 'zo_forward_step': 1902, 'max_steps': 20000, 'max_zo_forward_steps': 0, 'time': 128, 'eps': 3e-05}
03/26/2026 01:02:34 - INFO - src.trainer -   {'loss': 1.7232848405838013, 'learning_rate': 1e-06, 'global_step': 960, 'zo_forward_step': 1922, 'max_steps': 20000, 'max_zo_forward_steps': 0, 'time': 129, 'eps': 3e-05}
03/26/2026 01:02:35 - INFO - src.trainer -   {'loss': 1.8274482488632202, 'learning_rate': 1e-06, 'global_step': 970, 'zo_forward_step': 1942, 'max_steps': 20000, 'max_zo_forward_steps': 0, 'time': 130, 'eps': 3e-05}
03/26/2026 01:02:36 - INFO - src.trainer -   {'loss': 1.127936601638794, 'learning_rate': 1e-06, 'global_step': 980, 'zo_forward_step': 1962, 'max_steps': 20000, 'max_zo_forward_steps': 0, 'time': 131, 'eps': 3e-05}
03/26/2026 01:02:38 - INFO - src.trainer -   {'loss': 1.7188503742218018, 'learning_rate': 1e-06, 'global_step': 990, 'zo_forward_step': 1982, 'max_steps': 20000, 'max_zo_forward_steps': 0, 'time': 133, 'eps': 3e-05}
81it [01:50,  1.65s/it]92it [01:50,  1.10s/it]03/26/2026 01:02:39 - INFO - src.trainer -   {'eval_loss': 1.6724497079849243, 'eval_acc': 0.2}
03/26/2026 01:02:42 - INFO - src.trainer -   [zo_probe] step=1000 eps=3.000e-05 precision=fp32 n=16 mae=7.931888e-03 rmse=1.067640e-02 sign_acc=1.0000 corr=1.000000
03/26/2026 01:02:42 - INFO - src.trainer -   {'loss': 1.8318233489990234, 'learning_rate': 1e-06, 'global_step': 1000, 'zo_forward_step': 2002, 'max_steps': 20000, 'max_zo_forward_steps': 0, 'time': 137, 'eps': 3e-05}
03/26/2026 01:02:43 - INFO - src.trainer -   {'loss': 1.1203680038452148, 'learning_rate': 1e-06, 'global_step': 1010, 'zo_forward_step': 2022, 'max_steps': 20000, 'max_zo_forward_steps': 0, 'time': 138, 'eps': 3e-05}
03/26/2026 01:02:44 - INFO - src.trainer -   {'loss': 1.7221535444259644, 'learning_rate': 1e-06, 'global_step': 1020, 'zo_forward_step': 2042, 'max_steps': 20000, 'max_zo_forward_steps': 0, 'time': 139, 'eps': 3e-05}
03/26/2026 01:02:45 - INFO - src.trainer -   {'loss': 1.8337193727493286, 'learning_rate': 1e-06, 'global_step': 1030, 'zo_forward_step': 2062, 'max_steps': 20000, 'max_zo_forward_steps': 0, 'time': 140, 'eps': 3e-05}
03/26/2026 01:02:47 - INFO - src.trainer -   {'loss': 1.122298002243042, 'learning_rate': 1e-06, 'global_step': 1040, 'zo_forward_step': 2082, 'max_steps': 20000, 'max_zo_forward_steps': 0, 'time': 142, 'eps': 3e-05}
03/26/2026 01:02:48 - INFO - src.trainer -   {'loss': 1.7154381275177002, 'learning_rate': 1e-06, 'global_step': 1050, 'zo_forward_step': 2102, 'max_steps': 20000, 'max_zo_forward_steps': 0, 'time': 143, 'eps': 3e-05}
03/26/2026 01:02:49 - INFO - src.trainer -   {'loss': 1.8182049989700317, 'learning_rate': 1e-06, 'global_step': 1060, 'zo_forward_step': 2122, 'max_steps': 20000, 'max_zo_forward_steps': 0, 'time': 144, 'eps': 3e-05}
03/26/2026 01:02:50 - INFO - src.trainer -   {'loss': 1.1404401063919067, 'learning_rate': 1e-06, 'global_step': 1070, 'zo_forward_step': 2142, 'max_steps': 20000, 'max_zo_forward_steps': 0, 'time': 145, 'eps': 3e-05}
03/26/2026 01:02:51 - INFO - src.trainer -   {'loss': 1.700018286705017, 'learning_rate': 1e-06, 'global_step': 1080, 'zo_forward_step': 2162, 'max_steps': 20000, 'max_zo_forward_steps': 0, 'time': 146, 'eps': 3e-05}
03/26/2026 01:02:53 - INFO - src.trainer -   {'loss': 1.8131572008132935, 'learning_rate': 1e-06, 'global_step': 1090, 'zo_forward_step': 2182, 'max_steps': 20000, 'max_zo_forward_steps': 0, 'time': 147, 'eps': 3e-05}
03/26/2026 01:02:54 - INFO - src.trainer -   {'loss': 1.1430349349975586, 'learning_rate': 1e-06, 'global_step': 1100, 'zo_forward_step': 2202, 'max_steps': 20000, 'max_zo_forward_steps': 0, 'time': 149, 'eps': 3e-05}
100it [02:06,  1.10s/it]03/26/2026 01:02:55 - INFO - src.trainer -   {'loss': 1.6978431940078735, 'learning_rate': 1e-06, 'global_step': 1110, 'zo_forward_step': 2222, 'max_steps': 20000, 'max_zo_forward_steps': 0, 'time': 150, 'eps': 3e-05}
03/26/2026 01:02:56 - INFO - src.trainer -   {'loss': 1.8000015020370483, 'learning_rate': 1e-06, 'global_step': 1120, 'zo_forward_step': 2242, 'max_steps': 20000, 'max_zo_forward_steps': 0, 'time': 151, 'eps': 3e-05}
03/26/2026 01:02:57 - INFO - src.trainer -   {'loss': 1.1577144861221313, 'learning_rate': 1e-06, 'global_step': 1130, 'zo_forward_step': 2262, 'max_steps': 20000, 'max_zo_forward_steps': 0, 'time': 152, 'eps': 3e-05}
03/26/2026 01:02:58 - INFO - src.trainer -   {'loss': 1.6959545612335205, 'learning_rate': 1e-06, 'global_step': 1140, 'zo_forward_step': 2282, 'max_steps': 20000, 'max_zo_forward_steps': 0, 'time': 153, 'eps': 3e-05}
03/26/2026 01:02:59 - INFO - src.trainer -   {'loss': 1.8001257181167603, 'learning_rate': 1e-06, 'global_step': 1150, 'zo_forward_step': 2302, 'max_steps': 20000, 'max_zo_forward_steps': 0, 'time': 154, 'eps': 3e-05}
03/26/2026 01:03:01 - INFO - src.trainer -   {'loss': 1.1718440055847168, 'learning_rate': 1e-06, 'global_step': 1160, 'zo_forward_step': 2322, 'max_steps': 20000, 'max_zo_forward_steps': 0, 'time': 156, 'eps': 3e-05}
03/26/2026 01:03:02 - INFO - src.trainer -   {'loss': 1.6853002309799194, 'learning_rate': 1e-06, 'global_step': 1170, 'zo_forward_step': 2342, 'max_steps': 20000, 'max_zo_forward_steps': 0, 'time': 157, 'eps': 3e-05}
03/26/2026 01:03:03 - INFO - src.trainer -   {'loss': 1.7898749113082886, 'learning_rate': 1e-06, 'global_step': 1180, 'zo_forward_step': 2362, 'max_steps': 20000, 'max_zo_forward_steps': 0, 'time': 158, 'eps': 3e-05}
03/26/2026 01:03:04 - INFO - src.trainer -   {'loss': 1.179526686668396, 'learning_rate': 1e-06, 'global_step': 1190, 'zo_forward_step': 2382, 'max_steps': 20000, 'max_zo_forward_steps': 0, 'time': 159, 'eps': 3e-05}
101it [02:17,  1.64s/it]112it [02:17,  1.10s/it]03/26/2026 01:03:06 - INFO - src.trainer -   {'eval_loss': 1.6533702611923218, 'eval_acc': 0.225}
03/26/2026 01:03:06 - INFO - src.trainer -   Best dev result: 0.225
03/26/2026 01:03:10 - INFO - src.trainer -   [zo_probe] step=1200 eps=3.000e-05 precision=fp32 n=16 mae=3.296267e-03 rmse=4.327618e-03 sign_acc=1.0000 corr=1.000000
03/26/2026 01:03:10 - INFO - src.trainer -   {'loss': 1.6814672946929932, 'learning_rate': 1e-06, 'global_step': 1200, 'zo_forward_step': 2402, 'max_steps': 20000, 'max_zo_forward_steps': 0, 'time': 165, 'eps': 3e-05}
03/26/2026 01:03:11 - INFO - src.trainer -   {'loss': 1.7785756587982178, 'learning_rate': 1e-06, 'global_step': 1210, 'zo_forward_step': 2422, 'max_steps': 20000, 'max_zo_forward_steps': 0, 'time': 166, 'eps': 3e-05}
03/26/2026 01:03:12 - INFO - src.trainer -   {'loss': 1.1841017007827759, 'learning_rate': 1e-06, 'global_step': 1220, 'zo_forward_step': 2442, 'max_steps': 20000, 'max_zo_forward_steps': 0, 'time': 167, 'eps': 3e-05}
03/26/2026 01:03:13 - INFO - src.trainer -   {'loss': 1.692131757736206, 'learning_rate': 1e-06, 'global_step': 1230, 'zo_forward_step': 2462, 'max_steps': 20000, 'max_zo_forward_steps': 0, 'time': 168, 'eps': 3e-05}
03/26/2026 01:03:14 - INFO - src.trainer -   {'loss': 1.7911851406097412, 'learning_rate': 1e-06, 'global_step': 1240, 'zo_forward_step': 2482, 'max_steps': 20000, 'max_zo_forward_steps': 0, 'time': 169, 'eps': 3e-05}
03/26/2026 01:03:16 - INFO - src.trainer -   {'loss': 1.1962651014328003, 'learning_rate': 1e-06, 'global_step': 1250, 'zo_forward_step': 2502, 'max_steps': 20000, 'max_zo_forward_steps': 0, 'time': 171, 'eps': 3e-05}
03/26/2026 01:03:17 - INFO - src.trainer -   {'loss': 1.6826225519180298, 'learning_rate': 1e-06, 'global_step': 1260, 'zo_forward_step': 2522, 'max_steps': 20000, 'max_zo_forward_steps': 0, 'time': 172, 'eps': 3e-05}
03/26/2026 01:03:19 - INFO - src.trainer -   {'loss': 1.7830182313919067, 'learning_rate': 1e-06, 'global_step': 1270, 'zo_forward_step': 2542, 'max_steps': 20000, 'max_zo_forward_steps': 0, 'time': 174, 'eps': 3e-05}
03/26/2026 01:03:20 - INFO - src.trainer -   {'loss': 1.1800639629364014, 'learning_rate': 1e-06, 'global_step': 1280, 'zo_forward_step': 2562, 'max_steps': 20000, 'max_zo_forward_steps': 0, 'time': 175, 'eps': 3e-05}
03/26/2026 01:03:21 - INFO - src.trainer -   {'loss': 1.6829452514648438, 'learning_rate': 1e-06, 'global_step': 1290, 'zo_forward_step': 2582, 'max_steps': 20000, 'max_zo_forward_steps': 0, 'time': 176, 'eps': 3e-05}
03/26/2026 01:03:22 - INFO - src.trainer -   {'loss': 1.7965480089187622, 'learning_rate': 1e-06, 'global_step': 1300, 'zo_forward_step': 2602, 'max_steps': 20000, 'max_zo_forward_steps': 0, 'time': 177, 'eps': 3e-05}
03/26/2026 01:03:23 - INFO - src.trainer -   {'loss': 1.1824537515640259, 'learning_rate': 1e-06, 'global_step': 1310, 'zo_forward_step': 2622, 'max_steps': 20000, 'max_zo_forward_steps': 0, 'time': 178, 'eps': 3e-05}
03/26/2026 01:03:24 - INFO - src.trainer -   {'loss': 1.6854157447814941, 'learning_rate': 1e-06, 'global_step': 1320, 'zo_forward_step': 2642, 'max_steps': 20000, 'max_zo_forward_steps': 0, 'time': 179, 'eps': 3e-05}
120it [02:36,  1.10s/it]03/26/2026 01:03:25 - INFO - src.trainer -   {'loss': 1.816384196281433, 'learning_rate': 1e-06, 'global_step': 1330, 'zo_forward_step': 2662, 'max_steps': 20000, 'max_zo_forward_steps': 0, 'time': 180, 'eps': 3e-05}
03/26/2026 01:03:27 - INFO - src.trainer -   {'loss': 1.143028974533081, 'learning_rate': 1e-06, 'global_step': 1340, 'zo_forward_step': 2682, 'max_steps': 20000, 'max_zo_forward_steps': 0, 'time': 181, 'eps': 3e-05}
03/26/2026 01:03:28 - INFO - src.trainer -   {'loss': 1.6855360269546509, 'learning_rate': 1e-06, 'global_step': 1350, 'zo_forward_step': 2702, 'max_steps': 20000, 'max_zo_forward_steps': 0, 'time': 183, 'eps': 3e-05}
03/26/2026 01:03:29 - INFO - src.trainer -   {'loss': 1.8189001083374023, 'learning_rate': 1e-06, 'global_step': 1360, 'zo_forward_step': 2722, 'max_steps': 20000, 'max_zo_forward_steps': 0, 'time': 184, 'eps': 3e-05}
03/26/2026 01:03:30 - INFO - src.trainer -   {'loss': 1.1614820957183838, 'learning_rate': 1e-06, 'global_step': 1370, 'zo_forward_step': 2742, 'max_steps': 20000, 'max_zo_forward_steps': 0, 'time': 185, 'eps': 3e-05}
03/26/2026 01:03:31 - INFO - src.trainer -   {'loss': 1.6877650022506714, 'learning_rate': 1e-06, 'global_step': 1380, 'zo_forward_step': 2762, 'max_steps': 20000, 'max_zo_forward_steps': 0, 'time': 186, 'eps': 3e-05}
03/26/2026 01:03:32 - INFO - src.trainer -   {'loss': 1.803031086921692, 'learning_rate': 1e-06, 'global_step': 1390, 'zo_forward_step': 2782, 'max_steps': 20000, 'max_zo_forward_steps': 0, 'time': 187, 'eps': 3e-05}
121it [02:45,  1.64s/it]132it [02:45,  1.11s/it]03/26/2026 01:03:34 - INFO - src.trainer -   {'eval_loss': 1.6569544076919556, 'eval_acc': 0.2}
03/26/2026 01:03:36 - INFO - src.trainer -   [zo_probe] step=1400 eps=3.000e-05 precision=fp32 n=16 mae=3.449224e-03 rmse=4.349450e-03 sign_acc=1.0000 corr=1.000000
03/26/2026 01:03:36 - INFO - src.trainer -   {'loss': 1.1513135433197021, 'learning_rate': 1e-06, 'global_step': 1400, 'zo_forward_step': 2802, 'max_steps': 20000, 'max_zo_forward_steps': 0, 'time': 191, 'eps': 3e-05}
03/26/2026 01:03:37 - INFO - src.trainer -   {'loss': 1.699195384979248, 'learning_rate': 1e-06, 'global_step': 1410, 'zo_forward_step': 2822, 'max_steps': 20000, 'max_zo_forward_steps': 0, 'time': 192, 'eps': 3e-05}
03/26/2026 01:03:38 - INFO - src.trainer -   {'loss': 1.8142483234405518, 'learning_rate': 1e-06, 'global_step': 1420, 'zo_forward_step': 2842, 'max_steps': 20000, 'max_zo_forward_steps': 0, 'time': 193, 'eps': 3e-05}
03/26/2026 01:03:39 - INFO - src.trainer -   {'loss': 1.137367844581604, 'learning_rate': 1e-06, 'global_step': 1430, 'zo_forward_step': 2862, 'max_steps': 20000, 'max_zo_forward_steps': 0, 'time': 194, 'eps': 3e-05}
03/26/2026 01:03:40 - INFO - src.trainer -   {'loss': 1.7059963941574097, 'learning_rate': 1e-06, 'global_step': 1440, 'zo_forward_step': 2882, 'max_steps': 20000, 'max_zo_forward_steps': 0, 'time': 195, 'eps': 3e-05}
03/26/2026 01:03:42 - INFO - src.trainer -   {'loss': 1.8024498224258423, 'learning_rate': 1e-06, 'global_step': 1450, 'zo_forward_step': 2902, 'max_steps': 20000, 'max_zo_forward_steps': 0, 'time': 197, 'eps': 3e-05}
03/26/2026 01:03:43 - INFO - src.trainer -   {'loss': 1.135388731956482, 'learning_rate': 1e-06, 'global_step': 1460, 'zo_forward_step': 2922, 'max_steps': 20000, 'max_zo_forward_steps': 0, 'time': 198, 'eps': 3e-05}
03/26/2026 01:03:44 - INFO - src.trainer -   {'loss': 1.7086939811706543, 'learning_rate': 1e-06, 'global_step': 1470, 'zo_forward_step': 2942, 'max_steps': 20000, 'max_zo_forward_steps': 0, 'time': 199, 'eps': 3e-05}
140it [02:56,  1.11s/it]03/26/2026 01:03:45 - INFO - src.trainer -   {'loss': 1.797059416770935, 'learning_rate': 1e-06, 'global_step': 1480, 'zo_forward_step': 2962, 'max_steps': 20000, 'max_zo_forward_steps': 0, 'time': 200, 'eps': 3e-05}
03/26/2026 01:03:46 - INFO - src.trainer -   {'loss': 1.1469932794570923, 'learning_rate': 1e-06, 'global_step': 1490, 'zo_forward_step': 2982, 'max_steps': 20000, 'max_zo_forward_steps': 0, 'time': 201, 'eps': 3e-05}
03/26/2026 01:03:47 - INFO - src.trainer -   {'loss': 1.7116087675094604, 'learning_rate': 1e-06, 'global_step': 1500, 'zo_forward_step': 3002, 'max_steps': 20000, 'max_zo_forward_steps': 0, 'time': 202, 'eps': 3e-05}
03/26/2026 01:03:49 - INFO - src.trainer -   {'loss': 1.7783775329589844, 'learning_rate': 1e-06, 'global_step': 1510, 'zo_forward_step': 3022, 'max_steps': 20000, 'max_zo_forward_steps': 0, 'time': 203, 'eps': 3e-05}
03/26/2026 01:03:50 - INFO - src.trainer -   {'loss': 1.1438467502593994, 'learning_rate': 1e-06, 'global_step': 1520, 'zo_forward_step': 3042, 'max_steps': 20000, 'max_zo_forward_steps': 0, 'time': 205, 'eps': 3e-05}
03/26/2026 01:03:51 - INFO - src.trainer -   {'loss': 1.7150546312332153, 'learning_rate': 1e-06, 'global_step': 1530, 'zo_forward_step': 3062, 'max_steps': 20000, 'max_zo_forward_steps': 0, 'time': 206, 'eps': 3e-05}
03/26/2026 01:03:52 - INFO - src.trainer -   {'loss': 1.7727340459823608, 'learning_rate': 1e-06, 'global_step': 1540, 'zo_forward_step': 3082, 'max_steps': 20000, 'max_zo_forward_steps': 0, 'time': 207, 'eps': 3e-05}
03/26/2026 01:03:53 - INFO - src.trainer -   {'loss': 1.1369737386703491, 'learning_rate': 1e-06, 'global_step': 1550, 'zo_forward_step': 3102, 'max_steps': 20000, 'max_zo_forward_steps': 0, 'time': 208, 'eps': 3e-05}
03/26/2026 01:03:54 - INFO - src.trainer -   {'loss': 1.7176412343978882, 'learning_rate': 1e-06, 'global_step': 1560, 'zo_forward_step': 3122, 'max_steps': 20000, 'max_zo_forward_steps': 0, 'time': 209, 'eps': 3e-05}
03/26/2026 01:03:55 - INFO - src.trainer -   {'loss': 1.7878721952438354, 'learning_rate': 1e-06, 'global_step': 1570, 'zo_forward_step': 3142, 'max_steps': 20000, 'max_zo_forward_steps': 0, 'time': 210, 'eps': 3e-05}
03/26/2026 01:03:57 - INFO - src.trainer -   {'loss': 1.1298894882202148, 'learning_rate': 1e-06, 'global_step': 1580, 'zo_forward_step': 3162, 'max_steps': 20000, 'max_zo_forward_steps': 0, 'time': 211, 'eps': 3e-05}
03/26/2026 01:03:58 - INFO - src.trainer -   {'loss': 1.710663080215454, 'learning_rate': 1e-06, 'global_step': 1590, 'zo_forward_step': 3182, 'max_steps': 20000, 'max_zo_forward_steps': 0, 'time': 213, 'eps': 3e-05}
141it [03:10,  1.57s/it]152it [03:10,  1.06s/it]03/26/2026 01:03:59 - INFO - src.trainer -   {'eval_loss': 1.6572242975234985, 'eval_acc': 0.1875}
03/26/2026 01:04:02 - INFO - src.trainer -   [zo_probe] step=1600 eps=3.000e-05 precision=fp32 n=16 mae=4.226156e-03 rmse=5.418096e-03 sign_acc=1.0000 corr=1.000000
03/26/2026 01:04:02 - INFO - src.trainer -   {'loss': 1.793341875076294, 'learning_rate': 1e-06, 'global_step': 1600, 'zo_forward_step': 3202, 'max_steps': 20000, 'max_zo_forward_steps': 0, 'time': 217, 'eps': 3e-05}
03/26/2026 01:04:03 - INFO - src.trainer -   {'loss': 1.1229923963546753, 'learning_rate': 1e-06, 'global_step': 1610, 'zo_forward_step': 3222, 'max_steps': 20000, 'max_zo_forward_steps': 0, 'time': 218, 'eps': 3e-05}
03/26/2026 01:04:04 - INFO - src.trainer -   {'loss': 1.7084017992019653, 'learning_rate': 1e-06, 'global_step': 1620, 'zo_forward_step': 3242, 'max_steps': 20000, 'max_zo_forward_steps': 0, 'time': 219, 'eps': 3e-05}
03/26/2026 01:04:05 - INFO - src.trainer -   {'loss': 1.794668197631836, 'learning_rate': 1e-06, 'global_step': 1630, 'zo_forward_step': 3262, 'max_steps': 20000, 'max_zo_forward_steps': 0, 'time': 220, 'eps': 3e-05}
03/26/2026 01:04:06 - INFO - src.trainer -   {'loss': 1.1202539205551147, 'learning_rate': 1e-06, 'global_step': 1640, 'zo_forward_step': 3282, 'max_steps': 20000, 'max_zo_forward_steps': 0, 'time': 221, 'eps': 3e-05}
03/26/2026 01:04:08 - INFO - src.trainer -   {'loss': 1.7077605724334717, 'learning_rate': 1e-06, 'global_step': 1650, 'zo_forward_step': 3302, 'max_steps': 20000, 'max_zo_forward_steps': 0, 'time': 223, 'eps': 3e-05}
03/26/2026 01:04:09 - INFO - src.trainer -   {'loss': 1.805399775505066, 'learning_rate': 1e-06, 'global_step': 1660, 'zo_forward_step': 3322, 'max_steps': 20000, 'max_zo_forward_steps': 0, 'time': 224, 'eps': 3e-05}
03/26/2026 01:04:10 - INFO - src.trainer -   {'loss': 1.1257047653198242, 'learning_rate': 1e-06, 'global_step': 1670, 'zo_forward_step': 3342, 'max_steps': 20000, 'max_zo_forward_steps': 0, 'time': 225, 'eps': 3e-05}
03/26/2026 01:04:12 - INFO - src.trainer -   {'loss': 1.7015477418899536, 'learning_rate': 1e-06, 'global_step': 1680, 'zo_forward_step': 3362, 'max_steps': 20000, 'max_zo_forward_steps': 0, 'time': 227, 'eps': 3e-05}
03/26/2026 01:04:13 - INFO - src.trainer -   {'loss': 1.8018481731414795, 'learning_rate': 1e-06, 'global_step': 1690, 'zo_forward_step': 3382, 'max_steps': 20000, 'max_zo_forward_steps': 0, 'time': 228, 'eps': 3e-05}
03/26/2026 01:04:14 - INFO - src.trainer -   {'loss': 1.1316300630569458, 'learning_rate': 1e-06, 'global_step': 1700, 'zo_forward_step': 3402, 'max_steps': 20000, 'max_zo_forward_steps': 0, 'time': 229, 'eps': 3e-05}
160it [03:26,  1.06s/it]03/26/2026 01:04:16 - INFO - src.trainer -   {'loss': 1.6953189373016357, 'learning_rate': 1e-06, 'global_step': 1710, 'zo_forward_step': 3422, 'max_steps': 20000, 'max_zo_forward_steps': 0, 'time': 230, 'eps': 3e-05}
03/26/2026 01:04:17 - INFO - src.trainer -   {'loss': 1.809228539466858, 'learning_rate': 1e-06, 'global_step': 1720, 'zo_forward_step': 3442, 'max_steps': 20000, 'max_zo_forward_steps': 0, 'time': 232, 'eps': 3e-05}
03/26/2026 01:04:18 - INFO - src.trainer -   {'loss': 1.1247082948684692, 'learning_rate': 1e-06, 'global_step': 1730, 'zo_forward_step': 3462, 'max_steps': 20000, 'max_zo_forward_steps': 0, 'time': 233, 'eps': 3e-05}
03/26/2026 01:04:19 - INFO - src.trainer -   {'loss': 1.7018016576766968, 'learning_rate': 1e-06, 'global_step': 1740, 'zo_forward_step': 3482, 'max_steps': 20000, 'max_zo_forward_steps': 0, 'time': 234, 'eps': 3e-05}
03/26/2026 01:04:20 - INFO - src.trainer -   {'loss': 1.794363021850586, 'learning_rate': 1e-06, 'global_step': 1750, 'zo_forward_step': 3502, 'max_steps': 20000, 'max_zo_forward_steps': 0, 'time': 235, 'eps': 3e-05}
03/26/2026 01:04:22 - INFO - src.trainer -   {'loss': 1.1120764017105103, 'learning_rate': 1e-06, 'global_step': 1760, 'zo_forward_step': 3522, 'max_steps': 20000, 'max_zo_forward_steps': 0, 'time': 237, 'eps': 3e-05}
03/26/2026 01:04:23 - INFO - src.trainer -   {'loss': 1.7031112909317017, 'learning_rate': 1e-06, 'global_step': 1770, 'zo_forward_step': 3542, 'max_steps': 20000, 'max_zo_forward_steps': 0, 'time': 238, 'eps': 3e-05}
03/26/2026 01:04:24 - INFO - src.trainer -   {'loss': 1.809860110282898, 'learning_rate': 1e-06, 'global_step': 1780, 'zo_forward_step': 3562, 'max_steps': 20000, 'max_zo_forward_steps': 0, 'time': 239, 'eps': 3e-05}
03/26/2026 01:04:26 - INFO - src.trainer -   {'loss': 1.1126958131790161, 'learning_rate': 1e-06, 'global_step': 1790, 'zo_forward_step': 3582, 'max_steps': 20000, 'max_zo_forward_steps': 0, 'time': 241, 'eps': 3e-05}
161it [03:38,  1.62s/it]172it [03:38,  1.10s/it]03/26/2026 01:04:27 - INFO - src.trainer -   {'eval_loss': 1.6526908874511719, 'eval_acc': 0.2}
03/26/2026 01:04:30 - INFO - src.trainer -   [zo_probe] step=1800 eps=3.000e-05 precision=fp32 n=16 mae=3.159709e-03 rmse=3.637082e-03 sign_acc=1.0000 corr=1.000000
03/26/2026 01:04:30 - INFO - src.trainer -   {'loss': 1.6912771463394165, 'learning_rate': 1e-06, 'global_step': 1800, 'zo_forward_step': 3602, 'max_steps': 20000, 'max_zo_forward_steps': 0, 'time': 245, 'eps': 3e-05}
03/26/2026 01:04:32 - INFO - src.trainer -   {'loss': 1.8041565418243408, 'learning_rate': 1e-06, 'global_step': 1810, 'zo_forward_step': 3622, 'max_steps': 20000, 'max_zo_forward_steps': 0, 'time': 246, 'eps': 3e-05}
03/26/2026 01:04:33 - INFO - src.trainer -   {'loss': 1.1114284992218018, 'learning_rate': 1e-06, 'global_step': 1820, 'zo_forward_step': 3642, 'max_steps': 20000, 'max_zo_forward_steps': 0, 'time': 248, 'eps': 3e-05}
03/26/2026 01:04:34 - INFO - src.trainer -   {'loss': 1.7034552097320557, 'learning_rate': 1e-06, 'global_step': 1830, 'zo_forward_step': 3662, 'max_steps': 20000, 'max_zo_forward_steps': 0, 'time': 249, 'eps': 3e-05}
03/26/2026 01:04:35 - INFO - src.trainer -   {'loss': 1.8095595836639404, 'learning_rate': 1e-06, 'global_step': 1840, 'zo_forward_step': 3682, 'max_steps': 20000, 'max_zo_forward_steps': 0, 'time': 250, 'eps': 3e-05}
03/26/2026 01:04:36 - INFO - src.trainer -   {'loss': 1.0980535745620728, 'learning_rate': 1e-06, 'global_step': 1850, 'zo_forward_step': 3702, 'max_steps': 20000, 'max_zo_forward_steps': 0, 'time': 251, 'eps': 3e-05}
03/26/2026 01:04:37 - INFO - src.trainer -   {'loss': 1.6892848014831543, 'learning_rate': 1e-06, 'global_step': 1860, 'zo_forward_step': 3722, 'max_steps': 20000, 'max_zo_forward_steps': 0, 'time': 252, 'eps': 3e-05}
03/26/2026 01:04:38 - INFO - src.trainer -   {'loss': 1.8263323307037354, 'learning_rate': 1e-06, 'global_step': 1870, 'zo_forward_step': 3742, 'max_steps': 20000, 'max_zo_forward_steps': 0, 'time': 253, 'eps': 3e-05}
03/26/2026 01:04:39 - INFO - src.trainer -   {'loss': 1.08793306350708, 'learning_rate': 1e-06, 'global_step': 1880, 'zo_forward_step': 3762, 'max_steps': 20000, 'max_zo_forward_steps': 0, 'time': 254, 'eps': 3e-05}
03/26/2026 01:04:41 - INFO - src.trainer -   {'loss': 1.678759217262268, 'learning_rate': 1e-06, 'global_step': 1890, 'zo_forward_step': 3782, 'max_steps': 20000, 'max_zo_forward_steps': 0, 'time': 256, 'eps': 3e-05}
03/26/2026 01:04:42 - INFO - src.trainer -   {'loss': 1.8317768573760986, 'learning_rate': 1e-06, 'global_step': 1900, 'zo_forward_step': 3802, 'max_steps': 20000, 'max_zo_forward_steps': 0, 'time': 257, 'eps': 3e-05}
03/26/2026 01:04:43 - INFO - src.trainer -   {'loss': 1.098179578781128, 'learning_rate': 1e-06, 'global_step': 1910, 'zo_forward_step': 3822, 'max_steps': 20000, 'max_zo_forward_steps': 0, 'time': 258, 'eps': 3e-05}
03/26/2026 01:04:44 - INFO - src.trainer -   {'loss': 1.6772117614746094, 'learning_rate': 1e-06, 'global_step': 1920, 'zo_forward_step': 3842, 'max_steps': 20000, 'max_zo_forward_steps': 0, 'time': 259, 'eps': 3e-05}
180it [03:56,  1.10s/it]03/26/2026 01:04:46 - INFO - src.trainer -   {'loss': 1.839202880859375, 'learning_rate': 1e-06, 'global_step': 1930, 'zo_forward_step': 3862, 'max_steps': 20000, 'max_zo_forward_steps': 0, 'time': 261, 'eps': 3e-05}
03/26/2026 01:04:47 - INFO - src.trainer -   {'loss': 1.092507004737854, 'learning_rate': 1e-06, 'global_step': 1940, 'zo_forward_step': 3882, 'max_steps': 20000, 'max_zo_forward_steps': 0, 'time': 262, 'eps': 3e-05}
03/26/2026 01:04:48 - INFO - src.trainer -   {'loss': 1.6733191013336182, 'learning_rate': 1e-06, 'global_step': 1950, 'zo_forward_step': 3902, 'max_steps': 20000, 'max_zo_forward_steps': 0, 'time': 263, 'eps': 3e-05}
03/26/2026 01:04:49 - INFO - src.trainer -   {'loss': 1.8460406064987183, 'learning_rate': 1e-06, 'global_step': 1960, 'zo_forward_step': 3922, 'max_steps': 20000, 'max_zo_forward_steps': 0, 'time': 264, 'eps': 3e-05}
03/26/2026 01:04:50 - INFO - src.trainer -   {'loss': 1.0812795162200928, 'learning_rate': 1e-06, 'global_step': 1970, 'zo_forward_step': 3942, 'max_steps': 20000, 'max_zo_forward_steps': 0, 'time': 265, 'eps': 3e-05}
03/26/2026 01:04:52 - INFO - src.trainer -   {'loss': 1.6730492115020752, 'learning_rate': 1e-06, 'global_step': 1980, 'zo_forward_step': 3962, 'max_steps': 20000, 'max_zo_forward_steps': 0, 'time': 267, 'eps': 3e-05}
03/26/2026 01:04:53 - INFO - src.trainer -   {'loss': 1.8374857902526855, 'learning_rate': 1e-06, 'global_step': 1990, 'zo_forward_step': 3982, 'max_steps': 20000, 'max_zo_forward_steps': 0, 'time': 268, 'eps': 3e-05}
181it [04:05,  1.63s/it]192it [04:05,  1.10s/it]03/26/2026 01:04:54 - INFO - src.trainer -   {'eval_loss': 1.65730881690979, 'eval_acc': 0.1875}
03/26/2026 01:04:56 - INFO - src.trainer -   [zo_probe] step=2000 eps=3.000e-05 precision=fp32 n=16 mae=2.890736e-03 rmse=3.707298e-03 sign_acc=1.0000 corr=1.000000
03/26/2026 01:04:56 - INFO - src.trainer -   {'loss': 1.0827629566192627, 'learning_rate': 1e-06, 'global_step': 2000, 'zo_forward_step': 4002, 'max_steps': 20000, 'max_zo_forward_steps': 0, 'time': 271, 'eps': 3e-05}
03/26/2026 01:04:57 - INFO - src.trainer -   {'loss': 1.6907188892364502, 'learning_rate': 1e-06, 'global_step': 2010, 'zo_forward_step': 4022, 'max_steps': 20000, 'max_zo_forward_steps': 0, 'time': 272, 'eps': 3e-05}
03/26/2026 01:04:59 - INFO - src.trainer -   {'loss': 1.8234238624572754, 'learning_rate': 1e-06, 'global_step': 2020, 'zo_forward_step': 4042, 'max_steps': 20000, 'max_zo_forward_steps': 0, 'time': 274, 'eps': 3e-05}
03/26/2026 01:05:00 - INFO - src.trainer -   {'loss': 1.0763460397720337, 'learning_rate': 1e-06, 'global_step': 2030, 'zo_forward_step': 4062, 'max_steps': 20000, 'max_zo_forward_steps': 0, 'time': 275, 'eps': 3e-05}
03/26/2026 01:05:01 - INFO - src.trainer -   {'loss': 1.6923304796218872, 'learning_rate': 1e-06, 'global_step': 2040, 'zo_forward_step': 4082, 'max_steps': 20000, 'max_zo_forward_steps': 0, 'time': 276, 'eps': 3e-05}
03/26/2026 01:05:02 - INFO - src.trainer -   {'loss': 1.814350962638855, 'learning_rate': 1e-06, 'global_step': 2050, 'zo_forward_step': 4102, 'max_steps': 20000, 'max_zo_forward_steps': 0, 'time': 277, 'eps': 3e-05}
03/26/2026 01:05:03 - INFO - src.trainer -   {'loss': 1.0803303718566895, 'learning_rate': 1e-06, 'global_step': 2060, 'zo_forward_step': 4122, 'max_steps': 20000, 'max_zo_forward_steps': 0, 'time': 278, 'eps': 3e-05}
03/26/2026 01:05:04 - INFO - src.trainer -   {'loss': 1.6975284814834595, 'learning_rate': 1e-06, 'global_step': 2070, 'zo_forward_step': 4142, 'max_steps': 20000, 'max_zo_forward_steps': 0, 'time': 279, 'eps': 3e-05}
200it [04:16,  1.10s/it]03/26/2026 01:05:06 - INFO - src.trainer -   {'loss': 1.8067686557769775, 'learning_rate': 1e-06, 'global_step': 2080, 'zo_forward_step': 4162, 'max_steps': 20000, 'max_zo_forward_steps': 0, 'time': 281, 'eps': 3e-05}
03/26/2026 01:05:08 - INFO - src.trainer -   {'loss': 1.0742684602737427, 'learning_rate': 1e-06, 'global_step': 2090, 'zo_forward_step': 4182, 'max_steps': 20000, 'max_zo_forward_steps': 0, 'time': 283, 'eps': 3e-05}
03/26/2026 01:05:09 - INFO - src.trainer -   {'loss': 1.6985257863998413, 'learning_rate': 1e-06, 'global_step': 2100, 'zo_forward_step': 4202, 'max_steps': 20000, 'max_zo_forward_steps': 0, 'time': 284, 'eps': 3e-05}
03/26/2026 01:05:10 - INFO - src.trainer -   {'loss': 1.8144203424453735, 'learning_rate': 1e-06, 'global_step': 2110, 'zo_forward_step': 4222, 'max_steps': 20000, 'max_zo_forward_steps': 0, 'time': 285, 'eps': 3e-05}
03/26/2026 01:05:12 - INFO - src.trainer -   {'loss': 1.0757533311843872, 'learning_rate': 1e-06, 'global_step': 2120, 'zo_forward_step': 4242, 'max_steps': 20000, 'max_zo_forward_steps': 0, 'time': 287, 'eps': 3e-05}
03/26/2026 01:05:13 - INFO - src.trainer -   {'loss': 1.7012556791305542, 'learning_rate': 1e-06, 'global_step': 2130, 'zo_forward_step': 4262, 'max_steps': 20000, 'max_zo_forward_steps': 0, 'time': 288, 'eps': 3e-05}
03/26/2026 01:05:14 - INFO - src.trainer -   {'loss': 1.8057628870010376, 'learning_rate': 1e-06, 'global_step': 2140, 'zo_forward_step': 4282, 'max_steps': 20000, 'max_zo_forward_steps': 0, 'time': 289, 'eps': 3e-05}
03/26/2026 01:05:16 - INFO - src.trainer -   {'loss': 1.0752183198928833, 'learning_rate': 1e-06, 'global_step': 2150, 'zo_forward_step': 4302, 'max_steps': 20000, 'max_zo_forward_steps': 0, 'time': 291, 'eps': 3e-05}
03/26/2026 01:05:17 - INFO - src.trainer -   {'loss': 1.7018803358078003, 'learning_rate': 1e-06, 'global_step': 2160, 'zo_forward_step': 4322, 'max_steps': 20000, 'max_zo_forward_steps': 0, 'time': 292, 'eps': 3e-05}
03/26/2026 01:05:18 - INFO - src.trainer -   {'loss': 1.830971121788025, 'learning_rate': 1e-06, 'global_step': 2170, 'zo_forward_step': 4342, 'max_steps': 20000, 'max_zo_forward_steps': 0, 'time': 293, 'eps': 3e-05}
03/26/2026 01:05:19 - INFO - src.trainer -   {'loss': 1.062663197517395, 'learning_rate': 1e-06, 'global_step': 2180, 'zo_forward_step': 4362, 'max_steps': 20000, 'max_zo_forward_steps': 0, 'time': 294, 'eps': 3e-05}
03/26/2026 01:05:20 - INFO - src.trainer -   {'loss': 1.6965258121490479, 'learning_rate': 1e-06, 'global_step': 2190, 'zo_forward_step': 4382, 'max_steps': 20000, 'max_zo_forward_steps': 0, 'time': 295, 'eps': 3e-05}
201it [04:33,  1.63s/it]212it [04:33,  1.10s/it]03/26/2026 01:05:21 - INFO - src.trainer -   {'eval_loss': 1.6567586660385132, 'eval_acc': 0.2}
03/26/2026 01:05:24 - INFO - src.trainer -   [zo_probe] step=2200 eps=3.000e-05 precision=fp32 n=16 mae=5.011380e-03 rmse=5.872091e-03 sign_acc=1.0000 corr=1.000000
03/26/2026 01:05:24 - INFO - src.trainer -   {'loss': 1.812268614768982, 'learning_rate': 1e-06, 'global_step': 2200, 'zo_forward_step': 4402, 'max_steps': 20000, 'max_zo_forward_steps': 0, 'time': 299, 'eps': 3e-05}
03/26/2026 01:05:26 - INFO - src.trainer -   {'loss': 1.074266791343689, 'learning_rate': 1e-06, 'global_step': 2210, 'zo_forward_step': 4422, 'max_steps': 20000, 'max_zo_forward_steps': 0, 'time': 301, 'eps': 3e-05}
03/26/2026 01:05:27 - INFO - src.trainer -   {'loss': 1.6905425786972046, 'learning_rate': 1e-06, 'global_step': 2220, 'zo_forward_step': 4442, 'max_steps': 20000, 'max_zo_forward_steps': 0, 'time': 302, 'eps': 3e-05}
03/26/2026 01:05:28 - INFO - src.trainer -   {'loss': 1.822239637374878, 'learning_rate': 1e-06, 'global_step': 2230, 'zo_forward_step': 4462, 'max_steps': 20000, 'max_zo_forward_steps': 0, 'time': 303, 'eps': 3e-05}
03/26/2026 01:05:29 - INFO - src.trainer -   {'loss': 1.0840524435043335, 'learning_rate': 1e-06, 'global_step': 2240, 'zo_forward_step': 4482, 'max_steps': 20000, 'max_zo_forward_steps': 0, 'time': 304, 'eps': 3e-05}
03/26/2026 01:05:30 - INFO - src.trainer -   {'loss': 1.6929064989089966, 'learning_rate': 1e-06, 'global_step': 2250, 'zo_forward_step': 4502, 'max_steps': 20000, 'max_zo_forward_steps': 0, 'time': 305, 'eps': 3e-05}
03/26/2026 01:05:31 - INFO - src.trainer -   {'loss': 1.8128666877746582, 'learning_rate': 1e-06, 'global_step': 2260, 'zo_forward_step': 4522, 'max_steps': 20000, 'max_zo_forward_steps': 0, 'time': 306, 'eps': 3e-05}
03/26/2026 01:05:33 - INFO - src.trainer -   {'loss': 1.0872712135314941, 'learning_rate': 1e-06, 'global_step': 2270, 'zo_forward_step': 4542, 'max_steps': 20000, 'max_zo_forward_steps': 0, 'time': 307, 'eps': 3e-05}
03/26/2026 01:05:34 - INFO - src.trainer -   {'loss': 1.692420482635498, 'learning_rate': 1e-06, 'global_step': 2280, 'zo_forward_step': 4562, 'max_steps': 20000, 'max_zo_forward_steps': 0, 'time': 309, 'eps': 3e-05}
220it [04:46,  1.10s/it]03/26/2026 01:05:35 - INFO - src.trainer -   {'loss': 1.8195840120315552, 'learning_rate': 1e-06, 'global_step': 2290, 'zo_forward_step': 4582, 'max_steps': 20000, 'max_zo_forward_steps': 0, 'time': 310, 'eps': 3e-05}
03/26/2026 01:05:36 - INFO - src.trainer -   {'loss': 1.0924625396728516, 'learning_rate': 1e-06, 'global_step': 2300, 'zo_forward_step': 4602, 'max_steps': 20000, 'max_zo_forward_steps': 0, 'time': 311, 'eps': 3e-05}
03/26/2026 01:05:37 - INFO - src.trainer -   {'loss': 1.679945707321167, 'learning_rate': 1e-06, 'global_step': 2310, 'zo_forward_step': 4622, 'max_steps': 20000, 'max_zo_forward_steps': 0, 'time': 312, 'eps': 3e-05}
03/26/2026 01:05:38 - INFO - src.trainer -   {'loss': 1.8119897842407227, 'learning_rate': 1e-06, 'global_step': 2320, 'zo_forward_step': 4642, 'max_steps': 20000, 'max_zo_forward_steps': 0, 'time': 313, 'eps': 3e-05}
03/26/2026 01:05:39 - INFO - src.trainer -   {'loss': 1.0928905010223389, 'learning_rate': 1e-06, 'global_step': 2330, 'zo_forward_step': 4662, 'max_steps': 20000, 'max_zo_forward_steps': 0, 'time': 314, 'eps': 3e-05}
03/26/2026 01:05:41 - INFO - src.trainer -   {'loss': 1.687294602394104, 'learning_rate': 1e-06, 'global_step': 2340, 'zo_forward_step': 4682, 'max_steps': 20000, 'max_zo_forward_steps': 0, 'time': 316, 'eps': 3e-05}
03/26/2026 01:05:42 - INFO - src.trainer -   {'loss': 1.8211805820465088, 'learning_rate': 1e-06, 'global_step': 2350, 'zo_forward_step': 4702, 'max_steps': 20000, 'max_zo_forward_steps': 0, 'time': 317, 'eps': 3e-05}
03/26/2026 01:05:43 - INFO - src.trainer -   {'loss': 1.075364351272583, 'learning_rate': 1e-06, 'global_step': 2360, 'zo_forward_step': 4722, 'max_steps': 20000, 'max_zo_forward_steps': 0, 'time': 318, 'eps': 3e-05}
03/26/2026 01:05:44 - INFO - src.trainer -   {'loss': 1.7012706995010376, 'learning_rate': 1e-06, 'global_step': 2370, 'zo_forward_step': 4742, 'max_steps': 20000, 'max_zo_forward_steps': 0, 'time': 319, 'eps': 3e-05}
03/26/2026 01:05:45 - INFO - src.trainer -   {'loss': 1.812968373298645, 'learning_rate': 1e-06, 'global_step': 2380, 'zo_forward_step': 4762, 'max_steps': 20000, 'max_zo_forward_steps': 0, 'time': 320, 'eps': 3e-05}
03/26/2026 01:05:47 - INFO - src.trainer -   {'loss': 1.0635333061218262, 'learning_rate': 1e-06, 'global_step': 2390, 'zo_forward_step': 4782, 'max_steps': 20000, 'max_zo_forward_steps': 0, 'time': 322, 'eps': 3e-05}
221it [04:59,  1.61s/it]232it [04:59,  1.09s/it]03/26/2026 01:05:48 - INFO - src.trainer -   {'eval_loss': 1.6571712493896484, 'eval_acc': 0.2}
03/26/2026 01:05:51 - INFO - src.trainer -   [zo_probe] step=2400 eps=3.000e-05 precision=fp32 n=16 mae=9.107279e-02 rmse=2.051888e-01 sign_acc=1.0000 corr=0.999987
03/26/2026 01:05:51 - INFO - src.trainer -   {'loss': 1.7068781852722168, 'learning_rate': 1e-06, 'global_step': 2400, 'zo_forward_step': 4802, 'max_steps': 20000, 'max_zo_forward_steps': 0, 'time': 326, 'eps': 3e-05}
03/26/2026 01:05:52 - INFO - src.trainer -   {'loss': 1.8138906955718994, 'learning_rate': 1e-06, 'global_step': 2410, 'zo_forward_step': 4822, 'max_steps': 20000, 'max_zo_forward_steps': 0, 'time': 327, 'eps': 3e-05}
03/26/2026 01:05:53 - INFO - src.trainer -   {'loss': 1.065723180770874, 'learning_rate': 1e-06, 'global_step': 2420, 'zo_forward_step': 4842, 'max_steps': 20000, 'max_zo_forward_steps': 0, 'time': 328, 'eps': 3e-05}
03/26/2026 01:05:56 - INFO - src.trainer -   {'loss': 1.7018619775772095, 'learning_rate': 1e-06, 'global_step': 2430, 'zo_forward_step': 4862, 'max_steps': 20000, 'max_zo_forward_steps': 0, 'time': 331, 'eps': 3e-05}
03/26/2026 01:05:57 - INFO - src.trainer -   {'loss': 1.8171595335006714, 'learning_rate': 1e-06, 'global_step': 2440, 'zo_forward_step': 4882, 'max_steps': 20000, 'max_zo_forward_steps': 0, 'time': 332, 'eps': 3e-05}
03/26/2026 01:05:59 - INFO - src.trainer -   {'loss': 1.0618562698364258, 'learning_rate': 1e-06, 'global_step': 2450, 'zo_forward_step': 4902, 'max_steps': 20000, 'max_zo_forward_steps': 0, 'time': 334, 'eps': 3e-05}
03/26/2026 01:06:00 - INFO - src.trainer -   {'loss': 1.7015936374664307, 'learning_rate': 1e-06, 'global_step': 2460, 'zo_forward_step': 4922, 'max_steps': 20000, 'max_zo_forward_steps': 0, 'time': 335, 'eps': 3e-05}
03/26/2026 01:06:01 - INFO - src.trainer -   {'loss': 1.8138000965118408, 'learning_rate': 1e-06, 'global_step': 2470, 'zo_forward_step': 4942, 'max_steps': 20000, 'max_zo_forward_steps': 0, 'time': 336, 'eps': 3e-05}
03/26/2026 01:06:02 - INFO - src.trainer -   {'loss': 1.0598293542861938, 'learning_rate': 1e-06, 'global_step': 2480, 'zo_forward_step': 4962, 'max_steps': 20000, 'max_zo_forward_steps': 0, 'time': 337, 'eps': 3e-05}
03/26/2026 01:06:04 - INFO - src.trainer -   {'loss': 1.6951208114624023, 'learning_rate': 1e-06, 'global_step': 2490, 'zo_forward_step': 4982, 'max_steps': 20000, 'max_zo_forward_steps': 0, 'time': 338, 'eps': 3e-05}
240it [05:16,  1.09s/it]03/26/2026 01:06:05 - INFO - src.trainer -   {'loss': 1.8261290788650513, 'learning_rate': 1e-06, 'global_step': 2500, 'zo_forward_step': 5002, 'max_steps': 20000, 'max_zo_forward_steps': 0, 'time': 340, 'eps': 3e-05}
03/26/2026 01:06:06 - INFO - src.trainer -   {'loss': 1.0596973896026611, 'learning_rate': 1e-06, 'global_step': 2510, 'zo_forward_step': 5022, 'max_steps': 20000, 'max_zo_forward_steps': 0, 'time': 341, 'eps': 3e-05}
03/26/2026 01:06:07 - INFO - src.trainer -   {'loss': 1.6999430656433105, 'learning_rate': 1e-06, 'global_step': 2520, 'zo_forward_step': 5042, 'max_steps': 20000, 'max_zo_forward_steps': 0, 'time': 342, 'eps': 3e-05}
03/26/2026 01:06:08 - INFO - src.trainer -   {'loss': 1.8219783306121826, 'learning_rate': 1e-06, 'global_step': 2530, 'zo_forward_step': 5062, 'max_steps': 20000, 'max_zo_forward_steps': 0, 'time': 343, 'eps': 3e-05}
03/26/2026 01:06:09 - INFO - src.trainer -   {'loss': 1.0616223812103271, 'learning_rate': 1e-06, 'global_step': 2540, 'zo_forward_step': 5082, 'max_steps': 20000, 'max_zo_forward_steps': 0, 'time': 344, 'eps': 3e-05}
03/26/2026 01:06:11 - INFO - src.trainer -   {'loss': 1.6916013956069946, 'learning_rate': 1e-06, 'global_step': 2550, 'zo_forward_step': 5102, 'max_steps': 20000, 'max_zo_forward_steps': 0, 'time': 345, 'eps': 3e-05}
03/26/2026 01:06:12 - INFO - src.trainer -   {'loss': 1.8190360069274902, 'learning_rate': 1e-06, 'global_step': 2560, 'zo_forward_step': 5122, 'max_steps': 20000, 'max_zo_forward_steps': 0, 'time': 347, 'eps': 3e-05}
03/26/2026 01:06:14 - INFO - src.trainer -   {'loss': 1.0678755044937134, 'learning_rate': 1e-06, 'global_step': 2570, 'zo_forward_step': 5142, 'max_steps': 20000, 'max_zo_forward_steps': 0, 'time': 349, 'eps': 3e-05}
03/26/2026 01:06:15 - INFO - src.trainer -   {'loss': 1.6935714483261108, 'learning_rate': 1e-06, 'global_step': 2580, 'zo_forward_step': 5162, 'max_steps': 20000, 'max_zo_forward_steps': 0, 'time': 350, 'eps': 3e-05}
03/26/2026 01:06:16 - INFO - src.trainer -   {'loss': 1.8251802921295166, 'learning_rate': 1e-06, 'global_step': 2590, 'zo_forward_step': 5182, 'max_steps': 20000, 'max_zo_forward_steps': 0, 'time': 351, 'eps': 3e-05}
241it [05:29,  1.69s/it]252it [05:29,  1.15s/it]03/26/2026 01:06:18 - INFO - src.trainer -   {'eval_loss': 1.660750150680542, 'eval_acc': 0.2}
03/26/2026 01:06:20 - INFO - src.trainer -   [zo_probe] step=2600 eps=3.000e-05 precision=fp32 n=16 mae=3.948987e-03 rmse=5.421669e-03 sign_acc=1.0000 corr=1.000000
03/26/2026 01:06:20 - INFO - src.trainer -   {'loss': 1.0601975917816162, 'learning_rate': 1e-06, 'global_step': 2600, 'zo_forward_step': 5202, 'max_steps': 20000, 'max_zo_forward_steps': 0, 'time': 355, 'eps': 3e-05}
03/26/2026 01:06:21 - INFO - src.trainer -   {'loss': 1.6896480321884155, 'learning_rate': 1e-06, 'global_step': 2610, 'zo_forward_step': 5222, 'max_steps': 20000, 'max_zo_forward_steps': 0, 'time': 356, 'eps': 3e-05}
03/26/2026 01:06:22 - INFO - src.trainer -   {'loss': 1.8323520421981812, 'learning_rate': 1e-06, 'global_step': 2620, 'zo_forward_step': 5242, 'max_steps': 20000, 'max_zo_forward_steps': 0, 'time': 357, 'eps': 3e-05}
03/26/2026 01:06:24 - INFO - src.trainer -   {'loss': 1.053011178970337, 'learning_rate': 1e-06, 'global_step': 2630, 'zo_forward_step': 5262, 'max_steps': 20000, 'max_zo_forward_steps': 0, 'time': 358, 'eps': 3e-05}
03/26/2026 01:06:25 - INFO - src.trainer -   {'loss': 1.7155159711837769, 'learning_rate': 1e-06, 'global_step': 2640, 'zo_forward_step': 5282, 'max_steps': 20000, 'max_zo_forward_steps': 0, 'time': 360, 'eps': 3e-05}
03/26/2026 01:06:26 - INFO - src.trainer -   {'loss': 1.8193057775497437, 'learning_rate': 1e-06, 'global_step': 2650, 'zo_forward_step': 5302, 'max_steps': 20000, 'max_zo_forward_steps': 0, 'time': 361, 'eps': 3e-05}
03/26/2026 01:06:27 - INFO - src.trainer -   {'loss': 1.0462199449539185, 'learning_rate': 1e-06, 'global_step': 2660, 'zo_forward_step': 5322, 'max_steps': 20000, 'max_zo_forward_steps': 0, 'time': 362, 'eps': 3e-05}
03/26/2026 01:06:28 - INFO - src.trainer -   {'loss': 1.7001116275787354, 'learning_rate': 1e-06, 'global_step': 2670, 'zo_forward_step': 5342, 'max_steps': 20000, 'max_zo_forward_steps': 0, 'time': 363, 'eps': 3e-05}
03/26/2026 01:06:29 - INFO - src.trainer -   {'loss': 1.8296805620193481, 'learning_rate': 1e-06, 'global_step': 2680, 'zo_forward_step': 5362, 'max_steps': 20000, 'max_zo_forward_steps': 0, 'time': 364, 'eps': 3e-05}
03/26/2026 01:06:30 - INFO - src.trainer -   {'loss': 1.0735197067260742, 'learning_rate': 1e-06, 'global_step': 2690, 'zo_forward_step': 5382, 'max_steps': 20000, 'max_zo_forward_steps': 0, 'time': 365, 'eps': 3e-05}
03/26/2026 01:06:32 - INFO - src.trainer -   {'loss': 1.6799614429473877, 'learning_rate': 1e-06, 'global_step': 2700, 'zo_forward_step': 5402, 'max_steps': 20000, 'max_zo_forward_steps': 0, 'time': 367, 'eps': 3e-05}
03/26/2026 01:06:33 - INFO - src.trainer -   {'loss': 1.817665696144104, 'learning_rate': 1e-06, 'global_step': 2710, 'zo_forward_step': 5422, 'max_steps': 20000, 'max_zo_forward_steps': 0, 'time': 368, 'eps': 3e-05}
03/26/2026 01:06:34 - INFO - src.trainer -   {'loss': 1.0714383125305176, 'learning_rate': 1e-06, 'global_step': 2720, 'zo_forward_step': 5442, 'max_steps': 20000, 'max_zo_forward_steps': 0, 'time': 369, 'eps': 3e-05}
260it [05:46,  1.15s/it]03/26/2026 01:06:35 - INFO - src.trainer -   {'loss': 1.6837360858917236, 'learning_rate': 1e-06, 'global_step': 2730, 'zo_forward_step': 5462, 'max_steps': 20000, 'max_zo_forward_steps': 0, 'time': 370, 'eps': 3e-05}
03/26/2026 01:06:36 - INFO - src.trainer -   {'loss': 1.8184704780578613, 'learning_rate': 1e-06, 'global_step': 2740, 'zo_forward_step': 5482, 'max_steps': 20000, 'max_zo_forward_steps': 0, 'time': 371, 'eps': 3e-05}
03/26/2026 01:06:37 - INFO - src.trainer -   {'loss': 1.0486469268798828, 'learning_rate': 1e-06, 'global_step': 2750, 'zo_forward_step': 5502, 'max_steps': 20000, 'max_zo_forward_steps': 0, 'time': 372, 'eps': 3e-05}
03/26/2026 01:06:39 - INFO - src.trainer -   {'loss': 1.698248267173767, 'learning_rate': 1e-06, 'global_step': 2760, 'zo_forward_step': 5522, 'max_steps': 20000, 'max_zo_forward_steps': 0, 'time': 373, 'eps': 3e-05}
03/26/2026 01:06:40 - INFO - src.trainer -   {'loss': 1.8166413307189941, 'learning_rate': 1e-06, 'global_step': 2770, 'zo_forward_step': 5542, 'max_steps': 20000, 'max_zo_forward_steps': 0, 'time': 375, 'eps': 3e-05}
03/26/2026 01:06:41 - INFO - src.trainer -   {'loss': 1.0507112741470337, 'learning_rate': 1e-06, 'global_step': 2780, 'zo_forward_step': 5562, 'max_steps': 20000, 'max_zo_forward_steps': 0, 'time': 376, 'eps': 3e-05}
03/26/2026 01:06:42 - INFO - src.trainer -   {'loss': 1.6914937496185303, 'learning_rate': 1e-06, 'global_step': 2790, 'zo_forward_step': 5582, 'max_steps': 20000, 'max_zo_forward_steps': 0, 'time': 377, 'eps': 3e-05}
261it [05:54,  1.61s/it]272it [05:55,  1.09s/it]03/26/2026 01:06:43 - INFO - src.trainer -   {'eval_loss': 1.6592804193496704, 'eval_acc': 0.2}
03/26/2026 01:06:46 - INFO - src.trainer -   [zo_probe] step=2800 eps=3.000e-05 precision=fp32 n=16 mae=4.252344e-03 rmse=5.247660e-03 sign_acc=1.0000 corr=1.000000
03/26/2026 01:06:46 - INFO - src.trainer -   {'loss': 1.8181002140045166, 'learning_rate': 1e-06, 'global_step': 2800, 'zo_forward_step': 5602, 'max_steps': 20000, 'max_zo_forward_steps': 0, 'time': 381, 'eps': 3e-05}
03/26/2026 01:06:47 - INFO - src.trainer -   {'loss': 1.03974187374115, 'learning_rate': 1e-06, 'global_step': 2810, 'zo_forward_step': 5622, 'max_steps': 20000, 'max_zo_forward_steps': 0, 'time': 382, 'eps': 3e-05}
03/26/2026 01:06:49 - INFO - src.trainer -   {'loss': 1.7153818607330322, 'learning_rate': 1e-06, 'global_step': 2820, 'zo_forward_step': 5642, 'max_steps': 20000, 'max_zo_forward_steps': 0, 'time': 384, 'eps': 3e-05}
03/26/2026 01:06:50 - INFO - src.trainer -   {'loss': 1.804663896560669, 'learning_rate': 1e-06, 'global_step': 2830, 'zo_forward_step': 5662, 'max_steps': 20000, 'max_zo_forward_steps': 0, 'time': 385, 'eps': 3e-05}
03/26/2026 01:06:51 - INFO - src.trainer -   {'loss': 1.0472350120544434, 'learning_rate': 1e-06, 'global_step': 2840, 'zo_forward_step': 5682, 'max_steps': 20000, 'max_zo_forward_steps': 0, 'time': 386, 'eps': 3e-05}
03/26/2026 01:06:52 - INFO - src.trainer -   {'loss': 1.7038235664367676, 'learning_rate': 1e-06, 'global_step': 2850, 'zo_forward_step': 5702, 'max_steps': 20000, 'max_zo_forward_steps': 0, 'time': 387, 'eps': 3e-05}
03/26/2026 01:06:53 - INFO - src.trainer -   {'loss': 1.811242699623108, 'learning_rate': 1e-06, 'global_step': 2860, 'zo_forward_step': 5722, 'max_steps': 20000, 'max_zo_forward_steps': 0, 'time': 388, 'eps': 3e-05}
03/26/2026 01:06:54 - INFO - src.trainer -   {'loss': 1.0584166049957275, 'learning_rate': 1e-06, 'global_step': 2870, 'zo_forward_step': 5742, 'max_steps': 20000, 'max_zo_forward_steps': 0, 'time': 389, 'eps': 3e-05}
280it [06:06,  1.09s/it]03/26/2026 01:06:56 - INFO - src.trainer -   {'loss': 1.6929028034210205, 'learning_rate': 1e-06, 'global_step': 2880, 'zo_forward_step': 5762, 'max_steps': 20000, 'max_zo_forward_steps': 0, 'time': 391, 'eps': 3e-05}
03/26/2026 01:06:57 - INFO - src.trainer -   {'loss': 1.7997550964355469, 'learning_rate': 1e-06, 'global_step': 2890, 'zo_forward_step': 5782, 'max_steps': 20000, 'max_zo_forward_steps': 0, 'time': 392, 'eps': 3e-05}
03/26/2026 01:06:58 - INFO - src.trainer -   {'loss': 1.0825812816619873, 'learning_rate': 1e-06, 'global_step': 2900, 'zo_forward_step': 5802, 'max_steps': 20000, 'max_zo_forward_steps': 0, 'time': 393, 'eps': 3e-05}
03/26/2026 01:06:59 - INFO - src.trainer -   {'loss': 1.6842812299728394, 'learning_rate': 1e-06, 'global_step': 2910, 'zo_forward_step': 5822, 'max_steps': 20000, 'max_zo_forward_steps': 0, 'time': 394, 'eps': 3e-05}
03/26/2026 01:07:00 - INFO - src.trainer -   {'loss': 1.8012964725494385, 'learning_rate': 1e-06, 'global_step': 2920, 'zo_forward_step': 5842, 'max_steps': 20000, 'max_zo_forward_steps': 0, 'time': 395, 'eps': 3e-05}
03/26/2026 01:07:01 - INFO - src.trainer -   {'loss': 1.0854941606521606, 'learning_rate': 1e-06, 'global_step': 2930, 'zo_forward_step': 5862, 'max_steps': 20000, 'max_zo_forward_steps': 0, 'time': 396, 'eps': 3e-05}
03/26/2026 01:07:03 - INFO - src.trainer -   {'loss': 1.6863248348236084, 'learning_rate': 1e-06, 'global_step': 2940, 'zo_forward_step': 5882, 'max_steps': 20000, 'max_zo_forward_steps': 0, 'time': 397, 'eps': 3e-05}
03/26/2026 01:07:04 - INFO - src.trainer -   {'loss': 1.7933992147445679, 'learning_rate': 1e-06, 'global_step': 2950, 'zo_forward_step': 5902, 'max_steps': 20000, 'max_zo_forward_steps': 0, 'time': 399, 'eps': 3e-05}
03/26/2026 01:07:05 - INFO - src.trainer -   {'loss': 1.0789759159088135, 'learning_rate': 1e-06, 'global_step': 2960, 'zo_forward_step': 5922, 'max_steps': 20000, 'max_zo_forward_steps': 0, 'time': 400, 'eps': 3e-05}
03/26/2026 01:07:06 - INFO - src.trainer -   {'loss': 1.7049064636230469, 'learning_rate': 1e-06, 'global_step': 2970, 'zo_forward_step': 5942, 'max_steps': 20000, 'max_zo_forward_steps': 0, 'time': 401, 'eps': 3e-05}
03/26/2026 01:07:07 - INFO - src.trainer -   {'loss': 1.7767868041992188, 'learning_rate': 1e-06, 'global_step': 2980, 'zo_forward_step': 5962, 'max_steps': 20000, 'max_zo_forward_steps': 0, 'time': 402, 'eps': 3e-05}
03/26/2026 01:07:08 - INFO - src.trainer -   {'loss': 1.065147042274475, 'learning_rate': 1e-06, 'global_step': 2990, 'zo_forward_step': 5982, 'max_steps': 20000, 'max_zo_forward_steps': 0, 'time': 403, 'eps': 3e-05}
281it [06:21,  1.60s/it]292it [06:21,  1.08s/it]03/26/2026 01:07:10 - INFO - src.trainer -   {'eval_loss': 1.6527267694473267, 'eval_acc': 0.2}
03/26/2026 01:07:13 - INFO - src.trainer -   [zo_probe] step=3000 eps=3.000e-05 precision=fp32 n=16 mae=4.263446e-03 rmse=5.303352e-03 sign_acc=1.0000 corr=1.000000
03/26/2026 01:07:13 - INFO - src.trainer -   {'loss': 1.7079455852508545, 'learning_rate': 1e-06, 'global_step': 3000, 'zo_forward_step': 6002, 'max_steps': 20000, 'max_zo_forward_steps': 0, 'time': 408, 'eps': 3e-05}
03/26/2026 01:07:14 - INFO - src.trainer -   {'loss': 1.7644968032836914, 'learning_rate': 1e-06, 'global_step': 3010, 'zo_forward_step': 6022, 'max_steps': 20000, 'max_zo_forward_steps': 0, 'time': 409, 'eps': 3e-05}
03/26/2026 01:07:15 - INFO - src.trainer -   {'loss': 1.0659059286117554, 'learning_rate': 1e-06, 'global_step': 3020, 'zo_forward_step': 6042, 'max_steps': 20000, 'max_zo_forward_steps': 0, 'time': 410, 'eps': 3e-05}
03/26/2026 01:07:16 - INFO - src.trainer -   {'loss': 1.7120802402496338, 'learning_rate': 1e-06, 'global_step': 3030, 'zo_forward_step': 6062, 'max_steps': 20000, 'max_zo_forward_steps': 0, 'time': 411, 'eps': 3e-05}
03/26/2026 01:07:18 - INFO - src.trainer -   {'loss': 1.7528102397918701, 'learning_rate': 1e-06, 'global_step': 3040, 'zo_forward_step': 6082, 'max_steps': 20000, 'max_zo_forward_steps': 0, 'time': 412, 'eps': 3e-05}
03/26/2026 01:07:19 - INFO - src.trainer -   {'loss': 1.084578275680542, 'learning_rate': 1e-06, 'global_step': 3050, 'zo_forward_step': 6102, 'max_steps': 20000, 'max_zo_forward_steps': 0, 'time': 414, 'eps': 3e-05}
03/26/2026 01:07:20 - INFO - src.trainer -   {'loss': 1.6965254545211792, 'learning_rate': 1e-06, 'global_step': 3060, 'zo_forward_step': 6122, 'max_steps': 20000, 'max_zo_forward_steps': 0, 'time': 415, 'eps': 3e-05}
03/26/2026 01:07:21 - INFO - src.trainer -   {'loss': 1.777884602546692, 'learning_rate': 1e-06, 'global_step': 3070, 'zo_forward_step': 6142, 'max_steps': 20000, 'max_zo_forward_steps': 0, 'time': 416, 'eps': 3e-05}
03/26/2026 01:07:22 - INFO - src.trainer -   {'loss': 1.067287802696228, 'learning_rate': 1e-06, 'global_step': 3080, 'zo_forward_step': 6162, 'max_steps': 20000, 'max_zo_forward_steps': 0, 'time': 417, 'eps': 3e-05}
03/26/2026 01:07:23 - INFO - src.trainer -   {'loss': 1.680064082145691, 'learning_rate': 1e-06, 'global_step': 3090, 'zo_forward_step': 6182, 'max_steps': 20000, 'max_zo_forward_steps': 0, 'time': 418, 'eps': 3e-05}
03/26/2026 01:07:24 - INFO - src.trainer -   {'loss': 1.7773256301879883, 'learning_rate': 1e-06, 'global_step': 3100, 'zo_forward_step': 6202, 'max_steps': 20000, 'max_zo_forward_steps': 0, 'time': 419, 'eps': 3e-05}
300it [06:36,  1.08s/it]03/26/2026 01:07:26 - INFO - src.trainer -   {'loss': 1.079569697380066, 'learning_rate': 1e-06, 'global_step': 3110, 'zo_forward_step': 6222, 'max_steps': 20000, 'max_zo_forward_steps': 0, 'time': 420, 'eps': 3e-05}
03/26/2026 01:07:27 - INFO - src.trainer -   {'loss': 1.690371036529541, 'learning_rate': 1e-06, 'global_step': 3120, 'zo_forward_step': 6242, 'max_steps': 20000, 'max_zo_forward_steps': 0, 'time': 422, 'eps': 3e-05}
03/26/2026 01:07:30 - INFO - src.trainer -   {'loss': 1.764198899269104, 'learning_rate': 1e-06, 'global_step': 3130, 'zo_forward_step': 6262, 'max_steps': 20000, 'max_zo_forward_steps': 0, 'time': 425, 'eps': 3e-05}
03/26/2026 01:07:31 - INFO - src.trainer -   {'loss': 1.079444169998169, 'learning_rate': 1e-06, 'global_step': 3140, 'zo_forward_step': 6282, 'max_steps': 20000, 'max_zo_forward_steps': 0, 'time': 426, 'eps': 3e-05}
03/26/2026 01:07:32 - INFO - src.trainer -   {'loss': 1.6956957578659058, 'learning_rate': 1e-06, 'global_step': 3150, 'zo_forward_step': 6302, 'max_steps': 20000, 'max_zo_forward_steps': 0, 'time': 427, 'eps': 3e-05}
03/26/2026 01:07:33 - INFO - src.trainer -   {'loss': 1.7505519390106201, 'learning_rate': 1e-06, 'global_step': 3160, 'zo_forward_step': 6322, 'max_steps': 20000, 'max_zo_forward_steps': 0, 'time': 428, 'eps': 3e-05}
03/26/2026 01:07:35 - INFO - src.trainer -   {'loss': 1.0847667455673218, 'learning_rate': 1e-06, 'global_step': 3170, 'zo_forward_step': 6342, 'max_steps': 20000, 'max_zo_forward_steps': 0, 'time': 430, 'eps': 3e-05}
03/26/2026 01:07:36 - INFO - src.trainer -   {'loss': 1.6910065412521362, 'learning_rate': 1e-06, 'global_step': 3180, 'zo_forward_step': 6362, 'max_steps': 20000, 'max_zo_forward_steps': 0, 'time': 431, 'eps': 3e-05}
03/26/2026 01:07:37 - INFO - src.trainer -   {'loss': 1.7667477130889893, 'learning_rate': 1e-06, 'global_step': 3190, 'zo_forward_step': 6382, 'max_steps': 20000, 'max_zo_forward_steps': 0, 'time': 432, 'eps': 3e-05}
301it [06:49,  1.65s/it]312it [06:49,  1.12s/it]03/26/2026 01:07:38 - INFO - src.trainer -   {'eval_loss': 1.644458532333374, 'eval_acc': 0.2}
03/26/2026 01:07:40 - INFO - src.trainer -   [zo_probe] step=3200 eps=3.000e-05 precision=fp32 n=16 mae=2.976358e-03 rmse=4.088204e-03 sign_acc=1.0000 corr=1.000000
03/26/2026 01:07:40 - INFO - src.trainer -   {'loss': 1.0634195804595947, 'learning_rate': 1e-06, 'global_step': 3200, 'zo_forward_step': 6402, 'max_steps': 20000, 'max_zo_forward_steps': 0, 'time': 435, 'eps': 3e-05}
03/26/2026 01:07:42 - INFO - src.trainer -   {'loss': 1.6773653030395508, 'learning_rate': 1e-06, 'global_step': 3210, 'zo_forward_step': 6422, 'max_steps': 20000, 'max_zo_forward_steps': 0, 'time': 436, 'eps': 3e-05}
03/26/2026 01:07:43 - INFO - src.trainer -   {'loss': 1.779905080795288, 'learning_rate': 1e-06, 'global_step': 3220, 'zo_forward_step': 6442, 'max_steps': 20000, 'max_zo_forward_steps': 0, 'time': 438, 'eps': 3e-05}
03/26/2026 01:07:44 - INFO - src.trainer -   {'loss': 1.0619165897369385, 'learning_rate': 1e-06, 'global_step': 3230, 'zo_forward_step': 6462, 'max_steps': 20000, 'max_zo_forward_steps': 0, 'time': 439, 'eps': 3e-05}
03/26/2026 01:07:45 - INFO - src.trainer -   {'loss': 1.6735427379608154, 'learning_rate': 1e-06, 'global_step': 3240, 'zo_forward_step': 6482, 'max_steps': 20000, 'max_zo_forward_steps': 0, 'time': 440, 'eps': 3e-05}
03/26/2026 01:07:46 - INFO - src.trainer -   {'loss': 1.7788978815078735, 'learning_rate': 1e-06, 'global_step': 3250, 'zo_forward_step': 6502, 'max_steps': 20000, 'max_zo_forward_steps': 0, 'time': 441, 'eps': 3e-05}
03/26/2026 01:07:47 - INFO - src.trainer -   {'loss': 1.069304347038269, 'learning_rate': 1e-06, 'global_step': 3260, 'zo_forward_step': 6522, 'max_steps': 20000, 'max_zo_forward_steps': 0, 'time': 442, 'eps': 3e-05}
03/26/2026 01:07:49 - INFO - src.trainer -   {'loss': 1.6746037006378174, 'learning_rate': 1e-06, 'global_step': 3270, 'zo_forward_step': 6542, 'max_steps': 20000, 'max_zo_forward_steps': 0, 'time': 444, 'eps': 3e-05}
03/26/2026 01:07:50 - INFO - src.trainer -   {'loss': 1.766474962234497, 'learning_rate': 1e-06, 'global_step': 3280, 'zo_forward_step': 6562, 'max_steps': 20000, 'max_zo_forward_steps': 0, 'time': 445, 'eps': 3e-05}
03/26/2026 01:07:51 - INFO - src.trainer -   {'loss': 1.0675859451293945, 'learning_rate': 1e-06, 'global_step': 3290, 'zo_forward_step': 6582, 'max_steps': 20000, 'max_zo_forward_steps': 0, 'time': 446, 'eps': 3e-05}
03/26/2026 01:07:52 - INFO - src.trainer -   {'loss': 1.681284785270691, 'learning_rate': 1e-06, 'global_step': 3300, 'zo_forward_step': 6602, 'max_steps': 20000, 'max_zo_forward_steps': 0, 'time': 447, 'eps': 3e-05}
03/26/2026 01:07:53 - INFO - src.trainer -   {'loss': 1.7633928060531616, 'learning_rate': 1e-06, 'global_step': 3310, 'zo_forward_step': 6622, 'max_steps': 20000, 'max_zo_forward_steps': 0, 'time': 448, 'eps': 3e-05}
03/26/2026 01:07:54 - INFO - src.trainer -   {'loss': 1.0832284688949585, 'learning_rate': 1e-06, 'global_step': 3320, 'zo_forward_step': 6642, 'max_steps': 20000, 'max_zo_forward_steps': 0, 'time': 449, 'eps': 3e-05}
320it [07:06,  1.12s/it]03/26/2026 01:07:56 - INFO - src.trainer -   {'loss': 1.6736326217651367, 'learning_rate': 1e-06, 'global_step': 3330, 'zo_forward_step': 6662, 'max_steps': 20000, 'max_zo_forward_steps': 0, 'time': 451, 'eps': 3e-05}
03/26/2026 01:07:57 - INFO - src.trainer -   {'loss': 1.7398697137832642, 'learning_rate': 1e-06, 'global_step': 3340, 'zo_forward_step': 6682, 'max_steps': 20000, 'max_zo_forward_steps': 0, 'time': 452, 'eps': 3e-05}
03/26/2026 01:07:58 - INFO - src.trainer -   {'loss': 1.0950053930282593, 'learning_rate': 1e-06, 'global_step': 3350, 'zo_forward_step': 6702, 'max_steps': 20000, 'max_zo_forward_steps': 0, 'time': 453, 'eps': 3e-05}
03/26/2026 01:07:59 - INFO - src.trainer -   {'loss': 1.6755157709121704, 'learning_rate': 1e-06, 'global_step': 3360, 'zo_forward_step': 6722, 'max_steps': 20000, 'max_zo_forward_steps': 0, 'time': 454, 'eps': 3e-05}
03/26/2026 01:08:01 - INFO - src.trainer -   {'loss': 1.7334063053131104, 'learning_rate': 1e-06, 'global_step': 3370, 'zo_forward_step': 6742, 'max_steps': 20000, 'max_zo_forward_steps': 0, 'time': 455, 'eps': 3e-05}
03/26/2026 01:08:02 - INFO - src.trainer -   {'loss': 1.0955525636672974, 'learning_rate': 1e-06, 'global_step': 3380, 'zo_forward_step': 6762, 'max_steps': 20000, 'max_zo_forward_steps': 0, 'time': 457, 'eps': 3e-05}
03/26/2026 01:08:04 - INFO - src.trainer -   {'loss': 1.6675260066986084, 'learning_rate': 1e-06, 'global_step': 3390, 'zo_forward_step': 6782, 'max_steps': 20000, 'max_zo_forward_steps': 0, 'time': 459, 'eps': 3e-05}
321it [07:16,  1.63s/it]332it [07:17,  1.11s/it]03/26/2026 01:08:05 - INFO - src.trainer -   {'eval_loss': 1.6373752355575562, 'eval_acc': 0.2}
03/26/2026 01:08:08 - INFO - src.trainer -   [zo_probe] step=3400 eps=3.000e-05 precision=fp32 n=16 mae=5.079225e-03 rmse=6.312835e-03 sign_acc=1.0000 corr=1.000000
03/26/2026 01:08:08 - INFO - src.trainer -   {'loss': 1.7406777143478394, 'learning_rate': 1e-06, 'global_step': 3400, 'zo_forward_step': 6802, 'max_steps': 20000, 'max_zo_forward_steps': 0, 'time': 463, 'eps': 3e-05}
03/26/2026 01:08:10 - INFO - src.trainer -   {'loss': 1.098262906074524, 'learning_rate': 1e-06, 'global_step': 3410, 'zo_forward_step': 6822, 'max_steps': 20000, 'max_zo_forward_steps': 0, 'time': 464, 'eps': 3e-05}
03/26/2026 01:08:11 - INFO - src.trainer -   {'loss': 1.683929204940796, 'learning_rate': 1e-06, 'global_step': 3420, 'zo_forward_step': 6842, 'max_steps': 20000, 'max_zo_forward_steps': 0, 'time': 466, 'eps': 3e-05}
03/26/2026 01:08:12 - INFO - src.trainer -   {'loss': 1.729867696762085, 'learning_rate': 1e-06, 'global_step': 3430, 'zo_forward_step': 6862, 'max_steps': 20000, 'max_zo_forward_steps': 0, 'time': 467, 'eps': 3e-05}
03/26/2026 01:08:13 - INFO - src.trainer -   {'loss': 1.092962622642517, 'learning_rate': 1e-06, 'global_step': 3440, 'zo_forward_step': 6882, 'max_steps': 20000, 'max_zo_forward_steps': 0, 'time': 468, 'eps': 3e-05}
03/26/2026 01:08:14 - INFO - src.trainer -   {'loss': 1.6810797452926636, 'learning_rate': 1e-06, 'global_step': 3450, 'zo_forward_step': 6902, 'max_steps': 20000, 'max_zo_forward_steps': 0, 'time': 469, 'eps': 3e-05}
03/26/2026 01:08:15 - INFO - src.trainer -   {'loss': 1.7179900407791138, 'learning_rate': 1e-06, 'global_step': 3460, 'zo_forward_step': 6922, 'max_steps': 20000, 'max_zo_forward_steps': 0, 'time': 470, 'eps': 3e-05}
03/26/2026 01:08:16 - INFO - src.trainer -   {'loss': 1.098437786102295, 'learning_rate': 1e-06, 'global_step': 3470, 'zo_forward_step': 6942, 'max_steps': 20000, 'max_zo_forward_steps': 0, 'time': 471, 'eps': 3e-05}
03/26/2026 01:08:18 - INFO - src.trainer -   {'loss': 1.6906930208206177, 'learning_rate': 1e-06, 'global_step': 3480, 'zo_forward_step': 6962, 'max_steps': 20000, 'max_zo_forward_steps': 0, 'time': 473, 'eps': 3e-05}
03/26/2026 01:08:19 - INFO - src.trainer -   {'loss': 1.7275092601776123, 'learning_rate': 1e-06, 'global_step': 3490, 'zo_forward_step': 6982, 'max_steps': 20000, 'max_zo_forward_steps': 0, 'time': 474, 'eps': 3e-05}
03/26/2026 01:08:20 - INFO - src.trainer -   {'loss': 1.0874857902526855, 'learning_rate': 1e-06, 'global_step': 3500, 'zo_forward_step': 7002, 'max_steps': 20000, 'max_zo_forward_steps': 0, 'time': 475, 'eps': 3e-05}
03/26/2026 01:08:21 - INFO - src.trainer -   {'loss': 1.697160243988037, 'learning_rate': 1e-06, 'global_step': 3510, 'zo_forward_step': 7022, 'max_steps': 20000, 'max_zo_forward_steps': 0, 'time': 476, 'eps': 3e-05}
03/26/2026 01:08:22 - INFO - src.trainer -   {'loss': 1.7325962781906128, 'learning_rate': 1e-06, 'global_step': 3520, 'zo_forward_step': 7042, 'max_steps': 20000, 'max_zo_forward_steps': 0, 'time': 477, 'eps': 3e-05}
03/26/2026 01:08:24 - INFO - src.trainer -   {'loss': 1.0698586702346802, 'learning_rate': 1e-06, 'global_step': 3530, 'zo_forward_step': 7062, 'max_steps': 20000, 'max_zo_forward_steps': 0, 'time': 478, 'eps': 3e-05}
340it [07:36,  1.11s/it]03/26/2026 01:08:25 - INFO - src.trainer -   {'loss': 1.679434895515442, 'learning_rate': 1e-06, 'global_step': 3540, 'zo_forward_step': 7082, 'max_steps': 20000, 'max_zo_forward_steps': 0, 'time': 480, 'eps': 3e-05}
03/26/2026 01:08:26 - INFO - src.trainer -   {'loss': 1.7429503202438354, 'learning_rate': 1e-06, 'global_step': 3550, 'zo_forward_step': 7102, 'max_steps': 20000, 'max_zo_forward_steps': 0, 'time': 481, 'eps': 3e-05}
03/26/2026 01:08:27 - INFO - src.trainer -   {'loss': 1.0744434595108032, 'learning_rate': 1e-06, 'global_step': 3560, 'zo_forward_step': 7122, 'max_steps': 20000, 'max_zo_forward_steps': 0, 'time': 482, 'eps': 3e-05}
03/26/2026 01:08:28 - INFO - src.trainer -   {'loss': 1.6843665838241577, 'learning_rate': 1e-06, 'global_step': 3570, 'zo_forward_step': 7142, 'max_steps': 20000, 'max_zo_forward_steps': 0, 'time': 483, 'eps': 3e-05}
03/26/2026 01:08:30 - INFO - src.trainer -   {'loss': 1.7455793619155884, 'learning_rate': 1e-06, 'global_step': 3580, 'zo_forward_step': 7162, 'max_steps': 20000, 'max_zo_forward_steps': 0, 'time': 484, 'eps': 3e-05}
03/26/2026 01:08:31 - INFO - src.trainer -   {'loss': 1.0684971809387207, 'learning_rate': 1e-06, 'global_step': 3590, 'zo_forward_step': 7182, 'max_steps': 20000, 'max_zo_forward_steps': 0, 'time': 486, 'eps': 3e-05}
341it [07:43,  1.61s/it]352it [07:43,  1.09s/it]03/26/2026 01:08:32 - INFO - src.trainer -   {'eval_loss': 1.6412254571914673, 'eval_acc': 0.2}
03/26/2026 01:08:35 - INFO - src.trainer -   [zo_probe] step=3600 eps=3.000e-05 precision=fp32 n=16 mae=2.937642e-01 rmse=4.387832e-01 sign_acc=1.0000 corr=0.999967
03/26/2026 01:08:35 - INFO - src.trainer -   {'loss': 1.675467610359192, 'learning_rate': 1e-06, 'global_step': 3600, 'zo_forward_step': 7202, 'max_steps': 20000, 'max_zo_forward_steps': 0, 'time': 490, 'eps': 3e-05}
03/26/2026 01:08:36 - INFO - src.trainer -   {'loss': 1.762796401977539, 'learning_rate': 1e-06, 'global_step': 3610, 'zo_forward_step': 7222, 'max_steps': 20000, 'max_zo_forward_steps': 0, 'time': 491, 'eps': 3e-05}
03/26/2026 01:08:37 - INFO - src.trainer -   {'loss': 1.0641711950302124, 'learning_rate': 1e-06, 'global_step': 3620, 'zo_forward_step': 7242, 'max_steps': 20000, 'max_zo_forward_steps': 0, 'time': 492, 'eps': 3e-05}
03/26/2026 01:08:39 - INFO - src.trainer -   {'loss': 1.6702007055282593, 'learning_rate': 1e-06, 'global_step': 3630, 'zo_forward_step': 7262, 'max_steps': 20000, 'max_zo_forward_steps': 0, 'time': 494, 'eps': 3e-05}
03/26/2026 01:08:40 - INFO - src.trainer -   {'loss': 1.7835743427276611, 'learning_rate': 1e-06, 'global_step': 3640, 'zo_forward_step': 7282, 'max_steps': 20000, 'max_zo_forward_steps': 0, 'time': 495, 'eps': 3e-05}
03/26/2026 01:08:41 - INFO - src.trainer -   {'loss': 1.0244613885879517, 'learning_rate': 1e-06, 'global_step': 3650, 'zo_forward_step': 7302, 'max_steps': 20000, 'max_zo_forward_steps': 0, 'time': 496, 'eps': 3e-05}
03/26/2026 01:08:42 - INFO - src.trainer -   {'loss': 1.677404522895813, 'learning_rate': 1e-06, 'global_step': 3660, 'zo_forward_step': 7322, 'max_steps': 20000, 'max_zo_forward_steps': 0, 'time': 497, 'eps': 3e-05}
03/26/2026 01:08:43 - INFO - src.trainer -   {'loss': 1.78116774559021, 'learning_rate': 1e-06, 'global_step': 3670, 'zo_forward_step': 7342, 'max_steps': 20000, 'max_zo_forward_steps': 0, 'time': 498, 'eps': 3e-05}
03/26/2026 01:08:44 - INFO - src.trainer -   {'loss': 1.039361596107483, 'learning_rate': 1e-06, 'global_step': 3680, 'zo_forward_step': 7362, 'max_steps': 20000, 'max_zo_forward_steps': 0, 'time': 499, 'eps': 3e-05}
360it [07:56,  1.09s/it]03/26/2026 01:08:46 - INFO - src.trainer -   {'loss': 1.6762226819992065, 'learning_rate': 1e-06, 'global_step': 3690, 'zo_forward_step': 7382, 'max_steps': 20000, 'max_zo_forward_steps': 0, 'time': 501, 'eps': 3e-05}
03/26/2026 01:08:47 - INFO - src.trainer -   {'loss': 1.7653809785842896, 'learning_rate': 1e-06, 'global_step': 3700, 'zo_forward_step': 7402, 'max_steps': 20000, 'max_zo_forward_steps': 0, 'time': 502, 'eps': 3e-05}
03/26/2026 01:08:48 - INFO - src.trainer -   {'loss': 1.0430253744125366, 'learning_rate': 1e-06, 'global_step': 3710, 'zo_forward_step': 7422, 'max_steps': 20000, 'max_zo_forward_steps': 0, 'time': 503, 'eps': 3e-05}
03/26/2026 01:08:52 - INFO - src.trainer -   {'loss': 1.6776798963546753, 'learning_rate': 1e-06, 'global_step': 3720, 'zo_forward_step': 7442, 'max_steps': 20000, 'max_zo_forward_steps': 0, 'time': 507, 'eps': 3e-05}
03/26/2026 01:08:53 - INFO - src.trainer -   {'loss': 1.7663947343826294, 'learning_rate': 1e-06, 'global_step': 3730, 'zo_forward_step': 7462, 'max_steps': 20000, 'max_zo_forward_steps': 0, 'time': 508, 'eps': 3e-05}
03/26/2026 01:08:54 - INFO - src.trainer -   {'loss': 1.0668987035751343, 'learning_rate': 1e-06, 'global_step': 3740, 'zo_forward_step': 7482, 'max_steps': 20000, 'max_zo_forward_steps': 0, 'time': 509, 'eps': 3e-05}
03/26/2026 01:08:55 - INFO - src.trainer -   {'loss': 1.6818655729293823, 'learning_rate': 1e-06, 'global_step': 3750, 'zo_forward_step': 7502, 'max_steps': 20000, 'max_zo_forward_steps': 0, 'time': 510, 'eps': 3e-05}
03/26/2026 01:08:56 - INFO - src.trainer -   {'loss': 1.7410528659820557, 'learning_rate': 1e-06, 'global_step': 3760, 'zo_forward_step': 7522, 'max_steps': 20000, 'max_zo_forward_steps': 0, 'time': 511, 'eps': 3e-05}
03/26/2026 01:08:58 - INFO - src.trainer -   {'loss': 1.0741831064224243, 'learning_rate': 1e-06, 'global_step': 3770, 'zo_forward_step': 7542, 'max_steps': 20000, 'max_zo_forward_steps': 0, 'time': 512, 'eps': 3e-05}
03/26/2026 01:08:59 - INFO - src.trainer -   {'loss': 1.685407042503357, 'learning_rate': 1e-06, 'global_step': 3780, 'zo_forward_step': 7562, 'max_steps': 20000, 'max_zo_forward_steps': 0, 'time': 514, 'eps': 3e-05}
03/26/2026 01:09:00 - INFO - src.trainer -   {'loss': 1.7484556436538696, 'learning_rate': 1e-06, 'global_step': 3790, 'zo_forward_step': 7582, 'max_steps': 20000, 'max_zo_forward_steps': 0, 'time': 515, 'eps': 3e-05}
361it [08:13,  1.71s/it]372it [08:13,  1.16s/it]03/26/2026 01:09:02 - INFO - src.trainer -   {'eval_loss': 1.6356194019317627, 'eval_acc': 0.2}
03/26/2026 01:09:04 - INFO - src.trainer -   [zo_probe] step=3800 eps=3.000e-05 precision=fp32 n=16 mae=3.755106e-03 rmse=4.276852e-03 sign_acc=1.0000 corr=1.000000
03/26/2026 01:09:04 - INFO - src.trainer -   {'loss': 1.0659725666046143, 'learning_rate': 1e-06, 'global_step': 3800, 'zo_forward_step': 7602, 'max_steps': 20000, 'max_zo_forward_steps': 0, 'time': 519, 'eps': 3e-05}
03/26/2026 01:09:06 - INFO - src.trainer -   {'loss': 1.6646816730499268, 'learning_rate': 1e-06, 'global_step': 3810, 'zo_forward_step': 7622, 'max_steps': 20000, 'max_zo_forward_steps': 0, 'time': 520, 'eps': 3e-05}
03/26/2026 01:09:07 - INFO - src.trainer -   {'loss': 1.7525758743286133, 'learning_rate': 1e-06, 'global_step': 3820, 'zo_forward_step': 7642, 'max_steps': 20000, 'max_zo_forward_steps': 0, 'time': 522, 'eps': 3e-05}
03/26/2026 01:09:08 - INFO - src.trainer -   {'loss': 1.08365797996521, 'learning_rate': 1e-06, 'global_step': 3830, 'zo_forward_step': 7662, 'max_steps': 20000, 'max_zo_forward_steps': 0, 'time': 523, 'eps': 3e-05}
03/26/2026 01:09:09 - INFO - src.trainer -   {'loss': 1.6511061191558838, 'learning_rate': 1e-06, 'global_step': 3840, 'zo_forward_step': 7682, 'max_steps': 20000, 'max_zo_forward_steps': 0, 'time': 524, 'eps': 3e-05}
03/26/2026 01:09:12 - INFO - src.trainer -   {'loss': 1.7448517084121704, 'learning_rate': 1e-06, 'global_step': 3850, 'zo_forward_step': 7702, 'max_steps': 20000, 'max_zo_forward_steps': 0, 'time': 527, 'eps': 3e-05}
03/26/2026 01:09:13 - INFO - src.trainer -   {'loss': 1.090226411819458, 'learning_rate': 1e-06, 'global_step': 3860, 'zo_forward_step': 7722, 'max_steps': 20000, 'max_zo_forward_steps': 0, 'time': 528, 'eps': 3e-05}
380it [08:26,  1.16s/it]03/26/2026 01:09:15 - INFO - src.trainer -   {'loss': 1.6527221202850342, 'learning_rate': 1e-06, 'global_step': 3870, 'zo_forward_step': 7742, 'max_steps': 20000, 'max_zo_forward_steps': 0, 'time': 530, 'eps': 3e-05}
03/26/2026 01:09:17 - INFO - src.trainer -   {'loss': 1.7386765480041504, 'learning_rate': 1e-06, 'global_step': 3880, 'zo_forward_step': 7762, 'max_steps': 20000, 'max_zo_forward_steps': 0, 'time': 531, 'eps': 3e-05}
03/26/2026 01:09:18 - INFO - src.trainer -   {'loss': 1.096749186515808, 'learning_rate': 1e-06, 'global_step': 3890, 'zo_forward_step': 7782, 'max_steps': 20000, 'max_zo_forward_steps': 0, 'time': 533, 'eps': 3e-05}
03/26/2026 01:09:19 - INFO - src.trainer -   {'loss': 1.6599355936050415, 'learning_rate': 1e-06, 'global_step': 3900, 'zo_forward_step': 7802, 'max_steps': 20000, 'max_zo_forward_steps': 0, 'time': 534, 'eps': 3e-05}
03/26/2026 01:09:20 - INFO - src.trainer -   {'loss': 1.7186472415924072, 'learning_rate': 1e-06, 'global_step': 3910, 'zo_forward_step': 7822, 'max_steps': 20000, 'max_zo_forward_steps': 0, 'time': 535, 'eps': 3e-05}
03/26/2026 01:09:21 - INFO - src.trainer -   {'loss': 1.1075191497802734, 'learning_rate': 1e-06, 'global_step': 3920, 'zo_forward_step': 7842, 'max_steps': 20000, 'max_zo_forward_steps': 0, 'time': 536, 'eps': 3e-05}
03/26/2026 01:09:22 - INFO - src.trainer -   {'loss': 1.6632235050201416, 'learning_rate': 1e-06, 'global_step': 3930, 'zo_forward_step': 7862, 'max_steps': 20000, 'max_zo_forward_steps': 0, 'time': 537, 'eps': 3e-05}
03/26/2026 01:09:24 - INFO - src.trainer -   {'loss': 1.7136338949203491, 'learning_rate': 1e-06, 'global_step': 3940, 'zo_forward_step': 7882, 'max_steps': 20000, 'max_zo_forward_steps': 0, 'time': 538, 'eps': 3e-05}
03/26/2026 01:09:26 - INFO - src.trainer -   {'loss': 1.101051688194275, 'learning_rate': 1e-06, 'global_step': 3950, 'zo_forward_step': 7902, 'max_steps': 20000, 'max_zo_forward_steps': 0, 'time': 541, 'eps': 3e-05}
03/26/2026 01:09:27 - INFO - src.trainer -   {'loss': 1.68011474609375, 'learning_rate': 1e-06, 'global_step': 3960, 'zo_forward_step': 7922, 'max_steps': 20000, 'max_zo_forward_steps': 0, 'time': 542, 'eps': 3e-05}
03/26/2026 01:09:28 - INFO - src.trainer -   {'loss': 1.6777113676071167, 'learning_rate': 1e-06, 'global_step': 3970, 'zo_forward_step': 7942, 'max_steps': 20000, 'max_zo_forward_steps': 0, 'time': 543, 'eps': 3e-05}
03/26/2026 01:09:30 - INFO - src.trainer -   {'loss': 1.1112990379333496, 'learning_rate': 1e-06, 'global_step': 3980, 'zo_forward_step': 7962, 'max_steps': 20000, 'max_zo_forward_steps': 0, 'time': 545, 'eps': 3e-05}
03/26/2026 01:09:31 - INFO - src.trainer -   {'loss': 1.682020902633667, 'learning_rate': 1e-06, 'global_step': 3990, 'zo_forward_step': 7982, 'max_steps': 20000, 'max_zo_forward_steps': 0, 'time': 546, 'eps': 3e-05}
381it [08:43,  1.75s/it]392it [08:43,  1.18s/it]03/26/2026 01:09:32 - INFO - src.trainer -   {'eval_loss': 1.621904730796814, 'eval_acc': 0.2125}
03/26/2026 01:09:35 - INFO - src.trainer -   [zo_probe] step=4000 eps=3.000e-05 precision=fp32 n=16 mae=5.130649e-03 rmse=6.123604e-03 sign_acc=1.0000 corr=1.000000
03/26/2026 01:09:35 - INFO - src.trainer -   {'loss': 1.6799119710922241, 'learning_rate': 1e-06, 'global_step': 4000, 'zo_forward_step': 8002, 'max_steps': 20000, 'max_zo_forward_steps': 0, 'time': 550, 'eps': 3e-05}
03/26/2026 01:09:36 - INFO - src.trainer -   {'loss': 1.1131994724273682, 'learning_rate': 1e-06, 'global_step': 4010, 'zo_forward_step': 8022, 'max_steps': 20000, 'max_zo_forward_steps': 0, 'time': 551, 'eps': 3e-05}
03/26/2026 01:09:37 - INFO - src.trainer -   {'loss': 1.6797759532928467, 'learning_rate': 1e-06, 'global_step': 4020, 'zo_forward_step': 8042, 'max_steps': 20000, 'max_zo_forward_steps': 0, 'time': 552, 'eps': 3e-05}
03/26/2026 01:09:39 - INFO - src.trainer -   {'loss': 1.6872615814208984, 'learning_rate': 1e-06, 'global_step': 4030, 'zo_forward_step': 8062, 'max_steps': 20000, 'max_zo_forward_steps': 0, 'time': 553, 'eps': 3e-05}
03/26/2026 01:09:40 - INFO - src.trainer -   {'loss': 1.1076277494430542, 'learning_rate': 1e-06, 'global_step': 4040, 'zo_forward_step': 8082, 'max_steps': 20000, 'max_zo_forward_steps': 0, 'time': 555, 'eps': 3e-05}
03/26/2026 01:09:41 - INFO - src.trainer -   {'loss': 1.679263949394226, 'learning_rate': 1e-06, 'global_step': 4050, 'zo_forward_step': 8102, 'max_steps': 20000, 'max_zo_forward_steps': 0, 'time': 556, 'eps': 3e-05}
03/26/2026 01:09:42 - INFO - src.trainer -   {'loss': 1.654349684715271, 'learning_rate': 1e-06, 'global_step': 4060, 'zo_forward_step': 8122, 'max_steps': 20000, 'max_zo_forward_steps': 0, 'time': 557, 'eps': 3e-05}
03/26/2026 01:09:43 - INFO - src.trainer -   {'loss': 1.1440109014511108, 'learning_rate': 1e-06, 'global_step': 4070, 'zo_forward_step': 8142, 'max_steps': 20000, 'max_zo_forward_steps': 0, 'time': 558, 'eps': 3e-05}
03/26/2026 01:09:44 - INFO - src.trainer -   {'loss': 1.6589131355285645, 'learning_rate': 1e-06, 'global_step': 4080, 'zo_forward_step': 8162, 'max_steps': 20000, 'max_zo_forward_steps': 0, 'time': 559, 'eps': 3e-05}
400it [08:56,  1.18s/it]03/26/2026 01:09:46 - INFO - src.trainer -   {'loss': 1.6602118015289307, 'learning_rate': 1e-06, 'global_step': 4090, 'zo_forward_step': 8182, 'max_steps': 20000, 'max_zo_forward_steps': 0, 'time': 560, 'eps': 3e-05}
03/26/2026 01:09:47 - INFO - src.trainer -   {'loss': 1.144846796989441, 'learning_rate': 1e-06, 'global_step': 4100, 'zo_forward_step': 8202, 'max_steps': 20000, 'max_zo_forward_steps': 0, 'time': 562, 'eps': 3e-05}
03/26/2026 01:09:48 - INFO - src.trainer -   {'loss': 1.6627655029296875, 'learning_rate': 1e-06, 'global_step': 4110, 'zo_forward_step': 8222, 'max_steps': 20000, 'max_zo_forward_steps': 0, 'time': 563, 'eps': 3e-05}
03/26/2026 01:09:49 - INFO - src.trainer -   {'loss': 1.6640278100967407, 'learning_rate': 1e-06, 'global_step': 4120, 'zo_forward_step': 8242, 'max_steps': 20000, 'max_zo_forward_steps': 0, 'time': 564, 'eps': 3e-05}
03/26/2026 01:09:50 - INFO - src.trainer -   {'loss': 1.1283013820648193, 'learning_rate': 1e-06, 'global_step': 4130, 'zo_forward_step': 8262, 'max_steps': 20000, 'max_zo_forward_steps': 0, 'time': 565, 'eps': 3e-05}
03/26/2026 01:09:52 - INFO - src.trainer -   {'loss': 1.6903278827667236, 'learning_rate': 1e-06, 'global_step': 4140, 'zo_forward_step': 8282, 'max_steps': 20000, 'max_zo_forward_steps': 0, 'time': 567, 'eps': 3e-05}
03/26/2026 01:09:53 - INFO - src.trainer -   {'loss': 1.6432249546051025, 'learning_rate': 1e-06, 'global_step': 4150, 'zo_forward_step': 8302, 'max_steps': 20000, 'max_zo_forward_steps': 0, 'time': 568, 'eps': 3e-05}
03/26/2026 01:09:54 - INFO - src.trainer -   {'loss': 1.1310043334960938, 'learning_rate': 1e-06, 'global_step': 4160, 'zo_forward_step': 8322, 'max_steps': 20000, 'max_zo_forward_steps': 0, 'time': 569, 'eps': 3e-05}
03/26/2026 01:09:55 - INFO - src.trainer -   {'loss': 1.6974570751190186, 'learning_rate': 1e-06, 'global_step': 4170, 'zo_forward_step': 8342, 'max_steps': 20000, 'max_zo_forward_steps': 0, 'time': 570, 'eps': 3e-05}
03/26/2026 01:09:56 - INFO - src.trainer -   {'loss': 1.6331348419189453, 'learning_rate': 1e-06, 'global_step': 4180, 'zo_forward_step': 8362, 'max_steps': 20000, 'max_zo_forward_steps': 0, 'time': 571, 'eps': 3e-05}
03/26/2026 01:09:58 - INFO - src.trainer -   {'loss': 1.1336055994033813, 'learning_rate': 1e-06, 'global_step': 4190, 'zo_forward_step': 8382, 'max_steps': 20000, 'max_zo_forward_steps': 0, 'time': 572, 'eps': 3e-05}
401it [09:10,  1.67s/it]412it [09:10,  1.13s/it]03/26/2026 01:09:59 - INFO - src.trainer -   {'eval_loss': 1.6163709163665771, 'eval_acc': 0.2125}
03/26/2026 01:10:02 - INFO - src.trainer -   [zo_probe] step=4200 eps=3.000e-05 precision=fp32 n=16 mae=4.537754e-03 rmse=5.518676e-03 sign_acc=1.0000 corr=1.000000
03/26/2026 01:10:02 - INFO - src.trainer -   {'loss': 1.7171913385391235, 'learning_rate': 1e-06, 'global_step': 4200, 'zo_forward_step': 8402, 'max_steps': 20000, 'max_zo_forward_steps': 0, 'time': 577, 'eps': 3e-05}
03/26/2026 01:10:03 - INFO - src.trainer -   {'loss': 1.6248306035995483, 'learning_rate': 1e-06, 'global_step': 4210, 'zo_forward_step': 8422, 'max_steps': 20000, 'max_zo_forward_steps': 0, 'time': 578, 'eps': 3e-05}
03/26/2026 01:10:05 - INFO - src.trainer -   {'loss': 1.1280150413513184, 'learning_rate': 1e-06, 'global_step': 4220, 'zo_forward_step': 8442, 'max_steps': 20000, 'max_zo_forward_steps': 0, 'time': 579, 'eps': 3e-05}
03/26/2026 01:10:06 - INFO - src.trainer -   {'loss': 1.722009539604187, 'learning_rate': 1e-06, 'global_step': 4230, 'zo_forward_step': 8462, 'max_steps': 20000, 'max_zo_forward_steps': 0, 'time': 581, 'eps': 3e-05}
03/26/2026 01:10:07 - INFO - src.trainer -   {'loss': 1.6170881986618042, 'learning_rate': 1e-06, 'global_step': 4240, 'zo_forward_step': 8482, 'max_steps': 20000, 'max_zo_forward_steps': 0, 'time': 582, 'eps': 3e-05}
03/26/2026 01:10:08 - INFO - src.trainer -   {'loss': 1.122133731842041, 'learning_rate': 1e-06, 'global_step': 4250, 'zo_forward_step': 8502, 'max_steps': 20000, 'max_zo_forward_steps': 0, 'time': 583, 'eps': 3e-05}
03/26/2026 01:10:09 - INFO - src.trainer -   {'loss': 1.7290469408035278, 'learning_rate': 1e-06, 'global_step': 4260, 'zo_forward_step': 8522, 'max_steps': 20000, 'max_zo_forward_steps': 0, 'time': 584, 'eps': 3e-05}
03/26/2026 01:10:10 - INFO - src.trainer -   {'loss': 1.619245171546936, 'learning_rate': 1e-06, 'global_step': 4270, 'zo_forward_step': 8542, 'max_steps': 20000, 'max_zo_forward_steps': 0, 'time': 585, 'eps': 3e-05}
03/26/2026 01:10:12 - INFO - src.trainer -   {'loss': 1.1139837503433228, 'learning_rate': 1e-06, 'global_step': 4280, 'zo_forward_step': 8562, 'max_steps': 20000, 'max_zo_forward_steps': 0, 'time': 587, 'eps': 3e-05}
03/26/2026 01:10:13 - INFO - src.trainer -   {'loss': 1.725234031677246, 'learning_rate': 1e-06, 'global_step': 4290, 'zo_forward_step': 8582, 'max_steps': 20000, 'max_zo_forward_steps': 0, 'time': 588, 'eps': 3e-05}
03/26/2026 01:10:14 - INFO - src.trainer -   {'loss': 1.6277483701705933, 'learning_rate': 1e-06, 'global_step': 4300, 'zo_forward_step': 8602, 'max_steps': 20000, 'max_zo_forward_steps': 0, 'time': 589, 'eps': 3e-05}
420it [09:26,  1.13s/it]03/26/2026 01:10:16 - INFO - src.trainer -   {'loss': 1.1079273223876953, 'learning_rate': 1e-06, 'global_step': 4310, 'zo_forward_step': 8622, 'max_steps': 20000, 'max_zo_forward_steps': 0, 'time': 590, 'eps': 3e-05}
03/26/2026 01:10:17 - INFO - src.trainer -   {'loss': 1.7286455631256104, 'learning_rate': 1e-06, 'global_step': 4320, 'zo_forward_step': 8642, 'max_steps': 20000, 'max_zo_forward_steps': 0, 'time': 592, 'eps': 3e-05}
03/26/2026 01:10:18 - INFO - src.trainer -   {'loss': 1.615745186805725, 'learning_rate': 1e-06, 'global_step': 4330, 'zo_forward_step': 8662, 'max_steps': 20000, 'max_zo_forward_steps': 0, 'time': 593, 'eps': 3e-05}
03/26/2026 01:10:19 - INFO - src.trainer -   {'loss': 1.1087310314178467, 'learning_rate': 1e-06, 'global_step': 4340, 'zo_forward_step': 8682, 'max_steps': 20000, 'max_zo_forward_steps': 0, 'time': 594, 'eps': 3e-05}
03/26/2026 01:10:21 - INFO - src.trainer -   {'loss': 1.7261327505111694, 'learning_rate': 1e-06, 'global_step': 4350, 'zo_forward_step': 8702, 'max_steps': 20000, 'max_zo_forward_steps': 0, 'time': 596, 'eps': 3e-05}
03/26/2026 01:10:22 - INFO - src.trainer -   {'loss': 1.627269983291626, 'learning_rate': 1e-06, 'global_step': 4360, 'zo_forward_step': 8722, 'max_steps': 20000, 'max_zo_forward_steps': 0, 'time': 597, 'eps': 3e-05}
03/26/2026 01:10:23 - INFO - src.trainer -   {'loss': 1.078118920326233, 'learning_rate': 1e-06, 'global_step': 4370, 'zo_forward_step': 8742, 'max_steps': 20000, 'max_zo_forward_steps': 0, 'time': 598, 'eps': 3e-05}
03/26/2026 01:10:24 - INFO - src.trainer -   {'loss': 1.7245442867279053, 'learning_rate': 1e-06, 'global_step': 4380, 'zo_forward_step': 8762, 'max_steps': 20000, 'max_zo_forward_steps': 0, 'time': 599, 'eps': 3e-05}
03/26/2026 01:10:25 - INFO - src.trainer -   {'loss': 1.6559948921203613, 'learning_rate': 1e-06, 'global_step': 4390, 'zo_forward_step': 8782, 'max_steps': 20000, 'max_zo_forward_steps': 0, 'time': 600, 'eps': 3e-05}
421it [09:38,  1.66s/it]432it [09:38,  1.13s/it]03/26/2026 01:10:26 - INFO - src.trainer -   {'eval_loss': 1.6202796697616577, 'eval_acc': 0.2125}
03/26/2026 01:10:28 - INFO - src.trainer -   [zo_probe] step=4400 eps=3.000e-05 precision=fp32 n=16 mae=3.034696e-03 rmse=3.570460e-03 sign_acc=1.0000 corr=1.000000
03/26/2026 01:10:29 - INFO - src.trainer -   {'loss': 1.0754718780517578, 'learning_rate': 1e-06, 'global_step': 4400, 'zo_forward_step': 8802, 'max_steps': 20000, 'max_zo_forward_steps': 0, 'time': 603, 'eps': 3e-05}
03/26/2026 01:10:30 - INFO - src.trainer -   {'loss': 1.7322418689727783, 'learning_rate': 1e-06, 'global_step': 4410, 'zo_forward_step': 8822, 'max_steps': 20000, 'max_zo_forward_steps': 0, 'time': 605, 'eps': 3e-05}
03/26/2026 01:10:31 - INFO - src.trainer -   {'loss': 1.645911693572998, 'learning_rate': 1e-06, 'global_step': 4420, 'zo_forward_step': 8842, 'max_steps': 20000, 'max_zo_forward_steps': 0, 'time': 606, 'eps': 3e-05}
03/26/2026 01:10:32 - INFO - src.trainer -   {'loss': 1.076163411140442, 'learning_rate': 1e-06, 'global_step': 4430, 'zo_forward_step': 8862, 'max_steps': 20000, 'max_zo_forward_steps': 0, 'time': 607, 'eps': 3e-05}
03/26/2026 01:10:33 - INFO - src.trainer -   {'loss': 1.7420899868011475, 'learning_rate': 1e-06, 'global_step': 4440, 'zo_forward_step': 8882, 'max_steps': 20000, 'max_zo_forward_steps': 0, 'time': 608, 'eps': 3e-05}
03/26/2026 01:10:34 - INFO - src.trainer -   {'loss': 1.6545209884643555, 'learning_rate': 1e-06, 'global_step': 4450, 'zo_forward_step': 8902, 'max_steps': 20000, 'max_zo_forward_steps': 0, 'time': 609, 'eps': 3e-05}
03/26/2026 01:10:36 - INFO - src.trainer -   {'loss': 1.0587718486785889, 'learning_rate': 1e-06, 'global_step': 4460, 'zo_forward_step': 8922, 'max_steps': 20000, 'max_zo_forward_steps': 0, 'time': 611, 'eps': 3e-05}
03/26/2026 01:10:37 - INFO - src.trainer -   {'loss': 1.7399712800979614, 'learning_rate': 1e-06, 'global_step': 4470, 'zo_forward_step': 8942, 'max_steps': 20000, 'max_zo_forward_steps': 0, 'time': 612, 'eps': 3e-05}
03/26/2026 01:10:38 - INFO - src.trainer -   {'loss': 1.644585371017456, 'learning_rate': 1e-06, 'global_step': 4480, 'zo_forward_step': 8962, 'max_steps': 20000, 'max_zo_forward_steps': 0, 'time': 613, 'eps': 3e-05}
03/26/2026 01:10:39 - INFO - src.trainer -   {'loss': 1.07781183719635, 'learning_rate': 1e-06, 'global_step': 4490, 'zo_forward_step': 8982, 'max_steps': 20000, 'max_zo_forward_steps': 0, 'time': 614, 'eps': 3e-05}
03/26/2026 01:10:41 - INFO - src.trainer -   {'loss': 1.7478017807006836, 'learning_rate': 1e-06, 'global_step': 4500, 'zo_forward_step': 9002, 'max_steps': 20000, 'max_zo_forward_steps': 0, 'time': 616, 'eps': 3e-05}
03/26/2026 01:10:42 - INFO - src.trainer -   {'loss': 1.6416630744934082, 'learning_rate': 1e-06, 'global_step': 4510, 'zo_forward_step': 9022, 'max_steps': 20000, 'max_zo_forward_steps': 0, 'time': 617, 'eps': 3e-05}
03/26/2026 01:10:43 - INFO - src.trainer -   {'loss': 1.0729272365570068, 'learning_rate': 1e-06, 'global_step': 4520, 'zo_forward_step': 9042, 'max_steps': 20000, 'max_zo_forward_steps': 0, 'time': 618, 'eps': 3e-05}
03/26/2026 01:10:44 - INFO - src.trainer -   {'loss': 1.747641921043396, 'learning_rate': 1e-06, 'global_step': 4530, 'zo_forward_step': 9062, 'max_steps': 20000, 'max_zo_forward_steps': 0, 'time': 619, 'eps': 3e-05}
440it [09:56,  1.13s/it]03/26/2026 01:10:45 - INFO - src.trainer -   {'loss': 1.6412638425827026, 'learning_rate': 1e-06, 'global_step': 4540, 'zo_forward_step': 9082, 'max_steps': 20000, 'max_zo_forward_steps': 0, 'time': 620, 'eps': 3e-05}
03/26/2026 01:10:47 - INFO - src.trainer -   {'loss': 1.0882313251495361, 'learning_rate': 1e-06, 'global_step': 4550, 'zo_forward_step': 9102, 'max_steps': 20000, 'max_zo_forward_steps': 0, 'time': 622, 'eps': 3e-05}
03/26/2026 01:10:49 - INFO - src.trainer -   {'loss': 1.732223629951477, 'learning_rate': 1e-06, 'global_step': 4560, 'zo_forward_step': 9122, 'max_steps': 20000, 'max_zo_forward_steps': 0, 'time': 623, 'eps': 3e-05}
03/26/2026 01:10:50 - INFO - src.trainer -   {'loss': 1.6425464153289795, 'learning_rate': 1e-06, 'global_step': 4570, 'zo_forward_step': 9142, 'max_steps': 20000, 'max_zo_forward_steps': 0, 'time': 625, 'eps': 3e-05}
03/26/2026 01:10:51 - INFO - src.trainer -   {'loss': 1.0939569473266602, 'learning_rate': 1e-06, 'global_step': 4580, 'zo_forward_step': 9162, 'max_steps': 20000, 'max_zo_forward_steps': 0, 'time': 626, 'eps': 3e-05}
03/26/2026 01:10:52 - INFO - src.trainer -   {'loss': 1.722105860710144, 'learning_rate': 1e-06, 'global_step': 4590, 'zo_forward_step': 9182, 'max_steps': 20000, 'max_zo_forward_steps': 0, 'time': 627, 'eps': 3e-05}
441it [10:06,  1.68s/it]452it [10:06,  1.14s/it]03/26/2026 01:10:55 - INFO - src.trainer -   {'eval_loss': 1.6136949062347412, 'eval_acc': 0.2125}
03/26/2026 01:10:58 - INFO - src.trainer -   [zo_probe] step=4600 eps=3.000e-05 precision=fp32 n=16 mae=5.429015e-03 rmse=8.567026e-03 sign_acc=1.0000 corr=1.000000
03/26/2026 01:10:58 - INFO - src.trainer -   {'loss': 1.6504770517349243, 'learning_rate': 1e-06, 'global_step': 4600, 'zo_forward_step': 9202, 'max_steps': 20000, 'max_zo_forward_steps': 0, 'time': 633, 'eps': 3e-05}
03/26/2026 01:10:59 - INFO - src.trainer -   {'loss': 1.0811915397644043, 'learning_rate': 1e-06, 'global_step': 4610, 'zo_forward_step': 9222, 'max_steps': 20000, 'max_zo_forward_steps': 0, 'time': 634, 'eps': 3e-05}
03/26/2026 01:11:00 - INFO - src.trainer -   {'loss': 1.7247743606567383, 'learning_rate': 1e-06, 'global_step': 4620, 'zo_forward_step': 9242, 'max_steps': 20000, 'max_zo_forward_steps': 0, 'time': 635, 'eps': 3e-05}
03/26/2026 01:11:01 - INFO - src.trainer -   {'loss': 1.6359164714813232, 'learning_rate': 1e-06, 'global_step': 4630, 'zo_forward_step': 9262, 'max_steps': 20000, 'max_zo_forward_steps': 0, 'time': 636, 'eps': 3e-05}
03/26/2026 01:11:03 - INFO - src.trainer -   {'loss': 1.0739883184432983, 'learning_rate': 1e-06, 'global_step': 4640, 'zo_forward_step': 9282, 'max_steps': 20000, 'max_zo_forward_steps': 0, 'time': 637, 'eps': 3e-05}
03/26/2026 01:11:04 - INFO - src.trainer -   {'loss': 1.7302359342575073, 'learning_rate': 1e-06, 'global_step': 4650, 'zo_forward_step': 9302, 'max_steps': 20000, 'max_zo_forward_steps': 0, 'time': 639, 'eps': 3e-05}
03/26/2026 01:11:05 - INFO - src.trainer -   {'loss': 1.64240562915802, 'learning_rate': 1e-06, 'global_step': 4660, 'zo_forward_step': 9322, 'max_steps': 20000, 'max_zo_forward_steps': 0, 'time': 640, 'eps': 3e-05}
03/26/2026 01:11:06 - INFO - src.trainer -   {'loss': 1.06292724609375, 'learning_rate': 1e-06, 'global_step': 4670, 'zo_forward_step': 9342, 'max_steps': 20000, 'max_zo_forward_steps': 0, 'time': 641, 'eps': 3e-05}
03/26/2026 01:11:07 - INFO - src.trainer -   {'loss': 1.7299450635910034, 'learning_rate': 1e-06, 'global_step': 4680, 'zo_forward_step': 9362, 'max_steps': 20000, 'max_zo_forward_steps': 0, 'time': 642, 'eps': 3e-05}
03/26/2026 01:11:09 - INFO - src.trainer -   {'loss': 1.636795997619629, 'learning_rate': 1e-06, 'global_step': 4690, 'zo_forward_step': 9382, 'max_steps': 20000, 'max_zo_forward_steps': 0, 'time': 644, 'eps': 3e-05}
03/26/2026 01:11:10 - INFO - src.trainer -   {'loss': 1.057192325592041, 'learning_rate': 1e-06, 'global_step': 4700, 'zo_forward_step': 9402, 'max_steps': 20000, 'max_zo_forward_steps': 0, 'time': 645, 'eps': 3e-05}
03/26/2026 01:11:12 - INFO - src.trainer -   {'loss': 1.7219094038009644, 'learning_rate': 1e-06, 'global_step': 4710, 'zo_forward_step': 9422, 'max_steps': 20000, 'max_zo_forward_steps': 0, 'time': 647, 'eps': 3e-05}
03/26/2026 01:11:14 - INFO - src.trainer -   {'loss': 1.6556767225265503, 'learning_rate': 1e-06, 'global_step': 4720, 'zo_forward_step': 9442, 'max_steps': 20000, 'max_zo_forward_steps': 0, 'time': 649, 'eps': 3e-05}
460it [10:26,  1.14s/it]03/26/2026 01:11:15 - INFO - src.trainer -   {'loss': 1.053911566734314, 'learning_rate': 1e-06, 'global_step': 4730, 'zo_forward_step': 9462, 'max_steps': 20000, 'max_zo_forward_steps': 0, 'time': 650, 'eps': 3e-05}
03/26/2026 01:11:16 - INFO - src.trainer -   {'loss': 1.721232533454895, 'learning_rate': 1e-06, 'global_step': 4740, 'zo_forward_step': 9482, 'max_steps': 20000, 'max_zo_forward_steps': 0, 'time': 651, 'eps': 3e-05}
03/26/2026 01:11:17 - INFO - src.trainer -   {'loss': 1.6466435194015503, 'learning_rate': 1e-06, 'global_step': 4750, 'zo_forward_step': 9502, 'max_steps': 20000, 'max_zo_forward_steps': 0, 'time': 652, 'eps': 3e-05}
03/26/2026 01:11:18 - INFO - src.trainer -   {'loss': 1.0514109134674072, 'learning_rate': 1e-06, 'global_step': 4760, 'zo_forward_step': 9522, 'max_steps': 20000, 'max_zo_forward_steps': 0, 'time': 653, 'eps': 3e-05}
03/26/2026 01:11:20 - INFO - src.trainer -   {'loss': 1.7085528373718262, 'learning_rate': 1e-06, 'global_step': 4770, 'zo_forward_step': 9542, 'max_steps': 20000, 'max_zo_forward_steps': 0, 'time': 655, 'eps': 3e-05}
03/26/2026 01:11:21 - INFO - src.trainer -   {'loss': 1.6449121236801147, 'learning_rate': 1e-06, 'global_step': 4780, 'zo_forward_step': 9562, 'max_steps': 20000, 'max_zo_forward_steps': 0, 'time': 656, 'eps': 3e-05}
03/26/2026 01:11:22 - INFO - src.trainer -   {'loss': 1.0668538808822632, 'learning_rate': 1e-06, 'global_step': 4790, 'zo_forward_step': 9582, 'max_steps': 20000, 'max_zo_forward_steps': 0, 'time': 657, 'eps': 3e-05}
461it [10:35,  1.70s/it]472it [10:35,  1.15s/it]03/26/2026 01:11:24 - INFO - src.trainer -   {'eval_loss': 1.6113567352294922, 'eval_acc': 0.2125}
03/26/2026 01:11:27 - INFO - src.trainer -   [zo_probe] step=4800 eps=3.000e-05 precision=fp32 n=16 mae=5.763373e-01 rmse=1.340358e+00 sign_acc=0.9375 corr=0.999271
03/26/2026 01:11:27 - INFO - src.trainer -   {'loss': 1.7151528596878052, 'learning_rate': 1e-06, 'global_step': 4800, 'zo_forward_step': 9602, 'max_steps': 20000, 'max_zo_forward_steps': 0, 'time': 662, 'eps': 3e-05}
03/26/2026 01:11:28 - INFO - src.trainer -   {'loss': 1.6319974660873413, 'learning_rate': 1e-06, 'global_step': 4810, 'zo_forward_step': 9622, 'max_steps': 20000, 'max_zo_forward_steps': 0, 'time': 663, 'eps': 3e-05}
03/26/2026 01:11:29 - INFO - src.trainer -   {'loss': 1.0668282508850098, 'learning_rate': 1e-06, 'global_step': 4820, 'zo_forward_step': 9642, 'max_steps': 20000, 'max_zo_forward_steps': 0, 'time': 664, 'eps': 3e-05}
03/26/2026 01:11:30 - INFO - src.trainer -   {'loss': 1.7157223224639893, 'learning_rate': 1e-06, 'global_step': 4830, 'zo_forward_step': 9662, 'max_steps': 20000, 'max_zo_forward_steps': 0, 'time': 665, 'eps': 3e-05}
03/26/2026 01:11:31 - INFO - src.trainer -   {'loss': 1.6306687593460083, 'learning_rate': 1e-06, 'global_step': 4840, 'zo_forward_step': 9682, 'max_steps': 20000, 'max_zo_forward_steps': 0, 'time': 666, 'eps': 3e-05}
03/26/2026 01:11:33 - INFO - src.trainer -   {'loss': 1.072994589805603, 'learning_rate': 1e-06, 'global_step': 4850, 'zo_forward_step': 9702, 'max_steps': 20000, 'max_zo_forward_steps': 0, 'time': 667, 'eps': 3e-05}
03/26/2026 01:11:34 - INFO - src.trainer -   {'loss': 1.7088359594345093, 'learning_rate': 1e-06, 'global_step': 4860, 'zo_forward_step': 9722, 'max_steps': 20000, 'max_zo_forward_steps': 0, 'time': 669, 'eps': 3e-05}
480it [10:46,  1.15s/it]03/26/2026 01:11:35 - INFO - src.trainer -   {'loss': 1.6141936779022217, 'learning_rate': 1e-06, 'global_step': 4870, 'zo_forward_step': 9742, 'max_steps': 20000, 'max_zo_forward_steps': 0, 'time': 670, 'eps': 3e-05}
03/26/2026 01:11:36 - INFO - src.trainer -   {'loss': 1.0771071910858154, 'learning_rate': 1e-06, 'global_step': 4880, 'zo_forward_step': 9762, 'max_steps': 20000, 'max_zo_forward_steps': 0, 'time': 671, 'eps': 3e-05}
03/26/2026 01:11:37 - INFO - src.trainer -   {'loss': 1.7075104713439941, 'learning_rate': 1e-06, 'global_step': 4890, 'zo_forward_step': 9782, 'max_steps': 20000, 'max_zo_forward_steps': 0, 'time': 672, 'eps': 3e-05}
03/26/2026 01:11:39 - INFO - src.trainer -   {'loss': 1.6152691841125488, 'learning_rate': 1e-06, 'global_step': 4900, 'zo_forward_step': 9802, 'max_steps': 20000, 'max_zo_forward_steps': 0, 'time': 674, 'eps': 3e-05}
03/26/2026 01:11:40 - INFO - src.trainer -   {'loss': 1.0724483728408813, 'learning_rate': 1e-06, 'global_step': 4910, 'zo_forward_step': 9822, 'max_steps': 20000, 'max_zo_forward_steps': 0, 'time': 675, 'eps': 3e-05}
03/26/2026 01:11:41 - INFO - src.trainer -   {'loss': 1.7031571865081787, 'learning_rate': 1e-06, 'global_step': 4920, 'zo_forward_step': 9842, 'max_steps': 20000, 'max_zo_forward_steps': 0, 'time': 676, 'eps': 3e-05}
03/26/2026 01:11:42 - INFO - src.trainer -   {'loss': 1.6291583776474, 'learning_rate': 1e-06, 'global_step': 4930, 'zo_forward_step': 9862, 'max_steps': 20000, 'max_zo_forward_steps': 0, 'time': 677, 'eps': 3e-05}
03/26/2026 01:11:43 - INFO - src.trainer -   {'loss': 1.068534016609192, 'learning_rate': 1e-06, 'global_step': 4940, 'zo_forward_step': 9882, 'max_steps': 20000, 'max_zo_forward_steps': 0, 'time': 678, 'eps': 3e-05}
03/26/2026 01:11:44 - INFO - src.trainer -   {'loss': 1.7039625644683838, 'learning_rate': 1e-06, 'global_step': 4950, 'zo_forward_step': 9902, 'max_steps': 20000, 'max_zo_forward_steps': 0, 'time': 679, 'eps': 3e-05}
03/26/2026 01:11:46 - INFO - src.trainer -   {'loss': 1.6377477645874023, 'learning_rate': 1e-06, 'global_step': 4960, 'zo_forward_step': 9922, 'max_steps': 20000, 'max_zo_forward_steps': 0, 'time': 680, 'eps': 3e-05}
03/26/2026 01:11:47 - INFO - src.trainer -   {'loss': 1.0621812343597412, 'learning_rate': 1e-06, 'global_step': 4970, 'zo_forward_step': 9942, 'max_steps': 20000, 'max_zo_forward_steps': 0, 'time': 682, 'eps': 3e-05}
03/26/2026 01:11:48 - INFO - src.trainer -   {'loss': 1.6926136016845703, 'learning_rate': 1e-06, 'global_step': 4980, 'zo_forward_step': 9962, 'max_steps': 20000, 'max_zo_forward_steps': 0, 'time': 683, 'eps': 3e-05}
03/26/2026 01:11:49 - INFO - src.trainer -   {'loss': 1.6401546001434326, 'learning_rate': 1e-06, 'global_step': 4990, 'zo_forward_step': 9982, 'max_steps': 20000, 'max_zo_forward_steps': 0, 'time': 684, 'eps': 3e-05}
481it [11:01,  1.65s/it]492it [11:01,  1.12s/it]03/26/2026 01:11:50 - INFO - src.trainer -   {'eval_loss': 1.6046241521835327, 'eval_acc': 0.2125}
03/26/2026 01:11:52 - INFO - src.trainer -   [zo_probe] step=5000 eps=3.000e-05 precision=fp32 n=16 mae=5.274601e-03 rmse=6.040608e-03 sign_acc=1.0000 corr=1.000000
03/26/2026 01:11:52 - INFO - src.trainer -   {'loss': 1.076095461845398, 'learning_rate': 1e-06, 'global_step': 5000, 'zo_forward_step': 10002, 'max_steps': 20000, 'max_zo_forward_steps': 0, 'time': 687, 'eps': 3e-05}
03/26/2026 01:11:54 - INFO - src.trainer -   {'loss': 1.681422472000122, 'learning_rate': 1e-06, 'global_step': 5010, 'zo_forward_step': 10022, 'max_steps': 20000, 'max_zo_forward_steps': 0, 'time': 688, 'eps': 3e-05}
03/26/2026 01:11:55 - INFO - src.trainer -   {'loss': 1.6388353109359741, 'learning_rate': 1e-06, 'global_step': 5020, 'zo_forward_step': 10042, 'max_steps': 20000, 'max_zo_forward_steps': 0, 'time': 690, 'eps': 3e-05}
03/26/2026 01:11:56 - INFO - src.trainer -   {'loss': 1.0682350397109985, 'learning_rate': 1e-06, 'global_step': 5030, 'zo_forward_step': 10062, 'max_steps': 20000, 'max_zo_forward_steps': 0, 'time': 691, 'eps': 3e-05}
03/26/2026 01:11:57 - INFO - src.trainer -   {'loss': 1.6844631433486938, 'learning_rate': 1e-06, 'global_step': 5040, 'zo_forward_step': 10082, 'max_steps': 20000, 'max_zo_forward_steps': 0, 'time': 692, 'eps': 3e-05}
03/26/2026 01:11:58 - INFO - src.trainer -   {'loss': 1.6378992795944214, 'learning_rate': 1e-06, 'global_step': 5050, 'zo_forward_step': 10102, 'max_steps': 20000, 'max_zo_forward_steps': 0, 'time': 693, 'eps': 3e-05}
03/26/2026 01:11:59 - INFO - src.trainer -   {'loss': 1.0711969137191772, 'learning_rate': 1e-06, 'global_step': 5060, 'zo_forward_step': 10122, 'max_steps': 20000, 'max_zo_forward_steps': 0, 'time': 694, 'eps': 3e-05}
03/26/2026 01:12:00 - INFO - src.trainer -   {'loss': 1.6880418062210083, 'learning_rate': 1e-06, 'global_step': 5070, 'zo_forward_step': 10142, 'max_steps': 20000, 'max_zo_forward_steps': 0, 'time': 695, 'eps': 3e-05}
03/26/2026 01:12:02 - INFO - src.trainer -   {'loss': 1.6449061632156372, 'learning_rate': 1e-06, 'global_step': 5080, 'zo_forward_step': 10162, 'max_steps': 20000, 'max_zo_forward_steps': 0, 'time': 697, 'eps': 3e-05}
03/26/2026 01:12:03 - INFO - src.trainer -   {'loss': 1.072360634803772, 'learning_rate': 1e-06, 'global_step': 5090, 'zo_forward_step': 10182, 'max_steps': 20000, 'max_zo_forward_steps': 0, 'time': 698, 'eps': 3e-05}
03/26/2026 01:12:04 - INFO - src.trainer -   {'loss': 1.6961355209350586, 'learning_rate': 1e-06, 'global_step': 5100, 'zo_forward_step': 10202, 'max_steps': 20000, 'max_zo_forward_steps': 0, 'time': 699, 'eps': 3e-05}
500it [11:16,  1.12s/it]03/26/2026 01:12:05 - INFO - src.trainer -   {'loss': 1.6250371932983398, 'learning_rate': 1e-06, 'global_step': 5110, 'zo_forward_step': 10222, 'max_steps': 20000, 'max_zo_forward_steps': 0, 'time': 700, 'eps': 3e-05}
03/26/2026 01:12:06 - INFO - src.trainer -   {'loss': 1.0641709566116333, 'learning_rate': 1e-06, 'global_step': 5120, 'zo_forward_step': 10242, 'max_steps': 20000, 'max_zo_forward_steps': 0, 'time': 701, 'eps': 3e-05}
03/26/2026 01:12:07 - INFO - src.trainer -   {'loss': 1.691493034362793, 'learning_rate': 1e-06, 'global_step': 5130, 'zo_forward_step': 10262, 'max_steps': 20000, 'max_zo_forward_steps': 0, 'time': 702, 'eps': 3e-05}
03/26/2026 01:12:09 - INFO - src.trainer -   {'loss': 1.6209816932678223, 'learning_rate': 1e-06, 'global_step': 5140, 'zo_forward_step': 10282, 'max_steps': 20000, 'max_zo_forward_steps': 0, 'time': 703, 'eps': 3e-05}
03/26/2026 01:12:10 - INFO - src.trainer -   {'loss': 1.0767606496810913, 'learning_rate': 1e-06, 'global_step': 5150, 'zo_forward_step': 10302, 'max_steps': 20000, 'max_zo_forward_steps': 0, 'time': 705, 'eps': 3e-05}
03/26/2026 01:12:11 - INFO - src.trainer -   {'loss': 1.6931726932525635, 'learning_rate': 1e-06, 'global_step': 5160, 'zo_forward_step': 10322, 'max_steps': 20000, 'max_zo_forward_steps': 0, 'time': 706, 'eps': 3e-05}
03/26/2026 01:12:12 - INFO - src.trainer -   {'loss': 1.623449683189392, 'learning_rate': 1e-06, 'global_step': 5170, 'zo_forward_step': 10342, 'max_steps': 20000, 'max_zo_forward_steps': 0, 'time': 707, 'eps': 3e-05}
03/26/2026 01:12:13 - INFO - src.trainer -   {'loss': 1.0657564401626587, 'learning_rate': 1e-06, 'global_step': 5180, 'zo_forward_step': 10362, 'max_steps': 20000, 'max_zo_forward_steps': 0, 'time': 708, 'eps': 3e-05}
03/26/2026 01:12:14 - INFO - src.trainer -   {'loss': 1.6968499422073364, 'learning_rate': 1e-06, 'global_step': 5190, 'zo_forward_step': 10382, 'max_steps': 20000, 'max_zo_forward_steps': 0, 'time': 709, 'eps': 3e-05}
501it [11:27,  1.58s/it]512it [11:27,  1.07s/it]03/26/2026 01:12:16 - INFO - src.trainer -   {'eval_loss': 1.605567216873169, 'eval_acc': 0.2125}
03/26/2026 01:12:19 - INFO - src.trainer -   [zo_probe] step=5200 eps=3.000e-05 precision=fp32 n=16 mae=6.434709e-03 rmse=7.877213e-03 sign_acc=1.0000 corr=1.000000
03/26/2026 01:12:19 - INFO - src.trainer -   {'loss': 1.623987078666687, 'learning_rate': 1e-06, 'global_step': 5200, 'zo_forward_step': 10402, 'max_steps': 20000, 'max_zo_forward_steps': 0, 'time': 714, 'eps': 3e-05}
03/26/2026 01:12:20 - INFO - src.trainer -   {'loss': 1.056766152381897, 'learning_rate': 1e-06, 'global_step': 5210, 'zo_forward_step': 10422, 'max_steps': 20000, 'max_zo_forward_steps': 0, 'time': 715, 'eps': 3e-05}
03/26/2026 01:12:21 - INFO - src.trainer -   {'loss': 1.6891217231750488, 'learning_rate': 1e-06, 'global_step': 5220, 'zo_forward_step': 10442, 'max_steps': 20000, 'max_zo_forward_steps': 0, 'time': 716, 'eps': 3e-05}
03/26/2026 01:12:22 - INFO - src.trainer -   {'loss': 1.6351351737976074, 'learning_rate': 1e-06, 'global_step': 5230, 'zo_forward_step': 10462, 'max_steps': 20000, 'max_zo_forward_steps': 0, 'time': 717, 'eps': 3e-05}
03/26/2026 01:12:24 - INFO - src.trainer -   {'loss': 1.0401943922042847, 'learning_rate': 1e-06, 'global_step': 5240, 'zo_forward_step': 10482, 'max_steps': 20000, 'max_zo_forward_steps': 0, 'time': 719, 'eps': 3e-05}
03/26/2026 01:12:25 - INFO - src.trainer -   {'loss': 1.6934611797332764, 'learning_rate': 1e-06, 'global_step': 5250, 'zo_forward_step': 10502, 'max_steps': 20000, 'max_zo_forward_steps': 0, 'time': 720, 'eps': 3e-05}
03/26/2026 01:12:26 - INFO - src.trainer -   {'loss': 1.6289516687393188, 'learning_rate': 1e-06, 'global_step': 5260, 'zo_forward_step': 10522, 'max_steps': 20000, 'max_zo_forward_steps': 0, 'time': 721, 'eps': 3e-05}
03/26/2026 01:12:27 - INFO - src.trainer -   {'loss': 1.0447487831115723, 'learning_rate': 1e-06, 'global_step': 5270, 'zo_forward_step': 10542, 'max_steps': 20000, 'max_zo_forward_steps': 0, 'time': 722, 'eps': 3e-05}
03/26/2026 01:12:28 - INFO - src.trainer -   {'loss': 1.702718734741211, 'learning_rate': 1e-06, 'global_step': 5280, 'zo_forward_step': 10562, 'max_steps': 20000, 'max_zo_forward_steps': 0, 'time': 723, 'eps': 3e-05}
03/26/2026 01:12:30 - INFO - src.trainer -   {'loss': 1.6399482488632202, 'learning_rate': 1e-06, 'global_step': 5290, 'zo_forward_step': 10582, 'max_steps': 20000, 'max_zo_forward_steps': 0, 'time': 725, 'eps': 3e-05}
03/26/2026 01:12:31 - INFO - src.trainer -   {'loss': 1.0421931743621826, 'learning_rate': 1e-06, 'global_step': 5300, 'zo_forward_step': 10602, 'max_steps': 20000, 'max_zo_forward_steps': 0, 'time': 726, 'eps': 3e-05}
03/26/2026 01:12:32 - INFO - src.trainer -   {'loss': 1.7012361288070679, 'learning_rate': 1e-06, 'global_step': 5310, 'zo_forward_step': 10622, 'max_steps': 20000, 'max_zo_forward_steps': 0, 'time': 727, 'eps': 3e-05}
03/26/2026 01:12:34 - INFO - src.trainer -   {'loss': 1.6314144134521484, 'learning_rate': 1e-06, 'global_step': 5320, 'zo_forward_step': 10642, 'max_steps': 20000, 'max_zo_forward_steps': 0, 'time': 729, 'eps': 3e-05}
520it [11:46,  1.07s/it]03/26/2026 01:12:35 - INFO - src.trainer -   {'loss': 1.0296411514282227, 'learning_rate': 1e-06, 'global_step': 5330, 'zo_forward_step': 10662, 'max_steps': 20000, 'max_zo_forward_steps': 0, 'time': 730, 'eps': 3e-05}
03/26/2026 01:12:36 - INFO - src.trainer -   {'loss': 1.6987746953964233, 'learning_rate': 1e-06, 'global_step': 5340, 'zo_forward_step': 10682, 'max_steps': 20000, 'max_zo_forward_steps': 0, 'time': 731, 'eps': 3e-05}
03/26/2026 01:12:38 - INFO - src.trainer -   {'loss': 1.642666220664978, 'learning_rate': 1e-06, 'global_step': 5350, 'zo_forward_step': 10702, 'max_steps': 20000, 'max_zo_forward_steps': 0, 'time': 732, 'eps': 3e-05}
03/26/2026 01:12:39 - INFO - src.trainer -   {'loss': 1.0102052688598633, 'learning_rate': 1e-06, 'global_step': 5360, 'zo_forward_step': 10722, 'max_steps': 20000, 'max_zo_forward_steps': 0, 'time': 734, 'eps': 3e-05}
03/26/2026 01:12:40 - INFO - src.trainer -   {'loss': 1.7000681161880493, 'learning_rate': 1e-06, 'global_step': 5370, 'zo_forward_step': 10742, 'max_steps': 20000, 'max_zo_forward_steps': 0, 'time': 735, 'eps': 3e-05}
03/26/2026 01:12:41 - INFO - src.trainer -   {'loss': 1.6495237350463867, 'learning_rate': 1e-06, 'global_step': 5380, 'zo_forward_step': 10762, 'max_steps': 20000, 'max_zo_forward_steps': 0, 'time': 736, 'eps': 3e-05}
03/26/2026 01:12:42 - INFO - src.trainer -   {'loss': 1.0070526599884033, 'learning_rate': 1e-06, 'global_step': 5390, 'zo_forward_step': 10782, 'max_steps': 20000, 'max_zo_forward_steps': 0, 'time': 737, 'eps': 3e-05}
521it [11:54,  1.62s/it]532it [11:55,  1.10s/it]03/26/2026 01:12:43 - INFO - src.trainer -   {'eval_loss': 1.607426404953003, 'eval_acc': 0.2125}
03/26/2026 01:12:46 - INFO - src.trainer -   [zo_probe] step=5400 eps=3.000e-05 precision=fp32 n=16 mae=5.575120e-03 rmse=6.678341e-03 sign_acc=1.0000 corr=1.000000
03/26/2026 01:12:46 - INFO - src.trainer -   {'loss': 1.701596736907959, 'learning_rate': 1e-06, 'global_step': 5400, 'zo_forward_step': 10802, 'max_steps': 20000, 'max_zo_forward_steps': 0, 'time': 741, 'eps': 3e-05}
03/26/2026 01:12:48 - INFO - src.trainer -   {'loss': 1.6523720026016235, 'learning_rate': 1e-06, 'global_step': 5410, 'zo_forward_step': 10822, 'max_steps': 20000, 'max_zo_forward_steps': 0, 'time': 743, 'eps': 3e-05}
03/26/2026 01:12:49 - INFO - src.trainer -   {'loss': 0.9952592253684998, 'learning_rate': 1e-06, 'global_step': 5420, 'zo_forward_step': 10842, 'max_steps': 20000, 'max_zo_forward_steps': 0, 'time': 744, 'eps': 3e-05}
03/26/2026 01:12:50 - INFO - src.trainer -   {'loss': 1.693230390548706, 'learning_rate': 1e-06, 'global_step': 5430, 'zo_forward_step': 10862, 'max_steps': 20000, 'max_zo_forward_steps': 0, 'time': 745, 'eps': 3e-05}
03/26/2026 01:12:51 - INFO - src.trainer -   {'loss': 1.66228449344635, 'learning_rate': 1e-06, 'global_step': 5440, 'zo_forward_step': 10882, 'max_steps': 20000, 'max_zo_forward_steps': 0, 'time': 746, 'eps': 3e-05}
03/26/2026 01:12:52 - INFO - src.trainer -   {'loss': 0.9982583522796631, 'learning_rate': 1e-06, 'global_step': 5450, 'zo_forward_step': 10902, 'max_steps': 20000, 'max_zo_forward_steps': 0, 'time': 747, 'eps': 3e-05}
03/26/2026 01:12:53 - INFO - src.trainer -   {'loss': 1.6891030073165894, 'learning_rate': 1e-06, 'global_step': 5460, 'zo_forward_step': 10922, 'max_steps': 20000, 'max_zo_forward_steps': 0, 'time': 748, 'eps': 3e-05}
03/26/2026 01:12:55 - INFO - src.trainer -   {'loss': 1.654032588005066, 'learning_rate': 1e-06, 'global_step': 5470, 'zo_forward_step': 10942, 'max_steps': 20000, 'max_zo_forward_steps': 0, 'time': 749, 'eps': 3e-05}
540it [12:06,  1.10s/it]03/26/2026 01:12:56 - INFO - src.trainer -   {'loss': 1.0052402019500732, 'learning_rate': 1e-06, 'global_step': 5480, 'zo_forward_step': 10962, 'max_steps': 20000, 'max_zo_forward_steps': 0, 'time': 751, 'eps': 3e-05}
03/26/2026 01:12:57 - INFO - src.trainer -   {'loss': 1.6898795366287231, 'learning_rate': 1e-06, 'global_step': 5490, 'zo_forward_step': 10982, 'max_steps': 20000, 'max_zo_forward_steps': 0, 'time': 752, 'eps': 3e-05}
03/26/2026 01:12:58 - INFO - src.trainer -   {'loss': 1.651592493057251, 'learning_rate': 1e-06, 'global_step': 5500, 'zo_forward_step': 11002, 'max_steps': 20000, 'max_zo_forward_steps': 0, 'time': 753, 'eps': 3e-05}
03/26/2026 01:12:59 - INFO - src.trainer -   {'loss': 1.0074546337127686, 'learning_rate': 1e-06, 'global_step': 5510, 'zo_forward_step': 11022, 'max_steps': 20000, 'max_zo_forward_steps': 0, 'time': 754, 'eps': 3e-05}
03/26/2026 01:13:00 - INFO - src.trainer -   {'loss': 1.6783685684204102, 'learning_rate': 1e-06, 'global_step': 5520, 'zo_forward_step': 11042, 'max_steps': 20000, 'max_zo_forward_steps': 0, 'time': 755, 'eps': 3e-05}
03/26/2026 01:13:04 - INFO - src.trainer -   {'loss': 1.6525436639785767, 'learning_rate': 1e-06, 'global_step': 5530, 'zo_forward_step': 11062, 'max_steps': 20000, 'max_zo_forward_steps': 0, 'time': 758, 'eps': 3e-05}
03/26/2026 01:13:05 - INFO - src.trainer -   {'loss': 1.0083622932434082, 'learning_rate': 1e-06, 'global_step': 5540, 'zo_forward_step': 11082, 'max_steps': 20000, 'max_zo_forward_steps': 0, 'time': 760, 'eps': 3e-05}
03/26/2026 01:13:06 - INFO - src.trainer -   {'loss': 1.6868573427200317, 'learning_rate': 1e-06, 'global_step': 5550, 'zo_forward_step': 11102, 'max_steps': 20000, 'max_zo_forward_steps': 0, 'time': 761, 'eps': 3e-05}
03/26/2026 01:13:07 - INFO - src.trainer -   {'loss': 1.6565817594528198, 'learning_rate': 1e-06, 'global_step': 5560, 'zo_forward_step': 11122, 'max_steps': 20000, 'max_zo_forward_steps': 0, 'time': 762, 'eps': 3e-05}
03/26/2026 01:13:08 - INFO - src.trainer -   {'loss': 1.002834677696228, 'learning_rate': 1e-06, 'global_step': 5570, 'zo_forward_step': 11142, 'max_steps': 20000, 'max_zo_forward_steps': 0, 'time': 763, 'eps': 3e-05}
03/26/2026 01:13:10 - INFO - src.trainer -   {'loss': 1.6835576295852661, 'learning_rate': 1e-06, 'global_step': 5580, 'zo_forward_step': 11162, 'max_steps': 20000, 'max_zo_forward_steps': 0, 'time': 765, 'eps': 3e-05}
03/26/2026 01:13:11 - INFO - src.trainer -   {'loss': 1.64726984500885, 'learning_rate': 1e-06, 'global_step': 5590, 'zo_forward_step': 11182, 'max_steps': 20000, 'max_zo_forward_steps': 0, 'time': 766, 'eps': 3e-05}
541it [12:23,  1.67s/it]552it [12:23,  1.13s/it]03/26/2026 01:13:12 - INFO - src.trainer -   {'eval_loss': 1.6003694534301758, 'eval_acc': 0.2125}
03/26/2026 01:13:14 - INFO - src.trainer -   [zo_probe] step=5600 eps=3.000e-05 precision=fp32 n=16 mae=3.703594e-03 rmse=4.718220e-03 sign_acc=1.0000 corr=1.000000
03/26/2026 01:13:14 - INFO - src.trainer -   {'loss': 1.003797173500061, 'learning_rate': 1e-06, 'global_step': 5600, 'zo_forward_step': 11202, 'max_steps': 20000, 'max_zo_forward_steps': 0, 'time': 769, 'eps': 3e-05}
03/26/2026 01:13:15 - INFO - src.trainer -   {'loss': 1.6895930767059326, 'learning_rate': 1e-06, 'global_step': 5610, 'zo_forward_step': 11222, 'max_steps': 20000, 'max_zo_forward_steps': 0, 'time': 770, 'eps': 3e-05}
03/26/2026 01:13:16 - INFO - src.trainer -   {'loss': 1.6359658241271973, 'learning_rate': 1e-06, 'global_step': 5620, 'zo_forward_step': 11242, 'max_steps': 20000, 'max_zo_forward_steps': 0, 'time': 771, 'eps': 3e-05}
03/26/2026 01:13:18 - INFO - src.trainer -   {'loss': 1.0044413805007935, 'learning_rate': 1e-06, 'global_step': 5630, 'zo_forward_step': 11262, 'max_steps': 20000, 'max_zo_forward_steps': 0, 'time': 772, 'eps': 3e-05}
03/26/2026 01:13:19 - INFO - src.trainer -   {'loss': 1.6904128789901733, 'learning_rate': 1e-06, 'global_step': 5640, 'zo_forward_step': 11282, 'max_steps': 20000, 'max_zo_forward_steps': 0, 'time': 774, 'eps': 3e-05}
03/26/2026 01:13:20 - INFO - src.trainer -   {'loss': 1.638066053390503, 'learning_rate': 1e-06, 'global_step': 5650, 'zo_forward_step': 11302, 'max_steps': 20000, 'max_zo_forward_steps': 0, 'time': 775, 'eps': 3e-05}
03/26/2026 01:13:21 - INFO - src.trainer -   {'loss': 0.9948368072509766, 'learning_rate': 1e-06, 'global_step': 5660, 'zo_forward_step': 11322, 'max_steps': 20000, 'max_zo_forward_steps': 0, 'time': 776, 'eps': 3e-05}
03/26/2026 01:13:23 - INFO - src.trainer -   {'loss': 1.6953980922698975, 'learning_rate': 1e-06, 'global_step': 5670, 'zo_forward_step': 11342, 'max_steps': 20000, 'max_zo_forward_steps': 0, 'time': 777, 'eps': 3e-05}
03/26/2026 01:13:24 - INFO - src.trainer -   {'loss': 1.6418464183807373, 'learning_rate': 1e-06, 'global_step': 5680, 'zo_forward_step': 11362, 'max_steps': 20000, 'max_zo_forward_steps': 0, 'time': 779, 'eps': 3e-05}
560it [12:36,  1.13s/it]03/26/2026 01:13:25 - INFO - src.trainer -   {'loss': 1.003131628036499, 'learning_rate': 1e-06, 'global_step': 5690, 'zo_forward_step': 11382, 'max_steps': 20000, 'max_zo_forward_steps': 0, 'time': 780, 'eps': 3e-05}
03/26/2026 01:13:26 - INFO - src.trainer -   {'loss': 1.6974587440490723, 'learning_rate': 1e-06, 'global_step': 5700, 'zo_forward_step': 11402, 'max_steps': 20000, 'max_zo_forward_steps': 0, 'time': 781, 'eps': 3e-05}
03/26/2026 01:13:27 - INFO - src.trainer -   {'loss': 1.6314430236816406, 'learning_rate': 1e-06, 'global_step': 5710, 'zo_forward_step': 11422, 'max_steps': 20000, 'max_zo_forward_steps': 0, 'time': 782, 'eps': 3e-05}
03/26/2026 01:13:28 - INFO - src.trainer -   {'loss': 0.9957770109176636, 'learning_rate': 1e-06, 'global_step': 5720, 'zo_forward_step': 11442, 'max_steps': 20000, 'max_zo_forward_steps': 0, 'time': 783, 'eps': 3e-05}
03/26/2026 01:13:30 - INFO - src.trainer -   {'loss': 1.6913795471191406, 'learning_rate': 1e-06, 'global_step': 5730, 'zo_forward_step': 11462, 'max_steps': 20000, 'max_zo_forward_steps': 0, 'time': 785, 'eps': 3e-05}
03/26/2026 01:13:31 - INFO - src.trainer -   {'loss': 1.6570290327072144, 'learning_rate': 1e-06, 'global_step': 5740, 'zo_forward_step': 11482, 'max_steps': 20000, 'max_zo_forward_steps': 0, 'time': 786, 'eps': 3e-05}
03/26/2026 01:13:32 - INFO - src.trainer -   {'loss': 0.9798245429992676, 'learning_rate': 1e-06, 'global_step': 5750, 'zo_forward_step': 11502, 'max_steps': 20000, 'max_zo_forward_steps': 0, 'time': 787, 'eps': 3e-05}
03/26/2026 01:13:33 - INFO - src.trainer -   {'loss': 1.7102726697921753, 'learning_rate': 1e-06, 'global_step': 5760, 'zo_forward_step': 11522, 'max_steps': 20000, 'max_zo_forward_steps': 0, 'time': 788, 'eps': 3e-05}
03/26/2026 01:13:34 - INFO - src.trainer -   {'loss': 1.6401276588439941, 'learning_rate': 1e-06, 'global_step': 5770, 'zo_forward_step': 11542, 'max_steps': 20000, 'max_zo_forward_steps': 0, 'time': 789, 'eps': 3e-05}
03/26/2026 01:13:35 - INFO - src.trainer -   {'loss': 0.9768192172050476, 'learning_rate': 1e-06, 'global_step': 5780, 'zo_forward_step': 11562, 'max_steps': 20000, 'max_zo_forward_steps': 0, 'time': 790, 'eps': 3e-05}
03/26/2026 01:13:37 - INFO - src.trainer -   {'loss': 1.7021147012710571, 'learning_rate': 1e-06, 'global_step': 5790, 'zo_forward_step': 11582, 'max_steps': 20000, 'max_zo_forward_steps': 0, 'time': 791, 'eps': 3e-05}
561it [12:49,  1.60s/it]572it [12:49,  1.09s/it]03/26/2026 01:13:38 - INFO - src.trainer -   {'eval_loss': 1.6026411056518555, 'eval_acc': 0.2125}
03/26/2026 01:13:41 - INFO - src.trainer -   [zo_probe] step=5800 eps=3.000e-05 precision=fp32 n=16 mae=6.673500e-02 rmse=9.692406e-02 sign_acc=1.0000 corr=0.999998
03/26/2026 01:13:41 - INFO - src.trainer -   {'loss': 1.6333781480789185, 'learning_rate': 1e-06, 'global_step': 5800, 'zo_forward_step': 11602, 'max_steps': 20000, 'max_zo_forward_steps': 0, 'time': 796, 'eps': 3e-05}
03/26/2026 01:13:42 - INFO - src.trainer -   {'loss': 0.9915902614593506, 'learning_rate': 1e-06, 'global_step': 5810, 'zo_forward_step': 11622, 'max_steps': 20000, 'max_zo_forward_steps': 0, 'time': 797, 'eps': 3e-05}
03/26/2026 01:13:43 - INFO - src.trainer -   {'loss': 1.6974372863769531, 'learning_rate': 1e-06, 'global_step': 5820, 'zo_forward_step': 11642, 'max_steps': 20000, 'max_zo_forward_steps': 0, 'time': 798, 'eps': 3e-05}
03/26/2026 01:13:45 - INFO - src.trainer -   {'loss': 1.6347593069076538, 'learning_rate': 1e-06, 'global_step': 5830, 'zo_forward_step': 11662, 'max_steps': 20000, 'max_zo_forward_steps': 0, 'time': 800, 'eps': 3e-05}
03/26/2026 01:13:46 - INFO - src.trainer -   {'loss': 0.9914407730102539, 'learning_rate': 1e-06, 'global_step': 5840, 'zo_forward_step': 11682, 'max_steps': 20000, 'max_zo_forward_steps': 0, 'time': 801, 'eps': 3e-05}
03/26/2026 01:13:47 - INFO - src.trainer -   {'loss': 1.6990351676940918, 'learning_rate': 1e-06, 'global_step': 5850, 'zo_forward_step': 11702, 'max_steps': 20000, 'max_zo_forward_steps': 0, 'time': 802, 'eps': 3e-05}
03/26/2026 01:13:48 - INFO - src.trainer -   {'loss': 1.6103966236114502, 'learning_rate': 1e-06, 'global_step': 5860, 'zo_forward_step': 11722, 'max_steps': 20000, 'max_zo_forward_steps': 0, 'time': 803, 'eps': 3e-05}
03/26/2026 01:13:49 - INFO - src.trainer -   {'loss': 1.0090112686157227, 'learning_rate': 1e-06, 'global_step': 5870, 'zo_forward_step': 11742, 'max_steps': 20000, 'max_zo_forward_steps': 0, 'time': 804, 'eps': 3e-05}
03/26/2026 01:13:51 - INFO - src.trainer -   {'loss': 1.6879017353057861, 'learning_rate': 1e-06, 'global_step': 5880, 'zo_forward_step': 11762, 'max_steps': 20000, 'max_zo_forward_steps': 0, 'time': 806, 'eps': 3e-05}
03/26/2026 01:13:52 - INFO - src.trainer -   {'loss': 1.6119130849838257, 'learning_rate': 1e-06, 'global_step': 5890, 'zo_forward_step': 11782, 'max_steps': 20000, 'max_zo_forward_steps': 0, 'time': 807, 'eps': 3e-05}
03/26/2026 01:13:53 - INFO - src.trainer -   {'loss': 0.9949718713760376, 'learning_rate': 1e-06, 'global_step': 5900, 'zo_forward_step': 11802, 'max_steps': 20000, 'max_zo_forward_steps': 0, 'time': 808, 'eps': 3e-05}
03/26/2026 01:13:54 - INFO - src.trainer -   {'loss': 1.6883056163787842, 'learning_rate': 1e-06, 'global_step': 5910, 'zo_forward_step': 11822, 'max_steps': 20000, 'max_zo_forward_steps': 0, 'time': 809, 'eps': 3e-05}
580it [13:06,  1.09s/it]03/26/2026 01:13:55 - INFO - src.trainer -   {'loss': 1.604400634765625, 'learning_rate': 1e-06, 'global_step': 5920, 'zo_forward_step': 11842, 'max_steps': 20000, 'max_zo_forward_steps': 0, 'time': 810, 'eps': 3e-05}
03/26/2026 01:13:56 - INFO - src.trainer -   {'loss': 0.9967789053916931, 'learning_rate': 1e-06, 'global_step': 5930, 'zo_forward_step': 11862, 'max_steps': 20000, 'max_zo_forward_steps': 0, 'time': 811, 'eps': 3e-05}
03/26/2026 01:13:57 - INFO - src.trainer -   {'loss': 1.6963921785354614, 'learning_rate': 1e-06, 'global_step': 5940, 'zo_forward_step': 11882, 'max_steps': 20000, 'max_zo_forward_steps': 0, 'time': 812, 'eps': 3e-05}
03/26/2026 01:13:59 - INFO - src.trainer -   {'loss': 1.6096787452697754, 'learning_rate': 1e-06, 'global_step': 5950, 'zo_forward_step': 11902, 'max_steps': 20000, 'max_zo_forward_steps': 0, 'time': 814, 'eps': 3e-05}
03/26/2026 01:14:00 - INFO - src.trainer -   {'loss': 0.9943382143974304, 'learning_rate': 1e-06, 'global_step': 5960, 'zo_forward_step': 11922, 'max_steps': 20000, 'max_zo_forward_steps': 0, 'time': 815, 'eps': 3e-05}
03/26/2026 01:14:01 - INFO - src.trainer -   {'loss': 1.6856578588485718, 'learning_rate': 1e-06, 'global_step': 5970, 'zo_forward_step': 11942, 'max_steps': 20000, 'max_zo_forward_steps': 0, 'time': 816, 'eps': 3e-05}
03/26/2026 01:14:04 - INFO - src.trainer -   {'loss': 1.612558364868164, 'learning_rate': 1e-06, 'global_step': 5980, 'zo_forward_step': 11962, 'max_steps': 20000, 'max_zo_forward_steps': 0, 'time': 819, 'eps': 3e-05}
03/26/2026 01:14:05 - INFO - src.trainer -   {'loss': 1.0027685165405273, 'learning_rate': 1e-06, 'global_step': 5990, 'zo_forward_step': 11982, 'max_steps': 20000, 'max_zo_forward_steps': 0, 'time': 820, 'eps': 3e-05}
581it [13:18,  1.66s/it]592it [13:18,  1.13s/it]03/26/2026 01:14:07 - INFO - src.trainer -   {'eval_loss': 1.5934966802597046, 'eval_acc': 0.2125}
03/26/2026 01:14:09 - INFO - src.trainer -   [zo_probe] step=6000 eps=3.000e-05 precision=fp32 n=16 mae=1.016681e-02 rmse=1.630721e-02 sign_acc=1.0000 corr=1.000000
03/26/2026 01:14:10 - INFO - src.trainer -   {'loss': 1.6719398498535156, 'learning_rate': 1e-06, 'global_step': 6000, 'zo_forward_step': 12002, 'max_steps': 20000, 'max_zo_forward_steps': 0, 'time': 824, 'eps': 3e-05}
03/26/2026 01:14:11 - INFO - src.trainer -   {'loss': 1.6026796102523804, 'learning_rate': 1e-06, 'global_step': 6010, 'zo_forward_step': 12022, 'max_steps': 20000, 'max_zo_forward_steps': 0, 'time': 826, 'eps': 3e-05}
03/26/2026 01:14:12 - INFO - src.trainer -   {'loss': 1.0132616758346558, 'learning_rate': 1e-06, 'global_step': 6020, 'zo_forward_step': 12042, 'max_steps': 20000, 'max_zo_forward_steps': 0, 'time': 827, 'eps': 3e-05}
03/26/2026 01:14:13 - INFO - src.trainer -   {'loss': 1.665169596672058, 'learning_rate': 1e-06, 'global_step': 6030, 'zo_forward_step': 12062, 'max_steps': 20000, 'max_zo_forward_steps': 0, 'time': 828, 'eps': 3e-05}
03/26/2026 01:14:16 - INFO - src.trainer -   {'loss': 1.595443606376648, 'learning_rate': 1e-06, 'global_step': 6040, 'zo_forward_step': 12082, 'max_steps': 20000, 'max_zo_forward_steps': 0, 'time': 831, 'eps': 3e-05}
03/26/2026 01:14:17 - INFO - src.trainer -   {'loss': 1.0276517868041992, 'learning_rate': 1e-06, 'global_step': 6050, 'zo_forward_step': 12102, 'max_steps': 20000, 'max_zo_forward_steps': 0, 'time': 832, 'eps': 3e-05}
03/26/2026 01:14:18 - INFO - src.trainer -   {'loss': 1.6686197519302368, 'learning_rate': 1e-06, 'global_step': 6060, 'zo_forward_step': 12122, 'max_steps': 20000, 'max_zo_forward_steps': 0, 'time': 833, 'eps': 3e-05}
03/26/2026 01:14:19 - INFO - src.trainer -   {'loss': 1.5756940841674805, 'learning_rate': 1e-06, 'global_step': 6070, 'zo_forward_step': 12142, 'max_steps': 20000, 'max_zo_forward_steps': 0, 'time': 834, 'eps': 3e-05}
03/26/2026 01:14:20 - INFO - src.trainer -   {'loss': 1.0339549779891968, 'learning_rate': 1e-06, 'global_step': 6080, 'zo_forward_step': 12162, 'max_steps': 20000, 'max_zo_forward_steps': 0, 'time': 835, 'eps': 3e-05}
03/26/2026 01:14:22 - INFO - src.trainer -   {'loss': 1.658939242362976, 'learning_rate': 1e-06, 'global_step': 6090, 'zo_forward_step': 12182, 'max_steps': 20000, 'max_zo_forward_steps': 0, 'time': 836, 'eps': 3e-05}
03/26/2026 01:14:23 - INFO - src.trainer -   {'loss': 1.5745335817337036, 'learning_rate': 1e-06, 'global_step': 6100, 'zo_forward_step': 12202, 'max_steps': 20000, 'max_zo_forward_steps': 0, 'time': 838, 'eps': 3e-05}
03/26/2026 01:14:24 - INFO - src.trainer -   {'loss': 1.0492136478424072, 'learning_rate': 1e-06, 'global_step': 6110, 'zo_forward_step': 12222, 'max_steps': 20000, 'max_zo_forward_steps': 0, 'time': 839, 'eps': 3e-05}
600it [13:36,  1.13s/it]03/26/2026 01:14:27 - INFO - src.trainer -   {'loss': 1.6514277458190918, 'learning_rate': 1e-06, 'global_step': 6120, 'zo_forward_step': 12242, 'max_steps': 20000, 'max_zo_forward_steps': 0, 'time': 841, 'eps': 3e-05}
03/26/2026 01:14:28 - INFO - src.trainer -   {'loss': 1.5803929567337036, 'learning_rate': 1e-06, 'global_step': 6130, 'zo_forward_step': 12262, 'max_steps': 20000, 'max_zo_forward_steps': 0, 'time': 843, 'eps': 3e-05}
03/26/2026 01:14:29 - INFO - src.trainer -   {'loss': 1.0409852266311646, 'learning_rate': 1e-06, 'global_step': 6140, 'zo_forward_step': 12282, 'max_steps': 20000, 'max_zo_forward_steps': 0, 'time': 844, 'eps': 3e-05}
03/26/2026 01:14:30 - INFO - src.trainer -   {'loss': 1.6600847244262695, 'learning_rate': 1e-06, 'global_step': 6150, 'zo_forward_step': 12302, 'max_steps': 20000, 'max_zo_forward_steps': 0, 'time': 845, 'eps': 3e-05}
03/26/2026 01:14:31 - INFO - src.trainer -   {'loss': 1.5937471389770508, 'learning_rate': 1e-06, 'global_step': 6160, 'zo_forward_step': 12322, 'max_steps': 20000, 'max_zo_forward_steps': 0, 'time': 846, 'eps': 3e-05}
03/26/2026 01:14:32 - INFO - src.trainer -   {'loss': 1.015938639640808, 'learning_rate': 1e-06, 'global_step': 6170, 'zo_forward_step': 12342, 'max_steps': 20000, 'max_zo_forward_steps': 0, 'time': 847, 'eps': 3e-05}
03/26/2026 01:14:33 - INFO - src.trainer -   {'loss': 1.6780774593353271, 'learning_rate': 1e-06, 'global_step': 6180, 'zo_forward_step': 12362, 'max_steps': 20000, 'max_zo_forward_steps': 0, 'time': 848, 'eps': 3e-05}
03/26/2026 01:14:35 - INFO - src.trainer -   {'loss': 1.5987190008163452, 'learning_rate': 1e-06, 'global_step': 6190, 'zo_forward_step': 12382, 'max_steps': 20000, 'max_zo_forward_steps': 0, 'time': 850, 'eps': 3e-05}
601it [13:47,  1.71s/it]612it [13:47,  1.16s/it]03/26/2026 01:14:36 - INFO - src.trainer -   {'eval_loss': 1.595320701599121, 'eval_acc': 0.2125}
03/26/2026 01:14:38 - INFO - src.trainer -   [zo_probe] step=6200 eps=3.000e-05 precision=fp32 n=16 mae=4.861628e-03 rmse=7.871783e-03 sign_acc=1.0000 corr=1.000000
03/26/2026 01:14:38 - INFO - src.trainer -   {'loss': 0.97906494140625, 'learning_rate': 1e-06, 'global_step': 6200, 'zo_forward_step': 12402, 'max_steps': 20000, 'max_zo_forward_steps': 0, 'time': 853, 'eps': 3e-05}
03/26/2026 01:14:39 - INFO - src.trainer -   {'loss': 1.6691808700561523, 'learning_rate': 1e-06, 'global_step': 6210, 'zo_forward_step': 12422, 'max_steps': 20000, 'max_zo_forward_steps': 0, 'time': 854, 'eps': 3e-05}
03/26/2026 01:14:40 - INFO - src.trainer -   {'loss': 1.6264339685440063, 'learning_rate': 1e-06, 'global_step': 6220, 'zo_forward_step': 12442, 'max_steps': 20000, 'max_zo_forward_steps': 0, 'time': 855, 'eps': 3e-05}
03/26/2026 01:14:41 - INFO - src.trainer -   {'loss': 0.9685817360877991, 'learning_rate': 1e-06, 'global_step': 6230, 'zo_forward_step': 12462, 'max_steps': 20000, 'max_zo_forward_steps': 0, 'time': 856, 'eps': 3e-05}
03/26/2026 01:14:43 - INFO - src.trainer -   {'loss': 1.6812114715576172, 'learning_rate': 1e-06, 'global_step': 6240, 'zo_forward_step': 12482, 'max_steps': 20000, 'max_zo_forward_steps': 0, 'time': 857, 'eps': 3e-05}
03/26/2026 01:14:44 - INFO - src.trainer -   {'loss': 1.6107640266418457, 'learning_rate': 1e-06, 'global_step': 6250, 'zo_forward_step': 12502, 'max_steps': 20000, 'max_zo_forward_steps': 0, 'time': 859, 'eps': 3e-05}
03/26/2026 01:14:45 - INFO - src.trainer -   {'loss': 0.9755353927612305, 'learning_rate': 1e-06, 'global_step': 6260, 'zo_forward_step': 12522, 'max_steps': 20000, 'max_zo_forward_steps': 0, 'time': 860, 'eps': 3e-05}
03/26/2026 01:14:46 - INFO - src.trainer -   {'loss': 1.6961222887039185, 'learning_rate': 1e-06, 'global_step': 6270, 'zo_forward_step': 12542, 'max_steps': 20000, 'max_zo_forward_steps': 0, 'time': 861, 'eps': 3e-05}
03/26/2026 01:14:47 - INFO - src.trainer -   {'loss': 1.6046371459960938, 'learning_rate': 1e-06, 'global_step': 6280, 'zo_forward_step': 12562, 'max_steps': 20000, 'max_zo_forward_steps': 0, 'time': 862, 'eps': 3e-05}
03/26/2026 01:14:48 - INFO - src.trainer -   {'loss': 0.9602478742599487, 'learning_rate': 1e-06, 'global_step': 6290, 'zo_forward_step': 12582, 'max_steps': 20000, 'max_zo_forward_steps': 0, 'time': 863, 'eps': 3e-05}
03/26/2026 01:14:49 - INFO - src.trainer -   {'loss': 1.6970503330230713, 'learning_rate': 1e-06, 'global_step': 6300, 'zo_forward_step': 12602, 'max_steps': 20000, 'max_zo_forward_steps': 0, 'time': 864, 'eps': 3e-05}
03/26/2026 01:14:51 - INFO - src.trainer -   {'loss': 1.6015634536743164, 'learning_rate': 1e-06, 'global_step': 6310, 'zo_forward_step': 12622, 'max_steps': 20000, 'max_zo_forward_steps': 0, 'time': 866, 'eps': 3e-05}
03/26/2026 01:14:52 - INFO - src.trainer -   {'loss': 0.9456263780593872, 'learning_rate': 1e-06, 'global_step': 6320, 'zo_forward_step': 12642, 'max_steps': 20000, 'max_zo_forward_steps': 0, 'time': 867, 'eps': 3e-05}
03/26/2026 01:14:54 - INFO - src.trainer -   {'loss': 1.7158558368682861, 'learning_rate': 1e-06, 'global_step': 6330, 'zo_forward_step': 12662, 'max_steps': 20000, 'max_zo_forward_steps': 0, 'time': 869, 'eps': 3e-05}
620it [14:06,  1.16s/it]03/26/2026 01:14:55 - INFO - src.trainer -   {'loss': 1.6006169319152832, 'learning_rate': 1e-06, 'global_step': 6340, 'zo_forward_step': 12682, 'max_steps': 20000, 'max_zo_forward_steps': 0, 'time': 870, 'eps': 3e-05}
03/26/2026 01:14:56 - INFO - src.trainer -   {'loss': 0.937807559967041, 'learning_rate': 1e-06, 'global_step': 6350, 'zo_forward_step': 12702, 'max_steps': 20000, 'max_zo_forward_steps': 0, 'time': 871, 'eps': 3e-05}
03/26/2026 01:14:57 - INFO - src.trainer -   {'loss': 1.7128602266311646, 'learning_rate': 1e-06, 'global_step': 6360, 'zo_forward_step': 12722, 'max_steps': 20000, 'max_zo_forward_steps': 0, 'time': 872, 'eps': 3e-05}
03/26/2026 01:14:58 - INFO - src.trainer -   {'loss': 1.6135690212249756, 'learning_rate': 1e-06, 'global_step': 6370, 'zo_forward_step': 12742, 'max_steps': 20000, 'max_zo_forward_steps': 0, 'time': 873, 'eps': 3e-05}
03/26/2026 01:14:59 - INFO - src.trainer -   {'loss': 0.9162100553512573, 'learning_rate': 1e-06, 'global_step': 6380, 'zo_forward_step': 12762, 'max_steps': 20000, 'max_zo_forward_steps': 0, 'time': 874, 'eps': 3e-05}
03/26/2026 01:15:02 - INFO - src.trainer -   {'loss': 1.723412036895752, 'learning_rate': 1e-06, 'global_step': 6390, 'zo_forward_step': 12782, 'max_steps': 20000, 'max_zo_forward_steps': 0, 'time': 877, 'eps': 3e-05}
621it [14:14,  1.67s/it]632it [14:14,  1.13s/it]03/26/2026 01:15:03 - INFO - src.trainer -   {'eval_loss': 1.6059181690216064, 'eval_acc': 0.2125}
03/26/2026 01:15:06 - INFO - src.trainer -   [zo_probe] step=6400 eps=3.000e-05 precision=fp32 n=16 mae=4.961982e-02 rmse=1.185877e-01 sign_acc=1.0000 corr=0.999997
03/26/2026 01:15:06 - INFO - src.trainer -   {'loss': 1.6268852949142456, 'learning_rate': 1e-06, 'global_step': 6400, 'zo_forward_step': 12802, 'max_steps': 20000, 'max_zo_forward_steps': 0, 'time': 881, 'eps': 3e-05}
03/26/2026 01:15:07 - INFO - src.trainer -   {'loss': 0.9036045670509338, 'learning_rate': 1e-06, 'global_step': 6410, 'zo_forward_step': 12822, 'max_steps': 20000, 'max_zo_forward_steps': 0, 'time': 882, 'eps': 3e-05}
03/26/2026 01:15:09 - INFO - src.trainer -   {'loss': 1.7135303020477295, 'learning_rate': 1e-06, 'global_step': 6420, 'zo_forward_step': 12842, 'max_steps': 20000, 'max_zo_forward_steps': 0, 'time': 884, 'eps': 3e-05}
03/26/2026 01:15:10 - INFO - src.trainer -   {'loss': 1.6245241165161133, 'learning_rate': 1e-06, 'global_step': 6430, 'zo_forward_step': 12862, 'max_steps': 20000, 'max_zo_forward_steps': 0, 'time': 885, 'eps': 3e-05}
03/26/2026 01:15:11 - INFO - src.trainer -   {'loss': 0.9086593389511108, 'learning_rate': 1e-06, 'global_step': 6440, 'zo_forward_step': 12882, 'max_steps': 20000, 'max_zo_forward_steps': 0, 'time': 886, 'eps': 3e-05}
03/26/2026 01:15:12 - INFO - src.trainer -   {'loss': 1.7107101678848267, 'learning_rate': 1e-06, 'global_step': 6450, 'zo_forward_step': 12902, 'max_steps': 20000, 'max_zo_forward_steps': 0, 'time': 887, 'eps': 3e-05}
03/26/2026 01:15:13 - INFO - src.trainer -   {'loss': 1.6100778579711914, 'learning_rate': 1e-06, 'global_step': 6460, 'zo_forward_step': 12922, 'max_steps': 20000, 'max_zo_forward_steps': 0, 'time': 888, 'eps': 3e-05}
03/26/2026 01:15:14 - INFO - src.trainer -   {'loss': 0.9145536422729492, 'learning_rate': 1e-06, 'global_step': 6470, 'zo_forward_step': 12942, 'max_steps': 20000, 'max_zo_forward_steps': 0, 'time': 889, 'eps': 3e-05}
640it [14:26,  1.13s/it]03/26/2026 01:15:15 - INFO - src.trainer -   {'loss': 1.7144982814788818, 'learning_rate': 1e-06, 'global_step': 6480, 'zo_forward_step': 12962, 'max_steps': 20000, 'max_zo_forward_steps': 0, 'time': 890, 'eps': 3e-05}
03/26/2026 01:15:17 - INFO - src.trainer -   {'loss': 1.5779967308044434, 'learning_rate': 1e-06, 'global_step': 6490, 'zo_forward_step': 12982, 'max_steps': 20000, 'max_zo_forward_steps': 0, 'time': 892, 'eps': 3e-05}
03/26/2026 01:15:18 - INFO - src.trainer -   {'loss': 0.9265974760055542, 'learning_rate': 1e-06, 'global_step': 6500, 'zo_forward_step': 13002, 'max_steps': 20000, 'max_zo_forward_steps': 0, 'time': 893, 'eps': 3e-05}
03/26/2026 01:15:19 - INFO - src.trainer -   {'loss': 1.7373967170715332, 'learning_rate': 1e-06, 'global_step': 6510, 'zo_forward_step': 13022, 'max_steps': 20000, 'max_zo_forward_steps': 0, 'time': 894, 'eps': 3e-05}
03/26/2026 01:15:20 - INFO - src.trainer -   {'loss': 1.5753018856048584, 'learning_rate': 1e-06, 'global_step': 6520, 'zo_forward_step': 13042, 'max_steps': 20000, 'max_zo_forward_steps': 0, 'time': 895, 'eps': 3e-05}
03/26/2026 01:15:21 - INFO - src.trainer -   {'loss': 0.9187769293785095, 'learning_rate': 1e-06, 'global_step': 6530, 'zo_forward_step': 13062, 'max_steps': 20000, 'max_zo_forward_steps': 0, 'time': 896, 'eps': 3e-05}
03/26/2026 01:15:22 - INFO - src.trainer -   {'loss': 1.7291961908340454, 'learning_rate': 1e-06, 'global_step': 6540, 'zo_forward_step': 13082, 'max_steps': 20000, 'max_zo_forward_steps': 0, 'time': 897, 'eps': 3e-05}
03/26/2026 01:15:24 - INFO - src.trainer -   {'loss': 1.5701521635055542, 'learning_rate': 1e-06, 'global_step': 6550, 'zo_forward_step': 13102, 'max_steps': 20000, 'max_zo_forward_steps': 0, 'time': 898, 'eps': 3e-05}
03/26/2026 01:15:25 - INFO - src.trainer -   {'loss': 0.9379050731658936, 'learning_rate': 1e-06, 'global_step': 6560, 'zo_forward_step': 13122, 'max_steps': 20000, 'max_zo_forward_steps': 0, 'time': 900, 'eps': 3e-05}
03/26/2026 01:15:26 - INFO - src.trainer -   {'loss': 1.7138562202453613, 'learning_rate': 1e-06, 'global_step': 6570, 'zo_forward_step': 13142, 'max_steps': 20000, 'max_zo_forward_steps': 0, 'time': 901, 'eps': 3e-05}
03/26/2026 01:15:27 - INFO - src.trainer -   {'loss': 1.5619510412216187, 'learning_rate': 1e-06, 'global_step': 6580, 'zo_forward_step': 13162, 'max_steps': 20000, 'max_zo_forward_steps': 0, 'time': 902, 'eps': 3e-05}
03/26/2026 01:15:28 - INFO - src.trainer -   {'loss': 0.9439893960952759, 'learning_rate': 1e-06, 'global_step': 6590, 'zo_forward_step': 13182, 'max_steps': 20000, 'max_zo_forward_steps': 0, 'time': 903, 'eps': 3e-05}
641it [14:41,  1.62s/it]652it [14:41,  1.10s/it]03/26/2026 01:15:29 - INFO - src.trainer -   {'eval_loss': 1.5839606523513794, 'eval_acc': 0.2125}
03/26/2026 01:15:32 - INFO - src.trainer -   [zo_probe] step=6600 eps=3.000e-05 precision=fp32 n=16 mae=4.248053e-01 rmse=5.435162e-01 sign_acc=1.0000 corr=0.999949
03/26/2026 01:15:33 - INFO - src.trainer -   {'loss': 1.7073694467544556, 'learning_rate': 1e-06, 'global_step': 6600, 'zo_forward_step': 13202, 'max_steps': 20000, 'max_zo_forward_steps': 0, 'time': 907, 'eps': 3e-05}
03/26/2026 01:15:34 - INFO - src.trainer -   {'loss': 1.5661650896072388, 'learning_rate': 1e-06, 'global_step': 6610, 'zo_forward_step': 13222, 'max_steps': 20000, 'max_zo_forward_steps': 0, 'time': 909, 'eps': 3e-05}
03/26/2026 01:15:35 - INFO - src.trainer -   {'loss': 0.9570027589797974, 'learning_rate': 1e-06, 'global_step': 6620, 'zo_forward_step': 13242, 'max_steps': 20000, 'max_zo_forward_steps': 0, 'time': 910, 'eps': 3e-05}
03/26/2026 01:15:36 - INFO - src.trainer -   {'loss': 1.7104244232177734, 'learning_rate': 1e-06, 'global_step': 6630, 'zo_forward_step': 13262, 'max_steps': 20000, 'max_zo_forward_steps': 0, 'time': 911, 'eps': 3e-05}
03/26/2026 01:15:37 - INFO - src.trainer -   {'loss': 1.5502934455871582, 'learning_rate': 1e-06, 'global_step': 6640, 'zo_forward_step': 13282, 'max_steps': 20000, 'max_zo_forward_steps': 0, 'time': 912, 'eps': 3e-05}
03/26/2026 01:15:38 - INFO - src.trainer -   {'loss': 0.9709089994430542, 'learning_rate': 1e-06, 'global_step': 6650, 'zo_forward_step': 13302, 'max_steps': 20000, 'max_zo_forward_steps': 0, 'time': 913, 'eps': 3e-05}
03/26/2026 01:15:40 - INFO - src.trainer -   {'loss': 1.7151529788970947, 'learning_rate': 1e-06, 'global_step': 6660, 'zo_forward_step': 13322, 'max_steps': 20000, 'max_zo_forward_steps': 0, 'time': 915, 'eps': 3e-05}
03/26/2026 01:15:42 - INFO - src.trainer -   {'loss': 1.5470302104949951, 'learning_rate': 1e-06, 'global_step': 6670, 'zo_forward_step': 13342, 'max_steps': 20000, 'max_zo_forward_steps': 0, 'time': 917, 'eps': 3e-05}
03/26/2026 01:15:43 - INFO - src.trainer -   {'loss': 0.9577612280845642, 'learning_rate': 1e-06, 'global_step': 6680, 'zo_forward_step': 13362, 'max_steps': 20000, 'max_zo_forward_steps': 0, 'time': 918, 'eps': 3e-05}
660it [14:56,  1.10s/it]03/26/2026 01:15:45 - INFO - src.trainer -   {'loss': 1.7005609273910522, 'learning_rate': 1e-06, 'global_step': 6690, 'zo_forward_step': 13382, 'max_steps': 20000, 'max_zo_forward_steps': 0, 'time': 920, 'eps': 3e-05}
03/26/2026 01:15:47 - INFO - src.trainer -   {'loss': 1.5364269018173218, 'learning_rate': 1e-06, 'global_step': 6700, 'zo_forward_step': 13402, 'max_steps': 20000, 'max_zo_forward_steps': 0, 'time': 922, 'eps': 3e-05}
03/26/2026 01:15:48 - INFO - src.trainer -   {'loss': 0.9769501686096191, 'learning_rate': 1e-06, 'global_step': 6710, 'zo_forward_step': 13422, 'max_steps': 20000, 'max_zo_forward_steps': 0, 'time': 923, 'eps': 3e-05}
03/26/2026 01:15:50 - INFO - src.trainer -   {'loss': 1.7008962631225586, 'learning_rate': 1e-06, 'global_step': 6720, 'zo_forward_step': 13442, 'max_steps': 20000, 'max_zo_forward_steps': 0, 'time': 924, 'eps': 3e-05}
03/26/2026 01:15:51 - INFO - src.trainer -   {'loss': 1.5223844051361084, 'learning_rate': 1e-06, 'global_step': 6730, 'zo_forward_step': 13462, 'max_steps': 20000, 'max_zo_forward_steps': 0, 'time': 926, 'eps': 3e-05}
03/26/2026 01:15:52 - INFO - src.trainer -   {'loss': 0.9904637932777405, 'learning_rate': 1e-06, 'global_step': 6740, 'zo_forward_step': 13482, 'max_steps': 20000, 'max_zo_forward_steps': 0, 'time': 927, 'eps': 3e-05}
03/26/2026 01:15:54 - INFO - src.trainer -   {'loss': 1.682031512260437, 'learning_rate': 1e-06, 'global_step': 6750, 'zo_forward_step': 13502, 'max_steps': 20000, 'max_zo_forward_steps': 0, 'time': 928, 'eps': 3e-05}
03/26/2026 01:15:55 - INFO - src.trainer -   {'loss': 1.5275413990020752, 'learning_rate': 1e-06, 'global_step': 6760, 'zo_forward_step': 13522, 'max_steps': 20000, 'max_zo_forward_steps': 0, 'time': 930, 'eps': 3e-05}
03/26/2026 01:15:57 - INFO - src.trainer -   {'loss': 0.9815772175788879, 'learning_rate': 1e-06, 'global_step': 6770, 'zo_forward_step': 13542, 'max_steps': 20000, 'max_zo_forward_steps': 0, 'time': 932, 'eps': 3e-05}
03/26/2026 01:15:59 - INFO - src.trainer -   {'loss': 1.6821311712265015, 'learning_rate': 1e-06, 'global_step': 6780, 'zo_forward_step': 13562, 'max_steps': 20000, 'max_zo_forward_steps': 0, 'time': 934, 'eps': 3e-05}
03/26/2026 01:16:01 - INFO - src.trainer -   {'loss': 1.5302629470825195, 'learning_rate': 1e-06, 'global_step': 6790, 'zo_forward_step': 13582, 'max_steps': 20000, 'max_zo_forward_steps': 0, 'time': 936, 'eps': 3e-05}
661it [15:14,  1.82s/it]672it [15:14,  1.24s/it]03/26/2026 01:16:03 - INFO - src.trainer -   {'eval_loss': 1.5736196041107178, 'eval_acc': 0.2125}
03/26/2026 01:16:05 - INFO - src.trainer -   [zo_probe] step=6800 eps=3.000e-05 precision=fp32 n=16 mae=3.900960e-03 rmse=4.775150e-03 sign_acc=1.0000 corr=1.000000
03/26/2026 01:16:05 - INFO - src.trainer -   {'loss': 0.9884908199310303, 'learning_rate': 1e-06, 'global_step': 6800, 'zo_forward_step': 13602, 'max_steps': 20000, 'max_zo_forward_steps': 0, 'time': 940, 'eps': 3e-05}
03/26/2026 01:16:07 - INFO - src.trainer -   {'loss': 1.6691091060638428, 'learning_rate': 1e-06, 'global_step': 6810, 'zo_forward_step': 13622, 'max_steps': 20000, 'max_zo_forward_steps': 0, 'time': 941, 'eps': 3e-05}
03/26/2026 01:16:08 - INFO - src.trainer -   {'loss': 1.5292388200759888, 'learning_rate': 1e-06, 'global_step': 6820, 'zo_forward_step': 13642, 'max_steps': 20000, 'max_zo_forward_steps': 0, 'time': 943, 'eps': 3e-05}
03/26/2026 01:16:09 - INFO - src.trainer -   {'loss': 0.9884975552558899, 'learning_rate': 1e-06, 'global_step': 6830, 'zo_forward_step': 13662, 'max_steps': 20000, 'max_zo_forward_steps': 0, 'time': 944, 'eps': 3e-05}
03/26/2026 01:16:10 - INFO - src.trainer -   {'loss': 1.6657345294952393, 'learning_rate': 1e-06, 'global_step': 6840, 'zo_forward_step': 13682, 'max_steps': 20000, 'max_zo_forward_steps': 0, 'time': 945, 'eps': 3e-05}
03/26/2026 01:16:11 - INFO - src.trainer -   {'loss': 1.5256807804107666, 'learning_rate': 1e-06, 'global_step': 6850, 'zo_forward_step': 13702, 'max_steps': 20000, 'max_zo_forward_steps': 0, 'time': 946, 'eps': 3e-05}
03/26/2026 01:16:12 - INFO - src.trainer -   {'loss': 0.9954807162284851, 'learning_rate': 1e-06, 'global_step': 6860, 'zo_forward_step': 13722, 'max_steps': 20000, 'max_zo_forward_steps': 0, 'time': 947, 'eps': 3e-05}
03/26/2026 01:16:13 - INFO - src.trainer -   {'loss': 1.6565523147583008, 'learning_rate': 1e-06, 'global_step': 6870, 'zo_forward_step': 13742, 'max_steps': 20000, 'max_zo_forward_steps': 0, 'time': 948, 'eps': 3e-05}
03/26/2026 01:16:15 - INFO - src.trainer -   {'loss': 1.5262476205825806, 'learning_rate': 1e-06, 'global_step': 6880, 'zo_forward_step': 13762, 'max_steps': 20000, 'max_zo_forward_steps': 0, 'time': 949, 'eps': 3e-05}
680it [15:26,  1.24s/it]03/26/2026 01:16:16 - INFO - src.trainer -   {'loss': 0.9966182708740234, 'learning_rate': 1e-06, 'global_step': 6890, 'zo_forward_step': 13782, 'max_steps': 20000, 'max_zo_forward_steps': 0, 'time': 951, 'eps': 3e-05}
03/26/2026 01:16:17 - INFO - src.trainer -   {'loss': 1.634450912475586, 'learning_rate': 1e-06, 'global_step': 6900, 'zo_forward_step': 13802, 'max_steps': 20000, 'max_zo_forward_steps': 0, 'time': 952, 'eps': 3e-05}
03/26/2026 01:16:18 - INFO - src.trainer -   {'loss': 1.5460909605026245, 'learning_rate': 1e-06, 'global_step': 6910, 'zo_forward_step': 13822, 'max_steps': 20000, 'max_zo_forward_steps': 0, 'time': 953, 'eps': 3e-05}
03/26/2026 01:16:19 - INFO - src.trainer -   {'loss': 1.004002332687378, 'learning_rate': 1e-06, 'global_step': 6920, 'zo_forward_step': 13842, 'max_steps': 20000, 'max_zo_forward_steps': 0, 'time': 954, 'eps': 3e-05}
03/26/2026 01:16:20 - INFO - src.trainer -   {'loss': 1.6259284019470215, 'learning_rate': 1e-06, 'global_step': 6930, 'zo_forward_step': 13862, 'max_steps': 20000, 'max_zo_forward_steps': 0, 'time': 955, 'eps': 3e-05}
03/26/2026 01:16:21 - INFO - src.trainer -   {'loss': 1.5498758554458618, 'learning_rate': 1e-06, 'global_step': 6940, 'zo_forward_step': 13882, 'max_steps': 20000, 'max_zo_forward_steps': 0, 'time': 956, 'eps': 3e-05}
03/26/2026 01:16:23 - INFO - src.trainer -   {'loss': 1.0030713081359863, 'learning_rate': 1e-06, 'global_step': 6950, 'zo_forward_step': 13902, 'max_steps': 20000, 'max_zo_forward_steps': 0, 'time': 957, 'eps': 3e-05}
03/26/2026 01:16:24 - INFO - src.trainer -   {'loss': 1.6290218830108643, 'learning_rate': 1e-06, 'global_step': 6960, 'zo_forward_step': 13922, 'max_steps': 20000, 'max_zo_forward_steps': 0, 'time': 959, 'eps': 3e-05}
03/26/2026 01:16:25 - INFO - src.trainer -   {'loss': 1.5456563234329224, 'learning_rate': 1e-06, 'global_step': 6970, 'zo_forward_step': 13942, 'max_steps': 20000, 'max_zo_forward_steps': 0, 'time': 960, 'eps': 3e-05}
03/26/2026 01:16:26 - INFO - src.trainer -   {'loss': 1.0121523141860962, 'learning_rate': 1e-06, 'global_step': 6980, 'zo_forward_step': 13962, 'max_steps': 20000, 'max_zo_forward_steps': 0, 'time': 961, 'eps': 3e-05}
03/26/2026 01:16:27 - INFO - src.trainer -   {'loss': 1.625007152557373, 'learning_rate': 1e-06, 'global_step': 6990, 'zo_forward_step': 13982, 'max_steps': 20000, 'max_zo_forward_steps': 0, 'time': 962, 'eps': 3e-05}
681it [15:39,  1.66s/it]692it [15:40,  1.12s/it]03/26/2026 01:16:28 - INFO - src.trainer -   {'eval_loss': 1.5683971643447876, 'eval_acc': 0.2}
03/26/2026 01:16:31 - INFO - src.trainer -   [zo_probe] step=7000 eps=3.000e-05 precision=fp32 n=16 mae=4.458398e-03 rmse=5.660057e-03 sign_acc=1.0000 corr=1.000000
03/26/2026 01:16:31 - INFO - src.trainer -   {'loss': 1.5384224653244019, 'learning_rate': 1e-06, 'global_step': 7000, 'zo_forward_step': 14002, 'max_steps': 20000, 'max_zo_forward_steps': 0, 'time': 966, 'eps': 3e-05}
03/26/2026 01:16:32 - INFO - src.trainer -   {'loss': 1.0108505487442017, 'learning_rate': 1e-06, 'global_step': 7010, 'zo_forward_step': 14022, 'max_steps': 20000, 'max_zo_forward_steps': 0, 'time': 967, 'eps': 3e-05}
03/26/2026 01:16:34 - INFO - src.trainer -   {'loss': 1.6285006999969482, 'learning_rate': 1e-06, 'global_step': 7020, 'zo_forward_step': 14042, 'max_steps': 20000, 'max_zo_forward_steps': 0, 'time': 969, 'eps': 3e-05}
03/26/2026 01:16:35 - INFO - src.trainer -   {'loss': 1.535435438156128, 'learning_rate': 1e-06, 'global_step': 7030, 'zo_forward_step': 14062, 'max_steps': 20000, 'max_zo_forward_steps': 0, 'time': 970, 'eps': 3e-05}
03/26/2026 01:16:36 - INFO - src.trainer -   {'loss': 0.9922451972961426, 'learning_rate': 1e-06, 'global_step': 7040, 'zo_forward_step': 14082, 'max_steps': 20000, 'max_zo_forward_steps': 0, 'time': 971, 'eps': 3e-05}
03/26/2026 01:16:37 - INFO - src.trainer -   {'loss': 1.6403292417526245, 'learning_rate': 1e-06, 'global_step': 7050, 'zo_forward_step': 14102, 'max_steps': 20000, 'max_zo_forward_steps': 0, 'time': 972, 'eps': 3e-05}
03/26/2026 01:16:38 - INFO - src.trainer -   {'loss': 1.5445466041564941, 'learning_rate': 1e-06, 'global_step': 7060, 'zo_forward_step': 14122, 'max_steps': 20000, 'max_zo_forward_steps': 0, 'time': 973, 'eps': 3e-05}
03/26/2026 01:16:39 - INFO - src.trainer -   {'loss': 0.9912824630737305, 'learning_rate': 1e-06, 'global_step': 7070, 'zo_forward_step': 14142, 'max_steps': 20000, 'max_zo_forward_steps': 0, 'time': 974, 'eps': 3e-05}
03/26/2026 01:16:41 - INFO - src.trainer -   {'loss': 1.6268597841262817, 'learning_rate': 1e-06, 'global_step': 7080, 'zo_forward_step': 14162, 'max_steps': 20000, 'max_zo_forward_steps': 0, 'time': 976, 'eps': 3e-05}
03/26/2026 01:16:42 - INFO - src.trainer -   {'loss': 1.5476534366607666, 'learning_rate': 1e-06, 'global_step': 7090, 'zo_forward_step': 14182, 'max_steps': 20000, 'max_zo_forward_steps': 0, 'time': 977, 'eps': 3e-05}
03/26/2026 01:16:43 - INFO - src.trainer -   {'loss': 0.9932038187980652, 'learning_rate': 1e-06, 'global_step': 7100, 'zo_forward_step': 14202, 'max_steps': 20000, 'max_zo_forward_steps': 0, 'time': 978, 'eps': 3e-05}
03/26/2026 01:16:44 - INFO - src.trainer -   {'loss': 1.6235568523406982, 'learning_rate': 1e-06, 'global_step': 7110, 'zo_forward_step': 14222, 'max_steps': 20000, 'max_zo_forward_steps': 0, 'time': 979, 'eps': 3e-05}
700it [15:56,  1.12s/it]03/26/2026 01:16:45 - INFO - src.trainer -   {'loss': 1.5473201274871826, 'learning_rate': 1e-06, 'global_step': 7120, 'zo_forward_step': 14242, 'max_steps': 20000, 'max_zo_forward_steps': 0, 'time': 980, 'eps': 3e-05}
03/26/2026 01:16:46 - INFO - src.trainer -   {'loss': 0.9996137619018555, 'learning_rate': 1e-06, 'global_step': 7130, 'zo_forward_step': 14262, 'max_steps': 20000, 'max_zo_forward_steps': 0, 'time': 981, 'eps': 3e-05}
03/26/2026 01:16:47 - INFO - src.trainer -   {'loss': 1.626349687576294, 'learning_rate': 1e-06, 'global_step': 7140, 'zo_forward_step': 14282, 'max_steps': 20000, 'max_zo_forward_steps': 0, 'time': 982, 'eps': 3e-05}
03/26/2026 01:16:49 - INFO - src.trainer -   {'loss': 1.5330743789672852, 'learning_rate': 1e-06, 'global_step': 7150, 'zo_forward_step': 14302, 'max_steps': 20000, 'max_zo_forward_steps': 0, 'time': 984, 'eps': 3e-05}
03/26/2026 01:16:50 - INFO - src.trainer -   {'loss': 1.017988920211792, 'learning_rate': 1e-06, 'global_step': 7160, 'zo_forward_step': 14322, 'max_steps': 20000, 'max_zo_forward_steps': 0, 'time': 985, 'eps': 3e-05}
03/26/2026 01:16:51 - INFO - src.trainer -   {'loss': 1.6192206144332886, 'learning_rate': 1e-06, 'global_step': 7170, 'zo_forward_step': 14342, 'max_steps': 20000, 'max_zo_forward_steps': 0, 'time': 986, 'eps': 3e-05}
03/26/2026 01:16:53 - INFO - src.trainer -   {'loss': 1.5269367694854736, 'learning_rate': 1e-06, 'global_step': 7180, 'zo_forward_step': 14362, 'max_steps': 20000, 'max_zo_forward_steps': 0, 'time': 987, 'eps': 3e-05}
03/26/2026 01:16:54 - INFO - src.trainer -   {'loss': 1.0103577375411987, 'learning_rate': 1e-06, 'global_step': 7190, 'zo_forward_step': 14382, 'max_steps': 20000, 'max_zo_forward_steps': 0, 'time': 989, 'eps': 3e-05}
701it [16:06,  1.62s/it]712it [16:06,  1.10s/it]03/26/2026 01:16:55 - INFO - src.trainer -   {'eval_loss': 1.565821886062622, 'eval_acc': 0.2125}
03/26/2026 01:16:58 - INFO - src.trainer -   [zo_probe] step=7200 eps=3.000e-05 precision=fp32 n=16 mae=1.200751e-02 rmse=2.282472e-02 sign_acc=1.0000 corr=1.000000
03/26/2026 01:16:58 - INFO - src.trainer -   {'loss': 1.6341174840927124, 'learning_rate': 1e-06, 'global_step': 7200, 'zo_forward_step': 14402, 'max_steps': 20000, 'max_zo_forward_steps': 0, 'time': 993, 'eps': 3e-05}
03/26/2026 01:16:59 - INFO - src.trainer -   {'loss': 1.5211575031280518, 'learning_rate': 1e-06, 'global_step': 7210, 'zo_forward_step': 14422, 'max_steps': 20000, 'max_zo_forward_steps': 0, 'time': 994, 'eps': 3e-05}
03/26/2026 01:17:00 - INFO - src.trainer -   {'loss': 1.0159626007080078, 'learning_rate': 1e-06, 'global_step': 7220, 'zo_forward_step': 14442, 'max_steps': 20000, 'max_zo_forward_steps': 0, 'time': 995, 'eps': 3e-05}
03/26/2026 01:17:01 - INFO - src.trainer -   {'loss': 1.6363064050674438, 'learning_rate': 1e-06, 'global_step': 7230, 'zo_forward_step': 14462, 'max_steps': 20000, 'max_zo_forward_steps': 0, 'time': 996, 'eps': 3e-05}
03/26/2026 01:17:02 - INFO - src.trainer -   {'loss': 1.5178327560424805, 'learning_rate': 1e-06, 'global_step': 7240, 'zo_forward_step': 14482, 'max_steps': 20000, 'max_zo_forward_steps': 0, 'time': 997, 'eps': 3e-05}
03/26/2026 01:17:04 - INFO - src.trainer -   {'loss': 1.019151210784912, 'learning_rate': 1e-06, 'global_step': 7250, 'zo_forward_step': 14502, 'max_steps': 20000, 'max_zo_forward_steps': 0, 'time': 999, 'eps': 3e-05}
03/26/2026 01:17:05 - INFO - src.trainer -   {'loss': 1.6234772205352783, 'learning_rate': 1e-06, 'global_step': 7260, 'zo_forward_step': 14522, 'max_steps': 20000, 'max_zo_forward_steps': 0, 'time': 1000, 'eps': 3e-05}
03/26/2026 01:17:06 - INFO - src.trainer -   {'loss': 1.5212305784225464, 'learning_rate': 1e-06, 'global_step': 7270, 'zo_forward_step': 14542, 'max_steps': 20000, 'max_zo_forward_steps': 0, 'time': 1001, 'eps': 3e-05}
03/26/2026 01:17:07 - INFO - src.trainer -   {'loss': 1.0171117782592773, 'learning_rate': 1e-06, 'global_step': 7280, 'zo_forward_step': 14562, 'max_steps': 20000, 'max_zo_forward_steps': 0, 'time': 1002, 'eps': 3e-05}
03/26/2026 01:17:08 - INFO - src.trainer -   {'loss': 1.6201144456863403, 'learning_rate': 1e-06, 'global_step': 7290, 'zo_forward_step': 14582, 'max_steps': 20000, 'max_zo_forward_steps': 0, 'time': 1003, 'eps': 3e-05}
03/26/2026 01:17:09 - INFO - src.trainer -   {'loss': 1.5167198181152344, 'learning_rate': 1e-06, 'global_step': 7300, 'zo_forward_step': 14602, 'max_steps': 20000, 'max_zo_forward_steps': 0, 'time': 1004, 'eps': 3e-05}
03/26/2026 01:17:10 - INFO - src.trainer -   {'loss': 1.0225292444229126, 'learning_rate': 1e-06, 'global_step': 7310, 'zo_forward_step': 14622, 'max_steps': 20000, 'max_zo_forward_steps': 0, 'time': 1005, 'eps': 3e-05}
03/26/2026 01:17:12 - INFO - src.trainer -   {'loss': 1.6086840629577637, 'learning_rate': 1e-06, 'global_step': 7320, 'zo_forward_step': 14642, 'max_steps': 20000, 'max_zo_forward_steps': 0, 'time': 1006, 'eps': 3e-05}
03/26/2026 01:17:13 - INFO - src.trainer -   {'loss': 1.5098111629486084, 'learning_rate': 1e-06, 'global_step': 7330, 'zo_forward_step': 14662, 'max_steps': 20000, 'max_zo_forward_steps': 0, 'time': 1008, 'eps': 3e-05}
03/26/2026 01:17:14 - INFO - src.trainer -   {'loss': 1.026110291481018, 'learning_rate': 1e-06, 'global_step': 7340, 'zo_forward_step': 14682, 'max_steps': 20000, 'max_zo_forward_steps': 0, 'time': 1009, 'eps': 3e-05}
720it [16:26,  1.10s/it]03/26/2026 01:17:15 - INFO - src.trainer -   {'loss': 1.6267486810684204, 'learning_rate': 1e-06, 'global_step': 7350, 'zo_forward_step': 14702, 'max_steps': 20000, 'max_zo_forward_steps': 0, 'time': 1010, 'eps': 3e-05}
03/26/2026 01:17:16 - INFO - src.trainer -   {'loss': 1.4941326379776, 'learning_rate': 1e-06, 'global_step': 7360, 'zo_forward_step': 14722, 'max_steps': 20000, 'max_zo_forward_steps': 0, 'time': 1011, 'eps': 3e-05}
03/26/2026 01:17:17 - INFO - src.trainer -   {'loss': 1.0242820978164673, 'learning_rate': 1e-06, 'global_step': 7370, 'zo_forward_step': 14742, 'max_steps': 20000, 'max_zo_forward_steps': 0, 'time': 1012, 'eps': 3e-05}
03/26/2026 01:17:19 - INFO - src.trainer -   {'loss': 1.6230320930480957, 'learning_rate': 1e-06, 'global_step': 7380, 'zo_forward_step': 14762, 'max_steps': 20000, 'max_zo_forward_steps': 0, 'time': 1013, 'eps': 3e-05}
03/26/2026 01:17:20 - INFO - src.trainer -   {'loss': 1.488813877105713, 'learning_rate': 1e-06, 'global_step': 7390, 'zo_forward_step': 14782, 'max_steps': 20000, 'max_zo_forward_steps': 0, 'time': 1015, 'eps': 3e-05}
721it [16:32,  1.59s/it]732it [16:32,  1.08s/it]03/26/2026 01:17:21 - INFO - src.trainer -   {'eval_loss': 1.5532381534576416, 'eval_acc': 0.2375}
03/26/2026 01:17:21 - INFO - src.trainer -   Best dev result: 0.2375
03/26/2026 01:17:23 - INFO - src.trainer -   [zo_probe] step=7400 eps=3.000e-05 precision=fp32 n=16 mae=3.331374e-03 rmse=4.087780e-03 sign_acc=1.0000 corr=1.000000
03/26/2026 01:17:23 - INFO - src.trainer -   {'loss': 1.0502467155456543, 'learning_rate': 1e-06, 'global_step': 7400, 'zo_forward_step': 14802, 'max_steps': 20000, 'max_zo_forward_steps': 0, 'time': 1018, 'eps': 3e-05}
03/26/2026 01:17:24 - INFO - src.trainer -   {'loss': 1.595314621925354, 'learning_rate': 1e-06, 'global_step': 7410, 'zo_forward_step': 14822, 'max_steps': 20000, 'max_zo_forward_steps': 0, 'time': 1019, 'eps': 3e-05}
03/26/2026 01:17:26 - INFO - src.trainer -   {'loss': 1.4862531423568726, 'learning_rate': 1e-06, 'global_step': 7420, 'zo_forward_step': 14842, 'max_steps': 20000, 'max_zo_forward_steps': 0, 'time': 1021, 'eps': 3e-05}
03/26/2026 01:17:27 - INFO - src.trainer -   {'loss': 1.0492346286773682, 'learning_rate': 1e-06, 'global_step': 7430, 'zo_forward_step': 14862, 'max_steps': 20000, 'max_zo_forward_steps': 0, 'time': 1022, 'eps': 3e-05}
03/26/2026 01:17:28 - INFO - src.trainer -   {'loss': 1.6020241975784302, 'learning_rate': 1e-06, 'global_step': 7440, 'zo_forward_step': 14882, 'max_steps': 20000, 'max_zo_forward_steps': 0, 'time': 1023, 'eps': 3e-05}
03/26/2026 01:17:29 - INFO - src.trainer -   {'loss': 1.5133957862854004, 'learning_rate': 1e-06, 'global_step': 7450, 'zo_forward_step': 14902, 'max_steps': 20000, 'max_zo_forward_steps': 0, 'time': 1024, 'eps': 3e-05}
03/26/2026 01:17:30 - INFO - src.trainer -   {'loss': 1.0350110530853271, 'learning_rate': 1e-06, 'global_step': 7460, 'zo_forward_step': 14922, 'max_steps': 20000, 'max_zo_forward_steps': 0, 'time': 1025, 'eps': 3e-05}
03/26/2026 01:17:31 - INFO - src.trainer -   {'loss': 1.6048274040222168, 'learning_rate': 1e-06, 'global_step': 7470, 'zo_forward_step': 14942, 'max_steps': 20000, 'max_zo_forward_steps': 0, 'time': 1026, 'eps': 3e-05}
03/26/2026 01:17:33 - INFO - src.trainer -   {'loss': 1.5097153186798096, 'learning_rate': 1e-06, 'global_step': 7480, 'zo_forward_step': 14962, 'max_steps': 20000, 'max_zo_forward_steps': 0, 'time': 1028, 'eps': 3e-05}
03/26/2026 01:17:34 - INFO - src.trainer -   {'loss': 1.0361676216125488, 'learning_rate': 1e-06, 'global_step': 7490, 'zo_forward_step': 14982, 'max_steps': 20000, 'max_zo_forward_steps': 0, 'time': 1029, 'eps': 3e-05}
740it [16:46,  1.08s/it]03/26/2026 01:17:35 - INFO - src.trainer -   {'loss': 1.5906524658203125, 'learning_rate': 1e-06, 'global_step': 7500, 'zo_forward_step': 15002, 'max_steps': 20000, 'max_zo_forward_steps': 0, 'time': 1030, 'eps': 3e-05}
03/26/2026 01:17:36 - INFO - src.trainer -   {'loss': 1.5243349075317383, 'learning_rate': 1e-06, 'global_step': 7510, 'zo_forward_step': 15022, 'max_steps': 20000, 'max_zo_forward_steps': 0, 'time': 1031, 'eps': 3e-05}
03/26/2026 01:17:37 - INFO - src.trainer -   {'loss': 1.0155043601989746, 'learning_rate': 1e-06, 'global_step': 7520, 'zo_forward_step': 15042, 'max_steps': 20000, 'max_zo_forward_steps': 0, 'time': 1032, 'eps': 3e-05}
03/26/2026 01:17:39 - INFO - src.trainer -   {'loss': 1.5821455717086792, 'learning_rate': 1e-06, 'global_step': 7530, 'zo_forward_step': 15062, 'max_steps': 20000, 'max_zo_forward_steps': 0, 'time': 1033, 'eps': 3e-05}
03/26/2026 01:17:40 - INFO - src.trainer -   {'loss': 1.5151872634887695, 'learning_rate': 1e-06, 'global_step': 7540, 'zo_forward_step': 15082, 'max_steps': 20000, 'max_zo_forward_steps': 0, 'time': 1035, 'eps': 3e-05}
03/26/2026 01:17:41 - INFO - src.trainer -   {'loss': 1.0336581468582153, 'learning_rate': 1e-06, 'global_step': 7550, 'zo_forward_step': 15102, 'max_steps': 20000, 'max_zo_forward_steps': 0, 'time': 1036, 'eps': 3e-05}
03/26/2026 01:17:42 - INFO - src.trainer -   {'loss': 1.5861599445343018, 'learning_rate': 1e-06, 'global_step': 7560, 'zo_forward_step': 15122, 'max_steps': 20000, 'max_zo_forward_steps': 0, 'time': 1037, 'eps': 3e-05}
03/26/2026 01:17:43 - INFO - src.trainer -   {'loss': 1.513244390487671, 'learning_rate': 1e-06, 'global_step': 7570, 'zo_forward_step': 15142, 'max_steps': 20000, 'max_zo_forward_steps': 0, 'time': 1038, 'eps': 3e-05}
03/26/2026 01:17:45 - INFO - src.trainer -   {'loss': 1.0350030660629272, 'learning_rate': 1e-06, 'global_step': 7580, 'zo_forward_step': 15162, 'max_steps': 20000, 'max_zo_forward_steps': 0, 'time': 1039, 'eps': 3e-05}
03/26/2026 01:17:46 - INFO - src.trainer -   {'loss': 1.5830572843551636, 'learning_rate': 1e-06, 'global_step': 7590, 'zo_forward_step': 15182, 'max_steps': 20000, 'max_zo_forward_steps': 0, 'time': 1041, 'eps': 3e-05}
741it [16:58,  1.57s/it]752it [16:58,  1.07s/it]03/26/2026 01:17:47 - INFO - src.trainer -   {'eval_loss': 1.5506384372711182, 'eval_acc': 0.225}
03/26/2026 01:17:50 - INFO - src.trainer -   [zo_probe] step=7600 eps=3.000e-05 precision=fp32 n=16 mae=5.112872e-03 rmse=5.475511e-03 sign_acc=1.0000 corr=1.000000
03/26/2026 01:17:50 - INFO - src.trainer -   {'loss': 1.5211976766586304, 'learning_rate': 1e-06, 'global_step': 7600, 'zo_forward_step': 15202, 'max_steps': 20000, 'max_zo_forward_steps': 0, 'time': 1045, 'eps': 3e-05}
03/26/2026 01:17:51 - INFO - src.trainer -   {'loss': 1.0217039585113525, 'learning_rate': 1e-06, 'global_step': 7610, 'zo_forward_step': 15222, 'max_steps': 20000, 'max_zo_forward_steps': 0, 'time': 1046, 'eps': 3e-05}
03/26/2026 01:17:52 - INFO - src.trainer -   {'loss': 1.5902057886123657, 'learning_rate': 1e-06, 'global_step': 7620, 'zo_forward_step': 15242, 'max_steps': 20000, 'max_zo_forward_steps': 0, 'time': 1047, 'eps': 3e-05}
03/26/2026 01:17:53 - INFO - src.trainer -   {'loss': 1.5216484069824219, 'learning_rate': 1e-06, 'global_step': 7630, 'zo_forward_step': 15262, 'max_steps': 20000, 'max_zo_forward_steps': 0, 'time': 1048, 'eps': 3e-05}
03/26/2026 01:17:54 - INFO - src.trainer -   {'loss': 1.0427463054656982, 'learning_rate': 1e-06, 'global_step': 7640, 'zo_forward_step': 15282, 'max_steps': 20000, 'max_zo_forward_steps': 0, 'time': 1049, 'eps': 3e-05}
03/26/2026 01:17:56 - INFO - src.trainer -   {'loss': 1.5703555345535278, 'learning_rate': 1e-06, 'global_step': 7650, 'zo_forward_step': 15302, 'max_steps': 20000, 'max_zo_forward_steps': 0, 'time': 1051, 'eps': 3e-05}
03/26/2026 01:17:57 - INFO - src.trainer -   {'loss': 1.5276210308074951, 'learning_rate': 1e-06, 'global_step': 7660, 'zo_forward_step': 15322, 'max_steps': 20000, 'max_zo_forward_steps': 0, 'time': 1052, 'eps': 3e-05}
03/26/2026 01:17:58 - INFO - src.trainer -   {'loss': 1.0269179344177246, 'learning_rate': 1e-06, 'global_step': 7670, 'zo_forward_step': 15342, 'max_steps': 20000, 'max_zo_forward_steps': 0, 'time': 1053, 'eps': 3e-05}
03/26/2026 01:17:59 - INFO - src.trainer -   {'loss': 1.5779221057891846, 'learning_rate': 1e-06, 'global_step': 7680, 'zo_forward_step': 15362, 'max_steps': 20000, 'max_zo_forward_steps': 0, 'time': 1054, 'eps': 3e-05}
03/26/2026 01:18:00 - INFO - src.trainer -   {'loss': 1.529342770576477, 'learning_rate': 1e-06, 'global_step': 7690, 'zo_forward_step': 15382, 'max_steps': 20000, 'max_zo_forward_steps': 0, 'time': 1055, 'eps': 3e-05}
03/26/2026 01:18:02 - INFO - src.trainer -   {'loss': 1.0245530605316162, 'learning_rate': 1e-06, 'global_step': 7700, 'zo_forward_step': 15402, 'max_steps': 20000, 'max_zo_forward_steps': 0, 'time': 1056, 'eps': 3e-05}
03/26/2026 01:18:03 - INFO - src.trainer -   {'loss': 1.5676054954528809, 'learning_rate': 1e-06, 'global_step': 7710, 'zo_forward_step': 15422, 'max_steps': 20000, 'max_zo_forward_steps': 0, 'time': 1058, 'eps': 3e-05}
03/26/2026 01:18:04 - INFO - src.trainer -   {'loss': 1.542927622795105, 'learning_rate': 1e-06, 'global_step': 7720, 'zo_forward_step': 15442, 'max_steps': 20000, 'max_zo_forward_steps': 0, 'time': 1059, 'eps': 3e-05}
760it [17:16,  1.07s/it]03/26/2026 01:18:05 - INFO - src.trainer -   {'loss': 1.023125171661377, 'learning_rate': 1e-06, 'global_step': 7730, 'zo_forward_step': 15462, 'max_steps': 20000, 'max_zo_forward_steps': 0, 'time': 1060, 'eps': 3e-05}
03/26/2026 01:18:06 - INFO - src.trainer -   {'loss': 1.5772112607955933, 'learning_rate': 1e-06, 'global_step': 7740, 'zo_forward_step': 15482, 'max_steps': 20000, 'max_zo_forward_steps': 0, 'time': 1061, 'eps': 3e-05}
03/26/2026 01:18:07 - INFO - src.trainer -   {'loss': 1.5238122940063477, 'learning_rate': 1e-06, 'global_step': 7750, 'zo_forward_step': 15502, 'max_steps': 20000, 'max_zo_forward_steps': 0, 'time': 1062, 'eps': 3e-05}
03/26/2026 01:18:08 - INFO - src.trainer -   {'loss': 0.9966813921928406, 'learning_rate': 1e-06, 'global_step': 7760, 'zo_forward_step': 15522, 'max_steps': 20000, 'max_zo_forward_steps': 0, 'time': 1063, 'eps': 3e-05}
03/26/2026 01:18:10 - INFO - src.trainer -   {'loss': 1.5791836977005005, 'learning_rate': 1e-06, 'global_step': 7770, 'zo_forward_step': 15542, 'max_steps': 20000, 'max_zo_forward_steps': 0, 'time': 1065, 'eps': 3e-05}
03/26/2026 01:18:11 - INFO - src.trainer -   {'loss': 1.5293972492218018, 'learning_rate': 1e-06, 'global_step': 7780, 'zo_forward_step': 15562, 'max_steps': 20000, 'max_zo_forward_steps': 0, 'time': 1066, 'eps': 3e-05}
03/26/2026 01:18:12 - INFO - src.trainer -   {'loss': 1.0123015642166138, 'learning_rate': 1e-06, 'global_step': 7790, 'zo_forward_step': 15582, 'max_steps': 20000, 'max_zo_forward_steps': 0, 'time': 1067, 'eps': 3e-05}
761it [17:24,  1.57s/it]772it [17:24,  1.06s/it]03/26/2026 01:18:13 - INFO - src.trainer -   {'eval_loss': 1.5482038259506226, 'eval_acc': 0.25}
03/26/2026 01:18:13 - INFO - src.trainer -   Best dev result: 0.25
03/26/2026 01:18:16 - INFO - src.trainer -   [zo_probe] step=7800 eps=3.000e-05 precision=fp32 n=16 mae=4.175447e-03 rmse=5.541089e-03 sign_acc=1.0000 corr=1.000000
03/26/2026 01:18:16 - INFO - src.trainer -   {'loss': 1.5750648975372314, 'learning_rate': 1e-06, 'global_step': 7800, 'zo_forward_step': 15602, 'max_steps': 20000, 'max_zo_forward_steps': 0, 'time': 1071, 'eps': 3e-05}
03/26/2026 01:18:18 - INFO - src.trainer -   {'loss': 1.523759365081787, 'learning_rate': 1e-06, 'global_step': 7810, 'zo_forward_step': 15622, 'max_steps': 20000, 'max_zo_forward_steps': 0, 'time': 1073, 'eps': 3e-05}
03/26/2026 01:18:19 - INFO - src.trainer -   {'loss': 1.0015819072723389, 'learning_rate': 1e-06, 'global_step': 7820, 'zo_forward_step': 15642, 'max_steps': 20000, 'max_zo_forward_steps': 0, 'time': 1074, 'eps': 3e-05}
03/26/2026 01:18:20 - INFO - src.trainer -   {'loss': 1.575458288192749, 'learning_rate': 1e-06, 'global_step': 7830, 'zo_forward_step': 15662, 'max_steps': 20000, 'max_zo_forward_steps': 0, 'time': 1075, 'eps': 3e-05}
03/26/2026 01:18:21 - INFO - src.trainer -   {'loss': 1.52293860912323, 'learning_rate': 1e-06, 'global_step': 7840, 'zo_forward_step': 15682, 'max_steps': 20000, 'max_zo_forward_steps': 0, 'time': 1076, 'eps': 3e-05}
03/26/2026 01:18:22 - INFO - src.trainer -   {'loss': 1.001157522201538, 'learning_rate': 1e-06, 'global_step': 7850, 'zo_forward_step': 15702, 'max_steps': 20000, 'max_zo_forward_steps': 0, 'time': 1077, 'eps': 3e-05}
03/26/2026 01:18:24 - INFO - src.trainer -   {'loss': 1.5680804252624512, 'learning_rate': 1e-06, 'global_step': 7860, 'zo_forward_step': 15722, 'max_steps': 20000, 'max_zo_forward_steps': 0, 'time': 1078, 'eps': 3e-05}
780it [17:36,  1.06s/it]03/26/2026 01:18:25 - INFO - src.trainer -   {'loss': 1.5294065475463867, 'learning_rate': 1e-06, 'global_step': 7870, 'zo_forward_step': 15742, 'max_steps': 20000, 'max_zo_forward_steps': 0, 'time': 1080, 'eps': 3e-05}
03/26/2026 01:18:26 - INFO - src.trainer -   {'loss': 1.0164906978607178, 'learning_rate': 1e-06, 'global_step': 7880, 'zo_forward_step': 15762, 'max_steps': 20000, 'max_zo_forward_steps': 0, 'time': 1081, 'eps': 3e-05}
03/26/2026 01:18:27 - INFO - src.trainer -   {'loss': 1.5666154623031616, 'learning_rate': 1e-06, 'global_step': 7890, 'zo_forward_step': 15782, 'max_steps': 20000, 'max_zo_forward_steps': 0, 'time': 1082, 'eps': 3e-05}
03/26/2026 01:18:28 - INFO - src.trainer -   {'loss': 1.5333088636398315, 'learning_rate': 1e-06, 'global_step': 7900, 'zo_forward_step': 15802, 'max_steps': 20000, 'max_zo_forward_steps': 0, 'time': 1083, 'eps': 3e-05}
03/26/2026 01:18:29 - INFO - src.trainer -   {'loss': 0.9859842658042908, 'learning_rate': 1e-06, 'global_step': 7910, 'zo_forward_step': 15822, 'max_steps': 20000, 'max_zo_forward_steps': 0, 'time': 1084, 'eps': 3e-05}
03/26/2026 01:18:30 - INFO - src.trainer -   {'loss': 1.5746469497680664, 'learning_rate': 1e-06, 'global_step': 7920, 'zo_forward_step': 15842, 'max_steps': 20000, 'max_zo_forward_steps': 0, 'time': 1085, 'eps': 3e-05}
03/26/2026 01:18:32 - INFO - src.trainer -   {'loss': 1.5394843816757202, 'learning_rate': 1e-06, 'global_step': 7930, 'zo_forward_step': 15862, 'max_steps': 20000, 'max_zo_forward_steps': 0, 'time': 1087, 'eps': 3e-05}
03/26/2026 01:18:33 - INFO - src.trainer -   {'loss': 0.9694810509681702, 'learning_rate': 1e-06, 'global_step': 7940, 'zo_forward_step': 15882, 'max_steps': 20000, 'max_zo_forward_steps': 0, 'time': 1088, 'eps': 3e-05}
03/26/2026 01:18:34 - INFO - src.trainer -   {'loss': 1.5777323246002197, 'learning_rate': 1e-06, 'global_step': 7950, 'zo_forward_step': 15902, 'max_steps': 20000, 'max_zo_forward_steps': 0, 'time': 1089, 'eps': 3e-05}
03/26/2026 01:18:35 - INFO - src.trainer -   {'loss': 1.5415407419204712, 'learning_rate': 1e-06, 'global_step': 7960, 'zo_forward_step': 15922, 'max_steps': 20000, 'max_zo_forward_steps': 0, 'time': 1090, 'eps': 3e-05}
03/26/2026 01:18:36 - INFO - src.trainer -   {'loss': 0.9513300061225891, 'learning_rate': 1e-06, 'global_step': 7970, 'zo_forward_step': 15942, 'max_steps': 20000, 'max_zo_forward_steps': 0, 'time': 1091, 'eps': 3e-05}
03/26/2026 01:18:38 - INFO - src.trainer -   {'loss': 1.5910959243774414, 'learning_rate': 1e-06, 'global_step': 7980, 'zo_forward_step': 15962, 'max_steps': 20000, 'max_zo_forward_steps': 0, 'time': 1093, 'eps': 3e-05}
03/26/2026 01:18:41 - INFO - src.trainer -   {'loss': 1.5522503852844238, 'learning_rate': 1e-06, 'global_step': 7990, 'zo_forward_step': 15982, 'max_steps': 20000, 'max_zo_forward_steps': 0, 'time': 1096, 'eps': 3e-05}
781it [17:54,  1.67s/it]792it [17:54,  1.13s/it]03/26/2026 01:18:43 - INFO - src.trainer -   {'eval_loss': 1.5531504154205322, 'eval_acc': 0.2375}
03/26/2026 01:18:45 - INFO - src.trainer -   [zo_probe] step=8000 eps=3.000e-05 precision=fp32 n=16 mae=9.621961e-02 rmse=1.704033e-01 sign_acc=1.0000 corr=0.999992
03/26/2026 01:18:45 - INFO - src.trainer -   {'loss': 0.9324043393135071, 'learning_rate': 1e-06, 'global_step': 8000, 'zo_forward_step': 16002, 'max_steps': 20000, 'max_zo_forward_steps': 0, 'time': 1100, 'eps': 3e-05}
03/26/2026 01:18:46 - INFO - src.trainer -   {'loss': 1.5971826314926147, 'learning_rate': 1e-06, 'global_step': 8010, 'zo_forward_step': 16022, 'max_steps': 20000, 'max_zo_forward_steps': 0, 'time': 1101, 'eps': 3e-05}
03/26/2026 01:18:47 - INFO - src.trainer -   {'loss': 1.5613620281219482, 'learning_rate': 1e-06, 'global_step': 8020, 'zo_forward_step': 16042, 'max_steps': 20000, 'max_zo_forward_steps': 0, 'time': 1102, 'eps': 3e-05}
03/26/2026 01:18:50 - INFO - src.trainer -   {'loss': 0.9114385843276978, 'learning_rate': 1e-06, 'global_step': 8030, 'zo_forward_step': 16062, 'max_steps': 20000, 'max_zo_forward_steps': 0, 'time': 1105, 'eps': 3e-05}
03/26/2026 01:18:51 - INFO - src.trainer -   {'loss': 1.5955806970596313, 'learning_rate': 1e-06, 'global_step': 8040, 'zo_forward_step': 16082, 'max_steps': 20000, 'max_zo_forward_steps': 0, 'time': 1106, 'eps': 3e-05}
03/26/2026 01:18:52 - INFO - src.trainer -   {'loss': 1.557673692703247, 'learning_rate': 1e-06, 'global_step': 8050, 'zo_forward_step': 16102, 'max_steps': 20000, 'max_zo_forward_steps': 0, 'time': 1107, 'eps': 3e-05}
03/26/2026 01:18:53 - INFO - src.trainer -   {'loss': 0.9322261810302734, 'learning_rate': 1e-06, 'global_step': 8060, 'zo_forward_step': 16122, 'max_steps': 20000, 'max_zo_forward_steps': 0, 'time': 1108, 'eps': 3e-05}
03/26/2026 01:18:54 - INFO - src.trainer -   {'loss': 1.5804920196533203, 'learning_rate': 1e-06, 'global_step': 8070, 'zo_forward_step': 16142, 'max_steps': 20000, 'max_zo_forward_steps': 0, 'time': 1109, 'eps': 3e-05}
800it [18:06,  1.13s/it]03/26/2026 01:18:56 - INFO - src.trainer -   {'loss': 1.5597834587097168, 'learning_rate': 1e-06, 'global_step': 8080, 'zo_forward_step': 16162, 'max_steps': 20000, 'max_zo_forward_steps': 0, 'time': 1111, 'eps': 3e-05}
03/26/2026 01:18:58 - INFO - src.trainer -   {'loss': 0.9292804002761841, 'learning_rate': 1e-06, 'global_step': 8090, 'zo_forward_step': 16182, 'max_steps': 20000, 'max_zo_forward_steps': 0, 'time': 1113, 'eps': 3e-05}
03/26/2026 01:18:59 - INFO - src.trainer -   {'loss': 1.5854653120040894, 'learning_rate': 1e-06, 'global_step': 8100, 'zo_forward_step': 16202, 'max_steps': 20000, 'max_zo_forward_steps': 0, 'time': 1114, 'eps': 3e-05}
03/26/2026 01:19:01 - INFO - src.trainer -   {'loss': 1.5633182525634766, 'learning_rate': 1e-06, 'global_step': 8110, 'zo_forward_step': 16222, 'max_steps': 20000, 'max_zo_forward_steps': 0, 'time': 1116, 'eps': 3e-05}
03/26/2026 01:19:02 - INFO - src.trainer -   {'loss': 0.9194798469543457, 'learning_rate': 1e-06, 'global_step': 8120, 'zo_forward_step': 16242, 'max_steps': 20000, 'max_zo_forward_steps': 0, 'time': 1117, 'eps': 3e-05}
03/26/2026 01:19:03 - INFO - src.trainer -   {'loss': 1.576755166053772, 'learning_rate': 1e-06, 'global_step': 8130, 'zo_forward_step': 16262, 'max_steps': 20000, 'max_zo_forward_steps': 0, 'time': 1118, 'eps': 3e-05}
03/26/2026 01:19:04 - INFO - src.trainer -   {'loss': 1.5644747018814087, 'learning_rate': 1e-06, 'global_step': 8140, 'zo_forward_step': 16282, 'max_steps': 20000, 'max_zo_forward_steps': 0, 'time': 1119, 'eps': 3e-05}
03/26/2026 01:19:06 - INFO - src.trainer -   {'loss': 0.937267541885376, 'learning_rate': 1e-06, 'global_step': 8150, 'zo_forward_step': 16302, 'max_steps': 20000, 'max_zo_forward_steps': 0, 'time': 1121, 'eps': 3e-05}
03/26/2026 01:19:07 - INFO - src.trainer -   {'loss': 1.5639811754226685, 'learning_rate': 1e-06, 'global_step': 8160, 'zo_forward_step': 16322, 'max_steps': 20000, 'max_zo_forward_steps': 0, 'time': 1122, 'eps': 3e-05}
03/26/2026 01:19:08 - INFO - src.trainer -   {'loss': 1.5488064289093018, 'learning_rate': 1e-06, 'global_step': 8170, 'zo_forward_step': 16342, 'max_steps': 20000, 'max_zo_forward_steps': 0, 'time': 1123, 'eps': 3e-05}
03/26/2026 01:19:09 - INFO - src.trainer -   {'loss': 0.9557406902313232, 'learning_rate': 1e-06, 'global_step': 8180, 'zo_forward_step': 16362, 'max_steps': 20000, 'max_zo_forward_steps': 0, 'time': 1124, 'eps': 3e-05}
03/26/2026 01:19:11 - INFO - src.trainer -   {'loss': 1.5572082996368408, 'learning_rate': 1e-06, 'global_step': 8190, 'zo_forward_step': 16382, 'max_steps': 20000, 'max_zo_forward_steps': 0, 'time': 1126, 'eps': 3e-05}
801it [18:24,  1.73s/it]812it [18:24,  1.17s/it]03/26/2026 01:19:13 - INFO - src.trainer -   {'eval_loss': 1.5441780090332031, 'eval_acc': 0.2625}
03/26/2026 01:19:13 - INFO - src.trainer -   Best dev result: 0.2625
03/26/2026 01:19:16 - INFO - src.trainer -   [zo_probe] step=8200 eps=3.000e-05 precision=fp32 n=16 mae=8.611798e-03 rmse=9.927631e-03 sign_acc=1.0000 corr=1.000000
03/26/2026 01:19:16 - INFO - src.trainer -   {'loss': 1.5378552675247192, 'learning_rate': 1e-06, 'global_step': 8200, 'zo_forward_step': 16402, 'max_steps': 20000, 'max_zo_forward_steps': 0, 'time': 1131, 'eps': 3e-05}
03/26/2026 01:19:17 - INFO - src.trainer -   {'loss': 0.9318021535873413, 'learning_rate': 1e-06, 'global_step': 8210, 'zo_forward_step': 16422, 'max_steps': 20000, 'max_zo_forward_steps': 0, 'time': 1132, 'eps': 3e-05}
03/26/2026 01:19:18 - INFO - src.trainer -   {'loss': 1.5808870792388916, 'learning_rate': 1e-06, 'global_step': 8220, 'zo_forward_step': 16442, 'max_steps': 20000, 'max_zo_forward_steps': 0, 'time': 1133, 'eps': 3e-05}
03/26/2026 01:19:19 - INFO - src.trainer -   {'loss': 1.5250964164733887, 'learning_rate': 1e-06, 'global_step': 8230, 'zo_forward_step': 16462, 'max_steps': 20000, 'max_zo_forward_steps': 0, 'time': 1134, 'eps': 3e-05}
03/26/2026 01:19:20 - INFO - src.trainer -   {'loss': 0.9214800596237183, 'learning_rate': 1e-06, 'global_step': 8240, 'zo_forward_step': 16482, 'max_steps': 20000, 'max_zo_forward_steps': 0, 'time': 1135, 'eps': 3e-05}
03/26/2026 01:19:23 - INFO - src.trainer -   {'loss': 1.6208317279815674, 'learning_rate': 1e-06, 'global_step': 8250, 'zo_forward_step': 16502, 'max_steps': 20000, 'max_zo_forward_steps': 0, 'time': 1138, 'eps': 3e-05}
03/26/2026 01:19:24 - INFO - src.trainer -   {'loss': 1.5428210496902466, 'learning_rate': 1e-06, 'global_step': 8260, 'zo_forward_step': 16522, 'max_steps': 20000, 'max_zo_forward_steps': 0, 'time': 1139, 'eps': 3e-05}
820it [18:36,  1.17s/it]03/26/2026 01:19:26 - INFO - src.trainer -   {'loss': 0.902314305305481, 'learning_rate': 1e-06, 'global_step': 8270, 'zo_forward_step': 16542, 'max_steps': 20000, 'max_zo_forward_steps': 0, 'time': 1141, 'eps': 3e-05}
03/26/2026 01:19:27 - INFO - src.trainer -   {'loss': 1.5983046293258667, 'learning_rate': 1e-06, 'global_step': 8280, 'zo_forward_step': 16562, 'max_steps': 20000, 'max_zo_forward_steps': 0, 'time': 1142, 'eps': 3e-05}
03/26/2026 01:19:28 - INFO - src.trainer -   {'loss': 1.5488790273666382, 'learning_rate': 1e-06, 'global_step': 8290, 'zo_forward_step': 16582, 'max_steps': 20000, 'max_zo_forward_steps': 0, 'time': 1143, 'eps': 3e-05}
03/26/2026 01:19:29 - INFO - src.trainer -   {'loss': 0.9035195708274841, 'learning_rate': 1e-06, 'global_step': 8300, 'zo_forward_step': 16602, 'max_steps': 20000, 'max_zo_forward_steps': 0, 'time': 1144, 'eps': 3e-05}
03/26/2026 01:19:31 - INFO - src.trainer -   {'loss': 1.592450499534607, 'learning_rate': 1e-06, 'global_step': 8310, 'zo_forward_step': 16622, 'max_steps': 20000, 'max_zo_forward_steps': 0, 'time': 1145, 'eps': 3e-05}
03/26/2026 01:19:32 - INFO - src.trainer -   {'loss': 1.5315399169921875, 'learning_rate': 1e-06, 'global_step': 8320, 'zo_forward_step': 16642, 'max_steps': 20000, 'max_zo_forward_steps': 0, 'time': 1147, 'eps': 3e-05}
03/26/2026 01:19:33 - INFO - src.trainer -   {'loss': 0.9179625511169434, 'learning_rate': 1e-06, 'global_step': 8330, 'zo_forward_step': 16662, 'max_steps': 20000, 'max_zo_forward_steps': 0, 'time': 1148, 'eps': 3e-05}
03/26/2026 01:19:34 - INFO - src.trainer -   {'loss': 1.5975607633590698, 'learning_rate': 1e-06, 'global_step': 8340, 'zo_forward_step': 16682, 'max_steps': 20000, 'max_zo_forward_steps': 0, 'time': 1149, 'eps': 3e-05}
03/26/2026 01:19:35 - INFO - src.trainer -   {'loss': 1.5171564817428589, 'learning_rate': 1e-06, 'global_step': 8350, 'zo_forward_step': 16702, 'max_steps': 20000, 'max_zo_forward_steps': 0, 'time': 1150, 'eps': 3e-05}
03/26/2026 01:19:36 - INFO - src.trainer -   {'loss': 0.9170976877212524, 'learning_rate': 1e-06, 'global_step': 8360, 'zo_forward_step': 16722, 'max_steps': 20000, 'max_zo_forward_steps': 0, 'time': 1151, 'eps': 3e-05}
03/26/2026 01:19:37 - INFO - src.trainer -   {'loss': 1.5888203382492065, 'learning_rate': 1e-06, 'global_step': 8370, 'zo_forward_step': 16742, 'max_steps': 20000, 'max_zo_forward_steps': 0, 'time': 1152, 'eps': 3e-05}
03/26/2026 01:19:39 - INFO - src.trainer -   {'loss': 1.5205700397491455, 'learning_rate': 1e-06, 'global_step': 8380, 'zo_forward_step': 16762, 'max_steps': 20000, 'max_zo_forward_steps': 0, 'time': 1154, 'eps': 3e-05}
03/26/2026 01:19:41 - INFO - src.trainer -   {'loss': 0.9436733722686768, 'learning_rate': 1e-06, 'global_step': 8390, 'zo_forward_step': 16782, 'max_steps': 20000, 'max_zo_forward_steps': 0, 'time': 1156, 'eps': 3e-05}
821it [18:53,  1.75s/it]832it [18:53,  1.18s/it]03/26/2026 01:19:42 - INFO - src.trainer -   {'eval_loss': 1.5406049489974976, 'eval_acc': 0.275}
03/26/2026 01:19:42 - INFO - src.trainer -   Best dev result: 0.275
03/26/2026 01:19:45 - INFO - src.trainer -   [zo_probe] step=8400 eps=3.000e-05 precision=fp32 n=16 mae=3.284214e-03 rmse=3.944559e-03 sign_acc=1.0000 corr=1.000000
03/26/2026 01:19:45 - INFO - src.trainer -   {'loss': 1.5709011554718018, 'learning_rate': 1e-06, 'global_step': 8400, 'zo_forward_step': 16802, 'max_steps': 20000, 'max_zo_forward_steps': 0, 'time': 1160, 'eps': 3e-05}
03/26/2026 01:19:47 - INFO - src.trainer -   {'loss': 1.5310472249984741, 'learning_rate': 1e-06, 'global_step': 8410, 'zo_forward_step': 16822, 'max_steps': 20000, 'max_zo_forward_steps': 0, 'time': 1161, 'eps': 3e-05}
03/26/2026 01:19:48 - INFO - src.trainer -   {'loss': 0.9241381883621216, 'learning_rate': 1e-06, 'global_step': 8420, 'zo_forward_step': 16842, 'max_steps': 20000, 'max_zo_forward_steps': 0, 'time': 1163, 'eps': 3e-05}
03/26/2026 01:19:49 - INFO - src.trainer -   {'loss': 1.5745199918746948, 'learning_rate': 1e-06, 'global_step': 8430, 'zo_forward_step': 16862, 'max_steps': 20000, 'max_zo_forward_steps': 0, 'time': 1164, 'eps': 3e-05}
03/26/2026 01:19:50 - INFO - src.trainer -   {'loss': 1.5218489170074463, 'learning_rate': 1e-06, 'global_step': 8440, 'zo_forward_step': 16882, 'max_steps': 20000, 'max_zo_forward_steps': 0, 'time': 1165, 'eps': 3e-05}
03/26/2026 01:19:51 - INFO - src.trainer -   {'loss': 0.9181877374649048, 'learning_rate': 1e-06, 'global_step': 8450, 'zo_forward_step': 16902, 'max_steps': 20000, 'max_zo_forward_steps': 0, 'time': 1166, 'eps': 3e-05}
03/26/2026 01:19:52 - INFO - src.trainer -   {'loss': 1.5680700540542603, 'learning_rate': 1e-06, 'global_step': 8460, 'zo_forward_step': 16922, 'max_steps': 20000, 'max_zo_forward_steps': 0, 'time': 1167, 'eps': 3e-05}
03/26/2026 01:19:53 - INFO - src.trainer -   {'loss': 1.5200166702270508, 'learning_rate': 1e-06, 'global_step': 8470, 'zo_forward_step': 16942, 'max_steps': 20000, 'max_zo_forward_steps': 0, 'time': 1168, 'eps': 3e-05}
840it [19:06,  1.18s/it]03/26/2026 01:19:55 - INFO - src.trainer -   {'loss': 0.9244226813316345, 'learning_rate': 1e-06, 'global_step': 8480, 'zo_forward_step': 16962, 'max_steps': 20000, 'max_zo_forward_steps': 0, 'time': 1170, 'eps': 3e-05}
03/26/2026 01:19:56 - INFO - src.trainer -   {'loss': 1.5649000406265259, 'learning_rate': 1e-06, 'global_step': 8490, 'zo_forward_step': 16982, 'max_steps': 20000, 'max_zo_forward_steps': 0, 'time': 1171, 'eps': 3e-05}
03/26/2026 01:19:57 - INFO - src.trainer -   {'loss': 1.5072665214538574, 'learning_rate': 1e-06, 'global_step': 8500, 'zo_forward_step': 17002, 'max_steps': 20000, 'max_zo_forward_steps': 0, 'time': 1172, 'eps': 3e-05}
03/26/2026 01:19:58 - INFO - src.trainer -   {'loss': 0.9764634370803833, 'learning_rate': 1e-06, 'global_step': 8510, 'zo_forward_step': 17022, 'max_steps': 20000, 'max_zo_forward_steps': 0, 'time': 1173, 'eps': 3e-05}
03/26/2026 01:19:59 - INFO - src.trainer -   {'loss': 1.5456807613372803, 'learning_rate': 1e-06, 'global_step': 8520, 'zo_forward_step': 17042, 'max_steps': 20000, 'max_zo_forward_steps': 0, 'time': 1174, 'eps': 3e-05}
03/26/2026 01:20:00 - INFO - src.trainer -   {'loss': 1.502756118774414, 'learning_rate': 1e-06, 'global_step': 8530, 'zo_forward_step': 17062, 'max_steps': 20000, 'max_zo_forward_steps': 0, 'time': 1175, 'eps': 3e-05}
03/26/2026 01:20:02 - INFO - src.trainer -   {'loss': 0.9677726030349731, 'learning_rate': 1e-06, 'global_step': 8540, 'zo_forward_step': 17082, 'max_steps': 20000, 'max_zo_forward_steps': 0, 'time': 1176, 'eps': 3e-05}
03/26/2026 01:20:03 - INFO - src.trainer -   {'loss': 1.542776107788086, 'learning_rate': 1e-06, 'global_step': 8550, 'zo_forward_step': 17102, 'max_steps': 20000, 'max_zo_forward_steps': 0, 'time': 1178, 'eps': 3e-05}
03/26/2026 01:20:04 - INFO - src.trainer -   {'loss': 1.5015180110931396, 'learning_rate': 1e-06, 'global_step': 8560, 'zo_forward_step': 17122, 'max_steps': 20000, 'max_zo_forward_steps': 0, 'time': 1179, 'eps': 3e-05}
03/26/2026 01:20:05 - INFO - src.trainer -   {'loss': 0.9686110019683838, 'learning_rate': 1e-06, 'global_step': 8570, 'zo_forward_step': 17142, 'max_steps': 20000, 'max_zo_forward_steps': 0, 'time': 1180, 'eps': 3e-05}
03/26/2026 01:20:06 - INFO - src.trainer -   {'loss': 1.5484718084335327, 'learning_rate': 1e-06, 'global_step': 8580, 'zo_forward_step': 17162, 'max_steps': 20000, 'max_zo_forward_steps': 0, 'time': 1181, 'eps': 3e-05}
03/26/2026 01:20:07 - INFO - src.trainer -   {'loss': 1.4989104270935059, 'learning_rate': 1e-06, 'global_step': 8590, 'zo_forward_step': 17182, 'max_steps': 20000, 'max_zo_forward_steps': 0, 'time': 1182, 'eps': 3e-05}
841it [19:20,  1.66s/it]852it [19:20,  1.13s/it]03/26/2026 01:20:09 - INFO - src.trainer -   {'eval_loss': 1.5355587005615234, 'eval_acc': 0.275}
03/26/2026 01:20:11 - INFO - src.trainer -   [zo_probe] step=8600 eps=3.000e-05 precision=fp32 n=16 mae=3.944341e-03 rmse=4.952423e-03 sign_acc=1.0000 corr=1.000000
03/26/2026 01:20:11 - INFO - src.trainer -   {'loss': 0.9798339009284973, 'learning_rate': 1e-06, 'global_step': 8600, 'zo_forward_step': 17202, 'max_steps': 20000, 'max_zo_forward_steps': 0, 'time': 1186, 'eps': 3e-05}
03/26/2026 01:20:12 - INFO - src.trainer -   {'loss': 1.528394341468811, 'learning_rate': 1e-06, 'global_step': 8610, 'zo_forward_step': 17222, 'max_steps': 20000, 'max_zo_forward_steps': 0, 'time': 1187, 'eps': 3e-05}
03/26/2026 01:20:13 - INFO - src.trainer -   {'loss': 1.496802806854248, 'learning_rate': 1e-06, 'global_step': 8620, 'zo_forward_step': 17242, 'max_steps': 20000, 'max_zo_forward_steps': 0, 'time': 1188, 'eps': 3e-05}
03/26/2026 01:20:14 - INFO - src.trainer -   {'loss': 0.9945537447929382, 'learning_rate': 1e-06, 'global_step': 8630, 'zo_forward_step': 17262, 'max_steps': 20000, 'max_zo_forward_steps': 0, 'time': 1189, 'eps': 3e-05}
03/26/2026 01:20:15 - INFO - src.trainer -   {'loss': 1.520914077758789, 'learning_rate': 1e-06, 'global_step': 8640, 'zo_forward_step': 17282, 'max_steps': 20000, 'max_zo_forward_steps': 0, 'time': 1190, 'eps': 3e-05}
03/26/2026 01:20:16 - INFO - src.trainer -   {'loss': 1.485592246055603, 'learning_rate': 1e-06, 'global_step': 8650, 'zo_forward_step': 17302, 'max_steps': 20000, 'max_zo_forward_steps': 0, 'time': 1191, 'eps': 3e-05}
03/26/2026 01:20:18 - INFO - src.trainer -   {'loss': 1.0034888982772827, 'learning_rate': 1e-06, 'global_step': 8660, 'zo_forward_step': 17322, 'max_steps': 20000, 'max_zo_forward_steps': 0, 'time': 1192, 'eps': 3e-05}
03/26/2026 01:20:19 - INFO - src.trainer -   {'loss': 1.5164769887924194, 'learning_rate': 1e-06, 'global_step': 8670, 'zo_forward_step': 17342, 'max_steps': 20000, 'max_zo_forward_steps': 0, 'time': 1194, 'eps': 3e-05}
03/26/2026 01:20:20 - INFO - src.trainer -   {'loss': 1.48589289188385, 'learning_rate': 1e-06, 'global_step': 8680, 'zo_forward_step': 17362, 'max_steps': 20000, 'max_zo_forward_steps': 0, 'time': 1195, 'eps': 3e-05}
03/26/2026 01:20:21 - INFO - src.trainer -   {'loss': 0.9916335344314575, 'learning_rate': 1e-06, 'global_step': 8690, 'zo_forward_step': 17382, 'max_steps': 20000, 'max_zo_forward_steps': 0, 'time': 1196, 'eps': 3e-05}
03/26/2026 01:20:22 - INFO - src.trainer -   {'loss': 1.5232785940170288, 'learning_rate': 1e-06, 'global_step': 8700, 'zo_forward_step': 17402, 'max_steps': 20000, 'max_zo_forward_steps': 0, 'time': 1197, 'eps': 3e-05}
03/26/2026 01:20:24 - INFO - src.trainer -   {'loss': 1.4770764112472534, 'learning_rate': 1e-06, 'global_step': 8710, 'zo_forward_step': 17422, 'max_steps': 20000, 'max_zo_forward_steps': 0, 'time': 1198, 'eps': 3e-05}
860it [19:36,  1.13s/it]03/26/2026 01:20:25 - INFO - src.trainer -   {'loss': 1.0007123947143555, 'learning_rate': 1e-06, 'global_step': 8720, 'zo_forward_step': 17442, 'max_steps': 20000, 'max_zo_forward_steps': 0, 'time': 1200, 'eps': 3e-05}
03/26/2026 01:20:26 - INFO - src.trainer -   {'loss': 1.530288815498352, 'learning_rate': 1e-06, 'global_step': 8730, 'zo_forward_step': 17462, 'max_steps': 20000, 'max_zo_forward_steps': 0, 'time': 1201, 'eps': 3e-05}
03/26/2026 01:20:27 - INFO - src.trainer -   {'loss': 1.4789657592773438, 'learning_rate': 1e-06, 'global_step': 8740, 'zo_forward_step': 17482, 'max_steps': 20000, 'max_zo_forward_steps': 0, 'time': 1202, 'eps': 3e-05}
03/26/2026 01:20:28 - INFO - src.trainer -   {'loss': 1.0181940793991089, 'learning_rate': 1e-06, 'global_step': 8750, 'zo_forward_step': 17502, 'max_steps': 20000, 'max_zo_forward_steps': 0, 'time': 1203, 'eps': 3e-05}
03/26/2026 01:20:29 - INFO - src.trainer -   {'loss': 1.5300707817077637, 'learning_rate': 1e-06, 'global_step': 8760, 'zo_forward_step': 17522, 'max_steps': 20000, 'max_zo_forward_steps': 0, 'time': 1204, 'eps': 3e-05}
03/26/2026 01:20:30 - INFO - src.trainer -   {'loss': 1.468820333480835, 'learning_rate': 1e-06, 'global_step': 8770, 'zo_forward_step': 17542, 'max_steps': 20000, 'max_zo_forward_steps': 0, 'time': 1205, 'eps': 3e-05}
03/26/2026 01:20:32 - INFO - src.trainer -   {'loss': 1.01637864112854, 'learning_rate': 1e-06, 'global_step': 8780, 'zo_forward_step': 17562, 'max_steps': 20000, 'max_zo_forward_steps': 0, 'time': 1207, 'eps': 3e-05}
03/26/2026 01:20:33 - INFO - src.trainer -   {'loss': 1.5269330739974976, 'learning_rate': 1e-06, 'global_step': 8790, 'zo_forward_step': 17582, 'max_steps': 20000, 'max_zo_forward_steps': 0, 'time': 1208, 'eps': 3e-05}
861it [19:45,  1.59s/it]872it [19:45,  1.08s/it]03/26/2026 01:20:34 - INFO - src.trainer -   {'eval_loss': 1.5275697708129883, 'eval_acc': 0.3}
03/26/2026 01:20:34 - INFO - src.trainer -   Best dev result: 0.3
03/26/2026 01:20:37 - INFO - src.trainer -   [zo_probe] step=8800 eps=3.000e-05 precision=fp32 n=16 mae=4.529655e-03 rmse=5.907418e-03 sign_acc=1.0000 corr=1.000000
03/26/2026 01:20:37 - INFO - src.trainer -   {'loss': 1.4621524810791016, 'learning_rate': 1e-06, 'global_step': 8800, 'zo_forward_step': 17602, 'max_steps': 20000, 'max_zo_forward_steps': 0, 'time': 1212, 'eps': 3e-05}
03/26/2026 01:20:38 - INFO - src.trainer -   {'loss': 1.0203777551651, 'learning_rate': 1e-06, 'global_step': 8810, 'zo_forward_step': 17622, 'max_steps': 20000, 'max_zo_forward_steps': 0, 'time': 1213, 'eps': 3e-05}
03/26/2026 01:20:40 - INFO - src.trainer -   {'loss': 1.5208780765533447, 'learning_rate': 1e-06, 'global_step': 8820, 'zo_forward_step': 17642, 'max_steps': 20000, 'max_zo_forward_steps': 0, 'time': 1215, 'eps': 3e-05}
03/26/2026 01:20:41 - INFO - src.trainer -   {'loss': 1.4645768404006958, 'learning_rate': 1e-06, 'global_step': 8830, 'zo_forward_step': 17662, 'max_steps': 20000, 'max_zo_forward_steps': 0, 'time': 1216, 'eps': 3e-05}
03/26/2026 01:20:42 - INFO - src.trainer -   {'loss': 1.015457272529602, 'learning_rate': 1e-06, 'global_step': 8840, 'zo_forward_step': 17682, 'max_steps': 20000, 'max_zo_forward_steps': 0, 'time': 1217, 'eps': 3e-05}
03/26/2026 01:20:43 - INFO - src.trainer -   {'loss': 1.5173261165618896, 'learning_rate': 1e-06, 'global_step': 8850, 'zo_forward_step': 17702, 'max_steps': 20000, 'max_zo_forward_steps': 0, 'time': 1218, 'eps': 3e-05}
03/26/2026 01:20:44 - INFO - src.trainer -   {'loss': 1.4515682458877563, 'learning_rate': 1e-06, 'global_step': 8860, 'zo_forward_step': 17722, 'max_steps': 20000, 'max_zo_forward_steps': 0, 'time': 1219, 'eps': 3e-05}
880it [19:56,  1.08s/it]03/26/2026 01:20:45 - INFO - src.trainer -   {'loss': 1.0432664155960083, 'learning_rate': 1e-06, 'global_step': 8870, 'zo_forward_step': 17742, 'max_steps': 20000, 'max_zo_forward_steps': 0, 'time': 1220, 'eps': 3e-05}
03/26/2026 01:20:47 - INFO - src.trainer -   {'loss': 1.5162009000778198, 'learning_rate': 1e-06, 'global_step': 8880, 'zo_forward_step': 17762, 'max_steps': 20000, 'max_zo_forward_steps': 0, 'time': 1221, 'eps': 3e-05}
03/26/2026 01:20:48 - INFO - src.trainer -   {'loss': 1.4417681694030762, 'learning_rate': 1e-06, 'global_step': 8890, 'zo_forward_step': 17782, 'max_steps': 20000, 'max_zo_forward_steps': 0, 'time': 1223, 'eps': 3e-05}
03/26/2026 01:20:49 - INFO - src.trainer -   {'loss': 1.0355478525161743, 'learning_rate': 1e-06, 'global_step': 8900, 'zo_forward_step': 17802, 'max_steps': 20000, 'max_zo_forward_steps': 0, 'time': 1224, 'eps': 3e-05}
03/26/2026 01:20:50 - INFO - src.trainer -   {'loss': 1.5153000354766846, 'learning_rate': 1e-06, 'global_step': 8910, 'zo_forward_step': 17822, 'max_steps': 20000, 'max_zo_forward_steps': 0, 'time': 1225, 'eps': 3e-05}
03/26/2026 01:20:51 - INFO - src.trainer -   {'loss': 1.427773356437683, 'learning_rate': 1e-06, 'global_step': 8920, 'zo_forward_step': 17842, 'max_steps': 20000, 'max_zo_forward_steps': 0, 'time': 1226, 'eps': 3e-05}
03/26/2026 01:20:52 - INFO - src.trainer -   {'loss': 1.0567679405212402, 'learning_rate': 1e-06, 'global_step': 8930, 'zo_forward_step': 17862, 'max_steps': 20000, 'max_zo_forward_steps': 0, 'time': 1227, 'eps': 3e-05}
03/26/2026 01:20:54 - INFO - src.trainer -   {'loss': 1.5163443088531494, 'learning_rate': 1e-06, 'global_step': 8940, 'zo_forward_step': 17882, 'max_steps': 20000, 'max_zo_forward_steps': 0, 'time': 1228, 'eps': 3e-05}
03/26/2026 01:20:55 - INFO - src.trainer -   {'loss': 1.4276915788650513, 'learning_rate': 1e-06, 'global_step': 8950, 'zo_forward_step': 17902, 'max_steps': 20000, 'max_zo_forward_steps': 0, 'time': 1230, 'eps': 3e-05}
03/26/2026 01:20:56 - INFO - src.trainer -   {'loss': 1.0251353979110718, 'learning_rate': 1e-06, 'global_step': 8960, 'zo_forward_step': 17922, 'max_steps': 20000, 'max_zo_forward_steps': 0, 'time': 1231, 'eps': 3e-05}
03/26/2026 01:20:57 - INFO - src.trainer -   {'loss': 1.5280401706695557, 'learning_rate': 1e-06, 'global_step': 8970, 'zo_forward_step': 17942, 'max_steps': 20000, 'max_zo_forward_steps': 0, 'time': 1232, 'eps': 3e-05}
03/26/2026 01:20:58 - INFO - src.trainer -   {'loss': 1.4361586570739746, 'learning_rate': 1e-06, 'global_step': 8980, 'zo_forward_step': 17962, 'max_steps': 20000, 'max_zo_forward_steps': 0, 'time': 1233, 'eps': 3e-05}
03/26/2026 01:21:01 - INFO - src.trainer -   {'loss': 1.0099514722824097, 'learning_rate': 1e-06, 'global_step': 8990, 'zo_forward_step': 17982, 'max_steps': 20000, 'max_zo_forward_steps': 0, 'time': 1236, 'eps': 3e-05}
881it [20:14,  1.65s/it]892it [20:14,  1.12s/it]03/26/2026 01:21:02 - INFO - src.trainer -   {'eval_loss': 1.5219701528549194, 'eval_acc': 0.2625}
03/26/2026 01:21:05 - INFO - src.trainer -   [zo_probe] step=9000 eps=3.000e-05 precision=fp32 n=16 mae=5.425803e-03 rmse=6.657708e-03 sign_acc=1.0000 corr=1.000000
03/26/2026 01:21:06 - INFO - src.trainer -   {'loss': 1.5240556001663208, 'learning_rate': 1e-06, 'global_step': 9000, 'zo_forward_step': 18002, 'max_steps': 20000, 'max_zo_forward_steps': 0, 'time': 1240, 'eps': 3e-05}
03/26/2026 01:21:07 - INFO - src.trainer -   {'loss': 1.4406630992889404, 'learning_rate': 1e-06, 'global_step': 9010, 'zo_forward_step': 18022, 'max_steps': 20000, 'max_zo_forward_steps': 0, 'time': 1242, 'eps': 3e-05}
03/26/2026 01:21:08 - INFO - src.trainer -   {'loss': 0.9873768091201782, 'learning_rate': 1e-06, 'global_step': 9020, 'zo_forward_step': 18042, 'max_steps': 20000, 'max_zo_forward_steps': 0, 'time': 1243, 'eps': 3e-05}
03/26/2026 01:21:09 - INFO - src.trainer -   {'loss': 1.5391086339950562, 'learning_rate': 1e-06, 'global_step': 9030, 'zo_forward_step': 18062, 'max_steps': 20000, 'max_zo_forward_steps': 0, 'time': 1244, 'eps': 3e-05}
03/26/2026 01:21:10 - INFO - src.trainer -   {'loss': 1.4568867683410645, 'learning_rate': 1e-06, 'global_step': 9040, 'zo_forward_step': 18082, 'max_steps': 20000, 'max_zo_forward_steps': 0, 'time': 1245, 'eps': 3e-05}
03/26/2026 01:21:11 - INFO - src.trainer -   {'loss': 0.9370675683021545, 'learning_rate': 1e-06, 'global_step': 9050, 'zo_forward_step': 18102, 'max_steps': 20000, 'max_zo_forward_steps': 0, 'time': 1246, 'eps': 3e-05}
03/26/2026 01:21:12 - INFO - src.trainer -   {'loss': 1.550319790840149, 'learning_rate': 1e-06, 'global_step': 9060, 'zo_forward_step': 18122, 'max_steps': 20000, 'max_zo_forward_steps': 0, 'time': 1247, 'eps': 3e-05}
03/26/2026 01:21:14 - INFO - src.trainer -   {'loss': 1.4843071699142456, 'learning_rate': 1e-06, 'global_step': 9070, 'zo_forward_step': 18142, 'max_steps': 20000, 'max_zo_forward_steps': 0, 'time': 1249, 'eps': 3e-05}
900it [20:26,  1.12s/it]03/26/2026 01:21:15 - INFO - src.trainer -   {'loss': 0.9286260604858398, 'learning_rate': 1e-06, 'global_step': 9080, 'zo_forward_step': 18162, 'max_steps': 20000, 'max_zo_forward_steps': 0, 'time': 1250, 'eps': 3e-05}
03/26/2026 01:21:16 - INFO - src.trainer -   {'loss': 1.5551949739456177, 'learning_rate': 1e-06, 'global_step': 9090, 'zo_forward_step': 18182, 'max_steps': 20000, 'max_zo_forward_steps': 0, 'time': 1251, 'eps': 3e-05}
03/26/2026 01:21:17 - INFO - src.trainer -   {'loss': 1.4730323553085327, 'learning_rate': 1e-06, 'global_step': 9100, 'zo_forward_step': 18202, 'max_steps': 20000, 'max_zo_forward_steps': 0, 'time': 1252, 'eps': 3e-05}
03/26/2026 01:21:19 - INFO - src.trainer -   {'loss': 0.9540659785270691, 'learning_rate': 1e-06, 'global_step': 9110, 'zo_forward_step': 18222, 'max_steps': 20000, 'max_zo_forward_steps': 0, 'time': 1254, 'eps': 3e-05}
03/26/2026 01:21:20 - INFO - src.trainer -   {'loss': 1.5565036535263062, 'learning_rate': 1e-06, 'global_step': 9120, 'zo_forward_step': 18242, 'max_steps': 20000, 'max_zo_forward_steps': 0, 'time': 1255, 'eps': 3e-05}
03/26/2026 01:21:21 - INFO - src.trainer -   {'loss': 1.4741383790969849, 'learning_rate': 1e-06, 'global_step': 9130, 'zo_forward_step': 18262, 'max_steps': 20000, 'max_zo_forward_steps': 0, 'time': 1256, 'eps': 3e-05}
03/26/2026 01:21:22 - INFO - src.trainer -   {'loss': 0.9346021413803101, 'learning_rate': 1e-06, 'global_step': 9140, 'zo_forward_step': 18282, 'max_steps': 20000, 'max_zo_forward_steps': 0, 'time': 1257, 'eps': 3e-05}
03/26/2026 01:21:23 - INFO - src.trainer -   {'loss': 1.553639531135559, 'learning_rate': 1e-06, 'global_step': 9150, 'zo_forward_step': 18302, 'max_steps': 20000, 'max_zo_forward_steps': 0, 'time': 1258, 'eps': 3e-05}
03/26/2026 01:21:24 - INFO - src.trainer -   {'loss': 1.4851477146148682, 'learning_rate': 1e-06, 'global_step': 9160, 'zo_forward_step': 18322, 'max_steps': 20000, 'max_zo_forward_steps': 0, 'time': 1259, 'eps': 3e-05}
03/26/2026 01:21:26 - INFO - src.trainer -   {'loss': 0.9342233538627625, 'learning_rate': 1e-06, 'global_step': 9170, 'zo_forward_step': 18342, 'max_steps': 20000, 'max_zo_forward_steps': 0, 'time': 1260, 'eps': 3e-05}
03/26/2026 01:21:27 - INFO - src.trainer -   {'loss': 1.5391932725906372, 'learning_rate': 1e-06, 'global_step': 9180, 'zo_forward_step': 18362, 'max_steps': 20000, 'max_zo_forward_steps': 0, 'time': 1262, 'eps': 3e-05}
03/26/2026 01:21:28 - INFO - src.trainer -   {'loss': 1.4918928146362305, 'learning_rate': 1e-06, 'global_step': 9190, 'zo_forward_step': 18382, 'max_steps': 20000, 'max_zo_forward_steps': 0, 'time': 1263, 'eps': 3e-05}
901it [20:40,  1.62s/it]912it [20:40,  1.10s/it]03/26/2026 01:21:29 - INFO - src.trainer -   {'eval_loss': 1.5304464101791382, 'eval_acc': 0.275}
03/26/2026 01:21:31 - INFO - src.trainer -   [zo_probe] step=9200 eps=3.000e-05 precision=fp32 n=16 mae=5.304396e-03 rmse=7.649444e-03 sign_acc=1.0000 corr=1.000000
03/26/2026 01:21:31 - INFO - src.trainer -   {'loss': 0.9247899651527405, 'learning_rate': 1e-06, 'global_step': 9200, 'zo_forward_step': 18402, 'max_steps': 20000, 'max_zo_forward_steps': 0, 'time': 1266, 'eps': 3e-05}
03/26/2026 01:21:32 - INFO - src.trainer -   {'loss': 1.5343666076660156, 'learning_rate': 1e-06, 'global_step': 9210, 'zo_forward_step': 18422, 'max_steps': 20000, 'max_zo_forward_steps': 0, 'time': 1267, 'eps': 3e-05}
03/26/2026 01:21:34 - INFO - src.trainer -   {'loss': 1.4849902391433716, 'learning_rate': 1e-06, 'global_step': 9220, 'zo_forward_step': 18442, 'max_steps': 20000, 'max_zo_forward_steps': 0, 'time': 1268, 'eps': 3e-05}
03/26/2026 01:21:35 - INFO - src.trainer -   {'loss': 0.9354970455169678, 'learning_rate': 1e-06, 'global_step': 9230, 'zo_forward_step': 18462, 'max_steps': 20000, 'max_zo_forward_steps': 0, 'time': 1270, 'eps': 3e-05}
03/26/2026 01:21:36 - INFO - src.trainer -   {'loss': 1.5335137844085693, 'learning_rate': 1e-06, 'global_step': 9240, 'zo_forward_step': 18482, 'max_steps': 20000, 'max_zo_forward_steps': 0, 'time': 1271, 'eps': 3e-05}
03/26/2026 01:21:37 - INFO - src.trainer -   {'loss': 1.487105369567871, 'learning_rate': 1e-06, 'global_step': 9250, 'zo_forward_step': 18502, 'max_steps': 20000, 'max_zo_forward_steps': 0, 'time': 1272, 'eps': 3e-05}
03/26/2026 01:21:38 - INFO - src.trainer -   {'loss': 0.9292770624160767, 'learning_rate': 1e-06, 'global_step': 9260, 'zo_forward_step': 18522, 'max_steps': 20000, 'max_zo_forward_steps': 0, 'time': 1273, 'eps': 3e-05}
03/26/2026 01:21:39 - INFO - src.trainer -   {'loss': 1.529425024986267, 'learning_rate': 1e-06, 'global_step': 9270, 'zo_forward_step': 18542, 'max_steps': 20000, 'max_zo_forward_steps': 0, 'time': 1274, 'eps': 3e-05}
03/26/2026 01:21:41 - INFO - src.trainer -   {'loss': 1.484721064567566, 'learning_rate': 1e-06, 'global_step': 9280, 'zo_forward_step': 18562, 'max_steps': 20000, 'max_zo_forward_steps': 0, 'time': 1275, 'eps': 3e-05}
03/26/2026 01:21:42 - INFO - src.trainer -   {'loss': 0.9235637784004211, 'learning_rate': 1e-06, 'global_step': 9290, 'zo_forward_step': 18582, 'max_steps': 20000, 'max_zo_forward_steps': 0, 'time': 1277, 'eps': 3e-05}
03/26/2026 01:21:43 - INFO - src.trainer -   {'loss': 1.5288186073303223, 'learning_rate': 1e-06, 'global_step': 9300, 'zo_forward_step': 18602, 'max_steps': 20000, 'max_zo_forward_steps': 0, 'time': 1278, 'eps': 3e-05}
03/26/2026 01:21:44 - INFO - src.trainer -   {'loss': 1.4890108108520508, 'learning_rate': 1e-06, 'global_step': 9310, 'zo_forward_step': 18622, 'max_steps': 20000, 'max_zo_forward_steps': 0, 'time': 1279, 'eps': 3e-05}
920it [20:56,  1.10s/it]03/26/2026 01:21:45 - INFO - src.trainer -   {'loss': 0.9189168214797974, 'learning_rate': 1e-06, 'global_step': 9320, 'zo_forward_step': 18642, 'max_steps': 20000, 'max_zo_forward_steps': 0, 'time': 1280, 'eps': 3e-05}
03/26/2026 01:21:46 - INFO - src.trainer -   {'loss': 1.5417447090148926, 'learning_rate': 1e-06, 'global_step': 9330, 'zo_forward_step': 18662, 'max_steps': 20000, 'max_zo_forward_steps': 0, 'time': 1281, 'eps': 3e-05}
03/26/2026 01:21:47 - INFO - src.trainer -   {'loss': 1.4818676710128784, 'learning_rate': 1e-06, 'global_step': 9340, 'zo_forward_step': 18682, 'max_steps': 20000, 'max_zo_forward_steps': 0, 'time': 1282, 'eps': 3e-05}
03/26/2026 01:21:49 - INFO - src.trainer -   {'loss': 0.893618106842041, 'learning_rate': 1e-06, 'global_step': 9350, 'zo_forward_step': 18702, 'max_steps': 20000, 'max_zo_forward_steps': 0, 'time': 1283, 'eps': 3e-05}
03/26/2026 01:21:50 - INFO - src.trainer -   {'loss': 1.539291501045227, 'learning_rate': 1e-06, 'global_step': 9360, 'zo_forward_step': 18722, 'max_steps': 20000, 'max_zo_forward_steps': 0, 'time': 1285, 'eps': 3e-05}
03/26/2026 01:21:51 - INFO - src.trainer -   {'loss': 1.498465895652771, 'learning_rate': 1e-06, 'global_step': 9370, 'zo_forward_step': 18742, 'max_steps': 20000, 'max_zo_forward_steps': 0, 'time': 1286, 'eps': 3e-05}
03/26/2026 01:21:52 - INFO - src.trainer -   {'loss': 0.8971171379089355, 'learning_rate': 1e-06, 'global_step': 9380, 'zo_forward_step': 18762, 'max_steps': 20000, 'max_zo_forward_steps': 0, 'time': 1287, 'eps': 3e-05}
03/26/2026 01:21:53 - INFO - src.trainer -   {'loss': 1.5132358074188232, 'learning_rate': 1e-06, 'global_step': 9390, 'zo_forward_step': 18782, 'max_steps': 20000, 'max_zo_forward_steps': 0, 'time': 1288, 'eps': 3e-05}
921it [21:06,  1.57s/it]932it [21:06,  1.06s/it]03/26/2026 01:21:54 - INFO - src.trainer -   {'eval_loss': 1.5304123163223267, 'eval_acc': 0.2625}
03/26/2026 01:21:57 - INFO - src.trainer -   [zo_probe] step=9400 eps=3.000e-05 precision=fp32 n=16 mae=8.222856e-03 rmse=1.028041e-02 sign_acc=1.0000 corr=1.000000
03/26/2026 01:21:58 - INFO - src.trainer -   {'loss': 1.5206185579299927, 'learning_rate': 1e-06, 'global_step': 9400, 'zo_forward_step': 18802, 'max_steps': 20000, 'max_zo_forward_steps': 0, 'time': 1292, 'eps': 3e-05}
03/26/2026 01:21:59 - INFO - src.trainer -   {'loss': 0.9009028077125549, 'learning_rate': 1e-06, 'global_step': 9410, 'zo_forward_step': 18822, 'max_steps': 20000, 'max_zo_forward_steps': 0, 'time': 1294, 'eps': 3e-05}
03/26/2026 01:22:00 - INFO - src.trainer -   {'loss': 1.4802086353302002, 'learning_rate': 1e-06, 'global_step': 9420, 'zo_forward_step': 18842, 'max_steps': 20000, 'max_zo_forward_steps': 0, 'time': 1295, 'eps': 3e-05}
03/26/2026 01:22:01 - INFO - src.trainer -   {'loss': 1.518795132637024, 'learning_rate': 1e-06, 'global_step': 9430, 'zo_forward_step': 18862, 'max_steps': 20000, 'max_zo_forward_steps': 0, 'time': 1296, 'eps': 3e-05}
03/26/2026 01:22:02 - INFO - src.trainer -   {'loss': 0.9084944128990173, 'learning_rate': 1e-06, 'global_step': 9440, 'zo_forward_step': 18882, 'max_steps': 20000, 'max_zo_forward_steps': 0, 'time': 1297, 'eps': 3e-05}
03/26/2026 01:22:03 - INFO - src.trainer -   {'loss': 1.483532428741455, 'learning_rate': 1e-06, 'global_step': 9450, 'zo_forward_step': 18902, 'max_steps': 20000, 'max_zo_forward_steps': 0, 'time': 1298, 'eps': 3e-05}
03/26/2026 01:22:04 - INFO - src.trainer -   {'loss': 1.4975507259368896, 'learning_rate': 1e-06, 'global_step': 9460, 'zo_forward_step': 18922, 'max_steps': 20000, 'max_zo_forward_steps': 0, 'time': 1299, 'eps': 3e-05}
940it [21:16,  1.06s/it]03/26/2026 01:22:06 - INFO - src.trainer -   {'loss': 0.9165138006210327, 'learning_rate': 1e-06, 'global_step': 9470, 'zo_forward_step': 18942, 'max_steps': 20000, 'max_zo_forward_steps': 0, 'time': 1301, 'eps': 3e-05}
03/26/2026 01:22:07 - INFO - src.trainer -   {'loss': 1.4762529134750366, 'learning_rate': 1e-06, 'global_step': 9480, 'zo_forward_step': 18962, 'max_steps': 20000, 'max_zo_forward_steps': 0, 'time': 1302, 'eps': 3e-05}
03/26/2026 01:22:08 - INFO - src.trainer -   {'loss': 1.499891996383667, 'learning_rate': 1e-06, 'global_step': 9490, 'zo_forward_step': 18982, 'max_steps': 20000, 'max_zo_forward_steps': 0, 'time': 1303, 'eps': 3e-05}
03/26/2026 01:22:09 - INFO - src.trainer -   {'loss': 0.9286633729934692, 'learning_rate': 1e-06, 'global_step': 9500, 'zo_forward_step': 19002, 'max_steps': 20000, 'max_zo_forward_steps': 0, 'time': 1304, 'eps': 3e-05}
03/26/2026 01:22:10 - INFO - src.trainer -   {'loss': 1.463075876235962, 'learning_rate': 1e-06, 'global_step': 9510, 'zo_forward_step': 19022, 'max_steps': 20000, 'max_zo_forward_steps': 0, 'time': 1305, 'eps': 3e-05}
03/26/2026 01:22:12 - INFO - src.trainer -   {'loss': 1.491104006767273, 'learning_rate': 1e-06, 'global_step': 9520, 'zo_forward_step': 19042, 'max_steps': 20000, 'max_zo_forward_steps': 0, 'time': 1307, 'eps': 3e-05}
03/26/2026 01:22:13 - INFO - src.trainer -   {'loss': 0.9429560303688049, 'learning_rate': 1e-06, 'global_step': 9530, 'zo_forward_step': 19062, 'max_steps': 20000, 'max_zo_forward_steps': 0, 'time': 1308, 'eps': 3e-05}
03/26/2026 01:22:14 - INFO - src.trainer -   {'loss': 1.454892873764038, 'learning_rate': 1e-06, 'global_step': 9540, 'zo_forward_step': 19082, 'max_steps': 20000, 'max_zo_forward_steps': 0, 'time': 1309, 'eps': 3e-05}
03/26/2026 01:22:15 - INFO - src.trainer -   {'loss': 1.486063838005066, 'learning_rate': 1e-06, 'global_step': 9550, 'zo_forward_step': 19102, 'max_steps': 20000, 'max_zo_forward_steps': 0, 'time': 1310, 'eps': 3e-05}
03/26/2026 01:22:16 - INFO - src.trainer -   {'loss': 0.9629520177841187, 'learning_rate': 1e-06, 'global_step': 9560, 'zo_forward_step': 19122, 'max_steps': 20000, 'max_zo_forward_steps': 0, 'time': 1311, 'eps': 3e-05}
03/26/2026 01:22:18 - INFO - src.trainer -   {'loss': 1.4437693357467651, 'learning_rate': 1e-06, 'global_step': 9570, 'zo_forward_step': 19142, 'max_steps': 20000, 'max_zo_forward_steps': 0, 'time': 1312, 'eps': 3e-05}
03/26/2026 01:22:19 - INFO - src.trainer -   {'loss': 1.4937353134155273, 'learning_rate': 1e-06, 'global_step': 9580, 'zo_forward_step': 19162, 'max_steps': 20000, 'max_zo_forward_steps': 0, 'time': 1314, 'eps': 3e-05}
03/26/2026 01:22:20 - INFO - src.trainer -   {'loss': 0.9564288258552551, 'learning_rate': 1e-06, 'global_step': 9590, 'zo_forward_step': 19182, 'max_steps': 20000, 'max_zo_forward_steps': 0, 'time': 1315, 'eps': 3e-05}
941it [21:32,  1.58s/it]952it [21:32,  1.07s/it]03/26/2026 01:22:21 - INFO - src.trainer -   {'eval_loss': 1.5196506977081299, 'eval_acc': 0.325}
03/26/2026 01:22:21 - INFO - src.trainer -   Best dev result: 0.325
03/26/2026 01:22:24 - INFO - src.trainer -   [zo_probe] step=9600 eps=3.000e-05 precision=fp32 n=16 mae=4.574224e-03 rmse=5.314034e-03 sign_acc=1.0000 corr=1.000000
03/26/2026 01:22:24 - INFO - src.trainer -   {'loss': 1.4398133754730225, 'learning_rate': 1e-06, 'global_step': 9600, 'zo_forward_step': 19202, 'max_steps': 20000, 'max_zo_forward_steps': 0, 'time': 1319, 'eps': 3e-05}
03/26/2026 01:22:26 - INFO - src.trainer -   {'loss': 1.4947978258132935, 'learning_rate': 1e-06, 'global_step': 9610, 'zo_forward_step': 19222, 'max_steps': 20000, 'max_zo_forward_steps': 0, 'time': 1320, 'eps': 3e-05}
03/26/2026 01:22:28 - INFO - src.trainer -   {'loss': 0.9572265148162842, 'learning_rate': 1e-06, 'global_step': 9620, 'zo_forward_step': 19242, 'max_steps': 20000, 'max_zo_forward_steps': 0, 'time': 1323, 'eps': 3e-05}
03/26/2026 01:22:30 - INFO - src.trainer -   {'loss': 1.4440983533859253, 'learning_rate': 1e-06, 'global_step': 9630, 'zo_forward_step': 19262, 'max_steps': 20000, 'max_zo_forward_steps': 0, 'time': 1325, 'eps': 3e-05}
03/26/2026 01:22:31 - INFO - src.trainer -   {'loss': 1.477311611175537, 'learning_rate': 1e-06, 'global_step': 9640, 'zo_forward_step': 19282, 'max_steps': 20000, 'max_zo_forward_steps': 0, 'time': 1326, 'eps': 3e-05}
03/26/2026 01:22:32 - INFO - src.trainer -   {'loss': 0.9819304943084717, 'learning_rate': 1e-06, 'global_step': 9650, 'zo_forward_step': 19302, 'max_steps': 20000, 'max_zo_forward_steps': 0, 'time': 1327, 'eps': 3e-05}
03/26/2026 01:22:33 - INFO - src.trainer -   {'loss': 1.4451273679733276, 'learning_rate': 1e-06, 'global_step': 9660, 'zo_forward_step': 19322, 'max_steps': 20000, 'max_zo_forward_steps': 0, 'time': 1328, 'eps': 3e-05}
03/26/2026 01:22:34 - INFO - src.trainer -   {'loss': 1.466910481452942, 'learning_rate': 1e-06, 'global_step': 9670, 'zo_forward_step': 19342, 'max_steps': 20000, 'max_zo_forward_steps': 0, 'time': 1329, 'eps': 3e-05}
960it [21:46,  1.07s/it]03/26/2026 01:22:35 - INFO - src.trainer -   {'loss': 0.9733406901359558, 'learning_rate': 1e-06, 'global_step': 9680, 'zo_forward_step': 19362, 'max_steps': 20000, 'max_zo_forward_steps': 0, 'time': 1330, 'eps': 3e-05}
03/26/2026 01:22:37 - INFO - src.trainer -   {'loss': 1.450006127357483, 'learning_rate': 1e-06, 'global_step': 9690, 'zo_forward_step': 19382, 'max_steps': 20000, 'max_zo_forward_steps': 0, 'time': 1331, 'eps': 3e-05}
03/26/2026 01:22:38 - INFO - src.trainer -   {'loss': 1.4661346673965454, 'learning_rate': 1e-06, 'global_step': 9700, 'zo_forward_step': 19402, 'max_steps': 20000, 'max_zo_forward_steps': 0, 'time': 1333, 'eps': 3e-05}
03/26/2026 01:22:39 - INFO - src.trainer -   {'loss': 0.9632847905158997, 'learning_rate': 1e-06, 'global_step': 9710, 'zo_forward_step': 19422, 'max_steps': 20000, 'max_zo_forward_steps': 0, 'time': 1334, 'eps': 3e-05}
03/26/2026 01:22:40 - INFO - src.trainer -   {'loss': 1.4621338844299316, 'learning_rate': 1e-06, 'global_step': 9720, 'zo_forward_step': 19442, 'max_steps': 20000, 'max_zo_forward_steps': 0, 'time': 1335, 'eps': 3e-05}
03/26/2026 01:22:41 - INFO - src.trainer -   {'loss': 1.490045189857483, 'learning_rate': 1e-06, 'global_step': 9730, 'zo_forward_step': 19462, 'max_steps': 20000, 'max_zo_forward_steps': 0, 'time': 1336, 'eps': 3e-05}
03/26/2026 01:22:42 - INFO - src.trainer -   {'loss': 0.9561994075775146, 'learning_rate': 1e-06, 'global_step': 9740, 'zo_forward_step': 19482, 'max_steps': 20000, 'max_zo_forward_steps': 0, 'time': 1337, 'eps': 3e-05}
03/26/2026 01:22:44 - INFO - src.trainer -   {'loss': 1.4388792514801025, 'learning_rate': 1e-06, 'global_step': 9750, 'zo_forward_step': 19502, 'max_steps': 20000, 'max_zo_forward_steps': 0, 'time': 1338, 'eps': 3e-05}
03/26/2026 01:22:45 - INFO - src.trainer -   {'loss': 1.4890861511230469, 'learning_rate': 1e-06, 'global_step': 9760, 'zo_forward_step': 19522, 'max_steps': 20000, 'max_zo_forward_steps': 0, 'time': 1340, 'eps': 3e-05}
03/26/2026 01:22:46 - INFO - src.trainer -   {'loss': 0.9626631140708923, 'learning_rate': 1e-06, 'global_step': 9770, 'zo_forward_step': 19542, 'max_steps': 20000, 'max_zo_forward_steps': 0, 'time': 1341, 'eps': 3e-05}
03/26/2026 01:22:47 - INFO - src.trainer -   {'loss': 1.4357558488845825, 'learning_rate': 1e-06, 'global_step': 9780, 'zo_forward_step': 19562, 'max_steps': 20000, 'max_zo_forward_steps': 0, 'time': 1342, 'eps': 3e-05}
03/26/2026 01:22:48 - INFO - src.trainer -   {'loss': 1.478460431098938, 'learning_rate': 1e-06, 'global_step': 9790, 'zo_forward_step': 19582, 'max_steps': 20000, 'max_zo_forward_steps': 0, 'time': 1343, 'eps': 3e-05}
961it [22:01,  1.64s/it]972it [22:01,  1.11s/it]03/26/2026 01:22:50 - INFO - src.trainer -   {'eval_loss': 1.5101053714752197, 'eval_acc': 0.375}
03/26/2026 01:22:50 - INFO - src.trainer -   Best dev result: 0.375
03/26/2026 01:22:52 - INFO - src.trainer -   [zo_probe] step=9800 eps=3.000e-05 precision=fp32 n=16 mae=4.273117e-03 rmse=5.285628e-03 sign_acc=1.0000 corr=1.000000
03/26/2026 01:22:52 - INFO - src.trainer -   {'loss': 0.9547390341758728, 'learning_rate': 1e-06, 'global_step': 9800, 'zo_forward_step': 19602, 'max_steps': 20000, 'max_zo_forward_steps': 0, 'time': 1347, 'eps': 3e-05}
03/26/2026 01:22:53 - INFO - src.trainer -   {'loss': 1.4516348838806152, 'learning_rate': 1e-06, 'global_step': 9810, 'zo_forward_step': 19622, 'max_steps': 20000, 'max_zo_forward_steps': 0, 'time': 1348, 'eps': 3e-05}
03/26/2026 01:22:54 - INFO - src.trainer -   {'loss': 1.4774701595306396, 'learning_rate': 1e-06, 'global_step': 9820, 'zo_forward_step': 19642, 'max_steps': 20000, 'max_zo_forward_steps': 0, 'time': 1349, 'eps': 3e-05}
03/26/2026 01:22:55 - INFO - src.trainer -   {'loss': 0.9595818519592285, 'learning_rate': 1e-06, 'global_step': 9830, 'zo_forward_step': 19662, 'max_steps': 20000, 'max_zo_forward_steps': 0, 'time': 1350, 'eps': 3e-05}
03/26/2026 01:22:56 - INFO - src.trainer -   {'loss': 1.4514518976211548, 'learning_rate': 1e-06, 'global_step': 9840, 'zo_forward_step': 19682, 'max_steps': 20000, 'max_zo_forward_steps': 0, 'time': 1351, 'eps': 3e-05}
03/26/2026 01:22:58 - INFO - src.trainer -   {'loss': 1.4700042009353638, 'learning_rate': 1e-06, 'global_step': 9850, 'zo_forward_step': 19702, 'max_steps': 20000, 'max_zo_forward_steps': 0, 'time': 1353, 'eps': 3e-05}
03/26/2026 01:22:59 - INFO - src.trainer -   {'loss': 0.981537401676178, 'learning_rate': 1e-06, 'global_step': 9860, 'zo_forward_step': 19722, 'max_steps': 20000, 'max_zo_forward_steps': 0, 'time': 1354, 'eps': 3e-05}
03/26/2026 01:23:00 - INFO - src.trainer -   {'loss': 1.4545950889587402, 'learning_rate': 1e-06, 'global_step': 9870, 'zo_forward_step': 19742, 'max_steps': 20000, 'max_zo_forward_steps': 0, 'time': 1355, 'eps': 3e-05}
03/26/2026 01:23:01 - INFO - src.trainer -   {'loss': 1.4778679609298706, 'learning_rate': 1e-06, 'global_step': 9880, 'zo_forward_step': 19762, 'max_steps': 20000, 'max_zo_forward_steps': 0, 'time': 1356, 'eps': 3e-05}
03/26/2026 01:23:03 - INFO - src.trainer -   {'loss': 0.9508604407310486, 'learning_rate': 1e-06, 'global_step': 9890, 'zo_forward_step': 19782, 'max_steps': 20000, 'max_zo_forward_steps': 0, 'time': 1358, 'eps': 3e-05}
03/26/2026 01:23:04 - INFO - src.trainer -   {'loss': 1.4456666707992554, 'learning_rate': 1e-06, 'global_step': 9900, 'zo_forward_step': 19802, 'max_steps': 20000, 'max_zo_forward_steps': 0, 'time': 1359, 'eps': 3e-05}
980it [22:16,  1.11s/it]03/26/2026 01:23:05 - INFO - src.trainer -   {'loss': 1.4722936153411865, 'learning_rate': 1e-06, 'global_step': 9910, 'zo_forward_step': 19822, 'max_steps': 20000, 'max_zo_forward_steps': 0, 'time': 1360, 'eps': 3e-05}
03/26/2026 01:23:06 - INFO - src.trainer -   {'loss': 0.9667509198188782, 'learning_rate': 1e-06, 'global_step': 9920, 'zo_forward_step': 19842, 'max_steps': 20000, 'max_zo_forward_steps': 0, 'time': 1361, 'eps': 3e-05}
03/26/2026 01:23:07 - INFO - src.trainer -   {'loss': 1.43585205078125, 'learning_rate': 1e-06, 'global_step': 9930, 'zo_forward_step': 19862, 'max_steps': 20000, 'max_zo_forward_steps': 0, 'time': 1362, 'eps': 3e-05}
03/26/2026 01:23:09 - INFO - src.trainer -   {'loss': 1.4802730083465576, 'learning_rate': 1e-06, 'global_step': 9940, 'zo_forward_step': 19882, 'max_steps': 20000, 'max_zo_forward_steps': 0, 'time': 1364, 'eps': 3e-05}
03/26/2026 01:23:10 - INFO - src.trainer -   {'loss': 0.9611498117446899, 'learning_rate': 1e-06, 'global_step': 9950, 'zo_forward_step': 19902, 'max_steps': 20000, 'max_zo_forward_steps': 0, 'time': 1365, 'eps': 3e-05}
03/26/2026 01:23:11 - INFO - src.trainer -   {'loss': 1.4333875179290771, 'learning_rate': 1e-06, 'global_step': 9960, 'zo_forward_step': 19922, 'max_steps': 20000, 'max_zo_forward_steps': 0, 'time': 1366, 'eps': 3e-05}
03/26/2026 01:23:13 - INFO - src.trainer -   {'loss': 1.477563738822937, 'learning_rate': 1e-06, 'global_step': 9970, 'zo_forward_step': 19942, 'max_steps': 20000, 'max_zo_forward_steps': 0, 'time': 1368, 'eps': 3e-05}
03/26/2026 01:23:14 - INFO - src.trainer -   {'loss': 0.9478076696395874, 'learning_rate': 1e-06, 'global_step': 9980, 'zo_forward_step': 19962, 'max_steps': 20000, 'max_zo_forward_steps': 0, 'time': 1369, 'eps': 3e-05}
03/26/2026 01:23:15 - INFO - src.trainer -   {'loss': 1.4473642110824585, 'learning_rate': 1e-06, 'global_step': 9990, 'zo_forward_step': 19982, 'max_steps': 20000, 'max_zo_forward_steps': 0, 'time': 1370, 'eps': 3e-05}
981it [22:27,  1.61s/it]992it [22:27,  1.09s/it]03/26/2026 01:23:16 - INFO - src.trainer -   {'eval_loss': 1.5063612461090088, 'eval_acc': 0.375}
03/26/2026 01:23:19 - INFO - src.trainer -   [zo_probe] step=10000 eps=3.000e-05 precision=fp32 n=16 mae=5.544305e-03 rmse=6.709107e-03 sign_acc=1.0000 corr=1.000000
03/26/2026 01:23:19 - INFO - src.trainer -   {'loss': 1.4736874103546143, 'learning_rate': 1e-06, 'global_step': 10000, 'zo_forward_step': 20002, 'max_steps': 20000, 'max_zo_forward_steps': 0, 'time': 1374, 'eps': 3e-05}
03/26/2026 01:23:20 - INFO - src.trainer -   {'loss': 0.9470095038414001, 'learning_rate': 1e-06, 'global_step': 10010, 'zo_forward_step': 20022, 'max_steps': 20000, 'max_zo_forward_steps': 0, 'time': 1375, 'eps': 3e-05}
03/26/2026 01:23:21 - INFO - src.trainer -   {'loss': 1.4430402517318726, 'learning_rate': 1e-06, 'global_step': 10020, 'zo_forward_step': 20042, 'max_steps': 20000, 'max_zo_forward_steps': 0, 'time': 1376, 'eps': 3e-05}
03/26/2026 01:23:23 - INFO - src.trainer -   {'loss': 1.4766652584075928, 'learning_rate': 1e-06, 'global_step': 10030, 'zo_forward_step': 20062, 'max_steps': 20000, 'max_zo_forward_steps': 0, 'time': 1378, 'eps': 3e-05}
03/26/2026 01:23:24 - INFO - src.trainer -   {'loss': 0.9557965397834778, 'learning_rate': 1e-06, 'global_step': 10040, 'zo_forward_step': 20082, 'max_steps': 20000, 'max_zo_forward_steps': 0, 'time': 1379, 'eps': 3e-05}
03/26/2026 01:23:25 - INFO - src.trainer -   {'loss': 1.4387356042861938, 'learning_rate': 1e-06, 'global_step': 10050, 'zo_forward_step': 20102, 'max_steps': 20000, 'max_zo_forward_steps': 0, 'time': 1380, 'eps': 3e-05}
03/26/2026 01:23:26 - INFO - src.trainer -   {'loss': 1.4750797748565674, 'learning_rate': 1e-06, 'global_step': 10060, 'zo_forward_step': 20122, 'max_steps': 20000, 'max_zo_forward_steps': 0, 'time': 1381, 'eps': 3e-05}
03/26/2026 01:23:27 - INFO - src.trainer -   {'loss': 0.9413567781448364, 'learning_rate': 1e-06, 'global_step': 10070, 'zo_forward_step': 20142, 'max_steps': 20000, 'max_zo_forward_steps': 0, 'time': 1382, 'eps': 3e-05}
03/26/2026 01:23:29 - INFO - src.trainer -   {'loss': 1.4541915655136108, 'learning_rate': 1e-06, 'global_step': 10080, 'zo_forward_step': 20162, 'max_steps': 20000, 'max_zo_forward_steps': 0, 'time': 1383, 'eps': 3e-05}
03/26/2026 01:23:30 - INFO - src.trainer -   {'loss': 1.465201497077942, 'learning_rate': 1e-06, 'global_step': 10090, 'zo_forward_step': 20182, 'max_steps': 20000, 'max_zo_forward_steps': 0, 'time': 1385, 'eps': 3e-05}
03/26/2026 01:23:31 - INFO - src.trainer -   {'loss': 0.9371755123138428, 'learning_rate': 1e-06, 'global_step': 10100, 'zo_forward_step': 20202, 'max_steps': 20000, 'max_zo_forward_steps': 0, 'time': 1386, 'eps': 3e-05}
03/26/2026 01:23:32 - INFO - src.trainer -   {'loss': 1.4697504043579102, 'learning_rate': 1e-06, 'global_step': 10110, 'zo_forward_step': 20222, 'max_steps': 20000, 'max_zo_forward_steps': 0, 'time': 1387, 'eps': 3e-05}
03/26/2026 01:23:33 - INFO - src.trainer -   {'loss': 1.445841670036316, 'learning_rate': 1e-06, 'global_step': 10120, 'zo_forward_step': 20242, 'max_steps': 20000, 'max_zo_forward_steps': 0, 'time': 1388, 'eps': 3e-05}
03/26/2026 01:23:34 - INFO - src.trainer -   {'loss': 0.9372503757476807, 'learning_rate': 1e-06, 'global_step': 10130, 'zo_forward_step': 20262, 'max_steps': 20000, 'max_zo_forward_steps': 0, 'time': 1389, 'eps': 3e-05}
1000it [22:46,  1.09s/it]03/26/2026 01:23:35 - INFO - src.trainer -   {'loss': 1.4700863361358643, 'learning_rate': 1e-06, 'global_step': 10140, 'zo_forward_step': 20282, 'max_steps': 20000, 'max_zo_forward_steps': 0, 'time': 1390, 'eps': 3e-05}
03/26/2026 01:23:37 - INFO - src.trainer -   {'loss': 1.4654626846313477, 'learning_rate': 1e-06, 'global_step': 10150, 'zo_forward_step': 20302, 'max_steps': 20000, 'max_zo_forward_steps': 0, 'time': 1392, 'eps': 3e-05}
03/26/2026 01:23:38 - INFO - src.trainer -   {'loss': 0.9203324317932129, 'learning_rate': 1e-06, 'global_step': 10160, 'zo_forward_step': 20322, 'max_steps': 20000, 'max_zo_forward_steps': 0, 'time': 1393, 'eps': 3e-05}
03/26/2026 01:23:39 - INFO - src.trainer -   {'loss': 1.4738712310791016, 'learning_rate': 1e-06, 'global_step': 10170, 'zo_forward_step': 20342, 'max_steps': 20000, 'max_zo_forward_steps': 0, 'time': 1394, 'eps': 3e-05}
03/26/2026 01:23:40 - INFO - src.trainer -   {'loss': 1.4769835472106934, 'learning_rate': 1e-06, 'global_step': 10180, 'zo_forward_step': 20362, 'max_steps': 20000, 'max_zo_forward_steps': 0, 'time': 1395, 'eps': 3e-05}
03/26/2026 01:23:41 - INFO - src.trainer -   {'loss': 0.9227669835090637, 'learning_rate': 1e-06, 'global_step': 10190, 'zo_forward_step': 20382, 'max_steps': 20000, 'max_zo_forward_steps': 0, 'time': 1396, 'eps': 3e-05}
1001it [22:54,  1.60s/it]1012it [22:54,  1.08s/it]03/26/2026 01:23:42 - INFO - src.trainer -   {'eval_loss': 1.5084691047668457, 'eval_acc': 0.35}
03/26/2026 01:23:45 - INFO - src.trainer -   [zo_probe] step=10200 eps=3.000e-05 precision=fp32 n=16 mae=5.080104e-03 rmse=6.149719e-03 sign_acc=1.0000 corr=1.000000
03/26/2026 01:23:46 - INFO - src.trainer -   {'loss': 1.451003074645996, 'learning_rate': 1e-06, 'global_step': 10200, 'zo_forward_step': 20402, 'max_steps': 20000, 'max_zo_forward_steps': 0, 'time': 1400, 'eps': 3e-05}
03/26/2026 01:23:47 - INFO - src.trainer -   {'loss': 1.4697474241256714, 'learning_rate': 1e-06, 'global_step': 10210, 'zo_forward_step': 20422, 'max_steps': 20000, 'max_zo_forward_steps': 0, 'time': 1402, 'eps': 3e-05}
03/26/2026 01:23:48 - INFO - src.trainer -   {'loss': 0.9279280304908752, 'learning_rate': 1e-06, 'global_step': 10220, 'zo_forward_step': 20442, 'max_steps': 20000, 'max_zo_forward_steps': 0, 'time': 1403, 'eps': 3e-05}
03/26/2026 01:23:49 - INFO - src.trainer -   {'loss': 1.457087516784668, 'learning_rate': 1e-06, 'global_step': 10230, 'zo_forward_step': 20462, 'max_steps': 20000, 'max_zo_forward_steps': 0, 'time': 1404, 'eps': 3e-05}
03/26/2026 01:23:50 - INFO - src.trainer -   {'loss': 1.4617111682891846, 'learning_rate': 1e-06, 'global_step': 10240, 'zo_forward_step': 20482, 'max_steps': 20000, 'max_zo_forward_steps': 0, 'time': 1405, 'eps': 3e-05}
03/26/2026 01:23:51 - INFO - src.trainer -   {'loss': 0.9223107695579529, 'learning_rate': 1e-06, 'global_step': 10250, 'zo_forward_step': 20502, 'max_steps': 20000, 'max_zo_forward_steps': 0, 'time': 1406, 'eps': 3e-05}
03/26/2026 01:23:53 - INFO - src.trainer -   {'loss': 1.4421452283859253, 'learning_rate': 1e-06, 'global_step': 10260, 'zo_forward_step': 20522, 'max_steps': 20000, 'max_zo_forward_steps': 0, 'time': 1408, 'eps': 3e-05}
03/26/2026 01:23:54 - INFO - src.trainer -   {'loss': 1.4562013149261475, 'learning_rate': 1e-06, 'global_step': 10270, 'zo_forward_step': 20542, 'max_steps': 20000, 'max_zo_forward_steps': 0, 'time': 1409, 'eps': 3e-05}
1020it [23:06,  1.08s/it]03/26/2026 01:23:55 - INFO - src.trainer -   {'loss': 0.9492363929748535, 'learning_rate': 1e-06, 'global_step': 10280, 'zo_forward_step': 20562, 'max_steps': 20000, 'max_zo_forward_steps': 0, 'time': 1410, 'eps': 3e-05}
03/26/2026 01:23:56 - INFO - src.trainer -   {'loss': 1.4334125518798828, 'learning_rate': 1e-06, 'global_step': 10290, 'zo_forward_step': 20582, 'max_steps': 20000, 'max_zo_forward_steps': 0, 'time': 1411, 'eps': 3e-05}
03/26/2026 01:23:57 - INFO - src.trainer -   {'loss': 1.4329968690872192, 'learning_rate': 1e-06, 'global_step': 10300, 'zo_forward_step': 20602, 'max_steps': 20000, 'max_zo_forward_steps': 0, 'time': 1412, 'eps': 3e-05}
03/26/2026 01:23:58 - INFO - src.trainer -   {'loss': 0.9367268681526184, 'learning_rate': 1e-06, 'global_step': 10310, 'zo_forward_step': 20622, 'max_steps': 20000, 'max_zo_forward_steps': 0, 'time': 1413, 'eps': 3e-05}
03/26/2026 01:24:00 - INFO - src.trainer -   {'loss': 1.4415658712387085, 'learning_rate': 1e-06, 'global_step': 10320, 'zo_forward_step': 20642, 'max_steps': 20000, 'max_zo_forward_steps': 0, 'time': 1414, 'eps': 3e-05}
03/26/2026 01:24:01 - INFO - src.trainer -   {'loss': 1.4401648044586182, 'learning_rate': 1e-06, 'global_step': 10330, 'zo_forward_step': 20662, 'max_steps': 20000, 'max_zo_forward_steps': 0, 'time': 1416, 'eps': 3e-05}
03/26/2026 01:24:02 - INFO - src.trainer -   {'loss': 0.9344012141227722, 'learning_rate': 1e-06, 'global_step': 10340, 'zo_forward_step': 20682, 'max_steps': 20000, 'max_zo_forward_steps': 0, 'time': 1417, 'eps': 3e-05}
03/26/2026 01:24:03 - INFO - src.trainer -   {'loss': 1.4405543804168701, 'learning_rate': 1e-06, 'global_step': 10350, 'zo_forward_step': 20702, 'max_steps': 20000, 'max_zo_forward_steps': 0, 'time': 1418, 'eps': 3e-05}
03/26/2026 01:24:04 - INFO - src.trainer -   {'loss': 1.4416499137878418, 'learning_rate': 1e-06, 'global_step': 10360, 'zo_forward_step': 20722, 'max_steps': 20000, 'max_zo_forward_steps': 0, 'time': 1419, 'eps': 3e-05}
03/26/2026 01:24:05 - INFO - src.trainer -   {'loss': 0.9237167239189148, 'learning_rate': 1e-06, 'global_step': 10370, 'zo_forward_step': 20742, 'max_steps': 20000, 'max_zo_forward_steps': 0, 'time': 1420, 'eps': 3e-05}
03/26/2026 01:24:07 - INFO - src.trainer -   {'loss': 1.4414582252502441, 'learning_rate': 1e-06, 'global_step': 10380, 'zo_forward_step': 20762, 'max_steps': 20000, 'max_zo_forward_steps': 0, 'time': 1421, 'eps': 3e-05}
03/26/2026 01:24:08 - INFO - src.trainer -   {'loss': 1.4511178731918335, 'learning_rate': 1e-06, 'global_step': 10390, 'zo_forward_step': 20782, 'max_steps': 20000, 'max_zo_forward_steps': 0, 'time': 1423, 'eps': 3e-05}
1021it [23:20,  1.59s/it]1032it [23:20,  1.08s/it]03/26/2026 01:24:09 - INFO - src.trainer -   {'eval_loss': 1.4984219074249268, 'eval_acc': 0.325}
03/26/2026 01:24:11 - INFO - src.trainer -   [zo_probe] step=10400 eps=3.000e-05 precision=fp32 n=16 mae=4.528672e-03 rmse=6.307290e-03 sign_acc=1.0000 corr=1.000000
03/26/2026 01:24:11 - INFO - src.trainer -   {'loss': 0.92564857006073, 'learning_rate': 1e-06, 'global_step': 10400, 'zo_forward_step': 20802, 'max_steps': 20000, 'max_zo_forward_steps': 0, 'time': 1426, 'eps': 3e-05}
03/26/2026 01:24:12 - INFO - src.trainer -   {'loss': 1.446606159210205, 'learning_rate': 1e-06, 'global_step': 10410, 'zo_forward_step': 20822, 'max_steps': 20000, 'max_zo_forward_steps': 0, 'time': 1427, 'eps': 3e-05}
03/26/2026 01:24:13 - INFO - src.trainer -   {'loss': 1.4353331327438354, 'learning_rate': 1e-06, 'global_step': 10420, 'zo_forward_step': 20842, 'max_steps': 20000, 'max_zo_forward_steps': 0, 'time': 1428, 'eps': 3e-05}
03/26/2026 01:24:15 - INFO - src.trainer -   {'loss': 0.9175393581390381, 'learning_rate': 1e-06, 'global_step': 10430, 'zo_forward_step': 20862, 'max_steps': 20000, 'max_zo_forward_steps': 0, 'time': 1430, 'eps': 3e-05}
03/26/2026 01:24:16 - INFO - src.trainer -   {'loss': 1.4473553895950317, 'learning_rate': 1e-06, 'global_step': 10440, 'zo_forward_step': 20882, 'max_steps': 20000, 'max_zo_forward_steps': 0, 'time': 1431, 'eps': 3e-05}
03/26/2026 01:24:17 - INFO - src.trainer -   {'loss': 1.4372344017028809, 'learning_rate': 1e-06, 'global_step': 10450, 'zo_forward_step': 20902, 'max_steps': 20000, 'max_zo_forward_steps': 0, 'time': 1432, 'eps': 3e-05}
03/26/2026 01:24:18 - INFO - src.trainer -   {'loss': 0.918731153011322, 'learning_rate': 1e-06, 'global_step': 10460, 'zo_forward_step': 20922, 'max_steps': 20000, 'max_zo_forward_steps': 0, 'time': 1433, 'eps': 3e-05}
03/26/2026 01:24:19 - INFO - src.trainer -   {'loss': 1.4432233572006226, 'learning_rate': 1e-06, 'global_step': 10470, 'zo_forward_step': 20942, 'max_steps': 20000, 'max_zo_forward_steps': 0, 'time': 1434, 'eps': 3e-05}
03/26/2026 01:24:20 - INFO - src.trainer -   {'loss': 1.433349609375, 'learning_rate': 1e-06, 'global_step': 10480, 'zo_forward_step': 20962, 'max_steps': 20000, 'max_zo_forward_steps': 0, 'time': 1435, 'eps': 3e-05}
03/26/2026 01:24:22 - INFO - src.trainer -   {'loss': 0.9126192331314087, 'learning_rate': 1e-06, 'global_step': 10490, 'zo_forward_step': 20982, 'max_steps': 20000, 'max_zo_forward_steps': 0, 'time': 1436, 'eps': 3e-05}
03/26/2026 01:24:23 - INFO - src.trainer -   {'loss': 1.430814504623413, 'learning_rate': 1e-06, 'global_step': 10500, 'zo_forward_step': 21002, 'max_steps': 20000, 'max_zo_forward_steps': 0, 'time': 1438, 'eps': 3e-05}
1040it [23:36,  1.08s/it]03/26/2026 01:24:26 - INFO - src.trainer -   {'loss': 1.4409425258636475, 'learning_rate': 1e-06, 'global_step': 10510, 'zo_forward_step': 21022, 'max_steps': 20000, 'max_zo_forward_steps': 0, 'time': 1441, 'eps': 3e-05}
03/26/2026 01:24:27 - INFO - src.trainer -   {'loss': 0.9061122536659241, 'learning_rate': 1e-06, 'global_step': 10520, 'zo_forward_step': 21042, 'max_steps': 20000, 'max_zo_forward_steps': 0, 'time': 1442, 'eps': 3e-05}
03/26/2026 01:24:28 - INFO - src.trainer -   {'loss': 1.435006022453308, 'learning_rate': 1e-06, 'global_step': 10530, 'zo_forward_step': 21062, 'max_steps': 20000, 'max_zo_forward_steps': 0, 'time': 1443, 'eps': 3e-05}
03/26/2026 01:24:30 - INFO - src.trainer -   {'loss': 1.4347974061965942, 'learning_rate': 1e-06, 'global_step': 10540, 'zo_forward_step': 21082, 'max_steps': 20000, 'max_zo_forward_steps': 0, 'time': 1444, 'eps': 3e-05}
03/26/2026 01:24:31 - INFO - src.trainer -   {'loss': 0.9086289405822754, 'learning_rate': 1e-06, 'global_step': 10550, 'zo_forward_step': 21102, 'max_steps': 20000, 'max_zo_forward_steps': 0, 'time': 1446, 'eps': 3e-05}
03/26/2026 01:24:32 - INFO - src.trainer -   {'loss': 1.4217350482940674, 'learning_rate': 1e-06, 'global_step': 10560, 'zo_forward_step': 21122, 'max_steps': 20000, 'max_zo_forward_steps': 0, 'time': 1447, 'eps': 3e-05}
03/26/2026 01:24:33 - INFO - src.trainer -   {'loss': 1.4584513902664185, 'learning_rate': 1e-06, 'global_step': 10570, 'zo_forward_step': 21142, 'max_steps': 20000, 'max_zo_forward_steps': 0, 'time': 1448, 'eps': 3e-05}
03/26/2026 01:24:34 - INFO - src.trainer -   {'loss': 0.8889750242233276, 'learning_rate': 1e-06, 'global_step': 10580, 'zo_forward_step': 21162, 'max_steps': 20000, 'max_zo_forward_steps': 0, 'time': 1449, 'eps': 3e-05}
03/26/2026 01:24:35 - INFO - src.trainer -   {'loss': 1.413426160812378, 'learning_rate': 1e-06, 'global_step': 10590, 'zo_forward_step': 21182, 'max_steps': 20000, 'max_zo_forward_steps': 0, 'time': 1450, 'eps': 3e-05}
1041it [23:48,  1.62s/it]1052it [23:48,  1.10s/it]03/26/2026 01:24:37 - INFO - src.trainer -   {'eval_loss': 1.496619462966919, 'eval_acc': 0.3375}
03/26/2026 01:24:39 - INFO - src.trainer -   [zo_probe] step=10600 eps=3.000e-05 precision=fp32 n=16 mae=4.825443e-03 rmse=5.546681e-03 sign_acc=1.0000 corr=1.000000
03/26/2026 01:24:40 - INFO - src.trainer -   {'loss': 1.4646492004394531, 'learning_rate': 1e-06, 'global_step': 10600, 'zo_forward_step': 21202, 'max_steps': 20000, 'max_zo_forward_steps': 0, 'time': 1455, 'eps': 3e-05}
03/26/2026 01:24:41 - INFO - src.trainer -   {'loss': 0.8998231291770935, 'learning_rate': 1e-06, 'global_step': 10610, 'zo_forward_step': 21222, 'max_steps': 20000, 'max_zo_forward_steps': 0, 'time': 1456, 'eps': 3e-05}
03/26/2026 01:24:42 - INFO - src.trainer -   {'loss': 1.4112516641616821, 'learning_rate': 1e-06, 'global_step': 10620, 'zo_forward_step': 21242, 'max_steps': 20000, 'max_zo_forward_steps': 0, 'time': 1457, 'eps': 3e-05}
03/26/2026 01:24:43 - INFO - src.trainer -   {'loss': 1.434394121170044, 'learning_rate': 1e-06, 'global_step': 10630, 'zo_forward_step': 21262, 'max_steps': 20000, 'max_zo_forward_steps': 0, 'time': 1458, 'eps': 3e-05}
03/26/2026 01:24:44 - INFO - src.trainer -   {'loss': 0.9049292206764221, 'learning_rate': 1e-06, 'global_step': 10640, 'zo_forward_step': 21282, 'max_steps': 20000, 'max_zo_forward_steps': 0, 'time': 1459, 'eps': 3e-05}
03/26/2026 01:24:46 - INFO - src.trainer -   {'loss': 1.4407774209976196, 'learning_rate': 1e-06, 'global_step': 10650, 'zo_forward_step': 21302, 'max_steps': 20000, 'max_zo_forward_steps': 0, 'time': 1460, 'eps': 3e-05}
03/26/2026 01:24:47 - INFO - src.trainer -   {'loss': 1.4368181228637695, 'learning_rate': 1e-06, 'global_step': 10660, 'zo_forward_step': 21322, 'max_steps': 20000, 'max_zo_forward_steps': 0, 'time': 1462, 'eps': 3e-05}
03/26/2026 01:24:48 - INFO - src.trainer -   {'loss': 0.88632732629776, 'learning_rate': 1e-06, 'global_step': 10670, 'zo_forward_step': 21342, 'max_steps': 20000, 'max_zo_forward_steps': 0, 'time': 1463, 'eps': 3e-05}
03/26/2026 01:24:49 - INFO - src.trainer -   {'loss': 1.4290623664855957, 'learning_rate': 1e-06, 'global_step': 10680, 'zo_forward_step': 21362, 'max_steps': 20000, 'max_zo_forward_steps': 0, 'time': 1464, 'eps': 3e-05}
03/26/2026 01:24:50 - INFO - src.trainer -   {'loss': 1.4426085948944092, 'learning_rate': 1e-06, 'global_step': 10690, 'zo_forward_step': 21382, 'max_steps': 20000, 'max_zo_forward_steps': 0, 'time': 1465, 'eps': 3e-05}
03/26/2026 01:24:51 - INFO - src.trainer -   {'loss': 0.8681057691574097, 'learning_rate': 1e-06, 'global_step': 10700, 'zo_forward_step': 21402, 'max_steps': 20000, 'max_zo_forward_steps': 0, 'time': 1466, 'eps': 3e-05}
03/26/2026 01:24:53 - INFO - src.trainer -   {'loss': 1.4400479793548584, 'learning_rate': 1e-06, 'global_step': 10710, 'zo_forward_step': 21422, 'max_steps': 20000, 'max_zo_forward_steps': 0, 'time': 1467, 'eps': 3e-05}
03/26/2026 01:24:54 - INFO - src.trainer -   {'loss': 1.4440505504608154, 'learning_rate': 1e-06, 'global_step': 10720, 'zo_forward_step': 21442, 'max_steps': 20000, 'max_zo_forward_steps': 0, 'time': 1469, 'eps': 3e-05}
1060it [24:06,  1.10s/it]03/26/2026 01:24:55 - INFO - src.trainer -   {'loss': 0.8625971674919128, 'learning_rate': 1e-06, 'global_step': 10730, 'zo_forward_step': 21462, 'max_steps': 20000, 'max_zo_forward_steps': 0, 'time': 1470, 'eps': 3e-05}
03/26/2026 01:24:56 - INFO - src.trainer -   {'loss': 1.4361077547073364, 'learning_rate': 1e-06, 'global_step': 10740, 'zo_forward_step': 21482, 'max_steps': 20000, 'max_zo_forward_steps': 0, 'time': 1471, 'eps': 3e-05}
03/26/2026 01:24:57 - INFO - src.trainer -   {'loss': 1.456966519355774, 'learning_rate': 1e-06, 'global_step': 10750, 'zo_forward_step': 21502, 'max_steps': 20000, 'max_zo_forward_steps': 0, 'time': 1472, 'eps': 3e-05}
03/26/2026 01:24:58 - INFO - src.trainer -   {'loss': 0.8626500368118286, 'learning_rate': 1e-06, 'global_step': 10760, 'zo_forward_step': 21522, 'max_steps': 20000, 'max_zo_forward_steps': 0, 'time': 1473, 'eps': 3e-05}
03/26/2026 01:24:59 - INFO - src.trainer -   {'loss': 1.4338061809539795, 'learning_rate': 1e-06, 'global_step': 10770, 'zo_forward_step': 21542, 'max_steps': 20000, 'max_zo_forward_steps': 0, 'time': 1474, 'eps': 3e-05}
03/26/2026 01:25:01 - INFO - src.trainer -   {'loss': 1.4365020990371704, 'learning_rate': 1e-06, 'global_step': 10780, 'zo_forward_step': 21562, 'max_steps': 20000, 'max_zo_forward_steps': 0, 'time': 1476, 'eps': 3e-05}
03/26/2026 01:25:02 - INFO - src.trainer -   {'loss': 0.8649933338165283, 'learning_rate': 1e-06, 'global_step': 10790, 'zo_forward_step': 21582, 'max_steps': 20000, 'max_zo_forward_steps': 0, 'time': 1477, 'eps': 3e-05}
1061it [24:14,  1.60s/it]1072it [24:14,  1.08s/it]03/26/2026 01:25:03 - INFO - src.trainer -   {'eval_loss': 1.4994062185287476, 'eval_acc': 0.325}
03/26/2026 01:25:06 - INFO - src.trainer -   [zo_probe] step=10800 eps=3.000e-05 precision=fp32 n=16 mae=4.381480e-03 rmse=5.113421e-03 sign_acc=1.0000 corr=1.000000
03/26/2026 01:25:06 - INFO - src.trainer -   {'loss': 1.4316956996917725, 'learning_rate': 1e-06, 'global_step': 10800, 'zo_forward_step': 21602, 'max_steps': 20000, 'max_zo_forward_steps': 0, 'time': 1481, 'eps': 3e-05}
03/26/2026 01:25:07 - INFO - src.trainer -   {'loss': 1.4469056129455566, 'learning_rate': 1e-06, 'global_step': 10810, 'zo_forward_step': 21622, 'max_steps': 20000, 'max_zo_forward_steps': 0, 'time': 1482, 'eps': 3e-05}
03/26/2026 01:25:08 - INFO - src.trainer -   {'loss': 0.8427340984344482, 'learning_rate': 1e-06, 'global_step': 10820, 'zo_forward_step': 21642, 'max_steps': 20000, 'max_zo_forward_steps': 0, 'time': 1483, 'eps': 3e-05}
03/26/2026 01:25:09 - INFO - src.trainer -   {'loss': 1.4306811094284058, 'learning_rate': 1e-06, 'global_step': 10830, 'zo_forward_step': 21662, 'max_steps': 20000, 'max_zo_forward_steps': 0, 'time': 1484, 'eps': 3e-05}
03/26/2026 01:25:11 - INFO - src.trainer -   {'loss': 1.462103247642517, 'learning_rate': 1e-06, 'global_step': 10840, 'zo_forward_step': 21682, 'max_steps': 20000, 'max_zo_forward_steps': 0, 'time': 1485, 'eps': 3e-05}
03/26/2026 01:25:12 - INFO - src.trainer -   {'loss': 0.8435741662979126, 'learning_rate': 1e-06, 'global_step': 10850, 'zo_forward_step': 21702, 'max_steps': 20000, 'max_zo_forward_steps': 0, 'time': 1487, 'eps': 3e-05}
03/26/2026 01:25:13 - INFO - src.trainer -   {'loss': 1.4338841438293457, 'learning_rate': 1e-06, 'global_step': 10860, 'zo_forward_step': 21722, 'max_steps': 20000, 'max_zo_forward_steps': 0, 'time': 1488, 'eps': 3e-05}
03/26/2026 01:25:14 - INFO - src.trainer -   {'loss': 1.461808204650879, 'learning_rate': 1e-06, 'global_step': 10870, 'zo_forward_step': 21742, 'max_steps': 20000, 'max_zo_forward_steps': 0, 'time': 1489, 'eps': 3e-05}
1080it [24:26,  1.08s/it]03/26/2026 01:25:15 - INFO - src.trainer -   {'loss': 0.8433384299278259, 'learning_rate': 1e-06, 'global_step': 10880, 'zo_forward_step': 21762, 'max_steps': 20000, 'max_zo_forward_steps': 0, 'time': 1490, 'eps': 3e-05}
03/26/2026 01:25:18 - INFO - src.trainer -   {'loss': 1.4232268333435059, 'learning_rate': 1e-06, 'global_step': 10890, 'zo_forward_step': 21782, 'max_steps': 20000, 'max_zo_forward_steps': 0, 'time': 1493, 'eps': 3e-05}
03/26/2026 01:25:19 - INFO - src.trainer -   {'loss': 1.458126187324524, 'learning_rate': 1e-06, 'global_step': 10900, 'zo_forward_step': 21802, 'max_steps': 20000, 'max_zo_forward_steps': 0, 'time': 1494, 'eps': 3e-05}
03/26/2026 01:25:20 - INFO - src.trainer -   {'loss': 0.8364904522895813, 'learning_rate': 1e-06, 'global_step': 10910, 'zo_forward_step': 21822, 'max_steps': 20000, 'max_zo_forward_steps': 0, 'time': 1495, 'eps': 3e-05}
03/26/2026 01:25:21 - INFO - src.trainer -   {'loss': 1.4305739402770996, 'learning_rate': 1e-06, 'global_step': 10920, 'zo_forward_step': 21842, 'max_steps': 20000, 'max_zo_forward_steps': 0, 'time': 1496, 'eps': 3e-05}
03/26/2026 01:25:22 - INFO - src.trainer -   {'loss': 1.4500452280044556, 'learning_rate': 1e-06, 'global_step': 10930, 'zo_forward_step': 21862, 'max_steps': 20000, 'max_zo_forward_steps': 0, 'time': 1497, 'eps': 3e-05}
03/26/2026 01:25:24 - INFO - src.trainer -   {'loss': 0.8389768004417419, 'learning_rate': 1e-06, 'global_step': 10940, 'zo_forward_step': 21882, 'max_steps': 20000, 'max_zo_forward_steps': 0, 'time': 1498, 'eps': 3e-05}
03/26/2026 01:25:25 - INFO - src.trainer -   {'loss': 1.4264549016952515, 'learning_rate': 1e-06, 'global_step': 10950, 'zo_forward_step': 21902, 'max_steps': 20000, 'max_zo_forward_steps': 0, 'time': 1500, 'eps': 3e-05}
03/26/2026 01:25:26 - INFO - src.trainer -   {'loss': 1.4367789030075073, 'learning_rate': 1e-06, 'global_step': 10960, 'zo_forward_step': 21922, 'max_steps': 20000, 'max_zo_forward_steps': 0, 'time': 1501, 'eps': 3e-05}
03/26/2026 01:25:28 - INFO - src.trainer -   {'loss': 0.8410254716873169, 'learning_rate': 1e-06, 'global_step': 10970, 'zo_forward_step': 21942, 'max_steps': 20000, 'max_zo_forward_steps': 0, 'time': 1503, 'eps': 3e-05}
03/26/2026 01:25:30 - INFO - src.trainer -   {'loss': 1.421314001083374, 'learning_rate': 1e-06, 'global_step': 10980, 'zo_forward_step': 21962, 'max_steps': 20000, 'max_zo_forward_steps': 0, 'time': 1504, 'eps': 3e-05}
03/26/2026 01:25:31 - INFO - src.trainer -   {'loss': 1.4421132802963257, 'learning_rate': 1e-06, 'global_step': 10990, 'zo_forward_step': 21982, 'max_steps': 20000, 'max_zo_forward_steps': 0, 'time': 1506, 'eps': 3e-05}
1081it [24:43,  1.67s/it]1092it [24:43,  1.13s/it]03/26/2026 01:25:32 - INFO - src.trainer -   {'eval_loss': 1.4953798055648804, 'eval_acc': 0.3375}
03/26/2026 01:25:34 - INFO - src.trainer -   [zo_probe] step=11000 eps=3.000e-05 precision=fp32 n=16 mae=4.380286e-03 rmse=5.407888e-03 sign_acc=1.0000 corr=1.000000
03/26/2026 01:25:34 - INFO - src.trainer -   {'loss': 0.8281253576278687, 'learning_rate': 1e-06, 'global_step': 11000, 'zo_forward_step': 22002, 'max_steps': 20000, 'max_zo_forward_steps': 0, 'time': 1509, 'eps': 3e-05}
03/26/2026 01:25:35 - INFO - src.trainer -   {'loss': 1.419816493988037, 'learning_rate': 1e-06, 'global_step': 11010, 'zo_forward_step': 22022, 'max_steps': 20000, 'max_zo_forward_steps': 0, 'time': 1510, 'eps': 3e-05}
03/26/2026 01:25:36 - INFO - src.trainer -   {'loss': 1.4509459733963013, 'learning_rate': 1e-06, 'global_step': 11020, 'zo_forward_step': 22042, 'max_steps': 20000, 'max_zo_forward_steps': 0, 'time': 1511, 'eps': 3e-05}
03/26/2026 01:25:39 - INFO - src.trainer -   {'loss': 0.8444835543632507, 'learning_rate': 1e-06, 'global_step': 11030, 'zo_forward_step': 22062, 'max_steps': 20000, 'max_zo_forward_steps': 0, 'time': 1514, 'eps': 3e-05}
03/26/2026 01:25:40 - INFO - src.trainer -   {'loss': 1.4320414066314697, 'learning_rate': 1e-06, 'global_step': 11040, 'zo_forward_step': 22082, 'max_steps': 20000, 'max_zo_forward_steps': 0, 'time': 1515, 'eps': 3e-05}
03/26/2026 01:25:41 - INFO - src.trainer -   {'loss': 1.440349817276001, 'learning_rate': 1e-06, 'global_step': 11050, 'zo_forward_step': 22102, 'max_steps': 20000, 'max_zo_forward_steps': 0, 'time': 1516, 'eps': 3e-05}
03/26/2026 01:25:43 - INFO - src.trainer -   {'loss': 0.8271233439445496, 'learning_rate': 1e-06, 'global_step': 11060, 'zo_forward_step': 22122, 'max_steps': 20000, 'max_zo_forward_steps': 0, 'time': 1518, 'eps': 3e-05}
03/26/2026 01:25:44 - INFO - src.trainer -   {'loss': 1.4311491250991821, 'learning_rate': 1e-06, 'global_step': 11070, 'zo_forward_step': 22142, 'max_steps': 20000, 'max_zo_forward_steps': 0, 'time': 1519, 'eps': 3e-05}
1100it [24:56,  1.13s/it]03/26/2026 01:25:45 - INFO - src.trainer -   {'loss': 1.4504488706588745, 'learning_rate': 1e-06, 'global_step': 11080, 'zo_forward_step': 22162, 'max_steps': 20000, 'max_zo_forward_steps': 0, 'time': 1520, 'eps': 3e-05}
03/26/2026 01:25:46 - INFO - src.trainer -   {'loss': 0.8260040283203125, 'learning_rate': 1e-06, 'global_step': 11090, 'zo_forward_step': 22182, 'max_steps': 20000, 'max_zo_forward_steps': 0, 'time': 1521, 'eps': 3e-05}
03/26/2026 01:25:47 - INFO - src.trainer -   {'loss': 1.4257090091705322, 'learning_rate': 1e-06, 'global_step': 11100, 'zo_forward_step': 22202, 'max_steps': 20000, 'max_zo_forward_steps': 0, 'time': 1522, 'eps': 3e-05}
03/26/2026 01:25:48 - INFO - src.trainer -   {'loss': 1.447746992111206, 'learning_rate': 1e-06, 'global_step': 11110, 'zo_forward_step': 22222, 'max_steps': 20000, 'max_zo_forward_steps': 0, 'time': 1523, 'eps': 3e-05}
03/26/2026 01:25:50 - INFO - src.trainer -   {'loss': 0.8265477418899536, 'learning_rate': 1e-06, 'global_step': 11120, 'zo_forward_step': 22242, 'max_steps': 20000, 'max_zo_forward_steps': 0, 'time': 1524, 'eps': 3e-05}
03/26/2026 01:25:51 - INFO - src.trainer -   {'loss': 1.4308717250823975, 'learning_rate': 1e-06, 'global_step': 11130, 'zo_forward_step': 22262, 'max_steps': 20000, 'max_zo_forward_steps': 0, 'time': 1526, 'eps': 3e-05}
03/26/2026 01:25:52 - INFO - src.trainer -   {'loss': 1.4419695138931274, 'learning_rate': 1e-06, 'global_step': 11140, 'zo_forward_step': 22282, 'max_steps': 20000, 'max_zo_forward_steps': 0, 'time': 1527, 'eps': 3e-05}
03/26/2026 01:25:53 - INFO - src.trainer -   {'loss': 0.8197848200798035, 'learning_rate': 1e-06, 'global_step': 11150, 'zo_forward_step': 22302, 'max_steps': 20000, 'max_zo_forward_steps': 0, 'time': 1528, 'eps': 3e-05}
03/26/2026 01:25:54 - INFO - src.trainer -   {'loss': 1.4280180931091309, 'learning_rate': 1e-06, 'global_step': 11160, 'zo_forward_step': 22322, 'max_steps': 20000, 'max_zo_forward_steps': 0, 'time': 1529, 'eps': 3e-05}
03/26/2026 01:25:56 - INFO - src.trainer -   {'loss': 1.4578323364257812, 'learning_rate': 1e-06, 'global_step': 11170, 'zo_forward_step': 22342, 'max_steps': 20000, 'max_zo_forward_steps': 0, 'time': 1531, 'eps': 3e-05}
03/26/2026 01:25:58 - INFO - src.trainer -   {'loss': 0.8004145622253418, 'learning_rate': 1e-06, 'global_step': 11180, 'zo_forward_step': 22362, 'max_steps': 20000, 'max_zo_forward_steps': 0, 'time': 1532, 'eps': 3e-05}
03/26/2026 01:25:59 - INFO - src.trainer -   {'loss': 1.4248929023742676, 'learning_rate': 1e-06, 'global_step': 11190, 'zo_forward_step': 22382, 'max_steps': 20000, 'max_zo_forward_steps': 0, 'time': 1534, 'eps': 3e-05}
1101it [25:11,  1.67s/it]1112it [25:11,  1.13s/it]03/26/2026 01:26:00 - INFO - src.trainer -   {'eval_loss': 1.4914048910140991, 'eval_acc': 0.3375}
03/26/2026 01:26:03 - INFO - src.trainer -   [zo_probe] step=11200 eps=3.000e-05 precision=fp32 n=16 mae=1.814035e-02 rmse=2.814832e-02 sign_acc=1.0000 corr=1.000000
03/26/2026 01:26:03 - INFO - src.trainer -   {'loss': 1.4623987674713135, 'learning_rate': 1e-06, 'global_step': 11200, 'zo_forward_step': 22402, 'max_steps': 20000, 'max_zo_forward_steps': 0, 'time': 1538, 'eps': 3e-05}
03/26/2026 01:26:04 - INFO - src.trainer -   {'loss': 0.8056105971336365, 'learning_rate': 1e-06, 'global_step': 11210, 'zo_forward_step': 22422, 'max_steps': 20000, 'max_zo_forward_steps': 0, 'time': 1539, 'eps': 3e-05}
03/26/2026 01:26:05 - INFO - src.trainer -   {'loss': 1.4363372325897217, 'learning_rate': 1e-06, 'global_step': 11220, 'zo_forward_step': 22442, 'max_steps': 20000, 'max_zo_forward_steps': 0, 'time': 1540, 'eps': 3e-05}
03/26/2026 01:26:06 - INFO - src.trainer -   {'loss': 1.4487218856811523, 'learning_rate': 1e-06, 'global_step': 11230, 'zo_forward_step': 22462, 'max_steps': 20000, 'max_zo_forward_steps': 0, 'time': 1541, 'eps': 3e-05}
03/26/2026 01:26:08 - INFO - src.trainer -   {'loss': 0.8443788290023804, 'learning_rate': 1e-06, 'global_step': 11240, 'zo_forward_step': 22482, 'max_steps': 20000, 'max_zo_forward_steps': 0, 'time': 1542, 'eps': 3e-05}
03/26/2026 01:26:09 - INFO - src.trainer -   {'loss': 1.4041028022766113, 'learning_rate': 1e-06, 'global_step': 11250, 'zo_forward_step': 22502, 'max_steps': 20000, 'max_zo_forward_steps': 0, 'time': 1544, 'eps': 3e-05}
03/26/2026 01:26:10 - INFO - src.trainer -   {'loss': 1.4264601469039917, 'learning_rate': 1e-06, 'global_step': 11260, 'zo_forward_step': 22522, 'max_steps': 20000, 'max_zo_forward_steps': 0, 'time': 1545, 'eps': 3e-05}
03/26/2026 01:26:11 - INFO - src.trainer -   {'loss': 0.8536220192909241, 'learning_rate': 1e-06, 'global_step': 11270, 'zo_forward_step': 22542, 'max_steps': 20000, 'max_zo_forward_steps': 0, 'time': 1546, 'eps': 3e-05}
03/26/2026 01:26:12 - INFO - src.trainer -   {'loss': 1.3843239545822144, 'learning_rate': 1e-06, 'global_step': 11280, 'zo_forward_step': 22562, 'max_steps': 20000, 'max_zo_forward_steps': 0, 'time': 1547, 'eps': 3e-05}
03/26/2026 01:26:13 - INFO - src.trainer -   {'loss': 1.433052659034729, 'learning_rate': 1e-06, 'global_step': 11290, 'zo_forward_step': 22582, 'max_steps': 20000, 'max_zo_forward_steps': 0, 'time': 1548, 'eps': 3e-05}
03/26/2026 01:26:14 - INFO - src.trainer -   {'loss': 0.8529123067855835, 'learning_rate': 1e-06, 'global_step': 11300, 'zo_forward_step': 22602, 'max_steps': 20000, 'max_zo_forward_steps': 0, 'time': 1549, 'eps': 3e-05}
1120it [25:26,  1.13s/it]03/26/2026 01:26:16 - INFO - src.trainer -   {'loss': 1.3961211442947388, 'learning_rate': 1e-06, 'global_step': 11310, 'zo_forward_step': 22622, 'max_steps': 20000, 'max_zo_forward_steps': 0, 'time': 1550, 'eps': 3e-05}
03/26/2026 01:26:17 - INFO - src.trainer -   {'loss': 1.4261581897735596, 'learning_rate': 1e-06, 'global_step': 11320, 'zo_forward_step': 22642, 'max_steps': 20000, 'max_zo_forward_steps': 0, 'time': 1552, 'eps': 3e-05}
03/26/2026 01:26:18 - INFO - src.trainer -   {'loss': 0.8478679656982422, 'learning_rate': 1e-06, 'global_step': 11330, 'zo_forward_step': 22662, 'max_steps': 20000, 'max_zo_forward_steps': 0, 'time': 1553, 'eps': 3e-05}
03/26/2026 01:26:19 - INFO - src.trainer -   {'loss': 1.4037431478500366, 'learning_rate': 1e-06, 'global_step': 11340, 'zo_forward_step': 22682, 'max_steps': 20000, 'max_zo_forward_steps': 0, 'time': 1554, 'eps': 3e-05}
03/26/2026 01:26:20 - INFO - src.trainer -   {'loss': 1.4110535383224487, 'learning_rate': 1e-06, 'global_step': 11350, 'zo_forward_step': 22702, 'max_steps': 20000, 'max_zo_forward_steps': 0, 'time': 1555, 'eps': 3e-05}
03/26/2026 01:26:21 - INFO - src.trainer -   {'loss': 0.8586311340332031, 'learning_rate': 1e-06, 'global_step': 11360, 'zo_forward_step': 22722, 'max_steps': 20000, 'max_zo_forward_steps': 0, 'time': 1556, 'eps': 3e-05}
03/26/2026 01:26:23 - INFO - src.trainer -   {'loss': 1.410911202430725, 'learning_rate': 1e-06, 'global_step': 11370, 'zo_forward_step': 22742, 'max_steps': 20000, 'max_zo_forward_steps': 0, 'time': 1558, 'eps': 3e-05}
03/26/2026 01:26:24 - INFO - src.trainer -   {'loss': 1.436570644378662, 'learning_rate': 1e-06, 'global_step': 11380, 'zo_forward_step': 22762, 'max_steps': 20000, 'max_zo_forward_steps': 0, 'time': 1559, 'eps': 3e-05}
03/26/2026 01:26:25 - INFO - src.trainer -   {'loss': 0.8364768624305725, 'learning_rate': 1e-06, 'global_step': 11390, 'zo_forward_step': 22782, 'max_steps': 20000, 'max_zo_forward_steps': 0, 'time': 1560, 'eps': 3e-05}
1121it [25:37,  1.62s/it]1132it [25:37,  1.10s/it]03/26/2026 01:26:26 - INFO - src.trainer -   {'eval_loss': 1.482605218887329, 'eval_acc': 0.3875}
03/26/2026 01:26:26 - INFO - src.trainer -   Best dev result: 0.3875
03/26/2026 01:26:29 - INFO - src.trainer -   [zo_probe] step=11400 eps=3.000e-05 precision=fp32 n=16 mae=1.129709e-02 rmse=1.663533e-02 sign_acc=1.0000 corr=1.000000
03/26/2026 01:26:30 - INFO - src.trainer -   {'loss': 1.4089463949203491, 'learning_rate': 1e-06, 'global_step': 11400, 'zo_forward_step': 22802, 'max_steps': 20000, 'max_zo_forward_steps': 0, 'time': 1564, 'eps': 3e-05}
03/26/2026 01:26:31 - INFO - src.trainer -   {'loss': 1.4445480108261108, 'learning_rate': 1e-06, 'global_step': 11410, 'zo_forward_step': 22822, 'max_steps': 20000, 'max_zo_forward_steps': 0, 'time': 1566, 'eps': 3e-05}
03/26/2026 01:26:32 - INFO - src.trainer -   {'loss': 0.8427441716194153, 'learning_rate': 1e-06, 'global_step': 11420, 'zo_forward_step': 22842, 'max_steps': 20000, 'max_zo_forward_steps': 0, 'time': 1567, 'eps': 3e-05}
03/26/2026 01:26:33 - INFO - src.trainer -   {'loss': 1.3979401588439941, 'learning_rate': 1e-06, 'global_step': 11430, 'zo_forward_step': 22862, 'max_steps': 20000, 'max_zo_forward_steps': 0, 'time': 1568, 'eps': 3e-05}
03/26/2026 01:26:34 - INFO - src.trainer -   {'loss': 1.4516404867172241, 'learning_rate': 1e-06, 'global_step': 11440, 'zo_forward_step': 22882, 'max_steps': 20000, 'max_zo_forward_steps': 0, 'time': 1569, 'eps': 3e-05}
03/26/2026 01:26:35 - INFO - src.trainer -   {'loss': 0.8251720666885376, 'learning_rate': 1e-06, 'global_step': 11450, 'zo_forward_step': 22902, 'max_steps': 20000, 'max_zo_forward_steps': 0, 'time': 1570, 'eps': 3e-05}
03/26/2026 01:26:37 - INFO - src.trainer -   {'loss': 1.3912733793258667, 'learning_rate': 1e-06, 'global_step': 11460, 'zo_forward_step': 22922, 'max_steps': 20000, 'max_zo_forward_steps': 0, 'time': 1572, 'eps': 3e-05}
03/26/2026 01:26:38 - INFO - src.trainer -   {'loss': 1.458926796913147, 'learning_rate': 1e-06, 'global_step': 11470, 'zo_forward_step': 22942, 'max_steps': 20000, 'max_zo_forward_steps': 0, 'time': 1573, 'eps': 3e-05}
03/26/2026 01:26:40 - INFO - src.trainer -   {'loss': 0.8293470144271851, 'learning_rate': 1e-06, 'global_step': 11480, 'zo_forward_step': 22962, 'max_steps': 20000, 'max_zo_forward_steps': 0, 'time': 1575, 'eps': 3e-05}
03/26/2026 01:26:41 - INFO - src.trainer -   {'loss': 1.367422342300415, 'learning_rate': 1e-06, 'global_step': 11490, 'zo_forward_step': 22982, 'max_steps': 20000, 'max_zo_forward_steps': 0, 'time': 1576, 'eps': 3e-05}
03/26/2026 01:26:42 - INFO - src.trainer -   {'loss': 1.4561818838119507, 'learning_rate': 1e-06, 'global_step': 11500, 'zo_forward_step': 23002, 'max_steps': 20000, 'max_zo_forward_steps': 0, 'time': 1577, 'eps': 3e-05}
03/26/2026 01:26:44 - INFO - src.trainer -   {'loss': 0.820302426815033, 'learning_rate': 1e-06, 'global_step': 11510, 'zo_forward_step': 23022, 'max_steps': 20000, 'max_zo_forward_steps': 0, 'time': 1578, 'eps': 3e-05}
1140it [25:56,  1.10s/it]03/26/2026 01:26:45 - INFO - src.trainer -   {'loss': 1.3860416412353516, 'learning_rate': 1e-06, 'global_step': 11520, 'zo_forward_step': 23042, 'max_steps': 20000, 'max_zo_forward_steps': 0, 'time': 1580, 'eps': 3e-05}
03/26/2026 01:26:46 - INFO - src.trainer -   {'loss': 1.4435282945632935, 'learning_rate': 1e-06, 'global_step': 11530, 'zo_forward_step': 23062, 'max_steps': 20000, 'max_zo_forward_steps': 0, 'time': 1581, 'eps': 3e-05}
03/26/2026 01:26:47 - INFO - src.trainer -   {'loss': 0.8119432926177979, 'learning_rate': 1e-06, 'global_step': 11540, 'zo_forward_step': 23082, 'max_steps': 20000, 'max_zo_forward_steps': 0, 'time': 1582, 'eps': 3e-05}
03/26/2026 01:26:48 - INFO - src.trainer -   {'loss': 1.382651686668396, 'learning_rate': 1e-06, 'global_step': 11550, 'zo_forward_step': 23102, 'max_steps': 20000, 'max_zo_forward_steps': 0, 'time': 1583, 'eps': 3e-05}
03/26/2026 01:26:49 - INFO - src.trainer -   {'loss': 1.4308239221572876, 'learning_rate': 1e-06, 'global_step': 11560, 'zo_forward_step': 23122, 'max_steps': 20000, 'max_zo_forward_steps': 0, 'time': 1584, 'eps': 3e-05}
03/26/2026 01:26:50 - INFO - src.trainer -   {'loss': 0.8216273784637451, 'learning_rate': 1e-06, 'global_step': 11570, 'zo_forward_step': 23142, 'max_steps': 20000, 'max_zo_forward_steps': 0, 'time': 1585, 'eps': 3e-05}
03/26/2026 01:26:52 - INFO - src.trainer -   {'loss': 1.3827086687088013, 'learning_rate': 1e-06, 'global_step': 11580, 'zo_forward_step': 23162, 'max_steps': 20000, 'max_zo_forward_steps': 0, 'time': 1586, 'eps': 3e-05}
03/26/2026 01:26:53 - INFO - src.trainer -   {'loss': 1.4419080018997192, 'learning_rate': 1e-06, 'global_step': 11590, 'zo_forward_step': 23182, 'max_steps': 20000, 'max_zo_forward_steps': 0, 'time': 1588, 'eps': 3e-05}
1141it [26:05,  1.64s/it]1152it [26:05,  1.11s/it]03/26/2026 01:26:54 - INFO - src.trainer -   {'eval_loss': 1.4826033115386963, 'eval_acc': 0.35}
03/26/2026 01:26:56 - INFO - src.trainer -   [zo_probe] step=11600 eps=3.000e-05 precision=fp32 n=16 mae=3.745027e-03 rmse=4.865628e-03 sign_acc=1.0000 corr=1.000000
03/26/2026 01:26:56 - INFO - src.trainer -   {'loss': 0.8103301525115967, 'learning_rate': 1e-06, 'global_step': 11600, 'zo_forward_step': 23202, 'max_steps': 20000, 'max_zo_forward_steps': 0, 'time': 1591, 'eps': 3e-05}
03/26/2026 01:26:57 - INFO - src.trainer -   {'loss': 1.398975133895874, 'learning_rate': 1e-06, 'global_step': 11610, 'zo_forward_step': 23222, 'max_steps': 20000, 'max_zo_forward_steps': 0, 'time': 1592, 'eps': 3e-05}
03/26/2026 01:26:58 - INFO - src.trainer -   {'loss': 1.4435267448425293, 'learning_rate': 1e-06, 'global_step': 11620, 'zo_forward_step': 23242, 'max_steps': 20000, 'max_zo_forward_steps': 0, 'time': 1593, 'eps': 3e-05}
03/26/2026 01:27:00 - INFO - src.trainer -   {'loss': 0.7995986938476562, 'learning_rate': 1e-06, 'global_step': 11630, 'zo_forward_step': 23262, 'max_steps': 20000, 'max_zo_forward_steps': 0, 'time': 1594, 'eps': 3e-05}
03/26/2026 01:27:01 - INFO - src.trainer -   {'loss': 1.3841432332992554, 'learning_rate': 1e-06, 'global_step': 11640, 'zo_forward_step': 23282, 'max_steps': 20000, 'max_zo_forward_steps': 0, 'time': 1596, 'eps': 3e-05}
03/26/2026 01:27:02 - INFO - src.trainer -   {'loss': 1.4550851583480835, 'learning_rate': 1e-06, 'global_step': 11650, 'zo_forward_step': 23302, 'max_steps': 20000, 'max_zo_forward_steps': 0, 'time': 1597, 'eps': 3e-05}
03/26/2026 01:27:03 - INFO - src.trainer -   {'loss': 0.8215028047561646, 'learning_rate': 1e-06, 'global_step': 11660, 'zo_forward_step': 23322, 'max_steps': 20000, 'max_zo_forward_steps': 0, 'time': 1598, 'eps': 3e-05}
03/26/2026 01:27:04 - INFO - src.trainer -   {'loss': 1.3785943984985352, 'learning_rate': 1e-06, 'global_step': 11670, 'zo_forward_step': 23342, 'max_steps': 20000, 'max_zo_forward_steps': 0, 'time': 1599, 'eps': 3e-05}
1160it [26:16,  1.11s/it]03/26/2026 01:27:05 - INFO - src.trainer -   {'loss': 1.452210783958435, 'learning_rate': 1e-06, 'global_step': 11680, 'zo_forward_step': 23362, 'max_steps': 20000, 'max_zo_forward_steps': 0, 'time': 1600, 'eps': 3e-05}
03/26/2026 01:27:07 - INFO - src.trainer -   {'loss': 0.8023074269294739, 'learning_rate': 1e-06, 'global_step': 11690, 'zo_forward_step': 23382, 'max_steps': 20000, 'max_zo_forward_steps': 0, 'time': 1601, 'eps': 3e-05}
03/26/2026 01:27:08 - INFO - src.trainer -   {'loss': 1.3764711618423462, 'learning_rate': 1e-06, 'global_step': 11700, 'zo_forward_step': 23402, 'max_steps': 20000, 'max_zo_forward_steps': 0, 'time': 1603, 'eps': 3e-05}
03/26/2026 01:27:09 - INFO - src.trainer -   {'loss': 1.4711235761642456, 'learning_rate': 1e-06, 'global_step': 11710, 'zo_forward_step': 23422, 'max_steps': 20000, 'max_zo_forward_steps': 0, 'time': 1604, 'eps': 3e-05}
03/26/2026 01:27:10 - INFO - src.trainer -   {'loss': 0.8084498643875122, 'learning_rate': 1e-06, 'global_step': 11720, 'zo_forward_step': 23442, 'max_steps': 20000, 'max_zo_forward_steps': 0, 'time': 1605, 'eps': 3e-05}
03/26/2026 01:27:11 - INFO - src.trainer -   {'loss': 1.376522183418274, 'learning_rate': 1e-06, 'global_step': 11730, 'zo_forward_step': 23462, 'max_steps': 20000, 'max_zo_forward_steps': 0, 'time': 1606, 'eps': 3e-05}
03/26/2026 01:27:12 - INFO - src.trainer -   {'loss': 1.4555646181106567, 'learning_rate': 1e-06, 'global_step': 11740, 'zo_forward_step': 23482, 'max_steps': 20000, 'max_zo_forward_steps': 0, 'time': 1607, 'eps': 3e-05}
03/26/2026 01:27:14 - INFO - src.trainer -   {'loss': 0.7966617941856384, 'learning_rate': 1e-06, 'global_step': 11750, 'zo_forward_step': 23502, 'max_steps': 20000, 'max_zo_forward_steps': 0, 'time': 1609, 'eps': 3e-05}
03/26/2026 01:27:15 - INFO - src.trainer -   {'loss': 1.3713176250457764, 'learning_rate': 1e-06, 'global_step': 11760, 'zo_forward_step': 23522, 'max_steps': 20000, 'max_zo_forward_steps': 0, 'time': 1610, 'eps': 3e-05}
03/26/2026 01:27:16 - INFO - src.trainer -   {'loss': 1.4561142921447754, 'learning_rate': 1e-06, 'global_step': 11770, 'zo_forward_step': 23542, 'max_steps': 20000, 'max_zo_forward_steps': 0, 'time': 1611, 'eps': 3e-05}
03/26/2026 01:27:17 - INFO - src.trainer -   {'loss': 0.8008531332015991, 'learning_rate': 1e-06, 'global_step': 11780, 'zo_forward_step': 23562, 'max_steps': 20000, 'max_zo_forward_steps': 0, 'time': 1612, 'eps': 3e-05}
03/26/2026 01:27:19 - INFO - src.trainer -   {'loss': 1.370556354522705, 'learning_rate': 1e-06, 'global_step': 11790, 'zo_forward_step': 23582, 'max_steps': 20000, 'max_zo_forward_steps': 0, 'time': 1613, 'eps': 3e-05}
1161it [26:31,  1.59s/it]1172it [26:31,  1.08s/it]03/26/2026 01:27:20 - INFO - src.trainer -   {'eval_loss': 1.4867241382598877, 'eval_acc': 0.3125}
03/26/2026 01:27:23 - INFO - src.trainer -   [zo_probe] step=11800 eps=3.000e-05 precision=fp32 n=16 mae=4.343893e-02 rmse=6.636880e-02 sign_acc=1.0000 corr=0.999999
03/26/2026 01:27:23 - INFO - src.trainer -   {'loss': 1.4466320276260376, 'learning_rate': 1e-06, 'global_step': 11800, 'zo_forward_step': 23602, 'max_steps': 20000, 'max_zo_forward_steps': 0, 'time': 1618, 'eps': 3e-05}
03/26/2026 01:27:24 - INFO - src.trainer -   {'loss': 0.8242930173873901, 'learning_rate': 1e-06, 'global_step': 11810, 'zo_forward_step': 23622, 'max_steps': 20000, 'max_zo_forward_steps': 0, 'time': 1619, 'eps': 3e-05}
03/26/2026 01:27:25 - INFO - src.trainer -   {'loss': 1.386048436164856, 'learning_rate': 1e-06, 'global_step': 11820, 'zo_forward_step': 23642, 'max_steps': 20000, 'max_zo_forward_steps': 0, 'time': 1620, 'eps': 3e-05}
03/26/2026 01:27:27 - INFO - src.trainer -   {'loss': 1.4310184717178345, 'learning_rate': 1e-06, 'global_step': 11830, 'zo_forward_step': 23662, 'max_steps': 20000, 'max_zo_forward_steps': 0, 'time': 1621, 'eps': 3e-05}
03/26/2026 01:27:28 - INFO - src.trainer -   {'loss': 0.8368985652923584, 'learning_rate': 1e-06, 'global_step': 11840, 'zo_forward_step': 23682, 'max_steps': 20000, 'max_zo_forward_steps': 0, 'time': 1623, 'eps': 3e-05}
03/26/2026 01:27:29 - INFO - src.trainer -   {'loss': 1.3708786964416504, 'learning_rate': 1e-06, 'global_step': 11850, 'zo_forward_step': 23702, 'max_steps': 20000, 'max_zo_forward_steps': 0, 'time': 1624, 'eps': 3e-05}
03/26/2026 01:27:30 - INFO - src.trainer -   {'loss': 1.4337165355682373, 'learning_rate': 1e-06, 'global_step': 11860, 'zo_forward_step': 23722, 'max_steps': 20000, 'max_zo_forward_steps': 0, 'time': 1625, 'eps': 3e-05}
03/26/2026 01:27:31 - INFO - src.trainer -   {'loss': 0.8299249410629272, 'learning_rate': 1e-06, 'global_step': 11870, 'zo_forward_step': 23742, 'max_steps': 20000, 'max_zo_forward_steps': 0, 'time': 1626, 'eps': 3e-05}
03/26/2026 01:27:32 - INFO - src.trainer -   {'loss': 1.3665452003479004, 'learning_rate': 1e-06, 'global_step': 11880, 'zo_forward_step': 23762, 'max_steps': 20000, 'max_zo_forward_steps': 0, 'time': 1627, 'eps': 3e-05}
03/26/2026 01:27:34 - INFO - src.trainer -   {'loss': 1.4197998046875, 'learning_rate': 1e-06, 'global_step': 11890, 'zo_forward_step': 23782, 'max_steps': 20000, 'max_zo_forward_steps': 0, 'time': 1629, 'eps': 3e-05}
1180it [26:46,  1.08s/it]03/26/2026 01:27:35 - INFO - src.trainer -   {'loss': 0.8210957646369934, 'learning_rate': 1e-06, 'global_step': 11900, 'zo_forward_step': 23802, 'max_steps': 20000, 'max_zo_forward_steps': 0, 'time': 1630, 'eps': 3e-05}
03/26/2026 01:27:36 - INFO - src.trainer -   {'loss': 1.363838791847229, 'learning_rate': 1e-06, 'global_step': 11910, 'zo_forward_step': 23822, 'max_steps': 20000, 'max_zo_forward_steps': 0, 'time': 1631, 'eps': 3e-05}
03/26/2026 01:27:37 - INFO - src.trainer -   {'loss': 1.4376717805862427, 'learning_rate': 1e-06, 'global_step': 11920, 'zo_forward_step': 23842, 'max_steps': 20000, 'max_zo_forward_steps': 0, 'time': 1632, 'eps': 3e-05}
03/26/2026 01:27:38 - INFO - src.trainer -   {'loss': 0.8322198390960693, 'learning_rate': 1e-06, 'global_step': 11930, 'zo_forward_step': 23862, 'max_steps': 20000, 'max_zo_forward_steps': 0, 'time': 1633, 'eps': 3e-05}
03/26/2026 01:27:39 - INFO - src.trainer -   {'loss': 1.3518096208572388, 'learning_rate': 1e-06, 'global_step': 11940, 'zo_forward_step': 23882, 'max_steps': 20000, 'max_zo_forward_steps': 0, 'time': 1634, 'eps': 3e-05}
03/26/2026 01:27:41 - INFO - src.trainer -   {'loss': 1.4241564273834229, 'learning_rate': 1e-06, 'global_step': 11950, 'zo_forward_step': 23902, 'max_steps': 20000, 'max_zo_forward_steps': 0, 'time': 1635, 'eps': 3e-05}
03/26/2026 01:27:42 - INFO - src.trainer -   {'loss': 0.829931914806366, 'learning_rate': 1e-06, 'global_step': 11960, 'zo_forward_step': 23922, 'max_steps': 20000, 'max_zo_forward_steps': 0, 'time': 1637, 'eps': 3e-05}
03/26/2026 01:27:43 - INFO - src.trainer -   {'loss': 1.363157033920288, 'learning_rate': 1e-06, 'global_step': 11970, 'zo_forward_step': 23942, 'max_steps': 20000, 'max_zo_forward_steps': 0, 'time': 1638, 'eps': 3e-05}
03/26/2026 01:27:44 - INFO - src.trainer -   {'loss': 1.427993893623352, 'learning_rate': 1e-06, 'global_step': 11980, 'zo_forward_step': 23962, 'max_steps': 20000, 'max_zo_forward_steps': 0, 'time': 1639, 'eps': 3e-05}
03/26/2026 01:27:45 - INFO - src.trainer -   {'loss': 0.8371068835258484, 'learning_rate': 1e-06, 'global_step': 11990, 'zo_forward_step': 23982, 'max_steps': 20000, 'max_zo_forward_steps': 0, 'time': 1640, 'eps': 3e-05}
1181it [26:57,  1.59s/it]1192it [26:58,  1.08s/it]03/26/2026 01:27:46 - INFO - src.trainer -   {'eval_loss': 1.4763044118881226, 'eval_acc': 0.3625}
03/26/2026 01:27:49 - INFO - src.trainer -   [zo_probe] step=12000 eps=3.000e-05 precision=fp32 n=16 mae=4.001796e-03 rmse=5.076912e-03 sign_acc=1.0000 corr=1.000000
03/26/2026 01:27:49 - INFO - src.trainer -   {'loss': 1.381858229637146, 'learning_rate': 1e-06, 'global_step': 12000, 'zo_forward_step': 24002, 'max_steps': 20000, 'max_zo_forward_steps': 0, 'time': 1644, 'eps': 3e-05}
03/26/2026 01:27:51 - INFO - src.trainer -   {'loss': 1.40138578414917, 'learning_rate': 1e-06, 'global_step': 12010, 'zo_forward_step': 24022, 'max_steps': 20000, 'max_zo_forward_steps': 0, 'time': 1646, 'eps': 3e-05}
03/26/2026 01:27:52 - INFO - src.trainer -   {'loss': 0.8313722610473633, 'learning_rate': 1e-06, 'global_step': 12020, 'zo_forward_step': 24042, 'max_steps': 20000, 'max_zo_forward_steps': 0, 'time': 1647, 'eps': 3e-05}
03/26/2026 01:27:53 - INFO - src.trainer -   {'loss': 1.3992401361465454, 'learning_rate': 1e-06, 'global_step': 12030, 'zo_forward_step': 24062, 'max_steps': 20000, 'max_zo_forward_steps': 0, 'time': 1648, 'eps': 3e-05}
03/26/2026 01:27:54 - INFO - src.trainer -   {'loss': 1.3970766067504883, 'learning_rate': 1e-06, 'global_step': 12040, 'zo_forward_step': 24082, 'max_steps': 20000, 'max_zo_forward_steps': 0, 'time': 1649, 'eps': 3e-05}
03/26/2026 01:27:55 - INFO - src.trainer -   {'loss': 0.8155446648597717, 'learning_rate': 1e-06, 'global_step': 12050, 'zo_forward_step': 24102, 'max_steps': 20000, 'max_zo_forward_steps': 0, 'time': 1650, 'eps': 3e-05}
03/26/2026 01:27:56 - INFO - src.trainer -   {'loss': 1.4156701564788818, 'learning_rate': 1e-06, 'global_step': 12060, 'zo_forward_step': 24122, 'max_steps': 20000, 'max_zo_forward_steps': 0, 'time': 1651, 'eps': 3e-05}
03/26/2026 01:27:58 - INFO - src.trainer -   {'loss': 1.3939956426620483, 'learning_rate': 1e-06, 'global_step': 12070, 'zo_forward_step': 24142, 'max_steps': 20000, 'max_zo_forward_steps': 0, 'time': 1653, 'eps': 3e-05}
03/26/2026 01:27:59 - INFO - src.trainer -   {'loss': 0.8208388090133667, 'learning_rate': 1e-06, 'global_step': 12080, 'zo_forward_step': 24162, 'max_steps': 20000, 'max_zo_forward_steps': 0, 'time': 1654, 'eps': 3e-05}
03/26/2026 01:28:00 - INFO - src.trainer -   {'loss': 1.4225280284881592, 'learning_rate': 1e-06, 'global_step': 12090, 'zo_forward_step': 24182, 'max_steps': 20000, 'max_zo_forward_steps': 0, 'time': 1655, 'eps': 3e-05}
03/26/2026 01:28:01 - INFO - src.trainer -   {'loss': 1.3857967853546143, 'learning_rate': 1e-06, 'global_step': 12100, 'zo_forward_step': 24202, 'max_steps': 20000, 'max_zo_forward_steps': 0, 'time': 1656, 'eps': 3e-05}
03/26/2026 01:28:02 - INFO - src.trainer -   {'loss': 0.8018531799316406, 'learning_rate': 1e-06, 'global_step': 12110, 'zo_forward_step': 24222, 'max_steps': 20000, 'max_zo_forward_steps': 0, 'time': 1657, 'eps': 3e-05}
03/26/2026 01:28:04 - INFO - src.trainer -   {'loss': 1.4138270616531372, 'learning_rate': 1e-06, 'global_step': 12120, 'zo_forward_step': 24242, 'max_steps': 20000, 'max_zo_forward_steps': 0, 'time': 1658, 'eps': 3e-05}
1200it [27:16,  1.08s/it]03/26/2026 01:28:05 - INFO - src.trainer -   {'loss': 1.4018241167068481, 'learning_rate': 1e-06, 'global_step': 12130, 'zo_forward_step': 24262, 'max_steps': 20000, 'max_zo_forward_steps': 0, 'time': 1660, 'eps': 3e-05}
03/26/2026 01:28:06 - INFO - src.trainer -   {'loss': 0.7901061177253723, 'learning_rate': 1e-06, 'global_step': 12140, 'zo_forward_step': 24282, 'max_steps': 20000, 'max_zo_forward_steps': 0, 'time': 1661, 'eps': 3e-05}
03/26/2026 01:28:07 - INFO - src.trainer -   {'loss': 1.4166425466537476, 'learning_rate': 1e-06, 'global_step': 12150, 'zo_forward_step': 24302, 'max_steps': 20000, 'max_zo_forward_steps': 0, 'time': 1662, 'eps': 3e-05}
03/26/2026 01:28:08 - INFO - src.trainer -   {'loss': 1.3951218128204346, 'learning_rate': 1e-06, 'global_step': 12160, 'zo_forward_step': 24322, 'max_steps': 20000, 'max_zo_forward_steps': 0, 'time': 1663, 'eps': 3e-05}
03/26/2026 01:28:09 - INFO - src.trainer -   {'loss': 0.7824034094810486, 'learning_rate': 1e-06, 'global_step': 12170, 'zo_forward_step': 24342, 'max_steps': 20000, 'max_zo_forward_steps': 0, 'time': 1664, 'eps': 3e-05}
03/26/2026 01:28:10 - INFO - src.trainer -   {'loss': 1.4109389781951904, 'learning_rate': 1e-06, 'global_step': 12180, 'zo_forward_step': 24362, 'max_steps': 20000, 'max_zo_forward_steps': 0, 'time': 1665, 'eps': 3e-05}
03/26/2026 01:28:12 - INFO - src.trainer -   {'loss': 1.4010605812072754, 'learning_rate': 1e-06, 'global_step': 12190, 'zo_forward_step': 24382, 'max_steps': 20000, 'max_zo_forward_steps': 0, 'time': 1667, 'eps': 3e-05}
1201it [27:24,  1.59s/it]1212it [27:24,  1.08s/it]03/26/2026 01:28:13 - INFO - src.trainer -   {'eval_loss': 1.4741084575653076, 'eval_acc': 0.4}
03/26/2026 01:28:13 - INFO - src.trainer -   Best dev result: 0.4
03/26/2026 01:28:15 - INFO - src.trainer -   [zo_probe] step=12200 eps=3.000e-05 precision=fp32 n=16 mae=2.781433e-02 rmse=5.324220e-02 sign_acc=1.0000 corr=0.999999
03/26/2026 01:28:15 - INFO - src.trainer -   {'loss': 0.7747053503990173, 'learning_rate': 1e-06, 'global_step': 12200, 'zo_forward_step': 24402, 'max_steps': 20000, 'max_zo_forward_steps': 0, 'time': 1670, 'eps': 3e-05}
03/26/2026 01:28:17 - INFO - src.trainer -   {'loss': 1.4154486656188965, 'learning_rate': 1e-06, 'global_step': 12210, 'zo_forward_step': 24422, 'max_steps': 20000, 'max_zo_forward_steps': 0, 'time': 1672, 'eps': 3e-05}
03/26/2026 01:28:18 - INFO - src.trainer -   {'loss': 1.4147623777389526, 'learning_rate': 1e-06, 'global_step': 12220, 'zo_forward_step': 24442, 'max_steps': 20000, 'max_zo_forward_steps': 0, 'time': 1673, 'eps': 3e-05}
03/26/2026 01:28:19 - INFO - src.trainer -   {'loss': 0.7736124992370605, 'learning_rate': 1e-06, 'global_step': 12230, 'zo_forward_step': 24462, 'max_steps': 20000, 'max_zo_forward_steps': 0, 'time': 1674, 'eps': 3e-05}
03/26/2026 01:28:20 - INFO - src.trainer -   {'loss': 1.3902981281280518, 'learning_rate': 1e-06, 'global_step': 12240, 'zo_forward_step': 24482, 'max_steps': 20000, 'max_zo_forward_steps': 0, 'time': 1675, 'eps': 3e-05}
03/26/2026 01:28:22 - INFO - src.trainer -   {'loss': 1.4251043796539307, 'learning_rate': 1e-06, 'global_step': 12250, 'zo_forward_step': 24502, 'max_steps': 20000, 'max_zo_forward_steps': 0, 'time': 1677, 'eps': 3e-05}
03/26/2026 01:28:23 - INFO - src.trainer -   {'loss': 0.7659860849380493, 'learning_rate': 1e-06, 'global_step': 12260, 'zo_forward_step': 24522, 'max_steps': 20000, 'max_zo_forward_steps': 0, 'time': 1678, 'eps': 3e-05}
03/26/2026 01:28:24 - INFO - src.trainer -   {'loss': 1.3894832134246826, 'learning_rate': 1e-06, 'global_step': 12270, 'zo_forward_step': 24542, 'max_steps': 20000, 'max_zo_forward_steps': 0, 'time': 1679, 'eps': 3e-05}
1220it [27:36,  1.08s/it]03/26/2026 01:28:25 - INFO - src.trainer -   {'loss': 1.437971591949463, 'learning_rate': 1e-06, 'global_step': 12280, 'zo_forward_step': 24562, 'max_steps': 20000, 'max_zo_forward_steps': 0, 'time': 1680, 'eps': 3e-05}
03/26/2026 01:28:26 - INFO - src.trainer -   {'loss': 0.7561829090118408, 'learning_rate': 1e-06, 'global_step': 12290, 'zo_forward_step': 24582, 'max_steps': 20000, 'max_zo_forward_steps': 0, 'time': 1681, 'eps': 3e-05}
03/26/2026 01:28:28 - INFO - src.trainer -   {'loss': 1.3843932151794434, 'learning_rate': 1e-06, 'global_step': 12300, 'zo_forward_step': 24602, 'max_steps': 20000, 'max_zo_forward_steps': 0, 'time': 1682, 'eps': 3e-05}
03/26/2026 01:28:29 - INFO - src.trainer -   {'loss': 1.4300442934036255, 'learning_rate': 1e-06, 'global_step': 12310, 'zo_forward_step': 24622, 'max_steps': 20000, 'max_zo_forward_steps': 0, 'time': 1684, 'eps': 3e-05}
03/26/2026 01:28:30 - INFO - src.trainer -   {'loss': 0.7563909888267517, 'learning_rate': 1e-06, 'global_step': 12320, 'zo_forward_step': 24642, 'max_steps': 20000, 'max_zo_forward_steps': 0, 'time': 1685, 'eps': 3e-05}
03/26/2026 01:28:31 - INFO - src.trainer -   {'loss': 1.3918087482452393, 'learning_rate': 1e-06, 'global_step': 12330, 'zo_forward_step': 24662, 'max_steps': 20000, 'max_zo_forward_steps': 0, 'time': 1686, 'eps': 3e-05}
03/26/2026 01:28:32 - INFO - src.trainer -   {'loss': 1.4369786977767944, 'learning_rate': 1e-06, 'global_step': 12340, 'zo_forward_step': 24682, 'max_steps': 20000, 'max_zo_forward_steps': 0, 'time': 1687, 'eps': 3e-05}
03/26/2026 01:28:33 - INFO - src.trainer -   {'loss': 0.7673203349113464, 'learning_rate': 1e-06, 'global_step': 12350, 'zo_forward_step': 24702, 'max_steps': 20000, 'max_zo_forward_steps': 0, 'time': 1688, 'eps': 3e-05}
03/26/2026 01:28:35 - INFO - src.trainer -   {'loss': 1.3751673698425293, 'learning_rate': 1e-06, 'global_step': 12360, 'zo_forward_step': 24722, 'max_steps': 20000, 'max_zo_forward_steps': 0, 'time': 1689, 'eps': 3e-05}
03/26/2026 01:28:36 - INFO - src.trainer -   {'loss': 1.4206749200820923, 'learning_rate': 1e-06, 'global_step': 12370, 'zo_forward_step': 24742, 'max_steps': 20000, 'max_zo_forward_steps': 0, 'time': 1691, 'eps': 3e-05}
03/26/2026 01:28:37 - INFO - src.trainer -   {'loss': 0.777066707611084, 'learning_rate': 1e-06, 'global_step': 12380, 'zo_forward_step': 24762, 'max_steps': 20000, 'max_zo_forward_steps': 0, 'time': 1692, 'eps': 3e-05}
03/26/2026 01:28:38 - INFO - src.trainer -   {'loss': 1.3691282272338867, 'learning_rate': 1e-06, 'global_step': 12390, 'zo_forward_step': 24782, 'max_steps': 20000, 'max_zo_forward_steps': 0, 'time': 1693, 'eps': 3e-05}
1221it [27:50,  1.58s/it]1232it [27:51,  1.07s/it]03/26/2026 01:28:39 - INFO - src.trainer -   {'eval_loss': 1.4676353931427002, 'eval_acc': 0.375}
03/26/2026 01:28:42 - INFO - src.trainer -   [zo_probe] step=12400 eps=3.000e-05 precision=fp32 n=16 mae=1.270550e-02 rmse=2.362198e-02 sign_acc=1.0000 corr=1.000000
03/26/2026 01:28:42 - INFO - src.trainer -   {'loss': 1.4021639823913574, 'learning_rate': 1e-06, 'global_step': 12400, 'zo_forward_step': 24802, 'max_steps': 20000, 'max_zo_forward_steps': 0, 'time': 1697, 'eps': 3e-05}
03/26/2026 01:28:44 - INFO - src.trainer -   {'loss': 0.8076714277267456, 'learning_rate': 1e-06, 'global_step': 12410, 'zo_forward_step': 24822, 'max_steps': 20000, 'max_zo_forward_steps': 0, 'time': 1698, 'eps': 3e-05}
03/26/2026 01:28:45 - INFO - src.trainer -   {'loss': 1.3677375316619873, 'learning_rate': 1e-06, 'global_step': 12420, 'zo_forward_step': 24842, 'max_steps': 20000, 'max_zo_forward_steps': 0, 'time': 1700, 'eps': 3e-05}
03/26/2026 01:28:46 - INFO - src.trainer -   {'loss': 1.3892780542373657, 'learning_rate': 1e-06, 'global_step': 12430, 'zo_forward_step': 24862, 'max_steps': 20000, 'max_zo_forward_steps': 0, 'time': 1701, 'eps': 3e-05}
03/26/2026 01:28:47 - INFO - src.trainer -   {'loss': 0.8214926719665527, 'learning_rate': 1e-06, 'global_step': 12440, 'zo_forward_step': 24882, 'max_steps': 20000, 'max_zo_forward_steps': 0, 'time': 1702, 'eps': 3e-05}
03/26/2026 01:28:48 - INFO - src.trainer -   {'loss': 1.3713678121566772, 'learning_rate': 1e-06, 'global_step': 12450, 'zo_forward_step': 24902, 'max_steps': 20000, 'max_zo_forward_steps': 0, 'time': 1703, 'eps': 3e-05}
03/26/2026 01:28:49 - INFO - src.trainer -   {'loss': 1.3791583776474, 'learning_rate': 1e-06, 'global_step': 12460, 'zo_forward_step': 24922, 'max_steps': 20000, 'max_zo_forward_steps': 0, 'time': 1704, 'eps': 3e-05}
03/26/2026 01:28:51 - INFO - src.trainer -   {'loss': 0.8307791352272034, 'learning_rate': 1e-06, 'global_step': 12470, 'zo_forward_step': 24942, 'max_steps': 20000, 'max_zo_forward_steps': 0, 'time': 1706, 'eps': 3e-05}
03/26/2026 01:28:52 - INFO - src.trainer -   {'loss': 1.3650227785110474, 'learning_rate': 1e-06, 'global_step': 12480, 'zo_forward_step': 24962, 'max_steps': 20000, 'max_zo_forward_steps': 0, 'time': 1707, 'eps': 3e-05}
03/26/2026 01:28:53 - INFO - src.trainer -   {'loss': 1.3741178512573242, 'learning_rate': 1e-06, 'global_step': 12490, 'zo_forward_step': 24982, 'max_steps': 20000, 'max_zo_forward_steps': 0, 'time': 1708, 'eps': 3e-05}
03/26/2026 01:28:54 - INFO - src.trainer -   {'loss': 0.8334705829620361, 'learning_rate': 1e-06, 'global_step': 12500, 'zo_forward_step': 25002, 'max_steps': 20000, 'max_zo_forward_steps': 0, 'time': 1709, 'eps': 3e-05}
1240it [28:06,  1.07s/it]03/26/2026 01:28:55 - INFO - src.trainer -   {'loss': 1.3757350444793701, 'learning_rate': 1e-06, 'global_step': 12510, 'zo_forward_step': 25022, 'max_steps': 20000, 'max_zo_forward_steps': 0, 'time': 1710, 'eps': 3e-05}
03/26/2026 01:28:58 - INFO - src.trainer -   {'loss': 1.3586318492889404, 'learning_rate': 1e-06, 'global_step': 12520, 'zo_forward_step': 25042, 'max_steps': 20000, 'max_zo_forward_steps': 0, 'time': 1713, 'eps': 3e-05}
03/26/2026 01:28:59 - INFO - src.trainer -   {'loss': 0.8419367074966431, 'learning_rate': 1e-06, 'global_step': 12530, 'zo_forward_step': 25062, 'max_steps': 20000, 'max_zo_forward_steps': 0, 'time': 1714, 'eps': 3e-05}
03/26/2026 01:29:00 - INFO - src.trainer -   {'loss': 1.367110013961792, 'learning_rate': 1e-06, 'global_step': 12540, 'zo_forward_step': 25082, 'max_steps': 20000, 'max_zo_forward_steps': 0, 'time': 1715, 'eps': 3e-05}
03/26/2026 01:29:01 - INFO - src.trainer -   {'loss': 1.3441531658172607, 'learning_rate': 1e-06, 'global_step': 12550, 'zo_forward_step': 25102, 'max_steps': 20000, 'max_zo_forward_steps': 0, 'time': 1716, 'eps': 3e-05}
03/26/2026 01:29:02 - INFO - src.trainer -   {'loss': 0.8497865796089172, 'learning_rate': 1e-06, 'global_step': 12560, 'zo_forward_step': 25122, 'max_steps': 20000, 'max_zo_forward_steps': 0, 'time': 1717, 'eps': 3e-05}
03/26/2026 01:29:03 - INFO - src.trainer -   {'loss': 1.3635609149932861, 'learning_rate': 1e-06, 'global_step': 12570, 'zo_forward_step': 25142, 'max_steps': 20000, 'max_zo_forward_steps': 0, 'time': 1718, 'eps': 3e-05}
03/26/2026 01:29:05 - INFO - src.trainer -   {'loss': 1.3428120613098145, 'learning_rate': 1e-06, 'global_step': 12580, 'zo_forward_step': 25162, 'max_steps': 20000, 'max_zo_forward_steps': 0, 'time': 1720, 'eps': 3e-05}
03/26/2026 01:29:06 - INFO - src.trainer -   {'loss': 0.85738205909729, 'learning_rate': 1e-06, 'global_step': 12590, 'zo_forward_step': 25182, 'max_steps': 20000, 'max_zo_forward_steps': 0, 'time': 1721, 'eps': 3e-05}
1241it [28:18,  1.62s/it]1252it [28:18,  1.10s/it]03/26/2026 01:29:07 - INFO - src.trainer -   {'eval_loss': 1.4507052898406982, 'eval_acc': 0.4125}
03/26/2026 01:29:07 - INFO - src.trainer -   Best dev result: 0.4125
03/26/2026 01:29:10 - INFO - src.trainer -   [zo_probe] step=12600 eps=3.000e-05 precision=fp32 n=16 mae=1.662136e-01 rmse=3.305966e-01 sign_acc=1.0000 corr=0.999966
03/26/2026 01:29:10 - INFO - src.trainer -   {'loss': 1.3459917306900024, 'learning_rate': 1e-06, 'global_step': 12600, 'zo_forward_step': 25202, 'max_steps': 20000, 'max_zo_forward_steps': 0, 'time': 1725, 'eps': 3e-05}
03/26/2026 01:29:12 - INFO - src.trainer -   {'loss': 1.3220245838165283, 'learning_rate': 1e-06, 'global_step': 12610, 'zo_forward_step': 25222, 'max_steps': 20000, 'max_zo_forward_steps': 0, 'time': 1727, 'eps': 3e-05}
03/26/2026 01:29:13 - INFO - src.trainer -   {'loss': 0.8556089401245117, 'learning_rate': 1e-06, 'global_step': 12620, 'zo_forward_step': 25242, 'max_steps': 20000, 'max_zo_forward_steps': 0, 'time': 1728, 'eps': 3e-05}
03/26/2026 01:29:14 - INFO - src.trainer -   {'loss': 1.361305594444275, 'learning_rate': 1e-06, 'global_step': 12630, 'zo_forward_step': 25262, 'max_steps': 20000, 'max_zo_forward_steps': 0, 'time': 1729, 'eps': 3e-05}
03/26/2026 01:29:15 - INFO - src.trainer -   {'loss': 1.2913134098052979, 'learning_rate': 1e-06, 'global_step': 12640, 'zo_forward_step': 25282, 'max_steps': 20000, 'max_zo_forward_steps': 0, 'time': 1730, 'eps': 3e-05}
03/26/2026 01:29:17 - INFO - src.trainer -   {'loss': 0.8420888185501099, 'learning_rate': 1e-06, 'global_step': 12650, 'zo_forward_step': 25302, 'max_steps': 20000, 'max_zo_forward_steps': 0, 'time': 1731, 'eps': 3e-05}
03/26/2026 01:29:18 - INFO - src.trainer -   {'loss': 1.3829370737075806, 'learning_rate': 1e-06, 'global_step': 12660, 'zo_forward_step': 25322, 'max_steps': 20000, 'max_zo_forward_steps': 0, 'time': 1733, 'eps': 3e-05}
03/26/2026 01:29:19 - INFO - src.trainer -   {'loss': 1.3116943836212158, 'learning_rate': 1e-06, 'global_step': 12670, 'zo_forward_step': 25342, 'max_steps': 20000, 'max_zo_forward_steps': 0, 'time': 1734, 'eps': 3e-05}
03/26/2026 01:29:20 - INFO - src.trainer -   {'loss': 0.8609061241149902, 'learning_rate': 1e-06, 'global_step': 12680, 'zo_forward_step': 25362, 'max_steps': 20000, 'max_zo_forward_steps': 0, 'time': 1735, 'eps': 3e-05}
03/26/2026 01:29:21 - INFO - src.trainer -   {'loss': 1.3542922735214233, 'learning_rate': 1e-06, 'global_step': 12690, 'zo_forward_step': 25382, 'max_steps': 20000, 'max_zo_forward_steps': 0, 'time': 1736, 'eps': 3e-05}
03/26/2026 01:29:22 - INFO - src.trainer -   {'loss': 1.3053014278411865, 'learning_rate': 1e-06, 'global_step': 12700, 'zo_forward_step': 25402, 'max_steps': 20000, 'max_zo_forward_steps': 0, 'time': 1737, 'eps': 3e-05}
03/26/2026 01:29:24 - INFO - src.trainer -   {'loss': 0.8549149632453918, 'learning_rate': 1e-06, 'global_step': 12710, 'zo_forward_step': 25422, 'max_steps': 20000, 'max_zo_forward_steps': 0, 'time': 1739, 'eps': 3e-05}
1260it [28:36,  1.10s/it]03/26/2026 01:29:25 - INFO - src.trainer -   {'loss': 1.3522063493728638, 'learning_rate': 1e-06, 'global_step': 12720, 'zo_forward_step': 25442, 'max_steps': 20000, 'max_zo_forward_steps': 0, 'time': 1740, 'eps': 3e-05}
03/26/2026 01:29:26 - INFO - src.trainer -   {'loss': 1.3114680051803589, 'learning_rate': 1e-06, 'global_step': 12730, 'zo_forward_step': 25462, 'max_steps': 20000, 'max_zo_forward_steps': 0, 'time': 1741, 'eps': 3e-05}
03/26/2026 01:29:27 - INFO - src.trainer -   {'loss': 0.8618537783622742, 'learning_rate': 1e-06, 'global_step': 12740, 'zo_forward_step': 25482, 'max_steps': 20000, 'max_zo_forward_steps': 0, 'time': 1742, 'eps': 3e-05}
03/26/2026 01:29:28 - INFO - src.trainer -   {'loss': 1.3424667119979858, 'learning_rate': 1e-06, 'global_step': 12750, 'zo_forward_step': 25502, 'max_steps': 20000, 'max_zo_forward_steps': 0, 'time': 1743, 'eps': 3e-05}
03/26/2026 01:29:29 - INFO - src.trainer -   {'loss': 1.3190609216690063, 'learning_rate': 1e-06, 'global_step': 12760, 'zo_forward_step': 25522, 'max_steps': 20000, 'max_zo_forward_steps': 0, 'time': 1744, 'eps': 3e-05}
03/26/2026 01:29:31 - INFO - src.trainer -   {'loss': 0.8614150285720825, 'learning_rate': 1e-06, 'global_step': 12770, 'zo_forward_step': 25542, 'max_steps': 20000, 'max_zo_forward_steps': 0, 'time': 1746, 'eps': 3e-05}
03/26/2026 01:29:32 - INFO - src.trainer -   {'loss': 1.355759859085083, 'learning_rate': 1e-06, 'global_step': 12780, 'zo_forward_step': 25562, 'max_steps': 20000, 'max_zo_forward_steps': 0, 'time': 1747, 'eps': 3e-05}
03/26/2026 01:29:33 - INFO - src.trainer -   {'loss': 1.3061127662658691, 'learning_rate': 1e-06, 'global_step': 12790, 'zo_forward_step': 25582, 'max_steps': 20000, 'max_zo_forward_steps': 0, 'time': 1748, 'eps': 3e-05}
1261it [28:46,  1.64s/it]1272it [28:46,  1.11s/it]03/26/2026 01:29:35 - INFO - src.trainer -   {'eval_loss': 1.4467421770095825, 'eval_acc': 0.4375}
03/26/2026 01:29:35 - INFO - src.trainer -   Best dev result: 0.4375
03/26/2026 01:29:37 - INFO - src.trainer -   [zo_probe] step=12800 eps=3.000e-05 precision=fp32 n=16 mae=1.320980e-02 rmse=2.236386e-02 sign_acc=1.0000 corr=1.000000
03/26/2026 01:29:37 - INFO - src.trainer -   {'loss': 0.8669532537460327, 'learning_rate': 1e-06, 'global_step': 12800, 'zo_forward_step': 25602, 'max_steps': 20000, 'max_zo_forward_steps': 0, 'time': 1752, 'eps': 3e-05}
03/26/2026 01:29:38 - INFO - src.trainer -   {'loss': 1.3465725183486938, 'learning_rate': 1e-06, 'global_step': 12810, 'zo_forward_step': 25622, 'max_steps': 20000, 'max_zo_forward_steps': 0, 'time': 1753, 'eps': 3e-05}
03/26/2026 01:29:39 - INFO - src.trainer -   {'loss': 1.321000099182129, 'learning_rate': 1e-06, 'global_step': 12820, 'zo_forward_step': 25642, 'max_steps': 20000, 'max_zo_forward_steps': 0, 'time': 1754, 'eps': 3e-05}
03/26/2026 01:29:40 - INFO - src.trainer -   {'loss': 0.8412951231002808, 'learning_rate': 1e-06, 'global_step': 12830, 'zo_forward_step': 25662, 'max_steps': 20000, 'max_zo_forward_steps': 0, 'time': 1755, 'eps': 3e-05}
03/26/2026 01:29:42 - INFO - src.trainer -   {'loss': 1.3526008129119873, 'learning_rate': 1e-06, 'global_step': 12840, 'zo_forward_step': 25682, 'max_steps': 20000, 'max_zo_forward_steps': 0, 'time': 1757, 'eps': 3e-05}
03/26/2026 01:29:43 - INFO - src.trainer -   {'loss': 1.3054286241531372, 'learning_rate': 1e-06, 'global_step': 12850, 'zo_forward_step': 25702, 'max_steps': 20000, 'max_zo_forward_steps': 0, 'time': 1758, 'eps': 3e-05}
03/26/2026 01:29:44 - INFO - src.trainer -   {'loss': 0.8203029036521912, 'learning_rate': 1e-06, 'global_step': 12860, 'zo_forward_step': 25722, 'max_steps': 20000, 'max_zo_forward_steps': 0, 'time': 1759, 'eps': 3e-05}
1280it [28:56,  1.11s/it]03/26/2026 01:29:45 - INFO - src.trainer -   {'loss': 1.368021845817566, 'learning_rate': 1e-06, 'global_step': 12870, 'zo_forward_step': 25742, 'max_steps': 20000, 'max_zo_forward_steps': 0, 'time': 1760, 'eps': 3e-05}
03/26/2026 01:29:46 - INFO - src.trainer -   {'loss': 1.3022453784942627, 'learning_rate': 1e-06, 'global_step': 12880, 'zo_forward_step': 25762, 'max_steps': 20000, 'max_zo_forward_steps': 0, 'time': 1761, 'eps': 3e-05}
03/26/2026 01:29:47 - INFO - src.trainer -   {'loss': 0.8105113506317139, 'learning_rate': 1e-06, 'global_step': 12890, 'zo_forward_step': 25782, 'max_steps': 20000, 'max_zo_forward_steps': 0, 'time': 1762, 'eps': 3e-05}
03/26/2026 01:29:49 - INFO - src.trainer -   {'loss': 1.3548399209976196, 'learning_rate': 1e-06, 'global_step': 12900, 'zo_forward_step': 25802, 'max_steps': 20000, 'max_zo_forward_steps': 0, 'time': 1764, 'eps': 3e-05}
03/26/2026 01:29:50 - INFO - src.trainer -   {'loss': 1.314624547958374, 'learning_rate': 1e-06, 'global_step': 12910, 'zo_forward_step': 25822, 'max_steps': 20000, 'max_zo_forward_steps': 0, 'time': 1765, 'eps': 3e-05}
03/26/2026 01:29:51 - INFO - src.trainer -   {'loss': 0.8070355653762817, 'learning_rate': 1e-06, 'global_step': 12920, 'zo_forward_step': 25842, 'max_steps': 20000, 'max_zo_forward_steps': 0, 'time': 1766, 'eps': 3e-05}
03/26/2026 01:29:52 - INFO - src.trainer -   {'loss': 1.351218342781067, 'learning_rate': 1e-06, 'global_step': 12930, 'zo_forward_step': 25862, 'max_steps': 20000, 'max_zo_forward_steps': 0, 'time': 1767, 'eps': 3e-05}
03/26/2026 01:29:53 - INFO - src.trainer -   {'loss': 1.307600498199463, 'learning_rate': 1e-06, 'global_step': 12940, 'zo_forward_step': 25882, 'max_steps': 20000, 'max_zo_forward_steps': 0, 'time': 1768, 'eps': 3e-05}
03/26/2026 01:29:55 - INFO - src.trainer -   {'loss': 0.7987208366394043, 'learning_rate': 1e-06, 'global_step': 12950, 'zo_forward_step': 25902, 'max_steps': 20000, 'max_zo_forward_steps': 0, 'time': 1770, 'eps': 3e-05}
03/26/2026 01:29:56 - INFO - src.trainer -   {'loss': 1.3534244298934937, 'learning_rate': 1e-06, 'global_step': 12960, 'zo_forward_step': 25922, 'max_steps': 20000, 'max_zo_forward_steps': 0, 'time': 1771, 'eps': 3e-05}
03/26/2026 01:29:57 - INFO - src.trainer -   {'loss': 1.3096675872802734, 'learning_rate': 1e-06, 'global_step': 12970, 'zo_forward_step': 25942, 'max_steps': 20000, 'max_zo_forward_steps': 0, 'time': 1772, 'eps': 3e-05}
03/26/2026 01:29:58 - INFO - src.trainer -   {'loss': 0.8025733232498169, 'learning_rate': 1e-06, 'global_step': 12980, 'zo_forward_step': 25962, 'max_steps': 20000, 'max_zo_forward_steps': 0, 'time': 1773, 'eps': 3e-05}
03/26/2026 01:29:59 - INFO - src.trainer -   {'loss': 1.350892424583435, 'learning_rate': 1e-06, 'global_step': 12990, 'zo_forward_step': 25982, 'max_steps': 20000, 'max_zo_forward_steps': 0, 'time': 1774, 'eps': 3e-05}
1281it [29:12,  1.59s/it]1292it [29:12,  1.08s/it]03/26/2026 01:30:01 - INFO - src.trainer -   {'eval_loss': 1.4476362466812134, 'eval_acc': 0.4}
03/26/2026 01:30:04 - INFO - src.trainer -   [zo_probe] step=13000 eps=3.000e-05 precision=fp32 n=16 mae=1.139258e-02 rmse=1.400971e-02 sign_acc=1.0000 corr=1.000000
03/26/2026 01:30:04 - INFO - src.trainer -   {'loss': 1.322924256324768, 'learning_rate': 1e-06, 'global_step': 13000, 'zo_forward_step': 26002, 'max_steps': 20000, 'max_zo_forward_steps': 0, 'time': 1779, 'eps': 3e-05}
03/26/2026 01:30:05 - INFO - src.trainer -   {'loss': 0.7819815874099731, 'learning_rate': 1e-06, 'global_step': 13010, 'zo_forward_step': 26022, 'max_steps': 20000, 'max_zo_forward_steps': 0, 'time': 1780, 'eps': 3e-05}
03/26/2026 01:30:08 - INFO - src.trainer -   {'loss': 1.3407624959945679, 'learning_rate': 1e-06, 'global_step': 13020, 'zo_forward_step': 26042, 'max_steps': 20000, 'max_zo_forward_steps': 0, 'time': 1783, 'eps': 3e-05}
03/26/2026 01:30:09 - INFO - src.trainer -   {'loss': 1.3314874172210693, 'learning_rate': 1e-06, 'global_step': 13030, 'zo_forward_step': 26062, 'max_steps': 20000, 'max_zo_forward_steps': 0, 'time': 1784, 'eps': 3e-05}
03/26/2026 01:30:11 - INFO - src.trainer -   {'loss': 0.7991023659706116, 'learning_rate': 1e-06, 'global_step': 13040, 'zo_forward_step': 26082, 'max_steps': 20000, 'max_zo_forward_steps': 0, 'time': 1785, 'eps': 3e-05}
03/26/2026 01:30:12 - INFO - src.trainer -   {'loss': 1.338168740272522, 'learning_rate': 1e-06, 'global_step': 13050, 'zo_forward_step': 26102, 'max_steps': 20000, 'max_zo_forward_steps': 0, 'time': 1787, 'eps': 3e-05}
03/26/2026 01:30:13 - INFO - src.trainer -   {'loss': 1.326503872871399, 'learning_rate': 1e-06, 'global_step': 13060, 'zo_forward_step': 26122, 'max_steps': 20000, 'max_zo_forward_steps': 0, 'time': 1788, 'eps': 3e-05}
03/26/2026 01:30:14 - INFO - src.trainer -   {'loss': 0.8058930039405823, 'learning_rate': 1e-06, 'global_step': 13070, 'zo_forward_step': 26142, 'max_steps': 20000, 'max_zo_forward_steps': 0, 'time': 1789, 'eps': 3e-05}
1300it [29:26,  1.08s/it]03/26/2026 01:30:15 - INFO - src.trainer -   {'loss': 1.3420459032058716, 'learning_rate': 1e-06, 'global_step': 13080, 'zo_forward_step': 26162, 'max_steps': 20000, 'max_zo_forward_steps': 0, 'time': 1790, 'eps': 3e-05}
03/26/2026 01:30:16 - INFO - src.trainer -   {'loss': 1.3166964054107666, 'learning_rate': 1e-06, 'global_step': 13090, 'zo_forward_step': 26182, 'max_steps': 20000, 'max_zo_forward_steps': 0, 'time': 1791, 'eps': 3e-05}
03/26/2026 01:30:18 - INFO - src.trainer -   {'loss': 0.7624415159225464, 'learning_rate': 1e-06, 'global_step': 13100, 'zo_forward_step': 26202, 'max_steps': 20000, 'max_zo_forward_steps': 0, 'time': 1793, 'eps': 3e-05}
03/26/2026 01:30:19 - INFO - src.trainer -   {'loss': 1.3327884674072266, 'learning_rate': 1e-06, 'global_step': 13110, 'zo_forward_step': 26222, 'max_steps': 20000, 'max_zo_forward_steps': 0, 'time': 1794, 'eps': 3e-05}
03/26/2026 01:30:20 - INFO - src.trainer -   {'loss': 1.343962550163269, 'learning_rate': 1e-06, 'global_step': 13120, 'zo_forward_step': 26242, 'max_steps': 20000, 'max_zo_forward_steps': 0, 'time': 1795, 'eps': 3e-05}
03/26/2026 01:30:21 - INFO - src.trainer -   {'loss': 0.7654116749763489, 'learning_rate': 1e-06, 'global_step': 13130, 'zo_forward_step': 26262, 'max_steps': 20000, 'max_zo_forward_steps': 0, 'time': 1796, 'eps': 3e-05}
03/26/2026 01:30:22 - INFO - src.trainer -   {'loss': 1.3509751558303833, 'learning_rate': 1e-06, 'global_step': 13140, 'zo_forward_step': 26282, 'max_steps': 20000, 'max_zo_forward_steps': 0, 'time': 1797, 'eps': 3e-05}
03/26/2026 01:30:24 - INFO - src.trainer -   {'loss': 1.3508838415145874, 'learning_rate': 1e-06, 'global_step': 13150, 'zo_forward_step': 26302, 'max_steps': 20000, 'max_zo_forward_steps': 0, 'time': 1798, 'eps': 3e-05}
03/26/2026 01:30:25 - INFO - src.trainer -   {'loss': 0.7770287394523621, 'learning_rate': 1e-06, 'global_step': 13160, 'zo_forward_step': 26322, 'max_steps': 20000, 'max_zo_forward_steps': 0, 'time': 1800, 'eps': 3e-05}
03/26/2026 01:30:26 - INFO - src.trainer -   {'loss': 1.341830849647522, 'learning_rate': 1e-06, 'global_step': 13170, 'zo_forward_step': 26342, 'max_steps': 20000, 'max_zo_forward_steps': 0, 'time': 1801, 'eps': 3e-05}
03/26/2026 01:30:27 - INFO - src.trainer -   {'loss': 1.3486946821212769, 'learning_rate': 1e-06, 'global_step': 13180, 'zo_forward_step': 26362, 'max_steps': 20000, 'max_zo_forward_steps': 0, 'time': 1802, 'eps': 3e-05}
03/26/2026 01:30:28 - INFO - src.trainer -   {'loss': 0.7666143178939819, 'learning_rate': 1e-06, 'global_step': 13190, 'zo_forward_step': 26382, 'max_steps': 20000, 'max_zo_forward_steps': 0, 'time': 1803, 'eps': 3e-05}
1301it [29:41,  1.66s/it]1312it [29:41,  1.13s/it]03/26/2026 01:30:29 - INFO - src.trainer -   {'eval_loss': 1.4348030090332031, 'eval_acc': 0.3875}
03/26/2026 01:30:32 - INFO - src.trainer -   [zo_probe] step=13200 eps=3.000e-05 precision=fp32 n=16 mae=4.429113e-03 rmse=4.906950e-03 sign_acc=1.0000 corr=1.000000
03/26/2026 01:30:33 - INFO - src.trainer -   {'loss': 1.3383901119232178, 'learning_rate': 1e-06, 'global_step': 13200, 'zo_forward_step': 26402, 'max_steps': 20000, 'max_zo_forward_steps': 0, 'time': 1807, 'eps': 3e-05}
03/26/2026 01:30:34 - INFO - src.trainer -   {'loss': 1.3558417558670044, 'learning_rate': 1e-06, 'global_step': 13210, 'zo_forward_step': 26422, 'max_steps': 20000, 'max_zo_forward_steps': 0, 'time': 1809, 'eps': 3e-05}
03/26/2026 01:30:35 - INFO - src.trainer -   {'loss': 0.7662366032600403, 'learning_rate': 1e-06, 'global_step': 13220, 'zo_forward_step': 26442, 'max_steps': 20000, 'max_zo_forward_steps': 0, 'time': 1810, 'eps': 3e-05}
03/26/2026 01:30:36 - INFO - src.trainer -   {'loss': 1.324511170387268, 'learning_rate': 1e-06, 'global_step': 13230, 'zo_forward_step': 26462, 'max_steps': 20000, 'max_zo_forward_steps': 0, 'time': 1811, 'eps': 3e-05}
03/26/2026 01:30:37 - INFO - src.trainer -   {'loss': 1.3533217906951904, 'learning_rate': 1e-06, 'global_step': 13240, 'zo_forward_step': 26482, 'max_steps': 20000, 'max_zo_forward_steps': 0, 'time': 1812, 'eps': 3e-05}
03/26/2026 01:30:38 - INFO - src.trainer -   {'loss': 0.7686266899108887, 'learning_rate': 1e-06, 'global_step': 13250, 'zo_forward_step': 26502, 'max_steps': 20000, 'max_zo_forward_steps': 0, 'time': 1813, 'eps': 3e-05}
03/26/2026 01:30:40 - INFO - src.trainer -   {'loss': 1.3325392007827759, 'learning_rate': 1e-06, 'global_step': 13260, 'zo_forward_step': 26522, 'max_steps': 20000, 'max_zo_forward_steps': 0, 'time': 1815, 'eps': 3e-05}
03/26/2026 01:30:41 - INFO - src.trainer -   {'loss': 1.3683260679244995, 'learning_rate': 1e-06, 'global_step': 13270, 'zo_forward_step': 26542, 'max_steps': 20000, 'max_zo_forward_steps': 0, 'time': 1816, 'eps': 3e-05}
03/26/2026 01:30:42 - INFO - src.trainer -   {'loss': 0.7596004009246826, 'learning_rate': 1e-06, 'global_step': 13280, 'zo_forward_step': 26562, 'max_steps': 20000, 'max_zo_forward_steps': 0, 'time': 1817, 'eps': 3e-05}
03/26/2026 01:30:43 - INFO - src.trainer -   {'loss': 1.3316978216171265, 'learning_rate': 1e-06, 'global_step': 13290, 'zo_forward_step': 26582, 'max_steps': 20000, 'max_zo_forward_steps': 0, 'time': 1818, 'eps': 3e-05}
03/26/2026 01:30:44 - INFO - src.trainer -   {'loss': 1.3655155897140503, 'learning_rate': 1e-06, 'global_step': 13300, 'zo_forward_step': 26602, 'max_steps': 20000, 'max_zo_forward_steps': 0, 'time': 1819, 'eps': 3e-05}
1320it [29:56,  1.13s/it]03/26/2026 01:30:45 - INFO - src.trainer -   {'loss': 0.7691437005996704, 'learning_rate': 1e-06, 'global_step': 13310, 'zo_forward_step': 26622, 'max_steps': 20000, 'max_zo_forward_steps': 0, 'time': 1820, 'eps': 3e-05}
03/26/2026 01:30:47 - INFO - src.trainer -   {'loss': 1.3256816864013672, 'learning_rate': 1e-06, 'global_step': 13320, 'zo_forward_step': 26642, 'max_steps': 20000, 'max_zo_forward_steps': 0, 'time': 1822, 'eps': 3e-05}
03/26/2026 01:30:48 - INFO - src.trainer -   {'loss': 1.3611526489257812, 'learning_rate': 1e-06, 'global_step': 13330, 'zo_forward_step': 26662, 'max_steps': 20000, 'max_zo_forward_steps': 0, 'time': 1823, 'eps': 3e-05}
03/26/2026 01:30:49 - INFO - src.trainer -   {'loss': 0.7625341415405273, 'learning_rate': 1e-06, 'global_step': 13340, 'zo_forward_step': 26682, 'max_steps': 20000, 'max_zo_forward_steps': 0, 'time': 1824, 'eps': 3e-05}
03/26/2026 01:30:50 - INFO - src.trainer -   {'loss': 1.3322385549545288, 'learning_rate': 1e-06, 'global_step': 13350, 'zo_forward_step': 26702, 'max_steps': 20000, 'max_zo_forward_steps': 0, 'time': 1825, 'eps': 3e-05}
03/26/2026 01:30:51 - INFO - src.trainer -   {'loss': 1.3557484149932861, 'learning_rate': 1e-06, 'global_step': 13360, 'zo_forward_step': 26722, 'max_steps': 20000, 'max_zo_forward_steps': 0, 'time': 1826, 'eps': 3e-05}
03/26/2026 01:30:52 - INFO - src.trainer -   {'loss': 0.7654654383659363, 'learning_rate': 1e-06, 'global_step': 13370, 'zo_forward_step': 26742, 'max_steps': 20000, 'max_zo_forward_steps': 0, 'time': 1827, 'eps': 3e-05}
03/26/2026 01:30:54 - INFO - src.trainer -   {'loss': 1.3337935209274292, 'learning_rate': 1e-06, 'global_step': 13380, 'zo_forward_step': 26762, 'max_steps': 20000, 'max_zo_forward_steps': 0, 'time': 1828, 'eps': 3e-05}
03/26/2026 01:30:55 - INFO - src.trainer -   {'loss': 1.347448706626892, 'learning_rate': 1e-06, 'global_step': 13390, 'zo_forward_step': 26782, 'max_steps': 20000, 'max_zo_forward_steps': 0, 'time': 1830, 'eps': 3e-05}
1321it [30:07,  1.62s/it]1332it [30:07,  1.10s/it]03/26/2026 01:30:56 - INFO - src.trainer -   {'eval_loss': 1.4409525394439697, 'eval_acc': 0.4375}
03/26/2026 01:30:58 - INFO - src.trainer -   [zo_probe] step=13400 eps=3.000e-05 precision=fp32 n=16 mae=5.643010e-03 rmse=6.669666e-03 sign_acc=1.0000 corr=1.000000
03/26/2026 01:30:58 - INFO - src.trainer -   {'loss': 0.7607690095901489, 'learning_rate': 1e-06, 'global_step': 13400, 'zo_forward_step': 26802, 'max_steps': 20000, 'max_zo_forward_steps': 0, 'time': 1833, 'eps': 3e-05}
03/26/2026 01:30:59 - INFO - src.trainer -   {'loss': 1.3451441526412964, 'learning_rate': 1e-06, 'global_step': 13410, 'zo_forward_step': 26822, 'max_steps': 20000, 'max_zo_forward_steps': 0, 'time': 1834, 'eps': 3e-05}
03/26/2026 01:31:01 - INFO - src.trainer -   {'loss': 1.343037724494934, 'learning_rate': 1e-06, 'global_step': 13420, 'zo_forward_step': 26842, 'max_steps': 20000, 'max_zo_forward_steps': 0, 'time': 1836, 'eps': 3e-05}
03/26/2026 01:31:02 - INFO - src.trainer -   {'loss': 0.7586521506309509, 'learning_rate': 1e-06, 'global_step': 13430, 'zo_forward_step': 26862, 'max_steps': 20000, 'max_zo_forward_steps': 0, 'time': 1837, 'eps': 3e-05}
03/26/2026 01:31:03 - INFO - src.trainer -   {'loss': 1.3404821157455444, 'learning_rate': 1e-06, 'global_step': 13440, 'zo_forward_step': 26882, 'max_steps': 20000, 'max_zo_forward_steps': 0, 'time': 1838, 'eps': 3e-05}
03/26/2026 01:31:04 - INFO - src.trainer -   {'loss': 1.3308531045913696, 'learning_rate': 1e-06, 'global_step': 13450, 'zo_forward_step': 26902, 'max_steps': 20000, 'max_zo_forward_steps': 0, 'time': 1839, 'eps': 3e-05}
03/26/2026 01:31:05 - INFO - src.trainer -   {'loss': 0.7433532476425171, 'learning_rate': 1e-06, 'global_step': 13460, 'zo_forward_step': 26922, 'max_steps': 20000, 'max_zo_forward_steps': 0, 'time': 1840, 'eps': 3e-05}
03/26/2026 01:31:07 - INFO - src.trainer -   {'loss': 1.3366183042526245, 'learning_rate': 1e-06, 'global_step': 13470, 'zo_forward_step': 26942, 'max_steps': 20000, 'max_zo_forward_steps': 0, 'time': 1842, 'eps': 3e-05}
03/26/2026 01:31:08 - INFO - src.trainer -   {'loss': 1.3321670293807983, 'learning_rate': 1e-06, 'global_step': 13480, 'zo_forward_step': 26962, 'max_steps': 20000, 'max_zo_forward_steps': 0, 'time': 1843, 'eps': 3e-05}
03/26/2026 01:31:09 - INFO - src.trainer -   {'loss': 0.7226919531822205, 'learning_rate': 1e-06, 'global_step': 13490, 'zo_forward_step': 26982, 'max_steps': 20000, 'max_zo_forward_steps': 0, 'time': 1844, 'eps': 3e-05}
03/26/2026 01:31:10 - INFO - src.trainer -   {'loss': 1.3495047092437744, 'learning_rate': 1e-06, 'global_step': 13500, 'zo_forward_step': 27002, 'max_steps': 20000, 'max_zo_forward_steps': 0, 'time': 1845, 'eps': 3e-05}
03/26/2026 01:31:11 - INFO - src.trainer -   {'loss': 1.3470287322998047, 'learning_rate': 1e-06, 'global_step': 13510, 'zo_forward_step': 27022, 'max_steps': 20000, 'max_zo_forward_steps': 0, 'time': 1846, 'eps': 3e-05}
03/26/2026 01:31:12 - INFO - src.trainer -   {'loss': 0.7176485657691956, 'learning_rate': 1e-06, 'global_step': 13520, 'zo_forward_step': 27042, 'max_steps': 20000, 'max_zo_forward_steps': 0, 'time': 1847, 'eps': 3e-05}
03/26/2026 01:31:14 - INFO - src.trainer -   {'loss': 1.337227702140808, 'learning_rate': 1e-06, 'global_step': 13530, 'zo_forward_step': 27062, 'max_steps': 20000, 'max_zo_forward_steps': 0, 'time': 1849, 'eps': 3e-05}
1340it [30:26,  1.10s/it]03/26/2026 01:31:15 - INFO - src.trainer -   {'loss': 1.3395856618881226, 'learning_rate': 1e-06, 'global_step': 13540, 'zo_forward_step': 27082, 'max_steps': 20000, 'max_zo_forward_steps': 0, 'time': 1850, 'eps': 3e-05}
03/26/2026 01:31:16 - INFO - src.trainer -   {'loss': 0.7330433130264282, 'learning_rate': 1e-06, 'global_step': 13550, 'zo_forward_step': 27102, 'max_steps': 20000, 'max_zo_forward_steps': 0, 'time': 1851, 'eps': 3e-05}
03/26/2026 01:31:17 - INFO - src.trainer -   {'loss': 1.3374727964401245, 'learning_rate': 1e-06, 'global_step': 13560, 'zo_forward_step': 27122, 'max_steps': 20000, 'max_zo_forward_steps': 0, 'time': 1852, 'eps': 3e-05}
03/26/2026 01:31:18 - INFO - src.trainer -   {'loss': 1.3145787715911865, 'learning_rate': 1e-06, 'global_step': 13570, 'zo_forward_step': 27142, 'max_steps': 20000, 'max_zo_forward_steps': 0, 'time': 1853, 'eps': 3e-05}
03/26/2026 01:31:19 - INFO - src.trainer -   {'loss': 0.7524365186691284, 'learning_rate': 1e-06, 'global_step': 13580, 'zo_forward_step': 27162, 'max_steps': 20000, 'max_zo_forward_steps': 0, 'time': 1854, 'eps': 3e-05}
03/26/2026 01:31:21 - INFO - src.trainer -   {'loss': 1.3419361114501953, 'learning_rate': 1e-06, 'global_step': 13590, 'zo_forward_step': 27182, 'max_steps': 20000, 'max_zo_forward_steps': 0, 'time': 1856, 'eps': 3e-05}
1341it [30:33,  1.59s/it]1352it [30:33,  1.08s/it]03/26/2026 01:31:22 - INFO - src.trainer -   {'eval_loss': 1.4334644079208374, 'eval_acc': 0.4375}
03/26/2026 01:31:25 - INFO - src.trainer -   [zo_probe] step=13600 eps=3.000e-05 precision=fp32 n=16 mae=4.571587e-03 rmse=5.939479e-03 sign_acc=1.0000 corr=1.000000
03/26/2026 01:31:25 - INFO - src.trainer -   {'loss': 1.2977641820907593, 'learning_rate': 1e-06, 'global_step': 13600, 'zo_forward_step': 27202, 'max_steps': 20000, 'max_zo_forward_steps': 0, 'time': 1860, 'eps': 3e-05}
03/26/2026 01:31:26 - INFO - src.trainer -   {'loss': 0.7410653829574585, 'learning_rate': 1e-06, 'global_step': 13610, 'zo_forward_step': 27222, 'max_steps': 20000, 'max_zo_forward_steps': 0, 'time': 1861, 'eps': 3e-05}
03/26/2026 01:31:27 - INFO - src.trainer -   {'loss': 1.3437758684158325, 'learning_rate': 1e-06, 'global_step': 13620, 'zo_forward_step': 27242, 'max_steps': 20000, 'max_zo_forward_steps': 0, 'time': 1862, 'eps': 3e-05}
03/26/2026 01:31:29 - INFO - src.trainer -   {'loss': 1.2975974082946777, 'learning_rate': 1e-06, 'global_step': 13630, 'zo_forward_step': 27262, 'max_steps': 20000, 'max_zo_forward_steps': 0, 'time': 1863, 'eps': 3e-05}
03/26/2026 01:31:30 - INFO - src.trainer -   {'loss': 0.7503288984298706, 'learning_rate': 1e-06, 'global_step': 13640, 'zo_forward_step': 27282, 'max_steps': 20000, 'max_zo_forward_steps': 0, 'time': 1865, 'eps': 3e-05}
03/26/2026 01:31:31 - INFO - src.trainer -   {'loss': 1.3473360538482666, 'learning_rate': 1e-06, 'global_step': 13650, 'zo_forward_step': 27302, 'max_steps': 20000, 'max_zo_forward_steps': 0, 'time': 1866, 'eps': 3e-05}
03/26/2026 01:31:32 - INFO - src.trainer -   {'loss': 1.2907048463821411, 'learning_rate': 1e-06, 'global_step': 13660, 'zo_forward_step': 27322, 'max_steps': 20000, 'max_zo_forward_steps': 0, 'time': 1867, 'eps': 3e-05}
03/26/2026 01:31:33 - INFO - src.trainer -   {'loss': 0.7555739879608154, 'learning_rate': 1e-06, 'global_step': 13670, 'zo_forward_step': 27342, 'max_steps': 20000, 'max_zo_forward_steps': 0, 'time': 1868, 'eps': 3e-05}
03/26/2026 01:31:34 - INFO - src.trainer -   {'loss': 1.359891653060913, 'learning_rate': 1e-06, 'global_step': 13680, 'zo_forward_step': 27362, 'max_steps': 20000, 'max_zo_forward_steps': 0, 'time': 1869, 'eps': 3e-05}
1360it [30:46,  1.08s/it]03/26/2026 01:31:35 - INFO - src.trainer -   {'loss': 1.2813942432403564, 'learning_rate': 1e-06, 'global_step': 13690, 'zo_forward_step': 27382, 'max_steps': 20000, 'max_zo_forward_steps': 0, 'time': 1870, 'eps': 3e-05}
03/26/2026 01:31:37 - INFO - src.trainer -   {'loss': 0.7527326345443726, 'learning_rate': 1e-06, 'global_step': 13700, 'zo_forward_step': 27402, 'max_steps': 20000, 'max_zo_forward_steps': 0, 'time': 1872, 'eps': 3e-05}
03/26/2026 01:31:39 - INFO - src.trainer -   {'loss': 1.3547141551971436, 'learning_rate': 1e-06, 'global_step': 13710, 'zo_forward_step': 27422, 'max_steps': 20000, 'max_zo_forward_steps': 0, 'time': 1874, 'eps': 3e-05}
03/26/2026 01:31:41 - INFO - src.trainer -   {'loss': 1.2849944829940796, 'learning_rate': 1e-06, 'global_step': 13720, 'zo_forward_step': 27442, 'max_steps': 20000, 'max_zo_forward_steps': 0, 'time': 1875, 'eps': 3e-05}
03/26/2026 01:31:42 - INFO - src.trainer -   {'loss': 0.7383905649185181, 'learning_rate': 1e-06, 'global_step': 13730, 'zo_forward_step': 27462, 'max_steps': 20000, 'max_zo_forward_steps': 0, 'time': 1877, 'eps': 3e-05}
03/26/2026 01:31:43 - INFO - src.trainer -   {'loss': 1.3838317394256592, 'learning_rate': 1e-06, 'global_step': 13740, 'zo_forward_step': 27482, 'max_steps': 20000, 'max_zo_forward_steps': 0, 'time': 1878, 'eps': 3e-05}
03/26/2026 01:31:44 - INFO - src.trainer -   {'loss': 1.2857434749603271, 'learning_rate': 1e-06, 'global_step': 13750, 'zo_forward_step': 27502, 'max_steps': 20000, 'max_zo_forward_steps': 0, 'time': 1879, 'eps': 3e-05}
03/26/2026 01:31:45 - INFO - src.trainer -   {'loss': 0.7411232590675354, 'learning_rate': 1e-06, 'global_step': 13760, 'zo_forward_step': 27522, 'max_steps': 20000, 'max_zo_forward_steps': 0, 'time': 1880, 'eps': 3e-05}
03/26/2026 01:31:46 - INFO - src.trainer -   {'loss': 1.3698828220367432, 'learning_rate': 1e-06, 'global_step': 13770, 'zo_forward_step': 27542, 'max_steps': 20000, 'max_zo_forward_steps': 0, 'time': 1881, 'eps': 3e-05}
03/26/2026 01:31:47 - INFO - src.trainer -   {'loss': 1.2685703039169312, 'learning_rate': 1e-06, 'global_step': 13780, 'zo_forward_step': 27562, 'max_steps': 20000, 'max_zo_forward_steps': 0, 'time': 1882, 'eps': 3e-05}
03/26/2026 01:31:49 - INFO - src.trainer -   {'loss': 0.7561034560203552, 'learning_rate': 1e-06, 'global_step': 13790, 'zo_forward_step': 27582, 'max_steps': 20000, 'max_zo_forward_steps': 0, 'time': 1884, 'eps': 3e-05}
1361it [31:01,  1.63s/it]1372it [31:01,  1.11s/it]03/26/2026 01:31:50 - INFO - src.trainer -   {'eval_loss': 1.4302036762237549, 'eval_acc': 0.4375}
03/26/2026 01:31:53 - INFO - src.trainer -   [zo_probe] step=13800 eps=3.000e-05 precision=fp32 n=16 mae=5.168468e-03 rmse=6.952545e-03 sign_acc=1.0000 corr=1.000000
03/26/2026 01:31:53 - INFO - src.trainer -   {'loss': 1.3660166263580322, 'learning_rate': 1e-06, 'global_step': 13800, 'zo_forward_step': 27602, 'max_steps': 20000, 'max_zo_forward_steps': 0, 'time': 1888, 'eps': 3e-05}
03/26/2026 01:31:54 - INFO - src.trainer -   {'loss': 1.2646234035491943, 'learning_rate': 1e-06, 'global_step': 13810, 'zo_forward_step': 27622, 'max_steps': 20000, 'max_zo_forward_steps': 0, 'time': 1889, 'eps': 3e-05}
03/26/2026 01:31:56 - INFO - src.trainer -   {'loss': 0.7739666104316711, 'learning_rate': 1e-06, 'global_step': 13820, 'zo_forward_step': 27642, 'max_steps': 20000, 'max_zo_forward_steps': 0, 'time': 1891, 'eps': 3e-05}
03/26/2026 01:31:57 - INFO - src.trainer -   {'loss': 1.361728549003601, 'learning_rate': 1e-06, 'global_step': 13830, 'zo_forward_step': 27662, 'max_steps': 20000, 'max_zo_forward_steps': 0, 'time': 1892, 'eps': 3e-05}
03/26/2026 01:31:58 - INFO - src.trainer -   {'loss': 1.2595211267471313, 'learning_rate': 1e-06, 'global_step': 13840, 'zo_forward_step': 27682, 'max_steps': 20000, 'max_zo_forward_steps': 0, 'time': 1893, 'eps': 3e-05}
03/26/2026 01:31:59 - INFO - src.trainer -   {'loss': 0.7650721669197083, 'learning_rate': 1e-06, 'global_step': 13850, 'zo_forward_step': 27702, 'max_steps': 20000, 'max_zo_forward_steps': 0, 'time': 1894, 'eps': 3e-05}
03/26/2026 01:32:00 - INFO - src.trainer -   {'loss': 1.3552191257476807, 'learning_rate': 1e-06, 'global_step': 13860, 'zo_forward_step': 27722, 'max_steps': 20000, 'max_zo_forward_steps': 0, 'time': 1895, 'eps': 3e-05}
03/26/2026 01:32:01 - INFO - src.trainer -   {'loss': 1.2542972564697266, 'learning_rate': 1e-06, 'global_step': 13870, 'zo_forward_step': 27742, 'max_steps': 20000, 'max_zo_forward_steps': 0, 'time': 1896, 'eps': 3e-05}
03/26/2026 01:32:04 - INFO - src.trainer -   {'loss': 0.7901811003684998, 'learning_rate': 1e-06, 'global_step': 13880, 'zo_forward_step': 27762, 'max_steps': 20000, 'max_zo_forward_steps': 0, 'time': 1899, 'eps': 3e-05}
1380it [31:16,  1.11s/it]03/26/2026 01:32:05 - INFO - src.trainer -   {'loss': 1.3310909271240234, 'learning_rate': 1e-06, 'global_step': 13890, 'zo_forward_step': 27782, 'max_steps': 20000, 'max_zo_forward_steps': 0, 'time': 1900, 'eps': 3e-05}
03/26/2026 01:32:07 - INFO - src.trainer -   {'loss': 1.2472156286239624, 'learning_rate': 1e-06, 'global_step': 13900, 'zo_forward_step': 27802, 'max_steps': 20000, 'max_zo_forward_steps': 0, 'time': 1902, 'eps': 3e-05}
03/26/2026 01:32:08 - INFO - src.trainer -   {'loss': 0.7981778383255005, 'learning_rate': 1e-06, 'global_step': 13910, 'zo_forward_step': 27822, 'max_steps': 20000, 'max_zo_forward_steps': 0, 'time': 1903, 'eps': 3e-05}
03/26/2026 01:32:09 - INFO - src.trainer -   {'loss': 1.3254220485687256, 'learning_rate': 1e-06, 'global_step': 13920, 'zo_forward_step': 27842, 'max_steps': 20000, 'max_zo_forward_steps': 0, 'time': 1904, 'eps': 3e-05}
03/26/2026 01:32:10 - INFO - src.trainer -   {'loss': 1.2402170896530151, 'learning_rate': 1e-06, 'global_step': 13930, 'zo_forward_step': 27862, 'max_steps': 20000, 'max_zo_forward_steps': 0, 'time': 1905, 'eps': 3e-05}
03/26/2026 01:32:11 - INFO - src.trainer -   {'loss': 0.813328206539154, 'learning_rate': 1e-06, 'global_step': 13940, 'zo_forward_step': 27882, 'max_steps': 20000, 'max_zo_forward_steps': 0, 'time': 1906, 'eps': 3e-05}
03/26/2026 01:32:13 - INFO - src.trainer -   {'loss': 1.3050754070281982, 'learning_rate': 1e-06, 'global_step': 13950, 'zo_forward_step': 27902, 'max_steps': 20000, 'max_zo_forward_steps': 0, 'time': 1908, 'eps': 3e-05}
03/26/2026 01:32:15 - INFO - src.trainer -   {'loss': 1.2554826736450195, 'learning_rate': 1e-06, 'global_step': 13960, 'zo_forward_step': 27922, 'max_steps': 20000, 'max_zo_forward_steps': 0, 'time': 1910, 'eps': 3e-05}
03/26/2026 01:32:16 - INFO - src.trainer -   {'loss': 0.8281509876251221, 'learning_rate': 1e-06, 'global_step': 13970, 'zo_forward_step': 27942, 'max_steps': 20000, 'max_zo_forward_steps': 0, 'time': 1911, 'eps': 3e-05}
03/26/2026 01:32:18 - INFO - src.trainer -   {'loss': 1.2882243394851685, 'learning_rate': 1e-06, 'global_step': 13980, 'zo_forward_step': 27962, 'max_steps': 20000, 'max_zo_forward_steps': 0, 'time': 1913, 'eps': 3e-05}
03/26/2026 01:32:19 - INFO - src.trainer -   {'loss': 1.2532538175582886, 'learning_rate': 1e-06, 'global_step': 13990, 'zo_forward_step': 27982, 'max_steps': 20000, 'max_zo_forward_steps': 0, 'time': 1914, 'eps': 3e-05}
1381it [31:31,  1.72s/it]1392it [31:31,  1.17s/it]03/26/2026 01:32:20 - INFO - src.trainer -   {'eval_loss': 1.4322506189346313, 'eval_acc': 0.45}
03/26/2026 01:32:20 - INFO - src.trainer -   Best dev result: 0.45
03/26/2026 01:32:23 - INFO - src.trainer -   [zo_probe] step=14000 eps=3.000e-05 precision=fp32 n=16 mae=7.058709e-03 rmse=9.795199e-03 sign_acc=1.0000 corr=1.000000
03/26/2026 01:32:23 - INFO - src.trainer -   {'loss': 0.8287785053253174, 'learning_rate': 1e-06, 'global_step': 14000, 'zo_forward_step': 28002, 'max_steps': 20000, 'max_zo_forward_steps': 0, 'time': 1917, 'eps': 3e-05}
03/26/2026 01:32:24 - INFO - src.trainer -   {'loss': 1.2905603647232056, 'learning_rate': 1e-06, 'global_step': 14010, 'zo_forward_step': 28022, 'max_steps': 20000, 'max_zo_forward_steps': 0, 'time': 1919, 'eps': 3e-05}
03/26/2026 01:32:26 - INFO - src.trainer -   {'loss': 1.2439467906951904, 'learning_rate': 1e-06, 'global_step': 14020, 'zo_forward_step': 28042, 'max_steps': 20000, 'max_zo_forward_steps': 0, 'time': 1921, 'eps': 3e-05}
03/26/2026 01:32:28 - INFO - src.trainer -   {'loss': 0.8342123627662659, 'learning_rate': 1e-06, 'global_step': 14030, 'zo_forward_step': 28062, 'max_steps': 20000, 'max_zo_forward_steps': 0, 'time': 1922, 'eps': 3e-05}
03/26/2026 01:32:29 - INFO - src.trainer -   {'loss': 1.2985891103744507, 'learning_rate': 1e-06, 'global_step': 14040, 'zo_forward_step': 28082, 'max_steps': 20000, 'max_zo_forward_steps': 0, 'time': 1924, 'eps': 3e-05}
03/26/2026 01:32:30 - INFO - src.trainer -   {'loss': 1.245215654373169, 'learning_rate': 1e-06, 'global_step': 14050, 'zo_forward_step': 28102, 'max_steps': 20000, 'max_zo_forward_steps': 0, 'time': 1925, 'eps': 3e-05}
03/26/2026 01:32:31 - INFO - src.trainer -   {'loss': 0.8413292169570923, 'learning_rate': 1e-06, 'global_step': 14060, 'zo_forward_step': 28122, 'max_steps': 20000, 'max_zo_forward_steps': 0, 'time': 1926, 'eps': 3e-05}
03/26/2026 01:32:32 - INFO - src.trainer -   {'loss': 1.2921713590621948, 'learning_rate': 1e-06, 'global_step': 14070, 'zo_forward_step': 28142, 'max_steps': 20000, 'max_zo_forward_steps': 0, 'time': 1927, 'eps': 3e-05}
03/26/2026 01:32:34 - INFO - src.trainer -   {'loss': 1.234194278717041, 'learning_rate': 1e-06, 'global_step': 14080, 'zo_forward_step': 28162, 'max_steps': 20000, 'max_zo_forward_steps': 0, 'time': 1928, 'eps': 3e-05}
1400it [31:46,  1.17s/it]03/26/2026 01:32:35 - INFO - src.trainer -   {'loss': 0.8393651843070984, 'learning_rate': 1e-06, 'global_step': 14090, 'zo_forward_step': 28182, 'max_steps': 20000, 'max_zo_forward_steps': 0, 'time': 1930, 'eps': 3e-05}
03/26/2026 01:32:36 - INFO - src.trainer -   {'loss': 1.296488881111145, 'learning_rate': 1e-06, 'global_step': 14100, 'zo_forward_step': 28202, 'max_steps': 20000, 'max_zo_forward_steps': 0, 'time': 1931, 'eps': 3e-05}
03/26/2026 01:32:37 - INFO - src.trainer -   {'loss': 1.2330266237258911, 'learning_rate': 1e-06, 'global_step': 14110, 'zo_forward_step': 28222, 'max_steps': 20000, 'max_zo_forward_steps': 0, 'time': 1932, 'eps': 3e-05}
03/26/2026 01:32:38 - INFO - src.trainer -   {'loss': 0.8636406660079956, 'learning_rate': 1e-06, 'global_step': 14120, 'zo_forward_step': 28242, 'max_steps': 20000, 'max_zo_forward_steps': 0, 'time': 1933, 'eps': 3e-05}
03/26/2026 01:32:39 - INFO - src.trainer -   {'loss': 1.2990533113479614, 'learning_rate': 1e-06, 'global_step': 14130, 'zo_forward_step': 28262, 'max_steps': 20000, 'max_zo_forward_steps': 0, 'time': 1934, 'eps': 3e-05}
03/26/2026 01:32:41 - INFO - src.trainer -   {'loss': 1.2324128150939941, 'learning_rate': 1e-06, 'global_step': 14140, 'zo_forward_step': 28282, 'max_steps': 20000, 'max_zo_forward_steps': 0, 'time': 1936, 'eps': 3e-05}
03/26/2026 01:32:42 - INFO - src.trainer -   {'loss': 0.8423632979393005, 'learning_rate': 1e-06, 'global_step': 14150, 'zo_forward_step': 28302, 'max_steps': 20000, 'max_zo_forward_steps': 0, 'time': 1937, 'eps': 3e-05}
03/26/2026 01:32:43 - INFO - src.trainer -   {'loss': 1.3092718124389648, 'learning_rate': 1e-06, 'global_step': 14160, 'zo_forward_step': 28322, 'max_steps': 20000, 'max_zo_forward_steps': 0, 'time': 1938, 'eps': 3e-05}
03/26/2026 01:32:44 - INFO - src.trainer -   {'loss': 1.220711588859558, 'learning_rate': 1e-06, 'global_step': 14170, 'zo_forward_step': 28342, 'max_steps': 20000, 'max_zo_forward_steps': 0, 'time': 1939, 'eps': 3e-05}
03/26/2026 01:32:45 - INFO - src.trainer -   {'loss': 0.8553149104118347, 'learning_rate': 1e-06, 'global_step': 14180, 'zo_forward_step': 28362, 'max_steps': 20000, 'max_zo_forward_steps': 0, 'time': 1940, 'eps': 3e-05}
03/26/2026 01:32:47 - INFO - src.trainer -   {'loss': 1.3046066761016846, 'learning_rate': 1e-06, 'global_step': 14190, 'zo_forward_step': 28382, 'max_steps': 20000, 'max_zo_forward_steps': 0, 'time': 1941, 'eps': 3e-05}
1401it [31:59,  1.69s/it]1412it [31:59,  1.14s/it]03/26/2026 01:32:48 - INFO - src.trainer -   {'eval_loss': 1.4260532855987549, 'eval_acc': 0.475}
03/26/2026 01:32:48 - INFO - src.trainer -   Best dev result: 0.475
03/26/2026 01:32:51 - INFO - src.trainer -   [zo_probe] step=14200 eps=3.000e-05 precision=fp32 n=16 mae=5.065352e-03 rmse=7.218846e-03 sign_acc=1.0000 corr=1.000000
03/26/2026 01:32:51 - INFO - src.trainer -   {'loss': 1.214652180671692, 'learning_rate': 1e-06, 'global_step': 14200, 'zo_forward_step': 28402, 'max_steps': 20000, 'max_zo_forward_steps': 0, 'time': 1946, 'eps': 3e-05}
03/26/2026 01:32:52 - INFO - src.trainer -   {'loss': 0.8532145023345947, 'learning_rate': 1e-06, 'global_step': 14210, 'zo_forward_step': 28422, 'max_steps': 20000, 'max_zo_forward_steps': 0, 'time': 1947, 'eps': 3e-05}
03/26/2026 01:32:53 - INFO - src.trainer -   {'loss': 1.3156934976577759, 'learning_rate': 1e-06, 'global_step': 14220, 'zo_forward_step': 28442, 'max_steps': 20000, 'max_zo_forward_steps': 0, 'time': 1948, 'eps': 3e-05}
03/26/2026 01:32:55 - INFO - src.trainer -   {'loss': 1.2086230516433716, 'learning_rate': 1e-06, 'global_step': 14230, 'zo_forward_step': 28462, 'max_steps': 20000, 'max_zo_forward_steps': 0, 'time': 1950, 'eps': 3e-05}
03/26/2026 01:32:56 - INFO - src.trainer -   {'loss': 0.8582407832145691, 'learning_rate': 1e-06, 'global_step': 14240, 'zo_forward_step': 28482, 'max_steps': 20000, 'max_zo_forward_steps': 0, 'time': 1951, 'eps': 3e-05}
03/26/2026 01:32:57 - INFO - src.trainer -   {'loss': 1.317949891090393, 'learning_rate': 1e-06, 'global_step': 14250, 'zo_forward_step': 28502, 'max_steps': 20000, 'max_zo_forward_steps': 0, 'time': 1952, 'eps': 3e-05}
03/26/2026 01:32:59 - INFO - src.trainer -   {'loss': 1.203753113746643, 'learning_rate': 1e-06, 'global_step': 14260, 'zo_forward_step': 28522, 'max_steps': 20000, 'max_zo_forward_steps': 0, 'time': 1954, 'eps': 3e-05}
03/26/2026 01:33:00 - INFO - src.trainer -   {'loss': 0.8537992238998413, 'learning_rate': 1e-06, 'global_step': 14270, 'zo_forward_step': 28542, 'max_steps': 20000, 'max_zo_forward_steps': 0, 'time': 1955, 'eps': 3e-05}
03/26/2026 01:33:02 - INFO - src.trainer -   {'loss': 1.3227983713150024, 'learning_rate': 1e-06, 'global_step': 14280, 'zo_forward_step': 28562, 'max_steps': 20000, 'max_zo_forward_steps': 0, 'time': 1956, 'eps': 3e-05}
03/26/2026 01:33:03 - INFO - src.trainer -   {'loss': 1.2172259092330933, 'learning_rate': 1e-06, 'global_step': 14290, 'zo_forward_step': 28582, 'max_steps': 20000, 'max_zo_forward_steps': 0, 'time': 1958, 'eps': 3e-05}
03/26/2026 01:33:04 - INFO - src.trainer -   {'loss': 0.8453261852264404, 'learning_rate': 1e-06, 'global_step': 14300, 'zo_forward_step': 28602, 'max_steps': 20000, 'max_zo_forward_steps': 0, 'time': 1959, 'eps': 3e-05}
1420it [32:16,  1.14s/it]03/26/2026 01:33:05 - INFO - src.trainer -   {'loss': 1.3341985940933228, 'learning_rate': 1e-06, 'global_step': 14310, 'zo_forward_step': 28622, 'max_steps': 20000, 'max_zo_forward_steps': 0, 'time': 1960, 'eps': 3e-05}
03/26/2026 01:33:06 - INFO - src.trainer -   {'loss': 1.1940128803253174, 'learning_rate': 1e-06, 'global_step': 14320, 'zo_forward_step': 28642, 'max_steps': 20000, 'max_zo_forward_steps': 0, 'time': 1961, 'eps': 3e-05}
03/26/2026 01:33:08 - INFO - src.trainer -   {'loss': 0.8718040585517883, 'learning_rate': 1e-06, 'global_step': 14330, 'zo_forward_step': 28662, 'max_steps': 20000, 'max_zo_forward_steps': 0, 'time': 1962, 'eps': 3e-05}
03/26/2026 01:33:10 - INFO - src.trainer -   {'loss': 1.330471396446228, 'learning_rate': 1e-06, 'global_step': 14340, 'zo_forward_step': 28682, 'max_steps': 20000, 'max_zo_forward_steps': 0, 'time': 1965, 'eps': 3e-05}
03/26/2026 01:33:11 - INFO - src.trainer -   {'loss': 1.1898491382598877, 'learning_rate': 1e-06, 'global_step': 14350, 'zo_forward_step': 28702, 'max_steps': 20000, 'max_zo_forward_steps': 0, 'time': 1966, 'eps': 3e-05}
03/26/2026 01:33:12 - INFO - src.trainer -   {'loss': 0.8706952929496765, 'learning_rate': 1e-06, 'global_step': 14360, 'zo_forward_step': 28722, 'max_steps': 20000, 'max_zo_forward_steps': 0, 'time': 1967, 'eps': 3e-05}
03/26/2026 01:33:13 - INFO - src.trainer -   {'loss': 1.341944932937622, 'learning_rate': 1e-06, 'global_step': 14370, 'zo_forward_step': 28742, 'max_steps': 20000, 'max_zo_forward_steps': 0, 'time': 1968, 'eps': 3e-05}
03/26/2026 01:33:15 - INFO - src.trainer -   {'loss': 1.1945164203643799, 'learning_rate': 1e-06, 'global_step': 14380, 'zo_forward_step': 28762, 'max_steps': 20000, 'max_zo_forward_steps': 0, 'time': 1969, 'eps': 3e-05}
03/26/2026 01:33:16 - INFO - src.trainer -   {'loss': 0.8424744009971619, 'learning_rate': 1e-06, 'global_step': 14390, 'zo_forward_step': 28782, 'max_steps': 20000, 'max_zo_forward_steps': 0, 'time': 1971, 'eps': 3e-05}
1421it [32:28,  1.71s/it]1432it [32:28,  1.16s/it]03/26/2026 01:33:17 - INFO - src.trainer -   {'eval_loss': 1.4173195362091064, 'eval_acc': 0.475}
03/26/2026 01:33:20 - INFO - src.trainer -   [zo_probe] step=14400 eps=3.000e-05 precision=fp32 n=16 mae=7.421495e-02 rmse=1.319923e-01 sign_acc=1.0000 corr=0.999996
03/26/2026 01:33:20 - INFO - src.trainer -   {'loss': 1.3104426860809326, 'learning_rate': 1e-06, 'global_step': 14400, 'zo_forward_step': 28802, 'max_steps': 20000, 'max_zo_forward_steps': 0, 'time': 1975, 'eps': 3e-05}
03/26/2026 01:33:21 - INFO - src.trainer -   {'loss': 1.2056586742401123, 'learning_rate': 1e-06, 'global_step': 14410, 'zo_forward_step': 28822, 'max_steps': 20000, 'max_zo_forward_steps': 0, 'time': 1976, 'eps': 3e-05}
03/26/2026 01:33:22 - INFO - src.trainer -   {'loss': 0.8436630368232727, 'learning_rate': 1e-06, 'global_step': 14420, 'zo_forward_step': 28842, 'max_steps': 20000, 'max_zo_forward_steps': 0, 'time': 1977, 'eps': 3e-05}
03/26/2026 01:33:23 - INFO - src.trainer -   {'loss': 1.3180131912231445, 'learning_rate': 1e-06, 'global_step': 14430, 'zo_forward_step': 28862, 'max_steps': 20000, 'max_zo_forward_steps': 0, 'time': 1978, 'eps': 3e-05}
03/26/2026 01:33:25 - INFO - src.trainer -   {'loss': 1.2159950733184814, 'learning_rate': 1e-06, 'global_step': 14440, 'zo_forward_step': 28882, 'max_steps': 20000, 'max_zo_forward_steps': 0, 'time': 1979, 'eps': 3e-05}
03/26/2026 01:33:26 - INFO - src.trainer -   {'loss': 0.8354342579841614, 'learning_rate': 1e-06, 'global_step': 14450, 'zo_forward_step': 28902, 'max_steps': 20000, 'max_zo_forward_steps': 0, 'time': 1981, 'eps': 3e-05}
03/26/2026 01:33:27 - INFO - src.trainer -   {'loss': 1.3151719570159912, 'learning_rate': 1e-06, 'global_step': 14460, 'zo_forward_step': 28922, 'max_steps': 20000, 'max_zo_forward_steps': 0, 'time': 1982, 'eps': 3e-05}
03/26/2026 01:33:28 - INFO - src.trainer -   {'loss': 1.2136831283569336, 'learning_rate': 1e-06, 'global_step': 14470, 'zo_forward_step': 28942, 'max_steps': 20000, 'max_zo_forward_steps': 0, 'time': 1983, 'eps': 3e-05}
03/26/2026 01:33:29 - INFO - src.trainer -   {'loss': 0.825160562992096, 'learning_rate': 1e-06, 'global_step': 14480, 'zo_forward_step': 28962, 'max_steps': 20000, 'max_zo_forward_steps': 0, 'time': 1984, 'eps': 3e-05}
03/26/2026 01:33:30 - INFO - src.trainer -   {'loss': 1.3204357624053955, 'learning_rate': 1e-06, 'global_step': 14490, 'zo_forward_step': 28982, 'max_steps': 20000, 'max_zo_forward_steps': 0, 'time': 1985, 'eps': 3e-05}
03/26/2026 01:33:31 - INFO - src.trainer -   {'loss': 1.2144687175750732, 'learning_rate': 1e-06, 'global_step': 14500, 'zo_forward_step': 29002, 'max_steps': 20000, 'max_zo_forward_steps': 0, 'time': 1986, 'eps': 3e-05}
03/26/2026 01:33:32 - INFO - src.trainer -   {'loss': 0.8292169570922852, 'learning_rate': 1e-06, 'global_step': 14510, 'zo_forward_step': 29022, 'max_steps': 20000, 'max_zo_forward_steps': 0, 'time': 1987, 'eps': 3e-05}
03/26/2026 01:33:34 - INFO - src.trainer -   {'loss': 1.3111430406570435, 'learning_rate': 1e-06, 'global_step': 14520, 'zo_forward_step': 29042, 'max_steps': 20000, 'max_zo_forward_steps': 0, 'time': 1989, 'eps': 3e-05}
1440it [32:46,  1.16s/it]03/26/2026 01:33:35 - INFO - src.trainer -   {'loss': 1.2062002420425415, 'learning_rate': 1e-06, 'global_step': 14530, 'zo_forward_step': 29062, 'max_steps': 20000, 'max_zo_forward_steps': 0, 'time': 1990, 'eps': 3e-05}
03/26/2026 01:33:36 - INFO - src.trainer -   {'loss': 0.8111183047294617, 'learning_rate': 1e-06, 'global_step': 14540, 'zo_forward_step': 29082, 'max_steps': 20000, 'max_zo_forward_steps': 0, 'time': 1991, 'eps': 3e-05}
03/26/2026 01:33:37 - INFO - src.trainer -   {'loss': 1.333706021308899, 'learning_rate': 1e-06, 'global_step': 14550, 'zo_forward_step': 29102, 'max_steps': 20000, 'max_zo_forward_steps': 0, 'time': 1992, 'eps': 3e-05}
03/26/2026 01:33:38 - INFO - src.trainer -   {'loss': 1.194624662399292, 'learning_rate': 1e-06, 'global_step': 14560, 'zo_forward_step': 29122, 'max_steps': 20000, 'max_zo_forward_steps': 0, 'time': 1993, 'eps': 3e-05}
03/26/2026 01:33:40 - INFO - src.trainer -   {'loss': 0.8174472451210022, 'learning_rate': 1e-06, 'global_step': 14570, 'zo_forward_step': 29142, 'max_steps': 20000, 'max_zo_forward_steps': 0, 'time': 1995, 'eps': 3e-05}
03/26/2026 01:33:41 - INFO - src.trainer -   {'loss': 1.3420604467391968, 'learning_rate': 1e-06, 'global_step': 14580, 'zo_forward_step': 29162, 'max_steps': 20000, 'max_zo_forward_steps': 0, 'time': 1996, 'eps': 3e-05}
03/26/2026 01:33:42 - INFO - src.trainer -   {'loss': 1.2096174955368042, 'learning_rate': 1e-06, 'global_step': 14590, 'zo_forward_step': 29182, 'max_steps': 20000, 'max_zo_forward_steps': 0, 'time': 1997, 'eps': 3e-05}
1441it [32:54,  1.64s/it]1452it [32:54,  1.11s/it]03/26/2026 01:33:43 - INFO - src.trainer -   {'eval_loss': 1.4177943468093872, 'eval_acc': 0.475}
03/26/2026 01:33:45 - INFO - src.trainer -   [zo_probe] step=14600 eps=3.000e-05 precision=fp32 n=16 mae=6.580561e-03 rmse=8.287672e-03 sign_acc=1.0000 corr=1.000000
03/26/2026 01:33:45 - INFO - src.trainer -   {'loss': 0.7800201177597046, 'learning_rate': 1e-06, 'global_step': 14600, 'zo_forward_step': 29202, 'max_steps': 20000, 'max_zo_forward_steps': 0, 'time': 2000, 'eps': 3e-05}
03/26/2026 01:33:47 - INFO - src.trainer -   {'loss': 1.3315056562423706, 'learning_rate': 1e-06, 'global_step': 14610, 'zo_forward_step': 29222, 'max_steps': 20000, 'max_zo_forward_steps': 0, 'time': 2001, 'eps': 3e-05}
03/26/2026 01:33:48 - INFO - src.trainer -   {'loss': 1.2178962230682373, 'learning_rate': 1e-06, 'global_step': 14620, 'zo_forward_step': 29242, 'max_steps': 20000, 'max_zo_forward_steps': 0, 'time': 2003, 'eps': 3e-05}
03/26/2026 01:33:49 - INFO - src.trainer -   {'loss': 0.7806660532951355, 'learning_rate': 1e-06, 'global_step': 14630, 'zo_forward_step': 29262, 'max_steps': 20000, 'max_zo_forward_steps': 0, 'time': 2004, 'eps': 3e-05}
03/26/2026 01:33:50 - INFO - src.trainer -   {'loss': 1.3347179889678955, 'learning_rate': 1e-06, 'global_step': 14640, 'zo_forward_step': 29282, 'max_steps': 20000, 'max_zo_forward_steps': 0, 'time': 2005, 'eps': 3e-05}
03/26/2026 01:33:51 - INFO - src.trainer -   {'loss': 1.2231574058532715, 'learning_rate': 1e-06, 'global_step': 14650, 'zo_forward_step': 29302, 'max_steps': 20000, 'max_zo_forward_steps': 0, 'time': 2006, 'eps': 3e-05}
03/26/2026 01:33:52 - INFO - src.trainer -   {'loss': 0.764384925365448, 'learning_rate': 1e-06, 'global_step': 14660, 'zo_forward_step': 29322, 'max_steps': 20000, 'max_zo_forward_steps': 0, 'time': 2007, 'eps': 3e-05}
03/26/2026 01:33:53 - INFO - src.trainer -   {'loss': 1.3247588872909546, 'learning_rate': 1e-06, 'global_step': 14670, 'zo_forward_step': 29342, 'max_steps': 20000, 'max_zo_forward_steps': 0, 'time': 2008, 'eps': 3e-05}
03/26/2026 01:33:55 - INFO - src.trainer -   {'loss': 1.23485267162323, 'learning_rate': 1e-06, 'global_step': 14680, 'zo_forward_step': 29362, 'max_steps': 20000, 'max_zo_forward_steps': 0, 'time': 2009, 'eps': 3e-05}
1460it [33:06,  1.11s/it]03/26/2026 01:33:56 - INFO - src.trainer -   {'loss': 0.7427695989608765, 'learning_rate': 1e-06, 'global_step': 14690, 'zo_forward_step': 29382, 'max_steps': 20000, 'max_zo_forward_steps': 0, 'time': 2011, 'eps': 3e-05}
03/26/2026 01:33:57 - INFO - src.trainer -   {'loss': 1.3385968208312988, 'learning_rate': 1e-06, 'global_step': 14700, 'zo_forward_step': 29402, 'max_steps': 20000, 'max_zo_forward_steps': 0, 'time': 2012, 'eps': 3e-05}
03/26/2026 01:33:58 - INFO - src.trainer -   {'loss': 1.2034956216812134, 'learning_rate': 1e-06, 'global_step': 14710, 'zo_forward_step': 29422, 'max_steps': 20000, 'max_zo_forward_steps': 0, 'time': 2013, 'eps': 3e-05}
03/26/2026 01:33:59 - INFO - src.trainer -   {'loss': 0.7613582611083984, 'learning_rate': 1e-06, 'global_step': 14720, 'zo_forward_step': 29442, 'max_steps': 20000, 'max_zo_forward_steps': 0, 'time': 2014, 'eps': 3e-05}
03/26/2026 01:34:00 - INFO - src.trainer -   {'loss': 1.343541145324707, 'learning_rate': 1e-06, 'global_step': 14730, 'zo_forward_step': 29462, 'max_steps': 20000, 'max_zo_forward_steps': 0, 'time': 2015, 'eps': 3e-05}
03/26/2026 01:34:01 - INFO - src.trainer -   {'loss': 1.2029547691345215, 'learning_rate': 1e-06, 'global_step': 14740, 'zo_forward_step': 29482, 'max_steps': 20000, 'max_zo_forward_steps': 0, 'time': 2016, 'eps': 3e-05}
03/26/2026 01:34:02 - INFO - src.trainer -   {'loss': 0.7549824118614197, 'learning_rate': 1e-06, 'global_step': 14750, 'zo_forward_step': 29502, 'max_steps': 20000, 'max_zo_forward_steps': 0, 'time': 2017, 'eps': 3e-05}
03/26/2026 01:34:04 - INFO - src.trainer -   {'loss': 1.3319690227508545, 'learning_rate': 1e-06, 'global_step': 14760, 'zo_forward_step': 29522, 'max_steps': 20000, 'max_zo_forward_steps': 0, 'time': 2019, 'eps': 3e-05}
03/26/2026 01:34:05 - INFO - src.trainer -   {'loss': 1.178375482559204, 'learning_rate': 1e-06, 'global_step': 14770, 'zo_forward_step': 29542, 'max_steps': 20000, 'max_zo_forward_steps': 0, 'time': 2020, 'eps': 3e-05}
03/26/2026 01:34:06 - INFO - src.trainer -   {'loss': 0.779994010925293, 'learning_rate': 1e-06, 'global_step': 14780, 'zo_forward_step': 29562, 'max_steps': 20000, 'max_zo_forward_steps': 0, 'time': 2021, 'eps': 3e-05}
03/26/2026 01:34:07 - INFO - src.trainer -   {'loss': 1.3414156436920166, 'learning_rate': 1e-06, 'global_step': 14790, 'zo_forward_step': 29582, 'max_steps': 20000, 'max_zo_forward_steps': 0, 'time': 2022, 'eps': 3e-05}
1461it [33:20,  1.57s/it]1472it [33:20,  1.07s/it]03/26/2026 01:34:08 - INFO - src.trainer -   {'eval_loss': 1.4070138931274414, 'eval_acc': 0.4625}
03/26/2026 01:34:11 - INFO - src.trainer -   [zo_probe] step=14800 eps=3.000e-05 precision=fp32 n=16 mae=9.813577e-03 rmse=1.286271e-02 sign_acc=1.0000 corr=1.000000
03/26/2026 01:34:11 - INFO - src.trainer -   {'loss': 1.1762336492538452, 'learning_rate': 1e-06, 'global_step': 14800, 'zo_forward_step': 29602, 'max_steps': 20000, 'max_zo_forward_steps': 0, 'time': 2026, 'eps': 3e-05}
03/26/2026 01:34:13 - INFO - src.trainer -   {'loss': 0.7660552263259888, 'learning_rate': 1e-06, 'global_step': 14810, 'zo_forward_step': 29622, 'max_steps': 20000, 'max_zo_forward_steps': 0, 'time': 2028, 'eps': 3e-05}
03/26/2026 01:34:14 - INFO - src.trainer -   {'loss': 1.3588947057724, 'learning_rate': 1e-06, 'global_step': 14820, 'zo_forward_step': 29642, 'max_steps': 20000, 'max_zo_forward_steps': 0, 'time': 2029, 'eps': 3e-05}
03/26/2026 01:34:15 - INFO - src.trainer -   {'loss': 1.165497064590454, 'learning_rate': 1e-06, 'global_step': 14830, 'zo_forward_step': 29662, 'max_steps': 20000, 'max_zo_forward_steps': 0, 'time': 2030, 'eps': 3e-05}
03/26/2026 01:34:16 - INFO - src.trainer -   {'loss': 0.7786989212036133, 'learning_rate': 1e-06, 'global_step': 14840, 'zo_forward_step': 29682, 'max_steps': 20000, 'max_zo_forward_steps': 0, 'time': 2031, 'eps': 3e-05}
03/26/2026 01:34:17 - INFO - src.trainer -   {'loss': 1.351599097251892, 'learning_rate': 1e-06, 'global_step': 14850, 'zo_forward_step': 29702, 'max_steps': 20000, 'max_zo_forward_steps': 0, 'time': 2032, 'eps': 3e-05}
03/26/2026 01:34:19 - INFO - src.trainer -   {'loss': 1.137093186378479, 'learning_rate': 1e-06, 'global_step': 14860, 'zo_forward_step': 29722, 'max_steps': 20000, 'max_zo_forward_steps': 0, 'time': 2034, 'eps': 3e-05}
03/26/2026 01:34:20 - INFO - src.trainer -   {'loss': 0.807763397693634, 'learning_rate': 1e-06, 'global_step': 14870, 'zo_forward_step': 29742, 'max_steps': 20000, 'max_zo_forward_steps': 0, 'time': 2035, 'eps': 3e-05}
03/26/2026 01:34:22 - INFO - src.trainer -   {'loss': 1.3453781604766846, 'learning_rate': 1e-06, 'global_step': 14880, 'zo_forward_step': 29762, 'max_steps': 20000, 'max_zo_forward_steps': 0, 'time': 2036, 'eps': 3e-05}
03/26/2026 01:34:23 - INFO - src.trainer -   {'loss': 1.1110917329788208, 'learning_rate': 1e-06, 'global_step': 14890, 'zo_forward_step': 29782, 'max_steps': 20000, 'max_zo_forward_steps': 0, 'time': 2038, 'eps': 3e-05}
03/26/2026 01:34:24 - INFO - src.trainer -   {'loss': 0.8248799443244934, 'learning_rate': 1e-06, 'global_step': 14900, 'zo_forward_step': 29802, 'max_steps': 20000, 'max_zo_forward_steps': 0, 'time': 2039, 'eps': 3e-05}
1480it [33:36,  1.07s/it]03/26/2026 01:34:26 - INFO - src.trainer -   {'loss': 1.3428349494934082, 'learning_rate': 1e-06, 'global_step': 14910, 'zo_forward_step': 29822, 'max_steps': 20000, 'max_zo_forward_steps': 0, 'time': 2041, 'eps': 3e-05}
03/26/2026 01:34:27 - INFO - src.trainer -   {'loss': 1.1161644458770752, 'learning_rate': 1e-06, 'global_step': 14920, 'zo_forward_step': 29842, 'max_steps': 20000, 'max_zo_forward_steps': 0, 'time': 2042, 'eps': 3e-05}
03/26/2026 01:34:28 - INFO - src.trainer -   {'loss': 0.8622248768806458, 'learning_rate': 1e-06, 'global_step': 14930, 'zo_forward_step': 29862, 'max_steps': 20000, 'max_zo_forward_steps': 0, 'time': 2043, 'eps': 3e-05}
03/26/2026 01:34:29 - INFO - src.trainer -   {'loss': 1.3145941495895386, 'learning_rate': 1e-06, 'global_step': 14940, 'zo_forward_step': 29882, 'max_steps': 20000, 'max_zo_forward_steps': 0, 'time': 2044, 'eps': 3e-05}
03/26/2026 01:34:30 - INFO - src.trainer -   {'loss': 1.0974749326705933, 'learning_rate': 1e-06, 'global_step': 14950, 'zo_forward_step': 29902, 'max_steps': 20000, 'max_zo_forward_steps': 0, 'time': 2045, 'eps': 3e-05}
03/26/2026 01:34:31 - INFO - src.trainer -   {'loss': 0.8733800053596497, 'learning_rate': 1e-06, 'global_step': 14960, 'zo_forward_step': 29922, 'max_steps': 20000, 'max_zo_forward_steps': 0, 'time': 2046, 'eps': 3e-05}
03/26/2026 01:34:33 - INFO - src.trainer -   {'loss': 1.3027737140655518, 'learning_rate': 1e-06, 'global_step': 14970, 'zo_forward_step': 29942, 'max_steps': 20000, 'max_zo_forward_steps': 0, 'time': 2048, 'eps': 3e-05}
03/26/2026 01:34:34 - INFO - src.trainer -   {'loss': 1.1074515581130981, 'learning_rate': 1e-06, 'global_step': 14980, 'zo_forward_step': 29962, 'max_steps': 20000, 'max_zo_forward_steps': 0, 'time': 2049, 'eps': 3e-05}
03/26/2026 01:34:35 - INFO - src.trainer -   {'loss': 0.8721640110015869, 'learning_rate': 1e-06, 'global_step': 14990, 'zo_forward_step': 29982, 'max_steps': 20000, 'max_zo_forward_steps': 0, 'time': 2050, 'eps': 3e-05}
1481it [33:47,  1.62s/it]1492it [33:48,  1.10s/it]03/26/2026 01:34:36 - INFO - src.trainer -   {'eval_loss': 1.4002670049667358, 'eval_acc': 0.4875}
03/26/2026 01:34:36 - INFO - src.trainer -   Best dev result: 0.4875
03/26/2026 01:34:39 - INFO - src.trainer -   [zo_probe] step=15000 eps=3.000e-05 precision=fp32 n=16 mae=8.163042e-03 rmse=1.013810e-02 sign_acc=1.0000 corr=1.000000
03/26/2026 01:34:40 - INFO - src.trainer -   {'loss': 1.287009596824646, 'learning_rate': 1e-06, 'global_step': 15000, 'zo_forward_step': 30002, 'max_steps': 20000, 'max_zo_forward_steps': 0, 'time': 2055, 'eps': 3e-05}
03/26/2026 01:34:41 - INFO - src.trainer -   {'loss': 1.1117218732833862, 'learning_rate': 1e-06, 'global_step': 15010, 'zo_forward_step': 30022, 'max_steps': 20000, 'max_zo_forward_steps': 0, 'time': 2056, 'eps': 3e-05}
03/26/2026 01:34:42 - INFO - src.trainer -   {'loss': 0.8483139276504517, 'learning_rate': 1e-06, 'global_step': 15020, 'zo_forward_step': 30042, 'max_steps': 20000, 'max_zo_forward_steps': 0, 'time': 2057, 'eps': 3e-05}
03/26/2026 01:34:43 - INFO - src.trainer -   {'loss': 1.2930092811584473, 'learning_rate': 1e-06, 'global_step': 15030, 'zo_forward_step': 30062, 'max_steps': 20000, 'max_zo_forward_steps': 0, 'time': 2058, 'eps': 3e-05}
03/26/2026 01:34:44 - INFO - src.trainer -   {'loss': 1.1223177909851074, 'learning_rate': 1e-06, 'global_step': 15040, 'zo_forward_step': 30082, 'max_steps': 20000, 'max_zo_forward_steps': 0, 'time': 2059, 'eps': 3e-05}
03/26/2026 01:34:45 - INFO - src.trainer -   {'loss': 0.8505918979644775, 'learning_rate': 1e-06, 'global_step': 15050, 'zo_forward_step': 30102, 'max_steps': 20000, 'max_zo_forward_steps': 0, 'time': 2060, 'eps': 3e-05}
03/26/2026 01:34:47 - INFO - src.trainer -   {'loss': 1.289546251296997, 'learning_rate': 1e-06, 'global_step': 15060, 'zo_forward_step': 30122, 'max_steps': 20000, 'max_zo_forward_steps': 0, 'time': 2061, 'eps': 3e-05}
03/26/2026 01:34:48 - INFO - src.trainer -   {'loss': 1.1196752786636353, 'learning_rate': 1e-06, 'global_step': 15070, 'zo_forward_step': 30142, 'max_steps': 20000, 'max_zo_forward_steps': 0, 'time': 2063, 'eps': 3e-05}
03/26/2026 01:34:49 - INFO - src.trainer -   {'loss': 0.8693137764930725, 'learning_rate': 1e-06, 'global_step': 15080, 'zo_forward_step': 30162, 'max_steps': 20000, 'max_zo_forward_steps': 0, 'time': 2064, 'eps': 3e-05}
03/26/2026 01:34:50 - INFO - src.trainer -   {'loss': 1.275241732597351, 'learning_rate': 1e-06, 'global_step': 15090, 'zo_forward_step': 30182, 'max_steps': 20000, 'max_zo_forward_steps': 0, 'time': 2065, 'eps': 3e-05}
03/26/2026 01:34:51 - INFO - src.trainer -   {'loss': 1.1311252117156982, 'learning_rate': 1e-06, 'global_step': 15100, 'zo_forward_step': 30202, 'max_steps': 20000, 'max_zo_forward_steps': 0, 'time': 2066, 'eps': 3e-05}
03/26/2026 01:34:52 - INFO - src.trainer -   {'loss': 0.8651553392410278, 'learning_rate': 1e-06, 'global_step': 15110, 'zo_forward_step': 30222, 'max_steps': 20000, 'max_zo_forward_steps': 0, 'time': 2067, 'eps': 3e-05}
03/26/2026 01:34:54 - INFO - src.trainer -   {'loss': 1.2570559978485107, 'learning_rate': 1e-06, 'global_step': 15120, 'zo_forward_step': 30242, 'max_steps': 20000, 'max_zo_forward_steps': 0, 'time': 2068, 'eps': 3e-05}
1500it [34:06,  1.10s/it]03/26/2026 01:34:55 - INFO - src.trainer -   {'loss': 1.115046501159668, 'learning_rate': 1e-06, 'global_step': 15130, 'zo_forward_step': 30262, 'max_steps': 20000, 'max_zo_forward_steps': 0, 'time': 2070, 'eps': 3e-05}
03/26/2026 01:34:56 - INFO - src.trainer -   {'loss': 0.877439022064209, 'learning_rate': 1e-06, 'global_step': 15140, 'zo_forward_step': 30282, 'max_steps': 20000, 'max_zo_forward_steps': 0, 'time': 2071, 'eps': 3e-05}
03/26/2026 01:34:57 - INFO - src.trainer -   {'loss': 1.2604939937591553, 'learning_rate': 1e-06, 'global_step': 15150, 'zo_forward_step': 30302, 'max_steps': 20000, 'max_zo_forward_steps': 0, 'time': 2072, 'eps': 3e-05}
03/26/2026 01:34:58 - INFO - src.trainer -   {'loss': 1.1351689100265503, 'learning_rate': 1e-06, 'global_step': 15160, 'zo_forward_step': 30322, 'max_steps': 20000, 'max_zo_forward_steps': 0, 'time': 2073, 'eps': 3e-05}
03/26/2026 01:34:59 - INFO - src.trainer -   {'loss': 0.8774666786193848, 'learning_rate': 1e-06, 'global_step': 15170, 'zo_forward_step': 30342, 'max_steps': 20000, 'max_zo_forward_steps': 0, 'time': 2074, 'eps': 3e-05}
03/26/2026 01:35:00 - INFO - src.trainer -   {'loss': 1.2431764602661133, 'learning_rate': 1e-06, 'global_step': 15180, 'zo_forward_step': 30362, 'max_steps': 20000, 'max_zo_forward_steps': 0, 'time': 2075, 'eps': 3e-05}
03/26/2026 01:35:02 - INFO - src.trainer -   {'loss': 1.1418581008911133, 'learning_rate': 1e-06, 'global_step': 15190, 'zo_forward_step': 30382, 'max_steps': 20000, 'max_zo_forward_steps': 0, 'time': 2077, 'eps': 3e-05}
1501it [34:14,  1.61s/it]1512it [34:14,  1.09s/it]03/26/2026 01:35:03 - INFO - src.trainer -   {'eval_loss': 1.414215326309204, 'eval_acc': 0.4625}
03/26/2026 01:35:05 - INFO - src.trainer -   [zo_probe] step=15200 eps=3.000e-05 precision=fp32 n=16 mae=1.355420e-02 rmse=1.994578e-02 sign_acc=1.0000 corr=1.000000
03/26/2026 01:35:05 - INFO - src.trainer -   {'loss': 0.8550896644592285, 'learning_rate': 1e-06, 'global_step': 15200, 'zo_forward_step': 30402, 'max_steps': 20000, 'max_zo_forward_steps': 0, 'time': 2080, 'eps': 3e-05}
03/26/2026 01:35:06 - INFO - src.trainer -   {'loss': 1.262818455696106, 'learning_rate': 1e-06, 'global_step': 15210, 'zo_forward_step': 30422, 'max_steps': 20000, 'max_zo_forward_steps': 0, 'time': 2081, 'eps': 3e-05}
03/26/2026 01:35:08 - INFO - src.trainer -   {'loss': 1.1445338726043701, 'learning_rate': 1e-06, 'global_step': 15220, 'zo_forward_step': 30442, 'max_steps': 20000, 'max_zo_forward_steps': 0, 'time': 2082, 'eps': 3e-05}
03/26/2026 01:35:09 - INFO - src.trainer -   {'loss': 0.8432906866073608, 'learning_rate': 1e-06, 'global_step': 15230, 'zo_forward_step': 30462, 'max_steps': 20000, 'max_zo_forward_steps': 0, 'time': 2084, 'eps': 3e-05}
03/26/2026 01:35:10 - INFO - src.trainer -   {'loss': 1.2457969188690186, 'learning_rate': 1e-06, 'global_step': 15240, 'zo_forward_step': 30482, 'max_steps': 20000, 'max_zo_forward_steps': 0, 'time': 2085, 'eps': 3e-05}
03/26/2026 01:35:11 - INFO - src.trainer -   {'loss': 1.1609363555908203, 'learning_rate': 1e-06, 'global_step': 15250, 'zo_forward_step': 30502, 'max_steps': 20000, 'max_zo_forward_steps': 0, 'time': 2086, 'eps': 3e-05}
03/26/2026 01:35:12 - INFO - src.trainer -   {'loss': 0.8578166961669922, 'learning_rate': 1e-06, 'global_step': 15260, 'zo_forward_step': 30522, 'max_steps': 20000, 'max_zo_forward_steps': 0, 'time': 2087, 'eps': 3e-05}
03/26/2026 01:35:13 - INFO - src.trainer -   {'loss': 1.287416934967041, 'learning_rate': 1e-06, 'global_step': 15270, 'zo_forward_step': 30542, 'max_steps': 20000, 'max_zo_forward_steps': 0, 'time': 2088, 'eps': 3e-05}
03/26/2026 01:35:15 - INFO - src.trainer -   {'loss': 1.1179614067077637, 'learning_rate': 1e-06, 'global_step': 15280, 'zo_forward_step': 30562, 'max_steps': 20000, 'max_zo_forward_steps': 0, 'time': 2089, 'eps': 3e-05}
1520it [34:26,  1.09s/it]03/26/2026 01:35:16 - INFO - src.trainer -   {'loss': 0.8546379804611206, 'learning_rate': 1e-06, 'global_step': 15290, 'zo_forward_step': 30582, 'max_steps': 20000, 'max_zo_forward_steps': 0, 'time': 2091, 'eps': 3e-05}
03/26/2026 01:35:17 - INFO - src.trainer -   {'loss': 1.2889947891235352, 'learning_rate': 1e-06, 'global_step': 15300, 'zo_forward_step': 30602, 'max_steps': 20000, 'max_zo_forward_steps': 0, 'time': 2092, 'eps': 3e-05}
03/26/2026 01:35:18 - INFO - src.trainer -   {'loss': 1.108181357383728, 'learning_rate': 1e-06, 'global_step': 15310, 'zo_forward_step': 30622, 'max_steps': 20000, 'max_zo_forward_steps': 0, 'time': 2093, 'eps': 3e-05}
03/26/2026 01:35:19 - INFO - src.trainer -   {'loss': 0.8507954478263855, 'learning_rate': 1e-06, 'global_step': 15320, 'zo_forward_step': 30642, 'max_steps': 20000, 'max_zo_forward_steps': 0, 'time': 2094, 'eps': 3e-05}
03/26/2026 01:35:20 - INFO - src.trainer -   {'loss': 1.2853035926818848, 'learning_rate': 1e-06, 'global_step': 15330, 'zo_forward_step': 30662, 'max_steps': 20000, 'max_zo_forward_steps': 0, 'time': 2095, 'eps': 3e-05}
03/26/2026 01:35:22 - INFO - src.trainer -   {'loss': 1.097710132598877, 'learning_rate': 1e-06, 'global_step': 15340, 'zo_forward_step': 30682, 'max_steps': 20000, 'max_zo_forward_steps': 0, 'time': 2096, 'eps': 3e-05}
03/26/2026 01:35:23 - INFO - src.trainer -   {'loss': 0.8420712351799011, 'learning_rate': 1e-06, 'global_step': 15350, 'zo_forward_step': 30702, 'max_steps': 20000, 'max_zo_forward_steps': 0, 'time': 2098, 'eps': 3e-05}
03/26/2026 01:35:24 - INFO - src.trainer -   {'loss': 1.289596676826477, 'learning_rate': 1e-06, 'global_step': 15360, 'zo_forward_step': 30722, 'max_steps': 20000, 'max_zo_forward_steps': 0, 'time': 2099, 'eps': 3e-05}
03/26/2026 01:35:25 - INFO - src.trainer -   {'loss': 1.0986227989196777, 'learning_rate': 1e-06, 'global_step': 15370, 'zo_forward_step': 30742, 'max_steps': 20000, 'max_zo_forward_steps': 0, 'time': 2100, 'eps': 3e-05}
03/26/2026 01:35:26 - INFO - src.trainer -   {'loss': 0.8187578320503235, 'learning_rate': 1e-06, 'global_step': 15380, 'zo_forward_step': 30762, 'max_steps': 20000, 'max_zo_forward_steps': 0, 'time': 2101, 'eps': 3e-05}
03/26/2026 01:35:27 - INFO - src.trainer -   {'loss': 1.3118314743041992, 'learning_rate': 1e-06, 'global_step': 15390, 'zo_forward_step': 30782, 'max_steps': 20000, 'max_zo_forward_steps': 0, 'time': 2102, 'eps': 3e-05}
1521it [34:40,  1.58s/it]1532it [34:40,  1.07s/it]03/26/2026 01:35:29 - INFO - src.trainer -   {'eval_loss': 1.4111499786376953, 'eval_acc': 0.4625}
03/26/2026 01:35:32 - INFO - src.trainer -   [zo_probe] step=15400 eps=3.000e-05 precision=fp32 n=16 mae=3.786892e-03 rmse=4.817023e-03 sign_acc=1.0000 corr=1.000000
03/26/2026 01:35:32 - INFO - src.trainer -   {'loss': 1.1023180484771729, 'learning_rate': 1e-06, 'global_step': 15400, 'zo_forward_step': 30802, 'max_steps': 20000, 'max_zo_forward_steps': 0, 'time': 2107, 'eps': 3e-05}
03/26/2026 01:35:33 - INFO - src.trainer -   {'loss': 0.8121285438537598, 'learning_rate': 1e-06, 'global_step': 15410, 'zo_forward_step': 30822, 'max_steps': 20000, 'max_zo_forward_steps': 0, 'time': 2108, 'eps': 3e-05}
03/26/2026 01:35:35 - INFO - src.trainer -   {'loss': 1.2960695028305054, 'learning_rate': 1e-06, 'global_step': 15420, 'zo_forward_step': 30842, 'max_steps': 20000, 'max_zo_forward_steps': 0, 'time': 2110, 'eps': 3e-05}
03/26/2026 01:35:36 - INFO - src.trainer -   {'loss': 1.1106024980545044, 'learning_rate': 1e-06, 'global_step': 15430, 'zo_forward_step': 30862, 'max_steps': 20000, 'max_zo_forward_steps': 0, 'time': 2111, 'eps': 3e-05}
03/26/2026 01:35:37 - INFO - src.trainer -   {'loss': 0.8232501149177551, 'learning_rate': 1e-06, 'global_step': 15440, 'zo_forward_step': 30882, 'max_steps': 20000, 'max_zo_forward_steps': 0, 'time': 2112, 'eps': 3e-05}
03/26/2026 01:35:39 - INFO - src.trainer -   {'loss': 1.296309232711792, 'learning_rate': 1e-06, 'global_step': 15450, 'zo_forward_step': 30902, 'max_steps': 20000, 'max_zo_forward_steps': 0, 'time': 2114, 'eps': 3e-05}
03/26/2026 01:35:40 - INFO - src.trainer -   {'loss': 1.1143068075180054, 'learning_rate': 1e-06, 'global_step': 15460, 'zo_forward_step': 30922, 'max_steps': 20000, 'max_zo_forward_steps': 0, 'time': 2115, 'eps': 3e-05}
03/26/2026 01:35:41 - INFO - src.trainer -   {'loss': 0.8055869340896606, 'learning_rate': 1e-06, 'global_step': 15470, 'zo_forward_step': 30942, 'max_steps': 20000, 'max_zo_forward_steps': 0, 'time': 2116, 'eps': 3e-05}
03/26/2026 01:35:42 - INFO - src.trainer -   {'loss': 1.2926867008209229, 'learning_rate': 1e-06, 'global_step': 15480, 'zo_forward_step': 30962, 'max_steps': 20000, 'max_zo_forward_steps': 0, 'time': 2117, 'eps': 3e-05}
03/26/2026 01:35:43 - INFO - src.trainer -   {'loss': 1.128176212310791, 'learning_rate': 1e-06, 'global_step': 15490, 'zo_forward_step': 30982, 'max_steps': 20000, 'max_zo_forward_steps': 0, 'time': 2118, 'eps': 3e-05}
03/26/2026 01:35:44 - INFO - src.trainer -   {'loss': 0.7829269170761108, 'learning_rate': 1e-06, 'global_step': 15500, 'zo_forward_step': 31002, 'max_steps': 20000, 'max_zo_forward_steps': 0, 'time': 2119, 'eps': 3e-05}
1540it [34:56,  1.07s/it]03/26/2026 01:35:46 - INFO - src.trainer -   {'loss': 1.3045240640640259, 'learning_rate': 1e-06, 'global_step': 15510, 'zo_forward_step': 31022, 'max_steps': 20000, 'max_zo_forward_steps': 0, 'time': 2120, 'eps': 3e-05}
03/26/2026 01:35:47 - INFO - src.trainer -   {'loss': 1.1173079013824463, 'learning_rate': 1e-06, 'global_step': 15520, 'zo_forward_step': 31042, 'max_steps': 20000, 'max_zo_forward_steps': 0, 'time': 2122, 'eps': 3e-05}
03/26/2026 01:35:50 - INFO - src.trainer -   {'loss': 0.7684829235076904, 'learning_rate': 1e-06, 'global_step': 15530, 'zo_forward_step': 31062, 'max_steps': 20000, 'max_zo_forward_steps': 0, 'time': 2125, 'eps': 3e-05}
03/26/2026 01:35:51 - INFO - src.trainer -   {'loss': 1.2937822341918945, 'learning_rate': 1e-06, 'global_step': 15540, 'zo_forward_step': 31082, 'max_steps': 20000, 'max_zo_forward_steps': 0, 'time': 2126, 'eps': 3e-05}
03/26/2026 01:35:52 - INFO - src.trainer -   {'loss': 1.1287872791290283, 'learning_rate': 1e-06, 'global_step': 15550, 'zo_forward_step': 31102, 'max_steps': 20000, 'max_zo_forward_steps': 0, 'time': 2127, 'eps': 3e-05}
03/26/2026 01:35:54 - INFO - src.trainer -   {'loss': 0.7859370708465576, 'learning_rate': 1e-06, 'global_step': 15560, 'zo_forward_step': 31122, 'max_steps': 20000, 'max_zo_forward_steps': 0, 'time': 2128, 'eps': 3e-05}
03/26/2026 01:35:55 - INFO - src.trainer -   {'loss': 1.2793948650360107, 'learning_rate': 1e-06, 'global_step': 15570, 'zo_forward_step': 31142, 'max_steps': 20000, 'max_zo_forward_steps': 0, 'time': 2130, 'eps': 3e-05}
03/26/2026 01:35:56 - INFO - src.trainer -   {'loss': 1.1296709775924683, 'learning_rate': 1e-06, 'global_step': 15580, 'zo_forward_step': 31162, 'max_steps': 20000, 'max_zo_forward_steps': 0, 'time': 2131, 'eps': 3e-05}
03/26/2026 01:35:57 - INFO - src.trainer -   {'loss': 0.7966206669807434, 'learning_rate': 1e-06, 'global_step': 15590, 'zo_forward_step': 31182, 'max_steps': 20000, 'max_zo_forward_steps': 0, 'time': 2132, 'eps': 3e-05}
1541it [35:09,  1.67s/it]1552it [35:09,  1.13s/it]03/26/2026 01:35:58 - INFO - src.trainer -   {'eval_loss': 1.4096758365631104, 'eval_acc': 0.475}
03/26/2026 01:36:01 - INFO - src.trainer -   [zo_probe] step=15600 eps=3.000e-05 precision=fp32 n=16 mae=7.068157e-03 rmse=8.181970e-03 sign_acc=1.0000 corr=1.000000
03/26/2026 01:36:01 - INFO - src.trainer -   {'loss': 1.2666958570480347, 'learning_rate': 1e-06, 'global_step': 15600, 'zo_forward_step': 31202, 'max_steps': 20000, 'max_zo_forward_steps': 0, 'time': 2136, 'eps': 3e-05}
03/26/2026 01:36:03 - INFO - src.trainer -   {'loss': 1.147072434425354, 'learning_rate': 1e-06, 'global_step': 15610, 'zo_forward_step': 31222, 'max_steps': 20000, 'max_zo_forward_steps': 0, 'time': 2138, 'eps': 3e-05}
03/26/2026 01:36:04 - INFO - src.trainer -   {'loss': 0.8019437789916992, 'learning_rate': 1e-06, 'global_step': 15620, 'zo_forward_step': 31242, 'max_steps': 20000, 'max_zo_forward_steps': 0, 'time': 2139, 'eps': 3e-05}
03/26/2026 01:36:05 - INFO - src.trainer -   {'loss': 1.2681914567947388, 'learning_rate': 1e-06, 'global_step': 15630, 'zo_forward_step': 31262, 'max_steps': 20000, 'max_zo_forward_steps': 0, 'time': 2140, 'eps': 3e-05}
03/26/2026 01:36:06 - INFO - src.trainer -   {'loss': 1.1270184516906738, 'learning_rate': 1e-06, 'global_step': 15640, 'zo_forward_step': 31282, 'max_steps': 20000, 'max_zo_forward_steps': 0, 'time': 2141, 'eps': 3e-05}
03/26/2026 01:36:07 - INFO - src.trainer -   {'loss': 0.8121108412742615, 'learning_rate': 1e-06, 'global_step': 15650, 'zo_forward_step': 31302, 'max_steps': 20000, 'max_zo_forward_steps': 0, 'time': 2142, 'eps': 3e-05}
03/26/2026 01:36:08 - INFO - src.trainer -   {'loss': 1.2642543315887451, 'learning_rate': 1e-06, 'global_step': 15660, 'zo_forward_step': 31322, 'max_steps': 20000, 'max_zo_forward_steps': 0, 'time': 2143, 'eps': 3e-05}
03/26/2026 01:36:09 - INFO - src.trainer -   {'loss': 1.1351323127746582, 'learning_rate': 1e-06, 'global_step': 15670, 'zo_forward_step': 31342, 'max_steps': 20000, 'max_zo_forward_steps': 0, 'time': 2144, 'eps': 3e-05}
03/26/2026 01:36:11 - INFO - src.trainer -   {'loss': 0.803831934928894, 'learning_rate': 1e-06, 'global_step': 15680, 'zo_forward_step': 31362, 'max_steps': 20000, 'max_zo_forward_steps': 0, 'time': 2146, 'eps': 3e-05}
03/26/2026 01:36:12 - INFO - src.trainer -   {'loss': 1.272953748703003, 'learning_rate': 1e-06, 'global_step': 15690, 'zo_forward_step': 31382, 'max_steps': 20000, 'max_zo_forward_steps': 0, 'time': 2147, 'eps': 3e-05}
03/26/2026 01:36:13 - INFO - src.trainer -   {'loss': 1.1144880056381226, 'learning_rate': 1e-06, 'global_step': 15700, 'zo_forward_step': 31402, 'max_steps': 20000, 'max_zo_forward_steps': 0, 'time': 2148, 'eps': 3e-05}
03/26/2026 01:36:14 - INFO - src.trainer -   {'loss': 0.8035948276519775, 'learning_rate': 1e-06, 'global_step': 15710, 'zo_forward_step': 31422, 'max_steps': 20000, 'max_zo_forward_steps': 0, 'time': 2149, 'eps': 3e-05}
1560it [35:26,  1.13s/it]03/26/2026 01:36:15 - INFO - src.trainer -   {'loss': 1.2760603427886963, 'learning_rate': 1e-06, 'global_step': 15720, 'zo_forward_step': 31442, 'max_steps': 20000, 'max_zo_forward_steps': 0, 'time': 2150, 'eps': 3e-05}
03/26/2026 01:36:17 - INFO - src.trainer -   {'loss': 1.1136579513549805, 'learning_rate': 1e-06, 'global_step': 15730, 'zo_forward_step': 31462, 'max_steps': 20000, 'max_zo_forward_steps': 0, 'time': 2151, 'eps': 3e-05}
03/26/2026 01:36:18 - INFO - src.trainer -   {'loss': 0.8047147989273071, 'learning_rate': 1e-06, 'global_step': 15740, 'zo_forward_step': 31482, 'max_steps': 20000, 'max_zo_forward_steps': 0, 'time': 2153, 'eps': 3e-05}
03/26/2026 01:36:19 - INFO - src.trainer -   {'loss': 1.2650411128997803, 'learning_rate': 1e-06, 'global_step': 15750, 'zo_forward_step': 31502, 'max_steps': 20000, 'max_zo_forward_steps': 0, 'time': 2154, 'eps': 3e-05}
03/26/2026 01:36:20 - INFO - src.trainer -   {'loss': 1.1315430402755737, 'learning_rate': 1e-06, 'global_step': 15760, 'zo_forward_step': 31522, 'max_steps': 20000, 'max_zo_forward_steps': 0, 'time': 2155, 'eps': 3e-05}
03/26/2026 01:36:21 - INFO - src.trainer -   {'loss': 0.8022084832191467, 'learning_rate': 1e-06, 'global_step': 15770, 'zo_forward_step': 31542, 'max_steps': 20000, 'max_zo_forward_steps': 0, 'time': 2156, 'eps': 3e-05}
03/26/2026 01:36:23 - INFO - src.trainer -   {'loss': 1.2702528238296509, 'learning_rate': 1e-06, 'global_step': 15780, 'zo_forward_step': 31562, 'max_steps': 20000, 'max_zo_forward_steps': 0, 'time': 2158, 'eps': 3e-05}
03/26/2026 01:36:24 - INFO - src.trainer -   {'loss': 1.1176247596740723, 'learning_rate': 1e-06, 'global_step': 15790, 'zo_forward_step': 31582, 'max_steps': 20000, 'max_zo_forward_steps': 0, 'time': 2159, 'eps': 3e-05}
1561it [35:36,  1.64s/it]1572it [35:36,  1.11s/it]03/26/2026 01:36:25 - INFO - src.trainer -   {'eval_loss': 1.409872055053711, 'eval_acc': 0.5125}
03/26/2026 01:36:25 - INFO - src.trainer -   Best dev result: 0.5125
03/26/2026 01:36:28 - INFO - src.trainer -   [zo_probe] step=15800 eps=3.000e-05 precision=fp32 n=16 mae=8.423753e-03 rmse=1.146369e-02 sign_acc=1.0000 corr=1.000000
03/26/2026 01:36:28 - INFO - src.trainer -   {'loss': 0.8024716973304749, 'learning_rate': 1e-06, 'global_step': 15800, 'zo_forward_step': 31602, 'max_steps': 20000, 'max_zo_forward_steps': 0, 'time': 2163, 'eps': 3e-05}
03/26/2026 01:36:29 - INFO - src.trainer -   {'loss': 1.2717974185943604, 'learning_rate': 1e-06, 'global_step': 15810, 'zo_forward_step': 31622, 'max_steps': 20000, 'max_zo_forward_steps': 0, 'time': 2164, 'eps': 3e-05}
03/26/2026 01:36:30 - INFO - src.trainer -   {'loss': 1.1171667575836182, 'learning_rate': 1e-06, 'global_step': 15820, 'zo_forward_step': 31642, 'max_steps': 20000, 'max_zo_forward_steps': 0, 'time': 2165, 'eps': 3e-05}
03/26/2026 01:36:31 - INFO - src.trainer -   {'loss': 0.7521418929100037, 'learning_rate': 1e-06, 'global_step': 15830, 'zo_forward_step': 31662, 'max_steps': 20000, 'max_zo_forward_steps': 0, 'time': 2166, 'eps': 3e-05}
03/26/2026 01:36:32 - INFO - src.trainer -   {'loss': 1.292757272720337, 'learning_rate': 1e-06, 'global_step': 15840, 'zo_forward_step': 31682, 'max_steps': 20000, 'max_zo_forward_steps': 0, 'time': 2167, 'eps': 3e-05}
03/26/2026 01:36:34 - INFO - src.trainer -   {'loss': 1.1453068256378174, 'learning_rate': 1e-06, 'global_step': 15850, 'zo_forward_step': 31702, 'max_steps': 20000, 'max_zo_forward_steps': 0, 'time': 2168, 'eps': 3e-05}
03/26/2026 01:36:35 - INFO - src.trainer -   {'loss': 0.7466943860054016, 'learning_rate': 1e-06, 'global_step': 15860, 'zo_forward_step': 31722, 'max_steps': 20000, 'max_zo_forward_steps': 0, 'time': 2170, 'eps': 3e-05}
03/26/2026 01:36:36 - INFO - src.trainer -   {'loss': 1.2923303842544556, 'learning_rate': 1e-06, 'global_step': 15870, 'zo_forward_step': 31742, 'max_steps': 20000, 'max_zo_forward_steps': 0, 'time': 2171, 'eps': 3e-05}
03/26/2026 01:36:37 - INFO - src.trainer -   {'loss': 1.1288737058639526, 'learning_rate': 1e-06, 'global_step': 15880, 'zo_forward_step': 31762, 'max_steps': 20000, 'max_zo_forward_steps': 0, 'time': 2172, 'eps': 3e-05}
03/26/2026 01:36:38 - INFO - src.trainer -   {'loss': 0.7552980780601501, 'learning_rate': 1e-06, 'global_step': 15890, 'zo_forward_step': 31782, 'max_steps': 20000, 'max_zo_forward_steps': 0, 'time': 2173, 'eps': 3e-05}
03/26/2026 01:36:39 - INFO - src.trainer -   {'loss': 1.2928968667984009, 'learning_rate': 1e-06, 'global_step': 15900, 'zo_forward_step': 31802, 'max_steps': 20000, 'max_zo_forward_steps': 0, 'time': 2174, 'eps': 3e-05}
03/26/2026 01:36:40 - INFO - src.trainer -   {'loss': 1.152037501335144, 'learning_rate': 1e-06, 'global_step': 15910, 'zo_forward_step': 31822, 'max_steps': 20000, 'max_zo_forward_steps': 0, 'time': 2175, 'eps': 3e-05}
03/26/2026 01:36:42 - INFO - src.trainer -   {'loss': 0.7333018779754639, 'learning_rate': 1e-06, 'global_step': 15920, 'zo_forward_step': 31842, 'max_steps': 20000, 'max_zo_forward_steps': 0, 'time': 2176, 'eps': 3e-05}
03/26/2026 01:36:43 - INFO - src.trainer -   {'loss': 1.2858245372772217, 'learning_rate': 1e-06, 'global_step': 15930, 'zo_forward_step': 31862, 'max_steps': 20000, 'max_zo_forward_steps': 0, 'time': 2178, 'eps': 3e-05}
03/26/2026 01:36:44 - INFO - src.trainer -   {'loss': 1.1861271858215332, 'learning_rate': 1e-06, 'global_step': 15940, 'zo_forward_step': 31882, 'max_steps': 20000, 'max_zo_forward_steps': 0, 'time': 2179, 'eps': 3e-05}
1580it [35:56,  1.11s/it]03/26/2026 01:36:45 - INFO - src.trainer -   {'loss': 0.7193779945373535, 'learning_rate': 1e-06, 'global_step': 15950, 'zo_forward_step': 31902, 'max_steps': 20000, 'max_zo_forward_steps': 0, 'time': 2180, 'eps': 3e-05}
03/26/2026 01:36:46 - INFO - src.trainer -   {'loss': 1.269333839416504, 'learning_rate': 1e-06, 'global_step': 15960, 'zo_forward_step': 31922, 'max_steps': 20000, 'max_zo_forward_steps': 0, 'time': 2181, 'eps': 3e-05}
03/26/2026 01:36:47 - INFO - src.trainer -   {'loss': 1.2111237049102783, 'learning_rate': 1e-06, 'global_step': 15970, 'zo_forward_step': 31942, 'max_steps': 20000, 'max_zo_forward_steps': 0, 'time': 2182, 'eps': 3e-05}
03/26/2026 01:36:48 - INFO - src.trainer -   {'loss': 0.7022417187690735, 'learning_rate': 1e-06, 'global_step': 15980, 'zo_forward_step': 31962, 'max_steps': 20000, 'max_zo_forward_steps': 0, 'time': 2183, 'eps': 3e-05}
03/26/2026 01:36:50 - INFO - src.trainer -   {'loss': 1.2645683288574219, 'learning_rate': 1e-06, 'global_step': 15990, 'zo_forward_step': 31982, 'max_steps': 20000, 'max_zo_forward_steps': 0, 'time': 2185, 'eps': 3e-05}
1581it [36:02,  1.59s/it]1592it [36:02,  1.07s/it]03/26/2026 01:36:51 - INFO - src.trainer -   {'eval_loss': 1.4208345413208008, 'eval_acc': 0.45}
03/26/2026 01:36:54 - INFO - src.trainer -   [zo_probe] step=16000 eps=3.000e-05 precision=fp32 n=16 mae=5.641997e-03 rmse=6.908752e-03 sign_acc=1.0000 corr=1.000000
03/26/2026 01:36:54 - INFO - src.trainer -   {'loss': 1.2066316604614258, 'learning_rate': 1e-06, 'global_step': 16000, 'zo_forward_step': 32002, 'max_steps': 20000, 'max_zo_forward_steps': 0, 'time': 2189, 'eps': 3e-05}
03/26/2026 01:36:55 - INFO - src.trainer -   {'loss': 0.7044889330863953, 'learning_rate': 1e-06, 'global_step': 16010, 'zo_forward_step': 32022, 'max_steps': 20000, 'max_zo_forward_steps': 0, 'time': 2190, 'eps': 3e-05}
03/26/2026 01:36:56 - INFO - src.trainer -   {'loss': 1.261993408203125, 'learning_rate': 1e-06, 'global_step': 16020, 'zo_forward_step': 32042, 'max_steps': 20000, 'max_zo_forward_steps': 0, 'time': 2191, 'eps': 3e-05}
03/26/2026 01:36:57 - INFO - src.trainer -   {'loss': 1.19987952709198, 'learning_rate': 1e-06, 'global_step': 16030, 'zo_forward_step': 32062, 'max_steps': 20000, 'max_zo_forward_steps': 0, 'time': 2192, 'eps': 3e-05}
03/26/2026 01:36:59 - INFO - src.trainer -   {'loss': 0.7095843553543091, 'learning_rate': 1e-06, 'global_step': 16040, 'zo_forward_step': 32082, 'max_steps': 20000, 'max_zo_forward_steps': 0, 'time': 2193, 'eps': 3e-05}
03/26/2026 01:37:00 - INFO - src.trainer -   {'loss': 1.260625958442688, 'learning_rate': 1e-06, 'global_step': 16050, 'zo_forward_step': 32102, 'max_steps': 20000, 'max_zo_forward_steps': 0, 'time': 2195, 'eps': 3e-05}
03/26/2026 01:37:01 - INFO - src.trainer -   {'loss': 1.192807674407959, 'learning_rate': 1e-06, 'global_step': 16060, 'zo_forward_step': 32122, 'max_steps': 20000, 'max_zo_forward_steps': 0, 'time': 2196, 'eps': 3e-05}
03/26/2026 01:37:02 - INFO - src.trainer -   {'loss': 0.7026270627975464, 'learning_rate': 1e-06, 'global_step': 16070, 'zo_forward_step': 32142, 'max_steps': 20000, 'max_zo_forward_steps': 0, 'time': 2197, 'eps': 3e-05}
03/26/2026 01:37:03 - INFO - src.trainer -   {'loss': 1.2682504653930664, 'learning_rate': 1e-06, 'global_step': 16080, 'zo_forward_step': 32162, 'max_steps': 20000, 'max_zo_forward_steps': 0, 'time': 2198, 'eps': 3e-05}
03/26/2026 01:37:04 - INFO - src.trainer -   {'loss': 1.1889865398406982, 'learning_rate': 1e-06, 'global_step': 16090, 'zo_forward_step': 32182, 'max_steps': 20000, 'max_zo_forward_steps': 0, 'time': 2199, 'eps': 3e-05}
1600it [36:16,  1.07s/it]03/26/2026 01:37:06 - INFO - src.trainer -   {'loss': 0.7272511720657349, 'learning_rate': 1e-06, 'global_step': 16100, 'zo_forward_step': 32202, 'max_steps': 20000, 'max_zo_forward_steps': 0, 'time': 2200, 'eps': 3e-05}
03/26/2026 01:37:07 - INFO - src.trainer -   {'loss': 1.2512272596359253, 'learning_rate': 1e-06, 'global_step': 16110, 'zo_forward_step': 32222, 'max_steps': 20000, 'max_zo_forward_steps': 0, 'time': 2202, 'eps': 3e-05}
03/26/2026 01:37:08 - INFO - src.trainer -   {'loss': 1.1745857000350952, 'learning_rate': 1e-06, 'global_step': 16120, 'zo_forward_step': 32242, 'max_steps': 20000, 'max_zo_forward_steps': 0, 'time': 2203, 'eps': 3e-05}
03/26/2026 01:37:09 - INFO - src.trainer -   {'loss': 0.7193123698234558, 'learning_rate': 1e-06, 'global_step': 16130, 'zo_forward_step': 32262, 'max_steps': 20000, 'max_zo_forward_steps': 0, 'time': 2204, 'eps': 3e-05}
03/26/2026 01:37:10 - INFO - src.trainer -   {'loss': 1.258549690246582, 'learning_rate': 1e-06, 'global_step': 16140, 'zo_forward_step': 32282, 'max_steps': 20000, 'max_zo_forward_steps': 0, 'time': 2205, 'eps': 3e-05}
03/26/2026 01:37:11 - INFO - src.trainer -   {'loss': 1.1795260906219482, 'learning_rate': 1e-06, 'global_step': 16150, 'zo_forward_step': 32302, 'max_steps': 20000, 'max_zo_forward_steps': 0, 'time': 2206, 'eps': 3e-05}
03/26/2026 01:37:13 - INFO - src.trainer -   {'loss': 0.7198957204818726, 'learning_rate': 1e-06, 'global_step': 16160, 'zo_forward_step': 32322, 'max_steps': 20000, 'max_zo_forward_steps': 0, 'time': 2208, 'eps': 3e-05}
03/26/2026 01:37:14 - INFO - src.trainer -   {'loss': 1.255827784538269, 'learning_rate': 1e-06, 'global_step': 16170, 'zo_forward_step': 32342, 'max_steps': 20000, 'max_zo_forward_steps': 0, 'time': 2209, 'eps': 3e-05}
03/26/2026 01:37:15 - INFO - src.trainer -   {'loss': 1.155534029006958, 'learning_rate': 1e-06, 'global_step': 16180, 'zo_forward_step': 32362, 'max_steps': 20000, 'max_zo_forward_steps': 0, 'time': 2210, 'eps': 3e-05}
03/26/2026 01:37:16 - INFO - src.trainer -   {'loss': 0.7438499331474304, 'learning_rate': 1e-06, 'global_step': 16190, 'zo_forward_step': 32382, 'max_steps': 20000, 'max_zo_forward_steps': 0, 'time': 2211, 'eps': 3e-05}
1601it [36:29,  1.59s/it]1612it [36:29,  1.08s/it]03/26/2026 01:37:18 - INFO - src.trainer -   {'eval_loss': 1.4037656784057617, 'eval_acc': 0.4625}
03/26/2026 01:37:21 - INFO - src.trainer -   [zo_probe] step=16200 eps=3.000e-05 precision=fp32 n=16 mae=4.759192e-03 rmse=6.082565e-03 sign_acc=1.0000 corr=1.000000
03/26/2026 01:37:21 - INFO - src.trainer -   {'loss': 1.2321501970291138, 'learning_rate': 1e-06, 'global_step': 16200, 'zo_forward_step': 32402, 'max_steps': 20000, 'max_zo_forward_steps': 0, 'time': 2216, 'eps': 3e-05}
03/26/2026 01:37:22 - INFO - src.trainer -   {'loss': 1.157894253730774, 'learning_rate': 1e-06, 'global_step': 16210, 'zo_forward_step': 32422, 'max_steps': 20000, 'max_zo_forward_steps': 0, 'time': 2217, 'eps': 3e-05}
03/26/2026 01:37:24 - INFO - src.trainer -   {'loss': 0.7423257231712341, 'learning_rate': 1e-06, 'global_step': 16220, 'zo_forward_step': 32442, 'max_steps': 20000, 'max_zo_forward_steps': 0, 'time': 2219, 'eps': 3e-05}
03/26/2026 01:37:25 - INFO - src.trainer -   {'loss': 1.2406328916549683, 'learning_rate': 1e-06, 'global_step': 16230, 'zo_forward_step': 32462, 'max_steps': 20000, 'max_zo_forward_steps': 0, 'time': 2220, 'eps': 3e-05}
03/26/2026 01:37:26 - INFO - src.trainer -   {'loss': 1.1680220365524292, 'learning_rate': 1e-06, 'global_step': 16240, 'zo_forward_step': 32482, 'max_steps': 20000, 'max_zo_forward_steps': 0, 'time': 2221, 'eps': 3e-05}
03/26/2026 01:37:28 - INFO - src.trainer -   {'loss': 0.7352936863899231, 'learning_rate': 1e-06, 'global_step': 16250, 'zo_forward_step': 32502, 'max_steps': 20000, 'max_zo_forward_steps': 0, 'time': 2222, 'eps': 3e-05}
03/26/2026 01:37:29 - INFO - src.trainer -   {'loss': 1.2513480186462402, 'learning_rate': 1e-06, 'global_step': 16260, 'zo_forward_step': 32522, 'max_steps': 20000, 'max_zo_forward_steps': 0, 'time': 2224, 'eps': 3e-05}
03/26/2026 01:37:30 - INFO - src.trainer -   {'loss': 1.1768263578414917, 'learning_rate': 1e-06, 'global_step': 16270, 'zo_forward_step': 32542, 'max_steps': 20000, 'max_zo_forward_steps': 0, 'time': 2225, 'eps': 3e-05}
03/26/2026 01:37:31 - INFO - src.trainer -   {'loss': 0.7416677474975586, 'learning_rate': 1e-06, 'global_step': 16280, 'zo_forward_step': 32562, 'max_steps': 20000, 'max_zo_forward_steps': 0, 'time': 2226, 'eps': 3e-05}
03/26/2026 01:37:32 - INFO - src.trainer -   {'loss': 1.2355983257293701, 'learning_rate': 1e-06, 'global_step': 16290, 'zo_forward_step': 32582, 'max_steps': 20000, 'max_zo_forward_steps': 0, 'time': 2227, 'eps': 3e-05}
03/26/2026 01:37:33 - INFO - src.trainer -   {'loss': 1.1485270261764526, 'learning_rate': 1e-06, 'global_step': 16300, 'zo_forward_step': 32602, 'max_steps': 20000, 'max_zo_forward_steps': 0, 'time': 2228, 'eps': 3e-05}
03/26/2026 01:37:35 - INFO - src.trainer -   {'loss': 0.7455616593360901, 'learning_rate': 1e-06, 'global_step': 16310, 'zo_forward_step': 32622, 'max_steps': 20000, 'max_zo_forward_steps': 0, 'time': 2230, 'eps': 3e-05}
1620it [36:46,  1.08s/it]03/26/2026 01:37:36 - INFO - src.trainer -   {'loss': 1.2371714115142822, 'learning_rate': 1e-06, 'global_step': 16320, 'zo_forward_step': 32642, 'max_steps': 20000, 'max_zo_forward_steps': 0, 'time': 2231, 'eps': 3e-05}
03/26/2026 01:37:37 - INFO - src.trainer -   {'loss': 1.184169888496399, 'learning_rate': 1e-06, 'global_step': 16330, 'zo_forward_step': 32662, 'max_steps': 20000, 'max_zo_forward_steps': 0, 'time': 2232, 'eps': 3e-05}
03/26/2026 01:37:38 - INFO - src.trainer -   {'loss': 0.7340161204338074, 'learning_rate': 1e-06, 'global_step': 16340, 'zo_forward_step': 32682, 'max_steps': 20000, 'max_zo_forward_steps': 0, 'time': 2233, 'eps': 3e-05}
03/26/2026 01:37:39 - INFO - src.trainer -   {'loss': 1.2358977794647217, 'learning_rate': 1e-06, 'global_step': 16350, 'zo_forward_step': 32702, 'max_steps': 20000, 'max_zo_forward_steps': 0, 'time': 2234, 'eps': 3e-05}
03/26/2026 01:37:41 - INFO - src.trainer -   {'loss': 1.1580021381378174, 'learning_rate': 1e-06, 'global_step': 16360, 'zo_forward_step': 32722, 'max_steps': 20000, 'max_zo_forward_steps': 0, 'time': 2235, 'eps': 3e-05}
03/26/2026 01:37:42 - INFO - src.trainer -   {'loss': 0.7622578740119934, 'learning_rate': 1e-06, 'global_step': 16370, 'zo_forward_step': 32742, 'max_steps': 20000, 'max_zo_forward_steps': 0, 'time': 2237, 'eps': 3e-05}
03/26/2026 01:37:43 - INFO - src.trainer -   {'loss': 1.238763451576233, 'learning_rate': 1e-06, 'global_step': 16380, 'zo_forward_step': 32762, 'max_steps': 20000, 'max_zo_forward_steps': 0, 'time': 2238, 'eps': 3e-05}
03/26/2026 01:37:44 - INFO - src.trainer -   {'loss': 1.168991208076477, 'learning_rate': 1e-06, 'global_step': 16390, 'zo_forward_step': 32782, 'max_steps': 20000, 'max_zo_forward_steps': 0, 'time': 2239, 'eps': 3e-05}
1621it [36:56,  1.62s/it]1632it [36:56,  1.10s/it]03/26/2026 01:37:45 - INFO - src.trainer -   {'eval_loss': 1.4048982858657837, 'eval_acc': 0.4625}
03/26/2026 01:37:47 - INFO - src.trainer -   [zo_probe] step=16400 eps=3.000e-05 precision=fp32 n=16 mae=6.440192e-03 rmse=8.075971e-03 sign_acc=1.0000 corr=1.000000
03/26/2026 01:37:47 - INFO - src.trainer -   {'loss': 0.7444555759429932, 'learning_rate': 1e-06, 'global_step': 16400, 'zo_forward_step': 32802, 'max_steps': 20000, 'max_zo_forward_steps': 0, 'time': 2242, 'eps': 3e-05}
03/26/2026 01:37:49 - INFO - src.trainer -   {'loss': 1.2162466049194336, 'learning_rate': 1e-06, 'global_step': 16410, 'zo_forward_step': 32822, 'max_steps': 20000, 'max_zo_forward_steps': 0, 'time': 2243, 'eps': 3e-05}
03/26/2026 01:37:50 - INFO - src.trainer -   {'loss': 1.151463508605957, 'learning_rate': 1e-06, 'global_step': 16420, 'zo_forward_step': 32842, 'max_steps': 20000, 'max_zo_forward_steps': 0, 'time': 2245, 'eps': 3e-05}
03/26/2026 01:37:51 - INFO - src.trainer -   {'loss': 0.7646411061286926, 'learning_rate': 1e-06, 'global_step': 16430, 'zo_forward_step': 32862, 'max_steps': 20000, 'max_zo_forward_steps': 0, 'time': 2246, 'eps': 3e-05}
03/26/2026 01:37:52 - INFO - src.trainer -   {'loss': 1.2198896408081055, 'learning_rate': 1e-06, 'global_step': 16440, 'zo_forward_step': 32882, 'max_steps': 20000, 'max_zo_forward_steps': 0, 'time': 2247, 'eps': 3e-05}
03/26/2026 01:37:53 - INFO - src.trainer -   {'loss': 1.159303069114685, 'learning_rate': 1e-06, 'global_step': 16450, 'zo_forward_step': 32902, 'max_steps': 20000, 'max_zo_forward_steps': 0, 'time': 2248, 'eps': 3e-05}
03/26/2026 01:37:54 - INFO - src.trainer -   {'loss': 0.7570704221725464, 'learning_rate': 1e-06, 'global_step': 16460, 'zo_forward_step': 32922, 'max_steps': 20000, 'max_zo_forward_steps': 0, 'time': 2249, 'eps': 3e-05}
03/26/2026 01:37:56 - INFO - src.trainer -   {'loss': 1.2327080965042114, 'learning_rate': 1e-06, 'global_step': 16470, 'zo_forward_step': 32942, 'max_steps': 20000, 'max_zo_forward_steps': 0, 'time': 2250, 'eps': 3e-05}
03/26/2026 01:37:57 - INFO - src.trainer -   {'loss': 1.1643292903900146, 'learning_rate': 1e-06, 'global_step': 16480, 'zo_forward_step': 32962, 'max_steps': 20000, 'max_zo_forward_steps': 0, 'time': 2252, 'eps': 3e-05}
03/26/2026 01:37:58 - INFO - src.trainer -   {'loss': 0.7666079998016357, 'learning_rate': 1e-06, 'global_step': 16490, 'zo_forward_step': 32982, 'max_steps': 20000, 'max_zo_forward_steps': 0, 'time': 2253, 'eps': 3e-05}
03/26/2026 01:37:59 - INFO - src.trainer -   {'loss': 1.1973191499710083, 'learning_rate': 1e-06, 'global_step': 16500, 'zo_forward_step': 33002, 'max_steps': 20000, 'max_zo_forward_steps': 0, 'time': 2254, 'eps': 3e-05}
03/26/2026 01:38:00 - INFO - src.trainer -   {'loss': 1.1885300874710083, 'learning_rate': 1e-06, 'global_step': 16510, 'zo_forward_step': 33022, 'max_steps': 20000, 'max_zo_forward_steps': 0, 'time': 2255, 'eps': 3e-05}
03/26/2026 01:38:02 - INFO - src.trainer -   {'loss': 0.7772928476333618, 'learning_rate': 1e-06, 'global_step': 16520, 'zo_forward_step': 33042, 'max_steps': 20000, 'max_zo_forward_steps': 0, 'time': 2257, 'eps': 3e-05}
03/26/2026 01:38:03 - INFO - src.trainer -   {'loss': 1.1916255950927734, 'learning_rate': 1e-06, 'global_step': 16530, 'zo_forward_step': 33062, 'max_steps': 20000, 'max_zo_forward_steps': 0, 'time': 2258, 'eps': 3e-05}
03/26/2026 01:38:04 - INFO - src.trainer -   {'loss': 1.1981289386749268, 'learning_rate': 1e-06, 'global_step': 16540, 'zo_forward_step': 33082, 'max_steps': 20000, 'max_zo_forward_steps': 0, 'time': 2259, 'eps': 3e-05}
1640it [37:16,  1.10s/it]03/26/2026 01:38:05 - INFO - src.trainer -   {'loss': 0.7661029696464539, 'learning_rate': 1e-06, 'global_step': 16550, 'zo_forward_step': 33102, 'max_steps': 20000, 'max_zo_forward_steps': 0, 'time': 2260, 'eps': 3e-05}
03/26/2026 01:38:07 - INFO - src.trainer -   {'loss': 1.2227610349655151, 'learning_rate': 1e-06, 'global_step': 16560, 'zo_forward_step': 33122, 'max_steps': 20000, 'max_zo_forward_steps': 0, 'time': 2262, 'eps': 3e-05}
03/26/2026 01:38:08 - INFO - src.trainer -   {'loss': 1.1744651794433594, 'learning_rate': 1e-06, 'global_step': 16570, 'zo_forward_step': 33142, 'max_steps': 20000, 'max_zo_forward_steps': 0, 'time': 2263, 'eps': 3e-05}
03/26/2026 01:38:09 - INFO - src.trainer -   {'loss': 0.7793664336204529, 'learning_rate': 1e-06, 'global_step': 16580, 'zo_forward_step': 33162, 'max_steps': 20000, 'max_zo_forward_steps': 0, 'time': 2264, 'eps': 3e-05}
03/26/2026 01:38:10 - INFO - src.trainer -   {'loss': 1.227816104888916, 'learning_rate': 1e-06, 'global_step': 16590, 'zo_forward_step': 33182, 'max_steps': 20000, 'max_zo_forward_steps': 0, 'time': 2265, 'eps': 3e-05}
1641it [37:22,  1.59s/it]1652it [37:22,  1.08s/it]03/26/2026 01:38:11 - INFO - src.trainer -   {'eval_loss': 1.3967876434326172, 'eval_acc': 0.4375}
03/26/2026 01:38:14 - INFO - src.trainer -   [zo_probe] step=16600 eps=3.000e-05 precision=fp32 n=16 mae=7.146912e-03 rmse=8.072952e-03 sign_acc=1.0000 corr=1.000000
03/26/2026 01:38:14 - INFO - src.trainer -   {'loss': 1.171056866645813, 'learning_rate': 1e-06, 'global_step': 16600, 'zo_forward_step': 33202, 'max_steps': 20000, 'max_zo_forward_steps': 0, 'time': 2269, 'eps': 3e-05}
03/26/2026 01:38:15 - INFO - src.trainer -   {'loss': 0.7827408909797668, 'learning_rate': 1e-06, 'global_step': 16610, 'zo_forward_step': 33222, 'max_steps': 20000, 'max_zo_forward_steps': 0, 'time': 2270, 'eps': 3e-05}
03/26/2026 01:38:17 - INFO - src.trainer -   {'loss': 1.2023435831069946, 'learning_rate': 1e-06, 'global_step': 16620, 'zo_forward_step': 33242, 'max_steps': 20000, 'max_zo_forward_steps': 0, 'time': 2272, 'eps': 3e-05}
03/26/2026 01:38:18 - INFO - src.trainer -   {'loss': 1.1655651330947876, 'learning_rate': 1e-06, 'global_step': 16630, 'zo_forward_step': 33262, 'max_steps': 20000, 'max_zo_forward_steps': 0, 'time': 2273, 'eps': 3e-05}
03/26/2026 01:38:19 - INFO - src.trainer -   {'loss': 0.7785648703575134, 'learning_rate': 1e-06, 'global_step': 16640, 'zo_forward_step': 33282, 'max_steps': 20000, 'max_zo_forward_steps': 0, 'time': 2274, 'eps': 3e-05}
03/26/2026 01:38:20 - INFO - src.trainer -   {'loss': 1.2147789001464844, 'learning_rate': 1e-06, 'global_step': 16650, 'zo_forward_step': 33302, 'max_steps': 20000, 'max_zo_forward_steps': 0, 'time': 2275, 'eps': 3e-05}
03/26/2026 01:38:21 - INFO - src.trainer -   {'loss': 1.1778041124343872, 'learning_rate': 1e-06, 'global_step': 16660, 'zo_forward_step': 33322, 'max_steps': 20000, 'max_zo_forward_steps': 0, 'time': 2276, 'eps': 3e-05}
03/26/2026 01:38:23 - INFO - src.trainer -   {'loss': 0.7569442987442017, 'learning_rate': 1e-06, 'global_step': 16670, 'zo_forward_step': 33342, 'max_steps': 20000, 'max_zo_forward_steps': 0, 'time': 2277, 'eps': 3e-05}
03/26/2026 01:38:24 - INFO - src.trainer -   {'loss': 1.2207562923431396, 'learning_rate': 1e-06, 'global_step': 16680, 'zo_forward_step': 33362, 'max_steps': 20000, 'max_zo_forward_steps': 0, 'time': 2279, 'eps': 3e-05}
1660it [37:36,  1.08s/it]03/26/2026 01:38:25 - INFO - src.trainer -   {'loss': 1.1878600120544434, 'learning_rate': 1e-06, 'global_step': 16690, 'zo_forward_step': 33382, 'max_steps': 20000, 'max_zo_forward_steps': 0, 'time': 2280, 'eps': 3e-05}
03/26/2026 01:38:26 - INFO - src.trainer -   {'loss': 0.7438145875930786, 'learning_rate': 1e-06, 'global_step': 16700, 'zo_forward_step': 33402, 'max_steps': 20000, 'max_zo_forward_steps': 0, 'time': 2281, 'eps': 3e-05}
03/26/2026 01:38:27 - INFO - src.trainer -   {'loss': 1.2317475080490112, 'learning_rate': 1e-06, 'global_step': 16710, 'zo_forward_step': 33422, 'max_steps': 20000, 'max_zo_forward_steps': 0, 'time': 2282, 'eps': 3e-05}
03/26/2026 01:38:29 - INFO - src.trainer -   {'loss': 1.189064383506775, 'learning_rate': 1e-06, 'global_step': 16720, 'zo_forward_step': 33442, 'max_steps': 20000, 'max_zo_forward_steps': 0, 'time': 2284, 'eps': 3e-05}
03/26/2026 01:38:30 - INFO - src.trainer -   {'loss': 0.7474104762077332, 'learning_rate': 1e-06, 'global_step': 16730, 'zo_forward_step': 33462, 'max_steps': 20000, 'max_zo_forward_steps': 0, 'time': 2285, 'eps': 3e-05}
03/26/2026 01:38:31 - INFO - src.trainer -   {'loss': 1.2190476655960083, 'learning_rate': 1e-06, 'global_step': 16740, 'zo_forward_step': 33482, 'max_steps': 20000, 'max_zo_forward_steps': 0, 'time': 2286, 'eps': 3e-05}
03/26/2026 01:38:32 - INFO - src.trainer -   {'loss': 1.187217354774475, 'learning_rate': 1e-06, 'global_step': 16750, 'zo_forward_step': 33502, 'max_steps': 20000, 'max_zo_forward_steps': 0, 'time': 2287, 'eps': 3e-05}
03/26/2026 01:38:33 - INFO - src.trainer -   {'loss': 0.7513824105262756, 'learning_rate': 1e-06, 'global_step': 16760, 'zo_forward_step': 33522, 'max_steps': 20000, 'max_zo_forward_steps': 0, 'time': 2288, 'eps': 3e-05}
03/26/2026 01:38:35 - INFO - src.trainer -   {'loss': 1.2160054445266724, 'learning_rate': 1e-06, 'global_step': 16770, 'zo_forward_step': 33542, 'max_steps': 20000, 'max_zo_forward_steps': 0, 'time': 2290, 'eps': 3e-05}
03/26/2026 01:38:36 - INFO - src.trainer -   {'loss': 1.1602613925933838, 'learning_rate': 1e-06, 'global_step': 16780, 'zo_forward_step': 33562, 'max_steps': 20000, 'max_zo_forward_steps': 0, 'time': 2291, 'eps': 3e-05}
03/26/2026 01:38:37 - INFO - src.trainer -   {'loss': 0.7589952349662781, 'learning_rate': 1e-06, 'global_step': 16790, 'zo_forward_step': 33582, 'max_steps': 20000, 'max_zo_forward_steps': 0, 'time': 2292, 'eps': 3e-05}
1661it [37:49,  1.60s/it]1672it [37:49,  1.09s/it]03/26/2026 01:38:38 - INFO - src.trainer -   {'eval_loss': 1.3883516788482666, 'eval_acc': 0.4375}
03/26/2026 01:38:41 - INFO - src.trainer -   [zo_probe] step=16800 eps=3.000e-05 precision=fp32 n=16 mae=3.159845e-02 rmse=5.654334e-02 sign_acc=1.0000 corr=1.000000
03/26/2026 01:38:42 - INFO - src.trainer -   {'loss': 1.2369210720062256, 'learning_rate': 1e-06, 'global_step': 16800, 'zo_forward_step': 33602, 'max_steps': 20000, 'max_zo_forward_steps': 0, 'time': 2296, 'eps': 3e-05}
03/26/2026 01:38:43 - INFO - src.trainer -   {'loss': 1.1399098634719849, 'learning_rate': 1e-06, 'global_step': 16810, 'zo_forward_step': 33622, 'max_steps': 20000, 'max_zo_forward_steps': 0, 'time': 2298, 'eps': 3e-05}
03/26/2026 01:38:44 - INFO - src.trainer -   {'loss': 0.7441222071647644, 'learning_rate': 1e-06, 'global_step': 16820, 'zo_forward_step': 33642, 'max_steps': 20000, 'max_zo_forward_steps': 0, 'time': 2299, 'eps': 3e-05}
03/26/2026 01:38:45 - INFO - src.trainer -   {'loss': 1.2564871311187744, 'learning_rate': 1e-06, 'global_step': 16830, 'zo_forward_step': 33662, 'max_steps': 20000, 'max_zo_forward_steps': 0, 'time': 2300, 'eps': 3e-05}
03/26/2026 01:38:46 - INFO - src.trainer -   {'loss': 1.1177932024002075, 'learning_rate': 1e-06, 'global_step': 16840, 'zo_forward_step': 33682, 'max_steps': 20000, 'max_zo_forward_steps': 0, 'time': 2301, 'eps': 3e-05}
03/26/2026 01:38:47 - INFO - src.trainer -   {'loss': 0.7486848831176758, 'learning_rate': 1e-06, 'global_step': 16850, 'zo_forward_step': 33702, 'max_steps': 20000, 'max_zo_forward_steps': 0, 'time': 2302, 'eps': 3e-05}
03/26/2026 01:38:48 - INFO - src.trainer -   {'loss': 1.272752046585083, 'learning_rate': 1e-06, 'global_step': 16860, 'zo_forward_step': 33722, 'max_steps': 20000, 'max_zo_forward_steps': 0, 'time': 2303, 'eps': 3e-05}
03/26/2026 01:38:50 - INFO - src.trainer -   {'loss': 1.1195250749588013, 'learning_rate': 1e-06, 'global_step': 16870, 'zo_forward_step': 33742, 'max_steps': 20000, 'max_zo_forward_steps': 0, 'time': 2305, 'eps': 3e-05}
03/26/2026 01:38:51 - INFO - src.trainer -   {'loss': 0.7614230513572693, 'learning_rate': 1e-06, 'global_step': 16880, 'zo_forward_step': 33762, 'max_steps': 20000, 'max_zo_forward_steps': 0, 'time': 2306, 'eps': 3e-05}
03/26/2026 01:38:52 - INFO - src.trainer -   {'loss': 1.2846636772155762, 'learning_rate': 1e-06, 'global_step': 16890, 'zo_forward_step': 33782, 'max_steps': 20000, 'max_zo_forward_steps': 0, 'time': 2307, 'eps': 3e-05}
03/26/2026 01:38:53 - INFO - src.trainer -   {'loss': 1.1039369106292725, 'learning_rate': 1e-06, 'global_step': 16900, 'zo_forward_step': 33802, 'max_steps': 20000, 'max_zo_forward_steps': 0, 'time': 2308, 'eps': 3e-05}
1680it [38:06,  1.09s/it]03/26/2026 01:38:56 - INFO - src.trainer -   {'loss': 0.7927133440971375, 'learning_rate': 1e-06, 'global_step': 16910, 'zo_forward_step': 33822, 'max_steps': 20000, 'max_zo_forward_steps': 0, 'time': 2311, 'eps': 3e-05}
03/26/2026 01:38:57 - INFO - src.trainer -   {'loss': 1.2457653284072876, 'learning_rate': 1e-06, 'global_step': 16920, 'zo_forward_step': 33842, 'max_steps': 20000, 'max_zo_forward_steps': 0, 'time': 2312, 'eps': 3e-05}
03/26/2026 01:38:58 - INFO - src.trainer -   {'loss': 1.111434817314148, 'learning_rate': 1e-06, 'global_step': 16930, 'zo_forward_step': 33862, 'max_steps': 20000, 'max_zo_forward_steps': 0, 'time': 2313, 'eps': 3e-05}
03/26/2026 01:39:00 - INFO - src.trainer -   {'loss': 0.802958071231842, 'learning_rate': 1e-06, 'global_step': 16940, 'zo_forward_step': 33882, 'max_steps': 20000, 'max_zo_forward_steps': 0, 'time': 2314, 'eps': 3e-05}
03/26/2026 01:39:01 - INFO - src.trainer -   {'loss': 1.240878939628601, 'learning_rate': 1e-06, 'global_step': 16950, 'zo_forward_step': 33902, 'max_steps': 20000, 'max_zo_forward_steps': 0, 'time': 2316, 'eps': 3e-05}
03/26/2026 01:39:02 - INFO - src.trainer -   {'loss': 1.1148221492767334, 'learning_rate': 1e-06, 'global_step': 16960, 'zo_forward_step': 33922, 'max_steps': 20000, 'max_zo_forward_steps': 0, 'time': 2317, 'eps': 3e-05}
03/26/2026 01:39:04 - INFO - src.trainer -   {'loss': 0.7888590693473816, 'learning_rate': 1e-06, 'global_step': 16970, 'zo_forward_step': 33942, 'max_steps': 20000, 'max_zo_forward_steps': 0, 'time': 2319, 'eps': 3e-05}
03/26/2026 01:39:05 - INFO - src.trainer -   {'loss': 1.2418553829193115, 'learning_rate': 1e-06, 'global_step': 16980, 'zo_forward_step': 33962, 'max_steps': 20000, 'max_zo_forward_steps': 0, 'time': 2320, 'eps': 3e-05}
03/26/2026 01:39:07 - INFO - src.trainer -   {'loss': 1.1026709079742432, 'learning_rate': 1e-06, 'global_step': 16990, 'zo_forward_step': 33982, 'max_steps': 20000, 'max_zo_forward_steps': 0, 'time': 2322, 'eps': 3e-05}
1681it [38:20,  1.71s/it]1692it [38:20,  1.16s/it]03/26/2026 01:39:08 - INFO - src.trainer -   {'eval_loss': 1.394101858139038, 'eval_acc': 0.4625}
03/26/2026 01:39:10 - INFO - src.trainer -   [zo_probe] step=17000 eps=3.000e-05 precision=fp32 n=16 mae=9.660756e-03 rmse=1.123238e-02 sign_acc=1.0000 corr=1.000000
03/26/2026 01:39:11 - INFO - src.trainer -   {'loss': 0.8079559206962585, 'learning_rate': 1e-06, 'global_step': 17000, 'zo_forward_step': 34002, 'max_steps': 20000, 'max_zo_forward_steps': 0, 'time': 2325, 'eps': 3e-05}
03/26/2026 01:39:12 - INFO - src.trainer -   {'loss': 1.2367891073226929, 'learning_rate': 1e-06, 'global_step': 17010, 'zo_forward_step': 34022, 'max_steps': 20000, 'max_zo_forward_steps': 0, 'time': 2327, 'eps': 3e-05}
03/26/2026 01:39:13 - INFO - src.trainer -   {'loss': 1.0787192583084106, 'learning_rate': 1e-06, 'global_step': 17020, 'zo_forward_step': 34042, 'max_steps': 20000, 'max_zo_forward_steps': 0, 'time': 2328, 'eps': 3e-05}
03/26/2026 01:39:14 - INFO - src.trainer -   {'loss': 0.8273403644561768, 'learning_rate': 1e-06, 'global_step': 17030, 'zo_forward_step': 34062, 'max_steps': 20000, 'max_zo_forward_steps': 0, 'time': 2329, 'eps': 3e-05}
03/26/2026 01:39:15 - INFO - src.trainer -   {'loss': 1.2439764738082886, 'learning_rate': 1e-06, 'global_step': 17040, 'zo_forward_step': 34082, 'max_steps': 20000, 'max_zo_forward_steps': 0, 'time': 2330, 'eps': 3e-05}
03/26/2026 01:39:16 - INFO - src.trainer -   {'loss': 1.0711216926574707, 'learning_rate': 1e-06, 'global_step': 17050, 'zo_forward_step': 34102, 'max_steps': 20000, 'max_zo_forward_steps': 0, 'time': 2331, 'eps': 3e-05}
03/26/2026 01:39:18 - INFO - src.trainer -   {'loss': 0.8175930976867676, 'learning_rate': 1e-06, 'global_step': 17060, 'zo_forward_step': 34122, 'max_steps': 20000, 'max_zo_forward_steps': 0, 'time': 2332, 'eps': 3e-05}
03/26/2026 01:39:19 - INFO - src.trainer -   {'loss': 1.2645875215530396, 'learning_rate': 1e-06, 'global_step': 17070, 'zo_forward_step': 34142, 'max_steps': 20000, 'max_zo_forward_steps': 0, 'time': 2334, 'eps': 3e-05}
03/26/2026 01:39:20 - INFO - src.trainer -   {'loss': 1.0593167543411255, 'learning_rate': 1e-06, 'global_step': 17080, 'zo_forward_step': 34162, 'max_steps': 20000, 'max_zo_forward_steps': 0, 'time': 2335, 'eps': 3e-05}
03/26/2026 01:39:21 - INFO - src.trainer -   {'loss': 0.8254306316375732, 'learning_rate': 1e-06, 'global_step': 17090, 'zo_forward_step': 34182, 'max_steps': 20000, 'max_zo_forward_steps': 0, 'time': 2336, 'eps': 3e-05}
03/26/2026 01:39:22 - INFO - src.trainer -   {'loss': 1.2621066570281982, 'learning_rate': 1e-06, 'global_step': 17100, 'zo_forward_step': 34202, 'max_steps': 20000, 'max_zo_forward_steps': 0, 'time': 2337, 'eps': 3e-05}
03/26/2026 01:39:23 - INFO - src.trainer -   {'loss': 1.0389684438705444, 'learning_rate': 1e-06, 'global_step': 17110, 'zo_forward_step': 34222, 'max_steps': 20000, 'max_zo_forward_steps': 0, 'time': 2338, 'eps': 3e-05}
03/26/2026 01:39:25 - INFO - src.trainer -   {'loss': 0.8136720657348633, 'learning_rate': 1e-06, 'global_step': 17120, 'zo_forward_step': 34242, 'max_steps': 20000, 'max_zo_forward_steps': 0, 'time': 2339, 'eps': 3e-05}
1700it [38:36,  1.16s/it]03/26/2026 01:39:26 - INFO - src.trainer -   {'loss': 1.2722899913787842, 'learning_rate': 1e-06, 'global_step': 17130, 'zo_forward_step': 34262, 'max_steps': 20000, 'max_zo_forward_steps': 0, 'time': 2341, 'eps': 3e-05}
03/26/2026 01:39:27 - INFO - src.trainer -   {'loss': 1.0488402843475342, 'learning_rate': 1e-06, 'global_step': 17140, 'zo_forward_step': 34282, 'max_steps': 20000, 'max_zo_forward_steps': 0, 'time': 2342, 'eps': 3e-05}
03/26/2026 01:39:28 - INFO - src.trainer -   {'loss': 0.7980040311813354, 'learning_rate': 1e-06, 'global_step': 17150, 'zo_forward_step': 34302, 'max_steps': 20000, 'max_zo_forward_steps': 0, 'time': 2343, 'eps': 3e-05}
03/26/2026 01:39:29 - INFO - src.trainer -   {'loss': 1.2851040363311768, 'learning_rate': 1e-06, 'global_step': 17160, 'zo_forward_step': 34322, 'max_steps': 20000, 'max_zo_forward_steps': 0, 'time': 2344, 'eps': 3e-05}
03/26/2026 01:39:30 - INFO - src.trainer -   {'loss': 1.0469119548797607, 'learning_rate': 1e-06, 'global_step': 17170, 'zo_forward_step': 34342, 'max_steps': 20000, 'max_zo_forward_steps': 0, 'time': 2345, 'eps': 3e-05}
03/26/2026 01:39:32 - INFO - src.trainer -   {'loss': 0.8024560213088989, 'learning_rate': 1e-06, 'global_step': 17180, 'zo_forward_step': 34362, 'max_steps': 20000, 'max_zo_forward_steps': 0, 'time': 2346, 'eps': 3e-05}
03/26/2026 01:39:33 - INFO - src.trainer -   {'loss': 1.2586374282836914, 'learning_rate': 1e-06, 'global_step': 17190, 'zo_forward_step': 34382, 'max_steps': 20000, 'max_zo_forward_steps': 0, 'time': 2348, 'eps': 3e-05}
1701it [38:45,  1.61s/it]1712it [38:45,  1.09s/it]03/26/2026 01:39:34 - INFO - src.trainer -   {'eval_loss': 1.3990353345870972, 'eval_acc': 0.45}
03/26/2026 01:39:37 - INFO - src.trainer -   [zo_probe] step=17200 eps=3.000e-05 precision=fp32 n=16 mae=3.716223e-03 rmse=4.256202e-03 sign_acc=1.0000 corr=1.000000
03/26/2026 01:39:37 - INFO - src.trainer -   {'loss': 1.0715949535369873, 'learning_rate': 1e-06, 'global_step': 17200, 'zo_forward_step': 34402, 'max_steps': 20000, 'max_zo_forward_steps': 0, 'time': 2352, 'eps': 3e-05}
03/26/2026 01:39:38 - INFO - src.trainer -   {'loss': 0.7910731434822083, 'learning_rate': 1e-06, 'global_step': 17210, 'zo_forward_step': 34422, 'max_steps': 20000, 'max_zo_forward_steps': 0, 'time': 2353, 'eps': 3e-05}
03/26/2026 01:39:41 - INFO - src.trainer -   {'loss': 1.2483855485916138, 'learning_rate': 1e-06, 'global_step': 17220, 'zo_forward_step': 34442, 'max_steps': 20000, 'max_zo_forward_steps': 0, 'time': 2356, 'eps': 3e-05}
03/26/2026 01:39:42 - INFO - src.trainer -   {'loss': 1.0644047260284424, 'learning_rate': 1e-06, 'global_step': 17230, 'zo_forward_step': 34462, 'max_steps': 20000, 'max_zo_forward_steps': 0, 'time': 2357, 'eps': 3e-05}
03/26/2026 01:39:43 - INFO - src.trainer -   {'loss': 0.8022173643112183, 'learning_rate': 1e-06, 'global_step': 17240, 'zo_forward_step': 34482, 'max_steps': 20000, 'max_zo_forward_steps': 0, 'time': 2358, 'eps': 3e-05}
03/26/2026 01:39:44 - INFO - src.trainer -   {'loss': 1.2497714757919312, 'learning_rate': 1e-06, 'global_step': 17250, 'zo_forward_step': 34502, 'max_steps': 20000, 'max_zo_forward_steps': 0, 'time': 2359, 'eps': 3e-05}
1720it [38:56,  1.09s/it]03/26/2026 01:39:45 - INFO - src.trainer -   {'loss': 1.0626384019851685, 'learning_rate': 1e-06, 'global_step': 17260, 'zo_forward_step': 34522, 'max_steps': 20000, 'max_zo_forward_steps': 0, 'time': 2360, 'eps': 3e-05}
03/26/2026 01:39:46 - INFO - src.trainer -   {'loss': 0.7947049140930176, 'learning_rate': 1e-06, 'global_step': 17270, 'zo_forward_step': 34542, 'max_steps': 20000, 'max_zo_forward_steps': 0, 'time': 2361, 'eps': 3e-05}
03/26/2026 01:39:47 - INFO - src.trainer -   {'loss': 1.2306177616119385, 'learning_rate': 1e-06, 'global_step': 17280, 'zo_forward_step': 34562, 'max_steps': 20000, 'max_zo_forward_steps': 0, 'time': 2362, 'eps': 3e-05}
03/26/2026 01:39:49 - INFO - src.trainer -   {'loss': 1.074952244758606, 'learning_rate': 1e-06, 'global_step': 17290, 'zo_forward_step': 34582, 'max_steps': 20000, 'max_zo_forward_steps': 0, 'time': 2364, 'eps': 3e-05}
03/26/2026 01:39:50 - INFO - src.trainer -   {'loss': 0.7929630875587463, 'learning_rate': 1e-06, 'global_step': 17300, 'zo_forward_step': 34602, 'max_steps': 20000, 'max_zo_forward_steps': 0, 'time': 2365, 'eps': 3e-05}
03/26/2026 01:39:51 - INFO - src.trainer -   {'loss': 1.2162951231002808, 'learning_rate': 1e-06, 'global_step': 17310, 'zo_forward_step': 34622, 'max_steps': 20000, 'max_zo_forward_steps': 0, 'time': 2366, 'eps': 3e-05}
03/26/2026 01:39:52 - INFO - src.trainer -   {'loss': 1.089310884475708, 'learning_rate': 1e-06, 'global_step': 17320, 'zo_forward_step': 34642, 'max_steps': 20000, 'max_zo_forward_steps': 0, 'time': 2367, 'eps': 3e-05}
03/26/2026 01:39:53 - INFO - src.trainer -   {'loss': 0.7730816006660461, 'learning_rate': 1e-06, 'global_step': 17330, 'zo_forward_step': 34662, 'max_steps': 20000, 'max_zo_forward_steps': 0, 'time': 2368, 'eps': 3e-05}
03/26/2026 01:39:55 - INFO - src.trainer -   {'loss': 1.2388839721679688, 'learning_rate': 1e-06, 'global_step': 17340, 'zo_forward_step': 34682, 'max_steps': 20000, 'max_zo_forward_steps': 0, 'time': 2370, 'eps': 3e-05}
03/26/2026 01:39:56 - INFO - src.trainer -   {'loss': 1.10256826877594, 'learning_rate': 1e-06, 'global_step': 17350, 'zo_forward_step': 34702, 'max_steps': 20000, 'max_zo_forward_steps': 0, 'time': 2371, 'eps': 3e-05}
03/26/2026 01:39:57 - INFO - src.trainer -   {'loss': 0.7619693875312805, 'learning_rate': 1e-06, 'global_step': 17360, 'zo_forward_step': 34722, 'max_steps': 20000, 'max_zo_forward_steps': 0, 'time': 2372, 'eps': 3e-05}
03/26/2026 01:39:58 - INFO - src.trainer -   {'loss': 1.2212480306625366, 'learning_rate': 1e-06, 'global_step': 17370, 'zo_forward_step': 34742, 'max_steps': 20000, 'max_zo_forward_steps': 0, 'time': 2373, 'eps': 3e-05}
03/26/2026 01:39:59 - INFO - src.trainer -   {'loss': 1.0829941034317017, 'learning_rate': 1e-06, 'global_step': 17380, 'zo_forward_step': 34762, 'max_steps': 20000, 'max_zo_forward_steps': 0, 'time': 2374, 'eps': 3e-05}
03/26/2026 01:40:00 - INFO - src.trainer -   {'loss': 0.7504488229751587, 'learning_rate': 1e-06, 'global_step': 17390, 'zo_forward_step': 34782, 'max_steps': 20000, 'max_zo_forward_steps': 0, 'time': 2375, 'eps': 3e-05}
1721it [39:13,  1.64s/it]1732it [39:13,  1.11s/it]03/26/2026 01:40:02 - INFO - src.trainer -   {'eval_loss': 1.401953935623169, 'eval_acc': 0.4375}
03/26/2026 01:40:05 - INFO - src.trainer -   [zo_probe] step=17400 eps=3.000e-05 precision=fp32 n=16 mae=8.738995e-03 rmse=1.025266e-02 sign_acc=1.0000 corr=1.000000
03/26/2026 01:40:05 - INFO - src.trainer -   {'loss': 1.2391366958618164, 'learning_rate': 1e-06, 'global_step': 17400, 'zo_forward_step': 34802, 'max_steps': 20000, 'max_zo_forward_steps': 0, 'time': 2380, 'eps': 3e-05}
03/26/2026 01:40:06 - INFO - src.trainer -   {'loss': 1.087456464767456, 'learning_rate': 1e-06, 'global_step': 17410, 'zo_forward_step': 34822, 'max_steps': 20000, 'max_zo_forward_steps': 0, 'time': 2381, 'eps': 3e-05}
03/26/2026 01:40:07 - INFO - src.trainer -   {'loss': 0.7696195840835571, 'learning_rate': 1e-06, 'global_step': 17420, 'zo_forward_step': 34842, 'max_steps': 20000, 'max_zo_forward_steps': 0, 'time': 2382, 'eps': 3e-05}
03/26/2026 01:40:08 - INFO - src.trainer -   {'loss': 1.2166167497634888, 'learning_rate': 1e-06, 'global_step': 17430, 'zo_forward_step': 34862, 'max_steps': 20000, 'max_zo_forward_steps': 0, 'time': 2383, 'eps': 3e-05}
03/26/2026 01:40:09 - INFO - src.trainer -   {'loss': 1.0849778652191162, 'learning_rate': 1e-06, 'global_step': 17440, 'zo_forward_step': 34882, 'max_steps': 20000, 'max_zo_forward_steps': 0, 'time': 2384, 'eps': 3e-05}
03/26/2026 01:40:11 - INFO - src.trainer -   {'loss': 0.7418234944343567, 'learning_rate': 1e-06, 'global_step': 17450, 'zo_forward_step': 34902, 'max_steps': 20000, 'max_zo_forward_steps': 0, 'time': 2386, 'eps': 3e-05}
03/26/2026 01:40:12 - INFO - src.trainer -   {'loss': 1.2255619764328003, 'learning_rate': 1e-06, 'global_step': 17460, 'zo_forward_step': 34922, 'max_steps': 20000, 'max_zo_forward_steps': 0, 'time': 2387, 'eps': 3e-05}
03/26/2026 01:40:13 - INFO - src.trainer -   {'loss': 1.0986672639846802, 'learning_rate': 1e-06, 'global_step': 17470, 'zo_forward_step': 34942, 'max_steps': 20000, 'max_zo_forward_steps': 0, 'time': 2388, 'eps': 3e-05}
03/26/2026 01:40:14 - INFO - src.trainer -   {'loss': 0.749871551990509, 'learning_rate': 1e-06, 'global_step': 17480, 'zo_forward_step': 34962, 'max_steps': 20000, 'max_zo_forward_steps': 0, 'time': 2389, 'eps': 3e-05}
1740it [39:26,  1.11s/it]03/26/2026 01:40:15 - INFO - src.trainer -   {'loss': 1.22841215133667, 'learning_rate': 1e-06, 'global_step': 17490, 'zo_forward_step': 34982, 'max_steps': 20000, 'max_zo_forward_steps': 0, 'time': 2390, 'eps': 3e-05}
03/26/2026 01:40:17 - INFO - src.trainer -   {'loss': 1.0824925899505615, 'learning_rate': 1e-06, 'global_step': 17500, 'zo_forward_step': 35002, 'max_steps': 20000, 'max_zo_forward_steps': 0, 'time': 2391, 'eps': 3e-05}
03/26/2026 01:40:18 - INFO - src.trainer -   {'loss': 0.762299120426178, 'learning_rate': 1e-06, 'global_step': 17510, 'zo_forward_step': 35022, 'max_steps': 20000, 'max_zo_forward_steps': 0, 'time': 2393, 'eps': 3e-05}
03/26/2026 01:40:19 - INFO - src.trainer -   {'loss': 1.213882327079773, 'learning_rate': 1e-06, 'global_step': 17520, 'zo_forward_step': 35042, 'max_steps': 20000, 'max_zo_forward_steps': 0, 'time': 2394, 'eps': 3e-05}
03/26/2026 01:40:20 - INFO - src.trainer -   {'loss': 1.1004148721694946, 'learning_rate': 1e-06, 'global_step': 17530, 'zo_forward_step': 35062, 'max_steps': 20000, 'max_zo_forward_steps': 0, 'time': 2395, 'eps': 3e-05}
03/26/2026 01:40:21 - INFO - src.trainer -   {'loss': 0.7464466691017151, 'learning_rate': 1e-06, 'global_step': 17540, 'zo_forward_step': 35082, 'max_steps': 20000, 'max_zo_forward_steps': 0, 'time': 2396, 'eps': 3e-05}
03/26/2026 01:40:22 - INFO - src.trainer -   {'loss': 1.2026795148849487, 'learning_rate': 1e-06, 'global_step': 17550, 'zo_forward_step': 35102, 'max_steps': 20000, 'max_zo_forward_steps': 0, 'time': 2397, 'eps': 3e-05}
03/26/2026 01:40:23 - INFO - src.trainer -   {'loss': 1.1050928831100464, 'learning_rate': 1e-06, 'global_step': 17560, 'zo_forward_step': 35122, 'max_steps': 20000, 'max_zo_forward_steps': 0, 'time': 2398, 'eps': 3e-05}
03/26/2026 01:40:25 - INFO - src.trainer -   {'loss': 0.7488439679145813, 'learning_rate': 1e-06, 'global_step': 17570, 'zo_forward_step': 35142, 'max_steps': 20000, 'max_zo_forward_steps': 0, 'time': 2400, 'eps': 3e-05}
03/26/2026 01:40:26 - INFO - src.trainer -   {'loss': 1.220228672027588, 'learning_rate': 1e-06, 'global_step': 17580, 'zo_forward_step': 35162, 'max_steps': 20000, 'max_zo_forward_steps': 0, 'time': 2401, 'eps': 3e-05}
03/26/2026 01:40:27 - INFO - src.trainer -   {'loss': 1.1260197162628174, 'learning_rate': 1e-06, 'global_step': 17590, 'zo_forward_step': 35182, 'max_steps': 20000, 'max_zo_forward_steps': 0, 'time': 2402, 'eps': 3e-05}
1741it [39:39,  1.61s/it]1752it [39:39,  1.09s/it]03/26/2026 01:40:28 - INFO - src.trainer -   {'eval_loss': 1.4062682390213013, 'eval_acc': 0.425}
03/26/2026 01:40:30 - INFO - src.trainer -   [zo_probe] step=17600 eps=3.000e-05 precision=fp32 n=16 mae=1.011801e-02 rmse=1.329979e-02 sign_acc=1.0000 corr=1.000000
03/26/2026 01:40:30 - INFO - src.trainer -   {'loss': 0.7257090210914612, 'learning_rate': 1e-06, 'global_step': 17600, 'zo_forward_step': 35202, 'max_steps': 20000, 'max_zo_forward_steps': 0, 'time': 2405, 'eps': 3e-05}
03/26/2026 01:40:32 - INFO - src.trainer -   {'loss': 1.2172396183013916, 'learning_rate': 1e-06, 'global_step': 17610, 'zo_forward_step': 35222, 'max_steps': 20000, 'max_zo_forward_steps': 0, 'time': 2406, 'eps': 3e-05}
03/26/2026 01:40:33 - INFO - src.trainer -   {'loss': 1.1359609365463257, 'learning_rate': 1e-06, 'global_step': 17620, 'zo_forward_step': 35242, 'max_steps': 20000, 'max_zo_forward_steps': 0, 'time': 2408, 'eps': 3e-05}
03/26/2026 01:40:34 - INFO - src.trainer -   {'loss': 0.7027037143707275, 'learning_rate': 1e-06, 'global_step': 17630, 'zo_forward_step': 35262, 'max_steps': 20000, 'max_zo_forward_steps': 0, 'time': 2409, 'eps': 3e-05}
03/26/2026 01:40:35 - INFO - src.trainer -   {'loss': 1.2035797834396362, 'learning_rate': 1e-06, 'global_step': 17640, 'zo_forward_step': 35282, 'max_steps': 20000, 'max_zo_forward_steps': 0, 'time': 2410, 'eps': 3e-05}
03/26/2026 01:40:36 - INFO - src.trainer -   {'loss': 1.1546931266784668, 'learning_rate': 1e-06, 'global_step': 17650, 'zo_forward_step': 35302, 'max_steps': 20000, 'max_zo_forward_steps': 0, 'time': 2411, 'eps': 3e-05}
03/26/2026 01:40:37 - INFO - src.trainer -   {'loss': 0.7004441022872925, 'learning_rate': 1e-06, 'global_step': 17660, 'zo_forward_step': 35322, 'max_steps': 20000, 'max_zo_forward_steps': 0, 'time': 2412, 'eps': 3e-05}
03/26/2026 01:40:38 - INFO - src.trainer -   {'loss': 1.2090904712677002, 'learning_rate': 1e-06, 'global_step': 17670, 'zo_forward_step': 35342, 'max_steps': 20000, 'max_zo_forward_steps': 0, 'time': 2413, 'eps': 3e-05}
03/26/2026 01:40:40 - INFO - src.trainer -   {'loss': 1.1391781568527222, 'learning_rate': 1e-06, 'global_step': 17680, 'zo_forward_step': 35362, 'max_steps': 20000, 'max_zo_forward_steps': 0, 'time': 2414, 'eps': 3e-05}
03/26/2026 01:40:41 - INFO - src.trainer -   {'loss': 0.6958820223808289, 'learning_rate': 1e-06, 'global_step': 17690, 'zo_forward_step': 35382, 'max_steps': 20000, 'max_zo_forward_steps': 0, 'time': 2416, 'eps': 3e-05}
03/26/2026 01:40:42 - INFO - src.trainer -   {'loss': 1.2151483297348022, 'learning_rate': 1e-06, 'global_step': 17700, 'zo_forward_step': 35402, 'max_steps': 20000, 'max_zo_forward_steps': 0, 'time': 2417, 'eps': 3e-05}
03/26/2026 01:40:44 - INFO - src.trainer -   {'loss': 1.1351426839828491, 'learning_rate': 1e-06, 'global_step': 17710, 'zo_forward_step': 35422, 'max_steps': 20000, 'max_zo_forward_steps': 0, 'time': 2419, 'eps': 3e-05}
1760it [39:56,  1.09s/it]03/26/2026 01:40:45 - INFO - src.trainer -   {'loss': 0.6784798502922058, 'learning_rate': 1e-06, 'global_step': 17720, 'zo_forward_step': 35442, 'max_steps': 20000, 'max_zo_forward_steps': 0, 'time': 2420, 'eps': 3e-05}
03/26/2026 01:40:46 - INFO - src.trainer -   {'loss': 1.2170976400375366, 'learning_rate': 1e-06, 'global_step': 17730, 'zo_forward_step': 35462, 'max_steps': 20000, 'max_zo_forward_steps': 0, 'time': 2421, 'eps': 3e-05}
03/26/2026 01:40:48 - INFO - src.trainer -   {'loss': 1.1491477489471436, 'learning_rate': 1e-06, 'global_step': 17740, 'zo_forward_step': 35482, 'max_steps': 20000, 'max_zo_forward_steps': 0, 'time': 2423, 'eps': 3e-05}
03/26/2026 01:40:49 - INFO - src.trainer -   {'loss': 0.6621063351631165, 'learning_rate': 1e-06, 'global_step': 17750, 'zo_forward_step': 35502, 'max_steps': 20000, 'max_zo_forward_steps': 0, 'time': 2424, 'eps': 3e-05}
03/26/2026 01:40:50 - INFO - src.trainer -   {'loss': 1.2013304233551025, 'learning_rate': 1e-06, 'global_step': 17760, 'zo_forward_step': 35522, 'max_steps': 20000, 'max_zo_forward_steps': 0, 'time': 2425, 'eps': 3e-05}
03/26/2026 01:40:51 - INFO - src.trainer -   {'loss': 1.1412737369537354, 'learning_rate': 1e-06, 'global_step': 17770, 'zo_forward_step': 35542, 'max_steps': 20000, 'max_zo_forward_steps': 0, 'time': 2426, 'eps': 3e-05}
03/26/2026 01:40:52 - INFO - src.trainer -   {'loss': 0.6607803702354431, 'learning_rate': 1e-06, 'global_step': 17780, 'zo_forward_step': 35562, 'max_steps': 20000, 'max_zo_forward_steps': 0, 'time': 2427, 'eps': 3e-05}
03/26/2026 01:40:54 - INFO - src.trainer -   {'loss': 1.2158819437026978, 'learning_rate': 1e-06, 'global_step': 17790, 'zo_forward_step': 35582, 'max_steps': 20000, 'max_zo_forward_steps': 0, 'time': 2429, 'eps': 3e-05}
1761it [40:06,  1.60s/it]1770it [40:06,  1.15s/it]03/26/2026 01:40:55 - INFO - src.trainer -   {'eval_loss': 1.3913177251815796, 'eval_acc': 0.4375}
03/26/2026 01:40:58 - INFO - src.trainer -   [zo_probe] step=17800 eps=3.000e-05 precision=fp32 n=16 mae=6.088704e-03 rmse=7.044531e-03 sign_acc=1.0000 corr=1.000000
03/26/2026 01:40:58 - INFO - src.trainer -   {'loss': 1.1465915441513062, 'learning_rate': 1e-06, 'global_step': 17800, 'zo_forward_step': 35602, 'max_steps': 20000, 'max_zo_forward_steps': 0, 'time': 2433, 'eps': 3e-05}
03/26/2026 01:40:59 - INFO - src.trainer -   {'loss': 0.6587551832199097, 'learning_rate': 1e-06, 'global_step': 17810, 'zo_forward_step': 35622, 'max_steps': 20000, 'max_zo_forward_steps': 0, 'time': 2434, 'eps': 3e-05}
03/26/2026 01:41:00 - INFO - src.trainer -   {'loss': 1.2315565347671509, 'learning_rate': 1e-06, 'global_step': 17820, 'zo_forward_step': 35642, 'max_steps': 20000, 'max_zo_forward_steps': 0, 'time': 2435, 'eps': 3e-05}
03/26/2026 01:41:02 - INFO - src.trainer -   {'loss': 1.148422122001648, 'learning_rate': 1e-06, 'global_step': 17830, 'zo_forward_step': 35662, 'max_steps': 20000, 'max_zo_forward_steps': 0, 'time': 2436, 'eps': 3e-05}
03/26/2026 01:41:03 - INFO - src.trainer -   {'loss': 0.656722903251648, 'learning_rate': 1e-06, 'global_step': 17840, 'zo_forward_step': 35682, 'max_steps': 20000, 'max_zo_forward_steps': 0, 'time': 2438, 'eps': 3e-05}
03/26/2026 01:41:04 - INFO - src.trainer -   {'loss': 1.2334647178649902, 'learning_rate': 1e-06, 'global_step': 17850, 'zo_forward_step': 35702, 'max_steps': 20000, 'max_zo_forward_steps': 0, 'time': 2439, 'eps': 3e-05}
03/26/2026 01:41:05 - INFO - src.trainer -   {'loss': 1.1332753896713257, 'learning_rate': 1e-06, 'global_step': 17860, 'zo_forward_step': 35722, 'max_steps': 20000, 'max_zo_forward_steps': 0, 'time': 2440, 'eps': 3e-05}
03/26/2026 01:41:06 - INFO - src.trainer -   {'loss': 0.6578142046928406, 'learning_rate': 1e-06, 'global_step': 17870, 'zo_forward_step': 35742, 'max_steps': 20000, 'max_zo_forward_steps': 0, 'time': 2441, 'eps': 3e-05}
03/26/2026 01:41:07 - INFO - src.trainer -   {'loss': 1.217962622642517, 'learning_rate': 1e-06, 'global_step': 17880, 'zo_forward_step': 35762, 'max_steps': 20000, 'max_zo_forward_steps': 0, 'time': 2442, 'eps': 3e-05}
03/26/2026 01:41:09 - INFO - src.trainer -   {'loss': 1.11814284324646, 'learning_rate': 1e-06, 'global_step': 17890, 'zo_forward_step': 35782, 'max_steps': 20000, 'max_zo_forward_steps': 0, 'time': 2444, 'eps': 3e-05}
03/26/2026 01:41:10 - INFO - src.trainer -   {'loss': 0.6543614268302917, 'learning_rate': 1e-06, 'global_step': 17900, 'zo_forward_step': 35802, 'max_steps': 20000, 'max_zo_forward_steps': 0, 'time': 2445, 'eps': 3e-05}
03/26/2026 01:41:11 - INFO - src.trainer -   {'loss': 1.2027920484542847, 'learning_rate': 1e-06, 'global_step': 17910, 'zo_forward_step': 35822, 'max_steps': 20000, 'max_zo_forward_steps': 0, 'time': 2446, 'eps': 3e-05}
03/26/2026 01:41:12 - INFO - src.trainer -   {'loss': 1.1269773244857788, 'learning_rate': 1e-06, 'global_step': 17920, 'zo_forward_step': 35842, 'max_steps': 20000, 'max_zo_forward_steps': 0, 'time': 2447, 'eps': 3e-05}
03/26/2026 01:41:13 - INFO - src.trainer -   {'loss': 0.6727430820465088, 'learning_rate': 1e-06, 'global_step': 17930, 'zo_forward_step': 35862, 'max_steps': 20000, 'max_zo_forward_steps': 0, 'time': 2448, 'eps': 3e-05}
03/26/2026 01:41:14 - INFO - src.trainer -   {'loss': 1.1981563568115234, 'learning_rate': 1e-06, 'global_step': 17940, 'zo_forward_step': 35882, 'max_steps': 20000, 'max_zo_forward_steps': 0, 'time': 2449, 'eps': 3e-05}
1780it [40:26,  1.15s/it]03/26/2026 01:41:16 - INFO - src.trainer -   {'loss': 1.1367428302764893, 'learning_rate': 1e-06, 'global_step': 17950, 'zo_forward_step': 35902, 'max_steps': 20000, 'max_zo_forward_steps': 0, 'time': 2451, 'eps': 3e-05}
03/26/2026 01:41:17 - INFO - src.trainer -   {'loss': 0.6743527054786682, 'learning_rate': 1e-06, 'global_step': 17960, 'zo_forward_step': 35922, 'max_steps': 20000, 'max_zo_forward_steps': 0, 'time': 2452, 'eps': 3e-05}
03/26/2026 01:41:18 - INFO - src.trainer -   {'loss': 1.1975809335708618, 'learning_rate': 1e-06, 'global_step': 17970, 'zo_forward_step': 35942, 'max_steps': 20000, 'max_zo_forward_steps': 0, 'time': 2453, 'eps': 3e-05}
03/26/2026 01:41:19 - INFO - src.trainer -   {'loss': 1.1408976316452026, 'learning_rate': 1e-06, 'global_step': 17980, 'zo_forward_step': 35962, 'max_steps': 20000, 'max_zo_forward_steps': 0, 'time': 2454, 'eps': 3e-05}
03/26/2026 01:41:20 - INFO - src.trainer -   {'loss': 0.6483166813850403, 'learning_rate': 1e-06, 'global_step': 17990, 'zo_forward_step': 35982, 'max_steps': 20000, 'max_zo_forward_steps': 0, 'time': 2455, 'eps': 3e-05}
1781it [40:33,  1.57s/it]1792it [40:33,  1.07s/it]03/26/2026 01:41:22 - INFO - src.trainer -   {'eval_loss': 1.3833268880844116, 'eval_acc': 0.4375}
03/26/2026 01:41:25 - INFO - src.trainer -   [zo_probe] step=18000 eps=3.000e-05 precision=fp32 n=16 mae=9.257078e-03 rmse=1.182846e-02 sign_acc=1.0000 corr=1.000000
03/26/2026 01:41:25 - INFO - src.trainer -   {'loss': 1.1921747922897339, 'learning_rate': 1e-06, 'global_step': 18000, 'zo_forward_step': 36002, 'max_steps': 20000, 'max_zo_forward_steps': 0, 'time': 2460, 'eps': 3e-05}
03/26/2026 01:41:26 - INFO - src.trainer -   {'loss': 1.1685560941696167, 'learning_rate': 1e-06, 'global_step': 18010, 'zo_forward_step': 36022, 'max_steps': 20000, 'max_zo_forward_steps': 0, 'time': 2461, 'eps': 3e-05}
03/26/2026 01:41:27 - INFO - src.trainer -   {'loss': 0.6518799662590027, 'learning_rate': 1e-06, 'global_step': 18020, 'zo_forward_step': 36042, 'max_steps': 20000, 'max_zo_forward_steps': 0, 'time': 2462, 'eps': 3e-05}
03/26/2026 01:41:28 - INFO - src.trainer -   {'loss': 1.1852248907089233, 'learning_rate': 1e-06, 'global_step': 18030, 'zo_forward_step': 36062, 'max_steps': 20000, 'max_zo_forward_steps': 0, 'time': 2463, 'eps': 3e-05}
03/26/2026 01:41:30 - INFO - src.trainer -   {'loss': 1.184639573097229, 'learning_rate': 1e-06, 'global_step': 18040, 'zo_forward_step': 36082, 'max_steps': 20000, 'max_zo_forward_steps': 0, 'time': 2464, 'eps': 3e-05}
03/26/2026 01:41:31 - INFO - src.trainer -   {'loss': 0.6291133761405945, 'learning_rate': 1e-06, 'global_step': 18050, 'zo_forward_step': 36102, 'max_steps': 20000, 'max_zo_forward_steps': 0, 'time': 2466, 'eps': 3e-05}
03/26/2026 01:41:32 - INFO - src.trainer -   {'loss': 1.181663155555725, 'learning_rate': 1e-06, 'global_step': 18060, 'zo_forward_step': 36122, 'max_steps': 20000, 'max_zo_forward_steps': 0, 'time': 2467, 'eps': 3e-05}
03/26/2026 01:41:34 - INFO - src.trainer -   {'loss': 1.1962099075317383, 'learning_rate': 1e-06, 'global_step': 18070, 'zo_forward_step': 36142, 'max_steps': 20000, 'max_zo_forward_steps': 0, 'time': 2469, 'eps': 3e-05}
1800it [40:46,  1.07s/it]03/26/2026 01:41:37 - INFO - src.trainer -   {'loss': 0.631529688835144, 'learning_rate': 1e-06, 'global_step': 18080, 'zo_forward_step': 36162, 'max_steps': 20000, 'max_zo_forward_steps': 0, 'time': 2472, 'eps': 3e-05}
03/26/2026 01:41:38 - INFO - src.trainer -   {'loss': 1.1614289283752441, 'learning_rate': 1e-06, 'global_step': 18090, 'zo_forward_step': 36182, 'max_steps': 20000, 'max_zo_forward_steps': 0, 'time': 2473, 'eps': 3e-05}
03/26/2026 01:41:40 - INFO - src.trainer -   {'loss': 1.2024680376052856, 'learning_rate': 1e-06, 'global_step': 18100, 'zo_forward_step': 36202, 'max_steps': 20000, 'max_zo_forward_steps': 0, 'time': 2474, 'eps': 3e-05}
03/26/2026 01:41:41 - INFO - src.trainer -   {'loss': 0.6101192235946655, 'learning_rate': 1e-06, 'global_step': 18110, 'zo_forward_step': 36222, 'max_steps': 20000, 'max_zo_forward_steps': 0, 'time': 2476, 'eps': 3e-05}
03/26/2026 01:41:42 - INFO - src.trainer -   {'loss': 1.1569581031799316, 'learning_rate': 1e-06, 'global_step': 18120, 'zo_forward_step': 36242, 'max_steps': 20000, 'max_zo_forward_steps': 0, 'time': 2477, 'eps': 3e-05}
03/26/2026 01:41:43 - INFO - src.trainer -   {'loss': 1.2072687149047852, 'learning_rate': 1e-06, 'global_step': 18130, 'zo_forward_step': 36262, 'max_steps': 20000, 'max_zo_forward_steps': 0, 'time': 2478, 'eps': 3e-05}
03/26/2026 01:41:44 - INFO - src.trainer -   {'loss': 0.6404560804367065, 'learning_rate': 1e-06, 'global_step': 18140, 'zo_forward_step': 36282, 'max_steps': 20000, 'max_zo_forward_steps': 0, 'time': 2479, 'eps': 3e-05}
03/26/2026 01:41:46 - INFO - src.trainer -   {'loss': 1.1595416069030762, 'learning_rate': 1e-06, 'global_step': 18150, 'zo_forward_step': 36302, 'max_steps': 20000, 'max_zo_forward_steps': 0, 'time': 2480, 'eps': 3e-05}
03/26/2026 01:41:47 - INFO - src.trainer -   {'loss': 1.1814953088760376, 'learning_rate': 1e-06, 'global_step': 18160, 'zo_forward_step': 36322, 'max_steps': 20000, 'max_zo_forward_steps': 0, 'time': 2482, 'eps': 3e-05}
03/26/2026 01:41:48 - INFO - src.trainer -   {'loss': 0.6638990640640259, 'learning_rate': 1e-06, 'global_step': 18170, 'zo_forward_step': 36342, 'max_steps': 20000, 'max_zo_forward_steps': 0, 'time': 2483, 'eps': 3e-05}
03/26/2026 01:41:49 - INFO - src.trainer -   {'loss': 1.1505316495895386, 'learning_rate': 1e-06, 'global_step': 18180, 'zo_forward_step': 36362, 'max_steps': 20000, 'max_zo_forward_steps': 0, 'time': 2484, 'eps': 3e-05}
03/26/2026 01:41:50 - INFO - src.trainer -   {'loss': 1.1549842357635498, 'learning_rate': 1e-06, 'global_step': 18190, 'zo_forward_step': 36382, 'max_steps': 20000, 'max_zo_forward_steps': 0, 'time': 2485, 'eps': 3e-05}
1801it [41:03,  1.68s/it]1812it [41:03,  1.14s/it]03/26/2026 01:41:51 - INFO - src.trainer -   {'eval_loss': 1.372145652770996, 'eval_acc': 0.4}
03/26/2026 01:41:53 - INFO - src.trainer -   [zo_probe] step=18200 eps=3.000e-05 precision=fp32 n=16 mae=7.820725e-03 rmse=1.111571e-02 sign_acc=1.0000 corr=1.000000
03/26/2026 01:41:54 - INFO - src.trainer -   {'loss': 0.6803122758865356, 'learning_rate': 1e-06, 'global_step': 18200, 'zo_forward_step': 36402, 'max_steps': 20000, 'max_zo_forward_steps': 0, 'time': 2488, 'eps': 3e-05}
03/26/2026 01:41:55 - INFO - src.trainer -   {'loss': 1.1597061157226562, 'learning_rate': 1e-06, 'global_step': 18210, 'zo_forward_step': 36422, 'max_steps': 20000, 'max_zo_forward_steps': 0, 'time': 2490, 'eps': 3e-05}
03/26/2026 01:41:56 - INFO - src.trainer -   {'loss': 1.1381404399871826, 'learning_rate': 1e-06, 'global_step': 18220, 'zo_forward_step': 36442, 'max_steps': 20000, 'max_zo_forward_steps': 0, 'time': 2491, 'eps': 3e-05}
03/26/2026 01:41:57 - INFO - src.trainer -   {'loss': 0.6746394634246826, 'learning_rate': 1e-06, 'global_step': 18230, 'zo_forward_step': 36462, 'max_steps': 20000, 'max_zo_forward_steps': 0, 'time': 2492, 'eps': 3e-05}
03/26/2026 01:41:58 - INFO - src.trainer -   {'loss': 1.1770563125610352, 'learning_rate': 1e-06, 'global_step': 18240, 'zo_forward_step': 36482, 'max_steps': 20000, 'max_zo_forward_steps': 0, 'time': 2493, 'eps': 3e-05}
03/26/2026 01:41:59 - INFO - src.trainer -   {'loss': 1.1254860162734985, 'learning_rate': 1e-06, 'global_step': 18250, 'zo_forward_step': 36502, 'max_steps': 20000, 'max_zo_forward_steps': 0, 'time': 2494, 'eps': 3e-05}
03/26/2026 01:42:00 - INFO - src.trainer -   {'loss': 0.6741835474967957, 'learning_rate': 1e-06, 'global_step': 18260, 'zo_forward_step': 36522, 'max_steps': 20000, 'max_zo_forward_steps': 0, 'time': 2495, 'eps': 3e-05}
03/26/2026 01:42:02 - INFO - src.trainer -   {'loss': 1.166563868522644, 'learning_rate': 1e-06, 'global_step': 18270, 'zo_forward_step': 36542, 'max_steps': 20000, 'max_zo_forward_steps': 0, 'time': 2497, 'eps': 3e-05}
03/26/2026 01:42:03 - INFO - src.trainer -   {'loss': 1.1373645067214966, 'learning_rate': 1e-06, 'global_step': 18280, 'zo_forward_step': 36562, 'max_steps': 20000, 'max_zo_forward_steps': 0, 'time': 2498, 'eps': 3e-05}
03/26/2026 01:42:04 - INFO - src.trainer -   {'loss': 0.6679792404174805, 'learning_rate': 1e-06, 'global_step': 18290, 'zo_forward_step': 36582, 'max_steps': 20000, 'max_zo_forward_steps': 0, 'time': 2499, 'eps': 3e-05}
1820it [41:16,  1.14s/it]03/26/2026 01:42:05 - INFO - src.trainer -   {'loss': 1.145984172821045, 'learning_rate': 1e-06, 'global_step': 18300, 'zo_forward_step': 36602, 'max_steps': 20000, 'max_zo_forward_steps': 0, 'time': 2500, 'eps': 3e-05}
03/26/2026 01:42:06 - INFO - src.trainer -   {'loss': 1.1528624296188354, 'learning_rate': 1e-06, 'global_step': 18310, 'zo_forward_step': 36622, 'max_steps': 20000, 'max_zo_forward_steps': 0, 'time': 2501, 'eps': 3e-05}
03/26/2026 01:42:07 - INFO - src.trainer -   {'loss': 0.6590964794158936, 'learning_rate': 1e-06, 'global_step': 18320, 'zo_forward_step': 36642, 'max_steps': 20000, 'max_zo_forward_steps': 0, 'time': 2502, 'eps': 3e-05}
03/26/2026 01:42:09 - INFO - src.trainer -   {'loss': 1.1515445709228516, 'learning_rate': 1e-06, 'global_step': 18330, 'zo_forward_step': 36662, 'max_steps': 20000, 'max_zo_forward_steps': 0, 'time': 2503, 'eps': 3e-05}
03/26/2026 01:42:10 - INFO - src.trainer -   {'loss': 1.1579264402389526, 'learning_rate': 1e-06, 'global_step': 18340, 'zo_forward_step': 36682, 'max_steps': 20000, 'max_zo_forward_steps': 0, 'time': 2505, 'eps': 3e-05}
03/26/2026 01:42:11 - INFO - src.trainer -   {'loss': 0.6540250778198242, 'learning_rate': 1e-06, 'global_step': 18350, 'zo_forward_step': 36702, 'max_steps': 20000, 'max_zo_forward_steps': 0, 'time': 2506, 'eps': 3e-05}
03/26/2026 01:42:12 - INFO - src.trainer -   {'loss': 1.1401325464248657, 'learning_rate': 1e-06, 'global_step': 18360, 'zo_forward_step': 36722, 'max_steps': 20000, 'max_zo_forward_steps': 0, 'time': 2507, 'eps': 3e-05}
03/26/2026 01:42:13 - INFO - src.trainer -   {'loss': 1.166013240814209, 'learning_rate': 1e-06, 'global_step': 18370, 'zo_forward_step': 36742, 'max_steps': 20000, 'max_zo_forward_steps': 0, 'time': 2508, 'eps': 3e-05}
03/26/2026 01:42:14 - INFO - src.trainer -   {'loss': 0.6471650004386902, 'learning_rate': 1e-06, 'global_step': 18380, 'zo_forward_step': 36762, 'max_steps': 20000, 'max_zo_forward_steps': 0, 'time': 2509, 'eps': 3e-05}
03/26/2026 01:42:16 - INFO - src.trainer -   {'loss': 1.1284143924713135, 'learning_rate': 1e-06, 'global_step': 18390, 'zo_forward_step': 36782, 'max_steps': 20000, 'max_zo_forward_steps': 0, 'time': 2511, 'eps': 3e-05}
1821it [41:28,  1.60s/it]1832it [41:28,  1.08s/it]03/26/2026 01:42:17 - INFO - src.trainer -   {'eval_loss': 1.374133825302124, 'eval_acc': 0.4125}
03/26/2026 01:42:20 - INFO - src.trainer -   [zo_probe] step=18400 eps=3.000e-05 precision=fp32 n=16 mae=7.427216e-03 rmse=8.512137e-03 sign_acc=1.0000 corr=1.000000
03/26/2026 01:42:20 - INFO - src.trainer -   {'loss': 1.1688092947006226, 'learning_rate': 1e-06, 'global_step': 18400, 'zo_forward_step': 36802, 'max_steps': 20000, 'max_zo_forward_steps': 0, 'time': 2515, 'eps': 3e-05}
03/26/2026 01:42:21 - INFO - src.trainer -   {'loss': 0.645675003528595, 'learning_rate': 1e-06, 'global_step': 18410, 'zo_forward_step': 36822, 'max_steps': 20000, 'max_zo_forward_steps': 0, 'time': 2516, 'eps': 3e-05}
03/26/2026 01:42:22 - INFO - src.trainer -   {'loss': 1.1029404401779175, 'learning_rate': 1e-06, 'global_step': 18420, 'zo_forward_step': 36842, 'max_steps': 20000, 'max_zo_forward_steps': 0, 'time': 2517, 'eps': 3e-05}
03/26/2026 01:42:23 - INFO - src.trainer -   {'loss': 1.1871050596237183, 'learning_rate': 1e-06, 'global_step': 18430, 'zo_forward_step': 36862, 'max_steps': 20000, 'max_zo_forward_steps': 0, 'time': 2518, 'eps': 3e-05}
03/26/2026 01:42:25 - INFO - src.trainer -   {'loss': 0.6528619527816772, 'learning_rate': 1e-06, 'global_step': 18440, 'zo_forward_step': 36882, 'max_steps': 20000, 'max_zo_forward_steps': 0, 'time': 2519, 'eps': 3e-05}
03/26/2026 01:42:26 - INFO - src.trainer -   {'loss': 1.1197872161865234, 'learning_rate': 1e-06, 'global_step': 18450, 'zo_forward_step': 36902, 'max_steps': 20000, 'max_zo_forward_steps': 0, 'time': 2521, 'eps': 3e-05}
03/26/2026 01:42:27 - INFO - src.trainer -   {'loss': 1.1675736904144287, 'learning_rate': 1e-06, 'global_step': 18460, 'zo_forward_step': 36922, 'max_steps': 20000, 'max_zo_forward_steps': 0, 'time': 2522, 'eps': 3e-05}
03/26/2026 01:42:28 - INFO - src.trainer -   {'loss': 0.662026047706604, 'learning_rate': 1e-06, 'global_step': 18470, 'zo_forward_step': 36942, 'max_steps': 20000, 'max_zo_forward_steps': 0, 'time': 2523, 'eps': 3e-05}
03/26/2026 01:42:29 - INFO - src.trainer -   {'loss': 1.1274006366729736, 'learning_rate': 1e-06, 'global_step': 18480, 'zo_forward_step': 36962, 'max_steps': 20000, 'max_zo_forward_steps': 0, 'time': 2524, 'eps': 3e-05}
03/26/2026 01:42:31 - INFO - src.trainer -   {'loss': 1.1794706583023071, 'learning_rate': 1e-06, 'global_step': 18490, 'zo_forward_step': 36982, 'max_steps': 20000, 'max_zo_forward_steps': 0, 'time': 2525, 'eps': 3e-05}
03/26/2026 01:42:32 - INFO - src.trainer -   {'loss': 0.6262370347976685, 'learning_rate': 1e-06, 'global_step': 18500, 'zo_forward_step': 37002, 'max_steps': 20000, 'max_zo_forward_steps': 0, 'time': 2527, 'eps': 3e-05}
03/26/2026 01:42:33 - INFO - src.trainer -   {'loss': 1.142860770225525, 'learning_rate': 1e-06, 'global_step': 18510, 'zo_forward_step': 37022, 'max_steps': 20000, 'max_zo_forward_steps': 0, 'time': 2528, 'eps': 3e-05}
03/26/2026 01:42:34 - INFO - src.trainer -   {'loss': 1.1517233848571777, 'learning_rate': 1e-06, 'global_step': 18520, 'zo_forward_step': 37042, 'max_steps': 20000, 'max_zo_forward_steps': 0, 'time': 2529, 'eps': 3e-05}
1840it [41:46,  1.08s/it]03/26/2026 01:42:35 - INFO - src.trainer -   {'loss': 0.6313976049423218, 'learning_rate': 1e-06, 'global_step': 18530, 'zo_forward_step': 37062, 'max_steps': 20000, 'max_zo_forward_steps': 0, 'time': 2530, 'eps': 3e-05}
03/26/2026 01:42:37 - INFO - src.trainer -   {'loss': 1.1650052070617676, 'learning_rate': 1e-06, 'global_step': 18540, 'zo_forward_step': 37082, 'max_steps': 20000, 'max_zo_forward_steps': 0, 'time': 2531, 'eps': 3e-05}
03/26/2026 01:42:38 - INFO - src.trainer -   {'loss': 1.1526094675064087, 'learning_rate': 1e-06, 'global_step': 18550, 'zo_forward_step': 37102, 'max_steps': 20000, 'max_zo_forward_steps': 0, 'time': 2533, 'eps': 3e-05}
03/26/2026 01:42:39 - INFO - src.trainer -   {'loss': 0.6204023957252502, 'learning_rate': 1e-06, 'global_step': 18560, 'zo_forward_step': 37122, 'max_steps': 20000, 'max_zo_forward_steps': 0, 'time': 2534, 'eps': 3e-05}
03/26/2026 01:42:40 - INFO - src.trainer -   {'loss': 1.1644887924194336, 'learning_rate': 1e-06, 'global_step': 18570, 'zo_forward_step': 37142, 'max_steps': 20000, 'max_zo_forward_steps': 0, 'time': 2535, 'eps': 3e-05}
03/26/2026 01:42:41 - INFO - src.trainer -   {'loss': 1.1692813634872437, 'learning_rate': 1e-06, 'global_step': 18580, 'zo_forward_step': 37162, 'max_steps': 20000, 'max_zo_forward_steps': 0, 'time': 2536, 'eps': 3e-05}
03/26/2026 01:42:42 - INFO - src.trainer -   {'loss': 0.6262856721878052, 'learning_rate': 1e-06, 'global_step': 18590, 'zo_forward_step': 37182, 'max_steps': 20000, 'max_zo_forward_steps': 0, 'time': 2537, 'eps': 3e-05}
1841it [41:55,  1.60s/it]1852it [41:55,  1.09s/it]03/26/2026 01:42:44 - INFO - src.trainer -   {'eval_loss': 1.3458739519119263, 'eval_acc': 0.45}
03/26/2026 01:42:47 - INFO - src.trainer -   [zo_probe] step=18600 eps=3.000e-05 precision=fp32 n=16 mae=6.688711e-02 rmse=1.088598e-01 sign_acc=1.0000 corr=0.999997
03/26/2026 01:42:47 - INFO - src.trainer -   {'loss': 1.147626280784607, 'learning_rate': 1e-06, 'global_step': 18600, 'zo_forward_step': 37202, 'max_steps': 20000, 'max_zo_forward_steps': 0, 'time': 2542, 'eps': 3e-05}
03/26/2026 01:42:48 - INFO - src.trainer -   {'loss': 1.1490468978881836, 'learning_rate': 1e-06, 'global_step': 18610, 'zo_forward_step': 37222, 'max_steps': 20000, 'max_zo_forward_steps': 0, 'time': 2543, 'eps': 3e-05}
03/26/2026 01:42:49 - INFO - src.trainer -   {'loss': 0.6400763988494873, 'learning_rate': 1e-06, 'global_step': 18620, 'zo_forward_step': 37242, 'max_steps': 20000, 'max_zo_forward_steps': 0, 'time': 2544, 'eps': 3e-05}
03/26/2026 01:42:50 - INFO - src.trainer -   {'loss': 1.1356873512268066, 'learning_rate': 1e-06, 'global_step': 18630, 'zo_forward_step': 37262, 'max_steps': 20000, 'max_zo_forward_steps': 0, 'time': 2545, 'eps': 3e-05}
03/26/2026 01:42:53 - INFO - src.trainer -   {'loss': 1.155274510383606, 'learning_rate': 1e-06, 'global_step': 18640, 'zo_forward_step': 37282, 'max_steps': 20000, 'max_zo_forward_steps': 0, 'time': 2547, 'eps': 3e-05}
03/26/2026 01:42:54 - INFO - src.trainer -   {'loss': 0.6400372385978699, 'learning_rate': 1e-06, 'global_step': 18650, 'zo_forward_step': 37302, 'max_steps': 20000, 'max_zo_forward_steps': 0, 'time': 2549, 'eps': 3e-05}
1860it [42:06,  1.09s/it]03/26/2026 01:42:55 - INFO - src.trainer -   {'loss': 1.1457358598709106, 'learning_rate': 1e-06, 'global_step': 18660, 'zo_forward_step': 37322, 'max_steps': 20000, 'max_zo_forward_steps': 0, 'time': 2550, 'eps': 3e-05}
03/26/2026 01:42:56 - INFO - src.trainer -   {'loss': 1.178058385848999, 'learning_rate': 1e-06, 'global_step': 18670, 'zo_forward_step': 37342, 'max_steps': 20000, 'max_zo_forward_steps': 0, 'time': 2551, 'eps': 3e-05}
03/26/2026 01:42:57 - INFO - src.trainer -   {'loss': 0.6251646876335144, 'learning_rate': 1e-06, 'global_step': 18680, 'zo_forward_step': 37362, 'max_steps': 20000, 'max_zo_forward_steps': 0, 'time': 2552, 'eps': 3e-05}
03/26/2026 01:42:58 - INFO - src.trainer -   {'loss': 1.126577615737915, 'learning_rate': 1e-06, 'global_step': 18690, 'zo_forward_step': 37382, 'max_steps': 20000, 'max_zo_forward_steps': 0, 'time': 2553, 'eps': 3e-05}
03/26/2026 01:43:00 - INFO - src.trainer -   {'loss': 1.1776759624481201, 'learning_rate': 1e-06, 'global_step': 18700, 'zo_forward_step': 37402, 'max_steps': 20000, 'max_zo_forward_steps': 0, 'time': 2554, 'eps': 3e-05}
03/26/2026 01:43:01 - INFO - src.trainer -   {'loss': 0.6401244401931763, 'learning_rate': 1e-06, 'global_step': 18710, 'zo_forward_step': 37422, 'max_steps': 20000, 'max_zo_forward_steps': 0, 'time': 2556, 'eps': 3e-05}
03/26/2026 01:43:02 - INFO - src.trainer -   {'loss': 1.118557333946228, 'learning_rate': 1e-06, 'global_step': 18720, 'zo_forward_step': 37442, 'max_steps': 20000, 'max_zo_forward_steps': 0, 'time': 2557, 'eps': 3e-05}
03/26/2026 01:43:03 - INFO - src.trainer -   {'loss': 1.1700360774993896, 'learning_rate': 1e-06, 'global_step': 18730, 'zo_forward_step': 37462, 'max_steps': 20000, 'max_zo_forward_steps': 0, 'time': 2558, 'eps': 3e-05}
03/26/2026 01:43:04 - INFO - src.trainer -   {'loss': 0.6345356702804565, 'learning_rate': 1e-06, 'global_step': 18740, 'zo_forward_step': 37482, 'max_steps': 20000, 'max_zo_forward_steps': 0, 'time': 2559, 'eps': 3e-05}
03/26/2026 01:43:05 - INFO - src.trainer -   {'loss': 1.125248908996582, 'learning_rate': 1e-06, 'global_step': 18750, 'zo_forward_step': 37502, 'max_steps': 20000, 'max_zo_forward_steps': 0, 'time': 2560, 'eps': 3e-05}
03/26/2026 01:43:06 - INFO - src.trainer -   {'loss': 1.138400912284851, 'learning_rate': 1e-06, 'global_step': 18760, 'zo_forward_step': 37522, 'max_steps': 20000, 'max_zo_forward_steps': 0, 'time': 2561, 'eps': 3e-05}
03/26/2026 01:43:08 - INFO - src.trainer -   {'loss': 0.6387743353843689, 'learning_rate': 1e-06, 'global_step': 18770, 'zo_forward_step': 37542, 'max_steps': 20000, 'max_zo_forward_steps': 0, 'time': 2562, 'eps': 3e-05}
03/26/2026 01:43:09 - INFO - src.trainer -   {'loss': 1.132411241531372, 'learning_rate': 1e-06, 'global_step': 18780, 'zo_forward_step': 37562, 'max_steps': 20000, 'max_zo_forward_steps': 0, 'time': 2564, 'eps': 3e-05}
03/26/2026 01:43:10 - INFO - src.trainer -   {'loss': 1.1401716470718384, 'learning_rate': 1e-06, 'global_step': 18790, 'zo_forward_step': 37582, 'max_steps': 20000, 'max_zo_forward_steps': 0, 'time': 2565, 'eps': 3e-05}
1861it [42:22,  1.62s/it]1872it [42:22,  1.10s/it]03/26/2026 01:43:11 - INFO - src.trainer -   {'eval_loss': 1.3514131307601929, 'eval_acc': 0.4375}
03/26/2026 01:43:13 - INFO - src.trainer -   [zo_probe] step=18800 eps=3.000e-05 precision=fp32 n=16 mae=7.132791e-03 rmse=8.309082e-03 sign_acc=1.0000 corr=1.000000
03/26/2026 01:43:13 - INFO - src.trainer -   {'loss': 0.6192169189453125, 'learning_rate': 1e-06, 'global_step': 18800, 'zo_forward_step': 37602, 'max_steps': 20000, 'max_zo_forward_steps': 0, 'time': 2568, 'eps': 3e-05}
03/26/2026 01:43:14 - INFO - src.trainer -   {'loss': 1.130212426185608, 'learning_rate': 1e-06, 'global_step': 18810, 'zo_forward_step': 37622, 'max_steps': 20000, 'max_zo_forward_steps': 0, 'time': 2569, 'eps': 3e-05}
03/26/2026 01:43:16 - INFO - src.trainer -   {'loss': 1.156243085861206, 'learning_rate': 1e-06, 'global_step': 18820, 'zo_forward_step': 37642, 'max_steps': 20000, 'max_zo_forward_steps': 0, 'time': 2570, 'eps': 3e-05}
03/26/2026 01:43:17 - INFO - src.trainer -   {'loss': 0.6211517453193665, 'learning_rate': 1e-06, 'global_step': 18830, 'zo_forward_step': 37662, 'max_steps': 20000, 'max_zo_forward_steps': 0, 'time': 2572, 'eps': 3e-05}
03/26/2026 01:43:18 - INFO - src.trainer -   {'loss': 1.1189658641815186, 'learning_rate': 1e-06, 'global_step': 18840, 'zo_forward_step': 37682, 'max_steps': 20000, 'max_zo_forward_steps': 0, 'time': 2573, 'eps': 3e-05}
03/26/2026 01:43:19 - INFO - src.trainer -   {'loss': 1.1832376718521118, 'learning_rate': 1e-06, 'global_step': 18850, 'zo_forward_step': 37702, 'max_steps': 20000, 'max_zo_forward_steps': 0, 'time': 2574, 'eps': 3e-05}
03/26/2026 01:43:20 - INFO - src.trainer -   {'loss': 0.5999038219451904, 'learning_rate': 1e-06, 'global_step': 18860, 'zo_forward_step': 37722, 'max_steps': 20000, 'max_zo_forward_steps': 0, 'time': 2575, 'eps': 3e-05}
03/26/2026 01:43:22 - INFO - src.trainer -   {'loss': 1.1199158430099487, 'learning_rate': 1e-06, 'global_step': 18870, 'zo_forward_step': 37742, 'max_steps': 20000, 'max_zo_forward_steps': 0, 'time': 2577, 'eps': 3e-05}
03/26/2026 01:43:23 - INFO - src.trainer -   {'loss': 1.163841724395752, 'learning_rate': 1e-06, 'global_step': 18880, 'zo_forward_step': 37762, 'max_steps': 20000, 'max_zo_forward_steps': 0, 'time': 2578, 'eps': 3e-05}
03/26/2026 01:43:24 - INFO - src.trainer -   {'loss': 0.6011032462120056, 'learning_rate': 1e-06, 'global_step': 18890, 'zo_forward_step': 37782, 'max_steps': 20000, 'max_zo_forward_steps': 0, 'time': 2579, 'eps': 3e-05}
1880it [42:36,  1.10s/it]03/26/2026 01:43:25 - INFO - src.trainer -   {'loss': 1.1328831911087036, 'learning_rate': 1e-06, 'global_step': 18900, 'zo_forward_step': 37802, 'max_steps': 20000, 'max_zo_forward_steps': 0, 'time': 2580, 'eps': 3e-05}
03/26/2026 01:43:26 - INFO - src.trainer -   {'loss': 1.1793274879455566, 'learning_rate': 1e-06, 'global_step': 18910, 'zo_forward_step': 37822, 'max_steps': 20000, 'max_zo_forward_steps': 0, 'time': 2581, 'eps': 3e-05}
03/26/2026 01:43:28 - INFO - src.trainer -   {'loss': 0.606979250907898, 'learning_rate': 1e-06, 'global_step': 18920, 'zo_forward_step': 37842, 'max_steps': 20000, 'max_zo_forward_steps': 0, 'time': 2582, 'eps': 3e-05}
03/26/2026 01:43:29 - INFO - src.trainer -   {'loss': 1.1020824909210205, 'learning_rate': 1e-06, 'global_step': 18930, 'zo_forward_step': 37862, 'max_steps': 20000, 'max_zo_forward_steps': 0, 'time': 2584, 'eps': 3e-05}
03/26/2026 01:43:30 - INFO - src.trainer -   {'loss': 1.1716874837875366, 'learning_rate': 1e-06, 'global_step': 18940, 'zo_forward_step': 37882, 'max_steps': 20000, 'max_zo_forward_steps': 0, 'time': 2585, 'eps': 3e-05}
03/26/2026 01:43:31 - INFO - src.trainer -   {'loss': 0.6023575067520142, 'learning_rate': 1e-06, 'global_step': 18950, 'zo_forward_step': 37902, 'max_steps': 20000, 'max_zo_forward_steps': 0, 'time': 2586, 'eps': 3e-05}
03/26/2026 01:43:32 - INFO - src.trainer -   {'loss': 1.1076942682266235, 'learning_rate': 1e-06, 'global_step': 18960, 'zo_forward_step': 37922, 'max_steps': 20000, 'max_zo_forward_steps': 0, 'time': 2587, 'eps': 3e-05}
03/26/2026 01:43:33 - INFO - src.trainer -   {'loss': 1.1704919338226318, 'learning_rate': 1e-06, 'global_step': 18970, 'zo_forward_step': 37942, 'max_steps': 20000, 'max_zo_forward_steps': 0, 'time': 2588, 'eps': 3e-05}
03/26/2026 01:43:34 - INFO - src.trainer -   {'loss': 0.6081833839416504, 'learning_rate': 1e-06, 'global_step': 18980, 'zo_forward_step': 37962, 'max_steps': 20000, 'max_zo_forward_steps': 0, 'time': 2589, 'eps': 3e-05}
03/26/2026 01:43:35 - INFO - src.trainer -   {'loss': 1.1275107860565186, 'learning_rate': 1e-06, 'global_step': 18990, 'zo_forward_step': 37982, 'max_steps': 20000, 'max_zo_forward_steps': 0, 'time': 2590, 'eps': 3e-05}
1881it [42:48,  1.58s/it]1892it [42:48,  1.07s/it]03/26/2026 01:43:37 - INFO - src.trainer -   {'eval_loss': 1.3505319356918335, 'eval_acc': 0.45}
03/26/2026 01:43:40 - INFO - src.trainer -   [zo_probe] step=19000 eps=3.000e-05 precision=fp32 n=16 mae=7.759959e-03 rmse=9.829538e-03 sign_acc=1.0000 corr=1.000000
03/26/2026 01:43:40 - INFO - src.trainer -   {'loss': 1.1813693046569824, 'learning_rate': 1e-06, 'global_step': 19000, 'zo_forward_step': 38002, 'max_steps': 20000, 'max_zo_forward_steps': 0, 'time': 2595, 'eps': 3e-05}
03/26/2026 01:43:41 - INFO - src.trainer -   {'loss': 0.5866068601608276, 'learning_rate': 1e-06, 'global_step': 19010, 'zo_forward_step': 38022, 'max_steps': 20000, 'max_zo_forward_steps': 0, 'time': 2596, 'eps': 3e-05}
03/26/2026 01:43:42 - INFO - src.trainer -   {'loss': 1.0994327068328857, 'learning_rate': 1e-06, 'global_step': 19020, 'zo_forward_step': 38042, 'max_steps': 20000, 'max_zo_forward_steps': 0, 'time': 2597, 'eps': 3e-05}
03/26/2026 01:43:43 - INFO - src.trainer -   {'loss': 1.1513948440551758, 'learning_rate': 1e-06, 'global_step': 19030, 'zo_forward_step': 38062, 'max_steps': 20000, 'max_zo_forward_steps': 0, 'time': 2598, 'eps': 3e-05}
03/26/2026 01:43:44 - INFO - src.trainer -   {'loss': 0.5950663089752197, 'learning_rate': 1e-06, 'global_step': 19040, 'zo_forward_step': 38082, 'max_steps': 20000, 'max_zo_forward_steps': 0, 'time': 2599, 'eps': 3e-05}
03/26/2026 01:43:46 - INFO - src.trainer -   {'loss': 1.0716733932495117, 'learning_rate': 1e-06, 'global_step': 19050, 'zo_forward_step': 38102, 'max_steps': 20000, 'max_zo_forward_steps': 0, 'time': 2600, 'eps': 3e-05}
03/26/2026 01:43:47 - INFO - src.trainer -   {'loss': 1.1795985698699951, 'learning_rate': 1e-06, 'global_step': 19060, 'zo_forward_step': 38122, 'max_steps': 20000, 'max_zo_forward_steps': 0, 'time': 2602, 'eps': 3e-05}
03/26/2026 01:43:48 - INFO - src.trainer -   {'loss': 0.6043217182159424, 'learning_rate': 1e-06, 'global_step': 19070, 'zo_forward_step': 38142, 'max_steps': 20000, 'max_zo_forward_steps': 0, 'time': 2603, 'eps': 3e-05}
03/26/2026 01:43:49 - INFO - src.trainer -   {'loss': 1.0573499202728271, 'learning_rate': 1e-06, 'global_step': 19080, 'zo_forward_step': 38162, 'max_steps': 20000, 'max_zo_forward_steps': 0, 'time': 2604, 'eps': 3e-05}
03/26/2026 01:43:50 - INFO - src.trainer -   {'loss': 1.1914958953857422, 'learning_rate': 1e-06, 'global_step': 19090, 'zo_forward_step': 38182, 'max_steps': 20000, 'max_zo_forward_steps': 0, 'time': 2605, 'eps': 3e-05}
03/26/2026 01:43:51 - INFO - src.trainer -   {'loss': 0.5943810939788818, 'learning_rate': 1e-06, 'global_step': 19100, 'zo_forward_step': 38202, 'max_steps': 20000, 'max_zo_forward_steps': 0, 'time': 2606, 'eps': 3e-05}
03/26/2026 01:43:52 - INFO - src.trainer -   {'loss': 1.0511635541915894, 'learning_rate': 1e-06, 'global_step': 19110, 'zo_forward_step': 38222, 'max_steps': 20000, 'max_zo_forward_steps': 0, 'time': 2607, 'eps': 3e-05}
03/26/2026 01:43:54 - INFO - src.trainer -   {'loss': 1.1988605260849, 'learning_rate': 1e-06, 'global_step': 19120, 'zo_forward_step': 38242, 'max_steps': 20000, 'max_zo_forward_steps': 0, 'time': 2608, 'eps': 3e-05}
1900it [43:06,  1.07s/it]03/26/2026 01:43:55 - INFO - src.trainer -   {'loss': 0.5936679840087891, 'learning_rate': 1e-06, 'global_step': 19130, 'zo_forward_step': 38262, 'max_steps': 20000, 'max_zo_forward_steps': 0, 'time': 2610, 'eps': 3e-05}
03/26/2026 01:43:56 - INFO - src.trainer -   {'loss': 1.047622561454773, 'learning_rate': 1e-06, 'global_step': 19140, 'zo_forward_step': 38282, 'max_steps': 20000, 'max_zo_forward_steps': 0, 'time': 2611, 'eps': 3e-05}
03/26/2026 01:43:57 - INFO - src.trainer -   {'loss': 1.1913540363311768, 'learning_rate': 1e-06, 'global_step': 19150, 'zo_forward_step': 38302, 'max_steps': 20000, 'max_zo_forward_steps': 0, 'time': 2612, 'eps': 3e-05}
03/26/2026 01:43:58 - INFO - src.trainer -   {'loss': 0.5961320996284485, 'learning_rate': 1e-06, 'global_step': 19160, 'zo_forward_step': 38322, 'max_steps': 20000, 'max_zo_forward_steps': 0, 'time': 2613, 'eps': 3e-05}
03/26/2026 01:43:59 - INFO - src.trainer -   {'loss': 1.0343629121780396, 'learning_rate': 1e-06, 'global_step': 19170, 'zo_forward_step': 38342, 'max_steps': 20000, 'max_zo_forward_steps': 0, 'time': 2614, 'eps': 3e-05}
03/26/2026 01:44:00 - INFO - src.trainer -   {'loss': 1.2243642807006836, 'learning_rate': 1e-06, 'global_step': 19180, 'zo_forward_step': 38362, 'max_steps': 20000, 'max_zo_forward_steps': 0, 'time': 2615, 'eps': 3e-05}
03/26/2026 01:44:02 - INFO - src.trainer -   {'loss': 0.5916699767112732, 'learning_rate': 1e-06, 'global_step': 19190, 'zo_forward_step': 38382, 'max_steps': 20000, 'max_zo_forward_steps': 0, 'time': 2616, 'eps': 3e-05}
1901it [43:14,  1.57s/it]1912it [43:14,  1.06s/it]03/26/2026 01:44:03 - INFO - src.trainer -   {'eval_loss': 1.339247465133667, 'eval_acc': 0.4375}
03/26/2026 01:44:06 - INFO - src.trainer -   [zo_probe] step=19200 eps=3.000e-05 precision=fp32 n=16 mae=1.486936e-02 rmse=2.331998e-02 sign_acc=1.0000 corr=1.000000
03/26/2026 01:44:06 - INFO - src.trainer -   {'loss': 1.0496000051498413, 'learning_rate': 1e-06, 'global_step': 19200, 'zo_forward_step': 38402, 'max_steps': 20000, 'max_zo_forward_steps': 0, 'time': 2621, 'eps': 3e-05}
03/26/2026 01:44:07 - INFO - src.trainer -   {'loss': 1.1560537815093994, 'learning_rate': 1e-06, 'global_step': 19210, 'zo_forward_step': 38422, 'max_steps': 20000, 'max_zo_forward_steps': 0, 'time': 2622, 'eps': 3e-05}
03/26/2026 01:44:08 - INFO - src.trainer -   {'loss': 0.6138610243797302, 'learning_rate': 1e-06, 'global_step': 19220, 'zo_forward_step': 38442, 'max_steps': 20000, 'max_zo_forward_steps': 0, 'time': 2623, 'eps': 3e-05}
03/26/2026 01:44:09 - INFO - src.trainer -   {'loss': 1.0790154933929443, 'learning_rate': 1e-06, 'global_step': 19230, 'zo_forward_step': 38462, 'max_steps': 20000, 'max_zo_forward_steps': 0, 'time': 2624, 'eps': 3e-05}
03/26/2026 01:44:11 - INFO - src.trainer -   {'loss': 1.1787368059158325, 'learning_rate': 1e-06, 'global_step': 19240, 'zo_forward_step': 38482, 'max_steps': 20000, 'max_zo_forward_steps': 0, 'time': 2625, 'eps': 3e-05}
03/26/2026 01:44:12 - INFO - src.trainer -   {'loss': 0.6086478233337402, 'learning_rate': 1e-06, 'global_step': 19250, 'zo_forward_step': 38502, 'max_steps': 20000, 'max_zo_forward_steps': 0, 'time': 2627, 'eps': 3e-05}
03/26/2026 01:44:13 - INFO - src.trainer -   {'loss': 1.0643044710159302, 'learning_rate': 1e-06, 'global_step': 19260, 'zo_forward_step': 38522, 'max_steps': 20000, 'max_zo_forward_steps': 0, 'time': 2628, 'eps': 3e-05}
03/26/2026 01:44:14 - INFO - src.trainer -   {'loss': 1.1512573957443237, 'learning_rate': 1e-06, 'global_step': 19270, 'zo_forward_step': 38542, 'max_steps': 20000, 'max_zo_forward_steps': 0, 'time': 2629, 'eps': 3e-05}
1920it [43:26,  1.06s/it]03/26/2026 01:44:15 - INFO - src.trainer -   {'loss': 0.6254713535308838, 'learning_rate': 1e-06, 'global_step': 19280, 'zo_forward_step': 38562, 'max_steps': 20000, 'max_zo_forward_steps': 0, 'time': 2630, 'eps': 3e-05}
03/26/2026 01:44:16 - INFO - src.trainer -   {'loss': 1.1087156534194946, 'learning_rate': 1e-06, 'global_step': 19290, 'zo_forward_step': 38582, 'max_steps': 20000, 'max_zo_forward_steps': 0, 'time': 2631, 'eps': 3e-05}
03/26/2026 01:44:17 - INFO - src.trainer -   {'loss': 1.1206910610198975, 'learning_rate': 1e-06, 'global_step': 19300, 'zo_forward_step': 38602, 'max_steps': 20000, 'max_zo_forward_steps': 0, 'time': 2632, 'eps': 3e-05}
03/26/2026 01:44:19 - INFO - src.trainer -   {'loss': 0.6350871324539185, 'learning_rate': 1e-06, 'global_step': 19310, 'zo_forward_step': 38622, 'max_steps': 20000, 'max_zo_forward_steps': 0, 'time': 2634, 'eps': 3e-05}
03/26/2026 01:44:20 - INFO - src.trainer -   {'loss': 1.112194538116455, 'learning_rate': 1e-06, 'global_step': 19320, 'zo_forward_step': 38642, 'max_steps': 20000, 'max_zo_forward_steps': 0, 'time': 2635, 'eps': 3e-05}
03/26/2026 01:44:21 - INFO - src.trainer -   {'loss': 1.0909230709075928, 'learning_rate': 1e-06, 'global_step': 19330, 'zo_forward_step': 38662, 'max_steps': 20000, 'max_zo_forward_steps': 0, 'time': 2636, 'eps': 3e-05}
03/26/2026 01:44:22 - INFO - src.trainer -   {'loss': 0.6205117106437683, 'learning_rate': 1e-06, 'global_step': 19340, 'zo_forward_step': 38682, 'max_steps': 20000, 'max_zo_forward_steps': 0, 'time': 2637, 'eps': 3e-05}
03/26/2026 01:44:23 - INFO - src.trainer -   {'loss': 1.1088359355926514, 'learning_rate': 1e-06, 'global_step': 19350, 'zo_forward_step': 38702, 'max_steps': 20000, 'max_zo_forward_steps': 0, 'time': 2638, 'eps': 3e-05}
03/26/2026 01:44:24 - INFO - src.trainer -   {'loss': 1.1012111902236938, 'learning_rate': 1e-06, 'global_step': 19360, 'zo_forward_step': 38722, 'max_steps': 20000, 'max_zo_forward_steps': 0, 'time': 2639, 'eps': 3e-05}
03/26/2026 01:44:26 - INFO - src.trainer -   {'loss': 0.6238847970962524, 'learning_rate': 1e-06, 'global_step': 19370, 'zo_forward_step': 38742, 'max_steps': 20000, 'max_zo_forward_steps': 0, 'time': 2640, 'eps': 3e-05}
03/26/2026 01:44:27 - INFO - src.trainer -   {'loss': 1.0809165239334106, 'learning_rate': 1e-06, 'global_step': 19380, 'zo_forward_step': 38762, 'max_steps': 20000, 'max_zo_forward_steps': 0, 'time': 2642, 'eps': 3e-05}
03/26/2026 01:44:28 - INFO - src.trainer -   {'loss': 1.0848122835159302, 'learning_rate': 1e-06, 'global_step': 19390, 'zo_forward_step': 38782, 'max_steps': 20000, 'max_zo_forward_steps': 0, 'time': 2643, 'eps': 3e-05}
1921it [43:40,  1.57s/it]1932it [43:40,  1.06s/it]03/26/2026 01:44:29 - INFO - src.trainer -   {'eval_loss': 1.3152801990509033, 'eval_acc': 0.45}
03/26/2026 01:44:31 - INFO - src.trainer -   [zo_probe] step=19400 eps=3.000e-05 precision=fp32 n=16 mae=7.821098e-03 rmse=9.659952e-03 sign_acc=1.0000 corr=1.000000
03/26/2026 01:44:31 - INFO - src.trainer -   {'loss': 0.6572380065917969, 'learning_rate': 1e-06, 'global_step': 19400, 'zo_forward_step': 38802, 'max_steps': 20000, 'max_zo_forward_steps': 0, 'time': 2646, 'eps': 3e-05}
03/26/2026 01:44:32 - INFO - src.trainer -   {'loss': 1.0725048780441284, 'learning_rate': 1e-06, 'global_step': 19410, 'zo_forward_step': 38822, 'max_steps': 20000, 'max_zo_forward_steps': 0, 'time': 2647, 'eps': 3e-05}
03/26/2026 01:44:33 - INFO - src.trainer -   {'loss': 1.081407070159912, 'learning_rate': 1e-06, 'global_step': 19420, 'zo_forward_step': 38842, 'max_steps': 20000, 'max_zo_forward_steps': 0, 'time': 2648, 'eps': 3e-05}
03/26/2026 01:44:35 - INFO - src.trainer -   {'loss': 0.6609561443328857, 'learning_rate': 1e-06, 'global_step': 19430, 'zo_forward_step': 38862, 'max_steps': 20000, 'max_zo_forward_steps': 0, 'time': 2649, 'eps': 3e-05}
03/26/2026 01:44:36 - INFO - src.trainer -   {'loss': 1.0739599466323853, 'learning_rate': 1e-06, 'global_step': 19440, 'zo_forward_step': 38882, 'max_steps': 20000, 'max_zo_forward_steps': 0, 'time': 2651, 'eps': 3e-05}
03/26/2026 01:44:37 - INFO - src.trainer -   {'loss': 1.063238501548767, 'learning_rate': 1e-06, 'global_step': 19450, 'zo_forward_step': 38902, 'max_steps': 20000, 'max_zo_forward_steps': 0, 'time': 2652, 'eps': 3e-05}
03/26/2026 01:44:38 - INFO - src.trainer -   {'loss': 0.6767227649688721, 'learning_rate': 1e-06, 'global_step': 19460, 'zo_forward_step': 38922, 'max_steps': 20000, 'max_zo_forward_steps': 0, 'time': 2653, 'eps': 3e-05}
03/26/2026 01:44:39 - INFO - src.trainer -   {'loss': 1.0843853950500488, 'learning_rate': 1e-06, 'global_step': 19470, 'zo_forward_step': 38942, 'max_steps': 20000, 'max_zo_forward_steps': 0, 'time': 2654, 'eps': 3e-05}
03/26/2026 01:44:40 - INFO - src.trainer -   {'loss': 1.0534589290618896, 'learning_rate': 1e-06, 'global_step': 19480, 'zo_forward_step': 38962, 'max_steps': 20000, 'max_zo_forward_steps': 0, 'time': 2655, 'eps': 3e-05}
03/26/2026 01:44:42 - INFO - src.trainer -   {'loss': 0.6639499068260193, 'learning_rate': 1e-06, 'global_step': 19490, 'zo_forward_step': 38982, 'max_steps': 20000, 'max_zo_forward_steps': 0, 'time': 2656, 'eps': 3e-05}
03/26/2026 01:44:43 - INFO - src.trainer -   {'loss': 1.072777271270752, 'learning_rate': 1e-06, 'global_step': 19500, 'zo_forward_step': 39002, 'max_steps': 20000, 'max_zo_forward_steps': 0, 'time': 2658, 'eps': 3e-05}
03/26/2026 01:44:44 - INFO - src.trainer -   {'loss': 1.0621815919876099, 'learning_rate': 1e-06, 'global_step': 19510, 'zo_forward_step': 39022, 'max_steps': 20000, 'max_zo_forward_steps': 0, 'time': 2659, 'eps': 3e-05}
1940it [43:56,  1.06s/it]03/26/2026 01:44:45 - INFO - src.trainer -   {'loss': 0.6673288941383362, 'learning_rate': 1e-06, 'global_step': 19520, 'zo_forward_step': 39042, 'max_steps': 20000, 'max_zo_forward_steps': 0, 'time': 2660, 'eps': 3e-05}
03/26/2026 01:44:46 - INFO - src.trainer -   {'loss': 1.063995122909546, 'learning_rate': 1e-06, 'global_step': 19530, 'zo_forward_step': 39062, 'max_steps': 20000, 'max_zo_forward_steps': 0, 'time': 2661, 'eps': 3e-05}
03/26/2026 01:44:47 - INFO - src.trainer -   {'loss': 1.0618022680282593, 'learning_rate': 1e-06, 'global_step': 19540, 'zo_forward_step': 39082, 'max_steps': 20000, 'max_zo_forward_steps': 0, 'time': 2662, 'eps': 3e-05}
03/26/2026 01:44:48 - INFO - src.trainer -   {'loss': 0.649689793586731, 'learning_rate': 1e-06, 'global_step': 19550, 'zo_forward_step': 39102, 'max_steps': 20000, 'max_zo_forward_steps': 0, 'time': 2663, 'eps': 3e-05}
03/26/2026 01:44:50 - INFO - src.trainer -   {'loss': 1.0990636348724365, 'learning_rate': 1e-06, 'global_step': 19560, 'zo_forward_step': 39122, 'max_steps': 20000, 'max_zo_forward_steps': 0, 'time': 2664, 'eps': 3e-05}
03/26/2026 01:44:51 - INFO - src.trainer -   {'loss': 1.0177146196365356, 'learning_rate': 1e-06, 'global_step': 19570, 'zo_forward_step': 39142, 'max_steps': 20000, 'max_zo_forward_steps': 0, 'time': 2666, 'eps': 3e-05}
03/26/2026 01:44:52 - INFO - src.trainer -   {'loss': 0.666375458240509, 'learning_rate': 1e-06, 'global_step': 19580, 'zo_forward_step': 39162, 'max_steps': 20000, 'max_zo_forward_steps': 0, 'time': 2667, 'eps': 3e-05}
03/26/2026 01:44:53 - INFO - src.trainer -   {'loss': 1.1180974245071411, 'learning_rate': 1e-06, 'global_step': 19590, 'zo_forward_step': 39182, 'max_steps': 20000, 'max_zo_forward_steps': 0, 'time': 2668, 'eps': 3e-05}
1941it [44:05,  1.54s/it]1952it [44:05,  1.04s/it]03/26/2026 01:44:54 - INFO - src.trainer -   {'eval_loss': 1.3131721019744873, 'eval_acc': 0.45}
03/26/2026 01:44:57 - INFO - src.trainer -   [zo_probe] step=19600 eps=3.000e-05 precision=fp32 n=16 mae=7.976174e-03 rmse=9.935051e-03 sign_acc=1.0000 corr=1.000000
03/26/2026 01:44:57 - INFO - src.trainer -   {'loss': 1.012953281402588, 'learning_rate': 1e-06, 'global_step': 19600, 'zo_forward_step': 39202, 'max_steps': 20000, 'max_zo_forward_steps': 0, 'time': 2672, 'eps': 3e-05}
03/26/2026 01:44:58 - INFO - src.trainer -   {'loss': 0.6604934334754944, 'learning_rate': 1e-06, 'global_step': 19610, 'zo_forward_step': 39222, 'max_steps': 20000, 'max_zo_forward_steps': 0, 'time': 2673, 'eps': 3e-05}
03/26/2026 01:45:00 - INFO - src.trainer -   {'loss': 1.1237465143203735, 'learning_rate': 1e-06, 'global_step': 19620, 'zo_forward_step': 39242, 'max_steps': 20000, 'max_zo_forward_steps': 0, 'time': 2675, 'eps': 3e-05}
03/26/2026 01:45:01 - INFO - src.trainer -   {'loss': 0.994693398475647, 'learning_rate': 1e-06, 'global_step': 19630, 'zo_forward_step': 39262, 'max_steps': 20000, 'max_zo_forward_steps': 0, 'time': 2676, 'eps': 3e-05}
03/26/2026 01:45:02 - INFO - src.trainer -   {'loss': 0.6386262774467468, 'learning_rate': 1e-06, 'global_step': 19640, 'zo_forward_step': 39282, 'max_steps': 20000, 'max_zo_forward_steps': 0, 'time': 2677, 'eps': 3e-05}
03/26/2026 01:45:03 - INFO - src.trainer -   {'loss': 1.1370604038238525, 'learning_rate': 1e-06, 'global_step': 19650, 'zo_forward_step': 39302, 'max_steps': 20000, 'max_zo_forward_steps': 0, 'time': 2678, 'eps': 3e-05}
03/26/2026 01:45:04 - INFO - src.trainer -   {'loss': 0.9847098588943481, 'learning_rate': 1e-06, 'global_step': 19660, 'zo_forward_step': 39322, 'max_steps': 20000, 'max_zo_forward_steps': 0, 'time': 2679, 'eps': 3e-05}
1960it [44:16,  1.04s/it]03/26/2026 01:45:05 - INFO - src.trainer -   {'loss': 0.6440693736076355, 'learning_rate': 1e-06, 'global_step': 19670, 'zo_forward_step': 39342, 'max_steps': 20000, 'max_zo_forward_steps': 0, 'time': 2680, 'eps': 3e-05}
03/26/2026 01:45:06 - INFO - src.trainer -   {'loss': 1.1377322673797607, 'learning_rate': 1e-06, 'global_step': 19680, 'zo_forward_step': 39362, 'max_steps': 20000, 'max_zo_forward_steps': 0, 'time': 2681, 'eps': 3e-05}
03/26/2026 01:45:08 - INFO - src.trainer -   {'loss': 0.9786103963851929, 'learning_rate': 1e-06, 'global_step': 19690, 'zo_forward_step': 39382, 'max_steps': 20000, 'max_zo_forward_steps': 0, 'time': 2683, 'eps': 3e-05}
03/26/2026 01:45:09 - INFO - src.trainer -   {'loss': 0.6479950547218323, 'learning_rate': 1e-06, 'global_step': 19700, 'zo_forward_step': 39402, 'max_steps': 20000, 'max_zo_forward_steps': 0, 'time': 2684, 'eps': 3e-05}
03/26/2026 01:45:10 - INFO - src.trainer -   {'loss': 1.1366137266159058, 'learning_rate': 1e-06, 'global_step': 19710, 'zo_forward_step': 39422, 'max_steps': 20000, 'max_zo_forward_steps': 0, 'time': 2685, 'eps': 3e-05}
03/26/2026 01:45:11 - INFO - src.trainer -   {'loss': 0.9823165535926819, 'learning_rate': 1e-06, 'global_step': 19720, 'zo_forward_step': 39442, 'max_steps': 20000, 'max_zo_forward_steps': 0, 'time': 2686, 'eps': 3e-05}
03/26/2026 01:45:12 - INFO - src.trainer -   {'loss': 0.631476879119873, 'learning_rate': 1e-06, 'global_step': 19730, 'zo_forward_step': 39462, 'max_steps': 20000, 'max_zo_forward_steps': 0, 'time': 2687, 'eps': 3e-05}
03/26/2026 01:45:14 - INFO - src.trainer -   {'loss': 1.1234289407730103, 'learning_rate': 1e-06, 'global_step': 19740, 'zo_forward_step': 39482, 'max_steps': 20000, 'max_zo_forward_steps': 0, 'time': 2688, 'eps': 3e-05}
03/26/2026 01:45:15 - INFO - src.trainer -   {'loss': 0.996924638748169, 'learning_rate': 1e-06, 'global_step': 19750, 'zo_forward_step': 39502, 'max_steps': 20000, 'max_zo_forward_steps': 0, 'time': 2690, 'eps': 3e-05}
03/26/2026 01:45:16 - INFO - src.trainer -   {'loss': 0.6263377070426941, 'learning_rate': 1e-06, 'global_step': 19760, 'zo_forward_step': 39522, 'max_steps': 20000, 'max_zo_forward_steps': 0, 'time': 2691, 'eps': 3e-05}
03/26/2026 01:45:17 - INFO - src.trainer -   {'loss': 1.111398458480835, 'learning_rate': 1e-06, 'global_step': 19770, 'zo_forward_step': 39542, 'max_steps': 20000, 'max_zo_forward_steps': 0, 'time': 2692, 'eps': 3e-05}
03/26/2026 01:45:18 - INFO - src.trainer -   {'loss': 1.0153772830963135, 'learning_rate': 1e-06, 'global_step': 19780, 'zo_forward_step': 39562, 'max_steps': 20000, 'max_zo_forward_steps': 0, 'time': 2693, 'eps': 3e-05}
03/26/2026 01:45:19 - INFO - src.trainer -   {'loss': 0.6365073323249817, 'learning_rate': 1e-06, 'global_step': 19790, 'zo_forward_step': 39582, 'max_steps': 20000, 'max_zo_forward_steps': 0, 'time': 2694, 'eps': 3e-05}
1961it [44:32,  1.55s/it]1972it [44:32,  1.05s/it]03/26/2026 01:45:20 - INFO - src.trainer -   {'eval_loss': 1.3046869039535522, 'eval_acc': 0.45}
03/26/2026 01:45:23 - INFO - src.trainer -   [zo_probe] step=19800 eps=3.000e-05 precision=fp32 n=16 mae=2.758470e-02 rmse=6.164882e-02 sign_acc=1.0000 corr=0.999999
03/26/2026 01:45:23 - INFO - src.trainer -   {'loss': 1.1047821044921875, 'learning_rate': 1e-06, 'global_step': 19800, 'zo_forward_step': 39602, 'max_steps': 20000, 'max_zo_forward_steps': 0, 'time': 2698, 'eps': 3e-05}
03/26/2026 01:45:25 - INFO - src.trainer -   {'loss': 0.9955809116363525, 'learning_rate': 1e-06, 'global_step': 19810, 'zo_forward_step': 39622, 'max_steps': 20000, 'max_zo_forward_steps': 0, 'time': 2700, 'eps': 3e-05}
03/26/2026 01:45:26 - INFO - src.trainer -   {'loss': 0.6573551893234253, 'learning_rate': 1e-06, 'global_step': 19820, 'zo_forward_step': 39642, 'max_steps': 20000, 'max_zo_forward_steps': 0, 'time': 2701, 'eps': 3e-05}
03/26/2026 01:45:27 - INFO - src.trainer -   {'loss': 1.0942946672439575, 'learning_rate': 1e-06, 'global_step': 19830, 'zo_forward_step': 39662, 'max_steps': 20000, 'max_zo_forward_steps': 0, 'time': 2702, 'eps': 3e-05}
03/26/2026 01:45:28 - INFO - src.trainer -   {'loss': 0.9931979179382324, 'learning_rate': 1e-06, 'global_step': 19840, 'zo_forward_step': 39682, 'max_steps': 20000, 'max_zo_forward_steps': 0, 'time': 2703, 'eps': 3e-05}
03/26/2026 01:45:29 - INFO - src.trainer -   {'loss': 0.6645005345344543, 'learning_rate': 1e-06, 'global_step': 19850, 'zo_forward_step': 39702, 'max_steps': 20000, 'max_zo_forward_steps': 0, 'time': 2704, 'eps': 3e-05}
03/26/2026 01:45:30 - INFO - src.trainer -   {'loss': 1.1044390201568604, 'learning_rate': 1e-06, 'global_step': 19860, 'zo_forward_step': 39722, 'max_steps': 20000, 'max_zo_forward_steps': 0, 'time': 2705, 'eps': 3e-05}
03/26/2026 01:45:32 - INFO - src.trainer -   {'loss': 0.968161404132843, 'learning_rate': 1e-06, 'global_step': 19870, 'zo_forward_step': 39742, 'max_steps': 20000, 'max_zo_forward_steps': 0, 'time': 2706, 'eps': 3e-05}
03/26/2026 01:45:33 - INFO - src.trainer -   {'loss': 0.661973774433136, 'learning_rate': 1e-06, 'global_step': 19880, 'zo_forward_step': 39762, 'max_steps': 20000, 'max_zo_forward_steps': 0, 'time': 2708, 'eps': 3e-05}
03/26/2026 01:45:34 - INFO - src.trainer -   {'loss': 1.1016175746917725, 'learning_rate': 1e-06, 'global_step': 19890, 'zo_forward_step': 39782, 'max_steps': 20000, 'max_zo_forward_steps': 0, 'time': 2709, 'eps': 3e-05}
1980it [44:46,  1.05s/it]03/26/2026 01:45:35 - INFO - src.trainer -   {'loss': 0.9864697456359863, 'learning_rate': 1e-06, 'global_step': 19900, 'zo_forward_step': 39802, 'max_steps': 20000, 'max_zo_forward_steps': 0, 'time': 2710, 'eps': 3e-05}
03/26/2026 01:45:36 - INFO - src.trainer -   {'loss': 0.6470077633857727, 'learning_rate': 1e-06, 'global_step': 19910, 'zo_forward_step': 39822, 'max_steps': 20000, 'max_zo_forward_steps': 0, 'time': 2711, 'eps': 3e-05}
03/26/2026 01:45:37 - INFO - src.trainer -   {'loss': 1.0769168138504028, 'learning_rate': 1e-06, 'global_step': 19920, 'zo_forward_step': 39842, 'max_steps': 20000, 'max_zo_forward_steps': 0, 'time': 2712, 'eps': 3e-05}
03/26/2026 01:45:39 - INFO - src.trainer -   {'loss': 1.0329084396362305, 'learning_rate': 1e-06, 'global_step': 19930, 'zo_forward_step': 39862, 'max_steps': 20000, 'max_zo_forward_steps': 0, 'time': 2713, 'eps': 3e-05}
03/26/2026 01:45:40 - INFO - src.trainer -   {'loss': 0.6347967386245728, 'learning_rate': 1e-06, 'global_step': 19940, 'zo_forward_step': 39882, 'max_steps': 20000, 'max_zo_forward_steps': 0, 'time': 2715, 'eps': 3e-05}
03/26/2026 01:45:41 - INFO - src.trainer -   {'loss': 1.0809534788131714, 'learning_rate': 1e-06, 'global_step': 19950, 'zo_forward_step': 39902, 'max_steps': 20000, 'max_zo_forward_steps': 0, 'time': 2716, 'eps': 3e-05}
03/26/2026 01:45:44 - INFO - src.trainer -   {'loss': 1.0465301275253296, 'learning_rate': 1e-06, 'global_step': 19960, 'zo_forward_step': 39922, 'max_steps': 20000, 'max_zo_forward_steps': 0, 'time': 2718, 'eps': 3e-05}
03/26/2026 01:45:45 - INFO - src.trainer -   {'loss': 0.6350105404853821, 'learning_rate': 1e-06, 'global_step': 19970, 'zo_forward_step': 39942, 'max_steps': 20000, 'max_zo_forward_steps': 0, 'time': 2720, 'eps': 3e-05}
03/26/2026 01:45:46 - INFO - src.trainer -   {'loss': 1.0620313882827759, 'learning_rate': 1e-06, 'global_step': 19980, 'zo_forward_step': 39962, 'max_steps': 20000, 'max_zo_forward_steps': 0, 'time': 2721, 'eps': 3e-05}
03/26/2026 01:45:47 - INFO - src.trainer -   {'loss': 1.0398210287094116, 'learning_rate': 1e-06, 'global_step': 19990, 'zo_forward_step': 39982, 'max_steps': 20000, 'max_zo_forward_steps': 0, 'time': 2722, 'eps': 3e-05}
1981it [45:00,  1.61s/it]1992it [45:00,  1.09s/it]03/26/2026 01:45:48 - INFO - src.trainer -   {'eval_loss': 1.3056083917617798, 'eval_acc': 0.425}
03/26/2026 01:45:50 - INFO - src.trainer -   [zo_probe] step=20000 eps=3.000e-05 precision=fp32 n=16 mae=8.820504e-03 rmse=1.102773e-02 sign_acc=1.0000 corr=1.000000
03/26/2026 01:45:51 - INFO - src.trainer -   {'loss': 0.6279711723327637, 'learning_rate': 1e-06, 'global_step': 20000, 'zo_forward_step': 40002, 'max_steps': 20000, 'max_zo_forward_steps': 0, 'time': 2725, 'eps': 3e-05}
03/26/2026 01:45:51 - INFO - src.trainer -   [eval_loss_last5] mean=1.315599e+00 count=5 steps=[19200, 19400, 19600, 19800, 20000]
03/26/2026 01:45:51 - INFO - src.trainer -   

Training completed. Do not forget to share your model on huggingface.co/models =)


03/26/2026 01:45:51 - INFO - __main__ -   *** Validate ***
2003it [45:02,  1.21it/s]2014it [45:02,  1.75it/s]03/26/2026 01:45:51 - INFO - src.trainer -   {'eval_loss': 1.409872055053711, 'eval_acc': 0.5125}
03/26/2026 01:45:51 - INFO - __main__ -   ***** Eval results sst-5 *****
03/26/2026 01:45:51 - INFO - __main__ -     eval_loss = 1.409872055053711
03/26/2026 01:45:51 - INFO - __main__ -     eval_acc = 0.5125
03/26/2026 01:45:51 - INFO - root -   *** Test ***
2023it [45:02,  2.37it/s]2034it [45:03,  3.44it/s]2045it [45:03,  4.93it/s]2056it [45:03,  6.98it/s]2067it [45:03,  9.77it/s]2078it [45:03, 13.49it/s]2089it [45:03, 18.31it/s]2100it [45:03, 24.38it/s]2111it [45:03, 31.70it/s]2122it [45:03, 40.03it/s]2133it [45:04, 49.21it/s]2144it [45:04, 58.46it/s]2155it [45:04, 67.36it/s]2166it [45:04, 75.28it/s]2177it [45:04, 82.11it/s]2188it [45:04, 87.56it/s]2199it [45:04, 91.92it/s]2210it [45:04, 95.23it/s]2221it [45:04, 97.65it/s]2232it [45:04, 99.55it/s]2243it [45:05, 100.75it/s]2254it [45:05, 101.79it/s]2265it [45:05, 102.47it/s]03/26/2026 01:45:54 - INFO - src.trainer -   {'eval_loss': 1.4718111753463745, 'eval_acc': 0.328}
03/26/2026 01:45:54 - INFO - __main__ -   ***** Test results sst-5 *****
03/26/2026 01:45:54 - INFO - __main__ -     eval_loss = 1.4718111753463745
03/26/2026 01:45:54 - INFO - __main__ -     eval_acc = 0.328
03/26/2026 01:45:54 - INFO - __main__ -   ****** Output Dir *******
03/26/2026 01:45:54 - INFO - __main__ -   /home/jy03364/MeZO/medium_models/sh_file/sst5/bs32/h_precision_sweep/result/sst5-bs32-h-precision-sweep/fp32/eps_3e-5/seed13
2270it [45:05,  1.19s/it] 
