SLURM_ARRAY_TASK_ID=8
TASK=sst-5 MODEL=roberta-large K=16
BS=32 LR=1e-6 STEP=20000 EVAL_STEP=200
USE_H=False USE_C=False DATALOADER_SHUFFLE=False
ZO_PROBE_EVERY=200 ZO_PROBE_NUM_SEEDS=16
PRECISIONS=fp32 fp16
SEEDS=13
ARRAY MODE: index=8/26 -> precision=fp32, eps=1e-4, seed=13
>>> Running precision=fp32, eps=1e-4, seed=13
TASK: sst-5
K: 16
Seed: 13
Data seed: 16
BS: 32
LR: 1e-6
EPS: 1e-4
Step: 20000; Eval step: 200
Using adaptive h: False
Dataloader shuffle: False
Grid search tag: seed13-bs32-lr1e-6-eps1e-4-wd0-step20000-evalstep200
Tag: k16-roberta-large-mezo-h-precision-sweep
Result root: /home/jy03364/MeZO/medium_models/sh_file/sst5/bs32/h_precision_sweep/result/sst5-bs32-h-precision-sweep/fp32
Job name: eps_1e-4
Output dir: /home/jy03364/MeZO/medium_models/sh_file/sst5/bs32/h_precision_sweep/result/sst5-bs32-h-precision-sweep/fp32/eps_1e-4/seed13
GPU数量: 1
03/26/2026 01:46:14 - WARNING - __main__ -   Process rank: -1, device: cuda:0, n_gpu: 1, distributed training: False, 16-bits training: False
03/26/2026 01:46:14 - INFO - __main__ -   Training/evaluation parameters DynamicTrainingArguments(
_n_gpu=1,
accelerator_config={'split_batches': False, 'dispatch_batches': None, 'even_batches': True, 'use_seedable_sampler': True, 'non_blocking': False, 'gradient_accumulation_kwargs': None, 'use_configured_state': False},
adafactor=False,
adam_beta1=0.9,
adam_beta2=0.999,
adam_epsilon=1e-08,
adjust_for_init=False,
array_id=-1,
auto_find_batch_size=False,
average_tokens_across_devices=False,
batch_eval_metrics=False,
bf16=False,
bf16_full_eval=False,
binary_classification=False,
change_grad_estimate=False,
data_seed=16,
dataloader_drop_last=False,
dataloader_num_workers=0,
dataloader_persistent_workers=False,
dataloader_pin_memory=True,
dataloader_prefetch_factor=None,
dataloader_shuffle=False,
ddp_backend=None,
ddp_broadcast_buffers=None,
ddp_bucket_cap_mb=None,
ddp_find_unused_parameters=None,
ddp_timeout=1800,
debug=[],
deepspeed=None,
disable_tqdm=False,
do_eval=True,
do_predict=True,
do_train=True,
efficient_zero_order=True,
efficient_zero_order_fp16=False,
eval_accumulation_steps=None,
eval_delay=0,
eval_do_concat_batches=True,
eval_on_start=False,
eval_steps=200.0,
eval_strategy=IntervalStrategy.NO,
eval_use_gather_object=False,
evaluate_during_training=True,
exclude_embeddings=False,
exclude_first_layers=-1,
exclude_head=False,
f0_scaling=1.0,
fix_layers=0,
fp16=False,
fp16_backend=auto,
fp16_full_eval=False,
fp16_opt_level=O1,
from_linearhead=False,
fsdp=[],
fsdp_config={'min_num_params': 0, 'xla': False, 'xla_fsdp_v2': False, 'xla_fsdp_grad_ckpt': False},
fsdp_min_num_params=0,
fsdp_transformer_layer_cls_to_wrap=None,
full_determinism=False,
gradient_accumulation_steps=1,
gradient_checkpointing=False,
gradient_checkpointing_kwargs=None,
greater_is_better=None,
group_by_length=False,
half_precision_backend=auto,
head_tuning=False,
hf_inference_model=False,
hub_always_push=False,
hub_model_id=None,
hub_private_repo=None,
hub_revision=None,
hub_strategy=HubStrategy.EVERY_SAVE,
hub_token=<HUB_TOKEN>,
ignore_data_skip=False,
include_for_metrics=[],
include_inputs_for_metrics=False,
include_num_input_tokens_seen=False,
include_tokens_per_second=False,
jit_mode_eval=False,
kernel_formula=sgd,
kernel_gamma=1.0,
kernel_regularization=0.0,
kernel_solver=logistic,
label_names=None,
label_smoothing_factor=0.0,
layer_wise_optim=False,
learning_rate=1e-06,
length_column_name=length,
liger_kernel_config=None,
load_best_model_at_end=False,
load_kernels=None,
local_rank=-1,
log_file=log-USE_H0-USE_C0,
log_level=passive,
log_level_replica=warning,
log_on_each_node=True,
logging_dir=/home/jy03364/MeZO/medium_models/sh_file/sst5/bs32/h_precision_sweep/result/sst5-bs32-h-precision-sweep/fp32/eps_1e-4/seed13/runs/Mar26_01-46-13_ra7-4,
logging_first_step=False,
logging_nan_inf_filter=True,
logging_steps=10,
logging_strategy=IntervalStrategy.STEPS,
lp_early_stopping=False,
lr_scheduler_kwargs={},
lr_scheduler_type=SchedulerType.CONSTANT,
max_grad_norm=1.0,
max_steps=20000,
max_zo_forward_steps=0,
mc_tol=0.1,
metric_for_best_model=None,
model_id=-1,
mp_parameters=,
neftune_noise_alpha=None,
no_cuda=False,
no_predict=False,
no_reparam=False,
no_train=False,
norm_running_update=False,
num_hvp_vecs=128,
num_prefix=10,
num_train_epochs=3.0,
only_biases=False,
optim=OptimizerNames.ADAMW_TORCH,
optim_args=None,
optim_target_modules=None,
optimize_acc=False,
optimizer=sgd,
optimizer_variant=,
output_dir=/home/jy03364/MeZO/medium_models/sh_file/sst5/bs32/h_precision_sweep/result/sst5-bs32-h-precision-sweep/fp32/eps_1e-4/seed13,
overwrite_kernels=False,
overwrite_output_dir=True,
parallelism_config=None,
past_index=-1,
per_device_eval_batch_size=4,
per_device_train_batch_size=32,
prediction_loss_only=False,
prefix_init_by_real_act=False,
prefix_tuning=False,
prob_as_feature=False,
push_to_hub=False,
push_to_hub_model_id=None,
push_to_hub_organization=None,
push_to_hub_token=<PUSH_TO_HUB_TOKEN>,
random_model_init=False,
ray_scope=last,
recompute_norms=False,
remove_unused_columns=True,
report_to=[],
restore_callback_states_from_checkpoint=False,
resume_from_checkpoint=None,
run_name=None,
save_at_last=False,
save_logit=False,
save_logit_dir=None,
save_on_each_node=False,
save_only_model=False,
save_safetensors=True,
save_steps=500,
save_strategy=SaveStrategy.STEPS,
save_total_limit=None,
scale_lr_with_samples=False,
scale_norm_by_num_params=False,
seed=13,
skip_memory_metrics=True,
sweep=False,
sync_embedding_layers=False,
tf32=None,
tie_emb=False,
torch_compile=False,
torch_compile_backend=None,
torch_compile_mode=None,
torch_empty_cache_steps=None,
torchdynamo=None,
tpu_metrics_debug=False,
tpu_num_cores=None,
trainer=standard,
untie_emb=False,
update_noise_every=1000,
use_adaptive_h=False,
use_c_scale=False,
use_cpu=False,
use_ipex=False,
use_legacy_prediction_loop=False,
use_liger_kernel=False,
use_mps_device=False,
use_zo_grad_est=False,
warmup_ratio=0.0,
warmup_steps=0,
weight_decay=0.0,
zero_order_clip_grad=False,
zero_order_eps=0.0001,
zero_order_optim=True,
zero_order_sample=1,
zero_order_sample_scheduler=None,
zero_order_use_trainer_optim=False,
zo_by_layer=False,
zo_probe_every=200,
zo_probe_log_csv=True,
zo_probe_num_seeds=16,
zo_two_point_precision=fp32,
zo_use_true_directional_derivative=False,
zo_variant=None,
)
03/26/2026 01:46:14 - INFO - __main__ -   [zo-config] zo_two_point_precision=fp32 | zero_order_eps=0.0001 | zo_use_true_directional_derivative=False
03/26/2026 01:46:14 - INFO - __main__ -   Task name: sst-5, number of labels: 5, output mode: classification
03/26/2026 01:46:14 - WARNING - src.models -   By default for RoBERTa models the input embeddings and the output embeddings are NOT tied!!!!
Some weights of RobertaModelForPromptFinetuning were not initialized from the model checkpoint at roberta-large and are newly initialized: ['classifier.bias', 'classifier.weight', 'lm_head.decoder.weight', 'roberta.pooler.dense.bias', 'roberta.pooler.dense.weight']
You should probably TRAIN this model on a down-stream task to be able to use it for predictions and inference.
03/26/2026 01:46:15 - INFO - src.dataset -   Label 0 to word Ġterrible (6587)
03/26/2026 01:46:15 - INFO - src.dataset -   Label 1 to word Ġbad (1099)
03/26/2026 01:46:15 - INFO - src.dataset -   Label 2 to word Ġokay (8578)
03/26/2026 01:46:15 - INFO - src.dataset -   Label 3 to word Ġgood (205)
03/26/2026 01:46:15 - INFO - src.dataset -   Label 4 to word Ġgreat (372)
03/26/2026 01:46:15 - INFO - src.dataset -   Total num_sample for mode train: 1
03/26/2026 01:46:15 - INFO - src.dataset -   Creating/loading examples from dataset file at data/k-shot-1k-test/sst-5/16-13
03/26/2026 01:46:15 - INFO - src.dataset -   [FewShotDataset] Skip cache in TRAIN mode to avoid OOM on large datasets (e.g., MNLI).
03/26/2026 01:46:15 - INFO - src.dataset -   Creating features from dataset file at data/k-shot-1k-test/sst-5/16-13
03/26/2026 01:46:15 - INFO - src.dataset -   Label 0 to word Ġterrible (6587)
03/26/2026 01:46:15 - INFO - src.dataset -   Label 1 to word Ġbad (1099)
03/26/2026 01:46:15 - INFO - src.dataset -   Label 2 to word Ġokay (8578)
03/26/2026 01:46:15 - INFO - src.dataset -   Label 3 to word Ġgood (205)
03/26/2026 01:46:15 - INFO - src.dataset -   Label 4 to word Ġgreat (372)
03/26/2026 01:46:15 - INFO - src.dataset -   Total num_sample for mode dev: 1
03/26/2026 01:46:15 - INFO - src.dataset -   Creating/loading examples from dataset file at data/k-shot-1k-test/sst-5/16-13
/home/jy03364/MeZO/medium_models/src/dataset.py:363: FutureWarning: You are using `torch.load` with `weights_only=False` (the current default value), which uses the default pickle module implicitly. It is possible to construct malicious pickle data which will execute arbitrary code during unpickling (See https://github.com/pytorch/pytorch/blob/main/SECURITY.md#untrusted-models for more details). In a future release, the default value for `weights_only` will be flipped to `True`. This limits the functions that could be executed during unpickling. Arbitrary objects will no longer be allowed to be loaded via this mode unless they are explicitly allowlisted by the user via `torch.serialization.add_safe_globals`. We recommend you start setting `weights_only=True` for any use case where you don't have full control of the loaded file. Please open an issue on GitHub for any issues related to this experimental feature.
  self.support_examples, self.query_examples = torch.load(cached_features_file)
03/26/2026 01:46:15 - INFO - src.dataset -   Loading features from cached file data/k-shot-1k-test/sst-5/16-13/cached_dev_RobertaTokenizerFast-roberta_128_sst-5 [took 0.001 s]
03/26/2026 01:46:15 - INFO - src.dataset -   *** Example ***
03/26/2026 01:46:15 - INFO - src.dataset -   guid: dev-0
03/26/2026 01:46:15 - INFO - src.dataset -   features: OurInputFeatures(input_ids=[0, 8467, 22805, 10200, 2156, 19, 14353, 27456, 2156, 7, 489, 5, 31823, 9, 21927, 3512, 444, 1755, 8, 1925, 12, 438, 6831, 1527, 284, 10603, 15, 65, 40764, 479, 85, 21, 50264, 4, 2], attention_mask=[1, 1, 1, 1, 1, 1, 1, 1, 1, 1, 1, 1, 1, 1, 1, 1, 1, 1, 1, 1, 1, 1, 1, 1, 1, 1, 1, 1, 1, 1, 1, 1, 1, 1, 1], token_type_ids=None, label=3, mask_pos=[32], label_word_list=None, sfc_input_ids=None, sfc_attention_mask=None, sfc_mask_pos=None)
03/26/2026 01:46:15 - INFO - src.dataset -   text: <s>khouri manages , with terrific flair , to keep the extremes of screwball farce and blood-curdling family intensity on one continuum . It was<mask>.</s>
03/26/2026 01:46:15 - INFO - src.dataset -   Label 0 to word Ġterrible (6587)
03/26/2026 01:46:15 - INFO - src.dataset -   Label 1 to word Ġbad (1099)
03/26/2026 01:46:15 - INFO - src.dataset -   Label 2 to word Ġokay (8578)
03/26/2026 01:46:15 - INFO - src.dataset -   Label 3 to word Ġgood (205)
03/26/2026 01:46:15 - INFO - src.dataset -   Label 4 to word Ġgreat (372)
03/26/2026 01:46:15 - INFO - src.dataset -   Total num_sample for mode test: 1
03/26/2026 01:46:15 - INFO - src.dataset -   Creating/loading examples from dataset file at data/k-shot-1k-test/sst-5/16-13
03/26/2026 01:46:15 - INFO - src.dataset -   Loading features from cached file data/k-shot-1k-test/sst-5/16-13/cached_test_RobertaTokenizerFast-roberta_128_sst-5 [took 0.002 s]
03/26/2026 01:46:15 - INFO - src.dataset -   *** Example ***
03/26/2026 01:46:15 - INFO - src.dataset -   guid: test-0
03/26/2026 01:46:15 - INFO - src.dataset -   features: OurInputFeatures(input_ids=[0, 281, 41, 2701, 2156, 5, 3152, 16, 34155, 1440, 479, 85, 21, 50264, 4, 2], attention_mask=[1, 1, 1, 1, 1, 1, 1, 1, 1, 1, 1, 1, 1, 1, 1, 1], token_type_ids=None, label=1, mask_pos=[13], label_word_list=None, sfc_input_ids=None, sfc_attention_mask=None, sfc_mask_pos=None)
03/26/2026 01:46:15 - INFO - src.dataset -   text: <s>as an actor , the rock is aptly named . It was<mask>.</s>
03/26/2026 01:46:15 - INFO - src.trainer -   [dataloader][debug] self class=Trainer, get_train_dataloader=<bound method Trainer.get_train_dataloader of <src.trainer.Trainer object at 0x14f1db92ac60>>
03/26/2026 01:46:15 - INFO - src.trainer -   [dataloader][override] Trainer.get_train_dataloader active. shuffle_raw=False type=bool -> shuffle=False; data_seed=16 seed=13 local_rank=-1
03/26/2026 01:46:15 - INFO - src.trainer -   [dataloader][override] selected sampler=SequentialSampler
03/26/2026 01:46:15 - INFO - src.trainer -   [dataloader] sampler=SequentialSampler, batch_sampler=BatchSampler
03/26/2026 01:46:15 - INFO - src.trainer -   [dataloader] training uses SequentialSampler (no shuffle).
03/26/2026 01:46:15 - INFO - src.trainer -   [dataloader] args.dataloader_shuffle=False
03/26/2026 01:46:15 - INFO - src.trainer -   [dataloader] args.data_seed=16 args.seed=13
03/26/2026 01:46:15 - INFO - src.trainer -   ***** Running training *****
03/26/2026 01:46:15 - INFO - src.trainer -     Num examples = 80
03/26/2026 01:46:15 - INFO - src.trainer -     Num Epochs = 6667
03/26/2026 01:46:15 - INFO - src.trainer -     Instantaneous batch size per device = 32
03/26/2026 01:46:15 - INFO - src.trainer -     Total train batch size (w. parallel, distributed & accumulation) = 32
03/26/2026 01:46:15 - INFO - src.trainer -     Gradient Accumulation steps = 1
03/26/2026 01:46:15 - INFO - src.trainer -     Total optimization steps = 20000
03/26/2026 01:46:15 - INFO - src.trainer -   [zo-config] zo_two_point_precision=fp32 | zero_order_eps=0.0001 | zo_use_true_directional_derivative=False
03/26/2026 01:46:15 - INFO - src.trainer -   [zo_probe] enabled: every=200, num_seeds=16, csv=/home/jy03364/MeZO/medium_models/sh_file/sst5/bs32/h_precision_sweep/result/sst5-bs32-h-precision-sweep/fp32/eps_1e-4/seed13/zo_directional_probe.csv
You're using a RobertaTokenizerFast tokenizer. Please note that with a fast tokenizer, using the `__call__` method is faster than using a method to encode the text followed by a call to the `pad` method to get a padded encoding.
03/26/2026 01:46:16 - INFO - src.trainer -   {'loss': 1.622748851776123, 'learning_rate': 1e-06, 'global_step': 0, 'zo_forward_step': 2, 'max_steps': 20000, 'max_zo_forward_steps': 0, 'time': 0, 'eps': 0.0001}
03/26/2026 01:46:17 - INFO - src.trainer -   {'loss': 1.9360246658325195, 'learning_rate': 1e-06, 'global_step': 10, 'zo_forward_step': 22, 'max_steps': 20000, 'max_zo_forward_steps': 0, 'time': 1, 'eps': 0.0001}
03/26/2026 01:46:18 - INFO - src.trainer -   {'loss': 1.3498148918151855, 'learning_rate': 1e-06, 'global_step': 20, 'zo_forward_step': 42, 'max_steps': 20000, 'max_zo_forward_steps': 0, 'time': 2, 'eps': 0.0001}
03/26/2026 01:46:19 - INFO - src.trainer -   {'loss': 1.637696623802185, 'learning_rate': 1e-06, 'global_step': 30, 'zo_forward_step': 62, 'max_steps': 20000, 'max_zo_forward_steps': 0, 'time': 3, 'eps': 0.0001}
03/26/2026 01:46:20 - INFO - src.trainer -   {'loss': 1.929555892944336, 'learning_rate': 1e-06, 'global_step': 40, 'zo_forward_step': 82, 'max_steps': 20000, 'max_zo_forward_steps': 0, 'time': 4, 'eps': 0.0001}
03/26/2026 01:46:21 - INFO - src.trainer -   {'loss': 1.36849844455719, 'learning_rate': 1e-06, 'global_step': 50, 'zo_forward_step': 102, 'max_steps': 20000, 'max_zo_forward_steps': 0, 'time': 5, 'eps': 0.0001}
03/26/2026 01:46:22 - INFO - src.trainer -   {'loss': 1.6445611715316772, 'learning_rate': 1e-06, 'global_step': 60, 'zo_forward_step': 122, 'max_steps': 20000, 'max_zo_forward_steps': 0, 'time': 6, 'eps': 0.0001}
03/26/2026 01:46:23 - INFO - src.trainer -   {'loss': 1.9225308895111084, 'learning_rate': 1e-06, 'global_step': 70, 'zo_forward_step': 142, 'max_steps': 20000, 'max_zo_forward_steps': 0, 'time': 8, 'eps': 0.0001}
03/26/2026 01:46:25 - INFO - src.trainer -   {'loss': 1.3398510217666626, 'learning_rate': 1e-06, 'global_step': 80, 'zo_forward_step': 162, 'max_steps': 20000, 'max_zo_forward_steps': 0, 'time': 9, 'eps': 0.0001}
03/26/2026 01:46:26 - INFO - src.trainer -   {'loss': 1.651609182357788, 'learning_rate': 1e-06, 'global_step': 90, 'zo_forward_step': 182, 'max_steps': 20000, 'max_zo_forward_steps': 0, 'time': 10, 'eps': 0.0001}
03/26/2026 01:46:27 - INFO - src.trainer -   {'loss': 1.9240455627441406, 'learning_rate': 1e-06, 'global_step': 100, 'zo_forward_step': 202, 'max_steps': 20000, 'max_zo_forward_steps': 0, 'time': 11, 'eps': 0.0001}
03/26/2026 01:46:28 - INFO - src.trainer -   {'loss': 1.3140724897384644, 'learning_rate': 1e-06, 'global_step': 110, 'zo_forward_step': 222, 'max_steps': 20000, 'max_zo_forward_steps': 0, 'time': 12, 'eps': 0.0001}
03/26/2026 01:46:31 - INFO - src.trainer -   {'loss': 1.6561905145645142, 'learning_rate': 1e-06, 'global_step': 120, 'zo_forward_step': 242, 'max_steps': 20000, 'max_zo_forward_steps': 0, 'time': 15, 'eps': 0.0001}
03/26/2026 01:46:32 - INFO - src.trainer -   {'loss': 1.9079424142837524, 'learning_rate': 1e-06, 'global_step': 130, 'zo_forward_step': 262, 'max_steps': 20000, 'max_zo_forward_steps': 0, 'time': 16, 'eps': 0.0001}
03/26/2026 01:46:33 - INFO - src.trainer -   {'loss': 1.3322964906692505, 'learning_rate': 1e-06, 'global_step': 140, 'zo_forward_step': 282, 'max_steps': 20000, 'max_zo_forward_steps': 0, 'time': 17, 'eps': 0.0001}
03/26/2026 01:46:34 - INFO - src.trainer -   {'loss': 1.656492829322815, 'learning_rate': 1e-06, 'global_step': 150, 'zo_forward_step': 302, 'max_steps': 20000, 'max_zo_forward_steps': 0, 'time': 19, 'eps': 0.0001}
03/26/2026 01:46:36 - INFO - src.trainer -   {'loss': 1.9005742073059082, 'learning_rate': 1e-06, 'global_step': 160, 'zo_forward_step': 322, 'max_steps': 20000, 'max_zo_forward_steps': 0, 'time': 20, 'eps': 0.0001}
03/26/2026 01:46:37 - INFO - src.trainer -   {'loss': 1.3216190338134766, 'learning_rate': 1e-06, 'global_step': 170, 'zo_forward_step': 342, 'max_steps': 20000, 'max_zo_forward_steps': 0, 'time': 21, 'eps': 0.0001}
03/26/2026 01:46:38 - INFO - src.trainer -   {'loss': 1.651954174041748, 'learning_rate': 1e-06, 'global_step': 180, 'zo_forward_step': 362, 'max_steps': 20000, 'max_zo_forward_steps': 0, 'time': 22, 'eps': 0.0001}
03/26/2026 01:46:39 - INFO - src.trainer -   {'loss': 1.8933674097061157, 'learning_rate': 1e-06, 'global_step': 190, 'zo_forward_step': 382, 'max_steps': 20000, 'max_zo_forward_steps': 0, 'time': 23, 'eps': 0.0001}
/home/jy03364/.conda/envs/ciao/lib/python3.12/site-packages/transformers/trainer_pt_utils.py:476: FutureWarning: DistributedTensorGatherer is deprecated and will be removed in v5 of Transformers.
  warnings.warn(
RobertaConfig {
  "architectures": [
    "RobertaForMaskedLM"
  ],
  "attention_probs_dropout_prob": 0.1,
  "bos_token_id": 0,
  "classifier_dropout": null,
  "dtype": "float32",
  "eos_token_id": 2,
  "finetuning_task": "sst-5",
  "hidden_act": "gelu",
  "hidden_dropout_prob": 0.1,
  "hidden_size": 1024,
  "id2label": {
    "0": "LABEL_0",
    "1": "LABEL_1",
    "2": "LABEL_2",
    "3": "LABEL_3",
    "4": "LABEL_4"
  },
  "initializer_range": 0.02,
  "intermediate_size": 4096,
  "label2id": {
    "LABEL_0": 0,
    "LABEL_1": 1,
    "LABEL_2": 2,
    "LABEL_3": 3,
    "LABEL_4": 4
  },
  "layer_norm_eps": 1e-05,
  "max_position_embeddings": 514,
  "model_type": "roberta",
  "num_attention_heads": 16,
  "num_hidden_layers": 24,
  "pad_token_id": 1,
  "position_embedding_type": "absolute",
  "transformers_version": "4.56.0",
  "type_vocab_size": 1,
  "use_cache": true,
  "vocab_size": 50265
}

  0%|          | 0/20 [00:00<?, ?it/s] 60%|██████    | 12/20 [00:00<00:00, 111.24it/s]03/26/2026 01:46:40 - INFO - src.trainer -   {'eval_loss': 1.694353461265564, 'eval_acc': 0.1875}
03/26/2026 01:46:40 - INFO - src.trainer -   Best dev result: 0.1875
03/26/2026 01:46:43 - INFO - src.trainer -   [zo_probe] step=200 eps=1.000e-04 precision=fp32 n=16 mae=8.548200e-03 rmse=1.039081e-02 sign_acc=1.0000 corr=1.000000
03/26/2026 01:46:43 - INFO - src.trainer -   {'loss': 1.3272626399993896, 'learning_rate': 1e-06, 'global_step': 200, 'zo_forward_step': 402, 'max_steps': 20000, 'max_zo_forward_steps': 0, 'time': 27, 'eps': 0.0001}
03/26/2026 01:46:44 - INFO - src.trainer -   {'loss': 1.6560837030410767, 'learning_rate': 1e-06, 'global_step': 210, 'zo_forward_step': 422, 'max_steps': 20000, 'max_zo_forward_steps': 0, 'time': 28, 'eps': 0.0001}
03/26/2026 01:46:45 - INFO - src.trainer -   {'loss': 1.8688017129898071, 'learning_rate': 1e-06, 'global_step': 220, 'zo_forward_step': 442, 'max_steps': 20000, 'max_zo_forward_steps': 0, 'time': 29, 'eps': 0.0001}
03/26/2026 01:46:46 - INFO - src.trainer -   {'loss': 1.3099238872528076, 'learning_rate': 1e-06, 'global_step': 230, 'zo_forward_step': 462, 'max_steps': 20000, 'max_zo_forward_steps': 0, 'time': 30, 'eps': 0.0001}
03/26/2026 01:46:47 - INFO - src.trainer -   {'loss': 1.663917899131775, 'learning_rate': 1e-06, 'global_step': 240, 'zo_forward_step': 482, 'max_steps': 20000, 'max_zo_forward_steps': 0, 'time': 31, 'eps': 0.0001}
03/26/2026 01:46:48 - INFO - src.trainer -   {'loss': 1.8679054975509644, 'learning_rate': 1e-06, 'global_step': 250, 'zo_forward_step': 502, 'max_steps': 20000, 'max_zo_forward_steps': 0, 'time': 33, 'eps': 0.0001}
03/26/2026 01:46:50 - INFO - src.trainer -   {'loss': 1.2822805643081665, 'learning_rate': 1e-06, 'global_step': 260, 'zo_forward_step': 522, 'max_steps': 20000, 'max_zo_forward_steps': 0, 'time': 34, 'eps': 0.0001}
03/26/2026 01:46:51 - INFO - src.trainer -   {'loss': 1.6801784038543701, 'learning_rate': 1e-06, 'global_step': 270, 'zo_forward_step': 542, 'max_steps': 20000, 'max_zo_forward_steps': 0, 'time': 35, 'eps': 0.0001}
03/26/2026 01:46:52 - INFO - src.trainer -   {'loss': 1.8739967346191406, 'learning_rate': 1e-06, 'global_step': 280, 'zo_forward_step': 562, 'max_steps': 20000, 'max_zo_forward_steps': 0, 'time': 36, 'eps': 0.0001}
03/26/2026 01:46:53 - INFO - src.trainer -   {'loss': 1.2755720615386963, 'learning_rate': 1e-06, 'global_step': 290, 'zo_forward_step': 582, 'max_steps': 20000, 'max_zo_forward_steps': 0, 'time': 37, 'eps': 0.0001}
03/26/2026 01:46:54 - INFO - src.trainer -   {'loss': 1.662145972251892, 'learning_rate': 1e-06, 'global_step': 300, 'zo_forward_step': 602, 'max_steps': 20000, 'max_zo_forward_steps': 0, 'time': 38, 'eps': 0.0001}
03/26/2026 01:46:55 - INFO - src.trainer -   {'loss': 1.8987550735473633, 'learning_rate': 1e-06, 'global_step': 310, 'zo_forward_step': 622, 'max_steps': 20000, 'max_zo_forward_steps': 0, 'time': 39, 'eps': 0.0001}
100%|██████████| 20/20 [00:15<00:00, 111.24it/s]03/26/2026 01:46:56 - INFO - src.trainer -   {'loss': 1.260418176651001, 'learning_rate': 1e-06, 'global_step': 320, 'zo_forward_step': 642, 'max_steps': 20000, 'max_zo_forward_steps': 0, 'time': 41, 'eps': 0.0001}
03/26/2026 01:46:58 - INFO - src.trainer -   {'loss': 1.6550272703170776, 'learning_rate': 1e-06, 'global_step': 330, 'zo_forward_step': 662, 'max_steps': 20000, 'max_zo_forward_steps': 0, 'time': 42, 'eps': 0.0001}
03/26/2026 01:46:59 - INFO - src.trainer -   {'loss': 1.8903380632400513, 'learning_rate': 1e-06, 'global_step': 340, 'zo_forward_step': 682, 'max_steps': 20000, 'max_zo_forward_steps': 0, 'time': 43, 'eps': 0.0001}
03/26/2026 01:47:00 - INFO - src.trainer -   {'loss': 1.2571361064910889, 'learning_rate': 1e-06, 'global_step': 350, 'zo_forward_step': 702, 'max_steps': 20000, 'max_zo_forward_steps': 0, 'time': 44, 'eps': 0.0001}
03/26/2026 01:47:01 - INFO - src.trainer -   {'loss': 1.6601985692977905, 'learning_rate': 1e-06, 'global_step': 360, 'zo_forward_step': 722, 'max_steps': 20000, 'max_zo_forward_steps': 0, 'time': 45, 'eps': 0.0001}
03/26/2026 01:47:02 - INFO - src.trainer -   {'loss': 1.8810633420944214, 'learning_rate': 1e-06, 'global_step': 370, 'zo_forward_step': 742, 'max_steps': 20000, 'max_zo_forward_steps': 0, 'time': 47, 'eps': 0.0001}
03/26/2026 01:47:04 - INFO - src.trainer -   {'loss': 1.2692275047302246, 'learning_rate': 1e-06, 'global_step': 380, 'zo_forward_step': 762, 'max_steps': 20000, 'max_zo_forward_steps': 0, 'time': 48, 'eps': 0.0001}
03/26/2026 01:47:05 - INFO - src.trainer -   {'loss': 1.6643528938293457, 'learning_rate': 1e-06, 'global_step': 390, 'zo_forward_step': 782, 'max_steps': 20000, 'max_zo_forward_steps': 0, 'time': 49, 'eps': 0.0001}
21it [00:25,  1.49s/it]                         32it [00:26,  1.27it/s]03/26/2026 01:47:06 - INFO - src.trainer -   {'eval_loss': 1.6898372173309326, 'eval_acc': 0.2}
03/26/2026 01:47:06 - INFO - src.trainer -   Best dev result: 0.2
03/26/2026 01:47:10 - INFO - src.trainer -   [zo_probe] step=400 eps=1.000e-04 precision=fp32 n=16 mae=2.643895e-02 rmse=4.078387e-02 sign_acc=1.0000 corr=0.999999
03/26/2026 01:47:10 - INFO - src.trainer -   {'loss': 1.8722577095031738, 'learning_rate': 1e-06, 'global_step': 400, 'zo_forward_step': 802, 'max_steps': 20000, 'max_zo_forward_steps': 0, 'time': 54, 'eps': 0.0001}
03/26/2026 01:47:11 - INFO - src.trainer -   {'loss': 1.271115779876709, 'learning_rate': 1e-06, 'global_step': 410, 'zo_forward_step': 822, 'max_steps': 20000, 'max_zo_forward_steps': 0, 'time': 55, 'eps': 0.0001}
03/26/2026 01:47:12 - INFO - src.trainer -   {'loss': 1.668205976486206, 'learning_rate': 1e-06, 'global_step': 420, 'zo_forward_step': 842, 'max_steps': 20000, 'max_zo_forward_steps': 0, 'time': 56, 'eps': 0.0001}
03/26/2026 01:47:13 - INFO - src.trainer -   {'loss': 1.8698983192443848, 'learning_rate': 1e-06, 'global_step': 430, 'zo_forward_step': 862, 'max_steps': 20000, 'max_zo_forward_steps': 0, 'time': 57, 'eps': 0.0001}
03/26/2026 01:47:14 - INFO - src.trainer -   {'loss': 1.253724217414856, 'learning_rate': 1e-06, 'global_step': 440, 'zo_forward_step': 882, 'max_steps': 20000, 'max_zo_forward_steps': 0, 'time': 58, 'eps': 0.0001}
03/26/2026 01:47:15 - INFO - src.trainer -   {'loss': 1.6745610237121582, 'learning_rate': 1e-06, 'global_step': 450, 'zo_forward_step': 902, 'max_steps': 20000, 'max_zo_forward_steps': 0, 'time': 59, 'eps': 0.0001}
03/26/2026 01:47:19 - INFO - src.trainer -   {'loss': 1.8499095439910889, 'learning_rate': 1e-06, 'global_step': 460, 'zo_forward_step': 922, 'max_steps': 20000, 'max_zo_forward_steps': 0, 'time': 63, 'eps': 0.0001}
03/26/2026 01:47:21 - INFO - src.trainer -   {'loss': 1.243350625038147, 'learning_rate': 1e-06, 'global_step': 470, 'zo_forward_step': 942, 'max_steps': 20000, 'max_zo_forward_steps': 0, 'time': 65, 'eps': 0.0001}
03/26/2026 01:47:22 - INFO - src.trainer -   {'loss': 1.673906683921814, 'learning_rate': 1e-06, 'global_step': 480, 'zo_forward_step': 962, 'max_steps': 20000, 'max_zo_forward_steps': 0, 'time': 67, 'eps': 0.0001}
03/26/2026 01:47:24 - INFO - src.trainer -   {'loss': 1.8629097938537598, 'learning_rate': 1e-06, 'global_step': 490, 'zo_forward_step': 982, 'max_steps': 20000, 'max_zo_forward_steps': 0, 'time': 68, 'eps': 0.0001}
03/26/2026 01:47:25 - INFO - src.trainer -   {'loss': 1.2473338842391968, 'learning_rate': 1e-06, 'global_step': 500, 'zo_forward_step': 1002, 'max_steps': 20000, 'max_zo_forward_steps': 0, 'time': 69, 'eps': 0.0001}
40it [00:45,  1.27it/s]03/26/2026 01:47:26 - INFO - src.trainer -   {'loss': 1.6818636655807495, 'learning_rate': 1e-06, 'global_step': 510, 'zo_forward_step': 1022, 'max_steps': 20000, 'max_zo_forward_steps': 0, 'time': 70, 'eps': 0.0001}
03/26/2026 01:47:27 - INFO - src.trainer -   {'loss': 1.8571480512619019, 'learning_rate': 1e-06, 'global_step': 520, 'zo_forward_step': 1042, 'max_steps': 20000, 'max_zo_forward_steps': 0, 'time': 71, 'eps': 0.0001}
03/26/2026 01:47:28 - INFO - src.trainer -   {'loss': 1.2291163206100464, 'learning_rate': 1e-06, 'global_step': 530, 'zo_forward_step': 1062, 'max_steps': 20000, 'max_zo_forward_steps': 0, 'time': 72, 'eps': 0.0001}
03/26/2026 01:47:29 - INFO - src.trainer -   {'loss': 1.6729375123977661, 'learning_rate': 1e-06, 'global_step': 540, 'zo_forward_step': 1082, 'max_steps': 20000, 'max_zo_forward_steps': 0, 'time': 73, 'eps': 0.0001}
03/26/2026 01:47:30 - INFO - src.trainer -   {'loss': 1.8683644533157349, 'learning_rate': 1e-06, 'global_step': 550, 'zo_forward_step': 1102, 'max_steps': 20000, 'max_zo_forward_steps': 0, 'time': 75, 'eps': 0.0001}
03/26/2026 01:47:32 - INFO - src.trainer -   {'loss': 1.2357525825500488, 'learning_rate': 1e-06, 'global_step': 560, 'zo_forward_step': 1122, 'max_steps': 20000, 'max_zo_forward_steps': 0, 'time': 76, 'eps': 0.0001}
03/26/2026 01:47:33 - INFO - src.trainer -   {'loss': 1.6716172695159912, 'learning_rate': 1e-06, 'global_step': 570, 'zo_forward_step': 1142, 'max_steps': 20000, 'max_zo_forward_steps': 0, 'time': 77, 'eps': 0.0001}
03/26/2026 01:47:34 - INFO - src.trainer -   {'loss': 1.871111273765564, 'learning_rate': 1e-06, 'global_step': 580, 'zo_forward_step': 1162, 'max_steps': 20000, 'max_zo_forward_steps': 0, 'time': 78, 'eps': 0.0001}
03/26/2026 01:47:35 - INFO - src.trainer -   {'loss': 1.2130656242370605, 'learning_rate': 1e-06, 'global_step': 590, 'zo_forward_step': 1182, 'max_steps': 20000, 'max_zo_forward_steps': 0, 'time': 79, 'eps': 0.0001}
41it [00:56,  1.70s/it]52it [00:56,  1.05s/it]03/26/2026 01:47:36 - INFO - src.trainer -   {'eval_loss': 1.6844909191131592, 'eval_acc': 0.2}
03/26/2026 01:47:39 - INFO - src.trainer -   [zo_probe] step=600 eps=1.000e-04 precision=fp32 n=16 mae=1.002558e+00 rmse=1.927446e+00 sign_acc=1.0000 corr=0.997048
03/26/2026 01:47:39 - INFO - src.trainer -   {'loss': 1.6749215126037598, 'learning_rate': 1e-06, 'global_step': 600, 'zo_forward_step': 1202, 'max_steps': 20000, 'max_zo_forward_steps': 0, 'time': 84, 'eps': 0.0001}
03/26/2026 01:47:41 - INFO - src.trainer -   {'loss': 1.872982144355774, 'learning_rate': 1e-06, 'global_step': 610, 'zo_forward_step': 1222, 'max_steps': 20000, 'max_zo_forward_steps': 0, 'time': 85, 'eps': 0.0001}
03/26/2026 01:47:42 - INFO - src.trainer -   {'loss': 1.223989486694336, 'learning_rate': 1e-06, 'global_step': 620, 'zo_forward_step': 1242, 'max_steps': 20000, 'max_zo_forward_steps': 0, 'time': 86, 'eps': 0.0001}
03/26/2026 01:47:43 - INFO - src.trainer -   {'loss': 1.6850571632385254, 'learning_rate': 1e-06, 'global_step': 630, 'zo_forward_step': 1262, 'max_steps': 20000, 'max_zo_forward_steps': 0, 'time': 87, 'eps': 0.0001}
03/26/2026 01:47:44 - INFO - src.trainer -   {'loss': 1.8583738803863525, 'learning_rate': 1e-06, 'global_step': 640, 'zo_forward_step': 1282, 'max_steps': 20000, 'max_zo_forward_steps': 0, 'time': 88, 'eps': 0.0001}
03/26/2026 01:47:45 - INFO - src.trainer -   {'loss': 1.2030391693115234, 'learning_rate': 1e-06, 'global_step': 650, 'zo_forward_step': 1302, 'max_steps': 20000, 'max_zo_forward_steps': 0, 'time': 89, 'eps': 0.0001}
03/26/2026 01:47:46 - INFO - src.trainer -   {'loss': 1.697031855583191, 'learning_rate': 1e-06, 'global_step': 660, 'zo_forward_step': 1322, 'max_steps': 20000, 'max_zo_forward_steps': 0, 'time': 91, 'eps': 0.0001}
03/26/2026 01:47:48 - INFO - src.trainer -   {'loss': 1.8418091535568237, 'learning_rate': 1e-06, 'global_step': 670, 'zo_forward_step': 1342, 'max_steps': 20000, 'max_zo_forward_steps': 0, 'time': 92, 'eps': 0.0001}
03/26/2026 01:47:49 - INFO - src.trainer -   {'loss': 1.1985175609588623, 'learning_rate': 1e-06, 'global_step': 680, 'zo_forward_step': 1362, 'max_steps': 20000, 'max_zo_forward_steps': 0, 'time': 93, 'eps': 0.0001}
03/26/2026 01:47:50 - INFO - src.trainer -   {'loss': 1.69454026222229, 'learning_rate': 1e-06, 'global_step': 690, 'zo_forward_step': 1382, 'max_steps': 20000, 'max_zo_forward_steps': 0, 'time': 94, 'eps': 0.0001}
03/26/2026 01:47:51 - INFO - src.trainer -   {'loss': 1.837003231048584, 'learning_rate': 1e-06, 'global_step': 700, 'zo_forward_step': 1402, 'max_steps': 20000, 'max_zo_forward_steps': 0, 'time': 95, 'eps': 0.0001}
03/26/2026 01:47:52 - INFO - src.trainer -   {'loss': 1.2066073417663574, 'learning_rate': 1e-06, 'global_step': 710, 'zo_forward_step': 1422, 'max_steps': 20000, 'max_zo_forward_steps': 0, 'time': 97, 'eps': 0.0001}
03/26/2026 01:47:54 - INFO - src.trainer -   {'loss': 1.7039954662322998, 'learning_rate': 1e-06, 'global_step': 720, 'zo_forward_step': 1442, 'max_steps': 20000, 'max_zo_forward_steps': 0, 'time': 98, 'eps': 0.0001}
03/26/2026 01:47:55 - INFO - src.trainer -   {'loss': 1.8300195932388306, 'learning_rate': 1e-06, 'global_step': 730, 'zo_forward_step': 1462, 'max_steps': 20000, 'max_zo_forward_steps': 0, 'time': 99, 'eps': 0.0001}
60it [01:15,  1.05s/it]03/26/2026 01:47:56 - INFO - src.trainer -   {'loss': 1.1868066787719727, 'learning_rate': 1e-06, 'global_step': 740, 'zo_forward_step': 1482, 'max_steps': 20000, 'max_zo_forward_steps': 0, 'time': 100, 'eps': 0.0001}
03/26/2026 01:47:57 - INFO - src.trainer -   {'loss': 1.707483172416687, 'learning_rate': 1e-06, 'global_step': 750, 'zo_forward_step': 1502, 'max_steps': 20000, 'max_zo_forward_steps': 0, 'time': 101, 'eps': 0.0001}
03/26/2026 01:47:58 - INFO - src.trainer -   {'loss': 1.8212394714355469, 'learning_rate': 1e-06, 'global_step': 760, 'zo_forward_step': 1522, 'max_steps': 20000, 'max_zo_forward_steps': 0, 'time': 102, 'eps': 0.0001}
03/26/2026 01:47:59 - INFO - src.trainer -   {'loss': 1.1631404161453247, 'learning_rate': 1e-06, 'global_step': 770, 'zo_forward_step': 1542, 'max_steps': 20000, 'max_zo_forward_steps': 0, 'time': 103, 'eps': 0.0001}
03/26/2026 01:48:01 - INFO - src.trainer -   {'loss': 1.7204080820083618, 'learning_rate': 1e-06, 'global_step': 780, 'zo_forward_step': 1562, 'max_steps': 20000, 'max_zo_forward_steps': 0, 'time': 105, 'eps': 0.0001}
03/26/2026 01:48:02 - INFO - src.trainer -   {'loss': 1.835153579711914, 'learning_rate': 1e-06, 'global_step': 790, 'zo_forward_step': 1582, 'max_steps': 20000, 'max_zo_forward_steps': 0, 'time': 107, 'eps': 0.0001}
61it [01:23,  1.66s/it]72it [01:23,  1.08s/it]03/26/2026 01:48:04 - INFO - src.trainer -   {'eval_loss': 1.6770498752593994, 'eval_acc': 0.1875}
03/26/2026 01:48:06 - INFO - src.trainer -   [zo_probe] step=800 eps=1.000e-04 precision=fp32 n=16 mae=4.874632e-02 rmse=8.318704e-02 sign_acc=1.0000 corr=0.999998
03/26/2026 01:48:06 - INFO - src.trainer -   {'loss': 1.1549162864685059, 'learning_rate': 1e-06, 'global_step': 800, 'zo_forward_step': 1602, 'max_steps': 20000, 'max_zo_forward_steps': 0, 'time': 110, 'eps': 0.0001}
03/26/2026 01:48:07 - INFO - src.trainer -   {'loss': 1.7125823497772217, 'learning_rate': 1e-06, 'global_step': 810, 'zo_forward_step': 1622, 'max_steps': 20000, 'max_zo_forward_steps': 0, 'time': 111, 'eps': 0.0001}
03/26/2026 01:48:08 - INFO - src.trainer -   {'loss': 1.8362879753112793, 'learning_rate': 1e-06, 'global_step': 820, 'zo_forward_step': 1642, 'max_steps': 20000, 'max_zo_forward_steps': 0, 'time': 112, 'eps': 0.0001}
03/26/2026 01:48:09 - INFO - src.trainer -   {'loss': 1.1626346111297607, 'learning_rate': 1e-06, 'global_step': 830, 'zo_forward_step': 1662, 'max_steps': 20000, 'max_zo_forward_steps': 0, 'time': 113, 'eps': 0.0001}
03/26/2026 01:48:10 - INFO - src.trainer -   {'loss': 1.7021268606185913, 'learning_rate': 1e-06, 'global_step': 840, 'zo_forward_step': 1682, 'max_steps': 20000, 'max_zo_forward_steps': 0, 'time': 114, 'eps': 0.0001}
03/26/2026 01:48:12 - INFO - src.trainer -   {'loss': 1.8354148864746094, 'learning_rate': 1e-06, 'global_step': 850, 'zo_forward_step': 1702, 'max_steps': 20000, 'max_zo_forward_steps': 0, 'time': 116, 'eps': 0.0001}
03/26/2026 01:48:13 - INFO - src.trainer -   {'loss': 1.1638669967651367, 'learning_rate': 1e-06, 'global_step': 860, 'zo_forward_step': 1722, 'max_steps': 20000, 'max_zo_forward_steps': 0, 'time': 117, 'eps': 0.0001}
03/26/2026 01:48:14 - INFO - src.trainer -   {'loss': 1.7085812091827393, 'learning_rate': 1e-06, 'global_step': 870, 'zo_forward_step': 1742, 'max_steps': 20000, 'max_zo_forward_steps': 0, 'time': 118, 'eps': 0.0001}
03/26/2026 01:48:15 - INFO - src.trainer -   {'loss': 1.8291984796524048, 'learning_rate': 1e-06, 'global_step': 880, 'zo_forward_step': 1762, 'max_steps': 20000, 'max_zo_forward_steps': 0, 'time': 119, 'eps': 0.0001}
80it [01:35,  1.08s/it]03/26/2026 01:48:16 - INFO - src.trainer -   {'loss': 1.1510004997253418, 'learning_rate': 1e-06, 'global_step': 890, 'zo_forward_step': 1782, 'max_steps': 20000, 'max_zo_forward_steps': 0, 'time': 120, 'eps': 0.0001}
03/26/2026 01:48:17 - INFO - src.trainer -   {'loss': 1.7006863355636597, 'learning_rate': 1e-06, 'global_step': 900, 'zo_forward_step': 1802, 'max_steps': 20000, 'max_zo_forward_steps': 0, 'time': 121, 'eps': 0.0001}
03/26/2026 01:48:18 - INFO - src.trainer -   {'loss': 1.8164074420928955, 'learning_rate': 1e-06, 'global_step': 910, 'zo_forward_step': 1822, 'max_steps': 20000, 'max_zo_forward_steps': 0, 'time': 123, 'eps': 0.0001}
03/26/2026 01:48:20 - INFO - src.trainer -   {'loss': 1.1438709497451782, 'learning_rate': 1e-06, 'global_step': 920, 'zo_forward_step': 1842, 'max_steps': 20000, 'max_zo_forward_steps': 0, 'time': 124, 'eps': 0.0001}
03/26/2026 01:48:21 - INFO - src.trainer -   {'loss': 1.7233556509017944, 'learning_rate': 1e-06, 'global_step': 930, 'zo_forward_step': 1862, 'max_steps': 20000, 'max_zo_forward_steps': 0, 'time': 125, 'eps': 0.0001}
03/26/2026 01:48:22 - INFO - src.trainer -   {'loss': 1.8301810026168823, 'learning_rate': 1e-06, 'global_step': 940, 'zo_forward_step': 1882, 'max_steps': 20000, 'max_zo_forward_steps': 0, 'time': 126, 'eps': 0.0001}
03/26/2026 01:48:23 - INFO - src.trainer -   {'loss': 1.1318906545639038, 'learning_rate': 1e-06, 'global_step': 950, 'zo_forward_step': 1902, 'max_steps': 20000, 'max_zo_forward_steps': 0, 'time': 127, 'eps': 0.0001}
03/26/2026 01:48:24 - INFO - src.trainer -   {'loss': 1.718198537826538, 'learning_rate': 1e-06, 'global_step': 960, 'zo_forward_step': 1922, 'max_steps': 20000, 'max_zo_forward_steps': 0, 'time': 128, 'eps': 0.0001}
03/26/2026 01:48:25 - INFO - src.trainer -   {'loss': 1.8249928951263428, 'learning_rate': 1e-06, 'global_step': 970, 'zo_forward_step': 1942, 'max_steps': 20000, 'max_zo_forward_steps': 0, 'time': 130, 'eps': 0.0001}
03/26/2026 01:48:27 - INFO - src.trainer -   {'loss': 1.1286062002182007, 'learning_rate': 1e-06, 'global_step': 980, 'zo_forward_step': 1962, 'max_steps': 20000, 'max_zo_forward_steps': 0, 'time': 131, 'eps': 0.0001}
03/26/2026 01:48:28 - INFO - src.trainer -   {'loss': 1.7184772491455078, 'learning_rate': 1e-06, 'global_step': 990, 'zo_forward_step': 1982, 'max_steps': 20000, 'max_zo_forward_steps': 0, 'time': 132, 'eps': 0.0001}
81it [01:48,  1.58s/it]92it [01:48,  1.05s/it]03/26/2026 01:48:29 - INFO - src.trainer -   {'eval_loss': 1.6732181310653687, 'eval_acc': 0.2}
03/26/2026 01:48:32 - INFO - src.trainer -   [zo_probe] step=1000 eps=1.000e-04 precision=fp32 n=16 mae=3.766400e-02 rmse=4.470114e-02 sign_acc=1.0000 corr=1.000000
03/26/2026 01:48:32 - INFO - src.trainer -   {'loss': 1.832726001739502, 'learning_rate': 1e-06, 'global_step': 1000, 'zo_forward_step': 2002, 'max_steps': 20000, 'max_zo_forward_steps': 0, 'time': 136, 'eps': 0.0001}
03/26/2026 01:48:33 - INFO - src.trainer -   {'loss': 1.1193116903305054, 'learning_rate': 1e-06, 'global_step': 1010, 'zo_forward_step': 2022, 'max_steps': 20000, 'max_zo_forward_steps': 0, 'time': 137, 'eps': 0.0001}
03/26/2026 01:48:34 - INFO - src.trainer -   {'loss': 1.7283108234405518, 'learning_rate': 1e-06, 'global_step': 1020, 'zo_forward_step': 2042, 'max_steps': 20000, 'max_zo_forward_steps': 0, 'time': 138, 'eps': 0.0001}
03/26/2026 01:48:35 - INFO - src.trainer -   {'loss': 1.837882399559021, 'learning_rate': 1e-06, 'global_step': 1030, 'zo_forward_step': 2062, 'max_steps': 20000, 'max_zo_forward_steps': 0, 'time': 140, 'eps': 0.0001}
03/26/2026 01:48:37 - INFO - src.trainer -   {'loss': 1.1223961114883423, 'learning_rate': 1e-06, 'global_step': 1040, 'zo_forward_step': 2082, 'max_steps': 20000, 'max_zo_forward_steps': 0, 'time': 141, 'eps': 0.0001}
03/26/2026 01:48:38 - INFO - src.trainer -   {'loss': 1.7153466939926147, 'learning_rate': 1e-06, 'global_step': 1050, 'zo_forward_step': 2102, 'max_steps': 20000, 'max_zo_forward_steps': 0, 'time': 142, 'eps': 0.0001}
03/26/2026 01:48:39 - INFO - src.trainer -   {'loss': 1.8169965744018555, 'learning_rate': 1e-06, 'global_step': 1060, 'zo_forward_step': 2122, 'max_steps': 20000, 'max_zo_forward_steps': 0, 'time': 143, 'eps': 0.0001}
03/26/2026 01:48:40 - INFO - src.trainer -   {'loss': 1.1397641897201538, 'learning_rate': 1e-06, 'global_step': 1070, 'zo_forward_step': 2142, 'max_steps': 20000, 'max_zo_forward_steps': 0, 'time': 144, 'eps': 0.0001}
03/26/2026 01:48:41 - INFO - src.trainer -   {'loss': 1.698656678199768, 'learning_rate': 1e-06, 'global_step': 1080, 'zo_forward_step': 2162, 'max_steps': 20000, 'max_zo_forward_steps': 0, 'time': 145, 'eps': 0.0001}
03/26/2026 01:48:43 - INFO - src.trainer -   {'loss': 1.8169198036193848, 'learning_rate': 1e-06, 'global_step': 1090, 'zo_forward_step': 2182, 'max_steps': 20000, 'max_zo_forward_steps': 0, 'time': 147, 'eps': 0.0001}
03/26/2026 01:48:44 - INFO - src.trainer -   {'loss': 1.1429953575134277, 'learning_rate': 1e-06, 'global_step': 1100, 'zo_forward_step': 2202, 'max_steps': 20000, 'max_zo_forward_steps': 0, 'time': 148, 'eps': 0.0001}
03/26/2026 01:48:45 - INFO - src.trainer -   {'loss': 1.697025179862976, 'learning_rate': 1e-06, 'global_step': 1110, 'zo_forward_step': 2222, 'max_steps': 20000, 'max_zo_forward_steps': 0, 'time': 149, 'eps': 0.0001}
100it [02:05,  1.05s/it]03/26/2026 01:48:46 - INFO - src.trainer -   {'loss': 1.8000105619430542, 'learning_rate': 1e-06, 'global_step': 1120, 'zo_forward_step': 2242, 'max_steps': 20000, 'max_zo_forward_steps': 0, 'time': 150, 'eps': 0.0001}
03/26/2026 01:48:47 - INFO - src.trainer -   {'loss': 1.155856728553772, 'learning_rate': 1e-06, 'global_step': 1130, 'zo_forward_step': 2262, 'max_steps': 20000, 'max_zo_forward_steps': 0, 'time': 151, 'eps': 0.0001}
03/26/2026 01:48:48 - INFO - src.trainer -   {'loss': 1.69183349609375, 'learning_rate': 1e-06, 'global_step': 1140, 'zo_forward_step': 2282, 'max_steps': 20000, 'max_zo_forward_steps': 0, 'time': 153, 'eps': 0.0001}
03/26/2026 01:48:50 - INFO - src.trainer -   {'loss': 1.799096703529358, 'learning_rate': 1e-06, 'global_step': 1150, 'zo_forward_step': 2302, 'max_steps': 20000, 'max_zo_forward_steps': 0, 'time': 154, 'eps': 0.0001}
03/26/2026 01:48:51 - INFO - src.trainer -   {'loss': 1.1731758117675781, 'learning_rate': 1e-06, 'global_step': 1160, 'zo_forward_step': 2322, 'max_steps': 20000, 'max_zo_forward_steps': 0, 'time': 155, 'eps': 0.0001}
03/26/2026 01:48:52 - INFO - src.trainer -   {'loss': 1.6828627586364746, 'learning_rate': 1e-06, 'global_step': 1170, 'zo_forward_step': 2342, 'max_steps': 20000, 'max_zo_forward_steps': 0, 'time': 156, 'eps': 0.0001}
03/26/2026 01:48:53 - INFO - src.trainer -   {'loss': 1.7836048603057861, 'learning_rate': 1e-06, 'global_step': 1180, 'zo_forward_step': 2362, 'max_steps': 20000, 'max_zo_forward_steps': 0, 'time': 157, 'eps': 0.0001}
03/26/2026 01:48:54 - INFO - src.trainer -   {'loss': 1.1723026037216187, 'learning_rate': 1e-06, 'global_step': 1190, 'zo_forward_step': 2382, 'max_steps': 20000, 'max_zo_forward_steps': 0, 'time': 158, 'eps': 0.0001}
101it [02:15,  1.58s/it]112it [02:15,  1.06s/it]03/26/2026 01:48:55 - INFO - src.trainer -   {'eval_loss': 1.6539455652236938, 'eval_acc': 0.225}
03/26/2026 01:48:55 - INFO - src.trainer -   Best dev result: 0.225
03/26/2026 01:48:58 - INFO - src.trainer -   [zo_probe] step=1200 eps=1.000e-04 precision=fp32 n=16 mae=7.433325e-03 rmse=9.344284e-03 sign_acc=1.0000 corr=1.000000
03/26/2026 01:48:59 - INFO - src.trainer -   {'loss': 1.6797577142715454, 'learning_rate': 1e-06, 'global_step': 1200, 'zo_forward_step': 2402, 'max_steps': 20000, 'max_zo_forward_steps': 0, 'time': 163, 'eps': 0.0001}
03/26/2026 01:49:00 - INFO - src.trainer -   {'loss': 1.7781964540481567, 'learning_rate': 1e-06, 'global_step': 1210, 'zo_forward_step': 2422, 'max_steps': 20000, 'max_zo_forward_steps': 0, 'time': 164, 'eps': 0.0001}
03/26/2026 01:49:01 - INFO - src.trainer -   {'loss': 1.17628014087677, 'learning_rate': 1e-06, 'global_step': 1220, 'zo_forward_step': 2442, 'max_steps': 20000, 'max_zo_forward_steps': 0, 'time': 165, 'eps': 0.0001}
03/26/2026 01:49:02 - INFO - src.trainer -   {'loss': 1.694290041923523, 'learning_rate': 1e-06, 'global_step': 1230, 'zo_forward_step': 2462, 'max_steps': 20000, 'max_zo_forward_steps': 0, 'time': 166, 'eps': 0.0001}
03/26/2026 01:49:03 - INFO - src.trainer -   {'loss': 1.7934530973434448, 'learning_rate': 1e-06, 'global_step': 1240, 'zo_forward_step': 2482, 'max_steps': 20000, 'max_zo_forward_steps': 0, 'time': 167, 'eps': 0.0001}
03/26/2026 01:49:04 - INFO - src.trainer -   {'loss': 1.1935662031173706, 'learning_rate': 1e-06, 'global_step': 1250, 'zo_forward_step': 2502, 'max_steps': 20000, 'max_zo_forward_steps': 0, 'time': 168, 'eps': 0.0001}
120it [02:25,  1.06s/it]03/26/2026 01:49:05 - INFO - src.trainer -   {'loss': 1.6829465627670288, 'learning_rate': 1e-06, 'global_step': 1260, 'zo_forward_step': 2522, 'max_steps': 20000, 'max_zo_forward_steps': 0, 'time': 170, 'eps': 0.0001}
03/26/2026 01:49:07 - INFO - src.trainer -   {'loss': 1.7827415466308594, 'learning_rate': 1e-06, 'global_step': 1270, 'zo_forward_step': 2542, 'max_steps': 20000, 'max_zo_forward_steps': 0, 'time': 171, 'eps': 0.0001}
03/26/2026 01:49:08 - INFO - src.trainer -   {'loss': 1.1821892261505127, 'learning_rate': 1e-06, 'global_step': 1280, 'zo_forward_step': 2562, 'max_steps': 20000, 'max_zo_forward_steps': 0, 'time': 172, 'eps': 0.0001}
03/26/2026 01:49:09 - INFO - src.trainer -   {'loss': 1.6792064905166626, 'learning_rate': 1e-06, 'global_step': 1290, 'zo_forward_step': 2582, 'max_steps': 20000, 'max_zo_forward_steps': 0, 'time': 173, 'eps': 0.0001}
03/26/2026 01:49:10 - INFO - src.trainer -   {'loss': 1.7973328828811646, 'learning_rate': 1e-06, 'global_step': 1300, 'zo_forward_step': 2602, 'max_steps': 20000, 'max_zo_forward_steps': 0, 'time': 174, 'eps': 0.0001}
03/26/2026 01:49:11 - INFO - src.trainer -   {'loss': 1.1863113641738892, 'learning_rate': 1e-06, 'global_step': 1310, 'zo_forward_step': 2622, 'max_steps': 20000, 'max_zo_forward_steps': 0, 'time': 175, 'eps': 0.0001}
03/26/2026 01:49:12 - INFO - src.trainer -   {'loss': 1.6871562004089355, 'learning_rate': 1e-06, 'global_step': 1320, 'zo_forward_step': 2642, 'max_steps': 20000, 'max_zo_forward_steps': 0, 'time': 176, 'eps': 0.0001}
03/26/2026 01:49:13 - INFO - src.trainer -   {'loss': 1.8183234930038452, 'learning_rate': 1e-06, 'global_step': 1330, 'zo_forward_step': 2662, 'max_steps': 20000, 'max_zo_forward_steps': 0, 'time': 178, 'eps': 0.0001}
03/26/2026 01:49:15 - INFO - src.trainer -   {'loss': 1.1410834789276123, 'learning_rate': 1e-06, 'global_step': 1340, 'zo_forward_step': 2682, 'max_steps': 20000, 'max_zo_forward_steps': 0, 'time': 179, 'eps': 0.0001}
03/26/2026 01:49:16 - INFO - src.trainer -   {'loss': 1.6821472644805908, 'learning_rate': 1e-06, 'global_step': 1350, 'zo_forward_step': 2702, 'max_steps': 20000, 'max_zo_forward_steps': 0, 'time': 180, 'eps': 0.0001}
03/26/2026 01:49:17 - INFO - src.trainer -   {'loss': 1.8148597478866577, 'learning_rate': 1e-06, 'global_step': 1360, 'zo_forward_step': 2722, 'max_steps': 20000, 'max_zo_forward_steps': 0, 'time': 181, 'eps': 0.0001}
03/26/2026 01:49:18 - INFO - src.trainer -   {'loss': 1.1607111692428589, 'learning_rate': 1e-06, 'global_step': 1370, 'zo_forward_step': 2742, 'max_steps': 20000, 'max_zo_forward_steps': 0, 'time': 182, 'eps': 0.0001}
03/26/2026 01:49:19 - INFO - src.trainer -   {'loss': 1.687961459159851, 'learning_rate': 1e-06, 'global_step': 1380, 'zo_forward_step': 2762, 'max_steps': 20000, 'max_zo_forward_steps': 0, 'time': 183, 'eps': 0.0001}
03/26/2026 01:49:20 - INFO - src.trainer -   {'loss': 1.801367163658142, 'learning_rate': 1e-06, 'global_step': 1390, 'zo_forward_step': 2782, 'max_steps': 20000, 'max_zo_forward_steps': 0, 'time': 184, 'eps': 0.0001}
121it [02:41,  1.57s/it]132it [02:41,  1.06s/it]03/26/2026 01:49:22 - INFO - src.trainer -   {'eval_loss': 1.6574676036834717, 'eval_acc': 0.2}
03/26/2026 01:49:24 - INFO - src.trainer -   [zo_probe] step=1400 eps=1.000e-04 precision=fp32 n=16 mae=1.280911e-02 rmse=1.613204e-02 sign_acc=1.0000 corr=1.000000
03/26/2026 01:49:24 - INFO - src.trainer -   {'loss': 1.1544816493988037, 'learning_rate': 1e-06, 'global_step': 1400, 'zo_forward_step': 2802, 'max_steps': 20000, 'max_zo_forward_steps': 0, 'time': 188, 'eps': 0.0001}
03/26/2026 01:49:25 - INFO - src.trainer -   {'loss': 1.7008613348007202, 'learning_rate': 1e-06, 'global_step': 1410, 'zo_forward_step': 2822, 'max_steps': 20000, 'max_zo_forward_steps': 0, 'time': 189, 'eps': 0.0001}
03/26/2026 01:49:26 - INFO - src.trainer -   {'loss': 1.821729302406311, 'learning_rate': 1e-06, 'global_step': 1420, 'zo_forward_step': 2842, 'max_steps': 20000, 'max_zo_forward_steps': 0, 'time': 190, 'eps': 0.0001}
03/26/2026 01:49:27 - INFO - src.trainer -   {'loss': 1.1332067251205444, 'learning_rate': 1e-06, 'global_step': 1430, 'zo_forward_step': 2862, 'max_steps': 20000, 'max_zo_forward_steps': 0, 'time': 191, 'eps': 0.0001}
03/26/2026 01:49:28 - INFO - src.trainer -   {'loss': 1.7084314823150635, 'learning_rate': 1e-06, 'global_step': 1440, 'zo_forward_step': 2882, 'max_steps': 20000, 'max_zo_forward_steps': 0, 'time': 192, 'eps': 0.0001}
03/26/2026 01:49:29 - INFO - src.trainer -   {'loss': 1.8087196350097656, 'learning_rate': 1e-06, 'global_step': 1450, 'zo_forward_step': 2902, 'max_steps': 20000, 'max_zo_forward_steps': 0, 'time': 194, 'eps': 0.0001}
03/26/2026 01:49:31 - INFO - src.trainer -   {'loss': 1.130454182624817, 'learning_rate': 1e-06, 'global_step': 1460, 'zo_forward_step': 2922, 'max_steps': 20000, 'max_zo_forward_steps': 0, 'time': 195, 'eps': 0.0001}
03/26/2026 01:49:32 - INFO - src.trainer -   {'loss': 1.7132598161697388, 'learning_rate': 1e-06, 'global_step': 1470, 'zo_forward_step': 2942, 'max_steps': 20000, 'max_zo_forward_steps': 0, 'time': 196, 'eps': 0.0001}
03/26/2026 01:49:33 - INFO - src.trainer -   {'loss': 1.797073245048523, 'learning_rate': 1e-06, 'global_step': 1480, 'zo_forward_step': 2962, 'max_steps': 20000, 'max_zo_forward_steps': 0, 'time': 197, 'eps': 0.0001}
03/26/2026 01:49:34 - INFO - src.trainer -   {'loss': 1.1442450284957886, 'learning_rate': 1e-06, 'global_step': 1490, 'zo_forward_step': 2982, 'max_steps': 20000, 'max_zo_forward_steps': 0, 'time': 198, 'eps': 0.0001}
140it [02:55,  1.06s/it]03/26/2026 01:49:36 - INFO - src.trainer -   {'loss': 1.7143412828445435, 'learning_rate': 1e-06, 'global_step': 1500, 'zo_forward_step': 3002, 'max_steps': 20000, 'max_zo_forward_steps': 0, 'time': 200, 'eps': 0.0001}
03/26/2026 01:49:37 - INFO - src.trainer -   {'loss': 1.776700496673584, 'learning_rate': 1e-06, 'global_step': 1510, 'zo_forward_step': 3022, 'max_steps': 20000, 'max_zo_forward_steps': 0, 'time': 201, 'eps': 0.0001}
03/26/2026 01:49:38 - INFO - src.trainer -   {'loss': 1.1413156986236572, 'learning_rate': 1e-06, 'global_step': 1520, 'zo_forward_step': 3042, 'max_steps': 20000, 'max_zo_forward_steps': 0, 'time': 202, 'eps': 0.0001}
03/26/2026 01:49:39 - INFO - src.trainer -   {'loss': 1.7161532640457153, 'learning_rate': 1e-06, 'global_step': 1530, 'zo_forward_step': 3062, 'max_steps': 20000, 'max_zo_forward_steps': 0, 'time': 203, 'eps': 0.0001}
03/26/2026 01:49:40 - INFO - src.trainer -   {'loss': 1.7727702856063843, 'learning_rate': 1e-06, 'global_step': 1540, 'zo_forward_step': 3082, 'max_steps': 20000, 'max_zo_forward_steps': 0, 'time': 204, 'eps': 0.0001}
03/26/2026 01:49:41 - INFO - src.trainer -   {'loss': 1.1305699348449707, 'learning_rate': 1e-06, 'global_step': 1550, 'zo_forward_step': 3102, 'max_steps': 20000, 'max_zo_forward_steps': 0, 'time': 205, 'eps': 0.0001}
03/26/2026 01:49:42 - INFO - src.trainer -   {'loss': 1.7187331914901733, 'learning_rate': 1e-06, 'global_step': 1560, 'zo_forward_step': 3122, 'max_steps': 20000, 'max_zo_forward_steps': 0, 'time': 207, 'eps': 0.0001}
03/26/2026 01:49:44 - INFO - src.trainer -   {'loss': 1.792938232421875, 'learning_rate': 1e-06, 'global_step': 1570, 'zo_forward_step': 3142, 'max_steps': 20000, 'max_zo_forward_steps': 0, 'time': 208, 'eps': 0.0001}
03/26/2026 01:49:45 - INFO - src.trainer -   {'loss': 1.1285983324050903, 'learning_rate': 1e-06, 'global_step': 1580, 'zo_forward_step': 3162, 'max_steps': 20000, 'max_zo_forward_steps': 0, 'time': 209, 'eps': 0.0001}
03/26/2026 01:49:46 - INFO - src.trainer -   {'loss': 1.7137566804885864, 'learning_rate': 1e-06, 'global_step': 1590, 'zo_forward_step': 3182, 'max_steps': 20000, 'max_zo_forward_steps': 0, 'time': 210, 'eps': 0.0001}
141it [03:06,  1.55s/it]152it [03:07,  1.05s/it]03/26/2026 01:49:47 - INFO - src.trainer -   {'eval_loss': 1.657793402671814, 'eval_acc': 0.1875}
03/26/2026 01:49:50 - INFO - src.trainer -   [zo_probe] step=1600 eps=1.000e-04 precision=fp32 n=16 mae=9.456068e-03 rmse=1.183117e-02 sign_acc=1.0000 corr=1.000000
03/26/2026 01:49:50 - INFO - src.trainer -   {'loss': 1.794649362564087, 'learning_rate': 1e-06, 'global_step': 1600, 'zo_forward_step': 3202, 'max_steps': 20000, 'max_zo_forward_steps': 0, 'time': 214, 'eps': 0.0001}
03/26/2026 01:49:51 - INFO - src.trainer -   {'loss': 1.1208980083465576, 'learning_rate': 1e-06, 'global_step': 1610, 'zo_forward_step': 3222, 'max_steps': 20000, 'max_zo_forward_steps': 0, 'time': 215, 'eps': 0.0001}
03/26/2026 01:49:52 - INFO - src.trainer -   {'loss': 1.7091459035873413, 'learning_rate': 1e-06, 'global_step': 1620, 'zo_forward_step': 3242, 'max_steps': 20000, 'max_zo_forward_steps': 0, 'time': 217, 'eps': 0.0001}
03/26/2026 01:49:54 - INFO - src.trainer -   {'loss': 1.7935901880264282, 'learning_rate': 1e-06, 'global_step': 1630, 'zo_forward_step': 3262, 'max_steps': 20000, 'max_zo_forward_steps': 0, 'time': 218, 'eps': 0.0001}
03/26/2026 01:49:55 - INFO - src.trainer -   {'loss': 1.1206984519958496, 'learning_rate': 1e-06, 'global_step': 1640, 'zo_forward_step': 3282, 'max_steps': 20000, 'max_zo_forward_steps': 0, 'time': 219, 'eps': 0.0001}
03/26/2026 01:49:56 - INFO - src.trainer -   {'loss': 1.7067832946777344, 'learning_rate': 1e-06, 'global_step': 1650, 'zo_forward_step': 3302, 'max_steps': 20000, 'max_zo_forward_steps': 0, 'time': 220, 'eps': 0.0001}
03/26/2026 01:49:57 - INFO - src.trainer -   {'loss': 1.801184058189392, 'learning_rate': 1e-06, 'global_step': 1660, 'zo_forward_step': 3322, 'max_steps': 20000, 'max_zo_forward_steps': 0, 'time': 221, 'eps': 0.0001}
03/26/2026 01:49:58 - INFO - src.trainer -   {'loss': 1.128446340560913, 'learning_rate': 1e-06, 'global_step': 1670, 'zo_forward_step': 3342, 'max_steps': 20000, 'max_zo_forward_steps': 0, 'time': 222, 'eps': 0.0001}
03/26/2026 01:49:59 - INFO - src.trainer -   {'loss': 1.6986993551254272, 'learning_rate': 1e-06, 'global_step': 1680, 'zo_forward_step': 3362, 'max_steps': 20000, 'max_zo_forward_steps': 0, 'time': 223, 'eps': 0.0001}
03/26/2026 01:50:00 - INFO - src.trainer -   {'loss': 1.8031811714172363, 'learning_rate': 1e-06, 'global_step': 1690, 'zo_forward_step': 3382, 'max_steps': 20000, 'max_zo_forward_steps': 0, 'time': 225, 'eps': 0.0001}
03/26/2026 01:50:02 - INFO - src.trainer -   {'loss': 1.1309289932250977, 'learning_rate': 1e-06, 'global_step': 1700, 'zo_forward_step': 3402, 'max_steps': 20000, 'max_zo_forward_steps': 0, 'time': 226, 'eps': 0.0001}
03/26/2026 01:50:03 - INFO - src.trainer -   {'loss': 1.694491982460022, 'learning_rate': 1e-06, 'global_step': 1710, 'zo_forward_step': 3422, 'max_steps': 20000, 'max_zo_forward_steps': 0, 'time': 227, 'eps': 0.0001}
03/26/2026 01:50:04 - INFO - src.trainer -   {'loss': 1.8047819137573242, 'learning_rate': 1e-06, 'global_step': 1720, 'zo_forward_step': 3442, 'max_steps': 20000, 'max_zo_forward_steps': 0, 'time': 228, 'eps': 0.0001}
03/26/2026 01:50:05 - INFO - src.trainer -   {'loss': 1.124287724494934, 'learning_rate': 1e-06, 'global_step': 1730, 'zo_forward_step': 3462, 'max_steps': 20000, 'max_zo_forward_steps': 0, 'time': 229, 'eps': 0.0001}
160it [03:25,  1.05s/it]03/26/2026 01:50:06 - INFO - src.trainer -   {'loss': 1.6995775699615479, 'learning_rate': 1e-06, 'global_step': 1740, 'zo_forward_step': 3482, 'max_steps': 20000, 'max_zo_forward_steps': 0, 'time': 230, 'eps': 0.0001}
03/26/2026 01:50:07 - INFO - src.trainer -   {'loss': 1.7935482263565063, 'learning_rate': 1e-06, 'global_step': 1750, 'zo_forward_step': 3502, 'max_steps': 20000, 'max_zo_forward_steps': 0, 'time': 231, 'eps': 0.0001}
03/26/2026 01:50:10 - INFO - src.trainer -   {'loss': 1.1091748476028442, 'learning_rate': 1e-06, 'global_step': 1760, 'zo_forward_step': 3522, 'max_steps': 20000, 'max_zo_forward_steps': 0, 'time': 234, 'eps': 0.0001}
03/26/2026 01:50:11 - INFO - src.trainer -   {'loss': 1.7028075456619263, 'learning_rate': 1e-06, 'global_step': 1770, 'zo_forward_step': 3542, 'max_steps': 20000, 'max_zo_forward_steps': 0, 'time': 235, 'eps': 0.0001}
03/26/2026 01:50:12 - INFO - src.trainer -   {'loss': 1.8130223751068115, 'learning_rate': 1e-06, 'global_step': 1780, 'zo_forward_step': 3562, 'max_steps': 20000, 'max_zo_forward_steps': 0, 'time': 236, 'eps': 0.0001}
03/26/2026 01:50:13 - INFO - src.trainer -   {'loss': 1.1126372814178467, 'learning_rate': 1e-06, 'global_step': 1790, 'zo_forward_step': 3582, 'max_steps': 20000, 'max_zo_forward_steps': 0, 'time': 237, 'eps': 0.0001}
161it [03:34,  1.60s/it]172it [03:34,  1.08s/it]03/26/2026 01:50:15 - INFO - src.trainer -   {'eval_loss': 1.6531522274017334, 'eval_acc': 0.2}
03/26/2026 01:50:17 - INFO - src.trainer -   [zo_probe] step=1800 eps=1.000e-04 precision=fp32 n=16 mae=7.690430e-03 rmse=8.699628e-03 sign_acc=1.0000 corr=1.000000
03/26/2026 01:50:18 - INFO - src.trainer -   {'loss': 1.6912174224853516, 'learning_rate': 1e-06, 'global_step': 1800, 'zo_forward_step': 3602, 'max_steps': 20000, 'max_zo_forward_steps': 0, 'time': 242, 'eps': 0.0001}
03/26/2026 01:50:19 - INFO - src.trainer -   {'loss': 1.8043677806854248, 'learning_rate': 1e-06, 'global_step': 1810, 'zo_forward_step': 3622, 'max_steps': 20000, 'max_zo_forward_steps': 0, 'time': 243, 'eps': 0.0001}
03/26/2026 01:50:20 - INFO - src.trainer -   {'loss': 1.1119464635849, 'learning_rate': 1e-06, 'global_step': 1820, 'zo_forward_step': 3642, 'max_steps': 20000, 'max_zo_forward_steps': 0, 'time': 244, 'eps': 0.0001}
03/26/2026 01:50:21 - INFO - src.trainer -   {'loss': 1.707783818244934, 'learning_rate': 1e-06, 'global_step': 1830, 'zo_forward_step': 3662, 'max_steps': 20000, 'max_zo_forward_steps': 0, 'time': 245, 'eps': 0.0001}
03/26/2026 01:50:22 - INFO - src.trainer -   {'loss': 1.8086271286010742, 'learning_rate': 1e-06, 'global_step': 1840, 'zo_forward_step': 3682, 'max_steps': 20000, 'max_zo_forward_steps': 0, 'time': 246, 'eps': 0.0001}
03/26/2026 01:50:23 - INFO - src.trainer -   {'loss': 1.095223069190979, 'learning_rate': 1e-06, 'global_step': 1850, 'zo_forward_step': 3702, 'max_steps': 20000, 'max_zo_forward_steps': 0, 'time': 247, 'eps': 0.0001}
03/26/2026 01:50:25 - INFO - src.trainer -   {'loss': 1.6932837963104248, 'learning_rate': 1e-06, 'global_step': 1860, 'zo_forward_step': 3722, 'max_steps': 20000, 'max_zo_forward_steps': 0, 'time': 249, 'eps': 0.0001}
180it [03:45,  1.08s/it]03/26/2026 01:50:26 - INFO - src.trainer -   {'loss': 1.8201016187667847, 'learning_rate': 1e-06, 'global_step': 1870, 'zo_forward_step': 3742, 'max_steps': 20000, 'max_zo_forward_steps': 0, 'time': 250, 'eps': 0.0001}
03/26/2026 01:50:28 - INFO - src.trainer -   {'loss': 1.08046555519104, 'learning_rate': 1e-06, 'global_step': 1880, 'zo_forward_step': 3762, 'max_steps': 20000, 'max_zo_forward_steps': 0, 'time': 252, 'eps': 0.0001}
03/26/2026 01:50:29 - INFO - src.trainer -   {'loss': 1.6782724857330322, 'learning_rate': 1e-06, 'global_step': 1890, 'zo_forward_step': 3782, 'max_steps': 20000, 'max_zo_forward_steps': 0, 'time': 253, 'eps': 0.0001}
03/26/2026 01:50:30 - INFO - src.trainer -   {'loss': 1.8335098028182983, 'learning_rate': 1e-06, 'global_step': 1900, 'zo_forward_step': 3802, 'max_steps': 20000, 'max_zo_forward_steps': 0, 'time': 255, 'eps': 0.0001}
03/26/2026 01:50:32 - INFO - src.trainer -   {'loss': 1.096705436706543, 'learning_rate': 1e-06, 'global_step': 1910, 'zo_forward_step': 3822, 'max_steps': 20000, 'max_zo_forward_steps': 0, 'time': 256, 'eps': 0.0001}
03/26/2026 01:50:33 - INFO - src.trainer -   {'loss': 1.6802451610565186, 'learning_rate': 1e-06, 'global_step': 1920, 'zo_forward_step': 3842, 'max_steps': 20000, 'max_zo_forward_steps': 0, 'time': 257, 'eps': 0.0001}
03/26/2026 01:50:34 - INFO - src.trainer -   {'loss': 1.8434269428253174, 'learning_rate': 1e-06, 'global_step': 1930, 'zo_forward_step': 3862, 'max_steps': 20000, 'max_zo_forward_steps': 0, 'time': 258, 'eps': 0.0001}
03/26/2026 01:50:35 - INFO - src.trainer -   {'loss': 1.09221613407135, 'learning_rate': 1e-06, 'global_step': 1940, 'zo_forward_step': 3882, 'max_steps': 20000, 'max_zo_forward_steps': 0, 'time': 259, 'eps': 0.0001}
03/26/2026 01:50:36 - INFO - src.trainer -   {'loss': 1.6748079061508179, 'learning_rate': 1e-06, 'global_step': 1950, 'zo_forward_step': 3902, 'max_steps': 20000, 'max_zo_forward_steps': 0, 'time': 260, 'eps': 0.0001}
03/26/2026 01:50:37 - INFO - src.trainer -   {'loss': 1.8488377332687378, 'learning_rate': 1e-06, 'global_step': 1960, 'zo_forward_step': 3922, 'max_steps': 20000, 'max_zo_forward_steps': 0, 'time': 262, 'eps': 0.0001}
03/26/2026 01:50:38 - INFO - src.trainer -   {'loss': 1.080456256866455, 'learning_rate': 1e-06, 'global_step': 1970, 'zo_forward_step': 3942, 'max_steps': 20000, 'max_zo_forward_steps': 0, 'time': 263, 'eps': 0.0001}
03/26/2026 01:50:40 - INFO - src.trainer -   {'loss': 1.6708853244781494, 'learning_rate': 1e-06, 'global_step': 1980, 'zo_forward_step': 3962, 'max_steps': 20000, 'max_zo_forward_steps': 0, 'time': 264, 'eps': 0.0001}
03/26/2026 01:50:41 - INFO - src.trainer -   {'loss': 1.844173550605774, 'learning_rate': 1e-06, 'global_step': 1990, 'zo_forward_step': 3982, 'max_steps': 20000, 'max_zo_forward_steps': 0, 'time': 265, 'eps': 0.0001}
181it [04:01,  1.62s/it]192it [04:02,  1.10s/it]03/26/2026 01:50:42 - INFO - src.trainer -   {'eval_loss': 1.6577119827270508, 'eval_acc': 0.1875}
03/26/2026 01:50:44 - INFO - src.trainer -   [zo_probe] step=2000 eps=1.000e-04 precision=fp32 n=16 mae=6.873524e-02 rmse=9.592267e-02 sign_acc=1.0000 corr=0.999998
03/26/2026 01:50:44 - INFO - src.trainer -   {'loss': 1.0846771001815796, 'learning_rate': 1e-06, 'global_step': 2000, 'zo_forward_step': 4002, 'max_steps': 20000, 'max_zo_forward_steps': 0, 'time': 268, 'eps': 0.0001}
03/26/2026 01:50:45 - INFO - src.trainer -   {'loss': 1.6922335624694824, 'learning_rate': 1e-06, 'global_step': 2010, 'zo_forward_step': 4022, 'max_steps': 20000, 'max_zo_forward_steps': 0, 'time': 269, 'eps': 0.0001}
03/26/2026 01:50:46 - INFO - src.trainer -   {'loss': 1.8262633085250854, 'learning_rate': 1e-06, 'global_step': 2020, 'zo_forward_step': 4042, 'max_steps': 20000, 'max_zo_forward_steps': 0, 'time': 271, 'eps': 0.0001}
03/26/2026 01:50:48 - INFO - src.trainer -   {'loss': 1.0728716850280762, 'learning_rate': 1e-06, 'global_step': 2030, 'zo_forward_step': 4062, 'max_steps': 20000, 'max_zo_forward_steps': 0, 'time': 272, 'eps': 0.0001}
03/26/2026 01:50:49 - INFO - src.trainer -   {'loss': 1.6964339017868042, 'learning_rate': 1e-06, 'global_step': 2040, 'zo_forward_step': 4082, 'max_steps': 20000, 'max_zo_forward_steps': 0, 'time': 273, 'eps': 0.0001}
03/26/2026 01:50:50 - INFO - src.trainer -   {'loss': 1.8141921758651733, 'learning_rate': 1e-06, 'global_step': 2050, 'zo_forward_step': 4102, 'max_steps': 20000, 'max_zo_forward_steps': 0, 'time': 274, 'eps': 0.0001}
03/26/2026 01:50:51 - INFO - src.trainer -   {'loss': 1.0770671367645264, 'learning_rate': 1e-06, 'global_step': 2060, 'zo_forward_step': 4122, 'max_steps': 20000, 'max_zo_forward_steps': 0, 'time': 275, 'eps': 0.0001}
03/26/2026 01:50:52 - INFO - src.trainer -   {'loss': 1.700563907623291, 'learning_rate': 1e-06, 'global_step': 2070, 'zo_forward_step': 4142, 'max_steps': 20000, 'max_zo_forward_steps': 0, 'time': 276, 'eps': 0.0001}
03/26/2026 01:50:53 - INFO - src.trainer -   {'loss': 1.8056720495224, 'learning_rate': 1e-06, 'global_step': 2080, 'zo_forward_step': 4162, 'max_steps': 20000, 'max_zo_forward_steps': 0, 'time': 277, 'eps': 0.0001}
03/26/2026 01:50:55 - INFO - src.trainer -   {'loss': 1.0727646350860596, 'learning_rate': 1e-06, 'global_step': 2090, 'zo_forward_step': 4182, 'max_steps': 20000, 'max_zo_forward_steps': 0, 'time': 279, 'eps': 0.0001}
200it [04:15,  1.10s/it]03/26/2026 01:50:56 - INFO - src.trainer -   {'loss': 1.6982263326644897, 'learning_rate': 1e-06, 'global_step': 2100, 'zo_forward_step': 4202, 'max_steps': 20000, 'max_zo_forward_steps': 0, 'time': 280, 'eps': 0.0001}
03/26/2026 01:50:57 - INFO - src.trainer -   {'loss': 1.8131130933761597, 'learning_rate': 1e-06, 'global_step': 2110, 'zo_forward_step': 4222, 'max_steps': 20000, 'max_zo_forward_steps': 0, 'time': 281, 'eps': 0.0001}
03/26/2026 01:50:58 - INFO - src.trainer -   {'loss': 1.0807256698608398, 'learning_rate': 1e-06, 'global_step': 2120, 'zo_forward_step': 4242, 'max_steps': 20000, 'max_zo_forward_steps': 0, 'time': 282, 'eps': 0.0001}
03/26/2026 01:50:59 - INFO - src.trainer -   {'loss': 1.702022910118103, 'learning_rate': 1e-06, 'global_step': 2130, 'zo_forward_step': 4262, 'max_steps': 20000, 'max_zo_forward_steps': 0, 'time': 283, 'eps': 0.0001}
03/26/2026 01:51:00 - INFO - src.trainer -   {'loss': 1.8097469806671143, 'learning_rate': 1e-06, 'global_step': 2140, 'zo_forward_step': 4282, 'max_steps': 20000, 'max_zo_forward_steps': 0, 'time': 284, 'eps': 0.0001}
03/26/2026 01:51:01 - INFO - src.trainer -   {'loss': 1.0797629356384277, 'learning_rate': 1e-06, 'global_step': 2150, 'zo_forward_step': 4302, 'max_steps': 20000, 'max_zo_forward_steps': 0, 'time': 286, 'eps': 0.0001}
03/26/2026 01:51:03 - INFO - src.trainer -   {'loss': 1.7001076936721802, 'learning_rate': 1e-06, 'global_step': 2160, 'zo_forward_step': 4322, 'max_steps': 20000, 'max_zo_forward_steps': 0, 'time': 287, 'eps': 0.0001}
03/26/2026 01:51:04 - INFO - src.trainer -   {'loss': 1.8347289562225342, 'learning_rate': 1e-06, 'global_step': 2170, 'zo_forward_step': 4342, 'max_steps': 20000, 'max_zo_forward_steps': 0, 'time': 288, 'eps': 0.0001}
03/26/2026 01:51:05 - INFO - src.trainer -   {'loss': 1.0634478330612183, 'learning_rate': 1e-06, 'global_step': 2180, 'zo_forward_step': 4362, 'max_steps': 20000, 'max_zo_forward_steps': 0, 'time': 289, 'eps': 0.0001}
03/26/2026 01:51:06 - INFO - src.trainer -   {'loss': 1.6952650547027588, 'learning_rate': 1e-06, 'global_step': 2190, 'zo_forward_step': 4382, 'max_steps': 20000, 'max_zo_forward_steps': 0, 'time': 290, 'eps': 0.0001}
201it [04:27,  1.56s/it]212it [04:27,  1.06s/it]03/26/2026 01:51:07 - INFO - src.trainer -   {'eval_loss': 1.6570371389389038, 'eval_acc': 0.2}
03/26/2026 01:51:10 - INFO - src.trainer -   [zo_probe] step=2200 eps=1.000e-04 precision=fp32 n=16 mae=1.978111e-02 rmse=2.829207e-02 sign_acc=1.0000 corr=1.000000
03/26/2026 01:51:10 - INFO - src.trainer -   {'loss': 1.8129678964614868, 'learning_rate': 1e-06, 'global_step': 2200, 'zo_forward_step': 4402, 'max_steps': 20000, 'max_zo_forward_steps': 0, 'time': 294, 'eps': 0.0001}
03/26/2026 01:51:11 - INFO - src.trainer -   {'loss': 1.0716898441314697, 'learning_rate': 1e-06, 'global_step': 2210, 'zo_forward_step': 4422, 'max_steps': 20000, 'max_zo_forward_steps': 0, 'time': 296, 'eps': 0.0001}
03/26/2026 01:51:13 - INFO - src.trainer -   {'loss': 1.6904284954071045, 'learning_rate': 1e-06, 'global_step': 2220, 'zo_forward_step': 4442, 'max_steps': 20000, 'max_zo_forward_steps': 0, 'time': 297, 'eps': 0.0001}
03/26/2026 01:51:14 - INFO - src.trainer -   {'loss': 1.816856861114502, 'learning_rate': 1e-06, 'global_step': 2230, 'zo_forward_step': 4462, 'max_steps': 20000, 'max_zo_forward_steps': 0, 'time': 298, 'eps': 0.0001}
03/26/2026 01:51:16 - INFO - src.trainer -   {'loss': 1.0858068466186523, 'learning_rate': 1e-06, 'global_step': 2240, 'zo_forward_step': 4482, 'max_steps': 20000, 'max_zo_forward_steps': 0, 'time': 300, 'eps': 0.0001}
03/26/2026 01:51:17 - INFO - src.trainer -   {'loss': 1.6911630630493164, 'learning_rate': 1e-06, 'global_step': 2250, 'zo_forward_step': 4502, 'max_steps': 20000, 'max_zo_forward_steps': 0, 'time': 301, 'eps': 0.0001}
03/26/2026 01:51:18 - INFO - src.trainer -   {'loss': 1.8093098402023315, 'learning_rate': 1e-06, 'global_step': 2260, 'zo_forward_step': 4522, 'max_steps': 20000, 'max_zo_forward_steps': 0, 'time': 302, 'eps': 0.0001}
03/26/2026 01:51:19 - INFO - src.trainer -   {'loss': 1.0904680490493774, 'learning_rate': 1e-06, 'global_step': 2270, 'zo_forward_step': 4542, 'max_steps': 20000, 'max_zo_forward_steps': 0, 'time': 303, 'eps': 0.0001}
03/26/2026 01:51:21 - INFO - src.trainer -   {'loss': 1.6909308433532715, 'learning_rate': 1e-06, 'global_step': 2280, 'zo_forward_step': 4562, 'max_steps': 20000, 'max_zo_forward_steps': 0, 'time': 305, 'eps': 0.0001}
03/26/2026 01:51:22 - INFO - src.trainer -   {'loss': 1.8204575777053833, 'learning_rate': 1e-06, 'global_step': 2290, 'zo_forward_step': 4582, 'max_steps': 20000, 'max_zo_forward_steps': 0, 'time': 306, 'eps': 0.0001}
03/26/2026 01:51:23 - INFO - src.trainer -   {'loss': 1.09268319606781, 'learning_rate': 1e-06, 'global_step': 2300, 'zo_forward_step': 4602, 'max_steps': 20000, 'max_zo_forward_steps': 0, 'time': 307, 'eps': 0.0001}
03/26/2026 01:51:24 - INFO - src.trainer -   {'loss': 1.6810288429260254, 'learning_rate': 1e-06, 'global_step': 2310, 'zo_forward_step': 4622, 'max_steps': 20000, 'max_zo_forward_steps': 0, 'time': 308, 'eps': 0.0001}
220it [04:45,  1.06s/it]03/26/2026 01:51:25 - INFO - src.trainer -   {'loss': 1.8073822259902954, 'learning_rate': 1e-06, 'global_step': 2320, 'zo_forward_step': 4642, 'max_steps': 20000, 'max_zo_forward_steps': 0, 'time': 310, 'eps': 0.0001}
03/26/2026 01:51:27 - INFO - src.trainer -   {'loss': 1.0967700481414795, 'learning_rate': 1e-06, 'global_step': 2330, 'zo_forward_step': 4662, 'max_steps': 20000, 'max_zo_forward_steps': 0, 'time': 311, 'eps': 0.0001}
03/26/2026 01:51:28 - INFO - src.trainer -   {'loss': 1.6871675252914429, 'learning_rate': 1e-06, 'global_step': 2340, 'zo_forward_step': 4682, 'max_steps': 20000, 'max_zo_forward_steps': 0, 'time': 312, 'eps': 0.0001}
03/26/2026 01:51:29 - INFO - src.trainer -   {'loss': 1.8220093250274658, 'learning_rate': 1e-06, 'global_step': 2350, 'zo_forward_step': 4702, 'max_steps': 20000, 'max_zo_forward_steps': 0, 'time': 313, 'eps': 0.0001}
03/26/2026 01:51:30 - INFO - src.trainer -   {'loss': 1.0718170404434204, 'learning_rate': 1e-06, 'global_step': 2360, 'zo_forward_step': 4722, 'max_steps': 20000, 'max_zo_forward_steps': 0, 'time': 314, 'eps': 0.0001}
03/26/2026 01:51:31 - INFO - src.trainer -   {'loss': 1.700646996498108, 'learning_rate': 1e-06, 'global_step': 2370, 'zo_forward_step': 4742, 'max_steps': 20000, 'max_zo_forward_steps': 0, 'time': 315, 'eps': 0.0001}
03/26/2026 01:51:32 - INFO - src.trainer -   {'loss': 1.8116134405136108, 'learning_rate': 1e-06, 'global_step': 2380, 'zo_forward_step': 4762, 'max_steps': 20000, 'max_zo_forward_steps': 0, 'time': 316, 'eps': 0.0001}
03/26/2026 01:51:33 - INFO - src.trainer -   {'loss': 1.0617847442626953, 'learning_rate': 1e-06, 'global_step': 2390, 'zo_forward_step': 4782, 'max_steps': 20000, 'max_zo_forward_steps': 0, 'time': 318, 'eps': 0.0001}
221it [04:54,  1.60s/it]232it [04:54,  1.09s/it]03/26/2026 01:51:35 - INFO - src.trainer -   {'eval_loss': 1.6573537588119507, 'eval_acc': 0.2}
03/26/2026 01:51:38 - INFO - src.trainer -   [zo_probe] step=2400 eps=1.000e-04 precision=fp32 n=16 mae=1.581037e+00 rmse=2.543198e+00 sign_acc=1.0000 corr=0.998268
03/26/2026 01:51:38 - INFO - src.trainer -   {'loss': 1.7085846662521362, 'learning_rate': 1e-06, 'global_step': 2400, 'zo_forward_step': 4802, 'max_steps': 20000, 'max_zo_forward_steps': 0, 'time': 322, 'eps': 0.0001}
03/26/2026 01:51:39 - INFO - src.trainer -   {'loss': 1.812741756439209, 'learning_rate': 1e-06, 'global_step': 2410, 'zo_forward_step': 4822, 'max_steps': 20000, 'max_zo_forward_steps': 0, 'time': 323, 'eps': 0.0001}
03/26/2026 01:51:40 - INFO - src.trainer -   {'loss': 1.0634301900863647, 'learning_rate': 1e-06, 'global_step': 2420, 'zo_forward_step': 4842, 'max_steps': 20000, 'max_zo_forward_steps': 0, 'time': 324, 'eps': 0.0001}
03/26/2026 01:51:41 - INFO - src.trainer -   {'loss': 1.700839877128601, 'learning_rate': 1e-06, 'global_step': 2430, 'zo_forward_step': 4862, 'max_steps': 20000, 'max_zo_forward_steps': 0, 'time': 325, 'eps': 0.0001}
03/26/2026 01:51:42 - INFO - src.trainer -   {'loss': 1.8190914392471313, 'learning_rate': 1e-06, 'global_step': 2440, 'zo_forward_step': 4882, 'max_steps': 20000, 'max_zo_forward_steps': 0, 'time': 327, 'eps': 0.0001}
03/26/2026 01:51:44 - INFO - src.trainer -   {'loss': 1.0548226833343506, 'learning_rate': 1e-06, 'global_step': 2450, 'zo_forward_step': 4902, 'max_steps': 20000, 'max_zo_forward_steps': 0, 'time': 328, 'eps': 0.0001}
03/26/2026 01:51:45 - INFO - src.trainer -   {'loss': 1.7012686729431152, 'learning_rate': 1e-06, 'global_step': 2460, 'zo_forward_step': 4922, 'max_steps': 20000, 'max_zo_forward_steps': 0, 'time': 329, 'eps': 0.0001}
240it [05:05,  1.09s/it]03/26/2026 01:51:46 - INFO - src.trainer -   {'loss': 1.818341851234436, 'learning_rate': 1e-06, 'global_step': 2470, 'zo_forward_step': 4942, 'max_steps': 20000, 'max_zo_forward_steps': 0, 'time': 330, 'eps': 0.0001}
03/26/2026 01:51:47 - INFO - src.trainer -   {'loss': 1.05751371383667, 'learning_rate': 1e-06, 'global_step': 2480, 'zo_forward_step': 4962, 'max_steps': 20000, 'max_zo_forward_steps': 0, 'time': 331, 'eps': 0.0001}
03/26/2026 01:51:48 - INFO - src.trainer -   {'loss': 1.6944607496261597, 'learning_rate': 1e-06, 'global_step': 2490, 'zo_forward_step': 4982, 'max_steps': 20000, 'max_zo_forward_steps': 0, 'time': 332, 'eps': 0.0001}
03/26/2026 01:51:49 - INFO - src.trainer -   {'loss': 1.8231528997421265, 'learning_rate': 1e-06, 'global_step': 2500, 'zo_forward_step': 5002, 'max_steps': 20000, 'max_zo_forward_steps': 0, 'time': 334, 'eps': 0.0001}
03/26/2026 01:51:51 - INFO - src.trainer -   {'loss': 1.0642911195755005, 'learning_rate': 1e-06, 'global_step': 2510, 'zo_forward_step': 5022, 'max_steps': 20000, 'max_zo_forward_steps': 0, 'time': 335, 'eps': 0.0001}
03/26/2026 01:51:52 - INFO - src.trainer -   {'loss': 1.7042510509490967, 'learning_rate': 1e-06, 'global_step': 2520, 'zo_forward_step': 5042, 'max_steps': 20000, 'max_zo_forward_steps': 0, 'time': 336, 'eps': 0.0001}
03/26/2026 01:51:53 - INFO - src.trainer -   {'loss': 1.8201439380645752, 'learning_rate': 1e-06, 'global_step': 2530, 'zo_forward_step': 5062, 'max_steps': 20000, 'max_zo_forward_steps': 0, 'time': 337, 'eps': 0.0001}
03/26/2026 01:51:54 - INFO - src.trainer -   {'loss': 1.0615886449813843, 'learning_rate': 1e-06, 'global_step': 2540, 'zo_forward_step': 5082, 'max_steps': 20000, 'max_zo_forward_steps': 0, 'time': 338, 'eps': 0.0001}
03/26/2026 01:51:55 - INFO - src.trainer -   {'loss': 1.6970945596694946, 'learning_rate': 1e-06, 'global_step': 2550, 'zo_forward_step': 5102, 'max_steps': 20000, 'max_zo_forward_steps': 0, 'time': 339, 'eps': 0.0001}
03/26/2026 01:51:56 - INFO - src.trainer -   {'loss': 1.8175145387649536, 'learning_rate': 1e-06, 'global_step': 2560, 'zo_forward_step': 5122, 'max_steps': 20000, 'max_zo_forward_steps': 0, 'time': 341, 'eps': 0.0001}
03/26/2026 01:51:57 - INFO - src.trainer -   {'loss': 1.070425271987915, 'learning_rate': 1e-06, 'global_step': 2570, 'zo_forward_step': 5142, 'max_steps': 20000, 'max_zo_forward_steps': 0, 'time': 342, 'eps': 0.0001}
03/26/2026 01:51:59 - INFO - src.trainer -   {'loss': 1.6915764808654785, 'learning_rate': 1e-06, 'global_step': 2580, 'zo_forward_step': 5162, 'max_steps': 20000, 'max_zo_forward_steps': 0, 'time': 343, 'eps': 0.0001}
03/26/2026 01:52:00 - INFO - src.trainer -   {'loss': 1.8262344598770142, 'learning_rate': 1e-06, 'global_step': 2590, 'zo_forward_step': 5182, 'max_steps': 20000, 'max_zo_forward_steps': 0, 'time': 344, 'eps': 0.0001}
241it [05:21,  1.59s/it]252it [05:21,  1.08s/it]03/26/2026 01:52:01 - INFO - src.trainer -   {'eval_loss': 1.6610333919525146, 'eval_acc': 0.2}
03/26/2026 01:52:03 - INFO - src.trainer -   [zo_probe] step=2600 eps=1.000e-04 precision=fp32 n=16 mae=1.007202e-02 rmse=1.351565e-02 sign_acc=1.0000 corr=1.000000
03/26/2026 01:52:03 - INFO - src.trainer -   {'loss': 1.0628149509429932, 'learning_rate': 1e-06, 'global_step': 2600, 'zo_forward_step': 5202, 'max_steps': 20000, 'max_zo_forward_steps': 0, 'time': 347, 'eps': 0.0001}
03/26/2026 01:52:04 - INFO - src.trainer -   {'loss': 1.690354824066162, 'learning_rate': 1e-06, 'global_step': 2610, 'zo_forward_step': 5222, 'max_steps': 20000, 'max_zo_forward_steps': 0, 'time': 349, 'eps': 0.0001}
03/26/2026 01:52:06 - INFO - src.trainer -   {'loss': 1.8308175802230835, 'learning_rate': 1e-06, 'global_step': 2620, 'zo_forward_step': 5242, 'max_steps': 20000, 'max_zo_forward_steps': 0, 'time': 350, 'eps': 0.0001}
03/26/2026 01:52:07 - INFO - src.trainer -   {'loss': 1.0536866188049316, 'learning_rate': 1e-06, 'global_step': 2630, 'zo_forward_step': 5262, 'max_steps': 20000, 'max_zo_forward_steps': 0, 'time': 351, 'eps': 0.0001}
03/26/2026 01:52:08 - INFO - src.trainer -   {'loss': 1.7181649208068848, 'learning_rate': 1e-06, 'global_step': 2640, 'zo_forward_step': 5282, 'max_steps': 20000, 'max_zo_forward_steps': 0, 'time': 352, 'eps': 0.0001}
03/26/2026 01:52:09 - INFO - src.trainer -   {'loss': 1.816544532775879, 'learning_rate': 1e-06, 'global_step': 2650, 'zo_forward_step': 5302, 'max_steps': 20000, 'max_zo_forward_steps': 0, 'time': 353, 'eps': 0.0001}
03/26/2026 01:52:10 - INFO - src.trainer -   {'loss': 1.0450085401535034, 'learning_rate': 1e-06, 'global_step': 2660, 'zo_forward_step': 5322, 'max_steps': 20000, 'max_zo_forward_steps': 0, 'time': 354, 'eps': 0.0001}
03/26/2026 01:52:11 - INFO - src.trainer -   {'loss': 1.6992018222808838, 'learning_rate': 1e-06, 'global_step': 2670, 'zo_forward_step': 5342, 'max_steps': 20000, 'max_zo_forward_steps': 0, 'time': 356, 'eps': 0.0001}
03/26/2026 01:52:13 - INFO - src.trainer -   {'loss': 1.8285326957702637, 'learning_rate': 1e-06, 'global_step': 2680, 'zo_forward_step': 5362, 'max_steps': 20000, 'max_zo_forward_steps': 0, 'time': 357, 'eps': 0.0001}
03/26/2026 01:52:14 - INFO - src.trainer -   {'loss': 1.0718026161193848, 'learning_rate': 1e-06, 'global_step': 2690, 'zo_forward_step': 5382, 'max_steps': 20000, 'max_zo_forward_steps': 0, 'time': 358, 'eps': 0.0001}
03/26/2026 01:52:15 - INFO - src.trainer -   {'loss': 1.6825504302978516, 'learning_rate': 1e-06, 'global_step': 2700, 'zo_forward_step': 5402, 'max_steps': 20000, 'max_zo_forward_steps': 0, 'time': 359, 'eps': 0.0001}
260it [05:35,  1.08s/it]03/26/2026 01:52:16 - INFO - src.trainer -   {'loss': 1.8202461004257202, 'learning_rate': 1e-06, 'global_step': 2710, 'zo_forward_step': 5422, 'max_steps': 20000, 'max_zo_forward_steps': 0, 'time': 360, 'eps': 0.0001}
03/26/2026 01:52:19 - INFO - src.trainer -   {'loss': 1.0759799480438232, 'learning_rate': 1e-06, 'global_step': 2720, 'zo_forward_step': 5442, 'max_steps': 20000, 'max_zo_forward_steps': 0, 'time': 363, 'eps': 0.0001}
03/26/2026 01:52:20 - INFO - src.trainer -   {'loss': 1.6846035718917847, 'learning_rate': 1e-06, 'global_step': 2730, 'zo_forward_step': 5462, 'max_steps': 20000, 'max_zo_forward_steps': 0, 'time': 364, 'eps': 0.0001}
03/26/2026 01:52:21 - INFO - src.trainer -   {'loss': 1.8170350790023804, 'learning_rate': 1e-06, 'global_step': 2740, 'zo_forward_step': 5482, 'max_steps': 20000, 'max_zo_forward_steps': 0, 'time': 365, 'eps': 0.0001}
03/26/2026 01:52:22 - INFO - src.trainer -   {'loss': 1.0462760925292969, 'learning_rate': 1e-06, 'global_step': 2750, 'zo_forward_step': 5502, 'max_steps': 20000, 'max_zo_forward_steps': 0, 'time': 367, 'eps': 0.0001}
03/26/2026 01:52:24 - INFO - src.trainer -   {'loss': 1.7034960985183716, 'learning_rate': 1e-06, 'global_step': 2760, 'zo_forward_step': 5522, 'max_steps': 20000, 'max_zo_forward_steps': 0, 'time': 368, 'eps': 0.0001}
03/26/2026 01:52:25 - INFO - src.trainer -   {'loss': 1.8201593160629272, 'learning_rate': 1e-06, 'global_step': 2770, 'zo_forward_step': 5542, 'max_steps': 20000, 'max_zo_forward_steps': 0, 'time': 369, 'eps': 0.0001}
03/26/2026 01:52:26 - INFO - src.trainer -   {'loss': 1.0483671426773071, 'learning_rate': 1e-06, 'global_step': 2780, 'zo_forward_step': 5562, 'max_steps': 20000, 'max_zo_forward_steps': 0, 'time': 370, 'eps': 0.0001}
03/26/2026 01:52:27 - INFO - src.trainer -   {'loss': 1.689623475074768, 'learning_rate': 1e-06, 'global_step': 2790, 'zo_forward_step': 5582, 'max_steps': 20000, 'max_zo_forward_steps': 0, 'time': 371, 'eps': 0.0001}
261it [05:48,  1.61s/it]272it [05:48,  1.09s/it]03/26/2026 01:52:28 - INFO - src.trainer -   {'eval_loss': 1.659460425376892, 'eval_acc': 0.2}
03/26/2026 01:52:31 - INFO - src.trainer -   [zo_probe] step=2800 eps=1.000e-04 precision=fp32 n=16 mae=2.167833e-02 rmse=3.385221e-02 sign_acc=1.0000 corr=1.000000
03/26/2026 01:52:31 - INFO - src.trainer -   {'loss': 1.817944884300232, 'learning_rate': 1e-06, 'global_step': 2800, 'zo_forward_step': 5602, 'max_steps': 20000, 'max_zo_forward_steps': 0, 'time': 376, 'eps': 0.0001}
03/26/2026 01:52:33 - INFO - src.trainer -   {'loss': 1.034650444984436, 'learning_rate': 1e-06, 'global_step': 2810, 'zo_forward_step': 5622, 'max_steps': 20000, 'max_zo_forward_steps': 0, 'time': 377, 'eps': 0.0001}
03/26/2026 01:52:34 - INFO - src.trainer -   {'loss': 1.719373345375061, 'learning_rate': 1e-06, 'global_step': 2820, 'zo_forward_step': 5642, 'max_steps': 20000, 'max_zo_forward_steps': 0, 'time': 378, 'eps': 0.0001}
03/26/2026 01:52:35 - INFO - src.trainer -   {'loss': 1.807395100593567, 'learning_rate': 1e-06, 'global_step': 2830, 'zo_forward_step': 5662, 'max_steps': 20000, 'max_zo_forward_steps': 0, 'time': 379, 'eps': 0.0001}
03/26/2026 01:52:36 - INFO - src.trainer -   {'loss': 1.0443675518035889, 'learning_rate': 1e-06, 'global_step': 2840, 'zo_forward_step': 5682, 'max_steps': 20000, 'max_zo_forward_steps': 0, 'time': 380, 'eps': 0.0001}
03/26/2026 01:52:37 - INFO - src.trainer -   {'loss': 1.7073971033096313, 'learning_rate': 1e-06, 'global_step': 2850, 'zo_forward_step': 5702, 'max_steps': 20000, 'max_zo_forward_steps': 0, 'time': 381, 'eps': 0.0001}
03/26/2026 01:52:38 - INFO - src.trainer -   {'loss': 1.8142073154449463, 'learning_rate': 1e-06, 'global_step': 2860, 'zo_forward_step': 5722, 'max_steps': 20000, 'max_zo_forward_steps': 0, 'time': 382, 'eps': 0.0001}
03/26/2026 01:52:39 - INFO - src.trainer -   {'loss': 1.054618239402771, 'learning_rate': 1e-06, 'global_step': 2870, 'zo_forward_step': 5742, 'max_steps': 20000, 'max_zo_forward_steps': 0, 'time': 384, 'eps': 0.0001}
03/26/2026 01:52:41 - INFO - src.trainer -   {'loss': 1.6918818950653076, 'learning_rate': 1e-06, 'global_step': 2880, 'zo_forward_step': 5762, 'max_steps': 20000, 'max_zo_forward_steps': 0, 'time': 385, 'eps': 0.0001}
03/26/2026 01:52:42 - INFO - src.trainer -   {'loss': 1.7995824813842773, 'learning_rate': 1e-06, 'global_step': 2890, 'zo_forward_step': 5782, 'max_steps': 20000, 'max_zo_forward_steps': 0, 'time': 386, 'eps': 0.0001}
03/26/2026 01:52:44 - INFO - src.trainer -   {'loss': 1.0818383693695068, 'learning_rate': 1e-06, 'global_step': 2900, 'zo_forward_step': 5802, 'max_steps': 20000, 'max_zo_forward_steps': 0, 'time': 389, 'eps': 0.0001}
280it [06:05,  1.09s/it]03/26/2026 01:52:46 - INFO - src.trainer -   {'loss': 1.6823042631149292, 'learning_rate': 1e-06, 'global_step': 2910, 'zo_forward_step': 5822, 'max_steps': 20000, 'max_zo_forward_steps': 0, 'time': 390, 'eps': 0.0001}
03/26/2026 01:52:47 - INFO - src.trainer -   {'loss': 1.8063340187072754, 'learning_rate': 1e-06, 'global_step': 2920, 'zo_forward_step': 5842, 'max_steps': 20000, 'max_zo_forward_steps': 0, 'time': 391, 'eps': 0.0001}
03/26/2026 01:52:48 - INFO - src.trainer -   {'loss': 1.082231044769287, 'learning_rate': 1e-06, 'global_step': 2930, 'zo_forward_step': 5862, 'max_steps': 20000, 'max_zo_forward_steps': 0, 'time': 392, 'eps': 0.0001}
03/26/2026 01:52:49 - INFO - src.trainer -   {'loss': 1.6847047805786133, 'learning_rate': 1e-06, 'global_step': 2940, 'zo_forward_step': 5882, 'max_steps': 20000, 'max_zo_forward_steps': 0, 'time': 393, 'eps': 0.0001}
03/26/2026 01:52:50 - INFO - src.trainer -   {'loss': 1.78789222240448, 'learning_rate': 1e-06, 'global_step': 2950, 'zo_forward_step': 5902, 'max_steps': 20000, 'max_zo_forward_steps': 0, 'time': 395, 'eps': 0.0001}
03/26/2026 01:52:52 - INFO - src.trainer -   {'loss': 1.0827362537384033, 'learning_rate': 1e-06, 'global_step': 2960, 'zo_forward_step': 5922, 'max_steps': 20000, 'max_zo_forward_steps': 0, 'time': 396, 'eps': 0.0001}
03/26/2026 01:52:53 - INFO - src.trainer -   {'loss': 1.7031103372573853, 'learning_rate': 1e-06, 'global_step': 2970, 'zo_forward_step': 5942, 'max_steps': 20000, 'max_zo_forward_steps': 0, 'time': 397, 'eps': 0.0001}
03/26/2026 01:52:54 - INFO - src.trainer -   {'loss': 1.7795367240905762, 'learning_rate': 1e-06, 'global_step': 2980, 'zo_forward_step': 5962, 'max_steps': 20000, 'max_zo_forward_steps': 0, 'time': 398, 'eps': 0.0001}
03/26/2026 01:52:55 - INFO - src.trainer -   {'loss': 1.0644454956054688, 'learning_rate': 1e-06, 'global_step': 2990, 'zo_forward_step': 5982, 'max_steps': 20000, 'max_zo_forward_steps': 0, 'time': 399, 'eps': 0.0001}
281it [06:16,  1.64s/it]292it [06:16,  1.11s/it]03/26/2026 01:52:56 - INFO - src.trainer -   {'eval_loss': 1.6527878046035767, 'eval_acc': 0.2}
03/26/2026 01:53:00 - INFO - src.trainer -   [zo_probe] step=3000 eps=1.000e-04 precision=fp32 n=16 mae=8.613318e-03 rmse=1.066734e-02 sign_acc=1.0000 corr=1.000000
03/26/2026 01:53:00 - INFO - src.trainer -   {'loss': 1.710230827331543, 'learning_rate': 1e-06, 'global_step': 3000, 'zo_forward_step': 6002, 'max_steps': 20000, 'max_zo_forward_steps': 0, 'time': 404, 'eps': 0.0001}
03/26/2026 01:53:01 - INFO - src.trainer -   {'loss': 1.7607688903808594, 'learning_rate': 1e-06, 'global_step': 3010, 'zo_forward_step': 6022, 'max_steps': 20000, 'max_zo_forward_steps': 0, 'time': 405, 'eps': 0.0001}
03/26/2026 01:53:02 - INFO - src.trainer -   {'loss': 1.0613429546356201, 'learning_rate': 1e-06, 'global_step': 3020, 'zo_forward_step': 6042, 'max_steps': 20000, 'max_zo_forward_steps': 0, 'time': 407, 'eps': 0.0001}
03/26/2026 01:53:04 - INFO - src.trainer -   {'loss': 1.7125766277313232, 'learning_rate': 1e-06, 'global_step': 3030, 'zo_forward_step': 6062, 'max_steps': 20000, 'max_zo_forward_steps': 0, 'time': 408, 'eps': 0.0001}
03/26/2026 01:53:05 - INFO - src.trainer -   {'loss': 1.7529798746109009, 'learning_rate': 1e-06, 'global_step': 3040, 'zo_forward_step': 6082, 'max_steps': 20000, 'max_zo_forward_steps': 0, 'time': 409, 'eps': 0.0001}
03/26/2026 01:53:06 - INFO - src.trainer -   {'loss': 1.0755112171173096, 'learning_rate': 1e-06, 'global_step': 3050, 'zo_forward_step': 6102, 'max_steps': 20000, 'max_zo_forward_steps': 0, 'time': 410, 'eps': 0.0001}
03/26/2026 01:53:07 - INFO - src.trainer -   {'loss': 1.6954423189163208, 'learning_rate': 1e-06, 'global_step': 3060, 'zo_forward_step': 6122, 'max_steps': 20000, 'max_zo_forward_steps': 0, 'time': 411, 'eps': 0.0001}
03/26/2026 01:53:08 - INFO - src.trainer -   {'loss': 1.7796287536621094, 'learning_rate': 1e-06, 'global_step': 3070, 'zo_forward_step': 6142, 'max_steps': 20000, 'max_zo_forward_steps': 0, 'time': 412, 'eps': 0.0001}
03/26/2026 01:53:09 - INFO - src.trainer -   {'loss': 1.0598671436309814, 'learning_rate': 1e-06, 'global_step': 3080, 'zo_forward_step': 6162, 'max_steps': 20000, 'max_zo_forward_steps': 0, 'time': 413, 'eps': 0.0001}
03/26/2026 01:53:10 - INFO - src.trainer -   {'loss': 1.6787389516830444, 'learning_rate': 1e-06, 'global_step': 3090, 'zo_forward_step': 6182, 'max_steps': 20000, 'max_zo_forward_steps': 0, 'time': 415, 'eps': 0.0001}
03/26/2026 01:53:12 - INFO - src.trainer -   {'loss': 1.7823001146316528, 'learning_rate': 1e-06, 'global_step': 3100, 'zo_forward_step': 6202, 'max_steps': 20000, 'max_zo_forward_steps': 0, 'time': 416, 'eps': 0.0001}
03/26/2026 01:53:13 - INFO - src.trainer -   {'loss': 1.0783748626708984, 'learning_rate': 1e-06, 'global_step': 3110, 'zo_forward_step': 6222, 'max_steps': 20000, 'max_zo_forward_steps': 0, 'time': 417, 'eps': 0.0001}
03/26/2026 01:53:14 - INFO - src.trainer -   {'loss': 1.6939177513122559, 'learning_rate': 1e-06, 'global_step': 3120, 'zo_forward_step': 6242, 'max_steps': 20000, 'max_zo_forward_steps': 0, 'time': 418, 'eps': 0.0001}
03/26/2026 01:53:15 - INFO - src.trainer -   {'loss': 1.7583812475204468, 'learning_rate': 1e-06, 'global_step': 3130, 'zo_forward_step': 6262, 'max_steps': 20000, 'max_zo_forward_steps': 0, 'time': 419, 'eps': 0.0001}
300it [06:35,  1.11s/it]03/26/2026 01:53:16 - INFO - src.trainer -   {'loss': 1.0821248292922974, 'learning_rate': 1e-06, 'global_step': 3140, 'zo_forward_step': 6282, 'max_steps': 20000, 'max_zo_forward_steps': 0, 'time': 420, 'eps': 0.0001}
03/26/2026 01:53:17 - INFO - src.trainer -   {'loss': 1.6967800855636597, 'learning_rate': 1e-06, 'global_step': 3150, 'zo_forward_step': 6302, 'max_steps': 20000, 'max_zo_forward_steps': 0, 'time': 422, 'eps': 0.0001}
03/26/2026 01:53:19 - INFO - src.trainer -   {'loss': 1.7510687112808228, 'learning_rate': 1e-06, 'global_step': 3160, 'zo_forward_step': 6322, 'max_steps': 20000, 'max_zo_forward_steps': 0, 'time': 423, 'eps': 0.0001}
03/26/2026 01:53:20 - INFO - src.trainer -   {'loss': 1.0886454582214355, 'learning_rate': 1e-06, 'global_step': 3170, 'zo_forward_step': 6342, 'max_steps': 20000, 'max_zo_forward_steps': 0, 'time': 424, 'eps': 0.0001}
03/26/2026 01:53:21 - INFO - src.trainer -   {'loss': 1.6915889978408813, 'learning_rate': 1e-06, 'global_step': 3180, 'zo_forward_step': 6362, 'max_steps': 20000, 'max_zo_forward_steps': 0, 'time': 425, 'eps': 0.0001}
03/26/2026 01:53:22 - INFO - src.trainer -   {'loss': 1.7690573930740356, 'learning_rate': 1e-06, 'global_step': 3190, 'zo_forward_step': 6382, 'max_steps': 20000, 'max_zo_forward_steps': 0, 'time': 426, 'eps': 0.0001}
301it [06:43,  1.63s/it]312it [06:43,  1.11s/it]03/26/2026 01:53:23 - INFO - src.trainer -   {'eval_loss': 1.6444494724273682, 'eval_acc': 0.2}
03/26/2026 01:53:25 - INFO - src.trainer -   [zo_probe] step=3200 eps=1.000e-04 precision=fp32 n=16 mae=1.707989e-02 rmse=2.788419e-02 sign_acc=1.0000 corr=1.000000
03/26/2026 01:53:26 - INFO - src.trainer -   {'loss': 1.063455581665039, 'learning_rate': 1e-06, 'global_step': 3200, 'zo_forward_step': 6402, 'max_steps': 20000, 'max_zo_forward_steps': 0, 'time': 430, 'eps': 0.0001}
03/26/2026 01:53:27 - INFO - src.trainer -   {'loss': 1.676375389099121, 'learning_rate': 1e-06, 'global_step': 3210, 'zo_forward_step': 6422, 'max_steps': 20000, 'max_zo_forward_steps': 0, 'time': 431, 'eps': 0.0001}
03/26/2026 01:53:28 - INFO - src.trainer -   {'loss': 1.7777931690216064, 'learning_rate': 1e-06, 'global_step': 3220, 'zo_forward_step': 6442, 'max_steps': 20000, 'max_zo_forward_steps': 0, 'time': 432, 'eps': 0.0001}
03/26/2026 01:53:29 - INFO - src.trainer -   {'loss': 1.0580536127090454, 'learning_rate': 1e-06, 'global_step': 3230, 'zo_forward_step': 6462, 'max_steps': 20000, 'max_zo_forward_steps': 0, 'time': 433, 'eps': 0.0001}
03/26/2026 01:53:30 - INFO - src.trainer -   {'loss': 1.6718932390213013, 'learning_rate': 1e-06, 'global_step': 3240, 'zo_forward_step': 6482, 'max_steps': 20000, 'max_zo_forward_steps': 0, 'time': 434, 'eps': 0.0001}
03/26/2026 01:53:31 - INFO - src.trainer -   {'loss': 1.7808820009231567, 'learning_rate': 1e-06, 'global_step': 3250, 'zo_forward_step': 6502, 'max_steps': 20000, 'max_zo_forward_steps': 0, 'time': 436, 'eps': 0.0001}
03/26/2026 01:53:33 - INFO - src.trainer -   {'loss': 1.0701191425323486, 'learning_rate': 1e-06, 'global_step': 3260, 'zo_forward_step': 6522, 'max_steps': 20000, 'max_zo_forward_steps': 0, 'time': 437, 'eps': 0.0001}
03/26/2026 01:53:34 - INFO - src.trainer -   {'loss': 1.6770740747451782, 'learning_rate': 1e-06, 'global_step': 3270, 'zo_forward_step': 6542, 'max_steps': 20000, 'max_zo_forward_steps': 0, 'time': 438, 'eps': 0.0001}
03/26/2026 01:53:35 - INFO - src.trainer -   {'loss': 1.769607663154602, 'learning_rate': 1e-06, 'global_step': 3280, 'zo_forward_step': 6562, 'max_steps': 20000, 'max_zo_forward_steps': 0, 'time': 439, 'eps': 0.0001}
320it [06:55,  1.11s/it]03/26/2026 01:53:36 - INFO - src.trainer -   {'loss': 1.0660929679870605, 'learning_rate': 1e-06, 'global_step': 3290, 'zo_forward_step': 6582, 'max_steps': 20000, 'max_zo_forward_steps': 0, 'time': 440, 'eps': 0.0001}
03/26/2026 01:53:37 - INFO - src.trainer -   {'loss': 1.6802719831466675, 'learning_rate': 1e-06, 'global_step': 3300, 'zo_forward_step': 6602, 'max_steps': 20000, 'max_zo_forward_steps': 0, 'time': 441, 'eps': 0.0001}
03/26/2026 01:53:38 - INFO - src.trainer -   {'loss': 1.7664762735366821, 'learning_rate': 1e-06, 'global_step': 3310, 'zo_forward_step': 6622, 'max_steps': 20000, 'max_zo_forward_steps': 0, 'time': 442, 'eps': 0.0001}
03/26/2026 01:53:39 - INFO - src.trainer -   {'loss': 1.083583116531372, 'learning_rate': 1e-06, 'global_step': 3320, 'zo_forward_step': 6642, 'max_steps': 20000, 'max_zo_forward_steps': 0, 'time': 444, 'eps': 0.0001}
03/26/2026 01:53:41 - INFO - src.trainer -   {'loss': 1.6745715141296387, 'learning_rate': 1e-06, 'global_step': 3330, 'zo_forward_step': 6662, 'max_steps': 20000, 'max_zo_forward_steps': 0, 'time': 445, 'eps': 0.0001}
03/26/2026 01:53:42 - INFO - src.trainer -   {'loss': 1.7388575077056885, 'learning_rate': 1e-06, 'global_step': 3340, 'zo_forward_step': 6682, 'max_steps': 20000, 'max_zo_forward_steps': 0, 'time': 446, 'eps': 0.0001}
03/26/2026 01:53:43 - INFO - src.trainer -   {'loss': 1.0967036485671997, 'learning_rate': 1e-06, 'global_step': 3350, 'zo_forward_step': 6702, 'max_steps': 20000, 'max_zo_forward_steps': 0, 'time': 447, 'eps': 0.0001}
03/26/2026 01:53:44 - INFO - src.trainer -   {'loss': 1.677872657775879, 'learning_rate': 1e-06, 'global_step': 3360, 'zo_forward_step': 6722, 'max_steps': 20000, 'max_zo_forward_steps': 0, 'time': 448, 'eps': 0.0001}
03/26/2026 01:53:45 - INFO - src.trainer -   {'loss': 1.7332699298858643, 'learning_rate': 1e-06, 'global_step': 3370, 'zo_forward_step': 6742, 'max_steps': 20000, 'max_zo_forward_steps': 0, 'time': 449, 'eps': 0.0001}
03/26/2026 01:53:46 - INFO - src.trainer -   {'loss': 1.0964878797531128, 'learning_rate': 1e-06, 'global_step': 3380, 'zo_forward_step': 6762, 'max_steps': 20000, 'max_zo_forward_steps': 0, 'time': 451, 'eps': 0.0001}
03/26/2026 01:53:49 - INFO - src.trainer -   {'loss': 1.6635371446609497, 'learning_rate': 1e-06, 'global_step': 3390, 'zo_forward_step': 6782, 'max_steps': 20000, 'max_zo_forward_steps': 0, 'time': 453, 'eps': 0.0001}
321it [07:10,  1.62s/it]332it [07:10,  1.10s/it]03/26/2026 01:53:50 - INFO - src.trainer -   {'eval_loss': 1.6373389959335327, 'eval_acc': 0.2}
03/26/2026 01:53:53 - INFO - src.trainer -   [zo_probe] step=3400 eps=1.000e-04 precision=fp32 n=16 mae=5.076346e-02 rmse=9.332992e-02 sign_acc=1.0000 corr=0.999993
03/26/2026 01:53:53 - INFO - src.trainer -   {'loss': 1.739763617515564, 'learning_rate': 1e-06, 'global_step': 3400, 'zo_forward_step': 6802, 'max_steps': 20000, 'max_zo_forward_steps': 0, 'time': 458, 'eps': 0.0001}
03/26/2026 01:53:54 - INFO - src.trainer -   {'loss': 1.098069667816162, 'learning_rate': 1e-06, 'global_step': 3410, 'zo_forward_step': 6822, 'max_steps': 20000, 'max_zo_forward_steps': 0, 'time': 459, 'eps': 0.0001}
03/26/2026 01:53:56 - INFO - src.trainer -   {'loss': 1.6845427751541138, 'learning_rate': 1e-06, 'global_step': 3420, 'zo_forward_step': 6842, 'max_steps': 20000, 'max_zo_forward_steps': 0, 'time': 460, 'eps': 0.0001}
03/26/2026 01:53:57 - INFO - src.trainer -   {'loss': 1.7302886247634888, 'learning_rate': 1e-06, 'global_step': 3430, 'zo_forward_step': 6862, 'max_steps': 20000, 'max_zo_forward_steps': 0, 'time': 461, 'eps': 0.0001}
03/26/2026 01:53:58 - INFO - src.trainer -   {'loss': 1.0907913446426392, 'learning_rate': 1e-06, 'global_step': 3440, 'zo_forward_step': 6882, 'max_steps': 20000, 'max_zo_forward_steps': 0, 'time': 462, 'eps': 0.0001}
03/26/2026 01:53:59 - INFO - src.trainer -   {'loss': 1.6814842224121094, 'learning_rate': 1e-06, 'global_step': 3450, 'zo_forward_step': 6902, 'max_steps': 20000, 'max_zo_forward_steps': 0, 'time': 463, 'eps': 0.0001}
03/26/2026 01:54:00 - INFO - src.trainer -   {'loss': 1.713884711265564, 'learning_rate': 1e-06, 'global_step': 3460, 'zo_forward_step': 6922, 'max_steps': 20000, 'max_zo_forward_steps': 0, 'time': 464, 'eps': 0.0001}
03/26/2026 01:54:01 - INFO - src.trainer -   {'loss': 1.1007777452468872, 'learning_rate': 1e-06, 'global_step': 3470, 'zo_forward_step': 6942, 'max_steps': 20000, 'max_zo_forward_steps': 0, 'time': 465, 'eps': 0.0001}
03/26/2026 01:54:03 - INFO - src.trainer -   {'loss': 1.6876373291015625, 'learning_rate': 1e-06, 'global_step': 3480, 'zo_forward_step': 6962, 'max_steps': 20000, 'max_zo_forward_steps': 0, 'time': 467, 'eps': 0.0001}
03/26/2026 01:54:04 - INFO - src.trainer -   {'loss': 1.7318551540374756, 'learning_rate': 1e-06, 'global_step': 3490, 'zo_forward_step': 6982, 'max_steps': 20000, 'max_zo_forward_steps': 0, 'time': 468, 'eps': 0.0001}
03/26/2026 01:54:05 - INFO - src.trainer -   {'loss': 1.0937342643737793, 'learning_rate': 1e-06, 'global_step': 3500, 'zo_forward_step': 7002, 'max_steps': 20000, 'max_zo_forward_steps': 0, 'time': 469, 'eps': 0.0001}
340it [07:25,  1.10s/it]03/26/2026 01:54:06 - INFO - src.trainer -   {'loss': 1.6949535608291626, 'learning_rate': 1e-06, 'global_step': 3510, 'zo_forward_step': 7022, 'max_steps': 20000, 'max_zo_forward_steps': 0, 'time': 470, 'eps': 0.0001}
03/26/2026 01:54:07 - INFO - src.trainer -   {'loss': 1.729962944984436, 'learning_rate': 1e-06, 'global_step': 3520, 'zo_forward_step': 7042, 'max_steps': 20000, 'max_zo_forward_steps': 0, 'time': 471, 'eps': 0.0001}
03/26/2026 01:54:08 - INFO - src.trainer -   {'loss': 1.0685945749282837, 'learning_rate': 1e-06, 'global_step': 3530, 'zo_forward_step': 7062, 'max_steps': 20000, 'max_zo_forward_steps': 0, 'time': 472, 'eps': 0.0001}
03/26/2026 01:54:09 - INFO - src.trainer -   {'loss': 1.6832011938095093, 'learning_rate': 1e-06, 'global_step': 3540, 'zo_forward_step': 7082, 'max_steps': 20000, 'max_zo_forward_steps': 0, 'time': 474, 'eps': 0.0001}
03/26/2026 01:54:11 - INFO - src.trainer -   {'loss': 1.7440087795257568, 'learning_rate': 1e-06, 'global_step': 3550, 'zo_forward_step': 7102, 'max_steps': 20000, 'max_zo_forward_steps': 0, 'time': 475, 'eps': 0.0001}
03/26/2026 01:54:12 - INFO - src.trainer -   {'loss': 1.0762135982513428, 'learning_rate': 1e-06, 'global_step': 3560, 'zo_forward_step': 7122, 'max_steps': 20000, 'max_zo_forward_steps': 0, 'time': 476, 'eps': 0.0001}
03/26/2026 01:54:13 - INFO - src.trainer -   {'loss': 1.6876006126403809, 'learning_rate': 1e-06, 'global_step': 3570, 'zo_forward_step': 7142, 'max_steps': 20000, 'max_zo_forward_steps': 0, 'time': 477, 'eps': 0.0001}
03/26/2026 01:54:14 - INFO - src.trainer -   {'loss': 1.7452820539474487, 'learning_rate': 1e-06, 'global_step': 3580, 'zo_forward_step': 7162, 'max_steps': 20000, 'max_zo_forward_steps': 0, 'time': 478, 'eps': 0.0001}
03/26/2026 01:54:15 - INFO - src.trainer -   {'loss': 1.0711642503738403, 'learning_rate': 1e-06, 'global_step': 3590, 'zo_forward_step': 7182, 'max_steps': 20000, 'max_zo_forward_steps': 0, 'time': 479, 'eps': 0.0001}
341it [07:36,  1.59s/it]352it [07:36,  1.08s/it]03/26/2026 01:54:16 - INFO - src.trainer -   {'eval_loss': 1.6412643194198608, 'eval_acc': 0.2}
03/26/2026 01:54:19 - INFO - src.trainer -   [zo_probe] step=3600 eps=1.000e-04 precision=fp32 n=16 mae=1.521355e+00 rmse=2.070179e+00 sign_acc=1.0000 corr=0.999250
03/26/2026 01:54:19 - INFO - src.trainer -   {'loss': 1.6738624572753906, 'learning_rate': 1e-06, 'global_step': 3600, 'zo_forward_step': 7202, 'max_steps': 20000, 'max_zo_forward_steps': 0, 'time': 484, 'eps': 0.0001}
03/26/2026 01:54:21 - INFO - src.trainer -   {'loss': 1.7618474960327148, 'learning_rate': 1e-06, 'global_step': 3610, 'zo_forward_step': 7222, 'max_steps': 20000, 'max_zo_forward_steps': 0, 'time': 485, 'eps': 0.0001}
03/26/2026 01:54:22 - INFO - src.trainer -   {'loss': 1.064774513244629, 'learning_rate': 1e-06, 'global_step': 3620, 'zo_forward_step': 7242, 'max_steps': 20000, 'max_zo_forward_steps': 0, 'time': 486, 'eps': 0.0001}
03/26/2026 01:54:23 - INFO - src.trainer -   {'loss': 1.669113278388977, 'learning_rate': 1e-06, 'global_step': 3630, 'zo_forward_step': 7262, 'max_steps': 20000, 'max_zo_forward_steps': 0, 'time': 487, 'eps': 0.0001}
03/26/2026 01:54:24 - INFO - src.trainer -   {'loss': 1.7844916582107544, 'learning_rate': 1e-06, 'global_step': 3640, 'zo_forward_step': 7282, 'max_steps': 20000, 'max_zo_forward_steps': 0, 'time': 488, 'eps': 0.0001}
03/26/2026 01:54:25 - INFO - src.trainer -   {'loss': 1.0249314308166504, 'learning_rate': 1e-06, 'global_step': 3650, 'zo_forward_step': 7302, 'max_steps': 20000, 'max_zo_forward_steps': 0, 'time': 489, 'eps': 0.0001}
03/26/2026 01:54:26 - INFO - src.trainer -   {'loss': 1.6805709600448608, 'learning_rate': 1e-06, 'global_step': 3660, 'zo_forward_step': 7322, 'max_steps': 20000, 'max_zo_forward_steps': 0, 'time': 490, 'eps': 0.0001}
03/26/2026 01:54:27 - INFO - src.trainer -   {'loss': 1.7808454036712646, 'learning_rate': 1e-06, 'global_step': 3670, 'zo_forward_step': 7342, 'max_steps': 20000, 'max_zo_forward_steps': 0, 'time': 491, 'eps': 0.0001}
03/26/2026 01:54:28 - INFO - src.trainer -   {'loss': 1.039577841758728, 'learning_rate': 1e-06, 'global_step': 3680, 'zo_forward_step': 7362, 'max_steps': 20000, 'max_zo_forward_steps': 0, 'time': 493, 'eps': 0.0001}
03/26/2026 01:54:30 - INFO - src.trainer -   {'loss': 1.6770801544189453, 'learning_rate': 1e-06, 'global_step': 3690, 'zo_forward_step': 7382, 'max_steps': 20000, 'max_zo_forward_steps': 0, 'time': 494, 'eps': 0.0001}
03/26/2026 01:54:31 - INFO - src.trainer -   {'loss': 1.768110990524292, 'learning_rate': 1e-06, 'global_step': 3700, 'zo_forward_step': 7402, 'max_steps': 20000, 'max_zo_forward_steps': 0, 'time': 495, 'eps': 0.0001}
03/26/2026 01:54:32 - INFO - src.trainer -   {'loss': 1.042001724243164, 'learning_rate': 1e-06, 'global_step': 3710, 'zo_forward_step': 7422, 'max_steps': 20000, 'max_zo_forward_steps': 0, 'time': 496, 'eps': 0.0001}
03/26/2026 01:54:33 - INFO - src.trainer -   {'loss': 1.6806988716125488, 'learning_rate': 1e-06, 'global_step': 3720, 'zo_forward_step': 7442, 'max_steps': 20000, 'max_zo_forward_steps': 0, 'time': 497, 'eps': 0.0001}
03/26/2026 01:54:34 - INFO - src.trainer -   {'loss': 1.764804720878601, 'learning_rate': 1e-06, 'global_step': 3730, 'zo_forward_step': 7462, 'max_steps': 20000, 'max_zo_forward_steps': 0, 'time': 498, 'eps': 0.0001}
03/26/2026 01:54:35 - INFO - src.trainer -   {'loss': 1.061761498451233, 'learning_rate': 1e-06, 'global_step': 3740, 'zo_forward_step': 7482, 'max_steps': 20000, 'max_zo_forward_steps': 0, 'time': 499, 'eps': 0.0001}
360it [07:55,  1.08s/it]03/26/2026 01:54:36 - INFO - src.trainer -   {'loss': 1.6878886222839355, 'learning_rate': 1e-06, 'global_step': 3750, 'zo_forward_step': 7502, 'max_steps': 20000, 'max_zo_forward_steps': 0, 'time': 500, 'eps': 0.0001}
03/26/2026 01:54:37 - INFO - src.trainer -   {'loss': 1.7435283660888672, 'learning_rate': 1e-06, 'global_step': 3760, 'zo_forward_step': 7522, 'max_steps': 20000, 'max_zo_forward_steps': 0, 'time': 502, 'eps': 0.0001}
03/26/2026 01:54:39 - INFO - src.trainer -   {'loss': 1.0755645036697388, 'learning_rate': 1e-06, 'global_step': 3770, 'zo_forward_step': 7542, 'max_steps': 20000, 'max_zo_forward_steps': 0, 'time': 503, 'eps': 0.0001}
03/26/2026 01:54:40 - INFO - src.trainer -   {'loss': 1.6848859786987305, 'learning_rate': 1e-06, 'global_step': 3780, 'zo_forward_step': 7562, 'max_steps': 20000, 'max_zo_forward_steps': 0, 'time': 504, 'eps': 0.0001}
03/26/2026 01:54:41 - INFO - src.trainer -   {'loss': 1.7504428625106812, 'learning_rate': 1e-06, 'global_step': 3790, 'zo_forward_step': 7582, 'max_steps': 20000, 'max_zo_forward_steps': 0, 'time': 505, 'eps': 0.0001}
361it [08:02,  1.57s/it]372it [08:02,  1.06s/it]03/26/2026 01:54:42 - INFO - src.trainer -   {'eval_loss': 1.6359405517578125, 'eval_acc': 0.2}
03/26/2026 01:54:44 - INFO - src.trainer -   [zo_probe] step=3800 eps=1.000e-04 precision=fp32 n=16 mae=1.676562e-02 rmse=2.382366e-02 sign_acc=1.0000 corr=1.000000
03/26/2026 01:54:44 - INFO - src.trainer -   {'loss': 1.062626600265503, 'learning_rate': 1e-06, 'global_step': 3800, 'zo_forward_step': 7602, 'max_steps': 20000, 'max_zo_forward_steps': 0, 'time': 508, 'eps': 0.0001}
03/26/2026 01:54:45 - INFO - src.trainer -   {'loss': 1.6628259420394897, 'learning_rate': 1e-06, 'global_step': 3810, 'zo_forward_step': 7622, 'max_steps': 20000, 'max_zo_forward_steps': 0, 'time': 510, 'eps': 0.0001}
03/26/2026 01:54:47 - INFO - src.trainer -   {'loss': 1.7574759721755981, 'learning_rate': 1e-06, 'global_step': 3820, 'zo_forward_step': 7642, 'max_steps': 20000, 'max_zo_forward_steps': 0, 'time': 511, 'eps': 0.0001}
03/26/2026 01:54:48 - INFO - src.trainer -   {'loss': 1.0803059339523315, 'learning_rate': 1e-06, 'global_step': 3830, 'zo_forward_step': 7662, 'max_steps': 20000, 'max_zo_forward_steps': 0, 'time': 512, 'eps': 0.0001}
03/26/2026 01:54:49 - INFO - src.trainer -   {'loss': 1.6532819271087646, 'learning_rate': 1e-06, 'global_step': 3840, 'zo_forward_step': 7682, 'max_steps': 20000, 'max_zo_forward_steps': 0, 'time': 513, 'eps': 0.0001}
03/26/2026 01:54:50 - INFO - src.trainer -   {'loss': 1.741872787475586, 'learning_rate': 1e-06, 'global_step': 3850, 'zo_forward_step': 7702, 'max_steps': 20000, 'max_zo_forward_steps': 0, 'time': 514, 'eps': 0.0001}
03/26/2026 01:54:52 - INFO - src.trainer -   {'loss': 1.0823497772216797, 'learning_rate': 1e-06, 'global_step': 3860, 'zo_forward_step': 7722, 'max_steps': 20000, 'max_zo_forward_steps': 0, 'time': 516, 'eps': 0.0001}
03/26/2026 01:54:53 - INFO - src.trainer -   {'loss': 1.6536647081375122, 'learning_rate': 1e-06, 'global_step': 3870, 'zo_forward_step': 7742, 'max_steps': 20000, 'max_zo_forward_steps': 0, 'time': 517, 'eps': 0.0001}
03/26/2026 01:54:54 - INFO - src.trainer -   {'loss': 1.736464500427246, 'learning_rate': 1e-06, 'global_step': 3880, 'zo_forward_step': 7762, 'max_steps': 20000, 'max_zo_forward_steps': 0, 'time': 519, 'eps': 0.0001}
380it [08:15,  1.06s/it]03/26/2026 01:54:56 - INFO - src.trainer -   {'loss': 1.0897972583770752, 'learning_rate': 1e-06, 'global_step': 3890, 'zo_forward_step': 7782, 'max_steps': 20000, 'max_zo_forward_steps': 0, 'time': 520, 'eps': 0.0001}
03/26/2026 01:54:57 - INFO - src.trainer -   {'loss': 1.6662299633026123, 'learning_rate': 1e-06, 'global_step': 3900, 'zo_forward_step': 7802, 'max_steps': 20000, 'max_zo_forward_steps': 0, 'time': 521, 'eps': 0.0001}
03/26/2026 01:54:58 - INFO - src.trainer -   {'loss': 1.7177364826202393, 'learning_rate': 1e-06, 'global_step': 3910, 'zo_forward_step': 7822, 'max_steps': 20000, 'max_zo_forward_steps': 0, 'time': 522, 'eps': 0.0001}
03/26/2026 01:54:59 - INFO - src.trainer -   {'loss': 1.1051278114318848, 'learning_rate': 1e-06, 'global_step': 3920, 'zo_forward_step': 7842, 'max_steps': 20000, 'max_zo_forward_steps': 0, 'time': 523, 'eps': 0.0001}
03/26/2026 01:55:00 - INFO - src.trainer -   {'loss': 1.6627392768859863, 'learning_rate': 1e-06, 'global_step': 3930, 'zo_forward_step': 7862, 'max_steps': 20000, 'max_zo_forward_steps': 0, 'time': 524, 'eps': 0.0001}
03/26/2026 01:55:01 - INFO - src.trainer -   {'loss': 1.7212716341018677, 'learning_rate': 1e-06, 'global_step': 3940, 'zo_forward_step': 7882, 'max_steps': 20000, 'max_zo_forward_steps': 0, 'time': 525, 'eps': 0.0001}
03/26/2026 01:55:02 - INFO - src.trainer -   {'loss': 1.0975106954574585, 'learning_rate': 1e-06, 'global_step': 3950, 'zo_forward_step': 7902, 'max_steps': 20000, 'max_zo_forward_steps': 0, 'time': 527, 'eps': 0.0001}
03/26/2026 01:55:04 - INFO - src.trainer -   {'loss': 1.6820693016052246, 'learning_rate': 1e-06, 'global_step': 3960, 'zo_forward_step': 7922, 'max_steps': 20000, 'max_zo_forward_steps': 0, 'time': 528, 'eps': 0.0001}
03/26/2026 01:55:05 - INFO - src.trainer -   {'loss': 1.6777554750442505, 'learning_rate': 1e-06, 'global_step': 3970, 'zo_forward_step': 7942, 'max_steps': 20000, 'max_zo_forward_steps': 0, 'time': 529, 'eps': 0.0001}
03/26/2026 01:55:06 - INFO - src.trainer -   {'loss': 1.1085785627365112, 'learning_rate': 1e-06, 'global_step': 3980, 'zo_forward_step': 7962, 'max_steps': 20000, 'max_zo_forward_steps': 0, 'time': 530, 'eps': 0.0001}
03/26/2026 01:55:07 - INFO - src.trainer -   {'loss': 1.6827807426452637, 'learning_rate': 1e-06, 'global_step': 3990, 'zo_forward_step': 7982, 'max_steps': 20000, 'max_zo_forward_steps': 0, 'time': 531, 'eps': 0.0001}
381it [08:28,  1.56s/it]392it [08:28,  1.06s/it]03/26/2026 01:55:08 - INFO - src.trainer -   {'eval_loss': 1.622174859046936, 'eval_acc': 0.2125}
03/26/2026 01:55:11 - INFO - src.trainer -   [zo_probe] step=4000 eps=1.000e-04 precision=fp32 n=16 mae=3.572583e-02 rmse=4.488219e-02 sign_acc=1.0000 corr=1.000000
03/26/2026 01:55:11 - INFO - src.trainer -   {'loss': 1.6781747341156006, 'learning_rate': 1e-06, 'global_step': 4000, 'zo_forward_step': 8002, 'max_steps': 20000, 'max_zo_forward_steps': 0, 'time': 535, 'eps': 0.0001}
03/26/2026 01:55:12 - INFO - src.trainer -   {'loss': 1.1114662885665894, 'learning_rate': 1e-06, 'global_step': 4010, 'zo_forward_step': 8022, 'max_steps': 20000, 'max_zo_forward_steps': 0, 'time': 537, 'eps': 0.0001}
03/26/2026 01:55:14 - INFO - src.trainer -   {'loss': 1.6758633852005005, 'learning_rate': 1e-06, 'global_step': 4020, 'zo_forward_step': 8042, 'max_steps': 20000, 'max_zo_forward_steps': 0, 'time': 538, 'eps': 0.0001}
03/26/2026 01:55:15 - INFO - src.trainer -   {'loss': 1.6934704780578613, 'learning_rate': 1e-06, 'global_step': 4030, 'zo_forward_step': 8062, 'max_steps': 20000, 'max_zo_forward_steps': 0, 'time': 539, 'eps': 0.0001}
03/26/2026 01:55:16 - INFO - src.trainer -   {'loss': 1.1043809652328491, 'learning_rate': 1e-06, 'global_step': 4040, 'zo_forward_step': 8082, 'max_steps': 20000, 'max_zo_forward_steps': 0, 'time': 540, 'eps': 0.0001}
03/26/2026 01:55:17 - INFO - src.trainer -   {'loss': 1.684908390045166, 'learning_rate': 1e-06, 'global_step': 4050, 'zo_forward_step': 8102, 'max_steps': 20000, 'max_zo_forward_steps': 0, 'time': 541, 'eps': 0.0001}
03/26/2026 01:55:18 - INFO - src.trainer -   {'loss': 1.6531598567962646, 'learning_rate': 1e-06, 'global_step': 4060, 'zo_forward_step': 8122, 'max_steps': 20000, 'max_zo_forward_steps': 0, 'time': 542, 'eps': 0.0001}
03/26/2026 01:55:19 - INFO - src.trainer -   {'loss': 1.1376843452453613, 'learning_rate': 1e-06, 'global_step': 4070, 'zo_forward_step': 8142, 'max_steps': 20000, 'max_zo_forward_steps': 0, 'time': 544, 'eps': 0.0001}
03/26/2026 01:55:21 - INFO - src.trainer -   {'loss': 1.656604290008545, 'learning_rate': 1e-06, 'global_step': 4080, 'zo_forward_step': 8162, 'max_steps': 20000, 'max_zo_forward_steps': 0, 'time': 545, 'eps': 0.0001}
03/26/2026 01:55:22 - INFO - src.trainer -   {'loss': 1.6633878946304321, 'learning_rate': 1e-06, 'global_step': 4090, 'zo_forward_step': 8182, 'max_steps': 20000, 'max_zo_forward_steps': 0, 'time': 546, 'eps': 0.0001}
03/26/2026 01:55:23 - INFO - src.trainer -   {'loss': 1.146231770515442, 'learning_rate': 1e-06, 'global_step': 4100, 'zo_forward_step': 8202, 'max_steps': 20000, 'max_zo_forward_steps': 0, 'time': 547, 'eps': 0.0001}
03/26/2026 01:55:24 - INFO - src.trainer -   {'loss': 1.6618375778198242, 'learning_rate': 1e-06, 'global_step': 4110, 'zo_forward_step': 8222, 'max_steps': 20000, 'max_zo_forward_steps': 0, 'time': 548, 'eps': 0.0001}
03/26/2026 01:55:25 - INFO - src.trainer -   {'loss': 1.6629761457443237, 'learning_rate': 1e-06, 'global_step': 4120, 'zo_forward_step': 8242, 'max_steps': 20000, 'max_zo_forward_steps': 0, 'time': 549, 'eps': 0.0001}
400it [08:45,  1.06s/it]03/26/2026 01:55:26 - INFO - src.trainer -   {'loss': 1.129197120666504, 'learning_rate': 1e-06, 'global_step': 4130, 'zo_forward_step': 8262, 'max_steps': 20000, 'max_zo_forward_steps': 0, 'time': 551, 'eps': 0.0001}
03/26/2026 01:55:28 - INFO - src.trainer -   {'loss': 1.687235713005066, 'learning_rate': 1e-06, 'global_step': 4140, 'zo_forward_step': 8282, 'max_steps': 20000, 'max_zo_forward_steps': 0, 'time': 552, 'eps': 0.0001}
03/26/2026 01:55:29 - INFO - src.trainer -   {'loss': 1.6433703899383545, 'learning_rate': 1e-06, 'global_step': 4150, 'zo_forward_step': 8302, 'max_steps': 20000, 'max_zo_forward_steps': 0, 'time': 553, 'eps': 0.0001}
03/26/2026 01:55:30 - INFO - src.trainer -   {'loss': 1.1340315341949463, 'learning_rate': 1e-06, 'global_step': 4160, 'zo_forward_step': 8322, 'max_steps': 20000, 'max_zo_forward_steps': 0, 'time': 554, 'eps': 0.0001}
03/26/2026 01:55:31 - INFO - src.trainer -   {'loss': 1.697975754737854, 'learning_rate': 1e-06, 'global_step': 4170, 'zo_forward_step': 8342, 'max_steps': 20000, 'max_zo_forward_steps': 0, 'time': 555, 'eps': 0.0001}
03/26/2026 01:55:32 - INFO - src.trainer -   {'loss': 1.6338908672332764, 'learning_rate': 1e-06, 'global_step': 4180, 'zo_forward_step': 8362, 'max_steps': 20000, 'max_zo_forward_steps': 0, 'time': 556, 'eps': 0.0001}
03/26/2026 01:55:34 - INFO - src.trainer -   {'loss': 1.1261062622070312, 'learning_rate': 1e-06, 'global_step': 4190, 'zo_forward_step': 8382, 'max_steps': 20000, 'max_zo_forward_steps': 0, 'time': 558, 'eps': 0.0001}
401it [08:54,  1.57s/it]412it [08:54,  1.07s/it]03/26/2026 01:55:35 - INFO - src.trainer -   {'eval_loss': 1.6165145635604858, 'eval_acc': 0.2125}
03/26/2026 01:55:38 - INFO - src.trainer -   [zo_probe] step=4200 eps=1.000e-04 precision=fp32 n=16 mae=4.788089e-02 rmse=8.876370e-02 sign_acc=1.0000 corr=0.999999
03/26/2026 01:55:38 - INFO - src.trainer -   {'loss': 1.714838981628418, 'learning_rate': 1e-06, 'global_step': 4200, 'zo_forward_step': 8402, 'max_steps': 20000, 'max_zo_forward_steps': 0, 'time': 562, 'eps': 0.0001}
03/26/2026 01:55:39 - INFO - src.trainer -   {'loss': 1.6248698234558105, 'learning_rate': 1e-06, 'global_step': 4210, 'zo_forward_step': 8422, 'max_steps': 20000, 'max_zo_forward_steps': 0, 'time': 563, 'eps': 0.0001}
03/26/2026 01:55:40 - INFO - src.trainer -   {'loss': 1.1204848289489746, 'learning_rate': 1e-06, 'global_step': 4220, 'zo_forward_step': 8442, 'max_steps': 20000, 'max_zo_forward_steps': 0, 'time': 564, 'eps': 0.0001}
03/26/2026 01:55:41 - INFO - src.trainer -   {'loss': 1.7194013595581055, 'learning_rate': 1e-06, 'global_step': 4230, 'zo_forward_step': 8462, 'max_steps': 20000, 'max_zo_forward_steps': 0, 'time': 565, 'eps': 0.0001}
03/26/2026 01:55:42 - INFO - src.trainer -   {'loss': 1.6135140657424927, 'learning_rate': 1e-06, 'global_step': 4240, 'zo_forward_step': 8482, 'max_steps': 20000, 'max_zo_forward_steps': 0, 'time': 567, 'eps': 0.0001}
03/26/2026 01:55:44 - INFO - src.trainer -   {'loss': 1.1214672327041626, 'learning_rate': 1e-06, 'global_step': 4250, 'zo_forward_step': 8502, 'max_steps': 20000, 'max_zo_forward_steps': 0, 'time': 568, 'eps': 0.0001}
03/26/2026 01:55:45 - INFO - src.trainer -   {'loss': 1.7317262887954712, 'learning_rate': 1e-06, 'global_step': 4260, 'zo_forward_step': 8522, 'max_steps': 20000, 'max_zo_forward_steps': 0, 'time': 569, 'eps': 0.0001}
420it [09:05,  1.07s/it]03/26/2026 01:55:46 - INFO - src.trainer -   {'loss': 1.618377447128296, 'learning_rate': 1e-06, 'global_step': 4270, 'zo_forward_step': 8542, 'max_steps': 20000, 'max_zo_forward_steps': 0, 'time': 570, 'eps': 0.0001}
03/26/2026 01:55:47 - INFO - src.trainer -   {'loss': 1.1185590028762817, 'learning_rate': 1e-06, 'global_step': 4280, 'zo_forward_step': 8562, 'max_steps': 20000, 'max_zo_forward_steps': 0, 'time': 571, 'eps': 0.0001}
03/26/2026 01:55:48 - INFO - src.trainer -   {'loss': 1.7288603782653809, 'learning_rate': 1e-06, 'global_step': 4290, 'zo_forward_step': 8582, 'max_steps': 20000, 'max_zo_forward_steps': 0, 'time': 572, 'eps': 0.0001}
03/26/2026 01:55:49 - INFO - src.trainer -   {'loss': 1.628644585609436, 'learning_rate': 1e-06, 'global_step': 4300, 'zo_forward_step': 8602, 'max_steps': 20000, 'max_zo_forward_steps': 0, 'time': 574, 'eps': 0.0001}
03/26/2026 01:55:51 - INFO - src.trainer -   {'loss': 1.1012227535247803, 'learning_rate': 1e-06, 'global_step': 4310, 'zo_forward_step': 8622, 'max_steps': 20000, 'max_zo_forward_steps': 0, 'time': 575, 'eps': 0.0001}
03/26/2026 01:55:52 - INFO - src.trainer -   {'loss': 1.727051019668579, 'learning_rate': 1e-06, 'global_step': 4320, 'zo_forward_step': 8642, 'max_steps': 20000, 'max_zo_forward_steps': 0, 'time': 576, 'eps': 0.0001}
03/26/2026 01:55:53 - INFO - src.trainer -   {'loss': 1.6109600067138672, 'learning_rate': 1e-06, 'global_step': 4330, 'zo_forward_step': 8662, 'max_steps': 20000, 'max_zo_forward_steps': 0, 'time': 577, 'eps': 0.0001}
03/26/2026 01:55:54 - INFO - src.trainer -   {'loss': 1.1086281538009644, 'learning_rate': 1e-06, 'global_step': 4340, 'zo_forward_step': 8682, 'max_steps': 20000, 'max_zo_forward_steps': 0, 'time': 578, 'eps': 0.0001}
03/26/2026 01:55:55 - INFO - src.trainer -   {'loss': 1.7205324172973633, 'learning_rate': 1e-06, 'global_step': 4350, 'zo_forward_step': 8702, 'max_steps': 20000, 'max_zo_forward_steps': 0, 'time': 579, 'eps': 0.0001}
03/26/2026 01:55:56 - INFO - src.trainer -   {'loss': 1.6290448904037476, 'learning_rate': 1e-06, 'global_step': 4360, 'zo_forward_step': 8722, 'max_steps': 20000, 'max_zo_forward_steps': 0, 'time': 581, 'eps': 0.0001}
03/26/2026 01:55:58 - INFO - src.trainer -   {'loss': 1.079913854598999, 'learning_rate': 1e-06, 'global_step': 4370, 'zo_forward_step': 8742, 'max_steps': 20000, 'max_zo_forward_steps': 0, 'time': 582, 'eps': 0.0001}
03/26/2026 01:55:59 - INFO - src.trainer -   {'loss': 1.7226502895355225, 'learning_rate': 1e-06, 'global_step': 4380, 'zo_forward_step': 8762, 'max_steps': 20000, 'max_zo_forward_steps': 0, 'time': 583, 'eps': 0.0001}
03/26/2026 01:56:00 - INFO - src.trainer -   {'loss': 1.658621907234192, 'learning_rate': 1e-06, 'global_step': 4390, 'zo_forward_step': 8782, 'max_steps': 20000, 'max_zo_forward_steps': 0, 'time': 584, 'eps': 0.0001}
421it [09:21,  1.58s/it]432it [09:21,  1.07s/it]03/26/2026 01:56:01 - INFO - src.trainer -   {'eval_loss': 1.6206676959991455, 'eval_acc': 0.2125}
03/26/2026 01:56:03 - INFO - src.trainer -   [zo_probe] step=4400 eps=1.000e-04 precision=fp32 n=16 mae=9.816632e-03 rmse=1.340373e-02 sign_acc=1.0000 corr=1.000000
03/26/2026 01:56:03 - INFO - src.trainer -   {'loss': 1.0722757577896118, 'learning_rate': 1e-06, 'global_step': 4400, 'zo_forward_step': 8802, 'max_steps': 20000, 'max_zo_forward_steps': 0, 'time': 587, 'eps': 0.0001}
03/26/2026 01:56:04 - INFO - src.trainer -   {'loss': 1.7343368530273438, 'learning_rate': 1e-06, 'global_step': 4410, 'zo_forward_step': 8822, 'max_steps': 20000, 'max_zo_forward_steps': 0, 'time': 589, 'eps': 0.0001}
03/26/2026 01:56:06 - INFO - src.trainer -   {'loss': 1.648476481437683, 'learning_rate': 1e-06, 'global_step': 4420, 'zo_forward_step': 8842, 'max_steps': 20000, 'max_zo_forward_steps': 0, 'time': 590, 'eps': 0.0001}
03/26/2026 01:56:07 - INFO - src.trainer -   {'loss': 1.076192855834961, 'learning_rate': 1e-06, 'global_step': 4430, 'zo_forward_step': 8862, 'max_steps': 20000, 'max_zo_forward_steps': 0, 'time': 591, 'eps': 0.0001}
03/26/2026 01:56:08 - INFO - src.trainer -   {'loss': 1.744295358657837, 'learning_rate': 1e-06, 'global_step': 4440, 'zo_forward_step': 8882, 'max_steps': 20000, 'max_zo_forward_steps': 0, 'time': 592, 'eps': 0.0001}
03/26/2026 01:56:09 - INFO - src.trainer -   {'loss': 1.655807614326477, 'learning_rate': 1e-06, 'global_step': 4450, 'zo_forward_step': 8902, 'max_steps': 20000, 'max_zo_forward_steps': 0, 'time': 593, 'eps': 0.0001}
03/26/2026 01:56:10 - INFO - src.trainer -   {'loss': 1.0572930574417114, 'learning_rate': 1e-06, 'global_step': 4460, 'zo_forward_step': 8922, 'max_steps': 20000, 'max_zo_forward_steps': 0, 'time': 594, 'eps': 0.0001}
03/26/2026 01:56:11 - INFO - src.trainer -   {'loss': 1.736884593963623, 'learning_rate': 1e-06, 'global_step': 4470, 'zo_forward_step': 8942, 'max_steps': 20000, 'max_zo_forward_steps': 0, 'time': 596, 'eps': 0.0001}
03/26/2026 01:56:13 - INFO - src.trainer -   {'loss': 1.6409869194030762, 'learning_rate': 1e-06, 'global_step': 4480, 'zo_forward_step': 8962, 'max_steps': 20000, 'max_zo_forward_steps': 0, 'time': 597, 'eps': 0.0001}
03/26/2026 01:56:14 - INFO - src.trainer -   {'loss': 1.0740553140640259, 'learning_rate': 1e-06, 'global_step': 4490, 'zo_forward_step': 8982, 'max_steps': 20000, 'max_zo_forward_steps': 0, 'time': 598, 'eps': 0.0001}
03/26/2026 01:56:15 - INFO - src.trainer -   {'loss': 1.7498042583465576, 'learning_rate': 1e-06, 'global_step': 4500, 'zo_forward_step': 9002, 'max_steps': 20000, 'max_zo_forward_steps': 0, 'time': 599, 'eps': 0.0001}
440it [09:35,  1.07s/it]03/26/2026 01:56:16 - INFO - src.trainer -   {'loss': 1.6450116634368896, 'learning_rate': 1e-06, 'global_step': 4510, 'zo_forward_step': 9022, 'max_steps': 20000, 'max_zo_forward_steps': 0, 'time': 600, 'eps': 0.0001}
03/26/2026 01:56:17 - INFO - src.trainer -   {'loss': 1.0720463991165161, 'learning_rate': 1e-06, 'global_step': 4520, 'zo_forward_step': 9042, 'max_steps': 20000, 'max_zo_forward_steps': 0, 'time': 601, 'eps': 0.0001}
03/26/2026 01:56:18 - INFO - src.trainer -   {'loss': 1.7480506896972656, 'learning_rate': 1e-06, 'global_step': 4530, 'zo_forward_step': 9062, 'max_steps': 20000, 'max_zo_forward_steps': 0, 'time': 602, 'eps': 0.0001}
03/26/2026 01:56:19 - INFO - src.trainer -   {'loss': 1.644144058227539, 'learning_rate': 1e-06, 'global_step': 4540, 'zo_forward_step': 9082, 'max_steps': 20000, 'max_zo_forward_steps': 0, 'time': 604, 'eps': 0.0001}
03/26/2026 01:56:21 - INFO - src.trainer -   {'loss': 1.0927098989486694, 'learning_rate': 1e-06, 'global_step': 4550, 'zo_forward_step': 9102, 'max_steps': 20000, 'max_zo_forward_steps': 0, 'time': 605, 'eps': 0.0001}
03/26/2026 01:56:22 - INFO - src.trainer -   {'loss': 1.731917381286621, 'learning_rate': 1e-06, 'global_step': 4560, 'zo_forward_step': 9122, 'max_steps': 20000, 'max_zo_forward_steps': 0, 'time': 606, 'eps': 0.0001}
03/26/2026 01:56:23 - INFO - src.trainer -   {'loss': 1.6455334424972534, 'learning_rate': 1e-06, 'global_step': 4570, 'zo_forward_step': 9142, 'max_steps': 20000, 'max_zo_forward_steps': 0, 'time': 607, 'eps': 0.0001}
03/26/2026 01:56:24 - INFO - src.trainer -   {'loss': 1.0937250852584839, 'learning_rate': 1e-06, 'global_step': 4580, 'zo_forward_step': 9162, 'max_steps': 20000, 'max_zo_forward_steps': 0, 'time': 608, 'eps': 0.0001}
03/26/2026 01:56:25 - INFO - src.trainer -   {'loss': 1.7252694368362427, 'learning_rate': 1e-06, 'global_step': 4590, 'zo_forward_step': 9182, 'max_steps': 20000, 'max_zo_forward_steps': 0, 'time': 610, 'eps': 0.0001}
441it [09:46,  1.55s/it]452it [09:46,  1.05s/it]03/26/2026 01:56:27 - INFO - src.trainer -   {'eval_loss': 1.6140501499176025, 'eval_acc': 0.2125}
03/26/2026 01:56:30 - INFO - src.trainer -   [zo_probe] step=4600 eps=1.000e-04 precision=fp32 n=16 mae=8.007795e-02 rmse=1.794772e-01 sign_acc=1.0000 corr=0.999983
03/26/2026 01:56:30 - INFO - src.trainer -   {'loss': 1.6507333517074585, 'learning_rate': 1e-06, 'global_step': 4600, 'zo_forward_step': 9202, 'max_steps': 20000, 'max_zo_forward_steps': 0, 'time': 614, 'eps': 0.0001}
03/26/2026 01:56:31 - INFO - src.trainer -   {'loss': 1.0790750980377197, 'learning_rate': 1e-06, 'global_step': 4610, 'zo_forward_step': 9222, 'max_steps': 20000, 'max_zo_forward_steps': 0, 'time': 615, 'eps': 0.0001}
03/26/2026 01:56:32 - INFO - src.trainer -   {'loss': 1.722538709640503, 'learning_rate': 1e-06, 'global_step': 4620, 'zo_forward_step': 9242, 'max_steps': 20000, 'max_zo_forward_steps': 0, 'time': 616, 'eps': 0.0001}
03/26/2026 01:56:33 - INFO - src.trainer -   {'loss': 1.6333448886871338, 'learning_rate': 1e-06, 'global_step': 4630, 'zo_forward_step': 9262, 'max_steps': 20000, 'max_zo_forward_steps': 0, 'time': 617, 'eps': 0.0001}
03/26/2026 01:56:34 - INFO - src.trainer -   {'loss': 1.0651565790176392, 'learning_rate': 1e-06, 'global_step': 4640, 'zo_forward_step': 9282, 'max_steps': 20000, 'max_zo_forward_steps': 0, 'time': 618, 'eps': 0.0001}
03/26/2026 01:56:35 - INFO - src.trainer -   {'loss': 1.732721209526062, 'learning_rate': 1e-06, 'global_step': 4650, 'zo_forward_step': 9302, 'max_steps': 20000, 'max_zo_forward_steps': 0, 'time': 620, 'eps': 0.0001}
03/26/2026 01:56:37 - INFO - src.trainer -   {'loss': 1.6432510614395142, 'learning_rate': 1e-06, 'global_step': 4660, 'zo_forward_step': 9322, 'max_steps': 20000, 'max_zo_forward_steps': 0, 'time': 621, 'eps': 0.0001}
03/26/2026 01:56:38 - INFO - src.trainer -   {'loss': 1.062735676765442, 'learning_rate': 1e-06, 'global_step': 4670, 'zo_forward_step': 9342, 'max_steps': 20000, 'max_zo_forward_steps': 0, 'time': 622, 'eps': 0.0001}
03/26/2026 01:56:39 - INFO - src.trainer -   {'loss': 1.727160930633545, 'learning_rate': 1e-06, 'global_step': 4680, 'zo_forward_step': 9362, 'max_steps': 20000, 'max_zo_forward_steps': 0, 'time': 623, 'eps': 0.0001}
03/26/2026 01:56:40 - INFO - src.trainer -   {'loss': 1.6391218900680542, 'learning_rate': 1e-06, 'global_step': 4690, 'zo_forward_step': 9382, 'max_steps': 20000, 'max_zo_forward_steps': 0, 'time': 624, 'eps': 0.0001}
03/26/2026 01:56:41 - INFO - src.trainer -   {'loss': 1.0535694360733032, 'learning_rate': 1e-06, 'global_step': 4700, 'zo_forward_step': 9402, 'max_steps': 20000, 'max_zo_forward_steps': 0, 'time': 625, 'eps': 0.0001}
03/26/2026 01:56:42 - INFO - src.trainer -   {'loss': 1.7148609161376953, 'learning_rate': 1e-06, 'global_step': 4710, 'zo_forward_step': 9422, 'max_steps': 20000, 'max_zo_forward_steps': 0, 'time': 626, 'eps': 0.0001}
03/26/2026 01:56:44 - INFO - src.trainer -   {'loss': 1.6594828367233276, 'learning_rate': 1e-06, 'global_step': 4720, 'zo_forward_step': 9442, 'max_steps': 20000, 'max_zo_forward_steps': 0, 'time': 628, 'eps': 0.0001}
03/26/2026 01:56:45 - INFO - src.trainer -   {'loss': 1.0507957935333252, 'learning_rate': 1e-06, 'global_step': 4730, 'zo_forward_step': 9462, 'max_steps': 20000, 'max_zo_forward_steps': 0, 'time': 629, 'eps': 0.0001}
460it [10:05,  1.05s/it]03/26/2026 01:56:46 - INFO - src.trainer -   {'loss': 1.7178962230682373, 'learning_rate': 1e-06, 'global_step': 4740, 'zo_forward_step': 9482, 'max_steps': 20000, 'max_zo_forward_steps': 0, 'time': 630, 'eps': 0.0001}
03/26/2026 01:56:48 - INFO - src.trainer -   {'loss': 1.6472700834274292, 'learning_rate': 1e-06, 'global_step': 4750, 'zo_forward_step': 9502, 'max_steps': 20000, 'max_zo_forward_steps': 0, 'time': 633, 'eps': 0.0001}
03/26/2026 01:56:50 - INFO - src.trainer -   {'loss': 1.049728512763977, 'learning_rate': 1e-06, 'global_step': 4760, 'zo_forward_step': 9522, 'max_steps': 20000, 'max_zo_forward_steps': 0, 'time': 634, 'eps': 0.0001}
03/26/2026 01:56:52 - INFO - src.trainer -   {'loss': 1.7057431936264038, 'learning_rate': 1e-06, 'global_step': 4770, 'zo_forward_step': 9542, 'max_steps': 20000, 'max_zo_forward_steps': 0, 'time': 636, 'eps': 0.0001}
03/26/2026 01:56:53 - INFO - src.trainer -   {'loss': 1.6420754194259644, 'learning_rate': 1e-06, 'global_step': 4780, 'zo_forward_step': 9562, 'max_steps': 20000, 'max_zo_forward_steps': 0, 'time': 637, 'eps': 0.0001}
03/26/2026 01:56:54 - INFO - src.trainer -   {'loss': 1.065719485282898, 'learning_rate': 1e-06, 'global_step': 4790, 'zo_forward_step': 9582, 'max_steps': 20000, 'max_zo_forward_steps': 0, 'time': 639, 'eps': 0.0001}
461it [10:17,  1.69s/it]472it [10:17,  1.14s/it]03/26/2026 01:56:57 - INFO - src.trainer -   {'eval_loss': 1.6112722158432007, 'eval_acc': 0.2125}
03/26/2026 01:57:00 - INFO - src.trainer -   [zo_probe] step=4800 eps=1.000e-04 precision=fp32 n=16 mae=4.577291e-01 rmse=8.060720e-01 sign_acc=1.0000 corr=0.999747
03/26/2026 01:57:00 - INFO - src.trainer -   {'loss': 1.7185944318771362, 'learning_rate': 1e-06, 'global_step': 4800, 'zo_forward_step': 9602, 'max_steps': 20000, 'max_zo_forward_steps': 0, 'time': 644, 'eps': 0.0001}
03/26/2026 01:57:02 - INFO - src.trainer -   {'loss': 1.6254502534866333, 'learning_rate': 1e-06, 'global_step': 4810, 'zo_forward_step': 9622, 'max_steps': 20000, 'max_zo_forward_steps': 0, 'time': 646, 'eps': 0.0001}
03/26/2026 01:57:04 - INFO - src.trainer -   {'loss': 1.0623599290847778, 'learning_rate': 1e-06, 'global_step': 4820, 'zo_forward_step': 9642, 'max_steps': 20000, 'max_zo_forward_steps': 0, 'time': 648, 'eps': 0.0001}
03/26/2026 01:57:05 - INFO - src.trainer -   {'loss': 1.7156174182891846, 'learning_rate': 1e-06, 'global_step': 4830, 'zo_forward_step': 9662, 'max_steps': 20000, 'max_zo_forward_steps': 0, 'time': 649, 'eps': 0.0001}
03/26/2026 01:57:06 - INFO - src.trainer -   {'loss': 1.6308320760726929, 'learning_rate': 1e-06, 'global_step': 4840, 'zo_forward_step': 9682, 'max_steps': 20000, 'max_zo_forward_steps': 0, 'time': 650, 'eps': 0.0001}
03/26/2026 01:57:07 - INFO - src.trainer -   {'loss': 1.0692914724349976, 'learning_rate': 1e-06, 'global_step': 4850, 'zo_forward_step': 9702, 'max_steps': 20000, 'max_zo_forward_steps': 0, 'time': 651, 'eps': 0.0001}
03/26/2026 01:57:08 - INFO - src.trainer -   {'loss': 1.7091940641403198, 'learning_rate': 1e-06, 'global_step': 4860, 'zo_forward_step': 9722, 'max_steps': 20000, 'max_zo_forward_steps': 0, 'time': 653, 'eps': 0.0001}
03/26/2026 01:57:10 - INFO - src.trainer -   {'loss': 1.6159361600875854, 'learning_rate': 1e-06, 'global_step': 4870, 'zo_forward_step': 9742, 'max_steps': 20000, 'max_zo_forward_steps': 0, 'time': 654, 'eps': 0.0001}
03/26/2026 01:57:11 - INFO - src.trainer -   {'loss': 1.0695524215698242, 'learning_rate': 1e-06, 'global_step': 4880, 'zo_forward_step': 9762, 'max_steps': 20000, 'max_zo_forward_steps': 0, 'time': 655, 'eps': 0.0001}
03/26/2026 01:57:12 - INFO - src.trainer -   {'loss': 1.709443211555481, 'learning_rate': 1e-06, 'global_step': 4890, 'zo_forward_step': 9782, 'max_steps': 20000, 'max_zo_forward_steps': 0, 'time': 656, 'eps': 0.0001}
03/26/2026 01:57:13 - INFO - src.trainer -   {'loss': 1.6080694198608398, 'learning_rate': 1e-06, 'global_step': 4900, 'zo_forward_step': 9802, 'max_steps': 20000, 'max_zo_forward_steps': 0, 'time': 657, 'eps': 0.0001}
03/26/2026 01:57:14 - INFO - src.trainer -   {'loss': 1.0662057399749756, 'learning_rate': 1e-06, 'global_step': 4910, 'zo_forward_step': 9822, 'max_steps': 20000, 'max_zo_forward_steps': 0, 'time': 659, 'eps': 0.0001}
480it [10:35,  1.14s/it]03/26/2026 01:57:16 - INFO - src.trainer -   {'loss': 1.7017877101898193, 'learning_rate': 1e-06, 'global_step': 4920, 'zo_forward_step': 9842, 'max_steps': 20000, 'max_zo_forward_steps': 0, 'time': 660, 'eps': 0.0001}
03/26/2026 01:57:18 - INFO - src.trainer -   {'loss': 1.629389762878418, 'learning_rate': 1e-06, 'global_step': 4930, 'zo_forward_step': 9862, 'max_steps': 20000, 'max_zo_forward_steps': 0, 'time': 663, 'eps': 0.0001}
03/26/2026 01:57:20 - INFO - src.trainer -   {'loss': 1.0700117349624634, 'learning_rate': 1e-06, 'global_step': 4940, 'zo_forward_step': 9882, 'max_steps': 20000, 'max_zo_forward_steps': 0, 'time': 664, 'eps': 0.0001}
03/26/2026 01:57:21 - INFO - src.trainer -   {'loss': 1.7006903886795044, 'learning_rate': 1e-06, 'global_step': 4950, 'zo_forward_step': 9902, 'max_steps': 20000, 'max_zo_forward_steps': 0, 'time': 665, 'eps': 0.0001}
03/26/2026 01:57:22 - INFO - src.trainer -   {'loss': 1.6409611701965332, 'learning_rate': 1e-06, 'global_step': 4960, 'zo_forward_step': 9922, 'max_steps': 20000, 'max_zo_forward_steps': 0, 'time': 666, 'eps': 0.0001}
03/26/2026 01:57:23 - INFO - src.trainer -   {'loss': 1.0579055547714233, 'learning_rate': 1e-06, 'global_step': 4970, 'zo_forward_step': 9942, 'max_steps': 20000, 'max_zo_forward_steps': 0, 'time': 667, 'eps': 0.0001}
03/26/2026 01:57:24 - INFO - src.trainer -   {'loss': 1.6951607465744019, 'learning_rate': 1e-06, 'global_step': 4980, 'zo_forward_step': 9962, 'max_steps': 20000, 'max_zo_forward_steps': 0, 'time': 669, 'eps': 0.0001}
03/26/2026 01:57:25 - INFO - src.trainer -   {'loss': 1.6443514823913574, 'learning_rate': 1e-06, 'global_step': 4990, 'zo_forward_step': 9982, 'max_steps': 20000, 'max_zo_forward_steps': 0, 'time': 670, 'eps': 0.0001}
481it [10:46,  1.73s/it]492it [10:46,  1.17s/it]03/26/2026 01:57:27 - INFO - src.trainer -   {'eval_loss': 1.6044658422470093, 'eval_acc': 0.2125}
03/26/2026 01:57:29 - INFO - src.trainer -   [zo_probe] step=5000 eps=1.000e-04 precision=fp32 n=16 mae=9.262085e-03 rmse=1.116808e-02 sign_acc=1.0000 corr=1.000000
03/26/2026 01:57:29 - INFO - src.trainer -   {'loss': 1.0664900541305542, 'learning_rate': 1e-06, 'global_step': 5000, 'zo_forward_step': 10002, 'max_steps': 20000, 'max_zo_forward_steps': 0, 'time': 673, 'eps': 0.0001}
03/26/2026 01:57:30 - INFO - src.trainer -   {'loss': 1.6836495399475098, 'learning_rate': 1e-06, 'global_step': 5010, 'zo_forward_step': 10022, 'max_steps': 20000, 'max_zo_forward_steps': 0, 'time': 674, 'eps': 0.0001}
03/26/2026 01:57:31 - INFO - src.trainer -   {'loss': 1.6365360021591187, 'learning_rate': 1e-06, 'global_step': 5020, 'zo_forward_step': 10042, 'max_steps': 20000, 'max_zo_forward_steps': 0, 'time': 675, 'eps': 0.0001}
03/26/2026 01:57:32 - INFO - src.trainer -   {'loss': 1.0651788711547852, 'learning_rate': 1e-06, 'global_step': 5030, 'zo_forward_step': 10062, 'max_steps': 20000, 'max_zo_forward_steps': 0, 'time': 676, 'eps': 0.0001}
03/26/2026 01:57:33 - INFO - src.trainer -   {'loss': 1.6836894750595093, 'learning_rate': 1e-06, 'global_step': 5040, 'zo_forward_step': 10082, 'max_steps': 20000, 'max_zo_forward_steps': 0, 'time': 677, 'eps': 0.0001}
03/26/2026 01:57:34 - INFO - src.trainer -   {'loss': 1.6419821977615356, 'learning_rate': 1e-06, 'global_step': 5050, 'zo_forward_step': 10102, 'max_steps': 20000, 'max_zo_forward_steps': 0, 'time': 679, 'eps': 0.0001}
03/26/2026 01:57:36 - INFO - src.trainer -   {'loss': 1.0722906589508057, 'learning_rate': 1e-06, 'global_step': 5060, 'zo_forward_step': 10122, 'max_steps': 20000, 'max_zo_forward_steps': 0, 'time': 680, 'eps': 0.0001}
03/26/2026 01:57:37 - INFO - src.trainer -   {'loss': 1.686515212059021, 'learning_rate': 1e-06, 'global_step': 5070, 'zo_forward_step': 10142, 'max_steps': 20000, 'max_zo_forward_steps': 0, 'time': 681, 'eps': 0.0001}
03/26/2026 01:57:38 - INFO - src.trainer -   {'loss': 1.6433053016662598, 'learning_rate': 1e-06, 'global_step': 5080, 'zo_forward_step': 10162, 'max_steps': 20000, 'max_zo_forward_steps': 0, 'time': 682, 'eps': 0.0001}
03/26/2026 01:57:39 - INFO - src.trainer -   {'loss': 1.0689688920974731, 'learning_rate': 1e-06, 'global_step': 5090, 'zo_forward_step': 10182, 'max_steps': 20000, 'max_zo_forward_steps': 0, 'time': 683, 'eps': 0.0001}
03/26/2026 01:57:40 - INFO - src.trainer -   {'loss': 1.692203164100647, 'learning_rate': 1e-06, 'global_step': 5100, 'zo_forward_step': 10202, 'max_steps': 20000, 'max_zo_forward_steps': 0, 'time': 684, 'eps': 0.0001}
03/26/2026 01:57:41 - INFO - src.trainer -   {'loss': 1.623974323272705, 'learning_rate': 1e-06, 'global_step': 5110, 'zo_forward_step': 10222, 'max_steps': 20000, 'max_zo_forward_steps': 0, 'time': 685, 'eps': 0.0001}
03/26/2026 01:57:42 - INFO - src.trainer -   {'loss': 1.057794213294983, 'learning_rate': 1e-06, 'global_step': 5120, 'zo_forward_step': 10242, 'max_steps': 20000, 'max_zo_forward_steps': 0, 'time': 687, 'eps': 0.0001}
500it [11:05,  1.17s/it]03/26/2026 01:57:46 - INFO - src.trainer -   {'loss': 1.6936566829681396, 'learning_rate': 1e-06, 'global_step': 5130, 'zo_forward_step': 10262, 'max_steps': 20000, 'max_zo_forward_steps': 0, 'time': 690, 'eps': 0.0001}
03/26/2026 01:57:47 - INFO - src.trainer -   {'loss': 1.6219271421432495, 'learning_rate': 1e-06, 'global_step': 5140, 'zo_forward_step': 10282, 'max_steps': 20000, 'max_zo_forward_steps': 0, 'time': 691, 'eps': 0.0001}
03/26/2026 01:57:48 - INFO - src.trainer -   {'loss': 1.0720055103302002, 'learning_rate': 1e-06, 'global_step': 5150, 'zo_forward_step': 10302, 'max_steps': 20000, 'max_zo_forward_steps': 0, 'time': 692, 'eps': 0.0001}
03/26/2026 01:57:49 - INFO - src.trainer -   {'loss': 1.6887224912643433, 'learning_rate': 1e-06, 'global_step': 5160, 'zo_forward_step': 10322, 'max_steps': 20000, 'max_zo_forward_steps': 0, 'time': 693, 'eps': 0.0001}
03/26/2026 01:57:50 - INFO - src.trainer -   {'loss': 1.6233651638031006, 'learning_rate': 1e-06, 'global_step': 5170, 'zo_forward_step': 10342, 'max_steps': 20000, 'max_zo_forward_steps': 0, 'time': 694, 'eps': 0.0001}
03/26/2026 01:57:51 - INFO - src.trainer -   {'loss': 1.0606253147125244, 'learning_rate': 1e-06, 'global_step': 5180, 'zo_forward_step': 10362, 'max_steps': 20000, 'max_zo_forward_steps': 0, 'time': 695, 'eps': 0.0001}
03/26/2026 01:57:52 - INFO - src.trainer -   {'loss': 1.6932687759399414, 'learning_rate': 1e-06, 'global_step': 5190, 'zo_forward_step': 10382, 'max_steps': 20000, 'max_zo_forward_steps': 0, 'time': 696, 'eps': 0.0001}
501it [11:13,  1.67s/it]512it [11:13,  1.13s/it]03/26/2026 01:57:54 - INFO - src.trainer -   {'eval_loss': 1.6050783395767212, 'eval_acc': 0.2125}
03/26/2026 01:57:57 - INFO - src.trainer -   [zo_probe] step=5200 eps=1.000e-04 precision=fp32 n=16 mae=5.444258e-02 rmse=7.575905e-02 sign_acc=1.0000 corr=0.999998
03/26/2026 01:57:57 - INFO - src.trainer -   {'loss': 1.6237361431121826, 'learning_rate': 1e-06, 'global_step': 5200, 'zo_forward_step': 10402, 'max_steps': 20000, 'max_zo_forward_steps': 0, 'time': 701, 'eps': 0.0001}
03/26/2026 01:57:58 - INFO - src.trainer -   {'loss': 1.0534844398498535, 'learning_rate': 1e-06, 'global_step': 5210, 'zo_forward_step': 10422, 'max_steps': 20000, 'max_zo_forward_steps': 0, 'time': 702, 'eps': 0.0001}
03/26/2026 01:57:59 - INFO - src.trainer -   {'loss': 1.687078595161438, 'learning_rate': 1e-06, 'global_step': 5220, 'zo_forward_step': 10442, 'max_steps': 20000, 'max_zo_forward_steps': 0, 'time': 703, 'eps': 0.0001}
03/26/2026 01:58:00 - INFO - src.trainer -   {'loss': 1.6343367099761963, 'learning_rate': 1e-06, 'global_step': 5230, 'zo_forward_step': 10462, 'max_steps': 20000, 'max_zo_forward_steps': 0, 'time': 704, 'eps': 0.0001}
03/26/2026 01:58:01 - INFO - src.trainer -   {'loss': 1.037233591079712, 'learning_rate': 1e-06, 'global_step': 5240, 'zo_forward_step': 10482, 'max_steps': 20000, 'max_zo_forward_steps': 0, 'time': 705, 'eps': 0.0001}
03/26/2026 01:58:02 - INFO - src.trainer -   {'loss': 1.692731261253357, 'learning_rate': 1e-06, 'global_step': 5250, 'zo_forward_step': 10502, 'max_steps': 20000, 'max_zo_forward_steps': 0, 'time': 706, 'eps': 0.0001}
03/26/2026 01:58:03 - INFO - src.trainer -   {'loss': 1.6302056312561035, 'learning_rate': 1e-06, 'global_step': 5260, 'zo_forward_step': 10522, 'max_steps': 20000, 'max_zo_forward_steps': 0, 'time': 708, 'eps': 0.0001}
03/26/2026 01:58:05 - INFO - src.trainer -   {'loss': 1.0468356609344482, 'learning_rate': 1e-06, 'global_step': 5270, 'zo_forward_step': 10542, 'max_steps': 20000, 'max_zo_forward_steps': 0, 'time': 709, 'eps': 0.0001}
520it [11:25,  1.13s/it]03/26/2026 01:58:06 - INFO - src.trainer -   {'loss': 1.7021270990371704, 'learning_rate': 1e-06, 'global_step': 5280, 'zo_forward_step': 10562, 'max_steps': 20000, 'max_zo_forward_steps': 0, 'time': 710, 'eps': 0.0001}
03/26/2026 01:58:07 - INFO - src.trainer -   {'loss': 1.6391040086746216, 'learning_rate': 1e-06, 'global_step': 5290, 'zo_forward_step': 10582, 'max_steps': 20000, 'max_zo_forward_steps': 0, 'time': 711, 'eps': 0.0001}
03/26/2026 01:58:08 - INFO - src.trainer -   {'loss': 1.0440508127212524, 'learning_rate': 1e-06, 'global_step': 5300, 'zo_forward_step': 10602, 'max_steps': 20000, 'max_zo_forward_steps': 0, 'time': 712, 'eps': 0.0001}
03/26/2026 01:58:09 - INFO - src.trainer -   {'loss': 1.7037099599838257, 'learning_rate': 1e-06, 'global_step': 5310, 'zo_forward_step': 10622, 'max_steps': 20000, 'max_zo_forward_steps': 0, 'time': 713, 'eps': 0.0001}
03/26/2026 01:58:10 - INFO - src.trainer -   {'loss': 1.629805564880371, 'learning_rate': 1e-06, 'global_step': 5320, 'zo_forward_step': 10642, 'max_steps': 20000, 'max_zo_forward_steps': 0, 'time': 714, 'eps': 0.0001}
03/26/2026 01:58:11 - INFO - src.trainer -   {'loss': 1.0269885063171387, 'learning_rate': 1e-06, 'global_step': 5330, 'zo_forward_step': 10662, 'max_steps': 20000, 'max_zo_forward_steps': 0, 'time': 716, 'eps': 0.0001}
03/26/2026 01:58:13 - INFO - src.trainer -   {'loss': 1.6979120969772339, 'learning_rate': 1e-06, 'global_step': 5340, 'zo_forward_step': 10682, 'max_steps': 20000, 'max_zo_forward_steps': 0, 'time': 717, 'eps': 0.0001}
03/26/2026 01:58:14 - INFO - src.trainer -   {'loss': 1.6370041370391846, 'learning_rate': 1e-06, 'global_step': 5350, 'zo_forward_step': 10702, 'max_steps': 20000, 'max_zo_forward_steps': 0, 'time': 718, 'eps': 0.0001}
03/26/2026 01:58:15 - INFO - src.trainer -   {'loss': 1.0096594095230103, 'learning_rate': 1e-06, 'global_step': 5360, 'zo_forward_step': 10722, 'max_steps': 20000, 'max_zo_forward_steps': 0, 'time': 719, 'eps': 0.0001}
03/26/2026 01:58:16 - INFO - src.trainer -   {'loss': 1.6969808340072632, 'learning_rate': 1e-06, 'global_step': 5370, 'zo_forward_step': 10742, 'max_steps': 20000, 'max_zo_forward_steps': 0, 'time': 720, 'eps': 0.0001}
03/26/2026 01:58:17 - INFO - src.trainer -   {'loss': 1.6471409797668457, 'learning_rate': 1e-06, 'global_step': 5380, 'zo_forward_step': 10762, 'max_steps': 20000, 'max_zo_forward_steps': 0, 'time': 721, 'eps': 0.0001}
03/26/2026 01:58:18 - INFO - src.trainer -   {'loss': 1.0077979564666748, 'learning_rate': 1e-06, 'global_step': 5390, 'zo_forward_step': 10782, 'max_steps': 20000, 'max_zo_forward_steps': 0, 'time': 723, 'eps': 0.0001}
521it [11:39,  1.62s/it]532it [11:39,  1.10s/it]03/26/2026 01:58:20 - INFO - src.trainer -   {'eval_loss': 1.6069729328155518, 'eval_acc': 0.2125}
03/26/2026 01:58:23 - INFO - src.trainer -   [zo_probe] step=5400 eps=1.000e-04 precision=fp32 n=16 mae=1.630729e-02 rmse=1.973504e-02 sign_acc=1.0000 corr=1.000000
03/26/2026 01:58:23 - INFO - src.trainer -   {'loss': 1.7026052474975586, 'learning_rate': 1e-06, 'global_step': 5400, 'zo_forward_step': 10802, 'max_steps': 20000, 'max_zo_forward_steps': 0, 'time': 727, 'eps': 0.0001}
03/26/2026 01:58:24 - INFO - src.trainer -   {'loss': 1.6486661434173584, 'learning_rate': 1e-06, 'global_step': 5410, 'zo_forward_step': 10822, 'max_steps': 20000, 'max_zo_forward_steps': 0, 'time': 728, 'eps': 0.0001}
03/26/2026 01:58:25 - INFO - src.trainer -   {'loss': 0.996140718460083, 'learning_rate': 1e-06, 'global_step': 5420, 'zo_forward_step': 10842, 'max_steps': 20000, 'max_zo_forward_steps': 0, 'time': 729, 'eps': 0.0001}
03/26/2026 01:58:26 - INFO - src.trainer -   {'loss': 1.6892931461334229, 'learning_rate': 1e-06, 'global_step': 5430, 'zo_forward_step': 10862, 'max_steps': 20000, 'max_zo_forward_steps': 0, 'time': 730, 'eps': 0.0001}
03/26/2026 01:58:28 - INFO - src.trainer -   {'loss': 1.6614084243774414, 'learning_rate': 1e-06, 'global_step': 5440, 'zo_forward_step': 10882, 'max_steps': 20000, 'max_zo_forward_steps': 0, 'time': 732, 'eps': 0.0001}
03/26/2026 01:58:29 - INFO - src.trainer -   {'loss': 0.9978474378585815, 'learning_rate': 1e-06, 'global_step': 5450, 'zo_forward_step': 10902, 'max_steps': 20000, 'max_zo_forward_steps': 0, 'time': 733, 'eps': 0.0001}
03/26/2026 01:58:30 - INFO - src.trainer -   {'loss': 1.6888538599014282, 'learning_rate': 1e-06, 'global_step': 5460, 'zo_forward_step': 10922, 'max_steps': 20000, 'max_zo_forward_steps': 0, 'time': 734, 'eps': 0.0001}
03/26/2026 01:58:31 - INFO - src.trainer -   {'loss': 1.6564160585403442, 'learning_rate': 1e-06, 'global_step': 5470, 'zo_forward_step': 10942, 'max_steps': 20000, 'max_zo_forward_steps': 0, 'time': 735, 'eps': 0.0001}
03/26/2026 01:58:32 - INFO - src.trainer -   {'loss': 1.0049465894699097, 'learning_rate': 1e-06, 'global_step': 5480, 'zo_forward_step': 10962, 'max_steps': 20000, 'max_zo_forward_steps': 0, 'time': 736, 'eps': 0.0001}
03/26/2026 01:58:33 - INFO - src.trainer -   {'loss': 1.6893151998519897, 'learning_rate': 1e-06, 'global_step': 5490, 'zo_forward_step': 10982, 'max_steps': 20000, 'max_zo_forward_steps': 0, 'time': 738, 'eps': 0.0001}
03/26/2026 01:58:35 - INFO - src.trainer -   {'loss': 1.6525102853775024, 'learning_rate': 1e-06, 'global_step': 5500, 'zo_forward_step': 11002, 'max_steps': 20000, 'max_zo_forward_steps': 0, 'time': 739, 'eps': 0.0001}
540it [11:55,  1.10s/it]03/26/2026 01:58:36 - INFO - src.trainer -   {'loss': 1.0051345825195312, 'learning_rate': 1e-06, 'global_step': 5510, 'zo_forward_step': 11022, 'max_steps': 20000, 'max_zo_forward_steps': 0, 'time': 740, 'eps': 0.0001}
03/26/2026 01:58:37 - INFO - src.trainer -   {'loss': 1.6816679239273071, 'learning_rate': 1e-06, 'global_step': 5520, 'zo_forward_step': 11042, 'max_steps': 20000, 'max_zo_forward_steps': 0, 'time': 741, 'eps': 0.0001}
03/26/2026 01:58:38 - INFO - src.trainer -   {'loss': 1.6495130062103271, 'learning_rate': 1e-06, 'global_step': 5530, 'zo_forward_step': 11062, 'max_steps': 20000, 'max_zo_forward_steps': 0, 'time': 742, 'eps': 0.0001}
03/26/2026 01:58:39 - INFO - src.trainer -   {'loss': 0.9997720122337341, 'learning_rate': 1e-06, 'global_step': 5540, 'zo_forward_step': 11082, 'max_steps': 20000, 'max_zo_forward_steps': 0, 'time': 744, 'eps': 0.0001}
03/26/2026 01:58:43 - INFO - src.trainer -   {'loss': 1.6907942295074463, 'learning_rate': 1e-06, 'global_step': 5550, 'zo_forward_step': 11102, 'max_steps': 20000, 'max_zo_forward_steps': 0, 'time': 747, 'eps': 0.0001}
03/26/2026 01:58:44 - INFO - src.trainer -   {'loss': 1.6538338661193848, 'learning_rate': 1e-06, 'global_step': 5560, 'zo_forward_step': 11122, 'max_steps': 20000, 'max_zo_forward_steps': 0, 'time': 749, 'eps': 0.0001}
03/26/2026 01:58:46 - INFO - src.trainer -   {'loss': 1.0009642839431763, 'learning_rate': 1e-06, 'global_step': 5570, 'zo_forward_step': 11142, 'max_steps': 20000, 'max_zo_forward_steps': 0, 'time': 750, 'eps': 0.0001}
03/26/2026 01:58:47 - INFO - src.trainer -   {'loss': 1.6824190616607666, 'learning_rate': 1e-06, 'global_step': 5580, 'zo_forward_step': 11162, 'max_steps': 20000, 'max_zo_forward_steps': 0, 'time': 751, 'eps': 0.0001}
03/26/2026 01:58:48 - INFO - src.trainer -   {'loss': 1.651403546333313, 'learning_rate': 1e-06, 'global_step': 5590, 'zo_forward_step': 11182, 'max_steps': 20000, 'max_zo_forward_steps': 0, 'time': 752, 'eps': 0.0001}
541it [12:08,  1.68s/it]552it [12:09,  1.14s/it]03/26/2026 01:58:49 - INFO - src.trainer -   {'eval_loss': 1.5998166799545288, 'eval_acc': 0.2125}
03/26/2026 01:58:51 - INFO - src.trainer -   [zo_probe] step=5600 eps=1.000e-04 precision=fp32 n=16 mae=1.009250e-02 rmse=1.350208e-02 sign_acc=1.0000 corr=1.000000
03/26/2026 01:58:51 - INFO - src.trainer -   {'loss': 1.0031788349151611, 'learning_rate': 1e-06, 'global_step': 5600, 'zo_forward_step': 11202, 'max_steps': 20000, 'max_zo_forward_steps': 0, 'time': 755, 'eps': 0.0001}
03/26/2026 01:58:54 - INFO - src.trainer -   {'loss': 1.6910241842269897, 'learning_rate': 1e-06, 'global_step': 5610, 'zo_forward_step': 11222, 'max_steps': 20000, 'max_zo_forward_steps': 0, 'time': 758, 'eps': 0.0001}
03/26/2026 01:58:55 - INFO - src.trainer -   {'loss': 1.6365892887115479, 'learning_rate': 1e-06, 'global_step': 5620, 'zo_forward_step': 11242, 'max_steps': 20000, 'max_zo_forward_steps': 0, 'time': 759, 'eps': 0.0001}
03/26/2026 01:58:56 - INFO - src.trainer -   {'loss': 1.0010172128677368, 'learning_rate': 1e-06, 'global_step': 5630, 'zo_forward_step': 11262, 'max_steps': 20000, 'max_zo_forward_steps': 0, 'time': 760, 'eps': 0.0001}
03/26/2026 01:58:57 - INFO - src.trainer -   {'loss': 1.6867351531982422, 'learning_rate': 1e-06, 'global_step': 5640, 'zo_forward_step': 11282, 'max_steps': 20000, 'max_zo_forward_steps': 0, 'time': 761, 'eps': 0.0001}
03/26/2026 01:58:58 - INFO - src.trainer -   {'loss': 1.6347306966781616, 'learning_rate': 1e-06, 'global_step': 5650, 'zo_forward_step': 11302, 'max_steps': 20000, 'max_zo_forward_steps': 0, 'time': 762, 'eps': 0.0001}
03/26/2026 01:58:59 - INFO - src.trainer -   {'loss': 0.9962530136108398, 'learning_rate': 1e-06, 'global_step': 5660, 'zo_forward_step': 11322, 'max_steps': 20000, 'max_zo_forward_steps': 0, 'time': 763, 'eps': 0.0001}
03/26/2026 01:59:00 - INFO - src.trainer -   {'loss': 1.6928218603134155, 'learning_rate': 1e-06, 'global_step': 5670, 'zo_forward_step': 11342, 'max_steps': 20000, 'max_zo_forward_steps': 0, 'time': 765, 'eps': 0.0001}
03/26/2026 01:59:02 - INFO - src.trainer -   {'loss': 1.6373487710952759, 'learning_rate': 1e-06, 'global_step': 5680, 'zo_forward_step': 11362, 'max_steps': 20000, 'max_zo_forward_steps': 0, 'time': 766, 'eps': 0.0001}
03/26/2026 01:59:03 - INFO - src.trainer -   {'loss': 0.9998899102210999, 'learning_rate': 1e-06, 'global_step': 5690, 'zo_forward_step': 11382, 'max_steps': 20000, 'max_zo_forward_steps': 0, 'time': 767, 'eps': 0.0001}
03/26/2026 01:59:04 - INFO - src.trainer -   {'loss': 1.7000473737716675, 'learning_rate': 1e-06, 'global_step': 5700, 'zo_forward_step': 11402, 'max_steps': 20000, 'max_zo_forward_steps': 0, 'time': 768, 'eps': 0.0001}
03/26/2026 01:59:05 - INFO - src.trainer -   {'loss': 1.6267348527908325, 'learning_rate': 1e-06, 'global_step': 5710, 'zo_forward_step': 11422, 'max_steps': 20000, 'max_zo_forward_steps': 0, 'time': 769, 'eps': 0.0001}
560it [12:25,  1.14s/it]03/26/2026 01:59:06 - INFO - src.trainer -   {'loss': 0.9920555949211121, 'learning_rate': 1e-06, 'global_step': 5720, 'zo_forward_step': 11442, 'max_steps': 20000, 'max_zo_forward_steps': 0, 'time': 770, 'eps': 0.0001}
03/26/2026 01:59:07 - INFO - src.trainer -   {'loss': 1.6888320446014404, 'learning_rate': 1e-06, 'global_step': 5730, 'zo_forward_step': 11462, 'max_steps': 20000, 'max_zo_forward_steps': 0, 'time': 771, 'eps': 0.0001}
03/26/2026 01:59:08 - INFO - src.trainer -   {'loss': 1.655545711517334, 'learning_rate': 1e-06, 'global_step': 5740, 'zo_forward_step': 11482, 'max_steps': 20000, 'max_zo_forward_steps': 0, 'time': 772, 'eps': 0.0001}
03/26/2026 01:59:09 - INFO - src.trainer -   {'loss': 0.9788354635238647, 'learning_rate': 1e-06, 'global_step': 5750, 'zo_forward_step': 11502, 'max_steps': 20000, 'max_zo_forward_steps': 0, 'time': 774, 'eps': 0.0001}
03/26/2026 01:59:10 - INFO - src.trainer -   {'loss': 1.7108631134033203, 'learning_rate': 1e-06, 'global_step': 5760, 'zo_forward_step': 11522, 'max_steps': 20000, 'max_zo_forward_steps': 0, 'time': 775, 'eps': 0.0001}
03/26/2026 01:59:12 - INFO - src.trainer -   {'loss': 1.6388243436813354, 'learning_rate': 1e-06, 'global_step': 5770, 'zo_forward_step': 11542, 'max_steps': 20000, 'max_zo_forward_steps': 0, 'time': 776, 'eps': 0.0001}
03/26/2026 01:59:13 - INFO - src.trainer -   {'loss': 0.9709290266036987, 'learning_rate': 1e-06, 'global_step': 5780, 'zo_forward_step': 11562, 'max_steps': 20000, 'max_zo_forward_steps': 0, 'time': 777, 'eps': 0.0001}
03/26/2026 01:59:14 - INFO - src.trainer -   {'loss': 1.7022420167922974, 'learning_rate': 1e-06, 'global_step': 5790, 'zo_forward_step': 11582, 'max_steps': 20000, 'max_zo_forward_steps': 0, 'time': 778, 'eps': 0.0001}
561it [12:34,  1.62s/it]572it [12:35,  1.10s/it]03/26/2026 01:59:15 - INFO - src.trainer -   {'eval_loss': 1.6021438837051392, 'eval_acc': 0.2125}
03/26/2026 01:59:18 - INFO - src.trainer -   [zo_probe] step=5800 eps=1.000e-04 precision=fp32 n=16 mae=1.397819e-01 rmse=2.074789e-01 sign_acc=1.0000 corr=0.999992
03/26/2026 01:59:18 - INFO - src.trainer -   {'loss': 1.6344680786132812, 'learning_rate': 1e-06, 'global_step': 5800, 'zo_forward_step': 11602, 'max_steps': 20000, 'max_zo_forward_steps': 0, 'time': 782, 'eps': 0.0001}
03/26/2026 01:59:19 - INFO - src.trainer -   {'loss': 0.9900224804878235, 'learning_rate': 1e-06, 'global_step': 5810, 'zo_forward_step': 11622, 'max_steps': 20000, 'max_zo_forward_steps': 0, 'time': 783, 'eps': 0.0001}
03/26/2026 01:59:20 - INFO - src.trainer -   {'loss': 1.7000458240509033, 'learning_rate': 1e-06, 'global_step': 5820, 'zo_forward_step': 11642, 'max_steps': 20000, 'max_zo_forward_steps': 0, 'time': 785, 'eps': 0.0001}
03/26/2026 01:59:22 - INFO - src.trainer -   {'loss': 1.637459635734558, 'learning_rate': 1e-06, 'global_step': 5830, 'zo_forward_step': 11662, 'max_steps': 20000, 'max_zo_forward_steps': 0, 'time': 786, 'eps': 0.0001}
03/26/2026 01:59:23 - INFO - src.trainer -   {'loss': 0.9907783269882202, 'learning_rate': 1e-06, 'global_step': 5840, 'zo_forward_step': 11682, 'max_steps': 20000, 'max_zo_forward_steps': 0, 'time': 787, 'eps': 0.0001}
03/26/2026 01:59:24 - INFO - src.trainer -   {'loss': 1.7011137008666992, 'learning_rate': 1e-06, 'global_step': 5850, 'zo_forward_step': 11702, 'max_steps': 20000, 'max_zo_forward_steps': 0, 'time': 788, 'eps': 0.0001}
03/26/2026 01:59:25 - INFO - src.trainer -   {'loss': 1.6050469875335693, 'learning_rate': 1e-06, 'global_step': 5860, 'zo_forward_step': 11722, 'max_steps': 20000, 'max_zo_forward_steps': 0, 'time': 789, 'eps': 0.0001}
580it [12:45,  1.10s/it]03/26/2026 01:59:26 - INFO - src.trainer -   {'loss': 1.0073699951171875, 'learning_rate': 1e-06, 'global_step': 5870, 'zo_forward_step': 11742, 'max_steps': 20000, 'max_zo_forward_steps': 0, 'time': 790, 'eps': 0.0001}
03/26/2026 01:59:27 - INFO - src.trainer -   {'loss': 1.6841282844543457, 'learning_rate': 1e-06, 'global_step': 5880, 'zo_forward_step': 11762, 'max_steps': 20000, 'max_zo_forward_steps': 0, 'time': 791, 'eps': 0.0001}
03/26/2026 01:59:28 - INFO - src.trainer -   {'loss': 1.6053892374038696, 'learning_rate': 1e-06, 'global_step': 5890, 'zo_forward_step': 11782, 'max_steps': 20000, 'max_zo_forward_steps': 0, 'time': 793, 'eps': 0.0001}
03/26/2026 01:59:30 - INFO - src.trainer -   {'loss': 0.9918155670166016, 'learning_rate': 1e-06, 'global_step': 5900, 'zo_forward_step': 11802, 'max_steps': 20000, 'max_zo_forward_steps': 0, 'time': 794, 'eps': 0.0001}
03/26/2026 01:59:31 - INFO - src.trainer -   {'loss': 1.687734842300415, 'learning_rate': 1e-06, 'global_step': 5910, 'zo_forward_step': 11822, 'max_steps': 20000, 'max_zo_forward_steps': 0, 'time': 795, 'eps': 0.0001}
03/26/2026 01:59:32 - INFO - src.trainer -   {'loss': 1.604835867881775, 'learning_rate': 1e-06, 'global_step': 5920, 'zo_forward_step': 11842, 'max_steps': 20000, 'max_zo_forward_steps': 0, 'time': 796, 'eps': 0.0001}
03/26/2026 01:59:33 - INFO - src.trainer -   {'loss': 0.9948761463165283, 'learning_rate': 1e-06, 'global_step': 5930, 'zo_forward_step': 11862, 'max_steps': 20000, 'max_zo_forward_steps': 0, 'time': 797, 'eps': 0.0001}
03/26/2026 01:59:34 - INFO - src.trainer -   {'loss': 1.6956344842910767, 'learning_rate': 1e-06, 'global_step': 5940, 'zo_forward_step': 11882, 'max_steps': 20000, 'max_zo_forward_steps': 0, 'time': 798, 'eps': 0.0001}
03/26/2026 01:59:36 - INFO - src.trainer -   {'loss': 1.6087315082550049, 'learning_rate': 1e-06, 'global_step': 5950, 'zo_forward_step': 11902, 'max_steps': 20000, 'max_zo_forward_steps': 0, 'time': 800, 'eps': 0.0001}
03/26/2026 01:59:37 - INFO - src.trainer -   {'loss': 0.9969578981399536, 'learning_rate': 1e-06, 'global_step': 5960, 'zo_forward_step': 11922, 'max_steps': 20000, 'max_zo_forward_steps': 0, 'time': 801, 'eps': 0.0001}
03/26/2026 01:59:38 - INFO - src.trainer -   {'loss': 1.6884849071502686, 'learning_rate': 1e-06, 'global_step': 5970, 'zo_forward_step': 11942, 'max_steps': 20000, 'max_zo_forward_steps': 0, 'time': 802, 'eps': 0.0001}
03/26/2026 01:59:39 - INFO - src.trainer -   {'loss': 1.6104156970977783, 'learning_rate': 1e-06, 'global_step': 5980, 'zo_forward_step': 11962, 'max_steps': 20000, 'max_zo_forward_steps': 0, 'time': 803, 'eps': 0.0001}
03/26/2026 01:59:40 - INFO - src.trainer -   {'loss': 0.9989603161811829, 'learning_rate': 1e-06, 'global_step': 5990, 'zo_forward_step': 11982, 'max_steps': 20000, 'max_zo_forward_steps': 0, 'time': 804, 'eps': 0.0001}
581it [13:01,  1.59s/it]592it [13:01,  1.08s/it]03/26/2026 01:59:41 - INFO - src.trainer -   {'eval_loss': 1.5929454565048218, 'eval_acc': 0.2125}
03/26/2026 01:59:44 - INFO - src.trainer -   [zo_probe] step=6000 eps=1.000e-04 precision=fp32 n=16 mae=5.320399e-01 rmse=9.914943e-01 sign_acc=1.0000 corr=0.999801
03/26/2026 01:59:44 - INFO - src.trainer -   {'loss': 1.6771540641784668, 'learning_rate': 1e-06, 'global_step': 6000, 'zo_forward_step': 12002, 'max_steps': 20000, 'max_zo_forward_steps': 0, 'time': 808, 'eps': 0.0001}
03/26/2026 01:59:45 - INFO - src.trainer -   {'loss': 1.600097417831421, 'learning_rate': 1e-06, 'global_step': 6010, 'zo_forward_step': 12022, 'max_steps': 20000, 'max_zo_forward_steps': 0, 'time': 810, 'eps': 0.0001}
03/26/2026 01:59:47 - INFO - src.trainer -   {'loss': 1.0119585990905762, 'learning_rate': 1e-06, 'global_step': 6020, 'zo_forward_step': 12042, 'max_steps': 20000, 'max_zo_forward_steps': 0, 'time': 811, 'eps': 0.0001}
03/26/2026 01:59:48 - INFO - src.trainer -   {'loss': 1.6664708852767944, 'learning_rate': 1e-06, 'global_step': 6030, 'zo_forward_step': 12062, 'max_steps': 20000, 'max_zo_forward_steps': 0, 'time': 812, 'eps': 0.0001}
03/26/2026 01:59:49 - INFO - src.trainer -   {'loss': 1.5945549011230469, 'learning_rate': 1e-06, 'global_step': 6040, 'zo_forward_step': 12082, 'max_steps': 20000, 'max_zo_forward_steps': 0, 'time': 813, 'eps': 0.0001}
03/26/2026 01:59:50 - INFO - src.trainer -   {'loss': 1.0294129848480225, 'learning_rate': 1e-06, 'global_step': 6050, 'zo_forward_step': 12102, 'max_steps': 20000, 'max_zo_forward_steps': 0, 'time': 814, 'eps': 0.0001}
03/26/2026 01:59:51 - INFO - src.trainer -   {'loss': 1.6721398830413818, 'learning_rate': 1e-06, 'global_step': 6060, 'zo_forward_step': 12122, 'max_steps': 20000, 'max_zo_forward_steps': 0, 'time': 815, 'eps': 0.0001}
03/26/2026 01:59:52 - INFO - src.trainer -   {'loss': 1.5745869874954224, 'learning_rate': 1e-06, 'global_step': 6070, 'zo_forward_step': 12142, 'max_steps': 20000, 'max_zo_forward_steps': 0, 'time': 816, 'eps': 0.0001}
03/26/2026 01:59:53 - INFO - src.trainer -   {'loss': 1.0308668613433838, 'learning_rate': 1e-06, 'global_step': 6080, 'zo_forward_step': 12162, 'max_steps': 20000, 'max_zo_forward_steps': 0, 'time': 818, 'eps': 0.0001}
03/26/2026 01:59:55 - INFO - src.trainer -   {'loss': 1.6580822467803955, 'learning_rate': 1e-06, 'global_step': 6090, 'zo_forward_step': 12182, 'max_steps': 20000, 'max_zo_forward_steps': 0, 'time': 819, 'eps': 0.0001}
600it [13:15,  1.08s/it]03/26/2026 01:59:56 - INFO - src.trainer -   {'loss': 1.5731433629989624, 'learning_rate': 1e-06, 'global_step': 6100, 'zo_forward_step': 12202, 'max_steps': 20000, 'max_zo_forward_steps': 0, 'time': 820, 'eps': 0.0001}
03/26/2026 01:59:57 - INFO - src.trainer -   {'loss': 1.0461128950119019, 'learning_rate': 1e-06, 'global_step': 6110, 'zo_forward_step': 12222, 'max_steps': 20000, 'max_zo_forward_steps': 0, 'time': 821, 'eps': 0.0001}
03/26/2026 01:59:58 - INFO - src.trainer -   {'loss': 1.6486996412277222, 'learning_rate': 1e-06, 'global_step': 6120, 'zo_forward_step': 12242, 'max_steps': 20000, 'max_zo_forward_steps': 0, 'time': 822, 'eps': 0.0001}
03/26/2026 01:59:59 - INFO - src.trainer -   {'loss': 1.5812593698501587, 'learning_rate': 1e-06, 'global_step': 6130, 'zo_forward_step': 12262, 'max_steps': 20000, 'max_zo_forward_steps': 0, 'time': 823, 'eps': 0.0001}
03/26/2026 02:00:00 - INFO - src.trainer -   {'loss': 1.032723307609558, 'learning_rate': 1e-06, 'global_step': 6140, 'zo_forward_step': 12282, 'max_steps': 20000, 'max_zo_forward_steps': 0, 'time': 824, 'eps': 0.0001}
03/26/2026 02:00:01 - INFO - src.trainer -   {'loss': 1.6609176397323608, 'learning_rate': 1e-06, 'global_step': 6150, 'zo_forward_step': 12302, 'max_steps': 20000, 'max_zo_forward_steps': 0, 'time': 826, 'eps': 0.0001}
03/26/2026 02:00:03 - INFO - src.trainer -   {'loss': 1.5959055423736572, 'learning_rate': 1e-06, 'global_step': 6160, 'zo_forward_step': 12322, 'max_steps': 20000, 'max_zo_forward_steps': 0, 'time': 827, 'eps': 0.0001}
03/26/2026 02:00:04 - INFO - src.trainer -   {'loss': 1.014426589012146, 'learning_rate': 1e-06, 'global_step': 6170, 'zo_forward_step': 12342, 'max_steps': 20000, 'max_zo_forward_steps': 0, 'time': 828, 'eps': 0.0001}
03/26/2026 02:00:05 - INFO - src.trainer -   {'loss': 1.6772820949554443, 'learning_rate': 1e-06, 'global_step': 6180, 'zo_forward_step': 12362, 'max_steps': 20000, 'max_zo_forward_steps': 0, 'time': 829, 'eps': 0.0001}
03/26/2026 02:00:06 - INFO - src.trainer -   {'loss': 1.5923256874084473, 'learning_rate': 1e-06, 'global_step': 6190, 'zo_forward_step': 12382, 'max_steps': 20000, 'max_zo_forward_steps': 0, 'time': 830, 'eps': 0.0001}
601it [13:27,  1.58s/it]612it [13:27,  1.07s/it]03/26/2026 02:00:07 - INFO - src.trainer -   {'eval_loss': 1.5940831899642944, 'eval_acc': 0.2125}
03/26/2026 02:00:09 - INFO - src.trainer -   [zo_probe] step=6200 eps=1.000e-04 precision=fp32 n=16 mae=7.490642e-02 rmse=1.007805e-01 sign_acc=1.0000 corr=0.999998
03/26/2026 02:00:09 - INFO - src.trainer -   {'loss': 0.9819812774658203, 'learning_rate': 1e-06, 'global_step': 6200, 'zo_forward_step': 12402, 'max_steps': 20000, 'max_zo_forward_steps': 0, 'time': 834, 'eps': 0.0001}
03/26/2026 02:00:11 - INFO - src.trainer -   {'loss': 1.6660367250442505, 'learning_rate': 1e-06, 'global_step': 6210, 'zo_forward_step': 12422, 'max_steps': 20000, 'max_zo_forward_steps': 0, 'time': 835, 'eps': 0.0001}
03/26/2026 02:00:12 - INFO - src.trainer -   {'loss': 1.6212903261184692, 'learning_rate': 1e-06, 'global_step': 6220, 'zo_forward_step': 12442, 'max_steps': 20000, 'max_zo_forward_steps': 0, 'time': 836, 'eps': 0.0001}
03/26/2026 02:00:13 - INFO - src.trainer -   {'loss': 0.9706594944000244, 'learning_rate': 1e-06, 'global_step': 6230, 'zo_forward_step': 12462, 'max_steps': 20000, 'max_zo_forward_steps': 0, 'time': 837, 'eps': 0.0001}
03/26/2026 02:00:14 - INFO - src.trainer -   {'loss': 1.6806515455245972, 'learning_rate': 1e-06, 'global_step': 6240, 'zo_forward_step': 12482, 'max_steps': 20000, 'max_zo_forward_steps': 0, 'time': 838, 'eps': 0.0001}
03/26/2026 02:00:15 - INFO - src.trainer -   {'loss': 1.606004238128662, 'learning_rate': 1e-06, 'global_step': 6250, 'zo_forward_step': 12502, 'max_steps': 20000, 'max_zo_forward_steps': 0, 'time': 839, 'eps': 0.0001}
03/26/2026 02:00:16 - INFO - src.trainer -   {'loss': 0.9791771173477173, 'learning_rate': 1e-06, 'global_step': 6260, 'zo_forward_step': 12522, 'max_steps': 20000, 'max_zo_forward_steps': 0, 'time': 840, 'eps': 0.0001}
03/26/2026 02:00:17 - INFO - src.trainer -   {'loss': 1.6966830492019653, 'learning_rate': 1e-06, 'global_step': 6270, 'zo_forward_step': 12542, 'max_steps': 20000, 'max_zo_forward_steps': 0, 'time': 842, 'eps': 0.0001}
03/26/2026 02:00:19 - INFO - src.trainer -   {'loss': 1.6003516912460327, 'learning_rate': 1e-06, 'global_step': 6280, 'zo_forward_step': 12562, 'max_steps': 20000, 'max_zo_forward_steps': 0, 'time': 843, 'eps': 0.0001}
03/26/2026 02:00:20 - INFO - src.trainer -   {'loss': 0.9601923227310181, 'learning_rate': 1e-06, 'global_step': 6290, 'zo_forward_step': 12582, 'max_steps': 20000, 'max_zo_forward_steps': 0, 'time': 844, 'eps': 0.0001}
03/26/2026 02:00:21 - INFO - src.trainer -   {'loss': 1.6936506032943726, 'learning_rate': 1e-06, 'global_step': 6300, 'zo_forward_step': 12602, 'max_steps': 20000, 'max_zo_forward_steps': 0, 'time': 845, 'eps': 0.0001}
03/26/2026 02:00:22 - INFO - src.trainer -   {'loss': 1.5971633195877075, 'learning_rate': 1e-06, 'global_step': 6310, 'zo_forward_step': 12622, 'max_steps': 20000, 'max_zo_forward_steps': 0, 'time': 846, 'eps': 0.0001}
03/26/2026 02:00:23 - INFO - src.trainer -   {'loss': 0.9386940002441406, 'learning_rate': 1e-06, 'global_step': 6320, 'zo_forward_step': 12642, 'max_steps': 20000, 'max_zo_forward_steps': 0, 'time': 847, 'eps': 0.0001}
03/26/2026 02:00:24 - INFO - src.trainer -   {'loss': 1.7151768207550049, 'learning_rate': 1e-06, 'global_step': 6330, 'zo_forward_step': 12662, 'max_steps': 20000, 'max_zo_forward_steps': 0, 'time': 848, 'eps': 0.0001}
620it [13:45,  1.07s/it]03/26/2026 02:00:25 - INFO - src.trainer -   {'loss': 1.6012263298034668, 'learning_rate': 1e-06, 'global_step': 6340, 'zo_forward_step': 12682, 'max_steps': 20000, 'max_zo_forward_steps': 0, 'time': 850, 'eps': 0.0001}
03/26/2026 02:00:27 - INFO - src.trainer -   {'loss': 0.9340541958808899, 'learning_rate': 1e-06, 'global_step': 6350, 'zo_forward_step': 12702, 'max_steps': 20000, 'max_zo_forward_steps': 0, 'time': 851, 'eps': 0.0001}
03/26/2026 02:00:28 - INFO - src.trainer -   {'loss': 1.7103060483932495, 'learning_rate': 1e-06, 'global_step': 6360, 'zo_forward_step': 12722, 'max_steps': 20000, 'max_zo_forward_steps': 0, 'time': 852, 'eps': 0.0001}
03/26/2026 02:00:29 - INFO - src.trainer -   {'loss': 1.6064447164535522, 'learning_rate': 1e-06, 'global_step': 6370, 'zo_forward_step': 12742, 'max_steps': 20000, 'max_zo_forward_steps': 0, 'time': 853, 'eps': 0.0001}
03/26/2026 02:00:30 - INFO - src.trainer -   {'loss': 0.9195906519889832, 'learning_rate': 1e-06, 'global_step': 6380, 'zo_forward_step': 12762, 'max_steps': 20000, 'max_zo_forward_steps': 0, 'time': 854, 'eps': 0.0001}
03/26/2026 02:00:31 - INFO - src.trainer -   {'loss': 1.722541332244873, 'learning_rate': 1e-06, 'global_step': 6390, 'zo_forward_step': 12782, 'max_steps': 20000, 'max_zo_forward_steps': 0, 'time': 855, 'eps': 0.0001}
621it [13:52,  1.53s/it]632it [13:52,  1.04s/it]03/26/2026 02:00:32 - INFO - src.trainer -   {'eval_loss': 1.603552222251892, 'eval_acc': 0.2125}
03/26/2026 02:00:35 - INFO - src.trainer -   [zo_probe] step=6400 eps=1.000e-04 precision=fp32 n=16 mae=1.502562e-01 rmse=3.132726e-01 sign_acc=1.0000 corr=0.999977
03/26/2026 02:00:35 - INFO - src.trainer -   {'loss': 1.6274211406707764, 'learning_rate': 1e-06, 'global_step': 6400, 'zo_forward_step': 12802, 'max_steps': 20000, 'max_zo_forward_steps': 0, 'time': 860, 'eps': 0.0001}
03/26/2026 02:00:36 - INFO - src.trainer -   {'loss': 0.9041817784309387, 'learning_rate': 1e-06, 'global_step': 6410, 'zo_forward_step': 12822, 'max_steps': 20000, 'max_zo_forward_steps': 0, 'time': 861, 'eps': 0.0001}
03/26/2026 02:00:38 - INFO - src.trainer -   {'loss': 1.7088477611541748, 'learning_rate': 1e-06, 'global_step': 6420, 'zo_forward_step': 12842, 'max_steps': 20000, 'max_zo_forward_steps': 0, 'time': 862, 'eps': 0.0001}
03/26/2026 02:00:39 - INFO - src.trainer -   {'loss': 1.6186573505401611, 'learning_rate': 1e-06, 'global_step': 6430, 'zo_forward_step': 12862, 'max_steps': 20000, 'max_zo_forward_steps': 0, 'time': 863, 'eps': 0.0001}
03/26/2026 02:00:40 - INFO - src.trainer -   {'loss': 0.9117630124092102, 'learning_rate': 1e-06, 'global_step': 6440, 'zo_forward_step': 12882, 'max_steps': 20000, 'max_zo_forward_steps': 0, 'time': 864, 'eps': 0.0001}
03/26/2026 02:00:41 - INFO - src.trainer -   {'loss': 1.7078280448913574, 'learning_rate': 1e-06, 'global_step': 6450, 'zo_forward_step': 12902, 'max_steps': 20000, 'max_zo_forward_steps': 0, 'time': 865, 'eps': 0.0001}
03/26/2026 02:00:42 - INFO - src.trainer -   {'loss': 1.6065465211868286, 'learning_rate': 1e-06, 'global_step': 6460, 'zo_forward_step': 12922, 'max_steps': 20000, 'max_zo_forward_steps': 0, 'time': 866, 'eps': 0.0001}
03/26/2026 02:00:43 - INFO - src.trainer -   {'loss': 0.9190022349357605, 'learning_rate': 1e-06, 'global_step': 6470, 'zo_forward_step': 12942, 'max_steps': 20000, 'max_zo_forward_steps': 0, 'time': 867, 'eps': 0.0001}
03/26/2026 02:00:44 - INFO - src.trainer -   {'loss': 1.7097532749176025, 'learning_rate': 1e-06, 'global_step': 6480, 'zo_forward_step': 12962, 'max_steps': 20000, 'max_zo_forward_steps': 0, 'time': 868, 'eps': 0.0001}
640it [14:05,  1.04s/it]03/26/2026 02:00:45 - INFO - src.trainer -   {'loss': 1.573826551437378, 'learning_rate': 1e-06, 'global_step': 6490, 'zo_forward_step': 12982, 'max_steps': 20000, 'max_zo_forward_steps': 0, 'time': 870, 'eps': 0.0001}
03/26/2026 02:00:47 - INFO - src.trainer -   {'loss': 0.9336703419685364, 'learning_rate': 1e-06, 'global_step': 6500, 'zo_forward_step': 13002, 'max_steps': 20000, 'max_zo_forward_steps': 0, 'time': 871, 'eps': 0.0001}
03/26/2026 02:00:48 - INFO - src.trainer -   {'loss': 1.7368654012680054, 'learning_rate': 1e-06, 'global_step': 6510, 'zo_forward_step': 13022, 'max_steps': 20000, 'max_zo_forward_steps': 0, 'time': 872, 'eps': 0.0001}
03/26/2026 02:00:49 - INFO - src.trainer -   {'loss': 1.572191596031189, 'learning_rate': 1e-06, 'global_step': 6520, 'zo_forward_step': 13042, 'max_steps': 20000, 'max_zo_forward_steps': 0, 'time': 873, 'eps': 0.0001}
03/26/2026 02:00:50 - INFO - src.trainer -   {'loss': 0.9169262051582336, 'learning_rate': 1e-06, 'global_step': 6530, 'zo_forward_step': 13062, 'max_steps': 20000, 'max_zo_forward_steps': 0, 'time': 874, 'eps': 0.0001}
03/26/2026 02:00:51 - INFO - src.trainer -   {'loss': 1.7264070510864258, 'learning_rate': 1e-06, 'global_step': 6540, 'zo_forward_step': 13082, 'max_steps': 20000, 'max_zo_forward_steps': 0, 'time': 875, 'eps': 0.0001}
03/26/2026 02:00:52 - INFO - src.trainer -   {'loss': 1.559722900390625, 'learning_rate': 1e-06, 'global_step': 6550, 'zo_forward_step': 13102, 'max_steps': 20000, 'max_zo_forward_steps': 0, 'time': 876, 'eps': 0.0001}
03/26/2026 02:00:53 - INFO - src.trainer -   {'loss': 0.9387409090995789, 'learning_rate': 1e-06, 'global_step': 6560, 'zo_forward_step': 13122, 'max_steps': 20000, 'max_zo_forward_steps': 0, 'time': 877, 'eps': 0.0001}
03/26/2026 02:00:54 - INFO - src.trainer -   {'loss': 1.7081665992736816, 'learning_rate': 1e-06, 'global_step': 6570, 'zo_forward_step': 13142, 'max_steps': 20000, 'max_zo_forward_steps': 0, 'time': 879, 'eps': 0.0001}
03/26/2026 02:00:56 - INFO - src.trainer -   {'loss': 1.5629678964614868, 'learning_rate': 1e-06, 'global_step': 6580, 'zo_forward_step': 13162, 'max_steps': 20000, 'max_zo_forward_steps': 0, 'time': 880, 'eps': 0.0001}
03/26/2026 02:00:57 - INFO - src.trainer -   {'loss': 0.9400262236595154, 'learning_rate': 1e-06, 'global_step': 6590, 'zo_forward_step': 13182, 'max_steps': 20000, 'max_zo_forward_steps': 0, 'time': 881, 'eps': 0.0001}
641it [14:17,  1.53s/it]652it [14:17,  1.04s/it]03/26/2026 02:00:58 - INFO - src.trainer -   {'eval_loss': 1.5816123485565186, 'eval_acc': 0.2125}
03/26/2026 02:01:01 - INFO - src.trainer -   [zo_probe] step=6600 eps=1.000e-04 precision=fp32 n=16 mae=3.275194e-01 rmse=4.275187e-01 sign_acc=1.0000 corr=0.999969
03/26/2026 02:01:01 - INFO - src.trainer -   {'loss': 1.703834891319275, 'learning_rate': 1e-06, 'global_step': 6600, 'zo_forward_step': 13202, 'max_steps': 20000, 'max_zo_forward_steps': 0, 'time': 885, 'eps': 0.0001}
03/26/2026 02:01:02 - INFO - src.trainer -   {'loss': 1.5681087970733643, 'learning_rate': 1e-06, 'global_step': 6610, 'zo_forward_step': 13222, 'max_steps': 20000, 'max_zo_forward_steps': 0, 'time': 886, 'eps': 0.0001}
03/26/2026 02:01:03 - INFO - src.trainer -   {'loss': 0.9556852579116821, 'learning_rate': 1e-06, 'global_step': 6620, 'zo_forward_step': 13242, 'max_steps': 20000, 'max_zo_forward_steps': 0, 'time': 887, 'eps': 0.0001}
03/26/2026 02:01:04 - INFO - src.trainer -   {'loss': 1.7096545696258545, 'learning_rate': 1e-06, 'global_step': 6630, 'zo_forward_step': 13262, 'max_steps': 20000, 'max_zo_forward_steps': 0, 'time': 889, 'eps': 0.0001}
03/26/2026 02:01:06 - INFO - src.trainer -   {'loss': 1.5408142805099487, 'learning_rate': 1e-06, 'global_step': 6640, 'zo_forward_step': 13282, 'max_steps': 20000, 'max_zo_forward_steps': 0, 'time': 890, 'eps': 0.0001}
03/26/2026 02:01:07 - INFO - src.trainer -   {'loss': 0.9709829092025757, 'learning_rate': 1e-06, 'global_step': 6650, 'zo_forward_step': 13302, 'max_steps': 20000, 'max_zo_forward_steps': 0, 'time': 891, 'eps': 0.0001}
03/26/2026 02:01:08 - INFO - src.trainer -   {'loss': 1.7158695459365845, 'learning_rate': 1e-06, 'global_step': 6660, 'zo_forward_step': 13322, 'max_steps': 20000, 'max_zo_forward_steps': 0, 'time': 892, 'eps': 0.0001}
03/26/2026 02:01:09 - INFO - src.trainer -   {'loss': 1.5452046394348145, 'learning_rate': 1e-06, 'global_step': 6670, 'zo_forward_step': 13342, 'max_steps': 20000, 'max_zo_forward_steps': 0, 'time': 893, 'eps': 0.0001}
03/26/2026 02:01:10 - INFO - src.trainer -   {'loss': 0.9558081030845642, 'learning_rate': 1e-06, 'global_step': 6680, 'zo_forward_step': 13362, 'max_steps': 20000, 'max_zo_forward_steps': 0, 'time': 894, 'eps': 0.0001}
03/26/2026 02:01:11 - INFO - src.trainer -   {'loss': 1.6970431804656982, 'learning_rate': 1e-06, 'global_step': 6690, 'zo_forward_step': 13382, 'max_steps': 20000, 'max_zo_forward_steps': 0, 'time': 896, 'eps': 0.0001}
03/26/2026 02:01:13 - INFO - src.trainer -   {'loss': 1.5319123268127441, 'learning_rate': 1e-06, 'global_step': 6700, 'zo_forward_step': 13402, 'max_steps': 20000, 'max_zo_forward_steps': 0, 'time': 897, 'eps': 0.0001}
03/26/2026 02:01:14 - INFO - src.trainer -   {'loss': 0.9743792414665222, 'learning_rate': 1e-06, 'global_step': 6710, 'zo_forward_step': 13422, 'max_steps': 20000, 'max_zo_forward_steps': 0, 'time': 898, 'eps': 0.0001}
03/26/2026 02:01:15 - INFO - src.trainer -   {'loss': 1.7035435438156128, 'learning_rate': 1e-06, 'global_step': 6720, 'zo_forward_step': 13442, 'max_steps': 20000, 'max_zo_forward_steps': 0, 'time': 899, 'eps': 0.0001}
660it [14:35,  1.04s/it]03/26/2026 02:01:16 - INFO - src.trainer -   {'loss': 1.5183324813842773, 'learning_rate': 1e-06, 'global_step': 6730, 'zo_forward_step': 13462, 'max_steps': 20000, 'max_zo_forward_steps': 0, 'time': 900, 'eps': 0.0001}
03/26/2026 02:01:17 - INFO - src.trainer -   {'loss': 0.9891136288642883, 'learning_rate': 1e-06, 'global_step': 6740, 'zo_forward_step': 13482, 'max_steps': 20000, 'max_zo_forward_steps': 0, 'time': 901, 'eps': 0.0001}
03/26/2026 02:01:18 - INFO - src.trainer -   {'loss': 1.6820228099822998, 'learning_rate': 1e-06, 'global_step': 6750, 'zo_forward_step': 13502, 'max_steps': 20000, 'max_zo_forward_steps': 0, 'time': 902, 'eps': 0.0001}
03/26/2026 02:01:19 - INFO - src.trainer -   {'loss': 1.5232466459274292, 'learning_rate': 1e-06, 'global_step': 6760, 'zo_forward_step': 13522, 'max_steps': 20000, 'max_zo_forward_steps': 0, 'time': 904, 'eps': 0.0001}
03/26/2026 02:01:21 - INFO - src.trainer -   {'loss': 0.9871145486831665, 'learning_rate': 1e-06, 'global_step': 6770, 'zo_forward_step': 13542, 'max_steps': 20000, 'max_zo_forward_steps': 0, 'time': 905, 'eps': 0.0001}
03/26/2026 02:01:22 - INFO - src.trainer -   {'loss': 1.6870520114898682, 'learning_rate': 1e-06, 'global_step': 6780, 'zo_forward_step': 13562, 'max_steps': 20000, 'max_zo_forward_steps': 0, 'time': 906, 'eps': 0.0001}
03/26/2026 02:01:23 - INFO - src.trainer -   {'loss': 1.5254943370819092, 'learning_rate': 1e-06, 'global_step': 6790, 'zo_forward_step': 13582, 'max_steps': 20000, 'max_zo_forward_steps': 0, 'time': 907, 'eps': 0.0001}
661it [14:45,  1.60s/it]672it [14:45,  1.08s/it]03/26/2026 02:01:26 - INFO - src.trainer -   {'eval_loss': 1.5721909999847412, 'eval_acc': 0.2125}
03/26/2026 02:01:28 - INFO - src.trainer -   [zo_probe] step=6800 eps=1.000e-04 precision=fp32 n=16 mae=2.001223e-02 rmse=2.464442e-02 sign_acc=1.0000 corr=1.000000
03/26/2026 02:01:28 - INFO - src.trainer -   {'loss': 0.9860347509384155, 'learning_rate': 1e-06, 'global_step': 6800, 'zo_forward_step': 13602, 'max_steps': 20000, 'max_zo_forward_steps': 0, 'time': 912, 'eps': 0.0001}
03/26/2026 02:01:29 - INFO - src.trainer -   {'loss': 1.6666773557662964, 'learning_rate': 1e-06, 'global_step': 6810, 'zo_forward_step': 13622, 'max_steps': 20000, 'max_zo_forward_steps': 0, 'time': 913, 'eps': 0.0001}
03/26/2026 02:01:30 - INFO - src.trainer -   {'loss': 1.525233507156372, 'learning_rate': 1e-06, 'global_step': 6820, 'zo_forward_step': 13642, 'max_steps': 20000, 'max_zo_forward_steps': 0, 'time': 914, 'eps': 0.0001}
03/26/2026 02:01:31 - INFO - src.trainer -   {'loss': 0.9841305613517761, 'learning_rate': 1e-06, 'global_step': 6830, 'zo_forward_step': 13662, 'max_steps': 20000, 'max_zo_forward_steps': 0, 'time': 915, 'eps': 0.0001}
03/26/2026 02:01:32 - INFO - src.trainer -   {'loss': 1.6703482866287231, 'learning_rate': 1e-06, 'global_step': 6840, 'zo_forward_step': 13682, 'max_steps': 20000, 'max_zo_forward_steps': 0, 'time': 917, 'eps': 0.0001}
03/26/2026 02:01:34 - INFO - src.trainer -   {'loss': 1.5264012813568115, 'learning_rate': 1e-06, 'global_step': 6850, 'zo_forward_step': 13702, 'max_steps': 20000, 'max_zo_forward_steps': 0, 'time': 918, 'eps': 0.0001}
03/26/2026 02:01:35 - INFO - src.trainer -   {'loss': 0.9899495244026184, 'learning_rate': 1e-06, 'global_step': 6860, 'zo_forward_step': 13722, 'max_steps': 20000, 'max_zo_forward_steps': 0, 'time': 919, 'eps': 0.0001}
03/26/2026 02:01:36 - INFO - src.trainer -   {'loss': 1.6542247533798218, 'learning_rate': 1e-06, 'global_step': 6870, 'zo_forward_step': 13742, 'max_steps': 20000, 'max_zo_forward_steps': 0, 'time': 920, 'eps': 0.0001}
03/26/2026 02:01:38 - INFO - src.trainer -   {'loss': 1.524811029434204, 'learning_rate': 1e-06, 'global_step': 6880, 'zo_forward_step': 13762, 'max_steps': 20000, 'max_zo_forward_steps': 0, 'time': 922, 'eps': 0.0001}
03/26/2026 02:01:39 - INFO - src.trainer -   {'loss': 0.9935914278030396, 'learning_rate': 1e-06, 'global_step': 6890, 'zo_forward_step': 13782, 'max_steps': 20000, 'max_zo_forward_steps': 0, 'time': 923, 'eps': 0.0001}
03/26/2026 02:01:40 - INFO - src.trainer -   {'loss': 1.636476755142212, 'learning_rate': 1e-06, 'global_step': 6900, 'zo_forward_step': 13802, 'max_steps': 20000, 'max_zo_forward_steps': 0, 'time': 925, 'eps': 0.0001}
03/26/2026 02:01:42 - INFO - src.trainer -   {'loss': 1.5389631986618042, 'learning_rate': 1e-06, 'global_step': 6910, 'zo_forward_step': 13822, 'max_steps': 20000, 'max_zo_forward_steps': 0, 'time': 926, 'eps': 0.0001}
03/26/2026 02:01:43 - INFO - src.trainer -   {'loss': 1.0053730010986328, 'learning_rate': 1e-06, 'global_step': 6920, 'zo_forward_step': 13842, 'max_steps': 20000, 'max_zo_forward_steps': 0, 'time': 927, 'eps': 0.0001}
03/26/2026 02:01:44 - INFO - src.trainer -   {'loss': 1.6218924522399902, 'learning_rate': 1e-06, 'global_step': 6930, 'zo_forward_step': 13862, 'max_steps': 20000, 'max_zo_forward_steps': 0, 'time': 928, 'eps': 0.0001}
03/26/2026 02:01:45 - INFO - src.trainer -   {'loss': 1.547177791595459, 'learning_rate': 1e-06, 'global_step': 6940, 'zo_forward_step': 13882, 'max_steps': 20000, 'max_zo_forward_steps': 0, 'time': 929, 'eps': 0.0001}
680it [15:05,  1.08s/it]03/26/2026 02:01:46 - INFO - src.trainer -   {'loss': 1.0037578344345093, 'learning_rate': 1e-06, 'global_step': 6950, 'zo_forward_step': 13902, 'max_steps': 20000, 'max_zo_forward_steps': 0, 'time': 930, 'eps': 0.0001}
03/26/2026 02:01:47 - INFO - src.trainer -   {'loss': 1.6311627626419067, 'learning_rate': 1e-06, 'global_step': 6960, 'zo_forward_step': 13922, 'max_steps': 20000, 'max_zo_forward_steps': 0, 'time': 931, 'eps': 0.0001}
03/26/2026 02:01:48 - INFO - src.trainer -   {'loss': 1.5454092025756836, 'learning_rate': 1e-06, 'global_step': 6970, 'zo_forward_step': 13942, 'max_steps': 20000, 'max_zo_forward_steps': 0, 'time': 933, 'eps': 0.0001}
03/26/2026 02:01:50 - INFO - src.trainer -   {'loss': 1.0124213695526123, 'learning_rate': 1e-06, 'global_step': 6980, 'zo_forward_step': 13962, 'max_steps': 20000, 'max_zo_forward_steps': 0, 'time': 934, 'eps': 0.0001}
03/26/2026 02:01:51 - INFO - src.trainer -   {'loss': 1.6254216432571411, 'learning_rate': 1e-06, 'global_step': 6990, 'zo_forward_step': 13982, 'max_steps': 20000, 'max_zo_forward_steps': 0, 'time': 935, 'eps': 0.0001}
681it [15:11,  1.58s/it]692it [15:11,  1.07s/it]03/26/2026 02:01:52 - INFO - src.trainer -   {'eval_loss': 1.5668612718582153, 'eval_acc': 0.2125}
03/26/2026 02:01:55 - INFO - src.trainer -   [zo_probe] step=7000 eps=1.000e-04 precision=fp32 n=16 mae=1.504800e-02 rmse=1.915744e-02 sign_acc=1.0000 corr=1.000000
03/26/2026 02:01:55 - INFO - src.trainer -   {'loss': 1.5291484594345093, 'learning_rate': 1e-06, 'global_step': 7000, 'zo_forward_step': 14002, 'max_steps': 20000, 'max_zo_forward_steps': 0, 'time': 939, 'eps': 0.0001}
03/26/2026 02:01:56 - INFO - src.trainer -   {'loss': 1.014653205871582, 'learning_rate': 1e-06, 'global_step': 7010, 'zo_forward_step': 14022, 'max_steps': 20000, 'max_zo_forward_steps': 0, 'time': 940, 'eps': 0.0001}
03/26/2026 02:01:57 - INFO - src.trainer -   {'loss': 1.6288777589797974, 'learning_rate': 1e-06, 'global_step': 7020, 'zo_forward_step': 14042, 'max_steps': 20000, 'max_zo_forward_steps': 0, 'time': 941, 'eps': 0.0001}
03/26/2026 02:01:58 - INFO - src.trainer -   {'loss': 1.5311942100524902, 'learning_rate': 1e-06, 'global_step': 7030, 'zo_forward_step': 14062, 'max_steps': 20000, 'max_zo_forward_steps': 0, 'time': 943, 'eps': 0.0001}
03/26/2026 02:01:59 - INFO - src.trainer -   {'loss': 0.9926549196243286, 'learning_rate': 1e-06, 'global_step': 7040, 'zo_forward_step': 14082, 'max_steps': 20000, 'max_zo_forward_steps': 0, 'time': 944, 'eps': 0.0001}
03/26/2026 02:02:01 - INFO - src.trainer -   {'loss': 1.6415209770202637, 'learning_rate': 1e-06, 'global_step': 7050, 'zo_forward_step': 14102, 'max_steps': 20000, 'max_zo_forward_steps': 0, 'time': 945, 'eps': 0.0001}
03/26/2026 02:02:02 - INFO - src.trainer -   {'loss': 1.5394424200057983, 'learning_rate': 1e-06, 'global_step': 7060, 'zo_forward_step': 14122, 'max_steps': 20000, 'max_zo_forward_steps': 0, 'time': 946, 'eps': 0.0001}
03/26/2026 02:02:03 - INFO - src.trainer -   {'loss': 0.9941765069961548, 'learning_rate': 1e-06, 'global_step': 7070, 'zo_forward_step': 14142, 'max_steps': 20000, 'max_zo_forward_steps': 0, 'time': 947, 'eps': 0.0001}
03/26/2026 02:02:04 - INFO - src.trainer -   {'loss': 1.6206268072128296, 'learning_rate': 1e-06, 'global_step': 7080, 'zo_forward_step': 14162, 'max_steps': 20000, 'max_zo_forward_steps': 0, 'time': 948, 'eps': 0.0001}
03/26/2026 02:02:05 - INFO - src.trainer -   {'loss': 1.5463879108428955, 'learning_rate': 1e-06, 'global_step': 7090, 'zo_forward_step': 14182, 'max_steps': 20000, 'max_zo_forward_steps': 0, 'time': 949, 'eps': 0.0001}
700it [15:25,  1.07s/it]03/26/2026 02:02:06 - INFO - src.trainer -   {'loss': 0.9908982515335083, 'learning_rate': 1e-06, 'global_step': 7100, 'zo_forward_step': 14202, 'max_steps': 20000, 'max_zo_forward_steps': 0, 'time': 950, 'eps': 0.0001}
03/26/2026 02:02:08 - INFO - src.trainer -   {'loss': 1.6209120750427246, 'learning_rate': 1e-06, 'global_step': 7110, 'zo_forward_step': 14222, 'max_steps': 20000, 'max_zo_forward_steps': 0, 'time': 952, 'eps': 0.0001}
03/26/2026 02:02:09 - INFO - src.trainer -   {'loss': 1.544728398323059, 'learning_rate': 1e-06, 'global_step': 7120, 'zo_forward_step': 14242, 'max_steps': 20000, 'max_zo_forward_steps': 0, 'time': 953, 'eps': 0.0001}
03/26/2026 02:02:10 - INFO - src.trainer -   {'loss': 0.9979689121246338, 'learning_rate': 1e-06, 'global_step': 7130, 'zo_forward_step': 14262, 'max_steps': 20000, 'max_zo_forward_steps': 0, 'time': 954, 'eps': 0.0001}
03/26/2026 02:02:11 - INFO - src.trainer -   {'loss': 1.6267530918121338, 'learning_rate': 1e-06, 'global_step': 7140, 'zo_forward_step': 14282, 'max_steps': 20000, 'max_zo_forward_steps': 0, 'time': 955, 'eps': 0.0001}
03/26/2026 02:02:12 - INFO - src.trainer -   {'loss': 1.5306018590927124, 'learning_rate': 1e-06, 'global_step': 7150, 'zo_forward_step': 14302, 'max_steps': 20000, 'max_zo_forward_steps': 0, 'time': 956, 'eps': 0.0001}
03/26/2026 02:02:13 - INFO - src.trainer -   {'loss': 1.0147945880889893, 'learning_rate': 1e-06, 'global_step': 7160, 'zo_forward_step': 14322, 'max_steps': 20000, 'max_zo_forward_steps': 0, 'time': 957, 'eps': 0.0001}
03/26/2026 02:02:14 - INFO - src.trainer -   {'loss': 1.6244701147079468, 'learning_rate': 1e-06, 'global_step': 7170, 'zo_forward_step': 14342, 'max_steps': 20000, 'max_zo_forward_steps': 0, 'time': 958, 'eps': 0.0001}
03/26/2026 02:02:15 - INFO - src.trainer -   {'loss': 1.5270256996154785, 'learning_rate': 1e-06, 'global_step': 7180, 'zo_forward_step': 14362, 'max_steps': 20000, 'max_zo_forward_steps': 0, 'time': 960, 'eps': 0.0001}
03/26/2026 02:02:17 - INFO - src.trainer -   {'loss': 1.0101066827774048, 'learning_rate': 1e-06, 'global_step': 7190, 'zo_forward_step': 14382, 'max_steps': 20000, 'max_zo_forward_steps': 0, 'time': 961, 'eps': 0.0001}
701it [15:37,  1.57s/it]712it [15:37,  1.06s/it]03/26/2026 02:02:18 - INFO - src.trainer -   {'eval_loss': 1.5640904903411865, 'eval_acc': 0.225}
03/26/2026 02:02:21 - INFO - src.trainer -   [zo_probe] step=7200 eps=1.000e-04 precision=fp32 n=16 mae=9.141928e-02 rmse=1.761241e-01 sign_acc=1.0000 corr=0.999985
03/26/2026 02:02:21 - INFO - src.trainer -   {'loss': 1.6303203105926514, 'learning_rate': 1e-06, 'global_step': 7200, 'zo_forward_step': 14402, 'max_steps': 20000, 'max_zo_forward_steps': 0, 'time': 965, 'eps': 0.0001}
03/26/2026 02:02:22 - INFO - src.trainer -   {'loss': 1.518645167350769, 'learning_rate': 1e-06, 'global_step': 7210, 'zo_forward_step': 14422, 'max_steps': 20000, 'max_zo_forward_steps': 0, 'time': 966, 'eps': 0.0001}
03/26/2026 02:02:23 - INFO - src.trainer -   {'loss': 1.015379548072815, 'learning_rate': 1e-06, 'global_step': 7220, 'zo_forward_step': 14442, 'max_steps': 20000, 'max_zo_forward_steps': 0, 'time': 967, 'eps': 0.0001}
03/26/2026 02:02:24 - INFO - src.trainer -   {'loss': 1.636565923690796, 'learning_rate': 1e-06, 'global_step': 7230, 'zo_forward_step': 14462, 'max_steps': 20000, 'max_zo_forward_steps': 0, 'time': 968, 'eps': 0.0001}
03/26/2026 02:02:25 - INFO - src.trainer -   {'loss': 1.5087794065475464, 'learning_rate': 1e-06, 'global_step': 7240, 'zo_forward_step': 14482, 'max_steps': 20000, 'max_zo_forward_steps': 0, 'time': 970, 'eps': 0.0001}
03/26/2026 02:02:27 - INFO - src.trainer -   {'loss': 1.0174837112426758, 'learning_rate': 1e-06, 'global_step': 7250, 'zo_forward_step': 14502, 'max_steps': 20000, 'max_zo_forward_steps': 0, 'time': 971, 'eps': 0.0001}
03/26/2026 02:02:29 - INFO - src.trainer -   {'loss': 1.6211892366409302, 'learning_rate': 1e-06, 'global_step': 7260, 'zo_forward_step': 14522, 'max_steps': 20000, 'max_zo_forward_steps': 0, 'time': 973, 'eps': 0.0001}
03/26/2026 02:02:30 - INFO - src.trainer -   {'loss': 1.5224933624267578, 'learning_rate': 1e-06, 'global_step': 7270, 'zo_forward_step': 14542, 'max_steps': 20000, 'max_zo_forward_steps': 0, 'time': 974, 'eps': 0.0001}
03/26/2026 02:02:31 - INFO - src.trainer -   {'loss': 1.0165350437164307, 'learning_rate': 1e-06, 'global_step': 7280, 'zo_forward_step': 14562, 'max_steps': 20000, 'max_zo_forward_steps': 0, 'time': 975, 'eps': 0.0001}
03/26/2026 02:02:32 - INFO - src.trainer -   {'loss': 1.6185382604599, 'learning_rate': 1e-06, 'global_step': 7290, 'zo_forward_step': 14582, 'max_steps': 20000, 'max_zo_forward_steps': 0, 'time': 976, 'eps': 0.0001}
03/26/2026 02:02:33 - INFO - src.trainer -   {'loss': 1.5114508867263794, 'learning_rate': 1e-06, 'global_step': 7300, 'zo_forward_step': 14602, 'max_steps': 20000, 'max_zo_forward_steps': 0, 'time': 977, 'eps': 0.0001}
03/26/2026 02:02:34 - INFO - src.trainer -   {'loss': 1.0235306024551392, 'learning_rate': 1e-06, 'global_step': 7310, 'zo_forward_step': 14622, 'max_steps': 20000, 'max_zo_forward_steps': 0, 'time': 979, 'eps': 0.0001}
720it [15:55,  1.06s/it]03/26/2026 02:02:36 - INFO - src.trainer -   {'loss': 1.6037324666976929, 'learning_rate': 1e-06, 'global_step': 7320, 'zo_forward_step': 14642, 'max_steps': 20000, 'max_zo_forward_steps': 0, 'time': 980, 'eps': 0.0001}
03/26/2026 02:02:37 - INFO - src.trainer -   {'loss': 1.5071115493774414, 'learning_rate': 1e-06, 'global_step': 7330, 'zo_forward_step': 14662, 'max_steps': 20000, 'max_zo_forward_steps': 0, 'time': 981, 'eps': 0.0001}
03/26/2026 02:02:38 - INFO - src.trainer -   {'loss': 1.028738021850586, 'learning_rate': 1e-06, 'global_step': 7340, 'zo_forward_step': 14682, 'max_steps': 20000, 'max_zo_forward_steps': 0, 'time': 982, 'eps': 0.0001}
03/26/2026 02:02:39 - INFO - src.trainer -   {'loss': 1.627658486366272, 'learning_rate': 1e-06, 'global_step': 7350, 'zo_forward_step': 14702, 'max_steps': 20000, 'max_zo_forward_steps': 0, 'time': 983, 'eps': 0.0001}
03/26/2026 02:02:40 - INFO - src.trainer -   {'loss': 1.4896401166915894, 'learning_rate': 1e-06, 'global_step': 7360, 'zo_forward_step': 14722, 'max_steps': 20000, 'max_zo_forward_steps': 0, 'time': 984, 'eps': 0.0001}
03/26/2026 02:02:41 - INFO - src.trainer -   {'loss': 1.0261914730072021, 'learning_rate': 1e-06, 'global_step': 7370, 'zo_forward_step': 14742, 'max_steps': 20000, 'max_zo_forward_steps': 0, 'time': 985, 'eps': 0.0001}
03/26/2026 02:02:42 - INFO - src.trainer -   {'loss': 1.6226791143417358, 'learning_rate': 1e-06, 'global_step': 7380, 'zo_forward_step': 14762, 'max_steps': 20000, 'max_zo_forward_steps': 0, 'time': 986, 'eps': 0.0001}
03/26/2026 02:02:44 - INFO - src.trainer -   {'loss': 1.486621618270874, 'learning_rate': 1e-06, 'global_step': 7390, 'zo_forward_step': 14782, 'max_steps': 20000, 'max_zo_forward_steps': 0, 'time': 988, 'eps': 0.0001}
721it [16:04,  1.59s/it]732it [16:04,  1.08s/it]03/26/2026 02:02:45 - INFO - src.trainer -   {'eval_loss': 1.5518187284469604, 'eval_acc': 0.225}
03/26/2026 02:02:47 - INFO - src.trainer -   [zo_probe] step=7400 eps=1.000e-04 precision=fp32 n=16 mae=8.861840e-03 rmse=1.158019e-02 sign_acc=1.0000 corr=1.000000
03/26/2026 02:02:47 - INFO - src.trainer -   {'loss': 1.0499266386032104, 'learning_rate': 1e-06, 'global_step': 7400, 'zo_forward_step': 14802, 'max_steps': 20000, 'max_zo_forward_steps': 0, 'time': 991, 'eps': 0.0001}
03/26/2026 02:02:48 - INFO - src.trainer -   {'loss': 1.5946035385131836, 'learning_rate': 1e-06, 'global_step': 7410, 'zo_forward_step': 14822, 'max_steps': 20000, 'max_zo_forward_steps': 0, 'time': 992, 'eps': 0.0001}
03/26/2026 02:02:49 - INFO - src.trainer -   {'loss': 1.4799154996871948, 'learning_rate': 1e-06, 'global_step': 7420, 'zo_forward_step': 14842, 'max_steps': 20000, 'max_zo_forward_steps': 0, 'time': 993, 'eps': 0.0001}
03/26/2026 02:02:50 - INFO - src.trainer -   {'loss': 1.0488507747650146, 'learning_rate': 1e-06, 'global_step': 7430, 'zo_forward_step': 14862, 'max_steps': 20000, 'max_zo_forward_steps': 0, 'time': 994, 'eps': 0.0001}
03/26/2026 02:02:51 - INFO - src.trainer -   {'loss': 1.6003202199935913, 'learning_rate': 1e-06, 'global_step': 7440, 'zo_forward_step': 14882, 'max_steps': 20000, 'max_zo_forward_steps': 0, 'time': 996, 'eps': 0.0001}
03/26/2026 02:02:53 - INFO - src.trainer -   {'loss': 1.5074485540390015, 'learning_rate': 1e-06, 'global_step': 7450, 'zo_forward_step': 14902, 'max_steps': 20000, 'max_zo_forward_steps': 0, 'time': 997, 'eps': 0.0001}
03/26/2026 02:02:54 - INFO - src.trainer -   {'loss': 1.0348849296569824, 'learning_rate': 1e-06, 'global_step': 7460, 'zo_forward_step': 14922, 'max_steps': 20000, 'max_zo_forward_steps': 0, 'time': 998, 'eps': 0.0001}
03/26/2026 02:02:55 - INFO - src.trainer -   {'loss': 1.5973310470581055, 'learning_rate': 1e-06, 'global_step': 7470, 'zo_forward_step': 14942, 'max_steps': 20000, 'max_zo_forward_steps': 0, 'time': 999, 'eps': 0.0001}
740it [16:15,  1.08s/it]03/26/2026 02:02:56 - INFO - src.trainer -   {'loss': 1.505636215209961, 'learning_rate': 1e-06, 'global_step': 7480, 'zo_forward_step': 14962, 'max_steps': 20000, 'max_zo_forward_steps': 0, 'time': 1000, 'eps': 0.0001}
03/26/2026 02:02:57 - INFO - src.trainer -   {'loss': 1.0393043756484985, 'learning_rate': 1e-06, 'global_step': 7490, 'zo_forward_step': 14982, 'max_steps': 20000, 'max_zo_forward_steps': 0, 'time': 1001, 'eps': 0.0001}
03/26/2026 02:02:58 - INFO - src.trainer -   {'loss': 1.5917350053787231, 'learning_rate': 1e-06, 'global_step': 7500, 'zo_forward_step': 15002, 'max_steps': 20000, 'max_zo_forward_steps': 0, 'time': 1002, 'eps': 0.0001}
03/26/2026 02:03:00 - INFO - src.trainer -   {'loss': 1.519562005996704, 'learning_rate': 1e-06, 'global_step': 7510, 'zo_forward_step': 15022, 'max_steps': 20000, 'max_zo_forward_steps': 0, 'time': 1004, 'eps': 0.0001}
03/26/2026 02:03:01 - INFO - src.trainer -   {'loss': 1.0136975049972534, 'learning_rate': 1e-06, 'global_step': 7520, 'zo_forward_step': 15042, 'max_steps': 20000, 'max_zo_forward_steps': 0, 'time': 1005, 'eps': 0.0001}
03/26/2026 02:03:02 - INFO - src.trainer -   {'loss': 1.5778019428253174, 'learning_rate': 1e-06, 'global_step': 7530, 'zo_forward_step': 15062, 'max_steps': 20000, 'max_zo_forward_steps': 0, 'time': 1006, 'eps': 0.0001}
03/26/2026 02:03:03 - INFO - src.trainer -   {'loss': 1.512831687927246, 'learning_rate': 1e-06, 'global_step': 7540, 'zo_forward_step': 15082, 'max_steps': 20000, 'max_zo_forward_steps': 0, 'time': 1007, 'eps': 0.0001}
03/26/2026 02:03:04 - INFO - src.trainer -   {'loss': 1.036521077156067, 'learning_rate': 1e-06, 'global_step': 7550, 'zo_forward_step': 15102, 'max_steps': 20000, 'max_zo_forward_steps': 0, 'time': 1008, 'eps': 0.0001}
03/26/2026 02:03:05 - INFO - src.trainer -   {'loss': 1.5831738710403442, 'learning_rate': 1e-06, 'global_step': 7560, 'zo_forward_step': 15122, 'max_steps': 20000, 'max_zo_forward_steps': 0, 'time': 1009, 'eps': 0.0001}
03/26/2026 02:03:07 - INFO - src.trainer -   {'loss': 1.5079400539398193, 'learning_rate': 1e-06, 'global_step': 7570, 'zo_forward_step': 15142, 'max_steps': 20000, 'max_zo_forward_steps': 0, 'time': 1011, 'eps': 0.0001}
03/26/2026 02:03:08 - INFO - src.trainer -   {'loss': 1.034495234489441, 'learning_rate': 1e-06, 'global_step': 7580, 'zo_forward_step': 15162, 'max_steps': 20000, 'max_zo_forward_steps': 0, 'time': 1012, 'eps': 0.0001}
03/26/2026 02:03:09 - INFO - src.trainer -   {'loss': 1.5825594663619995, 'learning_rate': 1e-06, 'global_step': 7590, 'zo_forward_step': 15182, 'max_steps': 20000, 'max_zo_forward_steps': 0, 'time': 1013, 'eps': 0.0001}
741it [16:29,  1.55s/it]752it [16:30,  1.05s/it]03/26/2026 02:03:10 - INFO - src.trainer -   {'eval_loss': 1.5492128133773804, 'eval_acc': 0.225}
03/26/2026 02:03:13 - INFO - src.trainer -   [zo_probe] step=7600 eps=1.000e-04 precision=fp32 n=16 mae=2.738327e-02 rmse=3.692594e-02 sign_acc=1.0000 corr=1.000000
03/26/2026 02:03:13 - INFO - src.trainer -   {'loss': 1.5183509588241577, 'learning_rate': 1e-06, 'global_step': 7600, 'zo_forward_step': 15202, 'max_steps': 20000, 'max_zo_forward_steps': 0, 'time': 1017, 'eps': 0.0001}
03/26/2026 02:03:14 - INFO - src.trainer -   {'loss': 1.0246202945709229, 'learning_rate': 1e-06, 'global_step': 7610, 'zo_forward_step': 15222, 'max_steps': 20000, 'max_zo_forward_steps': 0, 'time': 1018, 'eps': 0.0001}
03/26/2026 02:03:15 - INFO - src.trainer -   {'loss': 1.591387391090393, 'learning_rate': 1e-06, 'global_step': 7620, 'zo_forward_step': 15242, 'max_steps': 20000, 'max_zo_forward_steps': 0, 'time': 1019, 'eps': 0.0001}
03/26/2026 02:03:16 - INFO - src.trainer -   {'loss': 1.5199084281921387, 'learning_rate': 1e-06, 'global_step': 7630, 'zo_forward_step': 15262, 'max_steps': 20000, 'max_zo_forward_steps': 0, 'time': 1021, 'eps': 0.0001}
03/26/2026 02:03:18 - INFO - src.trainer -   {'loss': 1.043828010559082, 'learning_rate': 1e-06, 'global_step': 7640, 'zo_forward_step': 15282, 'max_steps': 20000, 'max_zo_forward_steps': 0, 'time': 1022, 'eps': 0.0001}
03/26/2026 02:03:19 - INFO - src.trainer -   {'loss': 1.567845344543457, 'learning_rate': 1e-06, 'global_step': 7650, 'zo_forward_step': 15302, 'max_steps': 20000, 'max_zo_forward_steps': 0, 'time': 1023, 'eps': 0.0001}
03/26/2026 02:03:20 - INFO - src.trainer -   {'loss': 1.5269871950149536, 'learning_rate': 1e-06, 'global_step': 7660, 'zo_forward_step': 15322, 'max_steps': 20000, 'max_zo_forward_steps': 0, 'time': 1024, 'eps': 0.0001}
03/26/2026 02:03:21 - INFO - src.trainer -   {'loss': 1.031224250793457, 'learning_rate': 1e-06, 'global_step': 7670, 'zo_forward_step': 15342, 'max_steps': 20000, 'max_zo_forward_steps': 0, 'time': 1025, 'eps': 0.0001}
03/26/2026 02:03:22 - INFO - src.trainer -   {'loss': 1.5713534355163574, 'learning_rate': 1e-06, 'global_step': 7680, 'zo_forward_step': 15362, 'max_steps': 20000, 'max_zo_forward_steps': 0, 'time': 1026, 'eps': 0.0001}
03/26/2026 02:03:23 - INFO - src.trainer -   {'loss': 1.526780128479004, 'learning_rate': 1e-06, 'global_step': 7690, 'zo_forward_step': 15382, 'max_steps': 20000, 'max_zo_forward_steps': 0, 'time': 1027, 'eps': 0.0001}
03/26/2026 02:03:24 - INFO - src.trainer -   {'loss': 1.0215585231781006, 'learning_rate': 1e-06, 'global_step': 7700, 'zo_forward_step': 15402, 'max_steps': 20000, 'max_zo_forward_steps': 0, 'time': 1029, 'eps': 0.0001}
760it [16:45,  1.05s/it]03/26/2026 02:03:26 - INFO - src.trainer -   {'loss': 1.5672739744186401, 'learning_rate': 1e-06, 'global_step': 7710, 'zo_forward_step': 15422, 'max_steps': 20000, 'max_zo_forward_steps': 0, 'time': 1030, 'eps': 0.0001}
03/26/2026 02:03:27 - INFO - src.trainer -   {'loss': 1.5357937812805176, 'learning_rate': 1e-06, 'global_step': 7720, 'zo_forward_step': 15442, 'max_steps': 20000, 'max_zo_forward_steps': 0, 'time': 1031, 'eps': 0.0001}
03/26/2026 02:03:28 - INFO - src.trainer -   {'loss': 1.0218534469604492, 'learning_rate': 1e-06, 'global_step': 7730, 'zo_forward_step': 15462, 'max_steps': 20000, 'max_zo_forward_steps': 0, 'time': 1032, 'eps': 0.0001}
03/26/2026 02:03:29 - INFO - src.trainer -   {'loss': 1.5744993686676025, 'learning_rate': 1e-06, 'global_step': 7740, 'zo_forward_step': 15482, 'max_steps': 20000, 'max_zo_forward_steps': 0, 'time': 1033, 'eps': 0.0001}
03/26/2026 02:03:30 - INFO - src.trainer -   {'loss': 1.51816987991333, 'learning_rate': 1e-06, 'global_step': 7750, 'zo_forward_step': 15502, 'max_steps': 20000, 'max_zo_forward_steps': 0, 'time': 1034, 'eps': 0.0001}
03/26/2026 02:03:31 - INFO - src.trainer -   {'loss': 0.9984089136123657, 'learning_rate': 1e-06, 'global_step': 7760, 'zo_forward_step': 15522, 'max_steps': 20000, 'max_zo_forward_steps': 0, 'time': 1035, 'eps': 0.0001}
03/26/2026 02:03:32 - INFO - src.trainer -   {'loss': 1.5764844417572021, 'learning_rate': 1e-06, 'global_step': 7770, 'zo_forward_step': 15542, 'max_steps': 20000, 'max_zo_forward_steps': 0, 'time': 1037, 'eps': 0.0001}
03/26/2026 02:03:34 - INFO - src.trainer -   {'loss': 1.5285937786102295, 'learning_rate': 1e-06, 'global_step': 7780, 'zo_forward_step': 15562, 'max_steps': 20000, 'max_zo_forward_steps': 0, 'time': 1038, 'eps': 0.0001}
03/26/2026 02:03:35 - INFO - src.trainer -   {'loss': 1.0139235258102417, 'learning_rate': 1e-06, 'global_step': 7790, 'zo_forward_step': 15582, 'max_steps': 20000, 'max_zo_forward_steps': 0, 'time': 1039, 'eps': 0.0001}
761it [16:56,  1.56s/it]772it [16:56,  1.05s/it]03/26/2026 02:03:36 - INFO - src.trainer -   {'eval_loss': 1.5464509725570679, 'eval_acc': 0.25}
03/26/2026 02:03:36 - INFO - src.trainer -   Best dev result: 0.25
03/26/2026 02:03:39 - INFO - src.trainer -   [zo_probe] step=7800 eps=1.000e-04 precision=fp32 n=16 mae=1.313078e-02 rmse=1.513023e-02 sign_acc=1.0000 corr=1.000000
03/26/2026 02:03:39 - INFO - src.trainer -   {'loss': 1.570961833000183, 'learning_rate': 1e-06, 'global_step': 7800, 'zo_forward_step': 15602, 'max_steps': 20000, 'max_zo_forward_steps': 0, 'time': 1044, 'eps': 0.0001}
03/26/2026 02:03:41 - INFO - src.trainer -   {'loss': 1.517580509185791, 'learning_rate': 1e-06, 'global_step': 7810, 'zo_forward_step': 15622, 'max_steps': 20000, 'max_zo_forward_steps': 0, 'time': 1045, 'eps': 0.0001}
03/26/2026 02:03:42 - INFO - src.trainer -   {'loss': 1.0052558183670044, 'learning_rate': 1e-06, 'global_step': 7820, 'zo_forward_step': 15642, 'max_steps': 20000, 'max_zo_forward_steps': 0, 'time': 1046, 'eps': 0.0001}
03/26/2026 02:03:43 - INFO - src.trainer -   {'loss': 1.5756438970565796, 'learning_rate': 1e-06, 'global_step': 7830, 'zo_forward_step': 15662, 'max_steps': 20000, 'max_zo_forward_steps': 0, 'time': 1047, 'eps': 0.0001}
03/26/2026 02:03:44 - INFO - src.trainer -   {'loss': 1.5158579349517822, 'learning_rate': 1e-06, 'global_step': 7840, 'zo_forward_step': 15682, 'max_steps': 20000, 'max_zo_forward_steps': 0, 'time': 1048, 'eps': 0.0001}
03/26/2026 02:03:45 - INFO - src.trainer -   {'loss': 1.0060908794403076, 'learning_rate': 1e-06, 'global_step': 7850, 'zo_forward_step': 15702, 'max_steps': 20000, 'max_zo_forward_steps': 0, 'time': 1049, 'eps': 0.0001}
03/26/2026 02:03:47 - INFO - src.trainer -   {'loss': 1.5691320896148682, 'learning_rate': 1e-06, 'global_step': 7860, 'zo_forward_step': 15722, 'max_steps': 20000, 'max_zo_forward_steps': 0, 'time': 1051, 'eps': 0.0001}
03/26/2026 02:03:48 - INFO - src.trainer -   {'loss': 1.527391791343689, 'learning_rate': 1e-06, 'global_step': 7870, 'zo_forward_step': 15742, 'max_steps': 20000, 'max_zo_forward_steps': 0, 'time': 1052, 'eps': 0.0001}
03/26/2026 02:03:49 - INFO - src.trainer -   {'loss': 1.0226292610168457, 'learning_rate': 1e-06, 'global_step': 7880, 'zo_forward_step': 15762, 'max_steps': 20000, 'max_zo_forward_steps': 0, 'time': 1053, 'eps': 0.0001}
03/26/2026 02:03:50 - INFO - src.trainer -   {'loss': 1.5648659467697144, 'learning_rate': 1e-06, 'global_step': 7890, 'zo_forward_step': 15782, 'max_steps': 20000, 'max_zo_forward_steps': 0, 'time': 1054, 'eps': 0.0001}
03/26/2026 02:03:51 - INFO - src.trainer -   {'loss': 1.536012887954712, 'learning_rate': 1e-06, 'global_step': 7900, 'zo_forward_step': 15802, 'max_steps': 20000, 'max_zo_forward_steps': 0, 'time': 1055, 'eps': 0.0001}
03/26/2026 02:03:52 - INFO - src.trainer -   {'loss': 0.9851274490356445, 'learning_rate': 1e-06, 'global_step': 7910, 'zo_forward_step': 15822, 'max_steps': 20000, 'max_zo_forward_steps': 0, 'time': 1056, 'eps': 0.0001}
03/26/2026 02:03:53 - INFO - src.trainer -   {'loss': 1.5661768913269043, 'learning_rate': 1e-06, 'global_step': 7920, 'zo_forward_step': 15842, 'max_steps': 20000, 'max_zo_forward_steps': 0, 'time': 1058, 'eps': 0.0001}
03/26/2026 02:03:55 - INFO - src.trainer -   {'loss': 1.532211184501648, 'learning_rate': 1e-06, 'global_step': 7930, 'zo_forward_step': 15862, 'max_steps': 20000, 'max_zo_forward_steps': 0, 'time': 1059, 'eps': 0.0001}
780it [17:15,  1.05s/it]03/26/2026 02:03:56 - INFO - src.trainer -   {'loss': 0.9689396619796753, 'learning_rate': 1e-06, 'global_step': 7940, 'zo_forward_step': 15882, 'max_steps': 20000, 'max_zo_forward_steps': 0, 'time': 1060, 'eps': 0.0001}
03/26/2026 02:03:57 - INFO - src.trainer -   {'loss': 1.5763846635818481, 'learning_rate': 1e-06, 'global_step': 7950, 'zo_forward_step': 15902, 'max_steps': 20000, 'max_zo_forward_steps': 0, 'time': 1061, 'eps': 0.0001}
03/26/2026 02:03:58 - INFO - src.trainer -   {'loss': 1.5358026027679443, 'learning_rate': 1e-06, 'global_step': 7960, 'zo_forward_step': 15922, 'max_steps': 20000, 'max_zo_forward_steps': 0, 'time': 1062, 'eps': 0.0001}
03/26/2026 02:03:59 - INFO - src.trainer -   {'loss': 0.9519391059875488, 'learning_rate': 1e-06, 'global_step': 7970, 'zo_forward_step': 15942, 'max_steps': 20000, 'max_zo_forward_steps': 0, 'time': 1063, 'eps': 0.0001}
03/26/2026 02:04:00 - INFO - src.trainer -   {'loss': 1.592206358909607, 'learning_rate': 1e-06, 'global_step': 7980, 'zo_forward_step': 15962, 'max_steps': 20000, 'max_zo_forward_steps': 0, 'time': 1064, 'eps': 0.0001}
03/26/2026 02:04:01 - INFO - src.trainer -   {'loss': 1.5513108968734741, 'learning_rate': 1e-06, 'global_step': 7990, 'zo_forward_step': 15982, 'max_steps': 20000, 'max_zo_forward_steps': 0, 'time': 1066, 'eps': 0.0001}
781it [17:22,  1.57s/it]792it [17:22,  1.06s/it]03/26/2026 02:04:03 - INFO - src.trainer -   {'eval_loss': 1.5512728691101074, 'eval_acc': 0.25}
03/26/2026 02:04:05 - INFO - src.trainer -   [zo_probe] step=8000 eps=1.000e-04 precision=fp32 n=16 mae=3.841279e-01 rmse=5.849248e-01 sign_acc=1.0000 corr=0.999901
03/26/2026 02:04:05 - INFO - src.trainer -   {'loss': 0.9360674023628235, 'learning_rate': 1e-06, 'global_step': 8000, 'zo_forward_step': 16002, 'max_steps': 20000, 'max_zo_forward_steps': 0, 'time': 1069, 'eps': 0.0001}
03/26/2026 02:04:06 - INFO - src.trainer -   {'loss': 1.593368649482727, 'learning_rate': 1e-06, 'global_step': 8010, 'zo_forward_step': 16022, 'max_steps': 20000, 'max_zo_forward_steps': 0, 'time': 1070, 'eps': 0.0001}
03/26/2026 02:04:07 - INFO - src.trainer -   {'loss': 1.5583217144012451, 'learning_rate': 1e-06, 'global_step': 8020, 'zo_forward_step': 16042, 'max_steps': 20000, 'max_zo_forward_steps': 0, 'time': 1071, 'eps': 0.0001}
03/26/2026 02:04:08 - INFO - src.trainer -   {'loss': 0.912389874458313, 'learning_rate': 1e-06, 'global_step': 8030, 'zo_forward_step': 16062, 'max_steps': 20000, 'max_zo_forward_steps': 0, 'time': 1072, 'eps': 0.0001}
03/26/2026 02:04:09 - INFO - src.trainer -   {'loss': 1.5917929410934448, 'learning_rate': 1e-06, 'global_step': 8040, 'zo_forward_step': 16082, 'max_steps': 20000, 'max_zo_forward_steps': 0, 'time': 1074, 'eps': 0.0001}
03/26/2026 02:04:11 - INFO - src.trainer -   {'loss': 1.5565263032913208, 'learning_rate': 1e-06, 'global_step': 8050, 'zo_forward_step': 16102, 'max_steps': 20000, 'max_zo_forward_steps': 0, 'time': 1075, 'eps': 0.0001}
03/26/2026 02:04:12 - INFO - src.trainer -   {'loss': 0.9380027055740356, 'learning_rate': 1e-06, 'global_step': 8060, 'zo_forward_step': 16122, 'max_steps': 20000, 'max_zo_forward_steps': 0, 'time': 1076, 'eps': 0.0001}
03/26/2026 02:04:13 - INFO - src.trainer -   {'loss': 1.5770938396453857, 'learning_rate': 1e-06, 'global_step': 8070, 'zo_forward_step': 16142, 'max_steps': 20000, 'max_zo_forward_steps': 0, 'time': 1077, 'eps': 0.0001}
03/26/2026 02:04:14 - INFO - src.trainer -   {'loss': 1.5571452379226685, 'learning_rate': 1e-06, 'global_step': 8080, 'zo_forward_step': 16162, 'max_steps': 20000, 'max_zo_forward_steps': 0, 'time': 1078, 'eps': 0.0001}
03/26/2026 02:04:15 - INFO - src.trainer -   {'loss': 0.9261226654052734, 'learning_rate': 1e-06, 'global_step': 8090, 'zo_forward_step': 16182, 'max_steps': 20000, 'max_zo_forward_steps': 0, 'time': 1079, 'eps': 0.0001}
800it [17:35,  1.06s/it]03/26/2026 02:04:16 - INFO - src.trainer -   {'loss': 1.5876786708831787, 'learning_rate': 1e-06, 'global_step': 8100, 'zo_forward_step': 16202, 'max_steps': 20000, 'max_zo_forward_steps': 0, 'time': 1080, 'eps': 0.0001}
03/26/2026 02:04:17 - INFO - src.trainer -   {'loss': 1.5547960996627808, 'learning_rate': 1e-06, 'global_step': 8110, 'zo_forward_step': 16222, 'max_steps': 20000, 'max_zo_forward_steps': 0, 'time': 1082, 'eps': 0.0001}
03/26/2026 02:04:19 - INFO - src.trainer -   {'loss': 0.9231962561607361, 'learning_rate': 1e-06, 'global_step': 8120, 'zo_forward_step': 16242, 'max_steps': 20000, 'max_zo_forward_steps': 0, 'time': 1083, 'eps': 0.0001}
03/26/2026 02:04:20 - INFO - src.trainer -   {'loss': 1.5654323101043701, 'learning_rate': 1e-06, 'global_step': 8130, 'zo_forward_step': 16262, 'max_steps': 20000, 'max_zo_forward_steps': 0, 'time': 1084, 'eps': 0.0001}
03/26/2026 02:04:21 - INFO - src.trainer -   {'loss': 1.5596885681152344, 'learning_rate': 1e-06, 'global_step': 8140, 'zo_forward_step': 16282, 'max_steps': 20000, 'max_zo_forward_steps': 0, 'time': 1085, 'eps': 0.0001}
03/26/2026 02:04:24 - INFO - src.trainer -   {'loss': 0.9378733038902283, 'learning_rate': 1e-06, 'global_step': 8150, 'zo_forward_step': 16302, 'max_steps': 20000, 'max_zo_forward_steps': 0, 'time': 1089, 'eps': 0.0001}
03/26/2026 02:04:26 - INFO - src.trainer -   {'loss': 1.5624042749404907, 'learning_rate': 1e-06, 'global_step': 8160, 'zo_forward_step': 16322, 'max_steps': 20000, 'max_zo_forward_steps': 0, 'time': 1090, 'eps': 0.0001}
03/26/2026 02:04:27 - INFO - src.trainer -   {'loss': 1.549092173576355, 'learning_rate': 1e-06, 'global_step': 8170, 'zo_forward_step': 16342, 'max_steps': 20000, 'max_zo_forward_steps': 0, 'time': 1091, 'eps': 0.0001}
03/26/2026 02:04:30 - INFO - src.trainer -   {'loss': 0.9542810916900635, 'learning_rate': 1e-06, 'global_step': 8180, 'zo_forward_step': 16362, 'max_steps': 20000, 'max_zo_forward_steps': 0, 'time': 1094, 'eps': 0.0001}
03/26/2026 02:04:31 - INFO - src.trainer -   {'loss': 1.5551958084106445, 'learning_rate': 1e-06, 'global_step': 8190, 'zo_forward_step': 16382, 'max_steps': 20000, 'max_zo_forward_steps': 0, 'time': 1095, 'eps': 0.0001}
801it [17:52,  1.68s/it]812it [17:52,  1.14s/it]03/26/2026 02:04:32 - INFO - src.trainer -   {'eval_loss': 1.5425649881362915, 'eval_acc': 0.2625}
03/26/2026 02:04:32 - INFO - src.trainer -   Best dev result: 0.2625
03/26/2026 02:04:36 - INFO - src.trainer -   [zo_probe] step=8200 eps=1.000e-04 precision=fp32 n=16 mae=4.439337e-01 rmse=7.093653e-01 sign_acc=1.0000 corr=0.999813
03/26/2026 02:04:36 - INFO - src.trainer -   {'loss': 1.531933307647705, 'learning_rate': 1e-06, 'global_step': 8200, 'zo_forward_step': 16402, 'max_steps': 20000, 'max_zo_forward_steps': 0, 'time': 1100, 'eps': 0.0001}
03/26/2026 02:04:37 - INFO - src.trainer -   {'loss': 0.9318456649780273, 'learning_rate': 1e-06, 'global_step': 8210, 'zo_forward_step': 16422, 'max_steps': 20000, 'max_zo_forward_steps': 0, 'time': 1101, 'eps': 0.0001}
03/26/2026 02:04:38 - INFO - src.trainer -   {'loss': 1.5769222974777222, 'learning_rate': 1e-06, 'global_step': 8220, 'zo_forward_step': 16442, 'max_steps': 20000, 'max_zo_forward_steps': 0, 'time': 1102, 'eps': 0.0001}
03/26/2026 02:04:39 - INFO - src.trainer -   {'loss': 1.5214548110961914, 'learning_rate': 1e-06, 'global_step': 8230, 'zo_forward_step': 16462, 'max_steps': 20000, 'max_zo_forward_steps': 0, 'time': 1103, 'eps': 0.0001}
03/26/2026 02:04:40 - INFO - src.trainer -   {'loss': 0.9312424063682556, 'learning_rate': 1e-06, 'global_step': 8240, 'zo_forward_step': 16482, 'max_steps': 20000, 'max_zo_forward_steps': 0, 'time': 1104, 'eps': 0.0001}
03/26/2026 02:04:41 - INFO - src.trainer -   {'loss': 1.6237058639526367, 'learning_rate': 1e-06, 'global_step': 8250, 'zo_forward_step': 16502, 'max_steps': 20000, 'max_zo_forward_steps': 0, 'time': 1105, 'eps': 0.0001}
03/26/2026 02:04:42 - INFO - src.trainer -   {'loss': 1.5429275035858154, 'learning_rate': 1e-06, 'global_step': 8260, 'zo_forward_step': 16522, 'max_steps': 20000, 'max_zo_forward_steps': 0, 'time': 1107, 'eps': 0.0001}
03/26/2026 02:04:44 - INFO - src.trainer -   {'loss': 0.9004834294319153, 'learning_rate': 1e-06, 'global_step': 8270, 'zo_forward_step': 16542, 'max_steps': 20000, 'max_zo_forward_steps': 0, 'time': 1108, 'eps': 0.0001}
03/26/2026 02:04:45 - INFO - src.trainer -   {'loss': 1.5983322858810425, 'learning_rate': 1e-06, 'global_step': 8280, 'zo_forward_step': 16562, 'max_steps': 20000, 'max_zo_forward_steps': 0, 'time': 1109, 'eps': 0.0001}
820it [18:05,  1.14s/it]03/26/2026 02:04:46 - INFO - src.trainer -   {'loss': 1.5434929132461548, 'learning_rate': 1e-06, 'global_step': 8290, 'zo_forward_step': 16582, 'max_steps': 20000, 'max_zo_forward_steps': 0, 'time': 1110, 'eps': 0.0001}
03/26/2026 02:04:47 - INFO - src.trainer -   {'loss': 0.9039781093597412, 'learning_rate': 1e-06, 'global_step': 8300, 'zo_forward_step': 16602, 'max_steps': 20000, 'max_zo_forward_steps': 0, 'time': 1111, 'eps': 0.0001}
03/26/2026 02:04:48 - INFO - src.trainer -   {'loss': 1.5914043188095093, 'learning_rate': 1e-06, 'global_step': 8310, 'zo_forward_step': 16622, 'max_steps': 20000, 'max_zo_forward_steps': 0, 'time': 1112, 'eps': 0.0001}
03/26/2026 02:04:49 - INFO - src.trainer -   {'loss': 1.5256763696670532, 'learning_rate': 1e-06, 'global_step': 8320, 'zo_forward_step': 16642, 'max_steps': 20000, 'max_zo_forward_steps': 0, 'time': 1113, 'eps': 0.0001}
03/26/2026 02:04:50 - INFO - src.trainer -   {'loss': 0.9160201549530029, 'learning_rate': 1e-06, 'global_step': 8330, 'zo_forward_step': 16662, 'max_steps': 20000, 'max_zo_forward_steps': 0, 'time': 1115, 'eps': 0.0001}
03/26/2026 02:04:52 - INFO - src.trainer -   {'loss': 1.5965044498443604, 'learning_rate': 1e-06, 'global_step': 8340, 'zo_forward_step': 16682, 'max_steps': 20000, 'max_zo_forward_steps': 0, 'time': 1116, 'eps': 0.0001}
03/26/2026 02:04:53 - INFO - src.trainer -   {'loss': 1.5095264911651611, 'learning_rate': 1e-06, 'global_step': 8350, 'zo_forward_step': 16702, 'max_steps': 20000, 'max_zo_forward_steps': 0, 'time': 1117, 'eps': 0.0001}
03/26/2026 02:04:54 - INFO - src.trainer -   {'loss': 0.915274441242218, 'learning_rate': 1e-06, 'global_step': 8360, 'zo_forward_step': 16722, 'max_steps': 20000, 'max_zo_forward_steps': 0, 'time': 1118, 'eps': 0.0001}
03/26/2026 02:04:55 - INFO - src.trainer -   {'loss': 1.5768225193023682, 'learning_rate': 1e-06, 'global_step': 8370, 'zo_forward_step': 16742, 'max_steps': 20000, 'max_zo_forward_steps': 0, 'time': 1119, 'eps': 0.0001}
03/26/2026 02:04:56 - INFO - src.trainer -   {'loss': 1.515772819519043, 'learning_rate': 1e-06, 'global_step': 8380, 'zo_forward_step': 16762, 'max_steps': 20000, 'max_zo_forward_steps': 0, 'time': 1120, 'eps': 0.0001}
03/26/2026 02:04:57 - INFO - src.trainer -   {'loss': 0.9441492557525635, 'learning_rate': 1e-06, 'global_step': 8390, 'zo_forward_step': 16782, 'max_steps': 20000, 'max_zo_forward_steps': 0, 'time': 1121, 'eps': 0.0001}
821it [18:18,  1.62s/it]832it [18:18,  1.10s/it]03/26/2026 02:04:58 - INFO - src.trainer -   {'eval_loss': 1.5386598110198975, 'eval_acc': 0.275}
03/26/2026 02:04:58 - INFO - src.trainer -   Best dev result: 0.275
03/26/2026 02:05:02 - INFO - src.trainer -   [zo_probe] step=8400 eps=1.000e-04 precision=fp32 n=16 mae=7.503435e-03 rmse=8.408564e-03 sign_acc=1.0000 corr=1.000000
03/26/2026 02:05:02 - INFO - src.trainer -   {'loss': 1.5660879611968994, 'learning_rate': 1e-06, 'global_step': 8400, 'zo_forward_step': 16802, 'max_steps': 20000, 'max_zo_forward_steps': 0, 'time': 1126, 'eps': 0.0001}
03/26/2026 02:05:03 - INFO - src.trainer -   {'loss': 1.5296930074691772, 'learning_rate': 1e-06, 'global_step': 8410, 'zo_forward_step': 16822, 'max_steps': 20000, 'max_zo_forward_steps': 0, 'time': 1127, 'eps': 0.0001}
03/26/2026 02:05:04 - INFO - src.trainer -   {'loss': 0.9242247343063354, 'learning_rate': 1e-06, 'global_step': 8420, 'zo_forward_step': 16842, 'max_steps': 20000, 'max_zo_forward_steps': 0, 'time': 1128, 'eps': 0.0001}
03/26/2026 02:05:05 - INFO - src.trainer -   {'loss': 1.5745435953140259, 'learning_rate': 1e-06, 'global_step': 8430, 'zo_forward_step': 16862, 'max_steps': 20000, 'max_zo_forward_steps': 0, 'time': 1129, 'eps': 0.0001}
03/26/2026 02:05:06 - INFO - src.trainer -   {'loss': 1.517744779586792, 'learning_rate': 1e-06, 'global_step': 8440, 'zo_forward_step': 16882, 'max_steps': 20000, 'max_zo_forward_steps': 0, 'time': 1131, 'eps': 0.0001}
03/26/2026 02:05:08 - INFO - src.trainer -   {'loss': 0.9177285432815552, 'learning_rate': 1e-06, 'global_step': 8450, 'zo_forward_step': 16902, 'max_steps': 20000, 'max_zo_forward_steps': 0, 'time': 1132, 'eps': 0.0001}
03/26/2026 02:05:09 - INFO - src.trainer -   {'loss': 1.568986177444458, 'learning_rate': 1e-06, 'global_step': 8460, 'zo_forward_step': 16922, 'max_steps': 20000, 'max_zo_forward_steps': 0, 'time': 1133, 'eps': 0.0001}
03/26/2026 02:05:10 - INFO - src.trainer -   {'loss': 1.5143754482269287, 'learning_rate': 1e-06, 'global_step': 8470, 'zo_forward_step': 16942, 'max_steps': 20000, 'max_zo_forward_steps': 0, 'time': 1134, 'eps': 0.0001}
03/26/2026 02:05:12 - INFO - src.trainer -   {'loss': 0.9247106909751892, 'learning_rate': 1e-06, 'global_step': 8480, 'zo_forward_step': 16962, 'max_steps': 20000, 'max_zo_forward_steps': 0, 'time': 1136, 'eps': 0.0001}
03/26/2026 02:05:13 - INFO - src.trainer -   {'loss': 1.5570204257965088, 'learning_rate': 1e-06, 'global_step': 8490, 'zo_forward_step': 16982, 'max_steps': 20000, 'max_zo_forward_steps': 0, 'time': 1137, 'eps': 0.0001}
03/26/2026 02:05:14 - INFO - src.trainer -   {'loss': 1.5069228410720825, 'learning_rate': 1e-06, 'global_step': 8500, 'zo_forward_step': 17002, 'max_steps': 20000, 'max_zo_forward_steps': 0, 'time': 1138, 'eps': 0.0001}
03/26/2026 02:05:15 - INFO - src.trainer -   {'loss': 0.9711751937866211, 'learning_rate': 1e-06, 'global_step': 8510, 'zo_forward_step': 17022, 'max_steps': 20000, 'max_zo_forward_steps': 0, 'time': 1139, 'eps': 0.0001}
840it [18:35,  1.10s/it]03/26/2026 02:05:16 - INFO - src.trainer -   {'loss': 1.547024130821228, 'learning_rate': 1e-06, 'global_step': 8520, 'zo_forward_step': 17042, 'max_steps': 20000, 'max_zo_forward_steps': 0, 'time': 1141, 'eps': 0.0001}
03/26/2026 02:05:17 - INFO - src.trainer -   {'loss': 1.5032317638397217, 'learning_rate': 1e-06, 'global_step': 8530, 'zo_forward_step': 17062, 'max_steps': 20000, 'max_zo_forward_steps': 0, 'time': 1142, 'eps': 0.0001}
03/26/2026 02:05:19 - INFO - src.trainer -   {'loss': 0.9696242213249207, 'learning_rate': 1e-06, 'global_step': 8540, 'zo_forward_step': 17082, 'max_steps': 20000, 'max_zo_forward_steps': 0, 'time': 1143, 'eps': 0.0001}
03/26/2026 02:05:20 - INFO - src.trainer -   {'loss': 1.5364662408828735, 'learning_rate': 1e-06, 'global_step': 8550, 'zo_forward_step': 17102, 'max_steps': 20000, 'max_zo_forward_steps': 0, 'time': 1144, 'eps': 0.0001}
03/26/2026 02:05:21 - INFO - src.trainer -   {'loss': 1.500510334968567, 'learning_rate': 1e-06, 'global_step': 8560, 'zo_forward_step': 17122, 'max_steps': 20000, 'max_zo_forward_steps': 0, 'time': 1145, 'eps': 0.0001}
03/26/2026 02:05:22 - INFO - src.trainer -   {'loss': 0.9644161462783813, 'learning_rate': 1e-06, 'global_step': 8570, 'zo_forward_step': 17142, 'max_steps': 20000, 'max_zo_forward_steps': 0, 'time': 1146, 'eps': 0.0001}
03/26/2026 02:05:23 - INFO - src.trainer -   {'loss': 1.5464553833007812, 'learning_rate': 1e-06, 'global_step': 8580, 'zo_forward_step': 17162, 'max_steps': 20000, 'max_zo_forward_steps': 0, 'time': 1147, 'eps': 0.0001}
03/26/2026 02:05:24 - INFO - src.trainer -   {'loss': 1.4964919090270996, 'learning_rate': 1e-06, 'global_step': 8590, 'zo_forward_step': 17182, 'max_steps': 20000, 'max_zo_forward_steps': 0, 'time': 1148, 'eps': 0.0001}
841it [18:45,  1.62s/it]852it [18:45,  1.10s/it]03/26/2026 02:05:26 - INFO - src.trainer -   {'eval_loss': 1.5338075160980225, 'eval_acc': 0.2875}
03/26/2026 02:05:26 - INFO - src.trainer -   Best dev result: 0.2875
03/26/2026 02:05:28 - INFO - src.trainer -   [zo_probe] step=8600 eps=1.000e-04 precision=fp32 n=16 mae=3.848501e-02 rmse=6.623953e-02 sign_acc=1.0000 corr=0.999999
03/26/2026 02:05:28 - INFO - src.trainer -   {'loss': 0.9812241792678833, 'learning_rate': 1e-06, 'global_step': 8600, 'zo_forward_step': 17202, 'max_steps': 20000, 'max_zo_forward_steps': 0, 'time': 1152, 'eps': 0.0001}
03/26/2026 02:05:29 - INFO - src.trainer -   {'loss': 1.5286668539047241, 'learning_rate': 1e-06, 'global_step': 8610, 'zo_forward_step': 17222, 'max_steps': 20000, 'max_zo_forward_steps': 0, 'time': 1153, 'eps': 0.0001}
03/26/2026 02:05:30 - INFO - src.trainer -   {'loss': 1.4915544986724854, 'learning_rate': 1e-06, 'global_step': 8620, 'zo_forward_step': 17242, 'max_steps': 20000, 'max_zo_forward_steps': 0, 'time': 1154, 'eps': 0.0001}
03/26/2026 02:05:31 - INFO - src.trainer -   {'loss': 0.9926104545593262, 'learning_rate': 1e-06, 'global_step': 8630, 'zo_forward_step': 17262, 'max_steps': 20000, 'max_zo_forward_steps': 0, 'time': 1155, 'eps': 0.0001}
03/26/2026 02:05:32 - INFO - src.trainer -   {'loss': 1.515496850013733, 'learning_rate': 1e-06, 'global_step': 8640, 'zo_forward_step': 17282, 'max_steps': 20000, 'max_zo_forward_steps': 0, 'time': 1157, 'eps': 0.0001}
03/26/2026 02:05:34 - INFO - src.trainer -   {'loss': 1.4807488918304443, 'learning_rate': 1e-06, 'global_step': 8650, 'zo_forward_step': 17302, 'max_steps': 20000, 'max_zo_forward_steps': 0, 'time': 1158, 'eps': 0.0001}
03/26/2026 02:05:35 - INFO - src.trainer -   {'loss': 1.0008087158203125, 'learning_rate': 1e-06, 'global_step': 8660, 'zo_forward_step': 17322, 'max_steps': 20000, 'max_zo_forward_steps': 0, 'time': 1159, 'eps': 0.0001}
03/26/2026 02:05:36 - INFO - src.trainer -   {'loss': 1.5144907236099243, 'learning_rate': 1e-06, 'global_step': 8670, 'zo_forward_step': 17342, 'max_steps': 20000, 'max_zo_forward_steps': 0, 'time': 1160, 'eps': 0.0001}
03/26/2026 02:05:37 - INFO - src.trainer -   {'loss': 1.4841585159301758, 'learning_rate': 1e-06, 'global_step': 8680, 'zo_forward_step': 17362, 'max_steps': 20000, 'max_zo_forward_steps': 0, 'time': 1161, 'eps': 0.0001}
03/26/2026 02:05:38 - INFO - src.trainer -   {'loss': 0.9914083480834961, 'learning_rate': 1e-06, 'global_step': 8690, 'zo_forward_step': 17382, 'max_steps': 20000, 'max_zo_forward_steps': 0, 'time': 1162, 'eps': 0.0001}
03/26/2026 02:05:39 - INFO - src.trainer -   {'loss': 1.5212730169296265, 'learning_rate': 1e-06, 'global_step': 8700, 'zo_forward_step': 17402, 'max_steps': 20000, 'max_zo_forward_steps': 0, 'time': 1164, 'eps': 0.0001}
03/26/2026 02:05:41 - INFO - src.trainer -   {'loss': 1.4729689359664917, 'learning_rate': 1e-06, 'global_step': 8710, 'zo_forward_step': 17422, 'max_steps': 20000, 'max_zo_forward_steps': 0, 'time': 1165, 'eps': 0.0001}
03/26/2026 02:05:42 - INFO - src.trainer -   {'loss': 1.0070377588272095, 'learning_rate': 1e-06, 'global_step': 8720, 'zo_forward_step': 17442, 'max_steps': 20000, 'max_zo_forward_steps': 0, 'time': 1166, 'eps': 0.0001}
03/26/2026 02:05:43 - INFO - src.trainer -   {'loss': 1.5282472372055054, 'learning_rate': 1e-06, 'global_step': 8730, 'zo_forward_step': 17462, 'max_steps': 20000, 'max_zo_forward_steps': 0, 'time': 1167, 'eps': 0.0001}
03/26/2026 02:05:45 - INFO - src.trainer -   {'loss': 1.4739750623703003, 'learning_rate': 1e-06, 'global_step': 8740, 'zo_forward_step': 17482, 'max_steps': 20000, 'max_zo_forward_steps': 0, 'time': 1169, 'eps': 0.0001}
860it [19:05,  1.10s/it]03/26/2026 02:05:46 - INFO - src.trainer -   {'loss': 1.017709732055664, 'learning_rate': 1e-06, 'global_step': 8750, 'zo_forward_step': 17502, 'max_steps': 20000, 'max_zo_forward_steps': 0, 'time': 1170, 'eps': 0.0001}
03/26/2026 02:05:47 - INFO - src.trainer -   {'loss': 1.5259591341018677, 'learning_rate': 1e-06, 'global_step': 8760, 'zo_forward_step': 17522, 'max_steps': 20000, 'max_zo_forward_steps': 0, 'time': 1172, 'eps': 0.0001}
03/26/2026 02:05:49 - INFO - src.trainer -   {'loss': 1.4631779193878174, 'learning_rate': 1e-06, 'global_step': 8770, 'zo_forward_step': 17542, 'max_steps': 20000, 'max_zo_forward_steps': 0, 'time': 1173, 'eps': 0.0001}
03/26/2026 02:05:50 - INFO - src.trainer -   {'loss': 1.0137872695922852, 'learning_rate': 1e-06, 'global_step': 8780, 'zo_forward_step': 17562, 'max_steps': 20000, 'max_zo_forward_steps': 0, 'time': 1174, 'eps': 0.0001}
03/26/2026 02:05:51 - INFO - src.trainer -   {'loss': 1.5273903608322144, 'learning_rate': 1e-06, 'global_step': 8790, 'zo_forward_step': 17582, 'max_steps': 20000, 'max_zo_forward_steps': 0, 'time': 1175, 'eps': 0.0001}
861it [19:12,  1.60s/it]872it [19:12,  1.09s/it]03/26/2026 02:05:52 - INFO - src.trainer -   {'eval_loss': 1.5259755849838257, 'eval_acc': 0.3}
03/26/2026 02:05:52 - INFO - src.trainer -   Best dev result: 0.3
03/26/2026 02:05:55 - INFO - src.trainer -   [zo_probe] step=8800 eps=1.000e-04 precision=fp32 n=16 mae=5.003917e-02 rmse=8.694290e-02 sign_acc=1.0000 corr=0.999998
03/26/2026 02:05:55 - INFO - src.trainer -   {'loss': 1.4559426307678223, 'learning_rate': 1e-06, 'global_step': 8800, 'zo_forward_step': 17602, 'max_steps': 20000, 'max_zo_forward_steps': 0, 'time': 1180, 'eps': 0.0001}
03/26/2026 02:05:57 - INFO - src.trainer -   {'loss': 1.023483157157898, 'learning_rate': 1e-06, 'global_step': 8810, 'zo_forward_step': 17622, 'max_steps': 20000, 'max_zo_forward_steps': 0, 'time': 1181, 'eps': 0.0001}
03/26/2026 02:05:58 - INFO - src.trainer -   {'loss': 1.5236939191818237, 'learning_rate': 1e-06, 'global_step': 8820, 'zo_forward_step': 17642, 'max_steps': 20000, 'max_zo_forward_steps': 0, 'time': 1182, 'eps': 0.0001}
03/26/2026 02:05:59 - INFO - src.trainer -   {'loss': 1.4606481790542603, 'learning_rate': 1e-06, 'global_step': 8830, 'zo_forward_step': 17662, 'max_steps': 20000, 'max_zo_forward_steps': 0, 'time': 1183, 'eps': 0.0001}
03/26/2026 02:06:00 - INFO - src.trainer -   {'loss': 1.017221212387085, 'learning_rate': 1e-06, 'global_step': 8840, 'zo_forward_step': 17682, 'max_steps': 20000, 'max_zo_forward_steps': 0, 'time': 1184, 'eps': 0.0001}
03/26/2026 02:06:01 - INFO - src.trainer -   {'loss': 1.5129187107086182, 'learning_rate': 1e-06, 'global_step': 8850, 'zo_forward_step': 17702, 'max_steps': 20000, 'max_zo_forward_steps': 0, 'time': 1185, 'eps': 0.0001}
03/26/2026 02:06:02 - INFO - src.trainer -   {'loss': 1.4493573904037476, 'learning_rate': 1e-06, 'global_step': 8860, 'zo_forward_step': 17722, 'max_steps': 20000, 'max_zo_forward_steps': 0, 'time': 1186, 'eps': 0.0001}
03/26/2026 02:06:03 - INFO - src.trainer -   {'loss': 1.0429044961929321, 'learning_rate': 1e-06, 'global_step': 8870, 'zo_forward_step': 17742, 'max_steps': 20000, 'max_zo_forward_steps': 0, 'time': 1188, 'eps': 0.0001}
03/26/2026 02:06:04 - INFO - src.trainer -   {'loss': 1.5158414840698242, 'learning_rate': 1e-06, 'global_step': 8880, 'zo_forward_step': 17762, 'max_steps': 20000, 'max_zo_forward_steps': 0, 'time': 1189, 'eps': 0.0001}
880it [19:25,  1.09s/it]03/26/2026 02:06:06 - INFO - src.trainer -   {'loss': 1.435960054397583, 'learning_rate': 1e-06, 'global_step': 8890, 'zo_forward_step': 17782, 'max_steps': 20000, 'max_zo_forward_steps': 0, 'time': 1190, 'eps': 0.0001}
03/26/2026 02:06:07 - INFO - src.trainer -   {'loss': 1.0352963209152222, 'learning_rate': 1e-06, 'global_step': 8900, 'zo_forward_step': 17802, 'max_steps': 20000, 'max_zo_forward_steps': 0, 'time': 1191, 'eps': 0.0001}
03/26/2026 02:06:08 - INFO - src.trainer -   {'loss': 1.5100167989730835, 'learning_rate': 1e-06, 'global_step': 8910, 'zo_forward_step': 17822, 'max_steps': 20000, 'max_zo_forward_steps': 0, 'time': 1192, 'eps': 0.0001}
03/26/2026 02:06:09 - INFO - src.trainer -   {'loss': 1.419010043144226, 'learning_rate': 1e-06, 'global_step': 8920, 'zo_forward_step': 17842, 'max_steps': 20000, 'max_zo_forward_steps': 0, 'time': 1193, 'eps': 0.0001}
03/26/2026 02:06:10 - INFO - src.trainer -   {'loss': 1.063101053237915, 'learning_rate': 1e-06, 'global_step': 8930, 'zo_forward_step': 17862, 'max_steps': 20000, 'max_zo_forward_steps': 0, 'time': 1194, 'eps': 0.0001}
03/26/2026 02:06:11 - INFO - src.trainer -   {'loss': 1.513398289680481, 'learning_rate': 1e-06, 'global_step': 8940, 'zo_forward_step': 17882, 'max_steps': 20000, 'max_zo_forward_steps': 0, 'time': 1196, 'eps': 0.0001}
03/26/2026 02:06:13 - INFO - src.trainer -   {'loss': 1.423628568649292, 'learning_rate': 1e-06, 'global_step': 8950, 'zo_forward_step': 17902, 'max_steps': 20000, 'max_zo_forward_steps': 0, 'time': 1197, 'eps': 0.0001}
03/26/2026 02:06:14 - INFO - src.trainer -   {'loss': 1.026733160018921, 'learning_rate': 1e-06, 'global_step': 8960, 'zo_forward_step': 17922, 'max_steps': 20000, 'max_zo_forward_steps': 0, 'time': 1198, 'eps': 0.0001}
03/26/2026 02:06:15 - INFO - src.trainer -   {'loss': 1.524338960647583, 'learning_rate': 1e-06, 'global_step': 8970, 'zo_forward_step': 17942, 'max_steps': 20000, 'max_zo_forward_steps': 0, 'time': 1199, 'eps': 0.0001}
03/26/2026 02:06:16 - INFO - src.trainer -   {'loss': 1.4302237033843994, 'learning_rate': 1e-06, 'global_step': 8980, 'zo_forward_step': 17962, 'max_steps': 20000, 'max_zo_forward_steps': 0, 'time': 1200, 'eps': 0.0001}
03/26/2026 02:06:17 - INFO - src.trainer -   {'loss': 1.007960319519043, 'learning_rate': 1e-06, 'global_step': 8990, 'zo_forward_step': 17982, 'max_steps': 20000, 'max_zo_forward_steps': 0, 'time': 1201, 'eps': 0.0001}
881it [19:38,  1.58s/it]892it [19:38,  1.07s/it]03/26/2026 02:06:18 - INFO - src.trainer -   {'eval_loss': 1.519984245300293, 'eval_acc': 0.2625}
03/26/2026 02:06:21 - INFO - src.trainer -   [zo_probe] step=9000 eps=1.000e-04 precision=fp32 n=16 mae=9.781301e-03 rmse=1.133570e-02 sign_acc=1.0000 corr=1.000000
03/26/2026 02:06:21 - INFO - src.trainer -   {'loss': 1.5253725051879883, 'learning_rate': 1e-06, 'global_step': 9000, 'zo_forward_step': 18002, 'max_steps': 20000, 'max_zo_forward_steps': 0, 'time': 1206, 'eps': 0.0001}
03/26/2026 02:06:23 - INFO - src.trainer -   {'loss': 1.434400200843811, 'learning_rate': 1e-06, 'global_step': 9010, 'zo_forward_step': 18022, 'max_steps': 20000, 'max_zo_forward_steps': 0, 'time': 1207, 'eps': 0.0001}
03/26/2026 02:06:24 - INFO - src.trainer -   {'loss': 0.9811731576919556, 'learning_rate': 1e-06, 'global_step': 9020, 'zo_forward_step': 18042, 'max_steps': 20000, 'max_zo_forward_steps': 0, 'time': 1208, 'eps': 0.0001}
03/26/2026 02:06:25 - INFO - src.trainer -   {'loss': 1.539947271347046, 'learning_rate': 1e-06, 'global_step': 9030, 'zo_forward_step': 18062, 'max_steps': 20000, 'max_zo_forward_steps': 0, 'time': 1209, 'eps': 0.0001}
03/26/2026 02:06:26 - INFO - src.trainer -   {'loss': 1.45243501663208, 'learning_rate': 1e-06, 'global_step': 9040, 'zo_forward_step': 18082, 'max_steps': 20000, 'max_zo_forward_steps': 0, 'time': 1210, 'eps': 0.0001}
03/26/2026 02:06:27 - INFO - src.trainer -   {'loss': 0.9338184595108032, 'learning_rate': 1e-06, 'global_step': 9050, 'zo_forward_step': 18102, 'max_steps': 20000, 'max_zo_forward_steps': 0, 'time': 1211, 'eps': 0.0001}
03/26/2026 02:06:28 - INFO - src.trainer -   {'loss': 1.5478734970092773, 'learning_rate': 1e-06, 'global_step': 9060, 'zo_forward_step': 18122, 'max_steps': 20000, 'max_zo_forward_steps': 0, 'time': 1213, 'eps': 0.0001}
03/26/2026 02:06:30 - INFO - src.trainer -   {'loss': 1.4754462242126465, 'learning_rate': 1e-06, 'global_step': 9070, 'zo_forward_step': 18142, 'max_steps': 20000, 'max_zo_forward_steps': 0, 'time': 1214, 'eps': 0.0001}
03/26/2026 02:06:31 - INFO - src.trainer -   {'loss': 0.9305525422096252, 'learning_rate': 1e-06, 'global_step': 9080, 'zo_forward_step': 18162, 'max_steps': 20000, 'max_zo_forward_steps': 0, 'time': 1215, 'eps': 0.0001}
03/26/2026 02:06:32 - INFO - src.trainer -   {'loss': 1.5574584007263184, 'learning_rate': 1e-06, 'global_step': 9090, 'zo_forward_step': 18182, 'max_steps': 20000, 'max_zo_forward_steps': 0, 'time': 1216, 'eps': 0.0001}
03/26/2026 02:06:34 - INFO - src.trainer -   {'loss': 1.4642109870910645, 'learning_rate': 1e-06, 'global_step': 9100, 'zo_forward_step': 18202, 'max_steps': 20000, 'max_zo_forward_steps': 0, 'time': 1218, 'eps': 0.0001}
03/26/2026 02:06:35 - INFO - src.trainer -   {'loss': 0.9593893885612488, 'learning_rate': 1e-06, 'global_step': 9110, 'zo_forward_step': 18222, 'max_steps': 20000, 'max_zo_forward_steps': 0, 'time': 1219, 'eps': 0.0001}
900it [19:55,  1.07s/it]03/26/2026 02:06:36 - INFO - src.trainer -   {'loss': 1.5492608547210693, 'learning_rate': 1e-06, 'global_step': 9120, 'zo_forward_step': 18242, 'max_steps': 20000, 'max_zo_forward_steps': 0, 'time': 1221, 'eps': 0.0001}
03/26/2026 02:06:38 - INFO - src.trainer -   {'loss': 1.4650033712387085, 'learning_rate': 1e-06, 'global_step': 9130, 'zo_forward_step': 18262, 'max_steps': 20000, 'max_zo_forward_steps': 0, 'time': 1222, 'eps': 0.0001}
03/26/2026 02:06:39 - INFO - src.trainer -   {'loss': 0.9348527193069458, 'learning_rate': 1e-06, 'global_step': 9140, 'zo_forward_step': 18282, 'max_steps': 20000, 'max_zo_forward_steps': 0, 'time': 1223, 'eps': 0.0001}
03/26/2026 02:06:40 - INFO - src.trainer -   {'loss': 1.5562399625778198, 'learning_rate': 1e-06, 'global_step': 9150, 'zo_forward_step': 18302, 'max_steps': 20000, 'max_zo_forward_steps': 0, 'time': 1224, 'eps': 0.0001}
03/26/2026 02:06:41 - INFO - src.trainer -   {'loss': 1.4771827459335327, 'learning_rate': 1e-06, 'global_step': 9160, 'zo_forward_step': 18322, 'max_steps': 20000, 'max_zo_forward_steps': 0, 'time': 1225, 'eps': 0.0001}
03/26/2026 02:06:42 - INFO - src.trainer -   {'loss': 0.9372714161872864, 'learning_rate': 1e-06, 'global_step': 9170, 'zo_forward_step': 18342, 'max_steps': 20000, 'max_zo_forward_steps': 0, 'time': 1226, 'eps': 0.0001}
03/26/2026 02:06:44 - INFO - src.trainer -   {'loss': 1.5337450504302979, 'learning_rate': 1e-06, 'global_step': 9180, 'zo_forward_step': 18362, 'max_steps': 20000, 'max_zo_forward_steps': 0, 'time': 1229, 'eps': 0.0001}
03/26/2026 02:06:46 - INFO - src.trainer -   {'loss': 1.4898310899734497, 'learning_rate': 1e-06, 'global_step': 9190, 'zo_forward_step': 18382, 'max_steps': 20000, 'max_zo_forward_steps': 0, 'time': 1230, 'eps': 0.0001}
901it [20:06,  1.64s/it]912it [20:06,  1.11s/it]03/26/2026 02:06:47 - INFO - src.trainer -   {'eval_loss': 1.528228998184204, 'eval_acc': 0.275}
03/26/2026 02:06:49 - INFO - src.trainer -   [zo_probe] step=9200 eps=1.000e-04 precision=fp32 n=16 mae=3.146857e-02 rmse=5.446749e-02 sign_acc=1.0000 corr=0.999999
03/26/2026 02:06:49 - INFO - src.trainer -   {'loss': 0.9232869744300842, 'learning_rate': 1e-06, 'global_step': 9200, 'zo_forward_step': 18402, 'max_steps': 20000, 'max_zo_forward_steps': 0, 'time': 1233, 'eps': 0.0001}
03/26/2026 02:06:50 - INFO - src.trainer -   {'loss': 1.530744194984436, 'learning_rate': 1e-06, 'global_step': 9210, 'zo_forward_step': 18422, 'max_steps': 20000, 'max_zo_forward_steps': 0, 'time': 1234, 'eps': 0.0001}
03/26/2026 02:06:51 - INFO - src.trainer -   {'loss': 1.4750971794128418, 'learning_rate': 1e-06, 'global_step': 9220, 'zo_forward_step': 18442, 'max_steps': 20000, 'max_zo_forward_steps': 0, 'time': 1235, 'eps': 0.0001}
03/26/2026 02:06:52 - INFO - src.trainer -   {'loss': 0.9375527501106262, 'learning_rate': 1e-06, 'global_step': 9230, 'zo_forward_step': 18462, 'max_steps': 20000, 'max_zo_forward_steps': 0, 'time': 1236, 'eps': 0.0001}
03/26/2026 02:06:53 - INFO - src.trainer -   {'loss': 1.526422381401062, 'learning_rate': 1e-06, 'global_step': 9240, 'zo_forward_step': 18482, 'max_steps': 20000, 'max_zo_forward_steps': 0, 'time': 1237, 'eps': 0.0001}
03/26/2026 02:06:54 - INFO - src.trainer -   {'loss': 1.4859063625335693, 'learning_rate': 1e-06, 'global_step': 9250, 'zo_forward_step': 18502, 'max_steps': 20000, 'max_zo_forward_steps': 0, 'time': 1239, 'eps': 0.0001}
03/26/2026 02:06:56 - INFO - src.trainer -   {'loss': 0.9281014204025269, 'learning_rate': 1e-06, 'global_step': 9260, 'zo_forward_step': 18522, 'max_steps': 20000, 'max_zo_forward_steps': 0, 'time': 1240, 'eps': 0.0001}
03/26/2026 02:06:57 - INFO - src.trainer -   {'loss': 1.5228761434555054, 'learning_rate': 1e-06, 'global_step': 9270, 'zo_forward_step': 18542, 'max_steps': 20000, 'max_zo_forward_steps': 0, 'time': 1241, 'eps': 0.0001}
03/26/2026 02:06:58 - INFO - src.trainer -   {'loss': 1.4786920547485352, 'learning_rate': 1e-06, 'global_step': 9280, 'zo_forward_step': 18562, 'max_steps': 20000, 'max_zo_forward_steps': 0, 'time': 1242, 'eps': 0.0001}
03/26/2026 02:06:59 - INFO - src.trainer -   {'loss': 0.9219502210617065, 'learning_rate': 1e-06, 'global_step': 9290, 'zo_forward_step': 18582, 'max_steps': 20000, 'max_zo_forward_steps': 0, 'time': 1243, 'eps': 0.0001}
03/26/2026 02:07:00 - INFO - src.trainer -   {'loss': 1.527005910873413, 'learning_rate': 1e-06, 'global_step': 9300, 'zo_forward_step': 18602, 'max_steps': 20000, 'max_zo_forward_steps': 0, 'time': 1244, 'eps': 0.0001}
03/26/2026 02:07:01 - INFO - src.trainer -   {'loss': 1.488173246383667, 'learning_rate': 1e-06, 'global_step': 9310, 'zo_forward_step': 18622, 'max_steps': 20000, 'max_zo_forward_steps': 0, 'time': 1245, 'eps': 0.0001}
03/26/2026 02:07:02 - INFO - src.trainer -   {'loss': 0.9195566773414612, 'learning_rate': 1e-06, 'global_step': 9320, 'zo_forward_step': 18642, 'max_steps': 20000, 'max_zo_forward_steps': 0, 'time': 1247, 'eps': 0.0001}
03/26/2026 02:07:04 - INFO - src.trainer -   {'loss': 1.53717041015625, 'learning_rate': 1e-06, 'global_step': 9330, 'zo_forward_step': 18662, 'max_steps': 20000, 'max_zo_forward_steps': 0, 'time': 1248, 'eps': 0.0001}
03/26/2026 02:07:05 - INFO - src.trainer -   {'loss': 1.4775497913360596, 'learning_rate': 1e-06, 'global_step': 9340, 'zo_forward_step': 18682, 'max_steps': 20000, 'max_zo_forward_steps': 0, 'time': 1249, 'eps': 0.0001}
920it [20:25,  1.11s/it]03/26/2026 02:07:06 - INFO - src.trainer -   {'loss': 0.8898205161094666, 'learning_rate': 1e-06, 'global_step': 9350, 'zo_forward_step': 18702, 'max_steps': 20000, 'max_zo_forward_steps': 0, 'time': 1250, 'eps': 0.0001}
03/26/2026 02:07:07 - INFO - src.trainer -   {'loss': 1.5371278524398804, 'learning_rate': 1e-06, 'global_step': 9360, 'zo_forward_step': 18722, 'max_steps': 20000, 'max_zo_forward_steps': 0, 'time': 1251, 'eps': 0.0001}
03/26/2026 02:07:08 - INFO - src.trainer -   {'loss': 1.4925248622894287, 'learning_rate': 1e-06, 'global_step': 9370, 'zo_forward_step': 18742, 'max_steps': 20000, 'max_zo_forward_steps': 0, 'time': 1252, 'eps': 0.0001}
03/26/2026 02:07:09 - INFO - src.trainer -   {'loss': 0.8944705128669739, 'learning_rate': 1e-06, 'global_step': 9380, 'zo_forward_step': 18762, 'max_steps': 20000, 'max_zo_forward_steps': 0, 'time': 1253, 'eps': 0.0001}
03/26/2026 02:07:10 - INFO - src.trainer -   {'loss': 1.5047011375427246, 'learning_rate': 1e-06, 'global_step': 9390, 'zo_forward_step': 18782, 'max_steps': 20000, 'max_zo_forward_steps': 0, 'time': 1255, 'eps': 0.0001}
921it [20:31,  1.56s/it]932it [20:31,  1.06s/it]03/26/2026 02:07:12 - INFO - src.trainer -   {'eval_loss': 1.528239130973816, 'eval_acc': 0.275}
03/26/2026 02:07:15 - INFO - src.trainer -   [zo_probe] step=9400 eps=1.000e-04 precision=fp32 n=16 mae=2.064582e-01 rmse=2.604583e-01 sign_acc=1.0000 corr=0.999979
03/26/2026 02:07:15 - INFO - src.trainer -   {'loss': 1.509951114654541, 'learning_rate': 1e-06, 'global_step': 9400, 'zo_forward_step': 18802, 'max_steps': 20000, 'max_zo_forward_steps': 0, 'time': 1259, 'eps': 0.0001}
03/26/2026 02:07:16 - INFO - src.trainer -   {'loss': 0.9009097814559937, 'learning_rate': 1e-06, 'global_step': 9410, 'zo_forward_step': 18822, 'max_steps': 20000, 'max_zo_forward_steps': 0, 'time': 1260, 'eps': 0.0001}
03/26/2026 02:07:17 - INFO - src.trainer -   {'loss': 1.4722899198532104, 'learning_rate': 1e-06, 'global_step': 9420, 'zo_forward_step': 18842, 'max_steps': 20000, 'max_zo_forward_steps': 0, 'time': 1261, 'eps': 0.0001}
03/26/2026 02:07:20 - INFO - src.trainer -   {'loss': 1.5178344249725342, 'learning_rate': 1e-06, 'global_step': 9430, 'zo_forward_step': 18862, 'max_steps': 20000, 'max_zo_forward_steps': 0, 'time': 1264, 'eps': 0.0001}
03/26/2026 02:07:21 - INFO - src.trainer -   {'loss': 0.9119633436203003, 'learning_rate': 1e-06, 'global_step': 9440, 'zo_forward_step': 18882, 'max_steps': 20000, 'max_zo_forward_steps': 0, 'time': 1265, 'eps': 0.0001}
03/26/2026 02:07:22 - INFO - src.trainer -   {'loss': 1.4772814512252808, 'learning_rate': 1e-06, 'global_step': 9450, 'zo_forward_step': 18902, 'max_steps': 20000, 'max_zo_forward_steps': 0, 'time': 1266, 'eps': 0.0001}
03/26/2026 02:07:23 - INFO - src.trainer -   {'loss': 1.4923479557037354, 'learning_rate': 1e-06, 'global_step': 9460, 'zo_forward_step': 18922, 'max_steps': 20000, 'max_zo_forward_steps': 0, 'time': 1267, 'eps': 0.0001}
03/26/2026 02:07:24 - INFO - src.trainer -   {'loss': 0.9145158529281616, 'learning_rate': 1e-06, 'global_step': 9470, 'zo_forward_step': 18942, 'max_steps': 20000, 'max_zo_forward_steps': 0, 'time': 1268, 'eps': 0.0001}
03/26/2026 02:07:25 - INFO - src.trainer -   {'loss': 1.473037838935852, 'learning_rate': 1e-06, 'global_step': 9480, 'zo_forward_step': 18962, 'max_steps': 20000, 'max_zo_forward_steps': 0, 'time': 1269, 'eps': 0.0001}
940it [20:45,  1.06s/it]03/26/2026 02:07:26 - INFO - src.trainer -   {'loss': 1.4987943172454834, 'learning_rate': 1e-06, 'global_step': 9490, 'zo_forward_step': 18982, 'max_steps': 20000, 'max_zo_forward_steps': 0, 'time': 1270, 'eps': 0.0001}
03/26/2026 02:07:27 - INFO - src.trainer -   {'loss': 0.9290300607681274, 'learning_rate': 1e-06, 'global_step': 9500, 'zo_forward_step': 19002, 'max_steps': 20000, 'max_zo_forward_steps': 0, 'time': 1272, 'eps': 0.0001}
03/26/2026 02:07:29 - INFO - src.trainer -   {'loss': 1.4594793319702148, 'learning_rate': 1e-06, 'global_step': 9510, 'zo_forward_step': 19022, 'max_steps': 20000, 'max_zo_forward_steps': 0, 'time': 1273, 'eps': 0.0001}
03/26/2026 02:07:30 - INFO - src.trainer -   {'loss': 1.485399603843689, 'learning_rate': 1e-06, 'global_step': 9520, 'zo_forward_step': 19042, 'max_steps': 20000, 'max_zo_forward_steps': 0, 'time': 1274, 'eps': 0.0001}
03/26/2026 02:07:31 - INFO - src.trainer -   {'loss': 0.9442631006240845, 'learning_rate': 1e-06, 'global_step': 9530, 'zo_forward_step': 19062, 'max_steps': 20000, 'max_zo_forward_steps': 0, 'time': 1275, 'eps': 0.0001}
03/26/2026 02:07:32 - INFO - src.trainer -   {'loss': 1.447614312171936, 'learning_rate': 1e-06, 'global_step': 9540, 'zo_forward_step': 19082, 'max_steps': 20000, 'max_zo_forward_steps': 0, 'time': 1276, 'eps': 0.0001}
03/26/2026 02:07:33 - INFO - src.trainer -   {'loss': 1.4845744371414185, 'learning_rate': 1e-06, 'global_step': 9550, 'zo_forward_step': 19102, 'max_steps': 20000, 'max_zo_forward_steps': 0, 'time': 1277, 'eps': 0.0001}
03/26/2026 02:07:34 - INFO - src.trainer -   {'loss': 0.9672425985336304, 'learning_rate': 1e-06, 'global_step': 9560, 'zo_forward_step': 19122, 'max_steps': 20000, 'max_zo_forward_steps': 0, 'time': 1278, 'eps': 0.0001}
03/26/2026 02:07:35 - INFO - src.trainer -   {'loss': 1.4394522905349731, 'learning_rate': 1e-06, 'global_step': 9570, 'zo_forward_step': 19142, 'max_steps': 20000, 'max_zo_forward_steps': 0, 'time': 1280, 'eps': 0.0001}
03/26/2026 02:07:37 - INFO - src.trainer -   {'loss': 1.4898295402526855, 'learning_rate': 1e-06, 'global_step': 9580, 'zo_forward_step': 19162, 'max_steps': 20000, 'max_zo_forward_steps': 0, 'time': 1281, 'eps': 0.0001}
03/26/2026 02:07:38 - INFO - src.trainer -   {'loss': 0.9576339721679688, 'learning_rate': 1e-06, 'global_step': 9590, 'zo_forward_step': 19182, 'max_steps': 20000, 'max_zo_forward_steps': 0, 'time': 1282, 'eps': 0.0001}
941it [20:58,  1.60s/it]952it [20:58,  1.08s/it]03/26/2026 02:07:39 - INFO - src.trainer -   {'eval_loss': 1.5174310207366943, 'eval_acc': 0.3375}
03/26/2026 02:07:39 - INFO - src.trainer -   Best dev result: 0.3375
03/26/2026 02:07:42 - INFO - src.trainer -   [zo_probe] step=9600 eps=1.000e-04 precision=fp32 n=16 mae=1.089208e-02 rmse=1.361055e-02 sign_acc=1.0000 corr=1.000000
03/26/2026 02:07:42 - INFO - src.trainer -   {'loss': 1.4330703020095825, 'learning_rate': 1e-06, 'global_step': 9600, 'zo_forward_step': 19202, 'max_steps': 20000, 'max_zo_forward_steps': 0, 'time': 1286, 'eps': 0.0001}
03/26/2026 02:07:43 - INFO - src.trainer -   {'loss': 1.487226128578186, 'learning_rate': 1e-06, 'global_step': 9610, 'zo_forward_step': 19222, 'max_steps': 20000, 'max_zo_forward_steps': 0, 'time': 1287, 'eps': 0.0001}
03/26/2026 02:07:44 - INFO - src.trainer -   {'loss': 0.9585766792297363, 'learning_rate': 1e-06, 'global_step': 9620, 'zo_forward_step': 19242, 'max_steps': 20000, 'max_zo_forward_steps': 0, 'time': 1289, 'eps': 0.0001}
03/26/2026 02:07:46 - INFO - src.trainer -   {'loss': 1.4385578632354736, 'learning_rate': 1e-06, 'global_step': 9630, 'zo_forward_step': 19262, 'max_steps': 20000, 'max_zo_forward_steps': 0, 'time': 1290, 'eps': 0.0001}
03/26/2026 02:07:47 - INFO - src.trainer -   {'loss': 1.4655861854553223, 'learning_rate': 1e-06, 'global_step': 9640, 'zo_forward_step': 19282, 'max_steps': 20000, 'max_zo_forward_steps': 0, 'time': 1291, 'eps': 0.0001}
03/26/2026 02:07:48 - INFO - src.trainer -   {'loss': 0.9796850681304932, 'learning_rate': 1e-06, 'global_step': 9650, 'zo_forward_step': 19302, 'max_steps': 20000, 'max_zo_forward_steps': 0, 'time': 1292, 'eps': 0.0001}
03/26/2026 02:07:49 - INFO - src.trainer -   {'loss': 1.440144419670105, 'learning_rate': 1e-06, 'global_step': 9660, 'zo_forward_step': 19322, 'max_steps': 20000, 'max_zo_forward_steps': 0, 'time': 1293, 'eps': 0.0001}
03/26/2026 02:07:50 - INFO - src.trainer -   {'loss': 1.4593783617019653, 'learning_rate': 1e-06, 'global_step': 9670, 'zo_forward_step': 19342, 'max_steps': 20000, 'max_zo_forward_steps': 0, 'time': 1294, 'eps': 0.0001}
03/26/2026 02:07:51 - INFO - src.trainer -   {'loss': 0.9705166220664978, 'learning_rate': 1e-06, 'global_step': 9680, 'zo_forward_step': 19362, 'max_steps': 20000, 'max_zo_forward_steps': 0, 'time': 1296, 'eps': 0.0001}
03/26/2026 02:07:53 - INFO - src.trainer -   {'loss': 1.445029377937317, 'learning_rate': 1e-06, 'global_step': 9690, 'zo_forward_step': 19382, 'max_steps': 20000, 'max_zo_forward_steps': 0, 'time': 1297, 'eps': 0.0001}
03/26/2026 02:07:54 - INFO - src.trainer -   {'loss': 1.4686260223388672, 'learning_rate': 1e-06, 'global_step': 9700, 'zo_forward_step': 19402, 'max_steps': 20000, 'max_zo_forward_steps': 0, 'time': 1298, 'eps': 0.0001}
03/26/2026 02:07:55 - INFO - src.trainer -   {'loss': 0.9643948078155518, 'learning_rate': 1e-06, 'global_step': 9710, 'zo_forward_step': 19422, 'max_steps': 20000, 'max_zo_forward_steps': 0, 'time': 1299, 'eps': 0.0001}
960it [21:15,  1.08s/it]03/26/2026 02:07:56 - INFO - src.trainer -   {'loss': 1.4636560678482056, 'learning_rate': 1e-06, 'global_step': 9720, 'zo_forward_step': 19442, 'max_steps': 20000, 'max_zo_forward_steps': 0, 'time': 1300, 'eps': 0.0001}
03/26/2026 02:07:57 - INFO - src.trainer -   {'loss': 1.4864223003387451, 'learning_rate': 1e-06, 'global_step': 9730, 'zo_forward_step': 19462, 'max_steps': 20000, 'max_zo_forward_steps': 0, 'time': 1301, 'eps': 0.0001}
03/26/2026 02:07:58 - INFO - src.trainer -   {'loss': 0.9576841592788696, 'learning_rate': 1e-06, 'global_step': 9740, 'zo_forward_step': 19482, 'max_steps': 20000, 'max_zo_forward_steps': 0, 'time': 1302, 'eps': 0.0001}
03/26/2026 02:07:59 - INFO - src.trainer -   {'loss': 1.4334936141967773, 'learning_rate': 1e-06, 'global_step': 9750, 'zo_forward_step': 19502, 'max_steps': 20000, 'max_zo_forward_steps': 0, 'time': 1303, 'eps': 0.0001}
03/26/2026 02:08:00 - INFO - src.trainer -   {'loss': 1.4856387376785278, 'learning_rate': 1e-06, 'global_step': 9760, 'zo_forward_step': 19522, 'max_steps': 20000, 'max_zo_forward_steps': 0, 'time': 1305, 'eps': 0.0001}
03/26/2026 02:08:02 - INFO - src.trainer -   {'loss': 0.9671343564987183, 'learning_rate': 1e-06, 'global_step': 9770, 'zo_forward_step': 19542, 'max_steps': 20000, 'max_zo_forward_steps': 0, 'time': 1306, 'eps': 0.0001}
03/26/2026 02:08:03 - INFO - src.trainer -   {'loss': 1.431166648864746, 'learning_rate': 1e-06, 'global_step': 9780, 'zo_forward_step': 19562, 'max_steps': 20000, 'max_zo_forward_steps': 0, 'time': 1307, 'eps': 0.0001}
03/26/2026 02:08:04 - INFO - src.trainer -   {'loss': 1.4785698652267456, 'learning_rate': 1e-06, 'global_step': 9790, 'zo_forward_step': 19582, 'max_steps': 20000, 'max_zo_forward_steps': 0, 'time': 1308, 'eps': 0.0001}
961it [21:24,  1.58s/it]972it [21:25,  1.07s/it]03/26/2026 02:08:05 - INFO - src.trainer -   {'eval_loss': 1.5081737041473389, 'eval_acc': 0.3875}
03/26/2026 02:08:05 - INFO - src.trainer -   Best dev result: 0.3875
03/26/2026 02:08:07 - INFO - src.trainer -   [zo_probe] step=9800 eps=1.000e-04 precision=fp32 n=16 mae=1.269668e-02 rmse=1.574988e-02 sign_acc=1.0000 corr=1.000000
03/26/2026 02:08:07 - INFO - src.trainer -   {'loss': 0.9589532613754272, 'learning_rate': 1e-06, 'global_step': 9800, 'zo_forward_step': 19602, 'max_steps': 20000, 'max_zo_forward_steps': 0, 'time': 1312, 'eps': 0.0001}
03/26/2026 02:08:09 - INFO - src.trainer -   {'loss': 1.448056697845459, 'learning_rate': 1e-06, 'global_step': 9810, 'zo_forward_step': 19622, 'max_steps': 20000, 'max_zo_forward_steps': 0, 'time': 1313, 'eps': 0.0001}
03/26/2026 02:08:10 - INFO - src.trainer -   {'loss': 1.4656503200531006, 'learning_rate': 1e-06, 'global_step': 9820, 'zo_forward_step': 19642, 'max_steps': 20000, 'max_zo_forward_steps': 0, 'time': 1314, 'eps': 0.0001}
03/26/2026 02:08:11 - INFO - src.trainer -   {'loss': 0.9625111818313599, 'learning_rate': 1e-06, 'global_step': 9830, 'zo_forward_step': 19662, 'max_steps': 20000, 'max_zo_forward_steps': 0, 'time': 1315, 'eps': 0.0001}
03/26/2026 02:08:12 - INFO - src.trainer -   {'loss': 1.453872561454773, 'learning_rate': 1e-06, 'global_step': 9840, 'zo_forward_step': 19682, 'max_steps': 20000, 'max_zo_forward_steps': 0, 'time': 1316, 'eps': 0.0001}
03/26/2026 02:08:13 - INFO - src.trainer -   {'loss': 1.4679182767868042, 'learning_rate': 1e-06, 'global_step': 9850, 'zo_forward_step': 19702, 'max_steps': 20000, 'max_zo_forward_steps': 0, 'time': 1317, 'eps': 0.0001}
03/26/2026 02:08:14 - INFO - src.trainer -   {'loss': 0.9882054924964905, 'learning_rate': 1e-06, 'global_step': 9860, 'zo_forward_step': 19722, 'max_steps': 20000, 'max_zo_forward_steps': 0, 'time': 1318, 'eps': 0.0001}
980it [21:35,  1.07s/it]03/26/2026 02:08:15 - INFO - src.trainer -   {'loss': 1.4571881294250488, 'learning_rate': 1e-06, 'global_step': 9870, 'zo_forward_step': 19742, 'max_steps': 20000, 'max_zo_forward_steps': 0, 'time': 1320, 'eps': 0.0001}
03/26/2026 02:08:17 - INFO - src.trainer -   {'loss': 1.4752691984176636, 'learning_rate': 1e-06, 'global_step': 9880, 'zo_forward_step': 19762, 'max_steps': 20000, 'max_zo_forward_steps': 0, 'time': 1321, 'eps': 0.0001}
03/26/2026 02:08:18 - INFO - src.trainer -   {'loss': 0.9513185620307922, 'learning_rate': 1e-06, 'global_step': 9890, 'zo_forward_step': 19782, 'max_steps': 20000, 'max_zo_forward_steps': 0, 'time': 1322, 'eps': 0.0001}
03/26/2026 02:08:19 - INFO - src.trainer -   {'loss': 1.442179799079895, 'learning_rate': 1e-06, 'global_step': 9900, 'zo_forward_step': 19802, 'max_steps': 20000, 'max_zo_forward_steps': 0, 'time': 1323, 'eps': 0.0001}
03/26/2026 02:08:20 - INFO - src.trainer -   {'loss': 1.468108892440796, 'learning_rate': 1e-06, 'global_step': 9910, 'zo_forward_step': 19822, 'max_steps': 20000, 'max_zo_forward_steps': 0, 'time': 1324, 'eps': 0.0001}
03/26/2026 02:08:21 - INFO - src.trainer -   {'loss': 0.9666988253593445, 'learning_rate': 1e-06, 'global_step': 9920, 'zo_forward_step': 19842, 'max_steps': 20000, 'max_zo_forward_steps': 0, 'time': 1325, 'eps': 0.0001}
03/26/2026 02:08:22 - INFO - src.trainer -   {'loss': 1.4343668222427368, 'learning_rate': 1e-06, 'global_step': 9930, 'zo_forward_step': 19862, 'max_steps': 20000, 'max_zo_forward_steps': 0, 'time': 1327, 'eps': 0.0001}
03/26/2026 02:08:24 - INFO - src.trainer -   {'loss': 1.4792726039886475, 'learning_rate': 1e-06, 'global_step': 9940, 'zo_forward_step': 19882, 'max_steps': 20000, 'max_zo_forward_steps': 0, 'time': 1328, 'eps': 0.0001}
03/26/2026 02:08:25 - INFO - src.trainer -   {'loss': 0.9582371711730957, 'learning_rate': 1e-06, 'global_step': 9950, 'zo_forward_step': 19902, 'max_steps': 20000, 'max_zo_forward_steps': 0, 'time': 1329, 'eps': 0.0001}
03/26/2026 02:08:26 - INFO - src.trainer -   {'loss': 1.4264321327209473, 'learning_rate': 1e-06, 'global_step': 9960, 'zo_forward_step': 19922, 'max_steps': 20000, 'max_zo_forward_steps': 0, 'time': 1330, 'eps': 0.0001}
03/26/2026 02:08:27 - INFO - src.trainer -   {'loss': 1.472084879875183, 'learning_rate': 1e-06, 'global_step': 9970, 'zo_forward_step': 19942, 'max_steps': 20000, 'max_zo_forward_steps': 0, 'time': 1331, 'eps': 0.0001}
03/26/2026 02:08:28 - INFO - src.trainer -   {'loss': 0.946956992149353, 'learning_rate': 1e-06, 'global_step': 9980, 'zo_forward_step': 19962, 'max_steps': 20000, 'max_zo_forward_steps': 0, 'time': 1332, 'eps': 0.0001}
03/26/2026 02:08:29 - INFO - src.trainer -   {'loss': 1.4469318389892578, 'learning_rate': 1e-06, 'global_step': 9990, 'zo_forward_step': 19982, 'max_steps': 20000, 'max_zo_forward_steps': 0, 'time': 1334, 'eps': 0.0001}
981it [21:50,  1.56s/it]992it [21:50,  1.05s/it]03/26/2026 02:08:31 - INFO - src.trainer -   {'eval_loss': 1.5044456720352173, 'eval_acc': 0.375}
03/26/2026 02:08:34 - INFO - src.trainer -   [zo_probe] step=10000 eps=1.000e-04 precision=fp32 n=16 mae=1.585203e-02 rmse=1.990426e-02 sign_acc=1.0000 corr=1.000000
03/26/2026 02:08:34 - INFO - src.trainer -   {'loss': 1.470436692237854, 'learning_rate': 1e-06, 'global_step': 10000, 'zo_forward_step': 20002, 'max_steps': 20000, 'max_zo_forward_steps': 0, 'time': 1338, 'eps': 0.0001}
03/26/2026 02:08:35 - INFO - src.trainer -   {'loss': 0.9459671974182129, 'learning_rate': 1e-06, 'global_step': 10010, 'zo_forward_step': 20022, 'max_steps': 20000, 'max_zo_forward_steps': 0, 'time': 1339, 'eps': 0.0001}
03/26/2026 02:08:36 - INFO - src.trainer -   {'loss': 1.4351574182510376, 'learning_rate': 1e-06, 'global_step': 10020, 'zo_forward_step': 20042, 'max_steps': 20000, 'max_zo_forward_steps': 0, 'time': 1340, 'eps': 0.0001}
03/26/2026 02:08:37 - INFO - src.trainer -   {'loss': 1.4734501838684082, 'learning_rate': 1e-06, 'global_step': 10030, 'zo_forward_step': 20062, 'max_steps': 20000, 'max_zo_forward_steps': 0, 'time': 1341, 'eps': 0.0001}
03/26/2026 02:08:38 - INFO - src.trainer -   {'loss': 0.9594868421554565, 'learning_rate': 1e-06, 'global_step': 10040, 'zo_forward_step': 20082, 'max_steps': 20000, 'max_zo_forward_steps': 0, 'time': 1342, 'eps': 0.0001}
03/26/2026 02:08:39 - INFO - src.trainer -   {'loss': 1.4391400814056396, 'learning_rate': 1e-06, 'global_step': 10050, 'zo_forward_step': 20102, 'max_steps': 20000, 'max_zo_forward_steps': 0, 'time': 1344, 'eps': 0.0001}
03/26/2026 02:08:41 - INFO - src.trainer -   {'loss': 1.46949303150177, 'learning_rate': 1e-06, 'global_step': 10060, 'zo_forward_step': 20122, 'max_steps': 20000, 'max_zo_forward_steps': 0, 'time': 1345, 'eps': 0.0001}
03/26/2026 02:08:42 - INFO - src.trainer -   {'loss': 0.9386899471282959, 'learning_rate': 1e-06, 'global_step': 10070, 'zo_forward_step': 20142, 'max_steps': 20000, 'max_zo_forward_steps': 0, 'time': 1346, 'eps': 0.0001}
03/26/2026 02:08:43 - INFO - src.trainer -   {'loss': 1.447585940361023, 'learning_rate': 1e-06, 'global_step': 10080, 'zo_forward_step': 20162, 'max_steps': 20000, 'max_zo_forward_steps': 0, 'time': 1347, 'eps': 0.0001}
03/26/2026 02:08:44 - INFO - src.trainer -   {'loss': 1.4589489698410034, 'learning_rate': 1e-06, 'global_step': 10090, 'zo_forward_step': 20182, 'max_steps': 20000, 'max_zo_forward_steps': 0, 'time': 1348, 'eps': 0.0001}
03/26/2026 02:08:45 - INFO - src.trainer -   {'loss': 0.9352989196777344, 'learning_rate': 1e-06, 'global_step': 10100, 'zo_forward_step': 20202, 'max_steps': 20000, 'max_zo_forward_steps': 0, 'time': 1349, 'eps': 0.0001}
1000it [22:05,  1.05s/it]03/26/2026 02:08:46 - INFO - src.trainer -   {'loss': 1.466444969177246, 'learning_rate': 1e-06, 'global_step': 10110, 'zo_forward_step': 20222, 'max_steps': 20000, 'max_zo_forward_steps': 0, 'time': 1350, 'eps': 0.0001}
03/26/2026 02:08:48 - INFO - src.trainer -   {'loss': 1.4398019313812256, 'learning_rate': 1e-06, 'global_step': 10120, 'zo_forward_step': 20242, 'max_steps': 20000, 'max_zo_forward_steps': 0, 'time': 1352, 'eps': 0.0001}
03/26/2026 02:08:49 - INFO - src.trainer -   {'loss': 0.937635600566864, 'learning_rate': 1e-06, 'global_step': 10130, 'zo_forward_step': 20262, 'max_steps': 20000, 'max_zo_forward_steps': 0, 'time': 1353, 'eps': 0.0001}
03/26/2026 02:08:50 - INFO - src.trainer -   {'loss': 1.468726396560669, 'learning_rate': 1e-06, 'global_step': 10140, 'zo_forward_step': 20282, 'max_steps': 20000, 'max_zo_forward_steps': 0, 'time': 1354, 'eps': 0.0001}
03/26/2026 02:08:51 - INFO - src.trainer -   {'loss': 1.4560582637786865, 'learning_rate': 1e-06, 'global_step': 10150, 'zo_forward_step': 20302, 'max_steps': 20000, 'max_zo_forward_steps': 0, 'time': 1355, 'eps': 0.0001}
03/26/2026 02:08:52 - INFO - src.trainer -   {'loss': 0.9264715313911438, 'learning_rate': 1e-06, 'global_step': 10160, 'zo_forward_step': 20322, 'max_steps': 20000, 'max_zo_forward_steps': 0, 'time': 1356, 'eps': 0.0001}
03/26/2026 02:08:53 - INFO - src.trainer -   {'loss': 1.4720489978790283, 'learning_rate': 1e-06, 'global_step': 10170, 'zo_forward_step': 20342, 'max_steps': 20000, 'max_zo_forward_steps': 0, 'time': 1358, 'eps': 0.0001}
03/26/2026 02:08:55 - INFO - src.trainer -   {'loss': 1.4771087169647217, 'learning_rate': 1e-06, 'global_step': 10180, 'zo_forward_step': 20362, 'max_steps': 20000, 'max_zo_forward_steps': 0, 'time': 1359, 'eps': 0.0001}
03/26/2026 02:08:57 - INFO - src.trainer -   {'loss': 0.9218241572380066, 'learning_rate': 1e-06, 'global_step': 10190, 'zo_forward_step': 20382, 'max_steps': 20000, 'max_zo_forward_steps': 0, 'time': 1361, 'eps': 0.0001}
1001it [22:17,  1.60s/it]1012it [22:17,  1.08s/it]03/26/2026 02:08:58 - INFO - src.trainer -   {'eval_loss': 1.5063883066177368, 'eval_acc': 0.35}
03/26/2026 02:09:01 - INFO - src.trainer -   [zo_probe] step=10200 eps=1.000e-04 precision=fp32 n=16 mae=1.893324e-02 rmse=2.694079e-02 sign_acc=1.0000 corr=1.000000
03/26/2026 02:09:01 - INFO - src.trainer -   {'loss': 1.4462655782699585, 'learning_rate': 1e-06, 'global_step': 10200, 'zo_forward_step': 20402, 'max_steps': 20000, 'max_zo_forward_steps': 0, 'time': 1365, 'eps': 0.0001}
03/26/2026 02:09:02 - INFO - src.trainer -   {'loss': 1.4664454460144043, 'learning_rate': 1e-06, 'global_step': 10210, 'zo_forward_step': 20422, 'max_steps': 20000, 'max_zo_forward_steps': 0, 'time': 1366, 'eps': 0.0001}
03/26/2026 02:09:03 - INFO - src.trainer -   {'loss': 0.9212909936904907, 'learning_rate': 1e-06, 'global_step': 10220, 'zo_forward_step': 20442, 'max_steps': 20000, 'max_zo_forward_steps': 0, 'time': 1367, 'eps': 0.0001}
03/26/2026 02:09:04 - INFO - src.trainer -   {'loss': 1.4539203643798828, 'learning_rate': 1e-06, 'global_step': 10230, 'zo_forward_step': 20462, 'max_steps': 20000, 'max_zo_forward_steps': 0, 'time': 1368, 'eps': 0.0001}
03/26/2026 02:09:06 - INFO - src.trainer -   {'loss': 1.4613844156265259, 'learning_rate': 1e-06, 'global_step': 10240, 'zo_forward_step': 20482, 'max_steps': 20000, 'max_zo_forward_steps': 0, 'time': 1370, 'eps': 0.0001}
03/26/2026 02:09:07 - INFO - src.trainer -   {'loss': 0.9188812971115112, 'learning_rate': 1e-06, 'global_step': 10250, 'zo_forward_step': 20502, 'max_steps': 20000, 'max_zo_forward_steps': 0, 'time': 1371, 'eps': 0.0001}
03/26/2026 02:09:08 - INFO - src.trainer -   {'loss': 1.4389089345932007, 'learning_rate': 1e-06, 'global_step': 10260, 'zo_forward_step': 20522, 'max_steps': 20000, 'max_zo_forward_steps': 0, 'time': 1372, 'eps': 0.0001}
03/26/2026 02:09:09 - INFO - src.trainer -   {'loss': 1.454081416130066, 'learning_rate': 1e-06, 'global_step': 10270, 'zo_forward_step': 20542, 'max_steps': 20000, 'max_zo_forward_steps': 0, 'time': 1373, 'eps': 0.0001}
03/26/2026 02:09:10 - INFO - src.trainer -   {'loss': 0.9493536949157715, 'learning_rate': 1e-06, 'global_step': 10280, 'zo_forward_step': 20562, 'max_steps': 20000, 'max_zo_forward_steps': 0, 'time': 1374, 'eps': 0.0001}
03/26/2026 02:09:11 - INFO - src.trainer -   {'loss': 1.430537223815918, 'learning_rate': 1e-06, 'global_step': 10290, 'zo_forward_step': 20582, 'max_steps': 20000, 'max_zo_forward_steps': 0, 'time': 1375, 'eps': 0.0001}
03/26/2026 02:09:12 - INFO - src.trainer -   {'loss': 1.4244022369384766, 'learning_rate': 1e-06, 'global_step': 10300, 'zo_forward_step': 20602, 'max_steps': 20000, 'max_zo_forward_steps': 0, 'time': 1376, 'eps': 0.0001}
03/26/2026 02:09:13 - INFO - src.trainer -   {'loss': 0.9330562353134155, 'learning_rate': 1e-06, 'global_step': 10310, 'zo_forward_step': 20622, 'max_steps': 20000, 'max_zo_forward_steps': 0, 'time': 1377, 'eps': 0.0001}
03/26/2026 02:09:14 - INFO - src.trainer -   {'loss': 1.4405118227005005, 'learning_rate': 1e-06, 'global_step': 10320, 'zo_forward_step': 20642, 'max_steps': 20000, 'max_zo_forward_steps': 0, 'time': 1379, 'eps': 0.0001}
1020it [22:35,  1.08s/it]03/26/2026 02:09:16 - INFO - src.trainer -   {'loss': 1.4319672584533691, 'learning_rate': 1e-06, 'global_step': 10330, 'zo_forward_step': 20662, 'max_steps': 20000, 'max_zo_forward_steps': 0, 'time': 1380, 'eps': 0.0001}
03/26/2026 02:09:17 - INFO - src.trainer -   {'loss': 0.9380182027816772, 'learning_rate': 1e-06, 'global_step': 10340, 'zo_forward_step': 20682, 'max_steps': 20000, 'max_zo_forward_steps': 0, 'time': 1381, 'eps': 0.0001}
03/26/2026 02:09:18 - INFO - src.trainer -   {'loss': 1.4351019859313965, 'learning_rate': 1e-06, 'global_step': 10350, 'zo_forward_step': 20702, 'max_steps': 20000, 'max_zo_forward_steps': 0, 'time': 1382, 'eps': 0.0001}
03/26/2026 02:09:19 - INFO - src.trainer -   {'loss': 1.436518907546997, 'learning_rate': 1e-06, 'global_step': 10360, 'zo_forward_step': 20722, 'max_steps': 20000, 'max_zo_forward_steps': 0, 'time': 1383, 'eps': 0.0001}
03/26/2026 02:09:20 - INFO - src.trainer -   {'loss': 0.9247072339057922, 'learning_rate': 1e-06, 'global_step': 10370, 'zo_forward_step': 20742, 'max_steps': 20000, 'max_zo_forward_steps': 0, 'time': 1384, 'eps': 0.0001}
03/26/2026 02:09:21 - INFO - src.trainer -   {'loss': 1.434295415878296, 'learning_rate': 1e-06, 'global_step': 10380, 'zo_forward_step': 20762, 'max_steps': 20000, 'max_zo_forward_steps': 0, 'time': 1385, 'eps': 0.0001}
03/26/2026 02:09:22 - INFO - src.trainer -   {'loss': 1.4476875066757202, 'learning_rate': 1e-06, 'global_step': 10390, 'zo_forward_step': 20782, 'max_steps': 20000, 'max_zo_forward_steps': 0, 'time': 1387, 'eps': 0.0001}
1021it [22:43,  1.57s/it]1032it [22:43,  1.06s/it]03/26/2026 02:09:24 - INFO - src.trainer -   {'eval_loss': 1.4962108135223389, 'eval_acc': 0.3375}
03/26/2026 02:09:26 - INFO - src.trainer -   [zo_probe] step=10400 eps=1.000e-04 precision=fp32 n=16 mae=1.366964e-02 rmse=1.811524e-02 sign_acc=1.0000 corr=1.000000
03/26/2026 02:09:26 - INFO - src.trainer -   {'loss': 0.9266030788421631, 'learning_rate': 1e-06, 'global_step': 10400, 'zo_forward_step': 20802, 'max_steps': 20000, 'max_zo_forward_steps': 0, 'time': 1390, 'eps': 0.0001}
03/26/2026 02:09:27 - INFO - src.trainer -   {'loss': 1.44395112991333, 'learning_rate': 1e-06, 'global_step': 10410, 'zo_forward_step': 20822, 'max_steps': 20000, 'max_zo_forward_steps': 0, 'time': 1391, 'eps': 0.0001}
03/26/2026 02:09:28 - INFO - src.trainer -   {'loss': 1.4280699491500854, 'learning_rate': 1e-06, 'global_step': 10420, 'zo_forward_step': 20842, 'max_steps': 20000, 'max_zo_forward_steps': 0, 'time': 1392, 'eps': 0.0001}
03/26/2026 02:09:29 - INFO - src.trainer -   {'loss': 0.9167022109031677, 'learning_rate': 1e-06, 'global_step': 10430, 'zo_forward_step': 20862, 'max_steps': 20000, 'max_zo_forward_steps': 0, 'time': 1393, 'eps': 0.0001}
03/26/2026 02:09:30 - INFO - src.trainer -   {'loss': 1.4465519189834595, 'learning_rate': 1e-06, 'global_step': 10440, 'zo_forward_step': 20882, 'max_steps': 20000, 'max_zo_forward_steps': 0, 'time': 1394, 'eps': 0.0001}
03/26/2026 02:09:31 - INFO - src.trainer -   {'loss': 1.4313102960586548, 'learning_rate': 1e-06, 'global_step': 10450, 'zo_forward_step': 20902, 'max_steps': 20000, 'max_zo_forward_steps': 0, 'time': 1396, 'eps': 0.0001}
03/26/2026 02:09:33 - INFO - src.trainer -   {'loss': 0.9206796884536743, 'learning_rate': 1e-06, 'global_step': 10460, 'zo_forward_step': 20922, 'max_steps': 20000, 'max_zo_forward_steps': 0, 'time': 1397, 'eps': 0.0001}
03/26/2026 02:09:34 - INFO - src.trainer -   {'loss': 1.440608024597168, 'learning_rate': 1e-06, 'global_step': 10470, 'zo_forward_step': 20942, 'max_steps': 20000, 'max_zo_forward_steps': 0, 'time': 1398, 'eps': 0.0001}
03/26/2026 02:09:35 - INFO - src.trainer -   {'loss': 1.428533673286438, 'learning_rate': 1e-06, 'global_step': 10480, 'zo_forward_step': 20962, 'max_steps': 20000, 'max_zo_forward_steps': 0, 'time': 1399, 'eps': 0.0001}
1040it [22:55,  1.06s/it]03/26/2026 02:09:36 - INFO - src.trainer -   {'loss': 0.9142326712608337, 'learning_rate': 1e-06, 'global_step': 10490, 'zo_forward_step': 20982, 'max_steps': 20000, 'max_zo_forward_steps': 0, 'time': 1400, 'eps': 0.0001}
03/26/2026 02:09:37 - INFO - src.trainer -   {'loss': 1.4239581823349, 'learning_rate': 1e-06, 'global_step': 10500, 'zo_forward_step': 21002, 'max_steps': 20000, 'max_zo_forward_steps': 0, 'time': 1401, 'eps': 0.0001}
03/26/2026 02:09:38 - INFO - src.trainer -   {'loss': 1.4347269535064697, 'learning_rate': 1e-06, 'global_step': 10510, 'zo_forward_step': 21022, 'max_steps': 20000, 'max_zo_forward_steps': 0, 'time': 1403, 'eps': 0.0001}
03/26/2026 02:09:39 - INFO - src.trainer -   {'loss': 0.9067617654800415, 'learning_rate': 1e-06, 'global_step': 10520, 'zo_forward_step': 21042, 'max_steps': 20000, 'max_zo_forward_steps': 0, 'time': 1404, 'eps': 0.0001}
03/26/2026 02:09:41 - INFO - src.trainer -   {'loss': 1.4332735538482666, 'learning_rate': 1e-06, 'global_step': 10530, 'zo_forward_step': 21062, 'max_steps': 20000, 'max_zo_forward_steps': 0, 'time': 1405, 'eps': 0.0001}
03/26/2026 02:09:42 - INFO - src.trainer -   {'loss': 1.4274213314056396, 'learning_rate': 1e-06, 'global_step': 10540, 'zo_forward_step': 21082, 'max_steps': 20000, 'max_zo_forward_steps': 0, 'time': 1406, 'eps': 0.0001}
03/26/2026 02:09:43 - INFO - src.trainer -   {'loss': 0.9103676676750183, 'learning_rate': 1e-06, 'global_step': 10550, 'zo_forward_step': 21102, 'max_steps': 20000, 'max_zo_forward_steps': 0, 'time': 1407, 'eps': 0.0001}
03/26/2026 02:09:44 - INFO - src.trainer -   {'loss': 1.4092211723327637, 'learning_rate': 1e-06, 'global_step': 10560, 'zo_forward_step': 21122, 'max_steps': 20000, 'max_zo_forward_steps': 0, 'time': 1408, 'eps': 0.0001}
03/26/2026 02:09:45 - INFO - src.trainer -   {'loss': 1.4518345594406128, 'learning_rate': 1e-06, 'global_step': 10570, 'zo_forward_step': 21142, 'max_steps': 20000, 'max_zo_forward_steps': 0, 'time': 1409, 'eps': 0.0001}
03/26/2026 02:09:46 - INFO - src.trainer -   {'loss': 0.8928838968276978, 'learning_rate': 1e-06, 'global_step': 10580, 'zo_forward_step': 21162, 'max_steps': 20000, 'max_zo_forward_steps': 0, 'time': 1411, 'eps': 0.0001}
03/26/2026 02:09:48 - INFO - src.trainer -   {'loss': 1.4075560569763184, 'learning_rate': 1e-06, 'global_step': 10590, 'zo_forward_step': 21182, 'max_steps': 20000, 'max_zo_forward_steps': 0, 'time': 1412, 'eps': 0.0001}
1041it [23:08,  1.53s/it]1052it [23:08,  1.04s/it]03/26/2026 02:09:49 - INFO - src.trainer -   {'eval_loss': 1.4941189289093018, 'eval_acc': 0.3375}
03/26/2026 02:09:52 - INFO - src.trainer -   [zo_probe] step=10600 eps=1.000e-04 precision=fp32 n=16 mae=2.051312e-02 rmse=2.654814e-02 sign_acc=1.0000 corr=1.000000
03/26/2026 02:09:52 - INFO - src.trainer -   {'loss': 1.4590898752212524, 'learning_rate': 1e-06, 'global_step': 10600, 'zo_forward_step': 21202, 'max_steps': 20000, 'max_zo_forward_steps': 0, 'time': 1416, 'eps': 0.0001}
03/26/2026 02:09:53 - INFO - src.trainer -   {'loss': 0.9000972509384155, 'learning_rate': 1e-06, 'global_step': 10610, 'zo_forward_step': 21222, 'max_steps': 20000, 'max_zo_forward_steps': 0, 'time': 1417, 'eps': 0.0001}
03/26/2026 02:09:54 - INFO - src.trainer -   {'loss': 1.4094197750091553, 'learning_rate': 1e-06, 'global_step': 10620, 'zo_forward_step': 21242, 'max_steps': 20000, 'max_zo_forward_steps': 0, 'time': 1418, 'eps': 0.0001}
03/26/2026 02:09:55 - INFO - src.trainer -   {'loss': 1.4254194498062134, 'learning_rate': 1e-06, 'global_step': 10630, 'zo_forward_step': 21262, 'max_steps': 20000, 'max_zo_forward_steps': 0, 'time': 1419, 'eps': 0.0001}
03/26/2026 02:09:56 - INFO - src.trainer -   {'loss': 0.9104120135307312, 'learning_rate': 1e-06, 'global_step': 10640, 'zo_forward_step': 21282, 'max_steps': 20000, 'max_zo_forward_steps': 0, 'time': 1420, 'eps': 0.0001}
03/26/2026 02:09:57 - INFO - src.trainer -   {'loss': 1.4408866167068481, 'learning_rate': 1e-06, 'global_step': 10650, 'zo_forward_step': 21302, 'max_steps': 20000, 'max_zo_forward_steps': 0, 'time': 1422, 'eps': 0.0001}
03/26/2026 02:09:59 - INFO - src.trainer -   {'loss': 1.431220531463623, 'learning_rate': 1e-06, 'global_step': 10660, 'zo_forward_step': 21322, 'max_steps': 20000, 'max_zo_forward_steps': 0, 'time': 1423, 'eps': 0.0001}
03/26/2026 02:10:00 - INFO - src.trainer -   {'loss': 0.8805306553840637, 'learning_rate': 1e-06, 'global_step': 10670, 'zo_forward_step': 21342, 'max_steps': 20000, 'max_zo_forward_steps': 0, 'time': 1424, 'eps': 0.0001}
03/26/2026 02:10:01 - INFO - src.trainer -   {'loss': 1.4255181550979614, 'learning_rate': 1e-06, 'global_step': 10680, 'zo_forward_step': 21362, 'max_steps': 20000, 'max_zo_forward_steps': 0, 'time': 1425, 'eps': 0.0001}
03/26/2026 02:10:02 - INFO - src.trainer -   {'loss': 1.4346094131469727, 'learning_rate': 1e-06, 'global_step': 10690, 'zo_forward_step': 21382, 'max_steps': 20000, 'max_zo_forward_steps': 0, 'time': 1426, 'eps': 0.0001}
03/26/2026 02:10:03 - INFO - src.trainer -   {'loss': 0.8694018125534058, 'learning_rate': 1e-06, 'global_step': 10700, 'zo_forward_step': 21402, 'max_steps': 20000, 'max_zo_forward_steps': 0, 'time': 1427, 'eps': 0.0001}
03/26/2026 02:10:04 - INFO - src.trainer -   {'loss': 1.4371622800827026, 'learning_rate': 1e-06, 'global_step': 10710, 'zo_forward_step': 21422, 'max_steps': 20000, 'max_zo_forward_steps': 0, 'time': 1429, 'eps': 0.0001}
1060it [23:25,  1.04s/it]03/26/2026 02:10:05 - INFO - src.trainer -   {'loss': 1.433024287223816, 'learning_rate': 1e-06, 'global_step': 10720, 'zo_forward_step': 21442, 'max_steps': 20000, 'max_zo_forward_steps': 0, 'time': 1430, 'eps': 0.0001}
03/26/2026 02:10:09 - INFO - src.trainer -   {'loss': 0.863946259021759, 'learning_rate': 1e-06, 'global_step': 10730, 'zo_forward_step': 21462, 'max_steps': 20000, 'max_zo_forward_steps': 0, 'time': 1433, 'eps': 0.0001}
03/26/2026 02:10:10 - INFO - src.trainer -   {'loss': 1.4325568675994873, 'learning_rate': 1e-06, 'global_step': 10740, 'zo_forward_step': 21482, 'max_steps': 20000, 'max_zo_forward_steps': 0, 'time': 1434, 'eps': 0.0001}
03/26/2026 02:10:11 - INFO - src.trainer -   {'loss': 1.4562891721725464, 'learning_rate': 1e-06, 'global_step': 10750, 'zo_forward_step': 21502, 'max_steps': 20000, 'max_zo_forward_steps': 0, 'time': 1435, 'eps': 0.0001}
03/26/2026 02:10:12 - INFO - src.trainer -   {'loss': 0.8614362478256226, 'learning_rate': 1e-06, 'global_step': 10760, 'zo_forward_step': 21522, 'max_steps': 20000, 'max_zo_forward_steps': 0, 'time': 1436, 'eps': 0.0001}
03/26/2026 02:10:13 - INFO - src.trainer -   {'loss': 1.428582787513733, 'learning_rate': 1e-06, 'global_step': 10770, 'zo_forward_step': 21542, 'max_steps': 20000, 'max_zo_forward_steps': 0, 'time': 1437, 'eps': 0.0001}
03/26/2026 02:10:14 - INFO - src.trainer -   {'loss': 1.4314886331558228, 'learning_rate': 1e-06, 'global_step': 10780, 'zo_forward_step': 21562, 'max_steps': 20000, 'max_zo_forward_steps': 0, 'time': 1439, 'eps': 0.0001}
03/26/2026 02:10:16 - INFO - src.trainer -   {'loss': 0.8609103560447693, 'learning_rate': 1e-06, 'global_step': 10790, 'zo_forward_step': 21582, 'max_steps': 20000, 'max_zo_forward_steps': 0, 'time': 1440, 'eps': 0.0001}
1061it [23:38,  1.65s/it]1072it [23:38,  1.12s/it]03/26/2026 02:10:18 - INFO - src.trainer -   {'eval_loss': 1.4968563318252563, 'eval_acc': 0.3375}
03/26/2026 02:10:21 - INFO - src.trainer -   [zo_probe] step=10800 eps=1.000e-04 precision=fp32 n=16 mae=1.640904e-02 rmse=1.851189e-02 sign_acc=1.0000 corr=1.000000
03/26/2026 02:10:21 - INFO - src.trainer -   {'loss': 1.4276536703109741, 'learning_rate': 1e-06, 'global_step': 10800, 'zo_forward_step': 21602, 'max_steps': 20000, 'max_zo_forward_steps': 0, 'time': 1446, 'eps': 0.0001}
03/26/2026 02:10:23 - INFO - src.trainer -   {'loss': 1.4385558366775513, 'learning_rate': 1e-06, 'global_step': 10810, 'zo_forward_step': 21622, 'max_steps': 20000, 'max_zo_forward_steps': 0, 'time': 1447, 'eps': 0.0001}
03/26/2026 02:10:24 - INFO - src.trainer -   {'loss': 0.8421452641487122, 'learning_rate': 1e-06, 'global_step': 10820, 'zo_forward_step': 21642, 'max_steps': 20000, 'max_zo_forward_steps': 0, 'time': 1448, 'eps': 0.0001}
03/26/2026 02:10:25 - INFO - src.trainer -   {'loss': 1.4269875288009644, 'learning_rate': 1e-06, 'global_step': 10830, 'zo_forward_step': 21662, 'max_steps': 20000, 'max_zo_forward_steps': 0, 'time': 1449, 'eps': 0.0001}
03/26/2026 02:10:26 - INFO - src.trainer -   {'loss': 1.458519697189331, 'learning_rate': 1e-06, 'global_step': 10840, 'zo_forward_step': 21682, 'max_steps': 20000, 'max_zo_forward_steps': 0, 'time': 1450, 'eps': 0.0001}
03/26/2026 02:10:27 - INFO - src.trainer -   {'loss': 0.8473885655403137, 'learning_rate': 1e-06, 'global_step': 10850, 'zo_forward_step': 21702, 'max_steps': 20000, 'max_zo_forward_steps': 0, 'time': 1451, 'eps': 0.0001}
03/26/2026 02:10:28 - INFO - src.trainer -   {'loss': 1.43160080909729, 'learning_rate': 1e-06, 'global_step': 10860, 'zo_forward_step': 21722, 'max_steps': 20000, 'max_zo_forward_steps': 0, 'time': 1452, 'eps': 0.0001}
03/26/2026 02:10:29 - INFO - src.trainer -   {'loss': 1.4538885354995728, 'learning_rate': 1e-06, 'global_step': 10870, 'zo_forward_step': 21742, 'max_steps': 20000, 'max_zo_forward_steps': 0, 'time': 1454, 'eps': 0.0001}
03/26/2026 02:10:30 - INFO - src.trainer -   {'loss': 0.8439027070999146, 'learning_rate': 1e-06, 'global_step': 10880, 'zo_forward_step': 21762, 'max_steps': 20000, 'max_zo_forward_steps': 0, 'time': 1455, 'eps': 0.0001}
03/26/2026 02:10:32 - INFO - src.trainer -   {'loss': 1.4146264791488647, 'learning_rate': 1e-06, 'global_step': 10890, 'zo_forward_step': 21782, 'max_steps': 20000, 'max_zo_forward_steps': 0, 'time': 1456, 'eps': 0.0001}
03/26/2026 02:10:33 - INFO - src.trainer -   {'loss': 1.453653335571289, 'learning_rate': 1e-06, 'global_step': 10900, 'zo_forward_step': 21802, 'max_steps': 20000, 'max_zo_forward_steps': 0, 'time': 1457, 'eps': 0.0001}
03/26/2026 02:10:34 - INFO - src.trainer -   {'loss': 0.8383706212043762, 'learning_rate': 1e-06, 'global_step': 10910, 'zo_forward_step': 21822, 'max_steps': 20000, 'max_zo_forward_steps': 0, 'time': 1458, 'eps': 0.0001}
03/26/2026 02:10:35 - INFO - src.trainer -   {'loss': 1.4257817268371582, 'learning_rate': 1e-06, 'global_step': 10920, 'zo_forward_step': 21842, 'max_steps': 20000, 'max_zo_forward_steps': 0, 'time': 1459, 'eps': 0.0001}
1080it [23:55,  1.12s/it]03/26/2026 02:10:36 - INFO - src.trainer -   {'loss': 1.44447660446167, 'learning_rate': 1e-06, 'global_step': 10930, 'zo_forward_step': 21862, 'max_steps': 20000, 'max_zo_forward_steps': 0, 'time': 1460, 'eps': 0.0001}
03/26/2026 02:10:37 - INFO - src.trainer -   {'loss': 0.8402698040008545, 'learning_rate': 1e-06, 'global_step': 10940, 'zo_forward_step': 21882, 'max_steps': 20000, 'max_zo_forward_steps': 0, 'time': 1461, 'eps': 0.0001}
03/26/2026 02:10:38 - INFO - src.trainer -   {'loss': 1.4231985807418823, 'learning_rate': 1e-06, 'global_step': 10950, 'zo_forward_step': 21902, 'max_steps': 20000, 'max_zo_forward_steps': 0, 'time': 1463, 'eps': 0.0001}
03/26/2026 02:10:40 - INFO - src.trainer -   {'loss': 1.4316293001174927, 'learning_rate': 1e-06, 'global_step': 10960, 'zo_forward_step': 21922, 'max_steps': 20000, 'max_zo_forward_steps': 0, 'time': 1464, 'eps': 0.0001}
03/26/2026 02:10:41 - INFO - src.trainer -   {'loss': 0.8431476950645447, 'learning_rate': 1e-06, 'global_step': 10970, 'zo_forward_step': 21942, 'max_steps': 20000, 'max_zo_forward_steps': 0, 'time': 1465, 'eps': 0.0001}
03/26/2026 02:10:42 - INFO - src.trainer -   {'loss': 1.416884422302246, 'learning_rate': 1e-06, 'global_step': 10980, 'zo_forward_step': 21962, 'max_steps': 20000, 'max_zo_forward_steps': 0, 'time': 1466, 'eps': 0.0001}
03/26/2026 02:10:43 - INFO - src.trainer -   {'loss': 1.436674952507019, 'learning_rate': 1e-06, 'global_step': 10990, 'zo_forward_step': 21982, 'max_steps': 20000, 'max_zo_forward_steps': 0, 'time': 1467, 'eps': 0.0001}
1081it [24:04,  1.60s/it]1092it [24:04,  1.08s/it]03/26/2026 02:10:44 - INFO - src.trainer -   {'eval_loss': 1.493075966835022, 'eval_acc': 0.3375}
03/26/2026 02:10:46 - INFO - src.trainer -   [zo_probe] step=11000 eps=1.000e-04 precision=fp32 n=16 mae=2.046558e-02 rmse=2.655059e-02 sign_acc=1.0000 corr=1.000000
03/26/2026 02:10:46 - INFO - src.trainer -   {'loss': 0.8282454013824463, 'learning_rate': 1e-06, 'global_step': 11000, 'zo_forward_step': 22002, 'max_steps': 20000, 'max_zo_forward_steps': 0, 'time': 1470, 'eps': 0.0001}
03/26/2026 02:10:47 - INFO - src.trainer -   {'loss': 1.416865587234497, 'learning_rate': 1e-06, 'global_step': 11010, 'zo_forward_step': 22022, 'max_steps': 20000, 'max_zo_forward_steps': 0, 'time': 1472, 'eps': 0.0001}
03/26/2026 02:10:49 - INFO - src.trainer -   {'loss': 1.4464433193206787, 'learning_rate': 1e-06, 'global_step': 11020, 'zo_forward_step': 22042, 'max_steps': 20000, 'max_zo_forward_steps': 0, 'time': 1473, 'eps': 0.0001}
03/26/2026 02:10:50 - INFO - src.trainer -   {'loss': 0.8481213450431824, 'learning_rate': 1e-06, 'global_step': 11030, 'zo_forward_step': 22062, 'max_steps': 20000, 'max_zo_forward_steps': 0, 'time': 1474, 'eps': 0.0001}
03/26/2026 02:10:51 - INFO - src.trainer -   {'loss': 1.4290080070495605, 'learning_rate': 1e-06, 'global_step': 11040, 'zo_forward_step': 22082, 'max_steps': 20000, 'max_zo_forward_steps': 0, 'time': 1475, 'eps': 0.0001}
03/26/2026 02:10:52 - INFO - src.trainer -   {'loss': 1.435618281364441, 'learning_rate': 1e-06, 'global_step': 11050, 'zo_forward_step': 22102, 'max_steps': 20000, 'max_zo_forward_steps': 0, 'time': 1476, 'eps': 0.0001}
03/26/2026 02:10:55 - INFO - src.trainer -   {'loss': 0.8256688714027405, 'learning_rate': 1e-06, 'global_step': 11060, 'zo_forward_step': 22122, 'max_steps': 20000, 'max_zo_forward_steps': 0, 'time': 1479, 'eps': 0.0001}
1100it [24:15,  1.08s/it]03/26/2026 02:10:56 - INFO - src.trainer -   {'loss': 1.4298145771026611, 'learning_rate': 1e-06, 'global_step': 11070, 'zo_forward_step': 22142, 'max_steps': 20000, 'max_zo_forward_steps': 0, 'time': 1480, 'eps': 0.0001}
03/26/2026 02:10:57 - INFO - src.trainer -   {'loss': 1.4449892044067383, 'learning_rate': 1e-06, 'global_step': 11080, 'zo_forward_step': 22162, 'max_steps': 20000, 'max_zo_forward_steps': 0, 'time': 1481, 'eps': 0.0001}
03/26/2026 02:10:58 - INFO - src.trainer -   {'loss': 0.824909508228302, 'learning_rate': 1e-06, 'global_step': 11090, 'zo_forward_step': 22182, 'max_steps': 20000, 'max_zo_forward_steps': 0, 'time': 1482, 'eps': 0.0001}
03/26/2026 02:10:59 - INFO - src.trainer -   {'loss': 1.4202158451080322, 'learning_rate': 1e-06, 'global_step': 11100, 'zo_forward_step': 22202, 'max_steps': 20000, 'max_zo_forward_steps': 0, 'time': 1484, 'eps': 0.0001}
03/26/2026 02:11:01 - INFO - src.trainer -   {'loss': 1.4427978992462158, 'learning_rate': 1e-06, 'global_step': 11110, 'zo_forward_step': 22222, 'max_steps': 20000, 'max_zo_forward_steps': 0, 'time': 1485, 'eps': 0.0001}
03/26/2026 02:11:02 - INFO - src.trainer -   {'loss': 0.826286792755127, 'learning_rate': 1e-06, 'global_step': 11120, 'zo_forward_step': 22242, 'max_steps': 20000, 'max_zo_forward_steps': 0, 'time': 1486, 'eps': 0.0001}
03/26/2026 02:11:03 - INFO - src.trainer -   {'loss': 1.4289789199829102, 'learning_rate': 1e-06, 'global_step': 11130, 'zo_forward_step': 22262, 'max_steps': 20000, 'max_zo_forward_steps': 0, 'time': 1487, 'eps': 0.0001}
03/26/2026 02:11:06 - INFO - src.trainer -   {'loss': 1.4343502521514893, 'learning_rate': 1e-06, 'global_step': 11140, 'zo_forward_step': 22282, 'max_steps': 20000, 'max_zo_forward_steps': 0, 'time': 1490, 'eps': 0.0001}
03/26/2026 02:11:07 - INFO - src.trainer -   {'loss': 0.8239898085594177, 'learning_rate': 1e-06, 'global_step': 11150, 'zo_forward_step': 22302, 'max_steps': 20000, 'max_zo_forward_steps': 0, 'time': 1491, 'eps': 0.0001}
03/26/2026 02:11:08 - INFO - src.trainer -   {'loss': 1.4237381219863892, 'learning_rate': 1e-06, 'global_step': 11160, 'zo_forward_step': 22322, 'max_steps': 20000, 'max_zo_forward_steps': 0, 'time': 1492, 'eps': 0.0001}
03/26/2026 02:11:09 - INFO - src.trainer -   {'loss': 1.451987862586975, 'learning_rate': 1e-06, 'global_step': 11170, 'zo_forward_step': 22342, 'max_steps': 20000, 'max_zo_forward_steps': 0, 'time': 1493, 'eps': 0.0001}
03/26/2026 02:11:10 - INFO - src.trainer -   {'loss': 0.8013277649879456, 'learning_rate': 1e-06, 'global_step': 11180, 'zo_forward_step': 22362, 'max_steps': 20000, 'max_zo_forward_steps': 0, 'time': 1494, 'eps': 0.0001}
03/26/2026 02:11:11 - INFO - src.trainer -   {'loss': 1.416919469833374, 'learning_rate': 1e-06, 'global_step': 11190, 'zo_forward_step': 22382, 'max_steps': 20000, 'max_zo_forward_steps': 0, 'time': 1496, 'eps': 0.0001}
1101it [24:32,  1.65s/it]1112it [24:32,  1.12s/it]03/26/2026 02:11:13 - INFO - src.trainer -   {'eval_loss': 1.488885521888733, 'eval_acc': 0.3375}
03/26/2026 02:11:16 - INFO - src.trainer -   [zo_probe] step=11200 eps=1.000e-04 precision=fp32 n=16 mae=1.234830e-01 rmse=1.780615e-01 sign_acc=1.0000 corr=0.999993
03/26/2026 02:11:16 - INFO - src.trainer -   {'loss': 1.4625897407531738, 'learning_rate': 1e-06, 'global_step': 11200, 'zo_forward_step': 22402, 'max_steps': 20000, 'max_zo_forward_steps': 0, 'time': 1500, 'eps': 0.0001}
03/26/2026 02:11:17 - INFO - src.trainer -   {'loss': 0.8029404878616333, 'learning_rate': 1e-06, 'global_step': 11210, 'zo_forward_step': 22422, 'max_steps': 20000, 'max_zo_forward_steps': 0, 'time': 1502, 'eps': 0.0001}
03/26/2026 02:11:19 - INFO - src.trainer -   {'loss': 1.4380719661712646, 'learning_rate': 1e-06, 'global_step': 11220, 'zo_forward_step': 22442, 'max_steps': 20000, 'max_zo_forward_steps': 0, 'time': 1503, 'eps': 0.0001}
03/26/2026 02:11:20 - INFO - src.trainer -   {'loss': 1.4423543214797974, 'learning_rate': 1e-06, 'global_step': 11230, 'zo_forward_step': 22462, 'max_steps': 20000, 'max_zo_forward_steps': 0, 'time': 1504, 'eps': 0.0001}
03/26/2026 02:11:21 - INFO - src.trainer -   {'loss': 0.8474389314651489, 'learning_rate': 1e-06, 'global_step': 11240, 'zo_forward_step': 22482, 'max_steps': 20000, 'max_zo_forward_steps': 0, 'time': 1505, 'eps': 0.0001}
03/26/2026 02:11:22 - INFO - src.trainer -   {'loss': 1.4012095928192139, 'learning_rate': 1e-06, 'global_step': 11250, 'zo_forward_step': 22502, 'max_steps': 20000, 'max_zo_forward_steps': 0, 'time': 1506, 'eps': 0.0001}
03/26/2026 02:11:23 - INFO - src.trainer -   {'loss': 1.4234098196029663, 'learning_rate': 1e-06, 'global_step': 11260, 'zo_forward_step': 22522, 'max_steps': 20000, 'max_zo_forward_steps': 0, 'time': 1507, 'eps': 0.0001}
03/26/2026 02:11:24 - INFO - src.trainer -   {'loss': 0.8512899279594421, 'learning_rate': 1e-06, 'global_step': 11270, 'zo_forward_step': 22542, 'max_steps': 20000, 'max_zo_forward_steps': 0, 'time': 1508, 'eps': 0.0001}
1120it [24:45,  1.12s/it]03/26/2026 02:11:27 - INFO - src.trainer -   {'loss': 1.3759174346923828, 'learning_rate': 1e-06, 'global_step': 11280, 'zo_forward_step': 22562, 'max_steps': 20000, 'max_zo_forward_steps': 0, 'time': 1511, 'eps': 0.0001}
03/26/2026 02:11:28 - INFO - src.trainer -   {'loss': 1.4302605390548706, 'learning_rate': 1e-06, 'global_step': 11290, 'zo_forward_step': 22582, 'max_steps': 20000, 'max_zo_forward_steps': 0, 'time': 1512, 'eps': 0.0001}
03/26/2026 02:11:29 - INFO - src.trainer -   {'loss': 0.8528638482093811, 'learning_rate': 1e-06, 'global_step': 11300, 'zo_forward_step': 22602, 'max_steps': 20000, 'max_zo_forward_steps': 0, 'time': 1514, 'eps': 0.0001}
03/26/2026 02:11:31 - INFO - src.trainer -   {'loss': 1.388465404510498, 'learning_rate': 1e-06, 'global_step': 11310, 'zo_forward_step': 22622, 'max_steps': 20000, 'max_zo_forward_steps': 0, 'time': 1515, 'eps': 0.0001}
03/26/2026 02:11:32 - INFO - src.trainer -   {'loss': 1.420261025428772, 'learning_rate': 1e-06, 'global_step': 11320, 'zo_forward_step': 22642, 'max_steps': 20000, 'max_zo_forward_steps': 0, 'time': 1516, 'eps': 0.0001}
03/26/2026 02:11:33 - INFO - src.trainer -   {'loss': 0.844550371170044, 'learning_rate': 1e-06, 'global_step': 11330, 'zo_forward_step': 22662, 'max_steps': 20000, 'max_zo_forward_steps': 0, 'time': 1517, 'eps': 0.0001}
03/26/2026 02:11:34 - INFO - src.trainer -   {'loss': 1.3978934288024902, 'learning_rate': 1e-06, 'global_step': 11340, 'zo_forward_step': 22682, 'max_steps': 20000, 'max_zo_forward_steps': 0, 'time': 1518, 'eps': 0.0001}
03/26/2026 02:11:35 - INFO - src.trainer -   {'loss': 1.4013309478759766, 'learning_rate': 1e-06, 'global_step': 11350, 'zo_forward_step': 22702, 'max_steps': 20000, 'max_zo_forward_steps': 0, 'time': 1519, 'eps': 0.0001}
03/26/2026 02:11:36 - INFO - src.trainer -   {'loss': 0.8624632954597473, 'learning_rate': 1e-06, 'global_step': 11360, 'zo_forward_step': 22722, 'max_steps': 20000, 'max_zo_forward_steps': 0, 'time': 1520, 'eps': 0.0001}
03/26/2026 02:11:37 - INFO - src.trainer -   {'loss': 1.4011764526367188, 'learning_rate': 1e-06, 'global_step': 11370, 'zo_forward_step': 22742, 'max_steps': 20000, 'max_zo_forward_steps': 0, 'time': 1522, 'eps': 0.0001}
03/26/2026 02:11:39 - INFO - src.trainer -   {'loss': 1.4392212629318237, 'learning_rate': 1e-06, 'global_step': 11380, 'zo_forward_step': 22762, 'max_steps': 20000, 'max_zo_forward_steps': 0, 'time': 1523, 'eps': 0.0001}
03/26/2026 02:11:40 - INFO - src.trainer -   {'loss': 0.8390392065048218, 'learning_rate': 1e-06, 'global_step': 11390, 'zo_forward_step': 22782, 'max_steps': 20000, 'max_zo_forward_steps': 0, 'time': 1524, 'eps': 0.0001}
1121it [25:00,  1.67s/it]1132it [25:00,  1.13s/it]03/26/2026 02:11:41 - INFO - src.trainer -   {'eval_loss': 1.4804922342300415, 'eval_acc': 0.3875}
03/26/2026 02:11:45 - INFO - src.trainer -   [zo_probe] step=11400 eps=1.000e-04 precision=fp32 n=16 mae=7.618186e-02 rmse=2.371233e-01 sign_acc=1.0000 corr=0.999975
03/26/2026 02:11:45 - INFO - src.trainer -   {'loss': 1.4046447277069092, 'learning_rate': 1e-06, 'global_step': 11400, 'zo_forward_step': 22802, 'max_steps': 20000, 'max_zo_forward_steps': 0, 'time': 1529, 'eps': 0.0001}
03/26/2026 02:11:46 - INFO - src.trainer -   {'loss': 1.4451603889465332, 'learning_rate': 1e-06, 'global_step': 11410, 'zo_forward_step': 22822, 'max_steps': 20000, 'max_zo_forward_steps': 0, 'time': 1530, 'eps': 0.0001}
03/26/2026 02:11:47 - INFO - src.trainer -   {'loss': 0.8423637747764587, 'learning_rate': 1e-06, 'global_step': 11420, 'zo_forward_step': 22842, 'max_steps': 20000, 'max_zo_forward_steps': 0, 'time': 1531, 'eps': 0.0001}
03/26/2026 02:11:48 - INFO - src.trainer -   {'loss': 1.395577311515808, 'learning_rate': 1e-06, 'global_step': 11430, 'zo_forward_step': 22862, 'max_steps': 20000, 'max_zo_forward_steps': 0, 'time': 1532, 'eps': 0.0001}
03/26/2026 02:11:49 - INFO - src.trainer -   {'loss': 1.4492040872573853, 'learning_rate': 1e-06, 'global_step': 11440, 'zo_forward_step': 22882, 'max_steps': 20000, 'max_zo_forward_steps': 0, 'time': 1534, 'eps': 0.0001}
03/26/2026 02:11:51 - INFO - src.trainer -   {'loss': 0.8265061378479004, 'learning_rate': 1e-06, 'global_step': 11450, 'zo_forward_step': 22902, 'max_steps': 20000, 'max_zo_forward_steps': 0, 'time': 1535, 'eps': 0.0001}
03/26/2026 02:11:52 - INFO - src.trainer -   {'loss': 1.3797011375427246, 'learning_rate': 1e-06, 'global_step': 11460, 'zo_forward_step': 22922, 'max_steps': 20000, 'max_zo_forward_steps': 0, 'time': 1536, 'eps': 0.0001}
03/26/2026 02:11:53 - INFO - src.trainer -   {'loss': 1.4559946060180664, 'learning_rate': 1e-06, 'global_step': 11470, 'zo_forward_step': 22942, 'max_steps': 20000, 'max_zo_forward_steps': 0, 'time': 1537, 'eps': 0.0001}
03/26/2026 02:11:54 - INFO - src.trainer -   {'loss': 0.827930748462677, 'learning_rate': 1e-06, 'global_step': 11480, 'zo_forward_step': 22962, 'max_steps': 20000, 'max_zo_forward_steps': 0, 'time': 1538, 'eps': 0.0001}
03/26/2026 02:11:55 - INFO - src.trainer -   {'loss': 1.3589842319488525, 'learning_rate': 1e-06, 'global_step': 11490, 'zo_forward_step': 22982, 'max_steps': 20000, 'max_zo_forward_steps': 0, 'time': 1539, 'eps': 0.0001}
1140it [25:15,  1.13s/it]03/26/2026 02:11:56 - INFO - src.trainer -   {'loss': 1.451766014099121, 'learning_rate': 1e-06, 'global_step': 11500, 'zo_forward_step': 23002, 'max_steps': 20000, 'max_zo_forward_steps': 0, 'time': 1540, 'eps': 0.0001}
03/26/2026 02:11:57 - INFO - src.trainer -   {'loss': 0.8155128955841064, 'learning_rate': 1e-06, 'global_step': 11510, 'zo_forward_step': 23022, 'max_steps': 20000, 'max_zo_forward_steps': 0, 'time': 1541, 'eps': 0.0001}
03/26/2026 02:11:58 - INFO - src.trainer -   {'loss': 1.3790372610092163, 'learning_rate': 1e-06, 'global_step': 11520, 'zo_forward_step': 23042, 'max_steps': 20000, 'max_zo_forward_steps': 0, 'time': 1543, 'eps': 0.0001}
03/26/2026 02:12:00 - INFO - src.trainer -   {'loss': 1.4414584636688232, 'learning_rate': 1e-06, 'global_step': 11530, 'zo_forward_step': 23062, 'max_steps': 20000, 'max_zo_forward_steps': 0, 'time': 1544, 'eps': 0.0001}
03/26/2026 02:12:01 - INFO - src.trainer -   {'loss': 0.8089418411254883, 'learning_rate': 1e-06, 'global_step': 11540, 'zo_forward_step': 23082, 'max_steps': 20000, 'max_zo_forward_steps': 0, 'time': 1545, 'eps': 0.0001}
03/26/2026 02:12:02 - INFO - src.trainer -   {'loss': 1.380387783050537, 'learning_rate': 1e-06, 'global_step': 11550, 'zo_forward_step': 23102, 'max_steps': 20000, 'max_zo_forward_steps': 0, 'time': 1546, 'eps': 0.0001}
03/26/2026 02:12:03 - INFO - src.trainer -   {'loss': 1.4240665435791016, 'learning_rate': 1e-06, 'global_step': 11560, 'zo_forward_step': 23122, 'max_steps': 20000, 'max_zo_forward_steps': 0, 'time': 1547, 'eps': 0.0001}
03/26/2026 02:12:04 - INFO - src.trainer -   {'loss': 0.8187640905380249, 'learning_rate': 1e-06, 'global_step': 11570, 'zo_forward_step': 23142, 'max_steps': 20000, 'max_zo_forward_steps': 0, 'time': 1548, 'eps': 0.0001}
03/26/2026 02:12:05 - INFO - src.trainer -   {'loss': 1.3723294734954834, 'learning_rate': 1e-06, 'global_step': 11580, 'zo_forward_step': 23162, 'max_steps': 20000, 'max_zo_forward_steps': 0, 'time': 1549, 'eps': 0.0001}
03/26/2026 02:12:06 - INFO - src.trainer -   {'loss': 1.4431885480880737, 'learning_rate': 1e-06, 'global_step': 11590, 'zo_forward_step': 23182, 'max_steps': 20000, 'max_zo_forward_steps': 0, 'time': 1551, 'eps': 0.0001}
1141it [25:27,  1.64s/it]1152it [25:27,  1.11s/it]03/26/2026 02:12:08 - INFO - src.trainer -   {'eval_loss': 1.480464220046997, 'eval_acc': 0.3375}
03/26/2026 02:12:10 - INFO - src.trainer -   [zo_probe] step=11600 eps=1.000e-04 precision=fp32 n=16 mae=3.398955e-02 rmse=5.137031e-02 sign_acc=1.0000 corr=0.999999
03/26/2026 02:12:10 - INFO - src.trainer -   {'loss': 0.8038232326507568, 'learning_rate': 1e-06, 'global_step': 11600, 'zo_forward_step': 23202, 'max_steps': 20000, 'max_zo_forward_steps': 0, 'time': 1554, 'eps': 0.0001}
03/26/2026 02:12:11 - INFO - src.trainer -   {'loss': 1.3941831588745117, 'learning_rate': 1e-06, 'global_step': 11610, 'zo_forward_step': 23222, 'max_steps': 20000, 'max_zo_forward_steps': 0, 'time': 1555, 'eps': 0.0001}
03/26/2026 02:12:12 - INFO - src.trainer -   {'loss': 1.436792016029358, 'learning_rate': 1e-06, 'global_step': 11620, 'zo_forward_step': 23242, 'max_steps': 20000, 'max_zo_forward_steps': 0, 'time': 1556, 'eps': 0.0001}
03/26/2026 02:12:13 - INFO - src.trainer -   {'loss': 0.8008219003677368, 'learning_rate': 1e-06, 'global_step': 11630, 'zo_forward_step': 23262, 'max_steps': 20000, 'max_zo_forward_steps': 0, 'time': 1557, 'eps': 0.0001}
03/26/2026 02:12:14 - INFO - src.trainer -   {'loss': 1.3760340213775635, 'learning_rate': 1e-06, 'global_step': 11640, 'zo_forward_step': 23282, 'max_steps': 20000, 'max_zo_forward_steps': 0, 'time': 1558, 'eps': 0.0001}
03/26/2026 02:12:15 - INFO - src.trainer -   {'loss': 1.4515525102615356, 'learning_rate': 1e-06, 'global_step': 11650, 'zo_forward_step': 23302, 'max_steps': 20000, 'max_zo_forward_steps': 0, 'time': 1560, 'eps': 0.0001}
03/26/2026 02:12:17 - INFO - src.trainer -   {'loss': 0.821053147315979, 'learning_rate': 1e-06, 'global_step': 11660, 'zo_forward_step': 23322, 'max_steps': 20000, 'max_zo_forward_steps': 0, 'time': 1561, 'eps': 0.0001}
03/26/2026 02:12:18 - INFO - src.trainer -   {'loss': 1.3666003942489624, 'learning_rate': 1e-06, 'global_step': 11670, 'zo_forward_step': 23342, 'max_steps': 20000, 'max_zo_forward_steps': 0, 'time': 1562, 'eps': 0.0001}
03/26/2026 02:12:19 - INFO - src.trainer -   {'loss': 1.450918197631836, 'learning_rate': 1e-06, 'global_step': 11680, 'zo_forward_step': 23362, 'max_steps': 20000, 'max_zo_forward_steps': 0, 'time': 1563, 'eps': 0.0001}
03/26/2026 02:12:20 - INFO - src.trainer -   {'loss': 0.8033195734024048, 'learning_rate': 1e-06, 'global_step': 11690, 'zo_forward_step': 23382, 'max_steps': 20000, 'max_zo_forward_steps': 0, 'time': 1564, 'eps': 0.0001}
03/26/2026 02:12:21 - INFO - src.trainer -   {'loss': 1.3714678287506104, 'learning_rate': 1e-06, 'global_step': 11700, 'zo_forward_step': 23402, 'max_steps': 20000, 'max_zo_forward_steps': 0, 'time': 1565, 'eps': 0.0001}
03/26/2026 02:12:22 - INFO - src.trainer -   {'loss': 1.4671385288238525, 'learning_rate': 1e-06, 'global_step': 11710, 'zo_forward_step': 23422, 'max_steps': 20000, 'max_zo_forward_steps': 0, 'time': 1566, 'eps': 0.0001}
03/26/2026 02:12:23 - INFO - src.trainer -   {'loss': 0.8025229573249817, 'learning_rate': 1e-06, 'global_step': 11720, 'zo_forward_step': 23442, 'max_steps': 20000, 'max_zo_forward_steps': 0, 'time': 1567, 'eps': 0.0001}
03/26/2026 02:12:24 - INFO - src.trainer -   {'loss': 1.3701728582382202, 'learning_rate': 1e-06, 'global_step': 11730, 'zo_forward_step': 23462, 'max_steps': 20000, 'max_zo_forward_steps': 0, 'time': 1569, 'eps': 0.0001}
1160it [25:45,  1.11s/it]03/26/2026 02:12:26 - INFO - src.trainer -   {'loss': 1.4531774520874023, 'learning_rate': 1e-06, 'global_step': 11740, 'zo_forward_step': 23482, 'max_steps': 20000, 'max_zo_forward_steps': 0, 'time': 1570, 'eps': 0.0001}
03/26/2026 02:12:27 - INFO - src.trainer -   {'loss': 0.7904812097549438, 'learning_rate': 1e-06, 'global_step': 11750, 'zo_forward_step': 23502, 'max_steps': 20000, 'max_zo_forward_steps': 0, 'time': 1571, 'eps': 0.0001}
03/26/2026 02:12:28 - INFO - src.trainer -   {'loss': 1.3636547327041626, 'learning_rate': 1e-06, 'global_step': 11760, 'zo_forward_step': 23522, 'max_steps': 20000, 'max_zo_forward_steps': 0, 'time': 1572, 'eps': 0.0001}
03/26/2026 02:12:29 - INFO - src.trainer -   {'loss': 1.4520797729492188, 'learning_rate': 1e-06, 'global_step': 11770, 'zo_forward_step': 23542, 'max_steps': 20000, 'max_zo_forward_steps': 0, 'time': 1573, 'eps': 0.0001}
03/26/2026 02:12:30 - INFO - src.trainer -   {'loss': 0.7933497428894043, 'learning_rate': 1e-06, 'global_step': 11780, 'zo_forward_step': 23562, 'max_steps': 20000, 'max_zo_forward_steps': 0, 'time': 1574, 'eps': 0.0001}
03/26/2026 02:12:31 - INFO - src.trainer -   {'loss': 1.368924617767334, 'learning_rate': 1e-06, 'global_step': 11790, 'zo_forward_step': 23582, 'max_steps': 20000, 'max_zo_forward_steps': 0, 'time': 1576, 'eps': 0.0001}
1161it [25:53,  1.59s/it]1172it [25:53,  1.08s/it]03/26/2026 02:12:34 - INFO - src.trainer -   {'eval_loss': 1.4841333627700806, 'eval_acc': 0.325}
03/26/2026 02:12:37 - INFO - src.trainer -   [zo_probe] step=11800 eps=1.000e-04 precision=fp32 n=16 mae=6.436282e-01 rmse=9.710182e-01 sign_acc=0.9375 corr=0.999717
03/26/2026 02:12:37 - INFO - src.trainer -   {'loss': 1.438531517982483, 'learning_rate': 1e-06, 'global_step': 11800, 'zo_forward_step': 23602, 'max_steps': 20000, 'max_zo_forward_steps': 0, 'time': 1581, 'eps': 0.0001}
03/26/2026 02:12:38 - INFO - src.trainer -   {'loss': 0.8245854377746582, 'learning_rate': 1e-06, 'global_step': 11810, 'zo_forward_step': 23622, 'max_steps': 20000, 'max_zo_forward_steps': 0, 'time': 1582, 'eps': 0.0001}
03/26/2026 02:12:39 - INFO - src.trainer -   {'loss': 1.3872771263122559, 'learning_rate': 1e-06, 'global_step': 11820, 'zo_forward_step': 23642, 'max_steps': 20000, 'max_zo_forward_steps': 0, 'time': 1583, 'eps': 0.0001}
03/26/2026 02:12:40 - INFO - src.trainer -   {'loss': 1.4255460500717163, 'learning_rate': 1e-06, 'global_step': 11830, 'zo_forward_step': 23662, 'max_steps': 20000, 'max_zo_forward_steps': 0, 'time': 1584, 'eps': 0.0001}
03/26/2026 02:12:41 - INFO - src.trainer -   {'loss': 0.8378989696502686, 'learning_rate': 1e-06, 'global_step': 11840, 'zo_forward_step': 23682, 'max_steps': 20000, 'max_zo_forward_steps': 0, 'time': 1585, 'eps': 0.0001}
03/26/2026 02:12:42 - INFO - src.trainer -   {'loss': 1.3651148080825806, 'learning_rate': 1e-06, 'global_step': 11850, 'zo_forward_step': 23702, 'max_steps': 20000, 'max_zo_forward_steps': 0, 'time': 1587, 'eps': 0.0001}
03/26/2026 02:12:44 - INFO - src.trainer -   {'loss': 1.4271254539489746, 'learning_rate': 1e-06, 'global_step': 11860, 'zo_forward_step': 23722, 'max_steps': 20000, 'max_zo_forward_steps': 0, 'time': 1588, 'eps': 0.0001}
03/26/2026 02:12:45 - INFO - src.trainer -   {'loss': 0.8256689310073853, 'learning_rate': 1e-06, 'global_step': 11870, 'zo_forward_step': 23742, 'max_steps': 20000, 'max_zo_forward_steps': 0, 'time': 1589, 'eps': 0.0001}
1180it [26:05,  1.08s/it]03/26/2026 02:12:46 - INFO - src.trainer -   {'loss': 1.3587195873260498, 'learning_rate': 1e-06, 'global_step': 11880, 'zo_forward_step': 23762, 'max_steps': 20000, 'max_zo_forward_steps': 0, 'time': 1590, 'eps': 0.0001}
03/26/2026 02:12:47 - INFO - src.trainer -   {'loss': 1.4175792932510376, 'learning_rate': 1e-06, 'global_step': 11890, 'zo_forward_step': 23782, 'max_steps': 20000, 'max_zo_forward_steps': 0, 'time': 1591, 'eps': 0.0001}
03/26/2026 02:12:48 - INFO - src.trainer -   {'loss': 0.8176562190055847, 'learning_rate': 1e-06, 'global_step': 11900, 'zo_forward_step': 23802, 'max_steps': 20000, 'max_zo_forward_steps': 0, 'time': 1592, 'eps': 0.0001}
03/26/2026 02:12:49 - INFO - src.trainer -   {'loss': 1.3617695569992065, 'learning_rate': 1e-06, 'global_step': 11910, 'zo_forward_step': 23822, 'max_steps': 20000, 'max_zo_forward_steps': 0, 'time': 1594, 'eps': 0.0001}
03/26/2026 02:12:51 - INFO - src.trainer -   {'loss': 1.4327077865600586, 'learning_rate': 1e-06, 'global_step': 11920, 'zo_forward_step': 23842, 'max_steps': 20000, 'max_zo_forward_steps': 0, 'time': 1595, 'eps': 0.0001}
03/26/2026 02:12:52 - INFO - src.trainer -   {'loss': 0.8331412076950073, 'learning_rate': 1e-06, 'global_step': 11930, 'zo_forward_step': 23862, 'max_steps': 20000, 'max_zo_forward_steps': 0, 'time': 1596, 'eps': 0.0001}
03/26/2026 02:12:53 - INFO - src.trainer -   {'loss': 1.3488538265228271, 'learning_rate': 1e-06, 'global_step': 11940, 'zo_forward_step': 23882, 'max_steps': 20000, 'max_zo_forward_steps': 0, 'time': 1597, 'eps': 0.0001}
03/26/2026 02:12:54 - INFO - src.trainer -   {'loss': 1.418584942817688, 'learning_rate': 1e-06, 'global_step': 11950, 'zo_forward_step': 23902, 'max_steps': 20000, 'max_zo_forward_steps': 0, 'time': 1598, 'eps': 0.0001}
03/26/2026 02:12:55 - INFO - src.trainer -   {'loss': 0.8271708488464355, 'learning_rate': 1e-06, 'global_step': 11960, 'zo_forward_step': 23922, 'max_steps': 20000, 'max_zo_forward_steps': 0, 'time': 1599, 'eps': 0.0001}
03/26/2026 02:12:56 - INFO - src.trainer -   {'loss': 1.3564976453781128, 'learning_rate': 1e-06, 'global_step': 11970, 'zo_forward_step': 23942, 'max_steps': 20000, 'max_zo_forward_steps': 0, 'time': 1600, 'eps': 0.0001}
03/26/2026 02:12:57 - INFO - src.trainer -   {'loss': 1.4265745878219604, 'learning_rate': 1e-06, 'global_step': 11980, 'zo_forward_step': 23962, 'max_steps': 20000, 'max_zo_forward_steps': 0, 'time': 1601, 'eps': 0.0001}
03/26/2026 02:12:58 - INFO - src.trainer -   {'loss': 0.8396649956703186, 'learning_rate': 1e-06, 'global_step': 11990, 'zo_forward_step': 23982, 'max_steps': 20000, 'max_zo_forward_steps': 0, 'time': 1603, 'eps': 0.0001}
1181it [26:19,  1.57s/it]1192it [26:19,  1.07s/it]03/26/2026 02:13:00 - INFO - src.trainer -   {'eval_loss': 1.4738088846206665, 'eval_acc': 0.3625}
03/26/2026 02:13:03 - INFO - src.trainer -   [zo_probe] step=12000 eps=1.000e-04 precision=fp32 n=16 mae=2.494276e-02 rmse=3.243624e-02 sign_acc=1.0000 corr=1.000000
03/26/2026 02:13:03 - INFO - src.trainer -   {'loss': 1.3776839971542358, 'learning_rate': 1e-06, 'global_step': 12000, 'zo_forward_step': 24002, 'max_steps': 20000, 'max_zo_forward_steps': 0, 'time': 1607, 'eps': 0.0001}
03/26/2026 02:13:04 - INFO - src.trainer -   {'loss': 1.3974318504333496, 'learning_rate': 1e-06, 'global_step': 12010, 'zo_forward_step': 24022, 'max_steps': 20000, 'max_zo_forward_steps': 0, 'time': 1608, 'eps': 0.0001}
03/26/2026 02:13:06 - INFO - src.trainer -   {'loss': 0.8271510004997253, 'learning_rate': 1e-06, 'global_step': 12020, 'zo_forward_step': 24042, 'max_steps': 20000, 'max_zo_forward_steps': 0, 'time': 1610, 'eps': 0.0001}
03/26/2026 02:13:07 - INFO - src.trainer -   {'loss': 1.394037127494812, 'learning_rate': 1e-06, 'global_step': 12030, 'zo_forward_step': 24062, 'max_steps': 20000, 'max_zo_forward_steps': 0, 'time': 1611, 'eps': 0.0001}
03/26/2026 02:13:08 - INFO - src.trainer -   {'loss': 1.3936234712600708, 'learning_rate': 1e-06, 'global_step': 12040, 'zo_forward_step': 24082, 'max_steps': 20000, 'max_zo_forward_steps': 0, 'time': 1612, 'eps': 0.0001}
03/26/2026 02:13:09 - INFO - src.trainer -   {'loss': 0.8169012665748596, 'learning_rate': 1e-06, 'global_step': 12050, 'zo_forward_step': 24102, 'max_steps': 20000, 'max_zo_forward_steps': 0, 'time': 1613, 'eps': 0.0001}
03/26/2026 02:13:10 - INFO - src.trainer -   {'loss': 1.4107887744903564, 'learning_rate': 1e-06, 'global_step': 12060, 'zo_forward_step': 24122, 'max_steps': 20000, 'max_zo_forward_steps': 0, 'time': 1615, 'eps': 0.0001}
03/26/2026 02:13:12 - INFO - src.trainer -   {'loss': 1.386847734451294, 'learning_rate': 1e-06, 'global_step': 12070, 'zo_forward_step': 24142, 'max_steps': 20000, 'max_zo_forward_steps': 0, 'time': 1616, 'eps': 0.0001}
03/26/2026 02:13:13 - INFO - src.trainer -   {'loss': 0.8228244185447693, 'learning_rate': 1e-06, 'global_step': 12080, 'zo_forward_step': 24162, 'max_steps': 20000, 'max_zo_forward_steps': 0, 'time': 1617, 'eps': 0.0001}
03/26/2026 02:13:15 - INFO - src.trainer -   {'loss': 1.4181115627288818, 'learning_rate': 1e-06, 'global_step': 12090, 'zo_forward_step': 24182, 'max_steps': 20000, 'max_zo_forward_steps': 0, 'time': 1619, 'eps': 0.0001}
1200it [26:35,  1.07s/it]03/26/2026 02:13:16 - INFO - src.trainer -   {'loss': 1.3854440450668335, 'learning_rate': 1e-06, 'global_step': 12100, 'zo_forward_step': 24202, 'max_steps': 20000, 'max_zo_forward_steps': 0, 'time': 1621, 'eps': 0.0001}
03/26/2026 02:13:17 - INFO - src.trainer -   {'loss': 0.7999629378318787, 'learning_rate': 1e-06, 'global_step': 12110, 'zo_forward_step': 24222, 'max_steps': 20000, 'max_zo_forward_steps': 0, 'time': 1622, 'eps': 0.0001}
03/26/2026 02:13:19 - INFO - src.trainer -   {'loss': 1.4094852209091187, 'learning_rate': 1e-06, 'global_step': 12120, 'zo_forward_step': 24242, 'max_steps': 20000, 'max_zo_forward_steps': 0, 'time': 1623, 'eps': 0.0001}
03/26/2026 02:13:20 - INFO - src.trainer -   {'loss': 1.4005389213562012, 'learning_rate': 1e-06, 'global_step': 12130, 'zo_forward_step': 24262, 'max_steps': 20000, 'max_zo_forward_steps': 0, 'time': 1624, 'eps': 0.0001}
03/26/2026 02:13:21 - INFO - src.trainer -   {'loss': 0.7816104888916016, 'learning_rate': 1e-06, 'global_step': 12140, 'zo_forward_step': 24282, 'max_steps': 20000, 'max_zo_forward_steps': 0, 'time': 1625, 'eps': 0.0001}
03/26/2026 02:13:22 - INFO - src.trainer -   {'loss': 1.409822702407837, 'learning_rate': 1e-06, 'global_step': 12150, 'zo_forward_step': 24302, 'max_steps': 20000, 'max_zo_forward_steps': 0, 'time': 1626, 'eps': 0.0001}
03/26/2026 02:13:23 - INFO - src.trainer -   {'loss': 1.3887361288070679, 'learning_rate': 1e-06, 'global_step': 12160, 'zo_forward_step': 24322, 'max_steps': 20000, 'max_zo_forward_steps': 0, 'time': 1627, 'eps': 0.0001}
03/26/2026 02:13:25 - INFO - src.trainer -   {'loss': 0.7764641642570496, 'learning_rate': 1e-06, 'global_step': 12170, 'zo_forward_step': 24342, 'max_steps': 20000, 'max_zo_forward_steps': 0, 'time': 1629, 'eps': 0.0001}
03/26/2026 02:13:26 - INFO - src.trainer -   {'loss': 1.403519630432129, 'learning_rate': 1e-06, 'global_step': 12180, 'zo_forward_step': 24362, 'max_steps': 20000, 'max_zo_forward_steps': 0, 'time': 1630, 'eps': 0.0001}
03/26/2026 02:13:27 - INFO - src.trainer -   {'loss': 1.3989205360412598, 'learning_rate': 1e-06, 'global_step': 12190, 'zo_forward_step': 24382, 'max_steps': 20000, 'max_zo_forward_steps': 0, 'time': 1631, 'eps': 0.0001}
1201it [26:47,  1.64s/it]1212it [26:48,  1.11s/it]03/26/2026 02:13:28 - INFO - src.trainer -   {'eval_loss': 1.4711694717407227, 'eval_acc': 0.4}
03/26/2026 02:13:28 - INFO - src.trainer -   Best dev result: 0.4
03/26/2026 02:13:30 - INFO - src.trainer -   [zo_probe] step=12200 eps=1.000e-04 precision=fp32 n=16 mae=1.687690e-01 rmse=2.915400e-01 sign_acc=1.0000 corr=0.999956
03/26/2026 02:13:30 - INFO - src.trainer -   {'loss': 0.7677581310272217, 'learning_rate': 1e-06, 'global_step': 12200, 'zo_forward_step': 24402, 'max_steps': 20000, 'max_zo_forward_steps': 0, 'time': 1634, 'eps': 0.0001}
03/26/2026 02:13:31 - INFO - src.trainer -   {'loss': 1.4051743745803833, 'learning_rate': 1e-06, 'global_step': 12210, 'zo_forward_step': 24422, 'max_steps': 20000, 'max_zo_forward_steps': 0, 'time': 1636, 'eps': 0.0001}
03/26/2026 02:13:33 - INFO - src.trainer -   {'loss': 1.411761999130249, 'learning_rate': 1e-06, 'global_step': 12220, 'zo_forward_step': 24442, 'max_steps': 20000, 'max_zo_forward_steps': 0, 'time': 1637, 'eps': 0.0001}
03/26/2026 02:13:34 - INFO - src.trainer -   {'loss': 0.7696857452392578, 'learning_rate': 1e-06, 'global_step': 12230, 'zo_forward_step': 24462, 'max_steps': 20000, 'max_zo_forward_steps': 0, 'time': 1638, 'eps': 0.0001}
03/26/2026 02:13:35 - INFO - src.trainer -   {'loss': 1.385353684425354, 'learning_rate': 1e-06, 'global_step': 12240, 'zo_forward_step': 24482, 'max_steps': 20000, 'max_zo_forward_steps': 0, 'time': 1639, 'eps': 0.0001}
03/26/2026 02:13:36 - INFO - src.trainer -   {'loss': 1.4227876663208008, 'learning_rate': 1e-06, 'global_step': 12250, 'zo_forward_step': 24502, 'max_steps': 20000, 'max_zo_forward_steps': 0, 'time': 1640, 'eps': 0.0001}
03/26/2026 02:13:37 - INFO - src.trainer -   {'loss': 0.7619072198867798, 'learning_rate': 1e-06, 'global_step': 12260, 'zo_forward_step': 24522, 'max_steps': 20000, 'max_zo_forward_steps': 0, 'time': 1641, 'eps': 0.0001}
03/26/2026 02:13:38 - INFO - src.trainer -   {'loss': 1.3864666223526, 'learning_rate': 1e-06, 'global_step': 12270, 'zo_forward_step': 24542, 'max_steps': 20000, 'max_zo_forward_steps': 0, 'time': 1642, 'eps': 0.0001}
03/26/2026 02:13:40 - INFO - src.trainer -   {'loss': 1.4333784580230713, 'learning_rate': 1e-06, 'global_step': 12280, 'zo_forward_step': 24562, 'max_steps': 20000, 'max_zo_forward_steps': 0, 'time': 1644, 'eps': 0.0001}
03/26/2026 02:13:41 - INFO - src.trainer -   {'loss': 0.7513554096221924, 'learning_rate': 1e-06, 'global_step': 12290, 'zo_forward_step': 24582, 'max_steps': 20000, 'max_zo_forward_steps': 0, 'time': 1645, 'eps': 0.0001}
03/26/2026 02:13:42 - INFO - src.trainer -   {'loss': 1.3762465715408325, 'learning_rate': 1e-06, 'global_step': 12300, 'zo_forward_step': 24602, 'max_steps': 20000, 'max_zo_forward_steps': 0, 'time': 1646, 'eps': 0.0001}
03/26/2026 02:13:43 - INFO - src.trainer -   {'loss': 1.4270758628845215, 'learning_rate': 1e-06, 'global_step': 12310, 'zo_forward_step': 24622, 'max_steps': 20000, 'max_zo_forward_steps': 0, 'time': 1647, 'eps': 0.0001}
03/26/2026 02:13:44 - INFO - src.trainer -   {'loss': 0.7515290379524231, 'learning_rate': 1e-06, 'global_step': 12320, 'zo_forward_step': 24642, 'max_steps': 20000, 'max_zo_forward_steps': 0, 'time': 1648, 'eps': 0.0001}
03/26/2026 02:13:45 - INFO - src.trainer -   {'loss': 1.3815443515777588, 'learning_rate': 1e-06, 'global_step': 12330, 'zo_forward_step': 24662, 'max_steps': 20000, 'max_zo_forward_steps': 0, 'time': 1649, 'eps': 0.0001}
1220it [27:05,  1.11s/it]03/26/2026 02:13:46 - INFO - src.trainer -   {'loss': 1.4297211170196533, 'learning_rate': 1e-06, 'global_step': 12340, 'zo_forward_step': 24682, 'max_steps': 20000, 'max_zo_forward_steps': 0, 'time': 1650, 'eps': 0.0001}
03/26/2026 02:13:47 - INFO - src.trainer -   {'loss': 0.7642842531204224, 'learning_rate': 1e-06, 'global_step': 12350, 'zo_forward_step': 24702, 'max_steps': 20000, 'max_zo_forward_steps': 0, 'time': 1652, 'eps': 0.0001}
03/26/2026 02:13:49 - INFO - src.trainer -   {'loss': 1.3701637983322144, 'learning_rate': 1e-06, 'global_step': 12360, 'zo_forward_step': 24722, 'max_steps': 20000, 'max_zo_forward_steps': 0, 'time': 1653, 'eps': 0.0001}
03/26/2026 02:13:50 - INFO - src.trainer -   {'loss': 1.416747808456421, 'learning_rate': 1e-06, 'global_step': 12370, 'zo_forward_step': 24742, 'max_steps': 20000, 'max_zo_forward_steps': 0, 'time': 1654, 'eps': 0.0001}
03/26/2026 02:13:51 - INFO - src.trainer -   {'loss': 0.769248902797699, 'learning_rate': 1e-06, 'global_step': 12380, 'zo_forward_step': 24762, 'max_steps': 20000, 'max_zo_forward_steps': 0, 'time': 1655, 'eps': 0.0001}
03/26/2026 02:13:52 - INFO - src.trainer -   {'loss': 1.3610001802444458, 'learning_rate': 1e-06, 'global_step': 12390, 'zo_forward_step': 24782, 'max_steps': 20000, 'max_zo_forward_steps': 0, 'time': 1656, 'eps': 0.0001}
1221it [27:13,  1.57s/it]1232it [27:13,  1.06s/it]03/26/2026 02:13:53 - INFO - src.trainer -   {'eval_loss': 1.464211344718933, 'eval_acc': 0.3625}
03/26/2026 02:13:56 - INFO - src.trainer -   [zo_probe] step=12400 eps=1.000e-04 precision=fp32 n=16 mae=1.808563e-01 rmse=3.512432e-01 sign_acc=1.0000 corr=0.999955
03/26/2026 02:13:56 - INFO - src.trainer -   {'loss': 1.3982435464859009, 'learning_rate': 1e-06, 'global_step': 12400, 'zo_forward_step': 24802, 'max_steps': 20000, 'max_zo_forward_steps': 0, 'time': 1660, 'eps': 0.0001}
03/26/2026 02:13:57 - INFO - src.trainer -   {'loss': 0.8057612776756287, 'learning_rate': 1e-06, 'global_step': 12410, 'zo_forward_step': 24822, 'max_steps': 20000, 'max_zo_forward_steps': 0, 'time': 1662, 'eps': 0.0001}
03/26/2026 02:13:59 - INFO - src.trainer -   {'loss': 1.3620284795761108, 'learning_rate': 1e-06, 'global_step': 12420, 'zo_forward_step': 24842, 'max_steps': 20000, 'max_zo_forward_steps': 0, 'time': 1663, 'eps': 0.0001}
03/26/2026 02:14:00 - INFO - src.trainer -   {'loss': 1.3867799043655396, 'learning_rate': 1e-06, 'global_step': 12430, 'zo_forward_step': 24862, 'max_steps': 20000, 'max_zo_forward_steps': 0, 'time': 1664, 'eps': 0.0001}
03/26/2026 02:14:01 - INFO - src.trainer -   {'loss': 0.8205159306526184, 'learning_rate': 1e-06, 'global_step': 12440, 'zo_forward_step': 24882, 'max_steps': 20000, 'max_zo_forward_steps': 0, 'time': 1665, 'eps': 0.0001}
03/26/2026 02:14:02 - INFO - src.trainer -   {'loss': 1.3692657947540283, 'learning_rate': 1e-06, 'global_step': 12450, 'zo_forward_step': 24902, 'max_steps': 20000, 'max_zo_forward_steps': 0, 'time': 1666, 'eps': 0.0001}
03/26/2026 02:14:03 - INFO - src.trainer -   {'loss': 1.3766785860061646, 'learning_rate': 1e-06, 'global_step': 12460, 'zo_forward_step': 24922, 'max_steps': 20000, 'max_zo_forward_steps': 0, 'time': 1667, 'eps': 0.0001}
03/26/2026 02:14:04 - INFO - src.trainer -   {'loss': 0.8229818344116211, 'learning_rate': 1e-06, 'global_step': 12470, 'zo_forward_step': 24942, 'max_steps': 20000, 'max_zo_forward_steps': 0, 'time': 1668, 'eps': 0.0001}
03/26/2026 02:14:05 - INFO - src.trainer -   {'loss': 1.3612693548202515, 'learning_rate': 1e-06, 'global_step': 12480, 'zo_forward_step': 24962, 'max_steps': 20000, 'max_zo_forward_steps': 0, 'time': 1669, 'eps': 0.0001}
1240it [27:25,  1.06s/it]03/26/2026 02:14:06 - INFO - src.trainer -   {'loss': 1.3710874319076538, 'learning_rate': 1e-06, 'global_step': 12490, 'zo_forward_step': 24982, 'max_steps': 20000, 'max_zo_forward_steps': 0, 'time': 1671, 'eps': 0.0001}
03/26/2026 02:14:08 - INFO - src.trainer -   {'loss': 0.8358520269393921, 'learning_rate': 1e-06, 'global_step': 12500, 'zo_forward_step': 25002, 'max_steps': 20000, 'max_zo_forward_steps': 0, 'time': 1672, 'eps': 0.0001}
03/26/2026 02:14:09 - INFO - src.trainer -   {'loss': 1.374658465385437, 'learning_rate': 1e-06, 'global_step': 12510, 'zo_forward_step': 25022, 'max_steps': 20000, 'max_zo_forward_steps': 0, 'time': 1673, 'eps': 0.0001}
03/26/2026 02:14:10 - INFO - src.trainer -   {'loss': 1.3596248626708984, 'learning_rate': 1e-06, 'global_step': 12520, 'zo_forward_step': 25042, 'max_steps': 20000, 'max_zo_forward_steps': 0, 'time': 1674, 'eps': 0.0001}
03/26/2026 02:14:11 - INFO - src.trainer -   {'loss': 0.8396134376525879, 'learning_rate': 1e-06, 'global_step': 12530, 'zo_forward_step': 25062, 'max_steps': 20000, 'max_zo_forward_steps': 0, 'time': 1675, 'eps': 0.0001}
03/26/2026 02:14:12 - INFO - src.trainer -   {'loss': 1.3551965951919556, 'learning_rate': 1e-06, 'global_step': 12540, 'zo_forward_step': 25082, 'max_steps': 20000, 'max_zo_forward_steps': 0, 'time': 1676, 'eps': 0.0001}
03/26/2026 02:14:13 - INFO - src.trainer -   {'loss': 1.3392966985702515, 'learning_rate': 1e-06, 'global_step': 12550, 'zo_forward_step': 25102, 'max_steps': 20000, 'max_zo_forward_steps': 0, 'time': 1677, 'eps': 0.0001}
03/26/2026 02:14:14 - INFO - src.trainer -   {'loss': 0.8491760492324829, 'learning_rate': 1e-06, 'global_step': 12560, 'zo_forward_step': 25122, 'max_steps': 20000, 'max_zo_forward_steps': 0, 'time': 1679, 'eps': 0.0001}
03/26/2026 02:14:16 - INFO - src.trainer -   {'loss': 1.3577462434768677, 'learning_rate': 1e-06, 'global_step': 12570, 'zo_forward_step': 25142, 'max_steps': 20000, 'max_zo_forward_steps': 0, 'time': 1680, 'eps': 0.0001}
03/26/2026 02:14:17 - INFO - src.trainer -   {'loss': 1.3402457237243652, 'learning_rate': 1e-06, 'global_step': 12580, 'zo_forward_step': 25162, 'max_steps': 20000, 'max_zo_forward_steps': 0, 'time': 1681, 'eps': 0.0001}
03/26/2026 02:14:18 - INFO - src.trainer -   {'loss': 0.8568768501281738, 'learning_rate': 1e-06, 'global_step': 12590, 'zo_forward_step': 25182, 'max_steps': 20000, 'max_zo_forward_steps': 0, 'time': 1682, 'eps': 0.0001}
1241it [27:38,  1.56s/it]1252it [27:38,  1.05s/it]03/26/2026 02:14:19 - INFO - src.trainer -   {'eval_loss': 1.4467939138412476, 'eval_acc': 0.4375}
03/26/2026 02:14:19 - INFO - src.trainer -   Best dev result: 0.4375
03/26/2026 02:14:22 - INFO - src.trainer -   [zo_probe] step=12600 eps=1.000e-04 precision=fp32 n=16 mae=4.273691e-01 rmse=6.437725e-01 sign_acc=1.0000 corr=0.999920
03/26/2026 02:14:22 - INFO - src.trainer -   {'loss': 1.3411468267440796, 'learning_rate': 1e-06, 'global_step': 12600, 'zo_forward_step': 25202, 'max_steps': 20000, 'max_zo_forward_steps': 0, 'time': 1686, 'eps': 0.0001}
03/26/2026 02:14:23 - INFO - src.trainer -   {'loss': 1.3194911479949951, 'learning_rate': 1e-06, 'global_step': 12610, 'zo_forward_step': 25222, 'max_steps': 20000, 'max_zo_forward_steps': 0, 'time': 1688, 'eps': 0.0001}
03/26/2026 02:14:24 - INFO - src.trainer -   {'loss': 0.8506445288658142, 'learning_rate': 1e-06, 'global_step': 12620, 'zo_forward_step': 25242, 'max_steps': 20000, 'max_zo_forward_steps': 0, 'time': 1689, 'eps': 0.0001}
03/26/2026 02:14:26 - INFO - src.trainer -   {'loss': 1.3583745956420898, 'learning_rate': 1e-06, 'global_step': 12630, 'zo_forward_step': 25262, 'max_steps': 20000, 'max_zo_forward_steps': 0, 'time': 1690, 'eps': 0.0001}
03/26/2026 02:14:27 - INFO - src.trainer -   {'loss': 1.2856661081314087, 'learning_rate': 1e-06, 'global_step': 12640, 'zo_forward_step': 25282, 'max_steps': 20000, 'max_zo_forward_steps': 0, 'time': 1691, 'eps': 0.0001}
03/26/2026 02:14:28 - INFO - src.trainer -   {'loss': 0.8418319225311279, 'learning_rate': 1e-06, 'global_step': 12650, 'zo_forward_step': 25302, 'max_steps': 20000, 'max_zo_forward_steps': 0, 'time': 1692, 'eps': 0.0001}
03/26/2026 02:14:29 - INFO - src.trainer -   {'loss': 1.3829548358917236, 'learning_rate': 1e-06, 'global_step': 12660, 'zo_forward_step': 25322, 'max_steps': 20000, 'max_zo_forward_steps': 0, 'time': 1693, 'eps': 0.0001}
03/26/2026 02:14:30 - INFO - src.trainer -   {'loss': 1.3061020374298096, 'learning_rate': 1e-06, 'global_step': 12670, 'zo_forward_step': 25342, 'max_steps': 20000, 'max_zo_forward_steps': 0, 'time': 1694, 'eps': 0.0001}
03/26/2026 02:14:31 - INFO - src.trainer -   {'loss': 0.8558714985847473, 'learning_rate': 1e-06, 'global_step': 12680, 'zo_forward_step': 25362, 'max_steps': 20000, 'max_zo_forward_steps': 0, 'time': 1695, 'eps': 0.0001}
03/26/2026 02:14:33 - INFO - src.trainer -   {'loss': 1.3455288410186768, 'learning_rate': 1e-06, 'global_step': 12690, 'zo_forward_step': 25382, 'max_steps': 20000, 'max_zo_forward_steps': 0, 'time': 1697, 'eps': 0.0001}
03/26/2026 02:14:34 - INFO - src.trainer -   {'loss': 1.3023539781570435, 'learning_rate': 1e-06, 'global_step': 12700, 'zo_forward_step': 25402, 'max_steps': 20000, 'max_zo_forward_steps': 0, 'time': 1698, 'eps': 0.0001}
03/26/2026 02:14:35 - INFO - src.trainer -   {'loss': 0.8488267660140991, 'learning_rate': 1e-06, 'global_step': 12710, 'zo_forward_step': 25422, 'max_steps': 20000, 'max_zo_forward_steps': 0, 'time': 1699, 'eps': 0.0001}
1260it [27:55,  1.05s/it]03/26/2026 02:14:36 - INFO - src.trainer -   {'loss': 1.3513610363006592, 'learning_rate': 1e-06, 'global_step': 12720, 'zo_forward_step': 25442, 'max_steps': 20000, 'max_zo_forward_steps': 0, 'time': 1700, 'eps': 0.0001}
03/26/2026 02:14:37 - INFO - src.trainer -   {'loss': 1.3120672702789307, 'learning_rate': 1e-06, 'global_step': 12730, 'zo_forward_step': 25462, 'max_steps': 20000, 'max_zo_forward_steps': 0, 'time': 1701, 'eps': 0.0001}
03/26/2026 02:14:38 - INFO - src.trainer -   {'loss': 0.8639761209487915, 'learning_rate': 1e-06, 'global_step': 12740, 'zo_forward_step': 25482, 'max_steps': 20000, 'max_zo_forward_steps': 0, 'time': 1702, 'eps': 0.0001}
03/26/2026 02:14:39 - INFO - src.trainer -   {'loss': 1.335739254951477, 'learning_rate': 1e-06, 'global_step': 12750, 'zo_forward_step': 25502, 'max_steps': 20000, 'max_zo_forward_steps': 0, 'time': 1703, 'eps': 0.0001}
03/26/2026 02:14:40 - INFO - src.trainer -   {'loss': 1.3084959983825684, 'learning_rate': 1e-06, 'global_step': 12760, 'zo_forward_step': 25522, 'max_steps': 20000, 'max_zo_forward_steps': 0, 'time': 1705, 'eps': 0.0001}
03/26/2026 02:14:42 - INFO - src.trainer -   {'loss': 0.8563727736473083, 'learning_rate': 1e-06, 'global_step': 12770, 'zo_forward_step': 25542, 'max_steps': 20000, 'max_zo_forward_steps': 0, 'time': 1706, 'eps': 0.0001}
03/26/2026 02:14:43 - INFO - src.trainer -   {'loss': 1.35101318359375, 'learning_rate': 1e-06, 'global_step': 12780, 'zo_forward_step': 25562, 'max_steps': 20000, 'max_zo_forward_steps': 0, 'time': 1707, 'eps': 0.0001}
03/26/2026 02:14:44 - INFO - src.trainer -   {'loss': 1.3012536764144897, 'learning_rate': 1e-06, 'global_step': 12790, 'zo_forward_step': 25582, 'max_steps': 20000, 'max_zo_forward_steps': 0, 'time': 1708, 'eps': 0.0001}
1261it [28:04,  1.56s/it]1272it [28:05,  1.06s/it]03/26/2026 02:14:45 - INFO - src.trainer -   {'eval_loss': 1.4431686401367188, 'eval_acc': 0.45}
03/26/2026 02:14:45 - INFO - src.trainer -   Best dev result: 0.45
03/26/2026 02:14:47 - INFO - src.trainer -   [zo_probe] step=12800 eps=1.000e-04 precision=fp32 n=16 mae=6.415543e-02 rmse=1.265081e-01 sign_acc=1.0000 corr=0.999994
03/26/2026 02:14:47 - INFO - src.trainer -   {'loss': 0.8674130439758301, 'learning_rate': 1e-06, 'global_step': 12800, 'zo_forward_step': 25602, 'max_steps': 20000, 'max_zo_forward_steps': 0, 'time': 1712, 'eps': 0.0001}
03/26/2026 02:14:48 - INFO - src.trainer -   {'loss': 1.343044638633728, 'learning_rate': 1e-06, 'global_step': 12810, 'zo_forward_step': 25622, 'max_steps': 20000, 'max_zo_forward_steps': 0, 'time': 1713, 'eps': 0.0001}
03/26/2026 02:14:50 - INFO - src.trainer -   {'loss': 1.3172779083251953, 'learning_rate': 1e-06, 'global_step': 12820, 'zo_forward_step': 25642, 'max_steps': 20000, 'max_zo_forward_steps': 0, 'time': 1714, 'eps': 0.0001}
03/26/2026 02:14:51 - INFO - src.trainer -   {'loss': 0.8325670957565308, 'learning_rate': 1e-06, 'global_step': 12830, 'zo_forward_step': 25662, 'max_steps': 20000, 'max_zo_forward_steps': 0, 'time': 1715, 'eps': 0.0001}
03/26/2026 02:14:52 - INFO - src.trainer -   {'loss': 1.3531215190887451, 'learning_rate': 1e-06, 'global_step': 12840, 'zo_forward_step': 25682, 'max_steps': 20000, 'max_zo_forward_steps': 0, 'time': 1716, 'eps': 0.0001}
03/26/2026 02:14:53 - INFO - src.trainer -   {'loss': 1.3022092580795288, 'learning_rate': 1e-06, 'global_step': 12850, 'zo_forward_step': 25702, 'max_steps': 20000, 'max_zo_forward_steps': 0, 'time': 1717, 'eps': 0.0001}
03/26/2026 02:14:54 - INFO - src.trainer -   {'loss': 0.8157898187637329, 'learning_rate': 1e-06, 'global_step': 12860, 'zo_forward_step': 25722, 'max_steps': 20000, 'max_zo_forward_steps': 0, 'time': 1718, 'eps': 0.0001}
03/26/2026 02:14:55 - INFO - src.trainer -   {'loss': 1.361870288848877, 'learning_rate': 1e-06, 'global_step': 12870, 'zo_forward_step': 25742, 'max_steps': 20000, 'max_zo_forward_steps': 0, 'time': 1719, 'eps': 0.0001}
1280it [28:15,  1.06s/it]03/26/2026 02:14:57 - INFO - src.trainer -   {'loss': 1.298490285873413, 'learning_rate': 1e-06, 'global_step': 12880, 'zo_forward_step': 25762, 'max_steps': 20000, 'max_zo_forward_steps': 0, 'time': 1721, 'eps': 0.0001}
03/26/2026 02:14:58 - INFO - src.trainer -   {'loss': 0.8055523633956909, 'learning_rate': 1e-06, 'global_step': 12890, 'zo_forward_step': 25782, 'max_steps': 20000, 'max_zo_forward_steps': 0, 'time': 1722, 'eps': 0.0001}
03/26/2026 02:14:59 - INFO - src.trainer -   {'loss': 1.3498833179473877, 'learning_rate': 1e-06, 'global_step': 12900, 'zo_forward_step': 25802, 'max_steps': 20000, 'max_zo_forward_steps': 0, 'time': 1723, 'eps': 0.0001}
03/26/2026 02:15:00 - INFO - src.trainer -   {'loss': 1.308942437171936, 'learning_rate': 1e-06, 'global_step': 12910, 'zo_forward_step': 25822, 'max_steps': 20000, 'max_zo_forward_steps': 0, 'time': 1724, 'eps': 0.0001}
03/26/2026 02:15:01 - INFO - src.trainer -   {'loss': 0.8016455769538879, 'learning_rate': 1e-06, 'global_step': 12920, 'zo_forward_step': 25842, 'max_steps': 20000, 'max_zo_forward_steps': 0, 'time': 1725, 'eps': 0.0001}
03/26/2026 02:15:02 - INFO - src.trainer -   {'loss': 1.3499518632888794, 'learning_rate': 1e-06, 'global_step': 12930, 'zo_forward_step': 25862, 'max_steps': 20000, 'max_zo_forward_steps': 0, 'time': 1726, 'eps': 0.0001}
03/26/2026 02:15:03 - INFO - src.trainer -   {'loss': 1.300239086151123, 'learning_rate': 1e-06, 'global_step': 12940, 'zo_forward_step': 25882, 'max_steps': 20000, 'max_zo_forward_steps': 0, 'time': 1728, 'eps': 0.0001}
03/26/2026 02:15:04 - INFO - src.trainer -   {'loss': 0.7989652752876282, 'learning_rate': 1e-06, 'global_step': 12950, 'zo_forward_step': 25902, 'max_steps': 20000, 'max_zo_forward_steps': 0, 'time': 1729, 'eps': 0.0001}
03/26/2026 02:15:06 - INFO - src.trainer -   {'loss': 1.3454269170761108, 'learning_rate': 1e-06, 'global_step': 12960, 'zo_forward_step': 25922, 'max_steps': 20000, 'max_zo_forward_steps': 0, 'time': 1730, 'eps': 0.0001}
03/26/2026 02:15:07 - INFO - src.trainer -   {'loss': 1.3030343055725098, 'learning_rate': 1e-06, 'global_step': 12970, 'zo_forward_step': 25942, 'max_steps': 20000, 'max_zo_forward_steps': 0, 'time': 1731, 'eps': 0.0001}
03/26/2026 02:15:08 - INFO - src.trainer -   {'loss': 0.8043968677520752, 'learning_rate': 1e-06, 'global_step': 12980, 'zo_forward_step': 25962, 'max_steps': 20000, 'max_zo_forward_steps': 0, 'time': 1732, 'eps': 0.0001}
03/26/2026 02:15:09 - INFO - src.trainer -   {'loss': 1.3445277214050293, 'learning_rate': 1e-06, 'global_step': 12990, 'zo_forward_step': 25982, 'max_steps': 20000, 'max_zo_forward_steps': 0, 'time': 1733, 'eps': 0.0001}
1281it [28:30,  1.53s/it]1292it [28:30,  1.04s/it]03/26/2026 02:15:10 - INFO - src.trainer -   {'eval_loss': 1.444048285484314, 'eval_acc': 0.4125}
03/26/2026 02:15:14 - INFO - src.trainer -   [zo_probe] step=13000 eps=1.000e-04 precision=fp32 n=16 mae=7.382569e-02 rmse=1.235945e-01 sign_acc=1.0000 corr=0.999994
03/26/2026 02:15:14 - INFO - src.trainer -   {'loss': 1.3175691366195679, 'learning_rate': 1e-06, 'global_step': 13000, 'zo_forward_step': 26002, 'max_steps': 20000, 'max_zo_forward_steps': 0, 'time': 1738, 'eps': 0.0001}
03/26/2026 02:15:15 - INFO - src.trainer -   {'loss': 0.7809222340583801, 'learning_rate': 1e-06, 'global_step': 13010, 'zo_forward_step': 26022, 'max_steps': 20000, 'max_zo_forward_steps': 0, 'time': 1739, 'eps': 0.0001}
03/26/2026 02:15:16 - INFO - src.trainer -   {'loss': 1.3371232748031616, 'learning_rate': 1e-06, 'global_step': 13020, 'zo_forward_step': 26042, 'max_steps': 20000, 'max_zo_forward_steps': 0, 'time': 1740, 'eps': 0.0001}
03/26/2026 02:15:17 - INFO - src.trainer -   {'loss': 1.328547716140747, 'learning_rate': 1e-06, 'global_step': 13030, 'zo_forward_step': 26062, 'max_steps': 20000, 'max_zo_forward_steps': 0, 'time': 1741, 'eps': 0.0001}
03/26/2026 02:15:18 - INFO - src.trainer -   {'loss': 0.7979168891906738, 'learning_rate': 1e-06, 'global_step': 13040, 'zo_forward_step': 26082, 'max_steps': 20000, 'max_zo_forward_steps': 0, 'time': 1742, 'eps': 0.0001}
03/26/2026 02:15:19 - INFO - src.trainer -   {'loss': 1.3339765071868896, 'learning_rate': 1e-06, 'global_step': 13050, 'zo_forward_step': 26102, 'max_steps': 20000, 'max_zo_forward_steps': 0, 'time': 1744, 'eps': 0.0001}
03/26/2026 02:15:21 - INFO - src.trainer -   {'loss': 1.312476396560669, 'learning_rate': 1e-06, 'global_step': 13060, 'zo_forward_step': 26122, 'max_steps': 20000, 'max_zo_forward_steps': 0, 'time': 1745, 'eps': 0.0001}
03/26/2026 02:15:22 - INFO - src.trainer -   {'loss': 0.8041030764579773, 'learning_rate': 1e-06, 'global_step': 13070, 'zo_forward_step': 26142, 'max_steps': 20000, 'max_zo_forward_steps': 0, 'time': 1746, 'eps': 0.0001}
03/26/2026 02:15:23 - INFO - src.trainer -   {'loss': 1.3383945226669312, 'learning_rate': 1e-06, 'global_step': 13080, 'zo_forward_step': 26162, 'max_steps': 20000, 'max_zo_forward_steps': 0, 'time': 1747, 'eps': 0.0001}
03/26/2026 02:15:24 - INFO - src.trainer -   {'loss': 1.3086740970611572, 'learning_rate': 1e-06, 'global_step': 13090, 'zo_forward_step': 26182, 'max_steps': 20000, 'max_zo_forward_steps': 0, 'time': 1748, 'eps': 0.0001}
03/26/2026 02:15:25 - INFO - src.trainer -   {'loss': 0.7611560225486755, 'learning_rate': 1e-06, 'global_step': 13100, 'zo_forward_step': 26202, 'max_steps': 20000, 'max_zo_forward_steps': 0, 'time': 1749, 'eps': 0.0001}
1300it [28:45,  1.04s/it]03/26/2026 02:15:27 - INFO - src.trainer -   {'loss': 1.3286374807357788, 'learning_rate': 1e-06, 'global_step': 13110, 'zo_forward_step': 26222, 'max_steps': 20000, 'max_zo_forward_steps': 0, 'time': 1751, 'eps': 0.0001}
03/26/2026 02:15:28 - INFO - src.trainer -   {'loss': 1.3427610397338867, 'learning_rate': 1e-06, 'global_step': 13120, 'zo_forward_step': 26242, 'max_steps': 20000, 'max_zo_forward_steps': 0, 'time': 1752, 'eps': 0.0001}
03/26/2026 02:15:29 - INFO - src.trainer -   {'loss': 0.7616488933563232, 'learning_rate': 1e-06, 'global_step': 13130, 'zo_forward_step': 26262, 'max_steps': 20000, 'max_zo_forward_steps': 0, 'time': 1753, 'eps': 0.0001}
03/26/2026 02:15:30 - INFO - src.trainer -   {'loss': 1.348435878753662, 'learning_rate': 1e-06, 'global_step': 13140, 'zo_forward_step': 26282, 'max_steps': 20000, 'max_zo_forward_steps': 0, 'time': 1754, 'eps': 0.0001}
03/26/2026 02:15:31 - INFO - src.trainer -   {'loss': 1.3530856370925903, 'learning_rate': 1e-06, 'global_step': 13150, 'zo_forward_step': 26302, 'max_steps': 20000, 'max_zo_forward_steps': 0, 'time': 1755, 'eps': 0.0001}
03/26/2026 02:15:32 - INFO - src.trainer -   {'loss': 0.7774508595466614, 'learning_rate': 1e-06, 'global_step': 13160, 'zo_forward_step': 26322, 'max_steps': 20000, 'max_zo_forward_steps': 0, 'time': 1756, 'eps': 0.0001}
03/26/2026 02:15:33 - INFO - src.trainer -   {'loss': 1.3408821821212769, 'learning_rate': 1e-06, 'global_step': 13170, 'zo_forward_step': 26342, 'max_steps': 20000, 'max_zo_forward_steps': 0, 'time': 1757, 'eps': 0.0001}
03/26/2026 02:15:35 - INFO - src.trainer -   {'loss': 1.3423672914505005, 'learning_rate': 1e-06, 'global_step': 13180, 'zo_forward_step': 26362, 'max_steps': 20000, 'max_zo_forward_steps': 0, 'time': 1759, 'eps': 0.0001}
03/26/2026 02:15:36 - INFO - src.trainer -   {'loss': 0.7653402090072632, 'learning_rate': 1e-06, 'global_step': 13190, 'zo_forward_step': 26382, 'max_steps': 20000, 'max_zo_forward_steps': 0, 'time': 1760, 'eps': 0.0001}
1301it [28:56,  1.56s/it]1312it [28:56,  1.06s/it]03/26/2026 02:15:37 - INFO - src.trainer -   {'eval_loss': 1.4307788610458374, 'eval_acc': 0.3875}
03/26/2026 02:15:40 - INFO - src.trainer -   [zo_probe] step=13200 eps=1.000e-04 precision=fp32 n=16 mae=2.905202e-02 rmse=3.608863e-02 sign_acc=1.0000 corr=0.999999
03/26/2026 02:15:40 - INFO - src.trainer -   {'loss': 1.336186408996582, 'learning_rate': 1e-06, 'global_step': 13200, 'zo_forward_step': 26402, 'max_steps': 20000, 'max_zo_forward_steps': 0, 'time': 1764, 'eps': 0.0001}
03/26/2026 02:15:41 - INFO - src.trainer -   {'loss': 1.3514715433120728, 'learning_rate': 1e-06, 'global_step': 13210, 'zo_forward_step': 26422, 'max_steps': 20000, 'max_zo_forward_steps': 0, 'time': 1765, 'eps': 0.0001}
03/26/2026 02:15:42 - INFO - src.trainer -   {'loss': 0.7668222188949585, 'learning_rate': 1e-06, 'global_step': 13220, 'zo_forward_step': 26442, 'max_steps': 20000, 'max_zo_forward_steps': 0, 'time': 1766, 'eps': 0.0001}
03/26/2026 02:15:43 - INFO - src.trainer -   {'loss': 1.3216696977615356, 'learning_rate': 1e-06, 'global_step': 13230, 'zo_forward_step': 26462, 'max_steps': 20000, 'max_zo_forward_steps': 0, 'time': 1767, 'eps': 0.0001}
03/26/2026 02:15:45 - INFO - src.trainer -   {'loss': 1.3484396934509277, 'learning_rate': 1e-06, 'global_step': 13240, 'zo_forward_step': 26482, 'max_steps': 20000, 'max_zo_forward_steps': 0, 'time': 1769, 'eps': 0.0001}
03/26/2026 02:15:48 - INFO - src.trainer -   {'loss': 0.7650178074836731, 'learning_rate': 1e-06, 'global_step': 13250, 'zo_forward_step': 26502, 'max_steps': 20000, 'max_zo_forward_steps': 0, 'time': 1772, 'eps': 0.0001}
03/26/2026 02:15:49 - INFO - src.trainer -   {'loss': 1.3324100971221924, 'learning_rate': 1e-06, 'global_step': 13260, 'zo_forward_step': 26522, 'max_steps': 20000, 'max_zo_forward_steps': 0, 'time': 1773, 'eps': 0.0001}
03/26/2026 02:15:50 - INFO - src.trainer -   {'loss': 1.364700436592102, 'learning_rate': 1e-06, 'global_step': 13270, 'zo_forward_step': 26542, 'max_steps': 20000, 'max_zo_forward_steps': 0, 'time': 1775, 'eps': 0.0001}
03/26/2026 02:15:52 - INFO - src.trainer -   {'loss': 0.7559152245521545, 'learning_rate': 1e-06, 'global_step': 13280, 'zo_forward_step': 26562, 'max_steps': 20000, 'max_zo_forward_steps': 0, 'time': 1776, 'eps': 0.0001}
03/26/2026 02:15:53 - INFO - src.trainer -   {'loss': 1.3261516094207764, 'learning_rate': 1e-06, 'global_step': 13290, 'zo_forward_step': 26582, 'max_steps': 20000, 'max_zo_forward_steps': 0, 'time': 1777, 'eps': 0.0001}
03/26/2026 02:15:54 - INFO - src.trainer -   {'loss': 1.35640287399292, 'learning_rate': 1e-06, 'global_step': 13300, 'zo_forward_step': 26602, 'max_steps': 20000, 'max_zo_forward_steps': 0, 'time': 1778, 'eps': 0.0001}
03/26/2026 02:15:55 - INFO - src.trainer -   {'loss': 0.766080379486084, 'learning_rate': 1e-06, 'global_step': 13310, 'zo_forward_step': 26622, 'max_steps': 20000, 'max_zo_forward_steps': 0, 'time': 1779, 'eps': 0.0001}
1320it [29:15,  1.06s/it]03/26/2026 02:15:58 - INFO - src.trainer -   {'loss': 1.325263500213623, 'learning_rate': 1e-06, 'global_step': 13320, 'zo_forward_step': 26642, 'max_steps': 20000, 'max_zo_forward_steps': 0, 'time': 1782, 'eps': 0.0001}
03/26/2026 02:15:59 - INFO - src.trainer -   {'loss': 1.3520324230194092, 'learning_rate': 1e-06, 'global_step': 13330, 'zo_forward_step': 26662, 'max_steps': 20000, 'max_zo_forward_steps': 0, 'time': 1783, 'eps': 0.0001}
03/26/2026 02:16:00 - INFO - src.trainer -   {'loss': 0.7568105459213257, 'learning_rate': 1e-06, 'global_step': 13340, 'zo_forward_step': 26682, 'max_steps': 20000, 'max_zo_forward_steps': 0, 'time': 1784, 'eps': 0.0001}
03/26/2026 02:16:01 - INFO - src.trainer -   {'loss': 1.3244709968566895, 'learning_rate': 1e-06, 'global_step': 13350, 'zo_forward_step': 26702, 'max_steps': 20000, 'max_zo_forward_steps': 0, 'time': 1785, 'eps': 0.0001}
03/26/2026 02:16:02 - INFO - src.trainer -   {'loss': 1.3457626104354858, 'learning_rate': 1e-06, 'global_step': 13360, 'zo_forward_step': 26722, 'max_steps': 20000, 'max_zo_forward_steps': 0, 'time': 1786, 'eps': 0.0001}
03/26/2026 02:16:03 - INFO - src.trainer -   {'loss': 0.7616780400276184, 'learning_rate': 1e-06, 'global_step': 13370, 'zo_forward_step': 26742, 'max_steps': 20000, 'max_zo_forward_steps': 0, 'time': 1787, 'eps': 0.0001}
03/26/2026 02:16:04 - INFO - src.trainer -   {'loss': 1.3286912441253662, 'learning_rate': 1e-06, 'global_step': 13380, 'zo_forward_step': 26762, 'max_steps': 20000, 'max_zo_forward_steps': 0, 'time': 1789, 'eps': 0.0001}
03/26/2026 02:16:06 - INFO - src.trainer -   {'loss': 1.3432315587997437, 'learning_rate': 1e-06, 'global_step': 13390, 'zo_forward_step': 26782, 'max_steps': 20000, 'max_zo_forward_steps': 0, 'time': 1790, 'eps': 0.0001}
1321it [29:28,  1.73s/it]1332it [29:28,  1.17s/it]03/26/2026 02:16:09 - INFO - src.trainer -   {'eval_loss': 1.4374723434448242, 'eval_acc': 0.4375}
03/26/2026 02:16:11 - INFO - src.trainer -   [zo_probe] step=13400 eps=1.000e-04 precision=fp32 n=16 mae=2.127510e-02 rmse=2.672602e-02 sign_acc=1.0000 corr=1.000000
03/26/2026 02:16:11 - INFO - src.trainer -   {'loss': 0.7630448341369629, 'learning_rate': 1e-06, 'global_step': 13400, 'zo_forward_step': 26802, 'max_steps': 20000, 'max_zo_forward_steps': 0, 'time': 1795, 'eps': 0.0001}
03/26/2026 02:16:12 - INFO - src.trainer -   {'loss': 1.34108304977417, 'learning_rate': 1e-06, 'global_step': 13410, 'zo_forward_step': 26822, 'max_steps': 20000, 'max_zo_forward_steps': 0, 'time': 1796, 'eps': 0.0001}
03/26/2026 02:16:13 - INFO - src.trainer -   {'loss': 1.3424444198608398, 'learning_rate': 1e-06, 'global_step': 13420, 'zo_forward_step': 26842, 'max_steps': 20000, 'max_zo_forward_steps': 0, 'time': 1797, 'eps': 0.0001}
03/26/2026 02:16:14 - INFO - src.trainer -   {'loss': 0.7486727833747864, 'learning_rate': 1e-06, 'global_step': 13430, 'zo_forward_step': 26862, 'max_steps': 20000, 'max_zo_forward_steps': 0, 'time': 1798, 'eps': 0.0001}
03/26/2026 02:16:15 - INFO - src.trainer -   {'loss': 1.3379096984863281, 'learning_rate': 1e-06, 'global_step': 13440, 'zo_forward_step': 26882, 'max_steps': 20000, 'max_zo_forward_steps': 0, 'time': 1799, 'eps': 0.0001}
03/26/2026 02:16:16 - INFO - src.trainer -   {'loss': 1.327143669128418, 'learning_rate': 1e-06, 'global_step': 13450, 'zo_forward_step': 26902, 'max_steps': 20000, 'max_zo_forward_steps': 0, 'time': 1801, 'eps': 0.0001}
03/26/2026 02:16:18 - INFO - src.trainer -   {'loss': 0.7435836791992188, 'learning_rate': 1e-06, 'global_step': 13460, 'zo_forward_step': 26922, 'max_steps': 20000, 'max_zo_forward_steps': 0, 'time': 1802, 'eps': 0.0001}
03/26/2026 02:16:19 - INFO - src.trainer -   {'loss': 1.3337904214859009, 'learning_rate': 1e-06, 'global_step': 13470, 'zo_forward_step': 26942, 'max_steps': 20000, 'max_zo_forward_steps': 0, 'time': 1803, 'eps': 0.0001}
03/26/2026 02:16:20 - INFO - src.trainer -   {'loss': 1.3268424272537231, 'learning_rate': 1e-06, 'global_step': 13480, 'zo_forward_step': 26962, 'max_steps': 20000, 'max_zo_forward_steps': 0, 'time': 1804, 'eps': 0.0001}
03/26/2026 02:16:21 - INFO - src.trainer -   {'loss': 0.7229721546173096, 'learning_rate': 1e-06, 'global_step': 13490, 'zo_forward_step': 26982, 'max_steps': 20000, 'max_zo_forward_steps': 0, 'time': 1805, 'eps': 0.0001}
03/26/2026 02:16:22 - INFO - src.trainer -   {'loss': 1.3495821952819824, 'learning_rate': 1e-06, 'global_step': 13500, 'zo_forward_step': 27002, 'max_steps': 20000, 'max_zo_forward_steps': 0, 'time': 1806, 'eps': 0.0001}
03/26/2026 02:16:23 - INFO - src.trainer -   {'loss': 1.3433756828308105, 'learning_rate': 1e-06, 'global_step': 13510, 'zo_forward_step': 27022, 'max_steps': 20000, 'max_zo_forward_steps': 0, 'time': 1808, 'eps': 0.0001}
03/26/2026 02:16:25 - INFO - src.trainer -   {'loss': 0.7148283123970032, 'learning_rate': 1e-06, 'global_step': 13520, 'zo_forward_step': 27042, 'max_steps': 20000, 'max_zo_forward_steps': 0, 'time': 1810, 'eps': 0.0001}
1340it [29:45,  1.17s/it]03/26/2026 02:16:27 - INFO - src.trainer -   {'loss': 1.336558222770691, 'learning_rate': 1e-06, 'global_step': 13530, 'zo_forward_step': 27062, 'max_steps': 20000, 'max_zo_forward_steps': 0, 'time': 1811, 'eps': 0.0001}
03/26/2026 02:16:28 - INFO - src.trainer -   {'loss': 1.338667392730713, 'learning_rate': 1e-06, 'global_step': 13540, 'zo_forward_step': 27082, 'max_steps': 20000, 'max_zo_forward_steps': 0, 'time': 1812, 'eps': 0.0001}
03/26/2026 02:16:29 - INFO - src.trainer -   {'loss': 0.7272394895553589, 'learning_rate': 1e-06, 'global_step': 13550, 'zo_forward_step': 27102, 'max_steps': 20000, 'max_zo_forward_steps': 0, 'time': 1813, 'eps': 0.0001}
03/26/2026 02:16:30 - INFO - src.trainer -   {'loss': 1.3328691720962524, 'learning_rate': 1e-06, 'global_step': 13560, 'zo_forward_step': 27122, 'max_steps': 20000, 'max_zo_forward_steps': 0, 'time': 1814, 'eps': 0.0001}
03/26/2026 02:16:31 - INFO - src.trainer -   {'loss': 1.3061755895614624, 'learning_rate': 1e-06, 'global_step': 13570, 'zo_forward_step': 27142, 'max_steps': 20000, 'max_zo_forward_steps': 0, 'time': 1815, 'eps': 0.0001}
03/26/2026 02:16:32 - INFO - src.trainer -   {'loss': 0.751342236995697, 'learning_rate': 1e-06, 'global_step': 13580, 'zo_forward_step': 27162, 'max_steps': 20000, 'max_zo_forward_steps': 0, 'time': 1817, 'eps': 0.0001}
03/26/2026 02:16:34 - INFO - src.trainer -   {'loss': 1.3365375995635986, 'learning_rate': 1e-06, 'global_step': 13590, 'zo_forward_step': 27182, 'max_steps': 20000, 'max_zo_forward_steps': 0, 'time': 1818, 'eps': 0.0001}
1341it [29:54,  1.65s/it]1352it [29:54,  1.12s/it]03/26/2026 02:16:35 - INFO - src.trainer -   {'eval_loss': 1.4297844171524048, 'eval_acc': 0.4375}
03/26/2026 02:16:38 - INFO - src.trainer -   [zo_probe] step=13600 eps=1.000e-04 precision=fp32 n=16 mae=2.831689e-02 rmse=4.239930e-02 sign_acc=1.0000 corr=0.999999
03/26/2026 02:16:38 - INFO - src.trainer -   {'loss': 1.2922759056091309, 'learning_rate': 1e-06, 'global_step': 13600, 'zo_forward_step': 27202, 'max_steps': 20000, 'max_zo_forward_steps': 0, 'time': 1823, 'eps': 0.0001}
03/26/2026 02:16:40 - INFO - src.trainer -   {'loss': 0.7392444014549255, 'learning_rate': 1e-06, 'global_step': 13610, 'zo_forward_step': 27222, 'max_steps': 20000, 'max_zo_forward_steps': 0, 'time': 1824, 'eps': 0.0001}
03/26/2026 02:16:41 - INFO - src.trainer -   {'loss': 1.338051676750183, 'learning_rate': 1e-06, 'global_step': 13620, 'zo_forward_step': 27242, 'max_steps': 20000, 'max_zo_forward_steps': 0, 'time': 1825, 'eps': 0.0001}
03/26/2026 02:16:42 - INFO - src.trainer -   {'loss': 1.2907476425170898, 'learning_rate': 1e-06, 'global_step': 13630, 'zo_forward_step': 27262, 'max_steps': 20000, 'max_zo_forward_steps': 0, 'time': 1826, 'eps': 0.0001}
03/26/2026 02:16:43 - INFO - src.trainer -   {'loss': 0.7537188529968262, 'learning_rate': 1e-06, 'global_step': 13640, 'zo_forward_step': 27282, 'max_steps': 20000, 'max_zo_forward_steps': 0, 'time': 1827, 'eps': 0.0001}
03/26/2026 02:16:44 - INFO - src.trainer -   {'loss': 1.349165916442871, 'learning_rate': 1e-06, 'global_step': 13650, 'zo_forward_step': 27302, 'max_steps': 20000, 'max_zo_forward_steps': 0, 'time': 1828, 'eps': 0.0001}
1360it [30:05,  1.12s/it]03/26/2026 02:16:46 - INFO - src.trainer -   {'loss': 1.2909036874771118, 'learning_rate': 1e-06, 'global_step': 13660, 'zo_forward_step': 27322, 'max_steps': 20000, 'max_zo_forward_steps': 0, 'time': 1830, 'eps': 0.0001}
03/26/2026 02:16:48 - INFO - src.trainer -   {'loss': 0.7511599063873291, 'learning_rate': 1e-06, 'global_step': 13670, 'zo_forward_step': 27342, 'max_steps': 20000, 'max_zo_forward_steps': 0, 'time': 1832, 'eps': 0.0001}
03/26/2026 02:16:49 - INFO - src.trainer -   {'loss': 1.3608593940734863, 'learning_rate': 1e-06, 'global_step': 13680, 'zo_forward_step': 27362, 'max_steps': 20000, 'max_zo_forward_steps': 0, 'time': 1833, 'eps': 0.0001}
03/26/2026 02:16:50 - INFO - src.trainer -   {'loss': 1.2744823694229126, 'learning_rate': 1e-06, 'global_step': 13690, 'zo_forward_step': 27382, 'max_steps': 20000, 'max_zo_forward_steps': 0, 'time': 1834, 'eps': 0.0001}
03/26/2026 02:16:51 - INFO - src.trainer -   {'loss': 0.7555950880050659, 'learning_rate': 1e-06, 'global_step': 13700, 'zo_forward_step': 27402, 'max_steps': 20000, 'max_zo_forward_steps': 0, 'time': 1835, 'eps': 0.0001}
03/26/2026 02:16:52 - INFO - src.trainer -   {'loss': 1.3507280349731445, 'learning_rate': 1e-06, 'global_step': 13710, 'zo_forward_step': 27422, 'max_steps': 20000, 'max_zo_forward_steps': 0, 'time': 1836, 'eps': 0.0001}
03/26/2026 02:16:53 - INFO - src.trainer -   {'loss': 1.285257339477539, 'learning_rate': 1e-06, 'global_step': 13720, 'zo_forward_step': 27442, 'max_steps': 20000, 'max_zo_forward_steps': 0, 'time': 1837, 'eps': 0.0001}
03/26/2026 02:16:54 - INFO - src.trainer -   {'loss': 0.7397533655166626, 'learning_rate': 1e-06, 'global_step': 13730, 'zo_forward_step': 27462, 'max_steps': 20000, 'max_zo_forward_steps': 0, 'time': 1839, 'eps': 0.0001}
03/26/2026 02:16:55 - INFO - src.trainer -   {'loss': 1.384573221206665, 'learning_rate': 1e-06, 'global_step': 13740, 'zo_forward_step': 27482, 'max_steps': 20000, 'max_zo_forward_steps': 0, 'time': 1840, 'eps': 0.0001}
03/26/2026 02:16:57 - INFO - src.trainer -   {'loss': 1.2749024629592896, 'learning_rate': 1e-06, 'global_step': 13750, 'zo_forward_step': 27502, 'max_steps': 20000, 'max_zo_forward_steps': 0, 'time': 1841, 'eps': 0.0001}
03/26/2026 02:16:58 - INFO - src.trainer -   {'loss': 0.7408695220947266, 'learning_rate': 1e-06, 'global_step': 13760, 'zo_forward_step': 27522, 'max_steps': 20000, 'max_zo_forward_steps': 0, 'time': 1842, 'eps': 0.0001}
03/26/2026 02:16:59 - INFO - src.trainer -   {'loss': 1.3677117824554443, 'learning_rate': 1e-06, 'global_step': 13770, 'zo_forward_step': 27542, 'max_steps': 20000, 'max_zo_forward_steps': 0, 'time': 1843, 'eps': 0.0001}
03/26/2026 02:17:00 - INFO - src.trainer -   {'loss': 1.2643680572509766, 'learning_rate': 1e-06, 'global_step': 13780, 'zo_forward_step': 27562, 'max_steps': 20000, 'max_zo_forward_steps': 0, 'time': 1844, 'eps': 0.0001}
03/26/2026 02:17:01 - INFO - src.trainer -   {'loss': 0.7532503604888916, 'learning_rate': 1e-06, 'global_step': 13790, 'zo_forward_step': 27582, 'max_steps': 20000, 'max_zo_forward_steps': 0, 'time': 1845, 'eps': 0.0001}
1361it [30:22,  1.65s/it]1372it [30:22,  1.12s/it]03/26/2026 02:17:02 - INFO - src.trainer -   {'eval_loss': 1.4268739223480225, 'eval_acc': 0.45}
03/26/2026 02:17:05 - INFO - src.trainer -   [zo_probe] step=13800 eps=1.000e-04 precision=fp32 n=16 mae=3.016627e-02 rmse=4.091494e-02 sign_acc=1.0000 corr=0.999999
03/26/2026 02:17:05 - INFO - src.trainer -   {'loss': 1.3604929447174072, 'learning_rate': 1e-06, 'global_step': 13800, 'zo_forward_step': 27602, 'max_steps': 20000, 'max_zo_forward_steps': 0, 'time': 1850, 'eps': 0.0001}
03/26/2026 02:17:07 - INFO - src.trainer -   {'loss': 1.2630500793457031, 'learning_rate': 1e-06, 'global_step': 13810, 'zo_forward_step': 27622, 'max_steps': 20000, 'max_zo_forward_steps': 0, 'time': 1851, 'eps': 0.0001}
03/26/2026 02:17:08 - INFO - src.trainer -   {'loss': 0.7704483866691589, 'learning_rate': 1e-06, 'global_step': 13820, 'zo_forward_step': 27642, 'max_steps': 20000, 'max_zo_forward_steps': 0, 'time': 1852, 'eps': 0.0001}
03/26/2026 02:17:09 - INFO - src.trainer -   {'loss': 1.3574192523956299, 'learning_rate': 1e-06, 'global_step': 13830, 'zo_forward_step': 27662, 'max_steps': 20000, 'max_zo_forward_steps': 0, 'time': 1853, 'eps': 0.0001}
03/26/2026 02:17:10 - INFO - src.trainer -   {'loss': 1.2528835535049438, 'learning_rate': 1e-06, 'global_step': 13840, 'zo_forward_step': 27682, 'max_steps': 20000, 'max_zo_forward_steps': 0, 'time': 1854, 'eps': 0.0001}
03/26/2026 02:17:11 - INFO - src.trainer -   {'loss': 0.7642123103141785, 'learning_rate': 1e-06, 'global_step': 13850, 'zo_forward_step': 27702, 'max_steps': 20000, 'max_zo_forward_steps': 0, 'time': 1855, 'eps': 0.0001}
03/26/2026 02:17:12 - INFO - src.trainer -   {'loss': 1.3517712354660034, 'learning_rate': 1e-06, 'global_step': 13860, 'zo_forward_step': 27722, 'max_steps': 20000, 'max_zo_forward_steps': 0, 'time': 1856, 'eps': 0.0001}
03/26/2026 02:17:13 - INFO - src.trainer -   {'loss': 1.2553608417510986, 'learning_rate': 1e-06, 'global_step': 13870, 'zo_forward_step': 27742, 'max_steps': 20000, 'max_zo_forward_steps': 0, 'time': 1857, 'eps': 0.0001}
03/26/2026 02:17:14 - INFO - src.trainer -   {'loss': 0.7846341133117676, 'learning_rate': 1e-06, 'global_step': 13880, 'zo_forward_step': 27762, 'max_steps': 20000, 'max_zo_forward_steps': 0, 'time': 1859, 'eps': 0.0001}
03/26/2026 02:17:16 - INFO - src.trainer -   {'loss': 1.3248714208602905, 'learning_rate': 1e-06, 'global_step': 13890, 'zo_forward_step': 27782, 'max_steps': 20000, 'max_zo_forward_steps': 0, 'time': 1860, 'eps': 0.0001}
1380it [30:35,  1.12s/it]03/26/2026 02:17:17 - INFO - src.trainer -   {'loss': 1.2418164014816284, 'learning_rate': 1e-06, 'global_step': 13900, 'zo_forward_step': 27802, 'max_steps': 20000, 'max_zo_forward_steps': 0, 'time': 1861, 'eps': 0.0001}
03/26/2026 02:17:18 - INFO - src.trainer -   {'loss': 0.7929185032844543, 'learning_rate': 1e-06, 'global_step': 13910, 'zo_forward_step': 27822, 'max_steps': 20000, 'max_zo_forward_steps': 0, 'time': 1862, 'eps': 0.0001}
03/26/2026 02:17:19 - INFO - src.trainer -   {'loss': 1.320279598236084, 'learning_rate': 1e-06, 'global_step': 13920, 'zo_forward_step': 27842, 'max_steps': 20000, 'max_zo_forward_steps': 0, 'time': 1863, 'eps': 0.0001}
03/26/2026 02:17:20 - INFO - src.trainer -   {'loss': 1.2341769933700562, 'learning_rate': 1e-06, 'global_step': 13930, 'zo_forward_step': 27862, 'max_steps': 20000, 'max_zo_forward_steps': 0, 'time': 1864, 'eps': 0.0001}
03/26/2026 02:17:21 - INFO - src.trainer -   {'loss': 0.8170153498649597, 'learning_rate': 1e-06, 'global_step': 13940, 'zo_forward_step': 27882, 'max_steps': 20000, 'max_zo_forward_steps': 0, 'time': 1865, 'eps': 0.0001}
03/26/2026 02:17:22 - INFO - src.trainer -   {'loss': 1.3103687763214111, 'learning_rate': 1e-06, 'global_step': 13950, 'zo_forward_step': 27902, 'max_steps': 20000, 'max_zo_forward_steps': 0, 'time': 1866, 'eps': 0.0001}
03/26/2026 02:17:23 - INFO - src.trainer -   {'loss': 1.2470532655715942, 'learning_rate': 1e-06, 'global_step': 13960, 'zo_forward_step': 27922, 'max_steps': 20000, 'max_zo_forward_steps': 0, 'time': 1868, 'eps': 0.0001}
03/26/2026 02:17:25 - INFO - src.trainer -   {'loss': 0.8245611190795898, 'learning_rate': 1e-06, 'global_step': 13970, 'zo_forward_step': 27942, 'max_steps': 20000, 'max_zo_forward_steps': 0, 'time': 1869, 'eps': 0.0001}
03/26/2026 02:17:26 - INFO - src.trainer -   {'loss': 1.2837480306625366, 'learning_rate': 1e-06, 'global_step': 13980, 'zo_forward_step': 27962, 'max_steps': 20000, 'max_zo_forward_steps': 0, 'time': 1870, 'eps': 0.0001}
03/26/2026 02:17:27 - INFO - src.trainer -   {'loss': 1.246048927307129, 'learning_rate': 1e-06, 'global_step': 13990, 'zo_forward_step': 27982, 'max_steps': 20000, 'max_zo_forward_steps': 0, 'time': 1871, 'eps': 0.0001}
1381it [30:48,  1.59s/it]1392it [30:48,  1.08s/it]03/26/2026 02:17:28 - INFO - src.trainer -   {'eval_loss': 1.4286473989486694, 'eval_acc': 0.45}
03/26/2026 02:17:30 - INFO - src.trainer -   [zo_probe] step=14000 eps=1.000e-04 precision=fp32 n=16 mae=4.872444e-02 rmse=8.497521e-02 sign_acc=1.0000 corr=0.999997
03/26/2026 02:17:30 - INFO - src.trainer -   {'loss': 0.8247542977333069, 'learning_rate': 1e-06, 'global_step': 14000, 'zo_forward_step': 28002, 'max_steps': 20000, 'max_zo_forward_steps': 0, 'time': 1874, 'eps': 0.0001}
03/26/2026 02:17:31 - INFO - src.trainer -   {'loss': 1.2904797792434692, 'learning_rate': 1e-06, 'global_step': 14010, 'zo_forward_step': 28022, 'max_steps': 20000, 'max_zo_forward_steps': 0, 'time': 1876, 'eps': 0.0001}
03/26/2026 02:17:33 - INFO - src.trainer -   {'loss': 1.2344096899032593, 'learning_rate': 1e-06, 'global_step': 14020, 'zo_forward_step': 28042, 'max_steps': 20000, 'max_zo_forward_steps': 0, 'time': 1877, 'eps': 0.0001}
03/26/2026 02:17:34 - INFO - src.trainer -   {'loss': 0.836747407913208, 'learning_rate': 1e-06, 'global_step': 14030, 'zo_forward_step': 28062, 'max_steps': 20000, 'max_zo_forward_steps': 0, 'time': 1878, 'eps': 0.0001}
03/26/2026 02:17:35 - INFO - src.trainer -   {'loss': 1.3022512197494507, 'learning_rate': 1e-06, 'global_step': 14040, 'zo_forward_step': 28082, 'max_steps': 20000, 'max_zo_forward_steps': 0, 'time': 1879, 'eps': 0.0001}
03/26/2026 02:17:36 - INFO - src.trainer -   {'loss': 1.2386136054992676, 'learning_rate': 1e-06, 'global_step': 14050, 'zo_forward_step': 28102, 'max_steps': 20000, 'max_zo_forward_steps': 0, 'time': 1880, 'eps': 0.0001}
03/26/2026 02:17:37 - INFO - src.trainer -   {'loss': 0.8444058895111084, 'learning_rate': 1e-06, 'global_step': 14060, 'zo_forward_step': 28122, 'max_steps': 20000, 'max_zo_forward_steps': 0, 'time': 1881, 'eps': 0.0001}
03/26/2026 02:17:38 - INFO - src.trainer -   {'loss': 1.2830169200897217, 'learning_rate': 1e-06, 'global_step': 14070, 'zo_forward_step': 28142, 'max_steps': 20000, 'max_zo_forward_steps': 0, 'time': 1883, 'eps': 0.0001}
03/26/2026 02:17:40 - INFO - src.trainer -   {'loss': 1.2307071685791016, 'learning_rate': 1e-06, 'global_step': 14080, 'zo_forward_step': 28162, 'max_steps': 20000, 'max_zo_forward_steps': 0, 'time': 1884, 'eps': 0.0001}
03/26/2026 02:17:41 - INFO - src.trainer -   {'loss': 0.8392191529273987, 'learning_rate': 1e-06, 'global_step': 14090, 'zo_forward_step': 28182, 'max_steps': 20000, 'max_zo_forward_steps': 0, 'time': 1885, 'eps': 0.0001}
03/26/2026 02:17:42 - INFO - src.trainer -   {'loss': 1.2925145626068115, 'learning_rate': 1e-06, 'global_step': 14100, 'zo_forward_step': 28202, 'max_steps': 20000, 'max_zo_forward_steps': 0, 'time': 1886, 'eps': 0.0001}
03/26/2026 02:17:43 - INFO - src.trainer -   {'loss': 1.2369781732559204, 'learning_rate': 1e-06, 'global_step': 14110, 'zo_forward_step': 28222, 'max_steps': 20000, 'max_zo_forward_steps': 0, 'time': 1887, 'eps': 0.0001}
03/26/2026 02:17:44 - INFO - src.trainer -   {'loss': 0.8584930896759033, 'learning_rate': 1e-06, 'global_step': 14120, 'zo_forward_step': 28242, 'max_steps': 20000, 'max_zo_forward_steps': 0, 'time': 1888, 'eps': 0.0001}
03/26/2026 02:17:45 - INFO - src.trainer -   {'loss': 1.2950040102005005, 'learning_rate': 1e-06, 'global_step': 14130, 'zo_forward_step': 28262, 'max_steps': 20000, 'max_zo_forward_steps': 0, 'time': 1889, 'eps': 0.0001}
1400it [31:05,  1.08s/it]03/26/2026 02:17:46 - INFO - src.trainer -   {'loss': 1.2324284315109253, 'learning_rate': 1e-06, 'global_step': 14140, 'zo_forward_step': 28282, 'max_steps': 20000, 'max_zo_forward_steps': 0, 'time': 1891, 'eps': 0.0001}
03/26/2026 02:17:48 - INFO - src.trainer -   {'loss': 0.8420065641403198, 'learning_rate': 1e-06, 'global_step': 14150, 'zo_forward_step': 28302, 'max_steps': 20000, 'max_zo_forward_steps': 0, 'time': 1892, 'eps': 0.0001}
03/26/2026 02:17:49 - INFO - src.trainer -   {'loss': 1.3024171590805054, 'learning_rate': 1e-06, 'global_step': 14160, 'zo_forward_step': 28322, 'max_steps': 20000, 'max_zo_forward_steps': 0, 'time': 1893, 'eps': 0.0001}
03/26/2026 02:17:50 - INFO - src.trainer -   {'loss': 1.2145922183990479, 'learning_rate': 1e-06, 'global_step': 14170, 'zo_forward_step': 28342, 'max_steps': 20000, 'max_zo_forward_steps': 0, 'time': 1894, 'eps': 0.0001}
03/26/2026 02:17:51 - INFO - src.trainer -   {'loss': 0.8537427186965942, 'learning_rate': 1e-06, 'global_step': 14180, 'zo_forward_step': 28362, 'max_steps': 20000, 'max_zo_forward_steps': 0, 'time': 1895, 'eps': 0.0001}
03/26/2026 02:17:52 - INFO - src.trainer -   {'loss': 1.2944514751434326, 'learning_rate': 1e-06, 'global_step': 14190, 'zo_forward_step': 28382, 'max_steps': 20000, 'max_zo_forward_steps': 0, 'time': 1896, 'eps': 0.0001}
1401it [31:13,  1.55s/it]1412it [31:13,  1.05s/it]03/26/2026 02:17:53 - INFO - src.trainer -   {'eval_loss': 1.4227771759033203, 'eval_acc': 0.4875}
03/26/2026 02:17:53 - INFO - src.trainer -   Best dev result: 0.4875
03/26/2026 02:17:57 - INFO - src.trainer -   [zo_probe] step=14200 eps=1.000e-04 precision=fp32 n=16 mae=5.085009e-02 rmse=8.641053e-02 sign_acc=1.0000 corr=0.999998
03/26/2026 02:17:57 - INFO - src.trainer -   {'loss': 1.2084109783172607, 'learning_rate': 1e-06, 'global_step': 14200, 'zo_forward_step': 28402, 'max_steps': 20000, 'max_zo_forward_steps': 0, 'time': 1901, 'eps': 0.0001}
03/26/2026 02:17:58 - INFO - src.trainer -   {'loss': 0.8549292087554932, 'learning_rate': 1e-06, 'global_step': 14210, 'zo_forward_step': 28422, 'max_steps': 20000, 'max_zo_forward_steps': 0, 'time': 1902, 'eps': 0.0001}
03/26/2026 02:17:59 - INFO - src.trainer -   {'loss': 1.3076881170272827, 'learning_rate': 1e-06, 'global_step': 14220, 'zo_forward_step': 28442, 'max_steps': 20000, 'max_zo_forward_steps': 0, 'time': 1903, 'eps': 0.0001}
03/26/2026 02:18:00 - INFO - src.trainer -   {'loss': 1.2000062465667725, 'learning_rate': 1e-06, 'global_step': 14230, 'zo_forward_step': 28462, 'max_steps': 20000, 'max_zo_forward_steps': 0, 'time': 1904, 'eps': 0.0001}
03/26/2026 02:18:01 - INFO - src.trainer -   {'loss': 0.8562752604484558, 'learning_rate': 1e-06, 'global_step': 14240, 'zo_forward_step': 28482, 'max_steps': 20000, 'max_zo_forward_steps': 0, 'time': 1905, 'eps': 0.0001}
03/26/2026 02:18:02 - INFO - src.trainer -   {'loss': 1.3103108406066895, 'learning_rate': 1e-06, 'global_step': 14250, 'zo_forward_step': 28502, 'max_steps': 20000, 'max_zo_forward_steps': 0, 'time': 1906, 'eps': 0.0001}
03/26/2026 02:18:03 - INFO - src.trainer -   {'loss': 1.1999523639678955, 'learning_rate': 1e-06, 'global_step': 14260, 'zo_forward_step': 28522, 'max_steps': 20000, 'max_zo_forward_steps': 0, 'time': 1908, 'eps': 0.0001}
03/26/2026 02:18:05 - INFO - src.trainer -   {'loss': 0.8492339253425598, 'learning_rate': 1e-06, 'global_step': 14270, 'zo_forward_step': 28542, 'max_steps': 20000, 'max_zo_forward_steps': 0, 'time': 1909, 'eps': 0.0001}
1420it [31:25,  1.05s/it]03/26/2026 02:18:06 - INFO - src.trainer -   {'loss': 1.3122321367263794, 'learning_rate': 1e-06, 'global_step': 14280, 'zo_forward_step': 28562, 'max_steps': 20000, 'max_zo_forward_steps': 0, 'time': 1910, 'eps': 0.0001}
03/26/2026 02:18:07 - INFO - src.trainer -   {'loss': 1.211924433708191, 'learning_rate': 1e-06, 'global_step': 14290, 'zo_forward_step': 28582, 'max_steps': 20000, 'max_zo_forward_steps': 0, 'time': 1911, 'eps': 0.0001}
03/26/2026 02:18:08 - INFO - src.trainer -   {'loss': 0.8420373201370239, 'learning_rate': 1e-06, 'global_step': 14300, 'zo_forward_step': 28602, 'max_steps': 20000, 'max_zo_forward_steps': 0, 'time': 1912, 'eps': 0.0001}
03/26/2026 02:18:09 - INFO - src.trainer -   {'loss': 1.3252912759780884, 'learning_rate': 1e-06, 'global_step': 14310, 'zo_forward_step': 28622, 'max_steps': 20000, 'max_zo_forward_steps': 0, 'time': 1913, 'eps': 0.0001}
03/26/2026 02:18:10 - INFO - src.trainer -   {'loss': 1.1899161338806152, 'learning_rate': 1e-06, 'global_step': 14320, 'zo_forward_step': 28642, 'max_steps': 20000, 'max_zo_forward_steps': 0, 'time': 1914, 'eps': 0.0001}
03/26/2026 02:18:11 - INFO - src.trainer -   {'loss': 0.8718096017837524, 'learning_rate': 1e-06, 'global_step': 14330, 'zo_forward_step': 28662, 'max_steps': 20000, 'max_zo_forward_steps': 0, 'time': 1916, 'eps': 0.0001}
03/26/2026 02:18:13 - INFO - src.trainer -   {'loss': 1.3240103721618652, 'learning_rate': 1e-06, 'global_step': 14340, 'zo_forward_step': 28682, 'max_steps': 20000, 'max_zo_forward_steps': 0, 'time': 1917, 'eps': 0.0001}
03/26/2026 02:18:14 - INFO - src.trainer -   {'loss': 1.1881927251815796, 'learning_rate': 1e-06, 'global_step': 14350, 'zo_forward_step': 28702, 'max_steps': 20000, 'max_zo_forward_steps': 0, 'time': 1918, 'eps': 0.0001}
03/26/2026 02:18:15 - INFO - src.trainer -   {'loss': 0.8722857236862183, 'learning_rate': 1e-06, 'global_step': 14360, 'zo_forward_step': 28722, 'max_steps': 20000, 'max_zo_forward_steps': 0, 'time': 1919, 'eps': 0.0001}
03/26/2026 02:18:16 - INFO - src.trainer -   {'loss': 1.3351681232452393, 'learning_rate': 1e-06, 'global_step': 14370, 'zo_forward_step': 28742, 'max_steps': 20000, 'max_zo_forward_steps': 0, 'time': 1920, 'eps': 0.0001}
03/26/2026 02:18:17 - INFO - src.trainer -   {'loss': 1.1918601989746094, 'learning_rate': 1e-06, 'global_step': 14380, 'zo_forward_step': 28762, 'max_steps': 20000, 'max_zo_forward_steps': 0, 'time': 1921, 'eps': 0.0001}
03/26/2026 02:18:18 - INFO - src.trainer -   {'loss': 0.8387824296951294, 'learning_rate': 1e-06, 'global_step': 14390, 'zo_forward_step': 28782, 'max_steps': 20000, 'max_zo_forward_steps': 0, 'time': 1923, 'eps': 0.0001}
1421it [31:39,  1.57s/it]1432it [31:39,  1.06s/it]03/26/2026 02:18:20 - INFO - src.trainer -   {'eval_loss': 1.4137704372406006, 'eval_acc': 0.475}
03/26/2026 02:18:23 - INFO - src.trainer -   [zo_probe] step=14400 eps=1.000e-04 precision=fp32 n=16 mae=4.448887e-01 rmse=8.212230e-01 sign_acc=1.0000 corr=0.999855
03/26/2026 02:18:23 - INFO - src.trainer -   {'loss': 1.3035783767700195, 'learning_rate': 1e-06, 'global_step': 14400, 'zo_forward_step': 28802, 'max_steps': 20000, 'max_zo_forward_steps': 0, 'time': 1927, 'eps': 0.0001}
03/26/2026 02:18:24 - INFO - src.trainer -   {'loss': 1.2028577327728271, 'learning_rate': 1e-06, 'global_step': 14410, 'zo_forward_step': 28822, 'max_steps': 20000, 'max_zo_forward_steps': 0, 'time': 1928, 'eps': 0.0001}
03/26/2026 02:18:25 - INFO - src.trainer -   {'loss': 0.8448875546455383, 'learning_rate': 1e-06, 'global_step': 14420, 'zo_forward_step': 28842, 'max_steps': 20000, 'max_zo_forward_steps': 0, 'time': 1929, 'eps': 0.0001}
03/26/2026 02:18:26 - INFO - src.trainer -   {'loss': 1.3070087432861328, 'learning_rate': 1e-06, 'global_step': 14430, 'zo_forward_step': 28862, 'max_steps': 20000, 'max_zo_forward_steps': 0, 'time': 1930, 'eps': 0.0001}
03/26/2026 02:18:27 - INFO - src.trainer -   {'loss': 1.210127830505371, 'learning_rate': 1e-06, 'global_step': 14440, 'zo_forward_step': 28882, 'max_steps': 20000, 'max_zo_forward_steps': 0, 'time': 1932, 'eps': 0.0001}
03/26/2026 02:18:29 - INFO - src.trainer -   {'loss': 0.8335543870925903, 'learning_rate': 1e-06, 'global_step': 14450, 'zo_forward_step': 28902, 'max_steps': 20000, 'max_zo_forward_steps': 0, 'time': 1933, 'eps': 0.0001}
03/26/2026 02:18:30 - INFO - src.trainer -   {'loss': 1.3065935373306274, 'learning_rate': 1e-06, 'global_step': 14460, 'zo_forward_step': 28922, 'max_steps': 20000, 'max_zo_forward_steps': 0, 'time': 1934, 'eps': 0.0001}
03/26/2026 02:18:31 - INFO - src.trainer -   {'loss': 1.211850881576538, 'learning_rate': 1e-06, 'global_step': 14470, 'zo_forward_step': 28942, 'max_steps': 20000, 'max_zo_forward_steps': 0, 'time': 1935, 'eps': 0.0001}
03/26/2026 02:18:32 - INFO - src.trainer -   {'loss': 0.8236388564109802, 'learning_rate': 1e-06, 'global_step': 14480, 'zo_forward_step': 28962, 'max_steps': 20000, 'max_zo_forward_steps': 0, 'time': 1936, 'eps': 0.0001}
03/26/2026 02:18:33 - INFO - src.trainer -   {'loss': 1.3090053796768188, 'learning_rate': 1e-06, 'global_step': 14490, 'zo_forward_step': 28982, 'max_steps': 20000, 'max_zo_forward_steps': 0, 'time': 1937, 'eps': 0.0001}
03/26/2026 02:18:34 - INFO - src.trainer -   {'loss': 1.2126325368881226, 'learning_rate': 1e-06, 'global_step': 14500, 'zo_forward_step': 29002, 'max_steps': 20000, 'max_zo_forward_steps': 0, 'time': 1939, 'eps': 0.0001}
03/26/2026 02:18:36 - INFO - src.trainer -   {'loss': 0.8274855613708496, 'learning_rate': 1e-06, 'global_step': 14510, 'zo_forward_step': 29022, 'max_steps': 20000, 'max_zo_forward_steps': 0, 'time': 1940, 'eps': 0.0001}
1440it [31:55,  1.06s/it]03/26/2026 02:18:37 - INFO - src.trainer -   {'loss': 1.3040249347686768, 'learning_rate': 1e-06, 'global_step': 14520, 'zo_forward_step': 29042, 'max_steps': 20000, 'max_zo_forward_steps': 0, 'time': 1941, 'eps': 0.0001}
03/26/2026 02:18:38 - INFO - src.trainer -   {'loss': 1.2037352323532104, 'learning_rate': 1e-06, 'global_step': 14530, 'zo_forward_step': 29062, 'max_steps': 20000, 'max_zo_forward_steps': 0, 'time': 1942, 'eps': 0.0001}
03/26/2026 02:18:39 - INFO - src.trainer -   {'loss': 0.8079760670661926, 'learning_rate': 1e-06, 'global_step': 14540, 'zo_forward_step': 29082, 'max_steps': 20000, 'max_zo_forward_steps': 0, 'time': 1943, 'eps': 0.0001}
03/26/2026 02:18:40 - INFO - src.trainer -   {'loss': 1.319596529006958, 'learning_rate': 1e-06, 'global_step': 14550, 'zo_forward_step': 29102, 'max_steps': 20000, 'max_zo_forward_steps': 0, 'time': 1944, 'eps': 0.0001}
03/26/2026 02:18:41 - INFO - src.trainer -   {'loss': 1.1940279006958008, 'learning_rate': 1e-06, 'global_step': 14560, 'zo_forward_step': 29122, 'max_steps': 20000, 'max_zo_forward_steps': 0, 'time': 1945, 'eps': 0.0001}
03/26/2026 02:18:42 - INFO - src.trainer -   {'loss': 0.8225277066230774, 'learning_rate': 1e-06, 'global_step': 14570, 'zo_forward_step': 29142, 'max_steps': 20000, 'max_zo_forward_steps': 0, 'time': 1947, 'eps': 0.0001}
03/26/2026 02:18:44 - INFO - src.trainer -   {'loss': 1.3317278623580933, 'learning_rate': 1e-06, 'global_step': 14580, 'zo_forward_step': 29162, 'max_steps': 20000, 'max_zo_forward_steps': 0, 'time': 1948, 'eps': 0.0001}
03/26/2026 02:18:45 - INFO - src.trainer -   {'loss': 1.210992455482483, 'learning_rate': 1e-06, 'global_step': 14590, 'zo_forward_step': 29182, 'max_steps': 20000, 'max_zo_forward_steps': 0, 'time': 1949, 'eps': 0.0001}
1441it [32:05,  1.57s/it]1452it [32:06,  1.06s/it]03/26/2026 02:18:46 - INFO - src.trainer -   {'eval_loss': 1.414623498916626, 'eval_acc': 0.475}
03/26/2026 02:18:48 - INFO - src.trainer -   [zo_probe] step=14600 eps=1.000e-04 precision=fp32 n=16 mae=3.481853e-02 rmse=5.081858e-02 sign_acc=1.0000 corr=0.999999
03/26/2026 02:18:48 - INFO - src.trainer -   {'loss': 0.7810056209564209, 'learning_rate': 1e-06, 'global_step': 14600, 'zo_forward_step': 29202, 'max_steps': 20000, 'max_zo_forward_steps': 0, 'time': 1952, 'eps': 0.0001}
03/26/2026 02:18:49 - INFO - src.trainer -   {'loss': 1.3253543376922607, 'learning_rate': 1e-06, 'global_step': 14610, 'zo_forward_step': 29222, 'max_steps': 20000, 'max_zo_forward_steps': 0, 'time': 1953, 'eps': 0.0001}
03/26/2026 02:18:50 - INFO - src.trainer -   {'loss': 1.2188036441802979, 'learning_rate': 1e-06, 'global_step': 14620, 'zo_forward_step': 29242, 'max_steps': 20000, 'max_zo_forward_steps': 0, 'time': 1955, 'eps': 0.0001}
03/26/2026 02:18:52 - INFO - src.trainer -   {'loss': 0.7837740182876587, 'learning_rate': 1e-06, 'global_step': 14630, 'zo_forward_step': 29262, 'max_steps': 20000, 'max_zo_forward_steps': 0, 'time': 1956, 'eps': 0.0001}
03/26/2026 02:18:53 - INFO - src.trainer -   {'loss': 1.3203516006469727, 'learning_rate': 1e-06, 'global_step': 14640, 'zo_forward_step': 29282, 'max_steps': 20000, 'max_zo_forward_steps': 0, 'time': 1957, 'eps': 0.0001}
03/26/2026 02:18:54 - INFO - src.trainer -   {'loss': 1.2240046262741089, 'learning_rate': 1e-06, 'global_step': 14650, 'zo_forward_step': 29302, 'max_steps': 20000, 'max_zo_forward_steps': 0, 'time': 1958, 'eps': 0.0001}
03/26/2026 02:18:55 - INFO - src.trainer -   {'loss': 0.760281503200531, 'learning_rate': 1e-06, 'global_step': 14660, 'zo_forward_step': 29322, 'max_steps': 20000, 'max_zo_forward_steps': 0, 'time': 1959, 'eps': 0.0001}
03/26/2026 02:18:56 - INFO - src.trainer -   {'loss': 1.317204475402832, 'learning_rate': 1e-06, 'global_step': 14670, 'zo_forward_step': 29342, 'max_steps': 20000, 'max_zo_forward_steps': 0, 'time': 1960, 'eps': 0.0001}
03/26/2026 02:18:57 - INFO - src.trainer -   {'loss': 1.2312439680099487, 'learning_rate': 1e-06, 'global_step': 14680, 'zo_forward_step': 29362, 'max_steps': 20000, 'max_zo_forward_steps': 0, 'time': 1961, 'eps': 0.0001}
03/26/2026 02:18:58 - INFO - src.trainer -   {'loss': 0.7420385479927063, 'learning_rate': 1e-06, 'global_step': 14690, 'zo_forward_step': 29382, 'max_steps': 20000, 'max_zo_forward_steps': 0, 'time': 1963, 'eps': 0.0001}
03/26/2026 02:19:00 - INFO - src.trainer -   {'loss': 1.3310235738754272, 'learning_rate': 1e-06, 'global_step': 14700, 'zo_forward_step': 29402, 'max_steps': 20000, 'max_zo_forward_steps': 0, 'time': 1964, 'eps': 0.0001}
03/26/2026 02:19:01 - INFO - src.trainer -   {'loss': 1.1985734701156616, 'learning_rate': 1e-06, 'global_step': 14710, 'zo_forward_step': 29422, 'max_steps': 20000, 'max_zo_forward_steps': 0, 'time': 1965, 'eps': 0.0001}
03/26/2026 02:19:02 - INFO - src.trainer -   {'loss': 0.7629941701889038, 'learning_rate': 1e-06, 'global_step': 14720, 'zo_forward_step': 29442, 'max_steps': 20000, 'max_zo_forward_steps': 0, 'time': 1966, 'eps': 0.0001}
03/26/2026 02:19:05 - INFO - src.trainer -   {'loss': 1.3297009468078613, 'learning_rate': 1e-06, 'global_step': 14730, 'zo_forward_step': 29462, 'max_steps': 20000, 'max_zo_forward_steps': 0, 'time': 1969, 'eps': 0.0001}
1460it [32:25,  1.06s/it]03/26/2026 02:19:06 - INFO - src.trainer -   {'loss': 1.2010822296142578, 'learning_rate': 1e-06, 'global_step': 14740, 'zo_forward_step': 29482, 'max_steps': 20000, 'max_zo_forward_steps': 0, 'time': 1970, 'eps': 0.0001}
03/26/2026 02:19:07 - INFO - src.trainer -   {'loss': 0.7501287460327148, 'learning_rate': 1e-06, 'global_step': 14750, 'zo_forward_step': 29502, 'max_steps': 20000, 'max_zo_forward_steps': 0, 'time': 1971, 'eps': 0.0001}
03/26/2026 02:19:08 - INFO - src.trainer -   {'loss': 1.3164170980453491, 'learning_rate': 1e-06, 'global_step': 14760, 'zo_forward_step': 29522, 'max_steps': 20000, 'max_zo_forward_steps': 0, 'time': 1972, 'eps': 0.0001}
03/26/2026 02:19:09 - INFO - src.trainer -   {'loss': 1.1760311126708984, 'learning_rate': 1e-06, 'global_step': 14770, 'zo_forward_step': 29542, 'max_steps': 20000, 'max_zo_forward_steps': 0, 'time': 1973, 'eps': 0.0001}
03/26/2026 02:19:10 - INFO - src.trainer -   {'loss': 0.7775583863258362, 'learning_rate': 1e-06, 'global_step': 14780, 'zo_forward_step': 29562, 'max_steps': 20000, 'max_zo_forward_steps': 0, 'time': 1974, 'eps': 0.0001}
03/26/2026 02:19:11 - INFO - src.trainer -   {'loss': 1.3348538875579834, 'learning_rate': 1e-06, 'global_step': 14790, 'zo_forward_step': 29582, 'max_steps': 20000, 'max_zo_forward_steps': 0, 'time': 1976, 'eps': 0.0001}
1461it [32:32,  1.58s/it]1472it [32:32,  1.07s/it]03/26/2026 02:19:13 - INFO - src.trainer -   {'eval_loss': 1.403448462486267, 'eval_acc': 0.475}
03/26/2026 02:19:16 - INFO - src.trainer -   [zo_probe] step=14800 eps=1.000e-04 precision=fp32 n=16 mae=5.481428e-02 rmse=7.402969e-02 sign_acc=1.0000 corr=0.999997
03/26/2026 02:19:16 - INFO - src.trainer -   {'loss': 1.179912805557251, 'learning_rate': 1e-06, 'global_step': 14800, 'zo_forward_step': 29602, 'max_steps': 20000, 'max_zo_forward_steps': 0, 'time': 1980, 'eps': 0.0001}
03/26/2026 02:19:17 - INFO - src.trainer -   {'loss': 0.7643789649009705, 'learning_rate': 1e-06, 'global_step': 14810, 'zo_forward_step': 29622, 'max_steps': 20000, 'max_zo_forward_steps': 0, 'time': 1981, 'eps': 0.0001}
03/26/2026 02:19:18 - INFO - src.trainer -   {'loss': 1.3513209819793701, 'learning_rate': 1e-06, 'global_step': 14820, 'zo_forward_step': 29642, 'max_steps': 20000, 'max_zo_forward_steps': 0, 'time': 1982, 'eps': 0.0001}
03/26/2026 02:19:19 - INFO - src.trainer -   {'loss': 1.1593807935714722, 'learning_rate': 1e-06, 'global_step': 14830, 'zo_forward_step': 29662, 'max_steps': 20000, 'max_zo_forward_steps': 0, 'time': 1983, 'eps': 0.0001}
03/26/2026 02:19:20 - INFO - src.trainer -   {'loss': 0.7780655026435852, 'learning_rate': 1e-06, 'global_step': 14840, 'zo_forward_step': 29682, 'max_steps': 20000, 'max_zo_forward_steps': 0, 'time': 1984, 'eps': 0.0001}
03/26/2026 02:19:21 - INFO - src.trainer -   {'loss': 1.345699667930603, 'learning_rate': 1e-06, 'global_step': 14850, 'zo_forward_step': 29702, 'max_steps': 20000, 'max_zo_forward_steps': 0, 'time': 1986, 'eps': 0.0001}
03/26/2026 02:19:23 - INFO - src.trainer -   {'loss': 1.1384315490722656, 'learning_rate': 1e-06, 'global_step': 14860, 'zo_forward_step': 29722, 'max_steps': 20000, 'max_zo_forward_steps': 0, 'time': 1987, 'eps': 0.0001}
03/26/2026 02:19:24 - INFO - src.trainer -   {'loss': 0.8077974915504456, 'learning_rate': 1e-06, 'global_step': 14870, 'zo_forward_step': 29742, 'max_steps': 20000, 'max_zo_forward_steps': 0, 'time': 1988, 'eps': 0.0001}
03/26/2026 02:19:25 - INFO - src.trainer -   {'loss': 1.339391827583313, 'learning_rate': 1e-06, 'global_step': 14880, 'zo_forward_step': 29762, 'max_steps': 20000, 'max_zo_forward_steps': 0, 'time': 1989, 'eps': 0.0001}
1480it [32:45,  1.07s/it]03/26/2026 02:19:26 - INFO - src.trainer -   {'loss': 1.1059882640838623, 'learning_rate': 1e-06, 'global_step': 14890, 'zo_forward_step': 29782, 'max_steps': 20000, 'max_zo_forward_steps': 0, 'time': 1990, 'eps': 0.0001}
03/26/2026 02:19:27 - INFO - src.trainer -   {'loss': 0.822822630405426, 'learning_rate': 1e-06, 'global_step': 14900, 'zo_forward_step': 29802, 'max_steps': 20000, 'max_zo_forward_steps': 0, 'time': 1991, 'eps': 0.0001}
03/26/2026 02:19:28 - INFO - src.trainer -   {'loss': 1.3303790092468262, 'learning_rate': 1e-06, 'global_step': 14910, 'zo_forward_step': 29822, 'max_steps': 20000, 'max_zo_forward_steps': 0, 'time': 1992, 'eps': 0.0001}
03/26/2026 02:19:29 - INFO - src.trainer -   {'loss': 1.1158418655395508, 'learning_rate': 1e-06, 'global_step': 14920, 'zo_forward_step': 29842, 'max_steps': 20000, 'max_zo_forward_steps': 0, 'time': 1994, 'eps': 0.0001}
03/26/2026 02:19:31 - INFO - src.trainer -   {'loss': 0.8592143654823303, 'learning_rate': 1e-06, 'global_step': 14930, 'zo_forward_step': 29862, 'max_steps': 20000, 'max_zo_forward_steps': 0, 'time': 1995, 'eps': 0.0001}
03/26/2026 02:19:32 - INFO - src.trainer -   {'loss': 1.3085671663284302, 'learning_rate': 1e-06, 'global_step': 14940, 'zo_forward_step': 29882, 'max_steps': 20000, 'max_zo_forward_steps': 0, 'time': 1996, 'eps': 0.0001}
03/26/2026 02:19:33 - INFO - src.trainer -   {'loss': 1.0969300270080566, 'learning_rate': 1e-06, 'global_step': 14950, 'zo_forward_step': 29902, 'max_steps': 20000, 'max_zo_forward_steps': 0, 'time': 1997, 'eps': 0.0001}
03/26/2026 02:19:36 - INFO - src.trainer -   {'loss': 0.8709299564361572, 'learning_rate': 1e-06, 'global_step': 14960, 'zo_forward_step': 29922, 'max_steps': 20000, 'max_zo_forward_steps': 0, 'time': 2000, 'eps': 0.0001}
03/26/2026 02:19:37 - INFO - src.trainer -   {'loss': 1.295117735862732, 'learning_rate': 1e-06, 'global_step': 14970, 'zo_forward_step': 29942, 'max_steps': 20000, 'max_zo_forward_steps': 0, 'time': 2001, 'eps': 0.0001}
03/26/2026 02:19:38 - INFO - src.trainer -   {'loss': 1.1034005880355835, 'learning_rate': 1e-06, 'global_step': 14980, 'zo_forward_step': 29962, 'max_steps': 20000, 'max_zo_forward_steps': 0, 'time': 2002, 'eps': 0.0001}
03/26/2026 02:19:39 - INFO - src.trainer -   {'loss': 0.8696172833442688, 'learning_rate': 1e-06, 'global_step': 14990, 'zo_forward_step': 29982, 'max_steps': 20000, 'max_zo_forward_steps': 0, 'time': 2003, 'eps': 0.0001}
1481it [33:00,  1.62s/it]1492it [33:00,  1.10s/it]03/26/2026 02:19:40 - INFO - src.trainer -   {'eval_loss': 1.3968892097473145, 'eval_acc': 0.475}
03/26/2026 02:19:43 - INFO - src.trainer -   [zo_probe] step=15000 eps=1.000e-04 precision=fp32 n=16 mae=6.569690e-02 rmse=9.049943e-02 sign_acc=1.0000 corr=0.999997
03/26/2026 02:19:43 - INFO - src.trainer -   {'loss': 1.274965524673462, 'learning_rate': 1e-06, 'global_step': 15000, 'zo_forward_step': 30002, 'max_steps': 20000, 'max_zo_forward_steps': 0, 'time': 2008, 'eps': 0.0001}
03/26/2026 02:19:46 - INFO - src.trainer -   {'loss': 1.1077868938446045, 'learning_rate': 1e-06, 'global_step': 15010, 'zo_forward_step': 30022, 'max_steps': 20000, 'max_zo_forward_steps': 0, 'time': 2010, 'eps': 0.0001}
03/26/2026 02:19:48 - INFO - src.trainer -   {'loss': 0.8431811332702637, 'learning_rate': 1e-06, 'global_step': 15020, 'zo_forward_step': 30042, 'max_steps': 20000, 'max_zo_forward_steps': 0, 'time': 2012, 'eps': 0.0001}
03/26/2026 02:19:49 - INFO - src.trainer -   {'loss': 1.2872185707092285, 'learning_rate': 1e-06, 'global_step': 15030, 'zo_forward_step': 30062, 'max_steps': 20000, 'max_zo_forward_steps': 0, 'time': 2013, 'eps': 0.0001}
03/26/2026 02:19:50 - INFO - src.trainer -   {'loss': 1.120438575744629, 'learning_rate': 1e-06, 'global_step': 15040, 'zo_forward_step': 30082, 'max_steps': 20000, 'max_zo_forward_steps': 0, 'time': 2014, 'eps': 0.0001}
03/26/2026 02:19:51 - INFO - src.trainer -   {'loss': 0.8474448323249817, 'learning_rate': 1e-06, 'global_step': 15050, 'zo_forward_step': 30102, 'max_steps': 20000, 'max_zo_forward_steps': 0, 'time': 2015, 'eps': 0.0001}
03/26/2026 02:19:52 - INFO - src.trainer -   {'loss': 1.285434603691101, 'learning_rate': 1e-06, 'global_step': 15060, 'zo_forward_step': 30122, 'max_steps': 20000, 'max_zo_forward_steps': 0, 'time': 2016, 'eps': 0.0001}
03/26/2026 02:19:54 - INFO - src.trainer -   {'loss': 1.111196517944336, 'learning_rate': 1e-06, 'global_step': 15070, 'zo_forward_step': 30142, 'max_steps': 20000, 'max_zo_forward_steps': 0, 'time': 2018, 'eps': 0.0001}
03/26/2026 02:19:55 - INFO - src.trainer -   {'loss': 0.8666425943374634, 'learning_rate': 1e-06, 'global_step': 15080, 'zo_forward_step': 30162, 'max_steps': 20000, 'max_zo_forward_steps': 0, 'time': 2019, 'eps': 0.0001}
1500it [33:15,  1.10s/it]03/26/2026 02:19:56 - INFO - src.trainer -   {'loss': 1.2720918655395508, 'learning_rate': 1e-06, 'global_step': 15090, 'zo_forward_step': 30182, 'max_steps': 20000, 'max_zo_forward_steps': 0, 'time': 2020, 'eps': 0.0001}
03/26/2026 02:19:59 - INFO - src.trainer -   {'loss': 1.1279736757278442, 'learning_rate': 1e-06, 'global_step': 15100, 'zo_forward_step': 30202, 'max_steps': 20000, 'max_zo_forward_steps': 0, 'time': 2023, 'eps': 0.0001}
03/26/2026 02:20:00 - INFO - src.trainer -   {'loss': 0.8622010946273804, 'learning_rate': 1e-06, 'global_step': 15110, 'zo_forward_step': 30222, 'max_steps': 20000, 'max_zo_forward_steps': 0, 'time': 2024, 'eps': 0.0001}
03/26/2026 02:20:01 - INFO - src.trainer -   {'loss': 1.253179907798767, 'learning_rate': 1e-06, 'global_step': 15120, 'zo_forward_step': 30242, 'max_steps': 20000, 'max_zo_forward_steps': 0, 'time': 2025, 'eps': 0.0001}
03/26/2026 02:20:02 - INFO - src.trainer -   {'loss': 1.1101038455963135, 'learning_rate': 1e-06, 'global_step': 15130, 'zo_forward_step': 30262, 'max_steps': 20000, 'max_zo_forward_steps': 0, 'time': 2026, 'eps': 0.0001}
03/26/2026 02:20:03 - INFO - src.trainer -   {'loss': 0.876803994178772, 'learning_rate': 1e-06, 'global_step': 15140, 'zo_forward_step': 30282, 'max_steps': 20000, 'max_zo_forward_steps': 0, 'time': 2028, 'eps': 0.0001}
03/26/2026 02:20:05 - INFO - src.trainer -   {'loss': 1.2544770240783691, 'learning_rate': 1e-06, 'global_step': 15150, 'zo_forward_step': 30302, 'max_steps': 20000, 'max_zo_forward_steps': 0, 'time': 2029, 'eps': 0.0001}
03/26/2026 02:20:06 - INFO - src.trainer -   {'loss': 1.1336864233016968, 'learning_rate': 1e-06, 'global_step': 15160, 'zo_forward_step': 30322, 'max_steps': 20000, 'max_zo_forward_steps': 0, 'time': 2030, 'eps': 0.0001}
03/26/2026 02:20:07 - INFO - src.trainer -   {'loss': 0.878643810749054, 'learning_rate': 1e-06, 'global_step': 15170, 'zo_forward_step': 30342, 'max_steps': 20000, 'max_zo_forward_steps': 0, 'time': 2031, 'eps': 0.0001}
03/26/2026 02:20:08 - INFO - src.trainer -   {'loss': 1.2373108863830566, 'learning_rate': 1e-06, 'global_step': 15180, 'zo_forward_step': 30362, 'max_steps': 20000, 'max_zo_forward_steps': 0, 'time': 2032, 'eps': 0.0001}
03/26/2026 02:20:09 - INFO - src.trainer -   {'loss': 1.1425507068634033, 'learning_rate': 1e-06, 'global_step': 15190, 'zo_forward_step': 30382, 'max_steps': 20000, 'max_zo_forward_steps': 0, 'time': 2033, 'eps': 0.0001}
1501it [33:30,  1.71s/it]1512it [33:30,  1.16s/it]03/26/2026 02:20:10 - INFO - src.trainer -   {'eval_loss': 1.410498023033142, 'eval_acc': 0.475}
03/26/2026 02:20:12 - INFO - src.trainer -   [zo_probe] step=15200 eps=1.000e-04 precision=fp32 n=16 mae=1.109113e-01 rmse=1.655419e-01 sign_acc=1.0000 corr=0.999997
03/26/2026 02:20:12 - INFO - src.trainer -   {'loss': 0.8529782295227051, 'learning_rate': 1e-06, 'global_step': 15200, 'zo_forward_step': 30402, 'max_steps': 20000, 'max_zo_forward_steps': 0, 'time': 2037, 'eps': 0.0001}
03/26/2026 02:20:14 - INFO - src.trainer -   {'loss': 1.2551525831222534, 'learning_rate': 1e-06, 'global_step': 15210, 'zo_forward_step': 30422, 'max_steps': 20000, 'max_zo_forward_steps': 0, 'time': 2038, 'eps': 0.0001}
03/26/2026 02:20:15 - INFO - src.trainer -   {'loss': 1.1449744701385498, 'learning_rate': 1e-06, 'global_step': 15220, 'zo_forward_step': 30442, 'max_steps': 20000, 'max_zo_forward_steps': 0, 'time': 2039, 'eps': 0.0001}
03/26/2026 02:20:16 - INFO - src.trainer -   {'loss': 0.8353732824325562, 'learning_rate': 1e-06, 'global_step': 15230, 'zo_forward_step': 30462, 'max_steps': 20000, 'max_zo_forward_steps': 0, 'time': 2040, 'eps': 0.0001}
03/26/2026 02:20:17 - INFO - src.trainer -   {'loss': 1.2380470037460327, 'learning_rate': 1e-06, 'global_step': 15240, 'zo_forward_step': 30482, 'max_steps': 20000, 'max_zo_forward_steps': 0, 'time': 2041, 'eps': 0.0001}
03/26/2026 02:20:18 - INFO - src.trainer -   {'loss': 1.148347020149231, 'learning_rate': 1e-06, 'global_step': 15250, 'zo_forward_step': 30502, 'max_steps': 20000, 'max_zo_forward_steps': 0, 'time': 2042, 'eps': 0.0001}
03/26/2026 02:20:19 - INFO - src.trainer -   {'loss': 0.86124587059021, 'learning_rate': 1e-06, 'global_step': 15260, 'zo_forward_step': 30522, 'max_steps': 20000, 'max_zo_forward_steps': 0, 'time': 2043, 'eps': 0.0001}
03/26/2026 02:20:20 - INFO - src.trainer -   {'loss': 1.2793675661087036, 'learning_rate': 1e-06, 'global_step': 15270, 'zo_forward_step': 30542, 'max_steps': 20000, 'max_zo_forward_steps': 0, 'time': 2045, 'eps': 0.0001}
03/26/2026 02:20:22 - INFO - src.trainer -   {'loss': 1.120503544807434, 'learning_rate': 1e-06, 'global_step': 15280, 'zo_forward_step': 30562, 'max_steps': 20000, 'max_zo_forward_steps': 0, 'time': 2046, 'eps': 0.0001}
03/26/2026 02:20:23 - INFO - src.trainer -   {'loss': 0.8505646586418152, 'learning_rate': 1e-06, 'global_step': 15290, 'zo_forward_step': 30582, 'max_steps': 20000, 'max_zo_forward_steps': 0, 'time': 2047, 'eps': 0.0001}
03/26/2026 02:20:24 - INFO - src.trainer -   {'loss': 1.2829821109771729, 'learning_rate': 1e-06, 'global_step': 15300, 'zo_forward_step': 30602, 'max_steps': 20000, 'max_zo_forward_steps': 0, 'time': 2048, 'eps': 0.0001}
03/26/2026 02:20:25 - INFO - src.trainer -   {'loss': 1.1050355434417725, 'learning_rate': 1e-06, 'global_step': 15310, 'zo_forward_step': 30622, 'max_steps': 20000, 'max_zo_forward_steps': 0, 'time': 2049, 'eps': 0.0001}
1520it [33:45,  1.16s/it]03/26/2026 02:20:26 - INFO - src.trainer -   {'loss': 0.8501256704330444, 'learning_rate': 1e-06, 'global_step': 15320, 'zo_forward_step': 30642, 'max_steps': 20000, 'max_zo_forward_steps': 0, 'time': 2050, 'eps': 0.0001}
03/26/2026 02:20:27 - INFO - src.trainer -   {'loss': 1.277879238128662, 'learning_rate': 1e-06, 'global_step': 15330, 'zo_forward_step': 30662, 'max_steps': 20000, 'max_zo_forward_steps': 0, 'time': 2052, 'eps': 0.0001}
03/26/2026 02:20:29 - INFO - src.trainer -   {'loss': 1.0920416116714478, 'learning_rate': 1e-06, 'global_step': 15340, 'zo_forward_step': 30682, 'max_steps': 20000, 'max_zo_forward_steps': 0, 'time': 2053, 'eps': 0.0001}
03/26/2026 02:20:30 - INFO - src.trainer -   {'loss': 0.8361036777496338, 'learning_rate': 1e-06, 'global_step': 15350, 'zo_forward_step': 30702, 'max_steps': 20000, 'max_zo_forward_steps': 0, 'time': 2054, 'eps': 0.0001}
03/26/2026 02:20:31 - INFO - src.trainer -   {'loss': 1.2811583280563354, 'learning_rate': 1e-06, 'global_step': 15360, 'zo_forward_step': 30722, 'max_steps': 20000, 'max_zo_forward_steps': 0, 'time': 2055, 'eps': 0.0001}
03/26/2026 02:20:32 - INFO - src.trainer -   {'loss': 1.0953946113586426, 'learning_rate': 1e-06, 'global_step': 15370, 'zo_forward_step': 30742, 'max_steps': 20000, 'max_zo_forward_steps': 0, 'time': 2056, 'eps': 0.0001}
03/26/2026 02:20:33 - INFO - src.trainer -   {'loss': 0.8183833956718445, 'learning_rate': 1e-06, 'global_step': 15380, 'zo_forward_step': 30762, 'max_steps': 20000, 'max_zo_forward_steps': 0, 'time': 2057, 'eps': 0.0001}
03/26/2026 02:20:34 - INFO - src.trainer -   {'loss': 1.304993748664856, 'learning_rate': 1e-06, 'global_step': 15390, 'zo_forward_step': 30782, 'max_steps': 20000, 'max_zo_forward_steps': 0, 'time': 2058, 'eps': 0.0001}
1521it [33:55,  1.60s/it]1532it [33:55,  1.09s/it]03/26/2026 02:20:35 - INFO - src.trainer -   {'eval_loss': 1.40548574924469, 'eval_acc': 0.4625}
03/26/2026 02:20:39 - INFO - src.trainer -   [zo_probe] step=15400 eps=1.000e-04 precision=fp32 n=16 mae=2.954805e-02 rmse=3.733769e-02 sign_acc=1.0000 corr=1.000000
03/26/2026 02:20:39 - INFO - src.trainer -   {'loss': 1.0971908569335938, 'learning_rate': 1e-06, 'global_step': 15400, 'zo_forward_step': 30802, 'max_steps': 20000, 'max_zo_forward_steps': 0, 'time': 2063, 'eps': 0.0001}
03/26/2026 02:20:41 - INFO - src.trainer -   {'loss': 0.8086889386177063, 'learning_rate': 1e-06, 'global_step': 15410, 'zo_forward_step': 30822, 'max_steps': 20000, 'max_zo_forward_steps': 0, 'time': 2065, 'eps': 0.0001}
03/26/2026 02:20:42 - INFO - src.trainer -   {'loss': 1.289723515510559, 'learning_rate': 1e-06, 'global_step': 15420, 'zo_forward_step': 30842, 'max_steps': 20000, 'max_zo_forward_steps': 0, 'time': 2066, 'eps': 0.0001}
03/26/2026 02:20:43 - INFO - src.trainer -   {'loss': 1.1069074869155884, 'learning_rate': 1e-06, 'global_step': 15430, 'zo_forward_step': 30862, 'max_steps': 20000, 'max_zo_forward_steps': 0, 'time': 2067, 'eps': 0.0001}
03/26/2026 02:20:44 - INFO - src.trainer -   {'loss': 0.8233588933944702, 'learning_rate': 1e-06, 'global_step': 15440, 'zo_forward_step': 30882, 'max_steps': 20000, 'max_zo_forward_steps': 0, 'time': 2068, 'eps': 0.0001}
03/26/2026 02:20:45 - INFO - src.trainer -   {'loss': 1.2849334478378296, 'learning_rate': 1e-06, 'global_step': 15450, 'zo_forward_step': 30902, 'max_steps': 20000, 'max_zo_forward_steps': 0, 'time': 2069, 'eps': 0.0001}
1540it [34:05,  1.09s/it]03/26/2026 02:20:46 - INFO - src.trainer -   {'loss': 1.1090174913406372, 'learning_rate': 1e-06, 'global_step': 15460, 'zo_forward_step': 30922, 'max_steps': 20000, 'max_zo_forward_steps': 0, 'time': 2071, 'eps': 0.0001}
03/26/2026 02:20:47 - INFO - src.trainer -   {'loss': 0.8022673726081848, 'learning_rate': 1e-06, 'global_step': 15470, 'zo_forward_step': 30942, 'max_steps': 20000, 'max_zo_forward_steps': 0, 'time': 2072, 'eps': 0.0001}
03/26/2026 02:20:49 - INFO - src.trainer -   {'loss': 1.287775993347168, 'learning_rate': 1e-06, 'global_step': 15480, 'zo_forward_step': 30962, 'max_steps': 20000, 'max_zo_forward_steps': 0, 'time': 2073, 'eps': 0.0001}
03/26/2026 02:20:50 - INFO - src.trainer -   {'loss': 1.1218043565750122, 'learning_rate': 1e-06, 'global_step': 15490, 'zo_forward_step': 30982, 'max_steps': 20000, 'max_zo_forward_steps': 0, 'time': 2074, 'eps': 0.0001}
03/26/2026 02:20:51 - INFO - src.trainer -   {'loss': 0.7758742570877075, 'learning_rate': 1e-06, 'global_step': 15500, 'zo_forward_step': 31002, 'max_steps': 20000, 'max_zo_forward_steps': 0, 'time': 2075, 'eps': 0.0001}
03/26/2026 02:20:52 - INFO - src.trainer -   {'loss': 1.299495816230774, 'learning_rate': 1e-06, 'global_step': 15510, 'zo_forward_step': 31022, 'max_steps': 20000, 'max_zo_forward_steps': 0, 'time': 2076, 'eps': 0.0001}
03/26/2026 02:20:53 - INFO - src.trainer -   {'loss': 1.1129846572875977, 'learning_rate': 1e-06, 'global_step': 15520, 'zo_forward_step': 31042, 'max_steps': 20000, 'max_zo_forward_steps': 0, 'time': 2077, 'eps': 0.0001}
03/26/2026 02:20:54 - INFO - src.trainer -   {'loss': 0.7616649270057678, 'learning_rate': 1e-06, 'global_step': 15530, 'zo_forward_step': 31062, 'max_steps': 20000, 'max_zo_forward_steps': 0, 'time': 2079, 'eps': 0.0001}
03/26/2026 02:20:56 - INFO - src.trainer -   {'loss': 1.2894424200057983, 'learning_rate': 1e-06, 'global_step': 15540, 'zo_forward_step': 31082, 'max_steps': 20000, 'max_zo_forward_steps': 0, 'time': 2081, 'eps': 0.0001}
03/26/2026 02:20:58 - INFO - src.trainer -   {'loss': 1.1288784742355347, 'learning_rate': 1e-06, 'global_step': 15550, 'zo_forward_step': 31102, 'max_steps': 20000, 'max_zo_forward_steps': 0, 'time': 2082, 'eps': 0.0001}
03/26/2026 02:21:00 - INFO - src.trainer -   {'loss': 0.7851969003677368, 'learning_rate': 1e-06, 'global_step': 15560, 'zo_forward_step': 31122, 'max_steps': 20000, 'max_zo_forward_steps': 0, 'time': 2084, 'eps': 0.0001}
03/26/2026 02:21:01 - INFO - src.trainer -   {'loss': 1.27527916431427, 'learning_rate': 1e-06, 'global_step': 15570, 'zo_forward_step': 31142, 'max_steps': 20000, 'max_zo_forward_steps': 0, 'time': 2085, 'eps': 0.0001}
03/26/2026 02:21:02 - INFO - src.trainer -   {'loss': 1.130128264427185, 'learning_rate': 1e-06, 'global_step': 15580, 'zo_forward_step': 31162, 'max_steps': 20000, 'max_zo_forward_steps': 0, 'time': 2086, 'eps': 0.0001}
03/26/2026 02:21:03 - INFO - src.trainer -   {'loss': 0.7907854318618774, 'learning_rate': 1e-06, 'global_step': 15590, 'zo_forward_step': 31182, 'max_steps': 20000, 'max_zo_forward_steps': 0, 'time': 2087, 'eps': 0.0001}
1541it [34:24,  1.66s/it]1552it [34:24,  1.13s/it]03/26/2026 02:21:04 - INFO - src.trainer -   {'eval_loss': 1.4051144123077393, 'eval_acc': 0.4625}
03/26/2026 02:21:07 - INFO - src.trainer -   [zo_probe] step=15600 eps=1.000e-04 precision=fp32 n=16 mae=6.755292e-02 rmse=8.664533e-02 sign_acc=1.0000 corr=1.000000
03/26/2026 02:21:07 - INFO - src.trainer -   {'loss': 1.256358027458191, 'learning_rate': 1e-06, 'global_step': 15600, 'zo_forward_step': 31202, 'max_steps': 20000, 'max_zo_forward_steps': 0, 'time': 2091, 'eps': 0.0001}
03/26/2026 02:21:09 - INFO - src.trainer -   {'loss': 1.15166175365448, 'learning_rate': 1e-06, 'global_step': 15610, 'zo_forward_step': 31222, 'max_steps': 20000, 'max_zo_forward_steps': 0, 'time': 2093, 'eps': 0.0001}
03/26/2026 02:21:10 - INFO - src.trainer -   {'loss': 0.7941946387290955, 'learning_rate': 1e-06, 'global_step': 15620, 'zo_forward_step': 31242, 'max_steps': 20000, 'max_zo_forward_steps': 0, 'time': 2094, 'eps': 0.0001}
03/26/2026 02:21:11 - INFO - src.trainer -   {'loss': 1.2526758909225464, 'learning_rate': 1e-06, 'global_step': 15630, 'zo_forward_step': 31262, 'max_steps': 20000, 'max_zo_forward_steps': 0, 'time': 2095, 'eps': 0.0001}
03/26/2026 02:21:12 - INFO - src.trainer -   {'loss': 1.127978801727295, 'learning_rate': 1e-06, 'global_step': 15640, 'zo_forward_step': 31282, 'max_steps': 20000, 'max_zo_forward_steps': 0, 'time': 2096, 'eps': 0.0001}
03/26/2026 02:21:13 - INFO - src.trainer -   {'loss': 0.8073963522911072, 'learning_rate': 1e-06, 'global_step': 15650, 'zo_forward_step': 31302, 'max_steps': 20000, 'max_zo_forward_steps': 0, 'time': 2097, 'eps': 0.0001}
03/26/2026 02:21:14 - INFO - src.trainer -   {'loss': 1.2569615840911865, 'learning_rate': 1e-06, 'global_step': 15660, 'zo_forward_step': 31322, 'max_steps': 20000, 'max_zo_forward_steps': 0, 'time': 2098, 'eps': 0.0001}
03/26/2026 02:21:15 - INFO - src.trainer -   {'loss': 1.1355968713760376, 'learning_rate': 1e-06, 'global_step': 15670, 'zo_forward_step': 31342, 'max_steps': 20000, 'max_zo_forward_steps': 0, 'time': 2100, 'eps': 0.0001}
1560it [34:35,  1.13s/it]03/26/2026 02:21:17 - INFO - src.trainer -   {'loss': 0.7930269241333008, 'learning_rate': 1e-06, 'global_step': 15680, 'zo_forward_step': 31362, 'max_steps': 20000, 'max_zo_forward_steps': 0, 'time': 2101, 'eps': 0.0001}
03/26/2026 02:21:18 - INFO - src.trainer -   {'loss': 1.2606382369995117, 'learning_rate': 1e-06, 'global_step': 15690, 'zo_forward_step': 31382, 'max_steps': 20000, 'max_zo_forward_steps': 0, 'time': 2102, 'eps': 0.0001}
03/26/2026 02:21:19 - INFO - src.trainer -   {'loss': 1.1109949350357056, 'learning_rate': 1e-06, 'global_step': 15700, 'zo_forward_step': 31402, 'max_steps': 20000, 'max_zo_forward_steps': 0, 'time': 2103, 'eps': 0.0001}
03/26/2026 02:21:20 - INFO - src.trainer -   {'loss': 0.7966697216033936, 'learning_rate': 1e-06, 'global_step': 15710, 'zo_forward_step': 31422, 'max_steps': 20000, 'max_zo_forward_steps': 0, 'time': 2104, 'eps': 0.0001}
03/26/2026 02:21:21 - INFO - src.trainer -   {'loss': 1.2668910026550293, 'learning_rate': 1e-06, 'global_step': 15720, 'zo_forward_step': 31442, 'max_steps': 20000, 'max_zo_forward_steps': 0, 'time': 2105, 'eps': 0.0001}
03/26/2026 02:21:22 - INFO - src.trainer -   {'loss': 1.1088588237762451, 'learning_rate': 1e-06, 'global_step': 15730, 'zo_forward_step': 31462, 'max_steps': 20000, 'max_zo_forward_steps': 0, 'time': 2106, 'eps': 0.0001}
03/26/2026 02:21:23 - INFO - src.trainer -   {'loss': 0.7947737574577332, 'learning_rate': 1e-06, 'global_step': 15740, 'zo_forward_step': 31482, 'max_steps': 20000, 'max_zo_forward_steps': 0, 'time': 2107, 'eps': 0.0001}
03/26/2026 02:21:24 - INFO - src.trainer -   {'loss': 1.2584309577941895, 'learning_rate': 1e-06, 'global_step': 15750, 'zo_forward_step': 31502, 'max_steps': 20000, 'max_zo_forward_steps': 0, 'time': 2109, 'eps': 0.0001}
03/26/2026 02:21:26 - INFO - src.trainer -   {'loss': 1.1334797143936157, 'learning_rate': 1e-06, 'global_step': 15760, 'zo_forward_step': 31522, 'max_steps': 20000, 'max_zo_forward_steps': 0, 'time': 2110, 'eps': 0.0001}
03/26/2026 02:21:27 - INFO - src.trainer -   {'loss': 0.7973758578300476, 'learning_rate': 1e-06, 'global_step': 15770, 'zo_forward_step': 31542, 'max_steps': 20000, 'max_zo_forward_steps': 0, 'time': 2111, 'eps': 0.0001}
03/26/2026 02:21:28 - INFO - src.trainer -   {'loss': 1.2654898166656494, 'learning_rate': 1e-06, 'global_step': 15780, 'zo_forward_step': 31562, 'max_steps': 20000, 'max_zo_forward_steps': 0, 'time': 2112, 'eps': 0.0001}
03/26/2026 02:21:29 - INFO - src.trainer -   {'loss': 1.118646264076233, 'learning_rate': 1e-06, 'global_step': 15790, 'zo_forward_step': 31582, 'max_steps': 20000, 'max_zo_forward_steps': 0, 'time': 2113, 'eps': 0.0001}
1561it [34:52,  1.68s/it]1572it [34:52,  1.14s/it]03/26/2026 02:21:33 - INFO - src.trainer -   {'eval_loss': 1.4045908451080322, 'eval_acc': 0.5}
03/26/2026 02:21:33 - INFO - src.trainer -   Best dev result: 0.5
03/26/2026 02:21:35 - INFO - src.trainer -   [zo_probe] step=15800 eps=1.000e-04 precision=fp32 n=16 mae=7.797952e-02 rmse=1.131555e-01 sign_acc=1.0000 corr=0.999997
03/26/2026 02:21:35 - INFO - src.trainer -   {'loss': 0.7979059815406799, 'learning_rate': 1e-06, 'global_step': 15800, 'zo_forward_step': 31602, 'max_steps': 20000, 'max_zo_forward_steps': 0, 'time': 2119, 'eps': 0.0001}
03/26/2026 02:21:36 - INFO - src.trainer -   {'loss': 1.265946388244629, 'learning_rate': 1e-06, 'global_step': 15810, 'zo_forward_step': 31622, 'max_steps': 20000, 'max_zo_forward_steps': 0, 'time': 2120, 'eps': 0.0001}
03/26/2026 02:21:37 - INFO - src.trainer -   {'loss': 1.1148179769515991, 'learning_rate': 1e-06, 'global_step': 15820, 'zo_forward_step': 31642, 'max_steps': 20000, 'max_zo_forward_steps': 0, 'time': 2121, 'eps': 0.0001}
03/26/2026 02:21:38 - INFO - src.trainer -   {'loss': 0.7429205775260925, 'learning_rate': 1e-06, 'global_step': 15830, 'zo_forward_step': 31662, 'max_steps': 20000, 'max_zo_forward_steps': 0, 'time': 2122, 'eps': 0.0001}
03/26/2026 02:21:39 - INFO - src.trainer -   {'loss': 1.28319251537323, 'learning_rate': 1e-06, 'global_step': 15840, 'zo_forward_step': 31682, 'max_steps': 20000, 'max_zo_forward_steps': 0, 'time': 2124, 'eps': 0.0001}
03/26/2026 02:21:41 - INFO - src.trainer -   {'loss': 1.144932508468628, 'learning_rate': 1e-06, 'global_step': 15850, 'zo_forward_step': 31702, 'max_steps': 20000, 'max_zo_forward_steps': 0, 'time': 2125, 'eps': 0.0001}
03/26/2026 02:21:42 - INFO - src.trainer -   {'loss': 0.738489031791687, 'learning_rate': 1e-06, 'global_step': 15860, 'zo_forward_step': 31722, 'max_steps': 20000, 'max_zo_forward_steps': 0, 'time': 2126, 'eps': 0.0001}
03/26/2026 02:21:43 - INFO - src.trainer -   {'loss': 1.2831649780273438, 'learning_rate': 1e-06, 'global_step': 15870, 'zo_forward_step': 31742, 'max_steps': 20000, 'max_zo_forward_steps': 0, 'time': 2127, 'eps': 0.0001}
03/26/2026 02:21:44 - INFO - src.trainer -   {'loss': 1.1303279399871826, 'learning_rate': 1e-06, 'global_step': 15880, 'zo_forward_step': 31762, 'max_steps': 20000, 'max_zo_forward_steps': 0, 'time': 2128, 'eps': 0.0001}
03/26/2026 02:21:45 - INFO - src.trainer -   {'loss': 0.7503207921981812, 'learning_rate': 1e-06, 'global_step': 15890, 'zo_forward_step': 31782, 'max_steps': 20000, 'max_zo_forward_steps': 0, 'time': 2129, 'eps': 0.0001}
1580it [35:05,  1.14s/it]03/26/2026 02:21:46 - INFO - src.trainer -   {'loss': 1.2858972549438477, 'learning_rate': 1e-06, 'global_step': 15900, 'zo_forward_step': 31802, 'max_steps': 20000, 'max_zo_forward_steps': 0, 'time': 2130, 'eps': 0.0001}
03/26/2026 02:21:47 - INFO - src.trainer -   {'loss': 1.149583101272583, 'learning_rate': 1e-06, 'global_step': 15910, 'zo_forward_step': 31822, 'max_steps': 20000, 'max_zo_forward_steps': 0, 'time': 2132, 'eps': 0.0001}
03/26/2026 02:21:49 - INFO - src.trainer -   {'loss': 0.7297947406768799, 'learning_rate': 1e-06, 'global_step': 15920, 'zo_forward_step': 31842, 'max_steps': 20000, 'max_zo_forward_steps': 0, 'time': 2133, 'eps': 0.0001}
03/26/2026 02:21:50 - INFO - src.trainer -   {'loss': 1.2772576808929443, 'learning_rate': 1e-06, 'global_step': 15930, 'zo_forward_step': 31862, 'max_steps': 20000, 'max_zo_forward_steps': 0, 'time': 2134, 'eps': 0.0001}
03/26/2026 02:21:51 - INFO - src.trainer -   {'loss': 1.188096046447754, 'learning_rate': 1e-06, 'global_step': 15940, 'zo_forward_step': 31882, 'max_steps': 20000, 'max_zo_forward_steps': 0, 'time': 2135, 'eps': 0.0001}
03/26/2026 02:21:52 - INFO - src.trainer -   {'loss': 0.7059534788131714, 'learning_rate': 1e-06, 'global_step': 15950, 'zo_forward_step': 31902, 'max_steps': 20000, 'max_zo_forward_steps': 0, 'time': 2136, 'eps': 0.0001}
03/26/2026 02:21:53 - INFO - src.trainer -   {'loss': 1.2618464231491089, 'learning_rate': 1e-06, 'global_step': 15960, 'zo_forward_step': 31922, 'max_steps': 20000, 'max_zo_forward_steps': 0, 'time': 2137, 'eps': 0.0001}
03/26/2026 02:21:54 - INFO - src.trainer -   {'loss': 1.2138279676437378, 'learning_rate': 1e-06, 'global_step': 15970, 'zo_forward_step': 31942, 'max_steps': 20000, 'max_zo_forward_steps': 0, 'time': 2138, 'eps': 0.0001}
03/26/2026 02:21:55 - INFO - src.trainer -   {'loss': 0.6935094594955444, 'learning_rate': 1e-06, 'global_step': 15980, 'zo_forward_step': 31962, 'max_steps': 20000, 'max_zo_forward_steps': 0, 'time': 2139, 'eps': 0.0001}
03/26/2026 02:21:56 - INFO - src.trainer -   {'loss': 1.2612003087997437, 'learning_rate': 1e-06, 'global_step': 15990, 'zo_forward_step': 31982, 'max_steps': 20000, 'max_zo_forward_steps': 0, 'time': 2141, 'eps': 0.0001}
1581it [35:17,  1.59s/it]1592it [35:17,  1.08s/it]03/26/2026 02:21:58 - INFO - src.trainer -   {'eval_loss': 1.4142358303070068, 'eval_acc': 0.45}
03/26/2026 02:22:01 - INFO - src.trainer -   [zo_probe] step=16000 eps=1.000e-04 precision=fp32 n=16 mae=5.574697e-02 rmse=7.173105e-02 sign_acc=1.0000 corr=0.999999
03/26/2026 02:22:01 - INFO - src.trainer -   {'loss': 1.201965093612671, 'learning_rate': 1e-06, 'global_step': 16000, 'zo_forward_step': 32002, 'max_steps': 20000, 'max_zo_forward_steps': 0, 'time': 2145, 'eps': 0.0001}
03/26/2026 02:22:02 - INFO - src.trainer -   {'loss': 0.6956565976142883, 'learning_rate': 1e-06, 'global_step': 16010, 'zo_forward_step': 32022, 'max_steps': 20000, 'max_zo_forward_steps': 0, 'time': 2146, 'eps': 0.0001}
03/26/2026 02:22:03 - INFO - src.trainer -   {'loss': 1.2493772506713867, 'learning_rate': 1e-06, 'global_step': 16020, 'zo_forward_step': 32042, 'max_steps': 20000, 'max_zo_forward_steps': 0, 'time': 2147, 'eps': 0.0001}
03/26/2026 02:22:04 - INFO - src.trainer -   {'loss': 1.2041524648666382, 'learning_rate': 1e-06, 'global_step': 16030, 'zo_forward_step': 32062, 'max_steps': 20000, 'max_zo_forward_steps': 0, 'time': 2148, 'eps': 0.0001}
03/26/2026 02:22:05 - INFO - src.trainer -   {'loss': 0.7037545442581177, 'learning_rate': 1e-06, 'global_step': 16040, 'zo_forward_step': 32082, 'max_steps': 20000, 'max_zo_forward_steps': 0, 'time': 2150, 'eps': 0.0001}
03/26/2026 02:22:07 - INFO - src.trainer -   {'loss': 1.2546665668487549, 'learning_rate': 1e-06, 'global_step': 16050, 'zo_forward_step': 32102, 'max_steps': 20000, 'max_zo_forward_steps': 0, 'time': 2151, 'eps': 0.0001}
03/26/2026 02:22:08 - INFO - src.trainer -   {'loss': 1.1957780122756958, 'learning_rate': 1e-06, 'global_step': 16060, 'zo_forward_step': 32122, 'max_steps': 20000, 'max_zo_forward_steps': 0, 'time': 2152, 'eps': 0.0001}
03/26/2026 02:22:09 - INFO - src.trainer -   {'loss': 0.6926150918006897, 'learning_rate': 1e-06, 'global_step': 16070, 'zo_forward_step': 32142, 'max_steps': 20000, 'max_zo_forward_steps': 0, 'time': 2153, 'eps': 0.0001}
03/26/2026 02:22:10 - INFO - src.trainer -   {'loss': 1.261016845703125, 'learning_rate': 1e-06, 'global_step': 16080, 'zo_forward_step': 32162, 'max_steps': 20000, 'max_zo_forward_steps': 0, 'time': 2154, 'eps': 0.0001}
03/26/2026 02:22:11 - INFO - src.trainer -   {'loss': 1.1899689435958862, 'learning_rate': 1e-06, 'global_step': 16090, 'zo_forward_step': 32182, 'max_steps': 20000, 'max_zo_forward_steps': 0, 'time': 2155, 'eps': 0.0001}
03/26/2026 02:22:12 - INFO - src.trainer -   {'loss': 0.7245591282844543, 'learning_rate': 1e-06, 'global_step': 16100, 'zo_forward_step': 32202, 'max_steps': 20000, 'max_zo_forward_steps': 0, 'time': 2156, 'eps': 0.0001}
03/26/2026 02:22:13 - INFO - src.trainer -   {'loss': 1.2470647096633911, 'learning_rate': 1e-06, 'global_step': 16110, 'zo_forward_step': 32222, 'max_steps': 20000, 'max_zo_forward_steps': 0, 'time': 2158, 'eps': 0.0001}
03/26/2026 02:22:15 - INFO - src.trainer -   {'loss': 1.1756058931350708, 'learning_rate': 1e-06, 'global_step': 16120, 'zo_forward_step': 32242, 'max_steps': 20000, 'max_zo_forward_steps': 0, 'time': 2159, 'eps': 0.0001}
1600it [35:35,  1.08s/it]03/26/2026 02:22:16 - INFO - src.trainer -   {'loss': 0.7081852555274963, 'learning_rate': 1e-06, 'global_step': 16130, 'zo_forward_step': 32262, 'max_steps': 20000, 'max_zo_forward_steps': 0, 'time': 2160, 'eps': 0.0001}
03/26/2026 02:22:17 - INFO - src.trainer -   {'loss': 1.251713514328003, 'learning_rate': 1e-06, 'global_step': 16140, 'zo_forward_step': 32282, 'max_steps': 20000, 'max_zo_forward_steps': 0, 'time': 2161, 'eps': 0.0001}
03/26/2026 02:22:18 - INFO - src.trainer -   {'loss': 1.185927152633667, 'learning_rate': 1e-06, 'global_step': 16150, 'zo_forward_step': 32302, 'max_steps': 20000, 'max_zo_forward_steps': 0, 'time': 2162, 'eps': 0.0001}
03/26/2026 02:22:19 - INFO - src.trainer -   {'loss': 0.7154996991157532, 'learning_rate': 1e-06, 'global_step': 16160, 'zo_forward_step': 32322, 'max_steps': 20000, 'max_zo_forward_steps': 0, 'time': 2163, 'eps': 0.0001}
03/26/2026 02:22:20 - INFO - src.trainer -   {'loss': 1.245096206665039, 'learning_rate': 1e-06, 'global_step': 16170, 'zo_forward_step': 32342, 'max_steps': 20000, 'max_zo_forward_steps': 0, 'time': 2164, 'eps': 0.0001}
03/26/2026 02:22:21 - INFO - src.trainer -   {'loss': 1.1551531553268433, 'learning_rate': 1e-06, 'global_step': 16180, 'zo_forward_step': 32362, 'max_steps': 20000, 'max_zo_forward_steps': 0, 'time': 2166, 'eps': 0.0001}
03/26/2026 02:22:22 - INFO - src.trainer -   {'loss': 0.7394081950187683, 'learning_rate': 1e-06, 'global_step': 16190, 'zo_forward_step': 32382, 'max_steps': 20000, 'max_zo_forward_steps': 0, 'time': 2167, 'eps': 0.0001}
1601it [35:43,  1.57s/it]1612it [35:43,  1.07s/it]03/26/2026 02:22:24 - INFO - src.trainer -   {'eval_loss': 1.3991996049880981, 'eval_acc': 0.4625}
03/26/2026 02:22:27 - INFO - src.trainer -   [zo_probe] step=16200 eps=1.000e-04 precision=fp32 n=16 mae=2.572095e-02 rmse=3.694738e-02 sign_acc=1.0000 corr=1.000000
03/26/2026 02:22:27 - INFO - src.trainer -   {'loss': 1.2228549718856812, 'learning_rate': 1e-06, 'global_step': 16200, 'zo_forward_step': 32402, 'max_steps': 20000, 'max_zo_forward_steps': 0, 'time': 2171, 'eps': 0.0001}
03/26/2026 02:22:28 - INFO - src.trainer -   {'loss': 1.1572359800338745, 'learning_rate': 1e-06, 'global_step': 16210, 'zo_forward_step': 32422, 'max_steps': 20000, 'max_zo_forward_steps': 0, 'time': 2172, 'eps': 0.0001}
03/26/2026 02:22:29 - INFO - src.trainer -   {'loss': 0.7303627133369446, 'learning_rate': 1e-06, 'global_step': 16220, 'zo_forward_step': 32442, 'max_steps': 20000, 'max_zo_forward_steps': 0, 'time': 2173, 'eps': 0.0001}
03/26/2026 02:22:30 - INFO - src.trainer -   {'loss': 1.2337315082550049, 'learning_rate': 1e-06, 'global_step': 16230, 'zo_forward_step': 32462, 'max_steps': 20000, 'max_zo_forward_steps': 0, 'time': 2174, 'eps': 0.0001}
03/26/2026 02:22:31 - INFO - src.trainer -   {'loss': 1.1660826206207275, 'learning_rate': 1e-06, 'global_step': 16240, 'zo_forward_step': 32482, 'max_steps': 20000, 'max_zo_forward_steps': 0, 'time': 2175, 'eps': 0.0001}
03/26/2026 02:22:32 - INFO - src.trainer -   {'loss': 0.7365254163742065, 'learning_rate': 1e-06, 'global_step': 16250, 'zo_forward_step': 32502, 'max_steps': 20000, 'max_zo_forward_steps': 0, 'time': 2177, 'eps': 0.0001}
03/26/2026 02:22:34 - INFO - src.trainer -   {'loss': 1.2504587173461914, 'learning_rate': 1e-06, 'global_step': 16260, 'zo_forward_step': 32522, 'max_steps': 20000, 'max_zo_forward_steps': 0, 'time': 2178, 'eps': 0.0001}
03/26/2026 02:22:35 - INFO - src.trainer -   {'loss': 1.1836365461349487, 'learning_rate': 1e-06, 'global_step': 16270, 'zo_forward_step': 32542, 'max_steps': 20000, 'max_zo_forward_steps': 0, 'time': 2179, 'eps': 0.0001}
1620it [35:55,  1.07s/it]03/26/2026 02:22:36 - INFO - src.trainer -   {'loss': 0.7358661890029907, 'learning_rate': 1e-06, 'global_step': 16280, 'zo_forward_step': 32562, 'max_steps': 20000, 'max_zo_forward_steps': 0, 'time': 2180, 'eps': 0.0001}
03/26/2026 02:22:37 - INFO - src.trainer -   {'loss': 1.2272628545761108, 'learning_rate': 1e-06, 'global_step': 16290, 'zo_forward_step': 32582, 'max_steps': 20000, 'max_zo_forward_steps': 0, 'time': 2181, 'eps': 0.0001}
03/26/2026 02:22:38 - INFO - src.trainer -   {'loss': 1.1452159881591797, 'learning_rate': 1e-06, 'global_step': 16300, 'zo_forward_step': 32602, 'max_steps': 20000, 'max_zo_forward_steps': 0, 'time': 2182, 'eps': 0.0001}
03/26/2026 02:22:39 - INFO - src.trainer -   {'loss': 0.7436308860778809, 'learning_rate': 1e-06, 'global_step': 16310, 'zo_forward_step': 32622, 'max_steps': 20000, 'max_zo_forward_steps': 0, 'time': 2183, 'eps': 0.0001}
03/26/2026 02:22:40 - INFO - src.trainer -   {'loss': 1.2258540391921997, 'learning_rate': 1e-06, 'global_step': 16320, 'zo_forward_step': 32642, 'max_steps': 20000, 'max_zo_forward_steps': 0, 'time': 2185, 'eps': 0.0001}
03/26/2026 02:22:42 - INFO - src.trainer -   {'loss': 1.185516595840454, 'learning_rate': 1e-06, 'global_step': 16330, 'zo_forward_step': 32662, 'max_steps': 20000, 'max_zo_forward_steps': 0, 'time': 2186, 'eps': 0.0001}
03/26/2026 02:22:43 - INFO - src.trainer -   {'loss': 0.7308233380317688, 'learning_rate': 1e-06, 'global_step': 16340, 'zo_forward_step': 32682, 'max_steps': 20000, 'max_zo_forward_steps': 0, 'time': 2187, 'eps': 0.0001}
03/26/2026 02:22:44 - INFO - src.trainer -   {'loss': 1.2272902727127075, 'learning_rate': 1e-06, 'global_step': 16350, 'zo_forward_step': 32702, 'max_steps': 20000, 'max_zo_forward_steps': 0, 'time': 2188, 'eps': 0.0001}
03/26/2026 02:22:45 - INFO - src.trainer -   {'loss': 1.1648390293121338, 'learning_rate': 1e-06, 'global_step': 16360, 'zo_forward_step': 32722, 'max_steps': 20000, 'max_zo_forward_steps': 0, 'time': 2189, 'eps': 0.0001}
03/26/2026 02:22:46 - INFO - src.trainer -   {'loss': 0.7584267258644104, 'learning_rate': 1e-06, 'global_step': 16370, 'zo_forward_step': 32742, 'max_steps': 20000, 'max_zo_forward_steps': 0, 'time': 2190, 'eps': 0.0001}
03/26/2026 02:22:47 - INFO - src.trainer -   {'loss': 1.2335522174835205, 'learning_rate': 1e-06, 'global_step': 16380, 'zo_forward_step': 32762, 'max_steps': 20000, 'max_zo_forward_steps': 0, 'time': 2192, 'eps': 0.0001}
03/26/2026 02:22:49 - INFO - src.trainer -   {'loss': 1.169475793838501, 'learning_rate': 1e-06, 'global_step': 16390, 'zo_forward_step': 32782, 'max_steps': 20000, 'max_zo_forward_steps': 0, 'time': 2193, 'eps': 0.0001}
1621it [36:09,  1.56s/it]1632it [36:09,  1.06s/it]03/26/2026 02:22:50 - INFO - src.trainer -   {'eval_loss': 1.4000736474990845, 'eval_acc': 0.4625}
03/26/2026 02:22:52 - INFO - src.trainer -   [zo_probe] step=16400 eps=1.000e-04 precision=fp32 n=16 mae=3.950280e-02 rmse=4.638823e-02 sign_acc=1.0000 corr=1.000000
03/26/2026 02:22:52 - INFO - src.trainer -   {'loss': 0.7415183186531067, 'learning_rate': 1e-06, 'global_step': 16400, 'zo_forward_step': 32802, 'max_steps': 20000, 'max_zo_forward_steps': 0, 'time': 2196, 'eps': 0.0001}
03/26/2026 02:22:53 - INFO - src.trainer -   {'loss': 1.210081696510315, 'learning_rate': 1e-06, 'global_step': 16410, 'zo_forward_step': 32822, 'max_steps': 20000, 'max_zo_forward_steps': 0, 'time': 2197, 'eps': 0.0001}
03/26/2026 02:22:54 - INFO - src.trainer -   {'loss': 1.154558539390564, 'learning_rate': 1e-06, 'global_step': 16420, 'zo_forward_step': 32842, 'max_steps': 20000, 'max_zo_forward_steps': 0, 'time': 2198, 'eps': 0.0001}
03/26/2026 02:22:55 - INFO - src.trainer -   {'loss': 0.7615271210670471, 'learning_rate': 1e-06, 'global_step': 16430, 'zo_forward_step': 32862, 'max_steps': 20000, 'max_zo_forward_steps': 0, 'time': 2200, 'eps': 0.0001}
03/26/2026 02:22:57 - INFO - src.trainer -   {'loss': 1.2120119333267212, 'learning_rate': 1e-06, 'global_step': 16440, 'zo_forward_step': 32882, 'max_steps': 20000, 'max_zo_forward_steps': 0, 'time': 2201, 'eps': 0.0001}
03/26/2026 02:22:58 - INFO - src.trainer -   {'loss': 1.1533915996551514, 'learning_rate': 1e-06, 'global_step': 16450, 'zo_forward_step': 32902, 'max_steps': 20000, 'max_zo_forward_steps': 0, 'time': 2202, 'eps': 0.0001}
03/26/2026 02:22:59 - INFO - src.trainer -   {'loss': 0.7544813752174377, 'learning_rate': 1e-06, 'global_step': 16460, 'zo_forward_step': 32922, 'max_steps': 20000, 'max_zo_forward_steps': 0, 'time': 2203, 'eps': 0.0001}
03/26/2026 02:23:00 - INFO - src.trainer -   {'loss': 1.2296028137207031, 'learning_rate': 1e-06, 'global_step': 16470, 'zo_forward_step': 32942, 'max_steps': 20000, 'max_zo_forward_steps': 0, 'time': 2204, 'eps': 0.0001}
03/26/2026 02:23:01 - INFO - src.trainer -   {'loss': 1.1675238609313965, 'learning_rate': 1e-06, 'global_step': 16480, 'zo_forward_step': 32962, 'max_steps': 20000, 'max_zo_forward_steps': 0, 'time': 2205, 'eps': 0.0001}
03/26/2026 02:23:02 - INFO - src.trainer -   {'loss': 0.7629688382148743, 'learning_rate': 1e-06, 'global_step': 16490, 'zo_forward_step': 32982, 'max_steps': 20000, 'max_zo_forward_steps': 0, 'time': 2206, 'eps': 0.0001}
03/26/2026 02:23:03 - INFO - src.trainer -   {'loss': 1.1907120943069458, 'learning_rate': 1e-06, 'global_step': 16500, 'zo_forward_step': 33002, 'max_steps': 20000, 'max_zo_forward_steps': 0, 'time': 2208, 'eps': 0.0001}
03/26/2026 02:23:05 - INFO - src.trainer -   {'loss': 1.1858527660369873, 'learning_rate': 1e-06, 'global_step': 16510, 'zo_forward_step': 33022, 'max_steps': 20000, 'max_zo_forward_steps': 0, 'time': 2209, 'eps': 0.0001}
1640it [36:25,  1.06s/it]03/26/2026 02:23:06 - INFO - src.trainer -   {'loss': 0.7655755281448364, 'learning_rate': 1e-06, 'global_step': 16520, 'zo_forward_step': 33042, 'max_steps': 20000, 'max_zo_forward_steps': 0, 'time': 2210, 'eps': 0.0001}
03/26/2026 02:23:07 - INFO - src.trainer -   {'loss': 1.1840577125549316, 'learning_rate': 1e-06, 'global_step': 16530, 'zo_forward_step': 33062, 'max_steps': 20000, 'max_zo_forward_steps': 0, 'time': 2211, 'eps': 0.0001}
03/26/2026 02:23:08 - INFO - src.trainer -   {'loss': 1.1893558502197266, 'learning_rate': 1e-06, 'global_step': 16540, 'zo_forward_step': 33082, 'max_steps': 20000, 'max_zo_forward_steps': 0, 'time': 2212, 'eps': 0.0001}
03/26/2026 02:23:09 - INFO - src.trainer -   {'loss': 0.7602803111076355, 'learning_rate': 1e-06, 'global_step': 16550, 'zo_forward_step': 33102, 'max_steps': 20000, 'max_zo_forward_steps': 0, 'time': 2213, 'eps': 0.0001}
03/26/2026 02:23:10 - INFO - src.trainer -   {'loss': 1.2128499746322632, 'learning_rate': 1e-06, 'global_step': 16560, 'zo_forward_step': 33122, 'max_steps': 20000, 'max_zo_forward_steps': 0, 'time': 2214, 'eps': 0.0001}
03/26/2026 02:23:11 - INFO - src.trainer -   {'loss': 1.175737738609314, 'learning_rate': 1e-06, 'global_step': 16570, 'zo_forward_step': 33142, 'max_steps': 20000, 'max_zo_forward_steps': 0, 'time': 2216, 'eps': 0.0001}
03/26/2026 02:23:13 - INFO - src.trainer -   {'loss': 0.7726641893386841, 'learning_rate': 1e-06, 'global_step': 16580, 'zo_forward_step': 33162, 'max_steps': 20000, 'max_zo_forward_steps': 0, 'time': 2217, 'eps': 0.0001}
03/26/2026 02:23:14 - INFO - src.trainer -   {'loss': 1.2268379926681519, 'learning_rate': 1e-06, 'global_step': 16590, 'zo_forward_step': 33182, 'max_steps': 20000, 'max_zo_forward_steps': 0, 'time': 2218, 'eps': 0.0001}
1641it [36:34,  1.54s/it]1652it [36:34,  1.04s/it]03/26/2026 02:23:15 - INFO - src.trainer -   {'eval_loss': 1.3922065496444702, 'eval_acc': 0.4375}
03/26/2026 02:23:18 - INFO - src.trainer -   [zo_probe] step=16600 eps=1.000e-04 precision=fp32 n=16 mae=3.612435e-02 rmse=4.066084e-02 sign_acc=1.0000 corr=1.000000
03/26/2026 02:23:18 - INFO - src.trainer -   {'loss': 1.1735001802444458, 'learning_rate': 1e-06, 'global_step': 16600, 'zo_forward_step': 33202, 'max_steps': 20000, 'max_zo_forward_steps': 0, 'time': 2222, 'eps': 0.0001}
03/26/2026 02:23:19 - INFO - src.trainer -   {'loss': 0.7780665159225464, 'learning_rate': 1e-06, 'global_step': 16610, 'zo_forward_step': 33222, 'max_steps': 20000, 'max_zo_forward_steps': 0, 'time': 2223, 'eps': 0.0001}
03/26/2026 02:23:20 - INFO - src.trainer -   {'loss': 1.1935789585113525, 'learning_rate': 1e-06, 'global_step': 16620, 'zo_forward_step': 33242, 'max_steps': 20000, 'max_zo_forward_steps': 0, 'time': 2224, 'eps': 0.0001}
03/26/2026 02:23:21 - INFO - src.trainer -   {'loss': 1.1633715629577637, 'learning_rate': 1e-06, 'global_step': 16630, 'zo_forward_step': 33262, 'max_steps': 20000, 'max_zo_forward_steps': 0, 'time': 2226, 'eps': 0.0001}
03/26/2026 02:23:23 - INFO - src.trainer -   {'loss': 0.7723902463912964, 'learning_rate': 1e-06, 'global_step': 16640, 'zo_forward_step': 33282, 'max_steps': 20000, 'max_zo_forward_steps': 0, 'time': 2227, 'eps': 0.0001}
03/26/2026 02:23:24 - INFO - src.trainer -   {'loss': 1.2063711881637573, 'learning_rate': 1e-06, 'global_step': 16650, 'zo_forward_step': 33302, 'max_steps': 20000, 'max_zo_forward_steps': 0, 'time': 2228, 'eps': 0.0001}
03/26/2026 02:23:25 - INFO - src.trainer -   {'loss': 1.1829534769058228, 'learning_rate': 1e-06, 'global_step': 16660, 'zo_forward_step': 33322, 'max_steps': 20000, 'max_zo_forward_steps': 0, 'time': 2229, 'eps': 0.0001}
1660it [36:45,  1.04s/it]03/26/2026 02:23:26 - INFO - src.trainer -   {'loss': 0.7542406916618347, 'learning_rate': 1e-06, 'global_step': 16670, 'zo_forward_step': 33342, 'max_steps': 20000, 'max_zo_forward_steps': 0, 'time': 2230, 'eps': 0.0001}
03/26/2026 02:23:27 - INFO - src.trainer -   {'loss': 1.2084754705429077, 'learning_rate': 1e-06, 'global_step': 16680, 'zo_forward_step': 33362, 'max_steps': 20000, 'max_zo_forward_steps': 0, 'time': 2231, 'eps': 0.0001}
03/26/2026 02:23:28 - INFO - src.trainer -   {'loss': 1.1900213956832886, 'learning_rate': 1e-06, 'global_step': 16690, 'zo_forward_step': 33382, 'max_steps': 20000, 'max_zo_forward_steps': 0, 'time': 2232, 'eps': 0.0001}
03/26/2026 02:23:29 - INFO - src.trainer -   {'loss': 0.7376812100410461, 'learning_rate': 1e-06, 'global_step': 16700, 'zo_forward_step': 33402, 'max_steps': 20000, 'max_zo_forward_steps': 0, 'time': 2234, 'eps': 0.0001}
03/26/2026 02:23:31 - INFO - src.trainer -   {'loss': 1.2247369289398193, 'learning_rate': 1e-06, 'global_step': 16710, 'zo_forward_step': 33422, 'max_steps': 20000, 'max_zo_forward_steps': 0, 'time': 2235, 'eps': 0.0001}
03/26/2026 02:23:32 - INFO - src.trainer -   {'loss': 1.1856861114501953, 'learning_rate': 1e-06, 'global_step': 16720, 'zo_forward_step': 33442, 'max_steps': 20000, 'max_zo_forward_steps': 0, 'time': 2236, 'eps': 0.0001}
03/26/2026 02:23:33 - INFO - src.trainer -   {'loss': 0.7392216920852661, 'learning_rate': 1e-06, 'global_step': 16730, 'zo_forward_step': 33462, 'max_steps': 20000, 'max_zo_forward_steps': 0, 'time': 2237, 'eps': 0.0001}
03/26/2026 02:23:34 - INFO - src.trainer -   {'loss': 1.2070181369781494, 'learning_rate': 1e-06, 'global_step': 16740, 'zo_forward_step': 33482, 'max_steps': 20000, 'max_zo_forward_steps': 0, 'time': 2238, 'eps': 0.0001}
03/26/2026 02:23:35 - INFO - src.trainer -   {'loss': 1.1894316673278809, 'learning_rate': 1e-06, 'global_step': 16750, 'zo_forward_step': 33502, 'max_steps': 20000, 'max_zo_forward_steps': 0, 'time': 2239, 'eps': 0.0001}
03/26/2026 02:23:36 - INFO - src.trainer -   {'loss': 0.7482136487960815, 'learning_rate': 1e-06, 'global_step': 16760, 'zo_forward_step': 33522, 'max_steps': 20000, 'max_zo_forward_steps': 0, 'time': 2241, 'eps': 0.0001}
03/26/2026 02:23:37 - INFO - src.trainer -   {'loss': 1.2080461978912354, 'learning_rate': 1e-06, 'global_step': 16770, 'zo_forward_step': 33542, 'max_steps': 20000, 'max_zo_forward_steps': 0, 'time': 2242, 'eps': 0.0001}
03/26/2026 02:23:39 - INFO - src.trainer -   {'loss': 1.1601297855377197, 'learning_rate': 1e-06, 'global_step': 16780, 'zo_forward_step': 33562, 'max_steps': 20000, 'max_zo_forward_steps': 0, 'time': 2243, 'eps': 0.0001}
03/26/2026 02:23:40 - INFO - src.trainer -   {'loss': 0.7559583783149719, 'learning_rate': 1e-06, 'global_step': 16790, 'zo_forward_step': 33582, 'max_steps': 20000, 'max_zo_forward_steps': 0, 'time': 2244, 'eps': 0.0001}
1661it [37:00,  1.55s/it]1672it [37:01,  1.05s/it]03/26/2026 02:23:41 - INFO - src.trainer -   {'eval_loss': 1.3842440843582153, 'eval_acc': 0.4375}
03/26/2026 02:23:44 - INFO - src.trainer -   [zo_probe] step=16800 eps=1.000e-04 precision=fp32 n=16 mae=4.889151e-01 rmse=1.084151e+00 sign_acc=1.0000 corr=0.999840
03/26/2026 02:23:44 - INFO - src.trainer -   {'loss': 1.225873351097107, 'learning_rate': 1e-06, 'global_step': 16800, 'zo_forward_step': 33602, 'max_steps': 20000, 'max_zo_forward_steps': 0, 'time': 2248, 'eps': 0.0001}
03/26/2026 02:23:45 - INFO - src.trainer -   {'loss': 1.1442090272903442, 'learning_rate': 1e-06, 'global_step': 16810, 'zo_forward_step': 33622, 'max_steps': 20000, 'max_zo_forward_steps': 0, 'time': 2249, 'eps': 0.0001}
03/26/2026 02:23:46 - INFO - src.trainer -   {'loss': 0.7357258796691895, 'learning_rate': 1e-06, 'global_step': 16820, 'zo_forward_step': 33642, 'max_steps': 20000, 'max_zo_forward_steps': 0, 'time': 2251, 'eps': 0.0001}
03/26/2026 02:23:48 - INFO - src.trainer -   {'loss': 1.2493740320205688, 'learning_rate': 1e-06, 'global_step': 16830, 'zo_forward_step': 33662, 'max_steps': 20000, 'max_zo_forward_steps': 0, 'time': 2252, 'eps': 0.0001}
03/26/2026 02:23:51 - INFO - src.trainer -   {'loss': 1.1153608560562134, 'learning_rate': 1e-06, 'global_step': 16840, 'zo_forward_step': 33682, 'max_steps': 20000, 'max_zo_forward_steps': 0, 'time': 2255, 'eps': 0.0001}
03/26/2026 02:23:52 - INFO - src.trainer -   {'loss': 0.7441666722297668, 'learning_rate': 1e-06, 'global_step': 16850, 'zo_forward_step': 33702, 'max_steps': 20000, 'max_zo_forward_steps': 0, 'time': 2256, 'eps': 0.0001}
03/26/2026 02:23:53 - INFO - src.trainer -   {'loss': 1.2643637657165527, 'learning_rate': 1e-06, 'global_step': 16860, 'zo_forward_step': 33722, 'max_steps': 20000, 'max_zo_forward_steps': 0, 'time': 2257, 'eps': 0.0001}
03/26/2026 02:23:54 - INFO - src.trainer -   {'loss': 1.1245065927505493, 'learning_rate': 1e-06, 'global_step': 16870, 'zo_forward_step': 33742, 'max_steps': 20000, 'max_zo_forward_steps': 0, 'time': 2258, 'eps': 0.0001}
03/26/2026 02:23:55 - INFO - src.trainer -   {'loss': 0.7607059478759766, 'learning_rate': 1e-06, 'global_step': 16880, 'zo_forward_step': 33762, 'max_steps': 20000, 'max_zo_forward_steps': 0, 'time': 2259, 'eps': 0.0001}
1680it [37:15,  1.05s/it]03/26/2026 02:23:56 - INFO - src.trainer -   {'loss': 1.2837598323822021, 'learning_rate': 1e-06, 'global_step': 16890, 'zo_forward_step': 33782, 'max_steps': 20000, 'max_zo_forward_steps': 0, 'time': 2260, 'eps': 0.0001}
03/26/2026 02:23:57 - INFO - src.trainer -   {'loss': 1.0964325666427612, 'learning_rate': 1e-06, 'global_step': 16900, 'zo_forward_step': 33802, 'max_steps': 20000, 'max_zo_forward_steps': 0, 'time': 2262, 'eps': 0.0001}
03/26/2026 02:23:59 - INFO - src.trainer -   {'loss': 0.7905030250549316, 'learning_rate': 1e-06, 'global_step': 16910, 'zo_forward_step': 33822, 'max_steps': 20000, 'max_zo_forward_steps': 0, 'time': 2263, 'eps': 0.0001}
03/26/2026 02:24:01 - INFO - src.trainer -   {'loss': 1.233782410621643, 'learning_rate': 1e-06, 'global_step': 16920, 'zo_forward_step': 33842, 'max_steps': 20000, 'max_zo_forward_steps': 0, 'time': 2266, 'eps': 0.0001}
03/26/2026 02:24:03 - INFO - src.trainer -   {'loss': 1.1102529764175415, 'learning_rate': 1e-06, 'global_step': 16930, 'zo_forward_step': 33862, 'max_steps': 20000, 'max_zo_forward_steps': 0, 'time': 2267, 'eps': 0.0001}
03/26/2026 02:24:04 - INFO - src.trainer -   {'loss': 0.8047599792480469, 'learning_rate': 1e-06, 'global_step': 16940, 'zo_forward_step': 33882, 'max_steps': 20000, 'max_zo_forward_steps': 0, 'time': 2268, 'eps': 0.0001}
03/26/2026 02:24:05 - INFO - src.trainer -   {'loss': 1.2220021486282349, 'learning_rate': 1e-06, 'global_step': 16950, 'zo_forward_step': 33902, 'max_steps': 20000, 'max_zo_forward_steps': 0, 'time': 2269, 'eps': 0.0001}
03/26/2026 02:24:06 - INFO - src.trainer -   {'loss': 1.1105631589889526, 'learning_rate': 1e-06, 'global_step': 16960, 'zo_forward_step': 33922, 'max_steps': 20000, 'max_zo_forward_steps': 0, 'time': 2270, 'eps': 0.0001}
03/26/2026 02:24:07 - INFO - src.trainer -   {'loss': 0.7817159295082092, 'learning_rate': 1e-06, 'global_step': 16970, 'zo_forward_step': 33942, 'max_steps': 20000, 'max_zo_forward_steps': 0, 'time': 2271, 'eps': 0.0001}
03/26/2026 02:24:08 - INFO - src.trainer -   {'loss': 1.2316795587539673, 'learning_rate': 1e-06, 'global_step': 16980, 'zo_forward_step': 33962, 'max_steps': 20000, 'max_zo_forward_steps': 0, 'time': 2272, 'eps': 0.0001}
03/26/2026 02:24:09 - INFO - src.trainer -   {'loss': 1.0949124097824097, 'learning_rate': 1e-06, 'global_step': 16990, 'zo_forward_step': 33982, 'max_steps': 20000, 'max_zo_forward_steps': 0, 'time': 2274, 'eps': 0.0001}
1681it [37:31,  1.70s/it]1692it [37:31,  1.15s/it]03/26/2026 02:24:12 - INFO - src.trainer -   {'eval_loss': 1.3899915218353271, 'eval_acc': 0.4375}
03/26/2026 02:24:14 - INFO - src.trainer -   [zo_probe] step=17000 eps=1.000e-04 precision=fp32 n=16 mae=5.026117e-02 rmse=6.648511e-02 sign_acc=1.0000 corr=0.999999
03/26/2026 02:24:14 - INFO - src.trainer -   {'loss': 0.8012493252754211, 'learning_rate': 1e-06, 'global_step': 17000, 'zo_forward_step': 34002, 'max_steps': 20000, 'max_zo_forward_steps': 0, 'time': 2278, 'eps': 0.0001}
03/26/2026 02:24:15 - INFO - src.trainer -   {'loss': 1.2275426387786865, 'learning_rate': 1e-06, 'global_step': 17010, 'zo_forward_step': 34022, 'max_steps': 20000, 'max_zo_forward_steps': 0, 'time': 2279, 'eps': 0.0001}
03/26/2026 02:24:16 - INFO - src.trainer -   {'loss': 1.0839803218841553, 'learning_rate': 1e-06, 'global_step': 17020, 'zo_forward_step': 34042, 'max_steps': 20000, 'max_zo_forward_steps': 0, 'time': 2281, 'eps': 0.0001}
03/26/2026 02:24:18 - INFO - src.trainer -   {'loss': 0.8163827061653137, 'learning_rate': 1e-06, 'global_step': 17030, 'zo_forward_step': 34062, 'max_steps': 20000, 'max_zo_forward_steps': 0, 'time': 2282, 'eps': 0.0001}
03/26/2026 02:24:19 - INFO - src.trainer -   {'loss': 1.2352920770645142, 'learning_rate': 1e-06, 'global_step': 17040, 'zo_forward_step': 34082, 'max_steps': 20000, 'max_zo_forward_steps': 0, 'time': 2283, 'eps': 0.0001}
03/26/2026 02:24:20 - INFO - src.trainer -   {'loss': 1.0704057216644287, 'learning_rate': 1e-06, 'global_step': 17050, 'zo_forward_step': 34102, 'max_steps': 20000, 'max_zo_forward_steps': 0, 'time': 2284, 'eps': 0.0001}
03/26/2026 02:24:21 - INFO - src.trainer -   {'loss': 0.8114343285560608, 'learning_rate': 1e-06, 'global_step': 17060, 'zo_forward_step': 34122, 'max_steps': 20000, 'max_zo_forward_steps': 0, 'time': 2285, 'eps': 0.0001}
03/26/2026 02:24:22 - INFO - src.trainer -   {'loss': 1.2536734342575073, 'learning_rate': 1e-06, 'global_step': 17070, 'zo_forward_step': 34142, 'max_steps': 20000, 'max_zo_forward_steps': 0, 'time': 2286, 'eps': 0.0001}
03/26/2026 02:24:23 - INFO - src.trainer -   {'loss': 1.0673428773880005, 'learning_rate': 1e-06, 'global_step': 17080, 'zo_forward_step': 34162, 'max_steps': 20000, 'max_zo_forward_steps': 0, 'time': 2287, 'eps': 0.0001}
03/26/2026 02:24:24 - INFO - src.trainer -   {'loss': 0.8258183002471924, 'learning_rate': 1e-06, 'global_step': 17090, 'zo_forward_step': 34182, 'max_steps': 20000, 'max_zo_forward_steps': 0, 'time': 2289, 'eps': 0.0001}
03/26/2026 02:24:26 - INFO - src.trainer -   {'loss': 1.253415584564209, 'learning_rate': 1e-06, 'global_step': 17100, 'zo_forward_step': 34202, 'max_steps': 20000, 'max_zo_forward_steps': 0, 'time': 2290, 'eps': 0.0001}
1700it [37:45,  1.15s/it]03/26/2026 02:24:27 - INFO - src.trainer -   {'loss': 1.0442715883255005, 'learning_rate': 1e-06, 'global_step': 17110, 'zo_forward_step': 34222, 'max_steps': 20000, 'max_zo_forward_steps': 0, 'time': 2291, 'eps': 0.0001}
03/26/2026 02:24:28 - INFO - src.trainer -   {'loss': 0.805185854434967, 'learning_rate': 1e-06, 'global_step': 17120, 'zo_forward_step': 34242, 'max_steps': 20000, 'max_zo_forward_steps': 0, 'time': 2292, 'eps': 0.0001}
03/26/2026 02:24:29 - INFO - src.trainer -   {'loss': 1.2601079940795898, 'learning_rate': 1e-06, 'global_step': 17130, 'zo_forward_step': 34262, 'max_steps': 20000, 'max_zo_forward_steps': 0, 'time': 2293, 'eps': 0.0001}
03/26/2026 02:24:30 - INFO - src.trainer -   {'loss': 1.0541291236877441, 'learning_rate': 1e-06, 'global_step': 17140, 'zo_forward_step': 34282, 'max_steps': 20000, 'max_zo_forward_steps': 0, 'time': 2294, 'eps': 0.0001}
03/26/2026 02:24:31 - INFO - src.trainer -   {'loss': 0.7939953804016113, 'learning_rate': 1e-06, 'global_step': 17150, 'zo_forward_step': 34302, 'max_steps': 20000, 'max_zo_forward_steps': 0, 'time': 2296, 'eps': 0.0001}
03/26/2026 02:24:33 - INFO - src.trainer -   {'loss': 1.2690080404281616, 'learning_rate': 1e-06, 'global_step': 17160, 'zo_forward_step': 34322, 'max_steps': 20000, 'max_zo_forward_steps': 0, 'time': 2297, 'eps': 0.0001}
03/26/2026 02:24:34 - INFO - src.trainer -   {'loss': 1.047486662864685, 'learning_rate': 1e-06, 'global_step': 17170, 'zo_forward_step': 34342, 'max_steps': 20000, 'max_zo_forward_steps': 0, 'time': 2298, 'eps': 0.0001}
03/26/2026 02:24:35 - INFO - src.trainer -   {'loss': 0.7968507409095764, 'learning_rate': 1e-06, 'global_step': 17180, 'zo_forward_step': 34362, 'max_steps': 20000, 'max_zo_forward_steps': 0, 'time': 2299, 'eps': 0.0001}
03/26/2026 02:24:36 - INFO - src.trainer -   {'loss': 1.2432225942611694, 'learning_rate': 1e-06, 'global_step': 17190, 'zo_forward_step': 34382, 'max_steps': 20000, 'max_zo_forward_steps': 0, 'time': 2300, 'eps': 0.0001}
1701it [37:57,  1.61s/it]1712it [37:57,  1.09s/it]03/26/2026 02:24:37 - INFO - src.trainer -   {'eval_loss': 1.396154761314392, 'eval_acc': 0.4625}
03/26/2026 02:24:40 - INFO - src.trainer -   [zo_probe] step=17200 eps=1.000e-04 precision=fp32 n=16 mae=3.263706e-02 rmse=3.918263e-02 sign_acc=1.0000 corr=1.000000
03/26/2026 02:24:40 - INFO - src.trainer -   {'loss': 1.0743178129196167, 'learning_rate': 1e-06, 'global_step': 17200, 'zo_forward_step': 34402, 'max_steps': 20000, 'max_zo_forward_steps': 0, 'time': 2304, 'eps': 0.0001}
03/26/2026 02:24:41 - INFO - src.trainer -   {'loss': 0.7828717231750488, 'learning_rate': 1e-06, 'global_step': 17210, 'zo_forward_step': 34422, 'max_steps': 20000, 'max_zo_forward_steps': 0, 'time': 2305, 'eps': 0.0001}
03/26/2026 02:24:42 - INFO - src.trainer -   {'loss': 1.2371728420257568, 'learning_rate': 1e-06, 'global_step': 17220, 'zo_forward_step': 34442, 'max_steps': 20000, 'max_zo_forward_steps': 0, 'time': 2307, 'eps': 0.0001}
03/26/2026 02:24:44 - INFO - src.trainer -   {'loss': 1.0644437074661255, 'learning_rate': 1e-06, 'global_step': 17230, 'zo_forward_step': 34462, 'max_steps': 20000, 'max_zo_forward_steps': 0, 'time': 2308, 'eps': 0.0001}
03/26/2026 02:24:45 - INFO - src.trainer -   {'loss': 0.7948377728462219, 'learning_rate': 1e-06, 'global_step': 17240, 'zo_forward_step': 34482, 'max_steps': 20000, 'max_zo_forward_steps': 0, 'time': 2309, 'eps': 0.0001}
03/26/2026 02:24:46 - INFO - src.trainer -   {'loss': 1.2352107763290405, 'learning_rate': 1e-06, 'global_step': 17250, 'zo_forward_step': 34502, 'max_steps': 20000, 'max_zo_forward_steps': 0, 'time': 2310, 'eps': 0.0001}
03/26/2026 02:24:47 - INFO - src.trainer -   {'loss': 1.0637222528457642, 'learning_rate': 1e-06, 'global_step': 17260, 'zo_forward_step': 34522, 'max_steps': 20000, 'max_zo_forward_steps': 0, 'time': 2311, 'eps': 0.0001}
03/26/2026 02:24:48 - INFO - src.trainer -   {'loss': 0.7875762581825256, 'learning_rate': 1e-06, 'global_step': 17270, 'zo_forward_step': 34542, 'max_steps': 20000, 'max_zo_forward_steps': 0, 'time': 2312, 'eps': 0.0001}
03/26/2026 02:24:49 - INFO - src.trainer -   {'loss': 1.2139359712600708, 'learning_rate': 1e-06, 'global_step': 17280, 'zo_forward_step': 34562, 'max_steps': 20000, 'max_zo_forward_steps': 0, 'time': 2313, 'eps': 0.0001}
03/26/2026 02:24:50 - INFO - src.trainer -   {'loss': 1.078858494758606, 'learning_rate': 1e-06, 'global_step': 17290, 'zo_forward_step': 34582, 'max_steps': 20000, 'max_zo_forward_steps': 0, 'time': 2315, 'eps': 0.0001}
03/26/2026 02:24:52 - INFO - src.trainer -   {'loss': 0.7852090001106262, 'learning_rate': 1e-06, 'global_step': 17300, 'zo_forward_step': 34602, 'max_steps': 20000, 'max_zo_forward_steps': 0, 'time': 2316, 'eps': 0.0001}
03/26/2026 02:24:54 - INFO - src.trainer -   {'loss': 1.2096240520477295, 'learning_rate': 1e-06, 'global_step': 17310, 'zo_forward_step': 34622, 'max_steps': 20000, 'max_zo_forward_steps': 0, 'time': 2318, 'eps': 0.0001}
03/26/2026 02:24:55 - INFO - src.trainer -   {'loss': 1.0936204195022583, 'learning_rate': 1e-06, 'global_step': 17320, 'zo_forward_step': 34642, 'max_steps': 20000, 'max_zo_forward_steps': 0, 'time': 2319, 'eps': 0.0001}
1720it [38:15,  1.09s/it]03/26/2026 02:24:56 - INFO - src.trainer -   {'loss': 0.7694934010505676, 'learning_rate': 1e-06, 'global_step': 17330, 'zo_forward_step': 34662, 'max_steps': 20000, 'max_zo_forward_steps': 0, 'time': 2320, 'eps': 0.0001}
03/26/2026 02:24:57 - INFO - src.trainer -   {'loss': 1.220441222190857, 'learning_rate': 1e-06, 'global_step': 17340, 'zo_forward_step': 34682, 'max_steps': 20000, 'max_zo_forward_steps': 0, 'time': 2321, 'eps': 0.0001}
03/26/2026 02:24:58 - INFO - src.trainer -   {'loss': 1.108845829963684, 'learning_rate': 1e-06, 'global_step': 17350, 'zo_forward_step': 34702, 'max_steps': 20000, 'max_zo_forward_steps': 0, 'time': 2322, 'eps': 0.0001}
03/26/2026 02:24:59 - INFO - src.trainer -   {'loss': 0.7531778216362, 'learning_rate': 1e-06, 'global_step': 17360, 'zo_forward_step': 34722, 'max_steps': 20000, 'max_zo_forward_steps': 0, 'time': 2323, 'eps': 0.0001}
03/26/2026 02:25:00 - INFO - src.trainer -   {'loss': 1.209781289100647, 'learning_rate': 1e-06, 'global_step': 17370, 'zo_forward_step': 34742, 'max_steps': 20000, 'max_zo_forward_steps': 0, 'time': 2325, 'eps': 0.0001}
03/26/2026 02:25:02 - INFO - src.trainer -   {'loss': 1.0788781642913818, 'learning_rate': 1e-06, 'global_step': 17380, 'zo_forward_step': 34762, 'max_steps': 20000, 'max_zo_forward_steps': 0, 'time': 2326, 'eps': 0.0001}
03/26/2026 02:25:03 - INFO - src.trainer -   {'loss': 0.7419347763061523, 'learning_rate': 1e-06, 'global_step': 17390, 'zo_forward_step': 34782, 'max_steps': 20000, 'max_zo_forward_steps': 0, 'time': 2327, 'eps': 0.0001}
1721it [38:23,  1.61s/it]1732it [38:24,  1.09s/it]03/26/2026 02:25:04 - INFO - src.trainer -   {'eval_loss': 1.398716688156128, 'eval_acc': 0.425}
03/26/2026 02:25:07 - INFO - src.trainer -   [zo_probe] step=17400 eps=1.000e-04 precision=fp32 n=16 mae=4.428464e-02 rmse=5.728004e-02 sign_acc=1.0000 corr=0.999999
03/26/2026 02:25:07 - INFO - src.trainer -   {'loss': 1.232465386390686, 'learning_rate': 1e-06, 'global_step': 17400, 'zo_forward_step': 34802, 'max_steps': 20000, 'max_zo_forward_steps': 0, 'time': 2331, 'eps': 0.0001}
03/26/2026 02:25:08 - INFO - src.trainer -   {'loss': 1.08797025680542, 'learning_rate': 1e-06, 'global_step': 17410, 'zo_forward_step': 34822, 'max_steps': 20000, 'max_zo_forward_steps': 0, 'time': 2332, 'eps': 0.0001}
03/26/2026 02:25:09 - INFO - src.trainer -   {'loss': 0.7641963958740234, 'learning_rate': 1e-06, 'global_step': 17420, 'zo_forward_step': 34842, 'max_steps': 20000, 'max_zo_forward_steps': 0, 'time': 2334, 'eps': 0.0001}
03/26/2026 02:25:11 - INFO - src.trainer -   {'loss': 1.1996850967407227, 'learning_rate': 1e-06, 'global_step': 17430, 'zo_forward_step': 34862, 'max_steps': 20000, 'max_zo_forward_steps': 0, 'time': 2335, 'eps': 0.0001}
03/26/2026 02:25:12 - INFO - src.trainer -   {'loss': 1.0833770036697388, 'learning_rate': 1e-06, 'global_step': 17440, 'zo_forward_step': 34882, 'max_steps': 20000, 'max_zo_forward_steps': 0, 'time': 2336, 'eps': 0.0001}
03/26/2026 02:25:13 - INFO - src.trainer -   {'loss': 0.732409656047821, 'learning_rate': 1e-06, 'global_step': 17450, 'zo_forward_step': 34902, 'max_steps': 20000, 'max_zo_forward_steps': 0, 'time': 2337, 'eps': 0.0001}
03/26/2026 02:25:14 - INFO - src.trainer -   {'loss': 1.2093456983566284, 'learning_rate': 1e-06, 'global_step': 17460, 'zo_forward_step': 34922, 'max_steps': 20000, 'max_zo_forward_steps': 0, 'time': 2338, 'eps': 0.0001}
1740it [38:35,  1.09s/it]03/26/2026 02:25:17 - INFO - src.trainer -   {'loss': 1.1018747091293335, 'learning_rate': 1e-06, 'global_step': 17470, 'zo_forward_step': 34942, 'max_steps': 20000, 'max_zo_forward_steps': 0, 'time': 2341, 'eps': 0.0001}
03/26/2026 02:25:18 - INFO - src.trainer -   {'loss': 0.7482598423957825, 'learning_rate': 1e-06, 'global_step': 17480, 'zo_forward_step': 34962, 'max_steps': 20000, 'max_zo_forward_steps': 0, 'time': 2342, 'eps': 0.0001}
03/26/2026 02:25:19 - INFO - src.trainer -   {'loss': 1.2161046266555786, 'learning_rate': 1e-06, 'global_step': 17490, 'zo_forward_step': 34982, 'max_steps': 20000, 'max_zo_forward_steps': 0, 'time': 2343, 'eps': 0.0001}
03/26/2026 02:25:21 - INFO - src.trainer -   {'loss': 1.08415949344635, 'learning_rate': 1e-06, 'global_step': 17500, 'zo_forward_step': 35002, 'max_steps': 20000, 'max_zo_forward_steps': 0, 'time': 2345, 'eps': 0.0001}
03/26/2026 02:25:22 - INFO - src.trainer -   {'loss': 0.7551881074905396, 'learning_rate': 1e-06, 'global_step': 17510, 'zo_forward_step': 35022, 'max_steps': 20000, 'max_zo_forward_steps': 0, 'time': 2346, 'eps': 0.0001}
03/26/2026 02:25:23 - INFO - src.trainer -   {'loss': 1.2036123275756836, 'learning_rate': 1e-06, 'global_step': 17520, 'zo_forward_step': 35042, 'max_steps': 20000, 'max_zo_forward_steps': 0, 'time': 2347, 'eps': 0.0001}
03/26/2026 02:25:24 - INFO - src.trainer -   {'loss': 1.0988051891326904, 'learning_rate': 1e-06, 'global_step': 17530, 'zo_forward_step': 35062, 'max_steps': 20000, 'max_zo_forward_steps': 0, 'time': 2348, 'eps': 0.0001}
03/26/2026 02:25:25 - INFO - src.trainer -   {'loss': 0.7435135841369629, 'learning_rate': 1e-06, 'global_step': 17540, 'zo_forward_step': 35082, 'max_steps': 20000, 'max_zo_forward_steps': 0, 'time': 2349, 'eps': 0.0001}
03/26/2026 02:25:26 - INFO - src.trainer -   {'loss': 1.1890814304351807, 'learning_rate': 1e-06, 'global_step': 17550, 'zo_forward_step': 35102, 'max_steps': 20000, 'max_zo_forward_steps': 0, 'time': 2350, 'eps': 0.0001}
03/26/2026 02:25:27 - INFO - src.trainer -   {'loss': 1.0992038249969482, 'learning_rate': 1e-06, 'global_step': 17560, 'zo_forward_step': 35122, 'max_steps': 20000, 'max_zo_forward_steps': 0, 'time': 2351, 'eps': 0.0001}
03/26/2026 02:25:28 - INFO - src.trainer -   {'loss': 0.7489389181137085, 'learning_rate': 1e-06, 'global_step': 17570, 'zo_forward_step': 35142, 'max_steps': 20000, 'max_zo_forward_steps': 0, 'time': 2353, 'eps': 0.0001}
03/26/2026 02:25:30 - INFO - src.trainer -   {'loss': 1.2094447612762451, 'learning_rate': 1e-06, 'global_step': 17580, 'zo_forward_step': 35162, 'max_steps': 20000, 'max_zo_forward_steps': 0, 'time': 2354, 'eps': 0.0001}
03/26/2026 02:25:31 - INFO - src.trainer -   {'loss': 1.1245081424713135, 'learning_rate': 1e-06, 'global_step': 17590, 'zo_forward_step': 35182, 'max_steps': 20000, 'max_zo_forward_steps': 0, 'time': 2355, 'eps': 0.0001}
1741it [38:51,  1.64s/it]1752it [38:51,  1.11s/it]03/26/2026 02:25:32 - INFO - src.trainer -   {'eval_loss': 1.4033775329589844, 'eval_acc': 0.425}
03/26/2026 02:25:34 - INFO - src.trainer -   [zo_probe] step=17600 eps=1.000e-04 precision=fp32 n=16 mae=7.725155e-02 rmse=1.182266e-01 sign_acc=1.0000 corr=0.999996
03/26/2026 02:25:34 - INFO - src.trainer -   {'loss': 0.720699667930603, 'learning_rate': 1e-06, 'global_step': 17600, 'zo_forward_step': 35202, 'max_steps': 20000, 'max_zo_forward_steps': 0, 'time': 2358, 'eps': 0.0001}
03/26/2026 02:25:35 - INFO - src.trainer -   {'loss': 1.1960090398788452, 'learning_rate': 1e-06, 'global_step': 17610, 'zo_forward_step': 35222, 'max_steps': 20000, 'max_zo_forward_steps': 0, 'time': 2359, 'eps': 0.0001}
03/26/2026 02:25:36 - INFO - src.trainer -   {'loss': 1.1328226327896118, 'learning_rate': 1e-06, 'global_step': 17620, 'zo_forward_step': 35242, 'max_steps': 20000, 'max_zo_forward_steps': 0, 'time': 2361, 'eps': 0.0001}
03/26/2026 02:25:38 - INFO - src.trainer -   {'loss': 0.6917348504066467, 'learning_rate': 1e-06, 'global_step': 17630, 'zo_forward_step': 35262, 'max_steps': 20000, 'max_zo_forward_steps': 0, 'time': 2362, 'eps': 0.0001}
03/26/2026 02:25:39 - INFO - src.trainer -   {'loss': 1.1877110004425049, 'learning_rate': 1e-06, 'global_step': 17640, 'zo_forward_step': 35282, 'max_steps': 20000, 'max_zo_forward_steps': 0, 'time': 2363, 'eps': 0.0001}
03/26/2026 02:25:40 - INFO - src.trainer -   {'loss': 1.1592518091201782, 'learning_rate': 1e-06, 'global_step': 17650, 'zo_forward_step': 35302, 'max_steps': 20000, 'max_zo_forward_steps': 0, 'time': 2364, 'eps': 0.0001}
03/26/2026 02:25:41 - INFO - src.trainer -   {'loss': 0.688637912273407, 'learning_rate': 1e-06, 'global_step': 17660, 'zo_forward_step': 35322, 'max_steps': 20000, 'max_zo_forward_steps': 0, 'time': 2365, 'eps': 0.0001}
03/26/2026 02:25:42 - INFO - src.trainer -   {'loss': 1.195703387260437, 'learning_rate': 1e-06, 'global_step': 17670, 'zo_forward_step': 35342, 'max_steps': 20000, 'max_zo_forward_steps': 0, 'time': 2366, 'eps': 0.0001}
03/26/2026 02:25:43 - INFO - src.trainer -   {'loss': 1.1375057697296143, 'learning_rate': 1e-06, 'global_step': 17680, 'zo_forward_step': 35362, 'max_steps': 20000, 'max_zo_forward_steps': 0, 'time': 2367, 'eps': 0.0001}
03/26/2026 02:25:44 - INFO - src.trainer -   {'loss': 0.693782389163971, 'learning_rate': 1e-06, 'global_step': 17690, 'zo_forward_step': 35382, 'max_steps': 20000, 'max_zo_forward_steps': 0, 'time': 2368, 'eps': 0.0001}
03/26/2026 02:25:45 - INFO - src.trainer -   {'loss': 1.2000319957733154, 'learning_rate': 1e-06, 'global_step': 17700, 'zo_forward_step': 35402, 'max_steps': 20000, 'max_zo_forward_steps': 0, 'time': 2370, 'eps': 0.0001}
1760it [39:05,  1.11s/it]03/26/2026 02:25:47 - INFO - src.trainer -   {'loss': 1.1325324773788452, 'learning_rate': 1e-06, 'global_step': 17710, 'zo_forward_step': 35422, 'max_steps': 20000, 'max_zo_forward_steps': 0, 'time': 2371, 'eps': 0.0001}
03/26/2026 02:25:48 - INFO - src.trainer -   {'loss': 0.6717039346694946, 'learning_rate': 1e-06, 'global_step': 17720, 'zo_forward_step': 35442, 'max_steps': 20000, 'max_zo_forward_steps': 0, 'time': 2372, 'eps': 0.0001}
03/26/2026 02:25:49 - INFO - src.trainer -   {'loss': 1.204832673072815, 'learning_rate': 1e-06, 'global_step': 17730, 'zo_forward_step': 35462, 'max_steps': 20000, 'max_zo_forward_steps': 0, 'time': 2373, 'eps': 0.0001}
03/26/2026 02:25:50 - INFO - src.trainer -   {'loss': 1.1512550115585327, 'learning_rate': 1e-06, 'global_step': 17740, 'zo_forward_step': 35482, 'max_steps': 20000, 'max_zo_forward_steps': 0, 'time': 2374, 'eps': 0.0001}
03/26/2026 02:25:51 - INFO - src.trainer -   {'loss': 0.6577745676040649, 'learning_rate': 1e-06, 'global_step': 17750, 'zo_forward_step': 35502, 'max_steps': 20000, 'max_zo_forward_steps': 0, 'time': 2375, 'eps': 0.0001}
03/26/2026 02:25:52 - INFO - src.trainer -   {'loss': 1.1831401586532593, 'learning_rate': 1e-06, 'global_step': 17760, 'zo_forward_step': 35522, 'max_steps': 20000, 'max_zo_forward_steps': 0, 'time': 2377, 'eps': 0.0001}
03/26/2026 02:25:54 - INFO - src.trainer -   {'loss': 1.1418251991271973, 'learning_rate': 1e-06, 'global_step': 17770, 'zo_forward_step': 35542, 'max_steps': 20000, 'max_zo_forward_steps': 0, 'time': 2378, 'eps': 0.0001}
03/26/2026 02:25:55 - INFO - src.trainer -   {'loss': 0.6560401916503906, 'learning_rate': 1e-06, 'global_step': 17780, 'zo_forward_step': 35562, 'max_steps': 20000, 'max_zo_forward_steps': 0, 'time': 2379, 'eps': 0.0001}
03/26/2026 02:25:56 - INFO - src.trainer -   {'loss': 1.2021498680114746, 'learning_rate': 1e-06, 'global_step': 17790, 'zo_forward_step': 35582, 'max_steps': 20000, 'max_zo_forward_steps': 0, 'time': 2380, 'eps': 0.0001}
1761it [39:17,  1.57s/it]1772it [39:17,  1.07s/it]03/26/2026 02:25:57 - INFO - src.trainer -   {'eval_loss': 1.3889176845550537, 'eval_acc': 0.425}
03/26/2026 02:26:00 - INFO - src.trainer -   [zo_probe] step=17800 eps=1.000e-04 precision=fp32 n=16 mae=3.033847e-02 rmse=4.004056e-02 sign_acc=1.0000 corr=1.000000
03/26/2026 02:26:00 - INFO - src.trainer -   {'loss': 1.138716459274292, 'learning_rate': 1e-06, 'global_step': 17800, 'zo_forward_step': 35602, 'max_steps': 20000, 'max_zo_forward_steps': 0, 'time': 2384, 'eps': 0.0001}
03/26/2026 02:26:02 - INFO - src.trainer -   {'loss': 0.6503026485443115, 'learning_rate': 1e-06, 'global_step': 17810, 'zo_forward_step': 35622, 'max_steps': 20000, 'max_zo_forward_steps': 0, 'time': 2386, 'eps': 0.0001}
03/26/2026 02:26:03 - INFO - src.trainer -   {'loss': 1.2171881198883057, 'learning_rate': 1e-06, 'global_step': 17820, 'zo_forward_step': 35642, 'max_steps': 20000, 'max_zo_forward_steps': 0, 'time': 2387, 'eps': 0.0001}
03/26/2026 02:26:04 - INFO - src.trainer -   {'loss': 1.1475716829299927, 'learning_rate': 1e-06, 'global_step': 17830, 'zo_forward_step': 35662, 'max_steps': 20000, 'max_zo_forward_steps': 0, 'time': 2388, 'eps': 0.0001}
03/26/2026 02:26:05 - INFO - src.trainer -   {'loss': 0.6566125154495239, 'learning_rate': 1e-06, 'global_step': 17840, 'zo_forward_step': 35682, 'max_steps': 20000, 'max_zo_forward_steps': 0, 'time': 2389, 'eps': 0.0001}
03/26/2026 02:26:06 - INFO - src.trainer -   {'loss': 1.2219852209091187, 'learning_rate': 1e-06, 'global_step': 17850, 'zo_forward_step': 35702, 'max_steps': 20000, 'max_zo_forward_steps': 0, 'time': 2390, 'eps': 0.0001}
03/26/2026 02:26:07 - INFO - src.trainer -   {'loss': 1.1346925497055054, 'learning_rate': 1e-06, 'global_step': 17860, 'zo_forward_step': 35722, 'max_steps': 20000, 'max_zo_forward_steps': 0, 'time': 2392, 'eps': 0.0001}
03/26/2026 02:26:08 - INFO - src.trainer -   {'loss': 0.6514138579368591, 'learning_rate': 1e-06, 'global_step': 17870, 'zo_forward_step': 35742, 'max_steps': 20000, 'max_zo_forward_steps': 0, 'time': 2393, 'eps': 0.0001}
03/26/2026 02:26:10 - INFO - src.trainer -   {'loss': 1.2084267139434814, 'learning_rate': 1e-06, 'global_step': 17880, 'zo_forward_step': 35762, 'max_steps': 20000, 'max_zo_forward_steps': 0, 'time': 2394, 'eps': 0.0001}
03/26/2026 02:26:11 - INFO - src.trainer -   {'loss': 1.1170510053634644, 'learning_rate': 1e-06, 'global_step': 17890, 'zo_forward_step': 35782, 'max_steps': 20000, 'max_zo_forward_steps': 0, 'time': 2395, 'eps': 0.0001}
03/26/2026 02:26:14 - INFO - src.trainer -   {'loss': 0.6466602683067322, 'learning_rate': 1e-06, 'global_step': 17900, 'zo_forward_step': 35802, 'max_steps': 20000, 'max_zo_forward_steps': 0, 'time': 2398, 'eps': 0.0001}
03/26/2026 02:26:15 - INFO - src.trainer -   {'loss': 1.1869022846221924, 'learning_rate': 1e-06, 'global_step': 17910, 'zo_forward_step': 35822, 'max_steps': 20000, 'max_zo_forward_steps': 0, 'time': 2399, 'eps': 0.0001}
1780it [39:35,  1.07s/it]03/26/2026 02:26:16 - INFO - src.trainer -   {'loss': 1.123426079750061, 'learning_rate': 1e-06, 'global_step': 17920, 'zo_forward_step': 35842, 'max_steps': 20000, 'max_zo_forward_steps': 0, 'time': 2400, 'eps': 0.0001}
03/26/2026 02:26:17 - INFO - src.trainer -   {'loss': 0.6714309453964233, 'learning_rate': 1e-06, 'global_step': 17930, 'zo_forward_step': 35862, 'max_steps': 20000, 'max_zo_forward_steps': 0, 'time': 2401, 'eps': 0.0001}
03/26/2026 02:26:18 - INFO - src.trainer -   {'loss': 1.1795845031738281, 'learning_rate': 1e-06, 'global_step': 17940, 'zo_forward_step': 35882, 'max_steps': 20000, 'max_zo_forward_steps': 0, 'time': 2402, 'eps': 0.0001}
03/26/2026 02:26:19 - INFO - src.trainer -   {'loss': 1.1314911842346191, 'learning_rate': 1e-06, 'global_step': 17950, 'zo_forward_step': 35902, 'max_steps': 20000, 'max_zo_forward_steps': 0, 'time': 2403, 'eps': 0.0001}
03/26/2026 02:26:20 - INFO - src.trainer -   {'loss': 0.6730608940124512, 'learning_rate': 1e-06, 'global_step': 17960, 'zo_forward_step': 35922, 'max_steps': 20000, 'max_zo_forward_steps': 0, 'time': 2404, 'eps': 0.0001}
03/26/2026 02:26:22 - INFO - src.trainer -   {'loss': 1.1872893571853638, 'learning_rate': 1e-06, 'global_step': 17970, 'zo_forward_step': 35942, 'max_steps': 20000, 'max_zo_forward_steps': 0, 'time': 2406, 'eps': 0.0001}
03/26/2026 02:26:23 - INFO - src.trainer -   {'loss': 1.1395747661590576, 'learning_rate': 1e-06, 'global_step': 17980, 'zo_forward_step': 35962, 'max_steps': 20000, 'max_zo_forward_steps': 0, 'time': 2407, 'eps': 0.0001}
03/26/2026 02:26:24 - INFO - src.trainer -   {'loss': 0.6468669176101685, 'learning_rate': 1e-06, 'global_step': 17990, 'zo_forward_step': 35982, 'max_steps': 20000, 'max_zo_forward_steps': 0, 'time': 2408, 'eps': 0.0001}
1781it [39:44,  1.62s/it]1792it [39:45,  1.10s/it]03/26/2026 02:26:25 - INFO - src.trainer -   {'eval_loss': 1.3807693719863892, 'eval_acc': 0.425}
03/26/2026 02:26:28 - INFO - src.trainer -   [zo_probe] step=18000 eps=1.000e-04 precision=fp32 n=16 mae=7.479566e-02 rmse=1.009580e-01 sign_acc=1.0000 corr=0.999998
03/26/2026 02:26:28 - INFO - src.trainer -   {'loss': 1.18256676197052, 'learning_rate': 1e-06, 'global_step': 18000, 'zo_forward_step': 36002, 'max_steps': 20000, 'max_zo_forward_steps': 0, 'time': 2412, 'eps': 0.0001}
03/26/2026 02:26:29 - INFO - src.trainer -   {'loss': 1.1680842638015747, 'learning_rate': 1e-06, 'global_step': 18010, 'zo_forward_step': 36022, 'max_steps': 20000, 'max_zo_forward_steps': 0, 'time': 2413, 'eps': 0.0001}
03/26/2026 02:26:30 - INFO - src.trainer -   {'loss': 0.6444506645202637, 'learning_rate': 1e-06, 'global_step': 18020, 'zo_forward_step': 36042, 'max_steps': 20000, 'max_zo_forward_steps': 0, 'time': 2415, 'eps': 0.0001}
03/26/2026 02:26:32 - INFO - src.trainer -   {'loss': 1.17366361618042, 'learning_rate': 1e-06, 'global_step': 18030, 'zo_forward_step': 36062, 'max_steps': 20000, 'max_zo_forward_steps': 0, 'time': 2416, 'eps': 0.0001}
03/26/2026 02:26:33 - INFO - src.trainer -   {'loss': 1.1780272722244263, 'learning_rate': 1e-06, 'global_step': 18040, 'zo_forward_step': 36082, 'max_steps': 20000, 'max_zo_forward_steps': 0, 'time': 2417, 'eps': 0.0001}
03/26/2026 02:26:34 - INFO - src.trainer -   {'loss': 0.6235219240188599, 'learning_rate': 1e-06, 'global_step': 18050, 'zo_forward_step': 36102, 'max_steps': 20000, 'max_zo_forward_steps': 0, 'time': 2418, 'eps': 0.0001}
03/26/2026 02:26:35 - INFO - src.trainer -   {'loss': 1.1743316650390625, 'learning_rate': 1e-06, 'global_step': 18060, 'zo_forward_step': 36122, 'max_steps': 20000, 'max_zo_forward_steps': 0, 'time': 2419, 'eps': 0.0001}
1800it [39:55,  1.10s/it]03/26/2026 02:26:36 - INFO - src.trainer -   {'loss': 1.191812515258789, 'learning_rate': 1e-06, 'global_step': 18070, 'zo_forward_step': 36142, 'max_steps': 20000, 'max_zo_forward_steps': 0, 'time': 2420, 'eps': 0.0001}
03/26/2026 02:26:37 - INFO - src.trainer -   {'loss': 0.6275367140769958, 'learning_rate': 1e-06, 'global_step': 18080, 'zo_forward_step': 36162, 'max_steps': 20000, 'max_zo_forward_steps': 0, 'time': 2422, 'eps': 0.0001}
03/26/2026 02:26:39 - INFO - src.trainer -   {'loss': 1.1484256982803345, 'learning_rate': 1e-06, 'global_step': 18090, 'zo_forward_step': 36182, 'max_steps': 20000, 'max_zo_forward_steps': 0, 'time': 2423, 'eps': 0.0001}
03/26/2026 02:26:40 - INFO - src.trainer -   {'loss': 1.197434663772583, 'learning_rate': 1e-06, 'global_step': 18100, 'zo_forward_step': 36202, 'max_steps': 20000, 'max_zo_forward_steps': 0, 'time': 2424, 'eps': 0.0001}
03/26/2026 02:26:41 - INFO - src.trainer -   {'loss': 0.6056448817253113, 'learning_rate': 1e-06, 'global_step': 18110, 'zo_forward_step': 36222, 'max_steps': 20000, 'max_zo_forward_steps': 0, 'time': 2425, 'eps': 0.0001}
03/26/2026 02:26:42 - INFO - src.trainer -   {'loss': 1.1464840173721313, 'learning_rate': 1e-06, 'global_step': 18120, 'zo_forward_step': 36242, 'max_steps': 20000, 'max_zo_forward_steps': 0, 'time': 2426, 'eps': 0.0001}
03/26/2026 02:26:43 - INFO - src.trainer -   {'loss': 1.1986732482910156, 'learning_rate': 1e-06, 'global_step': 18130, 'zo_forward_step': 36262, 'max_steps': 20000, 'max_zo_forward_steps': 0, 'time': 2427, 'eps': 0.0001}
03/26/2026 02:26:44 - INFO - src.trainer -   {'loss': 0.642236053943634, 'learning_rate': 1e-06, 'global_step': 18140, 'zo_forward_step': 36282, 'max_steps': 20000, 'max_zo_forward_steps': 0, 'time': 2428, 'eps': 0.0001}
03/26/2026 02:26:45 - INFO - src.trainer -   {'loss': 1.1418339014053345, 'learning_rate': 1e-06, 'global_step': 18150, 'zo_forward_step': 36302, 'max_steps': 20000, 'max_zo_forward_steps': 0, 'time': 2429, 'eps': 0.0001}
03/26/2026 02:26:46 - INFO - src.trainer -   {'loss': 1.167992115020752, 'learning_rate': 1e-06, 'global_step': 18160, 'zo_forward_step': 36322, 'max_steps': 20000, 'max_zo_forward_steps': 0, 'time': 2431, 'eps': 0.0001}
03/26/2026 02:26:48 - INFO - src.trainer -   {'loss': 0.6564141511917114, 'learning_rate': 1e-06, 'global_step': 18170, 'zo_forward_step': 36342, 'max_steps': 20000, 'max_zo_forward_steps': 0, 'time': 2432, 'eps': 0.0001}
03/26/2026 02:26:49 - INFO - src.trainer -   {'loss': 1.1383434534072876, 'learning_rate': 1e-06, 'global_step': 18180, 'zo_forward_step': 36362, 'max_steps': 20000, 'max_zo_forward_steps': 0, 'time': 2433, 'eps': 0.0001}
03/26/2026 02:26:50 - INFO - src.trainer -   {'loss': 1.1479235887527466, 'learning_rate': 1e-06, 'global_step': 18190, 'zo_forward_step': 36382, 'max_steps': 20000, 'max_zo_forward_steps': 0, 'time': 2434, 'eps': 0.0001}
1801it [40:10,  1.59s/it]1812it [40:11,  1.08s/it]03/26/2026 02:26:51 - INFO - src.trainer -   {'eval_loss': 1.3716704845428467, 'eval_acc': 0.375}
03/26/2026 02:26:53 - INFO - src.trainer -   [zo_probe] step=18200 eps=1.000e-04 precision=fp32 n=16 mae=8.544469e-02 rmse=1.374585e-01 sign_acc=1.0000 corr=0.999997
03/26/2026 02:26:53 - INFO - src.trainer -   {'loss': 0.6745723485946655, 'learning_rate': 1e-06, 'global_step': 18200, 'zo_forward_step': 36402, 'max_steps': 20000, 'max_zo_forward_steps': 0, 'time': 2437, 'eps': 0.0001}
03/26/2026 02:26:54 - INFO - src.trainer -   {'loss': 1.1455682516098022, 'learning_rate': 1e-06, 'global_step': 18210, 'zo_forward_step': 36422, 'max_steps': 20000, 'max_zo_forward_steps': 0, 'time': 2438, 'eps': 0.0001}
03/26/2026 02:26:55 - INFO - src.trainer -   {'loss': 1.140987515449524, 'learning_rate': 1e-06, 'global_step': 18220, 'zo_forward_step': 36442, 'max_steps': 20000, 'max_zo_forward_steps': 0, 'time': 2440, 'eps': 0.0001}
03/26/2026 02:26:57 - INFO - src.trainer -   {'loss': 0.6687061190605164, 'learning_rate': 1e-06, 'global_step': 18230, 'zo_forward_step': 36462, 'max_steps': 20000, 'max_zo_forward_steps': 0, 'time': 2441, 'eps': 0.0001}
03/26/2026 02:26:58 - INFO - src.trainer -   {'loss': 1.163153886795044, 'learning_rate': 1e-06, 'global_step': 18240, 'zo_forward_step': 36482, 'max_steps': 20000, 'max_zo_forward_steps': 0, 'time': 2442, 'eps': 0.0001}
03/26/2026 02:26:59 - INFO - src.trainer -   {'loss': 1.1210602521896362, 'learning_rate': 1e-06, 'global_step': 18250, 'zo_forward_step': 36502, 'max_steps': 20000, 'max_zo_forward_steps': 0, 'time': 2443, 'eps': 0.0001}
03/26/2026 02:27:00 - INFO - src.trainer -   {'loss': 0.6684064269065857, 'learning_rate': 1e-06, 'global_step': 18260, 'zo_forward_step': 36522, 'max_steps': 20000, 'max_zo_forward_steps': 0, 'time': 2444, 'eps': 0.0001}
03/26/2026 02:27:01 - INFO - src.trainer -   {'loss': 1.1546214818954468, 'learning_rate': 1e-06, 'global_step': 18270, 'zo_forward_step': 36542, 'max_steps': 20000, 'max_zo_forward_steps': 0, 'time': 2445, 'eps': 0.0001}
03/26/2026 02:27:02 - INFO - src.trainer -   {'loss': 1.139238953590393, 'learning_rate': 1e-06, 'global_step': 18280, 'zo_forward_step': 36562, 'max_steps': 20000, 'max_zo_forward_steps': 0, 'time': 2446, 'eps': 0.0001}
03/26/2026 02:27:04 - INFO - src.trainer -   {'loss': 0.6670016050338745, 'learning_rate': 1e-06, 'global_step': 18290, 'zo_forward_step': 36582, 'max_steps': 20000, 'max_zo_forward_steps': 0, 'time': 2448, 'eps': 0.0001}
03/26/2026 02:27:05 - INFO - src.trainer -   {'loss': 1.140778660774231, 'learning_rate': 1e-06, 'global_step': 18300, 'zo_forward_step': 36602, 'max_steps': 20000, 'max_zo_forward_steps': 0, 'time': 2449, 'eps': 0.0001}
1820it [40:25,  1.08s/it]03/26/2026 02:27:06 - INFO - src.trainer -   {'loss': 1.1514732837677002, 'learning_rate': 1e-06, 'global_step': 18310, 'zo_forward_step': 36622, 'max_steps': 20000, 'max_zo_forward_steps': 0, 'time': 2450, 'eps': 0.0001}
03/26/2026 02:27:07 - INFO - src.trainer -   {'loss': 0.6493924856185913, 'learning_rate': 1e-06, 'global_step': 18320, 'zo_forward_step': 36642, 'max_steps': 20000, 'max_zo_forward_steps': 0, 'time': 2451, 'eps': 0.0001}
03/26/2026 02:27:10 - INFO - src.trainer -   {'loss': 1.1420320272445679, 'learning_rate': 1e-06, 'global_step': 18330, 'zo_forward_step': 36662, 'max_steps': 20000, 'max_zo_forward_steps': 0, 'time': 2454, 'eps': 0.0001}
03/26/2026 02:27:11 - INFO - src.trainer -   {'loss': 1.153749942779541, 'learning_rate': 1e-06, 'global_step': 18340, 'zo_forward_step': 36682, 'max_steps': 20000, 'max_zo_forward_steps': 0, 'time': 2455, 'eps': 0.0001}
03/26/2026 02:27:12 - INFO - src.trainer -   {'loss': 0.6535400152206421, 'learning_rate': 1e-06, 'global_step': 18350, 'zo_forward_step': 36702, 'max_steps': 20000, 'max_zo_forward_steps': 0, 'time': 2457, 'eps': 0.0001}
03/26/2026 02:27:14 - INFO - src.trainer -   {'loss': 1.1268140077590942, 'learning_rate': 1e-06, 'global_step': 18360, 'zo_forward_step': 36722, 'max_steps': 20000, 'max_zo_forward_steps': 0, 'time': 2458, 'eps': 0.0001}
03/26/2026 02:27:15 - INFO - src.trainer -   {'loss': 1.1616829633712769, 'learning_rate': 1e-06, 'global_step': 18370, 'zo_forward_step': 36742, 'max_steps': 20000, 'max_zo_forward_steps': 0, 'time': 2459, 'eps': 0.0001}
03/26/2026 02:27:16 - INFO - src.trainer -   {'loss': 0.6405289769172668, 'learning_rate': 1e-06, 'global_step': 18380, 'zo_forward_step': 36762, 'max_steps': 20000, 'max_zo_forward_steps': 0, 'time': 2460, 'eps': 0.0001}
03/26/2026 02:27:17 - INFO - src.trainer -   {'loss': 1.1219512224197388, 'learning_rate': 1e-06, 'global_step': 18390, 'zo_forward_step': 36782, 'max_steps': 20000, 'max_zo_forward_steps': 0, 'time': 2461, 'eps': 0.0001}
1821it [40:38,  1.61s/it]1832it [40:38,  1.09s/it]03/26/2026 02:27:18 - INFO - src.trainer -   {'eval_loss': 1.3719322681427002, 'eval_acc': 0.4125}
03/26/2026 02:27:21 - INFO - src.trainer -   [zo_probe] step=18400 eps=1.000e-04 precision=fp32 n=16 mae=3.452015e-02 rmse=4.330705e-02 sign_acc=1.0000 corr=1.000000
03/26/2026 02:27:21 - INFO - src.trainer -   {'loss': 1.1650354862213135, 'learning_rate': 1e-06, 'global_step': 18400, 'zo_forward_step': 36802, 'max_steps': 20000, 'max_zo_forward_steps': 0, 'time': 2466, 'eps': 0.0001}
03/26/2026 02:27:23 - INFO - src.trainer -   {'loss': 0.6412485241889954, 'learning_rate': 1e-06, 'global_step': 18410, 'zo_forward_step': 36822, 'max_steps': 20000, 'max_zo_forward_steps': 0, 'time': 2467, 'eps': 0.0001}
03/26/2026 02:27:24 - INFO - src.trainer -   {'loss': 1.08778977394104, 'learning_rate': 1e-06, 'global_step': 18420, 'zo_forward_step': 36842, 'max_steps': 20000, 'max_zo_forward_steps': 0, 'time': 2468, 'eps': 0.0001}
03/26/2026 02:27:25 - INFO - src.trainer -   {'loss': 1.1845167875289917, 'learning_rate': 1e-06, 'global_step': 18430, 'zo_forward_step': 36862, 'max_steps': 20000, 'max_zo_forward_steps': 0, 'time': 2469, 'eps': 0.0001}
03/26/2026 02:27:26 - INFO - src.trainer -   {'loss': 0.6500388979911804, 'learning_rate': 1e-06, 'global_step': 18440, 'zo_forward_step': 36882, 'max_steps': 20000, 'max_zo_forward_steps': 0, 'time': 2470, 'eps': 0.0001}
03/26/2026 02:27:27 - INFO - src.trainer -   {'loss': 1.1075588464736938, 'learning_rate': 1e-06, 'global_step': 18450, 'zo_forward_step': 36902, 'max_steps': 20000, 'max_zo_forward_steps': 0, 'time': 2471, 'eps': 0.0001}
03/26/2026 02:27:28 - INFO - src.trainer -   {'loss': 1.1660147905349731, 'learning_rate': 1e-06, 'global_step': 18460, 'zo_forward_step': 36922, 'max_steps': 20000, 'max_zo_forward_steps': 0, 'time': 2472, 'eps': 0.0001}
03/26/2026 02:27:29 - INFO - src.trainer -   {'loss': 0.6673263311386108, 'learning_rate': 1e-06, 'global_step': 18470, 'zo_forward_step': 36942, 'max_steps': 20000, 'max_zo_forward_steps': 0, 'time': 2474, 'eps': 0.0001}
03/26/2026 02:27:31 - INFO - src.trainer -   {'loss': 1.1162315607070923, 'learning_rate': 1e-06, 'global_step': 18480, 'zo_forward_step': 36962, 'max_steps': 20000, 'max_zo_forward_steps': 0, 'time': 2475, 'eps': 0.0001}
03/26/2026 02:27:33 - INFO - src.trainer -   {'loss': 1.1821155548095703, 'learning_rate': 1e-06, 'global_step': 18490, 'zo_forward_step': 36982, 'max_steps': 20000, 'max_zo_forward_steps': 0, 'time': 2477, 'eps': 0.0001}
03/26/2026 02:27:34 - INFO - src.trainer -   {'loss': 0.6220429539680481, 'learning_rate': 1e-06, 'global_step': 18500, 'zo_forward_step': 37002, 'max_steps': 20000, 'max_zo_forward_steps': 0, 'time': 2479, 'eps': 0.0001}
03/26/2026 02:27:36 - INFO - src.trainer -   {'loss': 1.1341935396194458, 'learning_rate': 1e-06, 'global_step': 18510, 'zo_forward_step': 37022, 'max_steps': 20000, 'max_zo_forward_steps': 0, 'time': 2480, 'eps': 0.0001}
1840it [40:55,  1.09s/it]03/26/2026 02:27:37 - INFO - src.trainer -   {'loss': 1.1532915830612183, 'learning_rate': 1e-06, 'global_step': 18520, 'zo_forward_step': 37042, 'max_steps': 20000, 'max_zo_forward_steps': 0, 'time': 2481, 'eps': 0.0001}
03/26/2026 02:27:38 - INFO - src.trainer -   {'loss': 0.6272475123405457, 'learning_rate': 1e-06, 'global_step': 18530, 'zo_forward_step': 37062, 'max_steps': 20000, 'max_zo_forward_steps': 0, 'time': 2482, 'eps': 0.0001}
03/26/2026 02:27:39 - INFO - src.trainer -   {'loss': 1.15325927734375, 'learning_rate': 1e-06, 'global_step': 18540, 'zo_forward_step': 37082, 'max_steps': 20000, 'max_zo_forward_steps': 0, 'time': 2483, 'eps': 0.0001}
03/26/2026 02:27:40 - INFO - src.trainer -   {'loss': 1.1545758247375488, 'learning_rate': 1e-06, 'global_step': 18550, 'zo_forward_step': 37102, 'max_steps': 20000, 'max_zo_forward_steps': 0, 'time': 2484, 'eps': 0.0001}
03/26/2026 02:27:41 - INFO - src.trainer -   {'loss': 0.6157596111297607, 'learning_rate': 1e-06, 'global_step': 18560, 'zo_forward_step': 37122, 'max_steps': 20000, 'max_zo_forward_steps': 0, 'time': 2485, 'eps': 0.0001}
03/26/2026 02:27:42 - INFO - src.trainer -   {'loss': 1.157701849937439, 'learning_rate': 1e-06, 'global_step': 18570, 'zo_forward_step': 37142, 'max_steps': 20000, 'max_zo_forward_steps': 0, 'time': 2487, 'eps': 0.0001}
03/26/2026 02:27:44 - INFO - src.trainer -   {'loss': 1.1680594682693481, 'learning_rate': 1e-06, 'global_step': 18580, 'zo_forward_step': 37162, 'max_steps': 20000, 'max_zo_forward_steps': 0, 'time': 2488, 'eps': 0.0001}
03/26/2026 02:27:45 - INFO - src.trainer -   {'loss': 0.6197303533554077, 'learning_rate': 1e-06, 'global_step': 18590, 'zo_forward_step': 37182, 'max_steps': 20000, 'max_zo_forward_steps': 0, 'time': 2489, 'eps': 0.0001}
1841it [41:07,  1.67s/it]1852it [41:07,  1.13s/it]03/26/2026 02:27:47 - INFO - src.trainer -   {'eval_loss': 1.3424431085586548, 'eval_acc': 0.45}
03/26/2026 02:27:50 - INFO - src.trainer -   [zo_probe] step=18600 eps=1.000e-04 precision=fp32 n=16 mae=1.078004e-01 rmse=1.228741e-01 sign_acc=1.0000 corr=0.999996
03/26/2026 02:27:50 - INFO - src.trainer -   {'loss': 1.1345969438552856, 'learning_rate': 1e-06, 'global_step': 18600, 'zo_forward_step': 37202, 'max_steps': 20000, 'max_zo_forward_steps': 0, 'time': 2495, 'eps': 0.0001}
03/26/2026 02:27:52 - INFO - src.trainer -   {'loss': 1.1541261672973633, 'learning_rate': 1e-06, 'global_step': 18610, 'zo_forward_step': 37222, 'max_steps': 20000, 'max_zo_forward_steps': 0, 'time': 2496, 'eps': 0.0001}
03/26/2026 02:27:53 - INFO - src.trainer -   {'loss': 0.635395884513855, 'learning_rate': 1e-06, 'global_step': 18620, 'zo_forward_step': 37242, 'max_steps': 20000, 'max_zo_forward_steps': 0, 'time': 2497, 'eps': 0.0001}
03/26/2026 02:27:54 - INFO - src.trainer -   {'loss': 1.131127953529358, 'learning_rate': 1e-06, 'global_step': 18630, 'zo_forward_step': 37262, 'max_steps': 20000, 'max_zo_forward_steps': 0, 'time': 2498, 'eps': 0.0001}
03/26/2026 02:27:55 - INFO - src.trainer -   {'loss': 1.1528598070144653, 'learning_rate': 1e-06, 'global_step': 18640, 'zo_forward_step': 37282, 'max_steps': 20000, 'max_zo_forward_steps': 0, 'time': 2499, 'eps': 0.0001}
03/26/2026 02:27:56 - INFO - src.trainer -   {'loss': 0.6394903063774109, 'learning_rate': 1e-06, 'global_step': 18650, 'zo_forward_step': 37302, 'max_steps': 20000, 'max_zo_forward_steps': 0, 'time': 2500, 'eps': 0.0001}
03/26/2026 02:27:57 - INFO - src.trainer -   {'loss': 1.1282052993774414, 'learning_rate': 1e-06, 'global_step': 18660, 'zo_forward_step': 37322, 'max_steps': 20000, 'max_zo_forward_steps': 0, 'time': 2501, 'eps': 0.0001}
03/26/2026 02:27:58 - INFO - src.trainer -   {'loss': 1.1764278411865234, 'learning_rate': 1e-06, 'global_step': 18670, 'zo_forward_step': 37342, 'max_steps': 20000, 'max_zo_forward_steps': 0, 'time': 2503, 'eps': 0.0001}
03/26/2026 02:28:00 - INFO - src.trainer -   {'loss': 0.6168855428695679, 'learning_rate': 1e-06, 'global_step': 18680, 'zo_forward_step': 37362, 'max_steps': 20000, 'max_zo_forward_steps': 0, 'time': 2504, 'eps': 0.0001}
03/26/2026 02:28:01 - INFO - src.trainer -   {'loss': 1.1210572719573975, 'learning_rate': 1e-06, 'global_step': 18690, 'zo_forward_step': 37382, 'max_steps': 20000, 'max_zo_forward_steps': 0, 'time': 2505, 'eps': 0.0001}
03/26/2026 02:28:02 - INFO - src.trainer -   {'loss': 1.1805661916732788, 'learning_rate': 1e-06, 'global_step': 18700, 'zo_forward_step': 37402, 'max_steps': 20000, 'max_zo_forward_steps': 0, 'time': 2506, 'eps': 0.0001}
03/26/2026 02:28:03 - INFO - src.trainer -   {'loss': 0.6385828256607056, 'learning_rate': 1e-06, 'global_step': 18710, 'zo_forward_step': 37422, 'max_steps': 20000, 'max_zo_forward_steps': 0, 'time': 2507, 'eps': 0.0001}
03/26/2026 02:28:04 - INFO - src.trainer -   {'loss': 1.1127300262451172, 'learning_rate': 1e-06, 'global_step': 18720, 'zo_forward_step': 37442, 'max_steps': 20000, 'max_zo_forward_steps': 0, 'time': 2508, 'eps': 0.0001}
03/26/2026 02:28:05 - INFO - src.trainer -   {'loss': 1.1744779348373413, 'learning_rate': 1e-06, 'global_step': 18730, 'zo_forward_step': 37462, 'max_steps': 20000, 'max_zo_forward_steps': 0, 'time': 2510, 'eps': 0.0001}
1860it [41:25,  1.13s/it]03/26/2026 02:28:07 - INFO - src.trainer -   {'loss': 0.626742959022522, 'learning_rate': 1e-06, 'global_step': 18740, 'zo_forward_step': 37482, 'max_steps': 20000, 'max_zo_forward_steps': 0, 'time': 2511, 'eps': 0.0001}
03/26/2026 02:28:08 - INFO - src.trainer -   {'loss': 1.1151639223098755, 'learning_rate': 1e-06, 'global_step': 18750, 'zo_forward_step': 37502, 'max_steps': 20000, 'max_zo_forward_steps': 0, 'time': 2512, 'eps': 0.0001}
03/26/2026 02:28:09 - INFO - src.trainer -   {'loss': 1.1326384544372559, 'learning_rate': 1e-06, 'global_step': 18760, 'zo_forward_step': 37522, 'max_steps': 20000, 'max_zo_forward_steps': 0, 'time': 2513, 'eps': 0.0001}
03/26/2026 02:28:10 - INFO - src.trainer -   {'loss': 0.6391136050224304, 'learning_rate': 1e-06, 'global_step': 18770, 'zo_forward_step': 37542, 'max_steps': 20000, 'max_zo_forward_steps': 0, 'time': 2514, 'eps': 0.0001}
03/26/2026 02:28:11 - INFO - src.trainer -   {'loss': 1.124742031097412, 'learning_rate': 1e-06, 'global_step': 18780, 'zo_forward_step': 37562, 'max_steps': 20000, 'max_zo_forward_steps': 0, 'time': 2515, 'eps': 0.0001}
03/26/2026 02:28:12 - INFO - src.trainer -   {'loss': 1.1358890533447266, 'learning_rate': 1e-06, 'global_step': 18790, 'zo_forward_step': 37582, 'max_steps': 20000, 'max_zo_forward_steps': 0, 'time': 2516, 'eps': 0.0001}
1861it [41:33,  1.62s/it]1872it [41:33,  1.10s/it]03/26/2026 02:28:14 - INFO - src.trainer -   {'eval_loss': 1.3485991954803467, 'eval_acc': 0.4375}
03/26/2026 02:28:16 - INFO - src.trainer -   [zo_probe] step=18800 eps=1.000e-04 precision=fp32 n=16 mae=4.351392e-02 rmse=5.474291e-02 sign_acc=1.0000 corr=0.999999
03/26/2026 02:28:16 - INFO - src.trainer -   {'loss': 0.6087862253189087, 'learning_rate': 1e-06, 'global_step': 18800, 'zo_forward_step': 37602, 'max_steps': 20000, 'max_zo_forward_steps': 0, 'time': 2520, 'eps': 0.0001}
03/26/2026 02:28:17 - INFO - src.trainer -   {'loss': 1.125700831413269, 'learning_rate': 1e-06, 'global_step': 18810, 'zo_forward_step': 37622, 'max_steps': 20000, 'max_zo_forward_steps': 0, 'time': 2521, 'eps': 0.0001}
03/26/2026 02:28:18 - INFO - src.trainer -   {'loss': 1.1564161777496338, 'learning_rate': 1e-06, 'global_step': 18820, 'zo_forward_step': 37642, 'max_steps': 20000, 'max_zo_forward_steps': 0, 'time': 2522, 'eps': 0.0001}
03/26/2026 02:28:19 - INFO - src.trainer -   {'loss': 0.6145300269126892, 'learning_rate': 1e-06, 'global_step': 18830, 'zo_forward_step': 37662, 'max_steps': 20000, 'max_zo_forward_steps': 0, 'time': 2523, 'eps': 0.0001}
03/26/2026 02:28:20 - INFO - src.trainer -   {'loss': 1.1105397939682007, 'learning_rate': 1e-06, 'global_step': 18840, 'zo_forward_step': 37682, 'max_steps': 20000, 'max_zo_forward_steps': 0, 'time': 2525, 'eps': 0.0001}
03/26/2026 02:28:22 - INFO - src.trainer -   {'loss': 1.1798887252807617, 'learning_rate': 1e-06, 'global_step': 18850, 'zo_forward_step': 37702, 'max_steps': 20000, 'max_zo_forward_steps': 0, 'time': 2526, 'eps': 0.0001}
03/26/2026 02:28:23 - INFO - src.trainer -   {'loss': 0.5968337059020996, 'learning_rate': 1e-06, 'global_step': 18860, 'zo_forward_step': 37722, 'max_steps': 20000, 'max_zo_forward_steps': 0, 'time': 2527, 'eps': 0.0001}
03/26/2026 02:28:24 - INFO - src.trainer -   {'loss': 1.1139119863510132, 'learning_rate': 1e-06, 'global_step': 18870, 'zo_forward_step': 37742, 'max_steps': 20000, 'max_zo_forward_steps': 0, 'time': 2528, 'eps': 0.0001}
03/26/2026 02:28:25 - INFO - src.trainer -   {'loss': 1.1658357381820679, 'learning_rate': 1e-06, 'global_step': 18880, 'zo_forward_step': 37762, 'max_steps': 20000, 'max_zo_forward_steps': 0, 'time': 2529, 'eps': 0.0001}
1880it [41:45,  1.10s/it]03/26/2026 02:28:26 - INFO - src.trainer -   {'loss': 0.593706488609314, 'learning_rate': 1e-06, 'global_step': 18890, 'zo_forward_step': 37782, 'max_steps': 20000, 'max_zo_forward_steps': 0, 'time': 2530, 'eps': 0.0001}
03/26/2026 02:28:27 - INFO - src.trainer -   {'loss': 1.1293821334838867, 'learning_rate': 1e-06, 'global_step': 18900, 'zo_forward_step': 37802, 'max_steps': 20000, 'max_zo_forward_steps': 0, 'time': 2531, 'eps': 0.0001}
03/26/2026 02:28:28 - INFO - src.trainer -   {'loss': 1.1665031909942627, 'learning_rate': 1e-06, 'global_step': 18910, 'zo_forward_step': 37822, 'max_steps': 20000, 'max_zo_forward_steps': 0, 'time': 2532, 'eps': 0.0001}
03/26/2026 02:28:29 - INFO - src.trainer -   {'loss': 0.6003247499465942, 'learning_rate': 1e-06, 'global_step': 18920, 'zo_forward_step': 37842, 'max_steps': 20000, 'max_zo_forward_steps': 0, 'time': 2534, 'eps': 0.0001}
03/26/2026 02:28:31 - INFO - src.trainer -   {'loss': 1.0910272598266602, 'learning_rate': 1e-06, 'global_step': 18930, 'zo_forward_step': 37862, 'max_steps': 20000, 'max_zo_forward_steps': 0, 'time': 2535, 'eps': 0.0001}
03/26/2026 02:28:32 - INFO - src.trainer -   {'loss': 1.1698366403579712, 'learning_rate': 1e-06, 'global_step': 18940, 'zo_forward_step': 37882, 'max_steps': 20000, 'max_zo_forward_steps': 0, 'time': 2536, 'eps': 0.0001}
03/26/2026 02:28:33 - INFO - src.trainer -   {'loss': 0.599169135093689, 'learning_rate': 1e-06, 'global_step': 18950, 'zo_forward_step': 37902, 'max_steps': 20000, 'max_zo_forward_steps': 0, 'time': 2537, 'eps': 0.0001}
03/26/2026 02:28:34 - INFO - src.trainer -   {'loss': 1.0993074178695679, 'learning_rate': 1e-06, 'global_step': 18960, 'zo_forward_step': 37922, 'max_steps': 20000, 'max_zo_forward_steps': 0, 'time': 2538, 'eps': 0.0001}
03/26/2026 02:28:35 - INFO - src.trainer -   {'loss': 1.1686605215072632, 'learning_rate': 1e-06, 'global_step': 18970, 'zo_forward_step': 37942, 'max_steps': 20000, 'max_zo_forward_steps': 0, 'time': 2539, 'eps': 0.0001}
03/26/2026 02:28:36 - INFO - src.trainer -   {'loss': 0.6095049977302551, 'learning_rate': 1e-06, 'global_step': 18980, 'zo_forward_step': 37962, 'max_steps': 20000, 'max_zo_forward_steps': 0, 'time': 2541, 'eps': 0.0001}
03/26/2026 02:28:38 - INFO - src.trainer -   {'loss': 1.12675940990448, 'learning_rate': 1e-06, 'global_step': 18990, 'zo_forward_step': 37982, 'max_steps': 20000, 'max_zo_forward_steps': 0, 'time': 2542, 'eps': 0.0001}
1881it [41:58,  1.56s/it]1892it [41:58,  1.06s/it]03/26/2026 02:28:39 - INFO - src.trainer -   {'eval_loss': 1.3479915857315063, 'eval_acc': 0.45}
03/26/2026 02:28:42 - INFO - src.trainer -   [zo_probe] step=19000 eps=1.000e-04 precision=fp32 n=16 mae=6.743926e-02 rmse=1.100645e-01 sign_acc=1.0000 corr=0.999999
03/26/2026 02:28:42 - INFO - src.trainer -   {'loss': 1.1781312227249146, 'learning_rate': 1e-06, 'global_step': 19000, 'zo_forward_step': 38002, 'max_steps': 20000, 'max_zo_forward_steps': 0, 'time': 2546, 'eps': 0.0001}
03/26/2026 02:28:43 - INFO - src.trainer -   {'loss': 0.5891988277435303, 'learning_rate': 1e-06, 'global_step': 19010, 'zo_forward_step': 38022, 'max_steps': 20000, 'max_zo_forward_steps': 0, 'time': 2547, 'eps': 0.0001}
03/26/2026 02:28:44 - INFO - src.trainer -   {'loss': 1.0835872888565063, 'learning_rate': 1e-06, 'global_step': 19020, 'zo_forward_step': 38042, 'max_steps': 20000, 'max_zo_forward_steps': 0, 'time': 2548, 'eps': 0.0001}
03/26/2026 02:28:45 - INFO - src.trainer -   {'loss': 1.1480538845062256, 'learning_rate': 1e-06, 'global_step': 19030, 'zo_forward_step': 38062, 'max_steps': 20000, 'max_zo_forward_steps': 0, 'time': 2549, 'eps': 0.0001}
03/26/2026 02:28:46 - INFO - src.trainer -   {'loss': 0.5902149677276611, 'learning_rate': 1e-06, 'global_step': 19040, 'zo_forward_step': 38082, 'max_steps': 20000, 'max_zo_forward_steps': 0, 'time': 2551, 'eps': 0.0001}
03/26/2026 02:28:48 - INFO - src.trainer -   {'loss': 1.0670275688171387, 'learning_rate': 1e-06, 'global_step': 19050, 'zo_forward_step': 38102, 'max_steps': 20000, 'max_zo_forward_steps': 0, 'time': 2552, 'eps': 0.0001}
03/26/2026 02:28:49 - INFO - src.trainer -   {'loss': 1.1715691089630127, 'learning_rate': 1e-06, 'global_step': 19060, 'zo_forward_step': 38122, 'max_steps': 20000, 'max_zo_forward_steps': 0, 'time': 2553, 'eps': 0.0001}
03/26/2026 02:28:50 - INFO - src.trainer -   {'loss': 0.5993666052818298, 'learning_rate': 1e-06, 'global_step': 19070, 'zo_forward_step': 38142, 'max_steps': 20000, 'max_zo_forward_steps': 0, 'time': 2554, 'eps': 0.0001}
03/26/2026 02:28:51 - INFO - src.trainer -   {'loss': 1.0530263185501099, 'learning_rate': 1e-06, 'global_step': 19080, 'zo_forward_step': 38162, 'max_steps': 20000, 'max_zo_forward_steps': 0, 'time': 2555, 'eps': 0.0001}
03/26/2026 02:28:52 - INFO - src.trainer -   {'loss': 1.189663052558899, 'learning_rate': 1e-06, 'global_step': 19090, 'zo_forward_step': 38182, 'max_steps': 20000, 'max_zo_forward_steps': 0, 'time': 2556, 'eps': 0.0001}
03/26/2026 02:28:53 - INFO - src.trainer -   {'loss': 0.5887811183929443, 'learning_rate': 1e-06, 'global_step': 19100, 'zo_forward_step': 38202, 'max_steps': 20000, 'max_zo_forward_steps': 0, 'time': 2557, 'eps': 0.0001}
03/26/2026 02:28:54 - INFO - src.trainer -   {'loss': 1.0477391481399536, 'learning_rate': 1e-06, 'global_step': 19110, 'zo_forward_step': 38222, 'max_steps': 20000, 'max_zo_forward_steps': 0, 'time': 2559, 'eps': 0.0001}
1900it [42:15,  1.06s/it]03/26/2026 02:28:56 - INFO - src.trainer -   {'loss': 1.1970163583755493, 'learning_rate': 1e-06, 'global_step': 19120, 'zo_forward_step': 38242, 'max_steps': 20000, 'max_zo_forward_steps': 0, 'time': 2560, 'eps': 0.0001}
03/26/2026 02:28:57 - INFO - src.trainer -   {'loss': 0.5934554934501648, 'learning_rate': 1e-06, 'global_step': 19130, 'zo_forward_step': 38262, 'max_steps': 20000, 'max_zo_forward_steps': 0, 'time': 2561, 'eps': 0.0001}
03/26/2026 02:28:58 - INFO - src.trainer -   {'loss': 1.0409356355667114, 'learning_rate': 1e-06, 'global_step': 19140, 'zo_forward_step': 38282, 'max_steps': 20000, 'max_zo_forward_steps': 0, 'time': 2562, 'eps': 0.0001}
03/26/2026 02:28:59 - INFO - src.trainer -   {'loss': 1.1825990676879883, 'learning_rate': 1e-06, 'global_step': 19150, 'zo_forward_step': 38302, 'max_steps': 20000, 'max_zo_forward_steps': 0, 'time': 2563, 'eps': 0.0001}
03/26/2026 02:29:00 - INFO - src.trainer -   {'loss': 0.5936411619186401, 'learning_rate': 1e-06, 'global_step': 19160, 'zo_forward_step': 38322, 'max_steps': 20000, 'max_zo_forward_steps': 0, 'time': 2564, 'eps': 0.0001}
03/26/2026 02:29:01 - INFO - src.trainer -   {'loss': 1.0338560342788696, 'learning_rate': 1e-06, 'global_step': 19170, 'zo_forward_step': 38342, 'max_steps': 20000, 'max_zo_forward_steps': 0, 'time': 2565, 'eps': 0.0001}
03/26/2026 02:29:02 - INFO - src.trainer -   {'loss': 1.2253743410110474, 'learning_rate': 1e-06, 'global_step': 19180, 'zo_forward_step': 38362, 'max_steps': 20000, 'max_zo_forward_steps': 0, 'time': 2567, 'eps': 0.0001}
03/26/2026 02:29:04 - INFO - src.trainer -   {'loss': 0.5914227962493896, 'learning_rate': 1e-06, 'global_step': 19190, 'zo_forward_step': 38382, 'max_steps': 20000, 'max_zo_forward_steps': 0, 'time': 2568, 'eps': 0.0001}
1901it [42:24,  1.56s/it]1912it [42:24,  1.06s/it]03/26/2026 02:29:05 - INFO - src.trainer -   {'eval_loss': 1.336410403251648, 'eval_acc': 0.4625}
03/26/2026 02:29:08 - INFO - src.trainer -   [zo_probe] step=19200 eps=1.000e-04 precision=fp32 n=16 mae=7.568467e-02 rmse=1.270316e-01 sign_acc=1.0000 corr=0.999996
03/26/2026 02:29:08 - INFO - src.trainer -   {'loss': 1.045406460762024, 'learning_rate': 1e-06, 'global_step': 19200, 'zo_forward_step': 38402, 'max_steps': 20000, 'max_zo_forward_steps': 0, 'time': 2572, 'eps': 0.0001}
03/26/2026 02:29:10 - INFO - src.trainer -   {'loss': 1.1403714418411255, 'learning_rate': 1e-06, 'global_step': 19210, 'zo_forward_step': 38422, 'max_steps': 20000, 'max_zo_forward_steps': 0, 'time': 2574, 'eps': 0.0001}
03/26/2026 02:29:11 - INFO - src.trainer -   {'loss': 0.6056738495826721, 'learning_rate': 1e-06, 'global_step': 19220, 'zo_forward_step': 38442, 'max_steps': 20000, 'max_zo_forward_steps': 0, 'time': 2575, 'eps': 0.0001}
03/26/2026 02:29:12 - INFO - src.trainer -   {'loss': 1.0815953016281128, 'learning_rate': 1e-06, 'global_step': 19230, 'zo_forward_step': 38462, 'max_steps': 20000, 'max_zo_forward_steps': 0, 'time': 2576, 'eps': 0.0001}
03/26/2026 02:29:13 - INFO - src.trainer -   {'loss': 1.1692887544631958, 'learning_rate': 1e-06, 'global_step': 19240, 'zo_forward_step': 38482, 'max_steps': 20000, 'max_zo_forward_steps': 0, 'time': 2577, 'eps': 0.0001}
03/26/2026 02:29:14 - INFO - src.trainer -   {'loss': 0.6044679284095764, 'learning_rate': 1e-06, 'global_step': 19250, 'zo_forward_step': 38502, 'max_steps': 20000, 'max_zo_forward_steps': 0, 'time': 2578, 'eps': 0.0001}
03/26/2026 02:29:15 - INFO - src.trainer -   {'loss': 1.0643155574798584, 'learning_rate': 1e-06, 'global_step': 19260, 'zo_forward_step': 38522, 'max_steps': 20000, 'max_zo_forward_steps': 0, 'time': 2579, 'eps': 0.0001}
1920it [42:35,  1.06s/it]03/26/2026 02:29:16 - INFO - src.trainer -   {'loss': 1.1367489099502563, 'learning_rate': 1e-06, 'global_step': 19270, 'zo_forward_step': 38542, 'max_steps': 20000, 'max_zo_forward_steps': 0, 'time': 2581, 'eps': 0.0001}
03/26/2026 02:29:18 - INFO - src.trainer -   {'loss': 0.620794951915741, 'learning_rate': 1e-06, 'global_step': 19280, 'zo_forward_step': 38562, 'max_steps': 20000, 'max_zo_forward_steps': 0, 'time': 2582, 'eps': 0.0001}
03/26/2026 02:29:19 - INFO - src.trainer -   {'loss': 1.1031690835952759, 'learning_rate': 1e-06, 'global_step': 19290, 'zo_forward_step': 38582, 'max_steps': 20000, 'max_zo_forward_steps': 0, 'time': 2583, 'eps': 0.0001}
03/26/2026 02:29:20 - INFO - src.trainer -   {'loss': 1.1177234649658203, 'learning_rate': 1e-06, 'global_step': 19300, 'zo_forward_step': 38602, 'max_steps': 20000, 'max_zo_forward_steps': 0, 'time': 2584, 'eps': 0.0001}
03/26/2026 02:29:21 - INFO - src.trainer -   {'loss': 0.6386957168579102, 'learning_rate': 1e-06, 'global_step': 19310, 'zo_forward_step': 38622, 'max_steps': 20000, 'max_zo_forward_steps': 0, 'time': 2585, 'eps': 0.0001}
03/26/2026 02:29:22 - INFO - src.trainer -   {'loss': 1.1034237146377563, 'learning_rate': 1e-06, 'global_step': 19320, 'zo_forward_step': 38642, 'max_steps': 20000, 'max_zo_forward_steps': 0, 'time': 2586, 'eps': 0.0001}
03/26/2026 02:29:23 - INFO - src.trainer -   {'loss': 1.0946171283721924, 'learning_rate': 1e-06, 'global_step': 19330, 'zo_forward_step': 38662, 'max_steps': 20000, 'max_zo_forward_steps': 0, 'time': 2587, 'eps': 0.0001}
03/26/2026 02:29:24 - INFO - src.trainer -   {'loss': 0.6198180913925171, 'learning_rate': 1e-06, 'global_step': 19340, 'zo_forward_step': 38682, 'max_steps': 20000, 'max_zo_forward_steps': 0, 'time': 2589, 'eps': 0.0001}
03/26/2026 02:29:26 - INFO - src.trainer -   {'loss': 1.0983551740646362, 'learning_rate': 1e-06, 'global_step': 19350, 'zo_forward_step': 38702, 'max_steps': 20000, 'max_zo_forward_steps': 0, 'time': 2590, 'eps': 0.0001}
03/26/2026 02:29:27 - INFO - src.trainer -   {'loss': 1.0960350036621094, 'learning_rate': 1e-06, 'global_step': 19360, 'zo_forward_step': 38722, 'max_steps': 20000, 'max_zo_forward_steps': 0, 'time': 2591, 'eps': 0.0001}
03/26/2026 02:29:28 - INFO - src.trainer -   {'loss': 0.6227492094039917, 'learning_rate': 1e-06, 'global_step': 19370, 'zo_forward_step': 38742, 'max_steps': 20000, 'max_zo_forward_steps': 0, 'time': 2592, 'eps': 0.0001}
03/26/2026 02:29:29 - INFO - src.trainer -   {'loss': 1.0735127925872803, 'learning_rate': 1e-06, 'global_step': 19380, 'zo_forward_step': 38762, 'max_steps': 20000, 'max_zo_forward_steps': 0, 'time': 2593, 'eps': 0.0001}
03/26/2026 02:29:30 - INFO - src.trainer -   {'loss': 1.0833430290222168, 'learning_rate': 1e-06, 'global_step': 19390, 'zo_forward_step': 38782, 'max_steps': 20000, 'max_zo_forward_steps': 0, 'time': 2594, 'eps': 0.0001}
1921it [42:51,  1.57s/it]1932it [42:51,  1.07s/it]03/26/2026 02:29:31 - INFO - src.trainer -   {'eval_loss': 1.3154047727584839, 'eval_acc': 0.4625}
03/26/2026 02:29:33 - INFO - src.trainer -   [zo_probe] step=19400 eps=1.000e-04 precision=fp32 n=16 mae=6.172463e-02 rmse=8.322916e-02 sign_acc=1.0000 corr=0.999998
03/26/2026 02:29:34 - INFO - src.trainer -   {'loss': 0.6584067940711975, 'learning_rate': 1e-06, 'global_step': 19400, 'zo_forward_step': 38802, 'max_steps': 20000, 'max_zo_forward_steps': 0, 'time': 2598, 'eps': 0.0001}
03/26/2026 02:29:35 - INFO - src.trainer -   {'loss': 1.064934492111206, 'learning_rate': 1e-06, 'global_step': 19410, 'zo_forward_step': 38822, 'max_steps': 20000, 'max_zo_forward_steps': 0, 'time': 2599, 'eps': 0.0001}
03/26/2026 02:29:36 - INFO - src.trainer -   {'loss': 1.084109902381897, 'learning_rate': 1e-06, 'global_step': 19420, 'zo_forward_step': 38842, 'max_steps': 20000, 'max_zo_forward_steps': 0, 'time': 2600, 'eps': 0.0001}
03/26/2026 02:29:37 - INFO - src.trainer -   {'loss': 0.6610475778579712, 'learning_rate': 1e-06, 'global_step': 19430, 'zo_forward_step': 38862, 'max_steps': 20000, 'max_zo_forward_steps': 0, 'time': 2601, 'eps': 0.0001}
03/26/2026 02:29:38 - INFO - src.trainer -   {'loss': 1.063275933265686, 'learning_rate': 1e-06, 'global_step': 19440, 'zo_forward_step': 38882, 'max_steps': 20000, 'max_zo_forward_steps': 0, 'time': 2602, 'eps': 0.0001}
03/26/2026 02:29:39 - INFO - src.trainer -   {'loss': 1.063446283340454, 'learning_rate': 1e-06, 'global_step': 19450, 'zo_forward_step': 38902, 'max_steps': 20000, 'max_zo_forward_steps': 0, 'time': 2603, 'eps': 0.0001}
03/26/2026 02:29:40 - INFO - src.trainer -   {'loss': 0.6660928726196289, 'learning_rate': 1e-06, 'global_step': 19460, 'zo_forward_step': 38922, 'max_steps': 20000, 'max_zo_forward_steps': 0, 'time': 2604, 'eps': 0.0001}
03/26/2026 02:29:42 - INFO - src.trainer -   {'loss': 1.0796252489089966, 'learning_rate': 1e-06, 'global_step': 19470, 'zo_forward_step': 38942, 'max_steps': 20000, 'max_zo_forward_steps': 0, 'time': 2606, 'eps': 0.0001}
03/26/2026 02:29:43 - INFO - src.trainer -   {'loss': 1.0595018863677979, 'learning_rate': 1e-06, 'global_step': 19480, 'zo_forward_step': 38962, 'max_steps': 20000, 'max_zo_forward_steps': 0, 'time': 2607, 'eps': 0.0001}
03/26/2026 02:29:44 - INFO - src.trainer -   {'loss': 0.6642100811004639, 'learning_rate': 1e-06, 'global_step': 19490, 'zo_forward_step': 38982, 'max_steps': 20000, 'max_zo_forward_steps': 0, 'time': 2608, 'eps': 0.0001}
03/26/2026 02:29:45 - INFO - src.trainer -   {'loss': 1.0664061307907104, 'learning_rate': 1e-06, 'global_step': 19500, 'zo_forward_step': 39002, 'max_steps': 20000, 'max_zo_forward_steps': 0, 'time': 2609, 'eps': 0.0001}
1940it [43:05,  1.07s/it]03/26/2026 02:29:46 - INFO - src.trainer -   {'loss': 1.063673496246338, 'learning_rate': 1e-06, 'global_step': 19510, 'zo_forward_step': 39022, 'max_steps': 20000, 'max_zo_forward_steps': 0, 'time': 2610, 'eps': 0.0001}
03/26/2026 02:29:47 - INFO - src.trainer -   {'loss': 0.656990110874176, 'learning_rate': 1e-06, 'global_step': 19520, 'zo_forward_step': 39042, 'max_steps': 20000, 'max_zo_forward_steps': 0, 'time': 2611, 'eps': 0.0001}
03/26/2026 02:29:49 - INFO - src.trainer -   {'loss': 1.0514253377914429, 'learning_rate': 1e-06, 'global_step': 19530, 'zo_forward_step': 39062, 'max_steps': 20000, 'max_zo_forward_steps': 0, 'time': 2613, 'eps': 0.0001}
03/26/2026 02:29:50 - INFO - src.trainer -   {'loss': 1.063423752784729, 'learning_rate': 1e-06, 'global_step': 19540, 'zo_forward_step': 39082, 'max_steps': 20000, 'max_zo_forward_steps': 0, 'time': 2614, 'eps': 0.0001}
03/26/2026 02:29:51 - INFO - src.trainer -   {'loss': 0.6471507549285889, 'learning_rate': 1e-06, 'global_step': 19550, 'zo_forward_step': 39102, 'max_steps': 20000, 'max_zo_forward_steps': 0, 'time': 2615, 'eps': 0.0001}
03/26/2026 02:29:52 - INFO - src.trainer -   {'loss': 1.090348482131958, 'learning_rate': 1e-06, 'global_step': 19560, 'zo_forward_step': 39122, 'max_steps': 20000, 'max_zo_forward_steps': 0, 'time': 2616, 'eps': 0.0001}
03/26/2026 02:29:53 - INFO - src.trainer -   {'loss': 1.020054817199707, 'learning_rate': 1e-06, 'global_step': 19570, 'zo_forward_step': 39142, 'max_steps': 20000, 'max_zo_forward_steps': 0, 'time': 2617, 'eps': 0.0001}
03/26/2026 02:29:54 - INFO - src.trainer -   {'loss': 0.6596302390098572, 'learning_rate': 1e-06, 'global_step': 19580, 'zo_forward_step': 39162, 'max_steps': 20000, 'max_zo_forward_steps': 0, 'time': 2619, 'eps': 0.0001}
03/26/2026 02:29:56 - INFO - src.trainer -   {'loss': 1.1076059341430664, 'learning_rate': 1e-06, 'global_step': 19590, 'zo_forward_step': 39182, 'max_steps': 20000, 'max_zo_forward_steps': 0, 'time': 2620, 'eps': 0.0001}
1941it [43:16,  1.55s/it]1952it [43:16,  1.05s/it]03/26/2026 02:29:57 - INFO - src.trainer -   {'eval_loss': 1.3125770092010498, 'eval_acc': 0.4375}
03/26/2026 02:30:00 - INFO - src.trainer -   [zo_probe] step=19600 eps=1.000e-04 precision=fp32 n=16 mae=3.408355e-02 rmse=4.303008e-02 sign_acc=1.0000 corr=1.000000
03/26/2026 02:30:00 - INFO - src.trainer -   {'loss': 1.0075916051864624, 'learning_rate': 1e-06, 'global_step': 19600, 'zo_forward_step': 39202, 'max_steps': 20000, 'max_zo_forward_steps': 0, 'time': 2624, 'eps': 0.0001}
03/26/2026 02:30:01 - INFO - src.trainer -   {'loss': 0.6639383435249329, 'learning_rate': 1e-06, 'global_step': 19610, 'zo_forward_step': 39222, 'max_steps': 20000, 'max_zo_forward_steps': 0, 'time': 2625, 'eps': 0.0001}
03/26/2026 02:30:02 - INFO - src.trainer -   {'loss': 1.108985185623169, 'learning_rate': 1e-06, 'global_step': 19620, 'zo_forward_step': 39242, 'max_steps': 20000, 'max_zo_forward_steps': 0, 'time': 2626, 'eps': 0.0001}
03/26/2026 02:30:03 - INFO - src.trainer -   {'loss': 1.0020039081573486, 'learning_rate': 1e-06, 'global_step': 19630, 'zo_forward_step': 39262, 'max_steps': 20000, 'max_zo_forward_steps': 0, 'time': 2627, 'eps': 0.0001}
03/26/2026 02:30:04 - INFO - src.trainer -   {'loss': 0.6340193748474121, 'learning_rate': 1e-06, 'global_step': 19640, 'zo_forward_step': 39282, 'max_steps': 20000, 'max_zo_forward_steps': 0, 'time': 2629, 'eps': 0.0001}
03/26/2026 02:30:06 - INFO - src.trainer -   {'loss': 1.132468342781067, 'learning_rate': 1e-06, 'global_step': 19650, 'zo_forward_step': 39302, 'max_steps': 20000, 'max_zo_forward_steps': 0, 'time': 2630, 'eps': 0.0001}
03/26/2026 02:30:07 - INFO - src.trainer -   {'loss': 0.98518967628479, 'learning_rate': 1e-06, 'global_step': 19660, 'zo_forward_step': 39322, 'max_steps': 20000, 'max_zo_forward_steps': 0, 'time': 2631, 'eps': 0.0001}
03/26/2026 02:30:08 - INFO - src.trainer -   {'loss': 0.64162677526474, 'learning_rate': 1e-06, 'global_step': 19670, 'zo_forward_step': 39342, 'max_steps': 20000, 'max_zo_forward_steps': 0, 'time': 2632, 'eps': 0.0001}
03/26/2026 02:30:09 - INFO - src.trainer -   {'loss': 1.1289292573928833, 'learning_rate': 1e-06, 'global_step': 19680, 'zo_forward_step': 39362, 'max_steps': 20000, 'max_zo_forward_steps': 0, 'time': 2633, 'eps': 0.0001}
03/26/2026 02:30:10 - INFO - src.trainer -   {'loss': 0.9859923720359802, 'learning_rate': 1e-06, 'global_step': 19690, 'zo_forward_step': 39382, 'max_steps': 20000, 'max_zo_forward_steps': 0, 'time': 2634, 'eps': 0.0001}
03/26/2026 02:30:11 - INFO - src.trainer -   {'loss': 0.6434932947158813, 'learning_rate': 1e-06, 'global_step': 19700, 'zo_forward_step': 39402, 'max_steps': 20000, 'max_zo_forward_steps': 0, 'time': 2635, 'eps': 0.0001}
03/26/2026 02:30:13 - INFO - src.trainer -   {'loss': 1.1264221668243408, 'learning_rate': 1e-06, 'global_step': 19710, 'zo_forward_step': 39422, 'max_steps': 20000, 'max_zo_forward_steps': 0, 'time': 2637, 'eps': 0.0001}
03/26/2026 02:30:14 - INFO - src.trainer -   {'loss': 0.9906532764434814, 'learning_rate': 1e-06, 'global_step': 19720, 'zo_forward_step': 39442, 'max_steps': 20000, 'max_zo_forward_steps': 0, 'time': 2638, 'eps': 0.0001}
03/26/2026 02:30:15 - INFO - src.trainer -   {'loss': 0.6289430856704712, 'learning_rate': 1e-06, 'global_step': 19730, 'zo_forward_step': 39462, 'max_steps': 20000, 'max_zo_forward_steps': 0, 'time': 2639, 'eps': 0.0001}
1960it [43:35,  1.05s/it]03/26/2026 02:30:16 - INFO - src.trainer -   {'loss': 1.120362401008606, 'learning_rate': 1e-06, 'global_step': 19740, 'zo_forward_step': 39482, 'max_steps': 20000, 'max_zo_forward_steps': 0, 'time': 2640, 'eps': 0.0001}
03/26/2026 02:30:17 - INFO - src.trainer -   {'loss': 0.9990764260292053, 'learning_rate': 1e-06, 'global_step': 19750, 'zo_forward_step': 39502, 'max_steps': 20000, 'max_zo_forward_steps': 0, 'time': 2641, 'eps': 0.0001}
03/26/2026 02:30:18 - INFO - src.trainer -   {'loss': 0.6223772764205933, 'learning_rate': 1e-06, 'global_step': 19760, 'zo_forward_step': 39522, 'max_steps': 20000, 'max_zo_forward_steps': 0, 'time': 2642, 'eps': 0.0001}
03/26/2026 02:30:19 - INFO - src.trainer -   {'loss': 1.110173225402832, 'learning_rate': 1e-06, 'global_step': 19770, 'zo_forward_step': 39542, 'max_steps': 20000, 'max_zo_forward_steps': 0, 'time': 2644, 'eps': 0.0001}
03/26/2026 02:30:21 - INFO - src.trainer -   {'loss': 1.015316367149353, 'learning_rate': 1e-06, 'global_step': 19780, 'zo_forward_step': 39562, 'max_steps': 20000, 'max_zo_forward_steps': 0, 'time': 2645, 'eps': 0.0001}
03/26/2026 02:30:22 - INFO - src.trainer -   {'loss': 0.6329861879348755, 'learning_rate': 1e-06, 'global_step': 19790, 'zo_forward_step': 39582, 'max_steps': 20000, 'max_zo_forward_steps': 0, 'time': 2646, 'eps': 0.0001}
1961it [43:42,  1.56s/it]1972it [43:42,  1.06s/it]03/26/2026 02:30:23 - INFO - src.trainer -   {'eval_loss': 1.301530122756958, 'eval_acc': 0.45}
03/26/2026 02:30:26 - INFO - src.trainer -   [zo_probe] step=19800 eps=1.000e-04 precision=fp32 n=16 mae=1.091820e-01 rmse=1.419168e-01 sign_acc=1.0000 corr=0.999997
03/26/2026 02:30:26 - INFO - src.trainer -   {'loss': 1.1028022766113281, 'learning_rate': 1e-06, 'global_step': 19800, 'zo_forward_step': 39602, 'max_steps': 20000, 'max_zo_forward_steps': 0, 'time': 2650, 'eps': 0.0001}
03/26/2026 02:30:27 - INFO - src.trainer -   {'loss': 0.9940793514251709, 'learning_rate': 1e-06, 'global_step': 19810, 'zo_forward_step': 39622, 'max_steps': 20000, 'max_zo_forward_steps': 0, 'time': 2651, 'eps': 0.0001}
03/26/2026 02:30:28 - INFO - src.trainer -   {'loss': 0.6535635590553284, 'learning_rate': 1e-06, 'global_step': 19820, 'zo_forward_step': 39642, 'max_steps': 20000, 'max_zo_forward_steps': 0, 'time': 2652, 'eps': 0.0001}
03/26/2026 02:30:29 - INFO - src.trainer -   {'loss': 1.0846136808395386, 'learning_rate': 1e-06, 'global_step': 19830, 'zo_forward_step': 39662, 'max_steps': 20000, 'max_zo_forward_steps': 0, 'time': 2654, 'eps': 0.0001}
03/26/2026 02:30:31 - INFO - src.trainer -   {'loss': 0.9906854629516602, 'learning_rate': 1e-06, 'global_step': 19840, 'zo_forward_step': 39682, 'max_steps': 20000, 'max_zo_forward_steps': 0, 'time': 2655, 'eps': 0.0001}
03/26/2026 02:30:32 - INFO - src.trainer -   {'loss': 0.6649670600891113, 'learning_rate': 1e-06, 'global_step': 19850, 'zo_forward_step': 39702, 'max_steps': 20000, 'max_zo_forward_steps': 0, 'time': 2656, 'eps': 0.0001}
03/26/2026 02:30:33 - INFO - src.trainer -   {'loss': 1.1025028228759766, 'learning_rate': 1e-06, 'global_step': 19860, 'zo_forward_step': 39722, 'max_steps': 20000, 'max_zo_forward_steps': 0, 'time': 2657, 'eps': 0.0001}
03/26/2026 02:30:34 - INFO - src.trainer -   {'loss': 0.9644598960876465, 'learning_rate': 1e-06, 'global_step': 19870, 'zo_forward_step': 39742, 'max_steps': 20000, 'max_zo_forward_steps': 0, 'time': 2658, 'eps': 0.0001}
03/26/2026 02:30:35 - INFO - src.trainer -   {'loss': 0.6649506688117981, 'learning_rate': 1e-06, 'global_step': 19880, 'zo_forward_step': 39762, 'max_steps': 20000, 'max_zo_forward_steps': 0, 'time': 2659, 'eps': 0.0001}
1980it [43:55,  1.06s/it]03/26/2026 02:30:36 - INFO - src.trainer -   {'loss': 1.0971144437789917, 'learning_rate': 1e-06, 'global_step': 19890, 'zo_forward_step': 39782, 'max_steps': 20000, 'max_zo_forward_steps': 0, 'time': 2661, 'eps': 0.0001}
03/26/2026 02:30:38 - INFO - src.trainer -   {'loss': 0.9885843992233276, 'learning_rate': 1e-06, 'global_step': 19900, 'zo_forward_step': 39802, 'max_steps': 20000, 'max_zo_forward_steps': 0, 'time': 2662, 'eps': 0.0001}
03/26/2026 02:30:39 - INFO - src.trainer -   {'loss': 0.6460280418395996, 'learning_rate': 1e-06, 'global_step': 19910, 'zo_forward_step': 39822, 'max_steps': 20000, 'max_zo_forward_steps': 0, 'time': 2663, 'eps': 0.0001}
03/26/2026 02:30:40 - INFO - src.trainer -   {'loss': 1.0705064535140991, 'learning_rate': 1e-06, 'global_step': 19920, 'zo_forward_step': 39842, 'max_steps': 20000, 'max_zo_forward_steps': 0, 'time': 2664, 'eps': 0.0001}
03/26/2026 02:30:44 - INFO - src.trainer -   {'loss': 1.0359987020492554, 'learning_rate': 1e-06, 'global_step': 19930, 'zo_forward_step': 39862, 'max_steps': 20000, 'max_zo_forward_steps': 0, 'time': 2668, 'eps': 0.0001}
03/26/2026 02:30:45 - INFO - src.trainer -   {'loss': 0.6324427127838135, 'learning_rate': 1e-06, 'global_step': 19940, 'zo_forward_step': 39882, 'max_steps': 20000, 'max_zo_forward_steps': 0, 'time': 2669, 'eps': 0.0001}
03/26/2026 02:30:46 - INFO - src.trainer -   {'loss': 1.08024263381958, 'learning_rate': 1e-06, 'global_step': 19950, 'zo_forward_step': 39902, 'max_steps': 20000, 'max_zo_forward_steps': 0, 'time': 2670, 'eps': 0.0001}
03/26/2026 02:30:47 - INFO - src.trainer -   {'loss': 1.0462909936904907, 'learning_rate': 1e-06, 'global_step': 19960, 'zo_forward_step': 39922, 'max_steps': 20000, 'max_zo_forward_steps': 0, 'time': 2671, 'eps': 0.0001}
03/26/2026 02:30:48 - INFO - src.trainer -   {'loss': 0.6392860412597656, 'learning_rate': 1e-06, 'global_step': 19970, 'zo_forward_step': 39942, 'max_steps': 20000, 'max_zo_forward_steps': 0, 'time': 2672, 'eps': 0.0001}
03/26/2026 02:30:49 - INFO - src.trainer -   {'loss': 1.051452875137329, 'learning_rate': 1e-06, 'global_step': 19980, 'zo_forward_step': 39962, 'max_steps': 20000, 'max_zo_forward_steps': 0, 'time': 2674, 'eps': 0.0001}
03/26/2026 02:30:51 - INFO - src.trainer -   {'loss': 1.0468217134475708, 'learning_rate': 1e-06, 'global_step': 19990, 'zo_forward_step': 39982, 'max_steps': 20000, 'max_zo_forward_steps': 0, 'time': 2675, 'eps': 0.0001}
1981it [44:11,  1.64s/it]1992it [44:11,  1.11s/it]03/26/2026 02:30:52 - INFO - src.trainer -   {'eval_loss': 1.303091287612915, 'eval_acc': 0.4375}
03/26/2026 02:30:54 - INFO - src.trainer -   [zo_probe] step=20000 eps=1.000e-04 precision=fp32 n=16 mae=4.544619e-02 rmse=6.426136e-02 sign_acc=1.0000 corr=0.999999
03/26/2026 02:30:54 - INFO - src.trainer -   {'loss': 0.6360275149345398, 'learning_rate': 1e-06, 'global_step': 20000, 'zo_forward_step': 40002, 'max_steps': 20000, 'max_zo_forward_steps': 0, 'time': 2678, 'eps': 0.0001}
03/26/2026 02:30:54 - INFO - src.trainer -   [eval_loss_last5] mean=1.313803e+00 count=5 steps=[19200, 19400, 19600, 19800, 20000]
03/26/2026 02:30:54 - INFO - src.trainer -   

Training completed. Do not forget to share your model on huggingface.co/models =)


03/26/2026 02:30:54 - INFO - __main__ -   *** Validate ***
2003it [44:14,  1.20it/s]2014it [44:14,  1.73it/s]03/26/2026 02:30:55 - INFO - src.trainer -   {'eval_loss': 1.4045908451080322, 'eval_acc': 0.5}
03/26/2026 02:30:55 - INFO - __main__ -   ***** Eval results sst-5 *****
03/26/2026 02:30:55 - INFO - __main__ -     eval_loss = 1.4045908451080322
03/26/2026 02:30:55 - INFO - __main__ -     eval_acc = 0.5
03/26/2026 02:30:55 - INFO - root -   *** Test ***
2023it [44:14,  2.34it/s]2034it [44:14,  3.39it/s]2045it [44:14,  4.86it/s]2056it [44:14,  6.89it/s]2067it [44:15,  9.64it/s]2078it [44:15, 13.31it/s]2089it [44:15, 18.08it/s]2100it [44:15, 24.09it/s]2111it [44:15, 31.36it/s]2122it [44:15, 39.64it/s]2133it [44:15, 48.79it/s]2144it [44:15, 58.01it/s]2155it [44:15, 66.92it/s]2166it [44:16, 74.86it/s]2177it [44:16, 81.77it/s]2188it [44:16, 87.29it/s]2199it [44:16, 91.70it/s]2210it [44:16, 95.04it/s]2221it [44:16, 97.50it/s]2232it [44:16, 99.41it/s]2243it [44:16, 100.66it/s]2254it [44:16, 101.71it/s]2265it [44:17, 102.42it/s]03/26/2026 02:30:57 - INFO - src.trainer -   {'eval_loss': 1.4683679342269897, 'eval_acc': 0.329}
03/26/2026 02:30:57 - INFO - __main__ -   ***** Test results sst-5 *****
03/26/2026 02:30:57 - INFO - __main__ -     eval_loss = 1.4683679342269897
03/26/2026 02:30:57 - INFO - __main__ -     eval_acc = 0.329
03/26/2026 02:30:57 - INFO - __main__ -   ****** Output Dir *******
03/26/2026 02:30:57 - INFO - __main__ -   /home/jy03364/MeZO/medium_models/sh_file/sst5/bs32/h_precision_sweep/result/sst5-bs32-h-precision-sweep/fp32/eps_1e-4/seed13
2270it [44:17,  1.17s/it] 
