SLURM_ARRAY_TASK_ID=10
TASK=sst-5 MODEL=roberta-large K=16
BS=32 LR=1e-6 STEP=20000 EVAL_STEP=200
USE_H=False USE_C=False DATALOADER_SHUFFLE=False
ZO_PROBE_EVERY=200 ZO_PROBE_NUM_SEEDS=16
PRECISIONS=fp32 fp16
SEEDS=13
ARRAY MODE: index=10/26 -> precision=fp32, eps=1e-3, seed=13
>>> Running precision=fp32, eps=1e-3, seed=13
TASK: sst-5
K: 16
Seed: 13
Data seed: 16
BS: 32
LR: 1e-6
EPS: 1e-3
Step: 20000; Eval step: 200
Using adaptive h: False
Dataloader shuffle: False
Grid search tag: seed13-bs32-lr1e-6-eps1e-3-wd0-step20000-evalstep200
Tag: k16-roberta-large-mezo-h-precision-sweep
Result root: /home/jy03364/MeZO/medium_models/sh_file/sst5/bs32/h_precision_sweep/result/sst5-bs32-h-precision-sweep/fp32
Job name: eps_1e-3
Output dir: /home/jy03364/MeZO/medium_models/sh_file/sst5/bs32/h_precision_sweep/result/sst5-bs32-h-precision-sweep/fp32/eps_1e-3/seed13
GPU数量: 1
03/26/2026 03:16:31 - WARNING - __main__ -   Process rank: -1, device: cuda:0, n_gpu: 1, distributed training: False, 16-bits training: False
03/26/2026 03:16:31 - INFO - __main__ -   Training/evaluation parameters DynamicTrainingArguments(
_n_gpu=1,
accelerator_config={'split_batches': False, 'dispatch_batches': None, 'even_batches': True, 'use_seedable_sampler': True, 'non_blocking': False, 'gradient_accumulation_kwargs': None, 'use_configured_state': False},
adafactor=False,
adam_beta1=0.9,
adam_beta2=0.999,
adam_epsilon=1e-08,
adjust_for_init=False,
array_id=-1,
auto_find_batch_size=False,
average_tokens_across_devices=False,
batch_eval_metrics=False,
bf16=False,
bf16_full_eval=False,
binary_classification=False,
change_grad_estimate=False,
data_seed=16,
dataloader_drop_last=False,
dataloader_num_workers=0,
dataloader_persistent_workers=False,
dataloader_pin_memory=True,
dataloader_prefetch_factor=None,
dataloader_shuffle=False,
ddp_backend=None,
ddp_broadcast_buffers=None,
ddp_bucket_cap_mb=None,
ddp_find_unused_parameters=None,
ddp_timeout=1800,
debug=[],
deepspeed=None,
disable_tqdm=False,
do_eval=True,
do_predict=True,
do_train=True,
efficient_zero_order=True,
efficient_zero_order_fp16=False,
eval_accumulation_steps=None,
eval_delay=0,
eval_do_concat_batches=True,
eval_on_start=False,
eval_steps=200.0,
eval_strategy=IntervalStrategy.NO,
eval_use_gather_object=False,
evaluate_during_training=True,
exclude_embeddings=False,
exclude_first_layers=-1,
exclude_head=False,
f0_scaling=1.0,
fix_layers=0,
fp16=False,
fp16_backend=auto,
fp16_full_eval=False,
fp16_opt_level=O1,
from_linearhead=False,
fsdp=[],
fsdp_config={'min_num_params': 0, 'xla': False, 'xla_fsdp_v2': False, 'xla_fsdp_grad_ckpt': False},
fsdp_min_num_params=0,
fsdp_transformer_layer_cls_to_wrap=None,
full_determinism=False,
gradient_accumulation_steps=1,
gradient_checkpointing=False,
gradient_checkpointing_kwargs=None,
greater_is_better=None,
group_by_length=False,
half_precision_backend=auto,
head_tuning=False,
hf_inference_model=False,
hub_always_push=False,
hub_model_id=None,
hub_private_repo=None,
hub_revision=None,
hub_strategy=HubStrategy.EVERY_SAVE,
hub_token=<HUB_TOKEN>,
ignore_data_skip=False,
include_for_metrics=[],
include_inputs_for_metrics=False,
include_num_input_tokens_seen=False,
include_tokens_per_second=False,
jit_mode_eval=False,
kernel_formula=sgd,
kernel_gamma=1.0,
kernel_regularization=0.0,
kernel_solver=logistic,
label_names=None,
label_smoothing_factor=0.0,
layer_wise_optim=False,
learning_rate=1e-06,
length_column_name=length,
liger_kernel_config=None,
load_best_model_at_end=False,
load_kernels=None,
local_rank=-1,
log_file=log-USE_H0-USE_C0,
log_level=passive,
log_level_replica=warning,
log_on_each_node=True,
logging_dir=/home/jy03364/MeZO/medium_models/sh_file/sst5/bs32/h_precision_sweep/result/sst5-bs32-h-precision-sweep/fp32/eps_1e-3/seed13/runs/Mar26_03-16-30_ra7-4,
logging_first_step=False,
logging_nan_inf_filter=True,
logging_steps=10,
logging_strategy=IntervalStrategy.STEPS,
lp_early_stopping=False,
lr_scheduler_kwargs={},
lr_scheduler_type=SchedulerType.CONSTANT,
max_grad_norm=1.0,
max_steps=20000,
max_zo_forward_steps=0,
mc_tol=0.1,
metric_for_best_model=None,
model_id=-1,
mp_parameters=,
neftune_noise_alpha=None,
no_cuda=False,
no_predict=False,
no_reparam=False,
no_train=False,
norm_running_update=False,
num_hvp_vecs=128,
num_prefix=10,
num_train_epochs=3.0,
only_biases=False,
optim=OptimizerNames.ADAMW_TORCH,
optim_args=None,
optim_target_modules=None,
optimize_acc=False,
optimizer=sgd,
optimizer_variant=,
output_dir=/home/jy03364/MeZO/medium_models/sh_file/sst5/bs32/h_precision_sweep/result/sst5-bs32-h-precision-sweep/fp32/eps_1e-3/seed13,
overwrite_kernels=False,
overwrite_output_dir=True,
parallelism_config=None,
past_index=-1,
per_device_eval_batch_size=4,
per_device_train_batch_size=32,
prediction_loss_only=False,
prefix_init_by_real_act=False,
prefix_tuning=False,
prob_as_feature=False,
push_to_hub=False,
push_to_hub_model_id=None,
push_to_hub_organization=None,
push_to_hub_token=<PUSH_TO_HUB_TOKEN>,
random_model_init=False,
ray_scope=last,
recompute_norms=False,
remove_unused_columns=True,
report_to=[],
restore_callback_states_from_checkpoint=False,
resume_from_checkpoint=None,
run_name=None,
save_at_last=False,
save_logit=False,
save_logit_dir=None,
save_on_each_node=False,
save_only_model=False,
save_safetensors=True,
save_steps=500,
save_strategy=SaveStrategy.STEPS,
save_total_limit=None,
scale_lr_with_samples=False,
scale_norm_by_num_params=False,
seed=13,
skip_memory_metrics=True,
sweep=False,
sync_embedding_layers=False,
tf32=None,
tie_emb=False,
torch_compile=False,
torch_compile_backend=None,
torch_compile_mode=None,
torch_empty_cache_steps=None,
torchdynamo=None,
tpu_metrics_debug=False,
tpu_num_cores=None,
trainer=standard,
untie_emb=False,
update_noise_every=1000,
use_adaptive_h=False,
use_c_scale=False,
use_cpu=False,
use_ipex=False,
use_legacy_prediction_loop=False,
use_liger_kernel=False,
use_mps_device=False,
use_zo_grad_est=False,
warmup_ratio=0.0,
warmup_steps=0,
weight_decay=0.0,
zero_order_clip_grad=False,
zero_order_eps=0.001,
zero_order_optim=True,
zero_order_sample=1,
zero_order_sample_scheduler=None,
zero_order_use_trainer_optim=False,
zo_by_layer=False,
zo_probe_every=200,
zo_probe_log_csv=True,
zo_probe_num_seeds=16,
zo_two_point_precision=fp32,
zo_use_true_directional_derivative=False,
zo_variant=None,
)
03/26/2026 03:16:31 - INFO - __main__ -   [zo-config] zo_two_point_precision=fp32 | zero_order_eps=0.001 | zo_use_true_directional_derivative=False
03/26/2026 03:16:31 - INFO - __main__ -   Task name: sst-5, number of labels: 5, output mode: classification
03/26/2026 03:16:31 - WARNING - src.models -   By default for RoBERTa models the input embeddings and the output embeddings are NOT tied!!!!
Some weights of RobertaModelForPromptFinetuning were not initialized from the model checkpoint at roberta-large and are newly initialized: ['classifier.bias', 'classifier.weight', 'lm_head.decoder.weight', 'roberta.pooler.dense.bias', 'roberta.pooler.dense.weight']
You should probably TRAIN this model on a down-stream task to be able to use it for predictions and inference.
03/26/2026 03:16:32 - INFO - src.dataset -   Label 0 to word Ġterrible (6587)
03/26/2026 03:16:32 - INFO - src.dataset -   Label 1 to word Ġbad (1099)
03/26/2026 03:16:32 - INFO - src.dataset -   Label 2 to word Ġokay (8578)
03/26/2026 03:16:32 - INFO - src.dataset -   Label 3 to word Ġgood (205)
03/26/2026 03:16:32 - INFO - src.dataset -   Label 4 to word Ġgreat (372)
03/26/2026 03:16:32 - INFO - src.dataset -   Total num_sample for mode train: 1
03/26/2026 03:16:32 - INFO - src.dataset -   Creating/loading examples from dataset file at data/k-shot-1k-test/sst-5/16-13
03/26/2026 03:16:32 - INFO - src.dataset -   [FewShotDataset] Skip cache in TRAIN mode to avoid OOM on large datasets (e.g., MNLI).
03/26/2026 03:16:32 - INFO - src.dataset -   Creating features from dataset file at data/k-shot-1k-test/sst-5/16-13
03/26/2026 03:16:32 - INFO - src.dataset -   Label 0 to word Ġterrible (6587)
03/26/2026 03:16:32 - INFO - src.dataset -   Label 1 to word Ġbad (1099)
03/26/2026 03:16:32 - INFO - src.dataset -   Label 2 to word Ġokay (8578)
03/26/2026 03:16:32 - INFO - src.dataset -   Label 3 to word Ġgood (205)
03/26/2026 03:16:32 - INFO - src.dataset -   Label 4 to word Ġgreat (372)
03/26/2026 03:16:32 - INFO - src.dataset -   Total num_sample for mode dev: 1
03/26/2026 03:16:32 - INFO - src.dataset -   Creating/loading examples from dataset file at data/k-shot-1k-test/sst-5/16-13
/home/jy03364/MeZO/medium_models/src/dataset.py:363: FutureWarning: You are using `torch.load` with `weights_only=False` (the current default value), which uses the default pickle module implicitly. It is possible to construct malicious pickle data which will execute arbitrary code during unpickling (See https://github.com/pytorch/pytorch/blob/main/SECURITY.md#untrusted-models for more details). In a future release, the default value for `weights_only` will be flipped to `True`. This limits the functions that could be executed during unpickling. Arbitrary objects will no longer be allowed to be loaded via this mode unless they are explicitly allowlisted by the user via `torch.serialization.add_safe_globals`. We recommend you start setting `weights_only=True` for any use case where you don't have full control of the loaded file. Please open an issue on GitHub for any issues related to this experimental feature.
  self.support_examples, self.query_examples = torch.load(cached_features_file)
03/26/2026 03:16:32 - INFO - src.dataset -   Loading features from cached file data/k-shot-1k-test/sst-5/16-13/cached_dev_RobertaTokenizerFast-roberta_128_sst-5 [took 0.001 s]
03/26/2026 03:16:32 - INFO - src.dataset -   *** Example ***
03/26/2026 03:16:32 - INFO - src.dataset -   guid: dev-0
03/26/2026 03:16:32 - INFO - src.dataset -   features: OurInputFeatures(input_ids=[0, 8467, 22805, 10200, 2156, 19, 14353, 27456, 2156, 7, 489, 5, 31823, 9, 21927, 3512, 444, 1755, 8, 1925, 12, 438, 6831, 1527, 284, 10603, 15, 65, 40764, 479, 85, 21, 50264, 4, 2], attention_mask=[1, 1, 1, 1, 1, 1, 1, 1, 1, 1, 1, 1, 1, 1, 1, 1, 1, 1, 1, 1, 1, 1, 1, 1, 1, 1, 1, 1, 1, 1, 1, 1, 1, 1, 1], token_type_ids=None, label=3, mask_pos=[32], label_word_list=None, sfc_input_ids=None, sfc_attention_mask=None, sfc_mask_pos=None)
03/26/2026 03:16:32 - INFO - src.dataset -   text: <s>khouri manages , with terrific flair , to keep the extremes of screwball farce and blood-curdling family intensity on one continuum . It was<mask>.</s>
03/26/2026 03:16:32 - INFO - src.dataset -   Label 0 to word Ġterrible (6587)
03/26/2026 03:16:32 - INFO - src.dataset -   Label 1 to word Ġbad (1099)
03/26/2026 03:16:32 - INFO - src.dataset -   Label 2 to word Ġokay (8578)
03/26/2026 03:16:32 - INFO - src.dataset -   Label 3 to word Ġgood (205)
03/26/2026 03:16:32 - INFO - src.dataset -   Label 4 to word Ġgreat (372)
03/26/2026 03:16:32 - INFO - src.dataset -   Total num_sample for mode test: 1
03/26/2026 03:16:32 - INFO - src.dataset -   Creating/loading examples from dataset file at data/k-shot-1k-test/sst-5/16-13
03/26/2026 03:16:32 - INFO - src.dataset -   Loading features from cached file data/k-shot-1k-test/sst-5/16-13/cached_test_RobertaTokenizerFast-roberta_128_sst-5 [took 0.002 s]
03/26/2026 03:16:32 - INFO - src.dataset -   *** Example ***
03/26/2026 03:16:32 - INFO - src.dataset -   guid: test-0
03/26/2026 03:16:32 - INFO - src.dataset -   features: OurInputFeatures(input_ids=[0, 281, 41, 2701, 2156, 5, 3152, 16, 34155, 1440, 479, 85, 21, 50264, 4, 2], attention_mask=[1, 1, 1, 1, 1, 1, 1, 1, 1, 1, 1, 1, 1, 1, 1, 1], token_type_ids=None, label=1, mask_pos=[13], label_word_list=None, sfc_input_ids=None, sfc_attention_mask=None, sfc_mask_pos=None)
03/26/2026 03:16:32 - INFO - src.dataset -   text: <s>as an actor , the rock is aptly named . It was<mask>.</s>
03/26/2026 03:16:32 - INFO - src.trainer -   [dataloader][debug] self class=Trainer, get_train_dataloader=<bound method Trainer.get_train_dataloader of <src.trainer.Trainer object at 0x14a2148b1ac0>>
03/26/2026 03:16:32 - INFO - src.trainer -   [dataloader][override] Trainer.get_train_dataloader active. shuffle_raw=False type=bool -> shuffle=False; data_seed=16 seed=13 local_rank=-1
03/26/2026 03:16:32 - INFO - src.trainer -   [dataloader][override] selected sampler=SequentialSampler
03/26/2026 03:16:32 - INFO - src.trainer -   [dataloader] sampler=SequentialSampler, batch_sampler=BatchSampler
03/26/2026 03:16:32 - INFO - src.trainer -   [dataloader] training uses SequentialSampler (no shuffle).
03/26/2026 03:16:32 - INFO - src.trainer -   [dataloader] args.dataloader_shuffle=False
03/26/2026 03:16:32 - INFO - src.trainer -   [dataloader] args.data_seed=16 args.seed=13
03/26/2026 03:16:32 - INFO - src.trainer -   ***** Running training *****
03/26/2026 03:16:32 - INFO - src.trainer -     Num examples = 80
03/26/2026 03:16:32 - INFO - src.trainer -     Num Epochs = 6667
03/26/2026 03:16:32 - INFO - src.trainer -     Instantaneous batch size per device = 32
03/26/2026 03:16:32 - INFO - src.trainer -     Total train batch size (w. parallel, distributed & accumulation) = 32
03/26/2026 03:16:32 - INFO - src.trainer -     Gradient Accumulation steps = 1
03/26/2026 03:16:32 - INFO - src.trainer -     Total optimization steps = 20000
03/26/2026 03:16:32 - INFO - src.trainer -   [zo-config] zo_two_point_precision=fp32 | zero_order_eps=0.001 | zo_use_true_directional_derivative=False
03/26/2026 03:16:32 - INFO - src.trainer -   [zo_probe] enabled: every=200, num_seeds=16, csv=/home/jy03364/MeZO/medium_models/sh_file/sst5/bs32/h_precision_sweep/result/sst5-bs32-h-precision-sweep/fp32/eps_1e-3/seed13/zo_directional_probe.csv
You're using a RobertaTokenizerFast tokenizer. Please note that with a fast tokenizer, using the `__call__` method is faster than using a method to encode the text followed by a call to the `pad` method to get a padded encoding.
03/26/2026 03:16:32 - INFO - src.trainer -   {'loss': 1.619352102279663, 'learning_rate': 1e-06, 'global_step': 0, 'zo_forward_step': 2, 'max_steps': 20000, 'max_zo_forward_steps': 0, 'time': 0, 'eps': 0.001}
03/26/2026 03:16:34 - INFO - src.trainer -   {'loss': 1.899959683418274, 'learning_rate': 1e-06, 'global_step': 10, 'zo_forward_step': 22, 'max_steps': 20000, 'max_zo_forward_steps': 0, 'time': 1, 'eps': 0.001}
03/26/2026 03:16:35 - INFO - src.trainer -   {'loss': 1.2916749715805054, 'learning_rate': 1e-06, 'global_step': 20, 'zo_forward_step': 42, 'max_steps': 20000, 'max_zo_forward_steps': 0, 'time': 2, 'eps': 0.001}
03/26/2026 03:16:36 - INFO - src.trainer -   {'loss': 1.6974502801895142, 'learning_rate': 1e-06, 'global_step': 30, 'zo_forward_step': 62, 'max_steps': 20000, 'max_zo_forward_steps': 0, 'time': 3, 'eps': 0.001}
03/26/2026 03:16:37 - INFO - src.trainer -   {'loss': 1.9035568237304688, 'learning_rate': 1e-06, 'global_step': 40, 'zo_forward_step': 82, 'max_steps': 20000, 'max_zo_forward_steps': 0, 'time': 4, 'eps': 0.001}
03/26/2026 03:16:38 - INFO - src.trainer -   {'loss': 1.480865478515625, 'learning_rate': 1e-06, 'global_step': 50, 'zo_forward_step': 102, 'max_steps': 20000, 'max_zo_forward_steps': 0, 'time': 5, 'eps': 0.001}
03/26/2026 03:16:39 - INFO - src.trainer -   {'loss': 1.6490674018859863, 'learning_rate': 1e-06, 'global_step': 60, 'zo_forward_step': 122, 'max_steps': 20000, 'max_zo_forward_steps': 0, 'time': 6, 'eps': 0.001}
03/26/2026 03:16:40 - INFO - src.trainer -   {'loss': 1.8574665784835815, 'learning_rate': 1e-06, 'global_step': 70, 'zo_forward_step': 142, 'max_steps': 20000, 'max_zo_forward_steps': 0, 'time': 8, 'eps': 0.001}
03/26/2026 03:16:42 - INFO - src.trainer -   {'loss': 1.4282149076461792, 'learning_rate': 1e-06, 'global_step': 80, 'zo_forward_step': 162, 'max_steps': 20000, 'max_zo_forward_steps': 0, 'time': 9, 'eps': 0.001}
03/26/2026 03:16:43 - INFO - src.trainer -   {'loss': 1.6636600494384766, 'learning_rate': 1e-06, 'global_step': 90, 'zo_forward_step': 182, 'max_steps': 20000, 'max_zo_forward_steps': 0, 'time': 10, 'eps': 0.001}
03/26/2026 03:16:44 - INFO - src.trainer -   {'loss': 1.8401023149490356, 'learning_rate': 1e-06, 'global_step': 100, 'zo_forward_step': 202, 'max_steps': 20000, 'max_zo_forward_steps': 0, 'time': 11, 'eps': 0.001}
03/26/2026 03:16:45 - INFO - src.trainer -   {'loss': 1.2791881561279297, 'learning_rate': 1e-06, 'global_step': 110, 'zo_forward_step': 222, 'max_steps': 20000, 'max_zo_forward_steps': 0, 'time': 12, 'eps': 0.001}
03/26/2026 03:16:46 - INFO - src.trainer -   {'loss': 1.5944346189498901, 'learning_rate': 1e-06, 'global_step': 120, 'zo_forward_step': 242, 'max_steps': 20000, 'max_zo_forward_steps': 0, 'time': 13, 'eps': 0.001}
03/26/2026 03:16:47 - INFO - src.trainer -   {'loss': 1.9395874738693237, 'learning_rate': 1e-06, 'global_step': 130, 'zo_forward_step': 262, 'max_steps': 20000, 'max_zo_forward_steps': 0, 'time': 15, 'eps': 0.001}
03/26/2026 03:16:49 - INFO - src.trainer -   {'loss': 1.3784799575805664, 'learning_rate': 1e-06, 'global_step': 140, 'zo_forward_step': 282, 'max_steps': 20000, 'max_zo_forward_steps': 0, 'time': 16, 'eps': 0.001}
03/26/2026 03:16:50 - INFO - src.trainer -   {'loss': 1.6293998956680298, 'learning_rate': 1e-06, 'global_step': 150, 'zo_forward_step': 302, 'max_steps': 20000, 'max_zo_forward_steps': 0, 'time': 17, 'eps': 0.001}
03/26/2026 03:16:51 - INFO - src.trainer -   {'loss': 1.9060266017913818, 'learning_rate': 1e-06, 'global_step': 160, 'zo_forward_step': 322, 'max_steps': 20000, 'max_zo_forward_steps': 0, 'time': 18, 'eps': 0.001}
03/26/2026 03:16:52 - INFO - src.trainer -   {'loss': 1.3278834819793701, 'learning_rate': 1e-06, 'global_step': 170, 'zo_forward_step': 342, 'max_steps': 20000, 'max_zo_forward_steps': 0, 'time': 19, 'eps': 0.001}
03/26/2026 03:16:53 - INFO - src.trainer -   {'loss': 1.677114725112915, 'learning_rate': 1e-06, 'global_step': 180, 'zo_forward_step': 362, 'max_steps': 20000, 'max_zo_forward_steps': 0, 'time': 21, 'eps': 0.001}
03/26/2026 03:16:54 - INFO - src.trainer -   {'loss': 1.9307434558868408, 'learning_rate': 1e-06, 'global_step': 190, 'zo_forward_step': 382, 'max_steps': 20000, 'max_zo_forward_steps': 0, 'time': 22, 'eps': 0.001}
/home/jy03364/.conda/envs/ciao/lib/python3.12/site-packages/transformers/trainer_pt_utils.py:476: FutureWarning: DistributedTensorGatherer is deprecated and will be removed in v5 of Transformers.
  warnings.warn(
RobertaConfig {
  "architectures": [
    "RobertaForMaskedLM"
  ],
  "attention_probs_dropout_prob": 0.1,
  "bos_token_id": 0,
  "classifier_dropout": null,
  "dtype": "float32",
  "eos_token_id": 2,
  "finetuning_task": "sst-5",
  "hidden_act": "gelu",
  "hidden_dropout_prob": 0.1,
  "hidden_size": 1024,
  "id2label": {
    "0": "LABEL_0",
    "1": "LABEL_1",
    "2": "LABEL_2",
    "3": "LABEL_3",
    "4": "LABEL_4"
  },
  "initializer_range": 0.02,
  "intermediate_size": 4096,
  "label2id": {
    "LABEL_0": 0,
    "LABEL_1": 1,
    "LABEL_2": 2,
    "LABEL_3": 3,
    "LABEL_4": 4
  },
  "layer_norm_eps": 1e-05,
  "max_position_embeddings": 514,
  "model_type": "roberta",
  "num_attention_heads": 16,
  "num_hidden_layers": 24,
  "pad_token_id": 1,
  "position_embedding_type": "absolute",
  "transformers_version": "4.56.0",
  "type_vocab_size": 1,
  "use_cache": true,
  "vocab_size": 50265
}

  0%|          | 0/20 [00:00<?, ?it/s] 60%|██████    | 12/20 [00:00<00:00, 112.02it/s]03/26/2026 03:16:56 - INFO - src.trainer -   {'eval_loss': 1.6944243907928467, 'eval_acc': 0.1875}
03/26/2026 03:16:56 - INFO - src.trainer -   Best dev result: 0.1875
03/26/2026 03:16:58 - INFO - src.trainer -   [zo_probe] step=200 eps=1.000e-03 precision=fp32 n=16 mae=7.242786e-01 rmse=9.068810e-01 sign_acc=1.0000 corr=0.999897
03/26/2026 03:16:58 - INFO - src.trainer -   {'loss': 1.3806102275848389, 'learning_rate': 1e-06, 'global_step': 200, 'zo_forward_step': 402, 'max_steps': 20000, 'max_zo_forward_steps': 0, 'time': 26, 'eps': 0.001}
03/26/2026 03:16:59 - INFO - src.trainer -   {'loss': 1.6297742128372192, 'learning_rate': 1e-06, 'global_step': 210, 'zo_forward_step': 422, 'max_steps': 20000, 'max_zo_forward_steps': 0, 'time': 27, 'eps': 0.001}
03/26/2026 03:17:01 - INFO - src.trainer -   {'loss': 1.8754782676696777, 'learning_rate': 1e-06, 'global_step': 220, 'zo_forward_step': 442, 'max_steps': 20000, 'max_zo_forward_steps': 0, 'time': 28, 'eps': 0.001}
03/26/2026 03:17:02 - INFO - src.trainer -   {'loss': 1.2486660480499268, 'learning_rate': 1e-06, 'global_step': 230, 'zo_forward_step': 462, 'max_steps': 20000, 'max_zo_forward_steps': 0, 'time': 29, 'eps': 0.001}
03/26/2026 03:17:03 - INFO - src.trainer -   {'loss': 1.65912663936615, 'learning_rate': 1e-06, 'global_step': 240, 'zo_forward_step': 482, 'max_steps': 20000, 'max_zo_forward_steps': 0, 'time': 30, 'eps': 0.001}
03/26/2026 03:17:04 - INFO - src.trainer -   {'loss': 1.8252859115600586, 'learning_rate': 1e-06, 'global_step': 250, 'zo_forward_step': 502, 'max_steps': 20000, 'max_zo_forward_steps': 0, 'time': 31, 'eps': 0.001}
03/26/2026 03:17:05 - INFO - src.trainer -   {'loss': 1.3053257465362549, 'learning_rate': 1e-06, 'global_step': 260, 'zo_forward_step': 522, 'max_steps': 20000, 'max_zo_forward_steps': 0, 'time': 32, 'eps': 0.001}
03/26/2026 03:17:06 - INFO - src.trainer -   {'loss': 1.6888384819030762, 'learning_rate': 1e-06, 'global_step': 270, 'zo_forward_step': 542, 'max_steps': 20000, 'max_zo_forward_steps': 0, 'time': 33, 'eps': 0.001}
03/26/2026 03:17:07 - INFO - src.trainer -   {'loss': 1.877972960472107, 'learning_rate': 1e-06, 'global_step': 280, 'zo_forward_step': 562, 'max_steps': 20000, 'max_zo_forward_steps': 0, 'time': 35, 'eps': 0.001}
03/26/2026 03:17:08 - INFO - src.trainer -   {'loss': 1.3030177354812622, 'learning_rate': 1e-06, 'global_step': 290, 'zo_forward_step': 582, 'max_steps': 20000, 'max_zo_forward_steps': 0, 'time': 36, 'eps': 0.001}
03/26/2026 03:17:10 - INFO - src.trainer -   {'loss': 1.6726313829421997, 'learning_rate': 1e-06, 'global_step': 300, 'zo_forward_step': 602, 'max_steps': 20000, 'max_zo_forward_steps': 0, 'time': 37, 'eps': 0.001}
03/26/2026 03:17:11 - INFO - src.trainer -   {'loss': 1.9369704723358154, 'learning_rate': 1e-06, 'global_step': 310, 'zo_forward_step': 622, 'max_steps': 20000, 'max_zo_forward_steps': 0, 'time': 38, 'eps': 0.001}
03/26/2026 03:17:12 - INFO - src.trainer -   {'loss': 1.2960454225540161, 'learning_rate': 1e-06, 'global_step': 320, 'zo_forward_step': 642, 'max_steps': 20000, 'max_zo_forward_steps': 0, 'time': 39, 'eps': 0.001}
100%|██████████| 20/20 [00:16<00:00, 112.02it/s]03/26/2026 03:17:13 - INFO - src.trainer -   {'loss': 1.6333606243133545, 'learning_rate': 1e-06, 'global_step': 330, 'zo_forward_step': 662, 'max_steps': 20000, 'max_zo_forward_steps': 0, 'time': 40, 'eps': 0.001}
03/26/2026 03:17:16 - INFO - src.trainer -   {'loss': 1.860554814338684, 'learning_rate': 1e-06, 'global_step': 340, 'zo_forward_step': 682, 'max_steps': 20000, 'max_zo_forward_steps': 0, 'time': 43, 'eps': 0.001}
03/26/2026 03:17:17 - INFO - src.trainer -   {'loss': 1.2394448518753052, 'learning_rate': 1e-06, 'global_step': 350, 'zo_forward_step': 702, 'max_steps': 20000, 'max_zo_forward_steps': 0, 'time': 44, 'eps': 0.001}
03/26/2026 03:17:18 - INFO - src.trainer -   {'loss': 1.6650390625, 'learning_rate': 1e-06, 'global_step': 360, 'zo_forward_step': 722, 'max_steps': 20000, 'max_zo_forward_steps': 0, 'time': 45, 'eps': 0.001}
03/26/2026 03:17:19 - INFO - src.trainer -   {'loss': 1.8283586502075195, 'learning_rate': 1e-06, 'global_step': 370, 'zo_forward_step': 742, 'max_steps': 20000, 'max_zo_forward_steps': 0, 'time': 47, 'eps': 0.001}
03/26/2026 03:17:20 - INFO - src.trainer -   {'loss': 1.321479320526123, 'learning_rate': 1e-06, 'global_step': 380, 'zo_forward_step': 762, 'max_steps': 20000, 'max_zo_forward_steps': 0, 'time': 48, 'eps': 0.001}
03/26/2026 03:17:22 - INFO - src.trainer -   {'loss': 1.652893304824829, 'learning_rate': 1e-06, 'global_step': 390, 'zo_forward_step': 782, 'max_steps': 20000, 'max_zo_forward_steps': 0, 'time': 49, 'eps': 0.001}
21it [00:27,  1.55s/it]                         32it [00:27,  1.22it/s]03/26/2026 03:17:23 - INFO - src.trainer -   {'eval_loss': 1.6899497509002686, 'eval_acc': 0.2}
03/26/2026 03:17:23 - INFO - src.trainer -   Best dev result: 0.2
03/26/2026 03:17:26 - INFO - src.trainer -   [zo_probe] step=400 eps=1.000e-03 precision=fp32 n=16 mae=9.946602e-01 rmse=1.201401e+00 sign_acc=0.9375 corr=0.999541
03/26/2026 03:17:26 - INFO - src.trainer -   {'loss': 1.8738396167755127, 'learning_rate': 1e-06, 'global_step': 400, 'zo_forward_step': 802, 'max_steps': 20000, 'max_zo_forward_steps': 0, 'time': 54, 'eps': 0.001}
03/26/2026 03:17:27 - INFO - src.trainer -   {'loss': 1.2640926837921143, 'learning_rate': 1e-06, 'global_step': 410, 'zo_forward_step': 822, 'max_steps': 20000, 'max_zo_forward_steps': 0, 'time': 55, 'eps': 0.001}
03/26/2026 03:17:28 - INFO - src.trainer -   {'loss': 1.6848578453063965, 'learning_rate': 1e-06, 'global_step': 420, 'zo_forward_step': 842, 'max_steps': 20000, 'max_zo_forward_steps': 0, 'time': 56, 'eps': 0.001}
03/26/2026 03:17:30 - INFO - src.trainer -   {'loss': 1.8400417566299438, 'learning_rate': 1e-06, 'global_step': 430, 'zo_forward_step': 862, 'max_steps': 20000, 'max_zo_forward_steps': 0, 'time': 57, 'eps': 0.001}
03/26/2026 03:17:31 - INFO - src.trainer -   {'loss': 1.3038043975830078, 'learning_rate': 1e-06, 'global_step': 440, 'zo_forward_step': 882, 'max_steps': 20000, 'max_zo_forward_steps': 0, 'time': 58, 'eps': 0.001}
03/26/2026 03:17:32 - INFO - src.trainer -   {'loss': 1.6471107006072998, 'learning_rate': 1e-06, 'global_step': 450, 'zo_forward_step': 902, 'max_steps': 20000, 'max_zo_forward_steps': 0, 'time': 59, 'eps': 0.001}
03/26/2026 03:17:33 - INFO - src.trainer -   {'loss': 1.8204938173294067, 'learning_rate': 1e-06, 'global_step': 460, 'zo_forward_step': 922, 'max_steps': 20000, 'max_zo_forward_steps': 0, 'time': 60, 'eps': 0.001}
03/26/2026 03:17:34 - INFO - src.trainer -   {'loss': 1.2616255283355713, 'learning_rate': 1e-06, 'global_step': 470, 'zo_forward_step': 942, 'max_steps': 20000, 'max_zo_forward_steps': 0, 'time': 61, 'eps': 0.001}
03/26/2026 03:17:35 - INFO - src.trainer -   {'loss': 1.6919035911560059, 'learning_rate': 1e-06, 'global_step': 480, 'zo_forward_step': 962, 'max_steps': 20000, 'max_zo_forward_steps': 0, 'time': 63, 'eps': 0.001}
03/26/2026 03:17:36 - INFO - src.trainer -   {'loss': 1.9259475469589233, 'learning_rate': 1e-06, 'global_step': 490, 'zo_forward_step': 982, 'max_steps': 20000, 'max_zo_forward_steps': 0, 'time': 64, 'eps': 0.001}
03/26/2026 03:17:38 - INFO - src.trainer -   {'loss': 1.257425308227539, 'learning_rate': 1e-06, 'global_step': 500, 'zo_forward_step': 1002, 'max_steps': 20000, 'max_zo_forward_steps': 0, 'time': 65, 'eps': 0.001}
03/26/2026 03:17:39 - INFO - src.trainer -   {'loss': 1.732640027999878, 'learning_rate': 1e-06, 'global_step': 510, 'zo_forward_step': 1022, 'max_steps': 20000, 'max_zo_forward_steps': 0, 'time': 66, 'eps': 0.001}
03/26/2026 03:17:40 - INFO - src.trainer -   {'loss': 1.8634508848190308, 'learning_rate': 1e-06, 'global_step': 520, 'zo_forward_step': 1042, 'max_steps': 20000, 'max_zo_forward_steps': 0, 'time': 67, 'eps': 0.001}
03/26/2026 03:17:41 - INFO - src.trainer -   {'loss': 1.2451568841934204, 'learning_rate': 1e-06, 'global_step': 530, 'zo_forward_step': 1062, 'max_steps': 20000, 'max_zo_forward_steps': 0, 'time': 68, 'eps': 0.001}
40it [00:46,  1.22it/s]03/26/2026 03:17:42 - INFO - src.trainer -   {'loss': 1.6761871576309204, 'learning_rate': 1e-06, 'global_step': 540, 'zo_forward_step': 1082, 'max_steps': 20000, 'max_zo_forward_steps': 0, 'time': 70, 'eps': 0.001}
03/26/2026 03:17:43 - INFO - src.trainer -   {'loss': 1.8997896909713745, 'learning_rate': 1e-06, 'global_step': 550, 'zo_forward_step': 1102, 'max_steps': 20000, 'max_zo_forward_steps': 0, 'time': 71, 'eps': 0.001}
03/26/2026 03:17:45 - INFO - src.trainer -   {'loss': 1.3343173265457153, 'learning_rate': 1e-06, 'global_step': 560, 'zo_forward_step': 1122, 'max_steps': 20000, 'max_zo_forward_steps': 0, 'time': 72, 'eps': 0.001}
03/26/2026 03:17:46 - INFO - src.trainer -   {'loss': 1.6268372535705566, 'learning_rate': 1e-06, 'global_step': 570, 'zo_forward_step': 1142, 'max_steps': 20000, 'max_zo_forward_steps': 0, 'time': 73, 'eps': 0.001}
03/26/2026 03:17:47 - INFO - src.trainer -   {'loss': 1.9193497896194458, 'learning_rate': 1e-06, 'global_step': 580, 'zo_forward_step': 1162, 'max_steps': 20000, 'max_zo_forward_steps': 0, 'time': 74, 'eps': 0.001}
03/26/2026 03:17:48 - INFO - src.trainer -   {'loss': 1.2658119201660156, 'learning_rate': 1e-06, 'global_step': 590, 'zo_forward_step': 1182, 'max_steps': 20000, 'max_zo_forward_steps': 0, 'time': 75, 'eps': 0.001}
41it [00:53,  1.58s/it]52it [00:53,  1.03it/s]03/26/2026 03:17:49 - INFO - src.trainer -   {'eval_loss': 1.684899926185608, 'eval_acc': 0.1875}
03/26/2026 03:17:52 - INFO - src.trainer -   [zo_probe] step=600 eps=1.000e-03 precision=fp32 n=16 mae=5.512937e+00 rmse=6.969656e+00 sign_acc=0.9375 corr=0.969524
03/26/2026 03:17:52 - INFO - src.trainer -   {'loss': 1.6980774402618408, 'learning_rate': 1e-06, 'global_step': 600, 'zo_forward_step': 1202, 'max_steps': 20000, 'max_zo_forward_steps': 0, 'time': 80, 'eps': 0.001}
03/26/2026 03:17:53 - INFO - src.trainer -   {'loss': 1.9058293104171753, 'learning_rate': 1e-06, 'global_step': 610, 'zo_forward_step': 1222, 'max_steps': 20000, 'max_zo_forward_steps': 0, 'time': 81, 'eps': 0.001}
03/26/2026 03:17:55 - INFO - src.trainer -   {'loss': 1.3459464311599731, 'learning_rate': 1e-06, 'global_step': 620, 'zo_forward_step': 1242, 'max_steps': 20000, 'max_zo_forward_steps': 0, 'time': 82, 'eps': 0.001}
03/26/2026 03:17:56 - INFO - src.trainer -   {'loss': 1.6699998378753662, 'learning_rate': 1e-06, 'global_step': 630, 'zo_forward_step': 1262, 'max_steps': 20000, 'max_zo_forward_steps': 0, 'time': 83, 'eps': 0.001}
03/26/2026 03:17:57 - INFO - src.trainer -   {'loss': 1.8189959526062012, 'learning_rate': 1e-06, 'global_step': 640, 'zo_forward_step': 1282, 'max_steps': 20000, 'max_zo_forward_steps': 0, 'time': 84, 'eps': 0.001}
03/26/2026 03:17:58 - INFO - src.trainer -   {'loss': 1.1740045547485352, 'learning_rate': 1e-06, 'global_step': 650, 'zo_forward_step': 1302, 'max_steps': 20000, 'max_zo_forward_steps': 0, 'time': 85, 'eps': 0.001}
03/26/2026 03:17:59 - INFO - src.trainer -   {'loss': 1.7152353525161743, 'learning_rate': 1e-06, 'global_step': 660, 'zo_forward_step': 1322, 'max_steps': 20000, 'max_zo_forward_steps': 0, 'time': 87, 'eps': 0.001}
03/26/2026 03:18:00 - INFO - src.trainer -   {'loss': 1.828405499458313, 'learning_rate': 1e-06, 'global_step': 670, 'zo_forward_step': 1342, 'max_steps': 20000, 'max_zo_forward_steps': 0, 'time': 88, 'eps': 0.001}
03/26/2026 03:18:02 - INFO - src.trainer -   {'loss': 1.1894112825393677, 'learning_rate': 1e-06, 'global_step': 680, 'zo_forward_step': 1362, 'max_steps': 20000, 'max_zo_forward_steps': 0, 'time': 89, 'eps': 0.001}
60it [01:06,  1.03it/s]03/26/2026 03:18:03 - INFO - src.trainer -   {'loss': 1.6527212858200073, 'learning_rate': 1e-06, 'global_step': 690, 'zo_forward_step': 1382, 'max_steps': 20000, 'max_zo_forward_steps': 0, 'time': 90, 'eps': 0.001}
03/26/2026 03:18:04 - INFO - src.trainer -   {'loss': 1.8166289329528809, 'learning_rate': 1e-06, 'global_step': 700, 'zo_forward_step': 1402, 'max_steps': 20000, 'max_zo_forward_steps': 0, 'time': 91, 'eps': 0.001}
03/26/2026 03:18:05 - INFO - src.trainer -   {'loss': 1.2058827877044678, 'learning_rate': 1e-06, 'global_step': 710, 'zo_forward_step': 1422, 'max_steps': 20000, 'max_zo_forward_steps': 0, 'time': 92, 'eps': 0.001}
03/26/2026 03:18:06 - INFO - src.trainer -   {'loss': 1.7473801374435425, 'learning_rate': 1e-06, 'global_step': 720, 'zo_forward_step': 1442, 'max_steps': 20000, 'max_zo_forward_steps': 0, 'time': 93, 'eps': 0.001}
03/26/2026 03:18:07 - INFO - src.trainer -   {'loss': 1.8096811771392822, 'learning_rate': 1e-06, 'global_step': 730, 'zo_forward_step': 1462, 'max_steps': 20000, 'max_zo_forward_steps': 0, 'time': 95, 'eps': 0.001}
03/26/2026 03:18:08 - INFO - src.trainer -   {'loss': 1.129044771194458, 'learning_rate': 1e-06, 'global_step': 740, 'zo_forward_step': 1482, 'max_steps': 20000, 'max_zo_forward_steps': 0, 'time': 96, 'eps': 0.001}
03/26/2026 03:18:09 - INFO - src.trainer -   {'loss': 1.7239439487457275, 'learning_rate': 1e-06, 'global_step': 750, 'zo_forward_step': 1502, 'max_steps': 20000, 'max_zo_forward_steps': 0, 'time': 97, 'eps': 0.001}
03/26/2026 03:18:13 - INFO - src.trainer -   {'loss': 1.779727816581726, 'learning_rate': 1e-06, 'global_step': 760, 'zo_forward_step': 1522, 'max_steps': 20000, 'max_zo_forward_steps': 0, 'time': 100, 'eps': 0.001}
03/26/2026 03:18:14 - INFO - src.trainer -   {'loss': 1.1510120630264282, 'learning_rate': 1e-06, 'global_step': 770, 'zo_forward_step': 1542, 'max_steps': 20000, 'max_zo_forward_steps': 0, 'time': 101, 'eps': 0.001}
03/26/2026 03:18:15 - INFO - src.trainer -   {'loss': 1.7283655405044556, 'learning_rate': 1e-06, 'global_step': 780, 'zo_forward_step': 1562, 'max_steps': 20000, 'max_zo_forward_steps': 0, 'time': 102, 'eps': 0.001}
03/26/2026 03:18:16 - INFO - src.trainer -   {'loss': 1.8811620473861694, 'learning_rate': 1e-06, 'global_step': 790, 'zo_forward_step': 1582, 'max_steps': 20000, 'max_zo_forward_steps': 0, 'time': 104, 'eps': 0.001}
61it [01:21,  1.64s/it]72it [01:21,  1.07s/it]03/26/2026 03:18:17 - INFO - src.trainer -   {'eval_loss': 1.6773145198822021, 'eval_acc': 0.2}
03/26/2026 03:18:19 - INFO - src.trainer -   [zo_probe] step=800 eps=1.000e-03 precision=fp32 n=16 mae=1.540688e+00 rmse=1.776283e+00 sign_acc=1.0000 corr=0.999323
03/26/2026 03:18:20 - INFO - src.trainer -   {'loss': 1.1130110025405884, 'learning_rate': 1e-06, 'global_step': 800, 'zo_forward_step': 1602, 'max_steps': 20000, 'max_zo_forward_steps': 0, 'time': 107, 'eps': 0.001}
03/26/2026 03:18:21 - INFO - src.trainer -   {'loss': 1.70003342628479, 'learning_rate': 1e-06, 'global_step': 810, 'zo_forward_step': 1622, 'max_steps': 20000, 'max_zo_forward_steps': 0, 'time': 108, 'eps': 0.001}
03/26/2026 03:18:22 - INFO - src.trainer -   {'loss': 1.7914611101150513, 'learning_rate': 1e-06, 'global_step': 820, 'zo_forward_step': 1642, 'max_steps': 20000, 'max_zo_forward_steps': 0, 'time': 109, 'eps': 0.001}
03/26/2026 03:18:23 - INFO - src.trainer -   {'loss': 1.1991515159606934, 'learning_rate': 1e-06, 'global_step': 830, 'zo_forward_step': 1662, 'max_steps': 20000, 'max_zo_forward_steps': 0, 'time': 110, 'eps': 0.001}
03/26/2026 03:18:24 - INFO - src.trainer -   {'loss': 1.7191237211227417, 'learning_rate': 1e-06, 'global_step': 840, 'zo_forward_step': 1682, 'max_steps': 20000, 'max_zo_forward_steps': 0, 'time': 112, 'eps': 0.001}
03/26/2026 03:18:26 - INFO - src.trainer -   {'loss': 1.803488850593567, 'learning_rate': 1e-06, 'global_step': 850, 'zo_forward_step': 1702, 'max_steps': 20000, 'max_zo_forward_steps': 0, 'time': 113, 'eps': 0.001}
03/26/2026 03:18:27 - INFO - src.trainer -   {'loss': 1.1310399770736694, 'learning_rate': 1e-06, 'global_step': 860, 'zo_forward_step': 1722, 'max_steps': 20000, 'max_zo_forward_steps': 0, 'time': 114, 'eps': 0.001}
03/26/2026 03:18:28 - INFO - src.trainer -   {'loss': 1.7197587490081787, 'learning_rate': 1e-06, 'global_step': 870, 'zo_forward_step': 1742, 'max_steps': 20000, 'max_zo_forward_steps': 0, 'time': 115, 'eps': 0.001}
03/26/2026 03:18:29 - INFO - src.trainer -   {'loss': 1.7916717529296875, 'learning_rate': 1e-06, 'global_step': 880, 'zo_forward_step': 1762, 'max_steps': 20000, 'max_zo_forward_steps': 0, 'time': 116, 'eps': 0.001}
03/26/2026 03:18:30 - INFO - src.trainer -   {'loss': 1.1082944869995117, 'learning_rate': 1e-06, 'global_step': 890, 'zo_forward_step': 1782, 'max_steps': 20000, 'max_zo_forward_steps': 0, 'time': 117, 'eps': 0.001}
03/26/2026 03:18:31 - INFO - src.trainer -   {'loss': 1.6765072345733643, 'learning_rate': 1e-06, 'global_step': 900, 'zo_forward_step': 1802, 'max_steps': 20000, 'max_zo_forward_steps': 0, 'time': 118, 'eps': 0.001}
80it [01:36,  1.07s/it]03/26/2026 03:18:32 - INFO - src.trainer -   {'loss': 1.8287066221237183, 'learning_rate': 1e-06, 'global_step': 910, 'zo_forward_step': 1822, 'max_steps': 20000, 'max_zo_forward_steps': 0, 'time': 120, 'eps': 0.001}
03/26/2026 03:18:33 - INFO - src.trainer -   {'loss': 1.1034822463989258, 'learning_rate': 1e-06, 'global_step': 920, 'zo_forward_step': 1842, 'max_steps': 20000, 'max_zo_forward_steps': 0, 'time': 121, 'eps': 0.001}
03/26/2026 03:18:35 - INFO - src.trainer -   {'loss': 1.7404725551605225, 'learning_rate': 1e-06, 'global_step': 930, 'zo_forward_step': 1862, 'max_steps': 20000, 'max_zo_forward_steps': 0, 'time': 122, 'eps': 0.001}
03/26/2026 03:18:36 - INFO - src.trainer -   {'loss': 1.8776532411575317, 'learning_rate': 1e-06, 'global_step': 940, 'zo_forward_step': 1882, 'max_steps': 20000, 'max_zo_forward_steps': 0, 'time': 123, 'eps': 0.001}
03/26/2026 03:18:37 - INFO - src.trainer -   {'loss': 1.1224567890167236, 'learning_rate': 1e-06, 'global_step': 950, 'zo_forward_step': 1902, 'max_steps': 20000, 'max_zo_forward_steps': 0, 'time': 124, 'eps': 0.001}
03/26/2026 03:18:38 - INFO - src.trainer -   {'loss': 1.6512953042984009, 'learning_rate': 1e-06, 'global_step': 960, 'zo_forward_step': 1922, 'max_steps': 20000, 'max_zo_forward_steps': 0, 'time': 125, 'eps': 0.001}
03/26/2026 03:18:39 - INFO - src.trainer -   {'loss': 1.7862451076507568, 'learning_rate': 1e-06, 'global_step': 970, 'zo_forward_step': 1942, 'max_steps': 20000, 'max_zo_forward_steps': 0, 'time': 126, 'eps': 0.001}
03/26/2026 03:18:40 - INFO - src.trainer -   {'loss': 1.158252477645874, 'learning_rate': 1e-06, 'global_step': 980, 'zo_forward_step': 1962, 'max_steps': 20000, 'max_zo_forward_steps': 0, 'time': 128, 'eps': 0.001}
03/26/2026 03:18:41 - INFO - src.trainer -   {'loss': 1.7092232704162598, 'learning_rate': 1e-06, 'global_step': 990, 'zo_forward_step': 1982, 'max_steps': 20000, 'max_zo_forward_steps': 0, 'time': 129, 'eps': 0.001}
81it [01:46,  1.57s/it]92it [01:47,  1.04s/it]03/26/2026 03:18:43 - INFO - src.trainer -   {'eval_loss': 1.6734908819198608, 'eval_acc': 0.2}
03/26/2026 03:18:46 - INFO - src.trainer -   [zo_probe] step=1000 eps=1.000e-03 precision=fp32 n=16 mae=9.971964e-01 rmse=1.304164e+00 sign_acc=1.0000 corr=0.999715
03/26/2026 03:18:46 - INFO - src.trainer -   {'loss': 1.8305227756500244, 'learning_rate': 1e-06, 'global_step': 1000, 'zo_forward_step': 2002, 'max_steps': 20000, 'max_zo_forward_steps': 0, 'time': 133, 'eps': 0.001}
03/26/2026 03:18:47 - INFO - src.trainer -   {'loss': 1.1256256103515625, 'learning_rate': 1e-06, 'global_step': 1010, 'zo_forward_step': 2022, 'max_steps': 20000, 'max_zo_forward_steps': 0, 'time': 134, 'eps': 0.001}
03/26/2026 03:18:48 - INFO - src.trainer -   {'loss': 1.8091181516647339, 'learning_rate': 1e-06, 'global_step': 1020, 'zo_forward_step': 2042, 'max_steps': 20000, 'max_zo_forward_steps': 0, 'time': 135, 'eps': 0.001}
03/26/2026 03:18:49 - INFO - src.trainer -   {'loss': 1.871718406677246, 'learning_rate': 1e-06, 'global_step': 1030, 'zo_forward_step': 2062, 'max_steps': 20000, 'max_zo_forward_steps': 0, 'time': 136, 'eps': 0.001}
03/26/2026 03:18:50 - INFO - src.trainer -   {'loss': 1.13359534740448, 'learning_rate': 1e-06, 'global_step': 1040, 'zo_forward_step': 2082, 'max_steps': 20000, 'max_zo_forward_steps': 0, 'time': 137, 'eps': 0.001}
03/26/2026 03:18:51 - INFO - src.trainer -   {'loss': 1.7131417989730835, 'learning_rate': 1e-06, 'global_step': 1050, 'zo_forward_step': 2102, 'max_steps': 20000, 'max_zo_forward_steps': 0, 'time': 139, 'eps': 0.001}
03/26/2026 03:18:52 - INFO - src.trainer -   {'loss': 1.7897143363952637, 'learning_rate': 1e-06, 'global_step': 1060, 'zo_forward_step': 2122, 'max_steps': 20000, 'max_zo_forward_steps': 0, 'time': 140, 'eps': 0.001}
03/26/2026 03:18:54 - INFO - src.trainer -   {'loss': 1.1530814170837402, 'learning_rate': 1e-06, 'global_step': 1070, 'zo_forward_step': 2142, 'max_steps': 20000, 'max_zo_forward_steps': 0, 'time': 141, 'eps': 0.001}
03/26/2026 03:18:55 - INFO - src.trainer -   {'loss': 1.6740868091583252, 'learning_rate': 1e-06, 'global_step': 1080, 'zo_forward_step': 2162, 'max_steps': 20000, 'max_zo_forward_steps': 0, 'time': 142, 'eps': 0.001}
03/26/2026 03:18:56 - INFO - src.trainer -   {'loss': 1.8559362888336182, 'learning_rate': 1e-06, 'global_step': 1090, 'zo_forward_step': 2182, 'max_steps': 20000, 'max_zo_forward_steps': 0, 'time': 143, 'eps': 0.001}
03/26/2026 03:18:57 - INFO - src.trainer -   {'loss': 1.1688448190689087, 'learning_rate': 1e-06, 'global_step': 1100, 'zo_forward_step': 2202, 'max_steps': 20000, 'max_zo_forward_steps': 0, 'time': 144, 'eps': 0.001}
03/26/2026 03:18:58 - INFO - src.trainer -   {'loss': 1.68560791015625, 'learning_rate': 1e-06, 'global_step': 1110, 'zo_forward_step': 2222, 'max_steps': 20000, 'max_zo_forward_steps': 0, 'time': 145, 'eps': 0.001}
03/26/2026 03:18:59 - INFO - src.trainer -   {'loss': 1.7874464988708496, 'learning_rate': 1e-06, 'global_step': 1120, 'zo_forward_step': 2242, 'max_steps': 20000, 'max_zo_forward_steps': 0, 'time': 147, 'eps': 0.001}
03/26/2026 03:19:00 - INFO - src.trainer -   {'loss': 1.1534321308135986, 'learning_rate': 1e-06, 'global_step': 1130, 'zo_forward_step': 2262, 'max_steps': 20000, 'max_zo_forward_steps': 0, 'time': 148, 'eps': 0.001}
03/26/2026 03:19:02 - INFO - src.trainer -   {'loss': 1.640892505645752, 'learning_rate': 1e-06, 'global_step': 1140, 'zo_forward_step': 2282, 'max_steps': 20000, 'max_zo_forward_steps': 0, 'time': 149, 'eps': 0.001}
100it [02:06,  1.04s/it]03/26/2026 03:19:03 - INFO - src.trainer -   {'loss': 1.7709810733795166, 'learning_rate': 1e-06, 'global_step': 1150, 'zo_forward_step': 2302, 'max_steps': 20000, 'max_zo_forward_steps': 0, 'time': 150, 'eps': 0.001}
03/26/2026 03:19:04 - INFO - src.trainer -   {'loss': 1.2167699337005615, 'learning_rate': 1e-06, 'global_step': 1160, 'zo_forward_step': 2322, 'max_steps': 20000, 'max_zo_forward_steps': 0, 'time': 151, 'eps': 0.001}
03/26/2026 03:19:05 - INFO - src.trainer -   {'loss': 1.6498641967773438, 'learning_rate': 1e-06, 'global_step': 1170, 'zo_forward_step': 2342, 'max_steps': 20000, 'max_zo_forward_steps': 0, 'time': 152, 'eps': 0.001}
03/26/2026 03:19:06 - INFO - src.trainer -   {'loss': 1.6923242807388306, 'learning_rate': 1e-06, 'global_step': 1180, 'zo_forward_step': 2362, 'max_steps': 20000, 'max_zo_forward_steps': 0, 'time': 153, 'eps': 0.001}
03/26/2026 03:19:07 - INFO - src.trainer -   {'loss': 1.1042970418930054, 'learning_rate': 1e-06, 'global_step': 1190, 'zo_forward_step': 2382, 'max_steps': 20000, 'max_zo_forward_steps': 0, 'time': 154, 'eps': 0.001}
101it [02:12,  1.55s/it]112it [02:12,  1.04s/it]03/26/2026 03:19:08 - INFO - src.trainer -   {'eval_loss': 1.6544463634490967, 'eval_acc': 0.225}
03/26/2026 03:19:08 - INFO - src.trainer -   Best dev result: 0.225
03/26/2026 03:19:12 - INFO - src.trainer -   [zo_probe] step=1200 eps=1.000e-03 precision=fp32 n=16 mae=5.124502e-01 rmse=5.904262e-01 sign_acc=1.0000 corr=0.999784
03/26/2026 03:19:12 - INFO - src.trainer -   {'loss': 1.653902530670166, 'learning_rate': 1e-06, 'global_step': 1200, 'zo_forward_step': 2402, 'max_steps': 20000, 'max_zo_forward_steps': 0, 'time': 159, 'eps': 0.001}
03/26/2026 03:19:13 - INFO - src.trainer -   {'loss': 1.7686678171157837, 'learning_rate': 1e-06, 'global_step': 1210, 'zo_forward_step': 2422, 'max_steps': 20000, 'max_zo_forward_steps': 0, 'time': 160, 'eps': 0.001}
03/26/2026 03:19:14 - INFO - src.trainer -   {'loss': 1.1026089191436768, 'learning_rate': 1e-06, 'global_step': 1220, 'zo_forward_step': 2442, 'max_steps': 20000, 'max_zo_forward_steps': 0, 'time': 161, 'eps': 0.001}
03/26/2026 03:19:15 - INFO - src.trainer -   {'loss': 1.7158373594284058, 'learning_rate': 1e-06, 'global_step': 1230, 'zo_forward_step': 2462, 'max_steps': 20000, 'max_zo_forward_steps': 0, 'time': 162, 'eps': 0.001}
03/26/2026 03:19:16 - INFO - src.trainer -   {'loss': 1.811829924583435, 'learning_rate': 1e-06, 'global_step': 1240, 'zo_forward_step': 2482, 'max_steps': 20000, 'max_zo_forward_steps': 0, 'time': 164, 'eps': 0.001}
03/26/2026 03:19:17 - INFO - src.trainer -   {'loss': 1.1717268228530884, 'learning_rate': 1e-06, 'global_step': 1250, 'zo_forward_step': 2502, 'max_steps': 20000, 'max_zo_forward_steps': 0, 'time': 165, 'eps': 0.001}
03/26/2026 03:19:18 - INFO - src.trainer -   {'loss': 1.6784011125564575, 'learning_rate': 1e-06, 'global_step': 1260, 'zo_forward_step': 2522, 'max_steps': 20000, 'max_zo_forward_steps': 0, 'time': 166, 'eps': 0.001}
03/26/2026 03:19:20 - INFO - src.trainer -   {'loss': 1.7668116092681885, 'learning_rate': 1e-06, 'global_step': 1270, 'zo_forward_step': 2542, 'max_steps': 20000, 'max_zo_forward_steps': 0, 'time': 167, 'eps': 0.001}
03/26/2026 03:19:21 - INFO - src.trainer -   {'loss': 1.227468490600586, 'learning_rate': 1e-06, 'global_step': 1280, 'zo_forward_step': 2562, 'max_steps': 20000, 'max_zo_forward_steps': 0, 'time': 168, 'eps': 0.001}
03/26/2026 03:19:22 - INFO - src.trainer -   {'loss': 1.627490758895874, 'learning_rate': 1e-06, 'global_step': 1290, 'zo_forward_step': 2582, 'max_steps': 20000, 'max_zo_forward_steps': 0, 'time': 169, 'eps': 0.001}
120it [02:26,  1.04s/it]03/26/2026 03:19:23 - INFO - src.trainer -   {'loss': 1.8006410598754883, 'learning_rate': 1e-06, 'global_step': 1300, 'zo_forward_step': 2602, 'max_steps': 20000, 'max_zo_forward_steps': 0, 'time': 170, 'eps': 0.001}
03/26/2026 03:19:24 - INFO - src.trainer -   {'loss': 1.255121111869812, 'learning_rate': 1e-06, 'global_step': 1310, 'zo_forward_step': 2622, 'max_steps': 20000, 'max_zo_forward_steps': 0, 'time': 172, 'eps': 0.001}
03/26/2026 03:19:25 - INFO - src.trainer -   {'loss': 1.6960796117782593, 'learning_rate': 1e-06, 'global_step': 1320, 'zo_forward_step': 2642, 'max_steps': 20000, 'max_zo_forward_steps': 0, 'time': 173, 'eps': 0.001}
03/26/2026 03:19:27 - INFO - src.trainer -   {'loss': 1.8272879123687744, 'learning_rate': 1e-06, 'global_step': 1330, 'zo_forward_step': 2662, 'max_steps': 20000, 'max_zo_forward_steps': 0, 'time': 174, 'eps': 0.001}
03/26/2026 03:19:28 - INFO - src.trainer -   {'loss': 1.1403461694717407, 'learning_rate': 1e-06, 'global_step': 1340, 'zo_forward_step': 2682, 'max_steps': 20000, 'max_zo_forward_steps': 0, 'time': 175, 'eps': 0.001}
03/26/2026 03:19:29 - INFO - src.trainer -   {'loss': 1.6385858058929443, 'learning_rate': 1e-06, 'global_step': 1350, 'zo_forward_step': 2702, 'max_steps': 20000, 'max_zo_forward_steps': 0, 'time': 176, 'eps': 0.001}
03/26/2026 03:19:30 - INFO - src.trainer -   {'loss': 1.750256896018982, 'learning_rate': 1e-06, 'global_step': 1360, 'zo_forward_step': 2722, 'max_steps': 20000, 'max_zo_forward_steps': 0, 'time': 177, 'eps': 0.001}
03/26/2026 03:19:31 - INFO - src.trainer -   {'loss': 1.1746666431427002, 'learning_rate': 1e-06, 'global_step': 1370, 'zo_forward_step': 2742, 'max_steps': 20000, 'max_zo_forward_steps': 0, 'time': 178, 'eps': 0.001}
03/26/2026 03:19:32 - INFO - src.trainer -   {'loss': 1.6783311367034912, 'learning_rate': 1e-06, 'global_step': 1380, 'zo_forward_step': 2762, 'max_steps': 20000, 'max_zo_forward_steps': 0, 'time': 180, 'eps': 0.001}
03/26/2026 03:19:33 - INFO - src.trainer -   {'loss': 1.7702547311782837, 'learning_rate': 1e-06, 'global_step': 1390, 'zo_forward_step': 2782, 'max_steps': 20000, 'max_zo_forward_steps': 0, 'time': 181, 'eps': 0.001}
121it [02:38,  1.56s/it]132it [02:38,  1.05s/it]03/26/2026 03:19:35 - INFO - src.trainer -   {'eval_loss': 1.6580085754394531, 'eval_acc': 0.1875}
03/26/2026 03:19:37 - INFO - src.trainer -   [zo_probe] step=1400 eps=1.000e-03 precision=fp32 n=16 mae=8.151444e-01 rmse=1.045577e+00 sign_acc=0.9375 corr=0.999527
03/26/2026 03:19:37 - INFO - src.trainer -   {'loss': 1.2222124338150024, 'learning_rate': 1e-06, 'global_step': 1400, 'zo_forward_step': 2802, 'max_steps': 20000, 'max_zo_forward_steps': 0, 'time': 184, 'eps': 0.001}
03/26/2026 03:19:38 - INFO - src.trainer -   {'loss': 1.7083619832992554, 'learning_rate': 1e-06, 'global_step': 1410, 'zo_forward_step': 2822, 'max_steps': 20000, 'max_zo_forward_steps': 0, 'time': 185, 'eps': 0.001}
03/26/2026 03:19:39 - INFO - src.trainer -   {'loss': 1.90192711353302, 'learning_rate': 1e-06, 'global_step': 1420, 'zo_forward_step': 2842, 'max_steps': 20000, 'max_zo_forward_steps': 0, 'time': 186, 'eps': 0.001}
03/26/2026 03:19:40 - INFO - src.trainer -   {'loss': 1.1050169467926025, 'learning_rate': 1e-06, 'global_step': 1430, 'zo_forward_step': 2862, 'max_steps': 20000, 'max_zo_forward_steps': 0, 'time': 187, 'eps': 0.001}
03/26/2026 03:19:41 - INFO - src.trainer -   {'loss': 1.7272499799728394, 'learning_rate': 1e-06, 'global_step': 1440, 'zo_forward_step': 2882, 'max_steps': 20000, 'max_zo_forward_steps': 0, 'time': 189, 'eps': 0.001}
03/26/2026 03:19:42 - INFO - src.trainer -   {'loss': 1.8760930299758911, 'learning_rate': 1e-06, 'global_step': 1450, 'zo_forward_step': 2902, 'max_steps': 20000, 'max_zo_forward_steps': 0, 'time': 190, 'eps': 0.001}
03/26/2026 03:19:43 - INFO - src.trainer -   {'loss': 1.0907137393951416, 'learning_rate': 1e-06, 'global_step': 1460, 'zo_forward_step': 2922, 'max_steps': 20000, 'max_zo_forward_steps': 0, 'time': 191, 'eps': 0.001}
03/26/2026 03:19:45 - INFO - src.trainer -   {'loss': 1.762086033821106, 'learning_rate': 1e-06, 'global_step': 1470, 'zo_forward_step': 2942, 'max_steps': 20000, 'max_zo_forward_steps': 0, 'time': 192, 'eps': 0.001}
03/26/2026 03:19:46 - INFO - src.trainer -   {'loss': 1.781428575515747, 'learning_rate': 1e-06, 'global_step': 1480, 'zo_forward_step': 2962, 'max_steps': 20000, 'max_zo_forward_steps': 0, 'time': 193, 'eps': 0.001}
03/26/2026 03:19:47 - INFO - src.trainer -   {'loss': 1.1335304975509644, 'learning_rate': 1e-06, 'global_step': 1490, 'zo_forward_step': 2982, 'max_steps': 20000, 'max_zo_forward_steps': 0, 'time': 194, 'eps': 0.001}
03/26/2026 03:19:48 - INFO - src.trainer -   {'loss': 1.7362269163131714, 'learning_rate': 1e-06, 'global_step': 1500, 'zo_forward_step': 3002, 'max_steps': 20000, 'max_zo_forward_steps': 0, 'time': 195, 'eps': 0.001}
03/26/2026 03:19:49 - INFO - src.trainer -   {'loss': 1.7398719787597656, 'learning_rate': 1e-06, 'global_step': 1510, 'zo_forward_step': 3022, 'max_steps': 20000, 'max_zo_forward_steps': 0, 'time': 197, 'eps': 0.001}
03/26/2026 03:19:50 - INFO - src.trainer -   {'loss': 1.1367329359054565, 'learning_rate': 1e-06, 'global_step': 1520, 'zo_forward_step': 3042, 'max_steps': 20000, 'max_zo_forward_steps': 0, 'time': 198, 'eps': 0.001}
03/26/2026 03:19:52 - INFO - src.trainer -   {'loss': 1.7187846899032593, 'learning_rate': 1e-06, 'global_step': 1530, 'zo_forward_step': 3062, 'max_steps': 20000, 'max_zo_forward_steps': 0, 'time': 199, 'eps': 0.001}
140it [02:56,  1.05s/it]03/26/2026 03:19:53 - INFO - src.trainer -   {'loss': 1.756557822227478, 'learning_rate': 1e-06, 'global_step': 1540, 'zo_forward_step': 3082, 'max_steps': 20000, 'max_zo_forward_steps': 0, 'time': 200, 'eps': 0.001}
03/26/2026 03:19:54 - INFO - src.trainer -   {'loss': 1.0764697790145874, 'learning_rate': 1e-06, 'global_step': 1550, 'zo_forward_step': 3102, 'max_steps': 20000, 'max_zo_forward_steps': 0, 'time': 201, 'eps': 0.001}
03/26/2026 03:19:55 - INFO - src.trainer -   {'loss': 1.7254197597503662, 'learning_rate': 1e-06, 'global_step': 1560, 'zo_forward_step': 3122, 'max_steps': 20000, 'max_zo_forward_steps': 0, 'time': 202, 'eps': 0.001}
03/26/2026 03:19:56 - INFO - src.trainer -   {'loss': 1.8506965637207031, 'learning_rate': 1e-06, 'global_step': 1570, 'zo_forward_step': 3142, 'max_steps': 20000, 'max_zo_forward_steps': 0, 'time': 204, 'eps': 0.001}
03/26/2026 03:19:57 - INFO - src.trainer -   {'loss': 1.1326478719711304, 'learning_rate': 1e-06, 'global_step': 1580, 'zo_forward_step': 3162, 'max_steps': 20000, 'max_zo_forward_steps': 0, 'time': 205, 'eps': 0.001}
03/26/2026 03:19:59 - INFO - src.trainer -   {'loss': 1.741804838180542, 'learning_rate': 1e-06, 'global_step': 1590, 'zo_forward_step': 3182, 'max_steps': 20000, 'max_zo_forward_steps': 0, 'time': 206, 'eps': 0.001}
141it [03:04,  1.53s/it]152it [03:04,  1.04s/it]03/26/2026 03:20:00 - INFO - src.trainer -   {'eval_loss': 1.6582082509994507, 'eval_acc': 0.1875}
03/26/2026 03:20:03 - INFO - src.trainer -   [zo_probe] step=1600 eps=1.000e-03 precision=fp32 n=16 mae=6.471455e-01 rmse=8.949902e-01 sign_acc=1.0000 corr=0.999607
03/26/2026 03:20:03 - INFO - src.trainer -   {'loss': 1.8032095432281494, 'learning_rate': 1e-06, 'global_step': 1600, 'zo_forward_step': 3202, 'max_steps': 20000, 'max_zo_forward_steps': 0, 'time': 210, 'eps': 0.001}
03/26/2026 03:20:04 - INFO - src.trainer -   {'loss': 1.1146470308303833, 'learning_rate': 1e-06, 'global_step': 1610, 'zo_forward_step': 3222, 'max_steps': 20000, 'max_zo_forward_steps': 0, 'time': 211, 'eps': 0.001}
03/26/2026 03:20:05 - INFO - src.trainer -   {'loss': 1.7015045881271362, 'learning_rate': 1e-06, 'global_step': 1620, 'zo_forward_step': 3242, 'max_steps': 20000, 'max_zo_forward_steps': 0, 'time': 212, 'eps': 0.001}
03/26/2026 03:20:06 - INFO - src.trainer -   {'loss': 1.7689781188964844, 'learning_rate': 1e-06, 'global_step': 1630, 'zo_forward_step': 3262, 'max_steps': 20000, 'max_zo_forward_steps': 0, 'time': 214, 'eps': 0.001}
03/26/2026 03:20:07 - INFO - src.trainer -   {'loss': 1.1507539749145508, 'learning_rate': 1e-06, 'global_step': 1640, 'zo_forward_step': 3282, 'max_steps': 20000, 'max_zo_forward_steps': 0, 'time': 215, 'eps': 0.001}
03/26/2026 03:20:09 - INFO - src.trainer -   {'loss': 1.6798279285430908, 'learning_rate': 1e-06, 'global_step': 1650, 'zo_forward_step': 3302, 'max_steps': 20000, 'max_zo_forward_steps': 0, 'time': 216, 'eps': 0.001}
03/26/2026 03:20:10 - INFO - src.trainer -   {'loss': 1.7457910776138306, 'learning_rate': 1e-06, 'global_step': 1660, 'zo_forward_step': 3322, 'max_steps': 20000, 'max_zo_forward_steps': 0, 'time': 217, 'eps': 0.001}
03/26/2026 03:20:12 - INFO - src.trainer -   {'loss': 1.1904569864273071, 'learning_rate': 1e-06, 'global_step': 1670, 'zo_forward_step': 3342, 'max_steps': 20000, 'max_zo_forward_steps': 0, 'time': 219, 'eps': 0.001}
160it [03:16,  1.04s/it]03/26/2026 03:20:13 - INFO - src.trainer -   {'loss': 1.6543251276016235, 'learning_rate': 1e-06, 'global_step': 1680, 'zo_forward_step': 3362, 'max_steps': 20000, 'max_zo_forward_steps': 0, 'time': 221, 'eps': 0.001}
03/26/2026 03:20:14 - INFO - src.trainer -   {'loss': 1.8184810876846313, 'learning_rate': 1e-06, 'global_step': 1690, 'zo_forward_step': 3382, 'max_steps': 20000, 'max_zo_forward_steps': 0, 'time': 222, 'eps': 0.001}
03/26/2026 03:20:16 - INFO - src.trainer -   {'loss': 1.138354778289795, 'learning_rate': 1e-06, 'global_step': 1700, 'zo_forward_step': 3402, 'max_steps': 20000, 'max_zo_forward_steps': 0, 'time': 223, 'eps': 0.001}
03/26/2026 03:20:17 - INFO - src.trainer -   {'loss': 1.6721068620681763, 'learning_rate': 1e-06, 'global_step': 1710, 'zo_forward_step': 3422, 'max_steps': 20000, 'max_zo_forward_steps': 0, 'time': 224, 'eps': 0.001}
03/26/2026 03:20:18 - INFO - src.trainer -   {'loss': 1.748461127281189, 'learning_rate': 1e-06, 'global_step': 1720, 'zo_forward_step': 3442, 'max_steps': 20000, 'max_zo_forward_steps': 0, 'time': 225, 'eps': 0.001}
03/26/2026 03:20:19 - INFO - src.trainer -   {'loss': 1.1320546865463257, 'learning_rate': 1e-06, 'global_step': 1730, 'zo_forward_step': 3462, 'max_steps': 20000, 'max_zo_forward_steps': 0, 'time': 226, 'eps': 0.001}
03/26/2026 03:20:20 - INFO - src.trainer -   {'loss': 1.6591354608535767, 'learning_rate': 1e-06, 'global_step': 1740, 'zo_forward_step': 3482, 'max_steps': 20000, 'max_zo_forward_steps': 0, 'time': 227, 'eps': 0.001}
03/26/2026 03:20:21 - INFO - src.trainer -   {'loss': 1.7752383947372437, 'learning_rate': 1e-06, 'global_step': 1750, 'zo_forward_step': 3502, 'max_steps': 20000, 'max_zo_forward_steps': 0, 'time': 228, 'eps': 0.001}
03/26/2026 03:20:22 - INFO - src.trainer -   {'loss': 1.0846853256225586, 'learning_rate': 1e-06, 'global_step': 1760, 'zo_forward_step': 3522, 'max_steps': 20000, 'max_zo_forward_steps': 0, 'time': 230, 'eps': 0.001}
03/26/2026 03:20:23 - INFO - src.trainer -   {'loss': 1.681266188621521, 'learning_rate': 1e-06, 'global_step': 1770, 'zo_forward_step': 3542, 'max_steps': 20000, 'max_zo_forward_steps': 0, 'time': 231, 'eps': 0.001}
03/26/2026 03:20:25 - INFO - src.trainer -   {'loss': 1.8552874326705933, 'learning_rate': 1e-06, 'global_step': 1780, 'zo_forward_step': 3562, 'max_steps': 20000, 'max_zo_forward_steps': 0, 'time': 232, 'eps': 0.001}
03/26/2026 03:20:26 - INFO - src.trainer -   {'loss': 1.1307501792907715, 'learning_rate': 1e-06, 'global_step': 1790, 'zo_forward_step': 3582, 'max_steps': 20000, 'max_zo_forward_steps': 0, 'time': 233, 'eps': 0.001}
161it [03:31,  1.58s/it]172it [03:31,  1.07s/it]03/26/2026 03:20:27 - INFO - src.trainer -   {'eval_loss': 1.6538273096084595, 'eval_acc': 0.1875}
03/26/2026 03:20:30 - INFO - src.trainer -   [zo_probe] step=1800 eps=1.000e-03 precision=fp32 n=16 mae=6.434323e-01 rmse=7.525826e-01 sign_acc=1.0000 corr=0.999772
03/26/2026 03:20:30 - INFO - src.trainer -   {'loss': 1.675527811050415, 'learning_rate': 1e-06, 'global_step': 1800, 'zo_forward_step': 3602, 'max_steps': 20000, 'max_zo_forward_steps': 0, 'time': 237, 'eps': 0.001}
03/26/2026 03:20:31 - INFO - src.trainer -   {'loss': 1.7994401454925537, 'learning_rate': 1e-06, 'global_step': 1810, 'zo_forward_step': 3622, 'max_steps': 20000, 'max_zo_forward_steps': 0, 'time': 238, 'eps': 0.001}
03/26/2026 03:20:32 - INFO - src.trainer -   {'loss': 1.1307275295257568, 'learning_rate': 1e-06, 'global_step': 1820, 'zo_forward_step': 3642, 'max_steps': 20000, 'max_zo_forward_steps': 0, 'time': 240, 'eps': 0.001}
03/26/2026 03:20:33 - INFO - src.trainer -   {'loss': 1.7503570318222046, 'learning_rate': 1e-06, 'global_step': 1830, 'zo_forward_step': 3662, 'max_steps': 20000, 'max_zo_forward_steps': 0, 'time': 241, 'eps': 0.001}
03/26/2026 03:20:35 - INFO - src.trainer -   {'loss': 1.7904160022735596, 'learning_rate': 1e-06, 'global_step': 1840, 'zo_forward_step': 3682, 'max_steps': 20000, 'max_zo_forward_steps': 0, 'time': 242, 'eps': 0.001}
03/26/2026 03:20:36 - INFO - src.trainer -   {'loss': 1.0688396692276, 'learning_rate': 1e-06, 'global_step': 1850, 'zo_forward_step': 3702, 'max_steps': 20000, 'max_zo_forward_steps': 0, 'time': 243, 'eps': 0.001}
03/26/2026 03:20:37 - INFO - src.trainer -   {'loss': 1.7314810752868652, 'learning_rate': 1e-06, 'global_step': 1860, 'zo_forward_step': 3722, 'max_steps': 20000, 'max_zo_forward_steps': 0, 'time': 244, 'eps': 0.001}
03/26/2026 03:20:38 - INFO - src.trainer -   {'loss': 1.7484995126724243, 'learning_rate': 1e-06, 'global_step': 1870, 'zo_forward_step': 3742, 'max_steps': 20000, 'max_zo_forward_steps': 0, 'time': 245, 'eps': 0.001}
03/26/2026 03:20:39 - INFO - src.trainer -   {'loss': 1.006138801574707, 'learning_rate': 1e-06, 'global_step': 1880, 'zo_forward_step': 3762, 'max_steps': 20000, 'max_zo_forward_steps': 0, 'time': 247, 'eps': 0.001}
03/26/2026 03:20:40 - INFO - src.trainer -   {'loss': 1.6558717489242554, 'learning_rate': 1e-06, 'global_step': 1890, 'zo_forward_step': 3782, 'max_steps': 20000, 'max_zo_forward_steps': 0, 'time': 248, 'eps': 0.001}
03/26/2026 03:20:42 - INFO - src.trainer -   {'loss': 1.85567045211792, 'learning_rate': 1e-06, 'global_step': 1900, 'zo_forward_step': 3802, 'max_steps': 20000, 'max_zo_forward_steps': 0, 'time': 249, 'eps': 0.001}
180it [03:46,  1.07s/it]03/26/2026 03:20:43 - INFO - src.trainer -   {'loss': 1.0900102853775024, 'learning_rate': 1e-06, 'global_step': 1910, 'zo_forward_step': 3822, 'max_steps': 20000, 'max_zo_forward_steps': 0, 'time': 250, 'eps': 0.001}
03/26/2026 03:20:44 - INFO - src.trainer -   {'loss': 1.7071287631988525, 'learning_rate': 1e-06, 'global_step': 1920, 'zo_forward_step': 3842, 'max_steps': 20000, 'max_zo_forward_steps': 0, 'time': 251, 'eps': 0.001}
03/26/2026 03:20:45 - INFO - src.trainer -   {'loss': 1.8883299827575684, 'learning_rate': 1e-06, 'global_step': 1930, 'zo_forward_step': 3862, 'max_steps': 20000, 'max_zo_forward_steps': 0, 'time': 252, 'eps': 0.001}
03/26/2026 03:20:46 - INFO - src.trainer -   {'loss': 1.1001876592636108, 'learning_rate': 1e-06, 'global_step': 1940, 'zo_forward_step': 3882, 'max_steps': 20000, 'max_zo_forward_steps': 0, 'time': 254, 'eps': 0.001}
03/26/2026 03:20:47 - INFO - src.trainer -   {'loss': 1.6821191310882568, 'learning_rate': 1e-06, 'global_step': 1950, 'zo_forward_step': 3902, 'max_steps': 20000, 'max_zo_forward_steps': 0, 'time': 255, 'eps': 0.001}
03/26/2026 03:20:49 - INFO - src.trainer -   {'loss': 1.8880776166915894, 'learning_rate': 1e-06, 'global_step': 1960, 'zo_forward_step': 3922, 'max_steps': 20000, 'max_zo_forward_steps': 0, 'time': 256, 'eps': 0.001}
03/26/2026 03:20:50 - INFO - src.trainer -   {'loss': 1.0843995809555054, 'learning_rate': 1e-06, 'global_step': 1970, 'zo_forward_step': 3942, 'max_steps': 20000, 'max_zo_forward_steps': 0, 'time': 257, 'eps': 0.001}
03/26/2026 03:20:51 - INFO - src.trainer -   {'loss': 1.641291618347168, 'learning_rate': 1e-06, 'global_step': 1980, 'zo_forward_step': 3962, 'max_steps': 20000, 'max_zo_forward_steps': 0, 'time': 258, 'eps': 0.001}
03/26/2026 03:20:52 - INFO - src.trainer -   {'loss': 1.9244238138198853, 'learning_rate': 1e-06, 'global_step': 1990, 'zo_forward_step': 3982, 'max_steps': 20000, 'max_zo_forward_steps': 0, 'time': 259, 'eps': 0.001}
181it [03:57,  1.58s/it]192it [03:57,  1.07s/it]03/26/2026 03:20:53 - INFO - src.trainer -   {'eval_loss': 1.6583709716796875, 'eval_acc': 0.1875}
03/26/2026 03:20:55 - INFO - src.trainer -   [zo_probe] step=2000 eps=1.000e-03 precision=fp32 n=16 mae=6.095058e-01 rmse=7.056488e-01 sign_acc=1.0000 corr=0.999892
03/26/2026 03:20:55 - INFO - src.trainer -   {'loss': 1.1170237064361572, 'learning_rate': 1e-06, 'global_step': 2000, 'zo_forward_step': 4002, 'max_steps': 20000, 'max_zo_forward_steps': 0, 'time': 263, 'eps': 0.001}
03/26/2026 03:20:57 - INFO - src.trainer -   {'loss': 1.7055530548095703, 'learning_rate': 1e-06, 'global_step': 2010, 'zo_forward_step': 4022, 'max_steps': 20000, 'max_zo_forward_steps': 0, 'time': 264, 'eps': 0.001}
03/26/2026 03:20:58 - INFO - src.trainer -   {'loss': 1.8545918464660645, 'learning_rate': 1e-06, 'global_step': 2020, 'zo_forward_step': 4042, 'max_steps': 20000, 'max_zo_forward_steps': 0, 'time': 265, 'eps': 0.001}
03/26/2026 03:20:59 - INFO - src.trainer -   {'loss': 1.0407315492630005, 'learning_rate': 1e-06, 'global_step': 2030, 'zo_forward_step': 4062, 'max_steps': 20000, 'max_zo_forward_steps': 0, 'time': 266, 'eps': 0.001}
03/26/2026 03:21:00 - INFO - src.trainer -   {'loss': 1.7461291551589966, 'learning_rate': 1e-06, 'global_step': 2040, 'zo_forward_step': 4082, 'max_steps': 20000, 'max_zo_forward_steps': 0, 'time': 267, 'eps': 0.001}
03/26/2026 03:21:01 - INFO - src.trainer -   {'loss': 1.806431770324707, 'learning_rate': 1e-06, 'global_step': 2050, 'zo_forward_step': 4102, 'max_steps': 20000, 'max_zo_forward_steps': 0, 'time': 268, 'eps': 0.001}
03/26/2026 03:21:02 - INFO - src.trainer -   {'loss': 1.0389046669006348, 'learning_rate': 1e-06, 'global_step': 2060, 'zo_forward_step': 4122, 'max_steps': 20000, 'max_zo_forward_steps': 0, 'time': 270, 'eps': 0.001}
03/26/2026 03:21:03 - INFO - src.trainer -   {'loss': 1.7338491678237915, 'learning_rate': 1e-06, 'global_step': 2070, 'zo_forward_step': 4142, 'max_steps': 20000, 'max_zo_forward_steps': 0, 'time': 271, 'eps': 0.001}
03/26/2026 03:21:05 - INFO - src.trainer -   {'loss': 1.7923074960708618, 'learning_rate': 1e-06, 'global_step': 2080, 'zo_forward_step': 4162, 'max_steps': 20000, 'max_zo_forward_steps': 0, 'time': 272, 'eps': 0.001}
03/26/2026 03:21:06 - INFO - src.trainer -   {'loss': 1.0545811653137207, 'learning_rate': 1e-06, 'global_step': 2090, 'zo_forward_step': 4182, 'max_steps': 20000, 'max_zo_forward_steps': 0, 'time': 273, 'eps': 0.001}
03/26/2026 03:21:07 - INFO - src.trainer -   {'loss': 1.6905182600021362, 'learning_rate': 1e-06, 'global_step': 2100, 'zo_forward_step': 4202, 'max_steps': 20000, 'max_zo_forward_steps': 0, 'time': 274, 'eps': 0.001}
03/26/2026 03:21:08 - INFO - src.trainer -   {'loss': 1.7951780557632446, 'learning_rate': 1e-06, 'global_step': 2110, 'zo_forward_step': 4222, 'max_steps': 20000, 'max_zo_forward_steps': 0, 'time': 275, 'eps': 0.001}
03/26/2026 03:21:09 - INFO - src.trainer -   {'loss': 1.1550191640853882, 'learning_rate': 1e-06, 'global_step': 2120, 'zo_forward_step': 4242, 'max_steps': 20000, 'max_zo_forward_steps': 0, 'time': 276, 'eps': 0.001}
03/26/2026 03:21:10 - INFO - src.trainer -   {'loss': 1.7080599069595337, 'learning_rate': 1e-06, 'global_step': 2130, 'zo_forward_step': 4262, 'max_steps': 20000, 'max_zo_forward_steps': 0, 'time': 278, 'eps': 0.001}
03/26/2026 03:21:11 - INFO - src.trainer -   {'loss': 1.8621094226837158, 'learning_rate': 1e-06, 'global_step': 2140, 'zo_forward_step': 4282, 'max_steps': 20000, 'max_zo_forward_steps': 0, 'time': 279, 'eps': 0.001}
200it [04:16,  1.07s/it]03/26/2026 03:21:13 - INFO - src.trainer -   {'loss': 1.1471059322357178, 'learning_rate': 1e-06, 'global_step': 2150, 'zo_forward_step': 4302, 'max_steps': 20000, 'max_zo_forward_steps': 0, 'time': 280, 'eps': 0.001}
03/26/2026 03:21:14 - INFO - src.trainer -   {'loss': 1.6775110960006714, 'learning_rate': 1e-06, 'global_step': 2160, 'zo_forward_step': 4322, 'max_steps': 20000, 'max_zo_forward_steps': 0, 'time': 281, 'eps': 0.001}
03/26/2026 03:21:15 - INFO - src.trainer -   {'loss': 1.8861894607543945, 'learning_rate': 1e-06, 'global_step': 2170, 'zo_forward_step': 4342, 'max_steps': 20000, 'max_zo_forward_steps': 0, 'time': 282, 'eps': 0.001}
03/26/2026 03:21:16 - INFO - src.trainer -   {'loss': 1.076608419418335, 'learning_rate': 1e-06, 'global_step': 2180, 'zo_forward_step': 4362, 'max_steps': 20000, 'max_zo_forward_steps': 0, 'time': 283, 'eps': 0.001}
03/26/2026 03:21:17 - INFO - src.trainer -   {'loss': 1.6753740310668945, 'learning_rate': 1e-06, 'global_step': 2190, 'zo_forward_step': 4382, 'max_steps': 20000, 'max_zo_forward_steps': 0, 'time': 284, 'eps': 0.001}
201it [04:22,  1.54s/it]212it [04:22,  1.04s/it]03/26/2026 03:21:18 - INFO - src.trainer -   {'eval_loss': 1.6578487157821655, 'eval_acc': 0.2}
03/26/2026 03:21:21 - INFO - src.trainer -   [zo_probe] step=2200 eps=1.000e-03 precision=fp32 n=16 mae=1.008577e+00 rmse=1.138528e+00 sign_acc=1.0000 corr=0.999615
03/26/2026 03:21:21 - INFO - src.trainer -   {'loss': 1.8294544219970703, 'learning_rate': 1e-06, 'global_step': 2200, 'zo_forward_step': 4402, 'max_steps': 20000, 'max_zo_forward_steps': 0, 'time': 289, 'eps': 0.001}
03/26/2026 03:21:23 - INFO - src.trainer -   {'loss': 1.0450103282928467, 'learning_rate': 1e-06, 'global_step': 2210, 'zo_forward_step': 4422, 'max_steps': 20000, 'max_zo_forward_steps': 0, 'time': 290, 'eps': 0.001}
03/26/2026 03:21:24 - INFO - src.trainer -   {'loss': 1.6885234117507935, 'learning_rate': 1e-06, 'global_step': 2220, 'zo_forward_step': 4442, 'max_steps': 20000, 'max_zo_forward_steps': 0, 'time': 291, 'eps': 0.001}
03/26/2026 03:21:25 - INFO - src.trainer -   {'loss': 1.750292181968689, 'learning_rate': 1e-06, 'global_step': 2230, 'zo_forward_step': 4462, 'max_steps': 20000, 'max_zo_forward_steps': 0, 'time': 292, 'eps': 0.001}
03/26/2026 03:21:26 - INFO - src.trainer -   {'loss': 1.108803629875183, 'learning_rate': 1e-06, 'global_step': 2240, 'zo_forward_step': 4482, 'max_steps': 20000, 'max_zo_forward_steps': 0, 'time': 293, 'eps': 0.001}
03/26/2026 03:21:27 - INFO - src.trainer -   {'loss': 1.667556881904602, 'learning_rate': 1e-06, 'global_step': 2250, 'zo_forward_step': 4502, 'max_steps': 20000, 'max_zo_forward_steps': 0, 'time': 294, 'eps': 0.001}
03/26/2026 03:21:28 - INFO - src.trainer -   {'loss': 1.7556002140045166, 'learning_rate': 1e-06, 'global_step': 2260, 'zo_forward_step': 4522, 'max_steps': 20000, 'max_zo_forward_steps': 0, 'time': 296, 'eps': 0.001}
03/26/2026 03:21:30 - INFO - src.trainer -   {'loss': 1.1351244449615479, 'learning_rate': 1e-06, 'global_step': 2270, 'zo_forward_step': 4542, 'max_steps': 20000, 'max_zo_forward_steps': 0, 'time': 297, 'eps': 0.001}
03/26/2026 03:21:31 - INFO - src.trainer -   {'loss': 1.6696140766143799, 'learning_rate': 1e-06, 'global_step': 2280, 'zo_forward_step': 4562, 'max_steps': 20000, 'max_zo_forward_steps': 0, 'time': 298, 'eps': 0.001}
03/26/2026 03:21:32 - INFO - src.trainer -   {'loss': 1.830230712890625, 'learning_rate': 1e-06, 'global_step': 2290, 'zo_forward_step': 4582, 'max_steps': 20000, 'max_zo_forward_steps': 0, 'time': 299, 'eps': 0.001}
220it [04:36,  1.04s/it]03/26/2026 03:21:33 - INFO - src.trainer -   {'loss': 1.1013847589492798, 'learning_rate': 1e-06, 'global_step': 2300, 'zo_forward_step': 4602, 'max_steps': 20000, 'max_zo_forward_steps': 0, 'time': 300, 'eps': 0.001}
03/26/2026 03:21:34 - INFO - src.trainer -   {'loss': 1.6929800510406494, 'learning_rate': 1e-06, 'global_step': 2310, 'zo_forward_step': 4622, 'max_steps': 20000, 'max_zo_forward_steps': 0, 'time': 301, 'eps': 0.001}
03/26/2026 03:21:35 - INFO - src.trainer -   {'loss': 1.7515195608139038, 'learning_rate': 1e-06, 'global_step': 2320, 'zo_forward_step': 4642, 'max_steps': 20000, 'max_zo_forward_steps': 0, 'time': 303, 'eps': 0.001}
03/26/2026 03:21:36 - INFO - src.trainer -   {'loss': 1.1454529762268066, 'learning_rate': 1e-06, 'global_step': 2330, 'zo_forward_step': 4662, 'max_steps': 20000, 'max_zo_forward_steps': 0, 'time': 304, 'eps': 0.001}
03/26/2026 03:21:38 - INFO - src.trainer -   {'loss': 1.6831918954849243, 'learning_rate': 1e-06, 'global_step': 2340, 'zo_forward_step': 4682, 'max_steps': 20000, 'max_zo_forward_steps': 0, 'time': 305, 'eps': 0.001}
03/26/2026 03:21:39 - INFO - src.trainer -   {'loss': 1.836863398551941, 'learning_rate': 1e-06, 'global_step': 2350, 'zo_forward_step': 4702, 'max_steps': 20000, 'max_zo_forward_steps': 0, 'time': 306, 'eps': 0.001}
03/26/2026 03:21:40 - INFO - src.trainer -   {'loss': 1.028794288635254, 'learning_rate': 1e-06, 'global_step': 2360, 'zo_forward_step': 4722, 'max_steps': 20000, 'max_zo_forward_steps': 0, 'time': 307, 'eps': 0.001}
03/26/2026 03:21:41 - INFO - src.trainer -   {'loss': 1.69249427318573, 'learning_rate': 1e-06, 'global_step': 2370, 'zo_forward_step': 4742, 'max_steps': 20000, 'max_zo_forward_steps': 0, 'time': 308, 'eps': 0.001}
03/26/2026 03:21:42 - INFO - src.trainer -   {'loss': 1.799025058746338, 'learning_rate': 1e-06, 'global_step': 2380, 'zo_forward_step': 4762, 'max_steps': 20000, 'max_zo_forward_steps': 0, 'time': 309, 'eps': 0.001}
03/26/2026 03:21:43 - INFO - src.trainer -   {'loss': 1.0381433963775635, 'learning_rate': 1e-06, 'global_step': 2390, 'zo_forward_step': 4782, 'max_steps': 20000, 'max_zo_forward_steps': 0, 'time': 311, 'eps': 0.001}
221it [04:48,  1.55s/it]232it [04:48,  1.05s/it]03/26/2026 03:21:44 - INFO - src.trainer -   {'eval_loss': 1.6583210229873657, 'eval_acc': 0.2}
03/26/2026 03:21:47 - INFO - src.trainer -   [zo_probe] step=2400 eps=1.000e-03 precision=fp32 n=16 mae=7.860388e-01 rmse=9.824818e-01 sign_acc=1.0000 corr=0.999743
03/26/2026 03:21:48 - INFO - src.trainer -   {'loss': 1.7275660037994385, 'learning_rate': 1e-06, 'global_step': 2400, 'zo_forward_step': 4802, 'max_steps': 20000, 'max_zo_forward_steps': 0, 'time': 315, 'eps': 0.001}
03/26/2026 03:21:49 - INFO - src.trainer -   {'loss': 1.7962745428085327, 'learning_rate': 1e-06, 'global_step': 2410, 'zo_forward_step': 4822, 'max_steps': 20000, 'max_zo_forward_steps': 0, 'time': 316, 'eps': 0.001}
03/26/2026 03:21:50 - INFO - src.trainer -   {'loss': 1.036698818206787, 'learning_rate': 1e-06, 'global_step': 2420, 'zo_forward_step': 4842, 'max_steps': 20000, 'max_zo_forward_steps': 0, 'time': 317, 'eps': 0.001}
03/26/2026 03:21:51 - INFO - src.trainer -   {'loss': 1.687109112739563, 'learning_rate': 1e-06, 'global_step': 2430, 'zo_forward_step': 4862, 'max_steps': 20000, 'max_zo_forward_steps': 0, 'time': 318, 'eps': 0.001}
03/26/2026 03:21:52 - INFO - src.trainer -   {'loss': 1.8514078855514526, 'learning_rate': 1e-06, 'global_step': 2440, 'zo_forward_step': 4882, 'max_steps': 20000, 'max_zo_forward_steps': 0, 'time': 319, 'eps': 0.001}
03/26/2026 03:21:53 - INFO - src.trainer -   {'loss': 0.965890645980835, 'learning_rate': 1e-06, 'global_step': 2450, 'zo_forward_step': 4902, 'max_steps': 20000, 'max_zo_forward_steps': 0, 'time': 320, 'eps': 0.001}
03/26/2026 03:21:54 - INFO - src.trainer -   {'loss': 1.6907681226730347, 'learning_rate': 1e-06, 'global_step': 2460, 'zo_forward_step': 4922, 'max_steps': 20000, 'max_zo_forward_steps': 0, 'time': 322, 'eps': 0.001}
03/26/2026 03:21:55 - INFO - src.trainer -   {'loss': 1.873310923576355, 'learning_rate': 1e-06, 'global_step': 2470, 'zo_forward_step': 4942, 'max_steps': 20000, 'max_zo_forward_steps': 0, 'time': 323, 'eps': 0.001}
03/26/2026 03:21:57 - INFO - src.trainer -   {'loss': 1.0303555727005005, 'learning_rate': 1e-06, 'global_step': 2480, 'zo_forward_step': 4962, 'max_steps': 20000, 'max_zo_forward_steps': 0, 'time': 324, 'eps': 0.001}
03/26/2026 03:21:58 - INFO - src.trainer -   {'loss': 1.6814022064208984, 'learning_rate': 1e-06, 'global_step': 2490, 'zo_forward_step': 4982, 'max_steps': 20000, 'max_zo_forward_steps': 0, 'time': 325, 'eps': 0.001}
03/26/2026 03:21:59 - INFO - src.trainer -   {'loss': 1.7862296104431152, 'learning_rate': 1e-06, 'global_step': 2500, 'zo_forward_step': 5002, 'max_steps': 20000, 'max_zo_forward_steps': 0, 'time': 326, 'eps': 0.001}
03/26/2026 03:22:00 - INFO - src.trainer -   {'loss': 1.1175918579101562, 'learning_rate': 1e-06, 'global_step': 2510, 'zo_forward_step': 5022, 'max_steps': 20000, 'max_zo_forward_steps': 0, 'time': 327, 'eps': 0.001}
03/26/2026 03:22:01 - INFO - src.trainer -   {'loss': 1.7546510696411133, 'learning_rate': 1e-06, 'global_step': 2520, 'zo_forward_step': 5042, 'max_steps': 20000, 'max_zo_forward_steps': 0, 'time': 328, 'eps': 0.001}
240it [05:06,  1.05s/it]03/26/2026 03:22:02 - INFO - src.trainer -   {'loss': 1.7989670038223267, 'learning_rate': 1e-06, 'global_step': 2530, 'zo_forward_step': 5062, 'max_steps': 20000, 'max_zo_forward_steps': 0, 'time': 330, 'eps': 0.001}
03/26/2026 03:22:04 - INFO - src.trainer -   {'loss': 1.0681618452072144, 'learning_rate': 1e-06, 'global_step': 2540, 'zo_forward_step': 5082, 'max_steps': 20000, 'max_zo_forward_steps': 0, 'time': 331, 'eps': 0.001}
03/26/2026 03:22:05 - INFO - src.trainer -   {'loss': 1.7586241960525513, 'learning_rate': 1e-06, 'global_step': 2550, 'zo_forward_step': 5102, 'max_steps': 20000, 'max_zo_forward_steps': 0, 'time': 332, 'eps': 0.001}
03/26/2026 03:22:06 - INFO - src.trainer -   {'loss': 1.8004051446914673, 'learning_rate': 1e-06, 'global_step': 2560, 'zo_forward_step': 5122, 'max_steps': 20000, 'max_zo_forward_steps': 0, 'time': 333, 'eps': 0.001}
03/26/2026 03:22:07 - INFO - src.trainer -   {'loss': 1.1127245426177979, 'learning_rate': 1e-06, 'global_step': 2570, 'zo_forward_step': 5142, 'max_steps': 20000, 'max_zo_forward_steps': 0, 'time': 334, 'eps': 0.001}
03/26/2026 03:22:08 - INFO - src.trainer -   {'loss': 1.6551024913787842, 'learning_rate': 1e-06, 'global_step': 2580, 'zo_forward_step': 5162, 'max_steps': 20000, 'max_zo_forward_steps': 0, 'time': 335, 'eps': 0.001}
03/26/2026 03:22:09 - INFO - src.trainer -   {'loss': 1.835260033607483, 'learning_rate': 1e-06, 'global_step': 2590, 'zo_forward_step': 5182, 'max_steps': 20000, 'max_zo_forward_steps': 0, 'time': 337, 'eps': 0.001}
241it [05:14,  1.55s/it]252it [05:14,  1.05s/it]03/26/2026 03:22:11 - INFO - src.trainer -   {'eval_loss': 1.6617333889007568, 'eval_acc': 0.2}
03/26/2026 03:22:13 - INFO - src.trainer -   [zo_probe] step=2600 eps=1.000e-03 precision=fp32 n=16 mae=6.074788e-01 rmse=7.196376e-01 sign_acc=1.0000 corr=0.999875
03/26/2026 03:22:13 - INFO - src.trainer -   {'loss': 1.1176984310150146, 'learning_rate': 1e-06, 'global_step': 2600, 'zo_forward_step': 5202, 'max_steps': 20000, 'max_zo_forward_steps': 0, 'time': 340, 'eps': 0.001}
03/26/2026 03:22:14 - INFO - src.trainer -   {'loss': 1.689371943473816, 'learning_rate': 1e-06, 'global_step': 2610, 'zo_forward_step': 5222, 'max_steps': 20000, 'max_zo_forward_steps': 0, 'time': 341, 'eps': 0.001}
03/26/2026 03:22:15 - INFO - src.trainer -   {'loss': 1.8108701705932617, 'learning_rate': 1e-06, 'global_step': 2620, 'zo_forward_step': 5242, 'max_steps': 20000, 'max_zo_forward_steps': 0, 'time': 342, 'eps': 0.001}
03/26/2026 03:22:16 - INFO - src.trainer -   {'loss': 1.0719412565231323, 'learning_rate': 1e-06, 'global_step': 2630, 'zo_forward_step': 5262, 'max_steps': 20000, 'max_zo_forward_steps': 0, 'time': 343, 'eps': 0.001}
03/26/2026 03:22:17 - INFO - src.trainer -   {'loss': 1.74739670753479, 'learning_rate': 1e-06, 'global_step': 2640, 'zo_forward_step': 5282, 'max_steps': 20000, 'max_zo_forward_steps': 0, 'time': 345, 'eps': 0.001}
03/26/2026 03:22:19 - INFO - src.trainer -   {'loss': 1.7823930978775024, 'learning_rate': 1e-06, 'global_step': 2650, 'zo_forward_step': 5302, 'max_steps': 20000, 'max_zo_forward_steps': 0, 'time': 346, 'eps': 0.001}
03/26/2026 03:22:20 - INFO - src.trainer -   {'loss': 1.0346436500549316, 'learning_rate': 1e-06, 'global_step': 2660, 'zo_forward_step': 5322, 'max_steps': 20000, 'max_zo_forward_steps': 0, 'time': 347, 'eps': 0.001}
03/26/2026 03:22:21 - INFO - src.trainer -   {'loss': 1.681527018547058, 'learning_rate': 1e-06, 'global_step': 2670, 'zo_forward_step': 5342, 'max_steps': 20000, 'max_zo_forward_steps': 0, 'time': 348, 'eps': 0.001}
03/26/2026 03:22:22 - INFO - src.trainer -   {'loss': 1.815670371055603, 'learning_rate': 1e-06, 'global_step': 2680, 'zo_forward_step': 5362, 'max_steps': 20000, 'max_zo_forward_steps': 0, 'time': 349, 'eps': 0.001}
260it [05:26,  1.05s/it]03/26/2026 03:22:23 - INFO - src.trainer -   {'loss': 1.0562708377838135, 'learning_rate': 1e-06, 'global_step': 2690, 'zo_forward_step': 5382, 'max_steps': 20000, 'max_zo_forward_steps': 0, 'time': 350, 'eps': 0.001}
03/26/2026 03:22:24 - INFO - src.trainer -   {'loss': 1.7065383195877075, 'learning_rate': 1e-06, 'global_step': 2700, 'zo_forward_step': 5402, 'max_steps': 20000, 'max_zo_forward_steps': 0, 'time': 352, 'eps': 0.001}
03/26/2026 03:22:25 - INFO - src.trainer -   {'loss': 1.845777988433838, 'learning_rate': 1e-06, 'global_step': 2710, 'zo_forward_step': 5422, 'max_steps': 20000, 'max_zo_forward_steps': 0, 'time': 353, 'eps': 0.001}
03/26/2026 03:22:27 - INFO - src.trainer -   {'loss': 1.1366482973098755, 'learning_rate': 1e-06, 'global_step': 2720, 'zo_forward_step': 5442, 'max_steps': 20000, 'max_zo_forward_steps': 0, 'time': 354, 'eps': 0.001}
03/26/2026 03:22:28 - INFO - src.trainer -   {'loss': 1.685936689376831, 'learning_rate': 1e-06, 'global_step': 2730, 'zo_forward_step': 5462, 'max_steps': 20000, 'max_zo_forward_steps': 0, 'time': 355, 'eps': 0.001}
03/26/2026 03:22:29 - INFO - src.trainer -   {'loss': 1.801819920539856, 'learning_rate': 1e-06, 'global_step': 2740, 'zo_forward_step': 5482, 'max_steps': 20000, 'max_zo_forward_steps': 0, 'time': 356, 'eps': 0.001}
03/26/2026 03:22:30 - INFO - src.trainer -   {'loss': 1.0167896747589111, 'learning_rate': 1e-06, 'global_step': 2750, 'zo_forward_step': 5502, 'max_steps': 20000, 'max_zo_forward_steps': 0, 'time': 357, 'eps': 0.001}
03/26/2026 03:22:31 - INFO - src.trainer -   {'loss': 1.7779537439346313, 'learning_rate': 1e-06, 'global_step': 2760, 'zo_forward_step': 5522, 'max_steps': 20000, 'max_zo_forward_steps': 0, 'time': 358, 'eps': 0.001}
03/26/2026 03:22:32 - INFO - src.trainer -   {'loss': 1.8572510480880737, 'learning_rate': 1e-06, 'global_step': 2770, 'zo_forward_step': 5542, 'max_steps': 20000, 'max_zo_forward_steps': 0, 'time': 360, 'eps': 0.001}
03/26/2026 03:22:33 - INFO - src.trainer -   {'loss': 1.025597095489502, 'learning_rate': 1e-06, 'global_step': 2780, 'zo_forward_step': 5562, 'max_steps': 20000, 'max_zo_forward_steps': 0, 'time': 361, 'eps': 0.001}
03/26/2026 03:22:35 - INFO - src.trainer -   {'loss': 1.6751513481140137, 'learning_rate': 1e-06, 'global_step': 2790, 'zo_forward_step': 5582, 'max_steps': 20000, 'max_zo_forward_steps': 0, 'time': 362, 'eps': 0.001}
261it [05:40,  1.53s/it]272it [05:40,  1.04s/it]03/26/2026 03:22:36 - INFO - src.trainer -   {'eval_loss': 1.6605151891708374, 'eval_acc': 0.2}
03/26/2026 03:22:39 - INFO - src.trainer -   [zo_probe] step=2800 eps=1.000e-03 precision=fp32 n=16 mae=9.124324e-01 rmse=1.118767e+00 sign_acc=1.0000 corr=0.999769
03/26/2026 03:22:39 - INFO - src.trainer -   {'loss': 1.8108233213424683, 'learning_rate': 1e-06, 'global_step': 2800, 'zo_forward_step': 5602, 'max_steps': 20000, 'max_zo_forward_steps': 0, 'time': 366, 'eps': 0.001}
03/26/2026 03:22:40 - INFO - src.trainer -   {'loss': 0.9682030081748962, 'learning_rate': 1e-06, 'global_step': 2810, 'zo_forward_step': 5622, 'max_steps': 20000, 'max_zo_forward_steps': 0, 'time': 367, 'eps': 0.001}
03/26/2026 03:22:41 - INFO - src.trainer -   {'loss': 1.7824339866638184, 'learning_rate': 1e-06, 'global_step': 2820, 'zo_forward_step': 5642, 'max_steps': 20000, 'max_zo_forward_steps': 0, 'time': 368, 'eps': 0.001}
03/26/2026 03:22:42 - INFO - src.trainer -   {'loss': 1.8371307849884033, 'learning_rate': 1e-06, 'global_step': 2830, 'zo_forward_step': 5662, 'max_steps': 20000, 'max_zo_forward_steps': 0, 'time': 370, 'eps': 0.001}
03/26/2026 03:22:43 - INFO - src.trainer -   {'loss': 1.0051006078720093, 'learning_rate': 1e-06, 'global_step': 2840, 'zo_forward_step': 5682, 'max_steps': 20000, 'max_zo_forward_steps': 0, 'time': 371, 'eps': 0.001}
03/26/2026 03:22:45 - INFO - src.trainer -   {'loss': 1.77000093460083, 'learning_rate': 1e-06, 'global_step': 2850, 'zo_forward_step': 5702, 'max_steps': 20000, 'max_zo_forward_steps': 0, 'time': 372, 'eps': 0.001}
03/26/2026 03:22:46 - INFO - src.trainer -   {'loss': 1.840821385383606, 'learning_rate': 1e-06, 'global_step': 2860, 'zo_forward_step': 5722, 'max_steps': 20000, 'max_zo_forward_steps': 0, 'time': 373, 'eps': 0.001}
03/26/2026 03:22:47 - INFO - src.trainer -   {'loss': 1.0105681419372559, 'learning_rate': 1e-06, 'global_step': 2870, 'zo_forward_step': 5742, 'max_steps': 20000, 'max_zo_forward_steps': 0, 'time': 374, 'eps': 0.001}
03/26/2026 03:22:48 - INFO - src.trainer -   {'loss': 1.6925251483917236, 'learning_rate': 1e-06, 'global_step': 2880, 'zo_forward_step': 5762, 'max_steps': 20000, 'max_zo_forward_steps': 0, 'time': 375, 'eps': 0.001}
03/26/2026 03:22:49 - INFO - src.trainer -   {'loss': 1.7921602725982666, 'learning_rate': 1e-06, 'global_step': 2890, 'zo_forward_step': 5782, 'max_steps': 20000, 'max_zo_forward_steps': 0, 'time': 377, 'eps': 0.001}
03/26/2026 03:22:50 - INFO - src.trainer -   {'loss': 1.0710042715072632, 'learning_rate': 1e-06, 'global_step': 2900, 'zo_forward_step': 5802, 'max_steps': 20000, 'max_zo_forward_steps': 0, 'time': 378, 'eps': 0.001}
03/26/2026 03:22:52 - INFO - src.trainer -   {'loss': 1.6639012098312378, 'learning_rate': 1e-06, 'global_step': 2910, 'zo_forward_step': 5822, 'max_steps': 20000, 'max_zo_forward_steps': 0, 'time': 379, 'eps': 0.001}
280it [05:56,  1.04s/it]03/26/2026 03:22:53 - INFO - src.trainer -   {'loss': 1.866664171218872, 'learning_rate': 1e-06, 'global_step': 2920, 'zo_forward_step': 5842, 'max_steps': 20000, 'max_zo_forward_steps': 0, 'time': 380, 'eps': 0.001}
03/26/2026 03:22:54 - INFO - src.trainer -   {'loss': 1.0438309907913208, 'learning_rate': 1e-06, 'global_step': 2930, 'zo_forward_step': 5862, 'max_steps': 20000, 'max_zo_forward_steps': 0, 'time': 381, 'eps': 0.001}
03/26/2026 03:22:55 - INFO - src.trainer -   {'loss': 1.67228364944458, 'learning_rate': 1e-06, 'global_step': 2940, 'zo_forward_step': 5882, 'max_steps': 20000, 'max_zo_forward_steps': 0, 'time': 382, 'eps': 0.001}
03/26/2026 03:22:56 - INFO - src.trainer -   {'loss': 1.7158739566802979, 'learning_rate': 1e-06, 'global_step': 2950, 'zo_forward_step': 5902, 'max_steps': 20000, 'max_zo_forward_steps': 0, 'time': 383, 'eps': 0.001}
03/26/2026 03:22:57 - INFO - src.trainer -   {'loss': 1.1346088647842407, 'learning_rate': 1e-06, 'global_step': 2960, 'zo_forward_step': 5922, 'max_steps': 20000, 'max_zo_forward_steps': 0, 'time': 385, 'eps': 0.001}
03/26/2026 03:22:58 - INFO - src.trainer -   {'loss': 1.6866459846496582, 'learning_rate': 1e-06, 'global_step': 2970, 'zo_forward_step': 5942, 'max_steps': 20000, 'max_zo_forward_steps': 0, 'time': 386, 'eps': 0.001}
03/26/2026 03:23:00 - INFO - src.trainer -   {'loss': 1.812957763671875, 'learning_rate': 1e-06, 'global_step': 2980, 'zo_forward_step': 5962, 'max_steps': 20000, 'max_zo_forward_steps': 0, 'time': 387, 'eps': 0.001}
03/26/2026 03:23:01 - INFO - src.trainer -   {'loss': 1.058733344078064, 'learning_rate': 1e-06, 'global_step': 2990, 'zo_forward_step': 5982, 'max_steps': 20000, 'max_zo_forward_steps': 0, 'time': 388, 'eps': 0.001}
281it [06:06,  1.55s/it]292it [06:06,  1.05s/it]03/26/2026 03:23:02 - INFO - src.trainer -   {'eval_loss': 1.6543785333633423, 'eval_acc': 0.2}
03/26/2026 03:23:06 - INFO - src.trainer -   [zo_probe] step=3000 eps=1.000e-03 precision=fp32 n=16 mae=7.590623e-01 rmse=1.004139e+00 sign_acc=1.0000 corr=0.999569
03/26/2026 03:23:06 - INFO - src.trainer -   {'loss': 1.745300531387329, 'learning_rate': 1e-06, 'global_step': 3000, 'zo_forward_step': 6002, 'max_steps': 20000, 'max_zo_forward_steps': 0, 'time': 393, 'eps': 0.001}
03/26/2026 03:23:07 - INFO - src.trainer -   {'loss': 1.7090545892715454, 'learning_rate': 1e-06, 'global_step': 3010, 'zo_forward_step': 6022, 'max_steps': 20000, 'max_zo_forward_steps': 0, 'time': 395, 'eps': 0.001}
03/26/2026 03:23:08 - INFO - src.trainer -   {'loss': 1.0044364929199219, 'learning_rate': 1e-06, 'global_step': 3020, 'zo_forward_step': 6042, 'max_steps': 20000, 'max_zo_forward_steps': 0, 'time': 396, 'eps': 0.001}
03/26/2026 03:23:10 - INFO - src.trainer -   {'loss': 1.7276976108551025, 'learning_rate': 1e-06, 'global_step': 3030, 'zo_forward_step': 6062, 'max_steps': 20000, 'max_zo_forward_steps': 0, 'time': 397, 'eps': 0.001}
03/26/2026 03:23:11 - INFO - src.trainer -   {'loss': 1.7571741342544556, 'learning_rate': 1e-06, 'global_step': 3040, 'zo_forward_step': 6082, 'max_steps': 20000, 'max_zo_forward_steps': 0, 'time': 398, 'eps': 0.001}
03/26/2026 03:23:12 - INFO - src.trainer -   {'loss': 0.9568052291870117, 'learning_rate': 1e-06, 'global_step': 3050, 'zo_forward_step': 6102, 'max_steps': 20000, 'max_zo_forward_steps': 0, 'time': 399, 'eps': 0.001}
300it [06:16,  1.05s/it]03/26/2026 03:23:13 - INFO - src.trainer -   {'loss': 1.6962354183197021, 'learning_rate': 1e-06, 'global_step': 3060, 'zo_forward_step': 6122, 'max_steps': 20000, 'max_zo_forward_steps': 0, 'time': 400, 'eps': 0.001}
03/26/2026 03:23:14 - INFO - src.trainer -   {'loss': 1.8033111095428467, 'learning_rate': 1e-06, 'global_step': 3070, 'zo_forward_step': 6142, 'max_steps': 20000, 'max_zo_forward_steps': 0, 'time': 401, 'eps': 0.001}
03/26/2026 03:23:15 - INFO - src.trainer -   {'loss': 0.9614663124084473, 'learning_rate': 1e-06, 'global_step': 3080, 'zo_forward_step': 6162, 'max_steps': 20000, 'max_zo_forward_steps': 0, 'time': 403, 'eps': 0.001}
03/26/2026 03:23:16 - INFO - src.trainer -   {'loss': 1.665848731994629, 'learning_rate': 1e-06, 'global_step': 3090, 'zo_forward_step': 6182, 'max_steps': 20000, 'max_zo_forward_steps': 0, 'time': 404, 'eps': 0.001}
03/26/2026 03:23:18 - INFO - src.trainer -   {'loss': 1.8510733842849731, 'learning_rate': 1e-06, 'global_step': 3100, 'zo_forward_step': 6202, 'max_steps': 20000, 'max_zo_forward_steps': 0, 'time': 405, 'eps': 0.001}
03/26/2026 03:23:19 - INFO - src.trainer -   {'loss': 1.064782738685608, 'learning_rate': 1e-06, 'global_step': 3110, 'zo_forward_step': 6222, 'max_steps': 20000, 'max_zo_forward_steps': 0, 'time': 406, 'eps': 0.001}
03/26/2026 03:23:20 - INFO - src.trainer -   {'loss': 1.7541089057922363, 'learning_rate': 1e-06, 'global_step': 3120, 'zo_forward_step': 6242, 'max_steps': 20000, 'max_zo_forward_steps': 0, 'time': 407, 'eps': 0.001}
03/26/2026 03:23:21 - INFO - src.trainer -   {'loss': 1.6868133544921875, 'learning_rate': 1e-06, 'global_step': 3130, 'zo_forward_step': 6262, 'max_steps': 20000, 'max_zo_forward_steps': 0, 'time': 408, 'eps': 0.001}
03/26/2026 03:23:22 - INFO - src.trainer -   {'loss': 1.1163146495819092, 'learning_rate': 1e-06, 'global_step': 3140, 'zo_forward_step': 6282, 'max_steps': 20000, 'max_zo_forward_steps': 0, 'time': 409, 'eps': 0.001}
03/26/2026 03:23:23 - INFO - src.trainer -   {'loss': 1.7185114622116089, 'learning_rate': 1e-06, 'global_step': 3150, 'zo_forward_step': 6302, 'max_steps': 20000, 'max_zo_forward_steps': 0, 'time': 411, 'eps': 0.001}
03/26/2026 03:23:24 - INFO - src.trainer -   {'loss': 1.7557580471038818, 'learning_rate': 1e-06, 'global_step': 3160, 'zo_forward_step': 6322, 'max_steps': 20000, 'max_zo_forward_steps': 0, 'time': 412, 'eps': 0.001}
03/26/2026 03:23:25 - INFO - src.trainer -   {'loss': 1.1297390460968018, 'learning_rate': 1e-06, 'global_step': 3170, 'zo_forward_step': 6342, 'max_steps': 20000, 'max_zo_forward_steps': 0, 'time': 413, 'eps': 0.001}
03/26/2026 03:23:27 - INFO - src.trainer -   {'loss': 1.7052557468414307, 'learning_rate': 1e-06, 'global_step': 3180, 'zo_forward_step': 6362, 'max_steps': 20000, 'max_zo_forward_steps': 0, 'time': 414, 'eps': 0.001}
03/26/2026 03:23:28 - INFO - src.trainer -   {'loss': 1.7978652715682983, 'learning_rate': 1e-06, 'global_step': 3190, 'zo_forward_step': 6382, 'max_steps': 20000, 'max_zo_forward_steps': 0, 'time': 415, 'eps': 0.001}
301it [06:33,  1.58s/it]312it [06:33,  1.07s/it]03/26/2026 03:23:29 - INFO - src.trainer -   {'eval_loss': 1.6458641290664673, 'eval_acc': 0.2}
03/26/2026 03:23:31 - INFO - src.trainer -   [zo_probe] step=3200 eps=1.000e-03 precision=fp32 n=16 mae=1.060417e+00 rmse=1.270821e+00 sign_acc=1.0000 corr=0.999428
03/26/2026 03:23:31 - INFO - src.trainer -   {'loss': 1.063092827796936, 'learning_rate': 1e-06, 'global_step': 3200, 'zo_forward_step': 6402, 'max_steps': 20000, 'max_zo_forward_steps': 0, 'time': 418, 'eps': 0.001}
03/26/2026 03:23:32 - INFO - src.trainer -   {'loss': 1.667968988418579, 'learning_rate': 1e-06, 'global_step': 3210, 'zo_forward_step': 6422, 'max_steps': 20000, 'max_zo_forward_steps': 0, 'time': 420, 'eps': 0.001}
03/26/2026 03:23:33 - INFO - src.trainer -   {'loss': 1.7584483623504639, 'learning_rate': 1e-06, 'global_step': 3220, 'zo_forward_step': 6442, 'max_steps': 20000, 'max_zo_forward_steps': 0, 'time': 421, 'eps': 0.001}
03/26/2026 03:23:35 - INFO - src.trainer -   {'loss': 1.0160887241363525, 'learning_rate': 1e-06, 'global_step': 3230, 'zo_forward_step': 6462, 'max_steps': 20000, 'max_zo_forward_steps': 0, 'time': 422, 'eps': 0.001}
03/26/2026 03:23:36 - INFO - src.trainer -   {'loss': 1.6557313203811646, 'learning_rate': 1e-06, 'global_step': 3240, 'zo_forward_step': 6482, 'max_steps': 20000, 'max_zo_forward_steps': 0, 'time': 423, 'eps': 0.001}
03/26/2026 03:23:37 - INFO - src.trainer -   {'loss': 1.8172829151153564, 'learning_rate': 1e-06, 'global_step': 3250, 'zo_forward_step': 6502, 'max_steps': 20000, 'max_zo_forward_steps': 0, 'time': 424, 'eps': 0.001}
03/26/2026 03:23:38 - INFO - src.trainer -   {'loss': 1.0848674774169922, 'learning_rate': 1e-06, 'global_step': 3260, 'zo_forward_step': 6522, 'max_steps': 20000, 'max_zo_forward_steps': 0, 'time': 425, 'eps': 0.001}
03/26/2026 03:23:39 - INFO - src.trainer -   {'loss': 1.7142945528030396, 'learning_rate': 1e-06, 'global_step': 3270, 'zo_forward_step': 6542, 'max_steps': 20000, 'max_zo_forward_steps': 0, 'time': 426, 'eps': 0.001}
03/26/2026 03:23:40 - INFO - src.trainer -   {'loss': 1.8136235475540161, 'learning_rate': 1e-06, 'global_step': 3280, 'zo_forward_step': 6562, 'max_steps': 20000, 'max_zo_forward_steps': 0, 'time': 428, 'eps': 0.001}
03/26/2026 03:23:41 - INFO - src.trainer -   {'loss': 1.0460376739501953, 'learning_rate': 1e-06, 'global_step': 3290, 'zo_forward_step': 6582, 'max_steps': 20000, 'max_zo_forward_steps': 0, 'time': 429, 'eps': 0.001}
320it [06:46,  1.07s/it]03/26/2026 03:23:43 - INFO - src.trainer -   {'loss': 1.6673625707626343, 'learning_rate': 1e-06, 'global_step': 3300, 'zo_forward_step': 6602, 'max_steps': 20000, 'max_zo_forward_steps': 0, 'time': 430, 'eps': 0.001}
03/26/2026 03:23:44 - INFO - src.trainer -   {'loss': 1.8146361112594604, 'learning_rate': 1e-06, 'global_step': 3310, 'zo_forward_step': 6622, 'max_steps': 20000, 'max_zo_forward_steps': 0, 'time': 431, 'eps': 0.001}
03/26/2026 03:23:45 - INFO - src.trainer -   {'loss': 1.0911563634872437, 'learning_rate': 1e-06, 'global_step': 3320, 'zo_forward_step': 6642, 'max_steps': 20000, 'max_zo_forward_steps': 0, 'time': 432, 'eps': 0.001}
03/26/2026 03:23:46 - INFO - src.trainer -   {'loss': 1.6872456073760986, 'learning_rate': 1e-06, 'global_step': 3330, 'zo_forward_step': 6662, 'max_steps': 20000, 'max_zo_forward_steps': 0, 'time': 433, 'eps': 0.001}
03/26/2026 03:23:47 - INFO - src.trainer -   {'loss': 1.7380950450897217, 'learning_rate': 1e-06, 'global_step': 3340, 'zo_forward_step': 6682, 'max_steps': 20000, 'max_zo_forward_steps': 0, 'time': 434, 'eps': 0.001}
03/26/2026 03:23:48 - INFO - src.trainer -   {'loss': 1.1181327104568481, 'learning_rate': 1e-06, 'global_step': 3350, 'zo_forward_step': 6702, 'max_steps': 20000, 'max_zo_forward_steps': 0, 'time': 436, 'eps': 0.001}
03/26/2026 03:23:49 - INFO - src.trainer -   {'loss': 1.7094038724899292, 'learning_rate': 1e-06, 'global_step': 3360, 'zo_forward_step': 6722, 'max_steps': 20000, 'max_zo_forward_steps': 0, 'time': 437, 'eps': 0.001}
03/26/2026 03:23:51 - INFO - src.trainer -   {'loss': 1.7447547912597656, 'learning_rate': 1e-06, 'global_step': 3370, 'zo_forward_step': 6742, 'max_steps': 20000, 'max_zo_forward_steps': 0, 'time': 438, 'eps': 0.001}
03/26/2026 03:23:54 - INFO - src.trainer -   {'loss': 1.1128602027893066, 'learning_rate': 1e-06, 'global_step': 3380, 'zo_forward_step': 6762, 'max_steps': 20000, 'max_zo_forward_steps': 0, 'time': 441, 'eps': 0.001}
03/26/2026 03:23:55 - INFO - src.trainer -   {'loss': 1.6156048774719238, 'learning_rate': 1e-06, 'global_step': 3390, 'zo_forward_step': 6782, 'max_steps': 20000, 'max_zo_forward_steps': 0, 'time': 442, 'eps': 0.001}
321it [07:00,  1.61s/it]332it [07:00,  1.09s/it]03/26/2026 03:23:56 - INFO - src.trainer -   {'eval_loss': 1.6386512517929077, 'eval_acc': 0.2}
03/26/2026 03:23:59 - INFO - src.trainer -   [zo_probe] step=3400 eps=1.000e-03 precision=fp32 n=16 mae=1.250361e+00 rmse=1.690429e+00 sign_acc=1.0000 corr=0.997726
03/26/2026 03:23:59 - INFO - src.trainer -   {'loss': 1.7361630201339722, 'learning_rate': 1e-06, 'global_step': 3400, 'zo_forward_step': 6802, 'max_steps': 20000, 'max_zo_forward_steps': 0, 'time': 447, 'eps': 0.001}
03/26/2026 03:24:00 - INFO - src.trainer -   {'loss': 1.0959175825119019, 'learning_rate': 1e-06, 'global_step': 3410, 'zo_forward_step': 6822, 'max_steps': 20000, 'max_zo_forward_steps': 0, 'time': 448, 'eps': 0.001}
03/26/2026 03:24:02 - INFO - src.trainer -   {'loss': 1.687090277671814, 'learning_rate': 1e-06, 'global_step': 3420, 'zo_forward_step': 6842, 'max_steps': 20000, 'max_zo_forward_steps': 0, 'time': 449, 'eps': 0.001}
03/26/2026 03:24:03 - INFO - src.trainer -   {'loss': 1.746229887008667, 'learning_rate': 1e-06, 'global_step': 3430, 'zo_forward_step': 6862, 'max_steps': 20000, 'max_zo_forward_steps': 0, 'time': 450, 'eps': 0.001}
03/26/2026 03:24:04 - INFO - src.trainer -   {'loss': 1.0729522705078125, 'learning_rate': 1e-06, 'global_step': 3440, 'zo_forward_step': 6882, 'max_steps': 20000, 'max_zo_forward_steps': 0, 'time': 451, 'eps': 0.001}
03/26/2026 03:24:05 - INFO - src.trainer -   {'loss': 1.687422513961792, 'learning_rate': 1e-06, 'global_step': 3450, 'zo_forward_step': 6902, 'max_steps': 20000, 'max_zo_forward_steps': 0, 'time': 452, 'eps': 0.001}
03/26/2026 03:24:06 - INFO - src.trainer -   {'loss': 1.6732219457626343, 'learning_rate': 1e-06, 'global_step': 3460, 'zo_forward_step': 6922, 'max_steps': 20000, 'max_zo_forward_steps': 0, 'time': 454, 'eps': 0.001}
03/26/2026 03:24:07 - INFO - src.trainer -   {'loss': 1.1458524465560913, 'learning_rate': 1e-06, 'global_step': 3470, 'zo_forward_step': 6942, 'max_steps': 20000, 'max_zo_forward_steps': 0, 'time': 455, 'eps': 0.001}
03/26/2026 03:24:09 - INFO - src.trainer -   {'loss': 1.6418734788894653, 'learning_rate': 1e-06, 'global_step': 3480, 'zo_forward_step': 6962, 'max_steps': 20000, 'max_zo_forward_steps': 0, 'time': 456, 'eps': 0.001}
03/26/2026 03:24:10 - INFO - src.trainer -   {'loss': 1.7977708578109741, 'learning_rate': 1e-06, 'global_step': 3490, 'zo_forward_step': 6982, 'max_steps': 20000, 'max_zo_forward_steps': 0, 'time': 457, 'eps': 0.001}
03/26/2026 03:24:11 - INFO - src.trainer -   {'loss': 1.176693081855774, 'learning_rate': 1e-06, 'global_step': 3500, 'zo_forward_step': 7002, 'max_steps': 20000, 'max_zo_forward_steps': 0, 'time': 458, 'eps': 0.001}
03/26/2026 03:24:12 - INFO - src.trainer -   {'loss': 1.663481593132019, 'learning_rate': 1e-06, 'global_step': 3510, 'zo_forward_step': 7022, 'max_steps': 20000, 'max_zo_forward_steps': 0, 'time': 459, 'eps': 0.001}
340it [07:16,  1.09s/it]03/26/2026 03:24:13 - INFO - src.trainer -   {'loss': 1.7070063352584839, 'learning_rate': 1e-06, 'global_step': 3520, 'zo_forward_step': 7042, 'max_steps': 20000, 'max_zo_forward_steps': 0, 'time': 460, 'eps': 0.001}
03/26/2026 03:24:14 - INFO - src.trainer -   {'loss': 1.0620393753051758, 'learning_rate': 1e-06, 'global_step': 3530, 'zo_forward_step': 7062, 'max_steps': 20000, 'max_zo_forward_steps': 0, 'time': 462, 'eps': 0.001}
03/26/2026 03:24:15 - INFO - src.trainer -   {'loss': 1.7289766073226929, 'learning_rate': 1e-06, 'global_step': 3540, 'zo_forward_step': 7082, 'max_steps': 20000, 'max_zo_forward_steps': 0, 'time': 463, 'eps': 0.001}
03/26/2026 03:24:16 - INFO - src.trainer -   {'loss': 1.7804776430130005, 'learning_rate': 1e-06, 'global_step': 3550, 'zo_forward_step': 7102, 'max_steps': 20000, 'max_zo_forward_steps': 0, 'time': 464, 'eps': 0.001}
03/26/2026 03:24:18 - INFO - src.trainer -   {'loss': 1.1131237745285034, 'learning_rate': 1e-06, 'global_step': 3560, 'zo_forward_step': 7122, 'max_steps': 20000, 'max_zo_forward_steps': 0, 'time': 465, 'eps': 0.001}
03/26/2026 03:24:19 - INFO - src.trainer -   {'loss': 1.7202144861221313, 'learning_rate': 1e-06, 'global_step': 3570, 'zo_forward_step': 7142, 'max_steps': 20000, 'max_zo_forward_steps': 0, 'time': 466, 'eps': 0.001}
03/26/2026 03:24:20 - INFO - src.trainer -   {'loss': 1.7630062103271484, 'learning_rate': 1e-06, 'global_step': 3580, 'zo_forward_step': 7162, 'max_steps': 20000, 'max_zo_forward_steps': 0, 'time': 467, 'eps': 0.001}
03/26/2026 03:24:21 - INFO - src.trainer -   {'loss': 1.127007246017456, 'learning_rate': 1e-06, 'global_step': 3590, 'zo_forward_step': 7182, 'max_steps': 20000, 'max_zo_forward_steps': 0, 'time': 468, 'eps': 0.001}
341it [07:26,  1.58s/it]352it [07:26,  1.07s/it]03/26/2026 03:24:22 - INFO - src.trainer -   {'eval_loss': 1.642154335975647, 'eval_acc': 0.2}
03/26/2026 03:24:25 - INFO - src.trainer -   [zo_probe] step=3600 eps=1.000e-03 precision=fp32 n=16 mae=2.717307e+00 rmse=3.525241e+00 sign_acc=1.0000 corr=0.998716
03/26/2026 03:24:25 - INFO - src.trainer -   {'loss': 1.6542567014694214, 'learning_rate': 1e-06, 'global_step': 3600, 'zo_forward_step': 7202, 'max_steps': 20000, 'max_zo_forward_steps': 0, 'time': 473, 'eps': 0.001}
03/26/2026 03:24:26 - INFO - src.trainer -   {'loss': 1.7639788389205933, 'learning_rate': 1e-06, 'global_step': 3610, 'zo_forward_step': 7222, 'max_steps': 20000, 'max_zo_forward_steps': 0, 'time': 474, 'eps': 0.001}
03/26/2026 03:24:28 - INFO - src.trainer -   {'loss': 1.0776032209396362, 'learning_rate': 1e-06, 'global_step': 3620, 'zo_forward_step': 7242, 'max_steps': 20000, 'max_zo_forward_steps': 0, 'time': 475, 'eps': 0.001}
03/26/2026 03:24:29 - INFO - src.trainer -   {'loss': 1.6606074571609497, 'learning_rate': 1e-06, 'global_step': 3630, 'zo_forward_step': 7262, 'max_steps': 20000, 'max_zo_forward_steps': 0, 'time': 476, 'eps': 0.001}
03/26/2026 03:24:30 - INFO - src.trainer -   {'loss': 1.8038811683654785, 'learning_rate': 1e-06, 'global_step': 3640, 'zo_forward_step': 7282, 'max_steps': 20000, 'max_zo_forward_steps': 0, 'time': 477, 'eps': 0.001}
03/26/2026 03:24:31 - INFO - src.trainer -   {'loss': 1.0407716035842896, 'learning_rate': 1e-06, 'global_step': 3650, 'zo_forward_step': 7302, 'max_steps': 20000, 'max_zo_forward_steps': 0, 'time': 478, 'eps': 0.001}
360it [07:36,  1.07s/it]03/26/2026 03:24:32 - INFO - src.trainer -   {'loss': 1.7185009717941284, 'learning_rate': 1e-06, 'global_step': 3660, 'zo_forward_step': 7322, 'max_steps': 20000, 'max_zo_forward_steps': 0, 'time': 480, 'eps': 0.001}
03/26/2026 03:24:33 - INFO - src.trainer -   {'loss': 1.7815468311309814, 'learning_rate': 1e-06, 'global_step': 3670, 'zo_forward_step': 7342, 'max_steps': 20000, 'max_zo_forward_steps': 0, 'time': 481, 'eps': 0.001}
03/26/2026 03:24:35 - INFO - src.trainer -   {'loss': 1.067702054977417, 'learning_rate': 1e-06, 'global_step': 3680, 'zo_forward_step': 7362, 'max_steps': 20000, 'max_zo_forward_steps': 0, 'time': 482, 'eps': 0.001}
03/26/2026 03:24:36 - INFO - src.trainer -   {'loss': 1.670803427696228, 'learning_rate': 1e-06, 'global_step': 3690, 'zo_forward_step': 7382, 'max_steps': 20000, 'max_zo_forward_steps': 0, 'time': 483, 'eps': 0.001}
03/26/2026 03:24:37 - INFO - src.trainer -   {'loss': 1.8076084852218628, 'learning_rate': 1e-06, 'global_step': 3700, 'zo_forward_step': 7402, 'max_steps': 20000, 'max_zo_forward_steps': 0, 'time': 484, 'eps': 0.001}
03/26/2026 03:24:38 - INFO - src.trainer -   {'loss': 1.0464190244674683, 'learning_rate': 1e-06, 'global_step': 3710, 'zo_forward_step': 7422, 'max_steps': 20000, 'max_zo_forward_steps': 0, 'time': 485, 'eps': 0.001}
03/26/2026 03:24:39 - INFO - src.trainer -   {'loss': 1.7179607152938843, 'learning_rate': 1e-06, 'global_step': 3720, 'zo_forward_step': 7442, 'max_steps': 20000, 'max_zo_forward_steps': 0, 'time': 486, 'eps': 0.001}
03/26/2026 03:24:40 - INFO - src.trainer -   {'loss': 1.7316348552703857, 'learning_rate': 1e-06, 'global_step': 3730, 'zo_forward_step': 7462, 'max_steps': 20000, 'max_zo_forward_steps': 0, 'time': 488, 'eps': 0.001}
03/26/2026 03:24:41 - INFO - src.trainer -   {'loss': 1.0384670495986938, 'learning_rate': 1e-06, 'global_step': 3740, 'zo_forward_step': 7482, 'max_steps': 20000, 'max_zo_forward_steps': 0, 'time': 489, 'eps': 0.001}
03/26/2026 03:24:43 - INFO - src.trainer -   {'loss': 1.7593930959701538, 'learning_rate': 1e-06, 'global_step': 3750, 'zo_forward_step': 7502, 'max_steps': 20000, 'max_zo_forward_steps': 0, 'time': 490, 'eps': 0.001}
03/26/2026 03:24:44 - INFO - src.trainer -   {'loss': 1.7783417701721191, 'learning_rate': 1e-06, 'global_step': 3760, 'zo_forward_step': 7522, 'max_steps': 20000, 'max_zo_forward_steps': 0, 'time': 491, 'eps': 0.001}
03/26/2026 03:24:45 - INFO - src.trainer -   {'loss': 1.126829981803894, 'learning_rate': 1e-06, 'global_step': 3770, 'zo_forward_step': 7542, 'max_steps': 20000, 'max_zo_forward_steps': 0, 'time': 492, 'eps': 0.001}
03/26/2026 03:24:46 - INFO - src.trainer -   {'loss': 1.666783332824707, 'learning_rate': 1e-06, 'global_step': 3780, 'zo_forward_step': 7562, 'max_steps': 20000, 'max_zo_forward_steps': 0, 'time': 493, 'eps': 0.001}
03/26/2026 03:24:47 - INFO - src.trainer -   {'loss': 1.77738618850708, 'learning_rate': 1e-06, 'global_step': 3790, 'zo_forward_step': 7582, 'max_steps': 20000, 'max_zo_forward_steps': 0, 'time': 494, 'eps': 0.001}
361it [07:52,  1.57s/it]372it [07:52,  1.06s/it]03/26/2026 03:24:48 - INFO - src.trainer -   {'eval_loss': 1.6369011402130127, 'eval_acc': 0.2}
03/26/2026 03:24:50 - INFO - src.trainer -   [zo_probe] step=3800 eps=1.000e-03 precision=fp32 n=16 mae=1.165828e+00 rmse=1.406500e+00 sign_acc=0.9375 corr=0.998817
03/26/2026 03:24:50 - INFO - src.trainer -   {'loss': 1.0551860332489014, 'learning_rate': 1e-06, 'global_step': 3800, 'zo_forward_step': 7602, 'max_steps': 20000, 'max_zo_forward_steps': 0, 'time': 498, 'eps': 0.001}
03/26/2026 03:24:52 - INFO - src.trainer -   {'loss': 1.6374952793121338, 'learning_rate': 1e-06, 'global_step': 3810, 'zo_forward_step': 7622, 'max_steps': 20000, 'max_zo_forward_steps': 0, 'time': 499, 'eps': 0.001}
03/26/2026 03:24:53 - INFO - src.trainer -   {'loss': 1.8135234117507935, 'learning_rate': 1e-06, 'global_step': 3820, 'zo_forward_step': 7642, 'max_steps': 20000, 'max_zo_forward_steps': 0, 'time': 500, 'eps': 0.001}
03/26/2026 03:24:54 - INFO - src.trainer -   {'loss': 1.0715668201446533, 'learning_rate': 1e-06, 'global_step': 3830, 'zo_forward_step': 7662, 'max_steps': 20000, 'max_zo_forward_steps': 0, 'time': 501, 'eps': 0.001}
03/26/2026 03:24:55 - INFO - src.trainer -   {'loss': 1.6702880859375, 'learning_rate': 1e-06, 'global_step': 3840, 'zo_forward_step': 7682, 'max_steps': 20000, 'max_zo_forward_steps': 0, 'time': 502, 'eps': 0.001}
03/26/2026 03:24:56 - INFO - src.trainer -   {'loss': 1.7096272706985474, 'learning_rate': 1e-06, 'global_step': 3850, 'zo_forward_step': 7702, 'max_steps': 20000, 'max_zo_forward_steps': 0, 'time': 503, 'eps': 0.001}
03/26/2026 03:24:57 - INFO - src.trainer -   {'loss': 1.0210485458374023, 'learning_rate': 1e-06, 'global_step': 3860, 'zo_forward_step': 7722, 'max_steps': 20000, 'max_zo_forward_steps': 0, 'time': 505, 'eps': 0.001}
03/26/2026 03:24:58 - INFO - src.trainer -   {'loss': 1.6595653295516968, 'learning_rate': 1e-06, 'global_step': 3870, 'zo_forward_step': 7742, 'max_steps': 20000, 'max_zo_forward_steps': 0, 'time': 506, 'eps': 0.001}
03/26/2026 03:25:00 - INFO - src.trainer -   {'loss': 1.707558274269104, 'learning_rate': 1e-06, 'global_step': 3880, 'zo_forward_step': 7762, 'max_steps': 20000, 'max_zo_forward_steps': 0, 'time': 507, 'eps': 0.001}
03/26/2026 03:25:01 - INFO - src.trainer -   {'loss': 1.0315141677856445, 'learning_rate': 1e-06, 'global_step': 3890, 'zo_forward_step': 7782, 'max_steps': 20000, 'max_zo_forward_steps': 0, 'time': 508, 'eps': 0.001}
03/26/2026 03:25:02 - INFO - src.trainer -   {'loss': 1.7402379512786865, 'learning_rate': 1e-06, 'global_step': 3900, 'zo_forward_step': 7802, 'max_steps': 20000, 'max_zo_forward_steps': 0, 'time': 509, 'eps': 0.001}
380it [08:06,  1.06s/it]03/26/2026 03:25:03 - INFO - src.trainer -   {'loss': 1.7014939785003662, 'learning_rate': 1e-06, 'global_step': 3910, 'zo_forward_step': 7822, 'max_steps': 20000, 'max_zo_forward_steps': 0, 'time': 510, 'eps': 0.001}
03/26/2026 03:25:04 - INFO - src.trainer -   {'loss': 1.1033908128738403, 'learning_rate': 1e-06, 'global_step': 3920, 'zo_forward_step': 7842, 'max_steps': 20000, 'max_zo_forward_steps': 0, 'time': 511, 'eps': 0.001}
03/26/2026 03:25:05 - INFO - src.trainer -   {'loss': 1.6523188352584839, 'learning_rate': 1e-06, 'global_step': 3930, 'zo_forward_step': 7862, 'max_steps': 20000, 'max_zo_forward_steps': 0, 'time': 513, 'eps': 0.001}
03/26/2026 03:25:06 - INFO - src.trainer -   {'loss': 1.8129230737686157, 'learning_rate': 1e-06, 'global_step': 3940, 'zo_forward_step': 7882, 'max_steps': 20000, 'max_zo_forward_steps': 0, 'time': 514, 'eps': 0.001}
03/26/2026 03:25:08 - INFO - src.trainer -   {'loss': 1.086143970489502, 'learning_rate': 1e-06, 'global_step': 3950, 'zo_forward_step': 7902, 'max_steps': 20000, 'max_zo_forward_steps': 0, 'time': 515, 'eps': 0.001}
03/26/2026 03:25:09 - INFO - src.trainer -   {'loss': 1.7055846452713013, 'learning_rate': 1e-06, 'global_step': 3960, 'zo_forward_step': 7922, 'max_steps': 20000, 'max_zo_forward_steps': 0, 'time': 516, 'eps': 0.001}
03/26/2026 03:25:10 - INFO - src.trainer -   {'loss': 1.6733239889144897, 'learning_rate': 1e-06, 'global_step': 3970, 'zo_forward_step': 7942, 'max_steps': 20000, 'max_zo_forward_steps': 0, 'time': 517, 'eps': 0.001}
03/26/2026 03:25:11 - INFO - src.trainer -   {'loss': 1.104368805885315, 'learning_rate': 1e-06, 'global_step': 3980, 'zo_forward_step': 7962, 'max_steps': 20000, 'max_zo_forward_steps': 0, 'time': 518, 'eps': 0.001}
03/26/2026 03:25:12 - INFO - src.trainer -   {'loss': 1.6922427415847778, 'learning_rate': 1e-06, 'global_step': 3990, 'zo_forward_step': 7982, 'max_steps': 20000, 'max_zo_forward_steps': 0, 'time': 519, 'eps': 0.001}
381it [08:17,  1.53s/it]392it [08:17,  1.04s/it]03/26/2026 03:25:13 - INFO - src.trainer -   {'eval_loss': 1.623294472694397, 'eval_acc': 0.2125}
03/26/2026 03:25:16 - INFO - src.trainer -   [zo_probe] step=4000 eps=1.000e-03 precision=fp32 n=16 mae=9.000349e-01 rmse=1.183373e+00 sign_acc=1.0000 corr=0.999797
03/26/2026 03:25:16 - INFO - src.trainer -   {'loss': 1.6541391611099243, 'learning_rate': 1e-06, 'global_step': 4000, 'zo_forward_step': 8002, 'max_steps': 20000, 'max_zo_forward_steps': 0, 'time': 524, 'eps': 0.001}
03/26/2026 03:25:18 - INFO - src.trainer -   {'loss': 1.1065635681152344, 'learning_rate': 1e-06, 'global_step': 4010, 'zo_forward_step': 8022, 'max_steps': 20000, 'max_zo_forward_steps': 0, 'time': 525, 'eps': 0.001}
03/26/2026 03:25:19 - INFO - src.trainer -   {'loss': 1.6286908388137817, 'learning_rate': 1e-06, 'global_step': 4020, 'zo_forward_step': 8042, 'max_steps': 20000, 'max_zo_forward_steps': 0, 'time': 526, 'eps': 0.001}
03/26/2026 03:25:20 - INFO - src.trainer -   {'loss': 1.774745225906372, 'learning_rate': 1e-06, 'global_step': 4030, 'zo_forward_step': 8062, 'max_steps': 20000, 'max_zo_forward_steps': 0, 'time': 527, 'eps': 0.001}
03/26/2026 03:25:21 - INFO - src.trainer -   {'loss': 1.0821272134780884, 'learning_rate': 1e-06, 'global_step': 4040, 'zo_forward_step': 8082, 'max_steps': 20000, 'max_zo_forward_steps': 0, 'time': 528, 'eps': 0.001}
03/26/2026 03:25:22 - INFO - src.trainer -   {'loss': 1.7619563341140747, 'learning_rate': 1e-06, 'global_step': 4050, 'zo_forward_step': 8102, 'max_steps': 20000, 'max_zo_forward_steps': 0, 'time': 529, 'eps': 0.001}
03/26/2026 03:25:23 - INFO - src.trainer -   {'loss': 1.6372865438461304, 'learning_rate': 1e-06, 'global_step': 4060, 'zo_forward_step': 8122, 'max_steps': 20000, 'max_zo_forward_steps': 0, 'time': 531, 'eps': 0.001}
03/26/2026 03:25:24 - INFO - src.trainer -   {'loss': 1.0831325054168701, 'learning_rate': 1e-06, 'global_step': 4070, 'zo_forward_step': 8142, 'max_steps': 20000, 'max_zo_forward_steps': 0, 'time': 532, 'eps': 0.001}
03/26/2026 03:25:25 - INFO - src.trainer -   {'loss': 1.6216822862625122, 'learning_rate': 1e-06, 'global_step': 4080, 'zo_forward_step': 8162, 'max_steps': 20000, 'max_zo_forward_steps': 0, 'time': 533, 'eps': 0.001}
03/26/2026 03:25:27 - INFO - src.trainer -   {'loss': 1.7094923257827759, 'learning_rate': 1e-06, 'global_step': 4090, 'zo_forward_step': 8182, 'max_steps': 20000, 'max_zo_forward_steps': 0, 'time': 534, 'eps': 0.001}
03/26/2026 03:25:28 - INFO - src.trainer -   {'loss': 1.18372642993927, 'learning_rate': 1e-06, 'global_step': 4100, 'zo_forward_step': 8202, 'max_steps': 20000, 'max_zo_forward_steps': 0, 'time': 535, 'eps': 0.001}
03/26/2026 03:25:29 - INFO - src.trainer -   {'loss': 1.650003433227539, 'learning_rate': 1e-06, 'global_step': 4110, 'zo_forward_step': 8222, 'max_steps': 20000, 'max_zo_forward_steps': 0, 'time': 536, 'eps': 0.001}
03/26/2026 03:25:30 - INFO - src.trainer -   {'loss': 1.6528071165084839, 'learning_rate': 1e-06, 'global_step': 4120, 'zo_forward_step': 8242, 'max_steps': 20000, 'max_zo_forward_steps': 0, 'time': 537, 'eps': 0.001}
03/26/2026 03:25:31 - INFO - src.trainer -   {'loss': 1.1561293601989746, 'learning_rate': 1e-06, 'global_step': 4130, 'zo_forward_step': 8262, 'max_steps': 20000, 'max_zo_forward_steps': 0, 'time': 538, 'eps': 0.001}
400it [08:36,  1.04s/it]03/26/2026 03:25:32 - INFO - src.trainer -   {'loss': 1.648522138595581, 'learning_rate': 1e-06, 'global_step': 4140, 'zo_forward_step': 8282, 'max_steps': 20000, 'max_zo_forward_steps': 0, 'time': 540, 'eps': 0.001}
03/26/2026 03:25:33 - INFO - src.trainer -   {'loss': 1.652028203010559, 'learning_rate': 1e-06, 'global_step': 4150, 'zo_forward_step': 8302, 'max_steps': 20000, 'max_zo_forward_steps': 0, 'time': 541, 'eps': 0.001}
03/26/2026 03:25:35 - INFO - src.trainer -   {'loss': 1.1891028881072998, 'learning_rate': 1e-06, 'global_step': 4160, 'zo_forward_step': 8322, 'max_steps': 20000, 'max_zo_forward_steps': 0, 'time': 542, 'eps': 0.001}
03/26/2026 03:25:36 - INFO - src.trainer -   {'loss': 1.7077693939208984, 'learning_rate': 1e-06, 'global_step': 4170, 'zo_forward_step': 8342, 'max_steps': 20000, 'max_zo_forward_steps': 0, 'time': 543, 'eps': 0.001}
03/26/2026 03:25:37 - INFO - src.trainer -   {'loss': 1.6470301151275635, 'learning_rate': 1e-06, 'global_step': 4180, 'zo_forward_step': 8362, 'max_steps': 20000, 'max_zo_forward_steps': 0, 'time': 544, 'eps': 0.001}
03/26/2026 03:25:38 - INFO - src.trainer -   {'loss': 1.054856777191162, 'learning_rate': 1e-06, 'global_step': 4190, 'zo_forward_step': 8382, 'max_steps': 20000, 'max_zo_forward_steps': 0, 'time': 545, 'eps': 0.001}
401it [08:43,  1.54s/it]412it [08:43,  1.04s/it]03/26/2026 03:25:39 - INFO - src.trainer -   {'eval_loss': 1.6174180507659912, 'eval_acc': 0.2125}
03/26/2026 03:25:42 - INFO - src.trainer -   [zo_probe] step=4200 eps=1.000e-03 precision=fp32 n=16 mae=6.795404e-01 rmse=8.284046e-01 sign_acc=1.0000 corr=0.999865
03/26/2026 03:25:42 - INFO - src.trainer -   {'loss': 1.689197063446045, 'learning_rate': 1e-06, 'global_step': 4200, 'zo_forward_step': 8402, 'max_steps': 20000, 'max_zo_forward_steps': 0, 'time': 550, 'eps': 0.001}
03/26/2026 03:25:43 - INFO - src.trainer -   {'loss': 1.635108232498169, 'learning_rate': 1e-06, 'global_step': 4210, 'zo_forward_step': 8422, 'max_steps': 20000, 'max_zo_forward_steps': 0, 'time': 551, 'eps': 0.001}
03/26/2026 03:25:45 - INFO - src.trainer -   {'loss': 1.04851496219635, 'learning_rate': 1e-06, 'global_step': 4220, 'zo_forward_step': 8442, 'max_steps': 20000, 'max_zo_forward_steps': 0, 'time': 552, 'eps': 0.001}
03/26/2026 03:25:46 - INFO - src.trainer -   {'loss': 1.6791201829910278, 'learning_rate': 1e-06, 'global_step': 4230, 'zo_forward_step': 8462, 'max_steps': 20000, 'max_zo_forward_steps': 0, 'time': 553, 'eps': 0.001}
03/26/2026 03:25:47 - INFO - src.trainer -   {'loss': 1.5722839832305908, 'learning_rate': 1e-06, 'global_step': 4240, 'zo_forward_step': 8482, 'max_steps': 20000, 'max_zo_forward_steps': 0, 'time': 554, 'eps': 0.001}
03/26/2026 03:25:48 - INFO - src.trainer -   {'loss': 1.1381759643554688, 'learning_rate': 1e-06, 'global_step': 4250, 'zo_forward_step': 8502, 'max_steps': 20000, 'max_zo_forward_steps': 0, 'time': 555, 'eps': 0.001}
03/26/2026 03:25:49 - INFO - src.trainer -   {'loss': 1.7709617614746094, 'learning_rate': 1e-06, 'global_step': 4260, 'zo_forward_step': 8522, 'max_steps': 20000, 'max_zo_forward_steps': 0, 'time': 556, 'eps': 0.001}
03/26/2026 03:25:50 - INFO - src.trainer -   {'loss': 1.6138498783111572, 'learning_rate': 1e-06, 'global_step': 4270, 'zo_forward_step': 8542, 'max_steps': 20000, 'max_zo_forward_steps': 0, 'time': 558, 'eps': 0.001}
03/26/2026 03:25:51 - INFO - src.trainer -   {'loss': 1.2057632207870483, 'learning_rate': 1e-06, 'global_step': 4280, 'zo_forward_step': 8562, 'max_steps': 20000, 'max_zo_forward_steps': 0, 'time': 559, 'eps': 0.001}
420it [08:56,  1.04s/it]03/26/2026 03:25:53 - INFO - src.trainer -   {'loss': 1.772521734237671, 'learning_rate': 1e-06, 'global_step': 4290, 'zo_forward_step': 8582, 'max_steps': 20000, 'max_zo_forward_steps': 0, 'time': 560, 'eps': 0.001}
03/26/2026 03:25:54 - INFO - src.trainer -   {'loss': 1.6484394073486328, 'learning_rate': 1e-06, 'global_step': 4300, 'zo_forward_step': 8602, 'max_steps': 20000, 'max_zo_forward_steps': 0, 'time': 561, 'eps': 0.001}
03/26/2026 03:25:55 - INFO - src.trainer -   {'loss': 1.0518208742141724, 'learning_rate': 1e-06, 'global_step': 4310, 'zo_forward_step': 8622, 'max_steps': 20000, 'max_zo_forward_steps': 0, 'time': 562, 'eps': 0.001}
03/26/2026 03:25:56 - INFO - src.trainer -   {'loss': 1.702438235282898, 'learning_rate': 1e-06, 'global_step': 4320, 'zo_forward_step': 8642, 'max_steps': 20000, 'max_zo_forward_steps': 0, 'time': 563, 'eps': 0.001}
03/26/2026 03:25:59 - INFO - src.trainer -   {'loss': 1.5601693391799927, 'learning_rate': 1e-06, 'global_step': 4330, 'zo_forward_step': 8662, 'max_steps': 20000, 'max_zo_forward_steps': 0, 'time': 566, 'eps': 0.001}
03/26/2026 03:26:00 - INFO - src.trainer -   {'loss': 1.1348782777786255, 'learning_rate': 1e-06, 'global_step': 4340, 'zo_forward_step': 8682, 'max_steps': 20000, 'max_zo_forward_steps': 0, 'time': 567, 'eps': 0.001}
03/26/2026 03:26:01 - INFO - src.trainer -   {'loss': 1.6493606567382812, 'learning_rate': 1e-06, 'global_step': 4350, 'zo_forward_step': 8702, 'max_steps': 20000, 'max_zo_forward_steps': 0, 'time': 568, 'eps': 0.001}
03/26/2026 03:26:02 - INFO - src.trainer -   {'loss': 1.6579921245574951, 'learning_rate': 1e-06, 'global_step': 4360, 'zo_forward_step': 8722, 'max_steps': 20000, 'max_zo_forward_steps': 0, 'time': 569, 'eps': 0.001}
03/26/2026 03:26:03 - INFO - src.trainer -   {'loss': 1.1298303604125977, 'learning_rate': 1e-06, 'global_step': 4370, 'zo_forward_step': 8742, 'max_steps': 20000, 'max_zo_forward_steps': 0, 'time': 570, 'eps': 0.001}
03/26/2026 03:26:04 - INFO - src.trainer -   {'loss': 1.7006953954696655, 'learning_rate': 1e-06, 'global_step': 4380, 'zo_forward_step': 8762, 'max_steps': 20000, 'max_zo_forward_steps': 0, 'time': 572, 'eps': 0.001}
03/26/2026 03:26:05 - INFO - src.trainer -   {'loss': 1.6973514556884766, 'learning_rate': 1e-06, 'global_step': 4390, 'zo_forward_step': 8782, 'max_steps': 20000, 'max_zo_forward_steps': 0, 'time': 573, 'eps': 0.001}
421it [09:10,  1.59s/it]432it [09:11,  1.08s/it]03/26/2026 03:26:07 - INFO - src.trainer -   {'eval_loss': 1.6221256256103516, 'eval_acc': 0.2125}
03/26/2026 03:26:09 - INFO - src.trainer -   [zo_probe] step=4400 eps=1.000e-03 precision=fp32 n=16 mae=6.457021e-01 rmse=8.178083e-01 sign_acc=0.9375 corr=0.999823
03/26/2026 03:26:09 - INFO - src.trainer -   {'loss': 1.062355875968933, 'learning_rate': 1e-06, 'global_step': 4400, 'zo_forward_step': 8802, 'max_steps': 20000, 'max_zo_forward_steps': 0, 'time': 576, 'eps': 0.001}
03/26/2026 03:26:10 - INFO - src.trainer -   {'loss': 1.768372893333435, 'learning_rate': 1e-06, 'global_step': 4410, 'zo_forward_step': 8822, 'max_steps': 20000, 'max_zo_forward_steps': 0, 'time': 577, 'eps': 0.001}
03/26/2026 03:26:11 - INFO - src.trainer -   {'loss': 1.684566617012024, 'learning_rate': 1e-06, 'global_step': 4420, 'zo_forward_step': 8842, 'max_steps': 20000, 'max_zo_forward_steps': 0, 'time': 578, 'eps': 0.001}
03/26/2026 03:26:12 - INFO - src.trainer -   {'loss': 1.102569818496704, 'learning_rate': 1e-06, 'global_step': 4430, 'zo_forward_step': 8862, 'max_steps': 20000, 'max_zo_forward_steps': 0, 'time': 579, 'eps': 0.001}
03/26/2026 03:26:13 - INFO - src.trainer -   {'loss': 1.7711946964263916, 'learning_rate': 1e-06, 'global_step': 4440, 'zo_forward_step': 8882, 'max_steps': 20000, 'max_zo_forward_steps': 0, 'time': 581, 'eps': 0.001}
03/26/2026 03:26:14 - INFO - src.trainer -   {'loss': 1.67831552028656, 'learning_rate': 1e-06, 'global_step': 4450, 'zo_forward_step': 8902, 'max_steps': 20000, 'max_zo_forward_steps': 0, 'time': 582, 'eps': 0.001}
03/26/2026 03:26:16 - INFO - src.trainer -   {'loss': 1.0688490867614746, 'learning_rate': 1e-06, 'global_step': 4460, 'zo_forward_step': 8922, 'max_steps': 20000, 'max_zo_forward_steps': 0, 'time': 583, 'eps': 0.001}
03/26/2026 03:26:17 - INFO - src.trainer -   {'loss': 1.7013055086135864, 'learning_rate': 1e-06, 'global_step': 4470, 'zo_forward_step': 8942, 'max_steps': 20000, 'max_zo_forward_steps': 0, 'time': 584, 'eps': 0.001}
03/26/2026 03:26:18 - INFO - src.trainer -   {'loss': 1.6022151708602905, 'learning_rate': 1e-06, 'global_step': 4480, 'zo_forward_step': 8962, 'max_steps': 20000, 'max_zo_forward_steps': 0, 'time': 585, 'eps': 0.001}
03/26/2026 03:26:19 - INFO - src.trainer -   {'loss': 1.0612282752990723, 'learning_rate': 1e-06, 'global_step': 4490, 'zo_forward_step': 8982, 'max_steps': 20000, 'max_zo_forward_steps': 0, 'time': 586, 'eps': 0.001}
03/26/2026 03:26:20 - INFO - src.trainer -   {'loss': 1.7878726720809937, 'learning_rate': 1e-06, 'global_step': 4500, 'zo_forward_step': 9002, 'max_steps': 20000, 'max_zo_forward_steps': 0, 'time': 587, 'eps': 0.001}
03/26/2026 03:26:21 - INFO - src.trainer -   {'loss': 1.6793110370635986, 'learning_rate': 1e-06, 'global_step': 4510, 'zo_forward_step': 9022, 'max_steps': 20000, 'max_zo_forward_steps': 0, 'time': 589, 'eps': 0.001}
440it [09:26,  1.08s/it]03/26/2026 03:26:23 - INFO - src.trainer -   {'loss': 1.0927975177764893, 'learning_rate': 1e-06, 'global_step': 4520, 'zo_forward_step': 9042, 'max_steps': 20000, 'max_zo_forward_steps': 0, 'time': 590, 'eps': 0.001}
03/26/2026 03:26:24 - INFO - src.trainer -   {'loss': 1.7332911491394043, 'learning_rate': 1e-06, 'global_step': 4530, 'zo_forward_step': 9062, 'max_steps': 20000, 'max_zo_forward_steps': 0, 'time': 591, 'eps': 0.001}
03/26/2026 03:26:25 - INFO - src.trainer -   {'loss': 1.6929939985275269, 'learning_rate': 1e-06, 'global_step': 4540, 'zo_forward_step': 9082, 'max_steps': 20000, 'max_zo_forward_steps': 0, 'time': 592, 'eps': 0.001}
03/26/2026 03:26:26 - INFO - src.trainer -   {'loss': 1.1779372692108154, 'learning_rate': 1e-06, 'global_step': 4550, 'zo_forward_step': 9102, 'max_steps': 20000, 'max_zo_forward_steps': 0, 'time': 593, 'eps': 0.001}
03/26/2026 03:26:27 - INFO - src.trainer -   {'loss': 1.7319813966751099, 'learning_rate': 1e-06, 'global_step': 4560, 'zo_forward_step': 9122, 'max_steps': 20000, 'max_zo_forward_steps': 0, 'time': 594, 'eps': 0.001}
03/26/2026 03:26:28 - INFO - src.trainer -   {'loss': 1.6976712942123413, 'learning_rate': 1e-06, 'global_step': 4570, 'zo_forward_step': 9142, 'max_steps': 20000, 'max_zo_forward_steps': 0, 'time': 596, 'eps': 0.001}
03/26/2026 03:26:29 - INFO - src.trainer -   {'loss': 1.1172599792480469, 'learning_rate': 1e-06, 'global_step': 4580, 'zo_forward_step': 9162, 'max_steps': 20000, 'max_zo_forward_steps': 0, 'time': 597, 'eps': 0.001}
03/26/2026 03:26:31 - INFO - src.trainer -   {'loss': 1.7631580829620361, 'learning_rate': 1e-06, 'global_step': 4590, 'zo_forward_step': 9182, 'max_steps': 20000, 'max_zo_forward_steps': 0, 'time': 598, 'eps': 0.001}
441it [09:36,  1.55s/it]452it [09:36,  1.05s/it]03/26/2026 03:26:32 - INFO - src.trainer -   {'eval_loss': 1.6154743432998657, 'eval_acc': 0.2125}
03/26/2026 03:26:35 - INFO - src.trainer -   [zo_probe] step=4600 eps=1.000e-03 precision=fp32 n=16 mae=1.786348e+00 rmse=2.637314e+00 sign_acc=1.0000 corr=0.996593
03/26/2026 03:26:35 - INFO - src.trainer -   {'loss': 1.6621756553649902, 'learning_rate': 1e-06, 'global_step': 4600, 'zo_forward_step': 9202, 'max_steps': 20000, 'max_zo_forward_steps': 0, 'time': 602, 'eps': 0.001}
03/26/2026 03:26:36 - INFO - src.trainer -   {'loss': 1.0863863229751587, 'learning_rate': 1e-06, 'global_step': 4610, 'zo_forward_step': 9222, 'max_steps': 20000, 'max_zo_forward_steps': 0, 'time': 603, 'eps': 0.001}
03/26/2026 03:26:37 - INFO - src.trainer -   {'loss': 1.6944334506988525, 'learning_rate': 1e-06, 'global_step': 4620, 'zo_forward_step': 9242, 'max_steps': 20000, 'max_zo_forward_steps': 0, 'time': 604, 'eps': 0.001}
03/26/2026 03:26:38 - INFO - src.trainer -   {'loss': 1.6128313541412354, 'learning_rate': 1e-06, 'global_step': 4630, 'zo_forward_step': 9262, 'max_steps': 20000, 'max_zo_forward_steps': 0, 'time': 606, 'eps': 0.001}
03/26/2026 03:26:39 - INFO - src.trainer -   {'loss': 0.9917753338813782, 'learning_rate': 1e-06, 'global_step': 4640, 'zo_forward_step': 9282, 'max_steps': 20000, 'max_zo_forward_steps': 0, 'time': 607, 'eps': 0.001}
03/26/2026 03:26:41 - INFO - src.trainer -   {'loss': 1.7572863101959229, 'learning_rate': 1e-06, 'global_step': 4650, 'zo_forward_step': 9302, 'max_steps': 20000, 'max_zo_forward_steps': 0, 'time': 608, 'eps': 0.001}
03/26/2026 03:26:42 - INFO - src.trainer -   {'loss': 1.6577019691467285, 'learning_rate': 1e-06, 'global_step': 4660, 'zo_forward_step': 9322, 'max_steps': 20000, 'max_zo_forward_steps': 0, 'time': 609, 'eps': 0.001}
460it [09:46,  1.05s/it]03/26/2026 03:26:43 - INFO - src.trainer -   {'loss': 1.1012555360794067, 'learning_rate': 1e-06, 'global_step': 4670, 'zo_forward_step': 9342, 'max_steps': 20000, 'max_zo_forward_steps': 0, 'time': 610, 'eps': 0.001}
03/26/2026 03:26:44 - INFO - src.trainer -   {'loss': 1.6898036003112793, 'learning_rate': 1e-06, 'global_step': 4680, 'zo_forward_step': 9362, 'max_steps': 20000, 'max_zo_forward_steps': 0, 'time': 611, 'eps': 0.001}
03/26/2026 03:26:45 - INFO - src.trainer -   {'loss': 1.6747547388076782, 'learning_rate': 1e-06, 'global_step': 4690, 'zo_forward_step': 9382, 'max_steps': 20000, 'max_zo_forward_steps': 0, 'time': 612, 'eps': 0.001}
03/26/2026 03:26:46 - INFO - src.trainer -   {'loss': 1.0431544780731201, 'learning_rate': 1e-06, 'global_step': 4700, 'zo_forward_step': 9402, 'max_steps': 20000, 'max_zo_forward_steps': 0, 'time': 614, 'eps': 0.001}
03/26/2026 03:26:47 - INFO - src.trainer -   {'loss': 1.623717188835144, 'learning_rate': 1e-06, 'global_step': 4710, 'zo_forward_step': 9422, 'max_steps': 20000, 'max_zo_forward_steps': 0, 'time': 615, 'eps': 0.001}
03/26/2026 03:26:49 - INFO - src.trainer -   {'loss': 1.7149431705474854, 'learning_rate': 1e-06, 'global_step': 4720, 'zo_forward_step': 9442, 'max_steps': 20000, 'max_zo_forward_steps': 0, 'time': 616, 'eps': 0.001}
03/26/2026 03:26:50 - INFO - src.trainer -   {'loss': 1.0449501276016235, 'learning_rate': 1e-06, 'global_step': 4730, 'zo_forward_step': 9462, 'max_steps': 20000, 'max_zo_forward_steps': 0, 'time': 617, 'eps': 0.001}
03/26/2026 03:26:51 - INFO - src.trainer -   {'loss': 1.6773784160614014, 'learning_rate': 1e-06, 'global_step': 4740, 'zo_forward_step': 9482, 'max_steps': 20000, 'max_zo_forward_steps': 0, 'time': 618, 'eps': 0.001}
03/26/2026 03:26:52 - INFO - src.trainer -   {'loss': 1.661727786064148, 'learning_rate': 1e-06, 'global_step': 4750, 'zo_forward_step': 9502, 'max_steps': 20000, 'max_zo_forward_steps': 0, 'time': 619, 'eps': 0.001}
03/26/2026 03:26:53 - INFO - src.trainer -   {'loss': 1.0688203573226929, 'learning_rate': 1e-06, 'global_step': 4760, 'zo_forward_step': 9522, 'max_steps': 20000, 'max_zo_forward_steps': 0, 'time': 620, 'eps': 0.001}
03/26/2026 03:26:54 - INFO - src.trainer -   {'loss': 1.6588951349258423, 'learning_rate': 1e-06, 'global_step': 4770, 'zo_forward_step': 9542, 'max_steps': 20000, 'max_zo_forward_steps': 0, 'time': 622, 'eps': 0.001}
03/26/2026 03:26:55 - INFO - src.trainer -   {'loss': 1.613304853439331, 'learning_rate': 1e-06, 'global_step': 4780, 'zo_forward_step': 9562, 'max_steps': 20000, 'max_zo_forward_steps': 0, 'time': 623, 'eps': 0.001}
03/26/2026 03:26:57 - INFO - src.trainer -   {'loss': 1.0893901586532593, 'learning_rate': 1e-06, 'global_step': 4790, 'zo_forward_step': 9582, 'max_steps': 20000, 'max_zo_forward_steps': 0, 'time': 624, 'eps': 0.001}
461it [10:02,  1.55s/it]472it [10:02,  1.05s/it]03/26/2026 03:26:58 - INFO - src.trainer -   {'eval_loss': 1.6127885580062866, 'eval_acc': 0.2125}
03/26/2026 03:27:01 - INFO - src.trainer -   [zo_probe] step=4800 eps=1.000e-03 precision=fp32 n=16 mae=1.155397e+00 rmse=1.289022e+00 sign_acc=1.0000 corr=0.999499
03/26/2026 03:27:01 - INFO - src.trainer -   {'loss': 1.7614904642105103, 'learning_rate': 1e-06, 'global_step': 4800, 'zo_forward_step': 9602, 'max_steps': 20000, 'max_zo_forward_steps': 0, 'time': 628, 'eps': 0.001}
03/26/2026 03:27:02 - INFO - src.trainer -   {'loss': 1.556997537612915, 'learning_rate': 1e-06, 'global_step': 4810, 'zo_forward_step': 9622, 'max_steps': 20000, 'max_zo_forward_steps': 0, 'time': 629, 'eps': 0.001}
03/26/2026 03:27:03 - INFO - src.trainer -   {'loss': 1.0334374904632568, 'learning_rate': 1e-06, 'global_step': 4820, 'zo_forward_step': 9642, 'max_steps': 20000, 'max_zo_forward_steps': 0, 'time': 630, 'eps': 0.001}
03/26/2026 03:27:04 - INFO - src.trainer -   {'loss': 1.724170207977295, 'learning_rate': 1e-06, 'global_step': 4830, 'zo_forward_step': 9662, 'max_steps': 20000, 'max_zo_forward_steps': 0, 'time': 632, 'eps': 0.001}
03/26/2026 03:27:05 - INFO - src.trainer -   {'loss': 1.6441205739974976, 'learning_rate': 1e-06, 'global_step': 4840, 'zo_forward_step': 9682, 'max_steps': 20000, 'max_zo_forward_steps': 0, 'time': 633, 'eps': 0.001}
03/26/2026 03:27:07 - INFO - src.trainer -   {'loss': 1.044135570526123, 'learning_rate': 1e-06, 'global_step': 4850, 'zo_forward_step': 9702, 'max_steps': 20000, 'max_zo_forward_steps': 0, 'time': 634, 'eps': 0.001}
03/26/2026 03:27:08 - INFO - src.trainer -   {'loss': 1.7080546617507935, 'learning_rate': 1e-06, 'global_step': 4860, 'zo_forward_step': 9722, 'max_steps': 20000, 'max_zo_forward_steps': 0, 'time': 635, 'eps': 0.001}
03/26/2026 03:27:09 - INFO - src.trainer -   {'loss': 1.6465458869934082, 'learning_rate': 1e-06, 'global_step': 4870, 'zo_forward_step': 9742, 'max_steps': 20000, 'max_zo_forward_steps': 0, 'time': 636, 'eps': 0.001}
03/26/2026 03:27:10 - INFO - src.trainer -   {'loss': 1.0238163471221924, 'learning_rate': 1e-06, 'global_step': 4880, 'zo_forward_step': 9762, 'max_steps': 20000, 'max_zo_forward_steps': 0, 'time': 637, 'eps': 0.001}
03/26/2026 03:27:11 - INFO - src.trainer -   {'loss': 1.7117398977279663, 'learning_rate': 1e-06, 'global_step': 4890, 'zo_forward_step': 9782, 'max_steps': 20000, 'max_zo_forward_steps': 0, 'time': 638, 'eps': 0.001}
480it [10:16,  1.05s/it]03/26/2026 03:27:12 - INFO - src.trainer -   {'loss': 1.5218620300292969, 'learning_rate': 1e-06, 'global_step': 4900, 'zo_forward_step': 9802, 'max_steps': 20000, 'max_zo_forward_steps': 0, 'time': 640, 'eps': 0.001}
03/26/2026 03:27:13 - INFO - src.trainer -   {'loss': 1.0346264839172363, 'learning_rate': 1e-06, 'global_step': 4910, 'zo_forward_step': 9822, 'max_steps': 20000, 'max_zo_forward_steps': 0, 'time': 641, 'eps': 0.001}
03/26/2026 03:27:15 - INFO - src.trainer -   {'loss': 1.6798827648162842, 'learning_rate': 1e-06, 'global_step': 4920, 'zo_forward_step': 9842, 'max_steps': 20000, 'max_zo_forward_steps': 0, 'time': 642, 'eps': 0.001}
03/26/2026 03:27:16 - INFO - src.trainer -   {'loss': 1.6289836168289185, 'learning_rate': 1e-06, 'global_step': 4930, 'zo_forward_step': 9862, 'max_steps': 20000, 'max_zo_forward_steps': 0, 'time': 643, 'eps': 0.001}
03/26/2026 03:27:17 - INFO - src.trainer -   {'loss': 1.1432713270187378, 'learning_rate': 1e-06, 'global_step': 4940, 'zo_forward_step': 9882, 'max_steps': 20000, 'max_zo_forward_steps': 0, 'time': 644, 'eps': 0.001}
03/26/2026 03:27:18 - INFO - src.trainer -   {'loss': 1.6573660373687744, 'learning_rate': 1e-06, 'global_step': 4950, 'zo_forward_step': 9902, 'max_steps': 20000, 'max_zo_forward_steps': 0, 'time': 646, 'eps': 0.001}
03/26/2026 03:27:20 - INFO - src.trainer -   {'loss': 1.6844974756240845, 'learning_rate': 1e-06, 'global_step': 4960, 'zo_forward_step': 9922, 'max_steps': 20000, 'max_zo_forward_steps': 0, 'time': 647, 'eps': 0.001}
03/26/2026 03:27:21 - INFO - src.trainer -   {'loss': 1.0454078912734985, 'learning_rate': 1e-06, 'global_step': 4970, 'zo_forward_step': 9942, 'max_steps': 20000, 'max_zo_forward_steps': 0, 'time': 648, 'eps': 0.001}
03/26/2026 03:27:22 - INFO - src.trainer -   {'loss': 1.731476902961731, 'learning_rate': 1e-06, 'global_step': 4980, 'zo_forward_step': 9962, 'max_steps': 20000, 'max_zo_forward_steps': 0, 'time': 649, 'eps': 0.001}
03/26/2026 03:27:23 - INFO - src.trainer -   {'loss': 1.7084171772003174, 'learning_rate': 1e-06, 'global_step': 4990, 'zo_forward_step': 9982, 'max_steps': 20000, 'max_zo_forward_steps': 0, 'time': 650, 'eps': 0.001}
481it [10:28,  1.57s/it]492it [10:28,  1.06s/it]03/26/2026 03:27:24 - INFO - src.trainer -   {'eval_loss': 1.6061737537384033, 'eval_acc': 0.2125}
03/26/2026 03:27:26 - INFO - src.trainer -   [zo_probe] step=5000 eps=1.000e-03 precision=fp32 n=16 mae=6.478553e-01 rmse=8.184746e-01 sign_acc=1.0000 corr=0.999801
03/26/2026 03:27:26 - INFO - src.trainer -   {'loss': 0.997901976108551, 'learning_rate': 1e-06, 'global_step': 5000, 'zo_forward_step': 10002, 'max_steps': 20000, 'max_zo_forward_steps': 0, 'time': 654, 'eps': 0.001}
03/26/2026 03:27:27 - INFO - src.trainer -   {'loss': 1.7068324089050293, 'learning_rate': 1e-06, 'global_step': 5010, 'zo_forward_step': 10022, 'max_steps': 20000, 'max_zo_forward_steps': 0, 'time': 655, 'eps': 0.001}
03/26/2026 03:27:29 - INFO - src.trainer -   {'loss': 1.6272462606430054, 'learning_rate': 1e-06, 'global_step': 5020, 'zo_forward_step': 10042, 'max_steps': 20000, 'max_zo_forward_steps': 0, 'time': 656, 'eps': 0.001}
03/26/2026 03:27:30 - INFO - src.trainer -   {'loss': 1.0588563680648804, 'learning_rate': 1e-06, 'global_step': 5030, 'zo_forward_step': 10062, 'max_steps': 20000, 'max_zo_forward_steps': 0, 'time': 657, 'eps': 0.001}
03/26/2026 03:27:31 - INFO - src.trainer -   {'loss': 1.6599527597427368, 'learning_rate': 1e-06, 'global_step': 5040, 'zo_forward_step': 10082, 'max_steps': 20000, 'max_zo_forward_steps': 0, 'time': 658, 'eps': 0.001}
03/26/2026 03:27:32 - INFO - src.trainer -   {'loss': 1.711193323135376, 'learning_rate': 1e-06, 'global_step': 5050, 'zo_forward_step': 10102, 'max_steps': 20000, 'max_zo_forward_steps': 0, 'time': 659, 'eps': 0.001}
03/26/2026 03:27:33 - INFO - src.trainer -   {'loss': 1.1216031312942505, 'learning_rate': 1e-06, 'global_step': 5060, 'zo_forward_step': 10122, 'max_steps': 20000, 'max_zo_forward_steps': 0, 'time': 660, 'eps': 0.001}
03/26/2026 03:27:34 - INFO - src.trainer -   {'loss': 1.6719424724578857, 'learning_rate': 1e-06, 'global_step': 5070, 'zo_forward_step': 10142, 'max_steps': 20000, 'max_zo_forward_steps': 0, 'time': 662, 'eps': 0.001}
03/26/2026 03:27:36 - INFO - src.trainer -   {'loss': 1.6338375806808472, 'learning_rate': 1e-06, 'global_step': 5080, 'zo_forward_step': 10162, 'max_steps': 20000, 'max_zo_forward_steps': 0, 'time': 663, 'eps': 0.001}
03/26/2026 03:27:37 - INFO - src.trainer -   {'loss': 1.0610885620117188, 'learning_rate': 1e-06, 'global_step': 5090, 'zo_forward_step': 10182, 'max_steps': 20000, 'max_zo_forward_steps': 0, 'time': 664, 'eps': 0.001}
03/26/2026 03:27:38 - INFO - src.trainer -   {'loss': 1.6545214653015137, 'learning_rate': 1e-06, 'global_step': 5100, 'zo_forward_step': 10202, 'max_steps': 20000, 'max_zo_forward_steps': 0, 'time': 665, 'eps': 0.001}
03/26/2026 03:27:39 - INFO - src.trainer -   {'loss': 1.6261045932769775, 'learning_rate': 1e-06, 'global_step': 5110, 'zo_forward_step': 10222, 'max_steps': 20000, 'max_zo_forward_steps': 0, 'time': 666, 'eps': 0.001}
03/26/2026 03:27:40 - INFO - src.trainer -   {'loss': 1.0034842491149902, 'learning_rate': 1e-06, 'global_step': 5120, 'zo_forward_step': 10242, 'max_steps': 20000, 'max_zo_forward_steps': 0, 'time': 668, 'eps': 0.001}
03/26/2026 03:27:41 - INFO - src.trainer -   {'loss': 1.718768835067749, 'learning_rate': 1e-06, 'global_step': 5130, 'zo_forward_step': 10262, 'max_steps': 20000, 'max_zo_forward_steps': 0, 'time': 669, 'eps': 0.001}
500it [10:46,  1.06s/it]03/26/2026 03:27:43 - INFO - src.trainer -   {'loss': 1.6617929935455322, 'learning_rate': 1e-06, 'global_step': 5140, 'zo_forward_step': 10282, 'max_steps': 20000, 'max_zo_forward_steps': 0, 'time': 670, 'eps': 0.001}
03/26/2026 03:27:44 - INFO - src.trainer -   {'loss': 1.045534372329712, 'learning_rate': 1e-06, 'global_step': 5150, 'zo_forward_step': 10302, 'max_steps': 20000, 'max_zo_forward_steps': 0, 'time': 671, 'eps': 0.001}
03/26/2026 03:27:45 - INFO - src.trainer -   {'loss': 1.6292164325714111, 'learning_rate': 1e-06, 'global_step': 5160, 'zo_forward_step': 10322, 'max_steps': 20000, 'max_zo_forward_steps': 0, 'time': 672, 'eps': 0.001}
03/26/2026 03:27:46 - INFO - src.trainer -   {'loss': 1.6445931196212769, 'learning_rate': 1e-06, 'global_step': 5170, 'zo_forward_step': 10342, 'max_steps': 20000, 'max_zo_forward_steps': 0, 'time': 673, 'eps': 0.001}
03/26/2026 03:27:47 - INFO - src.trainer -   {'loss': 1.030570387840271, 'learning_rate': 1e-06, 'global_step': 5180, 'zo_forward_step': 10362, 'max_steps': 20000, 'max_zo_forward_steps': 0, 'time': 674, 'eps': 0.001}
03/26/2026 03:27:48 - INFO - src.trainer -   {'loss': 1.6398240327835083, 'learning_rate': 1e-06, 'global_step': 5190, 'zo_forward_step': 10382, 'max_steps': 20000, 'max_zo_forward_steps': 0, 'time': 676, 'eps': 0.001}
501it [10:53,  1.54s/it]512it [10:53,  1.04s/it]03/26/2026 03:27:50 - INFO - src.trainer -   {'eval_loss': 1.606930136680603, 'eval_acc': 0.2125}
03/26/2026 03:27:52 - INFO - src.trainer -   [zo_probe] step=5200 eps=1.000e-03 precision=fp32 n=16 mae=5.337419e-01 rmse=6.924767e-01 sign_acc=0.9375 corr=0.999813
03/26/2026 03:27:53 - INFO - src.trainer -   {'loss': 1.6499868631362915, 'learning_rate': 1e-06, 'global_step': 5200, 'zo_forward_step': 10402, 'max_steps': 20000, 'max_zo_forward_steps': 0, 'time': 680, 'eps': 0.001}
03/26/2026 03:27:54 - INFO - src.trainer -   {'loss': 1.0375378131866455, 'learning_rate': 1e-06, 'global_step': 5210, 'zo_forward_step': 10422, 'max_steps': 20000, 'max_zo_forward_steps': 0, 'time': 681, 'eps': 0.001}
03/26/2026 03:27:55 - INFO - src.trainer -   {'loss': 1.656591773033142, 'learning_rate': 1e-06, 'global_step': 5220, 'zo_forward_step': 10442, 'max_steps': 20000, 'max_zo_forward_steps': 0, 'time': 682, 'eps': 0.001}
03/26/2026 03:27:56 - INFO - src.trainer -   {'loss': 1.6610004901885986, 'learning_rate': 1e-06, 'global_step': 5230, 'zo_forward_step': 10462, 'max_steps': 20000, 'max_zo_forward_steps': 0, 'time': 683, 'eps': 0.001}
03/26/2026 03:27:57 - INFO - src.trainer -   {'loss': 1.0292613506317139, 'learning_rate': 1e-06, 'global_step': 5240, 'zo_forward_step': 10482, 'max_steps': 20000, 'max_zo_forward_steps': 0, 'time': 684, 'eps': 0.001}
03/26/2026 03:27:58 - INFO - src.trainer -   {'loss': 1.6821942329406738, 'learning_rate': 1e-06, 'global_step': 5250, 'zo_forward_step': 10502, 'max_steps': 20000, 'max_zo_forward_steps': 0, 'time': 686, 'eps': 0.001}
03/26/2026 03:27:59 - INFO - src.trainer -   {'loss': 1.6758642196655273, 'learning_rate': 1e-06, 'global_step': 5260, 'zo_forward_step': 10522, 'max_steps': 20000, 'max_zo_forward_steps': 0, 'time': 687, 'eps': 0.001}
03/26/2026 03:28:01 - INFO - src.trainer -   {'loss': 1.092308759689331, 'learning_rate': 1e-06, 'global_step': 5270, 'zo_forward_step': 10542, 'max_steps': 20000, 'max_zo_forward_steps': 0, 'time': 688, 'eps': 0.001}
03/26/2026 03:28:02 - INFO - src.trainer -   {'loss': 1.684647560119629, 'learning_rate': 1e-06, 'global_step': 5280, 'zo_forward_step': 10562, 'max_steps': 20000, 'max_zo_forward_steps': 0, 'time': 689, 'eps': 0.001}
520it [11:06,  1.04s/it]03/26/2026 03:28:03 - INFO - src.trainer -   {'loss': 1.6648343801498413, 'learning_rate': 1e-06, 'global_step': 5290, 'zo_forward_step': 10582, 'max_steps': 20000, 'max_zo_forward_steps': 0, 'time': 690, 'eps': 0.001}
03/26/2026 03:28:04 - INFO - src.trainer -   {'loss': 1.0989410877227783, 'learning_rate': 1e-06, 'global_step': 5300, 'zo_forward_step': 10602, 'max_steps': 20000, 'max_zo_forward_steps': 0, 'time': 691, 'eps': 0.001}
03/26/2026 03:28:05 - INFO - src.trainer -   {'loss': 1.7278976440429688, 'learning_rate': 1e-06, 'global_step': 5310, 'zo_forward_step': 10622, 'max_steps': 20000, 'max_zo_forward_steps': 0, 'time': 693, 'eps': 0.001}
03/26/2026 03:28:06 - INFO - src.trainer -   {'loss': 1.6393861770629883, 'learning_rate': 1e-06, 'global_step': 5320, 'zo_forward_step': 10642, 'max_steps': 20000, 'max_zo_forward_steps': 0, 'time': 694, 'eps': 0.001}
03/26/2026 03:28:08 - INFO - src.trainer -   {'loss': 1.0267958641052246, 'learning_rate': 1e-06, 'global_step': 5330, 'zo_forward_step': 10662, 'max_steps': 20000, 'max_zo_forward_steps': 0, 'time': 695, 'eps': 0.001}
03/26/2026 03:28:09 - INFO - src.trainer -   {'loss': 1.6739869117736816, 'learning_rate': 1e-06, 'global_step': 5340, 'zo_forward_step': 10682, 'max_steps': 20000, 'max_zo_forward_steps': 0, 'time': 696, 'eps': 0.001}
03/26/2026 03:28:10 - INFO - src.trainer -   {'loss': 1.6020314693450928, 'learning_rate': 1e-06, 'global_step': 5350, 'zo_forward_step': 10702, 'max_steps': 20000, 'max_zo_forward_steps': 0, 'time': 697, 'eps': 0.001}
03/26/2026 03:28:11 - INFO - src.trainer -   {'loss': 1.0411887168884277, 'learning_rate': 1e-06, 'global_step': 5360, 'zo_forward_step': 10722, 'max_steps': 20000, 'max_zo_forward_steps': 0, 'time': 698, 'eps': 0.001}
03/26/2026 03:28:12 - INFO - src.trainer -   {'loss': 1.6469789743423462, 'learning_rate': 1e-06, 'global_step': 5370, 'zo_forward_step': 10742, 'max_steps': 20000, 'max_zo_forward_steps': 0, 'time': 700, 'eps': 0.001}
03/26/2026 03:28:13 - INFO - src.trainer -   {'loss': 1.6519582271575928, 'learning_rate': 1e-06, 'global_step': 5380, 'zo_forward_step': 10762, 'max_steps': 20000, 'max_zo_forward_steps': 0, 'time': 701, 'eps': 0.001}
03/26/2026 03:28:15 - INFO - src.trainer -   {'loss': 1.0506489276885986, 'learning_rate': 1e-06, 'global_step': 5390, 'zo_forward_step': 10782, 'max_steps': 20000, 'max_zo_forward_steps': 0, 'time': 702, 'eps': 0.001}
521it [11:20,  1.56s/it]532it [11:20,  1.05s/it]03/26/2026 03:28:16 - INFO - src.trainer -   {'eval_loss': 1.6092323064804077, 'eval_acc': 0.2125}
03/26/2026 03:28:19 - INFO - src.trainer -   [zo_probe] step=5400 eps=1.000e-03 precision=fp32 n=16 mae=9.615994e-01 rmse=1.135975e+00 sign_acc=1.0000 corr=0.999744
03/26/2026 03:28:19 - INFO - src.trainer -   {'loss': 1.7089883089065552, 'learning_rate': 1e-06, 'global_step': 5400, 'zo_forward_step': 10802, 'max_steps': 20000, 'max_zo_forward_steps': 0, 'time': 706, 'eps': 0.001}
03/26/2026 03:28:20 - INFO - src.trainer -   {'loss': 1.6331158876419067, 'learning_rate': 1e-06, 'global_step': 5410, 'zo_forward_step': 10822, 'max_steps': 20000, 'max_zo_forward_steps': 0, 'time': 707, 'eps': 0.001}
03/26/2026 03:28:21 - INFO - src.trainer -   {'loss': 1.029898762702942, 'learning_rate': 1e-06, 'global_step': 5420, 'zo_forward_step': 10842, 'max_steps': 20000, 'max_zo_forward_steps': 0, 'time': 709, 'eps': 0.001}
03/26/2026 03:28:22 - INFO - src.trainer -   {'loss': 1.6402812004089355, 'learning_rate': 1e-06, 'global_step': 5430, 'zo_forward_step': 10862, 'max_steps': 20000, 'max_zo_forward_steps': 0, 'time': 710, 'eps': 0.001}
03/26/2026 03:28:24 - INFO - src.trainer -   {'loss': 1.6841646432876587, 'learning_rate': 1e-06, 'global_step': 5440, 'zo_forward_step': 10882, 'max_steps': 20000, 'max_zo_forward_steps': 0, 'time': 711, 'eps': 0.001}
03/26/2026 03:28:25 - INFO - src.trainer -   {'loss': 1.0181971788406372, 'learning_rate': 1e-06, 'global_step': 5450, 'zo_forward_step': 10902, 'max_steps': 20000, 'max_zo_forward_steps': 0, 'time': 712, 'eps': 0.001}
03/26/2026 03:28:26 - INFO - src.trainer -   {'loss': 1.6904793977737427, 'learning_rate': 1e-06, 'global_step': 5460, 'zo_forward_step': 10922, 'max_steps': 20000, 'max_zo_forward_steps': 0, 'time': 713, 'eps': 0.001}
03/26/2026 03:28:27 - INFO - src.trainer -   {'loss': 1.7183700799942017, 'learning_rate': 1e-06, 'global_step': 5470, 'zo_forward_step': 10942, 'max_steps': 20000, 'max_zo_forward_steps': 0, 'time': 714, 'eps': 0.001}
03/26/2026 03:28:28 - INFO - src.trainer -   {'loss': 1.0340983867645264, 'learning_rate': 1e-06, 'global_step': 5480, 'zo_forward_step': 10962, 'max_steps': 20000, 'max_zo_forward_steps': 0, 'time': 715, 'eps': 0.001}
03/26/2026 03:28:29 - INFO - src.trainer -   {'loss': 1.683720588684082, 'learning_rate': 1e-06, 'global_step': 5490, 'zo_forward_step': 10982, 'max_steps': 20000, 'max_zo_forward_steps': 0, 'time': 717, 'eps': 0.001}
03/26/2026 03:28:30 - INFO - src.trainer -   {'loss': 1.695249080657959, 'learning_rate': 1e-06, 'global_step': 5500, 'zo_forward_step': 11002, 'max_steps': 20000, 'max_zo_forward_steps': 0, 'time': 718, 'eps': 0.001}
03/26/2026 03:28:32 - INFO - src.trainer -   {'loss': 1.00834059715271, 'learning_rate': 1e-06, 'global_step': 5510, 'zo_forward_step': 11022, 'max_steps': 20000, 'max_zo_forward_steps': 0, 'time': 719, 'eps': 0.001}
540it [11:36,  1.05s/it]03/26/2026 03:28:33 - INFO - src.trainer -   {'loss': 1.7271679639816284, 'learning_rate': 1e-06, 'global_step': 5520, 'zo_forward_step': 11042, 'max_steps': 20000, 'max_zo_forward_steps': 0, 'time': 720, 'eps': 0.001}
03/26/2026 03:28:34 - INFO - src.trainer -   {'loss': 1.6502259969711304, 'learning_rate': 1e-06, 'global_step': 5530, 'zo_forward_step': 11062, 'max_steps': 20000, 'max_zo_forward_steps': 0, 'time': 721, 'eps': 0.001}
03/26/2026 03:28:35 - INFO - src.trainer -   {'loss': 0.9219077229499817, 'learning_rate': 1e-06, 'global_step': 5540, 'zo_forward_step': 11082, 'max_steps': 20000, 'max_zo_forward_steps': 0, 'time': 722, 'eps': 0.001}
03/26/2026 03:28:36 - INFO - src.trainer -   {'loss': 1.7362878322601318, 'learning_rate': 1e-06, 'global_step': 5550, 'zo_forward_step': 11102, 'max_steps': 20000, 'max_zo_forward_steps': 0, 'time': 724, 'eps': 0.001}
03/26/2026 03:28:37 - INFO - src.trainer -   {'loss': 1.653855323791504, 'learning_rate': 1e-06, 'global_step': 5560, 'zo_forward_step': 11122, 'max_steps': 20000, 'max_zo_forward_steps': 0, 'time': 725, 'eps': 0.001}
03/26/2026 03:28:39 - INFO - src.trainer -   {'loss': 1.0086344480514526, 'learning_rate': 1e-06, 'global_step': 5570, 'zo_forward_step': 11142, 'max_steps': 20000, 'max_zo_forward_steps': 0, 'time': 726, 'eps': 0.001}
03/26/2026 03:28:40 - INFO - src.trainer -   {'loss': 1.6558412313461304, 'learning_rate': 1e-06, 'global_step': 5580, 'zo_forward_step': 11162, 'max_steps': 20000, 'max_zo_forward_steps': 0, 'time': 727, 'eps': 0.001}
03/26/2026 03:28:41 - INFO - src.trainer -   {'loss': 1.745419979095459, 'learning_rate': 1e-06, 'global_step': 5590, 'zo_forward_step': 11182, 'max_steps': 20000, 'max_zo_forward_steps': 0, 'time': 728, 'eps': 0.001}
541it [11:46,  1.57s/it]552it [11:46,  1.06s/it]03/26/2026 03:28:42 - INFO - src.trainer -   {'eval_loss': 1.602593183517456, 'eval_acc': 0.2125}
03/26/2026 03:28:44 - INFO - src.trainer -   [zo_probe] step=5600 eps=1.000e-03 precision=fp32 n=16 mae=9.419757e-01 rmse=1.257001e+00 sign_acc=1.0000 corr=0.999344
03/26/2026 03:28:44 - INFO - src.trainer -   {'loss': 1.029427170753479, 'learning_rate': 1e-06, 'global_step': 5600, 'zo_forward_step': 11202, 'max_steps': 20000, 'max_zo_forward_steps': 0, 'time': 732, 'eps': 0.001}
03/26/2026 03:28:45 - INFO - src.trainer -   {'loss': 1.7071568965911865, 'learning_rate': 1e-06, 'global_step': 5610, 'zo_forward_step': 11222, 'max_steps': 20000, 'max_zo_forward_steps': 0, 'time': 733, 'eps': 0.001}
03/26/2026 03:28:47 - INFO - src.trainer -   {'loss': 1.68800687789917, 'learning_rate': 1e-06, 'global_step': 5620, 'zo_forward_step': 11242, 'max_steps': 20000, 'max_zo_forward_steps': 0, 'time': 734, 'eps': 0.001}
03/26/2026 03:28:48 - INFO - src.trainer -   {'loss': 0.9859616756439209, 'learning_rate': 1e-06, 'global_step': 5630, 'zo_forward_step': 11262, 'max_steps': 20000, 'max_zo_forward_steps': 0, 'time': 735, 'eps': 0.001}
03/26/2026 03:28:49 - INFO - src.trainer -   {'loss': 1.643215298652649, 'learning_rate': 1e-06, 'global_step': 5640, 'zo_forward_step': 11282, 'max_steps': 20000, 'max_zo_forward_steps': 0, 'time': 736, 'eps': 0.001}
03/26/2026 03:28:50 - INFO - src.trainer -   {'loss': 1.627882719039917, 'learning_rate': 1e-06, 'global_step': 5650, 'zo_forward_step': 11302, 'max_steps': 20000, 'max_zo_forward_steps': 0, 'time': 737, 'eps': 0.001}
03/26/2026 03:28:51 - INFO - src.trainer -   {'loss': 1.0385363101959229, 'learning_rate': 1e-06, 'global_step': 5660, 'zo_forward_step': 11322, 'max_steps': 20000, 'max_zo_forward_steps': 0, 'time': 739, 'eps': 0.001}
560it [11:56,  1.06s/it]03/26/2026 03:28:52 - INFO - src.trainer -   {'loss': 1.6635842323303223, 'learning_rate': 1e-06, 'global_step': 5670, 'zo_forward_step': 11342, 'max_steps': 20000, 'max_zo_forward_steps': 0, 'time': 740, 'eps': 0.001}
03/26/2026 03:28:55 - INFO - src.trainer -   {'loss': 1.609999656677246, 'learning_rate': 1e-06, 'global_step': 5680, 'zo_forward_step': 11362, 'max_steps': 20000, 'max_zo_forward_steps': 0, 'time': 742, 'eps': 0.001}
03/26/2026 03:28:56 - INFO - src.trainer -   {'loss': 0.9908085465431213, 'learning_rate': 1e-06, 'global_step': 5690, 'zo_forward_step': 11382, 'max_steps': 20000, 'max_zo_forward_steps': 0, 'time': 743, 'eps': 0.001}
03/26/2026 03:28:57 - INFO - src.trainer -   {'loss': 1.7400578260421753, 'learning_rate': 1e-06, 'global_step': 5700, 'zo_forward_step': 11402, 'max_steps': 20000, 'max_zo_forward_steps': 0, 'time': 745, 'eps': 0.001}
03/26/2026 03:28:59 - INFO - src.trainer -   {'loss': 1.596051573753357, 'learning_rate': 1e-06, 'global_step': 5710, 'zo_forward_step': 11422, 'max_steps': 20000, 'max_zo_forward_steps': 0, 'time': 746, 'eps': 0.001}
03/26/2026 03:29:00 - INFO - src.trainer -   {'loss': 0.9743448495864868, 'learning_rate': 1e-06, 'global_step': 5720, 'zo_forward_step': 11442, 'max_steps': 20000, 'max_zo_forward_steps': 0, 'time': 747, 'eps': 0.001}
03/26/2026 03:29:01 - INFO - src.trainer -   {'loss': 1.65853750705719, 'learning_rate': 1e-06, 'global_step': 5730, 'zo_forward_step': 11462, 'max_steps': 20000, 'max_zo_forward_steps': 0, 'time': 748, 'eps': 0.001}
03/26/2026 03:29:02 - INFO - src.trainer -   {'loss': 1.6686811447143555, 'learning_rate': 1e-06, 'global_step': 5740, 'zo_forward_step': 11482, 'max_steps': 20000, 'max_zo_forward_steps': 0, 'time': 749, 'eps': 0.001}
03/26/2026 03:29:03 - INFO - src.trainer -   {'loss': 0.9853801727294922, 'learning_rate': 1e-06, 'global_step': 5750, 'zo_forward_step': 11502, 'max_steps': 20000, 'max_zo_forward_steps': 0, 'time': 750, 'eps': 0.001}
03/26/2026 03:29:04 - INFO - src.trainer -   {'loss': 1.7131856679916382, 'learning_rate': 1e-06, 'global_step': 5760, 'zo_forward_step': 11522, 'max_steps': 20000, 'max_zo_forward_steps': 0, 'time': 752, 'eps': 0.001}
03/26/2026 03:29:05 - INFO - src.trainer -   {'loss': 1.652445912361145, 'learning_rate': 1e-06, 'global_step': 5770, 'zo_forward_step': 11542, 'max_steps': 20000, 'max_zo_forward_steps': 0, 'time': 753, 'eps': 0.001}
03/26/2026 03:29:06 - INFO - src.trainer -   {'loss': 0.9226430654525757, 'learning_rate': 1e-06, 'global_step': 5780, 'zo_forward_step': 11562, 'max_steps': 20000, 'max_zo_forward_steps': 0, 'time': 754, 'eps': 0.001}
03/26/2026 03:29:08 - INFO - src.trainer -   {'loss': 1.6995408535003662, 'learning_rate': 1e-06, 'global_step': 5790, 'zo_forward_step': 11582, 'max_steps': 20000, 'max_zo_forward_steps': 0, 'time': 755, 'eps': 0.001}
561it [12:13,  1.58s/it]572it [12:13,  1.07s/it]03/26/2026 03:29:09 - INFO - src.trainer -   {'eval_loss': 1.6052322387695312, 'eval_acc': 0.2125}
03/26/2026 03:29:12 - INFO - src.trainer -   [zo_probe] step=5800 eps=1.000e-03 precision=fp32 n=16 mae=9.028501e-01 rmse=1.006082e+00 sign_acc=0.9375 corr=0.999712
03/26/2026 03:29:12 - INFO - src.trainer -   {'loss': 1.68059241771698, 'learning_rate': 1e-06, 'global_step': 5800, 'zo_forward_step': 11602, 'max_steps': 20000, 'max_zo_forward_steps': 0, 'time': 759, 'eps': 0.001}
03/26/2026 03:29:13 - INFO - src.trainer -   {'loss': 1.0104178190231323, 'learning_rate': 1e-06, 'global_step': 5810, 'zo_forward_step': 11622, 'max_steps': 20000, 'max_zo_forward_steps': 0, 'time': 760, 'eps': 0.001}
03/26/2026 03:29:14 - INFO - src.trainer -   {'loss': 1.7390589714050293, 'learning_rate': 1e-06, 'global_step': 5820, 'zo_forward_step': 11642, 'max_steps': 20000, 'max_zo_forward_steps': 0, 'time': 762, 'eps': 0.001}
03/26/2026 03:29:15 - INFO - src.trainer -   {'loss': 1.7029883861541748, 'learning_rate': 1e-06, 'global_step': 5830, 'zo_forward_step': 11662, 'max_steps': 20000, 'max_zo_forward_steps': 0, 'time': 763, 'eps': 0.001}
03/26/2026 03:29:16 - INFO - src.trainer -   {'loss': 1.0127463340759277, 'learning_rate': 1e-06, 'global_step': 5840, 'zo_forward_step': 11682, 'max_steps': 20000, 'max_zo_forward_steps': 0, 'time': 764, 'eps': 0.001}
03/26/2026 03:29:18 - INFO - src.trainer -   {'loss': 1.7332080602645874, 'learning_rate': 1e-06, 'global_step': 5850, 'zo_forward_step': 11702, 'max_steps': 20000, 'max_zo_forward_steps': 0, 'time': 765, 'eps': 0.001}
03/26/2026 03:29:19 - INFO - src.trainer -   {'loss': 1.5667142868041992, 'learning_rate': 1e-06, 'global_step': 5860, 'zo_forward_step': 11722, 'max_steps': 20000, 'max_zo_forward_steps': 0, 'time': 766, 'eps': 0.001}
03/26/2026 03:29:20 - INFO - src.trainer -   {'loss': 1.0192004442214966, 'learning_rate': 1e-06, 'global_step': 5870, 'zo_forward_step': 11742, 'max_steps': 20000, 'max_zo_forward_steps': 0, 'time': 767, 'eps': 0.001}
03/26/2026 03:29:21 - INFO - src.trainer -   {'loss': 1.6330498456954956, 'learning_rate': 1e-06, 'global_step': 5880, 'zo_forward_step': 11762, 'max_steps': 20000, 'max_zo_forward_steps': 0, 'time': 768, 'eps': 0.001}
580it [12:26,  1.07s/it]03/26/2026 03:29:22 - INFO - src.trainer -   {'loss': 1.5526292324066162, 'learning_rate': 1e-06, 'global_step': 5890, 'zo_forward_step': 11782, 'max_steps': 20000, 'max_zo_forward_steps': 0, 'time': 770, 'eps': 0.001}
03/26/2026 03:29:23 - INFO - src.trainer -   {'loss': 0.9838294982910156, 'learning_rate': 1e-06, 'global_step': 5900, 'zo_forward_step': 11802, 'max_steps': 20000, 'max_zo_forward_steps': 0, 'time': 771, 'eps': 0.001}
03/26/2026 03:29:25 - INFO - src.trainer -   {'loss': 1.6825107336044312, 'learning_rate': 1e-06, 'global_step': 5910, 'zo_forward_step': 11822, 'max_steps': 20000, 'max_zo_forward_steps': 0, 'time': 772, 'eps': 0.001}
03/26/2026 03:29:26 - INFO - src.trainer -   {'loss': 1.640108585357666, 'learning_rate': 1e-06, 'global_step': 5920, 'zo_forward_step': 11842, 'max_steps': 20000, 'max_zo_forward_steps': 0, 'time': 773, 'eps': 0.001}
03/26/2026 03:29:27 - INFO - src.trainer -   {'loss': 1.0030920505523682, 'learning_rate': 1e-06, 'global_step': 5930, 'zo_forward_step': 11862, 'max_steps': 20000, 'max_zo_forward_steps': 0, 'time': 774, 'eps': 0.001}
03/26/2026 03:29:28 - INFO - src.trainer -   {'loss': 1.6812824010849, 'learning_rate': 1e-06, 'global_step': 5940, 'zo_forward_step': 11882, 'max_steps': 20000, 'max_zo_forward_steps': 0, 'time': 775, 'eps': 0.001}
03/26/2026 03:29:29 - INFO - src.trainer -   {'loss': 1.6288602352142334, 'learning_rate': 1e-06, 'global_step': 5950, 'zo_forward_step': 11902, 'max_steps': 20000, 'max_zo_forward_steps': 0, 'time': 777, 'eps': 0.001}
03/26/2026 03:29:30 - INFO - src.trainer -   {'loss': 1.065807819366455, 'learning_rate': 1e-06, 'global_step': 5960, 'zo_forward_step': 11922, 'max_steps': 20000, 'max_zo_forward_steps': 0, 'time': 778, 'eps': 0.001}
03/26/2026 03:29:32 - INFO - src.trainer -   {'loss': 1.715110182762146, 'learning_rate': 1e-06, 'global_step': 5970, 'zo_forward_step': 11942, 'max_steps': 20000, 'max_zo_forward_steps': 0, 'time': 779, 'eps': 0.001}
03/26/2026 03:29:35 - INFO - src.trainer -   {'loss': 1.6082807779312134, 'learning_rate': 1e-06, 'global_step': 5980, 'zo_forward_step': 11962, 'max_steps': 20000, 'max_zo_forward_steps': 0, 'time': 782, 'eps': 0.001}
03/26/2026 03:29:36 - INFO - src.trainer -   {'loss': 0.9862322211265564, 'learning_rate': 1e-06, 'global_step': 5990, 'zo_forward_step': 11982, 'max_steps': 20000, 'max_zo_forward_steps': 0, 'time': 783, 'eps': 0.001}
581it [12:41,  1.63s/it]592it [12:41,  1.11s/it]03/26/2026 03:29:37 - INFO - src.trainer -   {'eval_loss': 1.5959393978118896, 'eval_acc': 0.2125}
03/26/2026 03:29:40 - INFO - src.trainer -   [zo_probe] step=6000 eps=1.000e-03 precision=fp32 n=16 mae=7.919611e-01 rmse=9.662011e-01 sign_acc=1.0000 corr=0.999729
03/26/2026 03:29:40 - INFO - src.trainer -   {'loss': 1.7302253246307373, 'learning_rate': 1e-06, 'global_step': 6000, 'zo_forward_step': 12002, 'max_steps': 20000, 'max_zo_forward_steps': 0, 'time': 787, 'eps': 0.001}
03/26/2026 03:29:41 - INFO - src.trainer -   {'loss': 1.6056114435195923, 'learning_rate': 1e-06, 'global_step': 6010, 'zo_forward_step': 12022, 'max_steps': 20000, 'max_zo_forward_steps': 0, 'time': 788, 'eps': 0.001}
03/26/2026 03:29:42 - INFO - src.trainer -   {'loss': 1.0320228338241577, 'learning_rate': 1e-06, 'global_step': 6020, 'zo_forward_step': 12042, 'max_steps': 20000, 'max_zo_forward_steps': 0, 'time': 790, 'eps': 0.001}
03/26/2026 03:29:43 - INFO - src.trainer -   {'loss': 1.6811858415603638, 'learning_rate': 1e-06, 'global_step': 6030, 'zo_forward_step': 12062, 'max_steps': 20000, 'max_zo_forward_steps': 0, 'time': 791, 'eps': 0.001}
03/26/2026 03:29:45 - INFO - src.trainer -   {'loss': 1.610735535621643, 'learning_rate': 1e-06, 'global_step': 6040, 'zo_forward_step': 12082, 'max_steps': 20000, 'max_zo_forward_steps': 0, 'time': 792, 'eps': 0.001}
03/26/2026 03:29:46 - INFO - src.trainer -   {'loss': 1.0868664979934692, 'learning_rate': 1e-06, 'global_step': 6050, 'zo_forward_step': 12102, 'max_steps': 20000, 'max_zo_forward_steps': 0, 'time': 793, 'eps': 0.001}
03/26/2026 03:29:47 - INFO - src.trainer -   {'loss': 1.7163162231445312, 'learning_rate': 1e-06, 'global_step': 6060, 'zo_forward_step': 12122, 'max_steps': 20000, 'max_zo_forward_steps': 0, 'time': 794, 'eps': 0.001}
03/26/2026 03:29:48 - INFO - src.trainer -   {'loss': 1.5929813385009766, 'learning_rate': 1e-06, 'global_step': 6070, 'zo_forward_step': 12142, 'max_steps': 20000, 'max_zo_forward_steps': 0, 'time': 795, 'eps': 0.001}
03/26/2026 03:29:49 - INFO - src.trainer -   {'loss': 1.02679443359375, 'learning_rate': 1e-06, 'global_step': 6080, 'zo_forward_step': 12162, 'max_steps': 20000, 'max_zo_forward_steps': 0, 'time': 796, 'eps': 0.001}
03/26/2026 03:29:50 - INFO - src.trainer -   {'loss': 1.6507207155227661, 'learning_rate': 1e-06, 'global_step': 6090, 'zo_forward_step': 12182, 'max_steps': 20000, 'max_zo_forward_steps': 0, 'time': 797, 'eps': 0.001}
03/26/2026 03:29:51 - INFO - src.trainer -   {'loss': 1.592300534248352, 'learning_rate': 1e-06, 'global_step': 6100, 'zo_forward_step': 12202, 'max_steps': 20000, 'max_zo_forward_steps': 0, 'time': 799, 'eps': 0.001}
600it [12:56,  1.11s/it]03/26/2026 03:29:52 - INFO - src.trainer -   {'loss': 1.0583536624908447, 'learning_rate': 1e-06, 'global_step': 6110, 'zo_forward_step': 12222, 'max_steps': 20000, 'max_zo_forward_steps': 0, 'time': 800, 'eps': 0.001}
03/26/2026 03:29:54 - INFO - src.trainer -   {'loss': 1.6257336139678955, 'learning_rate': 1e-06, 'global_step': 6120, 'zo_forward_step': 12242, 'max_steps': 20000, 'max_zo_forward_steps': 0, 'time': 801, 'eps': 0.001}
03/26/2026 03:29:55 - INFO - src.trainer -   {'loss': 1.621337890625, 'learning_rate': 1e-06, 'global_step': 6130, 'zo_forward_step': 12262, 'max_steps': 20000, 'max_zo_forward_steps': 0, 'time': 802, 'eps': 0.001}
03/26/2026 03:29:56 - INFO - src.trainer -   {'loss': 0.9685121774673462, 'learning_rate': 1e-06, 'global_step': 6140, 'zo_forward_step': 12282, 'max_steps': 20000, 'max_zo_forward_steps': 0, 'time': 803, 'eps': 0.001}
03/26/2026 03:29:57 - INFO - src.trainer -   {'loss': 1.6883779764175415, 'learning_rate': 1e-06, 'global_step': 6150, 'zo_forward_step': 12302, 'max_steps': 20000, 'max_zo_forward_steps': 0, 'time': 804, 'eps': 0.001}
03/26/2026 03:29:58 - INFO - src.trainer -   {'loss': 1.64975905418396, 'learning_rate': 1e-06, 'global_step': 6160, 'zo_forward_step': 12322, 'max_steps': 20000, 'max_zo_forward_steps': 0, 'time': 805, 'eps': 0.001}
03/26/2026 03:29:59 - INFO - src.trainer -   {'loss': 1.0249123573303223, 'learning_rate': 1e-06, 'global_step': 6170, 'zo_forward_step': 12342, 'max_steps': 20000, 'max_zo_forward_steps': 0, 'time': 807, 'eps': 0.001}
03/26/2026 03:30:00 - INFO - src.trainer -   {'loss': 1.687410831451416, 'learning_rate': 1e-06, 'global_step': 6180, 'zo_forward_step': 12362, 'max_steps': 20000, 'max_zo_forward_steps': 0, 'time': 808, 'eps': 0.001}
03/26/2026 03:30:02 - INFO - src.trainer -   {'loss': 1.5459285974502563, 'learning_rate': 1e-06, 'global_step': 6190, 'zo_forward_step': 12382, 'max_steps': 20000, 'max_zo_forward_steps': 0, 'time': 809, 'eps': 0.001}
601it [13:07,  1.59s/it]612it [13:07,  1.08s/it]03/26/2026 03:30:03 - INFO - src.trainer -   {'eval_loss': 1.5970666408538818, 'eval_acc': 0.2125}
03/26/2026 03:30:05 - INFO - src.trainer -   [zo_probe] step=6200 eps=1.000e-03 precision=fp32 n=16 mae=6.158436e-01 rmse=7.679424e-01 sign_acc=1.0000 corr=0.999865
03/26/2026 03:30:05 - INFO - src.trainer -   {'loss': 1.0475749969482422, 'learning_rate': 1e-06, 'global_step': 6200, 'zo_forward_step': 12402, 'max_steps': 20000, 'max_zo_forward_steps': 0, 'time': 812, 'eps': 0.001}
03/26/2026 03:30:06 - INFO - src.trainer -   {'loss': 1.6416637897491455, 'learning_rate': 1e-06, 'global_step': 6210, 'zo_forward_step': 12422, 'max_steps': 20000, 'max_zo_forward_steps': 0, 'time': 813, 'eps': 0.001}
03/26/2026 03:30:07 - INFO - src.trainer -   {'loss': 1.5989657640457153, 'learning_rate': 1e-06, 'global_step': 6220, 'zo_forward_step': 12442, 'max_steps': 20000, 'max_zo_forward_steps': 0, 'time': 815, 'eps': 0.001}
03/26/2026 03:30:08 - INFO - src.trainer -   {'loss': 1.0191216468811035, 'learning_rate': 1e-06, 'global_step': 6230, 'zo_forward_step': 12462, 'max_steps': 20000, 'max_zo_forward_steps': 0, 'time': 816, 'eps': 0.001}
03/26/2026 03:30:10 - INFO - src.trainer -   {'loss': 1.6823046207427979, 'learning_rate': 1e-06, 'global_step': 6240, 'zo_forward_step': 12482, 'max_steps': 20000, 'max_zo_forward_steps': 0, 'time': 817, 'eps': 0.001}
03/26/2026 03:30:11 - INFO - src.trainer -   {'loss': 1.5956262350082397, 'learning_rate': 1e-06, 'global_step': 6250, 'zo_forward_step': 12502, 'max_steps': 20000, 'max_zo_forward_steps': 0, 'time': 818, 'eps': 0.001}
03/26/2026 03:30:12 - INFO - src.trainer -   {'loss': 1.048882246017456, 'learning_rate': 1e-06, 'global_step': 6260, 'zo_forward_step': 12522, 'max_steps': 20000, 'max_zo_forward_steps': 0, 'time': 819, 'eps': 0.001}
03/26/2026 03:30:13 - INFO - src.trainer -   {'loss': 1.7259178161621094, 'learning_rate': 1e-06, 'global_step': 6270, 'zo_forward_step': 12542, 'max_steps': 20000, 'max_zo_forward_steps': 0, 'time': 820, 'eps': 0.001}
03/26/2026 03:30:14 - INFO - src.trainer -   {'loss': 1.596018671989441, 'learning_rate': 1e-06, 'global_step': 6280, 'zo_forward_step': 12562, 'max_steps': 20000, 'max_zo_forward_steps': 0, 'time': 822, 'eps': 0.001}
03/26/2026 03:30:15 - INFO - src.trainer -   {'loss': 0.9686813354492188, 'learning_rate': 1e-06, 'global_step': 6290, 'zo_forward_step': 12582, 'max_steps': 20000, 'max_zo_forward_steps': 0, 'time': 823, 'eps': 0.001}
03/26/2026 03:30:17 - INFO - src.trainer -   {'loss': 1.6838226318359375, 'learning_rate': 1e-06, 'global_step': 6300, 'zo_forward_step': 12602, 'max_steps': 20000, 'max_zo_forward_steps': 0, 'time': 824, 'eps': 0.001}
03/26/2026 03:30:18 - INFO - src.trainer -   {'loss': 1.5968589782714844, 'learning_rate': 1e-06, 'global_step': 6310, 'zo_forward_step': 12622, 'max_steps': 20000, 'max_zo_forward_steps': 0, 'time': 825, 'eps': 0.001}
03/26/2026 03:30:19 - INFO - src.trainer -   {'loss': 0.8646342754364014, 'learning_rate': 1e-06, 'global_step': 6320, 'zo_forward_step': 12642, 'max_steps': 20000, 'max_zo_forward_steps': 0, 'time': 826, 'eps': 0.001}
03/26/2026 03:30:20 - INFO - src.trainer -   {'loss': 1.7474887371063232, 'learning_rate': 1e-06, 'global_step': 6330, 'zo_forward_step': 12662, 'max_steps': 20000, 'max_zo_forward_steps': 0, 'time': 827, 'eps': 0.001}
03/26/2026 03:30:21 - INFO - src.trainer -   {'loss': 1.6458616256713867, 'learning_rate': 1e-06, 'global_step': 6340, 'zo_forward_step': 12682, 'max_steps': 20000, 'max_zo_forward_steps': 0, 'time': 828, 'eps': 0.001}
620it [13:26,  1.08s/it]03/26/2026 03:30:22 - INFO - src.trainer -   {'loss': 0.8806739449501038, 'learning_rate': 1e-06, 'global_step': 6350, 'zo_forward_step': 12702, 'max_steps': 20000, 'max_zo_forward_steps': 0, 'time': 830, 'eps': 0.001}
03/26/2026 03:30:23 - INFO - src.trainer -   {'loss': 1.7239198684692383, 'learning_rate': 1e-06, 'global_step': 6360, 'zo_forward_step': 12722, 'max_steps': 20000, 'max_zo_forward_steps': 0, 'time': 831, 'eps': 0.001}
03/26/2026 03:30:25 - INFO - src.trainer -   {'loss': 1.5878016948699951, 'learning_rate': 1e-06, 'global_step': 6370, 'zo_forward_step': 12742, 'max_steps': 20000, 'max_zo_forward_steps': 0, 'time': 832, 'eps': 0.001}
03/26/2026 03:30:26 - INFO - src.trainer -   {'loss': 0.9476511478424072, 'learning_rate': 1e-06, 'global_step': 6380, 'zo_forward_step': 12762, 'max_steps': 20000, 'max_zo_forward_steps': 0, 'time': 833, 'eps': 0.001}
03/26/2026 03:30:27 - INFO - src.trainer -   {'loss': 1.7730034589767456, 'learning_rate': 1e-06, 'global_step': 6390, 'zo_forward_step': 12782, 'max_steps': 20000, 'max_zo_forward_steps': 0, 'time': 834, 'eps': 0.001}
621it [13:32,  1.55s/it]632it [13:32,  1.05s/it]03/26/2026 03:30:28 - INFO - src.trainer -   {'eval_loss': 1.6075862646102905, 'eval_acc': 0.2125}
03/26/2026 03:30:31 - INFO - src.trainer -   [zo_probe] step=6400 eps=1.000e-03 precision=fp32 n=16 mae=1.084987e+00 rmse=1.222444e+00 sign_acc=0.9375 corr=0.999606
03/26/2026 03:30:31 - INFO - src.trainer -   {'loss': 1.6989656686782837, 'learning_rate': 1e-06, 'global_step': 6400, 'zo_forward_step': 12802, 'max_steps': 20000, 'max_zo_forward_steps': 0, 'time': 838, 'eps': 0.001}
03/26/2026 03:30:32 - INFO - src.trainer -   {'loss': 0.8965556025505066, 'learning_rate': 1e-06, 'global_step': 6410, 'zo_forward_step': 12822, 'max_steps': 20000, 'max_zo_forward_steps': 0, 'time': 839, 'eps': 0.001}
03/26/2026 03:30:33 - INFO - src.trainer -   {'loss': 1.6727557182312012, 'learning_rate': 1e-06, 'global_step': 6420, 'zo_forward_step': 12842, 'max_steps': 20000, 'max_zo_forward_steps': 0, 'time': 841, 'eps': 0.001}
03/26/2026 03:30:34 - INFO - src.trainer -   {'loss': 1.608583927154541, 'learning_rate': 1e-06, 'global_step': 6430, 'zo_forward_step': 12862, 'max_steps': 20000, 'max_zo_forward_steps': 0, 'time': 842, 'eps': 0.001}
03/26/2026 03:30:36 - INFO - src.trainer -   {'loss': 0.9463129639625549, 'learning_rate': 1e-06, 'global_step': 6440, 'zo_forward_step': 12882, 'max_steps': 20000, 'max_zo_forward_steps': 0, 'time': 843, 'eps': 0.001}
03/26/2026 03:30:37 - INFO - src.trainer -   {'loss': 1.7003244161605835, 'learning_rate': 1e-06, 'global_step': 6450, 'zo_forward_step': 12902, 'max_steps': 20000, 'max_zo_forward_steps': 0, 'time': 844, 'eps': 0.001}
03/26/2026 03:30:38 - INFO - src.trainer -   {'loss': 1.6298247575759888, 'learning_rate': 1e-06, 'global_step': 6460, 'zo_forward_step': 12922, 'max_steps': 20000, 'max_zo_forward_steps': 0, 'time': 845, 'eps': 0.001}
03/26/2026 03:30:39 - INFO - src.trainer -   {'loss': 0.9503123760223389, 'learning_rate': 1e-06, 'global_step': 6470, 'zo_forward_step': 12942, 'max_steps': 20000, 'max_zo_forward_steps': 0, 'time': 846, 'eps': 0.001}
03/26/2026 03:30:40 - INFO - src.trainer -   {'loss': 1.6954498291015625, 'learning_rate': 1e-06, 'global_step': 6480, 'zo_forward_step': 12962, 'max_steps': 20000, 'max_zo_forward_steps': 0, 'time': 847, 'eps': 0.001}
03/26/2026 03:30:41 - INFO - src.trainer -   {'loss': 1.5821115970611572, 'learning_rate': 1e-06, 'global_step': 6490, 'zo_forward_step': 12982, 'max_steps': 20000, 'max_zo_forward_steps': 0, 'time': 849, 'eps': 0.001}
640it [13:46,  1.05s/it]03/26/2026 03:30:42 - INFO - src.trainer -   {'loss': 0.9967666268348694, 'learning_rate': 1e-06, 'global_step': 6500, 'zo_forward_step': 13002, 'max_steps': 20000, 'max_zo_forward_steps': 0, 'time': 850, 'eps': 0.001}
03/26/2026 03:30:44 - INFO - src.trainer -   {'loss': 1.7799639701843262, 'learning_rate': 1e-06, 'global_step': 6510, 'zo_forward_step': 13022, 'max_steps': 20000, 'max_zo_forward_steps': 0, 'time': 851, 'eps': 0.001}
03/26/2026 03:30:45 - INFO - src.trainer -   {'loss': 1.5985989570617676, 'learning_rate': 1e-06, 'global_step': 6520, 'zo_forward_step': 13042, 'max_steps': 20000, 'max_zo_forward_steps': 0, 'time': 852, 'eps': 0.001}
03/26/2026 03:30:46 - INFO - src.trainer -   {'loss': 0.8669235706329346, 'learning_rate': 1e-06, 'global_step': 6530, 'zo_forward_step': 13062, 'max_steps': 20000, 'max_zo_forward_steps': 0, 'time': 853, 'eps': 0.001}
03/26/2026 03:30:47 - INFO - src.trainer -   {'loss': 1.7343543767929077, 'learning_rate': 1e-06, 'global_step': 6540, 'zo_forward_step': 13082, 'max_steps': 20000, 'max_zo_forward_steps': 0, 'time': 854, 'eps': 0.001}
03/26/2026 03:30:48 - INFO - src.trainer -   {'loss': 1.4967067241668701, 'learning_rate': 1e-06, 'global_step': 6550, 'zo_forward_step': 13102, 'max_steps': 20000, 'max_zo_forward_steps': 0, 'time': 856, 'eps': 0.001}
03/26/2026 03:30:49 - INFO - src.trainer -   {'loss': 0.9378980398178101, 'learning_rate': 1e-06, 'global_step': 6560, 'zo_forward_step': 13122, 'max_steps': 20000, 'max_zo_forward_steps': 0, 'time': 857, 'eps': 0.001}
03/26/2026 03:30:51 - INFO - src.trainer -   {'loss': 1.686823844909668, 'learning_rate': 1e-06, 'global_step': 6570, 'zo_forward_step': 13142, 'max_steps': 20000, 'max_zo_forward_steps': 0, 'time': 858, 'eps': 0.001}
03/26/2026 03:30:52 - INFO - src.trainer -   {'loss': 1.6358470916748047, 'learning_rate': 1e-06, 'global_step': 6580, 'zo_forward_step': 13162, 'max_steps': 20000, 'max_zo_forward_steps': 0, 'time': 859, 'eps': 0.001}
03/26/2026 03:30:53 - INFO - src.trainer -   {'loss': 0.8762388229370117, 'learning_rate': 1e-06, 'global_step': 6590, 'zo_forward_step': 13182, 'max_steps': 20000, 'max_zo_forward_steps': 0, 'time': 860, 'eps': 0.001}
641it [13:58,  1.55s/it]652it [13:58,  1.05s/it]03/26/2026 03:30:54 - INFO - src.trainer -   {'eval_loss': 1.5862553119659424, 'eval_acc': 0.2125}
03/26/2026 03:30:57 - INFO - src.trainer -   [zo_probe] step=6600 eps=1.000e-03 precision=fp32 n=16 mae=1.078642e+00 rmse=1.342518e+00 sign_acc=1.0000 corr=0.999737
03/26/2026 03:30:57 - INFO - src.trainer -   {'loss': 1.7023673057556152, 'learning_rate': 1e-06, 'global_step': 6600, 'zo_forward_step': 13202, 'max_steps': 20000, 'max_zo_forward_steps': 0, 'time': 864, 'eps': 0.001}
03/26/2026 03:30:58 - INFO - src.trainer -   {'loss': 1.6435298919677734, 'learning_rate': 1e-06, 'global_step': 6610, 'zo_forward_step': 13222, 'max_steps': 20000, 'max_zo_forward_steps': 0, 'time': 866, 'eps': 0.001}
03/26/2026 03:30:59 - INFO - src.trainer -   {'loss': 0.9564012289047241, 'learning_rate': 1e-06, 'global_step': 6620, 'zo_forward_step': 13242, 'max_steps': 20000, 'max_zo_forward_steps': 0, 'time': 867, 'eps': 0.001}
03/26/2026 03:31:01 - INFO - src.trainer -   {'loss': 1.713744044303894, 'learning_rate': 1e-06, 'global_step': 6630, 'zo_forward_step': 13262, 'max_steps': 20000, 'max_zo_forward_steps': 0, 'time': 868, 'eps': 0.001}
03/26/2026 03:31:02 - INFO - src.trainer -   {'loss': 1.4808871746063232, 'learning_rate': 1e-06, 'global_step': 6640, 'zo_forward_step': 13282, 'max_steps': 20000, 'max_zo_forward_steps': 0, 'time': 869, 'eps': 0.001}
03/26/2026 03:31:03 - INFO - src.trainer -   {'loss': 0.9857338666915894, 'learning_rate': 1e-06, 'global_step': 6650, 'zo_forward_step': 13302, 'max_steps': 20000, 'max_zo_forward_steps': 0, 'time': 870, 'eps': 0.001}
03/26/2026 03:31:04 - INFO - src.trainer -   {'loss': 1.7331091165542603, 'learning_rate': 1e-06, 'global_step': 6660, 'zo_forward_step': 13322, 'max_steps': 20000, 'max_zo_forward_steps': 0, 'time': 871, 'eps': 0.001}
03/26/2026 03:31:05 - INFO - src.trainer -   {'loss': 1.5897330045700073, 'learning_rate': 1e-06, 'global_step': 6670, 'zo_forward_step': 13342, 'max_steps': 20000, 'max_zo_forward_steps': 0, 'time': 872, 'eps': 0.001}
03/26/2026 03:31:06 - INFO - src.trainer -   {'loss': 0.9392021894454956, 'learning_rate': 1e-06, 'global_step': 6680, 'zo_forward_step': 13362, 'max_steps': 20000, 'max_zo_forward_steps': 0, 'time': 873, 'eps': 0.001}
03/26/2026 03:31:07 - INFO - src.trainer -   {'loss': 1.6594469547271729, 'learning_rate': 1e-06, 'global_step': 6690, 'zo_forward_step': 13382, 'max_steps': 20000, 'max_zo_forward_steps': 0, 'time': 875, 'eps': 0.001}
03/26/2026 03:31:08 - INFO - src.trainer -   {'loss': 1.5418916940689087, 'learning_rate': 1e-06, 'global_step': 6700, 'zo_forward_step': 13402, 'max_steps': 20000, 'max_zo_forward_steps': 0, 'time': 876, 'eps': 0.001}
03/26/2026 03:31:10 - INFO - src.trainer -   {'loss': 0.9527261257171631, 'learning_rate': 1e-06, 'global_step': 6710, 'zo_forward_step': 13422, 'max_steps': 20000, 'max_zo_forward_steps': 0, 'time': 877, 'eps': 0.001}
03/26/2026 03:31:11 - INFO - src.trainer -   {'loss': 1.7439271211624146, 'learning_rate': 1e-06, 'global_step': 6720, 'zo_forward_step': 13442, 'max_steps': 20000, 'max_zo_forward_steps': 0, 'time': 878, 'eps': 0.001}
03/26/2026 03:31:12 - INFO - src.trainer -   {'loss': 1.5239708423614502, 'learning_rate': 1e-06, 'global_step': 6730, 'zo_forward_step': 13462, 'max_steps': 20000, 'max_zo_forward_steps': 0, 'time': 879, 'eps': 0.001}
660it [14:16,  1.05s/it]03/26/2026 03:31:13 - INFO - src.trainer -   {'loss': 0.9838242530822754, 'learning_rate': 1e-06, 'global_step': 6740, 'zo_forward_step': 13482, 'max_steps': 20000, 'max_zo_forward_steps': 0, 'time': 881, 'eps': 0.001}
03/26/2026 03:31:14 - INFO - src.trainer -   {'loss': 1.7016960382461548, 'learning_rate': 1e-06, 'global_step': 6750, 'zo_forward_step': 13502, 'max_steps': 20000, 'max_zo_forward_steps': 0, 'time': 882, 'eps': 0.001}
03/26/2026 03:31:16 - INFO - src.trainer -   {'loss': 1.5387802124023438, 'learning_rate': 1e-06, 'global_step': 6760, 'zo_forward_step': 13522, 'max_steps': 20000, 'max_zo_forward_steps': 0, 'time': 883, 'eps': 0.001}
03/26/2026 03:31:17 - INFO - src.trainer -   {'loss': 1.0600733757019043, 'learning_rate': 1e-06, 'global_step': 6770, 'zo_forward_step': 13542, 'max_steps': 20000, 'max_zo_forward_steps': 0, 'time': 884, 'eps': 0.001}
03/26/2026 03:31:18 - INFO - src.trainer -   {'loss': 1.755547046661377, 'learning_rate': 1e-06, 'global_step': 6780, 'zo_forward_step': 13562, 'max_steps': 20000, 'max_zo_forward_steps': 0, 'time': 885, 'eps': 0.001}
03/26/2026 03:31:19 - INFO - src.trainer -   {'loss': 1.5194027423858643, 'learning_rate': 1e-06, 'global_step': 6790, 'zo_forward_step': 13582, 'max_steps': 20000, 'max_zo_forward_steps': 0, 'time': 886, 'eps': 0.001}
661it [14:24,  1.56s/it]672it [14:24,  1.06s/it]03/26/2026 03:31:20 - INFO - src.trainer -   {'eval_loss': 1.5766668319702148, 'eval_acc': 0.2125}
03/26/2026 03:31:22 - INFO - src.trainer -   [zo_probe] step=6800 eps=1.000e-03 precision=fp32 n=16 mae=8.923534e-01 rmse=1.139991e+00 sign_acc=1.0000 corr=0.999797
03/26/2026 03:31:22 - INFO - src.trainer -   {'loss': 0.9742591977119446, 'learning_rate': 1e-06, 'global_step': 6800, 'zo_forward_step': 13602, 'max_steps': 20000, 'max_zo_forward_steps': 0, 'time': 890, 'eps': 0.001}
03/26/2026 03:31:23 - INFO - src.trainer -   {'loss': 1.6530259847640991, 'learning_rate': 1e-06, 'global_step': 6810, 'zo_forward_step': 13622, 'max_steps': 20000, 'max_zo_forward_steps': 0, 'time': 891, 'eps': 0.001}
03/26/2026 03:31:25 - INFO - src.trainer -   {'loss': 1.5234720706939697, 'learning_rate': 1e-06, 'global_step': 6820, 'zo_forward_step': 13642, 'max_steps': 20000, 'max_zo_forward_steps': 0, 'time': 892, 'eps': 0.001}
03/26/2026 03:31:26 - INFO - src.trainer -   {'loss': 0.9529070258140564, 'learning_rate': 1e-06, 'global_step': 6830, 'zo_forward_step': 13662, 'max_steps': 20000, 'max_zo_forward_steps': 0, 'time': 893, 'eps': 0.001}
03/26/2026 03:31:27 - INFO - src.trainer -   {'loss': 1.742082118988037, 'learning_rate': 1e-06, 'global_step': 6840, 'zo_forward_step': 13682, 'max_steps': 20000, 'max_zo_forward_steps': 0, 'time': 894, 'eps': 0.001}
03/26/2026 03:31:28 - INFO - src.trainer -   {'loss': 1.584991216659546, 'learning_rate': 1e-06, 'global_step': 6850, 'zo_forward_step': 13702, 'max_steps': 20000, 'max_zo_forward_steps': 0, 'time': 895, 'eps': 0.001}
03/26/2026 03:31:29 - INFO - src.trainer -   {'loss': 0.9460733532905579, 'learning_rate': 1e-06, 'global_step': 6860, 'zo_forward_step': 13722, 'max_steps': 20000, 'max_zo_forward_steps': 0, 'time': 896, 'eps': 0.001}
03/26/2026 03:31:30 - INFO - src.trainer -   {'loss': 1.6384568214416504, 'learning_rate': 1e-06, 'global_step': 6870, 'zo_forward_step': 13742, 'max_steps': 20000, 'max_zo_forward_steps': 0, 'time': 898, 'eps': 0.001}
03/26/2026 03:31:32 - INFO - src.trainer -   {'loss': 1.5611807107925415, 'learning_rate': 1e-06, 'global_step': 6880, 'zo_forward_step': 13762, 'max_steps': 20000, 'max_zo_forward_steps': 0, 'time': 899, 'eps': 0.001}
680it [14:36,  1.06s/it]03/26/2026 03:31:33 - INFO - src.trainer -   {'loss': 0.9700297713279724, 'learning_rate': 1e-06, 'global_step': 6890, 'zo_forward_step': 13782, 'max_steps': 20000, 'max_zo_forward_steps': 0, 'time': 900, 'eps': 0.001}
03/26/2026 03:31:34 - INFO - src.trainer -   {'loss': 1.670714020729065, 'learning_rate': 1e-06, 'global_step': 6900, 'zo_forward_step': 13802, 'max_steps': 20000, 'max_zo_forward_steps': 0, 'time': 901, 'eps': 0.001}
03/26/2026 03:31:35 - INFO - src.trainer -   {'loss': 1.501350998878479, 'learning_rate': 1e-06, 'global_step': 6910, 'zo_forward_step': 13822, 'max_steps': 20000, 'max_zo_forward_steps': 0, 'time': 902, 'eps': 0.001}
03/26/2026 03:31:36 - INFO - src.trainer -   {'loss': 1.025099515914917, 'learning_rate': 1e-06, 'global_step': 6920, 'zo_forward_step': 13842, 'max_steps': 20000, 'max_zo_forward_steps': 0, 'time': 903, 'eps': 0.001}
03/26/2026 03:31:37 - INFO - src.trainer -   {'loss': 1.5931570529937744, 'learning_rate': 1e-06, 'global_step': 6930, 'zo_forward_step': 13862, 'max_steps': 20000, 'max_zo_forward_steps': 0, 'time': 905, 'eps': 0.001}
03/26/2026 03:31:38 - INFO - src.trainer -   {'loss': 1.5858536958694458, 'learning_rate': 1e-06, 'global_step': 6940, 'zo_forward_step': 13882, 'max_steps': 20000, 'max_zo_forward_steps': 0, 'time': 906, 'eps': 0.001}
03/26/2026 03:31:40 - INFO - src.trainer -   {'loss': 1.014482855796814, 'learning_rate': 1e-06, 'global_step': 6950, 'zo_forward_step': 13902, 'max_steps': 20000, 'max_zo_forward_steps': 0, 'time': 907, 'eps': 0.001}
03/26/2026 03:31:41 - INFO - src.trainer -   {'loss': 1.6861302852630615, 'learning_rate': 1e-06, 'global_step': 6960, 'zo_forward_step': 13922, 'max_steps': 20000, 'max_zo_forward_steps': 0, 'time': 908, 'eps': 0.001}
03/26/2026 03:31:42 - INFO - src.trainer -   {'loss': 1.6061837673187256, 'learning_rate': 1e-06, 'global_step': 6970, 'zo_forward_step': 13942, 'max_steps': 20000, 'max_zo_forward_steps': 0, 'time': 909, 'eps': 0.001}
03/26/2026 03:31:43 - INFO - src.trainer -   {'loss': 1.0212286710739136, 'learning_rate': 1e-06, 'global_step': 6980, 'zo_forward_step': 13962, 'max_steps': 20000, 'max_zo_forward_steps': 0, 'time': 910, 'eps': 0.001}
03/26/2026 03:31:44 - INFO - src.trainer -   {'loss': 1.642931342124939, 'learning_rate': 1e-06, 'global_step': 6990, 'zo_forward_step': 13982, 'max_steps': 20000, 'max_zo_forward_steps': 0, 'time': 912, 'eps': 0.001}
681it [14:51,  1.58s/it]692it [14:51,  1.07s/it]03/26/2026 03:31:47 - INFO - src.trainer -   {'eval_loss': 1.5716134309768677, 'eval_acc': 0.2}
03/26/2026 03:31:50 - INFO - src.trainer -   [zo_probe] step=7000 eps=1.000e-03 precision=fp32 n=16 mae=8.651111e-01 rmse=1.081894e+00 sign_acc=1.0000 corr=0.999593
03/26/2026 03:31:50 - INFO - src.trainer -   {'loss': 1.485074520111084, 'learning_rate': 1e-06, 'global_step': 7000, 'zo_forward_step': 14002, 'max_steps': 20000, 'max_zo_forward_steps': 0, 'time': 917, 'eps': 0.001}
03/26/2026 03:31:51 - INFO - src.trainer -   {'loss': 1.077641487121582, 'learning_rate': 1e-06, 'global_step': 7010, 'zo_forward_step': 14022, 'max_steps': 20000, 'max_zo_forward_steps': 0, 'time': 918, 'eps': 0.001}
03/26/2026 03:31:52 - INFO - src.trainer -   {'loss': 1.669315218925476, 'learning_rate': 1e-06, 'global_step': 7020, 'zo_forward_step': 14042, 'max_steps': 20000, 'max_zo_forward_steps': 0, 'time': 920, 'eps': 0.001}
03/26/2026 03:31:53 - INFO - src.trainer -   {'loss': 1.54194974899292, 'learning_rate': 1e-06, 'global_step': 7030, 'zo_forward_step': 14062, 'max_steps': 20000, 'max_zo_forward_steps': 0, 'time': 921, 'eps': 0.001}
03/26/2026 03:31:54 - INFO - src.trainer -   {'loss': 1.0011521577835083, 'learning_rate': 1e-06, 'global_step': 7040, 'zo_forward_step': 14082, 'max_steps': 20000, 'max_zo_forward_steps': 0, 'time': 922, 'eps': 0.001}
03/26/2026 03:31:56 - INFO - src.trainer -   {'loss': 1.688544511795044, 'learning_rate': 1e-06, 'global_step': 7050, 'zo_forward_step': 14102, 'max_steps': 20000, 'max_zo_forward_steps': 0, 'time': 923, 'eps': 0.001}
03/26/2026 03:31:57 - INFO - src.trainer -   {'loss': 1.5451350212097168, 'learning_rate': 1e-06, 'global_step': 7060, 'zo_forward_step': 14122, 'max_steps': 20000, 'max_zo_forward_steps': 0, 'time': 924, 'eps': 0.001}
03/26/2026 03:31:58 - INFO - src.trainer -   {'loss': 1.0367541313171387, 'learning_rate': 1e-06, 'global_step': 7070, 'zo_forward_step': 14142, 'max_steps': 20000, 'max_zo_forward_steps': 0, 'time': 925, 'eps': 0.001}
03/26/2026 03:31:59 - INFO - src.trainer -   {'loss': 1.5843415260314941, 'learning_rate': 1e-06, 'global_step': 7080, 'zo_forward_step': 14162, 'max_steps': 20000, 'max_zo_forward_steps': 0, 'time': 926, 'eps': 0.001}
03/26/2026 03:32:00 - INFO - src.trainer -   {'loss': 1.5926426649093628, 'learning_rate': 1e-06, 'global_step': 7090, 'zo_forward_step': 14182, 'max_steps': 20000, 'max_zo_forward_steps': 0, 'time': 928, 'eps': 0.001}
03/26/2026 03:32:01 - INFO - src.trainer -   {'loss': 0.970554530620575, 'learning_rate': 1e-06, 'global_step': 7100, 'zo_forward_step': 14202, 'max_steps': 20000, 'max_zo_forward_steps': 0, 'time': 929, 'eps': 0.001}
700it [15:06,  1.07s/it]03/26/2026 03:32:03 - INFO - src.trainer -   {'loss': 1.617565631866455, 'learning_rate': 1e-06, 'global_step': 7110, 'zo_forward_step': 14222, 'max_steps': 20000, 'max_zo_forward_steps': 0, 'time': 930, 'eps': 0.001}
03/26/2026 03:32:04 - INFO - src.trainer -   {'loss': 1.5685464143753052, 'learning_rate': 1e-06, 'global_step': 7120, 'zo_forward_step': 14242, 'max_steps': 20000, 'max_zo_forward_steps': 0, 'time': 931, 'eps': 0.001}
03/26/2026 03:32:05 - INFO - src.trainer -   {'loss': 0.988777756690979, 'learning_rate': 1e-06, 'global_step': 7130, 'zo_forward_step': 14262, 'max_steps': 20000, 'max_zo_forward_steps': 0, 'time': 932, 'eps': 0.001}
03/26/2026 03:32:06 - INFO - src.trainer -   {'loss': 1.6677182912826538, 'learning_rate': 1e-06, 'global_step': 7140, 'zo_forward_step': 14282, 'max_steps': 20000, 'max_zo_forward_steps': 0, 'time': 933, 'eps': 0.001}
03/26/2026 03:32:07 - INFO - src.trainer -   {'loss': 1.5638933181762695, 'learning_rate': 1e-06, 'global_step': 7150, 'zo_forward_step': 14302, 'max_steps': 20000, 'max_zo_forward_steps': 0, 'time': 934, 'eps': 0.001}
03/26/2026 03:32:08 - INFO - src.trainer -   {'loss': 0.9985858798027039, 'learning_rate': 1e-06, 'global_step': 7160, 'zo_forward_step': 14322, 'max_steps': 20000, 'max_zo_forward_steps': 0, 'time': 936, 'eps': 0.001}
03/26/2026 03:32:09 - INFO - src.trainer -   {'loss': 1.728416085243225, 'learning_rate': 1e-06, 'global_step': 7170, 'zo_forward_step': 14342, 'max_steps': 20000, 'max_zo_forward_steps': 0, 'time': 937, 'eps': 0.001}
03/26/2026 03:32:11 - INFO - src.trainer -   {'loss': 1.590072512626648, 'learning_rate': 1e-06, 'global_step': 7180, 'zo_forward_step': 14362, 'max_steps': 20000, 'max_zo_forward_steps': 0, 'time': 938, 'eps': 0.001}
03/26/2026 03:32:12 - INFO - src.trainer -   {'loss': 1.0195475816726685, 'learning_rate': 1e-06, 'global_step': 7190, 'zo_forward_step': 14382, 'max_steps': 20000, 'max_zo_forward_steps': 0, 'time': 939, 'eps': 0.001}
701it [15:17,  1.57s/it]712it [15:17,  1.06s/it]03/26/2026 03:32:13 - INFO - src.trainer -   {'eval_loss': 1.5695663690567017, 'eval_acc': 0.2125}
03/26/2026 03:32:16 - INFO - src.trainer -   [zo_probe] step=7200 eps=1.000e-03 precision=fp32 n=16 mae=2.492874e+00 rmse=3.579766e+00 sign_acc=1.0000 corr=0.994612
03/26/2026 03:32:16 - INFO - src.trainer -   {'loss': 1.6129223108291626, 'learning_rate': 1e-06, 'global_step': 7200, 'zo_forward_step': 14402, 'max_steps': 20000, 'max_zo_forward_steps': 0, 'time': 943, 'eps': 0.001}
03/26/2026 03:32:17 - INFO - src.trainer -   {'loss': 1.5497353076934814, 'learning_rate': 1e-06, 'global_step': 7210, 'zo_forward_step': 14422, 'max_steps': 20000, 'max_zo_forward_steps': 0, 'time': 944, 'eps': 0.001}
03/26/2026 03:32:18 - INFO - src.trainer -   {'loss': 1.028074860572815, 'learning_rate': 1e-06, 'global_step': 7220, 'zo_forward_step': 14442, 'max_steps': 20000, 'max_zo_forward_steps': 0, 'time': 946, 'eps': 0.001}
03/26/2026 03:32:19 - INFO - src.trainer -   {'loss': 1.6787655353546143, 'learning_rate': 1e-06, 'global_step': 7230, 'zo_forward_step': 14462, 'max_steps': 20000, 'max_zo_forward_steps': 0, 'time': 947, 'eps': 0.001}
03/26/2026 03:32:21 - INFO - src.trainer -   {'loss': 1.461848497390747, 'learning_rate': 1e-06, 'global_step': 7240, 'zo_forward_step': 14482, 'max_steps': 20000, 'max_zo_forward_steps': 0, 'time': 948, 'eps': 0.001}
03/26/2026 03:32:22 - INFO - src.trainer -   {'loss': 0.995061993598938, 'learning_rate': 1e-06, 'global_step': 7250, 'zo_forward_step': 14502, 'max_steps': 20000, 'max_zo_forward_steps': 0, 'time': 949, 'eps': 0.001}
03/26/2026 03:32:23 - INFO - src.trainer -   {'loss': 1.636936902999878, 'learning_rate': 1e-06, 'global_step': 7260, 'zo_forward_step': 14522, 'max_steps': 20000, 'max_zo_forward_steps': 0, 'time': 950, 'eps': 0.001}
03/26/2026 03:32:24 - INFO - src.trainer -   {'loss': 1.612755298614502, 'learning_rate': 1e-06, 'global_step': 7270, 'zo_forward_step': 14542, 'max_steps': 20000, 'max_zo_forward_steps': 0, 'time': 951, 'eps': 0.001}
03/26/2026 03:32:25 - INFO - src.trainer -   {'loss': 1.0047754049301147, 'learning_rate': 1e-06, 'global_step': 7280, 'zo_forward_step': 14562, 'max_steps': 20000, 'max_zo_forward_steps': 0, 'time': 952, 'eps': 0.001}
03/26/2026 03:32:26 - INFO - src.trainer -   {'loss': 1.6444605588912964, 'learning_rate': 1e-06, 'global_step': 7290, 'zo_forward_step': 14582, 'max_steps': 20000, 'max_zo_forward_steps': 0, 'time': 954, 'eps': 0.001}
03/26/2026 03:32:28 - INFO - src.trainer -   {'loss': 1.5185884237289429, 'learning_rate': 1e-06, 'global_step': 7300, 'zo_forward_step': 14602, 'max_steps': 20000, 'max_zo_forward_steps': 0, 'time': 955, 'eps': 0.001}
03/26/2026 03:32:29 - INFO - src.trainer -   {'loss': 1.0395737886428833, 'learning_rate': 1e-06, 'global_step': 7310, 'zo_forward_step': 14622, 'max_steps': 20000, 'max_zo_forward_steps': 0, 'time': 956, 'eps': 0.001}
03/26/2026 03:32:30 - INFO - src.trainer -   {'loss': 1.5907008647918701, 'learning_rate': 1e-06, 'global_step': 7320, 'zo_forward_step': 14642, 'max_steps': 20000, 'max_zo_forward_steps': 0, 'time': 957, 'eps': 0.001}
03/26/2026 03:32:31 - INFO - src.trainer -   {'loss': 1.536962866783142, 'learning_rate': 1e-06, 'global_step': 7330, 'zo_forward_step': 14662, 'max_steps': 20000, 'max_zo_forward_steps': 0, 'time': 958, 'eps': 0.001}
03/26/2026 03:32:32 - INFO - src.trainer -   {'loss': 1.0658141374588013, 'learning_rate': 1e-06, 'global_step': 7340, 'zo_forward_step': 14682, 'max_steps': 20000, 'max_zo_forward_steps': 0, 'time': 959, 'eps': 0.001}
720it [15:36,  1.06s/it]03/26/2026 03:32:33 - INFO - src.trainer -   {'loss': 1.6680859327316284, 'learning_rate': 1e-06, 'global_step': 7350, 'zo_forward_step': 14702, 'max_steps': 20000, 'max_zo_forward_steps': 0, 'time': 961, 'eps': 0.001}
03/26/2026 03:32:34 - INFO - src.trainer -   {'loss': 1.503462791442871, 'learning_rate': 1e-06, 'global_step': 7360, 'zo_forward_step': 14722, 'max_steps': 20000, 'max_zo_forward_steps': 0, 'time': 962, 'eps': 0.001}
03/26/2026 03:32:36 - INFO - src.trainer -   {'loss': 1.0532779693603516, 'learning_rate': 1e-06, 'global_step': 7370, 'zo_forward_step': 14742, 'max_steps': 20000, 'max_zo_forward_steps': 0, 'time': 963, 'eps': 0.001}
03/26/2026 03:32:37 - INFO - src.trainer -   {'loss': 1.6646907329559326, 'learning_rate': 1e-06, 'global_step': 7380, 'zo_forward_step': 14762, 'max_steps': 20000, 'max_zo_forward_steps': 0, 'time': 964, 'eps': 0.001}
03/26/2026 03:32:38 - INFO - src.trainer -   {'loss': 1.5301553010940552, 'learning_rate': 1e-06, 'global_step': 7390, 'zo_forward_step': 14782, 'max_steps': 20000, 'max_zo_forward_steps': 0, 'time': 965, 'eps': 0.001}
721it [15:43,  1.57s/it]732it [15:43,  1.06s/it]03/26/2026 03:32:39 - INFO - src.trainer -   {'eval_loss': 1.5572303533554077, 'eval_acc': 0.225}
03/26/2026 03:32:41 - INFO - src.trainer -   [zo_probe] step=7400 eps=1.000e-03 precision=fp32 n=16 mae=7.178095e-01 rmse=9.299166e-01 sign_acc=1.0000 corr=0.999845
03/26/2026 03:32:41 - INFO - src.trainer -   {'loss': 1.0635995864868164, 'learning_rate': 1e-06, 'global_step': 7400, 'zo_forward_step': 14802, 'max_steps': 20000, 'max_zo_forward_steps': 0, 'time': 969, 'eps': 0.001}
03/26/2026 03:32:42 - INFO - src.trainer -   {'loss': 1.6129915714263916, 'learning_rate': 1e-06, 'global_step': 7410, 'zo_forward_step': 14822, 'max_steps': 20000, 'max_zo_forward_steps': 0, 'time': 970, 'eps': 0.001}
03/26/2026 03:32:44 - INFO - src.trainer -   {'loss': 1.473827838897705, 'learning_rate': 1e-06, 'global_step': 7420, 'zo_forward_step': 14842, 'max_steps': 20000, 'max_zo_forward_steps': 0, 'time': 971, 'eps': 0.001}
03/26/2026 03:32:45 - INFO - src.trainer -   {'loss': 1.051466941833496, 'learning_rate': 1e-06, 'global_step': 7430, 'zo_forward_step': 14862, 'max_steps': 20000, 'max_zo_forward_steps': 0, 'time': 972, 'eps': 0.001}
03/26/2026 03:32:46 - INFO - src.trainer -   {'loss': 1.6153345108032227, 'learning_rate': 1e-06, 'global_step': 7440, 'zo_forward_step': 14882, 'max_steps': 20000, 'max_zo_forward_steps': 0, 'time': 973, 'eps': 0.001}
03/26/2026 03:32:47 - INFO - src.trainer -   {'loss': 1.4942585229873657, 'learning_rate': 1e-06, 'global_step': 7450, 'zo_forward_step': 14902, 'max_steps': 20000, 'max_zo_forward_steps': 0, 'time': 974, 'eps': 0.001}
03/26/2026 03:32:48 - INFO - src.trainer -   {'loss': 1.0614736080169678, 'learning_rate': 1e-06, 'global_step': 7460, 'zo_forward_step': 14922, 'max_steps': 20000, 'max_zo_forward_steps': 0, 'time': 975, 'eps': 0.001}
03/26/2026 03:32:49 - INFO - src.trainer -   {'loss': 1.5392175912857056, 'learning_rate': 1e-06, 'global_step': 7470, 'zo_forward_step': 14942, 'max_steps': 20000, 'max_zo_forward_steps': 0, 'time': 977, 'eps': 0.001}
03/26/2026 03:32:50 - INFO - src.trainer -   {'loss': 1.5191688537597656, 'learning_rate': 1e-06, 'global_step': 7480, 'zo_forward_step': 14962, 'max_steps': 20000, 'max_zo_forward_steps': 0, 'time': 978, 'eps': 0.001}
03/26/2026 03:32:52 - INFO - src.trainer -   {'loss': 1.0991510152816772, 'learning_rate': 1e-06, 'global_step': 7490, 'zo_forward_step': 14982, 'max_steps': 20000, 'max_zo_forward_steps': 0, 'time': 979, 'eps': 0.001}
740it [15:56,  1.06s/it]03/26/2026 03:32:53 - INFO - src.trainer -   {'loss': 1.6412553787231445, 'learning_rate': 1e-06, 'global_step': 7500, 'zo_forward_step': 15002, 'max_steps': 20000, 'max_zo_forward_steps': 0, 'time': 980, 'eps': 0.001}
03/26/2026 03:32:54 - INFO - src.trainer -   {'loss': 1.5210391283035278, 'learning_rate': 1e-06, 'global_step': 7510, 'zo_forward_step': 15022, 'max_steps': 20000, 'max_zo_forward_steps': 0, 'time': 981, 'eps': 0.001}
03/26/2026 03:32:55 - INFO - src.trainer -   {'loss': 1.013993501663208, 'learning_rate': 1e-06, 'global_step': 7520, 'zo_forward_step': 15042, 'max_steps': 20000, 'max_zo_forward_steps': 0, 'time': 982, 'eps': 0.001}
03/26/2026 03:32:56 - INFO - src.trainer -   {'loss': 1.5561712980270386, 'learning_rate': 1e-06, 'global_step': 7530, 'zo_forward_step': 15062, 'max_steps': 20000, 'max_zo_forward_steps': 0, 'time': 983, 'eps': 0.001}
03/26/2026 03:32:57 - INFO - src.trainer -   {'loss': 1.5472674369812012, 'learning_rate': 1e-06, 'global_step': 7540, 'zo_forward_step': 15082, 'max_steps': 20000, 'max_zo_forward_steps': 0, 'time': 985, 'eps': 0.001}
03/26/2026 03:32:58 - INFO - src.trainer -   {'loss': 1.0932427644729614, 'learning_rate': 1e-06, 'global_step': 7550, 'zo_forward_step': 15102, 'max_steps': 20000, 'max_zo_forward_steps': 0, 'time': 986, 'eps': 0.001}
03/26/2026 03:33:00 - INFO - src.trainer -   {'loss': 1.5853568315505981, 'learning_rate': 1e-06, 'global_step': 7560, 'zo_forward_step': 15122, 'max_steps': 20000, 'max_zo_forward_steps': 0, 'time': 987, 'eps': 0.001}
03/26/2026 03:33:01 - INFO - src.trainer -   {'loss': 1.501763939857483, 'learning_rate': 1e-06, 'global_step': 7570, 'zo_forward_step': 15142, 'max_steps': 20000, 'max_zo_forward_steps': 0, 'time': 988, 'eps': 0.001}
03/26/2026 03:33:02 - INFO - src.trainer -   {'loss': 1.0428839921951294, 'learning_rate': 1e-06, 'global_step': 7580, 'zo_forward_step': 15162, 'max_steps': 20000, 'max_zo_forward_steps': 0, 'time': 989, 'eps': 0.001}
03/26/2026 03:33:03 - INFO - src.trainer -   {'loss': 1.6209228038787842, 'learning_rate': 1e-06, 'global_step': 7590, 'zo_forward_step': 15182, 'max_steps': 20000, 'max_zo_forward_steps': 0, 'time': 990, 'eps': 0.001}
741it [16:08,  1.53s/it]752it [16:08,  1.04s/it]03/26/2026 03:33:04 - INFO - src.trainer -   {'eval_loss': 1.5552442073822021, 'eval_acc': 0.225}
03/26/2026 03:33:07 - INFO - src.trainer -   [zo_probe] step=7600 eps=1.000e-03 precision=fp32 n=16 mae=1.280483e+00 rmse=1.564657e+00 sign_acc=1.0000 corr=0.999465
03/26/2026 03:33:07 - INFO - src.trainer -   {'loss': 1.5391600131988525, 'learning_rate': 1e-06, 'global_step': 7600, 'zo_forward_step': 15202, 'max_steps': 20000, 'max_zo_forward_steps': 0, 'time': 994, 'eps': 0.001}
03/26/2026 03:33:08 - INFO - src.trainer -   {'loss': 1.0800230503082275, 'learning_rate': 1e-06, 'global_step': 7610, 'zo_forward_step': 15222, 'max_steps': 20000, 'max_zo_forward_steps': 0, 'time': 996, 'eps': 0.001}
03/26/2026 03:33:09 - INFO - src.trainer -   {'loss': 1.6534227132797241, 'learning_rate': 1e-06, 'global_step': 7620, 'zo_forward_step': 15242, 'max_steps': 20000, 'max_zo_forward_steps': 0, 'time': 997, 'eps': 0.001}
03/26/2026 03:33:11 - INFO - src.trainer -   {'loss': 1.5577119588851929, 'learning_rate': 1e-06, 'global_step': 7630, 'zo_forward_step': 15262, 'max_steps': 20000, 'max_zo_forward_steps': 0, 'time': 998, 'eps': 0.001}
03/26/2026 03:33:12 - INFO - src.trainer -   {'loss': 1.0733872652053833, 'learning_rate': 1e-06, 'global_step': 7640, 'zo_forward_step': 15282, 'max_steps': 20000, 'max_zo_forward_steps': 0, 'time': 999, 'eps': 0.001}
03/26/2026 03:33:13 - INFO - src.trainer -   {'loss': 1.583493947982788, 'learning_rate': 1e-06, 'global_step': 7650, 'zo_forward_step': 15302, 'max_steps': 20000, 'max_zo_forward_steps': 0, 'time': 1000, 'eps': 0.001}
03/26/2026 03:33:14 - INFO - src.trainer -   {'loss': 1.5785651206970215, 'learning_rate': 1e-06, 'global_step': 7660, 'zo_forward_step': 15322, 'max_steps': 20000, 'max_zo_forward_steps': 0, 'time': 1002, 'eps': 0.001}
03/26/2026 03:33:15 - INFO - src.trainer -   {'loss': 1.0915220975875854, 'learning_rate': 1e-06, 'global_step': 7670, 'zo_forward_step': 15342, 'max_steps': 20000, 'max_zo_forward_steps': 0, 'time': 1003, 'eps': 0.001}
03/26/2026 03:33:17 - INFO - src.trainer -   {'loss': 1.534811019897461, 'learning_rate': 1e-06, 'global_step': 7680, 'zo_forward_step': 15362, 'max_steps': 20000, 'max_zo_forward_steps': 0, 'time': 1004, 'eps': 0.001}
03/26/2026 03:33:18 - INFO - src.trainer -   {'loss': 1.5611345767974854, 'learning_rate': 1e-06, 'global_step': 7690, 'zo_forward_step': 15382, 'max_steps': 20000, 'max_zo_forward_steps': 0, 'time': 1005, 'eps': 0.001}
03/26/2026 03:33:19 - INFO - src.trainer -   {'loss': 0.9879961609840393, 'learning_rate': 1e-06, 'global_step': 7700, 'zo_forward_step': 15402, 'max_steps': 20000, 'max_zo_forward_steps': 0, 'time': 1006, 'eps': 0.001}
03/26/2026 03:33:20 - INFO - src.trainer -   {'loss': 1.5973730087280273, 'learning_rate': 1e-06, 'global_step': 7710, 'zo_forward_step': 15422, 'max_steps': 20000, 'max_zo_forward_steps': 0, 'time': 1007, 'eps': 0.001}
03/26/2026 03:33:21 - INFO - src.trainer -   {'loss': 1.5268898010253906, 'learning_rate': 1e-06, 'global_step': 7720, 'zo_forward_step': 15442, 'max_steps': 20000, 'max_zo_forward_steps': 0, 'time': 1009, 'eps': 0.001}
760it [16:26,  1.04s/it]03/26/2026 03:33:22 - INFO - src.trainer -   {'loss': 1.0074106454849243, 'learning_rate': 1e-06, 'global_step': 7730, 'zo_forward_step': 15462, 'max_steps': 20000, 'max_zo_forward_steps': 0, 'time': 1010, 'eps': 0.001}
03/26/2026 03:33:24 - INFO - src.trainer -   {'loss': 1.5817300081253052, 'learning_rate': 1e-06, 'global_step': 7740, 'zo_forward_step': 15482, 'max_steps': 20000, 'max_zo_forward_steps': 0, 'time': 1011, 'eps': 0.001}
03/26/2026 03:33:25 - INFO - src.trainer -   {'loss': 1.5134265422821045, 'learning_rate': 1e-06, 'global_step': 7750, 'zo_forward_step': 15502, 'max_steps': 20000, 'max_zo_forward_steps': 0, 'time': 1012, 'eps': 0.001}
03/26/2026 03:33:26 - INFO - src.trainer -   {'loss': 1.0181926488876343, 'learning_rate': 1e-06, 'global_step': 7760, 'zo_forward_step': 15522, 'max_steps': 20000, 'max_zo_forward_steps': 0, 'time': 1013, 'eps': 0.001}
03/26/2026 03:33:27 - INFO - src.trainer -   {'loss': 1.59053373336792, 'learning_rate': 1e-06, 'global_step': 7770, 'zo_forward_step': 15542, 'max_steps': 20000, 'max_zo_forward_steps': 0, 'time': 1014, 'eps': 0.001}
03/26/2026 03:33:28 - INFO - src.trainer -   {'loss': 1.5946245193481445, 'learning_rate': 1e-06, 'global_step': 7780, 'zo_forward_step': 15562, 'max_steps': 20000, 'max_zo_forward_steps': 0, 'time': 1016, 'eps': 0.001}
03/26/2026 03:33:29 - INFO - src.trainer -   {'loss': 1.0182814598083496, 'learning_rate': 1e-06, 'global_step': 7790, 'zo_forward_step': 15582, 'max_steps': 20000, 'max_zo_forward_steps': 0, 'time': 1017, 'eps': 0.001}
761it [16:34,  1.56s/it]772it [16:35,  1.06s/it]03/26/2026 03:33:31 - INFO - src.trainer -   {'eval_loss': 1.5527724027633667, 'eval_acc': 0.25}
03/26/2026 03:33:31 - INFO - src.trainer -   Best dev result: 0.25
03/26/2026 03:33:34 - INFO - src.trainer -   [zo_probe] step=7800 eps=1.000e-03 precision=fp32 n=16 mae=9.053605e-01 rmse=1.144049e+00 sign_acc=1.0000 corr=0.999601
03/26/2026 03:33:34 - INFO - src.trainer -   {'loss': 1.5681780576705933, 'learning_rate': 1e-06, 'global_step': 7800, 'zo_forward_step': 15602, 'max_steps': 20000, 'max_zo_forward_steps': 0, 'time': 1021, 'eps': 0.001}
03/26/2026 03:33:35 - INFO - src.trainer -   {'loss': 1.5134168863296509, 'learning_rate': 1e-06, 'global_step': 7810, 'zo_forward_step': 15622, 'max_steps': 20000, 'max_zo_forward_steps': 0, 'time': 1022, 'eps': 0.001}
03/26/2026 03:33:36 - INFO - src.trainer -   {'loss': 1.0413527488708496, 'learning_rate': 1e-06, 'global_step': 7820, 'zo_forward_step': 15642, 'max_steps': 20000, 'max_zo_forward_steps': 0, 'time': 1024, 'eps': 0.001}
03/26/2026 03:33:37 - INFO - src.trainer -   {'loss': 1.6250275373458862, 'learning_rate': 1e-06, 'global_step': 7830, 'zo_forward_step': 15662, 'max_steps': 20000, 'max_zo_forward_steps': 0, 'time': 1025, 'eps': 0.001}
03/26/2026 03:33:39 - INFO - src.trainer -   {'loss': 1.5044028759002686, 'learning_rate': 1e-06, 'global_step': 7840, 'zo_forward_step': 15682, 'max_steps': 20000, 'max_zo_forward_steps': 0, 'time': 1026, 'eps': 0.001}
03/26/2026 03:33:40 - INFO - src.trainer -   {'loss': 1.0720601081848145, 'learning_rate': 1e-06, 'global_step': 7850, 'zo_forward_step': 15702, 'max_steps': 20000, 'max_zo_forward_steps': 0, 'time': 1027, 'eps': 0.001}
03/26/2026 03:33:41 - INFO - src.trainer -   {'loss': 1.617251992225647, 'learning_rate': 1e-06, 'global_step': 7860, 'zo_forward_step': 15722, 'max_steps': 20000, 'max_zo_forward_steps': 0, 'time': 1028, 'eps': 0.001}
03/26/2026 03:33:42 - INFO - src.trainer -   {'loss': 1.5764063596725464, 'learning_rate': 1e-06, 'global_step': 7870, 'zo_forward_step': 15742, 'max_steps': 20000, 'max_zo_forward_steps': 0, 'time': 1029, 'eps': 0.001}
780it [16:46,  1.06s/it]03/26/2026 03:33:43 - INFO - src.trainer -   {'loss': 1.1024985313415527, 'learning_rate': 1e-06, 'global_step': 7880, 'zo_forward_step': 15762, 'max_steps': 20000, 'max_zo_forward_steps': 0, 'time': 1030, 'eps': 0.001}
03/26/2026 03:33:44 - INFO - src.trainer -   {'loss': 1.582166314125061, 'learning_rate': 1e-06, 'global_step': 7890, 'zo_forward_step': 15782, 'max_steps': 20000, 'max_zo_forward_steps': 0, 'time': 1032, 'eps': 0.001}
03/26/2026 03:33:45 - INFO - src.trainer -   {'loss': 1.6507525444030762, 'learning_rate': 1e-06, 'global_step': 7900, 'zo_forward_step': 15802, 'max_steps': 20000, 'max_zo_forward_steps': 0, 'time': 1033, 'eps': 0.001}
03/26/2026 03:33:47 - INFO - src.trainer -   {'loss': 0.9841059446334839, 'learning_rate': 1e-06, 'global_step': 7910, 'zo_forward_step': 15822, 'max_steps': 20000, 'max_zo_forward_steps': 0, 'time': 1034, 'eps': 0.001}
03/26/2026 03:33:48 - INFO - src.trainer -   {'loss': 1.5056959390640259, 'learning_rate': 1e-06, 'global_step': 7920, 'zo_forward_step': 15842, 'max_steps': 20000, 'max_zo_forward_steps': 0, 'time': 1035, 'eps': 0.001}
03/26/2026 03:33:49 - INFO - src.trainer -   {'loss': 1.522120714187622, 'learning_rate': 1e-06, 'global_step': 7930, 'zo_forward_step': 15862, 'max_steps': 20000, 'max_zo_forward_steps': 0, 'time': 1036, 'eps': 0.001}
03/26/2026 03:33:50 - INFO - src.trainer -   {'loss': 0.9661497473716736, 'learning_rate': 1e-06, 'global_step': 7940, 'zo_forward_step': 15882, 'max_steps': 20000, 'max_zo_forward_steps': 0, 'time': 1038, 'eps': 0.001}
03/26/2026 03:33:51 - INFO - src.trainer -   {'loss': 1.5984447002410889, 'learning_rate': 1e-06, 'global_step': 7950, 'zo_forward_step': 15902, 'max_steps': 20000, 'max_zo_forward_steps': 0, 'time': 1039, 'eps': 0.001}
03/26/2026 03:33:53 - INFO - src.trainer -   {'loss': 1.5351200103759766, 'learning_rate': 1e-06, 'global_step': 7960, 'zo_forward_step': 15922, 'max_steps': 20000, 'max_zo_forward_steps': 0, 'time': 1040, 'eps': 0.001}
03/26/2026 03:33:54 - INFO - src.trainer -   {'loss': 0.9691389203071594, 'learning_rate': 1e-06, 'global_step': 7970, 'zo_forward_step': 15942, 'max_steps': 20000, 'max_zo_forward_steps': 0, 'time': 1041, 'eps': 0.001}
03/26/2026 03:33:55 - INFO - src.trainer -   {'loss': 1.6421802043914795, 'learning_rate': 1e-06, 'global_step': 7980, 'zo_forward_step': 15962, 'max_steps': 20000, 'max_zo_forward_steps': 0, 'time': 1042, 'eps': 0.001}
03/26/2026 03:33:56 - INFO - src.trainer -   {'loss': 1.6134698390960693, 'learning_rate': 1e-06, 'global_step': 7990, 'zo_forward_step': 15982, 'max_steps': 20000, 'max_zo_forward_steps': 0, 'time': 1043, 'eps': 0.001}
781it [17:01,  1.57s/it]792it [17:01,  1.07s/it]03/26/2026 03:33:57 - INFO - src.trainer -   {'eval_loss': 1.5584352016448975, 'eval_acc': 0.225}
03/26/2026 03:33:59 - INFO - src.trainer -   [zo_probe] step=8000 eps=1.000e-03 precision=fp32 n=16 mae=6.803910e-01 rmse=8.576511e-01 sign_acc=1.0000 corr=0.999824
03/26/2026 03:33:59 - INFO - src.trainer -   {'loss': 0.9893969893455505, 'learning_rate': 1e-06, 'global_step': 8000, 'zo_forward_step': 16002, 'max_steps': 20000, 'max_zo_forward_steps': 0, 'time': 1047, 'eps': 0.001}
03/26/2026 03:34:00 - INFO - src.trainer -   {'loss': 1.5886074304580688, 'learning_rate': 1e-06, 'global_step': 8010, 'zo_forward_step': 16022, 'max_steps': 20000, 'max_zo_forward_steps': 0, 'time': 1048, 'eps': 0.001}
03/26/2026 03:34:02 - INFO - src.trainer -   {'loss': 1.5939689874649048, 'learning_rate': 1e-06, 'global_step': 8020, 'zo_forward_step': 16042, 'max_steps': 20000, 'max_zo_forward_steps': 0, 'time': 1049, 'eps': 0.001}
03/26/2026 03:34:03 - INFO - src.trainer -   {'loss': 0.9256395697593689, 'learning_rate': 1e-06, 'global_step': 8030, 'zo_forward_step': 16062, 'max_steps': 20000, 'max_zo_forward_steps': 0, 'time': 1050, 'eps': 0.001}
03/26/2026 03:34:04 - INFO - src.trainer -   {'loss': 1.5895740985870361, 'learning_rate': 1e-06, 'global_step': 8040, 'zo_forward_step': 16082, 'max_steps': 20000, 'max_zo_forward_steps': 0, 'time': 1051, 'eps': 0.001}
03/26/2026 03:34:05 - INFO - src.trainer -   {'loss': 1.616412878036499, 'learning_rate': 1e-06, 'global_step': 8050, 'zo_forward_step': 16102, 'max_steps': 20000, 'max_zo_forward_steps': 0, 'time': 1052, 'eps': 0.001}
03/26/2026 03:34:06 - INFO - src.trainer -   {'loss': 1.0310606956481934, 'learning_rate': 1e-06, 'global_step': 8060, 'zo_forward_step': 16122, 'max_steps': 20000, 'max_zo_forward_steps': 0, 'time': 1053, 'eps': 0.001}
03/26/2026 03:34:07 - INFO - src.trainer -   {'loss': 1.5835797786712646, 'learning_rate': 1e-06, 'global_step': 8070, 'zo_forward_step': 16142, 'max_steps': 20000, 'max_zo_forward_steps': 0, 'time': 1055, 'eps': 0.001}
03/26/2026 03:34:08 - INFO - src.trainer -   {'loss': 1.5848051309585571, 'learning_rate': 1e-06, 'global_step': 8080, 'zo_forward_step': 16162, 'max_steps': 20000, 'max_zo_forward_steps': 0, 'time': 1056, 'eps': 0.001}
03/26/2026 03:34:10 - INFO - src.trainer -   {'loss': 0.9030168652534485, 'learning_rate': 1e-06, 'global_step': 8090, 'zo_forward_step': 16182, 'max_steps': 20000, 'max_zo_forward_steps': 0, 'time': 1057, 'eps': 0.001}
03/26/2026 03:34:11 - INFO - src.trainer -   {'loss': 1.6724722385406494, 'learning_rate': 1e-06, 'global_step': 8100, 'zo_forward_step': 16202, 'max_steps': 20000, 'max_zo_forward_steps': 0, 'time': 1058, 'eps': 0.001}
03/26/2026 03:34:12 - INFO - src.trainer -   {'loss': 1.5083489418029785, 'learning_rate': 1e-06, 'global_step': 8110, 'zo_forward_step': 16222, 'max_steps': 20000, 'max_zo_forward_steps': 0, 'time': 1059, 'eps': 0.001}
800it [17:16,  1.07s/it]03/26/2026 03:34:13 - INFO - src.trainer -   {'loss': 0.9826946258544922, 'learning_rate': 1e-06, 'global_step': 8120, 'zo_forward_step': 16242, 'max_steps': 20000, 'max_zo_forward_steps': 0, 'time': 1060, 'eps': 0.001}
03/26/2026 03:34:14 - INFO - src.trainer -   {'loss': 1.468732237815857, 'learning_rate': 1e-06, 'global_step': 8130, 'zo_forward_step': 16262, 'max_steps': 20000, 'max_zo_forward_steps': 0, 'time': 1061, 'eps': 0.001}
03/26/2026 03:34:15 - INFO - src.trainer -   {'loss': 1.5615638494491577, 'learning_rate': 1e-06, 'global_step': 8140, 'zo_forward_step': 16282, 'max_steps': 20000, 'max_zo_forward_steps': 0, 'time': 1063, 'eps': 0.001}
03/26/2026 03:34:16 - INFO - src.trainer -   {'loss': 0.9653394818305969, 'learning_rate': 1e-06, 'global_step': 8150, 'zo_forward_step': 16302, 'max_steps': 20000, 'max_zo_forward_steps': 0, 'time': 1064, 'eps': 0.001}
03/26/2026 03:34:18 - INFO - src.trainer -   {'loss': 1.5975152254104614, 'learning_rate': 1e-06, 'global_step': 8160, 'zo_forward_step': 16322, 'max_steps': 20000, 'max_zo_forward_steps': 0, 'time': 1065, 'eps': 0.001}
03/26/2026 03:34:19 - INFO - src.trainer -   {'loss': 1.6128233671188354, 'learning_rate': 1e-06, 'global_step': 8170, 'zo_forward_step': 16342, 'max_steps': 20000, 'max_zo_forward_steps': 0, 'time': 1066, 'eps': 0.001}
03/26/2026 03:34:20 - INFO - src.trainer -   {'loss': 0.9426093101501465, 'learning_rate': 1e-06, 'global_step': 8180, 'zo_forward_step': 16362, 'max_steps': 20000, 'max_zo_forward_steps': 0, 'time': 1067, 'eps': 0.001}
03/26/2026 03:34:21 - INFO - src.trainer -   {'loss': 1.5787410736083984, 'learning_rate': 1e-06, 'global_step': 8190, 'zo_forward_step': 16382, 'max_steps': 20000, 'max_zo_forward_steps': 0, 'time': 1069, 'eps': 0.001}
801it [17:26,  1.54s/it]812it [17:26,  1.04s/it]03/26/2026 03:34:22 - INFO - src.trainer -   {'eval_loss': 1.549231767654419, 'eval_acc': 0.2375}
03/26/2026 03:34:25 - INFO - src.trainer -   [zo_probe] step=8200 eps=1.000e-03 precision=fp32 n=16 mae=1.548763e+00 rmse=2.028769e+00 sign_acc=1.0000 corr=0.998454
03/26/2026 03:34:26 - INFO - src.trainer -   {'loss': 1.5123085975646973, 'learning_rate': 1e-06, 'global_step': 8200, 'zo_forward_step': 16402, 'max_steps': 20000, 'max_zo_forward_steps': 0, 'time': 1073, 'eps': 0.001}
03/26/2026 03:34:27 - INFO - src.trainer -   {'loss': 0.9510843753814697, 'learning_rate': 1e-06, 'global_step': 8210, 'zo_forward_step': 16422, 'max_steps': 20000, 'max_zo_forward_steps': 0, 'time': 1074, 'eps': 0.001}
03/26/2026 03:34:28 - INFO - src.trainer -   {'loss': 1.5821878910064697, 'learning_rate': 1e-06, 'global_step': 8220, 'zo_forward_step': 16442, 'max_steps': 20000, 'max_zo_forward_steps': 0, 'time': 1075, 'eps': 0.001}
03/26/2026 03:34:29 - INFO - src.trainer -   {'loss': 1.5338702201843262, 'learning_rate': 1e-06, 'global_step': 8230, 'zo_forward_step': 16462, 'max_steps': 20000, 'max_zo_forward_steps': 0, 'time': 1076, 'eps': 0.001}
03/26/2026 03:34:30 - INFO - src.trainer -   {'loss': 1.0857759714126587, 'learning_rate': 1e-06, 'global_step': 8240, 'zo_forward_step': 16482, 'max_steps': 20000, 'max_zo_forward_steps': 0, 'time': 1077, 'eps': 0.001}
03/26/2026 03:34:31 - INFO - src.trainer -   {'loss': 1.7053664922714233, 'learning_rate': 1e-06, 'global_step': 8250, 'zo_forward_step': 16502, 'max_steps': 20000, 'max_zo_forward_steps': 0, 'time': 1079, 'eps': 0.001}
03/26/2026 03:34:33 - INFO - src.trainer -   {'loss': 1.606561303138733, 'learning_rate': 1e-06, 'global_step': 8260, 'zo_forward_step': 16522, 'max_steps': 20000, 'max_zo_forward_steps': 0, 'time': 1080, 'eps': 0.001}
03/26/2026 03:34:34 - INFO - src.trainer -   {'loss': 0.8921970725059509, 'learning_rate': 1e-06, 'global_step': 8270, 'zo_forward_step': 16542, 'max_steps': 20000, 'max_zo_forward_steps': 0, 'time': 1081, 'eps': 0.001}
03/26/2026 03:34:35 - INFO - src.trainer -   {'loss': 1.6465810537338257, 'learning_rate': 1e-06, 'global_step': 8280, 'zo_forward_step': 16562, 'max_steps': 20000, 'max_zo_forward_steps': 0, 'time': 1082, 'eps': 0.001}
03/26/2026 03:34:36 - INFO - src.trainer -   {'loss': 1.5403194427490234, 'learning_rate': 1e-06, 'global_step': 8290, 'zo_forward_step': 16582, 'max_steps': 20000, 'max_zo_forward_steps': 0, 'time': 1083, 'eps': 0.001}
03/26/2026 03:34:37 - INFO - src.trainer -   {'loss': 0.9180828928947449, 'learning_rate': 1e-06, 'global_step': 8300, 'zo_forward_step': 16602, 'max_steps': 20000, 'max_zo_forward_steps': 0, 'time': 1084, 'eps': 0.001}
03/26/2026 03:34:38 - INFO - src.trainer -   {'loss': 1.6328251361846924, 'learning_rate': 1e-06, 'global_step': 8310, 'zo_forward_step': 16622, 'max_steps': 20000, 'max_zo_forward_steps': 0, 'time': 1086, 'eps': 0.001}
03/26/2026 03:34:41 - INFO - src.trainer -   {'loss': 1.52609384059906, 'learning_rate': 1e-06, 'global_step': 8320, 'zo_forward_step': 16642, 'max_steps': 20000, 'max_zo_forward_steps': 0, 'time': 1088, 'eps': 0.001}
03/26/2026 03:34:42 - INFO - src.trainer -   {'loss': 0.9077257513999939, 'learning_rate': 1e-06, 'global_step': 8330, 'zo_forward_step': 16662, 'max_steps': 20000, 'max_zo_forward_steps': 0, 'time': 1089, 'eps': 0.001}
820it [17:46,  1.04s/it]03/26/2026 03:34:43 - INFO - src.trainer -   {'loss': 1.6329751014709473, 'learning_rate': 1e-06, 'global_step': 8340, 'zo_forward_step': 16682, 'max_steps': 20000, 'max_zo_forward_steps': 0, 'time': 1090, 'eps': 0.001}
03/26/2026 03:34:44 - INFO - src.trainer -   {'loss': 1.4789599180221558, 'learning_rate': 1e-06, 'global_step': 8350, 'zo_forward_step': 16702, 'max_steps': 20000, 'max_zo_forward_steps': 0, 'time': 1092, 'eps': 0.001}
03/26/2026 03:34:45 - INFO - src.trainer -   {'loss': 0.9077353477478027, 'learning_rate': 1e-06, 'global_step': 8360, 'zo_forward_step': 16722, 'max_steps': 20000, 'max_zo_forward_steps': 0, 'time': 1093, 'eps': 0.001}
03/26/2026 03:34:47 - INFO - src.trainer -   {'loss': 1.483383059501648, 'learning_rate': 1e-06, 'global_step': 8370, 'zo_forward_step': 16742, 'max_steps': 20000, 'max_zo_forward_steps': 0, 'time': 1094, 'eps': 0.001}
03/26/2026 03:34:48 - INFO - src.trainer -   {'loss': 1.5135822296142578, 'learning_rate': 1e-06, 'global_step': 8380, 'zo_forward_step': 16762, 'max_steps': 20000, 'max_zo_forward_steps': 0, 'time': 1095, 'eps': 0.001}
03/26/2026 03:34:49 - INFO - src.trainer -   {'loss': 0.9655198454856873, 'learning_rate': 1e-06, 'global_step': 8390, 'zo_forward_step': 16782, 'max_steps': 20000, 'max_zo_forward_steps': 0, 'time': 1096, 'eps': 0.001}
821it [17:54,  1.60s/it]832it [17:54,  1.09s/it]03/26/2026 03:34:50 - INFO - src.trainer -   {'eval_loss': 1.5453464984893799, 'eval_acc': 0.225}
03/26/2026 03:34:53 - INFO - src.trainer -   [zo_probe] step=8400 eps=1.000e-03 precision=fp32 n=16 mae=7.221707e-01 rmse=8.014070e-01 sign_acc=1.0000 corr=0.999779
03/26/2026 03:34:53 - INFO - src.trainer -   {'loss': 1.5677604675292969, 'learning_rate': 1e-06, 'global_step': 8400, 'zo_forward_step': 16802, 'max_steps': 20000, 'max_zo_forward_steps': 0, 'time': 1101, 'eps': 0.001}
03/26/2026 03:34:54 - INFO - src.trainer -   {'loss': 1.5852789878845215, 'learning_rate': 1e-06, 'global_step': 8410, 'zo_forward_step': 16822, 'max_steps': 20000, 'max_zo_forward_steps': 0, 'time': 1102, 'eps': 0.001}
03/26/2026 03:34:56 - INFO - src.trainer -   {'loss': 0.9278844594955444, 'learning_rate': 1e-06, 'global_step': 8420, 'zo_forward_step': 16842, 'max_steps': 20000, 'max_zo_forward_steps': 0, 'time': 1103, 'eps': 0.001}
03/26/2026 03:34:57 - INFO - src.trainer -   {'loss': 1.6338309049606323, 'learning_rate': 1e-06, 'global_step': 8430, 'zo_forward_step': 16862, 'max_steps': 20000, 'max_zo_forward_steps': 0, 'time': 1104, 'eps': 0.001}
03/26/2026 03:34:58 - INFO - src.trainer -   {'loss': 1.5373899936676025, 'learning_rate': 1e-06, 'global_step': 8440, 'zo_forward_step': 16882, 'max_steps': 20000, 'max_zo_forward_steps': 0, 'time': 1105, 'eps': 0.001}
03/26/2026 03:34:59 - INFO - src.trainer -   {'loss': 0.9274534583091736, 'learning_rate': 1e-06, 'global_step': 8450, 'zo_forward_step': 16902, 'max_steps': 20000, 'max_zo_forward_steps': 0, 'time': 1106, 'eps': 0.001}
03/26/2026 03:35:00 - INFO - src.trainer -   {'loss': 1.629873275756836, 'learning_rate': 1e-06, 'global_step': 8460, 'zo_forward_step': 16922, 'max_steps': 20000, 'max_zo_forward_steps': 0, 'time': 1107, 'eps': 0.001}
03/26/2026 03:35:01 - INFO - src.trainer -   {'loss': 1.5234185457229614, 'learning_rate': 1e-06, 'global_step': 8470, 'zo_forward_step': 16942, 'max_steps': 20000, 'max_zo_forward_steps': 0, 'time': 1109, 'eps': 0.001}
840it [18:06,  1.09s/it]03/26/2026 03:35:02 - INFO - src.trainer -   {'loss': 0.9381107687950134, 'learning_rate': 1e-06, 'global_step': 8480, 'zo_forward_step': 16962, 'max_steps': 20000, 'max_zo_forward_steps': 0, 'time': 1110, 'eps': 0.001}
03/26/2026 03:35:04 - INFO - src.trainer -   {'loss': 1.5157463550567627, 'learning_rate': 1e-06, 'global_step': 8490, 'zo_forward_step': 16982, 'max_steps': 20000, 'max_zo_forward_steps': 0, 'time': 1111, 'eps': 0.001}
03/26/2026 03:35:05 - INFO - src.trainer -   {'loss': 1.577188491821289, 'learning_rate': 1e-06, 'global_step': 8500, 'zo_forward_step': 17002, 'max_steps': 20000, 'max_zo_forward_steps': 0, 'time': 1112, 'eps': 0.001}
03/26/2026 03:35:06 - INFO - src.trainer -   {'loss': 0.925770103931427, 'learning_rate': 1e-06, 'global_step': 8510, 'zo_forward_step': 17022, 'max_steps': 20000, 'max_zo_forward_steps': 0, 'time': 1113, 'eps': 0.001}
03/26/2026 03:35:07 - INFO - src.trainer -   {'loss': 1.6192374229431152, 'learning_rate': 1e-06, 'global_step': 8520, 'zo_forward_step': 17042, 'max_steps': 20000, 'max_zo_forward_steps': 0, 'time': 1114, 'eps': 0.001}
03/26/2026 03:35:08 - INFO - src.trainer -   {'loss': 1.5818778276443481, 'learning_rate': 1e-06, 'global_step': 8530, 'zo_forward_step': 17062, 'max_steps': 20000, 'max_zo_forward_steps': 0, 'time': 1116, 'eps': 0.001}
03/26/2026 03:35:09 - INFO - src.trainer -   {'loss': 1.013474702835083, 'learning_rate': 1e-06, 'global_step': 8540, 'zo_forward_step': 17082, 'max_steps': 20000, 'max_zo_forward_steps': 0, 'time': 1117, 'eps': 0.001}
03/26/2026 03:35:13 - INFO - src.trainer -   {'loss': 1.5049647092819214, 'learning_rate': 1e-06, 'global_step': 8550, 'zo_forward_step': 17102, 'max_steps': 20000, 'max_zo_forward_steps': 0, 'time': 1120, 'eps': 0.001}
03/26/2026 03:35:14 - INFO - src.trainer -   {'loss': 1.5661945343017578, 'learning_rate': 1e-06, 'global_step': 8560, 'zo_forward_step': 17122, 'max_steps': 20000, 'max_zo_forward_steps': 0, 'time': 1121, 'eps': 0.001}
03/26/2026 03:35:15 - INFO - src.trainer -   {'loss': 0.929714024066925, 'learning_rate': 1e-06, 'global_step': 8570, 'zo_forward_step': 17142, 'max_steps': 20000, 'max_zo_forward_steps': 0, 'time': 1122, 'eps': 0.001}
03/26/2026 03:35:16 - INFO - src.trainer -   {'loss': 1.5698667764663696, 'learning_rate': 1e-06, 'global_step': 8580, 'zo_forward_step': 17162, 'max_steps': 20000, 'max_zo_forward_steps': 0, 'time': 1124, 'eps': 0.001}
03/26/2026 03:35:17 - INFO - src.trainer -   {'loss': 1.5400028228759766, 'learning_rate': 1e-06, 'global_step': 8590, 'zo_forward_step': 17182, 'max_steps': 20000, 'max_zo_forward_steps': 0, 'time': 1125, 'eps': 0.001}
841it [18:22,  1.65s/it]852it [18:23,  1.12s/it]03/26/2026 03:35:19 - INFO - src.trainer -   {'eval_loss': 1.5404548645019531, 'eval_acc': 0.275}
03/26/2026 03:35:19 - INFO - src.trainer -   Best dev result: 0.275
03/26/2026 03:35:21 - INFO - src.trainer -   [zo_probe] step=8600 eps=1.000e-03 precision=fp32 n=16 mae=8.576483e-01 rmse=1.261695e+00 sign_acc=1.0000 corr=0.999599
03/26/2026 03:35:21 - INFO - src.trainer -   {'loss': 1.0083277225494385, 'learning_rate': 1e-06, 'global_step': 8600, 'zo_forward_step': 17202, 'max_steps': 20000, 'max_zo_forward_steps': 0, 'time': 1128, 'eps': 0.001}
03/26/2026 03:35:22 - INFO - src.trainer -   {'loss': 1.5833009481430054, 'learning_rate': 1e-06, 'global_step': 8610, 'zo_forward_step': 17222, 'max_steps': 20000, 'max_zo_forward_steps': 0, 'time': 1129, 'eps': 0.001}
03/26/2026 03:35:23 - INFO - src.trainer -   {'loss': 1.51118004322052, 'learning_rate': 1e-06, 'global_step': 8620, 'zo_forward_step': 17242, 'max_steps': 20000, 'max_zo_forward_steps': 0, 'time': 1131, 'eps': 0.001}
03/26/2026 03:35:24 - INFO - src.trainer -   {'loss': 0.9821163415908813, 'learning_rate': 1e-06, 'global_step': 8630, 'zo_forward_step': 17262, 'max_steps': 20000, 'max_zo_forward_steps': 0, 'time': 1132, 'eps': 0.001}
03/26/2026 03:35:26 - INFO - src.trainer -   {'loss': 1.4985475540161133, 'learning_rate': 1e-06, 'global_step': 8640, 'zo_forward_step': 17282, 'max_steps': 20000, 'max_zo_forward_steps': 0, 'time': 1133, 'eps': 0.001}
03/26/2026 03:35:27 - INFO - src.trainer -   {'loss': 1.501932978630066, 'learning_rate': 1e-06, 'global_step': 8650, 'zo_forward_step': 17302, 'max_steps': 20000, 'max_zo_forward_steps': 0, 'time': 1134, 'eps': 0.001}
03/26/2026 03:35:28 - INFO - src.trainer -   {'loss': 0.9771901965141296, 'learning_rate': 1e-06, 'global_step': 8660, 'zo_forward_step': 17322, 'max_steps': 20000, 'max_zo_forward_steps': 0, 'time': 1135, 'eps': 0.001}
03/26/2026 03:35:29 - INFO - src.trainer -   {'loss': 1.5393396615982056, 'learning_rate': 1e-06, 'global_step': 8670, 'zo_forward_step': 17342, 'max_steps': 20000, 'max_zo_forward_steps': 0, 'time': 1136, 'eps': 0.001}
03/26/2026 03:35:30 - INFO - src.trainer -   {'loss': 1.5361512899398804, 'learning_rate': 1e-06, 'global_step': 8680, 'zo_forward_step': 17362, 'max_steps': 20000, 'max_zo_forward_steps': 0, 'time': 1137, 'eps': 0.001}
03/26/2026 03:35:31 - INFO - src.trainer -   {'loss': 0.9957656860351562, 'learning_rate': 1e-06, 'global_step': 8690, 'zo_forward_step': 17382, 'max_steps': 20000, 'max_zo_forward_steps': 0, 'time': 1139, 'eps': 0.001}
860it [18:36,  1.12s/it]03/26/2026 03:35:32 - INFO - src.trainer -   {'loss': 1.5507398843765259, 'learning_rate': 1e-06, 'global_step': 8700, 'zo_forward_step': 17402, 'max_steps': 20000, 'max_zo_forward_steps': 0, 'time': 1140, 'eps': 0.001}
03/26/2026 03:35:34 - INFO - src.trainer -   {'loss': 1.4984157085418701, 'learning_rate': 1e-06, 'global_step': 8710, 'zo_forward_step': 17422, 'max_steps': 20000, 'max_zo_forward_steps': 0, 'time': 1141, 'eps': 0.001}
03/26/2026 03:35:35 - INFO - src.trainer -   {'loss': 1.0926783084869385, 'learning_rate': 1e-06, 'global_step': 8720, 'zo_forward_step': 17442, 'max_steps': 20000, 'max_zo_forward_steps': 0, 'time': 1142, 'eps': 0.001}
03/26/2026 03:35:36 - INFO - src.trainer -   {'loss': 1.5599188804626465, 'learning_rate': 1e-06, 'global_step': 8730, 'zo_forward_step': 17462, 'max_steps': 20000, 'max_zo_forward_steps': 0, 'time': 1143, 'eps': 0.001}
03/26/2026 03:35:37 - INFO - src.trainer -   {'loss': 1.4854214191436768, 'learning_rate': 1e-06, 'global_step': 8740, 'zo_forward_step': 17482, 'max_steps': 20000, 'max_zo_forward_steps': 0, 'time': 1144, 'eps': 0.001}
03/26/2026 03:35:38 - INFO - src.trainer -   {'loss': 1.0294784307479858, 'learning_rate': 1e-06, 'global_step': 8750, 'zo_forward_step': 17502, 'max_steps': 20000, 'max_zo_forward_steps': 0, 'time': 1145, 'eps': 0.001}
03/26/2026 03:35:39 - INFO - src.trainer -   {'loss': 1.525575876235962, 'learning_rate': 1e-06, 'global_step': 8760, 'zo_forward_step': 17522, 'max_steps': 20000, 'max_zo_forward_steps': 0, 'time': 1147, 'eps': 0.001}
03/26/2026 03:35:41 - INFO - src.trainer -   {'loss': 1.470935344696045, 'learning_rate': 1e-06, 'global_step': 8770, 'zo_forward_step': 17542, 'max_steps': 20000, 'max_zo_forward_steps': 0, 'time': 1148, 'eps': 0.001}
03/26/2026 03:35:42 - INFO - src.trainer -   {'loss': 0.9822216033935547, 'learning_rate': 1e-06, 'global_step': 8780, 'zo_forward_step': 17562, 'max_steps': 20000, 'max_zo_forward_steps': 0, 'time': 1149, 'eps': 0.001}
03/26/2026 03:35:43 - INFO - src.trainer -   {'loss': 1.587886095046997, 'learning_rate': 1e-06, 'global_step': 8790, 'zo_forward_step': 17582, 'max_steps': 20000, 'max_zo_forward_steps': 0, 'time': 1150, 'eps': 0.001}
861it [18:48,  1.58s/it]872it [18:48,  1.07s/it]03/26/2026 03:35:44 - INFO - src.trainer -   {'eval_loss': 1.5324681997299194, 'eval_acc': 0.2875}
03/26/2026 03:35:44 - INFO - src.trainer -   Best dev result: 0.2875
03/26/2026 03:35:47 - INFO - src.trainer -   [zo_probe] step=8800 eps=1.000e-03 precision=fp32 n=16 mae=1.076043e+00 rmse=1.363641e+00 sign_acc=1.0000 corr=0.999344
03/26/2026 03:35:47 - INFO - src.trainer -   {'loss': 1.459290623664856, 'learning_rate': 1e-06, 'global_step': 8800, 'zo_forward_step': 17602, 'max_steps': 20000, 'max_zo_forward_steps': 0, 'time': 1155, 'eps': 0.001}
03/26/2026 03:35:48 - INFO - src.trainer -   {'loss': 1.0750949382781982, 'learning_rate': 1e-06, 'global_step': 8810, 'zo_forward_step': 17622, 'max_steps': 20000, 'max_zo_forward_steps': 0, 'time': 1156, 'eps': 0.001}
03/26/2026 03:35:50 - INFO - src.trainer -   {'loss': 1.6175788640975952, 'learning_rate': 1e-06, 'global_step': 8820, 'zo_forward_step': 17642, 'max_steps': 20000, 'max_zo_forward_steps': 0, 'time': 1157, 'eps': 0.001}
03/26/2026 03:35:51 - INFO - src.trainer -   {'loss': 1.497658610343933, 'learning_rate': 1e-06, 'global_step': 8830, 'zo_forward_step': 17662, 'max_steps': 20000, 'max_zo_forward_steps': 0, 'time': 1158, 'eps': 0.001}
03/26/2026 03:35:52 - INFO - src.trainer -   {'loss': 1.0413180589675903, 'learning_rate': 1e-06, 'global_step': 8840, 'zo_forward_step': 17682, 'max_steps': 20000, 'max_zo_forward_steps': 0, 'time': 1159, 'eps': 0.001}
03/26/2026 03:35:53 - INFO - src.trainer -   {'loss': 1.5113335847854614, 'learning_rate': 1e-06, 'global_step': 8850, 'zo_forward_step': 17702, 'max_steps': 20000, 'max_zo_forward_steps': 0, 'time': 1160, 'eps': 0.001}
03/26/2026 03:35:54 - INFO - src.trainer -   {'loss': 1.5060406923294067, 'learning_rate': 1e-06, 'global_step': 8860, 'zo_forward_step': 17722, 'max_steps': 20000, 'max_zo_forward_steps': 0, 'time': 1162, 'eps': 0.001}
03/26/2026 03:35:55 - INFO - src.trainer -   {'loss': 1.0504372119903564, 'learning_rate': 1e-06, 'global_step': 8870, 'zo_forward_step': 17742, 'max_steps': 20000, 'max_zo_forward_steps': 0, 'time': 1163, 'eps': 0.001}
03/26/2026 03:35:57 - INFO - src.trainer -   {'loss': 1.5530978441238403, 'learning_rate': 1e-06, 'global_step': 8880, 'zo_forward_step': 17762, 'max_steps': 20000, 'max_zo_forward_steps': 0, 'time': 1164, 'eps': 0.001}
03/26/2026 03:35:58 - INFO - src.trainer -   {'loss': 1.4624912738800049, 'learning_rate': 1e-06, 'global_step': 8890, 'zo_forward_step': 17782, 'max_steps': 20000, 'max_zo_forward_steps': 0, 'time': 1165, 'eps': 0.001}
03/26/2026 03:35:59 - INFO - src.trainer -   {'loss': 1.0352925062179565, 'learning_rate': 1e-06, 'global_step': 8900, 'zo_forward_step': 17802, 'max_steps': 20000, 'max_zo_forward_steps': 0, 'time': 1166, 'eps': 0.001}
03/26/2026 03:36:00 - INFO - src.trainer -   {'loss': 1.487488865852356, 'learning_rate': 1e-06, 'global_step': 8910, 'zo_forward_step': 17822, 'max_steps': 20000, 'max_zo_forward_steps': 0, 'time': 1167, 'eps': 0.001}
03/26/2026 03:36:01 - INFO - src.trainer -   {'loss': 1.4127168655395508, 'learning_rate': 1e-06, 'global_step': 8920, 'zo_forward_step': 17842, 'max_steps': 20000, 'max_zo_forward_steps': 0, 'time': 1169, 'eps': 0.001}
880it [19:06,  1.07s/it]03/26/2026 03:36:02 - INFO - src.trainer -   {'loss': 1.1557530164718628, 'learning_rate': 1e-06, 'global_step': 8930, 'zo_forward_step': 17862, 'max_steps': 20000, 'max_zo_forward_steps': 0, 'time': 1170, 'eps': 0.001}
03/26/2026 03:36:04 - INFO - src.trainer -   {'loss': 1.5134727954864502, 'learning_rate': 1e-06, 'global_step': 8940, 'zo_forward_step': 17882, 'max_steps': 20000, 'max_zo_forward_steps': 0, 'time': 1171, 'eps': 0.001}
03/26/2026 03:36:05 - INFO - src.trainer -   {'loss': 1.4735394716262817, 'learning_rate': 1e-06, 'global_step': 8950, 'zo_forward_step': 17902, 'max_steps': 20000, 'max_zo_forward_steps': 0, 'time': 1172, 'eps': 0.001}
03/26/2026 03:36:06 - INFO - src.trainer -   {'loss': 1.0493216514587402, 'learning_rate': 1e-06, 'global_step': 8960, 'zo_forward_step': 17922, 'max_steps': 20000, 'max_zo_forward_steps': 0, 'time': 1173, 'eps': 0.001}
03/26/2026 03:36:07 - INFO - src.trainer -   {'loss': 1.522113561630249, 'learning_rate': 1e-06, 'global_step': 8970, 'zo_forward_step': 17942, 'max_steps': 20000, 'max_zo_forward_steps': 0, 'time': 1174, 'eps': 0.001}
03/26/2026 03:36:08 - INFO - src.trainer -   {'loss': 1.4559171199798584, 'learning_rate': 1e-06, 'global_step': 8980, 'zo_forward_step': 17962, 'max_steps': 20000, 'max_zo_forward_steps': 0, 'time': 1176, 'eps': 0.001}
03/26/2026 03:36:09 - INFO - src.trainer -   {'loss': 0.989366888999939, 'learning_rate': 1e-06, 'global_step': 8990, 'zo_forward_step': 17982, 'max_steps': 20000, 'max_zo_forward_steps': 0, 'time': 1177, 'eps': 0.001}
881it [19:14,  1.59s/it]892it [19:15,  1.07s/it]03/26/2026 03:36:11 - INFO - src.trainer -   {'eval_loss': 1.5265237092971802, 'eval_acc': 0.2625}
03/26/2026 03:36:14 - INFO - src.trainer -   [zo_probe] step=9000 eps=1.000e-03 precision=fp32 n=16 mae=9.196503e-01 rmse=1.143388e+00 sign_acc=1.0000 corr=0.999737
03/26/2026 03:36:14 - INFO - src.trainer -   {'loss': 1.577674150466919, 'learning_rate': 1e-06, 'global_step': 9000, 'zo_forward_step': 18002, 'max_steps': 20000, 'max_zo_forward_steps': 0, 'time': 1181, 'eps': 0.001}
03/26/2026 03:36:15 - INFO - src.trainer -   {'loss': 1.4619908332824707, 'learning_rate': 1e-06, 'global_step': 9010, 'zo_forward_step': 18022, 'max_steps': 20000, 'max_zo_forward_steps': 0, 'time': 1182, 'eps': 0.001}
03/26/2026 03:36:16 - INFO - src.trainer -   {'loss': 0.9197607040405273, 'learning_rate': 1e-06, 'global_step': 9020, 'zo_forward_step': 18042, 'max_steps': 20000, 'max_zo_forward_steps': 0, 'time': 1183, 'eps': 0.001}
03/26/2026 03:36:17 - INFO - src.trainer -   {'loss': 1.597042441368103, 'learning_rate': 1e-06, 'global_step': 9030, 'zo_forward_step': 18062, 'max_steps': 20000, 'max_zo_forward_steps': 0, 'time': 1184, 'eps': 0.001}
03/26/2026 03:36:18 - INFO - src.trainer -   {'loss': 1.4967890977859497, 'learning_rate': 1e-06, 'global_step': 9040, 'zo_forward_step': 18082, 'max_steps': 20000, 'max_zo_forward_steps': 0, 'time': 1185, 'eps': 0.001}
03/26/2026 03:36:19 - INFO - src.trainer -   {'loss': 0.9121585488319397, 'learning_rate': 1e-06, 'global_step': 9050, 'zo_forward_step': 18102, 'max_steps': 20000, 'max_zo_forward_steps': 0, 'time': 1187, 'eps': 0.001}
03/26/2026 03:36:20 - INFO - src.trainer -   {'loss': 1.560717225074768, 'learning_rate': 1e-06, 'global_step': 9060, 'zo_forward_step': 18122, 'max_steps': 20000, 'max_zo_forward_steps': 0, 'time': 1188, 'eps': 0.001}
03/26/2026 03:36:22 - INFO - src.trainer -   {'loss': 1.4710474014282227, 'learning_rate': 1e-06, 'global_step': 9070, 'zo_forward_step': 18142, 'max_steps': 20000, 'max_zo_forward_steps': 0, 'time': 1189, 'eps': 0.001}
900it [19:26,  1.07s/it]03/26/2026 03:36:23 - INFO - src.trainer -   {'loss': 0.955493688583374, 'learning_rate': 1e-06, 'global_step': 9080, 'zo_forward_step': 18162, 'max_steps': 20000, 'max_zo_forward_steps': 0, 'time': 1190, 'eps': 0.001}
03/26/2026 03:36:24 - INFO - src.trainer -   {'loss': 1.6285282373428345, 'learning_rate': 1e-06, 'global_step': 9090, 'zo_forward_step': 18182, 'max_steps': 20000, 'max_zo_forward_steps': 0, 'time': 1191, 'eps': 0.001}
03/26/2026 03:36:25 - INFO - src.trainer -   {'loss': 1.4625964164733887, 'learning_rate': 1e-06, 'global_step': 9100, 'zo_forward_step': 18202, 'max_steps': 20000, 'max_zo_forward_steps': 0, 'time': 1192, 'eps': 0.001}
03/26/2026 03:36:26 - INFO - src.trainer -   {'loss': 1.0331556797027588, 'learning_rate': 1e-06, 'global_step': 9110, 'zo_forward_step': 18222, 'max_steps': 20000, 'max_zo_forward_steps': 0, 'time': 1193, 'eps': 0.001}
03/26/2026 03:36:27 - INFO - src.trainer -   {'loss': 1.5120385885238647, 'learning_rate': 1e-06, 'global_step': 9120, 'zo_forward_step': 18242, 'max_steps': 20000, 'max_zo_forward_steps': 0, 'time': 1195, 'eps': 0.001}
03/26/2026 03:36:28 - INFO - src.trainer -   {'loss': 1.4603735208511353, 'learning_rate': 1e-06, 'global_step': 9130, 'zo_forward_step': 18262, 'max_steps': 20000, 'max_zo_forward_steps': 0, 'time': 1196, 'eps': 0.001}
03/26/2026 03:36:30 - INFO - src.trainer -   {'loss': 0.941123366355896, 'learning_rate': 1e-06, 'global_step': 9140, 'zo_forward_step': 18282, 'max_steps': 20000, 'max_zo_forward_steps': 0, 'time': 1197, 'eps': 0.001}
03/26/2026 03:36:31 - INFO - src.trainer -   {'loss': 1.6480365991592407, 'learning_rate': 1e-06, 'global_step': 9150, 'zo_forward_step': 18302, 'max_steps': 20000, 'max_zo_forward_steps': 0, 'time': 1198, 'eps': 0.001}
03/26/2026 03:36:32 - INFO - src.trainer -   {'loss': 1.472720742225647, 'learning_rate': 1e-06, 'global_step': 9160, 'zo_forward_step': 18322, 'max_steps': 20000, 'max_zo_forward_steps': 0, 'time': 1199, 'eps': 0.001}
03/26/2026 03:36:33 - INFO - src.trainer -   {'loss': 0.9825477004051208, 'learning_rate': 1e-06, 'global_step': 9170, 'zo_forward_step': 18342, 'max_steps': 20000, 'max_zo_forward_steps': 0, 'time': 1200, 'eps': 0.001}
03/26/2026 03:36:34 - INFO - src.trainer -   {'loss': 1.532520055770874, 'learning_rate': 1e-06, 'global_step': 9180, 'zo_forward_step': 18362, 'max_steps': 20000, 'max_zo_forward_steps': 0, 'time': 1201, 'eps': 0.001}
03/26/2026 03:36:35 - INFO - src.trainer -   {'loss': 1.5604499578475952, 'learning_rate': 1e-06, 'global_step': 9190, 'zo_forward_step': 18382, 'max_steps': 20000, 'max_zo_forward_steps': 0, 'time': 1203, 'eps': 0.001}
901it [19:40,  1.57s/it]912it [19:40,  1.06s/it]03/26/2026 03:36:37 - INFO - src.trainer -   {'eval_loss': 1.5348918437957764, 'eval_acc': 0.2625}
03/26/2026 03:36:39 - INFO - src.trainer -   [zo_probe] step=9200 eps=1.000e-03 precision=fp32 n=16 mae=1.339952e+00 rmse=1.550861e+00 sign_acc=1.0000 corr=0.999573
03/26/2026 03:36:39 - INFO - src.trainer -   {'loss': 0.9020048379898071, 'learning_rate': 1e-06, 'global_step': 9200, 'zo_forward_step': 18402, 'max_steps': 20000, 'max_zo_forward_steps': 0, 'time': 1206, 'eps': 0.001}
03/26/2026 03:36:40 - INFO - src.trainer -   {'loss': 1.5408892631530762, 'learning_rate': 1e-06, 'global_step': 9210, 'zo_forward_step': 18422, 'max_steps': 20000, 'max_zo_forward_steps': 0, 'time': 1207, 'eps': 0.001}
03/26/2026 03:36:41 - INFO - src.trainer -   {'loss': 1.461366891860962, 'learning_rate': 1e-06, 'global_step': 9220, 'zo_forward_step': 18442, 'max_steps': 20000, 'max_zo_forward_steps': 0, 'time': 1208, 'eps': 0.001}
03/26/2026 03:36:42 - INFO - src.trainer -   {'loss': 0.9655662775039673, 'learning_rate': 1e-06, 'global_step': 9230, 'zo_forward_step': 18462, 'max_steps': 20000, 'max_zo_forward_steps': 0, 'time': 1209, 'eps': 0.001}
03/26/2026 03:36:43 - INFO - src.trainer -   {'loss': 1.4960960149765015, 'learning_rate': 1e-06, 'global_step': 9240, 'zo_forward_step': 18482, 'max_steps': 20000, 'max_zo_forward_steps': 0, 'time': 1211, 'eps': 0.001}
03/26/2026 03:36:44 - INFO - src.trainer -   {'loss': 1.5729520320892334, 'learning_rate': 1e-06, 'global_step': 9250, 'zo_forward_step': 18502, 'max_steps': 20000, 'max_zo_forward_steps': 0, 'time': 1212, 'eps': 0.001}
03/26/2026 03:36:46 - INFO - src.trainer -   {'loss': 0.9124245643615723, 'learning_rate': 1e-06, 'global_step': 9260, 'zo_forward_step': 18522, 'max_steps': 20000, 'max_zo_forward_steps': 0, 'time': 1213, 'eps': 0.001}
03/26/2026 03:36:47 - INFO - src.trainer -   {'loss': 1.4955581426620483, 'learning_rate': 1e-06, 'global_step': 9270, 'zo_forward_step': 18542, 'max_steps': 20000, 'max_zo_forward_steps': 0, 'time': 1214, 'eps': 0.001}
03/26/2026 03:36:48 - INFO - src.trainer -   {'loss': 1.5027917623519897, 'learning_rate': 1e-06, 'global_step': 9280, 'zo_forward_step': 18562, 'max_steps': 20000, 'max_zo_forward_steps': 0, 'time': 1215, 'eps': 0.001}
03/26/2026 03:36:49 - INFO - src.trainer -   {'loss': 0.9031367301940918, 'learning_rate': 1e-06, 'global_step': 9290, 'zo_forward_step': 18582, 'max_steps': 20000, 'max_zo_forward_steps': 0, 'time': 1216, 'eps': 0.001}
03/26/2026 03:36:50 - INFO - src.trainer -   {'loss': 1.5575321912765503, 'learning_rate': 1e-06, 'global_step': 9300, 'zo_forward_step': 18602, 'max_steps': 20000, 'max_zo_forward_steps': 0, 'time': 1218, 'eps': 0.001}
03/26/2026 03:36:51 - INFO - src.trainer -   {'loss': 1.5694653987884521, 'learning_rate': 1e-06, 'global_step': 9310, 'zo_forward_step': 18622, 'max_steps': 20000, 'max_zo_forward_steps': 0, 'time': 1219, 'eps': 0.001}
920it [19:56,  1.06s/it]03/26/2026 03:36:53 - INFO - src.trainer -   {'loss': 0.9415745139122009, 'learning_rate': 1e-06, 'global_step': 9320, 'zo_forward_step': 18642, 'max_steps': 20000, 'max_zo_forward_steps': 0, 'time': 1220, 'eps': 0.001}
03/26/2026 03:36:54 - INFO - src.trainer -   {'loss': 1.5275343656539917, 'learning_rate': 1e-06, 'global_step': 9330, 'zo_forward_step': 18662, 'max_steps': 20000, 'max_zo_forward_steps': 0, 'time': 1221, 'eps': 0.001}
03/26/2026 03:36:55 - INFO - src.trainer -   {'loss': 1.512054204940796, 'learning_rate': 1e-06, 'global_step': 9340, 'zo_forward_step': 18682, 'max_steps': 20000, 'max_zo_forward_steps': 0, 'time': 1222, 'eps': 0.001}
03/26/2026 03:36:56 - INFO - src.trainer -   {'loss': 0.8588113188743591, 'learning_rate': 1e-06, 'global_step': 9350, 'zo_forward_step': 18702, 'max_steps': 20000, 'max_zo_forward_steps': 0, 'time': 1223, 'eps': 0.001}
03/26/2026 03:36:57 - INFO - src.trainer -   {'loss': 1.5696340799331665, 'learning_rate': 1e-06, 'global_step': 9360, 'zo_forward_step': 18722, 'max_steps': 20000, 'max_zo_forward_steps': 0, 'time': 1224, 'eps': 0.001}
03/26/2026 03:36:58 - INFO - src.trainer -   {'loss': 1.5055893659591675, 'learning_rate': 1e-06, 'global_step': 9370, 'zo_forward_step': 18742, 'max_steps': 20000, 'max_zo_forward_steps': 0, 'time': 1226, 'eps': 0.001}
03/26/2026 03:36:59 - INFO - src.trainer -   {'loss': 0.870606541633606, 'learning_rate': 1e-06, 'global_step': 9380, 'zo_forward_step': 18762, 'max_steps': 20000, 'max_zo_forward_steps': 0, 'time': 1227, 'eps': 0.001}
03/26/2026 03:37:01 - INFO - src.trainer -   {'loss': 1.467448115348816, 'learning_rate': 1e-06, 'global_step': 9390, 'zo_forward_step': 18782, 'max_steps': 20000, 'max_zo_forward_steps': 0, 'time': 1228, 'eps': 0.001}
921it [20:06,  1.54s/it]932it [20:06,  1.04s/it]03/26/2026 03:37:02 - INFO - src.trainer -   {'eval_loss': 1.5350500345230103, 'eval_acc': 0.2375}
03/26/2026 03:37:05 - INFO - src.trainer -   [zo_probe] step=9400 eps=1.000e-03 precision=fp32 n=16 mae=1.064407e+00 rmse=1.231439e+00 sign_acc=1.0000 corr=0.999427
03/26/2026 03:37:05 - INFO - src.trainer -   {'loss': 1.4687772989273071, 'learning_rate': 1e-06, 'global_step': 9400, 'zo_forward_step': 18802, 'max_steps': 20000, 'max_zo_forward_steps': 0, 'time': 1232, 'eps': 0.001}
03/26/2026 03:37:06 - INFO - src.trainer -   {'loss': 0.9067625999450684, 'learning_rate': 1e-06, 'global_step': 9410, 'zo_forward_step': 18822, 'max_steps': 20000, 'max_zo_forward_steps': 0, 'time': 1233, 'eps': 0.001}
03/26/2026 03:37:07 - INFO - src.trainer -   {'loss': 1.444688320159912, 'learning_rate': 1e-06, 'global_step': 9420, 'zo_forward_step': 18842, 'max_steps': 20000, 'max_zo_forward_steps': 0, 'time': 1234, 'eps': 0.001}
03/26/2026 03:37:08 - INFO - src.trainer -   {'loss': 1.5870486497879028, 'learning_rate': 1e-06, 'global_step': 9430, 'zo_forward_step': 18862, 'max_steps': 20000, 'max_zo_forward_steps': 0, 'time': 1236, 'eps': 0.001}
03/26/2026 03:37:09 - INFO - src.trainer -   {'loss': 0.9574188590049744, 'learning_rate': 1e-06, 'global_step': 9440, 'zo_forward_step': 18882, 'max_steps': 20000, 'max_zo_forward_steps': 0, 'time': 1237, 'eps': 0.001}
03/26/2026 03:37:11 - INFO - src.trainer -   {'loss': 1.469784140586853, 'learning_rate': 1e-06, 'global_step': 9450, 'zo_forward_step': 18902, 'max_steps': 20000, 'max_zo_forward_steps': 0, 'time': 1238, 'eps': 0.001}
03/26/2026 03:37:12 - INFO - src.trainer -   {'loss': 1.5017073154449463, 'learning_rate': 1e-06, 'global_step': 9460, 'zo_forward_step': 18922, 'max_steps': 20000, 'max_zo_forward_steps': 0, 'time': 1239, 'eps': 0.001}
940it [20:16,  1.04s/it]03/26/2026 03:37:13 - INFO - src.trainer -   {'loss': 0.9033116102218628, 'learning_rate': 1e-06, 'global_step': 9470, 'zo_forward_step': 18942, 'max_steps': 20000, 'max_zo_forward_steps': 0, 'time': 1240, 'eps': 0.001}
03/26/2026 03:37:14 - INFO - src.trainer -   {'loss': 1.5144888162612915, 'learning_rate': 1e-06, 'global_step': 9480, 'zo_forward_step': 18962, 'max_steps': 20000, 'max_zo_forward_steps': 0, 'time': 1241, 'eps': 0.001}
03/26/2026 03:37:15 - INFO - src.trainer -   {'loss': 1.5635687112808228, 'learning_rate': 1e-06, 'global_step': 9490, 'zo_forward_step': 18982, 'max_steps': 20000, 'max_zo_forward_steps': 0, 'time': 1242, 'eps': 0.001}
03/26/2026 03:37:16 - INFO - src.trainer -   {'loss': 0.936540424823761, 'learning_rate': 1e-06, 'global_step': 9500, 'zo_forward_step': 19002, 'max_steps': 20000, 'max_zo_forward_steps': 0, 'time': 1244, 'eps': 0.001}
03/26/2026 03:37:17 - INFO - src.trainer -   {'loss': 1.4983491897583008, 'learning_rate': 1e-06, 'global_step': 9510, 'zo_forward_step': 19022, 'max_steps': 20000, 'max_zo_forward_steps': 0, 'time': 1245, 'eps': 0.001}
03/26/2026 03:37:19 - INFO - src.trainer -   {'loss': 1.5004218816757202, 'learning_rate': 1e-06, 'global_step': 9520, 'zo_forward_step': 19042, 'max_steps': 20000, 'max_zo_forward_steps': 0, 'time': 1246, 'eps': 0.001}
03/26/2026 03:37:20 - INFO - src.trainer -   {'loss': 0.9659929275512695, 'learning_rate': 1e-06, 'global_step': 9530, 'zo_forward_step': 19062, 'max_steps': 20000, 'max_zo_forward_steps': 0, 'time': 1247, 'eps': 0.001}
03/26/2026 03:37:21 - INFO - src.trainer -   {'loss': 1.4330133199691772, 'learning_rate': 1e-06, 'global_step': 9540, 'zo_forward_step': 19082, 'max_steps': 20000, 'max_zo_forward_steps': 0, 'time': 1248, 'eps': 0.001}
03/26/2026 03:37:22 - INFO - src.trainer -   {'loss': 1.544693112373352, 'learning_rate': 1e-06, 'global_step': 9550, 'zo_forward_step': 19102, 'max_steps': 20000, 'max_zo_forward_steps': 0, 'time': 1249, 'eps': 0.001}
03/26/2026 03:37:23 - INFO - src.trainer -   {'loss': 1.0141575336456299, 'learning_rate': 1e-06, 'global_step': 9560, 'zo_forward_step': 19122, 'max_steps': 20000, 'max_zo_forward_steps': 0, 'time': 1250, 'eps': 0.001}
03/26/2026 03:37:24 - INFO - src.trainer -   {'loss': 1.4599871635437012, 'learning_rate': 1e-06, 'global_step': 9570, 'zo_forward_step': 19142, 'max_steps': 20000, 'max_zo_forward_steps': 0, 'time': 1252, 'eps': 0.001}
03/26/2026 03:37:25 - INFO - src.trainer -   {'loss': 1.530585527420044, 'learning_rate': 1e-06, 'global_step': 9580, 'zo_forward_step': 19162, 'max_steps': 20000, 'max_zo_forward_steps': 0, 'time': 1253, 'eps': 0.001}
03/26/2026 03:37:27 - INFO - src.trainer -   {'loss': 0.9746525883674622, 'learning_rate': 1e-06, 'global_step': 9590, 'zo_forward_step': 19182, 'max_steps': 20000, 'max_zo_forward_steps': 0, 'time': 1254, 'eps': 0.001}
941it [20:32,  1.55s/it]952it [20:32,  1.05s/it]03/26/2026 03:37:28 - INFO - src.trainer -   {'eval_loss': 1.5242793560028076, 'eval_acc': 0.2875}
03/26/2026 03:37:31 - INFO - src.trainer -   [zo_probe] step=9600 eps=1.000e-03 precision=fp32 n=16 mae=9.482702e-01 rmse=1.166061e+00 sign_acc=1.0000 corr=0.999642
03/26/2026 03:37:31 - INFO - src.trainer -   {'loss': 1.4365572929382324, 'learning_rate': 1e-06, 'global_step': 9600, 'zo_forward_step': 19202, 'max_steps': 20000, 'max_zo_forward_steps': 0, 'time': 1258, 'eps': 0.001}
03/26/2026 03:37:32 - INFO - src.trainer -   {'loss': 1.4840751886367798, 'learning_rate': 1e-06, 'global_step': 9610, 'zo_forward_step': 19222, 'max_steps': 20000, 'max_zo_forward_steps': 0, 'time': 1259, 'eps': 0.001}
03/26/2026 03:37:33 - INFO - src.trainer -   {'loss': 0.9830468893051147, 'learning_rate': 1e-06, 'global_step': 9620, 'zo_forward_step': 19242, 'max_steps': 20000, 'max_zo_forward_steps': 0, 'time': 1260, 'eps': 0.001}
03/26/2026 03:37:34 - INFO - src.trainer -   {'loss': 1.448133945465088, 'learning_rate': 1e-06, 'global_step': 9630, 'zo_forward_step': 19262, 'max_steps': 20000, 'max_zo_forward_steps': 0, 'time': 1262, 'eps': 0.001}
03/26/2026 03:37:36 - INFO - src.trainer -   {'loss': 1.4111226797103882, 'learning_rate': 1e-06, 'global_step': 9640, 'zo_forward_step': 19282, 'max_steps': 20000, 'max_zo_forward_steps': 0, 'time': 1263, 'eps': 0.001}
03/26/2026 03:37:38 - INFO - src.trainer -   {'loss': 0.9449827671051025, 'learning_rate': 1e-06, 'global_step': 9650, 'zo_forward_step': 19302, 'max_steps': 20000, 'max_zo_forward_steps': 0, 'time': 1265, 'eps': 0.001}
03/26/2026 03:37:39 - INFO - src.trainer -   {'loss': 1.4471832513809204, 'learning_rate': 1e-06, 'global_step': 9660, 'zo_forward_step': 19322, 'max_steps': 20000, 'max_zo_forward_steps': 0, 'time': 1266, 'eps': 0.001}
03/26/2026 03:37:40 - INFO - src.trainer -   {'loss': 1.4608627557754517, 'learning_rate': 1e-06, 'global_step': 9670, 'zo_forward_step': 19342, 'max_steps': 20000, 'max_zo_forward_steps': 0, 'time': 1268, 'eps': 0.001}
03/26/2026 03:37:42 - INFO - src.trainer -   {'loss': 0.9398488998413086, 'learning_rate': 1e-06, 'global_step': 9680, 'zo_forward_step': 19362, 'max_steps': 20000, 'max_zo_forward_steps': 0, 'time': 1269, 'eps': 0.001}
960it [20:46,  1.05s/it]03/26/2026 03:37:43 - INFO - src.trainer -   {'loss': 1.4551125764846802, 'learning_rate': 1e-06, 'global_step': 9690, 'zo_forward_step': 19382, 'max_steps': 20000, 'max_zo_forward_steps': 0, 'time': 1270, 'eps': 0.001}
03/26/2026 03:37:44 - INFO - src.trainer -   {'loss': 1.5989763736724854, 'learning_rate': 1e-06, 'global_step': 9700, 'zo_forward_step': 19402, 'max_steps': 20000, 'max_zo_forward_steps': 0, 'time': 1271, 'eps': 0.001}
03/26/2026 03:37:45 - INFO - src.trainer -   {'loss': 0.9926676154136658, 'learning_rate': 1e-06, 'global_step': 9710, 'zo_forward_step': 19422, 'max_steps': 20000, 'max_zo_forward_steps': 0, 'time': 1272, 'eps': 0.001}
03/26/2026 03:37:46 - INFO - src.trainer -   {'loss': 1.5642709732055664, 'learning_rate': 1e-06, 'global_step': 9720, 'zo_forward_step': 19442, 'max_steps': 20000, 'max_zo_forward_steps': 0, 'time': 1273, 'eps': 0.001}
03/26/2026 03:37:47 - INFO - src.trainer -   {'loss': 1.5378239154815674, 'learning_rate': 1e-06, 'global_step': 9730, 'zo_forward_step': 19462, 'max_steps': 20000, 'max_zo_forward_steps': 0, 'time': 1275, 'eps': 0.001}
03/26/2026 03:37:48 - INFO - src.trainer -   {'loss': 0.9817919731140137, 'learning_rate': 1e-06, 'global_step': 9740, 'zo_forward_step': 19482, 'max_steps': 20000, 'max_zo_forward_steps': 0, 'time': 1276, 'eps': 0.001}
03/26/2026 03:37:50 - INFO - src.trainer -   {'loss': 1.4345883131027222, 'learning_rate': 1e-06, 'global_step': 9750, 'zo_forward_step': 19502, 'max_steps': 20000, 'max_zo_forward_steps': 0, 'time': 1277, 'eps': 0.001}
03/26/2026 03:37:51 - INFO - src.trainer -   {'loss': 1.5368483066558838, 'learning_rate': 1e-06, 'global_step': 9760, 'zo_forward_step': 19522, 'max_steps': 20000, 'max_zo_forward_steps': 0, 'time': 1278, 'eps': 0.001}
03/26/2026 03:37:52 - INFO - src.trainer -   {'loss': 1.0293822288513184, 'learning_rate': 1e-06, 'global_step': 9770, 'zo_forward_step': 19542, 'max_steps': 20000, 'max_zo_forward_steps': 0, 'time': 1279, 'eps': 0.001}
03/26/2026 03:37:53 - INFO - src.trainer -   {'loss': 1.4497816562652588, 'learning_rate': 1e-06, 'global_step': 9780, 'zo_forward_step': 19562, 'max_steps': 20000, 'max_zo_forward_steps': 0, 'time': 1280, 'eps': 0.001}
03/26/2026 03:37:54 - INFO - src.trainer -   {'loss': 1.5883729457855225, 'learning_rate': 1e-06, 'global_step': 9790, 'zo_forward_step': 19582, 'max_steps': 20000, 'max_zo_forward_steps': 0, 'time': 1281, 'eps': 0.001}
961it [20:59,  1.60s/it]972it [20:59,  1.09s/it]03/26/2026 03:37:55 - INFO - src.trainer -   {'eval_loss': 1.5145072937011719, 'eval_acc': 0.375}
03/26/2026 03:37:56 - INFO - src.trainer -   Best dev result: 0.375
03/26/2026 03:37:58 - INFO - src.trainer -   [zo_probe] step=9800 eps=1.000e-03 precision=fp32 n=16 mae=1.214513e+00 rmse=1.458576e+00 sign_acc=1.0000 corr=0.999764
03/26/2026 03:37:58 - INFO - src.trainer -   {'loss': 1.016790747642517, 'learning_rate': 1e-06, 'global_step': 9800, 'zo_forward_step': 19602, 'max_steps': 20000, 'max_zo_forward_steps': 0, 'time': 1285, 'eps': 0.001}
03/26/2026 03:37:59 - INFO - src.trainer -   {'loss': 1.4705506563186646, 'learning_rate': 1e-06, 'global_step': 9810, 'zo_forward_step': 19622, 'max_steps': 20000, 'max_zo_forward_steps': 0, 'time': 1286, 'eps': 0.001}
03/26/2026 03:38:00 - INFO - src.trainer -   {'loss': 1.4228380918502808, 'learning_rate': 1e-06, 'global_step': 9820, 'zo_forward_step': 19642, 'max_steps': 20000, 'max_zo_forward_steps': 0, 'time': 1287, 'eps': 0.001}
03/26/2026 03:38:01 - INFO - src.trainer -   {'loss': 1.0035611391067505, 'learning_rate': 1e-06, 'global_step': 9830, 'zo_forward_step': 19662, 'max_steps': 20000, 'max_zo_forward_steps': 0, 'time': 1289, 'eps': 0.001}
03/26/2026 03:38:02 - INFO - src.trainer -   {'loss': 1.5433112382888794, 'learning_rate': 1e-06, 'global_step': 9840, 'zo_forward_step': 19682, 'max_steps': 20000, 'max_zo_forward_steps': 0, 'time': 1290, 'eps': 0.001}
03/26/2026 03:38:04 - INFO - src.trainer -   {'loss': 1.5521410703659058, 'learning_rate': 1e-06, 'global_step': 9850, 'zo_forward_step': 19702, 'max_steps': 20000, 'max_zo_forward_steps': 0, 'time': 1291, 'eps': 0.001}
03/26/2026 03:38:05 - INFO - src.trainer -   {'loss': 1.0977389812469482, 'learning_rate': 1e-06, 'global_step': 9860, 'zo_forward_step': 19722, 'max_steps': 20000, 'max_zo_forward_steps': 0, 'time': 1292, 'eps': 0.001}
03/26/2026 03:38:06 - INFO - src.trainer -   {'loss': 1.5589202642440796, 'learning_rate': 1e-06, 'global_step': 9870, 'zo_forward_step': 19742, 'max_steps': 20000, 'max_zo_forward_steps': 0, 'time': 1293, 'eps': 0.001}
03/26/2026 03:38:07 - INFO - src.trainer -   {'loss': 1.528338074684143, 'learning_rate': 1e-06, 'global_step': 9880, 'zo_forward_step': 19762, 'max_steps': 20000, 'max_zo_forward_steps': 0, 'time': 1294, 'eps': 0.001}
03/26/2026 03:38:08 - INFO - src.trainer -   {'loss': 0.9595219492912292, 'learning_rate': 1e-06, 'global_step': 9890, 'zo_forward_step': 19782, 'max_steps': 20000, 'max_zo_forward_steps': 0, 'time': 1295, 'eps': 0.001}
03/26/2026 03:38:09 - INFO - src.trainer -   {'loss': 1.480015754699707, 'learning_rate': 1e-06, 'global_step': 9900, 'zo_forward_step': 19802, 'max_steps': 20000, 'max_zo_forward_steps': 0, 'time': 1297, 'eps': 0.001}
03/26/2026 03:38:11 - INFO - src.trainer -   {'loss': 1.5087933540344238, 'learning_rate': 1e-06, 'global_step': 9910, 'zo_forward_step': 19822, 'max_steps': 20000, 'max_zo_forward_steps': 0, 'time': 1298, 'eps': 0.001}
03/26/2026 03:38:12 - INFO - src.trainer -   {'loss': 0.9737628102302551, 'learning_rate': 1e-06, 'global_step': 9920, 'zo_forward_step': 19842, 'max_steps': 20000, 'max_zo_forward_steps': 0, 'time': 1299, 'eps': 0.001}
980it [21:16,  1.09s/it]03/26/2026 03:38:13 - INFO - src.trainer -   {'loss': 1.4900020360946655, 'learning_rate': 1e-06, 'global_step': 9930, 'zo_forward_step': 19862, 'max_steps': 20000, 'max_zo_forward_steps': 0, 'time': 1300, 'eps': 0.001}
03/26/2026 03:38:14 - INFO - src.trainer -   {'loss': 1.5498497486114502, 'learning_rate': 1e-06, 'global_step': 9940, 'zo_forward_step': 19882, 'max_steps': 20000, 'max_zo_forward_steps': 0, 'time': 1301, 'eps': 0.001}
03/26/2026 03:38:15 - INFO - src.trainer -   {'loss': 0.9206206202507019, 'learning_rate': 1e-06, 'global_step': 9950, 'zo_forward_step': 19902, 'max_steps': 20000, 'max_zo_forward_steps': 0, 'time': 1302, 'eps': 0.001}
03/26/2026 03:38:16 - INFO - src.trainer -   {'loss': 1.4163075685501099, 'learning_rate': 1e-06, 'global_step': 9960, 'zo_forward_step': 19922, 'max_steps': 20000, 'max_zo_forward_steps': 0, 'time': 1304, 'eps': 0.001}
03/26/2026 03:38:18 - INFO - src.trainer -   {'loss': 1.4914010763168335, 'learning_rate': 1e-06, 'global_step': 9970, 'zo_forward_step': 19942, 'max_steps': 20000, 'max_zo_forward_steps': 0, 'time': 1305, 'eps': 0.001}
03/26/2026 03:38:19 - INFO - src.trainer -   {'loss': 0.9405958652496338, 'learning_rate': 1e-06, 'global_step': 9980, 'zo_forward_step': 19962, 'max_steps': 20000, 'max_zo_forward_steps': 0, 'time': 1306, 'eps': 0.001}
03/26/2026 03:38:20 - INFO - src.trainer -   {'loss': 1.5269664525985718, 'learning_rate': 1e-06, 'global_step': 9990, 'zo_forward_step': 19982, 'max_steps': 20000, 'max_zo_forward_steps': 0, 'time': 1307, 'eps': 0.001}
981it [21:25,  1.57s/it]992it [21:25,  1.06s/it]03/26/2026 03:38:21 - INFO - src.trainer -   {'eval_loss': 1.5114895105361938, 'eval_acc': 0.3625}
03/26/2026 03:38:24 - INFO - src.trainer -   [zo_probe] step=10000 eps=1.000e-03 precision=fp32 n=16 mae=1.025103e+00 rmse=1.371203e+00 sign_acc=1.0000 corr=0.999481
03/26/2026 03:38:24 - INFO - src.trainer -   {'loss': 1.5149015188217163, 'learning_rate': 1e-06, 'global_step': 10000, 'zo_forward_step': 20002, 'max_steps': 20000, 'max_zo_forward_steps': 0, 'time': 1311, 'eps': 0.001}
03/26/2026 03:38:25 - INFO - src.trainer -   {'loss': 0.926210880279541, 'learning_rate': 1e-06, 'global_step': 10010, 'zo_forward_step': 20022, 'max_steps': 20000, 'max_zo_forward_steps': 0, 'time': 1313, 'eps': 0.001}
03/26/2026 03:38:26 - INFO - src.trainer -   {'loss': 1.4214645624160767, 'learning_rate': 1e-06, 'global_step': 10020, 'zo_forward_step': 20042, 'max_steps': 20000, 'max_zo_forward_steps': 0, 'time': 1314, 'eps': 0.001}
03/26/2026 03:38:28 - INFO - src.trainer -   {'loss': 1.5195413827896118, 'learning_rate': 1e-06, 'global_step': 10030, 'zo_forward_step': 20062, 'max_steps': 20000, 'max_zo_forward_steps': 0, 'time': 1315, 'eps': 0.001}
03/26/2026 03:38:29 - INFO - src.trainer -   {'loss': 1.0210487842559814, 'learning_rate': 1e-06, 'global_step': 10040, 'zo_forward_step': 20082, 'max_steps': 20000, 'max_zo_forward_steps': 0, 'time': 1316, 'eps': 0.001}
03/26/2026 03:38:30 - INFO - src.trainer -   {'loss': 1.5207526683807373, 'learning_rate': 1e-06, 'global_step': 10050, 'zo_forward_step': 20102, 'max_steps': 20000, 'max_zo_forward_steps': 0, 'time': 1317, 'eps': 0.001}
03/26/2026 03:38:31 - INFO - src.trainer -   {'loss': 1.4961570501327515, 'learning_rate': 1e-06, 'global_step': 10060, 'zo_forward_step': 20122, 'max_steps': 20000, 'max_zo_forward_steps': 0, 'time': 1318, 'eps': 0.001}
03/26/2026 03:38:32 - INFO - src.trainer -   {'loss': 0.9239538908004761, 'learning_rate': 1e-06, 'global_step': 10070, 'zo_forward_step': 20142, 'max_steps': 20000, 'max_zo_forward_steps': 0, 'time': 1319, 'eps': 0.001}
1000it [21:36,  1.06s/it]03/26/2026 03:38:33 - INFO - src.trainer -   {'loss': 1.4494048357009888, 'learning_rate': 1e-06, 'global_step': 10080, 'zo_forward_step': 20162, 'max_steps': 20000, 'max_zo_forward_steps': 0, 'time': 1321, 'eps': 0.001}
03/26/2026 03:38:35 - INFO - src.trainer -   {'loss': 1.473059058189392, 'learning_rate': 1e-06, 'global_step': 10090, 'zo_forward_step': 20182, 'max_steps': 20000, 'max_zo_forward_steps': 0, 'time': 1322, 'eps': 0.001}
03/26/2026 03:38:36 - INFO - src.trainer -   {'loss': 0.9263538718223572, 'learning_rate': 1e-06, 'global_step': 10100, 'zo_forward_step': 20202, 'max_steps': 20000, 'max_zo_forward_steps': 0, 'time': 1323, 'eps': 0.001}
03/26/2026 03:38:37 - INFO - src.trainer -   {'loss': 1.4941991567611694, 'learning_rate': 1e-06, 'global_step': 10110, 'zo_forward_step': 20222, 'max_steps': 20000, 'max_zo_forward_steps': 0, 'time': 1324, 'eps': 0.001}
03/26/2026 03:38:38 - INFO - src.trainer -   {'loss': 1.4570428133010864, 'learning_rate': 1e-06, 'global_step': 10120, 'zo_forward_step': 20242, 'max_steps': 20000, 'max_zo_forward_steps': 0, 'time': 1325, 'eps': 0.001}
03/26/2026 03:38:39 - INFO - src.trainer -   {'loss': 0.9590975046157837, 'learning_rate': 1e-06, 'global_step': 10130, 'zo_forward_step': 20262, 'max_steps': 20000, 'max_zo_forward_steps': 0, 'time': 1327, 'eps': 0.001}
03/26/2026 03:38:40 - INFO - src.trainer -   {'loss': 1.526940107345581, 'learning_rate': 1e-06, 'global_step': 10140, 'zo_forward_step': 20282, 'max_steps': 20000, 'max_zo_forward_steps': 0, 'time': 1328, 'eps': 0.001}
03/26/2026 03:38:42 - INFO - src.trainer -   {'loss': 1.421370506286621, 'learning_rate': 1e-06, 'global_step': 10150, 'zo_forward_step': 20302, 'max_steps': 20000, 'max_zo_forward_steps': 0, 'time': 1329, 'eps': 0.001}
03/26/2026 03:38:43 - INFO - src.trainer -   {'loss': 1.021701693534851, 'learning_rate': 1e-06, 'global_step': 10160, 'zo_forward_step': 20322, 'max_steps': 20000, 'max_zo_forward_steps': 0, 'time': 1330, 'eps': 0.001}
03/26/2026 03:38:44 - INFO - src.trainer -   {'loss': 1.535454511642456, 'learning_rate': 1e-06, 'global_step': 10170, 'zo_forward_step': 20342, 'max_steps': 20000, 'max_zo_forward_steps': 0, 'time': 1331, 'eps': 0.001}
03/26/2026 03:38:45 - INFO - src.trainer -   {'loss': 1.5740312337875366, 'learning_rate': 1e-06, 'global_step': 10180, 'zo_forward_step': 20362, 'max_steps': 20000, 'max_zo_forward_steps': 0, 'time': 1333, 'eps': 0.001}
03/26/2026 03:38:46 - INFO - src.trainer -   {'loss': 0.9269458055496216, 'learning_rate': 1e-06, 'global_step': 10190, 'zo_forward_step': 20382, 'max_steps': 20000, 'max_zo_forward_steps': 0, 'time': 1334, 'eps': 0.001}
1001it [21:51,  1.58s/it]1012it [21:52,  1.07s/it]03/26/2026 03:38:48 - INFO - src.trainer -   {'eval_loss': 1.5136669874191284, 'eval_acc': 0.3375}
03/26/2026 03:38:51 - INFO - src.trainer -   [zo_probe] step=10200 eps=1.000e-03 precision=fp32 n=16 mae=1.439323e+00 rmse=1.681638e+00 sign_acc=1.0000 corr=0.999185
03/26/2026 03:38:51 - INFO - src.trainer -   {'loss': 1.4520666599273682, 'learning_rate': 1e-06, 'global_step': 10200, 'zo_forward_step': 20402, 'max_steps': 20000, 'max_zo_forward_steps': 0, 'time': 1338, 'eps': 0.001}
03/26/2026 03:38:52 - INFO - src.trainer -   {'loss': 1.5369658470153809, 'learning_rate': 1e-06, 'global_step': 10210, 'zo_forward_step': 20422, 'max_steps': 20000, 'max_zo_forward_steps': 0, 'time': 1339, 'eps': 0.001}
03/26/2026 03:38:53 - INFO - src.trainer -   {'loss': 0.8566213250160217, 'learning_rate': 1e-06, 'global_step': 10220, 'zo_forward_step': 20442, 'max_steps': 20000, 'max_zo_forward_steps': 0, 'time': 1340, 'eps': 0.001}
03/26/2026 03:38:54 - INFO - src.trainer -   {'loss': 1.4903806447982788, 'learning_rate': 1e-06, 'global_step': 10230, 'zo_forward_step': 20462, 'max_steps': 20000, 'max_zo_forward_steps': 0, 'time': 1341, 'eps': 0.001}
03/26/2026 03:38:55 - INFO - src.trainer -   {'loss': 1.578827142715454, 'learning_rate': 1e-06, 'global_step': 10240, 'zo_forward_step': 20482, 'max_steps': 20000, 'max_zo_forward_steps': 0, 'time': 1343, 'eps': 0.001}
03/26/2026 03:38:56 - INFO - src.trainer -   {'loss': 0.8949989080429077, 'learning_rate': 1e-06, 'global_step': 10250, 'zo_forward_step': 20502, 'max_steps': 20000, 'max_zo_forward_steps': 0, 'time': 1344, 'eps': 0.001}
03/26/2026 03:38:58 - INFO - src.trainer -   {'loss': 1.4827555418014526, 'learning_rate': 1e-06, 'global_step': 10260, 'zo_forward_step': 20522, 'max_steps': 20000, 'max_zo_forward_steps': 0, 'time': 1345, 'eps': 0.001}
03/26/2026 03:38:59 - INFO - src.trainer -   {'loss': 1.5409561395645142, 'learning_rate': 1e-06, 'global_step': 10270, 'zo_forward_step': 20542, 'max_steps': 20000, 'max_zo_forward_steps': 0, 'time': 1346, 'eps': 0.001}
03/26/2026 03:39:00 - INFO - src.trainer -   {'loss': 0.9716293215751648, 'learning_rate': 1e-06, 'global_step': 10280, 'zo_forward_step': 20562, 'max_steps': 20000, 'max_zo_forward_steps': 0, 'time': 1347, 'eps': 0.001}
03/26/2026 03:39:01 - INFO - src.trainer -   {'loss': 1.4738869667053223, 'learning_rate': 1e-06, 'global_step': 10290, 'zo_forward_step': 20582, 'max_steps': 20000, 'max_zo_forward_steps': 0, 'time': 1348, 'eps': 0.001}
03/26/2026 03:39:02 - INFO - src.trainer -   {'loss': 1.4247363805770874, 'learning_rate': 1e-06, 'global_step': 10300, 'zo_forward_step': 20602, 'max_steps': 20000, 'max_zo_forward_steps': 0, 'time': 1349, 'eps': 0.001}
1020it [22:06,  1.07s/it]03/26/2026 03:39:03 - INFO - src.trainer -   {'loss': 0.9097594022750854, 'learning_rate': 1e-06, 'global_step': 10310, 'zo_forward_step': 20622, 'max_steps': 20000, 'max_zo_forward_steps': 0, 'time': 1351, 'eps': 0.001}
03/26/2026 03:39:04 - INFO - src.trainer -   {'loss': 1.5059150457382202, 'learning_rate': 1e-06, 'global_step': 10320, 'zo_forward_step': 20642, 'max_steps': 20000, 'max_zo_forward_steps': 0, 'time': 1352, 'eps': 0.001}
03/26/2026 03:39:06 - INFO - src.trainer -   {'loss': 1.4459943771362305, 'learning_rate': 1e-06, 'global_step': 10330, 'zo_forward_step': 20662, 'max_steps': 20000, 'max_zo_forward_steps': 0, 'time': 1353, 'eps': 0.001}
03/26/2026 03:39:07 - INFO - src.trainer -   {'loss': 0.9971078038215637, 'learning_rate': 1e-06, 'global_step': 10340, 'zo_forward_step': 20682, 'max_steps': 20000, 'max_zo_forward_steps': 0, 'time': 1354, 'eps': 0.001}
03/26/2026 03:39:08 - INFO - src.trainer -   {'loss': 1.4581303596496582, 'learning_rate': 1e-06, 'global_step': 10350, 'zo_forward_step': 20702, 'max_steps': 20000, 'max_zo_forward_steps': 0, 'time': 1355, 'eps': 0.001}
03/26/2026 03:39:09 - INFO - src.trainer -   {'loss': 1.4747021198272705, 'learning_rate': 1e-06, 'global_step': 10360, 'zo_forward_step': 20722, 'max_steps': 20000, 'max_zo_forward_steps': 0, 'time': 1356, 'eps': 0.001}
03/26/2026 03:39:10 - INFO - src.trainer -   {'loss': 0.9507101774215698, 'learning_rate': 1e-06, 'global_step': 10370, 'zo_forward_step': 20742, 'max_steps': 20000, 'max_zo_forward_steps': 0, 'time': 1358, 'eps': 0.001}
03/26/2026 03:39:11 - INFO - src.trainer -   {'loss': 1.4324800968170166, 'learning_rate': 1e-06, 'global_step': 10380, 'zo_forward_step': 20762, 'max_steps': 20000, 'max_zo_forward_steps': 0, 'time': 1359, 'eps': 0.001}
03/26/2026 03:39:13 - INFO - src.trainer -   {'loss': 1.5102900266647339, 'learning_rate': 1e-06, 'global_step': 10390, 'zo_forward_step': 20782, 'max_steps': 20000, 'max_zo_forward_steps': 0, 'time': 1360, 'eps': 0.001}
1021it [22:18,  1.57s/it]1032it [22:18,  1.06s/it]03/26/2026 03:39:14 - INFO - src.trainer -   {'eval_loss': 1.5045421123504639, 'eval_acc': 0.325}
03/26/2026 03:39:16 - INFO - src.trainer -   [zo_probe] step=10400 eps=1.000e-03 precision=fp32 n=16 mae=1.333928e+00 rmse=1.635464e+00 sign_acc=1.0000 corr=0.999206
03/26/2026 03:39:16 - INFO - src.trainer -   {'loss': 0.9464528560638428, 'learning_rate': 1e-06, 'global_step': 10400, 'zo_forward_step': 20802, 'max_steps': 20000, 'max_zo_forward_steps': 0, 'time': 1363, 'eps': 0.001}
03/26/2026 03:39:17 - INFO - src.trainer -   {'loss': 1.511636734008789, 'learning_rate': 1e-06, 'global_step': 10410, 'zo_forward_step': 20822, 'max_steps': 20000, 'max_zo_forward_steps': 0, 'time': 1364, 'eps': 0.001}
03/26/2026 03:39:18 - INFO - src.trainer -   {'loss': 1.440596103668213, 'learning_rate': 1e-06, 'global_step': 10420, 'zo_forward_step': 20842, 'max_steps': 20000, 'max_zo_forward_steps': 0, 'time': 1366, 'eps': 0.001}
03/26/2026 03:39:19 - INFO - src.trainer -   {'loss': 0.9140235185623169, 'learning_rate': 1e-06, 'global_step': 10430, 'zo_forward_step': 20862, 'max_steps': 20000, 'max_zo_forward_steps': 0, 'time': 1367, 'eps': 0.001}
03/26/2026 03:39:21 - INFO - src.trainer -   {'loss': 1.53403639793396, 'learning_rate': 1e-06, 'global_step': 10440, 'zo_forward_step': 20882, 'max_steps': 20000, 'max_zo_forward_steps': 0, 'time': 1368, 'eps': 0.001}
03/26/2026 03:39:22 - INFO - src.trainer -   {'loss': 1.4746016263961792, 'learning_rate': 1e-06, 'global_step': 10450, 'zo_forward_step': 20902, 'max_steps': 20000, 'max_zo_forward_steps': 0, 'time': 1369, 'eps': 0.001}
03/26/2026 03:39:23 - INFO - src.trainer -   {'loss': 0.9281368255615234, 'learning_rate': 1e-06, 'global_step': 10460, 'zo_forward_step': 20922, 'max_steps': 20000, 'max_zo_forward_steps': 0, 'time': 1370, 'eps': 0.001}
03/26/2026 03:39:24 - INFO - src.trainer -   {'loss': 1.4983371496200562, 'learning_rate': 1e-06, 'global_step': 10470, 'zo_forward_step': 20942, 'max_steps': 20000, 'max_zo_forward_steps': 0, 'time': 1371, 'eps': 0.001}
03/26/2026 03:39:25 - INFO - src.trainer -   {'loss': 1.4789117574691772, 'learning_rate': 1e-06, 'global_step': 10480, 'zo_forward_step': 20962, 'max_steps': 20000, 'max_zo_forward_steps': 0, 'time': 1372, 'eps': 0.001}
03/26/2026 03:39:26 - INFO - src.trainer -   {'loss': 0.9303304553031921, 'learning_rate': 1e-06, 'global_step': 10490, 'zo_forward_step': 20982, 'max_steps': 20000, 'max_zo_forward_steps': 0, 'time': 1374, 'eps': 0.001}
03/26/2026 03:39:27 - INFO - src.trainer -   {'loss': 1.4225987195968628, 'learning_rate': 1e-06, 'global_step': 10500, 'zo_forward_step': 21002, 'max_steps': 20000, 'max_zo_forward_steps': 0, 'time': 1375, 'eps': 0.001}
03/26/2026 03:39:29 - INFO - src.trainer -   {'loss': 1.465767502784729, 'learning_rate': 1e-06, 'global_step': 10510, 'zo_forward_step': 21022, 'max_steps': 20000, 'max_zo_forward_steps': 0, 'time': 1376, 'eps': 0.001}
03/26/2026 03:39:30 - INFO - src.trainer -   {'loss': 0.9229109883308411, 'learning_rate': 1e-06, 'global_step': 10520, 'zo_forward_step': 21042, 'max_steps': 20000, 'max_zo_forward_steps': 0, 'time': 1377, 'eps': 0.001}
03/26/2026 03:39:31 - INFO - src.trainer -   {'loss': 1.4970327615737915, 'learning_rate': 1e-06, 'global_step': 10530, 'zo_forward_step': 21062, 'max_steps': 20000, 'max_zo_forward_steps': 0, 'time': 1378, 'eps': 0.001}
03/26/2026 03:39:32 - INFO - src.trainer -   {'loss': 1.443932294845581, 'learning_rate': 1e-06, 'global_step': 10540, 'zo_forward_step': 21082, 'max_steps': 20000, 'max_zo_forward_steps': 0, 'time': 1379, 'eps': 0.001}
1040it [22:36,  1.06s/it]03/26/2026 03:39:33 - INFO - src.trainer -   {'loss': 0.9228253960609436, 'learning_rate': 1e-06, 'global_step': 10550, 'zo_forward_step': 21102, 'max_steps': 20000, 'max_zo_forward_steps': 0, 'time': 1381, 'eps': 0.001}
03/26/2026 03:39:34 - INFO - src.trainer -   {'loss': 1.347318172454834, 'learning_rate': 1e-06, 'global_step': 10560, 'zo_forward_step': 21122, 'max_steps': 20000, 'max_zo_forward_steps': 0, 'time': 1382, 'eps': 0.001}
03/26/2026 03:39:36 - INFO - src.trainer -   {'loss': 1.4726686477661133, 'learning_rate': 1e-06, 'global_step': 10570, 'zo_forward_step': 21142, 'max_steps': 20000, 'max_zo_forward_steps': 0, 'time': 1383, 'eps': 0.001}
03/26/2026 03:39:37 - INFO - src.trainer -   {'loss': 0.94753497838974, 'learning_rate': 1e-06, 'global_step': 10580, 'zo_forward_step': 21162, 'max_steps': 20000, 'max_zo_forward_steps': 0, 'time': 1384, 'eps': 0.001}
03/26/2026 03:39:38 - INFO - src.trainer -   {'loss': 1.4295902252197266, 'learning_rate': 1e-06, 'global_step': 10590, 'zo_forward_step': 21182, 'max_steps': 20000, 'max_zo_forward_steps': 0, 'time': 1385, 'eps': 0.001}
1041it [22:43,  1.54s/it]1052it [22:43,  1.04s/it]03/26/2026 03:39:39 - INFO - src.trainer -   {'eval_loss': 1.5025525093078613, 'eval_acc': 0.325}
03/26/2026 03:39:42 - INFO - src.trainer -   [zo_probe] step=10600 eps=1.000e-03 precision=fp32 n=16 mae=1.137512e+00 rmse=1.412756e+00 sign_acc=1.0000 corr=0.999575
03/26/2026 03:39:42 - INFO - src.trainer -   {'loss': 1.497737169265747, 'learning_rate': 1e-06, 'global_step': 10600, 'zo_forward_step': 21202, 'max_steps': 20000, 'max_zo_forward_steps': 0, 'time': 1389, 'eps': 0.001}
03/26/2026 03:39:43 - INFO - src.trainer -   {'loss': 0.9132148027420044, 'learning_rate': 1e-06, 'global_step': 10610, 'zo_forward_step': 21222, 'max_steps': 20000, 'max_zo_forward_steps': 0, 'time': 1391, 'eps': 0.001}
03/26/2026 03:39:44 - INFO - src.trainer -   {'loss': 1.4803897142410278, 'learning_rate': 1e-06, 'global_step': 10620, 'zo_forward_step': 21242, 'max_steps': 20000, 'max_zo_forward_steps': 0, 'time': 1392, 'eps': 0.001}
03/26/2026 03:39:46 - INFO - src.trainer -   {'loss': 1.4185993671417236, 'learning_rate': 1e-06, 'global_step': 10630, 'zo_forward_step': 21262, 'max_steps': 20000, 'max_zo_forward_steps': 0, 'time': 1393, 'eps': 0.001}
03/26/2026 03:39:47 - INFO - src.trainer -   {'loss': 0.9663468599319458, 'learning_rate': 1e-06, 'global_step': 10640, 'zo_forward_step': 21282, 'max_steps': 20000, 'max_zo_forward_steps': 0, 'time': 1394, 'eps': 0.001}
03/26/2026 03:39:48 - INFO - src.trainer -   {'loss': 1.5404636859893799, 'learning_rate': 1e-06, 'global_step': 10650, 'zo_forward_step': 21302, 'max_steps': 20000, 'max_zo_forward_steps': 0, 'time': 1395, 'eps': 0.001}
03/26/2026 03:39:49 - INFO - src.trainer -   {'loss': 1.4731963872909546, 'learning_rate': 1e-06, 'global_step': 10660, 'zo_forward_step': 21322, 'max_steps': 20000, 'max_zo_forward_steps': 0, 'time': 1396, 'eps': 0.001}
03/26/2026 03:39:50 - INFO - src.trainer -   {'loss': 0.8153617978096008, 'learning_rate': 1e-06, 'global_step': 10670, 'zo_forward_step': 21342, 'max_steps': 20000, 'max_zo_forward_steps': 0, 'time': 1398, 'eps': 0.001}
03/26/2026 03:39:51 - INFO - src.trainer -   {'loss': 1.4801214933395386, 'learning_rate': 1e-06, 'global_step': 10680, 'zo_forward_step': 21362, 'max_steps': 20000, 'max_zo_forward_steps': 0, 'time': 1399, 'eps': 0.001}
1060it [22:56,  1.04s/it]03/26/2026 03:39:53 - INFO - src.trainer -   {'loss': 1.4609382152557373, 'learning_rate': 1e-06, 'global_step': 10690, 'zo_forward_step': 21382, 'max_steps': 20000, 'max_zo_forward_steps': 0, 'time': 1400, 'eps': 0.001}
03/26/2026 03:39:54 - INFO - src.trainer -   {'loss': 0.9038630723953247, 'learning_rate': 1e-06, 'global_step': 10700, 'zo_forward_step': 21402, 'max_steps': 20000, 'max_zo_forward_steps': 0, 'time': 1401, 'eps': 0.001}
03/26/2026 03:39:55 - INFO - src.trainer -   {'loss': 1.4898236989974976, 'learning_rate': 1e-06, 'global_step': 10710, 'zo_forward_step': 21422, 'max_steps': 20000, 'max_zo_forward_steps': 0, 'time': 1402, 'eps': 0.001}
03/26/2026 03:39:56 - INFO - src.trainer -   {'loss': 1.4096235036849976, 'learning_rate': 1e-06, 'global_step': 10720, 'zo_forward_step': 21442, 'max_steps': 20000, 'max_zo_forward_steps': 0, 'time': 1403, 'eps': 0.001}
03/26/2026 03:39:57 - INFO - src.trainer -   {'loss': 0.8912800550460815, 'learning_rate': 1e-06, 'global_step': 10730, 'zo_forward_step': 21462, 'max_steps': 20000, 'max_zo_forward_steps': 0, 'time': 1404, 'eps': 0.001}
03/26/2026 03:39:58 - INFO - src.trainer -   {'loss': 1.487273931503296, 'learning_rate': 1e-06, 'global_step': 10740, 'zo_forward_step': 21482, 'max_steps': 20000, 'max_zo_forward_steps': 0, 'time': 1406, 'eps': 0.001}
03/26/2026 03:39:59 - INFO - src.trainer -   {'loss': 1.5552324056625366, 'learning_rate': 1e-06, 'global_step': 10750, 'zo_forward_step': 21502, 'max_steps': 20000, 'max_zo_forward_steps': 0, 'time': 1407, 'eps': 0.001}
03/26/2026 03:40:01 - INFO - src.trainer -   {'loss': 0.8521866202354431, 'learning_rate': 1e-06, 'global_step': 10760, 'zo_forward_step': 21522, 'max_steps': 20000, 'max_zo_forward_steps': 0, 'time': 1408, 'eps': 0.001}
03/26/2026 03:40:02 - INFO - src.trainer -   {'loss': 1.4706751108169556, 'learning_rate': 1e-06, 'global_step': 10770, 'zo_forward_step': 21542, 'max_steps': 20000, 'max_zo_forward_steps': 0, 'time': 1409, 'eps': 0.001}
03/26/2026 03:40:03 - INFO - src.trainer -   {'loss': 1.4738870859146118, 'learning_rate': 1e-06, 'global_step': 10780, 'zo_forward_step': 21562, 'max_steps': 20000, 'max_zo_forward_steps': 0, 'time': 1410, 'eps': 0.001}
03/26/2026 03:40:04 - INFO - src.trainer -   {'loss': 0.8117875456809998, 'learning_rate': 1e-06, 'global_step': 10790, 'zo_forward_step': 21582, 'max_steps': 20000, 'max_zo_forward_steps': 0, 'time': 1411, 'eps': 0.001}
1061it [23:09,  1.56s/it]1072it [23:09,  1.05s/it]03/26/2026 03:40:05 - INFO - src.trainer -   {'eval_loss': 1.5051186084747314, 'eval_acc': 0.3}
03/26/2026 03:40:08 - INFO - src.trainer -   [zo_probe] step=10800 eps=1.000e-03 precision=fp32 n=16 mae=1.252123e+00 rmse=1.575596e+00 sign_acc=0.9375 corr=0.998130
03/26/2026 03:40:08 - INFO - src.trainer -   {'loss': 1.4766764640808105, 'learning_rate': 1e-06, 'global_step': 10800, 'zo_forward_step': 21602, 'max_steps': 20000, 'max_zo_forward_steps': 0, 'time': 1416, 'eps': 0.001}
03/26/2026 03:40:10 - INFO - src.trainer -   {'loss': 1.4427580833435059, 'learning_rate': 1e-06, 'global_step': 10810, 'zo_forward_step': 21622, 'max_steps': 20000, 'max_zo_forward_steps': 0, 'time': 1417, 'eps': 0.001}
03/26/2026 03:40:11 - INFO - src.trainer -   {'loss': 0.8288520574569702, 'learning_rate': 1e-06, 'global_step': 10820, 'zo_forward_step': 21642, 'max_steps': 20000, 'max_zo_forward_steps': 0, 'time': 1418, 'eps': 0.001}
03/26/2026 03:40:12 - INFO - src.trainer -   {'loss': 1.480478286743164, 'learning_rate': 1e-06, 'global_step': 10830, 'zo_forward_step': 21662, 'max_steps': 20000, 'max_zo_forward_steps': 0, 'time': 1419, 'eps': 0.001}
03/26/2026 03:40:13 - INFO - src.trainer -   {'loss': 1.515318512916565, 'learning_rate': 1e-06, 'global_step': 10840, 'zo_forward_step': 21682, 'max_steps': 20000, 'max_zo_forward_steps': 0, 'time': 1420, 'eps': 0.001}
03/26/2026 03:40:14 - INFO - src.trainer -   {'loss': 0.9037660360336304, 'learning_rate': 1e-06, 'global_step': 10850, 'zo_forward_step': 21702, 'max_steps': 20000, 'max_zo_forward_steps': 0, 'time': 1421, 'eps': 0.001}
03/26/2026 03:40:15 - INFO - src.trainer -   {'loss': 1.512454867362976, 'learning_rate': 1e-06, 'global_step': 10860, 'zo_forward_step': 21722, 'max_steps': 20000, 'max_zo_forward_steps': 0, 'time': 1423, 'eps': 0.001}
03/26/2026 03:40:16 - INFO - src.trainer -   {'loss': 1.4592293500900269, 'learning_rate': 1e-06, 'global_step': 10870, 'zo_forward_step': 21742, 'max_steps': 20000, 'max_zo_forward_steps': 0, 'time': 1424, 'eps': 0.001}
03/26/2026 03:40:18 - INFO - src.trainer -   {'loss': 0.8598859906196594, 'learning_rate': 1e-06, 'global_step': 10880, 'zo_forward_step': 21762, 'max_steps': 20000, 'max_zo_forward_steps': 0, 'time': 1425, 'eps': 0.001}
03/26/2026 03:40:19 - INFO - src.trainer -   {'loss': 1.4126083850860596, 'learning_rate': 1e-06, 'global_step': 10890, 'zo_forward_step': 21782, 'max_steps': 20000, 'max_zo_forward_steps': 0, 'time': 1426, 'eps': 0.001}
03/26/2026 03:40:20 - INFO - src.trainer -   {'loss': 1.498164415359497, 'learning_rate': 1e-06, 'global_step': 10900, 'zo_forward_step': 21802, 'max_steps': 20000, 'max_zo_forward_steps': 0, 'time': 1427, 'eps': 0.001}
03/26/2026 03:40:21 - INFO - src.trainer -   {'loss': 0.8591701984405518, 'learning_rate': 1e-06, 'global_step': 10910, 'zo_forward_step': 21822, 'max_steps': 20000, 'max_zo_forward_steps': 0, 'time': 1428, 'eps': 0.001}
1080it [23:26,  1.05s/it]03/26/2026 03:40:22 - INFO - src.trainer -   {'loss': 1.4678955078125, 'learning_rate': 1e-06, 'global_step': 10920, 'zo_forward_step': 21842, 'max_steps': 20000, 'max_zo_forward_steps': 0, 'time': 1430, 'eps': 0.001}
03/26/2026 03:40:23 - INFO - src.trainer -   {'loss': 1.4811475276947021, 'learning_rate': 1e-06, 'global_step': 10930, 'zo_forward_step': 21862, 'max_steps': 20000, 'max_zo_forward_steps': 0, 'time': 1431, 'eps': 0.001}
03/26/2026 03:40:25 - INFO - src.trainer -   {'loss': 0.8550871014595032, 'learning_rate': 1e-06, 'global_step': 10940, 'zo_forward_step': 21882, 'max_steps': 20000, 'max_zo_forward_steps': 0, 'time': 1432, 'eps': 0.001}
03/26/2026 03:40:26 - INFO - src.trainer -   {'loss': 1.4775969982147217, 'learning_rate': 1e-06, 'global_step': 10950, 'zo_forward_step': 21902, 'max_steps': 20000, 'max_zo_forward_steps': 0, 'time': 1433, 'eps': 0.001}
03/26/2026 03:40:27 - INFO - src.trainer -   {'loss': 1.4594191312789917, 'learning_rate': 1e-06, 'global_step': 10960, 'zo_forward_step': 21922, 'max_steps': 20000, 'max_zo_forward_steps': 0, 'time': 1434, 'eps': 0.001}
03/26/2026 03:40:28 - INFO - src.trainer -   {'loss': 0.8566001653671265, 'learning_rate': 1e-06, 'global_step': 10970, 'zo_forward_step': 21942, 'max_steps': 20000, 'max_zo_forward_steps': 0, 'time': 1435, 'eps': 0.001}
03/26/2026 03:40:29 - INFO - src.trainer -   {'loss': 1.4580392837524414, 'learning_rate': 1e-06, 'global_step': 10980, 'zo_forward_step': 21962, 'max_steps': 20000, 'max_zo_forward_steps': 0, 'time': 1436, 'eps': 0.001}
03/26/2026 03:40:32 - INFO - src.trainer -   {'loss': 1.459553837776184, 'learning_rate': 1e-06, 'global_step': 10990, 'zo_forward_step': 21982, 'max_steps': 20000, 'max_zo_forward_steps': 0, 'time': 1439, 'eps': 0.001}
1081it [23:37,  1.61s/it]1092it [23:37,  1.09s/it]03/26/2026 03:40:33 - INFO - src.trainer -   {'eval_loss': 1.5006983280181885, 'eval_acc': 0.3}
03/26/2026 03:40:35 - INFO - src.trainer -   [zo_probe] step=11000 eps=1.000e-03 precision=fp32 n=16 mae=1.818458e+00 rmse=2.284701e+00 sign_acc=1.0000 corr=0.997684
03/26/2026 03:40:35 - INFO - src.trainer -   {'loss': 0.8395556807518005, 'learning_rate': 1e-06, 'global_step': 11000, 'zo_forward_step': 22002, 'max_steps': 20000, 'max_zo_forward_steps': 0, 'time': 1443, 'eps': 0.001}
03/26/2026 03:40:36 - INFO - src.trainer -   {'loss': 1.5037639141082764, 'learning_rate': 1e-06, 'global_step': 11010, 'zo_forward_step': 22022, 'max_steps': 20000, 'max_zo_forward_steps': 0, 'time': 1444, 'eps': 0.001}
03/26/2026 03:40:38 - INFO - src.trainer -   {'loss': 1.4862942695617676, 'learning_rate': 1e-06, 'global_step': 11020, 'zo_forward_step': 22042, 'max_steps': 20000, 'max_zo_forward_steps': 0, 'time': 1445, 'eps': 0.001}
03/26/2026 03:40:39 - INFO - src.trainer -   {'loss': 0.9031988382339478, 'learning_rate': 1e-06, 'global_step': 11030, 'zo_forward_step': 22062, 'max_steps': 20000, 'max_zo_forward_steps': 0, 'time': 1446, 'eps': 0.001}
03/26/2026 03:40:40 - INFO - src.trainer -   {'loss': 1.4982486963272095, 'learning_rate': 1e-06, 'global_step': 11040, 'zo_forward_step': 22082, 'max_steps': 20000, 'max_zo_forward_steps': 0, 'time': 1447, 'eps': 0.001}
03/26/2026 03:40:41 - INFO - src.trainer -   {'loss': 1.4666651487350464, 'learning_rate': 1e-06, 'global_step': 11050, 'zo_forward_step': 22102, 'max_steps': 20000, 'max_zo_forward_steps': 0, 'time': 1448, 'eps': 0.001}
03/26/2026 03:40:42 - INFO - src.trainer -   {'loss': 0.8051342368125916, 'learning_rate': 1e-06, 'global_step': 11060, 'zo_forward_step': 22122, 'max_steps': 20000, 'max_zo_forward_steps': 0, 'time': 1449, 'eps': 0.001}
03/26/2026 03:40:43 - INFO - src.trainer -   {'loss': 1.5202229022979736, 'learning_rate': 1e-06, 'global_step': 11070, 'zo_forward_step': 22142, 'max_steps': 20000, 'max_zo_forward_steps': 0, 'time': 1451, 'eps': 0.001}
03/26/2026 03:40:44 - INFO - src.trainer -   {'loss': 1.4660638570785522, 'learning_rate': 1e-06, 'global_step': 11080, 'zo_forward_step': 22162, 'max_steps': 20000, 'max_zo_forward_steps': 0, 'time': 1452, 'eps': 0.001}
03/26/2026 03:40:46 - INFO - src.trainer -   {'loss': 0.8190496563911438, 'learning_rate': 1e-06, 'global_step': 11090, 'zo_forward_step': 22182, 'max_steps': 20000, 'max_zo_forward_steps': 0, 'time': 1453, 'eps': 0.001}
03/26/2026 03:40:47 - INFO - src.trainer -   {'loss': 1.4550211429595947, 'learning_rate': 1e-06, 'global_step': 11100, 'zo_forward_step': 22202, 'max_steps': 20000, 'max_zo_forward_steps': 0, 'time': 1454, 'eps': 0.001}
03/26/2026 03:40:48 - INFO - src.trainer -   {'loss': 1.4627701044082642, 'learning_rate': 1e-06, 'global_step': 11110, 'zo_forward_step': 22222, 'max_steps': 20000, 'max_zo_forward_steps': 0, 'time': 1455, 'eps': 0.001}
03/26/2026 03:40:49 - INFO - src.trainer -   {'loss': 0.8232885599136353, 'learning_rate': 1e-06, 'global_step': 11120, 'zo_forward_step': 22242, 'max_steps': 20000, 'max_zo_forward_steps': 0, 'time': 1456, 'eps': 0.001}
03/26/2026 03:40:50 - INFO - src.trainer -   {'loss': 1.5220640897750854, 'learning_rate': 1e-06, 'global_step': 11130, 'zo_forward_step': 22262, 'max_steps': 20000, 'max_zo_forward_steps': 0, 'time': 1457, 'eps': 0.001}
03/26/2026 03:40:51 - INFO - src.trainer -   {'loss': 1.428063988685608, 'learning_rate': 1e-06, 'global_step': 11140, 'zo_forward_step': 22282, 'max_steps': 20000, 'max_zo_forward_steps': 0, 'time': 1459, 'eps': 0.001}
1100it [23:56,  1.09s/it]03/26/2026 03:40:55 - INFO - src.trainer -   {'loss': 0.8734563589096069, 'learning_rate': 1e-06, 'global_step': 11150, 'zo_forward_step': 22302, 'max_steps': 20000, 'max_zo_forward_steps': 0, 'time': 1462, 'eps': 0.001}
03/26/2026 03:40:56 - INFO - src.trainer -   {'loss': 1.4827654361724854, 'learning_rate': 1e-06, 'global_step': 11160, 'zo_forward_step': 22322, 'max_steps': 20000, 'max_zo_forward_steps': 0, 'time': 1463, 'eps': 0.001}
03/26/2026 03:40:57 - INFO - src.trainer -   {'loss': 1.465404987335205, 'learning_rate': 1e-06, 'global_step': 11170, 'zo_forward_step': 22342, 'max_steps': 20000, 'max_zo_forward_steps': 0, 'time': 1464, 'eps': 0.001}
03/26/2026 03:40:58 - INFO - src.trainer -   {'loss': 0.8168569803237915, 'learning_rate': 1e-06, 'global_step': 11180, 'zo_forward_step': 22362, 'max_steps': 20000, 'max_zo_forward_steps': 0, 'time': 1465, 'eps': 0.001}
03/26/2026 03:40:59 - INFO - src.trainer -   {'loss': 1.4231202602386475, 'learning_rate': 1e-06, 'global_step': 11190, 'zo_forward_step': 22382, 'max_steps': 20000, 'max_zo_forward_steps': 0, 'time': 1466, 'eps': 0.001}
1101it [24:04,  1.62s/it]1112it [24:04,  1.10s/it]03/26/2026 03:41:00 - INFO - src.trainer -   {'eval_loss': 1.4968478679656982, 'eval_acc': 0.3125}
03/26/2026 03:41:03 - INFO - src.trainer -   [zo_probe] step=11200 eps=1.000e-03 precision=fp32 n=16 mae=1.934022e+00 rmse=2.350437e+00 sign_acc=1.0000 corr=0.998651
03/26/2026 03:41:04 - INFO - src.trainer -   {'loss': 1.5436562299728394, 'learning_rate': 1e-06, 'global_step': 11200, 'zo_forward_step': 22402, 'max_steps': 20000, 'max_zo_forward_steps': 0, 'time': 1471, 'eps': 0.001}
03/26/2026 03:41:05 - INFO - src.trainer -   {'loss': 0.7806167006492615, 'learning_rate': 1e-06, 'global_step': 11210, 'zo_forward_step': 22422, 'max_steps': 20000, 'max_zo_forward_steps': 0, 'time': 1472, 'eps': 0.001}
03/26/2026 03:41:06 - INFO - src.trainer -   {'loss': 1.5708177089691162, 'learning_rate': 1e-06, 'global_step': 11220, 'zo_forward_step': 22442, 'max_steps': 20000, 'max_zo_forward_steps': 0, 'time': 1473, 'eps': 0.001}
03/26/2026 03:41:07 - INFO - src.trainer -   {'loss': 1.4385515451431274, 'learning_rate': 1e-06, 'global_step': 11230, 'zo_forward_step': 22462, 'max_steps': 20000, 'max_zo_forward_steps': 0, 'time': 1474, 'eps': 0.001}
03/26/2026 03:41:08 - INFO - src.trainer -   {'loss': 0.9007036089897156, 'learning_rate': 1e-06, 'global_step': 11240, 'zo_forward_step': 22482, 'max_steps': 20000, 'max_zo_forward_steps': 0, 'time': 1475, 'eps': 0.001}
03/26/2026 03:41:09 - INFO - src.trainer -   {'loss': 1.4738837480545044, 'learning_rate': 1e-06, 'global_step': 11250, 'zo_forward_step': 22502, 'max_steps': 20000, 'max_zo_forward_steps': 0, 'time': 1477, 'eps': 0.001}
03/26/2026 03:41:10 - INFO - src.trainer -   {'loss': 1.4645023345947266, 'learning_rate': 1e-06, 'global_step': 11260, 'zo_forward_step': 22522, 'max_steps': 20000, 'max_zo_forward_steps': 0, 'time': 1478, 'eps': 0.001}
03/26/2026 03:41:12 - INFO - src.trainer -   {'loss': 0.8516234159469604, 'learning_rate': 1e-06, 'global_step': 11270, 'zo_forward_step': 22542, 'max_steps': 20000, 'max_zo_forward_steps': 0, 'time': 1479, 'eps': 0.001}
1120it [24:16,  1.10s/it]03/26/2026 03:41:13 - INFO - src.trainer -   {'loss': 1.381888508796692, 'learning_rate': 1e-06, 'global_step': 11280, 'zo_forward_step': 22562, 'max_steps': 20000, 'max_zo_forward_steps': 0, 'time': 1480, 'eps': 0.001}
03/26/2026 03:41:14 - INFO - src.trainer -   {'loss': 1.4646738767623901, 'learning_rate': 1e-06, 'global_step': 11290, 'zo_forward_step': 22582, 'max_steps': 20000, 'max_zo_forward_steps': 0, 'time': 1481, 'eps': 0.001}
03/26/2026 03:41:15 - INFO - src.trainer -   {'loss': 0.8867098093032837, 'learning_rate': 1e-06, 'global_step': 11300, 'zo_forward_step': 22602, 'max_steps': 20000, 'max_zo_forward_steps': 0, 'time': 1482, 'eps': 0.001}
03/26/2026 03:41:16 - INFO - src.trainer -   {'loss': 1.415533423423767, 'learning_rate': 1e-06, 'global_step': 11310, 'zo_forward_step': 22622, 'max_steps': 20000, 'max_zo_forward_steps': 0, 'time': 1483, 'eps': 0.001}
03/26/2026 03:41:17 - INFO - src.trainer -   {'loss': 1.4282817840576172, 'learning_rate': 1e-06, 'global_step': 11320, 'zo_forward_step': 22642, 'max_steps': 20000, 'max_zo_forward_steps': 0, 'time': 1485, 'eps': 0.001}
03/26/2026 03:41:18 - INFO - src.trainer -   {'loss': 0.8147642016410828, 'learning_rate': 1e-06, 'global_step': 11330, 'zo_forward_step': 22662, 'max_steps': 20000, 'max_zo_forward_steps': 0, 'time': 1486, 'eps': 0.001}
03/26/2026 03:41:20 - INFO - src.trainer -   {'loss': 1.4448928833007812, 'learning_rate': 1e-06, 'global_step': 11340, 'zo_forward_step': 22682, 'max_steps': 20000, 'max_zo_forward_steps': 0, 'time': 1487, 'eps': 0.001}
03/26/2026 03:41:21 - INFO - src.trainer -   {'loss': 1.3659355640411377, 'learning_rate': 1e-06, 'global_step': 11350, 'zo_forward_step': 22702, 'max_steps': 20000, 'max_zo_forward_steps': 0, 'time': 1488, 'eps': 0.001}
03/26/2026 03:41:22 - INFO - src.trainer -   {'loss': 0.9357633590698242, 'learning_rate': 1e-06, 'global_step': 11360, 'zo_forward_step': 22722, 'max_steps': 20000, 'max_zo_forward_steps': 0, 'time': 1489, 'eps': 0.001}
03/26/2026 03:41:23 - INFO - src.trainer -   {'loss': 1.3977020978927612, 'learning_rate': 1e-06, 'global_step': 11370, 'zo_forward_step': 22742, 'max_steps': 20000, 'max_zo_forward_steps': 0, 'time': 1490, 'eps': 0.001}
03/26/2026 03:41:24 - INFO - src.trainer -   {'loss': 1.5164101123809814, 'learning_rate': 1e-06, 'global_step': 11380, 'zo_forward_step': 22762, 'max_steps': 20000, 'max_zo_forward_steps': 0, 'time': 1491, 'eps': 0.001}
03/26/2026 03:41:25 - INFO - src.trainer -   {'loss': 0.9159015417098999, 'learning_rate': 1e-06, 'global_step': 11390, 'zo_forward_step': 22782, 'max_steps': 20000, 'max_zo_forward_steps': 0, 'time': 1492, 'eps': 0.001}
1121it [24:30,  1.59s/it]1132it [24:30,  1.08s/it]03/26/2026 03:41:26 - INFO - src.trainer -   {'eval_loss': 1.4880231618881226, 'eval_acc': 0.3875}
03/26/2026 03:41:26 - INFO - src.trainer -   Best dev result: 0.3875
03/26/2026 03:41:30 - INFO - src.trainer -   [zo_probe] step=11400 eps=1.000e-03 precision=fp32 n=16 mae=2.080677e+00 rmse=2.474987e+00 sign_acc=0.9375 corr=0.996870
03/26/2026 03:41:30 - INFO - src.trainer -   {'loss': 1.4730536937713623, 'learning_rate': 1e-06, 'global_step': 11400, 'zo_forward_step': 22802, 'max_steps': 20000, 'max_zo_forward_steps': 0, 'time': 1497, 'eps': 0.001}
03/26/2026 03:41:31 - INFO - src.trainer -   {'loss': 1.4977617263793945, 'learning_rate': 1e-06, 'global_step': 11410, 'zo_forward_step': 22822, 'max_steps': 20000, 'max_zo_forward_steps': 0, 'time': 1498, 'eps': 0.001}
03/26/2026 03:41:32 - INFO - src.trainer -   {'loss': 0.869113028049469, 'learning_rate': 1e-06, 'global_step': 11420, 'zo_forward_step': 22842, 'max_steps': 20000, 'max_zo_forward_steps': 0, 'time': 1499, 'eps': 0.001}
03/26/2026 03:41:33 - INFO - src.trainer -   {'loss': 1.498849868774414, 'learning_rate': 1e-06, 'global_step': 11430, 'zo_forward_step': 22862, 'max_steps': 20000, 'max_zo_forward_steps': 0, 'time': 1500, 'eps': 0.001}
03/26/2026 03:41:34 - INFO - src.trainer -   {'loss': 1.4569934606552124, 'learning_rate': 1e-06, 'global_step': 11440, 'zo_forward_step': 22882, 'max_steps': 20000, 'max_zo_forward_steps': 0, 'time': 1502, 'eps': 0.001}
03/26/2026 03:41:35 - INFO - src.trainer -   {'loss': 0.8882670998573303, 'learning_rate': 1e-06, 'global_step': 11450, 'zo_forward_step': 22902, 'max_steps': 20000, 'max_zo_forward_steps': 0, 'time': 1503, 'eps': 0.001}
03/26/2026 03:41:37 - INFO - src.trainer -   {'loss': 1.359366536140442, 'learning_rate': 1e-06, 'global_step': 11460, 'zo_forward_step': 22922, 'max_steps': 20000, 'max_zo_forward_steps': 0, 'time': 1504, 'eps': 0.001}
03/26/2026 03:41:38 - INFO - src.trainer -   {'loss': 1.4812813997268677, 'learning_rate': 1e-06, 'global_step': 11470, 'zo_forward_step': 22942, 'max_steps': 20000, 'max_zo_forward_steps': 0, 'time': 1505, 'eps': 0.001}
03/26/2026 03:41:39 - INFO - src.trainer -   {'loss': 0.8603793382644653, 'learning_rate': 1e-06, 'global_step': 11480, 'zo_forward_step': 22962, 'max_steps': 20000, 'max_zo_forward_steps': 0, 'time': 1506, 'eps': 0.001}
03/26/2026 03:41:40 - INFO - src.trainer -   {'loss': 1.3696950674057007, 'learning_rate': 1e-06, 'global_step': 11490, 'zo_forward_step': 22982, 'max_steps': 20000, 'max_zo_forward_steps': 0, 'time': 1507, 'eps': 0.001}
03/26/2026 03:41:41 - INFO - src.trainer -   {'loss': 1.4505367279052734, 'learning_rate': 1e-06, 'global_step': 11500, 'zo_forward_step': 23002, 'max_steps': 20000, 'max_zo_forward_steps': 0, 'time': 1508, 'eps': 0.001}
03/26/2026 03:41:42 - INFO - src.trainer -   {'loss': 0.8087465167045593, 'learning_rate': 1e-06, 'global_step': 11510, 'zo_forward_step': 23022, 'max_steps': 20000, 'max_zo_forward_steps': 0, 'time': 1509, 'eps': 0.001}
1140it [24:46,  1.08s/it]03/26/2026 03:41:43 - INFO - src.trainer -   {'loss': 1.4048367738723755, 'learning_rate': 1e-06, 'global_step': 11520, 'zo_forward_step': 23042, 'max_steps': 20000, 'max_zo_forward_steps': 0, 'time': 1511, 'eps': 0.001}
03/26/2026 03:41:44 - INFO - src.trainer -   {'loss': 1.4668235778808594, 'learning_rate': 1e-06, 'global_step': 11530, 'zo_forward_step': 23062, 'max_steps': 20000, 'max_zo_forward_steps': 0, 'time': 1512, 'eps': 0.001}
03/26/2026 03:41:46 - INFO - src.trainer -   {'loss': 0.825360894203186, 'learning_rate': 1e-06, 'global_step': 11540, 'zo_forward_step': 23082, 'max_steps': 20000, 'max_zo_forward_steps': 0, 'time': 1513, 'eps': 0.001}
03/26/2026 03:41:47 - INFO - src.trainer -   {'loss': 1.4618103504180908, 'learning_rate': 1e-06, 'global_step': 11550, 'zo_forward_step': 23102, 'max_steps': 20000, 'max_zo_forward_steps': 0, 'time': 1514, 'eps': 0.001}
03/26/2026 03:41:48 - INFO - src.trainer -   {'loss': 1.415015459060669, 'learning_rate': 1e-06, 'global_step': 11560, 'zo_forward_step': 23122, 'max_steps': 20000, 'max_zo_forward_steps': 0, 'time': 1515, 'eps': 0.001}
03/26/2026 03:41:49 - INFO - src.trainer -   {'loss': 0.8418034911155701, 'learning_rate': 1e-06, 'global_step': 11570, 'zo_forward_step': 23142, 'max_steps': 20000, 'max_zo_forward_steps': 0, 'time': 1516, 'eps': 0.001}
03/26/2026 03:41:50 - INFO - src.trainer -   {'loss': 1.3493833541870117, 'learning_rate': 1e-06, 'global_step': 11580, 'zo_forward_step': 23162, 'max_steps': 20000, 'max_zo_forward_steps': 0, 'time': 1517, 'eps': 0.001}
03/26/2026 03:41:51 - INFO - src.trainer -   {'loss': 1.531894326210022, 'learning_rate': 1e-06, 'global_step': 11590, 'zo_forward_step': 23182, 'max_steps': 20000, 'max_zo_forward_steps': 0, 'time': 1519, 'eps': 0.001}
1141it [24:56,  1.58s/it]1152it [24:57,  1.07s/it]03/26/2026 03:41:53 - INFO - src.trainer -   {'eval_loss': 1.4880324602127075, 'eval_acc': 0.3375}
03/26/2026 03:41:55 - INFO - src.trainer -   [zo_probe] step=11600 eps=1.000e-03 precision=fp32 n=16 mae=1.384083e+00 rmse=1.804209e+00 sign_acc=1.0000 corr=0.999052
03/26/2026 03:41:55 - INFO - src.trainer -   {'loss': 0.7629063725471497, 'learning_rate': 1e-06, 'global_step': 11600, 'zo_forward_step': 23202, 'max_steps': 20000, 'max_zo_forward_steps': 0, 'time': 1522, 'eps': 0.001}
03/26/2026 03:41:56 - INFO - src.trainer -   {'loss': 1.4446371793746948, 'learning_rate': 1e-06, 'global_step': 11610, 'zo_forward_step': 23222, 'max_steps': 20000, 'max_zo_forward_steps': 0, 'time': 1523, 'eps': 0.001}
03/26/2026 03:41:57 - INFO - src.trainer -   {'loss': 1.413971185684204, 'learning_rate': 1e-06, 'global_step': 11620, 'zo_forward_step': 23242, 'max_steps': 20000, 'max_zo_forward_steps': 0, 'time': 1524, 'eps': 0.001}
03/26/2026 03:41:58 - INFO - src.trainer -   {'loss': 0.8763868808746338, 'learning_rate': 1e-06, 'global_step': 11630, 'zo_forward_step': 23262, 'max_steps': 20000, 'max_zo_forward_steps': 0, 'time': 1525, 'eps': 0.001}
03/26/2026 03:41:59 - INFO - src.trainer -   {'loss': 1.3854858875274658, 'learning_rate': 1e-06, 'global_step': 11640, 'zo_forward_step': 23282, 'max_steps': 20000, 'max_zo_forward_steps': 0, 'time': 1527, 'eps': 0.001}
03/26/2026 03:42:00 - INFO - src.trainer -   {'loss': 1.4599716663360596, 'learning_rate': 1e-06, 'global_step': 11650, 'zo_forward_step': 23302, 'max_steps': 20000, 'max_zo_forward_steps': 0, 'time': 1528, 'eps': 0.001}
03/26/2026 03:42:02 - INFO - src.trainer -   {'loss': 0.8718512654304504, 'learning_rate': 1e-06, 'global_step': 11660, 'zo_forward_step': 23322, 'max_steps': 20000, 'max_zo_forward_steps': 0, 'time': 1529, 'eps': 0.001}
03/26/2026 03:42:03 - INFO - src.trainer -   {'loss': 1.3206346035003662, 'learning_rate': 1e-06, 'global_step': 11670, 'zo_forward_step': 23342, 'max_steps': 20000, 'max_zo_forward_steps': 0, 'time': 1530, 'eps': 0.001}
03/26/2026 03:42:04 - INFO - src.trainer -   {'loss': 1.498178243637085, 'learning_rate': 1e-06, 'global_step': 11680, 'zo_forward_step': 23362, 'max_steps': 20000, 'max_zo_forward_steps': 0, 'time': 1531, 'eps': 0.001}
03/26/2026 03:42:05 - INFO - src.trainer -   {'loss': 0.8888363242149353, 'learning_rate': 1e-06, 'global_step': 11690, 'zo_forward_step': 23382, 'max_steps': 20000, 'max_zo_forward_steps': 0, 'time': 1532, 'eps': 0.001}
03/26/2026 03:42:06 - INFO - src.trainer -   {'loss': 1.4098799228668213, 'learning_rate': 1e-06, 'global_step': 11700, 'zo_forward_step': 23402, 'max_steps': 20000, 'max_zo_forward_steps': 0, 'time': 1533, 'eps': 0.001}
03/26/2026 03:42:07 - INFO - src.trainer -   {'loss': 1.4705334901809692, 'learning_rate': 1e-06, 'global_step': 11710, 'zo_forward_step': 23422, 'max_steps': 20000, 'max_zo_forward_steps': 0, 'time': 1535, 'eps': 0.001}
03/26/2026 03:42:08 - INFO - src.trainer -   {'loss': 0.7958868741989136, 'learning_rate': 1e-06, 'global_step': 11720, 'zo_forward_step': 23442, 'max_steps': 20000, 'max_zo_forward_steps': 0, 'time': 1536, 'eps': 0.001}
03/26/2026 03:42:09 - INFO - src.trainer -   {'loss': 1.382874846458435, 'learning_rate': 1e-06, 'global_step': 11730, 'zo_forward_step': 23462, 'max_steps': 20000, 'max_zo_forward_steps': 0, 'time': 1537, 'eps': 0.001}
03/26/2026 03:42:11 - INFO - src.trainer -   {'loss': 1.487310767173767, 'learning_rate': 1e-06, 'global_step': 11740, 'zo_forward_step': 23482, 'max_steps': 20000, 'max_zo_forward_steps': 0, 'time': 1538, 'eps': 0.001}
03/26/2026 03:42:12 - INFO - src.trainer -   {'loss': 0.7847055792808533, 'learning_rate': 1e-06, 'global_step': 11750, 'zo_forward_step': 23502, 'max_steps': 20000, 'max_zo_forward_steps': 0, 'time': 1539, 'eps': 0.001}
1160it [25:16,  1.07s/it]03/26/2026 03:42:13 - INFO - src.trainer -   {'loss': 1.3608978986740112, 'learning_rate': 1e-06, 'global_step': 11760, 'zo_forward_step': 23522, 'max_steps': 20000, 'max_zo_forward_steps': 0, 'time': 1540, 'eps': 0.001}
03/26/2026 03:42:14 - INFO - src.trainer -   {'loss': 1.4782246351242065, 'learning_rate': 1e-06, 'global_step': 11770, 'zo_forward_step': 23542, 'max_steps': 20000, 'max_zo_forward_steps': 0, 'time': 1541, 'eps': 0.001}
03/26/2026 03:42:15 - INFO - src.trainer -   {'loss': 0.7606145739555359, 'learning_rate': 1e-06, 'global_step': 11780, 'zo_forward_step': 23562, 'max_steps': 20000, 'max_zo_forward_steps': 0, 'time': 1543, 'eps': 0.001}
03/26/2026 03:42:16 - INFO - src.trainer -   {'loss': 1.4458630084991455, 'learning_rate': 1e-06, 'global_step': 11790, 'zo_forward_step': 23582, 'max_steps': 20000, 'max_zo_forward_steps': 0, 'time': 1544, 'eps': 0.001}
1161it [25:22,  1.54s/it]1172it [25:22,  1.04s/it]03/26/2026 03:42:18 - INFO - src.trainer -   {'eval_loss': 1.4916778802871704, 'eval_acc': 0.325}
03/26/2026 03:42:21 - INFO - src.trainer -   [zo_probe] step=11800 eps=1.000e-03 precision=fp32 n=16 mae=1.449376e+00 rmse=1.977996e+00 sign_acc=0.9375 corr=0.998651
03/26/2026 03:42:21 - INFO - src.trainer -   {'loss': 1.4297137260437012, 'learning_rate': 1e-06, 'global_step': 11800, 'zo_forward_step': 23602, 'max_steps': 20000, 'max_zo_forward_steps': 0, 'time': 1548, 'eps': 0.001}
03/26/2026 03:42:22 - INFO - src.trainer -   {'loss': 0.8783756494522095, 'learning_rate': 1e-06, 'global_step': 11810, 'zo_forward_step': 23622, 'max_steps': 20000, 'max_zo_forward_steps': 0, 'time': 1549, 'eps': 0.001}
03/26/2026 03:42:23 - INFO - src.trainer -   {'loss': 1.5051017999649048, 'learning_rate': 1e-06, 'global_step': 11820, 'zo_forward_step': 23642, 'max_steps': 20000, 'max_zo_forward_steps': 0, 'time': 1550, 'eps': 0.001}
03/26/2026 03:42:24 - INFO - src.trainer -   {'loss': 1.4466725587844849, 'learning_rate': 1e-06, 'global_step': 11830, 'zo_forward_step': 23662, 'max_steps': 20000, 'max_zo_forward_steps': 0, 'time': 1552, 'eps': 0.001}
03/26/2026 03:42:25 - INFO - src.trainer -   {'loss': 0.8921441435813904, 'learning_rate': 1e-06, 'global_step': 11840, 'zo_forward_step': 23682, 'max_steps': 20000, 'max_zo_forward_steps': 0, 'time': 1553, 'eps': 0.001}
03/26/2026 03:42:26 - INFO - src.trainer -   {'loss': 1.3968404531478882, 'learning_rate': 1e-06, 'global_step': 11850, 'zo_forward_step': 23702, 'max_steps': 20000, 'max_zo_forward_steps': 0, 'time': 1554, 'eps': 0.001}
03/26/2026 03:42:28 - INFO - src.trainer -   {'loss': 1.4264421463012695, 'learning_rate': 1e-06, 'global_step': 11860, 'zo_forward_step': 23722, 'max_steps': 20000, 'max_zo_forward_steps': 0, 'time': 1555, 'eps': 0.001}
03/26/2026 03:42:29 - INFO - src.trainer -   {'loss': 0.8069092035293579, 'learning_rate': 1e-06, 'global_step': 11870, 'zo_forward_step': 23742, 'max_steps': 20000, 'max_zo_forward_steps': 0, 'time': 1556, 'eps': 0.001}
03/26/2026 03:42:30 - INFO - src.trainer -   {'loss': 1.360237717628479, 'learning_rate': 1e-06, 'global_step': 11880, 'zo_forward_step': 23762, 'max_steps': 20000, 'max_zo_forward_steps': 0, 'time': 1557, 'eps': 0.001}
03/26/2026 03:42:31 - INFO - src.trainer -   {'loss': 1.47274649143219, 'learning_rate': 1e-06, 'global_step': 11890, 'zo_forward_step': 23782, 'max_steps': 20000, 'max_zo_forward_steps': 0, 'time': 1558, 'eps': 0.001}
1180it [25:36,  1.04s/it]03/26/2026 03:42:32 - INFO - src.trainer -   {'loss': 0.8283548951148987, 'learning_rate': 1e-06, 'global_step': 11900, 'zo_forward_step': 23802, 'max_steps': 20000, 'max_zo_forward_steps': 0, 'time': 1560, 'eps': 0.001}
03/26/2026 03:42:33 - INFO - src.trainer -   {'loss': 1.4292573928833008, 'learning_rate': 1e-06, 'global_step': 11910, 'zo_forward_step': 23822, 'max_steps': 20000, 'max_zo_forward_steps': 0, 'time': 1561, 'eps': 0.001}
03/26/2026 03:42:35 - INFO - src.trainer -   {'loss': 1.451637625694275, 'learning_rate': 1e-06, 'global_step': 11920, 'zo_forward_step': 23842, 'max_steps': 20000, 'max_zo_forward_steps': 0, 'time': 1562, 'eps': 0.001}
03/26/2026 03:42:36 - INFO - src.trainer -   {'loss': 0.8910843729972839, 'learning_rate': 1e-06, 'global_step': 11930, 'zo_forward_step': 23862, 'max_steps': 20000, 'max_zo_forward_steps': 0, 'time': 1563, 'eps': 0.001}
03/26/2026 03:42:37 - INFO - src.trainer -   {'loss': 1.413991093635559, 'learning_rate': 1e-06, 'global_step': 11940, 'zo_forward_step': 23882, 'max_steps': 20000, 'max_zo_forward_steps': 0, 'time': 1564, 'eps': 0.001}
03/26/2026 03:42:38 - INFO - src.trainer -   {'loss': 1.4319562911987305, 'learning_rate': 1e-06, 'global_step': 11950, 'zo_forward_step': 23902, 'max_steps': 20000, 'max_zo_forward_steps': 0, 'time': 1565, 'eps': 0.001}
03/26/2026 03:42:39 - INFO - src.trainer -   {'loss': 0.8300745487213135, 'learning_rate': 1e-06, 'global_step': 11960, 'zo_forward_step': 23922, 'max_steps': 20000, 'max_zo_forward_steps': 0, 'time': 1566, 'eps': 0.001}
03/26/2026 03:42:40 - INFO - src.trainer -   {'loss': 1.3707836866378784, 'learning_rate': 1e-06, 'global_step': 11970, 'zo_forward_step': 23942, 'max_steps': 20000, 'max_zo_forward_steps': 0, 'time': 1568, 'eps': 0.001}
03/26/2026 03:42:41 - INFO - src.trainer -   {'loss': 1.4851493835449219, 'learning_rate': 1e-06, 'global_step': 11980, 'zo_forward_step': 23962, 'max_steps': 20000, 'max_zo_forward_steps': 0, 'time': 1569, 'eps': 0.001}
03/26/2026 03:42:43 - INFO - src.trainer -   {'loss': 0.9196839332580566, 'learning_rate': 1e-06, 'global_step': 11990, 'zo_forward_step': 23982, 'max_steps': 20000, 'max_zo_forward_steps': 0, 'time': 1570, 'eps': 0.001}
1181it [25:48,  1.55s/it]1192it [25:48,  1.05s/it]03/26/2026 03:42:44 - INFO - src.trainer -   {'eval_loss': 1.481893539428711, 'eval_acc': 0.35}
03/26/2026 03:42:47 - INFO - src.trainer -   [zo_probe] step=12000 eps=1.000e-03 precision=fp32 n=16 mae=1.902246e+00 rmse=2.217283e+00 sign_acc=1.0000 corr=0.998810
03/26/2026 03:42:47 - INFO - src.trainer -   {'loss': 1.4446215629577637, 'learning_rate': 1e-06, 'global_step': 12000, 'zo_forward_step': 24002, 'max_steps': 20000, 'max_zo_forward_steps': 0, 'time': 1574, 'eps': 0.001}
03/26/2026 03:42:48 - INFO - src.trainer -   {'loss': 1.439847469329834, 'learning_rate': 1e-06, 'global_step': 12010, 'zo_forward_step': 24022, 'max_steps': 20000, 'max_zo_forward_steps': 0, 'time': 1575, 'eps': 0.001}
03/26/2026 03:42:49 - INFO - src.trainer -   {'loss': 0.8093611598014832, 'learning_rate': 1e-06, 'global_step': 12020, 'zo_forward_step': 24042, 'max_steps': 20000, 'max_zo_forward_steps': 0, 'time': 1577, 'eps': 0.001}
03/26/2026 03:42:50 - INFO - src.trainer -   {'loss': 1.4392045736312866, 'learning_rate': 1e-06, 'global_step': 12030, 'zo_forward_step': 24062, 'max_steps': 20000, 'max_zo_forward_steps': 0, 'time': 1578, 'eps': 0.001}
03/26/2026 03:42:52 - INFO - src.trainer -   {'loss': 1.4312288761138916, 'learning_rate': 1e-06, 'global_step': 12040, 'zo_forward_step': 24082, 'max_steps': 20000, 'max_zo_forward_steps': 0, 'time': 1579, 'eps': 0.001}
03/26/2026 03:42:53 - INFO - src.trainer -   {'loss': 0.8835268616676331, 'learning_rate': 1e-06, 'global_step': 12050, 'zo_forward_step': 24102, 'max_steps': 20000, 'max_zo_forward_steps': 0, 'time': 1580, 'eps': 0.001}
03/26/2026 03:42:54 - INFO - src.trainer -   {'loss': 1.4552748203277588, 'learning_rate': 1e-06, 'global_step': 12060, 'zo_forward_step': 24122, 'max_steps': 20000, 'max_zo_forward_steps': 0, 'time': 1581, 'eps': 0.001}
03/26/2026 03:42:55 - INFO - src.trainer -   {'loss': 1.3813194036483765, 'learning_rate': 1e-06, 'global_step': 12070, 'zo_forward_step': 24142, 'max_steps': 20000, 'max_zo_forward_steps': 0, 'time': 1582, 'eps': 0.001}
03/26/2026 03:42:56 - INFO - src.trainer -   {'loss': 0.8867717981338501, 'learning_rate': 1e-06, 'global_step': 12080, 'zo_forward_step': 24162, 'max_steps': 20000, 'max_zo_forward_steps': 0, 'time': 1583, 'eps': 0.001}
03/26/2026 03:42:57 - INFO - src.trainer -   {'loss': 1.4771173000335693, 'learning_rate': 1e-06, 'global_step': 12090, 'zo_forward_step': 24182, 'max_steps': 20000, 'max_zo_forward_steps': 0, 'time': 1585, 'eps': 0.001}
03/26/2026 03:42:58 - INFO - src.trainer -   {'loss': 1.4738883972167969, 'learning_rate': 1e-06, 'global_step': 12100, 'zo_forward_step': 24202, 'max_steps': 20000, 'max_zo_forward_steps': 0, 'time': 1586, 'eps': 0.001}
03/26/2026 03:43:00 - INFO - src.trainer -   {'loss': 0.8157318830490112, 'learning_rate': 1e-06, 'global_step': 12110, 'zo_forward_step': 24222, 'max_steps': 20000, 'max_zo_forward_steps': 0, 'time': 1587, 'eps': 0.001}
03/26/2026 03:43:01 - INFO - src.trainer -   {'loss': 1.46510910987854, 'learning_rate': 1e-06, 'global_step': 12120, 'zo_forward_step': 24242, 'max_steps': 20000, 'max_zo_forward_steps': 0, 'time': 1588, 'eps': 0.001}
03/26/2026 03:43:02 - INFO - src.trainer -   {'loss': 1.4763147830963135, 'learning_rate': 1e-06, 'global_step': 12130, 'zo_forward_step': 24262, 'max_steps': 20000, 'max_zo_forward_steps': 0, 'time': 1589, 'eps': 0.001}
1200it [26:06,  1.05s/it]03/26/2026 03:43:03 - INFO - src.trainer -   {'loss': 0.7276642322540283, 'learning_rate': 1e-06, 'global_step': 12140, 'zo_forward_step': 24282, 'max_steps': 20000, 'max_zo_forward_steps': 0, 'time': 1590, 'eps': 0.001}
03/26/2026 03:43:04 - INFO - src.trainer -   {'loss': 1.4355113506317139, 'learning_rate': 1e-06, 'global_step': 12150, 'zo_forward_step': 24302, 'max_steps': 20000, 'max_zo_forward_steps': 0, 'time': 1591, 'eps': 0.001}
03/26/2026 03:43:05 - INFO - src.trainer -   {'loss': 1.396600365638733, 'learning_rate': 1e-06, 'global_step': 12160, 'zo_forward_step': 24322, 'max_steps': 20000, 'max_zo_forward_steps': 0, 'time': 1593, 'eps': 0.001}
03/26/2026 03:43:06 - INFO - src.trainer -   {'loss': 0.7451972365379333, 'learning_rate': 1e-06, 'global_step': 12170, 'zo_forward_step': 24342, 'max_steps': 20000, 'max_zo_forward_steps': 0, 'time': 1594, 'eps': 0.001}
03/26/2026 03:43:08 - INFO - src.trainer -   {'loss': 1.4186886548995972, 'learning_rate': 1e-06, 'global_step': 12180, 'zo_forward_step': 24362, 'max_steps': 20000, 'max_zo_forward_steps': 0, 'time': 1595, 'eps': 0.001}
03/26/2026 03:43:09 - INFO - src.trainer -   {'loss': 1.454744577407837, 'learning_rate': 1e-06, 'global_step': 12190, 'zo_forward_step': 24382, 'max_steps': 20000, 'max_zo_forward_steps': 0, 'time': 1596, 'eps': 0.001}
1201it [26:14,  1.56s/it]1212it [26:14,  1.05s/it]03/26/2026 03:43:10 - INFO - src.trainer -   {'eval_loss': 1.4801998138427734, 'eval_acc': 0.375}
03/26/2026 03:43:12 - INFO - src.trainer -   [zo_probe] step=12200 eps=1.000e-03 precision=fp32 n=16 mae=1.576547e+00 rmse=1.906155e+00 sign_acc=1.0000 corr=0.997943
03/26/2026 03:43:12 - INFO - src.trainer -   {'loss': 0.7389545440673828, 'learning_rate': 1e-06, 'global_step': 12200, 'zo_forward_step': 24402, 'max_steps': 20000, 'max_zo_forward_steps': 0, 'time': 1599, 'eps': 0.001}
03/26/2026 03:43:13 - INFO - src.trainer -   {'loss': 1.3889427185058594, 'learning_rate': 1e-06, 'global_step': 12210, 'zo_forward_step': 24422, 'max_steps': 20000, 'max_zo_forward_steps': 0, 'time': 1600, 'eps': 0.001}
03/26/2026 03:43:14 - INFO - src.trainer -   {'loss': 1.4667097330093384, 'learning_rate': 1e-06, 'global_step': 12220, 'zo_forward_step': 24442, 'max_steps': 20000, 'max_zo_forward_steps': 0, 'time': 1602, 'eps': 0.001}
03/26/2026 03:43:15 - INFO - src.trainer -   {'loss': 0.7755432724952698, 'learning_rate': 1e-06, 'global_step': 12230, 'zo_forward_step': 24462, 'max_steps': 20000, 'max_zo_forward_steps': 0, 'time': 1603, 'eps': 0.001}
03/26/2026 03:43:17 - INFO - src.trainer -   {'loss': 1.4296083450317383, 'learning_rate': 1e-06, 'global_step': 12240, 'zo_forward_step': 24482, 'max_steps': 20000, 'max_zo_forward_steps': 0, 'time': 1604, 'eps': 0.001}
03/26/2026 03:43:18 - INFO - src.trainer -   {'loss': 1.4751567840576172, 'learning_rate': 1e-06, 'global_step': 12250, 'zo_forward_step': 24502, 'max_steps': 20000, 'max_zo_forward_steps': 0, 'time': 1605, 'eps': 0.001}
03/26/2026 03:43:19 - INFO - src.trainer -   {'loss': 0.7708892822265625, 'learning_rate': 1e-06, 'global_step': 12260, 'zo_forward_step': 24522, 'max_steps': 20000, 'max_zo_forward_steps': 0, 'time': 1606, 'eps': 0.001}
03/26/2026 03:43:20 - INFO - src.trainer -   {'loss': 1.4492524862289429, 'learning_rate': 1e-06, 'global_step': 12270, 'zo_forward_step': 24542, 'max_steps': 20000, 'max_zo_forward_steps': 0, 'time': 1607, 'eps': 0.001}
03/26/2026 03:43:21 - INFO - src.trainer -   {'loss': 1.4556543827056885, 'learning_rate': 1e-06, 'global_step': 12280, 'zo_forward_step': 24562, 'max_steps': 20000, 'max_zo_forward_steps': 0, 'time': 1609, 'eps': 0.001}
1220it [26:26,  1.05s/it]03/26/2026 03:43:22 - INFO - src.trainer -   {'loss': 0.7508575916290283, 'learning_rate': 1e-06, 'global_step': 12290, 'zo_forward_step': 24582, 'max_steps': 20000, 'max_zo_forward_steps': 0, 'time': 1610, 'eps': 0.001}
03/26/2026 03:43:24 - INFO - src.trainer -   {'loss': 1.3805843591690063, 'learning_rate': 1e-06, 'global_step': 12300, 'zo_forward_step': 24602, 'max_steps': 20000, 'max_zo_forward_steps': 0, 'time': 1612, 'eps': 0.001}
03/26/2026 03:43:26 - INFO - src.trainer -   {'loss': 1.4868431091308594, 'learning_rate': 1e-06, 'global_step': 12310, 'zo_forward_step': 24622, 'max_steps': 20000, 'max_zo_forward_steps': 0, 'time': 1613, 'eps': 0.001}
03/26/2026 03:43:27 - INFO - src.trainer -   {'loss': 0.7440900206565857, 'learning_rate': 1e-06, 'global_step': 12320, 'zo_forward_step': 24642, 'max_steps': 20000, 'max_zo_forward_steps': 0, 'time': 1614, 'eps': 0.001}
03/26/2026 03:43:28 - INFO - src.trainer -   {'loss': 1.3644325733184814, 'learning_rate': 1e-06, 'global_step': 12330, 'zo_forward_step': 24662, 'max_steps': 20000, 'max_zo_forward_steps': 0, 'time': 1615, 'eps': 0.001}
03/26/2026 03:43:29 - INFO - src.trainer -   {'loss': 1.4355789422988892, 'learning_rate': 1e-06, 'global_step': 12340, 'zo_forward_step': 24682, 'max_steps': 20000, 'max_zo_forward_steps': 0, 'time': 1616, 'eps': 0.001}
03/26/2026 03:43:30 - INFO - src.trainer -   {'loss': 0.7949851155281067, 'learning_rate': 1e-06, 'global_step': 12350, 'zo_forward_step': 24702, 'max_steps': 20000, 'max_zo_forward_steps': 0, 'time': 1618, 'eps': 0.001}
03/26/2026 03:43:31 - INFO - src.trainer -   {'loss': 1.404283046722412, 'learning_rate': 1e-06, 'global_step': 12360, 'zo_forward_step': 24722, 'max_steps': 20000, 'max_zo_forward_steps': 0, 'time': 1619, 'eps': 0.001}
03/26/2026 03:43:33 - INFO - src.trainer -   {'loss': 1.452382206916809, 'learning_rate': 1e-06, 'global_step': 12370, 'zo_forward_step': 24742, 'max_steps': 20000, 'max_zo_forward_steps': 0, 'time': 1620, 'eps': 0.001}
03/26/2026 03:43:34 - INFO - src.trainer -   {'loss': 0.7346020340919495, 'learning_rate': 1e-06, 'global_step': 12380, 'zo_forward_step': 24762, 'max_steps': 20000, 'max_zo_forward_steps': 0, 'time': 1621, 'eps': 0.001}
03/26/2026 03:43:35 - INFO - src.trainer -   {'loss': 1.3522053956985474, 'learning_rate': 1e-06, 'global_step': 12390, 'zo_forward_step': 24782, 'max_steps': 20000, 'max_zo_forward_steps': 0, 'time': 1622, 'eps': 0.001}
1221it [26:40,  1.56s/it]1232it [26:40,  1.06s/it]03/26/2026 03:43:36 - INFO - src.trainer -   {'eval_loss': 1.4728387594223022, 'eval_acc': 0.3625}
03/26/2026 03:43:39 - INFO - src.trainer -   [zo_probe] step=12400 eps=1.000e-03 precision=fp32 n=16 mae=2.100531e+00 rmse=2.543233e+00 sign_acc=0.8750 corr=0.997790
03/26/2026 03:43:39 - INFO - src.trainer -   {'loss': 1.4487274885177612, 'learning_rate': 1e-06, 'global_step': 12400, 'zo_forward_step': 24802, 'max_steps': 20000, 'max_zo_forward_steps': 0, 'time': 1626, 'eps': 0.001}
03/26/2026 03:43:40 - INFO - src.trainer -   {'loss': 0.8477908968925476, 'learning_rate': 1e-06, 'global_step': 12410, 'zo_forward_step': 24822, 'max_steps': 20000, 'max_zo_forward_steps': 0, 'time': 1628, 'eps': 0.001}
03/26/2026 03:43:41 - INFO - src.trainer -   {'loss': 1.3812702894210815, 'learning_rate': 1e-06, 'global_step': 12420, 'zo_forward_step': 24842, 'max_steps': 20000, 'max_zo_forward_steps': 0, 'time': 1629, 'eps': 0.001}
03/26/2026 03:43:43 - INFO - src.trainer -   {'loss': 1.4551403522491455, 'learning_rate': 1e-06, 'global_step': 12430, 'zo_forward_step': 24862, 'max_steps': 20000, 'max_zo_forward_steps': 0, 'time': 1630, 'eps': 0.001}
03/26/2026 03:43:44 - INFO - src.trainer -   {'loss': 0.8656516671180725, 'learning_rate': 1e-06, 'global_step': 12440, 'zo_forward_step': 24882, 'max_steps': 20000, 'max_zo_forward_steps': 0, 'time': 1631, 'eps': 0.001}
03/26/2026 03:43:45 - INFO - src.trainer -   {'loss': 1.4482054710388184, 'learning_rate': 1e-06, 'global_step': 12450, 'zo_forward_step': 24902, 'max_steps': 20000, 'max_zo_forward_steps': 0, 'time': 1632, 'eps': 0.001}
03/26/2026 03:43:46 - INFO - src.trainer -   {'loss': 1.4550343751907349, 'learning_rate': 1e-06, 'global_step': 12460, 'zo_forward_step': 24922, 'max_steps': 20000, 'max_zo_forward_steps': 0, 'time': 1633, 'eps': 0.001}
03/26/2026 03:43:47 - INFO - src.trainer -   {'loss': 0.7833765745162964, 'learning_rate': 1e-06, 'global_step': 12470, 'zo_forward_step': 24942, 'max_steps': 20000, 'max_zo_forward_steps': 0, 'time': 1634, 'eps': 0.001}
03/26/2026 03:43:48 - INFO - src.trainer -   {'loss': 1.4281651973724365, 'learning_rate': 1e-06, 'global_step': 12480, 'zo_forward_step': 24962, 'max_steps': 20000, 'max_zo_forward_steps': 0, 'time': 1636, 'eps': 0.001}
03/26/2026 03:43:50 - INFO - src.trainer -   {'loss': 1.4379937648773193, 'learning_rate': 1e-06, 'global_step': 12490, 'zo_forward_step': 24982, 'max_steps': 20000, 'max_zo_forward_steps': 0, 'time': 1637, 'eps': 0.001}
03/26/2026 03:43:51 - INFO - src.trainer -   {'loss': 0.9228283166885376, 'learning_rate': 1e-06, 'global_step': 12500, 'zo_forward_step': 25002, 'max_steps': 20000, 'max_zo_forward_steps': 0, 'time': 1638, 'eps': 0.001}
03/26/2026 03:43:52 - INFO - src.trainer -   {'loss': 1.4847370386123657, 'learning_rate': 1e-06, 'global_step': 12510, 'zo_forward_step': 25022, 'max_steps': 20000, 'max_zo_forward_steps': 0, 'time': 1639, 'eps': 0.001}
1240it [26:56,  1.06s/it]03/26/2026 03:43:53 - INFO - src.trainer -   {'loss': 1.475760579109192, 'learning_rate': 1e-06, 'global_step': 12520, 'zo_forward_step': 25042, 'max_steps': 20000, 'max_zo_forward_steps': 0, 'time': 1640, 'eps': 0.001}
03/26/2026 03:43:54 - INFO - src.trainer -   {'loss': 0.8639978170394897, 'learning_rate': 1e-06, 'global_step': 12530, 'zo_forward_step': 25062, 'max_steps': 20000, 'max_zo_forward_steps': 0, 'time': 1641, 'eps': 0.001}
03/26/2026 03:43:55 - INFO - src.trainer -   {'loss': 1.3280813694000244, 'learning_rate': 1e-06, 'global_step': 12540, 'zo_forward_step': 25082, 'max_steps': 20000, 'max_zo_forward_steps': 0, 'time': 1643, 'eps': 0.001}
03/26/2026 03:43:56 - INFO - src.trainer -   {'loss': 1.382131814956665, 'learning_rate': 1e-06, 'global_step': 12550, 'zo_forward_step': 25102, 'max_steps': 20000, 'max_zo_forward_steps': 0, 'time': 1644, 'eps': 0.001}
03/26/2026 03:43:58 - INFO - src.trainer -   {'loss': 0.9003090262413025, 'learning_rate': 1e-06, 'global_step': 12560, 'zo_forward_step': 25122, 'max_steps': 20000, 'max_zo_forward_steps': 0, 'time': 1645, 'eps': 0.001}
03/26/2026 03:43:59 - INFO - src.trainer -   {'loss': 1.3999336957931519, 'learning_rate': 1e-06, 'global_step': 12570, 'zo_forward_step': 25142, 'max_steps': 20000, 'max_zo_forward_steps': 0, 'time': 1646, 'eps': 0.001}
03/26/2026 03:44:00 - INFO - src.trainer -   {'loss': 1.4168118238449097, 'learning_rate': 1e-06, 'global_step': 12580, 'zo_forward_step': 25162, 'max_steps': 20000, 'max_zo_forward_steps': 0, 'time': 1647, 'eps': 0.001}
03/26/2026 03:44:01 - INFO - src.trainer -   {'loss': 0.9026869535446167, 'learning_rate': 1e-06, 'global_step': 12590, 'zo_forward_step': 25182, 'max_steps': 20000, 'max_zo_forward_steps': 0, 'time': 1648, 'eps': 0.001}
1241it [27:06,  1.56s/it]1252it [27:06,  1.06s/it]03/26/2026 03:44:02 - INFO - src.trainer -   {'eval_loss': 1.4555288553237915, 'eval_acc': 0.4125}
03/26/2026 03:44:02 - INFO - src.trainer -   Best dev result: 0.4125
03/26/2026 03:44:05 - INFO - src.trainer -   [zo_probe] step=12600 eps=1.000e-03 precision=fp32 n=16 mae=2.530051e+00 rmse=3.170572e+00 sign_acc=1.0000 corr=0.995961
03/26/2026 03:44:05 - INFO - src.trainer -   {'loss': 1.3868530988693237, 'learning_rate': 1e-06, 'global_step': 12600, 'zo_forward_step': 25202, 'max_steps': 20000, 'max_zo_forward_steps': 0, 'time': 1653, 'eps': 0.001}
03/26/2026 03:44:07 - INFO - src.trainer -   {'loss': 1.3940849304199219, 'learning_rate': 1e-06, 'global_step': 12610, 'zo_forward_step': 25222, 'max_steps': 20000, 'max_zo_forward_steps': 0, 'time': 1654, 'eps': 0.001}
03/26/2026 03:44:08 - INFO - src.trainer -   {'loss': 0.8470831513404846, 'learning_rate': 1e-06, 'global_step': 12620, 'zo_forward_step': 25242, 'max_steps': 20000, 'max_zo_forward_steps': 0, 'time': 1655, 'eps': 0.001}
03/26/2026 03:44:09 - INFO - src.trainer -   {'loss': 1.4235517978668213, 'learning_rate': 1e-06, 'global_step': 12630, 'zo_forward_step': 25262, 'max_steps': 20000, 'max_zo_forward_steps': 0, 'time': 1656, 'eps': 0.001}
03/26/2026 03:44:10 - INFO - src.trainer -   {'loss': 1.3204907178878784, 'learning_rate': 1e-06, 'global_step': 12640, 'zo_forward_step': 25282, 'max_steps': 20000, 'max_zo_forward_steps': 0, 'time': 1657, 'eps': 0.001}
03/26/2026 03:44:11 - INFO - src.trainer -   {'loss': 0.9124966263771057, 'learning_rate': 1e-06, 'global_step': 12650, 'zo_forward_step': 25302, 'max_steps': 20000, 'max_zo_forward_steps': 0, 'time': 1658, 'eps': 0.001}
1260it [27:16,  1.06s/it]03/26/2026 03:44:12 - INFO - src.trainer -   {'loss': 1.5068013668060303, 'learning_rate': 1e-06, 'global_step': 12660, 'zo_forward_step': 25322, 'max_steps': 20000, 'max_zo_forward_steps': 0, 'time': 1660, 'eps': 0.001}
03/26/2026 03:44:13 - INFO - src.trainer -   {'loss': 1.341538429260254, 'learning_rate': 1e-06, 'global_step': 12670, 'zo_forward_step': 25342, 'max_steps': 20000, 'max_zo_forward_steps': 0, 'time': 1661, 'eps': 0.001}
03/26/2026 03:44:15 - INFO - src.trainer -   {'loss': 0.8452292680740356, 'learning_rate': 1e-06, 'global_step': 12680, 'zo_forward_step': 25362, 'max_steps': 20000, 'max_zo_forward_steps': 0, 'time': 1662, 'eps': 0.001}
03/26/2026 03:44:16 - INFO - src.trainer -   {'loss': 1.355384349822998, 'learning_rate': 1e-06, 'global_step': 12690, 'zo_forward_step': 25382, 'max_steps': 20000, 'max_zo_forward_steps': 0, 'time': 1663, 'eps': 0.001}
03/26/2026 03:44:17 - INFO - src.trainer -   {'loss': 1.3577214479446411, 'learning_rate': 1e-06, 'global_step': 12700, 'zo_forward_step': 25402, 'max_steps': 20000, 'max_zo_forward_steps': 0, 'time': 1664, 'eps': 0.001}
03/26/2026 03:44:18 - INFO - src.trainer -   {'loss': 0.8412811160087585, 'learning_rate': 1e-06, 'global_step': 12710, 'zo_forward_step': 25422, 'max_steps': 20000, 'max_zo_forward_steps': 0, 'time': 1665, 'eps': 0.001}
03/26/2026 03:44:19 - INFO - src.trainer -   {'loss': 1.4511852264404297, 'learning_rate': 1e-06, 'global_step': 12720, 'zo_forward_step': 25442, 'max_steps': 20000, 'max_zo_forward_steps': 0, 'time': 1666, 'eps': 0.001}
03/26/2026 03:44:20 - INFO - src.trainer -   {'loss': 1.39310884475708, 'learning_rate': 1e-06, 'global_step': 12730, 'zo_forward_step': 25462, 'max_steps': 20000, 'max_zo_forward_steps': 0, 'time': 1668, 'eps': 0.001}
03/26/2026 03:44:21 - INFO - src.trainer -   {'loss': 0.9663305282592773, 'learning_rate': 1e-06, 'global_step': 12740, 'zo_forward_step': 25482, 'max_steps': 20000, 'max_zo_forward_steps': 0, 'time': 1669, 'eps': 0.001}
03/26/2026 03:44:23 - INFO - src.trainer -   {'loss': 1.3602607250213623, 'learning_rate': 1e-06, 'global_step': 12750, 'zo_forward_step': 25502, 'max_steps': 20000, 'max_zo_forward_steps': 0, 'time': 1670, 'eps': 0.001}
03/26/2026 03:44:24 - INFO - src.trainer -   {'loss': 1.269316554069519, 'learning_rate': 1e-06, 'global_step': 12760, 'zo_forward_step': 25522, 'max_steps': 20000, 'max_zo_forward_steps': 0, 'time': 1671, 'eps': 0.001}
03/26/2026 03:44:25 - INFO - src.trainer -   {'loss': 0.8369878530502319, 'learning_rate': 1e-06, 'global_step': 12770, 'zo_forward_step': 25542, 'max_steps': 20000, 'max_zo_forward_steps': 0, 'time': 1672, 'eps': 0.001}
03/26/2026 03:44:26 - INFO - src.trainer -   {'loss': 1.4011110067367554, 'learning_rate': 1e-06, 'global_step': 12780, 'zo_forward_step': 25562, 'max_steps': 20000, 'max_zo_forward_steps': 0, 'time': 1673, 'eps': 0.001}
03/26/2026 03:44:27 - INFO - src.trainer -   {'loss': 1.3605536222457886, 'learning_rate': 1e-06, 'global_step': 12790, 'zo_forward_step': 25582, 'max_steps': 20000, 'max_zo_forward_steps': 0, 'time': 1675, 'eps': 0.001}
1261it [27:32,  1.57s/it]1272it [27:32,  1.06s/it]03/26/2026 03:44:28 - INFO - src.trainer -   {'eval_loss': 1.45146644115448, 'eval_acc': 0.4125}
03/26/2026 03:44:31 - INFO - src.trainer -   [zo_probe] step=12800 eps=1.000e-03 precision=fp32 n=16 mae=1.836900e+00 rmse=2.251401e+00 sign_acc=1.0000 corr=0.997673
03/26/2026 03:44:31 - INFO - src.trainer -   {'loss': 0.9192319512367249, 'learning_rate': 1e-06, 'global_step': 12800, 'zo_forward_step': 25602, 'max_steps': 20000, 'max_zo_forward_steps': 0, 'time': 1678, 'eps': 0.001}
03/26/2026 03:44:32 - INFO - src.trainer -   {'loss': 1.4108805656433105, 'learning_rate': 1e-06, 'global_step': 12810, 'zo_forward_step': 25622, 'max_steps': 20000, 'max_zo_forward_steps': 0, 'time': 1679, 'eps': 0.001}
03/26/2026 03:44:33 - INFO - src.trainer -   {'loss': 1.3711975812911987, 'learning_rate': 1e-06, 'global_step': 12820, 'zo_forward_step': 25642, 'max_steps': 20000, 'max_zo_forward_steps': 0, 'time': 1680, 'eps': 0.001}
03/26/2026 03:44:34 - INFO - src.trainer -   {'loss': 0.7790374755859375, 'learning_rate': 1e-06, 'global_step': 12830, 'zo_forward_step': 25662, 'max_steps': 20000, 'max_zo_forward_steps': 0, 'time': 1681, 'eps': 0.001}
03/26/2026 03:44:35 - INFO - src.trainer -   {'loss': 1.4619488716125488, 'learning_rate': 1e-06, 'global_step': 12840, 'zo_forward_step': 25682, 'max_steps': 20000, 'max_zo_forward_steps': 0, 'time': 1683, 'eps': 0.001}
03/26/2026 03:44:37 - INFO - src.trainer -   {'loss': 1.3770480155944824, 'learning_rate': 1e-06, 'global_step': 12850, 'zo_forward_step': 25702, 'max_steps': 20000, 'max_zo_forward_steps': 0, 'time': 1684, 'eps': 0.001}
03/26/2026 03:44:38 - INFO - src.trainer -   {'loss': 0.8054009079933167, 'learning_rate': 1e-06, 'global_step': 12860, 'zo_forward_step': 25722, 'max_steps': 20000, 'max_zo_forward_steps': 0, 'time': 1685, 'eps': 0.001}
03/26/2026 03:44:39 - INFO - src.trainer -   {'loss': 1.3744200468063354, 'learning_rate': 1e-06, 'global_step': 12870, 'zo_forward_step': 25742, 'max_steps': 20000, 'max_zo_forward_steps': 0, 'time': 1686, 'eps': 0.001}
03/26/2026 03:44:40 - INFO - src.trainer -   {'loss': 1.359704613685608, 'learning_rate': 1e-06, 'global_step': 12880, 'zo_forward_step': 25762, 'max_steps': 20000, 'max_zo_forward_steps': 0, 'time': 1687, 'eps': 0.001}
03/26/2026 03:44:41 - INFO - src.trainer -   {'loss': 0.7868047952651978, 'learning_rate': 1e-06, 'global_step': 12890, 'zo_forward_step': 25782, 'max_steps': 20000, 'max_zo_forward_steps': 0, 'time': 1688, 'eps': 0.001}
1280it [27:46,  1.06s/it]03/26/2026 03:44:42 - INFO - src.trainer -   {'loss': 1.3850709199905396, 'learning_rate': 1e-06, 'global_step': 12900, 'zo_forward_step': 25802, 'max_steps': 20000, 'max_zo_forward_steps': 0, 'time': 1690, 'eps': 0.001}
03/26/2026 03:44:43 - INFO - src.trainer -   {'loss': 1.3503533601760864, 'learning_rate': 1e-06, 'global_step': 12910, 'zo_forward_step': 25822, 'max_steps': 20000, 'max_zo_forward_steps': 0, 'time': 1691, 'eps': 0.001}
03/26/2026 03:44:45 - INFO - src.trainer -   {'loss': 0.770882248878479, 'learning_rate': 1e-06, 'global_step': 12920, 'zo_forward_step': 25842, 'max_steps': 20000, 'max_zo_forward_steps': 0, 'time': 1692, 'eps': 0.001}
03/26/2026 03:44:46 - INFO - src.trainer -   {'loss': 1.4351727962493896, 'learning_rate': 1e-06, 'global_step': 12930, 'zo_forward_step': 25862, 'max_steps': 20000, 'max_zo_forward_steps': 0, 'time': 1693, 'eps': 0.001}
03/26/2026 03:44:47 - INFO - src.trainer -   {'loss': 1.3136017322540283, 'learning_rate': 1e-06, 'global_step': 12940, 'zo_forward_step': 25882, 'max_steps': 20000, 'max_zo_forward_steps': 0, 'time': 1694, 'eps': 0.001}
03/26/2026 03:44:48 - INFO - src.trainer -   {'loss': 0.854541003704071, 'learning_rate': 1e-06, 'global_step': 12950, 'zo_forward_step': 25902, 'max_steps': 20000, 'max_zo_forward_steps': 0, 'time': 1695, 'eps': 0.001}
03/26/2026 03:44:49 - INFO - src.trainer -   {'loss': 1.3506593704223633, 'learning_rate': 1e-06, 'global_step': 12960, 'zo_forward_step': 25922, 'max_steps': 20000, 'max_zo_forward_steps': 0, 'time': 1697, 'eps': 0.001}
03/26/2026 03:44:50 - INFO - src.trainer -   {'loss': 1.32619309425354, 'learning_rate': 1e-06, 'global_step': 12970, 'zo_forward_step': 25942, 'max_steps': 20000, 'max_zo_forward_steps': 0, 'time': 1698, 'eps': 0.001}
03/26/2026 03:44:52 - INFO - src.trainer -   {'loss': 0.8696743845939636, 'learning_rate': 1e-06, 'global_step': 12980, 'zo_forward_step': 25962, 'max_steps': 20000, 'max_zo_forward_steps': 0, 'time': 1699, 'eps': 0.001}
03/26/2026 03:44:53 - INFO - src.trainer -   {'loss': 1.3600938320159912, 'learning_rate': 1e-06, 'global_step': 12990, 'zo_forward_step': 25982, 'max_steps': 20000, 'max_zo_forward_steps': 0, 'time': 1700, 'eps': 0.001}
1281it [27:58,  1.54s/it]1292it [27:58,  1.05s/it]03/26/2026 03:44:54 - INFO - src.trainer -   {'eval_loss': 1.4513170719146729, 'eval_acc': 0.4}
03/26/2026 03:44:57 - INFO - src.trainer -   [zo_probe] step=13000 eps=1.000e-03 precision=fp32 n=16 mae=1.569021e+00 rmse=1.927422e+00 sign_acc=1.0000 corr=0.998992
03/26/2026 03:44:57 - INFO - src.trainer -   {'loss': 1.361341953277588, 'learning_rate': 1e-06, 'global_step': 13000, 'zo_forward_step': 26002, 'max_steps': 20000, 'max_zo_forward_steps': 0, 'time': 1704, 'eps': 0.001}
03/26/2026 03:44:58 - INFO - src.trainer -   {'loss': 0.8157778978347778, 'learning_rate': 1e-06, 'global_step': 13010, 'zo_forward_step': 26022, 'max_steps': 20000, 'max_zo_forward_steps': 0, 'time': 1705, 'eps': 0.001}
03/26/2026 03:44:59 - INFO - src.trainer -   {'loss': 1.3857040405273438, 'learning_rate': 1e-06, 'global_step': 13020, 'zo_forward_step': 26042, 'max_steps': 20000, 'max_zo_forward_steps': 0, 'time': 1707, 'eps': 0.001}
03/26/2026 03:45:00 - INFO - src.trainer -   {'loss': 1.395908236503601, 'learning_rate': 1e-06, 'global_step': 13030, 'zo_forward_step': 26062, 'max_steps': 20000, 'max_zo_forward_steps': 0, 'time': 1708, 'eps': 0.001}
03/26/2026 03:45:02 - INFO - src.trainer -   {'loss': 0.8355054259300232, 'learning_rate': 1e-06, 'global_step': 13040, 'zo_forward_step': 26082, 'max_steps': 20000, 'max_zo_forward_steps': 0, 'time': 1709, 'eps': 0.001}
03/26/2026 03:45:03 - INFO - src.trainer -   {'loss': 1.3697315454483032, 'learning_rate': 1e-06, 'global_step': 13050, 'zo_forward_step': 26102, 'max_steps': 20000, 'max_zo_forward_steps': 0, 'time': 1710, 'eps': 0.001}
03/26/2026 03:45:04 - INFO - src.trainer -   {'loss': 1.253326654434204, 'learning_rate': 1e-06, 'global_step': 13060, 'zo_forward_step': 26122, 'max_steps': 20000, 'max_zo_forward_steps': 0, 'time': 1711, 'eps': 0.001}
03/26/2026 03:45:05 - INFO - src.trainer -   {'loss': 0.8466744422912598, 'learning_rate': 1e-06, 'global_step': 13070, 'zo_forward_step': 26142, 'max_steps': 20000, 'max_zo_forward_steps': 0, 'time': 1712, 'eps': 0.001}
03/26/2026 03:45:06 - INFO - src.trainer -   {'loss': 1.391023874282837, 'learning_rate': 1e-06, 'global_step': 13080, 'zo_forward_step': 26162, 'max_steps': 20000, 'max_zo_forward_steps': 0, 'time': 1714, 'eps': 0.001}
03/26/2026 03:45:07 - INFO - src.trainer -   {'loss': 1.3096779584884644, 'learning_rate': 1e-06, 'global_step': 13090, 'zo_forward_step': 26182, 'max_steps': 20000, 'max_zo_forward_steps': 0, 'time': 1715, 'eps': 0.001}
03/26/2026 03:45:09 - INFO - src.trainer -   {'loss': 0.8014445900917053, 'learning_rate': 1e-06, 'global_step': 13100, 'zo_forward_step': 26202, 'max_steps': 20000, 'max_zo_forward_steps': 0, 'time': 1716, 'eps': 0.001}
03/26/2026 03:45:10 - INFO - src.trainer -   {'loss': 1.3803712129592896, 'learning_rate': 1e-06, 'global_step': 13110, 'zo_forward_step': 26222, 'max_steps': 20000, 'max_zo_forward_steps': 0, 'time': 1717, 'eps': 0.001}
03/26/2026 03:45:11 - INFO - src.trainer -   {'loss': 1.412604570388794, 'learning_rate': 1e-06, 'global_step': 13120, 'zo_forward_step': 26242, 'max_steps': 20000, 'max_zo_forward_steps': 0, 'time': 1718, 'eps': 0.001}
03/26/2026 03:45:12 - INFO - src.trainer -   {'loss': 0.7617013454437256, 'learning_rate': 1e-06, 'global_step': 13130, 'zo_forward_step': 26262, 'max_steps': 20000, 'max_zo_forward_steps': 0, 'time': 1719, 'eps': 0.001}
1300it [28:16,  1.05s/it]03/26/2026 03:45:13 - INFO - src.trainer -   {'loss': 1.4266012907028198, 'learning_rate': 1e-06, 'global_step': 13140, 'zo_forward_step': 26282, 'max_steps': 20000, 'max_zo_forward_steps': 0, 'time': 1720, 'eps': 0.001}
03/26/2026 03:45:14 - INFO - src.trainer -   {'loss': 1.4652405977249146, 'learning_rate': 1e-06, 'global_step': 13150, 'zo_forward_step': 26302, 'max_steps': 20000, 'max_zo_forward_steps': 0, 'time': 1722, 'eps': 0.001}
03/26/2026 03:45:15 - INFO - src.trainer -   {'loss': 0.8342897891998291, 'learning_rate': 1e-06, 'global_step': 13160, 'zo_forward_step': 26322, 'max_steps': 20000, 'max_zo_forward_steps': 0, 'time': 1723, 'eps': 0.001}
03/26/2026 03:45:17 - INFO - src.trainer -   {'loss': 1.4508506059646606, 'learning_rate': 1e-06, 'global_step': 13170, 'zo_forward_step': 26342, 'max_steps': 20000, 'max_zo_forward_steps': 0, 'time': 1724, 'eps': 0.001}
03/26/2026 03:45:18 - INFO - src.trainer -   {'loss': 1.355469822883606, 'learning_rate': 1e-06, 'global_step': 13180, 'zo_forward_step': 26362, 'max_steps': 20000, 'max_zo_forward_steps': 0, 'time': 1725, 'eps': 0.001}
03/26/2026 03:45:19 - INFO - src.trainer -   {'loss': 0.798831582069397, 'learning_rate': 1e-06, 'global_step': 13190, 'zo_forward_step': 26382, 'max_steps': 20000, 'max_zo_forward_steps': 0, 'time': 1726, 'eps': 0.001}
1301it [28:24,  1.56s/it]1312it [28:24,  1.06s/it]03/26/2026 03:45:20 - INFO - src.trainer -   {'eval_loss': 1.4400959014892578, 'eval_acc': 0.375}
03/26/2026 03:45:23 - INFO - src.trainer -   [zo_probe] step=13200 eps=1.000e-03 precision=fp32 n=16 mae=2.226535e+00 rmse=2.674104e+00 sign_acc=0.8125 corr=0.995274
03/26/2026 03:45:23 - INFO - src.trainer -   {'loss': 1.417920470237732, 'learning_rate': 1e-06, 'global_step': 13200, 'zo_forward_step': 26402, 'max_steps': 20000, 'max_zo_forward_steps': 0, 'time': 1731, 'eps': 0.001}
03/26/2026 03:45:24 - INFO - src.trainer -   {'loss': 1.4085533618927002, 'learning_rate': 1e-06, 'global_step': 13210, 'zo_forward_step': 26422, 'max_steps': 20000, 'max_zo_forward_steps': 0, 'time': 1732, 'eps': 0.001}
03/26/2026 03:45:26 - INFO - src.trainer -   {'loss': 0.8387876749038696, 'learning_rate': 1e-06, 'global_step': 13220, 'zo_forward_step': 26442, 'max_steps': 20000, 'max_zo_forward_steps': 0, 'time': 1733, 'eps': 0.001}
03/26/2026 03:45:27 - INFO - src.trainer -   {'loss': 1.373689889907837, 'learning_rate': 1e-06, 'global_step': 13230, 'zo_forward_step': 26462, 'max_steps': 20000, 'max_zo_forward_steps': 0, 'time': 1734, 'eps': 0.001}
03/26/2026 03:45:28 - INFO - src.trainer -   {'loss': 1.3826730251312256, 'learning_rate': 1e-06, 'global_step': 13240, 'zo_forward_step': 26482, 'max_steps': 20000, 'max_zo_forward_steps': 0, 'time': 1735, 'eps': 0.001}
03/26/2026 03:45:29 - INFO - src.trainer -   {'loss': 0.7846258282661438, 'learning_rate': 1e-06, 'global_step': 13250, 'zo_forward_step': 26502, 'max_steps': 20000, 'max_zo_forward_steps': 0, 'time': 1736, 'eps': 0.001}
03/26/2026 03:45:30 - INFO - src.trainer -   {'loss': 1.4168399572372437, 'learning_rate': 1e-06, 'global_step': 13260, 'zo_forward_step': 26522, 'max_steps': 20000, 'max_zo_forward_steps': 0, 'time': 1738, 'eps': 0.001}
03/26/2026 03:45:31 - INFO - src.trainer -   {'loss': 1.4356317520141602, 'learning_rate': 1e-06, 'global_step': 13270, 'zo_forward_step': 26542, 'max_steps': 20000, 'max_zo_forward_steps': 0, 'time': 1739, 'eps': 0.001}
1320it [28:36,  1.06s/it]03/26/2026 03:45:33 - INFO - src.trainer -   {'loss': 0.7631068825721741, 'learning_rate': 1e-06, 'global_step': 13280, 'zo_forward_step': 26562, 'max_steps': 20000, 'max_zo_forward_steps': 0, 'time': 1740, 'eps': 0.001}
03/26/2026 03:45:34 - INFO - src.trainer -   {'loss': 1.336580753326416, 'learning_rate': 1e-06, 'global_step': 13290, 'zo_forward_step': 26582, 'max_steps': 20000, 'max_zo_forward_steps': 0, 'time': 1741, 'eps': 0.001}
03/26/2026 03:45:35 - INFO - src.trainer -   {'loss': 1.3842982053756714, 'learning_rate': 1e-06, 'global_step': 13300, 'zo_forward_step': 26602, 'max_steps': 20000, 'max_zo_forward_steps': 0, 'time': 1742, 'eps': 0.001}
03/26/2026 03:45:36 - INFO - src.trainer -   {'loss': 0.7844367027282715, 'learning_rate': 1e-06, 'global_step': 13310, 'zo_forward_step': 26622, 'max_steps': 20000, 'max_zo_forward_steps': 0, 'time': 1743, 'eps': 0.001}
03/26/2026 03:45:37 - INFO - src.trainer -   {'loss': 1.3975313901901245, 'learning_rate': 1e-06, 'global_step': 13320, 'zo_forward_step': 26642, 'max_steps': 20000, 'max_zo_forward_steps': 0, 'time': 1745, 'eps': 0.001}
03/26/2026 03:45:38 - INFO - src.trainer -   {'loss': 1.3515253067016602, 'learning_rate': 1e-06, 'global_step': 13330, 'zo_forward_step': 26662, 'max_steps': 20000, 'max_zo_forward_steps': 0, 'time': 1746, 'eps': 0.001}
03/26/2026 03:45:40 - INFO - src.trainer -   {'loss': 0.7408182621002197, 'learning_rate': 1e-06, 'global_step': 13340, 'zo_forward_step': 26682, 'max_steps': 20000, 'max_zo_forward_steps': 0, 'time': 1747, 'eps': 0.001}
03/26/2026 03:45:41 - INFO - src.trainer -   {'loss': 1.3258589506149292, 'learning_rate': 1e-06, 'global_step': 13350, 'zo_forward_step': 26702, 'max_steps': 20000, 'max_zo_forward_steps': 0, 'time': 1748, 'eps': 0.001}
03/26/2026 03:45:42 - INFO - src.trainer -   {'loss': 1.298795461654663, 'learning_rate': 1e-06, 'global_step': 13360, 'zo_forward_step': 26722, 'max_steps': 20000, 'max_zo_forward_steps': 0, 'time': 1749, 'eps': 0.001}
03/26/2026 03:45:43 - INFO - src.trainer -   {'loss': 0.7741667628288269, 'learning_rate': 1e-06, 'global_step': 13370, 'zo_forward_step': 26742, 'max_steps': 20000, 'max_zo_forward_steps': 0, 'time': 1750, 'eps': 0.001}
03/26/2026 03:45:44 - INFO - src.trainer -   {'loss': 1.3449122905731201, 'learning_rate': 1e-06, 'global_step': 13380, 'zo_forward_step': 26762, 'max_steps': 20000, 'max_zo_forward_steps': 0, 'time': 1752, 'eps': 0.001}
03/26/2026 03:45:45 - INFO - src.trainer -   {'loss': 1.375438928604126, 'learning_rate': 1e-06, 'global_step': 13390, 'zo_forward_step': 26782, 'max_steps': 20000, 'max_zo_forward_steps': 0, 'time': 1753, 'eps': 0.001}
1321it [28:50,  1.57s/it]1332it [28:51,  1.06s/it]03/26/2026 03:45:47 - INFO - src.trainer -   {'eval_loss': 1.4442651271820068, 'eval_acc': 0.4125}
03/26/2026 03:45:49 - INFO - src.trainer -   [zo_probe] step=13400 eps=1.000e-03 precision=fp32 n=16 mae=1.529545e+00 rmse=1.963565e+00 sign_acc=1.0000 corr=0.998720
03/26/2026 03:45:49 - INFO - src.trainer -   {'loss': 0.8500415682792664, 'learning_rate': 1e-06, 'global_step': 13400, 'zo_forward_step': 26802, 'max_steps': 20000, 'max_zo_forward_steps': 0, 'time': 1756, 'eps': 0.001}
03/26/2026 03:45:50 - INFO - src.trainer -   {'loss': 1.38386869430542, 'learning_rate': 1e-06, 'global_step': 13410, 'zo_forward_step': 26822, 'max_steps': 20000, 'max_zo_forward_steps': 0, 'time': 1757, 'eps': 0.001}
03/26/2026 03:45:51 - INFO - src.trainer -   {'loss': 1.4016894102096558, 'learning_rate': 1e-06, 'global_step': 13420, 'zo_forward_step': 26842, 'max_steps': 20000, 'max_zo_forward_steps': 0, 'time': 1758, 'eps': 0.001}
03/26/2026 03:45:52 - INFO - src.trainer -   {'loss': 0.6705789566040039, 'learning_rate': 1e-06, 'global_step': 13430, 'zo_forward_step': 26862, 'max_steps': 20000, 'max_zo_forward_steps': 0, 'time': 1759, 'eps': 0.001}
03/26/2026 03:45:53 - INFO - src.trainer -   {'loss': 1.3881568908691406, 'learning_rate': 1e-06, 'global_step': 13440, 'zo_forward_step': 26882, 'max_steps': 20000, 'max_zo_forward_steps': 0, 'time': 1761, 'eps': 0.001}
03/26/2026 03:45:55 - INFO - src.trainer -   {'loss': 1.3619234561920166, 'learning_rate': 1e-06, 'global_step': 13450, 'zo_forward_step': 26902, 'max_steps': 20000, 'max_zo_forward_steps': 0, 'time': 1762, 'eps': 0.001}
03/26/2026 03:45:56 - INFO - src.trainer -   {'loss': 0.8076037168502808, 'learning_rate': 1e-06, 'global_step': 13460, 'zo_forward_step': 26922, 'max_steps': 20000, 'max_zo_forward_steps': 0, 'time': 1763, 'eps': 0.001}
03/26/2026 03:45:57 - INFO - src.trainer -   {'loss': 1.3764805793762207, 'learning_rate': 1e-06, 'global_step': 13470, 'zo_forward_step': 26942, 'max_steps': 20000, 'max_zo_forward_steps': 0, 'time': 1764, 'eps': 0.001}
03/26/2026 03:45:58 - INFO - src.trainer -   {'loss': 1.3347444534301758, 'learning_rate': 1e-06, 'global_step': 13480, 'zo_forward_step': 26962, 'max_steps': 20000, 'max_zo_forward_steps': 0, 'time': 1765, 'eps': 0.001}
03/26/2026 03:45:59 - INFO - src.trainer -   {'loss': 0.7832308411598206, 'learning_rate': 1e-06, 'global_step': 13490, 'zo_forward_step': 26982, 'max_steps': 20000, 'max_zo_forward_steps': 0, 'time': 1766, 'eps': 0.001}
03/26/2026 03:46:00 - INFO - src.trainer -   {'loss': 1.438272476196289, 'learning_rate': 1e-06, 'global_step': 13500, 'zo_forward_step': 27002, 'max_steps': 20000, 'max_zo_forward_steps': 0, 'time': 1768, 'eps': 0.001}
03/26/2026 03:46:01 - INFO - src.trainer -   {'loss': 1.3776516914367676, 'learning_rate': 1e-06, 'global_step': 13510, 'zo_forward_step': 27022, 'max_steps': 20000, 'max_zo_forward_steps': 0, 'time': 1769, 'eps': 0.001}
1340it [29:06,  1.06s/it]03/26/2026 03:46:03 - INFO - src.trainer -   {'loss': 0.7267499566078186, 'learning_rate': 1e-06, 'global_step': 13520, 'zo_forward_step': 27042, 'max_steps': 20000, 'max_zo_forward_steps': 0, 'time': 1770, 'eps': 0.001}
03/26/2026 03:46:04 - INFO - src.trainer -   {'loss': 1.4235858917236328, 'learning_rate': 1e-06, 'global_step': 13530, 'zo_forward_step': 27062, 'max_steps': 20000, 'max_zo_forward_steps': 0, 'time': 1771, 'eps': 0.001}
03/26/2026 03:46:05 - INFO - src.trainer -   {'loss': 1.4230401515960693, 'learning_rate': 1e-06, 'global_step': 13540, 'zo_forward_step': 27082, 'max_steps': 20000, 'max_zo_forward_steps': 0, 'time': 1772, 'eps': 0.001}
03/26/2026 03:46:06 - INFO - src.trainer -   {'loss': 0.7155091166496277, 'learning_rate': 1e-06, 'global_step': 13550, 'zo_forward_step': 27102, 'max_steps': 20000, 'max_zo_forward_steps': 0, 'time': 1773, 'eps': 0.001}
03/26/2026 03:46:07 - INFO - src.trainer -   {'loss': 1.3633596897125244, 'learning_rate': 1e-06, 'global_step': 13560, 'zo_forward_step': 27122, 'max_steps': 20000, 'max_zo_forward_steps': 0, 'time': 1774, 'eps': 0.001}
03/26/2026 03:46:08 - INFO - src.trainer -   {'loss': 1.2884026765823364, 'learning_rate': 1e-06, 'global_step': 13570, 'zo_forward_step': 27142, 'max_steps': 20000, 'max_zo_forward_steps': 0, 'time': 1776, 'eps': 0.001}
03/26/2026 03:46:09 - INFO - src.trainer -   {'loss': 0.7986565232276917, 'learning_rate': 1e-06, 'global_step': 13580, 'zo_forward_step': 27162, 'max_steps': 20000, 'max_zo_forward_steps': 0, 'time': 1777, 'eps': 0.001}
03/26/2026 03:46:11 - INFO - src.trainer -   {'loss': 1.3608514070510864, 'learning_rate': 1e-06, 'global_step': 13590, 'zo_forward_step': 27182, 'max_steps': 20000, 'max_zo_forward_steps': 0, 'time': 1778, 'eps': 0.001}
1341it [29:16,  1.54s/it]1352it [29:16,  1.04s/it]03/26/2026 03:46:12 - INFO - src.trainer -   {'eval_loss': 1.436208963394165, 'eval_acc': 0.4375}
03/26/2026 03:46:12 - INFO - src.trainer -   Best dev result: 0.4375
03/26/2026 03:46:15 - INFO - src.trainer -   [zo_probe] step=13600 eps=1.000e-03 precision=fp32 n=16 mae=1.597110e+00 rmse=2.308933e+00 sign_acc=1.0000 corr=0.998515
03/26/2026 03:46:15 - INFO - src.trainer -   {'loss': 1.3138465881347656, 'learning_rate': 1e-06, 'global_step': 13600, 'zo_forward_step': 27202, 'max_steps': 20000, 'max_zo_forward_steps': 0, 'time': 1782, 'eps': 0.001}
03/26/2026 03:46:16 - INFO - src.trainer -   {'loss': 0.7865780591964722, 'learning_rate': 1e-06, 'global_step': 13610, 'zo_forward_step': 27222, 'max_steps': 20000, 'max_zo_forward_steps': 0, 'time': 1784, 'eps': 0.001}
03/26/2026 03:46:18 - INFO - src.trainer -   {'loss': 1.342568039894104, 'learning_rate': 1e-06, 'global_step': 13620, 'zo_forward_step': 27242, 'max_steps': 20000, 'max_zo_forward_steps': 0, 'time': 1785, 'eps': 0.001}
03/26/2026 03:46:20 - INFO - src.trainer -   {'loss': 1.2882094383239746, 'learning_rate': 1e-06, 'global_step': 13630, 'zo_forward_step': 27262, 'max_steps': 20000, 'max_zo_forward_steps': 0, 'time': 1787, 'eps': 0.001}
03/26/2026 03:46:21 - INFO - src.trainer -   {'loss': 0.8666800856590271, 'learning_rate': 1e-06, 'global_step': 13640, 'zo_forward_step': 27282, 'max_steps': 20000, 'max_zo_forward_steps': 0, 'time': 1788, 'eps': 0.001}
03/26/2026 03:46:22 - INFO - src.trainer -   {'loss': 1.4583576917648315, 'learning_rate': 1e-06, 'global_step': 13650, 'zo_forward_step': 27302, 'max_steps': 20000, 'max_zo_forward_steps': 0, 'time': 1789, 'eps': 0.001}
1360it [29:26,  1.04s/it]03/26/2026 03:46:23 - INFO - src.trainer -   {'loss': 1.3721083402633667, 'learning_rate': 1e-06, 'global_step': 13660, 'zo_forward_step': 27322, 'max_steps': 20000, 'max_zo_forward_steps': 0, 'time': 1790, 'eps': 0.001}
03/26/2026 03:46:24 - INFO - src.trainer -   {'loss': 0.7617446780204773, 'learning_rate': 1e-06, 'global_step': 13670, 'zo_forward_step': 27342, 'max_steps': 20000, 'max_zo_forward_steps': 0, 'time': 1792, 'eps': 0.001}
03/26/2026 03:46:25 - INFO - src.trainer -   {'loss': 1.471626877784729, 'learning_rate': 1e-06, 'global_step': 13680, 'zo_forward_step': 27362, 'max_steps': 20000, 'max_zo_forward_steps': 0, 'time': 1793, 'eps': 0.001}
03/26/2026 03:46:27 - INFO - src.trainer -   {'loss': 1.275745153427124, 'learning_rate': 1e-06, 'global_step': 13690, 'zo_forward_step': 27382, 'max_steps': 20000, 'max_zo_forward_steps': 0, 'time': 1794, 'eps': 0.001}
03/26/2026 03:46:28 - INFO - src.trainer -   {'loss': 0.8664069771766663, 'learning_rate': 1e-06, 'global_step': 13700, 'zo_forward_step': 27402, 'max_steps': 20000, 'max_zo_forward_steps': 0, 'time': 1795, 'eps': 0.001}
03/26/2026 03:46:29 - INFO - src.trainer -   {'loss': 1.3875048160552979, 'learning_rate': 1e-06, 'global_step': 13710, 'zo_forward_step': 27422, 'max_steps': 20000, 'max_zo_forward_steps': 0, 'time': 1796, 'eps': 0.001}
03/26/2026 03:46:30 - INFO - src.trainer -   {'loss': 1.4003881216049194, 'learning_rate': 1e-06, 'global_step': 13720, 'zo_forward_step': 27442, 'max_steps': 20000, 'max_zo_forward_steps': 0, 'time': 1797, 'eps': 0.001}
03/26/2026 03:46:31 - INFO - src.trainer -   {'loss': 0.7995446920394897, 'learning_rate': 1e-06, 'global_step': 13730, 'zo_forward_step': 27462, 'max_steps': 20000, 'max_zo_forward_steps': 0, 'time': 1799, 'eps': 0.001}
03/26/2026 03:46:32 - INFO - src.trainer -   {'loss': 1.488564372062683, 'learning_rate': 1e-06, 'global_step': 13740, 'zo_forward_step': 27482, 'max_steps': 20000, 'max_zo_forward_steps': 0, 'time': 1800, 'eps': 0.001}
03/26/2026 03:46:34 - INFO - src.trainer -   {'loss': 1.244688868522644, 'learning_rate': 1e-06, 'global_step': 13750, 'zo_forward_step': 27502, 'max_steps': 20000, 'max_zo_forward_steps': 0, 'time': 1801, 'eps': 0.001}
03/26/2026 03:46:37 - INFO - src.trainer -   {'loss': 0.8075257539749146, 'learning_rate': 1e-06, 'global_step': 13760, 'zo_forward_step': 27522, 'max_steps': 20000, 'max_zo_forward_steps': 0, 'time': 1805, 'eps': 0.001}
03/26/2026 03:46:39 - INFO - src.trainer -   {'loss': 1.4345523118972778, 'learning_rate': 1e-06, 'global_step': 13770, 'zo_forward_step': 27542, 'max_steps': 20000, 'max_zo_forward_steps': 0, 'time': 1806, 'eps': 0.001}
03/26/2026 03:46:40 - INFO - src.trainer -   {'loss': 1.3058680295944214, 'learning_rate': 1e-06, 'global_step': 13780, 'zo_forward_step': 27562, 'max_steps': 20000, 'max_zo_forward_steps': 0, 'time': 1807, 'eps': 0.001}
03/26/2026 03:46:41 - INFO - src.trainer -   {'loss': 0.77128666639328, 'learning_rate': 1e-06, 'global_step': 13790, 'zo_forward_step': 27582, 'max_steps': 20000, 'max_zo_forward_steps': 0, 'time': 1808, 'eps': 0.001}
1361it [29:46,  1.67s/it]1372it [29:46,  1.13s/it]03/26/2026 03:46:42 - INFO - src.trainer -   {'eval_loss': 1.4341589212417603, 'eval_acc': 0.45}
03/26/2026 03:46:42 - INFO - src.trainer -   Best dev result: 0.45
03/26/2026 03:46:45 - INFO - src.trainer -   [zo_probe] step=13800 eps=1.000e-03 precision=fp32 n=16 mae=2.003657e+00 rmse=2.585310e+00 sign_acc=1.0000 corr=0.997787
03/26/2026 03:46:45 - INFO - src.trainer -   {'loss': 1.3897265195846558, 'learning_rate': 1e-06, 'global_step': 13800, 'zo_forward_step': 27602, 'max_steps': 20000, 'max_zo_forward_steps': 0, 'time': 1813, 'eps': 0.001}
03/26/2026 03:46:46 - INFO - src.trainer -   {'loss': 1.3338772058486938, 'learning_rate': 1e-06, 'global_step': 13810, 'zo_forward_step': 27622, 'max_steps': 20000, 'max_zo_forward_steps': 0, 'time': 1814, 'eps': 0.001}
03/26/2026 03:46:48 - INFO - src.trainer -   {'loss': 0.7776759266853333, 'learning_rate': 1e-06, 'global_step': 13820, 'zo_forward_step': 27642, 'max_steps': 20000, 'max_zo_forward_steps': 0, 'time': 1815, 'eps': 0.001}
03/26/2026 03:46:49 - INFO - src.trainer -   {'loss': 1.4201161861419678, 'learning_rate': 1e-06, 'global_step': 13830, 'zo_forward_step': 27662, 'max_steps': 20000, 'max_zo_forward_steps': 0, 'time': 1816, 'eps': 0.001}
03/26/2026 03:46:50 - INFO - src.trainer -   {'loss': 1.25645911693573, 'learning_rate': 1e-06, 'global_step': 13840, 'zo_forward_step': 27682, 'max_steps': 20000, 'max_zo_forward_steps': 0, 'time': 1817, 'eps': 0.001}
03/26/2026 03:46:51 - INFO - src.trainer -   {'loss': 0.8044091463088989, 'learning_rate': 1e-06, 'global_step': 13850, 'zo_forward_step': 27702, 'max_steps': 20000, 'max_zo_forward_steps': 0, 'time': 1818, 'eps': 0.001}
03/26/2026 03:46:52 - INFO - src.trainer -   {'loss': 1.4279018640518188, 'learning_rate': 1e-06, 'global_step': 13860, 'zo_forward_step': 27722, 'max_steps': 20000, 'max_zo_forward_steps': 0, 'time': 1819, 'eps': 0.001}
1380it [29:56,  1.13s/it]03/26/2026 03:46:53 - INFO - src.trainer -   {'loss': 1.3623908758163452, 'learning_rate': 1e-06, 'global_step': 13870, 'zo_forward_step': 27742, 'max_steps': 20000, 'max_zo_forward_steps': 0, 'time': 1821, 'eps': 0.001}
03/26/2026 03:46:54 - INFO - src.trainer -   {'loss': 0.7617260217666626, 'learning_rate': 1e-06, 'global_step': 13880, 'zo_forward_step': 27762, 'max_steps': 20000, 'max_zo_forward_steps': 0, 'time': 1822, 'eps': 0.001}
03/26/2026 03:46:56 - INFO - src.trainer -   {'loss': 1.3684996366500854, 'learning_rate': 1e-06, 'global_step': 13890, 'zo_forward_step': 27782, 'max_steps': 20000, 'max_zo_forward_steps': 0, 'time': 1823, 'eps': 0.001}
03/26/2026 03:46:57 - INFO - src.trainer -   {'loss': 1.2642394304275513, 'learning_rate': 1e-06, 'global_step': 13900, 'zo_forward_step': 27802, 'max_steps': 20000, 'max_zo_forward_steps': 0, 'time': 1824, 'eps': 0.001}
03/26/2026 03:46:58 - INFO - src.trainer -   {'loss': 0.7775687575340271, 'learning_rate': 1e-06, 'global_step': 13910, 'zo_forward_step': 27822, 'max_steps': 20000, 'max_zo_forward_steps': 0, 'time': 1825, 'eps': 0.001}
03/26/2026 03:46:59 - INFO - src.trainer -   {'loss': 1.3639676570892334, 'learning_rate': 1e-06, 'global_step': 13920, 'zo_forward_step': 27842, 'max_steps': 20000, 'max_zo_forward_steps': 0, 'time': 1826, 'eps': 0.001}
03/26/2026 03:47:00 - INFO - src.trainer -   {'loss': 1.2573425769805908, 'learning_rate': 1e-06, 'global_step': 13930, 'zo_forward_step': 27862, 'max_steps': 20000, 'max_zo_forward_steps': 0, 'time': 1827, 'eps': 0.001}
03/26/2026 03:47:01 - INFO - src.trainer -   {'loss': 0.9308798909187317, 'learning_rate': 1e-06, 'global_step': 13940, 'zo_forward_step': 27882, 'max_steps': 20000, 'max_zo_forward_steps': 0, 'time': 1829, 'eps': 0.001}
03/26/2026 03:47:02 - INFO - src.trainer -   {'loss': 1.488635778427124, 'learning_rate': 1e-06, 'global_step': 13950, 'zo_forward_step': 27902, 'max_steps': 20000, 'max_zo_forward_steps': 0, 'time': 1830, 'eps': 0.001}
03/26/2026 03:47:04 - INFO - src.trainer -   {'loss': 1.2441811561584473, 'learning_rate': 1e-06, 'global_step': 13960, 'zo_forward_step': 27922, 'max_steps': 20000, 'max_zo_forward_steps': 0, 'time': 1831, 'eps': 0.001}
03/26/2026 03:47:05 - INFO - src.trainer -   {'loss': 0.8303993940353394, 'learning_rate': 1e-06, 'global_step': 13970, 'zo_forward_step': 27942, 'max_steps': 20000, 'max_zo_forward_steps': 0, 'time': 1832, 'eps': 0.001}
03/26/2026 03:47:06 - INFO - src.trainer -   {'loss': 1.3238388299942017, 'learning_rate': 1e-06, 'global_step': 13980, 'zo_forward_step': 27962, 'max_steps': 20000, 'max_zo_forward_steps': 0, 'time': 1833, 'eps': 0.001}
03/26/2026 03:47:07 - INFO - src.trainer -   {'loss': 1.2659515142440796, 'learning_rate': 1e-06, 'global_step': 13990, 'zo_forward_step': 27982, 'max_steps': 20000, 'max_zo_forward_steps': 0, 'time': 1834, 'eps': 0.001}
1381it [30:12,  1.62s/it]1392it [30:12,  1.10s/it]03/26/2026 03:47:08 - INFO - src.trainer -   {'eval_loss': 1.4345844984054565, 'eval_acc': 0.4625}
03/26/2026 03:47:08 - INFO - src.trainer -   Best dev result: 0.4625
03/26/2026 03:47:10 - INFO - src.trainer -   [zo_probe] step=14000 eps=1.000e-03 precision=fp32 n=16 mae=3.151161e+00 rmse=5.620618e+00 sign_acc=1.0000 corr=0.984404
03/26/2026 03:47:11 - INFO - src.trainer -   {'loss': 0.8212447166442871, 'learning_rate': 1e-06, 'global_step': 14000, 'zo_forward_step': 28002, 'max_steps': 20000, 'max_zo_forward_steps': 0, 'time': 1838, 'eps': 0.001}
03/26/2026 03:47:12 - INFO - src.trainer -   {'loss': 1.401627540588379, 'learning_rate': 1e-06, 'global_step': 14010, 'zo_forward_step': 28022, 'max_steps': 20000, 'max_zo_forward_steps': 0, 'time': 1839, 'eps': 0.001}
03/26/2026 03:47:13 - INFO - src.trainer -   {'loss': 1.2280503511428833, 'learning_rate': 1e-06, 'global_step': 14020, 'zo_forward_step': 28042, 'max_steps': 20000, 'max_zo_forward_steps': 0, 'time': 1840, 'eps': 0.001}
03/26/2026 03:47:14 - INFO - src.trainer -   {'loss': 0.8856772184371948, 'learning_rate': 1e-06, 'global_step': 14030, 'zo_forward_step': 28062, 'max_steps': 20000, 'max_zo_forward_steps': 0, 'time': 1841, 'eps': 0.001}
03/26/2026 03:47:15 - INFO - src.trainer -   {'loss': 1.4773979187011719, 'learning_rate': 1e-06, 'global_step': 14040, 'zo_forward_step': 28082, 'max_steps': 20000, 'max_zo_forward_steps': 0, 'time': 1842, 'eps': 0.001}
03/26/2026 03:47:16 - INFO - src.trainer -   {'loss': 1.2614823579788208, 'learning_rate': 1e-06, 'global_step': 14050, 'zo_forward_step': 28102, 'max_steps': 20000, 'max_zo_forward_steps': 0, 'time': 1844, 'eps': 0.001}
03/26/2026 03:47:17 - INFO - src.trainer -   {'loss': 0.9194520711898804, 'learning_rate': 1e-06, 'global_step': 14060, 'zo_forward_step': 28122, 'max_steps': 20000, 'max_zo_forward_steps': 0, 'time': 1845, 'eps': 0.001}
03/26/2026 03:47:18 - INFO - src.trainer -   {'loss': 1.2939170598983765, 'learning_rate': 1e-06, 'global_step': 14070, 'zo_forward_step': 28142, 'max_steps': 20000, 'max_zo_forward_steps': 0, 'time': 1846, 'eps': 0.001}
03/26/2026 03:47:20 - INFO - src.trainer -   {'loss': 1.2881460189819336, 'learning_rate': 1e-06, 'global_step': 14080, 'zo_forward_step': 28162, 'max_steps': 20000, 'max_zo_forward_steps': 0, 'time': 1847, 'eps': 0.001}
03/26/2026 03:47:21 - INFO - src.trainer -   {'loss': 0.8646752238273621, 'learning_rate': 1e-06, 'global_step': 14090, 'zo_forward_step': 28182, 'max_steps': 20000, 'max_zo_forward_steps': 0, 'time': 1848, 'eps': 0.001}
03/26/2026 03:47:22 - INFO - src.trainer -   {'loss': 1.3661870956420898, 'learning_rate': 1e-06, 'global_step': 14100, 'zo_forward_step': 28202, 'max_steps': 20000, 'max_zo_forward_steps': 0, 'time': 1849, 'eps': 0.001}
1400it [30:26,  1.10s/it]03/26/2026 03:47:23 - INFO - src.trainer -   {'loss': 1.4087603092193604, 'learning_rate': 1e-06, 'global_step': 14110, 'zo_forward_step': 28222, 'max_steps': 20000, 'max_zo_forward_steps': 0, 'time': 1850, 'eps': 0.001}
03/26/2026 03:47:24 - INFO - src.trainer -   {'loss': 0.8254133462905884, 'learning_rate': 1e-06, 'global_step': 14120, 'zo_forward_step': 28242, 'max_steps': 20000, 'max_zo_forward_steps': 0, 'time': 1852, 'eps': 0.001}
03/26/2026 03:47:25 - INFO - src.trainer -   {'loss': 1.3847538232803345, 'learning_rate': 1e-06, 'global_step': 14130, 'zo_forward_step': 28262, 'max_steps': 20000, 'max_zo_forward_steps': 0, 'time': 1853, 'eps': 0.001}
03/26/2026 03:47:27 - INFO - src.trainer -   {'loss': 1.340623140335083, 'learning_rate': 1e-06, 'global_step': 14140, 'zo_forward_step': 28282, 'max_steps': 20000, 'max_zo_forward_steps': 0, 'time': 1854, 'eps': 0.001}
03/26/2026 03:47:28 - INFO - src.trainer -   {'loss': 0.862545371055603, 'learning_rate': 1e-06, 'global_step': 14150, 'zo_forward_step': 28302, 'max_steps': 20000, 'max_zo_forward_steps': 0, 'time': 1855, 'eps': 0.001}
03/26/2026 03:47:29 - INFO - src.trainer -   {'loss': 1.339106559753418, 'learning_rate': 1e-06, 'global_step': 14160, 'zo_forward_step': 28322, 'max_steps': 20000, 'max_zo_forward_steps': 0, 'time': 1856, 'eps': 0.001}
03/26/2026 03:47:30 - INFO - src.trainer -   {'loss': 1.26564359664917, 'learning_rate': 1e-06, 'global_step': 14170, 'zo_forward_step': 28342, 'max_steps': 20000, 'max_zo_forward_steps': 0, 'time': 1857, 'eps': 0.001}
03/26/2026 03:47:31 - INFO - src.trainer -   {'loss': 0.8552947640419006, 'learning_rate': 1e-06, 'global_step': 14180, 'zo_forward_step': 28362, 'max_steps': 20000, 'max_zo_forward_steps': 0, 'time': 1858, 'eps': 0.001}
03/26/2026 03:47:32 - INFO - src.trainer -   {'loss': 1.3094078302383423, 'learning_rate': 1e-06, 'global_step': 14190, 'zo_forward_step': 28382, 'max_steps': 20000, 'max_zo_forward_steps': 0, 'time': 1860, 'eps': 0.001}
1401it [30:37,  1.56s/it]1412it [30:37,  1.06s/it]03/26/2026 03:47:33 - INFO - src.trainer -   {'eval_loss': 1.4288699626922607, 'eval_acc': 0.4875}
03/26/2026 03:47:33 - INFO - src.trainer -   Best dev result: 0.4875
03/26/2026 03:47:37 - INFO - src.trainer -   [zo_probe] step=14200 eps=1.000e-03 precision=fp32 n=16 mae=1.672177e+00 rmse=2.213339e+00 sign_acc=1.0000 corr=0.998839
03/26/2026 03:47:37 - INFO - src.trainer -   {'loss': 1.2453632354736328, 'learning_rate': 1e-06, 'global_step': 14200, 'zo_forward_step': 28402, 'max_steps': 20000, 'max_zo_forward_steps': 0, 'time': 1864, 'eps': 0.001}
03/26/2026 03:47:38 - INFO - src.trainer -   {'loss': 0.8907041549682617, 'learning_rate': 1e-06, 'global_step': 14210, 'zo_forward_step': 28422, 'max_steps': 20000, 'max_zo_forward_steps': 0, 'time': 1865, 'eps': 0.001}
03/26/2026 03:47:39 - INFO - src.trainer -   {'loss': 1.3698124885559082, 'learning_rate': 1e-06, 'global_step': 14220, 'zo_forward_step': 28442, 'max_steps': 20000, 'max_zo_forward_steps': 0, 'time': 1866, 'eps': 0.001}
03/26/2026 03:47:40 - INFO - src.trainer -   {'loss': 1.184173583984375, 'learning_rate': 1e-06, 'global_step': 14230, 'zo_forward_step': 28462, 'max_steps': 20000, 'max_zo_forward_steps': 0, 'time': 1868, 'eps': 0.001}
03/26/2026 03:47:41 - INFO - src.trainer -   {'loss': 0.8580368161201477, 'learning_rate': 1e-06, 'global_step': 14240, 'zo_forward_step': 28482, 'max_steps': 20000, 'max_zo_forward_steps': 0, 'time': 1869, 'eps': 0.001}
03/26/2026 03:47:43 - INFO - src.trainer -   {'loss': 1.3713231086730957, 'learning_rate': 1e-06, 'global_step': 14250, 'zo_forward_step': 28502, 'max_steps': 20000, 'max_zo_forward_steps': 0, 'time': 1870, 'eps': 0.001}
03/26/2026 03:47:44 - INFO - src.trainer -   {'loss': 1.2495944499969482, 'learning_rate': 1e-06, 'global_step': 14260, 'zo_forward_step': 28522, 'max_steps': 20000, 'max_zo_forward_steps': 0, 'time': 1871, 'eps': 0.001}
03/26/2026 03:47:45 - INFO - src.trainer -   {'loss': 0.8319429755210876, 'learning_rate': 1e-06, 'global_step': 14270, 'zo_forward_step': 28542, 'max_steps': 20000, 'max_zo_forward_steps': 0, 'time': 1872, 'eps': 0.001}
03/26/2026 03:47:46 - INFO - src.trainer -   {'loss': 1.3482898473739624, 'learning_rate': 1e-06, 'global_step': 14280, 'zo_forward_step': 28562, 'max_steps': 20000, 'max_zo_forward_steps': 0, 'time': 1873, 'eps': 0.001}
03/26/2026 03:47:47 - INFO - src.trainer -   {'loss': 1.2359484434127808, 'learning_rate': 1e-06, 'global_step': 14290, 'zo_forward_step': 28582, 'max_steps': 20000, 'max_zo_forward_steps': 0, 'time': 1874, 'eps': 0.001}
03/26/2026 03:47:48 - INFO - src.trainer -   {'loss': 0.8309816718101501, 'learning_rate': 1e-06, 'global_step': 14300, 'zo_forward_step': 28602, 'max_steps': 20000, 'max_zo_forward_steps': 0, 'time': 1876, 'eps': 0.001}
03/26/2026 03:47:49 - INFO - src.trainer -   {'loss': 1.3764680624008179, 'learning_rate': 1e-06, 'global_step': 14310, 'zo_forward_step': 28622, 'max_steps': 20000, 'max_zo_forward_steps': 0, 'time': 1877, 'eps': 0.001}
03/26/2026 03:47:51 - INFO - src.trainer -   {'loss': 1.239380955696106, 'learning_rate': 1e-06, 'global_step': 14320, 'zo_forward_step': 28642, 'max_steps': 20000, 'max_zo_forward_steps': 0, 'time': 1878, 'eps': 0.001}
03/26/2026 03:47:52 - INFO - src.trainer -   {'loss': 0.9131190180778503, 'learning_rate': 1e-06, 'global_step': 14330, 'zo_forward_step': 28662, 'max_steps': 20000, 'max_zo_forward_steps': 0, 'time': 1879, 'eps': 0.001}
1420it [30:56,  1.06s/it]03/26/2026 03:47:53 - INFO - src.trainer -   {'loss': 1.391660451889038, 'learning_rate': 1e-06, 'global_step': 14340, 'zo_forward_step': 28682, 'max_steps': 20000, 'max_zo_forward_steps': 0, 'time': 1880, 'eps': 0.001}
03/26/2026 03:47:54 - INFO - src.trainer -   {'loss': 1.247207522392273, 'learning_rate': 1e-06, 'global_step': 14350, 'zo_forward_step': 28702, 'max_steps': 20000, 'max_zo_forward_steps': 0, 'time': 1881, 'eps': 0.001}
03/26/2026 03:47:55 - INFO - src.trainer -   {'loss': 0.9473415613174438, 'learning_rate': 1e-06, 'global_step': 14360, 'zo_forward_step': 28722, 'max_steps': 20000, 'max_zo_forward_steps': 0, 'time': 1883, 'eps': 0.001}
03/26/2026 03:47:56 - INFO - src.trainer -   {'loss': 1.4028600454330444, 'learning_rate': 1e-06, 'global_step': 14370, 'zo_forward_step': 28742, 'max_steps': 20000, 'max_zo_forward_steps': 0, 'time': 1884, 'eps': 0.001}
03/26/2026 03:47:58 - INFO - src.trainer -   {'loss': 1.227102279663086, 'learning_rate': 1e-06, 'global_step': 14380, 'zo_forward_step': 28762, 'max_steps': 20000, 'max_zo_forward_steps': 0, 'time': 1885, 'eps': 0.001}
03/26/2026 03:47:59 - INFO - src.trainer -   {'loss': 0.8401630520820618, 'learning_rate': 1e-06, 'global_step': 14390, 'zo_forward_step': 28782, 'max_steps': 20000, 'max_zo_forward_steps': 0, 'time': 1886, 'eps': 0.001}
1421it [31:04,  1.57s/it]1432it [31:04,  1.07s/it]03/26/2026 03:48:00 - INFO - src.trainer -   {'eval_loss': 1.420839786529541, 'eval_acc': 0.4875}
03/26/2026 03:48:03 - INFO - src.trainer -   [zo_probe] step=14400 eps=1.000e-03 precision=fp32 n=16 mae=2.675034e+00 rmse=3.298565e+00 sign_acc=0.9375 corr=0.997518
03/26/2026 03:48:03 - INFO - src.trainer -   {'loss': 1.3748235702514648, 'learning_rate': 1e-06, 'global_step': 14400, 'zo_forward_step': 28802, 'max_steps': 20000, 'max_zo_forward_steps': 0, 'time': 1890, 'eps': 0.001}
03/26/2026 03:48:05 - INFO - src.trainer -   {'loss': 1.2370041608810425, 'learning_rate': 1e-06, 'global_step': 14410, 'zo_forward_step': 28822, 'max_steps': 20000, 'max_zo_forward_steps': 0, 'time': 1892, 'eps': 0.001}
03/26/2026 03:48:06 - INFO - src.trainer -   {'loss': 0.9162473678588867, 'learning_rate': 1e-06, 'global_step': 14420, 'zo_forward_step': 28842, 'max_steps': 20000, 'max_zo_forward_steps': 0, 'time': 1893, 'eps': 0.001}
03/26/2026 03:48:07 - INFO - src.trainer -   {'loss': 1.329544186592102, 'learning_rate': 1e-06, 'global_step': 14430, 'zo_forward_step': 28862, 'max_steps': 20000, 'max_zo_forward_steps': 0, 'time': 1894, 'eps': 0.001}
03/26/2026 03:48:08 - INFO - src.trainer -   {'loss': 1.2002304792404175, 'learning_rate': 1e-06, 'global_step': 14440, 'zo_forward_step': 28882, 'max_steps': 20000, 'max_zo_forward_steps': 0, 'time': 1896, 'eps': 0.001}
03/26/2026 03:48:09 - INFO - src.trainer -   {'loss': 0.8886584043502808, 'learning_rate': 1e-06, 'global_step': 14450, 'zo_forward_step': 28902, 'max_steps': 20000, 'max_zo_forward_steps': 0, 'time': 1897, 'eps': 0.001}
03/26/2026 03:48:10 - INFO - src.trainer -   {'loss': 1.3582931756973267, 'learning_rate': 1e-06, 'global_step': 14460, 'zo_forward_step': 28922, 'max_steps': 20000, 'max_zo_forward_steps': 0, 'time': 1898, 'eps': 0.001}
03/26/2026 03:48:12 - INFO - src.trainer -   {'loss': 1.2539070844650269, 'learning_rate': 1e-06, 'global_step': 14470, 'zo_forward_step': 28942, 'max_steps': 20000, 'max_zo_forward_steps': 0, 'time': 1899, 'eps': 0.001}
1440it [31:16,  1.07s/it]03/26/2026 03:48:13 - INFO - src.trainer -   {'loss': 0.9120563268661499, 'learning_rate': 1e-06, 'global_step': 14480, 'zo_forward_step': 28962, 'max_steps': 20000, 'max_zo_forward_steps': 0, 'time': 1900, 'eps': 0.001}
03/26/2026 03:48:14 - INFO - src.trainer -   {'loss': 1.323407769203186, 'learning_rate': 1e-06, 'global_step': 14490, 'zo_forward_step': 28982, 'max_steps': 20000, 'max_zo_forward_steps': 0, 'time': 1901, 'eps': 0.001}
03/26/2026 03:48:15 - INFO - src.trainer -   {'loss': 1.2199974060058594, 'learning_rate': 1e-06, 'global_step': 14500, 'zo_forward_step': 29002, 'max_steps': 20000, 'max_zo_forward_steps': 0, 'time': 1902, 'eps': 0.001}
03/26/2026 03:48:16 - INFO - src.trainer -   {'loss': 0.8903946280479431, 'learning_rate': 1e-06, 'global_step': 14510, 'zo_forward_step': 29022, 'max_steps': 20000, 'max_zo_forward_steps': 0, 'time': 1903, 'eps': 0.001}
03/26/2026 03:48:17 - INFO - src.trainer -   {'loss': 1.3743093013763428, 'learning_rate': 1e-06, 'global_step': 14520, 'zo_forward_step': 29042, 'max_steps': 20000, 'max_zo_forward_steps': 0, 'time': 1905, 'eps': 0.001}
03/26/2026 03:48:18 - INFO - src.trainer -   {'loss': 1.210681676864624, 'learning_rate': 1e-06, 'global_step': 14530, 'zo_forward_step': 29062, 'max_steps': 20000, 'max_zo_forward_steps': 0, 'time': 1906, 'eps': 0.001}
03/26/2026 03:48:20 - INFO - src.trainer -   {'loss': 0.8330644369125366, 'learning_rate': 1e-06, 'global_step': 14540, 'zo_forward_step': 29082, 'max_steps': 20000, 'max_zo_forward_steps': 0, 'time': 1907, 'eps': 0.001}
03/26/2026 03:48:21 - INFO - src.trainer -   {'loss': 1.3189263343811035, 'learning_rate': 1e-06, 'global_step': 14550, 'zo_forward_step': 29102, 'max_steps': 20000, 'max_zo_forward_steps': 0, 'time': 1908, 'eps': 0.001}
03/26/2026 03:48:22 - INFO - src.trainer -   {'loss': 1.2474901676177979, 'learning_rate': 1e-06, 'global_step': 14560, 'zo_forward_step': 29122, 'max_steps': 20000, 'max_zo_forward_steps': 0, 'time': 1909, 'eps': 0.001}
03/26/2026 03:48:23 - INFO - src.trainer -   {'loss': 0.9693195223808289, 'learning_rate': 1e-06, 'global_step': 14570, 'zo_forward_step': 29142, 'max_steps': 20000, 'max_zo_forward_steps': 0, 'time': 1910, 'eps': 0.001}
03/26/2026 03:48:24 - INFO - src.trainer -   {'loss': 1.3698921203613281, 'learning_rate': 1e-06, 'global_step': 14580, 'zo_forward_step': 29162, 'max_steps': 20000, 'max_zo_forward_steps': 0, 'time': 1912, 'eps': 0.001}
03/26/2026 03:48:25 - INFO - src.trainer -   {'loss': 1.2808659076690674, 'learning_rate': 1e-06, 'global_step': 14590, 'zo_forward_step': 29182, 'max_steps': 20000, 'max_zo_forward_steps': 0, 'time': 1913, 'eps': 0.001}
1441it [31:30,  1.59s/it]1452it [31:31,  1.07s/it]03/26/2026 03:48:27 - INFO - src.trainer -   {'eval_loss': 1.421172857284546, 'eval_acc': 0.475}
03/26/2026 03:48:29 - INFO - src.trainer -   [zo_probe] step=14600 eps=1.000e-03 precision=fp32 n=16 mae=2.015271e+00 rmse=2.549368e+00 sign_acc=1.0000 corr=0.997670
03/26/2026 03:48:29 - INFO - src.trainer -   {'loss': 0.874251127243042, 'learning_rate': 1e-06, 'global_step': 14600, 'zo_forward_step': 29202, 'max_steps': 20000, 'max_zo_forward_steps': 0, 'time': 1916, 'eps': 0.001}
03/26/2026 03:48:30 - INFO - src.trainer -   {'loss': 1.4102740287780762, 'learning_rate': 1e-06, 'global_step': 14610, 'zo_forward_step': 29222, 'max_steps': 20000, 'max_zo_forward_steps': 0, 'time': 1917, 'eps': 0.001}
03/26/2026 03:48:31 - INFO - src.trainer -   {'loss': 1.291496992111206, 'learning_rate': 1e-06, 'global_step': 14620, 'zo_forward_step': 29242, 'max_steps': 20000, 'max_zo_forward_steps': 0, 'time': 1918, 'eps': 0.001}
03/26/2026 03:48:32 - INFO - src.trainer -   {'loss': 0.8971680998802185, 'learning_rate': 1e-06, 'global_step': 14630, 'zo_forward_step': 29262, 'max_steps': 20000, 'max_zo_forward_steps': 0, 'time': 1919, 'eps': 0.001}
03/26/2026 03:48:33 - INFO - src.trainer -   {'loss': 1.3290996551513672, 'learning_rate': 1e-06, 'global_step': 14640, 'zo_forward_step': 29282, 'max_steps': 20000, 'max_zo_forward_steps': 0, 'time': 1921, 'eps': 0.001}
03/26/2026 03:48:34 - INFO - src.trainer -   {'loss': 1.2860759496688843, 'learning_rate': 1e-06, 'global_step': 14650, 'zo_forward_step': 29302, 'max_steps': 20000, 'max_zo_forward_steps': 0, 'time': 1922, 'eps': 0.001}
03/26/2026 03:48:36 - INFO - src.trainer -   {'loss': 0.7622408866882324, 'learning_rate': 1e-06, 'global_step': 14660, 'zo_forward_step': 29322, 'max_steps': 20000, 'max_zo_forward_steps': 0, 'time': 1923, 'eps': 0.001}
03/26/2026 03:48:37 - INFO - src.trainer -   {'loss': 1.4264951944351196, 'learning_rate': 1e-06, 'global_step': 14670, 'zo_forward_step': 29342, 'max_steps': 20000, 'max_zo_forward_steps': 0, 'time': 1924, 'eps': 0.001}
03/26/2026 03:48:38 - INFO - src.trainer -   {'loss': 1.2496604919433594, 'learning_rate': 1e-06, 'global_step': 14680, 'zo_forward_step': 29362, 'max_steps': 20000, 'max_zo_forward_steps': 0, 'time': 1925, 'eps': 0.001}
03/26/2026 03:48:39 - INFO - src.trainer -   {'loss': 0.7796393632888794, 'learning_rate': 1e-06, 'global_step': 14690, 'zo_forward_step': 29382, 'max_steps': 20000, 'max_zo_forward_steps': 0, 'time': 1926, 'eps': 0.001}
03/26/2026 03:48:40 - INFO - src.trainer -   {'loss': 1.4298657178878784, 'learning_rate': 1e-06, 'global_step': 14700, 'zo_forward_step': 29402, 'max_steps': 20000, 'max_zo_forward_steps': 0, 'time': 1927, 'eps': 0.001}
03/26/2026 03:48:41 - INFO - src.trainer -   {'loss': 1.2060065269470215, 'learning_rate': 1e-06, 'global_step': 14710, 'zo_forward_step': 29422, 'max_steps': 20000, 'max_zo_forward_steps': 0, 'time': 1929, 'eps': 0.001}
1460it [31:46,  1.07s/it]03/26/2026 03:48:42 - INFO - src.trainer -   {'loss': 0.8351016044616699, 'learning_rate': 1e-06, 'global_step': 14720, 'zo_forward_step': 29442, 'max_steps': 20000, 'max_zo_forward_steps': 0, 'time': 1930, 'eps': 0.001}
03/26/2026 03:48:44 - INFO - src.trainer -   {'loss': 1.3605759143829346, 'learning_rate': 1e-06, 'global_step': 14730, 'zo_forward_step': 29462, 'max_steps': 20000, 'max_zo_forward_steps': 0, 'time': 1931, 'eps': 0.001}
03/26/2026 03:48:45 - INFO - src.trainer -   {'loss': 1.2541660070419312, 'learning_rate': 1e-06, 'global_step': 14740, 'zo_forward_step': 29482, 'max_steps': 20000, 'max_zo_forward_steps': 0, 'time': 1932, 'eps': 0.001}
03/26/2026 03:48:46 - INFO - src.trainer -   {'loss': 0.7437776327133179, 'learning_rate': 1e-06, 'global_step': 14750, 'zo_forward_step': 29502, 'max_steps': 20000, 'max_zo_forward_steps': 0, 'time': 1933, 'eps': 0.001}
03/26/2026 03:48:47 - INFO - src.trainer -   {'loss': 1.300261378288269, 'learning_rate': 1e-06, 'global_step': 14760, 'zo_forward_step': 29522, 'max_steps': 20000, 'max_zo_forward_steps': 0, 'time': 1934, 'eps': 0.001}
03/26/2026 03:48:48 - INFO - src.trainer -   {'loss': 1.2059073448181152, 'learning_rate': 1e-06, 'global_step': 14770, 'zo_forward_step': 29542, 'max_steps': 20000, 'max_zo_forward_steps': 0, 'time': 1936, 'eps': 0.001}
03/26/2026 03:48:49 - INFO - src.trainer -   {'loss': 0.8020761609077454, 'learning_rate': 1e-06, 'global_step': 14780, 'zo_forward_step': 29562, 'max_steps': 20000, 'max_zo_forward_steps': 0, 'time': 1937, 'eps': 0.001}
03/26/2026 03:48:51 - INFO - src.trainer -   {'loss': 1.4168351888656616, 'learning_rate': 1e-06, 'global_step': 14790, 'zo_forward_step': 29582, 'max_steps': 20000, 'max_zo_forward_steps': 0, 'time': 1938, 'eps': 0.001}
1461it [31:56,  1.54s/it]1472it [31:56,  1.05s/it]03/26/2026 03:48:52 - INFO - src.trainer -   {'eval_loss': 1.407616376876831, 'eval_acc': 0.475}
03/26/2026 03:48:55 - INFO - src.trainer -   [zo_probe] step=14800 eps=1.000e-03 precision=fp32 n=16 mae=1.419558e+00 rmse=1.615787e+00 sign_acc=1.0000 corr=0.998742
03/26/2026 03:48:55 - INFO - src.trainer -   {'loss': 1.3038759231567383, 'learning_rate': 1e-06, 'global_step': 14800, 'zo_forward_step': 29602, 'max_steps': 20000, 'max_zo_forward_steps': 0, 'time': 1942, 'eps': 0.001}
03/26/2026 03:48:56 - INFO - src.trainer -   {'loss': 0.8293994665145874, 'learning_rate': 1e-06, 'global_step': 14810, 'zo_forward_step': 29622, 'max_steps': 20000, 'max_zo_forward_steps': 0, 'time': 1943, 'eps': 0.001}
03/26/2026 03:48:57 - INFO - src.trainer -   {'loss': 1.421468734741211, 'learning_rate': 1e-06, 'global_step': 14820, 'zo_forward_step': 29642, 'max_steps': 20000, 'max_zo_forward_steps': 0, 'time': 1944, 'eps': 0.001}
03/26/2026 03:48:58 - INFO - src.trainer -   {'loss': 1.1569344997406006, 'learning_rate': 1e-06, 'global_step': 14830, 'zo_forward_step': 29662, 'max_steps': 20000, 'max_zo_forward_steps': 0, 'time': 1946, 'eps': 0.001}
03/26/2026 03:48:59 - INFO - src.trainer -   {'loss': 0.8183392286300659, 'learning_rate': 1e-06, 'global_step': 14840, 'zo_forward_step': 29682, 'max_steps': 20000, 'max_zo_forward_steps': 0, 'time': 1947, 'eps': 0.001}
03/26/2026 03:49:00 - INFO - src.trainer -   {'loss': 1.445640206336975, 'learning_rate': 1e-06, 'global_step': 14850, 'zo_forward_step': 29702, 'max_steps': 20000, 'max_zo_forward_steps': 0, 'time': 1948, 'eps': 0.001}
03/26/2026 03:49:02 - INFO - src.trainer -   {'loss': 1.2515065670013428, 'learning_rate': 1e-06, 'global_step': 14860, 'zo_forward_step': 29722, 'max_steps': 20000, 'max_zo_forward_steps': 0, 'time': 1949, 'eps': 0.001}
1480it [32:06,  1.05s/it]03/26/2026 03:49:03 - INFO - src.trainer -   {'loss': 0.8602685928344727, 'learning_rate': 1e-06, 'global_step': 14870, 'zo_forward_step': 29742, 'max_steps': 20000, 'max_zo_forward_steps': 0, 'time': 1950, 'eps': 0.001}
03/26/2026 03:49:04 - INFO - src.trainer -   {'loss': 1.4320460557937622, 'learning_rate': 1e-06, 'global_step': 14880, 'zo_forward_step': 29762, 'max_steps': 20000, 'max_zo_forward_steps': 0, 'time': 1951, 'eps': 0.001}
03/26/2026 03:49:05 - INFO - src.trainer -   {'loss': 1.1484888792037964, 'learning_rate': 1e-06, 'global_step': 14890, 'zo_forward_step': 29782, 'max_steps': 20000, 'max_zo_forward_steps': 0, 'time': 1952, 'eps': 0.001}
03/26/2026 03:49:06 - INFO - src.trainer -   {'loss': 0.835477352142334, 'learning_rate': 1e-06, 'global_step': 14900, 'zo_forward_step': 29802, 'max_steps': 20000, 'max_zo_forward_steps': 0, 'time': 1953, 'eps': 0.001}
03/26/2026 03:49:07 - INFO - src.trainer -   {'loss': 1.3291834592819214, 'learning_rate': 1e-06, 'global_step': 14910, 'zo_forward_step': 29822, 'max_steps': 20000, 'max_zo_forward_steps': 0, 'time': 1955, 'eps': 0.001}
03/26/2026 03:49:09 - INFO - src.trainer -   {'loss': 1.229974627494812, 'learning_rate': 1e-06, 'global_step': 14920, 'zo_forward_step': 29842, 'max_steps': 20000, 'max_zo_forward_steps': 0, 'time': 1956, 'eps': 0.001}
03/26/2026 03:49:10 - INFO - src.trainer -   {'loss': 0.8637918829917908, 'learning_rate': 1e-06, 'global_step': 14930, 'zo_forward_step': 29862, 'max_steps': 20000, 'max_zo_forward_steps': 0, 'time': 1957, 'eps': 0.001}
03/26/2026 03:49:11 - INFO - src.trainer -   {'loss': 1.4072917699813843, 'learning_rate': 1e-06, 'global_step': 14940, 'zo_forward_step': 29882, 'max_steps': 20000, 'max_zo_forward_steps': 0, 'time': 1958, 'eps': 0.001}
03/26/2026 03:49:12 - INFO - src.trainer -   {'loss': 1.1938899755477905, 'learning_rate': 1e-06, 'global_step': 14950, 'zo_forward_step': 29902, 'max_steps': 20000, 'max_zo_forward_steps': 0, 'time': 1959, 'eps': 0.001}
03/26/2026 03:49:15 - INFO - src.trainer -   {'loss': 0.884463369846344, 'learning_rate': 1e-06, 'global_step': 14960, 'zo_forward_step': 29922, 'max_steps': 20000, 'max_zo_forward_steps': 0, 'time': 1962, 'eps': 0.001}
03/26/2026 03:49:16 - INFO - src.trainer -   {'loss': 1.3582981824874878, 'learning_rate': 1e-06, 'global_step': 14970, 'zo_forward_step': 29942, 'max_steps': 20000, 'max_zo_forward_steps': 0, 'time': 1963, 'eps': 0.001}
03/26/2026 03:49:17 - INFO - src.trainer -   {'loss': 1.136417031288147, 'learning_rate': 1e-06, 'global_step': 14980, 'zo_forward_step': 29962, 'max_steps': 20000, 'max_zo_forward_steps': 0, 'time': 1964, 'eps': 0.001}
03/26/2026 03:49:18 - INFO - src.trainer -   {'loss': 0.9127174615859985, 'learning_rate': 1e-06, 'global_step': 14990, 'zo_forward_step': 29982, 'max_steps': 20000, 'max_zo_forward_steps': 0, 'time': 1965, 'eps': 0.001}
1481it [32:23,  1.59s/it]1492it [32:23,  1.08s/it]03/26/2026 03:49:19 - INFO - src.trainer -   {'eval_loss': 1.3984906673431396, 'eval_acc': 0.4875}
03/26/2026 03:49:22 - INFO - src.trainer -   [zo_probe] step=15000 eps=1.000e-03 precision=fp32 n=16 mae=2.722375e+00 rmse=3.339944e+00 sign_acc=1.0000 corr=0.995629
03/26/2026 03:49:22 - INFO - src.trainer -   {'loss': 1.2796293497085571, 'learning_rate': 1e-06, 'global_step': 15000, 'zo_forward_step': 30002, 'max_steps': 20000, 'max_zo_forward_steps': 0, 'time': 1970, 'eps': 0.001}
03/26/2026 03:49:23 - INFO - src.trainer -   {'loss': 1.1622613668441772, 'learning_rate': 1e-06, 'global_step': 15010, 'zo_forward_step': 30022, 'max_steps': 20000, 'max_zo_forward_steps': 0, 'time': 1971, 'eps': 0.001}
03/26/2026 03:49:24 - INFO - src.trainer -   {'loss': 0.8480321168899536, 'learning_rate': 1e-06, 'global_step': 15020, 'zo_forward_step': 30042, 'max_steps': 20000, 'max_zo_forward_steps': 0, 'time': 1972, 'eps': 0.001}
03/26/2026 03:49:26 - INFO - src.trainer -   {'loss': 1.3691349029541016, 'learning_rate': 1e-06, 'global_step': 15030, 'zo_forward_step': 30062, 'max_steps': 20000, 'max_zo_forward_steps': 0, 'time': 1973, 'eps': 0.001}
03/26/2026 03:49:27 - INFO - src.trainer -   {'loss': 1.2001609802246094, 'learning_rate': 1e-06, 'global_step': 15040, 'zo_forward_step': 30082, 'max_steps': 20000, 'max_zo_forward_steps': 0, 'time': 1974, 'eps': 0.001}
03/26/2026 03:49:28 - INFO - src.trainer -   {'loss': 0.8643361330032349, 'learning_rate': 1e-06, 'global_step': 15050, 'zo_forward_step': 30102, 'max_steps': 20000, 'max_zo_forward_steps': 0, 'time': 1975, 'eps': 0.001}
03/26/2026 03:49:29 - INFO - src.trainer -   {'loss': 1.3735125064849854, 'learning_rate': 1e-06, 'global_step': 15060, 'zo_forward_step': 30122, 'max_steps': 20000, 'max_zo_forward_steps': 0, 'time': 1976, 'eps': 0.001}
03/26/2026 03:49:30 - INFO - src.trainer -   {'loss': 1.1070884466171265, 'learning_rate': 1e-06, 'global_step': 15070, 'zo_forward_step': 30142, 'max_steps': 20000, 'max_zo_forward_steps': 0, 'time': 1978, 'eps': 0.001}
03/26/2026 03:49:31 - INFO - src.trainer -   {'loss': 0.9017181396484375, 'learning_rate': 1e-06, 'global_step': 15080, 'zo_forward_step': 30162, 'max_steps': 20000, 'max_zo_forward_steps': 0, 'time': 1979, 'eps': 0.001}
1500it [32:36,  1.08s/it]03/26/2026 03:49:33 - INFO - src.trainer -   {'loss': 1.366361379623413, 'learning_rate': 1e-06, 'global_step': 15090, 'zo_forward_step': 30182, 'max_steps': 20000, 'max_zo_forward_steps': 0, 'time': 1980, 'eps': 0.001}
03/26/2026 03:49:34 - INFO - src.trainer -   {'loss': 1.189330816268921, 'learning_rate': 1e-06, 'global_step': 15100, 'zo_forward_step': 30202, 'max_steps': 20000, 'max_zo_forward_steps': 0, 'time': 1981, 'eps': 0.001}
03/26/2026 03:49:35 - INFO - src.trainer -   {'loss': 0.9249843955039978, 'learning_rate': 1e-06, 'global_step': 15110, 'zo_forward_step': 30222, 'max_steps': 20000, 'max_zo_forward_steps': 0, 'time': 1982, 'eps': 0.001}
03/26/2026 03:49:36 - INFO - src.trainer -   {'loss': 1.3358497619628906, 'learning_rate': 1e-06, 'global_step': 15120, 'zo_forward_step': 30242, 'max_steps': 20000, 'max_zo_forward_steps': 0, 'time': 1983, 'eps': 0.001}
03/26/2026 03:49:37 - INFO - src.trainer -   {'loss': 1.1374790668487549, 'learning_rate': 1e-06, 'global_step': 15130, 'zo_forward_step': 30262, 'max_steps': 20000, 'max_zo_forward_steps': 0, 'time': 1984, 'eps': 0.001}
03/26/2026 03:49:38 - INFO - src.trainer -   {'loss': 0.9524139761924744, 'learning_rate': 1e-06, 'global_step': 15140, 'zo_forward_step': 30282, 'max_steps': 20000, 'max_zo_forward_steps': 0, 'time': 1985, 'eps': 0.001}
03/26/2026 03:49:39 - INFO - src.trainer -   {'loss': 1.316184401512146, 'learning_rate': 1e-06, 'global_step': 15150, 'zo_forward_step': 30302, 'max_steps': 20000, 'max_zo_forward_steps': 0, 'time': 1987, 'eps': 0.001}
03/26/2026 03:49:40 - INFO - src.trainer -   {'loss': 1.187690019607544, 'learning_rate': 1e-06, 'global_step': 15160, 'zo_forward_step': 30322, 'max_steps': 20000, 'max_zo_forward_steps': 0, 'time': 1988, 'eps': 0.001}
03/26/2026 03:49:42 - INFO - src.trainer -   {'loss': 0.9812970757484436, 'learning_rate': 1e-06, 'global_step': 15170, 'zo_forward_step': 30342, 'max_steps': 20000, 'max_zo_forward_steps': 0, 'time': 1989, 'eps': 0.001}
03/26/2026 03:49:43 - INFO - src.trainer -   {'loss': 1.3080848455429077, 'learning_rate': 1e-06, 'global_step': 15180, 'zo_forward_step': 30362, 'max_steps': 20000, 'max_zo_forward_steps': 0, 'time': 1990, 'eps': 0.001}
03/26/2026 03:49:44 - INFO - src.trainer -   {'loss': 1.2198104858398438, 'learning_rate': 1e-06, 'global_step': 15190, 'zo_forward_step': 30382, 'max_steps': 20000, 'max_zo_forward_steps': 0, 'time': 1991, 'eps': 0.001}
1501it [32:49,  1.58s/it]1512it [32:49,  1.07s/it]03/26/2026 03:49:45 - INFO - src.trainer -   {'eval_loss': 1.4103682041168213, 'eval_acc': 0.4875}
03/26/2026 03:49:47 - INFO - src.trainer -   [zo_probe] step=15200 eps=1.000e-03 precision=fp32 n=16 mae=4.829196e+00 rmse=6.669419e+00 sign_acc=1.0000 corr=0.993967
03/26/2026 03:49:47 - INFO - src.trainer -   {'loss': 0.930598795413971, 'learning_rate': 1e-06, 'global_step': 15200, 'zo_forward_step': 30402, 'max_steps': 20000, 'max_zo_forward_steps': 0, 'time': 1995, 'eps': 0.001}
03/26/2026 03:49:49 - INFO - src.trainer -   {'loss': 1.2828712463378906, 'learning_rate': 1e-06, 'global_step': 15210, 'zo_forward_step': 30422, 'max_steps': 20000, 'max_zo_forward_steps': 0, 'time': 1996, 'eps': 0.001}
03/26/2026 03:49:50 - INFO - src.trainer -   {'loss': 1.2104284763336182, 'learning_rate': 1e-06, 'global_step': 15220, 'zo_forward_step': 30442, 'max_steps': 20000, 'max_zo_forward_steps': 0, 'time': 1997, 'eps': 0.001}
03/26/2026 03:49:51 - INFO - src.trainer -   {'loss': 0.8491460084915161, 'learning_rate': 1e-06, 'global_step': 15230, 'zo_forward_step': 30462, 'max_steps': 20000, 'max_zo_forward_steps': 0, 'time': 1998, 'eps': 0.001}
03/26/2026 03:49:52 - INFO - src.trainer -   {'loss': 1.2698280811309814, 'learning_rate': 1e-06, 'global_step': 15240, 'zo_forward_step': 30482, 'max_steps': 20000, 'max_zo_forward_steps': 0, 'time': 1999, 'eps': 0.001}
03/26/2026 03:49:53 - INFO - src.trainer -   {'loss': 1.081264853477478, 'learning_rate': 1e-06, 'global_step': 15250, 'zo_forward_step': 30502, 'max_steps': 20000, 'max_zo_forward_steps': 0, 'time': 2000, 'eps': 0.001}
03/26/2026 03:49:54 - INFO - src.trainer -   {'loss': 0.9879484176635742, 'learning_rate': 1e-06, 'global_step': 15260, 'zo_forward_step': 30522, 'max_steps': 20000, 'max_zo_forward_steps': 0, 'time': 2002, 'eps': 0.001}
03/26/2026 03:49:55 - INFO - src.trainer -   {'loss': 1.3264869451522827, 'learning_rate': 1e-06, 'global_step': 15270, 'zo_forward_step': 30542, 'max_steps': 20000, 'max_zo_forward_steps': 0, 'time': 2003, 'eps': 0.001}
03/26/2026 03:49:57 - INFO - src.trainer -   {'loss': 1.2127271890640259, 'learning_rate': 1e-06, 'global_step': 15280, 'zo_forward_step': 30562, 'max_steps': 20000, 'max_zo_forward_steps': 0, 'time': 2004, 'eps': 0.001}
03/26/2026 03:49:58 - INFO - src.trainer -   {'loss': 0.9030055999755859, 'learning_rate': 1e-06, 'global_step': 15290, 'zo_forward_step': 30582, 'max_steps': 20000, 'max_zo_forward_steps': 0, 'time': 2005, 'eps': 0.001}
03/26/2026 03:49:59 - INFO - src.trainer -   {'loss': 1.342360258102417, 'learning_rate': 1e-06, 'global_step': 15300, 'zo_forward_step': 30602, 'max_steps': 20000, 'max_zo_forward_steps': 0, 'time': 2006, 'eps': 0.001}
03/26/2026 03:50:00 - INFO - src.trainer -   {'loss': 1.1321648359298706, 'learning_rate': 1e-06, 'global_step': 15310, 'zo_forward_step': 30622, 'max_steps': 20000, 'max_zo_forward_steps': 0, 'time': 2007, 'eps': 0.001}
03/26/2026 03:50:01 - INFO - src.trainer -   {'loss': 0.9455370306968689, 'learning_rate': 1e-06, 'global_step': 15320, 'zo_forward_step': 30642, 'max_steps': 20000, 'max_zo_forward_steps': 0, 'time': 2008, 'eps': 0.001}
03/26/2026 03:50:02 - INFO - src.trainer -   {'loss': 1.326145887374878, 'learning_rate': 1e-06, 'global_step': 15330, 'zo_forward_step': 30662, 'max_steps': 20000, 'max_zo_forward_steps': 0, 'time': 2010, 'eps': 0.001}
1520it [33:06,  1.07s/it]03/26/2026 03:50:04 - INFO - src.trainer -   {'loss': 1.0819334983825684, 'learning_rate': 1e-06, 'global_step': 15340, 'zo_forward_step': 30682, 'max_steps': 20000, 'max_zo_forward_steps': 0, 'time': 2011, 'eps': 0.001}
03/26/2026 03:50:05 - INFO - src.trainer -   {'loss': 0.8698036074638367, 'learning_rate': 1e-06, 'global_step': 15350, 'zo_forward_step': 30702, 'max_steps': 20000, 'max_zo_forward_steps': 0, 'time': 2012, 'eps': 0.001}
03/26/2026 03:50:06 - INFO - src.trainer -   {'loss': 1.3060842752456665, 'learning_rate': 1e-06, 'global_step': 15360, 'zo_forward_step': 30722, 'max_steps': 20000, 'max_zo_forward_steps': 0, 'time': 2013, 'eps': 0.001}
03/26/2026 03:50:07 - INFO - src.trainer -   {'loss': 1.1339507102966309, 'learning_rate': 1e-06, 'global_step': 15370, 'zo_forward_step': 30742, 'max_steps': 20000, 'max_zo_forward_steps': 0, 'time': 2014, 'eps': 0.001}
03/26/2026 03:50:08 - INFO - src.trainer -   {'loss': 0.9171351194381714, 'learning_rate': 1e-06, 'global_step': 15380, 'zo_forward_step': 30762, 'max_steps': 20000, 'max_zo_forward_steps': 0, 'time': 2015, 'eps': 0.001}
03/26/2026 03:50:09 - INFO - src.trainer -   {'loss': 1.3547402620315552, 'learning_rate': 1e-06, 'global_step': 15390, 'zo_forward_step': 30782, 'max_steps': 20000, 'max_zo_forward_steps': 0, 'time': 2016, 'eps': 0.001}
1521it [33:14,  1.54s/it]1532it [33:14,  1.04s/it]03/26/2026 03:50:10 - INFO - src.trainer -   {'eval_loss': 1.4058153629302979, 'eval_acc': 0.475}
03/26/2026 03:50:13 - INFO - src.trainer -   [zo_probe] step=15400 eps=1.000e-03 precision=fp32 n=16 mae=1.978343e+00 rmse=2.614210e+00 sign_acc=1.0000 corr=0.998355
03/26/2026 03:50:13 - INFO - src.trainer -   {'loss': 1.1187735795974731, 'learning_rate': 1e-06, 'global_step': 15400, 'zo_forward_step': 30802, 'max_steps': 20000, 'max_zo_forward_steps': 0, 'time': 2021, 'eps': 0.001}
03/26/2026 03:50:15 - INFO - src.trainer -   {'loss': 0.8444176912307739, 'learning_rate': 1e-06, 'global_step': 15410, 'zo_forward_step': 30822, 'max_steps': 20000, 'max_zo_forward_steps': 0, 'time': 2022, 'eps': 0.001}
03/26/2026 03:50:16 - INFO - src.trainer -   {'loss': 1.3555043935775757, 'learning_rate': 1e-06, 'global_step': 15420, 'zo_forward_step': 30842, 'max_steps': 20000, 'max_zo_forward_steps': 0, 'time': 2023, 'eps': 0.001}
03/26/2026 03:50:17 - INFO - src.trainer -   {'loss': 1.152191400527954, 'learning_rate': 1e-06, 'global_step': 15430, 'zo_forward_step': 30862, 'max_steps': 20000, 'max_zo_forward_steps': 0, 'time': 2024, 'eps': 0.001}
03/26/2026 03:50:18 - INFO - src.trainer -   {'loss': 0.8997213840484619, 'learning_rate': 1e-06, 'global_step': 15440, 'zo_forward_step': 30882, 'max_steps': 20000, 'max_zo_forward_steps': 0, 'time': 2025, 'eps': 0.001}
03/26/2026 03:50:19 - INFO - src.trainer -   {'loss': 1.2948414087295532, 'learning_rate': 1e-06, 'global_step': 15450, 'zo_forward_step': 30902, 'max_steps': 20000, 'max_zo_forward_steps': 0, 'time': 2026, 'eps': 0.001}
03/26/2026 03:50:20 - INFO - src.trainer -   {'loss': 1.1359328031539917, 'learning_rate': 1e-06, 'global_step': 15460, 'zo_forward_step': 30922, 'max_steps': 20000, 'max_zo_forward_steps': 0, 'time': 2028, 'eps': 0.001}
03/26/2026 03:50:21 - INFO - src.trainer -   {'loss': 0.8453382849693298, 'learning_rate': 1e-06, 'global_step': 15470, 'zo_forward_step': 30942, 'max_steps': 20000, 'max_zo_forward_steps': 0, 'time': 2029, 'eps': 0.001}
1540it [33:26,  1.04s/it]03/26/2026 03:50:23 - INFO - src.trainer -   {'loss': 1.3885170221328735, 'learning_rate': 1e-06, 'global_step': 15480, 'zo_forward_step': 30962, 'max_steps': 20000, 'max_zo_forward_steps': 0, 'time': 2030, 'eps': 0.001}
03/26/2026 03:50:24 - INFO - src.trainer -   {'loss': 1.1304895877838135, 'learning_rate': 1e-06, 'global_step': 15490, 'zo_forward_step': 30982, 'max_steps': 20000, 'max_zo_forward_steps': 0, 'time': 2031, 'eps': 0.001}
03/26/2026 03:50:25 - INFO - src.trainer -   {'loss': 0.7824701070785522, 'learning_rate': 1e-06, 'global_step': 15500, 'zo_forward_step': 31002, 'max_steps': 20000, 'max_zo_forward_steps': 0, 'time': 2032, 'eps': 0.001}
03/26/2026 03:50:26 - INFO - src.trainer -   {'loss': 1.389532208442688, 'learning_rate': 1e-06, 'global_step': 15510, 'zo_forward_step': 31022, 'max_steps': 20000, 'max_zo_forward_steps': 0, 'time': 2033, 'eps': 0.001}
03/26/2026 03:50:27 - INFO - src.trainer -   {'loss': 1.1368504762649536, 'learning_rate': 1e-06, 'global_step': 15520, 'zo_forward_step': 31042, 'max_steps': 20000, 'max_zo_forward_steps': 0, 'time': 2034, 'eps': 0.001}
03/26/2026 03:50:28 - INFO - src.trainer -   {'loss': 0.7747287154197693, 'learning_rate': 1e-06, 'global_step': 15530, 'zo_forward_step': 31062, 'max_steps': 20000, 'max_zo_forward_steps': 0, 'time': 2036, 'eps': 0.001}
03/26/2026 03:50:29 - INFO - src.trainer -   {'loss': 1.3989548683166504, 'learning_rate': 1e-06, 'global_step': 15540, 'zo_forward_step': 31082, 'max_steps': 20000, 'max_zo_forward_steps': 0, 'time': 2037, 'eps': 0.001}
03/26/2026 03:50:31 - INFO - src.trainer -   {'loss': 1.1882461309432983, 'learning_rate': 1e-06, 'global_step': 15550, 'zo_forward_step': 31102, 'max_steps': 20000, 'max_zo_forward_steps': 0, 'time': 2038, 'eps': 0.001}
03/26/2026 03:50:32 - INFO - src.trainer -   {'loss': 0.8684301376342773, 'learning_rate': 1e-06, 'global_step': 15560, 'zo_forward_step': 31122, 'max_steps': 20000, 'max_zo_forward_steps': 0, 'time': 2039, 'eps': 0.001}
03/26/2026 03:50:33 - INFO - src.trainer -   {'loss': 1.3964416980743408, 'learning_rate': 1e-06, 'global_step': 15570, 'zo_forward_step': 31142, 'max_steps': 20000, 'max_zo_forward_steps': 0, 'time': 2040, 'eps': 0.001}
03/26/2026 03:50:34 - INFO - src.trainer -   {'loss': 1.1906342506408691, 'learning_rate': 1e-06, 'global_step': 15580, 'zo_forward_step': 31162, 'max_steps': 20000, 'max_zo_forward_steps': 0, 'time': 2041, 'eps': 0.001}
03/26/2026 03:50:35 - INFO - src.trainer -   {'loss': 0.8188319206237793, 'learning_rate': 1e-06, 'global_step': 15590, 'zo_forward_step': 31182, 'max_steps': 20000, 'max_zo_forward_steps': 0, 'time': 2042, 'eps': 0.001}
1541it [33:40,  1.55s/it]1552it [33:40,  1.05s/it]03/26/2026 03:50:36 - INFO - src.trainer -   {'eval_loss': 1.4044934511184692, 'eval_acc': 0.4875}
03/26/2026 03:50:39 - INFO - src.trainer -   [zo_probe] step=15600 eps=1.000e-03 precision=fp32 n=16 mae=2.650722e+00 rmse=3.688555e+00 sign_acc=1.0000 corr=0.998755
03/26/2026 03:50:39 - INFO - src.trainer -   {'loss': 1.2943257093429565, 'learning_rate': 1e-06, 'global_step': 15600, 'zo_forward_step': 31202, 'max_steps': 20000, 'max_zo_forward_steps': 0, 'time': 2047, 'eps': 0.001}
03/26/2026 03:50:41 - INFO - src.trainer -   {'loss': 1.2806837558746338, 'learning_rate': 1e-06, 'global_step': 15610, 'zo_forward_step': 31222, 'max_steps': 20000, 'max_zo_forward_steps': 0, 'time': 2048, 'eps': 0.001}
03/26/2026 03:50:42 - INFO - src.trainer -   {'loss': 0.7916334867477417, 'learning_rate': 1e-06, 'global_step': 15620, 'zo_forward_step': 31242, 'max_steps': 20000, 'max_zo_forward_steps': 0, 'time': 2049, 'eps': 0.001}
03/26/2026 03:50:43 - INFO - src.trainer -   {'loss': 1.2419894933700562, 'learning_rate': 1e-06, 'global_step': 15630, 'zo_forward_step': 31262, 'max_steps': 20000, 'max_zo_forward_steps': 0, 'time': 2050, 'eps': 0.001}
03/26/2026 03:50:44 - INFO - src.trainer -   {'loss': 1.1914613246917725, 'learning_rate': 1e-06, 'global_step': 15640, 'zo_forward_step': 31282, 'max_steps': 20000, 'max_zo_forward_steps': 0, 'time': 2051, 'eps': 0.001}
03/26/2026 03:50:45 - INFO - src.trainer -   {'loss': 0.8574928045272827, 'learning_rate': 1e-06, 'global_step': 15650, 'zo_forward_step': 31302, 'max_steps': 20000, 'max_zo_forward_steps': 0, 'time': 2053, 'eps': 0.001}
03/26/2026 03:50:46 - INFO - src.trainer -   {'loss': 1.3489091396331787, 'learning_rate': 1e-06, 'global_step': 15660, 'zo_forward_step': 31322, 'max_steps': 20000, 'max_zo_forward_steps': 0, 'time': 2054, 'eps': 0.001}
03/26/2026 03:50:48 - INFO - src.trainer -   {'loss': 1.1914085149765015, 'learning_rate': 1e-06, 'global_step': 15670, 'zo_forward_step': 31342, 'max_steps': 20000, 'max_zo_forward_steps': 0, 'time': 2055, 'eps': 0.001}
03/26/2026 03:50:49 - INFO - src.trainer -   {'loss': 0.764003574848175, 'learning_rate': 1e-06, 'global_step': 15680, 'zo_forward_step': 31362, 'max_steps': 20000, 'max_zo_forward_steps': 0, 'time': 2056, 'eps': 0.001}
03/26/2026 03:50:50 - INFO - src.trainer -   {'loss': 1.2811814546585083, 'learning_rate': 1e-06, 'global_step': 15690, 'zo_forward_step': 31382, 'max_steps': 20000, 'max_zo_forward_steps': 0, 'time': 2057, 'eps': 0.001}
03/26/2026 03:50:51 - INFO - src.trainer -   {'loss': 1.1217676401138306, 'learning_rate': 1e-06, 'global_step': 15700, 'zo_forward_step': 31402, 'max_steps': 20000, 'max_zo_forward_steps': 0, 'time': 2058, 'eps': 0.001}
03/26/2026 03:50:52 - INFO - src.trainer -   {'loss': 0.8096401691436768, 'learning_rate': 1e-06, 'global_step': 15710, 'zo_forward_step': 31422, 'max_steps': 20000, 'max_zo_forward_steps': 0, 'time': 2059, 'eps': 0.001}
1560it [33:56,  1.05s/it]03/26/2026 03:50:53 - INFO - src.trainer -   {'loss': 1.3311083316802979, 'learning_rate': 1e-06, 'global_step': 15720, 'zo_forward_step': 31442, 'max_steps': 20000, 'max_zo_forward_steps': 0, 'time': 2061, 'eps': 0.001}
03/26/2026 03:50:54 - INFO - src.trainer -   {'loss': 1.0935263633728027, 'learning_rate': 1e-06, 'global_step': 15730, 'zo_forward_step': 31462, 'max_steps': 20000, 'max_zo_forward_steps': 0, 'time': 2062, 'eps': 0.001}
03/26/2026 03:50:55 - INFO - src.trainer -   {'loss': 0.7813085913658142, 'learning_rate': 1e-06, 'global_step': 15740, 'zo_forward_step': 31482, 'max_steps': 20000, 'max_zo_forward_steps': 0, 'time': 2063, 'eps': 0.001}
03/26/2026 03:50:57 - INFO - src.trainer -   {'loss': 1.3442691564559937, 'learning_rate': 1e-06, 'global_step': 15750, 'zo_forward_step': 31502, 'max_steps': 20000, 'max_zo_forward_steps': 0, 'time': 2064, 'eps': 0.001}
03/26/2026 03:50:58 - INFO - src.trainer -   {'loss': 1.2196663618087769, 'learning_rate': 1e-06, 'global_step': 15760, 'zo_forward_step': 31522, 'max_steps': 20000, 'max_zo_forward_steps': 0, 'time': 2065, 'eps': 0.001}
03/26/2026 03:50:59 - INFO - src.trainer -   {'loss': 0.8526792526245117, 'learning_rate': 1e-06, 'global_step': 15770, 'zo_forward_step': 31542, 'max_steps': 20000, 'max_zo_forward_steps': 0, 'time': 2066, 'eps': 0.001}
03/26/2026 03:51:00 - INFO - src.trainer -   {'loss': 1.382641077041626, 'learning_rate': 1e-06, 'global_step': 15780, 'zo_forward_step': 31562, 'max_steps': 20000, 'max_zo_forward_steps': 0, 'time': 2067, 'eps': 0.001}
03/26/2026 03:51:01 - INFO - src.trainer -   {'loss': 1.1542689800262451, 'learning_rate': 1e-06, 'global_step': 15790, 'zo_forward_step': 31582, 'max_steps': 20000, 'max_zo_forward_steps': 0, 'time': 2069, 'eps': 0.001}
1561it [34:06,  1.55s/it]1572it [34:06,  1.05s/it]03/26/2026 03:51:02 - INFO - src.trainer -   {'eval_loss': 1.4029490947723389, 'eval_acc': 0.4875}
03/26/2026 03:51:04 - INFO - src.trainer -   [zo_probe] step=15800 eps=1.000e-03 precision=fp32 n=16 mae=4.303757e+00 rmse=5.829944e+00 sign_acc=0.9375 corr=0.990406
03/26/2026 03:51:05 - INFO - src.trainer -   {'loss': 0.8716810941696167, 'learning_rate': 1e-06, 'global_step': 15800, 'zo_forward_step': 31602, 'max_steps': 20000, 'max_zo_forward_steps': 0, 'time': 2072, 'eps': 0.001}
03/26/2026 03:51:06 - INFO - src.trainer -   {'loss': 1.3535370826721191, 'learning_rate': 1e-06, 'global_step': 15810, 'zo_forward_step': 31622, 'max_steps': 20000, 'max_zo_forward_steps': 0, 'time': 2073, 'eps': 0.001}
03/26/2026 03:51:07 - INFO - src.trainer -   {'loss': 1.1289234161376953, 'learning_rate': 1e-06, 'global_step': 15820, 'zo_forward_step': 31642, 'max_steps': 20000, 'max_zo_forward_steps': 0, 'time': 2074, 'eps': 0.001}
03/26/2026 03:51:08 - INFO - src.trainer -   {'loss': 0.7643237709999084, 'learning_rate': 1e-06, 'global_step': 15830, 'zo_forward_step': 31662, 'max_steps': 20000, 'max_zo_forward_steps': 0, 'time': 2075, 'eps': 0.001}
03/26/2026 03:51:09 - INFO - src.trainer -   {'loss': 1.3141906261444092, 'learning_rate': 1e-06, 'global_step': 15840, 'zo_forward_step': 31682, 'max_steps': 20000, 'max_zo_forward_steps': 0, 'time': 2076, 'eps': 0.001}
03/26/2026 03:51:10 - INFO - src.trainer -   {'loss': 1.1809930801391602, 'learning_rate': 1e-06, 'global_step': 15850, 'zo_forward_step': 31702, 'max_steps': 20000, 'max_zo_forward_steps': 0, 'time': 2078, 'eps': 0.001}
03/26/2026 03:51:12 - INFO - src.trainer -   {'loss': 0.7710926532745361, 'learning_rate': 1e-06, 'global_step': 15860, 'zo_forward_step': 31722, 'max_steps': 20000, 'max_zo_forward_steps': 0, 'time': 2079, 'eps': 0.001}
03/26/2026 03:51:13 - INFO - src.trainer -   {'loss': 1.3382925987243652, 'learning_rate': 1e-06, 'global_step': 15870, 'zo_forward_step': 31742, 'max_steps': 20000, 'max_zo_forward_steps': 0, 'time': 2080, 'eps': 0.001}
03/26/2026 03:51:14 - INFO - src.trainer -   {'loss': 1.1904165744781494, 'learning_rate': 1e-06, 'global_step': 15880, 'zo_forward_step': 31762, 'max_steps': 20000, 'max_zo_forward_steps': 0, 'time': 2081, 'eps': 0.001}
03/26/2026 03:51:15 - INFO - src.trainer -   {'loss': 0.8239839673042297, 'learning_rate': 1e-06, 'global_step': 15890, 'zo_forward_step': 31782, 'max_steps': 20000, 'max_zo_forward_steps': 0, 'time': 2082, 'eps': 0.001}
03/26/2026 03:51:16 - INFO - src.trainer -   {'loss': 1.3540750741958618, 'learning_rate': 1e-06, 'global_step': 15900, 'zo_forward_step': 31802, 'max_steps': 20000, 'max_zo_forward_steps': 0, 'time': 2083, 'eps': 0.001}
03/26/2026 03:51:17 - INFO - src.trainer -   {'loss': 1.1744357347488403, 'learning_rate': 1e-06, 'global_step': 15910, 'zo_forward_step': 31822, 'max_steps': 20000, 'max_zo_forward_steps': 0, 'time': 2085, 'eps': 0.001}
03/26/2026 03:51:18 - INFO - src.trainer -   {'loss': 0.8034496307373047, 'learning_rate': 1e-06, 'global_step': 15920, 'zo_forward_step': 31842, 'max_steps': 20000, 'max_zo_forward_steps': 0, 'time': 2086, 'eps': 0.001}
03/26/2026 03:51:20 - INFO - src.trainer -   {'loss': 1.3519437313079834, 'learning_rate': 1e-06, 'global_step': 15930, 'zo_forward_step': 31862, 'max_steps': 20000, 'max_zo_forward_steps': 0, 'time': 2087, 'eps': 0.001}
03/26/2026 03:51:21 - INFO - src.trainer -   {'loss': 1.2567609548568726, 'learning_rate': 1e-06, 'global_step': 15940, 'zo_forward_step': 31882, 'max_steps': 20000, 'max_zo_forward_steps': 0, 'time': 2088, 'eps': 0.001}
03/26/2026 03:51:22 - INFO - src.trainer -   {'loss': 0.6638740301132202, 'learning_rate': 1e-06, 'global_step': 15950, 'zo_forward_step': 31902, 'max_steps': 20000, 'max_zo_forward_steps': 0, 'time': 2089, 'eps': 0.001}
1580it [34:26,  1.05s/it]03/26/2026 03:51:23 - INFO - src.trainer -   {'loss': 1.3386791944503784, 'learning_rate': 1e-06, 'global_step': 15960, 'zo_forward_step': 31922, 'max_steps': 20000, 'max_zo_forward_steps': 0, 'time': 2090, 'eps': 0.001}
03/26/2026 03:51:24 - INFO - src.trainer -   {'loss': 1.2718572616577148, 'learning_rate': 1e-06, 'global_step': 15970, 'zo_forward_step': 31942, 'max_steps': 20000, 'max_zo_forward_steps': 0, 'time': 2092, 'eps': 0.001}
03/26/2026 03:51:25 - INFO - src.trainer -   {'loss': 0.7193586826324463, 'learning_rate': 1e-06, 'global_step': 15980, 'zo_forward_step': 31962, 'max_steps': 20000, 'max_zo_forward_steps': 0, 'time': 2093, 'eps': 0.001}
03/26/2026 03:51:27 - INFO - src.trainer -   {'loss': 1.3909555673599243, 'learning_rate': 1e-06, 'global_step': 15990, 'zo_forward_step': 31982, 'max_steps': 20000, 'max_zo_forward_steps': 0, 'time': 2094, 'eps': 0.001}
1581it [34:32,  1.53s/it]1592it [34:32,  1.04s/it]03/26/2026 03:51:28 - INFO - src.trainer -   {'eval_loss': 1.4138180017471313, 'eval_acc': 0.45}
03/26/2026 03:51:31 - INFO - src.trainer -   [zo_probe] step=16000 eps=1.000e-03 precision=fp32 n=16 mae=2.180154e+00 rmse=3.347801e+00 sign_acc=1.0000 corr=0.997615
03/26/2026 03:51:31 - INFO - src.trainer -   {'loss': 1.190086007118225, 'learning_rate': 1e-06, 'global_step': 16000, 'zo_forward_step': 32002, 'max_steps': 20000, 'max_zo_forward_steps': 0, 'time': 2098, 'eps': 0.001}
03/26/2026 03:51:32 - INFO - src.trainer -   {'loss': 0.7074226140975952, 'learning_rate': 1e-06, 'global_step': 16010, 'zo_forward_step': 32022, 'max_steps': 20000, 'max_zo_forward_steps': 0, 'time': 2099, 'eps': 0.001}
03/26/2026 03:51:33 - INFO - src.trainer -   {'loss': 1.2565007209777832, 'learning_rate': 1e-06, 'global_step': 16020, 'zo_forward_step': 32042, 'max_steps': 20000, 'max_zo_forward_steps': 0, 'time': 2100, 'eps': 0.001}
03/26/2026 03:51:34 - INFO - src.trainer -   {'loss': 1.2773723602294922, 'learning_rate': 1e-06, 'global_step': 16030, 'zo_forward_step': 32062, 'max_steps': 20000, 'max_zo_forward_steps': 0, 'time': 2102, 'eps': 0.001}
03/26/2026 03:51:35 - INFO - src.trainer -   {'loss': 0.7517930269241333, 'learning_rate': 1e-06, 'global_step': 16040, 'zo_forward_step': 32082, 'max_steps': 20000, 'max_zo_forward_steps': 0, 'time': 2103, 'eps': 0.001}
03/26/2026 03:51:37 - INFO - src.trainer -   {'loss': 1.3544366359710693, 'learning_rate': 1e-06, 'global_step': 16050, 'zo_forward_step': 32102, 'max_steps': 20000, 'max_zo_forward_steps': 0, 'time': 2104, 'eps': 0.001}
03/26/2026 03:51:38 - INFO - src.trainer -   {'loss': 1.273449420928955, 'learning_rate': 1e-06, 'global_step': 16060, 'zo_forward_step': 32122, 'max_steps': 20000, 'max_zo_forward_steps': 0, 'time': 2105, 'eps': 0.001}
03/26/2026 03:51:39 - INFO - src.trainer -   {'loss': 0.7041149139404297, 'learning_rate': 1e-06, 'global_step': 16070, 'zo_forward_step': 32142, 'max_steps': 20000, 'max_zo_forward_steps': 0, 'time': 2106, 'eps': 0.001}
03/26/2026 03:51:40 - INFO - src.trainer -   {'loss': 1.3368796110153198, 'learning_rate': 1e-06, 'global_step': 16080, 'zo_forward_step': 32162, 'max_steps': 20000, 'max_zo_forward_steps': 0, 'time': 2107, 'eps': 0.001}
03/26/2026 03:51:41 - INFO - src.trainer -   {'loss': 1.2312403917312622, 'learning_rate': 1e-06, 'global_step': 16090, 'zo_forward_step': 32182, 'max_steps': 20000, 'max_zo_forward_steps': 0, 'time': 2108, 'eps': 0.001}
1600it [34:46,  1.04s/it]03/26/2026 03:51:42 - INFO - src.trainer -   {'loss': 0.8091485500335693, 'learning_rate': 1e-06, 'global_step': 16100, 'zo_forward_step': 32202, 'max_steps': 20000, 'max_zo_forward_steps': 0, 'time': 2110, 'eps': 0.001}
03/26/2026 03:51:43 - INFO - src.trainer -   {'loss': 1.3785309791564941, 'learning_rate': 1e-06, 'global_step': 16110, 'zo_forward_step': 32222, 'max_steps': 20000, 'max_zo_forward_steps': 0, 'time': 2111, 'eps': 0.001}
03/26/2026 03:51:45 - INFO - src.trainer -   {'loss': 1.1902382373809814, 'learning_rate': 1e-06, 'global_step': 16120, 'zo_forward_step': 32242, 'max_steps': 20000, 'max_zo_forward_steps': 0, 'time': 2112, 'eps': 0.001}
03/26/2026 03:51:46 - INFO - src.trainer -   {'loss': 0.6987585425376892, 'learning_rate': 1e-06, 'global_step': 16130, 'zo_forward_step': 32262, 'max_steps': 20000, 'max_zo_forward_steps': 0, 'time': 2113, 'eps': 0.001}
03/26/2026 03:51:47 - INFO - src.trainer -   {'loss': 1.3310788869857788, 'learning_rate': 1e-06, 'global_step': 16140, 'zo_forward_step': 32282, 'max_steps': 20000, 'max_zo_forward_steps': 0, 'time': 2114, 'eps': 0.001}
03/26/2026 03:51:48 - INFO - src.trainer -   {'loss': 1.2840546369552612, 'learning_rate': 1e-06, 'global_step': 16150, 'zo_forward_step': 32302, 'max_steps': 20000, 'max_zo_forward_steps': 0, 'time': 2115, 'eps': 0.001}
03/26/2026 03:51:49 - INFO - src.trainer -   {'loss': 0.7677230834960938, 'learning_rate': 1e-06, 'global_step': 16160, 'zo_forward_step': 32322, 'max_steps': 20000, 'max_zo_forward_steps': 0, 'time': 2117, 'eps': 0.001}
03/26/2026 03:51:50 - INFO - src.trainer -   {'loss': 1.2686933279037476, 'learning_rate': 1e-06, 'global_step': 16170, 'zo_forward_step': 32342, 'max_steps': 20000, 'max_zo_forward_steps': 0, 'time': 2118, 'eps': 0.001}
03/26/2026 03:51:52 - INFO - src.trainer -   {'loss': 1.186003565788269, 'learning_rate': 1e-06, 'global_step': 16180, 'zo_forward_step': 32362, 'max_steps': 20000, 'max_zo_forward_steps': 0, 'time': 2119, 'eps': 0.001}
03/26/2026 03:51:53 - INFO - src.trainer -   {'loss': 0.7938300967216492, 'learning_rate': 1e-06, 'global_step': 16190, 'zo_forward_step': 32382, 'max_steps': 20000, 'max_zo_forward_steps': 0, 'time': 2120, 'eps': 0.001}
1601it [34:58,  1.55s/it]1612it [34:58,  1.05s/it]03/26/2026 03:51:54 - INFO - src.trainer -   {'eval_loss': 1.4011636972427368, 'eval_acc': 0.475}
03/26/2026 03:51:57 - INFO - src.trainer -   [zo_probe] step=16200 eps=1.000e-03 precision=fp32 n=16 mae=2.083447e+00 rmse=2.443556e+00 sign_acc=1.0000 corr=0.998700
03/26/2026 03:51:57 - INFO - src.trainer -   {'loss': 1.2682487964630127, 'learning_rate': 1e-06, 'global_step': 16200, 'zo_forward_step': 32402, 'max_steps': 20000, 'max_zo_forward_steps': 0, 'time': 2124, 'eps': 0.001}
03/26/2026 03:51:58 - INFO - src.trainer -   {'loss': 1.1790437698364258, 'learning_rate': 1e-06, 'global_step': 16210, 'zo_forward_step': 32422, 'max_steps': 20000, 'max_zo_forward_steps': 0, 'time': 2125, 'eps': 0.001}
03/26/2026 03:51:59 - INFO - src.trainer -   {'loss': 0.6808739304542542, 'learning_rate': 1e-06, 'global_step': 16220, 'zo_forward_step': 32442, 'max_steps': 20000, 'max_zo_forward_steps': 0, 'time': 2127, 'eps': 0.001}
03/26/2026 03:52:00 - INFO - src.trainer -   {'loss': 1.292305827140808, 'learning_rate': 1e-06, 'global_step': 16230, 'zo_forward_step': 32462, 'max_steps': 20000, 'max_zo_forward_steps': 0, 'time': 2128, 'eps': 0.001}
03/26/2026 03:52:02 - INFO - src.trainer -   {'loss': 1.1810672283172607, 'learning_rate': 1e-06, 'global_step': 16240, 'zo_forward_step': 32482, 'max_steps': 20000, 'max_zo_forward_steps': 0, 'time': 2129, 'eps': 0.001}
03/26/2026 03:52:03 - INFO - src.trainer -   {'loss': 0.8551485538482666, 'learning_rate': 1e-06, 'global_step': 16250, 'zo_forward_step': 32502, 'max_steps': 20000, 'max_zo_forward_steps': 0, 'time': 2130, 'eps': 0.001}
03/26/2026 03:52:04 - INFO - src.trainer -   {'loss': 1.4042433500289917, 'learning_rate': 1e-06, 'global_step': 16260, 'zo_forward_step': 32522, 'max_steps': 20000, 'max_zo_forward_steps': 0, 'time': 2131, 'eps': 0.001}
03/26/2026 03:52:05 - INFO - src.trainer -   {'loss': 1.3270378112792969, 'learning_rate': 1e-06, 'global_step': 16270, 'zo_forward_step': 32542, 'max_steps': 20000, 'max_zo_forward_steps': 0, 'time': 2132, 'eps': 0.001}
03/26/2026 03:52:06 - INFO - src.trainer -   {'loss': 0.751768946647644, 'learning_rate': 1e-06, 'global_step': 16280, 'zo_forward_step': 32562, 'max_steps': 20000, 'max_zo_forward_steps': 0, 'time': 2133, 'eps': 0.001}
03/26/2026 03:52:07 - INFO - src.trainer -   {'loss': 1.290802240371704, 'learning_rate': 1e-06, 'global_step': 16290, 'zo_forward_step': 32582, 'max_steps': 20000, 'max_zo_forward_steps': 0, 'time': 2135, 'eps': 0.001}
03/26/2026 03:52:10 - INFO - src.trainer -   {'loss': 1.1480289697647095, 'learning_rate': 1e-06, 'global_step': 16300, 'zo_forward_step': 32602, 'max_steps': 20000, 'max_zo_forward_steps': 0, 'time': 2137, 'eps': 0.001}
03/26/2026 03:52:11 - INFO - src.trainer -   {'loss': 0.8110884428024292, 'learning_rate': 1e-06, 'global_step': 16310, 'zo_forward_step': 32622, 'max_steps': 20000, 'max_zo_forward_steps': 0, 'time': 2139, 'eps': 0.001}
1620it [35:16,  1.05s/it]03/26/2026 03:52:12 - INFO - src.trainer -   {'loss': 1.2545416355133057, 'learning_rate': 1e-06, 'global_step': 16320, 'zo_forward_step': 32642, 'max_steps': 20000, 'max_zo_forward_steps': 0, 'time': 2140, 'eps': 0.001}
03/26/2026 03:52:14 - INFO - src.trainer -   {'loss': 1.2455742359161377, 'learning_rate': 1e-06, 'global_step': 16330, 'zo_forward_step': 32662, 'max_steps': 20000, 'max_zo_forward_steps': 0, 'time': 2141, 'eps': 0.001}
03/26/2026 03:52:17 - INFO - src.trainer -   {'loss': 0.7632466554641724, 'learning_rate': 1e-06, 'global_step': 16340, 'zo_forward_step': 32682, 'max_steps': 20000, 'max_zo_forward_steps': 0, 'time': 2145, 'eps': 0.001}
03/26/2026 03:52:18 - INFO - src.trainer -   {'loss': 1.2915544509887695, 'learning_rate': 1e-06, 'global_step': 16350, 'zo_forward_step': 32702, 'max_steps': 20000, 'max_zo_forward_steps': 0, 'time': 2146, 'eps': 0.001}
03/26/2026 03:52:20 - INFO - src.trainer -   {'loss': 1.2907949686050415, 'learning_rate': 1e-06, 'global_step': 16360, 'zo_forward_step': 32722, 'max_steps': 20000, 'max_zo_forward_steps': 0, 'time': 2147, 'eps': 0.001}
03/26/2026 03:52:21 - INFO - src.trainer -   {'loss': 0.785717785358429, 'learning_rate': 1e-06, 'global_step': 16370, 'zo_forward_step': 32742, 'max_steps': 20000, 'max_zo_forward_steps': 0, 'time': 2148, 'eps': 0.001}
03/26/2026 03:52:22 - INFO - src.trainer -   {'loss': 1.3367955684661865, 'learning_rate': 1e-06, 'global_step': 16380, 'zo_forward_step': 32762, 'max_steps': 20000, 'max_zo_forward_steps': 0, 'time': 2149, 'eps': 0.001}
03/26/2026 03:52:23 - INFO - src.trainer -   {'loss': 1.2400120496749878, 'learning_rate': 1e-06, 'global_step': 16390, 'zo_forward_step': 32782, 'max_steps': 20000, 'max_zo_forward_steps': 0, 'time': 2150, 'eps': 0.001}
1621it [35:28,  1.69s/it]1632it [35:28,  1.14s/it]03/26/2026 03:52:24 - INFO - src.trainer -   {'eval_loss': 1.4011342525482178, 'eval_acc': 0.4625}
03/26/2026 03:52:26 - INFO - src.trainer -   [zo_probe] step=16400 eps=1.000e-03 precision=fp32 n=16 mae=2.362214e+00 rmse=2.688434e+00 sign_acc=1.0000 corr=0.998852
03/26/2026 03:52:26 - INFO - src.trainer -   {'loss': 0.764511227607727, 'learning_rate': 1e-06, 'global_step': 16400, 'zo_forward_step': 32802, 'max_steps': 20000, 'max_zo_forward_steps': 0, 'time': 2154, 'eps': 0.001}
03/26/2026 03:52:28 - INFO - src.trainer -   {'loss': 1.3241342306137085, 'learning_rate': 1e-06, 'global_step': 16410, 'zo_forward_step': 32822, 'max_steps': 20000, 'max_zo_forward_steps': 0, 'time': 2155, 'eps': 0.001}
03/26/2026 03:52:29 - INFO - src.trainer -   {'loss': 1.2492891550064087, 'learning_rate': 1e-06, 'global_step': 16420, 'zo_forward_step': 32842, 'max_steps': 20000, 'max_zo_forward_steps': 0, 'time': 2156, 'eps': 0.001}
03/26/2026 03:52:30 - INFO - src.trainer -   {'loss': 0.7735028266906738, 'learning_rate': 1e-06, 'global_step': 16430, 'zo_forward_step': 32862, 'max_steps': 20000, 'max_zo_forward_steps': 0, 'time': 2157, 'eps': 0.001}
03/26/2026 03:52:31 - INFO - src.trainer -   {'loss': 1.2826542854309082, 'learning_rate': 1e-06, 'global_step': 16440, 'zo_forward_step': 32882, 'max_steps': 20000, 'max_zo_forward_steps': 0, 'time': 2158, 'eps': 0.001}
03/26/2026 03:52:32 - INFO - src.trainer -   {'loss': 1.1239689588546753, 'learning_rate': 1e-06, 'global_step': 16450, 'zo_forward_step': 32902, 'max_steps': 20000, 'max_zo_forward_steps': 0, 'time': 2159, 'eps': 0.001}
03/26/2026 03:52:33 - INFO - src.trainer -   {'loss': 0.7980680465698242, 'learning_rate': 1e-06, 'global_step': 16460, 'zo_forward_step': 32922, 'max_steps': 20000, 'max_zo_forward_steps': 0, 'time': 2160, 'eps': 0.001}
03/26/2026 03:52:34 - INFO - src.trainer -   {'loss': 1.3910127878189087, 'learning_rate': 1e-06, 'global_step': 16470, 'zo_forward_step': 32942, 'max_steps': 20000, 'max_zo_forward_steps': 0, 'time': 2162, 'eps': 0.001}
03/26/2026 03:52:35 - INFO - src.trainer -   {'loss': 1.2410939931869507, 'learning_rate': 1e-06, 'global_step': 16480, 'zo_forward_step': 32962, 'max_steps': 20000, 'max_zo_forward_steps': 0, 'time': 2163, 'eps': 0.001}
03/26/2026 03:52:37 - INFO - src.trainer -   {'loss': 0.822414219379425, 'learning_rate': 1e-06, 'global_step': 16490, 'zo_forward_step': 32982, 'max_steps': 20000, 'max_zo_forward_steps': 0, 'time': 2164, 'eps': 0.001}
03/26/2026 03:52:38 - INFO - src.trainer -   {'loss': 1.2936465740203857, 'learning_rate': 1e-06, 'global_step': 16500, 'zo_forward_step': 33002, 'max_steps': 20000, 'max_zo_forward_steps': 0, 'time': 2165, 'eps': 0.001}
03/26/2026 03:52:39 - INFO - src.trainer -   {'loss': 1.1892216205596924, 'learning_rate': 1e-06, 'global_step': 16510, 'zo_forward_step': 33022, 'max_steps': 20000, 'max_zo_forward_steps': 0, 'time': 2166, 'eps': 0.001}
03/26/2026 03:52:40 - INFO - src.trainer -   {'loss': 0.7315917611122131, 'learning_rate': 1e-06, 'global_step': 16520, 'zo_forward_step': 33042, 'max_steps': 20000, 'max_zo_forward_steps': 0, 'time': 2167, 'eps': 0.001}
03/26/2026 03:52:41 - INFO - src.trainer -   {'loss': 1.2611851692199707, 'learning_rate': 1e-06, 'global_step': 16530, 'zo_forward_step': 33062, 'max_steps': 20000, 'max_zo_forward_steps': 0, 'time': 2168, 'eps': 0.001}
03/26/2026 03:52:42 - INFO - src.trainer -   {'loss': 1.1296021938323975, 'learning_rate': 1e-06, 'global_step': 16540, 'zo_forward_step': 33082, 'max_steps': 20000, 'max_zo_forward_steps': 0, 'time': 2169, 'eps': 0.001}
1640it [35:46,  1.14s/it]03/26/2026 03:52:43 - INFO - src.trainer -   {'loss': 0.7697892785072327, 'learning_rate': 1e-06, 'global_step': 16550, 'zo_forward_step': 33102, 'max_steps': 20000, 'max_zo_forward_steps': 0, 'time': 2171, 'eps': 0.001}
03/26/2026 03:52:44 - INFO - src.trainer -   {'loss': 1.2602137327194214, 'learning_rate': 1e-06, 'global_step': 16560, 'zo_forward_step': 33122, 'max_steps': 20000, 'max_zo_forward_steps': 0, 'time': 2172, 'eps': 0.001}
03/26/2026 03:52:46 - INFO - src.trainer -   {'loss': 1.2422940731048584, 'learning_rate': 1e-06, 'global_step': 16570, 'zo_forward_step': 33142, 'max_steps': 20000, 'max_zo_forward_steps': 0, 'time': 2173, 'eps': 0.001}
03/26/2026 03:52:47 - INFO - src.trainer -   {'loss': 0.7822479605674744, 'learning_rate': 1e-06, 'global_step': 16580, 'zo_forward_step': 33162, 'max_steps': 20000, 'max_zo_forward_steps': 0, 'time': 2174, 'eps': 0.001}
03/26/2026 03:52:48 - INFO - src.trainer -   {'loss': 1.3732417821884155, 'learning_rate': 1e-06, 'global_step': 16590, 'zo_forward_step': 33182, 'max_steps': 20000, 'max_zo_forward_steps': 0, 'time': 2175, 'eps': 0.001}
1641it [35:53,  1.58s/it]1652it [35:53,  1.07s/it]03/26/2026 03:52:49 - INFO - src.trainer -   {'eval_loss': 1.3927409648895264, 'eval_acc': 0.45}
03/26/2026 03:52:52 - INFO - src.trainer -   [zo_probe] step=16600 eps=1.000e-03 precision=fp32 n=16 mae=2.559072e+00 rmse=2.896304e+00 sign_acc=1.0000 corr=0.998387
03/26/2026 03:52:52 - INFO - src.trainer -   {'loss': 1.2173333168029785, 'learning_rate': 1e-06, 'global_step': 16600, 'zo_forward_step': 33202, 'max_steps': 20000, 'max_zo_forward_steps': 0, 'time': 2179, 'eps': 0.001}
03/26/2026 03:52:53 - INFO - src.trainer -   {'loss': 0.8284169435501099, 'learning_rate': 1e-06, 'global_step': 16610, 'zo_forward_step': 33222, 'max_steps': 20000, 'max_zo_forward_steps': 0, 'time': 2180, 'eps': 0.001}
03/26/2026 03:52:54 - INFO - src.trainer -   {'loss': 1.2462875843048096, 'learning_rate': 1e-06, 'global_step': 16620, 'zo_forward_step': 33242, 'max_steps': 20000, 'max_zo_forward_steps': 0, 'time': 2182, 'eps': 0.001}
03/26/2026 03:52:55 - INFO - src.trainer -   {'loss': 1.1560369729995728, 'learning_rate': 1e-06, 'global_step': 16630, 'zo_forward_step': 33262, 'max_steps': 20000, 'max_zo_forward_steps': 0, 'time': 2183, 'eps': 0.001}
03/26/2026 03:52:57 - INFO - src.trainer -   {'loss': 0.7896478176116943, 'learning_rate': 1e-06, 'global_step': 16640, 'zo_forward_step': 33282, 'max_steps': 20000, 'max_zo_forward_steps': 0, 'time': 2184, 'eps': 0.001}
03/26/2026 03:52:58 - INFO - src.trainer -   {'loss': 1.2765012979507446, 'learning_rate': 1e-06, 'global_step': 16650, 'zo_forward_step': 33302, 'max_steps': 20000, 'max_zo_forward_steps': 0, 'time': 2185, 'eps': 0.001}
03/26/2026 03:52:59 - INFO - src.trainer -   {'loss': 1.25822114944458, 'learning_rate': 1e-06, 'global_step': 16660, 'zo_forward_step': 33322, 'max_steps': 20000, 'max_zo_forward_steps': 0, 'time': 2186, 'eps': 0.001}
03/26/2026 03:53:00 - INFO - src.trainer -   {'loss': 0.8351940512657166, 'learning_rate': 1e-06, 'global_step': 16670, 'zo_forward_step': 33342, 'max_steps': 20000, 'max_zo_forward_steps': 0, 'time': 2187, 'eps': 0.001}
03/26/2026 03:53:01 - INFO - src.trainer -   {'loss': 1.2293827533721924, 'learning_rate': 1e-06, 'global_step': 16680, 'zo_forward_step': 33362, 'max_steps': 20000, 'max_zo_forward_steps': 0, 'time': 2188, 'eps': 0.001}
1660it [36:06,  1.07s/it]03/26/2026 03:53:02 - INFO - src.trainer -   {'loss': 1.2279490232467651, 'learning_rate': 1e-06, 'global_step': 16690, 'zo_forward_step': 33382, 'max_steps': 20000, 'max_zo_forward_steps': 0, 'time': 2190, 'eps': 0.001}
03/26/2026 03:53:03 - INFO - src.trainer -   {'loss': 0.7779836654663086, 'learning_rate': 1e-06, 'global_step': 16700, 'zo_forward_step': 33402, 'max_steps': 20000, 'max_zo_forward_steps': 0, 'time': 2191, 'eps': 0.001}
03/26/2026 03:53:04 - INFO - src.trainer -   {'loss': 1.339356541633606, 'learning_rate': 1e-06, 'global_step': 16710, 'zo_forward_step': 33422, 'max_steps': 20000, 'max_zo_forward_steps': 0, 'time': 2192, 'eps': 0.001}
03/26/2026 03:53:06 - INFO - src.trainer -   {'loss': 1.1603552103042603, 'learning_rate': 1e-06, 'global_step': 16720, 'zo_forward_step': 33442, 'max_steps': 20000, 'max_zo_forward_steps': 0, 'time': 2193, 'eps': 0.001}
03/26/2026 03:53:07 - INFO - src.trainer -   {'loss': 0.7559881210327148, 'learning_rate': 1e-06, 'global_step': 16730, 'zo_forward_step': 33462, 'max_steps': 20000, 'max_zo_forward_steps': 0, 'time': 2194, 'eps': 0.001}
03/26/2026 03:53:08 - INFO - src.trainer -   {'loss': 1.2511402368545532, 'learning_rate': 1e-06, 'global_step': 16740, 'zo_forward_step': 33482, 'max_steps': 20000, 'max_zo_forward_steps': 0, 'time': 2195, 'eps': 0.001}
03/26/2026 03:53:09 - INFO - src.trainer -   {'loss': 1.2540117502212524, 'learning_rate': 1e-06, 'global_step': 16750, 'zo_forward_step': 33502, 'max_steps': 20000, 'max_zo_forward_steps': 0, 'time': 2196, 'eps': 0.001}
03/26/2026 03:53:10 - INFO - src.trainer -   {'loss': 0.8277762532234192, 'learning_rate': 1e-06, 'global_step': 16760, 'zo_forward_step': 33522, 'max_steps': 20000, 'max_zo_forward_steps': 0, 'time': 2197, 'eps': 0.001}
03/26/2026 03:53:11 - INFO - src.trainer -   {'loss': 1.2951254844665527, 'learning_rate': 1e-06, 'global_step': 16770, 'zo_forward_step': 33542, 'max_steps': 20000, 'max_zo_forward_steps': 0, 'time': 2199, 'eps': 0.001}
03/26/2026 03:53:12 - INFO - src.trainer -   {'loss': 1.2078967094421387, 'learning_rate': 1e-06, 'global_step': 16780, 'zo_forward_step': 33562, 'max_steps': 20000, 'max_zo_forward_steps': 0, 'time': 2200, 'eps': 0.001}
03/26/2026 03:53:14 - INFO - src.trainer -   {'loss': 0.8314046263694763, 'learning_rate': 1e-06, 'global_step': 16790, 'zo_forward_step': 33582, 'max_steps': 20000, 'max_zo_forward_steps': 0, 'time': 2201, 'eps': 0.001}
1661it [36:19,  1.56s/it]1672it [36:19,  1.06s/it]03/26/2026 03:53:15 - INFO - src.trainer -   {'eval_loss': 1.3833743333816528, 'eval_acc': 0.45}
03/26/2026 03:53:18 - INFO - src.trainer -   [zo_probe] step=16800 eps=1.000e-03 precision=fp32 n=16 mae=2.392124e+00 rmse=3.033126e+00 sign_acc=1.0000 corr=0.998687
03/26/2026 03:53:18 - INFO - src.trainer -   {'loss': 1.2710014581680298, 'learning_rate': 1e-06, 'global_step': 16800, 'zo_forward_step': 33602, 'max_steps': 20000, 'max_zo_forward_steps': 0, 'time': 2205, 'eps': 0.001}
03/26/2026 03:53:19 - INFO - src.trainer -   {'loss': 1.2553722858428955, 'learning_rate': 1e-06, 'global_step': 16810, 'zo_forward_step': 33622, 'max_steps': 20000, 'max_zo_forward_steps': 0, 'time': 2206, 'eps': 0.001}
03/26/2026 03:53:20 - INFO - src.trainer -   {'loss': 0.7538028359413147, 'learning_rate': 1e-06, 'global_step': 16820, 'zo_forward_step': 33642, 'max_steps': 20000, 'max_zo_forward_steps': 0, 'time': 2207, 'eps': 0.001}
03/26/2026 03:53:21 - INFO - src.trainer -   {'loss': 1.3494385480880737, 'learning_rate': 1e-06, 'global_step': 16830, 'zo_forward_step': 33662, 'max_steps': 20000, 'max_zo_forward_steps': 0, 'time': 2209, 'eps': 0.001}
03/26/2026 03:53:22 - INFO - src.trainer -   {'loss': 1.1204453706741333, 'learning_rate': 1e-06, 'global_step': 16840, 'zo_forward_step': 33682, 'max_steps': 20000, 'max_zo_forward_steps': 0, 'time': 2210, 'eps': 0.001}
03/26/2026 03:53:24 - INFO - src.trainer -   {'loss': 0.7943036556243896, 'learning_rate': 1e-06, 'global_step': 16850, 'zo_forward_step': 33702, 'max_steps': 20000, 'max_zo_forward_steps': 0, 'time': 2211, 'eps': 0.001}
03/26/2026 03:53:25 - INFO - src.trainer -   {'loss': 1.3645761013031006, 'learning_rate': 1e-06, 'global_step': 16860, 'zo_forward_step': 33722, 'max_steps': 20000, 'max_zo_forward_steps': 0, 'time': 2212, 'eps': 0.001}
03/26/2026 03:53:26 - INFO - src.trainer -   {'loss': 1.2249094247817993, 'learning_rate': 1e-06, 'global_step': 16870, 'zo_forward_step': 33742, 'max_steps': 20000, 'max_zo_forward_steps': 0, 'time': 2213, 'eps': 0.001}
03/26/2026 03:53:27 - INFO - src.trainer -   {'loss': 0.8314832448959351, 'learning_rate': 1e-06, 'global_step': 16880, 'zo_forward_step': 33762, 'max_steps': 20000, 'max_zo_forward_steps': 0, 'time': 2214, 'eps': 0.001}
03/26/2026 03:53:28 - INFO - src.trainer -   {'loss': 1.4769313335418701, 'learning_rate': 1e-06, 'global_step': 16890, 'zo_forward_step': 33782, 'max_steps': 20000, 'max_zo_forward_steps': 0, 'time': 2215, 'eps': 0.001}
03/26/2026 03:53:29 - INFO - src.trainer -   {'loss': 1.0725759267807007, 'learning_rate': 1e-06, 'global_step': 16900, 'zo_forward_step': 33802, 'max_steps': 20000, 'max_zo_forward_steps': 0, 'time': 2216, 'eps': 0.001}
03/26/2026 03:53:30 - INFO - src.trainer -   {'loss': 0.8200877904891968, 'learning_rate': 1e-06, 'global_step': 16910, 'zo_forward_step': 33822, 'max_steps': 20000, 'max_zo_forward_steps': 0, 'time': 2218, 'eps': 0.001}
03/26/2026 03:53:31 - INFO - src.trainer -   {'loss': 1.2695895433425903, 'learning_rate': 1e-06, 'global_step': 16920, 'zo_forward_step': 33842, 'max_steps': 20000, 'max_zo_forward_steps': 0, 'time': 2219, 'eps': 0.001}
1680it [36:36,  1.06s/it]03/26/2026 03:53:33 - INFO - src.trainer -   {'loss': 1.1551181077957153, 'learning_rate': 1e-06, 'global_step': 16930, 'zo_forward_step': 33862, 'max_steps': 20000, 'max_zo_forward_steps': 0, 'time': 2220, 'eps': 0.001}
03/26/2026 03:53:34 - INFO - src.trainer -   {'loss': 0.893485426902771, 'learning_rate': 1e-06, 'global_step': 16940, 'zo_forward_step': 33882, 'max_steps': 20000, 'max_zo_forward_steps': 0, 'time': 2221, 'eps': 0.001}
03/26/2026 03:53:35 - INFO - src.trainer -   {'loss': 1.2058194875717163, 'learning_rate': 1e-06, 'global_step': 16950, 'zo_forward_step': 33902, 'max_steps': 20000, 'max_zo_forward_steps': 0, 'time': 2222, 'eps': 0.001}
03/26/2026 03:53:36 - INFO - src.trainer -   {'loss': 1.1124804019927979, 'learning_rate': 1e-06, 'global_step': 16960, 'zo_forward_step': 33922, 'max_steps': 20000, 'max_zo_forward_steps': 0, 'time': 2223, 'eps': 0.001}
03/26/2026 03:53:37 - INFO - src.trainer -   {'loss': 0.7682772874832153, 'learning_rate': 1e-06, 'global_step': 16970, 'zo_forward_step': 33942, 'max_steps': 20000, 'max_zo_forward_steps': 0, 'time': 2224, 'eps': 0.001}
03/26/2026 03:53:38 - INFO - src.trainer -   {'loss': 1.3138632774353027, 'learning_rate': 1e-06, 'global_step': 16980, 'zo_forward_step': 33962, 'max_steps': 20000, 'max_zo_forward_steps': 0, 'time': 2226, 'eps': 0.001}
03/26/2026 03:53:39 - INFO - src.trainer -   {'loss': 1.0366253852844238, 'learning_rate': 1e-06, 'global_step': 16990, 'zo_forward_step': 33982, 'max_steps': 20000, 'max_zo_forward_steps': 0, 'time': 2227, 'eps': 0.001}
1681it [36:44,  1.55s/it]1692it [36:45,  1.05s/it]03/26/2026 03:53:41 - INFO - src.trainer -   {'eval_loss': 1.3874460458755493, 'eval_acc': 0.4375}
03/26/2026 03:53:43 - INFO - src.trainer -   [zo_probe] step=17000 eps=1.000e-03 precision=fp32 n=16 mae=3.143100e+00 rmse=4.041985e+00 sign_acc=0.9375 corr=0.996805
03/26/2026 03:53:43 - INFO - src.trainer -   {'loss': 0.8139183521270752, 'learning_rate': 1e-06, 'global_step': 17000, 'zo_forward_step': 34002, 'max_steps': 20000, 'max_zo_forward_steps': 0, 'time': 2230, 'eps': 0.001}
03/26/2026 03:53:44 - INFO - src.trainer -   {'loss': 1.3494360446929932, 'learning_rate': 1e-06, 'global_step': 17010, 'zo_forward_step': 34022, 'max_steps': 20000, 'max_zo_forward_steps': 0, 'time': 2231, 'eps': 0.001}
03/26/2026 03:53:45 - INFO - src.trainer -   {'loss': 1.1616743803024292, 'learning_rate': 1e-06, 'global_step': 17020, 'zo_forward_step': 34042, 'max_steps': 20000, 'max_zo_forward_steps': 0, 'time': 2232, 'eps': 0.001}
03/26/2026 03:53:46 - INFO - src.trainer -   {'loss': 0.7641397714614868, 'learning_rate': 1e-06, 'global_step': 17030, 'zo_forward_step': 34062, 'max_steps': 20000, 'max_zo_forward_steps': 0, 'time': 2233, 'eps': 0.001}
03/26/2026 03:53:47 - INFO - src.trainer -   {'loss': 1.3567105531692505, 'learning_rate': 1e-06, 'global_step': 17040, 'zo_forward_step': 34082, 'max_steps': 20000, 'max_zo_forward_steps': 0, 'time': 2235, 'eps': 0.001}
03/26/2026 03:53:48 - INFO - src.trainer -   {'loss': 1.0831971168518066, 'learning_rate': 1e-06, 'global_step': 17050, 'zo_forward_step': 34102, 'max_steps': 20000, 'max_zo_forward_steps': 0, 'time': 2236, 'eps': 0.001}
03/26/2026 03:53:50 - INFO - src.trainer -   {'loss': 0.8215386271476746, 'learning_rate': 1e-06, 'global_step': 17060, 'zo_forward_step': 34122, 'max_steps': 20000, 'max_zo_forward_steps': 0, 'time': 2237, 'eps': 0.001}
03/26/2026 03:53:51 - INFO - src.trainer -   {'loss': 1.3318084478378296, 'learning_rate': 1e-06, 'global_step': 17070, 'zo_forward_step': 34142, 'max_steps': 20000, 'max_zo_forward_steps': 0, 'time': 2238, 'eps': 0.001}
03/26/2026 03:53:52 - INFO - src.trainer -   {'loss': 1.2050186395645142, 'learning_rate': 1e-06, 'global_step': 17080, 'zo_forward_step': 34162, 'max_steps': 20000, 'max_zo_forward_steps': 0, 'time': 2239, 'eps': 0.001}
1700it [36:56,  1.05s/it]03/26/2026 03:53:53 - INFO - src.trainer -   {'loss': 0.9144546389579773, 'learning_rate': 1e-06, 'global_step': 17090, 'zo_forward_step': 34182, 'max_steps': 20000, 'max_zo_forward_steps': 0, 'time': 2240, 'eps': 0.001}
03/26/2026 03:53:54 - INFO - src.trainer -   {'loss': 1.3510262966156006, 'learning_rate': 1e-06, 'global_step': 17100, 'zo_forward_step': 34202, 'max_steps': 20000, 'max_zo_forward_steps': 0, 'time': 2241, 'eps': 0.001}
03/26/2026 03:53:55 - INFO - src.trainer -   {'loss': 1.1156177520751953, 'learning_rate': 1e-06, 'global_step': 17110, 'zo_forward_step': 34222, 'max_steps': 20000, 'max_zo_forward_steps': 0, 'time': 2243, 'eps': 0.001}
03/26/2026 03:53:56 - INFO - src.trainer -   {'loss': 0.8030962347984314, 'learning_rate': 1e-06, 'global_step': 17120, 'zo_forward_step': 34242, 'max_steps': 20000, 'max_zo_forward_steps': 0, 'time': 2244, 'eps': 0.001}
03/26/2026 03:53:58 - INFO - src.trainer -   {'loss': 1.324608564376831, 'learning_rate': 1e-06, 'global_step': 17130, 'zo_forward_step': 34262, 'max_steps': 20000, 'max_zo_forward_steps': 0, 'time': 2245, 'eps': 0.001}
03/26/2026 03:53:59 - INFO - src.trainer -   {'loss': 1.1159690618515015, 'learning_rate': 1e-06, 'global_step': 17140, 'zo_forward_step': 34282, 'max_steps': 20000, 'max_zo_forward_steps': 0, 'time': 2246, 'eps': 0.001}
03/26/2026 03:54:00 - INFO - src.trainer -   {'loss': 0.8719450235366821, 'learning_rate': 1e-06, 'global_step': 17150, 'zo_forward_step': 34302, 'max_steps': 20000, 'max_zo_forward_steps': 0, 'time': 2247, 'eps': 0.001}
03/26/2026 03:54:01 - INFO - src.trainer -   {'loss': 1.282472014427185, 'learning_rate': 1e-06, 'global_step': 17160, 'zo_forward_step': 34322, 'max_steps': 20000, 'max_zo_forward_steps': 0, 'time': 2248, 'eps': 0.001}
03/26/2026 03:54:02 - INFO - src.trainer -   {'loss': 1.0652416944503784, 'learning_rate': 1e-06, 'global_step': 17170, 'zo_forward_step': 34342, 'max_steps': 20000, 'max_zo_forward_steps': 0, 'time': 2249, 'eps': 0.001}
03/26/2026 03:54:03 - INFO - src.trainer -   {'loss': 0.8442662954330444, 'learning_rate': 1e-06, 'global_step': 17180, 'zo_forward_step': 34362, 'max_steps': 20000, 'max_zo_forward_steps': 0, 'time': 2251, 'eps': 0.001}
03/26/2026 03:54:04 - INFO - src.trainer -   {'loss': 1.2675808668136597, 'learning_rate': 1e-06, 'global_step': 17190, 'zo_forward_step': 34382, 'max_steps': 20000, 'max_zo_forward_steps': 0, 'time': 2252, 'eps': 0.001}
1701it [37:09,  1.52s/it]1712it [37:10,  1.03s/it]03/26/2026 03:54:06 - INFO - src.trainer -   {'eval_loss': 1.3909238576889038, 'eval_acc': 0.45}
03/26/2026 03:54:09 - INFO - src.trainer -   [zo_probe] step=17200 eps=1.000e-03 precision=fp32 n=16 mae=2.250575e+00 rmse=2.850973e+00 sign_acc=1.0000 corr=0.998548
03/26/2026 03:54:09 - INFO - src.trainer -   {'loss': 1.1033484935760498, 'learning_rate': 1e-06, 'global_step': 17200, 'zo_forward_step': 34402, 'max_steps': 20000, 'max_zo_forward_steps': 0, 'time': 2256, 'eps': 0.001}
03/26/2026 03:54:10 - INFO - src.trainer -   {'loss': 0.8087635040283203, 'learning_rate': 1e-06, 'global_step': 17210, 'zo_forward_step': 34422, 'max_steps': 20000, 'max_zo_forward_steps': 0, 'time': 2257, 'eps': 0.001}
03/26/2026 03:54:11 - INFO - src.trainer -   {'loss': 1.3127272129058838, 'learning_rate': 1e-06, 'global_step': 17220, 'zo_forward_step': 34442, 'max_steps': 20000, 'max_zo_forward_steps': 0, 'time': 2258, 'eps': 0.001}
03/26/2026 03:54:12 - INFO - src.trainer -   {'loss': 1.075940728187561, 'learning_rate': 1e-06, 'global_step': 17230, 'zo_forward_step': 34462, 'max_steps': 20000, 'max_zo_forward_steps': 0, 'time': 2259, 'eps': 0.001}
03/26/2026 03:54:13 - INFO - src.trainer -   {'loss': 0.8038488626480103, 'learning_rate': 1e-06, 'global_step': 17240, 'zo_forward_step': 34482, 'max_steps': 20000, 'max_zo_forward_steps': 0, 'time': 2261, 'eps': 0.001}
03/26/2026 03:54:14 - INFO - src.trainer -   {'loss': 1.2677178382873535, 'learning_rate': 1e-06, 'global_step': 17250, 'zo_forward_step': 34502, 'max_steps': 20000, 'max_zo_forward_steps': 0, 'time': 2262, 'eps': 0.001}
03/26/2026 03:54:16 - INFO - src.trainer -   {'loss': 1.0849719047546387, 'learning_rate': 1e-06, 'global_step': 17260, 'zo_forward_step': 34522, 'max_steps': 20000, 'max_zo_forward_steps': 0, 'time': 2263, 'eps': 0.001}
03/26/2026 03:54:17 - INFO - src.trainer -   {'loss': 0.7893434166908264, 'learning_rate': 1e-06, 'global_step': 17270, 'zo_forward_step': 34542, 'max_steps': 20000, 'max_zo_forward_steps': 0, 'time': 2264, 'eps': 0.001}
03/26/2026 03:54:18 - INFO - src.trainer -   {'loss': 1.2185168266296387, 'learning_rate': 1e-06, 'global_step': 17280, 'zo_forward_step': 34562, 'max_steps': 20000, 'max_zo_forward_steps': 0, 'time': 2265, 'eps': 0.001}
03/26/2026 03:54:19 - INFO - src.trainer -   {'loss': 1.1379525661468506, 'learning_rate': 1e-06, 'global_step': 17290, 'zo_forward_step': 34582, 'max_steps': 20000, 'max_zo_forward_steps': 0, 'time': 2266, 'eps': 0.001}
03/26/2026 03:54:20 - INFO - src.trainer -   {'loss': 0.7967489361763, 'learning_rate': 1e-06, 'global_step': 17300, 'zo_forward_step': 34602, 'max_steps': 20000, 'max_zo_forward_steps': 0, 'time': 2267, 'eps': 0.001}
03/26/2026 03:54:21 - INFO - src.trainer -   {'loss': 1.3375895023345947, 'learning_rate': 1e-06, 'global_step': 17310, 'zo_forward_step': 34622, 'max_steps': 20000, 'max_zo_forward_steps': 0, 'time': 2269, 'eps': 0.001}
1720it [37:26,  1.03s/it]03/26/2026 03:54:22 - INFO - src.trainer -   {'loss': 1.1440879106521606, 'learning_rate': 1e-06, 'global_step': 17320, 'zo_forward_step': 34642, 'max_steps': 20000, 'max_zo_forward_steps': 0, 'time': 2270, 'eps': 0.001}
03/26/2026 03:54:24 - INFO - src.trainer -   {'loss': 0.8110381364822388, 'learning_rate': 1e-06, 'global_step': 17330, 'zo_forward_step': 34662, 'max_steps': 20000, 'max_zo_forward_steps': 0, 'time': 2271, 'eps': 0.001}
03/26/2026 03:54:25 - INFO - src.trainer -   {'loss': 1.225576639175415, 'learning_rate': 1e-06, 'global_step': 17340, 'zo_forward_step': 34682, 'max_steps': 20000, 'max_zo_forward_steps': 0, 'time': 2272, 'eps': 0.001}
03/26/2026 03:54:26 - INFO - src.trainer -   {'loss': 1.2116708755493164, 'learning_rate': 1e-06, 'global_step': 17350, 'zo_forward_step': 34702, 'max_steps': 20000, 'max_zo_forward_steps': 0, 'time': 2273, 'eps': 0.001}
03/26/2026 03:54:27 - INFO - src.trainer -   {'loss': 0.7347838878631592, 'learning_rate': 1e-06, 'global_step': 17360, 'zo_forward_step': 34722, 'max_steps': 20000, 'max_zo_forward_steps': 0, 'time': 2274, 'eps': 0.001}
03/26/2026 03:54:28 - INFO - src.trainer -   {'loss': 1.3030017614364624, 'learning_rate': 1e-06, 'global_step': 17370, 'zo_forward_step': 34742, 'max_steps': 20000, 'max_zo_forward_steps': 0, 'time': 2275, 'eps': 0.001}
03/26/2026 03:54:29 - INFO - src.trainer -   {'loss': 1.063014268875122, 'learning_rate': 1e-06, 'global_step': 17380, 'zo_forward_step': 34762, 'max_steps': 20000, 'max_zo_forward_steps': 0, 'time': 2277, 'eps': 0.001}
03/26/2026 03:54:30 - INFO - src.trainer -   {'loss': 0.7437343597412109, 'learning_rate': 1e-06, 'global_step': 17390, 'zo_forward_step': 34782, 'max_steps': 20000, 'max_zo_forward_steps': 0, 'time': 2278, 'eps': 0.001}
1721it [37:36,  1.54s/it]1732it [37:36,  1.05s/it]03/26/2026 03:54:32 - INFO - src.trainer -   {'eval_loss': 1.3919492959976196, 'eval_acc': 0.4375}
03/26/2026 03:54:35 - INFO - src.trainer -   [zo_probe] step=17400 eps=1.000e-03 precision=fp32 n=16 mae=2.416469e+00 rmse=3.005824e+00 sign_acc=1.0000 corr=0.998063
03/26/2026 03:54:35 - INFO - src.trainer -   {'loss': 1.39697265625, 'learning_rate': 1e-06, 'global_step': 17400, 'zo_forward_step': 34802, 'max_steps': 20000, 'max_zo_forward_steps': 0, 'time': 2282, 'eps': 0.001}
03/26/2026 03:54:36 - INFO - src.trainer -   {'loss': 1.135332465171814, 'learning_rate': 1e-06, 'global_step': 17410, 'zo_forward_step': 34822, 'max_steps': 20000, 'max_zo_forward_steps': 0, 'time': 2283, 'eps': 0.001}
03/26/2026 03:54:37 - INFO - src.trainer -   {'loss': 0.8177831768989563, 'learning_rate': 1e-06, 'global_step': 17420, 'zo_forward_step': 34842, 'max_steps': 20000, 'max_zo_forward_steps': 0, 'time': 2284, 'eps': 0.001}
03/26/2026 03:54:38 - INFO - src.trainer -   {'loss': 1.2491670846939087, 'learning_rate': 1e-06, 'global_step': 17430, 'zo_forward_step': 34862, 'max_steps': 20000, 'max_zo_forward_steps': 0, 'time': 2286, 'eps': 0.001}
03/26/2026 03:54:39 - INFO - src.trainer -   {'loss': 1.0992363691329956, 'learning_rate': 1e-06, 'global_step': 17440, 'zo_forward_step': 34882, 'max_steps': 20000, 'max_zo_forward_steps': 0, 'time': 2287, 'eps': 0.001}
03/26/2026 03:54:40 - INFO - src.trainer -   {'loss': 0.7356445789337158, 'learning_rate': 1e-06, 'global_step': 17450, 'zo_forward_step': 34902, 'max_steps': 20000, 'max_zo_forward_steps': 0, 'time': 2288, 'eps': 0.001}
03/26/2026 03:54:42 - INFO - src.trainer -   {'loss': 1.2763549089431763, 'learning_rate': 1e-06, 'global_step': 17460, 'zo_forward_step': 34922, 'max_steps': 20000, 'max_zo_forward_steps': 0, 'time': 2289, 'eps': 0.001}
1740it [37:46,  1.05s/it]03/26/2026 03:54:43 - INFO - src.trainer -   {'loss': 1.1732399463653564, 'learning_rate': 1e-06, 'global_step': 17470, 'zo_forward_step': 34942, 'max_steps': 20000, 'max_zo_forward_steps': 0, 'time': 2290, 'eps': 0.001}
03/26/2026 03:54:44 - INFO - src.trainer -   {'loss': 0.8432310819625854, 'learning_rate': 1e-06, 'global_step': 17480, 'zo_forward_step': 34962, 'max_steps': 20000, 'max_zo_forward_steps': 0, 'time': 2291, 'eps': 0.001}
03/26/2026 03:54:45 - INFO - src.trainer -   {'loss': 1.3217592239379883, 'learning_rate': 1e-06, 'global_step': 17490, 'zo_forward_step': 34982, 'max_steps': 20000, 'max_zo_forward_steps': 0, 'time': 2292, 'eps': 0.001}
03/26/2026 03:54:46 - INFO - src.trainer -   {'loss': 1.1423957347869873, 'learning_rate': 1e-06, 'global_step': 17500, 'zo_forward_step': 35002, 'max_steps': 20000, 'max_zo_forward_steps': 0, 'time': 2294, 'eps': 0.001}
03/26/2026 03:54:47 - INFO - src.trainer -   {'loss': 0.7668642997741699, 'learning_rate': 1e-06, 'global_step': 17510, 'zo_forward_step': 35022, 'max_steps': 20000, 'max_zo_forward_steps': 0, 'time': 2295, 'eps': 0.001}
03/26/2026 03:54:49 - INFO - src.trainer -   {'loss': 1.306326150894165, 'learning_rate': 1e-06, 'global_step': 17520, 'zo_forward_step': 35042, 'max_steps': 20000, 'max_zo_forward_steps': 0, 'time': 2296, 'eps': 0.001}
03/26/2026 03:54:50 - INFO - src.trainer -   {'loss': 1.121195912361145, 'learning_rate': 1e-06, 'global_step': 17530, 'zo_forward_step': 35062, 'max_steps': 20000, 'max_zo_forward_steps': 0, 'time': 2297, 'eps': 0.001}
03/26/2026 03:54:51 - INFO - src.trainer -   {'loss': 0.8135788440704346, 'learning_rate': 1e-06, 'global_step': 17540, 'zo_forward_step': 35082, 'max_steps': 20000, 'max_zo_forward_steps': 0, 'time': 2298, 'eps': 0.001}
03/26/2026 03:54:52 - INFO - src.trainer -   {'loss': 1.24444580078125, 'learning_rate': 1e-06, 'global_step': 17550, 'zo_forward_step': 35102, 'max_steps': 20000, 'max_zo_forward_steps': 0, 'time': 2299, 'eps': 0.001}
03/26/2026 03:54:53 - INFO - src.trainer -   {'loss': 1.1003962755203247, 'learning_rate': 1e-06, 'global_step': 17560, 'zo_forward_step': 35122, 'max_steps': 20000, 'max_zo_forward_steps': 0, 'time': 2300, 'eps': 0.001}
03/26/2026 03:54:54 - INFO - src.trainer -   {'loss': 0.8422451615333557, 'learning_rate': 1e-06, 'global_step': 17570, 'zo_forward_step': 35142, 'max_steps': 20000, 'max_zo_forward_steps': 0, 'time': 2301, 'eps': 0.001}
03/26/2026 03:54:55 - INFO - src.trainer -   {'loss': 1.3196237087249756, 'learning_rate': 1e-06, 'global_step': 17580, 'zo_forward_step': 35162, 'max_steps': 20000, 'max_zo_forward_steps': 0, 'time': 2303, 'eps': 0.001}
03/26/2026 03:54:56 - INFO - src.trainer -   {'loss': 1.1837713718414307, 'learning_rate': 1e-06, 'global_step': 17590, 'zo_forward_step': 35182, 'max_steps': 20000, 'max_zo_forward_steps': 0, 'time': 2304, 'eps': 0.001}
1741it [38:02,  1.55s/it]1752it [38:02,  1.05s/it]03/26/2026 03:54:58 - INFO - src.trainer -   {'eval_loss': 1.394344687461853, 'eval_acc': 0.4125}
03/26/2026 03:55:00 - INFO - src.trainer -   [zo_probe] step=17600 eps=1.000e-03 precision=fp32 n=16 mae=2.691857e+00 rmse=3.423157e+00 sign_acc=1.0000 corr=0.996931
03/26/2026 03:55:00 - INFO - src.trainer -   {'loss': 0.7444584965705872, 'learning_rate': 1e-06, 'global_step': 17600, 'zo_forward_step': 35202, 'max_steps': 20000, 'max_zo_forward_steps': 0, 'time': 2307, 'eps': 0.001}
03/26/2026 03:55:01 - INFO - src.trainer -   {'loss': 1.1851812601089478, 'learning_rate': 1e-06, 'global_step': 17610, 'zo_forward_step': 35222, 'max_steps': 20000, 'max_zo_forward_steps': 0, 'time': 2308, 'eps': 0.001}
03/26/2026 03:55:02 - INFO - src.trainer -   {'loss': 1.1506973505020142, 'learning_rate': 1e-06, 'global_step': 17620, 'zo_forward_step': 35242, 'max_steps': 20000, 'max_zo_forward_steps': 0, 'time': 2309, 'eps': 0.001}
03/26/2026 03:55:03 - INFO - src.trainer -   {'loss': 0.6887268424034119, 'learning_rate': 1e-06, 'global_step': 17630, 'zo_forward_step': 35262, 'max_steps': 20000, 'max_zo_forward_steps': 0, 'time': 2310, 'eps': 0.001}
03/26/2026 03:55:06 - INFO - src.trainer -   {'loss': 1.2388403415679932, 'learning_rate': 1e-06, 'global_step': 17640, 'zo_forward_step': 35282, 'max_steps': 20000, 'max_zo_forward_steps': 0, 'time': 2313, 'eps': 0.001}
03/26/2026 03:55:07 - INFO - src.trainer -   {'loss': 1.2654262781143188, 'learning_rate': 1e-06, 'global_step': 17650, 'zo_forward_step': 35302, 'max_steps': 20000, 'max_zo_forward_steps': 0, 'time': 2314, 'eps': 0.001}
03/26/2026 03:55:08 - INFO - src.trainer -   {'loss': 0.6705251932144165, 'learning_rate': 1e-06, 'global_step': 17660, 'zo_forward_step': 35322, 'max_steps': 20000, 'max_zo_forward_steps': 0, 'time': 2315, 'eps': 0.001}
03/26/2026 03:55:09 - INFO - src.trainer -   {'loss': 1.28167724609375, 'learning_rate': 1e-06, 'global_step': 17670, 'zo_forward_step': 35342, 'max_steps': 20000, 'max_zo_forward_steps': 0, 'time': 2317, 'eps': 0.001}
03/26/2026 03:55:10 - INFO - src.trainer -   {'loss': 1.1416290998458862, 'learning_rate': 1e-06, 'global_step': 17680, 'zo_forward_step': 35362, 'max_steps': 20000, 'max_zo_forward_steps': 0, 'time': 2318, 'eps': 0.001}
03/26/2026 03:55:12 - INFO - src.trainer -   {'loss': 0.7699311375617981, 'learning_rate': 1e-06, 'global_step': 17690, 'zo_forward_step': 35382, 'max_steps': 20000, 'max_zo_forward_steps': 0, 'time': 2319, 'eps': 0.001}
1760it [38:16,  1.05s/it]03/26/2026 03:55:13 - INFO - src.trainer -   {'loss': 1.2893013954162598, 'learning_rate': 1e-06, 'global_step': 17700, 'zo_forward_step': 35402, 'max_steps': 20000, 'max_zo_forward_steps': 0, 'time': 2320, 'eps': 0.001}
03/26/2026 03:55:14 - INFO - src.trainer -   {'loss': 1.1362959146499634, 'learning_rate': 1e-06, 'global_step': 17710, 'zo_forward_step': 35422, 'max_steps': 20000, 'max_zo_forward_steps': 0, 'time': 2321, 'eps': 0.001}
03/26/2026 03:55:15 - INFO - src.trainer -   {'loss': 0.7115240097045898, 'learning_rate': 1e-06, 'global_step': 17720, 'zo_forward_step': 35442, 'max_steps': 20000, 'max_zo_forward_steps': 0, 'time': 2322, 'eps': 0.001}
03/26/2026 03:55:16 - INFO - src.trainer -   {'loss': 1.2920258045196533, 'learning_rate': 1e-06, 'global_step': 17730, 'zo_forward_step': 35462, 'max_steps': 20000, 'max_zo_forward_steps': 0, 'time': 2323, 'eps': 0.001}
03/26/2026 03:55:17 - INFO - src.trainer -   {'loss': 1.2364977598190308, 'learning_rate': 1e-06, 'global_step': 17740, 'zo_forward_step': 35482, 'max_steps': 20000, 'max_zo_forward_steps': 0, 'time': 2324, 'eps': 0.001}
03/26/2026 03:55:18 - INFO - src.trainer -   {'loss': 0.7166426777839661, 'learning_rate': 1e-06, 'global_step': 17750, 'zo_forward_step': 35502, 'max_steps': 20000, 'max_zo_forward_steps': 0, 'time': 2326, 'eps': 0.001}
03/26/2026 03:55:19 - INFO - src.trainer -   {'loss': 1.2391895055770874, 'learning_rate': 1e-06, 'global_step': 17760, 'zo_forward_step': 35522, 'max_steps': 20000, 'max_zo_forward_steps': 0, 'time': 2327, 'eps': 0.001}
03/26/2026 03:55:21 - INFO - src.trainer -   {'loss': 1.1961872577667236, 'learning_rate': 1e-06, 'global_step': 17770, 'zo_forward_step': 35542, 'max_steps': 20000, 'max_zo_forward_steps': 0, 'time': 2328, 'eps': 0.001}
03/26/2026 03:55:22 - INFO - src.trainer -   {'loss': 0.6914733648300171, 'learning_rate': 1e-06, 'global_step': 17780, 'zo_forward_step': 35562, 'max_steps': 20000, 'max_zo_forward_steps': 0, 'time': 2329, 'eps': 0.001}
03/26/2026 03:55:23 - INFO - src.trainer -   {'loss': 1.3274810314178467, 'learning_rate': 1e-06, 'global_step': 17790, 'zo_forward_step': 35582, 'max_steps': 20000, 'max_zo_forward_steps': 0, 'time': 2330, 'eps': 0.001}
1761it [38:28,  1.56s/it]1772it [38:28,  1.06s/it]03/26/2026 03:55:24 - INFO - src.trainer -   {'eval_loss': 1.3804571628570557, 'eval_acc': 0.4375}
03/26/2026 03:55:27 - INFO - src.trainer -   [zo_probe] step=17800 eps=1.000e-03 precision=fp32 n=16 mae=2.420375e+00 rmse=2.808651e+00 sign_acc=0.9375 corr=0.999116
03/26/2026 03:55:27 - INFO - src.trainer -   {'loss': 1.120618224143982, 'learning_rate': 1e-06, 'global_step': 17800, 'zo_forward_step': 35602, 'max_steps': 20000, 'max_zo_forward_steps': 0, 'time': 2334, 'eps': 0.001}
03/26/2026 03:55:28 - INFO - src.trainer -   {'loss': 0.6497418880462646, 'learning_rate': 1e-06, 'global_step': 17810, 'zo_forward_step': 35622, 'max_steps': 20000, 'max_zo_forward_steps': 0, 'time': 2336, 'eps': 0.001}
03/26/2026 03:55:29 - INFO - src.trainer -   {'loss': 1.2979816198349, 'learning_rate': 1e-06, 'global_step': 17820, 'zo_forward_step': 35642, 'max_steps': 20000, 'max_zo_forward_steps': 0, 'time': 2337, 'eps': 0.001}
03/26/2026 03:55:31 - INFO - src.trainer -   {'loss': 1.2235426902770996, 'learning_rate': 1e-06, 'global_step': 17830, 'zo_forward_step': 35662, 'max_steps': 20000, 'max_zo_forward_steps': 0, 'time': 2338, 'eps': 0.001}
03/26/2026 03:55:32 - INFO - src.trainer -   {'loss': 0.7559811472892761, 'learning_rate': 1e-06, 'global_step': 17840, 'zo_forward_step': 35682, 'max_steps': 20000, 'max_zo_forward_steps': 0, 'time': 2339, 'eps': 0.001}
03/26/2026 03:55:33 - INFO - src.trainer -   {'loss': 1.3295263051986694, 'learning_rate': 1e-06, 'global_step': 17850, 'zo_forward_step': 35702, 'max_steps': 20000, 'max_zo_forward_steps': 0, 'time': 2340, 'eps': 0.001}
03/26/2026 03:55:34 - INFO - src.trainer -   {'loss': 1.2183821201324463, 'learning_rate': 1e-06, 'global_step': 17860, 'zo_forward_step': 35722, 'max_steps': 20000, 'max_zo_forward_steps': 0, 'time': 2341, 'eps': 0.001}
03/26/2026 03:55:35 - INFO - src.trainer -   {'loss': 0.6748355627059937, 'learning_rate': 1e-06, 'global_step': 17870, 'zo_forward_step': 35742, 'max_steps': 20000, 'max_zo_forward_steps': 0, 'time': 2342, 'eps': 0.001}
03/26/2026 03:55:36 - INFO - src.trainer -   {'loss': 1.3352272510528564, 'learning_rate': 1e-06, 'global_step': 17880, 'zo_forward_step': 35762, 'max_steps': 20000, 'max_zo_forward_steps': 0, 'time': 2344, 'eps': 0.001}
03/26/2026 03:55:37 - INFO - src.trainer -   {'loss': 1.2015918493270874, 'learning_rate': 1e-06, 'global_step': 17890, 'zo_forward_step': 35782, 'max_steps': 20000, 'max_zo_forward_steps': 0, 'time': 2345, 'eps': 0.001}
03/26/2026 03:55:39 - INFO - src.trainer -   {'loss': 0.6463978290557861, 'learning_rate': 1e-06, 'global_step': 17900, 'zo_forward_step': 35802, 'max_steps': 20000, 'max_zo_forward_steps': 0, 'time': 2346, 'eps': 0.001}
03/26/2026 03:55:40 - INFO - src.trainer -   {'loss': 1.2394204139709473, 'learning_rate': 1e-06, 'global_step': 17910, 'zo_forward_step': 35822, 'max_steps': 20000, 'max_zo_forward_steps': 0, 'time': 2347, 'eps': 0.001}
03/26/2026 03:55:41 - INFO - src.trainer -   {'loss': 1.1605032682418823, 'learning_rate': 1e-06, 'global_step': 17920, 'zo_forward_step': 35842, 'max_steps': 20000, 'max_zo_forward_steps': 0, 'time': 2348, 'eps': 0.001}
03/26/2026 03:55:42 - INFO - src.trainer -   {'loss': 0.739504337310791, 'learning_rate': 1e-06, 'global_step': 17930, 'zo_forward_step': 35862, 'max_steps': 20000, 'max_zo_forward_steps': 0, 'time': 2349, 'eps': 0.001}
1780it [38:46,  1.06s/it]03/26/2026 03:55:43 - INFO - src.trainer -   {'loss': 1.2177233695983887, 'learning_rate': 1e-06, 'global_step': 17940, 'zo_forward_step': 35882, 'max_steps': 20000, 'max_zo_forward_steps': 0, 'time': 2350, 'eps': 0.001}
03/26/2026 03:55:44 - INFO - src.trainer -   {'loss': 1.147292137145996, 'learning_rate': 1e-06, 'global_step': 17950, 'zo_forward_step': 35902, 'max_steps': 20000, 'max_zo_forward_steps': 0, 'time': 2352, 'eps': 0.001}
03/26/2026 03:55:45 - INFO - src.trainer -   {'loss': 0.7407779693603516, 'learning_rate': 1e-06, 'global_step': 17960, 'zo_forward_step': 35922, 'max_steps': 20000, 'max_zo_forward_steps': 0, 'time': 2353, 'eps': 0.001}
03/26/2026 03:55:47 - INFO - src.trainer -   {'loss': 1.300506591796875, 'learning_rate': 1e-06, 'global_step': 17970, 'zo_forward_step': 35942, 'max_steps': 20000, 'max_zo_forward_steps': 0, 'time': 2354, 'eps': 0.001}
03/26/2026 03:55:48 - INFO - src.trainer -   {'loss': 1.2051362991333008, 'learning_rate': 1e-06, 'global_step': 17980, 'zo_forward_step': 35962, 'max_steps': 20000, 'max_zo_forward_steps': 0, 'time': 2355, 'eps': 0.001}
03/26/2026 03:55:49 - INFO - src.trainer -   {'loss': 0.6950739026069641, 'learning_rate': 1e-06, 'global_step': 17990, 'zo_forward_step': 35982, 'max_steps': 20000, 'max_zo_forward_steps': 0, 'time': 2356, 'eps': 0.001}
1781it [38:54,  1.56s/it]1792it [38:54,  1.06s/it]03/26/2026 03:55:50 - INFO - src.trainer -   {'eval_loss': 1.3751996755599976, 'eval_acc': 0.45}
03/26/2026 03:55:53 - INFO - src.trainer -   [zo_probe] step=18000 eps=1.000e-03 precision=fp32 n=16 mae=3.237506e+00 rmse=3.914593e+00 sign_acc=0.9375 corr=0.996167
03/26/2026 03:55:53 - INFO - src.trainer -   {'loss': 1.3234694004058838, 'learning_rate': 1e-06, 'global_step': 18000, 'zo_forward_step': 36002, 'max_steps': 20000, 'max_zo_forward_steps': 0, 'time': 2361, 'eps': 0.001}
03/26/2026 03:55:54 - INFO - src.trainer -   {'loss': 1.2468901872634888, 'learning_rate': 1e-06, 'global_step': 18010, 'zo_forward_step': 36022, 'max_steps': 20000, 'max_zo_forward_steps': 0, 'time': 2362, 'eps': 0.001}
03/26/2026 03:55:56 - INFO - src.trainer -   {'loss': 0.6350784301757812, 'learning_rate': 1e-06, 'global_step': 18020, 'zo_forward_step': 36042, 'max_steps': 20000, 'max_zo_forward_steps': 0, 'time': 2363, 'eps': 0.001}
03/26/2026 03:55:57 - INFO - src.trainer -   {'loss': 1.2681975364685059, 'learning_rate': 1e-06, 'global_step': 18030, 'zo_forward_step': 36062, 'max_steps': 20000, 'max_zo_forward_steps': 0, 'time': 2364, 'eps': 0.001}
03/26/2026 03:55:58 - INFO - src.trainer -   {'loss': 1.187934398651123, 'learning_rate': 1e-06, 'global_step': 18040, 'zo_forward_step': 36082, 'max_steps': 20000, 'max_zo_forward_steps': 0, 'time': 2365, 'eps': 0.001}
03/26/2026 03:55:59 - INFO - src.trainer -   {'loss': 0.6496581435203552, 'learning_rate': 1e-06, 'global_step': 18050, 'zo_forward_step': 36102, 'max_steps': 20000, 'max_zo_forward_steps': 0, 'time': 2366, 'eps': 0.001}
03/26/2026 03:56:00 - INFO - src.trainer -   {'loss': 1.3130826950073242, 'learning_rate': 1e-06, 'global_step': 18060, 'zo_forward_step': 36122, 'max_steps': 20000, 'max_zo_forward_steps': 0, 'time': 2367, 'eps': 0.001}
03/26/2026 03:56:01 - INFO - src.trainer -   {'loss': 1.2183525562286377, 'learning_rate': 1e-06, 'global_step': 18070, 'zo_forward_step': 36142, 'max_steps': 20000, 'max_zo_forward_steps': 0, 'time': 2369, 'eps': 0.001}
1800it [39:06,  1.06s/it]03/26/2026 03:56:02 - INFO - src.trainer -   {'loss': 0.6810833811759949, 'learning_rate': 1e-06, 'global_step': 18080, 'zo_forward_step': 36162, 'max_steps': 20000, 'max_zo_forward_steps': 0, 'time': 2370, 'eps': 0.001}
03/26/2026 03:56:04 - INFO - src.trainer -   {'loss': 1.1884703636169434, 'learning_rate': 1e-06, 'global_step': 18090, 'zo_forward_step': 36182, 'max_steps': 20000, 'max_zo_forward_steps': 0, 'time': 2371, 'eps': 0.001}
03/26/2026 03:56:05 - INFO - src.trainer -   {'loss': 1.2272390127182007, 'learning_rate': 1e-06, 'global_step': 18100, 'zo_forward_step': 36202, 'max_steps': 20000, 'max_zo_forward_steps': 0, 'time': 2372, 'eps': 0.001}
03/26/2026 03:56:06 - INFO - src.trainer -   {'loss': 0.647576093673706, 'learning_rate': 1e-06, 'global_step': 18110, 'zo_forward_step': 36222, 'max_steps': 20000, 'max_zo_forward_steps': 0, 'time': 2373, 'eps': 0.001}
03/26/2026 03:56:07 - INFO - src.trainer -   {'loss': 1.2340083122253418, 'learning_rate': 1e-06, 'global_step': 18120, 'zo_forward_step': 36242, 'max_steps': 20000, 'max_zo_forward_steps': 0, 'time': 2374, 'eps': 0.001}
03/26/2026 03:56:08 - INFO - src.trainer -   {'loss': 1.1975719928741455, 'learning_rate': 1e-06, 'global_step': 18130, 'zo_forward_step': 36262, 'max_steps': 20000, 'max_zo_forward_steps': 0, 'time': 2376, 'eps': 0.001}
03/26/2026 03:56:09 - INFO - src.trainer -   {'loss': 0.7367400527000427, 'learning_rate': 1e-06, 'global_step': 18140, 'zo_forward_step': 36282, 'max_steps': 20000, 'max_zo_forward_steps': 0, 'time': 2377, 'eps': 0.001}
03/26/2026 03:56:10 - INFO - src.trainer -   {'loss': 1.1671761274337769, 'learning_rate': 1e-06, 'global_step': 18150, 'zo_forward_step': 36302, 'max_steps': 20000, 'max_zo_forward_steps': 0, 'time': 2378, 'eps': 0.001}
03/26/2026 03:56:12 - INFO - src.trainer -   {'loss': 1.0942790508270264, 'learning_rate': 1e-06, 'global_step': 18160, 'zo_forward_step': 36322, 'max_steps': 20000, 'max_zo_forward_steps': 0, 'time': 2379, 'eps': 0.001}
03/26/2026 03:56:13 - INFO - src.trainer -   {'loss': 0.7112122178077698, 'learning_rate': 1e-06, 'global_step': 18170, 'zo_forward_step': 36342, 'max_steps': 20000, 'max_zo_forward_steps': 0, 'time': 2380, 'eps': 0.001}
03/26/2026 03:56:14 - INFO - src.trainer -   {'loss': 1.213905692100525, 'learning_rate': 1e-06, 'global_step': 18180, 'zo_forward_step': 36362, 'max_steps': 20000, 'max_zo_forward_steps': 0, 'time': 2381, 'eps': 0.001}
03/26/2026 03:56:15 - INFO - src.trainer -   {'loss': 1.1214110851287842, 'learning_rate': 1e-06, 'global_step': 18190, 'zo_forward_step': 36382, 'max_steps': 20000, 'max_zo_forward_steps': 0, 'time': 2382, 'eps': 0.001}
1801it [39:20,  1.56s/it]1812it [39:20,  1.06s/it]03/26/2026 03:56:16 - INFO - src.trainer -   {'eval_loss': 1.3647581338882446, 'eval_acc': 0.425}
03/26/2026 03:56:18 - INFO - src.trainer -   [zo_probe] step=18200 eps=1.000e-03 precision=fp32 n=16 mae=5.328703e+00 rmse=7.801291e+00 sign_acc=1.0000 corr=0.988965
03/26/2026 03:56:18 - INFO - src.trainer -   {'loss': 0.7160393595695496, 'learning_rate': 1e-06, 'global_step': 18200, 'zo_forward_step': 36402, 'max_steps': 20000, 'max_zo_forward_steps': 0, 'time': 2386, 'eps': 0.001}
03/26/2026 03:56:20 - INFO - src.trainer -   {'loss': 1.2152220010757446, 'learning_rate': 1e-06, 'global_step': 18210, 'zo_forward_step': 36422, 'max_steps': 20000, 'max_zo_forward_steps': 0, 'time': 2387, 'eps': 0.001}
03/26/2026 03:56:21 - INFO - src.trainer -   {'loss': 1.230754017829895, 'learning_rate': 1e-06, 'global_step': 18220, 'zo_forward_step': 36442, 'max_steps': 20000, 'max_zo_forward_steps': 0, 'time': 2388, 'eps': 0.001}
03/26/2026 03:56:22 - INFO - src.trainer -   {'loss': 0.681637704372406, 'learning_rate': 1e-06, 'global_step': 18230, 'zo_forward_step': 36462, 'max_steps': 20000, 'max_zo_forward_steps': 0, 'time': 2389, 'eps': 0.001}
03/26/2026 03:56:23 - INFO - src.trainer -   {'loss': 1.235744833946228, 'learning_rate': 1e-06, 'global_step': 18240, 'zo_forward_step': 36482, 'max_steps': 20000, 'max_zo_forward_steps': 0, 'time': 2390, 'eps': 0.001}
03/26/2026 03:56:24 - INFO - src.trainer -   {'loss': 1.1282203197479248, 'learning_rate': 1e-06, 'global_step': 18250, 'zo_forward_step': 36502, 'max_steps': 20000, 'max_zo_forward_steps': 0, 'time': 2392, 'eps': 0.001}
03/26/2026 03:56:25 - INFO - src.trainer -   {'loss': 0.7087156772613525, 'learning_rate': 1e-06, 'global_step': 18260, 'zo_forward_step': 36522, 'max_steps': 20000, 'max_zo_forward_steps': 0, 'time': 2393, 'eps': 0.001}
03/26/2026 03:56:27 - INFO - src.trainer -   {'loss': 1.2528414726257324, 'learning_rate': 1e-06, 'global_step': 18270, 'zo_forward_step': 36542, 'max_steps': 20000, 'max_zo_forward_steps': 0, 'time': 2394, 'eps': 0.001}
03/26/2026 03:56:28 - INFO - src.trainer -   {'loss': 1.1898002624511719, 'learning_rate': 1e-06, 'global_step': 18280, 'zo_forward_step': 36562, 'max_steps': 20000, 'max_zo_forward_steps': 0, 'time': 2395, 'eps': 0.001}
03/26/2026 03:56:29 - INFO - src.trainer -   {'loss': 0.7592658400535583, 'learning_rate': 1e-06, 'global_step': 18290, 'zo_forward_step': 36582, 'max_steps': 20000, 'max_zo_forward_steps': 0, 'time': 2396, 'eps': 0.001}
03/26/2026 03:56:30 - INFO - src.trainer -   {'loss': 1.273335576057434, 'learning_rate': 1e-06, 'global_step': 18300, 'zo_forward_step': 36602, 'max_steps': 20000, 'max_zo_forward_steps': 0, 'time': 2397, 'eps': 0.001}
03/26/2026 03:56:31 - INFO - src.trainer -   {'loss': 1.209265112876892, 'learning_rate': 1e-06, 'global_step': 18310, 'zo_forward_step': 36622, 'max_steps': 20000, 'max_zo_forward_steps': 0, 'time': 2399, 'eps': 0.001}
1820it [39:36,  1.06s/it]03/26/2026 03:56:32 - INFO - src.trainer -   {'loss': 0.628729522228241, 'learning_rate': 1e-06, 'global_step': 18320, 'zo_forward_step': 36642, 'max_steps': 20000, 'max_zo_forward_steps': 0, 'time': 2400, 'eps': 0.001}
03/26/2026 03:56:33 - INFO - src.trainer -   {'loss': 1.23020339012146, 'learning_rate': 1e-06, 'global_step': 18330, 'zo_forward_step': 36662, 'max_steps': 20000, 'max_zo_forward_steps': 0, 'time': 2401, 'eps': 0.001}
03/26/2026 03:56:35 - INFO - src.trainer -   {'loss': 1.1896988153457642, 'learning_rate': 1e-06, 'global_step': 18340, 'zo_forward_step': 36682, 'max_steps': 20000, 'max_zo_forward_steps': 0, 'time': 2402, 'eps': 0.001}
03/26/2026 03:56:36 - INFO - src.trainer -   {'loss': 0.731829822063446, 'learning_rate': 1e-06, 'global_step': 18350, 'zo_forward_step': 36702, 'max_steps': 20000, 'max_zo_forward_steps': 0, 'time': 2403, 'eps': 0.001}
03/26/2026 03:56:37 - INFO - src.trainer -   {'loss': 1.1539421081542969, 'learning_rate': 1e-06, 'global_step': 18360, 'zo_forward_step': 36722, 'max_steps': 20000, 'max_zo_forward_steps': 0, 'time': 2404, 'eps': 0.001}
03/26/2026 03:56:38 - INFO - src.trainer -   {'loss': 1.197809100151062, 'learning_rate': 1e-06, 'global_step': 18370, 'zo_forward_step': 36742, 'max_steps': 20000, 'max_zo_forward_steps': 0, 'time': 2406, 'eps': 0.001}
03/26/2026 03:56:39 - INFO - src.trainer -   {'loss': 0.6698952317237854, 'learning_rate': 1e-06, 'global_step': 18380, 'zo_forward_step': 36762, 'max_steps': 20000, 'max_zo_forward_steps': 0, 'time': 2407, 'eps': 0.001}
03/26/2026 03:56:41 - INFO - src.trainer -   {'loss': 1.2332185506820679, 'learning_rate': 1e-06, 'global_step': 18390, 'zo_forward_step': 36782, 'max_steps': 20000, 'max_zo_forward_steps': 0, 'time': 2408, 'eps': 0.001}
1821it [39:46,  1.54s/it]1832it [39:46,  1.05s/it]03/26/2026 03:56:42 - INFO - src.trainer -   {'eval_loss': 1.3638139963150024, 'eval_acc': 0.4375}
03/26/2026 03:56:45 - INFO - src.trainer -   [zo_probe] step=18400 eps=1.000e-03 precision=fp32 n=16 mae=2.412770e+00 rmse=2.970373e+00 sign_acc=1.0000 corr=0.998717
03/26/2026 03:56:45 - INFO - src.trainer -   {'loss': 1.22212815284729, 'learning_rate': 1e-06, 'global_step': 18400, 'zo_forward_step': 36802, 'max_steps': 20000, 'max_zo_forward_steps': 0, 'time': 2412, 'eps': 0.001}
03/26/2026 03:56:46 - INFO - src.trainer -   {'loss': 0.6756777167320251, 'learning_rate': 1e-06, 'global_step': 18410, 'zo_forward_step': 36822, 'max_steps': 20000, 'max_zo_forward_steps': 0, 'time': 2413, 'eps': 0.001}
03/26/2026 03:56:47 - INFO - src.trainer -   {'loss': 1.0950918197631836, 'learning_rate': 1e-06, 'global_step': 18420, 'zo_forward_step': 36842, 'max_steps': 20000, 'max_zo_forward_steps': 0, 'time': 2415, 'eps': 0.001}
03/26/2026 03:56:48 - INFO - src.trainer -   {'loss': 1.237332820892334, 'learning_rate': 1e-06, 'global_step': 18430, 'zo_forward_step': 36862, 'max_steps': 20000, 'max_zo_forward_steps': 0, 'time': 2416, 'eps': 0.001}
03/26/2026 03:56:50 - INFO - src.trainer -   {'loss': 0.6601032018661499, 'learning_rate': 1e-06, 'global_step': 18440, 'zo_forward_step': 36882, 'max_steps': 20000, 'max_zo_forward_steps': 0, 'time': 2417, 'eps': 0.001}
03/26/2026 03:56:51 - INFO - src.trainer -   {'loss': 1.151016116142273, 'learning_rate': 1e-06, 'global_step': 18450, 'zo_forward_step': 36902, 'max_steps': 20000, 'max_zo_forward_steps': 0, 'time': 2418, 'eps': 0.001}
03/26/2026 03:56:52 - INFO - src.trainer -   {'loss': 1.2134300470352173, 'learning_rate': 1e-06, 'global_step': 18460, 'zo_forward_step': 36922, 'max_steps': 20000, 'max_zo_forward_steps': 0, 'time': 2419, 'eps': 0.001}
1840it [39:56,  1.05s/it]03/26/2026 03:56:53 - INFO - src.trainer -   {'loss': 0.7932769060134888, 'learning_rate': 1e-06, 'global_step': 18470, 'zo_forward_step': 36942, 'max_steps': 20000, 'max_zo_forward_steps': 0, 'time': 2420, 'eps': 0.001}
03/26/2026 03:56:54 - INFO - src.trainer -   {'loss': 1.16897714138031, 'learning_rate': 1e-06, 'global_step': 18480, 'zo_forward_step': 36962, 'max_steps': 20000, 'max_zo_forward_steps': 0, 'time': 2421, 'eps': 0.001}
03/26/2026 03:56:55 - INFO - src.trainer -   {'loss': 1.275169014930725, 'learning_rate': 1e-06, 'global_step': 18490, 'zo_forward_step': 36982, 'max_steps': 20000, 'max_zo_forward_steps': 0, 'time': 2423, 'eps': 0.001}
03/26/2026 03:56:56 - INFO - src.trainer -   {'loss': 0.6564435362815857, 'learning_rate': 1e-06, 'global_step': 18500, 'zo_forward_step': 37002, 'max_steps': 20000, 'max_zo_forward_steps': 0, 'time': 2424, 'eps': 0.001}
03/26/2026 03:56:58 - INFO - src.trainer -   {'loss': 1.2332063913345337, 'learning_rate': 1e-06, 'global_step': 18510, 'zo_forward_step': 37022, 'max_steps': 20000, 'max_zo_forward_steps': 0, 'time': 2425, 'eps': 0.001}
03/26/2026 03:56:59 - INFO - src.trainer -   {'loss': 1.216260313987732, 'learning_rate': 1e-06, 'global_step': 18520, 'zo_forward_step': 37042, 'max_steps': 20000, 'max_zo_forward_steps': 0, 'time': 2426, 'eps': 0.001}
03/26/2026 03:57:00 - INFO - src.trainer -   {'loss': 0.6432042121887207, 'learning_rate': 1e-06, 'global_step': 18530, 'zo_forward_step': 37062, 'max_steps': 20000, 'max_zo_forward_steps': 0, 'time': 2427, 'eps': 0.001}
03/26/2026 03:57:01 - INFO - src.trainer -   {'loss': 1.2112462520599365, 'learning_rate': 1e-06, 'global_step': 18540, 'zo_forward_step': 37082, 'max_steps': 20000, 'max_zo_forward_steps': 0, 'time': 2428, 'eps': 0.001}
03/26/2026 03:57:02 - INFO - src.trainer -   {'loss': 1.245660424232483, 'learning_rate': 1e-06, 'global_step': 18550, 'zo_forward_step': 37102, 'max_steps': 20000, 'max_zo_forward_steps': 0, 'time': 2430, 'eps': 0.001}
03/26/2026 03:57:03 - INFO - src.trainer -   {'loss': 0.6246501207351685, 'learning_rate': 1e-06, 'global_step': 18560, 'zo_forward_step': 37122, 'max_steps': 20000, 'max_zo_forward_steps': 0, 'time': 2431, 'eps': 0.001}
03/26/2026 03:57:05 - INFO - src.trainer -   {'loss': 1.2745448350906372, 'learning_rate': 1e-06, 'global_step': 18570, 'zo_forward_step': 37142, 'max_steps': 20000, 'max_zo_forward_steps': 0, 'time': 2432, 'eps': 0.001}
03/26/2026 03:57:06 - INFO - src.trainer -   {'loss': 1.2075467109680176, 'learning_rate': 1e-06, 'global_step': 18580, 'zo_forward_step': 37162, 'max_steps': 20000, 'max_zo_forward_steps': 0, 'time': 2433, 'eps': 0.001}
03/26/2026 03:57:07 - INFO - src.trainer -   {'loss': 0.6065841913223267, 'learning_rate': 1e-06, 'global_step': 18590, 'zo_forward_step': 37182, 'max_steps': 20000, 'max_zo_forward_steps': 0, 'time': 2434, 'eps': 0.001}
1841it [40:12,  1.56s/it]1852it [40:12,  1.05s/it]03/26/2026 03:57:08 - INFO - src.trainer -   {'eval_loss': 1.3395671844482422, 'eval_acc': 0.45}
03/26/2026 03:57:11 - INFO - src.trainer -   [zo_probe] step=18600 eps=1.000e-03 precision=fp32 n=16 mae=3.630881e+00 rmse=4.134316e+00 sign_acc=0.9375 corr=0.995760
03/26/2026 03:57:11 - INFO - src.trainer -   {'loss': 1.1475292444229126, 'learning_rate': 1e-06, 'global_step': 18600, 'zo_forward_step': 37202, 'max_steps': 20000, 'max_zo_forward_steps': 0, 'time': 2438, 'eps': 0.001}
03/26/2026 03:57:12 - INFO - src.trainer -   {'loss': 1.304572582244873, 'learning_rate': 1e-06, 'global_step': 18610, 'zo_forward_step': 37222, 'max_steps': 20000, 'max_zo_forward_steps': 0, 'time': 2440, 'eps': 0.001}
03/26/2026 03:57:13 - INFO - src.trainer -   {'loss': 0.6355971693992615, 'learning_rate': 1e-06, 'global_step': 18620, 'zo_forward_step': 37242, 'max_steps': 20000, 'max_zo_forward_steps': 0, 'time': 2441, 'eps': 0.001}
03/26/2026 03:57:15 - INFO - src.trainer -   {'loss': 1.2662456035614014, 'learning_rate': 1e-06, 'global_step': 18630, 'zo_forward_step': 37262, 'max_steps': 20000, 'max_zo_forward_steps': 0, 'time': 2442, 'eps': 0.001}
03/26/2026 03:57:16 - INFO - src.trainer -   {'loss': 1.1856260299682617, 'learning_rate': 1e-06, 'global_step': 18640, 'zo_forward_step': 37282, 'max_steps': 20000, 'max_zo_forward_steps': 0, 'time': 2443, 'eps': 0.001}
03/26/2026 03:57:17 - INFO - src.trainer -   {'loss': 0.7156796455383301, 'learning_rate': 1e-06, 'global_step': 18650, 'zo_forward_step': 37302, 'max_steps': 20000, 'max_zo_forward_steps': 0, 'time': 2444, 'eps': 0.001}
03/26/2026 03:57:18 - INFO - src.trainer -   {'loss': 1.124600887298584, 'learning_rate': 1e-06, 'global_step': 18660, 'zo_forward_step': 37322, 'max_steps': 20000, 'max_zo_forward_steps': 0, 'time': 2445, 'eps': 0.001}
03/26/2026 03:57:19 - INFO - src.trainer -   {'loss': 1.2222485542297363, 'learning_rate': 1e-06, 'global_step': 18670, 'zo_forward_step': 37342, 'max_steps': 20000, 'max_zo_forward_steps': 0, 'time': 2447, 'eps': 0.001}
03/26/2026 03:57:21 - INFO - src.trainer -   {'loss': 0.6110595464706421, 'learning_rate': 1e-06, 'global_step': 18680, 'zo_forward_step': 37362, 'max_steps': 20000, 'max_zo_forward_steps': 0, 'time': 2448, 'eps': 0.001}
03/26/2026 03:57:22 - INFO - src.trainer -   {'loss': 1.2379016876220703, 'learning_rate': 1e-06, 'global_step': 18690, 'zo_forward_step': 37382, 'max_steps': 20000, 'max_zo_forward_steps': 0, 'time': 2449, 'eps': 0.001}
1860it [40:26,  1.05s/it]03/26/2026 03:57:23 - INFO - src.trainer -   {'loss': 1.2805134057998657, 'learning_rate': 1e-06, 'global_step': 18700, 'zo_forward_step': 37402, 'max_steps': 20000, 'max_zo_forward_steps': 0, 'time': 2450, 'eps': 0.001}
03/26/2026 03:57:24 - INFO - src.trainer -   {'loss': 0.7069419622421265, 'learning_rate': 1e-06, 'global_step': 18710, 'zo_forward_step': 37422, 'max_steps': 20000, 'max_zo_forward_steps': 0, 'time': 2451, 'eps': 0.001}
03/26/2026 03:57:25 - INFO - src.trainer -   {'loss': 1.2402653694152832, 'learning_rate': 1e-06, 'global_step': 18720, 'zo_forward_step': 37442, 'max_steps': 20000, 'max_zo_forward_steps': 0, 'time': 2452, 'eps': 0.001}
03/26/2026 03:57:26 - INFO - src.trainer -   {'loss': 1.2853916883468628, 'learning_rate': 1e-06, 'global_step': 18730, 'zo_forward_step': 37462, 'max_steps': 20000, 'max_zo_forward_steps': 0, 'time': 2454, 'eps': 0.001}
03/26/2026 03:57:27 - INFO - src.trainer -   {'loss': 0.6401815414428711, 'learning_rate': 1e-06, 'global_step': 18740, 'zo_forward_step': 37482, 'max_steps': 20000, 'max_zo_forward_steps': 0, 'time': 2455, 'eps': 0.001}
03/26/2026 03:57:29 - INFO - src.trainer -   {'loss': 1.186707854270935, 'learning_rate': 1e-06, 'global_step': 18750, 'zo_forward_step': 37502, 'max_steps': 20000, 'max_zo_forward_steps': 0, 'time': 2456, 'eps': 0.001}
03/26/2026 03:57:30 - INFO - src.trainer -   {'loss': 1.1082106828689575, 'learning_rate': 1e-06, 'global_step': 18760, 'zo_forward_step': 37522, 'max_steps': 20000, 'max_zo_forward_steps': 0, 'time': 2457, 'eps': 0.001}
03/26/2026 03:57:31 - INFO - src.trainer -   {'loss': 0.7656468749046326, 'learning_rate': 1e-06, 'global_step': 18770, 'zo_forward_step': 37542, 'max_steps': 20000, 'max_zo_forward_steps': 0, 'time': 2458, 'eps': 0.001}
03/26/2026 03:57:32 - INFO - src.trainer -   {'loss': 1.234336495399475, 'learning_rate': 1e-06, 'global_step': 18780, 'zo_forward_step': 37562, 'max_steps': 20000, 'max_zo_forward_steps': 0, 'time': 2459, 'eps': 0.001}
03/26/2026 03:57:33 - INFO - src.trainer -   {'loss': 1.1608041524887085, 'learning_rate': 1e-06, 'global_step': 18790, 'zo_forward_step': 37582, 'max_steps': 20000, 'max_zo_forward_steps': 0, 'time': 2460, 'eps': 0.001}
1861it [40:38,  1.57s/it]1872it [40:38,  1.06s/it]03/26/2026 03:57:34 - INFO - src.trainer -   {'eval_loss': 1.3428016901016235, 'eval_acc': 0.4375}
03/26/2026 03:57:36 - INFO - src.trainer -   [zo_probe] step=18800 eps=1.000e-03 precision=fp32 n=16 mae=2.653505e+00 rmse=3.581918e+00 sign_acc=0.8750 corr=0.995368
03/26/2026 03:57:36 - INFO - src.trainer -   {'loss': 0.6000726819038391, 'learning_rate': 1e-06, 'global_step': 18800, 'zo_forward_step': 37602, 'max_steps': 20000, 'max_zo_forward_steps': 0, 'time': 2464, 'eps': 0.001}
03/26/2026 03:57:38 - INFO - src.trainer -   {'loss': 1.2492173910140991, 'learning_rate': 1e-06, 'global_step': 18810, 'zo_forward_step': 37622, 'max_steps': 20000, 'max_zo_forward_steps': 0, 'time': 2465, 'eps': 0.001}
03/26/2026 03:57:39 - INFO - src.trainer -   {'loss': 1.2043955326080322, 'learning_rate': 1e-06, 'global_step': 18820, 'zo_forward_step': 37642, 'max_steps': 20000, 'max_zo_forward_steps': 0, 'time': 2466, 'eps': 0.001}
03/26/2026 03:57:40 - INFO - src.trainer -   {'loss': 0.6878781914710999, 'learning_rate': 1e-06, 'global_step': 18830, 'zo_forward_step': 37662, 'max_steps': 20000, 'max_zo_forward_steps': 0, 'time': 2467, 'eps': 0.001}
03/26/2026 03:57:41 - INFO - src.trainer -   {'loss': 1.16921067237854, 'learning_rate': 1e-06, 'global_step': 18840, 'zo_forward_step': 37682, 'max_steps': 20000, 'max_zo_forward_steps': 0, 'time': 2468, 'eps': 0.001}
03/26/2026 03:57:42 - INFO - src.trainer -   {'loss': 1.1951035261154175, 'learning_rate': 1e-06, 'global_step': 18850, 'zo_forward_step': 37702, 'max_steps': 20000, 'max_zo_forward_steps': 0, 'time': 2470, 'eps': 0.001}
03/26/2026 03:57:43 - INFO - src.trainer -   {'loss': 0.7090362906455994, 'learning_rate': 1e-06, 'global_step': 18860, 'zo_forward_step': 37722, 'max_steps': 20000, 'max_zo_forward_steps': 0, 'time': 2471, 'eps': 0.001}
03/26/2026 03:57:45 - INFO - src.trainer -   {'loss': 1.2344486713409424, 'learning_rate': 1e-06, 'global_step': 18870, 'zo_forward_step': 37742, 'max_steps': 20000, 'max_zo_forward_steps': 0, 'time': 2472, 'eps': 0.001}
03/26/2026 03:57:46 - INFO - src.trainer -   {'loss': 1.2987772226333618, 'learning_rate': 1e-06, 'global_step': 18880, 'zo_forward_step': 37762, 'max_steps': 20000, 'max_zo_forward_steps': 0, 'time': 2473, 'eps': 0.001}
03/26/2026 03:57:47 - INFO - src.trainer -   {'loss': 0.5920071601867676, 'learning_rate': 1e-06, 'global_step': 18890, 'zo_forward_step': 37782, 'max_steps': 20000, 'max_zo_forward_steps': 0, 'time': 2474, 'eps': 0.001}
03/26/2026 03:57:48 - INFO - src.trainer -   {'loss': 1.2618930339813232, 'learning_rate': 1e-06, 'global_step': 18900, 'zo_forward_step': 37802, 'max_steps': 20000, 'max_zo_forward_steps': 0, 'time': 2475, 'eps': 0.001}
03/26/2026 03:57:52 - INFO - src.trainer -   {'loss': 1.1483116149902344, 'learning_rate': 1e-06, 'global_step': 18910, 'zo_forward_step': 37822, 'max_steps': 20000, 'max_zo_forward_steps': 0, 'time': 2479, 'eps': 0.001}
1880it [40:56,  1.06s/it]03/26/2026 03:57:53 - INFO - src.trainer -   {'loss': 0.6183688640594482, 'learning_rate': 1e-06, 'global_step': 18920, 'zo_forward_step': 37842, 'max_steps': 20000, 'max_zo_forward_steps': 0, 'time': 2480, 'eps': 0.001}
03/26/2026 03:57:54 - INFO - src.trainer -   {'loss': 1.144135594367981, 'learning_rate': 1e-06, 'global_step': 18930, 'zo_forward_step': 37862, 'max_steps': 20000, 'max_zo_forward_steps': 0, 'time': 2481, 'eps': 0.001}
03/26/2026 03:57:55 - INFO - src.trainer -   {'loss': 1.2585399150848389, 'learning_rate': 1e-06, 'global_step': 18940, 'zo_forward_step': 37882, 'max_steps': 20000, 'max_zo_forward_steps': 0, 'time': 2482, 'eps': 0.001}
03/26/2026 03:57:56 - INFO - src.trainer -   {'loss': 0.649773895740509, 'learning_rate': 1e-06, 'global_step': 18950, 'zo_forward_step': 37902, 'max_steps': 20000, 'max_zo_forward_steps': 0, 'time': 2483, 'eps': 0.001}
03/26/2026 03:57:57 - INFO - src.trainer -   {'loss': 1.1993920803070068, 'learning_rate': 1e-06, 'global_step': 18960, 'zo_forward_step': 37922, 'max_steps': 20000, 'max_zo_forward_steps': 0, 'time': 2484, 'eps': 0.001}
03/26/2026 03:58:00 - INFO - src.trainer -   {'loss': 1.258819818496704, 'learning_rate': 1e-06, 'global_step': 18970, 'zo_forward_step': 37942, 'max_steps': 20000, 'max_zo_forward_steps': 0, 'time': 2487, 'eps': 0.001}
03/26/2026 03:58:01 - INFO - src.trainer -   {'loss': 0.6913427114486694, 'learning_rate': 1e-06, 'global_step': 18980, 'zo_forward_step': 37962, 'max_steps': 20000, 'max_zo_forward_steps': 0, 'time': 2488, 'eps': 0.001}
03/26/2026 03:58:02 - INFO - src.trainer -   {'loss': 1.3186633586883545, 'learning_rate': 1e-06, 'global_step': 18990, 'zo_forward_step': 37982, 'max_steps': 20000, 'max_zo_forward_steps': 0, 'time': 2489, 'eps': 0.001}
1881it [41:07,  1.64s/it]1892it [41:07,  1.11s/it]03/26/2026 03:58:03 - INFO - src.trainer -   {'eval_loss': 1.3438007831573486, 'eval_acc': 0.4375}
03/26/2026 03:58:06 - INFO - src.trainer -   [zo_probe] step=19000 eps=1.000e-03 precision=fp32 n=16 mae=2.264244e+00 rmse=3.040132e+00 sign_acc=1.0000 corr=0.999445
03/26/2026 03:58:06 - INFO - src.trainer -   {'loss': 1.2523998022079468, 'learning_rate': 1e-06, 'global_step': 19000, 'zo_forward_step': 38002, 'max_steps': 20000, 'max_zo_forward_steps': 0, 'time': 2493, 'eps': 0.001}
03/26/2026 03:58:07 - INFO - src.trainer -   {'loss': 0.6882284879684448, 'learning_rate': 1e-06, 'global_step': 19010, 'zo_forward_step': 38022, 'max_steps': 20000, 'max_zo_forward_steps': 0, 'time': 2495, 'eps': 0.001}
03/26/2026 03:58:08 - INFO - src.trainer -   {'loss': 1.0943183898925781, 'learning_rate': 1e-06, 'global_step': 19020, 'zo_forward_step': 38042, 'max_steps': 20000, 'max_zo_forward_steps': 0, 'time': 2496, 'eps': 0.001}
03/26/2026 03:58:10 - INFO - src.trainer -   {'loss': 1.2438148260116577, 'learning_rate': 1e-06, 'global_step': 19030, 'zo_forward_step': 38062, 'max_steps': 20000, 'max_zo_forward_steps': 0, 'time': 2497, 'eps': 0.001}
03/26/2026 03:58:11 - INFO - src.trainer -   {'loss': 0.6153045892715454, 'learning_rate': 1e-06, 'global_step': 19040, 'zo_forward_step': 38082, 'max_steps': 20000, 'max_zo_forward_steps': 0, 'time': 2498, 'eps': 0.001}
03/26/2026 03:58:12 - INFO - src.trainer -   {'loss': 1.1939729452133179, 'learning_rate': 1e-06, 'global_step': 19050, 'zo_forward_step': 38102, 'max_steps': 20000, 'max_zo_forward_steps': 0, 'time': 2499, 'eps': 0.001}
03/26/2026 03:58:13 - INFO - src.trainer -   {'loss': 1.2236794233322144, 'learning_rate': 1e-06, 'global_step': 19060, 'zo_forward_step': 38122, 'max_steps': 20000, 'max_zo_forward_steps': 0, 'time': 2500, 'eps': 0.001}
03/26/2026 03:58:14 - INFO - src.trainer -   {'loss': 0.6205305457115173, 'learning_rate': 1e-06, 'global_step': 19070, 'zo_forward_step': 38142, 'max_steps': 20000, 'max_zo_forward_steps': 0, 'time': 2501, 'eps': 0.001}
03/26/2026 03:58:15 - INFO - src.trainer -   {'loss': 1.145481824874878, 'learning_rate': 1e-06, 'global_step': 19080, 'zo_forward_step': 38162, 'max_steps': 20000, 'max_zo_forward_steps': 0, 'time': 2502, 'eps': 0.001}
03/26/2026 03:58:16 - INFO - src.trainer -   {'loss': 1.3035850524902344, 'learning_rate': 1e-06, 'global_step': 19090, 'zo_forward_step': 38182, 'max_steps': 20000, 'max_zo_forward_steps': 0, 'time': 2504, 'eps': 0.001}
03/26/2026 03:58:18 - INFO - src.trainer -   {'loss': 0.6090912222862244, 'learning_rate': 1e-06, 'global_step': 19100, 'zo_forward_step': 38202, 'max_steps': 20000, 'max_zo_forward_steps': 0, 'time': 2505, 'eps': 0.001}
03/26/2026 03:58:19 - INFO - src.trainer -   {'loss': 1.160176396369934, 'learning_rate': 1e-06, 'global_step': 19110, 'zo_forward_step': 38222, 'max_steps': 20000, 'max_zo_forward_steps': 0, 'time': 2506, 'eps': 0.001}
03/26/2026 03:58:20 - INFO - src.trainer -   {'loss': 1.3001353740692139, 'learning_rate': 1e-06, 'global_step': 19120, 'zo_forward_step': 38242, 'max_steps': 20000, 'max_zo_forward_steps': 0, 'time': 2507, 'eps': 0.001}
03/26/2026 03:58:21 - INFO - src.trainer -   {'loss': 0.6606537103652954, 'learning_rate': 1e-06, 'global_step': 19130, 'zo_forward_step': 38262, 'max_steps': 20000, 'max_zo_forward_steps': 0, 'time': 2508, 'eps': 0.001}
03/26/2026 03:58:22 - INFO - src.trainer -   {'loss': 1.1126383543014526, 'learning_rate': 1e-06, 'global_step': 19140, 'zo_forward_step': 38282, 'max_steps': 20000, 'max_zo_forward_steps': 0, 'time': 2509, 'eps': 0.001}
1900it [41:26,  1.11s/it]03/26/2026 03:58:23 - INFO - src.trainer -   {'loss': 1.2213026285171509, 'learning_rate': 1e-06, 'global_step': 19150, 'zo_forward_step': 38302, 'max_steps': 20000, 'max_zo_forward_steps': 0, 'time': 2511, 'eps': 0.001}
03/26/2026 03:58:24 - INFO - src.trainer -   {'loss': 0.649470865726471, 'learning_rate': 1e-06, 'global_step': 19160, 'zo_forward_step': 38322, 'max_steps': 20000, 'max_zo_forward_steps': 0, 'time': 2512, 'eps': 0.001}
03/26/2026 03:58:26 - INFO - src.trainer -   {'loss': 1.1522042751312256, 'learning_rate': 1e-06, 'global_step': 19170, 'zo_forward_step': 38342, 'max_steps': 20000, 'max_zo_forward_steps': 0, 'time': 2513, 'eps': 0.001}
03/26/2026 03:58:27 - INFO - src.trainer -   {'loss': 1.3881983757019043, 'learning_rate': 1e-06, 'global_step': 19180, 'zo_forward_step': 38362, 'max_steps': 20000, 'max_zo_forward_steps': 0, 'time': 2514, 'eps': 0.001}
03/26/2026 03:58:28 - INFO - src.trainer -   {'loss': 0.6430168151855469, 'learning_rate': 1e-06, 'global_step': 19190, 'zo_forward_step': 38382, 'max_steps': 20000, 'max_zo_forward_steps': 0, 'time': 2515, 'eps': 0.001}
1901it [41:33,  1.59s/it]1912it [41:33,  1.08s/it]03/26/2026 03:58:29 - INFO - src.trainer -   {'eval_loss': 1.3301457166671753, 'eval_acc': 0.4625}
03/26/2026 03:58:32 - INFO - src.trainer -   [zo_probe] step=19200 eps=1.000e-03 precision=fp32 n=16 mae=3.504369e+00 rmse=4.429607e+00 sign_acc=1.0000 corr=0.995733
03/26/2026 03:58:32 - INFO - src.trainer -   {'loss': 1.1424239873886108, 'learning_rate': 1e-06, 'global_step': 19200, 'zo_forward_step': 38402, 'max_steps': 20000, 'max_zo_forward_steps': 0, 'time': 2519, 'eps': 0.001}
03/26/2026 03:58:33 - INFO - src.trainer -   {'loss': 1.1096023321151733, 'learning_rate': 1e-06, 'global_step': 19210, 'zo_forward_step': 38422, 'max_steps': 20000, 'max_zo_forward_steps': 0, 'time': 2520, 'eps': 0.001}
03/26/2026 03:58:34 - INFO - src.trainer -   {'loss': 0.5732657313346863, 'learning_rate': 1e-06, 'global_step': 19220, 'zo_forward_step': 38442, 'max_steps': 20000, 'max_zo_forward_steps': 0, 'time': 2522, 'eps': 0.001}
03/26/2026 03:58:35 - INFO - src.trainer -   {'loss': 1.2146364450454712, 'learning_rate': 1e-06, 'global_step': 19230, 'zo_forward_step': 38462, 'max_steps': 20000, 'max_zo_forward_steps': 0, 'time': 2523, 'eps': 0.001}
03/26/2026 03:58:37 - INFO - src.trainer -   {'loss': 1.2058738470077515, 'learning_rate': 1e-06, 'global_step': 19240, 'zo_forward_step': 38482, 'max_steps': 20000, 'max_zo_forward_steps': 0, 'time': 2524, 'eps': 0.001}
03/26/2026 03:58:38 - INFO - src.trainer -   {'loss': 0.5905054807662964, 'learning_rate': 1e-06, 'global_step': 19250, 'zo_forward_step': 38502, 'max_steps': 20000, 'max_zo_forward_steps': 0, 'time': 2525, 'eps': 0.001}
03/26/2026 03:58:39 - INFO - src.trainer -   {'loss': 1.178001046180725, 'learning_rate': 1e-06, 'global_step': 19260, 'zo_forward_step': 38522, 'max_steps': 20000, 'max_zo_forward_steps': 0, 'time': 2526, 'eps': 0.001}
03/26/2026 03:58:40 - INFO - src.trainer -   {'loss': 1.1084065437316895, 'learning_rate': 1e-06, 'global_step': 19270, 'zo_forward_step': 38542, 'max_steps': 20000, 'max_zo_forward_steps': 0, 'time': 2527, 'eps': 0.001}
03/26/2026 03:58:41 - INFO - src.trainer -   {'loss': 0.6088545322418213, 'learning_rate': 1e-06, 'global_step': 19280, 'zo_forward_step': 38562, 'max_steps': 20000, 'max_zo_forward_steps': 0, 'time': 2528, 'eps': 0.001}
03/26/2026 03:58:42 - INFO - src.trainer -   {'loss': 1.166608214378357, 'learning_rate': 1e-06, 'global_step': 19290, 'zo_forward_step': 38582, 'max_steps': 20000, 'max_zo_forward_steps': 0, 'time': 2530, 'eps': 0.001}
1920it [41:46,  1.08s/it]03/26/2026 03:58:43 - INFO - src.trainer -   {'loss': 1.1723697185516357, 'learning_rate': 1e-06, 'global_step': 19300, 'zo_forward_step': 38602, 'max_steps': 20000, 'max_zo_forward_steps': 0, 'time': 2531, 'eps': 0.001}
03/26/2026 03:58:45 - INFO - src.trainer -   {'loss': 0.7514724731445312, 'learning_rate': 1e-06, 'global_step': 19310, 'zo_forward_step': 38622, 'max_steps': 20000, 'max_zo_forward_steps': 0, 'time': 2532, 'eps': 0.001}
03/26/2026 03:58:46 - INFO - src.trainer -   {'loss': 1.159328818321228, 'learning_rate': 1e-06, 'global_step': 19320, 'zo_forward_step': 38642, 'max_steps': 20000, 'max_zo_forward_steps': 0, 'time': 2533, 'eps': 0.001}
03/26/2026 03:58:47 - INFO - src.trainer -   {'loss': 1.2111467123031616, 'learning_rate': 1e-06, 'global_step': 19330, 'zo_forward_step': 38662, 'max_steps': 20000, 'max_zo_forward_steps': 0, 'time': 2534, 'eps': 0.001}
03/26/2026 03:58:48 - INFO - src.trainer -   {'loss': 0.6940445303916931, 'learning_rate': 1e-06, 'global_step': 19340, 'zo_forward_step': 38682, 'max_steps': 20000, 'max_zo_forward_steps': 0, 'time': 2535, 'eps': 0.001}
03/26/2026 03:58:49 - INFO - src.trainer -   {'loss': 1.1272927522659302, 'learning_rate': 1e-06, 'global_step': 19350, 'zo_forward_step': 38702, 'max_steps': 20000, 'max_zo_forward_steps': 0, 'time': 2536, 'eps': 0.001}
03/26/2026 03:58:50 - INFO - src.trainer -   {'loss': 1.1606175899505615, 'learning_rate': 1e-06, 'global_step': 19360, 'zo_forward_step': 38722, 'max_steps': 20000, 'max_zo_forward_steps': 0, 'time': 2537, 'eps': 0.001}
03/26/2026 03:58:51 - INFO - src.trainer -   {'loss': 0.6807920932769775, 'learning_rate': 1e-06, 'global_step': 19370, 'zo_forward_step': 38742, 'max_steps': 20000, 'max_zo_forward_steps': 0, 'time': 2539, 'eps': 0.001}
03/26/2026 03:58:52 - INFO - src.trainer -   {'loss': 1.108614206314087, 'learning_rate': 1e-06, 'global_step': 19380, 'zo_forward_step': 38762, 'max_steps': 20000, 'max_zo_forward_steps': 0, 'time': 2540, 'eps': 0.001}
03/26/2026 03:58:54 - INFO - src.trainer -   {'loss': 1.1564226150512695, 'learning_rate': 1e-06, 'global_step': 19390, 'zo_forward_step': 38782, 'max_steps': 20000, 'max_zo_forward_steps': 0, 'time': 2541, 'eps': 0.001}
1921it [41:59,  1.57s/it]1932it [41:59,  1.06s/it]03/26/2026 03:58:55 - INFO - src.trainer -   {'eval_loss': 1.3109464645385742, 'eval_acc': 0.45}
03/26/2026 03:58:57 - INFO - src.trainer -   [zo_probe] step=19400 eps=1.000e-03 precision=fp32 n=16 mae=4.701009e+00 rmse=5.501386e+00 sign_acc=1.0000 corr=0.988540
03/26/2026 03:58:57 - INFO - src.trainer -   {'loss': 0.7648844718933105, 'learning_rate': 1e-06, 'global_step': 19400, 'zo_forward_step': 38802, 'max_steps': 20000, 'max_zo_forward_steps': 0, 'time': 2544, 'eps': 0.001}
03/26/2026 03:58:58 - INFO - src.trainer -   {'loss': 1.1434632539749146, 'learning_rate': 1e-06, 'global_step': 19410, 'zo_forward_step': 38822, 'max_steps': 20000, 'max_zo_forward_steps': 0, 'time': 2545, 'eps': 0.001}
03/26/2026 03:58:59 - INFO - src.trainer -   {'loss': 1.1526284217834473, 'learning_rate': 1e-06, 'global_step': 19420, 'zo_forward_step': 38842, 'max_steps': 20000, 'max_zo_forward_steps': 0, 'time': 2546, 'eps': 0.001}
03/26/2026 03:59:00 - INFO - src.trainer -   {'loss': 0.7453899383544922, 'learning_rate': 1e-06, 'global_step': 19430, 'zo_forward_step': 38862, 'max_steps': 20000, 'max_zo_forward_steps': 0, 'time': 2548, 'eps': 0.001}
03/26/2026 03:59:01 - INFO - src.trainer -   {'loss': 1.123846411705017, 'learning_rate': 1e-06, 'global_step': 19440, 'zo_forward_step': 38882, 'max_steps': 20000, 'max_zo_forward_steps': 0, 'time': 2549, 'eps': 0.001}
03/26/2026 03:59:03 - INFO - src.trainer -   {'loss': 1.0988504886627197, 'learning_rate': 1e-06, 'global_step': 19450, 'zo_forward_step': 38902, 'max_steps': 20000, 'max_zo_forward_steps': 0, 'time': 2550, 'eps': 0.001}
03/26/2026 03:59:04 - INFO - src.trainer -   {'loss': 0.6171828508377075, 'learning_rate': 1e-06, 'global_step': 19460, 'zo_forward_step': 38922, 'max_steps': 20000, 'max_zo_forward_steps': 0, 'time': 2551, 'eps': 0.001}
03/26/2026 03:59:05 - INFO - src.trainer -   {'loss': 1.251664400100708, 'learning_rate': 1e-06, 'global_step': 19470, 'zo_forward_step': 38942, 'max_steps': 20000, 'max_zo_forward_steps': 0, 'time': 2552, 'eps': 0.001}
03/26/2026 03:59:06 - INFO - src.trainer -   {'loss': 1.1691886186599731, 'learning_rate': 1e-06, 'global_step': 19480, 'zo_forward_step': 38962, 'max_steps': 20000, 'max_zo_forward_steps': 0, 'time': 2553, 'eps': 0.001}
03/26/2026 03:59:07 - INFO - src.trainer -   {'loss': 0.7546825408935547, 'learning_rate': 1e-06, 'global_step': 19490, 'zo_forward_step': 38982, 'max_steps': 20000, 'max_zo_forward_steps': 0, 'time': 2554, 'eps': 0.001}
03/26/2026 03:59:08 - INFO - src.trainer -   {'loss': 1.2040565013885498, 'learning_rate': 1e-06, 'global_step': 19500, 'zo_forward_step': 39002, 'max_steps': 20000, 'max_zo_forward_steps': 0, 'time': 2556, 'eps': 0.001}
03/26/2026 03:59:09 - INFO - src.trainer -   {'loss': 1.136994481086731, 'learning_rate': 1e-06, 'global_step': 19510, 'zo_forward_step': 39022, 'max_steps': 20000, 'max_zo_forward_steps': 0, 'time': 2557, 'eps': 0.001}
03/26/2026 03:59:11 - INFO - src.trainer -   {'loss': 0.6326559782028198, 'learning_rate': 1e-06, 'global_step': 19520, 'zo_forward_step': 39042, 'max_steps': 20000, 'max_zo_forward_steps': 0, 'time': 2558, 'eps': 0.001}
03/26/2026 03:59:12 - INFO - src.trainer -   {'loss': 1.098557710647583, 'learning_rate': 1e-06, 'global_step': 19530, 'zo_forward_step': 39062, 'max_steps': 20000, 'max_zo_forward_steps': 0, 'time': 2559, 'eps': 0.001}
1940it [42:16,  1.06s/it]03/26/2026 03:59:13 - INFO - src.trainer -   {'loss': 1.1398195028305054, 'learning_rate': 1e-06, 'global_step': 19540, 'zo_forward_step': 39082, 'max_steps': 20000, 'max_zo_forward_steps': 0, 'time': 2560, 'eps': 0.001}
03/26/2026 03:59:14 - INFO - src.trainer -   {'loss': 0.7044970989227295, 'learning_rate': 1e-06, 'global_step': 19550, 'zo_forward_step': 39102, 'max_steps': 20000, 'max_zo_forward_steps': 0, 'time': 2561, 'eps': 0.001}
03/26/2026 03:59:15 - INFO - src.trainer -   {'loss': 1.181776523590088, 'learning_rate': 1e-06, 'global_step': 19560, 'zo_forward_step': 39122, 'max_steps': 20000, 'max_zo_forward_steps': 0, 'time': 2562, 'eps': 0.001}
03/26/2026 03:59:16 - INFO - src.trainer -   {'loss': 1.1127150058746338, 'learning_rate': 1e-06, 'global_step': 19570, 'zo_forward_step': 39142, 'max_steps': 20000, 'max_zo_forward_steps': 0, 'time': 2564, 'eps': 0.001}
03/26/2026 03:59:18 - INFO - src.trainer -   {'loss': 0.6673873066902161, 'learning_rate': 1e-06, 'global_step': 19580, 'zo_forward_step': 39162, 'max_steps': 20000, 'max_zo_forward_steps': 0, 'time': 2565, 'eps': 0.001}
03/26/2026 03:59:19 - INFO - src.trainer -   {'loss': 1.2045905590057373, 'learning_rate': 1e-06, 'global_step': 19590, 'zo_forward_step': 39182, 'max_steps': 20000, 'max_zo_forward_steps': 0, 'time': 2566, 'eps': 0.001}
1941it [42:24,  1.53s/it]1952it [42:24,  1.04s/it]03/26/2026 03:59:20 - INFO - src.trainer -   {'eval_loss': 1.3060357570648193, 'eval_acc': 0.425}
03/26/2026 03:59:23 - INFO - src.trainer -   [zo_probe] step=19600 eps=1.000e-03 precision=fp32 n=16 mae=2.533126e+00 rmse=3.547852e+00 sign_acc=0.9375 corr=0.997102
03/26/2026 03:59:23 - INFO - src.trainer -   {'loss': 0.9779993295669556, 'learning_rate': 1e-06, 'global_step': 19600, 'zo_forward_step': 39202, 'max_steps': 20000, 'max_zo_forward_steps': 0, 'time': 2570, 'eps': 0.001}
03/26/2026 03:59:24 - INFO - src.trainer -   {'loss': 0.8028010725975037, 'learning_rate': 1e-06, 'global_step': 19610, 'zo_forward_step': 39222, 'max_steps': 20000, 'max_zo_forward_steps': 0, 'time': 2571, 'eps': 0.001}
03/26/2026 03:59:25 - INFO - src.trainer -   {'loss': 1.2040798664093018, 'learning_rate': 1e-06, 'global_step': 19620, 'zo_forward_step': 39242, 'max_steps': 20000, 'max_zo_forward_steps': 0, 'time': 2572, 'eps': 0.001}
03/26/2026 03:59:26 - INFO - src.trainer -   {'loss': 1.0647403001785278, 'learning_rate': 1e-06, 'global_step': 19630, 'zo_forward_step': 39262, 'max_steps': 20000, 'max_zo_forward_steps': 0, 'time': 2574, 'eps': 0.001}
03/26/2026 03:59:27 - INFO - src.trainer -   {'loss': 0.6526387333869934, 'learning_rate': 1e-06, 'global_step': 19640, 'zo_forward_step': 39282, 'max_steps': 20000, 'max_zo_forward_steps': 0, 'time': 2575, 'eps': 0.001}
03/26/2026 03:59:29 - INFO - src.trainer -   {'loss': 1.3266754150390625, 'learning_rate': 1e-06, 'global_step': 19650, 'zo_forward_step': 39302, 'max_steps': 20000, 'max_zo_forward_steps': 0, 'time': 2576, 'eps': 0.001}
03/26/2026 03:59:30 - INFO - src.trainer -   {'loss': 1.0013538599014282, 'learning_rate': 1e-06, 'global_step': 19660, 'zo_forward_step': 39322, 'max_steps': 20000, 'max_zo_forward_steps': 0, 'time': 2577, 'eps': 0.001}
03/26/2026 03:59:31 - INFO - src.trainer -   {'loss': 0.6480788588523865, 'learning_rate': 1e-06, 'global_step': 19670, 'zo_forward_step': 39342, 'max_steps': 20000, 'max_zo_forward_steps': 0, 'time': 2578, 'eps': 0.001}
03/26/2026 03:59:32 - INFO - src.trainer -   {'loss': 1.2487891912460327, 'learning_rate': 1e-06, 'global_step': 19680, 'zo_forward_step': 39362, 'max_steps': 20000, 'max_zo_forward_steps': 0, 'time': 2579, 'eps': 0.001}
1960it [42:36,  1.04s/it]03/26/2026 03:59:33 - INFO - src.trainer -   {'loss': 1.0962285995483398, 'learning_rate': 1e-06, 'global_step': 19690, 'zo_forward_step': 39382, 'max_steps': 20000, 'max_zo_forward_steps': 0, 'time': 2580, 'eps': 0.001}
03/26/2026 03:59:34 - INFO - src.trainer -   {'loss': 0.6351041197776794, 'learning_rate': 1e-06, 'global_step': 19700, 'zo_forward_step': 39402, 'max_steps': 20000, 'max_zo_forward_steps': 0, 'time': 2582, 'eps': 0.001}
03/26/2026 03:59:35 - INFO - src.trainer -   {'loss': 1.197035551071167, 'learning_rate': 1e-06, 'global_step': 19710, 'zo_forward_step': 39422, 'max_steps': 20000, 'max_zo_forward_steps': 0, 'time': 2583, 'eps': 0.001}
03/26/2026 03:59:37 - INFO - src.trainer -   {'loss': 1.1105538606643677, 'learning_rate': 1e-06, 'global_step': 19720, 'zo_forward_step': 39442, 'max_steps': 20000, 'max_zo_forward_steps': 0, 'time': 2584, 'eps': 0.001}
03/26/2026 03:59:38 - INFO - src.trainer -   {'loss': 0.6723090410232544, 'learning_rate': 1e-06, 'global_step': 19730, 'zo_forward_step': 39462, 'max_steps': 20000, 'max_zo_forward_steps': 0, 'time': 2585, 'eps': 0.001}
03/26/2026 03:59:39 - INFO - src.trainer -   {'loss': 1.2728550434112549, 'learning_rate': 1e-06, 'global_step': 19740, 'zo_forward_step': 39482, 'max_steps': 20000, 'max_zo_forward_steps': 0, 'time': 2586, 'eps': 0.001}
03/26/2026 03:59:40 - INFO - src.trainer -   {'loss': 1.0360668897628784, 'learning_rate': 1e-06, 'global_step': 19750, 'zo_forward_step': 39502, 'max_steps': 20000, 'max_zo_forward_steps': 0, 'time': 2587, 'eps': 0.001}
03/26/2026 03:59:41 - INFO - src.trainer -   {'loss': 0.6508702039718628, 'learning_rate': 1e-06, 'global_step': 19760, 'zo_forward_step': 39522, 'max_steps': 20000, 'max_zo_forward_steps': 0, 'time': 2589, 'eps': 0.001}
03/26/2026 03:59:42 - INFO - src.trainer -   {'loss': 1.2533987760543823, 'learning_rate': 1e-06, 'global_step': 19770, 'zo_forward_step': 39542, 'max_steps': 20000, 'max_zo_forward_steps': 0, 'time': 2590, 'eps': 0.001}
03/26/2026 03:59:44 - INFO - src.trainer -   {'loss': 1.0496429204940796, 'learning_rate': 1e-06, 'global_step': 19780, 'zo_forward_step': 39562, 'max_steps': 20000, 'max_zo_forward_steps': 0, 'time': 2591, 'eps': 0.001}
03/26/2026 03:59:45 - INFO - src.trainer -   {'loss': 0.6593890190124512, 'learning_rate': 1e-06, 'global_step': 19790, 'zo_forward_step': 39582, 'max_steps': 20000, 'max_zo_forward_steps': 0, 'time': 2592, 'eps': 0.001}
1961it [42:50,  1.55s/it]1972it [42:50,  1.05s/it]03/26/2026 03:59:46 - INFO - src.trainer -   {'eval_loss': 1.2893613576889038, 'eval_acc': 0.4625}
03/26/2026 03:59:49 - INFO - src.trainer -   [zo_probe] step=19800 eps=1.000e-03 precision=fp32 n=16 mae=4.306771e+00 rmse=6.018679e+00 sign_acc=1.0000 corr=0.995116
03/26/2026 03:59:49 - INFO - src.trainer -   {'loss': 1.2383480072021484, 'learning_rate': 1e-06, 'global_step': 19800, 'zo_forward_step': 39602, 'max_steps': 20000, 'max_zo_forward_steps': 0, 'time': 2596, 'eps': 0.001}
03/26/2026 03:59:50 - INFO - src.trainer -   {'loss': 1.0043896436691284, 'learning_rate': 1e-06, 'global_step': 19810, 'zo_forward_step': 39622, 'max_steps': 20000, 'max_zo_forward_steps': 0, 'time': 2597, 'eps': 0.001}
03/26/2026 03:59:51 - INFO - src.trainer -   {'loss': 0.6497121453285217, 'learning_rate': 1e-06, 'global_step': 19820, 'zo_forward_step': 39642, 'max_steps': 20000, 'max_zo_forward_steps': 0, 'time': 2599, 'eps': 0.001}
03/26/2026 03:59:52 - INFO - src.trainer -   {'loss': 1.1334407329559326, 'learning_rate': 1e-06, 'global_step': 19830, 'zo_forward_step': 39662, 'max_steps': 20000, 'max_zo_forward_steps': 0, 'time': 2600, 'eps': 0.001}
03/26/2026 03:59:54 - INFO - src.trainer -   {'loss': 1.0197923183441162, 'learning_rate': 1e-06, 'global_step': 19840, 'zo_forward_step': 39682, 'max_steps': 20000, 'max_zo_forward_steps': 0, 'time': 2601, 'eps': 0.001}
03/26/2026 03:59:55 - INFO - src.trainer -   {'loss': 0.7349748611450195, 'learning_rate': 1e-06, 'global_step': 19850, 'zo_forward_step': 39702, 'max_steps': 20000, 'max_zo_forward_steps': 0, 'time': 2602, 'eps': 0.001}
03/26/2026 03:59:56 - INFO - src.trainer -   {'loss': 1.2259135246276855, 'learning_rate': 1e-06, 'global_step': 19860, 'zo_forward_step': 39722, 'max_steps': 20000, 'max_zo_forward_steps': 0, 'time': 2603, 'eps': 0.001}
03/26/2026 03:59:57 - INFO - src.trainer -   {'loss': 0.9944700598716736, 'learning_rate': 1e-06, 'global_step': 19870, 'zo_forward_step': 39742, 'max_steps': 20000, 'max_zo_forward_steps': 0, 'time': 2604, 'eps': 0.001}
03/26/2026 03:59:58 - INFO - src.trainer -   {'loss': 0.7069360613822937, 'learning_rate': 1e-06, 'global_step': 19880, 'zo_forward_step': 39762, 'max_steps': 20000, 'max_zo_forward_steps': 0, 'time': 2605, 'eps': 0.001}
03/26/2026 03:59:59 - INFO - src.trainer -   {'loss': 1.2402207851409912, 'learning_rate': 1e-06, 'global_step': 19890, 'zo_forward_step': 39782, 'max_steps': 20000, 'max_zo_forward_steps': 0, 'time': 2607, 'eps': 0.001}
03/26/2026 04:00:00 - INFO - src.trainer -   {'loss': 1.0600730180740356, 'learning_rate': 1e-06, 'global_step': 19900, 'zo_forward_step': 39802, 'max_steps': 20000, 'max_zo_forward_steps': 0, 'time': 2608, 'eps': 0.001}
03/26/2026 04:00:02 - INFO - src.trainer -   {'loss': 0.6504926681518555, 'learning_rate': 1e-06, 'global_step': 19910, 'zo_forward_step': 39822, 'max_steps': 20000, 'max_zo_forward_steps': 0, 'time': 2609, 'eps': 0.001}
1980it [43:06,  1.05s/it]03/26/2026 04:00:03 - INFO - src.trainer -   {'loss': 1.1715052127838135, 'learning_rate': 1e-06, 'global_step': 19920, 'zo_forward_step': 39842, 'max_steps': 20000, 'max_zo_forward_steps': 0, 'time': 2610, 'eps': 0.001}
03/26/2026 04:00:04 - INFO - src.trainer -   {'loss': 1.1153967380523682, 'learning_rate': 1e-06, 'global_step': 19930, 'zo_forward_step': 39862, 'max_steps': 20000, 'max_zo_forward_steps': 0, 'time': 2611, 'eps': 0.001}
03/26/2026 04:00:05 - INFO - src.trainer -   {'loss': 0.6002565622329712, 'learning_rate': 1e-06, 'global_step': 19940, 'zo_forward_step': 39882, 'max_steps': 20000, 'max_zo_forward_steps': 0, 'time': 2612, 'eps': 0.001}
03/26/2026 04:00:06 - INFO - src.trainer -   {'loss': 1.2804937362670898, 'learning_rate': 1e-06, 'global_step': 19950, 'zo_forward_step': 39902, 'max_steps': 20000, 'max_zo_forward_steps': 0, 'time': 2613, 'eps': 0.001}
03/26/2026 04:00:07 - INFO - src.trainer -   {'loss': 1.1000690460205078, 'learning_rate': 1e-06, 'global_step': 19960, 'zo_forward_step': 39922, 'max_steps': 20000, 'max_zo_forward_steps': 0, 'time': 2615, 'eps': 0.001}
03/26/2026 04:00:08 - INFO - src.trainer -   {'loss': 0.7201170921325684, 'learning_rate': 1e-06, 'global_step': 19970, 'zo_forward_step': 39942, 'max_steps': 20000, 'max_zo_forward_steps': 0, 'time': 2616, 'eps': 0.001}
03/26/2026 04:00:10 - INFO - src.trainer -   {'loss': 1.1154038906097412, 'learning_rate': 1e-06, 'global_step': 19980, 'zo_forward_step': 39962, 'max_steps': 20000, 'max_zo_forward_steps': 0, 'time': 2617, 'eps': 0.001}
03/26/2026 04:00:11 - INFO - src.trainer -   {'loss': 1.170192003250122, 'learning_rate': 1e-06, 'global_step': 19990, 'zo_forward_step': 39982, 'max_steps': 20000, 'max_zo_forward_steps': 0, 'time': 2618, 'eps': 0.001}
1981it [43:16,  1.55s/it]1992it [43:16,  1.05s/it]03/26/2026 04:00:12 - INFO - src.trainer -   {'eval_loss': 1.2928378582000732, 'eval_acc': 0.4375}
03/26/2026 04:00:14 - INFO - src.trainer -   [zo_probe] step=20000 eps=1.000e-03 precision=fp32 n=16 mae=4.769268e+00 rmse=5.489212e+00 sign_acc=1.0000 corr=0.994944
03/26/2026 04:00:14 - INFO - src.trainer -   {'loss': 0.7314739227294922, 'learning_rate': 1e-06, 'global_step': 20000, 'zo_forward_step': 40002, 'max_steps': 20000, 'max_zo_forward_steps': 0, 'time': 2621, 'eps': 0.001}
03/26/2026 04:00:14 - INFO - src.trainer -   [eval_loss_last5] mean=1.305865e+00 count=5 steps=[19200, 19400, 19600, 19800, 20000]
03/26/2026 04:00:14 - INFO - src.trainer -   

Training completed. Do not forget to share your model on huggingface.co/models =)


03/26/2026 04:00:15 - INFO - __main__ -   *** Validate ***
2003it [43:19,  1.26it/s]2014it [43:19,  1.81it/s]03/26/2026 04:00:15 - INFO - src.trainer -   {'eval_loss': 1.4288699626922607, 'eval_acc': 0.4875}
03/26/2026 04:00:15 - INFO - __main__ -   ***** Eval results sst-5 *****
03/26/2026 04:00:15 - INFO - __main__ -     eval_loss = 1.4288699626922607
03/26/2026 04:00:15 - INFO - __main__ -     eval_acc = 0.4875
03/26/2026 04:00:15 - INFO - root -   *** Test ***
2023it [43:19,  2.46it/s]2034it [43:19,  3.56it/s]2045it [43:19,  5.10it/s]2056it [43:19,  7.22it/s]2067it [43:19, 10.09it/s]2078it [43:19, 13.91it/s]2089it [43:19, 18.87it/s]2100it [43:20, 25.06it/s]2111it [43:20, 32.53it/s]2122it [43:20, 41.00it/s]2133it [43:20, 50.29it/s]2144it [43:20, 59.59it/s]2155it [43:20, 68.52it/s]2166it [43:20, 76.40it/s]2177it [43:20, 83.21it/s]2188it [43:20, 88.63it/s]2199it [43:20, 92.96it/s]2210it [43:21, 96.18it/s]2221it [43:21, 98.55it/s]2232it [43:21, 100.42it/s]2243it [43:21, 101.62it/s]2254it [43:21, 102.66it/s]2265it [43:21, 103.35it/s]03/26/2026 04:00:17 - INFO - src.trainer -   {'eval_loss': 1.4863779544830322, 'eval_acc': 0.338}
03/26/2026 04:00:17 - INFO - __main__ -   ***** Test results sst-5 *****
03/26/2026 04:00:17 - INFO - __main__ -     eval_loss = 1.4863779544830322
03/26/2026 04:00:17 - INFO - __main__ -     eval_acc = 0.338
03/26/2026 04:00:17 - INFO - __main__ -   ****** Output Dir *******
03/26/2026 04:00:17 - INFO - __main__ -   /home/jy03364/MeZO/medium_models/sh_file/sst5/bs32/h_precision_sweep/result/sst5-bs32-h-precision-sweep/fp32/eps_1e-3/seed13
2270it [43:21,  1.15s/it] 
