SLURM_ARRAY_TASK_ID=5
TASK=sst-5 MODEL=roberta-large K=16
BS=32 LR=1e-6 STEP=20000 EVAL_STEP=200
USE_H=False USE_C=False DATALOADER_SHUFFLE=False
ZO_PROBE_EVERY=200 ZO_PROBE_NUM_SEEDS=16
PRECISIONS=fp32 fp16
SEEDS=13
ARRAY MODE: index=5/26 -> precision=fp32, eps=3e-6, seed=13
>>> Running precision=fp32, eps=3e-6, seed=13
TASK: sst-5
K: 16
Seed: 13
Data seed: 16
BS: 32
LR: 1e-6
EPS: 3e-6
Step: 20000; Eval step: 200
Using adaptive h: False
Dataloader shuffle: False
Grid search tag: seed13-bs32-lr1e-6-eps3e-6-wd0-step20000-evalstep200
Tag: k16-roberta-large-mezo-h-precision-sweep
Result root: /home/jy03364/MeZO/medium_models/sh_file/sst5/bs32/h_precision_sweep/result/sst5-bs32-h-precision-sweep/fp32
Job name: eps_3e-6
Output dir: /home/jy03364/MeZO/medium_models/sh_file/sst5/bs32/h_precision_sweep/result/sst5-bs32-h-precision-sweep/fp32/eps_3e-6/seed13
GPU数量: 1
03/25/2026 23:00:09 - WARNING - __main__ -   Process rank: -1, device: cuda:0, n_gpu: 1, distributed training: False, 16-bits training: False
03/25/2026 23:00:09 - INFO - __main__ -   Training/evaluation parameters DynamicTrainingArguments(
_n_gpu=1,
accelerator_config={'split_batches': False, 'dispatch_batches': None, 'even_batches': True, 'use_seedable_sampler': True, 'non_blocking': False, 'gradient_accumulation_kwargs': None, 'use_configured_state': False},
adafactor=False,
adam_beta1=0.9,
adam_beta2=0.999,
adam_epsilon=1e-08,
adjust_for_init=False,
array_id=-1,
auto_find_batch_size=False,
average_tokens_across_devices=False,
batch_eval_metrics=False,
bf16=False,
bf16_full_eval=False,
binary_classification=False,
change_grad_estimate=False,
data_seed=16,
dataloader_drop_last=False,
dataloader_num_workers=0,
dataloader_persistent_workers=False,
dataloader_pin_memory=True,
dataloader_prefetch_factor=None,
dataloader_shuffle=False,
ddp_backend=None,
ddp_broadcast_buffers=None,
ddp_bucket_cap_mb=None,
ddp_find_unused_parameters=None,
ddp_timeout=1800,
debug=[],
deepspeed=None,
disable_tqdm=False,
do_eval=True,
do_predict=True,
do_train=True,
efficient_zero_order=True,
efficient_zero_order_fp16=False,
eval_accumulation_steps=None,
eval_delay=0,
eval_do_concat_batches=True,
eval_on_start=False,
eval_steps=200.0,
eval_strategy=IntervalStrategy.NO,
eval_use_gather_object=False,
evaluate_during_training=True,
exclude_embeddings=False,
exclude_first_layers=-1,
exclude_head=False,
f0_scaling=1.0,
fix_layers=0,
fp16=False,
fp16_backend=auto,
fp16_full_eval=False,
fp16_opt_level=O1,
from_linearhead=False,
fsdp=[],
fsdp_config={'min_num_params': 0, 'xla': False, 'xla_fsdp_v2': False, 'xla_fsdp_grad_ckpt': False},
fsdp_min_num_params=0,
fsdp_transformer_layer_cls_to_wrap=None,
full_determinism=False,
gradient_accumulation_steps=1,
gradient_checkpointing=False,
gradient_checkpointing_kwargs=None,
greater_is_better=None,
group_by_length=False,
half_precision_backend=auto,
head_tuning=False,
hf_inference_model=False,
hub_always_push=False,
hub_model_id=None,
hub_private_repo=None,
hub_revision=None,
hub_strategy=HubStrategy.EVERY_SAVE,
hub_token=<HUB_TOKEN>,
ignore_data_skip=False,
include_for_metrics=[],
include_inputs_for_metrics=False,
include_num_input_tokens_seen=False,
include_tokens_per_second=False,
jit_mode_eval=False,
kernel_formula=sgd,
kernel_gamma=1.0,
kernel_regularization=0.0,
kernel_solver=logistic,
label_names=None,
label_smoothing_factor=0.0,
layer_wise_optim=False,
learning_rate=1e-06,
length_column_name=length,
liger_kernel_config=None,
load_best_model_at_end=False,
load_kernels=None,
local_rank=-1,
log_file=log-USE_H0-USE_C0,
log_level=passive,
log_level_replica=warning,
log_on_each_node=True,
logging_dir=/home/jy03364/MeZO/medium_models/sh_file/sst5/bs32/h_precision_sweep/result/sst5-bs32-h-precision-sweep/fp32/eps_3e-6/seed13/runs/Mar25_23-00-08_ra7-4,
logging_first_step=False,
logging_nan_inf_filter=True,
logging_steps=10,
logging_strategy=IntervalStrategy.STEPS,
lp_early_stopping=False,
lr_scheduler_kwargs={},
lr_scheduler_type=SchedulerType.CONSTANT,
max_grad_norm=1.0,
max_steps=20000,
max_zo_forward_steps=0,
mc_tol=0.1,
metric_for_best_model=None,
model_id=-1,
mp_parameters=,
neftune_noise_alpha=None,
no_cuda=False,
no_predict=False,
no_reparam=False,
no_train=False,
norm_running_update=False,
num_hvp_vecs=128,
num_prefix=10,
num_train_epochs=3.0,
only_biases=False,
optim=OptimizerNames.ADAMW_TORCH,
optim_args=None,
optim_target_modules=None,
optimize_acc=False,
optimizer=sgd,
optimizer_variant=,
output_dir=/home/jy03364/MeZO/medium_models/sh_file/sst5/bs32/h_precision_sweep/result/sst5-bs32-h-precision-sweep/fp32/eps_3e-6/seed13,
overwrite_kernels=False,
overwrite_output_dir=True,
parallelism_config=None,
past_index=-1,
per_device_eval_batch_size=4,
per_device_train_batch_size=32,
prediction_loss_only=False,
prefix_init_by_real_act=False,
prefix_tuning=False,
prob_as_feature=False,
push_to_hub=False,
push_to_hub_model_id=None,
push_to_hub_organization=None,
push_to_hub_token=<PUSH_TO_HUB_TOKEN>,
random_model_init=False,
ray_scope=last,
recompute_norms=False,
remove_unused_columns=True,
report_to=[],
restore_callback_states_from_checkpoint=False,
resume_from_checkpoint=None,
run_name=None,
save_at_last=False,
save_logit=False,
save_logit_dir=None,
save_on_each_node=False,
save_only_model=False,
save_safetensors=True,
save_steps=500,
save_strategy=SaveStrategy.STEPS,
save_total_limit=None,
scale_lr_with_samples=False,
scale_norm_by_num_params=False,
seed=13,
skip_memory_metrics=True,
sweep=False,
sync_embedding_layers=False,
tf32=None,
tie_emb=False,
torch_compile=False,
torch_compile_backend=None,
torch_compile_mode=None,
torch_empty_cache_steps=None,
torchdynamo=None,
tpu_metrics_debug=False,
tpu_num_cores=None,
trainer=standard,
untie_emb=False,
update_noise_every=1000,
use_adaptive_h=False,
use_c_scale=False,
use_cpu=False,
use_ipex=False,
use_legacy_prediction_loop=False,
use_liger_kernel=False,
use_mps_device=False,
use_zo_grad_est=False,
warmup_ratio=0.0,
warmup_steps=0,
weight_decay=0.0,
zero_order_clip_grad=False,
zero_order_eps=3e-06,
zero_order_optim=True,
zero_order_sample=1,
zero_order_sample_scheduler=None,
zero_order_use_trainer_optim=False,
zo_by_layer=False,
zo_probe_every=200,
zo_probe_log_csv=True,
zo_probe_num_seeds=16,
zo_two_point_precision=fp32,
zo_use_true_directional_derivative=False,
zo_variant=None,
)
03/25/2026 23:00:09 - INFO - __main__ -   [zo-config] zo_two_point_precision=fp32 | zero_order_eps=3e-06 | zo_use_true_directional_derivative=False
03/25/2026 23:00:09 - INFO - __main__ -   Task name: sst-5, number of labels: 5, output mode: classification
03/25/2026 23:00:09 - WARNING - src.models -   By default for RoBERTa models the input embeddings and the output embeddings are NOT tied!!!!
Some weights of RobertaModelForPromptFinetuning were not initialized from the model checkpoint at roberta-large and are newly initialized: ['classifier.bias', 'classifier.weight', 'lm_head.decoder.weight', 'roberta.pooler.dense.bias', 'roberta.pooler.dense.weight']
You should probably TRAIN this model on a down-stream task to be able to use it for predictions and inference.
03/25/2026 23:00:09 - INFO - src.dataset -   Label 0 to word Ġterrible (6587)
03/25/2026 23:00:09 - INFO - src.dataset -   Label 1 to word Ġbad (1099)
03/25/2026 23:00:09 - INFO - src.dataset -   Label 2 to word Ġokay (8578)
03/25/2026 23:00:09 - INFO - src.dataset -   Label 3 to word Ġgood (205)
03/25/2026 23:00:09 - INFO - src.dataset -   Label 4 to word Ġgreat (372)
03/25/2026 23:00:09 - INFO - src.dataset -   Total num_sample for mode train: 1
03/25/2026 23:00:09 - INFO - src.dataset -   Creating/loading examples from dataset file at data/k-shot-1k-test/sst-5/16-13
03/25/2026 23:00:09 - INFO - src.dataset -   [FewShotDataset] Skip cache in TRAIN mode to avoid OOM on large datasets (e.g., MNLI).
03/25/2026 23:00:09 - INFO - src.dataset -   Creating features from dataset file at data/k-shot-1k-test/sst-5/16-13
03/25/2026 23:00:09 - INFO - src.dataset -   Label 0 to word Ġterrible (6587)
03/25/2026 23:00:09 - INFO - src.dataset -   Label 1 to word Ġbad (1099)
03/25/2026 23:00:09 - INFO - src.dataset -   Label 2 to word Ġokay (8578)
03/25/2026 23:00:09 - INFO - src.dataset -   Label 3 to word Ġgood (205)
03/25/2026 23:00:09 - INFO - src.dataset -   Label 4 to word Ġgreat (372)
03/25/2026 23:00:09 - INFO - src.dataset -   Total num_sample for mode dev: 1
03/25/2026 23:00:09 - INFO - src.dataset -   Creating/loading examples from dataset file at data/k-shot-1k-test/sst-5/16-13
/home/jy03364/MeZO/medium_models/src/dataset.py:363: FutureWarning: You are using `torch.load` with `weights_only=False` (the current default value), which uses the default pickle module implicitly. It is possible to construct malicious pickle data which will execute arbitrary code during unpickling (See https://github.com/pytorch/pytorch/blob/main/SECURITY.md#untrusted-models for more details). In a future release, the default value for `weights_only` will be flipped to `True`. This limits the functions that could be executed during unpickling. Arbitrary objects will no longer be allowed to be loaded via this mode unless they are explicitly allowlisted by the user via `torch.serialization.add_safe_globals`. We recommend you start setting `weights_only=True` for any use case where you don't have full control of the loaded file. Please open an issue on GitHub for any issues related to this experimental feature.
  self.support_examples, self.query_examples = torch.load(cached_features_file)
03/25/2026 23:00:09 - INFO - src.dataset -   Loading features from cached file data/k-shot-1k-test/sst-5/16-13/cached_dev_RobertaTokenizerFast-roberta_128_sst-5 [took 0.001 s]
03/25/2026 23:00:09 - INFO - src.dataset -   *** Example ***
03/25/2026 23:00:09 - INFO - src.dataset -   guid: dev-0
03/25/2026 23:00:09 - INFO - src.dataset -   features: OurInputFeatures(input_ids=[0, 8467, 22805, 10200, 2156, 19, 14353, 27456, 2156, 7, 489, 5, 31823, 9, 21927, 3512, 444, 1755, 8, 1925, 12, 438, 6831, 1527, 284, 10603, 15, 65, 40764, 479, 85, 21, 50264, 4, 2], attention_mask=[1, 1, 1, 1, 1, 1, 1, 1, 1, 1, 1, 1, 1, 1, 1, 1, 1, 1, 1, 1, 1, 1, 1, 1, 1, 1, 1, 1, 1, 1, 1, 1, 1, 1, 1], token_type_ids=None, label=3, mask_pos=[32], label_word_list=None, sfc_input_ids=None, sfc_attention_mask=None, sfc_mask_pos=None)
03/25/2026 23:00:09 - INFO - src.dataset -   text: <s>khouri manages , with terrific flair , to keep the extremes of screwball farce and blood-curdling family intensity on one continuum . It was<mask>.</s>
03/25/2026 23:00:09 - INFO - src.dataset -   Label 0 to word Ġterrible (6587)
03/25/2026 23:00:09 - INFO - src.dataset -   Label 1 to word Ġbad (1099)
03/25/2026 23:00:09 - INFO - src.dataset -   Label 2 to word Ġokay (8578)
03/25/2026 23:00:09 - INFO - src.dataset -   Label 3 to word Ġgood (205)
03/25/2026 23:00:09 - INFO - src.dataset -   Label 4 to word Ġgreat (372)
03/25/2026 23:00:09 - INFO - src.dataset -   Total num_sample for mode test: 1
03/25/2026 23:00:09 - INFO - src.dataset -   Creating/loading examples from dataset file at data/k-shot-1k-test/sst-5/16-13
03/25/2026 23:00:09 - INFO - src.dataset -   Loading features from cached file data/k-shot-1k-test/sst-5/16-13/cached_test_RobertaTokenizerFast-roberta_128_sst-5 [took 0.002 s]
03/25/2026 23:00:09 - INFO - src.dataset -   *** Example ***
03/25/2026 23:00:09 - INFO - src.dataset -   guid: test-0
03/25/2026 23:00:09 - INFO - src.dataset -   features: OurInputFeatures(input_ids=[0, 281, 41, 2701, 2156, 5, 3152, 16, 34155, 1440, 479, 85, 21, 50264, 4, 2], attention_mask=[1, 1, 1, 1, 1, 1, 1, 1, 1, 1, 1, 1, 1, 1, 1, 1], token_type_ids=None, label=1, mask_pos=[13], label_word_list=None, sfc_input_ids=None, sfc_attention_mask=None, sfc_mask_pos=None)
03/25/2026 23:00:09 - INFO - src.dataset -   text: <s>as an actor , the rock is aptly named . It was<mask>.</s>
03/25/2026 23:00:10 - INFO - src.trainer -   [dataloader][debug] self class=Trainer, get_train_dataloader=<bound method Trainer.get_train_dataloader of <src.trainer.Trainer object at 0x152278d048c0>>
03/25/2026 23:00:10 - INFO - src.trainer -   [dataloader][override] Trainer.get_train_dataloader active. shuffle_raw=False type=bool -> shuffle=False; data_seed=16 seed=13 local_rank=-1
03/25/2026 23:00:10 - INFO - src.trainer -   [dataloader][override] selected sampler=SequentialSampler
03/25/2026 23:00:10 - INFO - src.trainer -   [dataloader] sampler=SequentialSampler, batch_sampler=BatchSampler
03/25/2026 23:00:10 - INFO - src.trainer -   [dataloader] training uses SequentialSampler (no shuffle).
03/25/2026 23:00:10 - INFO - src.trainer -   [dataloader] args.dataloader_shuffle=False
03/25/2026 23:00:10 - INFO - src.trainer -   [dataloader] args.data_seed=16 args.seed=13
03/25/2026 23:00:10 - INFO - src.trainer -   ***** Running training *****
03/25/2026 23:00:10 - INFO - src.trainer -     Num examples = 80
03/25/2026 23:00:10 - INFO - src.trainer -     Num Epochs = 6667
03/25/2026 23:00:10 - INFO - src.trainer -     Instantaneous batch size per device = 32
03/25/2026 23:00:10 - INFO - src.trainer -     Total train batch size (w. parallel, distributed & accumulation) = 32
03/25/2026 23:00:10 - INFO - src.trainer -     Gradient Accumulation steps = 1
03/25/2026 23:00:10 - INFO - src.trainer -     Total optimization steps = 20000
03/25/2026 23:00:10 - INFO - src.trainer -   [zo-config] zo_two_point_precision=fp32 | zero_order_eps=3e-06 | zo_use_true_directional_derivative=False
03/25/2026 23:00:10 - INFO - src.trainer -   [zo_probe] enabled: every=200, num_seeds=16, csv=/home/jy03364/MeZO/medium_models/sh_file/sst5/bs32/h_precision_sweep/result/sst5-bs32-h-precision-sweep/fp32/eps_3e-6/seed13/zo_directional_probe.csv
You're using a RobertaTokenizerFast tokenizer. Please note that with a fast tokenizer, using the `__call__` method is faster than using a method to encode the text followed by a call to the `pad` method to get a padded encoding.
03/25/2026 23:00:10 - INFO - src.trainer -   {'loss': 1.6227725744247437, 'learning_rate': 1e-06, 'global_step': 0, 'zo_forward_step': 2, 'max_steps': 20000, 'max_zo_forward_steps': 0, 'time': 0, 'eps': 3e-06}
03/25/2026 23:00:11 - INFO - src.trainer -   {'loss': 1.939866065979004, 'learning_rate': 1e-06, 'global_step': 10, 'zo_forward_step': 22, 'max_steps': 20000, 'max_zo_forward_steps': 0, 'time': 1, 'eps': 3e-06}
03/25/2026 23:00:12 - INFO - src.trainer -   {'loss': 1.3562798500061035, 'learning_rate': 1e-06, 'global_step': 20, 'zo_forward_step': 42, 'max_steps': 20000, 'max_zo_forward_steps': 0, 'time': 2, 'eps': 3e-06}
03/25/2026 23:00:14 - INFO - src.trainer -   {'loss': 1.631945013999939, 'learning_rate': 1e-06, 'global_step': 30, 'zo_forward_step': 62, 'max_steps': 20000, 'max_zo_forward_steps': 0, 'time': 3, 'eps': 3e-06}
03/25/2026 23:00:15 - INFO - src.trainer -   {'loss': 1.9322888851165771, 'learning_rate': 1e-06, 'global_step': 40, 'zo_forward_step': 82, 'max_steps': 20000, 'max_zo_forward_steps': 0, 'time': 4, 'eps': 3e-06}
03/25/2026 23:00:16 - INFO - src.trainer -   {'loss': 1.3573181629180908, 'learning_rate': 1e-06, 'global_step': 50, 'zo_forward_step': 102, 'max_steps': 20000, 'max_zo_forward_steps': 0, 'time': 5, 'eps': 3e-06}
03/25/2026 23:00:17 - INFO - src.trainer -   {'loss': 1.6437259912490845, 'learning_rate': 1e-06, 'global_step': 60, 'zo_forward_step': 122, 'max_steps': 20000, 'max_zo_forward_steps': 0, 'time': 7, 'eps': 3e-06}
03/25/2026 23:00:18 - INFO - src.trainer -   {'loss': 1.9297157526016235, 'learning_rate': 1e-06, 'global_step': 70, 'zo_forward_step': 142, 'max_steps': 20000, 'max_zo_forward_steps': 0, 'time': 8, 'eps': 3e-06}
03/25/2026 23:00:19 - INFO - src.trainer -   {'loss': 1.3312715291976929, 'learning_rate': 1e-06, 'global_step': 80, 'zo_forward_step': 162, 'max_steps': 20000, 'max_zo_forward_steps': 0, 'time': 9, 'eps': 3e-06}
03/25/2026 23:00:20 - INFO - src.trainer -   {'loss': 1.6502056121826172, 'learning_rate': 1e-06, 'global_step': 90, 'zo_forward_step': 182, 'max_steps': 20000, 'max_zo_forward_steps': 0, 'time': 10, 'eps': 3e-06}
03/25/2026 23:00:22 - INFO - src.trainer -   {'loss': 1.9327149391174316, 'learning_rate': 1e-06, 'global_step': 100, 'zo_forward_step': 202, 'max_steps': 20000, 'max_zo_forward_steps': 0, 'time': 11, 'eps': 3e-06}
03/25/2026 23:00:23 - INFO - src.trainer -   {'loss': 1.3180052042007446, 'learning_rate': 1e-06, 'global_step': 110, 'zo_forward_step': 222, 'max_steps': 20000, 'max_zo_forward_steps': 0, 'time': 12, 'eps': 3e-06}
03/25/2026 23:00:24 - INFO - src.trainer -   {'loss': 1.662959098815918, 'learning_rate': 1e-06, 'global_step': 120, 'zo_forward_step': 242, 'max_steps': 20000, 'max_zo_forward_steps': 0, 'time': 13, 'eps': 3e-06}
03/25/2026 23:00:25 - INFO - src.trainer -   {'loss': 1.9047304391860962, 'learning_rate': 1e-06, 'global_step': 130, 'zo_forward_step': 262, 'max_steps': 20000, 'max_zo_forward_steps': 0, 'time': 15, 'eps': 3e-06}
03/25/2026 23:00:26 - INFO - src.trainer -   {'loss': 1.3271678686141968, 'learning_rate': 1e-06, 'global_step': 140, 'zo_forward_step': 282, 'max_steps': 20000, 'max_zo_forward_steps': 0, 'time': 16, 'eps': 3e-06}
03/25/2026 23:00:27 - INFO - src.trainer -   {'loss': 1.6595473289489746, 'learning_rate': 1e-06, 'global_step': 150, 'zo_forward_step': 302, 'max_steps': 20000, 'max_zo_forward_steps': 0, 'time': 17, 'eps': 3e-06}
03/25/2026 23:00:28 - INFO - src.trainer -   {'loss': 1.9003955125808716, 'learning_rate': 1e-06, 'global_step': 160, 'zo_forward_step': 322, 'max_steps': 20000, 'max_zo_forward_steps': 0, 'time': 18, 'eps': 3e-06}
03/25/2026 23:00:29 - INFO - src.trainer -   {'loss': 1.3214253187179565, 'learning_rate': 1e-06, 'global_step': 170, 'zo_forward_step': 342, 'max_steps': 20000, 'max_zo_forward_steps': 0, 'time': 19, 'eps': 3e-06}
03/25/2026 23:00:31 - INFO - src.trainer -   {'loss': 1.6491059064865112, 'learning_rate': 1e-06, 'global_step': 180, 'zo_forward_step': 362, 'max_steps': 20000, 'max_zo_forward_steps': 0, 'time': 20, 'eps': 3e-06}
03/25/2026 23:00:32 - INFO - src.trainer -   {'loss': 1.8897165060043335, 'learning_rate': 1e-06, 'global_step': 190, 'zo_forward_step': 382, 'max_steps': 20000, 'max_zo_forward_steps': 0, 'time': 22, 'eps': 3e-06}
/home/jy03364/.conda/envs/ciao/lib/python3.12/site-packages/transformers/trainer_pt_utils.py:476: FutureWarning: DistributedTensorGatherer is deprecated and will be removed in v5 of Transformers.
  warnings.warn(
RobertaConfig {
  "architectures": [
    "RobertaForMaskedLM"
  ],
  "attention_probs_dropout_prob": 0.1,
  "bos_token_id": 0,
  "classifier_dropout": null,
  "dtype": "float32",
  "eos_token_id": 2,
  "finetuning_task": "sst-5",
  "hidden_act": "gelu",
  "hidden_dropout_prob": 0.1,
  "hidden_size": 1024,
  "id2label": {
    "0": "LABEL_0",
    "1": "LABEL_1",
    "2": "LABEL_2",
    "3": "LABEL_3",
    "4": "LABEL_4"
  },
  "initializer_range": 0.02,
  "intermediate_size": 4096,
  "label2id": {
    "LABEL_0": 0,
    "LABEL_1": 1,
    "LABEL_2": 2,
    "LABEL_3": 3,
    "LABEL_4": 4
  },
  "layer_norm_eps": 1e-05,
  "max_position_embeddings": 514,
  "model_type": "roberta",
  "num_attention_heads": 16,
  "num_hidden_layers": 24,
  "pad_token_id": 1,
  "position_embedding_type": "absolute",
  "transformers_version": "4.56.0",
  "type_vocab_size": 1,
  "use_cache": true,
  "vocab_size": 50265
}

  0%|          | 0/20 [00:00<?, ?it/s] 60%|██████    | 12/20 [00:00<00:00, 112.19it/s]03/25/2026 23:00:33 - INFO - src.trainer -   {'eval_loss': 1.694350004196167, 'eval_acc': 0.1875}
03/25/2026 23:00:34 - INFO - src.trainer -   Best dev result: 0.1875
03/25/2026 23:00:36 - INFO - src.trainer -   [zo_probe] step=200 eps=3.000e-06 precision=fp32 n=16 mae=4.426850e-02 rmse=5.640330e-02 sign_acc=1.0000 corr=1.000000
03/25/2026 23:00:37 - INFO - src.trainer -   {'loss': 1.3224670886993408, 'learning_rate': 1e-06, 'global_step': 200, 'zo_forward_step': 402, 'max_steps': 20000, 'max_zo_forward_steps': 0, 'time': 26, 'eps': 3e-06}
03/25/2026 23:00:38 - INFO - src.trainer -   {'loss': 1.6593506336212158, 'learning_rate': 1e-06, 'global_step': 210, 'zo_forward_step': 422, 'max_steps': 20000, 'max_zo_forward_steps': 0, 'time': 27, 'eps': 3e-06}
03/25/2026 23:00:39 - INFO - src.trainer -   {'loss': 1.86823308467865, 'learning_rate': 1e-06, 'global_step': 220, 'zo_forward_step': 442, 'max_steps': 20000, 'max_zo_forward_steps': 0, 'time': 29, 'eps': 3e-06}
03/25/2026 23:00:40 - INFO - src.trainer -   {'loss': 1.3164175748825073, 'learning_rate': 1e-06, 'global_step': 230, 'zo_forward_step': 462, 'max_steps': 20000, 'max_zo_forward_steps': 0, 'time': 30, 'eps': 3e-06}
03/25/2026 23:00:42 - INFO - src.trainer -   {'loss': 1.6642205715179443, 'learning_rate': 1e-06, 'global_step': 240, 'zo_forward_step': 482, 'max_steps': 20000, 'max_zo_forward_steps': 0, 'time': 32, 'eps': 3e-06}
03/25/2026 23:00:43 - INFO - src.trainer -   {'loss': 1.873452067375183, 'learning_rate': 1e-06, 'global_step': 250, 'zo_forward_step': 502, 'max_steps': 20000, 'max_zo_forward_steps': 0, 'time': 33, 'eps': 3e-06}
03/25/2026 23:00:44 - INFO - src.trainer -   {'loss': 1.2796944379806519, 'learning_rate': 1e-06, 'global_step': 260, 'zo_forward_step': 522, 'max_steps': 20000, 'max_zo_forward_steps': 0, 'time': 34, 'eps': 3e-06}
03/25/2026 23:00:45 - INFO - src.trainer -   {'loss': 1.679120421409607, 'learning_rate': 1e-06, 'global_step': 270, 'zo_forward_step': 542, 'max_steps': 20000, 'max_zo_forward_steps': 0, 'time': 35, 'eps': 3e-06}
03/25/2026 23:00:47 - INFO - src.trainer -   {'loss': 1.8737279176712036, 'learning_rate': 1e-06, 'global_step': 280, 'zo_forward_step': 562, 'max_steps': 20000, 'max_zo_forward_steps': 0, 'time': 36, 'eps': 3e-06}
03/25/2026 23:00:48 - INFO - src.trainer -   {'loss': 1.272339940071106, 'learning_rate': 1e-06, 'global_step': 290, 'zo_forward_step': 582, 'max_steps': 20000, 'max_zo_forward_steps': 0, 'time': 38, 'eps': 3e-06}
03/25/2026 23:00:50 - INFO - src.trainer -   {'loss': 1.66142737865448, 'learning_rate': 1e-06, 'global_step': 300, 'zo_forward_step': 602, 'max_steps': 20000, 'max_zo_forward_steps': 0, 'time': 39, 'eps': 3e-06}
100%|██████████| 20/20 [00:16<00:00, 112.19it/s]03/25/2026 23:00:51 - INFO - src.trainer -   {'loss': 1.8948638439178467, 'learning_rate': 1e-06, 'global_step': 310, 'zo_forward_step': 622, 'max_steps': 20000, 'max_zo_forward_steps': 0, 'time': 40, 'eps': 3e-06}
03/25/2026 23:00:52 - INFO - src.trainer -   {'loss': 1.2569712400436401, 'learning_rate': 1e-06, 'global_step': 320, 'zo_forward_step': 642, 'max_steps': 20000, 'max_zo_forward_steps': 0, 'time': 42, 'eps': 3e-06}
03/25/2026 23:00:53 - INFO - src.trainer -   {'loss': 1.6574714183807373, 'learning_rate': 1e-06, 'global_step': 330, 'zo_forward_step': 662, 'max_steps': 20000, 'max_zo_forward_steps': 0, 'time': 43, 'eps': 3e-06}
03/25/2026 23:00:54 - INFO - src.trainer -   {'loss': 1.894054889678955, 'learning_rate': 1e-06, 'global_step': 340, 'zo_forward_step': 682, 'max_steps': 20000, 'max_zo_forward_steps': 0, 'time': 44, 'eps': 3e-06}
03/25/2026 23:00:55 - INFO - src.trainer -   {'loss': 1.2596726417541504, 'learning_rate': 1e-06, 'global_step': 350, 'zo_forward_step': 702, 'max_steps': 20000, 'max_zo_forward_steps': 0, 'time': 45, 'eps': 3e-06}
03/25/2026 23:00:56 - INFO - src.trainer -   {'loss': 1.6589348316192627, 'learning_rate': 1e-06, 'global_step': 360, 'zo_forward_step': 722, 'max_steps': 20000, 'max_zo_forward_steps': 0, 'time': 46, 'eps': 3e-06}
03/25/2026 23:00:58 - INFO - src.trainer -   {'loss': 1.8867170810699463, 'learning_rate': 1e-06, 'global_step': 370, 'zo_forward_step': 742, 'max_steps': 20000, 'max_zo_forward_steps': 0, 'time': 47, 'eps': 3e-06}
03/25/2026 23:00:59 - INFO - src.trainer -   {'loss': 1.264155626296997, 'learning_rate': 1e-06, 'global_step': 380, 'zo_forward_step': 762, 'max_steps': 20000, 'max_zo_forward_steps': 0, 'time': 48, 'eps': 3e-06}
03/25/2026 23:01:00 - INFO - src.trainer -   {'loss': 1.6656981706619263, 'learning_rate': 1e-06, 'global_step': 390, 'zo_forward_step': 782, 'max_steps': 20000, 'max_zo_forward_steps': 0, 'time': 50, 'eps': 3e-06}
21it [00:27,  1.59s/it]                         32it [00:27,  1.19it/s]03/25/2026 23:01:01 - INFO - src.trainer -   {'eval_loss': 1.6898494958877563, 'eval_acc': 0.2}
03/25/2026 23:01:01 - INFO - src.trainer -   Best dev result: 0.2
03/25/2026 23:01:05 - INFO - src.trainer -   [zo_probe] step=400 eps=3.000e-06 precision=fp32 n=16 mae=4.985396e-02 rmse=5.955758e-02 sign_acc=1.0000 corr=0.999999
03/25/2026 23:01:05 - INFO - src.trainer -   {'loss': 1.8725528717041016, 'learning_rate': 1e-06, 'global_step': 400, 'zo_forward_step': 802, 'max_steps': 20000, 'max_zo_forward_steps': 0, 'time': 54, 'eps': 3e-06}
03/25/2026 23:01:06 - INFO - src.trainer -   {'loss': 1.2693854570388794, 'learning_rate': 1e-06, 'global_step': 410, 'zo_forward_step': 822, 'max_steps': 20000, 'max_zo_forward_steps': 0, 'time': 55, 'eps': 3e-06}
03/25/2026 23:01:07 - INFO - src.trainer -   {'loss': 1.6678794622421265, 'learning_rate': 1e-06, 'global_step': 420, 'zo_forward_step': 842, 'max_steps': 20000, 'max_zo_forward_steps': 0, 'time': 57, 'eps': 3e-06}
03/25/2026 23:01:08 - INFO - src.trainer -   {'loss': 1.872116208076477, 'learning_rate': 1e-06, 'global_step': 430, 'zo_forward_step': 862, 'max_steps': 20000, 'max_zo_forward_steps': 0, 'time': 58, 'eps': 3e-06}
03/25/2026 23:01:09 - INFO - src.trainer -   {'loss': 1.2459765672683716, 'learning_rate': 1e-06, 'global_step': 440, 'zo_forward_step': 882, 'max_steps': 20000, 'max_zo_forward_steps': 0, 'time': 59, 'eps': 3e-06}
03/25/2026 23:01:11 - INFO - src.trainer -   {'loss': 1.6810568571090698, 'learning_rate': 1e-06, 'global_step': 450, 'zo_forward_step': 902, 'max_steps': 20000, 'max_zo_forward_steps': 0, 'time': 60, 'eps': 3e-06}
03/25/2026 23:01:12 - INFO - src.trainer -   {'loss': 1.8515973091125488, 'learning_rate': 1e-06, 'global_step': 460, 'zo_forward_step': 922, 'max_steps': 20000, 'max_zo_forward_steps': 0, 'time': 61, 'eps': 3e-06}
03/25/2026 23:01:13 - INFO - src.trainer -   {'loss': 1.2399863004684448, 'learning_rate': 1e-06, 'global_step': 470, 'zo_forward_step': 942, 'max_steps': 20000, 'max_zo_forward_steps': 0, 'time': 63, 'eps': 3e-06}
03/25/2026 23:01:14 - INFO - src.trainer -   {'loss': 1.6775521039962769, 'learning_rate': 1e-06, 'global_step': 480, 'zo_forward_step': 962, 'max_steps': 20000, 'max_zo_forward_steps': 0, 'time': 64, 'eps': 3e-06}
03/25/2026 23:01:15 - INFO - src.trainer -   {'loss': 1.8541502952575684, 'learning_rate': 1e-06, 'global_step': 490, 'zo_forward_step': 982, 'max_steps': 20000, 'max_zo_forward_steps': 0, 'time': 65, 'eps': 3e-06}
03/25/2026 23:01:16 - INFO - src.trainer -   {'loss': 1.2458767890930176, 'learning_rate': 1e-06, 'global_step': 500, 'zo_forward_step': 1002, 'max_steps': 20000, 'max_zo_forward_steps': 0, 'time': 66, 'eps': 3e-06}
03/25/2026 23:01:18 - INFO - src.trainer -   {'loss': 1.6835064888000488, 'learning_rate': 1e-06, 'global_step': 510, 'zo_forward_step': 1022, 'max_steps': 20000, 'max_zo_forward_steps': 0, 'time': 67, 'eps': 3e-06}
03/25/2026 23:01:19 - INFO - src.trainer -   {'loss': 1.852493405342102, 'learning_rate': 1e-06, 'global_step': 520, 'zo_forward_step': 1042, 'max_steps': 20000, 'max_zo_forward_steps': 0, 'time': 68, 'eps': 3e-06}
40it [00:46,  1.19it/s]03/25/2026 23:01:20 - INFO - src.trainer -   {'loss': 1.2274609804153442, 'learning_rate': 1e-06, 'global_step': 530, 'zo_forward_step': 1062, 'max_steps': 20000, 'max_zo_forward_steps': 0, 'time': 70, 'eps': 3e-06}
03/25/2026 23:01:21 - INFO - src.trainer -   {'loss': 1.6784985065460205, 'learning_rate': 1e-06, 'global_step': 540, 'zo_forward_step': 1082, 'max_steps': 20000, 'max_zo_forward_steps': 0, 'time': 71, 'eps': 3e-06}
03/25/2026 23:01:22 - INFO - src.trainer -   {'loss': 1.8618922233581543, 'learning_rate': 1e-06, 'global_step': 550, 'zo_forward_step': 1102, 'max_steps': 20000, 'max_zo_forward_steps': 0, 'time': 72, 'eps': 3e-06}
03/25/2026 23:01:25 - INFO - src.trainer -   {'loss': 1.2247565984725952, 'learning_rate': 1e-06, 'global_step': 560, 'zo_forward_step': 1122, 'max_steps': 20000, 'max_zo_forward_steps': 0, 'time': 75, 'eps': 3e-06}
03/25/2026 23:01:26 - INFO - src.trainer -   {'loss': 1.6830211877822876, 'learning_rate': 1e-06, 'global_step': 570, 'zo_forward_step': 1142, 'max_steps': 20000, 'max_zo_forward_steps': 0, 'time': 76, 'eps': 3e-06}
03/25/2026 23:01:28 - INFO - src.trainer -   {'loss': 1.865795373916626, 'learning_rate': 1e-06, 'global_step': 580, 'zo_forward_step': 1162, 'max_steps': 20000, 'max_zo_forward_steps': 0, 'time': 77, 'eps': 3e-06}
03/25/2026 23:01:29 - INFO - src.trainer -   {'loss': 1.202386736869812, 'learning_rate': 1e-06, 'global_step': 590, 'zo_forward_step': 1182, 'max_steps': 20000, 'max_zo_forward_steps': 0, 'time': 78, 'eps': 3e-06}
41it [00:56,  1.70s/it]52it [00:57,  1.05s/it]03/25/2026 23:01:30 - INFO - src.trainer -   {'eval_loss': 1.6852115392684937, 'eval_acc': 0.1875}
03/25/2026 23:01:33 - INFO - src.trainer -   [zo_probe] step=600 eps=3.000e-06 precision=fp32 n=16 mae=2.522719e-02 rmse=3.043893e-02 sign_acc=1.0000 corr=0.999999
03/25/2026 23:01:34 - INFO - src.trainer -   {'loss': 1.6789432764053345, 'learning_rate': 1e-06, 'global_step': 600, 'zo_forward_step': 1202, 'max_steps': 20000, 'max_zo_forward_steps': 0, 'time': 83, 'eps': 3e-06}
03/25/2026 23:01:35 - INFO - src.trainer -   {'loss': 1.868671178817749, 'learning_rate': 1e-06, 'global_step': 610, 'zo_forward_step': 1222, 'max_steps': 20000, 'max_zo_forward_steps': 0, 'time': 85, 'eps': 3e-06}
03/25/2026 23:01:37 - INFO - src.trainer -   {'loss': 1.2061611413955688, 'learning_rate': 1e-06, 'global_step': 620, 'zo_forward_step': 1242, 'max_steps': 20000, 'max_zo_forward_steps': 0, 'time': 86, 'eps': 3e-06}
03/25/2026 23:01:38 - INFO - src.trainer -   {'loss': 1.6932018995285034, 'learning_rate': 1e-06, 'global_step': 630, 'zo_forward_step': 1262, 'max_steps': 20000, 'max_zo_forward_steps': 0, 'time': 88, 'eps': 3e-06}
03/25/2026 23:01:40 - INFO - src.trainer -   {'loss': 1.8620198965072632, 'learning_rate': 1e-06, 'global_step': 640, 'zo_forward_step': 1282, 'max_steps': 20000, 'max_zo_forward_steps': 0, 'time': 89, 'eps': 3e-06}
03/25/2026 23:01:41 - INFO - src.trainer -   {'loss': 1.20027494430542, 'learning_rate': 1e-06, 'global_step': 650, 'zo_forward_step': 1302, 'max_steps': 20000, 'max_zo_forward_steps': 0, 'time': 91, 'eps': 3e-06}
03/25/2026 23:01:43 - INFO - src.trainer -   {'loss': 1.7018330097198486, 'learning_rate': 1e-06, 'global_step': 660, 'zo_forward_step': 1322, 'max_steps': 20000, 'max_zo_forward_steps': 0, 'time': 93, 'eps': 3e-06}
03/25/2026 23:01:45 - INFO - src.trainer -   {'loss': 1.8420448303222656, 'learning_rate': 1e-06, 'global_step': 670, 'zo_forward_step': 1342, 'max_steps': 20000, 'max_zo_forward_steps': 0, 'time': 95, 'eps': 3e-06}
03/25/2026 23:01:46 - INFO - src.trainer -   {'loss': 1.1956571340560913, 'learning_rate': 1e-06, 'global_step': 680, 'zo_forward_step': 1362, 'max_steps': 20000, 'max_zo_forward_steps': 0, 'time': 96, 'eps': 3e-06}
03/25/2026 23:01:48 - INFO - src.trainer -   {'loss': 1.7051812410354614, 'learning_rate': 1e-06, 'global_step': 690, 'zo_forward_step': 1382, 'max_steps': 20000, 'max_zo_forward_steps': 0, 'time': 97, 'eps': 3e-06}
03/25/2026 23:01:49 - INFO - src.trainer -   {'loss': 1.8378628492355347, 'learning_rate': 1e-06, 'global_step': 700, 'zo_forward_step': 1402, 'max_steps': 20000, 'max_zo_forward_steps': 0, 'time': 99, 'eps': 3e-06}
60it [01:16,  1.05s/it]03/25/2026 23:01:51 - INFO - src.trainer -   {'loss': 1.2027816772460938, 'learning_rate': 1e-06, 'global_step': 710, 'zo_forward_step': 1422, 'max_steps': 20000, 'max_zo_forward_steps': 0, 'time': 101, 'eps': 3e-06}
03/25/2026 23:01:52 - INFO - src.trainer -   {'loss': 1.7055250406265259, 'learning_rate': 1e-06, 'global_step': 720, 'zo_forward_step': 1442, 'max_steps': 20000, 'max_zo_forward_steps': 0, 'time': 102, 'eps': 3e-06}
03/25/2026 23:01:54 - INFO - src.trainer -   {'loss': 1.8301608562469482, 'learning_rate': 1e-06, 'global_step': 730, 'zo_forward_step': 1462, 'max_steps': 20000, 'max_zo_forward_steps': 0, 'time': 104, 'eps': 3e-06}
03/25/2026 23:01:55 - INFO - src.trainer -   {'loss': 1.1897578239440918, 'learning_rate': 1e-06, 'global_step': 740, 'zo_forward_step': 1482, 'max_steps': 20000, 'max_zo_forward_steps': 0, 'time': 105, 'eps': 3e-06}
03/25/2026 23:01:57 - INFO - src.trainer -   {'loss': 1.7112393379211426, 'learning_rate': 1e-06, 'global_step': 750, 'zo_forward_step': 1502, 'max_steps': 20000, 'max_zo_forward_steps': 0, 'time': 107, 'eps': 3e-06}
03/25/2026 23:01:58 - INFO - src.trainer -   {'loss': 1.8231736421585083, 'learning_rate': 1e-06, 'global_step': 760, 'zo_forward_step': 1522, 'max_steps': 20000, 'max_zo_forward_steps': 0, 'time': 108, 'eps': 3e-06}
03/25/2026 23:02:00 - INFO - src.trainer -   {'loss': 1.1616532802581787, 'learning_rate': 1e-06, 'global_step': 770, 'zo_forward_step': 1542, 'max_steps': 20000, 'max_zo_forward_steps': 0, 'time': 110, 'eps': 3e-06}
03/25/2026 23:02:01 - INFO - src.trainer -   {'loss': 1.7196528911590576, 'learning_rate': 1e-06, 'global_step': 780, 'zo_forward_step': 1562, 'max_steps': 20000, 'max_zo_forward_steps': 0, 'time': 111, 'eps': 3e-06}
03/25/2026 23:02:03 - INFO - src.trainer -   {'loss': 1.826890230178833, 'learning_rate': 1e-06, 'global_step': 790, 'zo_forward_step': 1582, 'max_steps': 20000, 'max_zo_forward_steps': 0, 'time': 113, 'eps': 3e-06}
61it [01:30,  1.89s/it]72it [01:31,  1.23s/it]03/25/2026 23:02:04 - INFO - src.trainer -   {'eval_loss': 1.6756168603897095, 'eval_acc': 0.2}
03/25/2026 23:02:07 - INFO - src.trainer -   [zo_probe] step=800 eps=3.000e-06 precision=fp32 n=16 mae=3.138856e-02 rmse=3.760444e-02 sign_acc=1.0000 corr=1.000000
03/25/2026 23:02:07 - INFO - src.trainer -   {'loss': 1.160487413406372, 'learning_rate': 1e-06, 'global_step': 800, 'zo_forward_step': 1602, 'max_steps': 20000, 'max_zo_forward_steps': 0, 'time': 116, 'eps': 3e-06}
03/25/2026 23:02:08 - INFO - src.trainer -   {'loss': 1.7130147218704224, 'learning_rate': 1e-06, 'global_step': 810, 'zo_forward_step': 1622, 'max_steps': 20000, 'max_zo_forward_steps': 0, 'time': 118, 'eps': 3e-06}
03/25/2026 23:02:10 - INFO - src.trainer -   {'loss': 1.838293433189392, 'learning_rate': 1e-06, 'global_step': 820, 'zo_forward_step': 1642, 'max_steps': 20000, 'max_zo_forward_steps': 0, 'time': 119, 'eps': 3e-06}
03/25/2026 23:02:11 - INFO - src.trainer -   {'loss': 1.1600589752197266, 'learning_rate': 1e-06, 'global_step': 830, 'zo_forward_step': 1662, 'max_steps': 20000, 'max_zo_forward_steps': 0, 'time': 120, 'eps': 3e-06}
03/25/2026 23:02:12 - INFO - src.trainer -   {'loss': 1.6996350288391113, 'learning_rate': 1e-06, 'global_step': 840, 'zo_forward_step': 1682, 'max_steps': 20000, 'max_zo_forward_steps': 0, 'time': 122, 'eps': 3e-06}
03/25/2026 23:02:13 - INFO - src.trainer -   {'loss': 1.8364232778549194, 'learning_rate': 1e-06, 'global_step': 850, 'zo_forward_step': 1702, 'max_steps': 20000, 'max_zo_forward_steps': 0, 'time': 123, 'eps': 3e-06}
03/25/2026 23:02:14 - INFO - src.trainer -   {'loss': 1.168817162513733, 'learning_rate': 1e-06, 'global_step': 860, 'zo_forward_step': 1722, 'max_steps': 20000, 'max_zo_forward_steps': 0, 'time': 124, 'eps': 3e-06}
03/25/2026 23:02:15 - INFO - src.trainer -   {'loss': 1.7077842950820923, 'learning_rate': 1e-06, 'global_step': 870, 'zo_forward_step': 1742, 'max_steps': 20000, 'max_zo_forward_steps': 0, 'time': 125, 'eps': 3e-06}
03/25/2026 23:02:17 - INFO - src.trainer -   {'loss': 1.828602910041809, 'learning_rate': 1e-06, 'global_step': 880, 'zo_forward_step': 1762, 'max_steps': 20000, 'max_zo_forward_steps': 0, 'time': 127, 'eps': 3e-06}
03/25/2026 23:02:18 - INFO - src.trainer -   {'loss': 1.1583607196807861, 'learning_rate': 1e-06, 'global_step': 890, 'zo_forward_step': 1782, 'max_steps': 20000, 'max_zo_forward_steps': 0, 'time': 128, 'eps': 3e-06}
03/25/2026 23:02:19 - INFO - src.trainer -   {'loss': 1.703282356262207, 'learning_rate': 1e-06, 'global_step': 900, 'zo_forward_step': 1802, 'max_steps': 20000, 'max_zo_forward_steps': 0, 'time': 129, 'eps': 3e-06}
80it [01:46,  1.23s/it]03/25/2026 23:02:21 - INFO - src.trainer -   {'loss': 1.8095844984054565, 'learning_rate': 1e-06, 'global_step': 910, 'zo_forward_step': 1822, 'max_steps': 20000, 'max_zo_forward_steps': 0, 'time': 130, 'eps': 3e-06}
03/25/2026 23:02:22 - INFO - src.trainer -   {'loss': 1.1507947444915771, 'learning_rate': 1e-06, 'global_step': 920, 'zo_forward_step': 1842, 'max_steps': 20000, 'max_zo_forward_steps': 0, 'time': 132, 'eps': 3e-06}
03/25/2026 23:02:23 - INFO - src.trainer -   {'loss': 1.722468614578247, 'learning_rate': 1e-06, 'global_step': 930, 'zo_forward_step': 1862, 'max_steps': 20000, 'max_zo_forward_steps': 0, 'time': 133, 'eps': 3e-06}
03/25/2026 23:02:24 - INFO - src.trainer -   {'loss': 1.8208459615707397, 'learning_rate': 1e-06, 'global_step': 940, 'zo_forward_step': 1882, 'max_steps': 20000, 'max_zo_forward_steps': 0, 'time': 134, 'eps': 3e-06}
03/25/2026 23:02:26 - INFO - src.trainer -   {'loss': 1.133897304534912, 'learning_rate': 1e-06, 'global_step': 950, 'zo_forward_step': 1902, 'max_steps': 20000, 'max_zo_forward_steps': 0, 'time': 135, 'eps': 3e-06}
03/25/2026 23:02:27 - INFO - src.trainer -   {'loss': 1.7259467840194702, 'learning_rate': 1e-06, 'global_step': 960, 'zo_forward_step': 1922, 'max_steps': 20000, 'max_zo_forward_steps': 0, 'time': 137, 'eps': 3e-06}
03/25/2026 23:02:29 - INFO - src.trainer -   {'loss': 1.8244818449020386, 'learning_rate': 1e-06, 'global_step': 970, 'zo_forward_step': 1942, 'max_steps': 20000, 'max_zo_forward_steps': 0, 'time': 139, 'eps': 3e-06}
03/25/2026 23:02:30 - INFO - src.trainer -   {'loss': 1.1267338991165161, 'learning_rate': 1e-06, 'global_step': 980, 'zo_forward_step': 1962, 'max_steps': 20000, 'max_zo_forward_steps': 0, 'time': 140, 'eps': 3e-06}
03/25/2026 23:02:32 - INFO - src.trainer -   {'loss': 1.7201435565948486, 'learning_rate': 1e-06, 'global_step': 990, 'zo_forward_step': 1982, 'max_steps': 20000, 'max_zo_forward_steps': 0, 'time': 141, 'eps': 3e-06}
81it [01:59,  1.81s/it]92it [02:00,  1.20s/it]03/25/2026 23:02:33 - INFO - src.trainer -   {'eval_loss': 1.6708132028579712, 'eval_acc': 0.2}
03/25/2026 23:02:36 - INFO - src.trainer -   [zo_probe] step=1000 eps=3.000e-06 precision=fp32 n=16 mae=4.670931e-02 rmse=5.923280e-02 sign_acc=1.0000 corr=0.999999
03/25/2026 23:02:37 - INFO - src.trainer -   {'loss': 1.828265905380249, 'learning_rate': 1e-06, 'global_step': 1000, 'zo_forward_step': 2002, 'max_steps': 20000, 'max_zo_forward_steps': 0, 'time': 146, 'eps': 3e-06}
03/25/2026 23:02:38 - INFO - src.trainer -   {'loss': 1.11942458152771, 'learning_rate': 1e-06, 'global_step': 1010, 'zo_forward_step': 2022, 'max_steps': 20000, 'max_zo_forward_steps': 0, 'time': 148, 'eps': 3e-06}
03/25/2026 23:02:40 - INFO - src.trainer -   {'loss': 1.7205815315246582, 'learning_rate': 1e-06, 'global_step': 1020, 'zo_forward_step': 2042, 'max_steps': 20000, 'max_zo_forward_steps': 0, 'time': 149, 'eps': 3e-06}
03/25/2026 23:02:42 - INFO - src.trainer -   {'loss': 1.82978355884552, 'learning_rate': 1e-06, 'global_step': 1030, 'zo_forward_step': 2062, 'max_steps': 20000, 'max_zo_forward_steps': 0, 'time': 151, 'eps': 3e-06}
03/25/2026 23:02:43 - INFO - src.trainer -   {'loss': 1.1201679706573486, 'learning_rate': 1e-06, 'global_step': 1040, 'zo_forward_step': 2082, 'max_steps': 20000, 'max_zo_forward_steps': 0, 'time': 153, 'eps': 3e-06}
03/25/2026 23:02:45 - INFO - src.trainer -   {'loss': 1.716088891029358, 'learning_rate': 1e-06, 'global_step': 1050, 'zo_forward_step': 2102, 'max_steps': 20000, 'max_zo_forward_steps': 0, 'time': 155, 'eps': 3e-06}
03/25/2026 23:02:46 - INFO - src.trainer -   {'loss': 1.8160761594772339, 'learning_rate': 1e-06, 'global_step': 1060, 'zo_forward_step': 2122, 'max_steps': 20000, 'max_zo_forward_steps': 0, 'time': 156, 'eps': 3e-06}
03/25/2026 23:02:48 - INFO - src.trainer -   {'loss': 1.1380667686462402, 'learning_rate': 1e-06, 'global_step': 1070, 'zo_forward_step': 2142, 'max_steps': 20000, 'max_zo_forward_steps': 0, 'time': 158, 'eps': 3e-06}
03/25/2026 23:02:50 - INFO - src.trainer -   {'loss': 1.7013888359069824, 'learning_rate': 1e-06, 'global_step': 1080, 'zo_forward_step': 2162, 'max_steps': 20000, 'max_zo_forward_steps': 0, 'time': 159, 'eps': 3e-06}
100it [02:16,  1.20s/it]03/25/2026 23:02:51 - INFO - src.trainer -   {'loss': 1.8091027736663818, 'learning_rate': 1e-06, 'global_step': 1090, 'zo_forward_step': 2182, 'max_steps': 20000, 'max_zo_forward_steps': 0, 'time': 161, 'eps': 3e-06}
03/25/2026 23:02:53 - INFO - src.trainer -   {'loss': 1.1399811506271362, 'learning_rate': 1e-06, 'global_step': 1100, 'zo_forward_step': 2202, 'max_steps': 20000, 'max_zo_forward_steps': 0, 'time': 162, 'eps': 3e-06}
03/25/2026 23:02:54 - INFO - src.trainer -   {'loss': 1.699434757232666, 'learning_rate': 1e-06, 'global_step': 1110, 'zo_forward_step': 2222, 'max_steps': 20000, 'max_zo_forward_steps': 0, 'time': 164, 'eps': 3e-06}
03/25/2026 23:02:56 - INFO - src.trainer -   {'loss': 1.797909140586853, 'learning_rate': 1e-06, 'global_step': 1120, 'zo_forward_step': 2242, 'max_steps': 20000, 'max_zo_forward_steps': 0, 'time': 165, 'eps': 3e-06}
03/25/2026 23:02:57 - INFO - src.trainer -   {'loss': 1.154837727546692, 'learning_rate': 1e-06, 'global_step': 1130, 'zo_forward_step': 2262, 'max_steps': 20000, 'max_zo_forward_steps': 0, 'time': 167, 'eps': 3e-06}
03/25/2026 23:02:59 - INFO - src.trainer -   {'loss': 1.6990069150924683, 'learning_rate': 1e-06, 'global_step': 1140, 'zo_forward_step': 2282, 'max_steps': 20000, 'max_zo_forward_steps': 0, 'time': 169, 'eps': 3e-06}
03/25/2026 23:03:00 - INFO - src.trainer -   {'loss': 1.7985860109329224, 'learning_rate': 1e-06, 'global_step': 1150, 'zo_forward_step': 2302, 'max_steps': 20000, 'max_zo_forward_steps': 0, 'time': 170, 'eps': 3e-06}
03/25/2026 23:03:02 - INFO - src.trainer -   {'loss': 1.167724609375, 'learning_rate': 1e-06, 'global_step': 1160, 'zo_forward_step': 2322, 'max_steps': 20000, 'max_zo_forward_steps': 0, 'time': 172, 'eps': 3e-06}
03/25/2026 23:03:04 - INFO - src.trainer -   {'loss': 1.6875181198120117, 'learning_rate': 1e-06, 'global_step': 1170, 'zo_forward_step': 2342, 'max_steps': 20000, 'max_zo_forward_steps': 0, 'time': 173, 'eps': 3e-06}
03/25/2026 23:03:05 - INFO - src.trainer -   {'loss': 1.7905774116516113, 'learning_rate': 1e-06, 'global_step': 1180, 'zo_forward_step': 2362, 'max_steps': 20000, 'max_zo_forward_steps': 0, 'time': 175, 'eps': 3e-06}
03/25/2026 23:03:07 - INFO - src.trainer -   {'loss': 1.179134488105774, 'learning_rate': 1e-06, 'global_step': 1190, 'zo_forward_step': 2382, 'max_steps': 20000, 'max_zo_forward_steps': 0, 'time': 177, 'eps': 3e-06}
101it [02:34,  1.96s/it]112it [02:35,  1.31s/it]03/25/2026 23:03:08 - INFO - src.trainer -   {'eval_loss': 1.6521434783935547, 'eval_acc': 0.225}
03/25/2026 23:03:09 - INFO - src.trainer -   Best dev result: 0.225
03/25/2026 23:03:12 - INFO - src.trainer -   [zo_probe] step=1200 eps=3.000e-06 precision=fp32 n=16 mae=3.302048e-02 rmse=3.930954e-02 sign_acc=1.0000 corr=0.999999
03/25/2026 23:03:12 - INFO - src.trainer -   {'loss': 1.683071494102478, 'learning_rate': 1e-06, 'global_step': 1200, 'zo_forward_step': 2402, 'max_steps': 20000, 'max_zo_forward_steps': 0, 'time': 182, 'eps': 3e-06}
03/25/2026 23:03:13 - INFO - src.trainer -   {'loss': 1.77680504322052, 'learning_rate': 1e-06, 'global_step': 1210, 'zo_forward_step': 2422, 'max_steps': 20000, 'max_zo_forward_steps': 0, 'time': 183, 'eps': 3e-06}
03/25/2026 23:03:14 - INFO - src.trainer -   {'loss': 1.1839183568954468, 'learning_rate': 1e-06, 'global_step': 1220, 'zo_forward_step': 2442, 'max_steps': 20000, 'max_zo_forward_steps': 0, 'time': 184, 'eps': 3e-06}
03/25/2026 23:03:16 - INFO - src.trainer -   {'loss': 1.69258451461792, 'learning_rate': 1e-06, 'global_step': 1230, 'zo_forward_step': 2462, 'max_steps': 20000, 'max_zo_forward_steps': 0, 'time': 185, 'eps': 3e-06}
03/25/2026 23:03:17 - INFO - src.trainer -   {'loss': 1.7881273031234741, 'learning_rate': 1e-06, 'global_step': 1240, 'zo_forward_step': 2482, 'max_steps': 20000, 'max_zo_forward_steps': 0, 'time': 187, 'eps': 3e-06}
03/25/2026 23:03:19 - INFO - src.trainer -   {'loss': 1.1938451528549194, 'learning_rate': 1e-06, 'global_step': 1250, 'zo_forward_step': 2502, 'max_steps': 20000, 'max_zo_forward_steps': 0, 'time': 188, 'eps': 3e-06}
03/25/2026 23:03:20 - INFO - src.trainer -   {'loss': 1.684045672416687, 'learning_rate': 1e-06, 'global_step': 1260, 'zo_forward_step': 2522, 'max_steps': 20000, 'max_zo_forward_steps': 0, 'time': 189, 'eps': 3e-06}
120it [02:46,  1.31s/it]03/25/2026 23:03:21 - INFO - src.trainer -   {'loss': 1.7810029983520508, 'learning_rate': 1e-06, 'global_step': 1270, 'zo_forward_step': 2542, 'max_steps': 20000, 'max_zo_forward_steps': 0, 'time': 191, 'eps': 3e-06}
03/25/2026 23:03:23 - INFO - src.trainer -   {'loss': 1.1759449243545532, 'learning_rate': 1e-06, 'global_step': 1280, 'zo_forward_step': 2562, 'max_steps': 20000, 'max_zo_forward_steps': 0, 'time': 192, 'eps': 3e-06}
03/25/2026 23:03:24 - INFO - src.trainer -   {'loss': 1.686666488647461, 'learning_rate': 1e-06, 'global_step': 1290, 'zo_forward_step': 2582, 'max_steps': 20000, 'max_zo_forward_steps': 0, 'time': 193, 'eps': 3e-06}
03/25/2026 23:03:25 - INFO - src.trainer -   {'loss': 1.7930622100830078, 'learning_rate': 1e-06, 'global_step': 1300, 'zo_forward_step': 2602, 'max_steps': 20000, 'max_zo_forward_steps': 0, 'time': 195, 'eps': 3e-06}
03/25/2026 23:03:26 - INFO - src.trainer -   {'loss': 1.1766695976257324, 'learning_rate': 1e-06, 'global_step': 1310, 'zo_forward_step': 2622, 'max_steps': 20000, 'max_zo_forward_steps': 0, 'time': 196, 'eps': 3e-06}
03/25/2026 23:03:28 - INFO - src.trainer -   {'loss': 1.687461018562317, 'learning_rate': 1e-06, 'global_step': 1320, 'zo_forward_step': 2642, 'max_steps': 20000, 'max_zo_forward_steps': 0, 'time': 197, 'eps': 3e-06}
03/25/2026 23:03:29 - INFO - src.trainer -   {'loss': 1.8122719526290894, 'learning_rate': 1e-06, 'global_step': 1330, 'zo_forward_step': 2662, 'max_steps': 20000, 'max_zo_forward_steps': 0, 'time': 199, 'eps': 3e-06}
03/25/2026 23:03:31 - INFO - src.trainer -   {'loss': 1.1389522552490234, 'learning_rate': 1e-06, 'global_step': 1340, 'zo_forward_step': 2682, 'max_steps': 20000, 'max_zo_forward_steps': 0, 'time': 200, 'eps': 3e-06}
03/25/2026 23:03:33 - INFO - src.trainer -   {'loss': 1.6900697946548462, 'learning_rate': 1e-06, 'global_step': 1350, 'zo_forward_step': 2702, 'max_steps': 20000, 'max_zo_forward_steps': 0, 'time': 202, 'eps': 3e-06}
03/25/2026 23:03:34 - INFO - src.trainer -   {'loss': 1.8171026706695557, 'learning_rate': 1e-06, 'global_step': 1360, 'zo_forward_step': 2722, 'max_steps': 20000, 'max_zo_forward_steps': 0, 'time': 204, 'eps': 3e-06}
03/25/2026 23:03:35 - INFO - src.trainer -   {'loss': 1.1559479236602783, 'learning_rate': 1e-06, 'global_step': 1370, 'zo_forward_step': 2742, 'max_steps': 20000, 'max_zo_forward_steps': 0, 'time': 205, 'eps': 3e-06}
03/25/2026 23:03:37 - INFO - src.trainer -   {'loss': 1.6926618814468384, 'learning_rate': 1e-06, 'global_step': 1380, 'zo_forward_step': 2762, 'max_steps': 20000, 'max_zo_forward_steps': 0, 'time': 207, 'eps': 3e-06}
03/25/2026 23:03:38 - INFO - src.trainer -   {'loss': 1.8004711866378784, 'learning_rate': 1e-06, 'global_step': 1390, 'zo_forward_step': 2782, 'max_steps': 20000, 'max_zo_forward_steps': 0, 'time': 208, 'eps': 3e-06}
121it [03:08,  1.97s/it]132it [03:08,  1.33s/it]03/25/2026 23:03:42 - INFO - src.trainer -   {'eval_loss': 1.6561706066131592, 'eval_acc': 0.1875}
03/25/2026 23:03:44 - INFO - src.trainer -   [zo_probe] step=1400 eps=3.000e-06 precision=fp32 n=16 mae=3.185888e-02 rmse=4.020254e-02 sign_acc=1.0000 corr=0.999999
03/25/2026 23:03:44 - INFO - src.trainer -   {'loss': 1.1453229188919067, 'learning_rate': 1e-06, 'global_step': 1400, 'zo_forward_step': 2802, 'max_steps': 20000, 'max_zo_forward_steps': 0, 'time': 213, 'eps': 3e-06}
03/25/2026 23:03:45 - INFO - src.trainer -   {'loss': 1.7027990818023682, 'learning_rate': 1e-06, 'global_step': 1410, 'zo_forward_step': 2822, 'max_steps': 20000, 'max_zo_forward_steps': 0, 'time': 215, 'eps': 3e-06}
03/25/2026 23:03:47 - INFO - src.trainer -   {'loss': 1.80776846408844, 'learning_rate': 1e-06, 'global_step': 1420, 'zo_forward_step': 2842, 'max_steps': 20000, 'max_zo_forward_steps': 0, 'time': 216, 'eps': 3e-06}
03/25/2026 23:03:48 - INFO - src.trainer -   {'loss': 1.1346606016159058, 'learning_rate': 1e-06, 'global_step': 1430, 'zo_forward_step': 2862, 'max_steps': 20000, 'max_zo_forward_steps': 0, 'time': 218, 'eps': 3e-06}
03/25/2026 23:03:50 - INFO - src.trainer -   {'loss': 1.7091784477233887, 'learning_rate': 1e-06, 'global_step': 1440, 'zo_forward_step': 2882, 'max_steps': 20000, 'max_zo_forward_steps': 0, 'time': 220, 'eps': 3e-06}
03/25/2026 23:03:52 - INFO - src.trainer -   {'loss': 1.7965441942214966, 'learning_rate': 1e-06, 'global_step': 1450, 'zo_forward_step': 2902, 'max_steps': 20000, 'max_zo_forward_steps': 0, 'time': 221, 'eps': 3e-06}
03/25/2026 23:03:53 - INFO - src.trainer -   {'loss': 1.133456826210022, 'learning_rate': 1e-06, 'global_step': 1460, 'zo_forward_step': 2922, 'max_steps': 20000, 'max_zo_forward_steps': 0, 'time': 223, 'eps': 3e-06}
03/25/2026 23:03:54 - INFO - src.trainer -   {'loss': 1.7104371786117554, 'learning_rate': 1e-06, 'global_step': 1470, 'zo_forward_step': 2942, 'max_steps': 20000, 'max_zo_forward_steps': 0, 'time': 224, 'eps': 3e-06}
03/25/2026 23:03:56 - INFO - src.trainer -   {'loss': 1.7938976287841797, 'learning_rate': 1e-06, 'global_step': 1480, 'zo_forward_step': 2962, 'max_steps': 20000, 'max_zo_forward_steps': 0, 'time': 225, 'eps': 3e-06}
03/25/2026 23:03:57 - INFO - src.trainer -   {'loss': 1.1440556049346924, 'learning_rate': 1e-06, 'global_step': 1490, 'zo_forward_step': 2982, 'max_steps': 20000, 'max_zo_forward_steps': 0, 'time': 227, 'eps': 3e-06}
03/25/2026 23:03:59 - INFO - src.trainer -   {'loss': 1.7140730619430542, 'learning_rate': 1e-06, 'global_step': 1500, 'zo_forward_step': 3002, 'max_steps': 20000, 'max_zo_forward_steps': 0, 'time': 228, 'eps': 3e-06}
140it [03:26,  1.33s/it]03/25/2026 23:04:00 - INFO - src.trainer -   {'loss': 1.7761591672897339, 'learning_rate': 1e-06, 'global_step': 1510, 'zo_forward_step': 3022, 'max_steps': 20000, 'max_zo_forward_steps': 0, 'time': 230, 'eps': 3e-06}
03/25/2026 23:04:02 - INFO - src.trainer -   {'loss': 1.1408350467681885, 'learning_rate': 1e-06, 'global_step': 1520, 'zo_forward_step': 3042, 'max_steps': 20000, 'max_zo_forward_steps': 0, 'time': 231, 'eps': 3e-06}
03/25/2026 23:04:03 - INFO - src.trainer -   {'loss': 1.7177255153656006, 'learning_rate': 1e-06, 'global_step': 1530, 'zo_forward_step': 3062, 'max_steps': 20000, 'max_zo_forward_steps': 0, 'time': 233, 'eps': 3e-06}
03/25/2026 23:04:05 - INFO - src.trainer -   {'loss': 1.770226001739502, 'learning_rate': 1e-06, 'global_step': 1540, 'zo_forward_step': 3082, 'max_steps': 20000, 'max_zo_forward_steps': 0, 'time': 234, 'eps': 3e-06}
03/25/2026 23:04:06 - INFO - src.trainer -   {'loss': 1.1358839273452759, 'learning_rate': 1e-06, 'global_step': 1550, 'zo_forward_step': 3102, 'max_steps': 20000, 'max_zo_forward_steps': 0, 'time': 236, 'eps': 3e-06}
03/25/2026 23:04:08 - INFO - src.trainer -   {'loss': 1.7199070453643799, 'learning_rate': 1e-06, 'global_step': 1560, 'zo_forward_step': 3122, 'max_steps': 20000, 'max_zo_forward_steps': 0, 'time': 237, 'eps': 3e-06}
03/25/2026 23:04:09 - INFO - src.trainer -   {'loss': 1.7825086116790771, 'learning_rate': 1e-06, 'global_step': 1570, 'zo_forward_step': 3142, 'max_steps': 20000, 'max_zo_forward_steps': 0, 'time': 239, 'eps': 3e-06}
03/25/2026 23:04:11 - INFO - src.trainer -   {'loss': 1.1278846263885498, 'learning_rate': 1e-06, 'global_step': 1580, 'zo_forward_step': 3162, 'max_steps': 20000, 'max_zo_forward_steps': 0, 'time': 241, 'eps': 3e-06}
03/25/2026 23:04:12 - INFO - src.trainer -   {'loss': 1.7121798992156982, 'learning_rate': 1e-06, 'global_step': 1590, 'zo_forward_step': 3182, 'max_steps': 20000, 'max_zo_forward_steps': 0, 'time': 242, 'eps': 3e-06}
141it [03:40,  1.95s/it]152it [03:40,  1.32s/it]03/25/2026 23:04:14 - INFO - src.trainer -   {'eval_loss': 1.656365990638733, 'eval_acc': 0.1875}
03/25/2026 23:04:17 - INFO - src.trainer -   [zo_probe] step=1600 eps=3.000e-06 precision=fp32 n=16 mae=3.188087e-02 rmse=3.771312e-02 sign_acc=1.0000 corr=0.999999
03/25/2026 23:04:17 - INFO - src.trainer -   {'loss': 1.7895309925079346, 'learning_rate': 1e-06, 'global_step': 1600, 'zo_forward_step': 3202, 'max_steps': 20000, 'max_zo_forward_steps': 0, 'time': 246, 'eps': 3e-06}
03/25/2026 23:04:18 - INFO - src.trainer -   {'loss': 1.121281623840332, 'learning_rate': 1e-06, 'global_step': 1610, 'zo_forward_step': 3222, 'max_steps': 20000, 'max_zo_forward_steps': 0, 'time': 248, 'eps': 3e-06}
03/25/2026 23:04:19 - INFO - src.trainer -   {'loss': 1.7108733654022217, 'learning_rate': 1e-06, 'global_step': 1620, 'zo_forward_step': 3242, 'max_steps': 20000, 'max_zo_forward_steps': 0, 'time': 249, 'eps': 3e-06}
03/25/2026 23:04:21 - INFO - src.trainer -   {'loss': 1.7914842367172241, 'learning_rate': 1e-06, 'global_step': 1630, 'zo_forward_step': 3262, 'max_steps': 20000, 'max_zo_forward_steps': 0, 'time': 250, 'eps': 3e-06}
03/25/2026 23:04:23 - INFO - src.trainer -   {'loss': 1.1178274154663086, 'learning_rate': 1e-06, 'global_step': 1640, 'zo_forward_step': 3282, 'max_steps': 20000, 'max_zo_forward_steps': 0, 'time': 253, 'eps': 3e-06}
03/25/2026 23:04:25 - INFO - src.trainer -   {'loss': 1.7108771800994873, 'learning_rate': 1e-06, 'global_step': 1650, 'zo_forward_step': 3302, 'max_steps': 20000, 'max_zo_forward_steps': 0, 'time': 255, 'eps': 3e-06}
03/25/2026 23:04:27 - INFO - src.trainer -   {'loss': 1.8039108514785767, 'learning_rate': 1e-06, 'global_step': 1660, 'zo_forward_step': 3322, 'max_steps': 20000, 'max_zo_forward_steps': 0, 'time': 256, 'eps': 3e-06}
03/25/2026 23:04:28 - INFO - src.trainer -   {'loss': 1.1225606203079224, 'learning_rate': 1e-06, 'global_step': 1670, 'zo_forward_step': 3342, 'max_steps': 20000, 'max_zo_forward_steps': 0, 'time': 258, 'eps': 3e-06}
03/25/2026 23:04:30 - INFO - src.trainer -   {'loss': 1.7046754360198975, 'learning_rate': 1e-06, 'global_step': 1680, 'zo_forward_step': 3362, 'max_steps': 20000, 'max_zo_forward_steps': 0, 'time': 259, 'eps': 3e-06}
160it [03:56,  1.32s/it]03/25/2026 23:04:31 - INFO - src.trainer -   {'loss': 1.7983078956604004, 'learning_rate': 1e-06, 'global_step': 1690, 'zo_forward_step': 3382, 'max_steps': 20000, 'max_zo_forward_steps': 0, 'time': 260, 'eps': 3e-06}
03/25/2026 23:04:32 - INFO - src.trainer -   {'loss': 1.1303064823150635, 'learning_rate': 1e-06, 'global_step': 1700, 'zo_forward_step': 3402, 'max_steps': 20000, 'max_zo_forward_steps': 0, 'time': 262, 'eps': 3e-06}
03/25/2026 23:04:33 - INFO - src.trainer -   {'loss': 1.6976529359817505, 'learning_rate': 1e-06, 'global_step': 1710, 'zo_forward_step': 3422, 'max_steps': 20000, 'max_zo_forward_steps': 0, 'time': 263, 'eps': 3e-06}
03/25/2026 23:04:34 - INFO - src.trainer -   {'loss': 1.8076667785644531, 'learning_rate': 1e-06, 'global_step': 1720, 'zo_forward_step': 3442, 'max_steps': 20000, 'max_zo_forward_steps': 0, 'time': 264, 'eps': 3e-06}
03/25/2026 23:04:36 - INFO - src.trainer -   {'loss': 1.1241166591644287, 'learning_rate': 1e-06, 'global_step': 1730, 'zo_forward_step': 3462, 'max_steps': 20000, 'max_zo_forward_steps': 0, 'time': 265, 'eps': 3e-06}
03/25/2026 23:04:37 - INFO - src.trainer -   {'loss': 1.7040705680847168, 'learning_rate': 1e-06, 'global_step': 1740, 'zo_forward_step': 3482, 'max_steps': 20000, 'max_zo_forward_steps': 0, 'time': 266, 'eps': 3e-06}
03/25/2026 23:04:38 - INFO - src.trainer -   {'loss': 1.7912428379058838, 'learning_rate': 1e-06, 'global_step': 1750, 'zo_forward_step': 3502, 'max_steps': 20000, 'max_zo_forward_steps': 0, 'time': 267, 'eps': 3e-06}
03/25/2026 23:04:39 - INFO - src.trainer -   {'loss': 1.1128575801849365, 'learning_rate': 1e-06, 'global_step': 1760, 'zo_forward_step': 3522, 'max_steps': 20000, 'max_zo_forward_steps': 0, 'time': 269, 'eps': 3e-06}
03/25/2026 23:04:40 - INFO - src.trainer -   {'loss': 1.7049500942230225, 'learning_rate': 1e-06, 'global_step': 1770, 'zo_forward_step': 3542, 'max_steps': 20000, 'max_zo_forward_steps': 0, 'time': 270, 'eps': 3e-06}
03/25/2026 23:04:41 - INFO - src.trainer -   {'loss': 1.8046953678131104, 'learning_rate': 1e-06, 'global_step': 1780, 'zo_forward_step': 3562, 'max_steps': 20000, 'max_zo_forward_steps': 0, 'time': 271, 'eps': 3e-06}
03/25/2026 23:04:43 - INFO - src.trainer -   {'loss': 1.1125484704971313, 'learning_rate': 1e-06, 'global_step': 1790, 'zo_forward_step': 3582, 'max_steps': 20000, 'max_zo_forward_steps': 0, 'time': 272, 'eps': 3e-06}
161it [04:10,  1.87s/it]172it [04:10,  1.27s/it]03/25/2026 23:04:44 - INFO - src.trainer -   {'eval_loss': 1.6518299579620361, 'eval_acc': 0.2}
03/25/2026 23:04:47 - INFO - src.trainer -   [zo_probe] step=1800 eps=3.000e-06 precision=fp32 n=16 mae=3.403132e-02 rmse=4.184649e-02 sign_acc=1.0000 corr=0.999999
03/25/2026 23:04:47 - INFO - src.trainer -   {'loss': 1.6935350894927979, 'learning_rate': 1e-06, 'global_step': 1800, 'zo_forward_step': 3602, 'max_steps': 20000, 'max_zo_forward_steps': 0, 'time': 277, 'eps': 3e-06}
03/25/2026 23:04:48 - INFO - src.trainer -   {'loss': 1.8002257347106934, 'learning_rate': 1e-06, 'global_step': 1810, 'zo_forward_step': 3622, 'max_steps': 20000, 'max_zo_forward_steps': 0, 'time': 278, 'eps': 3e-06}
03/25/2026 23:04:49 - INFO - src.trainer -   {'loss': 1.1107754707336426, 'learning_rate': 1e-06, 'global_step': 1820, 'zo_forward_step': 3642, 'max_steps': 20000, 'max_zo_forward_steps': 0, 'time': 279, 'eps': 3e-06}
03/25/2026 23:04:50 - INFO - src.trainer -   {'loss': 1.7040871381759644, 'learning_rate': 1e-06, 'global_step': 1830, 'zo_forward_step': 3662, 'max_steps': 20000, 'max_zo_forward_steps': 0, 'time': 280, 'eps': 3e-06}
03/25/2026 23:04:51 - INFO - src.trainer -   {'loss': 1.805312991142273, 'learning_rate': 1e-06, 'global_step': 1840, 'zo_forward_step': 3682, 'max_steps': 20000, 'max_zo_forward_steps': 0, 'time': 281, 'eps': 3e-06}
03/25/2026 23:04:53 - INFO - src.trainer -   {'loss': 1.0982482433319092, 'learning_rate': 1e-06, 'global_step': 1850, 'zo_forward_step': 3702, 'max_steps': 20000, 'max_zo_forward_steps': 0, 'time': 282, 'eps': 3e-06}
03/25/2026 23:04:54 - INFO - src.trainer -   {'loss': 1.6906774044036865, 'learning_rate': 1e-06, 'global_step': 1860, 'zo_forward_step': 3722, 'max_steps': 20000, 'max_zo_forward_steps': 0, 'time': 283, 'eps': 3e-06}
03/25/2026 23:04:55 - INFO - src.trainer -   {'loss': 1.8247801065444946, 'learning_rate': 1e-06, 'global_step': 1870, 'zo_forward_step': 3742, 'max_steps': 20000, 'max_zo_forward_steps': 0, 'time': 285, 'eps': 3e-06}
03/25/2026 23:04:56 - INFO - src.trainer -   {'loss': 1.0895631313323975, 'learning_rate': 1e-06, 'global_step': 1880, 'zo_forward_step': 3762, 'max_steps': 20000, 'max_zo_forward_steps': 0, 'time': 286, 'eps': 3e-06}
03/25/2026 23:04:57 - INFO - src.trainer -   {'loss': 1.6814900636672974, 'learning_rate': 1e-06, 'global_step': 1890, 'zo_forward_step': 3782, 'max_steps': 20000, 'max_zo_forward_steps': 0, 'time': 287, 'eps': 3e-06}
03/25/2026 23:04:59 - INFO - src.trainer -   {'loss': 1.8268386125564575, 'learning_rate': 1e-06, 'global_step': 1900, 'zo_forward_step': 3802, 'max_steps': 20000, 'max_zo_forward_steps': 0, 'time': 288, 'eps': 3e-06}
03/25/2026 23:05:00 - INFO - src.trainer -   {'loss': 1.0971511602401733, 'learning_rate': 1e-06, 'global_step': 1910, 'zo_forward_step': 3822, 'max_steps': 20000, 'max_zo_forward_steps': 0, 'time': 289, 'eps': 3e-06}
180it [04:26,  1.27s/it]03/25/2026 23:05:01 - INFO - src.trainer -   {'loss': 1.6782691478729248, 'learning_rate': 1e-06, 'global_step': 1920, 'zo_forward_step': 3842, 'max_steps': 20000, 'max_zo_forward_steps': 0, 'time': 291, 'eps': 3e-06}
03/25/2026 23:05:02 - INFO - src.trainer -   {'loss': 1.8341307640075684, 'learning_rate': 1e-06, 'global_step': 1930, 'zo_forward_step': 3862, 'max_steps': 20000, 'max_zo_forward_steps': 0, 'time': 292, 'eps': 3e-06}
03/25/2026 23:05:03 - INFO - src.trainer -   {'loss': 1.0913355350494385, 'learning_rate': 1e-06, 'global_step': 1940, 'zo_forward_step': 3882, 'max_steps': 20000, 'max_zo_forward_steps': 0, 'time': 293, 'eps': 3e-06}
03/25/2026 23:05:04 - INFO - src.trainer -   {'loss': 1.6744695901870728, 'learning_rate': 1e-06, 'global_step': 1950, 'zo_forward_step': 3902, 'max_steps': 20000, 'max_zo_forward_steps': 0, 'time': 294, 'eps': 3e-06}
03/25/2026 23:05:06 - INFO - src.trainer -   {'loss': 1.8413830995559692, 'learning_rate': 1e-06, 'global_step': 1960, 'zo_forward_step': 3922, 'max_steps': 20000, 'max_zo_forward_steps': 0, 'time': 295, 'eps': 3e-06}
03/25/2026 23:05:07 - INFO - src.trainer -   {'loss': 1.0811973810195923, 'learning_rate': 1e-06, 'global_step': 1970, 'zo_forward_step': 3942, 'max_steps': 20000, 'max_zo_forward_steps': 0, 'time': 296, 'eps': 3e-06}
03/25/2026 23:05:08 - INFO - src.trainer -   {'loss': 1.674221396446228, 'learning_rate': 1e-06, 'global_step': 1980, 'zo_forward_step': 3962, 'max_steps': 20000, 'max_zo_forward_steps': 0, 'time': 297, 'eps': 3e-06}
03/25/2026 23:05:09 - INFO - src.trainer -   {'loss': 1.8334908485412598, 'learning_rate': 1e-06, 'global_step': 1990, 'zo_forward_step': 3982, 'max_steps': 20000, 'max_zo_forward_steps': 0, 'time': 299, 'eps': 3e-06}
181it [04:36,  1.72s/it]192it [04:36,  1.17s/it]03/25/2026 23:05:10 - INFO - src.trainer -   {'eval_loss': 1.6566804647445679, 'eval_acc': 0.1875}
03/25/2026 23:05:12 - INFO - src.trainer -   [zo_probe] step=2000 eps=3.000e-06 precision=fp32 n=16 mae=3.104819e-02 rmse=3.962264e-02 sign_acc=1.0000 corr=1.000000
03/25/2026 23:05:12 - INFO - src.trainer -   {'loss': 1.0814156532287598, 'learning_rate': 1e-06, 'global_step': 2000, 'zo_forward_step': 4002, 'max_steps': 20000, 'max_zo_forward_steps': 0, 'time': 302, 'eps': 3e-06}
03/25/2026 23:05:13 - INFO - src.trainer -   {'loss': 1.6905649900436401, 'learning_rate': 1e-06, 'global_step': 2010, 'zo_forward_step': 4022, 'max_steps': 20000, 'max_zo_forward_steps': 0, 'time': 303, 'eps': 3e-06}
03/25/2026 23:05:15 - INFO - src.trainer -   {'loss': 1.820727825164795, 'learning_rate': 1e-06, 'global_step': 2020, 'zo_forward_step': 4042, 'max_steps': 20000, 'max_zo_forward_steps': 0, 'time': 304, 'eps': 3e-06}
03/25/2026 23:05:16 - INFO - src.trainer -   {'loss': 1.0775405168533325, 'learning_rate': 1e-06, 'global_step': 2030, 'zo_forward_step': 4062, 'max_steps': 20000, 'max_zo_forward_steps': 0, 'time': 305, 'eps': 3e-06}
03/25/2026 23:05:17 - INFO - src.trainer -   {'loss': 1.6910226345062256, 'learning_rate': 1e-06, 'global_step': 2040, 'zo_forward_step': 4082, 'max_steps': 20000, 'max_zo_forward_steps': 0, 'time': 307, 'eps': 3e-06}
03/25/2026 23:05:18 - INFO - src.trainer -   {'loss': 1.8131864070892334, 'learning_rate': 1e-06, 'global_step': 2050, 'zo_forward_step': 4102, 'max_steps': 20000, 'max_zo_forward_steps': 0, 'time': 308, 'eps': 3e-06}
03/25/2026 23:05:19 - INFO - src.trainer -   {'loss': 1.0810542106628418, 'learning_rate': 1e-06, 'global_step': 2060, 'zo_forward_step': 4122, 'max_steps': 20000, 'max_zo_forward_steps': 0, 'time': 309, 'eps': 3e-06}
03/25/2026 23:05:20 - INFO - src.trainer -   {'loss': 1.6962909698486328, 'learning_rate': 1e-06, 'global_step': 2070, 'zo_forward_step': 4142, 'max_steps': 20000, 'max_zo_forward_steps': 0, 'time': 310, 'eps': 3e-06}
03/25/2026 23:05:22 - INFO - src.trainer -   {'loss': 1.8056331872940063, 'learning_rate': 1e-06, 'global_step': 2080, 'zo_forward_step': 4162, 'max_steps': 20000, 'max_zo_forward_steps': 0, 'time': 311, 'eps': 3e-06}
03/25/2026 23:05:23 - INFO - src.trainer -   {'loss': 1.0750412940979004, 'learning_rate': 1e-06, 'global_step': 2090, 'zo_forward_step': 4182, 'max_steps': 20000, 'max_zo_forward_steps': 0, 'time': 312, 'eps': 3e-06}
03/25/2026 23:05:24 - INFO - src.trainer -   {'loss': 1.6985658407211304, 'learning_rate': 1e-06, 'global_step': 2100, 'zo_forward_step': 4202, 'max_steps': 20000, 'max_zo_forward_steps': 0, 'time': 313, 'eps': 3e-06}
03/25/2026 23:05:25 - INFO - src.trainer -   {'loss': 1.8131579160690308, 'learning_rate': 1e-06, 'global_step': 2110, 'zo_forward_step': 4222, 'max_steps': 20000, 'max_zo_forward_steps': 0, 'time': 315, 'eps': 3e-06}
03/25/2026 23:05:26 - INFO - src.trainer -   {'loss': 1.0729701519012451, 'learning_rate': 1e-06, 'global_step': 2120, 'zo_forward_step': 4242, 'max_steps': 20000, 'max_zo_forward_steps': 0, 'time': 316, 'eps': 3e-06}
03/25/2026 23:05:27 - INFO - src.trainer -   {'loss': 1.7010881900787354, 'learning_rate': 1e-06, 'global_step': 2130, 'zo_forward_step': 4262, 'max_steps': 20000, 'max_zo_forward_steps': 0, 'time': 317, 'eps': 3e-06}
03/25/2026 23:05:28 - INFO - src.trainer -   {'loss': 1.8026796579360962, 'learning_rate': 1e-06, 'global_step': 2140, 'zo_forward_step': 4282, 'max_steps': 20000, 'max_zo_forward_steps': 0, 'time': 318, 'eps': 3e-06}
03/25/2026 23:05:30 - INFO - src.trainer -   {'loss': 1.0723927021026611, 'learning_rate': 1e-06, 'global_step': 2150, 'zo_forward_step': 4302, 'max_steps': 20000, 'max_zo_forward_steps': 0, 'time': 319, 'eps': 3e-06}
200it [04:56,  1.17s/it]03/25/2026 23:05:31 - INFO - src.trainer -   {'loss': 1.7032920122146606, 'learning_rate': 1e-06, 'global_step': 2160, 'zo_forward_step': 4322, 'max_steps': 20000, 'max_zo_forward_steps': 0, 'time': 320, 'eps': 3e-06}
03/25/2026 23:05:32 - INFO - src.trainer -   {'loss': 1.8271150588989258, 'learning_rate': 1e-06, 'global_step': 2170, 'zo_forward_step': 4342, 'max_steps': 20000, 'max_zo_forward_steps': 0, 'time': 322, 'eps': 3e-06}
03/25/2026 23:05:34 - INFO - src.trainer -   {'loss': 1.0616577863693237, 'learning_rate': 1e-06, 'global_step': 2180, 'zo_forward_step': 4362, 'max_steps': 20000, 'max_zo_forward_steps': 0, 'time': 324, 'eps': 3e-06}
03/25/2026 23:05:36 - INFO - src.trainer -   {'loss': 1.6975849866867065, 'learning_rate': 1e-06, 'global_step': 2190, 'zo_forward_step': 4382, 'max_steps': 20000, 'max_zo_forward_steps': 0, 'time': 325, 'eps': 3e-06}
201it [05:03,  1.65s/it]212it [05:03,  1.12s/it]03/25/2026 23:05:37 - INFO - src.trainer -   {'eval_loss': 1.6558948755264282, 'eval_acc': 0.2}
03/25/2026 23:05:40 - INFO - src.trainer -   [zo_probe] step=2200 eps=3.000e-06 precision=fp32 n=16 mae=4.079282e-02 rmse=5.168652e-02 sign_acc=1.0000 corr=0.999999
03/25/2026 23:05:40 - INFO - src.trainer -   {'loss': 1.8094191551208496, 'learning_rate': 1e-06, 'global_step': 2200, 'zo_forward_step': 4402, 'max_steps': 20000, 'max_zo_forward_steps': 0, 'time': 329, 'eps': 3e-06}
03/25/2026 23:05:41 - INFO - src.trainer -   {'loss': 1.0748875141143799, 'learning_rate': 1e-06, 'global_step': 2210, 'zo_forward_step': 4422, 'max_steps': 20000, 'max_zo_forward_steps': 0, 'time': 331, 'eps': 3e-06}
03/25/2026 23:05:42 - INFO - src.trainer -   {'loss': 1.6910576820373535, 'learning_rate': 1e-06, 'global_step': 2220, 'zo_forward_step': 4442, 'max_steps': 20000, 'max_zo_forward_steps': 0, 'time': 332, 'eps': 3e-06}
03/25/2026 23:05:43 - INFO - src.trainer -   {'loss': 1.8221701383590698, 'learning_rate': 1e-06, 'global_step': 2230, 'zo_forward_step': 4462, 'max_steps': 20000, 'max_zo_forward_steps': 0, 'time': 333, 'eps': 3e-06}
03/25/2026 23:05:44 - INFO - src.trainer -   {'loss': 1.0828912258148193, 'learning_rate': 1e-06, 'global_step': 2240, 'zo_forward_step': 4482, 'max_steps': 20000, 'max_zo_forward_steps': 0, 'time': 334, 'eps': 3e-06}
03/25/2026 23:05:46 - INFO - src.trainer -   {'loss': 1.693178415298462, 'learning_rate': 1e-06, 'global_step': 2250, 'zo_forward_step': 4502, 'max_steps': 20000, 'max_zo_forward_steps': 0, 'time': 336, 'eps': 3e-06}
03/25/2026 23:05:47 - INFO - src.trainer -   {'loss': 1.8123071193695068, 'learning_rate': 1e-06, 'global_step': 2260, 'zo_forward_step': 4522, 'max_steps': 20000, 'max_zo_forward_steps': 0, 'time': 337, 'eps': 3e-06}
03/25/2026 23:05:48 - INFO - src.trainer -   {'loss': 1.0861896276474, 'learning_rate': 1e-06, 'global_step': 2270, 'zo_forward_step': 4542, 'max_steps': 20000, 'max_zo_forward_steps': 0, 'time': 338, 'eps': 3e-06}
03/25/2026 23:05:49 - INFO - src.trainer -   {'loss': 1.6926857233047485, 'learning_rate': 1e-06, 'global_step': 2280, 'zo_forward_step': 4562, 'max_steps': 20000, 'max_zo_forward_steps': 0, 'time': 339, 'eps': 3e-06}
220it [05:16,  1.12s/it]03/25/2026 23:05:51 - INFO - src.trainer -   {'loss': 1.8175792694091797, 'learning_rate': 1e-06, 'global_step': 2290, 'zo_forward_step': 4582, 'max_steps': 20000, 'max_zo_forward_steps': 0, 'time': 340, 'eps': 3e-06}
03/25/2026 23:05:52 - INFO - src.trainer -   {'loss': 1.0922579765319824, 'learning_rate': 1e-06, 'global_step': 2300, 'zo_forward_step': 4602, 'max_steps': 20000, 'max_zo_forward_steps': 0, 'time': 341, 'eps': 3e-06}
03/25/2026 23:05:53 - INFO - src.trainer -   {'loss': 1.6790459156036377, 'learning_rate': 1e-06, 'global_step': 2310, 'zo_forward_step': 4622, 'max_steps': 20000, 'max_zo_forward_steps': 0, 'time': 342, 'eps': 3e-06}
03/25/2026 23:05:54 - INFO - src.trainer -   {'loss': 1.8119018077850342, 'learning_rate': 1e-06, 'global_step': 2320, 'zo_forward_step': 4642, 'max_steps': 20000, 'max_zo_forward_steps': 0, 'time': 344, 'eps': 3e-06}
03/25/2026 23:05:55 - INFO - src.trainer -   {'loss': 1.0915454626083374, 'learning_rate': 1e-06, 'global_step': 2330, 'zo_forward_step': 4662, 'max_steps': 20000, 'max_zo_forward_steps': 0, 'time': 345, 'eps': 3e-06}
03/25/2026 23:05:56 - INFO - src.trainer -   {'loss': 1.6869114637374878, 'learning_rate': 1e-06, 'global_step': 2340, 'zo_forward_step': 4682, 'max_steps': 20000, 'max_zo_forward_steps': 0, 'time': 346, 'eps': 3e-06}
03/25/2026 23:05:58 - INFO - src.trainer -   {'loss': 1.818435549736023, 'learning_rate': 1e-06, 'global_step': 2350, 'zo_forward_step': 4702, 'max_steps': 20000, 'max_zo_forward_steps': 0, 'time': 347, 'eps': 3e-06}
03/25/2026 23:05:59 - INFO - src.trainer -   {'loss': 1.0766783952713013, 'learning_rate': 1e-06, 'global_step': 2360, 'zo_forward_step': 4722, 'max_steps': 20000, 'max_zo_forward_steps': 0, 'time': 348, 'eps': 3e-06}
03/25/2026 23:06:00 - INFO - src.trainer -   {'loss': 1.7011700868606567, 'learning_rate': 1e-06, 'global_step': 2370, 'zo_forward_step': 4742, 'max_steps': 20000, 'max_zo_forward_steps': 0, 'time': 350, 'eps': 3e-06}
03/25/2026 23:06:02 - INFO - src.trainer -   {'loss': 1.8108340501785278, 'learning_rate': 1e-06, 'global_step': 2380, 'zo_forward_step': 4762, 'max_steps': 20000, 'max_zo_forward_steps': 0, 'time': 351, 'eps': 3e-06}
03/25/2026 23:06:03 - INFO - src.trainer -   {'loss': 1.0647947788238525, 'learning_rate': 1e-06, 'global_step': 2390, 'zo_forward_step': 4782, 'max_steps': 20000, 'max_zo_forward_steps': 0, 'time': 352, 'eps': 3e-06}
221it [05:30,  1.64s/it]232it [05:30,  1.11s/it]03/25/2026 23:06:04 - INFO - src.trainer -   {'eval_loss': 1.6560341119766235, 'eval_acc': 0.2}
03/25/2026 23:06:07 - INFO - src.trainer -   [zo_probe] step=2400 eps=3.000e-06 precision=fp32 n=16 mae=3.885702e-02 rmse=4.962813e-02 sign_acc=1.0000 corr=0.999999
03/25/2026 23:06:07 - INFO - src.trainer -   {'loss': 1.7052778005599976, 'learning_rate': 1e-06, 'global_step': 2400, 'zo_forward_step': 4802, 'max_steps': 20000, 'max_zo_forward_steps': 0, 'time': 357, 'eps': 3e-06}
03/25/2026 23:06:09 - INFO - src.trainer -   {'loss': 1.8122159242630005, 'learning_rate': 1e-06, 'global_step': 2410, 'zo_forward_step': 4822, 'max_steps': 20000, 'max_zo_forward_steps': 0, 'time': 358, 'eps': 3e-06}
03/25/2026 23:06:10 - INFO - src.trainer -   {'loss': 1.0677446126937866, 'learning_rate': 1e-06, 'global_step': 2420, 'zo_forward_step': 4842, 'max_steps': 20000, 'max_zo_forward_steps': 0, 'time': 359, 'eps': 3e-06}
03/25/2026 23:06:11 - INFO - src.trainer -   {'loss': 1.7005600929260254, 'learning_rate': 1e-06, 'global_step': 2430, 'zo_forward_step': 4862, 'max_steps': 20000, 'max_zo_forward_steps': 0, 'time': 361, 'eps': 3e-06}
03/25/2026 23:06:12 - INFO - src.trainer -   {'loss': 1.81406831741333, 'learning_rate': 1e-06, 'global_step': 2440, 'zo_forward_step': 4882, 'max_steps': 20000, 'max_zo_forward_steps': 0, 'time': 362, 'eps': 3e-06}
03/25/2026 23:06:13 - INFO - src.trainer -   {'loss': 1.0658860206604004, 'learning_rate': 1e-06, 'global_step': 2450, 'zo_forward_step': 4902, 'max_steps': 20000, 'max_zo_forward_steps': 0, 'time': 363, 'eps': 3e-06}
03/25/2026 23:06:14 - INFO - src.trainer -   {'loss': 1.699855089187622, 'learning_rate': 1e-06, 'global_step': 2460, 'zo_forward_step': 4922, 'max_steps': 20000, 'max_zo_forward_steps': 0, 'time': 364, 'eps': 3e-06}
03/25/2026 23:06:16 - INFO - src.trainer -   {'loss': 1.8099371194839478, 'learning_rate': 1e-06, 'global_step': 2470, 'zo_forward_step': 4942, 'max_steps': 20000, 'max_zo_forward_steps': 0, 'time': 365, 'eps': 3e-06}
03/25/2026 23:06:17 - INFO - src.trainer -   {'loss': 1.0614778995513916, 'learning_rate': 1e-06, 'global_step': 2480, 'zo_forward_step': 4962, 'max_steps': 20000, 'max_zo_forward_steps': 0, 'time': 366, 'eps': 3e-06}
03/25/2026 23:06:18 - INFO - src.trainer -   {'loss': 1.693819522857666, 'learning_rate': 1e-06, 'global_step': 2490, 'zo_forward_step': 4982, 'max_steps': 20000, 'max_zo_forward_steps': 0, 'time': 367, 'eps': 3e-06}
03/25/2026 23:06:19 - INFO - src.trainer -   {'loss': 1.824889063835144, 'learning_rate': 1e-06, 'global_step': 2500, 'zo_forward_step': 5002, 'max_steps': 20000, 'max_zo_forward_steps': 0, 'time': 369, 'eps': 3e-06}
03/25/2026 23:06:20 - INFO - src.trainer -   {'loss': 1.0587852001190186, 'learning_rate': 1e-06, 'global_step': 2510, 'zo_forward_step': 5022, 'max_steps': 20000, 'max_zo_forward_steps': 0, 'time': 370, 'eps': 3e-06}
240it [05:46,  1.11s/it]03/25/2026 23:06:22 - INFO - src.trainer -   {'loss': 1.6961493492126465, 'learning_rate': 1e-06, 'global_step': 2520, 'zo_forward_step': 5042, 'max_steps': 20000, 'max_zo_forward_steps': 0, 'time': 372, 'eps': 3e-06}
03/25/2026 23:06:24 - INFO - src.trainer -   {'loss': 1.821121096611023, 'learning_rate': 1e-06, 'global_step': 2530, 'zo_forward_step': 5062, 'max_steps': 20000, 'max_zo_forward_steps': 0, 'time': 374, 'eps': 3e-06}
03/25/2026 23:06:25 - INFO - src.trainer -   {'loss': 1.0627555847167969, 'learning_rate': 1e-06, 'global_step': 2540, 'zo_forward_step': 5082, 'max_steps': 20000, 'max_zo_forward_steps': 0, 'time': 375, 'eps': 3e-06}
03/25/2026 23:06:26 - INFO - src.trainer -   {'loss': 1.6878608465194702, 'learning_rate': 1e-06, 'global_step': 2550, 'zo_forward_step': 5102, 'max_steps': 20000, 'max_zo_forward_steps': 0, 'time': 376, 'eps': 3e-06}
03/25/2026 23:06:28 - INFO - src.trainer -   {'loss': 1.817649006843567, 'learning_rate': 1e-06, 'global_step': 2560, 'zo_forward_step': 5122, 'max_steps': 20000, 'max_zo_forward_steps': 0, 'time': 377, 'eps': 3e-06}
03/25/2026 23:06:29 - INFO - src.trainer -   {'loss': 1.0663199424743652, 'learning_rate': 1e-06, 'global_step': 2570, 'zo_forward_step': 5142, 'max_steps': 20000, 'max_zo_forward_steps': 0, 'time': 378, 'eps': 3e-06}
03/25/2026 23:06:30 - INFO - src.trainer -   {'loss': 1.6934928894042969, 'learning_rate': 1e-06, 'global_step': 2580, 'zo_forward_step': 5162, 'max_steps': 20000, 'max_zo_forward_steps': 0, 'time': 380, 'eps': 3e-06}
03/25/2026 23:06:31 - INFO - src.trainer -   {'loss': 1.823150873184204, 'learning_rate': 1e-06, 'global_step': 2590, 'zo_forward_step': 5182, 'max_steps': 20000, 'max_zo_forward_steps': 0, 'time': 381, 'eps': 3e-06}
241it [05:58,  1.67s/it]252it [05:58,  1.13s/it]03/25/2026 23:06:32 - INFO - src.trainer -   {'eval_loss': 1.6591066122055054, 'eval_acc': 0.2}
03/25/2026 23:06:34 - INFO - src.trainer -   [zo_probe] step=2600 eps=3.000e-06 precision=fp32 n=16 mae=2.173960e-02 rmse=2.955594e-02 sign_acc=1.0000 corr=1.000000
03/25/2026 23:06:34 - INFO - src.trainer -   {'loss': 1.0586860179901123, 'learning_rate': 1e-06, 'global_step': 2600, 'zo_forward_step': 5202, 'max_steps': 20000, 'max_zo_forward_steps': 0, 'time': 384, 'eps': 3e-06}
03/25/2026 23:06:36 - INFO - src.trainer -   {'loss': 1.6887437105178833, 'learning_rate': 1e-06, 'global_step': 2610, 'zo_forward_step': 5222, 'max_steps': 20000, 'max_zo_forward_steps': 0, 'time': 385, 'eps': 3e-06}
03/25/2026 23:06:37 - INFO - src.trainer -   {'loss': 1.8307558298110962, 'learning_rate': 1e-06, 'global_step': 2620, 'zo_forward_step': 5242, 'max_steps': 20000, 'max_zo_forward_steps': 0, 'time': 386, 'eps': 3e-06}
03/25/2026 23:06:38 - INFO - src.trainer -   {'loss': 1.0528919696807861, 'learning_rate': 1e-06, 'global_step': 2630, 'zo_forward_step': 5262, 'max_steps': 20000, 'max_zo_forward_steps': 0, 'time': 387, 'eps': 3e-06}
03/25/2026 23:06:39 - INFO - src.trainer -   {'loss': 1.713509440422058, 'learning_rate': 1e-06, 'global_step': 2640, 'zo_forward_step': 5282, 'max_steps': 20000, 'max_zo_forward_steps': 0, 'time': 389, 'eps': 3e-06}
03/25/2026 23:06:40 - INFO - src.trainer -   {'loss': 1.817596197128296, 'learning_rate': 1e-06, 'global_step': 2650, 'zo_forward_step': 5302, 'max_steps': 20000, 'max_zo_forward_steps': 0, 'time': 390, 'eps': 3e-06}
03/25/2026 23:06:42 - INFO - src.trainer -   {'loss': 1.0467816591262817, 'learning_rate': 1e-06, 'global_step': 2660, 'zo_forward_step': 5322, 'max_steps': 20000, 'max_zo_forward_steps': 0, 'time': 391, 'eps': 3e-06}
03/25/2026 23:06:43 - INFO - src.trainer -   {'loss': 1.699857473373413, 'learning_rate': 1e-06, 'global_step': 2670, 'zo_forward_step': 5342, 'max_steps': 20000, 'max_zo_forward_steps': 0, 'time': 392, 'eps': 3e-06}
03/25/2026 23:06:44 - INFO - src.trainer -   {'loss': 1.826163411140442, 'learning_rate': 1e-06, 'global_step': 2680, 'zo_forward_step': 5362, 'max_steps': 20000, 'max_zo_forward_steps': 0, 'time': 394, 'eps': 3e-06}
03/25/2026 23:06:45 - INFO - src.trainer -   {'loss': 1.075116753578186, 'learning_rate': 1e-06, 'global_step': 2690, 'zo_forward_step': 5382, 'max_steps': 20000, 'max_zo_forward_steps': 0, 'time': 395, 'eps': 3e-06}
03/25/2026 23:06:46 - INFO - src.trainer -   {'loss': 1.6784510612487793, 'learning_rate': 1e-06, 'global_step': 2700, 'zo_forward_step': 5402, 'max_steps': 20000, 'max_zo_forward_steps': 0, 'time': 396, 'eps': 3e-06}
03/25/2026 23:06:48 - INFO - src.trainer -   {'loss': 1.8123631477355957, 'learning_rate': 1e-06, 'global_step': 2710, 'zo_forward_step': 5422, 'max_steps': 20000, 'max_zo_forward_steps': 0, 'time': 397, 'eps': 3e-06}
03/25/2026 23:06:49 - INFO - src.trainer -   {'loss': 1.069717288017273, 'learning_rate': 1e-06, 'global_step': 2720, 'zo_forward_step': 5442, 'max_steps': 20000, 'max_zo_forward_steps': 0, 'time': 399, 'eps': 3e-06}
260it [06:16,  1.13s/it]03/25/2026 23:06:51 - INFO - src.trainer -   {'loss': 1.68374502658844, 'learning_rate': 1e-06, 'global_step': 2730, 'zo_forward_step': 5462, 'max_steps': 20000, 'max_zo_forward_steps': 0, 'time': 400, 'eps': 3e-06}
03/25/2026 23:06:52 - INFO - src.trainer -   {'loss': 1.8145034313201904, 'learning_rate': 1e-06, 'global_step': 2740, 'zo_forward_step': 5482, 'max_steps': 20000, 'max_zo_forward_steps': 0, 'time': 401, 'eps': 3e-06}
03/25/2026 23:06:53 - INFO - src.trainer -   {'loss': 1.0490164756774902, 'learning_rate': 1e-06, 'global_step': 2750, 'zo_forward_step': 5502, 'max_steps': 20000, 'max_zo_forward_steps': 0, 'time': 403, 'eps': 3e-06}
03/25/2026 23:06:54 - INFO - src.trainer -   {'loss': 1.695598840713501, 'learning_rate': 1e-06, 'global_step': 2760, 'zo_forward_step': 5522, 'max_steps': 20000, 'max_zo_forward_steps': 0, 'time': 404, 'eps': 3e-06}
03/25/2026 23:06:55 - INFO - src.trainer -   {'loss': 1.8109855651855469, 'learning_rate': 1e-06, 'global_step': 2770, 'zo_forward_step': 5542, 'max_steps': 20000, 'max_zo_forward_steps': 0, 'time': 405, 'eps': 3e-06}
03/25/2026 23:06:56 - INFO - src.trainer -   {'loss': 1.0524959564208984, 'learning_rate': 1e-06, 'global_step': 2780, 'zo_forward_step': 5562, 'max_steps': 20000, 'max_zo_forward_steps': 0, 'time': 406, 'eps': 3e-06}
03/25/2026 23:06:58 - INFO - src.trainer -   {'loss': 1.6907875537872314, 'learning_rate': 1e-06, 'global_step': 2790, 'zo_forward_step': 5582, 'max_steps': 20000, 'max_zo_forward_steps': 0, 'time': 407, 'eps': 3e-06}
261it [06:25,  1.62s/it]272it [06:25,  1.10s/it]03/25/2026 23:06:59 - INFO - src.trainer -   {'eval_loss': 1.6573110818862915, 'eval_acc': 0.2}
03/25/2026 23:07:02 - INFO - src.trainer -   [zo_probe] step=2800 eps=3.000e-06 precision=fp32 n=16 mae=4.577342e-02 rmse=6.201127e-02 sign_acc=1.0000 corr=0.999999
03/25/2026 23:07:02 - INFO - src.trainer -   {'loss': 1.8139034509658813, 'learning_rate': 1e-06, 'global_step': 2800, 'zo_forward_step': 5602, 'max_steps': 20000, 'max_zo_forward_steps': 0, 'time': 411, 'eps': 3e-06}
03/25/2026 23:07:03 - INFO - src.trainer -   {'loss': 1.0415328741073608, 'learning_rate': 1e-06, 'global_step': 2810, 'zo_forward_step': 5622, 'max_steps': 20000, 'max_zo_forward_steps': 0, 'time': 413, 'eps': 3e-06}
03/25/2026 23:07:04 - INFO - src.trainer -   {'loss': 1.7127795219421387, 'learning_rate': 1e-06, 'global_step': 2820, 'zo_forward_step': 5642, 'max_steps': 20000, 'max_zo_forward_steps': 0, 'time': 414, 'eps': 3e-06}
03/25/2026 23:07:05 - INFO - src.trainer -   {'loss': 1.7995580434799194, 'learning_rate': 1e-06, 'global_step': 2830, 'zo_forward_step': 5662, 'max_steps': 20000, 'max_zo_forward_steps': 0, 'time': 415, 'eps': 3e-06}
03/25/2026 23:07:06 - INFO - src.trainer -   {'loss': 1.0481244325637817, 'learning_rate': 1e-06, 'global_step': 2840, 'zo_forward_step': 5682, 'max_steps': 20000, 'max_zo_forward_steps': 0, 'time': 416, 'eps': 3e-06}
03/25/2026 23:07:07 - INFO - src.trainer -   {'loss': 1.7011058330535889, 'learning_rate': 1e-06, 'global_step': 2850, 'zo_forward_step': 5702, 'max_steps': 20000, 'max_zo_forward_steps': 0, 'time': 417, 'eps': 3e-06}
03/25/2026 23:07:09 - INFO - src.trainer -   {'loss': 1.8055133819580078, 'learning_rate': 1e-06, 'global_step': 2860, 'zo_forward_step': 5722, 'max_steps': 20000, 'max_zo_forward_steps': 0, 'time': 418, 'eps': 3e-06}
280it [06:36,  1.10s/it]03/25/2026 23:07:11 - INFO - src.trainer -   {'loss': 1.0601191520690918, 'learning_rate': 1e-06, 'global_step': 2870, 'zo_forward_step': 5742, 'max_steps': 20000, 'max_zo_forward_steps': 0, 'time': 421, 'eps': 3e-06}
03/25/2026 23:07:12 - INFO - src.trainer -   {'loss': 1.6914204359054565, 'learning_rate': 1e-06, 'global_step': 2880, 'zo_forward_step': 5762, 'max_steps': 20000, 'max_zo_forward_steps': 0, 'time': 422, 'eps': 3e-06}
03/25/2026 23:07:14 - INFO - src.trainer -   {'loss': 1.7953482866287231, 'learning_rate': 1e-06, 'global_step': 2890, 'zo_forward_step': 5782, 'max_steps': 20000, 'max_zo_forward_steps': 0, 'time': 423, 'eps': 3e-06}
03/25/2026 23:07:15 - INFO - src.trainer -   {'loss': 1.0828583240509033, 'learning_rate': 1e-06, 'global_step': 2900, 'zo_forward_step': 5802, 'max_steps': 20000, 'max_zo_forward_steps': 0, 'time': 425, 'eps': 3e-06}
03/25/2026 23:07:16 - INFO - src.trainer -   {'loss': 1.6835687160491943, 'learning_rate': 1e-06, 'global_step': 2910, 'zo_forward_step': 5822, 'max_steps': 20000, 'max_zo_forward_steps': 0, 'time': 426, 'eps': 3e-06}
03/25/2026 23:07:18 - INFO - src.trainer -   {'loss': 1.7951322793960571, 'learning_rate': 1e-06, 'global_step': 2920, 'zo_forward_step': 5842, 'max_steps': 20000, 'max_zo_forward_steps': 0, 'time': 428, 'eps': 3e-06}
03/25/2026 23:07:19 - INFO - src.trainer -   {'loss': 1.086113452911377, 'learning_rate': 1e-06, 'global_step': 2930, 'zo_forward_step': 5862, 'max_steps': 20000, 'max_zo_forward_steps': 0, 'time': 429, 'eps': 3e-06}
03/25/2026 23:07:20 - INFO - src.trainer -   {'loss': 1.6856917142868042, 'learning_rate': 1e-06, 'global_step': 2940, 'zo_forward_step': 5882, 'max_steps': 20000, 'max_zo_forward_steps': 0, 'time': 430, 'eps': 3e-06}
03/25/2026 23:07:21 - INFO - src.trainer -   {'loss': 1.7915563583374023, 'learning_rate': 1e-06, 'global_step': 2950, 'zo_forward_step': 5902, 'max_steps': 20000, 'max_zo_forward_steps': 0, 'time': 431, 'eps': 3e-06}
03/25/2026 23:07:23 - INFO - src.trainer -   {'loss': 1.0766417980194092, 'learning_rate': 1e-06, 'global_step': 2960, 'zo_forward_step': 5922, 'max_steps': 20000, 'max_zo_forward_steps': 0, 'time': 432, 'eps': 3e-06}
03/25/2026 23:07:24 - INFO - src.trainer -   {'loss': 1.7046794891357422, 'learning_rate': 1e-06, 'global_step': 2970, 'zo_forward_step': 5942, 'max_steps': 20000, 'max_zo_forward_steps': 0, 'time': 433, 'eps': 3e-06}
03/25/2026 23:07:25 - INFO - src.trainer -   {'loss': 1.7713453769683838, 'learning_rate': 1e-06, 'global_step': 2980, 'zo_forward_step': 5962, 'max_steps': 20000, 'max_zo_forward_steps': 0, 'time': 435, 'eps': 3e-06}
03/25/2026 23:07:26 - INFO - src.trainer -   {'loss': 1.0650066137313843, 'learning_rate': 1e-06, 'global_step': 2990, 'zo_forward_step': 5982, 'max_steps': 20000, 'max_zo_forward_steps': 0, 'time': 436, 'eps': 3e-06}
281it [06:53,  1.67s/it]292it [06:53,  1.13s/it]03/25/2026 23:07:27 - INFO - src.trainer -   {'eval_loss': 1.650739312171936, 'eval_acc': 0.2}
03/25/2026 23:07:30 - INFO - src.trainer -   [zo_probe] step=3000 eps=3.000e-06 precision=fp32 n=16 mae=3.994466e-02 rmse=4.584067e-02 sign_acc=1.0000 corr=0.999999
03/25/2026 23:07:30 - INFO - src.trainer -   {'loss': 1.7067564725875854, 'learning_rate': 1e-06, 'global_step': 3000, 'zo_forward_step': 6002, 'max_steps': 20000, 'max_zo_forward_steps': 0, 'time': 440, 'eps': 3e-06}
03/25/2026 23:07:31 - INFO - src.trainer -   {'loss': 1.7625081539154053, 'learning_rate': 1e-06, 'global_step': 3010, 'zo_forward_step': 6022, 'max_steps': 20000, 'max_zo_forward_steps': 0, 'time': 441, 'eps': 3e-06}
03/25/2026 23:07:33 - INFO - src.trainer -   {'loss': 1.0663278102874756, 'learning_rate': 1e-06, 'global_step': 3020, 'zo_forward_step': 6042, 'max_steps': 20000, 'max_zo_forward_steps': 0, 'time': 442, 'eps': 3e-06}
03/25/2026 23:07:34 - INFO - src.trainer -   {'loss': 1.7113312482833862, 'learning_rate': 1e-06, 'global_step': 3030, 'zo_forward_step': 6062, 'max_steps': 20000, 'max_zo_forward_steps': 0, 'time': 443, 'eps': 3e-06}
03/25/2026 23:07:35 - INFO - src.trainer -   {'loss': 1.7501795291900635, 'learning_rate': 1e-06, 'global_step': 3040, 'zo_forward_step': 6082, 'max_steps': 20000, 'max_zo_forward_steps': 0, 'time': 444, 'eps': 3e-06}
03/25/2026 23:07:36 - INFO - src.trainer -   {'loss': 1.086976170539856, 'learning_rate': 1e-06, 'global_step': 3050, 'zo_forward_step': 6102, 'max_steps': 20000, 'max_zo_forward_steps': 0, 'time': 446, 'eps': 3e-06}
03/25/2026 23:07:37 - INFO - src.trainer -   {'loss': 1.695992350578308, 'learning_rate': 1e-06, 'global_step': 3060, 'zo_forward_step': 6122, 'max_steps': 20000, 'max_zo_forward_steps': 0, 'time': 447, 'eps': 3e-06}
03/25/2026 23:07:38 - INFO - src.trainer -   {'loss': 1.7743357419967651, 'learning_rate': 1e-06, 'global_step': 3070, 'zo_forward_step': 6142, 'max_steps': 20000, 'max_zo_forward_steps': 0, 'time': 448, 'eps': 3e-06}
03/25/2026 23:07:39 - INFO - src.trainer -   {'loss': 1.0688031911849976, 'learning_rate': 1e-06, 'global_step': 3080, 'zo_forward_step': 6162, 'max_steps': 20000, 'max_zo_forward_steps': 0, 'time': 449, 'eps': 3e-06}
300it [07:06,  1.13s/it]03/25/2026 23:07:41 - INFO - src.trainer -   {'loss': 1.6795705556869507, 'learning_rate': 1e-06, 'global_step': 3090, 'zo_forward_step': 6182, 'max_steps': 20000, 'max_zo_forward_steps': 0, 'time': 450, 'eps': 3e-06}
03/25/2026 23:07:42 - INFO - src.trainer -   {'loss': 1.7729097604751587, 'learning_rate': 1e-06, 'global_step': 3100, 'zo_forward_step': 6202, 'max_steps': 20000, 'max_zo_forward_steps': 0, 'time': 451, 'eps': 3e-06}
03/25/2026 23:07:43 - INFO - src.trainer -   {'loss': 1.0790804624557495, 'learning_rate': 1e-06, 'global_step': 3110, 'zo_forward_step': 6222, 'max_steps': 20000, 'max_zo_forward_steps': 0, 'time': 453, 'eps': 3e-06}
03/25/2026 23:07:44 - INFO - src.trainer -   {'loss': 1.6874574422836304, 'learning_rate': 1e-06, 'global_step': 3120, 'zo_forward_step': 6242, 'max_steps': 20000, 'max_zo_forward_steps': 0, 'time': 454, 'eps': 3e-06}
03/25/2026 23:07:45 - INFO - src.trainer -   {'loss': 1.7645195722579956, 'learning_rate': 1e-06, 'global_step': 3130, 'zo_forward_step': 6262, 'max_steps': 20000, 'max_zo_forward_steps': 0, 'time': 455, 'eps': 3e-06}
03/25/2026 23:07:47 - INFO - src.trainer -   {'loss': 1.077149510383606, 'learning_rate': 1e-06, 'global_step': 3140, 'zo_forward_step': 6282, 'max_steps': 20000, 'max_zo_forward_steps': 0, 'time': 456, 'eps': 3e-06}
03/25/2026 23:07:48 - INFO - src.trainer -   {'loss': 1.6928540468215942, 'learning_rate': 1e-06, 'global_step': 3150, 'zo_forward_step': 6302, 'max_steps': 20000, 'max_zo_forward_steps': 0, 'time': 457, 'eps': 3e-06}
03/25/2026 23:07:49 - INFO - src.trainer -   {'loss': 1.7486572265625, 'learning_rate': 1e-06, 'global_step': 3160, 'zo_forward_step': 6322, 'max_steps': 20000, 'max_zo_forward_steps': 0, 'time': 459, 'eps': 3e-06}
03/25/2026 23:07:50 - INFO - src.trainer -   {'loss': 1.0821647644042969, 'learning_rate': 1e-06, 'global_step': 3170, 'zo_forward_step': 6342, 'max_steps': 20000, 'max_zo_forward_steps': 0, 'time': 460, 'eps': 3e-06}
03/25/2026 23:07:52 - INFO - src.trainer -   {'loss': 1.6881932020187378, 'learning_rate': 1e-06, 'global_step': 3180, 'zo_forward_step': 6362, 'max_steps': 20000, 'max_zo_forward_steps': 0, 'time': 461, 'eps': 3e-06}
03/25/2026 23:07:53 - INFO - src.trainer -   {'loss': 1.7653899192810059, 'learning_rate': 1e-06, 'global_step': 3190, 'zo_forward_step': 6382, 'max_steps': 20000, 'max_zo_forward_steps': 0, 'time': 462, 'eps': 3e-06}
301it [07:20,  1.63s/it]312it [07:20,  1.11s/it]03/25/2026 23:07:54 - INFO - src.trainer -   {'eval_loss': 1.642673134803772, 'eval_acc': 0.2}
03/25/2026 23:07:56 - INFO - src.trainer -   [zo_probe] step=3200 eps=3.000e-06 precision=fp32 n=16 mae=3.857392e-02 rmse=4.891297e-02 sign_acc=1.0000 corr=0.999999
03/25/2026 23:07:56 - INFO - src.trainer -   {'loss': 1.0618635416030884, 'learning_rate': 1e-06, 'global_step': 3200, 'zo_forward_step': 6402, 'max_steps': 20000, 'max_zo_forward_steps': 0, 'time': 466, 'eps': 3e-06}
03/25/2026 23:07:57 - INFO - src.trainer -   {'loss': 1.675214171409607, 'learning_rate': 1e-06, 'global_step': 3210, 'zo_forward_step': 6422, 'max_steps': 20000, 'max_zo_forward_steps': 0, 'time': 467, 'eps': 3e-06}
03/25/2026 23:07:58 - INFO - src.trainer -   {'loss': 1.7803927659988403, 'learning_rate': 1e-06, 'global_step': 3220, 'zo_forward_step': 6442, 'max_steps': 20000, 'max_zo_forward_steps': 0, 'time': 468, 'eps': 3e-06}
03/25/2026 23:08:00 - INFO - src.trainer -   {'loss': 1.0618640184402466, 'learning_rate': 1e-06, 'global_step': 3230, 'zo_forward_step': 6462, 'max_steps': 20000, 'max_zo_forward_steps': 0, 'time': 469, 'eps': 3e-06}
03/25/2026 23:08:01 - INFO - src.trainer -   {'loss': 1.6720675230026245, 'learning_rate': 1e-06, 'global_step': 3240, 'zo_forward_step': 6482, 'max_steps': 20000, 'max_zo_forward_steps': 0, 'time': 470, 'eps': 3e-06}
03/25/2026 23:08:02 - INFO - src.trainer -   {'loss': 1.776402473449707, 'learning_rate': 1e-06, 'global_step': 3250, 'zo_forward_step': 6502, 'max_steps': 20000, 'max_zo_forward_steps': 0, 'time': 472, 'eps': 3e-06}
03/25/2026 23:08:03 - INFO - src.trainer -   {'loss': 1.0676345825195312, 'learning_rate': 1e-06, 'global_step': 3260, 'zo_forward_step': 6522, 'max_steps': 20000, 'max_zo_forward_steps': 0, 'time': 473, 'eps': 3e-06}
03/25/2026 23:08:04 - INFO - src.trainer -   {'loss': 1.6712576150894165, 'learning_rate': 1e-06, 'global_step': 3270, 'zo_forward_step': 6542, 'max_steps': 20000, 'max_zo_forward_steps': 0, 'time': 474, 'eps': 3e-06}
03/25/2026 23:08:05 - INFO - src.trainer -   {'loss': 1.763690710067749, 'learning_rate': 1e-06, 'global_step': 3280, 'zo_forward_step': 6562, 'max_steps': 20000, 'max_zo_forward_steps': 0, 'time': 475, 'eps': 3e-06}
03/25/2026 23:08:06 - INFO - src.trainer -   {'loss': 1.0670077800750732, 'learning_rate': 1e-06, 'global_step': 3290, 'zo_forward_step': 6582, 'max_steps': 20000, 'max_zo_forward_steps': 0, 'time': 476, 'eps': 3e-06}
03/25/2026 23:08:08 - INFO - src.trainer -   {'loss': 1.6789768934249878, 'learning_rate': 1e-06, 'global_step': 3300, 'zo_forward_step': 6602, 'max_steps': 20000, 'max_zo_forward_steps': 0, 'time': 477, 'eps': 3e-06}
03/25/2026 23:08:09 - INFO - src.trainer -   {'loss': 1.7601574659347534, 'learning_rate': 1e-06, 'global_step': 3310, 'zo_forward_step': 6622, 'max_steps': 20000, 'max_zo_forward_steps': 0, 'time': 478, 'eps': 3e-06}
03/25/2026 23:08:10 - INFO - src.trainer -   {'loss': 1.0822043418884277, 'learning_rate': 1e-06, 'global_step': 3320, 'zo_forward_step': 6642, 'max_steps': 20000, 'max_zo_forward_steps': 0, 'time': 479, 'eps': 3e-06}
320it [07:36,  1.11s/it]03/25/2026 23:08:11 - INFO - src.trainer -   {'loss': 1.670838475227356, 'learning_rate': 1e-06, 'global_step': 3330, 'zo_forward_step': 6662, 'max_steps': 20000, 'max_zo_forward_steps': 0, 'time': 481, 'eps': 3e-06}
03/25/2026 23:08:12 - INFO - src.trainer -   {'loss': 1.738832712173462, 'learning_rate': 1e-06, 'global_step': 3340, 'zo_forward_step': 6682, 'max_steps': 20000, 'max_zo_forward_steps': 0, 'time': 482, 'eps': 3e-06}
03/25/2026 23:08:14 - INFO - src.trainer -   {'loss': 1.0932502746582031, 'learning_rate': 1e-06, 'global_step': 3350, 'zo_forward_step': 6702, 'max_steps': 20000, 'max_zo_forward_steps': 0, 'time': 483, 'eps': 3e-06}
03/25/2026 23:08:15 - INFO - src.trainer -   {'loss': 1.6719728708267212, 'learning_rate': 1e-06, 'global_step': 3360, 'zo_forward_step': 6722, 'max_steps': 20000, 'max_zo_forward_steps': 0, 'time': 484, 'eps': 3e-06}
03/25/2026 23:08:16 - INFO - src.trainer -   {'loss': 1.7318037748336792, 'learning_rate': 1e-06, 'global_step': 3370, 'zo_forward_step': 6742, 'max_steps': 20000, 'max_zo_forward_steps': 0, 'time': 486, 'eps': 3e-06}
03/25/2026 23:08:17 - INFO - src.trainer -   {'loss': 1.0943485498428345, 'learning_rate': 1e-06, 'global_step': 3380, 'zo_forward_step': 6762, 'max_steps': 20000, 'max_zo_forward_steps': 0, 'time': 487, 'eps': 3e-06}
03/25/2026 23:08:20 - INFO - src.trainer -   {'loss': 1.6665805578231812, 'learning_rate': 1e-06, 'global_step': 3390, 'zo_forward_step': 6782, 'max_steps': 20000, 'max_zo_forward_steps': 0, 'time': 489, 'eps': 3e-06}
321it [07:47,  1.62s/it]332it [07:47,  1.10s/it]03/25/2026 23:08:21 - INFO - src.trainer -   {'eval_loss': 1.6353009939193726, 'eval_acc': 0.2}
03/25/2026 23:08:24 - INFO - src.trainer -   [zo_probe] step=3400 eps=3.000e-06 precision=fp32 n=16 mae=3.989793e-02 rmse=4.911256e-02 sign_acc=1.0000 corr=0.999998
03/25/2026 23:08:24 - INFO - src.trainer -   {'loss': 1.7398455142974854, 'learning_rate': 1e-06, 'global_step': 3400, 'zo_forward_step': 6802, 'max_steps': 20000, 'max_zo_forward_steps': 0, 'time': 494, 'eps': 3e-06}
03/25/2026 23:08:25 - INFO - src.trainer -   {'loss': 1.0975250005722046, 'learning_rate': 1e-06, 'global_step': 3410, 'zo_forward_step': 6822, 'max_steps': 20000, 'max_zo_forward_steps': 0, 'time': 495, 'eps': 3e-06}
03/25/2026 23:08:26 - INFO - src.trainer -   {'loss': 1.6808714866638184, 'learning_rate': 1e-06, 'global_step': 3420, 'zo_forward_step': 6842, 'max_steps': 20000, 'max_zo_forward_steps': 0, 'time': 496, 'eps': 3e-06}
03/25/2026 23:08:28 - INFO - src.trainer -   {'loss': 1.7284616231918335, 'learning_rate': 1e-06, 'global_step': 3430, 'zo_forward_step': 6862, 'max_steps': 20000, 'max_zo_forward_steps': 0, 'time': 497, 'eps': 3e-06}
03/25/2026 23:08:31 - INFO - src.trainer -   {'loss': 1.0924835205078125, 'learning_rate': 1e-06, 'global_step': 3440, 'zo_forward_step': 6882, 'max_steps': 20000, 'max_zo_forward_steps': 0, 'time': 500, 'eps': 3e-06}
03/25/2026 23:08:32 - INFO - src.trainer -   {'loss': 1.6784453392028809, 'learning_rate': 1e-06, 'global_step': 3450, 'zo_forward_step': 6902, 'max_steps': 20000, 'max_zo_forward_steps': 0, 'time': 501, 'eps': 3e-06}
03/25/2026 23:08:33 - INFO - src.trainer -   {'loss': 1.7193101644515991, 'learning_rate': 1e-06, 'global_step': 3460, 'zo_forward_step': 6922, 'max_steps': 20000, 'max_zo_forward_steps': 0, 'time': 503, 'eps': 3e-06}
03/25/2026 23:08:34 - INFO - src.trainer -   {'loss': 1.0956569910049438, 'learning_rate': 1e-06, 'global_step': 3470, 'zo_forward_step': 6942, 'max_steps': 20000, 'max_zo_forward_steps': 0, 'time': 504, 'eps': 3e-06}
03/25/2026 23:08:35 - INFO - src.trainer -   {'loss': 1.6895387172698975, 'learning_rate': 1e-06, 'global_step': 3480, 'zo_forward_step': 6962, 'max_steps': 20000, 'max_zo_forward_steps': 0, 'time': 505, 'eps': 3e-06}
03/25/2026 23:08:36 - INFO - src.trainer -   {'loss': 1.7257580757141113, 'learning_rate': 1e-06, 'global_step': 3490, 'zo_forward_step': 6982, 'max_steps': 20000, 'max_zo_forward_steps': 0, 'time': 506, 'eps': 3e-06}
03/25/2026 23:08:38 - INFO - src.trainer -   {'loss': 1.0827233791351318, 'learning_rate': 1e-06, 'global_step': 3500, 'zo_forward_step': 7002, 'max_steps': 20000, 'max_zo_forward_steps': 0, 'time': 507, 'eps': 3e-06}
03/25/2026 23:08:39 - INFO - src.trainer -   {'loss': 1.6954374313354492, 'learning_rate': 1e-06, 'global_step': 3510, 'zo_forward_step': 7022, 'max_steps': 20000, 'max_zo_forward_steps': 0, 'time': 508, 'eps': 3e-06}
03/25/2026 23:08:40 - INFO - src.trainer -   {'loss': 1.7333248853683472, 'learning_rate': 1e-06, 'global_step': 3520, 'zo_forward_step': 7042, 'max_steps': 20000, 'max_zo_forward_steps': 0, 'time': 510, 'eps': 3e-06}
340it [08:06,  1.10s/it]03/25/2026 23:08:42 - INFO - src.trainer -   {'loss': 1.0679652690887451, 'learning_rate': 1e-06, 'global_step': 3530, 'zo_forward_step': 7062, 'max_steps': 20000, 'max_zo_forward_steps': 0, 'time': 511, 'eps': 3e-06}
03/25/2026 23:08:43 - INFO - src.trainer -   {'loss': 1.6766115427017212, 'learning_rate': 1e-06, 'global_step': 3540, 'zo_forward_step': 7082, 'max_steps': 20000, 'max_zo_forward_steps': 0, 'time': 513, 'eps': 3e-06}
03/25/2026 23:08:44 - INFO - src.trainer -   {'loss': 1.7416222095489502, 'learning_rate': 1e-06, 'global_step': 3550, 'zo_forward_step': 7102, 'max_steps': 20000, 'max_zo_forward_steps': 0, 'time': 514, 'eps': 3e-06}
03/25/2026 23:08:46 - INFO - src.trainer -   {'loss': 1.0714454650878906, 'learning_rate': 1e-06, 'global_step': 3560, 'zo_forward_step': 7122, 'max_steps': 20000, 'max_zo_forward_steps': 0, 'time': 515, 'eps': 3e-06}
03/25/2026 23:08:47 - INFO - src.trainer -   {'loss': 1.6818761825561523, 'learning_rate': 1e-06, 'global_step': 3570, 'zo_forward_step': 7142, 'max_steps': 20000, 'max_zo_forward_steps': 0, 'time': 516, 'eps': 3e-06}
03/25/2026 23:08:48 - INFO - src.trainer -   {'loss': 1.7442538738250732, 'learning_rate': 1e-06, 'global_step': 3580, 'zo_forward_step': 7162, 'max_steps': 20000, 'max_zo_forward_steps': 0, 'time': 518, 'eps': 3e-06}
03/25/2026 23:08:49 - INFO - src.trainer -   {'loss': 1.0654819011688232, 'learning_rate': 1e-06, 'global_step': 3590, 'zo_forward_step': 7182, 'max_steps': 20000, 'max_zo_forward_steps': 0, 'time': 519, 'eps': 3e-06}
341it [08:17,  1.70s/it]352it [08:17,  1.15s/it]03/25/2026 23:08:51 - INFO - src.trainer -   {'eval_loss': 1.6391723155975342, 'eval_acc': 0.2}
03/25/2026 23:08:54 - INFO - src.trainer -   [zo_probe] step=3600 eps=3.000e-06 precision=fp32 n=16 mae=3.728921e+00 rmse=7.584417e+00 sign_acc=1.0000 corr=0.996596
03/25/2026 23:08:54 - INFO - src.trainer -   {'loss': 1.6719331741333008, 'learning_rate': 1e-06, 'global_step': 3600, 'zo_forward_step': 7202, 'max_steps': 20000, 'max_zo_forward_steps': 0, 'time': 523, 'eps': 3e-06}
03/25/2026 23:08:55 - INFO - src.trainer -   {'loss': 1.7633754014968872, 'learning_rate': 1e-06, 'global_step': 3610, 'zo_forward_step': 7222, 'max_steps': 20000, 'max_zo_forward_steps': 0, 'time': 525, 'eps': 3e-06}
03/25/2026 23:08:56 - INFO - src.trainer -   {'loss': 1.0629472732543945, 'learning_rate': 1e-06, 'global_step': 3620, 'zo_forward_step': 7242, 'max_steps': 20000, 'max_zo_forward_steps': 0, 'time': 526, 'eps': 3e-06}
03/25/2026 23:08:57 - INFO - src.trainer -   {'loss': 1.6673648357391357, 'learning_rate': 1e-06, 'global_step': 3630, 'zo_forward_step': 7262, 'max_steps': 20000, 'max_zo_forward_steps': 0, 'time': 527, 'eps': 3e-06}
03/25/2026 23:08:58 - INFO - src.trainer -   {'loss': 1.7841299772262573, 'learning_rate': 1e-06, 'global_step': 3640, 'zo_forward_step': 7282, 'max_steps': 20000, 'max_zo_forward_steps': 0, 'time': 528, 'eps': 3e-06}
03/25/2026 23:09:00 - INFO - src.trainer -   {'loss': 1.0239118337631226, 'learning_rate': 1e-06, 'global_step': 3650, 'zo_forward_step': 7302, 'max_steps': 20000, 'max_zo_forward_steps': 0, 'time': 529, 'eps': 3e-06}
03/25/2026 23:09:01 - INFO - src.trainer -   {'loss': 1.6735050678253174, 'learning_rate': 1e-06, 'global_step': 3660, 'zo_forward_step': 7322, 'max_steps': 20000, 'max_zo_forward_steps': 0, 'time': 530, 'eps': 3e-06}
03/25/2026 23:09:02 - INFO - src.trainer -   {'loss': 1.7813727855682373, 'learning_rate': 1e-06, 'global_step': 3670, 'zo_forward_step': 7342, 'max_steps': 20000, 'max_zo_forward_steps': 0, 'time': 531, 'eps': 3e-06}
03/25/2026 23:09:03 - INFO - src.trainer -   {'loss': 1.0376577377319336, 'learning_rate': 1e-06, 'global_step': 3680, 'zo_forward_step': 7362, 'max_steps': 20000, 'max_zo_forward_steps': 0, 'time': 533, 'eps': 3e-06}
03/25/2026 23:09:04 - INFO - src.trainer -   {'loss': 1.6738061904907227, 'learning_rate': 1e-06, 'global_step': 3690, 'zo_forward_step': 7382, 'max_steps': 20000, 'max_zo_forward_steps': 0, 'time': 534, 'eps': 3e-06}
03/25/2026 23:09:05 - INFO - src.trainer -   {'loss': 1.7649633884429932, 'learning_rate': 1e-06, 'global_step': 3700, 'zo_forward_step': 7402, 'max_steps': 20000, 'max_zo_forward_steps': 0, 'time': 535, 'eps': 3e-06}
03/25/2026 23:09:06 - INFO - src.trainer -   {'loss': 1.041908860206604, 'learning_rate': 1e-06, 'global_step': 3710, 'zo_forward_step': 7422, 'max_steps': 20000, 'max_zo_forward_steps': 0, 'time': 536, 'eps': 3e-06}
03/25/2026 23:09:07 - INFO - src.trainer -   {'loss': 1.6726075410842896, 'learning_rate': 1e-06, 'global_step': 3720, 'zo_forward_step': 7442, 'max_steps': 20000, 'max_zo_forward_steps': 0, 'time': 537, 'eps': 3e-06}
03/25/2026 23:09:09 - INFO - src.trainer -   {'loss': 1.7689636945724487, 'learning_rate': 1e-06, 'global_step': 3730, 'zo_forward_step': 7462, 'max_steps': 20000, 'max_zo_forward_steps': 0, 'time': 538, 'eps': 3e-06}
360it [08:36,  1.15s/it]03/25/2026 23:09:12 - INFO - src.trainer -   {'loss': 1.0733717679977417, 'learning_rate': 1e-06, 'global_step': 3740, 'zo_forward_step': 7482, 'max_steps': 20000, 'max_zo_forward_steps': 0, 'time': 541, 'eps': 3e-06}
03/25/2026 23:09:13 - INFO - src.trainer -   {'loss': 1.6709028482437134, 'learning_rate': 1e-06, 'global_step': 3750, 'zo_forward_step': 7502, 'max_steps': 20000, 'max_zo_forward_steps': 0, 'time': 542, 'eps': 3e-06}
03/25/2026 23:09:14 - INFO - src.trainer -   {'loss': 1.7406139373779297, 'learning_rate': 1e-06, 'global_step': 3760, 'zo_forward_step': 7522, 'max_steps': 20000, 'max_zo_forward_steps': 0, 'time': 543, 'eps': 3e-06}
03/25/2026 23:09:15 - INFO - src.trainer -   {'loss': 1.0780673027038574, 'learning_rate': 1e-06, 'global_step': 3770, 'zo_forward_step': 7542, 'max_steps': 20000, 'max_zo_forward_steps': 0, 'time': 545, 'eps': 3e-06}
03/25/2026 23:09:16 - INFO - src.trainer -   {'loss': 1.677977442741394, 'learning_rate': 1e-06, 'global_step': 3780, 'zo_forward_step': 7562, 'max_steps': 20000, 'max_zo_forward_steps': 0, 'time': 546, 'eps': 3e-06}
03/25/2026 23:09:17 - INFO - src.trainer -   {'loss': 1.7474769353866577, 'learning_rate': 1e-06, 'global_step': 3790, 'zo_forward_step': 7582, 'max_steps': 20000, 'max_zo_forward_steps': 0, 'time': 547, 'eps': 3e-06}
361it [08:44,  1.68s/it]372it [08:45,  1.14s/it]03/25/2026 23:09:18 - INFO - src.trainer -   {'eval_loss': 1.6331729888916016, 'eval_acc': 0.2125}
03/25/2026 23:09:20 - INFO - src.trainer -   [zo_probe] step=3800 eps=3.000e-06 precision=fp32 n=16 mae=3.107329e-02 rmse=3.707007e-02 sign_acc=1.0000 corr=0.999999
03/25/2026 23:09:21 - INFO - src.trainer -   {'loss': 1.0717291831970215, 'learning_rate': 1e-06, 'global_step': 3800, 'zo_forward_step': 7602, 'max_steps': 20000, 'max_zo_forward_steps': 0, 'time': 550, 'eps': 3e-06}
03/25/2026 23:09:22 - INFO - src.trainer -   {'loss': 1.6574786901474, 'learning_rate': 1e-06, 'global_step': 3810, 'zo_forward_step': 7622, 'max_steps': 20000, 'max_zo_forward_steps': 0, 'time': 551, 'eps': 3e-06}
03/25/2026 23:09:23 - INFO - src.trainer -   {'loss': 1.7507572174072266, 'learning_rate': 1e-06, 'global_step': 3820, 'zo_forward_step': 7642, 'max_steps': 20000, 'max_zo_forward_steps': 0, 'time': 552, 'eps': 3e-06}
03/25/2026 23:09:24 - INFO - src.trainer -   {'loss': 1.0895508527755737, 'learning_rate': 1e-06, 'global_step': 3830, 'zo_forward_step': 7662, 'max_steps': 20000, 'max_zo_forward_steps': 0, 'time': 554, 'eps': 3e-06}
03/25/2026 23:09:25 - INFO - src.trainer -   {'loss': 1.6420254707336426, 'learning_rate': 1e-06, 'global_step': 3840, 'zo_forward_step': 7682, 'max_steps': 20000, 'max_zo_forward_steps': 0, 'time': 555, 'eps': 3e-06}
03/25/2026 23:09:26 - INFO - src.trainer -   {'loss': 1.7470879554748535, 'learning_rate': 1e-06, 'global_step': 3850, 'zo_forward_step': 7702, 'max_steps': 20000, 'max_zo_forward_steps': 0, 'time': 556, 'eps': 3e-06}
03/25/2026 23:09:27 - INFO - src.trainer -   {'loss': 1.0976566076278687, 'learning_rate': 1e-06, 'global_step': 3860, 'zo_forward_step': 7722, 'max_steps': 20000, 'max_zo_forward_steps': 0, 'time': 557, 'eps': 3e-06}
03/25/2026 23:09:29 - INFO - src.trainer -   {'loss': 1.6445121765136719, 'learning_rate': 1e-06, 'global_step': 3870, 'zo_forward_step': 7742, 'max_steps': 20000, 'max_zo_forward_steps': 0, 'time': 559, 'eps': 3e-06}
03/25/2026 23:09:30 - INFO - src.trainer -   {'loss': 1.7410895824432373, 'learning_rate': 1e-06, 'global_step': 3880, 'zo_forward_step': 7762, 'max_steps': 20000, 'max_zo_forward_steps': 0, 'time': 560, 'eps': 3e-06}
380it [08:57,  1.14s/it]03/25/2026 23:09:31 - INFO - src.trainer -   {'loss': 1.103452444076538, 'learning_rate': 1e-06, 'global_step': 3890, 'zo_forward_step': 7782, 'max_steps': 20000, 'max_zo_forward_steps': 0, 'time': 561, 'eps': 3e-06}
03/25/2026 23:09:33 - INFO - src.trainer -   {'loss': 1.6499214172363281, 'learning_rate': 1e-06, 'global_step': 3900, 'zo_forward_step': 7802, 'max_steps': 20000, 'max_zo_forward_steps': 0, 'time': 562, 'eps': 3e-06}
03/25/2026 23:09:34 - INFO - src.trainer -   {'loss': 1.7195066213607788, 'learning_rate': 1e-06, 'global_step': 3910, 'zo_forward_step': 7822, 'max_steps': 20000, 'max_zo_forward_steps': 0, 'time': 563, 'eps': 3e-06}
03/25/2026 23:09:35 - INFO - src.trainer -   {'loss': 1.1136486530303955, 'learning_rate': 1e-06, 'global_step': 3920, 'zo_forward_step': 7842, 'max_steps': 20000, 'max_zo_forward_steps': 0, 'time': 565, 'eps': 3e-06}
03/25/2026 23:09:36 - INFO - src.trainer -   {'loss': 1.6559162139892578, 'learning_rate': 1e-06, 'global_step': 3930, 'zo_forward_step': 7862, 'max_steps': 20000, 'max_zo_forward_steps': 0, 'time': 566, 'eps': 3e-06}
03/25/2026 23:09:37 - INFO - src.trainer -   {'loss': 1.7104514837265015, 'learning_rate': 1e-06, 'global_step': 3940, 'zo_forward_step': 7882, 'max_steps': 20000, 'max_zo_forward_steps': 0, 'time': 567, 'eps': 3e-06}
03/25/2026 23:09:38 - INFO - src.trainer -   {'loss': 1.1074163913726807, 'learning_rate': 1e-06, 'global_step': 3950, 'zo_forward_step': 7902, 'max_steps': 20000, 'max_zo_forward_steps': 0, 'time': 568, 'eps': 3e-06}
03/25/2026 23:09:40 - INFO - src.trainer -   {'loss': 1.6717194318771362, 'learning_rate': 1e-06, 'global_step': 3960, 'zo_forward_step': 7922, 'max_steps': 20000, 'max_zo_forward_steps': 0, 'time': 569, 'eps': 3e-06}
03/25/2026 23:09:41 - INFO - src.trainer -   {'loss': 1.6773779392242432, 'learning_rate': 1e-06, 'global_step': 3970, 'zo_forward_step': 7942, 'max_steps': 20000, 'max_zo_forward_steps': 0, 'time': 570, 'eps': 3e-06}
03/25/2026 23:09:42 - INFO - src.trainer -   {'loss': 1.1172910928726196, 'learning_rate': 1e-06, 'global_step': 3980, 'zo_forward_step': 7962, 'max_steps': 20000, 'max_zo_forward_steps': 0, 'time': 572, 'eps': 3e-06}
03/25/2026 23:09:44 - INFO - src.trainer -   {'loss': 1.6737128496170044, 'learning_rate': 1e-06, 'global_step': 3990, 'zo_forward_step': 7982, 'max_steps': 20000, 'max_zo_forward_steps': 0, 'time': 574, 'eps': 3e-06}
381it [09:12,  1.65s/it]392it [09:12,  1.12s/it]03/25/2026 23:09:46 - INFO - src.trainer -   {'eval_loss': 1.6193110942840576, 'eval_acc': 0.2125}
03/25/2026 23:09:49 - INFO - src.trainer -   [zo_probe] step=4000 eps=3.000e-06 precision=fp32 n=16 mae=4.026943e-02 rmse=5.033593e-02 sign_acc=1.0000 corr=1.000000
03/25/2026 23:09:49 - INFO - src.trainer -   {'loss': 1.6804143190383911, 'learning_rate': 1e-06, 'global_step': 4000, 'zo_forward_step': 8002, 'max_steps': 20000, 'max_zo_forward_steps': 0, 'time': 578, 'eps': 3e-06}
03/25/2026 23:09:50 - INFO - src.trainer -   {'loss': 1.1190813779830933, 'learning_rate': 1e-06, 'global_step': 4010, 'zo_forward_step': 8022, 'max_steps': 20000, 'max_zo_forward_steps': 0, 'time': 579, 'eps': 3e-06}
03/25/2026 23:09:51 - INFO - src.trainer -   {'loss': 1.6722769737243652, 'learning_rate': 1e-06, 'global_step': 4020, 'zo_forward_step': 8042, 'max_steps': 20000, 'max_zo_forward_steps': 0, 'time': 581, 'eps': 3e-06}
03/25/2026 23:09:52 - INFO - src.trainer -   {'loss': 1.6844905614852905, 'learning_rate': 1e-06, 'global_step': 4030, 'zo_forward_step': 8062, 'max_steps': 20000, 'max_zo_forward_steps': 0, 'time': 582, 'eps': 3e-06}
03/25/2026 23:09:53 - INFO - src.trainer -   {'loss': 1.1141738891601562, 'learning_rate': 1e-06, 'global_step': 4040, 'zo_forward_step': 8082, 'max_steps': 20000, 'max_zo_forward_steps': 0, 'time': 583, 'eps': 3e-06}
03/25/2026 23:09:56 - INFO - src.trainer -   {'loss': 1.6681101322174072, 'learning_rate': 1e-06, 'global_step': 4050, 'zo_forward_step': 8102, 'max_steps': 20000, 'max_zo_forward_steps': 0, 'time': 586, 'eps': 3e-06}
03/25/2026 23:09:57 - INFO - src.trainer -   {'loss': 1.6544793844223022, 'learning_rate': 1e-06, 'global_step': 4060, 'zo_forward_step': 8122, 'max_steps': 20000, 'max_zo_forward_steps': 0, 'time': 587, 'eps': 3e-06}
03/25/2026 23:09:59 - INFO - src.trainer -   {'loss': 1.1525471210479736, 'learning_rate': 1e-06, 'global_step': 4070, 'zo_forward_step': 8142, 'max_steps': 20000, 'max_zo_forward_steps': 0, 'time': 588, 'eps': 3e-06}
03/25/2026 23:10:00 - INFO - src.trainer -   {'loss': 1.651471495628357, 'learning_rate': 1e-06, 'global_step': 4080, 'zo_forward_step': 8162, 'max_steps': 20000, 'max_zo_forward_steps': 0, 'time': 589, 'eps': 3e-06}
400it [09:27,  1.12s/it]03/25/2026 23:10:01 - INFO - src.trainer -   {'loss': 1.6585679054260254, 'learning_rate': 1e-06, 'global_step': 4090, 'zo_forward_step': 8182, 'max_steps': 20000, 'max_zo_forward_steps': 0, 'time': 590, 'eps': 3e-06}
03/25/2026 23:10:02 - INFO - src.trainer -   {'loss': 1.148586630821228, 'learning_rate': 1e-06, 'global_step': 4100, 'zo_forward_step': 8202, 'max_steps': 20000, 'max_zo_forward_steps': 0, 'time': 592, 'eps': 3e-06}
03/25/2026 23:10:03 - INFO - src.trainer -   {'loss': 1.6549036502838135, 'learning_rate': 1e-06, 'global_step': 4110, 'zo_forward_step': 8222, 'max_steps': 20000, 'max_zo_forward_steps': 0, 'time': 593, 'eps': 3e-06}
03/25/2026 23:10:04 - INFO - src.trainer -   {'loss': 1.6645358800888062, 'learning_rate': 1e-06, 'global_step': 4120, 'zo_forward_step': 8242, 'max_steps': 20000, 'max_zo_forward_steps': 0, 'time': 594, 'eps': 3e-06}
03/25/2026 23:10:05 - INFO - src.trainer -   {'loss': 1.1309391260147095, 'learning_rate': 1e-06, 'global_step': 4130, 'zo_forward_step': 8262, 'max_steps': 20000, 'max_zo_forward_steps': 0, 'time': 595, 'eps': 3e-06}
03/25/2026 23:10:07 - INFO - src.trainer -   {'loss': 1.6833117008209229, 'learning_rate': 1e-06, 'global_step': 4140, 'zo_forward_step': 8282, 'max_steps': 20000, 'max_zo_forward_steps': 0, 'time': 596, 'eps': 3e-06}
03/25/2026 23:10:08 - INFO - src.trainer -   {'loss': 1.6449968814849854, 'learning_rate': 1e-06, 'global_step': 4150, 'zo_forward_step': 8302, 'max_steps': 20000, 'max_zo_forward_steps': 0, 'time': 597, 'eps': 3e-06}
03/25/2026 23:10:09 - INFO - src.trainer -   {'loss': 1.1325080394744873, 'learning_rate': 1e-06, 'global_step': 4160, 'zo_forward_step': 8322, 'max_steps': 20000, 'max_zo_forward_steps': 0, 'time': 598, 'eps': 3e-06}
03/25/2026 23:10:10 - INFO - src.trainer -   {'loss': 1.6889171600341797, 'learning_rate': 1e-06, 'global_step': 4170, 'zo_forward_step': 8342, 'max_steps': 20000, 'max_zo_forward_steps': 0, 'time': 600, 'eps': 3e-06}
03/25/2026 23:10:11 - INFO - src.trainer -   {'loss': 1.634625792503357, 'learning_rate': 1e-06, 'global_step': 4180, 'zo_forward_step': 8362, 'max_steps': 20000, 'max_zo_forward_steps': 0, 'time': 601, 'eps': 3e-06}
03/25/2026 23:10:12 - INFO - src.trainer -   {'loss': 1.1383693218231201, 'learning_rate': 1e-06, 'global_step': 4190, 'zo_forward_step': 8382, 'max_steps': 20000, 'max_zo_forward_steps': 0, 'time': 602, 'eps': 3e-06}
401it [09:39,  1.66s/it]412it [09:40,  1.12s/it]03/25/2026 23:10:13 - INFO - src.trainer -   {'eval_loss': 1.6138871908187866, 'eval_acc': 0.2125}
03/25/2026 23:10:16 - INFO - src.trainer -   [zo_probe] step=4200 eps=3.000e-06 precision=fp32 n=16 mae=5.029214e-02 rmse=5.959566e-02 sign_acc=1.0000 corr=0.999999
03/25/2026 23:10:16 - INFO - src.trainer -   {'loss': 1.7105462551116943, 'learning_rate': 1e-06, 'global_step': 4200, 'zo_forward_step': 8402, 'max_steps': 20000, 'max_zo_forward_steps': 0, 'time': 606, 'eps': 3e-06}
03/25/2026 23:10:18 - INFO - src.trainer -   {'loss': 1.6262174844741821, 'learning_rate': 1e-06, 'global_step': 4210, 'zo_forward_step': 8422, 'max_steps': 20000, 'max_zo_forward_steps': 0, 'time': 607, 'eps': 3e-06}
03/25/2026 23:10:19 - INFO - src.trainer -   {'loss': 1.1326658725738525, 'learning_rate': 1e-06, 'global_step': 4220, 'zo_forward_step': 8442, 'max_steps': 20000, 'max_zo_forward_steps': 0, 'time': 608, 'eps': 3e-06}
03/25/2026 23:10:20 - INFO - src.trainer -   {'loss': 1.71628737449646, 'learning_rate': 1e-06, 'global_step': 4230, 'zo_forward_step': 8462, 'max_steps': 20000, 'max_zo_forward_steps': 0, 'time': 610, 'eps': 3e-06}
03/25/2026 23:10:21 - INFO - src.trainer -   {'loss': 1.6194953918457031, 'learning_rate': 1e-06, 'global_step': 4240, 'zo_forward_step': 8482, 'max_steps': 20000, 'max_zo_forward_steps': 0, 'time': 611, 'eps': 3e-06}
03/25/2026 23:10:22 - INFO - src.trainer -   {'loss': 1.1229737997055054, 'learning_rate': 1e-06, 'global_step': 4250, 'zo_forward_step': 8502, 'max_steps': 20000, 'max_zo_forward_steps': 0, 'time': 612, 'eps': 3e-06}
03/25/2026 23:10:23 - INFO - src.trainer -   {'loss': 1.7212345600128174, 'learning_rate': 1e-06, 'global_step': 4260, 'zo_forward_step': 8522, 'max_steps': 20000, 'max_zo_forward_steps': 0, 'time': 613, 'eps': 3e-06}
03/25/2026 23:10:24 - INFO - src.trainer -   {'loss': 1.6211740970611572, 'learning_rate': 1e-06, 'global_step': 4270, 'zo_forward_step': 8542, 'max_steps': 20000, 'max_zo_forward_steps': 0, 'time': 614, 'eps': 3e-06}
03/25/2026 23:10:26 - INFO - src.trainer -   {'loss': 1.112208366394043, 'learning_rate': 1e-06, 'global_step': 4280, 'zo_forward_step': 8562, 'max_steps': 20000, 'max_zo_forward_steps': 0, 'time': 615, 'eps': 3e-06}
03/25/2026 23:10:27 - INFO - src.trainer -   {'loss': 1.7168229818344116, 'learning_rate': 1e-06, 'global_step': 4290, 'zo_forward_step': 8582, 'max_steps': 20000, 'max_zo_forward_steps': 0, 'time': 616, 'eps': 3e-06}
03/25/2026 23:10:28 - INFO - src.trainer -   {'loss': 1.6292333602905273, 'learning_rate': 1e-06, 'global_step': 4300, 'zo_forward_step': 8602, 'max_steps': 20000, 'max_zo_forward_steps': 0, 'time': 617, 'eps': 3e-06}
03/25/2026 23:10:29 - INFO - src.trainer -   {'loss': 1.1105295419692993, 'learning_rate': 1e-06, 'global_step': 4310, 'zo_forward_step': 8622, 'max_steps': 20000, 'max_zo_forward_steps': 0, 'time': 619, 'eps': 3e-06}
03/25/2026 23:10:30 - INFO - src.trainer -   {'loss': 1.722036361694336, 'learning_rate': 1e-06, 'global_step': 4320, 'zo_forward_step': 8642, 'max_steps': 20000, 'max_zo_forward_steps': 0, 'time': 620, 'eps': 3e-06}
420it [09:57,  1.12s/it]03/25/2026 23:10:31 - INFO - src.trainer -   {'loss': 1.6198490858078003, 'learning_rate': 1e-06, 'global_step': 4330, 'zo_forward_step': 8662, 'max_steps': 20000, 'max_zo_forward_steps': 0, 'time': 621, 'eps': 3e-06}
03/25/2026 23:10:32 - INFO - src.trainer -   {'loss': 1.1083179712295532, 'learning_rate': 1e-06, 'global_step': 4340, 'zo_forward_step': 8682, 'max_steps': 20000, 'max_zo_forward_steps': 0, 'time': 622, 'eps': 3e-06}
03/25/2026 23:10:33 - INFO - src.trainer -   {'loss': 1.7217917442321777, 'learning_rate': 1e-06, 'global_step': 4350, 'zo_forward_step': 8702, 'max_steps': 20000, 'max_zo_forward_steps': 0, 'time': 623, 'eps': 3e-06}
03/25/2026 23:10:35 - INFO - src.trainer -   {'loss': 1.6283758878707886, 'learning_rate': 1e-06, 'global_step': 4360, 'zo_forward_step': 8722, 'max_steps': 20000, 'max_zo_forward_steps': 0, 'time': 624, 'eps': 3e-06}
03/25/2026 23:10:36 - INFO - src.trainer -   {'loss': 1.0765252113342285, 'learning_rate': 1e-06, 'global_step': 4370, 'zo_forward_step': 8742, 'max_steps': 20000, 'max_zo_forward_steps': 0, 'time': 625, 'eps': 3e-06}
03/25/2026 23:10:37 - INFO - src.trainer -   {'loss': 1.7182338237762451, 'learning_rate': 1e-06, 'global_step': 4380, 'zo_forward_step': 8762, 'max_steps': 20000, 'max_zo_forward_steps': 0, 'time': 627, 'eps': 3e-06}
03/25/2026 23:10:38 - INFO - src.trainer -   {'loss': 1.6571552753448486, 'learning_rate': 1e-06, 'global_step': 4390, 'zo_forward_step': 8782, 'max_steps': 20000, 'max_zo_forward_steps': 0, 'time': 628, 'eps': 3e-06}
421it [10:05,  1.60s/it]432it [10:05,  1.08s/it]03/25/2026 23:10:39 - INFO - src.trainer -   {'eval_loss': 1.6175578832626343, 'eval_acc': 0.2125}
03/25/2026 23:10:41 - INFO - src.trainer -   [zo_probe] step=4400 eps=3.000e-06 precision=fp32 n=16 mae=2.632422e-02 rmse=3.087917e-02 sign_acc=1.0000 corr=1.000000
03/25/2026 23:10:41 - INFO - src.trainer -   {'loss': 1.0757392644882202, 'learning_rate': 1e-06, 'global_step': 4400, 'zo_forward_step': 8802, 'max_steps': 20000, 'max_zo_forward_steps': 0, 'time': 631, 'eps': 3e-06}
03/25/2026 23:10:43 - INFO - src.trainer -   {'loss': 1.7245391607284546, 'learning_rate': 1e-06, 'global_step': 4410, 'zo_forward_step': 8822, 'max_steps': 20000, 'max_zo_forward_steps': 0, 'time': 632, 'eps': 3e-06}
03/25/2026 23:10:44 - INFO - src.trainer -   {'loss': 1.6470764875411987, 'learning_rate': 1e-06, 'global_step': 4420, 'zo_forward_step': 8842, 'max_steps': 20000, 'max_zo_forward_steps': 0, 'time': 633, 'eps': 3e-06}
03/25/2026 23:10:45 - INFO - src.trainer -   {'loss': 1.0748686790466309, 'learning_rate': 1e-06, 'global_step': 4430, 'zo_forward_step': 8862, 'max_steps': 20000, 'max_zo_forward_steps': 0, 'time': 634, 'eps': 3e-06}
03/25/2026 23:10:46 - INFO - src.trainer -   {'loss': 1.735051155090332, 'learning_rate': 1e-06, 'global_step': 4440, 'zo_forward_step': 8882, 'max_steps': 20000, 'max_zo_forward_steps': 0, 'time': 636, 'eps': 3e-06}
03/25/2026 23:10:47 - INFO - src.trainer -   {'loss': 1.6561285257339478, 'learning_rate': 1e-06, 'global_step': 4450, 'zo_forward_step': 8902, 'max_steps': 20000, 'max_zo_forward_steps': 0, 'time': 637, 'eps': 3e-06}
03/25/2026 23:10:48 - INFO - src.trainer -   {'loss': 1.0568132400512695, 'learning_rate': 1e-06, 'global_step': 4460, 'zo_forward_step': 8922, 'max_steps': 20000, 'max_zo_forward_steps': 0, 'time': 638, 'eps': 3e-06}
03/25/2026 23:10:49 - INFO - src.trainer -   {'loss': 1.7356152534484863, 'learning_rate': 1e-06, 'global_step': 4470, 'zo_forward_step': 8942, 'max_steps': 20000, 'max_zo_forward_steps': 0, 'time': 639, 'eps': 3e-06}
440it [10:17,  1.08s/it]03/25/2026 23:10:51 - INFO - src.trainer -   {'loss': 1.6486433744430542, 'learning_rate': 1e-06, 'global_step': 4480, 'zo_forward_step': 8962, 'max_steps': 20000, 'max_zo_forward_steps': 0, 'time': 641, 'eps': 3e-06}
03/25/2026 23:10:53 - INFO - src.trainer -   {'loss': 1.0775142908096313, 'learning_rate': 1e-06, 'global_step': 4490, 'zo_forward_step': 8982, 'max_steps': 20000, 'max_zo_forward_steps': 0, 'time': 642, 'eps': 3e-06}
03/25/2026 23:10:54 - INFO - src.trainer -   {'loss': 1.7404152154922485, 'learning_rate': 1e-06, 'global_step': 4500, 'zo_forward_step': 9002, 'max_steps': 20000, 'max_zo_forward_steps': 0, 'time': 643, 'eps': 3e-06}
03/25/2026 23:10:55 - INFO - src.trainer -   {'loss': 1.6427265405654907, 'learning_rate': 1e-06, 'global_step': 4510, 'zo_forward_step': 9022, 'max_steps': 20000, 'max_zo_forward_steps': 0, 'time': 645, 'eps': 3e-06}
03/25/2026 23:10:56 - INFO - src.trainer -   {'loss': 1.0720301866531372, 'learning_rate': 1e-06, 'global_step': 4520, 'zo_forward_step': 9042, 'max_steps': 20000, 'max_zo_forward_steps': 0, 'time': 646, 'eps': 3e-06}
03/25/2026 23:10:57 - INFO - src.trainer -   {'loss': 1.7431366443634033, 'learning_rate': 1e-06, 'global_step': 4530, 'zo_forward_step': 9062, 'max_steps': 20000, 'max_zo_forward_steps': 0, 'time': 647, 'eps': 3e-06}
03/25/2026 23:10:58 - INFO - src.trainer -   {'loss': 1.640745759010315, 'learning_rate': 1e-06, 'global_step': 4540, 'zo_forward_step': 9082, 'max_steps': 20000, 'max_zo_forward_steps': 0, 'time': 648, 'eps': 3e-06}
03/25/2026 23:11:00 - INFO - src.trainer -   {'loss': 1.0859742164611816, 'learning_rate': 1e-06, 'global_step': 4550, 'zo_forward_step': 9102, 'max_steps': 20000, 'max_zo_forward_steps': 0, 'time': 649, 'eps': 3e-06}
03/25/2026 23:11:01 - INFO - src.trainer -   {'loss': 1.7282133102416992, 'learning_rate': 1e-06, 'global_step': 4560, 'zo_forward_step': 9122, 'max_steps': 20000, 'max_zo_forward_steps': 0, 'time': 650, 'eps': 3e-06}
03/25/2026 23:11:02 - INFO - src.trainer -   {'loss': 1.641634464263916, 'learning_rate': 1e-06, 'global_step': 4570, 'zo_forward_step': 9142, 'max_steps': 20000, 'max_zo_forward_steps': 0, 'time': 652, 'eps': 3e-06}
03/25/2026 23:11:03 - INFO - src.trainer -   {'loss': 1.0923399925231934, 'learning_rate': 1e-06, 'global_step': 4580, 'zo_forward_step': 9162, 'max_steps': 20000, 'max_zo_forward_steps': 0, 'time': 653, 'eps': 3e-06}
03/25/2026 23:11:04 - INFO - src.trainer -   {'loss': 1.7185956239700317, 'learning_rate': 1e-06, 'global_step': 4590, 'zo_forward_step': 9182, 'max_steps': 20000, 'max_zo_forward_steps': 0, 'time': 654, 'eps': 3e-06}
441it [10:32,  1.60s/it]452it [10:32,  1.08s/it]03/25/2026 23:11:06 - INFO - src.trainer -   {'eval_loss': 1.6115796566009521, 'eval_acc': 0.2125}
03/25/2026 23:11:09 - INFO - src.trainer -   [zo_probe] step=4600 eps=3.000e-06 precision=fp32 n=16 mae=4.651969e-02 rmse=5.702419e-02 sign_acc=1.0000 corr=0.999998
03/25/2026 23:11:09 - INFO - src.trainer -   {'loss': 1.6503596305847168, 'learning_rate': 1e-06, 'global_step': 4600, 'zo_forward_step': 9202, 'max_steps': 20000, 'max_zo_forward_steps': 0, 'time': 659, 'eps': 3e-06}
03/25/2026 23:11:10 - INFO - src.trainer -   {'loss': 1.0789965391159058, 'learning_rate': 1e-06, 'global_step': 4610, 'zo_forward_step': 9222, 'max_steps': 20000, 'max_zo_forward_steps': 0, 'time': 660, 'eps': 3e-06}
03/25/2026 23:11:12 - INFO - src.trainer -   {'loss': 1.7237749099731445, 'learning_rate': 1e-06, 'global_step': 4620, 'zo_forward_step': 9242, 'max_steps': 20000, 'max_zo_forward_steps': 0, 'time': 661, 'eps': 3e-06}
03/25/2026 23:11:13 - INFO - src.trainer -   {'loss': 1.6366087198257446, 'learning_rate': 1e-06, 'global_step': 4630, 'zo_forward_step': 9262, 'max_steps': 20000, 'max_zo_forward_steps': 0, 'time': 662, 'eps': 3e-06}
03/25/2026 23:11:15 - INFO - src.trainer -   {'loss': 1.0729237794876099, 'learning_rate': 1e-06, 'global_step': 4640, 'zo_forward_step': 9282, 'max_steps': 20000, 'max_zo_forward_steps': 0, 'time': 665, 'eps': 3e-06}
03/25/2026 23:11:17 - INFO - src.trainer -   {'loss': 1.728723168373108, 'learning_rate': 1e-06, 'global_step': 4650, 'zo_forward_step': 9302, 'max_steps': 20000, 'max_zo_forward_steps': 0, 'time': 667, 'eps': 3e-06}
03/25/2026 23:11:19 - INFO - src.trainer -   {'loss': 1.6409536600112915, 'learning_rate': 1e-06, 'global_step': 4660, 'zo_forward_step': 9322, 'max_steps': 20000, 'max_zo_forward_steps': 0, 'time': 669, 'eps': 3e-06}
460it [10:47,  1.08s/it]03/25/2026 23:11:21 - INFO - src.trainer -   {'loss': 1.0583722591400146, 'learning_rate': 1e-06, 'global_step': 4670, 'zo_forward_step': 9342, 'max_steps': 20000, 'max_zo_forward_steps': 0, 'time': 670, 'eps': 3e-06}
03/25/2026 23:11:23 - INFO - src.trainer -   {'loss': 1.7305841445922852, 'learning_rate': 1e-06, 'global_step': 4680, 'zo_forward_step': 9362, 'max_steps': 20000, 'max_zo_forward_steps': 0, 'time': 672, 'eps': 3e-06}
03/25/2026 23:11:24 - INFO - src.trainer -   {'loss': 1.6353256702423096, 'learning_rate': 1e-06, 'global_step': 4690, 'zo_forward_step': 9382, 'max_steps': 20000, 'max_zo_forward_steps': 0, 'time': 673, 'eps': 3e-06}
03/25/2026 23:11:25 - INFO - src.trainer -   {'loss': 1.0540817975997925, 'learning_rate': 1e-06, 'global_step': 4700, 'zo_forward_step': 9402, 'max_steps': 20000, 'max_zo_forward_steps': 0, 'time': 675, 'eps': 3e-06}
03/25/2026 23:11:26 - INFO - src.trainer -   {'loss': 1.7234601974487305, 'learning_rate': 1e-06, 'global_step': 4710, 'zo_forward_step': 9422, 'max_steps': 20000, 'max_zo_forward_steps': 0, 'time': 676, 'eps': 3e-06}
03/25/2026 23:11:28 - INFO - src.trainer -   {'loss': 1.6536445617675781, 'learning_rate': 1e-06, 'global_step': 4720, 'zo_forward_step': 9442, 'max_steps': 20000, 'max_zo_forward_steps': 0, 'time': 678, 'eps': 3e-06}
03/25/2026 23:11:30 - INFO - src.trainer -   {'loss': 1.0517091751098633, 'learning_rate': 1e-06, 'global_step': 4730, 'zo_forward_step': 9462, 'max_steps': 20000, 'max_zo_forward_steps': 0, 'time': 679, 'eps': 3e-06}
03/25/2026 23:11:31 - INFO - src.trainer -   {'loss': 1.7204509973526, 'learning_rate': 1e-06, 'global_step': 4740, 'zo_forward_step': 9482, 'max_steps': 20000, 'max_zo_forward_steps': 0, 'time': 680, 'eps': 3e-06}
03/25/2026 23:11:32 - INFO - src.trainer -   {'loss': 1.646122694015503, 'learning_rate': 1e-06, 'global_step': 4750, 'zo_forward_step': 9502, 'max_steps': 20000, 'max_zo_forward_steps': 0, 'time': 681, 'eps': 3e-06}
03/25/2026 23:11:34 - INFO - src.trainer -   {'loss': 1.0483852624893188, 'learning_rate': 1e-06, 'global_step': 4760, 'zo_forward_step': 9522, 'max_steps': 20000, 'max_zo_forward_steps': 0, 'time': 683, 'eps': 3e-06}
03/25/2026 23:11:35 - INFO - src.trainer -   {'loss': 1.7086102962493896, 'learning_rate': 1e-06, 'global_step': 4770, 'zo_forward_step': 9542, 'max_steps': 20000, 'max_zo_forward_steps': 0, 'time': 684, 'eps': 3e-06}
03/25/2026 23:11:36 - INFO - src.trainer -   {'loss': 1.6459243297576904, 'learning_rate': 1e-06, 'global_step': 4780, 'zo_forward_step': 9562, 'max_steps': 20000, 'max_zo_forward_steps': 0, 'time': 685, 'eps': 3e-06}
03/25/2026 23:11:37 - INFO - src.trainer -   {'loss': 1.0643832683563232, 'learning_rate': 1e-06, 'global_step': 4790, 'zo_forward_step': 9582, 'max_steps': 20000, 'max_zo_forward_steps': 0, 'time': 687, 'eps': 3e-06}
461it [11:04,  1.77s/it]472it [11:04,  1.20s/it]03/25/2026 23:11:38 - INFO - src.trainer -   {'eval_loss': 1.6090028285980225, 'eval_acc': 0.2125}
03/25/2026 23:11:41 - INFO - src.trainer -   [zo_probe] step=4800 eps=3.000e-06 precision=fp32 n=16 mae=3.426202e-02 rmse=4.069143e-02 sign_acc=1.0000 corr=0.999999
03/25/2026 23:11:41 - INFO - src.trainer -   {'loss': 1.7116148471832275, 'learning_rate': 1e-06, 'global_step': 4800, 'zo_forward_step': 9602, 'max_steps': 20000, 'max_zo_forward_steps': 0, 'time': 691, 'eps': 3e-06}
03/25/2026 23:11:43 - INFO - src.trainer -   {'loss': 1.633853554725647, 'learning_rate': 1e-06, 'global_step': 4810, 'zo_forward_step': 9622, 'max_steps': 20000, 'max_zo_forward_steps': 0, 'time': 692, 'eps': 3e-06}
03/25/2026 23:11:44 - INFO - src.trainer -   {'loss': 1.0655627250671387, 'learning_rate': 1e-06, 'global_step': 4820, 'zo_forward_step': 9642, 'max_steps': 20000, 'max_zo_forward_steps': 0, 'time': 694, 'eps': 3e-06}
03/25/2026 23:11:45 - INFO - src.trainer -   {'loss': 1.71302330493927, 'learning_rate': 1e-06, 'global_step': 4830, 'zo_forward_step': 9662, 'max_steps': 20000, 'max_zo_forward_steps': 0, 'time': 695, 'eps': 3e-06}
03/25/2026 23:11:46 - INFO - src.trainer -   {'loss': 1.6311768293380737, 'learning_rate': 1e-06, 'global_step': 4840, 'zo_forward_step': 9682, 'max_steps': 20000, 'max_zo_forward_steps': 0, 'time': 696, 'eps': 3e-06}
03/25/2026 23:11:47 - INFO - src.trainer -   {'loss': 1.0705281496047974, 'learning_rate': 1e-06, 'global_step': 4850, 'zo_forward_step': 9702, 'max_steps': 20000, 'max_zo_forward_steps': 0, 'time': 697, 'eps': 3e-06}
03/25/2026 23:11:48 - INFO - src.trainer -   {'loss': 1.7077598571777344, 'learning_rate': 1e-06, 'global_step': 4860, 'zo_forward_step': 9722, 'max_steps': 20000, 'max_zo_forward_steps': 0, 'time': 698, 'eps': 3e-06}
03/25/2026 23:11:50 - INFO - src.trainer -   {'loss': 1.6133551597595215, 'learning_rate': 1e-06, 'global_step': 4870, 'zo_forward_step': 9742, 'max_steps': 20000, 'max_zo_forward_steps': 0, 'time': 700, 'eps': 3e-06}
480it [11:17,  1.20s/it]03/25/2026 23:11:52 - INFO - src.trainer -   {'loss': 1.073127269744873, 'learning_rate': 1e-06, 'global_step': 4880, 'zo_forward_step': 9762, 'max_steps': 20000, 'max_zo_forward_steps': 0, 'time': 701, 'eps': 3e-06}
03/25/2026 23:11:53 - INFO - src.trainer -   {'loss': 1.7075551748275757, 'learning_rate': 1e-06, 'global_step': 4890, 'zo_forward_step': 9782, 'max_steps': 20000, 'max_zo_forward_steps': 0, 'time': 702, 'eps': 3e-06}
03/25/2026 23:11:54 - INFO - src.trainer -   {'loss': 1.6184329986572266, 'learning_rate': 1e-06, 'global_step': 4900, 'zo_forward_step': 9802, 'max_steps': 20000, 'max_zo_forward_steps': 0, 'time': 704, 'eps': 3e-06}
03/25/2026 23:11:55 - INFO - src.trainer -   {'loss': 1.0671111345291138, 'learning_rate': 1e-06, 'global_step': 4910, 'zo_forward_step': 9822, 'max_steps': 20000, 'max_zo_forward_steps': 0, 'time': 705, 'eps': 3e-06}
03/25/2026 23:11:57 - INFO - src.trainer -   {'loss': 1.7016924619674683, 'learning_rate': 1e-06, 'global_step': 4920, 'zo_forward_step': 9842, 'max_steps': 20000, 'max_zo_forward_steps': 0, 'time': 706, 'eps': 3e-06}
03/25/2026 23:11:58 - INFO - src.trainer -   {'loss': 1.6302037239074707, 'learning_rate': 1e-06, 'global_step': 4930, 'zo_forward_step': 9862, 'max_steps': 20000, 'max_zo_forward_steps': 0, 'time': 707, 'eps': 3e-06}
03/25/2026 23:11:59 - INFO - src.trainer -   {'loss': 1.0624971389770508, 'learning_rate': 1e-06, 'global_step': 4940, 'zo_forward_step': 9882, 'max_steps': 20000, 'max_zo_forward_steps': 0, 'time': 709, 'eps': 3e-06}
03/25/2026 23:12:00 - INFO - src.trainer -   {'loss': 1.6993608474731445, 'learning_rate': 1e-06, 'global_step': 4950, 'zo_forward_step': 9902, 'max_steps': 20000, 'max_zo_forward_steps': 0, 'time': 710, 'eps': 3e-06}
03/25/2026 23:12:02 - INFO - src.trainer -   {'loss': 1.6413720846176147, 'learning_rate': 1e-06, 'global_step': 4960, 'zo_forward_step': 9922, 'max_steps': 20000, 'max_zo_forward_steps': 0, 'time': 711, 'eps': 3e-06}
03/25/2026 23:12:03 - INFO - src.trainer -   {'loss': 1.0555146932601929, 'learning_rate': 1e-06, 'global_step': 4970, 'zo_forward_step': 9942, 'max_steps': 20000, 'max_zo_forward_steps': 0, 'time': 713, 'eps': 3e-06}
03/25/2026 23:12:05 - INFO - src.trainer -   {'loss': 1.6876682043075562, 'learning_rate': 1e-06, 'global_step': 4980, 'zo_forward_step': 9962, 'max_steps': 20000, 'max_zo_forward_steps': 0, 'time': 714, 'eps': 3e-06}
03/25/2026 23:12:06 - INFO - src.trainer -   {'loss': 1.64322030544281, 'learning_rate': 1e-06, 'global_step': 4990, 'zo_forward_step': 9982, 'max_steps': 20000, 'max_zo_forward_steps': 0, 'time': 715, 'eps': 3e-06}
481it [11:33,  1.75s/it]492it [11:33,  1.18s/it]03/25/2026 23:12:07 - INFO - src.trainer -   {'eval_loss': 1.6028505563735962, 'eval_acc': 0.2125}
03/25/2026 23:12:09 - INFO - src.trainer -   [zo_probe] step=5000 eps=3.000e-06 precision=fp32 n=16 mae=4.600124e-02 rmse=5.836210e-02 sign_acc=1.0000 corr=0.999999
03/25/2026 23:12:09 - INFO - src.trainer -   {'loss': 1.0702401399612427, 'learning_rate': 1e-06, 'global_step': 5000, 'zo_forward_step': 10002, 'max_steps': 20000, 'max_zo_forward_steps': 0, 'time': 719, 'eps': 3e-06}
03/25/2026 23:12:10 - INFO - src.trainer -   {'loss': 1.6766743659973145, 'learning_rate': 1e-06, 'global_step': 5010, 'zo_forward_step': 10022, 'max_steps': 20000, 'max_zo_forward_steps': 0, 'time': 720, 'eps': 3e-06}
03/25/2026 23:12:11 - INFO - src.trainer -   {'loss': 1.64263916015625, 'learning_rate': 1e-06, 'global_step': 5020, 'zo_forward_step': 10042, 'max_steps': 20000, 'max_zo_forward_steps': 0, 'time': 721, 'eps': 3e-06}
03/25/2026 23:12:13 - INFO - src.trainer -   {'loss': 1.0613172054290771, 'learning_rate': 1e-06, 'global_step': 5030, 'zo_forward_step': 10062, 'max_steps': 20000, 'max_zo_forward_steps': 0, 'time': 723, 'eps': 3e-06}
03/25/2026 23:12:14 - INFO - src.trainer -   {'loss': 1.680192470550537, 'learning_rate': 1e-06, 'global_step': 5040, 'zo_forward_step': 10082, 'max_steps': 20000, 'max_zo_forward_steps': 0, 'time': 724, 'eps': 3e-06}
03/25/2026 23:12:15 - INFO - src.trainer -   {'loss': 1.639074444770813, 'learning_rate': 1e-06, 'global_step': 5050, 'zo_forward_step': 10102, 'max_steps': 20000, 'max_zo_forward_steps': 0, 'time': 725, 'eps': 3e-06}
03/25/2026 23:12:17 - INFO - src.trainer -   {'loss': 1.0636996030807495, 'learning_rate': 1e-06, 'global_step': 5060, 'zo_forward_step': 10122, 'max_steps': 20000, 'max_zo_forward_steps': 0, 'time': 726, 'eps': 3e-06}
03/25/2026 23:12:18 - INFO - src.trainer -   {'loss': 1.684428334236145, 'learning_rate': 1e-06, 'global_step': 5070, 'zo_forward_step': 10142, 'max_steps': 20000, 'max_zo_forward_steps': 0, 'time': 727, 'eps': 3e-06}
03/25/2026 23:12:19 - INFO - src.trainer -   {'loss': 1.647447109222412, 'learning_rate': 1e-06, 'global_step': 5080, 'zo_forward_step': 10162, 'max_steps': 20000, 'max_zo_forward_steps': 0, 'time': 729, 'eps': 3e-06}
03/25/2026 23:12:20 - INFO - src.trainer -   {'loss': 1.0664156675338745, 'learning_rate': 1e-06, 'global_step': 5090, 'zo_forward_step': 10182, 'max_steps': 20000, 'max_zo_forward_steps': 0, 'time': 730, 'eps': 3e-06}
500it [11:47,  1.18s/it]03/25/2026 23:12:22 - INFO - src.trainer -   {'loss': 1.6925102472305298, 'learning_rate': 1e-06, 'global_step': 5100, 'zo_forward_step': 10202, 'max_steps': 20000, 'max_zo_forward_steps': 0, 'time': 732, 'eps': 3e-06}
03/25/2026 23:12:23 - INFO - src.trainer -   {'loss': 1.627170205116272, 'learning_rate': 1e-06, 'global_step': 5110, 'zo_forward_step': 10222, 'max_steps': 20000, 'max_zo_forward_steps': 0, 'time': 733, 'eps': 3e-06}
03/25/2026 23:12:25 - INFO - src.trainer -   {'loss': 1.059389352798462, 'learning_rate': 1e-06, 'global_step': 5120, 'zo_forward_step': 10242, 'max_steps': 20000, 'max_zo_forward_steps': 0, 'time': 734, 'eps': 3e-06}
03/25/2026 23:12:26 - INFO - src.trainer -   {'loss': 1.6867949962615967, 'learning_rate': 1e-06, 'global_step': 5130, 'zo_forward_step': 10262, 'max_steps': 20000, 'max_zo_forward_steps': 0, 'time': 735, 'eps': 3e-06}
03/25/2026 23:12:27 - INFO - src.trainer -   {'loss': 1.621436595916748, 'learning_rate': 1e-06, 'global_step': 5140, 'zo_forward_step': 10282, 'max_steps': 20000, 'max_zo_forward_steps': 0, 'time': 737, 'eps': 3e-06}
03/25/2026 23:12:28 - INFO - src.trainer -   {'loss': 1.0713962316513062, 'learning_rate': 1e-06, 'global_step': 5150, 'zo_forward_step': 10302, 'max_steps': 20000, 'max_zo_forward_steps': 0, 'time': 738, 'eps': 3e-06}
03/25/2026 23:12:29 - INFO - src.trainer -   {'loss': 1.6916379928588867, 'learning_rate': 1e-06, 'global_step': 5160, 'zo_forward_step': 10322, 'max_steps': 20000, 'max_zo_forward_steps': 0, 'time': 739, 'eps': 3e-06}
03/25/2026 23:12:31 - INFO - src.trainer -   {'loss': 1.6250522136688232, 'learning_rate': 1e-06, 'global_step': 5170, 'zo_forward_step': 10342, 'max_steps': 20000, 'max_zo_forward_steps': 0, 'time': 740, 'eps': 3e-06}
03/25/2026 23:12:32 - INFO - src.trainer -   {'loss': 1.058822512626648, 'learning_rate': 1e-06, 'global_step': 5180, 'zo_forward_step': 10362, 'max_steps': 20000, 'max_zo_forward_steps': 0, 'time': 741, 'eps': 3e-06}
03/25/2026 23:12:33 - INFO - src.trainer -   {'loss': 1.6949024200439453, 'learning_rate': 1e-06, 'global_step': 5190, 'zo_forward_step': 10382, 'max_steps': 20000, 'max_zo_forward_steps': 0, 'time': 743, 'eps': 3e-06}
501it [12:00,  1.68s/it]512it [12:00,  1.14s/it]03/25/2026 23:12:34 - INFO - src.trainer -   {'eval_loss': 1.6036096811294556, 'eval_acc': 0.2125}
03/25/2026 23:12:37 - INFO - src.trainer -   [zo_probe] step=5200 eps=3.000e-06 precision=fp32 n=16 mae=2.309154e-02 rmse=3.005332e-02 sign_acc=1.0000 corr=1.000000
03/25/2026 23:12:37 - INFO - src.trainer -   {'loss': 1.625982403755188, 'learning_rate': 1e-06, 'global_step': 5200, 'zo_forward_step': 10402, 'max_steps': 20000, 'max_zo_forward_steps': 0, 'time': 747, 'eps': 3e-06}
03/25/2026 23:12:38 - INFO - src.trainer -   {'loss': 1.0505425930023193, 'learning_rate': 1e-06, 'global_step': 5210, 'zo_forward_step': 10422, 'max_steps': 20000, 'max_zo_forward_steps': 0, 'time': 748, 'eps': 3e-06}
03/25/2026 23:12:40 - INFO - src.trainer -   {'loss': 1.6864303350448608, 'learning_rate': 1e-06, 'global_step': 5220, 'zo_forward_step': 10442, 'max_steps': 20000, 'max_zo_forward_steps': 0, 'time': 749, 'eps': 3e-06}
03/25/2026 23:12:41 - INFO - src.trainer -   {'loss': 1.6363524198532104, 'learning_rate': 1e-06, 'global_step': 5230, 'zo_forward_step': 10462, 'max_steps': 20000, 'max_zo_forward_steps': 0, 'time': 751, 'eps': 3e-06}
03/25/2026 23:12:42 - INFO - src.trainer -   {'loss': 1.0337884426116943, 'learning_rate': 1e-06, 'global_step': 5240, 'zo_forward_step': 10482, 'max_steps': 20000, 'max_zo_forward_steps': 0, 'time': 752, 'eps': 3e-06}
03/25/2026 23:12:43 - INFO - src.trainer -   {'loss': 1.6912065744400024, 'learning_rate': 1e-06, 'global_step': 5250, 'zo_forward_step': 10502, 'max_steps': 20000, 'max_zo_forward_steps': 0, 'time': 753, 'eps': 3e-06}
03/25/2026 23:12:44 - INFO - src.trainer -   {'loss': 1.6291792392730713, 'learning_rate': 1e-06, 'global_step': 5260, 'zo_forward_step': 10522, 'max_steps': 20000, 'max_zo_forward_steps': 0, 'time': 754, 'eps': 3e-06}
03/25/2026 23:12:45 - INFO - src.trainer -   {'loss': 1.0375748872756958, 'learning_rate': 1e-06, 'global_step': 5270, 'zo_forward_step': 10542, 'max_steps': 20000, 'max_zo_forward_steps': 0, 'time': 755, 'eps': 3e-06}
03/25/2026 23:12:47 - INFO - src.trainer -   {'loss': 1.7000988721847534, 'learning_rate': 1e-06, 'global_step': 5280, 'zo_forward_step': 10562, 'max_steps': 20000, 'max_zo_forward_steps': 0, 'time': 756, 'eps': 3e-06}
03/25/2026 23:12:48 - INFO - src.trainer -   {'loss': 1.6411882638931274, 'learning_rate': 1e-06, 'global_step': 5290, 'zo_forward_step': 10582, 'max_steps': 20000, 'max_zo_forward_steps': 0, 'time': 757, 'eps': 3e-06}
03/25/2026 23:12:49 - INFO - src.trainer -   {'loss': 1.0358390808105469, 'learning_rate': 1e-06, 'global_step': 5300, 'zo_forward_step': 10602, 'max_steps': 20000, 'max_zo_forward_steps': 0, 'time': 759, 'eps': 3e-06}
03/25/2026 23:12:50 - INFO - src.trainer -   {'loss': 1.694149136543274, 'learning_rate': 1e-06, 'global_step': 5310, 'zo_forward_step': 10622, 'max_steps': 20000, 'max_zo_forward_steps': 0, 'time': 760, 'eps': 3e-06}
520it [12:17,  1.14s/it]03/25/2026 23:12:51 - INFO - src.trainer -   {'loss': 1.6376343965530396, 'learning_rate': 1e-06, 'global_step': 5320, 'zo_forward_step': 10642, 'max_steps': 20000, 'max_zo_forward_steps': 0, 'time': 761, 'eps': 3e-06}
03/25/2026 23:12:52 - INFO - src.trainer -   {'loss': 1.022714376449585, 'learning_rate': 1e-06, 'global_step': 5330, 'zo_forward_step': 10662, 'max_steps': 20000, 'max_zo_forward_steps': 0, 'time': 762, 'eps': 3e-06}
03/25/2026 23:12:54 - INFO - src.trainer -   {'loss': 1.6936300992965698, 'learning_rate': 1e-06, 'global_step': 5340, 'zo_forward_step': 10682, 'max_steps': 20000, 'max_zo_forward_steps': 0, 'time': 763, 'eps': 3e-06}
03/25/2026 23:12:55 - INFO - src.trainer -   {'loss': 1.6495020389556885, 'learning_rate': 1e-06, 'global_step': 5350, 'zo_forward_step': 10702, 'max_steps': 20000, 'max_zo_forward_steps': 0, 'time': 764, 'eps': 3e-06}
03/25/2026 23:12:56 - INFO - src.trainer -   {'loss': 1.0026116371154785, 'learning_rate': 1e-06, 'global_step': 5360, 'zo_forward_step': 10722, 'max_steps': 20000, 'max_zo_forward_steps': 0, 'time': 766, 'eps': 3e-06}
03/25/2026 23:12:57 - INFO - src.trainer -   {'loss': 1.6936858892440796, 'learning_rate': 1e-06, 'global_step': 5370, 'zo_forward_step': 10742, 'max_steps': 20000, 'max_zo_forward_steps': 0, 'time': 767, 'eps': 3e-06}
03/25/2026 23:12:58 - INFO - src.trainer -   {'loss': 1.6560735702514648, 'learning_rate': 1e-06, 'global_step': 5380, 'zo_forward_step': 10762, 'max_steps': 20000, 'max_zo_forward_steps': 0, 'time': 768, 'eps': 3e-06}
03/25/2026 23:12:59 - INFO - src.trainer -   {'loss': 0.9995396137237549, 'learning_rate': 1e-06, 'global_step': 5390, 'zo_forward_step': 10782, 'max_steps': 20000, 'max_zo_forward_steps': 0, 'time': 769, 'eps': 3e-06}
521it [12:27,  1.63s/it]532it [12:27,  1.11s/it]03/25/2026 23:13:01 - INFO - src.trainer -   {'eval_loss': 1.604894995689392, 'eval_acc': 0.2125}
03/25/2026 23:13:04 - INFO - src.trainer -   [zo_probe] step=5400 eps=3.000e-06 precision=fp32 n=16 mae=3.543881e-02 rmse=4.445748e-02 sign_acc=1.0000 corr=0.999999
03/25/2026 23:13:04 - INFO - src.trainer -   {'loss': 1.6925995349884033, 'learning_rate': 1e-06, 'global_step': 5400, 'zo_forward_step': 10802, 'max_steps': 20000, 'max_zo_forward_steps': 0, 'time': 773, 'eps': 3e-06}
03/25/2026 23:13:05 - INFO - src.trainer -   {'loss': 1.6589547395706177, 'learning_rate': 1e-06, 'global_step': 5410, 'zo_forward_step': 10822, 'max_steps': 20000, 'max_zo_forward_steps': 0, 'time': 774, 'eps': 3e-06}
03/25/2026 23:13:06 - INFO - src.trainer -   {'loss': 0.9891601204872131, 'learning_rate': 1e-06, 'global_step': 5420, 'zo_forward_step': 10842, 'max_steps': 20000, 'max_zo_forward_steps': 0, 'time': 776, 'eps': 3e-06}
03/25/2026 23:13:07 - INFO - src.trainer -   {'loss': 1.685982584953308, 'learning_rate': 1e-06, 'global_step': 5430, 'zo_forward_step': 10862, 'max_steps': 20000, 'max_zo_forward_steps': 0, 'time': 777, 'eps': 3e-06}
03/25/2026 23:13:08 - INFO - src.trainer -   {'loss': 1.667052149772644, 'learning_rate': 1e-06, 'global_step': 5440, 'zo_forward_step': 10882, 'max_steps': 20000, 'max_zo_forward_steps': 0, 'time': 778, 'eps': 3e-06}
03/25/2026 23:13:09 - INFO - src.trainer -   {'loss': 0.9931521415710449, 'learning_rate': 1e-06, 'global_step': 5450, 'zo_forward_step': 10902, 'max_steps': 20000, 'max_zo_forward_steps': 0, 'time': 779, 'eps': 3e-06}
03/25/2026 23:13:11 - INFO - src.trainer -   {'loss': 1.6800739765167236, 'learning_rate': 1e-06, 'global_step': 5460, 'zo_forward_step': 10922, 'max_steps': 20000, 'max_zo_forward_steps': 0, 'time': 780, 'eps': 3e-06}
540it [12:37,  1.11s/it]03/25/2026 23:13:13 - INFO - src.trainer -   {'loss': 1.6571383476257324, 'learning_rate': 1e-06, 'global_step': 5470, 'zo_forward_step': 10942, 'max_steps': 20000, 'max_zo_forward_steps': 0, 'time': 782, 'eps': 3e-06}
03/25/2026 23:13:14 - INFO - src.trainer -   {'loss': 1.0000035762786865, 'learning_rate': 1e-06, 'global_step': 5480, 'zo_forward_step': 10962, 'max_steps': 20000, 'max_zo_forward_steps': 0, 'time': 784, 'eps': 3e-06}
03/25/2026 23:13:15 - INFO - src.trainer -   {'loss': 1.6810483932495117, 'learning_rate': 1e-06, 'global_step': 5490, 'zo_forward_step': 10982, 'max_steps': 20000, 'max_zo_forward_steps': 0, 'time': 785, 'eps': 3e-06}
03/25/2026 23:13:16 - INFO - src.trainer -   {'loss': 1.654577612876892, 'learning_rate': 1e-06, 'global_step': 5500, 'zo_forward_step': 11002, 'max_steps': 20000, 'max_zo_forward_steps': 0, 'time': 786, 'eps': 3e-06}
03/25/2026 23:13:18 - INFO - src.trainer -   {'loss': 1.0042318105697632, 'learning_rate': 1e-06, 'global_step': 5510, 'zo_forward_step': 11022, 'max_steps': 20000, 'max_zo_forward_steps': 0, 'time': 787, 'eps': 3e-06}
03/25/2026 23:13:19 - INFO - src.trainer -   {'loss': 1.6683297157287598, 'learning_rate': 1e-06, 'global_step': 5520, 'zo_forward_step': 11042, 'max_steps': 20000, 'max_zo_forward_steps': 0, 'time': 788, 'eps': 3e-06}
03/25/2026 23:13:20 - INFO - src.trainer -   {'loss': 1.6559436321258545, 'learning_rate': 1e-06, 'global_step': 5530, 'zo_forward_step': 11062, 'max_steps': 20000, 'max_zo_forward_steps': 0, 'time': 790, 'eps': 3e-06}
03/25/2026 23:13:21 - INFO - src.trainer -   {'loss': 1.0073312520980835, 'learning_rate': 1e-06, 'global_step': 5540, 'zo_forward_step': 11082, 'max_steps': 20000, 'max_zo_forward_steps': 0, 'time': 791, 'eps': 3e-06}
03/25/2026 23:13:22 - INFO - src.trainer -   {'loss': 1.6770570278167725, 'learning_rate': 1e-06, 'global_step': 5550, 'zo_forward_step': 11102, 'max_steps': 20000, 'max_zo_forward_steps': 0, 'time': 792, 'eps': 3e-06}
03/25/2026 23:13:23 - INFO - src.trainer -   {'loss': 1.6598718166351318, 'learning_rate': 1e-06, 'global_step': 5560, 'zo_forward_step': 11122, 'max_steps': 20000, 'max_zo_forward_steps': 0, 'time': 793, 'eps': 3e-06}
03/25/2026 23:13:24 - INFO - src.trainer -   {'loss': 1.0007520914077759, 'learning_rate': 1e-06, 'global_step': 5570, 'zo_forward_step': 11142, 'max_steps': 20000, 'max_zo_forward_steps': 0, 'time': 794, 'eps': 3e-06}
03/25/2026 23:13:26 - INFO - src.trainer -   {'loss': 1.6776847839355469, 'learning_rate': 1e-06, 'global_step': 5580, 'zo_forward_step': 11162, 'max_steps': 20000, 'max_zo_forward_steps': 0, 'time': 795, 'eps': 3e-06}
03/25/2026 23:13:27 - INFO - src.trainer -   {'loss': 1.6464204788208008, 'learning_rate': 1e-06, 'global_step': 5590, 'zo_forward_step': 11182, 'max_steps': 20000, 'max_zo_forward_steps': 0, 'time': 797, 'eps': 3e-06}
541it [12:54,  1.64s/it]552it [12:54,  1.11s/it]03/25/2026 23:13:28 - INFO - src.trainer -   {'eval_loss': 1.5972065925598145, 'eval_acc': 0.2125}
03/25/2026 23:13:30 - INFO - src.trainer -   [zo_probe] step=5600 eps=3.000e-06 precision=fp32 n=16 mae=2.965206e-02 rmse=3.342693e-02 sign_acc=1.0000 corr=0.999999
03/25/2026 23:13:30 - INFO - src.trainer -   {'loss': 1.000011682510376, 'learning_rate': 1e-06, 'global_step': 5600, 'zo_forward_step': 11202, 'max_steps': 20000, 'max_zo_forward_steps': 0, 'time': 800, 'eps': 3e-06}
03/25/2026 23:13:31 - INFO - src.trainer -   {'loss': 1.6812493801116943, 'learning_rate': 1e-06, 'global_step': 5610, 'zo_forward_step': 11222, 'max_steps': 20000, 'max_zo_forward_steps': 0, 'time': 801, 'eps': 3e-06}
03/25/2026 23:13:33 - INFO - src.trainer -   {'loss': 1.635575532913208, 'learning_rate': 1e-06, 'global_step': 5620, 'zo_forward_step': 11242, 'max_steps': 20000, 'max_zo_forward_steps': 0, 'time': 802, 'eps': 3e-06}
03/25/2026 23:13:34 - INFO - src.trainer -   {'loss': 1.0040245056152344, 'learning_rate': 1e-06, 'global_step': 5630, 'zo_forward_step': 11262, 'max_steps': 20000, 'max_zo_forward_steps': 0, 'time': 803, 'eps': 3e-06}
03/25/2026 23:13:35 - INFO - src.trainer -   {'loss': 1.6825470924377441, 'learning_rate': 1e-06, 'global_step': 5640, 'zo_forward_step': 11282, 'max_steps': 20000, 'max_zo_forward_steps': 0, 'time': 805, 'eps': 3e-06}
03/25/2026 23:13:36 - INFO - src.trainer -   {'loss': 1.636177897453308, 'learning_rate': 1e-06, 'global_step': 5650, 'zo_forward_step': 11302, 'max_steps': 20000, 'max_zo_forward_steps': 0, 'time': 806, 'eps': 3e-06}
03/25/2026 23:13:37 - INFO - src.trainer -   {'loss': 0.9927618503570557, 'learning_rate': 1e-06, 'global_step': 5660, 'zo_forward_step': 11322, 'max_steps': 20000, 'max_zo_forward_steps': 0, 'time': 807, 'eps': 3e-06}
03/25/2026 23:13:38 - INFO - src.trainer -   {'loss': 1.6869373321533203, 'learning_rate': 1e-06, 'global_step': 5670, 'zo_forward_step': 11342, 'max_steps': 20000, 'max_zo_forward_steps': 0, 'time': 808, 'eps': 3e-06}
03/25/2026 23:13:39 - INFO - src.trainer -   {'loss': 1.6413912773132324, 'learning_rate': 1e-06, 'global_step': 5680, 'zo_forward_step': 11362, 'max_steps': 20000, 'max_zo_forward_steps': 0, 'time': 809, 'eps': 3e-06}
03/25/2026 23:13:41 - INFO - src.trainer -   {'loss': 1.0014065504074097, 'learning_rate': 1e-06, 'global_step': 5690, 'zo_forward_step': 11382, 'max_steps': 20000, 'max_zo_forward_steps': 0, 'time': 810, 'eps': 3e-06}
560it [13:07,  1.11s/it]03/25/2026 23:13:42 - INFO - src.trainer -   {'loss': 1.687990427017212, 'learning_rate': 1e-06, 'global_step': 5700, 'zo_forward_step': 11402, 'max_steps': 20000, 'max_zo_forward_steps': 0, 'time': 811, 'eps': 3e-06}
03/25/2026 23:13:43 - INFO - src.trainer -   {'loss': 1.6307426691055298, 'learning_rate': 1e-06, 'global_step': 5710, 'zo_forward_step': 11422, 'max_steps': 20000, 'max_zo_forward_steps': 0, 'time': 813, 'eps': 3e-06}
03/25/2026 23:13:44 - INFO - src.trainer -   {'loss': 0.9950599074363708, 'learning_rate': 1e-06, 'global_step': 5720, 'zo_forward_step': 11442, 'max_steps': 20000, 'max_zo_forward_steps': 0, 'time': 814, 'eps': 3e-06}
03/25/2026 23:13:45 - INFO - src.trainer -   {'loss': 1.6834076642990112, 'learning_rate': 1e-06, 'global_step': 5730, 'zo_forward_step': 11462, 'max_steps': 20000, 'max_zo_forward_steps': 0, 'time': 815, 'eps': 3e-06}
03/25/2026 23:13:46 - INFO - src.trainer -   {'loss': 1.654272437095642, 'learning_rate': 1e-06, 'global_step': 5740, 'zo_forward_step': 11482, 'max_steps': 20000, 'max_zo_forward_steps': 0, 'time': 816, 'eps': 3e-06}
03/25/2026 23:13:48 - INFO - src.trainer -   {'loss': 0.9784204959869385, 'learning_rate': 1e-06, 'global_step': 5750, 'zo_forward_step': 11502, 'max_steps': 20000, 'max_zo_forward_steps': 0, 'time': 817, 'eps': 3e-06}
03/25/2026 23:13:49 - INFO - src.trainer -   {'loss': 1.7010128498077393, 'learning_rate': 1e-06, 'global_step': 5760, 'zo_forward_step': 11522, 'max_steps': 20000, 'max_zo_forward_steps': 0, 'time': 818, 'eps': 3e-06}
03/25/2026 23:13:50 - INFO - src.trainer -   {'loss': 1.6385575532913208, 'learning_rate': 1e-06, 'global_step': 5770, 'zo_forward_step': 11542, 'max_steps': 20000, 'max_zo_forward_steps': 0, 'time': 820, 'eps': 3e-06}
03/25/2026 23:13:51 - INFO - src.trainer -   {'loss': 0.9768053889274597, 'learning_rate': 1e-06, 'global_step': 5780, 'zo_forward_step': 11562, 'max_steps': 20000, 'max_zo_forward_steps': 0, 'time': 821, 'eps': 3e-06}
03/25/2026 23:13:52 - INFO - src.trainer -   {'loss': 1.6936976909637451, 'learning_rate': 1e-06, 'global_step': 5790, 'zo_forward_step': 11582, 'max_steps': 20000, 'max_zo_forward_steps': 0, 'time': 822, 'eps': 3e-06}
561it [13:19,  1.58s/it]572it [13:20,  1.07s/it]03/25/2026 23:13:53 - INFO - src.trainer -   {'eval_loss': 1.5988305807113647, 'eval_acc': 0.2125}
03/25/2026 23:13:56 - INFO - src.trainer -   [zo_probe] step=5800 eps=3.000e-06 precision=fp32 n=16 mae=5.355939e-02 rmse=6.397430e-02 sign_acc=1.0000 corr=0.999999
03/25/2026 23:13:57 - INFO - src.trainer -   {'loss': 1.6337369680404663, 'learning_rate': 1e-06, 'global_step': 5800, 'zo_forward_step': 11602, 'max_steps': 20000, 'max_zo_forward_steps': 0, 'time': 826, 'eps': 3e-06}
03/25/2026 23:13:58 - INFO - src.trainer -   {'loss': 0.9865207076072693, 'learning_rate': 1e-06, 'global_step': 5810, 'zo_forward_step': 11622, 'max_steps': 20000, 'max_zo_forward_steps': 0, 'time': 827, 'eps': 3e-06}
03/25/2026 23:13:59 - INFO - src.trainer -   {'loss': 1.688734531402588, 'learning_rate': 1e-06, 'global_step': 5820, 'zo_forward_step': 11642, 'max_steps': 20000, 'max_zo_forward_steps': 0, 'time': 828, 'eps': 3e-06}
03/25/2026 23:14:00 - INFO - src.trainer -   {'loss': 1.6334208250045776, 'learning_rate': 1e-06, 'global_step': 5830, 'zo_forward_step': 11662, 'max_steps': 20000, 'max_zo_forward_steps': 0, 'time': 830, 'eps': 3e-06}
03/25/2026 23:14:01 - INFO - src.trainer -   {'loss': 0.9859968423843384, 'learning_rate': 1e-06, 'global_step': 5840, 'zo_forward_step': 11682, 'max_steps': 20000, 'max_zo_forward_steps': 0, 'time': 831, 'eps': 3e-06}
03/25/2026 23:14:02 - INFO - src.trainer -   {'loss': 1.690243124961853, 'learning_rate': 1e-06, 'global_step': 5850, 'zo_forward_step': 11702, 'max_steps': 20000, 'max_zo_forward_steps': 0, 'time': 832, 'eps': 3e-06}
03/25/2026 23:14:03 - INFO - src.trainer -   {'loss': 1.6117218732833862, 'learning_rate': 1e-06, 'global_step': 5860, 'zo_forward_step': 11722, 'max_steps': 20000, 'max_zo_forward_steps': 0, 'time': 833, 'eps': 3e-06}
03/25/2026 23:14:05 - INFO - src.trainer -   {'loss': 1.0051416158676147, 'learning_rate': 1e-06, 'global_step': 5870, 'zo_forward_step': 11742, 'max_steps': 20000, 'max_zo_forward_steps': 0, 'time': 834, 'eps': 3e-06}
03/25/2026 23:14:06 - INFO - src.trainer -   {'loss': 1.680907130241394, 'learning_rate': 1e-06, 'global_step': 5880, 'zo_forward_step': 11762, 'max_steps': 20000, 'max_zo_forward_steps': 0, 'time': 835, 'eps': 3e-06}
03/25/2026 23:14:07 - INFO - src.trainer -   {'loss': 1.6118566989898682, 'learning_rate': 1e-06, 'global_step': 5890, 'zo_forward_step': 11782, 'max_steps': 20000, 'max_zo_forward_steps': 0, 'time': 837, 'eps': 3e-06}
03/25/2026 23:14:08 - INFO - src.trainer -   {'loss': 0.9921033382415771, 'learning_rate': 1e-06, 'global_step': 5900, 'zo_forward_step': 11802, 'max_steps': 20000, 'max_zo_forward_steps': 0, 'time': 838, 'eps': 3e-06}
03/25/2026 23:14:09 - INFO - src.trainer -   {'loss': 1.6799726486206055, 'learning_rate': 1e-06, 'global_step': 5910, 'zo_forward_step': 11822, 'max_steps': 20000, 'max_zo_forward_steps': 0, 'time': 839, 'eps': 3e-06}
03/25/2026 23:14:11 - INFO - src.trainer -   {'loss': 1.6013797521591187, 'learning_rate': 1e-06, 'global_step': 5920, 'zo_forward_step': 11842, 'max_steps': 20000, 'max_zo_forward_steps': 0, 'time': 840, 'eps': 3e-06}
580it [13:37,  1.07s/it]03/25/2026 23:14:12 - INFO - src.trainer -   {'loss': 0.9937794804573059, 'learning_rate': 1e-06, 'global_step': 5930, 'zo_forward_step': 11862, 'max_steps': 20000, 'max_zo_forward_steps': 0, 'time': 841, 'eps': 3e-06}
03/25/2026 23:14:13 - INFO - src.trainer -   {'loss': 1.687158465385437, 'learning_rate': 1e-06, 'global_step': 5940, 'zo_forward_step': 11882, 'max_steps': 20000, 'max_zo_forward_steps': 0, 'time': 843, 'eps': 3e-06}
03/25/2026 23:14:14 - INFO - src.trainer -   {'loss': 1.607561469078064, 'learning_rate': 1e-06, 'global_step': 5950, 'zo_forward_step': 11902, 'max_steps': 20000, 'max_zo_forward_steps': 0, 'time': 844, 'eps': 3e-06}
03/25/2026 23:14:15 - INFO - src.trainer -   {'loss': 0.9902825951576233, 'learning_rate': 1e-06, 'global_step': 5960, 'zo_forward_step': 11922, 'max_steps': 20000, 'max_zo_forward_steps': 0, 'time': 845, 'eps': 3e-06}
03/25/2026 23:14:16 - INFO - src.trainer -   {'loss': 1.6755728721618652, 'learning_rate': 1e-06, 'global_step': 5970, 'zo_forward_step': 11942, 'max_steps': 20000, 'max_zo_forward_steps': 0, 'time': 846, 'eps': 3e-06}
03/25/2026 23:14:18 - INFO - src.trainer -   {'loss': 1.6108566522598267, 'learning_rate': 1e-06, 'global_step': 5980, 'zo_forward_step': 11962, 'max_steps': 20000, 'max_zo_forward_steps': 0, 'time': 847, 'eps': 3e-06}
03/25/2026 23:14:19 - INFO - src.trainer -   {'loss': 1.0007009506225586, 'learning_rate': 1e-06, 'global_step': 5990, 'zo_forward_step': 11982, 'max_steps': 20000, 'max_zo_forward_steps': 0, 'time': 849, 'eps': 3e-06}
581it [13:46,  1.59s/it]592it [13:47,  1.08s/it]03/25/2026 23:14:20 - INFO - src.trainer -   {'eval_loss': 1.5892332792282104, 'eval_acc': 0.2125}
03/25/2026 23:14:23 - INFO - src.trainer -   [zo_probe] step=6000 eps=3.000e-06 precision=fp32 n=16 mae=5.000006e-02 rmse=6.117456e-02 sign_acc=1.0000 corr=0.999999
03/25/2026 23:14:23 - INFO - src.trainer -   {'loss': 1.6627734899520874, 'learning_rate': 1e-06, 'global_step': 6000, 'zo_forward_step': 12002, 'max_steps': 20000, 'max_zo_forward_steps': 0, 'time': 853, 'eps': 3e-06}
03/25/2026 23:14:25 - INFO - src.trainer -   {'loss': 1.5994303226470947, 'learning_rate': 1e-06, 'global_step': 6010, 'zo_forward_step': 12022, 'max_steps': 20000, 'max_zo_forward_steps': 0, 'time': 854, 'eps': 3e-06}
03/25/2026 23:14:26 - INFO - src.trainer -   {'loss': 1.0114781856536865, 'learning_rate': 1e-06, 'global_step': 6020, 'zo_forward_step': 12042, 'max_steps': 20000, 'max_zo_forward_steps': 0, 'time': 855, 'eps': 3e-06}
03/25/2026 23:14:27 - INFO - src.trainer -   {'loss': 1.6561912298202515, 'learning_rate': 1e-06, 'global_step': 6030, 'zo_forward_step': 12062, 'max_steps': 20000, 'max_zo_forward_steps': 0, 'time': 857, 'eps': 3e-06}
03/25/2026 23:14:28 - INFO - src.trainer -   {'loss': 1.5923970937728882, 'learning_rate': 1e-06, 'global_step': 6040, 'zo_forward_step': 12082, 'max_steps': 20000, 'max_zo_forward_steps': 0, 'time': 858, 'eps': 3e-06}
03/25/2026 23:14:29 - INFO - src.trainer -   {'loss': 1.0258982181549072, 'learning_rate': 1e-06, 'global_step': 6050, 'zo_forward_step': 12102, 'max_steps': 20000, 'max_zo_forward_steps': 0, 'time': 859, 'eps': 3e-06}
03/25/2026 23:14:30 - INFO - src.trainer -   {'loss': 1.6583346128463745, 'learning_rate': 1e-06, 'global_step': 6060, 'zo_forward_step': 12122, 'max_steps': 20000, 'max_zo_forward_steps': 0, 'time': 860, 'eps': 3e-06}
600it [13:57,  1.08s/it]03/25/2026 23:14:32 - INFO - src.trainer -   {'loss': 1.57405424118042, 'learning_rate': 1e-06, 'global_step': 6070, 'zo_forward_step': 12142, 'max_steps': 20000, 'max_zo_forward_steps': 0, 'time': 861, 'eps': 3e-06}
03/25/2026 23:14:33 - INFO - src.trainer -   {'loss': 1.0334279537200928, 'learning_rate': 1e-06, 'global_step': 6080, 'zo_forward_step': 12162, 'max_steps': 20000, 'max_zo_forward_steps': 0, 'time': 862, 'eps': 3e-06}
03/25/2026 23:14:34 - INFO - src.trainer -   {'loss': 1.6461681127548218, 'learning_rate': 1e-06, 'global_step': 6090, 'zo_forward_step': 12182, 'max_steps': 20000, 'max_zo_forward_steps': 0, 'time': 864, 'eps': 3e-06}
03/25/2026 23:14:35 - INFO - src.trainer -   {'loss': 1.574496865272522, 'learning_rate': 1e-06, 'global_step': 6100, 'zo_forward_step': 12202, 'max_steps': 20000, 'max_zo_forward_steps': 0, 'time': 865, 'eps': 3e-06}
03/25/2026 23:14:36 - INFO - src.trainer -   {'loss': 1.0490589141845703, 'learning_rate': 1e-06, 'global_step': 6110, 'zo_forward_step': 12222, 'max_steps': 20000, 'max_zo_forward_steps': 0, 'time': 866, 'eps': 3e-06}
03/25/2026 23:14:37 - INFO - src.trainer -   {'loss': 1.6360520124435425, 'learning_rate': 1e-06, 'global_step': 6120, 'zo_forward_step': 12242, 'max_steps': 20000, 'max_zo_forward_steps': 0, 'time': 867, 'eps': 3e-06}
03/25/2026 23:14:39 - INFO - src.trainer -   {'loss': 1.577217698097229, 'learning_rate': 1e-06, 'global_step': 6130, 'zo_forward_step': 12262, 'max_steps': 20000, 'max_zo_forward_steps': 0, 'time': 869, 'eps': 3e-06}
03/25/2026 23:14:40 - INFO - src.trainer -   {'loss': 1.043961524963379, 'learning_rate': 1e-06, 'global_step': 6140, 'zo_forward_step': 12282, 'max_steps': 20000, 'max_zo_forward_steps': 0, 'time': 870, 'eps': 3e-06}
03/25/2026 23:14:41 - INFO - src.trainer -   {'loss': 1.6432161331176758, 'learning_rate': 1e-06, 'global_step': 6150, 'zo_forward_step': 12302, 'max_steps': 20000, 'max_zo_forward_steps': 0, 'time': 871, 'eps': 3e-06}
03/25/2026 23:14:43 - INFO - src.trainer -   {'loss': 1.5867762565612793, 'learning_rate': 1e-06, 'global_step': 6160, 'zo_forward_step': 12322, 'max_steps': 20000, 'max_zo_forward_steps': 0, 'time': 872, 'eps': 3e-06}
03/25/2026 23:14:44 - INFO - src.trainer -   {'loss': 1.0185266733169556, 'learning_rate': 1e-06, 'global_step': 6170, 'zo_forward_step': 12342, 'max_steps': 20000, 'max_zo_forward_steps': 0, 'time': 873, 'eps': 3e-06}
03/25/2026 23:14:45 - INFO - src.trainer -   {'loss': 1.6633923053741455, 'learning_rate': 1e-06, 'global_step': 6180, 'zo_forward_step': 12362, 'max_steps': 20000, 'max_zo_forward_steps': 0, 'time': 875, 'eps': 3e-06}
03/25/2026 23:14:46 - INFO - src.trainer -   {'loss': 1.5956910848617554, 'learning_rate': 1e-06, 'global_step': 6190, 'zo_forward_step': 12382, 'max_steps': 20000, 'max_zo_forward_steps': 0, 'time': 876, 'eps': 3e-06}
601it [14:14,  1.62s/it]612it [14:14,  1.09s/it]03/25/2026 23:14:48 - INFO - src.trainer -   {'eval_loss': 1.5908801555633545, 'eval_acc': 0.2125}
03/25/2026 23:14:50 - INFO - src.trainer -   [zo_probe] step=6200 eps=3.000e-06 precision=fp32 n=16 mae=3.867005e-02 rmse=4.514797e-02 sign_acc=1.0000 corr=1.000000
03/25/2026 23:14:50 - INFO - src.trainer -   {'loss': 0.9815235733985901, 'learning_rate': 1e-06, 'global_step': 6200, 'zo_forward_step': 12402, 'max_steps': 20000, 'max_zo_forward_steps': 0, 'time': 880, 'eps': 3e-06}
03/25/2026 23:14:51 - INFO - src.trainer -   {'loss': 1.6552684307098389, 'learning_rate': 1e-06, 'global_step': 6210, 'zo_forward_step': 12422, 'max_steps': 20000, 'max_zo_forward_steps': 0, 'time': 881, 'eps': 3e-06}
03/25/2026 23:14:52 - INFO - src.trainer -   {'loss': 1.6223175525665283, 'learning_rate': 1e-06, 'global_step': 6220, 'zo_forward_step': 12442, 'max_steps': 20000, 'max_zo_forward_steps': 0, 'time': 882, 'eps': 3e-06}
03/25/2026 23:14:53 - INFO - src.trainer -   {'loss': 0.9703502058982849, 'learning_rate': 1e-06, 'global_step': 6230, 'zo_forward_step': 12462, 'max_steps': 20000, 'max_zo_forward_steps': 0, 'time': 883, 'eps': 3e-06}
03/25/2026 23:14:54 - INFO - src.trainer -   {'loss': 1.6665321588516235, 'learning_rate': 1e-06, 'global_step': 6240, 'zo_forward_step': 12482, 'max_steps': 20000, 'max_zo_forward_steps': 0, 'time': 884, 'eps': 3e-06}
03/25/2026 23:14:56 - INFO - src.trainer -   {'loss': 1.6081911325454712, 'learning_rate': 1e-06, 'global_step': 6250, 'zo_forward_step': 12502, 'max_steps': 20000, 'max_zo_forward_steps': 0, 'time': 885, 'eps': 3e-06}
03/25/2026 23:14:57 - INFO - src.trainer -   {'loss': 0.9756840467453003, 'learning_rate': 1e-06, 'global_step': 6260, 'zo_forward_step': 12522, 'max_steps': 20000, 'max_zo_forward_steps': 0, 'time': 886, 'eps': 3e-06}
03/25/2026 23:14:58 - INFO - src.trainer -   {'loss': 1.6777331829071045, 'learning_rate': 1e-06, 'global_step': 6270, 'zo_forward_step': 12542, 'max_steps': 20000, 'max_zo_forward_steps': 0, 'time': 888, 'eps': 3e-06}
03/25/2026 23:14:59 - INFO - src.trainer -   {'loss': 1.6018130779266357, 'learning_rate': 1e-06, 'global_step': 6280, 'zo_forward_step': 12562, 'max_steps': 20000, 'max_zo_forward_steps': 0, 'time': 889, 'eps': 3e-06}
03/25/2026 23:15:01 - INFO - src.trainer -   {'loss': 0.9640196561813354, 'learning_rate': 1e-06, 'global_step': 6290, 'zo_forward_step': 12582, 'max_steps': 20000, 'max_zo_forward_steps': 0, 'time': 890, 'eps': 3e-06}
620it [14:27,  1.09s/it]03/25/2026 23:15:02 - INFO - src.trainer -   {'loss': 1.6799077987670898, 'learning_rate': 1e-06, 'global_step': 6300, 'zo_forward_step': 12602, 'max_steps': 20000, 'max_zo_forward_steps': 0, 'time': 891, 'eps': 3e-06}
03/25/2026 23:15:03 - INFO - src.trainer -   {'loss': 1.5973970890045166, 'learning_rate': 1e-06, 'global_step': 6310, 'zo_forward_step': 12622, 'max_steps': 20000, 'max_zo_forward_steps': 0, 'time': 892, 'eps': 3e-06}
03/25/2026 23:15:04 - INFO - src.trainer -   {'loss': 0.952539324760437, 'learning_rate': 1e-06, 'global_step': 6320, 'zo_forward_step': 12642, 'max_steps': 20000, 'max_zo_forward_steps': 0, 'time': 894, 'eps': 3e-06}
03/25/2026 23:15:05 - INFO - src.trainer -   {'loss': 1.6961467266082764, 'learning_rate': 1e-06, 'global_step': 6330, 'zo_forward_step': 12662, 'max_steps': 20000, 'max_zo_forward_steps': 0, 'time': 895, 'eps': 3e-06}
03/25/2026 23:15:06 - INFO - src.trainer -   {'loss': 1.5955965518951416, 'learning_rate': 1e-06, 'global_step': 6340, 'zo_forward_step': 12682, 'max_steps': 20000, 'max_zo_forward_steps': 0, 'time': 896, 'eps': 3e-06}
03/25/2026 23:15:09 - INFO - src.trainer -   {'loss': 0.9437199831008911, 'learning_rate': 1e-06, 'global_step': 6350, 'zo_forward_step': 12702, 'max_steps': 20000, 'max_zo_forward_steps': 0, 'time': 899, 'eps': 3e-06}
03/25/2026 23:15:10 - INFO - src.trainer -   {'loss': 1.6942397356033325, 'learning_rate': 1e-06, 'global_step': 6360, 'zo_forward_step': 12722, 'max_steps': 20000, 'max_zo_forward_steps': 0, 'time': 900, 'eps': 3e-06}
03/25/2026 23:15:12 - INFO - src.trainer -   {'loss': 1.6104565858840942, 'learning_rate': 1e-06, 'global_step': 6370, 'zo_forward_step': 12742, 'max_steps': 20000, 'max_zo_forward_steps': 0, 'time': 901, 'eps': 3e-06}
03/25/2026 23:15:13 - INFO - src.trainer -   {'loss': 0.920314371585846, 'learning_rate': 1e-06, 'global_step': 6380, 'zo_forward_step': 12762, 'max_steps': 20000, 'max_zo_forward_steps': 0, 'time': 903, 'eps': 3e-06}
03/25/2026 23:15:14 - INFO - src.trainer -   {'loss': 1.7031680345535278, 'learning_rate': 1e-06, 'global_step': 6390, 'zo_forward_step': 12782, 'max_steps': 20000, 'max_zo_forward_steps': 0, 'time': 904, 'eps': 3e-06}
621it [14:41,  1.63s/it]632it [14:41,  1.10s/it]03/25/2026 23:15:15 - INFO - src.trainer -   {'eval_loss': 1.6017757654190063, 'eval_acc': 0.2125}
03/25/2026 23:15:18 - INFO - src.trainer -   [zo_probe] step=6400 eps=3.000e-06 precision=fp32 n=16 mae=4.095262e-02 rmse=5.524728e-02 sign_acc=1.0000 corr=0.999999
03/25/2026 23:15:18 - INFO - src.trainer -   {'loss': 1.61990225315094, 'learning_rate': 1e-06, 'global_step': 6400, 'zo_forward_step': 12802, 'max_steps': 20000, 'max_zo_forward_steps': 0, 'time': 908, 'eps': 3e-06}
03/25/2026 23:15:21 - INFO - src.trainer -   {'loss': 0.9083079099655151, 'learning_rate': 1e-06, 'global_step': 6410, 'zo_forward_step': 12822, 'max_steps': 20000, 'max_zo_forward_steps': 0, 'time': 911, 'eps': 3e-06}
03/25/2026 23:15:22 - INFO - src.trainer -   {'loss': 1.6980273723602295, 'learning_rate': 1e-06, 'global_step': 6420, 'zo_forward_step': 12842, 'max_steps': 20000, 'max_zo_forward_steps': 0, 'time': 912, 'eps': 3e-06}
03/25/2026 23:15:23 - INFO - src.trainer -   {'loss': 1.6201319694519043, 'learning_rate': 1e-06, 'global_step': 6430, 'zo_forward_step': 12862, 'max_steps': 20000, 'max_zo_forward_steps': 0, 'time': 913, 'eps': 3e-06}
03/25/2026 23:15:25 - INFO - src.trainer -   {'loss': 0.9136446118354797, 'learning_rate': 1e-06, 'global_step': 6440, 'zo_forward_step': 12882, 'max_steps': 20000, 'max_zo_forward_steps': 0, 'time': 915, 'eps': 3e-06}
03/25/2026 23:15:26 - INFO - src.trainer -   {'loss': 1.6962372064590454, 'learning_rate': 1e-06, 'global_step': 6450, 'zo_forward_step': 12902, 'max_steps': 20000, 'max_zo_forward_steps': 0, 'time': 916, 'eps': 3e-06}
03/25/2026 23:15:27 - INFO - src.trainer -   {'loss': 1.6038693189620972, 'learning_rate': 1e-06, 'global_step': 6460, 'zo_forward_step': 12922, 'max_steps': 20000, 'max_zo_forward_steps': 0, 'time': 917, 'eps': 3e-06}
03/25/2026 23:15:28 - INFO - src.trainer -   {'loss': 0.9176263213157654, 'learning_rate': 1e-06, 'global_step': 6470, 'zo_forward_step': 12942, 'max_steps': 20000, 'max_zo_forward_steps': 0, 'time': 918, 'eps': 3e-06}
640it [14:57,  1.10s/it]03/25/2026 23:15:31 - INFO - src.trainer -   {'loss': 1.7006676197052002, 'learning_rate': 1e-06, 'global_step': 6480, 'zo_forward_step': 12962, 'max_steps': 20000, 'max_zo_forward_steps': 0, 'time': 921, 'eps': 3e-06}
03/25/2026 23:15:32 - INFO - src.trainer -   {'loss': 1.5723190307617188, 'learning_rate': 1e-06, 'global_step': 6490, 'zo_forward_step': 12982, 'max_steps': 20000, 'max_zo_forward_steps': 0, 'time': 922, 'eps': 3e-06}
03/25/2026 23:15:35 - INFO - src.trainer -   {'loss': 0.9303852319717407, 'learning_rate': 1e-06, 'global_step': 6500, 'zo_forward_step': 13002, 'max_steps': 20000, 'max_zo_forward_steps': 0, 'time': 924, 'eps': 3e-06}
03/25/2026 23:15:36 - INFO - src.trainer -   {'loss': 1.7205491065979004, 'learning_rate': 1e-06, 'global_step': 6510, 'zo_forward_step': 13022, 'max_steps': 20000, 'max_zo_forward_steps': 0, 'time': 925, 'eps': 3e-06}
03/25/2026 23:15:37 - INFO - src.trainer -   {'loss': 1.5709538459777832, 'learning_rate': 1e-06, 'global_step': 6520, 'zo_forward_step': 13042, 'max_steps': 20000, 'max_zo_forward_steps': 0, 'time': 927, 'eps': 3e-06}
03/25/2026 23:15:38 - INFO - src.trainer -   {'loss': 0.9254603385925293, 'learning_rate': 1e-06, 'global_step': 6530, 'zo_forward_step': 13062, 'max_steps': 20000, 'max_zo_forward_steps': 0, 'time': 928, 'eps': 3e-06}
03/25/2026 23:15:39 - INFO - src.trainer -   {'loss': 1.7127838134765625, 'learning_rate': 1e-06, 'global_step': 6540, 'zo_forward_step': 13082, 'max_steps': 20000, 'max_zo_forward_steps': 0, 'time': 929, 'eps': 3e-06}
03/25/2026 23:15:40 - INFO - src.trainer -   {'loss': 1.569808006286621, 'learning_rate': 1e-06, 'global_step': 6550, 'zo_forward_step': 13102, 'max_steps': 20000, 'max_zo_forward_steps': 0, 'time': 930, 'eps': 3e-06}
03/25/2026 23:15:42 - INFO - src.trainer -   {'loss': 0.9417852759361267, 'learning_rate': 1e-06, 'global_step': 6560, 'zo_forward_step': 13122, 'max_steps': 20000, 'max_zo_forward_steps': 0, 'time': 931, 'eps': 3e-06}
03/25/2026 23:15:43 - INFO - src.trainer -   {'loss': 1.69857919216156, 'learning_rate': 1e-06, 'global_step': 6570, 'zo_forward_step': 13142, 'max_steps': 20000, 'max_zo_forward_steps': 0, 'time': 932, 'eps': 3e-06}
03/25/2026 23:15:44 - INFO - src.trainer -   {'loss': 1.5589232444763184, 'learning_rate': 1e-06, 'global_step': 6580, 'zo_forward_step': 13162, 'max_steps': 20000, 'max_zo_forward_steps': 0, 'time': 934, 'eps': 3e-06}
03/25/2026 23:15:45 - INFO - src.trainer -   {'loss': 0.9477518796920776, 'learning_rate': 1e-06, 'global_step': 6590, 'zo_forward_step': 13182, 'max_steps': 20000, 'max_zo_forward_steps': 0, 'time': 935, 'eps': 3e-06}
641it [15:12,  1.74s/it]652it [15:12,  1.18s/it]03/25/2026 23:15:46 - INFO - src.trainer -   {'eval_loss': 1.5807949304580688, 'eval_acc': 0.2125}
03/25/2026 23:15:49 - INFO - src.trainer -   [zo_probe] step=6600 eps=3.000e-06 precision=fp32 n=16 mae=4.156719e-02 rmse=5.154937e-02 sign_acc=1.0000 corr=0.999999
03/25/2026 23:15:49 - INFO - src.trainer -   {'loss': 1.6915143728256226, 'learning_rate': 1e-06, 'global_step': 6600, 'zo_forward_step': 13202, 'max_steps': 20000, 'max_zo_forward_steps': 0, 'time': 939, 'eps': 3e-06}
03/25/2026 23:15:50 - INFO - src.trainer -   {'loss': 1.5633528232574463, 'learning_rate': 1e-06, 'global_step': 6610, 'zo_forward_step': 13222, 'max_steps': 20000, 'max_zo_forward_steps': 0, 'time': 940, 'eps': 3e-06}
03/25/2026 23:15:52 - INFO - src.trainer -   {'loss': 0.9578238725662231, 'learning_rate': 1e-06, 'global_step': 6620, 'zo_forward_step': 13242, 'max_steps': 20000, 'max_zo_forward_steps': 0, 'time': 941, 'eps': 3e-06}
03/25/2026 23:15:53 - INFO - src.trainer -   {'loss': 1.6960110664367676, 'learning_rate': 1e-06, 'global_step': 6630, 'zo_forward_step': 13262, 'max_steps': 20000, 'max_zo_forward_steps': 0, 'time': 942, 'eps': 3e-06}
03/25/2026 23:15:54 - INFO - src.trainer -   {'loss': 1.5522912740707397, 'learning_rate': 1e-06, 'global_step': 6640, 'zo_forward_step': 13282, 'max_steps': 20000, 'max_zo_forward_steps': 0, 'time': 944, 'eps': 3e-06}
03/25/2026 23:15:55 - INFO - src.trainer -   {'loss': 0.9708006381988525, 'learning_rate': 1e-06, 'global_step': 6650, 'zo_forward_step': 13302, 'max_steps': 20000, 'max_zo_forward_steps': 0, 'time': 945, 'eps': 3e-06}
03/25/2026 23:15:57 - INFO - src.trainer -   {'loss': 1.7007046937942505, 'learning_rate': 1e-06, 'global_step': 6660, 'zo_forward_step': 13322, 'max_steps': 20000, 'max_zo_forward_steps': 0, 'time': 947, 'eps': 3e-06}
03/25/2026 23:15:59 - INFO - src.trainer -   {'loss': 1.5462666749954224, 'learning_rate': 1e-06, 'global_step': 6670, 'zo_forward_step': 13342, 'max_steps': 20000, 'max_zo_forward_steps': 0, 'time': 948, 'eps': 3e-06}
03/25/2026 23:16:00 - INFO - src.trainer -   {'loss': 0.9584817886352539, 'learning_rate': 1e-06, 'global_step': 6680, 'zo_forward_step': 13362, 'max_steps': 20000, 'max_zo_forward_steps': 0, 'time': 949, 'eps': 3e-06}
660it [15:27,  1.18s/it]03/25/2026 23:16:01 - INFO - src.trainer -   {'loss': 1.6875184774398804, 'learning_rate': 1e-06, 'global_step': 6690, 'zo_forward_step': 13382, 'max_steps': 20000, 'max_zo_forward_steps': 0, 'time': 951, 'eps': 3e-06}
03/25/2026 23:16:02 - INFO - src.trainer -   {'loss': 1.5355403423309326, 'learning_rate': 1e-06, 'global_step': 6700, 'zo_forward_step': 13402, 'max_steps': 20000, 'max_zo_forward_steps': 0, 'time': 952, 'eps': 3e-06}
03/25/2026 23:16:03 - INFO - src.trainer -   {'loss': 0.979703426361084, 'learning_rate': 1e-06, 'global_step': 6710, 'zo_forward_step': 13422, 'max_steps': 20000, 'max_zo_forward_steps': 0, 'time': 953, 'eps': 3e-06}
03/25/2026 23:16:04 - INFO - src.trainer -   {'loss': 1.685215711593628, 'learning_rate': 1e-06, 'global_step': 6720, 'zo_forward_step': 13442, 'max_steps': 20000, 'max_zo_forward_steps': 0, 'time': 954, 'eps': 3e-06}
03/25/2026 23:16:06 - INFO - src.trainer -   {'loss': 1.5195484161376953, 'learning_rate': 1e-06, 'global_step': 6730, 'zo_forward_step': 13462, 'max_steps': 20000, 'max_zo_forward_steps': 0, 'time': 956, 'eps': 3e-06}
03/25/2026 23:16:07 - INFO - src.trainer -   {'loss': 0.9940754175186157, 'learning_rate': 1e-06, 'global_step': 6740, 'zo_forward_step': 13482, 'max_steps': 20000, 'max_zo_forward_steps': 0, 'time': 957, 'eps': 3e-06}
03/25/2026 23:16:08 - INFO - src.trainer -   {'loss': 1.6677343845367432, 'learning_rate': 1e-06, 'global_step': 6750, 'zo_forward_step': 13502, 'max_steps': 20000, 'max_zo_forward_steps': 0, 'time': 958, 'eps': 3e-06}
03/25/2026 23:16:09 - INFO - src.trainer -   {'loss': 1.52475905418396, 'learning_rate': 1e-06, 'global_step': 6760, 'zo_forward_step': 13522, 'max_steps': 20000, 'max_zo_forward_steps': 0, 'time': 959, 'eps': 3e-06}
03/25/2026 23:16:11 - INFO - src.trainer -   {'loss': 0.9832402467727661, 'learning_rate': 1e-06, 'global_step': 6770, 'zo_forward_step': 13542, 'max_steps': 20000, 'max_zo_forward_steps': 0, 'time': 960, 'eps': 3e-06}
03/25/2026 23:16:12 - INFO - src.trainer -   {'loss': 1.6665945053100586, 'learning_rate': 1e-06, 'global_step': 6780, 'zo_forward_step': 13562, 'max_steps': 20000, 'max_zo_forward_steps': 0, 'time': 961, 'eps': 3e-06}
03/25/2026 23:16:13 - INFO - src.trainer -   {'loss': 1.526605248451233, 'learning_rate': 1e-06, 'global_step': 6790, 'zo_forward_step': 13582, 'max_steps': 20000, 'max_zo_forward_steps': 0, 'time': 963, 'eps': 3e-06}
661it [15:40,  1.71s/it]672it [15:40,  1.16s/it]03/25/2026 23:16:14 - INFO - src.trainer -   {'eval_loss': 1.570942997932434, 'eval_acc': 0.2125}
03/25/2026 23:16:16 - INFO - src.trainer -   [zo_probe] step=6800 eps=3.000e-06 precision=fp32 n=16 mae=3.183392e-02 rmse=3.967723e-02 sign_acc=1.0000 corr=1.000000
03/25/2026 23:16:16 - INFO - src.trainer -   {'loss': 0.9922700524330139, 'learning_rate': 1e-06, 'global_step': 6800, 'zo_forward_step': 13602, 'max_steps': 20000, 'max_zo_forward_steps': 0, 'time': 966, 'eps': 3e-06}
03/25/2026 23:16:17 - INFO - src.trainer -   {'loss': 1.6555819511413574, 'learning_rate': 1e-06, 'global_step': 6810, 'zo_forward_step': 13622, 'max_steps': 20000, 'max_zo_forward_steps': 0, 'time': 967, 'eps': 3e-06}
03/25/2026 23:16:19 - INFO - src.trainer -   {'loss': 1.5255358219146729, 'learning_rate': 1e-06, 'global_step': 6820, 'zo_forward_step': 13642, 'max_steps': 20000, 'max_zo_forward_steps': 0, 'time': 968, 'eps': 3e-06}
03/25/2026 23:16:20 - INFO - src.trainer -   {'loss': 0.9910091757774353, 'learning_rate': 1e-06, 'global_step': 6830, 'zo_forward_step': 13662, 'max_steps': 20000, 'max_zo_forward_steps': 0, 'time': 969, 'eps': 3e-06}
03/25/2026 23:16:21 - INFO - src.trainer -   {'loss': 1.6504567861557007, 'learning_rate': 1e-06, 'global_step': 6840, 'zo_forward_step': 13682, 'max_steps': 20000, 'max_zo_forward_steps': 0, 'time': 970, 'eps': 3e-06}
03/25/2026 23:16:22 - INFO - src.trainer -   {'loss': 1.5221192836761475, 'learning_rate': 1e-06, 'global_step': 6850, 'zo_forward_step': 13702, 'max_steps': 20000, 'max_zo_forward_steps': 0, 'time': 972, 'eps': 3e-06}
03/25/2026 23:16:23 - INFO - src.trainer -   {'loss': 0.9996380805969238, 'learning_rate': 1e-06, 'global_step': 6860, 'zo_forward_step': 13722, 'max_steps': 20000, 'max_zo_forward_steps': 0, 'time': 973, 'eps': 3e-06}
03/25/2026 23:16:24 - INFO - src.trainer -   {'loss': 1.642910361289978, 'learning_rate': 1e-06, 'global_step': 6870, 'zo_forward_step': 13742, 'max_steps': 20000, 'max_zo_forward_steps': 0, 'time': 974, 'eps': 3e-06}
03/25/2026 23:16:25 - INFO - src.trainer -   {'loss': 1.522796630859375, 'learning_rate': 1e-06, 'global_step': 6880, 'zo_forward_step': 13762, 'max_steps': 20000, 'max_zo_forward_steps': 0, 'time': 975, 'eps': 3e-06}
03/25/2026 23:16:27 - INFO - src.trainer -   {'loss': 1.0011811256408691, 'learning_rate': 1e-06, 'global_step': 6890, 'zo_forward_step': 13782, 'max_steps': 20000, 'max_zo_forward_steps': 0, 'time': 976, 'eps': 3e-06}
03/25/2026 23:16:28 - INFO - src.trainer -   {'loss': 1.6191797256469727, 'learning_rate': 1e-06, 'global_step': 6900, 'zo_forward_step': 13802, 'max_steps': 20000, 'max_zo_forward_steps': 0, 'time': 977, 'eps': 3e-06}
03/25/2026 23:16:29 - INFO - src.trainer -   {'loss': 1.5436137914657593, 'learning_rate': 1e-06, 'global_step': 6910, 'zo_forward_step': 13822, 'max_steps': 20000, 'max_zo_forward_steps': 0, 'time': 979, 'eps': 3e-06}
680it [15:57,  1.16s/it]03/25/2026 23:16:31 - INFO - src.trainer -   {'loss': 1.0104353427886963, 'learning_rate': 1e-06, 'global_step': 6920, 'zo_forward_step': 13842, 'max_steps': 20000, 'max_zo_forward_steps': 0, 'time': 981, 'eps': 3e-06}
03/25/2026 23:16:32 - INFO - src.trainer -   {'loss': 1.6126353740692139, 'learning_rate': 1e-06, 'global_step': 6930, 'zo_forward_step': 13862, 'max_steps': 20000, 'max_zo_forward_steps': 0, 'time': 982, 'eps': 3e-06}
03/25/2026 23:16:33 - INFO - src.trainer -   {'loss': 1.5436208248138428, 'learning_rate': 1e-06, 'global_step': 6940, 'zo_forward_step': 13882, 'max_steps': 20000, 'max_zo_forward_steps': 0, 'time': 983, 'eps': 3e-06}
03/25/2026 23:16:35 - INFO - src.trainer -   {'loss': 1.0104477405548096, 'learning_rate': 1e-06, 'global_step': 6950, 'zo_forward_step': 13902, 'max_steps': 20000, 'max_zo_forward_steps': 0, 'time': 984, 'eps': 3e-06}
03/25/2026 23:16:36 - INFO - src.trainer -   {'loss': 1.6139501333236694, 'learning_rate': 1e-06, 'global_step': 6960, 'zo_forward_step': 13922, 'max_steps': 20000, 'max_zo_forward_steps': 0, 'time': 985, 'eps': 3e-06}
03/25/2026 23:16:37 - INFO - src.trainer -   {'loss': 1.5389808416366577, 'learning_rate': 1e-06, 'global_step': 6970, 'zo_forward_step': 13942, 'max_steps': 20000, 'max_zo_forward_steps': 0, 'time': 987, 'eps': 3e-06}
03/25/2026 23:16:38 - INFO - src.trainer -   {'loss': 1.0178978443145752, 'learning_rate': 1e-06, 'global_step': 6980, 'zo_forward_step': 13962, 'max_steps': 20000, 'max_zo_forward_steps': 0, 'time': 988, 'eps': 3e-06}
03/25/2026 23:16:39 - INFO - src.trainer -   {'loss': 1.611130714416504, 'learning_rate': 1e-06, 'global_step': 6990, 'zo_forward_step': 13982, 'max_steps': 20000, 'max_zo_forward_steps': 0, 'time': 989, 'eps': 3e-06}
681it [16:07,  1.64s/it]692it [16:07,  1.11s/it]03/25/2026 23:16:40 - INFO - src.trainer -   {'eval_loss': 1.5655734539031982, 'eval_acc': 0.2125}
03/25/2026 23:16:43 - INFO - src.trainer -   [zo_probe] step=7000 eps=3.000e-06 precision=fp32 n=16 mae=4.091913e-02 rmse=5.424140e-02 sign_acc=1.0000 corr=0.999999
03/25/2026 23:16:44 - INFO - src.trainer -   {'loss': 1.5360018014907837, 'learning_rate': 1e-06, 'global_step': 7000, 'zo_forward_step': 14002, 'max_steps': 20000, 'max_zo_forward_steps': 0, 'time': 993, 'eps': 3e-06}
03/25/2026 23:16:45 - INFO - src.trainer -   {'loss': 1.0164762735366821, 'learning_rate': 1e-06, 'global_step': 7010, 'zo_forward_step': 14022, 'max_steps': 20000, 'max_zo_forward_steps': 0, 'time': 994, 'eps': 3e-06}
03/25/2026 23:16:46 - INFO - src.trainer -   {'loss': 1.6120693683624268, 'learning_rate': 1e-06, 'global_step': 7020, 'zo_forward_step': 14042, 'max_steps': 20000, 'max_zo_forward_steps': 0, 'time': 996, 'eps': 3e-06}
03/25/2026 23:16:47 - INFO - src.trainer -   {'loss': 1.5313483476638794, 'learning_rate': 1e-06, 'global_step': 7030, 'zo_forward_step': 14062, 'max_steps': 20000, 'max_zo_forward_steps': 0, 'time': 997, 'eps': 3e-06}
03/25/2026 23:16:48 - INFO - src.trainer -   {'loss': 1.000872015953064, 'learning_rate': 1e-06, 'global_step': 7040, 'zo_forward_step': 14082, 'max_steps': 20000, 'max_zo_forward_steps': 0, 'time': 998, 'eps': 3e-06}
03/25/2026 23:16:49 - INFO - src.trainer -   {'loss': 1.623239517211914, 'learning_rate': 1e-06, 'global_step': 7050, 'zo_forward_step': 14102, 'max_steps': 20000, 'max_zo_forward_steps': 0, 'time': 999, 'eps': 3e-06}
700it [16:17,  1.11s/it]03/25/2026 23:16:51 - INFO - src.trainer -   {'loss': 1.5408515930175781, 'learning_rate': 1e-06, 'global_step': 7060, 'zo_forward_step': 14122, 'max_steps': 20000, 'max_zo_forward_steps': 0, 'time': 1001, 'eps': 3e-06}
03/25/2026 23:16:52 - INFO - src.trainer -   {'loss': 0.9980871677398682, 'learning_rate': 1e-06, 'global_step': 7070, 'zo_forward_step': 14142, 'max_steps': 20000, 'max_zo_forward_steps': 0, 'time': 1002, 'eps': 3e-06}
03/25/2026 23:16:53 - INFO - src.trainer -   {'loss': 1.6119762659072876, 'learning_rate': 1e-06, 'global_step': 7080, 'zo_forward_step': 14162, 'max_steps': 20000, 'max_zo_forward_steps': 0, 'time': 1003, 'eps': 3e-06}
03/25/2026 23:16:55 - INFO - src.trainer -   {'loss': 1.5417941808700562, 'learning_rate': 1e-06, 'global_step': 7090, 'zo_forward_step': 14182, 'max_steps': 20000, 'max_zo_forward_steps': 0, 'time': 1005, 'eps': 3e-06}
03/25/2026 23:16:57 - INFO - src.trainer -   {'loss': 1.0036792755126953, 'learning_rate': 1e-06, 'global_step': 7100, 'zo_forward_step': 14202, 'max_steps': 20000, 'max_zo_forward_steps': 0, 'time': 1006, 'eps': 3e-06}
03/25/2026 23:16:58 - INFO - src.trainer -   {'loss': 1.6064512729644775, 'learning_rate': 1e-06, 'global_step': 7110, 'zo_forward_step': 14222, 'max_steps': 20000, 'max_zo_forward_steps': 0, 'time': 1007, 'eps': 3e-06}
03/25/2026 23:16:59 - INFO - src.trainer -   {'loss': 1.5420808792114258, 'learning_rate': 1e-06, 'global_step': 7120, 'zo_forward_step': 14242, 'max_steps': 20000, 'max_zo_forward_steps': 0, 'time': 1009, 'eps': 3e-06}
03/25/2026 23:17:00 - INFO - src.trainer -   {'loss': 1.0099852085113525, 'learning_rate': 1e-06, 'global_step': 7130, 'zo_forward_step': 14262, 'max_steps': 20000, 'max_zo_forward_steps': 0, 'time': 1010, 'eps': 3e-06}
03/25/2026 23:17:01 - INFO - src.trainer -   {'loss': 1.609812617301941, 'learning_rate': 1e-06, 'global_step': 7140, 'zo_forward_step': 14282, 'max_steps': 20000, 'max_zo_forward_steps': 0, 'time': 1011, 'eps': 3e-06}
03/25/2026 23:17:03 - INFO - src.trainer -   {'loss': 1.5263886451721191, 'learning_rate': 1e-06, 'global_step': 7150, 'zo_forward_step': 14302, 'max_steps': 20000, 'max_zo_forward_steps': 0, 'time': 1012, 'eps': 3e-06}
03/25/2026 23:17:04 - INFO - src.trainer -   {'loss': 1.0280790328979492, 'learning_rate': 1e-06, 'global_step': 7160, 'zo_forward_step': 14322, 'max_steps': 20000, 'max_zo_forward_steps': 0, 'time': 1013, 'eps': 3e-06}
03/25/2026 23:17:05 - INFO - src.trainer -   {'loss': 1.6014420986175537, 'learning_rate': 1e-06, 'global_step': 7170, 'zo_forward_step': 14342, 'max_steps': 20000, 'max_zo_forward_steps': 0, 'time': 1015, 'eps': 3e-06}
03/25/2026 23:17:07 - INFO - src.trainer -   {'loss': 1.5196207761764526, 'learning_rate': 1e-06, 'global_step': 7180, 'zo_forward_step': 14362, 'max_steps': 20000, 'max_zo_forward_steps': 0, 'time': 1016, 'eps': 3e-06}
03/25/2026 23:17:08 - INFO - src.trainer -   {'loss': 1.0178073644638062, 'learning_rate': 1e-06, 'global_step': 7190, 'zo_forward_step': 14382, 'max_steps': 20000, 'max_zo_forward_steps': 0, 'time': 1017, 'eps': 3e-06}
701it [16:35,  1.67s/it]712it [16:35,  1.13s/it]03/25/2026 23:17:09 - INFO - src.trainer -   {'eval_loss': 1.5627391338348389, 'eval_acc': 0.225}
03/25/2026 23:17:12 - INFO - src.trainer -   [zo_probe] step=7200 eps=3.000e-06 precision=fp32 n=16 mae=5.246554e-02 rmse=6.484817e-02 sign_acc=1.0000 corr=0.999998
03/25/2026 23:17:12 - INFO - src.trainer -   {'loss': 1.6210328340530396, 'learning_rate': 1e-06, 'global_step': 7200, 'zo_forward_step': 14402, 'max_steps': 20000, 'max_zo_forward_steps': 0, 'time': 1022, 'eps': 3e-06}
03/25/2026 23:17:14 - INFO - src.trainer -   {'loss': 1.5148522853851318, 'learning_rate': 1e-06, 'global_step': 7210, 'zo_forward_step': 14422, 'max_steps': 20000, 'max_zo_forward_steps': 0, 'time': 1023, 'eps': 3e-06}
03/25/2026 23:17:15 - INFO - src.trainer -   {'loss': 1.0250089168548584, 'learning_rate': 1e-06, 'global_step': 7220, 'zo_forward_step': 14442, 'max_steps': 20000, 'max_zo_forward_steps': 0, 'time': 1025, 'eps': 3e-06}
03/25/2026 23:17:16 - INFO - src.trainer -   {'loss': 1.6215310096740723, 'learning_rate': 1e-06, 'global_step': 7230, 'zo_forward_step': 14462, 'max_steps': 20000, 'max_zo_forward_steps': 0, 'time': 1026, 'eps': 3e-06}
03/25/2026 23:17:18 - INFO - src.trainer -   {'loss': 1.5138694047927856, 'learning_rate': 1e-06, 'global_step': 7240, 'zo_forward_step': 14482, 'max_steps': 20000, 'max_zo_forward_steps': 0, 'time': 1027, 'eps': 3e-06}
03/25/2026 23:17:19 - INFO - src.trainer -   {'loss': 1.0292689800262451, 'learning_rate': 1e-06, 'global_step': 7250, 'zo_forward_step': 14502, 'max_steps': 20000, 'max_zo_forward_steps': 0, 'time': 1028, 'eps': 3e-06}
03/25/2026 23:17:20 - INFO - src.trainer -   {'loss': 1.6106376647949219, 'learning_rate': 1e-06, 'global_step': 7260, 'zo_forward_step': 14522, 'max_steps': 20000, 'max_zo_forward_steps': 0, 'time': 1030, 'eps': 3e-06}
720it [16:47,  1.13s/it]03/25/2026 23:17:21 - INFO - src.trainer -   {'loss': 1.5125374794006348, 'learning_rate': 1e-06, 'global_step': 7270, 'zo_forward_step': 14542, 'max_steps': 20000, 'max_zo_forward_steps': 0, 'time': 1031, 'eps': 3e-06}
03/25/2026 23:17:22 - INFO - src.trainer -   {'loss': 1.0271809101104736, 'learning_rate': 1e-06, 'global_step': 7280, 'zo_forward_step': 14562, 'max_steps': 20000, 'max_zo_forward_steps': 0, 'time': 1032, 'eps': 3e-06}
03/25/2026 23:17:23 - INFO - src.trainer -   {'loss': 1.6055408716201782, 'learning_rate': 1e-06, 'global_step': 7290, 'zo_forward_step': 14582, 'max_steps': 20000, 'max_zo_forward_steps': 0, 'time': 1033, 'eps': 3e-06}
03/25/2026 23:17:25 - INFO - src.trainer -   {'loss': 1.5116603374481201, 'learning_rate': 1e-06, 'global_step': 7300, 'zo_forward_step': 14602, 'max_steps': 20000, 'max_zo_forward_steps': 0, 'time': 1034, 'eps': 3e-06}
03/25/2026 23:17:26 - INFO - src.trainer -   {'loss': 1.0288846492767334, 'learning_rate': 1e-06, 'global_step': 7310, 'zo_forward_step': 14622, 'max_steps': 20000, 'max_zo_forward_steps': 0, 'time': 1035, 'eps': 3e-06}
03/25/2026 23:17:27 - INFO - src.trainer -   {'loss': 1.5951241254806519, 'learning_rate': 1e-06, 'global_step': 7320, 'zo_forward_step': 14642, 'max_steps': 20000, 'max_zo_forward_steps': 0, 'time': 1037, 'eps': 3e-06}
03/25/2026 23:17:28 - INFO - src.trainer -   {'loss': 1.5052598714828491, 'learning_rate': 1e-06, 'global_step': 7330, 'zo_forward_step': 14662, 'max_steps': 20000, 'max_zo_forward_steps': 0, 'time': 1038, 'eps': 3e-06}
03/25/2026 23:17:29 - INFO - src.trainer -   {'loss': 1.0325130224227905, 'learning_rate': 1e-06, 'global_step': 7340, 'zo_forward_step': 14682, 'max_steps': 20000, 'max_zo_forward_steps': 0, 'time': 1039, 'eps': 3e-06}
03/25/2026 23:17:31 - INFO - src.trainer -   {'loss': 1.6116381883621216, 'learning_rate': 1e-06, 'global_step': 7350, 'zo_forward_step': 14702, 'max_steps': 20000, 'max_zo_forward_steps': 0, 'time': 1040, 'eps': 3e-06}
03/25/2026 23:17:32 - INFO - src.trainer -   {'loss': 1.4895671606063843, 'learning_rate': 1e-06, 'global_step': 7360, 'zo_forward_step': 14722, 'max_steps': 20000, 'max_zo_forward_steps': 0, 'time': 1042, 'eps': 3e-06}
03/25/2026 23:17:34 - INFO - src.trainer -   {'loss': 1.0277055501937866, 'learning_rate': 1e-06, 'global_step': 7370, 'zo_forward_step': 14742, 'max_steps': 20000, 'max_zo_forward_steps': 0, 'time': 1043, 'eps': 3e-06}
03/25/2026 23:17:35 - INFO - src.trainer -   {'loss': 1.609544038772583, 'learning_rate': 1e-06, 'global_step': 7380, 'zo_forward_step': 14762, 'max_steps': 20000, 'max_zo_forward_steps': 0, 'time': 1045, 'eps': 3e-06}
03/25/2026 23:17:36 - INFO - src.trainer -   {'loss': 1.483623743057251, 'learning_rate': 1e-06, 'global_step': 7390, 'zo_forward_step': 14782, 'max_steps': 20000, 'max_zo_forward_steps': 0, 'time': 1046, 'eps': 3e-06}
721it [17:04,  1.69s/it]732it [17:04,  1.15s/it]03/25/2026 23:17:37 - INFO - src.trainer -   {'eval_loss': 1.5501716136932373, 'eval_acc': 0.225}
03/25/2026 23:17:40 - INFO - src.trainer -   [zo_probe] step=7400 eps=3.000e-06 precision=fp32 n=16 mae=4.234605e-02 rmse=5.479349e-02 sign_acc=1.0000 corr=1.000000
03/25/2026 23:17:40 - INFO - src.trainer -   {'loss': 1.0522805452346802, 'learning_rate': 1e-06, 'global_step': 7400, 'zo_forward_step': 14802, 'max_steps': 20000, 'max_zo_forward_steps': 0, 'time': 1049, 'eps': 3e-06}
03/25/2026 23:17:41 - INFO - src.trainer -   {'loss': 1.5830082893371582, 'learning_rate': 1e-06, 'global_step': 7410, 'zo_forward_step': 14822, 'max_steps': 20000, 'max_zo_forward_steps': 0, 'time': 1050, 'eps': 3e-06}
03/25/2026 23:17:42 - INFO - src.trainer -   {'loss': 1.4819972515106201, 'learning_rate': 1e-06, 'global_step': 7420, 'zo_forward_step': 14842, 'max_steps': 20000, 'max_zo_forward_steps': 0, 'time': 1052, 'eps': 3e-06}
03/25/2026 23:17:43 - INFO - src.trainer -   {'loss': 1.0512737035751343, 'learning_rate': 1e-06, 'global_step': 7430, 'zo_forward_step': 14862, 'max_steps': 20000, 'max_zo_forward_steps': 0, 'time': 1053, 'eps': 3e-06}
03/25/2026 23:17:45 - INFO - src.trainer -   {'loss': 1.590635895729065, 'learning_rate': 1e-06, 'global_step': 7440, 'zo_forward_step': 14882, 'max_steps': 20000, 'max_zo_forward_steps': 0, 'time': 1054, 'eps': 3e-06}
03/25/2026 23:17:46 - INFO - src.trainer -   {'loss': 1.5096207857131958, 'learning_rate': 1e-06, 'global_step': 7450, 'zo_forward_step': 14902, 'max_steps': 20000, 'max_zo_forward_steps': 0, 'time': 1056, 'eps': 3e-06}
03/25/2026 23:17:47 - INFO - src.trainer -   {'loss': 1.0371845960617065, 'learning_rate': 1e-06, 'global_step': 7460, 'zo_forward_step': 14922, 'max_steps': 20000, 'max_zo_forward_steps': 0, 'time': 1057, 'eps': 3e-06}
03/25/2026 23:17:48 - INFO - src.trainer -   {'loss': 1.5959933996200562, 'learning_rate': 1e-06, 'global_step': 7470, 'zo_forward_step': 14942, 'max_steps': 20000, 'max_zo_forward_steps': 0, 'time': 1058, 'eps': 3e-06}
03/25/2026 23:17:49 - INFO - src.trainer -   {'loss': 1.5024168491363525, 'learning_rate': 1e-06, 'global_step': 7480, 'zo_forward_step': 14962, 'max_steps': 20000, 'max_zo_forward_steps': 0, 'time': 1059, 'eps': 3e-06}
03/25/2026 23:17:50 - INFO - src.trainer -   {'loss': 1.0389693975448608, 'learning_rate': 1e-06, 'global_step': 7490, 'zo_forward_step': 14982, 'max_steps': 20000, 'max_zo_forward_steps': 0, 'time': 1060, 'eps': 3e-06}
740it [17:17,  1.15s/it]03/25/2026 23:17:52 - INFO - src.trainer -   {'loss': 1.579872965812683, 'learning_rate': 1e-06, 'global_step': 7500, 'zo_forward_step': 15002, 'max_steps': 20000, 'max_zo_forward_steps': 0, 'time': 1061, 'eps': 3e-06}
03/25/2026 23:17:53 - INFO - src.trainer -   {'loss': 1.517982840538025, 'learning_rate': 1e-06, 'global_step': 7510, 'zo_forward_step': 15022, 'max_steps': 20000, 'max_zo_forward_steps': 0, 'time': 1062, 'eps': 3e-06}
03/25/2026 23:17:54 - INFO - src.trainer -   {'loss': 1.0186055898666382, 'learning_rate': 1e-06, 'global_step': 7520, 'zo_forward_step': 15042, 'max_steps': 20000, 'max_zo_forward_steps': 0, 'time': 1064, 'eps': 3e-06}
03/25/2026 23:17:55 - INFO - src.trainer -   {'loss': 1.573359727859497, 'learning_rate': 1e-06, 'global_step': 7530, 'zo_forward_step': 15062, 'max_steps': 20000, 'max_zo_forward_steps': 0, 'time': 1065, 'eps': 3e-06}
03/25/2026 23:17:56 - INFO - src.trainer -   {'loss': 1.5078078508377075, 'learning_rate': 1e-06, 'global_step': 7540, 'zo_forward_step': 15082, 'max_steps': 20000, 'max_zo_forward_steps': 0, 'time': 1066, 'eps': 3e-06}
03/25/2026 23:17:57 - INFO - src.trainer -   {'loss': 1.0344226360321045, 'learning_rate': 1e-06, 'global_step': 7550, 'zo_forward_step': 15102, 'max_steps': 20000, 'max_zo_forward_steps': 0, 'time': 1067, 'eps': 3e-06}
03/25/2026 23:17:59 - INFO - src.trainer -   {'loss': 1.5774179697036743, 'learning_rate': 1e-06, 'global_step': 7560, 'zo_forward_step': 15122, 'max_steps': 20000, 'max_zo_forward_steps': 0, 'time': 1068, 'eps': 3e-06}
03/25/2026 23:18:00 - INFO - src.trainer -   {'loss': 1.5075721740722656, 'learning_rate': 1e-06, 'global_step': 7570, 'zo_forward_step': 15142, 'max_steps': 20000, 'max_zo_forward_steps': 0, 'time': 1069, 'eps': 3e-06}
03/25/2026 23:18:01 - INFO - src.trainer -   {'loss': 1.036621332168579, 'learning_rate': 1e-06, 'global_step': 7580, 'zo_forward_step': 15162, 'max_steps': 20000, 'max_zo_forward_steps': 0, 'time': 1071, 'eps': 3e-06}
03/25/2026 23:18:02 - INFO - src.trainer -   {'loss': 1.572792410850525, 'learning_rate': 1e-06, 'global_step': 7590, 'zo_forward_step': 15182, 'max_steps': 20000, 'max_zo_forward_steps': 0, 'time': 1072, 'eps': 3e-06}
741it [17:29,  1.61s/it]752it [17:29,  1.09s/it]03/25/2026 23:18:03 - INFO - src.trainer -   {'eval_loss': 1.5477735996246338, 'eval_acc': 0.225}
03/25/2026 23:18:06 - INFO - src.trainer -   [zo_probe] step=7600 eps=3.000e-06 precision=fp32 n=16 mae=3.503162e-02 rmse=4.730204e-02 sign_acc=1.0000 corr=1.000000
03/25/2026 23:18:06 - INFO - src.trainer -   {'loss': 1.5150244235992432, 'learning_rate': 1e-06, 'global_step': 7600, 'zo_forward_step': 15202, 'max_steps': 20000, 'max_zo_forward_steps': 0, 'time': 1076, 'eps': 3e-06}
03/25/2026 23:18:07 - INFO - src.trainer -   {'loss': 1.0218437910079956, 'learning_rate': 1e-06, 'global_step': 7610, 'zo_forward_step': 15222, 'max_steps': 20000, 'max_zo_forward_steps': 0, 'time': 1077, 'eps': 3e-06}
03/25/2026 23:18:09 - INFO - src.trainer -   {'loss': 1.5782549381256104, 'learning_rate': 1e-06, 'global_step': 7620, 'zo_forward_step': 15242, 'max_steps': 20000, 'max_zo_forward_steps': 0, 'time': 1078, 'eps': 3e-06}
03/25/2026 23:18:10 - INFO - src.trainer -   {'loss': 1.5145286321640015, 'learning_rate': 1e-06, 'global_step': 7630, 'zo_forward_step': 15262, 'max_steps': 20000, 'max_zo_forward_steps': 0, 'time': 1079, 'eps': 3e-06}
03/25/2026 23:18:11 - INFO - src.trainer -   {'loss': 1.0444588661193848, 'learning_rate': 1e-06, 'global_step': 7640, 'zo_forward_step': 15282, 'max_steps': 20000, 'max_zo_forward_steps': 0, 'time': 1081, 'eps': 3e-06}
03/25/2026 23:18:12 - INFO - src.trainer -   {'loss': 1.560064673423767, 'learning_rate': 1e-06, 'global_step': 7650, 'zo_forward_step': 15302, 'max_steps': 20000, 'max_zo_forward_steps': 0, 'time': 1082, 'eps': 3e-06}
03/25/2026 23:18:13 - INFO - src.trainer -   {'loss': 1.519938588142395, 'learning_rate': 1e-06, 'global_step': 7660, 'zo_forward_step': 15322, 'max_steps': 20000, 'max_zo_forward_steps': 0, 'time': 1083, 'eps': 3e-06}
03/25/2026 23:18:14 - INFO - src.trainer -   {'loss': 1.028878927230835, 'learning_rate': 1e-06, 'global_step': 7670, 'zo_forward_step': 15342, 'max_steps': 20000, 'max_zo_forward_steps': 0, 'time': 1084, 'eps': 3e-06}
03/25/2026 23:18:15 - INFO - src.trainer -   {'loss': 1.5686280727386475, 'learning_rate': 1e-06, 'global_step': 7680, 'zo_forward_step': 15362, 'max_steps': 20000, 'max_zo_forward_steps': 0, 'time': 1085, 'eps': 3e-06}
03/25/2026 23:18:17 - INFO - src.trainer -   {'loss': 1.520986795425415, 'learning_rate': 1e-06, 'global_step': 7690, 'zo_forward_step': 15382, 'max_steps': 20000, 'max_zo_forward_steps': 0, 'time': 1086, 'eps': 3e-06}
03/25/2026 23:18:18 - INFO - src.trainer -   {'loss': 1.0318140983581543, 'learning_rate': 1e-06, 'global_step': 7700, 'zo_forward_step': 15402, 'max_steps': 20000, 'max_zo_forward_steps': 0, 'time': 1088, 'eps': 3e-06}
03/25/2026 23:18:19 - INFO - src.trainer -   {'loss': 1.5561858415603638, 'learning_rate': 1e-06, 'global_step': 7710, 'zo_forward_step': 15422, 'max_steps': 20000, 'max_zo_forward_steps': 0, 'time': 1089, 'eps': 3e-06}
760it [17:47,  1.09s/it]03/25/2026 23:18:21 - INFO - src.trainer -   {'loss': 1.534450650215149, 'learning_rate': 1e-06, 'global_step': 7720, 'zo_forward_step': 15442, 'max_steps': 20000, 'max_zo_forward_steps': 0, 'time': 1091, 'eps': 3e-06}
03/25/2026 23:18:23 - INFO - src.trainer -   {'loss': 1.0326652526855469, 'learning_rate': 1e-06, 'global_step': 7730, 'zo_forward_step': 15462, 'max_steps': 20000, 'max_zo_forward_steps': 0, 'time': 1092, 'eps': 3e-06}
03/25/2026 23:18:24 - INFO - src.trainer -   {'loss': 1.56575608253479, 'learning_rate': 1e-06, 'global_step': 7740, 'zo_forward_step': 15482, 'max_steps': 20000, 'max_zo_forward_steps': 0, 'time': 1093, 'eps': 3e-06}
03/25/2026 23:18:25 - INFO - src.trainer -   {'loss': 1.51491117477417, 'learning_rate': 1e-06, 'global_step': 7750, 'zo_forward_step': 15502, 'max_steps': 20000, 'max_zo_forward_steps': 0, 'time': 1094, 'eps': 3e-06}
03/25/2026 23:18:26 - INFO - src.trainer -   {'loss': 1.0061086416244507, 'learning_rate': 1e-06, 'global_step': 7760, 'zo_forward_step': 15522, 'max_steps': 20000, 'max_zo_forward_steps': 0, 'time': 1096, 'eps': 3e-06}
03/25/2026 23:18:28 - INFO - src.trainer -   {'loss': 1.5664030313491821, 'learning_rate': 1e-06, 'global_step': 7770, 'zo_forward_step': 15542, 'max_steps': 20000, 'max_zo_forward_steps': 0, 'time': 1097, 'eps': 3e-06}
03/25/2026 23:18:29 - INFO - src.trainer -   {'loss': 1.5192434787750244, 'learning_rate': 1e-06, 'global_step': 7780, 'zo_forward_step': 15562, 'max_steps': 20000, 'max_zo_forward_steps': 0, 'time': 1098, 'eps': 3e-06}
03/25/2026 23:18:30 - INFO - src.trainer -   {'loss': 1.0211478471755981, 'learning_rate': 1e-06, 'global_step': 7790, 'zo_forward_step': 15582, 'max_steps': 20000, 'max_zo_forward_steps': 0, 'time': 1100, 'eps': 3e-06}
761it [17:57,  1.64s/it]772it [17:57,  1.11s/it]03/25/2026 23:18:31 - INFO - src.trainer -   {'eval_loss': 1.5447276830673218, 'eval_acc': 0.25}
03/25/2026 23:18:31 - INFO - src.trainer -   Best dev result: 0.25
03/25/2026 23:18:34 - INFO - src.trainer -   [zo_probe] step=7800 eps=3.000e-06 precision=fp32 n=16 mae=3.459029e-02 rmse=4.505966e-02 sign_acc=1.0000 corr=0.999999
03/25/2026 23:18:34 - INFO - src.trainer -   {'loss': 1.5614807605743408, 'learning_rate': 1e-06, 'global_step': 7800, 'zo_forward_step': 15602, 'max_steps': 20000, 'max_zo_forward_steps': 0, 'time': 1104, 'eps': 3e-06}
03/25/2026 23:18:36 - INFO - src.trainer -   {'loss': 1.516539454460144, 'learning_rate': 1e-06, 'global_step': 7810, 'zo_forward_step': 15622, 'max_steps': 20000, 'max_zo_forward_steps': 0, 'time': 1105, 'eps': 3e-06}
03/25/2026 23:18:37 - INFO - src.trainer -   {'loss': 1.0100865364074707, 'learning_rate': 1e-06, 'global_step': 7820, 'zo_forward_step': 15642, 'max_steps': 20000, 'max_zo_forward_steps': 0, 'time': 1106, 'eps': 3e-06}
03/25/2026 23:18:38 - INFO - src.trainer -   {'loss': 1.5615622997283936, 'learning_rate': 1e-06, 'global_step': 7830, 'zo_forward_step': 15662, 'max_steps': 20000, 'max_zo_forward_steps': 0, 'time': 1107, 'eps': 3e-06}
03/25/2026 23:18:40 - INFO - src.trainer -   {'loss': 1.5156759023666382, 'learning_rate': 1e-06, 'global_step': 7840, 'zo_forward_step': 15682, 'max_steps': 20000, 'max_zo_forward_steps': 0, 'time': 1110, 'eps': 3e-06}
03/25/2026 23:18:41 - INFO - src.trainer -   {'loss': 1.0078009366989136, 'learning_rate': 1e-06, 'global_step': 7850, 'zo_forward_step': 15702, 'max_steps': 20000, 'max_zo_forward_steps': 0, 'time': 1111, 'eps': 3e-06}
03/25/2026 23:18:43 - INFO - src.trainer -   {'loss': 1.5550308227539062, 'learning_rate': 1e-06, 'global_step': 7860, 'zo_forward_step': 15722, 'max_steps': 20000, 'max_zo_forward_steps': 0, 'time': 1113, 'eps': 3e-06}
03/25/2026 23:18:44 - INFO - src.trainer -   {'loss': 1.5201709270477295, 'learning_rate': 1e-06, 'global_step': 7870, 'zo_forward_step': 15742, 'max_steps': 20000, 'max_zo_forward_steps': 0, 'time': 1114, 'eps': 3e-06}
03/25/2026 23:18:45 - INFO - src.trainer -   {'loss': 1.0228568315505981, 'learning_rate': 1e-06, 'global_step': 7880, 'zo_forward_step': 15762, 'max_steps': 20000, 'max_zo_forward_steps': 0, 'time': 1115, 'eps': 3e-06}
03/25/2026 23:18:46 - INFO - src.trainer -   {'loss': 1.5558676719665527, 'learning_rate': 1e-06, 'global_step': 7890, 'zo_forward_step': 15782, 'max_steps': 20000, 'max_zo_forward_steps': 0, 'time': 1116, 'eps': 3e-06}
03/25/2026 23:18:48 - INFO - src.trainer -   {'loss': 1.5219372510910034, 'learning_rate': 1e-06, 'global_step': 7900, 'zo_forward_step': 15802, 'max_steps': 20000, 'max_zo_forward_steps': 0, 'time': 1117, 'eps': 3e-06}
03/25/2026 23:18:49 - INFO - src.trainer -   {'loss': 0.9943538904190063, 'learning_rate': 1e-06, 'global_step': 7910, 'zo_forward_step': 15822, 'max_steps': 20000, 'max_zo_forward_steps': 0, 'time': 1118, 'eps': 3e-06}
03/25/2026 23:18:50 - INFO - src.trainer -   {'loss': 1.5677709579467773, 'learning_rate': 1e-06, 'global_step': 7920, 'zo_forward_step': 15842, 'max_steps': 20000, 'max_zo_forward_steps': 0, 'time': 1119, 'eps': 3e-06}
780it [18:17,  1.11s/it]03/25/2026 23:18:51 - INFO - src.trainer -   {'loss': 1.53217613697052, 'learning_rate': 1e-06, 'global_step': 7930, 'zo_forward_step': 15862, 'max_steps': 20000, 'max_zo_forward_steps': 0, 'time': 1121, 'eps': 3e-06}
03/25/2026 23:18:52 - INFO - src.trainer -   {'loss': 0.9770326614379883, 'learning_rate': 1e-06, 'global_step': 7940, 'zo_forward_step': 15882, 'max_steps': 20000, 'max_zo_forward_steps': 0, 'time': 1122, 'eps': 3e-06}
03/25/2026 23:18:53 - INFO - src.trainer -   {'loss': 1.5675675868988037, 'learning_rate': 1e-06, 'global_step': 7950, 'zo_forward_step': 15902, 'max_steps': 20000, 'max_zo_forward_steps': 0, 'time': 1123, 'eps': 3e-06}
03/25/2026 23:18:54 - INFO - src.trainer -   {'loss': 1.5342261791229248, 'learning_rate': 1e-06, 'global_step': 7960, 'zo_forward_step': 15922, 'max_steps': 20000, 'max_zo_forward_steps': 0, 'time': 1124, 'eps': 3e-06}
03/25/2026 23:18:56 - INFO - src.trainer -   {'loss': 0.9577943086624146, 'learning_rate': 1e-06, 'global_step': 7970, 'zo_forward_step': 15942, 'max_steps': 20000, 'max_zo_forward_steps': 0, 'time': 1125, 'eps': 3e-06}
03/25/2026 23:18:57 - INFO - src.trainer -   {'loss': 1.5796771049499512, 'learning_rate': 1e-06, 'global_step': 7980, 'zo_forward_step': 15962, 'max_steps': 20000, 'max_zo_forward_steps': 0, 'time': 1126, 'eps': 3e-06}
03/25/2026 23:18:58 - INFO - src.trainer -   {'loss': 1.5437484979629517, 'learning_rate': 1e-06, 'global_step': 7990, 'zo_forward_step': 15982, 'max_steps': 20000, 'max_zo_forward_steps': 0, 'time': 1128, 'eps': 3e-06}
781it [18:25,  1.66s/it]792it [18:25,  1.13s/it]03/25/2026 23:18:59 - INFO - src.trainer -   {'eval_loss': 1.5496797561645508, 'eval_acc': 0.25}
03/25/2026 23:19:01 - INFO - src.trainer -   [zo_probe] step=8000 eps=3.000e-06 precision=fp32 n=16 mae=3.669670e-02 rmse=3.990227e-02 sign_acc=1.0000 corr=1.000000
03/25/2026 23:19:01 - INFO - src.trainer -   {'loss': 0.936492919921875, 'learning_rate': 1e-06, 'global_step': 8000, 'zo_forward_step': 16002, 'max_steps': 20000, 'max_zo_forward_steps': 0, 'time': 1131, 'eps': 3e-06}
03/25/2026 23:19:02 - INFO - src.trainer -   {'loss': 1.5884417295455933, 'learning_rate': 1e-06, 'global_step': 8010, 'zo_forward_step': 16022, 'max_steps': 20000, 'max_zo_forward_steps': 0, 'time': 1132, 'eps': 3e-06}
03/25/2026 23:19:04 - INFO - src.trainer -   {'loss': 1.5527833700180054, 'learning_rate': 1e-06, 'global_step': 8020, 'zo_forward_step': 16042, 'max_steps': 20000, 'max_zo_forward_steps': 0, 'time': 1133, 'eps': 3e-06}
03/25/2026 23:19:05 - INFO - src.trainer -   {'loss': 0.9170731902122498, 'learning_rate': 1e-06, 'global_step': 8030, 'zo_forward_step': 16062, 'max_steps': 20000, 'max_zo_forward_steps': 0, 'time': 1134, 'eps': 3e-06}
03/25/2026 23:19:06 - INFO - src.trainer -   {'loss': 1.586778163909912, 'learning_rate': 1e-06, 'global_step': 8040, 'zo_forward_step': 16082, 'max_steps': 20000, 'max_zo_forward_steps': 0, 'time': 1135, 'eps': 3e-06}
03/25/2026 23:19:07 - INFO - src.trainer -   {'loss': 1.5484868288040161, 'learning_rate': 1e-06, 'global_step': 8050, 'zo_forward_step': 16102, 'max_steps': 20000, 'max_zo_forward_steps': 0, 'time': 1137, 'eps': 3e-06}
03/25/2026 23:19:08 - INFO - src.trainer -   {'loss': 0.936689019203186, 'learning_rate': 1e-06, 'global_step': 8060, 'zo_forward_step': 16122, 'max_steps': 20000, 'max_zo_forward_steps': 0, 'time': 1138, 'eps': 3e-06}
03/25/2026 23:19:09 - INFO - src.trainer -   {'loss': 1.570204496383667, 'learning_rate': 1e-06, 'global_step': 8070, 'zo_forward_step': 16142, 'max_steps': 20000, 'max_zo_forward_steps': 0, 'time': 1139, 'eps': 3e-06}
03/25/2026 23:19:10 - INFO - src.trainer -   {'loss': 1.5523741245269775, 'learning_rate': 1e-06, 'global_step': 8080, 'zo_forward_step': 16162, 'max_steps': 20000, 'max_zo_forward_steps': 0, 'time': 1140, 'eps': 3e-06}
800it [18:37,  1.13s/it]03/25/2026 23:19:12 - INFO - src.trainer -   {'loss': 0.9389320611953735, 'learning_rate': 1e-06, 'global_step': 8090, 'zo_forward_step': 16182, 'max_steps': 20000, 'max_zo_forward_steps': 0, 'time': 1141, 'eps': 3e-06}
03/25/2026 23:19:13 - INFO - src.trainer -   {'loss': 1.5725730657577515, 'learning_rate': 1e-06, 'global_step': 8100, 'zo_forward_step': 16202, 'max_steps': 20000, 'max_zo_forward_steps': 0, 'time': 1142, 'eps': 3e-06}
03/25/2026 23:19:14 - INFO - src.trainer -   {'loss': 1.5567387342453003, 'learning_rate': 1e-06, 'global_step': 8110, 'zo_forward_step': 16222, 'max_steps': 20000, 'max_zo_forward_steps': 0, 'time': 1144, 'eps': 3e-06}
03/25/2026 23:19:15 - INFO - src.trainer -   {'loss': 0.9239491820335388, 'learning_rate': 1e-06, 'global_step': 8120, 'zo_forward_step': 16242, 'max_steps': 20000, 'max_zo_forward_steps': 0, 'time': 1145, 'eps': 3e-06}
03/25/2026 23:19:16 - INFO - src.trainer -   {'loss': 1.5706979036331177, 'learning_rate': 1e-06, 'global_step': 8130, 'zo_forward_step': 16262, 'max_steps': 20000, 'max_zo_forward_steps': 0, 'time': 1146, 'eps': 3e-06}
03/25/2026 23:19:17 - INFO - src.trainer -   {'loss': 1.5569102764129639, 'learning_rate': 1e-06, 'global_step': 8140, 'zo_forward_step': 16282, 'max_steps': 20000, 'max_zo_forward_steps': 0, 'time': 1147, 'eps': 3e-06}
03/25/2026 23:19:18 - INFO - src.trainer -   {'loss': 0.9434842467308044, 'learning_rate': 1e-06, 'global_step': 8150, 'zo_forward_step': 16302, 'max_steps': 20000, 'max_zo_forward_steps': 0, 'time': 1148, 'eps': 3e-06}
03/25/2026 23:19:20 - INFO - src.trainer -   {'loss': 1.5533026456832886, 'learning_rate': 1e-06, 'global_step': 8160, 'zo_forward_step': 16322, 'max_steps': 20000, 'max_zo_forward_steps': 0, 'time': 1149, 'eps': 3e-06}
03/25/2026 23:19:21 - INFO - src.trainer -   {'loss': 1.541139841079712, 'learning_rate': 1e-06, 'global_step': 8170, 'zo_forward_step': 16342, 'max_steps': 20000, 'max_zo_forward_steps': 0, 'time': 1150, 'eps': 3e-06}
03/25/2026 23:19:22 - INFO - src.trainer -   {'loss': 0.9608957171440125, 'learning_rate': 1e-06, 'global_step': 8180, 'zo_forward_step': 16362, 'max_steps': 20000, 'max_zo_forward_steps': 0, 'time': 1152, 'eps': 3e-06}
03/25/2026 23:19:23 - INFO - src.trainer -   {'loss': 1.5454225540161133, 'learning_rate': 1e-06, 'global_step': 8190, 'zo_forward_step': 16382, 'max_steps': 20000, 'max_zo_forward_steps': 0, 'time': 1153, 'eps': 3e-06}
801it [18:50,  1.58s/it]812it [18:50,  1.07s/it]03/25/2026 23:19:24 - INFO - src.trainer -   {'eval_loss': 1.541184663772583, 'eval_acc': 0.2625}
03/25/2026 23:19:24 - INFO - src.trainer -   Best dev result: 0.2625
03/25/2026 23:19:27 - INFO - src.trainer -   [zo_probe] step=8200 eps=3.000e-06 precision=fp32 n=16 mae=3.351009e-02 rmse=4.565077e-02 sign_acc=1.0000 corr=0.999999
03/25/2026 23:19:28 - INFO - src.trainer -   {'loss': 1.5341994762420654, 'learning_rate': 1e-06, 'global_step': 8200, 'zo_forward_step': 16402, 'max_steps': 20000, 'max_zo_forward_steps': 0, 'time': 1157, 'eps': 3e-06}
03/25/2026 23:19:29 - INFO - src.trainer -   {'loss': 0.9346492290496826, 'learning_rate': 1e-06, 'global_step': 8210, 'zo_forward_step': 16422, 'max_steps': 20000, 'max_zo_forward_steps': 0, 'time': 1158, 'eps': 3e-06}
03/25/2026 23:19:30 - INFO - src.trainer -   {'loss': 1.5707134008407593, 'learning_rate': 1e-06, 'global_step': 8220, 'zo_forward_step': 16442, 'max_steps': 20000, 'max_zo_forward_steps': 0, 'time': 1160, 'eps': 3e-06}
03/25/2026 23:19:31 - INFO - src.trainer -   {'loss': 1.5209145545959473, 'learning_rate': 1e-06, 'global_step': 8230, 'zo_forward_step': 16462, 'max_steps': 20000, 'max_zo_forward_steps': 0, 'time': 1161, 'eps': 3e-06}
03/25/2026 23:19:32 - INFO - src.trainer -   {'loss': 0.9199702143669128, 'learning_rate': 1e-06, 'global_step': 8240, 'zo_forward_step': 16482, 'max_steps': 20000, 'max_zo_forward_steps': 0, 'time': 1162, 'eps': 3e-06}
03/25/2026 23:19:34 - INFO - src.trainer -   {'loss': 1.6075553894042969, 'learning_rate': 1e-06, 'global_step': 8250, 'zo_forward_step': 16502, 'max_steps': 20000, 'max_zo_forward_steps': 0, 'time': 1163, 'eps': 3e-06}
03/25/2026 23:19:35 - INFO - src.trainer -   {'loss': 1.537879228591919, 'learning_rate': 1e-06, 'global_step': 8260, 'zo_forward_step': 16522, 'max_steps': 20000, 'max_zo_forward_steps': 0, 'time': 1164, 'eps': 3e-06}
03/25/2026 23:19:36 - INFO - src.trainer -   {'loss': 0.9053617715835571, 'learning_rate': 1e-06, 'global_step': 8270, 'zo_forward_step': 16542, 'max_steps': 20000, 'max_zo_forward_steps': 0, 'time': 1166, 'eps': 3e-06}
03/25/2026 23:19:37 - INFO - src.trainer -   {'loss': 1.5853447914123535, 'learning_rate': 1e-06, 'global_step': 8280, 'zo_forward_step': 16562, 'max_steps': 20000, 'max_zo_forward_steps': 0, 'time': 1167, 'eps': 3e-06}
03/25/2026 23:19:38 - INFO - src.trainer -   {'loss': 1.5460500717163086, 'learning_rate': 1e-06, 'global_step': 8290, 'zo_forward_step': 16582, 'max_steps': 20000, 'max_zo_forward_steps': 0, 'time': 1168, 'eps': 3e-06}
03/25/2026 23:19:39 - INFO - src.trainer -   {'loss': 0.9051902294158936, 'learning_rate': 1e-06, 'global_step': 8300, 'zo_forward_step': 16602, 'max_steps': 20000, 'max_zo_forward_steps': 0, 'time': 1169, 'eps': 3e-06}
03/25/2026 23:19:40 - INFO - src.trainer -   {'loss': 1.579980492591858, 'learning_rate': 1e-06, 'global_step': 8310, 'zo_forward_step': 16622, 'max_steps': 20000, 'max_zo_forward_steps': 0, 'time': 1170, 'eps': 3e-06}
820it [19:07,  1.07s/it]03/25/2026 23:19:42 - INFO - src.trainer -   {'loss': 1.528459072113037, 'learning_rate': 1e-06, 'global_step': 8320, 'zo_forward_step': 16642, 'max_steps': 20000, 'max_zo_forward_steps': 0, 'time': 1171, 'eps': 3e-06}
03/25/2026 23:19:43 - INFO - src.trainer -   {'loss': 0.9219363331794739, 'learning_rate': 1e-06, 'global_step': 8330, 'zo_forward_step': 16662, 'max_steps': 20000, 'max_zo_forward_steps': 0, 'time': 1172, 'eps': 3e-06}
03/25/2026 23:19:44 - INFO - src.trainer -   {'loss': 1.5850026607513428, 'learning_rate': 1e-06, 'global_step': 8340, 'zo_forward_step': 16682, 'max_steps': 20000, 'max_zo_forward_steps': 0, 'time': 1174, 'eps': 3e-06}
03/25/2026 23:19:45 - INFO - src.trainer -   {'loss': 1.5132055282592773, 'learning_rate': 1e-06, 'global_step': 8350, 'zo_forward_step': 16702, 'max_steps': 20000, 'max_zo_forward_steps': 0, 'time': 1175, 'eps': 3e-06}
03/25/2026 23:19:46 - INFO - src.trainer -   {'loss': 0.921005129814148, 'learning_rate': 1e-06, 'global_step': 8360, 'zo_forward_step': 16722, 'max_steps': 20000, 'max_zo_forward_steps': 0, 'time': 1176, 'eps': 3e-06}
03/25/2026 23:19:47 - INFO - src.trainer -   {'loss': 1.5816868543624878, 'learning_rate': 1e-06, 'global_step': 8370, 'zo_forward_step': 16742, 'max_steps': 20000, 'max_zo_forward_steps': 0, 'time': 1177, 'eps': 3e-06}
03/25/2026 23:19:49 - INFO - src.trainer -   {'loss': 1.5149750709533691, 'learning_rate': 1e-06, 'global_step': 8380, 'zo_forward_step': 16762, 'max_steps': 20000, 'max_zo_forward_steps': 0, 'time': 1178, 'eps': 3e-06}
03/25/2026 23:19:50 - INFO - src.trainer -   {'loss': 0.9448390603065491, 'learning_rate': 1e-06, 'global_step': 8390, 'zo_forward_step': 16782, 'max_steps': 20000, 'max_zo_forward_steps': 0, 'time': 1179, 'eps': 3e-06}
821it [19:17,  1.59s/it]832it [19:17,  1.08s/it]03/25/2026 23:19:51 - INFO - src.trainer -   {'eval_loss': 1.5373032093048096, 'eval_acc': 0.2625}
03/25/2026 23:19:54 - INFO - src.trainer -   [zo_probe] step=8400 eps=3.000e-06 precision=fp32 n=16 mae=3.090788e-02 rmse=3.782723e-02 sign_acc=1.0000 corr=1.000000
03/25/2026 23:19:54 - INFO - src.trainer -   {'loss': 1.561506986618042, 'learning_rate': 1e-06, 'global_step': 8400, 'zo_forward_step': 16802, 'max_steps': 20000, 'max_zo_forward_steps': 0, 'time': 1184, 'eps': 3e-06}
03/25/2026 23:19:55 - INFO - src.trainer -   {'loss': 1.5240427255630493, 'learning_rate': 1e-06, 'global_step': 8410, 'zo_forward_step': 16822, 'max_steps': 20000, 'max_zo_forward_steps': 0, 'time': 1185, 'eps': 3e-06}
03/25/2026 23:19:56 - INFO - src.trainer -   {'loss': 0.9267463088035583, 'learning_rate': 1e-06, 'global_step': 8420, 'zo_forward_step': 16842, 'max_steps': 20000, 'max_zo_forward_steps': 0, 'time': 1186, 'eps': 3e-06}
03/25/2026 23:19:58 - INFO - src.trainer -   {'loss': 1.5626860857009888, 'learning_rate': 1e-06, 'global_step': 8430, 'zo_forward_step': 16862, 'max_steps': 20000, 'max_zo_forward_steps': 0, 'time': 1187, 'eps': 3e-06}
03/25/2026 23:19:59 - INFO - src.trainer -   {'loss': 1.5156192779541016, 'learning_rate': 1e-06, 'global_step': 8440, 'zo_forward_step': 16882, 'max_steps': 20000, 'max_zo_forward_steps': 0, 'time': 1188, 'eps': 3e-06}
03/25/2026 23:20:00 - INFO - src.trainer -   {'loss': 0.920405387878418, 'learning_rate': 1e-06, 'global_step': 8450, 'zo_forward_step': 16902, 'max_steps': 20000, 'max_zo_forward_steps': 0, 'time': 1190, 'eps': 3e-06}
03/25/2026 23:20:02 - INFO - src.trainer -   {'loss': 1.5567595958709717, 'learning_rate': 1e-06, 'global_step': 8460, 'zo_forward_step': 16922, 'max_steps': 20000, 'max_zo_forward_steps': 0, 'time': 1191, 'eps': 3e-06}
03/25/2026 23:20:03 - INFO - src.trainer -   {'loss': 1.514278769493103, 'learning_rate': 1e-06, 'global_step': 8470, 'zo_forward_step': 16942, 'max_steps': 20000, 'max_zo_forward_steps': 0, 'time': 1192, 'eps': 3e-06}
03/25/2026 23:20:04 - INFO - src.trainer -   {'loss': 0.9261359572410583, 'learning_rate': 1e-06, 'global_step': 8480, 'zo_forward_step': 16962, 'max_steps': 20000, 'max_zo_forward_steps': 0, 'time': 1194, 'eps': 3e-06}
03/25/2026 23:20:05 - INFO - src.trainer -   {'loss': 1.5574231147766113, 'learning_rate': 1e-06, 'global_step': 8490, 'zo_forward_step': 16982, 'max_steps': 20000, 'max_zo_forward_steps': 0, 'time': 1195, 'eps': 3e-06}
03/25/2026 23:20:06 - INFO - src.trainer -   {'loss': 1.4991942644119263, 'learning_rate': 1e-06, 'global_step': 8500, 'zo_forward_step': 17002, 'max_steps': 20000, 'max_zo_forward_steps': 0, 'time': 1196, 'eps': 3e-06}
03/25/2026 23:20:08 - INFO - src.trainer -   {'loss': 0.9806261658668518, 'learning_rate': 1e-06, 'global_step': 8510, 'zo_forward_step': 17022, 'max_steps': 20000, 'max_zo_forward_steps': 0, 'time': 1197, 'eps': 3e-06}
03/25/2026 23:20:09 - INFO - src.trainer -   {'loss': 1.5338791608810425, 'learning_rate': 1e-06, 'global_step': 8520, 'zo_forward_step': 17042, 'max_steps': 20000, 'max_zo_forward_steps': 0, 'time': 1199, 'eps': 3e-06}
03/25/2026 23:20:10 - INFO - src.trainer -   {'loss': 1.4959156513214111, 'learning_rate': 1e-06, 'global_step': 8530, 'zo_forward_step': 17062, 'max_steps': 20000, 'max_zo_forward_steps': 0, 'time': 1200, 'eps': 3e-06}
840it [19:37,  1.08s/it]03/25/2026 23:20:11 - INFO - src.trainer -   {'loss': 0.9680116176605225, 'learning_rate': 1e-06, 'global_step': 8540, 'zo_forward_step': 17082, 'max_steps': 20000, 'max_zo_forward_steps': 0, 'time': 1201, 'eps': 3e-06}
03/25/2026 23:20:12 - INFO - src.trainer -   {'loss': 1.5330615043640137, 'learning_rate': 1e-06, 'global_step': 8550, 'zo_forward_step': 17102, 'max_steps': 20000, 'max_zo_forward_steps': 0, 'time': 1202, 'eps': 3e-06}
03/25/2026 23:20:14 - INFO - src.trainer -   {'loss': 1.4949463605880737, 'learning_rate': 1e-06, 'global_step': 8560, 'zo_forward_step': 17122, 'max_steps': 20000, 'max_zo_forward_steps': 0, 'time': 1203, 'eps': 3e-06}
03/25/2026 23:20:15 - INFO - src.trainer -   {'loss': 0.9714207649230957, 'learning_rate': 1e-06, 'global_step': 8570, 'zo_forward_step': 17142, 'max_steps': 20000, 'max_zo_forward_steps': 0, 'time': 1204, 'eps': 3e-06}
03/25/2026 23:20:16 - INFO - src.trainer -   {'loss': 1.5368226766586304, 'learning_rate': 1e-06, 'global_step': 8580, 'zo_forward_step': 17162, 'max_steps': 20000, 'max_zo_forward_steps': 0, 'time': 1206, 'eps': 3e-06}
03/25/2026 23:20:17 - INFO - src.trainer -   {'loss': 1.4935039281845093, 'learning_rate': 1e-06, 'global_step': 8590, 'zo_forward_step': 17182, 'max_steps': 20000, 'max_zo_forward_steps': 0, 'time': 1207, 'eps': 3e-06}
841it [19:44,  1.62s/it]852it [19:45,  1.09s/it]03/25/2026 23:20:18 - INFO - src.trainer -   {'eval_loss': 1.531577467918396, 'eval_acc': 0.2875}
03/25/2026 23:20:18 - INFO - src.trainer -   Best dev result: 0.2875
03/25/2026 23:20:21 - INFO - src.trainer -   [zo_probe] step=8600 eps=3.000e-06 precision=fp32 n=16 mae=3.720700e-02 rmse=3.997596e-02 sign_acc=1.0000 corr=1.000000
03/25/2026 23:20:21 - INFO - src.trainer -   {'loss': 0.9813168048858643, 'learning_rate': 1e-06, 'global_step': 8600, 'zo_forward_step': 17202, 'max_steps': 20000, 'max_zo_forward_steps': 0, 'time': 1210, 'eps': 3e-06}
03/25/2026 23:20:23 - INFO - src.trainer -   {'loss': 1.51533043384552, 'learning_rate': 1e-06, 'global_step': 8610, 'zo_forward_step': 17222, 'max_steps': 20000, 'max_zo_forward_steps': 0, 'time': 1212, 'eps': 3e-06}
03/25/2026 23:20:24 - INFO - src.trainer -   {'loss': 1.492878794670105, 'learning_rate': 1e-06, 'global_step': 8620, 'zo_forward_step': 17242, 'max_steps': 20000, 'max_zo_forward_steps': 0, 'time': 1213, 'eps': 3e-06}
03/25/2026 23:20:25 - INFO - src.trainer -   {'loss': 0.9964777231216431, 'learning_rate': 1e-06, 'global_step': 8630, 'zo_forward_step': 17262, 'max_steps': 20000, 'max_zo_forward_steps': 0, 'time': 1215, 'eps': 3e-06}
03/25/2026 23:20:26 - INFO - src.trainer -   {'loss': 1.510481595993042, 'learning_rate': 1e-06, 'global_step': 8640, 'zo_forward_step': 17282, 'max_steps': 20000, 'max_zo_forward_steps': 0, 'time': 1216, 'eps': 3e-06}
03/25/2026 23:20:27 - INFO - src.trainer -   {'loss': 1.4807430505752563, 'learning_rate': 1e-06, 'global_step': 8650, 'zo_forward_step': 17302, 'max_steps': 20000, 'max_zo_forward_steps': 0, 'time': 1217, 'eps': 3e-06}
03/25/2026 23:20:28 - INFO - src.trainer -   {'loss': 1.0067839622497559, 'learning_rate': 1e-06, 'global_step': 8660, 'zo_forward_step': 17322, 'max_steps': 20000, 'max_zo_forward_steps': 0, 'time': 1218, 'eps': 3e-06}
03/25/2026 23:20:30 - INFO - src.trainer -   {'loss': 1.5042203664779663, 'learning_rate': 1e-06, 'global_step': 8670, 'zo_forward_step': 17342, 'max_steps': 20000, 'max_zo_forward_steps': 0, 'time': 1220, 'eps': 3e-06}
860it [19:57,  1.09s/it]03/25/2026 23:20:31 - INFO - src.trainer -   {'loss': 1.4801520109176636, 'learning_rate': 1e-06, 'global_step': 8680, 'zo_forward_step': 17362, 'max_steps': 20000, 'max_zo_forward_steps': 0, 'time': 1221, 'eps': 3e-06}
03/25/2026 23:20:33 - INFO - src.trainer -   {'loss': 0.996029794216156, 'learning_rate': 1e-06, 'global_step': 8690, 'zo_forward_step': 17382, 'max_steps': 20000, 'max_zo_forward_steps': 0, 'time': 1222, 'eps': 3e-06}
03/25/2026 23:20:34 - INFO - src.trainer -   {'loss': 1.5094637870788574, 'learning_rate': 1e-06, 'global_step': 8700, 'zo_forward_step': 17402, 'max_steps': 20000, 'max_zo_forward_steps': 0, 'time': 1223, 'eps': 3e-06}
03/25/2026 23:20:35 - INFO - src.trainer -   {'loss': 1.4706186056137085, 'learning_rate': 1e-06, 'global_step': 8710, 'zo_forward_step': 17422, 'max_steps': 20000, 'max_zo_forward_steps': 0, 'time': 1225, 'eps': 3e-06}
03/25/2026 23:20:36 - INFO - src.trainer -   {'loss': 1.002746820449829, 'learning_rate': 1e-06, 'global_step': 8720, 'zo_forward_step': 17442, 'max_steps': 20000, 'max_zo_forward_steps': 0, 'time': 1226, 'eps': 3e-06}
03/25/2026 23:20:39 - INFO - src.trainer -   {'loss': 1.5166765451431274, 'learning_rate': 1e-06, 'global_step': 8730, 'zo_forward_step': 17462, 'max_steps': 20000, 'max_zo_forward_steps': 0, 'time': 1229, 'eps': 3e-06}
03/25/2026 23:20:40 - INFO - src.trainer -   {'loss': 1.473026156425476, 'learning_rate': 1e-06, 'global_step': 8740, 'zo_forward_step': 17482, 'max_steps': 20000, 'max_zo_forward_steps': 0, 'time': 1230, 'eps': 3e-06}
03/25/2026 23:20:41 - INFO - src.trainer -   {'loss': 1.02065110206604, 'learning_rate': 1e-06, 'global_step': 8750, 'zo_forward_step': 17502, 'max_steps': 20000, 'max_zo_forward_steps': 0, 'time': 1231, 'eps': 3e-06}
03/25/2026 23:20:42 - INFO - src.trainer -   {'loss': 1.5185080766677856, 'learning_rate': 1e-06, 'global_step': 8760, 'zo_forward_step': 17522, 'max_steps': 20000, 'max_zo_forward_steps': 0, 'time': 1232, 'eps': 3e-06}
03/25/2026 23:20:44 - INFO - src.trainer -   {'loss': 1.462550401687622, 'learning_rate': 1e-06, 'global_step': 8770, 'zo_forward_step': 17542, 'max_steps': 20000, 'max_zo_forward_steps': 0, 'time': 1234, 'eps': 3e-06}
03/25/2026 23:20:45 - INFO - src.trainer -   {'loss': 1.0207918882369995, 'learning_rate': 1e-06, 'global_step': 8780, 'zo_forward_step': 17562, 'max_steps': 20000, 'max_zo_forward_steps': 0, 'time': 1235, 'eps': 3e-06}
03/25/2026 23:20:46 - INFO - src.trainer -   {'loss': 1.5129969120025635, 'learning_rate': 1e-06, 'global_step': 8790, 'zo_forward_step': 17582, 'max_steps': 20000, 'max_zo_forward_steps': 0, 'time': 1236, 'eps': 3e-06}
861it [20:14,  1.68s/it]872it [20:14,  1.14s/it]03/25/2026 23:20:48 - INFO - src.trainer -   {'eval_loss': 1.522653579711914, 'eval_acc': 0.3}
03/25/2026 23:20:48 - INFO - src.trainer -   Best dev result: 0.3
03/25/2026 23:20:51 - INFO - src.trainer -   [zo_probe] step=8800 eps=3.000e-06 precision=fp32 n=16 mae=5.090612e-02 rmse=6.170509e-02 sign_acc=1.0000 corr=0.999999
03/25/2026 23:20:51 - INFO - src.trainer -   {'loss': 1.454849123954773, 'learning_rate': 1e-06, 'global_step': 8800, 'zo_forward_step': 17602, 'max_steps': 20000, 'max_zo_forward_steps': 0, 'time': 1241, 'eps': 3e-06}
03/25/2026 23:20:52 - INFO - src.trainer -   {'loss': 1.023436188697815, 'learning_rate': 1e-06, 'global_step': 8810, 'zo_forward_step': 17622, 'max_steps': 20000, 'max_zo_forward_steps': 0, 'time': 1242, 'eps': 3e-06}
03/25/2026 23:20:53 - INFO - src.trainer -   {'loss': 1.50556480884552, 'learning_rate': 1e-06, 'global_step': 8820, 'zo_forward_step': 17642, 'max_steps': 20000, 'max_zo_forward_steps': 0, 'time': 1243, 'eps': 3e-06}
03/25/2026 23:20:54 - INFO - src.trainer -   {'loss': 1.4571924209594727, 'learning_rate': 1e-06, 'global_step': 8830, 'zo_forward_step': 17662, 'max_steps': 20000, 'max_zo_forward_steps': 0, 'time': 1244, 'eps': 3e-06}
03/25/2026 23:20:56 - INFO - src.trainer -   {'loss': 1.0198405981063843, 'learning_rate': 1e-06, 'global_step': 8840, 'zo_forward_step': 17682, 'max_steps': 20000, 'max_zo_forward_steps': 0, 'time': 1245, 'eps': 3e-06}
03/25/2026 23:20:57 - INFO - src.trainer -   {'loss': 1.5049948692321777, 'learning_rate': 1e-06, 'global_step': 8850, 'zo_forward_step': 17702, 'max_steps': 20000, 'max_zo_forward_steps': 0, 'time': 1246, 'eps': 3e-06}
03/25/2026 23:20:58 - INFO - src.trainer -   {'loss': 1.4429794549942017, 'learning_rate': 1e-06, 'global_step': 8860, 'zo_forward_step': 17722, 'max_steps': 20000, 'max_zo_forward_steps': 0, 'time': 1248, 'eps': 3e-06}
03/25/2026 23:20:59 - INFO - src.trainer -   {'loss': 1.046804428100586, 'learning_rate': 1e-06, 'global_step': 8870, 'zo_forward_step': 17742, 'max_steps': 20000, 'max_zo_forward_steps': 0, 'time': 1249, 'eps': 3e-06}
03/25/2026 23:21:00 - INFO - src.trainer -   {'loss': 1.5032289028167725, 'learning_rate': 1e-06, 'global_step': 8880, 'zo_forward_step': 17762, 'max_steps': 20000, 'max_zo_forward_steps': 0, 'time': 1250, 'eps': 3e-06}
880it [20:27,  1.14s/it]03/25/2026 23:21:01 - INFO - src.trainer -   {'loss': 1.4332365989685059, 'learning_rate': 1e-06, 'global_step': 8890, 'zo_forward_step': 17782, 'max_steps': 20000, 'max_zo_forward_steps': 0, 'time': 1251, 'eps': 3e-06}
03/25/2026 23:21:04 - INFO - src.trainer -   {'loss': 1.0404760837554932, 'learning_rate': 1e-06, 'global_step': 8900, 'zo_forward_step': 17802, 'max_steps': 20000, 'max_zo_forward_steps': 0, 'time': 1253, 'eps': 3e-06}
03/25/2026 23:21:05 - INFO - src.trainer -   {'loss': 1.5039383172988892, 'learning_rate': 1e-06, 'global_step': 8910, 'zo_forward_step': 17822, 'max_steps': 20000, 'max_zo_forward_steps': 0, 'time': 1255, 'eps': 3e-06}
03/25/2026 23:21:06 - INFO - src.trainer -   {'loss': 1.4197756052017212, 'learning_rate': 1e-06, 'global_step': 8920, 'zo_forward_step': 17842, 'max_steps': 20000, 'max_zo_forward_steps': 0, 'time': 1256, 'eps': 3e-06}
03/25/2026 23:21:07 - INFO - src.trainer -   {'loss': 1.0605024099349976, 'learning_rate': 1e-06, 'global_step': 8930, 'zo_forward_step': 17862, 'max_steps': 20000, 'max_zo_forward_steps': 0, 'time': 1257, 'eps': 3e-06}
03/25/2026 23:21:08 - INFO - src.trainer -   {'loss': 1.504929542541504, 'learning_rate': 1e-06, 'global_step': 8940, 'zo_forward_step': 17882, 'max_steps': 20000, 'max_zo_forward_steps': 0, 'time': 1258, 'eps': 3e-06}
03/25/2026 23:21:10 - INFO - src.trainer -   {'loss': 1.417211651802063, 'learning_rate': 1e-06, 'global_step': 8950, 'zo_forward_step': 17902, 'max_steps': 20000, 'max_zo_forward_steps': 0, 'time': 1259, 'eps': 3e-06}
03/25/2026 23:21:12 - INFO - src.trainer -   {'loss': 1.0302317142486572, 'learning_rate': 1e-06, 'global_step': 8960, 'zo_forward_step': 17922, 'max_steps': 20000, 'max_zo_forward_steps': 0, 'time': 1261, 'eps': 3e-06}
03/25/2026 23:21:13 - INFO - src.trainer -   {'loss': 1.516345500946045, 'learning_rate': 1e-06, 'global_step': 8970, 'zo_forward_step': 17942, 'max_steps': 20000, 'max_zo_forward_steps': 0, 'time': 1263, 'eps': 3e-06}
03/25/2026 23:21:14 - INFO - src.trainer -   {'loss': 1.426672101020813, 'learning_rate': 1e-06, 'global_step': 8980, 'zo_forward_step': 17962, 'max_steps': 20000, 'max_zo_forward_steps': 0, 'time': 1264, 'eps': 3e-06}
03/25/2026 23:21:15 - INFO - src.trainer -   {'loss': 1.0145015716552734, 'learning_rate': 1e-06, 'global_step': 8990, 'zo_forward_step': 17982, 'max_steps': 20000, 'max_zo_forward_steps': 0, 'time': 1265, 'eps': 3e-06}
881it [20:43,  1.71s/it]892it [20:43,  1.16s/it]03/25/2026 23:21:17 - INFO - src.trainer -   {'eval_loss': 1.516416311264038, 'eval_acc': 0.275}
03/25/2026 23:21:20 - INFO - src.trainer -   [zo_probe] step=9000 eps=3.000e-06 precision=fp32 n=16 mae=4.623157e-02 rmse=6.457598e-02 sign_acc=1.0000 corr=0.999999
03/25/2026 23:21:20 - INFO - src.trainer -   {'loss': 1.5113813877105713, 'learning_rate': 1e-06, 'global_step': 9000, 'zo_forward_step': 18002, 'max_steps': 20000, 'max_zo_forward_steps': 0, 'time': 1269, 'eps': 3e-06}
03/25/2026 23:21:21 - INFO - src.trainer -   {'loss': 1.4330265522003174, 'learning_rate': 1e-06, 'global_step': 9010, 'zo_forward_step': 18022, 'max_steps': 20000, 'max_zo_forward_steps': 0, 'time': 1271, 'eps': 3e-06}
03/25/2026 23:21:22 - INFO - src.trainer -   {'loss': 0.9920713901519775, 'learning_rate': 1e-06, 'global_step': 9020, 'zo_forward_step': 18042, 'max_steps': 20000, 'max_zo_forward_steps': 0, 'time': 1272, 'eps': 3e-06}
03/25/2026 23:21:23 - INFO - src.trainer -   {'loss': 1.5260204076766968, 'learning_rate': 1e-06, 'global_step': 9030, 'zo_forward_step': 18062, 'max_steps': 20000, 'max_zo_forward_steps': 0, 'time': 1273, 'eps': 3e-06}
03/25/2026 23:21:24 - INFO - src.trainer -   {'loss': 1.4462833404541016, 'learning_rate': 1e-06, 'global_step': 9040, 'zo_forward_step': 18082, 'max_steps': 20000, 'max_zo_forward_steps': 0, 'time': 1274, 'eps': 3e-06}
03/25/2026 23:21:25 - INFO - src.trainer -   {'loss': 0.9425743818283081, 'learning_rate': 1e-06, 'global_step': 9050, 'zo_forward_step': 18102, 'max_steps': 20000, 'max_zo_forward_steps': 0, 'time': 1275, 'eps': 3e-06}
03/25/2026 23:21:27 - INFO - src.trainer -   {'loss': 1.5397781133651733, 'learning_rate': 1e-06, 'global_step': 9060, 'zo_forward_step': 18122, 'max_steps': 20000, 'max_zo_forward_steps': 0, 'time': 1276, 'eps': 3e-06}
03/25/2026 23:21:28 - INFO - src.trainer -   {'loss': 1.4735373258590698, 'learning_rate': 1e-06, 'global_step': 9070, 'zo_forward_step': 18142, 'max_steps': 20000, 'max_zo_forward_steps': 0, 'time': 1278, 'eps': 3e-06}
03/25/2026 23:21:29 - INFO - src.trainer -   {'loss': 0.9323979616165161, 'learning_rate': 1e-06, 'global_step': 9080, 'zo_forward_step': 18162, 'max_steps': 20000, 'max_zo_forward_steps': 0, 'time': 1279, 'eps': 3e-06}
03/25/2026 23:21:30 - INFO - src.trainer -   {'loss': 1.5446507930755615, 'learning_rate': 1e-06, 'global_step': 9090, 'zo_forward_step': 18182, 'max_steps': 20000, 'max_zo_forward_steps': 0, 'time': 1280, 'eps': 3e-06}
900it [20:57,  1.16s/it]03/25/2026 23:21:33 - INFO - src.trainer -   {'loss': 1.4619355201721191, 'learning_rate': 1e-06, 'global_step': 9100, 'zo_forward_step': 18202, 'max_steps': 20000, 'max_zo_forward_steps': 0, 'time': 1282, 'eps': 3e-06}
03/25/2026 23:21:34 - INFO - src.trainer -   {'loss': 0.9555835723876953, 'learning_rate': 1e-06, 'global_step': 9110, 'zo_forward_step': 18222, 'max_steps': 20000, 'max_zo_forward_steps': 0, 'time': 1283, 'eps': 3e-06}
03/25/2026 23:21:35 - INFO - src.trainer -   {'loss': 1.5497698783874512, 'learning_rate': 1e-06, 'global_step': 9120, 'zo_forward_step': 18242, 'max_steps': 20000, 'max_zo_forward_steps': 0, 'time': 1285, 'eps': 3e-06}
03/25/2026 23:21:36 - INFO - src.trainer -   {'loss': 1.4634525775909424, 'learning_rate': 1e-06, 'global_step': 9130, 'zo_forward_step': 18262, 'max_steps': 20000, 'max_zo_forward_steps': 0, 'time': 1286, 'eps': 3e-06}
03/25/2026 23:21:37 - INFO - src.trainer -   {'loss': 0.9362409114837646, 'learning_rate': 1e-06, 'global_step': 9140, 'zo_forward_step': 18282, 'max_steps': 20000, 'max_zo_forward_steps': 0, 'time': 1287, 'eps': 3e-06}
03/25/2026 23:21:39 - INFO - src.trainer -   {'loss': 1.542022705078125, 'learning_rate': 1e-06, 'global_step': 9150, 'zo_forward_step': 18302, 'max_steps': 20000, 'max_zo_forward_steps': 0, 'time': 1288, 'eps': 3e-06}
03/25/2026 23:21:40 - INFO - src.trainer -   {'loss': 1.4750081300735474, 'learning_rate': 1e-06, 'global_step': 9160, 'zo_forward_step': 18322, 'max_steps': 20000, 'max_zo_forward_steps': 0, 'time': 1290, 'eps': 3e-06}
03/25/2026 23:21:41 - INFO - src.trainer -   {'loss': 0.935370147228241, 'learning_rate': 1e-06, 'global_step': 9170, 'zo_forward_step': 18342, 'max_steps': 20000, 'max_zo_forward_steps': 0, 'time': 1291, 'eps': 3e-06}
03/25/2026 23:21:43 - INFO - src.trainer -   {'loss': 1.5305718183517456, 'learning_rate': 1e-06, 'global_step': 9180, 'zo_forward_step': 18362, 'max_steps': 20000, 'max_zo_forward_steps': 0, 'time': 1292, 'eps': 3e-06}
03/25/2026 23:21:44 - INFO - src.trainer -   {'loss': 1.4792721271514893, 'learning_rate': 1e-06, 'global_step': 9190, 'zo_forward_step': 18382, 'max_steps': 20000, 'max_zo_forward_steps': 0, 'time': 1294, 'eps': 3e-06}
901it [21:12,  1.73s/it]912it [21:12,  1.17s/it]03/25/2026 23:21:46 - INFO - src.trainer -   {'eval_loss': 1.5249561071395874, 'eval_acc': 0.275}
03/25/2026 23:21:48 - INFO - src.trainer -   [zo_probe] step=9200 eps=3.000e-06 precision=fp32 n=16 mae=2.200928e-02 rmse=2.572293e-02 sign_acc=1.0000 corr=1.000000
03/25/2026 23:21:48 - INFO - src.trainer -   {'loss': 0.9290553331375122, 'learning_rate': 1e-06, 'global_step': 9200, 'zo_forward_step': 18402, 'max_steps': 20000, 'max_zo_forward_steps': 0, 'time': 1298, 'eps': 3e-06}
03/25/2026 23:21:51 - INFO - src.trainer -   {'loss': 1.5230590105056763, 'learning_rate': 1e-06, 'global_step': 9210, 'zo_forward_step': 18422, 'max_steps': 20000, 'max_zo_forward_steps': 0, 'time': 1301, 'eps': 3e-06}
03/25/2026 23:21:53 - INFO - src.trainer -   {'loss': 1.475590705871582, 'learning_rate': 1e-06, 'global_step': 9220, 'zo_forward_step': 18442, 'max_steps': 20000, 'max_zo_forward_steps': 0, 'time': 1302, 'eps': 3e-06}
03/25/2026 23:21:55 - INFO - src.trainer -   {'loss': 0.9380804896354675, 'learning_rate': 1e-06, 'global_step': 9230, 'zo_forward_step': 18462, 'max_steps': 20000, 'max_zo_forward_steps': 0, 'time': 1304, 'eps': 3e-06}
03/25/2026 23:21:56 - INFO - src.trainer -   {'loss': 1.523378610610962, 'learning_rate': 1e-06, 'global_step': 9240, 'zo_forward_step': 18482, 'max_steps': 20000, 'max_zo_forward_steps': 0, 'time': 1306, 'eps': 3e-06}
03/25/2026 23:21:57 - INFO - src.trainer -   {'loss': 1.4742779731750488, 'learning_rate': 1e-06, 'global_step': 9250, 'zo_forward_step': 18502, 'max_steps': 20000, 'max_zo_forward_steps': 0, 'time': 1307, 'eps': 3e-06}
03/25/2026 23:21:58 - INFO - src.trainer -   {'loss': 0.9333342909812927, 'learning_rate': 1e-06, 'global_step': 9260, 'zo_forward_step': 18522, 'max_steps': 20000, 'max_zo_forward_steps': 0, 'time': 1308, 'eps': 3e-06}
03/25/2026 23:22:00 - INFO - src.trainer -   {'loss': 1.5190180540084839, 'learning_rate': 1e-06, 'global_step': 9270, 'zo_forward_step': 18542, 'max_steps': 20000, 'max_zo_forward_steps': 0, 'time': 1310, 'eps': 3e-06}
920it [21:27,  1.17s/it]03/25/2026 23:22:02 - INFO - src.trainer -   {'loss': 1.4742417335510254, 'learning_rate': 1e-06, 'global_step': 9280, 'zo_forward_step': 18562, 'max_steps': 20000, 'max_zo_forward_steps': 0, 'time': 1311, 'eps': 3e-06}
03/25/2026 23:22:03 - INFO - src.trainer -   {'loss': 0.9262088537216187, 'learning_rate': 1e-06, 'global_step': 9290, 'zo_forward_step': 18582, 'max_steps': 20000, 'max_zo_forward_steps': 0, 'time': 1312, 'eps': 3e-06}
03/25/2026 23:22:04 - INFO - src.trainer -   {'loss': 1.517277479171753, 'learning_rate': 1e-06, 'global_step': 9300, 'zo_forward_step': 18602, 'max_steps': 20000, 'max_zo_forward_steps': 0, 'time': 1314, 'eps': 3e-06}
03/25/2026 23:22:05 - INFO - src.trainer -   {'loss': 1.4768849611282349, 'learning_rate': 1e-06, 'global_step': 9310, 'zo_forward_step': 18622, 'max_steps': 20000, 'max_zo_forward_steps': 0, 'time': 1315, 'eps': 3e-06}
03/25/2026 23:22:06 - INFO - src.trainer -   {'loss': 0.9191344976425171, 'learning_rate': 1e-06, 'global_step': 9320, 'zo_forward_step': 18642, 'max_steps': 20000, 'max_zo_forward_steps': 0, 'time': 1316, 'eps': 3e-06}
03/25/2026 23:22:08 - INFO - src.trainer -   {'loss': 1.531644344329834, 'learning_rate': 1e-06, 'global_step': 9330, 'zo_forward_step': 18662, 'max_steps': 20000, 'max_zo_forward_steps': 0, 'time': 1318, 'eps': 3e-06}
03/25/2026 23:22:09 - INFO - src.trainer -   {'loss': 1.4718108177185059, 'learning_rate': 1e-06, 'global_step': 9340, 'zo_forward_step': 18682, 'max_steps': 20000, 'max_zo_forward_steps': 0, 'time': 1319, 'eps': 3e-06}
03/25/2026 23:22:12 - INFO - src.trainer -   {'loss': 0.8941397666931152, 'learning_rate': 1e-06, 'global_step': 9350, 'zo_forward_step': 18702, 'max_steps': 20000, 'max_zo_forward_steps': 0, 'time': 1321, 'eps': 3e-06}
03/25/2026 23:22:13 - INFO - src.trainer -   {'loss': 1.529754400253296, 'learning_rate': 1e-06, 'global_step': 9360, 'zo_forward_step': 18722, 'max_steps': 20000, 'max_zo_forward_steps': 0, 'time': 1322, 'eps': 3e-06}
03/25/2026 23:22:14 - INFO - src.trainer -   {'loss': 1.4892981052398682, 'learning_rate': 1e-06, 'global_step': 9370, 'zo_forward_step': 18742, 'max_steps': 20000, 'max_zo_forward_steps': 0, 'time': 1324, 'eps': 3e-06}
03/25/2026 23:22:15 - INFO - src.trainer -   {'loss': 0.8984425067901611, 'learning_rate': 1e-06, 'global_step': 9380, 'zo_forward_step': 18762, 'max_steps': 20000, 'max_zo_forward_steps': 0, 'time': 1325, 'eps': 3e-06}
03/25/2026 23:22:16 - INFO - src.trainer -   {'loss': 1.5063451528549194, 'learning_rate': 1e-06, 'global_step': 9390, 'zo_forward_step': 18782, 'max_steps': 20000, 'max_zo_forward_steps': 0, 'time': 1326, 'eps': 3e-06}
921it [21:44,  1.81s/it]932it [21:44,  1.23s/it]03/25/2026 23:22:18 - INFO - src.trainer -   {'eval_loss': 1.5254826545715332, 'eval_acc': 0.275}
03/25/2026 23:22:21 - INFO - src.trainer -   [zo_probe] step=9400 eps=3.000e-06 precision=fp32 n=16 mae=4.292460e-02 rmse=5.361556e-02 sign_acc=1.0000 corr=0.999999
03/25/2026 23:22:21 - INFO - src.trainer -   {'loss': 1.5119656324386597, 'learning_rate': 1e-06, 'global_step': 9400, 'zo_forward_step': 18802, 'max_steps': 20000, 'max_zo_forward_steps': 0, 'time': 1331, 'eps': 3e-06}
03/25/2026 23:22:23 - INFO - src.trainer -   {'loss': 0.901920735836029, 'learning_rate': 1e-06, 'global_step': 9410, 'zo_forward_step': 18822, 'max_steps': 20000, 'max_zo_forward_steps': 0, 'time': 1332, 'eps': 3e-06}
03/25/2026 23:22:24 - INFO - src.trainer -   {'loss': 1.470032811164856, 'learning_rate': 1e-06, 'global_step': 9420, 'zo_forward_step': 18842, 'max_steps': 20000, 'max_zo_forward_steps': 0, 'time': 1334, 'eps': 3e-06}
03/25/2026 23:22:25 - INFO - src.trainer -   {'loss': 1.5074127912521362, 'learning_rate': 1e-06, 'global_step': 9430, 'zo_forward_step': 18862, 'max_steps': 20000, 'max_zo_forward_steps': 0, 'time': 1335, 'eps': 3e-06}
03/25/2026 23:22:26 - INFO - src.trainer -   {'loss': 0.9077095985412598, 'learning_rate': 1e-06, 'global_step': 9440, 'zo_forward_step': 18882, 'max_steps': 20000, 'max_zo_forward_steps': 0, 'time': 1336, 'eps': 3e-06}
03/25/2026 23:22:27 - INFO - src.trainer -   {'loss': 1.473291277885437, 'learning_rate': 1e-06, 'global_step': 9450, 'zo_forward_step': 18902, 'max_steps': 20000, 'max_zo_forward_steps': 0, 'time': 1337, 'eps': 3e-06}
03/25/2026 23:22:29 - INFO - src.trainer -   {'loss': 1.4885855913162231, 'learning_rate': 1e-06, 'global_step': 9460, 'zo_forward_step': 18922, 'max_steps': 20000, 'max_zo_forward_steps': 0, 'time': 1339, 'eps': 3e-06}
03/25/2026 23:22:30 - INFO - src.trainer -   {'loss': 0.9165468215942383, 'learning_rate': 1e-06, 'global_step': 9470, 'zo_forward_step': 18942, 'max_steps': 20000, 'max_zo_forward_steps': 0, 'time': 1340, 'eps': 3e-06}
940it [21:57,  1.23s/it]03/25/2026 23:22:31 - INFO - src.trainer -   {'loss': 1.465073585510254, 'learning_rate': 1e-06, 'global_step': 9480, 'zo_forward_step': 18962, 'max_steps': 20000, 'max_zo_forward_steps': 0, 'time': 1341, 'eps': 3e-06}
03/25/2026 23:22:33 - INFO - src.trainer -   {'loss': 1.4896314144134521, 'learning_rate': 1e-06, 'global_step': 9490, 'zo_forward_step': 18982, 'max_steps': 20000, 'max_zo_forward_steps': 0, 'time': 1342, 'eps': 3e-06}
03/25/2026 23:22:34 - INFO - src.trainer -   {'loss': 0.9292196035385132, 'learning_rate': 1e-06, 'global_step': 9500, 'zo_forward_step': 19002, 'max_steps': 20000, 'max_zo_forward_steps': 0, 'time': 1343, 'eps': 3e-06}
03/25/2026 23:22:35 - INFO - src.trainer -   {'loss': 1.450364589691162, 'learning_rate': 1e-06, 'global_step': 9510, 'zo_forward_step': 19022, 'max_steps': 20000, 'max_zo_forward_steps': 0, 'time': 1344, 'eps': 3e-06}
03/25/2026 23:22:36 - INFO - src.trainer -   {'loss': 1.4816875457763672, 'learning_rate': 1e-06, 'global_step': 9520, 'zo_forward_step': 19042, 'max_steps': 20000, 'max_zo_forward_steps': 0, 'time': 1346, 'eps': 3e-06}
03/25/2026 23:22:37 - INFO - src.trainer -   {'loss': 0.9444842338562012, 'learning_rate': 1e-06, 'global_step': 9530, 'zo_forward_step': 19062, 'max_steps': 20000, 'max_zo_forward_steps': 0, 'time': 1347, 'eps': 3e-06}
03/25/2026 23:22:38 - INFO - src.trainer -   {'loss': 1.4431637525558472, 'learning_rate': 1e-06, 'global_step': 9540, 'zo_forward_step': 19082, 'max_steps': 20000, 'max_zo_forward_steps': 0, 'time': 1348, 'eps': 3e-06}
03/25/2026 23:22:39 - INFO - src.trainer -   {'loss': 1.4758474826812744, 'learning_rate': 1e-06, 'global_step': 9550, 'zo_forward_step': 19102, 'max_steps': 20000, 'max_zo_forward_steps': 0, 'time': 1349, 'eps': 3e-06}
03/25/2026 23:22:41 - INFO - src.trainer -   {'loss': 0.9638516902923584, 'learning_rate': 1e-06, 'global_step': 9560, 'zo_forward_step': 19122, 'max_steps': 20000, 'max_zo_forward_steps': 0, 'time': 1350, 'eps': 3e-06}
03/25/2026 23:22:42 - INFO - src.trainer -   {'loss': 1.4289494752883911, 'learning_rate': 1e-06, 'global_step': 9570, 'zo_forward_step': 19142, 'max_steps': 20000, 'max_zo_forward_steps': 0, 'time': 1351, 'eps': 3e-06}
03/25/2026 23:22:43 - INFO - src.trainer -   {'loss': 1.4852243661880493, 'learning_rate': 1e-06, 'global_step': 9580, 'zo_forward_step': 19162, 'max_steps': 20000, 'max_zo_forward_steps': 0, 'time': 1353, 'eps': 3e-06}
03/25/2026 23:22:44 - INFO - src.trainer -   {'loss': 0.9591748714447021, 'learning_rate': 1e-06, 'global_step': 9590, 'zo_forward_step': 19182, 'max_steps': 20000, 'max_zo_forward_steps': 0, 'time': 1354, 'eps': 3e-06}
941it [22:11,  1.73s/it]952it [22:11,  1.17s/it]03/25/2026 23:22:45 - INFO - src.trainer -   {'eval_loss': 1.5142027139663696, 'eval_acc': 0.325}
03/25/2026 23:22:45 - INFO - src.trainer -   Best dev result: 0.325
03/25/2026 23:22:48 - INFO - src.trainer -   [zo_probe] step=9600 eps=3.000e-06 precision=fp32 n=16 mae=3.790998e-02 rmse=4.828837e-02 sign_acc=1.0000 corr=0.999999
03/25/2026 23:22:49 - INFO - src.trainer -   {'loss': 1.4247124195098877, 'learning_rate': 1e-06, 'global_step': 9600, 'zo_forward_step': 19202, 'max_steps': 20000, 'max_zo_forward_steps': 0, 'time': 1358, 'eps': 3e-06}
03/25/2026 23:22:50 - INFO - src.trainer -   {'loss': 1.487335205078125, 'learning_rate': 1e-06, 'global_step': 9610, 'zo_forward_step': 19222, 'max_steps': 20000, 'max_zo_forward_steps': 0, 'time': 1359, 'eps': 3e-06}
03/25/2026 23:22:51 - INFO - src.trainer -   {'loss': 0.9607299566268921, 'learning_rate': 1e-06, 'global_step': 9620, 'zo_forward_step': 19242, 'max_steps': 20000, 'max_zo_forward_steps': 0, 'time': 1360, 'eps': 3e-06}
03/25/2026 23:22:52 - INFO - src.trainer -   {'loss': 1.4291741847991943, 'learning_rate': 1e-06, 'global_step': 9630, 'zo_forward_step': 19262, 'max_steps': 20000, 'max_zo_forward_steps': 0, 'time': 1362, 'eps': 3e-06}
03/25/2026 23:22:53 - INFO - src.trainer -   {'loss': 1.4693481922149658, 'learning_rate': 1e-06, 'global_step': 9640, 'zo_forward_step': 19282, 'max_steps': 20000, 'max_zo_forward_steps': 0, 'time': 1363, 'eps': 3e-06}
03/25/2026 23:22:54 - INFO - src.trainer -   {'loss': 0.986274778842926, 'learning_rate': 1e-06, 'global_step': 9650, 'zo_forward_step': 19302, 'max_steps': 20000, 'max_zo_forward_steps': 0, 'time': 1364, 'eps': 3e-06}
03/25/2026 23:22:55 - INFO - src.trainer -   {'loss': 1.429594874382019, 'learning_rate': 1e-06, 'global_step': 9660, 'zo_forward_step': 19322, 'max_steps': 20000, 'max_zo_forward_steps': 0, 'time': 1365, 'eps': 3e-06}
03/25/2026 23:22:56 - INFO - src.trainer -   {'loss': 1.4588268995285034, 'learning_rate': 1e-06, 'global_step': 9670, 'zo_forward_step': 19342, 'max_steps': 20000, 'max_zo_forward_steps': 0, 'time': 1366, 'eps': 3e-06}
03/25/2026 23:22:58 - INFO - src.trainer -   {'loss': 0.9760646820068359, 'learning_rate': 1e-06, 'global_step': 9680, 'zo_forward_step': 19362, 'max_steps': 20000, 'max_zo_forward_steps': 0, 'time': 1367, 'eps': 3e-06}
03/25/2026 23:22:59 - INFO - src.trainer -   {'loss': 1.4345710277557373, 'learning_rate': 1e-06, 'global_step': 9690, 'zo_forward_step': 19382, 'max_steps': 20000, 'max_zo_forward_steps': 0, 'time': 1368, 'eps': 3e-06}
03/25/2026 23:23:00 - INFO - src.trainer -   {'loss': 1.452903389930725, 'learning_rate': 1e-06, 'global_step': 9700, 'zo_forward_step': 19402, 'max_steps': 20000, 'max_zo_forward_steps': 0, 'time': 1370, 'eps': 3e-06}
960it [22:27,  1.17s/it]03/25/2026 23:23:01 - INFO - src.trainer -   {'loss': 0.964909553527832, 'learning_rate': 1e-06, 'global_step': 9710, 'zo_forward_step': 19422, 'max_steps': 20000, 'max_zo_forward_steps': 0, 'time': 1371, 'eps': 3e-06}
03/25/2026 23:23:02 - INFO - src.trainer -   {'loss': 1.445453405380249, 'learning_rate': 1e-06, 'global_step': 9720, 'zo_forward_step': 19442, 'max_steps': 20000, 'max_zo_forward_steps': 0, 'time': 1372, 'eps': 3e-06}
03/25/2026 23:23:03 - INFO - src.trainer -   {'loss': 1.4787051677703857, 'learning_rate': 1e-06, 'global_step': 9730, 'zo_forward_step': 19462, 'max_steps': 20000, 'max_zo_forward_steps': 0, 'time': 1373, 'eps': 3e-06}
03/25/2026 23:23:05 - INFO - src.trainer -   {'loss': 0.9574097394943237, 'learning_rate': 1e-06, 'global_step': 9740, 'zo_forward_step': 19482, 'max_steps': 20000, 'max_zo_forward_steps': 0, 'time': 1374, 'eps': 3e-06}
03/25/2026 23:23:06 - INFO - src.trainer -   {'loss': 1.4249287843704224, 'learning_rate': 1e-06, 'global_step': 9750, 'zo_forward_step': 19502, 'max_steps': 20000, 'max_zo_forward_steps': 0, 'time': 1375, 'eps': 3e-06}
03/25/2026 23:23:07 - INFO - src.trainer -   {'loss': 1.4781485795974731, 'learning_rate': 1e-06, 'global_step': 9760, 'zo_forward_step': 19522, 'max_steps': 20000, 'max_zo_forward_steps': 0, 'time': 1377, 'eps': 3e-06}
03/25/2026 23:23:08 - INFO - src.trainer -   {'loss': 0.9606773853302002, 'learning_rate': 1e-06, 'global_step': 9770, 'zo_forward_step': 19542, 'max_steps': 20000, 'max_zo_forward_steps': 0, 'time': 1378, 'eps': 3e-06}
03/25/2026 23:23:11 - INFO - src.trainer -   {'loss': 1.4221769571304321, 'learning_rate': 1e-06, 'global_step': 9780, 'zo_forward_step': 19562, 'max_steps': 20000, 'max_zo_forward_steps': 0, 'time': 1380, 'eps': 3e-06}
03/25/2026 23:23:12 - INFO - src.trainer -   {'loss': 1.464775800704956, 'learning_rate': 1e-06, 'global_step': 9790, 'zo_forward_step': 19582, 'max_steps': 20000, 'max_zo_forward_steps': 0, 'time': 1382, 'eps': 3e-06}
961it [22:39,  1.70s/it]972it [22:39,  1.15s/it]03/25/2026 23:23:13 - INFO - src.trainer -   {'eval_loss': 1.5040451288223267, 'eval_acc': 0.4}
03/25/2026 23:23:13 - INFO - src.trainer -   Best dev result: 0.4
03/25/2026 23:23:15 - INFO - src.trainer -   [zo_probe] step=9800 eps=3.000e-06 precision=fp32 n=16 mae=3.942043e-02 rmse=4.627465e-02 sign_acc=1.0000 corr=1.000000
03/25/2026 23:23:15 - INFO - src.trainer -   {'loss': 0.9530823230743408, 'learning_rate': 1e-06, 'global_step': 9800, 'zo_forward_step': 19602, 'max_steps': 20000, 'max_zo_forward_steps': 0, 'time': 1385, 'eps': 3e-06}
03/25/2026 23:23:17 - INFO - src.trainer -   {'loss': 1.4394168853759766, 'learning_rate': 1e-06, 'global_step': 9810, 'zo_forward_step': 19622, 'max_steps': 20000, 'max_zo_forward_steps': 0, 'time': 1386, 'eps': 3e-06}
03/25/2026 23:23:18 - INFO - src.trainer -   {'loss': 1.4678338766098022, 'learning_rate': 1e-06, 'global_step': 9820, 'zo_forward_step': 19642, 'max_steps': 20000, 'max_zo_forward_steps': 0, 'time': 1387, 'eps': 3e-06}
03/25/2026 23:23:19 - INFO - src.trainer -   {'loss': 0.9583842754364014, 'learning_rate': 1e-06, 'global_step': 9830, 'zo_forward_step': 19662, 'max_steps': 20000, 'max_zo_forward_steps': 0, 'time': 1388, 'eps': 3e-06}
03/25/2026 23:23:21 - INFO - src.trainer -   {'loss': 1.4370068311691284, 'learning_rate': 1e-06, 'global_step': 9840, 'zo_forward_step': 19682, 'max_steps': 20000, 'max_zo_forward_steps': 0, 'time': 1391, 'eps': 3e-06}
03/25/2026 23:23:23 - INFO - src.trainer -   {'loss': 1.4575302600860596, 'learning_rate': 1e-06, 'global_step': 9850, 'zo_forward_step': 19702, 'max_steps': 20000, 'max_zo_forward_steps': 0, 'time': 1392, 'eps': 3e-06}
03/25/2026 23:23:24 - INFO - src.trainer -   {'loss': 0.9793829321861267, 'learning_rate': 1e-06, 'global_step': 9860, 'zo_forward_step': 19722, 'max_steps': 20000, 'max_zo_forward_steps': 0, 'time': 1393, 'eps': 3e-06}
03/25/2026 23:23:25 - INFO - src.trainer -   {'loss': 1.4386787414550781, 'learning_rate': 1e-06, 'global_step': 9870, 'zo_forward_step': 19742, 'max_steps': 20000, 'max_zo_forward_steps': 0, 'time': 1394, 'eps': 3e-06}
03/25/2026 23:23:26 - INFO - src.trainer -   {'loss': 1.4675734043121338, 'learning_rate': 1e-06, 'global_step': 9880, 'zo_forward_step': 19762, 'max_steps': 20000, 'max_zo_forward_steps': 0, 'time': 1396, 'eps': 3e-06}
03/25/2026 23:23:27 - INFO - src.trainer -   {'loss': 0.9519092440605164, 'learning_rate': 1e-06, 'global_step': 9890, 'zo_forward_step': 19782, 'max_steps': 20000, 'max_zo_forward_steps': 0, 'time': 1397, 'eps': 3e-06}
03/25/2026 23:23:28 - INFO - src.trainer -   {'loss': 1.4310609102249146, 'learning_rate': 1e-06, 'global_step': 9900, 'zo_forward_step': 19802, 'max_steps': 20000, 'max_zo_forward_steps': 0, 'time': 1398, 'eps': 3e-06}
03/25/2026 23:23:29 - INFO - src.trainer -   {'loss': 1.4630136489868164, 'learning_rate': 1e-06, 'global_step': 9910, 'zo_forward_step': 19822, 'max_steps': 20000, 'max_zo_forward_steps': 0, 'time': 1399, 'eps': 3e-06}
03/25/2026 23:23:31 - INFO - src.trainer -   {'loss': 0.9664452075958252, 'learning_rate': 1e-06, 'global_step': 9920, 'zo_forward_step': 19842, 'max_steps': 20000, 'max_zo_forward_steps': 0, 'time': 1400, 'eps': 3e-06}
980it [22:57,  1.15s/it]03/25/2026 23:23:32 - INFO - src.trainer -   {'loss': 1.419550895690918, 'learning_rate': 1e-06, 'global_step': 9930, 'zo_forward_step': 19862, 'max_steps': 20000, 'max_zo_forward_steps': 0, 'time': 1401, 'eps': 3e-06}
03/25/2026 23:23:33 - INFO - src.trainer -   {'loss': 1.4714930057525635, 'learning_rate': 1e-06, 'global_step': 9940, 'zo_forward_step': 19882, 'max_steps': 20000, 'max_zo_forward_steps': 0, 'time': 1403, 'eps': 3e-06}
03/25/2026 23:23:34 - INFO - src.trainer -   {'loss': 0.9605083465576172, 'learning_rate': 1e-06, 'global_step': 9950, 'zo_forward_step': 19902, 'max_steps': 20000, 'max_zo_forward_steps': 0, 'time': 1404, 'eps': 3e-06}
03/25/2026 23:23:35 - INFO - src.trainer -   {'loss': 1.4184184074401855, 'learning_rate': 1e-06, 'global_step': 9960, 'zo_forward_step': 19922, 'max_steps': 20000, 'max_zo_forward_steps': 0, 'time': 1405, 'eps': 3e-06}
03/25/2026 23:23:36 - INFO - src.trainer -   {'loss': 1.4716542959213257, 'learning_rate': 1e-06, 'global_step': 9970, 'zo_forward_step': 19942, 'max_steps': 20000, 'max_zo_forward_steps': 0, 'time': 1406, 'eps': 3e-06}
03/25/2026 23:23:37 - INFO - src.trainer -   {'loss': 0.9463253021240234, 'learning_rate': 1e-06, 'global_step': 9980, 'zo_forward_step': 19962, 'max_steps': 20000, 'max_zo_forward_steps': 0, 'time': 1407, 'eps': 3e-06}
03/25/2026 23:23:38 - INFO - src.trainer -   {'loss': 1.4291810989379883, 'learning_rate': 1e-06, 'global_step': 9990, 'zo_forward_step': 19982, 'max_steps': 20000, 'max_zo_forward_steps': 0, 'time': 1408, 'eps': 3e-06}
981it [23:06,  1.64s/it]992it [23:06,  1.11s/it]03/25/2026 23:23:40 - INFO - src.trainer -   {'eval_loss': 1.5006616115570068, 'eval_acc': 0.375}
03/25/2026 23:23:43 - INFO - src.trainer -   [zo_probe] step=10000 eps=3.000e-06 precision=fp32 n=16 mae=3.054652e-02 rmse=3.961491e-02 sign_acc=1.0000 corr=1.000000
03/25/2026 23:23:43 - INFO - src.trainer -   {'loss': 1.4673055410385132, 'learning_rate': 1e-06, 'global_step': 10000, 'zo_forward_step': 20002, 'max_steps': 20000, 'max_zo_forward_steps': 0, 'time': 1412, 'eps': 3e-06}
03/25/2026 23:23:44 - INFO - src.trainer -   {'loss': 0.9451363682746887, 'learning_rate': 1e-06, 'global_step': 10010, 'zo_forward_step': 20022, 'max_steps': 20000, 'max_zo_forward_steps': 0, 'time': 1414, 'eps': 3e-06}
03/25/2026 23:23:46 - INFO - src.trainer -   {'loss': 1.4273076057434082, 'learning_rate': 1e-06, 'global_step': 10020, 'zo_forward_step': 20042, 'max_steps': 20000, 'max_zo_forward_steps': 0, 'time': 1415, 'eps': 3e-06}
03/25/2026 23:23:47 - INFO - src.trainer -   {'loss': 1.4708853960037231, 'learning_rate': 1e-06, 'global_step': 10030, 'zo_forward_step': 20062, 'max_steps': 20000, 'max_zo_forward_steps': 0, 'time': 1417, 'eps': 3e-06}
03/25/2026 23:23:48 - INFO - src.trainer -   {'loss': 0.9515091180801392, 'learning_rate': 1e-06, 'global_step': 10040, 'zo_forward_step': 20082, 'max_steps': 20000, 'max_zo_forward_steps': 0, 'time': 1418, 'eps': 3e-06}
03/25/2026 23:23:49 - INFO - src.trainer -   {'loss': 1.4191277027130127, 'learning_rate': 1e-06, 'global_step': 10050, 'zo_forward_step': 20102, 'max_steps': 20000, 'max_zo_forward_steps': 0, 'time': 1419, 'eps': 3e-06}
03/25/2026 23:23:50 - INFO - src.trainer -   {'loss': 1.4715030193328857, 'learning_rate': 1e-06, 'global_step': 10060, 'zo_forward_step': 20122, 'max_steps': 20000, 'max_zo_forward_steps': 0, 'time': 1420, 'eps': 3e-06}
1000it [23:17,  1.11s/it]03/25/2026 23:23:52 - INFO - src.trainer -   {'loss': 0.9381588101387024, 'learning_rate': 1e-06, 'global_step': 10070, 'zo_forward_step': 20142, 'max_steps': 20000, 'max_zo_forward_steps': 0, 'time': 1421, 'eps': 3e-06}
03/25/2026 23:23:53 - INFO - src.trainer -   {'loss': 1.43674898147583, 'learning_rate': 1e-06, 'global_step': 10080, 'zo_forward_step': 20162, 'max_steps': 20000, 'max_zo_forward_steps': 0, 'time': 1423, 'eps': 3e-06}
03/25/2026 23:23:54 - INFO - src.trainer -   {'loss': 1.462856411933899, 'learning_rate': 1e-06, 'global_step': 10090, 'zo_forward_step': 20182, 'max_steps': 20000, 'max_zo_forward_steps': 0, 'time': 1424, 'eps': 3e-06}
03/25/2026 23:23:56 - INFO - src.trainer -   {'loss': 0.9347198605537415, 'learning_rate': 1e-06, 'global_step': 10100, 'zo_forward_step': 20202, 'max_steps': 20000, 'max_zo_forward_steps': 0, 'time': 1425, 'eps': 3e-06}
03/25/2026 23:23:57 - INFO - src.trainer -   {'loss': 1.4507756233215332, 'learning_rate': 1e-06, 'global_step': 10110, 'zo_forward_step': 20222, 'max_steps': 20000, 'max_zo_forward_steps': 0, 'time': 1426, 'eps': 3e-06}
03/25/2026 23:23:58 - INFO - src.trainer -   {'loss': 1.4422292709350586, 'learning_rate': 1e-06, 'global_step': 10120, 'zo_forward_step': 20242, 'max_steps': 20000, 'max_zo_forward_steps': 0, 'time': 1428, 'eps': 3e-06}
03/25/2026 23:23:59 - INFO - src.trainer -   {'loss': 0.9328411221504211, 'learning_rate': 1e-06, 'global_step': 10130, 'zo_forward_step': 20262, 'max_steps': 20000, 'max_zo_forward_steps': 0, 'time': 1429, 'eps': 3e-06}
03/25/2026 23:24:00 - INFO - src.trainer -   {'loss': 1.4498423337936401, 'learning_rate': 1e-06, 'global_step': 10140, 'zo_forward_step': 20282, 'max_steps': 20000, 'max_zo_forward_steps': 0, 'time': 1430, 'eps': 3e-06}
03/25/2026 23:24:01 - INFO - src.trainer -   {'loss': 1.4640967845916748, 'learning_rate': 1e-06, 'global_step': 10150, 'zo_forward_step': 20302, 'max_steps': 20000, 'max_zo_forward_steps': 0, 'time': 1431, 'eps': 3e-06}
03/25/2026 23:24:02 - INFO - src.trainer -   {'loss': 0.9140970706939697, 'learning_rate': 1e-06, 'global_step': 10160, 'zo_forward_step': 20322, 'max_steps': 20000, 'max_zo_forward_steps': 0, 'time': 1432, 'eps': 3e-06}
03/25/2026 23:24:04 - INFO - src.trainer -   {'loss': 1.4540008306503296, 'learning_rate': 1e-06, 'global_step': 10170, 'zo_forward_step': 20342, 'max_steps': 20000, 'max_zo_forward_steps': 0, 'time': 1433, 'eps': 3e-06}
03/25/2026 23:24:05 - INFO - src.trainer -   {'loss': 1.4707168340682983, 'learning_rate': 1e-06, 'global_step': 10180, 'zo_forward_step': 20362, 'max_steps': 20000, 'max_zo_forward_steps': 0, 'time': 1434, 'eps': 3e-06}
03/25/2026 23:24:06 - INFO - src.trainer -   {'loss': 0.9170641899108887, 'learning_rate': 1e-06, 'global_step': 10190, 'zo_forward_step': 20382, 'max_steps': 20000, 'max_zo_forward_steps': 0, 'time': 1435, 'eps': 3e-06}
1001it [23:33,  1.64s/it]1012it [23:33,  1.11s/it]03/25/2026 23:24:07 - INFO - src.trainer -   {'eval_loss': 1.5020736455917358, 'eval_acc': 0.3375}
03/25/2026 23:24:10 - INFO - src.trainer -   [zo_probe] step=10200 eps=3.000e-06 precision=fp32 n=16 mae=5.036184e-02 rmse=6.645614e-02 sign_acc=1.0000 corr=0.999999
03/25/2026 23:24:10 - INFO - src.trainer -   {'loss': 1.434843897819519, 'learning_rate': 1e-06, 'global_step': 10200, 'zo_forward_step': 20402, 'max_steps': 20000, 'max_zo_forward_steps': 0, 'time': 1440, 'eps': 3e-06}
03/25/2026 23:24:11 - INFO - src.trainer -   {'loss': 1.464365839958191, 'learning_rate': 1e-06, 'global_step': 10210, 'zo_forward_step': 20422, 'max_steps': 20000, 'max_zo_forward_steps': 0, 'time': 1441, 'eps': 3e-06}
03/25/2026 23:24:12 - INFO - src.trainer -   {'loss': 0.9243103265762329, 'learning_rate': 1e-06, 'global_step': 10220, 'zo_forward_step': 20442, 'max_steps': 20000, 'max_zo_forward_steps': 0, 'time': 1442, 'eps': 3e-06}
03/25/2026 23:24:14 - INFO - src.trainer -   {'loss': 1.4399775266647339, 'learning_rate': 1e-06, 'global_step': 10230, 'zo_forward_step': 20462, 'max_steps': 20000, 'max_zo_forward_steps': 0, 'time': 1443, 'eps': 3e-06}
03/25/2026 23:24:15 - INFO - src.trainer -   {'loss': 1.4542880058288574, 'learning_rate': 1e-06, 'global_step': 10240, 'zo_forward_step': 20482, 'max_steps': 20000, 'max_zo_forward_steps': 0, 'time': 1444, 'eps': 3e-06}
03/25/2026 23:24:16 - INFO - src.trainer -   {'loss': 0.9172157049179077, 'learning_rate': 1e-06, 'global_step': 10250, 'zo_forward_step': 20502, 'max_steps': 20000, 'max_zo_forward_steps': 0, 'time': 1446, 'eps': 3e-06}
03/25/2026 23:24:17 - INFO - src.trainer -   {'loss': 1.4256840944290161, 'learning_rate': 1e-06, 'global_step': 10260, 'zo_forward_step': 20522, 'max_steps': 20000, 'max_zo_forward_steps': 0, 'time': 1447, 'eps': 3e-06}
03/25/2026 23:24:18 - INFO - src.trainer -   {'loss': 1.4487465620040894, 'learning_rate': 1e-06, 'global_step': 10270, 'zo_forward_step': 20542, 'max_steps': 20000, 'max_zo_forward_steps': 0, 'time': 1448, 'eps': 3e-06}
03/25/2026 23:24:20 - INFO - src.trainer -   {'loss': 0.9436396360397339, 'learning_rate': 1e-06, 'global_step': 10280, 'zo_forward_step': 20562, 'max_steps': 20000, 'max_zo_forward_steps': 0, 'time': 1449, 'eps': 3e-06}
1020it [23:47,  1.11s/it]03/25/2026 23:24:21 - INFO - src.trainer -   {'loss': 1.4185622930526733, 'learning_rate': 1e-06, 'global_step': 10290, 'zo_forward_step': 20582, 'max_steps': 20000, 'max_zo_forward_steps': 0, 'time': 1450, 'eps': 3e-06}
03/25/2026 23:24:22 - INFO - src.trainer -   {'loss': 1.4276089668273926, 'learning_rate': 1e-06, 'global_step': 10300, 'zo_forward_step': 20602, 'max_steps': 20000, 'max_zo_forward_steps': 0, 'time': 1452, 'eps': 3e-06}
03/25/2026 23:24:23 - INFO - src.trainer -   {'loss': 0.9311753511428833, 'learning_rate': 1e-06, 'global_step': 10310, 'zo_forward_step': 20622, 'max_steps': 20000, 'max_zo_forward_steps': 0, 'time': 1453, 'eps': 3e-06}
03/25/2026 23:24:24 - INFO - src.trainer -   {'loss': 1.4273643493652344, 'learning_rate': 1e-06, 'global_step': 10320, 'zo_forward_step': 20642, 'max_steps': 20000, 'max_zo_forward_steps': 0, 'time': 1454, 'eps': 3e-06}
03/25/2026 23:24:25 - INFO - src.trainer -   {'loss': 1.43313729763031, 'learning_rate': 1e-06, 'global_step': 10330, 'zo_forward_step': 20662, 'max_steps': 20000, 'max_zo_forward_steps': 0, 'time': 1455, 'eps': 3e-06}
03/25/2026 23:24:27 - INFO - src.trainer -   {'loss': 0.9273120164871216, 'learning_rate': 1e-06, 'global_step': 10340, 'zo_forward_step': 20682, 'max_steps': 20000, 'max_zo_forward_steps': 0, 'time': 1456, 'eps': 3e-06}
03/25/2026 23:24:28 - INFO - src.trainer -   {'loss': 1.4268099069595337, 'learning_rate': 1e-06, 'global_step': 10350, 'zo_forward_step': 20702, 'max_steps': 20000, 'max_zo_forward_steps': 0, 'time': 1457, 'eps': 3e-06}
03/25/2026 23:24:29 - INFO - src.trainer -   {'loss': 1.4358043670654297, 'learning_rate': 1e-06, 'global_step': 10360, 'zo_forward_step': 20722, 'max_steps': 20000, 'max_zo_forward_steps': 0, 'time': 1459, 'eps': 3e-06}
03/25/2026 23:24:30 - INFO - src.trainer -   {'loss': 0.9165952205657959, 'learning_rate': 1e-06, 'global_step': 10370, 'zo_forward_step': 20742, 'max_steps': 20000, 'max_zo_forward_steps': 0, 'time': 1460, 'eps': 3e-06}
03/25/2026 23:24:31 - INFO - src.trainer -   {'loss': 1.4276256561279297, 'learning_rate': 1e-06, 'global_step': 10380, 'zo_forward_step': 20762, 'max_steps': 20000, 'max_zo_forward_steps': 0, 'time': 1461, 'eps': 3e-06}
03/25/2026 23:24:32 - INFO - src.trainer -   {'loss': 1.4439780712127686, 'learning_rate': 1e-06, 'global_step': 10390, 'zo_forward_step': 20782, 'max_steps': 20000, 'max_zo_forward_steps': 0, 'time': 1462, 'eps': 3e-06}
1021it [24:00,  1.61s/it]1032it [24:00,  1.09s/it]03/25/2026 23:24:33 - INFO - src.trainer -   {'eval_loss': 1.4919236898422241, 'eval_acc': 0.3625}
03/25/2026 23:24:36 - INFO - src.trainer -   [zo_probe] step=10400 eps=3.000e-06 precision=fp32 n=16 mae=4.195806e-02 rmse=4.905805e-02 sign_acc=1.0000 corr=0.999999
03/25/2026 23:24:36 - INFO - src.trainer -   {'loss': 0.919914722442627, 'learning_rate': 1e-06, 'global_step': 10400, 'zo_forward_step': 20802, 'max_steps': 20000, 'max_zo_forward_steps': 0, 'time': 1465, 'eps': 3e-06}
03/25/2026 23:24:37 - INFO - src.trainer -   {'loss': 1.4287762641906738, 'learning_rate': 1e-06, 'global_step': 10410, 'zo_forward_step': 20822, 'max_steps': 20000, 'max_zo_forward_steps': 0, 'time': 1466, 'eps': 3e-06}
03/25/2026 23:24:38 - INFO - src.trainer -   {'loss': 1.4296561479568481, 'learning_rate': 1e-06, 'global_step': 10420, 'zo_forward_step': 20842, 'max_steps': 20000, 'max_zo_forward_steps': 0, 'time': 1468, 'eps': 3e-06}
03/25/2026 23:24:39 - INFO - src.trainer -   {'loss': 0.9147132039070129, 'learning_rate': 1e-06, 'global_step': 10430, 'zo_forward_step': 20862, 'max_steps': 20000, 'max_zo_forward_steps': 0, 'time': 1469, 'eps': 3e-06}
03/25/2026 23:24:40 - INFO - src.trainer -   {'loss': 1.4293018579483032, 'learning_rate': 1e-06, 'global_step': 10440, 'zo_forward_step': 20882, 'max_steps': 20000, 'max_zo_forward_steps': 0, 'time': 1470, 'eps': 3e-06}
03/25/2026 23:24:41 - INFO - src.trainer -   {'loss': 1.4305213689804077, 'learning_rate': 1e-06, 'global_step': 10450, 'zo_forward_step': 20902, 'max_steps': 20000, 'max_zo_forward_steps': 0, 'time': 1471, 'eps': 3e-06}
03/25/2026 23:24:42 - INFO - src.trainer -   {'loss': 0.9146327376365662, 'learning_rate': 1e-06, 'global_step': 10460, 'zo_forward_step': 20922, 'max_steps': 20000, 'max_zo_forward_steps': 0, 'time': 1472, 'eps': 3e-06}
03/25/2026 23:24:44 - INFO - src.trainer -   {'loss': 1.425031065940857, 'learning_rate': 1e-06, 'global_step': 10470, 'zo_forward_step': 20942, 'max_steps': 20000, 'max_zo_forward_steps': 0, 'time': 1473, 'eps': 3e-06}
03/25/2026 23:24:45 - INFO - src.trainer -   {'loss': 1.4256088733673096, 'learning_rate': 1e-06, 'global_step': 10480, 'zo_forward_step': 20962, 'max_steps': 20000, 'max_zo_forward_steps': 0, 'time': 1475, 'eps': 3e-06}
03/25/2026 23:24:46 - INFO - src.trainer -   {'loss': 0.9098535180091858, 'learning_rate': 1e-06, 'global_step': 10490, 'zo_forward_step': 20982, 'max_steps': 20000, 'max_zo_forward_steps': 0, 'time': 1476, 'eps': 3e-06}
03/25/2026 23:24:47 - INFO - src.trainer -   {'loss': 1.4147404432296753, 'learning_rate': 1e-06, 'global_step': 10500, 'zo_forward_step': 21002, 'max_steps': 20000, 'max_zo_forward_steps': 0, 'time': 1477, 'eps': 3e-06}
03/25/2026 23:24:49 - INFO - src.trainer -   {'loss': 1.4345860481262207, 'learning_rate': 1e-06, 'global_step': 10510, 'zo_forward_step': 21022, 'max_steps': 20000, 'max_zo_forward_steps': 0, 'time': 1478, 'eps': 3e-06}
03/25/2026 23:24:50 - INFO - src.trainer -   {'loss': 0.9020272493362427, 'learning_rate': 1e-06, 'global_step': 10520, 'zo_forward_step': 21042, 'max_steps': 20000, 'max_zo_forward_steps': 0, 'time': 1480, 'eps': 3e-06}
1040it [24:17,  1.09s/it]03/25/2026 23:24:51 - INFO - src.trainer -   {'loss': 1.4172799587249756, 'learning_rate': 1e-06, 'global_step': 10530, 'zo_forward_step': 21062, 'max_steps': 20000, 'max_zo_forward_steps': 0, 'time': 1481, 'eps': 3e-06}
03/25/2026 23:24:52 - INFO - src.trainer -   {'loss': 1.4290143251419067, 'learning_rate': 1e-06, 'global_step': 10540, 'zo_forward_step': 21082, 'max_steps': 20000, 'max_zo_forward_steps': 0, 'time': 1482, 'eps': 3e-06}
03/25/2026 23:24:53 - INFO - src.trainer -   {'loss': 0.9054830074310303, 'learning_rate': 1e-06, 'global_step': 10550, 'zo_forward_step': 21102, 'max_steps': 20000, 'max_zo_forward_steps': 0, 'time': 1483, 'eps': 3e-06}
03/25/2026 23:24:56 - INFO - src.trainer -   {'loss': 1.408687949180603, 'learning_rate': 1e-06, 'global_step': 10560, 'zo_forward_step': 21122, 'max_steps': 20000, 'max_zo_forward_steps': 0, 'time': 1486, 'eps': 3e-06}
03/25/2026 23:24:58 - INFO - src.trainer -   {'loss': 1.4503166675567627, 'learning_rate': 1e-06, 'global_step': 10570, 'zo_forward_step': 21142, 'max_steps': 20000, 'max_zo_forward_steps': 0, 'time': 1487, 'eps': 3e-06}
03/25/2026 23:24:59 - INFO - src.trainer -   {'loss': 0.8829132318496704, 'learning_rate': 1e-06, 'global_step': 10580, 'zo_forward_step': 21162, 'max_steps': 20000, 'max_zo_forward_steps': 0, 'time': 1488, 'eps': 3e-06}
03/25/2026 23:25:00 - INFO - src.trainer -   {'loss': 1.3999942541122437, 'learning_rate': 1e-06, 'global_step': 10590, 'zo_forward_step': 21182, 'max_steps': 20000, 'max_zo_forward_steps': 0, 'time': 1490, 'eps': 3e-06}
1041it [24:27,  1.63s/it]1052it [24:27,  1.10s/it]03/25/2026 23:25:01 - INFO - src.trainer -   {'eval_loss': 1.4900434017181396, 'eval_acc': 0.3625}
03/25/2026 23:25:04 - INFO - src.trainer -   [zo_probe] step=10600 eps=3.000e-06 precision=fp32 n=16 mae=3.536509e-02 rmse=4.427608e-02 sign_acc=1.0000 corr=0.999999
03/25/2026 23:25:04 - INFO - src.trainer -   {'loss': 1.4548814296722412, 'learning_rate': 1e-06, 'global_step': 10600, 'zo_forward_step': 21202, 'max_steps': 20000, 'max_zo_forward_steps': 0, 'time': 1494, 'eps': 3e-06}
03/25/2026 23:25:05 - INFO - src.trainer -   {'loss': 0.8946958184242249, 'learning_rate': 1e-06, 'global_step': 10610, 'zo_forward_step': 21222, 'max_steps': 20000, 'max_zo_forward_steps': 0, 'time': 1495, 'eps': 3e-06}
03/25/2026 23:25:07 - INFO - src.trainer -   {'loss': 1.396116852760315, 'learning_rate': 1e-06, 'global_step': 10620, 'zo_forward_step': 21242, 'max_steps': 20000, 'max_zo_forward_steps': 0, 'time': 1497, 'eps': 3e-06}
03/25/2026 23:25:08 - INFO - src.trainer -   {'loss': 1.4245060682296753, 'learning_rate': 1e-06, 'global_step': 10630, 'zo_forward_step': 21262, 'max_steps': 20000, 'max_zo_forward_steps': 0, 'time': 1498, 'eps': 3e-06}
03/25/2026 23:25:09 - INFO - src.trainer -   {'loss': 0.8993710875511169, 'learning_rate': 1e-06, 'global_step': 10640, 'zo_forward_step': 21282, 'max_steps': 20000, 'max_zo_forward_steps': 0, 'time': 1499, 'eps': 3e-06}
03/25/2026 23:25:11 - INFO - src.trainer -   {'loss': 1.423603892326355, 'learning_rate': 1e-06, 'global_step': 10650, 'zo_forward_step': 21302, 'max_steps': 20000, 'max_zo_forward_steps': 0, 'time': 1500, 'eps': 3e-06}
03/25/2026 23:25:12 - INFO - src.trainer -   {'loss': 1.4232097864151, 'learning_rate': 1e-06, 'global_step': 10660, 'zo_forward_step': 21322, 'max_steps': 20000, 'max_zo_forward_steps': 0, 'time': 1501, 'eps': 3e-06}
03/25/2026 23:25:13 - INFO - src.trainer -   {'loss': 0.8841971158981323, 'learning_rate': 1e-06, 'global_step': 10670, 'zo_forward_step': 21342, 'max_steps': 20000, 'max_zo_forward_steps': 0, 'time': 1503, 'eps': 3e-06}
03/25/2026 23:25:14 - INFO - src.trainer -   {'loss': 1.4118046760559082, 'learning_rate': 1e-06, 'global_step': 10680, 'zo_forward_step': 21362, 'max_steps': 20000, 'max_zo_forward_steps': 0, 'time': 1504, 'eps': 3e-06}
03/25/2026 23:25:15 - INFO - src.trainer -   {'loss': 1.4336024522781372, 'learning_rate': 1e-06, 'global_step': 10690, 'zo_forward_step': 21382, 'max_steps': 20000, 'max_zo_forward_steps': 0, 'time': 1505, 'eps': 3e-06}
03/25/2026 23:25:16 - INFO - src.trainer -   {'loss': 0.8617234230041504, 'learning_rate': 1e-06, 'global_step': 10700, 'zo_forward_step': 21402, 'max_steps': 20000, 'max_zo_forward_steps': 0, 'time': 1506, 'eps': 3e-06}
03/25/2026 23:25:17 - INFO - src.trainer -   {'loss': 1.424142599105835, 'learning_rate': 1e-06, 'global_step': 10710, 'zo_forward_step': 21422, 'max_steps': 20000, 'max_zo_forward_steps': 0, 'time': 1507, 'eps': 3e-06}
03/25/2026 23:25:19 - INFO - src.trainer -   {'loss': 1.4365297555923462, 'learning_rate': 1e-06, 'global_step': 10720, 'zo_forward_step': 21442, 'max_steps': 20000, 'max_zo_forward_steps': 0, 'time': 1508, 'eps': 3e-06}
03/25/2026 23:25:20 - INFO - src.trainer -   {'loss': 0.8559407591819763, 'learning_rate': 1e-06, 'global_step': 10730, 'zo_forward_step': 21462, 'max_steps': 20000, 'max_zo_forward_steps': 0, 'time': 1509, 'eps': 3e-06}
1060it [24:47,  1.10s/it]03/25/2026 23:25:21 - INFO - src.trainer -   {'loss': 1.419432520866394, 'learning_rate': 1e-06, 'global_step': 10740, 'zo_forward_step': 21482, 'max_steps': 20000, 'max_zo_forward_steps': 0, 'time': 1511, 'eps': 3e-06}
03/25/2026 23:25:22 - INFO - src.trainer -   {'loss': 1.4455865621566772, 'learning_rate': 1e-06, 'global_step': 10750, 'zo_forward_step': 21502, 'max_steps': 20000, 'max_zo_forward_steps': 0, 'time': 1512, 'eps': 3e-06}
03/25/2026 23:25:24 - INFO - src.trainer -   {'loss': 0.8584648370742798, 'learning_rate': 1e-06, 'global_step': 10760, 'zo_forward_step': 21522, 'max_steps': 20000, 'max_zo_forward_steps': 0, 'time': 1513, 'eps': 3e-06}
03/25/2026 23:25:25 - INFO - src.trainer -   {'loss': 1.418819546699524, 'learning_rate': 1e-06, 'global_step': 10770, 'zo_forward_step': 21542, 'max_steps': 20000, 'max_zo_forward_steps': 0, 'time': 1514, 'eps': 3e-06}
03/25/2026 23:25:26 - INFO - src.trainer -   {'loss': 1.4279330968856812, 'learning_rate': 1e-06, 'global_step': 10780, 'zo_forward_step': 21562, 'max_steps': 20000, 'max_zo_forward_steps': 0, 'time': 1516, 'eps': 3e-06}
03/25/2026 23:25:27 - INFO - src.trainer -   {'loss': 0.8623528480529785, 'learning_rate': 1e-06, 'global_step': 10790, 'zo_forward_step': 21582, 'max_steps': 20000, 'max_zo_forward_steps': 0, 'time': 1517, 'eps': 3e-06}
1061it [24:55,  1.64s/it]1072it [24:55,  1.11s/it]03/25/2026 23:25:29 - INFO - src.trainer -   {'eval_loss': 1.4914647340774536, 'eval_acc': 0.3375}
03/25/2026 23:25:32 - INFO - src.trainer -   [zo_probe] step=10800 eps=3.000e-06 precision=fp32 n=16 mae=3.894071e-02 rmse=4.763261e-02 sign_acc=1.0000 corr=0.999998
03/25/2026 23:25:32 - INFO - src.trainer -   {'loss': 1.415831446647644, 'learning_rate': 1e-06, 'global_step': 10800, 'zo_forward_step': 21602, 'max_steps': 20000, 'max_zo_forward_steps': 0, 'time': 1521, 'eps': 3e-06}
03/25/2026 23:25:33 - INFO - src.trainer -   {'loss': 1.4390742778778076, 'learning_rate': 1e-06, 'global_step': 10810, 'zo_forward_step': 21622, 'max_steps': 20000, 'max_zo_forward_steps': 0, 'time': 1522, 'eps': 3e-06}
03/25/2026 23:25:34 - INFO - src.trainer -   {'loss': 0.8412186503410339, 'learning_rate': 1e-06, 'global_step': 10820, 'zo_forward_step': 21642, 'max_steps': 20000, 'max_zo_forward_steps': 0, 'time': 1524, 'eps': 3e-06}
03/25/2026 23:25:35 - INFO - src.trainer -   {'loss': 1.4128499031066895, 'learning_rate': 1e-06, 'global_step': 10830, 'zo_forward_step': 21662, 'max_steps': 20000, 'max_zo_forward_steps': 0, 'time': 1525, 'eps': 3e-06}
03/25/2026 23:25:36 - INFO - src.trainer -   {'loss': 1.4519931077957153, 'learning_rate': 1e-06, 'global_step': 10840, 'zo_forward_step': 21682, 'max_steps': 20000, 'max_zo_forward_steps': 0, 'time': 1526, 'eps': 3e-06}
03/25/2026 23:25:38 - INFO - src.trainer -   {'loss': 0.839268147945404, 'learning_rate': 1e-06, 'global_step': 10850, 'zo_forward_step': 21702, 'max_steps': 20000, 'max_zo_forward_steps': 0, 'time': 1528, 'eps': 3e-06}
03/25/2026 23:25:39 - INFO - src.trainer -   {'loss': 1.4152348041534424, 'learning_rate': 1e-06, 'global_step': 10860, 'zo_forward_step': 21722, 'max_steps': 20000, 'max_zo_forward_steps': 0, 'time': 1529, 'eps': 3e-06}
03/25/2026 23:25:40 - INFO - src.trainer -   {'loss': 1.4535462856292725, 'learning_rate': 1e-06, 'global_step': 10870, 'zo_forward_step': 21742, 'max_steps': 20000, 'max_zo_forward_steps': 0, 'time': 1530, 'eps': 3e-06}
1080it [25:07,  1.11s/it]03/25/2026 23:25:41 - INFO - src.trainer -   {'loss': 0.8391609191894531, 'learning_rate': 1e-06, 'global_step': 10880, 'zo_forward_step': 21762, 'max_steps': 20000, 'max_zo_forward_steps': 0, 'time': 1531, 'eps': 3e-06}
03/25/2026 23:25:42 - INFO - src.trainer -   {'loss': 1.4075745344161987, 'learning_rate': 1e-06, 'global_step': 10890, 'zo_forward_step': 21782, 'max_steps': 20000, 'max_zo_forward_steps': 0, 'time': 1532, 'eps': 3e-06}
03/25/2026 23:25:44 - INFO - src.trainer -   {'loss': 1.44792640209198, 'learning_rate': 1e-06, 'global_step': 10900, 'zo_forward_step': 21802, 'max_steps': 20000, 'max_zo_forward_steps': 0, 'time': 1533, 'eps': 3e-06}
03/25/2026 23:25:46 - INFO - src.trainer -   {'loss': 0.8337434530258179, 'learning_rate': 1e-06, 'global_step': 10910, 'zo_forward_step': 21822, 'max_steps': 20000, 'max_zo_forward_steps': 0, 'time': 1535, 'eps': 3e-06}
03/25/2026 23:25:47 - INFO - src.trainer -   {'loss': 1.4131306409835815, 'learning_rate': 1e-06, 'global_step': 10920, 'zo_forward_step': 21842, 'max_steps': 20000, 'max_zo_forward_steps': 0, 'time': 1537, 'eps': 3e-06}
03/25/2026 23:25:48 - INFO - src.trainer -   {'loss': 1.441618800163269, 'learning_rate': 1e-06, 'global_step': 10930, 'zo_forward_step': 21862, 'max_steps': 20000, 'max_zo_forward_steps': 0, 'time': 1538, 'eps': 3e-06}
03/25/2026 23:25:49 - INFO - src.trainer -   {'loss': 0.8362442851066589, 'learning_rate': 1e-06, 'global_step': 10940, 'zo_forward_step': 21882, 'max_steps': 20000, 'max_zo_forward_steps': 0, 'time': 1539, 'eps': 3e-06}
03/25/2026 23:25:51 - INFO - src.trainer -   {'loss': 1.4088996648788452, 'learning_rate': 1e-06, 'global_step': 10950, 'zo_forward_step': 21902, 'max_steps': 20000, 'max_zo_forward_steps': 0, 'time': 1540, 'eps': 3e-06}
03/25/2026 23:25:52 - INFO - src.trainer -   {'loss': 1.4278815984725952, 'learning_rate': 1e-06, 'global_step': 10960, 'zo_forward_step': 21922, 'max_steps': 20000, 'max_zo_forward_steps': 0, 'time': 1541, 'eps': 3e-06}
03/25/2026 23:25:53 - INFO - src.trainer -   {'loss': 0.838557243347168, 'learning_rate': 1e-06, 'global_step': 10970, 'zo_forward_step': 21942, 'max_steps': 20000, 'max_zo_forward_steps': 0, 'time': 1543, 'eps': 3e-06}
03/25/2026 23:25:54 - INFO - src.trainer -   {'loss': 1.403372883796692, 'learning_rate': 1e-06, 'global_step': 10980, 'zo_forward_step': 21962, 'max_steps': 20000, 'max_zo_forward_steps': 0, 'time': 1544, 'eps': 3e-06}
03/25/2026 23:25:56 - INFO - src.trainer -   {'loss': 1.433738350868225, 'learning_rate': 1e-06, 'global_step': 10990, 'zo_forward_step': 21982, 'max_steps': 20000, 'max_zo_forward_steps': 0, 'time': 1545, 'eps': 3e-06}
1081it [25:23,  1.67s/it]1092it [25:23,  1.13s/it]03/25/2026 23:25:57 - INFO - src.trainer -   {'eval_loss': 1.487179160118103, 'eval_acc': 0.3375}
03/25/2026 23:25:59 - INFO - src.trainer -   [zo_probe] step=11000 eps=3.000e-06 precision=fp32 n=16 mae=4.313213e-02 rmse=5.083107e-02 sign_acc=1.0000 corr=0.999999
03/25/2026 23:25:59 - INFO - src.trainer -   {'loss': 0.8254666328430176, 'learning_rate': 1e-06, 'global_step': 11000, 'zo_forward_step': 22002, 'max_steps': 20000, 'max_zo_forward_steps': 0, 'time': 1549, 'eps': 3e-06}
03/25/2026 23:26:00 - INFO - src.trainer -   {'loss': 1.4021916389465332, 'learning_rate': 1e-06, 'global_step': 11010, 'zo_forward_step': 22022, 'max_steps': 20000, 'max_zo_forward_steps': 0, 'time': 1550, 'eps': 3e-06}
03/25/2026 23:26:01 - INFO - src.trainer -   {'loss': 1.4416536092758179, 'learning_rate': 1e-06, 'global_step': 11020, 'zo_forward_step': 22042, 'max_steps': 20000, 'max_zo_forward_steps': 0, 'time': 1551, 'eps': 3e-06}
03/25/2026 23:26:02 - INFO - src.trainer -   {'loss': 0.8381337523460388, 'learning_rate': 1e-06, 'global_step': 11030, 'zo_forward_step': 22062, 'max_steps': 20000, 'max_zo_forward_steps': 0, 'time': 1552, 'eps': 3e-06}
03/25/2026 23:26:04 - INFO - src.trainer -   {'loss': 1.415536880493164, 'learning_rate': 1e-06, 'global_step': 11040, 'zo_forward_step': 22082, 'max_steps': 20000, 'max_zo_forward_steps': 0, 'time': 1553, 'eps': 3e-06}
03/25/2026 23:26:05 - INFO - src.trainer -   {'loss': 1.4320975542068481, 'learning_rate': 1e-06, 'global_step': 11050, 'zo_forward_step': 22102, 'max_steps': 20000, 'max_zo_forward_steps': 0, 'time': 1554, 'eps': 3e-06}
03/25/2026 23:26:06 - INFO - src.trainer -   {'loss': 0.8253846764564514, 'learning_rate': 1e-06, 'global_step': 11060, 'zo_forward_step': 22122, 'max_steps': 20000, 'max_zo_forward_steps': 0, 'time': 1556, 'eps': 3e-06}
03/25/2026 23:26:08 - INFO - src.trainer -   {'loss': 1.4110281467437744, 'learning_rate': 1e-06, 'global_step': 11070, 'zo_forward_step': 22142, 'max_steps': 20000, 'max_zo_forward_steps': 0, 'time': 1557, 'eps': 3e-06}
03/25/2026 23:26:09 - INFO - src.trainer -   {'loss': 1.446713924407959, 'learning_rate': 1e-06, 'global_step': 11080, 'zo_forward_step': 22162, 'max_steps': 20000, 'max_zo_forward_steps': 0, 'time': 1558, 'eps': 3e-06}
03/25/2026 23:26:10 - INFO - src.trainer -   {'loss': 0.8224409222602844, 'learning_rate': 1e-06, 'global_step': 11090, 'zo_forward_step': 22182, 'max_steps': 20000, 'max_zo_forward_steps': 0, 'time': 1559, 'eps': 3e-06}
1100it [25:37,  1.13s/it]03/25/2026 23:26:11 - INFO - src.trainer -   {'loss': 1.4121474027633667, 'learning_rate': 1e-06, 'global_step': 11100, 'zo_forward_step': 22202, 'max_steps': 20000, 'max_zo_forward_steps': 0, 'time': 1561, 'eps': 3e-06}
03/25/2026 23:26:12 - INFO - src.trainer -   {'loss': 1.4418715238571167, 'learning_rate': 1e-06, 'global_step': 11110, 'zo_forward_step': 22222, 'max_steps': 20000, 'max_zo_forward_steps': 0, 'time': 1562, 'eps': 3e-06}
03/25/2026 23:26:14 - INFO - src.trainer -   {'loss': 0.8234299421310425, 'learning_rate': 1e-06, 'global_step': 11120, 'zo_forward_step': 22242, 'max_steps': 20000, 'max_zo_forward_steps': 0, 'time': 1563, 'eps': 3e-06}
03/25/2026 23:26:15 - INFO - src.trainer -   {'loss': 1.4152109622955322, 'learning_rate': 1e-06, 'global_step': 11130, 'zo_forward_step': 22262, 'max_steps': 20000, 'max_zo_forward_steps': 0, 'time': 1565, 'eps': 3e-06}
03/25/2026 23:26:17 - INFO - src.trainer -   {'loss': 1.4382209777832031, 'learning_rate': 1e-06, 'global_step': 11140, 'zo_forward_step': 22282, 'max_steps': 20000, 'max_zo_forward_steps': 0, 'time': 1566, 'eps': 3e-06}
03/25/2026 23:26:18 - INFO - src.trainer -   {'loss': 0.8158745169639587, 'learning_rate': 1e-06, 'global_step': 11150, 'zo_forward_step': 22302, 'max_steps': 20000, 'max_zo_forward_steps': 0, 'time': 1567, 'eps': 3e-06}
03/25/2026 23:26:19 - INFO - src.trainer -   {'loss': 1.4104300737380981, 'learning_rate': 1e-06, 'global_step': 11160, 'zo_forward_step': 22322, 'max_steps': 20000, 'max_zo_forward_steps': 0, 'time': 1569, 'eps': 3e-06}
03/25/2026 23:26:20 - INFO - src.trainer -   {'loss': 1.4562773704528809, 'learning_rate': 1e-06, 'global_step': 11170, 'zo_forward_step': 22342, 'max_steps': 20000, 'max_zo_forward_steps': 0, 'time': 1570, 'eps': 3e-06}
03/25/2026 23:26:21 - INFO - src.trainer -   {'loss': 0.7985559105873108, 'learning_rate': 1e-06, 'global_step': 11180, 'zo_forward_step': 22362, 'max_steps': 20000, 'max_zo_forward_steps': 0, 'time': 1571, 'eps': 3e-06}
03/25/2026 23:26:22 - INFO - src.trainer -   {'loss': 1.4068107604980469, 'learning_rate': 1e-06, 'global_step': 11190, 'zo_forward_step': 22382, 'max_steps': 20000, 'max_zo_forward_steps': 0, 'time': 1572, 'eps': 3e-06}
1101it [25:50,  1.63s/it]1112it [25:50,  1.11s/it]03/25/2026 23:26:24 - INFO - src.trainer -   {'eval_loss': 1.4850304126739502, 'eval_acc': 0.35}
03/25/2026 23:26:27 - INFO - src.trainer -   [zo_probe] step=11200 eps=3.000e-06 precision=fp32 n=16 mae=5.468313e-02 rmse=7.061120e-02 sign_acc=1.0000 corr=0.999999
03/25/2026 23:26:27 - INFO - src.trainer -   {'loss': 1.4601222276687622, 'learning_rate': 1e-06, 'global_step': 11200, 'zo_forward_step': 22402, 'max_steps': 20000, 'max_zo_forward_steps': 0, 'time': 1576, 'eps': 3e-06}
03/25/2026 23:26:28 - INFO - src.trainer -   {'loss': 0.8046888709068298, 'learning_rate': 1e-06, 'global_step': 11210, 'zo_forward_step': 22422, 'max_steps': 20000, 'max_zo_forward_steps': 0, 'time': 1577, 'eps': 3e-06}
03/25/2026 23:26:29 - INFO - src.trainer -   {'loss': 1.4146918058395386, 'learning_rate': 1e-06, 'global_step': 11220, 'zo_forward_step': 22442, 'max_steps': 20000, 'max_zo_forward_steps': 0, 'time': 1579, 'eps': 3e-06}
03/25/2026 23:26:31 - INFO - src.trainer -   {'loss': 1.4486337900161743, 'learning_rate': 1e-06, 'global_step': 11230, 'zo_forward_step': 22462, 'max_steps': 20000, 'max_zo_forward_steps': 0, 'time': 1581, 'eps': 3e-06}
03/25/2026 23:26:32 - INFO - src.trainer -   {'loss': 0.8408973813056946, 'learning_rate': 1e-06, 'global_step': 11240, 'zo_forward_step': 22482, 'max_steps': 20000, 'max_zo_forward_steps': 0, 'time': 1582, 'eps': 3e-06}
03/25/2026 23:26:33 - INFO - src.trainer -   {'loss': 1.3835536241531372, 'learning_rate': 1e-06, 'global_step': 11250, 'zo_forward_step': 22502, 'max_steps': 20000, 'max_zo_forward_steps': 0, 'time': 1583, 'eps': 3e-06}
03/25/2026 23:26:35 - INFO - src.trainer -   {'loss': 1.4249746799468994, 'learning_rate': 1e-06, 'global_step': 11260, 'zo_forward_step': 22522, 'max_steps': 20000, 'max_zo_forward_steps': 0, 'time': 1584, 'eps': 3e-06}
03/25/2026 23:26:36 - INFO - src.trainer -   {'loss': 0.851296603679657, 'learning_rate': 1e-06, 'global_step': 11270, 'zo_forward_step': 22542, 'max_steps': 20000, 'max_zo_forward_steps': 0, 'time': 1585, 'eps': 3e-06}
03/25/2026 23:26:38 - INFO - src.trainer -   {'loss': 1.3668134212493896, 'learning_rate': 1e-06, 'global_step': 11280, 'zo_forward_step': 22562, 'max_steps': 20000, 'max_zo_forward_steps': 0, 'time': 1587, 'eps': 3e-06}
03/25/2026 23:26:40 - INFO - src.trainer -   {'loss': 1.4304882287979126, 'learning_rate': 1e-06, 'global_step': 11290, 'zo_forward_step': 22582, 'max_steps': 20000, 'max_zo_forward_steps': 0, 'time': 1589, 'eps': 3e-06}
1120it [26:07,  1.11s/it]03/25/2026 23:26:42 - INFO - src.trainer -   {'loss': 0.8479573130607605, 'learning_rate': 1e-06, 'global_step': 11300, 'zo_forward_step': 22602, 'max_steps': 20000, 'max_zo_forward_steps': 0, 'time': 1591, 'eps': 3e-06}
03/25/2026 23:26:43 - INFO - src.trainer -   {'loss': 1.3784056901931763, 'learning_rate': 1e-06, 'global_step': 11310, 'zo_forward_step': 22622, 'max_steps': 20000, 'max_zo_forward_steps': 0, 'time': 1593, 'eps': 3e-06}
03/25/2026 23:26:44 - INFO - src.trainer -   {'loss': 1.42384672164917, 'learning_rate': 1e-06, 'global_step': 11320, 'zo_forward_step': 22642, 'max_steps': 20000, 'max_zo_forward_steps': 0, 'time': 1594, 'eps': 3e-06}
03/25/2026 23:26:45 - INFO - src.trainer -   {'loss': 0.845013439655304, 'learning_rate': 1e-06, 'global_step': 11330, 'zo_forward_step': 22662, 'max_steps': 20000, 'max_zo_forward_steps': 0, 'time': 1595, 'eps': 3e-06}
03/25/2026 23:26:46 - INFO - src.trainer -   {'loss': 1.3829180002212524, 'learning_rate': 1e-06, 'global_step': 11340, 'zo_forward_step': 22682, 'max_steps': 20000, 'max_zo_forward_steps': 0, 'time': 1596, 'eps': 3e-06}
03/25/2026 23:26:47 - INFO - src.trainer -   {'loss': 1.4092621803283691, 'learning_rate': 1e-06, 'global_step': 11350, 'zo_forward_step': 22702, 'max_steps': 20000, 'max_zo_forward_steps': 0, 'time': 1597, 'eps': 3e-06}
03/25/2026 23:26:49 - INFO - src.trainer -   {'loss': 0.8561872839927673, 'learning_rate': 1e-06, 'global_step': 11360, 'zo_forward_step': 22722, 'max_steps': 20000, 'max_zo_forward_steps': 0, 'time': 1598, 'eps': 3e-06}
03/25/2026 23:26:50 - INFO - src.trainer -   {'loss': 1.3932626247406006, 'learning_rate': 1e-06, 'global_step': 11370, 'zo_forward_step': 22742, 'max_steps': 20000, 'max_zo_forward_steps': 0, 'time': 1599, 'eps': 3e-06}
03/25/2026 23:26:51 - INFO - src.trainer -   {'loss': 1.4311550855636597, 'learning_rate': 1e-06, 'global_step': 11380, 'zo_forward_step': 22762, 'max_steps': 20000, 'max_zo_forward_steps': 0, 'time': 1601, 'eps': 3e-06}
03/25/2026 23:26:52 - INFO - src.trainer -   {'loss': 0.8348444700241089, 'learning_rate': 1e-06, 'global_step': 11390, 'zo_forward_step': 22782, 'max_steps': 20000, 'max_zo_forward_steps': 0, 'time': 1602, 'eps': 3e-06}
1121it [26:20,  1.71s/it]1132it [26:20,  1.16s/it]03/25/2026 23:26:54 - INFO - src.trainer -   {'eval_loss': 1.4757344722747803, 'eval_acc': 0.3875}
03/25/2026 23:26:57 - INFO - src.trainer -   [zo_probe] step=11400 eps=3.000e-06 precision=fp32 n=16 mae=6.052542e-02 rmse=7.204608e-02 sign_acc=1.0000 corr=0.999997
03/25/2026 23:26:57 - INFO - src.trainer -   {'loss': 1.3886595964431763, 'learning_rate': 1e-06, 'global_step': 11400, 'zo_forward_step': 22802, 'max_steps': 20000, 'max_zo_forward_steps': 0, 'time': 1606, 'eps': 3e-06}
03/25/2026 23:26:58 - INFO - src.trainer -   {'loss': 1.441154956817627, 'learning_rate': 1e-06, 'global_step': 11410, 'zo_forward_step': 22822, 'max_steps': 20000, 'max_zo_forward_steps': 0, 'time': 1607, 'eps': 3e-06}
03/25/2026 23:26:59 - INFO - src.trainer -   {'loss': 0.8406345248222351, 'learning_rate': 1e-06, 'global_step': 11420, 'zo_forward_step': 22842, 'max_steps': 20000, 'max_zo_forward_steps': 0, 'time': 1609, 'eps': 3e-06}
03/25/2026 23:27:00 - INFO - src.trainer -   {'loss': 1.3778125047683716, 'learning_rate': 1e-06, 'global_step': 11430, 'zo_forward_step': 22862, 'max_steps': 20000, 'max_zo_forward_steps': 0, 'time': 1610, 'eps': 3e-06}
03/25/2026 23:27:03 - INFO - src.trainer -   {'loss': 1.4495183229446411, 'learning_rate': 1e-06, 'global_step': 11440, 'zo_forward_step': 22882, 'max_steps': 20000, 'max_zo_forward_steps': 0, 'time': 1613, 'eps': 3e-06}
03/25/2026 23:27:04 - INFO - src.trainer -   {'loss': 0.8227049112319946, 'learning_rate': 1e-06, 'global_step': 11450, 'zo_forward_step': 22902, 'max_steps': 20000, 'max_zo_forward_steps': 0, 'time': 1614, 'eps': 3e-06}
03/25/2026 23:27:05 - INFO - src.trainer -   {'loss': 1.373813271522522, 'learning_rate': 1e-06, 'global_step': 11460, 'zo_forward_step': 22922, 'max_steps': 20000, 'max_zo_forward_steps': 0, 'time': 1615, 'eps': 3e-06}
03/25/2026 23:27:06 - INFO - src.trainer -   {'loss': 1.457687258720398, 'learning_rate': 1e-06, 'global_step': 11470, 'zo_forward_step': 22942, 'max_steps': 20000, 'max_zo_forward_steps': 0, 'time': 1616, 'eps': 3e-06}
03/25/2026 23:27:08 - INFO - src.trainer -   {'loss': 0.8278360366821289, 'learning_rate': 1e-06, 'global_step': 11480, 'zo_forward_step': 22962, 'max_steps': 20000, 'max_zo_forward_steps': 0, 'time': 1617, 'eps': 3e-06}
03/25/2026 23:27:09 - INFO - src.trainer -   {'loss': 1.349181890487671, 'learning_rate': 1e-06, 'global_step': 11490, 'zo_forward_step': 22982, 'max_steps': 20000, 'max_zo_forward_steps': 0, 'time': 1618, 'eps': 3e-06}
03/25/2026 23:27:10 - INFO - src.trainer -   {'loss': 1.454716444015503, 'learning_rate': 1e-06, 'global_step': 11500, 'zo_forward_step': 23002, 'max_steps': 20000, 'max_zo_forward_steps': 0, 'time': 1620, 'eps': 3e-06}
1140it [26:37,  1.16s/it]03/25/2026 23:27:11 - INFO - src.trainer -   {'loss': 0.8208483457565308, 'learning_rate': 1e-06, 'global_step': 11510, 'zo_forward_step': 23022, 'max_steps': 20000, 'max_zo_forward_steps': 0, 'time': 1621, 'eps': 3e-06}
03/25/2026 23:27:12 - INFO - src.trainer -   {'loss': 1.3671983480453491, 'learning_rate': 1e-06, 'global_step': 11520, 'zo_forward_step': 23042, 'max_steps': 20000, 'max_zo_forward_steps': 0, 'time': 1622, 'eps': 3e-06}
03/25/2026 23:27:13 - INFO - src.trainer -   {'loss': 1.4393178224563599, 'learning_rate': 1e-06, 'global_step': 11530, 'zo_forward_step': 23062, 'max_steps': 20000, 'max_zo_forward_steps': 0, 'time': 1623, 'eps': 3e-06}
03/25/2026 23:27:15 - INFO - src.trainer -   {'loss': 0.8137322664260864, 'learning_rate': 1e-06, 'global_step': 11540, 'zo_forward_step': 23082, 'max_steps': 20000, 'max_zo_forward_steps': 0, 'time': 1624, 'eps': 3e-06}
03/25/2026 23:27:16 - INFO - src.trainer -   {'loss': 1.3615552186965942, 'learning_rate': 1e-06, 'global_step': 11550, 'zo_forward_step': 23102, 'max_steps': 20000, 'max_zo_forward_steps': 0, 'time': 1625, 'eps': 3e-06}
03/25/2026 23:27:17 - INFO - src.trainer -   {'loss': 1.4292280673980713, 'learning_rate': 1e-06, 'global_step': 11560, 'zo_forward_step': 23122, 'max_steps': 20000, 'max_zo_forward_steps': 0, 'time': 1627, 'eps': 3e-06}
03/25/2026 23:27:18 - INFO - src.trainer -   {'loss': 0.8229872584342957, 'learning_rate': 1e-06, 'global_step': 11570, 'zo_forward_step': 23142, 'max_steps': 20000, 'max_zo_forward_steps': 0, 'time': 1628, 'eps': 3e-06}
03/25/2026 23:27:19 - INFO - src.trainer -   {'loss': 1.3650180101394653, 'learning_rate': 1e-06, 'global_step': 11580, 'zo_forward_step': 23162, 'max_steps': 20000, 'max_zo_forward_steps': 0, 'time': 1629, 'eps': 3e-06}
03/25/2026 23:27:21 - INFO - src.trainer -   {'loss': 1.43874192237854, 'learning_rate': 1e-06, 'global_step': 11590, 'zo_forward_step': 23182, 'max_steps': 20000, 'max_zo_forward_steps': 0, 'time': 1630, 'eps': 3e-06}
1141it [26:48,  1.70s/it]1152it [26:48,  1.15s/it]03/25/2026 23:27:22 - INFO - src.trainer -   {'eval_loss': 1.4746837615966797, 'eval_acc': 0.35}
03/25/2026 23:27:24 - INFO - src.trainer -   [zo_probe] step=11600 eps=3.000e-06 precision=fp32 n=16 mae=3.886849e-02 rmse=5.096073e-02 sign_acc=1.0000 corr=0.999999
03/25/2026 23:27:24 - INFO - src.trainer -   {'loss': 0.8133233189582825, 'learning_rate': 1e-06, 'global_step': 11600, 'zo_forward_step': 23202, 'max_steps': 20000, 'max_zo_forward_steps': 0, 'time': 1634, 'eps': 3e-06}
03/25/2026 23:27:25 - INFO - src.trainer -   {'loss': 1.3774900436401367, 'learning_rate': 1e-06, 'global_step': 11610, 'zo_forward_step': 23222, 'max_steps': 20000, 'max_zo_forward_steps': 0, 'time': 1635, 'eps': 3e-06}
03/25/2026 23:27:26 - INFO - src.trainer -   {'loss': 1.4431562423706055, 'learning_rate': 1e-06, 'global_step': 11620, 'zo_forward_step': 23242, 'max_steps': 20000, 'max_zo_forward_steps': 0, 'time': 1636, 'eps': 3e-06}
03/25/2026 23:27:28 - INFO - src.trainer -   {'loss': 0.8004199862480164, 'learning_rate': 1e-06, 'global_step': 11630, 'zo_forward_step': 23262, 'max_steps': 20000, 'max_zo_forward_steps': 0, 'time': 1637, 'eps': 3e-06}
03/25/2026 23:27:29 - INFO - src.trainer -   {'loss': 1.3635072708129883, 'learning_rate': 1e-06, 'global_step': 11640, 'zo_forward_step': 23282, 'max_steps': 20000, 'max_zo_forward_steps': 0, 'time': 1638, 'eps': 3e-06}
03/25/2026 23:27:30 - INFO - src.trainer -   {'loss': 1.454391598701477, 'learning_rate': 1e-06, 'global_step': 11650, 'zo_forward_step': 23302, 'max_steps': 20000, 'max_zo_forward_steps': 0, 'time': 1640, 'eps': 3e-06}
03/25/2026 23:27:31 - INFO - src.trainer -   {'loss': 0.8208712935447693, 'learning_rate': 1e-06, 'global_step': 11660, 'zo_forward_step': 23322, 'max_steps': 20000, 'max_zo_forward_steps': 0, 'time': 1641, 'eps': 3e-06}
03/25/2026 23:27:32 - INFO - src.trainer -   {'loss': 1.359937310218811, 'learning_rate': 1e-06, 'global_step': 11670, 'zo_forward_step': 23342, 'max_steps': 20000, 'max_zo_forward_steps': 0, 'time': 1642, 'eps': 3e-06}
03/25/2026 23:27:33 - INFO - src.trainer -   {'loss': 1.4494891166687012, 'learning_rate': 1e-06, 'global_step': 11680, 'zo_forward_step': 23362, 'max_steps': 20000, 'max_zo_forward_steps': 0, 'time': 1643, 'eps': 3e-06}
03/25/2026 23:27:35 - INFO - src.trainer -   {'loss': 0.8019738793373108, 'learning_rate': 1e-06, 'global_step': 11690, 'zo_forward_step': 23382, 'max_steps': 20000, 'max_zo_forward_steps': 0, 'time': 1644, 'eps': 3e-06}
03/25/2026 23:27:36 - INFO - src.trainer -   {'loss': 1.3536721467971802, 'learning_rate': 1e-06, 'global_step': 11700, 'zo_forward_step': 23402, 'max_steps': 20000, 'max_zo_forward_steps': 0, 'time': 1645, 'eps': 3e-06}
03/25/2026 23:27:37 - INFO - src.trainer -   {'loss': 1.469291090965271, 'learning_rate': 1e-06, 'global_step': 11710, 'zo_forward_step': 23422, 'max_steps': 20000, 'max_zo_forward_steps': 0, 'time': 1646, 'eps': 3e-06}
03/25/2026 23:27:38 - INFO - src.trainer -   {'loss': 0.8119620680809021, 'learning_rate': 1e-06, 'global_step': 11720, 'zo_forward_step': 23442, 'max_steps': 20000, 'max_zo_forward_steps': 0, 'time': 1648, 'eps': 3e-06}
03/25/2026 23:27:39 - INFO - src.trainer -   {'loss': 1.3547786474227905, 'learning_rate': 1e-06, 'global_step': 11730, 'zo_forward_step': 23462, 'max_steps': 20000, 'max_zo_forward_steps': 0, 'time': 1649, 'eps': 3e-06}
03/25/2026 23:27:40 - INFO - src.trainer -   {'loss': 1.4499142169952393, 'learning_rate': 1e-06, 'global_step': 11740, 'zo_forward_step': 23482, 'max_steps': 20000, 'max_zo_forward_steps': 0, 'time': 1650, 'eps': 3e-06}
1160it [27:07,  1.15s/it]03/25/2026 23:27:41 - INFO - src.trainer -   {'loss': 0.8010018467903137, 'learning_rate': 1e-06, 'global_step': 11750, 'zo_forward_step': 23502, 'max_steps': 20000, 'max_zo_forward_steps': 0, 'time': 1651, 'eps': 3e-06}
03/25/2026 23:27:43 - INFO - src.trainer -   {'loss': 1.3518297672271729, 'learning_rate': 1e-06, 'global_step': 11760, 'zo_forward_step': 23522, 'max_steps': 20000, 'max_zo_forward_steps': 0, 'time': 1652, 'eps': 3e-06}
03/25/2026 23:27:44 - INFO - src.trainer -   {'loss': 1.4488877058029175, 'learning_rate': 1e-06, 'global_step': 11770, 'zo_forward_step': 23542, 'max_steps': 20000, 'max_zo_forward_steps': 0, 'time': 1653, 'eps': 3e-06}
03/25/2026 23:27:45 - INFO - src.trainer -   {'loss': 0.8055288791656494, 'learning_rate': 1e-06, 'global_step': 11780, 'zo_forward_step': 23562, 'max_steps': 20000, 'max_zo_forward_steps': 0, 'time': 1654, 'eps': 3e-06}
03/25/2026 23:27:46 - INFO - src.trainer -   {'loss': 1.3490111827850342, 'learning_rate': 1e-06, 'global_step': 11790, 'zo_forward_step': 23582, 'max_steps': 20000, 'max_zo_forward_steps': 0, 'time': 1656, 'eps': 3e-06}
1161it [27:13,  1.61s/it]1172it [27:13,  1.09s/it]03/25/2026 23:27:47 - INFO - src.trainer -   {'eval_loss': 1.4781723022460938, 'eval_acc': 0.325}
03/25/2026 23:27:50 - INFO - src.trainer -   [zo_probe] step=11800 eps=3.000e-06 precision=fp32 n=16 mae=4.769218e-02 rmse=6.033522e-02 sign_acc=1.0000 corr=0.999999
03/25/2026 23:27:50 - INFO - src.trainer -   {'loss': 1.4393985271453857, 'learning_rate': 1e-06, 'global_step': 11800, 'zo_forward_step': 23602, 'max_steps': 20000, 'max_zo_forward_steps': 0, 'time': 1660, 'eps': 3e-06}
03/25/2026 23:27:51 - INFO - src.trainer -   {'loss': 0.8288353085517883, 'learning_rate': 1e-06, 'global_step': 11810, 'zo_forward_step': 23622, 'max_steps': 20000, 'max_zo_forward_steps': 0, 'time': 1661, 'eps': 3e-06}
03/25/2026 23:27:52 - INFO - src.trainer -   {'loss': 1.3642057180404663, 'learning_rate': 1e-06, 'global_step': 11820, 'zo_forward_step': 23642, 'max_steps': 20000, 'max_zo_forward_steps': 0, 'time': 1662, 'eps': 3e-06}
03/25/2026 23:27:54 - INFO - src.trainer -   {'loss': 1.4228079319000244, 'learning_rate': 1e-06, 'global_step': 11830, 'zo_forward_step': 23662, 'max_steps': 20000, 'max_zo_forward_steps': 0, 'time': 1663, 'eps': 3e-06}
03/25/2026 23:27:55 - INFO - src.trainer -   {'loss': 0.8397014737129211, 'learning_rate': 1e-06, 'global_step': 11840, 'zo_forward_step': 23682, 'max_steps': 20000, 'max_zo_forward_steps': 0, 'time': 1665, 'eps': 3e-06}
03/25/2026 23:27:56 - INFO - src.trainer -   {'loss': 1.3505126237869263, 'learning_rate': 1e-06, 'global_step': 11850, 'zo_forward_step': 23702, 'max_steps': 20000, 'max_zo_forward_steps': 0, 'time': 1666, 'eps': 3e-06}
03/25/2026 23:27:58 - INFO - src.trainer -   {'loss': 1.4254993200302124, 'learning_rate': 1e-06, 'global_step': 11860, 'zo_forward_step': 23722, 'max_steps': 20000, 'max_zo_forward_steps': 0, 'time': 1667, 'eps': 3e-06}
03/25/2026 23:27:59 - INFO - src.trainer -   {'loss': 0.83380126953125, 'learning_rate': 1e-06, 'global_step': 11870, 'zo_forward_step': 23742, 'max_steps': 20000, 'max_zo_forward_steps': 0, 'time': 1668, 'eps': 3e-06}
03/25/2026 23:28:00 - INFO - src.trainer -   {'loss': 1.347123146057129, 'learning_rate': 1e-06, 'global_step': 11880, 'zo_forward_step': 23762, 'max_steps': 20000, 'max_zo_forward_steps': 0, 'time': 1670, 'eps': 3e-06}
1180it [27:27,  1.09s/it]03/25/2026 23:28:01 - INFO - src.trainer -   {'loss': 1.4114875793457031, 'learning_rate': 1e-06, 'global_step': 11890, 'zo_forward_step': 23782, 'max_steps': 20000, 'max_zo_forward_steps': 0, 'time': 1671, 'eps': 3e-06}
03/25/2026 23:28:02 - INFO - src.trainer -   {'loss': 0.8225955963134766, 'learning_rate': 1e-06, 'global_step': 11900, 'zo_forward_step': 23802, 'max_steps': 20000, 'max_zo_forward_steps': 0, 'time': 1672, 'eps': 3e-06}
03/25/2026 23:28:03 - INFO - src.trainer -   {'loss': 1.341780662536621, 'learning_rate': 1e-06, 'global_step': 11910, 'zo_forward_step': 23822, 'max_steps': 20000, 'max_zo_forward_steps': 0, 'time': 1673, 'eps': 3e-06}
03/25/2026 23:28:04 - INFO - src.trainer -   {'loss': 1.4315110445022583, 'learning_rate': 1e-06, 'global_step': 11920, 'zo_forward_step': 23842, 'max_steps': 20000, 'max_zo_forward_steps': 0, 'time': 1674, 'eps': 3e-06}
03/25/2026 23:28:06 - INFO - src.trainer -   {'loss': 0.8337889313697815, 'learning_rate': 1e-06, 'global_step': 11930, 'zo_forward_step': 23862, 'max_steps': 20000, 'max_zo_forward_steps': 0, 'time': 1675, 'eps': 3e-06}
03/25/2026 23:28:07 - INFO - src.trainer -   {'loss': 1.328946828842163, 'learning_rate': 1e-06, 'global_step': 11940, 'zo_forward_step': 23882, 'max_steps': 20000, 'max_zo_forward_steps': 0, 'time': 1676, 'eps': 3e-06}
03/25/2026 23:28:08 - INFO - src.trainer -   {'loss': 1.419594168663025, 'learning_rate': 1e-06, 'global_step': 11950, 'zo_forward_step': 23902, 'max_steps': 20000, 'max_zo_forward_steps': 0, 'time': 1677, 'eps': 3e-06}
03/25/2026 23:28:09 - INFO - src.trainer -   {'loss': 0.8323299288749695, 'learning_rate': 1e-06, 'global_step': 11960, 'zo_forward_step': 23922, 'max_steps': 20000, 'max_zo_forward_steps': 0, 'time': 1679, 'eps': 3e-06}
03/25/2026 23:28:10 - INFO - src.trainer -   {'loss': 1.3420964479446411, 'learning_rate': 1e-06, 'global_step': 11970, 'zo_forward_step': 23942, 'max_steps': 20000, 'max_zo_forward_steps': 0, 'time': 1680, 'eps': 3e-06}
03/25/2026 23:28:11 - INFO - src.trainer -   {'loss': 1.4209550619125366, 'learning_rate': 1e-06, 'global_step': 11980, 'zo_forward_step': 23962, 'max_steps': 20000, 'max_zo_forward_steps': 0, 'time': 1681, 'eps': 3e-06}
03/25/2026 23:28:12 - INFO - src.trainer -   {'loss': 0.8375918865203857, 'learning_rate': 1e-06, 'global_step': 11990, 'zo_forward_step': 23982, 'max_steps': 20000, 'max_zo_forward_steps': 0, 'time': 1682, 'eps': 3e-06}
1181it [27:40,  1.59s/it]1192it [27:40,  1.08s/it]03/25/2026 23:28:14 - INFO - src.trainer -   {'eval_loss': 1.468030333518982, 'eval_acc': 0.3875}
03/25/2026 23:28:17 - INFO - src.trainer -   [zo_probe] step=12000 eps=3.000e-06 precision=fp32 n=16 mae=5.315184e-02 rmse=6.243033e-02 sign_acc=1.0000 corr=0.999999
03/25/2026 23:28:17 - INFO - src.trainer -   {'loss': 1.3584610223770142, 'learning_rate': 1e-06, 'global_step': 12000, 'zo_forward_step': 24002, 'max_steps': 20000, 'max_zo_forward_steps': 0, 'time': 1686, 'eps': 3e-06}
03/25/2026 23:28:18 - INFO - src.trainer -   {'loss': 1.3955833911895752, 'learning_rate': 1e-06, 'global_step': 12010, 'zo_forward_step': 24022, 'max_steps': 20000, 'max_zo_forward_steps': 0, 'time': 1688, 'eps': 3e-06}
03/25/2026 23:28:19 - INFO - src.trainer -   {'loss': 0.833814263343811, 'learning_rate': 1e-06, 'global_step': 12020, 'zo_forward_step': 24042, 'max_steps': 20000, 'max_zo_forward_steps': 0, 'time': 1689, 'eps': 3e-06}
03/25/2026 23:28:21 - INFO - src.trainer -   {'loss': 1.3747581243515015, 'learning_rate': 1e-06, 'global_step': 12030, 'zo_forward_step': 24062, 'max_steps': 20000, 'max_zo_forward_steps': 0, 'time': 1691, 'eps': 3e-06}
03/25/2026 23:28:22 - INFO - src.trainer -   {'loss': 1.3916943073272705, 'learning_rate': 1e-06, 'global_step': 12040, 'zo_forward_step': 24082, 'max_steps': 20000, 'max_zo_forward_steps': 0, 'time': 1692, 'eps': 3e-06}
03/25/2026 23:28:23 - INFO - src.trainer -   {'loss': 0.8131330013275146, 'learning_rate': 1e-06, 'global_step': 12050, 'zo_forward_step': 24102, 'max_steps': 20000, 'max_zo_forward_steps': 0, 'time': 1693, 'eps': 3e-06}
03/25/2026 23:28:24 - INFO - src.trainer -   {'loss': 1.3919928073883057, 'learning_rate': 1e-06, 'global_step': 12060, 'zo_forward_step': 24122, 'max_steps': 20000, 'max_zo_forward_steps': 0, 'time': 1694, 'eps': 3e-06}
03/25/2026 23:28:26 - INFO - src.trainer -   {'loss': 1.3909168243408203, 'learning_rate': 1e-06, 'global_step': 12070, 'zo_forward_step': 24142, 'max_steps': 20000, 'max_zo_forward_steps': 0, 'time': 1695, 'eps': 3e-06}
03/25/2026 23:28:27 - INFO - src.trainer -   {'loss': 0.8187006115913391, 'learning_rate': 1e-06, 'global_step': 12080, 'zo_forward_step': 24162, 'max_steps': 20000, 'max_zo_forward_steps': 0, 'time': 1697, 'eps': 3e-06}
03/25/2026 23:28:30 - INFO - src.trainer -   {'loss': 1.3991032838821411, 'learning_rate': 1e-06, 'global_step': 12090, 'zo_forward_step': 24182, 'max_steps': 20000, 'max_zo_forward_steps': 0, 'time': 1700, 'eps': 3e-06}
1200it [27:57,  1.08s/it]03/25/2026 23:28:31 - INFO - src.trainer -   {'loss': 1.3803294897079468, 'learning_rate': 1e-06, 'global_step': 12100, 'zo_forward_step': 24202, 'max_steps': 20000, 'max_zo_forward_steps': 0, 'time': 1701, 'eps': 3e-06}
03/25/2026 23:28:32 - INFO - src.trainer -   {'loss': 0.8004032969474792, 'learning_rate': 1e-06, 'global_step': 12110, 'zo_forward_step': 24222, 'max_steps': 20000, 'max_zo_forward_steps': 0, 'time': 1702, 'eps': 3e-06}
03/25/2026 23:28:33 - INFO - src.trainer -   {'loss': 1.3890467882156372, 'learning_rate': 1e-06, 'global_step': 12120, 'zo_forward_step': 24242, 'max_steps': 20000, 'max_zo_forward_steps': 0, 'time': 1703, 'eps': 3e-06}
03/25/2026 23:28:35 - INFO - src.trainer -   {'loss': 1.3975517749786377, 'learning_rate': 1e-06, 'global_step': 12130, 'zo_forward_step': 24262, 'max_steps': 20000, 'max_zo_forward_steps': 0, 'time': 1705, 'eps': 3e-06}
03/25/2026 23:28:36 - INFO - src.trainer -   {'loss': 0.7892992496490479, 'learning_rate': 1e-06, 'global_step': 12140, 'zo_forward_step': 24282, 'max_steps': 20000, 'max_zo_forward_steps': 0, 'time': 1706, 'eps': 3e-06}
03/25/2026 23:28:37 - INFO - src.trainer -   {'loss': 1.3926703929901123, 'learning_rate': 1e-06, 'global_step': 12150, 'zo_forward_step': 24302, 'max_steps': 20000, 'max_zo_forward_steps': 0, 'time': 1707, 'eps': 3e-06}
03/25/2026 23:28:39 - INFO - src.trainer -   {'loss': 1.3934195041656494, 'learning_rate': 1e-06, 'global_step': 12160, 'zo_forward_step': 24322, 'max_steps': 20000, 'max_zo_forward_steps': 0, 'time': 1708, 'eps': 3e-06}
03/25/2026 23:28:41 - INFO - src.trainer -   {'loss': 0.7822974920272827, 'learning_rate': 1e-06, 'global_step': 12170, 'zo_forward_step': 24342, 'max_steps': 20000, 'max_zo_forward_steps': 0, 'time': 1710, 'eps': 3e-06}
03/25/2026 23:28:42 - INFO - src.trainer -   {'loss': 1.3876540660858154, 'learning_rate': 1e-06, 'global_step': 12180, 'zo_forward_step': 24362, 'max_steps': 20000, 'max_zo_forward_steps': 0, 'time': 1711, 'eps': 3e-06}
03/25/2026 23:28:43 - INFO - src.trainer -   {'loss': 1.3964627981185913, 'learning_rate': 1e-06, 'global_step': 12190, 'zo_forward_step': 24382, 'max_steps': 20000, 'max_zo_forward_steps': 0, 'time': 1713, 'eps': 3e-06}
1201it [28:11,  1.74s/it]1212it [28:11,  1.18s/it]03/25/2026 23:28:45 - INFO - src.trainer -   {'eval_loss': 1.467441201210022, 'eval_acc': 0.4125}
03/25/2026 23:28:45 - INFO - src.trainer -   Best dev result: 0.4125
03/25/2026 23:28:47 - INFO - src.trainer -   [zo_probe] step=12200 eps=3.000e-06 precision=fp32 n=16 mae=4.819256e-02 rmse=5.803273e-02 sign_acc=1.0000 corr=0.999998
03/25/2026 23:28:47 - INFO - src.trainer -   {'loss': 0.7742660641670227, 'learning_rate': 1e-06, 'global_step': 12200, 'zo_forward_step': 24402, 'max_steps': 20000, 'max_zo_forward_steps': 0, 'time': 1717, 'eps': 3e-06}
03/25/2026 23:28:50 - INFO - src.trainer -   {'loss': 1.395356297492981, 'learning_rate': 1e-06, 'global_step': 12210, 'zo_forward_step': 24422, 'max_steps': 20000, 'max_zo_forward_steps': 0, 'time': 1720, 'eps': 3e-06}
03/25/2026 23:28:52 - INFO - src.trainer -   {'loss': 1.410759687423706, 'learning_rate': 1e-06, 'global_step': 12220, 'zo_forward_step': 24442, 'max_steps': 20000, 'max_zo_forward_steps': 0, 'time': 1722, 'eps': 3e-06}
03/25/2026 23:28:54 - INFO - src.trainer -   {'loss': 0.771131694316864, 'learning_rate': 1e-06, 'global_step': 12230, 'zo_forward_step': 24462, 'max_steps': 20000, 'max_zo_forward_steps': 0, 'time': 1723, 'eps': 3e-06}
03/25/2026 23:28:55 - INFO - src.trainer -   {'loss': 1.3689169883728027, 'learning_rate': 1e-06, 'global_step': 12240, 'zo_forward_step': 24482, 'max_steps': 20000, 'max_zo_forward_steps': 0, 'time': 1724, 'eps': 3e-06}
03/25/2026 23:28:56 - INFO - src.trainer -   {'loss': 1.421817421913147, 'learning_rate': 1e-06, 'global_step': 12250, 'zo_forward_step': 24502, 'max_steps': 20000, 'max_zo_forward_steps': 0, 'time': 1726, 'eps': 3e-06}
03/25/2026 23:28:57 - INFO - src.trainer -   {'loss': 0.7635523676872253, 'learning_rate': 1e-06, 'global_step': 12260, 'zo_forward_step': 24522, 'max_steps': 20000, 'max_zo_forward_steps': 0, 'time': 1727, 'eps': 3e-06}
03/25/2026 23:28:58 - INFO - src.trainer -   {'loss': 1.3696335554122925, 'learning_rate': 1e-06, 'global_step': 12270, 'zo_forward_step': 24542, 'max_steps': 20000, 'max_zo_forward_steps': 0, 'time': 1728, 'eps': 3e-06}
03/25/2026 23:28:59 - INFO - src.trainer -   {'loss': 1.4339029788970947, 'learning_rate': 1e-06, 'global_step': 12280, 'zo_forward_step': 24562, 'max_steps': 20000, 'max_zo_forward_steps': 0, 'time': 1729, 'eps': 3e-06}
03/25/2026 23:29:00 - INFO - src.trainer -   {'loss': 0.7547726631164551, 'learning_rate': 1e-06, 'global_step': 12290, 'zo_forward_step': 24582, 'max_steps': 20000, 'max_zo_forward_steps': 0, 'time': 1730, 'eps': 3e-06}
1220it [28:27,  1.18s/it]03/25/2026 23:29:03 - INFO - src.trainer -   {'loss': 1.365693211555481, 'learning_rate': 1e-06, 'global_step': 12300, 'zo_forward_step': 24602, 'max_steps': 20000, 'max_zo_forward_steps': 0, 'time': 1732, 'eps': 3e-06}
03/25/2026 23:29:04 - INFO - src.trainer -   {'loss': 1.424140453338623, 'learning_rate': 1e-06, 'global_step': 12310, 'zo_forward_step': 24622, 'max_steps': 20000, 'max_zo_forward_steps': 0, 'time': 1733, 'eps': 3e-06}
03/25/2026 23:29:05 - INFO - src.trainer -   {'loss': 0.7557113170623779, 'learning_rate': 1e-06, 'global_step': 12320, 'zo_forward_step': 24642, 'max_steps': 20000, 'max_zo_forward_steps': 0, 'time': 1734, 'eps': 3e-06}
03/25/2026 23:29:06 - INFO - src.trainer -   {'loss': 1.373816728591919, 'learning_rate': 1e-06, 'global_step': 12330, 'zo_forward_step': 24662, 'max_steps': 20000, 'max_zo_forward_steps': 0, 'time': 1736, 'eps': 3e-06}
03/25/2026 23:29:07 - INFO - src.trainer -   {'loss': 1.4318480491638184, 'learning_rate': 1e-06, 'global_step': 12340, 'zo_forward_step': 24682, 'max_steps': 20000, 'max_zo_forward_steps': 0, 'time': 1737, 'eps': 3e-06}
03/25/2026 23:29:08 - INFO - src.trainer -   {'loss': 0.765350341796875, 'learning_rate': 1e-06, 'global_step': 12350, 'zo_forward_step': 24702, 'max_steps': 20000, 'max_zo_forward_steps': 0, 'time': 1738, 'eps': 3e-06}
03/25/2026 23:29:09 - INFO - src.trainer -   {'loss': 1.3549456596374512, 'learning_rate': 1e-06, 'global_step': 12360, 'zo_forward_step': 24722, 'max_steps': 20000, 'max_zo_forward_steps': 0, 'time': 1739, 'eps': 3e-06}
03/25/2026 23:29:11 - INFO - src.trainer -   {'loss': 1.4160923957824707, 'learning_rate': 1e-06, 'global_step': 12370, 'zo_forward_step': 24742, 'max_steps': 20000, 'max_zo_forward_steps': 0, 'time': 1740, 'eps': 3e-06}
03/25/2026 23:29:12 - INFO - src.trainer -   {'loss': 0.7759256958961487, 'learning_rate': 1e-06, 'global_step': 12380, 'zo_forward_step': 24762, 'max_steps': 20000, 'max_zo_forward_steps': 0, 'time': 1742, 'eps': 3e-06}
03/25/2026 23:29:13 - INFO - src.trainer -   {'loss': 1.3493238687515259, 'learning_rate': 1e-06, 'global_step': 12390, 'zo_forward_step': 24782, 'max_steps': 20000, 'max_zo_forward_steps': 0, 'time': 1743, 'eps': 3e-06}
1221it [28:40,  1.74s/it]1232it [28:40,  1.18s/it]03/25/2026 23:29:14 - INFO - src.trainer -   {'eval_loss': 1.4601320028305054, 'eval_acc': 0.3875}
03/25/2026 23:29:17 - INFO - src.trainer -   [zo_probe] step=12400 eps=3.000e-06 precision=fp32 n=16 mae=3.899544e-02 rmse=4.965970e-02 sign_acc=1.0000 corr=0.999999
03/25/2026 23:29:17 - INFO - src.trainer -   {'loss': 1.396048665046692, 'learning_rate': 1e-06, 'global_step': 12400, 'zo_forward_step': 24802, 'max_steps': 20000, 'max_zo_forward_steps': 0, 'time': 1747, 'eps': 3e-06}
03/25/2026 23:29:18 - INFO - src.trainer -   {'loss': 0.804931104183197, 'learning_rate': 1e-06, 'global_step': 12410, 'zo_forward_step': 24822, 'max_steps': 20000, 'max_zo_forward_steps': 0, 'time': 1748, 'eps': 3e-06}
03/25/2026 23:29:20 - INFO - src.trainer -   {'loss': 1.348379373550415, 'learning_rate': 1e-06, 'global_step': 12420, 'zo_forward_step': 24842, 'max_steps': 20000, 'max_zo_forward_steps': 0, 'time': 1749, 'eps': 3e-06}
03/25/2026 23:29:21 - INFO - src.trainer -   {'loss': 1.3833045959472656, 'learning_rate': 1e-06, 'global_step': 12430, 'zo_forward_step': 24862, 'max_steps': 20000, 'max_zo_forward_steps': 0, 'time': 1750, 'eps': 3e-06}
03/25/2026 23:29:22 - INFO - src.trainer -   {'loss': 0.8178485631942749, 'learning_rate': 1e-06, 'global_step': 12440, 'zo_forward_step': 24882, 'max_steps': 20000, 'max_zo_forward_steps': 0, 'time': 1752, 'eps': 3e-06}
03/25/2026 23:29:23 - INFO - src.trainer -   {'loss': 1.347596526145935, 'learning_rate': 1e-06, 'global_step': 12450, 'zo_forward_step': 24902, 'max_steps': 20000, 'max_zo_forward_steps': 0, 'time': 1753, 'eps': 3e-06}
03/25/2026 23:29:24 - INFO - src.trainer -   {'loss': 1.3739348649978638, 'learning_rate': 1e-06, 'global_step': 12460, 'zo_forward_step': 24922, 'max_steps': 20000, 'max_zo_forward_steps': 0, 'time': 1754, 'eps': 3e-06}
03/25/2026 23:29:25 - INFO - src.trainer -   {'loss': 0.8322197198867798, 'learning_rate': 1e-06, 'global_step': 12470, 'zo_forward_step': 24942, 'max_steps': 20000, 'max_zo_forward_steps': 0, 'time': 1755, 'eps': 3e-06}
03/25/2026 23:29:26 - INFO - src.trainer -   {'loss': 1.3407081365585327, 'learning_rate': 1e-06, 'global_step': 12480, 'zo_forward_step': 24962, 'max_steps': 20000, 'max_zo_forward_steps': 0, 'time': 1756, 'eps': 3e-06}
03/25/2026 23:29:28 - INFO - src.trainer -   {'loss': 1.3698738813400269, 'learning_rate': 1e-06, 'global_step': 12490, 'zo_forward_step': 24982, 'max_steps': 20000, 'max_zo_forward_steps': 0, 'time': 1757, 'eps': 3e-06}
03/25/2026 23:29:29 - INFO - src.trainer -   {'loss': 0.8320647478103638, 'learning_rate': 1e-06, 'global_step': 12500, 'zo_forward_step': 25002, 'max_steps': 20000, 'max_zo_forward_steps': 0, 'time': 1759, 'eps': 3e-06}
03/25/2026 23:29:30 - INFO - src.trainer -   {'loss': 1.3486803770065308, 'learning_rate': 1e-06, 'global_step': 12510, 'zo_forward_step': 25022, 'max_steps': 20000, 'max_zo_forward_steps': 0, 'time': 1760, 'eps': 3e-06}
1240it [28:57,  1.18s/it]03/25/2026 23:29:31 - INFO - src.trainer -   {'loss': 1.3520841598510742, 'learning_rate': 1e-06, 'global_step': 12520, 'zo_forward_step': 25042, 'max_steps': 20000, 'max_zo_forward_steps': 0, 'time': 1761, 'eps': 3e-06}
03/25/2026 23:29:32 - INFO - src.trainer -   {'loss': 0.8440395593643188, 'learning_rate': 1e-06, 'global_step': 12530, 'zo_forward_step': 25062, 'max_steps': 20000, 'max_zo_forward_steps': 0, 'time': 1762, 'eps': 3e-06}
03/25/2026 23:29:34 - INFO - src.trainer -   {'loss': 1.34549081325531, 'learning_rate': 1e-06, 'global_step': 12540, 'zo_forward_step': 25082, 'max_steps': 20000, 'max_zo_forward_steps': 0, 'time': 1763, 'eps': 3e-06}
03/25/2026 23:29:36 - INFO - src.trainer -   {'loss': 1.3387837409973145, 'learning_rate': 1e-06, 'global_step': 12550, 'zo_forward_step': 25102, 'max_steps': 20000, 'max_zo_forward_steps': 0, 'time': 1765, 'eps': 3e-06}
03/25/2026 23:29:37 - INFO - src.trainer -   {'loss': 0.8515202403068542, 'learning_rate': 1e-06, 'global_step': 12560, 'zo_forward_step': 25122, 'max_steps': 20000, 'max_zo_forward_steps': 0, 'time': 1766, 'eps': 3e-06}
03/25/2026 23:29:38 - INFO - src.trainer -   {'loss': 1.3413052558898926, 'learning_rate': 1e-06, 'global_step': 12570, 'zo_forward_step': 25142, 'max_steps': 20000, 'max_zo_forward_steps': 0, 'time': 1768, 'eps': 3e-06}
03/25/2026 23:29:39 - INFO - src.trainer -   {'loss': 1.3372337818145752, 'learning_rate': 1e-06, 'global_step': 12580, 'zo_forward_step': 25162, 'max_steps': 20000, 'max_zo_forward_steps': 0, 'time': 1769, 'eps': 3e-06}
03/25/2026 23:29:40 - INFO - src.trainer -   {'loss': 0.857171893119812, 'learning_rate': 1e-06, 'global_step': 12590, 'zo_forward_step': 25182, 'max_steps': 20000, 'max_zo_forward_steps': 0, 'time': 1770, 'eps': 3e-06}
1241it [29:07,  1.68s/it]1252it [29:08,  1.14s/it]03/25/2026 23:29:41 - INFO - src.trainer -   {'eval_loss': 1.44356107711792, 'eval_acc': 0.4375}
03/25/2026 23:29:41 - INFO - src.trainer -   Best dev result: 0.4375
03/25/2026 23:29:45 - INFO - src.trainer -   [zo_probe] step=12600 eps=3.000e-06 precision=fp32 n=16 mae=5.373040e-02 rmse=6.370544e-02 sign_acc=1.0000 corr=0.999999
03/25/2026 23:29:45 - INFO - src.trainer -   {'loss': 1.3250176906585693, 'learning_rate': 1e-06, 'global_step': 12600, 'zo_forward_step': 25202, 'max_steps': 20000, 'max_zo_forward_steps': 0, 'time': 1774, 'eps': 3e-06}
03/25/2026 23:29:46 - INFO - src.trainer -   {'loss': 1.3158406019210815, 'learning_rate': 1e-06, 'global_step': 12610, 'zo_forward_step': 25222, 'max_steps': 20000, 'max_zo_forward_steps': 0, 'time': 1775, 'eps': 3e-06}
03/25/2026 23:29:47 - INFO - src.trainer -   {'loss': 0.8571410179138184, 'learning_rate': 1e-06, 'global_step': 12620, 'zo_forward_step': 25242, 'max_steps': 20000, 'max_zo_forward_steps': 0, 'time': 1777, 'eps': 3e-06}
03/25/2026 23:29:48 - INFO - src.trainer -   {'loss': 1.3431742191314697, 'learning_rate': 1e-06, 'global_step': 12630, 'zo_forward_step': 25262, 'max_steps': 20000, 'max_zo_forward_steps': 0, 'time': 1778, 'eps': 3e-06}
03/25/2026 23:29:49 - INFO - src.trainer -   {'loss': 1.2826943397521973, 'learning_rate': 1e-06, 'global_step': 12640, 'zo_forward_step': 25282, 'max_steps': 20000, 'max_zo_forward_steps': 0, 'time': 1779, 'eps': 3e-06}
03/25/2026 23:29:50 - INFO - src.trainer -   {'loss': 0.8431316614151001, 'learning_rate': 1e-06, 'global_step': 12650, 'zo_forward_step': 25302, 'max_steps': 20000, 'max_zo_forward_steps': 0, 'time': 1780, 'eps': 3e-06}
03/25/2026 23:29:52 - INFO - src.trainer -   {'loss': 1.3628841638565063, 'learning_rate': 1e-06, 'global_step': 12660, 'zo_forward_step': 25322, 'max_steps': 20000, 'max_zo_forward_steps': 0, 'time': 1781, 'eps': 3e-06}
03/25/2026 23:29:53 - INFO - src.trainer -   {'loss': 1.3010377883911133, 'learning_rate': 1e-06, 'global_step': 12670, 'zo_forward_step': 25342, 'max_steps': 20000, 'max_zo_forward_steps': 0, 'time': 1782, 'eps': 3e-06}
03/25/2026 23:29:54 - INFO - src.trainer -   {'loss': 0.8640614748001099, 'learning_rate': 1e-06, 'global_step': 12680, 'zo_forward_step': 25362, 'max_steps': 20000, 'max_zo_forward_steps': 0, 'time': 1784, 'eps': 3e-06}
03/25/2026 23:29:55 - INFO - src.trainer -   {'loss': 1.3370282649993896, 'learning_rate': 1e-06, 'global_step': 12690, 'zo_forward_step': 25382, 'max_steps': 20000, 'max_zo_forward_steps': 0, 'time': 1785, 'eps': 3e-06}
03/25/2026 23:29:56 - INFO - src.trainer -   {'loss': 1.2934370040893555, 'learning_rate': 1e-06, 'global_step': 12700, 'zo_forward_step': 25402, 'max_steps': 20000, 'max_zo_forward_steps': 0, 'time': 1786, 'eps': 3e-06}
03/25/2026 23:29:57 - INFO - src.trainer -   {'loss': 0.8572235107421875, 'learning_rate': 1e-06, 'global_step': 12710, 'zo_forward_step': 25422, 'max_steps': 20000, 'max_zo_forward_steps': 0, 'time': 1787, 'eps': 3e-06}
03/25/2026 23:29:58 - INFO - src.trainer -   {'loss': 1.3311904668807983, 'learning_rate': 1e-06, 'global_step': 12720, 'zo_forward_step': 25442, 'max_steps': 20000, 'max_zo_forward_steps': 0, 'time': 1788, 'eps': 3e-06}
03/25/2026 23:30:00 - INFO - src.trainer -   {'loss': 1.2991474866867065, 'learning_rate': 1e-06, 'global_step': 12730, 'zo_forward_step': 25462, 'max_steps': 20000, 'max_zo_forward_steps': 0, 'time': 1789, 'eps': 3e-06}
1260it [29:27,  1.14s/it]03/25/2026 23:30:01 - INFO - src.trainer -   {'loss': 0.8626934885978699, 'learning_rate': 1e-06, 'global_step': 12740, 'zo_forward_step': 25482, 'max_steps': 20000, 'max_zo_forward_steps': 0, 'time': 1790, 'eps': 3e-06}
03/25/2026 23:30:02 - INFO - src.trainer -   {'loss': 1.3241345882415771, 'learning_rate': 1e-06, 'global_step': 12750, 'zo_forward_step': 25502, 'max_steps': 20000, 'max_zo_forward_steps': 0, 'time': 1791, 'eps': 3e-06}
03/25/2026 23:30:03 - INFO - src.trainer -   {'loss': 1.310931921005249, 'learning_rate': 1e-06, 'global_step': 12760, 'zo_forward_step': 25522, 'max_steps': 20000, 'max_zo_forward_steps': 0, 'time': 1793, 'eps': 3e-06}
03/25/2026 23:30:04 - INFO - src.trainer -   {'loss': 0.8642487525939941, 'learning_rate': 1e-06, 'global_step': 12770, 'zo_forward_step': 25542, 'max_steps': 20000, 'max_zo_forward_steps': 0, 'time': 1794, 'eps': 3e-06}
03/25/2026 23:30:05 - INFO - src.trainer -   {'loss': 1.339760422706604, 'learning_rate': 1e-06, 'global_step': 12780, 'zo_forward_step': 25562, 'max_steps': 20000, 'max_zo_forward_steps': 0, 'time': 1795, 'eps': 3e-06}
03/25/2026 23:30:07 - INFO - src.trainer -   {'loss': 1.2942211627960205, 'learning_rate': 1e-06, 'global_step': 12790, 'zo_forward_step': 25582, 'max_steps': 20000, 'max_zo_forward_steps': 0, 'time': 1796, 'eps': 3e-06}
1261it [29:34,  1.63s/it]1272it [29:34,  1.10s/it]03/25/2026 23:30:08 - INFO - src.trainer -   {'eval_loss': 1.4400780200958252, 'eval_acc': 0.45}
03/25/2026 23:30:08 - INFO - src.trainer -   Best dev result: 0.45
03/25/2026 23:30:10 - INFO - src.trainer -   [zo_probe] step=12800 eps=3.000e-06 precision=fp32 n=16 mae=4.764614e-02 rmse=5.650028e-02 sign_acc=1.0000 corr=0.999999
03/25/2026 23:30:10 - INFO - src.trainer -   {'loss': 0.8659718632698059, 'learning_rate': 1e-06, 'global_step': 12800, 'zo_forward_step': 25602, 'max_steps': 20000, 'max_zo_forward_steps': 0, 'time': 1800, 'eps': 3e-06}
03/25/2026 23:30:11 - INFO - src.trainer -   {'loss': 1.3309667110443115, 'learning_rate': 1e-06, 'global_step': 12810, 'zo_forward_step': 25622, 'max_steps': 20000, 'max_zo_forward_steps': 0, 'time': 1801, 'eps': 3e-06}
03/25/2026 23:30:12 - INFO - src.trainer -   {'loss': 1.3119122982025146, 'learning_rate': 1e-06, 'global_step': 12820, 'zo_forward_step': 25642, 'max_steps': 20000, 'max_zo_forward_steps': 0, 'time': 1802, 'eps': 3e-06}
03/25/2026 23:30:14 - INFO - src.trainer -   {'loss': 0.8422351479530334, 'learning_rate': 1e-06, 'global_step': 12830, 'zo_forward_step': 25662, 'max_steps': 20000, 'max_zo_forward_steps': 0, 'time': 1803, 'eps': 3e-06}
03/25/2026 23:30:15 - INFO - src.trainer -   {'loss': 1.3371126651763916, 'learning_rate': 1e-06, 'global_step': 12840, 'zo_forward_step': 25682, 'max_steps': 20000, 'max_zo_forward_steps': 0, 'time': 1804, 'eps': 3e-06}
03/25/2026 23:30:16 - INFO - src.trainer -   {'loss': 1.2929737567901611, 'learning_rate': 1e-06, 'global_step': 12850, 'zo_forward_step': 25702, 'max_steps': 20000, 'max_zo_forward_steps': 0, 'time': 1805, 'eps': 3e-06}
03/25/2026 23:30:17 - INFO - src.trainer -   {'loss': 0.8242394328117371, 'learning_rate': 1e-06, 'global_step': 12860, 'zo_forward_step': 25722, 'max_steps': 20000, 'max_zo_forward_steps': 0, 'time': 1807, 'eps': 3e-06}
03/25/2026 23:30:18 - INFO - src.trainer -   {'loss': 1.3526540994644165, 'learning_rate': 1e-06, 'global_step': 12870, 'zo_forward_step': 25742, 'max_steps': 20000, 'max_zo_forward_steps': 0, 'time': 1808, 'eps': 3e-06}
03/25/2026 23:30:19 - INFO - src.trainer -   {'loss': 1.2896487712860107, 'learning_rate': 1e-06, 'global_step': 12880, 'zo_forward_step': 25762, 'max_steps': 20000, 'max_zo_forward_steps': 0, 'time': 1809, 'eps': 3e-06}
03/25/2026 23:30:20 - INFO - src.trainer -   {'loss': 0.8194630146026611, 'learning_rate': 1e-06, 'global_step': 12890, 'zo_forward_step': 25782, 'max_steps': 20000, 'max_zo_forward_steps': 0, 'time': 1810, 'eps': 3e-06}
1280it [29:47,  1.10s/it]03/25/2026 23:30:22 - INFO - src.trainer -   {'loss': 1.3379542827606201, 'learning_rate': 1e-06, 'global_step': 12900, 'zo_forward_step': 25802, 'max_steps': 20000, 'max_zo_forward_steps': 0, 'time': 1811, 'eps': 3e-06}
03/25/2026 23:30:23 - INFO - src.trainer -   {'loss': 1.3012279272079468, 'learning_rate': 1e-06, 'global_step': 12910, 'zo_forward_step': 25822, 'max_steps': 20000, 'max_zo_forward_steps': 0, 'time': 1812, 'eps': 3e-06}
03/25/2026 23:30:24 - INFO - src.trainer -   {'loss': 0.816684365272522, 'learning_rate': 1e-06, 'global_step': 12920, 'zo_forward_step': 25842, 'max_steps': 20000, 'max_zo_forward_steps': 0, 'time': 1813, 'eps': 3e-06}
03/25/2026 23:30:25 - INFO - src.trainer -   {'loss': 1.334081768989563, 'learning_rate': 1e-06, 'global_step': 12930, 'zo_forward_step': 25862, 'max_steps': 20000, 'max_zo_forward_steps': 0, 'time': 1815, 'eps': 3e-06}
03/25/2026 23:30:26 - INFO - src.trainer -   {'loss': 1.2956374883651733, 'learning_rate': 1e-06, 'global_step': 12940, 'zo_forward_step': 25882, 'max_steps': 20000, 'max_zo_forward_steps': 0, 'time': 1816, 'eps': 3e-06}
03/25/2026 23:30:27 - INFO - src.trainer -   {'loss': 0.8052376508712769, 'learning_rate': 1e-06, 'global_step': 12950, 'zo_forward_step': 25902, 'max_steps': 20000, 'max_zo_forward_steps': 0, 'time': 1817, 'eps': 3e-06}
03/25/2026 23:30:28 - INFO - src.trainer -   {'loss': 1.3385770320892334, 'learning_rate': 1e-06, 'global_step': 12960, 'zo_forward_step': 25922, 'max_steps': 20000, 'max_zo_forward_steps': 0, 'time': 1818, 'eps': 3e-06}
03/25/2026 23:30:30 - INFO - src.trainer -   {'loss': 1.2987210750579834, 'learning_rate': 1e-06, 'global_step': 12970, 'zo_forward_step': 25942, 'max_steps': 20000, 'max_zo_forward_steps': 0, 'time': 1820, 'eps': 3e-06}
03/25/2026 23:30:31 - INFO - src.trainer -   {'loss': 0.808479368686676, 'learning_rate': 1e-06, 'global_step': 12980, 'zo_forward_step': 25962, 'max_steps': 20000, 'max_zo_forward_steps': 0, 'time': 1821, 'eps': 3e-06}
03/25/2026 23:30:33 - INFO - src.trainer -   {'loss': 1.335418939590454, 'learning_rate': 1e-06, 'global_step': 12990, 'zo_forward_step': 25982, 'max_steps': 20000, 'max_zo_forward_steps': 0, 'time': 1822, 'eps': 3e-06}
1281it [30:00,  1.60s/it]1292it [30:00,  1.08s/it]03/25/2026 23:30:34 - INFO - src.trainer -   {'eval_loss': 1.4406403303146362, 'eval_acc': 0.4125}
03/25/2026 23:30:38 - INFO - src.trainer -   [zo_probe] step=13000 eps=3.000e-06 precision=fp32 n=16 mae=5.068965e-02 rmse=6.027826e-02 sign_acc=1.0000 corr=0.999999
03/25/2026 23:30:38 - INFO - src.trainer -   {'loss': 1.3099515438079834, 'learning_rate': 1e-06, 'global_step': 13000, 'zo_forward_step': 26002, 'max_steps': 20000, 'max_zo_forward_steps': 0, 'time': 1828, 'eps': 3e-06}
03/25/2026 23:30:39 - INFO - src.trainer -   {'loss': 0.7905461192131042, 'learning_rate': 1e-06, 'global_step': 13010, 'zo_forward_step': 26022, 'max_steps': 20000, 'max_zo_forward_steps': 0, 'time': 1829, 'eps': 3e-06}
03/25/2026 23:30:40 - INFO - src.trainer -   {'loss': 1.3246533870697021, 'learning_rate': 1e-06, 'global_step': 13020, 'zo_forward_step': 26042, 'max_steps': 20000, 'max_zo_forward_steps': 0, 'time': 1830, 'eps': 3e-06}
03/25/2026 23:30:42 - INFO - src.trainer -   {'loss': 1.317281723022461, 'learning_rate': 1e-06, 'global_step': 13030, 'zo_forward_step': 26062, 'max_steps': 20000, 'max_zo_forward_steps': 0, 'time': 1831, 'eps': 3e-06}
03/25/2026 23:30:43 - INFO - src.trainer -   {'loss': 0.805700421333313, 'learning_rate': 1e-06, 'global_step': 13040, 'zo_forward_step': 26082, 'max_steps': 20000, 'max_zo_forward_steps': 0, 'time': 1832, 'eps': 3e-06}
03/25/2026 23:30:44 - INFO - src.trainer -   {'loss': 1.3229340314865112, 'learning_rate': 1e-06, 'global_step': 13050, 'zo_forward_step': 26102, 'max_steps': 20000, 'max_zo_forward_steps': 0, 'time': 1834, 'eps': 3e-06}
03/25/2026 23:30:45 - INFO - src.trainer -   {'loss': 1.3162487745285034, 'learning_rate': 1e-06, 'global_step': 13060, 'zo_forward_step': 26122, 'max_steps': 20000, 'max_zo_forward_steps': 0, 'time': 1835, 'eps': 3e-06}
03/25/2026 23:30:46 - INFO - src.trainer -   {'loss': 0.8127233386039734, 'learning_rate': 1e-06, 'global_step': 13070, 'zo_forward_step': 26142, 'max_steps': 20000, 'max_zo_forward_steps': 0, 'time': 1836, 'eps': 3e-06}
03/25/2026 23:30:47 - INFO - src.trainer -   {'loss': 1.3276005983352661, 'learning_rate': 1e-06, 'global_step': 13080, 'zo_forward_step': 26162, 'max_steps': 20000, 'max_zo_forward_steps': 0, 'time': 1837, 'eps': 3e-06}
03/25/2026 23:30:48 - INFO - src.trainer -   {'loss': 1.3059221506118774, 'learning_rate': 1e-06, 'global_step': 13090, 'zo_forward_step': 26182, 'max_steps': 20000, 'max_zo_forward_steps': 0, 'time': 1838, 'eps': 3e-06}
1300it [30:17,  1.08s/it]03/25/2026 23:30:51 - INFO - src.trainer -   {'loss': 0.7664481401443481, 'learning_rate': 1e-06, 'global_step': 13100, 'zo_forward_step': 26202, 'max_steps': 20000, 'max_zo_forward_steps': 0, 'time': 1840, 'eps': 3e-06}
03/25/2026 23:30:52 - INFO - src.trainer -   {'loss': 1.3199348449707031, 'learning_rate': 1e-06, 'global_step': 13110, 'zo_forward_step': 26222, 'max_steps': 20000, 'max_zo_forward_steps': 0, 'time': 1842, 'eps': 3e-06}
03/25/2026 23:30:53 - INFO - src.trainer -   {'loss': 1.333162546157837, 'learning_rate': 1e-06, 'global_step': 13120, 'zo_forward_step': 26242, 'max_steps': 20000, 'max_zo_forward_steps': 0, 'time': 1843, 'eps': 3e-06}
03/25/2026 23:30:54 - INFO - src.trainer -   {'loss': 0.7711471915245056, 'learning_rate': 1e-06, 'global_step': 13130, 'zo_forward_step': 26262, 'max_steps': 20000, 'max_zo_forward_steps': 0, 'time': 1844, 'eps': 3e-06}
03/25/2026 23:30:55 - INFO - src.trainer -   {'loss': 1.3367435932159424, 'learning_rate': 1e-06, 'global_step': 13140, 'zo_forward_step': 26282, 'max_steps': 20000, 'max_zo_forward_steps': 0, 'time': 1845, 'eps': 3e-06}
03/25/2026 23:30:57 - INFO - src.trainer -   {'loss': 1.3396246433258057, 'learning_rate': 1e-06, 'global_step': 13150, 'zo_forward_step': 26302, 'max_steps': 20000, 'max_zo_forward_steps': 0, 'time': 1847, 'eps': 3e-06}
03/25/2026 23:30:58 - INFO - src.trainer -   {'loss': 0.7794727087020874, 'learning_rate': 1e-06, 'global_step': 13160, 'zo_forward_step': 26322, 'max_steps': 20000, 'max_zo_forward_steps': 0, 'time': 1848, 'eps': 3e-06}
03/25/2026 23:30:59 - INFO - src.trainer -   {'loss': 1.3240734338760376, 'learning_rate': 1e-06, 'global_step': 13170, 'zo_forward_step': 26342, 'max_steps': 20000, 'max_zo_forward_steps': 0, 'time': 1849, 'eps': 3e-06}
03/25/2026 23:31:00 - INFO - src.trainer -   {'loss': 1.3424301147460938, 'learning_rate': 1e-06, 'global_step': 13180, 'zo_forward_step': 26362, 'max_steps': 20000, 'max_zo_forward_steps': 0, 'time': 1850, 'eps': 3e-06}
03/25/2026 23:31:01 - INFO - src.trainer -   {'loss': 0.7694770693778992, 'learning_rate': 1e-06, 'global_step': 13190, 'zo_forward_step': 26382, 'max_steps': 20000, 'max_zo_forward_steps': 0, 'time': 1851, 'eps': 3e-06}
1301it [30:29,  1.66s/it]1312it [30:29,  1.13s/it]03/25/2026 23:31:03 - INFO - src.trainer -   {'eval_loss': 1.4290094375610352, 'eval_acc': 0.3875}
03/25/2026 23:31:06 - INFO - src.trainer -   [zo_probe] step=13200 eps=3.000e-06 precision=fp32 n=16 mae=4.285758e-02 rmse=5.187864e-02 sign_acc=1.0000 corr=0.999999
03/25/2026 23:31:06 - INFO - src.trainer -   {'loss': 1.322786808013916, 'learning_rate': 1e-06, 'global_step': 13200, 'zo_forward_step': 26402, 'max_steps': 20000, 'max_zo_forward_steps': 0, 'time': 1855, 'eps': 3e-06}
03/25/2026 23:31:07 - INFO - src.trainer -   {'loss': 1.3444849252700806, 'learning_rate': 1e-06, 'global_step': 13210, 'zo_forward_step': 26422, 'max_steps': 20000, 'max_zo_forward_steps': 0, 'time': 1857, 'eps': 3e-06}
03/25/2026 23:31:08 - INFO - src.trainer -   {'loss': 0.7676852345466614, 'learning_rate': 1e-06, 'global_step': 13220, 'zo_forward_step': 26442, 'max_steps': 20000, 'max_zo_forward_steps': 0, 'time': 1858, 'eps': 3e-06}
03/25/2026 23:31:09 - INFO - src.trainer -   {'loss': 1.310334324836731, 'learning_rate': 1e-06, 'global_step': 13230, 'zo_forward_step': 26462, 'max_steps': 20000, 'max_zo_forward_steps': 0, 'time': 1859, 'eps': 3e-06}
03/25/2026 23:31:11 - INFO - src.trainer -   {'loss': 1.340988039970398, 'learning_rate': 1e-06, 'global_step': 13240, 'zo_forward_step': 26482, 'max_steps': 20000, 'max_zo_forward_steps': 0, 'time': 1861, 'eps': 3e-06}
03/25/2026 23:31:12 - INFO - src.trainer -   {'loss': 0.7714599370956421, 'learning_rate': 1e-06, 'global_step': 13250, 'zo_forward_step': 26502, 'max_steps': 20000, 'max_zo_forward_steps': 0, 'time': 1862, 'eps': 3e-06}
03/25/2026 23:31:13 - INFO - src.trainer -   {'loss': 1.316859483718872, 'learning_rate': 1e-06, 'global_step': 13260, 'zo_forward_step': 26522, 'max_steps': 20000, 'max_zo_forward_steps': 0, 'time': 1863, 'eps': 3e-06}
03/25/2026 23:31:14 - INFO - src.trainer -   {'loss': 1.3549362421035767, 'learning_rate': 1e-06, 'global_step': 13270, 'zo_forward_step': 26542, 'max_steps': 20000, 'max_zo_forward_steps': 0, 'time': 1864, 'eps': 3e-06}
03/25/2026 23:31:16 - INFO - src.trainer -   {'loss': 0.7660249471664429, 'learning_rate': 1e-06, 'global_step': 13280, 'zo_forward_step': 26562, 'max_steps': 20000, 'max_zo_forward_steps': 0, 'time': 1866, 'eps': 3e-06}
03/25/2026 23:31:17 - INFO - src.trainer -   {'loss': 1.3184689283370972, 'learning_rate': 1e-06, 'global_step': 13290, 'zo_forward_step': 26582, 'max_steps': 20000, 'max_zo_forward_steps': 0, 'time': 1867, 'eps': 3e-06}
03/25/2026 23:31:18 - INFO - src.trainer -   {'loss': 1.3537378311157227, 'learning_rate': 1e-06, 'global_step': 13300, 'zo_forward_step': 26602, 'max_steps': 20000, 'max_zo_forward_steps': 0, 'time': 1868, 'eps': 3e-06}
03/25/2026 23:31:19 - INFO - src.trainer -   {'loss': 0.7752764821052551, 'learning_rate': 1e-06, 'global_step': 13310, 'zo_forward_step': 26622, 'max_steps': 20000, 'max_zo_forward_steps': 0, 'time': 1869, 'eps': 3e-06}
03/25/2026 23:31:21 - INFO - src.trainer -   {'loss': 1.3093189001083374, 'learning_rate': 1e-06, 'global_step': 13320, 'zo_forward_step': 26642, 'max_steps': 20000, 'max_zo_forward_steps': 0, 'time': 1870, 'eps': 3e-06}
1320it [30:47,  1.13s/it]03/25/2026 23:31:22 - INFO - src.trainer -   {'loss': 1.3522932529449463, 'learning_rate': 1e-06, 'global_step': 13330, 'zo_forward_step': 26662, 'max_steps': 20000, 'max_zo_forward_steps': 0, 'time': 1871, 'eps': 3e-06}
03/25/2026 23:31:23 - INFO - src.trainer -   {'loss': 0.7692354321479797, 'learning_rate': 1e-06, 'global_step': 13340, 'zo_forward_step': 26682, 'max_steps': 20000, 'max_zo_forward_steps': 0, 'time': 1873, 'eps': 3e-06}
03/25/2026 23:31:25 - INFO - src.trainer -   {'loss': 1.3174136877059937, 'learning_rate': 1e-06, 'global_step': 13350, 'zo_forward_step': 26702, 'max_steps': 20000, 'max_zo_forward_steps': 0, 'time': 1874, 'eps': 3e-06}
03/25/2026 23:31:26 - INFO - src.trainer -   {'loss': 1.3550703525543213, 'learning_rate': 1e-06, 'global_step': 13360, 'zo_forward_step': 26722, 'max_steps': 20000, 'max_zo_forward_steps': 0, 'time': 1875, 'eps': 3e-06}
03/25/2026 23:31:27 - INFO - src.trainer -   {'loss': 0.7704461812973022, 'learning_rate': 1e-06, 'global_step': 13370, 'zo_forward_step': 26742, 'max_steps': 20000, 'max_zo_forward_steps': 0, 'time': 1876, 'eps': 3e-06}
03/25/2026 23:31:28 - INFO - src.trainer -   {'loss': 1.3202468156814575, 'learning_rate': 1e-06, 'global_step': 13380, 'zo_forward_step': 26762, 'max_steps': 20000, 'max_zo_forward_steps': 0, 'time': 1878, 'eps': 3e-06}
03/25/2026 23:31:29 - INFO - src.trainer -   {'loss': 1.3402565717697144, 'learning_rate': 1e-06, 'global_step': 13390, 'zo_forward_step': 26782, 'max_steps': 20000, 'max_zo_forward_steps': 0, 'time': 1879, 'eps': 3e-06}
1321it [30:56,  1.66s/it]1332it [30:56,  1.12s/it]03/25/2026 23:31:30 - INFO - src.trainer -   {'eval_loss': 1.435469388961792, 'eval_acc': 0.4125}
03/25/2026 23:31:32 - INFO - src.trainer -   [zo_probe] step=13400 eps=3.000e-06 precision=fp32 n=16 mae=5.718973e-02 rmse=6.804473e-02 sign_acc=1.0000 corr=0.999999
03/25/2026 23:31:32 - INFO - src.trainer -   {'loss': 0.7636032104492188, 'learning_rate': 1e-06, 'global_step': 13400, 'zo_forward_step': 26802, 'max_steps': 20000, 'max_zo_forward_steps': 0, 'time': 1882, 'eps': 3e-06}
03/25/2026 23:31:34 - INFO - src.trainer -   {'loss': 1.3313372135162354, 'learning_rate': 1e-06, 'global_step': 13410, 'zo_forward_step': 26822, 'max_steps': 20000, 'max_zo_forward_steps': 0, 'time': 1883, 'eps': 3e-06}
03/25/2026 23:31:35 - INFO - src.trainer -   {'loss': 1.3345779180526733, 'learning_rate': 1e-06, 'global_step': 13420, 'zo_forward_step': 26842, 'max_steps': 20000, 'max_zo_forward_steps': 0, 'time': 1884, 'eps': 3e-06}
03/25/2026 23:31:36 - INFO - src.trainer -   {'loss': 0.7677032351493835, 'learning_rate': 1e-06, 'global_step': 13430, 'zo_forward_step': 26862, 'max_steps': 20000, 'max_zo_forward_steps': 0, 'time': 1886, 'eps': 3e-06}
03/25/2026 23:31:38 - INFO - src.trainer -   {'loss': 1.3278396129608154, 'learning_rate': 1e-06, 'global_step': 13440, 'zo_forward_step': 26882, 'max_steps': 20000, 'max_zo_forward_steps': 0, 'time': 1887, 'eps': 3e-06}
03/25/2026 23:31:39 - INFO - src.trainer -   {'loss': 1.321914792060852, 'learning_rate': 1e-06, 'global_step': 13450, 'zo_forward_step': 26902, 'max_steps': 20000, 'max_zo_forward_steps': 0, 'time': 1888, 'eps': 3e-06}
1340it [31:07,  1.12s/it]03/25/2026 23:31:41 - INFO - src.trainer -   {'loss': 0.7491165399551392, 'learning_rate': 1e-06, 'global_step': 13460, 'zo_forward_step': 26922, 'max_steps': 20000, 'max_zo_forward_steps': 0, 'time': 1891, 'eps': 3e-06}
03/25/2026 23:31:43 - INFO - src.trainer -   {'loss': 1.3249588012695312, 'learning_rate': 1e-06, 'global_step': 13470, 'zo_forward_step': 26942, 'max_steps': 20000, 'max_zo_forward_steps': 0, 'time': 1892, 'eps': 3e-06}
03/25/2026 23:31:45 - INFO - src.trainer -   {'loss': 1.3220434188842773, 'learning_rate': 1e-06, 'global_step': 13480, 'zo_forward_step': 26962, 'max_steps': 20000, 'max_zo_forward_steps': 0, 'time': 1894, 'eps': 3e-06}
03/25/2026 23:31:46 - INFO - src.trainer -   {'loss': 0.7300559282302856, 'learning_rate': 1e-06, 'global_step': 13490, 'zo_forward_step': 26982, 'max_steps': 20000, 'max_zo_forward_steps': 0, 'time': 1895, 'eps': 3e-06}
03/25/2026 23:31:47 - INFO - src.trainer -   {'loss': 1.3372498750686646, 'learning_rate': 1e-06, 'global_step': 13500, 'zo_forward_step': 27002, 'max_steps': 20000, 'max_zo_forward_steps': 0, 'time': 1897, 'eps': 3e-06}
03/25/2026 23:31:48 - INFO - src.trainer -   {'loss': 1.336927890777588, 'learning_rate': 1e-06, 'global_step': 13510, 'zo_forward_step': 27022, 'max_steps': 20000, 'max_zo_forward_steps': 0, 'time': 1898, 'eps': 3e-06}
03/25/2026 23:31:49 - INFO - src.trainer -   {'loss': 0.7266206741333008, 'learning_rate': 1e-06, 'global_step': 13520, 'zo_forward_step': 27042, 'max_steps': 20000, 'max_zo_forward_steps': 0, 'time': 1899, 'eps': 3e-06}
03/25/2026 23:31:51 - INFO - src.trainer -   {'loss': 1.3272806406021118, 'learning_rate': 1e-06, 'global_step': 13530, 'zo_forward_step': 27062, 'max_steps': 20000, 'max_zo_forward_steps': 0, 'time': 1900, 'eps': 3e-06}
03/25/2026 23:31:52 - INFO - src.trainer -   {'loss': 1.3262040615081787, 'learning_rate': 1e-06, 'global_step': 13540, 'zo_forward_step': 27082, 'max_steps': 20000, 'max_zo_forward_steps': 0, 'time': 1901, 'eps': 3e-06}
03/25/2026 23:31:53 - INFO - src.trainer -   {'loss': 0.7415708899497986, 'learning_rate': 1e-06, 'global_step': 13550, 'zo_forward_step': 27102, 'max_steps': 20000, 'max_zo_forward_steps': 0, 'time': 1902, 'eps': 3e-06}
03/25/2026 23:31:54 - INFO - src.trainer -   {'loss': 1.3297533988952637, 'learning_rate': 1e-06, 'global_step': 13560, 'zo_forward_step': 27122, 'max_steps': 20000, 'max_zo_forward_steps': 0, 'time': 1904, 'eps': 3e-06}
03/25/2026 23:31:56 - INFO - src.trainer -   {'loss': 1.3031573295593262, 'learning_rate': 1e-06, 'global_step': 13570, 'zo_forward_step': 27142, 'max_steps': 20000, 'max_zo_forward_steps': 0, 'time': 1906, 'eps': 3e-06}
03/25/2026 23:31:57 - INFO - src.trainer -   {'loss': 0.7610945105552673, 'learning_rate': 1e-06, 'global_step': 13580, 'zo_forward_step': 27162, 'max_steps': 20000, 'max_zo_forward_steps': 0, 'time': 1907, 'eps': 3e-06}
03/25/2026 23:31:59 - INFO - src.trainer -   {'loss': 1.3332300186157227, 'learning_rate': 1e-06, 'global_step': 13590, 'zo_forward_step': 27182, 'max_steps': 20000, 'max_zo_forward_steps': 0, 'time': 1908, 'eps': 3e-06}
1341it [31:26,  1.72s/it]1352it [31:26,  1.16s/it]03/25/2026 23:32:00 - INFO - src.trainer -   {'eval_loss': 1.4269130229949951, 'eval_acc': 0.4625}
03/25/2026 23:32:00 - INFO - src.trainer -   Best dev result: 0.4625
03/25/2026 23:32:03 - INFO - src.trainer -   [zo_probe] step=13600 eps=3.000e-06 precision=fp32 n=16 mae=4.068586e-02 rmse=4.953224e-02 sign_acc=1.0000 corr=0.999999
03/25/2026 23:32:03 - INFO - src.trainer -   {'loss': 1.2861735820770264, 'learning_rate': 1e-06, 'global_step': 13600, 'zo_forward_step': 27202, 'max_steps': 20000, 'max_zo_forward_steps': 0, 'time': 1913, 'eps': 3e-06}
03/25/2026 23:32:04 - INFO - src.trainer -   {'loss': 0.7503729462623596, 'learning_rate': 1e-06, 'global_step': 13610, 'zo_forward_step': 27222, 'max_steps': 20000, 'max_zo_forward_steps': 0, 'time': 1914, 'eps': 3e-06}
03/25/2026 23:32:06 - INFO - src.trainer -   {'loss': 1.3344519138336182, 'learning_rate': 1e-06, 'global_step': 13620, 'zo_forward_step': 27242, 'max_steps': 20000, 'max_zo_forward_steps': 0, 'time': 1916, 'eps': 3e-06}
03/25/2026 23:32:07 - INFO - src.trainer -   {'loss': 1.2874672412872314, 'learning_rate': 1e-06, 'global_step': 13630, 'zo_forward_step': 27262, 'max_steps': 20000, 'max_zo_forward_steps': 0, 'time': 1917, 'eps': 3e-06}
03/25/2026 23:32:09 - INFO - src.trainer -   {'loss': 0.7554108500480652, 'learning_rate': 1e-06, 'global_step': 13640, 'zo_forward_step': 27282, 'max_steps': 20000, 'max_zo_forward_steps': 0, 'time': 1918, 'eps': 3e-06}
03/25/2026 23:32:10 - INFO - src.trainer -   {'loss': 1.336357593536377, 'learning_rate': 1e-06, 'global_step': 13650, 'zo_forward_step': 27302, 'max_steps': 20000, 'max_zo_forward_steps': 0, 'time': 1920, 'eps': 3e-06}
1360it [31:37,  1.16s/it]03/25/2026 23:32:11 - INFO - src.trainer -   {'loss': 1.2785048484802246, 'learning_rate': 1e-06, 'global_step': 13660, 'zo_forward_step': 27322, 'max_steps': 20000, 'max_zo_forward_steps': 0, 'time': 1921, 'eps': 3e-06}
03/25/2026 23:32:13 - INFO - src.trainer -   {'loss': 0.7612531185150146, 'learning_rate': 1e-06, 'global_step': 13670, 'zo_forward_step': 27342, 'max_steps': 20000, 'max_zo_forward_steps': 0, 'time': 1922, 'eps': 3e-06}
03/25/2026 23:32:14 - INFO - src.trainer -   {'loss': 1.349027395248413, 'learning_rate': 1e-06, 'global_step': 13680, 'zo_forward_step': 27362, 'max_steps': 20000, 'max_zo_forward_steps': 0, 'time': 1924, 'eps': 3e-06}
03/25/2026 23:32:15 - INFO - src.trainer -   {'loss': 1.2717708349227905, 'learning_rate': 1e-06, 'global_step': 13690, 'zo_forward_step': 27382, 'max_steps': 20000, 'max_zo_forward_steps': 0, 'time': 1925, 'eps': 3e-06}
03/25/2026 23:32:17 - INFO - src.trainer -   {'loss': 0.7565635442733765, 'learning_rate': 1e-06, 'global_step': 13700, 'zo_forward_step': 27402, 'max_steps': 20000, 'max_zo_forward_steps': 0, 'time': 1927, 'eps': 3e-06}
03/25/2026 23:32:18 - INFO - src.trainer -   {'loss': 1.3487317562103271, 'learning_rate': 1e-06, 'global_step': 13710, 'zo_forward_step': 27422, 'max_steps': 20000, 'max_zo_forward_steps': 0, 'time': 1928, 'eps': 3e-06}
03/25/2026 23:32:19 - INFO - src.trainer -   {'loss': 1.2702633142471313, 'learning_rate': 1e-06, 'global_step': 13720, 'zo_forward_step': 27442, 'max_steps': 20000, 'max_zo_forward_steps': 0, 'time': 1929, 'eps': 3e-06}
03/25/2026 23:32:20 - INFO - src.trainer -   {'loss': 0.7447590827941895, 'learning_rate': 1e-06, 'global_step': 13730, 'zo_forward_step': 27462, 'max_steps': 20000, 'max_zo_forward_steps': 0, 'time': 1930, 'eps': 3e-06}
03/25/2026 23:32:22 - INFO - src.trainer -   {'loss': 1.3736317157745361, 'learning_rate': 1e-06, 'global_step': 13740, 'zo_forward_step': 27482, 'max_steps': 20000, 'max_zo_forward_steps': 0, 'time': 1931, 'eps': 3e-06}
03/25/2026 23:32:23 - INFO - src.trainer -   {'loss': 1.2769821882247925, 'learning_rate': 1e-06, 'global_step': 13750, 'zo_forward_step': 27502, 'max_steps': 20000, 'max_zo_forward_steps': 0, 'time': 1932, 'eps': 3e-06}
03/25/2026 23:32:24 - INFO - src.trainer -   {'loss': 0.7458043694496155, 'learning_rate': 1e-06, 'global_step': 13760, 'zo_forward_step': 27522, 'max_steps': 20000, 'max_zo_forward_steps': 0, 'time': 1934, 'eps': 3e-06}
03/25/2026 23:32:26 - INFO - src.trainer -   {'loss': 1.3585342168807983, 'learning_rate': 1e-06, 'global_step': 13770, 'zo_forward_step': 27542, 'max_steps': 20000, 'max_zo_forward_steps': 0, 'time': 1936, 'eps': 3e-06}
03/25/2026 23:32:28 - INFO - src.trainer -   {'loss': 1.2600858211517334, 'learning_rate': 1e-06, 'global_step': 13780, 'zo_forward_step': 27562, 'max_steps': 20000, 'max_zo_forward_steps': 0, 'time': 1937, 'eps': 3e-06}
03/25/2026 23:32:29 - INFO - src.trainer -   {'loss': 0.7640990018844604, 'learning_rate': 1e-06, 'global_step': 13790, 'zo_forward_step': 27582, 'max_steps': 20000, 'max_zo_forward_steps': 0, 'time': 1938, 'eps': 3e-06}
1361it [31:56,  1.76s/it]1372it [31:56,  1.19s/it]03/25/2026 23:32:30 - INFO - src.trainer -   {'eval_loss': 1.4251348972320557, 'eval_acc': 0.4625}
03/25/2026 23:32:33 - INFO - src.trainer -   [zo_probe] step=13800 eps=3.000e-06 precision=fp32 n=16 mae=4.982144e-02 rmse=6.214669e-02 sign_acc=1.0000 corr=0.999999
03/25/2026 23:32:33 - INFO - src.trainer -   {'loss': 1.3521535396575928, 'learning_rate': 1e-06, 'global_step': 13800, 'zo_forward_step': 27602, 'max_steps': 20000, 'max_zo_forward_steps': 0, 'time': 1943, 'eps': 3e-06}
03/25/2026 23:32:34 - INFO - src.trainer -   {'loss': 1.2548621892929077, 'learning_rate': 1e-06, 'global_step': 13810, 'zo_forward_step': 27622, 'max_steps': 20000, 'max_zo_forward_steps': 0, 'time': 1944, 'eps': 3e-06}
03/25/2026 23:32:35 - INFO - src.trainer -   {'loss': 0.7805793285369873, 'learning_rate': 1e-06, 'global_step': 13820, 'zo_forward_step': 27642, 'max_steps': 20000, 'max_zo_forward_steps': 0, 'time': 1945, 'eps': 3e-06}
03/25/2026 23:32:37 - INFO - src.trainer -   {'loss': 1.350120186805725, 'learning_rate': 1e-06, 'global_step': 13830, 'zo_forward_step': 27662, 'max_steps': 20000, 'max_zo_forward_steps': 0, 'time': 1947, 'eps': 3e-06}
03/25/2026 23:32:38 - INFO - src.trainer -   {'loss': 1.2510409355163574, 'learning_rate': 1e-06, 'global_step': 13840, 'zo_forward_step': 27682, 'max_steps': 20000, 'max_zo_forward_steps': 0, 'time': 1948, 'eps': 3e-06}
03/25/2026 23:32:39 - INFO - src.trainer -   {'loss': 0.772660493850708, 'learning_rate': 1e-06, 'global_step': 13850, 'zo_forward_step': 27702, 'max_steps': 20000, 'max_zo_forward_steps': 0, 'time': 1949, 'eps': 3e-06}
03/25/2026 23:32:40 - INFO - src.trainer -   {'loss': 1.341232180595398, 'learning_rate': 1e-06, 'global_step': 13860, 'zo_forward_step': 27722, 'max_steps': 20000, 'max_zo_forward_steps': 0, 'time': 1950, 'eps': 3e-06}
1380it [32:07,  1.19s/it]03/25/2026 23:32:42 - INFO - src.trainer -   {'loss': 1.2426667213439941, 'learning_rate': 1e-06, 'global_step': 13870, 'zo_forward_step': 27742, 'max_steps': 20000, 'max_zo_forward_steps': 0, 'time': 1951, 'eps': 3e-06}
03/25/2026 23:32:43 - INFO - src.trainer -   {'loss': 0.7998952865600586, 'learning_rate': 1e-06, 'global_step': 13880, 'zo_forward_step': 27762, 'max_steps': 20000, 'max_zo_forward_steps': 0, 'time': 1953, 'eps': 3e-06}
03/25/2026 23:32:44 - INFO - src.trainer -   {'loss': 1.3176089525222778, 'learning_rate': 1e-06, 'global_step': 13890, 'zo_forward_step': 27782, 'max_steps': 20000, 'max_zo_forward_steps': 0, 'time': 1954, 'eps': 3e-06}
03/25/2026 23:32:46 - INFO - src.trainer -   {'loss': 1.2401429414749146, 'learning_rate': 1e-06, 'global_step': 13900, 'zo_forward_step': 27802, 'max_steps': 20000, 'max_zo_forward_steps': 0, 'time': 1956, 'eps': 3e-06}
03/25/2026 23:32:47 - INFO - src.trainer -   {'loss': 0.8072726130485535, 'learning_rate': 1e-06, 'global_step': 13910, 'zo_forward_step': 27822, 'max_steps': 20000, 'max_zo_forward_steps': 0, 'time': 1957, 'eps': 3e-06}
03/25/2026 23:32:49 - INFO - src.trainer -   {'loss': 1.3149831295013428, 'learning_rate': 1e-06, 'global_step': 13920, 'zo_forward_step': 27842, 'max_steps': 20000, 'max_zo_forward_steps': 0, 'time': 1958, 'eps': 3e-06}
03/25/2026 23:32:50 - INFO - src.trainer -   {'loss': 1.2323566675186157, 'learning_rate': 1e-06, 'global_step': 13930, 'zo_forward_step': 27862, 'max_steps': 20000, 'max_zo_forward_steps': 0, 'time': 1959, 'eps': 3e-06}
03/25/2026 23:32:51 - INFO - src.trainer -   {'loss': 0.8173382878303528, 'learning_rate': 1e-06, 'global_step': 13940, 'zo_forward_step': 27882, 'max_steps': 20000, 'max_zo_forward_steps': 0, 'time': 1960, 'eps': 3e-06}
03/25/2026 23:32:52 - INFO - src.trainer -   {'loss': 1.2908985614776611, 'learning_rate': 1e-06, 'global_step': 13950, 'zo_forward_step': 27902, 'max_steps': 20000, 'max_zo_forward_steps': 0, 'time': 1962, 'eps': 3e-06}
03/25/2026 23:32:53 - INFO - src.trainer -   {'loss': 1.2493021488189697, 'learning_rate': 1e-06, 'global_step': 13960, 'zo_forward_step': 27922, 'max_steps': 20000, 'max_zo_forward_steps': 0, 'time': 1963, 'eps': 3e-06}
03/25/2026 23:32:54 - INFO - src.trainer -   {'loss': 0.8350597023963928, 'learning_rate': 1e-06, 'global_step': 13970, 'zo_forward_step': 27942, 'max_steps': 20000, 'max_zo_forward_steps': 0, 'time': 1964, 'eps': 3e-06}
03/25/2026 23:32:55 - INFO - src.trainer -   {'loss': 1.2780390977859497, 'learning_rate': 1e-06, 'global_step': 13980, 'zo_forward_step': 27962, 'max_steps': 20000, 'max_zo_forward_steps': 0, 'time': 1965, 'eps': 3e-06}
03/25/2026 23:32:57 - INFO - src.trainer -   {'loss': 1.245163083076477, 'learning_rate': 1e-06, 'global_step': 13990, 'zo_forward_step': 27982, 'max_steps': 20000, 'max_zo_forward_steps': 0, 'time': 1966, 'eps': 3e-06}
1381it [32:24,  1.72s/it]1392it [32:24,  1.16s/it]03/25/2026 23:32:58 - INFO - src.trainer -   {'eval_loss': 1.42972993850708, 'eval_acc': 0.45}
03/25/2026 23:33:00 - INFO - src.trainer -   [zo_probe] step=14000 eps=3.000e-06 precision=fp32 n=16 mae=4.785869e-02 rmse=5.736409e-02 sign_acc=1.0000 corr=0.999999
03/25/2026 23:33:00 - INFO - src.trainer -   {'loss': 0.8376561999320984, 'learning_rate': 1e-06, 'global_step': 14000, 'zo_forward_step': 28002, 'max_steps': 20000, 'max_zo_forward_steps': 0, 'time': 1970, 'eps': 3e-06}
03/25/2026 23:33:01 - INFO - src.trainer -   {'loss': 1.2793267965316772, 'learning_rate': 1e-06, 'global_step': 14010, 'zo_forward_step': 28022, 'max_steps': 20000, 'max_zo_forward_steps': 0, 'time': 1971, 'eps': 3e-06}
03/25/2026 23:33:03 - INFO - src.trainer -   {'loss': 1.237642765045166, 'learning_rate': 1e-06, 'global_step': 14020, 'zo_forward_step': 28042, 'max_steps': 20000, 'max_zo_forward_steps': 0, 'time': 1972, 'eps': 3e-06}
03/25/2026 23:33:04 - INFO - src.trainer -   {'loss': 0.8406643271446228, 'learning_rate': 1e-06, 'global_step': 14030, 'zo_forward_step': 28062, 'max_steps': 20000, 'max_zo_forward_steps': 0, 'time': 1973, 'eps': 3e-06}
03/25/2026 23:33:05 - INFO - src.trainer -   {'loss': 1.287958025932312, 'learning_rate': 1e-06, 'global_step': 14040, 'zo_forward_step': 28082, 'max_steps': 20000, 'max_zo_forward_steps': 0, 'time': 1974, 'eps': 3e-06}
03/25/2026 23:33:06 - INFO - src.trainer -   {'loss': 1.2386683225631714, 'learning_rate': 1e-06, 'global_step': 14050, 'zo_forward_step': 28102, 'max_steps': 20000, 'max_zo_forward_steps': 0, 'time': 1976, 'eps': 3e-06}
03/25/2026 23:33:07 - INFO - src.trainer -   {'loss': 0.8471823930740356, 'learning_rate': 1e-06, 'global_step': 14060, 'zo_forward_step': 28122, 'max_steps': 20000, 'max_zo_forward_steps': 0, 'time': 1977, 'eps': 3e-06}
03/25/2026 23:33:08 - INFO - src.trainer -   {'loss': 1.285969614982605, 'learning_rate': 1e-06, 'global_step': 14070, 'zo_forward_step': 28142, 'max_steps': 20000, 'max_zo_forward_steps': 0, 'time': 1978, 'eps': 3e-06}
03/25/2026 23:33:10 - INFO - src.trainer -   {'loss': 1.2274824380874634, 'learning_rate': 1e-06, 'global_step': 14080, 'zo_forward_step': 28162, 'max_steps': 20000, 'max_zo_forward_steps': 0, 'time': 1979, 'eps': 3e-06}
1400it [32:37,  1.16s/it]03/25/2026 23:33:11 - INFO - src.trainer -   {'loss': 0.8454865217208862, 'learning_rate': 1e-06, 'global_step': 14090, 'zo_forward_step': 28182, 'max_steps': 20000, 'max_zo_forward_steps': 0, 'time': 1980, 'eps': 3e-06}
03/25/2026 23:33:12 - INFO - src.trainer -   {'loss': 1.2898752689361572, 'learning_rate': 1e-06, 'global_step': 14100, 'zo_forward_step': 28202, 'max_steps': 20000, 'max_zo_forward_steps': 0, 'time': 1982, 'eps': 3e-06}
03/25/2026 23:33:13 - INFO - src.trainer -   {'loss': 1.2236100435256958, 'learning_rate': 1e-06, 'global_step': 14110, 'zo_forward_step': 28222, 'max_steps': 20000, 'max_zo_forward_steps': 0, 'time': 1983, 'eps': 3e-06}
03/25/2026 23:33:14 - INFO - src.trainer -   {'loss': 0.8729953765869141, 'learning_rate': 1e-06, 'global_step': 14120, 'zo_forward_step': 28242, 'max_steps': 20000, 'max_zo_forward_steps': 0, 'time': 1984, 'eps': 3e-06}
03/25/2026 23:33:16 - INFO - src.trainer -   {'loss': 1.2930787801742554, 'learning_rate': 1e-06, 'global_step': 14130, 'zo_forward_step': 28262, 'max_steps': 20000, 'max_zo_forward_steps': 0, 'time': 1985, 'eps': 3e-06}
03/25/2026 23:33:17 - INFO - src.trainer -   {'loss': 1.2221249341964722, 'learning_rate': 1e-06, 'global_step': 14140, 'zo_forward_step': 28282, 'max_steps': 20000, 'max_zo_forward_steps': 0, 'time': 1987, 'eps': 3e-06}
03/25/2026 23:33:18 - INFO - src.trainer -   {'loss': 0.848727285861969, 'learning_rate': 1e-06, 'global_step': 14150, 'zo_forward_step': 28302, 'max_steps': 20000, 'max_zo_forward_steps': 0, 'time': 1988, 'eps': 3e-06}
03/25/2026 23:33:19 - INFO - src.trainer -   {'loss': 1.3078298568725586, 'learning_rate': 1e-06, 'global_step': 14160, 'zo_forward_step': 28322, 'max_steps': 20000, 'max_zo_forward_steps': 0, 'time': 1989, 'eps': 3e-06}
03/25/2026 23:33:20 - INFO - src.trainer -   {'loss': 1.2107795476913452, 'learning_rate': 1e-06, 'global_step': 14170, 'zo_forward_step': 28342, 'max_steps': 20000, 'max_zo_forward_steps': 0, 'time': 1990, 'eps': 3e-06}
03/25/2026 23:33:21 - INFO - src.trainer -   {'loss': 0.8629197478294373, 'learning_rate': 1e-06, 'global_step': 14180, 'zo_forward_step': 28362, 'max_steps': 20000, 'max_zo_forward_steps': 0, 'time': 1991, 'eps': 3e-06}
03/25/2026 23:33:23 - INFO - src.trainer -   {'loss': 1.3033338785171509, 'learning_rate': 1e-06, 'global_step': 14190, 'zo_forward_step': 28382, 'max_steps': 20000, 'max_zo_forward_steps': 0, 'time': 1992, 'eps': 3e-06}
1401it [32:50,  1.63s/it]1412it [32:50,  1.10s/it]03/25/2026 23:33:24 - INFO - src.trainer -   {'eval_loss': 1.4231197834014893, 'eval_acc': 0.4875}
03/25/2026 23:33:24 - INFO - src.trainer -   Best dev result: 0.4875
03/25/2026 23:33:27 - INFO - src.trainer -   [zo_probe] step=14200 eps=3.000e-06 precision=fp32 n=16 mae=3.533486e-02 rmse=4.114392e-02 sign_acc=1.0000 corr=1.000000
03/25/2026 23:33:27 - INFO - src.trainer -   {'loss': 1.2058436870574951, 'learning_rate': 1e-06, 'global_step': 14200, 'zo_forward_step': 28402, 'max_steps': 20000, 'max_zo_forward_steps': 0, 'time': 1997, 'eps': 3e-06}
03/25/2026 23:33:28 - INFO - src.trainer -   {'loss': 0.8620530962944031, 'learning_rate': 1e-06, 'global_step': 14210, 'zo_forward_step': 28422, 'max_steps': 20000, 'max_zo_forward_steps': 0, 'time': 1998, 'eps': 3e-06}
03/25/2026 23:33:30 - INFO - src.trainer -   {'loss': 1.3104087114334106, 'learning_rate': 1e-06, 'global_step': 14220, 'zo_forward_step': 28442, 'max_steps': 20000, 'max_zo_forward_steps': 0, 'time': 1999, 'eps': 3e-06}
03/25/2026 23:33:31 - INFO - src.trainer -   {'loss': 1.203521966934204, 'learning_rate': 1e-06, 'global_step': 14230, 'zo_forward_step': 28462, 'max_steps': 20000, 'max_zo_forward_steps': 0, 'time': 2000, 'eps': 3e-06}
03/25/2026 23:33:32 - INFO - src.trainer -   {'loss': 0.864485502243042, 'learning_rate': 1e-06, 'global_step': 14240, 'zo_forward_step': 28482, 'max_steps': 20000, 'max_zo_forward_steps': 0, 'time': 2001, 'eps': 3e-06}
03/25/2026 23:33:33 - INFO - src.trainer -   {'loss': 1.3107917308807373, 'learning_rate': 1e-06, 'global_step': 14250, 'zo_forward_step': 28502, 'max_steps': 20000, 'max_zo_forward_steps': 0, 'time': 2003, 'eps': 3e-06}
03/25/2026 23:33:34 - INFO - src.trainer -   {'loss': 1.201005458831787, 'learning_rate': 1e-06, 'global_step': 14260, 'zo_forward_step': 28522, 'max_steps': 20000, 'max_zo_forward_steps': 0, 'time': 2004, 'eps': 3e-06}
03/25/2026 23:33:35 - INFO - src.trainer -   {'loss': 0.8587085008621216, 'learning_rate': 1e-06, 'global_step': 14270, 'zo_forward_step': 28542, 'max_steps': 20000, 'max_zo_forward_steps': 0, 'time': 2005, 'eps': 3e-06}
03/25/2026 23:33:36 - INFO - src.trainer -   {'loss': 1.3161158561706543, 'learning_rate': 1e-06, 'global_step': 14280, 'zo_forward_step': 28562, 'max_steps': 20000, 'max_zo_forward_steps': 0, 'time': 2006, 'eps': 3e-06}
03/25/2026 23:33:37 - INFO - src.trainer -   {'loss': 1.2135270833969116, 'learning_rate': 1e-06, 'global_step': 14290, 'zo_forward_step': 28582, 'max_steps': 20000, 'max_zo_forward_steps': 0, 'time': 2007, 'eps': 3e-06}
03/25/2026 23:33:39 - INFO - src.trainer -   {'loss': 0.8529850840568542, 'learning_rate': 1e-06, 'global_step': 14300, 'zo_forward_step': 28602, 'max_steps': 20000, 'max_zo_forward_steps': 0, 'time': 2008, 'eps': 3e-06}
03/25/2026 23:33:40 - INFO - src.trainer -   {'loss': 1.330277681350708, 'learning_rate': 1e-06, 'global_step': 14310, 'zo_forward_step': 28622, 'max_steps': 20000, 'max_zo_forward_steps': 0, 'time': 2009, 'eps': 3e-06}
1420it [33:07,  1.10s/it]03/25/2026 23:33:41 - INFO - src.trainer -   {'loss': 1.1851379871368408, 'learning_rate': 1e-06, 'global_step': 14320, 'zo_forward_step': 28642, 'max_steps': 20000, 'max_zo_forward_steps': 0, 'time': 2011, 'eps': 3e-06}
03/25/2026 23:33:42 - INFO - src.trainer -   {'loss': 0.8796301484107971, 'learning_rate': 1e-06, 'global_step': 14330, 'zo_forward_step': 28662, 'max_steps': 20000, 'max_zo_forward_steps': 0, 'time': 2012, 'eps': 3e-06}
03/25/2026 23:33:43 - INFO - src.trainer -   {'loss': 1.3256255388259888, 'learning_rate': 1e-06, 'global_step': 14340, 'zo_forward_step': 28682, 'max_steps': 20000, 'max_zo_forward_steps': 0, 'time': 2013, 'eps': 3e-06}
03/25/2026 23:33:44 - INFO - src.trainer -   {'loss': 1.1802564859390259, 'learning_rate': 1e-06, 'global_step': 14350, 'zo_forward_step': 28702, 'max_steps': 20000, 'max_zo_forward_steps': 0, 'time': 2014, 'eps': 3e-06}
03/25/2026 23:33:46 - INFO - src.trainer -   {'loss': 0.876638650894165, 'learning_rate': 1e-06, 'global_step': 14360, 'zo_forward_step': 28722, 'max_steps': 20000, 'max_zo_forward_steps': 0, 'time': 2015, 'eps': 3e-06}
03/25/2026 23:33:47 - INFO - src.trainer -   {'loss': 1.3399590253829956, 'learning_rate': 1e-06, 'global_step': 14370, 'zo_forward_step': 28742, 'max_steps': 20000, 'max_zo_forward_steps': 0, 'time': 2016, 'eps': 3e-06}
03/25/2026 23:33:48 - INFO - src.trainer -   {'loss': 1.185099720954895, 'learning_rate': 1e-06, 'global_step': 14380, 'zo_forward_step': 28762, 'max_steps': 20000, 'max_zo_forward_steps': 0, 'time': 2017, 'eps': 3e-06}
03/25/2026 23:33:49 - INFO - src.trainer -   {'loss': 0.852057933807373, 'learning_rate': 1e-06, 'global_step': 14390, 'zo_forward_step': 28782, 'max_steps': 20000, 'max_zo_forward_steps': 0, 'time': 2019, 'eps': 3e-06}
1421it [33:16,  1.61s/it]1432it [33:17,  1.09s/it]03/25/2026 23:33:50 - INFO - src.trainer -   {'eval_loss': 1.4141919612884521, 'eval_acc': 0.5}
03/25/2026 23:33:50 - INFO - src.trainer -   Best dev result: 0.5
03/25/2026 23:33:54 - INFO - src.trainer -   [zo_probe] step=14400 eps=3.000e-06 precision=fp32 n=16 mae=5.477922e-02 rmse=6.574640e-02 sign_acc=1.0000 corr=0.999999
03/25/2026 23:33:54 - INFO - src.trainer -   {'loss': 1.3064181804656982, 'learning_rate': 1e-06, 'global_step': 14400, 'zo_forward_step': 28802, 'max_steps': 20000, 'max_zo_forward_steps': 0, 'time': 2023, 'eps': 3e-06}
03/25/2026 23:33:55 - INFO - src.trainer -   {'loss': 1.196155309677124, 'learning_rate': 1e-06, 'global_step': 14410, 'zo_forward_step': 28822, 'max_steps': 20000, 'max_zo_forward_steps': 0, 'time': 2025, 'eps': 3e-06}
03/25/2026 23:33:56 - INFO - src.trainer -   {'loss': 0.8525779247283936, 'learning_rate': 1e-06, 'global_step': 14420, 'zo_forward_step': 28842, 'max_steps': 20000, 'max_zo_forward_steps': 0, 'time': 2026, 'eps': 3e-06}
03/25/2026 23:33:57 - INFO - src.trainer -   {'loss': 1.3142198324203491, 'learning_rate': 1e-06, 'global_step': 14430, 'zo_forward_step': 28862, 'max_steps': 20000, 'max_zo_forward_steps': 0, 'time': 2027, 'eps': 3e-06}
03/25/2026 23:33:58 - INFO - src.trainer -   {'loss': 1.2086453437805176, 'learning_rate': 1e-06, 'global_step': 14440, 'zo_forward_step': 28882, 'max_steps': 20000, 'max_zo_forward_steps': 0, 'time': 2028, 'eps': 3e-06}
03/25/2026 23:34:00 - INFO - src.trainer -   {'loss': 0.8461992144584656, 'learning_rate': 1e-06, 'global_step': 14450, 'zo_forward_step': 28902, 'max_steps': 20000, 'max_zo_forward_steps': 0, 'time': 2029, 'eps': 3e-06}
1440it [33:27,  1.09s/it]03/25/2026 23:34:01 - INFO - src.trainer -   {'loss': 1.3067429065704346, 'learning_rate': 1e-06, 'global_step': 14460, 'zo_forward_step': 28922, 'max_steps': 20000, 'max_zo_forward_steps': 0, 'time': 2030, 'eps': 3e-06}
03/25/2026 23:34:02 - INFO - src.trainer -   {'loss': 1.205767273902893, 'learning_rate': 1e-06, 'global_step': 14470, 'zo_forward_step': 28942, 'max_steps': 20000, 'max_zo_forward_steps': 0, 'time': 2032, 'eps': 3e-06}
03/25/2026 23:34:03 - INFO - src.trainer -   {'loss': 0.8357720375061035, 'learning_rate': 1e-06, 'global_step': 14480, 'zo_forward_step': 28962, 'max_steps': 20000, 'max_zo_forward_steps': 0, 'time': 2033, 'eps': 3e-06}
03/25/2026 23:34:04 - INFO - src.trainer -   {'loss': 1.3107792139053345, 'learning_rate': 1e-06, 'global_step': 14490, 'zo_forward_step': 28982, 'max_steps': 20000, 'max_zo_forward_steps': 0, 'time': 2034, 'eps': 3e-06}
03/25/2026 23:34:06 - INFO - src.trainer -   {'loss': 1.209775686264038, 'learning_rate': 1e-06, 'global_step': 14500, 'zo_forward_step': 29002, 'max_steps': 20000, 'max_zo_forward_steps': 0, 'time': 2035, 'eps': 3e-06}
03/25/2026 23:34:08 - INFO - src.trainer -   {'loss': 0.8414010405540466, 'learning_rate': 1e-06, 'global_step': 14510, 'zo_forward_step': 29022, 'max_steps': 20000, 'max_zo_forward_steps': 0, 'time': 2037, 'eps': 3e-06}
03/25/2026 23:34:09 - INFO - src.trainer -   {'loss': 1.3011374473571777, 'learning_rate': 1e-06, 'global_step': 14520, 'zo_forward_step': 29042, 'max_steps': 20000, 'max_zo_forward_steps': 0, 'time': 2038, 'eps': 3e-06}
03/25/2026 23:34:10 - INFO - src.trainer -   {'loss': 1.2006458044052124, 'learning_rate': 1e-06, 'global_step': 14530, 'zo_forward_step': 29062, 'max_steps': 20000, 'max_zo_forward_steps': 0, 'time': 2040, 'eps': 3e-06}
03/25/2026 23:34:11 - INFO - src.trainer -   {'loss': 0.8257998824119568, 'learning_rate': 1e-06, 'global_step': 14540, 'zo_forward_step': 29082, 'max_steps': 20000, 'max_zo_forward_steps': 0, 'time': 2041, 'eps': 3e-06}
03/25/2026 23:34:12 - INFO - src.trainer -   {'loss': 1.3250033855438232, 'learning_rate': 1e-06, 'global_step': 14550, 'zo_forward_step': 29102, 'max_steps': 20000, 'max_zo_forward_steps': 0, 'time': 2042, 'eps': 3e-06}
03/25/2026 23:34:13 - INFO - src.trainer -   {'loss': 1.1885346174240112, 'learning_rate': 1e-06, 'global_step': 14560, 'zo_forward_step': 29122, 'max_steps': 20000, 'max_zo_forward_steps': 0, 'time': 2043, 'eps': 3e-06}
03/25/2026 23:34:15 - INFO - src.trainer -   {'loss': 0.8282431364059448, 'learning_rate': 1e-06, 'global_step': 14570, 'zo_forward_step': 29142, 'max_steps': 20000, 'max_zo_forward_steps': 0, 'time': 2044, 'eps': 3e-06}
03/25/2026 23:34:16 - INFO - src.trainer -   {'loss': 1.3342047929763794, 'learning_rate': 1e-06, 'global_step': 14580, 'zo_forward_step': 29162, 'max_steps': 20000, 'max_zo_forward_steps': 0, 'time': 2046, 'eps': 3e-06}
03/25/2026 23:34:17 - INFO - src.trainer -   {'loss': 1.2023836374282837, 'learning_rate': 1e-06, 'global_step': 14590, 'zo_forward_step': 29182, 'max_steps': 20000, 'max_zo_forward_steps': 0, 'time': 2047, 'eps': 3e-06}
1441it [33:45,  1.65s/it]1452it [33:45,  1.12s/it]03/25/2026 23:34:19 - INFO - src.trainer -   {'eval_loss': 1.4124444723129272, 'eval_acc': 0.475}
03/25/2026 23:34:21 - INFO - src.trainer -   [zo_probe] step=14600 eps=3.000e-06 precision=fp32 n=16 mae=4.964346e-02 rmse=5.971194e-02 sign_acc=1.0000 corr=0.999999
03/25/2026 23:34:21 - INFO - src.trainer -   {'loss': 0.7924222350120544, 'learning_rate': 1e-06, 'global_step': 14600, 'zo_forward_step': 29202, 'max_steps': 20000, 'max_zo_forward_steps': 0, 'time': 2050, 'eps': 3e-06}
03/25/2026 23:34:22 - INFO - src.trainer -   {'loss': 1.3249644041061401, 'learning_rate': 1e-06, 'global_step': 14610, 'zo_forward_step': 29222, 'max_steps': 20000, 'max_zo_forward_steps': 0, 'time': 2052, 'eps': 3e-06}
03/25/2026 23:34:24 - INFO - src.trainer -   {'loss': 1.2108213901519775, 'learning_rate': 1e-06, 'global_step': 14620, 'zo_forward_step': 29242, 'max_steps': 20000, 'max_zo_forward_steps': 0, 'time': 2053, 'eps': 3e-06}
03/25/2026 23:34:25 - INFO - src.trainer -   {'loss': 0.791040301322937, 'learning_rate': 1e-06, 'global_step': 14630, 'zo_forward_step': 29262, 'max_steps': 20000, 'max_zo_forward_steps': 0, 'time': 2054, 'eps': 3e-06}
03/25/2026 23:34:26 - INFO - src.trainer -   {'loss': 1.3302981853485107, 'learning_rate': 1e-06, 'global_step': 14640, 'zo_forward_step': 29282, 'max_steps': 20000, 'max_zo_forward_steps': 0, 'time': 2055, 'eps': 3e-06}
03/25/2026 23:34:27 - INFO - src.trainer -   {'loss': 1.2172232866287231, 'learning_rate': 1e-06, 'global_step': 14650, 'zo_forward_step': 29302, 'max_steps': 20000, 'max_zo_forward_steps': 0, 'time': 2057, 'eps': 3e-06}
03/25/2026 23:34:28 - INFO - src.trainer -   {'loss': 0.7786986827850342, 'learning_rate': 1e-06, 'global_step': 14660, 'zo_forward_step': 29322, 'max_steps': 20000, 'max_zo_forward_steps': 0, 'time': 2058, 'eps': 3e-06}
03/25/2026 23:34:29 - INFO - src.trainer -   {'loss': 1.3170851469039917, 'learning_rate': 1e-06, 'global_step': 14670, 'zo_forward_step': 29342, 'max_steps': 20000, 'max_zo_forward_steps': 0, 'time': 2059, 'eps': 3e-06}
1460it [33:57,  1.12s/it]03/25/2026 23:34:31 - INFO - src.trainer -   {'loss': 1.2315651178359985, 'learning_rate': 1e-06, 'global_step': 14680, 'zo_forward_step': 29362, 'max_steps': 20000, 'max_zo_forward_steps': 0, 'time': 2060, 'eps': 3e-06}
03/25/2026 23:34:32 - INFO - src.trainer -   {'loss': 0.751648485660553, 'learning_rate': 1e-06, 'global_step': 14690, 'zo_forward_step': 29382, 'max_steps': 20000, 'max_zo_forward_steps': 0, 'time': 2062, 'eps': 3e-06}
03/25/2026 23:34:33 - INFO - src.trainer -   {'loss': 1.3327893018722534, 'learning_rate': 1e-06, 'global_step': 14700, 'zo_forward_step': 29402, 'max_steps': 20000, 'max_zo_forward_steps': 0, 'time': 2063, 'eps': 3e-06}
03/25/2026 23:34:34 - INFO - src.trainer -   {'loss': 1.2003586292266846, 'learning_rate': 1e-06, 'global_step': 14710, 'zo_forward_step': 29422, 'max_steps': 20000, 'max_zo_forward_steps': 0, 'time': 2064, 'eps': 3e-06}
03/25/2026 23:34:35 - INFO - src.trainer -   {'loss': 0.7691769003868103, 'learning_rate': 1e-06, 'global_step': 14720, 'zo_forward_step': 29442, 'max_steps': 20000, 'max_zo_forward_steps': 0, 'time': 2065, 'eps': 3e-06}
03/25/2026 23:34:36 - INFO - src.trainer -   {'loss': 1.3405476808547974, 'learning_rate': 1e-06, 'global_step': 14730, 'zo_forward_step': 29462, 'max_steps': 20000, 'max_zo_forward_steps': 0, 'time': 2066, 'eps': 3e-06}
03/25/2026 23:34:38 - INFO - src.trainer -   {'loss': 1.1991151571273804, 'learning_rate': 1e-06, 'global_step': 14740, 'zo_forward_step': 29482, 'max_steps': 20000, 'max_zo_forward_steps': 0, 'time': 2067, 'eps': 3e-06}
03/25/2026 23:34:39 - INFO - src.trainer -   {'loss': 0.7639715671539307, 'learning_rate': 1e-06, 'global_step': 14750, 'zo_forward_step': 29502, 'max_steps': 20000, 'max_zo_forward_steps': 0, 'time': 2068, 'eps': 3e-06}
03/25/2026 23:34:40 - INFO - src.trainer -   {'loss': 1.3297349214553833, 'learning_rate': 1e-06, 'global_step': 14760, 'zo_forward_step': 29522, 'max_steps': 20000, 'max_zo_forward_steps': 0, 'time': 2070, 'eps': 3e-06}
03/25/2026 23:34:41 - INFO - src.trainer -   {'loss': 1.1813042163848877, 'learning_rate': 1e-06, 'global_step': 14770, 'zo_forward_step': 29542, 'max_steps': 20000, 'max_zo_forward_steps': 0, 'time': 2071, 'eps': 3e-06}
03/25/2026 23:34:43 - INFO - src.trainer -   {'loss': 0.7860779166221619, 'learning_rate': 1e-06, 'global_step': 14780, 'zo_forward_step': 29562, 'max_steps': 20000, 'max_zo_forward_steps': 0, 'time': 2072, 'eps': 3e-06}
03/25/2026 23:34:44 - INFO - src.trainer -   {'loss': 1.3362972736358643, 'learning_rate': 1e-06, 'global_step': 14790, 'zo_forward_step': 29582, 'max_steps': 20000, 'max_zo_forward_steps': 0, 'time': 2073, 'eps': 3e-06}
1461it [34:11,  1.61s/it]1472it [34:11,  1.09s/it]03/25/2026 23:34:45 - INFO - src.trainer -   {'eval_loss': 1.4044229984283447, 'eval_acc': 0.4875}
03/25/2026 23:34:48 - INFO - src.trainer -   [zo_probe] step=14800 eps=3.000e-06 precision=fp32 n=16 mae=3.240952e-02 rmse=4.721638e-02 sign_acc=1.0000 corr=0.999999
03/25/2026 23:34:48 - INFO - src.trainer -   {'loss': 1.1743230819702148, 'learning_rate': 1e-06, 'global_step': 14800, 'zo_forward_step': 29602, 'max_steps': 20000, 'max_zo_forward_steps': 0, 'time': 2078, 'eps': 3e-06}
03/25/2026 23:34:49 - INFO - src.trainer -   {'loss': 0.7704919576644897, 'learning_rate': 1e-06, 'global_step': 14810, 'zo_forward_step': 29622, 'max_steps': 20000, 'max_zo_forward_steps': 0, 'time': 2079, 'eps': 3e-06}
03/25/2026 23:34:50 - INFO - src.trainer -   {'loss': 1.353119134902954, 'learning_rate': 1e-06, 'global_step': 14820, 'zo_forward_step': 29642, 'max_steps': 20000, 'max_zo_forward_steps': 0, 'time': 2080, 'eps': 3e-06}
03/25/2026 23:34:51 - INFO - src.trainer -   {'loss': 1.1662564277648926, 'learning_rate': 1e-06, 'global_step': 14830, 'zo_forward_step': 29662, 'max_steps': 20000, 'max_zo_forward_steps': 0, 'time': 2081, 'eps': 3e-06}
03/25/2026 23:34:53 - INFO - src.trainer -   {'loss': 0.7815775275230408, 'learning_rate': 1e-06, 'global_step': 14840, 'zo_forward_step': 29682, 'max_steps': 20000, 'max_zo_forward_steps': 0, 'time': 2082, 'eps': 3e-06}
03/25/2026 23:34:54 - INFO - src.trainer -   {'loss': 1.3485796451568604, 'learning_rate': 1e-06, 'global_step': 14850, 'zo_forward_step': 29702, 'max_steps': 20000, 'max_zo_forward_steps': 0, 'time': 2083, 'eps': 3e-06}
03/25/2026 23:34:55 - INFO - src.trainer -   {'loss': 1.132793664932251, 'learning_rate': 1e-06, 'global_step': 14860, 'zo_forward_step': 29722, 'max_steps': 20000, 'max_zo_forward_steps': 0, 'time': 2085, 'eps': 3e-06}
03/25/2026 23:34:56 - INFO - src.trainer -   {'loss': 0.8100372552871704, 'learning_rate': 1e-06, 'global_step': 14870, 'zo_forward_step': 29742, 'max_steps': 20000, 'max_zo_forward_steps': 0, 'time': 2086, 'eps': 3e-06}
03/25/2026 23:34:57 - INFO - src.trainer -   {'loss': 1.3451967239379883, 'learning_rate': 1e-06, 'global_step': 14880, 'zo_forward_step': 29762, 'max_steps': 20000, 'max_zo_forward_steps': 0, 'time': 2087, 'eps': 3e-06}
03/25/2026 23:34:58 - INFO - src.trainer -   {'loss': 1.1069517135620117, 'learning_rate': 1e-06, 'global_step': 14890, 'zo_forward_step': 29782, 'max_steps': 20000, 'max_zo_forward_steps': 0, 'time': 2088, 'eps': 3e-06}
03/25/2026 23:35:00 - INFO - src.trainer -   {'loss': 0.8294554948806763, 'learning_rate': 1e-06, 'global_step': 14900, 'zo_forward_step': 29802, 'max_steps': 20000, 'max_zo_forward_steps': 0, 'time': 2089, 'eps': 3e-06}
1480it [34:27,  1.09s/it]03/25/2026 23:35:01 - INFO - src.trainer -   {'loss': 1.3440521955490112, 'learning_rate': 1e-06, 'global_step': 14910, 'zo_forward_step': 29822, 'max_steps': 20000, 'max_zo_forward_steps': 0, 'time': 2090, 'eps': 3e-06}
03/25/2026 23:35:02 - INFO - src.trainer -   {'loss': 1.1095645427703857, 'learning_rate': 1e-06, 'global_step': 14920, 'zo_forward_step': 29842, 'max_steps': 20000, 'max_zo_forward_steps': 0, 'time': 2091, 'eps': 3e-06}
03/25/2026 23:35:03 - INFO - src.trainer -   {'loss': 0.8656073212623596, 'learning_rate': 1e-06, 'global_step': 14930, 'zo_forward_step': 29862, 'max_steps': 20000, 'max_zo_forward_steps': 0, 'time': 2093, 'eps': 3e-06}
03/25/2026 23:35:04 - INFO - src.trainer -   {'loss': 1.3126555681228638, 'learning_rate': 1e-06, 'global_step': 14940, 'zo_forward_step': 29882, 'max_steps': 20000, 'max_zo_forward_steps': 0, 'time': 2094, 'eps': 3e-06}
03/25/2026 23:35:05 - INFO - src.trainer -   {'loss': 1.092061996459961, 'learning_rate': 1e-06, 'global_step': 14950, 'zo_forward_step': 29902, 'max_steps': 20000, 'max_zo_forward_steps': 0, 'time': 2095, 'eps': 3e-06}
03/25/2026 23:35:06 - INFO - src.trainer -   {'loss': 0.8777527809143066, 'learning_rate': 1e-06, 'global_step': 14960, 'zo_forward_step': 29922, 'max_steps': 20000, 'max_zo_forward_steps': 0, 'time': 2096, 'eps': 3e-06}
03/25/2026 23:35:08 - INFO - src.trainer -   {'loss': 1.302278757095337, 'learning_rate': 1e-06, 'global_step': 14970, 'zo_forward_step': 29942, 'max_steps': 20000, 'max_zo_forward_steps': 0, 'time': 2097, 'eps': 3e-06}
03/25/2026 23:35:09 - INFO - src.trainer -   {'loss': 1.105016827583313, 'learning_rate': 1e-06, 'global_step': 14980, 'zo_forward_step': 29962, 'max_steps': 20000, 'max_zo_forward_steps': 0, 'time': 2098, 'eps': 3e-06}
03/25/2026 23:35:10 - INFO - src.trainer -   {'loss': 0.8761285543441772, 'learning_rate': 1e-06, 'global_step': 14990, 'zo_forward_step': 29982, 'max_steps': 20000, 'max_zo_forward_steps': 0, 'time': 2100, 'eps': 3e-06}
1481it [34:37,  1.59s/it]1492it [34:37,  1.08s/it]03/25/2026 23:35:11 - INFO - src.trainer -   {'eval_loss': 1.3972009420394897, 'eval_acc': 0.475}
03/25/2026 23:35:15 - INFO - src.trainer -   [zo_probe] step=15000 eps=3.000e-06 precision=fp32 n=16 mae=5.999607e-02 rmse=7.370861e-02 sign_acc=1.0000 corr=0.999998
03/25/2026 23:35:15 - INFO - src.trainer -   {'loss': 1.2876569032669067, 'learning_rate': 1e-06, 'global_step': 15000, 'zo_forward_step': 30002, 'max_steps': 20000, 'max_zo_forward_steps': 0, 'time': 2104, 'eps': 3e-06}
03/25/2026 23:35:16 - INFO - src.trainer -   {'loss': 1.1103233098983765, 'learning_rate': 1e-06, 'global_step': 15010, 'zo_forward_step': 30022, 'max_steps': 20000, 'max_zo_forward_steps': 0, 'time': 2106, 'eps': 3e-06}
03/25/2026 23:35:17 - INFO - src.trainer -   {'loss': 0.853181779384613, 'learning_rate': 1e-06, 'global_step': 15020, 'zo_forward_step': 30042, 'max_steps': 20000, 'max_zo_forward_steps': 0, 'time': 2107, 'eps': 3e-06}
03/25/2026 23:35:18 - INFO - src.trainer -   {'loss': 1.2884351015090942, 'learning_rate': 1e-06, 'global_step': 15030, 'zo_forward_step': 30062, 'max_steps': 20000, 'max_zo_forward_steps': 0, 'time': 2108, 'eps': 3e-06}
03/25/2026 23:35:19 - INFO - src.trainer -   {'loss': 1.1203677654266357, 'learning_rate': 1e-06, 'global_step': 15040, 'zo_forward_step': 30082, 'max_steps': 20000, 'max_zo_forward_steps': 0, 'time': 2109, 'eps': 3e-06}
03/25/2026 23:35:21 - INFO - src.trainer -   {'loss': 0.8526589274406433, 'learning_rate': 1e-06, 'global_step': 15050, 'zo_forward_step': 30102, 'max_steps': 20000, 'max_zo_forward_steps': 0, 'time': 2110, 'eps': 3e-06}
03/25/2026 23:35:22 - INFO - src.trainer -   {'loss': 1.287184238433838, 'learning_rate': 1e-06, 'global_step': 15060, 'zo_forward_step': 30122, 'max_steps': 20000, 'max_zo_forward_steps': 0, 'time': 2111, 'eps': 3e-06}
03/25/2026 23:35:23 - INFO - src.trainer -   {'loss': 1.1200363636016846, 'learning_rate': 1e-06, 'global_step': 15070, 'zo_forward_step': 30142, 'max_steps': 20000, 'max_zo_forward_steps': 0, 'time': 2113, 'eps': 3e-06}
03/25/2026 23:35:24 - INFO - src.trainer -   {'loss': 0.8676588535308838, 'learning_rate': 1e-06, 'global_step': 15080, 'zo_forward_step': 30162, 'max_steps': 20000, 'max_zo_forward_steps': 0, 'time': 2114, 'eps': 3e-06}
03/25/2026 23:35:26 - INFO - src.trainer -   {'loss': 1.2743641138076782, 'learning_rate': 1e-06, 'global_step': 15090, 'zo_forward_step': 30182, 'max_steps': 20000, 'max_zo_forward_steps': 0, 'time': 2116, 'eps': 3e-06}
03/25/2026 23:35:27 - INFO - src.trainer -   {'loss': 1.1312059164047241, 'learning_rate': 1e-06, 'global_step': 15100, 'zo_forward_step': 30202, 'max_steps': 20000, 'max_zo_forward_steps': 0, 'time': 2117, 'eps': 3e-06}
03/25/2026 23:35:28 - INFO - src.trainer -   {'loss': 0.8634852766990662, 'learning_rate': 1e-06, 'global_step': 15110, 'zo_forward_step': 30222, 'max_steps': 20000, 'max_zo_forward_steps': 0, 'time': 2118, 'eps': 3e-06}
03/25/2026 23:35:30 - INFO - src.trainer -   {'loss': 1.2530839443206787, 'learning_rate': 1e-06, 'global_step': 15120, 'zo_forward_step': 30242, 'max_steps': 20000, 'max_zo_forward_steps': 0, 'time': 2119, 'eps': 3e-06}
1500it [34:57,  1.08s/it]03/25/2026 23:35:31 - INFO - src.trainer -   {'loss': 1.1180291175842285, 'learning_rate': 1e-06, 'global_step': 15130, 'zo_forward_step': 30262, 'max_steps': 20000, 'max_zo_forward_steps': 0, 'time': 2121, 'eps': 3e-06}
03/25/2026 23:35:32 - INFO - src.trainer -   {'loss': 0.871881902217865, 'learning_rate': 1e-06, 'global_step': 15140, 'zo_forward_step': 30282, 'max_steps': 20000, 'max_zo_forward_steps': 0, 'time': 2122, 'eps': 3e-06}
03/25/2026 23:35:33 - INFO - src.trainer -   {'loss': 1.2569892406463623, 'learning_rate': 1e-06, 'global_step': 15150, 'zo_forward_step': 30302, 'max_steps': 20000, 'max_zo_forward_steps': 0, 'time': 2123, 'eps': 3e-06}
03/25/2026 23:35:34 - INFO - src.trainer -   {'loss': 1.1377973556518555, 'learning_rate': 1e-06, 'global_step': 15160, 'zo_forward_step': 30322, 'max_steps': 20000, 'max_zo_forward_steps': 0, 'time': 2124, 'eps': 3e-06}
03/25/2026 23:35:36 - INFO - src.trainer -   {'loss': 0.8702199459075928, 'learning_rate': 1e-06, 'global_step': 15170, 'zo_forward_step': 30342, 'max_steps': 20000, 'max_zo_forward_steps': 0, 'time': 2125, 'eps': 3e-06}
03/25/2026 23:35:37 - INFO - src.trainer -   {'loss': 1.2414966821670532, 'learning_rate': 1e-06, 'global_step': 15180, 'zo_forward_step': 30362, 'max_steps': 20000, 'max_zo_forward_steps': 0, 'time': 2126, 'eps': 3e-06}
03/25/2026 23:35:38 - INFO - src.trainer -   {'loss': 1.1458041667938232, 'learning_rate': 1e-06, 'global_step': 15190, 'zo_forward_step': 30382, 'max_steps': 20000, 'max_zo_forward_steps': 0, 'time': 2127, 'eps': 3e-06}
1501it [35:05,  1.63s/it]1512it [35:05,  1.10s/it]03/25/2026 23:35:39 - INFO - src.trainer -   {'eval_loss': 1.4125534296035767, 'eval_acc': 0.45}
03/25/2026 23:35:41 - INFO - src.trainer -   [zo_probe] step=15200 eps=3.000e-06 precision=fp32 n=16 mae=5.303189e-02 rmse=6.555051e-02 sign_acc=1.0000 corr=0.999999
03/25/2026 23:35:41 - INFO - src.trainer -   {'loss': 0.8456124663352966, 'learning_rate': 1e-06, 'global_step': 15200, 'zo_forward_step': 30402, 'max_steps': 20000, 'max_zo_forward_steps': 0, 'time': 2131, 'eps': 3e-06}
03/25/2026 23:35:42 - INFO - src.trainer -   {'loss': 1.2623071670532227, 'learning_rate': 1e-06, 'global_step': 15210, 'zo_forward_step': 30422, 'max_steps': 20000, 'max_zo_forward_steps': 0, 'time': 2132, 'eps': 3e-06}
03/25/2026 23:35:44 - INFO - src.trainer -   {'loss': 1.148013710975647, 'learning_rate': 1e-06, 'global_step': 15220, 'zo_forward_step': 30442, 'max_steps': 20000, 'max_zo_forward_steps': 0, 'time': 2133, 'eps': 3e-06}
03/25/2026 23:35:45 - INFO - src.trainer -   {'loss': 0.8370779752731323, 'learning_rate': 1e-06, 'global_step': 15230, 'zo_forward_step': 30462, 'max_steps': 20000, 'max_zo_forward_steps': 0, 'time': 2134, 'eps': 3e-06}
03/25/2026 23:35:46 - INFO - src.trainer -   {'loss': 1.2447158098220825, 'learning_rate': 1e-06, 'global_step': 15240, 'zo_forward_step': 30482, 'max_steps': 20000, 'max_zo_forward_steps': 0, 'time': 2136, 'eps': 3e-06}
03/25/2026 23:35:47 - INFO - src.trainer -   {'loss': 1.168871521949768, 'learning_rate': 1e-06, 'global_step': 15250, 'zo_forward_step': 30502, 'max_steps': 20000, 'max_zo_forward_steps': 0, 'time': 2137, 'eps': 3e-06}
03/25/2026 23:35:48 - INFO - src.trainer -   {'loss': 0.8459649682044983, 'learning_rate': 1e-06, 'global_step': 15260, 'zo_forward_step': 30522, 'max_steps': 20000, 'max_zo_forward_steps': 0, 'time': 2138, 'eps': 3e-06}
03/25/2026 23:35:49 - INFO - src.trainer -   {'loss': 1.2830562591552734, 'learning_rate': 1e-06, 'global_step': 15270, 'zo_forward_step': 30542, 'max_steps': 20000, 'max_zo_forward_steps': 0, 'time': 2139, 'eps': 3e-06}
1520it [35:17,  1.10s/it]03/25/2026 23:35:52 - INFO - src.trainer -   {'loss': 1.124401330947876, 'learning_rate': 1e-06, 'global_step': 15280, 'zo_forward_step': 30562, 'max_steps': 20000, 'max_zo_forward_steps': 0, 'time': 2141, 'eps': 3e-06}
03/25/2026 23:35:53 - INFO - src.trainer -   {'loss': 0.843600869178772, 'learning_rate': 1e-06, 'global_step': 15290, 'zo_forward_step': 30582, 'max_steps': 20000, 'max_zo_forward_steps': 0, 'time': 2142, 'eps': 3e-06}
03/25/2026 23:35:54 - INFO - src.trainer -   {'loss': 1.2861132621765137, 'learning_rate': 1e-06, 'global_step': 15300, 'zo_forward_step': 30602, 'max_steps': 20000, 'max_zo_forward_steps': 0, 'time': 2143, 'eps': 3e-06}
03/25/2026 23:35:55 - INFO - src.trainer -   {'loss': 1.1170424222946167, 'learning_rate': 1e-06, 'global_step': 15310, 'zo_forward_step': 30622, 'max_steps': 20000, 'max_zo_forward_steps': 0, 'time': 2145, 'eps': 3e-06}
03/25/2026 23:35:57 - INFO - src.trainer -   {'loss': 0.8383024334907532, 'learning_rate': 1e-06, 'global_step': 15320, 'zo_forward_step': 30642, 'max_steps': 20000, 'max_zo_forward_steps': 0, 'time': 2146, 'eps': 3e-06}
03/25/2026 23:35:58 - INFO - src.trainer -   {'loss': 1.2796152830123901, 'learning_rate': 1e-06, 'global_step': 15330, 'zo_forward_step': 30662, 'max_steps': 20000, 'max_zo_forward_steps': 0, 'time': 2147, 'eps': 3e-06}
03/25/2026 23:35:59 - INFO - src.trainer -   {'loss': 1.1085695028305054, 'learning_rate': 1e-06, 'global_step': 15340, 'zo_forward_step': 30682, 'max_steps': 20000, 'max_zo_forward_steps': 0, 'time': 2149, 'eps': 3e-06}
03/25/2026 23:36:00 - INFO - src.trainer -   {'loss': 0.8322329521179199, 'learning_rate': 1e-06, 'global_step': 15350, 'zo_forward_step': 30702, 'max_steps': 20000, 'max_zo_forward_steps': 0, 'time': 2150, 'eps': 3e-06}
03/25/2026 23:36:03 - INFO - src.trainer -   {'loss': 1.2872059345245361, 'learning_rate': 1e-06, 'global_step': 15360, 'zo_forward_step': 30722, 'max_steps': 20000, 'max_zo_forward_steps': 0, 'time': 2152, 'eps': 3e-06}
03/25/2026 23:36:04 - INFO - src.trainer -   {'loss': 1.1082414388656616, 'learning_rate': 1e-06, 'global_step': 15370, 'zo_forward_step': 30742, 'max_steps': 20000, 'max_zo_forward_steps': 0, 'time': 2154, 'eps': 3e-06}
03/25/2026 23:36:06 - INFO - src.trainer -   {'loss': 0.8106642961502075, 'learning_rate': 1e-06, 'global_step': 15380, 'zo_forward_step': 30762, 'max_steps': 20000, 'max_zo_forward_steps': 0, 'time': 2155, 'eps': 3e-06}
03/25/2026 23:36:07 - INFO - src.trainer -   {'loss': 1.3040797710418701, 'learning_rate': 1e-06, 'global_step': 15390, 'zo_forward_step': 30782, 'max_steps': 20000, 'max_zo_forward_steps': 0, 'time': 2157, 'eps': 3e-06}
1521it [35:35,  1.70s/it]1532it [35:35,  1.15s/it]03/25/2026 23:36:09 - INFO - src.trainer -   {'eval_loss': 1.408800482749939, 'eval_acc': 0.4625}
03/25/2026 23:36:12 - INFO - src.trainer -   [zo_probe] step=15400 eps=3.000e-06 precision=fp32 n=16 mae=3.533652e-02 rmse=4.551042e-02 sign_acc=1.0000 corr=0.999999
03/25/2026 23:36:12 - INFO - src.trainer -   {'loss': 1.107972502708435, 'learning_rate': 1e-06, 'global_step': 15400, 'zo_forward_step': 30802, 'max_steps': 20000, 'max_zo_forward_steps': 0, 'time': 2161, 'eps': 3e-06}
03/25/2026 23:36:13 - INFO - src.trainer -   {'loss': 0.8114056587219238, 'learning_rate': 1e-06, 'global_step': 15410, 'zo_forward_step': 30822, 'max_steps': 20000, 'max_zo_forward_steps': 0, 'time': 2163, 'eps': 3e-06}
03/25/2026 23:36:14 - INFO - src.trainer -   {'loss': 1.2878292798995972, 'learning_rate': 1e-06, 'global_step': 15420, 'zo_forward_step': 30842, 'max_steps': 20000, 'max_zo_forward_steps': 0, 'time': 2164, 'eps': 3e-06}
03/25/2026 23:36:15 - INFO - src.trainer -   {'loss': 1.1144872903823853, 'learning_rate': 1e-06, 'global_step': 15430, 'zo_forward_step': 30862, 'max_steps': 20000, 'max_zo_forward_steps': 0, 'time': 2165, 'eps': 3e-06}
03/25/2026 23:36:17 - INFO - src.trainer -   {'loss': 0.8224493265151978, 'learning_rate': 1e-06, 'global_step': 15440, 'zo_forward_step': 30882, 'max_steps': 20000, 'max_zo_forward_steps': 0, 'time': 2166, 'eps': 3e-06}
03/25/2026 23:36:18 - INFO - src.trainer -   {'loss': 1.2893290519714355, 'learning_rate': 1e-06, 'global_step': 15450, 'zo_forward_step': 30902, 'max_steps': 20000, 'max_zo_forward_steps': 0, 'time': 2168, 'eps': 3e-06}
03/25/2026 23:36:20 - INFO - src.trainer -   {'loss': 1.1183172464370728, 'learning_rate': 1e-06, 'global_step': 15460, 'zo_forward_step': 30922, 'max_steps': 20000, 'max_zo_forward_steps': 0, 'time': 2169, 'eps': 3e-06}
1540it [35:47,  1.15s/it]03/25/2026 23:36:21 - INFO - src.trainer -   {'loss': 0.8038148880004883, 'learning_rate': 1e-06, 'global_step': 15470, 'zo_forward_step': 30942, 'max_steps': 20000, 'max_zo_forward_steps': 0, 'time': 2170, 'eps': 3e-06}
03/25/2026 23:36:22 - INFO - src.trainer -   {'loss': 1.287251353263855, 'learning_rate': 1e-06, 'global_step': 15480, 'zo_forward_step': 30962, 'max_steps': 20000, 'max_zo_forward_steps': 0, 'time': 2172, 'eps': 3e-06}
03/25/2026 23:36:23 - INFO - src.trainer -   {'loss': 1.133254885673523, 'learning_rate': 1e-06, 'global_step': 15490, 'zo_forward_step': 30982, 'max_steps': 20000, 'max_zo_forward_steps': 0, 'time': 2173, 'eps': 3e-06}
03/25/2026 23:36:24 - INFO - src.trainer -   {'loss': 0.7815084457397461, 'learning_rate': 1e-06, 'global_step': 15500, 'zo_forward_step': 31002, 'max_steps': 20000, 'max_zo_forward_steps': 0, 'time': 2174, 'eps': 3e-06}
03/25/2026 23:36:25 - INFO - src.trainer -   {'loss': 1.2987076044082642, 'learning_rate': 1e-06, 'global_step': 15510, 'zo_forward_step': 31022, 'max_steps': 20000, 'max_zo_forward_steps': 0, 'time': 2175, 'eps': 3e-06}
03/25/2026 23:36:27 - INFO - src.trainer -   {'loss': 1.1200577020645142, 'learning_rate': 1e-06, 'global_step': 15520, 'zo_forward_step': 31042, 'max_steps': 20000, 'max_zo_forward_steps': 0, 'time': 2176, 'eps': 3e-06}
03/25/2026 23:36:28 - INFO - src.trainer -   {'loss': 0.7701765298843384, 'learning_rate': 1e-06, 'global_step': 15530, 'zo_forward_step': 31062, 'max_steps': 20000, 'max_zo_forward_steps': 0, 'time': 2177, 'eps': 3e-06}
03/25/2026 23:36:29 - INFO - src.trainer -   {'loss': 1.2851992845535278, 'learning_rate': 1e-06, 'global_step': 15540, 'zo_forward_step': 31082, 'max_steps': 20000, 'max_zo_forward_steps': 0, 'time': 2178, 'eps': 3e-06}
03/25/2026 23:36:30 - INFO - src.trainer -   {'loss': 1.1308135986328125, 'learning_rate': 1e-06, 'global_step': 15550, 'zo_forward_step': 31102, 'max_steps': 20000, 'max_zo_forward_steps': 0, 'time': 2180, 'eps': 3e-06}
03/25/2026 23:36:31 - INFO - src.trainer -   {'loss': 0.7828519940376282, 'learning_rate': 1e-06, 'global_step': 15560, 'zo_forward_step': 31122, 'max_steps': 20000, 'max_zo_forward_steps': 0, 'time': 2181, 'eps': 3e-06}
03/25/2026 23:36:32 - INFO - src.trainer -   {'loss': 1.2731585502624512, 'learning_rate': 1e-06, 'global_step': 15570, 'zo_forward_step': 31142, 'max_steps': 20000, 'max_zo_forward_steps': 0, 'time': 2182, 'eps': 3e-06}
03/25/2026 23:36:33 - INFO - src.trainer -   {'loss': 1.1309003829956055, 'learning_rate': 1e-06, 'global_step': 15580, 'zo_forward_step': 31162, 'max_steps': 20000, 'max_zo_forward_steps': 0, 'time': 2183, 'eps': 3e-06}
03/25/2026 23:36:35 - INFO - src.trainer -   {'loss': 0.7994992136955261, 'learning_rate': 1e-06, 'global_step': 15590, 'zo_forward_step': 31182, 'max_steps': 20000, 'max_zo_forward_steps': 0, 'time': 2184, 'eps': 3e-06}
1541it [36:02,  1.67s/it]1552it [36:02,  1.13s/it]03/25/2026 23:36:36 - INFO - src.trainer -   {'eval_loss': 1.4103813171386719, 'eval_acc': 0.4625}
03/25/2026 23:36:39 - INFO - src.trainer -   [zo_probe] step=15600 eps=3.000e-06 precision=fp32 n=16 mae=4.839075e-02 rmse=5.941347e-02 sign_acc=1.0000 corr=0.999999
03/25/2026 23:36:39 - INFO - src.trainer -   {'loss': 1.261866569519043, 'learning_rate': 1e-06, 'global_step': 15600, 'zo_forward_step': 31202, 'max_steps': 20000, 'max_zo_forward_steps': 0, 'time': 2189, 'eps': 3e-06}
03/25/2026 23:36:41 - INFO - src.trainer -   {'loss': 1.144703984260559, 'learning_rate': 1e-06, 'global_step': 15610, 'zo_forward_step': 31222, 'max_steps': 20000, 'max_zo_forward_steps': 0, 'time': 2190, 'eps': 3e-06}
03/25/2026 23:36:42 - INFO - src.trainer -   {'loss': 0.8061478137969971, 'learning_rate': 1e-06, 'global_step': 15620, 'zo_forward_step': 31242, 'max_steps': 20000, 'max_zo_forward_steps': 0, 'time': 2192, 'eps': 3e-06}
03/25/2026 23:36:44 - INFO - src.trainer -   {'loss': 1.2635282278060913, 'learning_rate': 1e-06, 'global_step': 15630, 'zo_forward_step': 31262, 'max_steps': 20000, 'max_zo_forward_steps': 0, 'time': 2194, 'eps': 3e-06}
03/25/2026 23:36:46 - INFO - src.trainer -   {'loss': 1.1278702020645142, 'learning_rate': 1e-06, 'global_step': 15640, 'zo_forward_step': 31282, 'max_steps': 20000, 'max_zo_forward_steps': 0, 'time': 2195, 'eps': 3e-06}
03/25/2026 23:36:47 - INFO - src.trainer -   {'loss': 0.8138267993927002, 'learning_rate': 1e-06, 'global_step': 15650, 'zo_forward_step': 31302, 'max_steps': 20000, 'max_zo_forward_steps': 0, 'time': 2197, 'eps': 3e-06}
03/25/2026 23:36:49 - INFO - src.trainer -   {'loss': 1.2552621364593506, 'learning_rate': 1e-06, 'global_step': 15660, 'zo_forward_step': 31322, 'max_steps': 20000, 'max_zo_forward_steps': 0, 'time': 2198, 'eps': 3e-06}
03/25/2026 23:36:50 - INFO - src.trainer -   {'loss': 1.1373562812805176, 'learning_rate': 1e-06, 'global_step': 15670, 'zo_forward_step': 31342, 'max_steps': 20000, 'max_zo_forward_steps': 0, 'time': 2200, 'eps': 3e-06}
1560it [36:17,  1.13s/it]03/25/2026 23:36:51 - INFO - src.trainer -   {'loss': 0.8052452206611633, 'learning_rate': 1e-06, 'global_step': 15680, 'zo_forward_step': 31362, 'max_steps': 20000, 'max_zo_forward_steps': 0, 'time': 2201, 'eps': 3e-06}
03/25/2026 23:36:53 - INFO - src.trainer -   {'loss': 1.2646955251693726, 'learning_rate': 1e-06, 'global_step': 15690, 'zo_forward_step': 31382, 'max_steps': 20000, 'max_zo_forward_steps': 0, 'time': 2202, 'eps': 3e-06}
03/25/2026 23:36:54 - INFO - src.trainer -   {'loss': 1.1186960935592651, 'learning_rate': 1e-06, 'global_step': 15700, 'zo_forward_step': 31402, 'max_steps': 20000, 'max_zo_forward_steps': 0, 'time': 2203, 'eps': 3e-06}
03/25/2026 23:36:55 - INFO - src.trainer -   {'loss': 0.8065306544303894, 'learning_rate': 1e-06, 'global_step': 15710, 'zo_forward_step': 31422, 'max_steps': 20000, 'max_zo_forward_steps': 0, 'time': 2205, 'eps': 3e-06}
03/25/2026 23:36:56 - INFO - src.trainer -   {'loss': 1.2661669254302979, 'learning_rate': 1e-06, 'global_step': 15720, 'zo_forward_step': 31442, 'max_steps': 20000, 'max_zo_forward_steps': 0, 'time': 2206, 'eps': 3e-06}
03/25/2026 23:36:57 - INFO - src.trainer -   {'loss': 1.119800090789795, 'learning_rate': 1e-06, 'global_step': 15730, 'zo_forward_step': 31462, 'max_steps': 20000, 'max_zo_forward_steps': 0, 'time': 2207, 'eps': 3e-06}
03/25/2026 23:37:00 - INFO - src.trainer -   {'loss': 0.806583046913147, 'learning_rate': 1e-06, 'global_step': 15740, 'zo_forward_step': 31482, 'max_steps': 20000, 'max_zo_forward_steps': 0, 'time': 2209, 'eps': 3e-06}
03/25/2026 23:37:02 - INFO - src.trainer -   {'loss': 1.257635235786438, 'learning_rate': 1e-06, 'global_step': 15750, 'zo_forward_step': 31502, 'max_steps': 20000, 'max_zo_forward_steps': 0, 'time': 2211, 'eps': 3e-06}
03/25/2026 23:37:03 - INFO - src.trainer -   {'loss': 1.1351232528686523, 'learning_rate': 1e-06, 'global_step': 15760, 'zo_forward_step': 31522, 'max_steps': 20000, 'max_zo_forward_steps': 0, 'time': 2212, 'eps': 3e-06}
03/25/2026 23:37:04 - INFO - src.trainer -   {'loss': 0.8035308718681335, 'learning_rate': 1e-06, 'global_step': 15770, 'zo_forward_step': 31542, 'max_steps': 20000, 'max_zo_forward_steps': 0, 'time': 2213, 'eps': 3e-06}
03/25/2026 23:37:05 - INFO - src.trainer -   {'loss': 1.2615422010421753, 'learning_rate': 1e-06, 'global_step': 15780, 'zo_forward_step': 31562, 'max_steps': 20000, 'max_zo_forward_steps': 0, 'time': 2215, 'eps': 3e-06}
03/25/2026 23:37:06 - INFO - src.trainer -   {'loss': 1.1215314865112305, 'learning_rate': 1e-06, 'global_step': 15790, 'zo_forward_step': 31582, 'max_steps': 20000, 'max_zo_forward_steps': 0, 'time': 2216, 'eps': 3e-06}
1561it [36:33,  1.78s/it]1572it [36:33,  1.20s/it]03/25/2026 23:37:07 - INFO - src.trainer -   {'eval_loss': 1.411238193511963, 'eval_acc': 0.5125}
03/25/2026 23:37:07 - INFO - src.trainer -   Best dev result: 0.5125
03/25/2026 23:37:10 - INFO - src.trainer -   [zo_probe] step=15800 eps=3.000e-06 precision=fp32 n=16 mae=6.493869e-02 rmse=7.594809e-02 sign_acc=1.0000 corr=0.999998
03/25/2026 23:37:10 - INFO - src.trainer -   {'loss': 0.80167555809021, 'learning_rate': 1e-06, 'global_step': 15800, 'zo_forward_step': 31602, 'max_steps': 20000, 'max_zo_forward_steps': 0, 'time': 2219, 'eps': 3e-06}
03/25/2026 23:37:11 - INFO - src.trainer -   {'loss': 1.2645305395126343, 'learning_rate': 1e-06, 'global_step': 15810, 'zo_forward_step': 31622, 'max_steps': 20000, 'max_zo_forward_steps': 0, 'time': 2221, 'eps': 3e-06}
03/25/2026 23:37:12 - INFO - src.trainer -   {'loss': 1.1174228191375732, 'learning_rate': 1e-06, 'global_step': 15820, 'zo_forward_step': 31642, 'max_steps': 20000, 'max_zo_forward_steps': 0, 'time': 2222, 'eps': 3e-06}
03/25/2026 23:37:13 - INFO - src.trainer -   {'loss': 0.7578616738319397, 'learning_rate': 1e-06, 'global_step': 15830, 'zo_forward_step': 31662, 'max_steps': 20000, 'max_zo_forward_steps': 0, 'time': 2223, 'eps': 3e-06}
03/25/2026 23:37:14 - INFO - src.trainer -   {'loss': 1.2879948616027832, 'learning_rate': 1e-06, 'global_step': 15840, 'zo_forward_step': 31682, 'max_steps': 20000, 'max_zo_forward_steps': 0, 'time': 2224, 'eps': 3e-06}
03/25/2026 23:37:17 - INFO - src.trainer -   {'loss': 1.1449886560440063, 'learning_rate': 1e-06, 'global_step': 15850, 'zo_forward_step': 31702, 'max_steps': 20000, 'max_zo_forward_steps': 0, 'time': 2226, 'eps': 3e-06}
03/25/2026 23:37:18 - INFO - src.trainer -   {'loss': 0.7478519082069397, 'learning_rate': 1e-06, 'global_step': 15860, 'zo_forward_step': 31722, 'max_steps': 20000, 'max_zo_forward_steps': 0, 'time': 2228, 'eps': 3e-06}
03/25/2026 23:37:19 - INFO - src.trainer -   {'loss': 1.287208080291748, 'learning_rate': 1e-06, 'global_step': 15870, 'zo_forward_step': 31742, 'max_steps': 20000, 'max_zo_forward_steps': 0, 'time': 2229, 'eps': 3e-06}
1580it [36:47,  1.20s/it]03/25/2026 23:37:21 - INFO - src.trainer -   {'loss': 1.1323833465576172, 'learning_rate': 1e-06, 'global_step': 15880, 'zo_forward_step': 31762, 'max_steps': 20000, 'max_zo_forward_steps': 0, 'time': 2231, 'eps': 3e-06}
03/25/2026 23:37:22 - INFO - src.trainer -   {'loss': 0.7538822889328003, 'learning_rate': 1e-06, 'global_step': 15890, 'zo_forward_step': 31782, 'max_steps': 20000, 'max_zo_forward_steps': 0, 'time': 2232, 'eps': 3e-06}
03/25/2026 23:37:23 - INFO - src.trainer -   {'loss': 1.283724069595337, 'learning_rate': 1e-06, 'global_step': 15900, 'zo_forward_step': 31802, 'max_steps': 20000, 'max_zo_forward_steps': 0, 'time': 2233, 'eps': 3e-06}
03/25/2026 23:37:24 - INFO - src.trainer -   {'loss': 1.1555882692337036, 'learning_rate': 1e-06, 'global_step': 15910, 'zo_forward_step': 31822, 'max_steps': 20000, 'max_zo_forward_steps': 0, 'time': 2234, 'eps': 3e-06}
03/25/2026 23:37:26 - INFO - src.trainer -   {'loss': 0.7358216643333435, 'learning_rate': 1e-06, 'global_step': 15920, 'zo_forward_step': 31842, 'max_steps': 20000, 'max_zo_forward_steps': 0, 'time': 2235, 'eps': 3e-06}
03/25/2026 23:37:27 - INFO - src.trainer -   {'loss': 1.2750027179718018, 'learning_rate': 1e-06, 'global_step': 15930, 'zo_forward_step': 31862, 'max_steps': 20000, 'max_zo_forward_steps': 0, 'time': 2236, 'eps': 3e-06}
03/25/2026 23:37:28 - INFO - src.trainer -   {'loss': 1.1869463920593262, 'learning_rate': 1e-06, 'global_step': 15940, 'zo_forward_step': 31882, 'max_steps': 20000, 'max_zo_forward_steps': 0, 'time': 2237, 'eps': 3e-06}
03/25/2026 23:37:29 - INFO - src.trainer -   {'loss': 0.7250585556030273, 'learning_rate': 1e-06, 'global_step': 15950, 'zo_forward_step': 31902, 'max_steps': 20000, 'max_zo_forward_steps': 0, 'time': 2239, 'eps': 3e-06}
03/25/2026 23:37:30 - INFO - src.trainer -   {'loss': 1.2602105140686035, 'learning_rate': 1e-06, 'global_step': 15960, 'zo_forward_step': 31922, 'max_steps': 20000, 'max_zo_forward_steps': 0, 'time': 2240, 'eps': 3e-06}
03/25/2026 23:37:32 - INFO - src.trainer -   {'loss': 1.211410403251648, 'learning_rate': 1e-06, 'global_step': 15970, 'zo_forward_step': 31942, 'max_steps': 20000, 'max_zo_forward_steps': 0, 'time': 2242, 'eps': 3e-06}
03/25/2026 23:37:33 - INFO - src.trainer -   {'loss': 0.7095257639884949, 'learning_rate': 1e-06, 'global_step': 15980, 'zo_forward_step': 31962, 'max_steps': 20000, 'max_zo_forward_steps': 0, 'time': 2243, 'eps': 3e-06}
03/25/2026 23:37:35 - INFO - src.trainer -   {'loss': 1.2522881031036377, 'learning_rate': 1e-06, 'global_step': 15990, 'zo_forward_step': 31982, 'max_steps': 20000, 'max_zo_forward_steps': 0, 'time': 2244, 'eps': 3e-06}
1581it [37:02,  1.74s/it]1592it [37:02,  1.18s/it]03/25/2026 23:37:36 - INFO - src.trainer -   {'eval_loss': 1.4212915897369385, 'eval_acc': 0.45}
03/25/2026 23:37:39 - INFO - src.trainer -   [zo_probe] step=16000 eps=3.000e-06 precision=fp32 n=16 mae=2.644929e-02 rmse=3.529066e-02 sign_acc=1.0000 corr=1.000000
03/25/2026 23:37:39 - INFO - src.trainer -   {'loss': 1.2079432010650635, 'learning_rate': 1e-06, 'global_step': 16000, 'zo_forward_step': 32002, 'max_steps': 20000, 'max_zo_forward_steps': 0, 'time': 2249, 'eps': 3e-06}
03/25/2026 23:37:41 - INFO - src.trainer -   {'loss': 0.7127589583396912, 'learning_rate': 1e-06, 'global_step': 16010, 'zo_forward_step': 32022, 'max_steps': 20000, 'max_zo_forward_steps': 0, 'time': 2250, 'eps': 3e-06}
03/25/2026 23:37:42 - INFO - src.trainer -   {'loss': 1.2546590566635132, 'learning_rate': 1e-06, 'global_step': 16020, 'zo_forward_step': 32042, 'max_steps': 20000, 'max_zo_forward_steps': 0, 'time': 2252, 'eps': 3e-06}
03/25/2026 23:37:44 - INFO - src.trainer -   {'loss': 1.2002650499343872, 'learning_rate': 1e-06, 'global_step': 16030, 'zo_forward_step': 32062, 'max_steps': 20000, 'max_zo_forward_steps': 0, 'time': 2253, 'eps': 3e-06}
03/25/2026 23:37:45 - INFO - src.trainer -   {'loss': 0.7161038517951965, 'learning_rate': 1e-06, 'global_step': 16040, 'zo_forward_step': 32082, 'max_steps': 20000, 'max_zo_forward_steps': 0, 'time': 2254, 'eps': 3e-06}
03/25/2026 23:37:46 - INFO - src.trainer -   {'loss': 1.2470289468765259, 'learning_rate': 1e-06, 'global_step': 16050, 'zo_forward_step': 32102, 'max_steps': 20000, 'max_zo_forward_steps': 0, 'time': 2255, 'eps': 3e-06}
03/25/2026 23:37:47 - INFO - src.trainer -   {'loss': 1.1952487230300903, 'learning_rate': 1e-06, 'global_step': 16060, 'zo_forward_step': 32122, 'max_steps': 20000, 'max_zo_forward_steps': 0, 'time': 2257, 'eps': 3e-06}
03/25/2026 23:37:48 - INFO - src.trainer -   {'loss': 0.7093241810798645, 'learning_rate': 1e-06, 'global_step': 16070, 'zo_forward_step': 32142, 'max_steps': 20000, 'max_zo_forward_steps': 0, 'time': 2258, 'eps': 3e-06}
03/25/2026 23:37:49 - INFO - src.trainer -   {'loss': 1.2589713335037231, 'learning_rate': 1e-06, 'global_step': 16080, 'zo_forward_step': 32162, 'max_steps': 20000, 'max_zo_forward_steps': 0, 'time': 2259, 'eps': 3e-06}
03/25/2026 23:37:51 - INFO - src.trainer -   {'loss': 1.1917563676834106, 'learning_rate': 1e-06, 'global_step': 16090, 'zo_forward_step': 32182, 'max_steps': 20000, 'max_zo_forward_steps': 0, 'time': 2260, 'eps': 3e-06}
1600it [37:17,  1.18s/it]03/25/2026 23:37:52 - INFO - src.trainer -   {'loss': 0.7327979207038879, 'learning_rate': 1e-06, 'global_step': 16100, 'zo_forward_step': 32202, 'max_steps': 20000, 'max_zo_forward_steps': 0, 'time': 2261, 'eps': 3e-06}
03/25/2026 23:37:53 - INFO - src.trainer -   {'loss': 1.2390496730804443, 'learning_rate': 1e-06, 'global_step': 16110, 'zo_forward_step': 32222, 'max_steps': 20000, 'max_zo_forward_steps': 0, 'time': 2262, 'eps': 3e-06}
03/25/2026 23:37:54 - INFO - src.trainer -   {'loss': 1.179552674293518, 'learning_rate': 1e-06, 'global_step': 16120, 'zo_forward_step': 32242, 'max_steps': 20000, 'max_zo_forward_steps': 0, 'time': 2264, 'eps': 3e-06}
03/25/2026 23:37:55 - INFO - src.trainer -   {'loss': 0.7271765470504761, 'learning_rate': 1e-06, 'global_step': 16130, 'zo_forward_step': 32262, 'max_steps': 20000, 'max_zo_forward_steps': 0, 'time': 2265, 'eps': 3e-06}
03/25/2026 23:37:56 - INFO - src.trainer -   {'loss': 1.243451714515686, 'learning_rate': 1e-06, 'global_step': 16140, 'zo_forward_step': 32282, 'max_steps': 20000, 'max_zo_forward_steps': 0, 'time': 2266, 'eps': 3e-06}
03/25/2026 23:37:57 - INFO - src.trainer -   {'loss': 1.1855411529541016, 'learning_rate': 1e-06, 'global_step': 16150, 'zo_forward_step': 32302, 'max_steps': 20000, 'max_zo_forward_steps': 0, 'time': 2267, 'eps': 3e-06}
03/25/2026 23:37:59 - INFO - src.trainer -   {'loss': 0.7259472012519836, 'learning_rate': 1e-06, 'global_step': 16160, 'zo_forward_step': 32322, 'max_steps': 20000, 'max_zo_forward_steps': 0, 'time': 2268, 'eps': 3e-06}
03/25/2026 23:38:00 - INFO - src.trainer -   {'loss': 1.2415380477905273, 'learning_rate': 1e-06, 'global_step': 16170, 'zo_forward_step': 32342, 'max_steps': 20000, 'max_zo_forward_steps': 0, 'time': 2269, 'eps': 3e-06}
03/25/2026 23:38:01 - INFO - src.trainer -   {'loss': 1.1678410768508911, 'learning_rate': 1e-06, 'global_step': 16180, 'zo_forward_step': 32362, 'max_steps': 20000, 'max_zo_forward_steps': 0, 'time': 2270, 'eps': 3e-06}
03/25/2026 23:38:02 - INFO - src.trainer -   {'loss': 0.7501624226570129, 'learning_rate': 1e-06, 'global_step': 16190, 'zo_forward_step': 32382, 'max_steps': 20000, 'max_zo_forward_steps': 0, 'time': 2272, 'eps': 3e-06}
1601it [37:29,  1.69s/it]1612it [37:29,  1.14s/it]03/25/2026 23:38:03 - INFO - src.trainer -   {'eval_loss': 1.4076770544052124, 'eval_acc': 0.45}
03/25/2026 23:38:06 - INFO - src.trainer -   [zo_probe] step=16200 eps=3.000e-06 precision=fp32 n=16 mae=6.982411e-02 rmse=8.634268e-02 sign_acc=1.0000 corr=0.999998
03/25/2026 23:38:06 - INFO - src.trainer -   {'loss': 1.2157866954803467, 'learning_rate': 1e-06, 'global_step': 16200, 'zo_forward_step': 32402, 'max_steps': 20000, 'max_zo_forward_steps': 0, 'time': 2276, 'eps': 3e-06}
03/25/2026 23:38:07 - INFO - src.trainer -   {'loss': 1.1657867431640625, 'learning_rate': 1e-06, 'global_step': 16210, 'zo_forward_step': 32422, 'max_steps': 20000, 'max_zo_forward_steps': 0, 'time': 2277, 'eps': 3e-06}
03/25/2026 23:38:09 - INFO - src.trainer -   {'loss': 0.7528001666069031, 'learning_rate': 1e-06, 'global_step': 16220, 'zo_forward_step': 32442, 'max_steps': 20000, 'max_zo_forward_steps': 0, 'time': 2278, 'eps': 3e-06}
03/25/2026 23:38:10 - INFO - src.trainer -   {'loss': 1.2246390581130981, 'learning_rate': 1e-06, 'global_step': 16230, 'zo_forward_step': 32462, 'max_steps': 20000, 'max_zo_forward_steps': 0, 'time': 2279, 'eps': 3e-06}
03/25/2026 23:38:11 - INFO - src.trainer -   {'loss': 1.178697943687439, 'learning_rate': 1e-06, 'global_step': 16240, 'zo_forward_step': 32482, 'max_steps': 20000, 'max_zo_forward_steps': 0, 'time': 2281, 'eps': 3e-06}
03/25/2026 23:38:12 - INFO - src.trainer -   {'loss': 0.7376480102539062, 'learning_rate': 1e-06, 'global_step': 16250, 'zo_forward_step': 32502, 'max_steps': 20000, 'max_zo_forward_steps': 0, 'time': 2282, 'eps': 3e-06}
03/25/2026 23:38:13 - INFO - src.trainer -   {'loss': 1.2347699403762817, 'learning_rate': 1e-06, 'global_step': 16260, 'zo_forward_step': 32522, 'max_steps': 20000, 'max_zo_forward_steps': 0, 'time': 2283, 'eps': 3e-06}
03/25/2026 23:38:15 - INFO - src.trainer -   {'loss': 1.1804255247116089, 'learning_rate': 1e-06, 'global_step': 16270, 'zo_forward_step': 32542, 'max_steps': 20000, 'max_zo_forward_steps': 0, 'time': 2284, 'eps': 3e-06}
03/25/2026 23:38:16 - INFO - src.trainer -   {'loss': 0.7468965649604797, 'learning_rate': 1e-06, 'global_step': 16280, 'zo_forward_step': 32562, 'max_steps': 20000, 'max_zo_forward_steps': 0, 'time': 2285, 'eps': 3e-06}
03/25/2026 23:38:17 - INFO - src.trainer -   {'loss': 1.2211462259292603, 'learning_rate': 1e-06, 'global_step': 16290, 'zo_forward_step': 32582, 'max_steps': 20000, 'max_zo_forward_steps': 0, 'time': 2286, 'eps': 3e-06}
03/25/2026 23:38:18 - INFO - src.trainer -   {'loss': 1.1581206321716309, 'learning_rate': 1e-06, 'global_step': 16300, 'zo_forward_step': 32602, 'max_steps': 20000, 'max_zo_forward_steps': 0, 'time': 2288, 'eps': 3e-06}
03/25/2026 23:38:20 - INFO - src.trainer -   {'loss': 0.7481229901313782, 'learning_rate': 1e-06, 'global_step': 16310, 'zo_forward_step': 32622, 'max_steps': 20000, 'max_zo_forward_steps': 0, 'time': 2289, 'eps': 3e-06}
1620it [37:47,  1.14s/it]03/25/2026 23:38:21 - INFO - src.trainer -   {'loss': 1.2203260660171509, 'learning_rate': 1e-06, 'global_step': 16320, 'zo_forward_step': 32642, 'max_steps': 20000, 'max_zo_forward_steps': 0, 'time': 2290, 'eps': 3e-06}
03/25/2026 23:38:22 - INFO - src.trainer -   {'loss': 1.1939839124679565, 'learning_rate': 1e-06, 'global_step': 16330, 'zo_forward_step': 32662, 'max_steps': 20000, 'max_zo_forward_steps': 0, 'time': 2292, 'eps': 3e-06}
03/25/2026 23:38:23 - INFO - src.trainer -   {'loss': 0.7393942475318909, 'learning_rate': 1e-06, 'global_step': 16340, 'zo_forward_step': 32682, 'max_steps': 20000, 'max_zo_forward_steps': 0, 'time': 2293, 'eps': 3e-06}
03/25/2026 23:38:24 - INFO - src.trainer -   {'loss': 1.2175495624542236, 'learning_rate': 1e-06, 'global_step': 16350, 'zo_forward_step': 32702, 'max_steps': 20000, 'max_zo_forward_steps': 0, 'time': 2294, 'eps': 3e-06}
03/25/2026 23:38:25 - INFO - src.trainer -   {'loss': 1.162786602973938, 'learning_rate': 1e-06, 'global_step': 16360, 'zo_forward_step': 32722, 'max_steps': 20000, 'max_zo_forward_steps': 0, 'time': 2295, 'eps': 3e-06}
03/25/2026 23:38:27 - INFO - src.trainer -   {'loss': 0.7693369388580322, 'learning_rate': 1e-06, 'global_step': 16370, 'zo_forward_step': 32742, 'max_steps': 20000, 'max_zo_forward_steps': 0, 'time': 2297, 'eps': 3e-06}
03/25/2026 23:38:28 - INFO - src.trainer -   {'loss': 1.2222768068313599, 'learning_rate': 1e-06, 'global_step': 16380, 'zo_forward_step': 32762, 'max_steps': 20000, 'max_zo_forward_steps': 0, 'time': 2298, 'eps': 3e-06}
03/25/2026 23:38:29 - INFO - src.trainer -   {'loss': 1.1777786016464233, 'learning_rate': 1e-06, 'global_step': 16390, 'zo_forward_step': 32782, 'max_steps': 20000, 'max_zo_forward_steps': 0, 'time': 2299, 'eps': 3e-06}
1621it [37:57,  1.66s/it]1632it [37:57,  1.13s/it]03/25/2026 23:38:31 - INFO - src.trainer -   {'eval_loss': 1.407280683517456, 'eval_acc': 0.4625}
03/25/2026 23:38:33 - INFO - src.trainer -   [zo_probe] step=16400 eps=3.000e-06 precision=fp32 n=16 mae=6.039780e-02 rmse=7.648051e-02 sign_acc=1.0000 corr=0.999999
03/25/2026 23:38:33 - INFO - src.trainer -   {'loss': 0.7517762184143066, 'learning_rate': 1e-06, 'global_step': 16400, 'zo_forward_step': 32802, 'max_steps': 20000, 'max_zo_forward_steps': 0, 'time': 2302, 'eps': 3e-06}
03/25/2026 23:38:34 - INFO - src.trainer -   {'loss': 1.2004656791687012, 'learning_rate': 1e-06, 'global_step': 16410, 'zo_forward_step': 32822, 'max_steps': 20000, 'max_zo_forward_steps': 0, 'time': 2304, 'eps': 3e-06}
03/25/2026 23:38:35 - INFO - src.trainer -   {'loss': 1.1608773469924927, 'learning_rate': 1e-06, 'global_step': 16420, 'zo_forward_step': 32842, 'max_steps': 20000, 'max_zo_forward_steps': 0, 'time': 2305, 'eps': 3e-06}
03/25/2026 23:38:36 - INFO - src.trainer -   {'loss': 0.7682682275772095, 'learning_rate': 1e-06, 'global_step': 16430, 'zo_forward_step': 32862, 'max_steps': 20000, 'max_zo_forward_steps': 0, 'time': 2306, 'eps': 3e-06}
03/25/2026 23:38:37 - INFO - src.trainer -   {'loss': 1.2059755325317383, 'learning_rate': 1e-06, 'global_step': 16440, 'zo_forward_step': 32882, 'max_steps': 20000, 'max_zo_forward_steps': 0, 'time': 2307, 'eps': 3e-06}
03/25/2026 23:38:38 - INFO - src.trainer -   {'loss': 1.172540307044983, 'learning_rate': 1e-06, 'global_step': 16450, 'zo_forward_step': 32902, 'max_steps': 20000, 'max_zo_forward_steps': 0, 'time': 2308, 'eps': 3e-06}
03/25/2026 23:38:40 - INFO - src.trainer -   {'loss': 0.7596684098243713, 'learning_rate': 1e-06, 'global_step': 16460, 'zo_forward_step': 32922, 'max_steps': 20000, 'max_zo_forward_steps': 0, 'time': 2309, 'eps': 3e-06}
1640it [38:07,  1.13s/it]03/25/2026 23:38:41 - INFO - src.trainer -   {'loss': 1.2172281742095947, 'learning_rate': 1e-06, 'global_step': 16470, 'zo_forward_step': 32942, 'max_steps': 20000, 'max_zo_forward_steps': 0, 'time': 2310, 'eps': 3e-06}
03/25/2026 23:38:42 - INFO - src.trainer -   {'loss': 1.1750235557556152, 'learning_rate': 1e-06, 'global_step': 16480, 'zo_forward_step': 32962, 'max_steps': 20000, 'max_zo_forward_steps': 0, 'time': 2312, 'eps': 3e-06}
03/25/2026 23:38:43 - INFO - src.trainer -   {'loss': 0.7666091918945312, 'learning_rate': 1e-06, 'global_step': 16490, 'zo_forward_step': 32982, 'max_steps': 20000, 'max_zo_forward_steps': 0, 'time': 2313, 'eps': 3e-06}
03/25/2026 23:38:44 - INFO - src.trainer -   {'loss': 1.1845289468765259, 'learning_rate': 1e-06, 'global_step': 16500, 'zo_forward_step': 33002, 'max_steps': 20000, 'max_zo_forward_steps': 0, 'time': 2314, 'eps': 3e-06}
03/25/2026 23:38:45 - INFO - src.trainer -   {'loss': 1.203790307044983, 'learning_rate': 1e-06, 'global_step': 16510, 'zo_forward_step': 33022, 'max_steps': 20000, 'max_zo_forward_steps': 0, 'time': 2315, 'eps': 3e-06}
03/25/2026 23:38:47 - INFO - src.trainer -   {'loss': 0.7806313037872314, 'learning_rate': 1e-06, 'global_step': 16520, 'zo_forward_step': 33042, 'max_steps': 20000, 'max_zo_forward_steps': 0, 'time': 2316, 'eps': 3e-06}
03/25/2026 23:38:48 - INFO - src.trainer -   {'loss': 1.1765973567962646, 'learning_rate': 1e-06, 'global_step': 16530, 'zo_forward_step': 33062, 'max_steps': 20000, 'max_zo_forward_steps': 0, 'time': 2317, 'eps': 3e-06}
03/25/2026 23:38:49 - INFO - src.trainer -   {'loss': 1.2142759561538696, 'learning_rate': 1e-06, 'global_step': 16540, 'zo_forward_step': 33082, 'max_steps': 20000, 'max_zo_forward_steps': 0, 'time': 2318, 'eps': 3e-06}
03/25/2026 23:38:50 - INFO - src.trainer -   {'loss': 0.7682815194129944, 'learning_rate': 1e-06, 'global_step': 16550, 'zo_forward_step': 33102, 'max_steps': 20000, 'max_zo_forward_steps': 0, 'time': 2320, 'eps': 3e-06}
03/25/2026 23:38:51 - INFO - src.trainer -   {'loss': 1.2106090784072876, 'learning_rate': 1e-06, 'global_step': 16560, 'zo_forward_step': 33122, 'max_steps': 20000, 'max_zo_forward_steps': 0, 'time': 2321, 'eps': 3e-06}
03/25/2026 23:38:52 - INFO - src.trainer -   {'loss': 1.1880937814712524, 'learning_rate': 1e-06, 'global_step': 16570, 'zo_forward_step': 33142, 'max_steps': 20000, 'max_zo_forward_steps': 0, 'time': 2322, 'eps': 3e-06}
03/25/2026 23:38:53 - INFO - src.trainer -   {'loss': 0.7819013595581055, 'learning_rate': 1e-06, 'global_step': 16580, 'zo_forward_step': 33162, 'max_steps': 20000, 'max_zo_forward_steps': 0, 'time': 2323, 'eps': 3e-06}
03/25/2026 23:38:55 - INFO - src.trainer -   {'loss': 1.2129181623458862, 'learning_rate': 1e-06, 'global_step': 16590, 'zo_forward_step': 33182, 'max_steps': 20000, 'max_zo_forward_steps': 0, 'time': 2324, 'eps': 3e-06}
1641it [38:22,  1.58s/it]1652it [38:22,  1.07s/it]03/25/2026 23:38:56 - INFO - src.trainer -   {'eval_loss': 1.4028054475784302, 'eval_acc': 0.4375}
03/25/2026 23:38:59 - INFO - src.trainer -   [zo_probe] step=16600 eps=3.000e-06 precision=fp32 n=16 mae=3.300388e-02 rmse=4.341736e-02 sign_acc=1.0000 corr=1.000000
03/25/2026 23:38:59 - INFO - src.trainer -   {'loss': 1.1881531476974487, 'learning_rate': 1e-06, 'global_step': 16600, 'zo_forward_step': 33202, 'max_steps': 20000, 'max_zo_forward_steps': 0, 'time': 2328, 'eps': 3e-06}
03/25/2026 23:39:00 - INFO - src.trainer -   {'loss': 0.7819772958755493, 'learning_rate': 1e-06, 'global_step': 16610, 'zo_forward_step': 33222, 'max_steps': 20000, 'max_zo_forward_steps': 0, 'time': 2330, 'eps': 3e-06}
03/25/2026 23:39:01 - INFO - src.trainer -   {'loss': 1.1895543336868286, 'learning_rate': 1e-06, 'global_step': 16620, 'zo_forward_step': 33242, 'max_steps': 20000, 'max_zo_forward_steps': 0, 'time': 2331, 'eps': 3e-06}
03/25/2026 23:39:02 - INFO - src.trainer -   {'loss': 1.184683918952942, 'learning_rate': 1e-06, 'global_step': 16630, 'zo_forward_step': 33262, 'max_steps': 20000, 'max_zo_forward_steps': 0, 'time': 2332, 'eps': 3e-06}
03/25/2026 23:39:03 - INFO - src.trainer -   {'loss': 0.7784429788589478, 'learning_rate': 1e-06, 'global_step': 16640, 'zo_forward_step': 33282, 'max_steps': 20000, 'max_zo_forward_steps': 0, 'time': 2333, 'eps': 3e-06}
03/25/2026 23:39:05 - INFO - src.trainer -   {'loss': 1.206149935722351, 'learning_rate': 1e-06, 'global_step': 16650, 'zo_forward_step': 33302, 'max_steps': 20000, 'max_zo_forward_steps': 0, 'time': 2334, 'eps': 3e-06}
03/25/2026 23:39:06 - INFO - src.trainer -   {'loss': 1.1920658349990845, 'learning_rate': 1e-06, 'global_step': 16660, 'zo_forward_step': 33322, 'max_steps': 20000, 'max_zo_forward_steps': 0, 'time': 2335, 'eps': 3e-06}
03/25/2026 23:39:07 - INFO - src.trainer -   {'loss': 0.754703164100647, 'learning_rate': 1e-06, 'global_step': 16670, 'zo_forward_step': 33342, 'max_steps': 20000, 'max_zo_forward_steps': 0, 'time': 2336, 'eps': 3e-06}
03/25/2026 23:39:08 - INFO - src.trainer -   {'loss': 1.2139935493469238, 'learning_rate': 1e-06, 'global_step': 16680, 'zo_forward_step': 33362, 'max_steps': 20000, 'max_zo_forward_steps': 0, 'time': 2338, 'eps': 3e-06}
03/25/2026 23:39:09 - INFO - src.trainer -   {'loss': 1.2009183168411255, 'learning_rate': 1e-06, 'global_step': 16690, 'zo_forward_step': 33382, 'max_steps': 20000, 'max_zo_forward_steps': 0, 'time': 2339, 'eps': 3e-06}
03/25/2026 23:39:10 - INFO - src.trainer -   {'loss': 0.7466065287590027, 'learning_rate': 1e-06, 'global_step': 16700, 'zo_forward_step': 33402, 'max_steps': 20000, 'max_zo_forward_steps': 0, 'time': 2340, 'eps': 3e-06}
1660it [38:37,  1.07s/it]03/25/2026 23:39:11 - INFO - src.trainer -   {'loss': 1.220860242843628, 'learning_rate': 1e-06, 'global_step': 16710, 'zo_forward_step': 33422, 'max_steps': 20000, 'max_zo_forward_steps': 0, 'time': 2341, 'eps': 3e-06}
03/25/2026 23:39:13 - INFO - src.trainer -   {'loss': 1.2000000476837158, 'learning_rate': 1e-06, 'global_step': 16720, 'zo_forward_step': 33442, 'max_steps': 20000, 'max_zo_forward_steps': 0, 'time': 2342, 'eps': 3e-06}
03/25/2026 23:39:14 - INFO - src.trainer -   {'loss': 0.7517197132110596, 'learning_rate': 1e-06, 'global_step': 16730, 'zo_forward_step': 33462, 'max_steps': 20000, 'max_zo_forward_steps': 0, 'time': 2343, 'eps': 3e-06}
03/25/2026 23:39:15 - INFO - src.trainer -   {'loss': 1.2109501361846924, 'learning_rate': 1e-06, 'global_step': 16740, 'zo_forward_step': 33482, 'max_steps': 20000, 'max_zo_forward_steps': 0, 'time': 2345, 'eps': 3e-06}
03/25/2026 23:39:16 - INFO - src.trainer -   {'loss': 1.1946020126342773, 'learning_rate': 1e-06, 'global_step': 16750, 'zo_forward_step': 33502, 'max_steps': 20000, 'max_zo_forward_steps': 0, 'time': 2346, 'eps': 3e-06}
03/25/2026 23:39:17 - INFO - src.trainer -   {'loss': 0.7529314160346985, 'learning_rate': 1e-06, 'global_step': 16760, 'zo_forward_step': 33522, 'max_steps': 20000, 'max_zo_forward_steps': 0, 'time': 2347, 'eps': 3e-06}
03/25/2026 23:39:19 - INFO - src.trainer -   {'loss': 1.205998182296753, 'learning_rate': 1e-06, 'global_step': 16770, 'zo_forward_step': 33542, 'max_steps': 20000, 'max_zo_forward_steps': 0, 'time': 2349, 'eps': 3e-06}
03/25/2026 23:39:20 - INFO - src.trainer -   {'loss': 1.1674373149871826, 'learning_rate': 1e-06, 'global_step': 16780, 'zo_forward_step': 33562, 'max_steps': 20000, 'max_zo_forward_steps': 0, 'time': 2350, 'eps': 3e-06}
03/25/2026 23:39:21 - INFO - src.trainer -   {'loss': 0.7585586309432983, 'learning_rate': 1e-06, 'global_step': 16790, 'zo_forward_step': 33582, 'max_steps': 20000, 'max_zo_forward_steps': 0, 'time': 2351, 'eps': 3e-06}
1661it [38:49,  1.59s/it]1672it [38:49,  1.08s/it]03/25/2026 23:39:23 - INFO - src.trainer -   {'eval_loss': 1.3941094875335693, 'eval_acc': 0.425}
03/25/2026 23:39:25 - INFO - src.trainer -   [zo_probe] step=16800 eps=3.000e-06 precision=fp32 n=16 mae=4.470065e-02 rmse=5.672741e-02 sign_acc=1.0000 corr=1.000000
03/25/2026 23:39:26 - INFO - src.trainer -   {'loss': 1.2287650108337402, 'learning_rate': 1e-06, 'global_step': 16800, 'zo_forward_step': 33602, 'max_steps': 20000, 'max_zo_forward_steps': 0, 'time': 2355, 'eps': 3e-06}
03/25/2026 23:39:27 - INFO - src.trainer -   {'loss': 1.1494042873382568, 'learning_rate': 1e-06, 'global_step': 16810, 'zo_forward_step': 33622, 'max_steps': 20000, 'max_zo_forward_steps': 0, 'time': 2356, 'eps': 3e-06}
03/25/2026 23:39:28 - INFO - src.trainer -   {'loss': 0.7474637031555176, 'learning_rate': 1e-06, 'global_step': 16820, 'zo_forward_step': 33642, 'max_steps': 20000, 'max_zo_forward_steps': 0, 'time': 2358, 'eps': 3e-06}
03/25/2026 23:39:29 - INFO - src.trainer -   {'loss': 1.2456647157669067, 'learning_rate': 1e-06, 'global_step': 16830, 'zo_forward_step': 33662, 'max_steps': 20000, 'max_zo_forward_steps': 0, 'time': 2359, 'eps': 3e-06}
03/25/2026 23:39:30 - INFO - src.trainer -   {'loss': 1.1309994459152222, 'learning_rate': 1e-06, 'global_step': 16840, 'zo_forward_step': 33682, 'max_steps': 20000, 'max_zo_forward_steps': 0, 'time': 2360, 'eps': 3e-06}
03/25/2026 23:39:31 - INFO - src.trainer -   {'loss': 0.7484496235847473, 'learning_rate': 1e-06, 'global_step': 16850, 'zo_forward_step': 33702, 'max_steps': 20000, 'max_zo_forward_steps': 0, 'time': 2361, 'eps': 3e-06}
03/25/2026 23:39:32 - INFO - src.trainer -   {'loss': 1.2629830837249756, 'learning_rate': 1e-06, 'global_step': 16860, 'zo_forward_step': 33722, 'max_steps': 20000, 'max_zo_forward_steps': 0, 'time': 2362, 'eps': 3e-06}
03/25/2026 23:39:34 - INFO - src.trainer -   {'loss': 1.128991723060608, 'learning_rate': 1e-06, 'global_step': 16870, 'zo_forward_step': 33742, 'max_steps': 20000, 'max_zo_forward_steps': 0, 'time': 2363, 'eps': 3e-06}
03/25/2026 23:39:35 - INFO - src.trainer -   {'loss': 0.7623977065086365, 'learning_rate': 1e-06, 'global_step': 16880, 'zo_forward_step': 33762, 'max_steps': 20000, 'max_zo_forward_steps': 0, 'time': 2364, 'eps': 3e-06}
03/25/2026 23:39:36 - INFO - src.trainer -   {'loss': 1.27207350730896, 'learning_rate': 1e-06, 'global_step': 16890, 'zo_forward_step': 33782, 'max_steps': 20000, 'max_zo_forward_steps': 0, 'time': 2365, 'eps': 3e-06}
03/25/2026 23:39:37 - INFO - src.trainer -   {'loss': 1.1162447929382324, 'learning_rate': 1e-06, 'global_step': 16900, 'zo_forward_step': 33802, 'max_steps': 20000, 'max_zo_forward_steps': 0, 'time': 2367, 'eps': 3e-06}
03/25/2026 23:39:38 - INFO - src.trainer -   {'loss': 0.791166365146637, 'learning_rate': 1e-06, 'global_step': 16910, 'zo_forward_step': 33822, 'max_steps': 20000, 'max_zo_forward_steps': 0, 'time': 2368, 'eps': 3e-06}
03/25/2026 23:39:39 - INFO - src.trainer -   {'loss': 1.2395018339157104, 'learning_rate': 1e-06, 'global_step': 16920, 'zo_forward_step': 33842, 'max_steps': 20000, 'max_zo_forward_steps': 0, 'time': 2369, 'eps': 3e-06}
03/25/2026 23:39:41 - INFO - src.trainer -   {'loss': 1.1218277215957642, 'learning_rate': 1e-06, 'global_step': 16930, 'zo_forward_step': 33862, 'max_steps': 20000, 'max_zo_forward_steps': 0, 'time': 2370, 'eps': 3e-06}
1680it [39:07,  1.08s/it]03/25/2026 23:39:42 - INFO - src.trainer -   {'loss': 0.7983942031860352, 'learning_rate': 1e-06, 'global_step': 16940, 'zo_forward_step': 33882, 'max_steps': 20000, 'max_zo_forward_steps': 0, 'time': 2371, 'eps': 3e-06}
03/25/2026 23:39:43 - INFO - src.trainer -   {'loss': 1.238529920578003, 'learning_rate': 1e-06, 'global_step': 16950, 'zo_forward_step': 33902, 'max_steps': 20000, 'max_zo_forward_steps': 0, 'time': 2372, 'eps': 3e-06}
03/25/2026 23:39:44 - INFO - src.trainer -   {'loss': 1.123830795288086, 'learning_rate': 1e-06, 'global_step': 16960, 'zo_forward_step': 33922, 'max_steps': 20000, 'max_zo_forward_steps': 0, 'time': 2374, 'eps': 3e-06}
03/25/2026 23:39:45 - INFO - src.trainer -   {'loss': 0.7862346768379211, 'learning_rate': 1e-06, 'global_step': 16970, 'zo_forward_step': 33942, 'max_steps': 20000, 'max_zo_forward_steps': 0, 'time': 2375, 'eps': 3e-06}
03/25/2026 23:39:46 - INFO - src.trainer -   {'loss': 1.2372430562973022, 'learning_rate': 1e-06, 'global_step': 16980, 'zo_forward_step': 33962, 'max_steps': 20000, 'max_zo_forward_steps': 0, 'time': 2376, 'eps': 3e-06}
03/25/2026 23:39:47 - INFO - src.trainer -   {'loss': 1.1128385066986084, 'learning_rate': 1e-06, 'global_step': 16990, 'zo_forward_step': 33982, 'max_steps': 20000, 'max_zo_forward_steps': 0, 'time': 2377, 'eps': 3e-06}
1681it [39:15,  1.58s/it]1692it [39:15,  1.07s/it]03/25/2026 23:39:49 - INFO - src.trainer -   {'eval_loss': 1.3983944654464722, 'eval_acc': 0.4375}
03/25/2026 23:39:51 - INFO - src.trainer -   [zo_probe] step=17000 eps=3.000e-06 precision=fp32 n=16 mae=4.129827e-02 rmse=5.284972e-02 sign_acc=1.0000 corr=0.999999
03/25/2026 23:39:51 - INFO - src.trainer -   {'loss': 0.8061797022819519, 'learning_rate': 1e-06, 'global_step': 17000, 'zo_forward_step': 34002, 'max_steps': 20000, 'max_zo_forward_steps': 0, 'time': 2380, 'eps': 3e-06}
03/25/2026 23:39:52 - INFO - src.trainer -   {'loss': 1.2305012941360474, 'learning_rate': 1e-06, 'global_step': 17010, 'zo_forward_step': 34022, 'max_steps': 20000, 'max_zo_forward_steps': 0, 'time': 2382, 'eps': 3e-06}
03/25/2026 23:39:53 - INFO - src.trainer -   {'loss': 1.0838488340377808, 'learning_rate': 1e-06, 'global_step': 17020, 'zo_forward_step': 34042, 'max_steps': 20000, 'max_zo_forward_steps': 0, 'time': 2383, 'eps': 3e-06}
03/25/2026 23:39:54 - INFO - src.trainer -   {'loss': 0.8235796689987183, 'learning_rate': 1e-06, 'global_step': 17030, 'zo_forward_step': 34062, 'max_steps': 20000, 'max_zo_forward_steps': 0, 'time': 2384, 'eps': 3e-06}
03/25/2026 23:39:56 - INFO - src.trainer -   {'loss': 1.2379209995269775, 'learning_rate': 1e-06, 'global_step': 17040, 'zo_forward_step': 34082, 'max_steps': 20000, 'max_zo_forward_steps': 0, 'time': 2386, 'eps': 3e-06}
03/25/2026 23:39:57 - INFO - src.trainer -   {'loss': 1.0803157091140747, 'learning_rate': 1e-06, 'global_step': 17050, 'zo_forward_step': 34102, 'max_steps': 20000, 'max_zo_forward_steps': 0, 'time': 2387, 'eps': 3e-06}
03/25/2026 23:39:58 - INFO - src.trainer -   {'loss': 0.8113192915916443, 'learning_rate': 1e-06, 'global_step': 17060, 'zo_forward_step': 34122, 'max_steps': 20000, 'max_zo_forward_steps': 0, 'time': 2388, 'eps': 3e-06}
03/25/2026 23:39:59 - INFO - src.trainer -   {'loss': 1.2630971670150757, 'learning_rate': 1e-06, 'global_step': 17070, 'zo_forward_step': 34142, 'max_steps': 20000, 'max_zo_forward_steps': 0, 'time': 2389, 'eps': 3e-06}
03/25/2026 23:40:01 - INFO - src.trainer -   {'loss': 1.0614632368087769, 'learning_rate': 1e-06, 'global_step': 17080, 'zo_forward_step': 34162, 'max_steps': 20000, 'max_zo_forward_steps': 0, 'time': 2390, 'eps': 3e-06}
1700it [39:27,  1.07s/it]03/25/2026 23:40:02 - INFO - src.trainer -   {'loss': 0.8185206055641174, 'learning_rate': 1e-06, 'global_step': 17090, 'zo_forward_step': 34182, 'max_steps': 20000, 'max_zo_forward_steps': 0, 'time': 2391, 'eps': 3e-06}
03/25/2026 23:40:03 - INFO - src.trainer -   {'loss': 1.2574604749679565, 'learning_rate': 1e-06, 'global_step': 17100, 'zo_forward_step': 34202, 'max_steps': 20000, 'max_zo_forward_steps': 0, 'time': 2392, 'eps': 3e-06}
03/25/2026 23:40:04 - INFO - src.trainer -   {'loss': 1.0386930704116821, 'learning_rate': 1e-06, 'global_step': 17110, 'zo_forward_step': 34222, 'max_steps': 20000, 'max_zo_forward_steps': 0, 'time': 2394, 'eps': 3e-06}
03/25/2026 23:40:05 - INFO - src.trainer -   {'loss': 0.815528929233551, 'learning_rate': 1e-06, 'global_step': 17120, 'zo_forward_step': 34242, 'max_steps': 20000, 'max_zo_forward_steps': 0, 'time': 2395, 'eps': 3e-06}
03/25/2026 23:40:06 - INFO - src.trainer -   {'loss': 1.2648262977600098, 'learning_rate': 1e-06, 'global_step': 17130, 'zo_forward_step': 34262, 'max_steps': 20000, 'max_zo_forward_steps': 0, 'time': 2396, 'eps': 3e-06}
03/25/2026 23:40:07 - INFO - src.trainer -   {'loss': 1.0513731241226196, 'learning_rate': 1e-06, 'global_step': 17140, 'zo_forward_step': 34282, 'max_steps': 20000, 'max_zo_forward_steps': 0, 'time': 2397, 'eps': 3e-06}
03/25/2026 23:40:11 - INFO - src.trainer -   {'loss': 0.797896146774292, 'learning_rate': 1e-06, 'global_step': 17150, 'zo_forward_step': 34302, 'max_steps': 20000, 'max_zo_forward_steps': 0, 'time': 2401, 'eps': 3e-06}
03/25/2026 23:40:12 - INFO - src.trainer -   {'loss': 1.2744317054748535, 'learning_rate': 1e-06, 'global_step': 17160, 'zo_forward_step': 34322, 'max_steps': 20000, 'max_zo_forward_steps': 0, 'time': 2402, 'eps': 3e-06}
03/25/2026 23:40:13 - INFO - src.trainer -   {'loss': 1.0558522939682007, 'learning_rate': 1e-06, 'global_step': 17170, 'zo_forward_step': 34342, 'max_steps': 20000, 'max_zo_forward_steps': 0, 'time': 2403, 'eps': 3e-06}
03/25/2026 23:40:14 - INFO - src.trainer -   {'loss': 0.801129162311554, 'learning_rate': 1e-06, 'global_step': 17180, 'zo_forward_step': 34362, 'max_steps': 20000, 'max_zo_forward_steps': 0, 'time': 2404, 'eps': 3e-06}
03/25/2026 23:40:16 - INFO - src.trainer -   {'loss': 1.2448023557662964, 'learning_rate': 1e-06, 'global_step': 17190, 'zo_forward_step': 34382, 'max_steps': 20000, 'max_zo_forward_steps': 0, 'time': 2405, 'eps': 3e-06}
1701it [39:43,  1.64s/it]1712it [39:43,  1.11s/it]03/25/2026 23:40:17 - INFO - src.trainer -   {'eval_loss': 1.4013360738754272, 'eval_acc': 0.45}
03/25/2026 23:40:21 - INFO - src.trainer -   [zo_probe] step=17200 eps=3.000e-06 precision=fp32 n=16 mae=5.434471e-02 rmse=5.893691e-02 sign_acc=1.0000 corr=0.999999
03/25/2026 23:40:21 - INFO - src.trainer -   {'loss': 1.0798805952072144, 'learning_rate': 1e-06, 'global_step': 17200, 'zo_forward_step': 34402, 'max_steps': 20000, 'max_zo_forward_steps': 0, 'time': 2411, 'eps': 3e-06}
03/25/2026 23:40:23 - INFO - src.trainer -   {'loss': 0.7943549752235413, 'learning_rate': 1e-06, 'global_step': 17210, 'zo_forward_step': 34422, 'max_steps': 20000, 'max_zo_forward_steps': 0, 'time': 2412, 'eps': 3e-06}
03/25/2026 23:40:24 - INFO - src.trainer -   {'loss': 1.2323760986328125, 'learning_rate': 1e-06, 'global_step': 17220, 'zo_forward_step': 34442, 'max_steps': 20000, 'max_zo_forward_steps': 0, 'time': 2413, 'eps': 3e-06}
03/25/2026 23:40:25 - INFO - src.trainer -   {'loss': 1.072056770324707, 'learning_rate': 1e-06, 'global_step': 17230, 'zo_forward_step': 34462, 'max_steps': 20000, 'max_zo_forward_steps': 0, 'time': 2414, 'eps': 3e-06}
03/25/2026 23:40:26 - INFO - src.trainer -   {'loss': 0.8063642382621765, 'learning_rate': 1e-06, 'global_step': 17240, 'zo_forward_step': 34482, 'max_steps': 20000, 'max_zo_forward_steps': 0, 'time': 2416, 'eps': 3e-06}
03/25/2026 23:40:27 - INFO - src.trainer -   {'loss': 1.233009696006775, 'learning_rate': 1e-06, 'global_step': 17250, 'zo_forward_step': 34502, 'max_steps': 20000, 'max_zo_forward_steps': 0, 'time': 2417, 'eps': 3e-06}
03/25/2026 23:40:28 - INFO - src.trainer -   {'loss': 1.06946861743927, 'learning_rate': 1e-06, 'global_step': 17260, 'zo_forward_step': 34522, 'max_steps': 20000, 'max_zo_forward_steps': 0, 'time': 2418, 'eps': 3e-06}
03/25/2026 23:40:29 - INFO - src.trainer -   {'loss': 0.7955162525177002, 'learning_rate': 1e-06, 'global_step': 17270, 'zo_forward_step': 34542, 'max_steps': 20000, 'max_zo_forward_steps': 0, 'time': 2419, 'eps': 3e-06}
1720it [39:57,  1.11s/it]03/25/2026 23:40:31 - INFO - src.trainer -   {'loss': 1.2165662050247192, 'learning_rate': 1e-06, 'global_step': 17280, 'zo_forward_step': 34562, 'max_steps': 20000, 'max_zo_forward_steps': 0, 'time': 2421, 'eps': 3e-06}
03/25/2026 23:40:33 - INFO - src.trainer -   {'loss': 1.0829583406448364, 'learning_rate': 1e-06, 'global_step': 17290, 'zo_forward_step': 34582, 'max_steps': 20000, 'max_zo_forward_steps': 0, 'time': 2422, 'eps': 3e-06}
03/25/2026 23:40:34 - INFO - src.trainer -   {'loss': 0.7998921871185303, 'learning_rate': 1e-06, 'global_step': 17300, 'zo_forward_step': 34602, 'max_steps': 20000, 'max_zo_forward_steps': 0, 'time': 2423, 'eps': 3e-06}
03/25/2026 23:40:35 - INFO - src.trainer -   {'loss': 1.1952675580978394, 'learning_rate': 1e-06, 'global_step': 17310, 'zo_forward_step': 34622, 'max_steps': 20000, 'max_zo_forward_steps': 0, 'time': 2425, 'eps': 3e-06}
03/25/2026 23:40:37 - INFO - src.trainer -   {'loss': 1.0943567752838135, 'learning_rate': 1e-06, 'global_step': 17320, 'zo_forward_step': 34642, 'max_steps': 20000, 'max_zo_forward_steps': 0, 'time': 2426, 'eps': 3e-06}
03/25/2026 23:40:38 - INFO - src.trainer -   {'loss': 0.7732844352722168, 'learning_rate': 1e-06, 'global_step': 17330, 'zo_forward_step': 34662, 'max_steps': 20000, 'max_zo_forward_steps': 0, 'time': 2427, 'eps': 3e-06}
03/25/2026 23:40:39 - INFO - src.trainer -   {'loss': 1.2263379096984863, 'learning_rate': 1e-06, 'global_step': 17340, 'zo_forward_step': 34682, 'max_steps': 20000, 'max_zo_forward_steps': 0, 'time': 2429, 'eps': 3e-06}
03/25/2026 23:40:40 - INFO - src.trainer -   {'loss': 1.1039987802505493, 'learning_rate': 1e-06, 'global_step': 17350, 'zo_forward_step': 34702, 'max_steps': 20000, 'max_zo_forward_steps': 0, 'time': 2430, 'eps': 3e-06}
03/25/2026 23:40:43 - INFO - src.trainer -   {'loss': 0.7636828422546387, 'learning_rate': 1e-06, 'global_step': 17360, 'zo_forward_step': 34722, 'max_steps': 20000, 'max_zo_forward_steps': 0, 'time': 2432, 'eps': 3e-06}
03/25/2026 23:40:44 - INFO - src.trainer -   {'loss': 1.2057095766067505, 'learning_rate': 1e-06, 'global_step': 17370, 'zo_forward_step': 34742, 'max_steps': 20000, 'max_zo_forward_steps': 0, 'time': 2434, 'eps': 3e-06}
03/25/2026 23:40:45 - INFO - src.trainer -   {'loss': 1.0849723815917969, 'learning_rate': 1e-06, 'global_step': 17380, 'zo_forward_step': 34762, 'max_steps': 20000, 'max_zo_forward_steps': 0, 'time': 2435, 'eps': 3e-06}
03/25/2026 23:40:47 - INFO - src.trainer -   {'loss': 0.7529574632644653, 'learning_rate': 1e-06, 'global_step': 17390, 'zo_forward_step': 34782, 'max_steps': 20000, 'max_zo_forward_steps': 0, 'time': 2436, 'eps': 3e-06}
1721it [40:14,  1.75s/it]1732it [40:14,  1.18s/it]03/25/2026 23:40:48 - INFO - src.trainer -   {'eval_loss': 1.4063440561294556, 'eval_acc': 0.45}
03/25/2026 23:40:51 - INFO - src.trainer -   [zo_probe] step=17400 eps=3.000e-06 precision=fp32 n=16 mae=3.561026e-02 rmse=4.196124e-02 sign_acc=1.0000 corr=1.000000
03/25/2026 23:40:51 - INFO - src.trainer -   {'loss': 1.2239927053451538, 'learning_rate': 1e-06, 'global_step': 17400, 'zo_forward_step': 34802, 'max_steps': 20000, 'max_zo_forward_steps': 0, 'time': 2441, 'eps': 3e-06}
03/25/2026 23:40:53 - INFO - src.trainer -   {'loss': 1.0876954793930054, 'learning_rate': 1e-06, 'global_step': 17410, 'zo_forward_step': 34822, 'max_steps': 20000, 'max_zo_forward_steps': 0, 'time': 2442, 'eps': 3e-06}
03/25/2026 23:40:54 - INFO - src.trainer -   {'loss': 0.7709932327270508, 'learning_rate': 1e-06, 'global_step': 17420, 'zo_forward_step': 34842, 'max_steps': 20000, 'max_zo_forward_steps': 0, 'time': 2443, 'eps': 3e-06}
03/25/2026 23:40:55 - INFO - src.trainer -   {'loss': 1.2047125101089478, 'learning_rate': 1e-06, 'global_step': 17430, 'zo_forward_step': 34862, 'max_steps': 20000, 'max_zo_forward_steps': 0, 'time': 2445, 'eps': 3e-06}
03/25/2026 23:40:56 - INFO - src.trainer -   {'loss': 1.085179090499878, 'learning_rate': 1e-06, 'global_step': 17440, 'zo_forward_step': 34882, 'max_steps': 20000, 'max_zo_forward_steps': 0, 'time': 2446, 'eps': 3e-06}
03/25/2026 23:40:57 - INFO - src.trainer -   {'loss': 0.7419014573097229, 'learning_rate': 1e-06, 'global_step': 17450, 'zo_forward_step': 34902, 'max_steps': 20000, 'max_zo_forward_steps': 0, 'time': 2447, 'eps': 3e-06}
03/25/2026 23:40:58 - INFO - src.trainer -   {'loss': 1.2117866277694702, 'learning_rate': 1e-06, 'global_step': 17460, 'zo_forward_step': 34922, 'max_steps': 20000, 'max_zo_forward_steps': 0, 'time': 2448, 'eps': 3e-06}
03/25/2026 23:41:00 - INFO - src.trainer -   {'loss': 1.098745584487915, 'learning_rate': 1e-06, 'global_step': 17470, 'zo_forward_step': 34942, 'max_steps': 20000, 'max_zo_forward_steps': 0, 'time': 2449, 'eps': 3e-06}
1740it [40:27,  1.18s/it]03/25/2026 23:41:01 - INFO - src.trainer -   {'loss': 0.7488685250282288, 'learning_rate': 1e-06, 'global_step': 17480, 'zo_forward_step': 34962, 'max_steps': 20000, 'max_zo_forward_steps': 0, 'time': 2450, 'eps': 3e-06}
03/25/2026 23:41:03 - INFO - src.trainer -   {'loss': 1.2142462730407715, 'learning_rate': 1e-06, 'global_step': 17490, 'zo_forward_step': 34982, 'max_steps': 20000, 'max_zo_forward_steps': 0, 'time': 2453, 'eps': 3e-06}
03/25/2026 23:41:05 - INFO - src.trainer -   {'loss': 1.0848954916000366, 'learning_rate': 1e-06, 'global_step': 17500, 'zo_forward_step': 35002, 'max_steps': 20000, 'max_zo_forward_steps': 0, 'time': 2454, 'eps': 3e-06}
03/25/2026 23:41:06 - INFO - src.trainer -   {'loss': 0.764128565788269, 'learning_rate': 1e-06, 'global_step': 17510, 'zo_forward_step': 35022, 'max_steps': 20000, 'max_zo_forward_steps': 0, 'time': 2456, 'eps': 3e-06}
03/25/2026 23:41:07 - INFO - src.trainer -   {'loss': 1.1999731063842773, 'learning_rate': 1e-06, 'global_step': 17520, 'zo_forward_step': 35042, 'max_steps': 20000, 'max_zo_forward_steps': 0, 'time': 2457, 'eps': 3e-06}
03/25/2026 23:41:09 - INFO - src.trainer -   {'loss': 1.107107162475586, 'learning_rate': 1e-06, 'global_step': 17530, 'zo_forward_step': 35062, 'max_steps': 20000, 'max_zo_forward_steps': 0, 'time': 2458, 'eps': 3e-06}
03/25/2026 23:41:10 - INFO - src.trainer -   {'loss': 0.7471943497657776, 'learning_rate': 1e-06, 'global_step': 17540, 'zo_forward_step': 35082, 'max_steps': 20000, 'max_zo_forward_steps': 0, 'time': 2459, 'eps': 3e-06}
03/25/2026 23:41:11 - INFO - src.trainer -   {'loss': 1.1838722229003906, 'learning_rate': 1e-06, 'global_step': 17550, 'zo_forward_step': 35102, 'max_steps': 20000, 'max_zo_forward_steps': 0, 'time': 2461, 'eps': 3e-06}
03/25/2026 23:41:12 - INFO - src.trainer -   {'loss': 1.1131999492645264, 'learning_rate': 1e-06, 'global_step': 17560, 'zo_forward_step': 35122, 'max_steps': 20000, 'max_zo_forward_steps': 0, 'time': 2462, 'eps': 3e-06}
03/25/2026 23:41:13 - INFO - src.trainer -   {'loss': 0.7502407431602478, 'learning_rate': 1e-06, 'global_step': 17570, 'zo_forward_step': 35142, 'max_steps': 20000, 'max_zo_forward_steps': 0, 'time': 2463, 'eps': 3e-06}
03/25/2026 23:41:15 - INFO - src.trainer -   {'loss': 1.20258367061615, 'learning_rate': 1e-06, 'global_step': 17580, 'zo_forward_step': 35162, 'max_steps': 20000, 'max_zo_forward_steps': 0, 'time': 2464, 'eps': 3e-06}
03/25/2026 23:41:16 - INFO - src.trainer -   {'loss': 1.1308181285858154, 'learning_rate': 1e-06, 'global_step': 17590, 'zo_forward_step': 35182, 'max_steps': 20000, 'max_zo_forward_steps': 0, 'time': 2466, 'eps': 3e-06}
1741it [40:43,  1.75s/it]1752it [40:43,  1.19s/it]03/25/2026 23:41:17 - INFO - src.trainer -   {'eval_loss': 1.4101918935775757, 'eval_acc': 0.425}
03/25/2026 23:41:19 - INFO - src.trainer -   [zo_probe] step=17600 eps=3.000e-06 precision=fp32 n=16 mae=5.265477e-02 rmse=6.171120e-02 sign_acc=1.0000 corr=0.999999
03/25/2026 23:41:19 - INFO - src.trainer -   {'loss': 0.7272288203239441, 'learning_rate': 1e-06, 'global_step': 17600, 'zo_forward_step': 35202, 'max_steps': 20000, 'max_zo_forward_steps': 0, 'time': 2469, 'eps': 3e-06}
03/25/2026 23:41:20 - INFO - src.trainer -   {'loss': 1.2024977207183838, 'learning_rate': 1e-06, 'global_step': 17610, 'zo_forward_step': 35222, 'max_steps': 20000, 'max_zo_forward_steps': 0, 'time': 2470, 'eps': 3e-06}
03/25/2026 23:41:22 - INFO - src.trainer -   {'loss': 1.1436502933502197, 'learning_rate': 1e-06, 'global_step': 17620, 'zo_forward_step': 35242, 'max_steps': 20000, 'max_zo_forward_steps': 0, 'time': 2472, 'eps': 3e-06}
03/25/2026 23:41:23 - INFO - src.trainer -   {'loss': 0.7031600475311279, 'learning_rate': 1e-06, 'global_step': 17630, 'zo_forward_step': 35262, 'max_steps': 20000, 'max_zo_forward_steps': 0, 'time': 2473, 'eps': 3e-06}
03/25/2026 23:41:24 - INFO - src.trainer -   {'loss': 1.1897882223129272, 'learning_rate': 1e-06, 'global_step': 17640, 'zo_forward_step': 35282, 'max_steps': 20000, 'max_zo_forward_steps': 0, 'time': 2474, 'eps': 3e-06}
03/25/2026 23:41:26 - INFO - src.trainer -   {'loss': 1.1602931022644043, 'learning_rate': 1e-06, 'global_step': 17650, 'zo_forward_step': 35302, 'max_steps': 20000, 'max_zo_forward_steps': 0, 'time': 2475, 'eps': 3e-06}
03/25/2026 23:41:27 - INFO - src.trainer -   {'loss': 0.7017421722412109, 'learning_rate': 1e-06, 'global_step': 17660, 'zo_forward_step': 35322, 'max_steps': 20000, 'max_zo_forward_steps': 0, 'time': 2476, 'eps': 3e-06}
03/25/2026 23:41:28 - INFO - src.trainer -   {'loss': 1.1952732801437378, 'learning_rate': 1e-06, 'global_step': 17670, 'zo_forward_step': 35342, 'max_steps': 20000, 'max_zo_forward_steps': 0, 'time': 2478, 'eps': 3e-06}
03/25/2026 23:41:29 - INFO - src.trainer -   {'loss': 1.1453622579574585, 'learning_rate': 1e-06, 'global_step': 17680, 'zo_forward_step': 35362, 'max_steps': 20000, 'max_zo_forward_steps': 0, 'time': 2479, 'eps': 3e-06}
03/25/2026 23:41:30 - INFO - src.trainer -   {'loss': 0.6942189335823059, 'learning_rate': 1e-06, 'global_step': 17690, 'zo_forward_step': 35382, 'max_steps': 20000, 'max_zo_forward_steps': 0, 'time': 2480, 'eps': 3e-06}
1760it [40:57,  1.19s/it]03/25/2026 23:41:31 - INFO - src.trainer -   {'loss': 1.2041099071502686, 'learning_rate': 1e-06, 'global_step': 17700, 'zo_forward_step': 35402, 'max_steps': 20000, 'max_zo_forward_steps': 0, 'time': 2481, 'eps': 3e-06}
03/25/2026 23:41:32 - INFO - src.trainer -   {'loss': 1.1408475637435913, 'learning_rate': 1e-06, 'global_step': 17710, 'zo_forward_step': 35422, 'max_steps': 20000, 'max_zo_forward_steps': 0, 'time': 2482, 'eps': 3e-06}
03/25/2026 23:41:34 - INFO - src.trainer -   {'loss': 0.6741676926612854, 'learning_rate': 1e-06, 'global_step': 17720, 'zo_forward_step': 35442, 'max_steps': 20000, 'max_zo_forward_steps': 0, 'time': 2483, 'eps': 3e-06}
03/25/2026 23:41:35 - INFO - src.trainer -   {'loss': 1.2052593231201172, 'learning_rate': 1e-06, 'global_step': 17730, 'zo_forward_step': 35462, 'max_steps': 20000, 'max_zo_forward_steps': 0, 'time': 2484, 'eps': 3e-06}
03/25/2026 23:41:36 - INFO - src.trainer -   {'loss': 1.152914047241211, 'learning_rate': 1e-06, 'global_step': 17740, 'zo_forward_step': 35482, 'max_steps': 20000, 'max_zo_forward_steps': 0, 'time': 2486, 'eps': 3e-06}
03/25/2026 23:41:37 - INFO - src.trainer -   {'loss': 0.6594924926757812, 'learning_rate': 1e-06, 'global_step': 17750, 'zo_forward_step': 35502, 'max_steps': 20000, 'max_zo_forward_steps': 0, 'time': 2487, 'eps': 3e-06}
03/25/2026 23:41:38 - INFO - src.trainer -   {'loss': 1.1893306970596313, 'learning_rate': 1e-06, 'global_step': 17760, 'zo_forward_step': 35522, 'max_steps': 20000, 'max_zo_forward_steps': 0, 'time': 2488, 'eps': 3e-06}
03/25/2026 23:41:39 - INFO - src.trainer -   {'loss': 1.1451148986816406, 'learning_rate': 1e-06, 'global_step': 17770, 'zo_forward_step': 35542, 'max_steps': 20000, 'max_zo_forward_steps': 0, 'time': 2489, 'eps': 3e-06}
03/25/2026 23:41:41 - INFO - src.trainer -   {'loss': 0.6613706350326538, 'learning_rate': 1e-06, 'global_step': 17780, 'zo_forward_step': 35562, 'max_steps': 20000, 'max_zo_forward_steps': 0, 'time': 2490, 'eps': 3e-06}
03/25/2026 23:41:42 - INFO - src.trainer -   {'loss': 1.197598934173584, 'learning_rate': 1e-06, 'global_step': 17790, 'zo_forward_step': 35582, 'max_steps': 20000, 'max_zo_forward_steps': 0, 'time': 2491, 'eps': 3e-06}
1761it [41:09,  1.65s/it]1772it [41:09,  1.12s/it]03/25/2026 23:41:43 - INFO - src.trainer -   {'eval_loss': 1.3981345891952515, 'eval_acc': 0.4375}
03/25/2026 23:41:46 - INFO - src.trainer -   [zo_probe] step=17800 eps=3.000e-06 precision=fp32 n=16 mae=6.230843e-02 rmse=7.836017e-02 sign_acc=1.0000 corr=0.999999
03/25/2026 23:41:46 - INFO - src.trainer -   {'loss': 1.1535176038742065, 'learning_rate': 1e-06, 'global_step': 17800, 'zo_forward_step': 35602, 'max_steps': 20000, 'max_zo_forward_steps': 0, 'time': 2496, 'eps': 3e-06}
03/25/2026 23:41:48 - INFO - src.trainer -   {'loss': 0.6611772179603577, 'learning_rate': 1e-06, 'global_step': 17810, 'zo_forward_step': 35622, 'max_steps': 20000, 'max_zo_forward_steps': 0, 'time': 2497, 'eps': 3e-06}
03/25/2026 23:41:49 - INFO - src.trainer -   {'loss': 1.209046483039856, 'learning_rate': 1e-06, 'global_step': 17820, 'zo_forward_step': 35642, 'max_steps': 20000, 'max_zo_forward_steps': 0, 'time': 2499, 'eps': 3e-06}
03/25/2026 23:41:50 - INFO - src.trainer -   {'loss': 1.1518889665603638, 'learning_rate': 1e-06, 'global_step': 17830, 'zo_forward_step': 35662, 'max_steps': 20000, 'max_zo_forward_steps': 0, 'time': 2500, 'eps': 3e-06}
03/25/2026 23:41:51 - INFO - src.trainer -   {'loss': 0.656953752040863, 'learning_rate': 1e-06, 'global_step': 17840, 'zo_forward_step': 35682, 'max_steps': 20000, 'max_zo_forward_steps': 0, 'time': 2501, 'eps': 3e-06}
03/25/2026 23:41:52 - INFO - src.trainer -   {'loss': 1.2203609943389893, 'learning_rate': 1e-06, 'global_step': 17850, 'zo_forward_step': 35702, 'max_steps': 20000, 'max_zo_forward_steps': 0, 'time': 2502, 'eps': 3e-06}
03/25/2026 23:41:54 - INFO - src.trainer -   {'loss': 1.1353752613067627, 'learning_rate': 1e-06, 'global_step': 17860, 'zo_forward_step': 35722, 'max_steps': 20000, 'max_zo_forward_steps': 0, 'time': 2503, 'eps': 3e-06}
03/25/2026 23:41:55 - INFO - src.trainer -   {'loss': 0.6601084470748901, 'learning_rate': 1e-06, 'global_step': 17870, 'zo_forward_step': 35742, 'max_steps': 20000, 'max_zo_forward_steps': 0, 'time': 2504, 'eps': 3e-06}
03/25/2026 23:41:56 - INFO - src.trainer -   {'loss': 1.2055367231369019, 'learning_rate': 1e-06, 'global_step': 17880, 'zo_forward_step': 35762, 'max_steps': 20000, 'max_zo_forward_steps': 0, 'time': 2506, 'eps': 3e-06}
03/25/2026 23:41:57 - INFO - src.trainer -   {'loss': 1.1157604455947876, 'learning_rate': 1e-06, 'global_step': 17890, 'zo_forward_step': 35782, 'max_steps': 20000, 'max_zo_forward_steps': 0, 'time': 2507, 'eps': 3e-06}
03/25/2026 23:41:58 - INFO - src.trainer -   {'loss': 0.6551151275634766, 'learning_rate': 1e-06, 'global_step': 17900, 'zo_forward_step': 35802, 'max_steps': 20000, 'max_zo_forward_steps': 0, 'time': 2508, 'eps': 3e-06}
03/25/2026 23:41:59 - INFO - src.trainer -   {'loss': 1.1955912113189697, 'learning_rate': 1e-06, 'global_step': 17910, 'zo_forward_step': 35822, 'max_steps': 20000, 'max_zo_forward_steps': 0, 'time': 2509, 'eps': 3e-06}
03/25/2026 23:42:01 - INFO - src.trainer -   {'loss': 1.1287627220153809, 'learning_rate': 1e-06, 'global_step': 17920, 'zo_forward_step': 35842, 'max_steps': 20000, 'max_zo_forward_steps': 0, 'time': 2510, 'eps': 3e-06}
1780it [41:27,  1.12s/it]03/25/2026 23:42:02 - INFO - src.trainer -   {'loss': 0.6741877794265747, 'learning_rate': 1e-06, 'global_step': 17930, 'zo_forward_step': 35862, 'max_steps': 20000, 'max_zo_forward_steps': 0, 'time': 2511, 'eps': 3e-06}
03/25/2026 23:42:03 - INFO - src.trainer -   {'loss': 1.1864508390426636, 'learning_rate': 1e-06, 'global_step': 17940, 'zo_forward_step': 35882, 'max_steps': 20000, 'max_zo_forward_steps': 0, 'time': 2512, 'eps': 3e-06}
03/25/2026 23:42:04 - INFO - src.trainer -   {'loss': 1.1421740055084229, 'learning_rate': 1e-06, 'global_step': 17950, 'zo_forward_step': 35902, 'max_steps': 20000, 'max_zo_forward_steps': 0, 'time': 2514, 'eps': 3e-06}
03/25/2026 23:42:06 - INFO - src.trainer -   {'loss': 0.6734789609909058, 'learning_rate': 1e-06, 'global_step': 17960, 'zo_forward_step': 35922, 'max_steps': 20000, 'max_zo_forward_steps': 0, 'time': 2516, 'eps': 3e-06}
03/25/2026 23:42:07 - INFO - src.trainer -   {'loss': 1.1868916749954224, 'learning_rate': 1e-06, 'global_step': 17970, 'zo_forward_step': 35942, 'max_steps': 20000, 'max_zo_forward_steps': 0, 'time': 2517, 'eps': 3e-06}
03/25/2026 23:42:08 - INFO - src.trainer -   {'loss': 1.144690752029419, 'learning_rate': 1e-06, 'global_step': 17980, 'zo_forward_step': 35962, 'max_steps': 20000, 'max_zo_forward_steps': 0, 'time': 2518, 'eps': 3e-06}
03/25/2026 23:42:10 - INFO - src.trainer -   {'loss': 0.6486583352088928, 'learning_rate': 1e-06, 'global_step': 17990, 'zo_forward_step': 35982, 'max_steps': 20000, 'max_zo_forward_steps': 0, 'time': 2519, 'eps': 3e-06}
1781it [41:37,  1.65s/it]1792it [41:37,  1.12s/it]03/25/2026 23:42:11 - INFO - src.trainer -   {'eval_loss': 1.3908214569091797, 'eval_acc': 0.425}
03/25/2026 23:42:14 - INFO - src.trainer -   [zo_probe] step=18000 eps=3.000e-06 precision=fp32 n=16 mae=6.355014e-02 rmse=7.706132e-02 sign_acc=1.0000 corr=0.999998
03/25/2026 23:42:14 - INFO - src.trainer -   {'loss': 1.1813846826553345, 'learning_rate': 1e-06, 'global_step': 18000, 'zo_forward_step': 36002, 'max_steps': 20000, 'max_zo_forward_steps': 0, 'time': 2524, 'eps': 3e-06}
03/25/2026 23:42:15 - INFO - src.trainer -   {'loss': 1.170525074005127, 'learning_rate': 1e-06, 'global_step': 18010, 'zo_forward_step': 36022, 'max_steps': 20000, 'max_zo_forward_steps': 0, 'time': 2525, 'eps': 3e-06}
03/25/2026 23:42:16 - INFO - src.trainer -   {'loss': 0.6550155878067017, 'learning_rate': 1e-06, 'global_step': 18020, 'zo_forward_step': 36042, 'max_steps': 20000, 'max_zo_forward_steps': 0, 'time': 2526, 'eps': 3e-06}
03/25/2026 23:42:18 - INFO - src.trainer -   {'loss': 1.1778610944747925, 'learning_rate': 1e-06, 'global_step': 18030, 'zo_forward_step': 36062, 'max_steps': 20000, 'max_zo_forward_steps': 0, 'time': 2528, 'eps': 3e-06}
03/25/2026 23:42:19 - INFO - src.trainer -   {'loss': 1.1913526058197021, 'learning_rate': 1e-06, 'global_step': 18040, 'zo_forward_step': 36082, 'max_steps': 20000, 'max_zo_forward_steps': 0, 'time': 2529, 'eps': 3e-06}
03/25/2026 23:42:21 - INFO - src.trainer -   {'loss': 0.6286240816116333, 'learning_rate': 1e-06, 'global_step': 18050, 'zo_forward_step': 36102, 'max_steps': 20000, 'max_zo_forward_steps': 0, 'time': 2530, 'eps': 3e-06}
03/25/2026 23:42:22 - INFO - src.trainer -   {'loss': 1.169072151184082, 'learning_rate': 1e-06, 'global_step': 18060, 'zo_forward_step': 36122, 'max_steps': 20000, 'max_zo_forward_steps': 0, 'time': 2531, 'eps': 3e-06}
03/25/2026 23:42:23 - INFO - src.trainer -   {'loss': 1.2025870084762573, 'learning_rate': 1e-06, 'global_step': 18070, 'zo_forward_step': 36142, 'max_steps': 20000, 'max_zo_forward_steps': 0, 'time': 2533, 'eps': 3e-06}
03/25/2026 23:42:24 - INFO - src.trainer -   {'loss': 0.6316366791725159, 'learning_rate': 1e-06, 'global_step': 18080, 'zo_forward_step': 36162, 'max_steps': 20000, 'max_zo_forward_steps': 0, 'time': 2534, 'eps': 3e-06}
03/25/2026 23:42:25 - INFO - src.trainer -   {'loss': 1.155716896057129, 'learning_rate': 1e-06, 'global_step': 18090, 'zo_forward_step': 36182, 'max_steps': 20000, 'max_zo_forward_steps': 0, 'time': 2535, 'eps': 3e-06}
03/25/2026 23:42:26 - INFO - src.trainer -   {'loss': 1.2038578987121582, 'learning_rate': 1e-06, 'global_step': 18100, 'zo_forward_step': 36202, 'max_steps': 20000, 'max_zo_forward_steps': 0, 'time': 2536, 'eps': 3e-06}
03/25/2026 23:42:27 - INFO - src.trainer -   {'loss': 0.609980046749115, 'learning_rate': 1e-06, 'global_step': 18110, 'zo_forward_step': 36222, 'max_steps': 20000, 'max_zo_forward_steps': 0, 'time': 2537, 'eps': 3e-06}
03/25/2026 23:42:29 - INFO - src.trainer -   {'loss': 1.1563454866409302, 'learning_rate': 1e-06, 'global_step': 18120, 'zo_forward_step': 36242, 'max_steps': 20000, 'max_zo_forward_steps': 0, 'time': 2538, 'eps': 3e-06}
03/25/2026 23:42:30 - INFO - src.trainer -   {'loss': 1.2062506675720215, 'learning_rate': 1e-06, 'global_step': 18130, 'zo_forward_step': 36262, 'max_steps': 20000, 'max_zo_forward_steps': 0, 'time': 2540, 'eps': 3e-06}
1800it [41:57,  1.12s/it]03/25/2026 23:42:31 - INFO - src.trainer -   {'loss': 0.6375184655189514, 'learning_rate': 1e-06, 'global_step': 18140, 'zo_forward_step': 36282, 'max_steps': 20000, 'max_zo_forward_steps': 0, 'time': 2541, 'eps': 3e-06}
03/25/2026 23:42:32 - INFO - src.trainer -   {'loss': 1.1600099802017212, 'learning_rate': 1e-06, 'global_step': 18150, 'zo_forward_step': 36302, 'max_steps': 20000, 'max_zo_forward_steps': 0, 'time': 2542, 'eps': 3e-06}
03/25/2026 23:42:34 - INFO - src.trainer -   {'loss': 1.185520887374878, 'learning_rate': 1e-06, 'global_step': 18160, 'zo_forward_step': 36322, 'max_steps': 20000, 'max_zo_forward_steps': 0, 'time': 2544, 'eps': 3e-06}
03/25/2026 23:42:35 - INFO - src.trainer -   {'loss': 0.6660053133964539, 'learning_rate': 1e-06, 'global_step': 18170, 'zo_forward_step': 36342, 'max_steps': 20000, 'max_zo_forward_steps': 0, 'time': 2545, 'eps': 3e-06}
03/25/2026 23:42:36 - INFO - src.trainer -   {'loss': 1.1430144309997559, 'learning_rate': 1e-06, 'global_step': 18180, 'zo_forward_step': 36362, 'max_steps': 20000, 'max_zo_forward_steps': 0, 'time': 2546, 'eps': 3e-06}
03/25/2026 23:42:38 - INFO - src.trainer -   {'loss': 1.1577059030532837, 'learning_rate': 1e-06, 'global_step': 18190, 'zo_forward_step': 36382, 'max_steps': 20000, 'max_zo_forward_steps': 0, 'time': 2548, 'eps': 3e-06}
1801it [42:05,  1.68s/it]1812it [42:05,  1.14s/it]03/25/2026 23:42:39 - INFO - src.trainer -   {'eval_loss': 1.3786872625350952, 'eval_acc': 0.4375}
03/25/2026 23:42:41 - INFO - src.trainer -   [zo_probe] step=18200 eps=3.000e-06 precision=fp32 n=16 mae=4.445806e-02 rmse=5.417437e-02 sign_acc=1.0000 corr=0.999999
03/25/2026 23:42:41 - INFO - src.trainer -   {'loss': 0.6898366212844849, 'learning_rate': 1e-06, 'global_step': 18200, 'zo_forward_step': 36402, 'max_steps': 20000, 'max_zo_forward_steps': 0, 'time': 2551, 'eps': 3e-06}
03/25/2026 23:42:43 - INFO - src.trainer -   {'loss': 1.1470589637756348, 'learning_rate': 1e-06, 'global_step': 18210, 'zo_forward_step': 36422, 'max_steps': 20000, 'max_zo_forward_steps': 0, 'time': 2552, 'eps': 3e-06}
03/25/2026 23:42:44 - INFO - src.trainer -   {'loss': 1.1315993070602417, 'learning_rate': 1e-06, 'global_step': 18220, 'zo_forward_step': 36442, 'max_steps': 20000, 'max_zo_forward_steps': 0, 'time': 2554, 'eps': 3e-06}
03/25/2026 23:42:45 - INFO - src.trainer -   {'loss': 0.6896117925643921, 'learning_rate': 1e-06, 'global_step': 18230, 'zo_forward_step': 36462, 'max_steps': 20000, 'max_zo_forward_steps': 0, 'time': 2555, 'eps': 3e-06}
03/25/2026 23:42:48 - INFO - src.trainer -   {'loss': 1.1642661094665527, 'learning_rate': 1e-06, 'global_step': 18240, 'zo_forward_step': 36482, 'max_steps': 20000, 'max_zo_forward_steps': 0, 'time': 2558, 'eps': 3e-06}
03/25/2026 23:42:50 - INFO - src.trainer -   {'loss': 1.1229546070098877, 'learning_rate': 1e-06, 'global_step': 18250, 'zo_forward_step': 36502, 'max_steps': 20000, 'max_zo_forward_steps': 0, 'time': 2559, 'eps': 3e-06}
1820it [42:17,  1.14s/it]03/25/2026 23:42:51 - INFO - src.trainer -   {'loss': 0.689892053604126, 'learning_rate': 1e-06, 'global_step': 18260, 'zo_forward_step': 36522, 'max_steps': 20000, 'max_zo_forward_steps': 0, 'time': 2560, 'eps': 3e-06}
03/25/2026 23:42:53 - INFO - src.trainer -   {'loss': 1.151990532875061, 'learning_rate': 1e-06, 'global_step': 18270, 'zo_forward_step': 36542, 'max_steps': 20000, 'max_zo_forward_steps': 0, 'time': 2562, 'eps': 3e-06}
03/25/2026 23:42:54 - INFO - src.trainer -   {'loss': 1.133324146270752, 'learning_rate': 1e-06, 'global_step': 18280, 'zo_forward_step': 36562, 'max_steps': 20000, 'max_zo_forward_steps': 0, 'time': 2564, 'eps': 3e-06}
03/25/2026 23:42:55 - INFO - src.trainer -   {'loss': 0.6787632703781128, 'learning_rate': 1e-06, 'global_step': 18290, 'zo_forward_step': 36582, 'max_steps': 20000, 'max_zo_forward_steps': 0, 'time': 2565, 'eps': 3e-06}
03/25/2026 23:42:56 - INFO - src.trainer -   {'loss': 1.1369142532348633, 'learning_rate': 1e-06, 'global_step': 18300, 'zo_forward_step': 36602, 'max_steps': 20000, 'max_zo_forward_steps': 0, 'time': 2566, 'eps': 3e-06}
03/25/2026 23:42:57 - INFO - src.trainer -   {'loss': 1.1436877250671387, 'learning_rate': 1e-06, 'global_step': 18310, 'zo_forward_step': 36622, 'max_steps': 20000, 'max_zo_forward_steps': 0, 'time': 2567, 'eps': 3e-06}
03/25/2026 23:42:58 - INFO - src.trainer -   {'loss': 0.6699469685554504, 'learning_rate': 1e-06, 'global_step': 18320, 'zo_forward_step': 36642, 'max_steps': 20000, 'max_zo_forward_steps': 0, 'time': 2568, 'eps': 3e-06}
03/25/2026 23:43:00 - INFO - src.trainer -   {'loss': 1.1502671241760254, 'learning_rate': 1e-06, 'global_step': 18330, 'zo_forward_step': 36662, 'max_steps': 20000, 'max_zo_forward_steps': 0, 'time': 2569, 'eps': 3e-06}
03/25/2026 23:43:01 - INFO - src.trainer -   {'loss': 1.1435407400131226, 'learning_rate': 1e-06, 'global_step': 18340, 'zo_forward_step': 36682, 'max_steps': 20000, 'max_zo_forward_steps': 0, 'time': 2570, 'eps': 3e-06}
03/25/2026 23:43:02 - INFO - src.trainer -   {'loss': 0.6632499098777771, 'learning_rate': 1e-06, 'global_step': 18350, 'zo_forward_step': 36702, 'max_steps': 20000, 'max_zo_forward_steps': 0, 'time': 2572, 'eps': 3e-06}
03/25/2026 23:43:03 - INFO - src.trainer -   {'loss': 1.1419456005096436, 'learning_rate': 1e-06, 'global_step': 18360, 'zo_forward_step': 36722, 'max_steps': 20000, 'max_zo_forward_steps': 0, 'time': 2573, 'eps': 3e-06}
03/25/2026 23:43:04 - INFO - src.trainer -   {'loss': 1.15369713306427, 'learning_rate': 1e-06, 'global_step': 18370, 'zo_forward_step': 36742, 'max_steps': 20000, 'max_zo_forward_steps': 0, 'time': 2574, 'eps': 3e-06}
03/25/2026 23:43:06 - INFO - src.trainer -   {'loss': 0.6569915413856506, 'learning_rate': 1e-06, 'global_step': 18380, 'zo_forward_step': 36762, 'max_steps': 20000, 'max_zo_forward_steps': 0, 'time': 2575, 'eps': 3e-06}
03/25/2026 23:43:07 - INFO - src.trainer -   {'loss': 1.131238341331482, 'learning_rate': 1e-06, 'global_step': 18390, 'zo_forward_step': 36782, 'max_steps': 20000, 'max_zo_forward_steps': 0, 'time': 2577, 'eps': 3e-06}
1821it [42:34,  1.70s/it]1832it [42:34,  1.15s/it]03/25/2026 23:43:08 - INFO - src.trainer -   {'eval_loss': 1.3806695938110352, 'eval_acc': 0.4375}
03/25/2026 23:43:11 - INFO - src.trainer -   [zo_probe] step=18400 eps=3.000e-06 precision=fp32 n=16 mae=5.166639e-02 rmse=7.375255e-02 sign_acc=1.0000 corr=0.999999
03/25/2026 23:43:11 - INFO - src.trainer -   {'loss': 1.156942367553711, 'learning_rate': 1e-06, 'global_step': 18400, 'zo_forward_step': 36802, 'max_steps': 20000, 'max_zo_forward_steps': 0, 'time': 2581, 'eps': 3e-06}
03/25/2026 23:43:12 - INFO - src.trainer -   {'loss': 0.6517451405525208, 'learning_rate': 1e-06, 'global_step': 18410, 'zo_forward_step': 36822, 'max_steps': 20000, 'max_zo_forward_steps': 0, 'time': 2582, 'eps': 3e-06}
03/25/2026 23:43:13 - INFO - src.trainer -   {'loss': 1.1106297969818115, 'learning_rate': 1e-06, 'global_step': 18420, 'zo_forward_step': 36842, 'max_steps': 20000, 'max_zo_forward_steps': 0, 'time': 2583, 'eps': 3e-06}
03/25/2026 23:43:15 - INFO - src.trainer -   {'loss': 1.1775922775268555, 'learning_rate': 1e-06, 'global_step': 18430, 'zo_forward_step': 36862, 'max_steps': 20000, 'max_zo_forward_steps': 0, 'time': 2584, 'eps': 3e-06}
03/25/2026 23:43:16 - INFO - src.trainer -   {'loss': 0.6599418520927429, 'learning_rate': 1e-06, 'global_step': 18440, 'zo_forward_step': 36882, 'max_steps': 20000, 'max_zo_forward_steps': 0, 'time': 2585, 'eps': 3e-06}
03/25/2026 23:43:17 - INFO - src.trainer -   {'loss': 1.1216176748275757, 'learning_rate': 1e-06, 'global_step': 18450, 'zo_forward_step': 36902, 'max_steps': 20000, 'max_zo_forward_steps': 0, 'time': 2587, 'eps': 3e-06}
03/25/2026 23:43:18 - INFO - src.trainer -   {'loss': 1.1595455408096313, 'learning_rate': 1e-06, 'global_step': 18460, 'zo_forward_step': 36922, 'max_steps': 20000, 'max_zo_forward_steps': 0, 'time': 2588, 'eps': 3e-06}
03/25/2026 23:43:19 - INFO - src.trainer -   {'loss': 0.6640224456787109, 'learning_rate': 1e-06, 'global_step': 18470, 'zo_forward_step': 36942, 'max_steps': 20000, 'max_zo_forward_steps': 0, 'time': 2589, 'eps': 3e-06}
03/25/2026 23:43:20 - INFO - src.trainer -   {'loss': 1.131367802619934, 'learning_rate': 1e-06, 'global_step': 18480, 'zo_forward_step': 36962, 'max_steps': 20000, 'max_zo_forward_steps': 0, 'time': 2590, 'eps': 3e-06}
1840it [42:47,  1.15s/it]03/25/2026 23:43:22 - INFO - src.trainer -   {'loss': 1.1706414222717285, 'learning_rate': 1e-06, 'global_step': 18490, 'zo_forward_step': 36982, 'max_steps': 20000, 'max_zo_forward_steps': 0, 'time': 2591, 'eps': 3e-06}
03/25/2026 23:43:23 - INFO - src.trainer -   {'loss': 0.6307741403579712, 'learning_rate': 1e-06, 'global_step': 18500, 'zo_forward_step': 37002, 'max_steps': 20000, 'max_zo_forward_steps': 0, 'time': 2592, 'eps': 3e-06}
03/25/2026 23:43:24 - INFO - src.trainer -   {'loss': 1.149293303489685, 'learning_rate': 1e-06, 'global_step': 18510, 'zo_forward_step': 37022, 'max_steps': 20000, 'max_zo_forward_steps': 0, 'time': 2594, 'eps': 3e-06}
03/25/2026 23:43:25 - INFO - src.trainer -   {'loss': 1.1466560363769531, 'learning_rate': 1e-06, 'global_step': 18520, 'zo_forward_step': 37042, 'max_steps': 20000, 'max_zo_forward_steps': 0, 'time': 2595, 'eps': 3e-06}
03/25/2026 23:43:27 - INFO - src.trainer -   {'loss': 0.6339662075042725, 'learning_rate': 1e-06, 'global_step': 18530, 'zo_forward_step': 37062, 'max_steps': 20000, 'max_zo_forward_steps': 0, 'time': 2596, 'eps': 3e-06}
03/25/2026 23:43:28 - INFO - src.trainer -   {'loss': 1.1752161979675293, 'learning_rate': 1e-06, 'global_step': 18540, 'zo_forward_step': 37082, 'max_steps': 20000, 'max_zo_forward_steps': 0, 'time': 2597, 'eps': 3e-06}
03/25/2026 23:43:29 - INFO - src.trainer -   {'loss': 1.1439825296401978, 'learning_rate': 1e-06, 'global_step': 18550, 'zo_forward_step': 37102, 'max_steps': 20000, 'max_zo_forward_steps': 0, 'time': 2599, 'eps': 3e-06}
03/25/2026 23:43:30 - INFO - src.trainer -   {'loss': 0.6223836541175842, 'learning_rate': 1e-06, 'global_step': 18560, 'zo_forward_step': 37122, 'max_steps': 20000, 'max_zo_forward_steps': 0, 'time': 2600, 'eps': 3e-06}
03/25/2026 23:43:31 - INFO - src.trainer -   {'loss': 1.1776450872421265, 'learning_rate': 1e-06, 'global_step': 18570, 'zo_forward_step': 37142, 'max_steps': 20000, 'max_zo_forward_steps': 0, 'time': 2601, 'eps': 3e-06}
03/25/2026 23:43:32 - INFO - src.trainer -   {'loss': 1.157991886138916, 'learning_rate': 1e-06, 'global_step': 18580, 'zo_forward_step': 37162, 'max_steps': 20000, 'max_zo_forward_steps': 0, 'time': 2602, 'eps': 3e-06}
03/25/2026 23:43:33 - INFO - src.trainer -   {'loss': 0.6321322917938232, 'learning_rate': 1e-06, 'global_step': 18590, 'zo_forward_step': 37182, 'max_steps': 20000, 'max_zo_forward_steps': 0, 'time': 2603, 'eps': 3e-06}
1841it [43:01,  1.64s/it]1852it [43:01,  1.11s/it]03/25/2026 23:43:35 - INFO - src.trainer -   {'eval_loss': 1.3494418859481812, 'eval_acc': 0.45}
03/25/2026 23:43:38 - INFO - src.trainer -   [zo_probe] step=18600 eps=3.000e-06 precision=fp32 n=16 mae=7.004371e-02 rmse=8.739977e-02 sign_acc=1.0000 corr=0.999998
03/25/2026 23:43:38 - INFO - src.trainer -   {'loss': 1.1579288244247437, 'learning_rate': 1e-06, 'global_step': 18600, 'zo_forward_step': 37202, 'max_steps': 20000, 'max_zo_forward_steps': 0, 'time': 2607, 'eps': 3e-06}
03/25/2026 23:43:39 - INFO - src.trainer -   {'loss': 1.138146996498108, 'learning_rate': 1e-06, 'global_step': 18610, 'zo_forward_step': 37222, 'max_steps': 20000, 'max_zo_forward_steps': 0, 'time': 2608, 'eps': 3e-06}
03/25/2026 23:43:41 - INFO - src.trainer -   {'loss': 0.6451624035835266, 'learning_rate': 1e-06, 'global_step': 18620, 'zo_forward_step': 37242, 'max_steps': 20000, 'max_zo_forward_steps': 0, 'time': 2610, 'eps': 3e-06}
03/25/2026 23:43:42 - INFO - src.trainer -   {'loss': 1.1370384693145752, 'learning_rate': 1e-06, 'global_step': 18630, 'zo_forward_step': 37262, 'max_steps': 20000, 'max_zo_forward_steps': 0, 'time': 2611, 'eps': 3e-06}
03/25/2026 23:43:43 - INFO - src.trainer -   {'loss': 1.1497470140457153, 'learning_rate': 1e-06, 'global_step': 18640, 'zo_forward_step': 37282, 'max_steps': 20000, 'max_zo_forward_steps': 0, 'time': 2613, 'eps': 3e-06}
03/25/2026 23:43:44 - INFO - src.trainer -   {'loss': 0.6454598903656006, 'learning_rate': 1e-06, 'global_step': 18650, 'zo_forward_step': 37302, 'max_steps': 20000, 'max_zo_forward_steps': 0, 'time': 2614, 'eps': 3e-06}
03/25/2026 23:43:45 - INFO - src.trainer -   {'loss': 1.1454201936721802, 'learning_rate': 1e-06, 'global_step': 18660, 'zo_forward_step': 37322, 'max_steps': 20000, 'max_zo_forward_steps': 0, 'time': 2615, 'eps': 3e-06}
03/25/2026 23:43:46 - INFO - src.trainer -   {'loss': 1.1701332330703735, 'learning_rate': 1e-06, 'global_step': 18670, 'zo_forward_step': 37342, 'max_steps': 20000, 'max_zo_forward_steps': 0, 'time': 2616, 'eps': 3e-06}
03/25/2026 23:43:47 - INFO - src.trainer -   {'loss': 0.6323360800743103, 'learning_rate': 1e-06, 'global_step': 18680, 'zo_forward_step': 37362, 'max_steps': 20000, 'max_zo_forward_steps': 0, 'time': 2617, 'eps': 3e-06}
03/25/2026 23:43:49 - INFO - src.trainer -   {'loss': 1.1248692274093628, 'learning_rate': 1e-06, 'global_step': 18690, 'zo_forward_step': 37382, 'max_steps': 20000, 'max_zo_forward_steps': 0, 'time': 2618, 'eps': 3e-06}
03/25/2026 23:43:50 - INFO - src.trainer -   {'loss': 1.1627024412155151, 'learning_rate': 1e-06, 'global_step': 18700, 'zo_forward_step': 37402, 'max_steps': 20000, 'max_zo_forward_steps': 0, 'time': 2619, 'eps': 3e-06}
1860it [43:17,  1.11s/it]03/25/2026 23:43:51 - INFO - src.trainer -   {'loss': 0.6435522437095642, 'learning_rate': 1e-06, 'global_step': 18710, 'zo_forward_step': 37422, 'max_steps': 20000, 'max_zo_forward_steps': 0, 'time': 2621, 'eps': 3e-06}
03/25/2026 23:43:52 - INFO - src.trainer -   {'loss': 1.116604208946228, 'learning_rate': 1e-06, 'global_step': 18720, 'zo_forward_step': 37442, 'max_steps': 20000, 'max_zo_forward_steps': 0, 'time': 2622, 'eps': 3e-06}
03/25/2026 23:43:53 - INFO - src.trainer -   {'loss': 1.1561304330825806, 'learning_rate': 1e-06, 'global_step': 18730, 'zo_forward_step': 37462, 'max_steps': 20000, 'max_zo_forward_steps': 0, 'time': 2623, 'eps': 3e-06}
03/25/2026 23:43:54 - INFO - src.trainer -   {'loss': 0.6393798589706421, 'learning_rate': 1e-06, 'global_step': 18740, 'zo_forward_step': 37482, 'max_steps': 20000, 'max_zo_forward_steps': 0, 'time': 2624, 'eps': 3e-06}
03/25/2026 23:43:55 - INFO - src.trainer -   {'loss': 1.1264771223068237, 'learning_rate': 1e-06, 'global_step': 18750, 'zo_forward_step': 37502, 'max_steps': 20000, 'max_zo_forward_steps': 0, 'time': 2625, 'eps': 3e-06}
03/25/2026 23:43:57 - INFO - src.trainer -   {'loss': 1.1267098188400269, 'learning_rate': 1e-06, 'global_step': 18760, 'zo_forward_step': 37522, 'max_steps': 20000, 'max_zo_forward_steps': 0, 'time': 2626, 'eps': 3e-06}
03/25/2026 23:43:58 - INFO - src.trainer -   {'loss': 0.6402135491371155, 'learning_rate': 1e-06, 'global_step': 18770, 'zo_forward_step': 37542, 'max_steps': 20000, 'max_zo_forward_steps': 0, 'time': 2627, 'eps': 3e-06}
03/25/2026 23:43:59 - INFO - src.trainer -   {'loss': 1.1405738592147827, 'learning_rate': 1e-06, 'global_step': 18780, 'zo_forward_step': 37562, 'max_steps': 20000, 'max_zo_forward_steps': 0, 'time': 2629, 'eps': 3e-06}
03/25/2026 23:44:00 - INFO - src.trainer -   {'loss': 1.1236107349395752, 'learning_rate': 1e-06, 'global_step': 18790, 'zo_forward_step': 37582, 'max_steps': 20000, 'max_zo_forward_steps': 0, 'time': 2630, 'eps': 3e-06}
1861it [43:27,  1.62s/it]1872it [43:27,  1.10s/it]03/25/2026 23:44:01 - INFO - src.trainer -   {'eval_loss': 1.3542665243148804, 'eval_acc': 0.45}
03/25/2026 23:44:03 - INFO - src.trainer -   [zo_probe] step=18800 eps=3.000e-06 precision=fp32 n=16 mae=5.095468e-02 rmse=6.088653e-02 sign_acc=1.0000 corr=0.999999
03/25/2026 23:44:03 - INFO - src.trainer -   {'loss': 0.627102792263031, 'learning_rate': 1e-06, 'global_step': 18800, 'zo_forward_step': 37602, 'max_steps': 20000, 'max_zo_forward_steps': 0, 'time': 2633, 'eps': 3e-06}
03/25/2026 23:44:05 - INFO - src.trainer -   {'loss': 1.1382825374603271, 'learning_rate': 1e-06, 'global_step': 18810, 'zo_forward_step': 37622, 'max_steps': 20000, 'max_zo_forward_steps': 0, 'time': 2634, 'eps': 3e-06}
03/25/2026 23:44:06 - INFO - src.trainer -   {'loss': 1.1360732316970825, 'learning_rate': 1e-06, 'global_step': 18820, 'zo_forward_step': 37642, 'max_steps': 20000, 'max_zo_forward_steps': 0, 'time': 2635, 'eps': 3e-06}
03/25/2026 23:44:07 - INFO - src.trainer -   {'loss': 0.6245843768119812, 'learning_rate': 1e-06, 'global_step': 18830, 'zo_forward_step': 37662, 'max_steps': 20000, 'max_zo_forward_steps': 0, 'time': 2636, 'eps': 3e-06}
03/25/2026 23:44:08 - INFO - src.trainer -   {'loss': 1.1289969682693481, 'learning_rate': 1e-06, 'global_step': 18840, 'zo_forward_step': 37682, 'max_steps': 20000, 'max_zo_forward_steps': 0, 'time': 2638, 'eps': 3e-06}
03/25/2026 23:44:09 - INFO - src.trainer -   {'loss': 1.1662565469741821, 'learning_rate': 1e-06, 'global_step': 18850, 'zo_forward_step': 37702, 'max_steps': 20000, 'max_zo_forward_steps': 0, 'time': 2639, 'eps': 3e-06}
03/25/2026 23:44:10 - INFO - src.trainer -   {'loss': 0.6059072017669678, 'learning_rate': 1e-06, 'global_step': 18860, 'zo_forward_step': 37722, 'max_steps': 20000, 'max_zo_forward_steps': 0, 'time': 2640, 'eps': 3e-06}
03/25/2026 23:44:11 - INFO - src.trainer -   {'loss': 1.1288032531738281, 'learning_rate': 1e-06, 'global_step': 18870, 'zo_forward_step': 37742, 'max_steps': 20000, 'max_zo_forward_steps': 0, 'time': 2641, 'eps': 3e-06}
03/25/2026 23:44:13 - INFO - src.trainer -   {'loss': 1.1413295269012451, 'learning_rate': 1e-06, 'global_step': 18880, 'zo_forward_step': 37762, 'max_steps': 20000, 'max_zo_forward_steps': 0, 'time': 2642, 'eps': 3e-06}
03/25/2026 23:44:14 - INFO - src.trainer -   {'loss': 0.6119257211685181, 'learning_rate': 1e-06, 'global_step': 18890, 'zo_forward_step': 37782, 'max_steps': 20000, 'max_zo_forward_steps': 0, 'time': 2643, 'eps': 3e-06}
03/25/2026 23:44:15 - INFO - src.trainer -   {'loss': 1.1406188011169434, 'learning_rate': 1e-06, 'global_step': 18900, 'zo_forward_step': 37802, 'max_steps': 20000, 'max_zo_forward_steps': 0, 'time': 2644, 'eps': 3e-06}
03/25/2026 23:44:16 - INFO - src.trainer -   {'loss': 1.1636308431625366, 'learning_rate': 1e-06, 'global_step': 18910, 'zo_forward_step': 37822, 'max_steps': 20000, 'max_zo_forward_steps': 0, 'time': 2646, 'eps': 3e-06}
03/25/2026 23:44:17 - INFO - src.trainer -   {'loss': 0.6156391501426697, 'learning_rate': 1e-06, 'global_step': 18920, 'zo_forward_step': 37842, 'max_steps': 20000, 'max_zo_forward_steps': 0, 'time': 2647, 'eps': 3e-06}
03/25/2026 23:44:18 - INFO - src.trainer -   {'loss': 1.1078777313232422, 'learning_rate': 1e-06, 'global_step': 18930, 'zo_forward_step': 37862, 'max_steps': 20000, 'max_zo_forward_steps': 0, 'time': 2648, 'eps': 3e-06}
03/25/2026 23:44:19 - INFO - src.trainer -   {'loss': 1.1589148044586182, 'learning_rate': 1e-06, 'global_step': 18940, 'zo_forward_step': 37882, 'max_steps': 20000, 'max_zo_forward_steps': 0, 'time': 2649, 'eps': 3e-06}
03/25/2026 23:44:20 - INFO - src.trainer -   {'loss': 0.6106813549995422, 'learning_rate': 1e-06, 'global_step': 18950, 'zo_forward_step': 37902, 'max_steps': 20000, 'max_zo_forward_steps': 0, 'time': 2650, 'eps': 3e-06}
1880it [43:47,  1.10s/it]03/25/2026 23:44:22 - INFO - src.trainer -   {'loss': 1.1095764636993408, 'learning_rate': 1e-06, 'global_step': 18960, 'zo_forward_step': 37922, 'max_steps': 20000, 'max_zo_forward_steps': 0, 'time': 2651, 'eps': 3e-06}
03/25/2026 23:44:23 - INFO - src.trainer -   {'loss': 1.1612943410873413, 'learning_rate': 1e-06, 'global_step': 18970, 'zo_forward_step': 37942, 'max_steps': 20000, 'max_zo_forward_steps': 0, 'time': 2652, 'eps': 3e-06}
03/25/2026 23:44:24 - INFO - src.trainer -   {'loss': 0.6128602623939514, 'learning_rate': 1e-06, 'global_step': 18980, 'zo_forward_step': 37962, 'max_steps': 20000, 'max_zo_forward_steps': 0, 'time': 2654, 'eps': 3e-06}
03/25/2026 23:44:25 - INFO - src.trainer -   {'loss': 1.1205906867980957, 'learning_rate': 1e-06, 'global_step': 18990, 'zo_forward_step': 37982, 'max_steps': 20000, 'max_zo_forward_steps': 0, 'time': 2655, 'eps': 3e-06}
1881it [43:52,  1.56s/it]1892it [43:52,  1.05s/it]03/25/2026 23:44:26 - INFO - src.trainer -   {'eval_loss': 1.354934811592102, 'eval_acc': 0.4375}
03/25/2026 23:44:29 - INFO - src.trainer -   [zo_probe] step=19000 eps=3.000e-06 precision=fp32 n=16 mae=6.694928e-02 rmse=8.599339e-02 sign_acc=1.0000 corr=1.000000
03/25/2026 23:44:29 - INFO - src.trainer -   {'loss': 1.1817024946212769, 'learning_rate': 1e-06, 'global_step': 19000, 'zo_forward_step': 38002, 'max_steps': 20000, 'max_zo_forward_steps': 0, 'time': 2659, 'eps': 3e-06}
03/25/2026 23:44:30 - INFO - src.trainer -   {'loss': 0.5906316637992859, 'learning_rate': 1e-06, 'global_step': 19010, 'zo_forward_step': 38022, 'max_steps': 20000, 'max_zo_forward_steps': 0, 'time': 2660, 'eps': 3e-06}
03/25/2026 23:44:32 - INFO - src.trainer -   {'loss': 1.0965931415557861, 'learning_rate': 1e-06, 'global_step': 19020, 'zo_forward_step': 38042, 'max_steps': 20000, 'max_zo_forward_steps': 0, 'time': 2661, 'eps': 3e-06}
03/25/2026 23:44:33 - INFO - src.trainer -   {'loss': 1.1478874683380127, 'learning_rate': 1e-06, 'global_step': 19030, 'zo_forward_step': 38062, 'max_steps': 20000, 'max_zo_forward_steps': 0, 'time': 2663, 'eps': 3e-06}
03/25/2026 23:44:34 - INFO - src.trainer -   {'loss': 0.6010094881057739, 'learning_rate': 1e-06, 'global_step': 19040, 'zo_forward_step': 38082, 'max_steps': 20000, 'max_zo_forward_steps': 0, 'time': 2664, 'eps': 3e-06}
03/25/2026 23:44:35 - INFO - src.trainer -   {'loss': 1.0731643438339233, 'learning_rate': 1e-06, 'global_step': 19050, 'zo_forward_step': 38102, 'max_steps': 20000, 'max_zo_forward_steps': 0, 'time': 2665, 'eps': 3e-06}
03/25/2026 23:44:36 - INFO - src.trainer -   {'loss': 1.171260118484497, 'learning_rate': 1e-06, 'global_step': 19060, 'zo_forward_step': 38122, 'max_steps': 20000, 'max_zo_forward_steps': 0, 'time': 2666, 'eps': 3e-06}
03/25/2026 23:44:38 - INFO - src.trainer -   {'loss': 0.6124774813652039, 'learning_rate': 1e-06, 'global_step': 19070, 'zo_forward_step': 38142, 'max_steps': 20000, 'max_zo_forward_steps': 0, 'time': 2667, 'eps': 3e-06}
03/25/2026 23:44:39 - INFO - src.trainer -   {'loss': 1.0616741180419922, 'learning_rate': 1e-06, 'global_step': 19080, 'zo_forward_step': 38162, 'max_steps': 20000, 'max_zo_forward_steps': 0, 'time': 2668, 'eps': 3e-06}
03/25/2026 23:44:40 - INFO - src.trainer -   {'loss': 1.1741083860397339, 'learning_rate': 1e-06, 'global_step': 19090, 'zo_forward_step': 38182, 'max_steps': 20000, 'max_zo_forward_steps': 0, 'time': 2670, 'eps': 3e-06}
1900it [44:07,  1.05s/it]03/25/2026 23:44:41 - INFO - src.trainer -   {'loss': 0.6042786240577698, 'learning_rate': 1e-06, 'global_step': 19100, 'zo_forward_step': 38202, 'max_steps': 20000, 'max_zo_forward_steps': 0, 'time': 2671, 'eps': 3e-06}
03/25/2026 23:44:42 - INFO - src.trainer -   {'loss': 1.0567727088928223, 'learning_rate': 1e-06, 'global_step': 19110, 'zo_forward_step': 38222, 'max_steps': 20000, 'max_zo_forward_steps': 0, 'time': 2672, 'eps': 3e-06}
03/25/2026 23:44:43 - INFO - src.trainer -   {'loss': 1.1811985969543457, 'learning_rate': 1e-06, 'global_step': 19120, 'zo_forward_step': 38242, 'max_steps': 20000, 'max_zo_forward_steps': 0, 'time': 2673, 'eps': 3e-06}
03/25/2026 23:44:45 - INFO - src.trainer -   {'loss': 0.5955724716186523, 'learning_rate': 1e-06, 'global_step': 19130, 'zo_forward_step': 38262, 'max_steps': 20000, 'max_zo_forward_steps': 0, 'time': 2674, 'eps': 3e-06}
03/25/2026 23:44:46 - INFO - src.trainer -   {'loss': 1.0603294372558594, 'learning_rate': 1e-06, 'global_step': 19140, 'zo_forward_step': 38282, 'max_steps': 20000, 'max_zo_forward_steps': 0, 'time': 2675, 'eps': 3e-06}
03/25/2026 23:44:47 - INFO - src.trainer -   {'loss': 1.1803759336471558, 'learning_rate': 1e-06, 'global_step': 19150, 'zo_forward_step': 38302, 'max_steps': 20000, 'max_zo_forward_steps': 0, 'time': 2677, 'eps': 3e-06}
03/25/2026 23:44:48 - INFO - src.trainer -   {'loss': 0.5968670845031738, 'learning_rate': 1e-06, 'global_step': 19160, 'zo_forward_step': 38322, 'max_steps': 20000, 'max_zo_forward_steps': 0, 'time': 2678, 'eps': 3e-06}
03/25/2026 23:44:49 - INFO - src.trainer -   {'loss': 1.0516188144683838, 'learning_rate': 1e-06, 'global_step': 19170, 'zo_forward_step': 38342, 'max_steps': 20000, 'max_zo_forward_steps': 0, 'time': 2679, 'eps': 3e-06}
03/25/2026 23:44:50 - INFO - src.trainer -   {'loss': 1.2054027318954468, 'learning_rate': 1e-06, 'global_step': 19180, 'zo_forward_step': 38362, 'max_steps': 20000, 'max_zo_forward_steps': 0, 'time': 2680, 'eps': 3e-06}
03/25/2026 23:44:51 - INFO - src.trainer -   {'loss': 0.5908001661300659, 'learning_rate': 1e-06, 'global_step': 19190, 'zo_forward_step': 38382, 'max_steps': 20000, 'max_zo_forward_steps': 0, 'time': 2681, 'eps': 3e-06}
1901it [44:19,  1.57s/it]1912it [44:19,  1.06s/it]03/25/2026 23:44:53 - INFO - src.trainer -   {'eval_loss': 1.342133641242981, 'eval_acc': 0.45}
03/25/2026 23:44:56 - INFO - src.trainer -   [zo_probe] step=19200 eps=3.000e-06 precision=fp32 n=16 mae=5.897319e-02 rmse=8.309694e-02 sign_acc=1.0000 corr=0.999998
03/25/2026 23:44:56 - INFO - src.trainer -   {'loss': 1.0645647048950195, 'learning_rate': 1e-06, 'global_step': 19200, 'zo_forward_step': 38402, 'max_steps': 20000, 'max_zo_forward_steps': 0, 'time': 2685, 'eps': 3e-06}
03/25/2026 23:44:57 - INFO - src.trainer -   {'loss': 1.141523838043213, 'learning_rate': 1e-06, 'global_step': 19210, 'zo_forward_step': 38422, 'max_steps': 20000, 'max_zo_forward_steps': 0, 'time': 2687, 'eps': 3e-06}
03/25/2026 23:44:58 - INFO - src.trainer -   {'loss': 0.6212162971496582, 'learning_rate': 1e-06, 'global_step': 19220, 'zo_forward_step': 38442, 'max_steps': 20000, 'max_zo_forward_steps': 0, 'time': 2688, 'eps': 3e-06}
03/25/2026 23:44:59 - INFO - src.trainer -   {'loss': 1.092178225517273, 'learning_rate': 1e-06, 'global_step': 19230, 'zo_forward_step': 38462, 'max_steps': 20000, 'max_zo_forward_steps': 0, 'time': 2689, 'eps': 3e-06}
03/25/2026 23:45:00 - INFO - src.trainer -   {'loss': 1.1578624248504639, 'learning_rate': 1e-06, 'global_step': 19240, 'zo_forward_step': 38482, 'max_steps': 20000, 'max_zo_forward_steps': 0, 'time': 2690, 'eps': 3e-06}
03/25/2026 23:45:01 - INFO - src.trainer -   {'loss': 0.6161328554153442, 'learning_rate': 1e-06, 'global_step': 19250, 'zo_forward_step': 38502, 'max_steps': 20000, 'max_zo_forward_steps': 0, 'time': 2691, 'eps': 3e-06}
03/25/2026 23:45:03 - INFO - src.trainer -   {'loss': 1.0762734413146973, 'learning_rate': 1e-06, 'global_step': 19260, 'zo_forward_step': 38522, 'max_steps': 20000, 'max_zo_forward_steps': 0, 'time': 2692, 'eps': 3e-06}
03/25/2026 23:45:04 - INFO - src.trainer -   {'loss': 1.130157232284546, 'learning_rate': 1e-06, 'global_step': 19270, 'zo_forward_step': 38542, 'max_steps': 20000, 'max_zo_forward_steps': 0, 'time': 2693, 'eps': 3e-06}
03/25/2026 23:45:05 - INFO - src.trainer -   {'loss': 0.6355375051498413, 'learning_rate': 1e-06, 'global_step': 19280, 'zo_forward_step': 38562, 'max_steps': 20000, 'max_zo_forward_steps': 0, 'time': 2695, 'eps': 3e-06}
03/25/2026 23:45:07 - INFO - src.trainer -   {'loss': 1.1195465326309204, 'learning_rate': 1e-06, 'global_step': 19290, 'zo_forward_step': 38582, 'max_steps': 20000, 'max_zo_forward_steps': 0, 'time': 2696, 'eps': 3e-06}
03/25/2026 23:45:08 - INFO - src.trainer -   {'loss': 1.0993517637252808, 'learning_rate': 1e-06, 'global_step': 19300, 'zo_forward_step': 38602, 'max_steps': 20000, 'max_zo_forward_steps': 0, 'time': 2698, 'eps': 3e-06}
03/25/2026 23:45:09 - INFO - src.trainer -   {'loss': 0.6423243284225464, 'learning_rate': 1e-06, 'global_step': 19310, 'zo_forward_step': 38622, 'max_steps': 20000, 'max_zo_forward_steps': 0, 'time': 2699, 'eps': 3e-06}
03/25/2026 23:45:10 - INFO - src.trainer -   {'loss': 1.1239057779312134, 'learning_rate': 1e-06, 'global_step': 19320, 'zo_forward_step': 38642, 'max_steps': 20000, 'max_zo_forward_steps': 0, 'time': 2700, 'eps': 3e-06}
1920it [44:37,  1.06s/it]03/25/2026 23:45:11 - INFO - src.trainer -   {'loss': 1.0664938688278198, 'learning_rate': 1e-06, 'global_step': 19330, 'zo_forward_step': 38662, 'max_steps': 20000, 'max_zo_forward_steps': 0, 'time': 2701, 'eps': 3e-06}
03/25/2026 23:45:13 - INFO - src.trainer -   {'loss': 0.6292859315872192, 'learning_rate': 1e-06, 'global_step': 19340, 'zo_forward_step': 38682, 'max_steps': 20000, 'max_zo_forward_steps': 0, 'time': 2702, 'eps': 3e-06}
03/25/2026 23:45:14 - INFO - src.trainer -   {'loss': 1.1234698295593262, 'learning_rate': 1e-06, 'global_step': 19350, 'zo_forward_step': 38702, 'max_steps': 20000, 'max_zo_forward_steps': 0, 'time': 2703, 'eps': 3e-06}
03/25/2026 23:45:15 - INFO - src.trainer -   {'loss': 1.0802122354507446, 'learning_rate': 1e-06, 'global_step': 19360, 'zo_forward_step': 38722, 'max_steps': 20000, 'max_zo_forward_steps': 0, 'time': 2705, 'eps': 3e-06}
03/25/2026 23:45:16 - INFO - src.trainer -   {'loss': 0.6322804689407349, 'learning_rate': 1e-06, 'global_step': 19370, 'zo_forward_step': 38742, 'max_steps': 20000, 'max_zo_forward_steps': 0, 'time': 2706, 'eps': 3e-06}
03/25/2026 23:45:17 - INFO - src.trainer -   {'loss': 1.0990192890167236, 'learning_rate': 1e-06, 'global_step': 19380, 'zo_forward_step': 38762, 'max_steps': 20000, 'max_zo_forward_steps': 0, 'time': 2707, 'eps': 3e-06}
03/25/2026 23:45:19 - INFO - src.trainer -   {'loss': 1.0643960237503052, 'learning_rate': 1e-06, 'global_step': 19390, 'zo_forward_step': 38782, 'max_steps': 20000, 'max_zo_forward_steps': 0, 'time': 2709, 'eps': 3e-06}
1921it [44:46,  1.61s/it]1932it [44:46,  1.09s/it]03/25/2026 23:45:20 - INFO - src.trainer -   {'eval_loss': 1.3213896751403809, 'eval_acc': 0.475}
03/25/2026 23:45:22 - INFO - src.trainer -   [zo_probe] step=19400 eps=3.000e-06 precision=fp32 n=16 mae=4.772467e-02 rmse=6.065070e-02 sign_acc=1.0000 corr=0.999999
03/25/2026 23:45:22 - INFO - src.trainer -   {'loss': 0.6602020859718323, 'learning_rate': 1e-06, 'global_step': 19400, 'zo_forward_step': 38802, 'max_steps': 20000, 'max_zo_forward_steps': 0, 'time': 2712, 'eps': 3e-06}
03/25/2026 23:45:23 - INFO - src.trainer -   {'loss': 1.089106559753418, 'learning_rate': 1e-06, 'global_step': 19410, 'zo_forward_step': 38822, 'max_steps': 20000, 'max_zo_forward_steps': 0, 'time': 2713, 'eps': 3e-06}
03/25/2026 23:45:25 - INFO - src.trainer -   {'loss': 1.0663739442825317, 'learning_rate': 1e-06, 'global_step': 19420, 'zo_forward_step': 38842, 'max_steps': 20000, 'max_zo_forward_steps': 0, 'time': 2714, 'eps': 3e-06}
03/25/2026 23:45:26 - INFO - src.trainer -   {'loss': 0.6663058996200562, 'learning_rate': 1e-06, 'global_step': 19430, 'zo_forward_step': 38862, 'max_steps': 20000, 'max_zo_forward_steps': 0, 'time': 2716, 'eps': 3e-06}
03/25/2026 23:45:28 - INFO - src.trainer -   {'loss': 1.0883536338806152, 'learning_rate': 1e-06, 'global_step': 19440, 'zo_forward_step': 38882, 'max_steps': 20000, 'max_zo_forward_steps': 0, 'time': 2718, 'eps': 3e-06}
03/25/2026 23:45:29 - INFO - src.trainer -   {'loss': 1.0513370037078857, 'learning_rate': 1e-06, 'global_step': 19450, 'zo_forward_step': 38902, 'max_steps': 20000, 'max_zo_forward_steps': 0, 'time': 2719, 'eps': 3e-06}
1940it [44:57,  1.09s/it]03/25/2026 23:45:32 - INFO - src.trainer -   {'loss': 0.6834606528282166, 'learning_rate': 1e-06, 'global_step': 19460, 'zo_forward_step': 38922, 'max_steps': 20000, 'max_zo_forward_steps': 0, 'time': 2721, 'eps': 3e-06}
03/25/2026 23:45:33 - INFO - src.trainer -   {'loss': 1.1028004884719849, 'learning_rate': 1e-06, 'global_step': 19470, 'zo_forward_step': 38942, 'max_steps': 20000, 'max_zo_forward_steps': 0, 'time': 2723, 'eps': 3e-06}
03/25/2026 23:45:36 - INFO - src.trainer -   {'loss': 1.0371698141098022, 'learning_rate': 1e-06, 'global_step': 19480, 'zo_forward_step': 38962, 'max_steps': 20000, 'max_zo_forward_steps': 0, 'time': 2726, 'eps': 3e-06}
03/25/2026 23:45:39 - INFO - src.trainer -   {'loss': 0.6627491116523743, 'learning_rate': 1e-06, 'global_step': 19490, 'zo_forward_step': 38982, 'max_steps': 20000, 'max_zo_forward_steps': 0, 'time': 2729, 'eps': 3e-06}
03/25/2026 23:45:41 - INFO - src.trainer -   {'loss': 1.0933947563171387, 'learning_rate': 1e-06, 'global_step': 19500, 'zo_forward_step': 39002, 'max_steps': 20000, 'max_zo_forward_steps': 0, 'time': 2730, 'eps': 3e-06}
03/25/2026 23:45:43 - INFO - src.trainer -   {'loss': 1.0498664379119873, 'learning_rate': 1e-06, 'global_step': 19510, 'zo_forward_step': 39022, 'max_steps': 20000, 'max_zo_forward_steps': 0, 'time': 2733, 'eps': 3e-06}
03/25/2026 23:45:44 - INFO - src.trainer -   {'loss': 0.6722206473350525, 'learning_rate': 1e-06, 'global_step': 19520, 'zo_forward_step': 39042, 'max_steps': 20000, 'max_zo_forward_steps': 0, 'time': 2734, 'eps': 3e-06}
03/25/2026 23:45:45 - INFO - src.trainer -   {'loss': 1.087217092514038, 'learning_rate': 1e-06, 'global_step': 19530, 'zo_forward_step': 39062, 'max_steps': 20000, 'max_zo_forward_steps': 0, 'time': 2735, 'eps': 3e-06}
03/25/2026 23:45:48 - INFO - src.trainer -   {'loss': 1.0438004732131958, 'learning_rate': 1e-06, 'global_step': 19540, 'zo_forward_step': 39082, 'max_steps': 20000, 'max_zo_forward_steps': 0, 'time': 2738, 'eps': 3e-06}
03/25/2026 23:45:49 - INFO - src.trainer -   {'loss': 0.6576042771339417, 'learning_rate': 1e-06, 'global_step': 19550, 'zo_forward_step': 39102, 'max_steps': 20000, 'max_zo_forward_steps': 0, 'time': 2739, 'eps': 3e-06}
03/25/2026 23:45:50 - INFO - src.trainer -   {'loss': 1.1125624179840088, 'learning_rate': 1e-06, 'global_step': 19560, 'zo_forward_step': 39122, 'max_steps': 20000, 'max_zo_forward_steps': 0, 'time': 2740, 'eps': 3e-06}
03/25/2026 23:45:51 - INFO - src.trainer -   {'loss': 1.0035861730575562, 'learning_rate': 1e-06, 'global_step': 19570, 'zo_forward_step': 39142, 'max_steps': 20000, 'max_zo_forward_steps': 0, 'time': 2741, 'eps': 3e-06}
03/25/2026 23:45:52 - INFO - src.trainer -   {'loss': 0.6685940623283386, 'learning_rate': 1e-06, 'global_step': 19580, 'zo_forward_step': 39162, 'max_steps': 20000, 'max_zo_forward_steps': 0, 'time': 2742, 'eps': 3e-06}
03/25/2026 23:45:54 - INFO - src.trainer -   {'loss': 1.126671552658081, 'learning_rate': 1e-06, 'global_step': 19590, 'zo_forward_step': 39182, 'max_steps': 20000, 'max_zo_forward_steps': 0, 'time': 2743, 'eps': 3e-06}
1941it [45:21,  1.84s/it]1952it [45:21,  1.25s/it]03/25/2026 23:45:55 - INFO - src.trainer -   {'eval_loss': 1.316074252128601, 'eval_acc': 0.45}
03/25/2026 23:45:58 - INFO - src.trainer -   [zo_probe] step=19600 eps=3.000e-06 precision=fp32 n=16 mae=6.308742e-02 rmse=7.776010e-02 sign_acc=1.0000 corr=0.999999
03/25/2026 23:45:58 - INFO - src.trainer -   {'loss': 1.002945899963379, 'learning_rate': 1e-06, 'global_step': 19600, 'zo_forward_step': 39202, 'max_steps': 20000, 'max_zo_forward_steps': 0, 'time': 2748, 'eps': 3e-06}
03/25/2026 23:45:59 - INFO - src.trainer -   {'loss': 0.6635887622833252, 'learning_rate': 1e-06, 'global_step': 19610, 'zo_forward_step': 39222, 'max_steps': 20000, 'max_zo_forward_steps': 0, 'time': 2749, 'eps': 3e-06}
03/25/2026 23:46:00 - INFO - src.trainer -   {'loss': 1.1258336305618286, 'learning_rate': 1e-06, 'global_step': 19620, 'zo_forward_step': 39242, 'max_steps': 20000, 'max_zo_forward_steps': 0, 'time': 2750, 'eps': 3e-06}
03/25/2026 23:46:03 - INFO - src.trainer -   {'loss': 0.9915516376495361, 'learning_rate': 1e-06, 'global_step': 19630, 'zo_forward_step': 39262, 'max_steps': 20000, 'max_zo_forward_steps': 0, 'time': 2752, 'eps': 3e-06}
03/25/2026 23:46:04 - INFO - src.trainer -   {'loss': 0.6437816023826599, 'learning_rate': 1e-06, 'global_step': 19640, 'zo_forward_step': 39282, 'max_steps': 20000, 'max_zo_forward_steps': 0, 'time': 2753, 'eps': 3e-06}
03/25/2026 23:46:05 - INFO - src.trainer -   {'loss': 1.1322063207626343, 'learning_rate': 1e-06, 'global_step': 19650, 'zo_forward_step': 39302, 'max_steps': 20000, 'max_zo_forward_steps': 0, 'time': 2755, 'eps': 3e-06}
03/25/2026 23:46:06 - INFO - src.trainer -   {'loss': 0.9917656779289246, 'learning_rate': 1e-06, 'global_step': 19660, 'zo_forward_step': 39322, 'max_steps': 20000, 'max_zo_forward_steps': 0, 'time': 2756, 'eps': 3e-06}
03/25/2026 23:46:07 - INFO - src.trainer -   {'loss': 0.6590700745582581, 'learning_rate': 1e-06, 'global_step': 19670, 'zo_forward_step': 39342, 'max_steps': 20000, 'max_zo_forward_steps': 0, 'time': 2757, 'eps': 3e-06}
03/25/2026 23:46:08 - INFO - src.trainer -   {'loss': 1.1391087770462036, 'learning_rate': 1e-06, 'global_step': 19680, 'zo_forward_step': 39362, 'max_steps': 20000, 'max_zo_forward_steps': 0, 'time': 2758, 'eps': 3e-06}
03/25/2026 23:46:09 - INFO - src.trainer -   {'loss': 0.9642469882965088, 'learning_rate': 1e-06, 'global_step': 19690, 'zo_forward_step': 39382, 'max_steps': 20000, 'max_zo_forward_steps': 0, 'time': 2759, 'eps': 3e-06}
03/25/2026 23:46:11 - INFO - src.trainer -   {'loss': 0.6675792932510376, 'learning_rate': 1e-06, 'global_step': 19700, 'zo_forward_step': 39402, 'max_steps': 20000, 'max_zo_forward_steps': 0, 'time': 2761, 'eps': 3e-06}
1960it [45:37,  1.25s/it]03/25/2026 23:46:12 - INFO - src.trainer -   {'loss': 1.1426198482513428, 'learning_rate': 1e-06, 'global_step': 19710, 'zo_forward_step': 39422, 'max_steps': 20000, 'max_zo_forward_steps': 0, 'time': 2762, 'eps': 3e-06}
03/25/2026 23:46:13 - INFO - src.trainer -   {'loss': 0.9641991257667542, 'learning_rate': 1e-06, 'global_step': 19720, 'zo_forward_step': 39442, 'max_steps': 20000, 'max_zo_forward_steps': 0, 'time': 2763, 'eps': 3e-06}
03/25/2026 23:46:14 - INFO - src.trainer -   {'loss': 0.6497676968574524, 'learning_rate': 1e-06, 'global_step': 19730, 'zo_forward_step': 39462, 'max_steps': 20000, 'max_zo_forward_steps': 0, 'time': 2764, 'eps': 3e-06}
03/25/2026 23:46:16 - INFO - src.trainer -   {'loss': 1.1315075159072876, 'learning_rate': 1e-06, 'global_step': 19740, 'zo_forward_step': 39482, 'max_steps': 20000, 'max_zo_forward_steps': 0, 'time': 2765, 'eps': 3e-06}
03/25/2026 23:46:17 - INFO - src.trainer -   {'loss': 0.9774359464645386, 'learning_rate': 1e-06, 'global_step': 19750, 'zo_forward_step': 39502, 'max_steps': 20000, 'max_zo_forward_steps': 0, 'time': 2766, 'eps': 3e-06}
03/25/2026 23:46:18 - INFO - src.trainer -   {'loss': 0.6429865956306458, 'learning_rate': 1e-06, 'global_step': 19760, 'zo_forward_step': 39522, 'max_steps': 20000, 'max_zo_forward_steps': 0, 'time': 2768, 'eps': 3e-06}
03/25/2026 23:46:19 - INFO - src.trainer -   {'loss': 1.118994951248169, 'learning_rate': 1e-06, 'global_step': 19770, 'zo_forward_step': 39542, 'max_steps': 20000, 'max_zo_forward_steps': 0, 'time': 2769, 'eps': 3e-06}
03/25/2026 23:46:21 - INFO - src.trainer -   {'loss': 1.0014045238494873, 'learning_rate': 1e-06, 'global_step': 19780, 'zo_forward_step': 39562, 'max_steps': 20000, 'max_zo_forward_steps': 0, 'time': 2771, 'eps': 3e-06}
03/25/2026 23:46:22 - INFO - src.trainer -   {'loss': 0.6539575457572937, 'learning_rate': 1e-06, 'global_step': 19790, 'zo_forward_step': 39582, 'max_steps': 20000, 'max_zo_forward_steps': 0, 'time': 2772, 'eps': 3e-06}
1961it [45:50,  1.78s/it]1972it [45:50,  1.21s/it]03/25/2026 23:46:24 - INFO - src.trainer -   {'eval_loss': 1.3072640895843506, 'eval_acc': 0.4375}
03/25/2026 23:46:27 - INFO - src.trainer -   [zo_probe] step=19800 eps=3.000e-06 precision=fp32 n=16 mae=5.656010e-02 rmse=6.906720e-02 sign_acc=1.0000 corr=1.000000
03/25/2026 23:46:27 - INFO - src.trainer -   {'loss': 1.1055634021759033, 'learning_rate': 1e-06, 'global_step': 19800, 'zo_forward_step': 39602, 'max_steps': 20000, 'max_zo_forward_steps': 0, 'time': 2777, 'eps': 3e-06}
03/25/2026 23:46:29 - INFO - src.trainer -   {'loss': 0.9836715459823608, 'learning_rate': 1e-06, 'global_step': 19810, 'zo_forward_step': 39622, 'max_steps': 20000, 'max_zo_forward_steps': 0, 'time': 2779, 'eps': 3e-06}
03/25/2026 23:46:30 - INFO - src.trainer -   {'loss': 0.6780611872673035, 'learning_rate': 1e-06, 'global_step': 19820, 'zo_forward_step': 39642, 'max_steps': 20000, 'max_zo_forward_steps': 0, 'time': 2780, 'eps': 3e-06}
03/25/2026 23:46:31 - INFO - src.trainer -   {'loss': 1.1011970043182373, 'learning_rate': 1e-06, 'global_step': 19830, 'zo_forward_step': 39662, 'max_steps': 20000, 'max_zo_forward_steps': 0, 'time': 2781, 'eps': 3e-06}
03/25/2026 23:46:32 - INFO - src.trainer -   {'loss': 0.9779763221740723, 'learning_rate': 1e-06, 'global_step': 19840, 'zo_forward_step': 39682, 'max_steps': 20000, 'max_zo_forward_steps': 0, 'time': 2782, 'eps': 3e-06}
03/25/2026 23:46:34 - INFO - src.trainer -   {'loss': 0.682620644569397, 'learning_rate': 1e-06, 'global_step': 19850, 'zo_forward_step': 39702, 'max_steps': 20000, 'max_zo_forward_steps': 0, 'time': 2783, 'eps': 3e-06}
03/25/2026 23:46:35 - INFO - src.trainer -   {'loss': 1.1111125946044922, 'learning_rate': 1e-06, 'global_step': 19860, 'zo_forward_step': 39722, 'max_steps': 20000, 'max_zo_forward_steps': 0, 'time': 2784, 'eps': 3e-06}
03/25/2026 23:46:36 - INFO - src.trainer -   {'loss': 0.9599864482879639, 'learning_rate': 1e-06, 'global_step': 19870, 'zo_forward_step': 39742, 'max_steps': 20000, 'max_zo_forward_steps': 0, 'time': 2785, 'eps': 3e-06}
03/25/2026 23:46:37 - INFO - src.trainer -   {'loss': 0.6732994318008423, 'learning_rate': 1e-06, 'global_step': 19880, 'zo_forward_step': 39762, 'max_steps': 20000, 'max_zo_forward_steps': 0, 'time': 2787, 'eps': 3e-06}
03/25/2026 23:46:38 - INFO - src.trainer -   {'loss': 1.1094639301300049, 'learning_rate': 1e-06, 'global_step': 19890, 'zo_forward_step': 39782, 'max_steps': 20000, 'max_zo_forward_steps': 0, 'time': 2788, 'eps': 3e-06}
03/25/2026 23:46:39 - INFO - src.trainer -   {'loss': 0.9707258343696594, 'learning_rate': 1e-06, 'global_step': 19900, 'zo_forward_step': 39802, 'max_steps': 20000, 'max_zo_forward_steps': 0, 'time': 2789, 'eps': 3e-06}
03/25/2026 23:46:40 - INFO - src.trainer -   {'loss': 0.6646139621734619, 'learning_rate': 1e-06, 'global_step': 19910, 'zo_forward_step': 39822, 'max_steps': 20000, 'max_zo_forward_steps': 0, 'time': 2790, 'eps': 3e-06}
1980it [46:07,  1.21s/it]03/25/2026 23:46:42 - INFO - src.trainer -   {'loss': 1.091992974281311, 'learning_rate': 1e-06, 'global_step': 19920, 'zo_forward_step': 39842, 'max_steps': 20000, 'max_zo_forward_steps': 0, 'time': 2791, 'eps': 3e-06}
03/25/2026 23:46:43 - INFO - src.trainer -   {'loss': 1.0166839361190796, 'learning_rate': 1e-06, 'global_step': 19930, 'zo_forward_step': 39862, 'max_steps': 20000, 'max_zo_forward_steps': 0, 'time': 2792, 'eps': 3e-06}
03/25/2026 23:46:44 - INFO - src.trainer -   {'loss': 0.6533722281455994, 'learning_rate': 1e-06, 'global_step': 19940, 'zo_forward_step': 39882, 'max_steps': 20000, 'max_zo_forward_steps': 0, 'time': 2794, 'eps': 3e-06}
03/25/2026 23:46:47 - INFO - src.trainer -   {'loss': 1.0986181497573853, 'learning_rate': 1e-06, 'global_step': 19950, 'zo_forward_step': 39902, 'max_steps': 20000, 'max_zo_forward_steps': 0, 'time': 2797, 'eps': 3e-06}
03/25/2026 23:46:48 - INFO - src.trainer -   {'loss': 1.0389893054962158, 'learning_rate': 1e-06, 'global_step': 19960, 'zo_forward_step': 39922, 'max_steps': 20000, 'max_zo_forward_steps': 0, 'time': 2798, 'eps': 3e-06}
03/25/2026 23:46:49 - INFO - src.trainer -   {'loss': 0.64601069688797, 'learning_rate': 1e-06, 'global_step': 19970, 'zo_forward_step': 39942, 'max_steps': 20000, 'max_zo_forward_steps': 0, 'time': 2799, 'eps': 3e-06}
03/25/2026 23:46:50 - INFO - src.trainer -   {'loss': 1.0755690336227417, 'learning_rate': 1e-06, 'global_step': 19980, 'zo_forward_step': 39962, 'max_steps': 20000, 'max_zo_forward_steps': 0, 'time': 2800, 'eps': 3e-06}
03/25/2026 23:46:52 - INFO - src.trainer -   {'loss': 1.033977746963501, 'learning_rate': 1e-06, 'global_step': 19990, 'zo_forward_step': 39982, 'max_steps': 20000, 'max_zo_forward_steps': 0, 'time': 2801, 'eps': 3e-06}
1981it [46:19,  1.77s/it]1992it [46:19,  1.20s/it]03/25/2026 23:46:53 - INFO - src.trainer -   {'eval_loss': 1.3175050020217896, 'eval_acc': 0.4}
03/25/2026 23:46:55 - INFO - src.trainer -   [zo_probe] step=20000 eps=3.000e-06 precision=fp32 n=16 mae=4.303434e-02 rmse=5.490494e-02 sign_acc=1.0000 corr=1.000000
03/25/2026 23:46:55 - INFO - src.trainer -   {'loss': 0.626604437828064, 'learning_rate': 1e-06, 'global_step': 20000, 'zo_forward_step': 40002, 'max_steps': 20000, 'max_zo_forward_steps': 0, 'time': 2805, 'eps': 3e-06}
03/25/2026 23:46:55 - INFO - src.trainer -   [eval_loss_last5] mean=1.320873e+00 count=5 steps=[19200, 19400, 19600, 19800, 20000]
03/25/2026 23:46:55 - INFO - src.trainer -   

Training completed. Do not forget to share your model on huggingface.co/models =)


03/25/2026 23:46:56 - INFO - __main__ -   *** Validate ***
2003it [46:22,  1.10it/s]2014it [46:22,  1.59it/s]03/25/2026 23:46:56 - INFO - src.trainer -   {'eval_loss': 1.411238193511963, 'eval_acc': 0.5125}
03/25/2026 23:46:56 - INFO - __main__ -   ***** Eval results sst-5 *****
03/25/2026 23:46:56 - INFO - __main__ -     eval_loss = 1.411238193511963
03/25/2026 23:46:56 - INFO - __main__ -     eval_acc = 0.5125
03/25/2026 23:46:56 - INFO - root -   *** Test ***
2023it [46:22,  2.16it/s]2034it [46:22,  3.13it/s]2045it [46:23,  4.49it/s]2056it [46:23,  6.37it/s]2067it [46:23,  8.94it/s]2078it [46:23, 12.38it/s]2089it [46:23, 16.89it/s]2100it [46:23, 22.63it/s]2111it [46:23, 29.64it/s]2122it [46:23, 37.77it/s]2133it [46:23, 46.87it/s]2144it [46:23, 56.22it/s]2155it [46:24, 65.40it/s]2166it [46:24, 73.71it/s]2177it [46:24, 80.99it/s]2188it [46:24, 86.90it/s]2199it [46:24, 91.67it/s]2210it [46:24, 95.29it/s]2221it [46:24, 98.01it/s]2232it [46:24, 100.10it/s]2243it [46:24, 101.46it/s]2254it [46:25, 102.61it/s]2265it [46:25, 103.39it/s]03/25/2026 23:46:59 - INFO - src.trainer -   {'eval_loss': 1.4704877138137817, 'eval_acc': 0.339}
03/25/2026 23:46:59 - INFO - __main__ -   ***** Test results sst-5 *****
03/25/2026 23:46:59 - INFO - __main__ -     eval_loss = 1.4704877138137817
03/25/2026 23:46:59 - INFO - __main__ -     eval_acc = 0.339
03/25/2026 23:46:59 - INFO - __main__ -   ****** Output Dir *******
03/25/2026 23:46:59 - INFO - __main__ -   /home/jy03364/MeZO/medium_models/sh_file/sst5/bs32/h_precision_sweep/result/sst5-bs32-h-precision-sweep/fp32/eps_3e-6/seed13
2270it [46:25,  1.23s/it] 
