configured_sparse_ratio,active_fraction,repeat,active_coordinates,int8_scale,code_step,h,delta_norm,loss_gap,abs_loss_gap,fd_projection,true_projection,projection_error,projection_error_sq,unit_fd_projection,unit_true_projection,unit_projection_error,unit_projection_error_sq,linear_gap,truncation_abs,truncation_rel,minibatch_gap_std,minibatch_signal_quality_snr,loss_noise_floor,loss_gap_floor_snr
0.005,0.0048828125,0,10,0.019134938247560514,8,0.15307950598048412,0.4840799570083618,0.00017361323989462107,0.00017361323989462107,0.0005670688534778613,0.0005670634564012289,5.397076632395609e-09,2.9128436175950726e-17,0.0001793228963326219,0.00017932117043528706,1.7258973348513364e-09,2.978721610446946e-18,0.00017361158753097182,1.6523636492545794e-09,9.517588501745613e-06,0.001372893457300961,0.12645791191687658,0.0001,1.7361323989462107
0.005,0.0048828125,1,10,0.019134938247560514,8,0.15307950598048412,0.4840799570083618,-0.0001924935495480895,0.0001924935495480895,-0.0006287371660731327,-0.0006287366850301623,-4.810429703227051e-10,2.314023392968909e-19,-0.00019882412684229812,-0.00019882398191839457,-1.4492390355272042e-10,2.100293782095821e-20,-0.00019249340227244898,1.4727564052194678e-10,7.650944852307071e-07,0.0014152971561998129,0.1360092816585248,0.0001,1.924935495480895
0.005,0.0048828125,2,10,0.019134938247560514,8,0.15307950598048412,0.4840799570083618,0.0004770359955728054,0.0004770359955728054,0.0015581314837585837,0.0015581196639686823,1.1819789901392277e-08,1.3970743331305487e-16,0.0004927243822703501,0.0004927206318825483,3.750387801747593e-09,1.406540866349714e-17,0.0004770323768376076,3.6187351977814974e-09,7.585932053021623e-06,0.0013600853271782398,0.35073975583760536,0.0001,4.770359955728054
0.005,0.0048828125,3,10,0.019134938247560514,8,0.15307950598048412,0.4840799570083618,4.930615887133172e-06,4.930615887133172e-06,1.610475502763175e-05,1.6097270417958498e-05,7.484609673250481e-09,5.601938196091468e-17,5.0927701258327474e-06,5.090434569865465e-06,2.335555967282273e-09,5.454821676307834e-18,4.928324406430696e-06,2.2914807024761584e-09,0.0004649614176140948,0.001355792279355228,0.003636704502756143,0.0001,0.04930615887133172
0.005,0.0048828125,4,10,0.019134938247560514,8,0.15307950598048412,0.4840799570083618,0.00017361323989462107,0.00017361323989462107,0.0005670688534778613,0.0005670634564012289,5.397076632395609e-09,2.9128436175950726e-17,0.0001793228963326219,0.00017932117043528706,1.7258973348513364e-09,2.978721610446946e-18,0.00017361158753097182,1.6523636492545794e-09,9.517588501745613e-06,0.001372893457300961,0.12645791191687658,0.0001,1.7361323989462107
0.005,0.0048828125,5,10,0.019134938247560514,8,0.15307950598048412,0.4840799570083618,0.0002195590641349554,0.0002195590641349554,0.0007171406215634987,0.0007171466713771224,-6.049813623698087e-09,3.6600244881482984e-17,0.00022677975090297202,0.00022678164532408118,-1.894421109159593e-09,3.588831338829463e-18,0.00021956091633991697,1.8522049615625827e-09,8.43595022483446e-06,0.001408373354934156,0.15589549700421604,0.0001,2.195590641349554
0.005,0.0048828125,6,10,0.019134938247560514,8,0.15307950598048412,0.4840799570083618,0.0005401053349487484,0.0005401053349487484,0.0017641333877103235,0.0017641494050621986,-1.601735187518015e-08,2.5655556109333704e-16,0.0005578678967485311,0.0005578729906119406,-5.093863409528186e-09,2.594744443493012e-17,0.0005401102388053726,4.903856624265991e-09,9.079362455917233e-06,0.0013282892759889364,0.4066172517628961,0.0001,5.4010533494874835
0.005,0.0048828125,7,10,0.019134938247560514,8,0.15307950598048412,0.4840799570083618,0.000547472620382905,0.000547472620382905,0.001788196979328838,0.001788198365829885,-1.3865010470032885e-09,1.922385153341215e-18,0.0005654774717035519,0.000565477879717946,-4.080143941893183e-10,1.664757458656764e-19,0.0005474730448726957,4.24489790648748e-10,7.753619920181731e-07,0.0013548858696594834,0.40407286889817406,0.0001,5.47472620382905
0.005,0.0048828125,8,10,0.019134938247560514,8,0.15307950598048412,0.4840799570083618,-0.00014438602374866605,0.00014438602374866605,-0.00047160468288640024,-0.0004716186667792499,1.3983892849667862e-08,1.9554925923099194e-16,-0.00014913447836280896,-0.00014913888298906386,4.404626254900972e-09,1.9400732445362963e-17,-0.00014439030504348425,4.281294818203564e-09,2.9650846827383728e-05,0.0013669570907950401,0.1056258639872077,0.0001,1.4438602374866605
0.005,0.0048828125,9,10,0.019134938247560514,8,0.15307950598048412,0.4840799570083618,0.00022210553288459778,0.00022210553288459778,0.0007254580927146241,0.0007254673982970417,-9.305582417584897e-09,8.659386413046517e-17,0.0002294099659250726,0.00022941292263567448,-2.9567106018851992e-09,8.742137583300337e-18,0.0002221083818725165,2.8489879187081676e-09,1.282701667847637e-05,0.0013499761698767543,0.16452552114669908,0.0001,2.221055328845978
0.005,0.0048828125,10,10,0.019134938247560514,8,0.15307950598048412,0.4840799570083618,0.00045005508582107723,0.00045005508582107723,0.0014700043710568745,0.001470012590289116,-8.21923224142776e-09,6.75557786385256e-17,0.00046485614546245624,0.00046485872007906437,-2.5746166081247815e-09,6.628650678831955e-18,0.00045005760221309934,2.51639202211067e-09,5.591266561739302e-06,0.0013610313180834055,0.3306721012524837,0.0001,4.500550858210772
0.005,0.0048828125,11,10,0.019134938247560514,8,0.15307950598048412,0.4840799570083618,-0.00023611595679540187,0.00023611595679540187,-0.0007712200117287547,-0.0007712198421359062,-1.6959284844519917e-10,2.876173424375629e-20,-0.0002438811536988747,-0.00024388112069573253,-3.3003142157084914e-11,1.0892073922407554e-21,-0.00023611590487302293,5.192237893976437e-11,2.1990208142770768e-07,0.0013773561222478747,0.1714269483262292,0.0001,2.3611595679540187
0.005,0.0048828125,12,10,0.019134938247560514,8,0.15307950598048412,0.4840799570083618,0.0007983461837284267,0.0007983461837284267,0.002607619415201819,0.0026076198555529118,-4.4035109282927754e-10,1.93909084955939e-19,0.0008246015685737598,0.0008246016222983599,-5.3724600072510564e-11,2.886332652951202e-21,0.0007983463185458822,1.3481745548497154e-10,1.688708926854322e-07,0.0013356417184695601,0.5977248035073421,0.0001,7.983461837284267
0.005,0.0048828125,13,10,0.019134938247560514,8,0.15307950598048412,0.4840799570083618,-0.0002459219831507653,0.0002459219831507653,-0.0008032492056190642,-0.0008032479090616107,-1.2965574535230354e-09,1.681061230286138e-18,-0.00025400967297900057,-0.0002540092682465911,-4.047324094792748e-10,1.6380832328289937e-19,-0.0002459215861980164,3.9695274888298937e-10,1.6141435773082661e-06,0.001347277662716806,0.18253251720574057,0.0001,2.459219831507653
0.005,0.0048828125,14,10,0.019134938247560514,8,0.15307950598048412,0.4840799570083618,-0.00020611147920135409,0.00020611147920135409,-0.0006732170902995694,-0.0006732073379680514,-9.752331517971953e-09,9.510797003642914e-17,-0.0002128899123144173,-0.00021288683637976646,-3.075934650839966e-09,9.461373976237983e-18,-0.00020610849343717224,2.9857641818480628e-09,1.448637138652517e-05,0.0013359005097299814,0.15428654881119427,0.0001,2.061114792013541
0.005,0.0048828125,15,10,0.019134938247560514,8,0.15307950598048412,0.4840799570083618,0.00048034629435278475,0.00048034629435278475,0.001568943835022643,0.001568937674164772,6.160857870954675e-09,3.795616970610417e-17,0.0004961435475673778,0.0004961416125297546,1.935037623190805e-09,3.74437060316392e-18,0.0004803444081506261,1.8862021586556893e-09,3.926770306159607e-06,0.0013746673939749599,0.34942728434390613,0.0001,4.8034629435278475
0.005,0.0048828125,16,10,0.019134938247560514,8,0.15307950598048412,0.4840799570083618,0.0002659948368091136,0.0002659948368091136,0.0008688126967271011,0.0008688149973750114,-2.3006479103531915e-09,5.292980807412507e-18,0.000274742666948013,0.0002747434191405773,-7.521925643114158e-10,5.657936538053834e-19,0.0002659955411732047,7.043640910873832e-10,2.648029692455378e-06,0.001370551181025803,0.19407873306126885,0.0001,2.659948368091136
0.005,0.0048828125,17,10,0.019134938247560514,8,0.15307950598048412,0.4840799570083618,-0.0003369784390088171,0.0003369784390088171,-0.001100664771716006,-0.0011006685672327876,3.795516781510827e-09,1.4405947638730307e-17,-0.00034806072233537676,-0.0003480619634501636,1.2411147868435744e-09,1.5403659141217713e-18,-0.0003369796010404848,1.162031667721261e-09,3.4483739197663016e-06,0.0013578537618741393,0.2481699049415396,0.0001,3.3697843900881708
0.005,0.0048828125,18,10,0.019134938247560514,8,0.15307950598048412,0.4840799570083618,-0.00027262992807663977,0.00027262992807663977,-0.0008904847397123067,-0.0008904768619686365,-7.877743670174804e-09,6.205884533297919e-17,-0.00028159596790735387,-0.00028159350040368736,-2.467503666507293e-09,6.088574344226935e-18,-0.00027262751623442126,2.411842218508816e-09,8.84665734340246e-06,0.0013573928736150265,0.20084820936960437,0.0001,2.7262992807663977
0.005,0.0048828125,19,10,0.019134938247560514,8,0.15307950598048412,0.4840799570083618,-3.924989141523838e-05,3.924989141523838e-05,-0.0001282009997479424,-0.00012819693074561656,-4.069002325834611e-09,1.6556779927647476e-17,-4.0540711143882776e-05,-4.053941665915772e-05,-1.294484725052785e-09,1.6756907033949844e-18,-3.924864565350663e-05,1.245761731747915e-09,3.1740247618878375e-05,0.0013548769056797028,0.02896934123734867,0.0001,0.3924989141523838
0.005,0.0048828125,20,10,0.019134938247560514,8,0.15307950598048412,0.4840799570083618,-7.143177936086431e-05,7.143177936086431e-05,-0.0002333159455386897,-0.00023331813281401992,2.1872753302304686e-09,4.7841733702348056e-18,-7.378097184844861e-05,-7.378165901172906e-05,6.87163280446647e-10,4.721933739941972e-19,-7.14324490149183e-05,6.696540539831907e-10,9.374647841673985e-06,0.0014155808603391051,0.05046110848358934,0.0001,0.7143177936086431
0.005,0.0048828125,21,10,0.019134938247560514,8,0.15307950598048412,0.4840799570083618,0.0002351277944399044,0.0002351277944399044,0.0007679924002037232,0.0007680018898099661,-9.489606242842931e-09,9.005262664420353e-17,0.00024286049343274387,0.00024286351981572807,-3.02638298419638e-09,9.158993967033386e-18,0.0002351306997683756,2.90532847121148e-09,1.2356227723872228e-05,0.0013802041066810489,0.17035726332195303,0.0001,2.351277944399044
0.005,0.0048828125,22,10,0.019134938247560514,8,0.15307950598048412,0.4840799570083618,-0.0006536727305501699,0.0006536727305501699,-0.0021350759083110242,-0.0021350784227252007,2.514414176434804e-09,6.3222786506563124e-18,-0.0006751702080270993,-0.0006751710898242891,8.81797189737285e-10,7.775662838285735e-19,-0.0006536735003607299,7.698105599154847e-10,1.1776682999856421e-06,0.0013376886490732431,0.4886583518541758,0.0001,6.5367273055016994
0.005,0.0048828125,23,10,0.019134938247560514,8,0.15307950598048412,0.4840799570083618,-0.00010863449278986081,0.00010863449278986081,-0.0003548302958454493,-0.00035483180545270443,1.5096072551192517e-09,2.2789140647086815e-18,-0.0001122071790177261,-0.00011220765009056777,4.710728416639507e-10,2.2190962215334956e-19,-0.00010863495496972648,4.621798656680512e-10,4.254430498883603e-06,0.0013992016902193427,0.07764033845101415,0.0001,1.0863449278986081
0.005,0.0048828125,24,10,0.019134938247560514,8,0.15307950598048412,0.4840799570083618,0.0005637173890136182,0.0005637173890136182,0.0018412568860964502,0.0018412719946354628,-1.5108539012540986e-08,2.2826795109347297e-16,0.0005822564855787665,0.0005822612438350916,-4.758256325087563e-09,2.2641003255235803e-17,0.0005637220146289944,4.625615376190398e-09,8.205490039686813e-06,0.001345024793408811,0.4191130094969782,0.0001,5.637173890136182
0.005,0.0048828125,25,10,0.019134938247560514,8,0.15307950598048412,0.4840799570083618,5.7699333410710096e-05,5.7699333410710096e-05,0.00018846197941763053,0.00018846627790480852,-4.298487177989809e-09,1.847699201934279e-17,5.959690395703929e-05,5.95982710365206e-05,-1.3670794813089066e-09,1.868906308215829e-18,5.7700649431297435e-05,1.316020587338975e-09,2.2807725741560747e-05,0.0013989948201924562,0.04124342176104165,0.0001,0.576993334107101
0.005,0.0048828125,26,10,0.019134938247560514,8,0.15307950598048412,0.4840799570083618,-0.0002195590641349554,0.0002195590641349554,-0.0007171406215634987,-0.0007171466713771224,6.049813623698087e-09,3.6600244881482984e-17,-0.00022677975090297202,-0.00022678164532408118,1.894421109159593e-09,3.588831338829463e-18,-0.00021956091633991697,1.8522049615625827e-09,8.43595022483446e-06,0.001408373354934156,0.15589549700421604,0.0001,2.195590641349554
0.005,0.0048828125,27,10,0.019134938247560514,8,0.15307950598048412,0.4840799570083618,-0.000573350174818188,0.000573350174818188,-0.001872720228438951,-0.0018727290444076061,8.815968655182665e-09,7.772130332916325e-17,-0.0005922060669083683,-0.0005922089330852032,2.8661768348243674e-09,8.21496964848383e-18,-0.0005733528739064409,2.699088252921568e-09,4.7075516244155115e-06,0.0013368361396715045,0.42888590291931744,0.0001,5.7335017481818795
0.005,0.0048828125,28,10,0.019134938247560514,8,0.15307950598048412,0.4840799570083618,-0.000825895054731518,0.000825895054731518,-0.00269760164641768,-0.0026976000517606735,-1.5946570062694287e-09,2.542930967644177e-18,-0.0008530564452984075,-0.0008530559716746211,-4.736237863489298e-10,2.2431949099549673e-19,-0.0008258945665129046,4.882186134319219e-10,5.911391516877034e-07,0.001321336254477501,0.6250453296296662,0.0001,8.25895054731518
0.005,0.0048828125,29,10,0.019134938247560514,8,0.15307950598048412,0.4840799570083618,0.00018334547348786145,0.00018334547348786145,0.0005988570198000113,0.0005988508928567171,6.12694329418708e-09,3.753943413018403e-17,0.0001893751960119828,0.00018937326967716217,1.926334820633426e-09,3.710765841184813e-18,0.00018334359766895617,1.875818905289423e-09,1.0231166668150515e-05,0.0014173791278153658,0.12935527967767907,0.0001,1.8334547348786145
0.005,0.0048828125,30,10,0.019134938247560514,8,0.15307950598048412,0.4840799570083618,0.000376410927856341,0.000376410927856341,0.0012294621851743142,0.0012294655898585916,-3.404684277346845e-09,1.1591875028412807e-17,0.00038879003603307526,0.00038879114435985684,-1.1083267815884326e-09,1.2283882547861733e-18,0.0003764119702311154,1.0423747743865813e-09,2.769239176284876e-06,0.001356263179332018,0.27753531437882845,0.0001,3.76410927856341
0.005,0.0048828125,31,10,0.019134938247560514,8,0.15307950598048412,0.4840799570083618,-0.000395627343095839,0.000395627343095839,-0.0012922283115620878,-0.0012922321911901236,3.8796280357137475e-09,1.505151369549611e-17,-0.00040863842570640157,-0.00040863966569304466,1.2399866430954504e-09,1.5375668750551238e-18,-0.0003956285308789252,1.1877830861884917e-09,3.0022685258561158e-06,0.0013990873703733087,0.2827752944337397,0.0001,3.9562734309583902
0.01,0.009765625,0,20,0.019134938247560514,8,0.15307950598048412,0.6845923662185669,-1.000880729407072e-06,1.000880729407072e-06,-3.2691532514309034e-06,-3.280583769083023e-06,1.143051765211972e-08,1.3065673379542052e-16,-7.310048861160724e-07,-7.335911504924297e-07,2.5862643763573044e-09,6.6887634244148366e-18,-1.0043802853976475e-06,3.499555990575411e-09,0.003484293789368725,0.0019270515767857432,0.0005193845050460493,0.0001,0.01000880729407072
0.01,0.009765625,1,20,0.019134938247560514,8,0.15307950598048412,0.6845923662185669,-0.0005585966282524168,0.0005585966282524168,-0.0018245310653263785,-0.0018245353130623698,4.2477359912893725e-09,1.8043261051695108e-17,-0.00040797754679759024,-0.0004079784848727286,9.38075138347174e-10,8.799849651850697e-19,-0.000558597928735071,1.300482654182332e-09,2.328119363290941e-06,0.001952289487235248,0.286123872460881,0.0001,5.5859662825241685
0.01,0.009765625,2,20,0.019134938247560514,8,0.15307950598048412,0.6845923662185669,-7.328154606511816e-05,7.328154606511816e-05,-0.00023935779513967312,-0.00023937149671837687,1.3701578703757301e-08,1.877332589752556e-16,-5.352202981016142e-05,-5.352508742362261e-05,3.0576134611885806e-09,9.349000078041612e-18,-7.328574092691642e-05,4.194861798255487e-09,5.723980879771383e-05,0.001914642984047532,0.03827426140313734,0.0001,0.7328154606511816
0.01,0.009765625,3,20,0.019134938247560514,8,0.15307950598048412,0.6845923662185669,-0.00019881426123902202,0.00019881426123902202,-0.0006493823584208867,-0.0006493902183137834,7.859892896689563e-09,6.177791634743105e-17,-0.00014520630892891627,-0.00014520804688800126,1.7379590849960196e-09,3.020501781120202e-18,-0.0001988166676160654,2.4063770433756237e-09,1.2103497519748068e-05,0.001972834812477231,0.10077592912575217,0.0001,1.9881426123902202
0.01,0.009765625,4,20,0.019134938247560514,8,0.15307950598048412,0.6845923662185669,0.0006498845759779215,0.0006498845759779215,0.0021227027478804847,0.002122698351740837,4.396139647623587e-09,1.9326043801408036e-17,0.00047465076156753084,0.0004746497725136578,9.890538730356578e-10,9.782275637668352e-19,0.0006498832300601505,1.3459177710057127e-09,2.07101477427128e-06,0.001945174066349864,0.33410098726919363,0.0001,6.498845759779215
0.01,0.009765625,5,20,0.019134938247560514,8,0.15307950598048412,0.6845923662185669,-0.0006403170991688967,0.0006403170991688967,-0.0020914527227783508,-0.002091451082378626,-1.640399724910091e-09,2.6909112574851024e-18,-0.0004676630435610681,-0.000467662641312927,-4.0224814110015675e-10,1.618035670185316e-19,-0.0006403165969457377,5.02223159002009e-10,7.843356886227469e-07,0.0019302975852042437,0.3317193701514915,0.0001,6.403170991688967
0.01,0.009765625,6,20,0.019134938247560514,8,0.15307950598048412,0.6845923662185669,0.00043391212238930166,0.00043391212238930166,0.0014172769882227752,0.0014173146337270737,-3.76455042984912e-08,1.4171839938877195e-15,0.00031691276721800926,0.00031692118500359356,-8.417785584303051e-09,7.085911414330026e-17,0.00043392364789970243,1.1525510400776408e-08,2.6561148387654657e-05,0.0019233993953093886,0.22559647437109892,0.0001,4.339121223893017
0.01,0.009765625,7,20,0.019134938247560514,8,0.15307950598048412,0.6845923662185669,0.0002084213774651289,0.0002084213774651289,0.0006807618568213182,0.0006807538447901607,8.012031157554785e-09,6.419264326962866e-17,0.0001522229780448553,0.00015222124056890607,1.7374759492207095e-09,3.0188226741204053e-18,0.0002084189245095859,2.452955543004974e-09,1.1769351313835008e-05,0.0019575264304876328,0.10647180759301919,0.0001,2.084213774651289
0.01,0.009765625,8,20,0.019134938247560514,8,0.15307950598048412,0.6845923662185669,0.0002825866686180234,0.0002825866686180234,0.0009230062078135069,0.0009230119758285582,-5.768015051265535e-09,3.326999763162575e-17,0.00020639046136237748,0.00020639174908865243,-1.2877262749503258e-09,1.6582389591974421e-18,0.00028258843454781246,1.7659297890638102e-09,6.249122657442035e-06,0.0019918971229344606,0.1418681042129912,0.0001,2.825866686180234
0.01,0.009765625,9,20,0.019134938247560514,8,0.15307950598048412,0.6845923662185669,0.00038751066313125193,0.00038751066313125193,0.0012657169901654083,0.0012657108018174767,6.1883479315297946e-09,3.829565012166909e-17,0.00028302292156113016,0.00028302150894887745,1.4126122527030778e-09,1.995473376486864e-18,0.0003875087685127636,1.8946184883548295e-09,4.8892273989728455e-06,0.001973948208615184,0.19631247741961205,0.0001,3.8751066313125193
0.01,0.009765625,10,20,0.019134938247560514,8,0.15307950598048412,0.6845923662185669,-7.532979361712933e-05,7.532979361712933e-05,-0.0002460479380784421,-0.00024606380611658096,1.586803813883762e-08,2.5179463437560525e-16,-5.50179912414325e-05,-5.5021519074216485e-05,3.5278327839842645e-09,1.2445604151754167e-17,-7.533465176000768e-05,4.8581428783534084e-09,6.448749366798577e-05,0.001894366112537682,0.03976517164161998,0.0001,0.7532979361712933
0.01,0.009765625,11,20,0.019134938247560514,8,0.15307950598048412,0.6845923662185669,0.000730754341930151,0.000730754341930151,0.002386845767660479,0.0023868652060627937,-1.9438402314858605e-08,3.778514845543004e-16,0.0005337149360622918,0.0005337193142622709,-4.378199979101181e-09,1.9168635057001583e-17,0.0007307602931721978,5.95124204679897e-09,8.143904509322605e-06,0.0019336204277351499,0.3779202636921269,0.0001,7.30754341930151
0.01,0.009765625,12,20,0.019134938247560514,8,0.15307950598048412,0.6845923662185669,-0.0004471409192774445,0.0004471409192774445,-0.0014604858972253603,-0.001460499595850706,1.3698625345821488e-08,1.876523363651829e-16,-0.00032657457294425025,-0.00032657766132615507,3.088381904815113e-09,9.538102789989425e-18,-0.0004471451132350456,4.193957601128159e-09,9.379410569390636e-06,0.0019237130181863904,0.23243639516407358,0.0001,4.471409192774445
0.01,0.009765625,13,20,0.019134938247560514,8,0.15307950598048412,0.6845923662185669,-0.000572604185435921,0.000572604185435921,-0.0018702836208163666,-0.0018702989909797907,1.5370163424129057e-08,2.362419236844347e-16,-0.00041820812916653824,-0.0004182115662842989,3.437117760654758e-09,1.1813778500608378e-17,-0.0005726088911499685,4.7057140475925685e-09,8.218024764062078e-06,0.0018793839262798429,0.3046765365123483,0.0001,5.7260418543592095
0.01,0.009765625,14,20,0.019134938247560514,8,0.15307950598048412,0.6845923662185669,0.00021481468866113573,0.00021481468866113573,0.0007016441792297204,0.000701636599842459,7.579387261476972e-09,5.744711125943939e-17,0.00015689240726396938,0.00015689073188696057,1.6753770088102655e-09,2.8068881216500323e-18,0.00021481236816342047,2.32049771525843e-09,1.0802439985639422e-05,0.0019044113578274846,0.11279847065509636,0.0001,2.1481468866113573
0.01,0.009765625,15,20,0.019134938247560514,8,0.15307950598048412,0.6845923662185669,-1.867864375526551e-05,1.867864375526551e-05,-6.1009616001918716e-05,-6.1011756770312786e-05,2.1407683940702447e-09,4.582889317050095e-18,-1.3642164795409113e-05,-1.3642667909152806e-05,5.031137436932345e-10,2.531234390930217e-19,-1.8679299170801876e-05,6.554155363645538e-10,3.508780122698885e-05,0.001980840926989913,0.009429653588412872,0.0001,0.18678643755265512
0.01,0.009765625,16,20,0.019134938247560514,8,0.15307950598048412,0.6845923662185669,0.0003881750162690878,0.0003881750162690878,0.0012678869512375342,0.001267880667001009,6.284236525253006e-09,3.9491628705323976e-17,0.0002835081396051945,0.0002835067571140826,1.3824911119326641e-09,1.911281674572814e-18,0.00038817309229344227,1.9239756455223e-09,4.956488957425872e-06,0.001983967376872897,0.19565594716629064,0.0001,3.881750162690878
0.01,0.009765625,17,20,0.019134938247560514,8,0.15307950598048412,0.6845923662185669,-8.146346226567402e-05,8.146346226567402e-05,-0.0002660821961238224,-0.00026611052453517914,2.8328411356764397e-08,8.02498889998058e-16,-5.94977875050286e-05,-5.9504134696908295e-05,6.347191879697107e-09,4.02868447576929e-17,-8.147213526410544e-05,8.672998431415169e-09,0.00010645355498907947,0.001953470055013895,0.04170192527732122,0.0001,0.8146346226567402
0.01,0.009765625,18,20,0.019134938247560514,8,0.15307950598048412,0.6845923662185669,0.0002470407634973526,0.0002470407634973526,0.0008069034516248291,0.0008069546893239021,-5.123769907303382e-08,2.6253018062987707e-15,0.0001804290959756926,0.0001804405328584835,-1.14368827908867e-08,1.3080228797248036e-16,0.00024705645038067595,1.5686883323351095e-08,6.349513764639629e-05,0.0019277690444141626,0.12814852703085436,0.0001,2.470407634973526
0.01,0.009765625,19,20,0.019134938247560514,8,0.15307950598048412,0.6845923662185669,0.000620156351942569,0.000620156351942569,0.0020256021469707117,0.002025620313361287,-1.8166390575429653e-08,3.300177465390593e-16,0.0004529384072510782,0.0004529424768406898,-4.0695896115884936e-09,1.6561559606748985e-17,0.0006201619137467585,5.561804189511271e-09,8.968309833651634e-06,0.0019059849437326193,0.32537316413847156,0.0001,6.20156351942569
0.01,0.009765625,20,20,0.019134938247560514,8,0.15307950598048412,0.6845923662185669,-1.4474557247012854e-05,1.4474557247012854e-05,-4.7277906844232283e-05,-4.729139618575573e-05,1.348934152344618e-08,1.8196233473616932e-16,-1.0571661298945614e-05,-1.0574673069640994e-05,3.0117706953801024e-09,9.070762721550347e-18,-1.4478687130485676e-05,4.129883472822867e-09,0.00028523880898891513,0.001945529249496758,0.007439907290397678,0.0001,0.14474557247012854
0.01,0.009765625,21,20,0.019134938247560514,8,0.15307950598048412,0.6845923662185669,0.00045802895328961313,0.00045802895328961313,0.0014960492273472798,0.001496035372838378,1.3854508901884818e-08,1.9194741691240568e-16,0.0003345267752689052,0.0003345236473251134,3.127943791784646e-09,9.784032364564107e-18,0.0004580247116068565,4.2416827566072075e-09,9.260816390727925e-06,0.002010003663599491,0.22787468579503992,0.0001,4.580289532896131
0.01,0.009765625,22,20,0.019134938247560514,8,0.15307950598048412,0.6845923662185669,0.00047556692152284086,0.00047556692152284086,0.0015533330816453973,0.0015533443074673414,-1.1225821944108386e-08,1.2601907832082537e-16,0.0003473358344248675,0.00034733835491351783,-2.520488650312267e-09,6.352863036352954e-18,0.00047557035840939567,3.436886554812526e-09,7.226872941172409e-06,0.0019391293171793222,0.245247656930176,0.0001,4.755669215228409
0.01,0.009765625,23,20,0.019134938247560514,8,0.15307950598048412,0.6845923662185669,1.5226600226014853e-05,1.5226600226014853e-05,4.9734287187848875e-05,4.972569877281785e-05,8.588415031025355e-09,7.376087274514224e-17,1.1120924638789736e-05,1.1118943803012371e-05,1.9808357773646793e-09,3.923710376887933e-18,1.5223970805354644e-05,2.6294206602090094e-09,0.00017271582386930076,0.001962452894076705,0.007758963423771079,0.0001,0.15226600226014853
0.01,0.009765625,24,20,0.019134938247560514,8,0.15307950598048412,0.6845923662185669,4.305446054786444e-06,4.305446054786444e-06,1.4062777467204979e-05,1.403165515512228e-05,3.112231208269842e-08,9.68598309372876e-16,3.144532620607591e-06,3.1375602702610195e-06,6.972350346571541e-09,4.861366935533629e-17,4.295917678469264e-06,9.528376317180055e-09,0.0022180071943499716,0.0018645841628313065,0.0023090650133211327,0.0001,0.04305446054786444
0.01,0.009765625,25,20,0.019134938247560514,8,0.15307950598048412,0.6845923662185669,-0.00029361722408793867,0.00029361722408793867,-0.0009590350524301127,-0.0009590632980689406,2.8245638827970217e-08,7.978161128001387e-16,-0.00021444675589195566,-0.00021445307356771082,6.317675755153698e-09,3.991302694725685e-17,-0.00029362587174481446,8.647656875792557e-09,2.9451276975034735e-05,0.001958719687536359,0.14990262565709184,0.0001,2.9361722408793867
0.01,0.009765625,26,20,0.019134938247560514,8,0.15307950598048412,0.6845923662185669,0.000992331886664033,0.000992331886664033,0.0032412303668870736,0.0032412484288215637,-1.8061934490155168e-08,3.2623347752665684e-16,0.0007247611393516587,0.0007247651810757816,-4.041724122917645e-09,1.6335533885774404e-17,0.0009923374164880507,5.529824017745308e-09,5.572523947868185e-06,0.001924575655721128,0.5156107444849767,0.0001,9.92331886664033
0.01,0.009765625,27,20,0.019134938247560514,8,0.15307950598048412,0.6845923662185669,-0.00031259478419087827,0.00031259478419087827,-0.0010210210118875435,-0.0010210112668573856,-9.745030157826129e-09,9.496561277694075e-17,-0.00022830723771982396,-0.0002283050853293389,-2.1523904850551546e-09,4.6327848001559634e-18,-0.00031259180066207367,2.983528804600174e-09,9.544488365596984e-06,0.0019558104686439037,0.15982877134696055,0.0001,3.1259478419087827
0.01,0.009765625,28,20,0.019134938247560514,8,0.15307950598048412,0.6845923662185669,1.435135072824778e-05,1.435135072824778e-05,4.687548028172175e-05,4.6915607526898384e-05,-4.012724517663463e-08,1.610195805465747e-15,1.0481675984439684e-05,1.049067941494286e-05,-9.003430503176735e-09,8.106176082553328e-17,1.4363636045983773e-05,1.2285317735992717e-08,0.0008553069499019939,0.0019183603581041098,0.0074810505062933175,0.0001,0.1435135072824778
0.01,0.009765625,29,20,0.019134938247560514,8,0.15307950598048412,0.6845923662185669,0.000390564207918942,0.000390564207918942,0.0012756907118864574,0.0012756810756400228,9.636246434694198e-09,9.285724535015665e-17,0.00028525311352525963,0.0002852509496733546,2.1638519050030426e-09,4.682255066785297e-18,0.00039056125769525456,2.950223687418242e-09,7.553805272002247e-06,0.0018864255398511887,0.207039291860813,0.0001,3.9056420791894197
0.01,0.009765625,30,20,0.019134938247560514,8,0.15307950598048412,0.6845923662185669,0.0002852704201359302,0.0002852704201359302,0.0009317720824507329,0.0009317621006630361,9.98178769674729e-09,9.963608562293558e-17,0.00020835057050932196,0.00020834834140259773,2.2291067242378136e-09,4.968916788042236e-18,0.00028526736412167136,3.0560142588167624e-09,1.0712807152777984e-05,0.0019494746811687946,0.14633194413425168,0.0001,2.852704201359302
0.01,0.009765625,31,20,0.019134938247560514,8,0.15307950598048412,0.6845923662185669,0.0003340831317473203,0.0003340831317473203,0.0010912078975153997,0.001091215992346406,-8.094831006237937e-09,6.55262890195511e-17,0.00024400150237773686,0.00024400331312790513,-1.8107501682698268e-09,3.278816171889206e-18,0.0003340856100527831,2.478305462813666e-09,7.418174827769779e-06,0.0019034543074667454,0.1755141326150047,0.0001,3.340831317473203
0.02,0.02001953125,0,41,0.019134938247560514,8,0.15307950598048412,0.9801869988441467,0.0009316589566878974,0.0009316589566878974,0.003043055798751641,0.003043075557798147,-1.9759046506178518e-08,3.904199188333255e-16,0.0004752455183482976,0.00047524861292913556,-3.094580837946243e-09,9.576430562584073e-18,0.000931665006098053,6.049410155532092e-09,6.49311728565173e-06,0.0027270305436104536,0.3416386218595216,0.0001,9.316589566878974
0.02,0.02001953125,1,41,0.019134938247560514,8,0.15307950598048412,0.9801869988441467,6.608647527173162e-05,6.608647527173162e-05,0.00021585670416311928,0.00021580839529633522,4.830886678406092e-08,2.3337466099601447e-15,3.371115682500478e-05,3.3703690860420465e-05,7.465964584315644e-09,5.574062717425546e-17,6.607168507680805e-05,1.4790194923563278e-08,0.00022385072980006095,0.002708394080400467,0.02440061280224035,0.0001,0.6608647527173162
0.02,0.02001953125,2,41,0.019134938247560514,8,0.15307950598048412,0.9801869988441467,0.0006619091727770865,0.0006619091727770865,0.0021619784063762015,0.0021619759500026703,2.4563735312281565e-09,6.033770924918283e-18,0.00033764433396771287,0.0003376439562998712,3.776678416615026e-10,1.4263299862525778e-19,0.0006619084207361932,7.520408933179429e-10,1.136170608739955e-06,0.0027354995254427195,0.24197012889993524,0.0001,6.619091727770865
0.02,0.02001953125,3,41,0.019134938247560514,8,0.15307950598048412,0.9801869988441467,0.0009173180442303419,0.0009173180442303419,0.0029962144127486583,0.00299617787823081,3.653451784808512e-08,1.3347709943920502e-15,0.00046793012216651467,0.00046792440116405487,5.721002459800357e-09,3.2729869145041736e-17,0.0009173068588584551,1.1185371886850669e-08,1.2193707894837214e-05,0.0028357640840113163,0.3234817908169406,0.0001,9.17318044230342
0.02,0.02001953125,4,41,0.019134938247560514,8,0.15307950598048412,0.9801869988441467,-0.0007015971932560205,0.0007015971932560205,-0.0022916104568088498,-0.0022916197776794434,9.320870593583497e-09,8.687862862232956e-17,-0.00035788946093110596,-0.0003578909672796726,1.5063485666612884e-09,2.2690860042825183e-18,-0.0007016000469245521,2.853668531511977e-09,4.06737220731522e-06,0.0028211218304932117,0.2486943972686786,0.0001,7.0159719325602055
0.02,0.02001953125,5,41,0.019134938247560514,8,0.15307950598048412,0.9801869988441467,-0.0003086382639594376,0.0003086382639594376,-0.0010080979226532957,-0.0010081181535497308,2.0230896435099316e-08,4.092891705677142e-16,-0.00015743846037714697,-0.00015744162374176085,3.1633646138760213e-09,1.000687568032299e-17,-0.00030864445783070126,6.19387126364699e-09,2.006798147998651e-05,0.002676708158105612,0.11530516056627942,0.0001,3.086382639594376
0.02,0.02001953125,6,41,0.019134938247560514,8,0.15307950598048412,0.9801869988441467,-0.00019252167840022594,0.00019252167840022594,-0.0006288290426831213,-0.0006288903532549739,6.131057185261666e-08,3.75898622089487e-15,-9.82066068144399e-05,-9.821614366956055e-05,9.536855120653959e-09,9.095160559234363e-17,-0.0001925404491843271,1.8770784101162456e-08,9.749008159419214e-05,0.0028270056936889887,0.06810091639716595,0.0001,1.9252167840022594
0.02,0.02001953125,7,41,0.019134938247560514,8,0.15307950598048412,0.9801869988441467,0.00011837639613077044,0.00011837639613077044,0.00038665004623761356,0.00038662750739604235,2.2538841571210187e-08,5.079993793721125e-16,6.03845981788995e-05,6.038104766048491e-05,3.550518414586763e-09,1.26061810123197e-17,0.00011836949566130426,6.900469466189778e-09,5.829601138062114e-05,0.0027235508896410465,0.04346399275336177,0.0001,1.1837639613077044
0.02,0.02001953125,8,41,0.019134938247560514,8,0.15307950598048412,0.9801869988441467,-0.0009923182660713792,0.0009923182660713792,-0.003241185878264751,-0.0032411739230155945,-1.1955249156533204e-08,1.429279823947879e-16,-0.0005061882412445471,-0.0005061863921582699,-1.8490862772153546e-09,3.419120060586139e-18,-0.0009923146058641097,3.66020726943507e-09,3.6885552704807296e-06,0.0027110555674880743,0.3660265314999835,0.0001,9.923182660713792
0.02,0.02001953125,9,41,0.019134938247560514,8,0.15307950598048412,0.9801869988441467,0.0006491326494142413,0.0006491326494142413,0.0021202467477815035,0.0021202238276600838,2.292012141972416e-08,5.253319658948982e-16,0.0003311269432157893,0.0003311233886051923,3.5546105969699177e-09,1.2635256496090835e-17,0.0006491256322125134,7.017201727891123e-09,1.08102366932782e-05,0.0027320359367877245,0.23760033339000622,0.0001,6.491326494142413
0.02,0.02001953125,10,41,0.019134938247560514,8,0.15307950598048412,0.9801869988441467,0.0008056687074713409,0.0008056687074713409,0.002631536802758086,0.0026315285358577967,8.266900289322088e-09,6.834164039359362e-17,0.0004109770423507959,0.00041097571374848485,1.3286023110674339e-09,1.7651841009737265e-18,0.0008056661764853164,2.5309860244952798e-09,3.141482289273451e-06,0.0026671115774661303,0.3020753665794367,0.0001,8.056687074713409
0.02,0.02001953125,11,41,0.019134938247560514,8,0.15307950598048412,0.9801869988441467,0.0009605346131138504,0.0009605346131138504,0.0031373716780752725,0.003137320512905717,5.116516955559411e-08,2.617874575652694e-15,0.000489975185473042,0.0004899672348983586,7.950574683422001e-09,6.321163779667086e-17,0.0009605189484360924,1.5664677757948157e-08,1.6308556727020567e-05,0.0027188968379050493,0.35328100710652804,0.0001,9.605346131138504
0.02,0.02001953125,12,41,0.019134938247560514,8,0.15307950598048412,0.9801869988441467,-0.0004461755452211946,0.0004461755452211946,-0.001457332718587676,-0.0014573087682947516,-2.3950292924249106e-08,5.736165311573368e-16,-0.00022759715531186012,-0.00022759343846701086,-3.7168448492608253e-09,1.3814935633476727e-17,-0.00044616821262317676,7.332598017867949e-09,1.6434604282445577e-05,0.002741984324529767,0.1627199474591128,0.0001,4.461755452211946
0.02,0.02001953125,13,41,0.019134938247560514,8,0.15307950598048412,0.9801869988441467,0.0003706330026034266,0.0003706330026034266,0.0012105898834383422,0.0012105220230296254,6.78604087167925e-08,4.605035071210127e-15,0.00018906239474737133,0.0001890517887659371,1.0605981434243239e-08,1.1248684218351226e-16,0.00037061222652774256,2.077607568401257e-08,5.605879730051851e-05,0.002809940604493022,0.13190065370449255,0.0001,3.7063300260342658
0.02,0.02001953125,14,41,0.019134938247560514,8,0.15307950598048412,0.9801869988441467,-0.000780352158471942,0.000780352158471942,-0.002548845952545169,-0.0025488859973847866,4.004483961745839e-08,1.603589179987965e-15,-0.0003980628999324346,-0.00039806918357498944,6.28364255485063e-09,3.948416375712975e-17,-0.0007803644185604734,1.2260088531413152e-08,1.5710722118813612e-05,0.0027495778631418943,0.2838079870123217,0.0001,7.8035215847194195
0.02,0.02001953125,15,41,0.019134938247560514,8,0.15307950598048412,0.9801869988441467,0.0005065422155894339,0.0005065422155894339,0.0016545069581489643,0.0016545583494007587,-5.1391251794461607e-08,2.6410607610017534e-15,0.0002583906010724266,0.00025839859154075384,-7.990468327257437e-09,6.384758408890427e-17,0.0005065579494843068,1.5733894872843775e-08,3.1060404616809225e-05,0.0027817394584417343,0.18209549210377418,0.0001,5.065422155894339
0.02,0.02001953125,16,41,0.019134938247560514,8,0.15307950598048412,0.9801869988441467,-0.0007069320417940617,0.0007069320417940617,-0.0023090355474631183,-0.0023090627510100603,2.7203546941988177e-08,7.400329662249543e-16,-0.0003606108031567895,-0.000360615027602762,4.2244459725043065e-09,1.7845943774607856e-17,-0.0007069403704051153,8.328611053641868e-09,1.1781207301641467e-05,0.0027306557167321444,0.2588872839085214,0.0001,7.069320417940617
0.02,0.02001953125,17,41,0.019134938247560514,8,0.15307950598048412,0.9801869988441467,0.0008281820919364691,0.0008281820919364691,0.0027050717423991845,0.0027051186189055443,-4.687650635975399e-08,2.197406848496056e-15,0.0004224612716313701,0.0004224686126690358,-7.3410376656658435e-09,5.389083400872462e-17,0.0008281964436013403,1.4351664871271874e-08,1.732881731399969e-05,0.002766754012554884,0.29933347459816523,0.0001,8.28182091936469
0.02,0.02001953125,18,41,0.019134938247560514,8,0.15307950598048412,0.9801869988441467,0.0004891353892162442,0.0004891353892162442,0.0015976514494324386,0.0015976924914866686,-4.1042054229993574e-08,1.6844502154177334e-15,0.0002495112615210368,0.00024951761588454247,-6.3543635056475395e-09,4.037793556190529e-17,0.0004891479546110161,1.2565394771880088e-08,2.568833142085289e-05,0.002750447252765298,0.17783849107612146,0.0001,4.891353892162442
0.02,0.02001953125,19,41,0.019134938247560514,8,0.15307950598048412,0.9801869988441467,0.0009148360113613307,0.0009148360113613307,0.0029881074070031355,0.002988154999911785,-4.7592908649675414e-08,2.265084953736349e-15,0.00046666402045738263,0.00046667142305523157,-7.402597848940595e-09,5.479845491313993e-17,0.0009148505823592193,1.4570997888515083e-08,1.5927188733857886e-05,0.0027809543535113335,0.328964770747217,0.0001,9.148360113613307
0.02,0.02001953125,20,41,0.019134938247560514,8,0.15307950598048412,0.9801869988441467,-0.0008184909238480031,0.0008184909238480031,-0.0026734177073721136,-0.0026734548155218363,3.7108149722724776e-08,1.3770147758441589e-15,-0.0004175177414172916,-0.0004175235517323017,5.810315010102828e-09,3.3759760516626226e-17,-0.000818502284842458,1.1360994454879744e-08,1.3880223262988767e-05,0.0027642089407891035,0.2961031316302548,0.0001,8.184909238480031
0.02,0.02001953125,21,41,0.019134938247560514,8,0.15307950598048412,0.9801869988441467,0.00078529492020607,0.00078529492020607,0.002564990379267967,0.002565019531175494,-2.9151907527270177e-08,8.498337124785116e-16,0.0004005842360346052,0.0004005887603852898,-4.5243506845713335e-09,2.0469749116981093e-17,0.0007853038453252753,8.925119205326071e-09,1.136517955241803e-05,0.0027297677006572485,0.2876782958553557,0.0001,7.8529492020606995
0.02,0.02001953125,22,41,0.019134938247560514,8,0.15307950598048412,0.9801869988441467,-0.001023047138005495,0.001023047138005495,-0.0033415548719366844,-0.003341588657349348,3.3785412663703274e-08,1.1414541088567215e-15,-0.0005218632461009428,-0.0005218685255385935,5.279437650723348e-09,2.7872461907875264e-17,-0.0010230574817140549,1.0343708559817921e-08,1.0110583955153552e-05,0.0028039964381605387,0.36485322309347457,0.0001,10.23047138005495
0.02,0.02001953125,23,41,0.019134938247560514,8,0.15307950598048412,0.9801869988441467,0.00032894607284106314,0.00032894607284106314,0.0010744288424963952,0.001074451021850109,-2.2179353713867866e-08,4.919237311648643e-16,0.0001677976106747804,0.0001678010739851743,-3.463310393895039e-09,1.1994518884461409e-17,0.00032895286325008207,6.790409018929411e-09,2.0642498599463752e-05,0.002649892121553421,0.12413564694408323,0.0001,3.2894607284106314
0.02,0.02001953125,24,41,0.019134938247560514,8,0.15307950598048412,0.9801869988441467,0.0008962122374214232,0.0008962122374214232,0.0029272770109921836,0.0029272991232573986,-2.2112265215049054e-08,4.889522729406684e-16,0.0004571639077432429,0.0004571674217004329,-3.513957190005336e-09,1.2347895133190196e-17,0.0008962190072906937,6.769869270533378e-09,7.553811306679342e-06,0.0028059014584869146,0.3194026057867002,0.0001,8.962122374214232
0.02,0.02001953125,25,41,0.019134938247560514,8,0.15307950598048412,0.9801869988441467,-0.0002636646095197648,0.0002636646095197648,-0.0008612015299859244,-0.0008612165693193674,1.5039333442989043e-08,2.261815504094087e-16,-0.00013449709587593113,-0.0001344994525425136,2.3566665824760816e-09,5.553877380959494e-18,-0.00026366921394723223,4.604427467449525e-09,1.7462893746749677e-05,0.0026249720249325037,0.10044473122586685,0.0001,2.636646095197648
0.02,0.02001953125,26,41,0.019134938247560514,8,0.15307950598048412,0.9801869988441467,0.00028866968932561576,0.00028866968932561576,0.0009428750356772704,0.000942863873206079,1.1162471191404795e-08,1.2460076309894198e-16,0.00014725235575763603,0.00014725062646903098,1.7292886050532773e-09,2.9904390795671095e-18,0.0002886662718344648,3.417491150964e-09,1.1838900087793265e-05,0.0028006471693515778,0.1030724942736897,0.0001,2.8866968932561576
0.02,0.02001953125,27,41,0.019134938247560514,8,0.15307950598048412,0.9801869988441467,-6.299264350673184e-05,6.299264350673184e-05,-0.00020575139403298924,-0.00020575412781909108,2.7337861018450656e-09,7.47358645064124e-18,-3.213297237211565e-05,-3.213340096408501e-05,4.285919693623806e-10,1.8369107620192378e-19,-6.299348047998369e-05,8.369732518544778e-10,1.3286664675091699e-05,0.0028703275602310896,0.02194615150532168,0.0001,0.6299264350673184
0.02,0.02001953125,28,41,0.019134938247560514,8,0.15307950598048412,0.9801869988441467,8.010734018171206e-05,8.010734018171206e-05,0.0002616527263679726,0.00026165007147938013,2.6548885924426203e-09,7.048433438281957e-18,4.086329459387648e-05,4.0862847527023405e-05,4.470668530742825e-10,1.9986877111774212e-19,8.010652736364373e-05,8.128180683316007e-10,1.0146714569735516e-05,0.0027800267562270164,0.028815312659232015,0.0001,0.8010734018171206
0.02,0.02001953125,29,41,0.019134938247560514,8,0.15307950598048412,0.9801869988441467,0.00044176517985761166,0.00044176517985761166,0.0014429272456429657,0.0014428538270294666,7.341861349907317e-08,5.390292808126289e-15,0.000225347398189605,0.0002253359416499734,1.1456539631603474e-08,1.3125230033050108e-16,0.00044174270208744326,2.2477770168392516e-08,5.088430451069008e-05,0.002782548777759075,0.1587627801491362,0.0001,4.417651798576117
0.02,0.02001953125,30,41,0.019134938247560514,8,0.15307950598048412,0.9801869988441467,4.9891397793544456e-05,4.9891397793544456e-05,0.00016295910244152812,0.0001629808102734387,-2.170783191057595e-08,4.712299662578195e-16,2.544993855885522e-05,2.5453296984778717e-05,-3.358425923496414e-09,1.127902468361274e-17,4.989804384191401e-05,6.64604836955225e-09,0.00013319256343210826,0.0026987299788743258,0.018486991356710235,0.0001,0.49891397793544456
0.02,0.02001953125,31,41,0.019134938247560514,8,0.15307950598048412,0.9801869988441467,-0.0004793536209035665,0.0004793536209035665,-0.0015657014890179963,-0.0015657756011933088,7.411217531252262e-08,5.4926145295540876e-15,-0.0002445215155214405,-0.00024453309015370905,1.1574632268536878e-08,1.3397211215185515e-16,-0.00047937631101393444,2.2690110367960988e-08,4.7332564932065314e-05,0.0026720764581114054,0.1793936769467923,0.0001,4.793536209035665
0.05,0.0498046875,0,102,0.019134938247560514,8,0.15307950598048412,1.546027660369873,0.0005271543632261455,0.0005271543632261455,0.0017218319325297262,0.0017220312729477882,-1.9934041806200092e-07,3.97366022731333e-14,0.00017048671790905365,0.0001705064350971952,-1.971718814155793e-08,3.8876750820959267e-16,0.0005272153930915832,6.102986543769003e-08,0.00011575888382130084,0.0044053690508008,0.1196617938581832,0.0001,5.271543632261455
0.05,0.0498046875,1,102,0.019134938247560514,8,0.15307950598048412,1.546027660369873,0.0008660561288706958,0.0008660561288706958,0.002828778820925605,0.002828706055879593,7.276504601205075e-08,5.294751921135863e-15,0.0002800907613333062,0.00028008356457576156,7.1967575446664316e-09,5.17933191567132e-17,0.0008660338511961035,2.2277674592324943e-08,2.572379192979192e-05,0.004458174109458923,0.19426251815360498,0.0001,8.660561288706958
0.05,0.0498046875,2,102,0.019134938247560514,8,0.15307950598048412,1.546027660369873,-0.0015803249552845955,0.0015803249552845955,-0.005161778335912806,-0.005162214860320091,4.365244072853172e-07,1.9055355815579751e-13,-0.0005110920702759345,-0.0005111352656967938,4.319542085931723e-08,1.8658443832135377e-15,-0.0015804586011658268,1.3364588123134478e-07,8.456145648659241e-05,0.004340312909334898,0.36410392252727275,0.0001,15.803249552845955
0.05,0.0498046875,3,102,0.019134938247560514,8,0.15307950598048412,1.546027660369873,-0.0008524642325937748,0.0008524642325937748,-0.0027843839289057224,-0.0027841166593134403,-2.672695922820677e-07,7.143303495862269e-14,-0.0002756950132411701,-0.00027566857170313597,-2.6441538034137953e-08,6.99154933610764e-16,-0.0008523824055994745,8.182699430027158e-08,9.599798607143144e-05,0.0043339417316019535,0.19669489932867157,0.0001,8.524642325937748
0.05,0.0498046875,4,102,0.019134938247560514,8,0.15307950598048412,1.546027660369873,-0.00023332302225753665,0.00023332302225753665,-0.000762097515154258,-0.0007618505042046309,-2.470109496271501e-07,6.101440923570649e-14,-7.545887704289723e-05,-7.543443643953651e-05,-2.444060336072014e-08,5.973430926360446e-16,-0.00023324739762925524,7.562462828140525e-08,0.00032422496049284955,0.004367367830127478,0.053424174773647644,0.0001,2.3332302225753665
0.05,0.0498046875,5,102,0.019134938247560514,8,0.15307950598048412,1.546027660369873,-0.0010771147208288312,0.0010771147208288312,-0.0035181545495912136,-0.0035181345883756876,-1.9961215525984843e-08,3.9845012527481836e-16,-0.0003483491105751437,-0.0003483471809886396,-1.9295865040882577e-09,3.723304076759544e-18,-0.0010771086095228081,6.111306023086696e-09,5.673806679341455e-06,0.004341271240264177,0.2481104407480621,0.0001,10.771147208288312
0.05,0.0498046875,6,102,0.019134938247560514,8,0.15307950598048412,1.546027660369873,-0.0014457459328696132,0.0014457459328696132,-0.0047222060314655355,-0.004722335375845432,1.2934437989674946e-07,1.6729968610874647e-14,-0.0004675679387662869,-0.00046758080134168267,1.2862575395793715e-08,1.6544584581247784e-16,-0.0014457855328171652,3.959994755199647e-08,2.738991825076196e-05,0.004352596588432789,0.33215711667645575,0.0001,14.457459328696132
0.05,0.0498046875,7,102,0.019134938247560514,8,0.15307950598048412,1.546027660369873,-0.00012907390191685408,0.00012907390191685408,-0.00042159105848339203,-0.0004215397057123482,-5.1352771043811866e-08,2.6371070938781626e-15,-4.1743723358084786e-05,-4.173864726908505e-05,-5.076088999735875e-09,2.5766679533239557e-17,-0.00012905817980320985,1.572211364423608e-08,0.00012182190751651257,0.004354856908321381,0.029639068431896377,0.0001,1.2907390191685408
0.05,0.0498046875,8,102,0.019134938247560514,8,0.15307950598048412,1.546027660369873,0.0012344399001449347,0.0012344399001449347,0.004032022092827735,0.004032408818602562,-3.8672577482717907e-07,1.49556824915682e-13,0.0003992295648350839,0.00039926785393618047,-3.828910109657984e-08,1.4660552627841113e-15,0.0012345582997260556,1.1839958112091868e-07,9.59044065777948e-05,0.004443284124135971,0.27782150896888247,0.0001,12.344399001449347
0.05,0.0498046875,9,102,0.019134938247560514,8,0.15307950598048412,1.546027660369873,-0.0021882704459130764,0.0021882704459130764,-0.007147496432971426,-0.007147330790758133,-1.6564221329284923e-07,2.7437342824553756e-14,-0.0007077074045976488,-0.0007076910114847124,-1.6393112936444014e-08,2.687341517470081e-16,-0.002188219733056716,5.07128563604492e-08,2.317539486293207e-05,0.004490171559154987,0.48734673432497766,0.0001,21.882704459130764
0.05,0.0498046875,10,102,0.019134938247560514,8,0.15307950598048412,1.546027660369873,-0.0001423596841050312,0.0001423596841050312,-0.0004649860972349245,-0.00046490883687511086,-7.726035981364373e-08,5.969163198533694e-15,-4.60404712522973e-05,-4.603283741744235e-05,-7.633834854951283e-09,5.827543459266909e-17,-0.0001423360301496069,2.365395542430022e-08,0.00016618389173449593,0.00451728655025363,0.03151442409537606,0.0001,1.423596841050312
0.05,0.0498046875,11,102,0.019134938247560514,8,0.15307950598048412,1.546027660369873,0.0009075862471945584,0.0009075862471945584,0.0029644276723438906,0.0029643175657838583,1.1010656003227967e-07,1.2123454562142008e-14,0.0002935219952589421,0.00029351114062592387,1.0854633018212313e-08,1.1782305796006494e-16,0.0009075525370789285,3.371011562990425e-08,3.714398258243482e-05,0.004473252221941948,0.2028918116315277,0.0001,9.075862471945584
0.05,0.0498046875,12,102,0.019134938247560514,8,0.15307950598048412,1.546027660369873,-0.00010969877621391788,0.00010969877621391788,-0.00035830653983134496,-0.00035826675593852997,-3.9783892814989306e-08,1.5827581275145577e-15,-3.547762405094145e-05,-3.547366941347718e-05,-3.954637464266347e-09,1.563915747377896e-17,-0.00010968659601660168,1.2180197316201337e-08,0.00011104544911173828,0.004342759493738413,0.02526015460264068,0.0001,1.0969877621391788
0.05,0.0498046875,13,102,0.019134938247560514,8,0.15307950598048412,1.546027660369873,-0.001166422967799008,0.001166422967799008,-0.0038098599820008353,-0.0038101659156382084,3.0593363737306534e-07,9.359539047631424e-14,-0.00037723224418894025,-0.00037726250593550503,3.0261746564782394e-08,9.15773305151119e-16,-0.0011665166321391516,9.366434014371552e-08,8.02940460196906e-05,0.004372463095933199,0.2667656518093636,0.0001,11.664229677990079
0.05,0.0498046875,14,102,0.019134938247560514,8,0.15307950598048412,1.546027660369873,-0.0020113929640501738,0.0020113929640501738,-0.006569765662513319,-0.006569449789822102,-3.1587269121776534e-07,9.977555705715373e-14,-0.000650503550359819,-0.0006504722405225039,-3.13098373151471e-08,9.80305912700978e-16,-0.002011296256779125,9.670727104879595e-08,4.808206186574536e-05,0.004335814155638218,0.46390202436019845,0.0001,20.113929640501738
0.05,0.0498046875,15,102,0.019134938247560514,8,0.15307950598048412,1.546027660369873,-0.0013070972636342049,0.0013070972636342049,-0.004269341135059728,-0.00426939781755209,5.66824923621187e-08,3.2129049403816443e-15,-0.000422727644899152,-0.00042273325379937887,5.608900226867705e-09,3.145976175495659e-17,-0.001307114617490062,1.735385585710167e-08,1.327646070581382e-05,0.0042632692493498325,0.306595053510529,0.0001,13.070972636342049
0.05,0.0498046875,16,102,0.019134938247560514,8,0.15307950598048412,1.546027660369873,0.0003118761524092406,0.0003118761524092406,0.0010186737617542392,0.0010187807492911816,-1.0698753694234585e-07,1.1446333060989817e-14,0.00010086370393095912,0.0001008743274724111,-1.0623541451973504e-08,1.128596329817993e-16,0.00031190890760784306,3.2755198602454124e-08,0.00010501527145751346,0.004397222306579351,0.07092571870714733,0.0001,3.118761524092406
0.05,0.0498046875,17,102,0.019134938247560514,8,0.15307950598048412,1.546027660369873,0.00022544426610693336,0.00022544426610693336,0.0007363633187308395,0.0007362165488302708,1.4676990056877552e-07,2.1541403712968253e-14,7.291081262187698e-05,7.289630593732e-05,1.4506684556985709e-08,2.1044389683588765e-16,0.0002253993311791896,4.493492774374527e-08,0.000199356970176733,0.004503133241087198,0.05006386754225909,0.0001,2.2544426610693336
0.05,0.0498046875,18,102,0.019134938247560514,8,0.15307950598048412,1.546027660369873,0.003010983346030116,0.003010983346030116,0.009834704282407281,0.009835035540163517,-3.3125775623574216e-07,1.0973170106633837e-13,0.0009737805549060376,0.0009738133521750569,-3.279726901932005e-08,1.0756608551256508e-15,0.0030110847635774697,1.0141754735364453e-07,3.3681399002912936e-05,0.00434686616063118,0.6926791013949486,0.0001,30.10983346030116
0.05,0.0498046875,19,102,0.019134938247560514,8,0.15307950598048412,1.546027660369873,0.00030251569114625454,0.00030251569114625454,0.0009880999066747113,0.0009878178825601935,2.820241145177777e-07,7.95376011695366e-14,9.783644203166469e-05,9.780855907592922e-05,2.7882955735467996e-08,7.774592205460676e-16,0.0003024293469220046,8.63442242499601e-08,0.00028550213505644994,0.0043959724716842175,0.0688165572225143,0.0001,3.0251569114625454
0.05,0.0498046875,20,102,0.019134938247560514,8,0.15307950598048412,1.546027660369873,-0.000913187104742974,0.000913187104742974,-0.0029827216219896705,-0.002982840873301029,1.192513113586896e-07,1.422087526076713e-14,-0.00029533336568004945,-0.0002953451476059854,1.1781925935957019e-08,1.3881377876037667e-16,-0.0009132236146066347,3.650986366064788e-08,3.997910596779111e-05,0.004244187846779823,0.21516180190653744,0.0001,9.13187104742974
0.05,0.0498046875,21,102,0.019134938247560514,8,0.15307950598048412,1.546027660369873,-0.000510890269652009,0.000510890269652009,-0.0016687089051526651,-0.0016686401795595884,-6.872559307671139e-08,4.72320714374572e-15,-0.0001652267558815161,-0.0001652199716772884,-6.784204227691312e-09,4.6025427003024677e-17,-0.0005108692286923362,2.1040959672833336e-08,4.118658649042446e-05,0.004417515359818935,0.11565104544943774,0.0001,5.10890269652009
0.05,0.0498046875,22,102,0.019134938247560514,8,0.15307950598048412,1.546027660369873,-0.001624616445042193,0.001624616445042193,-0.00530644659007886,-0.005306767299771309,3.207096924487396e-07,1.0285470683056514e-13,-0.0005254163578979946,-0.000525448122061789,3.176416379447114e-08,1.0089621015619913e-15,-0.0016247146332047592,9.81881625662824e-08,6.043409750831484e-05,0.004328539595007896,0.3753266914586764,0.0001,16.24616445042193
0.05,0.0498046875,23,102,0.019134938247560514,8,0.15307950598048412,1.546027660369873,-0.0011166873155161738,0.0011166873155161738,-0.003647409587468027,-0.0036476468667387962,2.372792707694242e-07,5.630145233686973e-14,-0.00036114726280156483,-0.0003611707652453333,2.3502443768485398e-08,5.523648630908181e-16,-0.0011167599607032714,7.264518709759055e-08,6.504995670855066e-05,0.004384307190775871,0.25470097484628096,0.0001,11.166873155161738
0.05,0.0498046875,24,102,0.019134938247560514,8,0.15307950598048412,1.546027660369873,-0.0006980331963859499,0.0006980331963859499,-0.002279969457423455,-0.0022802965249866247,3.2706756316952176e-07,1.0697319087764911e-13,-0.0002257505522957305,-0.00022578299103770405,3.243874197354042e-08,1.052271980825933e-15,-0.0006981333310679343,1.0013468198448016e-07,0.00014343203157383155,0.004336857236921787,0.16095369486531672,0.0001,6.9803319638594985
0.05,0.0498046875,25,102,0.019134938247560514,8,0.15307950598048412,1.546027660369873,0.00021259770437609404,0.00021259770437609404,0.0006944028954574684,0.0006943167536519468,8.614180552158832e-08,7.420410658519143e-15,6.875611278689283e-05,6.874758400954306e-05,8.528777349764145e-09,7.274004308184992e-17,0.000212571331286027,2.6373090067035752e-08,0.00012406701274100427,0.004354521632194519,0.04882228688549484,0.0001,2.1259770437609404
0.05,0.0498046875,26,102,0.019134938247560514,8,0.15307950598048412,1.546027660369873,-4.585448186844587e-05,4.585448186844587e-05,-0.0001497734186387164,-0.00014970713527873158,-6.62833599848181e-08,4.3934838108769844e-15,-1.4829774086149147e-05,-1.4823206583969295e-05,-6.567502179851488e-09,4.3132084882354047e-17,-4.583418862044347e-05,2.0293248002401876e-08,0.00044275351245882987,0.004419679753482342,0.010375068879666301,0.0001,0.45854481868445873
0.05,0.0498046875,27,102,0.019134938247560514,8,0.15307950598048412,1.546027660369873,-0.0002568959316704422,0.0002568959316704422,-0.0008390931562817871,-0.0008392067975364625,1.136412546754893e-07,1.2914334764219417e-14,-8.308257939220254e-05,-8.309385157190263e-05,1.1272179700094103e-08,1.2706203519121356e-16,-0.0002569307239646917,3.4792294249460804e-08,0.00013541507886866066,0.004317015875130892,0.05950775700185563,0.0001,2.5689593167044222
0.05,0.0498046875,28,102,0.019134938247560514,8,0.15307950598048412,1.546027660369873,0.0016228617168962955,0.0016228617168962955,0.005300715162691967,0.005300621502101421,9.366059054542741e-08,8.772306221318207e-15,0.0005248488621827247,0.0005248395609669387,9.301215785962637e-09,8.651261509704055e-17,0.0016228330418624345,2.8675033861063834e-08,1.766973750309835e-05,0.0041847857646644115,0.3878004294985545,0.0001,16.228617168962955
0.05,0.0498046875,29,102,0.019134938247560514,8,0.15307950598048412,1.546027660369873,0.0004250904603395611,0.0004250904603395611,0.0013884630003762727,0.0013882864732295275,1.7652714674526102e-07,3.116183353802292e-14,0.0001374782842623469,0.00013746085460297763,1.7429659369277723e-08,3.037930257290507e-16,0.0004250364149627293,5.404537683177798e-08,0.0001271546976428293,0.004512396175414324,0.09420503958753793,0.0001,4.250904603395611
0.05,0.0498046875,30,102,0.019134938247560514,8,0.15307950598048412,1.546027660369873,-0.0010384179186075926,0.0010384179186075926,-0.0033917600921052715,-0.003392124082893133,3.6399078786166286e-07,1.3248929364815406e-13,-0.00033583419793380685,-0.00033587025245651603,3.60545227091804e-08,1.2999286077868052e-15,-0.001038529357667567,1.1143905997447988e-07,0.0001073046795949619,0.004406816326081753,0.2356390286705878,0.0001,10.384179186075926
0.05,0.0498046875,31,102,0.019134938247560514,8,0.15307950598048412,1.546027660369873,0.0008308402611874044,0.0008308402611874044,0.0027137540582778175,0.002714171539992094,-4.174817142764929e-07,1.7429098175523928e-13,0.00026870161591696016,0.0002687429077923298,-4.12918753696259e-08,1.7050189715407182e-15,0.0008309680769765591,1.2781578915470153e-07,0.00015381552275720828,0.004472839180380106,0.18575232144089715,0.0001,8.308402611874044
0.1,0.10009765625,0,205,0.019134938247560514,8,0.15307950598048412,2.1917660236358643,-0.002120224991813302,0.002120224991813302,-0.006925241162208893,-0.006925093941390514,-1.4722081837902773e-07,2.1673969364190668e-14,-0.00048367959192471545,-0.00048366928240284324,-1.030952187221169e-08,1.0628624123361124e-16,-0.0021201799188330073,4.5072980294717097e-08,2.1259035563135716e-05,0.006098092999309301,0.3476865623488275,0.0001,21.20224991813302
0.1,0.10009765625,1,205,0.019134938247560514,8,0.15307950598048412,2.1917660236358643,0.00031242103432305157,0.00031242103432305157,0.0010204534967694554,0.0010199927492067218,4.6074756273359156e-07,2.122883165649449e-13,7.127152966008305e-05,7.123933755792677e-05,3.2192102156274006e-08,1.0363314412399814e-15,0.0003122799723044816,1.4106201856996453e-07,0.0004517165078791065,0.006059818435460329,0.051556170807833576,0.0001,3.1242103432305157
0.1,0.10009765625,2,205,0.019134938247560514,8,0.15307950598048412,2.1917660236358643,-0.0008615942788310349,0.0008615942788310349,-0.002814205184790962,-0.0028136209584772587,-5.842263137031088e-07,3.4132038562312333e-13,-0.00019655252192516388,-0.00019651174079626799,-4.0781128895893025e-08,1.663100474023441e-15,-0.0008614154126800699,1.7886615096495383e-07,0.00020764215305651233,0.006149671971797943,0.14010410356556557,0.0001,8.615942788310349
0.1,0.10009765625,3,205,0.019134938247560514,8,0.15307950598048412,2.1917660236358643,-0.0011346846586093307,0.0011346846586093307,-0.003706193887096781,-0.0037064545322209597,2.6064512417866073e-07,6.793588075810947e-14,-0.0002588516854383552,-0.0002588698407635093,1.8155325154063998e-08,3.296158314497889e-16,-0.0011347644574630218,7.9798853691148e-08,7.03219537467302e-05,0.006407106760889292,0.17709782292621562,0.0001,11.346846586093307
0.1,0.10009765625,4,205,0.019134938247560514,8,0.15307950598048412,2.1917660236358643,0.0005432422622106969,0.0005432422622106969,0.0017743794596513595,0.0017740047769621015,3.7468268925802337e-07,1.403871176296245e-13,0.00012392797779334273,0.00012390181655064225,2.6161242700482347e-08,6.844106196335409e-16,0.0005431275497287548,1.1471248194210287e-07,0.00021120726061381312,0.006225735880434513,0.08725751825064292,0.0001,5.432422622106969
0.1,0.10009765625,5,205,0.019134938247560514,8,0.15307950598048412,2.1917660236358643,0.00018877832917496562,0.00018877832917496562,0.000616602228906568,0.0006161502096801996,4.520192263683968e-07,2.0432138100668394e-13,4.306534710803805e-05,4.3033811380155385e-05,3.153572788266269e-08,9.945021330893488e-16,0.00018863993941523331,1.3838975973230576e-07,0.0007336185548049975,0.006219962146133184,0.03035039840111005,0.0001,1.8877832917496562
0.1,0.10009765625,6,205,0.019134938247560514,8,0.15307950598048412,2.1917660236358643,0.0010435053845867515,0.0010435053845867515,0.0034083771629096664,0.00340797146782279,4.056950868762746e-07,1.64588503515548e-13,0.00023805127311347476,0.00023802294163033366,2.8331483141100624e-08,8.026729369744689e-16,0.001043381177379796,1.2420720695537069e-07,0.00011904298222753796,0.006164837628602982,0.16926729420174866,0.0001,10.435053845867515
0.1,0.10009765625,7,205,0.019134938247560514,8,0.15307950598048412,2.1917660236358643,-0.002680911449715495,0.002680911449715495,-0.00875659818910469,-0.008757468312978745,8.701238740551481e-07,7.571155562007393e-13,-0.0006115870537285271,-0.0006116479053162038,6.085158767675514e-08,3.702915722781818e-15,-0.00268117784598106,2.663962655647008e-07,9.935792434060811e-05,0.00615887762978673,0.43529220920863304,0.0001,26.80911449715495
0.1,0.10009765625,8,205,0.019134938247560514,8,0.15307950598048412,2.1917660236358643,-0.0011688736267387867,0.0011688736267387867,-0.0038178645118171622,-0.0038181226700544357,2.5815823727348697e-07,6.664567547215399e-14,-0.0002666510964522966,-0.00026666911435313523,1.8017900838647113e-08,3.2464475063132037e-16,-0.00116895266420964,7.90374708532944e-08,6.761391908605106e-05,0.006361124571412802,0.18375267039915563,0.0001,11.688736267387867
0.1,0.10009765625,9,205,0.019134938247560514,8,0.15307950598048412,2.1917660236358643,0.001181010389700532,0.001181010389700532,0.0038575065360189277,0.0038576009683310986,-9.443231217083278e-08,8.917461581929613e-15,0.000269419814196541,0.00026942644035443664,-6.626157895647539e-09,4.3905968458052224e-17,0.0011810393010039234,2.8911303391479862e-08,2.447954387877209e-05,0.006129621062427759,0.19267265915338153,0.0001,11.81010389700532
0.1,0.10009765625,10,205,0.019134938247560514,8,0.15307950598048412,2.1917660236358643,-0.003069007769227028,0.003069007769227028,-0.010024228094968805,-0.010024660266935825,4.3217196702034777e-07,1.8677260907823655e-13,-0.0007001221243807608,-0.0007001522462815046,3.0121900743878063e-08,9.073289044240419e-16,-0.0030691400825694484,1.323133424204967e-07,4.311088411113692e-05,0.005983223207294941,0.512935530381884,0.0001,30.69007769227028
0.1,0.10009765625,11,205,0.019134938247560514,8,0.15307950598048412,2.1917660236358643,-0.0011459089582785964,0.0011459089582785964,-0.003742855553847576,-0.003742809873074293,-4.568077328296477e-08,2.086733047729628e-15,-0.0002614122460885851,-0.00026140903355553746,-3.212533047631909e-09,1.0320368582127161e-17,-0.0011458949726981826,1.3985580413818782e-08,1.2204940895139475e-05,0.006134732160717249,0.18679038110518278,0.0001,11.459089582785964
0.1,0.10009765625,12,205,0.019134938247560514,8,0.15307950598048412,2.1917660236358643,0.0008049589232541621,0.0008049589232541621,0.0026292184512170594,0.0026287485379725695,4.699132444899168e-07,2.2081845734704032e-13,0.0001836324942018301,0.00018359962268732488,3.2871514505218666e-08,1.0805364658668012e-15,0.0008048150550795216,1.4386817464044285e-07,0.00017875929846544386,0.0060188728384673595,0.13373914765395445,0.0001,8.04958923254162
0.1,0.10009765625,13,205,0.019134938247560514,8,0.15307950598048412,2.1917660236358643,-0.0006990933907218277,0.0006990933907218277,-0.002283432345316538,-0.00228278455324471,-6.477920718281523e-07,4.1963456832341e-13,-0.0001594817565339661,-0.0001594365166965872,-4.5239837378883334e-08,2.0466428860678096e-15,-0.0006988950633411607,1.9832738066703683e-07,0.00028377275941670905,0.006268064491450787,0.111532577827708,0.0001,6.9909339072182775
0.1,0.10009765625,14,205,0.019134938247560514,8,0.15307950598048412,2.1917660236358643,0.0009877184638753533,0.0009877184638753533,0.003226161652237355,0.0032260771840810776,8.446815627722107e-08,7.13486942487304e-15,0.00022532479590062552,0.00022531888680532575,5.909095299769067e-09,3.4917407261752877e-17,0.0009876926031880853,2.586068726805231e-08,2.6182930989438307e-05,0.006072840187698603,0.1626452258493673,0.0001,9.877184638753533
0.1,0.10009765625,15,205,0.019134938247560514,8,0.15307950598048412,2.1917660236358643,0.0005666255601681769,0.0005666255601681769,0.00185075577732925,0.0018512711394578218,-5.15362128571898e-07,2.6559812356615756e-13,0.00012926232865591563,0.00012929830700159073,-3.5978345675098666e-08,1.2944413575168908e-15,0.0005667833429282626,1.577827600856771e-07,0.0002783828460280767,0.0063300407491624355,0.08951373026202879,0.0001,5.666255601681769
0.1,0.10009765625,16,205,0.019134938247560514,8,0.15307950598048412,2.1917660236358643,-0.0028185707051306963,0.0028185707051306963,-0.009206231386355635,-0.009205739945173264,-4.914411823719184e-07,2.4151443573110913e-13,-0.0006429907833991883,-0.000642956409137696,-3.437426149223346e-08,1.181589853136444e-15,-0.0028184202459838642,1.5045914683207637e-07,5.3384213034402736e-05,0.006287209689617157,0.44830232237765966,0.0001,28.185707051306963
0.1,0.10009765625,17,205,0.019134938247560514,8,0.15307950598048412,2.1917660236358643,0.00011173690290888771,0.00011173690290888771,0.0003649636252521382,0.00036587228532880545,-9.086600766672467e-07,8.256631349289267e-13,2.549015307836788e-05,2.55536288022995e-05,-6.347572393161811e-08,4.029167528642996e-15,0.00011201509738016852,2.781944712808076e-07,0.002483544430949716,0.006319491192698479,0.017681313178818606,0.0001,1.1173690290888771
0.1,0.10009765625,18,205,0.019134938247560514,8,0.15307950598048412,2.1917660236358643,-0.0018482062732800841,0.0018482062732800841,-0.006036752801892728,-0.006037079729139805,3.269272470770093e-07,1.068814248813519e-13,-0.00042162490278367903,-0.0004216476809233427,2.277813966367363e-08,5.188436465378218e-16,-0.0018483063650030324,1.0009172294830372e-07,5.415321011900508e-05,0.00625436520203948,0.29550661235410497,0.0001,18.48206273280084
0.1,0.10009765625,19,205,0.019134938247560514,8,0.15307950598048412,2.1917660236358643,-0.0015692993765696883,0.0015692993765696883,-0.005125765746754356,-0.005126146133989096,3.8038723473941133e-07,1.4469444835269602e-13,-0.0003579988373864875,-0.0003580253105610609,2.647317457339215e-08,7.008289719932966e-16,-0.0015694158355496386,1.1645897995027528e-07,7.42053044912021e-05,0.00601959228515625,0.2606986158247683,0.0001,15.692993765696883
0.1,0.10009765625,20,205,0.019134938247560514,8,0.15307950598048412,2.1917660236358643,-0.0013758745044469833,0.0013758745044469833,-0.004493986623599346,-0.004494295921176672,3.092975773260481e-07,9.566499133976272e-14,-0.0003138734905116789,-0.0003138951142318547,2.162372017577331e-08,4.675852742401457e-16,-0.0013759691986876595,9.469424067619359e-08,6.88200293774809e-05,0.006257839500904083,0.21986414069076202,0.0001,13.758745044469833
0.1,0.10009765625,21,205,0.019134938247560514,8,0.15307950598048412,2.1917660236358643,-0.0002146108163287863,0.0002146108163287863,-0.0007009782758122656,-0.0007000407786108553,-9.374972014102598e-07,8.789010026520693e-13,-4.895842302837918e-05,-4.8892929044086486e-05,-6.549398429269376e-08,4.2894619785316164e-15,-0.00021432379311188637,2.8702321689993895e-07,0.0013392037007767042,0.005887005478143692,0.03645500537167124,0.0001,2.146108163287863
0.1,0.10009765625,22,205,0.019134938247560514,8,0.15307950598048412,2.1917660236358643,-0.0004501399816945195,0.0004501399816945195,-0.0014702816644571195,-0.0014701122418045998,-1.6942265251970387e-07,2.870403518681232e-14,-0.00010268887665020783,-0.00010267694597132504,-1.1930678882793354e-08,1.4234109860433127e-16,-0.0004500881114226203,5.1870271899239536e-08,0.00011524470560950851,0.006335136014968157,0.07105450942662707,0.0001,4.501399816945195
0.1,0.10009765625,23,205,0.019134938247560514,8,0.15307950598048412,2.1917660236358643,0.0009423284791409969,0.0009423284791409969,0.0030779054096932252,0.0030777351930737495,1.7021661947568684e-07,2.8973697545730773e-14,0.00021497013572137423,0.00021495824330486357,1.1892416510654417e-08,1.414295704628858e-16,0.0009422763657889589,5.211335203799371e-08,5.530580404015514e-05,0.0060155862011015415,0.15664782244637154,0.0001,9.42328479140997
0.1,0.10009765625,24,205,0.019134938247560514,8,0.15307950598048412,2.1917660236358643,0.0004837725718971342,0.0004837725718971342,0.001580135005004555,0.0015801137778908014,2.122711375359028e-08,4.505903583078616e-16,0.00011036136309262982,0.0001103598769987002,1.4860939296230643e-09,2.208475167662521e-18,0.0004837660730249606,6.498872173591776e-09,1.3433914728568527e-05,0.006238397676497698,0.07754756862001289,0.0001,4.837725718971342
0.1,0.10009765625,25,205,0.019134938247560514,8,0.15307950598048412,2.1917660236358643,0.002867848612368107,0.002867848612368107,0.009367186658982701,0.00936722382903099,-3.717004828929227e-08,1.3816124898283191e-15,0.0006542323818878045,0.000654235016554594,-2.6346667895320655e-09,6.941469091863202e-18,0.0028678599923133655,1.1379945258696567e-08,3.9680965211683535e-06,0.006354065146297216,0.4513407631710109,0.0001,28.67848612368107
0.1,0.10009765625,26,205,0.019134938247560514,8,0.15307950598048412,2.1917660236358643,0.0016350379446521401,0.0016350379446521401,0.005340486089825076,0.005340793635696173,-3.0754587109632636e-07,9.458446282839819e-14,0.00037299554948383993,0.0003730170428752899,-2.1493391449988776e-08,4.6196587602245065e-16,0.0016351321025921675,9.415794002733818e-08,5.758430152406037e-05,0.006193996407091618,0.26397140669635455,0.0001,16.3503794465214
0.1,0.10009765625,27,205,0.019134938247560514,8,0.15307950598048412,2.1917660236358643,-0.00034114765003323555,0.00034114765003323555,-0.0011142825678988276,-0.00111432746052742,4.489262859239465e-08,2.01534810193469e-15,-7.782483311501345e-05,-7.782800821587443e-05,3.1751008609820107e-09,1.0081265477408706e-17,-0.00034116139431604974,1.374428281418743e-08,4.028674710320481e-05,0.006095266900956631,0.05596927182625811,0.0001,3.4114765003323555
0.1,0.10009765625,28,205,0.019134938247560514,8,0.15307950598048412,2.1917660236358643,0.0012110676616430283,0.0012110676616430283,0.003955681898390192,0.003955886699259281,-2.0480086908910428e-07,4.194339597965243e-14,0.00027627667565400507,0.0002762909862212837,-1.4310567278603449e-08,2.0479233583543572e-16,0.0012111303632747574,6.270163172917079e-08,5.1771166532092196e-05,0.006257225293666124,0.19354707634851048,0.0001,12.110676616430283
0.1,0.10009765625,29,205,0.019134938247560514,8,0.15307950598048412,2.1917660236358643,0.002720523625612259,0.002720523625612259,0.008885982510157481,0.008885901421308517,8.108884896364243e-08,6.575401426248415e-15,0.0006206236423674577,0.0006206180551089346,5.587258523030714e-09,3.121745780317935e-17,0.002720498799530379,2.4826081879928547e-08,9.125562519716642e-06,0.006231760606169701,0.4365577880059815,0.0001,27.20523625612259
0.1,0.10009765625,30,205,0.019134938247560514,8,0.15307950598048412,2.1917660236358643,-0.004893902689218521,0.004893902689218521,-0.015984839570368215,-0.015985745936632156,9.063662639412218e-07,8.214998044107685e-13,-0.0011164290887902696,-0.0011164923198521137,6.323106184415346e-08,3.9981671819391595e-15,-0.0048941801814183635,2.774921998424315e-07,5.6698402910456916e-05,0.0062220897525548935,0.7865368202393743,0.0001,48.93902689218521
0.1,0.10009765625,31,205,0.019134938247560514,8,0.15307950598048412,2.1917660236358643,-9.786741429707035e-05,9.786741429707035e-05,-0.00031966203989953866,-0.0003190627321600914,-5.993077394472594e-07,3.5916976656138414e-13,-2.232615462637764e-05,-2.2284293663688004e-05,-4.186096268963562e-08,1.7523401973030654e-15,-9.768393083170062e-05,1.8348346536972953e-07,0.0018783382671798158,0.006237510591745377,0.015690139977731908,0.0001,0.9786741429707035
0.2,0.2001953125,0,410,0.019134938247560514,8,0.15307950598048412,3.099625587463379,0.0014839571667835116,0.0014839571667835116,0.0048470144885779136,0.004846453201025724,5.612875521891422e-07,3.150437162424791e-13,0.00023937684163943303,0.00023934911587275565,2.772576667737928e-08,7.687181378484753e-16,0.0014837853235411076,1.7184324240405308e-07,0.00011581408690169744,0.008638683706521988,0.17178047225680476,0.0001,14.839571667835116
0.2,0.2001953125,1,410,0.019134938247560514,8,0.15307950598048412,3.099625587463379,-0.001737960265018046,0.001737960265018046,-0.005676658850857593,-0.005676977802067995,3.189512104021311e-07,1.0172987461698449e-13,-0.00028035003195988093,-0.00028036581352353096,1.5781563650026694e-08,2.4905775123984387e-16,-0.0017380579148054865,9.7649787440552e-08,5.618327594767198e-05,0.008789606392383575,0.1977290207811847,0.0001,17.37960265018046
0.2,0.2001953125,2,410,0.019134938247560514,8,0.15307950598048412,3.099625587463379,-0.002147592371329665,0.002147592371329665,-0.007014630592038423,-0.007013943046331406,-6.875457070169844e-07,4.727190992374849e-13,-0.0003464277072714413,-0.00034639379009604454,-3.391717539675187e-08,1.1503747868940305e-15,-0.0021473818730153266,2.1049831433863145e-07,9.802556172417176e-05,0.008464551530778408,0.2537160254173762,0.0001,21.475923713296652
0.2,0.2001953125,3,410,0.019134938247560514,8,0.15307950598048412,3.099625587463379,-0.0010053783189505339,0.0010053783189505339,-0.0032838436226685632,-0.003283084835857153,-7.587868114103044e-07,5.757574251702168e-13,-0.0001621773808773625,-0.00016213988419622183,-3.749668114067374e-08,1.4060010965653576e-15,-0.0010051460095300635,2.3230942047033215e-07,0.00023112007436506055,0.009019277058541775,0.1114699451435947,0.0001,10.053783189505339
0.2,0.2001953125,4,410,0.019134938247560514,8,0.15307950598048412,3.099625587463379,-7.936719339340925e-05,7.936719339340925e-05,-0.00025923520227301905,-0.0002591479569673538,-8.724530566522675e-08,7.611743360618847e-15,-1.2802706513072839e-05,-1.2798438547179103e-05,-4.267965893735645e-09,1.8215532870090704e-17,-7.934048245682855e-05,2.671093658069949e-08,0.00033666213959857987,0.00848055724054575,0.009358723860025705,0.0001,0.7936719339340925
0.2,0.2001953125,5,410,0.019134938247560514,8,0.15307950598048412,3.099625587463379,-0.0015626501990482211,0.0015626501990482211,-0.0051040476941682875,-0.005107383243739605,3.335549571317417e-06,1.1125890942715805e-11,-0.0002520707993520981,-0.000252235506195575,1.6470684347690478e-07,2.712834428812561e-14,-0.0015636714076093224,1.0212085611012531e-06,0.0006530838615656253,0.00902465358376503,0.17315348279510281,0.0001,15.626501990482211
0.2,0.2001953125,6,410,0.019134938247560514,8,0.15307950598048412,3.099625587463379,0.003529379842802882,0.003529379842802882,0.011527930601150612,0.011527675203979015,2.5539717159704656e-07,6.522771525977124e-14,0.000569323575253358,0.0005693110288120806,1.2546441277398734e-08,1.5741318872721478e-16,0.003529301650657168,7.819214571398031e-08,2.2155132503174008e-05,0.008488927967846394,0.4157627271866546,0.0001,35.29379842802882
0.2,0.2001953125,7,410,0.019134938247560514,8,0.15307950598048412,3.099625587463379,-0.001163642155006528,0.001163642155006528,-0.003800777078398982,-0.0038015905302017927,8.134518028105574e-07,6.617038354957459e-13,-0.00018770688945673764,-0.00018774716590996832,4.0276453230675326e-08,1.622192684842777e-15,-0.0011638912006067543,2.490456002264118e-07,0.0002139767016853298,0.008836591616272926,0.13168450071446502,0.0001,11.636421550065279
0.2,0.2001953125,8,410,0.019134938247560514,8,0.15307950598048412,3.099625587463379,-0.00466172443702817,0.00466172443702817,-0.01522648119083454,-0.015225198119878769,-1.2830709557702658e-06,1.6462710775412233e-12,-0.0007519818612742766,-0.0007519185310229659,-6.33302513106896e-08,4.010720731075102e-15,-0.0046613316132920754,3.92823736094193e-07,8.427285777609811e-05,0.008879476226866245,0.5249999344469658,0.0001,46.617244370281696
0.2,0.2001953125,9,410,0.019134938247560514,8,0.15307950598048412,3.099625587463379,-0.0020877260249108076,0.0020877260249108076,-0.006819090548858215,-0.00681998860090971,8.980520514951032e-07,8.064974871945635e-13,-0.0003367706785869139,-0.0003368149627931416,4.4284206227713195e-08,1.9610909212186322e-15,-0.002088000971639583,2.749467287754305e-07,0.00013167940652802053,0.008763321675360203,0.23823455331793408,0.0001,20.877260249108076
0.2,0.2001953125,10,410,0.019134938247560514,8,0.15307950598048412,3.099625587463379,0.000505050818901509,0.000505050818901509,0.0016496356441269716,0.0016492982394993305,3.3740462764106534e-07,1.1384188275360594e-13,8.146964926090062e-05,8.145294850692153e-05,1.6700753979089476e-08,2.7891518347007294e-16,0.0005049475194340794,1.0329946742969071e-07,0.00020457466064089934,0.008544760756194592,0.059106490317516316,0.0001,5.0505081890150905
0.2,0.2001953125,11,410,0.019134938247560514,8,0.15307950598048412,3.099625587463379,-0.001347576268017292,0.001347576268017292,-0.004401556757666479,-0.004402032122015953,4.7536434947398343e-07,2.2597126475082344e-13,-0.00021737726541354622,-0.00021740076772402972,2.3502310483500786e-08,5.52358598062871e-16,-0.0013477218050968486,1.455370795566159e-07,0.00010798747857771543,0.008678790181875229,0.15527236397897579,0.0001,13.47576268017292
0.2,0.2001953125,12,410,0.019134938247560514,8,0.15307950598048412,3.099625587463379,-0.003437099978327751,0.003437099978327751,-0.011226519044181989,-0.011226627975702286,1.0893152029706199e-07,1.1866076114229229e-14,-0.000554437928282259,-0.0005544433370232582,5.4087409992421495e-09,2.925447919688297e-17,-0.0034371333286943766,3.3350366625446715e-08,9.702959831969953e-06,0.008734000846743584,0.3935309875323921,0.0001,34.37099978327751
0.2,0.2001953125,13,410,0.019134938247560514,8,0.15307950598048412,3.099625587463379,-0.0007082067895680666,0.0007082067895680666,-0.002313199226218939,-0.002314153127372265,9.539011533257237e-07,9.09927410316146e-13,-0.0001142406993335665,-0.00011428780271671712,4.7103383150627056e-08,2.218728704234777e-15,-0.0007084988350026773,2.9204543461065335e-07,0.0004122031260778993,0.008575104176998138,0.08258870970544716,0.0001,7.082067895680666
0.2,0.2001953125,14,410,0.019134938247560514,8,0.15307950598048412,3.099625587463379,-0.00018429220654070377,0.00018429220654070377,-0.0006019493117654786,-0.0006022094748914242,2.601631259455594e-07,6.768485210176502e-14,-2.9728139954400402e-05,-2.9740949685219675e-05,1.2809730819273606e-08,1.6408920366224806e-16,-0.00018437185782629192,7.965128558814713e-08,0.0004320143351985502,0.008935654535889626,0.020624365657882476,0.0001,1.8429220654070377
0.2,0.2001953125,15,410,0.019134938247560514,8,0.15307950598048412,3.099625587463379,-0.00024420800036750734,0.00024420800036750734,-0.0007976508638545027,-0.0007970137521624565,-6.371116920461835e-07,4.059113081419509e-13,-3.9393144990675845e-05,-3.936173743568361e-05,-3.1407554992236744e-08,9.864345105903751e-16,-0.00024401294288136169,1.950574861456526e-07,0.0007993735243809954,0.008991853334009647,0.02715880600986294,0.0001,2.4420800036750734
0.2,0.2001953125,16,410,0.019134938247560514,8,0.15307950598048412,3.099625587463379,0.0023764576762914658,0.0023764576762914658,0.007762167969742589,0.007762928027659655,-7.600579170659316e-07,5.776880372946025e-13,0.0003833459250535276,0.000383383478038013,-3.755298448539137e-08,1.410226643760045e-15,0.002376690374872388,2.326985809220257e-07,9.790866466336409e-05,0.008870454505085945,0.2679070925767,0.0001,23.764576762914658
0.2,0.2001953125,17,410,0.019134938247560514,8,0.15307950598048412,3.099625587463379,0.0034505436196923256,0.0034505436196923256,0.0112704296946589,0.011268028989434242,2.4007052246578092e-06,5.763385575699302e-12,0.0005566065194532294,0.0005564879975281656,1.1852192506383794e-07,1.4047446720838015e-14,0.003449808622152735,7.349975395904915e-07,0.00021305458362842208,0.008881957270205021,0.38848910377753676,0.0001,34.505436196923256
0.2,0.2001953125,18,410,0.019134938247560514,8,0.15307950598048412,3.099625587463379,-0.0005529639893211424,0.0005529639893211424,-0.0018061333088951797,-0.0018079234287142754,1.7901198190956123e-06,3.2045289667189076e-12,-8.919851345234056e-05,-8.928692841436714e-05,8.841496202657622e-08,7.817205510160915e-15,-0.0005535120506362485,5.480613151060505e-07,0.0009901524537289973,0.008806843310594559,0.06278798995503092,0.0001,5.529639893211424
0.2,0.2001953125,19,410,0.019134938247560514,8,0.15307950598048412,3.099625587463379,-0.0007039664778858423,0.0007039664778858423,-0.002299349195625148,-0.0022987183183431625,-6.308772819854994e-07,3.9800614492541126e-13,-0.00011355669548171831,-0.00011352560250088573,-3.10929808325876e-08,9.6677345705566e-16,-0.0007037733291205211,1.9314876532124537e-07,0.00027444740704029815,0.008200038224458694,0.08584917028631449,0.0001,7.039664778858423
0.2,0.2001953125,20,410,0.019134938247560514,8,0.15307950598048412,3.099625587463379,0.00194290850777179,0.00194290850777179,0.006346076489231317,0.006347286514937878,-1.2100257065607647e-06,1.4641622105378779e-12,0.00031341019309396586,0.0003134700236842036,-5.983059023776304e-08,3.5796995281991065e-15,0.001943278968046558,3.7046027476792323e-07,0.00019063669234290173,0.008393694646656513,0.2314723836833539,0.0001,19.4290850777179
0.2,0.2001953125,21,410,0.019134938247560514,8,0.15307950598048412,3.099625587463379,0.0034153645392507315,0.0034153645392507315,0.011155525089315846,0.011155171319842339,3.537694735072927e-07,1.251528403856271e-13,0.0005509317888367514,0.0005509143229573965,1.7465879354893084e-08,3.0505694163968045e-16,0.00341525622953826,1.0830971247134669e-07,3.171349532564649e-05,0.008963391184806824,0.3810348637957318,0.0001,34.153645392507315
0.2,0.2001953125,22,410,0.019134938247560514,8,0.15307950598048412,3.099625587463379,-9.143049828708172e-05,9.143049828708172e-05,-0.0002986372921099512,-0.0002998833078891039,1.2460157791526643e-06,1.5525553218974211e-12,-1.4748635876681015e-05,-1.4810197171755135e-05,6.15612950741199e-08,3.789793051202859e-15,-9.181197724691488e-05,3.814789598331612e-07,0.004155002117068336,0.00838937796652317,0.010898364414134684,0.0001,0.9143049828708172
0.2,0.2001953125,23,410,0.019134938247560514,8,0.15307950598048412,3.099625587463379,0.00498972600325942,0.00498972600325942,0.016297825013544116,0.0162985660135746,-7.410000304845787e-07,5.490810451781466e-13,0.0008048917300593765,0.0008049284806475043,-3.675058812780893e-08,1.3506057277398506e-15,0.0049899528670966165,2.26863837196091e-07,4.546412425897136e-05,0.00849023275077343,0.5877019099158235,0.0001,49.897260032594204
0.2,0.2001953125,24,410,0.019134938247560514,8,0.15307950598048412,3.099625587463379,0.0006351862102746964,0.0006351862102746964,0.002074693820725014,0.0020750269759446383,-3.331552196244106e-07,1.1099240036298925e-13,0.00010246176390525117,0.000102478195913136,-1.6432007884836157e-08,2.7001088312731764e-16,0.0006352882087475662,1.0199847286988632e-07,0.00016055464506569447,0.008903018198907375,0.07134504233099846,0.0001,6.3518621027469635
0.2,0.2001953125,25,410,0.019134938247560514,8,0.15307950598048412,3.099625587463379,-0.0013867946108803153,0.0013867946108803153,-0.004529654711118273,-0.00452804658561945,-1.608125498823304e-06,2.5860676199657004e-12,-0.0002237035686647589,-0.00022362415620591491,-7.941245884398587e-08,6.306338619647749e-15,-0.0013863022687664863,4.923421138289599e-07,0.0003551477372009493,0.008699889294803143,0.15940370778151322,0.0001,13.867946108803153
0.2,0.2001953125,26,410,0.019134938247560514,8,0.15307950598048412,3.099625587463379,0.0010246720630675554,0.0010246720630675554,0.0033468623265552914,0.0033482294529676437,-1.3671264123523222e-06,1.8690346273513316e-12,0.00016528965098428386,0.000165357138030231,-6.748704594713626e-08,4.55450137067088e-15,0.001025090621139187,4.1855807163151786e-07,0.0004083132388494324,0.008869701065123081,0.11552498280880186,0.0001,10.246720630675554
0.2,0.2001953125,27,410,0.019134938247560514,8,0.15307950598048412,3.099625587463379,0.0017056124052032828,0.0017056124052032828,0.005571001795043449,0.005571051966398954,-5.017135550500901e-08,2.5171649132099977e-15,0.0002751320049914632,0.000275134458206594,-2.4532151307664167e-09,6.018264477821287e-18,0.001705627765615913,1.5360412630206766e-08,9.005723839550667e-06,0.008711827918887138,0.19578123226074468,0.0001,17.05612405203283
0.2,0.2001953125,28,410,0.019134938247560514,8,0.15307950598048412,3.099625587463379,-0.004830784630030394,0.004830784630030394,-0.01577867853403663,-0.01578061655163765,1.938017601017805e-06,3.755912221854809e-12,-0.0007792529280905396,-0.0007793486583977938,9.573030725421039e-08,9.164291726985527e-15,-0.004831377971584285,5.93341553891194e-07,0.00012281000521609532,0.008427994325757027,0.5731831849087629,0.0001,48.307846300303936
0.2,0.2001953125,29,410,0.019134938247560514,8,0.15307950598048412,3.099625587463379,0.0038075668271631002,0.0038075668271631002,0.012436566223464693,0.01243242621421814,4.140009246552875e-06,1.7139676561543306e-11,0.0006141978635360077,0.0006139934412203729,2.0442231563478751e-07,4.178848312948869e-14,0.0038062993260226663,1.2675011404339465e-06,0.00033300091029845577,0.009157491847872734,0.41578708345206883,0.0001,38.075668271631
0.2,0.2001953125,30,410,0.019134938247560514,8,0.15307950598048412,3.099625587463379,-0.0017456719651818275,0.0017456719651818275,-0.00570184739622945,-0.005701775662600994,-7.173362845565301e-08,5.145713451413671e-15,-0.0002815940048117912,-0.0002815904445014894,-3.560310301783942e-09,1.2675809444988866e-17,-0.0017456500032850153,2.196189681220699e-08,1.2580927889828115e-05,0.008767782710492611,0.19910073308417428,0.0001,17.456719651818275
0.2,0.2001953125,31,410,0.019134938247560514,8,0.15307950598048412,3.099625587463379,0.0003957627050112933,0.0003957627050112933,0.001292670441011707,0.0012910068035125732,1.6636374991338323e-06,2.767689728524272e-12,6.384040488825155e-05,6.375824159476906e-05,8.216329348248561e-08,6.7508067958890615e-15,0.00039525336739829726,5.093376129960362e-07,0.0012886357334503773,0.008862989954650402,0.04465340782696442,0.0001,3.957627050112933
0.35,0.35009765625,0,717,0.019134938247560514,8,0.15307950598048412,4.099002361297607,-0.0007102773524820805,0.0007102773524820805,-0.0023199622573012247,-0.0023236414417624474,3.679184461222694e-06,1.3536398299702525e-11,-8.664027120214079e-05,-8.677779987920076e-05,1.375286770599637e-07,1.8914137013863784e-14,-0.0007114037679615506,1.1264154794701125e-06,0.0015833701340909852,0.011730174534022808,0.06055130300252184,0.0001,7.102773524820805
0.35,0.35009765625,1,717,0.019134938247560514,8,0.15307950598048412,4.099002361297607,0.0052297296933829784,0.0052297296933829784,0.017081743437458274,0.01708080619573593,9.372417223429963e-07,8.784220461004662e-13,0.0006379271384131895,0.0006378922262229025,3.491219028694918e-08,1.2188610306321488e-15,0.005229442748383297,2.8694499968132114e-07,5.48710471627271e-05,0.011433161795139313,0.45741762314658596,0.0001,52.297296933829784
0.35,0.35009765625,2,717,0.019134938247560514,8,0.15307950598048412,4.099002361297607,-0.001959685469046235,0.001959685469046235,-0.006400874684348905,-0.006396349053829908,-4.525630518996404e-06,2.048133159447166e-11,-0.0002390441986017622,-0.0002388752473052591,-1.689512965030943e-07,2.8544540590076484e-14,-0.0019582999064780386,1.385562568196469e-06,0.0007075333883298673,0.01159239187836647,0.16904927728533467,0.0001,19.59685469046235
0.35,0.35009765625,3,717,0.019134938247560514,8,0.15307950598048412,4.099002361297607,0.0002766675315797329,0.0002766675315797329,0.0009036726693349952,0.0009008408524096012,2.8318169253939906e-06,8.019187098947874e-12,3.374815469637216e-05,3.364241274539381e-05,1.0574195097835061e-07,1.1181360196707903e-14,0.00027580054530779993,8.669862719329672e-07,0.0031435263152412916,0.01175826694816351,0.02352961816562132,0.0001,2.766675315797329
0.35,0.35009765625,4,717,0.019134938247560514,8,0.15307950598048412,4.099002361297607,0.0020835809409618378,0.0020835809409618378,0.006805551558376046,0.006805362179875374,1.8937850067204248e-07,3.5864216516790797e-14,0.00025415707985860316,0.0002541501016821712,6.978176431929762e-09,4.8694946315139985e-17,0.0020835229610271853,5.797993465244192e-08,2.782783570758326e-05,0.01138871256262064,0.18295140293560874,0.0001,20.835809409618378
0.35,0.35009765625,5,717,0.019134938247560514,8,0.15307950598048412,4.099002361297607,0.0004554927290882915,0.0004554927290882915,0.0014877652177240552,0.0014863768592476845,1.38835847637072e-06,1.9275392589104268e-12,5.5561413356212085e-05,5.550964851863682e-05,5.17648375752619e-08,2.6795984091932464e-15,0.0004550676706289182,4.2505845937332526e-07,0.000934055497253586,0.011961070820689201,0.03808126679598122,0.0001,4.554927290882915
0.35,0.35009765625,6,717,0.019134938247560514,8,0.15307950598048412,4.099002361297607,-0.0027394986245781183,0.0027394986245781183,-0.008947960104232938,-0.008947779424488544,-1.806797443933833e-07,3.264517003405832e-14,-0.0003341665096907732,-0.0003341598203405738,-6.689350199413566e-09,4.4747406090394314e-17,-0.002739443307846094,5.531673202439566e-08,2.019269092591254e-05,0.011550539173185825,0.23717495638106392,0.0001,27.394986245781183
0.35,0.35009765625,7,717,0.019134938247560514,8,0.15307950598048412,4.099002361297607,-0.0009765861323103309,0.0009765861323103309,-0.003189800378748395,-0.003186384914442897,-3.415464305498231e-06,1.1665396422132513e-11,-0.00011912485602974577,-0.00011899726814590394,-1.2758788384182077e-07,1.627866810323395e-14,-0.0009755404571331716,1.0456751771592727e-06,0.0010718931947037917,0.011596090160310268,0.08421684540301996,0.0001,9.765861323103309
0.35,0.35009765625,8,717,0.019134938247560514,8,0.15307950598048412,4.099002361297607,-0.0015197399770841002,0.0015197399770841002,-0.004963891042599294,-0.004961448721587658,-2.4423210116357452e-06,5.96493192387745e-12,-0.0001853792512335857,-0.00018528792134020478,-9.132989338091939e-08,8.341149424970103e-15,-0.0015189922384962863,7.477385878138995e-07,0.0004922596500915087,0.011694347485899925,0.12995508974882752,0.0001,15.197399770841002
0.35,0.35009765625,9,717,0.019134938247560514,8,0.15307950598048412,4.099002361297607,0.0006760134710930288,0.0006760134710930288,0.0022080469451580694,0.002210421022027731,-2.3740768696615434e-06,5.6362409830619535e-12,8.246073208884729e-05,8.254939166363329e-05,-8.865957478599977e-08,7.860520201234285e-15,0.0006767403161217638,7.268450287349669e-07,0.001074038314874369,0.012050908990204334,0.05609647136515022,0.0001,6.760134710930288
0.35,0.35009765625,10,717,0.019134938247560514,8,0.15307950598048412,4.099002361297607,-0.0011934213107451797,0.0011934213107451797,-0.003898044036336671,-0.0038967211730778217,-1.3228632588491683e-06,1.7499672016130416e-12,-0.00014557460639854112,-0.00014552510401699692,-4.950238154420106e-08,2.450485778547658e-15,-0.001193016304236891,4.0500650828867966e-07,0.00033948111760948713,0.011720969341695309,0.10181933558172454,0.0001,11.934213107451797
0.35,0.35009765625,11,717,0.019134938247560514,8,0.15307950598048412,4.099002361297607,-0.00019548670388758183,0.00019548670388758183,-0.0006385136358896538,-0.0006362248677760363,-2.2887681136175538e-06,5.238459477912456e-12,-2.3845644214961767e-05,-2.3760076146572828e-05,-8.556806838893918e-08,7.321894327814172e-15,-0.00019478597690330892,7.007269842729009e-07,0.003597420078246902,0.01141312625259161,0.017128234592445002,0.0001,1.9548670388758183
0.35,0.35009765625,12,717,0.019134938247560514,8,0.15307950598048412,4.099002361297607,0.002049314556643367,0.002049314556643367,0.0066936280709732334,0.006689865607768297,3.762463204936249e-06,1.4156129368499152e-11,0.0002499772354357247,0.00024983673938550055,1.4049605022415333e-07,1.9739140128587814e-14,0.002048162644626004,1.1519120173626891e-06,0.000562412375006004,0.011499160900712013,0.17821426922693775,0.0001,20.493145566433668
0.35,0.35009765625,13,717,0.019134938247560514,8,0.15307950598048412,4.099002361297607,-0.0013162344694137573,0.0013162344694137573,-0.004299185775990034,-0.004301854409277439,2.6686332874050964e-06,7.121603622646532e-12,-0.00016055546611067105,-0.00016065509407781065,9.962796713959207e-08,9.925731836367638e-15,-0.0013170514955443155,8.170261305581825e-07,0.0006203448637522857,0.011671312153339386,0.11277519203675462,0.0001,13.162344694137573
0.35,0.35009765625,14,717,0.019134938247560514,8,0.15307950598048412,4.099002361297607,-0.0028078239411115646,0.0028078239411115646,-0.009171129483098573,-0.009173224680125713,2.095197027139964e-06,4.389850582536143e-12,-0.00034250089334209374,-0.0003425791801419109,7.828679981716638e-08,6.1288230256130825e-15,-0.002808465404563257,6.414634516923971e-07,0.00022840354403160282,0.01181868091225624,0.23757506966786684,0.0001,28.078239411115646
0.35,0.35009765625,15,717,0.019134938247560514,8,0.15307950598048412,4.099002361297607,-0.0004506414697971195,0.0004506414697971195,-0.001471919663284552,-0.0014693893026560545,-2.5303606284974873e-06,6.402724910250199e-12,-5.496965237834865e-05,-5.48751195310615e-05,-9.453284728715004e-08,8.93645921621563e-15,-0.00044986677708719374,7.746927099257597e-07,0.0017220491696269622,0.011644827201962471,0.038698854176313933,0.0001,4.506414697971195
0.35,0.35009765625,16,717,0.019134938247560514,8,0.15307950598048412,4.099002361297607,-7.659693801542744e-05,7.659693801542744e-05,-0.00025018678210652403,-0.00025490066036581993,4.713878259295903e-06,2.2220648243462575e-11,-9.343363489937024e-06,-9.519440936855972e-06,1.7607744691894734e-07,3.100326731349472e-14,-7.804013432579776e-05,1.4431963103703232e-06,0.01849300136190623,0.011522204615175724,0.00664776755609276,0.0001,0.7659693801542744
0.35,0.35009765625,17,717,0.019134938247560514,8,0.15307950598048412,4.099002361297607,0.0017348466208204627,0.0017348466208204627,0.0056664888278436035,0.005667053163051605,-5.643352080017539e-07,3.1847422699038277e-13,0.00021161815338296953,0.00021163932979106903,-2.1176408099505065e-08,4.484402599967837e-16,0.0017350193971301592,1.72776309696537e-07,9.958177411867604e-05,0.011460846289992332,0.15137159830294028,0.0001,17.348466208204627
0.35,0.35009765625,18,717,0.019134938247560514,8,0.15307950598048412,4.099002361297607,-0.0002133942471118644,0.0002133942471118644,-0.0006970046243129034,-0.0006930865347385406,-3.918089574362791e-06,1.53514259127304e-11,-2.6030022466772976e-05,-2.588366623967886e-05,-1.4635622709411607e-07,2.1420145209224476e-14,-0.0002121946886790029,1.1995584328614896e-06,0.0056531030080405045,0.011710093356668949,0.018223103831220562,0.0001,2.133942471118644
0.35,0.35009765625,19,717,0.019134938247560514,8,0.15307950598048412,4.099002361297607,0.004126335959881544,0.004126335959881544,0.01347775436513234,0.013480435125529766,-2.6807603974252775e-06,7.1864763084037315e-12,0.0005033341769746241,0.0005034343339502811,-1.0015697565703054e-07,1.0031419772763008e-14,0.004127156698836124,8.207389545801524e-07,0.00019886304651616556,0.011466218158602715,0.3598689561636933,0.0001,41.26335959881544
0.35,0.35009765625,20,717,0.019134938247560514,8,0.15307950598048412,4.099002361297607,-0.0011026138672605157,0.0011026138672605157,-0.003601441813514496,-0.0036021005362272263,6.58722712730108e-07,4.3391561226651244e-13,-0.00013449783265207305,-0.00013452244456857443,2.4611916501381852e-08,6.057464338709923e-16,-0.0011028155411554014,2.0167389488566154e-07,0.00018287182884126857,0.011751392856240273,0.09382835556169847,0.0001,11.026138672605157
0.35,0.35009765625,21,717,0.019134938247560514,8,0.15307950598048412,4.099002361297607,0.0018605465302243829,0.0018605465302243829,0.0060770594937168835,0.006080153398215771,-3.0939044988872663e-06,9.572245048234867e-12,0.00022695114154989117,0.00022706668823957443,-1.1554668968326363e-07,1.3351037496760422e-14,0.0018614937569688638,9.472267444808873e-07,0.0005088530331808849,0.01152055524289608,0.16149799128576303,0.0001,18.60546530224383
0.35,0.35009765625,22,717,0.019134938247560514,8,0.15307950598048412,4.099002361297607,0.0008066031150519848,0.0008066031150519848,0.0026345888363227977,0.0026364484801888466,-1.8596438660489073e-06,3.4582753085333263e-12,9.839017448097311e-05,9.845962631516159e-05,-6.945183418847448e-08,4.823557272143352e-15,0.0008071724617806136,5.693467286288414e-07,0.0007053594561103692,0.011498353444039822,0.07014944522079272,0.0001,8.066031150519848
0.35,0.35009765625,23,717,0.019134938247560514,8,0.15307950598048412,4.099002361297607,0.00213810452260077,0.00213810452260077,0.006983640654266789,0.0069817183539271355,1.9223003396538763e-06,3.695238595833408e-12,0.0002608079154562767,0.0002607362694106996,7.164604557709491e-08,5.133155846835162e-15,0.0021375159930280894,5.885295726805635e-07,0.00027533341252190086,0.011711960658431053,0.18255735183516172,0.0001,21.3810452260077
0.35,0.35009765625,24,717,0.019134938247560514,8,0.15307950598048412,4.099002361297607,-0.007722256239503622,0.007722256239503622,-0.02522302443440117,-0.02522578276693821,2.7583325370381107e-06,7.6083983848831e-12,-0.0009419677715261199,-0.000942070793826133,1.0302230001306856e-07,1.0613594299982706e-14,-0.007723100727867822,8.444883641996193e-07,0.0001093457658984546,0.011477070860564709,0.6728420808167479,0.0001,77.22256239503622
0.35,0.35009765625,25,717,0.019134938247560514,8,0.15307950598048412,4.099002361297607,-0.001227577798999846,0.001227577798999846,-0.004009608572803821,-0.004014602396637201,4.993823833379998e-06,2.4938276478834103e-11,-0.00014974104560057337,-0.00014992759679444134,1.8655119386797449e-07,3.48013479335666e-14,-0.0012291067031705806,1.5289041707345838e-06,0.0012439149235706317,0.011425228789448738,0.10744448287403408,0.0001,12.27577798999846
0.35,0.35009765625,26,717,0.019134938247560514,8,0.15307950598048412,4.099002361297607,0.0029683008324354887,0.0029683008324354887,0.009695291389344806,0.009700554423034191,-5.263033689384758e-06,2.7699523615598935e-11,0.00036207600908722383,0.00036227249074727297,-1.9648166004913523e-07,3.860504273566394e-14,0.002969912157629748,1.6113251942594282e-06,0.0005425497821947056,0.01167442835867405,0.2542566317801808,0.0001,29.683008324354887
0.35,0.35009765625,27,717,0.019134938247560514,8,0.15307950598048412,4.099002361297607,-0.0005514044896699488,0.0005514044896699488,-0.0018010395517615747,-0.0017976071685552597,-3.4323832063150317e-06,1.1781254474993457e-11,-6.726081629962669e-05,-6.7132554249838e-05,-1.2826204978869777e-07,1.6451153415998386e-14,-0.0005503536346188319,1.050855051116877e-06,0.001909417845209083,0.011688288301229477,0.047175811843377206,0.0001,5.514044896699488
0.35,0.35009765625,28,717,0.019134938247560514,8,0.15307950598048412,4.099002361297607,0.0016188975423574448,0.0016188975423574448,0.005287767072372953,0.005289735738188028,-1.968665815075578e-06,3.8756450914471895e-12,0.0001974745803567866,0.00019754809909500182,-7.351873821520843e-08,5.405004868756348e-15,0.0016195002671382697,6.02724780824921e-07,0.0003721671388730074,0.011322380974888802,0.14298207646853572,0.0001,16.188975423574448
0.35,0.35009765625,29,717,0.019134938247560514,8,0.15307950598048412,4.099002361297607,-0.004458782263100147,0.004458782263100147,-0.01456361592801518,-0.014567654579877853,4.038651862672826e-06,1.6310708867870688e-11,-0.0005438862764754112,-0.0005440370878204703,1.5081134505914775e-07,2.274406179854933e-14,-0.004460018732764077,1.2364696639300884e-06,0.0002772341862258932,0.01186644472181797,0.3757471060310177,0.0001,44.58782263100147
0.35,0.35009765625,30,717,0.019134938247560514,8,0.15307950598048412,4.099002361297607,0.0038738378789275885,0.0038738378789275885,0.012653025805496976,0.01264922320842743,3.8025970695472477e-06,1.4459744473329316e-11,0.00047253423363499366,0.0004723923048004508,1.4192883454285966e-07,2.0143794074694435e-14,0.00387267367956589,1.1641993616982697e-06,0.00030061901880376645,0.011286411434412003,0.3432302553773955,0.0001,38.738378789275885
0.35,0.35009765625,31,717,0.019134938247560514,8,0.15307950598048412,4.099002361297607,0.0006713073817081749,0.0006713073817081749,0.002192675555778704,0.0021900127176195383,2.662838159165834e-06,7.0907070619096876e-12,8.188667906691099e-05,8.178730786312371e-05,9.937120378727233e-08,9.874636142131606e-15,0.0006704921298083527,8.152518998222206e-07,0.0012159007743390584,0.011559040285646915,0.05807639433022397,0.0001,6.713073817081749
0.5,0.5,0,1024,0.019134938247560514,8,0.15307950598048412,4.898567199707031,-0.0053643337450921535,0.0053643337450921535,-0.01752139749450212,-0.01752104051411152,-3.5698039060200193e-07,1.2743499927435788e-13,-0.0005475410999172348,-0.0005475299549289048,-1.1144988330000563e-08,1.2421076487584874e-16,-0.0053642244523284775,1.0929276367602214e-07,2.0374383034733165e-05,0.014012524858117104,0.3828242090136047,0.0001,53.643337450921535
0.5,0.5,1,1024,0.019134938247560514,8,0.15307950598048412,4.898567199707031,-0.00040587931289337575,0.00040587931289337575,-0.0013257140800582434,-0.0013196638319641352,-6.050248094108257e-06,3.66055020002606e-11,-4.142837041386818e-05,-4.123928374610841e-05,-1.890866677597687e-07,3.5753767924493146e-14,-0.00040402697491476484,1.8523379786109136e-06,0.0045846888787603604,0.014092672616243362,0.028800733824296394,0.0001,4.0587931289337575
0.5,0.5,2,1024,0.019134938247560514,8,0.15307950598048412,4.898567199707031,-0.0044876220636069775,0.0044876220636069775,-0.01465781469199116,-0.01465750951319933,-3.0517879183109e-07,9.313409498348376e-14,-0.00045805455765467185,-0.0004580449312925339,-9.626362137971078e-09,9.266684801136312e-17,-0.004487528630369599,9.343323737875248e-08,2.082064429548992e-05,0.013800149783492088,0.32518647507544646,0.0001,44.876220636069775
0.5,0.5,3,1024,0.019134938247560514,8,0.15307950598048412,4.898567199707031,-0.0024942089803516865,0.0024942089803516865,-0.00814677629241131,-0.008151368238031864,4.591945620554053e-06,2.1085964582125543e-11,-0.0002545855633562461,-0.00025472891866229475,1.4335530604866337e-07,2.055074377230594e-14,-0.002495614845885854,1.405865534167671e-06,0.0005633343368209684,0.013556072488427162,0.1839920067173583,0.0001,24.942089803516865
0.5,0.5,4,1024,0.019134938247560514,8,0.15307950598048412,4.898567199707031,0.003687758231535554,0.003687758231535554,0.012045238217602103,0.012045236304402351,1.9131997514021393e-09,3.660333288765207e-18,0.0003764119263032778,0.0003764118882827461,3.8020531709960503e-11,1.4455608315081122e-21,0.003687757645792208,5.857433457538697e-10,1.5883455530821348e-07,0.013820549473166466,0.2668315206060068,0.0001,36.87758231535554
0.5,0.5,5,1024,0.019134938247560514,8,0.15307950598048412,4.898567199707031,-0.0045641688629984856,0.0045641688629984856,-0.014907837707486346,-0.014906911179423332,-9.26528063013507e-07,8.584542515515612e-13,-0.00046586774019058625,-0.0004658387624658644,-2.8977724721829766e-08,8.39708530054144e-16,-0.004563885198082159,2.836649163262192e-07,6.215426199708555e-05,0.013759920373558998,0.33170023801656384,0.0001,45.641688629984856
0.5,0.5,6,1024,0.019134938247560514,8,0.15307950598048412,4.898567199707031,-0.003980313893407583,0.003980313893407583,-0.013000805914264668,-0.012994415126740932,-6.390787523735675e-06,4.084216517353556e-11,-0.00040627327656601647,-0.0004060734645463526,-1.9981201966384667e-07,3.992484320214545e-14,-0.003978357296213664,1.9565971939193225e-06,0.0004918103247743689,0.01412137784063816,0.28186441424668435,0.0001,39.80313893407583
0.5,0.5,7,1024,0.019134938247560514,8,0.15307950598048412,4.898567199707031,-0.0003042632306460291,0.0003042632306460291,-0.0009938078539553793,-0.0009965896606445312,2.7818066891519867e-06,7.738448455810739e-12,-3.105634956525922e-05,-3.114323772024363e-05,8.688815498441151e-08,7.549551476595114e-15,-0.00030511490583344633,8.51675187417216e-07,0.0027913260582625274,0.013305120170116425,0.022868130971820205,0.0001,3.042632306460291
0.5,0.5,8,1024,0.019134938247560514,8,0.15307950598048412,4.898567199707031,0.001758673577569425,0.001758673577569425,0.0057443142578263735,0.005756426602602005,-1.2112344775631542e-05,1.4670889596376873e-10,0.0001795089774081905,0.00017988756007980555,-3.7858267161504713e-07,1.433248392471866e-13,0.001762381881078463,3.708303509037834e-06,0.0021041430060371445,0.013373970054090023,0.13149973945332621,0.0001,17.58673577569425
0.5,0.5,9,1024,0.019134938247560514,8,0.15307950598048412,4.898567199707031,-0.007202601060271263,0.007202601060271263,-0.023525686910661682,-0.02352513000369072,-5.569069709623897e-07,3.1014537430650397e-13,-0.0007351742628642543,-0.000735156936571002,-1.7326293252342348e-08,3.00200437866164e-16,-0.007202430558183279,1.7050208798389394e-07,2.3672854129800995e-05,0.013565816916525364,0.5309375104050923,0.0001,72.02601060271263
0.5,0.5,10,1024,0.019134938247560514,8,0.15307950598048412,4.898567199707031,-0.002676198957487941,0.002676198957487941,-0.008741205886270385,-0.00874037854373455,-8.273425358348852e-07,6.844956716016982e-13,-0.00027316140091412813,-0.0002731355489231646,-2.5851990963525126e-08,6.683254367781848e-16,-0.0026759456591146165,2.532983733242837e-07,9.465751759999936e-05,0.01418747566640377,0.18863108705273302,0.0001,26.761989574879408
0.5,0.5,11,1024,0.019134938247560514,8,0.15307950598048412,4.898567199707031,-0.002319453051313758,0.002319453051313758,-0.007575975100185722,-0.0075702243484556675,-5.750751730054619e-06,3.3071145460726195e-11,-0.00023674810988124012,-0.00023656830308027565,-1.7980680096446947e-07,3.233048567307634e-14,-0.0023176924068460517,1.7606444677061538e-06,0.0007596540690669403,0.013959112577140331,0.1661604946944931,0.0001,23.19453051313758
0.5,0.5,12,1024,0.019134938247560514,8,0.15307950598048412,4.898567199707031,-0.0030479703564196825,0.0030479703564196825,-0.00995551408693553,-0.009954867884516716,-6.462024188143289e-07,4.175775660814894e-13,-0.00031110835394908666,-0.00031108816619962454,-2.0187749462125676e-08,4.075452283455555e-16,-0.0030477725157256118,1.978406940707396e-07,6.491320892551516e-05,0.013413605280220509,0.2272297635680522,0.0001,30.479703564196825
0.5,0.5,13,1024,0.019134938247560514,8,0.15307950598048412,4.898567199707031,0.003426340641453862,0.003426340641453862,0.01119137607450432,0.011179663240909576,1.1712833594744107e-05,1.3719047081816617e-10,0.00034972885966112516,0.00034936287556774914,3.6598409337601674e-07,1.3394435660426494e-13,0.0034227546518932317,3.585989560630446e-06,0.0010476910925084637,0.014177520759403706,0.2416741755910482,0.0001,34.26340641453862
0.5,0.5,14,1024,0.019134938247560514,8,0.15307950598048412,4.898567199707031,0.0021052067168056965,0.0021052067168056965,0.006876187322795797,0.006878255866467953,-2.068543672155941e-06,4.278872923616385e-12,0.00021487984455246452,0.00021494453540071845,-6.469084825393395e-08,4.184905847813509e-15,0.002105840020092562,6.333032868655573e-07,0.00030073665654702515,0.01390785165131092,0.15136821772234424,0.0001,21.052067168056965
0.5,0.5,15,1024,0.019134938247560514,8,0.15307950598048412,4.898567199707031,-0.00398294860497117,0.00398294860497117,-0.013009411610849302,-0.013006780296564102,-2.6313142851997623e-06,6.923814867496336e-12,-0.00040654220332114445,-0.0004064600507263094,-8.215259483503263e-08,6.749048838129029e-15,-0.0039821430043894546,8.056005817158596e-07,0.00020230327761405317,0.013978983275592327,0.2849240553800149,0.0001,39.829486049711704
0.5,0.5,16,1024,0.019134938247560514,8,0.15307950598048412,4.898567199707031,0.003429109463468194,0.003429109463468194,0.011200419812908745,0.011192096397280693,8.323415628052125e-06,6.927924771730235e-11,0.0003500114751588259,0.00034975132439285517,2.6015076597075363e-07,6.767842103516983e-14,0.003426561174763369,2.548288704825024e-06,0.0007436869137469881,0.01326886098831892,0.258432842614522,0.0001,34.29109463468194
0.5,0.5,17,1024,0.019134938247560514,8,0.15307950598048412,4.898567199707031,-0.00047330139204859734,0.00047330139204859734,-0.0015459332358602523,-0.0015590982511639595,1.3165015303707181e-05,1.733176279468443e-10,-4.8310186708973196e-05,-4.872151475865394e-05,4.113280496807428e-07,1.691907644541636e-13,-0.00047733198012643135,4.030588077834016e-06,0.008443993374938822,0.013509281910955906,0.03503527390784215,0.0001,4.733013920485973
0.5,0.5,18,1024,0.019134938247560514,8,0.15307950598048412,4.898567199707031,0.0008885398856364191,0.0008885398856364191,0.002902216988307036,0.002896606456488371,5.610531818665138e-06,3.1478067288253935e-11,9.069385489797506e-05,9.051855886355042e-05,1.7529603442463927e-07,3.072869968500432e-14,0.000886822170758241,1.717714878178068e-06,0.0019369327186637725,0.014463796280324459,0.061431996718947626,0.0001,8.88539885636419
0.5,0.5,19,1024,0.019134938247560514,8,0.15307950598048412,4.898567199707031,-0.0009937750874087214,0.0009937750874087214,-0.003245944259630079,-0.003251542802900076,5.598543269997019e-06,3.1343686746028915e-11,-0.0001014352816746248,-0.00010161029058508575,1.750089104609557e-07,3.0628118740730806e-14,-0.0009954891318846846,1.7140444759631591e-06,0.0017218113398366167,0.013907352462410927,0.07145681322844998,0.0001,9.937750874087214
0.5,0.5,20,1024,0.019134938247560514,8,0.15307950598048412,4.898567199707031,-0.0019542404916137457,0.0019542404916137457,-0.006383089882269704,-0.006386504974216223,3.4150919465186433e-06,1.1662853003176495e-11,-0.00019947062191273226,-0.00019957740732934326,1.0678541661099622e-07,1.1403125200784026e-14,-0.0019552860527898477,1.0455611761019806e-06,0.0005347356590664316,0.013622291386127472,0.1434590140689462,0.0001,19.542404916137457
0.5,0.5,21,1024,0.019134938247560514,8,0.15307950598048412,4.898567199707031,-0.0016310614300891757,0.0016310614300891757,-0.005327497693574728,-0.005328036844730377,5.391511556495504e-07,2.9068396863824575e-13,-0.00016648352095554846,-0.00016650032193865627,1.680098310781063e-08,2.822730333889381e-16,-0.001631226496074287,1.650659851113595e-07,0.00010119133394939797,0.013594508171081543,0.11997943651678374,0.0001,16.310614300891757
0.5,0.5,22,1024,0.019134938247560514,8,0.15307950598048412,4.898567199707031,-0.0012826098827645183,0.0012826098827645183,-0.004189358577261271,-0.0041960375383496284,6.678961088357749e-06,4.460852121979693e-11,-0.00013091684062650272,-0.0001311255182372406,2.0867761073788777e-07,4.354634522327341e-14,-0.0012846547068922555,2.0448241277372815e-06,0.001591730537993336,0.013968896120786667,0.09181898638761495,0.0001,12.826098827645183
0.5,0.5,23,1024,0.019134938247560514,8,0.15307950598048412,4.898567199707031,0.002978790318593383,0.002978790318593383,0.009729552951958,0.009729045443236828,5.075087211713764e-07,2.5756510206500584e-13,0.00030404710164755273,0.0003040312440134585,1.5857634094241287e-08,2.514645590668437e-16,0.0029786349402247474,1.5537836863541502e-07,5.216428725021644e-05,0.013929430395364761,0.2138486811050524,0.0001,29.78790318593383
0.5,0.5,24,1024,0.019134938247560514,8,0.15307950598048412,4.898567199707031,-0.0024812205228954554,0.0024812205228954554,-0.008104352398458166,-0.008111752569675446,7.400171217279358e-06,5.476253404504986e-11,-0.00025325982289717795,-0.00025349107454530895,2.3125164813099508e-07,5.347732476330156e-14,-0.0024834861520036796,2.265629108224275e-06,0.0009122777295924773,0.01344840694218874,0.18449921493018373,0.0001,24.812205228954554
0.5,0.5,25,1024,0.019134938247560514,8,0.15307950598048412,4.898567199707031,-2.1104448023834266e-05,2.1104448023834266e-05,-6.893296358862316e-05,-6.696849595755339e-05,-1.964467631069769e-06,3.859133073520869e-12,-2.1541449941828357e-06,-2.092798240482807e-06,-6.13467537000285e-08,3.763424189531961e-15,-2.050300855487664e-05,6.01439468957627e-07,0.029334205628791715,0.013349941000342369,0.0015808645164269285,0.0001,0.21104448023834266
0.5,0.5,26,1024,0.019134938247560514,8,0.15307950598048412,4.898567199707031,0.004352990537881851,0.004352990537881851,0.014218070897213398,0.014215066097676754,3.004799536644384e-06,9.028820255418305e-12,0.0004443126286133413,0.0004442185745574534,9.405405588792893e-08,8.846165428969658e-15,0.004352070591424571,9.199464572800034e-07,0.00021138132710730588,0.014041866175830364,0.310000856251889,0.0001,43.52990537881851
0.5,0.5,27,1024,0.019134938247560514,8,0.15307950598048412,4.898567199707031,0.0035370010882616043,0.0035370010882616043,0.011552823696440891,0.011549757793545723,3.0659028951683653e-06,9.399760562601764e-12,0.0003610240447934594,0.00036092818481847644,9.585997498296741e-08,9.189134803735137e-15,0.003536062434460451,9.386538011532143e-07,0.0002654517047000157,0.01385859027504921,0.25522084267326717,0.0001,35.37001088261604
0.5,0.5,28,1024,0.019134938247560514,8,0.15307950598048412,4.898567199707031,0.004965766798704863,0.004965766798704863,0.01621956762565572,0.016215335577726364,4.232047929354776e-06,1.791022967635605e-11,0.0005068591075980187,0.0005067269084975123,1.3219910050639092e-07,1.7476602174698846e-14,0.004964471119092239,1.2956796126232378e-06,0.0002609904623355236,0.01362519059330225,0.3644548503523973,0.0001,49.657667987048626
0.5,0.5,29,1024,0.019134938247560514,8,0.15307950598048412,4.898567199707031,0.002634841250255704,0.002634841250255704,0.008606120177156883,0.008617774583399296,-1.1654406242412804e-05,1.3582518486319055e-10,0.0002689399923321748,0.00026930420426651835,-3.642119343435406e-07,1.3265033311826353e-13,0.002638409351755873,3.568101500169181e-06,0.001352368425238712,0.01339430920779705,0.19671348550934742,0.0001,26.34841250255704
0.5,0.5,30,1024,0.019134938247560514,8,0.15307950598048412,4.898567199707031,0.0012601673370227218,0.0012601673370227218,0.004116055016480712,0.004112917464226484,3.1375522542278697e-06,9.844234148010387e-12,0.00012862611511158697,0.00012852811778429896,9.799732728801142e-08,9.603476155593628e-15,0.0012592067471245913,9.605898981304966e-07,0.0007628532012904246,0.01357947662472725,0.0927994039717295,0.0001,12.601673370227218
0.5,0.5,31,1024,0.019134938247560514,8,0.15307950598048412,4.898567199707031,-0.000314113189233467,0.000314113189233467,-0.0010259805426649103,-0.0010222771670669317,-3.7033755979785834e-06,1.371499081970323e-11,-3.206174136513358e-05,-3.194603050360456e-05,-1.1571086152901858e-07,1.3389003475787711e-14,-0.0003129793674194695,1.1338218139975002e-06,0.0036226727127283745,0.013528920710086823,0.023217904514679585,0.0001,3.14113189233467
0.75,0.75,0,1536,0.019134938247560514,8,0.15307950598048412,5.999500751495361,0.006479203235358,0.006479203235358,0.021162869561990958,0.021156178787350655,6.69077464030346e-06,4.4766465287327886e-11,0.0005399785335257332,0.0005398078355938196,1.706979319136175e-07,2.913778395958599e-14,0.0064771547944048715,2.048440953128332e-06,0.0003162562912496435,0.016958842054009438,0.3820545774719434,0.0001,64.79203235358
0.75,0.75,1,1536,0.019134938247560514,8,0.15307950598048412,5.999500751495361,0.002533626975491643,0.002533626975491643,0.00827552636541253,0.008276047185063362,-5.208196508319635e-07,2.712531086927283e-13,0.000211153150940113,0.00021116645075380802,-1.3299813695017218e-08,1.7688504432216755e-16,0.0025337864291213514,1.5945362970845936e-07,6.293096682333782e-05,0.01742147095501423,0.14543128889827855,0.0001,25.33626975491643
0.75,0.75,2,1536,0.019134938247560514,8,0.15307950598048412,5.999500751495361,-0.004622468259185553,0.004622468259185553,-0.015098259657876294,-0.015084531158208847,-1.3728499667447353e-05,1.8847170311910207e-10,-0.00038523774315999657,-0.00038488738937303424,-3.5035378696232676e-07,1.2274777603884344e-13,-0.0046182651552916605,4.20310389389212e-06,0.0009101044986722245,0.017168855294585228,0.269235670047461,0.0001,46.224682591855526
0.75,0.75,3,1536,0.019134938247560514,8,0.15307950598048412,5.999500751495361,-0.0019329199567437172,0.0019329199567437172,-0.006313451119283539,-0.006323786918073893,1.0335798790353512e-05,1.0682873663467312e-10,-0.0001610900670578249,-0.00016135377518367022,2.6370812584533576e-07,6.954197563685944e-14,-0.0019360843546891993,3.164397945482067e-06,0.0016344318561419548,0.017097413539886475,0.11305335466293878,0.0001,19.329199567437172
0.75,0.75,4,1536,0.019134938247560514,8,0.15307950598048412,5.999500751495361,0.003871695837005973,0.003871695837005973,0.012646029304208656,0.012641066685318947,4.962618889709294e-06,2.4627586244499508e-11,0.0003226681683505883,0.0003225415712222457,1.2659712834262688e-07,1.6026832904599543e-14,0.0038701764865099603,1.5193504960125948e-06,0.00039257912431345254,0.016215311363339424,0.23876789968765827,0.0001,38.71695837005973
0.75,0.75,5,1536,0.019134938247560514,8,0.15307950598048412,5.999500751495361,0.006615788210183382,0.006615788210183382,0.021608993861747958,0.0216147992759943,-5.805414246343177e-06,3.370283457164432e-11,0.000551361561921166,0.0005515096709132195,-1.481089920535002e-07,2.1936273527103788e-14,0.0066175655900730665,1.7773798896844953e-06,0.0002685851565038845,0.016761695966124535,0.394696826833867,0.0001,66.15788210183382
0.75,0.75,6,1536,0.019134938247560514,8,0.15307950598048412,5.999500751495361,0.0025127532426267862,0.0025127532426267862,0.008207346981336397,0.00821769516915083,-1.034818781443271e-05,1.0708499104277364e-10,0.00020941352845072053,0.00020967751333955675,-2.6398488883622455e-07,6.968802153387384e-14,0.0025159214335836394,3.168190956853202e-06,0.0012592567138873174,0.016518915072083473,0.1521136970353018,0.0001,25.127532426267862
0.75,0.75,7,1536,0.019134938247560514,8,0.15307950598048412,5.999500751495361,0.006402639206498861,0.006402639206498861,0.020912790270289756,0.020903784781694412,9.005488595344169e-06,8.109882484087389e-11,0.0005335976668477805,0.0005333680310286582,2.2963581912231485e-07,5.27326094239765e-14,0.006399882095008285,2.757111490576253e-06,0.00043080660700401286,0.017203396186232567,0.3721729789390497,0.0001,64.02639206498861
0.75,0.75,8,1536,0.019134938247560514,8,0.15307950598048412,5.999500751495361,-0.002546909498050809,0.002546909498050809,-0.008318910757314276,-0.008334591053426266,1.568029611198965e-05,2.4587168615967776e-10,-0.00021226011992881222,-0.00021266027761157602,4.001576827638014e-07,1.6012617107489512e-13,-0.0025517101620157107,4.800663964901839e-06,0.0018813515877953704,0.016896450892090797,0.15073635962467202,0.0001,25.46909498050809
0.75,0.75,9,1536,0.019134938247560514,8,0.15307950598048412,5.999500751495361,0.005245311185717583,0.005245311185717583,0.017132636900416637,0.01714930683374405,-1.666993332741229e-05,2.7788667714037097e-10,0.0004371456395276058,0.0004375710850581527,-4.254455305468868e-07,1.81003899462322e-13,0.0052504148360345585,5.103650316975843e-06,0.0009720470622527873,0.01676630601286888,0.31284835083479773,0.0001,52.45311185717583
0.75,0.75,10,1536,0.019134938247560514,8,0.15307950598048412,5.999500751495361,0.004028777591884136,0.004028777591884136,0.013159101755912901,0.01315407082438469,5.030931528211824e-06,2.5310272041555757e-11,0.00033575940388706283,0.00033563104807399213,1.2835581307069424e-07,1.6475214749039e-14,0.004027237326858215,1.5402650259208756e-06,0.0003824619462202116,0.01743835210800171,0.23102971926088725,0.0001,40.28777591884136
0.75,0.75,11,1536,0.019134938247560514,8,0.15307950598048412,5.999500751495361,-0.002454460831359029,0.002454460831359029,-0.008016947845624562,-0.008002329617738724,-1.46182278858379e-05,2.136925865222888e-10,-0.00020455542327811697,-0.00020418240455910563,-3.730187190113311e-07,1.3914296473285438e-13,-0.0024499853291528803,4.475502206148507e-06,0.0018267465330888248,0.016953321173787117,0.14477758111219333,0.0001,24.544608313590288
0.75,0.75,12,1536,0.019134938247560514,8,0.15307950598048412,5.999500751495361,-0.0027685731183737516,0.0027685731183737516,-0.009042925441393549,-0.009037423878908157,-5.5015624853913675e-06,3.026718978066564e-11,-0.00023073362543405727,-0.00023059314116835594,-1.4048426570133286e-07,1.9735828909642688e-14,-0.0027668887654389825,1.684352934769144e-06,0.0006087533968868864,0.017216235399246216,0.1608117601885816,0.0001,27.685731183737516
0.75,0.75,13,1536,0.019134938247560514,8,0.15307950598048412,5.999500751495361,-0.008957409299910069,0.008957409299910069,-0.029257375905864354,-0.029265251010656357,7.875104792002402e-06,6.20172754850192e-11,-0.0007465128908999182,-0.0007467137766070664,2.008857071481452e-07,4.0355067336410354e-14,-0.008959820334212278,2.4110343022094166e-06,0.0002690940456699892,0.016696153208613396,0.536495394357607,0.0001,89.57409299910069
0.75,0.75,14,1536,0.019134938247560514,8,0.15307950598048412,5.999500751495361,-0.0009058861178345978,0.0009058861178345978,-0.002958874579690922,-0.0029696726705878973,1.0798090896975508e-05,1.1659876701934533e-10,-7.549679176294859e-05,-7.577224459964782e-05,2.754528366992297e-07,7.587426524565249e-14,-0.0009091920506746806,3.305932840082736e-06,0.003636121584685563,0.016820546239614487,0.05385592744313635,0.0001,9.058861178345978
0.75,0.75,15,1536,0.019134938247560514,8,0.15307950598048412,5.999500751495361,0.0003336544323246926,0.0003336544323246926,0.0010898076466461478,0.0010869791731238365,2.8284735223112808e-06,8.000262466415984e-12,2.7806849781753094e-05,2.7734669856727123e-05,7.217992502597071e-08,5.209941576754753e-15,0.000332788469665744,8.65962658948608e-07,0.002602141413788733,0.01728503406047821,0.019303082143620705,0.0001,3.336544323246926
0.75,0.75,16,1536,0.019134938247560514,8,0.15307950598048412,5.999500751495361,-0.0003829446213785559,0.0003829446213785559,-0.0012508030350822303,-0.0012588477693498135,8.04473426758317e-06,6.471774943602693e-11,-3.191470734319917e-05,-3.21200568578206e-05,2.0534951462143018e-07,4.216842315525696e-14,-0.00038540758927340773,2.4629678948518362e-06,0.006390553697956916,0.016490021720528603,0.02322280879119911,0.0001,3.829446213785559
0.75,0.75,17,1536,0.019134938247560514,8,0.15307950598048412,5.999500751495361,-0.00047856755554676056,0.00047856755554676056,-0.0015631339821797323,-0.001565421000123024,2.287017943291723e-06,5.230451072938303e-12,-3.988394829582101e-05,-3.994224243797362e-05,5.829414215260915e-08,3.398207009308603e-15,-0.00047926774670061574,7.001911538551857e-07,0.0014609603059572757,0.017350947484374046,0.027581638177266686,0.0001,4.785675555467606
0.75,0.75,18,1536,0.019134938247560514,8,0.15307950598048412,5.999500751495361,-0.0016132681630551815,0.0016132681630551815,-0.00526937996279154,-0.005286931525915861,1.755156312432081e-05,3.0805736810701804e-10,-0.00013445020093155903,-0.00013489802950061858,4.478285690595455e-07,2.0055042726592013e-13,-0.0016186417322796942,5.373569224512717e-06,0.0033198014837691014,0.017063578590750694,0.09454453850200291,0.0001,16.132681630551815
0.75,0.75,19,1536,0.019134938247560514,8,0.15307950598048412,5.999500751495361,-0.003252530237659812,0.003252530237659812,-0.010623663229206111,-0.010624113492667675,4.5026346156412655e-07,2.0273718481970966e-13,-0.00027106674141586917,-0.00027107822825200856,1.1486836139391887e-08,1.319474044932395e-16,-0.0032526680898763267,1.3785221651468546e-07,4.238127368228551e-05,0.016782037913799286,0.19381020674404326,0.0001,32.52530237659812
0.75,0.75,20,1536,0.019134938247560514,8,0.15307950598048412,5.999500751495361,-0.00587889039888978,0.00587889039888978,-0.01920208182419687,-0.01921597495675087,1.389313255399996e-05,1.9301913216301343e-10,-0.0004899483009002441,-0.0004903028020635247,3.545011632806244e-07,1.2567107476731592e-13,-0.005883143906625555,4.253507735775368e-06,0.0007229990976398006,0.01716792769730091,0.34243448030213,0.0001,58.7889039888978
0.75,0.75,21,1536,0.019134938247560514,8,0.15307950598048412,5.999500751495361,0.0008886167197488248,0.0008886167197488248,0.002902467949766291,0.0028823260217905045,2.0141927975786487e-05,4.0569726258177033e-10,7.405755549970881e-05,7.354360423050821e-05,5.139512692006043e-07,2.6414590711291205e-13,0.0008824500869807691,6.166632768055775e-06,0.0069880810926705285,0.01705128327012062,0.05211436029017063,0.0001,8.886167197488248
0.75,0.75,22,1536,0.019134938247560514,8,0.15307950598048412,5.999500751495361,0.002333912765607238,0.002333912765607238,0.0076232045258389615,0.007629456929862499,-6.2524040235377096e-06,3.909255607355054e-11,0.00019450891518144368,0.00019466833327896893,-1.5941809752525234e-07,2.5414129818570868e-14,0.002335826995445465,1.914229838227005e-06,0.0008195083976508041,0.017420770600438118,0.13397299230543463,0.0001,23.339127656072378
0.75,0.75,23,1536,0.019134938247560514,8,0.15307950598048412,5.999500751495361,0.006466553080826998,0.006466553080826998,0.021121550658947805,0.021109268069267273,1.2282589680532446e-05,1.5086200926032214e-10,0.0005389242662579236,0.0005386106204241514,3.136458337721446e-07,9.837370904262378e-14,0.006462792655306084,3.7604255209138654e-06,0.0005818576769326616,0.016918238252401352,0.3822237862094857,0.0001,64.66553080826998
0.75,0.75,24,1536,0.019134938247560514,8,0.15307950598048412,5.999500751495361,0.002080668229609728,0.002080668229609728,0.006796037837602472,0.006799420807510614,-3.382969908142207e-06,1.1444485399395692e-11,0.0001734034477028048,0.00017348997062072158,-8.652291791678437e-08,7.486215324834605e-15,0.0020817039563342985,1.0357267245706368e-06,0.0004975379527041215,0.016645655035972595,0.1249976780795491,0.0001,20.80668229609728
0.75,0.75,25,1536,0.019134938247560514,8,0.15307950598048412,5.999500751495361,-0.0012373733334243298,0.0012373733334243298,-0.004041603497146381,-0.004018044099211693,-2.355939793468806e-05,5.55045231044984e-10,-0.0001031230251213751,-0.00010252185893477872,-6.011661865963749e-07,3.614007839068275e-13,-0.0012301604114302504,7.212921994079321e-06,0.005863399542904483,0.017135873436927795,0.07220952803945149,0.0001,12.373733334243298
0.75,0.75,26,1536,0.019134938247560514,8,0.15307950598048412,5.999500751495361,-0.009705750271677971,0.009705750271677971,-0.03170166447008048,-0.031709421426057816,7.75695597733661e-06,6.017036603433817e-11,-0.0008088798279805896,-0.0008090778719633818,1.9804398279220804e-07,3.9221419120200395e-14,-0.009708125133655817,2.374861977846171e-06,0.0002446262223807845,0.01687484048306942,0.5751610085686902,0.0001,97.05750271677971
0.75,0.75,27,1536,0.019134938247560514,8,0.15307950598048412,5.999500751495361,-0.004036101046949625,0.004036101046949625,-0.01318302218542625,-0.013193938881158829,1.091669573257889e-05,1.1917424571770616e-10,-0.0003363697425943014,-0.0003366481978446245,2.7845525032310246e-07,7.753732643250165e-14,-0.004039443291728989,3.342244779364241e-06,0.0008274023270007762,0.016777515411376953,0.24056607596454455,0.0001,40.36101046949625
0.75,0.75,28,1536,0.019134938247560514,8,0.15307950598048412,5.999500751495361,0.0014232220128178596,0.0014232220128178596,0.004648636679684948,0.004661380313336849,-1.274363365190087e-05,1.6240019865386032e-10,0.0001186117038541186,0.00011893687769770622,-3.2517384358761805e-07,1.057380285535447e-13,0.0014271235911055182,3.901578287658592e-06,0.002733875546571438,0.017148708924651146,0.0829929541093317,0.0001,14.232220128178596
0.75,0.75,29,1536,0.019134938247560514,8,0.15307950598048412,5.999500751495361,0.004887770861387253,0.004887770861387253,0.015964811324941132,0.01596318557858467,1.6257463564608998e-06,2.643051215545891e-12,0.0004073481331066579,0.00040730671025812626,4.1422848531629235e-08,1.7158523804742983e-15,0.00488727312448906,4.977368981929839e-07,0.00010184347907607881,0.016972200945019722,0.2879868602322616,0.0001,48.87770861387253
0.75,0.75,30,1536,0.019134938247560514,8,0.15307950598048412,5.999500751495361,-0.005092988722026348,0.005092988722026348,-0.01663510960989006,-0.01662626303732395,-8.846572566108962e-06,7.826184616743171e-11,-0.0004244510445937466,-0.00042422523256391287,-2.2581202983374717e-07,5.099107281763712e-14,-0.0050902802641102675,2.7084579160806255e-06,0.0005320842420361383,0.01696179062128067,0.300262444911716,0.0001,50.92988722026348
0.75,0.75,31,1536,0.019134938247560514,8,0.15307950598048412,5.999500751495361,-0.009455773048102856,0.009455773048102856,-0.03088516972777649,-0.030882656574249268,-2.5131535272213124e-06,6.315940651384924e-12,-0.0007880466591946027,-0.0007879825425334275,-6.411666117521822e-08,4.110946240257735e-15,-0.009455003623502056,7.694246008001226e-07,8.137750459318535e-05,0.017019353806972504,0.5555894280915064,0.0001,94.55773048102856
1.0,1.0,0,2048,0.019134938247560514,8,0.15307950598048412,6.9276299476623535,0.0032191025093197823,0.0032191025093197823,0.010514479024155528,0.01049170270562172,2.2776318533809098e-05,5.187606859535358e-10,0.00023233793762367677,0.00023183457960840315,5.03358015273628e-07,2.53369291540206e-13,0.0032121293341413628,6.973175178419475e-06,0.002170888670111249,0.01966731622815132,0.1636777724004883,0.0001,32.19102509319782
1.0,1.0,1,2048,0.019134938247560514,8,0.15307950598048412,6.9276299476623535,-0.0025844918563961983,0.0025844918563961983,-0.008441665132907117,-0.008423956111073494,-1.7709021833622884e-05,3.13609454303732e-10,-0.0001865350686975063,-0.00018614382133819163,-3.912473593146754e-07,1.5307449617070672e-13,-0.0025790700797688215,5.421776627376803e-06,0.0021022215215892046,0.01998922973871231,0.12929421944613104,0.0001,25.844918563961983
1.0,1.0,2,2048,0.019134938247560514,8,0.15307950598048412,6.9276299476623535,-0.0007358046714216471,0.0007358046714216471,-0.0024033415404262335,-0.0023839599452912807,-1.9381595134952776e-05,3.756462299752251e-10,-5.3106522503409384e-05,-5.267812230158597e-05,-4.2840020182341194e-07,1.835267329223401e-13,-0.0007298708214049024,5.9338500167446665e-06,0.008130000327075426,0.019281096756458282,0.03816197183778906,0.0001,7.358046714216471
1.0,1.0,3,2048,0.019134938247560514,8,0.15307950598048412,6.9276299476623535,0.003640868468210101,0.003640868468210101,0.011892083283422243,0.011897973716259003,-5.890432836759205e-06,3.469719900437109e-11,0.00026277879272684513,0.0002629088412504643,-1.3004852361919164e-07,1.6912618495531446e-14,0.0036426718773074256,1.8034090973244668e-06,0.0004950786560159525,0.019197288900613785,0.18965534597407102,0.0001,36.40868468210101
1.0,1.0,4,2048,0.019134938247560514,8,0.15307950598048412,6.9276299476623535,0.000565769150853157,0.000565769150853157,0.0018479585076701453,0.0018202229402959347,2.7735567374210634e-05,7.692616975693773e-10,4.083425032280117e-05,4.022136999992654e-05,6.128803228746353e-07,3.756222901669172e-13,0.0005572776569496918,8.491493903465229e-06,0.015237456225939807,0.020177369937300682,0.028039786781489984,0.0001,5.65769150853157
1.0,1.0,5,2048,0.019134938247560514,8,0.15307950598048412,6.9276299476623535,0.0016088341362774372,0.0016088341362774372,0.005254897205124718,0.005238479468971491,1.641773615322726e-05,2.695420603969854e-10,0.00011611721096767872,0.00011575436656130478,3.628444063739461e-07,1.3165606323686133e-13,0.001603807698398129,5.026437879308105e-06,0.003134065190189867,0.019419081509113312,0.08284810666881523,0.0001,16.088341362774372
1.0,1.0,6,2048,0.019134938247560514,8,0.15307950598048412,6.9276299476623535,3.0130458981147967e-05,3.0130458981147967e-05,9.841441147905604e-05,7.446669042110443e-05,2.3947721057951608e-05,5.734933438694588e-10,2.174658520214055e-06,1.6454141587018967e-06,5.292443615121583e-07,2.800995941924121e-13,2.279864836332863e-05,7.331810617819337e-06,0.32158970571310147,0.020203690975904465,0.0014913343812812455,0.0001,0.3013045898114797
1.0,1.0,7,2048,0.019134938247560514,8,0.15307950598048412,6.9276299476623535,0.0016039764741435647,0.0016039764741435647,0.005239030737230277,0.005250266753137112,-1.1236015906834415e-05,1.2624805345863601e-10,0.00011576661038922896,0.0001160149258794263,-2.4831549019733654e-07,6.166058267194354e-14,0.0016074164816719787,3.4400075284140436e-06,0.002140084768096858,0.019275715574622154,0.08321229206428597,0.0001,16.039764741435647
1.0,1.0,8,2048,0.019134938247560514,8,0.15307950598048412,6.9276299476623535,0.002090022200718522,0.002090022200718522,0.006826590494043585,0.00685521587729454,-2.862538325095528e-05,8.194125662640712e-10,0.00015084684203028016,0.00015147928206715733,-6.324400368771653e-07,3.9998040024519024e-13,0.0020987861197716384,8.763919053116336e-06,0.004175708506243555,0.019406866282224655,0.10769498641997846,0.0001,20.90022200718522
1.0,1.0,9,2048,0.019134938247560514,8,0.15307950598048412,6.9276299476623535,0.003642305498942733,0.003642305498942733,0.011896777023199582,0.011875676922500134,2.110010069944837e-05,4.4521424952686165e-10,0.00026288251006910277,0.0002624164626467973,4.6604742230546775e-07,2.17200199837571e-13,0.0036358455129603126,6.4599859824201675e-06,0.0017767493033994269,0.019256312400102615,0.1891486502329139,0.0001,36.42305498942733
1.0,1.0,10,2048,0.019134938247560514,8,0.15307950598048412,6.9276299476623535,-0.006845387164503336,0.006845387164503336,-0.022358927541143374,-0.022364115342497826,5.187801354451793e-06,2.691328289325186e-11,-0.0004940641472061618,-0.0004941788502037525,1.1470299759075604e-07,1.3156777656304987e-14,-0.006846975456640265,1.588292136928647e-06,0.00023196988903886103,0.01980728842318058,0.3455994085738733,0.0001,68.45387164503336
1.0,1.0,11,2048,0.019134938247560514,8,0.15307950598048412,6.9276299476623535,0.004280576948076487,0.004280576948076487,0.013981548087247588,0.013964729383587837,1.68187036597503e-05,2.8286879279449814e-10,0.0003089495960679104,0.0003085779317189008,3.716643490096023e-07,1.3813438832473148e-13,0.004275427750381553,5.14919769493364e-06,0.001204370181316737,0.019335027784109116,0.22138974900230377,0.0001,42.805769480764866
1.0,1.0,12,2048,0.019134938247560514,8,0.15307950598048412,6.9276299476623535,0.006739803124219179,0.006739803124219179,0.022014060866770848,0.022011790424585342,2.2704421855056223e-06,5.154907717723546e-12,0.0004864436448783935,0.0004863934591412544,5.018573713907624e-08,2.5186082121924563e-15,0.00673910800788295,6.951163362290541e-07,0.00010314663831117625,0.01950777880847454,0.34549310766694175,0.0001,67.39803124219179
1.0,1.0,13,2048,0.019134938247560514,8,0.15307950598048412,6.9276299476623535,-8.279547182610258e-05,8.279547182610258e-05,-0.00027043290770959914,-0.00026480923406779766,-5.623673641801477e-06,3.162570522949268e-11,-5.975742963438812e-06,-5.851266905665398e-06,-1.2447605777341404e-07,1.549428895881031e-14,-8.10737334603377e-05,1.7217383657648844e-06,0.021236697661236738,0.02007376030087471,0.004124562144068981,0.0001,0.8279547182610258
1.0,1.0,14,2048,0.019134938247560514,8,0.15307950598048412,6.9276299476623535,-0.0019587483257055283,0.0019587483257055283,-0.006397813715035265,-0.006384073756635189,-1.3739958400075906e-05,1.8878645683581645e-10,-0.00014137218215347117,-0.00014106871094554663,-3.034712079245407e-07,9.20947740391798e-14,-0.0019545417136173763,4.206612088151953e-06,0.0021522242574022877,0.019292980432510376,0.10152647656268102,0.0001,19.587483257055283
1.0,1.0,15,2048,0.019134938247560514,8,0.15307950598048412,6.9276299476623535,-0.0006234900210984051,0.0006234900210984051,-0.0020364908323452944,-0.002046302193775773,9.811361430478623e-06,9.626281311948353e-11,-4.5000240039437616e-05,-4.521707887761295e-05,2.1683883817533227e-07,4.701908174122794e-14,-0.0006264938578199524,3.0038367215473117e-06,0.004794678645374017,0.019841913133859634,0.03142287827248059,0.0001,6.234900210984051
1.0,1.0,16,2048,0.019134938247560514,8,0.15307950598048412,6.9276299476623535,-0.005805428605526686,0.005805428605526686,-0.018962135291535405,-0.01896444708108902,2.311789553614829e-06,5.3443709402026514e-12,-0.00041900539213166684,-0.00041905653779394925,5.114566228241017e-08,2.6158787703063546e-15,-0.0058061363807322824,7.077752055967279e-07,0.00012190123675797325,0.01933380961418152,0.300273392641063,0.0001,58.05428605526686
1.0,1.0,17,2048,0.019134938247560514,8,0.15307950598048412,6.9276299476623535,0.0012398343533277512,0.0012398343533277512,0.004049641868735243,0.004080488346517086,-3.084647778184291e-05,9.51505191545728e-10,8.948474172946539e-05,9.016634430736303e-05,-6.816025778976431e-07,4.645820741967125e-13,0.001249278280487916,9.44392716016487e-06,0.007559506402749967,0.019205152988433838,0.06455737968213178,0.0001,12.398343533277512
1.0,1.0,18,2048,0.019134938247560514,8,0.15307950598048412,6.9276299476623535,-0.006620792206376791,0.006620792206376791,-0.02162533829714889,-0.021622145548462868,-3.1927486860219845e-06,1.0193644172095108e-11,-0.0004778540609412097,-0.000477783614769578,-7.044617163172234e-08,4.962663097566081e-15,-0.006619814717593639,9.774887831520696e-07,0.00014766104866261202,0.019495496526360512,0.3396062366210882,0.0001,66.20792206376791
1.0,1.0,19,2048,0.019134938247560514,8,0.15307950598048412,6.9276299476623535,0.0046928622759878635,0.0046928622759878635,0.015328185983910054,0.015352457761764526,-2.4271777854472862e-05,5.891192002168792e-10,0.0003387061889449951,0.00033924251329153776,-5.363243465426621e-07,2.876438046944135e-13,0.004700293299514325,7.431023526461612e-06,0.0015809701763141993,0.01985577680170536,0.23634745307898536,0.0001,46.928622759878635
1.0,1.0,20,2048,0.019134938247560514,8,0.15307950598048412,6.9276299476623535,0.004446767270565033,0.004446767270565033,0.01452437163970187,0.014538932591676712,-1.4560951974841238e-05,2.1202132241363294e-10,0.00032094434201595466,0.0003212660667486489,-3.2172473269422583e-07,1.0350680362717106e-13,0.004451225237234862,4.457966669828631e-06,0.0010015145116758811,0.019977271556854248,0.22259132123772613,0.0001,44.46767270565033
1.0,1.0,21,2048,0.019134938247560514,8,0.15307950598048412,6.9276299476623535,-0.0013979383511468768,0.0013979383511468768,-0.004566053248581486,-0.004547152668237686,-1.8900580343799572e-05,3.5723193733242273e-10,-0.00010089585916887742,-0.00010047825344372541,-4.176057251520089e-07,1.743945416797352e-13,-0.0013921517681433303,5.78658300354651e-06,0.004156574833262538,0.02029966004192829,0.06886511144814644,0.0001,13.979383511468768
1.0,1.0,22,2048,0.019134938247560514,8,0.15307950598048412,6.9276299476623535,-0.009061292745172977,0.009061292745172977,-0.02959668796660537,-0.029592545703053474,-4.142263551894232e-06,1.715834733335142e-11,-0.0006539965914483209,-0.0006539050373248756,-9.155412344528588e-08,8.382157519834645e-15,-0.009060024553856648,1.2681913163295477e-06,0.00013997658712632379,0.02001754753291607,0.4526674773856759,0.0001,90.61292745172977
1.0,1.0,23,2048,0.019134938247560514,8,0.15307950598048412,6.9276299476623535,-0.0028423054609447718,0.0028423054609447718,-0.0092837556625873,-0.009259103797376156,-2.4651865211144583e-05,6.077144583884406e-10,-0.00020514270265719622,-0.00020459797815419734,-5.447245029988816e-07,2.967247841673786e-13,-0.0028347580702487328,7.547390696038998e-06,0.0026624461449638844,0.019844386726617813,0.1432296951324936,0.0001,28.423054609447718
1.0,1.0,24,2048,0.019134938247560514,8,0.15307950598048412,6.9276299476623535,-0.002873624674975872,0.002873624674975872,-0.00938605287680451,-0.009349031373858452,-3.7021502946057994e-05,1.3705916803849808e-09,-0.00020740315928289028,-0.00020658520224969834,-8.179570331919418e-07,6.690537081481634e-13,-0.002862290208212597,1.1334466763275163e-05,0.003959929265996111,0.019253768026828766,0.1492499894551383,0.0001,28.73624674975872
1.0,1.0,25,2048,0.019134938247560514,8,0.15307950598048412,6.9276299476623535,0.0014598388224840164,0.0014598388224840164,0.004768237306273151,0.004744081292301416,2.4156013971734364e-05,5.835130110026258e-10,0.0001053635105738162,0.00010482971265446395,5.337979193522578e-07,2.849402187047995e-13,0.0014524432411135149,7.3955813705015375e-06,0.005091821257560274,0.02011958882212639,0.07255808433214937,0.0001,14.598388224840164
1.0,1.0,26,2048,0.019134938247560514,8,0.15307950598048412,6.9276299476623535,-0.005790987983345985,0.005790987983345985,-0.018914968226002343,-0.018917467445135117,2.4992191327739832e-06,6.2460962736235404e-12,-0.00041796314375164376,-0.00041801834595389664,5.520220225287836e-08,3.047283133567689e-15,-0.005791753141806349,7.651584603635478e-07,0.00013211171844332233,0.018888110294938087,0.30659435448648026,0.0001,57.909879833459854
1.0,1.0,27,2048,0.019134938247560514,8,0.15307950598048412,6.9276299476623535,0.002300969325006008,0.002300969325006008,0.007515602138470957,0.007524916436523199,-9.314298052242459e-06,8.675614820600767e-11,0.00016607189922019744,0.0001662776485318318,-2.057493116343627e-07,4.23327792380141e-14,0.0023038209812947926,2.8516562887844973e-06,0.0012377942174924591,0.01980781741440296,0.11616470794671666,0.0001,23.00969325006008
1.0,1.0,28,2048,0.019134938247560514,8,0.15307950598048412,6.9276299476623535,-0.0009222160442732275,0.0009222160442732275,-0.0030122126354092085,-0.0029826569370925426,-2.9555698316665897e-05,8.735393029857673e-10,-6.65607178241686e-05,-6.590773409698159e-05,-6.529837271870099e-07,4.2638774797103943e-13,-0.0009131673008787807,9.048743394446802e-06,0.009909184643097495,0.019415266811847687,0.047499529788097884,0.0001,9.222160442732275
1.0,1.0,29,2048,0.019134938247560514,8,0.15307950598048412,6.9276299476623535,0.0003464126493781805,0.0003464126493781805,0.0011314795117719552,0.0011631050147116184,-3.162550293966319e-05,1.0001724361866452e-09,2.5002248387637487e-05,2.5700974219944328e-05,-6.987258323068414e-07,4.882177887328882e-13,0.0003560950821109565,9.682432732775997e-06,0.0271905825696268,0.019513357430696487,0.01775259078856611,0.0001,3.464126493781805
1.0,1.0,30,2048,0.019134938247560514,8,0.15307950598048412,6.9276299476623535,-0.0013231126358732581,0.0013231126358732581,-0.00432165176977361,-0.004304531496018171,-1.7120273755438266e-05,2.9310377346114826e-10,-9.549533143869259e-05,-9.511697862762958e-05,-3.7835281106301383e-07,1.4315084963928464e-13,-0.0013178711097757917,5.2415260974663855e-06,0.003977267623962196,0.01978261023759842,0.06688261154529435,0.0001,13.231126358732581
1.0,1.0,31,2048,0.019134938247560514,8,0.15307950598048412,6.9276299476623535,0.002536951331421733,0.002536951331421733,0.008286384631216295,0.008286268450319767,1.1618089652831731e-07,1.3498000718123574e-14,0.00018310384291512257,0.00018310121959075332,2.6233243692564898e-09,6.88183074633496e-18,0.002536915761593243,3.556982848974127e-08,1.4020894595019024e-05,0.020041313022375107,0.12658608388529013,0.0001,25.36951331421733
