epoch,global_step,train_loss,train_acc,eval_ran,eval_loss,eval_acc,eval_loss_avg5
0.0,0,1.5896453857421875,0.34375,NO,,,
0.0,0,1.5896453857421875,0.34375,NO,,,
0.0,0,1.5896453857421875,0.34375,NO,,,
0.0,0,1.5896453857421875,0.34375,NO,,,
0.0,0,1.5896453857421875,0.34375,NO,,,
0.0,0,1.5896453857421875,0.34375,NO,,,
0.0,0,1.5896453857421875,0.34375,NO,,,
0.0,0,1.5896453857421875,0.34375,NO,,,
0.0,0,1.5896453857421875,0.34375,NO,,,
0.0,0,1.5896453857421875,0.34375,NO,,,
0.04149377593360996,10,1.673675537109375,0.21875,NO,,,
0.04149377593360996,10,1.673675537109375,0.21875,NO,,,
0.04149377593360996,10,1.673675537109375,0.21875,NO,,,
0.04149377593360996,10,1.673675537109375,0.21875,NO,,,
0.04149377593360996,10,1.673675537109375,0.21875,NO,,,
0.04149377593360996,10,1.673675537109375,0.21875,NO,,,
0.04149377593360996,10,1.673675537109375,0.21875,NO,,,
0.04149377593360996,10,1.673675537109375,0.21875,NO,,,
0.04149377593360996,10,1.673675537109375,0.21875,NO,,,
0.04149377593360996,10,1.673675537109375,0.21875,NO,,,
0.08298755186721991,20,1.63995361328125,0.28125,NO,,,
0.08298755186721991,20,1.63995361328125,0.28125,NO,,,
0.08298755186721991,20,1.63995361328125,0.28125,NO,,,
0.08298755186721991,20,1.63995361328125,0.28125,NO,,,
0.08298755186721991,20,1.63995361328125,0.28125,NO,,,
0.08298755186721991,20,1.63995361328125,0.28125,NO,,,
0.08298755186721991,20,1.63995361328125,0.28125,NO,,,
0.08298755186721991,20,1.63995361328125,0.28125,NO,,,
0.08298755186721991,20,1.63995361328125,0.28125,NO,,,
0.08298755186721991,20,1.63995361328125,0.28125,NO,,,
0.12448132780082988,30,1.5128173828125,0.21875,NO,,,
0.12448132780082988,30,1.5128173828125,0.21875,NO,,,
0.12448132780082988,30,1.5128173828125,0.21875,NO,,,
0.12448132780082988,30,1.5128173828125,0.21875,NO,,,
0.12448132780082988,30,1.5128173828125,0.21875,NO,,,
0.12448132780082988,30,1.5128173828125,0.21875,NO,,,
0.12448132780082988,30,1.5128173828125,0.21875,NO,,,
0.12448132780082988,30,1.5128173828125,0.21875,NO,,,
0.12448132780082988,30,1.5128173828125,0.21875,NO,,,
0.12448132780082988,30,1.5128173828125,0.21875,NO,,,
0.16597510373443983,40,1.7559814453125,0.15625,NO,,,
0.16597510373443983,40,1.7559814453125,0.15625,NO,,,
0.16597510373443983,40,1.7559814453125,0.15625,NO,,,
0.16597510373443983,40,1.7559814453125,0.15625,NO,,,
0.16597510373443983,40,1.7559814453125,0.15625,NO,,,
0.16597510373443983,40,1.7559814453125,0.15625,NO,,,
0.16597510373443983,40,1.7559814453125,0.15625,NO,,,
0.16597510373443983,40,1.7559814453125,0.15625,NO,,,
0.16597510373443983,40,1.7559814453125,0.15625,NO,,,
0.16597510373443983,40,1.7559814453125,0.15625,NO,,,
0.2074688796680498,50,1.600006103515625,0.15625,NO,,,
0.2074688796680498,50,1.600006103515625,0.15625,NO,,,
0.2074688796680498,50,1.600006103515625,0.15625,NO,,,
0.2074688796680498,50,1.600006103515625,0.15625,NO,,,
0.2074688796680498,50,1.600006103515625,0.15625,NO,,,
0.2074688796680498,50,1.600006103515625,0.15625,NO,,,
0.2074688796680498,50,1.600006103515625,0.15625,NO,,,
0.2074688796680498,50,1.600006103515625,0.15625,NO,,,
0.2074688796680498,50,1.600006103515625,0.15625,NO,,,
0.2074688796680498,50,1.600006103515625,0.15625,NO,,,
0.24896265560165975,60,1.7049102783203125,0.28125,NO,,,
0.24896265560165975,60,1.7049102783203125,0.28125,NO,,,
0.24896265560165975,60,1.7049102783203125,0.28125,NO,,,
0.24896265560165975,60,1.7049102783203125,0.28125,NO,,,
0.24896265560165975,60,1.7049102783203125,0.28125,NO,,,
0.24896265560165975,60,1.7049102783203125,0.28125,NO,,,
0.24896265560165975,60,1.7049102783203125,0.28125,NO,,,
0.24896265560165975,60,1.7049102783203125,0.28125,NO,,,
0.24896265560165975,60,1.7049102783203125,0.28125,NO,,,
0.24896265560165975,60,1.7049102783203125,0.28125,NO,,,
0.29045643153526973,70,1.4827117919921875,0.375,NO,,,
0.29045643153526973,70,1.4827117919921875,0.375,NO,,,
0.29045643153526973,70,1.4827117919921875,0.375,NO,,,
0.29045643153526973,70,1.4827117919921875,0.375,NO,,,
0.29045643153526973,70,1.4827117919921875,0.375,NO,,,
0.29045643153526973,70,1.4827117919921875,0.375,NO,,,
0.29045643153526973,70,1.4827117919921875,0.375,NO,,,
0.29045643153526973,70,1.4827117919921875,0.375,NO,,,
0.29045643153526973,70,1.4827117919921875,0.375,NO,,,
0.29045643153526973,70,1.4827117919921875,0.375,NO,,,
0.33195020746887965,80,1.593841552734375,0.15625,NO,,,
0.33195020746887965,80,1.593841552734375,0.15625,NO,,,
0.33195020746887965,80,1.593841552734375,0.15625,NO,,,
0.33195020746887965,80,1.593841552734375,0.15625,NO,,,
0.33195020746887965,80,1.593841552734375,0.15625,NO,,,
0.33195020746887965,80,1.593841552734375,0.15625,NO,,,
0.33195020746887965,80,1.593841552734375,0.15625,NO,,,
0.33195020746887965,80,1.593841552734375,0.15625,NO,,,
0.33195020746887965,80,1.593841552734375,0.15625,NO,,,
0.33195020746887965,80,1.593841552734375,0.15625,NO,,,
0.37344398340248963,90,1.435821533203125,0.28125,NO,,,
0.37344398340248963,90,1.435821533203125,0.28125,NO,,,
0.37344398340248963,90,1.435821533203125,0.28125,NO,,,
0.37344398340248963,90,1.435821533203125,0.28125,NO,,,
0.37344398340248963,90,1.435821533203125,0.28125,NO,,,
0.37344398340248963,90,1.435821533203125,0.28125,NO,,,
0.37344398340248963,90,1.435821533203125,0.28125,NO,,,
0.37344398340248963,90,1.435821533203125,0.28125,NO,,,
0.37344398340248963,90,1.435821533203125,0.28125,NO,,,
0.37344398340248963,90,1.435821533203125,0.28125,NO,,,
0.4149377593360996,100,1.585906982421875,0.28125,NO,,,
0.4149377593360996,100,1.585906982421875,0.28125,NO,,,
0.4149377593360996,100,1.585906982421875,0.28125,NO,,,
0.4149377593360996,100,1.585906982421875,0.28125,NO,,,
0.4149377593360996,100,1.585906982421875,0.28125,NO,,,
0.4149377593360996,100,1.585906982421875,0.28125,NO,,,
0.4149377593360996,100,1.585906982421875,0.28125,NO,,,
0.4149377593360996,100,1.585906982421875,0.28125,NO,,,
0.4149377593360996,100,1.585906982421875,0.28125,NO,,,
0.4149377593360996,100,1.585906982421875,0.28125,NO,,,
0.45643153526970953,110,1.537750244140625,0.3125,NO,,,
0.45643153526970953,110,1.537750244140625,0.3125,NO,,,
0.45643153526970953,110,1.537750244140625,0.3125,NO,,,
0.45643153526970953,110,1.537750244140625,0.3125,NO,,,
0.45643153526970953,110,1.537750244140625,0.3125,NO,,,
0.45643153526970953,110,1.537750244140625,0.3125,NO,,,
0.45643153526970953,110,1.537750244140625,0.3125,NO,,,
0.45643153526970953,110,1.537750244140625,0.3125,NO,,,
0.45643153526970953,110,1.537750244140625,0.3125,NO,,,
0.45643153526970953,110,1.537750244140625,0.3125,NO,,,
0.4979253112033195,120,1.614471435546875,0.1875,NO,,,
0.4979253112033195,120,1.614471435546875,0.1875,NO,,,
0.4979253112033195,120,1.614471435546875,0.1875,NO,,,
0.4979253112033195,120,1.614471435546875,0.1875,NO,,,
0.4979253112033195,120,1.614471435546875,0.1875,NO,,,
0.4979253112033195,120,1.614471435546875,0.1875,NO,,,
0.4979253112033195,120,1.614471435546875,0.1875,NO,,,
0.4979253112033195,120,1.614471435546875,0.1875,NO,,,
0.4979253112033195,120,1.614471435546875,0.1875,NO,,,
0.4979253112033195,120,1.614471435546875,0.1875,NO,,,
0.5394190871369294,130,1.554107666015625,0.21875,NO,,,
0.5394190871369294,130,1.554107666015625,0.21875,NO,,,
0.5394190871369294,130,1.554107666015625,0.21875,NO,,,
0.5394190871369294,130,1.554107666015625,0.21875,NO,,,
0.5394190871369294,130,1.554107666015625,0.21875,NO,,,
0.5394190871369294,130,1.554107666015625,0.21875,NO,,,
0.5394190871369294,130,1.554107666015625,0.21875,NO,,,
0.5394190871369294,130,1.554107666015625,0.21875,NO,,,
0.5394190871369294,130,1.554107666015625,0.21875,NO,,,
0.5394190871369294,130,1.554107666015625,0.21875,NO,,,
0.5809128630705395,140,1.6153411865234375,0.28125,NO,,,
0.5809128630705395,140,1.6153411865234375,0.28125,NO,,,
0.5809128630705395,140,1.6153411865234375,0.28125,NO,,,
0.5809128630705395,140,1.6153411865234375,0.28125,NO,,,
0.5809128630705395,140,1.6153411865234375,0.28125,NO,,,
0.5809128630705395,140,1.6153411865234375,0.28125,NO,,,
0.5809128630705395,140,1.6153411865234375,0.28125,NO,,,
0.5809128630705395,140,1.6153411865234375,0.28125,NO,,,
0.5809128630705395,140,1.6153411865234375,0.28125,NO,,,
0.5809128630705395,140,1.6153411865234375,0.28125,NO,,,
0.6224066390041494,150,1.67864990234375,0.15625,NO,,,
0.6224066390041494,150,1.67864990234375,0.15625,NO,,,
0.6224066390041494,150,1.67864990234375,0.15625,NO,,,
0.6224066390041494,150,1.67864990234375,0.15625,NO,,,
0.6224066390041494,150,1.67864990234375,0.15625,NO,,,
0.6224066390041494,150,1.67864990234375,0.15625,NO,,,
0.6224066390041494,150,1.67864990234375,0.15625,NO,,,
0.6224066390041494,150,1.67864990234375,0.15625,NO,,,
0.6224066390041494,150,1.67864990234375,0.15625,NO,,,
0.6224066390041494,150,1.67864990234375,0.15625,NO,,,
0.6639004149377593,160,1.5317230224609375,0.34375,NO,,,
0.6639004149377593,160,1.5317230224609375,0.34375,NO,,,
0.6639004149377593,160,1.5317230224609375,0.34375,NO,,,
0.6639004149377593,160,1.5317230224609375,0.34375,NO,,,
0.6639004149377593,160,1.5317230224609375,0.34375,NO,,,
0.6639004149377593,160,1.5317230224609375,0.34375,NO,,,
0.6639004149377593,160,1.5317230224609375,0.34375,NO,,,
0.6639004149377593,160,1.5317230224609375,0.34375,NO,,,
0.6639004149377593,160,1.5317230224609375,0.34375,NO,,,
0.6639004149377593,160,1.5317230224609375,0.34375,NO,,,
0.7053941908713693,170,1.51031494140625,0.375,NO,,,
0.7053941908713693,170,1.51031494140625,0.375,NO,,,
0.7053941908713693,170,1.51031494140625,0.375,NO,,,
0.7053941908713693,170,1.51031494140625,0.375,NO,,,
0.7053941908713693,170,1.51031494140625,0.375,NO,,,
0.7053941908713693,170,1.51031494140625,0.375,NO,,,
0.7053941908713693,170,1.51031494140625,0.375,NO,,,
0.7053941908713693,170,1.51031494140625,0.375,NO,,,
0.7053941908713693,170,1.51031494140625,0.375,NO,,,
0.7053941908713693,170,1.51031494140625,0.375,NO,,,
0.7468879668049793,180,1.6337432861328125,0.25,NO,,,
0.7468879668049793,180,1.6337432861328125,0.25,NO,,,
0.7468879668049793,180,1.6337432861328125,0.25,NO,,,
0.7468879668049793,180,1.6337432861328125,0.25,NO,,,
0.7468879668049793,180,1.6337432861328125,0.25,NO,,,
0.7468879668049793,180,1.6337432861328125,0.25,NO,,,
0.7468879668049793,180,1.6337432861328125,0.25,NO,,,
0.7468879668049793,180,1.6337432861328125,0.25,NO,,,
0.7468879668049793,180,1.6337432861328125,0.25,NO,,,
0.7468879668049793,180,1.6337432861328125,0.25,NO,,,
0.7883817427385892,190,1.5601959228515625,0.25,NO,,,
0.7883817427385892,190,1.5601959228515625,0.25,NO,,,
0.7883817427385892,190,1.5601959228515625,0.25,NO,,,
0.7883817427385892,190,1.5601959228515625,0.25,NO,,,
0.7883817427385892,190,1.5601959228515625,0.25,NO,,,
0.7883817427385892,190,1.5601959228515625,0.25,NO,,,
0.7883817427385892,190,1.5601959228515625,0.25,NO,,,
0.7883817427385892,190,1.5601959228515625,0.25,NO,,,
0.7883817427385892,190,1.5601959228515625,0.25,NO,,,
0.7883817427385892,190,1.5601959228515625,0.25,NO,,,
0.8298755186721992,200,1.592376708984375,0.15625,NO,,,
0.8298755186721992,200,1.592376708984375,0.15625,NO,,,
0.8298755186721992,200,1.592376708984375,0.15625,NO,,,
0.8298755186721992,200,1.592376708984375,0.15625,NO,,,
0.8298755186721992,200,1.592376708984375,0.15625,NO,,,
0.8298755186721992,200,1.592376708984375,0.15625,NO,,,
0.8298755186721992,200,1.592376708984375,0.15625,NO,,,
0.8298755186721992,200,1.592376708984375,0.15625,NO,,,
0.8298755186721992,200,1.592376708984375,0.15625,NO,,,
0.8298755186721992,200,1.592376708984375,0.15625,NO,,,
0.8713692946058091,210,1.798858642578125,0.15625,NO,,,
0.8713692946058091,210,1.798858642578125,0.15625,NO,,,
0.8713692946058091,210,1.798858642578125,0.15625,NO,,,
0.8713692946058091,210,1.798858642578125,0.15625,NO,,,
0.8713692946058091,210,1.798858642578125,0.15625,NO,,,
0.8713692946058091,210,1.798858642578125,0.15625,NO,,,
0.8713692946058091,210,1.798858642578125,0.15625,NO,,,
0.8713692946058091,210,1.798858642578125,0.15625,NO,,,
0.8713692946058091,210,1.798858642578125,0.15625,NO,,,
0.8713692946058091,210,1.798858642578125,0.15625,NO,,,
0.9128630705394191,220,1.712371826171875,0.1875,NO,,,
0.9128630705394191,220,1.712371826171875,0.1875,NO,,,
0.9128630705394191,220,1.712371826171875,0.1875,NO,,,
0.9128630705394191,220,1.712371826171875,0.1875,NO,,,
0.9128630705394191,220,1.712371826171875,0.1875,NO,,,
0.9128630705394191,220,1.712371826171875,0.1875,NO,,,
0.9128630705394191,220,1.712371826171875,0.1875,NO,,,
0.9128630705394191,220,1.712371826171875,0.1875,NO,,,
0.9128630705394191,220,1.712371826171875,0.1875,NO,,,
0.9128630705394191,220,1.712371826171875,0.1875,NO,,,
0.9543568464730291,230,1.61309814453125,0.25,NO,,,
0.9543568464730291,230,1.61309814453125,0.25,NO,,,
0.9543568464730291,230,1.61309814453125,0.25,NO,,,
0.9543568464730291,230,1.61309814453125,0.25,NO,,,
0.9543568464730291,230,1.61309814453125,0.25,NO,,,
0.9543568464730291,230,1.61309814453125,0.25,NO,,,
0.9543568464730291,230,1.61309814453125,0.25,NO,,,
0.9543568464730291,230,1.61309814453125,0.25,NO,,,
0.9543568464730291,230,1.61309814453125,0.25,NO,,,
0.9543568464730291,230,1.61309814453125,0.25,NO,,,
0.995850622406639,240,1.5082519054412842,0.4000000059604645,NO,,,
0.995850622406639,240,1.5082519054412842,0.4000000059604645,NO,,,
0.995850622406639,240,1.5082519054412842,0.4000000059604645,NO,,,
0.995850622406639,240,1.5082519054412842,0.4000000059604645,NO,,,
0.995850622406639,240,1.5082519054412842,0.4000000059604645,NO,,,
0.995850622406639,240,1.5082519054412842,0.4000000059604645,NO,,,
0.995850622406639,240,1.5082519054412842,0.4000000059604645,NO,,,
0.995850622406639,240,1.5082519054412842,0.4000000059604645,NO,,,
0.995850622406639,240,1.5082519054412842,0.4000000059604645,NO,,,
0.995850622406639,240,1.5082519054412842,0.4000000059604645,NO,,,
1.037344398340249,250,1.70513916015625,0.125,NO,,,
1.037344398340249,250,1.70513916015625,0.125,NO,,,
1.037344398340249,250,1.70513916015625,0.125,NO,,,
1.037344398340249,250,1.70513916015625,0.125,NO,,,
1.037344398340249,250,1.70513916015625,0.125,NO,,,
1.037344398340249,250,1.70513916015625,0.125,NO,,,
1.037344398340249,250,1.70513916015625,0.125,NO,,,
1.037344398340249,250,1.70513916015625,0.125,NO,,,
1.037344398340249,250,1.70513916015625,0.125,NO,,,
1.037344398340249,250,1.70513916015625,0.125,NO,,,
1.0788381742738589,260,1.635009765625,0.28125,NO,,,
1.0788381742738589,260,1.635009765625,0.28125,NO,,,
1.0788381742738589,260,1.635009765625,0.28125,NO,,,
1.0788381742738589,260,1.635009765625,0.28125,NO,,,
1.0788381742738589,260,1.635009765625,0.28125,NO,,,
1.0788381742738589,260,1.635009765625,0.28125,NO,,,
1.0788381742738589,260,1.635009765625,0.28125,NO,,,
1.0788381742738589,260,1.635009765625,0.28125,NO,,,
1.0788381742738589,260,1.635009765625,0.28125,NO,,,
1.0788381742738589,260,1.635009765625,0.28125,NO,,,
1.120331950207469,270,1.63006591796875,0.25,NO,,,
1.120331950207469,270,1.63006591796875,0.25,NO,,,
1.120331950207469,270,1.63006591796875,0.25,NO,,,
1.120331950207469,270,1.63006591796875,0.25,NO,,,
1.120331950207469,270,1.63006591796875,0.25,NO,,,
1.120331950207469,270,1.63006591796875,0.25,NO,,,
1.120331950207469,270,1.63006591796875,0.25,NO,,,
1.120331950207469,270,1.63006591796875,0.25,NO,,,
1.120331950207469,270,1.63006591796875,0.25,NO,,,
1.120331950207469,270,1.63006591796875,0.25,NO,,,
1.161825726141079,280,1.601531982421875,0.21875,NO,,,
1.161825726141079,280,1.601531982421875,0.21875,NO,,,
1.161825726141079,280,1.601531982421875,0.21875,NO,,,
1.161825726141079,280,1.601531982421875,0.21875,NO,,,
1.161825726141079,280,1.601531982421875,0.21875,NO,,,
1.161825726141079,280,1.601531982421875,0.21875,NO,,,
1.161825726141079,280,1.601531982421875,0.21875,NO,,,
1.161825726141079,280,1.601531982421875,0.21875,NO,,,
1.161825726141079,280,1.601531982421875,0.21875,NO,,,
1.161825726141079,280,1.601531982421875,0.21875,NO,,,
1.2033195020746887,290,1.737823486328125,0.21875,NO,,,
1.2033195020746887,290,1.737823486328125,0.21875,NO,,,
1.2033195020746887,290,1.737823486328125,0.21875,NO,,,
1.2033195020746887,290,1.737823486328125,0.21875,NO,,,
1.2033195020746887,290,1.737823486328125,0.21875,NO,,,
1.2033195020746887,290,1.737823486328125,0.21875,NO,,,
1.2033195020746887,290,1.737823486328125,0.21875,NO,,,
1.2033195020746887,290,1.737823486328125,0.21875,NO,,,
1.2033195020746887,290,1.737823486328125,0.21875,NO,,,
1.2033195020746887,290,1.737823486328125,0.21875,NO,,,
1.2448132780082988,300,1.662933349609375,0.21875,NO,,,
1.2448132780082988,300,1.662933349609375,0.21875,NO,,,
1.2448132780082988,300,1.662933349609375,0.21875,NO,,,
1.2448132780082988,300,1.662933349609375,0.21875,NO,,,
1.2448132780082988,300,1.662933349609375,0.21875,NO,,,
1.2448132780082988,300,1.662933349609375,0.21875,NO,,,
1.2448132780082988,300,1.662933349609375,0.21875,NO,,,
1.2448132780082988,300,1.662933349609375,0.21875,NO,,,
1.2448132780082988,300,1.662933349609375,0.21875,NO,,,
1.2448132780082988,300,1.662933349609375,0.21875,NO,,,
1.2863070539419086,310,1.6015472412109375,0.25,NO,,,
1.2863070539419086,310,1.6015472412109375,0.25,NO,,,
1.2863070539419086,310,1.6015472412109375,0.25,NO,,,
1.2863070539419086,310,1.6015472412109375,0.25,NO,,,
1.2863070539419086,310,1.6015472412109375,0.25,NO,,,
1.2863070539419086,310,1.6015472412109375,0.25,NO,,,
1.2863070539419086,310,1.6015472412109375,0.25,NO,,,
1.2863070539419086,310,1.6015472412109375,0.25,NO,,,
1.2863070539419086,310,1.6015472412109375,0.25,NO,,,
1.2863070539419086,310,1.6015472412109375,0.25,NO,,,
1.3278008298755186,320,1.7086334228515625,0.25,NO,,,
1.3278008298755186,320,1.7086334228515625,0.25,NO,,,
1.3278008298755186,320,1.7086334228515625,0.25,NO,,,
1.3278008298755186,320,1.7086334228515625,0.25,NO,,,
1.3278008298755186,320,1.7086334228515625,0.25,NO,,,
1.3278008298755186,320,1.7086334228515625,0.25,NO,,,
1.3278008298755186,320,1.7086334228515625,0.25,NO,,,
1.3278008298755186,320,1.7086334228515625,0.25,NO,,,
1.3278008298755186,320,1.7086334228515625,0.25,NO,,,
1.3278008298755186,320,1.7086334228515625,0.25,NO,,,
1.3692946058091287,330,1.5777130126953125,0.25,NO,,,
1.3692946058091287,330,1.5777130126953125,0.25,NO,,,
1.3692946058091287,330,1.5777130126953125,0.25,NO,,,
1.3692946058091287,330,1.5777130126953125,0.25,NO,,,
1.3692946058091287,330,1.5777130126953125,0.25,NO,,,
1.3692946058091287,330,1.5777130126953125,0.25,NO,,,
1.3692946058091287,330,1.5777130126953125,0.25,NO,,,
1.3692946058091287,330,1.5777130126953125,0.25,NO,,,
1.3692946058091287,330,1.5777130126953125,0.25,NO,,,
1.3692946058091287,330,1.5777130126953125,0.25,NO,,,
1.4107883817427385,340,1.7525634765625,0.09375,NO,,,
1.4107883817427385,340,1.7525634765625,0.09375,NO,,,
1.4107883817427385,340,1.7525634765625,0.09375,NO,,,
1.4107883817427385,340,1.7525634765625,0.09375,NO,,,
1.4107883817427385,340,1.7525634765625,0.09375,NO,,,
1.4107883817427385,340,1.7525634765625,0.09375,NO,,,
1.4107883817427385,340,1.7525634765625,0.09375,NO,,,
1.4107883817427385,340,1.7525634765625,0.09375,NO,,,
1.4107883817427385,340,1.7525634765625,0.09375,NO,,,
1.4107883817427385,340,1.7525634765625,0.09375,NO,,,
1.4522821576763485,350,1.542572021484375,0.28125,NO,,,
1.4522821576763485,350,1.542572021484375,0.28125,NO,,,
1.4522821576763485,350,1.542572021484375,0.28125,NO,,,
1.4522821576763485,350,1.542572021484375,0.28125,NO,,,
1.4522821576763485,350,1.542572021484375,0.28125,NO,,,
1.4522821576763485,350,1.542572021484375,0.28125,NO,,,
1.4522821576763485,350,1.542572021484375,0.28125,NO,,,
1.4522821576763485,350,1.542572021484375,0.28125,NO,,,
1.4522821576763485,350,1.542572021484375,0.28125,NO,,,
1.4522821576763485,350,1.542572021484375,0.28125,NO,,,
1.4937759336099585,360,1.43658447265625,0.3125,NO,,,
1.4937759336099585,360,1.43658447265625,0.3125,NO,,,
1.4937759336099585,360,1.43658447265625,0.3125,NO,,,
1.4937759336099585,360,1.43658447265625,0.3125,NO,,,
1.4937759336099585,360,1.43658447265625,0.3125,NO,,,
1.4937759336099585,360,1.43658447265625,0.3125,NO,,,
1.4937759336099585,360,1.43658447265625,0.3125,NO,,,
1.4937759336099585,360,1.43658447265625,0.3125,NO,,,
1.4937759336099585,360,1.43658447265625,0.3125,NO,,,
1.4937759336099585,360,1.43658447265625,0.3125,NO,,,
1.5352697095435683,370,1.665557861328125,0.0625,NO,,,
1.5352697095435683,370,1.665557861328125,0.0625,NO,,,
1.5352697095435683,370,1.665557861328125,0.0625,NO,,,
1.5352697095435683,370,1.665557861328125,0.0625,NO,,,
1.5352697095435683,370,1.665557861328125,0.0625,NO,,,
1.5352697095435683,370,1.665557861328125,0.0625,NO,,,
1.5352697095435683,370,1.665557861328125,0.0625,NO,,,
1.5352697095435683,370,1.665557861328125,0.0625,NO,,,
1.5352697095435683,370,1.665557861328125,0.0625,NO,,,
1.5352697095435683,370,1.665557861328125,0.0625,NO,,,
1.5767634854771784,380,1.579925537109375,0.28125,NO,,,
1.5767634854771784,380,1.579925537109375,0.28125,NO,,,
1.5767634854771784,380,1.579925537109375,0.28125,NO,,,
1.5767634854771784,380,1.579925537109375,0.28125,NO,,,
1.5767634854771784,380,1.579925537109375,0.28125,NO,,,
1.5767634854771784,380,1.579925537109375,0.28125,NO,,,
1.5767634854771784,380,1.579925537109375,0.28125,NO,,,
1.5767634854771784,380,1.579925537109375,0.28125,NO,,,
1.5767634854771784,380,1.579925537109375,0.28125,NO,,,
1.5767634854771784,380,1.579925537109375,0.28125,NO,,,
1.6182572614107884,390,1.606903076171875,0.1875,NO,,,
1.6182572614107884,390,1.606903076171875,0.1875,NO,,,
1.6182572614107884,390,1.606903076171875,0.1875,NO,,,
1.6182572614107884,390,1.606903076171875,0.1875,NO,,,
1.6182572614107884,390,1.606903076171875,0.1875,NO,,,
1.6182572614107884,390,1.606903076171875,0.1875,NO,,,
1.6182572614107884,390,1.606903076171875,0.1875,NO,,,
1.6182572614107884,390,1.606903076171875,0.1875,NO,,,
1.6182572614107884,390,1.606903076171875,0.1875,NO,,,
1.6182572614107884,390,1.606903076171875,0.1875,NO,,,
1.6597510373443982,400,1.575653076171875,0.3125,NO,,,
1.6597510373443982,400,1.575653076171875,0.3125,NO,,,
1.6597510373443982,400,1.575653076171875,0.3125,NO,,,
1.6597510373443982,400,1.575653076171875,0.3125,NO,,,
1.6597510373443982,400,1.575653076171875,0.3125,NO,,,
1.6597510373443982,400,1.575653076171875,0.3125,NO,,,
1.6597510373443982,400,1.575653076171875,0.3125,NO,,,
1.6597510373443982,400,1.575653076171875,0.3125,NO,,,
1.6597510373443982,400,1.575653076171875,0.3125,NO,,,
1.6597510373443982,400,1.575653076171875,0.3125,NO,,,
1.7012448132780082,410,1.64111328125,0.21875,NO,,,
1.7012448132780082,410,1.64111328125,0.21875,NO,,,
1.7012448132780082,410,1.64111328125,0.21875,NO,,,
1.7012448132780082,410,1.64111328125,0.21875,NO,,,
1.7012448132780082,410,1.64111328125,0.21875,NO,,,
1.7012448132780082,410,1.64111328125,0.21875,NO,,,
1.7012448132780082,410,1.64111328125,0.21875,NO,,,
1.7012448132780082,410,1.64111328125,0.21875,NO,,,
1.7012448132780082,410,1.64111328125,0.21875,NO,,,
1.7012448132780082,410,1.64111328125,0.21875,NO,,,
1.7427385892116183,420,1.628509521484375,0.25,NO,,,
1.7427385892116183,420,1.628509521484375,0.25,NO,,,
1.7427385892116183,420,1.628509521484375,0.25,NO,,,
1.7427385892116183,420,1.628509521484375,0.25,NO,,,
1.7427385892116183,420,1.628509521484375,0.25,NO,,,
1.7427385892116183,420,1.628509521484375,0.25,NO,,,
1.7427385892116183,420,1.628509521484375,0.25,NO,,,
1.7427385892116183,420,1.628509521484375,0.25,NO,,,
1.7427385892116183,420,1.628509521484375,0.25,NO,,,
1.7427385892116183,420,1.628509521484375,0.25,NO,,,
1.784232365145228,430,1.6949462890625,0.21875,NO,,,
1.784232365145228,430,1.6949462890625,0.21875,NO,,,
1.784232365145228,430,1.6949462890625,0.21875,NO,,,
1.784232365145228,430,1.6949462890625,0.21875,NO,,,
1.784232365145228,430,1.6949462890625,0.21875,NO,,,
1.784232365145228,430,1.6949462890625,0.21875,NO,,,
1.784232365145228,430,1.6949462890625,0.21875,NO,,,
1.784232365145228,430,1.6949462890625,0.21875,NO,,,
1.784232365145228,430,1.6949462890625,0.21875,NO,,,
1.784232365145228,430,1.6949462890625,0.21875,NO,,,
1.8257261410788381,440,1.616943359375,0.09375,NO,,,
1.8257261410788381,440,1.616943359375,0.09375,NO,,,
1.8257261410788381,440,1.616943359375,0.09375,NO,,,
1.8257261410788381,440,1.616943359375,0.09375,NO,,,
1.8257261410788381,440,1.616943359375,0.09375,NO,,,
1.8257261410788381,440,1.616943359375,0.09375,NO,,,
1.8257261410788381,440,1.616943359375,0.09375,NO,,,
1.8257261410788381,440,1.616943359375,0.09375,NO,,,
1.8257261410788381,440,1.616943359375,0.09375,NO,,,
1.8257261410788381,440,1.616943359375,0.09375,NO,,,
1.8672199170124482,450,1.681671142578125,0.15625,NO,,,
1.8672199170124482,450,1.681671142578125,0.15625,NO,,,
1.8672199170124482,450,1.681671142578125,0.15625,NO,,,
1.8672199170124482,450,1.681671142578125,0.15625,NO,,,
1.8672199170124482,450,1.681671142578125,0.15625,NO,,,
1.8672199170124482,450,1.681671142578125,0.15625,NO,,,
1.8672199170124482,450,1.681671142578125,0.15625,NO,,,
1.8672199170124482,450,1.681671142578125,0.15625,NO,,,
1.8672199170124482,450,1.681671142578125,0.15625,NO,,,
1.8672199170124482,450,1.681671142578125,0.15625,NO,,,
1.908713692946058,460,1.728668212890625,0.15625,NO,,,
1.908713692946058,460,1.728668212890625,0.15625,NO,,,
1.908713692946058,460,1.728668212890625,0.15625,NO,,,
1.908713692946058,460,1.728668212890625,0.15625,NO,,,
1.908713692946058,460,1.728668212890625,0.15625,NO,,,
1.908713692946058,460,1.728668212890625,0.15625,NO,,,
1.908713692946058,460,1.728668212890625,0.15625,NO,,,
1.908713692946058,460,1.728668212890625,0.15625,NO,,,
1.908713692946058,460,1.728668212890625,0.15625,NO,,,
1.908713692946058,460,1.728668212890625,0.15625,NO,,,
1.950207468879668,470,1.7857818603515625,0.15625,NO,,,
1.950207468879668,470,1.7857818603515625,0.15625,NO,,,
1.950207468879668,470,1.7857818603515625,0.15625,NO,,,
1.950207468879668,470,1.7857818603515625,0.15625,NO,,,
1.950207468879668,470,1.7857818603515625,0.15625,NO,,,
1.950207468879668,470,1.7857818603515625,0.15625,NO,,,
1.950207468879668,470,1.7857818603515625,0.15625,NO,,,
1.950207468879668,470,1.7857818603515625,0.15625,NO,,,
1.950207468879668,470,1.7857818603515625,0.15625,NO,,,
1.950207468879668,470,1.7857818603515625,0.15625,NO,,,
1.991701244813278,480,1.737945556640625,0.09375,NO,,,
1.991701244813278,480,1.737945556640625,0.09375,NO,,,
1.991701244813278,480,1.737945556640625,0.09375,NO,,,
1.991701244813278,480,1.737945556640625,0.09375,NO,,,
1.991701244813278,480,1.737945556640625,0.09375,NO,,,
1.991701244813278,480,1.737945556640625,0.09375,NO,,,
1.991701244813278,480,1.737945556640625,0.09375,NO,,,
1.991701244813278,480,1.737945556640625,0.09375,NO,,,
1.991701244813278,480,1.737945556640625,0.09375,NO,,,
1.991701244813278,480,1.737945556640625,0.09375,NO,,,
2.033195020746888,490,1.673675537109375,0.15625,NO,,,
2.033195020746888,490,1.673675537109375,0.15625,NO,,,
2.033195020746888,490,1.673675537109375,0.15625,NO,,,
2.033195020746888,490,1.673675537109375,0.15625,NO,,,
2.033195020746888,490,1.673675537109375,0.15625,NO,,,
2.033195020746888,490,1.673675537109375,0.15625,NO,,,
2.033195020746888,490,1.673675537109375,0.15625,NO,,,
2.033195020746888,490,1.673675537109375,0.15625,NO,,,
2.033195020746888,490,1.673675537109375,0.15625,NO,,,
2.033195020746888,490,1.673675537109375,0.15625,NO,,,
2.074688796680498,500,1.725616455078125,0.15625,NO,,,
2.074688796680498,500,1.725616455078125,0.15625,NO,,,
2.074688796680498,500,1.725616455078125,0.15625,NO,,,
2.074688796680498,500,1.725616455078125,0.15625,NO,,,
2.074688796680498,500,1.725616455078125,0.15625,NO,,,
2.074688796680498,500,1.725616455078125,0.15625,NO,,,
2.074688796680498,500,1.725616455078125,0.15625,NO,,,
2.074688796680498,500,1.725616455078125,0.15625,NO,,,
2.074688796680498,500,1.725616455078125,0.15625,NO,,,
2.074688796680498,500,1.725616455078125,0.15625,NO,,,
2.116182572614108,510,1.6976470947265625,0.25,NO,,,
2.116182572614108,510,1.6976470947265625,0.25,NO,,,
2.116182572614108,510,1.6976470947265625,0.25,NO,,,
2.116182572614108,510,1.6976470947265625,0.25,NO,,,
2.116182572614108,510,1.6976470947265625,0.25,NO,,,
2.116182572614108,510,1.6976470947265625,0.25,NO,,,
2.116182572614108,510,1.6976470947265625,0.25,NO,,,
2.116182572614108,510,1.6976470947265625,0.25,NO,,,
2.116182572614108,510,1.6976470947265625,0.25,NO,,,
2.116182572614108,510,1.6976470947265625,0.25,NO,,,
2.1576763485477177,520,1.809173583984375,0.1875,NO,,,
2.1576763485477177,520,1.809173583984375,0.1875,NO,,,
2.1576763485477177,520,1.809173583984375,0.1875,NO,,,
2.1576763485477177,520,1.809173583984375,0.1875,NO,,,
2.1576763485477177,520,1.809173583984375,0.1875,NO,,,
2.1576763485477177,520,1.809173583984375,0.1875,NO,,,
2.1576763485477177,520,1.809173583984375,0.1875,NO,,,
2.1576763485477177,520,1.809173583984375,0.1875,NO,,,
2.1576763485477177,520,1.809173583984375,0.1875,NO,,,
2.1576763485477177,520,1.809173583984375,0.1875,NO,,,
2.199170124481328,530,1.61083984375,0.15625,NO,,,
2.199170124481328,530,1.61083984375,0.15625,NO,,,
2.199170124481328,530,1.61083984375,0.15625,NO,,,
2.199170124481328,530,1.61083984375,0.15625,NO,,,
2.199170124481328,530,1.61083984375,0.15625,NO,,,
2.199170124481328,530,1.61083984375,0.15625,NO,,,
2.199170124481328,530,1.61083984375,0.15625,NO,,,
2.199170124481328,530,1.61083984375,0.15625,NO,,,
2.199170124481328,530,1.61083984375,0.15625,NO,,,
2.199170124481328,530,1.61083984375,0.15625,NO,,,
2.240663900414938,540,1.9150848388671875,0.09375,NO,,,
2.240663900414938,540,1.9150848388671875,0.09375,NO,,,
2.240663900414938,540,1.9150848388671875,0.09375,NO,,,
2.240663900414938,540,1.9150848388671875,0.09375,NO,,,
2.240663900414938,540,1.9150848388671875,0.09375,NO,,,
2.240663900414938,540,1.9150848388671875,0.09375,NO,,,
2.240663900414938,540,1.9150848388671875,0.09375,NO,,,
2.240663900414938,540,1.9150848388671875,0.09375,NO,,,
2.240663900414938,540,1.9150848388671875,0.09375,NO,,,
2.240663900414938,540,1.9150848388671875,0.09375,NO,,,
2.2821576763485476,550,1.9728546142578125,0.125,NO,,,
2.2821576763485476,550,1.9728546142578125,0.125,NO,,,
2.2821576763485476,550,1.9728546142578125,0.125,NO,,,
2.2821576763485476,550,1.9728546142578125,0.125,NO,,,
2.2821576763485476,550,1.9728546142578125,0.125,NO,,,
2.2821576763485476,550,1.9728546142578125,0.125,NO,,,
2.2821576763485476,550,1.9728546142578125,0.125,NO,,,
2.2821576763485476,550,1.9728546142578125,0.125,NO,,,
2.2821576763485476,550,1.9728546142578125,0.125,NO,,,
2.2821576763485476,550,1.9728546142578125,0.125,NO,,,
2.323651452282158,560,1.6924285888671875,0.21875,NO,,,
2.323651452282158,560,1.6924285888671875,0.21875,NO,,,
2.323651452282158,560,1.6924285888671875,0.21875,NO,,,
2.323651452282158,560,1.6924285888671875,0.21875,NO,,,
2.323651452282158,560,1.6924285888671875,0.21875,NO,,,
2.323651452282158,560,1.6924285888671875,0.21875,NO,,,
2.323651452282158,560,1.6924285888671875,0.21875,NO,,,
2.323651452282158,560,1.6924285888671875,0.21875,NO,,,
2.323651452282158,560,1.6924285888671875,0.21875,NO,,,
2.323651452282158,560,1.6924285888671875,0.21875,NO,,,
2.3651452282157677,570,1.7773895263671875,0.1875,NO,,,
2.3651452282157677,570,1.7773895263671875,0.1875,NO,,,
2.3651452282157677,570,1.7773895263671875,0.1875,NO,,,
2.3651452282157677,570,1.7773895263671875,0.1875,NO,,,
2.3651452282157677,570,1.7773895263671875,0.1875,NO,,,
2.3651452282157677,570,1.7773895263671875,0.1875,NO,,,
2.3651452282157677,570,1.7773895263671875,0.1875,NO,,,
2.3651452282157677,570,1.7773895263671875,0.1875,NO,,,
2.3651452282157677,570,1.7773895263671875,0.1875,NO,,,
2.3651452282157677,570,1.7773895263671875,0.1875,NO,,,
2.4066390041493775,580,1.668121337890625,0.1875,NO,,,
2.4066390041493775,580,1.668121337890625,0.1875,NO,,,
2.4066390041493775,580,1.668121337890625,0.1875,NO,,,
2.4066390041493775,580,1.668121337890625,0.1875,NO,,,
2.4066390041493775,580,1.668121337890625,0.1875,NO,,,
2.4066390041493775,580,1.668121337890625,0.1875,NO,,,
2.4066390041493775,580,1.668121337890625,0.1875,NO,,,
2.4066390041493775,580,1.668121337890625,0.1875,NO,,,
2.4066390041493775,580,1.668121337890625,0.1875,NO,,,
2.4066390041493775,580,1.668121337890625,0.1875,NO,,,
2.4481327800829877,590,1.7823944091796875,0.15625,NO,,,
2.4481327800829877,590,1.7823944091796875,0.15625,NO,,,
2.4481327800829877,590,1.7823944091796875,0.15625,NO,,,
2.4481327800829877,590,1.7823944091796875,0.15625,NO,,,
2.4481327800829877,590,1.7823944091796875,0.15625,NO,,,
2.4481327800829877,590,1.7823944091796875,0.15625,NO,,,
2.4481327800829877,590,1.7823944091796875,0.15625,NO,,,
2.4481327800829877,590,1.7823944091796875,0.15625,NO,,,
2.4481327800829877,590,1.7823944091796875,0.15625,NO,,,
2.4481327800829877,590,1.7823944091796875,0.15625,NO,,,
2.4896265560165975,600,1.5670318603515625,0.3125,NO,,,
2.4896265560165975,600,1.5670318603515625,0.3125,NO,,,
2.4896265560165975,600,1.5670318603515625,0.3125,NO,,,
2.4896265560165975,600,1.5670318603515625,0.3125,NO,,,
2.4896265560165975,600,1.5670318603515625,0.3125,NO,,,
2.4896265560165975,600,1.5670318603515625,0.3125,NO,,,
2.4896265560165975,600,1.5670318603515625,0.3125,NO,,,
2.4896265560165975,600,1.5670318603515625,0.3125,NO,,,
2.4896265560165975,600,1.5670318603515625,0.3125,NO,,,
2.4896265560165975,600,1.5670318603515625,0.3125,NO,,,
2.5311203319502074,610,1.7700653076171875,0.1875,NO,,,
2.5311203319502074,610,1.7700653076171875,0.1875,NO,,,
2.5311203319502074,610,1.7700653076171875,0.1875,NO,,,
2.5311203319502074,610,1.7700653076171875,0.1875,NO,,,
2.5311203319502074,610,1.7700653076171875,0.1875,NO,,,
2.5311203319502074,610,1.7700653076171875,0.1875,NO,,,
2.5311203319502074,610,1.7700653076171875,0.1875,NO,,,
2.5311203319502074,610,1.7700653076171875,0.1875,NO,,,
2.5311203319502074,610,1.7700653076171875,0.1875,NO,,,
2.5311203319502074,610,1.7700653076171875,0.1875,NO,,,
2.572614107883817,620,1.481536865234375,0.40625,NO,,,
2.572614107883817,620,1.481536865234375,0.40625,NO,,,
2.572614107883817,620,1.481536865234375,0.40625,NO,,,
2.572614107883817,620,1.481536865234375,0.40625,NO,,,
2.572614107883817,620,1.481536865234375,0.40625,NO,,,
2.572614107883817,620,1.481536865234375,0.40625,NO,,,
2.572614107883817,620,1.481536865234375,0.40625,NO,,,
2.572614107883817,620,1.481536865234375,0.40625,NO,,,
2.572614107883817,620,1.481536865234375,0.40625,NO,,,
2.572614107883817,620,1.481536865234375,0.40625,NO,,,
2.6141078838174274,630,1.614593505859375,0.25,NO,,,
2.6141078838174274,630,1.614593505859375,0.25,NO,,,
2.6141078838174274,630,1.614593505859375,0.25,NO,,,
2.6141078838174274,630,1.614593505859375,0.25,NO,,,
2.6141078838174274,630,1.614593505859375,0.25,NO,,,
2.6141078838174274,630,1.614593505859375,0.25,NO,,,
2.6141078838174274,630,1.614593505859375,0.25,NO,,,
2.6141078838174274,630,1.614593505859375,0.25,NO,,,
2.6141078838174274,630,1.614593505859375,0.25,NO,,,
2.6141078838174274,630,1.614593505859375,0.25,NO,,,
2.6556016597510372,640,1.664398193359375,0.15625,NO,,,
2.6556016597510372,640,1.664398193359375,0.15625,NO,,,
2.6556016597510372,640,1.664398193359375,0.15625,NO,,,
2.6556016597510372,640,1.664398193359375,0.15625,NO,,,
2.6556016597510372,640,1.664398193359375,0.15625,NO,,,
2.6556016597510372,640,1.664398193359375,0.15625,NO,,,
2.6556016597510372,640,1.664398193359375,0.15625,NO,,,
2.6556016597510372,640,1.664398193359375,0.15625,NO,,,
2.6556016597510372,640,1.664398193359375,0.15625,NO,,,
2.6556016597510372,640,1.664398193359375,0.15625,NO,,,
2.6970954356846475,650,1.6636962890625,0.1875,NO,,,
2.6970954356846475,650,1.6636962890625,0.1875,NO,,,
2.6970954356846475,650,1.6636962890625,0.1875,NO,,,
2.6970954356846475,650,1.6636962890625,0.1875,NO,,,
2.6970954356846475,650,1.6636962890625,0.1875,NO,,,
2.6970954356846475,650,1.6636962890625,0.1875,NO,,,
2.6970954356846475,650,1.6636962890625,0.1875,NO,,,
2.6970954356846475,650,1.6636962890625,0.1875,NO,,,
2.6970954356846475,650,1.6636962890625,0.1875,NO,,,
2.6970954356846475,650,1.6636962890625,0.1875,NO,,,
2.7385892116182573,660,1.859893798828125,0.09375,NO,,,
2.7385892116182573,660,1.859893798828125,0.09375,NO,,,
2.7385892116182573,660,1.859893798828125,0.09375,NO,,,
2.7385892116182573,660,1.859893798828125,0.09375,NO,,,
2.7385892116182573,660,1.859893798828125,0.09375,NO,,,
2.7385892116182573,660,1.859893798828125,0.09375,NO,,,
2.7385892116182573,660,1.859893798828125,0.09375,NO,,,
2.7385892116182573,660,1.859893798828125,0.09375,NO,,,
2.7385892116182573,660,1.859893798828125,0.09375,NO,,,
2.7385892116182573,660,1.859893798828125,0.09375,NO,,,
2.780082987551867,670,1.91888427734375,0.15625,NO,,,
2.780082987551867,670,1.91888427734375,0.15625,NO,,,
2.780082987551867,670,1.91888427734375,0.15625,NO,,,
2.780082987551867,670,1.91888427734375,0.15625,NO,,,
2.780082987551867,670,1.91888427734375,0.15625,NO,,,
2.780082987551867,670,1.91888427734375,0.15625,NO,,,
2.780082987551867,670,1.91888427734375,0.15625,NO,,,
2.780082987551867,670,1.91888427734375,0.15625,NO,,,
2.780082987551867,670,1.91888427734375,0.15625,NO,,,
2.780082987551867,670,1.91888427734375,0.15625,NO,,,
2.821576763485477,680,1.6827392578125,0.125,NO,,,
2.821576763485477,680,1.6827392578125,0.125,NO,,,
2.821576763485477,680,1.6827392578125,0.125,NO,,,
2.821576763485477,680,1.6827392578125,0.125,NO,,,
2.821576763485477,680,1.6827392578125,0.125,NO,,,
2.821576763485477,680,1.6827392578125,0.125,NO,,,
2.821576763485477,680,1.6827392578125,0.125,NO,,,
2.821576763485477,680,1.6827392578125,0.125,NO,,,
2.821576763485477,680,1.6827392578125,0.125,NO,,,
2.821576763485477,680,1.6827392578125,0.125,NO,,,
2.863070539419087,690,1.7218017578125,0.15625,NO,,,
2.863070539419087,690,1.7218017578125,0.15625,NO,,,
2.863070539419087,690,1.7218017578125,0.15625,NO,,,
2.863070539419087,690,1.7218017578125,0.15625,NO,,,
2.863070539419087,690,1.7218017578125,0.15625,NO,,,
2.863070539419087,690,1.7218017578125,0.15625,NO,,,
2.863070539419087,690,1.7218017578125,0.15625,NO,,,
2.863070539419087,690,1.7218017578125,0.15625,NO,,,
2.863070539419087,690,1.7218017578125,0.15625,NO,,,
2.863070539419087,690,1.7218017578125,0.15625,NO,,,
2.904564315352697,700,1.652435302734375,0.21875,NO,,,
2.904564315352697,700,1.652435302734375,0.21875,NO,,,
2.904564315352697,700,1.652435302734375,0.21875,NO,,,
2.904564315352697,700,1.652435302734375,0.21875,NO,,,
2.904564315352697,700,1.652435302734375,0.21875,NO,,,
2.904564315352697,700,1.652435302734375,0.21875,NO,,,
2.904564315352697,700,1.652435302734375,0.21875,NO,,,
2.904564315352697,700,1.652435302734375,0.21875,NO,,,
2.904564315352697,700,1.652435302734375,0.21875,NO,,,
2.904564315352697,700,1.652435302734375,0.21875,NO,,,
2.9460580912863072,710,1.5079345703125,0.34375,NO,,,
2.9460580912863072,710,1.5079345703125,0.34375,NO,,,
2.9460580912863072,710,1.5079345703125,0.34375,NO,,,
2.9460580912863072,710,1.5079345703125,0.34375,NO,,,
2.9460580912863072,710,1.5079345703125,0.34375,NO,,,
2.9460580912863072,710,1.5079345703125,0.34375,NO,,,
2.9460580912863072,710,1.5079345703125,0.34375,NO,,,
2.9460580912863072,710,1.5079345703125,0.34375,NO,,,
2.9460580912863072,710,1.5079345703125,0.34375,NO,,,
2.9460580912863072,710,1.5079345703125,0.34375,NO,,,
2.987551867219917,720,1.7643890380859375,0.15625,NO,,,
2.987551867219917,720,1.7643890380859375,0.15625,NO,,,
2.987551867219917,720,1.7643890380859375,0.15625,NO,,,
2.987551867219917,720,1.7643890380859375,0.15625,NO,,,
2.987551867219917,720,1.7643890380859375,0.15625,NO,,,
2.987551867219917,720,1.7643890380859375,0.15625,NO,,,
2.987551867219917,720,1.7643890380859375,0.15625,NO,,,
2.987551867219917,720,1.7643890380859375,0.15625,NO,,,
2.987551867219917,720,1.7643890380859375,0.15625,NO,,,
2.987551867219917,720,1.7643890380859375,0.15625,NO,,,
3.029045643153527,730,1.762420654296875,0.21875,NO,,,
3.029045643153527,730,1.762420654296875,0.21875,NO,,,
3.029045643153527,730,1.762420654296875,0.21875,NO,,,
3.029045643153527,730,1.762420654296875,0.21875,NO,,,
3.029045643153527,730,1.762420654296875,0.21875,NO,,,
3.029045643153527,730,1.762420654296875,0.21875,NO,,,
3.029045643153527,730,1.762420654296875,0.21875,NO,,,
3.029045643153527,730,1.762420654296875,0.21875,NO,,,
3.029045643153527,730,1.762420654296875,0.21875,NO,,,
3.029045643153527,730,1.762420654296875,0.21875,NO,,,
3.070539419087137,740,1.733062744140625,0.21875,NO,,,
3.070539419087137,740,1.733062744140625,0.21875,NO,,,
3.070539419087137,740,1.733062744140625,0.21875,NO,,,
3.070539419087137,740,1.733062744140625,0.21875,NO,,,
3.070539419087137,740,1.733062744140625,0.21875,NO,,,
3.070539419087137,740,1.733062744140625,0.21875,NO,,,
3.070539419087137,740,1.733062744140625,0.21875,NO,,,
3.070539419087137,740,1.733062744140625,0.21875,NO,,,
3.070539419087137,740,1.733062744140625,0.21875,NO,,,
3.070539419087137,740,1.733062744140625,0.21875,NO,,,
3.112033195020747,750,1.731536865234375,0.15625,NO,,,
3.112033195020747,750,1.731536865234375,0.15625,NO,,,
3.112033195020747,750,1.731536865234375,0.15625,NO,,,
3.112033195020747,750,1.731536865234375,0.15625,NO,,,
3.112033195020747,750,1.731536865234375,0.15625,NO,,,
3.112033195020747,750,1.731536865234375,0.15625,NO,,,
3.112033195020747,750,1.731536865234375,0.15625,NO,,,
3.112033195020747,750,1.731536865234375,0.15625,NO,,,
3.112033195020747,750,1.731536865234375,0.15625,NO,,,
3.112033195020747,750,1.731536865234375,0.15625,NO,,,
3.1535269709543567,760,1.837738037109375,0.1875,NO,,,
3.1535269709543567,760,1.837738037109375,0.1875,NO,,,
3.1535269709543567,760,1.837738037109375,0.1875,NO,,,
3.1535269709543567,760,1.837738037109375,0.1875,NO,,,
3.1535269709543567,760,1.837738037109375,0.1875,NO,,,
3.1535269709543567,760,1.837738037109375,0.1875,NO,,,
3.1535269709543567,760,1.837738037109375,0.1875,NO,,,
3.1535269709543567,760,1.837738037109375,0.1875,NO,,,
3.1535269709543567,760,1.837738037109375,0.1875,NO,,,
3.1535269709543567,760,1.837738037109375,0.1875,NO,,,
3.195020746887967,770,1.6090087890625,0.28125,NO,,,
3.195020746887967,770,1.6090087890625,0.28125,NO,,,
3.195020746887967,770,1.6090087890625,0.28125,NO,,,
3.195020746887967,770,1.6090087890625,0.28125,NO,,,
3.195020746887967,770,1.6090087890625,0.28125,NO,,,
3.195020746887967,770,1.6090087890625,0.28125,NO,,,
3.195020746887967,770,1.6090087890625,0.28125,NO,,,
3.195020746887967,770,1.6090087890625,0.28125,NO,,,
3.195020746887967,770,1.6090087890625,0.28125,NO,,,
3.195020746887967,770,1.6090087890625,0.28125,NO,,,
3.236514522821577,780,1.5174407958984375,0.375,NO,,,
3.236514522821577,780,1.5174407958984375,0.375,NO,,,
3.236514522821577,780,1.5174407958984375,0.375,NO,,,
3.236514522821577,780,1.5174407958984375,0.375,NO,,,
3.236514522821577,780,1.5174407958984375,0.375,NO,,,
3.236514522821577,780,1.5174407958984375,0.375,NO,,,
3.236514522821577,780,1.5174407958984375,0.375,NO,,,
3.236514522821577,780,1.5174407958984375,0.375,NO,,,
3.236514522821577,780,1.5174407958984375,0.375,NO,,,
3.236514522821577,780,1.5174407958984375,0.375,NO,,,
3.2780082987551866,790,1.8076171875,0.21875,NO,,,
3.2780082987551866,790,1.8076171875,0.21875,NO,,,
3.2780082987551866,790,1.8076171875,0.21875,NO,,,
3.2780082987551866,790,1.8076171875,0.21875,NO,,,
3.2780082987551866,790,1.8076171875,0.21875,NO,,,
3.2780082987551866,790,1.8076171875,0.21875,NO,,,
3.2780082987551866,790,1.8076171875,0.21875,NO,,,
3.2780082987551866,790,1.8076171875,0.21875,NO,,,
3.2780082987551866,790,1.8076171875,0.21875,NO,,,
3.2780082987551866,790,1.8076171875,0.21875,NO,,,
3.3195020746887964,800,1.678497314453125,0.21875,NO,,,
3.3195020746887964,800,1.678497314453125,0.21875,NO,,,
3.3195020746887964,800,1.678497314453125,0.21875,NO,,,
3.3195020746887964,800,1.678497314453125,0.21875,NO,,,
3.3195020746887964,800,1.678497314453125,0.21875,NO,,,
3.3195020746887964,800,1.678497314453125,0.21875,NO,,,
3.3195020746887964,800,1.678497314453125,0.21875,NO,,,
3.3195020746887964,800,1.678497314453125,0.21875,NO,,,
3.3195020746887964,800,1.678497314453125,0.21875,NO,,,
3.3195020746887964,800,1.678497314453125,0.21875,NO,,,
3.3609958506224067,810,1.630859375,0.25,NO,,,
3.3609958506224067,810,1.630859375,0.25,NO,,,
3.3609958506224067,810,1.630859375,0.25,NO,,,
3.3609958506224067,810,1.630859375,0.25,NO,,,
3.3609958506224067,810,1.630859375,0.25,NO,,,
3.3609958506224067,810,1.630859375,0.25,NO,,,
3.3609958506224067,810,1.630859375,0.25,NO,,,
3.3609958506224067,810,1.630859375,0.25,NO,,,
3.3609958506224067,810,1.630859375,0.25,NO,,,
3.3609958506224067,810,1.630859375,0.25,NO,,,
3.4024896265560165,820,1.591766357421875,0.21875,NO,,,
3.4024896265560165,820,1.591766357421875,0.21875,NO,,,
3.4024896265560165,820,1.591766357421875,0.21875,NO,,,
3.4024896265560165,820,1.591766357421875,0.21875,NO,,,
3.4024896265560165,820,1.591766357421875,0.21875,NO,,,
3.4024896265560165,820,1.591766357421875,0.21875,NO,,,
3.4024896265560165,820,1.591766357421875,0.21875,NO,,,
3.4024896265560165,820,1.591766357421875,0.21875,NO,,,
3.4024896265560165,820,1.591766357421875,0.21875,NO,,,
3.4024896265560165,820,1.591766357421875,0.21875,NO,,,
3.4439834024896268,830,1.67730712890625,0.09375,NO,,,
3.4439834024896268,830,1.67730712890625,0.09375,NO,,,
3.4439834024896268,830,1.67730712890625,0.09375,NO,,,
3.4439834024896268,830,1.67730712890625,0.09375,NO,,,
3.4439834024896268,830,1.67730712890625,0.09375,NO,,,
3.4439834024896268,830,1.67730712890625,0.09375,NO,,,
3.4439834024896268,830,1.67730712890625,0.09375,NO,,,
3.4439834024896268,830,1.67730712890625,0.09375,NO,,,
3.4439834024896268,830,1.67730712890625,0.09375,NO,,,
3.4439834024896268,830,1.67730712890625,0.09375,NO,,,
3.4854771784232366,840,1.66741943359375,0.125,NO,,,
3.4854771784232366,840,1.66741943359375,0.125,NO,,,
3.4854771784232366,840,1.66741943359375,0.125,NO,,,
3.4854771784232366,840,1.66741943359375,0.125,NO,,,
3.4854771784232366,840,1.66741943359375,0.125,NO,,,
3.4854771784232366,840,1.66741943359375,0.125,NO,,,
3.4854771784232366,840,1.66741943359375,0.125,NO,,,
3.4854771784232366,840,1.66741943359375,0.125,NO,,,
3.4854771784232366,840,1.66741943359375,0.125,NO,,,
3.4854771784232366,840,1.66741943359375,0.125,NO,,,
3.5269709543568464,850,1.690216064453125,0.21875,NO,,,
3.5269709543568464,850,1.690216064453125,0.21875,NO,,,
3.5269709543568464,850,1.690216064453125,0.21875,NO,,,
3.5269709543568464,850,1.690216064453125,0.21875,NO,,,
3.5269709543568464,850,1.690216064453125,0.21875,NO,,,
3.5269709543568464,850,1.690216064453125,0.21875,NO,,,
3.5269709543568464,850,1.690216064453125,0.21875,NO,,,
3.5269709543568464,850,1.690216064453125,0.21875,NO,,,
3.5269709543568464,850,1.690216064453125,0.21875,NO,,,
3.5269709543568464,850,1.690216064453125,0.21875,NO,,,
3.568464730290456,860,1.7303924560546875,0.125,NO,,,
3.568464730290456,860,1.7303924560546875,0.125,NO,,,
3.568464730290456,860,1.7303924560546875,0.125,NO,,,
3.568464730290456,860,1.7303924560546875,0.125,NO,,,
3.568464730290456,860,1.7303924560546875,0.125,NO,,,
3.568464730290456,860,1.7303924560546875,0.125,NO,,,
3.568464730290456,860,1.7303924560546875,0.125,NO,,,
3.568464730290456,860,1.7303924560546875,0.125,NO,,,
3.568464730290456,860,1.7303924560546875,0.125,NO,,,
3.568464730290456,860,1.7303924560546875,0.125,NO,,,
3.6099585062240664,870,1.77032470703125,0.0625,NO,,,
3.6099585062240664,870,1.77032470703125,0.0625,NO,,,
3.6099585062240664,870,1.77032470703125,0.0625,NO,,,
3.6099585062240664,870,1.77032470703125,0.0625,NO,,,
3.6099585062240664,870,1.77032470703125,0.0625,NO,,,
3.6099585062240664,870,1.77032470703125,0.0625,NO,,,
3.6099585062240664,870,1.77032470703125,0.0625,NO,,,
3.6099585062240664,870,1.77032470703125,0.0625,NO,,,
3.6099585062240664,870,1.77032470703125,0.0625,NO,,,
3.6099585062240664,870,1.77032470703125,0.0625,NO,,,
3.6514522821576763,880,1.70050048828125,0.25,NO,,,
3.6514522821576763,880,1.70050048828125,0.25,NO,,,
3.6514522821576763,880,1.70050048828125,0.25,NO,,,
3.6514522821576763,880,1.70050048828125,0.25,NO,,,
3.6514522821576763,880,1.70050048828125,0.25,NO,,,
3.6514522821576763,880,1.70050048828125,0.25,NO,,,
3.6514522821576763,880,1.70050048828125,0.25,NO,,,
3.6514522821576763,880,1.70050048828125,0.25,NO,,,
3.6514522821576763,880,1.70050048828125,0.25,NO,,,
3.6514522821576763,880,1.70050048828125,0.25,NO,,,
3.6929460580912865,890,1.721588134765625,0.25,NO,,,
3.6929460580912865,890,1.721588134765625,0.25,NO,,,
3.6929460580912865,890,1.721588134765625,0.25,NO,,,
3.6929460580912865,890,1.721588134765625,0.25,NO,,,
3.6929460580912865,890,1.721588134765625,0.25,NO,,,
3.6929460580912865,890,1.721588134765625,0.25,NO,,,
3.6929460580912865,890,1.721588134765625,0.25,NO,,,
3.6929460580912865,890,1.721588134765625,0.25,NO,,,
3.6929460580912865,890,1.721588134765625,0.25,NO,,,
3.6929460580912865,890,1.721588134765625,0.25,NO,,,
3.7344398340248963,900,1.8758544921875,0.1875,NO,,,
3.7344398340248963,900,1.8758544921875,0.1875,NO,,,
3.7344398340248963,900,1.8758544921875,0.1875,NO,,,
3.7344398340248963,900,1.8758544921875,0.1875,NO,,,
3.7344398340248963,900,1.8758544921875,0.1875,NO,,,
3.7344398340248963,900,1.8758544921875,0.1875,NO,,,
3.7344398340248963,900,1.8758544921875,0.1875,NO,,,
3.7344398340248963,900,1.8758544921875,0.1875,NO,,,
3.7344398340248963,900,1.8758544921875,0.1875,NO,,,
3.7344398340248963,900,1.8758544921875,0.1875,NO,,,
3.775933609958506,910,1.8473358154296875,0.21875,NO,,,
3.775933609958506,910,1.8473358154296875,0.21875,NO,,,
3.775933609958506,910,1.8473358154296875,0.21875,NO,,,
3.775933609958506,910,1.8473358154296875,0.21875,NO,,,
3.775933609958506,910,1.8473358154296875,0.21875,NO,,,
3.775933609958506,910,1.8473358154296875,0.21875,NO,,,
3.775933609958506,910,1.8473358154296875,0.21875,NO,,,
3.775933609958506,910,1.8473358154296875,0.21875,NO,,,
3.775933609958506,910,1.8473358154296875,0.21875,NO,,,
3.775933609958506,910,1.8473358154296875,0.21875,NO,,,
3.817427385892116,920,1.715728759765625,0.21875,NO,,,
3.817427385892116,920,1.715728759765625,0.21875,NO,,,
3.817427385892116,920,1.715728759765625,0.21875,NO,,,
3.817427385892116,920,1.715728759765625,0.21875,NO,,,
3.817427385892116,920,1.715728759765625,0.21875,NO,,,
3.817427385892116,920,1.715728759765625,0.21875,NO,,,
3.817427385892116,920,1.715728759765625,0.21875,NO,,,
3.817427385892116,920,1.715728759765625,0.21875,NO,,,
3.817427385892116,920,1.715728759765625,0.21875,NO,,,
3.817427385892116,920,1.715728759765625,0.21875,NO,,,
3.858921161825726,930,1.660369873046875,0.28125,NO,,,
3.858921161825726,930,1.660369873046875,0.28125,NO,,,
3.858921161825726,930,1.660369873046875,0.28125,NO,,,
3.858921161825726,930,1.660369873046875,0.28125,NO,,,
3.858921161825726,930,1.660369873046875,0.28125,NO,,,
3.858921161825726,930,1.660369873046875,0.28125,NO,,,
3.858921161825726,930,1.660369873046875,0.28125,NO,,,
3.858921161825726,930,1.660369873046875,0.28125,NO,,,
3.858921161825726,930,1.660369873046875,0.28125,NO,,,
3.858921161825726,930,1.660369873046875,0.28125,NO,,,
3.900414937759336,940,1.46435546875,0.34375,NO,,,
3.900414937759336,940,1.46435546875,0.34375,NO,,,
3.900414937759336,940,1.46435546875,0.34375,NO,,,
3.900414937759336,940,1.46435546875,0.34375,NO,,,
3.900414937759336,940,1.46435546875,0.34375,NO,,,
3.900414937759336,940,1.46435546875,0.34375,NO,,,
3.900414937759336,940,1.46435546875,0.34375,NO,,,
3.900414937759336,940,1.46435546875,0.34375,NO,,,
3.900414937759336,940,1.46435546875,0.34375,NO,,,
3.900414937759336,940,1.46435546875,0.34375,NO,,,
3.9419087136929463,950,1.5196380615234375,0.34375,NO,,,
3.9419087136929463,950,1.5196380615234375,0.34375,NO,,,
3.9419087136929463,950,1.5196380615234375,0.34375,NO,,,
3.9419087136929463,950,1.5196380615234375,0.34375,NO,,,
3.9419087136929463,950,1.5196380615234375,0.34375,NO,,,
3.9419087136929463,950,1.5196380615234375,0.34375,NO,,,
3.9419087136929463,950,1.5196380615234375,0.34375,NO,,,
3.9419087136929463,950,1.5196380615234375,0.34375,NO,,,
3.9419087136929463,950,1.5196380615234375,0.34375,NO,,,
3.9419087136929463,950,1.5196380615234375,0.34375,NO,,,
3.983402489626556,960,1.6541900634765625,0.21875,NO,,,
3.983402489626556,960,1.6541900634765625,0.21875,NO,,,
3.983402489626556,960,1.6541900634765625,0.21875,NO,,,
3.983402489626556,960,1.6541900634765625,0.21875,NO,,,
3.983402489626556,960,1.6541900634765625,0.21875,NO,,,
3.983402489626556,960,1.6541900634765625,0.21875,NO,,,
3.983402489626556,960,1.6541900634765625,0.21875,NO,,,
3.983402489626556,960,1.6541900634765625,0.21875,NO,,,
3.983402489626556,960,1.6541900634765625,0.21875,NO,,,
3.983402489626556,960,1.6541900634765625,0.21875,NO,,,
4.024896265560166,970,1.8299560546875,0.28125,NO,,,
4.024896265560166,970,1.8299560546875,0.28125,NO,,,
4.024896265560166,970,1.8299560546875,0.28125,NO,,,
4.024896265560166,970,1.8299560546875,0.28125,NO,,,
4.024896265560166,970,1.8299560546875,0.28125,NO,,,
4.024896265560166,970,1.8299560546875,0.28125,NO,,,
4.024896265560166,970,1.8299560546875,0.28125,NO,,,
4.024896265560166,970,1.8299560546875,0.28125,NO,,,
4.024896265560166,970,1.8299560546875,0.28125,NO,,,
4.024896265560166,970,1.8299560546875,0.28125,NO,,,
4.066390041493776,980,2.06671142578125,0.1875,NO,,,
4.066390041493776,980,2.06671142578125,0.1875,NO,,,
4.066390041493776,980,2.06671142578125,0.1875,NO,,,
4.066390041493776,980,2.06671142578125,0.1875,NO,,,
4.066390041493776,980,2.06671142578125,0.1875,NO,,,
4.066390041493776,980,2.06671142578125,0.1875,NO,,,
4.066390041493776,980,2.06671142578125,0.1875,NO,,,
4.066390041493776,980,2.06671142578125,0.1875,NO,,,
4.066390041493776,980,2.06671142578125,0.1875,NO,,,
4.066390041493776,980,2.06671142578125,0.1875,NO,,,
4.1078838174273855,990,1.92730712890625,0.28125,NO,,,
4.1078838174273855,990,1.92730712890625,0.28125,NO,,,
4.1078838174273855,990,1.92730712890625,0.28125,NO,,,
4.1078838174273855,990,1.92730712890625,0.28125,NO,,,
4.1078838174273855,990,1.92730712890625,0.28125,NO,,,
4.1078838174273855,990,1.92730712890625,0.28125,NO,,,
4.1078838174273855,990,1.92730712890625,0.28125,NO,,,
4.1078838174273855,990,1.92730712890625,0.28125,NO,,,
4.1078838174273855,990,1.92730712890625,0.28125,NO,,,
4.1078838174273855,990,1.92730712890625,0.28125,YES,1.8056142330169678,0.19672131147540983,
4.149377593360996,1000,1.6794891357421875,0.28125,NO,,,
4.149377593360996,1000,1.6794891357421875,0.28125,NO,,,
4.149377593360996,1000,1.6794891357421875,0.28125,NO,,,
4.149377593360996,1000,1.6794891357421875,0.28125,NO,,,
4.149377593360996,1000,1.6794891357421875,0.28125,NO,,,
4.149377593360996,1000,1.6794891357421875,0.28125,NO,,,
4.149377593360996,1000,1.6794891357421875,0.28125,NO,,,
4.149377593360996,1000,1.6794891357421875,0.28125,NO,,,
4.149377593360996,1000,1.6794891357421875,0.28125,NO,,,
4.149377593360996,1000,1.6794891357421875,0.28125,NO,,,
4.190871369294606,1010,1.78173828125,0.21875,NO,,,
4.190871369294606,1010,1.78173828125,0.21875,NO,,,
4.190871369294606,1010,1.78173828125,0.21875,NO,,,
4.190871369294606,1010,1.78173828125,0.21875,NO,,,
4.190871369294606,1010,1.78173828125,0.21875,NO,,,
4.190871369294606,1010,1.78173828125,0.21875,NO,,,
4.190871369294606,1010,1.78173828125,0.21875,NO,,,
4.190871369294606,1010,1.78173828125,0.21875,NO,,,
4.190871369294606,1010,1.78173828125,0.21875,NO,,,
4.190871369294606,1010,1.78173828125,0.21875,NO,,,
4.232365145228216,1020,1.6548004150390625,0.1875,NO,,,
4.232365145228216,1020,1.6548004150390625,0.1875,NO,,,
4.232365145228216,1020,1.6548004150390625,0.1875,NO,,,
4.232365145228216,1020,1.6548004150390625,0.1875,NO,,,
4.232365145228216,1020,1.6548004150390625,0.1875,NO,,,
4.232365145228216,1020,1.6548004150390625,0.1875,NO,,,
4.232365145228216,1020,1.6548004150390625,0.1875,NO,,,
4.232365145228216,1020,1.6548004150390625,0.1875,NO,,,
4.232365145228216,1020,1.6548004150390625,0.1875,NO,,,
4.232365145228216,1020,1.6548004150390625,0.1875,NO,,,
4.273858921161826,1030,1.6511077880859375,0.375,NO,,,
4.273858921161826,1030,1.6511077880859375,0.375,NO,,,
4.273858921161826,1030,1.6511077880859375,0.375,NO,,,
4.273858921161826,1030,1.6511077880859375,0.375,NO,,,
4.273858921161826,1030,1.6511077880859375,0.375,NO,,,
4.273858921161826,1030,1.6511077880859375,0.375,NO,,,
4.273858921161826,1030,1.6511077880859375,0.375,NO,,,
4.273858921161826,1030,1.6511077880859375,0.375,NO,,,
4.273858921161826,1030,1.6511077880859375,0.375,NO,,,
4.273858921161826,1030,1.6511077880859375,0.375,NO,,,
4.3153526970954355,1040,1.8000946044921875,0.25,NO,,,
4.3153526970954355,1040,1.8000946044921875,0.25,NO,,,
4.3153526970954355,1040,1.8000946044921875,0.25,NO,,,
4.3153526970954355,1040,1.8000946044921875,0.25,NO,,,
4.3153526970954355,1040,1.8000946044921875,0.25,NO,,,
4.3153526970954355,1040,1.8000946044921875,0.25,NO,,,
4.3153526970954355,1040,1.8000946044921875,0.25,NO,,,
4.3153526970954355,1040,1.8000946044921875,0.25,NO,,,
4.3153526970954355,1040,1.8000946044921875,0.25,NO,,,
4.3153526970954355,1040,1.8000946044921875,0.25,NO,,,
4.356846473029045,1050,1.7639923095703125,0.34375,NO,,,
4.356846473029045,1050,1.7639923095703125,0.34375,NO,,,
4.356846473029045,1050,1.7639923095703125,0.34375,NO,,,
4.356846473029045,1050,1.7639923095703125,0.34375,NO,,,
4.356846473029045,1050,1.7639923095703125,0.34375,NO,,,
4.356846473029045,1050,1.7639923095703125,0.34375,NO,,,
4.356846473029045,1050,1.7639923095703125,0.34375,NO,,,
4.356846473029045,1050,1.7639923095703125,0.34375,NO,,,
4.356846473029045,1050,1.7639923095703125,0.34375,NO,,,
4.356846473029045,1050,1.7639923095703125,0.34375,NO,,,
4.398340248962656,1060,2.0469207763671875,0.125,NO,,,
4.398340248962656,1060,2.0469207763671875,0.125,NO,,,
4.398340248962656,1060,2.0469207763671875,0.125,NO,,,
4.398340248962656,1060,2.0469207763671875,0.125,NO,,,
4.398340248962656,1060,2.0469207763671875,0.125,NO,,,
4.398340248962656,1060,2.0469207763671875,0.125,NO,,,
4.398340248962656,1060,2.0469207763671875,0.125,NO,,,
4.398340248962656,1060,2.0469207763671875,0.125,NO,,,
4.398340248962656,1060,2.0469207763671875,0.125,NO,,,
4.398340248962656,1060,2.0469207763671875,0.125,NO,,,
4.439834024896266,1070,1.7997894287109375,0.34375,NO,,,
4.439834024896266,1070,1.7997894287109375,0.34375,NO,,,
4.439834024896266,1070,1.7997894287109375,0.34375,NO,,,
4.439834024896266,1070,1.7997894287109375,0.34375,NO,,,
4.439834024896266,1070,1.7997894287109375,0.34375,NO,,,
4.439834024896266,1070,1.7997894287109375,0.34375,NO,,,
4.439834024896266,1070,1.7997894287109375,0.34375,NO,,,
4.439834024896266,1070,1.7997894287109375,0.34375,NO,,,
4.439834024896266,1070,1.7997894287109375,0.34375,NO,,,
4.439834024896266,1070,1.7997894287109375,0.34375,NO,,,
4.481327800829876,1080,1.83502197265625,0.34375,NO,,,
4.481327800829876,1080,1.83502197265625,0.34375,NO,,,
4.481327800829876,1080,1.83502197265625,0.34375,NO,,,
4.481327800829876,1080,1.83502197265625,0.34375,NO,,,
4.481327800829876,1080,1.83502197265625,0.34375,NO,,,
4.481327800829876,1080,1.83502197265625,0.34375,NO,,,
4.481327800829876,1080,1.83502197265625,0.34375,NO,,,
4.481327800829876,1080,1.83502197265625,0.34375,NO,,,
4.481327800829876,1080,1.83502197265625,0.34375,NO,,,
4.481327800829876,1080,1.83502197265625,0.34375,NO,,,
4.522821576763485,1090,1.814788818359375,0.21875,NO,,,
4.522821576763485,1090,1.814788818359375,0.21875,NO,,,
4.522821576763485,1090,1.814788818359375,0.21875,NO,,,
4.522821576763485,1090,1.814788818359375,0.21875,NO,,,
4.522821576763485,1090,1.814788818359375,0.21875,NO,,,
4.522821576763485,1090,1.814788818359375,0.21875,NO,,,
4.522821576763485,1090,1.814788818359375,0.21875,NO,,,
4.522821576763485,1090,1.814788818359375,0.21875,NO,,,
4.522821576763485,1090,1.814788818359375,0.21875,NO,,,
4.522821576763485,1090,1.814788818359375,0.21875,NO,,,
4.564315352697095,1100,1.8507080078125,0.25,NO,,,
4.564315352697095,1100,1.8507080078125,0.25,NO,,,
4.564315352697095,1100,1.8507080078125,0.25,NO,,,
4.564315352697095,1100,1.8507080078125,0.25,NO,,,
4.564315352697095,1100,1.8507080078125,0.25,NO,,,
4.564315352697095,1100,1.8507080078125,0.25,NO,,,
4.564315352697095,1100,1.8507080078125,0.25,NO,,,
4.564315352697095,1100,1.8507080078125,0.25,NO,,,
4.564315352697095,1100,1.8507080078125,0.25,NO,,,
4.564315352697095,1100,1.8507080078125,0.25,NO,,,
4.605809128630705,1110,1.7628173828125,0.125,NO,,,
4.605809128630705,1110,1.7628173828125,0.125,NO,,,
4.605809128630705,1110,1.7628173828125,0.125,NO,,,
4.605809128630705,1110,1.7628173828125,0.125,NO,,,
4.605809128630705,1110,1.7628173828125,0.125,NO,,,
4.605809128630705,1110,1.7628173828125,0.125,NO,,,
4.605809128630705,1110,1.7628173828125,0.125,NO,,,
4.605809128630705,1110,1.7628173828125,0.125,NO,,,
4.605809128630705,1110,1.7628173828125,0.125,NO,,,
4.605809128630705,1110,1.7628173828125,0.125,NO,,,
4.647302904564316,1120,1.9827117919921875,0.0625,NO,,,
4.647302904564316,1120,1.9827117919921875,0.0625,NO,,,
4.647302904564316,1120,1.9827117919921875,0.0625,NO,,,
4.647302904564316,1120,1.9827117919921875,0.0625,NO,,,
4.647302904564316,1120,1.9827117919921875,0.0625,NO,,,
4.647302904564316,1120,1.9827117919921875,0.0625,NO,,,
4.647302904564316,1120,1.9827117919921875,0.0625,NO,,,
4.647302904564316,1120,1.9827117919921875,0.0625,NO,,,
4.647302904564316,1120,1.9827117919921875,0.0625,NO,,,
4.647302904564316,1120,1.9827117919921875,0.0625,NO,,,
4.6887966804979255,1130,1.74700927734375,0.15625,NO,,,
4.6887966804979255,1130,1.74700927734375,0.15625,NO,,,
4.6887966804979255,1130,1.74700927734375,0.15625,NO,,,
4.6887966804979255,1130,1.74700927734375,0.15625,NO,,,
4.6887966804979255,1130,1.74700927734375,0.15625,NO,,,
4.6887966804979255,1130,1.74700927734375,0.15625,NO,,,
4.6887966804979255,1130,1.74700927734375,0.15625,NO,,,
4.6887966804979255,1130,1.74700927734375,0.15625,NO,,,
4.6887966804979255,1130,1.74700927734375,0.15625,NO,,,
4.6887966804979255,1130,1.74700927734375,0.15625,NO,,,
4.730290456431535,1140,1.7640838623046875,0.15625,NO,,,
4.730290456431535,1140,1.7640838623046875,0.15625,NO,,,
4.730290456431535,1140,1.7640838623046875,0.15625,NO,,,
4.730290456431535,1140,1.7640838623046875,0.15625,NO,,,
4.730290456431535,1140,1.7640838623046875,0.15625,NO,,,
4.730290456431535,1140,1.7640838623046875,0.15625,NO,,,
4.730290456431535,1140,1.7640838623046875,0.15625,NO,,,
4.730290456431535,1140,1.7640838623046875,0.15625,NO,,,
4.730290456431535,1140,1.7640838623046875,0.15625,NO,,,
4.730290456431535,1140,1.7640838623046875,0.15625,NO,,,
4.771784232365145,1150,2.042633056640625,0.09375,NO,,,
4.771784232365145,1150,2.042633056640625,0.09375,NO,,,
4.771784232365145,1150,2.042633056640625,0.09375,NO,,,
4.771784232365145,1150,2.042633056640625,0.09375,NO,,,
4.771784232365145,1150,2.042633056640625,0.09375,NO,,,
4.771784232365145,1150,2.042633056640625,0.09375,NO,,,
4.771784232365145,1150,2.042633056640625,0.09375,NO,,,
4.771784232365145,1150,2.042633056640625,0.09375,NO,,,
4.771784232365145,1150,2.042633056640625,0.09375,NO,,,
4.771784232365145,1150,2.042633056640625,0.09375,NO,,,
4.813278008298755,1160,1.788787841796875,0.25,NO,,,
4.813278008298755,1160,1.788787841796875,0.25,NO,,,
4.813278008298755,1160,1.788787841796875,0.25,NO,,,
4.813278008298755,1160,1.788787841796875,0.25,NO,,,
4.813278008298755,1160,1.788787841796875,0.25,NO,,,
4.813278008298755,1160,1.788787841796875,0.25,NO,,,
4.813278008298755,1160,1.788787841796875,0.25,NO,,,
4.813278008298755,1160,1.788787841796875,0.25,NO,,,
4.813278008298755,1160,1.788787841796875,0.25,NO,,,
4.813278008298755,1160,1.788787841796875,0.25,NO,,,
4.854771784232365,1170,1.7686309814453125,0.28125,NO,,,
4.854771784232365,1170,1.7686309814453125,0.28125,NO,,,
4.854771784232365,1170,1.7686309814453125,0.28125,NO,,,
4.854771784232365,1170,1.7686309814453125,0.28125,NO,,,
4.854771784232365,1170,1.7686309814453125,0.28125,NO,,,
4.854771784232365,1170,1.7686309814453125,0.28125,NO,,,
4.854771784232365,1170,1.7686309814453125,0.28125,NO,,,
4.854771784232365,1170,1.7686309814453125,0.28125,NO,,,
4.854771784232365,1170,1.7686309814453125,0.28125,NO,,,
4.854771784232365,1170,1.7686309814453125,0.28125,NO,,,
4.8962655601659755,1180,1.98785400390625,0.125,NO,,,
4.8962655601659755,1180,1.98785400390625,0.125,NO,,,
4.8962655601659755,1180,1.98785400390625,0.125,NO,,,
4.8962655601659755,1180,1.98785400390625,0.125,NO,,,
4.8962655601659755,1180,1.98785400390625,0.125,NO,,,
4.8962655601659755,1180,1.98785400390625,0.125,NO,,,
4.8962655601659755,1180,1.98785400390625,0.125,NO,,,
4.8962655601659755,1180,1.98785400390625,0.125,NO,,,
4.8962655601659755,1180,1.98785400390625,0.125,NO,,,
4.8962655601659755,1180,1.98785400390625,0.125,NO,,,
4.937759336099585,1190,1.906951904296875,0.21875,NO,,,
4.937759336099585,1190,1.906951904296875,0.21875,NO,,,
4.937759336099585,1190,1.906951904296875,0.21875,NO,,,
4.937759336099585,1190,1.906951904296875,0.21875,NO,,,
4.937759336099585,1190,1.906951904296875,0.21875,NO,,,
4.937759336099585,1190,1.906951904296875,0.21875,NO,,,
4.937759336099585,1190,1.906951904296875,0.21875,NO,,,
4.937759336099585,1190,1.906951904296875,0.21875,NO,,,
4.937759336099585,1190,1.906951904296875,0.21875,NO,,,
4.937759336099585,1190,1.906951904296875,0.21875,NO,,,
4.979253112033195,1200,2.01226806640625,0.1875,NO,,,
4.979253112033195,1200,2.01226806640625,0.1875,NO,,,
4.979253112033195,1200,2.01226806640625,0.1875,NO,,,
4.979253112033195,1200,2.01226806640625,0.1875,NO,,,
4.979253112033195,1200,2.01226806640625,0.1875,NO,,,
4.979253112033195,1200,2.01226806640625,0.1875,NO,,,
4.979253112033195,1200,2.01226806640625,0.1875,NO,,,
4.979253112033195,1200,2.01226806640625,0.1875,NO,,,
4.979253112033195,1200,2.01226806640625,0.1875,NO,,,
4.979253112033195,1200,2.01226806640625,0.1875,NO,,,
5.020746887966805,1210,1.9908599853515625,0.28125,NO,,,
5.020746887966805,1210,1.9908599853515625,0.28125,NO,,,
5.020746887966805,1210,1.9908599853515625,0.28125,NO,,,
5.020746887966805,1210,1.9908599853515625,0.28125,NO,,,
5.020746887966805,1210,1.9908599853515625,0.28125,NO,,,
5.020746887966805,1210,1.9908599853515625,0.28125,NO,,,
5.020746887966805,1210,1.9908599853515625,0.28125,NO,,,
5.020746887966805,1210,1.9908599853515625,0.28125,NO,,,
5.020746887966805,1210,1.9908599853515625,0.28125,NO,,,
5.020746887966805,1210,1.9908599853515625,0.28125,NO,,,
5.062240663900415,1220,1.86199951171875,0.21875,NO,,,
5.062240663900415,1220,1.86199951171875,0.21875,NO,,,
5.062240663900415,1220,1.86199951171875,0.21875,NO,,,
5.062240663900415,1220,1.86199951171875,0.21875,NO,,,
5.062240663900415,1220,1.86199951171875,0.21875,NO,,,
5.062240663900415,1220,1.86199951171875,0.21875,NO,,,
5.062240663900415,1220,1.86199951171875,0.21875,NO,,,
5.062240663900415,1220,1.86199951171875,0.21875,NO,,,
5.062240663900415,1220,1.86199951171875,0.21875,NO,,,
5.062240663900415,1220,1.86199951171875,0.21875,NO,,,
5.1037344398340245,1230,1.724334716796875,0.375,NO,,,
5.1037344398340245,1230,1.724334716796875,0.375,NO,,,
5.1037344398340245,1230,1.724334716796875,0.375,NO,,,
5.1037344398340245,1230,1.724334716796875,0.375,NO,,,
5.1037344398340245,1230,1.724334716796875,0.375,NO,,,
5.1037344398340245,1230,1.724334716796875,0.375,NO,,,
5.1037344398340245,1230,1.724334716796875,0.375,NO,,,
5.1037344398340245,1230,1.724334716796875,0.375,NO,,,
5.1037344398340245,1230,1.724334716796875,0.375,NO,,,
5.1037344398340245,1230,1.724334716796875,0.375,NO,,,
5.145228215767635,1240,1.77197265625,0.4375,NO,,,
5.145228215767635,1240,1.77197265625,0.4375,NO,,,
5.145228215767635,1240,1.77197265625,0.4375,NO,,,
5.145228215767635,1240,1.77197265625,0.4375,NO,,,
5.145228215767635,1240,1.77197265625,0.4375,NO,,,
5.145228215767635,1240,1.77197265625,0.4375,NO,,,
5.145228215767635,1240,1.77197265625,0.4375,NO,,,
5.145228215767635,1240,1.77197265625,0.4375,NO,,,
5.145228215767635,1240,1.77197265625,0.4375,NO,,,
5.145228215767635,1240,1.77197265625,0.4375,NO,,,
5.186721991701245,1250,1.7260589599609375,0.25,NO,,,
5.186721991701245,1250,1.7260589599609375,0.25,NO,,,
5.186721991701245,1250,1.7260589599609375,0.25,NO,,,
5.186721991701245,1250,1.7260589599609375,0.25,NO,,,
5.186721991701245,1250,1.7260589599609375,0.25,NO,,,
5.186721991701245,1250,1.7260589599609375,0.25,NO,,,
5.186721991701245,1250,1.7260589599609375,0.25,NO,,,
5.186721991701245,1250,1.7260589599609375,0.25,NO,,,
5.186721991701245,1250,1.7260589599609375,0.25,NO,,,
5.186721991701245,1250,1.7260589599609375,0.25,NO,,,
5.228215767634855,1260,1.974700927734375,0.1875,NO,,,
5.228215767634855,1260,1.974700927734375,0.1875,NO,,,
5.228215767634855,1260,1.974700927734375,0.1875,NO,,,
5.228215767634855,1260,1.974700927734375,0.1875,NO,,,
5.228215767634855,1260,1.974700927734375,0.1875,NO,,,
5.228215767634855,1260,1.974700927734375,0.1875,NO,,,
5.228215767634855,1260,1.974700927734375,0.1875,NO,,,
5.228215767634855,1260,1.974700927734375,0.1875,NO,,,
5.228215767634855,1260,1.974700927734375,0.1875,NO,,,
5.228215767634855,1260,1.974700927734375,0.1875,NO,,,
5.269709543568465,1270,1.7750244140625,0.1875,NO,,,
5.269709543568465,1270,1.7750244140625,0.1875,NO,,,
5.269709543568465,1270,1.7750244140625,0.1875,NO,,,
5.269709543568465,1270,1.7750244140625,0.1875,NO,,,
5.269709543568465,1270,1.7750244140625,0.1875,NO,,,
5.269709543568465,1270,1.7750244140625,0.1875,NO,,,
5.269709543568465,1270,1.7750244140625,0.1875,NO,,,
5.269709543568465,1270,1.7750244140625,0.1875,NO,,,
5.269709543568465,1270,1.7750244140625,0.1875,NO,,,
5.269709543568465,1270,1.7750244140625,0.1875,NO,,,
5.3112033195020745,1280,1.969696044921875,0.15625,NO,,,
5.3112033195020745,1280,1.969696044921875,0.15625,NO,,,
5.3112033195020745,1280,1.969696044921875,0.15625,NO,,,
5.3112033195020745,1280,1.969696044921875,0.15625,NO,,,
5.3112033195020745,1280,1.969696044921875,0.15625,NO,,,
5.3112033195020745,1280,1.969696044921875,0.15625,NO,,,
5.3112033195020745,1280,1.969696044921875,0.15625,NO,,,
5.3112033195020745,1280,1.969696044921875,0.15625,NO,,,
5.3112033195020745,1280,1.969696044921875,0.15625,NO,,,
5.3112033195020745,1280,1.969696044921875,0.15625,NO,,,
5.352697095435684,1290,1.8657684326171875,0.3125,NO,,,
5.352697095435684,1290,1.8657684326171875,0.3125,NO,,,
5.352697095435684,1290,1.8657684326171875,0.3125,NO,,,
5.352697095435684,1290,1.8657684326171875,0.3125,NO,,,
5.352697095435684,1290,1.8657684326171875,0.3125,NO,,,
5.352697095435684,1290,1.8657684326171875,0.3125,NO,,,
5.352697095435684,1290,1.8657684326171875,0.3125,NO,,,
5.352697095435684,1290,1.8657684326171875,0.3125,NO,,,
5.352697095435684,1290,1.8657684326171875,0.3125,NO,,,
5.352697095435684,1290,1.8657684326171875,0.3125,NO,,,
5.394190871369295,1300,1.825164794921875,0.15625,NO,,,
5.394190871369295,1300,1.825164794921875,0.15625,NO,,,
5.394190871369295,1300,1.825164794921875,0.15625,NO,,,
5.394190871369295,1300,1.825164794921875,0.15625,NO,,,
5.394190871369295,1300,1.825164794921875,0.15625,NO,,,
5.394190871369295,1300,1.825164794921875,0.15625,NO,,,
5.394190871369295,1300,1.825164794921875,0.15625,NO,,,
5.394190871369295,1300,1.825164794921875,0.15625,NO,,,
5.394190871369295,1300,1.825164794921875,0.15625,NO,,,
5.394190871369295,1300,1.825164794921875,0.15625,NO,,,
5.435684647302905,1310,1.5955657958984375,0.21875,NO,,,
5.435684647302905,1310,1.5955657958984375,0.21875,NO,,,
5.435684647302905,1310,1.5955657958984375,0.21875,NO,,,
5.435684647302905,1310,1.5955657958984375,0.21875,NO,,,
5.435684647302905,1310,1.5955657958984375,0.21875,NO,,,
5.435684647302905,1310,1.5955657958984375,0.21875,NO,,,
5.435684647302905,1310,1.5955657958984375,0.21875,NO,,,
5.435684647302905,1310,1.5955657958984375,0.21875,NO,,,
5.435684647302905,1310,1.5955657958984375,0.21875,NO,,,
5.435684647302905,1310,1.5955657958984375,0.21875,NO,,,
5.477178423236515,1320,1.874420166015625,0.09375,NO,,,
5.477178423236515,1320,1.874420166015625,0.09375,NO,,,
5.477178423236515,1320,1.874420166015625,0.09375,NO,,,
5.477178423236515,1320,1.874420166015625,0.09375,NO,,,
5.477178423236515,1320,1.874420166015625,0.09375,NO,,,
5.477178423236515,1320,1.874420166015625,0.09375,NO,,,
5.477178423236515,1320,1.874420166015625,0.09375,NO,,,
5.477178423236515,1320,1.874420166015625,0.09375,NO,,,
5.477178423236515,1320,1.874420166015625,0.09375,NO,,,
5.477178423236515,1320,1.874420166015625,0.09375,NO,,,
5.518672199170124,1330,1.932586669921875,0.1875,NO,,,
5.518672199170124,1330,1.932586669921875,0.1875,NO,,,
5.518672199170124,1330,1.932586669921875,0.1875,NO,,,
5.518672199170124,1330,1.932586669921875,0.1875,NO,,,
5.518672199170124,1330,1.932586669921875,0.1875,NO,,,
5.518672199170124,1330,1.932586669921875,0.1875,NO,,,
5.518672199170124,1330,1.932586669921875,0.1875,NO,,,
5.518672199170124,1330,1.932586669921875,0.1875,NO,,,
5.518672199170124,1330,1.932586669921875,0.1875,NO,,,
5.518672199170124,1330,1.932586669921875,0.1875,NO,,,
5.560165975103734,1340,1.9221954345703125,0.125,NO,,,
5.560165975103734,1340,1.9221954345703125,0.125,NO,,,
5.560165975103734,1340,1.9221954345703125,0.125,NO,,,
5.560165975103734,1340,1.9221954345703125,0.125,NO,,,
5.560165975103734,1340,1.9221954345703125,0.125,NO,,,
5.560165975103734,1340,1.9221954345703125,0.125,NO,,,
5.560165975103734,1340,1.9221954345703125,0.125,NO,,,
5.560165975103734,1340,1.9221954345703125,0.125,NO,,,
5.560165975103734,1340,1.9221954345703125,0.125,NO,,,
5.560165975103734,1340,1.9221954345703125,0.125,NO,,,
5.601659751037344,1350,1.9249725341796875,0.0625,NO,,,
5.601659751037344,1350,1.9249725341796875,0.0625,NO,,,
5.601659751037344,1350,1.9249725341796875,0.0625,NO,,,
5.601659751037344,1350,1.9249725341796875,0.0625,NO,,,
5.601659751037344,1350,1.9249725341796875,0.0625,NO,,,
5.601659751037344,1350,1.9249725341796875,0.0625,NO,,,
5.601659751037344,1350,1.9249725341796875,0.0625,NO,,,
5.601659751037344,1350,1.9249725341796875,0.0625,NO,,,
5.601659751037344,1350,1.9249725341796875,0.0625,NO,,,
5.601659751037344,1350,1.9249725341796875,0.0625,NO,,,
5.643153526970955,1360,1.7397613525390625,0.09375,NO,,,
5.643153526970955,1360,1.7397613525390625,0.09375,NO,,,
5.643153526970955,1360,1.7397613525390625,0.09375,NO,,,
5.643153526970955,1360,1.7397613525390625,0.09375,NO,,,
5.643153526970955,1360,1.7397613525390625,0.09375,NO,,,
5.643153526970955,1360,1.7397613525390625,0.09375,NO,,,
5.643153526970955,1360,1.7397613525390625,0.09375,NO,,,
5.643153526970955,1360,1.7397613525390625,0.09375,NO,,,
5.643153526970955,1360,1.7397613525390625,0.09375,NO,,,
5.643153526970955,1360,1.7397613525390625,0.09375,NO,,,
5.6846473029045645,1370,1.738861083984375,0.21875,NO,,,
5.6846473029045645,1370,1.738861083984375,0.21875,NO,,,
5.6846473029045645,1370,1.738861083984375,0.21875,NO,,,
5.6846473029045645,1370,1.738861083984375,0.21875,NO,,,
5.6846473029045645,1370,1.738861083984375,0.21875,NO,,,
5.6846473029045645,1370,1.738861083984375,0.21875,NO,,,
5.6846473029045645,1370,1.738861083984375,0.21875,NO,,,
5.6846473029045645,1370,1.738861083984375,0.21875,NO,,,
5.6846473029045645,1370,1.738861083984375,0.21875,NO,,,
5.6846473029045645,1370,1.738861083984375,0.21875,NO,,,
5.726141078838174,1380,1.892364501953125,0.1875,NO,,,
5.726141078838174,1380,1.892364501953125,0.1875,NO,,,
5.726141078838174,1380,1.892364501953125,0.1875,NO,,,
5.726141078838174,1380,1.892364501953125,0.1875,NO,,,
5.726141078838174,1380,1.892364501953125,0.1875,NO,,,
5.726141078838174,1380,1.892364501953125,0.1875,NO,,,
5.726141078838174,1380,1.892364501953125,0.1875,NO,,,
5.726141078838174,1380,1.892364501953125,0.1875,NO,,,
5.726141078838174,1380,1.892364501953125,0.1875,NO,,,
5.726141078838174,1380,1.892364501953125,0.1875,NO,,,
5.767634854771784,1390,1.7537078857421875,0.125,NO,,,
5.767634854771784,1390,1.7537078857421875,0.125,NO,,,
5.767634854771784,1390,1.7537078857421875,0.125,NO,,,
5.767634854771784,1390,1.7537078857421875,0.125,NO,,,
5.767634854771784,1390,1.7537078857421875,0.125,NO,,,
5.767634854771784,1390,1.7537078857421875,0.125,NO,,,
5.767634854771784,1390,1.7537078857421875,0.125,NO,,,
5.767634854771784,1390,1.7537078857421875,0.125,NO,,,
5.767634854771784,1390,1.7537078857421875,0.125,NO,,,
5.767634854771784,1390,1.7537078857421875,0.125,NO,,,
5.809128630705394,1400,1.89874267578125,0.125,NO,,,
5.809128630705394,1400,1.89874267578125,0.125,NO,,,
5.809128630705394,1400,1.89874267578125,0.125,NO,,,
5.809128630705394,1400,1.89874267578125,0.125,NO,,,
5.809128630705394,1400,1.89874267578125,0.125,NO,,,
5.809128630705394,1400,1.89874267578125,0.125,NO,,,
5.809128630705394,1400,1.89874267578125,0.125,NO,,,
5.809128630705394,1400,1.89874267578125,0.125,NO,,,
5.809128630705394,1400,1.89874267578125,0.125,NO,,,
5.809128630705394,1400,1.89874267578125,0.125,NO,,,
5.850622406639004,1410,2.0161666870117188,0.09375,NO,,,
5.850622406639004,1410,2.0161666870117188,0.09375,NO,,,
5.850622406639004,1410,2.0161666870117188,0.09375,NO,,,
5.850622406639004,1410,2.0161666870117188,0.09375,NO,,,
5.850622406639004,1410,2.0161666870117188,0.09375,NO,,,
5.850622406639004,1410,2.0161666870117188,0.09375,NO,,,
5.850622406639004,1410,2.0161666870117188,0.09375,NO,,,
5.850622406639004,1410,2.0161666870117188,0.09375,NO,,,
5.850622406639004,1410,2.0161666870117188,0.09375,NO,,,
5.850622406639004,1410,2.0161666870117188,0.09375,NO,,,
5.8921161825726145,1420,2.3424835205078125,0.125,NO,,,
5.8921161825726145,1420,2.3424835205078125,0.125,NO,,,
5.8921161825726145,1420,2.3424835205078125,0.125,NO,,,
5.8921161825726145,1420,2.3424835205078125,0.125,NO,,,
5.8921161825726145,1420,2.3424835205078125,0.125,NO,,,
5.8921161825726145,1420,2.3424835205078125,0.125,NO,,,
5.8921161825726145,1420,2.3424835205078125,0.125,NO,,,
5.8921161825726145,1420,2.3424835205078125,0.125,NO,,,
5.8921161825726145,1420,2.3424835205078125,0.125,NO,,,
5.8921161825726145,1420,2.3424835205078125,0.125,NO,,,
5.933609958506224,1430,2.1203079223632812,0.21875,NO,,,
5.933609958506224,1430,2.1203079223632812,0.21875,NO,,,
5.933609958506224,1430,2.1203079223632812,0.21875,NO,,,
5.933609958506224,1430,2.1203079223632812,0.21875,NO,,,
5.933609958506224,1430,2.1203079223632812,0.21875,NO,,,
5.933609958506224,1430,2.1203079223632812,0.21875,NO,,,
5.933609958506224,1430,2.1203079223632812,0.21875,NO,,,
5.933609958506224,1430,2.1203079223632812,0.21875,NO,,,
5.933609958506224,1430,2.1203079223632812,0.21875,NO,,,
5.933609958506224,1430,2.1203079223632812,0.21875,NO,,,
5.975103734439834,1440,2.059600830078125,0.21875,NO,,,
5.975103734439834,1440,2.059600830078125,0.21875,NO,,,
5.975103734439834,1440,2.059600830078125,0.21875,NO,,,
5.975103734439834,1440,2.059600830078125,0.21875,NO,,,
5.975103734439834,1440,2.059600830078125,0.21875,NO,,,
5.975103734439834,1440,2.059600830078125,0.21875,NO,,,
5.975103734439834,1440,2.059600830078125,0.21875,NO,,,
5.975103734439834,1440,2.059600830078125,0.21875,NO,,,
5.975103734439834,1440,2.059600830078125,0.21875,NO,,,
5.975103734439834,1440,2.059600830078125,0.21875,NO,,,
6.016597510373444,1450,2.1896209716796875,0.03125,NO,,,
6.016597510373444,1450,2.1896209716796875,0.03125,NO,,,
6.016597510373444,1450,2.1896209716796875,0.03125,NO,,,
6.016597510373444,1450,2.1896209716796875,0.03125,NO,,,
6.016597510373444,1450,2.1896209716796875,0.03125,NO,,,
6.016597510373444,1450,2.1896209716796875,0.03125,NO,,,
6.016597510373444,1450,2.1896209716796875,0.03125,NO,,,
6.016597510373444,1450,2.1896209716796875,0.03125,NO,,,
6.016597510373444,1450,2.1896209716796875,0.03125,NO,,,
6.016597510373444,1450,2.1896209716796875,0.03125,NO,,,
6.058091286307054,1460,2.4587249755859375,0.15625,NO,,,
6.058091286307054,1460,2.4587249755859375,0.15625,NO,,,
6.058091286307054,1460,2.4587249755859375,0.15625,NO,,,
6.058091286307054,1460,2.4587249755859375,0.15625,NO,,,
6.058091286307054,1460,2.4587249755859375,0.15625,NO,,,
6.058091286307054,1460,2.4587249755859375,0.15625,NO,,,
6.058091286307054,1460,2.4587249755859375,0.15625,NO,,,
6.058091286307054,1460,2.4587249755859375,0.15625,NO,,,
6.058091286307054,1460,2.4587249755859375,0.15625,NO,,,
6.058091286307054,1460,2.4587249755859375,0.15625,NO,,,
6.0995850622406635,1470,2.1782913208007812,0.125,NO,,,
6.0995850622406635,1470,2.1782913208007812,0.125,NO,,,
6.0995850622406635,1470,2.1782913208007812,0.125,NO,,,
6.0995850622406635,1470,2.1782913208007812,0.125,NO,,,
6.0995850622406635,1470,2.1782913208007812,0.125,NO,,,
6.0995850622406635,1470,2.1782913208007812,0.125,NO,,,
6.0995850622406635,1470,2.1782913208007812,0.125,NO,,,
6.0995850622406635,1470,2.1782913208007812,0.125,NO,,,
6.0995850622406635,1470,2.1782913208007812,0.125,NO,,,
6.0995850622406635,1470,2.1782913208007812,0.125,NO,,,
6.141078838174274,1480,2.09375,0.1875,NO,,,
6.141078838174274,1480,2.09375,0.1875,NO,,,
6.141078838174274,1480,2.09375,0.1875,NO,,,
6.141078838174274,1480,2.09375,0.1875,NO,,,
6.141078838174274,1480,2.09375,0.1875,NO,,,
6.141078838174274,1480,2.09375,0.1875,NO,,,
6.141078838174274,1480,2.09375,0.1875,NO,,,
6.141078838174274,1480,2.09375,0.1875,NO,,,
6.141078838174274,1480,2.09375,0.1875,NO,,,
6.141078838174274,1480,2.09375,0.1875,NO,,,
6.182572614107884,1490,2.357086181640625,0.09375,NO,,,
6.182572614107884,1490,2.357086181640625,0.09375,NO,,,
6.182572614107884,1490,2.357086181640625,0.09375,NO,,,
6.182572614107884,1490,2.357086181640625,0.09375,NO,,,
6.182572614107884,1490,2.357086181640625,0.09375,NO,,,
6.182572614107884,1490,2.357086181640625,0.09375,NO,,,
6.182572614107884,1490,2.357086181640625,0.09375,NO,,,
6.182572614107884,1490,2.357086181640625,0.09375,NO,,,
6.182572614107884,1490,2.357086181640625,0.09375,NO,,,
6.182572614107884,1490,2.357086181640625,0.09375,NO,,,
6.224066390041494,1500,1.9376029968261719,0.28125,NO,,,
6.224066390041494,1500,1.9376029968261719,0.28125,NO,,,
6.224066390041494,1500,1.9376029968261719,0.28125,NO,,,
6.224066390041494,1500,1.9376029968261719,0.28125,NO,,,
6.224066390041494,1500,1.9376029968261719,0.28125,NO,,,
6.224066390041494,1500,1.9376029968261719,0.28125,NO,,,
6.224066390041494,1500,1.9376029968261719,0.28125,NO,,,
6.224066390041494,1500,1.9376029968261719,0.28125,NO,,,
6.224066390041494,1500,1.9376029968261719,0.28125,NO,,,
6.224066390041494,1500,1.9376029968261719,0.28125,NO,,,
6.265560165975104,1510,2.3386077880859375,0.21875,NO,,,
6.265560165975104,1510,2.3386077880859375,0.21875,NO,,,
6.265560165975104,1510,2.3386077880859375,0.21875,NO,,,
6.265560165975104,1510,2.3386077880859375,0.21875,NO,,,
6.265560165975104,1510,2.3386077880859375,0.21875,NO,,,
6.265560165975104,1510,2.3386077880859375,0.21875,NO,,,
6.265560165975104,1510,2.3386077880859375,0.21875,NO,,,
6.265560165975104,1510,2.3386077880859375,0.21875,NO,,,
6.265560165975104,1510,2.3386077880859375,0.21875,NO,,,
6.265560165975104,1510,2.3386077880859375,0.21875,NO,,,
6.3070539419087135,1520,2.0283126831054688,0.125,NO,,,
6.3070539419087135,1520,2.0283126831054688,0.125,NO,,,
6.3070539419087135,1520,2.0283126831054688,0.125,NO,,,
6.3070539419087135,1520,2.0283126831054688,0.125,NO,,,
6.3070539419087135,1520,2.0283126831054688,0.125,NO,,,
6.3070539419087135,1520,2.0283126831054688,0.125,NO,,,
6.3070539419087135,1520,2.0283126831054688,0.125,NO,,,
6.3070539419087135,1520,2.0283126831054688,0.125,NO,,,
6.3070539419087135,1520,2.0283126831054688,0.125,NO,,,
6.3070539419087135,1520,2.0283126831054688,0.125,NO,,,
6.348547717842323,1530,2.101797103881836,0.21875,NO,,,
6.348547717842323,1530,2.101797103881836,0.21875,NO,,,
6.348547717842323,1530,2.101797103881836,0.21875,NO,,,
6.348547717842323,1530,2.101797103881836,0.21875,NO,,,
6.348547717842323,1530,2.101797103881836,0.21875,NO,,,
6.348547717842323,1530,2.101797103881836,0.21875,NO,,,
6.348547717842323,1530,2.101797103881836,0.21875,NO,,,
6.348547717842323,1530,2.101797103881836,0.21875,NO,,,
6.348547717842323,1530,2.101797103881836,0.21875,NO,,,
6.348547717842323,1530,2.101797103881836,0.21875,NO,,,
6.390041493775934,1540,2.4693832397460938,0.15625,NO,,,
6.390041493775934,1540,2.4693832397460938,0.15625,NO,,,
6.390041493775934,1540,2.4693832397460938,0.15625,NO,,,
6.390041493775934,1540,2.4693832397460938,0.15625,NO,,,
6.390041493775934,1540,2.4693832397460938,0.15625,NO,,,
6.390041493775934,1540,2.4693832397460938,0.15625,NO,,,
6.390041493775934,1540,2.4693832397460938,0.15625,NO,,,
6.390041493775934,1540,2.4693832397460938,0.15625,NO,,,
6.390041493775934,1540,2.4693832397460938,0.15625,NO,,,
6.390041493775934,1540,2.4693832397460938,0.15625,NO,,,
6.431535269709544,1550,2.43560791015625,0.125,NO,,,
6.431535269709544,1550,2.43560791015625,0.125,NO,,,
6.431535269709544,1550,2.43560791015625,0.125,NO,,,
6.431535269709544,1550,2.43560791015625,0.125,NO,,,
6.431535269709544,1550,2.43560791015625,0.125,NO,,,
6.431535269709544,1550,2.43560791015625,0.125,NO,,,
6.431535269709544,1550,2.43560791015625,0.125,NO,,,
6.431535269709544,1550,2.43560791015625,0.125,NO,,,
6.431535269709544,1550,2.43560791015625,0.125,NO,,,
6.431535269709544,1550,2.43560791015625,0.125,NO,,,
6.473029045643154,1560,2.6852493286132812,0.09375,NO,,,
6.473029045643154,1560,2.6852493286132812,0.09375,NO,,,
6.473029045643154,1560,2.6852493286132812,0.09375,NO,,,
6.473029045643154,1560,2.6852493286132812,0.09375,NO,,,
6.473029045643154,1560,2.6852493286132812,0.09375,NO,,,
6.473029045643154,1560,2.6852493286132812,0.09375,NO,,,
6.473029045643154,1560,2.6852493286132812,0.09375,NO,,,
6.473029045643154,1560,2.6852493286132812,0.09375,NO,,,
6.473029045643154,1560,2.6852493286132812,0.09375,NO,,,
6.473029045643154,1560,2.6852493286132812,0.09375,NO,,,
6.514522821576763,1570,2.7279891967773438,0.15625,NO,,,
6.514522821576763,1570,2.7279891967773438,0.15625,NO,,,
6.514522821576763,1570,2.7279891967773438,0.15625,NO,,,
6.514522821576763,1570,2.7279891967773438,0.15625,NO,,,
6.514522821576763,1570,2.7279891967773438,0.15625,NO,,,
6.514522821576763,1570,2.7279891967773438,0.15625,NO,,,
6.514522821576763,1570,2.7279891967773438,0.15625,NO,,,
6.514522821576763,1570,2.7279891967773438,0.15625,NO,,,
6.514522821576763,1570,2.7279891967773438,0.15625,NO,,,
6.514522821576763,1570,2.7279891967773438,0.15625,NO,,,
6.556016597510373,1580,2.4396820068359375,0.15625,NO,,,
6.556016597510373,1580,2.4396820068359375,0.15625,NO,,,
6.556016597510373,1580,2.4396820068359375,0.15625,NO,,,
6.556016597510373,1580,2.4396820068359375,0.15625,NO,,,
6.556016597510373,1580,2.4396820068359375,0.15625,NO,,,
6.556016597510373,1580,2.4396820068359375,0.15625,NO,,,
6.556016597510373,1580,2.4396820068359375,0.15625,NO,,,
6.556016597510373,1580,2.4396820068359375,0.15625,NO,,,
6.556016597510373,1580,2.4396820068359375,0.15625,NO,,,
6.556016597510373,1580,2.4396820068359375,0.15625,NO,,,
6.597510373443983,1590,2.2683448791503906,0.09375,NO,,,
6.597510373443983,1590,2.2683448791503906,0.09375,NO,,,
6.597510373443983,1590,2.2683448791503906,0.09375,NO,,,
6.597510373443983,1590,2.2683448791503906,0.09375,NO,,,
6.597510373443983,1590,2.2683448791503906,0.09375,NO,,,
6.597510373443983,1590,2.2683448791503906,0.09375,NO,,,
6.597510373443983,1590,2.2683448791503906,0.09375,NO,,,
6.597510373443983,1590,2.2683448791503906,0.09375,NO,,,
6.597510373443983,1590,2.2683448791503906,0.09375,NO,,,
6.597510373443983,1590,2.2683448791503906,0.09375,NO,,,
6.639004149377593,1600,2.2525253295898438,0.15625,NO,,,
6.639004149377593,1600,2.2525253295898438,0.15625,NO,,,
6.639004149377593,1600,2.2525253295898438,0.15625,NO,,,
6.639004149377593,1600,2.2525253295898438,0.15625,NO,,,
6.639004149377593,1600,2.2525253295898438,0.15625,NO,,,
6.639004149377593,1600,2.2525253295898438,0.15625,NO,,,
6.639004149377593,1600,2.2525253295898438,0.15625,NO,,,
6.639004149377593,1600,2.2525253295898438,0.15625,NO,,,
6.639004149377593,1600,2.2525253295898438,0.15625,NO,,,
6.639004149377593,1600,2.2525253295898438,0.15625,NO,,,
6.680497925311204,1610,2.3506851196289062,0.09375,NO,,,
6.680497925311204,1610,2.3506851196289062,0.09375,NO,,,
6.680497925311204,1610,2.3506851196289062,0.09375,NO,,,
6.680497925311204,1610,2.3506851196289062,0.09375,NO,,,
6.680497925311204,1610,2.3506851196289062,0.09375,NO,,,
6.680497925311204,1610,2.3506851196289062,0.09375,NO,,,
6.680497925311204,1610,2.3506851196289062,0.09375,NO,,,
6.680497925311204,1610,2.3506851196289062,0.09375,NO,,,
6.680497925311204,1610,2.3506851196289062,0.09375,NO,,,
6.680497925311204,1610,2.3506851196289062,0.09375,NO,,,
6.721991701244813,1620,2.3449325561523438,0.15625,NO,,,
6.721991701244813,1620,2.3449325561523438,0.15625,NO,,,
6.721991701244813,1620,2.3449325561523438,0.15625,NO,,,
6.721991701244813,1620,2.3449325561523438,0.15625,NO,,,
6.721991701244813,1620,2.3449325561523438,0.15625,NO,,,
6.721991701244813,1620,2.3449325561523438,0.15625,NO,,,
6.721991701244813,1620,2.3449325561523438,0.15625,NO,,,
6.721991701244813,1620,2.3449325561523438,0.15625,NO,,,
6.721991701244813,1620,2.3449325561523438,0.15625,NO,,,
6.721991701244813,1620,2.3449325561523438,0.15625,NO,,,
6.763485477178423,1630,2.3772964477539062,0.15625,NO,,,
6.763485477178423,1630,2.3772964477539062,0.15625,NO,,,
6.763485477178423,1630,2.3772964477539062,0.15625,NO,,,
6.763485477178423,1630,2.3772964477539062,0.15625,NO,,,
6.763485477178423,1630,2.3772964477539062,0.15625,NO,,,
6.763485477178423,1630,2.3772964477539062,0.15625,NO,,,
6.763485477178423,1630,2.3772964477539062,0.15625,NO,,,
6.763485477178423,1630,2.3772964477539062,0.15625,NO,,,
6.763485477178423,1630,2.3772964477539062,0.15625,NO,,,
6.763485477178423,1630,2.3772964477539062,0.15625,NO,,,
6.804979253112033,1640,2.997051239013672,0.09375,NO,,,
6.804979253112033,1640,2.997051239013672,0.09375,NO,,,
6.804979253112033,1640,2.997051239013672,0.09375,NO,,,
6.804979253112033,1640,2.997051239013672,0.09375,NO,,,
6.804979253112033,1640,2.997051239013672,0.09375,NO,,,
6.804979253112033,1640,2.997051239013672,0.09375,NO,,,
6.804979253112033,1640,2.997051239013672,0.09375,NO,,,
6.804979253112033,1640,2.997051239013672,0.09375,NO,,,
6.804979253112033,1640,2.997051239013672,0.09375,NO,,,
6.804979253112033,1640,2.997051239013672,0.09375,NO,,,
6.846473029045643,1650,2.6791744232177734,0.1875,NO,,,
6.846473029045643,1650,2.6791744232177734,0.1875,NO,,,
6.846473029045643,1650,2.6791744232177734,0.1875,NO,,,
6.846473029045643,1650,2.6791744232177734,0.1875,NO,,,
6.846473029045643,1650,2.6791744232177734,0.1875,NO,,,
6.846473029045643,1650,2.6791744232177734,0.1875,NO,,,
6.846473029045643,1650,2.6791744232177734,0.1875,NO,,,
6.846473029045643,1650,2.6791744232177734,0.1875,NO,,,
6.846473029045643,1650,2.6791744232177734,0.1875,NO,,,
6.846473029045643,1650,2.6791744232177734,0.1875,NO,,,
6.8879668049792535,1660,2.8799209594726562,0.0625,NO,,,
6.8879668049792535,1660,2.8799209594726562,0.0625,NO,,,
6.8879668049792535,1660,2.8799209594726562,0.0625,NO,,,
6.8879668049792535,1660,2.8799209594726562,0.0625,NO,,,
6.8879668049792535,1660,2.8799209594726562,0.0625,NO,,,
6.8879668049792535,1660,2.8799209594726562,0.0625,NO,,,
6.8879668049792535,1660,2.8799209594726562,0.0625,NO,,,
6.8879668049792535,1660,2.8799209594726562,0.0625,NO,,,
6.8879668049792535,1660,2.8799209594726562,0.0625,NO,,,
6.8879668049792535,1660,2.8799209594726562,0.0625,NO,,,
6.929460580912863,1670,2.5246849060058594,0.21875,NO,,,
6.929460580912863,1670,2.5246849060058594,0.21875,NO,,,
6.929460580912863,1670,2.5246849060058594,0.21875,NO,,,
6.929460580912863,1670,2.5246849060058594,0.21875,NO,,,
6.929460580912863,1670,2.5246849060058594,0.21875,NO,,,
6.929460580912863,1670,2.5246849060058594,0.21875,NO,,,
6.929460580912863,1670,2.5246849060058594,0.21875,NO,,,
6.929460580912863,1670,2.5246849060058594,0.21875,NO,,,
6.929460580912863,1670,2.5246849060058594,0.21875,NO,,,
6.929460580912863,1670,2.5246849060058594,0.21875,NO,,,
6.970954356846473,1680,2.704662322998047,0.09375,NO,,,
6.970954356846473,1680,2.704662322998047,0.09375,NO,,,
6.970954356846473,1680,2.704662322998047,0.09375,NO,,,
6.970954356846473,1680,2.704662322998047,0.09375,NO,,,
6.970954356846473,1680,2.704662322998047,0.09375,NO,,,
6.970954356846473,1680,2.704662322998047,0.09375,NO,,,
6.970954356846473,1680,2.704662322998047,0.09375,NO,,,
6.970954356846473,1680,2.704662322998047,0.09375,NO,,,
6.970954356846473,1680,2.704662322998047,0.09375,NO,,,
6.970954356846473,1680,2.704662322998047,0.09375,NO,,,
7.012448132780083,1690,2.7291412353515625,0.09375,NO,,,
7.012448132780083,1690,2.7291412353515625,0.09375,NO,,,
7.012448132780083,1690,2.7291412353515625,0.09375,NO,,,
7.012448132780083,1690,2.7291412353515625,0.09375,NO,,,
7.012448132780083,1690,2.7291412353515625,0.09375,NO,,,
7.012448132780083,1690,2.7291412353515625,0.09375,NO,,,
7.012448132780083,1690,2.7291412353515625,0.09375,NO,,,
7.012448132780083,1690,2.7291412353515625,0.09375,NO,,,
7.012448132780083,1690,2.7291412353515625,0.09375,NO,,,
7.012448132780083,1690,2.7291412353515625,0.09375,NO,,,
7.053941908713693,1700,2.153820037841797,0.28125,NO,,,
7.053941908713693,1700,2.153820037841797,0.28125,NO,,,
7.053941908713693,1700,2.153820037841797,0.28125,NO,,,
7.053941908713693,1700,2.153820037841797,0.28125,NO,,,
7.053941908713693,1700,2.153820037841797,0.28125,NO,,,
7.053941908713693,1700,2.153820037841797,0.28125,NO,,,
7.053941908713693,1700,2.153820037841797,0.28125,NO,,,
7.053941908713693,1700,2.153820037841797,0.28125,NO,,,
7.053941908713693,1700,2.153820037841797,0.28125,NO,,,
7.053941908713693,1700,2.153820037841797,0.28125,NO,,,
7.095435684647303,1710,2.4893035888671875,0.15625,NO,,,
7.095435684647303,1710,2.4893035888671875,0.15625,NO,,,
7.095435684647303,1710,2.4893035888671875,0.15625,NO,,,
7.095435684647303,1710,2.4893035888671875,0.15625,NO,,,
7.095435684647303,1710,2.4893035888671875,0.15625,NO,,,
7.095435684647303,1710,2.4893035888671875,0.15625,NO,,,
7.095435684647303,1710,2.4893035888671875,0.15625,NO,,,
7.095435684647303,1710,2.4893035888671875,0.15625,NO,,,
7.095435684647303,1710,2.4893035888671875,0.15625,NO,,,
7.095435684647303,1710,2.4893035888671875,0.15625,NO,,,
7.136929460580913,1720,2.4072723388671875,0.125,NO,,,
7.136929460580913,1720,2.4072723388671875,0.125,NO,,,
7.136929460580913,1720,2.4072723388671875,0.125,NO,,,
7.136929460580913,1720,2.4072723388671875,0.125,NO,,,
7.136929460580913,1720,2.4072723388671875,0.125,NO,,,
7.136929460580913,1720,2.4072723388671875,0.125,NO,,,
7.136929460580913,1720,2.4072723388671875,0.125,NO,,,
7.136929460580913,1720,2.4072723388671875,0.125,NO,,,
7.136929460580913,1720,2.4072723388671875,0.125,NO,,,
7.136929460580913,1720,2.4072723388671875,0.125,NO,,,
7.178423236514523,1730,2.1372947692871094,0.1875,NO,,,
7.178423236514523,1730,2.1372947692871094,0.1875,NO,,,
7.178423236514523,1730,2.1372947692871094,0.1875,NO,,,
7.178423236514523,1730,2.1372947692871094,0.1875,NO,,,
7.178423236514523,1730,2.1372947692871094,0.1875,NO,,,
7.178423236514523,1730,2.1372947692871094,0.1875,NO,,,
7.178423236514523,1730,2.1372947692871094,0.1875,NO,,,
7.178423236514523,1730,2.1372947692871094,0.1875,NO,,,
7.178423236514523,1730,2.1372947692871094,0.1875,NO,,,
7.178423236514523,1730,2.1372947692871094,0.1875,NO,,,
7.219917012448133,1740,3.1915626525878906,0.09375,NO,,,
7.219917012448133,1740,3.1915626525878906,0.09375,NO,,,
7.219917012448133,1740,3.1915626525878906,0.09375,NO,,,
7.219917012448133,1740,3.1915626525878906,0.09375,NO,,,
7.219917012448133,1740,3.1915626525878906,0.09375,NO,,,
7.219917012448133,1740,3.1915626525878906,0.09375,NO,,,
7.219917012448133,1740,3.1915626525878906,0.09375,NO,,,
7.219917012448133,1740,3.1915626525878906,0.09375,NO,,,
7.219917012448133,1740,3.1915626525878906,0.09375,NO,,,
7.219917012448133,1740,3.1915626525878906,0.09375,NO,,,
7.261410788381743,1750,2.4533843994140625,0.09375,NO,,,
7.261410788381743,1750,2.4533843994140625,0.09375,NO,,,
7.261410788381743,1750,2.4533843994140625,0.09375,NO,,,
7.261410788381743,1750,2.4533843994140625,0.09375,NO,,,
7.261410788381743,1750,2.4533843994140625,0.09375,NO,,,
7.261410788381743,1750,2.4533843994140625,0.09375,NO,,,
7.261410788381743,1750,2.4533843994140625,0.09375,NO,,,
7.261410788381743,1750,2.4533843994140625,0.09375,NO,,,
7.261410788381743,1750,2.4533843994140625,0.09375,NO,,,
7.261410788381743,1750,2.4533843994140625,0.09375,NO,,,
7.3029045643153525,1760,2.72857666015625,0.15625,NO,,,
7.3029045643153525,1760,2.72857666015625,0.15625,NO,,,
7.3029045643153525,1760,2.72857666015625,0.15625,NO,,,
7.3029045643153525,1760,2.72857666015625,0.15625,NO,,,
7.3029045643153525,1760,2.72857666015625,0.15625,NO,,,
7.3029045643153525,1760,2.72857666015625,0.15625,NO,,,
7.3029045643153525,1760,2.72857666015625,0.15625,NO,,,
7.3029045643153525,1760,2.72857666015625,0.15625,NO,,,
7.3029045643153525,1760,2.72857666015625,0.15625,NO,,,
7.3029045643153525,1760,2.72857666015625,0.15625,NO,,,
7.344398340248962,1770,2.426544189453125,0.09375,NO,,,
7.344398340248962,1770,2.426544189453125,0.09375,NO,,,
7.344398340248962,1770,2.426544189453125,0.09375,NO,,,
7.344398340248962,1770,2.426544189453125,0.09375,NO,,,
7.344398340248962,1770,2.426544189453125,0.09375,NO,,,
7.344398340248962,1770,2.426544189453125,0.09375,NO,,,
7.344398340248962,1770,2.426544189453125,0.09375,NO,,,
7.344398340248962,1770,2.426544189453125,0.09375,NO,,,
7.344398340248962,1770,2.426544189453125,0.09375,NO,,,
7.344398340248962,1770,2.426544189453125,0.09375,NO,,,
7.385892116182573,1780,2.5435256958007812,0.125,NO,,,
7.385892116182573,1780,2.5435256958007812,0.125,NO,,,
7.385892116182573,1780,2.5435256958007812,0.125,NO,,,
7.385892116182573,1780,2.5435256958007812,0.125,NO,,,
7.385892116182573,1780,2.5435256958007812,0.125,NO,,,
7.385892116182573,1780,2.5435256958007812,0.125,NO,,,
7.385892116182573,1780,2.5435256958007812,0.125,NO,,,
7.385892116182573,1780,2.5435256958007812,0.125,NO,,,
7.385892116182573,1780,2.5435256958007812,0.125,NO,,,
7.385892116182573,1780,2.5435256958007812,0.125,NO,,,
7.427385892116183,1790,1.9428329467773438,0.1875,NO,,,
7.427385892116183,1790,1.9428329467773438,0.1875,NO,,,
7.427385892116183,1790,1.9428329467773438,0.1875,NO,,,
7.427385892116183,1790,1.9428329467773438,0.1875,NO,,,
7.427385892116183,1790,1.9428329467773438,0.1875,NO,,,
7.427385892116183,1790,1.9428329467773438,0.1875,NO,,,
7.427385892116183,1790,1.9428329467773438,0.1875,NO,,,
7.427385892116183,1790,1.9428329467773438,0.1875,NO,,,
7.427385892116183,1790,1.9428329467773438,0.1875,NO,,,
7.427385892116183,1790,1.9428329467773438,0.1875,NO,,,
7.468879668049793,1800,2.3236236572265625,0.125,NO,,,
7.468879668049793,1800,2.3236236572265625,0.125,NO,,,
7.468879668049793,1800,2.3236236572265625,0.125,NO,,,
7.468879668049793,1800,2.3236236572265625,0.125,NO,,,
7.468879668049793,1800,2.3236236572265625,0.125,NO,,,
7.468879668049793,1800,2.3236236572265625,0.125,NO,,,
7.468879668049793,1800,2.3236236572265625,0.125,NO,,,
7.468879668049793,1800,2.3236236572265625,0.125,NO,,,
7.468879668049793,1800,2.3236236572265625,0.125,NO,,,
7.468879668049793,1800,2.3236236572265625,0.125,NO,,,
7.5103734439834025,1810,2.3813629150390625,0.09375,NO,,,
7.5103734439834025,1810,2.3813629150390625,0.09375,NO,,,
7.5103734439834025,1810,2.3813629150390625,0.09375,NO,,,
7.5103734439834025,1810,2.3813629150390625,0.09375,NO,,,
7.5103734439834025,1810,2.3813629150390625,0.09375,NO,,,
7.5103734439834025,1810,2.3813629150390625,0.09375,NO,,,
7.5103734439834025,1810,2.3813629150390625,0.09375,NO,,,
7.5103734439834025,1810,2.3813629150390625,0.09375,NO,,,
7.5103734439834025,1810,2.3813629150390625,0.09375,NO,,,
7.5103734439834025,1810,2.3813629150390625,0.09375,NO,,,
7.551867219917012,1820,2.3783111572265625,0.125,NO,,,
7.551867219917012,1820,2.3783111572265625,0.125,NO,,,
7.551867219917012,1820,2.3783111572265625,0.125,NO,,,
7.551867219917012,1820,2.3783111572265625,0.125,NO,,,
7.551867219917012,1820,2.3783111572265625,0.125,NO,,,
7.551867219917012,1820,2.3783111572265625,0.125,NO,,,
7.551867219917012,1820,2.3783111572265625,0.125,NO,,,
7.551867219917012,1820,2.3783111572265625,0.125,NO,,,
7.551867219917012,1820,2.3783111572265625,0.125,NO,,,
7.551867219917012,1820,2.3783111572265625,0.125,NO,,,
7.593360995850622,1830,2.27825927734375,0.125,NO,,,
7.593360995850622,1830,2.27825927734375,0.125,NO,,,
7.593360995850622,1830,2.27825927734375,0.125,NO,,,
7.593360995850622,1830,2.27825927734375,0.125,NO,,,
7.593360995850622,1830,2.27825927734375,0.125,NO,,,
7.593360995850622,1830,2.27825927734375,0.125,NO,,,
7.593360995850622,1830,2.27825927734375,0.125,NO,,,
7.593360995850622,1830,2.27825927734375,0.125,NO,,,
7.593360995850622,1830,2.27825927734375,0.125,NO,,,
7.593360995850622,1830,2.27825927734375,0.125,NO,,,
7.634854771784232,1840,3.4094772338867188,0.09375,NO,,,
7.634854771784232,1840,3.4094772338867188,0.09375,NO,,,
7.634854771784232,1840,3.4094772338867188,0.09375,NO,,,
7.634854771784232,1840,3.4094772338867188,0.09375,NO,,,
7.634854771784232,1840,3.4094772338867188,0.09375,NO,,,
7.634854771784232,1840,3.4094772338867188,0.09375,NO,,,
7.634854771784232,1840,3.4094772338867188,0.09375,NO,,,
7.634854771784232,1840,3.4094772338867188,0.09375,NO,,,
7.634854771784232,1840,3.4094772338867188,0.09375,NO,,,
7.634854771784232,1840,3.4094772338867188,0.09375,NO,,,
7.676348547717843,1850,3.0868988037109375,0.0625,NO,,,
7.676348547717843,1850,3.0868988037109375,0.0625,NO,,,
7.676348547717843,1850,3.0868988037109375,0.0625,NO,,,
7.676348547717843,1850,3.0868988037109375,0.0625,NO,,,
7.676348547717843,1850,3.0868988037109375,0.0625,NO,,,
7.676348547717843,1850,3.0868988037109375,0.0625,NO,,,
7.676348547717843,1850,3.0868988037109375,0.0625,NO,,,
7.676348547717843,1850,3.0868988037109375,0.0625,NO,,,
7.676348547717843,1850,3.0868988037109375,0.0625,NO,,,
7.676348547717843,1850,3.0868988037109375,0.0625,NO,,,
7.717842323651452,1860,3.6976547241210938,0.0625,NO,,,
7.717842323651452,1860,3.6976547241210938,0.0625,NO,,,
7.717842323651452,1860,3.6976547241210938,0.0625,NO,,,
7.717842323651452,1860,3.6976547241210938,0.0625,NO,,,
7.717842323651452,1860,3.6976547241210938,0.0625,NO,,,
7.717842323651452,1860,3.6976547241210938,0.0625,NO,,,
7.717842323651452,1860,3.6976547241210938,0.0625,NO,,,
7.717842323651452,1860,3.6976547241210938,0.0625,NO,,,
7.717842323651452,1860,3.6976547241210938,0.0625,NO,,,
7.717842323651452,1860,3.6976547241210938,0.0625,NO,,,
7.759336099585062,1870,3.6362152099609375,0.03125,NO,,,
7.759336099585062,1870,3.6362152099609375,0.03125,NO,,,
7.759336099585062,1870,3.6362152099609375,0.03125,NO,,,
7.759336099585062,1870,3.6362152099609375,0.03125,NO,,,
7.759336099585062,1870,3.6362152099609375,0.03125,NO,,,
7.759336099585062,1870,3.6362152099609375,0.03125,NO,,,
7.759336099585062,1870,3.6362152099609375,0.03125,NO,,,
7.759336099585062,1870,3.6362152099609375,0.03125,NO,,,
7.759336099585062,1870,3.6362152099609375,0.03125,NO,,,
7.759336099585062,1870,3.6362152099609375,0.03125,NO,,,
7.800829875518672,1880,2.65447998046875,0.125,NO,,,
7.800829875518672,1880,2.65447998046875,0.125,NO,,,
7.800829875518672,1880,2.65447998046875,0.125,NO,,,
7.800829875518672,1880,2.65447998046875,0.125,NO,,,
7.800829875518672,1880,2.65447998046875,0.125,NO,,,
7.800829875518672,1880,2.65447998046875,0.125,NO,,,
7.800829875518672,1880,2.65447998046875,0.125,NO,,,
7.800829875518672,1880,2.65447998046875,0.125,NO,,,
7.800829875518672,1880,2.65447998046875,0.125,NO,,,
7.800829875518672,1880,2.65447998046875,0.125,NO,,,
7.842323651452282,1890,2.2272262573242188,0.25,NO,,,
7.842323651452282,1890,2.2272262573242188,0.25,NO,,,
7.842323651452282,1890,2.2272262573242188,0.25,NO,,,
7.842323651452282,1890,2.2272262573242188,0.25,NO,,,
7.842323651452282,1890,2.2272262573242188,0.25,NO,,,
7.842323651452282,1890,2.2272262573242188,0.25,NO,,,
7.842323651452282,1890,2.2272262573242188,0.25,NO,,,
7.842323651452282,1890,2.2272262573242188,0.25,NO,,,
7.842323651452282,1890,2.2272262573242188,0.25,NO,,,
7.842323651452282,1890,2.2272262573242188,0.25,NO,,,
7.8838174273858925,1900,2.5990142822265625,0.15625,NO,,,
7.8838174273858925,1900,2.5990142822265625,0.15625,NO,,,
7.8838174273858925,1900,2.5990142822265625,0.15625,NO,,,
7.8838174273858925,1900,2.5990142822265625,0.15625,NO,,,
7.8838174273858925,1900,2.5990142822265625,0.15625,NO,,,
7.8838174273858925,1900,2.5990142822265625,0.15625,NO,,,
7.8838174273858925,1900,2.5990142822265625,0.15625,NO,,,
7.8838174273858925,1900,2.5990142822265625,0.15625,NO,,,
7.8838174273858925,1900,2.5990142822265625,0.15625,NO,,,
7.8838174273858925,1900,2.5990142822265625,0.15625,NO,,,
7.925311203319502,1910,2.4939117431640625,0.09375,NO,,,
7.925311203319502,1910,2.4939117431640625,0.09375,NO,,,
7.925311203319502,1910,2.4939117431640625,0.09375,NO,,,
7.925311203319502,1910,2.4939117431640625,0.09375,NO,,,
7.925311203319502,1910,2.4939117431640625,0.09375,NO,,,
7.925311203319502,1910,2.4939117431640625,0.09375,NO,,,
7.925311203319502,1910,2.4939117431640625,0.09375,NO,,,
7.925311203319502,1910,2.4939117431640625,0.09375,NO,,,
7.925311203319502,1910,2.4939117431640625,0.09375,NO,,,
7.925311203319502,1910,2.4939117431640625,0.09375,NO,,,
7.966804979253112,1920,2.9542694091796875,0.15625,NO,,,
7.966804979253112,1920,2.9542694091796875,0.15625,NO,,,
7.966804979253112,1920,2.9542694091796875,0.15625,NO,,,
7.966804979253112,1920,2.9542694091796875,0.15625,NO,,,
7.966804979253112,1920,2.9542694091796875,0.15625,NO,,,
7.966804979253112,1920,2.9542694091796875,0.15625,NO,,,
7.966804979253112,1920,2.9542694091796875,0.15625,NO,,,
7.966804979253112,1920,2.9542694091796875,0.15625,NO,,,
7.966804979253112,1920,2.9542694091796875,0.15625,NO,,,
7.966804979253112,1920,2.9542694091796875,0.15625,NO,,,
8.008298755186722,1930,2.253753662109375,0.3125,NO,,,
8.008298755186722,1930,2.253753662109375,0.3125,NO,,,
8.008298755186722,1930,2.253753662109375,0.3125,NO,,,
8.008298755186722,1930,2.253753662109375,0.3125,NO,,,
8.008298755186722,1930,2.253753662109375,0.3125,NO,,,
8.008298755186722,1930,2.253753662109375,0.3125,NO,,,
8.008298755186722,1930,2.253753662109375,0.3125,NO,,,
8.008298755186722,1930,2.253753662109375,0.3125,NO,,,
8.008298755186722,1930,2.253753662109375,0.3125,NO,,,
8.008298755186722,1930,2.253753662109375,0.3125,NO,,,
8.049792531120332,1940,3.1209335327148438,0.34375,NO,,,
8.049792531120332,1940,3.1209335327148438,0.34375,NO,,,
8.049792531120332,1940,3.1209335327148438,0.34375,NO,,,
8.049792531120332,1940,3.1209335327148438,0.34375,NO,,,
8.049792531120332,1940,3.1209335327148438,0.34375,NO,,,
8.049792531120332,1940,3.1209335327148438,0.34375,NO,,,
8.049792531120332,1940,3.1209335327148438,0.34375,NO,,,
8.049792531120332,1940,3.1209335327148438,0.34375,NO,,,
8.049792531120332,1940,3.1209335327148438,0.34375,NO,,,
8.049792531120332,1940,3.1209335327148438,0.34375,NO,,,
8.091286307053942,1950,3.2478675842285156,0.0625,NO,,,
8.091286307053942,1950,3.2478675842285156,0.0625,NO,,,
8.091286307053942,1950,3.2478675842285156,0.0625,NO,,,
8.091286307053942,1950,3.2478675842285156,0.0625,NO,,,
8.091286307053942,1950,3.2478675842285156,0.0625,NO,,,
8.091286307053942,1950,3.2478675842285156,0.0625,NO,,,
8.091286307053942,1950,3.2478675842285156,0.0625,NO,,,
8.091286307053942,1950,3.2478675842285156,0.0625,NO,,,
8.091286307053942,1950,3.2478675842285156,0.0625,NO,,,
8.091286307053942,1950,3.2478675842285156,0.0625,NO,,,
8.132780082987551,1960,2.972991943359375,0.3125,NO,,,
8.132780082987551,1960,2.972991943359375,0.3125,NO,,,
8.132780082987551,1960,2.972991943359375,0.3125,NO,,,
8.132780082987551,1960,2.972991943359375,0.3125,NO,,,
8.132780082987551,1960,2.972991943359375,0.3125,NO,,,
8.132780082987551,1960,2.972991943359375,0.3125,NO,,,
8.132780082987551,1960,2.972991943359375,0.3125,NO,,,
8.132780082987551,1960,2.972991943359375,0.3125,NO,,,
8.132780082987551,1960,2.972991943359375,0.3125,NO,,,
8.132780082987551,1960,2.972991943359375,0.3125,NO,,,
8.174273858921161,1970,2.6859207153320312,0.34375,NO,,,
8.174273858921161,1970,2.6859207153320312,0.34375,NO,,,
8.174273858921161,1970,2.6859207153320312,0.34375,NO,,,
8.174273858921161,1970,2.6859207153320312,0.34375,NO,,,
8.174273858921161,1970,2.6859207153320312,0.34375,NO,,,
8.174273858921161,1970,2.6859207153320312,0.34375,NO,,,
8.174273858921161,1970,2.6859207153320312,0.34375,NO,,,
8.174273858921161,1970,2.6859207153320312,0.34375,NO,,,
8.174273858921161,1970,2.6859207153320312,0.34375,NO,,,
8.174273858921161,1970,2.6859207153320312,0.34375,NO,,,
8.215767634854771,1980,3.2421531677246094,0.28125,NO,,,
8.215767634854771,1980,3.2421531677246094,0.28125,NO,,,
8.215767634854771,1980,3.2421531677246094,0.28125,NO,,,
8.215767634854771,1980,3.2421531677246094,0.28125,NO,,,
8.215767634854771,1980,3.2421531677246094,0.28125,NO,,,
8.215767634854771,1980,3.2421531677246094,0.28125,NO,,,
8.215767634854771,1980,3.2421531677246094,0.28125,NO,,,
8.215767634854771,1980,3.2421531677246094,0.28125,NO,,,
8.215767634854771,1980,3.2421531677246094,0.28125,NO,,,
8.215767634854771,1980,3.2421531677246094,0.28125,NO,,,
8.25726141078838,1990,4.059532165527344,0.25,NO,,,
8.25726141078838,1990,4.059532165527344,0.25,NO,,,
8.25726141078838,1990,4.059532165527344,0.25,NO,,,
8.25726141078838,1990,4.059532165527344,0.25,NO,,,
8.25726141078838,1990,4.059532165527344,0.25,NO,,,
8.25726141078838,1990,4.059532165527344,0.25,NO,,,
8.25726141078838,1990,4.059532165527344,0.25,NO,,,
8.25726141078838,1990,4.059532165527344,0.25,NO,,,
8.25726141078838,1990,4.059532165527344,0.25,NO,,,
8.25726141078838,1990,4.059532165527344,0.25,YES,4.232417106628418,0.25878220140515223,
8.298755186721992,2000,3.162838935852051,0.40625,NO,,,
8.298755186721992,2000,3.162838935852051,0.40625,NO,,,
8.298755186721992,2000,3.162838935852051,0.40625,NO,,,
8.298755186721992,2000,3.162838935852051,0.40625,NO,,,
8.298755186721992,2000,3.162838935852051,0.40625,NO,,,
8.298755186721992,2000,3.162838935852051,0.40625,NO,,,
8.298755186721992,2000,3.162838935852051,0.40625,NO,,,
8.298755186721992,2000,3.162838935852051,0.40625,NO,,,
8.298755186721992,2000,3.162838935852051,0.40625,NO,,,
8.298755186721992,2000,3.162838935852051,0.40625,NO,,,
8.340248962655602,2010,6.409597396850586,0.3125,NO,,,
8.340248962655602,2010,6.409597396850586,0.3125,NO,,,
8.340248962655602,2010,6.409597396850586,0.3125,NO,,,
8.340248962655602,2010,6.409597396850586,0.3125,NO,,,
8.340248962655602,2010,6.409597396850586,0.3125,NO,,,
8.340248962655602,2010,6.409597396850586,0.3125,NO,,,
8.340248962655602,2010,6.409597396850586,0.3125,NO,,,
8.340248962655602,2010,6.409597396850586,0.3125,NO,,,
8.340248962655602,2010,6.409597396850586,0.3125,NO,,,
8.340248962655602,2010,6.409597396850586,0.3125,NO,,,
8.381742738589212,2020,4.7181525230407715,0.1875,NO,,,
8.381742738589212,2020,4.7181525230407715,0.1875,NO,,,
8.381742738589212,2020,4.7181525230407715,0.1875,NO,,,
8.381742738589212,2020,4.7181525230407715,0.1875,NO,,,
8.381742738589212,2020,4.7181525230407715,0.1875,NO,,,
8.381742738589212,2020,4.7181525230407715,0.1875,NO,,,
8.381742738589212,2020,4.7181525230407715,0.1875,NO,,,
8.381742738589212,2020,4.7181525230407715,0.1875,NO,,,
8.381742738589212,2020,4.7181525230407715,0.1875,NO,,,
8.381742738589212,2020,4.7181525230407715,0.1875,NO,,,
8.423236514522822,2030,8.273515701293945,0.21875,NO,,,
8.423236514522822,2030,8.273515701293945,0.21875,NO,,,
8.423236514522822,2030,8.273515701293945,0.21875,NO,,,
8.423236514522822,2030,8.273515701293945,0.21875,NO,,,
8.423236514522822,2030,8.273515701293945,0.21875,NO,,,
8.423236514522822,2030,8.273515701293945,0.21875,NO,,,
8.423236514522822,2030,8.273515701293945,0.21875,NO,,,
8.423236514522822,2030,8.273515701293945,0.21875,NO,,,
8.423236514522822,2030,8.273515701293945,0.21875,NO,,,
8.423236514522822,2030,8.273515701293945,0.21875,NO,,,
8.464730290456432,2040,7.933585166931152,0.3125,NO,,,
8.464730290456432,2040,7.933585166931152,0.3125,NO,,,
8.464730290456432,2040,7.933585166931152,0.3125,NO,,,
8.464730290456432,2040,7.933585166931152,0.3125,NO,,,
8.464730290456432,2040,7.933585166931152,0.3125,NO,,,
8.464730290456432,2040,7.933585166931152,0.3125,NO,,,
8.464730290456432,2040,7.933585166931152,0.3125,NO,,,
8.464730290456432,2040,7.933585166931152,0.3125,NO,,,
8.464730290456432,2040,7.933585166931152,0.3125,NO,,,
8.464730290456432,2040,7.933585166931152,0.3125,NO,,,
8.506224066390041,2050,15.093994140625,0.21875,NO,,,
8.506224066390041,2050,15.093994140625,0.21875,NO,,,
8.506224066390041,2050,15.093994140625,0.21875,NO,,,
8.506224066390041,2050,15.093994140625,0.21875,NO,,,
8.506224066390041,2050,15.093994140625,0.21875,NO,,,
8.506224066390041,2050,15.093994140625,0.21875,NO,,,
8.506224066390041,2050,15.093994140625,0.21875,NO,,,
8.506224066390041,2050,15.093994140625,0.21875,NO,,,
8.506224066390041,2050,15.093994140625,0.21875,NO,,,
8.506224066390041,2050,15.093994140625,0.21875,NO,,,
8.547717842323651,2060,5.625389575958252,0.34375,NO,,,
8.547717842323651,2060,5.625389575958252,0.34375,NO,,,
8.547717842323651,2060,5.625389575958252,0.34375,NO,,,
8.547717842323651,2060,5.625389575958252,0.34375,NO,,,
8.547717842323651,2060,5.625389575958252,0.34375,NO,,,
8.547717842323651,2060,5.625389575958252,0.34375,NO,,,
8.547717842323651,2060,5.625389575958252,0.34375,NO,,,
8.547717842323651,2060,5.625389575958252,0.34375,NO,,,
8.547717842323651,2060,5.625389575958252,0.34375,NO,,,
8.547717842323651,2060,5.625389575958252,0.34375,NO,,,
8.589211618257261,2070,9.153247833251953,0.1875,NO,,,
8.589211618257261,2070,9.153247833251953,0.1875,NO,,,
8.589211618257261,2070,9.153247833251953,0.1875,NO,,,
8.589211618257261,2070,9.153247833251953,0.1875,NO,,,
8.589211618257261,2070,9.153247833251953,0.1875,NO,,,
8.589211618257261,2070,9.153247833251953,0.1875,NO,,,
8.589211618257261,2070,9.153247833251953,0.1875,NO,,,
8.589211618257261,2070,9.153247833251953,0.1875,NO,,,
8.589211618257261,2070,9.153247833251953,0.1875,NO,,,
8.589211618257261,2070,9.153247833251953,0.1875,NO,,,
8.630705394190871,2080,9.684544563293457,0.28125,NO,,,
8.630705394190871,2080,9.684544563293457,0.28125,NO,,,
8.630705394190871,2080,9.684544563293457,0.28125,NO,,,
8.630705394190871,2080,9.684544563293457,0.28125,NO,,,
8.630705394190871,2080,9.684544563293457,0.28125,NO,,,
8.630705394190871,2080,9.684544563293457,0.28125,NO,,,
8.630705394190871,2080,9.684544563293457,0.28125,NO,,,
8.630705394190871,2080,9.684544563293457,0.28125,NO,,,
8.630705394190871,2080,9.684544563293457,0.28125,NO,,,
8.630705394190871,2080,9.684544563293457,0.28125,NO,,,
8.67219917012448,2090,13.158472061157227,0.21875,NO,,,
8.67219917012448,2090,13.158472061157227,0.21875,NO,,,
8.67219917012448,2090,13.158472061157227,0.21875,NO,,,
8.67219917012448,2090,13.158472061157227,0.21875,NO,,,
8.67219917012448,2090,13.158472061157227,0.21875,NO,,,
8.67219917012448,2090,13.158472061157227,0.21875,NO,,,
8.67219917012448,2090,13.158472061157227,0.21875,NO,,,
8.67219917012448,2090,13.158472061157227,0.21875,NO,,,
8.67219917012448,2090,13.158472061157227,0.21875,NO,,,
8.67219917012448,2090,13.158472061157227,0.21875,NO,,,
8.71369294605809,2100,14.659423828125,0.34375,NO,,,
8.71369294605809,2100,14.659423828125,0.34375,NO,,,
8.71369294605809,2100,14.659423828125,0.34375,NO,,,
8.71369294605809,2100,14.659423828125,0.34375,NO,,,
8.71369294605809,2100,14.659423828125,0.34375,NO,,,
8.71369294605809,2100,14.659423828125,0.34375,NO,,,
8.71369294605809,2100,14.659423828125,0.34375,NO,,,
8.71369294605809,2100,14.659423828125,0.34375,NO,,,
8.71369294605809,2100,14.659423828125,0.34375,NO,,,
8.71369294605809,2100,14.659423828125,0.34375,NO,,,
8.755186721991702,2110,16.813018798828125,0.125,NO,,,
8.755186721991702,2110,16.813018798828125,0.125,NO,,,
8.755186721991702,2110,16.813018798828125,0.125,NO,,,
8.755186721991702,2110,16.813018798828125,0.125,NO,,,
8.755186721991702,2110,16.813018798828125,0.125,NO,,,
8.755186721991702,2110,16.813018798828125,0.125,NO,,,
8.755186721991702,2110,16.813018798828125,0.125,NO,,,
8.755186721991702,2110,16.813018798828125,0.125,NO,,,
8.755186721991702,2110,16.813018798828125,0.125,NO,,,
8.755186721991702,2110,16.813018798828125,0.125,NO,,,
8.796680497925312,2120,32.36279296875,0.09375,NO,,,
8.796680497925312,2120,32.36279296875,0.09375,NO,,,
8.796680497925312,2120,32.36279296875,0.09375,NO,,,
8.796680497925312,2120,32.36279296875,0.09375,NO,,,
8.796680497925312,2120,32.36279296875,0.09375,NO,,,
8.796680497925312,2120,32.36279296875,0.09375,NO,,,
8.796680497925312,2120,32.36279296875,0.09375,NO,,,
8.796680497925312,2120,32.36279296875,0.09375,NO,,,
8.796680497925312,2120,32.36279296875,0.09375,NO,,,
8.796680497925312,2120,32.36279296875,0.09375,NO,,,
8.838174273858922,2130,18.439533233642578,0.0625,NO,,,
8.838174273858922,2130,18.439533233642578,0.0625,NO,,,
8.838174273858922,2130,18.439533233642578,0.0625,NO,,,
8.838174273858922,2130,18.439533233642578,0.0625,NO,,,
8.838174273858922,2130,18.439533233642578,0.0625,NO,,,
8.838174273858922,2130,18.439533233642578,0.0625,NO,,,
8.838174273858922,2130,18.439533233642578,0.0625,NO,,,
8.838174273858922,2130,18.439533233642578,0.0625,NO,,,
8.838174273858922,2130,18.439533233642578,0.0625,NO,,,
8.838174273858922,2130,18.439533233642578,0.0625,NO,,,
8.879668049792532,2140,30.942384719848633,0.0625,NO,,,
8.879668049792532,2140,30.942384719848633,0.0625,NO,,,
8.879668049792532,2140,30.942384719848633,0.0625,NO,,,
8.879668049792532,2140,30.942384719848633,0.0625,NO,,,
8.879668049792532,2140,30.942384719848633,0.0625,NO,,,
8.879668049792532,2140,30.942384719848633,0.0625,NO,,,
8.879668049792532,2140,30.942384719848633,0.0625,NO,,,
8.879668049792532,2140,30.942384719848633,0.0625,NO,,,
8.879668049792532,2140,30.942384719848633,0.0625,NO,,,
8.879668049792532,2140,30.942384719848633,0.0625,NO,,,
8.921161825726141,2150,25.029035568237305,0.1875,NO,,,
8.921161825726141,2150,25.029035568237305,0.1875,NO,,,
8.921161825726141,2150,25.029035568237305,0.1875,NO,,,
8.921161825726141,2150,25.029035568237305,0.1875,NO,,,
8.921161825726141,2150,25.029035568237305,0.1875,NO,,,
8.921161825726141,2150,25.029035568237305,0.1875,NO,,,
8.921161825726141,2150,25.029035568237305,0.1875,NO,,,
8.921161825726141,2150,25.029035568237305,0.1875,NO,,,
8.921161825726141,2150,25.029035568237305,0.1875,NO,,,
8.921161825726141,2150,25.029035568237305,0.1875,NO,,,
8.962655601659751,2160,17.864524841308594,0.125,NO,,,
8.962655601659751,2160,17.864524841308594,0.125,NO,,,
8.962655601659751,2160,17.864524841308594,0.125,NO,,,
8.962655601659751,2160,17.864524841308594,0.125,NO,,,
8.962655601659751,2160,17.864524841308594,0.125,NO,,,
8.962655601659751,2160,17.864524841308594,0.125,NO,,,
8.962655601659751,2160,17.864524841308594,0.125,NO,,,
8.962655601659751,2160,17.864524841308594,0.125,NO,,,
8.962655601659751,2160,17.864524841308594,0.125,NO,,,
8.962655601659751,2160,17.864524841308594,0.125,NO,,,
9.004149377593361,2170,21.22999382019043,0.09375,NO,,,
9.004149377593361,2170,21.22999382019043,0.09375,NO,,,
9.004149377593361,2170,21.22999382019043,0.09375,NO,,,
9.004149377593361,2170,21.22999382019043,0.09375,NO,,,
9.004149377593361,2170,21.22999382019043,0.09375,NO,,,
9.004149377593361,2170,21.22999382019043,0.09375,NO,,,
9.004149377593361,2170,21.22999382019043,0.09375,NO,,,
9.004149377593361,2170,21.22999382019043,0.09375,NO,,,
9.004149377593361,2170,21.22999382019043,0.09375,NO,,,
9.004149377593361,2170,21.22999382019043,0.09375,NO,,,
9.04564315352697,2180,20.039566040039062,0.0625,NO,,,
9.04564315352697,2180,20.039566040039062,0.0625,NO,,,
9.04564315352697,2180,20.039566040039062,0.0625,NO,,,
9.04564315352697,2180,20.039566040039062,0.0625,NO,,,
9.04564315352697,2180,20.039566040039062,0.0625,NO,,,
9.04564315352697,2180,20.039566040039062,0.0625,NO,,,
9.04564315352697,2180,20.039566040039062,0.0625,NO,,,
9.04564315352697,2180,20.039566040039062,0.0625,NO,,,
9.04564315352697,2180,20.039566040039062,0.0625,NO,,,
9.04564315352697,2180,20.039566040039062,0.0625,NO,,,
9.08713692946058,2190,25.01220703125,0.25,NO,,,
9.08713692946058,2190,25.01220703125,0.25,NO,,,
9.08713692946058,2190,25.01220703125,0.25,NO,,,
9.08713692946058,2190,25.01220703125,0.25,NO,,,
9.08713692946058,2190,25.01220703125,0.25,NO,,,
9.08713692946058,2190,25.01220703125,0.25,NO,,,
9.08713692946058,2190,25.01220703125,0.25,NO,,,
9.08713692946058,2190,25.01220703125,0.25,NO,,,
9.08713692946058,2190,25.01220703125,0.25,NO,,,
9.08713692946058,2190,25.01220703125,0.25,NO,,,
9.12863070539419,2200,26.48095703125,0.15625,NO,,,
9.12863070539419,2200,26.48095703125,0.15625,NO,,,
9.12863070539419,2200,26.48095703125,0.15625,NO,,,
9.12863070539419,2200,26.48095703125,0.15625,NO,,,
9.12863070539419,2200,26.48095703125,0.15625,NO,,,
9.12863070539419,2200,26.48095703125,0.15625,NO,,,
9.12863070539419,2200,26.48095703125,0.15625,NO,,,
9.12863070539419,2200,26.48095703125,0.15625,NO,,,
9.12863070539419,2200,26.48095703125,0.15625,NO,,,
9.12863070539419,2200,26.48095703125,0.15625,NO,,,
9.1701244813278,2210,23.3480224609375,0.125,NO,,,
9.1701244813278,2210,23.3480224609375,0.125,NO,,,
9.1701244813278,2210,23.3480224609375,0.125,NO,,,
9.1701244813278,2210,23.3480224609375,0.125,NO,,,
9.1701244813278,2210,23.3480224609375,0.125,NO,,,
9.1701244813278,2210,23.3480224609375,0.125,NO,,,
9.1701244813278,2210,23.3480224609375,0.125,NO,,,
9.1701244813278,2210,23.3480224609375,0.125,NO,,,
9.1701244813278,2210,23.3480224609375,0.125,NO,,,
9.1701244813278,2210,23.3480224609375,0.125,NO,,,
9.21161825726141,2220,20.021732330322266,0.1875,NO,,,
9.21161825726141,2220,20.021732330322266,0.1875,NO,,,
9.21161825726141,2220,20.021732330322266,0.1875,NO,,,
9.21161825726141,2220,20.021732330322266,0.1875,NO,,,
9.21161825726141,2220,20.021732330322266,0.1875,NO,,,
9.21161825726141,2220,20.021732330322266,0.1875,NO,,,
9.21161825726141,2220,20.021732330322266,0.1875,NO,,,
9.21161825726141,2220,20.021732330322266,0.1875,NO,,,
9.21161825726141,2220,20.021732330322266,0.1875,NO,,,
9.21161825726141,2220,20.021732330322266,0.1875,NO,,,
9.25311203319502,2230,15.01611328125,0.375,NO,,,
9.25311203319502,2230,15.01611328125,0.375,NO,,,
9.25311203319502,2230,15.01611328125,0.375,NO,,,
9.25311203319502,2230,15.01611328125,0.375,NO,,,
9.25311203319502,2230,15.01611328125,0.375,NO,,,
9.25311203319502,2230,15.01611328125,0.375,NO,,,
9.25311203319502,2230,15.01611328125,0.375,NO,,,
9.25311203319502,2230,15.01611328125,0.375,NO,,,
9.25311203319502,2230,15.01611328125,0.375,NO,,,
9.25311203319502,2230,15.01611328125,0.375,NO,,,
9.294605809128631,2240,19.305908203125,0.25,NO,,,
9.294605809128631,2240,19.305908203125,0.25,NO,,,
9.294605809128631,2240,19.305908203125,0.25,NO,,,
9.294605809128631,2240,19.305908203125,0.25,NO,,,
9.294605809128631,2240,19.305908203125,0.25,NO,,,
9.294605809128631,2240,19.305908203125,0.25,NO,,,
9.294605809128631,2240,19.305908203125,0.25,NO,,,
9.294605809128631,2240,19.305908203125,0.25,NO,,,
9.294605809128631,2240,19.305908203125,0.25,NO,,,
9.294605809128631,2240,19.305908203125,0.25,NO,,,
9.336099585062241,2250,18.266368865966797,0.28125,NO,,,
9.336099585062241,2250,18.266368865966797,0.28125,NO,,,
9.336099585062241,2250,18.266368865966797,0.28125,NO,,,
9.336099585062241,2250,18.266368865966797,0.28125,NO,,,
9.336099585062241,2250,18.266368865966797,0.28125,NO,,,
9.336099585062241,2250,18.266368865966797,0.28125,NO,,,
9.336099585062241,2250,18.266368865966797,0.28125,NO,,,
9.336099585062241,2250,18.266368865966797,0.28125,NO,,,
9.336099585062241,2250,18.266368865966797,0.28125,NO,,,
9.336099585062241,2250,18.266368865966797,0.28125,NO,,,
9.377593360995851,2260,21.205322265625,0.28125,NO,,,
9.377593360995851,2260,21.205322265625,0.28125,NO,,,
9.377593360995851,2260,21.205322265625,0.28125,NO,,,
9.377593360995851,2260,21.205322265625,0.28125,NO,,,
9.377593360995851,2260,21.205322265625,0.28125,NO,,,
9.377593360995851,2260,21.205322265625,0.28125,NO,,,
9.377593360995851,2260,21.205322265625,0.28125,NO,,,
9.377593360995851,2260,21.205322265625,0.28125,NO,,,
9.377593360995851,2260,21.205322265625,0.28125,NO,,,
9.377593360995851,2260,21.205322265625,0.28125,NO,,,
9.41908713692946,2270,20.138916015625,0.25,NO,,,
9.41908713692946,2270,20.138916015625,0.25,NO,,,
9.41908713692946,2270,20.138916015625,0.25,NO,,,
9.41908713692946,2270,20.138916015625,0.25,NO,,,
9.41908713692946,2270,20.138916015625,0.25,NO,,,
9.41908713692946,2270,20.138916015625,0.25,NO,,,
9.41908713692946,2270,20.138916015625,0.25,NO,,,
9.41908713692946,2270,20.138916015625,0.25,NO,,,
9.41908713692946,2270,20.138916015625,0.25,NO,,,
9.41908713692946,2270,20.138916015625,0.25,NO,,,
9.46058091286307,2280,20.952880859375,0.3125,NO,,,
9.46058091286307,2280,20.952880859375,0.3125,NO,,,
9.46058091286307,2280,20.952880859375,0.3125,NO,,,
9.46058091286307,2280,20.952880859375,0.3125,NO,,,
9.46058091286307,2280,20.952880859375,0.3125,NO,,,
9.46058091286307,2280,20.952880859375,0.3125,NO,,,
9.46058091286307,2280,20.952880859375,0.3125,NO,,,
9.46058091286307,2280,20.952880859375,0.3125,NO,,,
9.46058091286307,2280,20.952880859375,0.3125,NO,,,
9.46058091286307,2280,20.952880859375,0.3125,NO,,,
9.50207468879668,2290,26.6884765625,0.15625,NO,,,
9.50207468879668,2290,26.6884765625,0.15625,NO,,,
9.50207468879668,2290,26.6884765625,0.15625,NO,,,
9.50207468879668,2290,26.6884765625,0.15625,NO,,,
9.50207468879668,2290,26.6884765625,0.15625,NO,,,
9.50207468879668,2290,26.6884765625,0.15625,NO,,,
9.50207468879668,2290,26.6884765625,0.15625,NO,,,
9.50207468879668,2290,26.6884765625,0.15625,NO,,,
9.50207468879668,2290,26.6884765625,0.15625,NO,,,
9.50207468879668,2290,26.6884765625,0.15625,NO,,,
9.54356846473029,2300,19.035846710205078,0.1875,NO,,,
9.54356846473029,2300,19.035846710205078,0.1875,NO,,,
9.54356846473029,2300,19.035846710205078,0.1875,NO,,,
9.54356846473029,2300,19.035846710205078,0.1875,NO,,,
9.54356846473029,2300,19.035846710205078,0.1875,NO,,,
9.54356846473029,2300,19.035846710205078,0.1875,NO,,,
9.54356846473029,2300,19.035846710205078,0.1875,NO,,,
9.54356846473029,2300,19.035846710205078,0.1875,NO,,,
9.54356846473029,2300,19.035846710205078,0.1875,NO,,,
9.54356846473029,2300,19.035846710205078,0.1875,NO,,,
9.5850622406639,2310,18.716907501220703,0.3125,NO,,,
9.5850622406639,2310,18.716907501220703,0.3125,NO,,,
9.5850622406639,2310,18.716907501220703,0.3125,NO,,,
9.5850622406639,2310,18.716907501220703,0.3125,NO,,,
9.5850622406639,2310,18.716907501220703,0.3125,NO,,,
9.5850622406639,2310,18.716907501220703,0.3125,NO,,,
9.5850622406639,2310,18.716907501220703,0.3125,NO,,,
9.5850622406639,2310,18.716907501220703,0.3125,NO,,,
9.5850622406639,2310,18.716907501220703,0.3125,NO,,,
9.5850622406639,2310,18.716907501220703,0.3125,NO,,,
9.62655601659751,2320,20.448684692382812,0.21875,NO,,,
9.62655601659751,2320,20.448684692382812,0.21875,NO,,,
9.62655601659751,2320,20.448684692382812,0.21875,NO,,,
9.62655601659751,2320,20.448684692382812,0.21875,NO,,,
9.62655601659751,2320,20.448684692382812,0.21875,NO,,,
9.62655601659751,2320,20.448684692382812,0.21875,NO,,,
9.62655601659751,2320,20.448684692382812,0.21875,NO,,,
9.62655601659751,2320,20.448684692382812,0.21875,NO,,,
9.62655601659751,2320,20.448684692382812,0.21875,NO,,,
9.62655601659751,2320,20.448684692382812,0.21875,NO,,,
9.66804979253112,2330,16.871829986572266,0.3125,NO,,,
9.66804979253112,2330,16.871829986572266,0.3125,NO,,,
9.66804979253112,2330,16.871829986572266,0.3125,NO,,,
9.66804979253112,2330,16.871829986572266,0.3125,NO,,,
9.66804979253112,2330,16.871829986572266,0.3125,NO,,,
9.66804979253112,2330,16.871829986572266,0.3125,NO,,,
9.66804979253112,2330,16.871829986572266,0.3125,NO,,,
9.66804979253112,2330,16.871829986572266,0.3125,NO,,,
9.66804979253112,2330,16.871829986572266,0.3125,NO,,,
9.66804979253112,2330,16.871829986572266,0.3125,NO,,,
9.70954356846473,2340,23.637451171875,0.1875,NO,,,
9.70954356846473,2340,23.637451171875,0.1875,NO,,,
9.70954356846473,2340,23.637451171875,0.1875,NO,,,
9.70954356846473,2340,23.637451171875,0.1875,NO,,,
9.70954356846473,2340,23.637451171875,0.1875,NO,,,
9.70954356846473,2340,23.637451171875,0.1875,NO,,,
9.70954356846473,2340,23.637451171875,0.1875,NO,,,
9.70954356846473,2340,23.637451171875,0.1875,NO,,,
9.70954356846473,2340,23.637451171875,0.1875,NO,,,
9.70954356846473,2340,23.637451171875,0.1875,NO,,,
9.751037344398341,2350,23.01611328125,0.3125,NO,,,
9.751037344398341,2350,23.01611328125,0.3125,NO,,,
9.751037344398341,2350,23.01611328125,0.3125,NO,,,
9.751037344398341,2350,23.01611328125,0.3125,NO,,,
9.751037344398341,2350,23.01611328125,0.3125,NO,,,
9.751037344398341,2350,23.01611328125,0.3125,NO,,,
9.751037344398341,2350,23.01611328125,0.3125,NO,,,
9.751037344398341,2350,23.01611328125,0.3125,NO,,,
9.751037344398341,2350,23.01611328125,0.3125,NO,,,
9.751037344398341,2350,23.01611328125,0.3125,NO,,,
9.792531120331951,2360,25.30859375,0.25,NO,,,
9.792531120331951,2360,25.30859375,0.25,NO,,,
9.792531120331951,2360,25.30859375,0.25,NO,,,
9.792531120331951,2360,25.30859375,0.25,NO,,,
9.792531120331951,2360,25.30859375,0.25,NO,,,
9.792531120331951,2360,25.30859375,0.25,NO,,,
9.792531120331951,2360,25.30859375,0.25,NO,,,
9.792531120331951,2360,25.30859375,0.25,NO,,,
9.792531120331951,2360,25.30859375,0.25,NO,,,
9.792531120331951,2360,25.30859375,0.25,NO,,,
9.83402489626556,2370,23.9970703125,0.25,NO,,,
9.83402489626556,2370,23.9970703125,0.25,NO,,,
9.83402489626556,2370,23.9970703125,0.25,NO,,,
9.83402489626556,2370,23.9970703125,0.25,NO,,,
9.83402489626556,2370,23.9970703125,0.25,NO,,,
9.83402489626556,2370,23.9970703125,0.25,NO,,,
9.83402489626556,2370,23.9970703125,0.25,NO,,,
9.83402489626556,2370,23.9970703125,0.25,NO,,,
9.83402489626556,2370,23.9970703125,0.25,NO,,,
9.83402489626556,2370,23.9970703125,0.25,NO,,,
9.87551867219917,2380,20.86474609375,0.3125,NO,,,
9.87551867219917,2380,20.86474609375,0.3125,NO,,,
9.87551867219917,2380,20.86474609375,0.3125,NO,,,
9.87551867219917,2380,20.86474609375,0.3125,NO,,,
9.87551867219917,2380,20.86474609375,0.3125,NO,,,
9.87551867219917,2380,20.86474609375,0.3125,NO,,,
9.87551867219917,2380,20.86474609375,0.3125,NO,,,
9.87551867219917,2380,20.86474609375,0.3125,NO,,,
9.87551867219917,2380,20.86474609375,0.3125,NO,,,
9.87551867219917,2380,20.86474609375,0.3125,NO,,,
9.91701244813278,2390,16.97265625,0.40625,NO,,,
9.91701244813278,2390,16.97265625,0.40625,NO,,,
9.91701244813278,2390,16.97265625,0.40625,NO,,,
9.91701244813278,2390,16.97265625,0.40625,NO,,,
9.91701244813278,2390,16.97265625,0.40625,NO,,,
9.91701244813278,2390,16.97265625,0.40625,NO,,,
9.91701244813278,2390,16.97265625,0.40625,NO,,,
9.91701244813278,2390,16.97265625,0.40625,NO,,,
9.91701244813278,2390,16.97265625,0.40625,NO,,,
9.91701244813278,2390,16.97265625,0.40625,NO,,,
9.95850622406639,2400,21.4501953125,0.28125,NO,,,
9.95850622406639,2400,21.4501953125,0.28125,NO,,,
9.95850622406639,2400,21.4501953125,0.28125,NO,,,
9.95850622406639,2400,21.4501953125,0.28125,NO,,,
9.95850622406639,2400,21.4501953125,0.28125,NO,,,
9.95850622406639,2400,21.4501953125,0.28125,NO,,,
9.95850622406639,2400,21.4501953125,0.28125,NO,,,
9.95850622406639,2400,21.4501953125,0.28125,NO,,,
9.95850622406639,2400,21.4501953125,0.28125,NO,,,
9.95850622406639,2400,21.4501953125,0.28125,NO,,,
10.0,2410,17.68798828125,0.25,NO,,,
10.0,2410,17.68798828125,0.25,NO,,,
10.0,2410,17.68798828125,0.25,NO,,,
10.0,2410,17.68798828125,0.25,NO,,,
10.0,2410,17.68798828125,0.25,NO,,,
10.0,2410,17.68798828125,0.25,NO,,,
10.0,2410,17.68798828125,0.25,NO,,,
10.0,2410,17.68798828125,0.25,NO,,,
10.0,2410,17.68798828125,0.25,NO,,,
10.0,2410,17.68798828125,0.25,NO,,,
10.04149377593361,2420,14.35986328125,0.25,NO,,,
10.04149377593361,2420,14.35986328125,0.25,NO,,,
10.04149377593361,2420,14.35986328125,0.25,NO,,,
10.04149377593361,2420,14.35986328125,0.25,NO,,,
10.04149377593361,2420,14.35986328125,0.25,NO,,,
10.04149377593361,2420,14.35986328125,0.25,NO,,,
10.04149377593361,2420,14.35986328125,0.25,NO,,,
10.04149377593361,2420,14.35986328125,0.25,NO,,,
10.04149377593361,2420,14.35986328125,0.25,NO,,,
10.04149377593361,2420,14.35986328125,0.25,NO,,,
10.08298755186722,2430,16.859619140625,0.1875,NO,,,
10.08298755186722,2430,16.859619140625,0.1875,NO,,,
10.08298755186722,2430,16.859619140625,0.1875,NO,,,
10.08298755186722,2430,16.859619140625,0.1875,NO,,,
10.08298755186722,2430,16.859619140625,0.1875,NO,,,
10.08298755186722,2430,16.859619140625,0.1875,NO,,,
10.08298755186722,2430,16.859619140625,0.1875,NO,,,
10.08298755186722,2430,16.859619140625,0.1875,NO,,,
10.08298755186722,2430,16.859619140625,0.1875,NO,,,
10.08298755186722,2430,16.859619140625,0.1875,NO,,,
10.12448132780083,2440,9.758056640625,0.53125,NO,,,
10.12448132780083,2440,9.758056640625,0.53125,NO,,,
10.12448132780083,2440,9.758056640625,0.53125,NO,,,
10.12448132780083,2440,9.758056640625,0.53125,NO,,,
10.12448132780083,2440,9.758056640625,0.53125,NO,,,
10.12448132780083,2440,9.758056640625,0.53125,NO,,,
10.12448132780083,2440,9.758056640625,0.53125,NO,,,
10.12448132780083,2440,9.758056640625,0.53125,NO,,,
10.12448132780083,2440,9.758056640625,0.53125,NO,,,
10.12448132780083,2440,9.758056640625,0.53125,NO,,,
10.16597510373444,2450,15.27001953125,0.25,NO,,,
10.16597510373444,2450,15.27001953125,0.25,NO,,,
10.16597510373444,2450,15.27001953125,0.25,NO,,,
10.16597510373444,2450,15.27001953125,0.25,NO,,,
10.16597510373444,2450,15.27001953125,0.25,NO,,,
10.16597510373444,2450,15.27001953125,0.25,NO,,,
10.16597510373444,2450,15.27001953125,0.25,NO,,,
10.16597510373444,2450,15.27001953125,0.25,NO,,,
10.16597510373444,2450,15.27001953125,0.25,NO,,,
10.16597510373444,2450,15.27001953125,0.25,NO,,,
10.207468879668049,2460,14.63134765625,0.375,NO,,,
10.207468879668049,2460,14.63134765625,0.375,NO,,,
10.207468879668049,2460,14.63134765625,0.375,NO,,,
10.207468879668049,2460,14.63134765625,0.375,NO,,,
10.207468879668049,2460,14.63134765625,0.375,NO,,,
10.207468879668049,2460,14.63134765625,0.375,NO,,,
10.207468879668049,2460,14.63134765625,0.375,NO,,,
10.207468879668049,2460,14.63134765625,0.375,NO,,,
10.207468879668049,2460,14.63134765625,0.375,NO,,,
10.207468879668049,2460,14.63134765625,0.375,NO,,,
10.248962655601659,2470,22.8818359375,0.15625,NO,,,
10.248962655601659,2470,22.8818359375,0.15625,NO,,,
10.248962655601659,2470,22.8818359375,0.15625,NO,,,
10.248962655601659,2470,22.8818359375,0.15625,NO,,,
10.248962655601659,2470,22.8818359375,0.15625,NO,,,
10.248962655601659,2470,22.8818359375,0.15625,NO,,,
10.248962655601659,2470,22.8818359375,0.15625,NO,,,
10.248962655601659,2470,22.8818359375,0.15625,NO,,,
10.248962655601659,2470,22.8818359375,0.15625,NO,,,
10.248962655601659,2470,22.8818359375,0.15625,NO,,,
10.29045643153527,2480,11.488051414489746,0.28125,NO,,,
10.29045643153527,2480,11.488051414489746,0.28125,NO,,,
10.29045643153527,2480,11.488051414489746,0.28125,NO,,,
10.29045643153527,2480,11.488051414489746,0.28125,NO,,,
10.29045643153527,2480,11.488051414489746,0.28125,NO,,,
10.29045643153527,2480,11.488051414489746,0.28125,NO,,,
10.29045643153527,2480,11.488051414489746,0.28125,NO,,,
10.29045643153527,2480,11.488051414489746,0.28125,NO,,,
10.29045643153527,2480,11.488051414489746,0.28125,NO,,,
10.29045643153527,2480,11.488051414489746,0.28125,NO,,,
10.33195020746888,2490,13.445074081420898,0.3125,NO,,,
10.33195020746888,2490,13.445074081420898,0.3125,NO,,,
10.33195020746888,2490,13.445074081420898,0.3125,NO,,,
10.33195020746888,2490,13.445074081420898,0.3125,NO,,,
10.33195020746888,2490,13.445074081420898,0.3125,NO,,,
10.33195020746888,2490,13.445074081420898,0.3125,NO,,,
10.33195020746888,2490,13.445074081420898,0.3125,NO,,,
10.33195020746888,2490,13.445074081420898,0.3125,NO,,,
10.33195020746888,2490,13.445074081420898,0.3125,NO,,,
10.33195020746888,2490,13.445074081420898,0.3125,NO,,,
10.37344398340249,2500,8.57362174987793,0.28125,NO,,,
10.37344398340249,2500,8.57362174987793,0.28125,NO,,,
10.37344398340249,2500,8.57362174987793,0.28125,NO,,,
10.37344398340249,2500,8.57362174987793,0.28125,NO,,,
10.37344398340249,2500,8.57362174987793,0.28125,NO,,,
10.37344398340249,2500,8.57362174987793,0.28125,NO,,,
10.37344398340249,2500,8.57362174987793,0.28125,NO,,,
10.37344398340249,2500,8.57362174987793,0.28125,NO,,,
10.37344398340249,2500,8.57362174987793,0.28125,NO,,,
10.37344398340249,2500,8.57362174987793,0.28125,NO,,,
10.4149377593361,2510,13.418828010559082,0.25,NO,,,
10.4149377593361,2510,13.418828010559082,0.25,NO,,,
10.4149377593361,2510,13.418828010559082,0.25,NO,,,
10.4149377593361,2510,13.418828010559082,0.25,NO,,,
10.4149377593361,2510,13.418828010559082,0.25,NO,,,
10.4149377593361,2510,13.418828010559082,0.25,NO,,,
10.4149377593361,2510,13.418828010559082,0.25,NO,,,
10.4149377593361,2510,13.418828010559082,0.25,NO,,,
10.4149377593361,2510,13.418828010559082,0.25,NO,,,
10.4149377593361,2510,13.418828010559082,0.25,NO,,,
10.45643153526971,2520,13.352530479431152,0.21875,NO,,,
10.45643153526971,2520,13.352530479431152,0.21875,NO,,,
10.45643153526971,2520,13.352530479431152,0.21875,NO,,,
10.45643153526971,2520,13.352530479431152,0.21875,NO,,,
10.45643153526971,2520,13.352530479431152,0.21875,NO,,,
10.45643153526971,2520,13.352530479431152,0.21875,NO,,,
10.45643153526971,2520,13.352530479431152,0.21875,NO,,,
10.45643153526971,2520,13.352530479431152,0.21875,NO,,,
10.45643153526971,2520,13.352530479431152,0.21875,NO,,,
10.45643153526971,2520,13.352530479431152,0.21875,NO,,,
10.49792531120332,2530,11.849367141723633,0.21875,NO,,,
10.49792531120332,2530,11.849367141723633,0.21875,NO,,,
10.49792531120332,2530,11.849367141723633,0.21875,NO,,,
10.49792531120332,2530,11.849367141723633,0.21875,NO,,,
10.49792531120332,2530,11.849367141723633,0.21875,NO,,,
10.49792531120332,2530,11.849367141723633,0.21875,NO,,,
10.49792531120332,2530,11.849367141723633,0.21875,NO,,,
10.49792531120332,2530,11.849367141723633,0.21875,NO,,,
10.49792531120332,2530,11.849367141723633,0.21875,NO,,,
10.49792531120332,2530,11.849367141723633,0.21875,NO,,,
10.53941908713693,2540,10.752833366394043,0.25,NO,,,
10.53941908713693,2540,10.752833366394043,0.25,NO,,,
10.53941908713693,2540,10.752833366394043,0.25,NO,,,
10.53941908713693,2540,10.752833366394043,0.25,NO,,,
10.53941908713693,2540,10.752833366394043,0.25,NO,,,
10.53941908713693,2540,10.752833366394043,0.25,NO,,,
10.53941908713693,2540,10.752833366394043,0.25,NO,,,
10.53941908713693,2540,10.752833366394043,0.25,NO,,,
10.53941908713693,2540,10.752833366394043,0.25,NO,,,
10.53941908713693,2540,10.752833366394043,0.25,NO,,,
10.58091286307054,2550,9.949779510498047,0.15625,NO,,,
10.58091286307054,2550,9.949779510498047,0.15625,NO,,,
10.58091286307054,2550,9.949779510498047,0.15625,NO,,,
10.58091286307054,2550,9.949779510498047,0.15625,NO,,,
10.58091286307054,2550,9.949779510498047,0.15625,NO,,,
10.58091286307054,2550,9.949779510498047,0.15625,NO,,,
10.58091286307054,2550,9.949779510498047,0.15625,NO,,,
10.58091286307054,2550,9.949779510498047,0.15625,NO,,,
10.58091286307054,2550,9.949779510498047,0.15625,NO,,,
10.58091286307054,2550,9.949779510498047,0.15625,NO,,,
10.622406639004149,2560,8.571746826171875,0.125,NO,,,
10.622406639004149,2560,8.571746826171875,0.125,NO,,,
10.622406639004149,2560,8.571746826171875,0.125,NO,,,
10.622406639004149,2560,8.571746826171875,0.125,NO,,,
10.622406639004149,2560,8.571746826171875,0.125,NO,,,
10.622406639004149,2560,8.571746826171875,0.125,NO,,,
10.622406639004149,2560,8.571746826171875,0.125,NO,,,
10.622406639004149,2560,8.571746826171875,0.125,NO,,,
10.622406639004149,2560,8.571746826171875,0.125,NO,,,
10.622406639004149,2560,8.571746826171875,0.125,NO,,,
10.663900414937759,2570,9.712926864624023,0.125,NO,,,
10.663900414937759,2570,9.712926864624023,0.125,NO,,,
10.663900414937759,2570,9.712926864624023,0.125,NO,,,
10.663900414937759,2570,9.712926864624023,0.125,NO,,,
10.663900414937759,2570,9.712926864624023,0.125,NO,,,
10.663900414937759,2570,9.712926864624023,0.125,NO,,,
10.663900414937759,2570,9.712926864624023,0.125,NO,,,
10.663900414937759,2570,9.712926864624023,0.125,NO,,,
10.663900414937759,2570,9.712926864624023,0.125,NO,,,
10.663900414937759,2570,9.712926864624023,0.125,NO,,,
10.705394190871369,2580,5.635666847229004,0.34375,NO,,,
10.705394190871369,2580,5.635666847229004,0.34375,NO,,,
10.705394190871369,2580,5.635666847229004,0.34375,NO,,,
10.705394190871369,2580,5.635666847229004,0.34375,NO,,,
10.705394190871369,2580,5.635666847229004,0.34375,NO,,,
10.705394190871369,2580,5.635666847229004,0.34375,NO,,,
10.705394190871369,2580,5.635666847229004,0.34375,NO,,,
10.705394190871369,2580,5.635666847229004,0.34375,NO,,,
10.705394190871369,2580,5.635666847229004,0.34375,NO,,,
10.705394190871369,2580,5.635666847229004,0.34375,NO,,,
10.74688796680498,2590,9.539752960205078,0.21875,NO,,,
10.74688796680498,2590,9.539752960205078,0.21875,NO,,,
10.74688796680498,2590,9.539752960205078,0.21875,NO,,,
10.74688796680498,2590,9.539752960205078,0.21875,NO,,,
10.74688796680498,2590,9.539752960205078,0.21875,NO,,,
10.74688796680498,2590,9.539752960205078,0.21875,NO,,,
10.74688796680498,2590,9.539752960205078,0.21875,NO,,,
10.74688796680498,2590,9.539752960205078,0.21875,NO,,,
10.74688796680498,2590,9.539752960205078,0.21875,NO,,,
10.74688796680498,2590,9.539752960205078,0.21875,NO,,,
10.78838174273859,2600,7.548035621643066,0.125,NO,,,
10.78838174273859,2600,7.548035621643066,0.125,NO,,,
10.78838174273859,2600,7.548035621643066,0.125,NO,,,
10.78838174273859,2600,7.548035621643066,0.125,NO,,,
10.78838174273859,2600,7.548035621643066,0.125,NO,,,
10.78838174273859,2600,7.548035621643066,0.125,NO,,,
10.78838174273859,2600,7.548035621643066,0.125,NO,,,
10.78838174273859,2600,7.548035621643066,0.125,NO,,,
10.78838174273859,2600,7.548035621643066,0.125,NO,,,
10.78838174273859,2600,7.548035621643066,0.125,NO,,,
10.8298755186722,2610,8.372493743896484,0.21875,NO,,,
10.8298755186722,2610,8.372493743896484,0.21875,NO,,,
10.8298755186722,2610,8.372493743896484,0.21875,NO,,,
10.8298755186722,2610,8.372493743896484,0.21875,NO,,,
10.8298755186722,2610,8.372493743896484,0.21875,NO,,,
10.8298755186722,2610,8.372493743896484,0.21875,NO,,,
10.8298755186722,2610,8.372493743896484,0.21875,NO,,,
10.8298755186722,2610,8.372493743896484,0.21875,NO,,,
10.8298755186722,2610,8.372493743896484,0.21875,NO,,,
10.8298755186722,2610,8.372493743896484,0.21875,NO,,,
10.87136929460581,2620,9.968109130859375,0.1875,NO,,,
10.87136929460581,2620,9.968109130859375,0.1875,NO,,,
10.87136929460581,2620,9.968109130859375,0.1875,NO,,,
10.87136929460581,2620,9.968109130859375,0.1875,NO,,,
10.87136929460581,2620,9.968109130859375,0.1875,NO,,,
10.87136929460581,2620,9.968109130859375,0.1875,NO,,,
10.87136929460581,2620,9.968109130859375,0.1875,NO,,,
10.87136929460581,2620,9.968109130859375,0.1875,NO,,,
10.87136929460581,2620,9.968109130859375,0.1875,NO,,,
10.87136929460581,2620,9.968109130859375,0.1875,NO,,,
10.91286307053942,2630,10.526899337768555,0.15625,NO,,,
10.91286307053942,2630,10.526899337768555,0.15625,NO,,,
10.91286307053942,2630,10.526899337768555,0.15625,NO,,,
10.91286307053942,2630,10.526899337768555,0.15625,NO,,,
10.91286307053942,2630,10.526899337768555,0.15625,NO,,,
10.91286307053942,2630,10.526899337768555,0.15625,NO,,,
10.91286307053942,2630,10.526899337768555,0.15625,NO,,,
10.91286307053942,2630,10.526899337768555,0.15625,NO,,,
10.91286307053942,2630,10.526899337768555,0.15625,NO,,,
10.91286307053942,2630,10.526899337768555,0.15625,NO,,,
10.95435684647303,2640,4.838300704956055,0.25,NO,,,
10.95435684647303,2640,4.838300704956055,0.25,NO,,,
10.95435684647303,2640,4.838300704956055,0.25,NO,,,
10.95435684647303,2640,4.838300704956055,0.25,NO,,,
10.95435684647303,2640,4.838300704956055,0.25,NO,,,
10.95435684647303,2640,4.838300704956055,0.25,NO,,,
10.95435684647303,2640,4.838300704956055,0.25,NO,,,
10.95435684647303,2640,4.838300704956055,0.25,NO,,,
10.95435684647303,2640,4.838300704956055,0.25,NO,,,
10.95435684647303,2640,4.838300704956055,0.25,NO,,,
10.995850622406639,2650,6.353885650634766,0.30000001192092896,NO,,,
10.995850622406639,2650,6.353885650634766,0.30000001192092896,NO,,,
10.995850622406639,2650,6.353885650634766,0.30000001192092896,NO,,,
10.995850622406639,2650,6.353885650634766,0.30000001192092896,NO,,,
10.995850622406639,2650,6.353885650634766,0.30000001192092896,NO,,,
10.995850622406639,2650,6.353885650634766,0.30000001192092896,NO,,,
10.995850622406639,2650,6.353885650634766,0.30000001192092896,NO,,,
10.995850622406639,2650,6.353885650634766,0.30000001192092896,NO,,,
10.995850622406639,2650,6.353885650634766,0.30000001192092896,NO,,,
10.995850622406639,2650,6.353885650634766,0.30000001192092896,NO,,,
11.037344398340249,2660,9.873985290527344,0.25,NO,,,
11.037344398340249,2660,9.873985290527344,0.25,NO,,,
11.037344398340249,2660,9.873985290527344,0.25,NO,,,
11.037344398340249,2660,9.873985290527344,0.25,NO,,,
11.037344398340249,2660,9.873985290527344,0.25,NO,,,
11.037344398340249,2660,9.873985290527344,0.25,NO,,,
11.037344398340249,2660,9.873985290527344,0.25,NO,,,
11.037344398340249,2660,9.873985290527344,0.25,NO,,,
11.037344398340249,2660,9.873985290527344,0.25,NO,,,
11.037344398340249,2660,9.873985290527344,0.25,NO,,,
11.078838174273859,2670,9.492620468139648,0.125,NO,,,
11.078838174273859,2670,9.492620468139648,0.125,NO,,,
11.078838174273859,2670,9.492620468139648,0.125,NO,,,
11.078838174273859,2670,9.492620468139648,0.125,NO,,,
11.078838174273859,2670,9.492620468139648,0.125,NO,,,
11.078838174273859,2670,9.492620468139648,0.125,NO,,,
11.078838174273859,2670,9.492620468139648,0.125,NO,,,
11.078838174273859,2670,9.492620468139648,0.125,NO,,,
11.078838174273859,2670,9.492620468139648,0.125,NO,,,
11.078838174273859,2670,9.492620468139648,0.125,NO,,,
11.120331950207468,2680,11.497621536254883,0.25,NO,,,
11.120331950207468,2680,11.497621536254883,0.25,NO,,,
11.120331950207468,2680,11.497621536254883,0.25,NO,,,
11.120331950207468,2680,11.497621536254883,0.25,NO,,,
11.120331950207468,2680,11.497621536254883,0.25,NO,,,
11.120331950207468,2680,11.497621536254883,0.25,NO,,,
11.120331950207468,2680,11.497621536254883,0.25,NO,,,
11.120331950207468,2680,11.497621536254883,0.25,NO,,,
11.120331950207468,2680,11.497621536254883,0.25,NO,,,
11.120331950207468,2680,11.497621536254883,0.25,NO,,,
11.161825726141078,2690,13.450357437133789,0.21875,NO,,,
11.161825726141078,2690,13.450357437133789,0.21875,NO,,,
11.161825726141078,2690,13.450357437133789,0.21875,NO,,,
11.161825726141078,2690,13.450357437133789,0.21875,NO,,,
11.161825726141078,2690,13.450357437133789,0.21875,NO,,,
11.161825726141078,2690,13.450357437133789,0.21875,NO,,,
11.161825726141078,2690,13.450357437133789,0.21875,NO,,,
11.161825726141078,2690,13.450357437133789,0.21875,NO,,,
11.161825726141078,2690,13.450357437133789,0.21875,NO,,,
11.161825726141078,2690,13.450357437133789,0.21875,NO,,,
11.203319502074688,2700,11.206409454345703,0.25,NO,,,
11.203319502074688,2700,11.206409454345703,0.25,NO,,,
11.203319502074688,2700,11.206409454345703,0.25,NO,,,
11.203319502074688,2700,11.206409454345703,0.25,NO,,,
11.203319502074688,2700,11.206409454345703,0.25,NO,,,
11.203319502074688,2700,11.206409454345703,0.25,NO,,,
11.203319502074688,2700,11.206409454345703,0.25,NO,,,
11.203319502074688,2700,11.206409454345703,0.25,NO,,,
11.203319502074688,2700,11.206409454345703,0.25,NO,,,
11.203319502074688,2700,11.206409454345703,0.25,NO,,,
11.244813278008298,2710,10.548389434814453,0.3125,NO,,,
11.244813278008298,2710,10.548389434814453,0.3125,NO,,,
11.244813278008298,2710,10.548389434814453,0.3125,NO,,,
11.244813278008298,2710,10.548389434814453,0.3125,NO,,,
11.244813278008298,2710,10.548389434814453,0.3125,NO,,,
11.244813278008298,2710,10.548389434814453,0.3125,NO,,,
11.244813278008298,2710,10.548389434814453,0.3125,NO,,,
11.244813278008298,2710,10.548389434814453,0.3125,NO,,,
11.244813278008298,2710,10.548389434814453,0.3125,NO,,,
11.244813278008298,2710,10.548389434814453,0.3125,NO,,,
11.28630705394191,2720,8.272254943847656,0.21875,NO,,,
11.28630705394191,2720,8.272254943847656,0.21875,NO,,,
11.28630705394191,2720,8.272254943847656,0.21875,NO,,,
11.28630705394191,2720,8.272254943847656,0.21875,NO,,,
11.28630705394191,2720,8.272254943847656,0.21875,NO,,,
11.28630705394191,2720,8.272254943847656,0.21875,NO,,,
11.28630705394191,2720,8.272254943847656,0.21875,NO,,,
11.28630705394191,2720,8.272254943847656,0.21875,NO,,,
11.28630705394191,2720,8.272254943847656,0.21875,NO,,,
11.28630705394191,2720,8.272254943847656,0.21875,NO,,,
11.32780082987552,2730,16.51782989501953,0.125,NO,,,
11.32780082987552,2730,16.51782989501953,0.125,NO,,,
11.32780082987552,2730,16.51782989501953,0.125,NO,,,
11.32780082987552,2730,16.51782989501953,0.125,NO,,,
11.32780082987552,2730,16.51782989501953,0.125,NO,,,
11.32780082987552,2730,16.51782989501953,0.125,NO,,,
11.32780082987552,2730,16.51782989501953,0.125,NO,,,
11.32780082987552,2730,16.51782989501953,0.125,NO,,,
11.32780082987552,2730,16.51782989501953,0.125,NO,,,
11.32780082987552,2730,16.51782989501953,0.125,NO,,,
11.369294605809129,2740,8.883729934692383,0.34375,NO,,,
11.369294605809129,2740,8.883729934692383,0.34375,NO,,,
11.369294605809129,2740,8.883729934692383,0.34375,NO,,,
11.369294605809129,2740,8.883729934692383,0.34375,NO,,,
11.369294605809129,2740,8.883729934692383,0.34375,NO,,,
11.369294605809129,2740,8.883729934692383,0.34375,NO,,,
11.369294605809129,2740,8.883729934692383,0.34375,NO,,,
11.369294605809129,2740,8.883729934692383,0.34375,NO,,,
11.369294605809129,2740,8.883729934692383,0.34375,NO,,,
11.369294605809129,2740,8.883729934692383,0.34375,NO,,,
11.410788381742739,2750,14.094253540039062,0.1875,NO,,,
11.410788381742739,2750,14.094253540039062,0.1875,NO,,,
11.410788381742739,2750,14.094253540039062,0.1875,NO,,,
11.410788381742739,2750,14.094253540039062,0.1875,NO,,,
11.410788381742739,2750,14.094253540039062,0.1875,NO,,,
11.410788381742739,2750,14.094253540039062,0.1875,NO,,,
11.410788381742739,2750,14.094253540039062,0.1875,NO,,,
11.410788381742739,2750,14.094253540039062,0.1875,NO,,,
11.410788381742739,2750,14.094253540039062,0.1875,NO,,,
11.410788381742739,2750,14.094253540039062,0.1875,NO,,,
11.452282157676349,2760,12.2588529586792,0.3125,NO,,,
11.452282157676349,2760,12.2588529586792,0.3125,NO,,,
11.452282157676349,2760,12.2588529586792,0.3125,NO,,,
11.452282157676349,2760,12.2588529586792,0.3125,NO,,,
11.452282157676349,2760,12.2588529586792,0.3125,NO,,,
11.452282157676349,2760,12.2588529586792,0.3125,NO,,,
11.452282157676349,2760,12.2588529586792,0.3125,NO,,,
11.452282157676349,2760,12.2588529586792,0.3125,NO,,,
11.452282157676349,2760,12.2588529586792,0.3125,NO,,,
11.452282157676349,2760,12.2588529586792,0.3125,NO,,,
11.493775933609959,2770,10.07813835144043,0.34375,NO,,,
11.493775933609959,2770,10.07813835144043,0.34375,NO,,,
11.493775933609959,2770,10.07813835144043,0.34375,NO,,,
11.493775933609959,2770,10.07813835144043,0.34375,NO,,,
11.493775933609959,2770,10.07813835144043,0.34375,NO,,,
11.493775933609959,2770,10.07813835144043,0.34375,NO,,,
11.493775933609959,2770,10.07813835144043,0.34375,NO,,,
11.493775933609959,2770,10.07813835144043,0.34375,NO,,,
11.493775933609959,2770,10.07813835144043,0.34375,NO,,,
11.493775933609959,2770,10.07813835144043,0.34375,NO,,,
11.535269709543568,2780,13.62137222290039,0.28125,NO,,,
11.535269709543568,2780,13.62137222290039,0.28125,NO,,,
11.535269709543568,2780,13.62137222290039,0.28125,NO,,,
11.535269709543568,2780,13.62137222290039,0.28125,NO,,,
11.535269709543568,2780,13.62137222290039,0.28125,NO,,,
11.535269709543568,2780,13.62137222290039,0.28125,NO,,,
11.535269709543568,2780,13.62137222290039,0.28125,NO,,,
11.535269709543568,2780,13.62137222290039,0.28125,NO,,,
11.535269709543568,2780,13.62137222290039,0.28125,NO,,,
11.535269709543568,2780,13.62137222290039,0.28125,NO,,,
11.576763485477178,2790,14.752246856689453,0.21875,NO,,,
11.576763485477178,2790,14.752246856689453,0.21875,NO,,,
11.576763485477178,2790,14.752246856689453,0.21875,NO,,,
11.576763485477178,2790,14.752246856689453,0.21875,NO,,,
11.576763485477178,2790,14.752246856689453,0.21875,NO,,,
11.576763485477178,2790,14.752246856689453,0.21875,NO,,,
11.576763485477178,2790,14.752246856689453,0.21875,NO,,,
11.576763485477178,2790,14.752246856689453,0.21875,NO,,,
11.576763485477178,2790,14.752246856689453,0.21875,NO,,,
11.576763485477178,2790,14.752246856689453,0.21875,NO,,,
11.618257261410788,2800,13.839473724365234,0.1875,NO,,,
11.618257261410788,2800,13.839473724365234,0.1875,NO,,,
11.618257261410788,2800,13.839473724365234,0.1875,NO,,,
11.618257261410788,2800,13.839473724365234,0.1875,NO,,,
11.618257261410788,2800,13.839473724365234,0.1875,NO,,,
11.618257261410788,2800,13.839473724365234,0.1875,NO,,,
11.618257261410788,2800,13.839473724365234,0.1875,NO,,,
11.618257261410788,2800,13.839473724365234,0.1875,NO,,,
11.618257261410788,2800,13.839473724365234,0.1875,NO,,,
11.618257261410788,2800,13.839473724365234,0.1875,NO,,,
11.659751037344398,2810,12.165771484375,0.3125,NO,,,
11.659751037344398,2810,12.165771484375,0.3125,NO,,,
11.659751037344398,2810,12.165771484375,0.3125,NO,,,
11.659751037344398,2810,12.165771484375,0.3125,NO,,,
11.659751037344398,2810,12.165771484375,0.3125,NO,,,
11.659751037344398,2810,12.165771484375,0.3125,NO,,,
11.659751037344398,2810,12.165771484375,0.3125,NO,,,
11.659751037344398,2810,12.165771484375,0.3125,NO,,,
11.659751037344398,2810,12.165771484375,0.3125,NO,,,
11.659751037344398,2810,12.165771484375,0.3125,NO,,,
11.701244813278008,2820,17.81640625,0.1875,NO,,,
11.701244813278008,2820,17.81640625,0.1875,NO,,,
11.701244813278008,2820,17.81640625,0.1875,NO,,,
11.701244813278008,2820,17.81640625,0.1875,NO,,,
11.701244813278008,2820,17.81640625,0.1875,NO,,,
11.701244813278008,2820,17.81640625,0.1875,NO,,,
11.701244813278008,2820,17.81640625,0.1875,NO,,,
11.701244813278008,2820,17.81640625,0.1875,NO,,,
11.701244813278008,2820,17.81640625,0.1875,NO,,,
11.701244813278008,2820,17.81640625,0.1875,NO,,,
11.74273858921162,2830,18.675048828125,0.25,NO,,,
11.74273858921162,2830,18.675048828125,0.25,NO,,,
11.74273858921162,2830,18.675048828125,0.25,NO,,,
11.74273858921162,2830,18.675048828125,0.25,NO,,,
11.74273858921162,2830,18.675048828125,0.25,NO,,,
11.74273858921162,2830,18.675048828125,0.25,NO,,,
11.74273858921162,2830,18.675048828125,0.25,NO,,,
11.74273858921162,2830,18.675048828125,0.25,NO,,,
11.74273858921162,2830,18.675048828125,0.25,NO,,,
11.74273858921162,2830,18.675048828125,0.25,NO,,,
11.784232365145229,2840,22.39794921875,0.25,NO,,,
11.784232365145229,2840,22.39794921875,0.25,NO,,,
11.784232365145229,2840,22.39794921875,0.25,NO,,,
11.784232365145229,2840,22.39794921875,0.25,NO,,,
11.784232365145229,2840,22.39794921875,0.25,NO,,,
11.784232365145229,2840,22.39794921875,0.25,NO,,,
11.784232365145229,2840,22.39794921875,0.25,NO,,,
11.784232365145229,2840,22.39794921875,0.25,NO,,,
11.784232365145229,2840,22.39794921875,0.25,NO,,,
11.784232365145229,2840,22.39794921875,0.25,NO,,,
11.825726141078839,2850,18.901611328125,0.3125,NO,,,
11.825726141078839,2850,18.901611328125,0.3125,NO,,,
11.825726141078839,2850,18.901611328125,0.3125,NO,,,
11.825726141078839,2850,18.901611328125,0.3125,NO,,,
11.825726141078839,2850,18.901611328125,0.3125,NO,,,
11.825726141078839,2850,18.901611328125,0.3125,NO,,,
11.825726141078839,2850,18.901611328125,0.3125,NO,,,
11.825726141078839,2850,18.901611328125,0.3125,NO,,,
11.825726141078839,2850,18.901611328125,0.3125,NO,,,
11.825726141078839,2850,18.901611328125,0.3125,NO,,,
11.867219917012449,2860,24.10546875,0.25,NO,,,
11.867219917012449,2860,24.10546875,0.25,NO,,,
11.867219917012449,2860,24.10546875,0.25,NO,,,
11.867219917012449,2860,24.10546875,0.25,NO,,,
11.867219917012449,2860,24.10546875,0.25,NO,,,
11.867219917012449,2860,24.10546875,0.25,NO,,,
11.867219917012449,2860,24.10546875,0.25,NO,,,
11.867219917012449,2860,24.10546875,0.25,NO,,,
11.867219917012449,2860,24.10546875,0.25,NO,,,
11.867219917012449,2860,24.10546875,0.25,NO,,,
11.908713692946058,2870,20.474609375,0.40625,NO,,,
11.908713692946058,2870,20.474609375,0.40625,NO,,,
11.908713692946058,2870,20.474609375,0.40625,NO,,,
11.908713692946058,2870,20.474609375,0.40625,NO,,,
11.908713692946058,2870,20.474609375,0.40625,NO,,,
11.908713692946058,2870,20.474609375,0.40625,NO,,,
11.908713692946058,2870,20.474609375,0.40625,NO,,,
11.908713692946058,2870,20.474609375,0.40625,NO,,,
11.908713692946058,2870,20.474609375,0.40625,NO,,,
11.908713692946058,2870,20.474609375,0.40625,NO,,,
11.950207468879668,2880,22.810546875,0.25,NO,,,
11.950207468879668,2880,22.810546875,0.25,NO,,,
11.950207468879668,2880,22.810546875,0.25,NO,,,
11.950207468879668,2880,22.810546875,0.25,NO,,,
11.950207468879668,2880,22.810546875,0.25,NO,,,
11.950207468879668,2880,22.810546875,0.25,NO,,,
11.950207468879668,2880,22.810546875,0.25,NO,,,
11.950207468879668,2880,22.810546875,0.25,NO,,,
11.950207468879668,2880,22.810546875,0.25,NO,,,
11.950207468879668,2880,22.810546875,0.25,NO,,,
11.991701244813278,2890,24.9208984375,0.1875,NO,,,
11.991701244813278,2890,24.9208984375,0.1875,NO,,,
11.991701244813278,2890,24.9208984375,0.1875,NO,,,
11.991701244813278,2890,24.9208984375,0.1875,NO,,,
11.991701244813278,2890,24.9208984375,0.1875,NO,,,
11.991701244813278,2890,24.9208984375,0.1875,NO,,,
11.991701244813278,2890,24.9208984375,0.1875,NO,,,
11.991701244813278,2890,24.9208984375,0.1875,NO,,,
11.991701244813278,2890,24.9208984375,0.1875,NO,,,
11.991701244813278,2890,24.9208984375,0.1875,NO,,,
12.033195020746888,2900,28.9326171875,0.28125,NO,,,
12.033195020746888,2900,28.9326171875,0.28125,NO,,,
12.033195020746888,2900,28.9326171875,0.28125,NO,,,
12.033195020746888,2900,28.9326171875,0.28125,NO,,,
12.033195020746888,2900,28.9326171875,0.28125,NO,,,
12.033195020746888,2900,28.9326171875,0.28125,NO,,,
12.033195020746888,2900,28.9326171875,0.28125,NO,,,
12.033195020746888,2900,28.9326171875,0.28125,NO,,,
12.033195020746888,2900,28.9326171875,0.28125,NO,,,
12.033195020746888,2900,28.9326171875,0.28125,NO,,,
12.074688796680498,2910,25.99755859375,0.28125,NO,,,
12.074688796680498,2910,25.99755859375,0.28125,NO,,,
12.074688796680498,2910,25.99755859375,0.28125,NO,,,
12.074688796680498,2910,25.99755859375,0.28125,NO,,,
12.074688796680498,2910,25.99755859375,0.28125,NO,,,
12.074688796680498,2910,25.99755859375,0.28125,NO,,,
12.074688796680498,2910,25.99755859375,0.28125,NO,,,
12.074688796680498,2910,25.99755859375,0.28125,NO,,,
12.074688796680498,2910,25.99755859375,0.28125,NO,,,
12.074688796680498,2910,25.99755859375,0.28125,NO,,,
12.116182572614107,2920,35.32568359375,0.15625,NO,,,
12.116182572614107,2920,35.32568359375,0.15625,NO,,,
12.116182572614107,2920,35.32568359375,0.15625,NO,,,
12.116182572614107,2920,35.32568359375,0.15625,NO,,,
12.116182572614107,2920,35.32568359375,0.15625,NO,,,
12.116182572614107,2920,35.32568359375,0.15625,NO,,,
12.116182572614107,2920,35.32568359375,0.15625,NO,,,
12.116182572614107,2920,35.32568359375,0.15625,NO,,,
12.116182572614107,2920,35.32568359375,0.15625,NO,,,
12.116182572614107,2920,35.32568359375,0.15625,NO,,,
12.157676348547717,2930,33.330078125,0.21875,NO,,,
12.157676348547717,2930,33.330078125,0.21875,NO,,,
12.157676348547717,2930,33.330078125,0.21875,NO,,,
12.157676348547717,2930,33.330078125,0.21875,NO,,,
12.157676348547717,2930,33.330078125,0.21875,NO,,,
12.157676348547717,2930,33.330078125,0.21875,NO,,,
12.157676348547717,2930,33.330078125,0.21875,NO,,,
12.157676348547717,2930,33.330078125,0.21875,NO,,,
12.157676348547717,2930,33.330078125,0.21875,NO,,,
12.157676348547717,2930,33.330078125,0.21875,NO,,,
12.199170124481327,2940,27.60302734375,0.21875,NO,,,
12.199170124481327,2940,27.60302734375,0.21875,NO,,,
12.199170124481327,2940,27.60302734375,0.21875,NO,,,
12.199170124481327,2940,27.60302734375,0.21875,NO,,,
12.199170124481327,2940,27.60302734375,0.21875,NO,,,
12.199170124481327,2940,27.60302734375,0.21875,NO,,,
12.199170124481327,2940,27.60302734375,0.21875,NO,,,
12.199170124481327,2940,27.60302734375,0.21875,NO,,,
12.199170124481327,2940,27.60302734375,0.21875,NO,,,
12.199170124481327,2940,27.60302734375,0.21875,NO,,,
12.240663900414937,2950,28.71630859375,0.28125,NO,,,
12.240663900414937,2950,28.71630859375,0.28125,NO,,,
12.240663900414937,2950,28.71630859375,0.28125,NO,,,
12.240663900414937,2950,28.71630859375,0.28125,NO,,,
12.240663900414937,2950,28.71630859375,0.28125,NO,,,
12.240663900414937,2950,28.71630859375,0.28125,NO,,,
12.240663900414937,2950,28.71630859375,0.28125,NO,,,
12.240663900414937,2950,28.71630859375,0.28125,NO,,,
12.240663900414937,2950,28.71630859375,0.28125,NO,,,
12.240663900414937,2950,28.71630859375,0.28125,NO,,,
12.282157676348548,2960,24.357421875,0.3125,NO,,,
12.282157676348548,2960,24.357421875,0.3125,NO,,,
12.282157676348548,2960,24.357421875,0.3125,NO,,,
12.282157676348548,2960,24.357421875,0.3125,NO,,,
12.282157676348548,2960,24.357421875,0.3125,NO,,,
12.282157676348548,2960,24.357421875,0.3125,NO,,,
12.282157676348548,2960,24.357421875,0.3125,NO,,,
12.282157676348548,2960,24.357421875,0.3125,NO,,,
12.282157676348548,2960,24.357421875,0.3125,NO,,,
12.282157676348548,2960,24.357421875,0.3125,NO,,,
12.323651452282158,2970,29.04736328125,0.21875,NO,,,
12.323651452282158,2970,29.04736328125,0.21875,NO,,,
12.323651452282158,2970,29.04736328125,0.21875,NO,,,
12.323651452282158,2970,29.04736328125,0.21875,NO,,,
12.323651452282158,2970,29.04736328125,0.21875,NO,,,
12.323651452282158,2970,29.04736328125,0.21875,NO,,,
12.323651452282158,2970,29.04736328125,0.21875,NO,,,
12.323651452282158,2970,29.04736328125,0.21875,NO,,,
12.323651452282158,2970,29.04736328125,0.21875,NO,,,
12.323651452282158,2970,29.04736328125,0.21875,NO,,,
12.365145228215768,2980,25.92431640625,0.25,NO,,,
12.365145228215768,2980,25.92431640625,0.25,NO,,,
12.365145228215768,2980,25.92431640625,0.25,NO,,,
12.365145228215768,2980,25.92431640625,0.25,NO,,,
12.365145228215768,2980,25.92431640625,0.25,NO,,,
12.365145228215768,2980,25.92431640625,0.25,NO,,,
12.365145228215768,2980,25.92431640625,0.25,NO,,,
12.365145228215768,2980,25.92431640625,0.25,NO,,,
12.365145228215768,2980,25.92431640625,0.25,NO,,,
12.365145228215768,2980,25.92431640625,0.25,NO,,,
12.406639004149378,2990,26.08056640625,0.1875,NO,,,
12.406639004149378,2990,26.08056640625,0.1875,NO,,,
12.406639004149378,2990,26.08056640625,0.1875,NO,,,
12.406639004149378,2990,26.08056640625,0.1875,NO,,,
12.406639004149378,2990,26.08056640625,0.1875,NO,,,
12.406639004149378,2990,26.08056640625,0.1875,NO,,,
12.406639004149378,2990,26.08056640625,0.1875,NO,,,
12.406639004149378,2990,26.08056640625,0.1875,NO,,,
12.406639004149378,2990,26.08056640625,0.1875,NO,,,
12.406639004149378,2990,26.08056640625,0.1875,YES,20.945335388183594,0.25995316159250587,
12.448132780082988,3000,15.694267272949219,0.375,NO,,,
12.448132780082988,3000,15.694267272949219,0.375,NO,,,
12.448132780082988,3000,15.694267272949219,0.375,NO,,,
12.448132780082988,3000,15.694267272949219,0.375,NO,,,
12.448132780082988,3000,15.694267272949219,0.375,NO,,,
12.448132780082988,3000,15.694267272949219,0.375,NO,,,
12.448132780082988,3000,15.694267272949219,0.375,NO,,,
12.448132780082988,3000,15.694267272949219,0.375,NO,,,
12.448132780082988,3000,15.694267272949219,0.375,NO,,,
12.448132780082988,3000,15.694267272949219,0.375,NO,,,
12.489626556016598,3010,17.40060806274414,0.3125,NO,,,
12.489626556016598,3010,17.40060806274414,0.3125,NO,,,
12.489626556016598,3010,17.40060806274414,0.3125,NO,,,
12.489626556016598,3010,17.40060806274414,0.3125,NO,,,
12.489626556016598,3010,17.40060806274414,0.3125,NO,,,
12.489626556016598,3010,17.40060806274414,0.3125,NO,,,
12.489626556016598,3010,17.40060806274414,0.3125,NO,,,
12.489626556016598,3010,17.40060806274414,0.3125,NO,,,
12.489626556016598,3010,17.40060806274414,0.3125,NO,,,
12.489626556016598,3010,17.40060806274414,0.3125,NO,,,
12.531120331950207,3020,22.052888870239258,0.25,NO,,,
12.531120331950207,3020,22.052888870239258,0.25,NO,,,
12.531120331950207,3020,22.052888870239258,0.25,NO,,,
12.531120331950207,3020,22.052888870239258,0.25,NO,,,
12.531120331950207,3020,22.052888870239258,0.25,NO,,,
12.531120331950207,3020,22.052888870239258,0.25,NO,,,
12.531120331950207,3020,22.052888870239258,0.25,NO,,,
12.531120331950207,3020,22.052888870239258,0.25,NO,,,
12.531120331950207,3020,22.052888870239258,0.25,NO,,,
12.531120331950207,3020,22.052888870239258,0.25,NO,,,
12.572614107883817,3030,16.880748748779297,0.34375,NO,,,
12.572614107883817,3030,16.880748748779297,0.34375,NO,,,
12.572614107883817,3030,16.880748748779297,0.34375,NO,,,
12.572614107883817,3030,16.880748748779297,0.34375,NO,,,
12.572614107883817,3030,16.880748748779297,0.34375,NO,,,
12.572614107883817,3030,16.880748748779297,0.34375,NO,,,
12.572614107883817,3030,16.880748748779297,0.34375,NO,,,
12.572614107883817,3030,16.880748748779297,0.34375,NO,,,
12.572614107883817,3030,16.880748748779297,0.34375,NO,,,
12.572614107883817,3030,16.880748748779297,0.34375,NO,,,
12.614107883817427,3040,19.281972885131836,0.3125,NO,,,
12.614107883817427,3040,19.281972885131836,0.3125,NO,,,
12.614107883817427,3040,19.281972885131836,0.3125,NO,,,
12.614107883817427,3040,19.281972885131836,0.3125,NO,,,
12.614107883817427,3040,19.281972885131836,0.3125,NO,,,
12.614107883817427,3040,19.281972885131836,0.3125,NO,,,
12.614107883817427,3040,19.281972885131836,0.3125,NO,,,
12.614107883817427,3040,19.281972885131836,0.3125,NO,,,
12.614107883817427,3040,19.281972885131836,0.3125,NO,,,
12.614107883817427,3040,19.281972885131836,0.3125,NO,,,
12.655601659751037,3050,21.009817123413086,0.28125,NO,,,
12.655601659751037,3050,21.009817123413086,0.28125,NO,,,
12.655601659751037,3050,21.009817123413086,0.28125,NO,,,
12.655601659751037,3050,21.009817123413086,0.28125,NO,,,
12.655601659751037,3050,21.009817123413086,0.28125,NO,,,
12.655601659751037,3050,21.009817123413086,0.28125,NO,,,
12.655601659751037,3050,21.009817123413086,0.28125,NO,,,
12.655601659751037,3050,21.009817123413086,0.28125,NO,,,
12.655601659751037,3050,21.009817123413086,0.28125,NO,,,
12.655601659751037,3050,21.009817123413086,0.28125,NO,,,
12.697095435684647,3060,22.142854690551758,0.1875,NO,,,
12.697095435684647,3060,22.142854690551758,0.1875,NO,,,
12.697095435684647,3060,22.142854690551758,0.1875,NO,,,
12.697095435684647,3060,22.142854690551758,0.1875,NO,,,
12.697095435684647,3060,22.142854690551758,0.1875,NO,,,
12.697095435684647,3060,22.142854690551758,0.1875,NO,,,
12.697095435684647,3060,22.142854690551758,0.1875,NO,,,
12.697095435684647,3060,22.142854690551758,0.1875,NO,,,
12.697095435684647,3060,22.142854690551758,0.1875,NO,,,
12.697095435684647,3060,22.142854690551758,0.1875,NO,,,
12.738589211618258,3070,17.34176254272461,0.25,NO,,,
12.738589211618258,3070,17.34176254272461,0.25,NO,,,
12.738589211618258,3070,17.34176254272461,0.25,NO,,,
12.738589211618258,3070,17.34176254272461,0.25,NO,,,
12.738589211618258,3070,17.34176254272461,0.25,NO,,,
12.738589211618258,3070,17.34176254272461,0.25,NO,,,
12.738589211618258,3070,17.34176254272461,0.25,NO,,,
12.738589211618258,3070,17.34176254272461,0.25,NO,,,
12.738589211618258,3070,17.34176254272461,0.25,NO,,,
12.738589211618258,3070,17.34176254272461,0.25,NO,,,
12.780082987551868,3080,21.072280883789062,0.25,NO,,,
12.780082987551868,3080,21.072280883789062,0.25,NO,,,
12.780082987551868,3080,21.072280883789062,0.25,NO,,,
12.780082987551868,3080,21.072280883789062,0.25,NO,,,
12.780082987551868,3080,21.072280883789062,0.25,NO,,,
12.780082987551868,3080,21.072280883789062,0.25,NO,,,
12.780082987551868,3080,21.072280883789062,0.25,NO,,,
12.780082987551868,3080,21.072280883789062,0.25,NO,,,
12.780082987551868,3080,21.072280883789062,0.25,NO,,,
12.780082987551868,3080,21.072280883789062,0.25,NO,,,
12.821576763485478,3090,15.840827941894531,0.21875,NO,,,
12.821576763485478,3090,15.840827941894531,0.21875,NO,,,
12.821576763485478,3090,15.840827941894531,0.21875,NO,,,
12.821576763485478,3090,15.840827941894531,0.21875,NO,,,
12.821576763485478,3090,15.840827941894531,0.21875,NO,,,
12.821576763485478,3090,15.840827941894531,0.21875,NO,,,
12.821576763485478,3090,15.840827941894531,0.21875,NO,,,
12.821576763485478,3090,15.840827941894531,0.21875,NO,,,
12.821576763485478,3090,15.840827941894531,0.21875,NO,,,
12.821576763485478,3090,15.840827941894531,0.21875,NO,,,
12.863070539419088,3100,15.108512878417969,0.28125,NO,,,
12.863070539419088,3100,15.108512878417969,0.28125,NO,,,
12.863070539419088,3100,15.108512878417969,0.28125,NO,,,
12.863070539419088,3100,15.108512878417969,0.28125,NO,,,
12.863070539419088,3100,15.108512878417969,0.28125,NO,,,
12.863070539419088,3100,15.108512878417969,0.28125,NO,,,
12.863070539419088,3100,15.108512878417969,0.28125,NO,,,
12.863070539419088,3100,15.108512878417969,0.28125,NO,,,
12.863070539419088,3100,15.108512878417969,0.28125,NO,,,
12.863070539419088,3100,15.108512878417969,0.28125,NO,,,
12.904564315352697,3110,21.41891860961914,0.21875,NO,,,
12.904564315352697,3110,21.41891860961914,0.21875,NO,,,
12.904564315352697,3110,21.41891860961914,0.21875,NO,,,
12.904564315352697,3110,21.41891860961914,0.21875,NO,,,
12.904564315352697,3110,21.41891860961914,0.21875,NO,,,
12.904564315352697,3110,21.41891860961914,0.21875,NO,,,
12.904564315352697,3110,21.41891860961914,0.21875,NO,,,
12.904564315352697,3110,21.41891860961914,0.21875,NO,,,
12.904564315352697,3110,21.41891860961914,0.21875,NO,,,
12.904564315352697,3110,21.41891860961914,0.21875,NO,,,
12.946058091286307,3120,15.893524169921875,0.34375,NO,,,
12.946058091286307,3120,15.893524169921875,0.34375,NO,,,
12.946058091286307,3120,15.893524169921875,0.34375,NO,,,
12.946058091286307,3120,15.893524169921875,0.34375,NO,,,
12.946058091286307,3120,15.893524169921875,0.34375,NO,,,
12.946058091286307,3120,15.893524169921875,0.34375,NO,,,
12.946058091286307,3120,15.893524169921875,0.34375,NO,,,
12.946058091286307,3120,15.893524169921875,0.34375,NO,,,
12.946058091286307,3120,15.893524169921875,0.34375,NO,,,
12.946058091286307,3120,15.893524169921875,0.34375,NO,,,
12.987551867219917,3130,28.09313201904297,0.15625,NO,,,
12.987551867219917,3130,28.09313201904297,0.15625,NO,,,
12.987551867219917,3130,28.09313201904297,0.15625,NO,,,
12.987551867219917,3130,28.09313201904297,0.15625,NO,,,
12.987551867219917,3130,28.09313201904297,0.15625,NO,,,
12.987551867219917,3130,28.09313201904297,0.15625,NO,,,
12.987551867219917,3130,28.09313201904297,0.15625,NO,,,
12.987551867219917,3130,28.09313201904297,0.15625,NO,,,
12.987551867219917,3130,28.09313201904297,0.15625,NO,,,
12.987551867219917,3130,28.09313201904297,0.15625,NO,,,
13.029045643153527,3140,18.401893615722656,0.375,NO,,,
13.029045643153527,3140,18.401893615722656,0.375,NO,,,
13.029045643153527,3140,18.401893615722656,0.375,NO,,,
13.029045643153527,3140,18.401893615722656,0.375,NO,,,
13.029045643153527,3140,18.401893615722656,0.375,NO,,,
13.029045643153527,3140,18.401893615722656,0.375,NO,,,
13.029045643153527,3140,18.401893615722656,0.375,NO,,,
13.029045643153527,3140,18.401893615722656,0.375,NO,,,
13.029045643153527,3140,18.401893615722656,0.375,NO,,,
13.029045643153527,3140,18.401893615722656,0.375,NO,,,
13.070539419087137,3150,26.694835662841797,0.1875,NO,,,
13.070539419087137,3150,26.694835662841797,0.1875,NO,,,
13.070539419087137,3150,26.694835662841797,0.1875,NO,,,
13.070539419087137,3150,26.694835662841797,0.1875,NO,,,
13.070539419087137,3150,26.694835662841797,0.1875,NO,,,
13.070539419087137,3150,26.694835662841797,0.1875,NO,,,
13.070539419087137,3150,26.694835662841797,0.1875,NO,,,
13.070539419087137,3150,26.694835662841797,0.1875,NO,,,
13.070539419087137,3150,26.694835662841797,0.1875,NO,,,
13.070539419087137,3150,26.694835662841797,0.1875,NO,,,
13.112033195020746,3160,15.232792854309082,0.1875,NO,,,
13.112033195020746,3160,15.232792854309082,0.1875,NO,,,
13.112033195020746,3160,15.232792854309082,0.1875,NO,,,
13.112033195020746,3160,15.232792854309082,0.1875,NO,,,
13.112033195020746,3160,15.232792854309082,0.1875,NO,,,
13.112033195020746,3160,15.232792854309082,0.1875,NO,,,
13.112033195020746,3160,15.232792854309082,0.1875,NO,,,
13.112033195020746,3160,15.232792854309082,0.1875,NO,,,
13.112033195020746,3160,15.232792854309082,0.1875,NO,,,
13.112033195020746,3160,15.232792854309082,0.1875,NO,,,
13.153526970954356,3170,23.348464965820312,0.28125,NO,,,
13.153526970954356,3170,23.348464965820312,0.28125,NO,,,
13.153526970954356,3170,23.348464965820312,0.28125,NO,,,
13.153526970954356,3170,23.348464965820312,0.28125,NO,,,
13.153526970954356,3170,23.348464965820312,0.28125,NO,,,
13.153526970954356,3170,23.348464965820312,0.28125,NO,,,
13.153526970954356,3170,23.348464965820312,0.28125,NO,,,
13.153526970954356,3170,23.348464965820312,0.28125,NO,,,
13.153526970954356,3170,23.348464965820312,0.28125,NO,,,
13.153526970954356,3170,23.348464965820312,0.28125,NO,,,
13.195020746887966,3180,19.91474723815918,0.28125,NO,,,
13.195020746887966,3180,19.91474723815918,0.28125,NO,,,
13.195020746887966,3180,19.91474723815918,0.28125,NO,,,
13.195020746887966,3180,19.91474723815918,0.28125,NO,,,
13.195020746887966,3180,19.91474723815918,0.28125,NO,,,
13.195020746887966,3180,19.91474723815918,0.28125,NO,,,
13.195020746887966,3180,19.91474723815918,0.28125,NO,,,
13.195020746887966,3180,19.91474723815918,0.28125,NO,,,
13.195020746887966,3180,19.91474723815918,0.28125,NO,,,
13.195020746887966,3180,19.91474723815918,0.28125,NO,,,
13.236514522821576,3190,17.434894561767578,0.3125,NO,,,
13.236514522821576,3190,17.434894561767578,0.3125,NO,,,
13.236514522821576,3190,17.434894561767578,0.3125,NO,,,
13.236514522821576,3190,17.434894561767578,0.3125,NO,,,
13.236514522821576,3190,17.434894561767578,0.3125,NO,,,
13.236514522821576,3190,17.434894561767578,0.3125,NO,,,
13.236514522821576,3190,17.434894561767578,0.3125,NO,,,
13.236514522821576,3190,17.434894561767578,0.3125,NO,,,
13.236514522821576,3190,17.434894561767578,0.3125,NO,,,
13.236514522821576,3190,17.434894561767578,0.3125,NO,,,
13.278008298755188,3200,26.60628890991211,0.15625,NO,,,
13.278008298755188,3200,26.60628890991211,0.15625,NO,,,
13.278008298755188,3200,26.60628890991211,0.15625,NO,,,
13.278008298755188,3200,26.60628890991211,0.15625,NO,,,
13.278008298755188,3200,26.60628890991211,0.15625,NO,,,
13.278008298755188,3200,26.60628890991211,0.15625,NO,,,
13.278008298755188,3200,26.60628890991211,0.15625,NO,,,
13.278008298755188,3200,26.60628890991211,0.15625,NO,,,
13.278008298755188,3200,26.60628890991211,0.15625,NO,,,
13.278008298755188,3200,26.60628890991211,0.15625,NO,,,
13.319502074688797,3210,25.25634765625,0.21875,NO,,,
13.319502074688797,3210,25.25634765625,0.21875,NO,,,
13.319502074688797,3210,25.25634765625,0.21875,NO,,,
13.319502074688797,3210,25.25634765625,0.21875,NO,,,
13.319502074688797,3210,25.25634765625,0.21875,NO,,,
13.319502074688797,3210,25.25634765625,0.21875,NO,,,
13.319502074688797,3210,25.25634765625,0.21875,NO,,,
13.319502074688797,3210,25.25634765625,0.21875,NO,,,
13.319502074688797,3210,25.25634765625,0.21875,NO,,,
13.319502074688797,3210,25.25634765625,0.21875,NO,,,
13.360995850622407,3220,20.807373046875,0.25,NO,,,
13.360995850622407,3220,20.807373046875,0.25,NO,,,
13.360995850622407,3220,20.807373046875,0.25,NO,,,
13.360995850622407,3220,20.807373046875,0.25,NO,,,
13.360995850622407,3220,20.807373046875,0.25,NO,,,
13.360995850622407,3220,20.807373046875,0.25,NO,,,
13.360995850622407,3220,20.807373046875,0.25,NO,,,
13.360995850622407,3220,20.807373046875,0.25,NO,,,
13.360995850622407,3220,20.807373046875,0.25,NO,,,
13.360995850622407,3220,20.807373046875,0.25,NO,,,
13.402489626556017,3230,24.70068359375,0.125,NO,,,
13.402489626556017,3230,24.70068359375,0.125,NO,,,
13.402489626556017,3230,24.70068359375,0.125,NO,,,
13.402489626556017,3230,24.70068359375,0.125,NO,,,
13.402489626556017,3230,24.70068359375,0.125,NO,,,
13.402489626556017,3230,24.70068359375,0.125,NO,,,
13.402489626556017,3230,24.70068359375,0.125,NO,,,
13.402489626556017,3230,24.70068359375,0.125,NO,,,
13.402489626556017,3230,24.70068359375,0.125,NO,,,
13.402489626556017,3230,24.70068359375,0.125,NO,,,
13.443983402489627,3240,17.229034423828125,0.3125,NO,,,
13.443983402489627,3240,17.229034423828125,0.3125,NO,,,
13.443983402489627,3240,17.229034423828125,0.3125,NO,,,
13.443983402489627,3240,17.229034423828125,0.3125,NO,,,
13.443983402489627,3240,17.229034423828125,0.3125,NO,,,
13.443983402489627,3240,17.229034423828125,0.3125,NO,,,
13.443983402489627,3240,17.229034423828125,0.3125,NO,,,
13.443983402489627,3240,17.229034423828125,0.3125,NO,,,
13.443983402489627,3240,17.229034423828125,0.3125,NO,,,
13.443983402489627,3240,17.229034423828125,0.3125,NO,,,
13.485477178423237,3250,20.248275756835938,0.25,NO,,,
13.485477178423237,3250,20.248275756835938,0.25,NO,,,
13.485477178423237,3250,20.248275756835938,0.25,NO,,,
13.485477178423237,3250,20.248275756835938,0.25,NO,,,
13.485477178423237,3250,20.248275756835938,0.25,NO,,,
13.485477178423237,3250,20.248275756835938,0.25,NO,,,
13.485477178423237,3250,20.248275756835938,0.25,NO,,,
13.485477178423237,3250,20.248275756835938,0.25,NO,,,
13.485477178423237,3250,20.248275756835938,0.25,NO,,,
13.485477178423237,3250,20.248275756835938,0.25,NO,,,
13.526970954356846,3260,22.946054458618164,0.25,NO,,,
13.526970954356846,3260,22.946054458618164,0.25,NO,,,
13.526970954356846,3260,22.946054458618164,0.25,NO,,,
13.526970954356846,3260,22.946054458618164,0.25,NO,,,
13.526970954356846,3260,22.946054458618164,0.25,NO,,,
13.526970954356846,3260,22.946054458618164,0.25,NO,,,
13.526970954356846,3260,22.946054458618164,0.25,NO,,,
13.526970954356846,3260,22.946054458618164,0.25,NO,,,
13.526970954356846,3260,22.946054458618164,0.25,NO,,,
13.526970954356846,3260,22.946054458618164,0.25,NO,,,
13.568464730290456,3270,19.34082794189453,0.34375,NO,,,
13.568464730290456,3270,19.34082794189453,0.34375,NO,,,
13.568464730290456,3270,19.34082794189453,0.34375,NO,,,
13.568464730290456,3270,19.34082794189453,0.34375,NO,,,
13.568464730290456,3270,19.34082794189453,0.34375,NO,,,
13.568464730290456,3270,19.34082794189453,0.34375,NO,,,
13.568464730290456,3270,19.34082794189453,0.34375,NO,,,
13.568464730290456,3270,19.34082794189453,0.34375,NO,,,
13.568464730290456,3270,19.34082794189453,0.34375,NO,,,
13.568464730290456,3270,19.34082794189453,0.34375,NO,,,
13.609958506224066,3280,17.171077728271484,0.28125,NO,,,
13.609958506224066,3280,17.171077728271484,0.28125,NO,,,
13.609958506224066,3280,17.171077728271484,0.28125,NO,,,
13.609958506224066,3280,17.171077728271484,0.28125,NO,,,
13.609958506224066,3280,17.171077728271484,0.28125,NO,,,
13.609958506224066,3280,17.171077728271484,0.28125,NO,,,
13.609958506224066,3280,17.171077728271484,0.28125,NO,,,
13.609958506224066,3280,17.171077728271484,0.28125,NO,,,
13.609958506224066,3280,17.171077728271484,0.28125,NO,,,
13.609958506224066,3280,17.171077728271484,0.28125,NO,,,
13.651452282157676,3290,17.864892959594727,0.28125,NO,,,
13.651452282157676,3290,17.864892959594727,0.28125,NO,,,
13.651452282157676,3290,17.864892959594727,0.28125,NO,,,
13.651452282157676,3290,17.864892959594727,0.28125,NO,,,
13.651452282157676,3290,17.864892959594727,0.28125,NO,,,
13.651452282157676,3290,17.864892959594727,0.28125,NO,,,
13.651452282157676,3290,17.864892959594727,0.28125,NO,,,
13.651452282157676,3290,17.864892959594727,0.28125,NO,,,
13.651452282157676,3290,17.864892959594727,0.28125,NO,,,
13.651452282157676,3290,17.864892959594727,0.28125,NO,,,
13.692946058091286,3300,20.64138412475586,0.21875,NO,,,
13.692946058091286,3300,20.64138412475586,0.21875,NO,,,
13.692946058091286,3300,20.64138412475586,0.21875,NO,,,
13.692946058091286,3300,20.64138412475586,0.21875,NO,,,
13.692946058091286,3300,20.64138412475586,0.21875,NO,,,
13.692946058091286,3300,20.64138412475586,0.21875,NO,,,
13.692946058091286,3300,20.64138412475586,0.21875,NO,,,
13.692946058091286,3300,20.64138412475586,0.21875,NO,,,
13.692946058091286,3300,20.64138412475586,0.21875,NO,,,
13.692946058091286,3300,20.64138412475586,0.21875,NO,,,
13.734439834024897,3310,17.222946166992188,0.375,NO,,,
13.734439834024897,3310,17.222946166992188,0.375,NO,,,
13.734439834024897,3310,17.222946166992188,0.375,NO,,,
13.734439834024897,3310,17.222946166992188,0.375,NO,,,
13.734439834024897,3310,17.222946166992188,0.375,NO,,,
13.734439834024897,3310,17.222946166992188,0.375,NO,,,
13.734439834024897,3310,17.222946166992188,0.375,NO,,,
13.734439834024897,3310,17.222946166992188,0.375,NO,,,
13.734439834024897,3310,17.222946166992188,0.375,NO,,,
13.734439834024897,3310,17.222946166992188,0.375,NO,,,
13.775933609958507,3320,17.013004302978516,0.21875,NO,,,
13.775933609958507,3320,17.013004302978516,0.21875,NO,,,
13.775933609958507,3320,17.013004302978516,0.21875,NO,,,
13.775933609958507,3320,17.013004302978516,0.21875,NO,,,
13.775933609958507,3320,17.013004302978516,0.21875,NO,,,
13.775933609958507,3320,17.013004302978516,0.21875,NO,,,
13.775933609958507,3320,17.013004302978516,0.21875,NO,,,
13.775933609958507,3320,17.013004302978516,0.21875,NO,,,
13.775933609958507,3320,17.013004302978516,0.21875,NO,,,
13.775933609958507,3320,17.013004302978516,0.21875,NO,,,
13.817427385892117,3330,18.434417724609375,0.28125,NO,,,
13.817427385892117,3330,18.434417724609375,0.28125,NO,,,
13.817427385892117,3330,18.434417724609375,0.28125,NO,,,
13.817427385892117,3330,18.434417724609375,0.28125,NO,,,
13.817427385892117,3330,18.434417724609375,0.28125,NO,,,
13.817427385892117,3330,18.434417724609375,0.28125,NO,,,
13.817427385892117,3330,18.434417724609375,0.28125,NO,,,
13.817427385892117,3330,18.434417724609375,0.28125,NO,,,
13.817427385892117,3330,18.434417724609375,0.28125,NO,,,
13.817427385892117,3330,18.434417724609375,0.28125,NO,,,
13.858921161825727,3340,15.948097229003906,0.1875,NO,,,
13.858921161825727,3340,15.948097229003906,0.1875,NO,,,
13.858921161825727,3340,15.948097229003906,0.1875,NO,,,
13.858921161825727,3340,15.948097229003906,0.1875,NO,,,
13.858921161825727,3340,15.948097229003906,0.1875,NO,,,
13.858921161825727,3340,15.948097229003906,0.1875,NO,,,
13.858921161825727,3340,15.948097229003906,0.1875,NO,,,
13.858921161825727,3340,15.948097229003906,0.1875,NO,,,
13.858921161825727,3340,15.948097229003906,0.1875,NO,,,
13.858921161825727,3340,15.948097229003906,0.1875,NO,,,
13.900414937759336,3350,10.857940673828125,0.4375,NO,,,
13.900414937759336,3350,10.857940673828125,0.4375,NO,,,
13.900414937759336,3350,10.857940673828125,0.4375,NO,,,
13.900414937759336,3350,10.857940673828125,0.4375,NO,,,
13.900414937759336,3350,10.857940673828125,0.4375,NO,,,
13.900414937759336,3350,10.857940673828125,0.4375,NO,,,
13.900414937759336,3350,10.857940673828125,0.4375,NO,,,
13.900414937759336,3350,10.857940673828125,0.4375,NO,,,
13.900414937759336,3350,10.857940673828125,0.4375,NO,,,
13.900414937759336,3350,10.857940673828125,0.4375,NO,,,
13.941908713692946,3360,13.914337158203125,0.1875,NO,,,
13.941908713692946,3360,13.914337158203125,0.1875,NO,,,
13.941908713692946,3360,13.914337158203125,0.1875,NO,,,
13.941908713692946,3360,13.914337158203125,0.1875,NO,,,
13.941908713692946,3360,13.914337158203125,0.1875,NO,,,
13.941908713692946,3360,13.914337158203125,0.1875,NO,,,
13.941908713692946,3360,13.914337158203125,0.1875,NO,,,
13.941908713692946,3360,13.914337158203125,0.1875,NO,,,
13.941908713692946,3360,13.914337158203125,0.1875,NO,,,
13.941908713692946,3360,13.914337158203125,0.1875,NO,,,
13.983402489626556,3370,19.01934814453125,0.21875,NO,,,
13.983402489626556,3370,19.01934814453125,0.21875,NO,,,
13.983402489626556,3370,19.01934814453125,0.21875,NO,,,
13.983402489626556,3370,19.01934814453125,0.21875,NO,,,
13.983402489626556,3370,19.01934814453125,0.21875,NO,,,
13.983402489626556,3370,19.01934814453125,0.21875,NO,,,
13.983402489626556,3370,19.01934814453125,0.21875,NO,,,
13.983402489626556,3370,19.01934814453125,0.21875,NO,,,
13.983402489626556,3370,19.01934814453125,0.21875,NO,,,
13.983402489626556,3370,19.01934814453125,0.21875,NO,,,
14.024896265560166,3380,21.083942413330078,0.21875,NO,,,
14.024896265560166,3380,21.083942413330078,0.21875,NO,,,
14.024896265560166,3380,21.083942413330078,0.21875,NO,,,
14.024896265560166,3380,21.083942413330078,0.21875,NO,,,
14.024896265560166,3380,21.083942413330078,0.21875,NO,,,
14.024896265560166,3380,21.083942413330078,0.21875,NO,,,
14.024896265560166,3380,21.083942413330078,0.21875,NO,,,
14.024896265560166,3380,21.083942413330078,0.21875,NO,,,
14.024896265560166,3380,21.083942413330078,0.21875,NO,,,
14.024896265560166,3380,21.083942413330078,0.21875,NO,,,
14.066390041493776,3390,19.240901947021484,0.25,NO,,,
14.066390041493776,3390,19.240901947021484,0.25,NO,,,
14.066390041493776,3390,19.240901947021484,0.25,NO,,,
14.066390041493776,3390,19.240901947021484,0.25,NO,,,
14.066390041493776,3390,19.240901947021484,0.25,NO,,,
14.066390041493776,3390,19.240901947021484,0.25,NO,,,
14.066390041493776,3390,19.240901947021484,0.25,NO,,,
14.066390041493776,3390,19.240901947021484,0.25,NO,,,
14.066390041493776,3390,19.240901947021484,0.25,NO,,,
14.066390041493776,3390,19.240901947021484,0.25,NO,,,
14.107883817427386,3400,17.896408081054688,0.3125,NO,,,
14.107883817427386,3400,17.896408081054688,0.3125,NO,,,
14.107883817427386,3400,17.896408081054688,0.3125,NO,,,
14.107883817427386,3400,17.896408081054688,0.3125,NO,,,
14.107883817427386,3400,17.896408081054688,0.3125,NO,,,
14.107883817427386,3400,17.896408081054688,0.3125,NO,,,
14.107883817427386,3400,17.896408081054688,0.3125,NO,,,
14.107883817427386,3400,17.896408081054688,0.3125,NO,,,
14.107883817427386,3400,17.896408081054688,0.3125,NO,,,
14.107883817427386,3400,17.896408081054688,0.3125,NO,,,
14.149377593360995,3410,15.465141296386719,0.25,NO,,,
14.149377593360995,3410,15.465141296386719,0.25,NO,,,
14.149377593360995,3410,15.465141296386719,0.25,NO,,,
14.149377593360995,3410,15.465141296386719,0.25,NO,,,
14.149377593360995,3410,15.465141296386719,0.25,NO,,,
14.149377593360995,3410,15.465141296386719,0.25,NO,,,
14.149377593360995,3410,15.465141296386719,0.25,NO,,,
14.149377593360995,3410,15.465141296386719,0.25,NO,,,
14.149377593360995,3410,15.465141296386719,0.25,NO,,,
14.149377593360995,3410,15.465141296386719,0.25,NO,,,
14.190871369294605,3420,16.232675552368164,0.25,NO,,,
14.190871369294605,3420,16.232675552368164,0.25,NO,,,
14.190871369294605,3420,16.232675552368164,0.25,NO,,,
14.190871369294605,3420,16.232675552368164,0.25,NO,,,
14.190871369294605,3420,16.232675552368164,0.25,NO,,,
14.190871369294605,3420,16.232675552368164,0.25,NO,,,
14.190871369294605,3420,16.232675552368164,0.25,NO,,,
14.190871369294605,3420,16.232675552368164,0.25,NO,,,
14.190871369294605,3420,16.232675552368164,0.25,NO,,,
14.190871369294605,3420,16.232675552368164,0.25,NO,,,
14.232365145228215,3430,12.753124237060547,0.25,NO,,,
14.232365145228215,3430,12.753124237060547,0.25,NO,,,
14.232365145228215,3430,12.753124237060547,0.25,NO,,,
14.232365145228215,3430,12.753124237060547,0.25,NO,,,
14.232365145228215,3430,12.753124237060547,0.25,NO,,,
14.232365145228215,3430,12.753124237060547,0.25,NO,,,
14.232365145228215,3430,12.753124237060547,0.25,NO,,,
14.232365145228215,3430,12.753124237060547,0.25,NO,,,
14.232365145228215,3430,12.753124237060547,0.25,NO,,,
14.232365145228215,3430,12.753124237060547,0.25,NO,,,
14.273858921161827,3440,14.618735313415527,0.46875,NO,,,
14.273858921161827,3440,14.618735313415527,0.46875,NO,,,
14.273858921161827,3440,14.618735313415527,0.46875,NO,,,
14.273858921161827,3440,14.618735313415527,0.46875,NO,,,
14.273858921161827,3440,14.618735313415527,0.46875,NO,,,
14.273858921161827,3440,14.618735313415527,0.46875,NO,,,
14.273858921161827,3440,14.618735313415527,0.46875,NO,,,
14.273858921161827,3440,14.618735313415527,0.46875,NO,,,
14.273858921161827,3440,14.618735313415527,0.46875,NO,,,
14.273858921161827,3440,14.618735313415527,0.46875,NO,,,
14.315352697095436,3450,20.419239044189453,0.25,NO,,,
14.315352697095436,3450,20.419239044189453,0.25,NO,,,
14.315352697095436,3450,20.419239044189453,0.25,NO,,,
14.315352697095436,3450,20.419239044189453,0.25,NO,,,
14.315352697095436,3450,20.419239044189453,0.25,NO,,,
14.315352697095436,3450,20.419239044189453,0.25,NO,,,
14.315352697095436,3450,20.419239044189453,0.25,NO,,,
14.315352697095436,3450,20.419239044189453,0.25,NO,,,
14.315352697095436,3450,20.419239044189453,0.25,NO,,,
14.315352697095436,3450,20.419239044189453,0.25,NO,,,
14.356846473029046,3460,16.022706985473633,0.3125,NO,,,
14.356846473029046,3460,16.022706985473633,0.3125,NO,,,
14.356846473029046,3460,16.022706985473633,0.3125,NO,,,
14.356846473029046,3460,16.022706985473633,0.3125,NO,,,
14.356846473029046,3460,16.022706985473633,0.3125,NO,,,
14.356846473029046,3460,16.022706985473633,0.3125,NO,,,
14.356846473029046,3460,16.022706985473633,0.3125,NO,,,
14.356846473029046,3460,16.022706985473633,0.3125,NO,,,
14.356846473029046,3460,16.022706985473633,0.3125,NO,,,
14.356846473029046,3460,16.022706985473633,0.3125,NO,,,
14.398340248962656,3470,25.624034881591797,0.21875,NO,,,
14.398340248962656,3470,25.624034881591797,0.21875,NO,,,
14.398340248962656,3470,25.624034881591797,0.21875,NO,,,
14.398340248962656,3470,25.624034881591797,0.21875,NO,,,
14.398340248962656,3470,25.624034881591797,0.21875,NO,,,
14.398340248962656,3470,25.624034881591797,0.21875,NO,,,
14.398340248962656,3470,25.624034881591797,0.21875,NO,,,
14.398340248962656,3470,25.624034881591797,0.21875,NO,,,
14.398340248962656,3470,25.624034881591797,0.21875,NO,,,
14.398340248962656,3470,25.624034881591797,0.21875,NO,,,
14.439834024896266,3480,25.01611328125,0.28125,NO,,,
14.439834024896266,3480,25.01611328125,0.28125,NO,,,
14.439834024896266,3480,25.01611328125,0.28125,NO,,,
14.439834024896266,3480,25.01611328125,0.28125,NO,,,
14.439834024896266,3480,25.01611328125,0.28125,NO,,,
14.439834024896266,3480,25.01611328125,0.28125,NO,,,
14.439834024896266,3480,25.01611328125,0.28125,NO,,,
14.439834024896266,3480,25.01611328125,0.28125,NO,,,
14.439834024896266,3480,25.01611328125,0.28125,NO,,,
14.439834024896266,3480,25.01611328125,0.28125,NO,,,
14.481327800829876,3490,23.767578125,0.3125,NO,,,
14.481327800829876,3490,23.767578125,0.3125,NO,,,
14.481327800829876,3490,23.767578125,0.3125,NO,,,
14.481327800829876,3490,23.767578125,0.3125,NO,,,
14.481327800829876,3490,23.767578125,0.3125,NO,,,
14.481327800829876,3490,23.767578125,0.3125,NO,,,
14.481327800829876,3490,23.767578125,0.3125,NO,,,
14.481327800829876,3490,23.767578125,0.3125,NO,,,
14.481327800829876,3490,23.767578125,0.3125,NO,,,
14.481327800829876,3490,23.767578125,0.3125,NO,,,
14.522821576763485,3500,26.95361328125,0.21875,NO,,,
14.522821576763485,3500,26.95361328125,0.21875,NO,,,
14.522821576763485,3500,26.95361328125,0.21875,NO,,,
14.522821576763485,3500,26.95361328125,0.21875,NO,,,
14.522821576763485,3500,26.95361328125,0.21875,NO,,,
14.522821576763485,3500,26.95361328125,0.21875,NO,,,
14.522821576763485,3500,26.95361328125,0.21875,NO,,,
14.522821576763485,3500,26.95361328125,0.21875,NO,,,
14.522821576763485,3500,26.95361328125,0.21875,NO,,,
14.522821576763485,3500,26.95361328125,0.21875,NO,,,
14.564315352697095,3510,27.697265625,0.1875,NO,,,
14.564315352697095,3510,27.697265625,0.1875,NO,,,
14.564315352697095,3510,27.697265625,0.1875,NO,,,
14.564315352697095,3510,27.697265625,0.1875,NO,,,
14.564315352697095,3510,27.697265625,0.1875,NO,,,
14.564315352697095,3510,27.697265625,0.1875,NO,,,
14.564315352697095,3510,27.697265625,0.1875,NO,,,
14.564315352697095,3510,27.697265625,0.1875,NO,,,
14.564315352697095,3510,27.697265625,0.1875,NO,,,
14.564315352697095,3510,27.697265625,0.1875,NO,,,
14.605809128630705,3520,33.43994140625,0.09375,NO,,,
14.605809128630705,3520,33.43994140625,0.09375,NO,,,
14.605809128630705,3520,33.43994140625,0.09375,NO,,,
14.605809128630705,3520,33.43994140625,0.09375,NO,,,
14.605809128630705,3520,33.43994140625,0.09375,NO,,,
14.605809128630705,3520,33.43994140625,0.09375,NO,,,
14.605809128630705,3520,33.43994140625,0.09375,NO,,,
14.605809128630705,3520,33.43994140625,0.09375,NO,,,
14.605809128630705,3520,33.43994140625,0.09375,NO,,,
14.605809128630705,3520,33.43994140625,0.09375,NO,,,
14.647302904564315,3530,29.69091796875,0.34375,NO,,,
14.647302904564315,3530,29.69091796875,0.34375,NO,,,
14.647302904564315,3530,29.69091796875,0.34375,NO,,,
14.647302904564315,3530,29.69091796875,0.34375,NO,,,
14.647302904564315,3530,29.69091796875,0.34375,NO,,,
14.647302904564315,3530,29.69091796875,0.34375,NO,,,
14.647302904564315,3530,29.69091796875,0.34375,NO,,,
14.647302904564315,3530,29.69091796875,0.34375,NO,,,
14.647302904564315,3530,29.69091796875,0.34375,NO,,,
14.647302904564315,3530,29.69091796875,0.34375,NO,,,
14.688796680497925,3540,19.080810546875,0.34375,NO,,,
14.688796680497925,3540,19.080810546875,0.34375,NO,,,
14.688796680497925,3540,19.080810546875,0.34375,NO,,,
14.688796680497925,3540,19.080810546875,0.34375,NO,,,
14.688796680497925,3540,19.080810546875,0.34375,NO,,,
14.688796680497925,3540,19.080810546875,0.34375,NO,,,
14.688796680497925,3540,19.080810546875,0.34375,NO,,,
14.688796680497925,3540,19.080810546875,0.34375,NO,,,
14.688796680497925,3540,19.080810546875,0.34375,NO,,,
14.688796680497925,3540,19.080810546875,0.34375,NO,,,
14.730290456431534,3550,15.12939453125,0.40625,NO,,,
14.730290456431534,3550,15.12939453125,0.40625,NO,,,
14.730290456431534,3550,15.12939453125,0.40625,NO,,,
14.730290456431534,3550,15.12939453125,0.40625,NO,,,
14.730290456431534,3550,15.12939453125,0.40625,NO,,,
14.730290456431534,3550,15.12939453125,0.40625,NO,,,
14.730290456431534,3550,15.12939453125,0.40625,NO,,,
14.730290456431534,3550,15.12939453125,0.40625,NO,,,
14.730290456431534,3550,15.12939453125,0.40625,NO,,,
14.730290456431534,3550,15.12939453125,0.40625,NO,,,
14.771784232365146,3560,23.196533203125,0.25,NO,,,
14.771784232365146,3560,23.196533203125,0.25,NO,,,
14.771784232365146,3560,23.196533203125,0.25,NO,,,
14.771784232365146,3560,23.196533203125,0.25,NO,,,
14.771784232365146,3560,23.196533203125,0.25,NO,,,
14.771784232365146,3560,23.196533203125,0.25,NO,,,
14.771784232365146,3560,23.196533203125,0.25,NO,,,
14.771784232365146,3560,23.196533203125,0.25,NO,,,
14.771784232365146,3560,23.196533203125,0.25,NO,,,
14.771784232365146,3560,23.196533203125,0.25,NO,,,
14.813278008298756,3570,26.14697265625,0.21875,NO,,,
14.813278008298756,3570,26.14697265625,0.21875,NO,,,
14.813278008298756,3570,26.14697265625,0.21875,NO,,,
14.813278008298756,3570,26.14697265625,0.21875,NO,,,
14.813278008298756,3570,26.14697265625,0.21875,NO,,,
14.813278008298756,3570,26.14697265625,0.21875,NO,,,
14.813278008298756,3570,26.14697265625,0.21875,NO,,,
14.813278008298756,3570,26.14697265625,0.21875,NO,,,
14.813278008298756,3570,26.14697265625,0.21875,NO,,,
14.813278008298756,3570,26.14697265625,0.21875,NO,,,
14.854771784232366,3580,25.009033203125,0.21875,NO,,,
14.854771784232366,3580,25.009033203125,0.21875,NO,,,
14.854771784232366,3580,25.009033203125,0.21875,NO,,,
14.854771784232366,3580,25.009033203125,0.21875,NO,,,
14.854771784232366,3580,25.009033203125,0.21875,NO,,,
14.854771784232366,3580,25.009033203125,0.21875,NO,,,
14.854771784232366,3580,25.009033203125,0.21875,NO,,,
14.854771784232366,3580,25.009033203125,0.21875,NO,,,
14.854771784232366,3580,25.009033203125,0.21875,NO,,,
14.854771784232366,3580,25.009033203125,0.21875,NO,,,
14.896265560165975,3590,19.177490234375,0.34375,NO,,,
14.896265560165975,3590,19.177490234375,0.34375,NO,,,
14.896265560165975,3590,19.177490234375,0.34375,NO,,,
14.896265560165975,3590,19.177490234375,0.34375,NO,,,
14.896265560165975,3590,19.177490234375,0.34375,NO,,,
14.896265560165975,3590,19.177490234375,0.34375,NO,,,
14.896265560165975,3590,19.177490234375,0.34375,NO,,,
14.896265560165975,3590,19.177490234375,0.34375,NO,,,
14.896265560165975,3590,19.177490234375,0.34375,NO,,,
14.896265560165975,3590,19.177490234375,0.34375,NO,,,
14.937759336099585,3600,24.286376953125,0.1875,NO,,,
14.937759336099585,3600,24.286376953125,0.1875,NO,,,
14.937759336099585,3600,24.286376953125,0.1875,NO,,,
14.937759336099585,3600,24.286376953125,0.1875,NO,,,
14.937759336099585,3600,24.286376953125,0.1875,NO,,,
14.937759336099585,3600,24.286376953125,0.1875,NO,,,
14.937759336099585,3600,24.286376953125,0.1875,NO,,,
14.937759336099585,3600,24.286376953125,0.1875,NO,,,
14.937759336099585,3600,24.286376953125,0.1875,NO,,,
14.937759336099585,3600,24.286376953125,0.1875,NO,,,
14.979253112033195,3610,20.720470428466797,0.15625,NO,,,
14.979253112033195,3610,20.720470428466797,0.15625,NO,,,
14.979253112033195,3610,20.720470428466797,0.15625,NO,,,
14.979253112033195,3610,20.720470428466797,0.15625,NO,,,
14.979253112033195,3610,20.720470428466797,0.15625,NO,,,
14.979253112033195,3610,20.720470428466797,0.15625,NO,,,
14.979253112033195,3610,20.720470428466797,0.15625,NO,,,
14.979253112033195,3610,20.720470428466797,0.15625,NO,,,
14.979253112033195,3610,20.720470428466797,0.15625,NO,,,
14.979253112033195,3610,20.720470428466797,0.15625,NO,,,
15.020746887966805,3620,22.433570861816406,0.25,NO,,,
15.020746887966805,3620,22.433570861816406,0.25,NO,,,
15.020746887966805,3620,22.433570861816406,0.25,NO,,,
15.020746887966805,3620,22.433570861816406,0.25,NO,,,
15.020746887966805,3620,22.433570861816406,0.25,NO,,,
15.020746887966805,3620,22.433570861816406,0.25,NO,,,
15.020746887966805,3620,22.433570861816406,0.25,NO,,,
15.020746887966805,3620,22.433570861816406,0.25,NO,,,
15.020746887966805,3620,22.433570861816406,0.25,NO,,,
15.020746887966805,3620,22.433570861816406,0.25,NO,,,
15.062240663900415,3630,21.655502319335938,0.03125,NO,,,
15.062240663900415,3630,21.655502319335938,0.03125,NO,,,
15.062240663900415,3630,21.655502319335938,0.03125,NO,,,
15.062240663900415,3630,21.655502319335938,0.03125,NO,,,
15.062240663900415,3630,21.655502319335938,0.03125,NO,,,
15.062240663900415,3630,21.655502319335938,0.03125,NO,,,
15.062240663900415,3630,21.655502319335938,0.03125,NO,,,
15.062240663900415,3630,21.655502319335938,0.03125,NO,,,
15.062240663900415,3630,21.655502319335938,0.03125,NO,,,
15.062240663900415,3630,21.655502319335938,0.03125,NO,,,
15.103734439834025,3640,17.6492919921875,0.21875,NO,,,
15.103734439834025,3640,17.6492919921875,0.21875,NO,,,
15.103734439834025,3640,17.6492919921875,0.21875,NO,,,
15.103734439834025,3640,17.6492919921875,0.21875,NO,,,
15.103734439834025,3640,17.6492919921875,0.21875,NO,,,
15.103734439834025,3640,17.6492919921875,0.21875,NO,,,
15.103734439834025,3640,17.6492919921875,0.21875,NO,,,
15.103734439834025,3640,17.6492919921875,0.21875,NO,,,
15.103734439834025,3640,17.6492919921875,0.21875,NO,,,
15.103734439834025,3640,17.6492919921875,0.21875,NO,,,
15.145228215767634,3650,20.909181594848633,0.25,NO,,,
15.145228215767634,3650,20.909181594848633,0.25,NO,,,
15.145228215767634,3650,20.909181594848633,0.25,NO,,,
15.145228215767634,3650,20.909181594848633,0.25,NO,,,
15.145228215767634,3650,20.909181594848633,0.25,NO,,,
15.145228215767634,3650,20.909181594848633,0.25,NO,,,
15.145228215767634,3650,20.909181594848633,0.25,NO,,,
15.145228215767634,3650,20.909181594848633,0.25,NO,,,
15.145228215767634,3650,20.909181594848633,0.25,NO,,,
15.145228215767634,3650,20.909181594848633,0.25,NO,,,
15.186721991701244,3660,15.871843338012695,0.28125,NO,,,
15.186721991701244,3660,15.871843338012695,0.28125,NO,,,
15.186721991701244,3660,15.871843338012695,0.28125,NO,,,
15.186721991701244,3660,15.871843338012695,0.28125,NO,,,
15.186721991701244,3660,15.871843338012695,0.28125,NO,,,
15.186721991701244,3660,15.871843338012695,0.28125,NO,,,
15.186721991701244,3660,15.871843338012695,0.28125,NO,,,
15.186721991701244,3660,15.871843338012695,0.28125,NO,,,
15.186721991701244,3660,15.871843338012695,0.28125,NO,,,
15.186721991701244,3660,15.871843338012695,0.28125,NO,,,
15.228215767634854,3670,21.491960525512695,0.25,NO,,,
15.228215767634854,3670,21.491960525512695,0.25,NO,,,
15.228215767634854,3670,21.491960525512695,0.25,NO,,,
15.228215767634854,3670,21.491960525512695,0.25,NO,,,
15.228215767634854,3670,21.491960525512695,0.25,NO,,,
15.228215767634854,3670,21.491960525512695,0.25,NO,,,
15.228215767634854,3670,21.491960525512695,0.25,NO,,,
15.228215767634854,3670,21.491960525512695,0.25,NO,,,
15.228215767634854,3670,21.491960525512695,0.25,NO,,,
15.228215767634854,3670,21.491960525512695,0.25,NO,,,
15.269709543568466,3680,25.953908920288086,0.0625,NO,,,
15.269709543568466,3680,25.953908920288086,0.0625,NO,,,
15.269709543568466,3680,25.953908920288086,0.0625,NO,,,
15.269709543568466,3680,25.953908920288086,0.0625,NO,,,
15.269709543568466,3680,25.953908920288086,0.0625,NO,,,
15.269709543568466,3680,25.953908920288086,0.0625,NO,,,
15.269709543568466,3680,25.953908920288086,0.0625,NO,,,
15.269709543568466,3680,25.953908920288086,0.0625,NO,,,
15.269709543568466,3680,25.953908920288086,0.0625,NO,,,
15.269709543568466,3680,25.953908920288086,0.0625,NO,,,
15.311203319502075,3690,18.258609771728516,0.125,NO,,,
15.311203319502075,3690,18.258609771728516,0.125,NO,,,
15.311203319502075,3690,18.258609771728516,0.125,NO,,,
15.311203319502075,3690,18.258609771728516,0.125,NO,,,
15.311203319502075,3690,18.258609771728516,0.125,NO,,,
15.311203319502075,3690,18.258609771728516,0.125,NO,,,
15.311203319502075,3690,18.258609771728516,0.125,NO,,,
15.311203319502075,3690,18.258609771728516,0.125,NO,,,
15.311203319502075,3690,18.258609771728516,0.125,NO,,,
15.311203319502075,3690,18.258609771728516,0.125,NO,,,
15.352697095435685,3700,19.640289306640625,0.3125,NO,,,
15.352697095435685,3700,19.640289306640625,0.3125,NO,,,
15.352697095435685,3700,19.640289306640625,0.3125,NO,,,
15.352697095435685,3700,19.640289306640625,0.3125,NO,,,
15.352697095435685,3700,19.640289306640625,0.3125,NO,,,
15.352697095435685,3700,19.640289306640625,0.3125,NO,,,
15.352697095435685,3700,19.640289306640625,0.3125,NO,,,
15.352697095435685,3700,19.640289306640625,0.3125,NO,,,
15.352697095435685,3700,19.640289306640625,0.3125,NO,,,
15.352697095435685,3700,19.640289306640625,0.3125,NO,,,
15.394190871369295,3710,10.707242012023926,0.375,NO,,,
15.394190871369295,3710,10.707242012023926,0.375,NO,,,
15.394190871369295,3710,10.707242012023926,0.375,NO,,,
15.394190871369295,3710,10.707242012023926,0.375,NO,,,
15.394190871369295,3710,10.707242012023926,0.375,NO,,,
15.394190871369295,3710,10.707242012023926,0.375,NO,,,
15.394190871369295,3710,10.707242012023926,0.375,NO,,,
15.394190871369295,3710,10.707242012023926,0.375,NO,,,
15.394190871369295,3710,10.707242012023926,0.375,NO,,,
15.394190871369295,3710,10.707242012023926,0.375,NO,,,
15.435684647302905,3720,15.999300003051758,0.25,NO,,,
15.435684647302905,3720,15.999300003051758,0.25,NO,,,
15.435684647302905,3720,15.999300003051758,0.25,NO,,,
15.435684647302905,3720,15.999300003051758,0.25,NO,,,
15.435684647302905,3720,15.999300003051758,0.25,NO,,,
15.435684647302905,3720,15.999300003051758,0.25,NO,,,
15.435684647302905,3720,15.999300003051758,0.25,NO,,,
15.435684647302905,3720,15.999300003051758,0.25,NO,,,
15.435684647302905,3720,15.999300003051758,0.25,NO,,,
15.435684647302905,3720,15.999300003051758,0.25,NO,,,
15.477178423236515,3730,19.09547996520996,0.34375,NO,,,
15.477178423236515,3730,19.09547996520996,0.34375,NO,,,
15.477178423236515,3730,19.09547996520996,0.34375,NO,,,
15.477178423236515,3730,19.09547996520996,0.34375,NO,,,
15.477178423236515,3730,19.09547996520996,0.34375,NO,,,
15.477178423236515,3730,19.09547996520996,0.34375,NO,,,
15.477178423236515,3730,19.09547996520996,0.34375,NO,,,
15.477178423236515,3730,19.09547996520996,0.34375,NO,,,
15.477178423236515,3730,19.09547996520996,0.34375,NO,,,
15.477178423236515,3730,19.09547996520996,0.34375,NO,,,
15.518672199170124,3740,21.725542068481445,0.28125,NO,,,
15.518672199170124,3740,21.725542068481445,0.28125,NO,,,
15.518672199170124,3740,21.725542068481445,0.28125,NO,,,
15.518672199170124,3740,21.725542068481445,0.28125,NO,,,
15.518672199170124,3740,21.725542068481445,0.28125,NO,,,
15.518672199170124,3740,21.725542068481445,0.28125,NO,,,
15.518672199170124,3740,21.725542068481445,0.28125,NO,,,
15.518672199170124,3740,21.725542068481445,0.28125,NO,,,
15.518672199170124,3740,21.725542068481445,0.28125,NO,,,
15.518672199170124,3740,21.725542068481445,0.28125,NO,,,
15.560165975103734,3750,19.20608139038086,0.28125,NO,,,
15.560165975103734,3750,19.20608139038086,0.28125,NO,,,
15.560165975103734,3750,19.20608139038086,0.28125,NO,,,
15.560165975103734,3750,19.20608139038086,0.28125,NO,,,
15.560165975103734,3750,19.20608139038086,0.28125,NO,,,
15.560165975103734,3750,19.20608139038086,0.28125,NO,,,
15.560165975103734,3750,19.20608139038086,0.28125,NO,,,
15.560165975103734,3750,19.20608139038086,0.28125,NO,,,
15.560165975103734,3750,19.20608139038086,0.28125,NO,,,
15.560165975103734,3750,19.20608139038086,0.28125,NO,,,
15.601659751037344,3760,15.922191619873047,0.21875,NO,,,
15.601659751037344,3760,15.922191619873047,0.21875,NO,,,
15.601659751037344,3760,15.922191619873047,0.21875,NO,,,
15.601659751037344,3760,15.922191619873047,0.21875,NO,,,
15.601659751037344,3760,15.922191619873047,0.21875,NO,,,
15.601659751037344,3760,15.922191619873047,0.21875,NO,,,
15.601659751037344,3760,15.922191619873047,0.21875,NO,,,
15.601659751037344,3760,15.922191619873047,0.21875,NO,,,
15.601659751037344,3760,15.922191619873047,0.21875,NO,,,
15.601659751037344,3760,15.922191619873047,0.21875,NO,,,
15.643153526970954,3770,20.284624099731445,0.3125,NO,,,
15.643153526970954,3770,20.284624099731445,0.3125,NO,,,
15.643153526970954,3770,20.284624099731445,0.3125,NO,,,
15.643153526970954,3770,20.284624099731445,0.3125,NO,,,
15.643153526970954,3770,20.284624099731445,0.3125,NO,,,
15.643153526970954,3770,20.284624099731445,0.3125,NO,,,
15.643153526970954,3770,20.284624099731445,0.3125,NO,,,
15.643153526970954,3770,20.284624099731445,0.3125,NO,,,
15.643153526970954,3770,20.284624099731445,0.3125,NO,,,
15.643153526970954,3770,20.284624099731445,0.3125,NO,,,
15.684647302904564,3780,14.854921340942383,0.34375,NO,,,
15.684647302904564,3780,14.854921340942383,0.34375,NO,,,
15.684647302904564,3780,14.854921340942383,0.34375,NO,,,
15.684647302904564,3780,14.854921340942383,0.34375,NO,,,
15.684647302904564,3780,14.854921340942383,0.34375,NO,,,
15.684647302904564,3780,14.854921340942383,0.34375,NO,,,
15.684647302904564,3780,14.854921340942383,0.34375,NO,,,
15.684647302904564,3780,14.854921340942383,0.34375,NO,,,
15.684647302904564,3780,14.854921340942383,0.34375,NO,,,
15.684647302904564,3780,14.854921340942383,0.34375,NO,,,
15.726141078838173,3790,7.768625259399414,0.34375,NO,,,
15.726141078838173,3790,7.768625259399414,0.34375,NO,,,
15.726141078838173,3790,7.768625259399414,0.34375,NO,,,
15.726141078838173,3790,7.768625259399414,0.34375,NO,,,
15.726141078838173,3790,7.768625259399414,0.34375,NO,,,
15.726141078838173,3790,7.768625259399414,0.34375,NO,,,
15.726141078838173,3790,7.768625259399414,0.34375,NO,,,
15.726141078838173,3790,7.768625259399414,0.34375,NO,,,
15.726141078838173,3790,7.768625259399414,0.34375,NO,,,
15.726141078838173,3790,7.768625259399414,0.34375,NO,,,
15.767634854771785,3800,12.9111328125,0.1875,NO,,,
15.767634854771785,3800,12.9111328125,0.1875,NO,,,
15.767634854771785,3800,12.9111328125,0.1875,NO,,,
15.767634854771785,3800,12.9111328125,0.1875,NO,,,
15.767634854771785,3800,12.9111328125,0.1875,NO,,,
15.767634854771785,3800,12.9111328125,0.1875,NO,,,
15.767634854771785,3800,12.9111328125,0.1875,NO,,,
15.767634854771785,3800,12.9111328125,0.1875,NO,,,
15.767634854771785,3800,12.9111328125,0.1875,NO,,,
15.767634854771785,3800,12.9111328125,0.1875,NO,,,
15.809128630705395,3810,16.15022087097168,0.28125,NO,,,
15.809128630705395,3810,16.15022087097168,0.28125,NO,,,
15.809128630705395,3810,16.15022087097168,0.28125,NO,,,
15.809128630705395,3810,16.15022087097168,0.28125,NO,,,
15.809128630705395,3810,16.15022087097168,0.28125,NO,,,
15.809128630705395,3810,16.15022087097168,0.28125,NO,,,
15.809128630705395,3810,16.15022087097168,0.28125,NO,,,
15.809128630705395,3810,16.15022087097168,0.28125,NO,,,
15.809128630705395,3810,16.15022087097168,0.28125,NO,,,
15.809128630705395,3810,16.15022087097168,0.28125,NO,,,
15.850622406639005,3820,18.52025604248047,0.1875,NO,,,
15.850622406639005,3820,18.52025604248047,0.1875,NO,,,
15.850622406639005,3820,18.52025604248047,0.1875,NO,,,
15.850622406639005,3820,18.52025604248047,0.1875,NO,,,
15.850622406639005,3820,18.52025604248047,0.1875,NO,,,
15.850622406639005,3820,18.52025604248047,0.1875,NO,,,
15.850622406639005,3820,18.52025604248047,0.1875,NO,,,
15.850622406639005,3820,18.52025604248047,0.1875,NO,,,
15.850622406639005,3820,18.52025604248047,0.1875,NO,,,
15.850622406639005,3820,18.52025604248047,0.1875,NO,,,
15.892116182572614,3830,16.29306983947754,0.28125,NO,,,
15.892116182572614,3830,16.29306983947754,0.28125,NO,,,
15.892116182572614,3830,16.29306983947754,0.28125,NO,,,
15.892116182572614,3830,16.29306983947754,0.28125,NO,,,
15.892116182572614,3830,16.29306983947754,0.28125,NO,,,
15.892116182572614,3830,16.29306983947754,0.28125,NO,,,
15.892116182572614,3830,16.29306983947754,0.28125,NO,,,
15.892116182572614,3830,16.29306983947754,0.28125,NO,,,
15.892116182572614,3830,16.29306983947754,0.28125,NO,,,
15.892116182572614,3830,16.29306983947754,0.28125,NO,,,
15.933609958506224,3840,15.02182388305664,0.28125,NO,,,
15.933609958506224,3840,15.02182388305664,0.28125,NO,,,
15.933609958506224,3840,15.02182388305664,0.28125,NO,,,
15.933609958506224,3840,15.02182388305664,0.28125,NO,,,
15.933609958506224,3840,15.02182388305664,0.28125,NO,,,
15.933609958506224,3840,15.02182388305664,0.28125,NO,,,
15.933609958506224,3840,15.02182388305664,0.28125,NO,,,
15.933609958506224,3840,15.02182388305664,0.28125,NO,,,
15.933609958506224,3840,15.02182388305664,0.28125,NO,,,
15.933609958506224,3840,15.02182388305664,0.28125,NO,,,
15.975103734439834,3850,17.22663116455078,0.25,NO,,,
15.975103734439834,3850,17.22663116455078,0.25,NO,,,
15.975103734439834,3850,17.22663116455078,0.25,NO,,,
15.975103734439834,3850,17.22663116455078,0.25,NO,,,
15.975103734439834,3850,17.22663116455078,0.25,NO,,,
15.975103734439834,3850,17.22663116455078,0.25,NO,,,
15.975103734439834,3850,17.22663116455078,0.25,NO,,,
15.975103734439834,3850,17.22663116455078,0.25,NO,,,
15.975103734439834,3850,17.22663116455078,0.25,NO,,,
15.975103734439834,3850,17.22663116455078,0.25,NO,,,
16.016597510373444,3860,14.172675132751465,0.3125,NO,,,
16.016597510373444,3860,14.172675132751465,0.3125,NO,,,
16.016597510373444,3860,14.172675132751465,0.3125,NO,,,
16.016597510373444,3860,14.172675132751465,0.3125,NO,,,
16.016597510373444,3860,14.172675132751465,0.3125,NO,,,
16.016597510373444,3860,14.172675132751465,0.3125,NO,,,
16.016597510373444,3860,14.172675132751465,0.3125,NO,,,
16.016597510373444,3860,14.172675132751465,0.3125,NO,,,
16.016597510373444,3860,14.172675132751465,0.3125,NO,,,
16.016597510373444,3860,14.172675132751465,0.3125,NO,,,
16.058091286307054,3870,12.461779594421387,0.40625,NO,,,
16.058091286307054,3870,12.461779594421387,0.40625,NO,,,
16.058091286307054,3870,12.461779594421387,0.40625,NO,,,
16.058091286307054,3870,12.461779594421387,0.40625,NO,,,
16.058091286307054,3870,12.461779594421387,0.40625,NO,,,
16.058091286307054,3870,12.461779594421387,0.40625,NO,,,
16.058091286307054,3870,12.461779594421387,0.40625,NO,,,
16.058091286307054,3870,12.461779594421387,0.40625,NO,,,
16.058091286307054,3870,12.461779594421387,0.40625,NO,,,
16.058091286307054,3870,12.461779594421387,0.40625,NO,,,
16.099585062240664,3880,18.960538864135742,0.15625,NO,,,
16.099585062240664,3880,18.960538864135742,0.15625,NO,,,
16.099585062240664,3880,18.960538864135742,0.15625,NO,,,
16.099585062240664,3880,18.960538864135742,0.15625,NO,,,
16.099585062240664,3880,18.960538864135742,0.15625,NO,,,
16.099585062240664,3880,18.960538864135742,0.15625,NO,,,
16.099585062240664,3880,18.960538864135742,0.15625,NO,,,
16.099585062240664,3880,18.960538864135742,0.15625,NO,,,
16.099585062240664,3880,18.960538864135742,0.15625,NO,,,
16.099585062240664,3880,18.960538864135742,0.15625,NO,,,
16.141078838174273,3890,17.400943756103516,0.375,NO,,,
16.141078838174273,3890,17.400943756103516,0.375,NO,,,
16.141078838174273,3890,17.400943756103516,0.375,NO,,,
16.141078838174273,3890,17.400943756103516,0.375,NO,,,
16.141078838174273,3890,17.400943756103516,0.375,NO,,,
16.141078838174273,3890,17.400943756103516,0.375,NO,,,
16.141078838174273,3890,17.400943756103516,0.375,NO,,,
16.141078838174273,3890,17.400943756103516,0.375,NO,,,
16.141078838174273,3890,17.400943756103516,0.375,NO,,,
16.141078838174273,3890,17.400943756103516,0.375,NO,,,
16.182572614107883,3900,15.625008583068848,0.3125,NO,,,
16.182572614107883,3900,15.625008583068848,0.3125,NO,,,
16.182572614107883,3900,15.625008583068848,0.3125,NO,,,
16.182572614107883,3900,15.625008583068848,0.3125,NO,,,
16.182572614107883,3900,15.625008583068848,0.3125,NO,,,
16.182572614107883,3900,15.625008583068848,0.3125,NO,,,
16.182572614107883,3900,15.625008583068848,0.3125,NO,,,
16.182572614107883,3900,15.625008583068848,0.3125,NO,,,
16.182572614107883,3900,15.625008583068848,0.3125,NO,,,
16.182572614107883,3900,15.625008583068848,0.3125,NO,,,
16.224066390041493,3910,12.25093936920166,0.25,NO,,,
16.224066390041493,3910,12.25093936920166,0.25,NO,,,
16.224066390041493,3910,12.25093936920166,0.25,NO,,,
16.224066390041493,3910,12.25093936920166,0.25,NO,,,
16.224066390041493,3910,12.25093936920166,0.25,NO,,,
16.224066390041493,3910,12.25093936920166,0.25,NO,,,
16.224066390041493,3910,12.25093936920166,0.25,NO,,,
16.224066390041493,3910,12.25093936920166,0.25,NO,,,
16.224066390041493,3910,12.25093936920166,0.25,NO,,,
16.224066390041493,3910,12.25093936920166,0.25,NO,,,
16.265560165975103,3920,15.08060359954834,0.25,NO,,,
16.265560165975103,3920,15.08060359954834,0.25,NO,,,
16.265560165975103,3920,15.08060359954834,0.25,NO,,,
16.265560165975103,3920,15.08060359954834,0.25,NO,,,
16.265560165975103,3920,15.08060359954834,0.25,NO,,,
16.265560165975103,3920,15.08060359954834,0.25,NO,,,
16.265560165975103,3920,15.08060359954834,0.25,NO,,,
16.265560165975103,3920,15.08060359954834,0.25,NO,,,
16.265560165975103,3920,15.08060359954834,0.25,NO,,,
16.265560165975103,3920,15.08060359954834,0.25,NO,,,
16.307053941908713,3930,14.339134216308594,0.21875,NO,,,
16.307053941908713,3930,14.339134216308594,0.21875,NO,,,
16.307053941908713,3930,14.339134216308594,0.21875,NO,,,
16.307053941908713,3930,14.339134216308594,0.21875,NO,,,
16.307053941908713,3930,14.339134216308594,0.21875,NO,,,
16.307053941908713,3930,14.339134216308594,0.21875,NO,,,
16.307053941908713,3930,14.339134216308594,0.21875,NO,,,
16.307053941908713,3930,14.339134216308594,0.21875,NO,,,
16.307053941908713,3930,14.339134216308594,0.21875,NO,,,
16.307053941908713,3930,14.339134216308594,0.21875,NO,,,
16.348547717842322,3940,15.163864135742188,0.25,NO,,,
16.348547717842322,3940,15.163864135742188,0.25,NO,,,
16.348547717842322,3940,15.163864135742188,0.25,NO,,,
16.348547717842322,3940,15.163864135742188,0.25,NO,,,
16.348547717842322,3940,15.163864135742188,0.25,NO,,,
16.348547717842322,3940,15.163864135742188,0.25,NO,,,
16.348547717842322,3940,15.163864135742188,0.25,NO,,,
16.348547717842322,3940,15.163864135742188,0.25,NO,,,
16.348547717842322,3940,15.163864135742188,0.25,NO,,,
16.348547717842322,3940,15.163864135742188,0.25,NO,,,
16.390041493775932,3950,13.953384399414062,0.28125,NO,,,
16.390041493775932,3950,13.953384399414062,0.28125,NO,,,
16.390041493775932,3950,13.953384399414062,0.28125,NO,,,
16.390041493775932,3950,13.953384399414062,0.28125,NO,,,
16.390041493775932,3950,13.953384399414062,0.28125,NO,,,
16.390041493775932,3950,13.953384399414062,0.28125,NO,,,
16.390041493775932,3950,13.953384399414062,0.28125,NO,,,
16.390041493775932,3950,13.953384399414062,0.28125,NO,,,
16.390041493775932,3950,13.953384399414062,0.28125,NO,,,
16.390041493775932,3950,13.953384399414062,0.28125,NO,,,
16.431535269709542,3960,16.370695114135742,0.125,NO,,,
16.431535269709542,3960,16.370695114135742,0.125,NO,,,
16.431535269709542,3960,16.370695114135742,0.125,NO,,,
16.431535269709542,3960,16.370695114135742,0.125,NO,,,
16.431535269709542,3960,16.370695114135742,0.125,NO,,,
16.431535269709542,3960,16.370695114135742,0.125,NO,,,
16.431535269709542,3960,16.370695114135742,0.125,NO,,,
16.431535269709542,3960,16.370695114135742,0.125,NO,,,
16.431535269709542,3960,16.370695114135742,0.125,NO,,,
16.431535269709542,3960,16.370695114135742,0.125,NO,,,
16.473029045643152,3970,14.014509201049805,0.21875,NO,,,
16.473029045643152,3970,14.014509201049805,0.21875,NO,,,
16.473029045643152,3970,14.014509201049805,0.21875,NO,,,
16.473029045643152,3970,14.014509201049805,0.21875,NO,,,
16.473029045643152,3970,14.014509201049805,0.21875,NO,,,
16.473029045643152,3970,14.014509201049805,0.21875,NO,,,
16.473029045643152,3970,14.014509201049805,0.21875,NO,,,
16.473029045643152,3970,14.014509201049805,0.21875,NO,,,
16.473029045643152,3970,14.014509201049805,0.21875,NO,,,
16.473029045643152,3970,14.014509201049805,0.21875,NO,,,
16.51452282157676,3980,12.284994125366211,0.3125,NO,,,
16.51452282157676,3980,12.284994125366211,0.3125,NO,,,
16.51452282157676,3980,12.284994125366211,0.3125,NO,,,
16.51452282157676,3980,12.284994125366211,0.3125,NO,,,
16.51452282157676,3980,12.284994125366211,0.3125,NO,,,
16.51452282157676,3980,12.284994125366211,0.3125,NO,,,
16.51452282157676,3980,12.284994125366211,0.3125,NO,,,
16.51452282157676,3980,12.284994125366211,0.3125,NO,,,
16.51452282157676,3980,12.284994125366211,0.3125,NO,,,
16.51452282157676,3980,12.284994125366211,0.3125,NO,,,
16.556016597510375,3990,14.833078384399414,0.21875,NO,,,
16.556016597510375,3990,14.833078384399414,0.21875,NO,,,
16.556016597510375,3990,14.833078384399414,0.21875,NO,,,
16.556016597510375,3990,14.833078384399414,0.21875,NO,,,
16.556016597510375,3990,14.833078384399414,0.21875,NO,,,
16.556016597510375,3990,14.833078384399414,0.21875,NO,,,
16.556016597510375,3990,14.833078384399414,0.21875,NO,,,
16.556016597510375,3990,14.833078384399414,0.21875,NO,,,
16.556016597510375,3990,14.833078384399414,0.21875,NO,,,
16.556016597510375,3990,14.833078384399414,0.21875,YES,11.7350435256958,0.25995316159250587,
16.597510373443985,4000,15.383918762207031,0.25,NO,,,
16.597510373443985,4000,15.383918762207031,0.25,NO,,,
16.597510373443985,4000,15.383918762207031,0.25,NO,,,
16.597510373443985,4000,15.383918762207031,0.25,NO,,,
16.597510373443985,4000,15.383918762207031,0.25,NO,,,
16.597510373443985,4000,15.383918762207031,0.25,NO,,,
16.597510373443985,4000,15.383918762207031,0.25,NO,,,
16.597510373443985,4000,15.383918762207031,0.25,NO,,,
16.597510373443985,4000,15.383918762207031,0.25,NO,,,
16.597510373443985,4000,15.383918762207031,0.25,NO,,,
16.639004149377595,4010,12.298641204833984,0.28125,NO,,,
16.639004149377595,4010,12.298641204833984,0.28125,NO,,,
16.639004149377595,4010,12.298641204833984,0.28125,NO,,,
16.639004149377595,4010,12.298641204833984,0.28125,NO,,,
16.639004149377595,4010,12.298641204833984,0.28125,NO,,,
16.639004149377595,4010,12.298641204833984,0.28125,NO,,,
16.639004149377595,4010,12.298641204833984,0.28125,NO,,,
16.639004149377595,4010,12.298641204833984,0.28125,NO,,,
16.639004149377595,4010,12.298641204833984,0.28125,NO,,,
16.639004149377595,4010,12.298641204833984,0.28125,NO,,,
16.680497925311204,4020,8.362495422363281,0.375,NO,,,
16.680497925311204,4020,8.362495422363281,0.375,NO,,,
16.680497925311204,4020,8.362495422363281,0.375,NO,,,
16.680497925311204,4020,8.362495422363281,0.375,NO,,,
16.680497925311204,4020,8.362495422363281,0.375,NO,,,
16.680497925311204,4020,8.362495422363281,0.375,NO,,,
16.680497925311204,4020,8.362495422363281,0.375,NO,,,
16.680497925311204,4020,8.362495422363281,0.375,NO,,,
16.680497925311204,4020,8.362495422363281,0.375,NO,,,
16.680497925311204,4020,8.362495422363281,0.375,NO,,,
16.721991701244814,4030,13.24948501586914,0.25,NO,,,
16.721991701244814,4030,13.24948501586914,0.25,NO,,,
16.721991701244814,4030,13.24948501586914,0.25,NO,,,
16.721991701244814,4030,13.24948501586914,0.25,NO,,,
16.721991701244814,4030,13.24948501586914,0.25,NO,,,
16.721991701244814,4030,13.24948501586914,0.25,NO,,,
16.721991701244814,4030,13.24948501586914,0.25,NO,,,
16.721991701244814,4030,13.24948501586914,0.25,NO,,,
16.721991701244814,4030,13.24948501586914,0.25,NO,,,
16.721991701244814,4030,13.24948501586914,0.25,NO,,,
16.763485477178424,4040,11.611664772033691,0.375,NO,,,
16.763485477178424,4040,11.611664772033691,0.375,NO,,,
16.763485477178424,4040,11.611664772033691,0.375,NO,,,
16.763485477178424,4040,11.611664772033691,0.375,NO,,,
16.763485477178424,4040,11.611664772033691,0.375,NO,,,
16.763485477178424,4040,11.611664772033691,0.375,NO,,,
16.763485477178424,4040,11.611664772033691,0.375,NO,,,
16.763485477178424,4040,11.611664772033691,0.375,NO,,,
16.763485477178424,4040,11.611664772033691,0.375,NO,,,
16.763485477178424,4040,11.611664772033691,0.375,NO,,,
16.804979253112034,4050,11.123336791992188,0.28125,NO,,,
16.804979253112034,4050,11.123336791992188,0.28125,NO,,,
16.804979253112034,4050,11.123336791992188,0.28125,NO,,,
16.804979253112034,4050,11.123336791992188,0.28125,NO,,,
16.804979253112034,4050,11.123336791992188,0.28125,NO,,,
16.804979253112034,4050,11.123336791992188,0.28125,NO,,,
16.804979253112034,4050,11.123336791992188,0.28125,NO,,,
16.804979253112034,4050,11.123336791992188,0.28125,NO,,,
16.804979253112034,4050,11.123336791992188,0.28125,NO,,,
16.804979253112034,4050,11.123336791992188,0.28125,NO,,,
16.846473029045644,4060,15.099594116210938,0.21875,NO,,,
16.846473029045644,4060,15.099594116210938,0.21875,NO,,,
16.846473029045644,4060,15.099594116210938,0.21875,NO,,,
16.846473029045644,4060,15.099594116210938,0.21875,NO,,,
16.846473029045644,4060,15.099594116210938,0.21875,NO,,,
16.846473029045644,4060,15.099594116210938,0.21875,NO,,,
16.846473029045644,4060,15.099594116210938,0.21875,NO,,,
16.846473029045644,4060,15.099594116210938,0.21875,NO,,,
16.846473029045644,4060,15.099594116210938,0.21875,NO,,,
16.846473029045644,4060,15.099594116210938,0.21875,NO,,,
16.887966804979254,4070,10.25946044921875,0.3125,NO,,,
16.887966804979254,4070,10.25946044921875,0.3125,NO,,,
16.887966804979254,4070,10.25946044921875,0.3125,NO,,,
16.887966804979254,4070,10.25946044921875,0.3125,NO,,,
16.887966804979254,4070,10.25946044921875,0.3125,NO,,,
16.887966804979254,4070,10.25946044921875,0.3125,NO,,,
16.887966804979254,4070,10.25946044921875,0.3125,NO,,,
16.887966804979254,4070,10.25946044921875,0.3125,NO,,,
16.887966804979254,4070,10.25946044921875,0.3125,NO,,,
16.887966804979254,4070,10.25946044921875,0.3125,NO,,,
16.929460580912863,4080,12.868423461914062,0.21875,NO,,,
16.929460580912863,4080,12.868423461914062,0.21875,NO,,,
16.929460580912863,4080,12.868423461914062,0.21875,NO,,,
16.929460580912863,4080,12.868423461914062,0.21875,NO,,,
16.929460580912863,4080,12.868423461914062,0.21875,NO,,,
16.929460580912863,4080,12.868423461914062,0.21875,NO,,,
16.929460580912863,4080,12.868423461914062,0.21875,NO,,,
16.929460580912863,4080,12.868423461914062,0.21875,NO,,,
16.929460580912863,4080,12.868423461914062,0.21875,NO,,,
16.929460580912863,4080,12.868423461914062,0.21875,NO,,,
16.970954356846473,4090,10.788898468017578,0.28125,NO,,,
16.970954356846473,4090,10.788898468017578,0.28125,NO,,,
16.970954356846473,4090,10.788898468017578,0.28125,NO,,,
16.970954356846473,4090,10.788898468017578,0.28125,NO,,,
16.970954356846473,4090,10.788898468017578,0.28125,NO,,,
16.970954356846473,4090,10.788898468017578,0.28125,NO,,,
16.970954356846473,4090,10.788898468017578,0.28125,NO,,,
16.970954356846473,4090,10.788898468017578,0.28125,NO,,,
16.970954356846473,4090,10.788898468017578,0.28125,NO,,,
16.970954356846473,4090,10.788898468017578,0.28125,NO,,,
17.012448132780083,4100,10.247520446777344,0.21875,NO,,,
17.012448132780083,4100,10.247520446777344,0.21875,NO,,,
17.012448132780083,4100,10.247520446777344,0.21875,NO,,,
17.012448132780083,4100,10.247520446777344,0.21875,NO,,,
17.012448132780083,4100,10.247520446777344,0.21875,NO,,,
17.012448132780083,4100,10.247520446777344,0.21875,NO,,,
17.012448132780083,4100,10.247520446777344,0.21875,NO,,,
17.012448132780083,4100,10.247520446777344,0.21875,NO,,,
17.012448132780083,4100,10.247520446777344,0.21875,NO,,,
17.012448132780083,4100,10.247520446777344,0.21875,NO,,,
17.053941908713693,4110,10.423088073730469,0.3125,NO,,,
17.053941908713693,4110,10.423088073730469,0.3125,NO,,,
17.053941908713693,4110,10.423088073730469,0.3125,NO,,,
17.053941908713693,4110,10.423088073730469,0.3125,NO,,,
17.053941908713693,4110,10.423088073730469,0.3125,NO,,,
17.053941908713693,4110,10.423088073730469,0.3125,NO,,,
17.053941908713693,4110,10.423088073730469,0.3125,NO,,,
17.053941908713693,4110,10.423088073730469,0.3125,NO,,,
17.053941908713693,4110,10.423088073730469,0.3125,NO,,,
17.053941908713693,4110,10.423088073730469,0.3125,NO,,,
17.095435684647303,4120,11.752388000488281,0.15625,NO,,,
17.095435684647303,4120,11.752388000488281,0.15625,NO,,,
17.095435684647303,4120,11.752388000488281,0.15625,NO,,,
17.095435684647303,4120,11.752388000488281,0.15625,NO,,,
17.095435684647303,4120,11.752388000488281,0.15625,NO,,,
17.095435684647303,4120,11.752388000488281,0.15625,NO,,,
17.095435684647303,4120,11.752388000488281,0.15625,NO,,,
17.095435684647303,4120,11.752388000488281,0.15625,NO,,,
17.095435684647303,4120,11.752388000488281,0.15625,NO,,,
17.095435684647303,4120,11.752388000488281,0.15625,NO,,,
17.136929460580912,4130,9.933948516845703,0.375,NO,,,
17.136929460580912,4130,9.933948516845703,0.375,NO,,,
17.136929460580912,4130,9.933948516845703,0.375,NO,,,
17.136929460580912,4130,9.933948516845703,0.375,NO,,,
17.136929460580912,4130,9.933948516845703,0.375,NO,,,
17.136929460580912,4130,9.933948516845703,0.375,NO,,,
17.136929460580912,4130,9.933948516845703,0.375,NO,,,
17.136929460580912,4130,9.933948516845703,0.375,NO,,,
17.136929460580912,4130,9.933948516845703,0.375,NO,,,
17.136929460580912,4130,9.933948516845703,0.375,NO,,,
17.178423236514522,4140,7.206962585449219,0.25,NO,,,
17.178423236514522,4140,7.206962585449219,0.25,NO,,,
17.178423236514522,4140,7.206962585449219,0.25,NO,,,
17.178423236514522,4140,7.206962585449219,0.25,NO,,,
17.178423236514522,4140,7.206962585449219,0.25,NO,,,
17.178423236514522,4140,7.206962585449219,0.25,NO,,,
17.178423236514522,4140,7.206962585449219,0.25,NO,,,
17.178423236514522,4140,7.206962585449219,0.25,NO,,,
17.178423236514522,4140,7.206962585449219,0.25,NO,,,
17.178423236514522,4140,7.206962585449219,0.25,NO,,,
17.219917012448132,4150,13.223358154296875,0.25,NO,,,
17.219917012448132,4150,13.223358154296875,0.25,NO,,,
17.219917012448132,4150,13.223358154296875,0.25,NO,,,
17.219917012448132,4150,13.223358154296875,0.25,NO,,,
17.219917012448132,4150,13.223358154296875,0.25,NO,,,
17.219917012448132,4150,13.223358154296875,0.25,NO,,,
17.219917012448132,4150,13.223358154296875,0.25,NO,,,
17.219917012448132,4150,13.223358154296875,0.25,NO,,,
17.219917012448132,4150,13.223358154296875,0.25,NO,,,
17.219917012448132,4150,13.223358154296875,0.25,NO,,,
17.261410788381742,4160,17.182647705078125,0.1875,NO,,,
17.261410788381742,4160,17.182647705078125,0.1875,NO,,,
17.261410788381742,4160,17.182647705078125,0.1875,NO,,,
17.261410788381742,4160,17.182647705078125,0.1875,NO,,,
17.261410788381742,4160,17.182647705078125,0.1875,NO,,,
17.261410788381742,4160,17.182647705078125,0.1875,NO,,,
17.261410788381742,4160,17.182647705078125,0.1875,NO,,,
17.261410788381742,4160,17.182647705078125,0.1875,NO,,,
17.261410788381742,4160,17.182647705078125,0.1875,NO,,,
17.261410788381742,4160,17.182647705078125,0.1875,NO,,,
17.30290456431535,4170,19.524417877197266,0.125,NO,,,
17.30290456431535,4170,19.524417877197266,0.125,NO,,,
17.30290456431535,4170,19.524417877197266,0.125,NO,,,
17.30290456431535,4170,19.524417877197266,0.125,NO,,,
17.30290456431535,4170,19.524417877197266,0.125,NO,,,
17.30290456431535,4170,19.524417877197266,0.125,NO,,,
17.30290456431535,4170,19.524417877197266,0.125,NO,,,
17.30290456431535,4170,19.524417877197266,0.125,NO,,,
17.30290456431535,4170,19.524417877197266,0.125,NO,,,
17.30290456431535,4170,19.524417877197266,0.125,NO,,,
17.34439834024896,4180,15.67373275756836,0.15625,NO,,,
17.34439834024896,4180,15.67373275756836,0.15625,NO,,,
17.34439834024896,4180,15.67373275756836,0.15625,NO,,,
17.34439834024896,4180,15.67373275756836,0.15625,NO,,,
17.34439834024896,4180,15.67373275756836,0.15625,NO,,,
17.34439834024896,4180,15.67373275756836,0.15625,NO,,,
17.34439834024896,4180,15.67373275756836,0.15625,NO,,,
17.34439834024896,4180,15.67373275756836,0.15625,NO,,,
17.34439834024896,4180,15.67373275756836,0.15625,NO,,,
17.34439834024896,4180,15.67373275756836,0.15625,NO,,,
17.38589211618257,4190,15.903573989868164,0.25,NO,,,
17.38589211618257,4190,15.903573989868164,0.25,NO,,,
17.38589211618257,4190,15.903573989868164,0.25,NO,,,
17.38589211618257,4190,15.903573989868164,0.25,NO,,,
17.38589211618257,4190,15.903573989868164,0.25,NO,,,
17.38589211618257,4190,15.903573989868164,0.25,NO,,,
17.38589211618257,4190,15.903573989868164,0.25,NO,,,
17.38589211618257,4190,15.903573989868164,0.25,NO,,,
17.38589211618257,4190,15.903573989868164,0.25,NO,,,
17.38589211618257,4190,15.903573989868164,0.25,NO,,,
17.42738589211618,4200,12.376619338989258,0.1875,NO,,,
17.42738589211618,4200,12.376619338989258,0.1875,NO,,,
17.42738589211618,4200,12.376619338989258,0.1875,NO,,,
17.42738589211618,4200,12.376619338989258,0.1875,NO,,,
17.42738589211618,4200,12.376619338989258,0.1875,NO,,,
17.42738589211618,4200,12.376619338989258,0.1875,NO,,,
17.42738589211618,4200,12.376619338989258,0.1875,NO,,,
17.42738589211618,4200,12.376619338989258,0.1875,NO,,,
17.42738589211618,4200,12.376619338989258,0.1875,NO,,,
17.42738589211618,4200,12.376619338989258,0.1875,NO,,,
17.46887966804979,4210,13.827795028686523,0.15625,NO,,,
17.46887966804979,4210,13.827795028686523,0.15625,NO,,,
17.46887966804979,4210,13.827795028686523,0.15625,NO,,,
17.46887966804979,4210,13.827795028686523,0.15625,NO,,,
17.46887966804979,4210,13.827795028686523,0.15625,NO,,,
17.46887966804979,4210,13.827795028686523,0.15625,NO,,,
17.46887966804979,4210,13.827795028686523,0.15625,NO,,,
17.46887966804979,4210,13.827795028686523,0.15625,NO,,,
17.46887966804979,4210,13.827795028686523,0.15625,NO,,,
17.46887966804979,4210,13.827795028686523,0.15625,NO,,,
17.510373443983404,4220,17.59431266784668,0.25,NO,,,
17.510373443983404,4220,17.59431266784668,0.25,NO,,,
17.510373443983404,4220,17.59431266784668,0.25,NO,,,
17.510373443983404,4220,17.59431266784668,0.25,NO,,,
17.510373443983404,4220,17.59431266784668,0.25,NO,,,
17.510373443983404,4220,17.59431266784668,0.25,NO,,,
17.510373443983404,4220,17.59431266784668,0.25,NO,,,
17.510373443983404,4220,17.59431266784668,0.25,NO,,,
17.510373443983404,4220,17.59431266784668,0.25,NO,,,
17.510373443983404,4220,17.59431266784668,0.25,NO,,,
17.551867219917014,4230,15.847909927368164,0.28125,NO,,,
17.551867219917014,4230,15.847909927368164,0.28125,NO,,,
17.551867219917014,4230,15.847909927368164,0.28125,NO,,,
17.551867219917014,4230,15.847909927368164,0.28125,NO,,,
17.551867219917014,4230,15.847909927368164,0.28125,NO,,,
17.551867219917014,4230,15.847909927368164,0.28125,NO,,,
17.551867219917014,4230,15.847909927368164,0.28125,NO,,,
17.551867219917014,4230,15.847909927368164,0.28125,NO,,,
17.551867219917014,4230,15.847909927368164,0.28125,NO,,,
17.551867219917014,4230,15.847909927368164,0.28125,NO,,,
17.593360995850624,4240,17.564453125,0.25,NO,,,
17.593360995850624,4240,17.564453125,0.25,NO,,,
17.593360995850624,4240,17.564453125,0.25,NO,,,
17.593360995850624,4240,17.564453125,0.25,NO,,,
17.593360995850624,4240,17.564453125,0.25,NO,,,
17.593360995850624,4240,17.564453125,0.25,NO,,,
17.593360995850624,4240,17.564453125,0.25,NO,,,
17.593360995850624,4240,17.564453125,0.25,NO,,,
17.593360995850624,4240,17.564453125,0.25,NO,,,
17.593360995850624,4240,17.564453125,0.25,NO,,,
17.634854771784234,4250,26.5,0.1875,NO,,,
17.634854771784234,4250,26.5,0.1875,NO,,,
17.634854771784234,4250,26.5,0.1875,NO,,,
17.634854771784234,4250,26.5,0.1875,NO,,,
17.634854771784234,4250,26.5,0.1875,NO,,,
17.634854771784234,4250,26.5,0.1875,NO,,,
17.634854771784234,4250,26.5,0.1875,NO,,,
17.634854771784234,4250,26.5,0.1875,NO,,,
17.634854771784234,4250,26.5,0.1875,NO,,,
17.634854771784234,4250,26.5,0.1875,NO,,,
17.676348547717843,4260,18.0859375,0.3125,NO,,,
17.676348547717843,4260,18.0859375,0.3125,NO,,,
17.676348547717843,4260,18.0859375,0.3125,NO,,,
17.676348547717843,4260,18.0859375,0.3125,NO,,,
17.676348547717843,4260,18.0859375,0.3125,NO,,,
17.676348547717843,4260,18.0859375,0.3125,NO,,,
17.676348547717843,4260,18.0859375,0.3125,NO,,,
17.676348547717843,4260,18.0859375,0.3125,NO,,,
17.676348547717843,4260,18.0859375,0.3125,NO,,,
17.676348547717843,4260,18.0859375,0.3125,NO,,,
17.717842323651453,4270,21.76513671875,0.25,NO,,,
17.717842323651453,4270,21.76513671875,0.25,NO,,,
17.717842323651453,4270,21.76513671875,0.25,NO,,,
17.717842323651453,4270,21.76513671875,0.25,NO,,,
17.717842323651453,4270,21.76513671875,0.25,NO,,,
17.717842323651453,4270,21.76513671875,0.25,NO,,,
17.717842323651453,4270,21.76513671875,0.25,NO,,,
17.717842323651453,4270,21.76513671875,0.25,NO,,,
17.717842323651453,4270,21.76513671875,0.25,NO,,,
17.717842323651453,4270,21.76513671875,0.25,NO,,,
17.759336099585063,4280,17.689945220947266,0.125,NO,,,
17.759336099585063,4280,17.689945220947266,0.125,NO,,,
17.759336099585063,4280,17.689945220947266,0.125,NO,,,
17.759336099585063,4280,17.689945220947266,0.125,NO,,,
17.759336099585063,4280,17.689945220947266,0.125,NO,,,
17.759336099585063,4280,17.689945220947266,0.125,NO,,,
17.759336099585063,4280,17.689945220947266,0.125,NO,,,
17.759336099585063,4280,17.689945220947266,0.125,NO,,,
17.759336099585063,4280,17.689945220947266,0.125,NO,,,
17.759336099585063,4280,17.689945220947266,0.125,NO,,,
17.800829875518673,4290,19.982666015625,0.15625,NO,,,
17.800829875518673,4290,19.982666015625,0.15625,NO,,,
17.800829875518673,4290,19.982666015625,0.15625,NO,,,
17.800829875518673,4290,19.982666015625,0.15625,NO,,,
17.800829875518673,4290,19.982666015625,0.15625,NO,,,
17.800829875518673,4290,19.982666015625,0.15625,NO,,,
17.800829875518673,4290,19.982666015625,0.15625,NO,,,
17.800829875518673,4290,19.982666015625,0.15625,NO,,,
17.800829875518673,4290,19.982666015625,0.15625,NO,,,
17.800829875518673,4290,19.982666015625,0.15625,NO,,,
17.842323651452283,4300,12.656505584716797,0.46875,NO,,,
17.842323651452283,4300,12.656505584716797,0.46875,NO,,,
17.842323651452283,4300,12.656505584716797,0.46875,NO,,,
17.842323651452283,4300,12.656505584716797,0.46875,NO,,,
17.842323651452283,4300,12.656505584716797,0.46875,NO,,,
17.842323651452283,4300,12.656505584716797,0.46875,NO,,,
17.842323651452283,4300,12.656505584716797,0.46875,NO,,,
17.842323651452283,4300,12.656505584716797,0.46875,NO,,,
17.842323651452283,4300,12.656505584716797,0.46875,NO,,,
17.842323651452283,4300,12.656505584716797,0.46875,NO,,,
17.883817427385893,4310,16.2373046875,0.3125,NO,,,
17.883817427385893,4310,16.2373046875,0.3125,NO,,,
17.883817427385893,4310,16.2373046875,0.3125,NO,,,
17.883817427385893,4310,16.2373046875,0.3125,NO,,,
17.883817427385893,4310,16.2373046875,0.3125,NO,,,
17.883817427385893,4310,16.2373046875,0.3125,NO,,,
17.883817427385893,4310,16.2373046875,0.3125,NO,,,
17.883817427385893,4310,16.2373046875,0.3125,NO,,,
17.883817427385893,4310,16.2373046875,0.3125,NO,,,
17.883817427385893,4310,16.2373046875,0.3125,NO,,,
17.925311203319502,4320,14.992919921875,0.28125,NO,,,
17.925311203319502,4320,14.992919921875,0.28125,NO,,,
17.925311203319502,4320,14.992919921875,0.28125,NO,,,
17.925311203319502,4320,14.992919921875,0.28125,NO,,,
17.925311203319502,4320,14.992919921875,0.28125,NO,,,
17.925311203319502,4320,14.992919921875,0.28125,NO,,,
17.925311203319502,4320,14.992919921875,0.28125,NO,,,
17.925311203319502,4320,14.992919921875,0.28125,NO,,,
17.925311203319502,4320,14.992919921875,0.28125,NO,,,
17.925311203319502,4320,14.992919921875,0.28125,NO,,,
17.966804979253112,4330,19.909912109375,0.1875,NO,,,
17.966804979253112,4330,19.909912109375,0.1875,NO,,,
17.966804979253112,4330,19.909912109375,0.1875,NO,,,
17.966804979253112,4330,19.909912109375,0.1875,NO,,,
17.966804979253112,4330,19.909912109375,0.1875,NO,,,
17.966804979253112,4330,19.909912109375,0.1875,NO,,,
17.966804979253112,4330,19.909912109375,0.1875,NO,,,
17.966804979253112,4330,19.909912109375,0.1875,NO,,,
17.966804979253112,4330,19.909912109375,0.1875,NO,,,
17.966804979253112,4330,19.909912109375,0.1875,NO,,,
18.008298755186722,4340,15.370849609375,0.3125,NO,,,
18.008298755186722,4340,15.370849609375,0.3125,NO,,,
18.008298755186722,4340,15.370849609375,0.3125,NO,,,
18.008298755186722,4340,15.370849609375,0.3125,NO,,,
18.008298755186722,4340,15.370849609375,0.3125,NO,,,
18.008298755186722,4340,15.370849609375,0.3125,NO,,,
18.008298755186722,4340,15.370849609375,0.3125,NO,,,
18.008298755186722,4340,15.370849609375,0.3125,NO,,,
18.008298755186722,4340,15.370849609375,0.3125,NO,,,
18.008298755186722,4340,15.370849609375,0.3125,NO,,,
18.04979253112033,4350,16.52099609375,0.21875,NO,,,
18.04979253112033,4350,16.52099609375,0.21875,NO,,,
18.04979253112033,4350,16.52099609375,0.21875,NO,,,
18.04979253112033,4350,16.52099609375,0.21875,NO,,,
18.04979253112033,4350,16.52099609375,0.21875,NO,,,
18.04979253112033,4350,16.52099609375,0.21875,NO,,,
18.04979253112033,4350,16.52099609375,0.21875,NO,,,
18.04979253112033,4350,16.52099609375,0.21875,NO,,,
18.04979253112033,4350,16.52099609375,0.21875,NO,,,
18.04979253112033,4350,16.52099609375,0.21875,NO,,,
18.09128630705394,4360,19.720458984375,0.34375,NO,,,
18.09128630705394,4360,19.720458984375,0.34375,NO,,,
18.09128630705394,4360,19.720458984375,0.34375,NO,,,
18.09128630705394,4360,19.720458984375,0.34375,NO,,,
18.09128630705394,4360,19.720458984375,0.34375,NO,,,
18.09128630705394,4360,19.720458984375,0.34375,NO,,,
18.09128630705394,4360,19.720458984375,0.34375,NO,,,
18.09128630705394,4360,19.720458984375,0.34375,NO,,,
18.09128630705394,4360,19.720458984375,0.34375,NO,,,
18.09128630705394,4360,19.720458984375,0.34375,NO,,,
18.13278008298755,4370,19.056640625,0.1875,NO,,,
18.13278008298755,4370,19.056640625,0.1875,NO,,,
18.13278008298755,4370,19.056640625,0.1875,NO,,,
18.13278008298755,4370,19.056640625,0.1875,NO,,,
18.13278008298755,4370,19.056640625,0.1875,NO,,,
18.13278008298755,4370,19.056640625,0.1875,NO,,,
18.13278008298755,4370,19.056640625,0.1875,NO,,,
18.13278008298755,4370,19.056640625,0.1875,NO,,,
18.13278008298755,4370,19.056640625,0.1875,NO,,,
18.13278008298755,4370,19.056640625,0.1875,NO,,,
18.17427385892116,4380,21.46484375,0.15625,NO,,,
18.17427385892116,4380,21.46484375,0.15625,NO,,,
18.17427385892116,4380,21.46484375,0.15625,NO,,,
18.17427385892116,4380,21.46484375,0.15625,NO,,,
18.17427385892116,4380,21.46484375,0.15625,NO,,,
18.17427385892116,4380,21.46484375,0.15625,NO,,,
18.17427385892116,4380,21.46484375,0.15625,NO,,,
18.17427385892116,4380,21.46484375,0.15625,NO,,,
18.17427385892116,4380,21.46484375,0.15625,NO,,,
18.17427385892116,4380,21.46484375,0.15625,NO,,,
18.21576763485477,4390,18.864990234375,0.28125,NO,,,
18.21576763485477,4390,18.864990234375,0.28125,NO,,,
18.21576763485477,4390,18.864990234375,0.28125,NO,,,
18.21576763485477,4390,18.864990234375,0.28125,NO,,,
18.21576763485477,4390,18.864990234375,0.28125,NO,,,
18.21576763485477,4390,18.864990234375,0.28125,NO,,,
18.21576763485477,4390,18.864990234375,0.28125,NO,,,
18.21576763485477,4390,18.864990234375,0.28125,NO,,,
18.21576763485477,4390,18.864990234375,0.28125,NO,,,
18.21576763485477,4390,18.864990234375,0.28125,NO,,,
18.25726141078838,4400,17.31201171875,0.25,NO,,,
18.25726141078838,4400,17.31201171875,0.25,NO,,,
18.25726141078838,4400,17.31201171875,0.25,NO,,,
18.25726141078838,4400,17.31201171875,0.25,NO,,,
18.25726141078838,4400,17.31201171875,0.25,NO,,,
18.25726141078838,4400,17.31201171875,0.25,NO,,,
18.25726141078838,4400,17.31201171875,0.25,NO,,,
18.25726141078838,4400,17.31201171875,0.25,NO,,,
18.25726141078838,4400,17.31201171875,0.25,NO,,,
18.25726141078838,4400,17.31201171875,0.25,NO,,,
18.29875518672199,4410,12.18505859375,0.40625,NO,,,
18.29875518672199,4410,12.18505859375,0.40625,NO,,,
18.29875518672199,4410,12.18505859375,0.40625,NO,,,
18.29875518672199,4410,12.18505859375,0.40625,NO,,,
18.29875518672199,4410,12.18505859375,0.40625,NO,,,
18.29875518672199,4410,12.18505859375,0.40625,NO,,,
18.29875518672199,4410,12.18505859375,0.40625,NO,,,
18.29875518672199,4410,12.18505859375,0.40625,NO,,,
18.29875518672199,4410,12.18505859375,0.40625,NO,,,
18.29875518672199,4410,12.18505859375,0.40625,NO,,,
18.3402489626556,4420,18.110107421875,0.125,NO,,,
18.3402489626556,4420,18.110107421875,0.125,NO,,,
18.3402489626556,4420,18.110107421875,0.125,NO,,,
18.3402489626556,4420,18.110107421875,0.125,NO,,,
18.3402489626556,4420,18.110107421875,0.125,NO,,,
18.3402489626556,4420,18.110107421875,0.125,NO,,,
18.3402489626556,4420,18.110107421875,0.125,NO,,,
18.3402489626556,4420,18.110107421875,0.125,NO,,,
18.3402489626556,4420,18.110107421875,0.125,NO,,,
18.3402489626556,4420,18.110107421875,0.125,NO,,,
18.38174273858921,4430,14.645986557006836,0.1875,NO,,,
18.38174273858921,4430,14.645986557006836,0.1875,NO,,,
18.38174273858921,4430,14.645986557006836,0.1875,NO,,,
18.38174273858921,4430,14.645986557006836,0.1875,NO,,,
18.38174273858921,4430,14.645986557006836,0.1875,NO,,,
18.38174273858921,4430,14.645986557006836,0.1875,NO,,,
18.38174273858921,4430,14.645986557006836,0.1875,NO,,,
18.38174273858921,4430,14.645986557006836,0.1875,NO,,,
18.38174273858921,4430,14.645986557006836,0.1875,NO,,,
18.38174273858921,4430,14.645986557006836,0.1875,NO,,,
18.42323651452282,4440,10.479049682617188,0.1875,NO,,,
18.42323651452282,4440,10.479049682617188,0.1875,NO,,,
18.42323651452282,4440,10.479049682617188,0.1875,NO,,,
18.42323651452282,4440,10.479049682617188,0.1875,NO,,,
18.42323651452282,4440,10.479049682617188,0.1875,NO,,,
18.42323651452282,4440,10.479049682617188,0.1875,NO,,,
18.42323651452282,4440,10.479049682617188,0.1875,NO,,,
18.42323651452282,4440,10.479049682617188,0.1875,NO,,,
18.42323651452282,4440,10.479049682617188,0.1875,NO,,,
18.42323651452282,4440,10.479049682617188,0.1875,NO,,,
18.46473029045643,4450,16.527851104736328,0.125,NO,,,
18.46473029045643,4450,16.527851104736328,0.125,NO,,,
18.46473029045643,4450,16.527851104736328,0.125,NO,,,
18.46473029045643,4450,16.527851104736328,0.125,NO,,,
18.46473029045643,4450,16.527851104736328,0.125,NO,,,
18.46473029045643,4450,16.527851104736328,0.125,NO,,,
18.46473029045643,4450,16.527851104736328,0.125,NO,,,
18.46473029045643,4450,16.527851104736328,0.125,NO,,,
18.46473029045643,4450,16.527851104736328,0.125,NO,,,
18.46473029045643,4450,16.527851104736328,0.125,NO,,,
18.50622406639004,4460,14.620630264282227,0.21875,NO,,,
18.50622406639004,4460,14.620630264282227,0.21875,NO,,,
18.50622406639004,4460,14.620630264282227,0.21875,NO,,,
18.50622406639004,4460,14.620630264282227,0.21875,NO,,,
18.50622406639004,4460,14.620630264282227,0.21875,NO,,,
18.50622406639004,4460,14.620630264282227,0.21875,NO,,,
18.50622406639004,4460,14.620630264282227,0.21875,NO,,,
18.50622406639004,4460,14.620630264282227,0.21875,NO,,,
18.50622406639004,4460,14.620630264282227,0.21875,NO,,,
18.50622406639004,4460,14.620630264282227,0.21875,NO,,,
18.547717842323653,4470,11.983673095703125,0.34375,NO,,,
18.547717842323653,4470,11.983673095703125,0.34375,NO,,,
18.547717842323653,4470,11.983673095703125,0.34375,NO,,,
18.547717842323653,4470,11.983673095703125,0.34375,NO,,,
18.547717842323653,4470,11.983673095703125,0.34375,NO,,,
18.547717842323653,4470,11.983673095703125,0.34375,NO,,,
18.547717842323653,4470,11.983673095703125,0.34375,NO,,,
18.547717842323653,4470,11.983673095703125,0.34375,NO,,,
18.547717842323653,4470,11.983673095703125,0.34375,NO,,,
18.547717842323653,4470,11.983673095703125,0.34375,NO,,,
18.589211618257263,4480,16.832536697387695,0.1875,NO,,,
18.589211618257263,4480,16.832536697387695,0.1875,NO,,,
18.589211618257263,4480,16.832536697387695,0.1875,NO,,,
18.589211618257263,4480,16.832536697387695,0.1875,NO,,,
18.589211618257263,4480,16.832536697387695,0.1875,NO,,,
18.589211618257263,4480,16.832536697387695,0.1875,NO,,,
18.589211618257263,4480,16.832536697387695,0.1875,NO,,,
18.589211618257263,4480,16.832536697387695,0.1875,NO,,,
18.589211618257263,4480,16.832536697387695,0.1875,NO,,,
18.589211618257263,4480,16.832536697387695,0.1875,NO,,,
18.630705394190873,4490,13.595741271972656,0.28125,NO,,,
18.630705394190873,4490,13.595741271972656,0.28125,NO,,,
18.630705394190873,4490,13.595741271972656,0.28125,NO,,,
18.630705394190873,4490,13.595741271972656,0.28125,NO,,,
18.630705394190873,4490,13.595741271972656,0.28125,NO,,,
18.630705394190873,4490,13.595741271972656,0.28125,NO,,,
18.630705394190873,4490,13.595741271972656,0.28125,NO,,,
18.630705394190873,4490,13.595741271972656,0.28125,NO,,,
18.630705394190873,4490,13.595741271972656,0.28125,NO,,,
18.630705394190873,4490,13.595741271972656,0.28125,NO,,,
18.672199170124482,4500,12.647482872009277,0.21875,NO,,,
18.672199170124482,4500,12.647482872009277,0.21875,NO,,,
18.672199170124482,4500,12.647482872009277,0.21875,NO,,,
18.672199170124482,4500,12.647482872009277,0.21875,NO,,,
18.672199170124482,4500,12.647482872009277,0.21875,NO,,,
18.672199170124482,4500,12.647482872009277,0.21875,NO,,,
18.672199170124482,4500,12.647482872009277,0.21875,NO,,,
18.672199170124482,4500,12.647482872009277,0.21875,NO,,,
18.672199170124482,4500,12.647482872009277,0.21875,NO,,,
18.672199170124482,4500,12.647482872009277,0.21875,NO,,,
18.713692946058092,4510,15.163330078125,0.34375,NO,,,
18.713692946058092,4510,15.163330078125,0.34375,NO,,,
18.713692946058092,4510,15.163330078125,0.34375,NO,,,
18.713692946058092,4510,15.163330078125,0.34375,NO,,,
18.713692946058092,4510,15.163330078125,0.34375,NO,,,
18.713692946058092,4510,15.163330078125,0.34375,NO,,,
18.713692946058092,4510,15.163330078125,0.34375,NO,,,
18.713692946058092,4510,15.163330078125,0.34375,NO,,,
18.713692946058092,4510,15.163330078125,0.34375,NO,,,
18.713692946058092,4510,15.163330078125,0.34375,NO,,,
18.755186721991702,4520,13.407479286193848,0.25,NO,,,
18.755186721991702,4520,13.407479286193848,0.25,NO,,,
18.755186721991702,4520,13.407479286193848,0.25,NO,,,
18.755186721991702,4520,13.407479286193848,0.25,NO,,,
18.755186721991702,4520,13.407479286193848,0.25,NO,,,
18.755186721991702,4520,13.407479286193848,0.25,NO,,,
18.755186721991702,4520,13.407479286193848,0.25,NO,,,
18.755186721991702,4520,13.407479286193848,0.25,NO,,,
18.755186721991702,4520,13.407479286193848,0.25,NO,,,
18.755186721991702,4520,13.407479286193848,0.25,NO,,,
18.796680497925312,4530,17.947021484375,0.25,NO,,,
18.796680497925312,4530,17.947021484375,0.25,NO,,,
18.796680497925312,4530,17.947021484375,0.25,NO,,,
18.796680497925312,4530,17.947021484375,0.25,NO,,,
18.796680497925312,4530,17.947021484375,0.25,NO,,,
18.796680497925312,4530,17.947021484375,0.25,NO,,,
18.796680497925312,4530,17.947021484375,0.25,NO,,,
18.796680497925312,4530,17.947021484375,0.25,NO,,,
18.796680497925312,4530,17.947021484375,0.25,NO,,,
18.796680497925312,4530,17.947021484375,0.25,NO,,,
18.83817427385892,4540,18.900634765625,0.25,NO,,,
18.83817427385892,4540,18.900634765625,0.25,NO,,,
18.83817427385892,4540,18.900634765625,0.25,NO,,,
18.83817427385892,4540,18.900634765625,0.25,NO,,,
18.83817427385892,4540,18.900634765625,0.25,NO,,,
18.83817427385892,4540,18.900634765625,0.25,NO,,,
18.83817427385892,4540,18.900634765625,0.25,NO,,,
18.83817427385892,4540,18.900634765625,0.25,NO,,,
18.83817427385892,4540,18.900634765625,0.25,NO,,,
18.83817427385892,4540,18.900634765625,0.25,NO,,,
18.87966804979253,4550,22.76123046875,0.125,NO,,,
18.87966804979253,4550,22.76123046875,0.125,NO,,,
18.87966804979253,4550,22.76123046875,0.125,NO,,,
18.87966804979253,4550,22.76123046875,0.125,NO,,,
18.87966804979253,4550,22.76123046875,0.125,NO,,,
18.87966804979253,4550,22.76123046875,0.125,NO,,,
18.87966804979253,4550,22.76123046875,0.125,NO,,,
18.87966804979253,4550,22.76123046875,0.125,NO,,,
18.87966804979253,4550,22.76123046875,0.125,NO,,,
18.87966804979253,4550,22.76123046875,0.125,NO,,,
18.92116182572614,4560,22.703125,0.15625,NO,,,
18.92116182572614,4560,22.703125,0.15625,NO,,,
18.92116182572614,4560,22.703125,0.15625,NO,,,
18.92116182572614,4560,22.703125,0.15625,NO,,,
18.92116182572614,4560,22.703125,0.15625,NO,,,
18.92116182572614,4560,22.703125,0.15625,NO,,,
18.92116182572614,4560,22.703125,0.15625,NO,,,
18.92116182572614,4560,22.703125,0.15625,NO,,,
18.92116182572614,4560,22.703125,0.15625,NO,,,
18.92116182572614,4560,22.703125,0.15625,NO,,,
18.96265560165975,4570,19.54541015625,0.25,NO,,,
18.96265560165975,4570,19.54541015625,0.25,NO,,,
18.96265560165975,4570,19.54541015625,0.25,NO,,,
18.96265560165975,4570,19.54541015625,0.25,NO,,,
18.96265560165975,4570,19.54541015625,0.25,NO,,,
18.96265560165975,4570,19.54541015625,0.25,NO,,,
18.96265560165975,4570,19.54541015625,0.25,NO,,,
18.96265560165975,4570,19.54541015625,0.25,NO,,,
18.96265560165975,4570,19.54541015625,0.25,NO,,,
18.96265560165975,4570,19.54541015625,0.25,NO,,,
19.00414937759336,4580,19.628173828125,0.3125,NO,,,
19.00414937759336,4580,19.628173828125,0.3125,NO,,,
19.00414937759336,4580,19.628173828125,0.3125,NO,,,
19.00414937759336,4580,19.628173828125,0.3125,NO,,,
19.00414937759336,4580,19.628173828125,0.3125,NO,,,
19.00414937759336,4580,19.628173828125,0.3125,NO,,,
19.00414937759336,4580,19.628173828125,0.3125,NO,,,
19.00414937759336,4580,19.628173828125,0.3125,NO,,,
19.00414937759336,4580,19.628173828125,0.3125,NO,,,
19.00414937759336,4580,19.628173828125,0.3125,NO,,,
19.04564315352697,4590,15.734375,0.3125,NO,,,
19.04564315352697,4590,15.734375,0.3125,NO,,,
19.04564315352697,4590,15.734375,0.3125,NO,,,
19.04564315352697,4590,15.734375,0.3125,NO,,,
19.04564315352697,4590,15.734375,0.3125,NO,,,
19.04564315352697,4590,15.734375,0.3125,NO,,,
19.04564315352697,4590,15.734375,0.3125,NO,,,
19.04564315352697,4590,15.734375,0.3125,NO,,,
19.04564315352697,4590,15.734375,0.3125,NO,,,
19.04564315352697,4590,15.734375,0.3125,NO,,,
19.08713692946058,4600,19.3525390625,0.25,NO,,,
19.08713692946058,4600,19.3525390625,0.25,NO,,,
19.08713692946058,4600,19.3525390625,0.25,NO,,,
19.08713692946058,4600,19.3525390625,0.25,NO,,,
19.08713692946058,4600,19.3525390625,0.25,NO,,,
19.08713692946058,4600,19.3525390625,0.25,NO,,,
19.08713692946058,4600,19.3525390625,0.25,NO,,,
19.08713692946058,4600,19.3525390625,0.25,NO,,,
19.08713692946058,4600,19.3525390625,0.25,NO,,,
19.08713692946058,4600,19.3525390625,0.25,NO,,,
19.12863070539419,4610,27.14892578125,0.15625,NO,,,
19.12863070539419,4610,27.14892578125,0.15625,NO,,,
19.12863070539419,4610,27.14892578125,0.15625,NO,,,
19.12863070539419,4610,27.14892578125,0.15625,NO,,,
19.12863070539419,4610,27.14892578125,0.15625,NO,,,
19.12863070539419,4610,27.14892578125,0.15625,NO,,,
19.12863070539419,4610,27.14892578125,0.15625,NO,,,
19.12863070539419,4610,27.14892578125,0.15625,NO,,,
19.12863070539419,4610,27.14892578125,0.15625,NO,,,
19.12863070539419,4610,27.14892578125,0.15625,NO,,,
19.1701244813278,4620,25.80078125,0.1875,NO,,,
19.1701244813278,4620,25.80078125,0.1875,NO,,,
19.1701244813278,4620,25.80078125,0.1875,NO,,,
19.1701244813278,4620,25.80078125,0.1875,NO,,,
19.1701244813278,4620,25.80078125,0.1875,NO,,,
19.1701244813278,4620,25.80078125,0.1875,NO,,,
19.1701244813278,4620,25.80078125,0.1875,NO,,,
19.1701244813278,4620,25.80078125,0.1875,NO,,,
19.1701244813278,4620,25.80078125,0.1875,NO,,,
19.1701244813278,4620,25.80078125,0.1875,NO,,,
19.21161825726141,4630,27.12158203125,0.1875,NO,,,
19.21161825726141,4630,27.12158203125,0.1875,NO,,,
19.21161825726141,4630,27.12158203125,0.1875,NO,,,
19.21161825726141,4630,27.12158203125,0.1875,NO,,,
19.21161825726141,4630,27.12158203125,0.1875,NO,,,
19.21161825726141,4630,27.12158203125,0.1875,NO,,,
19.21161825726141,4630,27.12158203125,0.1875,NO,,,
19.21161825726141,4630,27.12158203125,0.1875,NO,,,
19.21161825726141,4630,27.12158203125,0.1875,NO,,,
19.21161825726141,4630,27.12158203125,0.1875,NO,,,
19.25311203319502,4640,22.89697265625,0.375,NO,,,
19.25311203319502,4640,22.89697265625,0.375,NO,,,
19.25311203319502,4640,22.89697265625,0.375,NO,,,
19.25311203319502,4640,22.89697265625,0.375,NO,,,
19.25311203319502,4640,22.89697265625,0.375,NO,,,
19.25311203319502,4640,22.89697265625,0.375,NO,,,
19.25311203319502,4640,22.89697265625,0.375,NO,,,
19.25311203319502,4640,22.89697265625,0.375,NO,,,
19.25311203319502,4640,22.89697265625,0.375,NO,,,
19.25311203319502,4640,22.89697265625,0.375,NO,,,
19.29460580912863,4650,24.99560546875,0.25,NO,,,
19.29460580912863,4650,24.99560546875,0.25,NO,,,
19.29460580912863,4650,24.99560546875,0.25,NO,,,
19.29460580912863,4650,24.99560546875,0.25,NO,,,
19.29460580912863,4650,24.99560546875,0.25,NO,,,
19.29460580912863,4650,24.99560546875,0.25,NO,,,
19.29460580912863,4650,24.99560546875,0.25,NO,,,
19.29460580912863,4650,24.99560546875,0.25,NO,,,
19.29460580912863,4650,24.99560546875,0.25,NO,,,
19.29460580912863,4650,24.99560546875,0.25,NO,,,
19.33609958506224,4660,24.53515625,0.28125,NO,,,
19.33609958506224,4660,24.53515625,0.28125,NO,,,
19.33609958506224,4660,24.53515625,0.28125,NO,,,
19.33609958506224,4660,24.53515625,0.28125,NO,,,
19.33609958506224,4660,24.53515625,0.28125,NO,,,
19.33609958506224,4660,24.53515625,0.28125,NO,,,
19.33609958506224,4660,24.53515625,0.28125,NO,,,
19.33609958506224,4660,24.53515625,0.28125,NO,,,
19.33609958506224,4660,24.53515625,0.28125,NO,,,
19.33609958506224,4660,24.53515625,0.28125,NO,,,
19.37759336099585,4670,23.841796875,0.28125,NO,,,
19.37759336099585,4670,23.841796875,0.28125,NO,,,
19.37759336099585,4670,23.841796875,0.28125,NO,,,
19.37759336099585,4670,23.841796875,0.28125,NO,,,
19.37759336099585,4670,23.841796875,0.28125,NO,,,
19.37759336099585,4670,23.841796875,0.28125,NO,,,
19.37759336099585,4670,23.841796875,0.28125,NO,,,
19.37759336099585,4670,23.841796875,0.28125,NO,,,
19.37759336099585,4670,23.841796875,0.28125,NO,,,
19.37759336099585,4670,23.841796875,0.28125,NO,,,
19.41908713692946,4680,26.424318313598633,0.25,NO,,,
19.41908713692946,4680,26.424318313598633,0.25,NO,,,
19.41908713692946,4680,26.424318313598633,0.25,NO,,,
19.41908713692946,4680,26.424318313598633,0.25,NO,,,
19.41908713692946,4680,26.424318313598633,0.25,NO,,,
19.41908713692946,4680,26.424318313598633,0.25,NO,,,
19.41908713692946,4680,26.424318313598633,0.25,NO,,,
19.41908713692946,4680,26.424318313598633,0.25,NO,,,
19.41908713692946,4680,26.424318313598633,0.25,NO,,,
19.41908713692946,4680,26.424318313598633,0.25,NO,,,
19.46058091286307,4690,22.160400390625,0.3125,NO,,,
19.46058091286307,4690,22.160400390625,0.3125,NO,,,
19.46058091286307,4690,22.160400390625,0.3125,NO,,,
19.46058091286307,4690,22.160400390625,0.3125,NO,,,
19.46058091286307,4690,22.160400390625,0.3125,NO,,,
19.46058091286307,4690,22.160400390625,0.3125,NO,,,
19.46058091286307,4690,22.160400390625,0.3125,NO,,,
19.46058091286307,4690,22.160400390625,0.3125,NO,,,
19.46058091286307,4690,22.160400390625,0.3125,NO,,,
19.46058091286307,4690,22.160400390625,0.3125,NO,,,
19.502074688796682,4700,26.9638671875,0.15625,NO,,,
19.502074688796682,4700,26.9638671875,0.15625,NO,,,
19.502074688796682,4700,26.9638671875,0.15625,NO,,,
19.502074688796682,4700,26.9638671875,0.15625,NO,,,
19.502074688796682,4700,26.9638671875,0.15625,NO,,,
19.502074688796682,4700,26.9638671875,0.15625,NO,,,
19.502074688796682,4700,26.9638671875,0.15625,NO,,,
19.502074688796682,4700,26.9638671875,0.15625,NO,,,
19.502074688796682,4700,26.9638671875,0.15625,NO,,,
19.502074688796682,4700,26.9638671875,0.15625,NO,,,
19.543568464730292,4710,23.77197265625,0.1875,NO,,,
19.543568464730292,4710,23.77197265625,0.1875,NO,,,
19.543568464730292,4710,23.77197265625,0.1875,NO,,,
19.543568464730292,4710,23.77197265625,0.1875,NO,,,
19.543568464730292,4710,23.77197265625,0.1875,NO,,,
19.543568464730292,4710,23.77197265625,0.1875,NO,,,
19.543568464730292,4710,23.77197265625,0.1875,NO,,,
19.543568464730292,4710,23.77197265625,0.1875,NO,,,
19.543568464730292,4710,23.77197265625,0.1875,NO,,,
19.543568464730292,4710,23.77197265625,0.1875,NO,,,
19.585062240663902,4720,26.2314453125,0.3125,NO,,,
19.585062240663902,4720,26.2314453125,0.3125,NO,,,
19.585062240663902,4720,26.2314453125,0.3125,NO,,,
19.585062240663902,4720,26.2314453125,0.3125,NO,,,
19.585062240663902,4720,26.2314453125,0.3125,NO,,,
19.585062240663902,4720,26.2314453125,0.3125,NO,,,
19.585062240663902,4720,26.2314453125,0.3125,NO,,,
19.585062240663902,4720,26.2314453125,0.3125,NO,,,
19.585062240663902,4720,26.2314453125,0.3125,NO,,,
19.585062240663902,4720,26.2314453125,0.3125,NO,,,
19.62655601659751,4730,27.2158203125,0.21875,NO,,,
19.62655601659751,4730,27.2158203125,0.21875,NO,,,
19.62655601659751,4730,27.2158203125,0.21875,NO,,,
19.62655601659751,4730,27.2158203125,0.21875,NO,,,
19.62655601659751,4730,27.2158203125,0.21875,NO,,,
19.62655601659751,4730,27.2158203125,0.21875,NO,,,
19.62655601659751,4730,27.2158203125,0.21875,NO,,,
19.62655601659751,4730,27.2158203125,0.21875,NO,,,
19.62655601659751,4730,27.2158203125,0.21875,NO,,,
19.62655601659751,4730,27.2158203125,0.21875,NO,,,
19.66804979253112,4740,27.873046875,0.3125,NO,,,
19.66804979253112,4740,27.873046875,0.3125,NO,,,
19.66804979253112,4740,27.873046875,0.3125,NO,,,
19.66804979253112,4740,27.873046875,0.3125,NO,,,
19.66804979253112,4740,27.873046875,0.3125,NO,,,
19.66804979253112,4740,27.873046875,0.3125,NO,,,
19.66804979253112,4740,27.873046875,0.3125,NO,,,
19.66804979253112,4740,27.873046875,0.3125,NO,,,
19.66804979253112,4740,27.873046875,0.3125,NO,,,
19.66804979253112,4740,27.873046875,0.3125,NO,,,
19.70954356846473,4750,29.21484375,0.1875,NO,,,
19.70954356846473,4750,29.21484375,0.1875,NO,,,
19.70954356846473,4750,29.21484375,0.1875,NO,,,
19.70954356846473,4750,29.21484375,0.1875,NO,,,
19.70954356846473,4750,29.21484375,0.1875,NO,,,
19.70954356846473,4750,29.21484375,0.1875,NO,,,
19.70954356846473,4750,29.21484375,0.1875,NO,,,
19.70954356846473,4750,29.21484375,0.1875,NO,,,
19.70954356846473,4750,29.21484375,0.1875,NO,,,
19.70954356846473,4750,29.21484375,0.1875,NO,,,
19.75103734439834,4760,29.1796875,0.3125,NO,,,
19.75103734439834,4760,29.1796875,0.3125,NO,,,
19.75103734439834,4760,29.1796875,0.3125,NO,,,
19.75103734439834,4760,29.1796875,0.3125,NO,,,
19.75103734439834,4760,29.1796875,0.3125,NO,,,
19.75103734439834,4760,29.1796875,0.3125,NO,,,
19.75103734439834,4760,29.1796875,0.3125,NO,,,
19.75103734439834,4760,29.1796875,0.3125,NO,,,
19.75103734439834,4760,29.1796875,0.3125,NO,,,
19.75103734439834,4760,29.1796875,0.3125,NO,,,
19.79253112033195,4770,33.0205078125,0.25,NO,,,
19.79253112033195,4770,33.0205078125,0.25,NO,,,
19.79253112033195,4770,33.0205078125,0.25,NO,,,
19.79253112033195,4770,33.0205078125,0.25,NO,,,
19.79253112033195,4770,33.0205078125,0.25,NO,,,
19.79253112033195,4770,33.0205078125,0.25,NO,,,
19.79253112033195,4770,33.0205078125,0.25,NO,,,
19.79253112033195,4770,33.0205078125,0.25,NO,,,
19.79253112033195,4770,33.0205078125,0.25,NO,,,
19.79253112033195,4770,33.0205078125,0.25,NO,,,
19.83402489626556,4780,32.96484375,0.25,NO,,,
19.83402489626556,4780,32.96484375,0.25,NO,,,
19.83402489626556,4780,32.96484375,0.25,NO,,,
19.83402489626556,4780,32.96484375,0.25,NO,,,
19.83402489626556,4780,32.96484375,0.25,NO,,,
19.83402489626556,4780,32.96484375,0.25,NO,,,
19.83402489626556,4780,32.96484375,0.25,NO,,,
19.83402489626556,4780,32.96484375,0.25,NO,,,
19.83402489626556,4780,32.96484375,0.25,NO,,,
19.83402489626556,4780,32.96484375,0.25,NO,,,
19.87551867219917,4790,28.470703125,0.3125,NO,,,
19.87551867219917,4790,28.470703125,0.3125,NO,,,
19.87551867219917,4790,28.470703125,0.3125,NO,,,
19.87551867219917,4790,28.470703125,0.3125,NO,,,
19.87551867219917,4790,28.470703125,0.3125,NO,,,
19.87551867219917,4790,28.470703125,0.3125,NO,,,
19.87551867219917,4790,28.470703125,0.3125,NO,,,
19.87551867219917,4790,28.470703125,0.3125,NO,,,
19.87551867219917,4790,28.470703125,0.3125,NO,,,
19.87551867219917,4790,28.470703125,0.3125,NO,,,
19.91701244813278,4800,24.49169921875,0.40625,NO,,,
19.91701244813278,4800,24.49169921875,0.40625,NO,,,
19.91701244813278,4800,24.49169921875,0.40625,NO,,,
19.91701244813278,4800,24.49169921875,0.40625,NO,,,
19.91701244813278,4800,24.49169921875,0.40625,NO,,,
19.91701244813278,4800,24.49169921875,0.40625,NO,,,
19.91701244813278,4800,24.49169921875,0.40625,NO,,,
19.91701244813278,4800,24.49169921875,0.40625,NO,,,
19.91701244813278,4800,24.49169921875,0.40625,NO,,,
19.91701244813278,4800,24.49169921875,0.40625,NO,,,
19.95850622406639,4810,32.435546875,0.28125,NO,,,
19.95850622406639,4810,32.435546875,0.28125,NO,,,
19.95850622406639,4810,32.435546875,0.28125,NO,,,
19.95850622406639,4810,32.435546875,0.28125,NO,,,
19.95850622406639,4810,32.435546875,0.28125,NO,,,
19.95850622406639,4810,32.435546875,0.28125,NO,,,
19.95850622406639,4810,32.435546875,0.28125,NO,,,
19.95850622406639,4810,32.435546875,0.28125,NO,,,
19.95850622406639,4810,32.435546875,0.28125,NO,,,
19.95850622406639,4810,32.435546875,0.28125,NO,,,
20.0,4820,29.9873046875,0.25,NO,,,
20.0,4820,29.9873046875,0.25,NO,,,
20.0,4820,29.9873046875,0.25,NO,,,
20.0,4820,29.9873046875,0.25,NO,,,
20.0,4820,29.9873046875,0.25,NO,,,
20.0,4820,29.9873046875,0.25,NO,,,
20.0,4820,29.9873046875,0.25,NO,,,
20.0,4820,29.9873046875,0.25,NO,,,
20.0,4820,29.9873046875,0.25,NO,,,
20.0,4820,29.9873046875,0.25,NO,,,
20.04149377593361,4830,31.3359375,0.25,NO,,,
20.04149377593361,4830,31.3359375,0.25,NO,,,
20.04149377593361,4830,31.3359375,0.25,NO,,,
20.04149377593361,4830,31.3359375,0.25,NO,,,
20.04149377593361,4830,31.3359375,0.25,NO,,,
20.04149377593361,4830,31.3359375,0.25,NO,,,
20.04149377593361,4830,31.3359375,0.25,NO,,,
20.04149377593361,4830,31.3359375,0.25,NO,,,
20.04149377593361,4830,31.3359375,0.25,NO,,,
20.04149377593361,4830,31.3359375,0.25,NO,,,
20.08298755186722,4840,31.09716796875,0.1875,NO,,,
20.08298755186722,4840,31.09716796875,0.1875,NO,,,
20.08298755186722,4840,31.09716796875,0.1875,NO,,,
20.08298755186722,4840,31.09716796875,0.1875,NO,,,
20.08298755186722,4840,31.09716796875,0.1875,NO,,,
20.08298755186722,4840,31.09716796875,0.1875,NO,,,
20.08298755186722,4840,31.09716796875,0.1875,NO,,,
20.08298755186722,4840,31.09716796875,0.1875,NO,,,
20.08298755186722,4840,31.09716796875,0.1875,NO,,,
20.08298755186722,4840,31.09716796875,0.1875,NO,,,
20.12448132780083,4850,17.33984375,0.53125,NO,,,
20.12448132780083,4850,17.33984375,0.53125,NO,,,
20.12448132780083,4850,17.33984375,0.53125,NO,,,
20.12448132780083,4850,17.33984375,0.53125,NO,,,
20.12448132780083,4850,17.33984375,0.53125,NO,,,
20.12448132780083,4850,17.33984375,0.53125,NO,,,
20.12448132780083,4850,17.33984375,0.53125,NO,,,
20.12448132780083,4850,17.33984375,0.53125,NO,,,
20.12448132780083,4850,17.33984375,0.53125,NO,,,
20.12448132780083,4850,17.33984375,0.53125,NO,,,
20.16597510373444,4860,30.9462890625,0.25,NO,,,
20.16597510373444,4860,30.9462890625,0.25,NO,,,
20.16597510373444,4860,30.9462890625,0.25,NO,,,
20.16597510373444,4860,30.9462890625,0.25,NO,,,
20.16597510373444,4860,30.9462890625,0.25,NO,,,
20.16597510373444,4860,30.9462890625,0.25,NO,,,
20.16597510373444,4860,30.9462890625,0.25,NO,,,
20.16597510373444,4860,30.9462890625,0.25,NO,,,
20.16597510373444,4860,30.9462890625,0.25,NO,,,
20.16597510373444,4860,30.9462890625,0.25,NO,,,
20.20746887966805,4870,28.109375,0.375,NO,,,
20.20746887966805,4870,28.109375,0.375,NO,,,
20.20746887966805,4870,28.109375,0.375,NO,,,
20.20746887966805,4870,28.109375,0.375,NO,,,
20.20746887966805,4870,28.109375,0.375,NO,,,
20.20746887966805,4870,28.109375,0.375,NO,,,
20.20746887966805,4870,28.109375,0.375,NO,,,
20.20746887966805,4870,28.109375,0.375,NO,,,
20.20746887966805,4870,28.109375,0.375,NO,,,
20.20746887966805,4870,28.109375,0.375,NO,,,
20.24896265560166,4880,32.3232421875,0.15625,NO,,,
20.24896265560166,4880,32.3232421875,0.15625,NO,,,
20.24896265560166,4880,32.3232421875,0.15625,NO,,,
20.24896265560166,4880,32.3232421875,0.15625,NO,,,
20.24896265560166,4880,32.3232421875,0.15625,NO,,,
20.24896265560166,4880,32.3232421875,0.15625,NO,,,
20.24896265560166,4880,32.3232421875,0.15625,NO,,,
20.24896265560166,4880,32.3232421875,0.15625,NO,,,
20.24896265560166,4880,32.3232421875,0.15625,NO,,,
20.24896265560166,4880,32.3232421875,0.15625,NO,,,
20.29045643153527,4890,27.8671875,0.28125,NO,,,
20.29045643153527,4890,27.8671875,0.28125,NO,,,
20.29045643153527,4890,27.8671875,0.28125,NO,,,
20.29045643153527,4890,27.8671875,0.28125,NO,,,
20.29045643153527,4890,27.8671875,0.28125,NO,,,
20.29045643153527,4890,27.8671875,0.28125,NO,,,
20.29045643153527,4890,27.8671875,0.28125,NO,,,
20.29045643153527,4890,27.8671875,0.28125,NO,,,
20.29045643153527,4890,27.8671875,0.28125,NO,,,
20.29045643153527,4890,27.8671875,0.28125,NO,,,
20.33195020746888,4900,28.2880859375,0.3125,NO,,,
20.33195020746888,4900,28.2880859375,0.3125,NO,,,
20.33195020746888,4900,28.2880859375,0.3125,NO,,,
20.33195020746888,4900,28.2880859375,0.3125,NO,,,
20.33195020746888,4900,28.2880859375,0.3125,NO,,,
20.33195020746888,4900,28.2880859375,0.3125,NO,,,
20.33195020746888,4900,28.2880859375,0.3125,NO,,,
20.33195020746888,4900,28.2880859375,0.3125,NO,,,
20.33195020746888,4900,28.2880859375,0.3125,NO,,,
20.33195020746888,4900,28.2880859375,0.3125,NO,,,
20.37344398340249,4910,29.7060546875,0.28125,NO,,,
20.37344398340249,4910,29.7060546875,0.28125,NO,,,
20.37344398340249,4910,29.7060546875,0.28125,NO,,,
20.37344398340249,4910,29.7060546875,0.28125,NO,,,
20.37344398340249,4910,29.7060546875,0.28125,NO,,,
20.37344398340249,4910,29.7060546875,0.28125,NO,,,
20.37344398340249,4910,29.7060546875,0.28125,NO,,,
20.37344398340249,4910,29.7060546875,0.28125,NO,,,
20.37344398340249,4910,29.7060546875,0.28125,NO,,,
20.37344398340249,4910,29.7060546875,0.28125,NO,,,
20.414937759336098,4920,32.0263671875,0.25,NO,,,
20.414937759336098,4920,32.0263671875,0.25,NO,,,
20.414937759336098,4920,32.0263671875,0.25,NO,,,
20.414937759336098,4920,32.0263671875,0.25,NO,,,
20.414937759336098,4920,32.0263671875,0.25,NO,,,
20.414937759336098,4920,32.0263671875,0.25,NO,,,
20.414937759336098,4920,32.0263671875,0.25,NO,,,
20.414937759336098,4920,32.0263671875,0.25,NO,,,
20.414937759336098,4920,32.0263671875,0.25,NO,,,
20.414937759336098,4920,32.0263671875,0.25,NO,,,
20.456431535269708,4930,35.259765625,0.21875,NO,,,
20.456431535269708,4930,35.259765625,0.21875,NO,,,
20.456431535269708,4930,35.259765625,0.21875,NO,,,
20.456431535269708,4930,35.259765625,0.21875,NO,,,
20.456431535269708,4930,35.259765625,0.21875,NO,,,
20.456431535269708,4930,35.259765625,0.21875,NO,,,
20.456431535269708,4930,35.259765625,0.21875,NO,,,
20.456431535269708,4930,35.259765625,0.21875,NO,,,
20.456431535269708,4930,35.259765625,0.21875,NO,,,
20.456431535269708,4930,35.259765625,0.21875,NO,,,
20.497925311203318,4940,35.5498046875,0.21875,NO,,,
20.497925311203318,4940,35.5498046875,0.21875,NO,,,
20.497925311203318,4940,35.5498046875,0.21875,NO,,,
20.497925311203318,4940,35.5498046875,0.21875,NO,,,
20.497925311203318,4940,35.5498046875,0.21875,NO,,,
20.497925311203318,4940,35.5498046875,0.21875,NO,,,
20.497925311203318,4940,35.5498046875,0.21875,NO,,,
20.497925311203318,4940,35.5498046875,0.21875,NO,,,
20.497925311203318,4940,35.5498046875,0.21875,NO,,,
20.497925311203318,4940,35.5498046875,0.21875,NO,,,
20.53941908713693,4950,31.28515625,0.25,NO,,,
20.53941908713693,4950,31.28515625,0.25,NO,,,
20.53941908713693,4950,31.28515625,0.25,NO,,,
20.53941908713693,4950,31.28515625,0.25,NO,,,
20.53941908713693,4950,31.28515625,0.25,NO,,,
20.53941908713693,4950,31.28515625,0.25,NO,,,
20.53941908713693,4950,31.28515625,0.25,NO,,,
20.53941908713693,4950,31.28515625,0.25,NO,,,
20.53941908713693,4950,31.28515625,0.25,NO,,,
20.53941908713693,4950,31.28515625,0.25,NO,,,
20.58091286307054,4960,38.4921875,0.15625,NO,,,
20.58091286307054,4960,38.4921875,0.15625,NO,,,
20.58091286307054,4960,38.4921875,0.15625,NO,,,
20.58091286307054,4960,38.4921875,0.15625,NO,,,
20.58091286307054,4960,38.4921875,0.15625,NO,,,
20.58091286307054,4960,38.4921875,0.15625,NO,,,
20.58091286307054,4960,38.4921875,0.15625,NO,,,
20.58091286307054,4960,38.4921875,0.15625,NO,,,
20.58091286307054,4960,38.4921875,0.15625,NO,,,
20.58091286307054,4960,38.4921875,0.15625,NO,,,
20.62240663900415,4970,31.25146484375,0.25,NO,,,
20.62240663900415,4970,31.25146484375,0.25,NO,,,
20.62240663900415,4970,31.25146484375,0.25,NO,,,
20.62240663900415,4970,31.25146484375,0.25,NO,,,
20.62240663900415,4970,31.25146484375,0.25,NO,,,
20.62240663900415,4970,31.25146484375,0.25,NO,,,
20.62240663900415,4970,31.25146484375,0.25,NO,,,
20.62240663900415,4970,31.25146484375,0.25,NO,,,
20.62240663900415,4970,31.25146484375,0.25,NO,,,
20.62240663900415,4970,31.25146484375,0.25,NO,,,
20.66390041493776,4980,31.80859375,0.28125,NO,,,
20.66390041493776,4980,31.80859375,0.28125,NO,,,
20.66390041493776,4980,31.80859375,0.28125,NO,,,
20.66390041493776,4980,31.80859375,0.28125,NO,,,
20.66390041493776,4980,31.80859375,0.28125,NO,,,
20.66390041493776,4980,31.80859375,0.28125,NO,,,
20.66390041493776,4980,31.80859375,0.28125,NO,,,
20.66390041493776,4980,31.80859375,0.28125,NO,,,
20.66390041493776,4980,31.80859375,0.28125,NO,,,
20.66390041493776,4980,31.80859375,0.28125,NO,,,
20.70539419087137,4990,44.029296875,0.125,NO,,,
20.70539419087137,4990,44.029296875,0.125,NO,,,
20.70539419087137,4990,44.029296875,0.125,NO,,,
20.70539419087137,4990,44.029296875,0.125,NO,,,
20.70539419087137,4990,44.029296875,0.125,NO,,,
20.70539419087137,4990,44.029296875,0.125,NO,,,
20.70539419087137,4990,44.029296875,0.125,NO,,,
20.70539419087137,4990,44.029296875,0.125,NO,,,
20.70539419087137,4990,44.029296875,0.125,NO,,,
20.70539419087137,4990,44.029296875,0.125,YES,37.909423828125,0.25995316159250587,15.325566816329957
20.74688796680498,5000,41.76953125,0.21875,NO,,,
20.74688796680498,5000,41.76953125,0.21875,NO,,,
20.74688796680498,5000,41.76953125,0.21875,NO,,,
20.74688796680498,5000,41.76953125,0.21875,NO,,,
20.74688796680498,5000,41.76953125,0.21875,NO,,,
20.74688796680498,5000,41.76953125,0.21875,NO,,,
20.74688796680498,5000,41.76953125,0.21875,NO,,,
20.74688796680498,5000,41.76953125,0.21875,NO,,,
20.74688796680498,5000,41.76953125,0.21875,NO,,,
20.74688796680498,5000,41.76953125,0.21875,NO,,,
20.78838174273859,5010,33.34375,0.34375,NO,,,
20.78838174273859,5010,33.34375,0.34375,NO,,,
20.78838174273859,5010,33.34375,0.34375,NO,,,
20.78838174273859,5010,33.34375,0.34375,NO,,,
20.78838174273859,5010,33.34375,0.34375,NO,,,
20.78838174273859,5010,33.34375,0.34375,NO,,,
20.78838174273859,5010,33.34375,0.34375,NO,,,
20.78838174273859,5010,33.34375,0.34375,NO,,,
20.78838174273859,5010,33.34375,0.34375,NO,,,
20.78838174273859,5010,33.34375,0.34375,NO,,,
20.8298755186722,5020,35.0302734375,0.3125,NO,,,
20.8298755186722,5020,35.0302734375,0.3125,NO,,,
20.8298755186722,5020,35.0302734375,0.3125,NO,,,
20.8298755186722,5020,35.0302734375,0.3125,NO,,,
20.8298755186722,5020,35.0302734375,0.3125,NO,,,
20.8298755186722,5020,35.0302734375,0.3125,NO,,,
20.8298755186722,5020,35.0302734375,0.3125,NO,,,
20.8298755186722,5020,35.0302734375,0.3125,NO,,,
20.8298755186722,5020,35.0302734375,0.3125,NO,,,
20.8298755186722,5020,35.0302734375,0.3125,NO,,,
20.87136929460581,5030,42.68798828125,0.15625,NO,,,
20.87136929460581,5030,42.68798828125,0.15625,NO,,,
20.87136929460581,5030,42.68798828125,0.15625,NO,,,
20.87136929460581,5030,42.68798828125,0.15625,NO,,,
20.87136929460581,5030,42.68798828125,0.15625,NO,,,
20.87136929460581,5030,42.68798828125,0.15625,NO,,,
20.87136929460581,5030,42.68798828125,0.15625,NO,,,
20.87136929460581,5030,42.68798828125,0.15625,NO,,,
20.87136929460581,5030,42.68798828125,0.15625,NO,,,
20.87136929460581,5030,42.68798828125,0.15625,NO,,,
20.91286307053942,5040,29.1015625,0.3125,NO,,,
20.91286307053942,5040,29.1015625,0.3125,NO,,,
20.91286307053942,5040,29.1015625,0.3125,NO,,,
20.91286307053942,5040,29.1015625,0.3125,NO,,,
20.91286307053942,5040,29.1015625,0.3125,NO,,,
20.91286307053942,5040,29.1015625,0.3125,NO,,,
20.91286307053942,5040,29.1015625,0.3125,NO,,,
20.91286307053942,5040,29.1015625,0.3125,NO,,,
20.91286307053942,5040,29.1015625,0.3125,NO,,,
20.91286307053942,5040,29.1015625,0.3125,NO,,,
20.95435684647303,5050,25.52880859375,0.34375,NO,,,
20.95435684647303,5050,25.52880859375,0.34375,NO,,,
20.95435684647303,5050,25.52880859375,0.34375,NO,,,
20.95435684647303,5050,25.52880859375,0.34375,NO,,,
20.95435684647303,5050,25.52880859375,0.34375,NO,,,
20.95435684647303,5050,25.52880859375,0.34375,NO,,,
20.95435684647303,5050,25.52880859375,0.34375,NO,,,
20.95435684647303,5050,25.52880859375,0.34375,NO,,,
20.95435684647303,5050,25.52880859375,0.34375,NO,,,
20.95435684647303,5050,25.52880859375,0.34375,NO,,,
20.99585062240664,5060,24.995311737060547,0.30000001192092896,NO,,,
20.99585062240664,5060,24.995311737060547,0.30000001192092896,NO,,,
20.99585062240664,5060,24.995311737060547,0.30000001192092896,NO,,,
20.99585062240664,5060,24.995311737060547,0.30000001192092896,NO,,,
20.99585062240664,5060,24.995311737060547,0.30000001192092896,NO,,,
20.99585062240664,5060,24.995311737060547,0.30000001192092896,NO,,,
20.99585062240664,5060,24.995311737060547,0.30000001192092896,NO,,,
20.99585062240664,5060,24.995311737060547,0.30000001192092896,NO,,,
20.99585062240664,5060,24.995311737060547,0.30000001192092896,NO,,,
20.99585062240664,5060,24.995311737060547,0.30000001192092896,NO,,,
21.03734439834025,5070,30.69287109375,0.1875,NO,,,
21.03734439834025,5070,30.69287109375,0.1875,NO,,,
21.03734439834025,5070,30.69287109375,0.1875,NO,,,
21.03734439834025,5070,30.69287109375,0.1875,NO,,,
21.03734439834025,5070,30.69287109375,0.1875,NO,,,
21.03734439834025,5070,30.69287109375,0.1875,NO,,,
21.03734439834025,5070,30.69287109375,0.1875,NO,,,
21.03734439834025,5070,30.69287109375,0.1875,NO,,,
21.03734439834025,5070,30.69287109375,0.1875,NO,,,
21.03734439834025,5070,30.69287109375,0.1875,NO,,,
21.07883817427386,5080,27.3994140625,0.3125,NO,,,
21.07883817427386,5080,27.3994140625,0.3125,NO,,,
21.07883817427386,5080,27.3994140625,0.3125,NO,,,
21.07883817427386,5080,27.3994140625,0.3125,NO,,,
21.07883817427386,5080,27.3994140625,0.3125,NO,,,
21.07883817427386,5080,27.3994140625,0.3125,NO,,,
21.07883817427386,5080,27.3994140625,0.3125,NO,,,
21.07883817427386,5080,27.3994140625,0.3125,NO,,,
21.07883817427386,5080,27.3994140625,0.3125,NO,,,
21.07883817427386,5080,27.3994140625,0.3125,NO,,,
21.12033195020747,5090,33.544921875,0.1875,NO,,,
21.12033195020747,5090,33.544921875,0.1875,NO,,,
21.12033195020747,5090,33.544921875,0.1875,NO,,,
21.12033195020747,5090,33.544921875,0.1875,NO,,,
21.12033195020747,5090,33.544921875,0.1875,NO,,,
21.12033195020747,5090,33.544921875,0.1875,NO,,,
21.12033195020747,5090,33.544921875,0.1875,NO,,,
21.12033195020747,5090,33.544921875,0.1875,NO,,,
21.12033195020747,5090,33.544921875,0.1875,NO,,,
21.12033195020747,5090,33.544921875,0.1875,NO,,,
21.16182572614108,5100,27.5283203125,0.21875,NO,,,
21.16182572614108,5100,27.5283203125,0.21875,NO,,,
21.16182572614108,5100,27.5283203125,0.21875,NO,,,
21.16182572614108,5100,27.5283203125,0.21875,NO,,,
21.16182572614108,5100,27.5283203125,0.21875,NO,,,
21.16182572614108,5100,27.5283203125,0.21875,NO,,,
21.16182572614108,5100,27.5283203125,0.21875,NO,,,
21.16182572614108,5100,27.5283203125,0.21875,NO,,,
21.16182572614108,5100,27.5283203125,0.21875,NO,,,
21.16182572614108,5100,27.5283203125,0.21875,NO,,,
21.203319502074688,5110,34.63671875,0.25,NO,,,
21.203319502074688,5110,34.63671875,0.25,NO,,,
21.203319502074688,5110,34.63671875,0.25,NO,,,
21.203319502074688,5110,34.63671875,0.25,NO,,,
21.203319502074688,5110,34.63671875,0.25,NO,,,
21.203319502074688,5110,34.63671875,0.25,NO,,,
21.203319502074688,5110,34.63671875,0.25,NO,,,
21.203319502074688,5110,34.63671875,0.25,NO,,,
21.203319502074688,5110,34.63671875,0.25,NO,,,
21.203319502074688,5110,34.63671875,0.25,NO,,,
21.244813278008298,5120,28.8955078125,0.3125,NO,,,
21.244813278008298,5120,28.8955078125,0.3125,NO,,,
21.244813278008298,5120,28.8955078125,0.3125,NO,,,
21.244813278008298,5120,28.8955078125,0.3125,NO,,,
21.244813278008298,5120,28.8955078125,0.3125,NO,,,
21.244813278008298,5120,28.8955078125,0.3125,NO,,,
21.244813278008298,5120,28.8955078125,0.3125,NO,,,
21.244813278008298,5120,28.8955078125,0.3125,NO,,,
21.244813278008298,5120,28.8955078125,0.3125,NO,,,
21.244813278008298,5120,28.8955078125,0.3125,NO,,,
21.286307053941908,5130,35.41064453125,0.25,NO,,,
21.286307053941908,5130,35.41064453125,0.25,NO,,,
21.286307053941908,5130,35.41064453125,0.25,NO,,,
21.286307053941908,5130,35.41064453125,0.25,NO,,,
21.286307053941908,5130,35.41064453125,0.25,NO,,,
21.286307053941908,5130,35.41064453125,0.25,NO,,,
21.286307053941908,5130,35.41064453125,0.25,NO,,,
21.286307053941908,5130,35.41064453125,0.25,NO,,,
21.286307053941908,5130,35.41064453125,0.25,NO,,,
21.286307053941908,5130,35.41064453125,0.25,NO,,,
21.327800829875518,5140,32.095703125,0.25,NO,,,
21.327800829875518,5140,32.095703125,0.25,NO,,,
21.327800829875518,5140,32.095703125,0.25,NO,,,
21.327800829875518,5140,32.095703125,0.25,NO,,,
21.327800829875518,5140,32.095703125,0.25,NO,,,
21.327800829875518,5140,32.095703125,0.25,NO,,,
21.327800829875518,5140,32.095703125,0.25,NO,,,
21.327800829875518,5140,32.095703125,0.25,NO,,,
21.327800829875518,5140,32.095703125,0.25,NO,,,
21.327800829875518,5140,32.095703125,0.25,NO,,,
21.369294605809127,5150,30.3642578125,0.375,NO,,,
21.369294605809127,5150,30.3642578125,0.375,NO,,,
21.369294605809127,5150,30.3642578125,0.375,NO,,,
21.369294605809127,5150,30.3642578125,0.375,NO,,,
21.369294605809127,5150,30.3642578125,0.375,NO,,,
21.369294605809127,5150,30.3642578125,0.375,NO,,,
21.369294605809127,5150,30.3642578125,0.375,NO,,,
21.369294605809127,5150,30.3642578125,0.375,NO,,,
21.369294605809127,5150,30.3642578125,0.375,NO,,,
21.369294605809127,5150,30.3642578125,0.375,NO,,,
21.410788381742737,5160,33.67626953125,0.40625,NO,,,
21.410788381742737,5160,33.67626953125,0.40625,NO,,,
21.410788381742737,5160,33.67626953125,0.40625,NO,,,
21.410788381742737,5160,33.67626953125,0.40625,NO,,,
21.410788381742737,5160,33.67626953125,0.40625,NO,,,
21.410788381742737,5160,33.67626953125,0.40625,NO,,,
21.410788381742737,5160,33.67626953125,0.40625,NO,,,
21.410788381742737,5160,33.67626953125,0.40625,NO,,,
21.410788381742737,5160,33.67626953125,0.40625,NO,,,
21.410788381742737,5160,33.67626953125,0.40625,NO,,,
21.452282157676347,5170,38.6416015625,0.3125,NO,,,
21.452282157676347,5170,38.6416015625,0.3125,NO,,,
21.452282157676347,5170,38.6416015625,0.3125,NO,,,
21.452282157676347,5170,38.6416015625,0.3125,NO,,,
21.452282157676347,5170,38.6416015625,0.3125,NO,,,
21.452282157676347,5170,38.6416015625,0.3125,NO,,,
21.452282157676347,5170,38.6416015625,0.3125,NO,,,
21.452282157676347,5170,38.6416015625,0.3125,NO,,,
21.452282157676347,5170,38.6416015625,0.3125,NO,,,
21.452282157676347,5170,38.6416015625,0.3125,NO,,,
21.49377593360996,5180,36.302734375,0.34375,NO,,,
21.49377593360996,5180,36.302734375,0.34375,NO,,,
21.49377593360996,5180,36.302734375,0.34375,NO,,,
21.49377593360996,5180,36.302734375,0.34375,NO,,,
21.49377593360996,5180,36.302734375,0.34375,NO,,,
21.49377593360996,5180,36.302734375,0.34375,NO,,,
21.49377593360996,5180,36.302734375,0.34375,NO,,,
21.49377593360996,5180,36.302734375,0.34375,NO,,,
21.49377593360996,5180,36.302734375,0.34375,NO,,,
21.49377593360996,5180,36.302734375,0.34375,NO,,,
21.53526970954357,5190,38.1142578125,0.28125,NO,,,
21.53526970954357,5190,38.1142578125,0.28125,NO,,,
21.53526970954357,5190,38.1142578125,0.28125,NO,,,
21.53526970954357,5190,38.1142578125,0.28125,NO,,,
21.53526970954357,5190,38.1142578125,0.28125,NO,,,
21.53526970954357,5190,38.1142578125,0.28125,NO,,,
21.53526970954357,5190,38.1142578125,0.28125,NO,,,
21.53526970954357,5190,38.1142578125,0.28125,NO,,,
21.53526970954357,5190,38.1142578125,0.28125,NO,,,
21.53526970954357,5190,38.1142578125,0.28125,NO,,,
21.57676348547718,5200,47.3193359375,0.21875,NO,,,
21.57676348547718,5200,47.3193359375,0.21875,NO,,,
21.57676348547718,5200,47.3193359375,0.21875,NO,,,
21.57676348547718,5200,47.3193359375,0.21875,NO,,,
21.57676348547718,5200,47.3193359375,0.21875,NO,,,
21.57676348547718,5200,47.3193359375,0.21875,NO,,,
21.57676348547718,5200,47.3193359375,0.21875,NO,,,
21.57676348547718,5200,47.3193359375,0.21875,NO,,,
21.57676348547718,5200,47.3193359375,0.21875,NO,,,
21.57676348547718,5200,47.3193359375,0.21875,NO,,,
21.61825726141079,5210,41.55908203125,0.1875,NO,,,
21.61825726141079,5210,41.55908203125,0.1875,NO,,,
21.61825726141079,5210,41.55908203125,0.1875,NO,,,
21.61825726141079,5210,41.55908203125,0.1875,NO,,,
21.61825726141079,5210,41.55908203125,0.1875,NO,,,
21.61825726141079,5210,41.55908203125,0.1875,NO,,,
21.61825726141079,5210,41.55908203125,0.1875,NO,,,
21.61825726141079,5210,41.55908203125,0.1875,NO,,,
21.61825726141079,5210,41.55908203125,0.1875,NO,,,
21.61825726141079,5210,41.55908203125,0.1875,NO,,,
21.6597510373444,5220,37.984375,0.3125,NO,,,
21.6597510373444,5220,37.984375,0.3125,NO,,,
21.6597510373444,5220,37.984375,0.3125,NO,,,
21.6597510373444,5220,37.984375,0.3125,NO,,,
21.6597510373444,5220,37.984375,0.3125,NO,,,
21.6597510373444,5220,37.984375,0.3125,NO,,,
21.6597510373444,5220,37.984375,0.3125,NO,,,
21.6597510373444,5220,37.984375,0.3125,NO,,,
21.6597510373444,5220,37.984375,0.3125,NO,,,
21.6597510373444,5220,37.984375,0.3125,NO,,,
21.70124481327801,5230,41.30078125,0.1875,NO,,,
21.70124481327801,5230,41.30078125,0.1875,NO,,,
21.70124481327801,5230,41.30078125,0.1875,NO,,,
21.70124481327801,5230,41.30078125,0.1875,NO,,,
21.70124481327801,5230,41.30078125,0.1875,NO,,,
21.70124481327801,5230,41.30078125,0.1875,NO,,,
21.70124481327801,5230,41.30078125,0.1875,NO,,,
21.70124481327801,5230,41.30078125,0.1875,NO,,,
21.70124481327801,5230,41.30078125,0.1875,NO,,,
21.70124481327801,5230,41.30078125,0.1875,NO,,,
21.74273858921162,5240,41.02783203125,0.25,NO,,,
21.74273858921162,5240,41.02783203125,0.25,NO,,,
21.74273858921162,5240,41.02783203125,0.25,NO,,,
21.74273858921162,5240,41.02783203125,0.25,NO,,,
21.74273858921162,5240,41.02783203125,0.25,NO,,,
21.74273858921162,5240,41.02783203125,0.25,NO,,,
21.74273858921162,5240,41.02783203125,0.25,NO,,,
21.74273858921162,5240,41.02783203125,0.25,NO,,,
21.74273858921162,5240,41.02783203125,0.25,NO,,,
21.74273858921162,5240,41.02783203125,0.25,NO,,,
21.78423236514523,5250,40.6572265625,0.25,NO,,,
21.78423236514523,5250,40.6572265625,0.25,NO,,,
21.78423236514523,5250,40.6572265625,0.25,NO,,,
21.78423236514523,5250,40.6572265625,0.25,NO,,,
21.78423236514523,5250,40.6572265625,0.25,NO,,,
21.78423236514523,5250,40.6572265625,0.25,NO,,,
21.78423236514523,5250,40.6572265625,0.25,NO,,,
21.78423236514523,5250,40.6572265625,0.25,NO,,,
21.78423236514523,5250,40.6572265625,0.25,NO,,,
21.78423236514523,5250,40.6572265625,0.25,NO,,,
21.82572614107884,5260,38.6396484375,0.3125,NO,,,
21.82572614107884,5260,38.6396484375,0.3125,NO,,,
21.82572614107884,5260,38.6396484375,0.3125,NO,,,
21.82572614107884,5260,38.6396484375,0.3125,NO,,,
21.82572614107884,5260,38.6396484375,0.3125,NO,,,
21.82572614107884,5260,38.6396484375,0.3125,NO,,,
21.82572614107884,5260,38.6396484375,0.3125,NO,,,
21.82572614107884,5260,38.6396484375,0.3125,NO,,,
21.82572614107884,5260,38.6396484375,0.3125,NO,,,
21.82572614107884,5260,38.6396484375,0.3125,NO,,,
21.86721991701245,5270,41.3271484375,0.25,NO,,,
21.86721991701245,5270,41.3271484375,0.25,NO,,,
21.86721991701245,5270,41.3271484375,0.25,NO,,,
21.86721991701245,5270,41.3271484375,0.25,NO,,,
21.86721991701245,5270,41.3271484375,0.25,NO,,,
21.86721991701245,5270,41.3271484375,0.25,NO,,,
21.86721991701245,5270,41.3271484375,0.25,NO,,,
21.86721991701245,5270,41.3271484375,0.25,NO,,,
21.86721991701245,5270,41.3271484375,0.25,NO,,,
21.86721991701245,5270,41.3271484375,0.25,NO,,,
21.90871369294606,5280,32.3681640625,0.40625,NO,,,
21.90871369294606,5280,32.3681640625,0.40625,NO,,,
21.90871369294606,5280,32.3681640625,0.40625,NO,,,
21.90871369294606,5280,32.3681640625,0.40625,NO,,,
21.90871369294606,5280,32.3681640625,0.40625,NO,,,
21.90871369294606,5280,32.3681640625,0.40625,NO,,,
21.90871369294606,5280,32.3681640625,0.40625,NO,,,
21.90871369294606,5280,32.3681640625,0.40625,NO,,,
21.90871369294606,5280,32.3681640625,0.40625,NO,,,
21.90871369294606,5280,32.3681640625,0.40625,NO,,,
21.95020746887967,5290,38.73583984375,0.25,NO,,,
21.95020746887967,5290,38.73583984375,0.25,NO,,,
21.95020746887967,5290,38.73583984375,0.25,NO,,,
21.95020746887967,5290,38.73583984375,0.25,NO,,,
21.95020746887967,5290,38.73583984375,0.25,NO,,,
21.95020746887967,5290,38.73583984375,0.25,NO,,,
21.95020746887967,5290,38.73583984375,0.25,NO,,,
21.95020746887967,5290,38.73583984375,0.25,NO,,,
21.95020746887967,5290,38.73583984375,0.25,NO,,,
21.95020746887967,5290,38.73583984375,0.25,NO,,,
21.991701244813278,5300,35.29150390625,0.1875,NO,,,
21.991701244813278,5300,35.29150390625,0.1875,NO,,,
21.991701244813278,5300,35.29150390625,0.1875,NO,,,
21.991701244813278,5300,35.29150390625,0.1875,NO,,,
21.991701244813278,5300,35.29150390625,0.1875,NO,,,
21.991701244813278,5300,35.29150390625,0.1875,NO,,,
21.991701244813278,5300,35.29150390625,0.1875,NO,,,
21.991701244813278,5300,35.29150390625,0.1875,NO,,,
21.991701244813278,5300,35.29150390625,0.1875,NO,,,
21.991701244813278,5300,35.29150390625,0.1875,NO,,,
22.033195020746888,5310,35.55810546875,0.28125,NO,,,
22.033195020746888,5310,35.55810546875,0.28125,NO,,,
22.033195020746888,5310,35.55810546875,0.28125,NO,,,
22.033195020746888,5310,35.55810546875,0.28125,NO,,,
22.033195020746888,5310,35.55810546875,0.28125,NO,,,
22.033195020746888,5310,35.55810546875,0.28125,NO,,,
22.033195020746888,5310,35.55810546875,0.28125,NO,,,
22.033195020746888,5310,35.55810546875,0.28125,NO,,,
22.033195020746888,5310,35.55810546875,0.28125,NO,,,
22.033195020746888,5310,35.55810546875,0.28125,NO,,,
22.074688796680498,5320,34.298828125,0.28125,NO,,,
22.074688796680498,5320,34.298828125,0.28125,NO,,,
22.074688796680498,5320,34.298828125,0.28125,NO,,,
22.074688796680498,5320,34.298828125,0.28125,NO,,,
22.074688796680498,5320,34.298828125,0.28125,NO,,,
22.074688796680498,5320,34.298828125,0.28125,NO,,,
22.074688796680498,5320,34.298828125,0.28125,NO,,,
22.074688796680498,5320,34.298828125,0.28125,NO,,,
22.074688796680498,5320,34.298828125,0.28125,NO,,,
22.074688796680498,5320,34.298828125,0.28125,NO,,,
22.116182572614107,5330,40.1728515625,0.15625,NO,,,
22.116182572614107,5330,40.1728515625,0.15625,NO,,,
22.116182572614107,5330,40.1728515625,0.15625,NO,,,
22.116182572614107,5330,40.1728515625,0.15625,NO,,,
22.116182572614107,5330,40.1728515625,0.15625,NO,,,
22.116182572614107,5330,40.1728515625,0.15625,NO,,,
22.116182572614107,5330,40.1728515625,0.15625,NO,,,
22.116182572614107,5330,40.1728515625,0.15625,NO,,,
22.116182572614107,5330,40.1728515625,0.15625,NO,,,
22.116182572614107,5330,40.1728515625,0.15625,NO,,,
22.157676348547717,5340,37.9892578125,0.21875,NO,,,
22.157676348547717,5340,37.9892578125,0.21875,NO,,,
22.157676348547717,5340,37.9892578125,0.21875,NO,,,
22.157676348547717,5340,37.9892578125,0.21875,NO,,,
22.157676348547717,5340,37.9892578125,0.21875,NO,,,
22.157676348547717,5340,37.9892578125,0.21875,NO,,,
22.157676348547717,5340,37.9892578125,0.21875,NO,,,
22.157676348547717,5340,37.9892578125,0.21875,NO,,,
22.157676348547717,5340,37.9892578125,0.21875,NO,,,
22.157676348547717,5340,37.9892578125,0.21875,NO,,,
22.199170124481327,5350,40.9130859375,0.21875,NO,,,
22.199170124481327,5350,40.9130859375,0.21875,NO,,,
22.199170124481327,5350,40.9130859375,0.21875,NO,,,
22.199170124481327,5350,40.9130859375,0.21875,NO,,,
22.199170124481327,5350,40.9130859375,0.21875,NO,,,
22.199170124481327,5350,40.9130859375,0.21875,NO,,,
22.199170124481327,5350,40.9130859375,0.21875,NO,,,
22.199170124481327,5350,40.9130859375,0.21875,NO,,,
22.199170124481327,5350,40.9130859375,0.21875,NO,,,
22.199170124481327,5350,40.9130859375,0.21875,NO,,,
22.240663900414937,5360,35.7109375,0.28125,NO,,,
22.240663900414937,5360,35.7109375,0.28125,NO,,,
22.240663900414937,5360,35.7109375,0.28125,NO,,,
22.240663900414937,5360,35.7109375,0.28125,NO,,,
22.240663900414937,5360,35.7109375,0.28125,NO,,,
22.240663900414937,5360,35.7109375,0.28125,NO,,,
22.240663900414937,5360,35.7109375,0.28125,NO,,,
22.240663900414937,5360,35.7109375,0.28125,NO,,,
22.240663900414937,5360,35.7109375,0.28125,NO,,,
22.240663900414937,5360,35.7109375,0.28125,NO,,,
22.282157676348547,5370,37.06640625,0.3125,NO,,,
22.282157676348547,5370,37.06640625,0.3125,NO,,,
22.282157676348547,5370,37.06640625,0.3125,NO,,,
22.282157676348547,5370,37.06640625,0.3125,NO,,,
22.282157676348547,5370,37.06640625,0.3125,NO,,,
22.282157676348547,5370,37.06640625,0.3125,NO,,,
22.282157676348547,5370,37.06640625,0.3125,NO,,,
22.282157676348547,5370,37.06640625,0.3125,NO,,,
22.282157676348547,5370,37.06640625,0.3125,NO,,,
22.282157676348547,5370,37.06640625,0.3125,NO,,,
22.323651452282157,5380,42.0595703125,0.21875,NO,,,
22.323651452282157,5380,42.0595703125,0.21875,NO,,,
22.323651452282157,5380,42.0595703125,0.21875,NO,,,
22.323651452282157,5380,42.0595703125,0.21875,NO,,,
22.323651452282157,5380,42.0595703125,0.21875,NO,,,
22.323651452282157,5380,42.0595703125,0.21875,NO,,,
22.323651452282157,5380,42.0595703125,0.21875,NO,,,
22.323651452282157,5380,42.0595703125,0.21875,NO,,,
22.323651452282157,5380,42.0595703125,0.21875,NO,,,
22.323651452282157,5380,42.0595703125,0.21875,NO,,,
22.365145228215766,5390,40.8798828125,0.25,NO,,,
22.365145228215766,5390,40.8798828125,0.25,NO,,,
22.365145228215766,5390,40.8798828125,0.25,NO,,,
22.365145228215766,5390,40.8798828125,0.25,NO,,,
22.365145228215766,5390,40.8798828125,0.25,NO,,,
22.365145228215766,5390,40.8798828125,0.25,NO,,,
22.365145228215766,5390,40.8798828125,0.25,NO,,,
22.365145228215766,5390,40.8798828125,0.25,NO,,,
22.365145228215766,5390,40.8798828125,0.25,NO,,,
22.365145228215766,5390,40.8798828125,0.25,NO,,,
22.406639004149376,5400,44.2568359375,0.1875,NO,,,
22.406639004149376,5400,44.2568359375,0.1875,NO,,,
22.406639004149376,5400,44.2568359375,0.1875,NO,,,
22.406639004149376,5400,44.2568359375,0.1875,NO,,,
22.406639004149376,5400,44.2568359375,0.1875,NO,,,
22.406639004149376,5400,44.2568359375,0.1875,NO,,,
22.406639004149376,5400,44.2568359375,0.1875,NO,,,
22.406639004149376,5400,44.2568359375,0.1875,NO,,,
22.406639004149376,5400,44.2568359375,0.1875,NO,,,
22.406639004149376,5400,44.2568359375,0.1875,NO,,,
22.448132780082986,5410,36.6005859375,0.375,NO,,,
22.448132780082986,5410,36.6005859375,0.375,NO,,,
22.448132780082986,5410,36.6005859375,0.375,NO,,,
22.448132780082986,5410,36.6005859375,0.375,NO,,,
22.448132780082986,5410,36.6005859375,0.375,NO,,,
22.448132780082986,5410,36.6005859375,0.375,NO,,,
22.448132780082986,5410,36.6005859375,0.375,NO,,,
22.448132780082986,5410,36.6005859375,0.375,NO,,,
22.448132780082986,5410,36.6005859375,0.375,NO,,,
22.448132780082986,5410,36.6005859375,0.375,NO,,,
22.489626556016596,5420,39.1533203125,0.3125,NO,,,
22.489626556016596,5420,39.1533203125,0.3125,NO,,,
22.489626556016596,5420,39.1533203125,0.3125,NO,,,
22.489626556016596,5420,39.1533203125,0.3125,NO,,,
22.489626556016596,5420,39.1533203125,0.3125,NO,,,
22.489626556016596,5420,39.1533203125,0.3125,NO,,,
22.489626556016596,5420,39.1533203125,0.3125,NO,,,
22.489626556016596,5420,39.1533203125,0.3125,NO,,,
22.489626556016596,5420,39.1533203125,0.3125,NO,,,
22.489626556016596,5420,39.1533203125,0.3125,NO,,,
22.53112033195021,5430,39.978515625,0.25,NO,,,
22.53112033195021,5430,39.978515625,0.25,NO,,,
22.53112033195021,5430,39.978515625,0.25,NO,,,
22.53112033195021,5430,39.978515625,0.25,NO,,,
22.53112033195021,5430,39.978515625,0.25,NO,,,
22.53112033195021,5430,39.978515625,0.25,NO,,,
22.53112033195021,5430,39.978515625,0.25,NO,,,
22.53112033195021,5430,39.978515625,0.25,NO,,,
22.53112033195021,5430,39.978515625,0.25,NO,,,
22.53112033195021,5430,39.978515625,0.25,NO,,,
22.57261410788382,5440,36.7890625,0.34375,NO,,,
22.57261410788382,5440,36.7890625,0.34375,NO,,,
22.57261410788382,5440,36.7890625,0.34375,NO,,,
22.57261410788382,5440,36.7890625,0.34375,NO,,,
22.57261410788382,5440,36.7890625,0.34375,NO,,,
22.57261410788382,5440,36.7890625,0.34375,NO,,,
22.57261410788382,5440,36.7890625,0.34375,NO,,,
22.57261410788382,5440,36.7890625,0.34375,NO,,,
22.57261410788382,5440,36.7890625,0.34375,NO,,,
22.57261410788382,5440,36.7890625,0.34375,NO,,,
22.61410788381743,5450,37.017578125,0.3125,NO,,,
22.61410788381743,5450,37.017578125,0.3125,NO,,,
22.61410788381743,5450,37.017578125,0.3125,NO,,,
22.61410788381743,5450,37.017578125,0.3125,NO,,,
22.61410788381743,5450,37.017578125,0.3125,NO,,,
22.61410788381743,5450,37.017578125,0.3125,NO,,,
22.61410788381743,5450,37.017578125,0.3125,NO,,,
22.61410788381743,5450,37.017578125,0.3125,NO,,,
22.61410788381743,5450,37.017578125,0.3125,NO,,,
22.61410788381743,5450,37.017578125,0.3125,NO,,,
22.65560165975104,5460,36.79638671875,0.28125,NO,,,
22.65560165975104,5460,36.79638671875,0.28125,NO,,,
22.65560165975104,5460,36.79638671875,0.28125,NO,,,
22.65560165975104,5460,36.79638671875,0.28125,NO,,,
22.65560165975104,5460,36.79638671875,0.28125,NO,,,
22.65560165975104,5460,36.79638671875,0.28125,NO,,,
22.65560165975104,5460,36.79638671875,0.28125,NO,,,
22.65560165975104,5460,36.79638671875,0.28125,NO,,,
22.65560165975104,5460,36.79638671875,0.28125,NO,,,
22.65560165975104,5460,36.79638671875,0.28125,NO,,,
22.69709543568465,5470,35.7353515625,0.1875,NO,,,
22.69709543568465,5470,35.7353515625,0.1875,NO,,,
22.69709543568465,5470,35.7353515625,0.1875,NO,,,
22.69709543568465,5470,35.7353515625,0.1875,NO,,,
22.69709543568465,5470,35.7353515625,0.1875,NO,,,
22.69709543568465,5470,35.7353515625,0.1875,NO,,,
22.69709543568465,5470,35.7353515625,0.1875,NO,,,
22.69709543568465,5470,35.7353515625,0.1875,NO,,,
22.69709543568465,5470,35.7353515625,0.1875,NO,,,
22.69709543568465,5470,35.7353515625,0.1875,NO,,,
22.738589211618258,5480,33.3857421875,0.25,NO,,,
22.738589211618258,5480,33.3857421875,0.25,NO,,,
22.738589211618258,5480,33.3857421875,0.25,NO,,,
22.738589211618258,5480,33.3857421875,0.25,NO,,,
22.738589211618258,5480,33.3857421875,0.25,NO,,,
22.738589211618258,5480,33.3857421875,0.25,NO,,,
22.738589211618258,5480,33.3857421875,0.25,NO,,,
22.738589211618258,5480,33.3857421875,0.25,NO,,,
22.738589211618258,5480,33.3857421875,0.25,NO,,,
22.738589211618258,5480,33.3857421875,0.25,NO,,,
22.780082987551868,5490,35.90771484375,0.15625,NO,,,
22.780082987551868,5490,35.90771484375,0.15625,NO,,,
22.780082987551868,5490,35.90771484375,0.15625,NO,,,
22.780082987551868,5490,35.90771484375,0.15625,NO,,,
22.780082987551868,5490,35.90771484375,0.15625,NO,,,
22.780082987551868,5490,35.90771484375,0.15625,NO,,,
22.780082987551868,5490,35.90771484375,0.15625,NO,,,
22.780082987551868,5490,35.90771484375,0.15625,NO,,,
22.780082987551868,5490,35.90771484375,0.15625,NO,,,
22.780082987551868,5490,35.90771484375,0.15625,NO,,,
22.821576763485478,5500,28.8681640625,0.34375,NO,,,
22.821576763485478,5500,28.8681640625,0.34375,NO,,,
22.821576763485478,5500,28.8681640625,0.34375,NO,,,
22.821576763485478,5500,28.8681640625,0.34375,NO,,,
22.821576763485478,5500,28.8681640625,0.34375,NO,,,
22.821576763485478,5500,28.8681640625,0.34375,NO,,,
22.821576763485478,5500,28.8681640625,0.34375,NO,,,
22.821576763485478,5500,28.8681640625,0.34375,NO,,,
22.821576763485478,5500,28.8681640625,0.34375,NO,,,
22.821576763485478,5500,28.8681640625,0.34375,NO,,,
22.863070539419088,5510,29.5771484375,0.3125,NO,,,
22.863070539419088,5510,29.5771484375,0.3125,NO,,,
22.863070539419088,5510,29.5771484375,0.3125,NO,,,
22.863070539419088,5510,29.5771484375,0.3125,NO,,,
22.863070539419088,5510,29.5771484375,0.3125,NO,,,
22.863070539419088,5510,29.5771484375,0.3125,NO,,,
22.863070539419088,5510,29.5771484375,0.3125,NO,,,
22.863070539419088,5510,29.5771484375,0.3125,NO,,,
22.863070539419088,5510,29.5771484375,0.3125,NO,,,
22.863070539419088,5510,29.5771484375,0.3125,NO,,,
22.904564315352697,5520,34.04541015625,0.21875,NO,,,
22.904564315352697,5520,34.04541015625,0.21875,NO,,,
22.904564315352697,5520,34.04541015625,0.21875,NO,,,
22.904564315352697,5520,34.04541015625,0.21875,NO,,,
22.904564315352697,5520,34.04541015625,0.21875,NO,,,
22.904564315352697,5520,34.04541015625,0.21875,NO,,,
22.904564315352697,5520,34.04541015625,0.21875,NO,,,
22.904564315352697,5520,34.04541015625,0.21875,NO,,,
22.904564315352697,5520,34.04541015625,0.21875,NO,,,
22.904564315352697,5520,34.04541015625,0.21875,NO,,,
22.946058091286307,5530,29.67626953125,0.34375,NO,,,
22.946058091286307,5530,29.67626953125,0.34375,NO,,,
22.946058091286307,5530,29.67626953125,0.34375,NO,,,
22.946058091286307,5530,29.67626953125,0.34375,NO,,,
22.946058091286307,5530,29.67626953125,0.34375,NO,,,
22.946058091286307,5530,29.67626953125,0.34375,NO,,,
22.946058091286307,5530,29.67626953125,0.34375,NO,,,
22.946058091286307,5530,29.67626953125,0.34375,NO,,,
22.946058091286307,5530,29.67626953125,0.34375,NO,,,
22.946058091286307,5530,29.67626953125,0.34375,NO,,,
22.987551867219917,5540,43.0419921875,0.15625,NO,,,
22.987551867219917,5540,43.0419921875,0.15625,NO,,,
22.987551867219917,5540,43.0419921875,0.15625,NO,,,
22.987551867219917,5540,43.0419921875,0.15625,NO,,,
22.987551867219917,5540,43.0419921875,0.15625,NO,,,
22.987551867219917,5540,43.0419921875,0.15625,NO,,,
22.987551867219917,5540,43.0419921875,0.15625,NO,,,
22.987551867219917,5540,43.0419921875,0.15625,NO,,,
22.987551867219917,5540,43.0419921875,0.15625,NO,,,
22.987551867219917,5540,43.0419921875,0.15625,NO,,,
23.029045643153527,5550,33.2412109375,0.21875,NO,,,
23.029045643153527,5550,33.2412109375,0.21875,NO,,,
23.029045643153527,5550,33.2412109375,0.21875,NO,,,
23.029045643153527,5550,33.2412109375,0.21875,NO,,,
23.029045643153527,5550,33.2412109375,0.21875,NO,,,
23.029045643153527,5550,33.2412109375,0.21875,NO,,,
23.029045643153527,5550,33.2412109375,0.21875,NO,,,
23.029045643153527,5550,33.2412109375,0.21875,NO,,,
23.029045643153527,5550,33.2412109375,0.21875,NO,,,
23.029045643153527,5550,33.2412109375,0.21875,NO,,,
23.070539419087137,5560,40.01953125,0.21875,NO,,,
23.070539419087137,5560,40.01953125,0.21875,NO,,,
23.070539419087137,5560,40.01953125,0.21875,NO,,,
23.070539419087137,5560,40.01953125,0.21875,NO,,,
23.070539419087137,5560,40.01953125,0.21875,NO,,,
23.070539419087137,5560,40.01953125,0.21875,NO,,,
23.070539419087137,5560,40.01953125,0.21875,NO,,,
23.070539419087137,5560,40.01953125,0.21875,NO,,,
23.070539419087137,5560,40.01953125,0.21875,NO,,,
23.070539419087137,5560,40.01953125,0.21875,NO,,,
23.112033195020746,5570,37.455078125,0.1875,NO,,,
23.112033195020746,5570,37.455078125,0.1875,NO,,,
23.112033195020746,5570,37.455078125,0.1875,NO,,,
23.112033195020746,5570,37.455078125,0.1875,NO,,,
23.112033195020746,5570,37.455078125,0.1875,NO,,,
23.112033195020746,5570,37.455078125,0.1875,NO,,,
23.112033195020746,5570,37.455078125,0.1875,NO,,,
23.112033195020746,5570,37.455078125,0.1875,NO,,,
23.112033195020746,5570,37.455078125,0.1875,NO,,,
23.112033195020746,5570,37.455078125,0.1875,NO,,,
23.153526970954356,5580,37.302734375,0.1875,NO,,,
23.153526970954356,5580,37.302734375,0.1875,NO,,,
23.153526970954356,5580,37.302734375,0.1875,NO,,,
23.153526970954356,5580,37.302734375,0.1875,NO,,,
23.153526970954356,5580,37.302734375,0.1875,NO,,,
23.153526970954356,5580,37.302734375,0.1875,NO,,,
23.153526970954356,5580,37.302734375,0.1875,NO,,,
23.153526970954356,5580,37.302734375,0.1875,NO,,,
23.153526970954356,5580,37.302734375,0.1875,NO,,,
23.153526970954356,5580,37.302734375,0.1875,NO,,,
23.195020746887966,5590,36.9111328125,0.28125,NO,,,
23.195020746887966,5590,36.9111328125,0.28125,NO,,,
23.195020746887966,5590,36.9111328125,0.28125,NO,,,
23.195020746887966,5590,36.9111328125,0.28125,NO,,,
23.195020746887966,5590,36.9111328125,0.28125,NO,,,
23.195020746887966,5590,36.9111328125,0.28125,NO,,,
23.195020746887966,5590,36.9111328125,0.28125,NO,,,
23.195020746887966,5590,36.9111328125,0.28125,NO,,,
23.195020746887966,5590,36.9111328125,0.28125,NO,,,
23.195020746887966,5590,36.9111328125,0.28125,NO,,,
23.236514522821576,5600,25.47900390625,0.375,NO,,,
23.236514522821576,5600,25.47900390625,0.375,NO,,,
23.236514522821576,5600,25.47900390625,0.375,NO,,,
23.236514522821576,5600,25.47900390625,0.375,NO,,,
23.236514522821576,5600,25.47900390625,0.375,NO,,,
23.236514522821576,5600,25.47900390625,0.375,NO,,,
23.236514522821576,5600,25.47900390625,0.375,NO,,,
23.236514522821576,5600,25.47900390625,0.375,NO,,,
23.236514522821576,5600,25.47900390625,0.375,NO,,,
23.236514522821576,5600,25.47900390625,0.375,NO,,,
23.278008298755186,5610,28.53955078125,0.3125,NO,,,
23.278008298755186,5610,28.53955078125,0.3125,NO,,,
23.278008298755186,5610,28.53955078125,0.3125,NO,,,
23.278008298755186,5610,28.53955078125,0.3125,NO,,,
23.278008298755186,5610,28.53955078125,0.3125,NO,,,
23.278008298755186,5610,28.53955078125,0.3125,NO,,,
23.278008298755186,5610,28.53955078125,0.3125,NO,,,
23.278008298755186,5610,28.53955078125,0.3125,NO,,,
23.278008298755186,5610,28.53955078125,0.3125,NO,,,
23.278008298755186,5610,28.53955078125,0.3125,NO,,,
23.319502074688796,5620,26.80615234375,0.3125,NO,,,
23.319502074688796,5620,26.80615234375,0.3125,NO,,,
23.319502074688796,5620,26.80615234375,0.3125,NO,,,
23.319502074688796,5620,26.80615234375,0.3125,NO,,,
23.319502074688796,5620,26.80615234375,0.3125,NO,,,
23.319502074688796,5620,26.80615234375,0.3125,NO,,,
23.319502074688796,5620,26.80615234375,0.3125,NO,,,
23.319502074688796,5620,26.80615234375,0.3125,NO,,,
23.319502074688796,5620,26.80615234375,0.3125,NO,,,
23.319502074688796,5620,26.80615234375,0.3125,NO,,,
23.360995850622405,5630,30.87890625,0.34375,NO,,,
23.360995850622405,5630,30.87890625,0.34375,NO,,,
23.360995850622405,5630,30.87890625,0.34375,NO,,,
23.360995850622405,5630,30.87890625,0.34375,NO,,,
23.360995850622405,5630,30.87890625,0.34375,NO,,,
23.360995850622405,5630,30.87890625,0.34375,NO,,,
23.360995850622405,5630,30.87890625,0.34375,NO,,,
23.360995850622405,5630,30.87890625,0.34375,NO,,,
23.360995850622405,5630,30.87890625,0.34375,NO,,,
23.360995850622405,5630,30.87890625,0.34375,NO,,,
23.402489626556015,5640,25.48583984375,0.4375,NO,,,
23.402489626556015,5640,25.48583984375,0.4375,NO,,,
23.402489626556015,5640,25.48583984375,0.4375,NO,,,
23.402489626556015,5640,25.48583984375,0.4375,NO,,,
23.402489626556015,5640,25.48583984375,0.4375,NO,,,
23.402489626556015,5640,25.48583984375,0.4375,NO,,,
23.402489626556015,5640,25.48583984375,0.4375,NO,,,
23.402489626556015,5640,25.48583984375,0.4375,NO,,,
23.402489626556015,5640,25.48583984375,0.4375,NO,,,
23.402489626556015,5640,25.48583984375,0.4375,NO,,,
23.443983402489625,5650,29.1962890625,0.34375,NO,,,
23.443983402489625,5650,29.1962890625,0.34375,NO,,,
23.443983402489625,5650,29.1962890625,0.34375,NO,,,
23.443983402489625,5650,29.1962890625,0.34375,NO,,,
23.443983402489625,5650,29.1962890625,0.34375,NO,,,
23.443983402489625,5650,29.1962890625,0.34375,NO,,,
23.443983402489625,5650,29.1962890625,0.34375,NO,,,
23.443983402489625,5650,29.1962890625,0.34375,NO,,,
23.443983402489625,5650,29.1962890625,0.34375,NO,,,
23.443983402489625,5650,29.1962890625,0.34375,NO,,,
23.485477178423235,5660,35.4638671875,0.25,NO,,,
23.485477178423235,5660,35.4638671875,0.25,NO,,,
23.485477178423235,5660,35.4638671875,0.25,NO,,,
23.485477178423235,5660,35.4638671875,0.25,NO,,,
23.485477178423235,5660,35.4638671875,0.25,NO,,,
23.485477178423235,5660,35.4638671875,0.25,NO,,,
23.485477178423235,5660,35.4638671875,0.25,NO,,,
23.485477178423235,5660,35.4638671875,0.25,NO,,,
23.485477178423235,5660,35.4638671875,0.25,NO,,,
23.485477178423235,5660,35.4638671875,0.25,NO,,,
23.526970954356848,5670,37.84423828125,0.1875,NO,,,
23.526970954356848,5670,37.84423828125,0.1875,NO,,,
23.526970954356848,5670,37.84423828125,0.1875,NO,,,
23.526970954356848,5670,37.84423828125,0.1875,NO,,,
23.526970954356848,5670,37.84423828125,0.1875,NO,,,
23.526970954356848,5670,37.84423828125,0.1875,NO,,,
23.526970954356848,5670,37.84423828125,0.1875,NO,,,
23.526970954356848,5670,37.84423828125,0.1875,NO,,,
23.526970954356848,5670,37.84423828125,0.1875,NO,,,
23.526970954356848,5670,37.84423828125,0.1875,NO,,,
23.568464730290458,5680,32.33056640625,0.1875,NO,,,
23.568464730290458,5680,32.33056640625,0.1875,NO,,,
23.568464730290458,5680,32.33056640625,0.1875,NO,,,
23.568464730290458,5680,32.33056640625,0.1875,NO,,,
23.568464730290458,5680,32.33056640625,0.1875,NO,,,
23.568464730290458,5680,32.33056640625,0.1875,NO,,,
23.568464730290458,5680,32.33056640625,0.1875,NO,,,
23.568464730290458,5680,32.33056640625,0.1875,NO,,,
23.568464730290458,5680,32.33056640625,0.1875,NO,,,
23.568464730290458,5680,32.33056640625,0.1875,NO,,,
23.609958506224068,5690,26.8203125,0.3125,NO,,,
23.609958506224068,5690,26.8203125,0.3125,NO,,,
23.609958506224068,5690,26.8203125,0.3125,NO,,,
23.609958506224068,5690,26.8203125,0.3125,NO,,,
23.609958506224068,5690,26.8203125,0.3125,NO,,,
23.609958506224068,5690,26.8203125,0.3125,NO,,,
23.609958506224068,5690,26.8203125,0.3125,NO,,,
23.609958506224068,5690,26.8203125,0.3125,NO,,,
23.609958506224068,5690,26.8203125,0.3125,NO,,,
23.609958506224068,5690,26.8203125,0.3125,NO,,,
23.651452282157678,5700,25.9033203125,0.3125,NO,,,
23.651452282157678,5700,25.9033203125,0.3125,NO,,,
23.651452282157678,5700,25.9033203125,0.3125,NO,,,
23.651452282157678,5700,25.9033203125,0.3125,NO,,,
23.651452282157678,5700,25.9033203125,0.3125,NO,,,
23.651452282157678,5700,25.9033203125,0.3125,NO,,,
23.651452282157678,5700,25.9033203125,0.3125,NO,,,
23.651452282157678,5700,25.9033203125,0.3125,NO,,,
23.651452282157678,5700,25.9033203125,0.3125,NO,,,
23.651452282157678,5700,25.9033203125,0.3125,NO,,,
23.692946058091287,5710,26.47802734375,0.3125,NO,,,
23.692946058091287,5710,26.47802734375,0.3125,NO,,,
23.692946058091287,5710,26.47802734375,0.3125,NO,,,
23.692946058091287,5710,26.47802734375,0.3125,NO,,,
23.692946058091287,5710,26.47802734375,0.3125,NO,,,
23.692946058091287,5710,26.47802734375,0.3125,NO,,,
23.692946058091287,5710,26.47802734375,0.3125,NO,,,
23.692946058091287,5710,26.47802734375,0.3125,NO,,,
23.692946058091287,5710,26.47802734375,0.3125,NO,,,
23.692946058091287,5710,26.47802734375,0.3125,NO,,,
23.734439834024897,5720,29.865234375,0.1875,NO,,,
23.734439834024897,5720,29.865234375,0.1875,NO,,,
23.734439834024897,5720,29.865234375,0.1875,NO,,,
23.734439834024897,5720,29.865234375,0.1875,NO,,,
23.734439834024897,5720,29.865234375,0.1875,NO,,,
23.734439834024897,5720,29.865234375,0.1875,NO,,,
23.734439834024897,5720,29.865234375,0.1875,NO,,,
23.734439834024897,5720,29.865234375,0.1875,NO,,,
23.734439834024897,5720,29.865234375,0.1875,NO,,,
23.734439834024897,5720,29.865234375,0.1875,NO,,,
23.775933609958507,5730,36.38623046875,0.21875,NO,,,
23.775933609958507,5730,36.38623046875,0.21875,NO,,,
23.775933609958507,5730,36.38623046875,0.21875,NO,,,
23.775933609958507,5730,36.38623046875,0.21875,NO,,,
23.775933609958507,5730,36.38623046875,0.21875,NO,,,
23.775933609958507,5730,36.38623046875,0.21875,NO,,,
23.775933609958507,5730,36.38623046875,0.21875,NO,,,
23.775933609958507,5730,36.38623046875,0.21875,NO,,,
23.775933609958507,5730,36.38623046875,0.21875,NO,,,
23.775933609958507,5730,36.38623046875,0.21875,NO,,,
23.817427385892117,5740,27.451171875,0.3125,NO,,,
23.817427385892117,5740,27.451171875,0.3125,NO,,,
23.817427385892117,5740,27.451171875,0.3125,NO,,,
23.817427385892117,5740,27.451171875,0.3125,NO,,,
23.817427385892117,5740,27.451171875,0.3125,NO,,,
23.817427385892117,5740,27.451171875,0.3125,NO,,,
23.817427385892117,5740,27.451171875,0.3125,NO,,,
23.817427385892117,5740,27.451171875,0.3125,NO,,,
23.817427385892117,5740,27.451171875,0.3125,NO,,,
23.817427385892117,5740,27.451171875,0.3125,NO,,,
23.858921161825727,5750,26.69873046875,0.375,NO,,,
23.858921161825727,5750,26.69873046875,0.375,NO,,,
23.858921161825727,5750,26.69873046875,0.375,NO,,,
23.858921161825727,5750,26.69873046875,0.375,NO,,,
23.858921161825727,5750,26.69873046875,0.375,NO,,,
23.858921161825727,5750,26.69873046875,0.375,NO,,,
23.858921161825727,5750,26.69873046875,0.375,NO,,,
23.858921161825727,5750,26.69873046875,0.375,NO,,,
23.858921161825727,5750,26.69873046875,0.375,NO,,,
23.858921161825727,5750,26.69873046875,0.375,NO,,,
23.900414937759336,5760,32.4775390625,0.25,NO,,,
23.900414937759336,5760,32.4775390625,0.25,NO,,,
23.900414937759336,5760,32.4775390625,0.25,NO,,,
23.900414937759336,5760,32.4775390625,0.25,NO,,,
23.900414937759336,5760,32.4775390625,0.25,NO,,,
23.900414937759336,5760,32.4775390625,0.25,NO,,,
23.900414937759336,5760,32.4775390625,0.25,NO,,,
23.900414937759336,5760,32.4775390625,0.25,NO,,,
23.900414937759336,5760,32.4775390625,0.25,NO,,,
23.900414937759336,5760,32.4775390625,0.25,NO,,,
23.941908713692946,5770,27.134765625,0.40625,NO,,,
23.941908713692946,5770,27.134765625,0.40625,NO,,,
23.941908713692946,5770,27.134765625,0.40625,NO,,,
23.941908713692946,5770,27.134765625,0.40625,NO,,,
23.941908713692946,5770,27.134765625,0.40625,NO,,,
23.941908713692946,5770,27.134765625,0.40625,NO,,,
23.941908713692946,5770,27.134765625,0.40625,NO,,,
23.941908713692946,5770,27.134765625,0.40625,NO,,,
23.941908713692946,5770,27.134765625,0.40625,NO,,,
23.941908713692946,5770,27.134765625,0.40625,NO,,,
23.983402489626556,5780,31.51416015625,0.28125,NO,,,
23.983402489626556,5780,31.51416015625,0.28125,NO,,,
23.983402489626556,5780,31.51416015625,0.28125,NO,,,
23.983402489626556,5780,31.51416015625,0.28125,NO,,,
23.983402489626556,5780,31.51416015625,0.28125,NO,,,
23.983402489626556,5780,31.51416015625,0.28125,NO,,,
23.983402489626556,5780,31.51416015625,0.28125,NO,,,
23.983402489626556,5780,31.51416015625,0.28125,NO,,,
23.983402489626556,5780,31.51416015625,0.28125,NO,,,
23.983402489626556,5780,31.51416015625,0.28125,NO,,,
24.024896265560166,5790,30.42236328125,0.21875,NO,,,
24.024896265560166,5790,30.42236328125,0.21875,NO,,,
24.024896265560166,5790,30.42236328125,0.21875,NO,,,
24.024896265560166,5790,30.42236328125,0.21875,NO,,,
24.024896265560166,5790,30.42236328125,0.21875,NO,,,
24.024896265560166,5790,30.42236328125,0.21875,NO,,,
24.024896265560166,5790,30.42236328125,0.21875,NO,,,
24.024896265560166,5790,30.42236328125,0.21875,NO,,,
24.024896265560166,5790,30.42236328125,0.21875,NO,,,
24.024896265560166,5790,30.42236328125,0.21875,NO,,,
24.066390041493776,5800,34.68359375,0.25,NO,,,
24.066390041493776,5800,34.68359375,0.25,NO,,,
24.066390041493776,5800,34.68359375,0.25,NO,,,
24.066390041493776,5800,34.68359375,0.25,NO,,,
24.066390041493776,5800,34.68359375,0.25,NO,,,
24.066390041493776,5800,34.68359375,0.25,NO,,,
24.066390041493776,5800,34.68359375,0.25,NO,,,
24.066390041493776,5800,34.68359375,0.25,NO,,,
24.066390041493776,5800,34.68359375,0.25,NO,,,
24.066390041493776,5800,34.68359375,0.25,NO,,,
24.107883817427386,5810,29.50439453125,0.3125,NO,,,
24.107883817427386,5810,29.50439453125,0.3125,NO,,,
24.107883817427386,5810,29.50439453125,0.3125,NO,,,
24.107883817427386,5810,29.50439453125,0.3125,NO,,,
24.107883817427386,5810,29.50439453125,0.3125,NO,,,
24.107883817427386,5810,29.50439453125,0.3125,NO,,,
24.107883817427386,5810,29.50439453125,0.3125,NO,,,
24.107883817427386,5810,29.50439453125,0.3125,NO,,,
24.107883817427386,5810,29.50439453125,0.3125,NO,,,
24.107883817427386,5810,29.50439453125,0.3125,NO,,,
24.149377593360995,5820,37.154296875,0.25,NO,,,
24.149377593360995,5820,37.154296875,0.25,NO,,,
24.149377593360995,5820,37.154296875,0.25,NO,,,
24.149377593360995,5820,37.154296875,0.25,NO,,,
24.149377593360995,5820,37.154296875,0.25,NO,,,
24.149377593360995,5820,37.154296875,0.25,NO,,,
24.149377593360995,5820,37.154296875,0.25,NO,,,
24.149377593360995,5820,37.154296875,0.25,NO,,,
24.149377593360995,5820,37.154296875,0.25,NO,,,
24.149377593360995,5820,37.154296875,0.25,NO,,,
24.190871369294605,5830,36.7783203125,0.25,NO,,,
24.190871369294605,5830,36.7783203125,0.25,NO,,,
24.190871369294605,5830,36.7783203125,0.25,NO,,,
24.190871369294605,5830,36.7783203125,0.25,NO,,,
24.190871369294605,5830,36.7783203125,0.25,NO,,,
24.190871369294605,5830,36.7783203125,0.25,NO,,,
24.190871369294605,5830,36.7783203125,0.25,NO,,,
24.190871369294605,5830,36.7783203125,0.25,NO,,,
24.190871369294605,5830,36.7783203125,0.25,NO,,,
24.190871369294605,5830,36.7783203125,0.25,NO,,,
24.232365145228215,5840,38.005859375,0.25,NO,,,
24.232365145228215,5840,38.005859375,0.25,NO,,,
24.232365145228215,5840,38.005859375,0.25,NO,,,
24.232365145228215,5840,38.005859375,0.25,NO,,,
24.232365145228215,5840,38.005859375,0.25,NO,,,
24.232365145228215,5840,38.005859375,0.25,NO,,,
24.232365145228215,5840,38.005859375,0.25,NO,,,
24.232365145228215,5840,38.005859375,0.25,NO,,,
24.232365145228215,5840,38.005859375,0.25,NO,,,
24.232365145228215,5840,38.005859375,0.25,NO,,,
24.273858921161825,5850,44.7470703125,0.15625,NO,,,
24.273858921161825,5850,44.7470703125,0.15625,NO,,,
24.273858921161825,5850,44.7470703125,0.15625,NO,,,
24.273858921161825,5850,44.7470703125,0.15625,NO,,,
24.273858921161825,5850,44.7470703125,0.15625,NO,,,
24.273858921161825,5850,44.7470703125,0.15625,NO,,,
24.273858921161825,5850,44.7470703125,0.15625,NO,,,
24.273858921161825,5850,44.7470703125,0.15625,NO,,,
24.273858921161825,5850,44.7470703125,0.15625,NO,,,
24.273858921161825,5850,44.7470703125,0.15625,NO,,,
24.315352697095435,5860,36.71728515625,0.28125,NO,,,
24.315352697095435,5860,36.71728515625,0.28125,NO,,,
24.315352697095435,5860,36.71728515625,0.28125,NO,,,
24.315352697095435,5860,36.71728515625,0.28125,NO,,,
24.315352697095435,5860,36.71728515625,0.28125,NO,,,
24.315352697095435,5860,36.71728515625,0.28125,NO,,,
24.315352697095435,5860,36.71728515625,0.28125,NO,,,
24.315352697095435,5860,36.71728515625,0.28125,NO,,,
24.315352697095435,5860,36.71728515625,0.28125,NO,,,
24.315352697095435,5860,36.71728515625,0.28125,NO,,,
24.356846473029044,5870,30.669921875,0.34375,NO,,,
24.356846473029044,5870,30.669921875,0.34375,NO,,,
24.356846473029044,5870,30.669921875,0.34375,NO,,,
24.356846473029044,5870,30.669921875,0.34375,NO,,,
24.356846473029044,5870,30.669921875,0.34375,NO,,,
24.356846473029044,5870,30.669921875,0.34375,NO,,,
24.356846473029044,5870,30.669921875,0.34375,NO,,,
24.356846473029044,5870,30.669921875,0.34375,NO,,,
24.356846473029044,5870,30.669921875,0.34375,NO,,,
24.356846473029044,5870,30.669921875,0.34375,NO,,,
24.398340248962654,5880,38.6943359375,0.1875,NO,,,
24.398340248962654,5880,38.6943359375,0.1875,NO,,,
24.398340248962654,5880,38.6943359375,0.1875,NO,,,
24.398340248962654,5880,38.6943359375,0.1875,NO,,,
24.398340248962654,5880,38.6943359375,0.1875,NO,,,
24.398340248962654,5880,38.6943359375,0.1875,NO,,,
24.398340248962654,5880,38.6943359375,0.1875,NO,,,
24.398340248962654,5880,38.6943359375,0.1875,NO,,,
24.398340248962654,5880,38.6943359375,0.1875,NO,,,
24.398340248962654,5880,38.6943359375,0.1875,NO,,,
24.439834024896264,5890,41.666015625,0.25,NO,,,
24.439834024896264,5890,41.666015625,0.25,NO,,,
24.439834024896264,5890,41.666015625,0.25,NO,,,
24.439834024896264,5890,41.666015625,0.25,NO,,,
24.439834024896264,5890,41.666015625,0.25,NO,,,
24.439834024896264,5890,41.666015625,0.25,NO,,,
24.439834024896264,5890,41.666015625,0.25,NO,,,
24.439834024896264,5890,41.666015625,0.25,NO,,,
24.439834024896264,5890,41.666015625,0.25,NO,,,
24.439834024896264,5890,41.666015625,0.25,NO,,,
24.481327800829874,5900,41.2578125,0.1875,NO,,,
24.481327800829874,5900,41.2578125,0.1875,NO,,,
24.481327800829874,5900,41.2578125,0.1875,NO,,,
24.481327800829874,5900,41.2578125,0.1875,NO,,,
24.481327800829874,5900,41.2578125,0.1875,NO,,,
24.481327800829874,5900,41.2578125,0.1875,NO,,,
24.481327800829874,5900,41.2578125,0.1875,NO,,,
24.481327800829874,5900,41.2578125,0.1875,NO,,,
24.481327800829874,5900,41.2578125,0.1875,NO,,,
24.481327800829874,5900,41.2578125,0.1875,NO,,,
24.522821576763487,5910,33.6083984375,0.3125,NO,,,
24.522821576763487,5910,33.6083984375,0.3125,NO,,,
24.522821576763487,5910,33.6083984375,0.3125,NO,,,
24.522821576763487,5910,33.6083984375,0.3125,NO,,,
24.522821576763487,5910,33.6083984375,0.3125,NO,,,
24.522821576763487,5910,33.6083984375,0.3125,NO,,,
24.522821576763487,5910,33.6083984375,0.3125,NO,,,
24.522821576763487,5910,33.6083984375,0.3125,NO,,,
24.522821576763487,5910,33.6083984375,0.3125,NO,,,
24.522821576763487,5910,33.6083984375,0.3125,NO,,,
24.564315352697097,5920,32.8212890625,0.34375,NO,,,
24.564315352697097,5920,32.8212890625,0.34375,NO,,,
24.564315352697097,5920,32.8212890625,0.34375,NO,,,
24.564315352697097,5920,32.8212890625,0.34375,NO,,,
24.564315352697097,5920,32.8212890625,0.34375,NO,,,
24.564315352697097,5920,32.8212890625,0.34375,NO,,,
24.564315352697097,5920,32.8212890625,0.34375,NO,,,
24.564315352697097,5920,32.8212890625,0.34375,NO,,,
24.564315352697097,5920,32.8212890625,0.34375,NO,,,
24.564315352697097,5920,32.8212890625,0.34375,NO,,,
24.605809128630707,5930,28.4521484375,0.375,NO,,,
24.605809128630707,5930,28.4521484375,0.375,NO,,,
24.605809128630707,5930,28.4521484375,0.375,NO,,,
24.605809128630707,5930,28.4521484375,0.375,NO,,,
24.605809128630707,5930,28.4521484375,0.375,NO,,,
24.605809128630707,5930,28.4521484375,0.375,NO,,,
24.605809128630707,5930,28.4521484375,0.375,NO,,,
24.605809128630707,5930,28.4521484375,0.375,NO,,,
24.605809128630707,5930,28.4521484375,0.375,NO,,,
24.605809128630707,5930,28.4521484375,0.375,NO,,,
24.647302904564317,5940,37.970703125,0.09375,NO,,,
24.647302904564317,5940,37.970703125,0.09375,NO,,,
24.647302904564317,5940,37.970703125,0.09375,NO,,,
24.647302904564317,5940,37.970703125,0.09375,NO,,,
24.647302904564317,5940,37.970703125,0.09375,NO,,,
24.647302904564317,5940,37.970703125,0.09375,NO,,,
24.647302904564317,5940,37.970703125,0.09375,NO,,,
24.647302904564317,5940,37.970703125,0.09375,NO,,,
24.647302904564317,5940,37.970703125,0.09375,NO,,,
24.647302904564317,5940,37.970703125,0.09375,NO,,,
24.688796680497926,5950,30.37109375,0.3125,NO,,,
24.688796680497926,5950,30.37109375,0.3125,NO,,,
24.688796680497926,5950,30.37109375,0.3125,NO,,,
24.688796680497926,5950,30.37109375,0.3125,NO,,,
24.688796680497926,5950,30.37109375,0.3125,NO,,,
24.688796680497926,5950,30.37109375,0.3125,NO,,,
24.688796680497926,5950,30.37109375,0.3125,NO,,,
24.688796680497926,5950,30.37109375,0.3125,NO,,,
24.688796680497926,5950,30.37109375,0.3125,NO,,,
24.688796680497926,5950,30.37109375,0.3125,NO,,,
24.730290456431536,5960,34.1708984375,0.28125,NO,,,
24.730290456431536,5960,34.1708984375,0.28125,NO,,,
24.730290456431536,5960,34.1708984375,0.28125,NO,,,
24.730290456431536,5960,34.1708984375,0.28125,NO,,,
24.730290456431536,5960,34.1708984375,0.28125,NO,,,
24.730290456431536,5960,34.1708984375,0.28125,NO,,,
24.730290456431536,5960,34.1708984375,0.28125,NO,,,
24.730290456431536,5960,34.1708984375,0.28125,NO,,,
24.730290456431536,5960,34.1708984375,0.28125,NO,,,
24.730290456431536,5960,34.1708984375,0.28125,NO,,,
24.771784232365146,5970,38.08447265625,0.21875,NO,,,
24.771784232365146,5970,38.08447265625,0.21875,NO,,,
24.771784232365146,5970,38.08447265625,0.21875,NO,,,
24.771784232365146,5970,38.08447265625,0.21875,NO,,,
24.771784232365146,5970,38.08447265625,0.21875,NO,,,
24.771784232365146,5970,38.08447265625,0.21875,NO,,,
24.771784232365146,5970,38.08447265625,0.21875,NO,,,
24.771784232365146,5970,38.08447265625,0.21875,NO,,,
24.771784232365146,5970,38.08447265625,0.21875,NO,,,
24.771784232365146,5970,38.08447265625,0.21875,NO,,,
24.813278008298756,5980,35.86767578125,0.1875,NO,,,
24.813278008298756,5980,35.86767578125,0.1875,NO,,,
24.813278008298756,5980,35.86767578125,0.1875,NO,,,
24.813278008298756,5980,35.86767578125,0.1875,NO,,,
24.813278008298756,5980,35.86767578125,0.1875,NO,,,
24.813278008298756,5980,35.86767578125,0.1875,NO,,,
24.813278008298756,5980,35.86767578125,0.1875,NO,,,
24.813278008298756,5980,35.86767578125,0.1875,NO,,,
24.813278008298756,5980,35.86767578125,0.1875,NO,,,
24.813278008298756,5980,35.86767578125,0.1875,NO,,,
24.854771784232366,5990,38.87890625,0.125,NO,,,
24.854771784232366,5990,38.87890625,0.125,NO,,,
24.854771784232366,5990,38.87890625,0.125,NO,,,
24.854771784232366,5990,38.87890625,0.125,NO,,,
24.854771784232366,5990,38.87890625,0.125,NO,,,
24.854771784232366,5990,38.87890625,0.125,NO,,,
24.854771784232366,5990,38.87890625,0.125,NO,,,
24.854771784232366,5990,38.87890625,0.125,NO,,,
24.854771784232366,5990,38.87890625,0.125,NO,,,
24.854771784232366,5990,38.87890625,0.125,YES,31.313674926757812,0.25995316159250587,21.227178955078124
24.896265560165975,6000,32.01220703125,0.25,NO,,,
24.896265560165975,6000,32.01220703125,0.25,NO,,,
24.896265560165975,6000,32.01220703125,0.25,NO,,,
24.896265560165975,6000,32.01220703125,0.25,NO,,,
24.896265560165975,6000,32.01220703125,0.25,NO,,,
24.896265560165975,6000,32.01220703125,0.25,NO,,,
24.896265560165975,6000,32.01220703125,0.25,NO,,,
24.896265560165975,6000,32.01220703125,0.25,NO,,,
24.896265560165975,6000,32.01220703125,0.25,NO,,,
24.896265560165975,6000,32.01220703125,0.25,NO,,,
24.937759336099585,6010,34.85400390625,0.21875,NO,,,
24.937759336099585,6010,34.85400390625,0.21875,NO,,,
24.937759336099585,6010,34.85400390625,0.21875,NO,,,
24.937759336099585,6010,34.85400390625,0.21875,NO,,,
24.937759336099585,6010,34.85400390625,0.21875,NO,,,
24.937759336099585,6010,34.85400390625,0.21875,NO,,,
24.937759336099585,6010,34.85400390625,0.21875,NO,,,
24.937759336099585,6010,34.85400390625,0.21875,NO,,,
24.937759336099585,6010,34.85400390625,0.21875,NO,,,
24.937759336099585,6010,34.85400390625,0.21875,NO,,,
24.979253112033195,6020,26.62841796875,0.375,NO,,,
24.979253112033195,6020,26.62841796875,0.375,NO,,,
24.979253112033195,6020,26.62841796875,0.375,NO,,,
24.979253112033195,6020,26.62841796875,0.375,NO,,,
24.979253112033195,6020,26.62841796875,0.375,NO,,,
24.979253112033195,6020,26.62841796875,0.375,NO,,,
24.979253112033195,6020,26.62841796875,0.375,NO,,,
24.979253112033195,6020,26.62841796875,0.375,NO,,,
24.979253112033195,6020,26.62841796875,0.375,NO,,,
24.979253112033195,6020,26.62841796875,0.375,NO,,,
25.020746887966805,6030,38.05908203125,0.1875,NO,,,
25.020746887966805,6030,38.05908203125,0.1875,NO,,,
25.020746887966805,6030,38.05908203125,0.1875,NO,,,
25.020746887966805,6030,38.05908203125,0.1875,NO,,,
25.020746887966805,6030,38.05908203125,0.1875,NO,,,
25.020746887966805,6030,38.05908203125,0.1875,NO,,,
25.020746887966805,6030,38.05908203125,0.1875,NO,,,
25.020746887966805,6030,38.05908203125,0.1875,NO,,,
25.020746887966805,6030,38.05908203125,0.1875,NO,,,
25.020746887966805,6030,38.05908203125,0.1875,NO,,,
25.062240663900415,6040,30.5009765625,0.3125,NO,,,
25.062240663900415,6040,30.5009765625,0.3125,NO,,,
25.062240663900415,6040,30.5009765625,0.3125,NO,,,
25.062240663900415,6040,30.5009765625,0.3125,NO,,,
25.062240663900415,6040,30.5009765625,0.3125,NO,,,
25.062240663900415,6040,30.5009765625,0.3125,NO,,,
25.062240663900415,6040,30.5009765625,0.3125,NO,,,
25.062240663900415,6040,30.5009765625,0.3125,NO,,,
25.062240663900415,6040,30.5009765625,0.3125,NO,,,
25.062240663900415,6040,30.5009765625,0.3125,NO,,,
25.103734439834025,6050,32.0224609375,0.28125,NO,,,
25.103734439834025,6050,32.0224609375,0.28125,NO,,,
25.103734439834025,6050,32.0224609375,0.28125,NO,,,
25.103734439834025,6050,32.0224609375,0.28125,NO,,,
25.103734439834025,6050,32.0224609375,0.28125,NO,,,
25.103734439834025,6050,32.0224609375,0.28125,NO,,,
25.103734439834025,6050,32.0224609375,0.28125,NO,,,
25.103734439834025,6050,32.0224609375,0.28125,NO,,,
25.103734439834025,6050,32.0224609375,0.28125,NO,,,
25.103734439834025,6050,32.0224609375,0.28125,NO,,,
25.145228215767634,6060,32.7890625,0.3125,NO,,,
25.145228215767634,6060,32.7890625,0.3125,NO,,,
25.145228215767634,6060,32.7890625,0.3125,NO,,,
25.145228215767634,6060,32.7890625,0.3125,NO,,,
25.145228215767634,6060,32.7890625,0.3125,NO,,,
25.145228215767634,6060,32.7890625,0.3125,NO,,,
25.145228215767634,6060,32.7890625,0.3125,NO,,,
25.145228215767634,6060,32.7890625,0.3125,NO,,,
25.145228215767634,6060,32.7890625,0.3125,NO,,,
25.145228215767634,6060,32.7890625,0.3125,NO,,,
25.186721991701244,6070,31.9853515625,0.28125,NO,,,
25.186721991701244,6070,31.9853515625,0.28125,NO,,,
25.186721991701244,6070,31.9853515625,0.28125,NO,,,
25.186721991701244,6070,31.9853515625,0.28125,NO,,,
25.186721991701244,6070,31.9853515625,0.28125,NO,,,
25.186721991701244,6070,31.9853515625,0.28125,NO,,,
25.186721991701244,6070,31.9853515625,0.28125,NO,,,
25.186721991701244,6070,31.9853515625,0.28125,NO,,,
25.186721991701244,6070,31.9853515625,0.28125,NO,,,
25.186721991701244,6070,31.9853515625,0.28125,NO,,,
25.228215767634854,6080,35.767578125,0.28125,NO,,,
25.228215767634854,6080,35.767578125,0.28125,NO,,,
25.228215767634854,6080,35.767578125,0.28125,NO,,,
25.228215767634854,6080,35.767578125,0.28125,NO,,,
25.228215767634854,6080,35.767578125,0.28125,NO,,,
25.228215767634854,6080,35.767578125,0.28125,NO,,,
25.228215767634854,6080,35.767578125,0.28125,NO,,,
25.228215767634854,6080,35.767578125,0.28125,NO,,,
25.228215767634854,6080,35.767578125,0.28125,NO,,,
25.228215767634854,6080,35.767578125,0.28125,NO,,,
25.269709543568464,6090,33.1552734375,0.3125,NO,,,
25.269709543568464,6090,33.1552734375,0.3125,NO,,,
25.269709543568464,6090,33.1552734375,0.3125,NO,,,
25.269709543568464,6090,33.1552734375,0.3125,NO,,,
25.269709543568464,6090,33.1552734375,0.3125,NO,,,
25.269709543568464,6090,33.1552734375,0.3125,NO,,,
25.269709543568464,6090,33.1552734375,0.3125,NO,,,
25.269709543568464,6090,33.1552734375,0.3125,NO,,,
25.269709543568464,6090,33.1552734375,0.3125,NO,,,
25.269709543568464,6090,33.1552734375,0.3125,NO,,,
25.311203319502074,6100,40.87548828125,0.125,NO,,,
25.311203319502074,6100,40.87548828125,0.125,NO,,,
25.311203319502074,6100,40.87548828125,0.125,NO,,,
25.311203319502074,6100,40.87548828125,0.125,NO,,,
25.311203319502074,6100,40.87548828125,0.125,NO,,,
25.311203319502074,6100,40.87548828125,0.125,NO,,,
25.311203319502074,6100,40.87548828125,0.125,NO,,,
25.311203319502074,6100,40.87548828125,0.125,NO,,,
25.311203319502074,6100,40.87548828125,0.125,NO,,,
25.311203319502074,6100,40.87548828125,0.125,NO,,,
25.352697095435683,6110,32.16259765625,0.3125,NO,,,
25.352697095435683,6110,32.16259765625,0.3125,NO,,,
25.352697095435683,6110,32.16259765625,0.3125,NO,,,
25.352697095435683,6110,32.16259765625,0.3125,NO,,,
25.352697095435683,6110,32.16259765625,0.3125,NO,,,
25.352697095435683,6110,32.16259765625,0.3125,NO,,,
25.352697095435683,6110,32.16259765625,0.3125,NO,,,
25.352697095435683,6110,32.16259765625,0.3125,NO,,,
25.352697095435683,6110,32.16259765625,0.3125,NO,,,
25.352697095435683,6110,32.16259765625,0.3125,NO,,,
25.394190871369293,6120,31.2294921875,0.375,NO,,,
25.394190871369293,6120,31.2294921875,0.375,NO,,,
25.394190871369293,6120,31.2294921875,0.375,NO,,,
25.394190871369293,6120,31.2294921875,0.375,NO,,,
25.394190871369293,6120,31.2294921875,0.375,NO,,,
25.394190871369293,6120,31.2294921875,0.375,NO,,,
25.394190871369293,6120,31.2294921875,0.375,NO,,,
25.394190871369293,6120,31.2294921875,0.375,NO,,,
25.394190871369293,6120,31.2294921875,0.375,NO,,,
25.394190871369293,6120,31.2294921875,0.375,NO,,,
25.435684647302903,6130,37.40673828125,0.25,NO,,,
25.435684647302903,6130,37.40673828125,0.25,NO,,,
25.435684647302903,6130,37.40673828125,0.25,NO,,,
25.435684647302903,6130,37.40673828125,0.25,NO,,,
25.435684647302903,6130,37.40673828125,0.25,NO,,,
25.435684647302903,6130,37.40673828125,0.25,NO,,,
25.435684647302903,6130,37.40673828125,0.25,NO,,,
25.435684647302903,6130,37.40673828125,0.25,NO,,,
25.435684647302903,6130,37.40673828125,0.25,NO,,,
25.435684647302903,6130,37.40673828125,0.25,NO,,,
25.477178423236513,6140,29.001953125,0.34375,NO,,,
25.477178423236513,6140,29.001953125,0.34375,NO,,,
25.477178423236513,6140,29.001953125,0.34375,NO,,,
25.477178423236513,6140,29.001953125,0.34375,NO,,,
25.477178423236513,6140,29.001953125,0.34375,NO,,,
25.477178423236513,6140,29.001953125,0.34375,NO,,,
25.477178423236513,6140,29.001953125,0.34375,NO,,,
25.477178423236513,6140,29.001953125,0.34375,NO,,,
25.477178423236513,6140,29.001953125,0.34375,NO,,,
25.477178423236513,6140,29.001953125,0.34375,NO,,,
25.518672199170126,6150,32.833984375,0.28125,NO,,,
25.518672199170126,6150,32.833984375,0.28125,NO,,,
25.518672199170126,6150,32.833984375,0.28125,NO,,,
25.518672199170126,6150,32.833984375,0.28125,NO,,,
25.518672199170126,6150,32.833984375,0.28125,NO,,,
25.518672199170126,6150,32.833984375,0.28125,NO,,,
25.518672199170126,6150,32.833984375,0.28125,NO,,,
25.518672199170126,6150,32.833984375,0.28125,NO,,,
25.518672199170126,6150,32.833984375,0.28125,NO,,,
25.518672199170126,6150,32.833984375,0.28125,NO,,,
25.560165975103736,6160,30.03564453125,0.28125,NO,,,
25.560165975103736,6160,30.03564453125,0.28125,NO,,,
25.560165975103736,6160,30.03564453125,0.28125,NO,,,
25.560165975103736,6160,30.03564453125,0.28125,NO,,,
25.560165975103736,6160,30.03564453125,0.28125,NO,,,
25.560165975103736,6160,30.03564453125,0.28125,NO,,,
25.560165975103736,6160,30.03564453125,0.28125,NO,,,
25.560165975103736,6160,30.03564453125,0.28125,NO,,,
25.560165975103736,6160,30.03564453125,0.28125,NO,,,
25.560165975103736,6160,30.03564453125,0.28125,NO,,,
25.601659751037346,6170,34.427734375,0.21875,NO,,,
25.601659751037346,6170,34.427734375,0.21875,NO,,,
25.601659751037346,6170,34.427734375,0.21875,NO,,,
25.601659751037346,6170,34.427734375,0.21875,NO,,,
25.601659751037346,6170,34.427734375,0.21875,NO,,,
25.601659751037346,6170,34.427734375,0.21875,NO,,,
25.601659751037346,6170,34.427734375,0.21875,NO,,,
25.601659751037346,6170,34.427734375,0.21875,NO,,,
25.601659751037346,6170,34.427734375,0.21875,NO,,,
25.601659751037346,6170,34.427734375,0.21875,NO,,,
25.643153526970956,6180,29.50634765625,0.3125,NO,,,
25.643153526970956,6180,29.50634765625,0.3125,NO,,,
25.643153526970956,6180,29.50634765625,0.3125,NO,,,
25.643153526970956,6180,29.50634765625,0.3125,NO,,,
25.643153526970956,6180,29.50634765625,0.3125,NO,,,
25.643153526970956,6180,29.50634765625,0.3125,NO,,,
25.643153526970956,6180,29.50634765625,0.3125,NO,,,
25.643153526970956,6180,29.50634765625,0.3125,NO,,,
25.643153526970956,6180,29.50634765625,0.3125,NO,,,
25.643153526970956,6180,29.50634765625,0.3125,NO,,,
25.684647302904565,6190,29.0771484375,0.34375,NO,,,
25.684647302904565,6190,29.0771484375,0.34375,NO,,,
25.684647302904565,6190,29.0771484375,0.34375,NO,,,
25.684647302904565,6190,29.0771484375,0.34375,NO,,,
25.684647302904565,6190,29.0771484375,0.34375,NO,,,
25.684647302904565,6190,29.0771484375,0.34375,NO,,,
25.684647302904565,6190,29.0771484375,0.34375,NO,,,
25.684647302904565,6190,29.0771484375,0.34375,NO,,,
25.684647302904565,6190,29.0771484375,0.34375,NO,,,
25.684647302904565,6190,29.0771484375,0.34375,NO,,,
25.726141078838175,6200,32.2568359375,0.34375,NO,,,
25.726141078838175,6200,32.2568359375,0.34375,NO,,,
25.726141078838175,6200,32.2568359375,0.34375,NO,,,
25.726141078838175,6200,32.2568359375,0.34375,NO,,,
25.726141078838175,6200,32.2568359375,0.34375,NO,,,
25.726141078838175,6200,32.2568359375,0.34375,NO,,,
25.726141078838175,6200,32.2568359375,0.34375,NO,,,
25.726141078838175,6200,32.2568359375,0.34375,NO,,,
25.726141078838175,6200,32.2568359375,0.34375,NO,,,
25.726141078838175,6200,32.2568359375,0.34375,NO,,,
25.767634854771785,6210,30.7587890625,0.25,NO,,,
25.767634854771785,6210,30.7587890625,0.25,NO,,,
25.767634854771785,6210,30.7587890625,0.25,NO,,,
25.767634854771785,6210,30.7587890625,0.25,NO,,,
25.767634854771785,6210,30.7587890625,0.25,NO,,,
25.767634854771785,6210,30.7587890625,0.25,NO,,,
25.767634854771785,6210,30.7587890625,0.25,NO,,,
25.767634854771785,6210,30.7587890625,0.25,NO,,,
25.767634854771785,6210,30.7587890625,0.25,NO,,,
25.767634854771785,6210,30.7587890625,0.25,NO,,,
25.809128630705395,6220,31.62060546875,0.28125,NO,,,
25.809128630705395,6220,31.62060546875,0.28125,NO,,,
25.809128630705395,6220,31.62060546875,0.28125,NO,,,
25.809128630705395,6220,31.62060546875,0.28125,NO,,,
25.809128630705395,6220,31.62060546875,0.28125,NO,,,
25.809128630705395,6220,31.62060546875,0.28125,NO,,,
25.809128630705395,6220,31.62060546875,0.28125,NO,,,
25.809128630705395,6220,31.62060546875,0.28125,NO,,,
25.809128630705395,6220,31.62060546875,0.28125,NO,,,
25.809128630705395,6220,31.62060546875,0.28125,NO,,,
25.850622406639005,6230,27.40625,0.3125,NO,,,
25.850622406639005,6230,27.40625,0.3125,NO,,,
25.850622406639005,6230,27.40625,0.3125,NO,,,
25.850622406639005,6230,27.40625,0.3125,NO,,,
25.850622406639005,6230,27.40625,0.3125,NO,,,
25.850622406639005,6230,27.40625,0.3125,NO,,,
25.850622406639005,6230,27.40625,0.3125,NO,,,
25.850622406639005,6230,27.40625,0.3125,NO,,,
25.850622406639005,6230,27.40625,0.3125,NO,,,
25.850622406639005,6230,27.40625,0.3125,NO,,,
25.892116182572614,6240,33.5576171875,0.3125,NO,,,
25.892116182572614,6240,33.5576171875,0.3125,NO,,,
25.892116182572614,6240,33.5576171875,0.3125,NO,,,
25.892116182572614,6240,33.5576171875,0.3125,NO,,,
25.892116182572614,6240,33.5576171875,0.3125,NO,,,
25.892116182572614,6240,33.5576171875,0.3125,NO,,,
25.892116182572614,6240,33.5576171875,0.3125,NO,,,
25.892116182572614,6240,33.5576171875,0.3125,NO,,,
25.892116182572614,6240,33.5576171875,0.3125,NO,,,
25.892116182572614,6240,33.5576171875,0.3125,NO,,,
25.933609958506224,6250,37.916015625,0.21875,NO,,,
25.933609958506224,6250,37.916015625,0.21875,NO,,,
25.933609958506224,6250,37.916015625,0.21875,NO,,,
25.933609958506224,6250,37.916015625,0.21875,NO,,,
25.933609958506224,6250,37.916015625,0.21875,NO,,,
25.933609958506224,6250,37.916015625,0.21875,NO,,,
25.933609958506224,6250,37.916015625,0.21875,NO,,,
25.933609958506224,6250,37.916015625,0.21875,NO,,,
25.933609958506224,6250,37.916015625,0.21875,NO,,,
25.933609958506224,6250,37.916015625,0.21875,NO,,,
25.975103734439834,6260,34.4873046875,0.25,NO,,,
25.975103734439834,6260,34.4873046875,0.25,NO,,,
25.975103734439834,6260,34.4873046875,0.25,NO,,,
25.975103734439834,6260,34.4873046875,0.25,NO,,,
25.975103734439834,6260,34.4873046875,0.25,NO,,,
25.975103734439834,6260,34.4873046875,0.25,NO,,,
25.975103734439834,6260,34.4873046875,0.25,NO,,,
25.975103734439834,6260,34.4873046875,0.25,NO,,,
25.975103734439834,6260,34.4873046875,0.25,NO,,,
25.975103734439834,6260,34.4873046875,0.25,NO,,,
26.016597510373444,6270,31.7255859375,0.3125,NO,,,
26.016597510373444,6270,31.7255859375,0.3125,NO,,,
26.016597510373444,6270,31.7255859375,0.3125,NO,,,
26.016597510373444,6270,31.7255859375,0.3125,NO,,,
26.016597510373444,6270,31.7255859375,0.3125,NO,,,
26.016597510373444,6270,31.7255859375,0.3125,NO,,,
26.016597510373444,6270,31.7255859375,0.3125,NO,,,
26.016597510373444,6270,31.7255859375,0.3125,NO,,,
26.016597510373444,6270,31.7255859375,0.3125,NO,,,
26.016597510373444,6270,31.7255859375,0.3125,NO,,,
26.058091286307054,6280,39.431640625,0.1875,NO,,,
26.058091286307054,6280,39.431640625,0.1875,NO,,,
26.058091286307054,6280,39.431640625,0.1875,NO,,,
26.058091286307054,6280,39.431640625,0.1875,NO,,,
26.058091286307054,6280,39.431640625,0.1875,NO,,,
26.058091286307054,6280,39.431640625,0.1875,NO,,,
26.058091286307054,6280,39.431640625,0.1875,NO,,,
26.058091286307054,6280,39.431640625,0.1875,NO,,,
26.058091286307054,6280,39.431640625,0.1875,NO,,,
26.058091286307054,6280,39.431640625,0.1875,NO,,,
26.099585062240664,6290,27.919921875,0.34375,NO,,,
26.099585062240664,6290,27.919921875,0.34375,NO,,,
26.099585062240664,6290,27.919921875,0.34375,NO,,,
26.099585062240664,6290,27.919921875,0.34375,NO,,,
26.099585062240664,6290,27.919921875,0.34375,NO,,,
26.099585062240664,6290,27.919921875,0.34375,NO,,,
26.099585062240664,6290,27.919921875,0.34375,NO,,,
26.099585062240664,6290,27.919921875,0.34375,NO,,,
26.099585062240664,6290,27.919921875,0.34375,NO,,,
26.099585062240664,6290,27.919921875,0.34375,NO,,,
26.141078838174273,6300,45.66943359375,0.15625,NO,,,
26.141078838174273,6300,45.66943359375,0.15625,NO,,,
26.141078838174273,6300,45.66943359375,0.15625,NO,,,
26.141078838174273,6300,45.66943359375,0.15625,NO,,,
26.141078838174273,6300,45.66943359375,0.15625,NO,,,
26.141078838174273,6300,45.66943359375,0.15625,NO,,,
26.141078838174273,6300,45.66943359375,0.15625,NO,,,
26.141078838174273,6300,45.66943359375,0.15625,NO,,,
26.141078838174273,6300,45.66943359375,0.15625,NO,,,
26.141078838174273,6300,45.66943359375,0.15625,NO,,,
26.182572614107883,6310,35.17529296875,0.25,NO,,,
26.182572614107883,6310,35.17529296875,0.25,NO,,,
26.182572614107883,6310,35.17529296875,0.25,NO,,,
26.182572614107883,6310,35.17529296875,0.25,NO,,,
26.182572614107883,6310,35.17529296875,0.25,NO,,,
26.182572614107883,6310,35.17529296875,0.25,NO,,,
26.182572614107883,6310,35.17529296875,0.25,NO,,,
26.182572614107883,6310,35.17529296875,0.25,NO,,,
26.182572614107883,6310,35.17529296875,0.25,NO,,,
26.182572614107883,6310,35.17529296875,0.25,NO,,,
26.224066390041493,6320,37.73828125,0.25,NO,,,
26.224066390041493,6320,37.73828125,0.25,NO,,,
26.224066390041493,6320,37.73828125,0.25,NO,,,
26.224066390041493,6320,37.73828125,0.25,NO,,,
26.224066390041493,6320,37.73828125,0.25,NO,,,
26.224066390041493,6320,37.73828125,0.25,NO,,,
26.224066390041493,6320,37.73828125,0.25,NO,,,
26.224066390041493,6320,37.73828125,0.25,NO,,,
26.224066390041493,6320,37.73828125,0.25,NO,,,
26.224066390041493,6320,37.73828125,0.25,NO,,,
26.265560165975103,6330,40.11474609375,0.15625,NO,,,
26.265560165975103,6330,40.11474609375,0.15625,NO,,,
26.265560165975103,6330,40.11474609375,0.15625,NO,,,
26.265560165975103,6330,40.11474609375,0.15625,NO,,,
26.265560165975103,6330,40.11474609375,0.15625,NO,,,
26.265560165975103,6330,40.11474609375,0.15625,NO,,,
26.265560165975103,6330,40.11474609375,0.15625,NO,,,
26.265560165975103,6330,40.11474609375,0.15625,NO,,,
26.265560165975103,6330,40.11474609375,0.15625,NO,,,
26.265560165975103,6330,40.11474609375,0.15625,NO,,,
26.307053941908713,6340,37.7568359375,0.21875,NO,,,
26.307053941908713,6340,37.7568359375,0.21875,NO,,,
26.307053941908713,6340,37.7568359375,0.21875,NO,,,
26.307053941908713,6340,37.7568359375,0.21875,NO,,,
26.307053941908713,6340,37.7568359375,0.21875,NO,,,
26.307053941908713,6340,37.7568359375,0.21875,NO,,,
26.307053941908713,6340,37.7568359375,0.21875,NO,,,
26.307053941908713,6340,37.7568359375,0.21875,NO,,,
26.307053941908713,6340,37.7568359375,0.21875,NO,,,
26.307053941908713,6340,37.7568359375,0.21875,NO,,,
26.348547717842322,6350,34.65478515625,0.25,NO,,,
26.348547717842322,6350,34.65478515625,0.25,NO,,,
26.348547717842322,6350,34.65478515625,0.25,NO,,,
26.348547717842322,6350,34.65478515625,0.25,NO,,,
26.348547717842322,6350,34.65478515625,0.25,NO,,,
26.348547717842322,6350,34.65478515625,0.25,NO,,,
26.348547717842322,6350,34.65478515625,0.25,NO,,,
26.348547717842322,6350,34.65478515625,0.25,NO,,,
26.348547717842322,6350,34.65478515625,0.25,NO,,,
26.348547717842322,6350,34.65478515625,0.25,NO,,,
26.390041493775932,6360,32.5048828125,0.28125,NO,,,
26.390041493775932,6360,32.5048828125,0.28125,NO,,,
26.390041493775932,6360,32.5048828125,0.28125,NO,,,
26.390041493775932,6360,32.5048828125,0.28125,NO,,,
26.390041493775932,6360,32.5048828125,0.28125,NO,,,
26.390041493775932,6360,32.5048828125,0.28125,NO,,,
26.390041493775932,6360,32.5048828125,0.28125,NO,,,
26.390041493775932,6360,32.5048828125,0.28125,NO,,,
26.390041493775932,6360,32.5048828125,0.28125,NO,,,
26.390041493775932,6360,32.5048828125,0.28125,NO,,,
26.431535269709542,6370,36.0078125,0.125,NO,,,
26.431535269709542,6370,36.0078125,0.125,NO,,,
26.431535269709542,6370,36.0078125,0.125,NO,,,
26.431535269709542,6370,36.0078125,0.125,NO,,,
26.431535269709542,6370,36.0078125,0.125,NO,,,
26.431535269709542,6370,36.0078125,0.125,NO,,,
26.431535269709542,6370,36.0078125,0.125,NO,,,
26.431535269709542,6370,36.0078125,0.125,NO,,,
26.431535269709542,6370,36.0078125,0.125,NO,,,
26.431535269709542,6370,36.0078125,0.125,NO,,,
26.473029045643152,6380,31.76513671875,0.21875,NO,,,
26.473029045643152,6380,31.76513671875,0.21875,NO,,,
26.473029045643152,6380,31.76513671875,0.21875,NO,,,
26.473029045643152,6380,31.76513671875,0.21875,NO,,,
26.473029045643152,6380,31.76513671875,0.21875,NO,,,
26.473029045643152,6380,31.76513671875,0.21875,NO,,,
26.473029045643152,6380,31.76513671875,0.21875,NO,,,
26.473029045643152,6380,31.76513671875,0.21875,NO,,,
26.473029045643152,6380,31.76513671875,0.21875,NO,,,
26.473029045643152,6380,31.76513671875,0.21875,NO,,,
26.51452282157676,6390,29.24169921875,0.3125,NO,,,
26.51452282157676,6390,29.24169921875,0.3125,NO,,,
26.51452282157676,6390,29.24169921875,0.3125,NO,,,
26.51452282157676,6390,29.24169921875,0.3125,NO,,,
26.51452282157676,6390,29.24169921875,0.3125,NO,,,
26.51452282157676,6390,29.24169921875,0.3125,NO,,,
26.51452282157676,6390,29.24169921875,0.3125,NO,,,
26.51452282157676,6390,29.24169921875,0.3125,NO,,,
26.51452282157676,6390,29.24169921875,0.3125,NO,,,
26.51452282157676,6390,29.24169921875,0.3125,NO,,,
26.556016597510375,6400,32.966796875,0.21875,NO,,,
26.556016597510375,6400,32.966796875,0.21875,NO,,,
26.556016597510375,6400,32.966796875,0.21875,NO,,,
26.556016597510375,6400,32.966796875,0.21875,NO,,,
26.556016597510375,6400,32.966796875,0.21875,NO,,,
26.556016597510375,6400,32.966796875,0.21875,NO,,,
26.556016597510375,6400,32.966796875,0.21875,NO,,,
26.556016597510375,6400,32.966796875,0.21875,NO,,,
26.556016597510375,6400,32.966796875,0.21875,NO,,,
26.556016597510375,6400,32.966796875,0.21875,NO,,,
26.597510373443985,6410,23.43359375,0.25,NO,,,
26.597510373443985,6410,23.43359375,0.25,NO,,,
26.597510373443985,6410,23.43359375,0.25,NO,,,
26.597510373443985,6410,23.43359375,0.25,NO,,,
26.597510373443985,6410,23.43359375,0.25,NO,,,
26.597510373443985,6410,23.43359375,0.25,NO,,,
26.597510373443985,6410,23.43359375,0.25,NO,,,
26.597510373443985,6410,23.43359375,0.25,NO,,,
26.597510373443985,6410,23.43359375,0.25,NO,,,
26.597510373443985,6410,23.43359375,0.25,NO,,,
26.639004149377595,6420,26.82763671875,0.28125,NO,,,
26.639004149377595,6420,26.82763671875,0.28125,NO,,,
26.639004149377595,6420,26.82763671875,0.28125,NO,,,
26.639004149377595,6420,26.82763671875,0.28125,NO,,,
26.639004149377595,6420,26.82763671875,0.28125,NO,,,
26.639004149377595,6420,26.82763671875,0.28125,NO,,,
26.639004149377595,6420,26.82763671875,0.28125,NO,,,
26.639004149377595,6420,26.82763671875,0.28125,NO,,,
26.639004149377595,6420,26.82763671875,0.28125,NO,,,
26.639004149377595,6420,26.82763671875,0.28125,NO,,,
26.680497925311204,6430,25.31494140625,0.375,NO,,,
26.680497925311204,6430,25.31494140625,0.375,NO,,,
26.680497925311204,6430,25.31494140625,0.375,NO,,,
26.680497925311204,6430,25.31494140625,0.375,NO,,,
26.680497925311204,6430,25.31494140625,0.375,NO,,,
26.680497925311204,6430,25.31494140625,0.375,NO,,,
26.680497925311204,6430,25.31494140625,0.375,NO,,,
26.680497925311204,6430,25.31494140625,0.375,NO,,,
26.680497925311204,6430,25.31494140625,0.375,NO,,,
26.680497925311204,6430,25.31494140625,0.375,NO,,,
26.721991701244814,6440,28.2978515625,0.25,NO,,,
26.721991701244814,6440,28.2978515625,0.25,NO,,,
26.721991701244814,6440,28.2978515625,0.25,NO,,,
26.721991701244814,6440,28.2978515625,0.25,NO,,,
26.721991701244814,6440,28.2978515625,0.25,NO,,,
26.721991701244814,6440,28.2978515625,0.25,NO,,,
26.721991701244814,6440,28.2978515625,0.25,NO,,,
26.721991701244814,6440,28.2978515625,0.25,NO,,,
26.721991701244814,6440,28.2978515625,0.25,NO,,,
26.721991701244814,6440,28.2978515625,0.25,NO,,,
26.763485477178424,6450,26.70556640625,0.375,NO,,,
26.763485477178424,6450,26.70556640625,0.375,NO,,,
26.763485477178424,6450,26.70556640625,0.375,NO,,,
26.763485477178424,6450,26.70556640625,0.375,NO,,,
26.763485477178424,6450,26.70556640625,0.375,NO,,,
26.763485477178424,6450,26.70556640625,0.375,NO,,,
26.763485477178424,6450,26.70556640625,0.375,NO,,,
26.763485477178424,6450,26.70556640625,0.375,NO,,,
26.763485477178424,6450,26.70556640625,0.375,NO,,,
26.763485477178424,6450,26.70556640625,0.375,NO,,,
26.804979253112034,6460,31.33447265625,0.28125,NO,,,
26.804979253112034,6460,31.33447265625,0.28125,NO,,,
26.804979253112034,6460,31.33447265625,0.28125,NO,,,
26.804979253112034,6460,31.33447265625,0.28125,NO,,,
26.804979253112034,6460,31.33447265625,0.28125,NO,,,
26.804979253112034,6460,31.33447265625,0.28125,NO,,,
26.804979253112034,6460,31.33447265625,0.28125,NO,,,
26.804979253112034,6460,31.33447265625,0.28125,NO,,,
26.804979253112034,6460,31.33447265625,0.28125,NO,,,
26.804979253112034,6460,31.33447265625,0.28125,NO,,,
26.846473029045644,6470,33.17822265625,0.21875,NO,,,
26.846473029045644,6470,33.17822265625,0.21875,NO,,,
26.846473029045644,6470,33.17822265625,0.21875,NO,,,
26.846473029045644,6470,33.17822265625,0.21875,NO,,,
26.846473029045644,6470,33.17822265625,0.21875,NO,,,
26.846473029045644,6470,33.17822265625,0.21875,NO,,,
26.846473029045644,6470,33.17822265625,0.21875,NO,,,
26.846473029045644,6470,33.17822265625,0.21875,NO,,,
26.846473029045644,6470,33.17822265625,0.21875,NO,,,
26.846473029045644,6470,33.17822265625,0.21875,NO,,,
26.887966804979254,6480,27.61279296875,0.3125,NO,,,
26.887966804979254,6480,27.61279296875,0.3125,NO,,,
26.887966804979254,6480,27.61279296875,0.3125,NO,,,
26.887966804979254,6480,27.61279296875,0.3125,NO,,,
26.887966804979254,6480,27.61279296875,0.3125,NO,,,
26.887966804979254,6480,27.61279296875,0.3125,NO,,,
26.887966804979254,6480,27.61279296875,0.3125,NO,,,
26.887966804979254,6480,27.61279296875,0.3125,NO,,,
26.887966804979254,6480,27.61279296875,0.3125,NO,,,
26.887966804979254,6480,27.61279296875,0.3125,NO,,,
26.929460580912863,6490,39.19091796875,0.09375,NO,,,
26.929460580912863,6490,39.19091796875,0.09375,NO,,,
26.929460580912863,6490,39.19091796875,0.09375,NO,,,
26.929460580912863,6490,39.19091796875,0.09375,NO,,,
26.929460580912863,6490,39.19091796875,0.09375,NO,,,
26.929460580912863,6490,39.19091796875,0.09375,NO,,,
26.929460580912863,6490,39.19091796875,0.09375,NO,,,
26.929460580912863,6490,39.19091796875,0.09375,NO,,,
26.929460580912863,6490,39.19091796875,0.09375,NO,,,
26.929460580912863,6490,39.19091796875,0.09375,NO,,,
26.970954356846473,6500,32.70751953125,0.28125,NO,,,
26.970954356846473,6500,32.70751953125,0.28125,NO,,,
26.970954356846473,6500,32.70751953125,0.28125,NO,,,
26.970954356846473,6500,32.70751953125,0.28125,NO,,,
26.970954356846473,6500,32.70751953125,0.28125,NO,,,
26.970954356846473,6500,32.70751953125,0.28125,NO,,,
26.970954356846473,6500,32.70751953125,0.28125,NO,,,
26.970954356846473,6500,32.70751953125,0.28125,NO,,,
26.970954356846473,6500,32.70751953125,0.28125,NO,,,
26.970954356846473,6500,32.70751953125,0.28125,NO,,,
27.012448132780083,6510,35.87939453125,0.21875,NO,,,
27.012448132780083,6510,35.87939453125,0.21875,NO,,,
27.012448132780083,6510,35.87939453125,0.21875,NO,,,
27.012448132780083,6510,35.87939453125,0.21875,NO,,,
27.012448132780083,6510,35.87939453125,0.21875,NO,,,
27.012448132780083,6510,35.87939453125,0.21875,NO,,,
27.012448132780083,6510,35.87939453125,0.21875,NO,,,
27.012448132780083,6510,35.87939453125,0.21875,NO,,,
27.012448132780083,6510,35.87939453125,0.21875,NO,,,
27.012448132780083,6510,35.87939453125,0.21875,NO,,,
27.053941908713693,6520,34.603515625,0.3125,NO,,,
27.053941908713693,6520,34.603515625,0.3125,NO,,,
27.053941908713693,6520,34.603515625,0.3125,NO,,,
27.053941908713693,6520,34.603515625,0.3125,NO,,,
27.053941908713693,6520,34.603515625,0.3125,NO,,,
27.053941908713693,6520,34.603515625,0.3125,NO,,,
27.053941908713693,6520,34.603515625,0.3125,NO,,,
27.053941908713693,6520,34.603515625,0.3125,NO,,,
27.053941908713693,6520,34.603515625,0.3125,NO,,,
27.053941908713693,6520,34.603515625,0.3125,NO,,,
27.095435684647303,6530,37.34765625,0.15625,NO,,,
27.095435684647303,6530,37.34765625,0.15625,NO,,,
27.095435684647303,6530,37.34765625,0.15625,NO,,,
27.095435684647303,6530,37.34765625,0.15625,NO,,,
27.095435684647303,6530,37.34765625,0.15625,NO,,,
27.095435684647303,6530,37.34765625,0.15625,NO,,,
27.095435684647303,6530,37.34765625,0.15625,NO,,,
27.095435684647303,6530,37.34765625,0.15625,NO,,,
27.095435684647303,6530,37.34765625,0.15625,NO,,,
27.095435684647303,6530,37.34765625,0.15625,NO,,,
27.136929460580912,6540,36.40380859375,0.25,NO,,,
27.136929460580912,6540,36.40380859375,0.25,NO,,,
27.136929460580912,6540,36.40380859375,0.25,NO,,,
27.136929460580912,6540,36.40380859375,0.25,NO,,,
27.136929460580912,6540,36.40380859375,0.25,NO,,,
27.136929460580912,6540,36.40380859375,0.25,NO,,,
27.136929460580912,6540,36.40380859375,0.25,NO,,,
27.136929460580912,6540,36.40380859375,0.25,NO,,,
27.136929460580912,6540,36.40380859375,0.25,NO,,,
27.136929460580912,6540,36.40380859375,0.25,NO,,,
27.178423236514522,6550,36.82177734375,0.25,NO,,,
27.178423236514522,6550,36.82177734375,0.25,NO,,,
27.178423236514522,6550,36.82177734375,0.25,NO,,,
27.178423236514522,6550,36.82177734375,0.25,NO,,,
27.178423236514522,6550,36.82177734375,0.25,NO,,,
27.178423236514522,6550,36.82177734375,0.25,NO,,,
27.178423236514522,6550,36.82177734375,0.25,NO,,,
27.178423236514522,6550,36.82177734375,0.25,NO,,,
27.178423236514522,6550,36.82177734375,0.25,NO,,,
27.178423236514522,6550,36.82177734375,0.25,NO,,,
27.219917012448132,6560,33.34375,0.28125,NO,,,
27.219917012448132,6560,33.34375,0.28125,NO,,,
27.219917012448132,6560,33.34375,0.28125,NO,,,
27.219917012448132,6560,33.34375,0.28125,NO,,,
27.219917012448132,6560,33.34375,0.28125,NO,,,
27.219917012448132,6560,33.34375,0.28125,NO,,,
27.219917012448132,6560,33.34375,0.28125,NO,,,
27.219917012448132,6560,33.34375,0.28125,NO,,,
27.219917012448132,6560,33.34375,0.28125,NO,,,
27.219917012448132,6560,33.34375,0.28125,NO,,,
27.261410788381742,6570,37.0703125,0.1875,NO,,,
27.261410788381742,6570,37.0703125,0.1875,NO,,,
27.261410788381742,6570,37.0703125,0.1875,NO,,,
27.261410788381742,6570,37.0703125,0.1875,NO,,,
27.261410788381742,6570,37.0703125,0.1875,NO,,,
27.261410788381742,6570,37.0703125,0.1875,NO,,,
27.261410788381742,6570,37.0703125,0.1875,NO,,,
27.261410788381742,6570,37.0703125,0.1875,NO,,,
27.261410788381742,6570,37.0703125,0.1875,NO,,,
27.261410788381742,6570,37.0703125,0.1875,NO,,,
27.30290456431535,6580,43.89404296875,0.125,NO,,,
27.30290456431535,6580,43.89404296875,0.125,NO,,,
27.30290456431535,6580,43.89404296875,0.125,NO,,,
27.30290456431535,6580,43.89404296875,0.125,NO,,,
27.30290456431535,6580,43.89404296875,0.125,NO,,,
27.30290456431535,6580,43.89404296875,0.125,NO,,,
27.30290456431535,6580,43.89404296875,0.125,NO,,,
27.30290456431535,6580,43.89404296875,0.125,NO,,,
27.30290456431535,6580,43.89404296875,0.125,NO,,,
27.30290456431535,6580,43.89404296875,0.125,NO,,,
27.34439834024896,6590,42.146484375,0.15625,NO,,,
27.34439834024896,6590,42.146484375,0.15625,NO,,,
27.34439834024896,6590,42.146484375,0.15625,NO,,,
27.34439834024896,6590,42.146484375,0.15625,NO,,,
27.34439834024896,6590,42.146484375,0.15625,NO,,,
27.34439834024896,6590,42.146484375,0.15625,NO,,,
27.34439834024896,6590,42.146484375,0.15625,NO,,,
27.34439834024896,6590,42.146484375,0.15625,NO,,,
27.34439834024896,6590,42.146484375,0.15625,NO,,,
27.34439834024896,6590,42.146484375,0.15625,NO,,,
27.38589211618257,6600,33.54736328125,0.25,NO,,,
27.38589211618257,6600,33.54736328125,0.25,NO,,,
27.38589211618257,6600,33.54736328125,0.25,NO,,,
27.38589211618257,6600,33.54736328125,0.25,NO,,,
27.38589211618257,6600,33.54736328125,0.25,NO,,,
27.38589211618257,6600,33.54736328125,0.25,NO,,,
27.38589211618257,6600,33.54736328125,0.25,NO,,,
27.38589211618257,6600,33.54736328125,0.25,NO,,,
27.38589211618257,6600,33.54736328125,0.25,NO,,,
27.38589211618257,6600,33.54736328125,0.25,NO,,,
27.42738589211618,6610,42.62060546875,0.1875,NO,,,
27.42738589211618,6610,42.62060546875,0.1875,NO,,,
27.42738589211618,6610,42.62060546875,0.1875,NO,,,
27.42738589211618,6610,42.62060546875,0.1875,NO,,,
27.42738589211618,6610,42.62060546875,0.1875,NO,,,
27.42738589211618,6610,42.62060546875,0.1875,NO,,,
27.42738589211618,6610,42.62060546875,0.1875,NO,,,
27.42738589211618,6610,42.62060546875,0.1875,NO,,,
27.42738589211618,6610,42.62060546875,0.1875,NO,,,
27.42738589211618,6610,42.62060546875,0.1875,NO,,,
27.46887966804979,6620,41.92529296875,0.15625,NO,,,
27.46887966804979,6620,41.92529296875,0.15625,NO,,,
27.46887966804979,6620,41.92529296875,0.15625,NO,,,
27.46887966804979,6620,41.92529296875,0.15625,NO,,,
27.46887966804979,6620,41.92529296875,0.15625,NO,,,
27.46887966804979,6620,41.92529296875,0.15625,NO,,,
27.46887966804979,6620,41.92529296875,0.15625,NO,,,
27.46887966804979,6620,41.92529296875,0.15625,NO,,,
27.46887966804979,6620,41.92529296875,0.15625,NO,,,
27.46887966804979,6620,41.92529296875,0.15625,NO,,,
27.510373443983404,6630,38.7197265625,0.25,NO,,,
27.510373443983404,6630,38.7197265625,0.25,NO,,,
27.510373443983404,6630,38.7197265625,0.25,NO,,,
27.510373443983404,6630,38.7197265625,0.25,NO,,,
27.510373443983404,6630,38.7197265625,0.25,NO,,,
27.510373443983404,6630,38.7197265625,0.25,NO,,,
27.510373443983404,6630,38.7197265625,0.25,NO,,,
27.510373443983404,6630,38.7197265625,0.25,NO,,,
27.510373443983404,6630,38.7197265625,0.25,NO,,,
27.510373443983404,6630,38.7197265625,0.25,NO,,,
27.551867219917014,6640,39.9609375,0.28125,NO,,,
27.551867219917014,6640,39.9609375,0.28125,NO,,,
27.551867219917014,6640,39.9609375,0.28125,NO,,,
27.551867219917014,6640,39.9609375,0.28125,NO,,,
27.551867219917014,6640,39.9609375,0.28125,NO,,,
27.551867219917014,6640,39.9609375,0.28125,NO,,,
27.551867219917014,6640,39.9609375,0.28125,NO,,,
27.551867219917014,6640,39.9609375,0.28125,NO,,,
27.551867219917014,6640,39.9609375,0.28125,NO,,,
27.551867219917014,6640,39.9609375,0.28125,NO,,,
27.593360995850624,6650,42.3271484375,0.25,NO,,,
27.593360995850624,6650,42.3271484375,0.25,NO,,,
27.593360995850624,6650,42.3271484375,0.25,NO,,,
27.593360995850624,6650,42.3271484375,0.25,NO,,,
27.593360995850624,6650,42.3271484375,0.25,NO,,,
27.593360995850624,6650,42.3271484375,0.25,NO,,,
27.593360995850624,6650,42.3271484375,0.25,NO,,,
27.593360995850624,6650,42.3271484375,0.25,NO,,,
27.593360995850624,6650,42.3271484375,0.25,NO,,,
27.593360995850624,6650,42.3271484375,0.25,NO,,,
27.634854771784234,6660,43.6474609375,0.1875,NO,,,
27.634854771784234,6660,43.6474609375,0.1875,NO,,,
27.634854771784234,6660,43.6474609375,0.1875,NO,,,
27.634854771784234,6660,43.6474609375,0.1875,NO,,,
27.634854771784234,6660,43.6474609375,0.1875,NO,,,
27.634854771784234,6660,43.6474609375,0.1875,NO,,,
27.634854771784234,6660,43.6474609375,0.1875,NO,,,
27.634854771784234,6660,43.6474609375,0.1875,NO,,,
27.634854771784234,6660,43.6474609375,0.1875,NO,,,
27.634854771784234,6660,43.6474609375,0.1875,NO,,,
27.676348547717843,6670,36.623046875,0.3125,NO,,,
27.676348547717843,6670,36.623046875,0.3125,NO,,,
27.676348547717843,6670,36.623046875,0.3125,NO,,,
27.676348547717843,6670,36.623046875,0.3125,NO,,,
27.676348547717843,6670,36.623046875,0.3125,NO,,,
27.676348547717843,6670,36.623046875,0.3125,NO,,,
27.676348547717843,6670,36.623046875,0.3125,NO,,,
27.676348547717843,6670,36.623046875,0.3125,NO,,,
27.676348547717843,6670,36.623046875,0.3125,NO,,,
27.676348547717843,6670,36.623046875,0.3125,NO,,,
27.717842323651453,6680,38.646484375,0.25,NO,,,
27.717842323651453,6680,38.646484375,0.25,NO,,,
27.717842323651453,6680,38.646484375,0.25,NO,,,
27.717842323651453,6680,38.646484375,0.25,NO,,,
27.717842323651453,6680,38.646484375,0.25,NO,,,
27.717842323651453,6680,38.646484375,0.25,NO,,,
27.717842323651453,6680,38.646484375,0.25,NO,,,
27.717842323651453,6680,38.646484375,0.25,NO,,,
27.717842323651453,6680,38.646484375,0.25,NO,,,
27.717842323651453,6680,38.646484375,0.25,NO,,,
27.759336099585063,6690,45.6669921875,0.125,NO,,,
27.759336099585063,6690,45.6669921875,0.125,NO,,,
27.759336099585063,6690,45.6669921875,0.125,NO,,,
27.759336099585063,6690,45.6669921875,0.125,NO,,,
27.759336099585063,6690,45.6669921875,0.125,NO,,,
27.759336099585063,6690,45.6669921875,0.125,NO,,,
27.759336099585063,6690,45.6669921875,0.125,NO,,,
27.759336099585063,6690,45.6669921875,0.125,NO,,,
27.759336099585063,6690,45.6669921875,0.125,NO,,,
27.759336099585063,6690,45.6669921875,0.125,NO,,,
27.800829875518673,6700,44.9873046875,0.15625,NO,,,
27.800829875518673,6700,44.9873046875,0.15625,NO,,,
27.800829875518673,6700,44.9873046875,0.15625,NO,,,
27.800829875518673,6700,44.9873046875,0.15625,NO,,,
27.800829875518673,6700,44.9873046875,0.15625,NO,,,
27.800829875518673,6700,44.9873046875,0.15625,NO,,,
27.800829875518673,6700,44.9873046875,0.15625,NO,,,
27.800829875518673,6700,44.9873046875,0.15625,NO,,,
27.800829875518673,6700,44.9873046875,0.15625,NO,,,
27.800829875518673,6700,44.9873046875,0.15625,NO,,,
27.842323651452283,6710,26.89501953125,0.46875,NO,,,
27.842323651452283,6710,26.89501953125,0.46875,NO,,,
27.842323651452283,6710,26.89501953125,0.46875,NO,,,
27.842323651452283,6710,26.89501953125,0.46875,NO,,,
27.842323651452283,6710,26.89501953125,0.46875,NO,,,
27.842323651452283,6710,26.89501953125,0.46875,NO,,,
27.842323651452283,6710,26.89501953125,0.46875,NO,,,
27.842323651452283,6710,26.89501953125,0.46875,NO,,,
27.842323651452283,6710,26.89501953125,0.46875,NO,,,
27.842323651452283,6710,26.89501953125,0.46875,NO,,,
27.883817427385893,6720,35.1015625,0.3125,NO,,,
27.883817427385893,6720,35.1015625,0.3125,NO,,,
27.883817427385893,6720,35.1015625,0.3125,NO,,,
27.883817427385893,6720,35.1015625,0.3125,NO,,,
27.883817427385893,6720,35.1015625,0.3125,NO,,,
27.883817427385893,6720,35.1015625,0.3125,NO,,,
27.883817427385893,6720,35.1015625,0.3125,NO,,,
27.883817427385893,6720,35.1015625,0.3125,NO,,,
27.883817427385893,6720,35.1015625,0.3125,NO,,,
27.883817427385893,6720,35.1015625,0.3125,NO,,,
27.925311203319502,6730,35.37841796875,0.28125,NO,,,
27.925311203319502,6730,35.37841796875,0.28125,NO,,,
27.925311203319502,6730,35.37841796875,0.28125,NO,,,
27.925311203319502,6730,35.37841796875,0.28125,NO,,,
27.925311203319502,6730,35.37841796875,0.28125,NO,,,
27.925311203319502,6730,35.37841796875,0.28125,NO,,,
27.925311203319502,6730,35.37841796875,0.28125,NO,,,
27.925311203319502,6730,35.37841796875,0.28125,NO,,,
27.925311203319502,6730,35.37841796875,0.28125,NO,,,
27.925311203319502,6730,35.37841796875,0.28125,NO,,,
27.966804979253112,6740,44.8779296875,0.1875,NO,,,
27.966804979253112,6740,44.8779296875,0.1875,NO,,,
27.966804979253112,6740,44.8779296875,0.1875,NO,,,
27.966804979253112,6740,44.8779296875,0.1875,NO,,,
27.966804979253112,6740,44.8779296875,0.1875,NO,,,
27.966804979253112,6740,44.8779296875,0.1875,NO,,,
27.966804979253112,6740,44.8779296875,0.1875,NO,,,
27.966804979253112,6740,44.8779296875,0.1875,NO,,,
27.966804979253112,6740,44.8779296875,0.1875,NO,,,
27.966804979253112,6740,44.8779296875,0.1875,NO,,,
28.008298755186722,6750,37.509765625,0.3125,NO,,,
28.008298755186722,6750,37.509765625,0.3125,NO,,,
28.008298755186722,6750,37.509765625,0.3125,NO,,,
28.008298755186722,6750,37.509765625,0.3125,NO,,,
28.008298755186722,6750,37.509765625,0.3125,NO,,,
28.008298755186722,6750,37.509765625,0.3125,NO,,,
28.008298755186722,6750,37.509765625,0.3125,NO,,,
28.008298755186722,6750,37.509765625,0.3125,NO,,,
28.008298755186722,6750,37.509765625,0.3125,NO,,,
28.008298755186722,6750,37.509765625,0.3125,NO,,,
28.04979253112033,6760,35.3681640625,0.21875,NO,,,
28.04979253112033,6760,35.3681640625,0.21875,NO,,,
28.04979253112033,6760,35.3681640625,0.21875,NO,,,
28.04979253112033,6760,35.3681640625,0.21875,NO,,,
28.04979253112033,6760,35.3681640625,0.21875,NO,,,
28.04979253112033,6760,35.3681640625,0.21875,NO,,,
28.04979253112033,6760,35.3681640625,0.21875,NO,,,
28.04979253112033,6760,35.3681640625,0.21875,NO,,,
28.04979253112033,6760,35.3681640625,0.21875,NO,,,
28.04979253112033,6760,35.3681640625,0.21875,NO,,,
28.09128630705394,6770,28.4462890625,0.34375,NO,,,
28.09128630705394,6770,28.4462890625,0.34375,NO,,,
28.09128630705394,6770,28.4462890625,0.34375,NO,,,
28.09128630705394,6770,28.4462890625,0.34375,NO,,,
28.09128630705394,6770,28.4462890625,0.34375,NO,,,
28.09128630705394,6770,28.4462890625,0.34375,NO,,,
28.09128630705394,6770,28.4462890625,0.34375,NO,,,
28.09128630705394,6770,28.4462890625,0.34375,NO,,,
28.09128630705394,6770,28.4462890625,0.34375,NO,,,
28.09128630705394,6770,28.4462890625,0.34375,NO,,,
28.13278008298755,6780,34.67822265625,0.1875,NO,,,
28.13278008298755,6780,34.67822265625,0.1875,NO,,,
28.13278008298755,6780,34.67822265625,0.1875,NO,,,
28.13278008298755,6780,34.67822265625,0.1875,NO,,,
28.13278008298755,6780,34.67822265625,0.1875,NO,,,
28.13278008298755,6780,34.67822265625,0.1875,NO,,,
28.13278008298755,6780,34.67822265625,0.1875,NO,,,
28.13278008298755,6780,34.67822265625,0.1875,NO,,,
28.13278008298755,6780,34.67822265625,0.1875,NO,,,
28.13278008298755,6780,34.67822265625,0.1875,NO,,,
28.17427385892116,6790,37.4248046875,0.15625,NO,,,
28.17427385892116,6790,37.4248046875,0.15625,NO,,,
28.17427385892116,6790,37.4248046875,0.15625,NO,,,
28.17427385892116,6790,37.4248046875,0.15625,NO,,,
28.17427385892116,6790,37.4248046875,0.15625,NO,,,
28.17427385892116,6790,37.4248046875,0.15625,NO,,,
28.17427385892116,6790,37.4248046875,0.15625,NO,,,
28.17427385892116,6790,37.4248046875,0.15625,NO,,,
28.17427385892116,6790,37.4248046875,0.15625,NO,,,
28.17427385892116,6790,37.4248046875,0.15625,NO,,,
28.21576763485477,6800,30.8896484375,0.28125,NO,,,
28.21576763485477,6800,30.8896484375,0.28125,NO,,,
28.21576763485477,6800,30.8896484375,0.28125,NO,,,
28.21576763485477,6800,30.8896484375,0.28125,NO,,,
28.21576763485477,6800,30.8896484375,0.28125,NO,,,
28.21576763485477,6800,30.8896484375,0.28125,NO,,,
28.21576763485477,6800,30.8896484375,0.28125,NO,,,
28.21576763485477,6800,30.8896484375,0.28125,NO,,,
28.21576763485477,6800,30.8896484375,0.28125,NO,,,
28.21576763485477,6800,30.8896484375,0.28125,NO,,,
28.25726141078838,6810,34.25,0.25,NO,,,
28.25726141078838,6810,34.25,0.25,NO,,,
28.25726141078838,6810,34.25,0.25,NO,,,
28.25726141078838,6810,34.25,0.25,NO,,,
28.25726141078838,6810,34.25,0.25,NO,,,
28.25726141078838,6810,34.25,0.25,NO,,,
28.25726141078838,6810,34.25,0.25,NO,,,
28.25726141078838,6810,34.25,0.25,NO,,,
28.25726141078838,6810,34.25,0.25,NO,,,
28.25726141078838,6810,34.25,0.25,NO,,,
28.29875518672199,6820,28.35107421875,0.40625,NO,,,
28.29875518672199,6820,28.35107421875,0.40625,NO,,,
28.29875518672199,6820,28.35107421875,0.40625,NO,,,
28.29875518672199,6820,28.35107421875,0.40625,NO,,,
28.29875518672199,6820,28.35107421875,0.40625,NO,,,
28.29875518672199,6820,28.35107421875,0.40625,NO,,,
28.29875518672199,6820,28.35107421875,0.40625,NO,,,
28.29875518672199,6820,28.35107421875,0.40625,NO,,,
28.29875518672199,6820,28.35107421875,0.40625,NO,,,
28.29875518672199,6820,28.35107421875,0.40625,NO,,,
28.3402489626556,6830,41.263671875,0.125,NO,,,
28.3402489626556,6830,41.263671875,0.125,NO,,,
28.3402489626556,6830,41.263671875,0.125,NO,,,
28.3402489626556,6830,41.263671875,0.125,NO,,,
28.3402489626556,6830,41.263671875,0.125,NO,,,
28.3402489626556,6830,41.263671875,0.125,NO,,,
28.3402489626556,6830,41.263671875,0.125,NO,,,
28.3402489626556,6830,41.263671875,0.125,NO,,,
28.3402489626556,6830,41.263671875,0.125,NO,,,
28.3402489626556,6830,41.263671875,0.125,NO,,,
28.38174273858921,6840,36.3388671875,0.1875,NO,,,
28.38174273858921,6840,36.3388671875,0.1875,NO,,,
28.38174273858921,6840,36.3388671875,0.1875,NO,,,
28.38174273858921,6840,36.3388671875,0.1875,NO,,,
28.38174273858921,6840,36.3388671875,0.1875,NO,,,
28.38174273858921,6840,36.3388671875,0.1875,NO,,,
28.38174273858921,6840,36.3388671875,0.1875,NO,,,
28.38174273858921,6840,36.3388671875,0.1875,NO,,,
28.38174273858921,6840,36.3388671875,0.1875,NO,,,
28.38174273858921,6840,36.3388671875,0.1875,NO,,,
28.42323651452282,6850,36.2587890625,0.1875,NO,,,
28.42323651452282,6850,36.2587890625,0.1875,NO,,,
28.42323651452282,6850,36.2587890625,0.1875,NO,,,
28.42323651452282,6850,36.2587890625,0.1875,NO,,,
28.42323651452282,6850,36.2587890625,0.1875,NO,,,
28.42323651452282,6850,36.2587890625,0.1875,NO,,,
28.42323651452282,6850,36.2587890625,0.1875,NO,,,
28.42323651452282,6850,36.2587890625,0.1875,NO,,,
28.42323651452282,6850,36.2587890625,0.1875,NO,,,
28.42323651452282,6850,36.2587890625,0.1875,NO,,,
28.46473029045643,6860,40.283203125,0.125,NO,,,
28.46473029045643,6860,40.283203125,0.125,NO,,,
28.46473029045643,6860,40.283203125,0.125,NO,,,
28.46473029045643,6860,40.283203125,0.125,NO,,,
28.46473029045643,6860,40.283203125,0.125,NO,,,
28.46473029045643,6860,40.283203125,0.125,NO,,,
28.46473029045643,6860,40.283203125,0.125,NO,,,
28.46473029045643,6860,40.283203125,0.125,NO,,,
28.46473029045643,6860,40.283203125,0.125,NO,,,
28.46473029045643,6860,40.283203125,0.125,NO,,,
28.50622406639004,6870,34.46142578125,0.21875,NO,,,
28.50622406639004,6870,34.46142578125,0.21875,NO,,,
28.50622406639004,6870,34.46142578125,0.21875,NO,,,
28.50622406639004,6870,34.46142578125,0.21875,NO,,,
28.50622406639004,6870,34.46142578125,0.21875,NO,,,
28.50622406639004,6870,34.46142578125,0.21875,NO,,,
28.50622406639004,6870,34.46142578125,0.21875,NO,,,
28.50622406639004,6870,34.46142578125,0.21875,NO,,,
28.50622406639004,6870,34.46142578125,0.21875,NO,,,
28.50622406639004,6870,34.46142578125,0.21875,NO,,,
28.547717842323653,6880,28.35498046875,0.34375,NO,,,
28.547717842323653,6880,28.35498046875,0.34375,NO,,,
28.547717842323653,6880,28.35498046875,0.34375,NO,,,
28.547717842323653,6880,28.35498046875,0.34375,NO,,,
28.547717842323653,6880,28.35498046875,0.34375,NO,,,
28.547717842323653,6880,28.35498046875,0.34375,NO,,,
28.547717842323653,6880,28.35498046875,0.34375,NO,,,
28.547717842323653,6880,28.35498046875,0.34375,NO,,,
28.547717842323653,6880,28.35498046875,0.34375,NO,,,
28.547717842323653,6880,28.35498046875,0.34375,NO,,,
28.589211618257263,6890,33.22607421875,0.1875,NO,,,
28.589211618257263,6890,33.22607421875,0.1875,NO,,,
28.589211618257263,6890,33.22607421875,0.1875,NO,,,
28.589211618257263,6890,33.22607421875,0.1875,NO,,,
28.589211618257263,6890,33.22607421875,0.1875,NO,,,
28.589211618257263,6890,33.22607421875,0.1875,NO,,,
28.589211618257263,6890,33.22607421875,0.1875,NO,,,
28.589211618257263,6890,33.22607421875,0.1875,NO,,,
28.589211618257263,6890,33.22607421875,0.1875,NO,,,
28.589211618257263,6890,33.22607421875,0.1875,NO,,,
28.630705394190873,6900,28.12744140625,0.28125,NO,,,
28.630705394190873,6900,28.12744140625,0.28125,NO,,,
28.630705394190873,6900,28.12744140625,0.28125,NO,,,
28.630705394190873,6900,28.12744140625,0.28125,NO,,,
28.630705394190873,6900,28.12744140625,0.28125,NO,,,
28.630705394190873,6900,28.12744140625,0.28125,NO,,,
28.630705394190873,6900,28.12744140625,0.28125,NO,,,
28.630705394190873,6900,28.12744140625,0.28125,NO,,,
28.630705394190873,6900,28.12744140625,0.28125,NO,,,
28.630705394190873,6900,28.12744140625,0.28125,NO,,,
28.672199170124482,6910,33.14111328125,0.21875,NO,,,
28.672199170124482,6910,33.14111328125,0.21875,NO,,,
28.672199170124482,6910,33.14111328125,0.21875,NO,,,
28.672199170124482,6910,33.14111328125,0.21875,NO,,,
28.672199170124482,6910,33.14111328125,0.21875,NO,,,
28.672199170124482,6910,33.14111328125,0.21875,NO,,,
28.672199170124482,6910,33.14111328125,0.21875,NO,,,
28.672199170124482,6910,33.14111328125,0.21875,NO,,,
28.672199170124482,6910,33.14111328125,0.21875,NO,,,
28.672199170124482,6910,33.14111328125,0.21875,NO,,,
28.713692946058092,6920,23.619140625,0.34375,NO,,,
28.713692946058092,6920,23.619140625,0.34375,NO,,,
28.713692946058092,6920,23.619140625,0.34375,NO,,,
28.713692946058092,6920,23.619140625,0.34375,NO,,,
28.713692946058092,6920,23.619140625,0.34375,NO,,,
28.713692946058092,6920,23.619140625,0.34375,NO,,,
28.713692946058092,6920,23.619140625,0.34375,NO,,,
28.713692946058092,6920,23.619140625,0.34375,NO,,,
28.713692946058092,6920,23.619140625,0.34375,NO,,,
28.713692946058092,6920,23.619140625,0.34375,NO,,,
28.755186721991702,6930,29.9580078125,0.25,NO,,,
28.755186721991702,6930,29.9580078125,0.25,NO,,,
28.755186721991702,6930,29.9580078125,0.25,NO,,,
28.755186721991702,6930,29.9580078125,0.25,NO,,,
28.755186721991702,6930,29.9580078125,0.25,NO,,,
28.755186721991702,6930,29.9580078125,0.25,NO,,,
28.755186721991702,6930,29.9580078125,0.25,NO,,,
28.755186721991702,6930,29.9580078125,0.25,NO,,,
28.755186721991702,6930,29.9580078125,0.25,NO,,,
28.755186721991702,6930,29.9580078125,0.25,NO,,,
28.796680497925312,6940,29.16796875,0.25,NO,,,
28.796680497925312,6940,29.16796875,0.25,NO,,,
28.796680497925312,6940,29.16796875,0.25,NO,,,
28.796680497925312,6940,29.16796875,0.25,NO,,,
28.796680497925312,6940,29.16796875,0.25,NO,,,
28.796680497925312,6940,29.16796875,0.25,NO,,,
28.796680497925312,6940,29.16796875,0.25,NO,,,
28.796680497925312,6940,29.16796875,0.25,NO,,,
28.796680497925312,6940,29.16796875,0.25,NO,,,
28.796680497925312,6940,29.16796875,0.25,NO,,,
28.83817427385892,6950,28.36181640625,0.25,NO,,,
28.83817427385892,6950,28.36181640625,0.25,NO,,,
28.83817427385892,6950,28.36181640625,0.25,NO,,,
28.83817427385892,6950,28.36181640625,0.25,NO,,,
28.83817427385892,6950,28.36181640625,0.25,NO,,,
28.83817427385892,6950,28.36181640625,0.25,NO,,,
28.83817427385892,6950,28.36181640625,0.25,NO,,,
28.83817427385892,6950,28.36181640625,0.25,NO,,,
28.83817427385892,6950,28.36181640625,0.25,NO,,,
28.83817427385892,6950,28.36181640625,0.25,NO,,,
28.87966804979253,6960,34.81982421875,0.125,NO,,,
28.87966804979253,6960,34.81982421875,0.125,NO,,,
28.87966804979253,6960,34.81982421875,0.125,NO,,,
28.87966804979253,6960,34.81982421875,0.125,NO,,,
28.87966804979253,6960,34.81982421875,0.125,NO,,,
28.87966804979253,6960,34.81982421875,0.125,NO,,,
28.87966804979253,6960,34.81982421875,0.125,NO,,,
28.87966804979253,6960,34.81982421875,0.125,NO,,,
28.87966804979253,6960,34.81982421875,0.125,NO,,,
28.87966804979253,6960,34.81982421875,0.125,NO,,,
28.92116182572614,6970,30.85107421875,0.15625,NO,,,
28.92116182572614,6970,30.85107421875,0.15625,NO,,,
28.92116182572614,6970,30.85107421875,0.15625,NO,,,
28.92116182572614,6970,30.85107421875,0.15625,NO,,,
28.92116182572614,6970,30.85107421875,0.15625,NO,,,
28.92116182572614,6970,30.85107421875,0.15625,NO,,,
28.92116182572614,6970,30.85107421875,0.15625,NO,,,
28.92116182572614,6970,30.85107421875,0.15625,NO,,,
28.92116182572614,6970,30.85107421875,0.15625,NO,,,
28.92116182572614,6970,30.85107421875,0.15625,NO,,,
28.96265560165975,6980,26.2470703125,0.25,NO,,,
28.96265560165975,6980,26.2470703125,0.25,NO,,,
28.96265560165975,6980,26.2470703125,0.25,NO,,,
28.96265560165975,6980,26.2470703125,0.25,NO,,,
28.96265560165975,6980,26.2470703125,0.25,NO,,,
28.96265560165975,6980,26.2470703125,0.25,NO,,,
28.96265560165975,6980,26.2470703125,0.25,NO,,,
28.96265560165975,6980,26.2470703125,0.25,NO,,,
28.96265560165975,6980,26.2470703125,0.25,NO,,,
28.96265560165975,6980,26.2470703125,0.25,NO,,,
29.00414937759336,6990,23.47509765625,0.3125,NO,,,
29.00414937759336,6990,23.47509765625,0.3125,NO,,,
29.00414937759336,6990,23.47509765625,0.3125,NO,,,
29.00414937759336,6990,23.47509765625,0.3125,NO,,,
29.00414937759336,6990,23.47509765625,0.3125,NO,,,
29.00414937759336,6990,23.47509765625,0.3125,NO,,,
29.00414937759336,6990,23.47509765625,0.3125,NO,,,
29.00414937759336,6990,23.47509765625,0.3125,NO,,,
29.00414937759336,6990,23.47509765625,0.3125,NO,,,
29.00414937759336,6990,23.47509765625,0.3125,YES,25.275571823120117,0.25995316159250587,25.435809898376466
29.04564315352697,7000,22.044921875,0.3125,NO,,,
29.04564315352697,7000,22.044921875,0.3125,NO,,,
29.04564315352697,7000,22.044921875,0.3125,NO,,,
29.04564315352697,7000,22.044921875,0.3125,NO,,,
29.04564315352697,7000,22.044921875,0.3125,NO,,,
29.04564315352697,7000,22.044921875,0.3125,NO,,,
29.04564315352697,7000,22.044921875,0.3125,NO,,,
29.04564315352697,7000,22.044921875,0.3125,NO,,,
29.04564315352697,7000,22.044921875,0.3125,NO,,,
29.04564315352697,7000,22.044921875,0.3125,NO,,,
29.08713692946058,7010,26.12890625,0.25,NO,,,
29.08713692946058,7010,26.12890625,0.25,NO,,,
29.08713692946058,7010,26.12890625,0.25,NO,,,
29.08713692946058,7010,26.12890625,0.25,NO,,,
29.08713692946058,7010,26.12890625,0.25,NO,,,
29.08713692946058,7010,26.12890625,0.25,NO,,,
29.08713692946058,7010,26.12890625,0.25,NO,,,
29.08713692946058,7010,26.12890625,0.25,NO,,,
29.08713692946058,7010,26.12890625,0.25,NO,,,
29.08713692946058,7010,26.12890625,0.25,NO,,,
29.12863070539419,7020,29.2734375,0.15625,NO,,,
29.12863070539419,7020,29.2734375,0.15625,NO,,,
29.12863070539419,7020,29.2734375,0.15625,NO,,,
29.12863070539419,7020,29.2734375,0.15625,NO,,,
29.12863070539419,7020,29.2734375,0.15625,NO,,,
29.12863070539419,7020,29.2734375,0.15625,NO,,,
29.12863070539419,7020,29.2734375,0.15625,NO,,,
29.12863070539419,7020,29.2734375,0.15625,NO,,,
29.12863070539419,7020,29.2734375,0.15625,NO,,,
29.12863070539419,7020,29.2734375,0.15625,NO,,,
29.1701244813278,7030,28.92626953125,0.1875,NO,,,
29.1701244813278,7030,28.92626953125,0.1875,NO,,,
29.1701244813278,7030,28.92626953125,0.1875,NO,,,
29.1701244813278,7030,28.92626953125,0.1875,NO,,,
29.1701244813278,7030,28.92626953125,0.1875,NO,,,
29.1701244813278,7030,28.92626953125,0.1875,NO,,,
29.1701244813278,7030,28.92626953125,0.1875,NO,,,
29.1701244813278,7030,28.92626953125,0.1875,NO,,,
29.1701244813278,7030,28.92626953125,0.1875,NO,,,
29.1701244813278,7030,28.92626953125,0.1875,NO,,,
29.21161825726141,7040,27.490234375,0.1875,NO,,,
29.21161825726141,7040,27.490234375,0.1875,NO,,,
29.21161825726141,7040,27.490234375,0.1875,NO,,,
29.21161825726141,7040,27.490234375,0.1875,NO,,,
29.21161825726141,7040,27.490234375,0.1875,NO,,,
29.21161825726141,7040,27.490234375,0.1875,NO,,,
29.21161825726141,7040,27.490234375,0.1875,NO,,,
29.21161825726141,7040,27.490234375,0.1875,NO,,,
29.21161825726141,7040,27.490234375,0.1875,NO,,,
29.21161825726141,7040,27.490234375,0.1875,NO,,,
29.25311203319502,7050,19.42236328125,0.375,NO,,,
29.25311203319502,7050,19.42236328125,0.375,NO,,,
29.25311203319502,7050,19.42236328125,0.375,NO,,,
29.25311203319502,7050,19.42236328125,0.375,NO,,,
29.25311203319502,7050,19.42236328125,0.375,NO,,,
29.25311203319502,7050,19.42236328125,0.375,NO,,,
29.25311203319502,7050,19.42236328125,0.375,NO,,,
29.25311203319502,7050,19.42236328125,0.375,NO,,,
29.25311203319502,7050,19.42236328125,0.375,NO,,,
29.25311203319502,7050,19.42236328125,0.375,NO,,,
29.29460580912863,7060,28.36279296875,0.25,NO,,,
29.29460580912863,7060,28.36279296875,0.25,NO,,,
29.29460580912863,7060,28.36279296875,0.25,NO,,,
29.29460580912863,7060,28.36279296875,0.25,NO,,,
29.29460580912863,7060,28.36279296875,0.25,NO,,,
29.29460580912863,7060,28.36279296875,0.25,NO,,,
29.29460580912863,7060,28.36279296875,0.25,NO,,,
29.29460580912863,7060,28.36279296875,0.25,NO,,,
29.29460580912863,7060,28.36279296875,0.25,NO,,,
29.29460580912863,7060,28.36279296875,0.25,NO,,,
29.33609958506224,7070,25.0244140625,0.28125,NO,,,
29.33609958506224,7070,25.0244140625,0.28125,NO,,,
29.33609958506224,7070,25.0244140625,0.28125,NO,,,
29.33609958506224,7070,25.0244140625,0.28125,NO,,,
29.33609958506224,7070,25.0244140625,0.28125,NO,,,
29.33609958506224,7070,25.0244140625,0.28125,NO,,,
29.33609958506224,7070,25.0244140625,0.28125,NO,,,
29.33609958506224,7070,25.0244140625,0.28125,NO,,,
29.33609958506224,7070,25.0244140625,0.28125,NO,,,
29.33609958506224,7070,25.0244140625,0.28125,NO,,,
29.37759336099585,7080,26.7587890625,0.28125,NO,,,
29.37759336099585,7080,26.7587890625,0.28125,NO,,,
29.37759336099585,7080,26.7587890625,0.28125,NO,,,
29.37759336099585,7080,26.7587890625,0.28125,NO,,,
29.37759336099585,7080,26.7587890625,0.28125,NO,,,
29.37759336099585,7080,26.7587890625,0.28125,NO,,,
29.37759336099585,7080,26.7587890625,0.28125,NO,,,
29.37759336099585,7080,26.7587890625,0.28125,NO,,,
29.37759336099585,7080,26.7587890625,0.28125,NO,,,
29.37759336099585,7080,26.7587890625,0.28125,NO,,,
29.41908713692946,7090,28.044921875,0.25,NO,,,
29.41908713692946,7090,28.044921875,0.25,NO,,,
29.41908713692946,7090,28.044921875,0.25,NO,,,
29.41908713692946,7090,28.044921875,0.25,NO,,,
29.41908713692946,7090,28.044921875,0.25,NO,,,
29.41908713692946,7090,28.044921875,0.25,NO,,,
29.41908713692946,7090,28.044921875,0.25,NO,,,
29.41908713692946,7090,28.044921875,0.25,NO,,,
29.41908713692946,7090,28.044921875,0.25,NO,,,
29.41908713692946,7090,28.044921875,0.25,NO,,,
29.46058091286307,7100,24.5146484375,0.3125,NO,,,
29.46058091286307,7100,24.5146484375,0.3125,NO,,,
29.46058091286307,7100,24.5146484375,0.3125,NO,,,
29.46058091286307,7100,24.5146484375,0.3125,NO,,,
29.46058091286307,7100,24.5146484375,0.3125,NO,,,
29.46058091286307,7100,24.5146484375,0.3125,NO,,,
29.46058091286307,7100,24.5146484375,0.3125,NO,,,
29.46058091286307,7100,24.5146484375,0.3125,NO,,,
29.46058091286307,7100,24.5146484375,0.3125,NO,,,
29.46058091286307,7100,24.5146484375,0.3125,NO,,,
29.502074688796682,7110,28.736328125,0.15625,NO,,,
29.502074688796682,7110,28.736328125,0.15625,NO,,,
29.502074688796682,7110,28.736328125,0.15625,NO,,,
29.502074688796682,7110,28.736328125,0.15625,NO,,,
29.502074688796682,7110,28.736328125,0.15625,NO,,,
29.502074688796682,7110,28.736328125,0.15625,NO,,,
29.502074688796682,7110,28.736328125,0.15625,NO,,,
29.502074688796682,7110,28.736328125,0.15625,NO,,,
29.502074688796682,7110,28.736328125,0.15625,NO,,,
29.502074688796682,7110,28.736328125,0.15625,NO,,,
29.543568464730292,7120,29.43603515625,0.1875,NO,,,
29.543568464730292,7120,29.43603515625,0.1875,NO,,,
29.543568464730292,7120,29.43603515625,0.1875,NO,,,
29.543568464730292,7120,29.43603515625,0.1875,NO,,,
29.543568464730292,7120,29.43603515625,0.1875,NO,,,
29.543568464730292,7120,29.43603515625,0.1875,NO,,,
29.543568464730292,7120,29.43603515625,0.1875,NO,,,
29.543568464730292,7120,29.43603515625,0.1875,NO,,,
29.543568464730292,7120,29.43603515625,0.1875,NO,,,
29.543568464730292,7120,29.43603515625,0.1875,NO,,,
29.585062240663902,7130,23.96923828125,0.3125,NO,,,
29.585062240663902,7130,23.96923828125,0.3125,NO,,,
29.585062240663902,7130,23.96923828125,0.3125,NO,,,
29.585062240663902,7130,23.96923828125,0.3125,NO,,,
29.585062240663902,7130,23.96923828125,0.3125,NO,,,
29.585062240663902,7130,23.96923828125,0.3125,NO,,,
29.585062240663902,7130,23.96923828125,0.3125,NO,,,
29.585062240663902,7130,23.96923828125,0.3125,NO,,,
29.585062240663902,7130,23.96923828125,0.3125,NO,,,
29.585062240663902,7130,23.96923828125,0.3125,NO,,,
29.62655601659751,7140,26.9501953125,0.21875,NO,,,
29.62655601659751,7140,26.9501953125,0.21875,NO,,,
29.62655601659751,7140,26.9501953125,0.21875,NO,,,
29.62655601659751,7140,26.9501953125,0.21875,NO,,,
29.62655601659751,7140,26.9501953125,0.21875,NO,,,
29.62655601659751,7140,26.9501953125,0.21875,NO,,,
29.62655601659751,7140,26.9501953125,0.21875,NO,,,
29.62655601659751,7140,26.9501953125,0.21875,NO,,,
29.62655601659751,7140,26.9501953125,0.21875,NO,,,
29.62655601659751,7140,26.9501953125,0.21875,NO,,,
29.66804979253112,7150,23.53564453125,0.3125,NO,,,
29.66804979253112,7150,23.53564453125,0.3125,NO,,,
29.66804979253112,7150,23.53564453125,0.3125,NO,,,
29.66804979253112,7150,23.53564453125,0.3125,NO,,,
29.66804979253112,7150,23.53564453125,0.3125,NO,,,
29.66804979253112,7150,23.53564453125,0.3125,NO,,,
29.66804979253112,7150,23.53564453125,0.3125,NO,,,
29.66804979253112,7150,23.53564453125,0.3125,NO,,,
29.66804979253112,7150,23.53564453125,0.3125,NO,,,
29.66804979253112,7150,23.53564453125,0.3125,NO,,,
29.70954356846473,7160,31.2158203125,0.1875,NO,,,
29.70954356846473,7160,31.2158203125,0.1875,NO,,,
29.70954356846473,7160,31.2158203125,0.1875,NO,,,
29.70954356846473,7160,31.2158203125,0.1875,NO,,,
29.70954356846473,7160,31.2158203125,0.1875,NO,,,
29.70954356846473,7160,31.2158203125,0.1875,NO,,,
29.70954356846473,7160,31.2158203125,0.1875,NO,,,
29.70954356846473,7160,31.2158203125,0.1875,NO,,,
29.70954356846473,7160,31.2158203125,0.1875,NO,,,
29.70954356846473,7160,31.2158203125,0.1875,NO,,,
29.75103734439834,7170,23.03271484375,0.3125,NO,,,
29.75103734439834,7170,23.03271484375,0.3125,NO,,,
29.75103734439834,7170,23.03271484375,0.3125,NO,,,
29.75103734439834,7170,23.03271484375,0.3125,NO,,,
29.75103734439834,7170,23.03271484375,0.3125,NO,,,
29.75103734439834,7170,23.03271484375,0.3125,NO,,,
29.75103734439834,7170,23.03271484375,0.3125,NO,,,
29.75103734439834,7170,23.03271484375,0.3125,NO,,,
29.75103734439834,7170,23.03271484375,0.3125,NO,,,
29.75103734439834,7170,23.03271484375,0.3125,NO,,,
29.79253112033195,7180,24.8330078125,0.25,NO,,,
29.79253112033195,7180,24.8330078125,0.25,NO,,,
29.79253112033195,7180,24.8330078125,0.25,NO,,,
29.79253112033195,7180,24.8330078125,0.25,NO,,,
29.79253112033195,7180,24.8330078125,0.25,NO,,,
29.79253112033195,7180,24.8330078125,0.25,NO,,,
29.79253112033195,7180,24.8330078125,0.25,NO,,,
29.79253112033195,7180,24.8330078125,0.25,NO,,,
29.79253112033195,7180,24.8330078125,0.25,NO,,,
29.79253112033195,7180,24.8330078125,0.25,NO,,,
29.83402489626556,7190,24.65087890625,0.25,NO,,,
29.83402489626556,7190,24.65087890625,0.25,NO,,,
29.83402489626556,7190,24.65087890625,0.25,NO,,,
29.83402489626556,7190,24.65087890625,0.25,NO,,,
29.83402489626556,7190,24.65087890625,0.25,NO,,,
29.83402489626556,7190,24.65087890625,0.25,NO,,,
29.83402489626556,7190,24.65087890625,0.25,NO,,,
29.83402489626556,7190,24.65087890625,0.25,NO,,,
29.83402489626556,7190,24.65087890625,0.25,NO,,,
29.83402489626556,7190,24.65087890625,0.25,NO,,,
29.87551867219917,7200,25.5478515625,0.3125,NO,,,
29.87551867219917,7200,25.5478515625,0.3125,NO,,,
29.87551867219917,7200,25.5478515625,0.3125,NO,,,
29.87551867219917,7200,25.5478515625,0.3125,NO,,,
29.87551867219917,7200,25.5478515625,0.3125,NO,,,
29.87551867219917,7200,25.5478515625,0.3125,NO,,,
29.87551867219917,7200,25.5478515625,0.3125,NO,,,
29.87551867219917,7200,25.5478515625,0.3125,NO,,,
29.87551867219917,7200,25.5478515625,0.3125,NO,,,
29.87551867219917,7200,25.5478515625,0.3125,NO,,,
29.91701244813278,7210,19.89501953125,0.40625,NO,,,
29.91701244813278,7210,19.89501953125,0.40625,NO,,,
29.91701244813278,7210,19.89501953125,0.40625,NO,,,
29.91701244813278,7210,19.89501953125,0.40625,NO,,,
29.91701244813278,7210,19.89501953125,0.40625,NO,,,
29.91701244813278,7210,19.89501953125,0.40625,NO,,,
29.91701244813278,7210,19.89501953125,0.40625,NO,,,
29.91701244813278,7210,19.89501953125,0.40625,NO,,,
29.91701244813278,7210,19.89501953125,0.40625,NO,,,
29.91701244813278,7210,19.89501953125,0.40625,NO,,,
29.95850622406639,7220,24.4052734375,0.28125,NO,,,
29.95850622406639,7220,24.4052734375,0.28125,NO,,,
29.95850622406639,7220,24.4052734375,0.28125,NO,,,
29.95850622406639,7220,24.4052734375,0.28125,NO,,,
29.95850622406639,7220,24.4052734375,0.28125,NO,,,
29.95850622406639,7220,24.4052734375,0.28125,NO,,,
29.95850622406639,7220,24.4052734375,0.28125,NO,,,
29.95850622406639,7220,24.4052734375,0.28125,NO,,,
29.95850622406639,7220,24.4052734375,0.28125,NO,,,
29.95850622406639,7220,24.4052734375,0.28125,NO,,,
30.0,7230,22.51025390625,0.25,NO,,,
30.0,7230,22.51025390625,0.25,NO,,,
30.0,7230,22.51025390625,0.25,NO,,,
30.0,7230,22.51025390625,0.25,NO,,,
30.0,7230,22.51025390625,0.25,NO,,,
30.0,7230,22.51025390625,0.25,NO,,,
30.0,7230,22.51025390625,0.25,NO,,,
30.0,7230,22.51025390625,0.25,NO,,,
30.0,7230,22.51025390625,0.25,NO,,,
30.0,7230,22.51025390625,0.25,NO,,,
30.04149377593361,7240,24.171142578125,0.25,NO,,,
30.04149377593361,7240,24.171142578125,0.25,NO,,,
30.04149377593361,7240,24.171142578125,0.25,NO,,,
30.04149377593361,7240,24.171142578125,0.25,NO,,,
30.04149377593361,7240,24.171142578125,0.25,NO,,,
30.04149377593361,7240,24.171142578125,0.25,NO,,,
30.04149377593361,7240,24.171142578125,0.25,NO,,,
30.04149377593361,7240,24.171142578125,0.25,NO,,,
30.04149377593361,7240,24.171142578125,0.25,NO,,,
30.04149377593361,7240,24.171142578125,0.25,NO,,,
30.08298755186722,7250,23.88232421875,0.1875,NO,,,
30.08298755186722,7250,23.88232421875,0.1875,NO,,,
30.08298755186722,7250,23.88232421875,0.1875,NO,,,
30.08298755186722,7250,23.88232421875,0.1875,NO,,,
30.08298755186722,7250,23.88232421875,0.1875,NO,,,
30.08298755186722,7250,23.88232421875,0.1875,NO,,,
30.08298755186722,7250,23.88232421875,0.1875,NO,,,
30.08298755186722,7250,23.88232421875,0.1875,NO,,,
30.08298755186722,7250,23.88232421875,0.1875,NO,,,
30.08298755186722,7250,23.88232421875,0.1875,NO,,,
30.12448132780083,7260,14.3486328125,0.53125,NO,,,
30.12448132780083,7260,14.3486328125,0.53125,NO,,,
30.12448132780083,7260,14.3486328125,0.53125,NO,,,
30.12448132780083,7260,14.3486328125,0.53125,NO,,,
30.12448132780083,7260,14.3486328125,0.53125,NO,,,
30.12448132780083,7260,14.3486328125,0.53125,NO,,,
30.12448132780083,7260,14.3486328125,0.53125,NO,,,
30.12448132780083,7260,14.3486328125,0.53125,NO,,,
30.12448132780083,7260,14.3486328125,0.53125,NO,,,
30.12448132780083,7260,14.3486328125,0.53125,NO,,,
30.16597510373444,7270,20.560791015625,0.25,NO,,,
30.16597510373444,7270,20.560791015625,0.25,NO,,,
30.16597510373444,7270,20.560791015625,0.25,NO,,,
30.16597510373444,7270,20.560791015625,0.25,NO,,,
30.16597510373444,7270,20.560791015625,0.25,NO,,,
30.16597510373444,7270,20.560791015625,0.25,NO,,,
30.16597510373444,7270,20.560791015625,0.25,NO,,,
30.16597510373444,7270,20.560791015625,0.25,NO,,,
30.16597510373444,7270,20.560791015625,0.25,NO,,,
30.16597510373444,7270,20.560791015625,0.25,NO,,,
30.20746887966805,7280,19.6728515625,0.375,NO,,,
30.20746887966805,7280,19.6728515625,0.375,NO,,,
30.20746887966805,7280,19.6728515625,0.375,NO,,,
30.20746887966805,7280,19.6728515625,0.375,NO,,,
30.20746887966805,7280,19.6728515625,0.375,NO,,,
30.20746887966805,7280,19.6728515625,0.375,NO,,,
30.20746887966805,7280,19.6728515625,0.375,NO,,,
30.20746887966805,7280,19.6728515625,0.375,NO,,,
30.20746887966805,7280,19.6728515625,0.375,NO,,,
30.20746887966805,7280,19.6728515625,0.375,NO,,,
30.24896265560166,7290,23.982421875,0.15625,NO,,,
30.24896265560166,7290,23.982421875,0.15625,NO,,,
30.24896265560166,7290,23.982421875,0.15625,NO,,,
30.24896265560166,7290,23.982421875,0.15625,NO,,,
30.24896265560166,7290,23.982421875,0.15625,NO,,,
30.24896265560166,7290,23.982421875,0.15625,NO,,,
30.24896265560166,7290,23.982421875,0.15625,NO,,,
30.24896265560166,7290,23.982421875,0.15625,NO,,,
30.24896265560166,7290,23.982421875,0.15625,NO,,,
30.24896265560166,7290,23.982421875,0.15625,NO,,,
30.29045643153527,7300,20.146240234375,0.28125,NO,,,
30.29045643153527,7300,20.146240234375,0.28125,NO,,,
30.29045643153527,7300,20.146240234375,0.28125,NO,,,
30.29045643153527,7300,20.146240234375,0.28125,NO,,,
30.29045643153527,7300,20.146240234375,0.28125,NO,,,
30.29045643153527,7300,20.146240234375,0.28125,NO,,,
30.29045643153527,7300,20.146240234375,0.28125,NO,,,
30.29045643153527,7300,20.146240234375,0.28125,NO,,,
30.29045643153527,7300,20.146240234375,0.28125,NO,,,
30.29045643153527,7300,20.146240234375,0.28125,NO,,,
30.33195020746888,7310,17.365234375,0.3125,NO,,,
30.33195020746888,7310,17.365234375,0.3125,NO,,,
30.33195020746888,7310,17.365234375,0.3125,NO,,,
30.33195020746888,7310,17.365234375,0.3125,NO,,,
30.33195020746888,7310,17.365234375,0.3125,NO,,,
30.33195020746888,7310,17.365234375,0.3125,NO,,,
30.33195020746888,7310,17.365234375,0.3125,NO,,,
30.33195020746888,7310,17.365234375,0.3125,NO,,,
30.33195020746888,7310,17.365234375,0.3125,NO,,,
30.33195020746888,7310,17.365234375,0.3125,NO,,,
30.37344398340249,7320,21.380615234375,0.28125,NO,,,
30.37344398340249,7320,21.380615234375,0.28125,NO,,,
30.37344398340249,7320,21.380615234375,0.28125,NO,,,
30.37344398340249,7320,21.380615234375,0.28125,NO,,,
30.37344398340249,7320,21.380615234375,0.28125,NO,,,
30.37344398340249,7320,21.380615234375,0.28125,NO,,,
30.37344398340249,7320,21.380615234375,0.28125,NO,,,
30.37344398340249,7320,21.380615234375,0.28125,NO,,,
30.37344398340249,7320,21.380615234375,0.28125,NO,,,
30.37344398340249,7320,21.380615234375,0.28125,NO,,,
30.414937759336098,7330,18.365478515625,0.25,NO,,,
30.414937759336098,7330,18.365478515625,0.25,NO,,,
30.414937759336098,7330,18.365478515625,0.25,NO,,,
30.414937759336098,7330,18.365478515625,0.25,NO,,,
30.414937759336098,7330,18.365478515625,0.25,NO,,,
30.414937759336098,7330,18.365478515625,0.25,NO,,,
30.414937759336098,7330,18.365478515625,0.25,NO,,,
30.414937759336098,7330,18.365478515625,0.25,NO,,,
30.414937759336098,7330,18.365478515625,0.25,NO,,,
30.414937759336098,7330,18.365478515625,0.25,NO,,,
30.456431535269708,7340,18.49444580078125,0.21875,NO,,,
30.456431535269708,7340,18.49444580078125,0.21875,NO,,,
30.456431535269708,7340,18.49444580078125,0.21875,NO,,,
30.456431535269708,7340,18.49444580078125,0.21875,NO,,,
30.456431535269708,7340,18.49444580078125,0.21875,NO,,,
30.456431535269708,7340,18.49444580078125,0.21875,NO,,,
30.456431535269708,7340,18.49444580078125,0.21875,NO,,,
30.456431535269708,7340,18.49444580078125,0.21875,NO,,,
30.456431535269708,7340,18.49444580078125,0.21875,NO,,,
30.456431535269708,7340,18.49444580078125,0.21875,NO,,,
30.497925311203318,7350,17.811344146728516,0.21875,NO,,,
30.497925311203318,7350,17.811344146728516,0.21875,NO,,,
30.497925311203318,7350,17.811344146728516,0.21875,NO,,,
30.497925311203318,7350,17.811344146728516,0.21875,NO,,,
30.497925311203318,7350,17.811344146728516,0.21875,NO,,,
30.497925311203318,7350,17.811344146728516,0.21875,NO,,,
30.497925311203318,7350,17.811344146728516,0.21875,NO,,,
30.497925311203318,7350,17.811344146728516,0.21875,NO,,,
30.497925311203318,7350,17.811344146728516,0.21875,NO,,,
30.497925311203318,7350,17.811344146728516,0.21875,NO,,,
30.53941908713693,7360,17.43533706665039,0.25,NO,,,
30.53941908713693,7360,17.43533706665039,0.25,NO,,,
30.53941908713693,7360,17.43533706665039,0.25,NO,,,
30.53941908713693,7360,17.43533706665039,0.25,NO,,,
30.53941908713693,7360,17.43533706665039,0.25,NO,,,
30.53941908713693,7360,17.43533706665039,0.25,NO,,,
30.53941908713693,7360,17.43533706665039,0.25,NO,,,
30.53941908713693,7360,17.43533706665039,0.25,NO,,,
30.53941908713693,7360,17.43533706665039,0.25,NO,,,
30.53941908713693,7360,17.43533706665039,0.25,NO,,,
30.58091286307054,7370,18.349245071411133,0.15625,NO,,,
30.58091286307054,7370,18.349245071411133,0.15625,NO,,,
30.58091286307054,7370,18.349245071411133,0.15625,NO,,,
30.58091286307054,7370,18.349245071411133,0.15625,NO,,,
30.58091286307054,7370,18.349245071411133,0.15625,NO,,,
30.58091286307054,7370,18.349245071411133,0.15625,NO,,,
30.58091286307054,7370,18.349245071411133,0.15625,NO,,,
30.58091286307054,7370,18.349245071411133,0.15625,NO,,,
30.58091286307054,7370,18.349245071411133,0.15625,NO,,,
30.58091286307054,7370,18.349245071411133,0.15625,NO,,,
30.62240663900415,7380,14.803935050964355,0.25,NO,,,
30.62240663900415,7380,14.803935050964355,0.25,NO,,,
30.62240663900415,7380,14.803935050964355,0.25,NO,,,
30.62240663900415,7380,14.803935050964355,0.25,NO,,,
30.62240663900415,7380,14.803935050964355,0.25,NO,,,
30.62240663900415,7380,14.803935050964355,0.25,NO,,,
30.62240663900415,7380,14.803935050964355,0.25,NO,,,
30.62240663900415,7380,14.803935050964355,0.25,NO,,,
30.62240663900415,7380,14.803935050964355,0.25,NO,,,
30.62240663900415,7380,14.803935050964355,0.25,NO,,,
30.66390041493776,7390,12.795686721801758,0.28125,NO,,,
30.66390041493776,7390,12.795686721801758,0.28125,NO,,,
30.66390041493776,7390,12.795686721801758,0.28125,NO,,,
30.66390041493776,7390,12.795686721801758,0.28125,NO,,,
30.66390041493776,7390,12.795686721801758,0.28125,NO,,,
30.66390041493776,7390,12.795686721801758,0.28125,NO,,,
30.66390041493776,7390,12.795686721801758,0.28125,NO,,,
30.66390041493776,7390,12.795686721801758,0.28125,NO,,,
30.66390041493776,7390,12.795686721801758,0.28125,NO,,,
30.66390041493776,7390,12.795686721801758,0.28125,NO,,,
30.70539419087137,7400,19.722335815429688,0.125,NO,,,
30.70539419087137,7400,19.722335815429688,0.125,NO,,,
30.70539419087137,7400,19.722335815429688,0.125,NO,,,
30.70539419087137,7400,19.722335815429688,0.125,NO,,,
30.70539419087137,7400,19.722335815429688,0.125,NO,,,
30.70539419087137,7400,19.722335815429688,0.125,NO,,,
30.70539419087137,7400,19.722335815429688,0.125,NO,,,
30.70539419087137,7400,19.722335815429688,0.125,NO,,,
30.70539419087137,7400,19.722335815429688,0.125,NO,,,
30.70539419087137,7400,19.722335815429688,0.125,NO,,,
30.74688796680498,7410,10.669628143310547,0.21875,NO,,,
30.74688796680498,7410,10.669628143310547,0.21875,NO,,,
30.74688796680498,7410,10.669628143310547,0.21875,NO,,,
30.74688796680498,7410,10.669628143310547,0.21875,NO,,,
30.74688796680498,7410,10.669628143310547,0.21875,NO,,,
30.74688796680498,7410,10.669628143310547,0.21875,NO,,,
30.74688796680498,7410,10.669628143310547,0.21875,NO,,,
30.74688796680498,7410,10.669628143310547,0.21875,NO,,,
30.74688796680498,7410,10.669628143310547,0.21875,NO,,,
30.74688796680498,7410,10.669628143310547,0.21875,NO,,,
30.78838174273859,7420,9.572990417480469,0.34375,NO,,,
30.78838174273859,7420,9.572990417480469,0.34375,NO,,,
30.78838174273859,7420,9.572990417480469,0.34375,NO,,,
30.78838174273859,7420,9.572990417480469,0.34375,NO,,,
30.78838174273859,7420,9.572990417480469,0.34375,NO,,,
30.78838174273859,7420,9.572990417480469,0.34375,NO,,,
30.78838174273859,7420,9.572990417480469,0.34375,NO,,,
30.78838174273859,7420,9.572990417480469,0.34375,NO,,,
30.78838174273859,7420,9.572990417480469,0.34375,NO,,,
30.78838174273859,7420,9.572990417480469,0.34375,NO,,,
30.8298755186722,7430,9.540367126464844,0.1875,NO,,,
30.8298755186722,7430,9.540367126464844,0.1875,NO,,,
30.8298755186722,7430,9.540367126464844,0.1875,NO,,,
30.8298755186722,7430,9.540367126464844,0.1875,NO,,,
30.8298755186722,7430,9.540367126464844,0.1875,NO,,,
30.8298755186722,7430,9.540367126464844,0.1875,NO,,,
30.8298755186722,7430,9.540367126464844,0.1875,NO,,,
30.8298755186722,7430,9.540367126464844,0.1875,NO,,,
30.8298755186722,7430,9.540367126464844,0.1875,NO,,,
30.8298755186722,7430,9.540367126464844,0.1875,NO,,,
30.87136929460581,7440,9.271514892578125,0.15625,NO,,,
30.87136929460581,7440,9.271514892578125,0.15625,NO,,,
30.87136929460581,7440,9.271514892578125,0.15625,NO,,,
30.87136929460581,7440,9.271514892578125,0.15625,NO,,,
30.87136929460581,7440,9.271514892578125,0.15625,NO,,,
30.87136929460581,7440,9.271514892578125,0.15625,NO,,,
30.87136929460581,7440,9.271514892578125,0.15625,NO,,,
30.87136929460581,7440,9.271514892578125,0.15625,NO,,,
30.87136929460581,7440,9.271514892578125,0.15625,NO,,,
30.87136929460581,7440,9.271514892578125,0.15625,NO,,,
30.91286307053942,7450,7.696632385253906,0.125,NO,,,
30.91286307053942,7450,7.696632385253906,0.125,NO,,,
30.91286307053942,7450,7.696632385253906,0.125,NO,,,
30.91286307053942,7450,7.696632385253906,0.125,NO,,,
30.91286307053942,7450,7.696632385253906,0.125,NO,,,
30.91286307053942,7450,7.696632385253906,0.125,NO,,,
30.91286307053942,7450,7.696632385253906,0.125,NO,,,
30.91286307053942,7450,7.696632385253906,0.125,NO,,,
30.91286307053942,7450,7.696632385253906,0.125,NO,,,
30.91286307053942,7450,7.696632385253906,0.125,NO,,,
30.95435684647303,7460,10.512863159179688,0.09375,NO,,,
30.95435684647303,7460,10.512863159179688,0.09375,NO,,,
30.95435684647303,7460,10.512863159179688,0.09375,NO,,,
30.95435684647303,7460,10.512863159179688,0.09375,NO,,,
30.95435684647303,7460,10.512863159179688,0.09375,NO,,,
30.95435684647303,7460,10.512863159179688,0.09375,NO,,,
30.95435684647303,7460,10.512863159179688,0.09375,NO,,,
30.95435684647303,7460,10.512863159179688,0.09375,NO,,,
30.95435684647303,7460,10.512863159179688,0.09375,NO,,,
30.95435684647303,7460,10.512863159179688,0.09375,NO,,,
30.99585062240664,7470,10.563097953796387,0.20000000298023224,NO,,,
30.99585062240664,7470,10.563097953796387,0.20000000298023224,NO,,,
30.99585062240664,7470,10.563097953796387,0.20000000298023224,NO,,,
30.99585062240664,7470,10.563097953796387,0.20000000298023224,NO,,,
30.99585062240664,7470,10.563097953796387,0.20000000298023224,NO,,,
30.99585062240664,7470,10.563097953796387,0.20000000298023224,NO,,,
30.99585062240664,7470,10.563097953796387,0.20000000298023224,NO,,,
30.99585062240664,7470,10.563097953796387,0.20000000298023224,NO,,,
30.99585062240664,7470,10.563097953796387,0.20000000298023224,NO,,,
30.99585062240664,7470,10.563097953796387,0.20000000298023224,NO,,,
31.03734439834025,7480,11.708597183227539,0.21875,NO,,,
31.03734439834025,7480,11.708597183227539,0.21875,NO,,,
31.03734439834025,7480,11.708597183227539,0.21875,NO,,,
31.03734439834025,7480,11.708597183227539,0.21875,NO,,,
31.03734439834025,7480,11.708597183227539,0.21875,NO,,,
31.03734439834025,7480,11.708597183227539,0.21875,NO,,,
31.03734439834025,7480,11.708597183227539,0.21875,NO,,,
31.03734439834025,7480,11.708597183227539,0.21875,NO,,,
31.03734439834025,7480,11.708597183227539,0.21875,NO,,,
31.03734439834025,7480,11.708597183227539,0.21875,NO,,,
31.07883817427386,7490,10.366792678833008,0.21875,NO,,,
31.07883817427386,7490,10.366792678833008,0.21875,NO,,,
31.07883817427386,7490,10.366792678833008,0.21875,NO,,,
31.07883817427386,7490,10.366792678833008,0.21875,NO,,,
31.07883817427386,7490,10.366792678833008,0.21875,NO,,,
31.07883817427386,7490,10.366792678833008,0.21875,NO,,,
31.07883817427386,7490,10.366792678833008,0.21875,NO,,,
31.07883817427386,7490,10.366792678833008,0.21875,NO,,,
31.07883817427386,7490,10.366792678833008,0.21875,NO,,,
31.07883817427386,7490,10.366792678833008,0.21875,NO,,,
31.12033195020747,7500,10.926494598388672,0.125,NO,,,
31.12033195020747,7500,10.926494598388672,0.125,NO,,,
31.12033195020747,7500,10.926494598388672,0.125,NO,,,
31.12033195020747,7500,10.926494598388672,0.125,NO,,,
31.12033195020747,7500,10.926494598388672,0.125,NO,,,
31.12033195020747,7500,10.926494598388672,0.125,NO,,,
31.12033195020747,7500,10.926494598388672,0.125,NO,,,
31.12033195020747,7500,10.926494598388672,0.125,NO,,,
31.12033195020747,7500,10.926494598388672,0.125,NO,,,
31.12033195020747,7500,10.926494598388672,0.125,NO,,,
31.16182572614108,7510,7.79119873046875,0.25,NO,,,
31.16182572614108,7510,7.79119873046875,0.25,NO,,,
31.16182572614108,7510,7.79119873046875,0.25,NO,,,
31.16182572614108,7510,7.79119873046875,0.25,NO,,,
31.16182572614108,7510,7.79119873046875,0.25,NO,,,
31.16182572614108,7510,7.79119873046875,0.25,NO,,,
31.16182572614108,7510,7.79119873046875,0.25,NO,,,
31.16182572614108,7510,7.79119873046875,0.25,NO,,,
31.16182572614108,7510,7.79119873046875,0.25,NO,,,
31.16182572614108,7510,7.79119873046875,0.25,NO,,,
31.203319502074688,7520,8.950862884521484,0.25,NO,,,
31.203319502074688,7520,8.950862884521484,0.25,NO,,,
31.203319502074688,7520,8.950862884521484,0.25,NO,,,
31.203319502074688,7520,8.950862884521484,0.25,NO,,,
31.203319502074688,7520,8.950862884521484,0.25,NO,,,
31.203319502074688,7520,8.950862884521484,0.25,NO,,,
31.203319502074688,7520,8.950862884521484,0.25,NO,,,
31.203319502074688,7520,8.950862884521484,0.25,NO,,,
31.203319502074688,7520,8.950862884521484,0.25,NO,,,
31.203319502074688,7520,8.950862884521484,0.25,NO,,,
31.244813278008298,7530,8.462920188903809,0.3125,NO,,,
31.244813278008298,7530,8.462920188903809,0.3125,NO,,,
31.244813278008298,7530,8.462920188903809,0.3125,NO,,,
31.244813278008298,7530,8.462920188903809,0.3125,NO,,,
31.244813278008298,7530,8.462920188903809,0.3125,NO,,,
31.244813278008298,7530,8.462920188903809,0.3125,NO,,,
31.244813278008298,7530,8.462920188903809,0.3125,NO,,,
31.244813278008298,7530,8.462920188903809,0.3125,NO,,,
31.244813278008298,7530,8.462920188903809,0.3125,NO,,,
31.244813278008298,7530,8.462920188903809,0.3125,NO,,,
31.286307053941908,7540,10.521017074584961,0.25,NO,,,
31.286307053941908,7540,10.521017074584961,0.25,NO,,,
31.286307053941908,7540,10.521017074584961,0.25,NO,,,
31.286307053941908,7540,10.521017074584961,0.25,NO,,,
31.286307053941908,7540,10.521017074584961,0.25,NO,,,
31.286307053941908,7540,10.521017074584961,0.25,NO,,,
31.286307053941908,7540,10.521017074584961,0.25,NO,,,
31.286307053941908,7540,10.521017074584961,0.25,NO,,,
31.286307053941908,7540,10.521017074584961,0.25,NO,,,
31.286307053941908,7540,10.521017074584961,0.25,NO,,,
31.327800829875518,7550,6.663154602050781,0.25,NO,,,
31.327800829875518,7550,6.663154602050781,0.25,NO,,,
31.327800829875518,7550,6.663154602050781,0.25,NO,,,
31.327800829875518,7550,6.663154602050781,0.25,NO,,,
31.327800829875518,7550,6.663154602050781,0.25,NO,,,
31.327800829875518,7550,6.663154602050781,0.25,NO,,,
31.327800829875518,7550,6.663154602050781,0.25,NO,,,
31.327800829875518,7550,6.663154602050781,0.25,NO,,,
31.327800829875518,7550,6.663154602050781,0.25,NO,,,
31.327800829875518,7550,6.663154602050781,0.25,NO,,,
31.369294605809127,7560,10.041549682617188,0.375,NO,,,
31.369294605809127,7560,10.041549682617188,0.375,NO,,,
31.369294605809127,7560,10.041549682617188,0.375,NO,,,
31.369294605809127,7560,10.041549682617188,0.375,NO,,,
31.369294605809127,7560,10.041549682617188,0.375,NO,,,
31.369294605809127,7560,10.041549682617188,0.375,NO,,,
31.369294605809127,7560,10.041549682617188,0.375,NO,,,
31.369294605809127,7560,10.041549682617188,0.375,NO,,,
31.369294605809127,7560,10.041549682617188,0.375,NO,,,
31.369294605809127,7560,10.041549682617188,0.375,NO,,,
31.410788381742737,7570,7.671344757080078,0.40625,NO,,,
31.410788381742737,7570,7.671344757080078,0.40625,NO,,,
31.410788381742737,7570,7.671344757080078,0.40625,NO,,,
31.410788381742737,7570,7.671344757080078,0.40625,NO,,,
31.410788381742737,7570,7.671344757080078,0.40625,NO,,,
31.410788381742737,7570,7.671344757080078,0.40625,NO,,,
31.410788381742737,7570,7.671344757080078,0.40625,NO,,,
31.410788381742737,7570,7.671344757080078,0.40625,NO,,,
31.410788381742737,7570,7.671344757080078,0.40625,NO,,,
31.410788381742737,7570,7.671344757080078,0.40625,NO,,,
31.452282157676347,7580,11.967860221862793,0.3125,NO,,,
31.452282157676347,7580,11.967860221862793,0.3125,NO,,,
31.452282157676347,7580,11.967860221862793,0.3125,NO,,,
31.452282157676347,7580,11.967860221862793,0.3125,NO,,,
31.452282157676347,7580,11.967860221862793,0.3125,NO,,,
31.452282157676347,7580,11.967860221862793,0.3125,NO,,,
31.452282157676347,7580,11.967860221862793,0.3125,NO,,,
31.452282157676347,7580,11.967860221862793,0.3125,NO,,,
31.452282157676347,7580,11.967860221862793,0.3125,NO,,,
31.452282157676347,7580,11.967860221862793,0.3125,NO,,,
31.49377593360996,7590,12.761598587036133,0.34375,NO,,,
31.49377593360996,7590,12.761598587036133,0.34375,NO,,,
31.49377593360996,7590,12.761598587036133,0.34375,NO,,,
31.49377593360996,7590,12.761598587036133,0.34375,NO,,,
31.49377593360996,7590,12.761598587036133,0.34375,NO,,,
31.49377593360996,7590,12.761598587036133,0.34375,NO,,,
31.49377593360996,7590,12.761598587036133,0.34375,NO,,,
31.49377593360996,7590,12.761598587036133,0.34375,NO,,,
31.49377593360996,7590,12.761598587036133,0.34375,NO,,,
31.49377593360996,7590,12.761598587036133,0.34375,NO,,,
31.53526970954357,7600,11.730992317199707,0.28125,NO,,,
31.53526970954357,7600,11.730992317199707,0.28125,NO,,,
31.53526970954357,7600,11.730992317199707,0.28125,NO,,,
31.53526970954357,7600,11.730992317199707,0.28125,NO,,,
31.53526970954357,7600,11.730992317199707,0.28125,NO,,,
31.53526970954357,7600,11.730992317199707,0.28125,NO,,,
31.53526970954357,7600,11.730992317199707,0.28125,NO,,,
31.53526970954357,7600,11.730992317199707,0.28125,NO,,,
31.53526970954357,7600,11.730992317199707,0.28125,NO,,,
31.53526970954357,7600,11.730992317199707,0.28125,NO,,,
31.57676348547718,7610,14.526373863220215,0.21875,NO,,,
31.57676348547718,7610,14.526373863220215,0.21875,NO,,,
31.57676348547718,7610,14.526373863220215,0.21875,NO,,,
31.57676348547718,7610,14.526373863220215,0.21875,NO,,,
31.57676348547718,7610,14.526373863220215,0.21875,NO,,,
31.57676348547718,7610,14.526373863220215,0.21875,NO,,,
31.57676348547718,7610,14.526373863220215,0.21875,NO,,,
31.57676348547718,7610,14.526373863220215,0.21875,NO,,,
31.57676348547718,7610,14.526373863220215,0.21875,NO,,,
31.57676348547718,7610,14.526373863220215,0.21875,NO,,,
31.61825726141079,7620,17.763671875,0.1875,NO,,,
31.61825726141079,7620,17.763671875,0.1875,NO,,,
31.61825726141079,7620,17.763671875,0.1875,NO,,,
31.61825726141079,7620,17.763671875,0.1875,NO,,,
31.61825726141079,7620,17.763671875,0.1875,NO,,,
31.61825726141079,7620,17.763671875,0.1875,NO,,,
31.61825726141079,7620,17.763671875,0.1875,NO,,,
31.61825726141079,7620,17.763671875,0.1875,NO,,,
31.61825726141079,7620,17.763671875,0.1875,NO,,,
31.61825726141079,7620,17.763671875,0.1875,NO,,,
31.6597510373444,7630,16.7646484375,0.3125,NO,,,
31.6597510373444,7630,16.7646484375,0.3125,NO,,,
31.6597510373444,7630,16.7646484375,0.3125,NO,,,
31.6597510373444,7630,16.7646484375,0.3125,NO,,,
31.6597510373444,7630,16.7646484375,0.3125,NO,,,
31.6597510373444,7630,16.7646484375,0.3125,NO,,,
31.6597510373444,7630,16.7646484375,0.3125,NO,,,
31.6597510373444,7630,16.7646484375,0.3125,NO,,,
31.6597510373444,7630,16.7646484375,0.3125,NO,,,
31.6597510373444,7630,16.7646484375,0.3125,NO,,,
31.70124481327801,7640,21.30078125,0.1875,NO,,,
31.70124481327801,7640,21.30078125,0.1875,NO,,,
31.70124481327801,7640,21.30078125,0.1875,NO,,,
31.70124481327801,7640,21.30078125,0.1875,NO,,,
31.70124481327801,7640,21.30078125,0.1875,NO,,,
31.70124481327801,7640,21.30078125,0.1875,NO,,,
31.70124481327801,7640,21.30078125,0.1875,NO,,,
31.70124481327801,7640,21.30078125,0.1875,NO,,,
31.70124481327801,7640,21.30078125,0.1875,NO,,,
31.70124481327801,7640,21.30078125,0.1875,NO,,,
31.74273858921162,7650,20.33349609375,0.25,NO,,,
31.74273858921162,7650,20.33349609375,0.25,NO,,,
31.74273858921162,7650,20.33349609375,0.25,NO,,,
31.74273858921162,7650,20.33349609375,0.25,NO,,,
31.74273858921162,7650,20.33349609375,0.25,NO,,,
31.74273858921162,7650,20.33349609375,0.25,NO,,,
31.74273858921162,7650,20.33349609375,0.25,NO,,,
31.74273858921162,7650,20.33349609375,0.25,NO,,,
31.74273858921162,7650,20.33349609375,0.25,NO,,,
31.74273858921162,7650,20.33349609375,0.25,NO,,,
31.78423236514523,7660,19.44580078125,0.25,NO,,,
31.78423236514523,7660,19.44580078125,0.25,NO,,,
31.78423236514523,7660,19.44580078125,0.25,NO,,,
31.78423236514523,7660,19.44580078125,0.25,NO,,,
31.78423236514523,7660,19.44580078125,0.25,NO,,,
31.78423236514523,7660,19.44580078125,0.25,NO,,,
31.78423236514523,7660,19.44580078125,0.25,NO,,,
31.78423236514523,7660,19.44580078125,0.25,NO,,,
31.78423236514523,7660,19.44580078125,0.25,NO,,,
31.78423236514523,7660,19.44580078125,0.25,NO,,,
31.82572614107884,7670,16.97705078125,0.3125,NO,,,
31.82572614107884,7670,16.97705078125,0.3125,NO,,,
31.82572614107884,7670,16.97705078125,0.3125,NO,,,
31.82572614107884,7670,16.97705078125,0.3125,NO,,,
31.82572614107884,7670,16.97705078125,0.3125,NO,,,
31.82572614107884,7670,16.97705078125,0.3125,NO,,,
31.82572614107884,7670,16.97705078125,0.3125,NO,,,
31.82572614107884,7670,16.97705078125,0.3125,NO,,,
31.82572614107884,7670,16.97705078125,0.3125,NO,,,
31.82572614107884,7670,16.97705078125,0.3125,NO,,,
31.86721991701245,7680,18.466796875,0.25,NO,,,
31.86721991701245,7680,18.466796875,0.25,NO,,,
31.86721991701245,7680,18.466796875,0.25,NO,,,
31.86721991701245,7680,18.466796875,0.25,NO,,,
31.86721991701245,7680,18.466796875,0.25,NO,,,
31.86721991701245,7680,18.466796875,0.25,NO,,,
31.86721991701245,7680,18.466796875,0.25,NO,,,
31.86721991701245,7680,18.466796875,0.25,NO,,,
31.86721991701245,7680,18.466796875,0.25,NO,,,
31.86721991701245,7680,18.466796875,0.25,NO,,,
31.90871369294606,7690,15.193115234375,0.40625,NO,,,
31.90871369294606,7690,15.193115234375,0.40625,NO,,,
31.90871369294606,7690,15.193115234375,0.40625,NO,,,
31.90871369294606,7690,15.193115234375,0.40625,NO,,,
31.90871369294606,7690,15.193115234375,0.40625,NO,,,
31.90871369294606,7690,15.193115234375,0.40625,NO,,,
31.90871369294606,7690,15.193115234375,0.40625,NO,,,
31.90871369294606,7690,15.193115234375,0.40625,NO,,,
31.90871369294606,7690,15.193115234375,0.40625,NO,,,
31.90871369294606,7690,15.193115234375,0.40625,NO,,,
31.95020746887967,7700,18.77490234375,0.25,NO,,,
31.95020746887967,7700,18.77490234375,0.25,NO,,,
31.95020746887967,7700,18.77490234375,0.25,NO,,,
31.95020746887967,7700,18.77490234375,0.25,NO,,,
31.95020746887967,7700,18.77490234375,0.25,NO,,,
31.95020746887967,7700,18.77490234375,0.25,NO,,,
31.95020746887967,7700,18.77490234375,0.25,NO,,,
31.95020746887967,7700,18.77490234375,0.25,NO,,,
31.95020746887967,7700,18.77490234375,0.25,NO,,,
31.95020746887967,7700,18.77490234375,0.25,NO,,,
31.991701244813278,7710,21.0419921875,0.1875,NO,,,
31.991701244813278,7710,21.0419921875,0.1875,NO,,,
31.991701244813278,7710,21.0419921875,0.1875,NO,,,
31.991701244813278,7710,21.0419921875,0.1875,NO,,,
31.991701244813278,7710,21.0419921875,0.1875,NO,,,
31.991701244813278,7710,21.0419921875,0.1875,NO,,,
31.991701244813278,7710,21.0419921875,0.1875,NO,,,
31.991701244813278,7710,21.0419921875,0.1875,NO,,,
31.991701244813278,7710,21.0419921875,0.1875,NO,,,
31.991701244813278,7710,21.0419921875,0.1875,NO,,,
32.03319502074689,7720,18.208984375,0.28125,NO,,,
32.03319502074689,7720,18.208984375,0.28125,NO,,,
32.03319502074689,7720,18.208984375,0.28125,NO,,,
32.03319502074689,7720,18.208984375,0.28125,NO,,,
32.03319502074689,7720,18.208984375,0.28125,NO,,,
32.03319502074689,7720,18.208984375,0.28125,NO,,,
32.03319502074689,7720,18.208984375,0.28125,NO,,,
32.03319502074689,7720,18.208984375,0.28125,NO,,,
32.03319502074689,7720,18.208984375,0.28125,NO,,,
32.03319502074689,7720,18.208984375,0.28125,NO,,,
32.0746887966805,7730,17.16015625,0.28125,NO,,,
32.0746887966805,7730,17.16015625,0.28125,NO,,,
32.0746887966805,7730,17.16015625,0.28125,NO,,,
32.0746887966805,7730,17.16015625,0.28125,NO,,,
32.0746887966805,7730,17.16015625,0.28125,NO,,,
32.0746887966805,7730,17.16015625,0.28125,NO,,,
32.0746887966805,7730,17.16015625,0.28125,NO,,,
32.0746887966805,7730,17.16015625,0.28125,NO,,,
32.0746887966805,7730,17.16015625,0.28125,NO,,,
32.0746887966805,7730,17.16015625,0.28125,NO,,,
32.11618257261411,7740,19.90576171875,0.15625,NO,,,
32.11618257261411,7740,19.90576171875,0.15625,NO,,,
32.11618257261411,7740,19.90576171875,0.15625,NO,,,
32.11618257261411,7740,19.90576171875,0.15625,NO,,,
32.11618257261411,7740,19.90576171875,0.15625,NO,,,
32.11618257261411,7740,19.90576171875,0.15625,NO,,,
32.11618257261411,7740,19.90576171875,0.15625,NO,,,
32.11618257261411,7740,19.90576171875,0.15625,NO,,,
32.11618257261411,7740,19.90576171875,0.15625,NO,,,
32.11618257261411,7740,19.90576171875,0.15625,NO,,,
32.15767634854772,7750,18.56787109375,0.21875,NO,,,
32.15767634854772,7750,18.56787109375,0.21875,NO,,,
32.15767634854772,7750,18.56787109375,0.21875,NO,,,
32.15767634854772,7750,18.56787109375,0.21875,NO,,,
32.15767634854772,7750,18.56787109375,0.21875,NO,,,
32.15767634854772,7750,18.56787109375,0.21875,NO,,,
32.15767634854772,7750,18.56787109375,0.21875,NO,,,
32.15767634854772,7750,18.56787109375,0.21875,NO,,,
32.15767634854772,7750,18.56787109375,0.21875,NO,,,
32.15767634854772,7750,18.56787109375,0.21875,NO,,,
32.19917012448133,7760,20.31982421875,0.21875,NO,,,
32.19917012448133,7760,20.31982421875,0.21875,NO,,,
32.19917012448133,7760,20.31982421875,0.21875,NO,,,
32.19917012448133,7760,20.31982421875,0.21875,NO,,,
32.19917012448133,7760,20.31982421875,0.21875,NO,,,
32.19917012448133,7760,20.31982421875,0.21875,NO,,,
32.19917012448133,7760,20.31982421875,0.21875,NO,,,
32.19917012448133,7760,20.31982421875,0.21875,NO,,,
32.19917012448133,7760,20.31982421875,0.21875,NO,,,
32.19917012448133,7760,20.31982421875,0.21875,NO,,,
32.24066390041494,7770,14.994873046875,0.28125,NO,,,
32.24066390041494,7770,14.994873046875,0.28125,NO,,,
32.24066390041494,7770,14.994873046875,0.28125,NO,,,
32.24066390041494,7770,14.994873046875,0.28125,NO,,,
32.24066390041494,7770,14.994873046875,0.28125,NO,,,
32.24066390041494,7770,14.994873046875,0.28125,NO,,,
32.24066390041494,7770,14.994873046875,0.28125,NO,,,
32.24066390041494,7770,14.994873046875,0.28125,NO,,,
32.24066390041494,7770,14.994873046875,0.28125,NO,,,
32.24066390041494,7770,14.994873046875,0.28125,NO,,,
32.28215767634855,7780,14.8017578125,0.3125,NO,,,
32.28215767634855,7780,14.8017578125,0.3125,NO,,,
32.28215767634855,7780,14.8017578125,0.3125,NO,,,
32.28215767634855,7780,14.8017578125,0.3125,NO,,,
32.28215767634855,7780,14.8017578125,0.3125,NO,,,
32.28215767634855,7780,14.8017578125,0.3125,NO,,,
32.28215767634855,7780,14.8017578125,0.3125,NO,,,
32.28215767634855,7780,14.8017578125,0.3125,NO,,,
32.28215767634855,7780,14.8017578125,0.3125,NO,,,
32.28215767634855,7780,14.8017578125,0.3125,NO,,,
32.32365145228216,7790,17.73095703125,0.21875,NO,,,
32.32365145228216,7790,17.73095703125,0.21875,NO,,,
32.32365145228216,7790,17.73095703125,0.21875,NO,,,
32.32365145228216,7790,17.73095703125,0.21875,NO,,,
32.32365145228216,7790,17.73095703125,0.21875,NO,,,
32.32365145228216,7790,17.73095703125,0.21875,NO,,,
32.32365145228216,7790,17.73095703125,0.21875,NO,,,
32.32365145228216,7790,17.73095703125,0.21875,NO,,,
32.32365145228216,7790,17.73095703125,0.21875,NO,,,
32.32365145228216,7790,17.73095703125,0.21875,NO,,,
32.365145228215766,7800,15.697998046875,0.25,NO,,,
32.365145228215766,7800,15.697998046875,0.25,NO,,,
32.365145228215766,7800,15.697998046875,0.25,NO,,,
32.365145228215766,7800,15.697998046875,0.25,NO,,,
32.365145228215766,7800,15.697998046875,0.25,NO,,,
32.365145228215766,7800,15.697998046875,0.25,NO,,,
32.365145228215766,7800,15.697998046875,0.25,NO,,,
32.365145228215766,7800,15.697998046875,0.25,NO,,,
32.365145228215766,7800,15.697998046875,0.25,NO,,,
32.365145228215766,7800,15.697998046875,0.25,NO,,,
32.406639004149376,7810,19.739990234375,0.1875,NO,,,
32.406639004149376,7810,19.739990234375,0.1875,NO,,,
32.406639004149376,7810,19.739990234375,0.1875,NO,,,
32.406639004149376,7810,19.739990234375,0.1875,NO,,,
32.406639004149376,7810,19.739990234375,0.1875,NO,,,
32.406639004149376,7810,19.739990234375,0.1875,NO,,,
32.406639004149376,7810,19.739990234375,0.1875,NO,,,
32.406639004149376,7810,19.739990234375,0.1875,NO,,,
32.406639004149376,7810,19.739990234375,0.1875,NO,,,
32.406639004149376,7810,19.739990234375,0.1875,NO,,,
32.448132780082986,7820,14.354248046875,0.375,NO,,,
32.448132780082986,7820,14.354248046875,0.375,NO,,,
32.448132780082986,7820,14.354248046875,0.375,NO,,,
32.448132780082986,7820,14.354248046875,0.375,NO,,,
32.448132780082986,7820,14.354248046875,0.375,NO,,,
32.448132780082986,7820,14.354248046875,0.375,NO,,,
32.448132780082986,7820,14.354248046875,0.375,NO,,,
32.448132780082986,7820,14.354248046875,0.375,NO,,,
32.448132780082986,7820,14.354248046875,0.375,NO,,,
32.448132780082986,7820,14.354248046875,0.375,NO,,,
32.489626556016596,7830,16.183349609375,0.3125,NO,,,
32.489626556016596,7830,16.183349609375,0.3125,NO,,,
32.489626556016596,7830,16.183349609375,0.3125,NO,,,
32.489626556016596,7830,16.183349609375,0.3125,NO,,,
32.489626556016596,7830,16.183349609375,0.3125,NO,,,
32.489626556016596,7830,16.183349609375,0.3125,NO,,,
32.489626556016596,7830,16.183349609375,0.3125,NO,,,
32.489626556016596,7830,16.183349609375,0.3125,NO,,,
32.489626556016596,7830,16.183349609375,0.3125,NO,,,
32.489626556016596,7830,16.183349609375,0.3125,NO,,,
32.531120331950206,7840,15.8037109375,0.25,NO,,,
32.531120331950206,7840,15.8037109375,0.25,NO,,,
32.531120331950206,7840,15.8037109375,0.25,NO,,,
32.531120331950206,7840,15.8037109375,0.25,NO,,,
32.531120331950206,7840,15.8037109375,0.25,NO,,,
32.531120331950206,7840,15.8037109375,0.25,NO,,,
32.531120331950206,7840,15.8037109375,0.25,NO,,,
32.531120331950206,7840,15.8037109375,0.25,NO,,,
32.531120331950206,7840,15.8037109375,0.25,NO,,,
32.531120331950206,7840,15.8037109375,0.25,NO,,,
32.572614107883815,7850,15.0478515625,0.34375,NO,,,
32.572614107883815,7850,15.0478515625,0.34375,NO,,,
32.572614107883815,7850,15.0478515625,0.34375,NO,,,
32.572614107883815,7850,15.0478515625,0.34375,NO,,,
32.572614107883815,7850,15.0478515625,0.34375,NO,,,
32.572614107883815,7850,15.0478515625,0.34375,NO,,,
32.572614107883815,7850,15.0478515625,0.34375,NO,,,
32.572614107883815,7850,15.0478515625,0.34375,NO,,,
32.572614107883815,7850,15.0478515625,0.34375,NO,,,
32.572614107883815,7850,15.0478515625,0.34375,NO,,,
32.614107883817425,7860,14.051513671875,0.3125,NO,,,
32.614107883817425,7860,14.051513671875,0.3125,NO,,,
32.614107883817425,7860,14.051513671875,0.3125,NO,,,
32.614107883817425,7860,14.051513671875,0.3125,NO,,,
32.614107883817425,7860,14.051513671875,0.3125,NO,,,
32.614107883817425,7860,14.051513671875,0.3125,NO,,,
32.614107883817425,7860,14.051513671875,0.3125,NO,,,
32.614107883817425,7860,14.051513671875,0.3125,NO,,,
32.614107883817425,7860,14.051513671875,0.3125,NO,,,
32.614107883817425,7860,14.051513671875,0.3125,NO,,,
32.655601659751035,7870,15.171875,0.28125,NO,,,
32.655601659751035,7870,15.171875,0.28125,NO,,,
32.655601659751035,7870,15.171875,0.28125,NO,,,
32.655601659751035,7870,15.171875,0.28125,NO,,,
32.655601659751035,7870,15.171875,0.28125,NO,,,
32.655601659751035,7870,15.171875,0.28125,NO,,,
32.655601659751035,7870,15.171875,0.28125,NO,,,
32.655601659751035,7870,15.171875,0.28125,NO,,,
32.655601659751035,7870,15.171875,0.28125,NO,,,
32.655601659751035,7870,15.171875,0.28125,NO,,,
32.697095435684645,7880,16.1796875,0.1875,NO,,,
32.697095435684645,7880,16.1796875,0.1875,NO,,,
32.697095435684645,7880,16.1796875,0.1875,NO,,,
32.697095435684645,7880,16.1796875,0.1875,NO,,,
32.697095435684645,7880,16.1796875,0.1875,NO,,,
32.697095435684645,7880,16.1796875,0.1875,NO,,,
32.697095435684645,7880,16.1796875,0.1875,NO,,,
32.697095435684645,7880,16.1796875,0.1875,NO,,,
32.697095435684645,7880,16.1796875,0.1875,NO,,,
32.697095435684645,7880,16.1796875,0.1875,NO,,,
32.738589211618255,7890,15.125732421875,0.25,NO,,,
32.738589211618255,7890,15.125732421875,0.25,NO,,,
32.738589211618255,7890,15.125732421875,0.25,NO,,,
32.738589211618255,7890,15.125732421875,0.25,NO,,,
32.738589211618255,7890,15.125732421875,0.25,NO,,,
32.738589211618255,7890,15.125732421875,0.25,NO,,,
32.738589211618255,7890,15.125732421875,0.25,NO,,,
32.738589211618255,7890,15.125732421875,0.25,NO,,,
32.738589211618255,7890,15.125732421875,0.25,NO,,,
32.738589211618255,7890,15.125732421875,0.25,NO,,,
32.780082987551864,7900,16.489013671875,0.15625,NO,,,
32.780082987551864,7900,16.489013671875,0.15625,NO,,,
32.780082987551864,7900,16.489013671875,0.15625,NO,,,
32.780082987551864,7900,16.489013671875,0.15625,NO,,,
32.780082987551864,7900,16.489013671875,0.15625,NO,,,
32.780082987551864,7900,16.489013671875,0.15625,NO,,,
32.780082987551864,7900,16.489013671875,0.15625,NO,,,
32.780082987551864,7900,16.489013671875,0.15625,NO,,,
32.780082987551864,7900,16.489013671875,0.15625,NO,,,
32.780082987551864,7900,16.489013671875,0.15625,NO,,,
32.821576763485474,7910,9.739449501037598,0.34375,NO,,,
32.821576763485474,7910,9.739449501037598,0.34375,NO,,,
32.821576763485474,7910,9.739449501037598,0.34375,NO,,,
32.821576763485474,7910,9.739449501037598,0.34375,NO,,,
32.821576763485474,7910,9.739449501037598,0.34375,NO,,,
32.821576763485474,7910,9.739449501037598,0.34375,NO,,,
32.821576763485474,7910,9.739449501037598,0.34375,NO,,,
32.821576763485474,7910,9.739449501037598,0.34375,NO,,,
32.821576763485474,7910,9.739449501037598,0.34375,NO,,,
32.821576763485474,7910,9.739449501037598,0.34375,NO,,,
32.863070539419084,7920,9.649242401123047,0.3125,NO,,,
32.863070539419084,7920,9.649242401123047,0.3125,NO,,,
32.863070539419084,7920,9.649242401123047,0.3125,NO,,,
32.863070539419084,7920,9.649242401123047,0.3125,NO,,,
32.863070539419084,7920,9.649242401123047,0.3125,NO,,,
32.863070539419084,7920,9.649242401123047,0.3125,NO,,,
32.863070539419084,7920,9.649242401123047,0.3125,NO,,,
32.863070539419084,7920,9.649242401123047,0.3125,NO,,,
32.863070539419084,7920,9.649242401123047,0.3125,NO,,,
32.863070539419084,7920,9.649242401123047,0.3125,NO,,,
32.904564315352694,7930,10.478168487548828,0.21875,NO,,,
32.904564315352694,7930,10.478168487548828,0.21875,NO,,,
32.904564315352694,7930,10.478168487548828,0.21875,NO,,,
32.904564315352694,7930,10.478168487548828,0.21875,NO,,,
32.904564315352694,7930,10.478168487548828,0.21875,NO,,,
32.904564315352694,7930,10.478168487548828,0.21875,NO,,,
32.904564315352694,7930,10.478168487548828,0.21875,NO,,,
32.904564315352694,7930,10.478168487548828,0.21875,NO,,,
32.904564315352694,7930,10.478168487548828,0.21875,NO,,,
32.904564315352694,7930,10.478168487548828,0.21875,NO,,,
32.946058091286304,7940,10.00579833984375,0.34375,NO,,,
32.946058091286304,7940,10.00579833984375,0.34375,NO,,,
32.946058091286304,7940,10.00579833984375,0.34375,NO,,,
32.946058091286304,7940,10.00579833984375,0.34375,NO,,,
32.946058091286304,7940,10.00579833984375,0.34375,NO,,,
32.946058091286304,7940,10.00579833984375,0.34375,NO,,,
32.946058091286304,7940,10.00579833984375,0.34375,NO,,,
32.946058091286304,7940,10.00579833984375,0.34375,NO,,,
32.946058091286304,7940,10.00579833984375,0.34375,NO,,,
32.946058091286304,7940,10.00579833984375,0.34375,NO,,,
32.98755186721992,7950,13.472999572753906,0.15625,NO,,,
32.98755186721992,7950,13.472999572753906,0.15625,NO,,,
32.98755186721992,7950,13.472999572753906,0.15625,NO,,,
32.98755186721992,7950,13.472999572753906,0.15625,NO,,,
32.98755186721992,7950,13.472999572753906,0.15625,NO,,,
32.98755186721992,7950,13.472999572753906,0.15625,NO,,,
32.98755186721992,7950,13.472999572753906,0.15625,NO,,,
32.98755186721992,7950,13.472999572753906,0.15625,NO,,,
32.98755186721992,7950,13.472999572753906,0.15625,NO,,,
32.98755186721992,7950,13.472999572753906,0.15625,NO,,,
33.02904564315353,7960,10.744823455810547,0.1875,NO,,,
33.02904564315353,7960,10.744823455810547,0.1875,NO,,,
33.02904564315353,7960,10.744823455810547,0.1875,NO,,,
33.02904564315353,7960,10.744823455810547,0.1875,NO,,,
33.02904564315353,7960,10.744823455810547,0.1875,NO,,,
33.02904564315353,7960,10.744823455810547,0.1875,NO,,,
33.02904564315353,7960,10.744823455810547,0.1875,NO,,,
33.02904564315353,7960,10.744823455810547,0.1875,NO,,,
33.02904564315353,7960,10.744823455810547,0.1875,NO,,,
33.02904564315353,7960,10.744823455810547,0.1875,NO,,,
33.07053941908714,7970,13.164388656616211,0.1875,NO,,,
33.07053941908714,7970,13.164388656616211,0.1875,NO,,,
33.07053941908714,7970,13.164388656616211,0.1875,NO,,,
33.07053941908714,7970,13.164388656616211,0.1875,NO,,,
33.07053941908714,7970,13.164388656616211,0.1875,NO,,,
33.07053941908714,7970,13.164388656616211,0.1875,NO,,,
33.07053941908714,7970,13.164388656616211,0.1875,NO,,,
33.07053941908714,7970,13.164388656616211,0.1875,NO,,,
33.07053941908714,7970,13.164388656616211,0.1875,NO,,,
33.07053941908714,7970,13.164388656616211,0.1875,NO,,,
33.11203319502075,7980,13.8565673828125,0.09375,NO,,,
33.11203319502075,7980,13.8565673828125,0.09375,NO,,,
33.11203319502075,7980,13.8565673828125,0.09375,NO,,,
33.11203319502075,7980,13.8565673828125,0.09375,NO,,,
33.11203319502075,7980,13.8565673828125,0.09375,NO,,,
33.11203319502075,7980,13.8565673828125,0.09375,NO,,,
33.11203319502075,7980,13.8565673828125,0.09375,NO,,,
33.11203319502075,7980,13.8565673828125,0.09375,NO,,,
33.11203319502075,7980,13.8565673828125,0.09375,NO,,,
33.11203319502075,7980,13.8565673828125,0.09375,NO,,,
33.15352697095436,7990,14.701126098632812,0.21875,NO,,,
33.15352697095436,7990,14.701126098632812,0.21875,NO,,,
33.15352697095436,7990,14.701126098632812,0.21875,NO,,,
33.15352697095436,7990,14.701126098632812,0.21875,NO,,,
33.15352697095436,7990,14.701126098632812,0.21875,NO,,,
33.15352697095436,7990,14.701126098632812,0.21875,NO,,,
33.15352697095436,7990,14.701126098632812,0.21875,NO,,,
33.15352697095436,7990,14.701126098632812,0.21875,NO,,,
33.15352697095436,7990,14.701126098632812,0.21875,NO,,,
33.15352697095436,7990,14.701126098632812,0.21875,YES,11.743946075439453,0.15105386416861827,23.595532035827638
33.19502074688797,8000,11.419708251953125,0.09375,NO,,,
33.19502074688797,8000,11.419708251953125,0.09375,NO,,,
33.19502074688797,8000,11.419708251953125,0.09375,NO,,,
33.19502074688797,8000,11.419708251953125,0.09375,NO,,,
33.19502074688797,8000,11.419708251953125,0.09375,NO,,,
33.19502074688797,8000,11.419708251953125,0.09375,NO,,,
33.19502074688797,8000,11.419708251953125,0.09375,NO,,,
33.19502074688797,8000,11.419708251953125,0.09375,NO,,,
33.19502074688797,8000,11.419708251953125,0.09375,NO,,,
33.19502074688797,8000,11.419708251953125,0.09375,NO,,,
33.23651452282158,8010,9.911018371582031,0.375,NO,,,
33.23651452282158,8010,9.911018371582031,0.375,NO,,,
33.23651452282158,8010,9.911018371582031,0.375,NO,,,
33.23651452282158,8010,9.911018371582031,0.375,NO,,,
33.23651452282158,8010,9.911018371582031,0.375,NO,,,
33.23651452282158,8010,9.911018371582031,0.375,NO,,,
33.23651452282158,8010,9.911018371582031,0.375,NO,,,
33.23651452282158,8010,9.911018371582031,0.375,NO,,,
33.23651452282158,8010,9.911018371582031,0.375,NO,,,
33.23651452282158,8010,9.911018371582031,0.375,NO,,,
33.27800829875519,8020,11.747329711914062,0.3125,NO,,,
33.27800829875519,8020,11.747329711914062,0.3125,NO,,,
33.27800829875519,8020,11.747329711914062,0.3125,NO,,,
33.27800829875519,8020,11.747329711914062,0.3125,NO,,,
33.27800829875519,8020,11.747329711914062,0.3125,NO,,,
33.27800829875519,8020,11.747329711914062,0.3125,NO,,,
33.27800829875519,8020,11.747329711914062,0.3125,NO,,,
33.27800829875519,8020,11.747329711914062,0.3125,NO,,,
33.27800829875519,8020,11.747329711914062,0.3125,NO,,,
33.27800829875519,8020,11.747329711914062,0.3125,NO,,,
33.3195020746888,8030,11.673107147216797,0.3125,NO,,,
33.3195020746888,8030,11.673107147216797,0.3125,NO,,,
33.3195020746888,8030,11.673107147216797,0.3125,NO,,,
33.3195020746888,8030,11.673107147216797,0.3125,NO,,,
33.3195020746888,8030,11.673107147216797,0.3125,NO,,,
33.3195020746888,8030,11.673107147216797,0.3125,NO,,,
33.3195020746888,8030,11.673107147216797,0.3125,NO,,,
33.3195020746888,8030,11.673107147216797,0.3125,NO,,,
33.3195020746888,8030,11.673107147216797,0.3125,NO,,,
33.3195020746888,8030,11.673107147216797,0.3125,NO,,,
33.36099585062241,8040,13.733475685119629,0.34375,NO,,,
33.36099585062241,8040,13.733475685119629,0.34375,NO,,,
33.36099585062241,8040,13.733475685119629,0.34375,NO,,,
33.36099585062241,8040,13.733475685119629,0.34375,NO,,,
33.36099585062241,8040,13.733475685119629,0.34375,NO,,,
33.36099585062241,8040,13.733475685119629,0.34375,NO,,,
33.36099585062241,8040,13.733475685119629,0.34375,NO,,,
33.36099585062241,8040,13.733475685119629,0.34375,NO,,,
33.36099585062241,8040,13.733475685119629,0.34375,NO,,,
33.36099585062241,8040,13.733475685119629,0.34375,NO,,,
33.40248962655602,8050,9.944003105163574,0.4375,NO,,,
33.40248962655602,8050,9.944003105163574,0.4375,NO,,,
33.40248962655602,8050,9.944003105163574,0.4375,NO,,,
33.40248962655602,8050,9.944003105163574,0.4375,NO,,,
33.40248962655602,8050,9.944003105163574,0.4375,NO,,,
33.40248962655602,8050,9.944003105163574,0.4375,NO,,,
33.40248962655602,8050,9.944003105163574,0.4375,NO,,,
33.40248962655602,8050,9.944003105163574,0.4375,NO,,,
33.40248962655602,8050,9.944003105163574,0.4375,NO,,,
33.40248962655602,8050,9.944003105163574,0.4375,NO,,,
33.44398340248963,8060,10.582939147949219,0.125,NO,,,
33.44398340248963,8060,10.582939147949219,0.125,NO,,,
33.44398340248963,8060,10.582939147949219,0.125,NO,,,
33.44398340248963,8060,10.582939147949219,0.125,NO,,,
33.44398340248963,8060,10.582939147949219,0.125,NO,,,
33.44398340248963,8060,10.582939147949219,0.125,NO,,,
33.44398340248963,8060,10.582939147949219,0.125,NO,,,
33.44398340248963,8060,10.582939147949219,0.125,NO,,,
33.44398340248963,8060,10.582939147949219,0.125,NO,,,
33.44398340248963,8060,10.582939147949219,0.125,NO,,,
33.48547717842324,8070,11.824447631835938,0.25,NO,,,
33.48547717842324,8070,11.824447631835938,0.25,NO,,,
33.48547717842324,8070,11.824447631835938,0.25,NO,,,
33.48547717842324,8070,11.824447631835938,0.25,NO,,,
33.48547717842324,8070,11.824447631835938,0.25,NO,,,
33.48547717842324,8070,11.824447631835938,0.25,NO,,,
33.48547717842324,8070,11.824447631835938,0.25,NO,,,
33.48547717842324,8070,11.824447631835938,0.25,NO,,,
33.48547717842324,8070,11.824447631835938,0.25,NO,,,
33.48547717842324,8070,11.824447631835938,0.25,NO,,,
33.52697095435685,8080,14.561477661132812,0.1875,NO,,,
33.52697095435685,8080,14.561477661132812,0.1875,NO,,,
33.52697095435685,8080,14.561477661132812,0.1875,NO,,,
33.52697095435685,8080,14.561477661132812,0.1875,NO,,,
33.52697095435685,8080,14.561477661132812,0.1875,NO,,,
33.52697095435685,8080,14.561477661132812,0.1875,NO,,,
33.52697095435685,8080,14.561477661132812,0.1875,NO,,,
33.52697095435685,8080,14.561477661132812,0.1875,NO,,,
33.52697095435685,8080,14.561477661132812,0.1875,NO,,,
33.52697095435685,8080,14.561477661132812,0.1875,NO,,,
33.56846473029046,8090,14.005321502685547,0.1875,NO,,,
33.56846473029046,8090,14.005321502685547,0.1875,NO,,,
33.56846473029046,8090,14.005321502685547,0.1875,NO,,,
33.56846473029046,8090,14.005321502685547,0.1875,NO,,,
33.56846473029046,8090,14.005321502685547,0.1875,NO,,,
33.56846473029046,8090,14.005321502685547,0.1875,NO,,,
33.56846473029046,8090,14.005321502685547,0.1875,NO,,,
33.56846473029046,8090,14.005321502685547,0.1875,NO,,,
33.56846473029046,8090,14.005321502685547,0.1875,NO,,,
33.56846473029046,8090,14.005321502685547,0.1875,NO,,,
33.60995850622407,8100,13.365249633789062,0.3125,NO,,,
33.60995850622407,8100,13.365249633789062,0.3125,NO,,,
33.60995850622407,8100,13.365249633789062,0.3125,NO,,,
33.60995850622407,8100,13.365249633789062,0.3125,NO,,,
33.60995850622407,8100,13.365249633789062,0.3125,NO,,,
33.60995850622407,8100,13.365249633789062,0.3125,NO,,,
33.60995850622407,8100,13.365249633789062,0.3125,NO,,,
33.60995850622407,8100,13.365249633789062,0.3125,NO,,,
33.60995850622407,8100,13.365249633789062,0.3125,NO,,,
33.60995850622407,8100,13.365249633789062,0.3125,NO,,,
33.65145228215768,8110,13.028810501098633,0.3125,NO,,,
33.65145228215768,8110,13.028810501098633,0.3125,NO,,,
33.65145228215768,8110,13.028810501098633,0.3125,NO,,,
33.65145228215768,8110,13.028810501098633,0.3125,NO,,,
33.65145228215768,8110,13.028810501098633,0.3125,NO,,,
33.65145228215768,8110,13.028810501098633,0.3125,NO,,,
33.65145228215768,8110,13.028810501098633,0.3125,NO,,,
33.65145228215768,8110,13.028810501098633,0.3125,NO,,,
33.65145228215768,8110,13.028810501098633,0.3125,NO,,,
33.65145228215768,8110,13.028810501098633,0.3125,NO,,,
33.69294605809129,8120,11.890228271484375,0.3125,NO,,,
33.69294605809129,8120,11.890228271484375,0.3125,NO,,,
33.69294605809129,8120,11.890228271484375,0.3125,NO,,,
33.69294605809129,8120,11.890228271484375,0.3125,NO,,,
33.69294605809129,8120,11.890228271484375,0.3125,NO,,,
33.69294605809129,8120,11.890228271484375,0.3125,NO,,,
33.69294605809129,8120,11.890228271484375,0.3125,NO,,,
33.69294605809129,8120,11.890228271484375,0.3125,NO,,,
33.69294605809129,8120,11.890228271484375,0.3125,NO,,,
33.69294605809129,8120,11.890228271484375,0.3125,NO,,,
33.7344398340249,8130,13.227447509765625,0.21875,NO,,,
33.7344398340249,8130,13.227447509765625,0.21875,NO,,,
33.7344398340249,8130,13.227447509765625,0.21875,NO,,,
33.7344398340249,8130,13.227447509765625,0.21875,NO,,,
33.7344398340249,8130,13.227447509765625,0.21875,NO,,,
33.7344398340249,8130,13.227447509765625,0.21875,NO,,,
33.7344398340249,8130,13.227447509765625,0.21875,NO,,,
33.7344398340249,8130,13.227447509765625,0.21875,NO,,,
33.7344398340249,8130,13.227447509765625,0.21875,NO,,,
33.7344398340249,8130,13.227447509765625,0.21875,NO,,,
33.77593360995851,8140,15.31500244140625,0.21875,NO,,,
33.77593360995851,8140,15.31500244140625,0.21875,NO,,,
33.77593360995851,8140,15.31500244140625,0.21875,NO,,,
33.77593360995851,8140,15.31500244140625,0.21875,NO,,,
33.77593360995851,8140,15.31500244140625,0.21875,NO,,,
33.77593360995851,8140,15.31500244140625,0.21875,NO,,,
33.77593360995851,8140,15.31500244140625,0.21875,NO,,,
33.77593360995851,8140,15.31500244140625,0.21875,NO,,,
33.77593360995851,8140,15.31500244140625,0.21875,NO,,,
33.77593360995851,8140,15.31500244140625,0.21875,NO,,,
33.81742738589212,8150,11.976036071777344,0.3125,NO,,,
33.81742738589212,8150,11.976036071777344,0.3125,NO,,,
33.81742738589212,8150,11.976036071777344,0.3125,NO,,,
33.81742738589212,8150,11.976036071777344,0.3125,NO,,,
33.81742738589212,8150,11.976036071777344,0.3125,NO,,,
33.81742738589212,8150,11.976036071777344,0.3125,NO,,,
33.81742738589212,8150,11.976036071777344,0.3125,NO,,,
33.81742738589212,8150,11.976036071777344,0.3125,NO,,,
33.81742738589212,8150,11.976036071777344,0.3125,NO,,,
33.81742738589212,8150,11.976036071777344,0.3125,NO,,,
33.85892116182573,8160,10.456348419189453,0.375,NO,,,
33.85892116182573,8160,10.456348419189453,0.375,NO,,,
33.85892116182573,8160,10.456348419189453,0.375,NO,,,
33.85892116182573,8160,10.456348419189453,0.375,NO,,,
33.85892116182573,8160,10.456348419189453,0.375,NO,,,
33.85892116182573,8160,10.456348419189453,0.375,NO,,,
33.85892116182573,8160,10.456348419189453,0.375,NO,,,
33.85892116182573,8160,10.456348419189453,0.375,NO,,,
33.85892116182573,8160,10.456348419189453,0.375,NO,,,
33.85892116182573,8160,10.456348419189453,0.375,NO,,,
33.90041493775934,8170,13.591503143310547,0.25,NO,,,
33.90041493775934,8170,13.591503143310547,0.25,NO,,,
33.90041493775934,8170,13.591503143310547,0.25,NO,,,
33.90041493775934,8170,13.591503143310547,0.25,NO,,,
33.90041493775934,8170,13.591503143310547,0.25,NO,,,
33.90041493775934,8170,13.591503143310547,0.25,NO,,,
33.90041493775934,8170,13.591503143310547,0.25,NO,,,
33.90041493775934,8170,13.591503143310547,0.25,NO,,,
33.90041493775934,8170,13.591503143310547,0.25,NO,,,
33.90041493775934,8170,13.591503143310547,0.25,NO,,,
33.941908713692946,8180,9.61090087890625,0.40625,NO,,,
33.941908713692946,8180,9.61090087890625,0.40625,NO,,,
33.941908713692946,8180,9.61090087890625,0.40625,NO,,,
33.941908713692946,8180,9.61090087890625,0.40625,NO,,,
33.941908713692946,8180,9.61090087890625,0.40625,NO,,,
33.941908713692946,8180,9.61090087890625,0.40625,NO,,,
33.941908713692946,8180,9.61090087890625,0.40625,NO,,,
33.941908713692946,8180,9.61090087890625,0.40625,NO,,,
33.941908713692946,8180,9.61090087890625,0.40625,NO,,,
33.941908713692946,8180,9.61090087890625,0.40625,NO,,,
33.983402489626556,8190,9.888570785522461,0.28125,NO,,,
33.983402489626556,8190,9.888570785522461,0.28125,NO,,,
33.983402489626556,8190,9.888570785522461,0.28125,NO,,,
33.983402489626556,8190,9.888570785522461,0.28125,NO,,,
33.983402489626556,8190,9.888570785522461,0.28125,NO,,,
33.983402489626556,8190,9.888570785522461,0.28125,NO,,,
33.983402489626556,8190,9.888570785522461,0.28125,NO,,,
33.983402489626556,8190,9.888570785522461,0.28125,NO,,,
33.983402489626556,8190,9.888570785522461,0.28125,NO,,,
33.983402489626556,8190,9.888570785522461,0.28125,NO,,,
34.024896265560166,8200,11.41814136505127,0.21875,NO,,,
34.024896265560166,8200,11.41814136505127,0.21875,NO,,,
34.024896265560166,8200,11.41814136505127,0.21875,NO,,,
34.024896265560166,8200,11.41814136505127,0.21875,NO,,,
34.024896265560166,8200,11.41814136505127,0.21875,NO,,,
34.024896265560166,8200,11.41814136505127,0.21875,NO,,,
34.024896265560166,8200,11.41814136505127,0.21875,NO,,,
34.024896265560166,8200,11.41814136505127,0.21875,NO,,,
34.024896265560166,8200,11.41814136505127,0.21875,NO,,,
34.024896265560166,8200,11.41814136505127,0.21875,NO,,,
34.066390041493776,8210,10.246910095214844,0.25,NO,,,
34.066390041493776,8210,10.246910095214844,0.25,NO,,,
34.066390041493776,8210,10.246910095214844,0.25,NO,,,
34.066390041493776,8210,10.246910095214844,0.25,NO,,,
34.066390041493776,8210,10.246910095214844,0.25,NO,,,
34.066390041493776,8210,10.246910095214844,0.25,NO,,,
34.066390041493776,8210,10.246910095214844,0.25,NO,,,
34.066390041493776,8210,10.246910095214844,0.25,NO,,,
34.066390041493776,8210,10.246910095214844,0.25,NO,,,
34.066390041493776,8210,10.246910095214844,0.25,NO,,,
34.107883817427386,8220,7.2703680992126465,0.3125,NO,,,
34.107883817427386,8220,7.2703680992126465,0.3125,NO,,,
34.107883817427386,8220,7.2703680992126465,0.3125,NO,,,
34.107883817427386,8220,7.2703680992126465,0.3125,NO,,,
34.107883817427386,8220,7.2703680992126465,0.3125,NO,,,
34.107883817427386,8220,7.2703680992126465,0.3125,NO,,,
34.107883817427386,8220,7.2703680992126465,0.3125,NO,,,
34.107883817427386,8220,7.2703680992126465,0.3125,NO,,,
34.107883817427386,8220,7.2703680992126465,0.3125,NO,,,
34.107883817427386,8220,7.2703680992126465,0.3125,NO,,,
34.149377593360995,8230,9.923811912536621,0.25,NO,,,
34.149377593360995,8230,9.923811912536621,0.25,NO,,,
34.149377593360995,8230,9.923811912536621,0.25,NO,,,
34.149377593360995,8230,9.923811912536621,0.25,NO,,,
34.149377593360995,8230,9.923811912536621,0.25,NO,,,
34.149377593360995,8230,9.923811912536621,0.25,NO,,,
34.149377593360995,8230,9.923811912536621,0.25,NO,,,
34.149377593360995,8230,9.923811912536621,0.25,NO,,,
34.149377593360995,8230,9.923811912536621,0.25,NO,,,
34.149377593360995,8230,9.923811912536621,0.25,NO,,,
34.190871369294605,8240,9.639501571655273,0.25,NO,,,
34.190871369294605,8240,9.639501571655273,0.25,NO,,,
34.190871369294605,8240,9.639501571655273,0.25,NO,,,
34.190871369294605,8240,9.639501571655273,0.25,NO,,,
34.190871369294605,8240,9.639501571655273,0.25,NO,,,
34.190871369294605,8240,9.639501571655273,0.25,NO,,,
34.190871369294605,8240,9.639501571655273,0.25,NO,,,
34.190871369294605,8240,9.639501571655273,0.25,NO,,,
34.190871369294605,8240,9.639501571655273,0.25,NO,,,
34.190871369294605,8240,9.639501571655273,0.25,NO,,,
34.232365145228215,8250,11.281185150146484,0.25,NO,,,
34.232365145228215,8250,11.281185150146484,0.25,NO,,,
34.232365145228215,8250,11.281185150146484,0.25,NO,,,
34.232365145228215,8250,11.281185150146484,0.25,NO,,,
34.232365145228215,8250,11.281185150146484,0.25,NO,,,
34.232365145228215,8250,11.281185150146484,0.25,NO,,,
34.232365145228215,8250,11.281185150146484,0.25,NO,,,
34.232365145228215,8250,11.281185150146484,0.25,NO,,,
34.232365145228215,8250,11.281185150146484,0.25,NO,,,
34.232365145228215,8250,11.281185150146484,0.25,NO,,,
34.273858921161825,8260,13.14153003692627,0.15625,NO,,,
34.273858921161825,8260,13.14153003692627,0.15625,NO,,,
34.273858921161825,8260,13.14153003692627,0.15625,NO,,,
34.273858921161825,8260,13.14153003692627,0.15625,NO,,,
34.273858921161825,8260,13.14153003692627,0.15625,NO,,,
34.273858921161825,8260,13.14153003692627,0.15625,NO,,,
34.273858921161825,8260,13.14153003692627,0.15625,NO,,,
34.273858921161825,8260,13.14153003692627,0.15625,NO,,,
34.273858921161825,8260,13.14153003692627,0.15625,NO,,,
34.273858921161825,8260,13.14153003692627,0.15625,NO,,,
34.315352697095435,8270,11.318023681640625,0.28125,NO,,,
34.315352697095435,8270,11.318023681640625,0.28125,NO,,,
34.315352697095435,8270,11.318023681640625,0.28125,NO,,,
34.315352697095435,8270,11.318023681640625,0.28125,NO,,,
34.315352697095435,8270,11.318023681640625,0.28125,NO,,,
34.315352697095435,8270,11.318023681640625,0.28125,NO,,,
34.315352697095435,8270,11.318023681640625,0.28125,NO,,,
34.315352697095435,8270,11.318023681640625,0.28125,NO,,,
34.315352697095435,8270,11.318023681640625,0.28125,NO,,,
34.315352697095435,8270,11.318023681640625,0.28125,NO,,,
34.356846473029044,8280,10.752887725830078,0.34375,NO,,,
34.356846473029044,8280,10.752887725830078,0.34375,NO,,,
34.356846473029044,8280,10.752887725830078,0.34375,NO,,,
34.356846473029044,8280,10.752887725830078,0.34375,NO,,,
34.356846473029044,8280,10.752887725830078,0.34375,NO,,,
34.356846473029044,8280,10.752887725830078,0.34375,NO,,,
34.356846473029044,8280,10.752887725830078,0.34375,NO,,,
34.356846473029044,8280,10.752887725830078,0.34375,NO,,,
34.356846473029044,8280,10.752887725830078,0.34375,NO,,,
34.356846473029044,8280,10.752887725830078,0.34375,NO,,,
34.398340248962654,8290,13.466513633728027,0.1875,NO,,,
34.398340248962654,8290,13.466513633728027,0.1875,NO,,,
34.398340248962654,8290,13.466513633728027,0.1875,NO,,,
34.398340248962654,8290,13.466513633728027,0.1875,NO,,,
34.398340248962654,8290,13.466513633728027,0.1875,NO,,,
34.398340248962654,8290,13.466513633728027,0.1875,NO,,,
34.398340248962654,8290,13.466513633728027,0.1875,NO,,,
34.398340248962654,8290,13.466513633728027,0.1875,NO,,,
34.398340248962654,8290,13.466513633728027,0.1875,NO,,,
34.398340248962654,8290,13.466513633728027,0.1875,NO,,,
34.439834024896264,8300,13.765851974487305,0.25,NO,,,
34.439834024896264,8300,13.765851974487305,0.25,NO,,,
34.439834024896264,8300,13.765851974487305,0.25,NO,,,
34.439834024896264,8300,13.765851974487305,0.25,NO,,,
34.439834024896264,8300,13.765851974487305,0.25,NO,,,
34.439834024896264,8300,13.765851974487305,0.25,NO,,,
34.439834024896264,8300,13.765851974487305,0.25,NO,,,
34.439834024896264,8300,13.765851974487305,0.25,NO,,,
34.439834024896264,8300,13.765851974487305,0.25,NO,,,
34.439834024896264,8300,13.765851974487305,0.25,NO,,,
34.481327800829874,8310,16.429935455322266,0.1875,NO,,,
34.481327800829874,8310,16.429935455322266,0.1875,NO,,,
34.481327800829874,8310,16.429935455322266,0.1875,NO,,,
34.481327800829874,8310,16.429935455322266,0.1875,NO,,,
34.481327800829874,8310,16.429935455322266,0.1875,NO,,,
34.481327800829874,8310,16.429935455322266,0.1875,NO,,,
34.481327800829874,8310,16.429935455322266,0.1875,NO,,,
34.481327800829874,8310,16.429935455322266,0.1875,NO,,,
34.481327800829874,8310,16.429935455322266,0.1875,NO,,,
34.481327800829874,8310,16.429935455322266,0.1875,NO,,,
34.522821576763484,8320,14.343769073486328,0.3125,NO,,,
34.522821576763484,8320,14.343769073486328,0.3125,NO,,,
34.522821576763484,8320,14.343769073486328,0.3125,NO,,,
34.522821576763484,8320,14.343769073486328,0.3125,NO,,,
34.522821576763484,8320,14.343769073486328,0.3125,NO,,,
34.522821576763484,8320,14.343769073486328,0.3125,NO,,,
34.522821576763484,8320,14.343769073486328,0.3125,NO,,,
34.522821576763484,8320,14.343769073486328,0.3125,NO,,,
34.522821576763484,8320,14.343769073486328,0.3125,NO,,,
34.522821576763484,8320,14.343769073486328,0.3125,NO,,,
34.56431535269709,8330,13.879680633544922,0.34375,NO,,,
34.56431535269709,8330,13.879680633544922,0.34375,NO,,,
34.56431535269709,8330,13.879680633544922,0.34375,NO,,,
34.56431535269709,8330,13.879680633544922,0.34375,NO,,,
34.56431535269709,8330,13.879680633544922,0.34375,NO,,,
34.56431535269709,8330,13.879680633544922,0.34375,NO,,,
34.56431535269709,8330,13.879680633544922,0.34375,NO,,,
34.56431535269709,8330,13.879680633544922,0.34375,NO,,,
34.56431535269709,8330,13.879680633544922,0.34375,NO,,,
34.56431535269709,8330,13.879680633544922,0.34375,NO,,,
34.6058091286307,8340,13.1044921875,0.375,NO,,,
34.6058091286307,8340,13.1044921875,0.375,NO,,,
34.6058091286307,8340,13.1044921875,0.375,NO,,,
34.6058091286307,8340,13.1044921875,0.375,NO,,,
34.6058091286307,8340,13.1044921875,0.375,NO,,,
34.6058091286307,8340,13.1044921875,0.375,NO,,,
34.6058091286307,8340,13.1044921875,0.375,NO,,,
34.6058091286307,8340,13.1044921875,0.375,NO,,,
34.6058091286307,8340,13.1044921875,0.375,NO,,,
34.6058091286307,8340,13.1044921875,0.375,NO,,,
34.64730290456431,8350,25.655029296875,0.09375,NO,,,
34.64730290456431,8350,25.655029296875,0.09375,NO,,,
34.64730290456431,8350,25.655029296875,0.09375,NO,,,
34.64730290456431,8350,25.655029296875,0.09375,NO,,,
34.64730290456431,8350,25.655029296875,0.09375,NO,,,
34.64730290456431,8350,25.655029296875,0.09375,NO,,,
34.64730290456431,8350,25.655029296875,0.09375,NO,,,
34.64730290456431,8350,25.655029296875,0.09375,NO,,,
34.64730290456431,8350,25.655029296875,0.09375,NO,,,
34.64730290456431,8350,25.655029296875,0.09375,NO,,,
34.68879668049792,8360,20.34619140625,0.3125,NO,,,
34.68879668049792,8360,20.34619140625,0.3125,NO,,,
34.68879668049792,8360,20.34619140625,0.3125,NO,,,
34.68879668049792,8360,20.34619140625,0.3125,NO,,,
34.68879668049792,8360,20.34619140625,0.3125,NO,,,
34.68879668049792,8360,20.34619140625,0.3125,NO,,,
34.68879668049792,8360,20.34619140625,0.3125,NO,,,
34.68879668049792,8360,20.34619140625,0.3125,NO,,,
34.68879668049792,8360,20.34619140625,0.3125,NO,,,
34.68879668049792,8360,20.34619140625,0.3125,NO,,,
34.73029045643153,8370,20.43310546875,0.28125,NO,,,
34.73029045643153,8370,20.43310546875,0.28125,NO,,,
34.73029045643153,8370,20.43310546875,0.28125,NO,,,
34.73029045643153,8370,20.43310546875,0.28125,NO,,,
34.73029045643153,8370,20.43310546875,0.28125,NO,,,
34.73029045643153,8370,20.43310546875,0.28125,NO,,,
34.73029045643153,8370,20.43310546875,0.28125,NO,,,
34.73029045643153,8370,20.43310546875,0.28125,NO,,,
34.73029045643153,8370,20.43310546875,0.28125,NO,,,
34.73029045643153,8370,20.43310546875,0.28125,NO,,,
34.77178423236514,8380,19.9521484375,0.21875,NO,,,
34.77178423236514,8380,19.9521484375,0.21875,NO,,,
34.77178423236514,8380,19.9521484375,0.21875,NO,,,
34.77178423236514,8380,19.9521484375,0.21875,NO,,,
34.77178423236514,8380,19.9521484375,0.21875,NO,,,
34.77178423236514,8380,19.9521484375,0.21875,NO,,,
34.77178423236514,8380,19.9521484375,0.21875,NO,,,
34.77178423236514,8380,19.9521484375,0.21875,NO,,,
34.77178423236514,8380,19.9521484375,0.21875,NO,,,
34.77178423236514,8380,19.9521484375,0.21875,NO,,,
34.81327800829875,8390,20.4462890625,0.1875,NO,,,
34.81327800829875,8390,20.4462890625,0.1875,NO,,,
34.81327800829875,8390,20.4462890625,0.1875,NO,,,
34.81327800829875,8390,20.4462890625,0.1875,NO,,,
34.81327800829875,8390,20.4462890625,0.1875,NO,,,
34.81327800829875,8390,20.4462890625,0.1875,NO,,,
34.81327800829875,8390,20.4462890625,0.1875,NO,,,
34.81327800829875,8390,20.4462890625,0.1875,NO,,,
34.81327800829875,8390,20.4462890625,0.1875,NO,,,
34.81327800829875,8390,20.4462890625,0.1875,NO,,,
34.85477178423236,8400,19.9541015625,0.125,NO,,,
34.85477178423236,8400,19.9541015625,0.125,NO,,,
34.85477178423236,8400,19.9541015625,0.125,NO,,,
34.85477178423236,8400,19.9541015625,0.125,NO,,,
34.85477178423236,8400,19.9541015625,0.125,NO,,,
34.85477178423236,8400,19.9541015625,0.125,NO,,,
34.85477178423236,8400,19.9541015625,0.125,NO,,,
34.85477178423236,8400,19.9541015625,0.125,NO,,,
34.85477178423236,8400,19.9541015625,0.125,NO,,,
34.85477178423236,8400,19.9541015625,0.125,NO,,,
34.89626556016597,8410,18.443359375,0.25,NO,,,
34.89626556016597,8410,18.443359375,0.25,NO,,,
34.89626556016597,8410,18.443359375,0.25,NO,,,
34.89626556016597,8410,18.443359375,0.25,NO,,,
34.89626556016597,8410,18.443359375,0.25,NO,,,
34.89626556016597,8410,18.443359375,0.25,NO,,,
34.89626556016597,8410,18.443359375,0.25,NO,,,
34.89626556016597,8410,18.443359375,0.25,NO,,,
34.89626556016597,8410,18.443359375,0.25,NO,,,
34.89626556016597,8410,18.443359375,0.25,NO,,,
34.93775933609958,8420,17.05859375,0.21875,NO,,,
34.93775933609958,8420,17.05859375,0.21875,NO,,,
34.93775933609958,8420,17.05859375,0.21875,NO,,,
34.93775933609958,8420,17.05859375,0.21875,NO,,,
34.93775933609958,8420,17.05859375,0.21875,NO,,,
34.93775933609958,8420,17.05859375,0.21875,NO,,,
34.93775933609958,8420,17.05859375,0.21875,NO,,,
34.93775933609958,8420,17.05859375,0.21875,NO,,,
34.93775933609958,8420,17.05859375,0.21875,NO,,,
34.93775933609958,8420,17.05859375,0.21875,NO,,,
34.97925311203319,8430,12.701416969299316,0.375,NO,,,
34.97925311203319,8430,12.701416969299316,0.375,NO,,,
34.97925311203319,8430,12.701416969299316,0.375,NO,,,
34.97925311203319,8430,12.701416969299316,0.375,NO,,,
34.97925311203319,8430,12.701416969299316,0.375,NO,,,
34.97925311203319,8430,12.701416969299316,0.375,NO,,,
34.97925311203319,8430,12.701416969299316,0.375,NO,,,
34.97925311203319,8430,12.701416969299316,0.375,NO,,,
34.97925311203319,8430,12.701416969299316,0.375,NO,,,
34.97925311203319,8430,12.701416969299316,0.375,NO,,,
35.02074688796681,8440,17.378908157348633,0.1875,NO,,,
35.02074688796681,8440,17.378908157348633,0.1875,NO,,,
35.02074688796681,8440,17.378908157348633,0.1875,NO,,,
35.02074688796681,8440,17.378908157348633,0.1875,NO,,,
35.02074688796681,8440,17.378908157348633,0.1875,NO,,,
35.02074688796681,8440,17.378908157348633,0.1875,NO,,,
35.02074688796681,8440,17.378908157348633,0.1875,NO,,,
35.02074688796681,8440,17.378908157348633,0.1875,NO,,,
35.02074688796681,8440,17.378908157348633,0.1875,NO,,,
35.02074688796681,8440,17.378908157348633,0.1875,NO,,,
35.06224066390042,8450,12.541259765625,0.3125,NO,,,
35.06224066390042,8450,12.541259765625,0.3125,NO,,,
35.06224066390042,8450,12.541259765625,0.3125,NO,,,
35.06224066390042,8450,12.541259765625,0.3125,NO,,,
35.06224066390042,8450,12.541259765625,0.3125,NO,,,
35.06224066390042,8450,12.541259765625,0.3125,NO,,,
35.06224066390042,8450,12.541259765625,0.3125,NO,,,
35.06224066390042,8450,12.541259765625,0.3125,NO,,,
35.06224066390042,8450,12.541259765625,0.3125,NO,,,
35.06224066390042,8450,12.541259765625,0.3125,NO,,,
35.10373443983403,8460,14.71484375,0.28125,NO,,,
35.10373443983403,8460,14.71484375,0.28125,NO,,,
35.10373443983403,8460,14.71484375,0.28125,NO,,,
35.10373443983403,8460,14.71484375,0.28125,NO,,,
35.10373443983403,8460,14.71484375,0.28125,NO,,,
35.10373443983403,8460,14.71484375,0.28125,NO,,,
35.10373443983403,8460,14.71484375,0.28125,NO,,,
35.10373443983403,8460,14.71484375,0.28125,NO,,,
35.10373443983403,8460,14.71484375,0.28125,NO,,,
35.10373443983403,8460,14.71484375,0.28125,NO,,,
35.14522821576764,8470,14.95166015625,0.3125,NO,,,
35.14522821576764,8470,14.95166015625,0.3125,NO,,,
35.14522821576764,8470,14.95166015625,0.3125,NO,,,
35.14522821576764,8470,14.95166015625,0.3125,NO,,,
35.14522821576764,8470,14.95166015625,0.3125,NO,,,
35.14522821576764,8470,14.95166015625,0.3125,NO,,,
35.14522821576764,8470,14.95166015625,0.3125,NO,,,
35.14522821576764,8470,14.95166015625,0.3125,NO,,,
35.14522821576764,8470,14.95166015625,0.3125,NO,,,
35.14522821576764,8470,14.95166015625,0.3125,NO,,,
35.18672199170125,8480,15.1201171875,0.28125,NO,,,
35.18672199170125,8480,15.1201171875,0.28125,NO,,,
35.18672199170125,8480,15.1201171875,0.28125,NO,,,
35.18672199170125,8480,15.1201171875,0.28125,NO,,,
35.18672199170125,8480,15.1201171875,0.28125,NO,,,
35.18672199170125,8480,15.1201171875,0.28125,NO,,,
35.18672199170125,8480,15.1201171875,0.28125,NO,,,
35.18672199170125,8480,15.1201171875,0.28125,NO,,,
35.18672199170125,8480,15.1201171875,0.28125,NO,,,
35.18672199170125,8480,15.1201171875,0.28125,NO,,,
35.22821576763486,8490,16.21630859375,0.28125,NO,,,
35.22821576763486,8490,16.21630859375,0.28125,NO,,,
35.22821576763486,8490,16.21630859375,0.28125,NO,,,
35.22821576763486,8490,16.21630859375,0.28125,NO,,,
35.22821576763486,8490,16.21630859375,0.28125,NO,,,
35.22821576763486,8490,16.21630859375,0.28125,NO,,,
35.22821576763486,8490,16.21630859375,0.28125,NO,,,
35.22821576763486,8490,16.21630859375,0.28125,NO,,,
35.22821576763486,8490,16.21630859375,0.28125,NO,,,
35.22821576763486,8490,16.21630859375,0.28125,NO,,,
35.26970954356847,8500,14.04345703125,0.3125,NO,,,
35.26970954356847,8500,14.04345703125,0.3125,NO,,,
35.26970954356847,8500,14.04345703125,0.3125,NO,,,
35.26970954356847,8500,14.04345703125,0.3125,NO,,,
35.26970954356847,8500,14.04345703125,0.3125,NO,,,
35.26970954356847,8500,14.04345703125,0.3125,NO,,,
35.26970954356847,8500,14.04345703125,0.3125,NO,,,
35.26970954356847,8500,14.04345703125,0.3125,NO,,,
35.26970954356847,8500,14.04345703125,0.3125,NO,,,
35.26970954356847,8500,14.04345703125,0.3125,NO,,,
35.31120331950208,8510,20.39990234375,0.125,NO,,,
35.31120331950208,8510,20.39990234375,0.125,NO,,,
35.31120331950208,8510,20.39990234375,0.125,NO,,,
35.31120331950208,8510,20.39990234375,0.125,NO,,,
35.31120331950208,8510,20.39990234375,0.125,NO,,,
35.31120331950208,8510,20.39990234375,0.125,NO,,,
35.31120331950208,8510,20.39990234375,0.125,NO,,,
35.31120331950208,8510,20.39990234375,0.125,NO,,,
35.31120331950208,8510,20.39990234375,0.125,NO,,,
35.31120331950208,8510,20.39990234375,0.125,NO,,,
35.35269709543569,8520,14.00537109375,0.3125,NO,,,
35.35269709543569,8520,14.00537109375,0.3125,NO,,,
35.35269709543569,8520,14.00537109375,0.3125,NO,,,
35.35269709543569,8520,14.00537109375,0.3125,NO,,,
35.35269709543569,8520,14.00537109375,0.3125,NO,,,
35.35269709543569,8520,14.00537109375,0.3125,NO,,,
35.35269709543569,8520,14.00537109375,0.3125,NO,,,
35.35269709543569,8520,14.00537109375,0.3125,NO,,,
35.35269709543569,8520,14.00537109375,0.3125,NO,,,
35.35269709543569,8520,14.00537109375,0.3125,NO,,,
35.3941908713693,8530,14.625732421875,0.375,NO,,,
35.3941908713693,8530,14.625732421875,0.375,NO,,,
35.3941908713693,8530,14.625732421875,0.375,NO,,,
35.3941908713693,8530,14.625732421875,0.375,NO,,,
35.3941908713693,8530,14.625732421875,0.375,NO,,,
35.3941908713693,8530,14.625732421875,0.375,NO,,,
35.3941908713693,8530,14.625732421875,0.375,NO,,,
35.3941908713693,8530,14.625732421875,0.375,NO,,,
35.3941908713693,8530,14.625732421875,0.375,NO,,,
35.3941908713693,8530,14.625732421875,0.375,NO,,,
35.43568464730291,8540,17.612548828125,0.25,NO,,,
35.43568464730291,8540,17.612548828125,0.25,NO,,,
35.43568464730291,8540,17.612548828125,0.25,NO,,,
35.43568464730291,8540,17.612548828125,0.25,NO,,,
35.43568464730291,8540,17.612548828125,0.25,NO,,,
35.43568464730291,8540,17.612548828125,0.25,NO,,,
35.43568464730291,8540,17.612548828125,0.25,NO,,,
35.43568464730291,8540,17.612548828125,0.25,NO,,,
35.43568464730291,8540,17.612548828125,0.25,NO,,,
35.43568464730291,8540,17.612548828125,0.25,NO,,,
35.477178423236516,8550,12.685546875,0.34375,NO,,,
35.477178423236516,8550,12.685546875,0.34375,NO,,,
35.477178423236516,8550,12.685546875,0.34375,NO,,,
35.477178423236516,8550,12.685546875,0.34375,NO,,,
35.477178423236516,8550,12.685546875,0.34375,NO,,,
35.477178423236516,8550,12.685546875,0.34375,NO,,,
35.477178423236516,8550,12.685546875,0.34375,NO,,,
35.477178423236516,8550,12.685546875,0.34375,NO,,,
35.477178423236516,8550,12.685546875,0.34375,NO,,,
35.477178423236516,8550,12.685546875,0.34375,NO,,,
35.518672199170126,8560,13.419190406799316,0.28125,NO,,,
35.518672199170126,8560,13.419190406799316,0.28125,NO,,,
35.518672199170126,8560,13.419190406799316,0.28125,NO,,,
35.518672199170126,8560,13.419190406799316,0.28125,NO,,,
35.518672199170126,8560,13.419190406799316,0.28125,NO,,,
35.518672199170126,8560,13.419190406799316,0.28125,NO,,,
35.518672199170126,8560,13.419190406799316,0.28125,NO,,,
35.518672199170126,8560,13.419190406799316,0.28125,NO,,,
35.518672199170126,8560,13.419190406799316,0.28125,NO,,,
35.518672199170126,8560,13.419190406799316,0.28125,NO,,,
35.560165975103736,8570,12.478048324584961,0.28125,NO,,,
35.560165975103736,8570,12.478048324584961,0.28125,NO,,,
35.560165975103736,8570,12.478048324584961,0.28125,NO,,,
35.560165975103736,8570,12.478048324584961,0.28125,NO,,,
35.560165975103736,8570,12.478048324584961,0.28125,NO,,,
35.560165975103736,8570,12.478048324584961,0.28125,NO,,,
35.560165975103736,8570,12.478048324584961,0.28125,NO,,,
35.560165975103736,8570,12.478048324584961,0.28125,NO,,,
35.560165975103736,8570,12.478048324584961,0.28125,NO,,,
35.560165975103736,8570,12.478048324584961,0.28125,NO,,,
35.601659751037346,8580,13.426539421081543,0.21875,NO,,,
35.601659751037346,8580,13.426539421081543,0.21875,NO,,,
35.601659751037346,8580,13.426539421081543,0.21875,NO,,,
35.601659751037346,8580,13.426539421081543,0.21875,NO,,,
35.601659751037346,8580,13.426539421081543,0.21875,NO,,,
35.601659751037346,8580,13.426539421081543,0.21875,NO,,,
35.601659751037346,8580,13.426539421081543,0.21875,NO,,,
35.601659751037346,8580,13.426539421081543,0.21875,NO,,,
35.601659751037346,8580,13.426539421081543,0.21875,NO,,,
35.601659751037346,8580,13.426539421081543,0.21875,NO,,,
35.643153526970956,8590,9.339400291442871,0.3125,NO,,,
35.643153526970956,8590,9.339400291442871,0.3125,NO,,,
35.643153526970956,8590,9.339400291442871,0.3125,NO,,,
35.643153526970956,8590,9.339400291442871,0.3125,NO,,,
35.643153526970956,8590,9.339400291442871,0.3125,NO,,,
35.643153526970956,8590,9.339400291442871,0.3125,NO,,,
35.643153526970956,8590,9.339400291442871,0.3125,NO,,,
35.643153526970956,8590,9.339400291442871,0.3125,NO,,,
35.643153526970956,8590,9.339400291442871,0.3125,NO,,,
35.643153526970956,8590,9.339400291442871,0.3125,NO,,,
35.684647302904565,8600,10.680705070495605,0.34375,NO,,,
35.684647302904565,8600,10.680705070495605,0.34375,NO,,,
35.684647302904565,8600,10.680705070495605,0.34375,NO,,,
35.684647302904565,8600,10.680705070495605,0.34375,NO,,,
35.684647302904565,8600,10.680705070495605,0.34375,NO,,,
35.684647302904565,8600,10.680705070495605,0.34375,NO,,,
35.684647302904565,8600,10.680705070495605,0.34375,NO,,,
35.684647302904565,8600,10.680705070495605,0.34375,NO,,,
35.684647302904565,8600,10.680705070495605,0.34375,NO,,,
35.684647302904565,8600,10.680705070495605,0.34375,NO,,,
35.726141078838175,8610,13.09963321685791,0.34375,NO,,,
35.726141078838175,8610,13.09963321685791,0.34375,NO,,,
35.726141078838175,8610,13.09963321685791,0.34375,NO,,,
35.726141078838175,8610,13.09963321685791,0.34375,NO,,,
35.726141078838175,8610,13.09963321685791,0.34375,NO,,,
35.726141078838175,8610,13.09963321685791,0.34375,NO,,,
35.726141078838175,8610,13.09963321685791,0.34375,NO,,,
35.726141078838175,8610,13.09963321685791,0.34375,NO,,,
35.726141078838175,8610,13.09963321685791,0.34375,NO,,,
35.726141078838175,8610,13.09963321685791,0.34375,NO,,,
35.767634854771785,8620,13.051277160644531,0.25,NO,,,
35.767634854771785,8620,13.051277160644531,0.25,NO,,,
35.767634854771785,8620,13.051277160644531,0.25,NO,,,
35.767634854771785,8620,13.051277160644531,0.25,NO,,,
35.767634854771785,8620,13.051277160644531,0.25,NO,,,
35.767634854771785,8620,13.051277160644531,0.25,NO,,,
35.767634854771785,8620,13.051277160644531,0.25,NO,,,
35.767634854771785,8620,13.051277160644531,0.25,NO,,,
35.767634854771785,8620,13.051277160644531,0.25,NO,,,
35.767634854771785,8620,13.051277160644531,0.25,NO,,,
35.809128630705395,8630,11.5497465133667,0.28125,NO,,,
35.809128630705395,8630,11.5497465133667,0.28125,NO,,,
35.809128630705395,8630,11.5497465133667,0.28125,NO,,,
35.809128630705395,8630,11.5497465133667,0.28125,NO,,,
35.809128630705395,8630,11.5497465133667,0.28125,NO,,,
35.809128630705395,8630,11.5497465133667,0.28125,NO,,,
35.809128630705395,8630,11.5497465133667,0.28125,NO,,,
35.809128630705395,8630,11.5497465133667,0.28125,NO,,,
35.809128630705395,8630,11.5497465133667,0.28125,NO,,,
35.809128630705395,8630,11.5497465133667,0.28125,NO,,,
35.850622406639005,8640,8.438054084777832,0.3125,NO,,,
35.850622406639005,8640,8.438054084777832,0.3125,NO,,,
35.850622406639005,8640,8.438054084777832,0.3125,NO,,,
35.850622406639005,8640,8.438054084777832,0.3125,NO,,,
35.850622406639005,8640,8.438054084777832,0.3125,NO,,,
35.850622406639005,8640,8.438054084777832,0.3125,NO,,,
35.850622406639005,8640,8.438054084777832,0.3125,NO,,,
35.850622406639005,8640,8.438054084777832,0.3125,NO,,,
35.850622406639005,8640,8.438054084777832,0.3125,NO,,,
35.850622406639005,8640,8.438054084777832,0.3125,NO,,,
35.892116182572614,8650,10.718303680419922,0.3125,NO,,,
35.892116182572614,8650,10.718303680419922,0.3125,NO,,,
35.892116182572614,8650,10.718303680419922,0.3125,NO,,,
35.892116182572614,8650,10.718303680419922,0.3125,NO,,,
35.892116182572614,8650,10.718303680419922,0.3125,NO,,,
35.892116182572614,8650,10.718303680419922,0.3125,NO,,,
35.892116182572614,8650,10.718303680419922,0.3125,NO,,,
35.892116182572614,8650,10.718303680419922,0.3125,NO,,,
35.892116182572614,8650,10.718303680419922,0.3125,NO,,,
35.892116182572614,8650,10.718303680419922,0.3125,NO,,,
35.933609958506224,8660,10.519811630249023,0.21875,NO,,,
35.933609958506224,8660,10.519811630249023,0.21875,NO,,,
35.933609958506224,8660,10.519811630249023,0.21875,NO,,,
35.933609958506224,8660,10.519811630249023,0.21875,NO,,,
35.933609958506224,8660,10.519811630249023,0.21875,NO,,,
35.933609958506224,8660,10.519811630249023,0.21875,NO,,,
35.933609958506224,8660,10.519811630249023,0.21875,NO,,,
35.933609958506224,8660,10.519811630249023,0.21875,NO,,,
35.933609958506224,8660,10.519811630249023,0.21875,NO,,,
35.933609958506224,8660,10.519811630249023,0.21875,NO,,,
35.975103734439834,8670,11.717889785766602,0.25,NO,,,
35.975103734439834,8670,11.717889785766602,0.25,NO,,,
35.975103734439834,8670,11.717889785766602,0.25,NO,,,
35.975103734439834,8670,11.717889785766602,0.25,NO,,,
35.975103734439834,8670,11.717889785766602,0.25,NO,,,
35.975103734439834,8670,11.717889785766602,0.25,NO,,,
35.975103734439834,8670,11.717889785766602,0.25,NO,,,
35.975103734439834,8670,11.717889785766602,0.25,NO,,,
35.975103734439834,8670,11.717889785766602,0.25,NO,,,
35.975103734439834,8670,11.717889785766602,0.25,NO,,,
36.016597510373444,8680,10.093744277954102,0.3125,NO,,,
36.016597510373444,8680,10.093744277954102,0.3125,NO,,,
36.016597510373444,8680,10.093744277954102,0.3125,NO,,,
36.016597510373444,8680,10.093744277954102,0.3125,NO,,,
36.016597510373444,8680,10.093744277954102,0.3125,NO,,,
36.016597510373444,8680,10.093744277954102,0.3125,NO,,,
36.016597510373444,8680,10.093744277954102,0.3125,NO,,,
36.016597510373444,8680,10.093744277954102,0.3125,NO,,,
36.016597510373444,8680,10.093744277954102,0.3125,NO,,,
36.016597510373444,8680,10.093744277954102,0.3125,NO,,,
36.058091286307054,8690,13.97164535522461,0.1875,NO,,,
36.058091286307054,8690,13.97164535522461,0.1875,NO,,,
36.058091286307054,8690,13.97164535522461,0.1875,NO,,,
36.058091286307054,8690,13.97164535522461,0.1875,NO,,,
36.058091286307054,8690,13.97164535522461,0.1875,NO,,,
36.058091286307054,8690,13.97164535522461,0.1875,NO,,,
36.058091286307054,8690,13.97164535522461,0.1875,NO,,,
36.058091286307054,8690,13.97164535522461,0.1875,NO,,,
36.058091286307054,8690,13.97164535522461,0.1875,NO,,,
36.058091286307054,8690,13.97164535522461,0.1875,NO,,,
36.09958506224066,8700,9.427825927734375,0.34375,NO,,,
36.09958506224066,8700,9.427825927734375,0.34375,NO,,,
36.09958506224066,8700,9.427825927734375,0.34375,NO,,,
36.09958506224066,8700,9.427825927734375,0.34375,NO,,,
36.09958506224066,8700,9.427825927734375,0.34375,NO,,,
36.09958506224066,8700,9.427825927734375,0.34375,NO,,,
36.09958506224066,8700,9.427825927734375,0.34375,NO,,,
36.09958506224066,8700,9.427825927734375,0.34375,NO,,,
36.09958506224066,8700,9.427825927734375,0.34375,NO,,,
36.09958506224066,8700,9.427825927734375,0.34375,NO,,,
36.14107883817427,8710,14.587353706359863,0.15625,NO,,,
36.14107883817427,8710,14.587353706359863,0.15625,NO,,,
36.14107883817427,8710,14.587353706359863,0.15625,NO,,,
36.14107883817427,8710,14.587353706359863,0.15625,NO,,,
36.14107883817427,8710,14.587353706359863,0.15625,NO,,,
36.14107883817427,8710,14.587353706359863,0.15625,NO,,,
36.14107883817427,8710,14.587353706359863,0.15625,NO,,,
36.14107883817427,8710,14.587353706359863,0.15625,NO,,,
36.14107883817427,8710,14.587353706359863,0.15625,NO,,,
36.14107883817427,8710,14.587353706359863,0.15625,NO,,,
36.18257261410788,8720,11.27480697631836,0.25,NO,,,
36.18257261410788,8720,11.27480697631836,0.25,NO,,,
36.18257261410788,8720,11.27480697631836,0.25,NO,,,
36.18257261410788,8720,11.27480697631836,0.25,NO,,,
36.18257261410788,8720,11.27480697631836,0.25,NO,,,
36.18257261410788,8720,11.27480697631836,0.25,NO,,,
36.18257261410788,8720,11.27480697631836,0.25,NO,,,
36.18257261410788,8720,11.27480697631836,0.25,NO,,,
36.18257261410788,8720,11.27480697631836,0.25,NO,,,
36.18257261410788,8720,11.27480697631836,0.25,NO,,,
36.22406639004149,8730,11.482282638549805,0.25,NO,,,
36.22406639004149,8730,11.482282638549805,0.25,NO,,,
36.22406639004149,8730,11.482282638549805,0.25,NO,,,
36.22406639004149,8730,11.482282638549805,0.25,NO,,,
36.22406639004149,8730,11.482282638549805,0.25,NO,,,
36.22406639004149,8730,11.482282638549805,0.25,NO,,,
36.22406639004149,8730,11.482282638549805,0.25,NO,,,
36.22406639004149,8730,11.482282638549805,0.25,NO,,,
36.22406639004149,8730,11.482282638549805,0.25,NO,,,
36.22406639004149,8730,11.482282638549805,0.25,NO,,,
36.2655601659751,8740,12.654563903808594,0.15625,NO,,,
36.2655601659751,8740,12.654563903808594,0.15625,NO,,,
36.2655601659751,8740,12.654563903808594,0.15625,NO,,,
36.2655601659751,8740,12.654563903808594,0.15625,NO,,,
36.2655601659751,8740,12.654563903808594,0.15625,NO,,,
36.2655601659751,8740,12.654563903808594,0.15625,NO,,,
36.2655601659751,8740,12.654563903808594,0.15625,NO,,,
36.2655601659751,8740,12.654563903808594,0.15625,NO,,,
36.2655601659751,8740,12.654563903808594,0.15625,NO,,,
36.2655601659751,8740,12.654563903808594,0.15625,NO,,,
36.30705394190871,8750,12.374795913696289,0.21875,NO,,,
36.30705394190871,8750,12.374795913696289,0.21875,NO,,,
36.30705394190871,8750,12.374795913696289,0.21875,NO,,,
36.30705394190871,8750,12.374795913696289,0.21875,NO,,,
36.30705394190871,8750,12.374795913696289,0.21875,NO,,,
36.30705394190871,8750,12.374795913696289,0.21875,NO,,,
36.30705394190871,8750,12.374795913696289,0.21875,NO,,,
36.30705394190871,8750,12.374795913696289,0.21875,NO,,,
36.30705394190871,8750,12.374795913696289,0.21875,NO,,,
36.30705394190871,8750,12.374795913696289,0.21875,NO,,,
36.34854771784232,8760,10.405550003051758,0.25,NO,,,
36.34854771784232,8760,10.405550003051758,0.25,NO,,,
36.34854771784232,8760,10.405550003051758,0.25,NO,,,
36.34854771784232,8760,10.405550003051758,0.25,NO,,,
36.34854771784232,8760,10.405550003051758,0.25,NO,,,
36.34854771784232,8760,10.405550003051758,0.25,NO,,,
36.34854771784232,8760,10.405550003051758,0.25,NO,,,
36.34854771784232,8760,10.405550003051758,0.25,NO,,,
36.34854771784232,8760,10.405550003051758,0.25,NO,,,
36.34854771784232,8760,10.405550003051758,0.25,NO,,,
36.39004149377593,8770,9.78818416595459,0.28125,NO,,,
36.39004149377593,8770,9.78818416595459,0.28125,NO,,,
36.39004149377593,8770,9.78818416595459,0.28125,NO,,,
36.39004149377593,8770,9.78818416595459,0.28125,NO,,,
36.39004149377593,8770,9.78818416595459,0.28125,NO,,,
36.39004149377593,8770,9.78818416595459,0.28125,NO,,,
36.39004149377593,8770,9.78818416595459,0.28125,NO,,,
36.39004149377593,8770,9.78818416595459,0.28125,NO,,,
36.39004149377593,8770,9.78818416595459,0.28125,NO,,,
36.39004149377593,8770,9.78818416595459,0.28125,NO,,,
36.43153526970954,8780,11.184831619262695,0.125,NO,,,
36.43153526970954,8780,11.184831619262695,0.125,NO,,,
36.43153526970954,8780,11.184831619262695,0.125,NO,,,
36.43153526970954,8780,11.184831619262695,0.125,NO,,,
36.43153526970954,8780,11.184831619262695,0.125,NO,,,
36.43153526970954,8780,11.184831619262695,0.125,NO,,,
36.43153526970954,8780,11.184831619262695,0.125,NO,,,
36.43153526970954,8780,11.184831619262695,0.125,NO,,,
36.43153526970954,8780,11.184831619262695,0.125,NO,,,
36.43153526970954,8780,11.184831619262695,0.125,NO,,,
36.47302904564315,8790,10.825709342956543,0.21875,NO,,,
36.47302904564315,8790,10.825709342956543,0.21875,NO,,,
36.47302904564315,8790,10.825709342956543,0.21875,NO,,,
36.47302904564315,8790,10.825709342956543,0.21875,NO,,,
36.47302904564315,8790,10.825709342956543,0.21875,NO,,,
36.47302904564315,8790,10.825709342956543,0.21875,NO,,,
36.47302904564315,8790,10.825709342956543,0.21875,NO,,,
36.47302904564315,8790,10.825709342956543,0.21875,NO,,,
36.47302904564315,8790,10.825709342956543,0.21875,NO,,,
36.47302904564315,8790,10.825709342956543,0.21875,NO,,,
36.51452282157676,8800,10.807464599609375,0.3125,NO,,,
36.51452282157676,8800,10.807464599609375,0.3125,NO,,,
36.51452282157676,8800,10.807464599609375,0.3125,NO,,,
36.51452282157676,8800,10.807464599609375,0.3125,NO,,,
36.51452282157676,8800,10.807464599609375,0.3125,NO,,,
36.51452282157676,8800,10.807464599609375,0.3125,NO,,,
36.51452282157676,8800,10.807464599609375,0.3125,NO,,,
36.51452282157676,8800,10.807464599609375,0.3125,NO,,,
36.51452282157676,8800,10.807464599609375,0.3125,NO,,,
36.51452282157676,8800,10.807464599609375,0.3125,NO,,,
36.55601659751037,8810,13.064844131469727,0.21875,NO,,,
36.55601659751037,8810,13.064844131469727,0.21875,NO,,,
36.55601659751037,8810,13.064844131469727,0.21875,NO,,,
36.55601659751037,8810,13.064844131469727,0.21875,NO,,,
36.55601659751037,8810,13.064844131469727,0.21875,NO,,,
36.55601659751037,8810,13.064844131469727,0.21875,NO,,,
36.55601659751037,8810,13.064844131469727,0.21875,NO,,,
36.55601659751037,8810,13.064844131469727,0.21875,NO,,,
36.55601659751037,8810,13.064844131469727,0.21875,NO,,,
36.55601659751037,8810,13.064844131469727,0.21875,NO,,,
36.59751037344398,8820,7.645287990570068,0.25,NO,,,
36.59751037344398,8820,7.645287990570068,0.25,NO,,,
36.59751037344398,8820,7.645287990570068,0.25,NO,,,
36.59751037344398,8820,7.645287990570068,0.25,NO,,,
36.59751037344398,8820,7.645287990570068,0.25,NO,,,
36.59751037344398,8820,7.645287990570068,0.25,NO,,,
36.59751037344398,8820,7.645287990570068,0.25,NO,,,
36.59751037344398,8820,7.645287990570068,0.25,NO,,,
36.59751037344398,8820,7.645287990570068,0.25,NO,,,
36.59751037344398,8820,7.645287990570068,0.25,NO,,,
36.63900414937759,8830,9.214088439941406,0.28125,NO,,,
36.63900414937759,8830,9.214088439941406,0.28125,NO,,,
36.63900414937759,8830,9.214088439941406,0.28125,NO,,,
36.63900414937759,8830,9.214088439941406,0.28125,NO,,,
36.63900414937759,8830,9.214088439941406,0.28125,NO,,,
36.63900414937759,8830,9.214088439941406,0.28125,NO,,,
36.63900414937759,8830,9.214088439941406,0.28125,NO,,,
36.63900414937759,8830,9.214088439941406,0.28125,NO,,,
36.63900414937759,8830,9.214088439941406,0.28125,NO,,,
36.63900414937759,8830,9.214088439941406,0.28125,NO,,,
36.6804979253112,8840,9.51160717010498,0.375,NO,,,
36.6804979253112,8840,9.51160717010498,0.375,NO,,,
36.6804979253112,8840,9.51160717010498,0.375,NO,,,
36.6804979253112,8840,9.51160717010498,0.375,NO,,,
36.6804979253112,8840,9.51160717010498,0.375,NO,,,
36.6804979253112,8840,9.51160717010498,0.375,NO,,,
36.6804979253112,8840,9.51160717010498,0.375,NO,,,
36.6804979253112,8840,9.51160717010498,0.375,NO,,,
36.6804979253112,8840,9.51160717010498,0.375,NO,,,
36.6804979253112,8840,9.51160717010498,0.375,NO,,,
36.72199170124481,8850,12.537162780761719,0.25,NO,,,
36.72199170124481,8850,12.537162780761719,0.25,NO,,,
36.72199170124481,8850,12.537162780761719,0.25,NO,,,
36.72199170124481,8850,12.537162780761719,0.25,NO,,,
36.72199170124481,8850,12.537162780761719,0.25,NO,,,
36.72199170124481,8850,12.537162780761719,0.25,NO,,,
36.72199170124481,8850,12.537162780761719,0.25,NO,,,
36.72199170124481,8850,12.537162780761719,0.25,NO,,,
36.72199170124481,8850,12.537162780761719,0.25,NO,,,
36.72199170124481,8850,12.537162780761719,0.25,NO,,,
36.76348547717842,8860,10.201950073242188,0.375,NO,,,
36.76348547717842,8860,10.201950073242188,0.375,NO,,,
36.76348547717842,8860,10.201950073242188,0.375,NO,,,
36.76348547717842,8860,10.201950073242188,0.375,NO,,,
36.76348547717842,8860,10.201950073242188,0.375,NO,,,
36.76348547717842,8860,10.201950073242188,0.375,NO,,,
36.76348547717842,8860,10.201950073242188,0.375,NO,,,
36.76348547717842,8860,10.201950073242188,0.375,NO,,,
36.76348547717842,8860,10.201950073242188,0.375,NO,,,
36.76348547717842,8860,10.201950073242188,0.375,NO,,,
36.80497925311203,8870,12.925064086914062,0.28125,NO,,,
36.80497925311203,8870,12.925064086914062,0.28125,NO,,,
36.80497925311203,8870,12.925064086914062,0.28125,NO,,,
36.80497925311203,8870,12.925064086914062,0.28125,NO,,,
36.80497925311203,8870,12.925064086914062,0.28125,NO,,,
36.80497925311203,8870,12.925064086914062,0.28125,NO,,,
36.80497925311203,8870,12.925064086914062,0.28125,NO,,,
36.80497925311203,8870,12.925064086914062,0.28125,NO,,,
36.80497925311203,8870,12.925064086914062,0.28125,NO,,,
36.80497925311203,8870,12.925064086914062,0.28125,NO,,,
36.84647302904564,8880,12.414556503295898,0.21875,NO,,,
36.84647302904564,8880,12.414556503295898,0.21875,NO,,,
36.84647302904564,8880,12.414556503295898,0.21875,NO,,,
36.84647302904564,8880,12.414556503295898,0.21875,NO,,,
36.84647302904564,8880,12.414556503295898,0.21875,NO,,,
36.84647302904564,8880,12.414556503295898,0.21875,NO,,,
36.84647302904564,8880,12.414556503295898,0.21875,NO,,,
36.84647302904564,8880,12.414556503295898,0.21875,NO,,,
36.84647302904564,8880,12.414556503295898,0.21875,NO,,,
36.84647302904564,8880,12.414556503295898,0.21875,NO,,,
36.88796680497925,8890,9.831305503845215,0.3125,NO,,,
36.88796680497925,8890,9.831305503845215,0.3125,NO,,,
36.88796680497925,8890,9.831305503845215,0.3125,NO,,,
36.88796680497925,8890,9.831305503845215,0.3125,NO,,,
36.88796680497925,8890,9.831305503845215,0.3125,NO,,,
36.88796680497925,8890,9.831305503845215,0.3125,NO,,,
36.88796680497925,8890,9.831305503845215,0.3125,NO,,,
36.88796680497925,8890,9.831305503845215,0.3125,NO,,,
36.88796680497925,8890,9.831305503845215,0.3125,NO,,,
36.88796680497925,8890,9.831305503845215,0.3125,NO,,,
36.92946058091286,8900,13.14966106414795,0.09375,NO,,,
36.92946058091286,8900,13.14966106414795,0.09375,NO,,,
36.92946058091286,8900,13.14966106414795,0.09375,NO,,,
36.92946058091286,8900,13.14966106414795,0.09375,NO,,,
36.92946058091286,8900,13.14966106414795,0.09375,NO,,,
36.92946058091286,8900,13.14966106414795,0.09375,NO,,,
36.92946058091286,8900,13.14966106414795,0.09375,NO,,,
36.92946058091286,8900,13.14966106414795,0.09375,NO,,,
36.92946058091286,8900,13.14966106414795,0.09375,NO,,,
36.92946058091286,8900,13.14966106414795,0.09375,NO,,,
36.97095435684647,8910,8.71201229095459,0.28125,NO,,,
36.97095435684647,8910,8.71201229095459,0.28125,NO,,,
36.97095435684647,8910,8.71201229095459,0.28125,NO,,,
36.97095435684647,8910,8.71201229095459,0.28125,NO,,,
36.97095435684647,8910,8.71201229095459,0.28125,NO,,,
36.97095435684647,8910,8.71201229095459,0.28125,NO,,,
36.97095435684647,8910,8.71201229095459,0.28125,NO,,,
36.97095435684647,8910,8.71201229095459,0.28125,NO,,,
36.97095435684647,8910,8.71201229095459,0.28125,NO,,,
36.97095435684647,8910,8.71201229095459,0.28125,NO,,,
37.01244813278009,8920,8.312335968017578,0.21875,NO,,,
37.01244813278009,8920,8.312335968017578,0.21875,NO,,,
37.01244813278009,8920,8.312335968017578,0.21875,NO,,,
37.01244813278009,8920,8.312335968017578,0.21875,NO,,,
37.01244813278009,8920,8.312335968017578,0.21875,NO,,,
37.01244813278009,8920,8.312335968017578,0.21875,NO,,,
37.01244813278009,8920,8.312335968017578,0.21875,NO,,,
37.01244813278009,8920,8.312335968017578,0.21875,NO,,,
37.01244813278009,8920,8.312335968017578,0.21875,NO,,,
37.01244813278009,8920,8.312335968017578,0.21875,NO,,,
37.053941908713696,8930,7.984912872314453,0.3125,NO,,,
37.053941908713696,8930,7.984912872314453,0.3125,NO,,,
37.053941908713696,8930,7.984912872314453,0.3125,NO,,,
37.053941908713696,8930,7.984912872314453,0.3125,NO,,,
37.053941908713696,8930,7.984912872314453,0.3125,NO,,,
37.053941908713696,8930,7.984912872314453,0.3125,NO,,,
37.053941908713696,8930,7.984912872314453,0.3125,NO,,,
37.053941908713696,8930,7.984912872314453,0.3125,NO,,,
37.053941908713696,8930,7.984912872314453,0.3125,NO,,,
37.053941908713696,8930,7.984912872314453,0.3125,NO,,,
37.095435684647306,8940,12.165604591369629,0.15625,NO,,,
37.095435684647306,8940,12.165604591369629,0.15625,NO,,,
37.095435684647306,8940,12.165604591369629,0.15625,NO,,,
37.095435684647306,8940,12.165604591369629,0.15625,NO,,,
37.095435684647306,8940,12.165604591369629,0.15625,NO,,,
37.095435684647306,8940,12.165604591369629,0.15625,NO,,,
37.095435684647306,8940,12.165604591369629,0.15625,NO,,,
37.095435684647306,8940,12.165604591369629,0.15625,NO,,,
37.095435684647306,8940,12.165604591369629,0.15625,NO,,,
37.095435684647306,8940,12.165604591369629,0.15625,NO,,,
37.136929460580916,8950,11.064387321472168,0.25,NO,,,
37.136929460580916,8950,11.064387321472168,0.25,NO,,,
37.136929460580916,8950,11.064387321472168,0.25,NO,,,
37.136929460580916,8950,11.064387321472168,0.25,NO,,,
37.136929460580916,8950,11.064387321472168,0.25,NO,,,
37.136929460580916,8950,11.064387321472168,0.25,NO,,,
37.136929460580916,8950,11.064387321472168,0.25,NO,,,
37.136929460580916,8950,11.064387321472168,0.25,NO,,,
37.136929460580916,8950,11.064387321472168,0.25,NO,,,
37.136929460580916,8950,11.064387321472168,0.25,NO,,,
37.178423236514526,8960,11.134903907775879,0.25,NO,,,
37.178423236514526,8960,11.134903907775879,0.25,NO,,,
37.178423236514526,8960,11.134903907775879,0.25,NO,,,
37.178423236514526,8960,11.134903907775879,0.25,NO,,,
37.178423236514526,8960,11.134903907775879,0.25,NO,,,
37.178423236514526,8960,11.134903907775879,0.25,NO,,,
37.178423236514526,8960,11.134903907775879,0.25,NO,,,
37.178423236514526,8960,11.134903907775879,0.25,NO,,,
37.178423236514526,8960,11.134903907775879,0.25,NO,,,
37.178423236514526,8960,11.134903907775879,0.25,NO,,,
37.219917012448136,8970,8.284004211425781,0.28125,NO,,,
37.219917012448136,8970,8.284004211425781,0.28125,NO,,,
37.219917012448136,8970,8.284004211425781,0.28125,NO,,,
37.219917012448136,8970,8.284004211425781,0.28125,NO,,,
37.219917012448136,8970,8.284004211425781,0.28125,NO,,,
37.219917012448136,8970,8.284004211425781,0.28125,NO,,,
37.219917012448136,8970,8.284004211425781,0.28125,NO,,,
37.219917012448136,8970,8.284004211425781,0.28125,NO,,,
37.219917012448136,8970,8.284004211425781,0.28125,NO,,,
37.219917012448136,8970,8.284004211425781,0.28125,NO,,,
37.261410788381745,8980,11.268558502197266,0.1875,NO,,,
37.261410788381745,8980,11.268558502197266,0.1875,NO,,,
37.261410788381745,8980,11.268558502197266,0.1875,NO,,,
37.261410788381745,8980,11.268558502197266,0.1875,NO,,,
37.261410788381745,8980,11.268558502197266,0.1875,NO,,,
37.261410788381745,8980,11.268558502197266,0.1875,NO,,,
37.261410788381745,8980,11.268558502197266,0.1875,NO,,,
37.261410788381745,8980,11.268558502197266,0.1875,NO,,,
37.261410788381745,8980,11.268558502197266,0.1875,NO,,,
37.261410788381745,8980,11.268558502197266,0.1875,NO,,,
37.302904564315355,8990,11.397491455078125,0.125,NO,,,
37.302904564315355,8990,11.397491455078125,0.125,NO,,,
37.302904564315355,8990,11.397491455078125,0.125,NO,,,
37.302904564315355,8990,11.397491455078125,0.125,NO,,,
37.302904564315355,8990,11.397491455078125,0.125,NO,,,
37.302904564315355,8990,11.397491455078125,0.125,NO,,,
37.302904564315355,8990,11.397491455078125,0.125,NO,,,
37.302904564315355,8990,11.397491455078125,0.125,NO,,,
37.302904564315355,8990,11.397491455078125,0.125,NO,,,
37.302904564315355,8990,11.397491455078125,0.125,YES,9.55971908569336,0.25995316159250587,23.16046714782715
37.344398340248965,9000,10.725131034851074,0.15625,NO,,,
37.344398340248965,9000,10.725131034851074,0.15625,NO,,,
37.344398340248965,9000,10.725131034851074,0.15625,NO,,,
37.344398340248965,9000,10.725131034851074,0.15625,NO,,,
37.344398340248965,9000,10.725131034851074,0.15625,NO,,,
37.344398340248965,9000,10.725131034851074,0.15625,NO,,,
37.344398340248965,9000,10.725131034851074,0.15625,NO,,,
37.344398340248965,9000,10.725131034851074,0.15625,NO,,,
37.344398340248965,9000,10.725131034851074,0.15625,NO,,,
37.344398340248965,9000,10.725131034851074,0.15625,NO,,,
37.385892116182575,9010,10.467805862426758,0.25,NO,,,
37.385892116182575,9010,10.467805862426758,0.25,NO,,,
37.385892116182575,9010,10.467805862426758,0.25,NO,,,
37.385892116182575,9010,10.467805862426758,0.25,NO,,,
37.385892116182575,9010,10.467805862426758,0.25,NO,,,
37.385892116182575,9010,10.467805862426758,0.25,NO,,,
37.385892116182575,9010,10.467805862426758,0.25,NO,,,
37.385892116182575,9010,10.467805862426758,0.25,NO,,,
37.385892116182575,9010,10.467805862426758,0.25,NO,,,
37.385892116182575,9010,10.467805862426758,0.25,NO,,,
37.427385892116185,9020,12.197810173034668,0.1875,NO,,,
37.427385892116185,9020,12.197810173034668,0.1875,NO,,,
37.427385892116185,9020,12.197810173034668,0.1875,NO,,,
37.427385892116185,9020,12.197810173034668,0.1875,NO,,,
37.427385892116185,9020,12.197810173034668,0.1875,NO,,,
37.427385892116185,9020,12.197810173034668,0.1875,NO,,,
37.427385892116185,9020,12.197810173034668,0.1875,NO,,,
37.427385892116185,9020,12.197810173034668,0.1875,NO,,,
37.427385892116185,9020,12.197810173034668,0.1875,NO,,,
37.427385892116185,9020,12.197810173034668,0.1875,NO,,,
37.468879668049794,9030,14.136478424072266,0.15625,NO,,,
37.468879668049794,9030,14.136478424072266,0.15625,NO,,,
37.468879668049794,9030,14.136478424072266,0.15625,NO,,,
37.468879668049794,9030,14.136478424072266,0.15625,NO,,,
37.468879668049794,9030,14.136478424072266,0.15625,NO,,,
37.468879668049794,9030,14.136478424072266,0.15625,NO,,,
37.468879668049794,9030,14.136478424072266,0.15625,NO,,,
37.468879668049794,9030,14.136478424072266,0.15625,NO,,,
37.468879668049794,9030,14.136478424072266,0.15625,NO,,,
37.468879668049794,9030,14.136478424072266,0.15625,NO,,,
37.510373443983404,9040,9.963345527648926,0.25,NO,,,
37.510373443983404,9040,9.963345527648926,0.25,NO,,,
37.510373443983404,9040,9.963345527648926,0.25,NO,,,
37.510373443983404,9040,9.963345527648926,0.25,NO,,,
37.510373443983404,9040,9.963345527648926,0.25,NO,,,
37.510373443983404,9040,9.963345527648926,0.25,NO,,,
37.510373443983404,9040,9.963345527648926,0.25,NO,,,
37.510373443983404,9040,9.963345527648926,0.25,NO,,,
37.510373443983404,9040,9.963345527648926,0.25,NO,,,
37.510373443983404,9040,9.963345527648926,0.25,NO,,,
37.551867219917014,9050,10.727335929870605,0.28125,NO,,,
37.551867219917014,9050,10.727335929870605,0.28125,NO,,,
37.551867219917014,9050,10.727335929870605,0.28125,NO,,,
37.551867219917014,9050,10.727335929870605,0.28125,NO,,,
37.551867219917014,9050,10.727335929870605,0.28125,NO,,,
37.551867219917014,9050,10.727335929870605,0.28125,NO,,,
37.551867219917014,9050,10.727335929870605,0.28125,NO,,,
37.551867219917014,9050,10.727335929870605,0.28125,NO,,,
37.551867219917014,9050,10.727335929870605,0.28125,NO,,,
37.551867219917014,9050,10.727335929870605,0.28125,NO,,,
37.593360995850624,9060,11.823753356933594,0.25,NO,,,
37.593360995850624,9060,11.823753356933594,0.25,NO,,,
37.593360995850624,9060,11.823753356933594,0.25,NO,,,
37.593360995850624,9060,11.823753356933594,0.25,NO,,,
37.593360995850624,9060,11.823753356933594,0.25,NO,,,
37.593360995850624,9060,11.823753356933594,0.25,NO,,,
37.593360995850624,9060,11.823753356933594,0.25,NO,,,
37.593360995850624,9060,11.823753356933594,0.25,NO,,,
37.593360995850624,9060,11.823753356933594,0.25,NO,,,
37.593360995850624,9060,11.823753356933594,0.25,NO,,,
37.634854771784234,9070,10.366472244262695,0.1875,NO,,,
37.634854771784234,9070,10.366472244262695,0.1875,NO,,,
37.634854771784234,9070,10.366472244262695,0.1875,NO,,,
37.634854771784234,9070,10.366472244262695,0.1875,NO,,,
37.634854771784234,9070,10.366472244262695,0.1875,NO,,,
37.634854771784234,9070,10.366472244262695,0.1875,NO,,,
37.634854771784234,9070,10.366472244262695,0.1875,NO,,,
37.634854771784234,9070,10.366472244262695,0.1875,NO,,,
37.634854771784234,9070,10.366472244262695,0.1875,NO,,,
37.634854771784234,9070,10.366472244262695,0.1875,NO,,,
37.67634854771784,9080,9.919698715209961,0.3125,NO,,,
37.67634854771784,9080,9.919698715209961,0.3125,NO,,,
37.67634854771784,9080,9.919698715209961,0.3125,NO,,,
37.67634854771784,9080,9.919698715209961,0.3125,NO,,,
37.67634854771784,9080,9.919698715209961,0.3125,NO,,,
37.67634854771784,9080,9.919698715209961,0.3125,NO,,,
37.67634854771784,9080,9.919698715209961,0.3125,NO,,,
37.67634854771784,9080,9.919698715209961,0.3125,NO,,,
37.67634854771784,9080,9.919698715209961,0.3125,NO,,,
37.67634854771784,9080,9.919698715209961,0.3125,NO,,,
37.71784232365145,9090,10.04739761352539,0.25,NO,,,
37.71784232365145,9090,10.04739761352539,0.25,NO,,,
37.71784232365145,9090,10.04739761352539,0.25,NO,,,
37.71784232365145,9090,10.04739761352539,0.25,NO,,,
37.71784232365145,9090,10.04739761352539,0.25,NO,,,
37.71784232365145,9090,10.04739761352539,0.25,NO,,,
37.71784232365145,9090,10.04739761352539,0.25,NO,,,
37.71784232365145,9090,10.04739761352539,0.25,NO,,,
37.71784232365145,9090,10.04739761352539,0.25,NO,,,
37.71784232365145,9090,10.04739761352539,0.25,NO,,,
37.75933609958506,9100,10.949990272521973,0.125,NO,,,
37.75933609958506,9100,10.949990272521973,0.125,NO,,,
37.75933609958506,9100,10.949990272521973,0.125,NO,,,
37.75933609958506,9100,10.949990272521973,0.125,NO,,,
37.75933609958506,9100,10.949990272521973,0.125,NO,,,
37.75933609958506,9100,10.949990272521973,0.125,NO,,,
37.75933609958506,9100,10.949990272521973,0.125,NO,,,
37.75933609958506,9100,10.949990272521973,0.125,NO,,,
37.75933609958506,9100,10.949990272521973,0.125,NO,,,
37.75933609958506,9100,10.949990272521973,0.125,NO,,,
37.80082987551867,9110,11.408061027526855,0.15625,NO,,,
37.80082987551867,9110,11.408061027526855,0.15625,NO,,,
37.80082987551867,9110,11.408061027526855,0.15625,NO,,,
37.80082987551867,9110,11.408061027526855,0.15625,NO,,,
37.80082987551867,9110,11.408061027526855,0.15625,NO,,,
37.80082987551867,9110,11.408061027526855,0.15625,NO,,,
37.80082987551867,9110,11.408061027526855,0.15625,NO,,,
37.80082987551867,9110,11.408061027526855,0.15625,NO,,,
37.80082987551867,9110,11.408061027526855,0.15625,NO,,,
37.80082987551867,9110,11.408061027526855,0.15625,NO,,,
37.84232365145228,9120,5.768345832824707,0.46875,NO,,,
37.84232365145228,9120,5.768345832824707,0.46875,NO,,,
37.84232365145228,9120,5.768345832824707,0.46875,NO,,,
37.84232365145228,9120,5.768345832824707,0.46875,NO,,,
37.84232365145228,9120,5.768345832824707,0.46875,NO,,,
37.84232365145228,9120,5.768345832824707,0.46875,NO,,,
37.84232365145228,9120,5.768345832824707,0.46875,NO,,,
37.84232365145228,9120,5.768345832824707,0.46875,NO,,,
37.84232365145228,9120,5.768345832824707,0.46875,NO,,,
37.84232365145228,9120,5.768345832824707,0.46875,NO,,,
37.88381742738589,9130,5.55888557434082,0.3125,NO,,,
37.88381742738589,9130,5.55888557434082,0.3125,NO,,,
37.88381742738589,9130,5.55888557434082,0.3125,NO,,,
37.88381742738589,9130,5.55888557434082,0.3125,NO,,,
37.88381742738589,9130,5.55888557434082,0.3125,NO,,,
37.88381742738589,9130,5.55888557434082,0.3125,NO,,,
37.88381742738589,9130,5.55888557434082,0.3125,NO,,,
37.88381742738589,9130,5.55888557434082,0.3125,NO,,,
37.88381742738589,9130,5.55888557434082,0.3125,NO,,,
37.88381742738589,9130,5.55888557434082,0.3125,NO,,,
37.9253112033195,9140,7.770315647125244,0.28125,NO,,,
37.9253112033195,9140,7.770315647125244,0.28125,NO,,,
37.9253112033195,9140,7.770315647125244,0.28125,NO,,,
37.9253112033195,9140,7.770315647125244,0.28125,NO,,,
37.9253112033195,9140,7.770315647125244,0.28125,NO,,,
37.9253112033195,9140,7.770315647125244,0.28125,NO,,,
37.9253112033195,9140,7.770315647125244,0.28125,NO,,,
37.9253112033195,9140,7.770315647125244,0.28125,NO,,,
37.9253112033195,9140,7.770315647125244,0.28125,NO,,,
37.9253112033195,9140,7.770315647125244,0.28125,NO,,,
37.96680497925311,9150,7.060920715332031,0.1875,NO,,,
37.96680497925311,9150,7.060920715332031,0.1875,NO,,,
37.96680497925311,9150,7.060920715332031,0.1875,NO,,,
37.96680497925311,9150,7.060920715332031,0.1875,NO,,,
37.96680497925311,9150,7.060920715332031,0.1875,NO,,,
37.96680497925311,9150,7.060920715332031,0.1875,NO,,,
37.96680497925311,9150,7.060920715332031,0.1875,NO,,,
37.96680497925311,9150,7.060920715332031,0.1875,NO,,,
37.96680497925311,9150,7.060920715332031,0.1875,NO,,,
37.96680497925311,9150,7.060920715332031,0.1875,NO,,,
38.00829875518672,9160,5.957931041717529,0.3125,NO,,,
38.00829875518672,9160,5.957931041717529,0.3125,NO,,,
38.00829875518672,9160,5.957931041717529,0.3125,NO,,,
38.00829875518672,9160,5.957931041717529,0.3125,NO,,,
38.00829875518672,9160,5.957931041717529,0.3125,NO,,,
38.00829875518672,9160,5.957931041717529,0.3125,NO,,,
38.00829875518672,9160,5.957931041717529,0.3125,NO,,,
38.00829875518672,9160,5.957931041717529,0.3125,NO,,,
38.00829875518672,9160,5.957931041717529,0.3125,NO,,,
38.00829875518672,9160,5.957931041717529,0.3125,NO,,,
38.04979253112033,9170,7.872943878173828,0.21875,NO,,,
38.04979253112033,9170,7.872943878173828,0.21875,NO,,,
38.04979253112033,9170,7.872943878173828,0.21875,NO,,,
38.04979253112033,9170,7.872943878173828,0.21875,NO,,,
38.04979253112033,9170,7.872943878173828,0.21875,NO,,,
38.04979253112033,9170,7.872943878173828,0.21875,NO,,,
38.04979253112033,9170,7.872943878173828,0.21875,NO,,,
38.04979253112033,9170,7.872943878173828,0.21875,NO,,,
38.04979253112033,9170,7.872943878173828,0.21875,NO,,,
38.04979253112033,9170,7.872943878173828,0.21875,NO,,,
38.09128630705394,9180,4.822486877441406,0.34375,NO,,,
38.09128630705394,9180,4.822486877441406,0.34375,NO,,,
38.09128630705394,9180,4.822486877441406,0.34375,NO,,,
38.09128630705394,9180,4.822486877441406,0.34375,NO,,,
38.09128630705394,9180,4.822486877441406,0.34375,NO,,,
38.09128630705394,9180,4.822486877441406,0.34375,NO,,,
38.09128630705394,9180,4.822486877441406,0.34375,NO,,,
38.09128630705394,9180,4.822486877441406,0.34375,NO,,,
38.09128630705394,9180,4.822486877441406,0.34375,NO,,,
38.09128630705394,9180,4.822486877441406,0.34375,NO,,,
38.13278008298755,9190,8.208236694335938,0.15625,NO,,,
38.13278008298755,9190,8.208236694335938,0.15625,NO,,,
38.13278008298755,9190,8.208236694335938,0.15625,NO,,,
38.13278008298755,9190,8.208236694335938,0.15625,NO,,,
38.13278008298755,9190,8.208236694335938,0.15625,NO,,,
38.13278008298755,9190,8.208236694335938,0.15625,NO,,,
38.13278008298755,9190,8.208236694335938,0.15625,NO,,,
38.13278008298755,9190,8.208236694335938,0.15625,NO,,,
38.13278008298755,9190,8.208236694335938,0.15625,NO,,,
38.13278008298755,9190,8.208236694335938,0.15625,NO,,,
38.17427385892116,9200,8.408051490783691,0.1875,NO,,,
38.17427385892116,9200,8.408051490783691,0.1875,NO,,,
38.17427385892116,9200,8.408051490783691,0.1875,NO,,,
38.17427385892116,9200,8.408051490783691,0.1875,NO,,,
38.17427385892116,9200,8.408051490783691,0.1875,NO,,,
38.17427385892116,9200,8.408051490783691,0.1875,NO,,,
38.17427385892116,9200,8.408051490783691,0.1875,NO,,,
38.17427385892116,9200,8.408051490783691,0.1875,NO,,,
38.17427385892116,9200,8.408051490783691,0.1875,NO,,,
38.17427385892116,9200,8.408051490783691,0.1875,NO,,,
38.21576763485477,9210,10.471075057983398,0.1875,NO,,,
38.21576763485477,9210,10.471075057983398,0.1875,NO,,,
38.21576763485477,9210,10.471075057983398,0.1875,NO,,,
38.21576763485477,9210,10.471075057983398,0.1875,NO,,,
38.21576763485477,9210,10.471075057983398,0.1875,NO,,,
38.21576763485477,9210,10.471075057983398,0.1875,NO,,,
38.21576763485477,9210,10.471075057983398,0.1875,NO,,,
38.21576763485477,9210,10.471075057983398,0.1875,NO,,,
38.21576763485477,9210,10.471075057983398,0.1875,NO,,,
38.21576763485477,9210,10.471075057983398,0.1875,NO,,,
38.25726141078838,9220,13.470108985900879,0.125,NO,,,
38.25726141078838,9220,13.470108985900879,0.125,NO,,,
38.25726141078838,9220,13.470108985900879,0.125,NO,,,
38.25726141078838,9220,13.470108985900879,0.125,NO,,,
38.25726141078838,9220,13.470108985900879,0.125,NO,,,
38.25726141078838,9220,13.470108985900879,0.125,NO,,,
38.25726141078838,9220,13.470108985900879,0.125,NO,,,
38.25726141078838,9220,13.470108985900879,0.125,NO,,,
38.25726141078838,9220,13.470108985900879,0.125,NO,,,
38.25726141078838,9220,13.470108985900879,0.125,NO,,,
38.29875518672199,9230,13.63868522644043,0.09375,NO,,,
38.29875518672199,9230,13.63868522644043,0.09375,NO,,,
38.29875518672199,9230,13.63868522644043,0.09375,NO,,,
38.29875518672199,9230,13.63868522644043,0.09375,NO,,,
38.29875518672199,9230,13.63868522644043,0.09375,NO,,,
38.29875518672199,9230,13.63868522644043,0.09375,NO,,,
38.29875518672199,9230,13.63868522644043,0.09375,NO,,,
38.29875518672199,9230,13.63868522644043,0.09375,NO,,,
38.29875518672199,9230,13.63868522644043,0.09375,NO,,,
38.29875518672199,9230,13.63868522644043,0.09375,NO,,,
38.3402489626556,9240,14.554278373718262,0.1875,NO,,,
38.3402489626556,9240,14.554278373718262,0.1875,NO,,,
38.3402489626556,9240,14.554278373718262,0.1875,NO,,,
38.3402489626556,9240,14.554278373718262,0.1875,NO,,,
38.3402489626556,9240,14.554278373718262,0.1875,NO,,,
38.3402489626556,9240,14.554278373718262,0.1875,NO,,,
38.3402489626556,9240,14.554278373718262,0.1875,NO,,,
38.3402489626556,9240,14.554278373718262,0.1875,NO,,,
38.3402489626556,9240,14.554278373718262,0.1875,NO,,,
38.3402489626556,9240,14.554278373718262,0.1875,NO,,,
38.38174273858921,9250,13.23731517791748,0.34375,NO,,,
38.38174273858921,9250,13.23731517791748,0.34375,NO,,,
38.38174273858921,9250,13.23731517791748,0.34375,NO,,,
38.38174273858921,9250,13.23731517791748,0.34375,NO,,,
38.38174273858921,9250,13.23731517791748,0.34375,NO,,,
38.38174273858921,9250,13.23731517791748,0.34375,NO,,,
38.38174273858921,9250,13.23731517791748,0.34375,NO,,,
38.38174273858921,9250,13.23731517791748,0.34375,NO,,,
38.38174273858921,9250,13.23731517791748,0.34375,NO,,,
38.38174273858921,9250,13.23731517791748,0.34375,NO,,,
38.42323651452282,9260,17.67474365234375,0.09375,NO,,,
38.42323651452282,9260,17.67474365234375,0.09375,NO,,,
38.42323651452282,9260,17.67474365234375,0.09375,NO,,,
38.42323651452282,9260,17.67474365234375,0.09375,NO,,,
38.42323651452282,9260,17.67474365234375,0.09375,NO,,,
38.42323651452282,9260,17.67474365234375,0.09375,NO,,,
38.42323651452282,9260,17.67474365234375,0.09375,NO,,,
38.42323651452282,9260,17.67474365234375,0.09375,NO,,,
38.42323651452282,9260,17.67474365234375,0.09375,NO,,,
38.42323651452282,9260,17.67474365234375,0.09375,NO,,,
38.46473029045643,9270,15.330864906311035,0.25,NO,,,
38.46473029045643,9270,15.330864906311035,0.25,NO,,,
38.46473029045643,9270,15.330864906311035,0.25,NO,,,
38.46473029045643,9270,15.330864906311035,0.25,NO,,,
38.46473029045643,9270,15.330864906311035,0.25,NO,,,
38.46473029045643,9270,15.330864906311035,0.25,NO,,,
38.46473029045643,9270,15.330864906311035,0.25,NO,,,
38.46473029045643,9270,15.330864906311035,0.25,NO,,,
38.46473029045643,9270,15.330864906311035,0.25,NO,,,
38.46473029045643,9270,15.330864906311035,0.25,NO,,,
38.50622406639004,9280,15.176554679870605,0.1875,NO,,,
38.50622406639004,9280,15.176554679870605,0.1875,NO,,,
38.50622406639004,9280,15.176554679870605,0.1875,NO,,,
38.50622406639004,9280,15.176554679870605,0.1875,NO,,,
38.50622406639004,9280,15.176554679870605,0.1875,NO,,,
38.50622406639004,9280,15.176554679870605,0.1875,NO,,,
38.50622406639004,9280,15.176554679870605,0.1875,NO,,,
38.50622406639004,9280,15.176554679870605,0.1875,NO,,,
38.50622406639004,9280,15.176554679870605,0.1875,NO,,,
38.50622406639004,9280,15.176554679870605,0.1875,NO,,,
38.54771784232365,9290,12.650882720947266,0.125,NO,,,
38.54771784232365,9290,12.650882720947266,0.125,NO,,,
38.54771784232365,9290,12.650882720947266,0.125,NO,,,
38.54771784232365,9290,12.650882720947266,0.125,NO,,,
38.54771784232365,9290,12.650882720947266,0.125,NO,,,
38.54771784232365,9290,12.650882720947266,0.125,NO,,,
38.54771784232365,9290,12.650882720947266,0.125,NO,,,
38.54771784232365,9290,12.650882720947266,0.125,NO,,,
38.54771784232365,9290,12.650882720947266,0.125,NO,,,
38.54771784232365,9290,12.650882720947266,0.125,NO,,,
38.58921161825726,9300,14.312727928161621,0.1875,NO,,,
38.58921161825726,9300,14.312727928161621,0.1875,NO,,,
38.58921161825726,9300,14.312727928161621,0.1875,NO,,,
38.58921161825726,9300,14.312727928161621,0.1875,NO,,,
38.58921161825726,9300,14.312727928161621,0.1875,NO,,,
38.58921161825726,9300,14.312727928161621,0.1875,NO,,,
38.58921161825726,9300,14.312727928161621,0.1875,NO,,,
38.58921161825726,9300,14.312727928161621,0.1875,NO,,,
38.58921161825726,9300,14.312727928161621,0.1875,NO,,,
38.58921161825726,9300,14.312727928161621,0.1875,NO,,,
38.63070539419087,9310,15.740249633789062,0.1875,NO,,,
38.63070539419087,9310,15.740249633789062,0.1875,NO,,,
38.63070539419087,9310,15.740249633789062,0.1875,NO,,,
38.63070539419087,9310,15.740249633789062,0.1875,NO,,,
38.63070539419087,9310,15.740249633789062,0.1875,NO,,,
38.63070539419087,9310,15.740249633789062,0.1875,NO,,,
38.63070539419087,9310,15.740249633789062,0.1875,NO,,,
38.63070539419087,9310,15.740249633789062,0.1875,NO,,,
38.63070539419087,9310,15.740249633789062,0.1875,NO,,,
38.63070539419087,9310,15.740249633789062,0.1875,NO,,,
38.67219917012448,9320,15.68631649017334,0.09375,NO,,,
38.67219917012448,9320,15.68631649017334,0.09375,NO,,,
38.67219917012448,9320,15.68631649017334,0.09375,NO,,,
38.67219917012448,9320,15.68631649017334,0.09375,NO,,,
38.67219917012448,9320,15.68631649017334,0.09375,NO,,,
38.67219917012448,9320,15.68631649017334,0.09375,NO,,,
38.67219917012448,9320,15.68631649017334,0.09375,NO,,,
38.67219917012448,9320,15.68631649017334,0.09375,NO,,,
38.67219917012448,9320,15.68631649017334,0.09375,NO,,,
38.67219917012448,9320,15.68631649017334,0.09375,NO,,,
38.71369294605809,9330,12.775612831115723,0.0625,NO,,,
38.71369294605809,9330,12.775612831115723,0.0625,NO,,,
38.71369294605809,9330,12.775612831115723,0.0625,NO,,,
38.71369294605809,9330,12.775612831115723,0.0625,NO,,,
38.71369294605809,9330,12.775612831115723,0.0625,NO,,,
38.71369294605809,9330,12.775612831115723,0.0625,NO,,,
38.71369294605809,9330,12.775612831115723,0.0625,NO,,,
38.71369294605809,9330,12.775612831115723,0.0625,NO,,,
38.71369294605809,9330,12.775612831115723,0.0625,NO,,,
38.71369294605809,9330,12.775612831115723,0.0625,NO,,,
38.7551867219917,9340,12.361928939819336,0.125,NO,,,
38.7551867219917,9340,12.361928939819336,0.125,NO,,,
38.7551867219917,9340,12.361928939819336,0.125,NO,,,
38.7551867219917,9340,12.361928939819336,0.125,NO,,,
38.7551867219917,9340,12.361928939819336,0.125,NO,,,
38.7551867219917,9340,12.361928939819336,0.125,NO,,,
38.7551867219917,9340,12.361928939819336,0.125,NO,,,
38.7551867219917,9340,12.361928939819336,0.125,NO,,,
38.7551867219917,9340,12.361928939819336,0.125,NO,,,
38.7551867219917,9340,12.361928939819336,0.125,NO,,,
38.79668049792531,9350,12.926009178161621,0.15625,NO,,,
38.79668049792531,9350,12.926009178161621,0.15625,NO,,,
38.79668049792531,9350,12.926009178161621,0.15625,NO,,,
38.79668049792531,9350,12.926009178161621,0.15625,NO,,,
38.79668049792531,9350,12.926009178161621,0.15625,NO,,,
38.79668049792531,9350,12.926009178161621,0.15625,NO,,,
38.79668049792531,9350,12.926009178161621,0.15625,NO,,,
38.79668049792531,9350,12.926009178161621,0.15625,NO,,,
38.79668049792531,9350,12.926009178161621,0.15625,NO,,,
38.79668049792531,9350,12.926009178161621,0.15625,NO,,,
38.83817427385892,9360,15.209246635437012,0.1875,NO,,,
38.83817427385892,9360,15.209246635437012,0.1875,NO,,,
38.83817427385892,9360,15.209246635437012,0.1875,NO,,,
38.83817427385892,9360,15.209246635437012,0.1875,NO,,,
38.83817427385892,9360,15.209246635437012,0.1875,NO,,,
38.83817427385892,9360,15.209246635437012,0.1875,NO,,,
38.83817427385892,9360,15.209246635437012,0.1875,NO,,,
38.83817427385892,9360,15.209246635437012,0.1875,NO,,,
38.83817427385892,9360,15.209246635437012,0.1875,NO,,,
38.83817427385892,9360,15.209246635437012,0.1875,NO,,,
38.87966804979253,9370,17.709716796875,0.21875,NO,,,
38.87966804979253,9370,17.709716796875,0.21875,NO,,,
38.87966804979253,9370,17.709716796875,0.21875,NO,,,
38.87966804979253,9370,17.709716796875,0.21875,NO,,,
38.87966804979253,9370,17.709716796875,0.21875,NO,,,
38.87966804979253,9370,17.709716796875,0.21875,NO,,,
38.87966804979253,9370,17.709716796875,0.21875,NO,,,
38.87966804979253,9370,17.709716796875,0.21875,NO,,,
38.87966804979253,9370,17.709716796875,0.21875,NO,,,
38.87966804979253,9370,17.709716796875,0.21875,NO,,,
38.92116182572614,9380,15.22802734375,0.1875,NO,,,
38.92116182572614,9380,15.22802734375,0.1875,NO,,,
38.92116182572614,9380,15.22802734375,0.1875,NO,,,
38.92116182572614,9380,15.22802734375,0.1875,NO,,,
38.92116182572614,9380,15.22802734375,0.1875,NO,,,
38.92116182572614,9380,15.22802734375,0.1875,NO,,,
38.92116182572614,9380,15.22802734375,0.1875,NO,,,
38.92116182572614,9380,15.22802734375,0.1875,NO,,,
38.92116182572614,9380,15.22802734375,0.1875,NO,,,
38.92116182572614,9380,15.22802734375,0.1875,NO,,,
38.96265560165975,9390,19.26123046875,0.125,NO,,,
38.96265560165975,9390,19.26123046875,0.125,NO,,,
38.96265560165975,9390,19.26123046875,0.125,NO,,,
38.96265560165975,9390,19.26123046875,0.125,NO,,,
38.96265560165975,9390,19.26123046875,0.125,NO,,,
38.96265560165975,9390,19.26123046875,0.125,NO,,,
38.96265560165975,9390,19.26123046875,0.125,NO,,,
38.96265560165975,9390,19.26123046875,0.125,NO,,,
38.96265560165975,9390,19.26123046875,0.125,NO,,,
38.96265560165975,9390,19.26123046875,0.125,NO,,,
39.004149377593365,9400,17.78955078125,0.1875,NO,,,
39.004149377593365,9400,17.78955078125,0.1875,NO,,,
39.004149377593365,9400,17.78955078125,0.1875,NO,,,
39.004149377593365,9400,17.78955078125,0.1875,NO,,,
39.004149377593365,9400,17.78955078125,0.1875,NO,,,
39.004149377593365,9400,17.78955078125,0.1875,NO,,,
39.004149377593365,9400,17.78955078125,0.1875,NO,,,
39.004149377593365,9400,17.78955078125,0.1875,NO,,,
39.004149377593365,9400,17.78955078125,0.1875,NO,,,
39.004149377593365,9400,17.78955078125,0.1875,NO,,,
39.045643153526974,9410,19.37548828125,0.125,NO,,,
39.045643153526974,9410,19.37548828125,0.125,NO,,,
39.045643153526974,9410,19.37548828125,0.125,NO,,,
39.045643153526974,9410,19.37548828125,0.125,NO,,,
39.045643153526974,9410,19.37548828125,0.125,NO,,,
39.045643153526974,9410,19.37548828125,0.125,NO,,,
39.045643153526974,9410,19.37548828125,0.125,NO,,,
39.045643153526974,9410,19.37548828125,0.125,NO,,,
39.045643153526974,9410,19.37548828125,0.125,NO,,,
39.045643153526974,9410,19.37548828125,0.125,NO,,,
39.087136929460584,9420,20.225341796875,0.0625,NO,,,
39.087136929460584,9420,20.225341796875,0.0625,NO,,,
39.087136929460584,9420,20.225341796875,0.0625,NO,,,
39.087136929460584,9420,20.225341796875,0.0625,NO,,,
39.087136929460584,9420,20.225341796875,0.0625,NO,,,
39.087136929460584,9420,20.225341796875,0.0625,NO,,,
39.087136929460584,9420,20.225341796875,0.0625,NO,,,
39.087136929460584,9420,20.225341796875,0.0625,NO,,,
39.087136929460584,9420,20.225341796875,0.0625,NO,,,
39.087136929460584,9420,20.225341796875,0.0625,NO,,,
39.128630705394194,9430,18.387451171875,0.1875,NO,,,
39.128630705394194,9430,18.387451171875,0.1875,NO,,,
39.128630705394194,9430,18.387451171875,0.1875,NO,,,
39.128630705394194,9430,18.387451171875,0.1875,NO,,,
39.128630705394194,9430,18.387451171875,0.1875,NO,,,
39.128630705394194,9430,18.387451171875,0.1875,NO,,,
39.128630705394194,9430,18.387451171875,0.1875,NO,,,
39.128630705394194,9430,18.387451171875,0.1875,NO,,,
39.128630705394194,9430,18.387451171875,0.1875,NO,,,
39.128630705394194,9430,18.387451171875,0.1875,NO,,,
39.170124481327804,9440,17.5087890625,0.25,NO,,,
39.170124481327804,9440,17.5087890625,0.25,NO,,,
39.170124481327804,9440,17.5087890625,0.25,NO,,,
39.170124481327804,9440,17.5087890625,0.25,NO,,,
39.170124481327804,9440,17.5087890625,0.25,NO,,,
39.170124481327804,9440,17.5087890625,0.25,NO,,,
39.170124481327804,9440,17.5087890625,0.25,NO,,,
39.170124481327804,9440,17.5087890625,0.25,NO,,,
39.170124481327804,9440,17.5087890625,0.25,NO,,,
39.170124481327804,9440,17.5087890625,0.25,NO,,,
39.211618257261414,9450,21.04150390625,0.125,NO,,,
39.211618257261414,9450,21.04150390625,0.125,NO,,,
39.211618257261414,9450,21.04150390625,0.125,NO,,,
39.211618257261414,9450,21.04150390625,0.125,NO,,,
39.211618257261414,9450,21.04150390625,0.125,NO,,,
39.211618257261414,9450,21.04150390625,0.125,NO,,,
39.211618257261414,9450,21.04150390625,0.125,NO,,,
39.211618257261414,9450,21.04150390625,0.125,NO,,,
39.211618257261414,9450,21.04150390625,0.125,NO,,,
39.211618257261414,9450,21.04150390625,0.125,NO,,,
39.25311203319502,9460,19.2509765625,0.0625,NO,,,
39.25311203319502,9460,19.2509765625,0.0625,NO,,,
39.25311203319502,9460,19.2509765625,0.0625,NO,,,
39.25311203319502,9460,19.2509765625,0.0625,NO,,,
39.25311203319502,9460,19.2509765625,0.0625,NO,,,
39.25311203319502,9460,19.2509765625,0.0625,NO,,,
39.25311203319502,9460,19.2509765625,0.0625,NO,,,
39.25311203319502,9460,19.2509765625,0.0625,NO,,,
39.25311203319502,9460,19.2509765625,0.0625,NO,,,
39.25311203319502,9460,19.2509765625,0.0625,NO,,,
39.29460580912863,9470,20.81884765625,0.1875,NO,,,
39.29460580912863,9470,20.81884765625,0.1875,NO,,,
39.29460580912863,9470,20.81884765625,0.1875,NO,,,
39.29460580912863,9470,20.81884765625,0.1875,NO,,,
39.29460580912863,9470,20.81884765625,0.1875,NO,,,
39.29460580912863,9470,20.81884765625,0.1875,NO,,,
39.29460580912863,9470,20.81884765625,0.1875,NO,,,
39.29460580912863,9470,20.81884765625,0.1875,NO,,,
39.29460580912863,9470,20.81884765625,0.1875,NO,,,
39.29460580912863,9470,20.81884765625,0.1875,NO,,,
39.33609958506224,9480,16.93408203125,0.21875,NO,,,
39.33609958506224,9480,16.93408203125,0.21875,NO,,,
39.33609958506224,9480,16.93408203125,0.21875,NO,,,
39.33609958506224,9480,16.93408203125,0.21875,NO,,,
39.33609958506224,9480,16.93408203125,0.21875,NO,,,
39.33609958506224,9480,16.93408203125,0.21875,NO,,,
39.33609958506224,9480,16.93408203125,0.21875,NO,,,
39.33609958506224,9480,16.93408203125,0.21875,NO,,,
39.33609958506224,9480,16.93408203125,0.21875,NO,,,
39.33609958506224,9480,16.93408203125,0.21875,NO,,,
39.37759336099585,9490,17.81591796875,0.25,NO,,,
39.37759336099585,9490,17.81591796875,0.25,NO,,,
39.37759336099585,9490,17.81591796875,0.25,NO,,,
39.37759336099585,9490,17.81591796875,0.25,NO,,,
39.37759336099585,9490,17.81591796875,0.25,NO,,,
39.37759336099585,9490,17.81591796875,0.25,NO,,,
39.37759336099585,9490,17.81591796875,0.25,NO,,,
39.37759336099585,9490,17.81591796875,0.25,NO,,,
39.37759336099585,9490,17.81591796875,0.25,NO,,,
39.37759336099585,9490,17.81591796875,0.25,NO,,,
39.41908713692946,9500,17.07373046875,0.3125,NO,,,
39.41908713692946,9500,17.07373046875,0.3125,NO,,,
39.41908713692946,9500,17.07373046875,0.3125,NO,,,
39.41908713692946,9500,17.07373046875,0.3125,NO,,,
39.41908713692946,9500,17.07373046875,0.3125,NO,,,
39.41908713692946,9500,17.07373046875,0.3125,NO,,,
39.41908713692946,9500,17.07373046875,0.3125,NO,,,
39.41908713692946,9500,17.07373046875,0.3125,NO,,,
39.41908713692946,9500,17.07373046875,0.3125,NO,,,
39.41908713692946,9500,17.07373046875,0.3125,NO,,,
39.46058091286307,9510,21.2216796875,0.25,NO,,,
39.46058091286307,9510,21.2216796875,0.25,NO,,,
39.46058091286307,9510,21.2216796875,0.25,NO,,,
39.46058091286307,9510,21.2216796875,0.25,NO,,,
39.46058091286307,9510,21.2216796875,0.25,NO,,,
39.46058091286307,9510,21.2216796875,0.25,NO,,,
39.46058091286307,9510,21.2216796875,0.25,NO,,,
39.46058091286307,9510,21.2216796875,0.25,NO,,,
39.46058091286307,9510,21.2216796875,0.25,NO,,,
39.46058091286307,9510,21.2216796875,0.25,NO,,,
39.50207468879668,9520,22.3837890625,0.21875,NO,,,
39.50207468879668,9520,22.3837890625,0.21875,NO,,,
39.50207468879668,9520,22.3837890625,0.21875,NO,,,
39.50207468879668,9520,22.3837890625,0.21875,NO,,,
39.50207468879668,9520,22.3837890625,0.21875,NO,,,
39.50207468879668,9520,22.3837890625,0.21875,NO,,,
39.50207468879668,9520,22.3837890625,0.21875,NO,,,
39.50207468879668,9520,22.3837890625,0.21875,NO,,,
39.50207468879668,9520,22.3837890625,0.21875,NO,,,
39.50207468879668,9520,22.3837890625,0.21875,NO,,,
39.54356846473029,9530,27.76513671875,0.15625,NO,,,
39.54356846473029,9530,27.76513671875,0.15625,NO,,,
39.54356846473029,9530,27.76513671875,0.15625,NO,,,
39.54356846473029,9530,27.76513671875,0.15625,NO,,,
39.54356846473029,9530,27.76513671875,0.15625,NO,,,
39.54356846473029,9530,27.76513671875,0.15625,NO,,,
39.54356846473029,9530,27.76513671875,0.15625,NO,,,
39.54356846473029,9530,27.76513671875,0.15625,NO,,,
39.54356846473029,9530,27.76513671875,0.15625,NO,,,
39.54356846473029,9530,27.76513671875,0.15625,NO,,,
39.5850622406639,9540,25.81298828125,0.1875,NO,,,
39.5850622406639,9540,25.81298828125,0.1875,NO,,,
39.5850622406639,9540,25.81298828125,0.1875,NO,,,
39.5850622406639,9540,25.81298828125,0.1875,NO,,,
39.5850622406639,9540,25.81298828125,0.1875,NO,,,
39.5850622406639,9540,25.81298828125,0.1875,NO,,,
39.5850622406639,9540,25.81298828125,0.1875,NO,,,
39.5850622406639,9540,25.81298828125,0.1875,NO,,,
39.5850622406639,9540,25.81298828125,0.1875,NO,,,
39.5850622406639,9540,25.81298828125,0.1875,NO,,,
39.62655601659751,9550,25.2705078125,0.21875,NO,,,
39.62655601659751,9550,25.2705078125,0.21875,NO,,,
39.62655601659751,9550,25.2705078125,0.21875,NO,,,
39.62655601659751,9550,25.2705078125,0.21875,NO,,,
39.62655601659751,9550,25.2705078125,0.21875,NO,,,
39.62655601659751,9550,25.2705078125,0.21875,NO,,,
39.62655601659751,9550,25.2705078125,0.21875,NO,,,
39.62655601659751,9550,25.2705078125,0.21875,NO,,,
39.62655601659751,9550,25.2705078125,0.21875,NO,,,
39.62655601659751,9550,25.2705078125,0.21875,NO,,,
39.66804979253112,9560,29.61279296875,0.09375,NO,,,
39.66804979253112,9560,29.61279296875,0.09375,NO,,,
39.66804979253112,9560,29.61279296875,0.09375,NO,,,
39.66804979253112,9560,29.61279296875,0.09375,NO,,,
39.66804979253112,9560,29.61279296875,0.09375,NO,,,
39.66804979253112,9560,29.61279296875,0.09375,NO,,,
39.66804979253112,9560,29.61279296875,0.09375,NO,,,
39.66804979253112,9560,29.61279296875,0.09375,NO,,,
39.66804979253112,9560,29.61279296875,0.09375,NO,,,
39.66804979253112,9560,29.61279296875,0.09375,NO,,,
39.70954356846473,9570,25.357421875,0.25,NO,,,
39.70954356846473,9570,25.357421875,0.25,NO,,,
39.70954356846473,9570,25.357421875,0.25,NO,,,
39.70954356846473,9570,25.357421875,0.25,NO,,,
39.70954356846473,9570,25.357421875,0.25,NO,,,
39.70954356846473,9570,25.357421875,0.25,NO,,,
39.70954356846473,9570,25.357421875,0.25,NO,,,
39.70954356846473,9570,25.357421875,0.25,NO,,,
39.70954356846473,9570,25.357421875,0.25,NO,,,
39.70954356846473,9570,25.357421875,0.25,NO,,,
39.75103734439834,9580,27.3896484375,0.15625,NO,,,
39.75103734439834,9580,27.3896484375,0.15625,NO,,,
39.75103734439834,9580,27.3896484375,0.15625,NO,,,
39.75103734439834,9580,27.3896484375,0.15625,NO,,,
39.75103734439834,9580,27.3896484375,0.15625,NO,,,
39.75103734439834,9580,27.3896484375,0.15625,NO,,,
39.75103734439834,9580,27.3896484375,0.15625,NO,,,
39.75103734439834,9580,27.3896484375,0.15625,NO,,,
39.75103734439834,9580,27.3896484375,0.15625,NO,,,
39.75103734439834,9580,27.3896484375,0.15625,NO,,,
39.79253112033195,9590,22.328125,0.28125,NO,,,
39.79253112033195,9590,22.328125,0.28125,NO,,,
39.79253112033195,9590,22.328125,0.28125,NO,,,
39.79253112033195,9590,22.328125,0.28125,NO,,,
39.79253112033195,9590,22.328125,0.28125,NO,,,
39.79253112033195,9590,22.328125,0.28125,NO,,,
39.79253112033195,9590,22.328125,0.28125,NO,,,
39.79253112033195,9590,22.328125,0.28125,NO,,,
39.79253112033195,9590,22.328125,0.28125,NO,,,
39.79253112033195,9590,22.328125,0.28125,NO,,,
39.83402489626556,9600,25.224609375,0.15625,NO,,,
39.83402489626556,9600,25.224609375,0.15625,NO,,,
39.83402489626556,9600,25.224609375,0.15625,NO,,,
39.83402489626556,9600,25.224609375,0.15625,NO,,,
39.83402489626556,9600,25.224609375,0.15625,NO,,,
39.83402489626556,9600,25.224609375,0.15625,NO,,,
39.83402489626556,9600,25.224609375,0.15625,NO,,,
39.83402489626556,9600,25.224609375,0.15625,NO,,,
39.83402489626556,9600,25.224609375,0.15625,NO,,,
39.83402489626556,9600,25.224609375,0.15625,NO,,,
39.87551867219917,9610,21.76416015625,0.21875,NO,,,
39.87551867219917,9610,21.76416015625,0.21875,NO,,,
39.87551867219917,9610,21.76416015625,0.21875,NO,,,
39.87551867219917,9610,21.76416015625,0.21875,NO,,,
39.87551867219917,9610,21.76416015625,0.21875,NO,,,
39.87551867219917,9610,21.76416015625,0.21875,NO,,,
39.87551867219917,9610,21.76416015625,0.21875,NO,,,
39.87551867219917,9610,21.76416015625,0.21875,NO,,,
39.87551867219917,9610,21.76416015625,0.21875,NO,,,
39.87551867219917,9610,21.76416015625,0.21875,NO,,,
39.91701244813278,9620,18.94775390625,0.125,NO,,,
39.91701244813278,9620,18.94775390625,0.125,NO,,,
39.91701244813278,9620,18.94775390625,0.125,NO,,,
39.91701244813278,9620,18.94775390625,0.125,NO,,,
39.91701244813278,9620,18.94775390625,0.125,NO,,,
39.91701244813278,9620,18.94775390625,0.125,NO,,,
39.91701244813278,9620,18.94775390625,0.125,NO,,,
39.91701244813278,9620,18.94775390625,0.125,NO,,,
39.91701244813278,9620,18.94775390625,0.125,NO,,,
39.91701244813278,9620,18.94775390625,0.125,NO,,,
39.95850622406639,9630,17.97802734375,0.1875,NO,,,
39.95850622406639,9630,17.97802734375,0.1875,NO,,,
39.95850622406639,9630,17.97802734375,0.1875,NO,,,
39.95850622406639,9630,17.97802734375,0.1875,NO,,,
39.95850622406639,9630,17.97802734375,0.1875,NO,,,
39.95850622406639,9630,17.97802734375,0.1875,NO,,,
39.95850622406639,9630,17.97802734375,0.1875,NO,,,
39.95850622406639,9630,17.97802734375,0.1875,NO,,,
39.95850622406639,9630,17.97802734375,0.1875,NO,,,
39.95850622406639,9630,17.97802734375,0.1875,NO,,,
40.0,9640,20.2880859375,0.09375,NO,,,
40.0,9640,20.2880859375,0.09375,NO,,,
40.0,9640,20.2880859375,0.09375,NO,,,
40.0,9640,20.2880859375,0.09375,NO,,,
40.0,9640,20.2880859375,0.09375,NO,,,
40.0,9640,20.2880859375,0.09375,NO,,,
40.0,9640,20.2880859375,0.09375,NO,,,
40.0,9640,20.2880859375,0.09375,NO,,,
40.0,9640,20.2880859375,0.09375,NO,,,
40.0,9640,20.2880859375,0.09375,NO,,,
40.04149377593361,9650,15.13671875,0.34375,NO,,,
40.04149377593361,9650,15.13671875,0.34375,NO,,,
40.04149377593361,9650,15.13671875,0.34375,NO,,,
40.04149377593361,9650,15.13671875,0.34375,NO,,,
40.04149377593361,9650,15.13671875,0.34375,NO,,,
40.04149377593361,9650,15.13671875,0.34375,NO,,,
40.04149377593361,9650,15.13671875,0.34375,NO,,,
40.04149377593361,9650,15.13671875,0.34375,NO,,,
40.04149377593361,9650,15.13671875,0.34375,NO,,,
40.04149377593361,9650,15.13671875,0.34375,NO,,,
40.08298755186722,9660,19.322265625,0.21875,NO,,,
40.08298755186722,9660,19.322265625,0.21875,NO,,,
40.08298755186722,9660,19.322265625,0.21875,NO,,,
40.08298755186722,9660,19.322265625,0.21875,NO,,,
40.08298755186722,9660,19.322265625,0.21875,NO,,,
40.08298755186722,9660,19.322265625,0.21875,NO,,,
40.08298755186722,9660,19.322265625,0.21875,NO,,,
40.08298755186722,9660,19.322265625,0.21875,NO,,,
40.08298755186722,9660,19.322265625,0.21875,NO,,,
40.08298755186722,9660,19.322265625,0.21875,NO,,,
40.12448132780083,9670,18.03955078125,0.15625,NO,,,
40.12448132780083,9670,18.03955078125,0.15625,NO,,,
40.12448132780083,9670,18.03955078125,0.15625,NO,,,
40.12448132780083,9670,18.03955078125,0.15625,NO,,,
40.12448132780083,9670,18.03955078125,0.15625,NO,,,
40.12448132780083,9670,18.03955078125,0.15625,NO,,,
40.12448132780083,9670,18.03955078125,0.15625,NO,,,
40.12448132780083,9670,18.03955078125,0.15625,NO,,,
40.12448132780083,9670,18.03955078125,0.15625,NO,,,
40.12448132780083,9670,18.03955078125,0.15625,NO,,,
40.16597510373444,9680,15.15576171875,0.3125,NO,,,
40.16597510373444,9680,15.15576171875,0.3125,NO,,,
40.16597510373444,9680,15.15576171875,0.3125,NO,,,
40.16597510373444,9680,15.15576171875,0.3125,NO,,,
40.16597510373444,9680,15.15576171875,0.3125,NO,,,
40.16597510373444,9680,15.15576171875,0.3125,NO,,,
40.16597510373444,9680,15.15576171875,0.3125,NO,,,
40.16597510373444,9680,15.15576171875,0.3125,NO,,,
40.16597510373444,9680,15.15576171875,0.3125,NO,,,
40.16597510373444,9680,15.15576171875,0.3125,NO,,,
40.20746887966805,9690,15.208984375,0.28125,NO,,,
40.20746887966805,9690,15.208984375,0.28125,NO,,,
40.20746887966805,9690,15.208984375,0.28125,NO,,,
40.20746887966805,9690,15.208984375,0.28125,NO,,,
40.20746887966805,9690,15.208984375,0.28125,NO,,,
40.20746887966805,9690,15.208984375,0.28125,NO,,,
40.20746887966805,9690,15.208984375,0.28125,NO,,,
40.20746887966805,9690,15.208984375,0.28125,NO,,,
40.20746887966805,9690,15.208984375,0.28125,NO,,,
40.20746887966805,9690,15.208984375,0.28125,NO,,,
40.24896265560166,9700,18.9599609375,0.1875,NO,,,
40.24896265560166,9700,18.9599609375,0.1875,NO,,,
40.24896265560166,9700,18.9599609375,0.1875,NO,,,
40.24896265560166,9700,18.9599609375,0.1875,NO,,,
40.24896265560166,9700,18.9599609375,0.1875,NO,,,
40.24896265560166,9700,18.9599609375,0.1875,NO,,,
40.24896265560166,9700,18.9599609375,0.1875,NO,,,
40.24896265560166,9700,18.9599609375,0.1875,NO,,,
40.24896265560166,9700,18.9599609375,0.1875,NO,,,
40.24896265560166,9700,18.9599609375,0.1875,NO,,,
40.29045643153527,9710,21.9677734375,0.15625,NO,,,
40.29045643153527,9710,21.9677734375,0.15625,NO,,,
40.29045643153527,9710,21.9677734375,0.15625,NO,,,
40.29045643153527,9710,21.9677734375,0.15625,NO,,,
40.29045643153527,9710,21.9677734375,0.15625,NO,,,
40.29045643153527,9710,21.9677734375,0.15625,NO,,,
40.29045643153527,9710,21.9677734375,0.15625,NO,,,
40.29045643153527,9710,21.9677734375,0.15625,NO,,,
40.29045643153527,9710,21.9677734375,0.15625,NO,,,
40.29045643153527,9710,21.9677734375,0.15625,NO,,,
40.33195020746888,9720,22.8203125,0.1875,NO,,,
40.33195020746888,9720,22.8203125,0.1875,NO,,,
40.33195020746888,9720,22.8203125,0.1875,NO,,,
40.33195020746888,9720,22.8203125,0.1875,NO,,,
40.33195020746888,9720,22.8203125,0.1875,NO,,,
40.33195020746888,9720,22.8203125,0.1875,NO,,,
40.33195020746888,9720,22.8203125,0.1875,NO,,,
40.33195020746888,9720,22.8203125,0.1875,NO,,,
40.33195020746888,9720,22.8203125,0.1875,NO,,,
40.33195020746888,9720,22.8203125,0.1875,NO,,,
40.37344398340249,9730,17.333984375,0.3125,NO,,,
40.37344398340249,9730,17.333984375,0.3125,NO,,,
40.37344398340249,9730,17.333984375,0.3125,NO,,,
40.37344398340249,9730,17.333984375,0.3125,NO,,,
40.37344398340249,9730,17.333984375,0.3125,NO,,,
40.37344398340249,9730,17.333984375,0.3125,NO,,,
40.37344398340249,9730,17.333984375,0.3125,NO,,,
40.37344398340249,9730,17.333984375,0.3125,NO,,,
40.37344398340249,9730,17.333984375,0.3125,NO,,,
40.37344398340249,9730,17.333984375,0.3125,NO,,,
40.4149377593361,9740,22.55615234375,0.15625,NO,,,
40.4149377593361,9740,22.55615234375,0.15625,NO,,,
40.4149377593361,9740,22.55615234375,0.15625,NO,,,
40.4149377593361,9740,22.55615234375,0.15625,NO,,,
40.4149377593361,9740,22.55615234375,0.15625,NO,,,
40.4149377593361,9740,22.55615234375,0.15625,NO,,,
40.4149377593361,9740,22.55615234375,0.15625,NO,,,
40.4149377593361,9740,22.55615234375,0.15625,NO,,,
40.4149377593361,9740,22.55615234375,0.15625,NO,,,
40.4149377593361,9740,22.55615234375,0.15625,NO,,,
40.45643153526971,9750,22.7099609375,0.1875,NO,,,
40.45643153526971,9750,22.7099609375,0.1875,NO,,,
40.45643153526971,9750,22.7099609375,0.1875,NO,,,
40.45643153526971,9750,22.7099609375,0.1875,NO,,,
40.45643153526971,9750,22.7099609375,0.1875,NO,,,
40.45643153526971,9750,22.7099609375,0.1875,NO,,,
40.45643153526971,9750,22.7099609375,0.1875,NO,,,
40.45643153526971,9750,22.7099609375,0.1875,NO,,,
40.45643153526971,9750,22.7099609375,0.1875,NO,,,
40.45643153526971,9750,22.7099609375,0.1875,NO,,,
40.49792531120332,9760,17.9384765625,0.25,NO,,,
40.49792531120332,9760,17.9384765625,0.25,NO,,,
40.49792531120332,9760,17.9384765625,0.25,NO,,,
40.49792531120332,9760,17.9384765625,0.25,NO,,,
40.49792531120332,9760,17.9384765625,0.25,NO,,,
40.49792531120332,9760,17.9384765625,0.25,NO,,,
40.49792531120332,9760,17.9384765625,0.25,NO,,,
40.49792531120332,9760,17.9384765625,0.25,NO,,,
40.49792531120332,9760,17.9384765625,0.25,NO,,,
40.49792531120332,9760,17.9384765625,0.25,NO,,,
40.53941908713693,9770,15.623046875,0.28125,NO,,,
40.53941908713693,9770,15.623046875,0.28125,NO,,,
40.53941908713693,9770,15.623046875,0.28125,NO,,,
40.53941908713693,9770,15.623046875,0.28125,NO,,,
40.53941908713693,9770,15.623046875,0.28125,NO,,,
40.53941908713693,9770,15.623046875,0.28125,NO,,,
40.53941908713693,9770,15.623046875,0.28125,NO,,,
40.53941908713693,9770,15.623046875,0.28125,NO,,,
40.53941908713693,9770,15.623046875,0.28125,NO,,,
40.53941908713693,9770,15.623046875,0.28125,NO,,,
40.58091286307054,9780,18.189208984375,0.28125,NO,,,
40.58091286307054,9780,18.189208984375,0.28125,NO,,,
40.58091286307054,9780,18.189208984375,0.28125,NO,,,
40.58091286307054,9780,18.189208984375,0.28125,NO,,,
40.58091286307054,9780,18.189208984375,0.28125,NO,,,
40.58091286307054,9780,18.189208984375,0.28125,NO,,,
40.58091286307054,9780,18.189208984375,0.28125,NO,,,
40.58091286307054,9780,18.189208984375,0.28125,NO,,,
40.58091286307054,9780,18.189208984375,0.28125,NO,,,
40.58091286307054,9780,18.189208984375,0.28125,NO,,,
40.62240663900415,9790,24.41552734375,0.125,NO,,,
40.62240663900415,9790,24.41552734375,0.125,NO,,,
40.62240663900415,9790,24.41552734375,0.125,NO,,,
40.62240663900415,9790,24.41552734375,0.125,NO,,,
40.62240663900415,9790,24.41552734375,0.125,NO,,,
40.62240663900415,9790,24.41552734375,0.125,NO,,,
40.62240663900415,9790,24.41552734375,0.125,NO,,,
40.62240663900415,9790,24.41552734375,0.125,NO,,,
40.62240663900415,9790,24.41552734375,0.125,NO,,,
40.62240663900415,9790,24.41552734375,0.125,NO,,,
40.66390041493776,9800,22.083984375,0.125,NO,,,
40.66390041493776,9800,22.083984375,0.125,NO,,,
40.66390041493776,9800,22.083984375,0.125,NO,,,
40.66390041493776,9800,22.083984375,0.125,NO,,,
40.66390041493776,9800,22.083984375,0.125,NO,,,
40.66390041493776,9800,22.083984375,0.125,NO,,,
40.66390041493776,9800,22.083984375,0.125,NO,,,
40.66390041493776,9800,22.083984375,0.125,NO,,,
40.66390041493776,9800,22.083984375,0.125,NO,,,
40.66390041493776,9800,22.083984375,0.125,NO,,,
40.70539419087137,9810,17.97607421875,0.34375,NO,,,
40.70539419087137,9810,17.97607421875,0.34375,NO,,,
40.70539419087137,9810,17.97607421875,0.34375,NO,,,
40.70539419087137,9810,17.97607421875,0.34375,NO,,,
40.70539419087137,9810,17.97607421875,0.34375,NO,,,
40.70539419087137,9810,17.97607421875,0.34375,NO,,,
40.70539419087137,9810,17.97607421875,0.34375,NO,,,
40.70539419087137,9810,17.97607421875,0.34375,NO,,,
40.70539419087137,9810,17.97607421875,0.34375,NO,,,
40.70539419087137,9810,17.97607421875,0.34375,NO,,,
40.74688796680498,9820,21.77392578125,0.125,NO,,,
40.74688796680498,9820,21.77392578125,0.125,NO,,,
40.74688796680498,9820,21.77392578125,0.125,NO,,,
40.74688796680498,9820,21.77392578125,0.125,NO,,,
40.74688796680498,9820,21.77392578125,0.125,NO,,,
40.74688796680498,9820,21.77392578125,0.125,NO,,,
40.74688796680498,9820,21.77392578125,0.125,NO,,,
40.74688796680498,9820,21.77392578125,0.125,NO,,,
40.74688796680498,9820,21.77392578125,0.125,NO,,,
40.74688796680498,9820,21.77392578125,0.125,NO,,,
40.788381742738586,9830,23.7099609375,0.125,NO,,,
40.788381742738586,9830,23.7099609375,0.125,NO,,,
40.788381742738586,9830,23.7099609375,0.125,NO,,,
40.788381742738586,9830,23.7099609375,0.125,NO,,,
40.788381742738586,9830,23.7099609375,0.125,NO,,,
40.788381742738586,9830,23.7099609375,0.125,NO,,,
40.788381742738586,9830,23.7099609375,0.125,NO,,,
40.788381742738586,9830,23.7099609375,0.125,NO,,,
40.788381742738586,9830,23.7099609375,0.125,NO,,,
40.788381742738586,9830,23.7099609375,0.125,NO,,,
40.829875518672196,9840,23.2080078125,0.1875,NO,,,
40.829875518672196,9840,23.2080078125,0.1875,NO,,,
40.829875518672196,9840,23.2080078125,0.1875,NO,,,
40.829875518672196,9840,23.2080078125,0.1875,NO,,,
40.829875518672196,9840,23.2080078125,0.1875,NO,,,
40.829875518672196,9840,23.2080078125,0.1875,NO,,,
40.829875518672196,9840,23.2080078125,0.1875,NO,,,
40.829875518672196,9840,23.2080078125,0.1875,NO,,,
40.829875518672196,9840,23.2080078125,0.1875,NO,,,
40.829875518672196,9840,23.2080078125,0.1875,NO,,,
40.871369294605806,9850,21.93505859375,0.1875,NO,,,
40.871369294605806,9850,21.93505859375,0.1875,NO,,,
40.871369294605806,9850,21.93505859375,0.1875,NO,,,
40.871369294605806,9850,21.93505859375,0.1875,NO,,,
40.871369294605806,9850,21.93505859375,0.1875,NO,,,
40.871369294605806,9850,21.93505859375,0.1875,NO,,,
40.871369294605806,9850,21.93505859375,0.1875,NO,,,
40.871369294605806,9850,21.93505859375,0.1875,NO,,,
40.871369294605806,9850,21.93505859375,0.1875,NO,,,
40.871369294605806,9850,21.93505859375,0.1875,NO,,,
40.912863070539416,9860,20.4638671875,0.15625,NO,,,
40.912863070539416,9860,20.4638671875,0.15625,NO,,,
40.912863070539416,9860,20.4638671875,0.15625,NO,,,
40.912863070539416,9860,20.4638671875,0.15625,NO,,,
40.912863070539416,9860,20.4638671875,0.15625,NO,,,
40.912863070539416,9860,20.4638671875,0.15625,NO,,,
40.912863070539416,9860,20.4638671875,0.15625,NO,,,
40.912863070539416,9860,20.4638671875,0.15625,NO,,,
40.912863070539416,9860,20.4638671875,0.15625,NO,,,
40.912863070539416,9860,20.4638671875,0.15625,NO,,,
40.954356846473026,9870,18.67333984375,0.1875,NO,,,
40.954356846473026,9870,18.67333984375,0.1875,NO,,,
40.954356846473026,9870,18.67333984375,0.1875,NO,,,
40.954356846473026,9870,18.67333984375,0.1875,NO,,,
40.954356846473026,9870,18.67333984375,0.1875,NO,,,
40.954356846473026,9870,18.67333984375,0.1875,NO,,,
40.954356846473026,9870,18.67333984375,0.1875,NO,,,
40.954356846473026,9870,18.67333984375,0.1875,NO,,,
40.954356846473026,9870,18.67333984375,0.1875,NO,,,
40.954356846473026,9870,18.67333984375,0.1875,NO,,,
40.995850622406635,9880,18.194530487060547,0.10000000149011612,NO,,,
40.995850622406635,9880,18.194530487060547,0.10000000149011612,NO,,,
40.995850622406635,9880,18.194530487060547,0.10000000149011612,NO,,,
40.995850622406635,9880,18.194530487060547,0.10000000149011612,NO,,,
40.995850622406635,9880,18.194530487060547,0.10000000149011612,NO,,,
40.995850622406635,9880,18.194530487060547,0.10000000149011612,NO,,,
40.995850622406635,9880,18.194530487060547,0.10000000149011612,NO,,,
40.995850622406635,9880,18.194530487060547,0.10000000149011612,NO,,,
40.995850622406635,9880,18.194530487060547,0.10000000149011612,NO,,,
40.995850622406635,9880,18.194530487060547,0.10000000149011612,NO,,,
41.03734439834025,9890,14.119142532348633,0.21875,NO,,,
41.03734439834025,9890,14.119142532348633,0.21875,NO,,,
41.03734439834025,9890,14.119142532348633,0.21875,NO,,,
41.03734439834025,9890,14.119142532348633,0.21875,NO,,,
41.03734439834025,9890,14.119142532348633,0.21875,NO,,,
41.03734439834025,9890,14.119142532348633,0.21875,NO,,,
41.03734439834025,9890,14.119142532348633,0.21875,NO,,,
41.03734439834025,9890,14.119142532348633,0.21875,NO,,,
41.03734439834025,9890,14.119142532348633,0.21875,NO,,,
41.03734439834025,9890,14.119142532348633,0.21875,NO,,,
41.07883817427386,9900,13.17431640625,0.1875,NO,,,
41.07883817427386,9900,13.17431640625,0.1875,NO,,,
41.07883817427386,9900,13.17431640625,0.1875,NO,,,
41.07883817427386,9900,13.17431640625,0.1875,NO,,,
41.07883817427386,9900,13.17431640625,0.1875,NO,,,
41.07883817427386,9900,13.17431640625,0.1875,NO,,,
41.07883817427386,9900,13.17431640625,0.1875,NO,,,
41.07883817427386,9900,13.17431640625,0.1875,NO,,,
41.07883817427386,9900,13.17431640625,0.1875,NO,,,
41.07883817427386,9900,13.17431640625,0.1875,NO,,,
41.12033195020747,9910,10.656739234924316,0.25,NO,,,
41.12033195020747,9910,10.656739234924316,0.25,NO,,,
41.12033195020747,9910,10.656739234924316,0.25,NO,,,
41.12033195020747,9910,10.656739234924316,0.25,NO,,,
41.12033195020747,9910,10.656739234924316,0.25,NO,,,
41.12033195020747,9910,10.656739234924316,0.25,NO,,,
41.12033195020747,9910,10.656739234924316,0.25,NO,,,
41.12033195020747,9910,10.656739234924316,0.25,NO,,,
41.12033195020747,9910,10.656739234924316,0.25,NO,,,
41.12033195020747,9910,10.656739234924316,0.25,NO,,,
41.16182572614108,9920,7.1545820236206055,0.21875,NO,,,
41.16182572614108,9920,7.1545820236206055,0.21875,NO,,,
41.16182572614108,9920,7.1545820236206055,0.21875,NO,,,
41.16182572614108,9920,7.1545820236206055,0.21875,NO,,,
41.16182572614108,9920,7.1545820236206055,0.21875,NO,,,
41.16182572614108,9920,7.1545820236206055,0.21875,NO,,,
41.16182572614108,9920,7.1545820236206055,0.21875,NO,,,
41.16182572614108,9920,7.1545820236206055,0.21875,NO,,,
41.16182572614108,9920,7.1545820236206055,0.21875,NO,,,
41.16182572614108,9920,7.1545820236206055,0.21875,NO,,,
41.20331950207469,9930,10.860852241516113,0.125,NO,,,
41.20331950207469,9930,10.860852241516113,0.125,NO,,,
41.20331950207469,9930,10.860852241516113,0.125,NO,,,
41.20331950207469,9930,10.860852241516113,0.125,NO,,,
41.20331950207469,9930,10.860852241516113,0.125,NO,,,
41.20331950207469,9930,10.860852241516113,0.125,NO,,,
41.20331950207469,9930,10.860852241516113,0.125,NO,,,
41.20331950207469,9930,10.860852241516113,0.125,NO,,,
41.20331950207469,9930,10.860852241516113,0.125,NO,,,
41.20331950207469,9930,10.860852241516113,0.125,NO,,,
41.2448132780083,9940,7.764812469482422,0.125,NO,,,
41.2448132780083,9940,7.764812469482422,0.125,NO,,,
41.2448132780083,9940,7.764812469482422,0.125,NO,,,
41.2448132780083,9940,7.764812469482422,0.125,NO,,,
41.2448132780083,9940,7.764812469482422,0.125,NO,,,
41.2448132780083,9940,7.764812469482422,0.125,NO,,,
41.2448132780083,9940,7.764812469482422,0.125,NO,,,
41.2448132780083,9940,7.764812469482422,0.125,NO,,,
41.2448132780083,9940,7.764812469482422,0.125,NO,,,
41.2448132780083,9940,7.764812469482422,0.125,NO,,,
41.28630705394191,9950,6.792511463165283,0.28125,NO,,,
41.28630705394191,9950,6.792511463165283,0.28125,NO,,,
41.28630705394191,9950,6.792511463165283,0.28125,NO,,,
41.28630705394191,9950,6.792511463165283,0.28125,NO,,,
41.28630705394191,9950,6.792511463165283,0.28125,NO,,,
41.28630705394191,9950,6.792511463165283,0.28125,NO,,,
41.28630705394191,9950,6.792511463165283,0.28125,NO,,,
41.28630705394191,9950,6.792511463165283,0.28125,NO,,,
41.28630705394191,9950,6.792511463165283,0.28125,NO,,,
41.28630705394191,9950,6.792511463165283,0.28125,NO,,,
41.32780082987552,9960,8.156681060791016,0.1875,NO,,,
41.32780082987552,9960,8.156681060791016,0.1875,NO,,,
41.32780082987552,9960,8.156681060791016,0.1875,NO,,,
41.32780082987552,9960,8.156681060791016,0.1875,NO,,,
41.32780082987552,9960,8.156681060791016,0.1875,NO,,,
41.32780082987552,9960,8.156681060791016,0.1875,NO,,,
41.32780082987552,9960,8.156681060791016,0.1875,NO,,,
41.32780082987552,9960,8.156681060791016,0.1875,NO,,,
41.32780082987552,9960,8.156681060791016,0.1875,NO,,,
41.32780082987552,9960,8.156681060791016,0.1875,NO,,,
41.36929460580913,9970,5.217301368713379,0.09375,NO,,,
41.36929460580913,9970,5.217301368713379,0.09375,NO,,,
41.36929460580913,9970,5.217301368713379,0.09375,NO,,,
41.36929460580913,9970,5.217301368713379,0.09375,NO,,,
41.36929460580913,9970,5.217301368713379,0.09375,NO,,,
41.36929460580913,9970,5.217301368713379,0.09375,NO,,,
41.36929460580913,9970,5.217301368713379,0.09375,NO,,,
41.36929460580913,9970,5.217301368713379,0.09375,NO,,,
41.36929460580913,9970,5.217301368713379,0.09375,NO,,,
41.36929460580913,9970,5.217301368713379,0.09375,NO,,,
41.41078838174274,9980,5.813394546508789,0.125,NO,,,
41.41078838174274,9980,5.813394546508789,0.125,NO,,,
41.41078838174274,9980,5.813394546508789,0.125,NO,,,
41.41078838174274,9980,5.813394546508789,0.125,NO,,,
41.41078838174274,9980,5.813394546508789,0.125,NO,,,
41.41078838174274,9980,5.813394546508789,0.125,NO,,,
41.41078838174274,9980,5.813394546508789,0.125,NO,,,
41.41078838174274,9980,5.813394546508789,0.125,NO,,,
41.41078838174274,9980,5.813394546508789,0.125,NO,,,
41.41078838174274,9980,5.813394546508789,0.125,NO,,,
41.45228215767635,9990,3.7979793548583984,0.28125,NO,,,
41.45228215767635,9990,3.7979793548583984,0.28125,NO,,,
41.45228215767635,9990,3.7979793548583984,0.28125,NO,,,
41.45228215767635,9990,3.7979793548583984,0.28125,NO,,,
41.45228215767635,9990,3.7979793548583984,0.28125,NO,,,
41.45228215767635,9990,3.7979793548583984,0.28125,NO,,,
41.45228215767635,9990,3.7979793548583984,0.28125,NO,,,
41.45228215767635,9990,3.7979793548583984,0.28125,NO,,,
41.45228215767635,9990,3.7979793548583984,0.28125,NO,,,
41.45228215767635,9990,3.7979793548583984,0.28125,YES,5.539044380187988,0.12763466042154567,16.686391258239745
