epoch,global_step,train_loss,train_acc,eval_ran,eval_loss,eval_acc,eval_loss_avg5
0.0,0,1.6226959228515625,0.375,NO,,,
0.0,0,1.6226959228515625,0.375,NO,,,
0.0,0,1.6226959228515625,0.375,NO,,,
0.0,0,1.6226959228515625,0.375,NO,,,
0.0,0,1.6226959228515625,0.375,NO,,,
0.0,0,1.6226959228515625,0.375,NO,,,
0.0,0,1.6226959228515625,0.375,NO,,,
0.0,0,1.6226959228515625,0.375,NO,,,
0.0,0,1.6226959228515625,0.375,NO,,,
0.0,0,1.6226959228515625,0.375,NO,,,
3.3333333333333335,10,2.13983154296875,0.0,NO,,,
3.3333333333333335,10,2.13983154296875,0.0,NO,,,
3.3333333333333335,10,2.13983154296875,0.0,NO,,,
3.3333333333333335,10,2.13983154296875,0.0,NO,,,
3.3333333333333335,10,2.13983154296875,0.0,NO,,,
3.3333333333333335,10,2.13983154296875,0.0,NO,,,
3.3333333333333335,10,2.13983154296875,0.0,NO,,,
3.3333333333333335,10,2.13983154296875,0.0,NO,,,
3.3333333333333335,10,2.13983154296875,0.0,NO,,,
3.3333333333333335,10,2.13983154296875,0.0,NO,,,
6.666666666666667,20,nan,1.0,NO,,,
6.666666666666667,20,nan,1.0,NO,,,
6.666666666666667,20,nan,1.0,NO,,,
6.666666666666667,20,nan,1.0,NO,,,
6.666666666666667,20,nan,1.0,NO,,,
6.666666666666667,20,nan,1.0,NO,,,
6.666666666666667,20,nan,1.0,NO,,,
6.666666666666667,20,nan,1.0,NO,,,
6.666666666666667,20,nan,1.0,NO,,,
6.666666666666667,20,nan,1.0,NO,,,
10.0,30,nan,0.0,NO,,,
10.0,30,nan,0.0,NO,,,
10.0,30,nan,0.0,NO,,,
10.0,30,nan,0.0,NO,,,
10.0,30,nan,0.0,NO,,,
10.0,30,nan,0.0,NO,,,
10.0,30,nan,0.0,NO,,,
10.0,30,nan,0.0,NO,,,
10.0,30,nan,0.0,NO,,,
10.0,30,nan,0.0,NO,,,
13.333333333333334,40,nan,0.0,NO,,,
13.333333333333334,40,nan,0.0,NO,,,
13.333333333333334,40,nan,0.0,NO,,,
13.333333333333334,40,nan,0.0,NO,,,
13.333333333333334,40,nan,0.0,NO,,,
13.333333333333334,40,nan,0.0,NO,,,
13.333333333333334,40,nan,0.0,NO,,,
13.333333333333334,40,nan,0.0,NO,,,
13.333333333333334,40,nan,0.0,NO,,,
13.333333333333334,40,nan,0.0,NO,,,
16.666666666666668,50,nan,1.0,NO,,,
16.666666666666668,50,nan,1.0,NO,,,
16.666666666666668,50,nan,1.0,NO,,,
16.666666666666668,50,nan,1.0,NO,,,
16.666666666666668,50,nan,1.0,NO,,,
16.666666666666668,50,nan,1.0,NO,,,
16.666666666666668,50,nan,1.0,NO,,,
16.666666666666668,50,nan,1.0,NO,,,
16.666666666666668,50,nan,1.0,NO,,,
16.666666666666668,50,nan,1.0,NO,,,
20.0,60,nan,0.0,NO,,,
20.0,60,nan,0.0,NO,,,
20.0,60,nan,0.0,NO,,,
20.0,60,nan,0.0,NO,,,
20.0,60,nan,0.0,NO,,,
20.0,60,nan,0.0,NO,,,
20.0,60,nan,0.0,NO,,,
20.0,60,nan,0.0,NO,,,
20.0,60,nan,0.0,NO,,,
20.0,60,nan,0.0,NO,,,
23.333333333333332,70,nan,0.0,NO,,,
23.333333333333332,70,nan,0.0,NO,,,
23.333333333333332,70,nan,0.0,NO,,,
23.333333333333332,70,nan,0.0,NO,,,
23.333333333333332,70,nan,0.0,NO,,,
23.333333333333332,70,nan,0.0,NO,,,
23.333333333333332,70,nan,0.0,NO,,,
23.333333333333332,70,nan,0.0,NO,,,
23.333333333333332,70,nan,0.0,NO,,,
23.333333333333332,70,nan,0.0,NO,,,
26.666666666666668,80,nan,1.0,NO,,,
26.666666666666668,80,nan,1.0,NO,,,
26.666666666666668,80,nan,1.0,NO,,,
26.666666666666668,80,nan,1.0,NO,,,
26.666666666666668,80,nan,1.0,NO,,,
26.666666666666668,80,nan,1.0,NO,,,
26.666666666666668,80,nan,1.0,NO,,,
26.666666666666668,80,nan,1.0,NO,,,
26.666666666666668,80,nan,1.0,NO,,,
26.666666666666668,80,nan,1.0,NO,,,
30.0,90,nan,0.0,NO,,,
30.0,90,nan,0.0,NO,,,
30.0,90,nan,0.0,NO,,,
30.0,90,nan,0.0,NO,,,
30.0,90,nan,0.0,NO,,,
30.0,90,nan,0.0,NO,,,
30.0,90,nan,0.0,NO,,,
30.0,90,nan,0.0,NO,,,
30.0,90,nan,0.0,NO,,,
30.0,90,nan,0.0,NO,,,
33.333333333333336,100,nan,0.0,NO,,,
33.333333333333336,100,nan,0.0,NO,,,
33.333333333333336,100,nan,0.0,NO,,,
33.333333333333336,100,nan,0.0,NO,,,
33.333333333333336,100,nan,0.0,NO,,,
33.333333333333336,100,nan,0.0,NO,,,
33.333333333333336,100,nan,0.0,NO,,,
33.333333333333336,100,nan,0.0,NO,,,
33.333333333333336,100,nan,0.0,NO,,,
33.333333333333336,100,nan,0.0,NO,,,
36.666666666666664,110,nan,1.0,NO,,,
36.666666666666664,110,nan,1.0,NO,,,
36.666666666666664,110,nan,1.0,NO,,,
36.666666666666664,110,nan,1.0,NO,,,
36.666666666666664,110,nan,1.0,NO,,,
36.666666666666664,110,nan,1.0,NO,,,
36.666666666666664,110,nan,1.0,NO,,,
36.666666666666664,110,nan,1.0,NO,,,
36.666666666666664,110,nan,1.0,NO,,,
36.666666666666664,110,nan,1.0,NO,,,
40.0,120,nan,0.0,NO,,,
40.0,120,nan,0.0,NO,,,
40.0,120,nan,0.0,NO,,,
40.0,120,nan,0.0,NO,,,
40.0,120,nan,0.0,NO,,,
40.0,120,nan,0.0,NO,,,
40.0,120,nan,0.0,NO,,,
40.0,120,nan,0.0,NO,,,
40.0,120,nan,0.0,NO,,,
40.0,120,nan,0.0,NO,,,
43.333333333333336,130,nan,0.0,NO,,,
43.333333333333336,130,nan,0.0,NO,,,
43.333333333333336,130,nan,0.0,NO,,,
43.333333333333336,130,nan,0.0,NO,,,
43.333333333333336,130,nan,0.0,NO,,,
43.333333333333336,130,nan,0.0,NO,,,
43.333333333333336,130,nan,0.0,NO,,,
43.333333333333336,130,nan,0.0,NO,,,
43.333333333333336,130,nan,0.0,NO,,,
43.333333333333336,130,nan,0.0,NO,,,
46.666666666666664,140,nan,1.0,NO,,,
46.666666666666664,140,nan,1.0,NO,,,
46.666666666666664,140,nan,1.0,NO,,,
46.666666666666664,140,nan,1.0,NO,,,
46.666666666666664,140,nan,1.0,NO,,,
46.666666666666664,140,nan,1.0,NO,,,
46.666666666666664,140,nan,1.0,NO,,,
46.666666666666664,140,nan,1.0,NO,,,
46.666666666666664,140,nan,1.0,NO,,,
46.666666666666664,140,nan,1.0,NO,,,
50.0,150,nan,0.0,NO,,,
50.0,150,nan,0.0,NO,,,
50.0,150,nan,0.0,NO,,,
50.0,150,nan,0.0,NO,,,
50.0,150,nan,0.0,NO,,,
50.0,150,nan,0.0,NO,,,
50.0,150,nan,0.0,NO,,,
50.0,150,nan,0.0,NO,,,
50.0,150,nan,0.0,NO,,,
50.0,150,nan,0.0,NO,,,
53.333333333333336,160,nan,0.0,NO,,,
53.333333333333336,160,nan,0.0,NO,,,
53.333333333333336,160,nan,0.0,NO,,,
53.333333333333336,160,nan,0.0,NO,,,
53.333333333333336,160,nan,0.0,NO,,,
53.333333333333336,160,nan,0.0,NO,,,
53.333333333333336,160,nan,0.0,NO,,,
53.333333333333336,160,nan,0.0,NO,,,
53.333333333333336,160,nan,0.0,NO,,,
53.333333333333336,160,nan,0.0,NO,,,
56.666666666666664,170,nan,1.0,NO,,,
56.666666666666664,170,nan,1.0,NO,,,
56.666666666666664,170,nan,1.0,NO,,,
56.666666666666664,170,nan,1.0,NO,,,
56.666666666666664,170,nan,1.0,NO,,,
56.666666666666664,170,nan,1.0,NO,,,
56.666666666666664,170,nan,1.0,NO,,,
56.666666666666664,170,nan,1.0,NO,,,
56.666666666666664,170,nan,1.0,NO,,,
56.666666666666664,170,nan,1.0,NO,,,
60.0,180,nan,0.0,NO,,,
60.0,180,nan,0.0,NO,,,
60.0,180,nan,0.0,NO,,,
60.0,180,nan,0.0,NO,,,
60.0,180,nan,0.0,NO,,,
60.0,180,nan,0.0,NO,,,
60.0,180,nan,0.0,NO,,,
60.0,180,nan,0.0,NO,,,
60.0,180,nan,0.0,NO,,,
60.0,180,nan,0.0,NO,,,
63.333333333333336,190,nan,0.0,NO,,,
63.333333333333336,190,nan,0.0,NO,,,
63.333333333333336,190,nan,0.0,NO,,,
63.333333333333336,190,nan,0.0,NO,,,
63.333333333333336,190,nan,0.0,NO,,,
63.333333333333336,190,nan,0.0,NO,,,
63.333333333333336,190,nan,0.0,NO,,,
63.333333333333336,190,nan,0.0,NO,,,
63.333333333333336,190,nan,0.0,NO,,,
63.333333333333336,190,nan,0.0,YES,nan,0.2,
66.66666666666667,200,nan,1.0,NO,,,
66.66666666666667,200,nan,1.0,NO,,,
66.66666666666667,200,nan,1.0,NO,,,
66.66666666666667,200,nan,1.0,NO,,,
66.66666666666667,200,nan,1.0,NO,,,
66.66666666666667,200,nan,1.0,NO,,,
66.66666666666667,200,nan,1.0,NO,,,
66.66666666666667,200,nan,1.0,NO,,,
66.66666666666667,200,nan,1.0,NO,,,
66.66666666666667,200,nan,1.0,NO,,,
70.0,210,nan,0.0,NO,,,
70.0,210,nan,0.0,NO,,,
70.0,210,nan,0.0,NO,,,
70.0,210,nan,0.0,NO,,,
70.0,210,nan,0.0,NO,,,
70.0,210,nan,0.0,NO,,,
70.0,210,nan,0.0,NO,,,
70.0,210,nan,0.0,NO,,,
70.0,210,nan,0.0,NO,,,
70.0,210,nan,0.0,NO,,,
73.33333333333333,220,nan,0.0,NO,,,
73.33333333333333,220,nan,0.0,NO,,,
73.33333333333333,220,nan,0.0,NO,,,
73.33333333333333,220,nan,0.0,NO,,,
73.33333333333333,220,nan,0.0,NO,,,
73.33333333333333,220,nan,0.0,NO,,,
73.33333333333333,220,nan,0.0,NO,,,
73.33333333333333,220,nan,0.0,NO,,,
73.33333333333333,220,nan,0.0,NO,,,
73.33333333333333,220,nan,0.0,NO,,,
76.66666666666667,230,nan,1.0,NO,,,
76.66666666666667,230,nan,1.0,NO,,,
76.66666666666667,230,nan,1.0,NO,,,
76.66666666666667,230,nan,1.0,NO,,,
76.66666666666667,230,nan,1.0,NO,,,
76.66666666666667,230,nan,1.0,NO,,,
76.66666666666667,230,nan,1.0,NO,,,
76.66666666666667,230,nan,1.0,NO,,,
76.66666666666667,230,nan,1.0,NO,,,
76.66666666666667,230,nan,1.0,NO,,,
80.0,240,nan,0.0,NO,,,
80.0,240,nan,0.0,NO,,,
80.0,240,nan,0.0,NO,,,
80.0,240,nan,0.0,NO,,,
80.0,240,nan,0.0,NO,,,
80.0,240,nan,0.0,NO,,,
80.0,240,nan,0.0,NO,,,
80.0,240,nan,0.0,NO,,,
80.0,240,nan,0.0,NO,,,
80.0,240,nan,0.0,NO,,,
83.33333333333333,250,nan,0.0,NO,,,
83.33333333333333,250,nan,0.0,NO,,,
83.33333333333333,250,nan,0.0,NO,,,
83.33333333333333,250,nan,0.0,NO,,,
83.33333333333333,250,nan,0.0,NO,,,
83.33333333333333,250,nan,0.0,NO,,,
83.33333333333333,250,nan,0.0,NO,,,
83.33333333333333,250,nan,0.0,NO,,,
83.33333333333333,250,nan,0.0,NO,,,
83.33333333333333,250,nan,0.0,NO,,,
86.66666666666667,260,nan,1.0,NO,,,
86.66666666666667,260,nan,1.0,NO,,,
86.66666666666667,260,nan,1.0,NO,,,
86.66666666666667,260,nan,1.0,NO,,,
86.66666666666667,260,nan,1.0,NO,,,
86.66666666666667,260,nan,1.0,NO,,,
86.66666666666667,260,nan,1.0,NO,,,
86.66666666666667,260,nan,1.0,NO,,,
86.66666666666667,260,nan,1.0,NO,,,
86.66666666666667,260,nan,1.0,NO,,,
90.0,270,nan,0.0,NO,,,
90.0,270,nan,0.0,NO,,,
90.0,270,nan,0.0,NO,,,
90.0,270,nan,0.0,NO,,,
90.0,270,nan,0.0,NO,,,
90.0,270,nan,0.0,NO,,,
90.0,270,nan,0.0,NO,,,
90.0,270,nan,0.0,NO,,,
90.0,270,nan,0.0,NO,,,
90.0,270,nan,0.0,NO,,,
93.33333333333333,280,nan,0.0,NO,,,
93.33333333333333,280,nan,0.0,NO,,,
93.33333333333333,280,nan,0.0,NO,,,
93.33333333333333,280,nan,0.0,NO,,,
93.33333333333333,280,nan,0.0,NO,,,
93.33333333333333,280,nan,0.0,NO,,,
93.33333333333333,280,nan,0.0,NO,,,
93.33333333333333,280,nan,0.0,NO,,,
93.33333333333333,280,nan,0.0,NO,,,
93.33333333333333,280,nan,0.0,NO,,,
96.66666666666667,290,nan,1.0,NO,,,
96.66666666666667,290,nan,1.0,NO,,,
96.66666666666667,290,nan,1.0,NO,,,
96.66666666666667,290,nan,1.0,NO,,,
96.66666666666667,290,nan,1.0,NO,,,
96.66666666666667,290,nan,1.0,NO,,,
96.66666666666667,290,nan,1.0,NO,,,
96.66666666666667,290,nan,1.0,NO,,,
96.66666666666667,290,nan,1.0,NO,,,
96.66666666666667,290,nan,1.0,NO,,,
100.0,300,nan,0.0,NO,,,
100.0,300,nan,0.0,NO,,,
100.0,300,nan,0.0,NO,,,
100.0,300,nan,0.0,NO,,,
100.0,300,nan,0.0,NO,,,
100.0,300,nan,0.0,NO,,,
100.0,300,nan,0.0,NO,,,
100.0,300,nan,0.0,NO,,,
100.0,300,nan,0.0,NO,,,
100.0,300,nan,0.0,NO,,,
103.33333333333333,310,nan,0.0,NO,,,
103.33333333333333,310,nan,0.0,NO,,,
103.33333333333333,310,nan,0.0,NO,,,
103.33333333333333,310,nan,0.0,NO,,,
103.33333333333333,310,nan,0.0,NO,,,
103.33333333333333,310,nan,0.0,NO,,,
103.33333333333333,310,nan,0.0,NO,,,
103.33333333333333,310,nan,0.0,NO,,,
103.33333333333333,310,nan,0.0,NO,,,
103.33333333333333,310,nan,0.0,NO,,,
106.66666666666667,320,nan,1.0,NO,,,
106.66666666666667,320,nan,1.0,NO,,,
106.66666666666667,320,nan,1.0,NO,,,
106.66666666666667,320,nan,1.0,NO,,,
106.66666666666667,320,nan,1.0,NO,,,
106.66666666666667,320,nan,1.0,NO,,,
106.66666666666667,320,nan,1.0,NO,,,
106.66666666666667,320,nan,1.0,NO,,,
106.66666666666667,320,nan,1.0,NO,,,
106.66666666666667,320,nan,1.0,NO,,,
110.0,330,nan,0.0,NO,,,
110.0,330,nan,0.0,NO,,,
110.0,330,nan,0.0,NO,,,
110.0,330,nan,0.0,NO,,,
110.0,330,nan,0.0,NO,,,
110.0,330,nan,0.0,NO,,,
110.0,330,nan,0.0,NO,,,
110.0,330,nan,0.0,NO,,,
110.0,330,nan,0.0,NO,,,
110.0,330,nan,0.0,NO,,,
113.33333333333333,340,nan,0.0,NO,,,
113.33333333333333,340,nan,0.0,NO,,,
113.33333333333333,340,nan,0.0,NO,,,
113.33333333333333,340,nan,0.0,NO,,,
113.33333333333333,340,nan,0.0,NO,,,
113.33333333333333,340,nan,0.0,NO,,,
113.33333333333333,340,nan,0.0,NO,,,
113.33333333333333,340,nan,0.0,NO,,,
113.33333333333333,340,nan,0.0,NO,,,
113.33333333333333,340,nan,0.0,NO,,,
116.66666666666667,350,nan,1.0,NO,,,
116.66666666666667,350,nan,1.0,NO,,,
116.66666666666667,350,nan,1.0,NO,,,
116.66666666666667,350,nan,1.0,NO,,,
116.66666666666667,350,nan,1.0,NO,,,
116.66666666666667,350,nan,1.0,NO,,,
116.66666666666667,350,nan,1.0,NO,,,
116.66666666666667,350,nan,1.0,NO,,,
116.66666666666667,350,nan,1.0,NO,,,
116.66666666666667,350,nan,1.0,NO,,,
120.0,360,nan,0.0,NO,,,
120.0,360,nan,0.0,NO,,,
120.0,360,nan,0.0,NO,,,
120.0,360,nan,0.0,NO,,,
120.0,360,nan,0.0,NO,,,
120.0,360,nan,0.0,NO,,,
120.0,360,nan,0.0,NO,,,
120.0,360,nan,0.0,NO,,,
120.0,360,nan,0.0,NO,,,
120.0,360,nan,0.0,NO,,,
123.33333333333333,370,nan,0.0,NO,,,
123.33333333333333,370,nan,0.0,NO,,,
123.33333333333333,370,nan,0.0,NO,,,
123.33333333333333,370,nan,0.0,NO,,,
123.33333333333333,370,nan,0.0,NO,,,
123.33333333333333,370,nan,0.0,NO,,,
123.33333333333333,370,nan,0.0,NO,,,
123.33333333333333,370,nan,0.0,NO,,,
123.33333333333333,370,nan,0.0,NO,,,
123.33333333333333,370,nan,0.0,NO,,,
126.66666666666667,380,nan,1.0,NO,,,
126.66666666666667,380,nan,1.0,NO,,,
126.66666666666667,380,nan,1.0,NO,,,
126.66666666666667,380,nan,1.0,NO,,,
126.66666666666667,380,nan,1.0,NO,,,
126.66666666666667,380,nan,1.0,NO,,,
126.66666666666667,380,nan,1.0,NO,,,
126.66666666666667,380,nan,1.0,NO,,,
126.66666666666667,380,nan,1.0,NO,,,
126.66666666666667,380,nan,1.0,NO,,,
130.0,390,nan,0.0,NO,,,
130.0,390,nan,0.0,NO,,,
130.0,390,nan,0.0,NO,,,
130.0,390,nan,0.0,NO,,,
130.0,390,nan,0.0,NO,,,
130.0,390,nan,0.0,NO,,,
130.0,390,nan,0.0,NO,,,
130.0,390,nan,0.0,NO,,,
130.0,390,nan,0.0,NO,,,
130.0,390,nan,0.0,YES,nan,0.2,
133.33333333333334,400,nan,0.0,NO,,,
133.33333333333334,400,nan,0.0,NO,,,
133.33333333333334,400,nan,0.0,NO,,,
133.33333333333334,400,nan,0.0,NO,,,
133.33333333333334,400,nan,0.0,NO,,,
133.33333333333334,400,nan,0.0,NO,,,
133.33333333333334,400,nan,0.0,NO,,,
133.33333333333334,400,nan,0.0,NO,,,
133.33333333333334,400,nan,0.0,NO,,,
133.33333333333334,400,nan,0.0,NO,,,
136.66666666666666,410,nan,1.0,NO,,,
136.66666666666666,410,nan,1.0,NO,,,
136.66666666666666,410,nan,1.0,NO,,,
136.66666666666666,410,nan,1.0,NO,,,
136.66666666666666,410,nan,1.0,NO,,,
136.66666666666666,410,nan,1.0,NO,,,
136.66666666666666,410,nan,1.0,NO,,,
136.66666666666666,410,nan,1.0,NO,,,
136.66666666666666,410,nan,1.0,NO,,,
136.66666666666666,410,nan,1.0,NO,,,
140.0,420,nan,0.0,NO,,,
140.0,420,nan,0.0,NO,,,
140.0,420,nan,0.0,NO,,,
140.0,420,nan,0.0,NO,,,
140.0,420,nan,0.0,NO,,,
140.0,420,nan,0.0,NO,,,
140.0,420,nan,0.0,NO,,,
140.0,420,nan,0.0,NO,,,
140.0,420,nan,0.0,NO,,,
140.0,420,nan,0.0,NO,,,
143.33333333333334,430,nan,0.0,NO,,,
143.33333333333334,430,nan,0.0,NO,,,
143.33333333333334,430,nan,0.0,NO,,,
143.33333333333334,430,nan,0.0,NO,,,
143.33333333333334,430,nan,0.0,NO,,,
143.33333333333334,430,nan,0.0,NO,,,
143.33333333333334,430,nan,0.0,NO,,,
143.33333333333334,430,nan,0.0,NO,,,
143.33333333333334,430,nan,0.0,NO,,,
143.33333333333334,430,nan,0.0,NO,,,
146.66666666666666,440,nan,1.0,NO,,,
146.66666666666666,440,nan,1.0,NO,,,
146.66666666666666,440,nan,1.0,NO,,,
146.66666666666666,440,nan,1.0,NO,,,
146.66666666666666,440,nan,1.0,NO,,,
146.66666666666666,440,nan,1.0,NO,,,
146.66666666666666,440,nan,1.0,NO,,,
146.66666666666666,440,nan,1.0,NO,,,
146.66666666666666,440,nan,1.0,NO,,,
146.66666666666666,440,nan,1.0,NO,,,
150.0,450,nan,0.0,NO,,,
150.0,450,nan,0.0,NO,,,
150.0,450,nan,0.0,NO,,,
150.0,450,nan,0.0,NO,,,
150.0,450,nan,0.0,NO,,,
150.0,450,nan,0.0,NO,,,
150.0,450,nan,0.0,NO,,,
150.0,450,nan,0.0,NO,,,
150.0,450,nan,0.0,NO,,,
150.0,450,nan,0.0,NO,,,
153.33333333333334,460,nan,0.0,NO,,,
153.33333333333334,460,nan,0.0,NO,,,
153.33333333333334,460,nan,0.0,NO,,,
153.33333333333334,460,nan,0.0,NO,,,
153.33333333333334,460,nan,0.0,NO,,,
153.33333333333334,460,nan,0.0,NO,,,
153.33333333333334,460,nan,0.0,NO,,,
153.33333333333334,460,nan,0.0,NO,,,
153.33333333333334,460,nan,0.0,NO,,,
153.33333333333334,460,nan,0.0,NO,,,
156.66666666666666,470,nan,1.0,NO,,,
156.66666666666666,470,nan,1.0,NO,,,
156.66666666666666,470,nan,1.0,NO,,,
156.66666666666666,470,nan,1.0,NO,,,
156.66666666666666,470,nan,1.0,NO,,,
156.66666666666666,470,nan,1.0,NO,,,
156.66666666666666,470,nan,1.0,NO,,,
156.66666666666666,470,nan,1.0,NO,,,
156.66666666666666,470,nan,1.0,NO,,,
156.66666666666666,470,nan,1.0,NO,,,
160.0,480,nan,0.0,NO,,,
160.0,480,nan,0.0,NO,,,
160.0,480,nan,0.0,NO,,,
160.0,480,nan,0.0,NO,,,
160.0,480,nan,0.0,NO,,,
160.0,480,nan,0.0,NO,,,
160.0,480,nan,0.0,NO,,,
160.0,480,nan,0.0,NO,,,
160.0,480,nan,0.0,NO,,,
160.0,480,nan,0.0,NO,,,
163.33333333333334,490,nan,0.0,NO,,,
163.33333333333334,490,nan,0.0,NO,,,
163.33333333333334,490,nan,0.0,NO,,,
163.33333333333334,490,nan,0.0,NO,,,
163.33333333333334,490,nan,0.0,NO,,,
163.33333333333334,490,nan,0.0,NO,,,
163.33333333333334,490,nan,0.0,NO,,,
163.33333333333334,490,nan,0.0,NO,,,
163.33333333333334,490,nan,0.0,NO,,,
163.33333333333334,490,nan,0.0,NO,,,
166.66666666666666,500,nan,1.0,NO,,,
166.66666666666666,500,nan,1.0,NO,,,
166.66666666666666,500,nan,1.0,NO,,,
166.66666666666666,500,nan,1.0,NO,,,
166.66666666666666,500,nan,1.0,NO,,,
166.66666666666666,500,nan,1.0,NO,,,
166.66666666666666,500,nan,1.0,NO,,,
166.66666666666666,500,nan,1.0,NO,,,
166.66666666666666,500,nan,1.0,NO,,,
166.66666666666666,500,nan,1.0,NO,,,
170.0,510,nan,0.0,NO,,,
170.0,510,nan,0.0,NO,,,
170.0,510,nan,0.0,NO,,,
170.0,510,nan,0.0,NO,,,
170.0,510,nan,0.0,NO,,,
170.0,510,nan,0.0,NO,,,
170.0,510,nan,0.0,NO,,,
170.0,510,nan,0.0,NO,,,
170.0,510,nan,0.0,NO,,,
170.0,510,nan,0.0,NO,,,
173.33333333333334,520,nan,0.0,NO,,,
173.33333333333334,520,nan,0.0,NO,,,
173.33333333333334,520,nan,0.0,NO,,,
173.33333333333334,520,nan,0.0,NO,,,
173.33333333333334,520,nan,0.0,NO,,,
173.33333333333334,520,nan,0.0,NO,,,
173.33333333333334,520,nan,0.0,NO,,,
173.33333333333334,520,nan,0.0,NO,,,
173.33333333333334,520,nan,0.0,NO,,,
173.33333333333334,520,nan,0.0,NO,,,
176.66666666666666,530,nan,1.0,NO,,,
176.66666666666666,530,nan,1.0,NO,,,
176.66666666666666,530,nan,1.0,NO,,,
176.66666666666666,530,nan,1.0,NO,,,
176.66666666666666,530,nan,1.0,NO,,,
176.66666666666666,530,nan,1.0,NO,,,
176.66666666666666,530,nan,1.0,NO,,,
176.66666666666666,530,nan,1.0,NO,,,
176.66666666666666,530,nan,1.0,NO,,,
176.66666666666666,530,nan,1.0,NO,,,
180.0,540,nan,0.0,NO,,,
180.0,540,nan,0.0,NO,,,
180.0,540,nan,0.0,NO,,,
180.0,540,nan,0.0,NO,,,
180.0,540,nan,0.0,NO,,,
180.0,540,nan,0.0,NO,,,
180.0,540,nan,0.0,NO,,,
180.0,540,nan,0.0,NO,,,
180.0,540,nan,0.0,NO,,,
180.0,540,nan,0.0,NO,,,
183.33333333333334,550,nan,0.0,NO,,,
183.33333333333334,550,nan,0.0,NO,,,
183.33333333333334,550,nan,0.0,NO,,,
183.33333333333334,550,nan,0.0,NO,,,
183.33333333333334,550,nan,0.0,NO,,,
183.33333333333334,550,nan,0.0,NO,,,
183.33333333333334,550,nan,0.0,NO,,,
183.33333333333334,550,nan,0.0,NO,,,
183.33333333333334,550,nan,0.0,NO,,,
183.33333333333334,550,nan,0.0,NO,,,
186.66666666666666,560,nan,1.0,NO,,,
186.66666666666666,560,nan,1.0,NO,,,
186.66666666666666,560,nan,1.0,NO,,,
186.66666666666666,560,nan,1.0,NO,,,
186.66666666666666,560,nan,1.0,NO,,,
186.66666666666666,560,nan,1.0,NO,,,
186.66666666666666,560,nan,1.0,NO,,,
186.66666666666666,560,nan,1.0,NO,,,
186.66666666666666,560,nan,1.0,NO,,,
186.66666666666666,560,nan,1.0,NO,,,
190.0,570,nan,0.0,NO,,,
190.0,570,nan,0.0,NO,,,
190.0,570,nan,0.0,NO,,,
190.0,570,nan,0.0,NO,,,
190.0,570,nan,0.0,NO,,,
190.0,570,nan,0.0,NO,,,
190.0,570,nan,0.0,NO,,,
190.0,570,nan,0.0,NO,,,
190.0,570,nan,0.0,NO,,,
190.0,570,nan,0.0,NO,,,
193.33333333333334,580,nan,0.0,NO,,,
193.33333333333334,580,nan,0.0,NO,,,
193.33333333333334,580,nan,0.0,NO,,,
193.33333333333334,580,nan,0.0,NO,,,
193.33333333333334,580,nan,0.0,NO,,,
193.33333333333334,580,nan,0.0,NO,,,
193.33333333333334,580,nan,0.0,NO,,,
193.33333333333334,580,nan,0.0,NO,,,
193.33333333333334,580,nan,0.0,NO,,,
193.33333333333334,580,nan,0.0,NO,,,
196.66666666666666,590,nan,1.0,NO,,,
196.66666666666666,590,nan,1.0,NO,,,
196.66666666666666,590,nan,1.0,NO,,,
196.66666666666666,590,nan,1.0,NO,,,
196.66666666666666,590,nan,1.0,NO,,,
196.66666666666666,590,nan,1.0,NO,,,
196.66666666666666,590,nan,1.0,NO,,,
196.66666666666666,590,nan,1.0,NO,,,
196.66666666666666,590,nan,1.0,NO,,,
196.66666666666666,590,nan,1.0,YES,nan,0.2,
200.0,600,nan,0.0,NO,,,
200.0,600,nan,0.0,NO,,,
200.0,600,nan,0.0,NO,,,
200.0,600,nan,0.0,NO,,,
200.0,600,nan,0.0,NO,,,
200.0,600,nan,0.0,NO,,,
200.0,600,nan,0.0,NO,,,
200.0,600,nan,0.0,NO,,,
200.0,600,nan,0.0,NO,,,
200.0,600,nan,0.0,NO,,,
203.33333333333334,610,nan,0.0,NO,,,
203.33333333333334,610,nan,0.0,NO,,,
203.33333333333334,610,nan,0.0,NO,,,
203.33333333333334,610,nan,0.0,NO,,,
203.33333333333334,610,nan,0.0,NO,,,
203.33333333333334,610,nan,0.0,NO,,,
203.33333333333334,610,nan,0.0,NO,,,
203.33333333333334,610,nan,0.0,NO,,,
203.33333333333334,610,nan,0.0,NO,,,
203.33333333333334,610,nan,0.0,NO,,,
206.66666666666666,620,nan,1.0,NO,,,
206.66666666666666,620,nan,1.0,NO,,,
206.66666666666666,620,nan,1.0,NO,,,
206.66666666666666,620,nan,1.0,NO,,,
206.66666666666666,620,nan,1.0,NO,,,
206.66666666666666,620,nan,1.0,NO,,,
206.66666666666666,620,nan,1.0,NO,,,
206.66666666666666,620,nan,1.0,NO,,,
206.66666666666666,620,nan,1.0,NO,,,
206.66666666666666,620,nan,1.0,NO,,,
210.0,630,nan,0.0,NO,,,
210.0,630,nan,0.0,NO,,,
210.0,630,nan,0.0,NO,,,
210.0,630,nan,0.0,NO,,,
210.0,630,nan,0.0,NO,,,
210.0,630,nan,0.0,NO,,,
210.0,630,nan,0.0,NO,,,
210.0,630,nan,0.0,NO,,,
210.0,630,nan,0.0,NO,,,
210.0,630,nan,0.0,NO,,,
213.33333333333334,640,nan,0.0,NO,,,
213.33333333333334,640,nan,0.0,NO,,,
213.33333333333334,640,nan,0.0,NO,,,
213.33333333333334,640,nan,0.0,NO,,,
213.33333333333334,640,nan,0.0,NO,,,
213.33333333333334,640,nan,0.0,NO,,,
213.33333333333334,640,nan,0.0,NO,,,
213.33333333333334,640,nan,0.0,NO,,,
213.33333333333334,640,nan,0.0,NO,,,
213.33333333333334,640,nan,0.0,NO,,,
216.66666666666666,650,nan,1.0,NO,,,
216.66666666666666,650,nan,1.0,NO,,,
216.66666666666666,650,nan,1.0,NO,,,
216.66666666666666,650,nan,1.0,NO,,,
216.66666666666666,650,nan,1.0,NO,,,
216.66666666666666,650,nan,1.0,NO,,,
216.66666666666666,650,nan,1.0,NO,,,
216.66666666666666,650,nan,1.0,NO,,,
216.66666666666666,650,nan,1.0,NO,,,
216.66666666666666,650,nan,1.0,NO,,,
220.0,660,nan,0.0,NO,,,
220.0,660,nan,0.0,NO,,,
220.0,660,nan,0.0,NO,,,
220.0,660,nan,0.0,NO,,,
220.0,660,nan,0.0,NO,,,
220.0,660,nan,0.0,NO,,,
220.0,660,nan,0.0,NO,,,
220.0,660,nan,0.0,NO,,,
220.0,660,nan,0.0,NO,,,
220.0,660,nan,0.0,NO,,,
223.33333333333334,670,nan,0.0,NO,,,
223.33333333333334,670,nan,0.0,NO,,,
223.33333333333334,670,nan,0.0,NO,,,
223.33333333333334,670,nan,0.0,NO,,,
223.33333333333334,670,nan,0.0,NO,,,
223.33333333333334,670,nan,0.0,NO,,,
223.33333333333334,670,nan,0.0,NO,,,
223.33333333333334,670,nan,0.0,NO,,,
223.33333333333334,670,nan,0.0,NO,,,
223.33333333333334,670,nan,0.0,NO,,,
226.66666666666666,680,nan,1.0,NO,,,
226.66666666666666,680,nan,1.0,NO,,,
226.66666666666666,680,nan,1.0,NO,,,
226.66666666666666,680,nan,1.0,NO,,,
226.66666666666666,680,nan,1.0,NO,,,
226.66666666666666,680,nan,1.0,NO,,,
226.66666666666666,680,nan,1.0,NO,,,
226.66666666666666,680,nan,1.0,NO,,,
226.66666666666666,680,nan,1.0,NO,,,
226.66666666666666,680,nan,1.0,NO,,,
230.0,690,nan,0.0,NO,,,
230.0,690,nan,0.0,NO,,,
230.0,690,nan,0.0,NO,,,
230.0,690,nan,0.0,NO,,,
230.0,690,nan,0.0,NO,,,
230.0,690,nan,0.0,NO,,,
230.0,690,nan,0.0,NO,,,
230.0,690,nan,0.0,NO,,,
230.0,690,nan,0.0,NO,,,
230.0,690,nan,0.0,NO,,,
233.33333333333334,700,nan,0.0,NO,,,
233.33333333333334,700,nan,0.0,NO,,,
233.33333333333334,700,nan,0.0,NO,,,
233.33333333333334,700,nan,0.0,NO,,,
233.33333333333334,700,nan,0.0,NO,,,
233.33333333333334,700,nan,0.0,NO,,,
233.33333333333334,700,nan,0.0,NO,,,
233.33333333333334,700,nan,0.0,NO,,,
233.33333333333334,700,nan,0.0,NO,,,
233.33333333333334,700,nan,0.0,NO,,,
236.66666666666666,710,nan,1.0,NO,,,
236.66666666666666,710,nan,1.0,NO,,,
236.66666666666666,710,nan,1.0,NO,,,
236.66666666666666,710,nan,1.0,NO,,,
236.66666666666666,710,nan,1.0,NO,,,
236.66666666666666,710,nan,1.0,NO,,,
236.66666666666666,710,nan,1.0,NO,,,
236.66666666666666,710,nan,1.0,NO,,,
236.66666666666666,710,nan,1.0,NO,,,
236.66666666666666,710,nan,1.0,NO,,,
240.0,720,nan,0.0,NO,,,
240.0,720,nan,0.0,NO,,,
240.0,720,nan,0.0,NO,,,
240.0,720,nan,0.0,NO,,,
240.0,720,nan,0.0,NO,,,
240.0,720,nan,0.0,NO,,,
240.0,720,nan,0.0,NO,,,
240.0,720,nan,0.0,NO,,,
240.0,720,nan,0.0,NO,,,
240.0,720,nan,0.0,NO,,,
243.33333333333334,730,nan,0.0,NO,,,
243.33333333333334,730,nan,0.0,NO,,,
243.33333333333334,730,nan,0.0,NO,,,
243.33333333333334,730,nan,0.0,NO,,,
243.33333333333334,730,nan,0.0,NO,,,
243.33333333333334,730,nan,0.0,NO,,,
243.33333333333334,730,nan,0.0,NO,,,
243.33333333333334,730,nan,0.0,NO,,,
243.33333333333334,730,nan,0.0,NO,,,
243.33333333333334,730,nan,0.0,NO,,,
246.66666666666666,740,nan,1.0,NO,,,
246.66666666666666,740,nan,1.0,NO,,,
246.66666666666666,740,nan,1.0,NO,,,
246.66666666666666,740,nan,1.0,NO,,,
246.66666666666666,740,nan,1.0,NO,,,
246.66666666666666,740,nan,1.0,NO,,,
246.66666666666666,740,nan,1.0,NO,,,
246.66666666666666,740,nan,1.0,NO,,,
246.66666666666666,740,nan,1.0,NO,,,
246.66666666666666,740,nan,1.0,NO,,,
250.0,750,nan,0.0,NO,,,
250.0,750,nan,0.0,NO,,,
250.0,750,nan,0.0,NO,,,
250.0,750,nan,0.0,NO,,,
250.0,750,nan,0.0,NO,,,
250.0,750,nan,0.0,NO,,,
250.0,750,nan,0.0,NO,,,
250.0,750,nan,0.0,NO,,,
250.0,750,nan,0.0,NO,,,
250.0,750,nan,0.0,NO,,,
253.33333333333334,760,nan,0.0,NO,,,
253.33333333333334,760,nan,0.0,NO,,,
253.33333333333334,760,nan,0.0,NO,,,
253.33333333333334,760,nan,0.0,NO,,,
253.33333333333334,760,nan,0.0,NO,,,
253.33333333333334,760,nan,0.0,NO,,,
253.33333333333334,760,nan,0.0,NO,,,
253.33333333333334,760,nan,0.0,NO,,,
253.33333333333334,760,nan,0.0,NO,,,
253.33333333333334,760,nan,0.0,NO,,,
256.6666666666667,770,nan,1.0,NO,,,
256.6666666666667,770,nan,1.0,NO,,,
256.6666666666667,770,nan,1.0,NO,,,
256.6666666666667,770,nan,1.0,NO,,,
256.6666666666667,770,nan,1.0,NO,,,
256.6666666666667,770,nan,1.0,NO,,,
256.6666666666667,770,nan,1.0,NO,,,
256.6666666666667,770,nan,1.0,NO,,,
256.6666666666667,770,nan,1.0,NO,,,
256.6666666666667,770,nan,1.0,NO,,,
260.0,780,nan,0.0,NO,,,
260.0,780,nan,0.0,NO,,,
260.0,780,nan,0.0,NO,,,
260.0,780,nan,0.0,NO,,,
260.0,780,nan,0.0,NO,,,
260.0,780,nan,0.0,NO,,,
260.0,780,nan,0.0,NO,,,
260.0,780,nan,0.0,NO,,,
260.0,780,nan,0.0,NO,,,
260.0,780,nan,0.0,NO,,,
263.3333333333333,790,nan,0.0,NO,,,
263.3333333333333,790,nan,0.0,NO,,,
263.3333333333333,790,nan,0.0,NO,,,
263.3333333333333,790,nan,0.0,NO,,,
263.3333333333333,790,nan,0.0,NO,,,
263.3333333333333,790,nan,0.0,NO,,,
263.3333333333333,790,nan,0.0,NO,,,
263.3333333333333,790,nan,0.0,NO,,,
263.3333333333333,790,nan,0.0,NO,,,
263.3333333333333,790,nan,0.0,YES,nan,0.2,
266.6666666666667,800,nan,1.0,NO,,,
266.6666666666667,800,nan,1.0,NO,,,
266.6666666666667,800,nan,1.0,NO,,,
266.6666666666667,800,nan,1.0,NO,,,
266.6666666666667,800,nan,1.0,NO,,,
266.6666666666667,800,nan,1.0,NO,,,
266.6666666666667,800,nan,1.0,NO,,,
266.6666666666667,800,nan,1.0,NO,,,
266.6666666666667,800,nan,1.0,NO,,,
266.6666666666667,800,nan,1.0,NO,,,
270.0,810,nan,0.0,NO,,,
270.0,810,nan,0.0,NO,,,
270.0,810,nan,0.0,NO,,,
270.0,810,nan,0.0,NO,,,
270.0,810,nan,0.0,NO,,,
270.0,810,nan,0.0,NO,,,
270.0,810,nan,0.0,NO,,,
270.0,810,nan,0.0,NO,,,
270.0,810,nan,0.0,NO,,,
270.0,810,nan,0.0,NO,,,
273.3333333333333,820,nan,0.0,NO,,,
273.3333333333333,820,nan,0.0,NO,,,
273.3333333333333,820,nan,0.0,NO,,,
273.3333333333333,820,nan,0.0,NO,,,
273.3333333333333,820,nan,0.0,NO,,,
273.3333333333333,820,nan,0.0,NO,,,
273.3333333333333,820,nan,0.0,NO,,,
273.3333333333333,820,nan,0.0,NO,,,
273.3333333333333,820,nan,0.0,NO,,,
273.3333333333333,820,nan,0.0,NO,,,
276.6666666666667,830,nan,1.0,NO,,,
276.6666666666667,830,nan,1.0,NO,,,
276.6666666666667,830,nan,1.0,NO,,,
276.6666666666667,830,nan,1.0,NO,,,
276.6666666666667,830,nan,1.0,NO,,,
276.6666666666667,830,nan,1.0,NO,,,
276.6666666666667,830,nan,1.0,NO,,,
276.6666666666667,830,nan,1.0,NO,,,
276.6666666666667,830,nan,1.0,NO,,,
276.6666666666667,830,nan,1.0,NO,,,
280.0,840,nan,0.0,NO,,,
280.0,840,nan,0.0,NO,,,
280.0,840,nan,0.0,NO,,,
280.0,840,nan,0.0,NO,,,
280.0,840,nan,0.0,NO,,,
280.0,840,nan,0.0,NO,,,
280.0,840,nan,0.0,NO,,,
280.0,840,nan,0.0,NO,,,
280.0,840,nan,0.0,NO,,,
280.0,840,nan,0.0,NO,,,
283.3333333333333,850,nan,0.0,NO,,,
283.3333333333333,850,nan,0.0,NO,,,
283.3333333333333,850,nan,0.0,NO,,,
283.3333333333333,850,nan,0.0,NO,,,
283.3333333333333,850,nan,0.0,NO,,,
283.3333333333333,850,nan,0.0,NO,,,
283.3333333333333,850,nan,0.0,NO,,,
283.3333333333333,850,nan,0.0,NO,,,
283.3333333333333,850,nan,0.0,NO,,,
283.3333333333333,850,nan,0.0,NO,,,
286.6666666666667,860,nan,1.0,NO,,,
286.6666666666667,860,nan,1.0,NO,,,
286.6666666666667,860,nan,1.0,NO,,,
286.6666666666667,860,nan,1.0,NO,,,
286.6666666666667,860,nan,1.0,NO,,,
286.6666666666667,860,nan,1.0,NO,,,
286.6666666666667,860,nan,1.0,NO,,,
286.6666666666667,860,nan,1.0,NO,,,
286.6666666666667,860,nan,1.0,NO,,,
286.6666666666667,860,nan,1.0,NO,,,
290.0,870,nan,0.0,NO,,,
290.0,870,nan,0.0,NO,,,
290.0,870,nan,0.0,NO,,,
290.0,870,nan,0.0,NO,,,
290.0,870,nan,0.0,NO,,,
290.0,870,nan,0.0,NO,,,
290.0,870,nan,0.0,NO,,,
290.0,870,nan,0.0,NO,,,
290.0,870,nan,0.0,NO,,,
290.0,870,nan,0.0,NO,,,
293.3333333333333,880,nan,0.0,NO,,,
293.3333333333333,880,nan,0.0,NO,,,
293.3333333333333,880,nan,0.0,NO,,,
293.3333333333333,880,nan,0.0,NO,,,
293.3333333333333,880,nan,0.0,NO,,,
293.3333333333333,880,nan,0.0,NO,,,
293.3333333333333,880,nan,0.0,NO,,,
293.3333333333333,880,nan,0.0,NO,,,
293.3333333333333,880,nan,0.0,NO,,,
293.3333333333333,880,nan,0.0,NO,,,
296.6666666666667,890,nan,1.0,NO,,,
296.6666666666667,890,nan,1.0,NO,,,
296.6666666666667,890,nan,1.0,NO,,,
296.6666666666667,890,nan,1.0,NO,,,
296.6666666666667,890,nan,1.0,NO,,,
296.6666666666667,890,nan,1.0,NO,,,
296.6666666666667,890,nan,1.0,NO,,,
296.6666666666667,890,nan,1.0,NO,,,
296.6666666666667,890,nan,1.0,NO,,,
296.6666666666667,890,nan,1.0,NO,,,
300.0,900,nan,0.0,NO,,,
300.0,900,nan,0.0,NO,,,
300.0,900,nan,0.0,NO,,,
300.0,900,nan,0.0,NO,,,
300.0,900,nan,0.0,NO,,,
300.0,900,nan,0.0,NO,,,
300.0,900,nan,0.0,NO,,,
300.0,900,nan,0.0,NO,,,
300.0,900,nan,0.0,NO,,,
300.0,900,nan,0.0,NO,,,
303.3333333333333,910,nan,0.0,NO,,,
303.3333333333333,910,nan,0.0,NO,,,
303.3333333333333,910,nan,0.0,NO,,,
303.3333333333333,910,nan,0.0,NO,,,
303.3333333333333,910,nan,0.0,NO,,,
303.3333333333333,910,nan,0.0,NO,,,
303.3333333333333,910,nan,0.0,NO,,,
303.3333333333333,910,nan,0.0,NO,,,
303.3333333333333,910,nan,0.0,NO,,,
303.3333333333333,910,nan,0.0,NO,,,
306.6666666666667,920,nan,1.0,NO,,,
306.6666666666667,920,nan,1.0,NO,,,
306.6666666666667,920,nan,1.0,NO,,,
306.6666666666667,920,nan,1.0,NO,,,
306.6666666666667,920,nan,1.0,NO,,,
306.6666666666667,920,nan,1.0,NO,,,
306.6666666666667,920,nan,1.0,NO,,,
306.6666666666667,920,nan,1.0,NO,,,
306.6666666666667,920,nan,1.0,NO,,,
306.6666666666667,920,nan,1.0,NO,,,
310.0,930,nan,0.0,NO,,,
310.0,930,nan,0.0,NO,,,
310.0,930,nan,0.0,NO,,,
310.0,930,nan,0.0,NO,,,
310.0,930,nan,0.0,NO,,,
310.0,930,nan,0.0,NO,,,
310.0,930,nan,0.0,NO,,,
310.0,930,nan,0.0,NO,,,
310.0,930,nan,0.0,NO,,,
310.0,930,nan,0.0,NO,,,
313.3333333333333,940,nan,0.0,NO,,,
313.3333333333333,940,nan,0.0,NO,,,
313.3333333333333,940,nan,0.0,NO,,,
313.3333333333333,940,nan,0.0,NO,,,
313.3333333333333,940,nan,0.0,NO,,,
313.3333333333333,940,nan,0.0,NO,,,
313.3333333333333,940,nan,0.0,NO,,,
313.3333333333333,940,nan,0.0,NO,,,
313.3333333333333,940,nan,0.0,NO,,,
313.3333333333333,940,nan,0.0,NO,,,
316.6666666666667,950,nan,1.0,NO,,,
316.6666666666667,950,nan,1.0,NO,,,
316.6666666666667,950,nan,1.0,NO,,,
316.6666666666667,950,nan,1.0,NO,,,
316.6666666666667,950,nan,1.0,NO,,,
316.6666666666667,950,nan,1.0,NO,,,
316.6666666666667,950,nan,1.0,NO,,,
316.6666666666667,950,nan,1.0,NO,,,
316.6666666666667,950,nan,1.0,NO,,,
316.6666666666667,950,nan,1.0,NO,,,
320.0,960,nan,0.0,NO,,,
320.0,960,nan,0.0,NO,,,
320.0,960,nan,0.0,NO,,,
320.0,960,nan,0.0,NO,,,
320.0,960,nan,0.0,NO,,,
320.0,960,nan,0.0,NO,,,
320.0,960,nan,0.0,NO,,,
320.0,960,nan,0.0,NO,,,
320.0,960,nan,0.0,NO,,,
320.0,960,nan,0.0,NO,,,
323.3333333333333,970,nan,0.0,NO,,,
323.3333333333333,970,nan,0.0,NO,,,
323.3333333333333,970,nan,0.0,NO,,,
323.3333333333333,970,nan,0.0,NO,,,
323.3333333333333,970,nan,0.0,NO,,,
323.3333333333333,970,nan,0.0,NO,,,
323.3333333333333,970,nan,0.0,NO,,,
323.3333333333333,970,nan,0.0,NO,,,
323.3333333333333,970,nan,0.0,NO,,,
323.3333333333333,970,nan,0.0,NO,,,
326.6666666666667,980,nan,1.0,NO,,,
326.6666666666667,980,nan,1.0,NO,,,
326.6666666666667,980,nan,1.0,NO,,,
326.6666666666667,980,nan,1.0,NO,,,
326.6666666666667,980,nan,1.0,NO,,,
326.6666666666667,980,nan,1.0,NO,,,
326.6666666666667,980,nan,1.0,NO,,,
326.6666666666667,980,nan,1.0,NO,,,
326.6666666666667,980,nan,1.0,NO,,,
326.6666666666667,980,nan,1.0,NO,,,
330.0,990,nan,0.0,NO,,,
330.0,990,nan,0.0,NO,,,
330.0,990,nan,0.0,NO,,,
330.0,990,nan,0.0,NO,,,
330.0,990,nan,0.0,NO,,,
330.0,990,nan,0.0,NO,,,
330.0,990,nan,0.0,NO,,,
330.0,990,nan,0.0,NO,,,
330.0,990,nan,0.0,NO,,,
330.0,990,nan,0.0,YES,nan,0.2,
333.3333333333333,1000,nan,0.0,NO,,,
333.3333333333333,1000,nan,0.0,NO,,,
333.3333333333333,1000,nan,0.0,NO,,,
333.3333333333333,1000,nan,0.0,NO,,,
333.3333333333333,1000,nan,0.0,NO,,,
333.3333333333333,1000,nan,0.0,NO,,,
333.3333333333333,1000,nan,0.0,NO,,,
333.3333333333333,1000,nan,0.0,NO,,,
333.3333333333333,1000,nan,0.0,NO,,,
333.3333333333333,1000,nan,0.0,NO,,,
336.6666666666667,1010,nan,1.0,NO,,,
336.6666666666667,1010,nan,1.0,NO,,,
336.6666666666667,1010,nan,1.0,NO,,,
336.6666666666667,1010,nan,1.0,NO,,,
336.6666666666667,1010,nan,1.0,NO,,,
336.6666666666667,1010,nan,1.0,NO,,,
336.6666666666667,1010,nan,1.0,NO,,,
336.6666666666667,1010,nan,1.0,NO,,,
336.6666666666667,1010,nan,1.0,NO,,,
336.6666666666667,1010,nan,1.0,NO,,,
340.0,1020,nan,0.0,NO,,,
340.0,1020,nan,0.0,NO,,,
340.0,1020,nan,0.0,NO,,,
340.0,1020,nan,0.0,NO,,,
340.0,1020,nan,0.0,NO,,,
340.0,1020,nan,0.0,NO,,,
340.0,1020,nan,0.0,NO,,,
340.0,1020,nan,0.0,NO,,,
340.0,1020,nan,0.0,NO,,,
340.0,1020,nan,0.0,NO,,,
343.3333333333333,1030,nan,0.0,NO,,,
343.3333333333333,1030,nan,0.0,NO,,,
343.3333333333333,1030,nan,0.0,NO,,,
343.3333333333333,1030,nan,0.0,NO,,,
343.3333333333333,1030,nan,0.0,NO,,,
343.3333333333333,1030,nan,0.0,NO,,,
343.3333333333333,1030,nan,0.0,NO,,,
343.3333333333333,1030,nan,0.0,NO,,,
343.3333333333333,1030,nan,0.0,NO,,,
343.3333333333333,1030,nan,0.0,NO,,,
346.6666666666667,1040,nan,1.0,NO,,,
346.6666666666667,1040,nan,1.0,NO,,,
346.6666666666667,1040,nan,1.0,NO,,,
346.6666666666667,1040,nan,1.0,NO,,,
346.6666666666667,1040,nan,1.0,NO,,,
346.6666666666667,1040,nan,1.0,NO,,,
346.6666666666667,1040,nan,1.0,NO,,,
346.6666666666667,1040,nan,1.0,NO,,,
346.6666666666667,1040,nan,1.0,NO,,,
346.6666666666667,1040,nan,1.0,NO,,,
350.0,1050,nan,0.0,NO,,,
350.0,1050,nan,0.0,NO,,,
350.0,1050,nan,0.0,NO,,,
350.0,1050,nan,0.0,NO,,,
350.0,1050,nan,0.0,NO,,,
350.0,1050,nan,0.0,NO,,,
350.0,1050,nan,0.0,NO,,,
350.0,1050,nan,0.0,NO,,,
350.0,1050,nan,0.0,NO,,,
350.0,1050,nan,0.0,NO,,,
353.3333333333333,1060,nan,0.0,NO,,,
353.3333333333333,1060,nan,0.0,NO,,,
353.3333333333333,1060,nan,0.0,NO,,,
353.3333333333333,1060,nan,0.0,NO,,,
353.3333333333333,1060,nan,0.0,NO,,,
353.3333333333333,1060,nan,0.0,NO,,,
353.3333333333333,1060,nan,0.0,NO,,,
353.3333333333333,1060,nan,0.0,NO,,,
353.3333333333333,1060,nan,0.0,NO,,,
353.3333333333333,1060,nan,0.0,NO,,,
356.6666666666667,1070,nan,1.0,NO,,,
356.6666666666667,1070,nan,1.0,NO,,,
356.6666666666667,1070,nan,1.0,NO,,,
356.6666666666667,1070,nan,1.0,NO,,,
356.6666666666667,1070,nan,1.0,NO,,,
356.6666666666667,1070,nan,1.0,NO,,,
356.6666666666667,1070,nan,1.0,NO,,,
356.6666666666667,1070,nan,1.0,NO,,,
356.6666666666667,1070,nan,1.0,NO,,,
356.6666666666667,1070,nan,1.0,NO,,,
360.0,1080,nan,0.0,NO,,,
360.0,1080,nan,0.0,NO,,,
360.0,1080,nan,0.0,NO,,,
360.0,1080,nan,0.0,NO,,,
360.0,1080,nan,0.0,NO,,,
360.0,1080,nan,0.0,NO,,,
360.0,1080,nan,0.0,NO,,,
360.0,1080,nan,0.0,NO,,,
360.0,1080,nan,0.0,NO,,,
360.0,1080,nan,0.0,NO,,,
363.3333333333333,1090,nan,0.0,NO,,,
363.3333333333333,1090,nan,0.0,NO,,,
363.3333333333333,1090,nan,0.0,NO,,,
363.3333333333333,1090,nan,0.0,NO,,,
363.3333333333333,1090,nan,0.0,NO,,,
363.3333333333333,1090,nan,0.0,NO,,,
363.3333333333333,1090,nan,0.0,NO,,,
363.3333333333333,1090,nan,0.0,NO,,,
363.3333333333333,1090,nan,0.0,NO,,,
363.3333333333333,1090,nan,0.0,NO,,,
366.6666666666667,1100,nan,1.0,NO,,,
366.6666666666667,1100,nan,1.0,NO,,,
366.6666666666667,1100,nan,1.0,NO,,,
366.6666666666667,1100,nan,1.0,NO,,,
366.6666666666667,1100,nan,1.0,NO,,,
366.6666666666667,1100,nan,1.0,NO,,,
366.6666666666667,1100,nan,1.0,NO,,,
366.6666666666667,1100,nan,1.0,NO,,,
366.6666666666667,1100,nan,1.0,NO,,,
366.6666666666667,1100,nan,1.0,NO,,,
370.0,1110,nan,0.0,NO,,,
370.0,1110,nan,0.0,NO,,,
370.0,1110,nan,0.0,NO,,,
370.0,1110,nan,0.0,NO,,,
370.0,1110,nan,0.0,NO,,,
370.0,1110,nan,0.0,NO,,,
370.0,1110,nan,0.0,NO,,,
370.0,1110,nan,0.0,NO,,,
370.0,1110,nan,0.0,NO,,,
370.0,1110,nan,0.0,NO,,,
373.3333333333333,1120,nan,0.0,NO,,,
373.3333333333333,1120,nan,0.0,NO,,,
373.3333333333333,1120,nan,0.0,NO,,,
373.3333333333333,1120,nan,0.0,NO,,,
373.3333333333333,1120,nan,0.0,NO,,,
373.3333333333333,1120,nan,0.0,NO,,,
373.3333333333333,1120,nan,0.0,NO,,,
373.3333333333333,1120,nan,0.0,NO,,,
373.3333333333333,1120,nan,0.0,NO,,,
373.3333333333333,1120,nan,0.0,NO,,,
376.6666666666667,1130,nan,1.0,NO,,,
376.6666666666667,1130,nan,1.0,NO,,,
376.6666666666667,1130,nan,1.0,NO,,,
376.6666666666667,1130,nan,1.0,NO,,,
376.6666666666667,1130,nan,1.0,NO,,,
376.6666666666667,1130,nan,1.0,NO,,,
376.6666666666667,1130,nan,1.0,NO,,,
376.6666666666667,1130,nan,1.0,NO,,,
376.6666666666667,1130,nan,1.0,NO,,,
376.6666666666667,1130,nan,1.0,NO,,,
380.0,1140,nan,0.0,NO,,,
380.0,1140,nan,0.0,NO,,,
380.0,1140,nan,0.0,NO,,,
380.0,1140,nan,0.0,NO,,,
380.0,1140,nan,0.0,NO,,,
380.0,1140,nan,0.0,NO,,,
380.0,1140,nan,0.0,NO,,,
380.0,1140,nan,0.0,NO,,,
380.0,1140,nan,0.0,NO,,,
380.0,1140,nan,0.0,NO,,,
383.3333333333333,1150,nan,0.0,NO,,,
383.3333333333333,1150,nan,0.0,NO,,,
383.3333333333333,1150,nan,0.0,NO,,,
383.3333333333333,1150,nan,0.0,NO,,,
383.3333333333333,1150,nan,0.0,NO,,,
383.3333333333333,1150,nan,0.0,NO,,,
383.3333333333333,1150,nan,0.0,NO,,,
383.3333333333333,1150,nan,0.0,NO,,,
383.3333333333333,1150,nan,0.0,NO,,,
383.3333333333333,1150,nan,0.0,NO,,,
386.6666666666667,1160,nan,1.0,NO,,,
386.6666666666667,1160,nan,1.0,NO,,,
386.6666666666667,1160,nan,1.0,NO,,,
386.6666666666667,1160,nan,1.0,NO,,,
386.6666666666667,1160,nan,1.0,NO,,,
386.6666666666667,1160,nan,1.0,NO,,,
386.6666666666667,1160,nan,1.0,NO,,,
386.6666666666667,1160,nan,1.0,NO,,,
386.6666666666667,1160,nan,1.0,NO,,,
386.6666666666667,1160,nan,1.0,NO,,,
390.0,1170,nan,0.0,NO,,,
390.0,1170,nan,0.0,NO,,,
390.0,1170,nan,0.0,NO,,,
390.0,1170,nan,0.0,NO,,,
390.0,1170,nan,0.0,NO,,,
390.0,1170,nan,0.0,NO,,,
390.0,1170,nan,0.0,NO,,,
390.0,1170,nan,0.0,NO,,,
390.0,1170,nan,0.0,NO,,,
390.0,1170,nan,0.0,NO,,,
393.3333333333333,1180,nan,0.0,NO,,,
393.3333333333333,1180,nan,0.0,NO,,,
393.3333333333333,1180,nan,0.0,NO,,,
393.3333333333333,1180,nan,0.0,NO,,,
393.3333333333333,1180,nan,0.0,NO,,,
393.3333333333333,1180,nan,0.0,NO,,,
393.3333333333333,1180,nan,0.0,NO,,,
393.3333333333333,1180,nan,0.0,NO,,,
393.3333333333333,1180,nan,0.0,NO,,,
393.3333333333333,1180,nan,0.0,NO,,,
396.6666666666667,1190,nan,1.0,NO,,,
396.6666666666667,1190,nan,1.0,NO,,,
396.6666666666667,1190,nan,1.0,NO,,,
396.6666666666667,1190,nan,1.0,NO,,,
396.6666666666667,1190,nan,1.0,NO,,,
396.6666666666667,1190,nan,1.0,NO,,,
396.6666666666667,1190,nan,1.0,NO,,,
396.6666666666667,1190,nan,1.0,NO,,,
396.6666666666667,1190,nan,1.0,NO,,,
396.6666666666667,1190,nan,1.0,YES,nan,0.2,
400.0,1200,nan,0.0,NO,,,
400.0,1200,nan,0.0,NO,,,
400.0,1200,nan,0.0,NO,,,
400.0,1200,nan,0.0,NO,,,
400.0,1200,nan,0.0,NO,,,
400.0,1200,nan,0.0,NO,,,
400.0,1200,nan,0.0,NO,,,
400.0,1200,nan,0.0,NO,,,
400.0,1200,nan,0.0,NO,,,
400.0,1200,nan,0.0,NO,,,
403.3333333333333,1210,nan,0.0,NO,,,
403.3333333333333,1210,nan,0.0,NO,,,
403.3333333333333,1210,nan,0.0,NO,,,
403.3333333333333,1210,nan,0.0,NO,,,
403.3333333333333,1210,nan,0.0,NO,,,
403.3333333333333,1210,nan,0.0,NO,,,
403.3333333333333,1210,nan,0.0,NO,,,
403.3333333333333,1210,nan,0.0,NO,,,
403.3333333333333,1210,nan,0.0,NO,,,
403.3333333333333,1210,nan,0.0,NO,,,
406.6666666666667,1220,nan,1.0,NO,,,
406.6666666666667,1220,nan,1.0,NO,,,
406.6666666666667,1220,nan,1.0,NO,,,
406.6666666666667,1220,nan,1.0,NO,,,
406.6666666666667,1220,nan,1.0,NO,,,
406.6666666666667,1220,nan,1.0,NO,,,
406.6666666666667,1220,nan,1.0,NO,,,
406.6666666666667,1220,nan,1.0,NO,,,
406.6666666666667,1220,nan,1.0,NO,,,
406.6666666666667,1220,nan,1.0,NO,,,
410.0,1230,nan,0.0,NO,,,
410.0,1230,nan,0.0,NO,,,
410.0,1230,nan,0.0,NO,,,
410.0,1230,nan,0.0,NO,,,
410.0,1230,nan,0.0,NO,,,
410.0,1230,nan,0.0,NO,,,
410.0,1230,nan,0.0,NO,,,
410.0,1230,nan,0.0,NO,,,
410.0,1230,nan,0.0,NO,,,
410.0,1230,nan,0.0,NO,,,
413.3333333333333,1240,nan,0.0,NO,,,
413.3333333333333,1240,nan,0.0,NO,,,
413.3333333333333,1240,nan,0.0,NO,,,
413.3333333333333,1240,nan,0.0,NO,,,
413.3333333333333,1240,nan,0.0,NO,,,
413.3333333333333,1240,nan,0.0,NO,,,
413.3333333333333,1240,nan,0.0,NO,,,
413.3333333333333,1240,nan,0.0,NO,,,
413.3333333333333,1240,nan,0.0,NO,,,
413.3333333333333,1240,nan,0.0,NO,,,
416.6666666666667,1250,nan,1.0,NO,,,
416.6666666666667,1250,nan,1.0,NO,,,
416.6666666666667,1250,nan,1.0,NO,,,
416.6666666666667,1250,nan,1.0,NO,,,
416.6666666666667,1250,nan,1.0,NO,,,
416.6666666666667,1250,nan,1.0,NO,,,
416.6666666666667,1250,nan,1.0,NO,,,
416.6666666666667,1250,nan,1.0,NO,,,
416.6666666666667,1250,nan,1.0,NO,,,
416.6666666666667,1250,nan,1.0,NO,,,
420.0,1260,nan,0.0,NO,,,
420.0,1260,nan,0.0,NO,,,
420.0,1260,nan,0.0,NO,,,
420.0,1260,nan,0.0,NO,,,
420.0,1260,nan,0.0,NO,,,
420.0,1260,nan,0.0,NO,,,
420.0,1260,nan,0.0,NO,,,
420.0,1260,nan,0.0,NO,,,
420.0,1260,nan,0.0,NO,,,
420.0,1260,nan,0.0,NO,,,
423.3333333333333,1270,nan,0.0,NO,,,
423.3333333333333,1270,nan,0.0,NO,,,
423.3333333333333,1270,nan,0.0,NO,,,
423.3333333333333,1270,nan,0.0,NO,,,
423.3333333333333,1270,nan,0.0,NO,,,
423.3333333333333,1270,nan,0.0,NO,,,
423.3333333333333,1270,nan,0.0,NO,,,
423.3333333333333,1270,nan,0.0,NO,,,
423.3333333333333,1270,nan,0.0,NO,,,
423.3333333333333,1270,nan,0.0,NO,,,
426.6666666666667,1280,nan,1.0,NO,,,
426.6666666666667,1280,nan,1.0,NO,,,
426.6666666666667,1280,nan,1.0,NO,,,
426.6666666666667,1280,nan,1.0,NO,,,
426.6666666666667,1280,nan,1.0,NO,,,
426.6666666666667,1280,nan,1.0,NO,,,
426.6666666666667,1280,nan,1.0,NO,,,
426.6666666666667,1280,nan,1.0,NO,,,
426.6666666666667,1280,nan,1.0,NO,,,
426.6666666666667,1280,nan,1.0,NO,,,
430.0,1290,nan,0.0,NO,,,
430.0,1290,nan,0.0,NO,,,
430.0,1290,nan,0.0,NO,,,
430.0,1290,nan,0.0,NO,,,
430.0,1290,nan,0.0,NO,,,
430.0,1290,nan,0.0,NO,,,
430.0,1290,nan,0.0,NO,,,
430.0,1290,nan,0.0,NO,,,
430.0,1290,nan,0.0,NO,,,
430.0,1290,nan,0.0,NO,,,
433.3333333333333,1300,nan,0.0,NO,,,
433.3333333333333,1300,nan,0.0,NO,,,
433.3333333333333,1300,nan,0.0,NO,,,
433.3333333333333,1300,nan,0.0,NO,,,
433.3333333333333,1300,nan,0.0,NO,,,
433.3333333333333,1300,nan,0.0,NO,,,
433.3333333333333,1300,nan,0.0,NO,,,
433.3333333333333,1300,nan,0.0,NO,,,
433.3333333333333,1300,nan,0.0,NO,,,
433.3333333333333,1300,nan,0.0,NO,,,
436.6666666666667,1310,nan,1.0,NO,,,
436.6666666666667,1310,nan,1.0,NO,,,
436.6666666666667,1310,nan,1.0,NO,,,
436.6666666666667,1310,nan,1.0,NO,,,
436.6666666666667,1310,nan,1.0,NO,,,
436.6666666666667,1310,nan,1.0,NO,,,
436.6666666666667,1310,nan,1.0,NO,,,
436.6666666666667,1310,nan,1.0,NO,,,
436.6666666666667,1310,nan,1.0,NO,,,
436.6666666666667,1310,nan,1.0,NO,,,
440.0,1320,nan,0.0,NO,,,
440.0,1320,nan,0.0,NO,,,
440.0,1320,nan,0.0,NO,,,
440.0,1320,nan,0.0,NO,,,
440.0,1320,nan,0.0,NO,,,
440.0,1320,nan,0.0,NO,,,
440.0,1320,nan,0.0,NO,,,
440.0,1320,nan,0.0,NO,,,
440.0,1320,nan,0.0,NO,,,
440.0,1320,nan,0.0,NO,,,
443.3333333333333,1330,nan,0.0,NO,,,
443.3333333333333,1330,nan,0.0,NO,,,
443.3333333333333,1330,nan,0.0,NO,,,
443.3333333333333,1330,nan,0.0,NO,,,
443.3333333333333,1330,nan,0.0,NO,,,
443.3333333333333,1330,nan,0.0,NO,,,
443.3333333333333,1330,nan,0.0,NO,,,
443.3333333333333,1330,nan,0.0,NO,,,
443.3333333333333,1330,nan,0.0,NO,,,
443.3333333333333,1330,nan,0.0,NO,,,
446.6666666666667,1340,nan,1.0,NO,,,
446.6666666666667,1340,nan,1.0,NO,,,
446.6666666666667,1340,nan,1.0,NO,,,
446.6666666666667,1340,nan,1.0,NO,,,
446.6666666666667,1340,nan,1.0,NO,,,
446.6666666666667,1340,nan,1.0,NO,,,
446.6666666666667,1340,nan,1.0,NO,,,
446.6666666666667,1340,nan,1.0,NO,,,
446.6666666666667,1340,nan,1.0,NO,,,
446.6666666666667,1340,nan,1.0,NO,,,
450.0,1350,nan,0.0,NO,,,
450.0,1350,nan,0.0,NO,,,
450.0,1350,nan,0.0,NO,,,
450.0,1350,nan,0.0,NO,,,
450.0,1350,nan,0.0,NO,,,
450.0,1350,nan,0.0,NO,,,
450.0,1350,nan,0.0,NO,,,
450.0,1350,nan,0.0,NO,,,
450.0,1350,nan,0.0,NO,,,
450.0,1350,nan,0.0,NO,,,
453.3333333333333,1360,nan,0.0,NO,,,
453.3333333333333,1360,nan,0.0,NO,,,
453.3333333333333,1360,nan,0.0,NO,,,
453.3333333333333,1360,nan,0.0,NO,,,
453.3333333333333,1360,nan,0.0,NO,,,
453.3333333333333,1360,nan,0.0,NO,,,
453.3333333333333,1360,nan,0.0,NO,,,
453.3333333333333,1360,nan,0.0,NO,,,
453.3333333333333,1360,nan,0.0,NO,,,
453.3333333333333,1360,nan,0.0,NO,,,
456.6666666666667,1370,nan,1.0,NO,,,
456.6666666666667,1370,nan,1.0,NO,,,
456.6666666666667,1370,nan,1.0,NO,,,
456.6666666666667,1370,nan,1.0,NO,,,
456.6666666666667,1370,nan,1.0,NO,,,
456.6666666666667,1370,nan,1.0,NO,,,
456.6666666666667,1370,nan,1.0,NO,,,
456.6666666666667,1370,nan,1.0,NO,,,
456.6666666666667,1370,nan,1.0,NO,,,
456.6666666666667,1370,nan,1.0,NO,,,
460.0,1380,nan,0.0,NO,,,
460.0,1380,nan,0.0,NO,,,
460.0,1380,nan,0.0,NO,,,
460.0,1380,nan,0.0,NO,,,
460.0,1380,nan,0.0,NO,,,
460.0,1380,nan,0.0,NO,,,
460.0,1380,nan,0.0,NO,,,
460.0,1380,nan,0.0,NO,,,
460.0,1380,nan,0.0,NO,,,
460.0,1380,nan,0.0,NO,,,
463.3333333333333,1390,nan,0.0,NO,,,
463.3333333333333,1390,nan,0.0,NO,,,
463.3333333333333,1390,nan,0.0,NO,,,
463.3333333333333,1390,nan,0.0,NO,,,
463.3333333333333,1390,nan,0.0,NO,,,
463.3333333333333,1390,nan,0.0,NO,,,
463.3333333333333,1390,nan,0.0,NO,,,
463.3333333333333,1390,nan,0.0,NO,,,
463.3333333333333,1390,nan,0.0,NO,,,
463.3333333333333,1390,nan,0.0,YES,nan,0.2,
466.6666666666667,1400,nan,1.0,NO,,,
466.6666666666667,1400,nan,1.0,NO,,,
466.6666666666667,1400,nan,1.0,NO,,,
466.6666666666667,1400,nan,1.0,NO,,,
466.6666666666667,1400,nan,1.0,NO,,,
466.6666666666667,1400,nan,1.0,NO,,,
466.6666666666667,1400,nan,1.0,NO,,,
466.6666666666667,1400,nan,1.0,NO,,,
466.6666666666667,1400,nan,1.0,NO,,,
466.6666666666667,1400,nan,1.0,NO,,,
470.0,1410,nan,0.0,NO,,,
470.0,1410,nan,0.0,NO,,,
470.0,1410,nan,0.0,NO,,,
470.0,1410,nan,0.0,NO,,,
470.0,1410,nan,0.0,NO,,,
470.0,1410,nan,0.0,NO,,,
470.0,1410,nan,0.0,NO,,,
470.0,1410,nan,0.0,NO,,,
470.0,1410,nan,0.0,NO,,,
470.0,1410,nan,0.0,NO,,,
473.3333333333333,1420,nan,0.0,NO,,,
473.3333333333333,1420,nan,0.0,NO,,,
473.3333333333333,1420,nan,0.0,NO,,,
473.3333333333333,1420,nan,0.0,NO,,,
473.3333333333333,1420,nan,0.0,NO,,,
473.3333333333333,1420,nan,0.0,NO,,,
473.3333333333333,1420,nan,0.0,NO,,,
473.3333333333333,1420,nan,0.0,NO,,,
473.3333333333333,1420,nan,0.0,NO,,,
473.3333333333333,1420,nan,0.0,NO,,,
476.6666666666667,1430,nan,1.0,NO,,,
476.6666666666667,1430,nan,1.0,NO,,,
476.6666666666667,1430,nan,1.0,NO,,,
476.6666666666667,1430,nan,1.0,NO,,,
476.6666666666667,1430,nan,1.0,NO,,,
476.6666666666667,1430,nan,1.0,NO,,,
476.6666666666667,1430,nan,1.0,NO,,,
476.6666666666667,1430,nan,1.0,NO,,,
476.6666666666667,1430,nan,1.0,NO,,,
476.6666666666667,1430,nan,1.0,NO,,,
480.0,1440,nan,0.0,NO,,,
480.0,1440,nan,0.0,NO,,,
480.0,1440,nan,0.0,NO,,,
480.0,1440,nan,0.0,NO,,,
480.0,1440,nan,0.0,NO,,,
480.0,1440,nan,0.0,NO,,,
480.0,1440,nan,0.0,NO,,,
480.0,1440,nan,0.0,NO,,,
480.0,1440,nan,0.0,NO,,,
480.0,1440,nan,0.0,NO,,,
483.3333333333333,1450,nan,0.0,NO,,,
483.3333333333333,1450,nan,0.0,NO,,,
483.3333333333333,1450,nan,0.0,NO,,,
483.3333333333333,1450,nan,0.0,NO,,,
483.3333333333333,1450,nan,0.0,NO,,,
483.3333333333333,1450,nan,0.0,NO,,,
483.3333333333333,1450,nan,0.0,NO,,,
483.3333333333333,1450,nan,0.0,NO,,,
483.3333333333333,1450,nan,0.0,NO,,,
483.3333333333333,1450,nan,0.0,NO,,,
486.6666666666667,1460,nan,1.0,NO,,,
486.6666666666667,1460,nan,1.0,NO,,,
486.6666666666667,1460,nan,1.0,NO,,,
486.6666666666667,1460,nan,1.0,NO,,,
486.6666666666667,1460,nan,1.0,NO,,,
486.6666666666667,1460,nan,1.0,NO,,,
486.6666666666667,1460,nan,1.0,NO,,,
486.6666666666667,1460,nan,1.0,NO,,,
486.6666666666667,1460,nan,1.0,NO,,,
486.6666666666667,1460,nan,1.0,NO,,,
490.0,1470,nan,0.0,NO,,,
490.0,1470,nan,0.0,NO,,,
490.0,1470,nan,0.0,NO,,,
490.0,1470,nan,0.0,NO,,,
490.0,1470,nan,0.0,NO,,,
490.0,1470,nan,0.0,NO,,,
490.0,1470,nan,0.0,NO,,,
490.0,1470,nan,0.0,NO,,,
490.0,1470,nan,0.0,NO,,,
490.0,1470,nan,0.0,NO,,,
493.3333333333333,1480,nan,0.0,NO,,,
493.3333333333333,1480,nan,0.0,NO,,,
493.3333333333333,1480,nan,0.0,NO,,,
493.3333333333333,1480,nan,0.0,NO,,,
493.3333333333333,1480,nan,0.0,NO,,,
493.3333333333333,1480,nan,0.0,NO,,,
493.3333333333333,1480,nan,0.0,NO,,,
493.3333333333333,1480,nan,0.0,NO,,,
493.3333333333333,1480,nan,0.0,NO,,,
493.3333333333333,1480,nan,0.0,NO,,,
496.6666666666667,1490,nan,1.0,NO,,,
496.6666666666667,1490,nan,1.0,NO,,,
496.6666666666667,1490,nan,1.0,NO,,,
496.6666666666667,1490,nan,1.0,NO,,,
496.6666666666667,1490,nan,1.0,NO,,,
496.6666666666667,1490,nan,1.0,NO,,,
496.6666666666667,1490,nan,1.0,NO,,,
496.6666666666667,1490,nan,1.0,NO,,,
496.6666666666667,1490,nan,1.0,NO,,,
496.6666666666667,1490,nan,1.0,NO,,,
500.0,1500,nan,0.0,NO,,,
500.0,1500,nan,0.0,NO,,,
500.0,1500,nan,0.0,NO,,,
500.0,1500,nan,0.0,NO,,,
500.0,1500,nan,0.0,NO,,,
500.0,1500,nan,0.0,NO,,,
500.0,1500,nan,0.0,NO,,,
500.0,1500,nan,0.0,NO,,,
500.0,1500,nan,0.0,NO,,,
500.0,1500,nan,0.0,NO,,,
503.3333333333333,1510,nan,0.0,NO,,,
503.3333333333333,1510,nan,0.0,NO,,,
503.3333333333333,1510,nan,0.0,NO,,,
503.3333333333333,1510,nan,0.0,NO,,,
503.3333333333333,1510,nan,0.0,NO,,,
503.3333333333333,1510,nan,0.0,NO,,,
503.3333333333333,1510,nan,0.0,NO,,,
503.3333333333333,1510,nan,0.0,NO,,,
503.3333333333333,1510,nan,0.0,NO,,,
503.3333333333333,1510,nan,0.0,NO,,,
506.6666666666667,1520,nan,1.0,NO,,,
506.6666666666667,1520,nan,1.0,NO,,,
506.6666666666667,1520,nan,1.0,NO,,,
506.6666666666667,1520,nan,1.0,NO,,,
506.6666666666667,1520,nan,1.0,NO,,,
506.6666666666667,1520,nan,1.0,NO,,,
506.6666666666667,1520,nan,1.0,NO,,,
506.6666666666667,1520,nan,1.0,NO,,,
506.6666666666667,1520,nan,1.0,NO,,,
506.6666666666667,1520,nan,1.0,NO,,,
510.0,1530,nan,0.0,NO,,,
510.0,1530,nan,0.0,NO,,,
510.0,1530,nan,0.0,NO,,,
510.0,1530,nan,0.0,NO,,,
510.0,1530,nan,0.0,NO,,,
510.0,1530,nan,0.0,NO,,,
510.0,1530,nan,0.0,NO,,,
510.0,1530,nan,0.0,NO,,,
510.0,1530,nan,0.0,NO,,,
510.0,1530,nan,0.0,NO,,,
513.3333333333334,1540,nan,0.0,NO,,,
513.3333333333334,1540,nan,0.0,NO,,,
513.3333333333334,1540,nan,0.0,NO,,,
513.3333333333334,1540,nan,0.0,NO,,,
513.3333333333334,1540,nan,0.0,NO,,,
513.3333333333334,1540,nan,0.0,NO,,,
513.3333333333334,1540,nan,0.0,NO,,,
513.3333333333334,1540,nan,0.0,NO,,,
513.3333333333334,1540,nan,0.0,NO,,,
513.3333333333334,1540,nan,0.0,NO,,,
516.6666666666666,1550,nan,1.0,NO,,,
516.6666666666666,1550,nan,1.0,NO,,,
516.6666666666666,1550,nan,1.0,NO,,,
516.6666666666666,1550,nan,1.0,NO,,,
516.6666666666666,1550,nan,1.0,NO,,,
516.6666666666666,1550,nan,1.0,NO,,,
516.6666666666666,1550,nan,1.0,NO,,,
516.6666666666666,1550,nan,1.0,NO,,,
516.6666666666666,1550,nan,1.0,NO,,,
516.6666666666666,1550,nan,1.0,NO,,,
520.0,1560,nan,0.0,NO,,,
520.0,1560,nan,0.0,NO,,,
520.0,1560,nan,0.0,NO,,,
520.0,1560,nan,0.0,NO,,,
520.0,1560,nan,0.0,NO,,,
520.0,1560,nan,0.0,NO,,,
520.0,1560,nan,0.0,NO,,,
520.0,1560,nan,0.0,NO,,,
520.0,1560,nan,0.0,NO,,,
520.0,1560,nan,0.0,NO,,,
523.3333333333334,1570,nan,0.0,NO,,,
523.3333333333334,1570,nan,0.0,NO,,,
523.3333333333334,1570,nan,0.0,NO,,,
523.3333333333334,1570,nan,0.0,NO,,,
523.3333333333334,1570,nan,0.0,NO,,,
523.3333333333334,1570,nan,0.0,NO,,,
523.3333333333334,1570,nan,0.0,NO,,,
523.3333333333334,1570,nan,0.0,NO,,,
523.3333333333334,1570,nan,0.0,NO,,,
523.3333333333334,1570,nan,0.0,NO,,,
526.6666666666666,1580,nan,1.0,NO,,,
526.6666666666666,1580,nan,1.0,NO,,,
526.6666666666666,1580,nan,1.0,NO,,,
526.6666666666666,1580,nan,1.0,NO,,,
526.6666666666666,1580,nan,1.0,NO,,,
526.6666666666666,1580,nan,1.0,NO,,,
526.6666666666666,1580,nan,1.0,NO,,,
526.6666666666666,1580,nan,1.0,NO,,,
526.6666666666666,1580,nan,1.0,NO,,,
526.6666666666666,1580,nan,1.0,NO,,,
530.0,1590,nan,0.0,NO,,,
530.0,1590,nan,0.0,NO,,,
530.0,1590,nan,0.0,NO,,,
530.0,1590,nan,0.0,NO,,,
530.0,1590,nan,0.0,NO,,,
530.0,1590,nan,0.0,NO,,,
530.0,1590,nan,0.0,NO,,,
530.0,1590,nan,0.0,NO,,,
530.0,1590,nan,0.0,NO,,,
530.0,1590,nan,0.0,YES,nan,0.2,
533.3333333333334,1600,nan,0.0,NO,,,
533.3333333333334,1600,nan,0.0,NO,,,
533.3333333333334,1600,nan,0.0,NO,,,
533.3333333333334,1600,nan,0.0,NO,,,
533.3333333333334,1600,nan,0.0,NO,,,
533.3333333333334,1600,nan,0.0,NO,,,
533.3333333333334,1600,nan,0.0,NO,,,
533.3333333333334,1600,nan,0.0,NO,,,
533.3333333333334,1600,nan,0.0,NO,,,
533.3333333333334,1600,nan,0.0,NO,,,
536.6666666666666,1610,nan,1.0,NO,,,
536.6666666666666,1610,nan,1.0,NO,,,
536.6666666666666,1610,nan,1.0,NO,,,
536.6666666666666,1610,nan,1.0,NO,,,
536.6666666666666,1610,nan,1.0,NO,,,
536.6666666666666,1610,nan,1.0,NO,,,
536.6666666666666,1610,nan,1.0,NO,,,
536.6666666666666,1610,nan,1.0,NO,,,
536.6666666666666,1610,nan,1.0,NO,,,
536.6666666666666,1610,nan,1.0,NO,,,
540.0,1620,nan,0.0,NO,,,
540.0,1620,nan,0.0,NO,,,
540.0,1620,nan,0.0,NO,,,
540.0,1620,nan,0.0,NO,,,
540.0,1620,nan,0.0,NO,,,
540.0,1620,nan,0.0,NO,,,
540.0,1620,nan,0.0,NO,,,
540.0,1620,nan,0.0,NO,,,
540.0,1620,nan,0.0,NO,,,
540.0,1620,nan,0.0,NO,,,
543.3333333333334,1630,nan,0.0,NO,,,
543.3333333333334,1630,nan,0.0,NO,,,
543.3333333333334,1630,nan,0.0,NO,,,
543.3333333333334,1630,nan,0.0,NO,,,
543.3333333333334,1630,nan,0.0,NO,,,
543.3333333333334,1630,nan,0.0,NO,,,
543.3333333333334,1630,nan,0.0,NO,,,
543.3333333333334,1630,nan,0.0,NO,,,
543.3333333333334,1630,nan,0.0,NO,,,
543.3333333333334,1630,nan,0.0,NO,,,
546.6666666666666,1640,nan,1.0,NO,,,
546.6666666666666,1640,nan,1.0,NO,,,
546.6666666666666,1640,nan,1.0,NO,,,
546.6666666666666,1640,nan,1.0,NO,,,
546.6666666666666,1640,nan,1.0,NO,,,
546.6666666666666,1640,nan,1.0,NO,,,
546.6666666666666,1640,nan,1.0,NO,,,
546.6666666666666,1640,nan,1.0,NO,,,
546.6666666666666,1640,nan,1.0,NO,,,
546.6666666666666,1640,nan,1.0,NO,,,
550.0,1650,nan,0.0,NO,,,
550.0,1650,nan,0.0,NO,,,
550.0,1650,nan,0.0,NO,,,
550.0,1650,nan,0.0,NO,,,
550.0,1650,nan,0.0,NO,,,
550.0,1650,nan,0.0,NO,,,
550.0,1650,nan,0.0,NO,,,
550.0,1650,nan,0.0,NO,,,
550.0,1650,nan,0.0,NO,,,
550.0,1650,nan,0.0,NO,,,
553.3333333333334,1660,nan,0.0,NO,,,
553.3333333333334,1660,nan,0.0,NO,,,
553.3333333333334,1660,nan,0.0,NO,,,
553.3333333333334,1660,nan,0.0,NO,,,
553.3333333333334,1660,nan,0.0,NO,,,
553.3333333333334,1660,nan,0.0,NO,,,
553.3333333333334,1660,nan,0.0,NO,,,
553.3333333333334,1660,nan,0.0,NO,,,
553.3333333333334,1660,nan,0.0,NO,,,
553.3333333333334,1660,nan,0.0,NO,,,
556.6666666666666,1670,nan,1.0,NO,,,
556.6666666666666,1670,nan,1.0,NO,,,
556.6666666666666,1670,nan,1.0,NO,,,
556.6666666666666,1670,nan,1.0,NO,,,
556.6666666666666,1670,nan,1.0,NO,,,
556.6666666666666,1670,nan,1.0,NO,,,
556.6666666666666,1670,nan,1.0,NO,,,
556.6666666666666,1670,nan,1.0,NO,,,
556.6666666666666,1670,nan,1.0,NO,,,
556.6666666666666,1670,nan,1.0,NO,,,
560.0,1680,nan,0.0,NO,,,
560.0,1680,nan,0.0,NO,,,
560.0,1680,nan,0.0,NO,,,
560.0,1680,nan,0.0,NO,,,
560.0,1680,nan,0.0,NO,,,
560.0,1680,nan,0.0,NO,,,
560.0,1680,nan,0.0,NO,,,
560.0,1680,nan,0.0,NO,,,
560.0,1680,nan,0.0,NO,,,
560.0,1680,nan,0.0,NO,,,
563.3333333333334,1690,nan,0.0,NO,,,
563.3333333333334,1690,nan,0.0,NO,,,
563.3333333333334,1690,nan,0.0,NO,,,
563.3333333333334,1690,nan,0.0,NO,,,
563.3333333333334,1690,nan,0.0,NO,,,
563.3333333333334,1690,nan,0.0,NO,,,
563.3333333333334,1690,nan,0.0,NO,,,
563.3333333333334,1690,nan,0.0,NO,,,
563.3333333333334,1690,nan,0.0,NO,,,
563.3333333333334,1690,nan,0.0,NO,,,
566.6666666666666,1700,nan,1.0,NO,,,
566.6666666666666,1700,nan,1.0,NO,,,
566.6666666666666,1700,nan,1.0,NO,,,
566.6666666666666,1700,nan,1.0,NO,,,
566.6666666666666,1700,nan,1.0,NO,,,
566.6666666666666,1700,nan,1.0,NO,,,
566.6666666666666,1700,nan,1.0,NO,,,
566.6666666666666,1700,nan,1.0,NO,,,
566.6666666666666,1700,nan,1.0,NO,,,
566.6666666666666,1700,nan,1.0,NO,,,
570.0,1710,nan,0.0,NO,,,
570.0,1710,nan,0.0,NO,,,
570.0,1710,nan,0.0,NO,,,
570.0,1710,nan,0.0,NO,,,
570.0,1710,nan,0.0,NO,,,
570.0,1710,nan,0.0,NO,,,
570.0,1710,nan,0.0,NO,,,
570.0,1710,nan,0.0,NO,,,
570.0,1710,nan,0.0,NO,,,
570.0,1710,nan,0.0,NO,,,
573.3333333333334,1720,nan,0.0,NO,,,
573.3333333333334,1720,nan,0.0,NO,,,
573.3333333333334,1720,nan,0.0,NO,,,
573.3333333333334,1720,nan,0.0,NO,,,
573.3333333333334,1720,nan,0.0,NO,,,
573.3333333333334,1720,nan,0.0,NO,,,
573.3333333333334,1720,nan,0.0,NO,,,
573.3333333333334,1720,nan,0.0,NO,,,
573.3333333333334,1720,nan,0.0,NO,,,
573.3333333333334,1720,nan,0.0,NO,,,
576.6666666666666,1730,nan,1.0,NO,,,
576.6666666666666,1730,nan,1.0,NO,,,
576.6666666666666,1730,nan,1.0,NO,,,
576.6666666666666,1730,nan,1.0,NO,,,
576.6666666666666,1730,nan,1.0,NO,,,
576.6666666666666,1730,nan,1.0,NO,,,
576.6666666666666,1730,nan,1.0,NO,,,
576.6666666666666,1730,nan,1.0,NO,,,
576.6666666666666,1730,nan,1.0,NO,,,
576.6666666666666,1730,nan,1.0,NO,,,
580.0,1740,nan,0.0,NO,,,
580.0,1740,nan,0.0,NO,,,
580.0,1740,nan,0.0,NO,,,
580.0,1740,nan,0.0,NO,,,
580.0,1740,nan,0.0,NO,,,
580.0,1740,nan,0.0,NO,,,
580.0,1740,nan,0.0,NO,,,
580.0,1740,nan,0.0,NO,,,
580.0,1740,nan,0.0,NO,,,
580.0,1740,nan,0.0,NO,,,
583.3333333333334,1750,nan,0.0,NO,,,
583.3333333333334,1750,nan,0.0,NO,,,
583.3333333333334,1750,nan,0.0,NO,,,
583.3333333333334,1750,nan,0.0,NO,,,
583.3333333333334,1750,nan,0.0,NO,,,
583.3333333333334,1750,nan,0.0,NO,,,
583.3333333333334,1750,nan,0.0,NO,,,
583.3333333333334,1750,nan,0.0,NO,,,
583.3333333333334,1750,nan,0.0,NO,,,
583.3333333333334,1750,nan,0.0,NO,,,
586.6666666666666,1760,nan,1.0,NO,,,
586.6666666666666,1760,nan,1.0,NO,,,
586.6666666666666,1760,nan,1.0,NO,,,
586.6666666666666,1760,nan,1.0,NO,,,
586.6666666666666,1760,nan,1.0,NO,,,
586.6666666666666,1760,nan,1.0,NO,,,
586.6666666666666,1760,nan,1.0,NO,,,
586.6666666666666,1760,nan,1.0,NO,,,
586.6666666666666,1760,nan,1.0,NO,,,
586.6666666666666,1760,nan,1.0,NO,,,
590.0,1770,nan,0.0,NO,,,
590.0,1770,nan,0.0,NO,,,
590.0,1770,nan,0.0,NO,,,
590.0,1770,nan,0.0,NO,,,
590.0,1770,nan,0.0,NO,,,
590.0,1770,nan,0.0,NO,,,
590.0,1770,nan,0.0,NO,,,
590.0,1770,nan,0.0,NO,,,
590.0,1770,nan,0.0,NO,,,
590.0,1770,nan,0.0,NO,,,
593.3333333333334,1780,nan,0.0,NO,,,
593.3333333333334,1780,nan,0.0,NO,,,
593.3333333333334,1780,nan,0.0,NO,,,
593.3333333333334,1780,nan,0.0,NO,,,
593.3333333333334,1780,nan,0.0,NO,,,
593.3333333333334,1780,nan,0.0,NO,,,
593.3333333333334,1780,nan,0.0,NO,,,
593.3333333333334,1780,nan,0.0,NO,,,
593.3333333333334,1780,nan,0.0,NO,,,
593.3333333333334,1780,nan,0.0,NO,,,
596.6666666666666,1790,nan,1.0,NO,,,
596.6666666666666,1790,nan,1.0,NO,,,
596.6666666666666,1790,nan,1.0,NO,,,
596.6666666666666,1790,nan,1.0,NO,,,
596.6666666666666,1790,nan,1.0,NO,,,
596.6666666666666,1790,nan,1.0,NO,,,
596.6666666666666,1790,nan,1.0,NO,,,
596.6666666666666,1790,nan,1.0,NO,,,
596.6666666666666,1790,nan,1.0,NO,,,
596.6666666666666,1790,nan,1.0,YES,nan,0.2,
600.0,1800,nan,0.0,NO,,,
600.0,1800,nan,0.0,NO,,,
600.0,1800,nan,0.0,NO,,,
600.0,1800,nan,0.0,NO,,,
600.0,1800,nan,0.0,NO,,,
600.0,1800,nan,0.0,NO,,,
600.0,1800,nan,0.0,NO,,,
600.0,1800,nan,0.0,NO,,,
600.0,1800,nan,0.0,NO,,,
600.0,1800,nan,0.0,NO,,,
603.3333333333334,1810,nan,0.0,NO,,,
603.3333333333334,1810,nan,0.0,NO,,,
603.3333333333334,1810,nan,0.0,NO,,,
603.3333333333334,1810,nan,0.0,NO,,,
603.3333333333334,1810,nan,0.0,NO,,,
603.3333333333334,1810,nan,0.0,NO,,,
603.3333333333334,1810,nan,0.0,NO,,,
603.3333333333334,1810,nan,0.0,NO,,,
603.3333333333334,1810,nan,0.0,NO,,,
603.3333333333334,1810,nan,0.0,NO,,,
606.6666666666666,1820,nan,1.0,NO,,,
606.6666666666666,1820,nan,1.0,NO,,,
606.6666666666666,1820,nan,1.0,NO,,,
606.6666666666666,1820,nan,1.0,NO,,,
606.6666666666666,1820,nan,1.0,NO,,,
606.6666666666666,1820,nan,1.0,NO,,,
606.6666666666666,1820,nan,1.0,NO,,,
606.6666666666666,1820,nan,1.0,NO,,,
606.6666666666666,1820,nan,1.0,NO,,,
606.6666666666666,1820,nan,1.0,NO,,,
610.0,1830,nan,0.0,NO,,,
610.0,1830,nan,0.0,NO,,,
610.0,1830,nan,0.0,NO,,,
610.0,1830,nan,0.0,NO,,,
610.0,1830,nan,0.0,NO,,,
610.0,1830,nan,0.0,NO,,,
610.0,1830,nan,0.0,NO,,,
610.0,1830,nan,0.0,NO,,,
610.0,1830,nan,0.0,NO,,,
610.0,1830,nan,0.0,NO,,,
613.3333333333334,1840,nan,0.0,NO,,,
613.3333333333334,1840,nan,0.0,NO,,,
613.3333333333334,1840,nan,0.0,NO,,,
613.3333333333334,1840,nan,0.0,NO,,,
613.3333333333334,1840,nan,0.0,NO,,,
613.3333333333334,1840,nan,0.0,NO,,,
613.3333333333334,1840,nan,0.0,NO,,,
613.3333333333334,1840,nan,0.0,NO,,,
613.3333333333334,1840,nan,0.0,NO,,,
613.3333333333334,1840,nan,0.0,NO,,,
616.6666666666666,1850,nan,1.0,NO,,,
616.6666666666666,1850,nan,1.0,NO,,,
616.6666666666666,1850,nan,1.0,NO,,,
616.6666666666666,1850,nan,1.0,NO,,,
616.6666666666666,1850,nan,1.0,NO,,,
616.6666666666666,1850,nan,1.0,NO,,,
616.6666666666666,1850,nan,1.0,NO,,,
616.6666666666666,1850,nan,1.0,NO,,,
616.6666666666666,1850,nan,1.0,NO,,,
616.6666666666666,1850,nan,1.0,NO,,,
620.0,1860,nan,0.0,NO,,,
620.0,1860,nan,0.0,NO,,,
620.0,1860,nan,0.0,NO,,,
620.0,1860,nan,0.0,NO,,,
620.0,1860,nan,0.0,NO,,,
620.0,1860,nan,0.0,NO,,,
620.0,1860,nan,0.0,NO,,,
620.0,1860,nan,0.0,NO,,,
620.0,1860,nan,0.0,NO,,,
620.0,1860,nan,0.0,NO,,,
623.3333333333334,1870,nan,0.0,NO,,,
623.3333333333334,1870,nan,0.0,NO,,,
623.3333333333334,1870,nan,0.0,NO,,,
623.3333333333334,1870,nan,0.0,NO,,,
623.3333333333334,1870,nan,0.0,NO,,,
623.3333333333334,1870,nan,0.0,NO,,,
623.3333333333334,1870,nan,0.0,NO,,,
623.3333333333334,1870,nan,0.0,NO,,,
623.3333333333334,1870,nan,0.0,NO,,,
623.3333333333334,1870,nan,0.0,NO,,,
626.6666666666666,1880,nan,1.0,NO,,,
626.6666666666666,1880,nan,1.0,NO,,,
626.6666666666666,1880,nan,1.0,NO,,,
626.6666666666666,1880,nan,1.0,NO,,,
626.6666666666666,1880,nan,1.0,NO,,,
626.6666666666666,1880,nan,1.0,NO,,,
626.6666666666666,1880,nan,1.0,NO,,,
626.6666666666666,1880,nan,1.0,NO,,,
626.6666666666666,1880,nan,1.0,NO,,,
626.6666666666666,1880,nan,1.0,NO,,,
630.0,1890,nan,0.0,NO,,,
630.0,1890,nan,0.0,NO,,,
630.0,1890,nan,0.0,NO,,,
630.0,1890,nan,0.0,NO,,,
630.0,1890,nan,0.0,NO,,,
630.0,1890,nan,0.0,NO,,,
630.0,1890,nan,0.0,NO,,,
630.0,1890,nan,0.0,NO,,,
630.0,1890,nan,0.0,NO,,,
630.0,1890,nan,0.0,NO,,,
633.3333333333334,1900,nan,0.0,NO,,,
633.3333333333334,1900,nan,0.0,NO,,,
633.3333333333334,1900,nan,0.0,NO,,,
633.3333333333334,1900,nan,0.0,NO,,,
633.3333333333334,1900,nan,0.0,NO,,,
633.3333333333334,1900,nan,0.0,NO,,,
633.3333333333334,1900,nan,0.0,NO,,,
633.3333333333334,1900,nan,0.0,NO,,,
633.3333333333334,1900,nan,0.0,NO,,,
633.3333333333334,1900,nan,0.0,NO,,,
636.6666666666666,1910,nan,1.0,NO,,,
636.6666666666666,1910,nan,1.0,NO,,,
636.6666666666666,1910,nan,1.0,NO,,,
636.6666666666666,1910,nan,1.0,NO,,,
636.6666666666666,1910,nan,1.0,NO,,,
636.6666666666666,1910,nan,1.0,NO,,,
636.6666666666666,1910,nan,1.0,NO,,,
636.6666666666666,1910,nan,1.0,NO,,,
636.6666666666666,1910,nan,1.0,NO,,,
636.6666666666666,1910,nan,1.0,NO,,,
640.0,1920,nan,0.0,NO,,,
640.0,1920,nan,0.0,NO,,,
640.0,1920,nan,0.0,NO,,,
640.0,1920,nan,0.0,NO,,,
640.0,1920,nan,0.0,NO,,,
640.0,1920,nan,0.0,NO,,,
640.0,1920,nan,0.0,NO,,,
640.0,1920,nan,0.0,NO,,,
640.0,1920,nan,0.0,NO,,,
640.0,1920,nan,0.0,NO,,,
643.3333333333334,1930,nan,0.0,NO,,,
643.3333333333334,1930,nan,0.0,NO,,,
643.3333333333334,1930,nan,0.0,NO,,,
643.3333333333334,1930,nan,0.0,NO,,,
643.3333333333334,1930,nan,0.0,NO,,,
643.3333333333334,1930,nan,0.0,NO,,,
643.3333333333334,1930,nan,0.0,NO,,,
643.3333333333334,1930,nan,0.0,NO,,,
643.3333333333334,1930,nan,0.0,NO,,,
643.3333333333334,1930,nan,0.0,NO,,,
646.6666666666666,1940,nan,1.0,NO,,,
646.6666666666666,1940,nan,1.0,NO,,,
646.6666666666666,1940,nan,1.0,NO,,,
646.6666666666666,1940,nan,1.0,NO,,,
646.6666666666666,1940,nan,1.0,NO,,,
646.6666666666666,1940,nan,1.0,NO,,,
646.6666666666666,1940,nan,1.0,NO,,,
646.6666666666666,1940,nan,1.0,NO,,,
646.6666666666666,1940,nan,1.0,NO,,,
646.6666666666666,1940,nan,1.0,NO,,,
650.0,1950,nan,0.0,NO,,,
650.0,1950,nan,0.0,NO,,,
650.0,1950,nan,0.0,NO,,,
650.0,1950,nan,0.0,NO,,,
650.0,1950,nan,0.0,NO,,,
650.0,1950,nan,0.0,NO,,,
650.0,1950,nan,0.0,NO,,,
650.0,1950,nan,0.0,NO,,,
650.0,1950,nan,0.0,NO,,,
650.0,1950,nan,0.0,NO,,,
653.3333333333334,1960,nan,0.0,NO,,,
653.3333333333334,1960,nan,0.0,NO,,,
653.3333333333334,1960,nan,0.0,NO,,,
653.3333333333334,1960,nan,0.0,NO,,,
653.3333333333334,1960,nan,0.0,NO,,,
653.3333333333334,1960,nan,0.0,NO,,,
653.3333333333334,1960,nan,0.0,NO,,,
653.3333333333334,1960,nan,0.0,NO,,,
653.3333333333334,1960,nan,0.0,NO,,,
653.3333333333334,1960,nan,0.0,NO,,,
656.6666666666666,1970,nan,1.0,NO,,,
656.6666666666666,1970,nan,1.0,NO,,,
656.6666666666666,1970,nan,1.0,NO,,,
656.6666666666666,1970,nan,1.0,NO,,,
656.6666666666666,1970,nan,1.0,NO,,,
656.6666666666666,1970,nan,1.0,NO,,,
656.6666666666666,1970,nan,1.0,NO,,,
656.6666666666666,1970,nan,1.0,NO,,,
656.6666666666666,1970,nan,1.0,NO,,,
656.6666666666666,1970,nan,1.0,NO,,,
660.0,1980,nan,0.0,NO,,,
660.0,1980,nan,0.0,NO,,,
660.0,1980,nan,0.0,NO,,,
660.0,1980,nan,0.0,NO,,,
660.0,1980,nan,0.0,NO,,,
660.0,1980,nan,0.0,NO,,,
660.0,1980,nan,0.0,NO,,,
660.0,1980,nan,0.0,NO,,,
660.0,1980,nan,0.0,NO,,,
660.0,1980,nan,0.0,NO,,,
663.3333333333334,1990,nan,0.0,NO,,,
663.3333333333334,1990,nan,0.0,NO,,,
663.3333333333334,1990,nan,0.0,NO,,,
663.3333333333334,1990,nan,0.0,NO,,,
663.3333333333334,1990,nan,0.0,NO,,,
663.3333333333334,1990,nan,0.0,NO,,,
663.3333333333334,1990,nan,0.0,NO,,,
663.3333333333334,1990,nan,0.0,NO,,,
663.3333333333334,1990,nan,0.0,NO,,,
663.3333333333334,1990,nan,0.0,YES,nan,0.2,
666.6666666666666,2000,nan,1.0,NO,,,
666.6666666666666,2000,nan,1.0,NO,,,
666.6666666666666,2000,nan,1.0,NO,,,
666.6666666666666,2000,nan,1.0,NO,,,
666.6666666666666,2000,nan,1.0,NO,,,
666.6666666666666,2000,nan,1.0,NO,,,
666.6666666666666,2000,nan,1.0,NO,,,
666.6666666666666,2000,nan,1.0,NO,,,
666.6666666666666,2000,nan,1.0,NO,,,
666.6666666666666,2000,nan,1.0,NO,,,
670.0,2010,nan,0.0,NO,,,
670.0,2010,nan,0.0,NO,,,
670.0,2010,nan,0.0,NO,,,
670.0,2010,nan,0.0,NO,,,
670.0,2010,nan,0.0,NO,,,
670.0,2010,nan,0.0,NO,,,
670.0,2010,nan,0.0,NO,,,
670.0,2010,nan,0.0,NO,,,
670.0,2010,nan,0.0,NO,,,
670.0,2010,nan,0.0,NO,,,
673.3333333333334,2020,nan,0.0,NO,,,
673.3333333333334,2020,nan,0.0,NO,,,
673.3333333333334,2020,nan,0.0,NO,,,
673.3333333333334,2020,nan,0.0,NO,,,
673.3333333333334,2020,nan,0.0,NO,,,
673.3333333333334,2020,nan,0.0,NO,,,
673.3333333333334,2020,nan,0.0,NO,,,
673.3333333333334,2020,nan,0.0,NO,,,
673.3333333333334,2020,nan,0.0,NO,,,
673.3333333333334,2020,nan,0.0,NO,,,
676.6666666666666,2030,nan,1.0,NO,,,
676.6666666666666,2030,nan,1.0,NO,,,
676.6666666666666,2030,nan,1.0,NO,,,
676.6666666666666,2030,nan,1.0,NO,,,
676.6666666666666,2030,nan,1.0,NO,,,
676.6666666666666,2030,nan,1.0,NO,,,
676.6666666666666,2030,nan,1.0,NO,,,
676.6666666666666,2030,nan,1.0,NO,,,
676.6666666666666,2030,nan,1.0,NO,,,
676.6666666666666,2030,nan,1.0,NO,,,
680.0,2040,nan,0.0,NO,,,
680.0,2040,nan,0.0,NO,,,
680.0,2040,nan,0.0,NO,,,
680.0,2040,nan,0.0,NO,,,
680.0,2040,nan,0.0,NO,,,
680.0,2040,nan,0.0,NO,,,
680.0,2040,nan,0.0,NO,,,
680.0,2040,nan,0.0,NO,,,
680.0,2040,nan,0.0,NO,,,
680.0,2040,nan,0.0,NO,,,
683.3333333333334,2050,nan,0.0,NO,,,
683.3333333333334,2050,nan,0.0,NO,,,
683.3333333333334,2050,nan,0.0,NO,,,
683.3333333333334,2050,nan,0.0,NO,,,
683.3333333333334,2050,nan,0.0,NO,,,
683.3333333333334,2050,nan,0.0,NO,,,
683.3333333333334,2050,nan,0.0,NO,,,
683.3333333333334,2050,nan,0.0,NO,,,
683.3333333333334,2050,nan,0.0,NO,,,
683.3333333333334,2050,nan,0.0,NO,,,
686.6666666666666,2060,nan,1.0,NO,,,
686.6666666666666,2060,nan,1.0,NO,,,
686.6666666666666,2060,nan,1.0,NO,,,
686.6666666666666,2060,nan,1.0,NO,,,
686.6666666666666,2060,nan,1.0,NO,,,
686.6666666666666,2060,nan,1.0,NO,,,
686.6666666666666,2060,nan,1.0,NO,,,
686.6666666666666,2060,nan,1.0,NO,,,
686.6666666666666,2060,nan,1.0,NO,,,
686.6666666666666,2060,nan,1.0,NO,,,
690.0,2070,nan,0.0,NO,,,
690.0,2070,nan,0.0,NO,,,
690.0,2070,nan,0.0,NO,,,
690.0,2070,nan,0.0,NO,,,
690.0,2070,nan,0.0,NO,,,
690.0,2070,nan,0.0,NO,,,
690.0,2070,nan,0.0,NO,,,
690.0,2070,nan,0.0,NO,,,
690.0,2070,nan,0.0,NO,,,
690.0,2070,nan,0.0,NO,,,
693.3333333333334,2080,nan,0.0,NO,,,
693.3333333333334,2080,nan,0.0,NO,,,
693.3333333333334,2080,nan,0.0,NO,,,
693.3333333333334,2080,nan,0.0,NO,,,
693.3333333333334,2080,nan,0.0,NO,,,
693.3333333333334,2080,nan,0.0,NO,,,
693.3333333333334,2080,nan,0.0,NO,,,
693.3333333333334,2080,nan,0.0,NO,,,
693.3333333333334,2080,nan,0.0,NO,,,
693.3333333333334,2080,nan,0.0,NO,,,
696.6666666666666,2090,nan,1.0,NO,,,
696.6666666666666,2090,nan,1.0,NO,,,
696.6666666666666,2090,nan,1.0,NO,,,
696.6666666666666,2090,nan,1.0,NO,,,
696.6666666666666,2090,nan,1.0,NO,,,
696.6666666666666,2090,nan,1.0,NO,,,
696.6666666666666,2090,nan,1.0,NO,,,
696.6666666666666,2090,nan,1.0,NO,,,
696.6666666666666,2090,nan,1.0,NO,,,
696.6666666666666,2090,nan,1.0,NO,,,
700.0,2100,nan,0.0,NO,,,
700.0,2100,nan,0.0,NO,,,
700.0,2100,nan,0.0,NO,,,
700.0,2100,nan,0.0,NO,,,
700.0,2100,nan,0.0,NO,,,
700.0,2100,nan,0.0,NO,,,
700.0,2100,nan,0.0,NO,,,
700.0,2100,nan,0.0,NO,,,
700.0,2100,nan,0.0,NO,,,
700.0,2100,nan,0.0,NO,,,
703.3333333333334,2110,nan,0.0,NO,,,
703.3333333333334,2110,nan,0.0,NO,,,
703.3333333333334,2110,nan,0.0,NO,,,
703.3333333333334,2110,nan,0.0,NO,,,
703.3333333333334,2110,nan,0.0,NO,,,
703.3333333333334,2110,nan,0.0,NO,,,
703.3333333333334,2110,nan,0.0,NO,,,
703.3333333333334,2110,nan,0.0,NO,,,
703.3333333333334,2110,nan,0.0,NO,,,
703.3333333333334,2110,nan,0.0,NO,,,
706.6666666666666,2120,nan,1.0,NO,,,
706.6666666666666,2120,nan,1.0,NO,,,
706.6666666666666,2120,nan,1.0,NO,,,
706.6666666666666,2120,nan,1.0,NO,,,
706.6666666666666,2120,nan,1.0,NO,,,
706.6666666666666,2120,nan,1.0,NO,,,
706.6666666666666,2120,nan,1.0,NO,,,
706.6666666666666,2120,nan,1.0,NO,,,
706.6666666666666,2120,nan,1.0,NO,,,
706.6666666666666,2120,nan,1.0,NO,,,
710.0,2130,nan,0.0,NO,,,
710.0,2130,nan,0.0,NO,,,
710.0,2130,nan,0.0,NO,,,
710.0,2130,nan,0.0,NO,,,
710.0,2130,nan,0.0,NO,,,
710.0,2130,nan,0.0,NO,,,
710.0,2130,nan,0.0,NO,,,
710.0,2130,nan,0.0,NO,,,
710.0,2130,nan,0.0,NO,,,
710.0,2130,nan,0.0,NO,,,
713.3333333333334,2140,nan,0.0,NO,,,
713.3333333333334,2140,nan,0.0,NO,,,
713.3333333333334,2140,nan,0.0,NO,,,
713.3333333333334,2140,nan,0.0,NO,,,
713.3333333333334,2140,nan,0.0,NO,,,
713.3333333333334,2140,nan,0.0,NO,,,
713.3333333333334,2140,nan,0.0,NO,,,
713.3333333333334,2140,nan,0.0,NO,,,
713.3333333333334,2140,nan,0.0,NO,,,
713.3333333333334,2140,nan,0.0,NO,,,
716.6666666666666,2150,nan,1.0,NO,,,
716.6666666666666,2150,nan,1.0,NO,,,
716.6666666666666,2150,nan,1.0,NO,,,
716.6666666666666,2150,nan,1.0,NO,,,
716.6666666666666,2150,nan,1.0,NO,,,
716.6666666666666,2150,nan,1.0,NO,,,
716.6666666666666,2150,nan,1.0,NO,,,
716.6666666666666,2150,nan,1.0,NO,,,
716.6666666666666,2150,nan,1.0,NO,,,
716.6666666666666,2150,nan,1.0,NO,,,
720.0,2160,nan,0.0,NO,,,
720.0,2160,nan,0.0,NO,,,
720.0,2160,nan,0.0,NO,,,
720.0,2160,nan,0.0,NO,,,
720.0,2160,nan,0.0,NO,,,
720.0,2160,nan,0.0,NO,,,
720.0,2160,nan,0.0,NO,,,
720.0,2160,nan,0.0,NO,,,
720.0,2160,nan,0.0,NO,,,
720.0,2160,nan,0.0,NO,,,
723.3333333333334,2170,nan,0.0,NO,,,
723.3333333333334,2170,nan,0.0,NO,,,
723.3333333333334,2170,nan,0.0,NO,,,
723.3333333333334,2170,nan,0.0,NO,,,
723.3333333333334,2170,nan,0.0,NO,,,
723.3333333333334,2170,nan,0.0,NO,,,
723.3333333333334,2170,nan,0.0,NO,,,
723.3333333333334,2170,nan,0.0,NO,,,
723.3333333333334,2170,nan,0.0,NO,,,
723.3333333333334,2170,nan,0.0,NO,,,
726.6666666666666,2180,nan,1.0,NO,,,
726.6666666666666,2180,nan,1.0,NO,,,
726.6666666666666,2180,nan,1.0,NO,,,
726.6666666666666,2180,nan,1.0,NO,,,
726.6666666666666,2180,nan,1.0,NO,,,
726.6666666666666,2180,nan,1.0,NO,,,
726.6666666666666,2180,nan,1.0,NO,,,
726.6666666666666,2180,nan,1.0,NO,,,
726.6666666666666,2180,nan,1.0,NO,,,
726.6666666666666,2180,nan,1.0,NO,,,
730.0,2190,nan,0.0,NO,,,
730.0,2190,nan,0.0,NO,,,
730.0,2190,nan,0.0,NO,,,
730.0,2190,nan,0.0,NO,,,
730.0,2190,nan,0.0,NO,,,
730.0,2190,nan,0.0,NO,,,
730.0,2190,nan,0.0,NO,,,
730.0,2190,nan,0.0,NO,,,
730.0,2190,nan,0.0,NO,,,
730.0,2190,nan,0.0,YES,nan,0.2,
733.3333333333334,2200,nan,0.0,NO,,,
733.3333333333334,2200,nan,0.0,NO,,,
733.3333333333334,2200,nan,0.0,NO,,,
733.3333333333334,2200,nan,0.0,NO,,,
733.3333333333334,2200,nan,0.0,NO,,,
733.3333333333334,2200,nan,0.0,NO,,,
733.3333333333334,2200,nan,0.0,NO,,,
733.3333333333334,2200,nan,0.0,NO,,,
733.3333333333334,2200,nan,0.0,NO,,,
733.3333333333334,2200,nan,0.0,NO,,,
736.6666666666666,2210,nan,1.0,NO,,,
736.6666666666666,2210,nan,1.0,NO,,,
736.6666666666666,2210,nan,1.0,NO,,,
736.6666666666666,2210,nan,1.0,NO,,,
736.6666666666666,2210,nan,1.0,NO,,,
736.6666666666666,2210,nan,1.0,NO,,,
736.6666666666666,2210,nan,1.0,NO,,,
736.6666666666666,2210,nan,1.0,NO,,,
736.6666666666666,2210,nan,1.0,NO,,,
736.6666666666666,2210,nan,1.0,NO,,,
740.0,2220,nan,0.0,NO,,,
740.0,2220,nan,0.0,NO,,,
740.0,2220,nan,0.0,NO,,,
740.0,2220,nan,0.0,NO,,,
740.0,2220,nan,0.0,NO,,,
740.0,2220,nan,0.0,NO,,,
740.0,2220,nan,0.0,NO,,,
740.0,2220,nan,0.0,NO,,,
740.0,2220,nan,0.0,NO,,,
740.0,2220,nan,0.0,NO,,,
743.3333333333334,2230,nan,0.0,NO,,,
743.3333333333334,2230,nan,0.0,NO,,,
743.3333333333334,2230,nan,0.0,NO,,,
743.3333333333334,2230,nan,0.0,NO,,,
743.3333333333334,2230,nan,0.0,NO,,,
743.3333333333334,2230,nan,0.0,NO,,,
743.3333333333334,2230,nan,0.0,NO,,,
743.3333333333334,2230,nan,0.0,NO,,,
743.3333333333334,2230,nan,0.0,NO,,,
743.3333333333334,2230,nan,0.0,NO,,,
746.6666666666666,2240,nan,1.0,NO,,,
746.6666666666666,2240,nan,1.0,NO,,,
746.6666666666666,2240,nan,1.0,NO,,,
746.6666666666666,2240,nan,1.0,NO,,,
746.6666666666666,2240,nan,1.0,NO,,,
746.6666666666666,2240,nan,1.0,NO,,,
746.6666666666666,2240,nan,1.0,NO,,,
746.6666666666666,2240,nan,1.0,NO,,,
746.6666666666666,2240,nan,1.0,NO,,,
746.6666666666666,2240,nan,1.0,NO,,,
750.0,2250,nan,0.0,NO,,,
750.0,2250,nan,0.0,NO,,,
750.0,2250,nan,0.0,NO,,,
750.0,2250,nan,0.0,NO,,,
750.0,2250,nan,0.0,NO,,,
750.0,2250,nan,0.0,NO,,,
750.0,2250,nan,0.0,NO,,,
750.0,2250,nan,0.0,NO,,,
750.0,2250,nan,0.0,NO,,,
750.0,2250,nan,0.0,NO,,,
753.3333333333334,2260,nan,0.0,NO,,,
753.3333333333334,2260,nan,0.0,NO,,,
753.3333333333334,2260,nan,0.0,NO,,,
753.3333333333334,2260,nan,0.0,NO,,,
753.3333333333334,2260,nan,0.0,NO,,,
753.3333333333334,2260,nan,0.0,NO,,,
753.3333333333334,2260,nan,0.0,NO,,,
753.3333333333334,2260,nan,0.0,NO,,,
753.3333333333334,2260,nan,0.0,NO,,,
753.3333333333334,2260,nan,0.0,NO,,,
756.6666666666666,2270,nan,1.0,NO,,,
756.6666666666666,2270,nan,1.0,NO,,,
756.6666666666666,2270,nan,1.0,NO,,,
756.6666666666666,2270,nan,1.0,NO,,,
756.6666666666666,2270,nan,1.0,NO,,,
756.6666666666666,2270,nan,1.0,NO,,,
756.6666666666666,2270,nan,1.0,NO,,,
756.6666666666666,2270,nan,1.0,NO,,,
756.6666666666666,2270,nan,1.0,NO,,,
756.6666666666666,2270,nan,1.0,NO,,,
760.0,2280,nan,0.0,NO,,,
760.0,2280,nan,0.0,NO,,,
760.0,2280,nan,0.0,NO,,,
760.0,2280,nan,0.0,NO,,,
760.0,2280,nan,0.0,NO,,,
760.0,2280,nan,0.0,NO,,,
760.0,2280,nan,0.0,NO,,,
760.0,2280,nan,0.0,NO,,,
760.0,2280,nan,0.0,NO,,,
760.0,2280,nan,0.0,NO,,,
763.3333333333334,2290,nan,0.0,NO,,,
763.3333333333334,2290,nan,0.0,NO,,,
763.3333333333334,2290,nan,0.0,NO,,,
763.3333333333334,2290,nan,0.0,NO,,,
763.3333333333334,2290,nan,0.0,NO,,,
763.3333333333334,2290,nan,0.0,NO,,,
763.3333333333334,2290,nan,0.0,NO,,,
763.3333333333334,2290,nan,0.0,NO,,,
763.3333333333334,2290,nan,0.0,NO,,,
763.3333333333334,2290,nan,0.0,NO,,,
766.6666666666666,2300,nan,1.0,NO,,,
766.6666666666666,2300,nan,1.0,NO,,,
766.6666666666666,2300,nan,1.0,NO,,,
766.6666666666666,2300,nan,1.0,NO,,,
766.6666666666666,2300,nan,1.0,NO,,,
766.6666666666666,2300,nan,1.0,NO,,,
766.6666666666666,2300,nan,1.0,NO,,,
766.6666666666666,2300,nan,1.0,NO,,,
766.6666666666666,2300,nan,1.0,NO,,,
766.6666666666666,2300,nan,1.0,NO,,,
770.0,2310,nan,0.0,NO,,,
770.0,2310,nan,0.0,NO,,,
770.0,2310,nan,0.0,NO,,,
770.0,2310,nan,0.0,NO,,,
770.0,2310,nan,0.0,NO,,,
770.0,2310,nan,0.0,NO,,,
770.0,2310,nan,0.0,NO,,,
770.0,2310,nan,0.0,NO,,,
770.0,2310,nan,0.0,NO,,,
770.0,2310,nan,0.0,NO,,,
773.3333333333334,2320,nan,0.0,NO,,,
773.3333333333334,2320,nan,0.0,NO,,,
773.3333333333334,2320,nan,0.0,NO,,,
773.3333333333334,2320,nan,0.0,NO,,,
773.3333333333334,2320,nan,0.0,NO,,,
773.3333333333334,2320,nan,0.0,NO,,,
773.3333333333334,2320,nan,0.0,NO,,,
773.3333333333334,2320,nan,0.0,NO,,,
773.3333333333334,2320,nan,0.0,NO,,,
773.3333333333334,2320,nan,0.0,NO,,,
776.6666666666666,2330,nan,1.0,NO,,,
776.6666666666666,2330,nan,1.0,NO,,,
776.6666666666666,2330,nan,1.0,NO,,,
776.6666666666666,2330,nan,1.0,NO,,,
776.6666666666666,2330,nan,1.0,NO,,,
776.6666666666666,2330,nan,1.0,NO,,,
776.6666666666666,2330,nan,1.0,NO,,,
776.6666666666666,2330,nan,1.0,NO,,,
776.6666666666666,2330,nan,1.0,NO,,,
776.6666666666666,2330,nan,1.0,NO,,,
780.0,2340,nan,0.0,NO,,,
780.0,2340,nan,0.0,NO,,,
780.0,2340,nan,0.0,NO,,,
780.0,2340,nan,0.0,NO,,,
780.0,2340,nan,0.0,NO,,,
780.0,2340,nan,0.0,NO,,,
780.0,2340,nan,0.0,NO,,,
780.0,2340,nan,0.0,NO,,,
780.0,2340,nan,0.0,NO,,,
780.0,2340,nan,0.0,NO,,,
783.3333333333334,2350,nan,0.0,NO,,,
783.3333333333334,2350,nan,0.0,NO,,,
783.3333333333334,2350,nan,0.0,NO,,,
783.3333333333334,2350,nan,0.0,NO,,,
783.3333333333334,2350,nan,0.0,NO,,,
783.3333333333334,2350,nan,0.0,NO,,,
783.3333333333334,2350,nan,0.0,NO,,,
783.3333333333334,2350,nan,0.0,NO,,,
783.3333333333334,2350,nan,0.0,NO,,,
783.3333333333334,2350,nan,0.0,NO,,,
786.6666666666666,2360,nan,1.0,NO,,,
786.6666666666666,2360,nan,1.0,NO,,,
786.6666666666666,2360,nan,1.0,NO,,,
786.6666666666666,2360,nan,1.0,NO,,,
786.6666666666666,2360,nan,1.0,NO,,,
786.6666666666666,2360,nan,1.0,NO,,,
786.6666666666666,2360,nan,1.0,NO,,,
786.6666666666666,2360,nan,1.0,NO,,,
786.6666666666666,2360,nan,1.0,NO,,,
786.6666666666666,2360,nan,1.0,NO,,,
790.0,2370,nan,0.0,NO,,,
790.0,2370,nan,0.0,NO,,,
790.0,2370,nan,0.0,NO,,,
790.0,2370,nan,0.0,NO,,,
790.0,2370,nan,0.0,NO,,,
790.0,2370,nan,0.0,NO,,,
790.0,2370,nan,0.0,NO,,,
790.0,2370,nan,0.0,NO,,,
790.0,2370,nan,0.0,NO,,,
790.0,2370,nan,0.0,NO,,,
793.3333333333334,2380,nan,0.0,NO,,,
793.3333333333334,2380,nan,0.0,NO,,,
793.3333333333334,2380,nan,0.0,NO,,,
793.3333333333334,2380,nan,0.0,NO,,,
793.3333333333334,2380,nan,0.0,NO,,,
793.3333333333334,2380,nan,0.0,NO,,,
793.3333333333334,2380,nan,0.0,NO,,,
793.3333333333334,2380,nan,0.0,NO,,,
793.3333333333334,2380,nan,0.0,NO,,,
793.3333333333334,2380,nan,0.0,NO,,,
796.6666666666666,2390,nan,1.0,NO,,,
796.6666666666666,2390,nan,1.0,NO,,,
796.6666666666666,2390,nan,1.0,NO,,,
796.6666666666666,2390,nan,1.0,NO,,,
796.6666666666666,2390,nan,1.0,NO,,,
796.6666666666666,2390,nan,1.0,NO,,,
796.6666666666666,2390,nan,1.0,NO,,,
796.6666666666666,2390,nan,1.0,NO,,,
796.6666666666666,2390,nan,1.0,NO,,,
796.6666666666666,2390,nan,1.0,YES,nan,0.2,
800.0,2400,nan,0.0,NO,,,
800.0,2400,nan,0.0,NO,,,
800.0,2400,nan,0.0,NO,,,
800.0,2400,nan,0.0,NO,,,
800.0,2400,nan,0.0,NO,,,
800.0,2400,nan,0.0,NO,,,
800.0,2400,nan,0.0,NO,,,
800.0,2400,nan,0.0,NO,,,
800.0,2400,nan,0.0,NO,,,
800.0,2400,nan,0.0,NO,,,
803.3333333333334,2410,nan,0.0,NO,,,
803.3333333333334,2410,nan,0.0,NO,,,
803.3333333333334,2410,nan,0.0,NO,,,
803.3333333333334,2410,nan,0.0,NO,,,
803.3333333333334,2410,nan,0.0,NO,,,
803.3333333333334,2410,nan,0.0,NO,,,
803.3333333333334,2410,nan,0.0,NO,,,
803.3333333333334,2410,nan,0.0,NO,,,
803.3333333333334,2410,nan,0.0,NO,,,
803.3333333333334,2410,nan,0.0,NO,,,
806.6666666666666,2420,nan,1.0,NO,,,
806.6666666666666,2420,nan,1.0,NO,,,
806.6666666666666,2420,nan,1.0,NO,,,
806.6666666666666,2420,nan,1.0,NO,,,
806.6666666666666,2420,nan,1.0,NO,,,
806.6666666666666,2420,nan,1.0,NO,,,
806.6666666666666,2420,nan,1.0,NO,,,
806.6666666666666,2420,nan,1.0,NO,,,
806.6666666666666,2420,nan,1.0,NO,,,
806.6666666666666,2420,nan,1.0,NO,,,
810.0,2430,nan,0.0,NO,,,
810.0,2430,nan,0.0,NO,,,
810.0,2430,nan,0.0,NO,,,
810.0,2430,nan,0.0,NO,,,
810.0,2430,nan,0.0,NO,,,
810.0,2430,nan,0.0,NO,,,
810.0,2430,nan,0.0,NO,,,
810.0,2430,nan,0.0,NO,,,
810.0,2430,nan,0.0,NO,,,
810.0,2430,nan,0.0,NO,,,
813.3333333333334,2440,nan,0.0,NO,,,
813.3333333333334,2440,nan,0.0,NO,,,
813.3333333333334,2440,nan,0.0,NO,,,
813.3333333333334,2440,nan,0.0,NO,,,
813.3333333333334,2440,nan,0.0,NO,,,
813.3333333333334,2440,nan,0.0,NO,,,
813.3333333333334,2440,nan,0.0,NO,,,
813.3333333333334,2440,nan,0.0,NO,,,
813.3333333333334,2440,nan,0.0,NO,,,
813.3333333333334,2440,nan,0.0,NO,,,
816.6666666666666,2450,nan,1.0,NO,,,
816.6666666666666,2450,nan,1.0,NO,,,
816.6666666666666,2450,nan,1.0,NO,,,
816.6666666666666,2450,nan,1.0,NO,,,
816.6666666666666,2450,nan,1.0,NO,,,
816.6666666666666,2450,nan,1.0,NO,,,
816.6666666666666,2450,nan,1.0,NO,,,
816.6666666666666,2450,nan,1.0,NO,,,
816.6666666666666,2450,nan,1.0,NO,,,
816.6666666666666,2450,nan,1.0,NO,,,
820.0,2460,nan,0.0,NO,,,
820.0,2460,nan,0.0,NO,,,
820.0,2460,nan,0.0,NO,,,
820.0,2460,nan,0.0,NO,,,
820.0,2460,nan,0.0,NO,,,
820.0,2460,nan,0.0,NO,,,
820.0,2460,nan,0.0,NO,,,
820.0,2460,nan,0.0,NO,,,
820.0,2460,nan,0.0,NO,,,
820.0,2460,nan,0.0,NO,,,
823.3333333333334,2470,nan,0.0,NO,,,
823.3333333333334,2470,nan,0.0,NO,,,
823.3333333333334,2470,nan,0.0,NO,,,
823.3333333333334,2470,nan,0.0,NO,,,
823.3333333333334,2470,nan,0.0,NO,,,
823.3333333333334,2470,nan,0.0,NO,,,
823.3333333333334,2470,nan,0.0,NO,,,
823.3333333333334,2470,nan,0.0,NO,,,
823.3333333333334,2470,nan,0.0,NO,,,
823.3333333333334,2470,nan,0.0,NO,,,
826.6666666666666,2480,nan,1.0,NO,,,
826.6666666666666,2480,nan,1.0,NO,,,
826.6666666666666,2480,nan,1.0,NO,,,
826.6666666666666,2480,nan,1.0,NO,,,
826.6666666666666,2480,nan,1.0,NO,,,
826.6666666666666,2480,nan,1.0,NO,,,
826.6666666666666,2480,nan,1.0,NO,,,
826.6666666666666,2480,nan,1.0,NO,,,
826.6666666666666,2480,nan,1.0,NO,,,
826.6666666666666,2480,nan,1.0,NO,,,
830.0,2490,nan,0.0,NO,,,
830.0,2490,nan,0.0,NO,,,
830.0,2490,nan,0.0,NO,,,
830.0,2490,nan,0.0,NO,,,
830.0,2490,nan,0.0,NO,,,
830.0,2490,nan,0.0,NO,,,
830.0,2490,nan,0.0,NO,,,
830.0,2490,nan,0.0,NO,,,
830.0,2490,nan,0.0,NO,,,
830.0,2490,nan,0.0,NO,,,
833.3333333333334,2500,nan,0.0,NO,,,
833.3333333333334,2500,nan,0.0,NO,,,
833.3333333333334,2500,nan,0.0,NO,,,
833.3333333333334,2500,nan,0.0,NO,,,
833.3333333333334,2500,nan,0.0,NO,,,
833.3333333333334,2500,nan,0.0,NO,,,
833.3333333333334,2500,nan,0.0,NO,,,
833.3333333333334,2500,nan,0.0,NO,,,
833.3333333333334,2500,nan,0.0,NO,,,
833.3333333333334,2500,nan,0.0,NO,,,
836.6666666666666,2510,nan,1.0,NO,,,
836.6666666666666,2510,nan,1.0,NO,,,
836.6666666666666,2510,nan,1.0,NO,,,
836.6666666666666,2510,nan,1.0,NO,,,
836.6666666666666,2510,nan,1.0,NO,,,
836.6666666666666,2510,nan,1.0,NO,,,
836.6666666666666,2510,nan,1.0,NO,,,
836.6666666666666,2510,nan,1.0,NO,,,
836.6666666666666,2510,nan,1.0,NO,,,
836.6666666666666,2510,nan,1.0,NO,,,
840.0,2520,nan,0.0,NO,,,
840.0,2520,nan,0.0,NO,,,
840.0,2520,nan,0.0,NO,,,
840.0,2520,nan,0.0,NO,,,
840.0,2520,nan,0.0,NO,,,
840.0,2520,nan,0.0,NO,,,
840.0,2520,nan,0.0,NO,,,
840.0,2520,nan,0.0,NO,,,
840.0,2520,nan,0.0,NO,,,
840.0,2520,nan,0.0,NO,,,
843.3333333333334,2530,nan,0.0,NO,,,
843.3333333333334,2530,nan,0.0,NO,,,
843.3333333333334,2530,nan,0.0,NO,,,
843.3333333333334,2530,nan,0.0,NO,,,
843.3333333333334,2530,nan,0.0,NO,,,
843.3333333333334,2530,nan,0.0,NO,,,
843.3333333333334,2530,nan,0.0,NO,,,
843.3333333333334,2530,nan,0.0,NO,,,
843.3333333333334,2530,nan,0.0,NO,,,
843.3333333333334,2530,nan,0.0,NO,,,
846.6666666666666,2540,nan,1.0,NO,,,
846.6666666666666,2540,nan,1.0,NO,,,
846.6666666666666,2540,nan,1.0,NO,,,
846.6666666666666,2540,nan,1.0,NO,,,
846.6666666666666,2540,nan,1.0,NO,,,
846.6666666666666,2540,nan,1.0,NO,,,
846.6666666666666,2540,nan,1.0,NO,,,
846.6666666666666,2540,nan,1.0,NO,,,
846.6666666666666,2540,nan,1.0,NO,,,
846.6666666666666,2540,nan,1.0,NO,,,
850.0,2550,nan,0.0,NO,,,
850.0,2550,nan,0.0,NO,,,
850.0,2550,nan,0.0,NO,,,
850.0,2550,nan,0.0,NO,,,
850.0,2550,nan,0.0,NO,,,
850.0,2550,nan,0.0,NO,,,
850.0,2550,nan,0.0,NO,,,
850.0,2550,nan,0.0,NO,,,
850.0,2550,nan,0.0,NO,,,
850.0,2550,nan,0.0,NO,,,
853.3333333333334,2560,nan,0.0,NO,,,
853.3333333333334,2560,nan,0.0,NO,,,
853.3333333333334,2560,nan,0.0,NO,,,
853.3333333333334,2560,nan,0.0,NO,,,
853.3333333333334,2560,nan,0.0,NO,,,
853.3333333333334,2560,nan,0.0,NO,,,
853.3333333333334,2560,nan,0.0,NO,,,
853.3333333333334,2560,nan,0.0,NO,,,
853.3333333333334,2560,nan,0.0,NO,,,
853.3333333333334,2560,nan,0.0,NO,,,
856.6666666666666,2570,nan,1.0,NO,,,
856.6666666666666,2570,nan,1.0,NO,,,
856.6666666666666,2570,nan,1.0,NO,,,
856.6666666666666,2570,nan,1.0,NO,,,
856.6666666666666,2570,nan,1.0,NO,,,
856.6666666666666,2570,nan,1.0,NO,,,
856.6666666666666,2570,nan,1.0,NO,,,
856.6666666666666,2570,nan,1.0,NO,,,
856.6666666666666,2570,nan,1.0,NO,,,
856.6666666666666,2570,nan,1.0,NO,,,
860.0,2580,nan,0.0,NO,,,
860.0,2580,nan,0.0,NO,,,
860.0,2580,nan,0.0,NO,,,
860.0,2580,nan,0.0,NO,,,
860.0,2580,nan,0.0,NO,,,
860.0,2580,nan,0.0,NO,,,
860.0,2580,nan,0.0,NO,,,
860.0,2580,nan,0.0,NO,,,
860.0,2580,nan,0.0,NO,,,
860.0,2580,nan,0.0,NO,,,
863.3333333333334,2590,nan,0.0,NO,,,
863.3333333333334,2590,nan,0.0,NO,,,
863.3333333333334,2590,nan,0.0,NO,,,
863.3333333333334,2590,nan,0.0,NO,,,
863.3333333333334,2590,nan,0.0,NO,,,
863.3333333333334,2590,nan,0.0,NO,,,
863.3333333333334,2590,nan,0.0,NO,,,
863.3333333333334,2590,nan,0.0,NO,,,
863.3333333333334,2590,nan,0.0,NO,,,
863.3333333333334,2590,nan,0.0,YES,nan,0.2,
866.6666666666666,2600,nan,1.0,NO,,,
866.6666666666666,2600,nan,1.0,NO,,,
866.6666666666666,2600,nan,1.0,NO,,,
866.6666666666666,2600,nan,1.0,NO,,,
866.6666666666666,2600,nan,1.0,NO,,,
866.6666666666666,2600,nan,1.0,NO,,,
866.6666666666666,2600,nan,1.0,NO,,,
866.6666666666666,2600,nan,1.0,NO,,,
866.6666666666666,2600,nan,1.0,NO,,,
866.6666666666666,2600,nan,1.0,NO,,,
870.0,2610,nan,0.0,NO,,,
870.0,2610,nan,0.0,NO,,,
870.0,2610,nan,0.0,NO,,,
870.0,2610,nan,0.0,NO,,,
870.0,2610,nan,0.0,NO,,,
870.0,2610,nan,0.0,NO,,,
870.0,2610,nan,0.0,NO,,,
870.0,2610,nan,0.0,NO,,,
870.0,2610,nan,0.0,NO,,,
870.0,2610,nan,0.0,NO,,,
873.3333333333334,2620,nan,0.0,NO,,,
873.3333333333334,2620,nan,0.0,NO,,,
873.3333333333334,2620,nan,0.0,NO,,,
873.3333333333334,2620,nan,0.0,NO,,,
873.3333333333334,2620,nan,0.0,NO,,,
873.3333333333334,2620,nan,0.0,NO,,,
873.3333333333334,2620,nan,0.0,NO,,,
873.3333333333334,2620,nan,0.0,NO,,,
873.3333333333334,2620,nan,0.0,NO,,,
873.3333333333334,2620,nan,0.0,NO,,,
876.6666666666666,2630,nan,1.0,NO,,,
876.6666666666666,2630,nan,1.0,NO,,,
876.6666666666666,2630,nan,1.0,NO,,,
876.6666666666666,2630,nan,1.0,NO,,,
876.6666666666666,2630,nan,1.0,NO,,,
876.6666666666666,2630,nan,1.0,NO,,,
876.6666666666666,2630,nan,1.0,NO,,,
876.6666666666666,2630,nan,1.0,NO,,,
876.6666666666666,2630,nan,1.0,NO,,,
876.6666666666666,2630,nan,1.0,NO,,,
880.0,2640,nan,0.0,NO,,,
880.0,2640,nan,0.0,NO,,,
880.0,2640,nan,0.0,NO,,,
880.0,2640,nan,0.0,NO,,,
880.0,2640,nan,0.0,NO,,,
880.0,2640,nan,0.0,NO,,,
880.0,2640,nan,0.0,NO,,,
880.0,2640,nan,0.0,NO,,,
880.0,2640,nan,0.0,NO,,,
880.0,2640,nan,0.0,NO,,,
883.3333333333334,2650,nan,0.0,NO,,,
883.3333333333334,2650,nan,0.0,NO,,,
883.3333333333334,2650,nan,0.0,NO,,,
883.3333333333334,2650,nan,0.0,NO,,,
883.3333333333334,2650,nan,0.0,NO,,,
883.3333333333334,2650,nan,0.0,NO,,,
883.3333333333334,2650,nan,0.0,NO,,,
883.3333333333334,2650,nan,0.0,NO,,,
883.3333333333334,2650,nan,0.0,NO,,,
883.3333333333334,2650,nan,0.0,NO,,,
886.6666666666666,2660,nan,1.0,NO,,,
886.6666666666666,2660,nan,1.0,NO,,,
886.6666666666666,2660,nan,1.0,NO,,,
886.6666666666666,2660,nan,1.0,NO,,,
886.6666666666666,2660,nan,1.0,NO,,,
886.6666666666666,2660,nan,1.0,NO,,,
886.6666666666666,2660,nan,1.0,NO,,,
886.6666666666666,2660,nan,1.0,NO,,,
886.6666666666666,2660,nan,1.0,NO,,,
886.6666666666666,2660,nan,1.0,NO,,,
890.0,2670,nan,0.0,NO,,,
890.0,2670,nan,0.0,NO,,,
890.0,2670,nan,0.0,NO,,,
890.0,2670,nan,0.0,NO,,,
890.0,2670,nan,0.0,NO,,,
890.0,2670,nan,0.0,NO,,,
890.0,2670,nan,0.0,NO,,,
890.0,2670,nan,0.0,NO,,,
890.0,2670,nan,0.0,NO,,,
890.0,2670,nan,0.0,NO,,,
893.3333333333334,2680,nan,0.0,NO,,,
893.3333333333334,2680,nan,0.0,NO,,,
893.3333333333334,2680,nan,0.0,NO,,,
893.3333333333334,2680,nan,0.0,NO,,,
893.3333333333334,2680,nan,0.0,NO,,,
893.3333333333334,2680,nan,0.0,NO,,,
893.3333333333334,2680,nan,0.0,NO,,,
893.3333333333334,2680,nan,0.0,NO,,,
893.3333333333334,2680,nan,0.0,NO,,,
893.3333333333334,2680,nan,0.0,NO,,,
896.6666666666666,2690,nan,1.0,NO,,,
896.6666666666666,2690,nan,1.0,NO,,,
896.6666666666666,2690,nan,1.0,NO,,,
896.6666666666666,2690,nan,1.0,NO,,,
896.6666666666666,2690,nan,1.0,NO,,,
896.6666666666666,2690,nan,1.0,NO,,,
896.6666666666666,2690,nan,1.0,NO,,,
896.6666666666666,2690,nan,1.0,NO,,,
896.6666666666666,2690,nan,1.0,NO,,,
896.6666666666666,2690,nan,1.0,NO,,,
900.0,2700,nan,0.0,NO,,,
900.0,2700,nan,0.0,NO,,,
900.0,2700,nan,0.0,NO,,,
900.0,2700,nan,0.0,NO,,,
900.0,2700,nan,0.0,NO,,,
900.0,2700,nan,0.0,NO,,,
900.0,2700,nan,0.0,NO,,,
900.0,2700,nan,0.0,NO,,,
900.0,2700,nan,0.0,NO,,,
900.0,2700,nan,0.0,NO,,,
903.3333333333334,2710,nan,0.0,NO,,,
903.3333333333334,2710,nan,0.0,NO,,,
903.3333333333334,2710,nan,0.0,NO,,,
903.3333333333334,2710,nan,0.0,NO,,,
903.3333333333334,2710,nan,0.0,NO,,,
903.3333333333334,2710,nan,0.0,NO,,,
903.3333333333334,2710,nan,0.0,NO,,,
903.3333333333334,2710,nan,0.0,NO,,,
903.3333333333334,2710,nan,0.0,NO,,,
903.3333333333334,2710,nan,0.0,NO,,,
906.6666666666666,2720,nan,1.0,NO,,,
906.6666666666666,2720,nan,1.0,NO,,,
906.6666666666666,2720,nan,1.0,NO,,,
906.6666666666666,2720,nan,1.0,NO,,,
906.6666666666666,2720,nan,1.0,NO,,,
906.6666666666666,2720,nan,1.0,NO,,,
906.6666666666666,2720,nan,1.0,NO,,,
906.6666666666666,2720,nan,1.0,NO,,,
906.6666666666666,2720,nan,1.0,NO,,,
906.6666666666666,2720,nan,1.0,NO,,,
910.0,2730,nan,0.0,NO,,,
910.0,2730,nan,0.0,NO,,,
910.0,2730,nan,0.0,NO,,,
910.0,2730,nan,0.0,NO,,,
910.0,2730,nan,0.0,NO,,,
910.0,2730,nan,0.0,NO,,,
910.0,2730,nan,0.0,NO,,,
910.0,2730,nan,0.0,NO,,,
910.0,2730,nan,0.0,NO,,,
910.0,2730,nan,0.0,NO,,,
913.3333333333334,2740,nan,0.0,NO,,,
913.3333333333334,2740,nan,0.0,NO,,,
913.3333333333334,2740,nan,0.0,NO,,,
913.3333333333334,2740,nan,0.0,NO,,,
913.3333333333334,2740,nan,0.0,NO,,,
913.3333333333334,2740,nan,0.0,NO,,,
913.3333333333334,2740,nan,0.0,NO,,,
913.3333333333334,2740,nan,0.0,NO,,,
913.3333333333334,2740,nan,0.0,NO,,,
913.3333333333334,2740,nan,0.0,NO,,,
916.6666666666666,2750,nan,1.0,NO,,,
916.6666666666666,2750,nan,1.0,NO,,,
916.6666666666666,2750,nan,1.0,NO,,,
916.6666666666666,2750,nan,1.0,NO,,,
916.6666666666666,2750,nan,1.0,NO,,,
916.6666666666666,2750,nan,1.0,NO,,,
916.6666666666666,2750,nan,1.0,NO,,,
916.6666666666666,2750,nan,1.0,NO,,,
916.6666666666666,2750,nan,1.0,NO,,,
916.6666666666666,2750,nan,1.0,NO,,,
920.0,2760,nan,0.0,NO,,,
920.0,2760,nan,0.0,NO,,,
920.0,2760,nan,0.0,NO,,,
920.0,2760,nan,0.0,NO,,,
920.0,2760,nan,0.0,NO,,,
920.0,2760,nan,0.0,NO,,,
920.0,2760,nan,0.0,NO,,,
920.0,2760,nan,0.0,NO,,,
920.0,2760,nan,0.0,NO,,,
920.0,2760,nan,0.0,NO,,,
923.3333333333334,2770,nan,0.0,NO,,,
923.3333333333334,2770,nan,0.0,NO,,,
923.3333333333334,2770,nan,0.0,NO,,,
923.3333333333334,2770,nan,0.0,NO,,,
923.3333333333334,2770,nan,0.0,NO,,,
923.3333333333334,2770,nan,0.0,NO,,,
923.3333333333334,2770,nan,0.0,NO,,,
923.3333333333334,2770,nan,0.0,NO,,,
923.3333333333334,2770,nan,0.0,NO,,,
923.3333333333334,2770,nan,0.0,NO,,,
926.6666666666666,2780,nan,1.0,NO,,,
926.6666666666666,2780,nan,1.0,NO,,,
926.6666666666666,2780,nan,1.0,NO,,,
926.6666666666666,2780,nan,1.0,NO,,,
926.6666666666666,2780,nan,1.0,NO,,,
926.6666666666666,2780,nan,1.0,NO,,,
926.6666666666666,2780,nan,1.0,NO,,,
926.6666666666666,2780,nan,1.0,NO,,,
926.6666666666666,2780,nan,1.0,NO,,,
926.6666666666666,2780,nan,1.0,NO,,,
930.0,2790,nan,0.0,NO,,,
930.0,2790,nan,0.0,NO,,,
930.0,2790,nan,0.0,NO,,,
930.0,2790,nan,0.0,NO,,,
930.0,2790,nan,0.0,NO,,,
930.0,2790,nan,0.0,NO,,,
930.0,2790,nan,0.0,NO,,,
930.0,2790,nan,0.0,NO,,,
930.0,2790,nan,0.0,NO,,,
930.0,2790,nan,0.0,YES,nan,0.2,
933.3333333333334,2800,nan,0.0,NO,,,
933.3333333333334,2800,nan,0.0,NO,,,
933.3333333333334,2800,nan,0.0,NO,,,
933.3333333333334,2800,nan,0.0,NO,,,
933.3333333333334,2800,nan,0.0,NO,,,
933.3333333333334,2800,nan,0.0,NO,,,
933.3333333333334,2800,nan,0.0,NO,,,
933.3333333333334,2800,nan,0.0,NO,,,
933.3333333333334,2800,nan,0.0,NO,,,
933.3333333333334,2800,nan,0.0,NO,,,
936.6666666666666,2810,nan,1.0,NO,,,
936.6666666666666,2810,nan,1.0,NO,,,
936.6666666666666,2810,nan,1.0,NO,,,
936.6666666666666,2810,nan,1.0,NO,,,
936.6666666666666,2810,nan,1.0,NO,,,
936.6666666666666,2810,nan,1.0,NO,,,
936.6666666666666,2810,nan,1.0,NO,,,
936.6666666666666,2810,nan,1.0,NO,,,
936.6666666666666,2810,nan,1.0,NO,,,
936.6666666666666,2810,nan,1.0,NO,,,
940.0,2820,nan,0.0,NO,,,
940.0,2820,nan,0.0,NO,,,
940.0,2820,nan,0.0,NO,,,
940.0,2820,nan,0.0,NO,,,
940.0,2820,nan,0.0,NO,,,
940.0,2820,nan,0.0,NO,,,
940.0,2820,nan,0.0,NO,,,
940.0,2820,nan,0.0,NO,,,
940.0,2820,nan,0.0,NO,,,
940.0,2820,nan,0.0,NO,,,
943.3333333333334,2830,nan,0.0,NO,,,
943.3333333333334,2830,nan,0.0,NO,,,
943.3333333333334,2830,nan,0.0,NO,,,
943.3333333333334,2830,nan,0.0,NO,,,
943.3333333333334,2830,nan,0.0,NO,,,
943.3333333333334,2830,nan,0.0,NO,,,
943.3333333333334,2830,nan,0.0,NO,,,
943.3333333333334,2830,nan,0.0,NO,,,
943.3333333333334,2830,nan,0.0,NO,,,
943.3333333333334,2830,nan,0.0,NO,,,
946.6666666666666,2840,nan,1.0,NO,,,
946.6666666666666,2840,nan,1.0,NO,,,
946.6666666666666,2840,nan,1.0,NO,,,
946.6666666666666,2840,nan,1.0,NO,,,
946.6666666666666,2840,nan,1.0,NO,,,
946.6666666666666,2840,nan,1.0,NO,,,
946.6666666666666,2840,nan,1.0,NO,,,
946.6666666666666,2840,nan,1.0,NO,,,
946.6666666666666,2840,nan,1.0,NO,,,
946.6666666666666,2840,nan,1.0,NO,,,
950.0,2850,nan,0.0,NO,,,
950.0,2850,nan,0.0,NO,,,
950.0,2850,nan,0.0,NO,,,
950.0,2850,nan,0.0,NO,,,
950.0,2850,nan,0.0,NO,,,
950.0,2850,nan,0.0,NO,,,
950.0,2850,nan,0.0,NO,,,
950.0,2850,nan,0.0,NO,,,
950.0,2850,nan,0.0,NO,,,
950.0,2850,nan,0.0,NO,,,
953.3333333333334,2860,nan,0.0,NO,,,
953.3333333333334,2860,nan,0.0,NO,,,
953.3333333333334,2860,nan,0.0,NO,,,
953.3333333333334,2860,nan,0.0,NO,,,
953.3333333333334,2860,nan,0.0,NO,,,
953.3333333333334,2860,nan,0.0,NO,,,
953.3333333333334,2860,nan,0.0,NO,,,
953.3333333333334,2860,nan,0.0,NO,,,
953.3333333333334,2860,nan,0.0,NO,,,
953.3333333333334,2860,nan,0.0,NO,,,
956.6666666666666,2870,nan,1.0,NO,,,
956.6666666666666,2870,nan,1.0,NO,,,
956.6666666666666,2870,nan,1.0,NO,,,
956.6666666666666,2870,nan,1.0,NO,,,
956.6666666666666,2870,nan,1.0,NO,,,
956.6666666666666,2870,nan,1.0,NO,,,
956.6666666666666,2870,nan,1.0,NO,,,
956.6666666666666,2870,nan,1.0,NO,,,
956.6666666666666,2870,nan,1.0,NO,,,
956.6666666666666,2870,nan,1.0,NO,,,
960.0,2880,nan,0.0,NO,,,
960.0,2880,nan,0.0,NO,,,
960.0,2880,nan,0.0,NO,,,
960.0,2880,nan,0.0,NO,,,
960.0,2880,nan,0.0,NO,,,
960.0,2880,nan,0.0,NO,,,
960.0,2880,nan,0.0,NO,,,
960.0,2880,nan,0.0,NO,,,
960.0,2880,nan,0.0,NO,,,
960.0,2880,nan,0.0,NO,,,
963.3333333333334,2890,nan,0.0,NO,,,
963.3333333333334,2890,nan,0.0,NO,,,
963.3333333333334,2890,nan,0.0,NO,,,
963.3333333333334,2890,nan,0.0,NO,,,
963.3333333333334,2890,nan,0.0,NO,,,
963.3333333333334,2890,nan,0.0,NO,,,
963.3333333333334,2890,nan,0.0,NO,,,
963.3333333333334,2890,nan,0.0,NO,,,
963.3333333333334,2890,nan,0.0,NO,,,
963.3333333333334,2890,nan,0.0,NO,,,
966.6666666666666,2900,nan,1.0,NO,,,
966.6666666666666,2900,nan,1.0,NO,,,
966.6666666666666,2900,nan,1.0,NO,,,
966.6666666666666,2900,nan,1.0,NO,,,
966.6666666666666,2900,nan,1.0,NO,,,
966.6666666666666,2900,nan,1.0,NO,,,
966.6666666666666,2900,nan,1.0,NO,,,
966.6666666666666,2900,nan,1.0,NO,,,
966.6666666666666,2900,nan,1.0,NO,,,
966.6666666666666,2900,nan,1.0,NO,,,
970.0,2910,nan,0.0,NO,,,
970.0,2910,nan,0.0,NO,,,
970.0,2910,nan,0.0,NO,,,
970.0,2910,nan,0.0,NO,,,
970.0,2910,nan,0.0,NO,,,
970.0,2910,nan,0.0,NO,,,
970.0,2910,nan,0.0,NO,,,
970.0,2910,nan,0.0,NO,,,
970.0,2910,nan,0.0,NO,,,
970.0,2910,nan,0.0,NO,,,
973.3333333333334,2920,nan,0.0,NO,,,
973.3333333333334,2920,nan,0.0,NO,,,
973.3333333333334,2920,nan,0.0,NO,,,
973.3333333333334,2920,nan,0.0,NO,,,
973.3333333333334,2920,nan,0.0,NO,,,
973.3333333333334,2920,nan,0.0,NO,,,
973.3333333333334,2920,nan,0.0,NO,,,
973.3333333333334,2920,nan,0.0,NO,,,
973.3333333333334,2920,nan,0.0,NO,,,
973.3333333333334,2920,nan,0.0,NO,,,
976.6666666666666,2930,nan,1.0,NO,,,
976.6666666666666,2930,nan,1.0,NO,,,
976.6666666666666,2930,nan,1.0,NO,,,
976.6666666666666,2930,nan,1.0,NO,,,
976.6666666666666,2930,nan,1.0,NO,,,
976.6666666666666,2930,nan,1.0,NO,,,
976.6666666666666,2930,nan,1.0,NO,,,
976.6666666666666,2930,nan,1.0,NO,,,
976.6666666666666,2930,nan,1.0,NO,,,
976.6666666666666,2930,nan,1.0,NO,,,
980.0,2940,nan,0.0,NO,,,
980.0,2940,nan,0.0,NO,,,
980.0,2940,nan,0.0,NO,,,
980.0,2940,nan,0.0,NO,,,
980.0,2940,nan,0.0,NO,,,
980.0,2940,nan,0.0,NO,,,
980.0,2940,nan,0.0,NO,,,
980.0,2940,nan,0.0,NO,,,
980.0,2940,nan,0.0,NO,,,
980.0,2940,nan,0.0,NO,,,
983.3333333333334,2950,nan,0.0,NO,,,
983.3333333333334,2950,nan,0.0,NO,,,
983.3333333333334,2950,nan,0.0,NO,,,
983.3333333333334,2950,nan,0.0,NO,,,
983.3333333333334,2950,nan,0.0,NO,,,
983.3333333333334,2950,nan,0.0,NO,,,
983.3333333333334,2950,nan,0.0,NO,,,
983.3333333333334,2950,nan,0.0,NO,,,
983.3333333333334,2950,nan,0.0,NO,,,
983.3333333333334,2950,nan,0.0,NO,,,
986.6666666666666,2960,nan,1.0,NO,,,
986.6666666666666,2960,nan,1.0,NO,,,
986.6666666666666,2960,nan,1.0,NO,,,
986.6666666666666,2960,nan,1.0,NO,,,
986.6666666666666,2960,nan,1.0,NO,,,
986.6666666666666,2960,nan,1.0,NO,,,
986.6666666666666,2960,nan,1.0,NO,,,
986.6666666666666,2960,nan,1.0,NO,,,
986.6666666666666,2960,nan,1.0,NO,,,
986.6666666666666,2960,nan,1.0,NO,,,
990.0,2970,nan,0.0,NO,,,
990.0,2970,nan,0.0,NO,,,
990.0,2970,nan,0.0,NO,,,
990.0,2970,nan,0.0,NO,,,
990.0,2970,nan,0.0,NO,,,
990.0,2970,nan,0.0,NO,,,
990.0,2970,nan,0.0,NO,,,
990.0,2970,nan,0.0,NO,,,
990.0,2970,nan,0.0,NO,,,
990.0,2970,nan,0.0,NO,,,
993.3333333333334,2980,nan,0.0,NO,,,
993.3333333333334,2980,nan,0.0,NO,,,
993.3333333333334,2980,nan,0.0,NO,,,
993.3333333333334,2980,nan,0.0,NO,,,
993.3333333333334,2980,nan,0.0,NO,,,
993.3333333333334,2980,nan,0.0,NO,,,
993.3333333333334,2980,nan,0.0,NO,,,
993.3333333333334,2980,nan,0.0,NO,,,
993.3333333333334,2980,nan,0.0,NO,,,
993.3333333333334,2980,nan,0.0,NO,,,
996.6666666666666,2990,nan,1.0,NO,,,
996.6666666666666,2990,nan,1.0,NO,,,
996.6666666666666,2990,nan,1.0,NO,,,
996.6666666666666,2990,nan,1.0,NO,,,
996.6666666666666,2990,nan,1.0,NO,,,
996.6666666666666,2990,nan,1.0,NO,,,
996.6666666666666,2990,nan,1.0,NO,,,
996.6666666666666,2990,nan,1.0,NO,,,
996.6666666666666,2990,nan,1.0,NO,,,
996.6666666666666,2990,nan,1.0,YES,nan,0.2,
1000.0,3000,nan,0.0,NO,,,
1000.0,3000,nan,0.0,NO,,,
1000.0,3000,nan,0.0,NO,,,
1000.0,3000,nan,0.0,NO,,,
1000.0,3000,nan,0.0,NO,,,
1000.0,3000,nan,0.0,NO,,,
1000.0,3000,nan,0.0,NO,,,
1000.0,3000,nan,0.0,NO,,,
1000.0,3000,nan,0.0,NO,,,
1000.0,3000,nan,0.0,NO,,,
1003.3333333333334,3010,nan,0.0,NO,,,
1003.3333333333334,3010,nan,0.0,NO,,,
1003.3333333333334,3010,nan,0.0,NO,,,
1003.3333333333334,3010,nan,0.0,NO,,,
1003.3333333333334,3010,nan,0.0,NO,,,
1003.3333333333334,3010,nan,0.0,NO,,,
1003.3333333333334,3010,nan,0.0,NO,,,
1003.3333333333334,3010,nan,0.0,NO,,,
1003.3333333333334,3010,nan,0.0,NO,,,
1003.3333333333334,3010,nan,0.0,NO,,,
1006.6666666666666,3020,nan,1.0,NO,,,
1006.6666666666666,3020,nan,1.0,NO,,,
1006.6666666666666,3020,nan,1.0,NO,,,
1006.6666666666666,3020,nan,1.0,NO,,,
1006.6666666666666,3020,nan,1.0,NO,,,
1006.6666666666666,3020,nan,1.0,NO,,,
1006.6666666666666,3020,nan,1.0,NO,,,
1006.6666666666666,3020,nan,1.0,NO,,,
1006.6666666666666,3020,nan,1.0,NO,,,
1006.6666666666666,3020,nan,1.0,NO,,,
1010.0,3030,nan,0.0,NO,,,
1010.0,3030,nan,0.0,NO,,,
1010.0,3030,nan,0.0,NO,,,
1010.0,3030,nan,0.0,NO,,,
1010.0,3030,nan,0.0,NO,,,
1010.0,3030,nan,0.0,NO,,,
1010.0,3030,nan,0.0,NO,,,
1010.0,3030,nan,0.0,NO,,,
1010.0,3030,nan,0.0,NO,,,
1010.0,3030,nan,0.0,NO,,,
1013.3333333333334,3040,nan,0.0,NO,,,
1013.3333333333334,3040,nan,0.0,NO,,,
1013.3333333333334,3040,nan,0.0,NO,,,
1013.3333333333334,3040,nan,0.0,NO,,,
1013.3333333333334,3040,nan,0.0,NO,,,
1013.3333333333334,3040,nan,0.0,NO,,,
1013.3333333333334,3040,nan,0.0,NO,,,
1013.3333333333334,3040,nan,0.0,NO,,,
1013.3333333333334,3040,nan,0.0,NO,,,
1013.3333333333334,3040,nan,0.0,NO,,,
1016.6666666666666,3050,nan,1.0,NO,,,
1016.6666666666666,3050,nan,1.0,NO,,,
1016.6666666666666,3050,nan,1.0,NO,,,
1016.6666666666666,3050,nan,1.0,NO,,,
1016.6666666666666,3050,nan,1.0,NO,,,
1016.6666666666666,3050,nan,1.0,NO,,,
1016.6666666666666,3050,nan,1.0,NO,,,
1016.6666666666666,3050,nan,1.0,NO,,,
1016.6666666666666,3050,nan,1.0,NO,,,
1016.6666666666666,3050,nan,1.0,NO,,,
1020.0,3060,nan,0.0,NO,,,
1020.0,3060,nan,0.0,NO,,,
1020.0,3060,nan,0.0,NO,,,
1020.0,3060,nan,0.0,NO,,,
1020.0,3060,nan,0.0,NO,,,
1020.0,3060,nan,0.0,NO,,,
1020.0,3060,nan,0.0,NO,,,
1020.0,3060,nan,0.0,NO,,,
1020.0,3060,nan,0.0,NO,,,
1020.0,3060,nan,0.0,NO,,,
1023.3333333333334,3070,nan,0.0,NO,,,
1023.3333333333334,3070,nan,0.0,NO,,,
1023.3333333333334,3070,nan,0.0,NO,,,
1023.3333333333334,3070,nan,0.0,NO,,,
1023.3333333333334,3070,nan,0.0,NO,,,
1023.3333333333334,3070,nan,0.0,NO,,,
1023.3333333333334,3070,nan,0.0,NO,,,
1023.3333333333334,3070,nan,0.0,NO,,,
1023.3333333333334,3070,nan,0.0,NO,,,
1023.3333333333334,3070,nan,0.0,NO,,,
1026.6666666666667,3080,nan,1.0,NO,,,
1026.6666666666667,3080,nan,1.0,NO,,,
1026.6666666666667,3080,nan,1.0,NO,,,
1026.6666666666667,3080,nan,1.0,NO,,,
1026.6666666666667,3080,nan,1.0,NO,,,
1026.6666666666667,3080,nan,1.0,NO,,,
1026.6666666666667,3080,nan,1.0,NO,,,
1026.6666666666667,3080,nan,1.0,NO,,,
1026.6666666666667,3080,nan,1.0,NO,,,
1026.6666666666667,3080,nan,1.0,NO,,,
1030.0,3090,nan,0.0,NO,,,
1030.0,3090,nan,0.0,NO,,,
1030.0,3090,nan,0.0,NO,,,
1030.0,3090,nan,0.0,NO,,,
1030.0,3090,nan,0.0,NO,,,
1030.0,3090,nan,0.0,NO,,,
1030.0,3090,nan,0.0,NO,,,
1030.0,3090,nan,0.0,NO,,,
1030.0,3090,nan,0.0,NO,,,
1030.0,3090,nan,0.0,NO,,,
1033.3333333333333,3100,nan,0.0,NO,,,
1033.3333333333333,3100,nan,0.0,NO,,,
1033.3333333333333,3100,nan,0.0,NO,,,
1033.3333333333333,3100,nan,0.0,NO,,,
1033.3333333333333,3100,nan,0.0,NO,,,
1033.3333333333333,3100,nan,0.0,NO,,,
1033.3333333333333,3100,nan,0.0,NO,,,
1033.3333333333333,3100,nan,0.0,NO,,,
1033.3333333333333,3100,nan,0.0,NO,,,
1033.3333333333333,3100,nan,0.0,NO,,,
1036.6666666666667,3110,nan,1.0,NO,,,
1036.6666666666667,3110,nan,1.0,NO,,,
1036.6666666666667,3110,nan,1.0,NO,,,
1036.6666666666667,3110,nan,1.0,NO,,,
1036.6666666666667,3110,nan,1.0,NO,,,
1036.6666666666667,3110,nan,1.0,NO,,,
1036.6666666666667,3110,nan,1.0,NO,,,
1036.6666666666667,3110,nan,1.0,NO,,,
1036.6666666666667,3110,nan,1.0,NO,,,
1036.6666666666667,3110,nan,1.0,NO,,,
1040.0,3120,nan,0.0,NO,,,
1040.0,3120,nan,0.0,NO,,,
1040.0,3120,nan,0.0,NO,,,
1040.0,3120,nan,0.0,NO,,,
1040.0,3120,nan,0.0,NO,,,
1040.0,3120,nan,0.0,NO,,,
1040.0,3120,nan,0.0,NO,,,
1040.0,3120,nan,0.0,NO,,,
1040.0,3120,nan,0.0,NO,,,
1040.0,3120,nan,0.0,NO,,,
1043.3333333333333,3130,nan,0.0,NO,,,
1043.3333333333333,3130,nan,0.0,NO,,,
1043.3333333333333,3130,nan,0.0,NO,,,
1043.3333333333333,3130,nan,0.0,NO,,,
1043.3333333333333,3130,nan,0.0,NO,,,
1043.3333333333333,3130,nan,0.0,NO,,,
1043.3333333333333,3130,nan,0.0,NO,,,
1043.3333333333333,3130,nan,0.0,NO,,,
1043.3333333333333,3130,nan,0.0,NO,,,
1043.3333333333333,3130,nan,0.0,NO,,,
1046.6666666666667,3140,nan,1.0,NO,,,
1046.6666666666667,3140,nan,1.0,NO,,,
1046.6666666666667,3140,nan,1.0,NO,,,
1046.6666666666667,3140,nan,1.0,NO,,,
1046.6666666666667,3140,nan,1.0,NO,,,
1046.6666666666667,3140,nan,1.0,NO,,,
1046.6666666666667,3140,nan,1.0,NO,,,
1046.6666666666667,3140,nan,1.0,NO,,,
1046.6666666666667,3140,nan,1.0,NO,,,
1046.6666666666667,3140,nan,1.0,NO,,,
1050.0,3150,nan,0.0,NO,,,
1050.0,3150,nan,0.0,NO,,,
1050.0,3150,nan,0.0,NO,,,
1050.0,3150,nan,0.0,NO,,,
1050.0,3150,nan,0.0,NO,,,
1050.0,3150,nan,0.0,NO,,,
1050.0,3150,nan,0.0,NO,,,
1050.0,3150,nan,0.0,NO,,,
1050.0,3150,nan,0.0,NO,,,
1050.0,3150,nan,0.0,NO,,,
1053.3333333333333,3160,nan,0.0,NO,,,
1053.3333333333333,3160,nan,0.0,NO,,,
1053.3333333333333,3160,nan,0.0,NO,,,
1053.3333333333333,3160,nan,0.0,NO,,,
1053.3333333333333,3160,nan,0.0,NO,,,
1053.3333333333333,3160,nan,0.0,NO,,,
1053.3333333333333,3160,nan,0.0,NO,,,
1053.3333333333333,3160,nan,0.0,NO,,,
1053.3333333333333,3160,nan,0.0,NO,,,
1053.3333333333333,3160,nan,0.0,NO,,,
1056.6666666666667,3170,nan,1.0,NO,,,
1056.6666666666667,3170,nan,1.0,NO,,,
1056.6666666666667,3170,nan,1.0,NO,,,
1056.6666666666667,3170,nan,1.0,NO,,,
1056.6666666666667,3170,nan,1.0,NO,,,
1056.6666666666667,3170,nan,1.0,NO,,,
1056.6666666666667,3170,nan,1.0,NO,,,
1056.6666666666667,3170,nan,1.0,NO,,,
1056.6666666666667,3170,nan,1.0,NO,,,
1056.6666666666667,3170,nan,1.0,NO,,,
1060.0,3180,nan,0.0,NO,,,
1060.0,3180,nan,0.0,NO,,,
1060.0,3180,nan,0.0,NO,,,
1060.0,3180,nan,0.0,NO,,,
1060.0,3180,nan,0.0,NO,,,
1060.0,3180,nan,0.0,NO,,,
1060.0,3180,nan,0.0,NO,,,
1060.0,3180,nan,0.0,NO,,,
1060.0,3180,nan,0.0,NO,,,
1060.0,3180,nan,0.0,NO,,,
1063.3333333333333,3190,nan,0.0,NO,,,
1063.3333333333333,3190,nan,0.0,NO,,,
1063.3333333333333,3190,nan,0.0,NO,,,
1063.3333333333333,3190,nan,0.0,NO,,,
1063.3333333333333,3190,nan,0.0,NO,,,
1063.3333333333333,3190,nan,0.0,NO,,,
1063.3333333333333,3190,nan,0.0,NO,,,
1063.3333333333333,3190,nan,0.0,NO,,,
1063.3333333333333,3190,nan,0.0,NO,,,
1063.3333333333333,3190,nan,0.0,YES,nan,0.2,
1066.6666666666667,3200,nan,1.0,NO,,,
1066.6666666666667,3200,nan,1.0,NO,,,
1066.6666666666667,3200,nan,1.0,NO,,,
1066.6666666666667,3200,nan,1.0,NO,,,
1066.6666666666667,3200,nan,1.0,NO,,,
1066.6666666666667,3200,nan,1.0,NO,,,
1066.6666666666667,3200,nan,1.0,NO,,,
1066.6666666666667,3200,nan,1.0,NO,,,
1066.6666666666667,3200,nan,1.0,NO,,,
1066.6666666666667,3200,nan,1.0,NO,,,
1070.0,3210,nan,0.0,NO,,,
1070.0,3210,nan,0.0,NO,,,
1070.0,3210,nan,0.0,NO,,,
1070.0,3210,nan,0.0,NO,,,
1070.0,3210,nan,0.0,NO,,,
1070.0,3210,nan,0.0,NO,,,
1070.0,3210,nan,0.0,NO,,,
1070.0,3210,nan,0.0,NO,,,
1070.0,3210,nan,0.0,NO,,,
1070.0,3210,nan,0.0,NO,,,
1073.3333333333333,3220,nan,0.0,NO,,,
1073.3333333333333,3220,nan,0.0,NO,,,
1073.3333333333333,3220,nan,0.0,NO,,,
1073.3333333333333,3220,nan,0.0,NO,,,
1073.3333333333333,3220,nan,0.0,NO,,,
1073.3333333333333,3220,nan,0.0,NO,,,
1073.3333333333333,3220,nan,0.0,NO,,,
1073.3333333333333,3220,nan,0.0,NO,,,
1073.3333333333333,3220,nan,0.0,NO,,,
1073.3333333333333,3220,nan,0.0,NO,,,
1076.6666666666667,3230,nan,1.0,NO,,,
1076.6666666666667,3230,nan,1.0,NO,,,
1076.6666666666667,3230,nan,1.0,NO,,,
1076.6666666666667,3230,nan,1.0,NO,,,
1076.6666666666667,3230,nan,1.0,NO,,,
1076.6666666666667,3230,nan,1.0,NO,,,
1076.6666666666667,3230,nan,1.0,NO,,,
1076.6666666666667,3230,nan,1.0,NO,,,
1076.6666666666667,3230,nan,1.0,NO,,,
1076.6666666666667,3230,nan,1.0,NO,,,
1080.0,3240,nan,0.0,NO,,,
1080.0,3240,nan,0.0,NO,,,
1080.0,3240,nan,0.0,NO,,,
1080.0,3240,nan,0.0,NO,,,
1080.0,3240,nan,0.0,NO,,,
1080.0,3240,nan,0.0,NO,,,
1080.0,3240,nan,0.0,NO,,,
1080.0,3240,nan,0.0,NO,,,
1080.0,3240,nan,0.0,NO,,,
1080.0,3240,nan,0.0,NO,,,
1083.3333333333333,3250,nan,0.0,NO,,,
1083.3333333333333,3250,nan,0.0,NO,,,
1083.3333333333333,3250,nan,0.0,NO,,,
1083.3333333333333,3250,nan,0.0,NO,,,
1083.3333333333333,3250,nan,0.0,NO,,,
1083.3333333333333,3250,nan,0.0,NO,,,
1083.3333333333333,3250,nan,0.0,NO,,,
1083.3333333333333,3250,nan,0.0,NO,,,
1083.3333333333333,3250,nan,0.0,NO,,,
1083.3333333333333,3250,nan,0.0,NO,,,
1086.6666666666667,3260,nan,1.0,NO,,,
1086.6666666666667,3260,nan,1.0,NO,,,
1086.6666666666667,3260,nan,1.0,NO,,,
1086.6666666666667,3260,nan,1.0,NO,,,
1086.6666666666667,3260,nan,1.0,NO,,,
1086.6666666666667,3260,nan,1.0,NO,,,
1086.6666666666667,3260,nan,1.0,NO,,,
1086.6666666666667,3260,nan,1.0,NO,,,
1086.6666666666667,3260,nan,1.0,NO,,,
1086.6666666666667,3260,nan,1.0,NO,,,
1090.0,3270,nan,0.0,NO,,,
1090.0,3270,nan,0.0,NO,,,
1090.0,3270,nan,0.0,NO,,,
1090.0,3270,nan,0.0,NO,,,
1090.0,3270,nan,0.0,NO,,,
1090.0,3270,nan,0.0,NO,,,
1090.0,3270,nan,0.0,NO,,,
1090.0,3270,nan,0.0,NO,,,
1090.0,3270,nan,0.0,NO,,,
1090.0,3270,nan,0.0,NO,,,
1093.3333333333333,3280,nan,0.0,NO,,,
1093.3333333333333,3280,nan,0.0,NO,,,
1093.3333333333333,3280,nan,0.0,NO,,,
1093.3333333333333,3280,nan,0.0,NO,,,
1093.3333333333333,3280,nan,0.0,NO,,,
1093.3333333333333,3280,nan,0.0,NO,,,
1093.3333333333333,3280,nan,0.0,NO,,,
1093.3333333333333,3280,nan,0.0,NO,,,
1093.3333333333333,3280,nan,0.0,NO,,,
1093.3333333333333,3280,nan,0.0,NO,,,
1096.6666666666667,3290,nan,1.0,NO,,,
1096.6666666666667,3290,nan,1.0,NO,,,
1096.6666666666667,3290,nan,1.0,NO,,,
1096.6666666666667,3290,nan,1.0,NO,,,
1096.6666666666667,3290,nan,1.0,NO,,,
1096.6666666666667,3290,nan,1.0,NO,,,
1096.6666666666667,3290,nan,1.0,NO,,,
1096.6666666666667,3290,nan,1.0,NO,,,
1096.6666666666667,3290,nan,1.0,NO,,,
1096.6666666666667,3290,nan,1.0,NO,,,
1100.0,3300,nan,0.0,NO,,,
1100.0,3300,nan,0.0,NO,,,
1100.0,3300,nan,0.0,NO,,,
1100.0,3300,nan,0.0,NO,,,
1100.0,3300,nan,0.0,NO,,,
1100.0,3300,nan,0.0,NO,,,
1100.0,3300,nan,0.0,NO,,,
1100.0,3300,nan,0.0,NO,,,
1100.0,3300,nan,0.0,NO,,,
1100.0,3300,nan,0.0,NO,,,
1103.3333333333333,3310,nan,0.0,NO,,,
1103.3333333333333,3310,nan,0.0,NO,,,
1103.3333333333333,3310,nan,0.0,NO,,,
1103.3333333333333,3310,nan,0.0,NO,,,
1103.3333333333333,3310,nan,0.0,NO,,,
1103.3333333333333,3310,nan,0.0,NO,,,
1103.3333333333333,3310,nan,0.0,NO,,,
1103.3333333333333,3310,nan,0.0,NO,,,
1103.3333333333333,3310,nan,0.0,NO,,,
1103.3333333333333,3310,nan,0.0,NO,,,
1106.6666666666667,3320,nan,1.0,NO,,,
1106.6666666666667,3320,nan,1.0,NO,,,
1106.6666666666667,3320,nan,1.0,NO,,,
1106.6666666666667,3320,nan,1.0,NO,,,
1106.6666666666667,3320,nan,1.0,NO,,,
1106.6666666666667,3320,nan,1.0,NO,,,
1106.6666666666667,3320,nan,1.0,NO,,,
1106.6666666666667,3320,nan,1.0,NO,,,
1106.6666666666667,3320,nan,1.0,NO,,,
1106.6666666666667,3320,nan,1.0,NO,,,
1110.0,3330,nan,0.0,NO,,,
1110.0,3330,nan,0.0,NO,,,
1110.0,3330,nan,0.0,NO,,,
1110.0,3330,nan,0.0,NO,,,
1110.0,3330,nan,0.0,NO,,,
1110.0,3330,nan,0.0,NO,,,
1110.0,3330,nan,0.0,NO,,,
1110.0,3330,nan,0.0,NO,,,
1110.0,3330,nan,0.0,NO,,,
1110.0,3330,nan,0.0,NO,,,
1113.3333333333333,3340,nan,0.0,NO,,,
1113.3333333333333,3340,nan,0.0,NO,,,
1113.3333333333333,3340,nan,0.0,NO,,,
1113.3333333333333,3340,nan,0.0,NO,,,
1113.3333333333333,3340,nan,0.0,NO,,,
1113.3333333333333,3340,nan,0.0,NO,,,
1113.3333333333333,3340,nan,0.0,NO,,,
1113.3333333333333,3340,nan,0.0,NO,,,
1113.3333333333333,3340,nan,0.0,NO,,,
1113.3333333333333,3340,nan,0.0,NO,,,
1116.6666666666667,3350,nan,1.0,NO,,,
1116.6666666666667,3350,nan,1.0,NO,,,
1116.6666666666667,3350,nan,1.0,NO,,,
1116.6666666666667,3350,nan,1.0,NO,,,
1116.6666666666667,3350,nan,1.0,NO,,,
1116.6666666666667,3350,nan,1.0,NO,,,
1116.6666666666667,3350,nan,1.0,NO,,,
1116.6666666666667,3350,nan,1.0,NO,,,
1116.6666666666667,3350,nan,1.0,NO,,,
1116.6666666666667,3350,nan,1.0,NO,,,
1120.0,3360,nan,0.0,NO,,,
1120.0,3360,nan,0.0,NO,,,
1120.0,3360,nan,0.0,NO,,,
1120.0,3360,nan,0.0,NO,,,
1120.0,3360,nan,0.0,NO,,,
1120.0,3360,nan,0.0,NO,,,
1120.0,3360,nan,0.0,NO,,,
1120.0,3360,nan,0.0,NO,,,
1120.0,3360,nan,0.0,NO,,,
1120.0,3360,nan,0.0,NO,,,
1123.3333333333333,3370,nan,0.0,NO,,,
1123.3333333333333,3370,nan,0.0,NO,,,
1123.3333333333333,3370,nan,0.0,NO,,,
1123.3333333333333,3370,nan,0.0,NO,,,
1123.3333333333333,3370,nan,0.0,NO,,,
1123.3333333333333,3370,nan,0.0,NO,,,
1123.3333333333333,3370,nan,0.0,NO,,,
1123.3333333333333,3370,nan,0.0,NO,,,
1123.3333333333333,3370,nan,0.0,NO,,,
1123.3333333333333,3370,nan,0.0,NO,,,
1126.6666666666667,3380,nan,1.0,NO,,,
1126.6666666666667,3380,nan,1.0,NO,,,
1126.6666666666667,3380,nan,1.0,NO,,,
1126.6666666666667,3380,nan,1.0,NO,,,
1126.6666666666667,3380,nan,1.0,NO,,,
1126.6666666666667,3380,nan,1.0,NO,,,
1126.6666666666667,3380,nan,1.0,NO,,,
1126.6666666666667,3380,nan,1.0,NO,,,
1126.6666666666667,3380,nan,1.0,NO,,,
1126.6666666666667,3380,nan,1.0,NO,,,
1130.0,3390,nan,0.0,NO,,,
1130.0,3390,nan,0.0,NO,,,
1130.0,3390,nan,0.0,NO,,,
1130.0,3390,nan,0.0,NO,,,
1130.0,3390,nan,0.0,NO,,,
1130.0,3390,nan,0.0,NO,,,
1130.0,3390,nan,0.0,NO,,,
1130.0,3390,nan,0.0,NO,,,
1130.0,3390,nan,0.0,NO,,,
1130.0,3390,nan,0.0,YES,nan,0.2,
1133.3333333333333,3400,nan,0.0,NO,,,
1133.3333333333333,3400,nan,0.0,NO,,,
1133.3333333333333,3400,nan,0.0,NO,,,
1133.3333333333333,3400,nan,0.0,NO,,,
1133.3333333333333,3400,nan,0.0,NO,,,
1133.3333333333333,3400,nan,0.0,NO,,,
1133.3333333333333,3400,nan,0.0,NO,,,
1133.3333333333333,3400,nan,0.0,NO,,,
1133.3333333333333,3400,nan,0.0,NO,,,
1133.3333333333333,3400,nan,0.0,NO,,,
1136.6666666666667,3410,nan,1.0,NO,,,
1136.6666666666667,3410,nan,1.0,NO,,,
1136.6666666666667,3410,nan,1.0,NO,,,
1136.6666666666667,3410,nan,1.0,NO,,,
1136.6666666666667,3410,nan,1.0,NO,,,
1136.6666666666667,3410,nan,1.0,NO,,,
1136.6666666666667,3410,nan,1.0,NO,,,
1136.6666666666667,3410,nan,1.0,NO,,,
1136.6666666666667,3410,nan,1.0,NO,,,
1136.6666666666667,3410,nan,1.0,NO,,,
1140.0,3420,nan,0.0,NO,,,
1140.0,3420,nan,0.0,NO,,,
1140.0,3420,nan,0.0,NO,,,
1140.0,3420,nan,0.0,NO,,,
1140.0,3420,nan,0.0,NO,,,
1140.0,3420,nan,0.0,NO,,,
1140.0,3420,nan,0.0,NO,,,
1140.0,3420,nan,0.0,NO,,,
1140.0,3420,nan,0.0,NO,,,
1140.0,3420,nan,0.0,NO,,,
1143.3333333333333,3430,nan,0.0,NO,,,
1143.3333333333333,3430,nan,0.0,NO,,,
1143.3333333333333,3430,nan,0.0,NO,,,
1143.3333333333333,3430,nan,0.0,NO,,,
1143.3333333333333,3430,nan,0.0,NO,,,
1143.3333333333333,3430,nan,0.0,NO,,,
1143.3333333333333,3430,nan,0.0,NO,,,
1143.3333333333333,3430,nan,0.0,NO,,,
1143.3333333333333,3430,nan,0.0,NO,,,
1143.3333333333333,3430,nan,0.0,NO,,,
1146.6666666666667,3440,nan,1.0,NO,,,
1146.6666666666667,3440,nan,1.0,NO,,,
1146.6666666666667,3440,nan,1.0,NO,,,
1146.6666666666667,3440,nan,1.0,NO,,,
1146.6666666666667,3440,nan,1.0,NO,,,
1146.6666666666667,3440,nan,1.0,NO,,,
1146.6666666666667,3440,nan,1.0,NO,,,
1146.6666666666667,3440,nan,1.0,NO,,,
1146.6666666666667,3440,nan,1.0,NO,,,
1146.6666666666667,3440,nan,1.0,NO,,,
1150.0,3450,nan,0.0,NO,,,
1150.0,3450,nan,0.0,NO,,,
1150.0,3450,nan,0.0,NO,,,
1150.0,3450,nan,0.0,NO,,,
1150.0,3450,nan,0.0,NO,,,
1150.0,3450,nan,0.0,NO,,,
1150.0,3450,nan,0.0,NO,,,
1150.0,3450,nan,0.0,NO,,,
1150.0,3450,nan,0.0,NO,,,
1150.0,3450,nan,0.0,NO,,,
1153.3333333333333,3460,nan,0.0,NO,,,
1153.3333333333333,3460,nan,0.0,NO,,,
1153.3333333333333,3460,nan,0.0,NO,,,
1153.3333333333333,3460,nan,0.0,NO,,,
1153.3333333333333,3460,nan,0.0,NO,,,
1153.3333333333333,3460,nan,0.0,NO,,,
1153.3333333333333,3460,nan,0.0,NO,,,
1153.3333333333333,3460,nan,0.0,NO,,,
1153.3333333333333,3460,nan,0.0,NO,,,
1153.3333333333333,3460,nan,0.0,NO,,,
1156.6666666666667,3470,nan,1.0,NO,,,
1156.6666666666667,3470,nan,1.0,NO,,,
1156.6666666666667,3470,nan,1.0,NO,,,
1156.6666666666667,3470,nan,1.0,NO,,,
1156.6666666666667,3470,nan,1.0,NO,,,
1156.6666666666667,3470,nan,1.0,NO,,,
1156.6666666666667,3470,nan,1.0,NO,,,
1156.6666666666667,3470,nan,1.0,NO,,,
1156.6666666666667,3470,nan,1.0,NO,,,
1156.6666666666667,3470,nan,1.0,NO,,,
1160.0,3480,nan,0.0,NO,,,
1160.0,3480,nan,0.0,NO,,,
1160.0,3480,nan,0.0,NO,,,
1160.0,3480,nan,0.0,NO,,,
1160.0,3480,nan,0.0,NO,,,
1160.0,3480,nan,0.0,NO,,,
1160.0,3480,nan,0.0,NO,,,
1160.0,3480,nan,0.0,NO,,,
1160.0,3480,nan,0.0,NO,,,
1160.0,3480,nan,0.0,NO,,,
1163.3333333333333,3490,nan,0.0,NO,,,
1163.3333333333333,3490,nan,0.0,NO,,,
1163.3333333333333,3490,nan,0.0,NO,,,
1163.3333333333333,3490,nan,0.0,NO,,,
1163.3333333333333,3490,nan,0.0,NO,,,
1163.3333333333333,3490,nan,0.0,NO,,,
1163.3333333333333,3490,nan,0.0,NO,,,
1163.3333333333333,3490,nan,0.0,NO,,,
1163.3333333333333,3490,nan,0.0,NO,,,
1163.3333333333333,3490,nan,0.0,NO,,,
1166.6666666666667,3500,nan,1.0,NO,,,
1166.6666666666667,3500,nan,1.0,NO,,,
1166.6666666666667,3500,nan,1.0,NO,,,
1166.6666666666667,3500,nan,1.0,NO,,,
1166.6666666666667,3500,nan,1.0,NO,,,
1166.6666666666667,3500,nan,1.0,NO,,,
1166.6666666666667,3500,nan,1.0,NO,,,
1166.6666666666667,3500,nan,1.0,NO,,,
1166.6666666666667,3500,nan,1.0,NO,,,
1166.6666666666667,3500,nan,1.0,NO,,,
1170.0,3510,nan,0.0,NO,,,
1170.0,3510,nan,0.0,NO,,,
1170.0,3510,nan,0.0,NO,,,
1170.0,3510,nan,0.0,NO,,,
1170.0,3510,nan,0.0,NO,,,
1170.0,3510,nan,0.0,NO,,,
1170.0,3510,nan,0.0,NO,,,
1170.0,3510,nan,0.0,NO,,,
1170.0,3510,nan,0.0,NO,,,
1170.0,3510,nan,0.0,NO,,,
1173.3333333333333,3520,nan,0.0,NO,,,
1173.3333333333333,3520,nan,0.0,NO,,,
1173.3333333333333,3520,nan,0.0,NO,,,
1173.3333333333333,3520,nan,0.0,NO,,,
1173.3333333333333,3520,nan,0.0,NO,,,
1173.3333333333333,3520,nan,0.0,NO,,,
1173.3333333333333,3520,nan,0.0,NO,,,
1173.3333333333333,3520,nan,0.0,NO,,,
1173.3333333333333,3520,nan,0.0,NO,,,
1173.3333333333333,3520,nan,0.0,NO,,,
1176.6666666666667,3530,nan,1.0,NO,,,
1176.6666666666667,3530,nan,1.0,NO,,,
1176.6666666666667,3530,nan,1.0,NO,,,
1176.6666666666667,3530,nan,1.0,NO,,,
1176.6666666666667,3530,nan,1.0,NO,,,
1176.6666666666667,3530,nan,1.0,NO,,,
1176.6666666666667,3530,nan,1.0,NO,,,
1176.6666666666667,3530,nan,1.0,NO,,,
1176.6666666666667,3530,nan,1.0,NO,,,
1176.6666666666667,3530,nan,1.0,NO,,,
1180.0,3540,nan,0.0,NO,,,
1180.0,3540,nan,0.0,NO,,,
1180.0,3540,nan,0.0,NO,,,
1180.0,3540,nan,0.0,NO,,,
1180.0,3540,nan,0.0,NO,,,
1180.0,3540,nan,0.0,NO,,,
1180.0,3540,nan,0.0,NO,,,
1180.0,3540,nan,0.0,NO,,,
1180.0,3540,nan,0.0,NO,,,
1180.0,3540,nan,0.0,NO,,,
1183.3333333333333,3550,nan,0.0,NO,,,
1183.3333333333333,3550,nan,0.0,NO,,,
1183.3333333333333,3550,nan,0.0,NO,,,
1183.3333333333333,3550,nan,0.0,NO,,,
1183.3333333333333,3550,nan,0.0,NO,,,
1183.3333333333333,3550,nan,0.0,NO,,,
1183.3333333333333,3550,nan,0.0,NO,,,
1183.3333333333333,3550,nan,0.0,NO,,,
1183.3333333333333,3550,nan,0.0,NO,,,
1183.3333333333333,3550,nan,0.0,NO,,,
1186.6666666666667,3560,nan,1.0,NO,,,
1186.6666666666667,3560,nan,1.0,NO,,,
1186.6666666666667,3560,nan,1.0,NO,,,
1186.6666666666667,3560,nan,1.0,NO,,,
1186.6666666666667,3560,nan,1.0,NO,,,
1186.6666666666667,3560,nan,1.0,NO,,,
1186.6666666666667,3560,nan,1.0,NO,,,
1186.6666666666667,3560,nan,1.0,NO,,,
1186.6666666666667,3560,nan,1.0,NO,,,
1186.6666666666667,3560,nan,1.0,NO,,,
1190.0,3570,nan,0.0,NO,,,
1190.0,3570,nan,0.0,NO,,,
1190.0,3570,nan,0.0,NO,,,
1190.0,3570,nan,0.0,NO,,,
1190.0,3570,nan,0.0,NO,,,
1190.0,3570,nan,0.0,NO,,,
1190.0,3570,nan,0.0,NO,,,
1190.0,3570,nan,0.0,NO,,,
1190.0,3570,nan,0.0,NO,,,
1190.0,3570,nan,0.0,NO,,,
1193.3333333333333,3580,nan,0.0,NO,,,
1193.3333333333333,3580,nan,0.0,NO,,,
1193.3333333333333,3580,nan,0.0,NO,,,
1193.3333333333333,3580,nan,0.0,NO,,,
1193.3333333333333,3580,nan,0.0,NO,,,
1193.3333333333333,3580,nan,0.0,NO,,,
1193.3333333333333,3580,nan,0.0,NO,,,
1193.3333333333333,3580,nan,0.0,NO,,,
1193.3333333333333,3580,nan,0.0,NO,,,
1193.3333333333333,3580,nan,0.0,NO,,,
1196.6666666666667,3590,nan,1.0,NO,,,
1196.6666666666667,3590,nan,1.0,NO,,,
1196.6666666666667,3590,nan,1.0,NO,,,
1196.6666666666667,3590,nan,1.0,NO,,,
1196.6666666666667,3590,nan,1.0,NO,,,
1196.6666666666667,3590,nan,1.0,NO,,,
1196.6666666666667,3590,nan,1.0,NO,,,
1196.6666666666667,3590,nan,1.0,NO,,,
1196.6666666666667,3590,nan,1.0,NO,,,
1196.6666666666667,3590,nan,1.0,YES,nan,0.2,
1200.0,3600,nan,0.0,NO,,,
1200.0,3600,nan,0.0,NO,,,
1200.0,3600,nan,0.0,NO,,,
1200.0,3600,nan,0.0,NO,,,
1200.0,3600,nan,0.0,NO,,,
1200.0,3600,nan,0.0,NO,,,
1200.0,3600,nan,0.0,NO,,,
1200.0,3600,nan,0.0,NO,,,
1200.0,3600,nan,0.0,NO,,,
1200.0,3600,nan,0.0,NO,,,
1203.3333333333333,3610,nan,0.0,NO,,,
1203.3333333333333,3610,nan,0.0,NO,,,
1203.3333333333333,3610,nan,0.0,NO,,,
1203.3333333333333,3610,nan,0.0,NO,,,
1203.3333333333333,3610,nan,0.0,NO,,,
1203.3333333333333,3610,nan,0.0,NO,,,
1203.3333333333333,3610,nan,0.0,NO,,,
1203.3333333333333,3610,nan,0.0,NO,,,
1203.3333333333333,3610,nan,0.0,NO,,,
1203.3333333333333,3610,nan,0.0,NO,,,
1206.6666666666667,3620,nan,1.0,NO,,,
1206.6666666666667,3620,nan,1.0,NO,,,
1206.6666666666667,3620,nan,1.0,NO,,,
1206.6666666666667,3620,nan,1.0,NO,,,
1206.6666666666667,3620,nan,1.0,NO,,,
1206.6666666666667,3620,nan,1.0,NO,,,
1206.6666666666667,3620,nan,1.0,NO,,,
1206.6666666666667,3620,nan,1.0,NO,,,
1206.6666666666667,3620,nan,1.0,NO,,,
1206.6666666666667,3620,nan,1.0,NO,,,
1210.0,3630,nan,0.0,NO,,,
1210.0,3630,nan,0.0,NO,,,
1210.0,3630,nan,0.0,NO,,,
1210.0,3630,nan,0.0,NO,,,
1210.0,3630,nan,0.0,NO,,,
1210.0,3630,nan,0.0,NO,,,
1210.0,3630,nan,0.0,NO,,,
1210.0,3630,nan,0.0,NO,,,
1210.0,3630,nan,0.0,NO,,,
1210.0,3630,nan,0.0,NO,,,
1213.3333333333333,3640,nan,0.0,NO,,,
1213.3333333333333,3640,nan,0.0,NO,,,
1213.3333333333333,3640,nan,0.0,NO,,,
1213.3333333333333,3640,nan,0.0,NO,,,
1213.3333333333333,3640,nan,0.0,NO,,,
1213.3333333333333,3640,nan,0.0,NO,,,
1213.3333333333333,3640,nan,0.0,NO,,,
1213.3333333333333,3640,nan,0.0,NO,,,
1213.3333333333333,3640,nan,0.0,NO,,,
1213.3333333333333,3640,nan,0.0,NO,,,
1216.6666666666667,3650,nan,1.0,NO,,,
1216.6666666666667,3650,nan,1.0,NO,,,
1216.6666666666667,3650,nan,1.0,NO,,,
1216.6666666666667,3650,nan,1.0,NO,,,
1216.6666666666667,3650,nan,1.0,NO,,,
1216.6666666666667,3650,nan,1.0,NO,,,
1216.6666666666667,3650,nan,1.0,NO,,,
1216.6666666666667,3650,nan,1.0,NO,,,
1216.6666666666667,3650,nan,1.0,NO,,,
1216.6666666666667,3650,nan,1.0,NO,,,
1220.0,3660,nan,0.0,NO,,,
1220.0,3660,nan,0.0,NO,,,
1220.0,3660,nan,0.0,NO,,,
1220.0,3660,nan,0.0,NO,,,
1220.0,3660,nan,0.0,NO,,,
1220.0,3660,nan,0.0,NO,,,
1220.0,3660,nan,0.0,NO,,,
1220.0,3660,nan,0.0,NO,,,
1220.0,3660,nan,0.0,NO,,,
1220.0,3660,nan,0.0,NO,,,
1223.3333333333333,3670,nan,0.0,NO,,,
1223.3333333333333,3670,nan,0.0,NO,,,
1223.3333333333333,3670,nan,0.0,NO,,,
1223.3333333333333,3670,nan,0.0,NO,,,
1223.3333333333333,3670,nan,0.0,NO,,,
1223.3333333333333,3670,nan,0.0,NO,,,
1223.3333333333333,3670,nan,0.0,NO,,,
1223.3333333333333,3670,nan,0.0,NO,,,
1223.3333333333333,3670,nan,0.0,NO,,,
1223.3333333333333,3670,nan,0.0,NO,,,
1226.6666666666667,3680,nan,1.0,NO,,,
1226.6666666666667,3680,nan,1.0,NO,,,
1226.6666666666667,3680,nan,1.0,NO,,,
1226.6666666666667,3680,nan,1.0,NO,,,
1226.6666666666667,3680,nan,1.0,NO,,,
1226.6666666666667,3680,nan,1.0,NO,,,
1226.6666666666667,3680,nan,1.0,NO,,,
1226.6666666666667,3680,nan,1.0,NO,,,
1226.6666666666667,3680,nan,1.0,NO,,,
1226.6666666666667,3680,nan,1.0,NO,,,
1230.0,3690,nan,0.0,NO,,,
1230.0,3690,nan,0.0,NO,,,
1230.0,3690,nan,0.0,NO,,,
1230.0,3690,nan,0.0,NO,,,
1230.0,3690,nan,0.0,NO,,,
1230.0,3690,nan,0.0,NO,,,
1230.0,3690,nan,0.0,NO,,,
1230.0,3690,nan,0.0,NO,,,
1230.0,3690,nan,0.0,NO,,,
1230.0,3690,nan,0.0,NO,,,
1233.3333333333333,3700,nan,0.0,NO,,,
1233.3333333333333,3700,nan,0.0,NO,,,
1233.3333333333333,3700,nan,0.0,NO,,,
1233.3333333333333,3700,nan,0.0,NO,,,
1233.3333333333333,3700,nan,0.0,NO,,,
1233.3333333333333,3700,nan,0.0,NO,,,
1233.3333333333333,3700,nan,0.0,NO,,,
1233.3333333333333,3700,nan,0.0,NO,,,
1233.3333333333333,3700,nan,0.0,NO,,,
1233.3333333333333,3700,nan,0.0,NO,,,
1236.6666666666667,3710,nan,1.0,NO,,,
1236.6666666666667,3710,nan,1.0,NO,,,
1236.6666666666667,3710,nan,1.0,NO,,,
1236.6666666666667,3710,nan,1.0,NO,,,
1236.6666666666667,3710,nan,1.0,NO,,,
1236.6666666666667,3710,nan,1.0,NO,,,
1236.6666666666667,3710,nan,1.0,NO,,,
1236.6666666666667,3710,nan,1.0,NO,,,
1236.6666666666667,3710,nan,1.0,NO,,,
1236.6666666666667,3710,nan,1.0,NO,,,
1240.0,3720,nan,0.0,NO,,,
1240.0,3720,nan,0.0,NO,,,
1240.0,3720,nan,0.0,NO,,,
1240.0,3720,nan,0.0,NO,,,
1240.0,3720,nan,0.0,NO,,,
1240.0,3720,nan,0.0,NO,,,
1240.0,3720,nan,0.0,NO,,,
1240.0,3720,nan,0.0,NO,,,
1240.0,3720,nan,0.0,NO,,,
1240.0,3720,nan,0.0,NO,,,
1243.3333333333333,3730,nan,0.0,NO,,,
1243.3333333333333,3730,nan,0.0,NO,,,
1243.3333333333333,3730,nan,0.0,NO,,,
1243.3333333333333,3730,nan,0.0,NO,,,
1243.3333333333333,3730,nan,0.0,NO,,,
1243.3333333333333,3730,nan,0.0,NO,,,
1243.3333333333333,3730,nan,0.0,NO,,,
1243.3333333333333,3730,nan,0.0,NO,,,
1243.3333333333333,3730,nan,0.0,NO,,,
1243.3333333333333,3730,nan,0.0,NO,,,
1246.6666666666667,3740,nan,1.0,NO,,,
1246.6666666666667,3740,nan,1.0,NO,,,
1246.6666666666667,3740,nan,1.0,NO,,,
1246.6666666666667,3740,nan,1.0,NO,,,
1246.6666666666667,3740,nan,1.0,NO,,,
1246.6666666666667,3740,nan,1.0,NO,,,
1246.6666666666667,3740,nan,1.0,NO,,,
1246.6666666666667,3740,nan,1.0,NO,,,
1246.6666666666667,3740,nan,1.0,NO,,,
1246.6666666666667,3740,nan,1.0,NO,,,
1250.0,3750,nan,0.0,NO,,,
1250.0,3750,nan,0.0,NO,,,
1250.0,3750,nan,0.0,NO,,,
1250.0,3750,nan,0.0,NO,,,
1250.0,3750,nan,0.0,NO,,,
1250.0,3750,nan,0.0,NO,,,
1250.0,3750,nan,0.0,NO,,,
1250.0,3750,nan,0.0,NO,,,
1250.0,3750,nan,0.0,NO,,,
1250.0,3750,nan,0.0,NO,,,
1253.3333333333333,3760,nan,0.0,NO,,,
1253.3333333333333,3760,nan,0.0,NO,,,
1253.3333333333333,3760,nan,0.0,NO,,,
1253.3333333333333,3760,nan,0.0,NO,,,
1253.3333333333333,3760,nan,0.0,NO,,,
1253.3333333333333,3760,nan,0.0,NO,,,
1253.3333333333333,3760,nan,0.0,NO,,,
1253.3333333333333,3760,nan,0.0,NO,,,
1253.3333333333333,3760,nan,0.0,NO,,,
1253.3333333333333,3760,nan,0.0,NO,,,
1256.6666666666667,3770,nan,1.0,NO,,,
1256.6666666666667,3770,nan,1.0,NO,,,
1256.6666666666667,3770,nan,1.0,NO,,,
1256.6666666666667,3770,nan,1.0,NO,,,
1256.6666666666667,3770,nan,1.0,NO,,,
1256.6666666666667,3770,nan,1.0,NO,,,
1256.6666666666667,3770,nan,1.0,NO,,,
1256.6666666666667,3770,nan,1.0,NO,,,
1256.6666666666667,3770,nan,1.0,NO,,,
1256.6666666666667,3770,nan,1.0,NO,,,
1260.0,3780,nan,0.0,NO,,,
1260.0,3780,nan,0.0,NO,,,
1260.0,3780,nan,0.0,NO,,,
1260.0,3780,nan,0.0,NO,,,
1260.0,3780,nan,0.0,NO,,,
1260.0,3780,nan,0.0,NO,,,
1260.0,3780,nan,0.0,NO,,,
1260.0,3780,nan,0.0,NO,,,
1260.0,3780,nan,0.0,NO,,,
1260.0,3780,nan,0.0,NO,,,
1263.3333333333333,3790,nan,0.0,NO,,,
1263.3333333333333,3790,nan,0.0,NO,,,
1263.3333333333333,3790,nan,0.0,NO,,,
1263.3333333333333,3790,nan,0.0,NO,,,
1263.3333333333333,3790,nan,0.0,NO,,,
1263.3333333333333,3790,nan,0.0,NO,,,
1263.3333333333333,3790,nan,0.0,NO,,,
1263.3333333333333,3790,nan,0.0,NO,,,
1263.3333333333333,3790,nan,0.0,NO,,,
1263.3333333333333,3790,nan,0.0,YES,nan,0.2,
1266.6666666666667,3800,nan,1.0,NO,,,
1266.6666666666667,3800,nan,1.0,NO,,,
1266.6666666666667,3800,nan,1.0,NO,,,
1266.6666666666667,3800,nan,1.0,NO,,,
1266.6666666666667,3800,nan,1.0,NO,,,
1266.6666666666667,3800,nan,1.0,NO,,,
1266.6666666666667,3800,nan,1.0,NO,,,
1266.6666666666667,3800,nan,1.0,NO,,,
1266.6666666666667,3800,nan,1.0,NO,,,
1266.6666666666667,3800,nan,1.0,NO,,,
1270.0,3810,nan,0.0,NO,,,
1270.0,3810,nan,0.0,NO,,,
1270.0,3810,nan,0.0,NO,,,
1270.0,3810,nan,0.0,NO,,,
1270.0,3810,nan,0.0,NO,,,
1270.0,3810,nan,0.0,NO,,,
1270.0,3810,nan,0.0,NO,,,
1270.0,3810,nan,0.0,NO,,,
1270.0,3810,nan,0.0,NO,,,
1270.0,3810,nan,0.0,NO,,,
1273.3333333333333,3820,nan,0.0,NO,,,
1273.3333333333333,3820,nan,0.0,NO,,,
1273.3333333333333,3820,nan,0.0,NO,,,
1273.3333333333333,3820,nan,0.0,NO,,,
1273.3333333333333,3820,nan,0.0,NO,,,
1273.3333333333333,3820,nan,0.0,NO,,,
1273.3333333333333,3820,nan,0.0,NO,,,
1273.3333333333333,3820,nan,0.0,NO,,,
1273.3333333333333,3820,nan,0.0,NO,,,
1273.3333333333333,3820,nan,0.0,NO,,,
1276.6666666666667,3830,nan,1.0,NO,,,
1276.6666666666667,3830,nan,1.0,NO,,,
1276.6666666666667,3830,nan,1.0,NO,,,
1276.6666666666667,3830,nan,1.0,NO,,,
1276.6666666666667,3830,nan,1.0,NO,,,
1276.6666666666667,3830,nan,1.0,NO,,,
1276.6666666666667,3830,nan,1.0,NO,,,
1276.6666666666667,3830,nan,1.0,NO,,,
1276.6666666666667,3830,nan,1.0,NO,,,
1276.6666666666667,3830,nan,1.0,NO,,,
1280.0,3840,nan,0.0,NO,,,
1280.0,3840,nan,0.0,NO,,,
1280.0,3840,nan,0.0,NO,,,
1280.0,3840,nan,0.0,NO,,,
1280.0,3840,nan,0.0,NO,,,
1280.0,3840,nan,0.0,NO,,,
1280.0,3840,nan,0.0,NO,,,
1280.0,3840,nan,0.0,NO,,,
1280.0,3840,nan,0.0,NO,,,
1280.0,3840,nan,0.0,NO,,,
1283.3333333333333,3850,nan,0.0,NO,,,
1283.3333333333333,3850,nan,0.0,NO,,,
1283.3333333333333,3850,nan,0.0,NO,,,
1283.3333333333333,3850,nan,0.0,NO,,,
1283.3333333333333,3850,nan,0.0,NO,,,
1283.3333333333333,3850,nan,0.0,NO,,,
1283.3333333333333,3850,nan,0.0,NO,,,
1283.3333333333333,3850,nan,0.0,NO,,,
1283.3333333333333,3850,nan,0.0,NO,,,
1283.3333333333333,3850,nan,0.0,NO,,,
1286.6666666666667,3860,nan,1.0,NO,,,
1286.6666666666667,3860,nan,1.0,NO,,,
1286.6666666666667,3860,nan,1.0,NO,,,
1286.6666666666667,3860,nan,1.0,NO,,,
1286.6666666666667,3860,nan,1.0,NO,,,
1286.6666666666667,3860,nan,1.0,NO,,,
1286.6666666666667,3860,nan,1.0,NO,,,
1286.6666666666667,3860,nan,1.0,NO,,,
1286.6666666666667,3860,nan,1.0,NO,,,
1286.6666666666667,3860,nan,1.0,NO,,,
1290.0,3870,nan,0.0,NO,,,
1290.0,3870,nan,0.0,NO,,,
1290.0,3870,nan,0.0,NO,,,
1290.0,3870,nan,0.0,NO,,,
1290.0,3870,nan,0.0,NO,,,
1290.0,3870,nan,0.0,NO,,,
1290.0,3870,nan,0.0,NO,,,
1290.0,3870,nan,0.0,NO,,,
1290.0,3870,nan,0.0,NO,,,
1290.0,3870,nan,0.0,NO,,,
1293.3333333333333,3880,nan,0.0,NO,,,
1293.3333333333333,3880,nan,0.0,NO,,,
1293.3333333333333,3880,nan,0.0,NO,,,
1293.3333333333333,3880,nan,0.0,NO,,,
1293.3333333333333,3880,nan,0.0,NO,,,
1293.3333333333333,3880,nan,0.0,NO,,,
1293.3333333333333,3880,nan,0.0,NO,,,
1293.3333333333333,3880,nan,0.0,NO,,,
1293.3333333333333,3880,nan,0.0,NO,,,
1293.3333333333333,3880,nan,0.0,NO,,,
1296.6666666666667,3890,nan,1.0,NO,,,
1296.6666666666667,3890,nan,1.0,NO,,,
1296.6666666666667,3890,nan,1.0,NO,,,
1296.6666666666667,3890,nan,1.0,NO,,,
1296.6666666666667,3890,nan,1.0,NO,,,
1296.6666666666667,3890,nan,1.0,NO,,,
1296.6666666666667,3890,nan,1.0,NO,,,
1296.6666666666667,3890,nan,1.0,NO,,,
1296.6666666666667,3890,nan,1.0,NO,,,
1296.6666666666667,3890,nan,1.0,NO,,,
1300.0,3900,nan,0.0,NO,,,
1300.0,3900,nan,0.0,NO,,,
1300.0,3900,nan,0.0,NO,,,
1300.0,3900,nan,0.0,NO,,,
1300.0,3900,nan,0.0,NO,,,
1300.0,3900,nan,0.0,NO,,,
1300.0,3900,nan,0.0,NO,,,
1300.0,3900,nan,0.0,NO,,,
1300.0,3900,nan,0.0,NO,,,
1300.0,3900,nan,0.0,NO,,,
1303.3333333333333,3910,nan,0.0,NO,,,
1303.3333333333333,3910,nan,0.0,NO,,,
1303.3333333333333,3910,nan,0.0,NO,,,
1303.3333333333333,3910,nan,0.0,NO,,,
1303.3333333333333,3910,nan,0.0,NO,,,
1303.3333333333333,3910,nan,0.0,NO,,,
1303.3333333333333,3910,nan,0.0,NO,,,
1303.3333333333333,3910,nan,0.0,NO,,,
1303.3333333333333,3910,nan,0.0,NO,,,
1303.3333333333333,3910,nan,0.0,NO,,,
1306.6666666666667,3920,nan,1.0,NO,,,
1306.6666666666667,3920,nan,1.0,NO,,,
1306.6666666666667,3920,nan,1.0,NO,,,
1306.6666666666667,3920,nan,1.0,NO,,,
1306.6666666666667,3920,nan,1.0,NO,,,
1306.6666666666667,3920,nan,1.0,NO,,,
1306.6666666666667,3920,nan,1.0,NO,,,
1306.6666666666667,3920,nan,1.0,NO,,,
1306.6666666666667,3920,nan,1.0,NO,,,
1306.6666666666667,3920,nan,1.0,NO,,,
1310.0,3930,nan,0.0,NO,,,
1310.0,3930,nan,0.0,NO,,,
1310.0,3930,nan,0.0,NO,,,
1310.0,3930,nan,0.0,NO,,,
1310.0,3930,nan,0.0,NO,,,
1310.0,3930,nan,0.0,NO,,,
1310.0,3930,nan,0.0,NO,,,
1310.0,3930,nan,0.0,NO,,,
1310.0,3930,nan,0.0,NO,,,
1310.0,3930,nan,0.0,NO,,,
1313.3333333333333,3940,nan,0.0,NO,,,
1313.3333333333333,3940,nan,0.0,NO,,,
1313.3333333333333,3940,nan,0.0,NO,,,
1313.3333333333333,3940,nan,0.0,NO,,,
1313.3333333333333,3940,nan,0.0,NO,,,
1313.3333333333333,3940,nan,0.0,NO,,,
1313.3333333333333,3940,nan,0.0,NO,,,
1313.3333333333333,3940,nan,0.0,NO,,,
1313.3333333333333,3940,nan,0.0,NO,,,
1313.3333333333333,3940,nan,0.0,NO,,,
1316.6666666666667,3950,nan,1.0,NO,,,
1316.6666666666667,3950,nan,1.0,NO,,,
1316.6666666666667,3950,nan,1.0,NO,,,
1316.6666666666667,3950,nan,1.0,NO,,,
1316.6666666666667,3950,nan,1.0,NO,,,
1316.6666666666667,3950,nan,1.0,NO,,,
1316.6666666666667,3950,nan,1.0,NO,,,
1316.6666666666667,3950,nan,1.0,NO,,,
1316.6666666666667,3950,nan,1.0,NO,,,
1316.6666666666667,3950,nan,1.0,NO,,,
1320.0,3960,nan,0.0,NO,,,
1320.0,3960,nan,0.0,NO,,,
1320.0,3960,nan,0.0,NO,,,
1320.0,3960,nan,0.0,NO,,,
1320.0,3960,nan,0.0,NO,,,
1320.0,3960,nan,0.0,NO,,,
1320.0,3960,nan,0.0,NO,,,
1320.0,3960,nan,0.0,NO,,,
1320.0,3960,nan,0.0,NO,,,
1320.0,3960,nan,0.0,NO,,,
1323.3333333333333,3970,nan,0.0,NO,,,
1323.3333333333333,3970,nan,0.0,NO,,,
1323.3333333333333,3970,nan,0.0,NO,,,
1323.3333333333333,3970,nan,0.0,NO,,,
1323.3333333333333,3970,nan,0.0,NO,,,
1323.3333333333333,3970,nan,0.0,NO,,,
1323.3333333333333,3970,nan,0.0,NO,,,
1323.3333333333333,3970,nan,0.0,NO,,,
1323.3333333333333,3970,nan,0.0,NO,,,
1323.3333333333333,3970,nan,0.0,NO,,,
1326.6666666666667,3980,nan,1.0,NO,,,
1326.6666666666667,3980,nan,1.0,NO,,,
1326.6666666666667,3980,nan,1.0,NO,,,
1326.6666666666667,3980,nan,1.0,NO,,,
1326.6666666666667,3980,nan,1.0,NO,,,
1326.6666666666667,3980,nan,1.0,NO,,,
1326.6666666666667,3980,nan,1.0,NO,,,
1326.6666666666667,3980,nan,1.0,NO,,,
1326.6666666666667,3980,nan,1.0,NO,,,
1326.6666666666667,3980,nan,1.0,NO,,,
1330.0,3990,nan,0.0,NO,,,
1330.0,3990,nan,0.0,NO,,,
1330.0,3990,nan,0.0,NO,,,
1330.0,3990,nan,0.0,NO,,,
1330.0,3990,nan,0.0,NO,,,
1330.0,3990,nan,0.0,NO,,,
1330.0,3990,nan,0.0,NO,,,
1330.0,3990,nan,0.0,NO,,,
1330.0,3990,nan,0.0,NO,,,
1330.0,3990,nan,0.0,YES,nan,0.2,
1333.3333333333333,4000,nan,0.0,NO,,,
1333.3333333333333,4000,nan,0.0,NO,,,
1333.3333333333333,4000,nan,0.0,NO,,,
1333.3333333333333,4000,nan,0.0,NO,,,
1333.3333333333333,4000,nan,0.0,NO,,,
1333.3333333333333,4000,nan,0.0,NO,,,
1333.3333333333333,4000,nan,0.0,NO,,,
1333.3333333333333,4000,nan,0.0,NO,,,
1333.3333333333333,4000,nan,0.0,NO,,,
1333.3333333333333,4000,nan,0.0,NO,,,
1336.6666666666667,4010,nan,1.0,NO,,,
1336.6666666666667,4010,nan,1.0,NO,,,
1336.6666666666667,4010,nan,1.0,NO,,,
1336.6666666666667,4010,nan,1.0,NO,,,
1336.6666666666667,4010,nan,1.0,NO,,,
1336.6666666666667,4010,nan,1.0,NO,,,
1336.6666666666667,4010,nan,1.0,NO,,,
1336.6666666666667,4010,nan,1.0,NO,,,
1336.6666666666667,4010,nan,1.0,NO,,,
1336.6666666666667,4010,nan,1.0,NO,,,
1340.0,4020,nan,0.0,NO,,,
1340.0,4020,nan,0.0,NO,,,
1340.0,4020,nan,0.0,NO,,,
1340.0,4020,nan,0.0,NO,,,
1340.0,4020,nan,0.0,NO,,,
1340.0,4020,nan,0.0,NO,,,
1340.0,4020,nan,0.0,NO,,,
1340.0,4020,nan,0.0,NO,,,
1340.0,4020,nan,0.0,NO,,,
1340.0,4020,nan,0.0,NO,,,
1343.3333333333333,4030,nan,0.0,NO,,,
1343.3333333333333,4030,nan,0.0,NO,,,
1343.3333333333333,4030,nan,0.0,NO,,,
1343.3333333333333,4030,nan,0.0,NO,,,
1343.3333333333333,4030,nan,0.0,NO,,,
1343.3333333333333,4030,nan,0.0,NO,,,
1343.3333333333333,4030,nan,0.0,NO,,,
1343.3333333333333,4030,nan,0.0,NO,,,
1343.3333333333333,4030,nan,0.0,NO,,,
1343.3333333333333,4030,nan,0.0,NO,,,
1346.6666666666667,4040,nan,1.0,NO,,,
1346.6666666666667,4040,nan,1.0,NO,,,
1346.6666666666667,4040,nan,1.0,NO,,,
1346.6666666666667,4040,nan,1.0,NO,,,
1346.6666666666667,4040,nan,1.0,NO,,,
1346.6666666666667,4040,nan,1.0,NO,,,
1346.6666666666667,4040,nan,1.0,NO,,,
1346.6666666666667,4040,nan,1.0,NO,,,
1346.6666666666667,4040,nan,1.0,NO,,,
1346.6666666666667,4040,nan,1.0,NO,,,
1350.0,4050,nan,0.0,NO,,,
1350.0,4050,nan,0.0,NO,,,
1350.0,4050,nan,0.0,NO,,,
1350.0,4050,nan,0.0,NO,,,
1350.0,4050,nan,0.0,NO,,,
1350.0,4050,nan,0.0,NO,,,
1350.0,4050,nan,0.0,NO,,,
1350.0,4050,nan,0.0,NO,,,
1350.0,4050,nan,0.0,NO,,,
1350.0,4050,nan,0.0,NO,,,
1353.3333333333333,4060,nan,0.0,NO,,,
1353.3333333333333,4060,nan,0.0,NO,,,
1353.3333333333333,4060,nan,0.0,NO,,,
1353.3333333333333,4060,nan,0.0,NO,,,
1353.3333333333333,4060,nan,0.0,NO,,,
1353.3333333333333,4060,nan,0.0,NO,,,
1353.3333333333333,4060,nan,0.0,NO,,,
1353.3333333333333,4060,nan,0.0,NO,,,
1353.3333333333333,4060,nan,0.0,NO,,,
1353.3333333333333,4060,nan,0.0,NO,,,
1356.6666666666667,4070,nan,1.0,NO,,,
1356.6666666666667,4070,nan,1.0,NO,,,
1356.6666666666667,4070,nan,1.0,NO,,,
1356.6666666666667,4070,nan,1.0,NO,,,
1356.6666666666667,4070,nan,1.0,NO,,,
1356.6666666666667,4070,nan,1.0,NO,,,
1356.6666666666667,4070,nan,1.0,NO,,,
1356.6666666666667,4070,nan,1.0,NO,,,
1356.6666666666667,4070,nan,1.0,NO,,,
1356.6666666666667,4070,nan,1.0,NO,,,
1360.0,4080,nan,0.0,NO,,,
1360.0,4080,nan,0.0,NO,,,
1360.0,4080,nan,0.0,NO,,,
1360.0,4080,nan,0.0,NO,,,
1360.0,4080,nan,0.0,NO,,,
1360.0,4080,nan,0.0,NO,,,
1360.0,4080,nan,0.0,NO,,,
1360.0,4080,nan,0.0,NO,,,
1360.0,4080,nan,0.0,NO,,,
1360.0,4080,nan,0.0,NO,,,
1363.3333333333333,4090,nan,0.0,NO,,,
1363.3333333333333,4090,nan,0.0,NO,,,
1363.3333333333333,4090,nan,0.0,NO,,,
1363.3333333333333,4090,nan,0.0,NO,,,
1363.3333333333333,4090,nan,0.0,NO,,,
1363.3333333333333,4090,nan,0.0,NO,,,
1363.3333333333333,4090,nan,0.0,NO,,,
1363.3333333333333,4090,nan,0.0,NO,,,
1363.3333333333333,4090,nan,0.0,NO,,,
1363.3333333333333,4090,nan,0.0,NO,,,
1366.6666666666667,4100,nan,1.0,NO,,,
1366.6666666666667,4100,nan,1.0,NO,,,
1366.6666666666667,4100,nan,1.0,NO,,,
1366.6666666666667,4100,nan,1.0,NO,,,
1366.6666666666667,4100,nan,1.0,NO,,,
1366.6666666666667,4100,nan,1.0,NO,,,
1366.6666666666667,4100,nan,1.0,NO,,,
1366.6666666666667,4100,nan,1.0,NO,,,
1366.6666666666667,4100,nan,1.0,NO,,,
1366.6666666666667,4100,nan,1.0,NO,,,
1370.0,4110,nan,0.0,NO,,,
1370.0,4110,nan,0.0,NO,,,
1370.0,4110,nan,0.0,NO,,,
1370.0,4110,nan,0.0,NO,,,
1370.0,4110,nan,0.0,NO,,,
1370.0,4110,nan,0.0,NO,,,
1370.0,4110,nan,0.0,NO,,,
1370.0,4110,nan,0.0,NO,,,
1370.0,4110,nan,0.0,NO,,,
1370.0,4110,nan,0.0,NO,,,
1373.3333333333333,4120,nan,0.0,NO,,,
1373.3333333333333,4120,nan,0.0,NO,,,
1373.3333333333333,4120,nan,0.0,NO,,,
1373.3333333333333,4120,nan,0.0,NO,,,
1373.3333333333333,4120,nan,0.0,NO,,,
1373.3333333333333,4120,nan,0.0,NO,,,
1373.3333333333333,4120,nan,0.0,NO,,,
1373.3333333333333,4120,nan,0.0,NO,,,
1373.3333333333333,4120,nan,0.0,NO,,,
1373.3333333333333,4120,nan,0.0,NO,,,
1376.6666666666667,4130,nan,1.0,NO,,,
1376.6666666666667,4130,nan,1.0,NO,,,
1376.6666666666667,4130,nan,1.0,NO,,,
1376.6666666666667,4130,nan,1.0,NO,,,
1376.6666666666667,4130,nan,1.0,NO,,,
1376.6666666666667,4130,nan,1.0,NO,,,
1376.6666666666667,4130,nan,1.0,NO,,,
1376.6666666666667,4130,nan,1.0,NO,,,
1376.6666666666667,4130,nan,1.0,NO,,,
1376.6666666666667,4130,nan,1.0,NO,,,
1380.0,4140,nan,0.0,NO,,,
1380.0,4140,nan,0.0,NO,,,
1380.0,4140,nan,0.0,NO,,,
1380.0,4140,nan,0.0,NO,,,
1380.0,4140,nan,0.0,NO,,,
1380.0,4140,nan,0.0,NO,,,
1380.0,4140,nan,0.0,NO,,,
1380.0,4140,nan,0.0,NO,,,
1380.0,4140,nan,0.0,NO,,,
1380.0,4140,nan,0.0,NO,,,
1383.3333333333333,4150,nan,0.0,NO,,,
1383.3333333333333,4150,nan,0.0,NO,,,
1383.3333333333333,4150,nan,0.0,NO,,,
1383.3333333333333,4150,nan,0.0,NO,,,
1383.3333333333333,4150,nan,0.0,NO,,,
1383.3333333333333,4150,nan,0.0,NO,,,
1383.3333333333333,4150,nan,0.0,NO,,,
1383.3333333333333,4150,nan,0.0,NO,,,
1383.3333333333333,4150,nan,0.0,NO,,,
1383.3333333333333,4150,nan,0.0,NO,,,
1386.6666666666667,4160,nan,1.0,NO,,,
1386.6666666666667,4160,nan,1.0,NO,,,
1386.6666666666667,4160,nan,1.0,NO,,,
1386.6666666666667,4160,nan,1.0,NO,,,
1386.6666666666667,4160,nan,1.0,NO,,,
1386.6666666666667,4160,nan,1.0,NO,,,
1386.6666666666667,4160,nan,1.0,NO,,,
1386.6666666666667,4160,nan,1.0,NO,,,
1386.6666666666667,4160,nan,1.0,NO,,,
1386.6666666666667,4160,nan,1.0,NO,,,
1390.0,4170,nan,0.0,NO,,,
1390.0,4170,nan,0.0,NO,,,
1390.0,4170,nan,0.0,NO,,,
1390.0,4170,nan,0.0,NO,,,
1390.0,4170,nan,0.0,NO,,,
1390.0,4170,nan,0.0,NO,,,
1390.0,4170,nan,0.0,NO,,,
1390.0,4170,nan,0.0,NO,,,
1390.0,4170,nan,0.0,NO,,,
1390.0,4170,nan,0.0,NO,,,
1393.3333333333333,4180,nan,0.0,NO,,,
1393.3333333333333,4180,nan,0.0,NO,,,
1393.3333333333333,4180,nan,0.0,NO,,,
1393.3333333333333,4180,nan,0.0,NO,,,
1393.3333333333333,4180,nan,0.0,NO,,,
1393.3333333333333,4180,nan,0.0,NO,,,
1393.3333333333333,4180,nan,0.0,NO,,,
1393.3333333333333,4180,nan,0.0,NO,,,
1393.3333333333333,4180,nan,0.0,NO,,,
1393.3333333333333,4180,nan,0.0,NO,,,
1396.6666666666667,4190,nan,1.0,NO,,,
1396.6666666666667,4190,nan,1.0,NO,,,
1396.6666666666667,4190,nan,1.0,NO,,,
1396.6666666666667,4190,nan,1.0,NO,,,
1396.6666666666667,4190,nan,1.0,NO,,,
1396.6666666666667,4190,nan,1.0,NO,,,
1396.6666666666667,4190,nan,1.0,NO,,,
1396.6666666666667,4190,nan,1.0,NO,,,
1396.6666666666667,4190,nan,1.0,NO,,,
1396.6666666666667,4190,nan,1.0,YES,nan,0.2,
1400.0,4200,nan,0.0,NO,,,
1400.0,4200,nan,0.0,NO,,,
1400.0,4200,nan,0.0,NO,,,
1400.0,4200,nan,0.0,NO,,,
1400.0,4200,nan,0.0,NO,,,
1400.0,4200,nan,0.0,NO,,,
1400.0,4200,nan,0.0,NO,,,
1400.0,4200,nan,0.0,NO,,,
1400.0,4200,nan,0.0,NO,,,
1400.0,4200,nan,0.0,NO,,,
1403.3333333333333,4210,nan,0.0,NO,,,
1403.3333333333333,4210,nan,0.0,NO,,,
1403.3333333333333,4210,nan,0.0,NO,,,
1403.3333333333333,4210,nan,0.0,NO,,,
1403.3333333333333,4210,nan,0.0,NO,,,
1403.3333333333333,4210,nan,0.0,NO,,,
1403.3333333333333,4210,nan,0.0,NO,,,
1403.3333333333333,4210,nan,0.0,NO,,,
1403.3333333333333,4210,nan,0.0,NO,,,
1403.3333333333333,4210,nan,0.0,NO,,,
1406.6666666666667,4220,nan,1.0,NO,,,
1406.6666666666667,4220,nan,1.0,NO,,,
1406.6666666666667,4220,nan,1.0,NO,,,
1406.6666666666667,4220,nan,1.0,NO,,,
1406.6666666666667,4220,nan,1.0,NO,,,
1406.6666666666667,4220,nan,1.0,NO,,,
1406.6666666666667,4220,nan,1.0,NO,,,
1406.6666666666667,4220,nan,1.0,NO,,,
1406.6666666666667,4220,nan,1.0,NO,,,
1406.6666666666667,4220,nan,1.0,NO,,,
1410.0,4230,nan,0.0,NO,,,
1410.0,4230,nan,0.0,NO,,,
1410.0,4230,nan,0.0,NO,,,
1410.0,4230,nan,0.0,NO,,,
1410.0,4230,nan,0.0,NO,,,
1410.0,4230,nan,0.0,NO,,,
1410.0,4230,nan,0.0,NO,,,
1410.0,4230,nan,0.0,NO,,,
1410.0,4230,nan,0.0,NO,,,
1410.0,4230,nan,0.0,NO,,,
1413.3333333333333,4240,nan,0.0,NO,,,
1413.3333333333333,4240,nan,0.0,NO,,,
1413.3333333333333,4240,nan,0.0,NO,,,
1413.3333333333333,4240,nan,0.0,NO,,,
1413.3333333333333,4240,nan,0.0,NO,,,
1413.3333333333333,4240,nan,0.0,NO,,,
1413.3333333333333,4240,nan,0.0,NO,,,
1413.3333333333333,4240,nan,0.0,NO,,,
1413.3333333333333,4240,nan,0.0,NO,,,
1413.3333333333333,4240,nan,0.0,NO,,,
1416.6666666666667,4250,nan,1.0,NO,,,
1416.6666666666667,4250,nan,1.0,NO,,,
1416.6666666666667,4250,nan,1.0,NO,,,
1416.6666666666667,4250,nan,1.0,NO,,,
1416.6666666666667,4250,nan,1.0,NO,,,
1416.6666666666667,4250,nan,1.0,NO,,,
1416.6666666666667,4250,nan,1.0,NO,,,
1416.6666666666667,4250,nan,1.0,NO,,,
1416.6666666666667,4250,nan,1.0,NO,,,
1416.6666666666667,4250,nan,1.0,NO,,,
1420.0,4260,nan,0.0,NO,,,
1420.0,4260,nan,0.0,NO,,,
1420.0,4260,nan,0.0,NO,,,
1420.0,4260,nan,0.0,NO,,,
1420.0,4260,nan,0.0,NO,,,
1420.0,4260,nan,0.0,NO,,,
1420.0,4260,nan,0.0,NO,,,
1420.0,4260,nan,0.0,NO,,,
1420.0,4260,nan,0.0,NO,,,
1420.0,4260,nan,0.0,NO,,,
1423.3333333333333,4270,nan,0.0,NO,,,
1423.3333333333333,4270,nan,0.0,NO,,,
1423.3333333333333,4270,nan,0.0,NO,,,
1423.3333333333333,4270,nan,0.0,NO,,,
1423.3333333333333,4270,nan,0.0,NO,,,
1423.3333333333333,4270,nan,0.0,NO,,,
1423.3333333333333,4270,nan,0.0,NO,,,
1423.3333333333333,4270,nan,0.0,NO,,,
1423.3333333333333,4270,nan,0.0,NO,,,
1423.3333333333333,4270,nan,0.0,NO,,,
1426.6666666666667,4280,nan,1.0,NO,,,
1426.6666666666667,4280,nan,1.0,NO,,,
1426.6666666666667,4280,nan,1.0,NO,,,
1426.6666666666667,4280,nan,1.0,NO,,,
1426.6666666666667,4280,nan,1.0,NO,,,
1426.6666666666667,4280,nan,1.0,NO,,,
1426.6666666666667,4280,nan,1.0,NO,,,
1426.6666666666667,4280,nan,1.0,NO,,,
1426.6666666666667,4280,nan,1.0,NO,,,
1426.6666666666667,4280,nan,1.0,NO,,,
1430.0,4290,nan,0.0,NO,,,
1430.0,4290,nan,0.0,NO,,,
1430.0,4290,nan,0.0,NO,,,
1430.0,4290,nan,0.0,NO,,,
1430.0,4290,nan,0.0,NO,,,
1430.0,4290,nan,0.0,NO,,,
1430.0,4290,nan,0.0,NO,,,
1430.0,4290,nan,0.0,NO,,,
1430.0,4290,nan,0.0,NO,,,
1430.0,4290,nan,0.0,NO,,,
1433.3333333333333,4300,nan,0.0,NO,,,
1433.3333333333333,4300,nan,0.0,NO,,,
1433.3333333333333,4300,nan,0.0,NO,,,
1433.3333333333333,4300,nan,0.0,NO,,,
1433.3333333333333,4300,nan,0.0,NO,,,
1433.3333333333333,4300,nan,0.0,NO,,,
1433.3333333333333,4300,nan,0.0,NO,,,
1433.3333333333333,4300,nan,0.0,NO,,,
1433.3333333333333,4300,nan,0.0,NO,,,
1433.3333333333333,4300,nan,0.0,NO,,,
1436.6666666666667,4310,nan,1.0,NO,,,
1436.6666666666667,4310,nan,1.0,NO,,,
1436.6666666666667,4310,nan,1.0,NO,,,
1436.6666666666667,4310,nan,1.0,NO,,,
1436.6666666666667,4310,nan,1.0,NO,,,
1436.6666666666667,4310,nan,1.0,NO,,,
1436.6666666666667,4310,nan,1.0,NO,,,
1436.6666666666667,4310,nan,1.0,NO,,,
1436.6666666666667,4310,nan,1.0,NO,,,
1436.6666666666667,4310,nan,1.0,NO,,,
1440.0,4320,nan,0.0,NO,,,
1440.0,4320,nan,0.0,NO,,,
1440.0,4320,nan,0.0,NO,,,
1440.0,4320,nan,0.0,NO,,,
1440.0,4320,nan,0.0,NO,,,
1440.0,4320,nan,0.0,NO,,,
1440.0,4320,nan,0.0,NO,,,
1440.0,4320,nan,0.0,NO,,,
1440.0,4320,nan,0.0,NO,,,
1440.0,4320,nan,0.0,NO,,,
1443.3333333333333,4330,nan,0.0,NO,,,
1443.3333333333333,4330,nan,0.0,NO,,,
1443.3333333333333,4330,nan,0.0,NO,,,
1443.3333333333333,4330,nan,0.0,NO,,,
1443.3333333333333,4330,nan,0.0,NO,,,
1443.3333333333333,4330,nan,0.0,NO,,,
1443.3333333333333,4330,nan,0.0,NO,,,
1443.3333333333333,4330,nan,0.0,NO,,,
1443.3333333333333,4330,nan,0.0,NO,,,
1443.3333333333333,4330,nan,0.0,NO,,,
1446.6666666666667,4340,nan,1.0,NO,,,
1446.6666666666667,4340,nan,1.0,NO,,,
1446.6666666666667,4340,nan,1.0,NO,,,
1446.6666666666667,4340,nan,1.0,NO,,,
1446.6666666666667,4340,nan,1.0,NO,,,
1446.6666666666667,4340,nan,1.0,NO,,,
1446.6666666666667,4340,nan,1.0,NO,,,
1446.6666666666667,4340,nan,1.0,NO,,,
1446.6666666666667,4340,nan,1.0,NO,,,
1446.6666666666667,4340,nan,1.0,NO,,,
1450.0,4350,nan,0.0,NO,,,
1450.0,4350,nan,0.0,NO,,,
1450.0,4350,nan,0.0,NO,,,
1450.0,4350,nan,0.0,NO,,,
1450.0,4350,nan,0.0,NO,,,
1450.0,4350,nan,0.0,NO,,,
1450.0,4350,nan,0.0,NO,,,
1450.0,4350,nan,0.0,NO,,,
1450.0,4350,nan,0.0,NO,,,
1450.0,4350,nan,0.0,NO,,,
1453.3333333333333,4360,nan,0.0,NO,,,
1453.3333333333333,4360,nan,0.0,NO,,,
1453.3333333333333,4360,nan,0.0,NO,,,
1453.3333333333333,4360,nan,0.0,NO,,,
1453.3333333333333,4360,nan,0.0,NO,,,
1453.3333333333333,4360,nan,0.0,NO,,,
1453.3333333333333,4360,nan,0.0,NO,,,
1453.3333333333333,4360,nan,0.0,NO,,,
1453.3333333333333,4360,nan,0.0,NO,,,
1453.3333333333333,4360,nan,0.0,NO,,,
1456.6666666666667,4370,nan,1.0,NO,,,
1456.6666666666667,4370,nan,1.0,NO,,,
1456.6666666666667,4370,nan,1.0,NO,,,
1456.6666666666667,4370,nan,1.0,NO,,,
1456.6666666666667,4370,nan,1.0,NO,,,
1456.6666666666667,4370,nan,1.0,NO,,,
1456.6666666666667,4370,nan,1.0,NO,,,
1456.6666666666667,4370,nan,1.0,NO,,,
1456.6666666666667,4370,nan,1.0,NO,,,
1456.6666666666667,4370,nan,1.0,NO,,,
1460.0,4380,nan,0.0,NO,,,
1460.0,4380,nan,0.0,NO,,,
1460.0,4380,nan,0.0,NO,,,
1460.0,4380,nan,0.0,NO,,,
1460.0,4380,nan,0.0,NO,,,
1460.0,4380,nan,0.0,NO,,,
1460.0,4380,nan,0.0,NO,,,
1460.0,4380,nan,0.0,NO,,,
1460.0,4380,nan,0.0,NO,,,
1460.0,4380,nan,0.0,NO,,,
1463.3333333333333,4390,nan,0.0,NO,,,
1463.3333333333333,4390,nan,0.0,NO,,,
1463.3333333333333,4390,nan,0.0,NO,,,
1463.3333333333333,4390,nan,0.0,NO,,,
1463.3333333333333,4390,nan,0.0,NO,,,
1463.3333333333333,4390,nan,0.0,NO,,,
1463.3333333333333,4390,nan,0.0,NO,,,
1463.3333333333333,4390,nan,0.0,NO,,,
1463.3333333333333,4390,nan,0.0,NO,,,
1463.3333333333333,4390,nan,0.0,YES,nan,0.2,
1466.6666666666667,4400,nan,1.0,NO,,,
1466.6666666666667,4400,nan,1.0,NO,,,
1466.6666666666667,4400,nan,1.0,NO,,,
1466.6666666666667,4400,nan,1.0,NO,,,
1466.6666666666667,4400,nan,1.0,NO,,,
1466.6666666666667,4400,nan,1.0,NO,,,
1466.6666666666667,4400,nan,1.0,NO,,,
1466.6666666666667,4400,nan,1.0,NO,,,
1466.6666666666667,4400,nan,1.0,NO,,,
1466.6666666666667,4400,nan,1.0,NO,,,
1470.0,4410,nan,0.0,NO,,,
1470.0,4410,nan,0.0,NO,,,
1470.0,4410,nan,0.0,NO,,,
1470.0,4410,nan,0.0,NO,,,
1470.0,4410,nan,0.0,NO,,,
1470.0,4410,nan,0.0,NO,,,
1470.0,4410,nan,0.0,NO,,,
1470.0,4410,nan,0.0,NO,,,
1470.0,4410,nan,0.0,NO,,,
1470.0,4410,nan,0.0,NO,,,
1473.3333333333333,4420,nan,0.0,NO,,,
1473.3333333333333,4420,nan,0.0,NO,,,
1473.3333333333333,4420,nan,0.0,NO,,,
1473.3333333333333,4420,nan,0.0,NO,,,
1473.3333333333333,4420,nan,0.0,NO,,,
1473.3333333333333,4420,nan,0.0,NO,,,
1473.3333333333333,4420,nan,0.0,NO,,,
1473.3333333333333,4420,nan,0.0,NO,,,
1473.3333333333333,4420,nan,0.0,NO,,,
1473.3333333333333,4420,nan,0.0,NO,,,
1476.6666666666667,4430,nan,1.0,NO,,,
1476.6666666666667,4430,nan,1.0,NO,,,
1476.6666666666667,4430,nan,1.0,NO,,,
1476.6666666666667,4430,nan,1.0,NO,,,
1476.6666666666667,4430,nan,1.0,NO,,,
1476.6666666666667,4430,nan,1.0,NO,,,
1476.6666666666667,4430,nan,1.0,NO,,,
1476.6666666666667,4430,nan,1.0,NO,,,
1476.6666666666667,4430,nan,1.0,NO,,,
1476.6666666666667,4430,nan,1.0,NO,,,
1480.0,4440,nan,0.0,NO,,,
1480.0,4440,nan,0.0,NO,,,
1480.0,4440,nan,0.0,NO,,,
1480.0,4440,nan,0.0,NO,,,
1480.0,4440,nan,0.0,NO,,,
1480.0,4440,nan,0.0,NO,,,
1480.0,4440,nan,0.0,NO,,,
1480.0,4440,nan,0.0,NO,,,
1480.0,4440,nan,0.0,NO,,,
1480.0,4440,nan,0.0,NO,,,
1483.3333333333333,4450,nan,0.0,NO,,,
1483.3333333333333,4450,nan,0.0,NO,,,
1483.3333333333333,4450,nan,0.0,NO,,,
1483.3333333333333,4450,nan,0.0,NO,,,
1483.3333333333333,4450,nan,0.0,NO,,,
1483.3333333333333,4450,nan,0.0,NO,,,
1483.3333333333333,4450,nan,0.0,NO,,,
1483.3333333333333,4450,nan,0.0,NO,,,
1483.3333333333333,4450,nan,0.0,NO,,,
1483.3333333333333,4450,nan,0.0,NO,,,
1486.6666666666667,4460,nan,1.0,NO,,,
1486.6666666666667,4460,nan,1.0,NO,,,
1486.6666666666667,4460,nan,1.0,NO,,,
1486.6666666666667,4460,nan,1.0,NO,,,
1486.6666666666667,4460,nan,1.0,NO,,,
1486.6666666666667,4460,nan,1.0,NO,,,
1486.6666666666667,4460,nan,1.0,NO,,,
1486.6666666666667,4460,nan,1.0,NO,,,
1486.6666666666667,4460,nan,1.0,NO,,,
1486.6666666666667,4460,nan,1.0,NO,,,
1490.0,4470,nan,0.0,NO,,,
1490.0,4470,nan,0.0,NO,,,
1490.0,4470,nan,0.0,NO,,,
1490.0,4470,nan,0.0,NO,,,
1490.0,4470,nan,0.0,NO,,,
1490.0,4470,nan,0.0,NO,,,
1490.0,4470,nan,0.0,NO,,,
1490.0,4470,nan,0.0,NO,,,
1490.0,4470,nan,0.0,NO,,,
1490.0,4470,nan,0.0,NO,,,
1493.3333333333333,4480,nan,0.0,NO,,,
1493.3333333333333,4480,nan,0.0,NO,,,
1493.3333333333333,4480,nan,0.0,NO,,,
1493.3333333333333,4480,nan,0.0,NO,,,
1493.3333333333333,4480,nan,0.0,NO,,,
1493.3333333333333,4480,nan,0.0,NO,,,
1493.3333333333333,4480,nan,0.0,NO,,,
1493.3333333333333,4480,nan,0.0,NO,,,
1493.3333333333333,4480,nan,0.0,NO,,,
1493.3333333333333,4480,nan,0.0,NO,,,
1496.6666666666667,4490,nan,1.0,NO,,,
1496.6666666666667,4490,nan,1.0,NO,,,
1496.6666666666667,4490,nan,1.0,NO,,,
1496.6666666666667,4490,nan,1.0,NO,,,
1496.6666666666667,4490,nan,1.0,NO,,,
1496.6666666666667,4490,nan,1.0,NO,,,
1496.6666666666667,4490,nan,1.0,NO,,,
1496.6666666666667,4490,nan,1.0,NO,,,
1496.6666666666667,4490,nan,1.0,NO,,,
1496.6666666666667,4490,nan,1.0,NO,,,
1500.0,4500,nan,0.0,NO,,,
1500.0,4500,nan,0.0,NO,,,
1500.0,4500,nan,0.0,NO,,,
1500.0,4500,nan,0.0,NO,,,
1500.0,4500,nan,0.0,NO,,,
1500.0,4500,nan,0.0,NO,,,
1500.0,4500,nan,0.0,NO,,,
1500.0,4500,nan,0.0,NO,,,
1500.0,4500,nan,0.0,NO,,,
1500.0,4500,nan,0.0,NO,,,
1503.3333333333333,4510,nan,0.0,NO,,,
1503.3333333333333,4510,nan,0.0,NO,,,
1503.3333333333333,4510,nan,0.0,NO,,,
1503.3333333333333,4510,nan,0.0,NO,,,
1503.3333333333333,4510,nan,0.0,NO,,,
1503.3333333333333,4510,nan,0.0,NO,,,
1503.3333333333333,4510,nan,0.0,NO,,,
1503.3333333333333,4510,nan,0.0,NO,,,
1503.3333333333333,4510,nan,0.0,NO,,,
1503.3333333333333,4510,nan,0.0,NO,,,
1506.6666666666667,4520,nan,1.0,NO,,,
1506.6666666666667,4520,nan,1.0,NO,,,
1506.6666666666667,4520,nan,1.0,NO,,,
1506.6666666666667,4520,nan,1.0,NO,,,
1506.6666666666667,4520,nan,1.0,NO,,,
1506.6666666666667,4520,nan,1.0,NO,,,
1506.6666666666667,4520,nan,1.0,NO,,,
1506.6666666666667,4520,nan,1.0,NO,,,
1506.6666666666667,4520,nan,1.0,NO,,,
1506.6666666666667,4520,nan,1.0,NO,,,
1510.0,4530,nan,0.0,NO,,,
1510.0,4530,nan,0.0,NO,,,
1510.0,4530,nan,0.0,NO,,,
1510.0,4530,nan,0.0,NO,,,
1510.0,4530,nan,0.0,NO,,,
1510.0,4530,nan,0.0,NO,,,
1510.0,4530,nan,0.0,NO,,,
1510.0,4530,nan,0.0,NO,,,
1510.0,4530,nan,0.0,NO,,,
1510.0,4530,nan,0.0,NO,,,
1513.3333333333333,4540,nan,0.0,NO,,,
1513.3333333333333,4540,nan,0.0,NO,,,
1513.3333333333333,4540,nan,0.0,NO,,,
1513.3333333333333,4540,nan,0.0,NO,,,
1513.3333333333333,4540,nan,0.0,NO,,,
1513.3333333333333,4540,nan,0.0,NO,,,
1513.3333333333333,4540,nan,0.0,NO,,,
1513.3333333333333,4540,nan,0.0,NO,,,
1513.3333333333333,4540,nan,0.0,NO,,,
1513.3333333333333,4540,nan,0.0,NO,,,
1516.6666666666667,4550,nan,1.0,NO,,,
1516.6666666666667,4550,nan,1.0,NO,,,
1516.6666666666667,4550,nan,1.0,NO,,,
1516.6666666666667,4550,nan,1.0,NO,,,
1516.6666666666667,4550,nan,1.0,NO,,,
1516.6666666666667,4550,nan,1.0,NO,,,
1516.6666666666667,4550,nan,1.0,NO,,,
1516.6666666666667,4550,nan,1.0,NO,,,
1516.6666666666667,4550,nan,1.0,NO,,,
1516.6666666666667,4550,nan,1.0,NO,,,
1520.0,4560,nan,0.0,NO,,,
1520.0,4560,nan,0.0,NO,,,
1520.0,4560,nan,0.0,NO,,,
1520.0,4560,nan,0.0,NO,,,
1520.0,4560,nan,0.0,NO,,,
1520.0,4560,nan,0.0,NO,,,
1520.0,4560,nan,0.0,NO,,,
1520.0,4560,nan,0.0,NO,,,
1520.0,4560,nan,0.0,NO,,,
1520.0,4560,nan,0.0,NO,,,
1523.3333333333333,4570,nan,0.0,NO,,,
1523.3333333333333,4570,nan,0.0,NO,,,
1523.3333333333333,4570,nan,0.0,NO,,,
1523.3333333333333,4570,nan,0.0,NO,,,
1523.3333333333333,4570,nan,0.0,NO,,,
1523.3333333333333,4570,nan,0.0,NO,,,
1523.3333333333333,4570,nan,0.0,NO,,,
1523.3333333333333,4570,nan,0.0,NO,,,
1523.3333333333333,4570,nan,0.0,NO,,,
1523.3333333333333,4570,nan,0.0,NO,,,
1526.6666666666667,4580,nan,1.0,NO,,,
1526.6666666666667,4580,nan,1.0,NO,,,
1526.6666666666667,4580,nan,1.0,NO,,,
1526.6666666666667,4580,nan,1.0,NO,,,
1526.6666666666667,4580,nan,1.0,NO,,,
1526.6666666666667,4580,nan,1.0,NO,,,
1526.6666666666667,4580,nan,1.0,NO,,,
1526.6666666666667,4580,nan,1.0,NO,,,
1526.6666666666667,4580,nan,1.0,NO,,,
1526.6666666666667,4580,nan,1.0,NO,,,
1530.0,4590,nan,0.0,NO,,,
1530.0,4590,nan,0.0,NO,,,
1530.0,4590,nan,0.0,NO,,,
1530.0,4590,nan,0.0,NO,,,
1530.0,4590,nan,0.0,NO,,,
1530.0,4590,nan,0.0,NO,,,
1530.0,4590,nan,0.0,NO,,,
1530.0,4590,nan,0.0,NO,,,
1530.0,4590,nan,0.0,NO,,,
1530.0,4590,nan,0.0,YES,nan,0.2,
1533.3333333333333,4600,nan,0.0,NO,,,
1533.3333333333333,4600,nan,0.0,NO,,,
1533.3333333333333,4600,nan,0.0,NO,,,
1533.3333333333333,4600,nan,0.0,NO,,,
1533.3333333333333,4600,nan,0.0,NO,,,
1533.3333333333333,4600,nan,0.0,NO,,,
1533.3333333333333,4600,nan,0.0,NO,,,
1533.3333333333333,4600,nan,0.0,NO,,,
1533.3333333333333,4600,nan,0.0,NO,,,
1533.3333333333333,4600,nan,0.0,NO,,,
1536.6666666666667,4610,nan,1.0,NO,,,
1536.6666666666667,4610,nan,1.0,NO,,,
1536.6666666666667,4610,nan,1.0,NO,,,
1536.6666666666667,4610,nan,1.0,NO,,,
1536.6666666666667,4610,nan,1.0,NO,,,
1536.6666666666667,4610,nan,1.0,NO,,,
1536.6666666666667,4610,nan,1.0,NO,,,
1536.6666666666667,4610,nan,1.0,NO,,,
1536.6666666666667,4610,nan,1.0,NO,,,
1536.6666666666667,4610,nan,1.0,NO,,,
1540.0,4620,nan,0.0,NO,,,
1540.0,4620,nan,0.0,NO,,,
1540.0,4620,nan,0.0,NO,,,
1540.0,4620,nan,0.0,NO,,,
1540.0,4620,nan,0.0,NO,,,
1540.0,4620,nan,0.0,NO,,,
1540.0,4620,nan,0.0,NO,,,
1540.0,4620,nan,0.0,NO,,,
1540.0,4620,nan,0.0,NO,,,
1540.0,4620,nan,0.0,NO,,,
1543.3333333333333,4630,nan,0.0,NO,,,
1543.3333333333333,4630,nan,0.0,NO,,,
1543.3333333333333,4630,nan,0.0,NO,,,
1543.3333333333333,4630,nan,0.0,NO,,,
1543.3333333333333,4630,nan,0.0,NO,,,
1543.3333333333333,4630,nan,0.0,NO,,,
1543.3333333333333,4630,nan,0.0,NO,,,
1543.3333333333333,4630,nan,0.0,NO,,,
1543.3333333333333,4630,nan,0.0,NO,,,
1543.3333333333333,4630,nan,0.0,NO,,,
1546.6666666666667,4640,nan,1.0,NO,,,
1546.6666666666667,4640,nan,1.0,NO,,,
1546.6666666666667,4640,nan,1.0,NO,,,
1546.6666666666667,4640,nan,1.0,NO,,,
1546.6666666666667,4640,nan,1.0,NO,,,
1546.6666666666667,4640,nan,1.0,NO,,,
1546.6666666666667,4640,nan,1.0,NO,,,
1546.6666666666667,4640,nan,1.0,NO,,,
1546.6666666666667,4640,nan,1.0,NO,,,
1546.6666666666667,4640,nan,1.0,NO,,,
1550.0,4650,nan,0.0,NO,,,
1550.0,4650,nan,0.0,NO,,,
1550.0,4650,nan,0.0,NO,,,
1550.0,4650,nan,0.0,NO,,,
1550.0,4650,nan,0.0,NO,,,
1550.0,4650,nan,0.0,NO,,,
1550.0,4650,nan,0.0,NO,,,
1550.0,4650,nan,0.0,NO,,,
1550.0,4650,nan,0.0,NO,,,
1550.0,4650,nan,0.0,NO,,,
1553.3333333333333,4660,nan,0.0,NO,,,
1553.3333333333333,4660,nan,0.0,NO,,,
1553.3333333333333,4660,nan,0.0,NO,,,
1553.3333333333333,4660,nan,0.0,NO,,,
1553.3333333333333,4660,nan,0.0,NO,,,
1553.3333333333333,4660,nan,0.0,NO,,,
1553.3333333333333,4660,nan,0.0,NO,,,
1553.3333333333333,4660,nan,0.0,NO,,,
1553.3333333333333,4660,nan,0.0,NO,,,
1553.3333333333333,4660,nan,0.0,NO,,,
1556.6666666666667,4670,nan,1.0,NO,,,
1556.6666666666667,4670,nan,1.0,NO,,,
1556.6666666666667,4670,nan,1.0,NO,,,
1556.6666666666667,4670,nan,1.0,NO,,,
1556.6666666666667,4670,nan,1.0,NO,,,
1556.6666666666667,4670,nan,1.0,NO,,,
1556.6666666666667,4670,nan,1.0,NO,,,
1556.6666666666667,4670,nan,1.0,NO,,,
1556.6666666666667,4670,nan,1.0,NO,,,
1556.6666666666667,4670,nan,1.0,NO,,,
1560.0,4680,nan,0.0,NO,,,
1560.0,4680,nan,0.0,NO,,,
1560.0,4680,nan,0.0,NO,,,
1560.0,4680,nan,0.0,NO,,,
1560.0,4680,nan,0.0,NO,,,
1560.0,4680,nan,0.0,NO,,,
1560.0,4680,nan,0.0,NO,,,
1560.0,4680,nan,0.0,NO,,,
1560.0,4680,nan,0.0,NO,,,
1560.0,4680,nan,0.0,NO,,,
1563.3333333333333,4690,nan,0.0,NO,,,
1563.3333333333333,4690,nan,0.0,NO,,,
1563.3333333333333,4690,nan,0.0,NO,,,
1563.3333333333333,4690,nan,0.0,NO,,,
1563.3333333333333,4690,nan,0.0,NO,,,
1563.3333333333333,4690,nan,0.0,NO,,,
1563.3333333333333,4690,nan,0.0,NO,,,
1563.3333333333333,4690,nan,0.0,NO,,,
1563.3333333333333,4690,nan,0.0,NO,,,
1563.3333333333333,4690,nan,0.0,NO,,,
1566.6666666666667,4700,nan,1.0,NO,,,
1566.6666666666667,4700,nan,1.0,NO,,,
1566.6666666666667,4700,nan,1.0,NO,,,
1566.6666666666667,4700,nan,1.0,NO,,,
1566.6666666666667,4700,nan,1.0,NO,,,
1566.6666666666667,4700,nan,1.0,NO,,,
1566.6666666666667,4700,nan,1.0,NO,,,
1566.6666666666667,4700,nan,1.0,NO,,,
1566.6666666666667,4700,nan,1.0,NO,,,
1566.6666666666667,4700,nan,1.0,NO,,,
1570.0,4710,nan,0.0,NO,,,
1570.0,4710,nan,0.0,NO,,,
1570.0,4710,nan,0.0,NO,,,
1570.0,4710,nan,0.0,NO,,,
1570.0,4710,nan,0.0,NO,,,
1570.0,4710,nan,0.0,NO,,,
1570.0,4710,nan,0.0,NO,,,
1570.0,4710,nan,0.0,NO,,,
1570.0,4710,nan,0.0,NO,,,
1570.0,4710,nan,0.0,NO,,,
1573.3333333333333,4720,nan,0.0,NO,,,
1573.3333333333333,4720,nan,0.0,NO,,,
1573.3333333333333,4720,nan,0.0,NO,,,
1573.3333333333333,4720,nan,0.0,NO,,,
1573.3333333333333,4720,nan,0.0,NO,,,
1573.3333333333333,4720,nan,0.0,NO,,,
1573.3333333333333,4720,nan,0.0,NO,,,
1573.3333333333333,4720,nan,0.0,NO,,,
1573.3333333333333,4720,nan,0.0,NO,,,
1573.3333333333333,4720,nan,0.0,NO,,,
1576.6666666666667,4730,nan,1.0,NO,,,
1576.6666666666667,4730,nan,1.0,NO,,,
1576.6666666666667,4730,nan,1.0,NO,,,
1576.6666666666667,4730,nan,1.0,NO,,,
1576.6666666666667,4730,nan,1.0,NO,,,
1576.6666666666667,4730,nan,1.0,NO,,,
1576.6666666666667,4730,nan,1.0,NO,,,
1576.6666666666667,4730,nan,1.0,NO,,,
1576.6666666666667,4730,nan,1.0,NO,,,
1576.6666666666667,4730,nan,1.0,NO,,,
1580.0,4740,nan,0.0,NO,,,
1580.0,4740,nan,0.0,NO,,,
1580.0,4740,nan,0.0,NO,,,
1580.0,4740,nan,0.0,NO,,,
1580.0,4740,nan,0.0,NO,,,
1580.0,4740,nan,0.0,NO,,,
1580.0,4740,nan,0.0,NO,,,
1580.0,4740,nan,0.0,NO,,,
1580.0,4740,nan,0.0,NO,,,
1580.0,4740,nan,0.0,NO,,,
1583.3333333333333,4750,nan,0.0,NO,,,
1583.3333333333333,4750,nan,0.0,NO,,,
1583.3333333333333,4750,nan,0.0,NO,,,
1583.3333333333333,4750,nan,0.0,NO,,,
1583.3333333333333,4750,nan,0.0,NO,,,
1583.3333333333333,4750,nan,0.0,NO,,,
1583.3333333333333,4750,nan,0.0,NO,,,
1583.3333333333333,4750,nan,0.0,NO,,,
1583.3333333333333,4750,nan,0.0,NO,,,
1583.3333333333333,4750,nan,0.0,NO,,,
1586.6666666666667,4760,nan,1.0,NO,,,
1586.6666666666667,4760,nan,1.0,NO,,,
1586.6666666666667,4760,nan,1.0,NO,,,
1586.6666666666667,4760,nan,1.0,NO,,,
1586.6666666666667,4760,nan,1.0,NO,,,
1586.6666666666667,4760,nan,1.0,NO,,,
1586.6666666666667,4760,nan,1.0,NO,,,
1586.6666666666667,4760,nan,1.0,NO,,,
1586.6666666666667,4760,nan,1.0,NO,,,
1586.6666666666667,4760,nan,1.0,NO,,,
1590.0,4770,nan,0.0,NO,,,
1590.0,4770,nan,0.0,NO,,,
1590.0,4770,nan,0.0,NO,,,
1590.0,4770,nan,0.0,NO,,,
1590.0,4770,nan,0.0,NO,,,
1590.0,4770,nan,0.0,NO,,,
1590.0,4770,nan,0.0,NO,,,
1590.0,4770,nan,0.0,NO,,,
1590.0,4770,nan,0.0,NO,,,
1590.0,4770,nan,0.0,NO,,,
1593.3333333333333,4780,nan,0.0,NO,,,
1593.3333333333333,4780,nan,0.0,NO,,,
1593.3333333333333,4780,nan,0.0,NO,,,
1593.3333333333333,4780,nan,0.0,NO,,,
1593.3333333333333,4780,nan,0.0,NO,,,
1593.3333333333333,4780,nan,0.0,NO,,,
1593.3333333333333,4780,nan,0.0,NO,,,
1593.3333333333333,4780,nan,0.0,NO,,,
1593.3333333333333,4780,nan,0.0,NO,,,
1593.3333333333333,4780,nan,0.0,NO,,,
1596.6666666666667,4790,nan,1.0,NO,,,
1596.6666666666667,4790,nan,1.0,NO,,,
1596.6666666666667,4790,nan,1.0,NO,,,
1596.6666666666667,4790,nan,1.0,NO,,,
1596.6666666666667,4790,nan,1.0,NO,,,
1596.6666666666667,4790,nan,1.0,NO,,,
1596.6666666666667,4790,nan,1.0,NO,,,
1596.6666666666667,4790,nan,1.0,NO,,,
1596.6666666666667,4790,nan,1.0,NO,,,
1596.6666666666667,4790,nan,1.0,YES,nan,0.2,
1600.0,4800,nan,0.0,NO,,,
1600.0,4800,nan,0.0,NO,,,
1600.0,4800,nan,0.0,NO,,,
1600.0,4800,nan,0.0,NO,,,
1600.0,4800,nan,0.0,NO,,,
1600.0,4800,nan,0.0,NO,,,
1600.0,4800,nan,0.0,NO,,,
1600.0,4800,nan,0.0,NO,,,
1600.0,4800,nan,0.0,NO,,,
1600.0,4800,nan,0.0,NO,,,
1603.3333333333333,4810,nan,0.0,NO,,,
1603.3333333333333,4810,nan,0.0,NO,,,
1603.3333333333333,4810,nan,0.0,NO,,,
1603.3333333333333,4810,nan,0.0,NO,,,
1603.3333333333333,4810,nan,0.0,NO,,,
1603.3333333333333,4810,nan,0.0,NO,,,
1603.3333333333333,4810,nan,0.0,NO,,,
1603.3333333333333,4810,nan,0.0,NO,,,
1603.3333333333333,4810,nan,0.0,NO,,,
1603.3333333333333,4810,nan,0.0,NO,,,
1606.6666666666667,4820,nan,1.0,NO,,,
1606.6666666666667,4820,nan,1.0,NO,,,
1606.6666666666667,4820,nan,1.0,NO,,,
1606.6666666666667,4820,nan,1.0,NO,,,
1606.6666666666667,4820,nan,1.0,NO,,,
1606.6666666666667,4820,nan,1.0,NO,,,
1606.6666666666667,4820,nan,1.0,NO,,,
1606.6666666666667,4820,nan,1.0,NO,,,
1606.6666666666667,4820,nan,1.0,NO,,,
1606.6666666666667,4820,nan,1.0,NO,,,
1610.0,4830,nan,0.0,NO,,,
1610.0,4830,nan,0.0,NO,,,
1610.0,4830,nan,0.0,NO,,,
1610.0,4830,nan,0.0,NO,,,
1610.0,4830,nan,0.0,NO,,,
1610.0,4830,nan,0.0,NO,,,
1610.0,4830,nan,0.0,NO,,,
1610.0,4830,nan,0.0,NO,,,
1610.0,4830,nan,0.0,NO,,,
1610.0,4830,nan,0.0,NO,,,
1613.3333333333333,4840,nan,0.0,NO,,,
1613.3333333333333,4840,nan,0.0,NO,,,
1613.3333333333333,4840,nan,0.0,NO,,,
1613.3333333333333,4840,nan,0.0,NO,,,
1613.3333333333333,4840,nan,0.0,NO,,,
1613.3333333333333,4840,nan,0.0,NO,,,
1613.3333333333333,4840,nan,0.0,NO,,,
1613.3333333333333,4840,nan,0.0,NO,,,
1613.3333333333333,4840,nan,0.0,NO,,,
1613.3333333333333,4840,nan,0.0,NO,,,
1616.6666666666667,4850,nan,1.0,NO,,,
1616.6666666666667,4850,nan,1.0,NO,,,
1616.6666666666667,4850,nan,1.0,NO,,,
1616.6666666666667,4850,nan,1.0,NO,,,
1616.6666666666667,4850,nan,1.0,NO,,,
1616.6666666666667,4850,nan,1.0,NO,,,
1616.6666666666667,4850,nan,1.0,NO,,,
1616.6666666666667,4850,nan,1.0,NO,,,
1616.6666666666667,4850,nan,1.0,NO,,,
1616.6666666666667,4850,nan,1.0,NO,,,
1620.0,4860,nan,0.0,NO,,,
1620.0,4860,nan,0.0,NO,,,
1620.0,4860,nan,0.0,NO,,,
1620.0,4860,nan,0.0,NO,,,
1620.0,4860,nan,0.0,NO,,,
1620.0,4860,nan,0.0,NO,,,
1620.0,4860,nan,0.0,NO,,,
1620.0,4860,nan,0.0,NO,,,
1620.0,4860,nan,0.0,NO,,,
1620.0,4860,nan,0.0,NO,,,
1623.3333333333333,4870,nan,0.0,NO,,,
1623.3333333333333,4870,nan,0.0,NO,,,
1623.3333333333333,4870,nan,0.0,NO,,,
1623.3333333333333,4870,nan,0.0,NO,,,
1623.3333333333333,4870,nan,0.0,NO,,,
1623.3333333333333,4870,nan,0.0,NO,,,
1623.3333333333333,4870,nan,0.0,NO,,,
1623.3333333333333,4870,nan,0.0,NO,,,
1623.3333333333333,4870,nan,0.0,NO,,,
1623.3333333333333,4870,nan,0.0,NO,,,
1626.6666666666667,4880,nan,1.0,NO,,,
1626.6666666666667,4880,nan,1.0,NO,,,
1626.6666666666667,4880,nan,1.0,NO,,,
1626.6666666666667,4880,nan,1.0,NO,,,
1626.6666666666667,4880,nan,1.0,NO,,,
1626.6666666666667,4880,nan,1.0,NO,,,
1626.6666666666667,4880,nan,1.0,NO,,,
1626.6666666666667,4880,nan,1.0,NO,,,
1626.6666666666667,4880,nan,1.0,NO,,,
1626.6666666666667,4880,nan,1.0,NO,,,
1630.0,4890,nan,0.0,NO,,,
1630.0,4890,nan,0.0,NO,,,
1630.0,4890,nan,0.0,NO,,,
1630.0,4890,nan,0.0,NO,,,
1630.0,4890,nan,0.0,NO,,,
1630.0,4890,nan,0.0,NO,,,
1630.0,4890,nan,0.0,NO,,,
1630.0,4890,nan,0.0,NO,,,
1630.0,4890,nan,0.0,NO,,,
1630.0,4890,nan,0.0,NO,,,
1633.3333333333333,4900,nan,0.0,NO,,,
1633.3333333333333,4900,nan,0.0,NO,,,
1633.3333333333333,4900,nan,0.0,NO,,,
1633.3333333333333,4900,nan,0.0,NO,,,
1633.3333333333333,4900,nan,0.0,NO,,,
1633.3333333333333,4900,nan,0.0,NO,,,
1633.3333333333333,4900,nan,0.0,NO,,,
1633.3333333333333,4900,nan,0.0,NO,,,
1633.3333333333333,4900,nan,0.0,NO,,,
1633.3333333333333,4900,nan,0.0,NO,,,
1636.6666666666667,4910,nan,1.0,NO,,,
1636.6666666666667,4910,nan,1.0,NO,,,
1636.6666666666667,4910,nan,1.0,NO,,,
1636.6666666666667,4910,nan,1.0,NO,,,
1636.6666666666667,4910,nan,1.0,NO,,,
1636.6666666666667,4910,nan,1.0,NO,,,
1636.6666666666667,4910,nan,1.0,NO,,,
1636.6666666666667,4910,nan,1.0,NO,,,
1636.6666666666667,4910,nan,1.0,NO,,,
1636.6666666666667,4910,nan,1.0,NO,,,
1640.0,4920,nan,0.0,NO,,,
1640.0,4920,nan,0.0,NO,,,
1640.0,4920,nan,0.0,NO,,,
1640.0,4920,nan,0.0,NO,,,
1640.0,4920,nan,0.0,NO,,,
1640.0,4920,nan,0.0,NO,,,
1640.0,4920,nan,0.0,NO,,,
1640.0,4920,nan,0.0,NO,,,
1640.0,4920,nan,0.0,NO,,,
1640.0,4920,nan,0.0,NO,,,
1643.3333333333333,4930,nan,0.0,NO,,,
1643.3333333333333,4930,nan,0.0,NO,,,
1643.3333333333333,4930,nan,0.0,NO,,,
1643.3333333333333,4930,nan,0.0,NO,,,
1643.3333333333333,4930,nan,0.0,NO,,,
1643.3333333333333,4930,nan,0.0,NO,,,
1643.3333333333333,4930,nan,0.0,NO,,,
1643.3333333333333,4930,nan,0.0,NO,,,
1643.3333333333333,4930,nan,0.0,NO,,,
1643.3333333333333,4930,nan,0.0,NO,,,
1646.6666666666667,4940,nan,1.0,NO,,,
1646.6666666666667,4940,nan,1.0,NO,,,
1646.6666666666667,4940,nan,1.0,NO,,,
1646.6666666666667,4940,nan,1.0,NO,,,
1646.6666666666667,4940,nan,1.0,NO,,,
1646.6666666666667,4940,nan,1.0,NO,,,
1646.6666666666667,4940,nan,1.0,NO,,,
1646.6666666666667,4940,nan,1.0,NO,,,
1646.6666666666667,4940,nan,1.0,NO,,,
1646.6666666666667,4940,nan,1.0,NO,,,
1650.0,4950,nan,0.0,NO,,,
1650.0,4950,nan,0.0,NO,,,
1650.0,4950,nan,0.0,NO,,,
1650.0,4950,nan,0.0,NO,,,
1650.0,4950,nan,0.0,NO,,,
1650.0,4950,nan,0.0,NO,,,
1650.0,4950,nan,0.0,NO,,,
1650.0,4950,nan,0.0,NO,,,
1650.0,4950,nan,0.0,NO,,,
1650.0,4950,nan,0.0,NO,,,
1653.3333333333333,4960,nan,0.0,NO,,,
1653.3333333333333,4960,nan,0.0,NO,,,
1653.3333333333333,4960,nan,0.0,NO,,,
1653.3333333333333,4960,nan,0.0,NO,,,
1653.3333333333333,4960,nan,0.0,NO,,,
1653.3333333333333,4960,nan,0.0,NO,,,
1653.3333333333333,4960,nan,0.0,NO,,,
1653.3333333333333,4960,nan,0.0,NO,,,
1653.3333333333333,4960,nan,0.0,NO,,,
1653.3333333333333,4960,nan,0.0,NO,,,
1656.6666666666667,4970,nan,1.0,NO,,,
1656.6666666666667,4970,nan,1.0,NO,,,
1656.6666666666667,4970,nan,1.0,NO,,,
1656.6666666666667,4970,nan,1.0,NO,,,
1656.6666666666667,4970,nan,1.0,NO,,,
1656.6666666666667,4970,nan,1.0,NO,,,
1656.6666666666667,4970,nan,1.0,NO,,,
1656.6666666666667,4970,nan,1.0,NO,,,
1656.6666666666667,4970,nan,1.0,NO,,,
1656.6666666666667,4970,nan,1.0,NO,,,
1660.0,4980,nan,0.0,NO,,,
1660.0,4980,nan,0.0,NO,,,
1660.0,4980,nan,0.0,NO,,,
1660.0,4980,nan,0.0,NO,,,
1660.0,4980,nan,0.0,NO,,,
1660.0,4980,nan,0.0,NO,,,
1660.0,4980,nan,0.0,NO,,,
1660.0,4980,nan,0.0,NO,,,
1660.0,4980,nan,0.0,NO,,,
1660.0,4980,nan,0.0,NO,,,
1663.3333333333333,4990,nan,0.0,NO,,,
1663.3333333333333,4990,nan,0.0,NO,,,
1663.3333333333333,4990,nan,0.0,NO,,,
1663.3333333333333,4990,nan,0.0,NO,,,
1663.3333333333333,4990,nan,0.0,NO,,,
1663.3333333333333,4990,nan,0.0,NO,,,
1663.3333333333333,4990,nan,0.0,NO,,,
1663.3333333333333,4990,nan,0.0,NO,,,
1663.3333333333333,4990,nan,0.0,NO,,,
1663.3333333333333,4990,nan,0.0,YES,nan,0.2,
1666.6666666666667,5000,nan,1.0,NO,,,
1666.6666666666667,5000,nan,1.0,NO,,,
1666.6666666666667,5000,nan,1.0,NO,,,
1666.6666666666667,5000,nan,1.0,NO,,,
1666.6666666666667,5000,nan,1.0,NO,,,
1666.6666666666667,5000,nan,1.0,NO,,,
1666.6666666666667,5000,nan,1.0,NO,,,
1666.6666666666667,5000,nan,1.0,NO,,,
1666.6666666666667,5000,nan,1.0,NO,,,
1666.6666666666667,5000,nan,1.0,NO,,,
1670.0,5010,nan,0.0,NO,,,
1670.0,5010,nan,0.0,NO,,,
1670.0,5010,nan,0.0,NO,,,
1670.0,5010,nan,0.0,NO,,,
1670.0,5010,nan,0.0,NO,,,
1670.0,5010,nan,0.0,NO,,,
1670.0,5010,nan,0.0,NO,,,
1670.0,5010,nan,0.0,NO,,,
1670.0,5010,nan,0.0,NO,,,
1670.0,5010,nan,0.0,NO,,,
1673.3333333333333,5020,nan,0.0,NO,,,
1673.3333333333333,5020,nan,0.0,NO,,,
1673.3333333333333,5020,nan,0.0,NO,,,
1673.3333333333333,5020,nan,0.0,NO,,,
1673.3333333333333,5020,nan,0.0,NO,,,
1673.3333333333333,5020,nan,0.0,NO,,,
1673.3333333333333,5020,nan,0.0,NO,,,
1673.3333333333333,5020,nan,0.0,NO,,,
1673.3333333333333,5020,nan,0.0,NO,,,
1673.3333333333333,5020,nan,0.0,NO,,,
1676.6666666666667,5030,nan,1.0,NO,,,
1676.6666666666667,5030,nan,1.0,NO,,,
1676.6666666666667,5030,nan,1.0,NO,,,
1676.6666666666667,5030,nan,1.0,NO,,,
1676.6666666666667,5030,nan,1.0,NO,,,
1676.6666666666667,5030,nan,1.0,NO,,,
1676.6666666666667,5030,nan,1.0,NO,,,
1676.6666666666667,5030,nan,1.0,NO,,,
1676.6666666666667,5030,nan,1.0,NO,,,
1676.6666666666667,5030,nan,1.0,NO,,,
1680.0,5040,nan,0.0,NO,,,
1680.0,5040,nan,0.0,NO,,,
1680.0,5040,nan,0.0,NO,,,
1680.0,5040,nan,0.0,NO,,,
1680.0,5040,nan,0.0,NO,,,
1680.0,5040,nan,0.0,NO,,,
1680.0,5040,nan,0.0,NO,,,
1680.0,5040,nan,0.0,NO,,,
1680.0,5040,nan,0.0,NO,,,
1680.0,5040,nan,0.0,NO,,,
1683.3333333333333,5050,nan,0.0,NO,,,
1683.3333333333333,5050,nan,0.0,NO,,,
1683.3333333333333,5050,nan,0.0,NO,,,
1683.3333333333333,5050,nan,0.0,NO,,,
1683.3333333333333,5050,nan,0.0,NO,,,
1683.3333333333333,5050,nan,0.0,NO,,,
1683.3333333333333,5050,nan,0.0,NO,,,
1683.3333333333333,5050,nan,0.0,NO,,,
1683.3333333333333,5050,nan,0.0,NO,,,
1683.3333333333333,5050,nan,0.0,NO,,,
1686.6666666666667,5060,nan,1.0,NO,,,
1686.6666666666667,5060,nan,1.0,NO,,,
1686.6666666666667,5060,nan,1.0,NO,,,
1686.6666666666667,5060,nan,1.0,NO,,,
1686.6666666666667,5060,nan,1.0,NO,,,
1686.6666666666667,5060,nan,1.0,NO,,,
1686.6666666666667,5060,nan,1.0,NO,,,
1686.6666666666667,5060,nan,1.0,NO,,,
1686.6666666666667,5060,nan,1.0,NO,,,
1686.6666666666667,5060,nan,1.0,NO,,,
1690.0,5070,nan,0.0,NO,,,
1690.0,5070,nan,0.0,NO,,,
1690.0,5070,nan,0.0,NO,,,
1690.0,5070,nan,0.0,NO,,,
1690.0,5070,nan,0.0,NO,,,
1690.0,5070,nan,0.0,NO,,,
1690.0,5070,nan,0.0,NO,,,
1690.0,5070,nan,0.0,NO,,,
1690.0,5070,nan,0.0,NO,,,
1690.0,5070,nan,0.0,NO,,,
1693.3333333333333,5080,nan,0.0,NO,,,
1693.3333333333333,5080,nan,0.0,NO,,,
1693.3333333333333,5080,nan,0.0,NO,,,
1693.3333333333333,5080,nan,0.0,NO,,,
1693.3333333333333,5080,nan,0.0,NO,,,
1693.3333333333333,5080,nan,0.0,NO,,,
1693.3333333333333,5080,nan,0.0,NO,,,
1693.3333333333333,5080,nan,0.0,NO,,,
1693.3333333333333,5080,nan,0.0,NO,,,
1693.3333333333333,5080,nan,0.0,NO,,,
1696.6666666666667,5090,nan,1.0,NO,,,
1696.6666666666667,5090,nan,1.0,NO,,,
1696.6666666666667,5090,nan,1.0,NO,,,
1696.6666666666667,5090,nan,1.0,NO,,,
1696.6666666666667,5090,nan,1.0,NO,,,
1696.6666666666667,5090,nan,1.0,NO,,,
1696.6666666666667,5090,nan,1.0,NO,,,
1696.6666666666667,5090,nan,1.0,NO,,,
1696.6666666666667,5090,nan,1.0,NO,,,
1696.6666666666667,5090,nan,1.0,NO,,,
1700.0,5100,nan,0.0,NO,,,
1700.0,5100,nan,0.0,NO,,,
1700.0,5100,nan,0.0,NO,,,
1700.0,5100,nan,0.0,NO,,,
1700.0,5100,nan,0.0,NO,,,
1700.0,5100,nan,0.0,NO,,,
1700.0,5100,nan,0.0,NO,,,
1700.0,5100,nan,0.0,NO,,,
1700.0,5100,nan,0.0,NO,,,
1700.0,5100,nan,0.0,NO,,,
1703.3333333333333,5110,nan,0.0,NO,,,
1703.3333333333333,5110,nan,0.0,NO,,,
1703.3333333333333,5110,nan,0.0,NO,,,
1703.3333333333333,5110,nan,0.0,NO,,,
1703.3333333333333,5110,nan,0.0,NO,,,
1703.3333333333333,5110,nan,0.0,NO,,,
1703.3333333333333,5110,nan,0.0,NO,,,
1703.3333333333333,5110,nan,0.0,NO,,,
1703.3333333333333,5110,nan,0.0,NO,,,
1703.3333333333333,5110,nan,0.0,NO,,,
1706.6666666666667,5120,nan,1.0,NO,,,
1706.6666666666667,5120,nan,1.0,NO,,,
1706.6666666666667,5120,nan,1.0,NO,,,
1706.6666666666667,5120,nan,1.0,NO,,,
1706.6666666666667,5120,nan,1.0,NO,,,
1706.6666666666667,5120,nan,1.0,NO,,,
1706.6666666666667,5120,nan,1.0,NO,,,
1706.6666666666667,5120,nan,1.0,NO,,,
1706.6666666666667,5120,nan,1.0,NO,,,
1706.6666666666667,5120,nan,1.0,NO,,,
1710.0,5130,nan,0.0,NO,,,
1710.0,5130,nan,0.0,NO,,,
1710.0,5130,nan,0.0,NO,,,
1710.0,5130,nan,0.0,NO,,,
1710.0,5130,nan,0.0,NO,,,
1710.0,5130,nan,0.0,NO,,,
1710.0,5130,nan,0.0,NO,,,
1710.0,5130,nan,0.0,NO,,,
1710.0,5130,nan,0.0,NO,,,
1710.0,5130,nan,0.0,NO,,,
1713.3333333333333,5140,nan,0.0,NO,,,
1713.3333333333333,5140,nan,0.0,NO,,,
1713.3333333333333,5140,nan,0.0,NO,,,
1713.3333333333333,5140,nan,0.0,NO,,,
1713.3333333333333,5140,nan,0.0,NO,,,
1713.3333333333333,5140,nan,0.0,NO,,,
1713.3333333333333,5140,nan,0.0,NO,,,
1713.3333333333333,5140,nan,0.0,NO,,,
1713.3333333333333,5140,nan,0.0,NO,,,
1713.3333333333333,5140,nan,0.0,NO,,,
1716.6666666666667,5150,nan,1.0,NO,,,
1716.6666666666667,5150,nan,1.0,NO,,,
1716.6666666666667,5150,nan,1.0,NO,,,
1716.6666666666667,5150,nan,1.0,NO,,,
1716.6666666666667,5150,nan,1.0,NO,,,
1716.6666666666667,5150,nan,1.0,NO,,,
1716.6666666666667,5150,nan,1.0,NO,,,
1716.6666666666667,5150,nan,1.0,NO,,,
1716.6666666666667,5150,nan,1.0,NO,,,
1716.6666666666667,5150,nan,1.0,NO,,,
1720.0,5160,nan,0.0,NO,,,
1720.0,5160,nan,0.0,NO,,,
1720.0,5160,nan,0.0,NO,,,
1720.0,5160,nan,0.0,NO,,,
1720.0,5160,nan,0.0,NO,,,
1720.0,5160,nan,0.0,NO,,,
1720.0,5160,nan,0.0,NO,,,
1720.0,5160,nan,0.0,NO,,,
1720.0,5160,nan,0.0,NO,,,
1720.0,5160,nan,0.0,NO,,,
1723.3333333333333,5170,nan,0.0,NO,,,
1723.3333333333333,5170,nan,0.0,NO,,,
1723.3333333333333,5170,nan,0.0,NO,,,
1723.3333333333333,5170,nan,0.0,NO,,,
1723.3333333333333,5170,nan,0.0,NO,,,
1723.3333333333333,5170,nan,0.0,NO,,,
1723.3333333333333,5170,nan,0.0,NO,,,
1723.3333333333333,5170,nan,0.0,NO,,,
1723.3333333333333,5170,nan,0.0,NO,,,
1723.3333333333333,5170,nan,0.0,NO,,,
1726.6666666666667,5180,nan,1.0,NO,,,
1726.6666666666667,5180,nan,1.0,NO,,,
1726.6666666666667,5180,nan,1.0,NO,,,
1726.6666666666667,5180,nan,1.0,NO,,,
1726.6666666666667,5180,nan,1.0,NO,,,
1726.6666666666667,5180,nan,1.0,NO,,,
1726.6666666666667,5180,nan,1.0,NO,,,
1726.6666666666667,5180,nan,1.0,NO,,,
1726.6666666666667,5180,nan,1.0,NO,,,
1726.6666666666667,5180,nan,1.0,NO,,,
1730.0,5190,nan,0.0,NO,,,
1730.0,5190,nan,0.0,NO,,,
1730.0,5190,nan,0.0,NO,,,
1730.0,5190,nan,0.0,NO,,,
1730.0,5190,nan,0.0,NO,,,
1730.0,5190,nan,0.0,NO,,,
1730.0,5190,nan,0.0,NO,,,
1730.0,5190,nan,0.0,NO,,,
1730.0,5190,nan,0.0,NO,,,
1730.0,5190,nan,0.0,YES,nan,0.2,
1733.3333333333333,5200,nan,0.0,NO,,,
1733.3333333333333,5200,nan,0.0,NO,,,
1733.3333333333333,5200,nan,0.0,NO,,,
1733.3333333333333,5200,nan,0.0,NO,,,
1733.3333333333333,5200,nan,0.0,NO,,,
1733.3333333333333,5200,nan,0.0,NO,,,
1733.3333333333333,5200,nan,0.0,NO,,,
1733.3333333333333,5200,nan,0.0,NO,,,
1733.3333333333333,5200,nan,0.0,NO,,,
1733.3333333333333,5200,nan,0.0,NO,,,
1736.6666666666667,5210,nan,1.0,NO,,,
1736.6666666666667,5210,nan,1.0,NO,,,
1736.6666666666667,5210,nan,1.0,NO,,,
1736.6666666666667,5210,nan,1.0,NO,,,
1736.6666666666667,5210,nan,1.0,NO,,,
1736.6666666666667,5210,nan,1.0,NO,,,
1736.6666666666667,5210,nan,1.0,NO,,,
1736.6666666666667,5210,nan,1.0,NO,,,
1736.6666666666667,5210,nan,1.0,NO,,,
1736.6666666666667,5210,nan,1.0,NO,,,
1740.0,5220,nan,0.0,NO,,,
1740.0,5220,nan,0.0,NO,,,
1740.0,5220,nan,0.0,NO,,,
1740.0,5220,nan,0.0,NO,,,
1740.0,5220,nan,0.0,NO,,,
1740.0,5220,nan,0.0,NO,,,
1740.0,5220,nan,0.0,NO,,,
1740.0,5220,nan,0.0,NO,,,
1740.0,5220,nan,0.0,NO,,,
1740.0,5220,nan,0.0,NO,,,
1743.3333333333333,5230,nan,0.0,NO,,,
1743.3333333333333,5230,nan,0.0,NO,,,
1743.3333333333333,5230,nan,0.0,NO,,,
1743.3333333333333,5230,nan,0.0,NO,,,
1743.3333333333333,5230,nan,0.0,NO,,,
1743.3333333333333,5230,nan,0.0,NO,,,
1743.3333333333333,5230,nan,0.0,NO,,,
1743.3333333333333,5230,nan,0.0,NO,,,
1743.3333333333333,5230,nan,0.0,NO,,,
1743.3333333333333,5230,nan,0.0,NO,,,
1746.6666666666667,5240,nan,1.0,NO,,,
1746.6666666666667,5240,nan,1.0,NO,,,
1746.6666666666667,5240,nan,1.0,NO,,,
1746.6666666666667,5240,nan,1.0,NO,,,
1746.6666666666667,5240,nan,1.0,NO,,,
1746.6666666666667,5240,nan,1.0,NO,,,
1746.6666666666667,5240,nan,1.0,NO,,,
1746.6666666666667,5240,nan,1.0,NO,,,
1746.6666666666667,5240,nan,1.0,NO,,,
1746.6666666666667,5240,nan,1.0,NO,,,
1750.0,5250,nan,0.0,NO,,,
1750.0,5250,nan,0.0,NO,,,
1750.0,5250,nan,0.0,NO,,,
1750.0,5250,nan,0.0,NO,,,
1750.0,5250,nan,0.0,NO,,,
1750.0,5250,nan,0.0,NO,,,
1750.0,5250,nan,0.0,NO,,,
1750.0,5250,nan,0.0,NO,,,
1750.0,5250,nan,0.0,NO,,,
1750.0,5250,nan,0.0,NO,,,
1753.3333333333333,5260,nan,0.0,NO,,,
1753.3333333333333,5260,nan,0.0,NO,,,
1753.3333333333333,5260,nan,0.0,NO,,,
1753.3333333333333,5260,nan,0.0,NO,,,
1753.3333333333333,5260,nan,0.0,NO,,,
1753.3333333333333,5260,nan,0.0,NO,,,
1753.3333333333333,5260,nan,0.0,NO,,,
1753.3333333333333,5260,nan,0.0,NO,,,
1753.3333333333333,5260,nan,0.0,NO,,,
1753.3333333333333,5260,nan,0.0,NO,,,
1756.6666666666667,5270,nan,1.0,NO,,,
1756.6666666666667,5270,nan,1.0,NO,,,
1756.6666666666667,5270,nan,1.0,NO,,,
1756.6666666666667,5270,nan,1.0,NO,,,
1756.6666666666667,5270,nan,1.0,NO,,,
1756.6666666666667,5270,nan,1.0,NO,,,
1756.6666666666667,5270,nan,1.0,NO,,,
1756.6666666666667,5270,nan,1.0,NO,,,
1756.6666666666667,5270,nan,1.0,NO,,,
1756.6666666666667,5270,nan,1.0,NO,,,
1760.0,5280,nan,0.0,NO,,,
1760.0,5280,nan,0.0,NO,,,
1760.0,5280,nan,0.0,NO,,,
1760.0,5280,nan,0.0,NO,,,
1760.0,5280,nan,0.0,NO,,,
1760.0,5280,nan,0.0,NO,,,
1760.0,5280,nan,0.0,NO,,,
1760.0,5280,nan,0.0,NO,,,
1760.0,5280,nan,0.0,NO,,,
1760.0,5280,nan,0.0,NO,,,
1763.3333333333333,5290,nan,0.0,NO,,,
1763.3333333333333,5290,nan,0.0,NO,,,
1763.3333333333333,5290,nan,0.0,NO,,,
1763.3333333333333,5290,nan,0.0,NO,,,
1763.3333333333333,5290,nan,0.0,NO,,,
1763.3333333333333,5290,nan,0.0,NO,,,
1763.3333333333333,5290,nan,0.0,NO,,,
1763.3333333333333,5290,nan,0.0,NO,,,
1763.3333333333333,5290,nan,0.0,NO,,,
1763.3333333333333,5290,nan,0.0,NO,,,
1766.6666666666667,5300,nan,1.0,NO,,,
1766.6666666666667,5300,nan,1.0,NO,,,
1766.6666666666667,5300,nan,1.0,NO,,,
1766.6666666666667,5300,nan,1.0,NO,,,
1766.6666666666667,5300,nan,1.0,NO,,,
1766.6666666666667,5300,nan,1.0,NO,,,
1766.6666666666667,5300,nan,1.0,NO,,,
1766.6666666666667,5300,nan,1.0,NO,,,
1766.6666666666667,5300,nan,1.0,NO,,,
1766.6666666666667,5300,nan,1.0,NO,,,
1770.0,5310,nan,0.0,NO,,,
1770.0,5310,nan,0.0,NO,,,
1770.0,5310,nan,0.0,NO,,,
1770.0,5310,nan,0.0,NO,,,
1770.0,5310,nan,0.0,NO,,,
1770.0,5310,nan,0.0,NO,,,
1770.0,5310,nan,0.0,NO,,,
1770.0,5310,nan,0.0,NO,,,
1770.0,5310,nan,0.0,NO,,,
1770.0,5310,nan,0.0,NO,,,
1773.3333333333333,5320,nan,0.0,NO,,,
1773.3333333333333,5320,nan,0.0,NO,,,
1773.3333333333333,5320,nan,0.0,NO,,,
1773.3333333333333,5320,nan,0.0,NO,,,
1773.3333333333333,5320,nan,0.0,NO,,,
1773.3333333333333,5320,nan,0.0,NO,,,
1773.3333333333333,5320,nan,0.0,NO,,,
1773.3333333333333,5320,nan,0.0,NO,,,
1773.3333333333333,5320,nan,0.0,NO,,,
1773.3333333333333,5320,nan,0.0,NO,,,
1776.6666666666667,5330,nan,1.0,NO,,,
1776.6666666666667,5330,nan,1.0,NO,,,
1776.6666666666667,5330,nan,1.0,NO,,,
1776.6666666666667,5330,nan,1.0,NO,,,
1776.6666666666667,5330,nan,1.0,NO,,,
1776.6666666666667,5330,nan,1.0,NO,,,
1776.6666666666667,5330,nan,1.0,NO,,,
1776.6666666666667,5330,nan,1.0,NO,,,
1776.6666666666667,5330,nan,1.0,NO,,,
1776.6666666666667,5330,nan,1.0,NO,,,
1780.0,5340,nan,0.0,NO,,,
1780.0,5340,nan,0.0,NO,,,
1780.0,5340,nan,0.0,NO,,,
1780.0,5340,nan,0.0,NO,,,
1780.0,5340,nan,0.0,NO,,,
1780.0,5340,nan,0.0,NO,,,
1780.0,5340,nan,0.0,NO,,,
1780.0,5340,nan,0.0,NO,,,
1780.0,5340,nan,0.0,NO,,,
1780.0,5340,nan,0.0,NO,,,
1783.3333333333333,5350,nan,0.0,NO,,,
1783.3333333333333,5350,nan,0.0,NO,,,
1783.3333333333333,5350,nan,0.0,NO,,,
1783.3333333333333,5350,nan,0.0,NO,,,
1783.3333333333333,5350,nan,0.0,NO,,,
1783.3333333333333,5350,nan,0.0,NO,,,
1783.3333333333333,5350,nan,0.0,NO,,,
1783.3333333333333,5350,nan,0.0,NO,,,
1783.3333333333333,5350,nan,0.0,NO,,,
1783.3333333333333,5350,nan,0.0,NO,,,
1786.6666666666667,5360,nan,1.0,NO,,,
1786.6666666666667,5360,nan,1.0,NO,,,
1786.6666666666667,5360,nan,1.0,NO,,,
1786.6666666666667,5360,nan,1.0,NO,,,
1786.6666666666667,5360,nan,1.0,NO,,,
1786.6666666666667,5360,nan,1.0,NO,,,
1786.6666666666667,5360,nan,1.0,NO,,,
1786.6666666666667,5360,nan,1.0,NO,,,
1786.6666666666667,5360,nan,1.0,NO,,,
1786.6666666666667,5360,nan,1.0,NO,,,
1790.0,5370,nan,0.0,NO,,,
1790.0,5370,nan,0.0,NO,,,
1790.0,5370,nan,0.0,NO,,,
1790.0,5370,nan,0.0,NO,,,
1790.0,5370,nan,0.0,NO,,,
1790.0,5370,nan,0.0,NO,,,
1790.0,5370,nan,0.0,NO,,,
1790.0,5370,nan,0.0,NO,,,
1790.0,5370,nan,0.0,NO,,,
1790.0,5370,nan,0.0,NO,,,
1793.3333333333333,5380,nan,0.0,NO,,,
1793.3333333333333,5380,nan,0.0,NO,,,
1793.3333333333333,5380,nan,0.0,NO,,,
1793.3333333333333,5380,nan,0.0,NO,,,
1793.3333333333333,5380,nan,0.0,NO,,,
1793.3333333333333,5380,nan,0.0,NO,,,
1793.3333333333333,5380,nan,0.0,NO,,,
1793.3333333333333,5380,nan,0.0,NO,,,
1793.3333333333333,5380,nan,0.0,NO,,,
1793.3333333333333,5380,nan,0.0,NO,,,
1796.6666666666667,5390,nan,1.0,NO,,,
1796.6666666666667,5390,nan,1.0,NO,,,
1796.6666666666667,5390,nan,1.0,NO,,,
1796.6666666666667,5390,nan,1.0,NO,,,
1796.6666666666667,5390,nan,1.0,NO,,,
1796.6666666666667,5390,nan,1.0,NO,,,
1796.6666666666667,5390,nan,1.0,NO,,,
1796.6666666666667,5390,nan,1.0,NO,,,
1796.6666666666667,5390,nan,1.0,NO,,,
1796.6666666666667,5390,nan,1.0,YES,nan,0.2,
1800.0,5400,nan,0.0,NO,,,
1800.0,5400,nan,0.0,NO,,,
1800.0,5400,nan,0.0,NO,,,
1800.0,5400,nan,0.0,NO,,,
1800.0,5400,nan,0.0,NO,,,
1800.0,5400,nan,0.0,NO,,,
1800.0,5400,nan,0.0,NO,,,
1800.0,5400,nan,0.0,NO,,,
1800.0,5400,nan,0.0,NO,,,
1800.0,5400,nan,0.0,NO,,,
1803.3333333333333,5410,nan,0.0,NO,,,
1803.3333333333333,5410,nan,0.0,NO,,,
1803.3333333333333,5410,nan,0.0,NO,,,
1803.3333333333333,5410,nan,0.0,NO,,,
1803.3333333333333,5410,nan,0.0,NO,,,
1803.3333333333333,5410,nan,0.0,NO,,,
1803.3333333333333,5410,nan,0.0,NO,,,
1803.3333333333333,5410,nan,0.0,NO,,,
1803.3333333333333,5410,nan,0.0,NO,,,
1803.3333333333333,5410,nan,0.0,NO,,,
1806.6666666666667,5420,nan,1.0,NO,,,
1806.6666666666667,5420,nan,1.0,NO,,,
1806.6666666666667,5420,nan,1.0,NO,,,
1806.6666666666667,5420,nan,1.0,NO,,,
1806.6666666666667,5420,nan,1.0,NO,,,
1806.6666666666667,5420,nan,1.0,NO,,,
1806.6666666666667,5420,nan,1.0,NO,,,
1806.6666666666667,5420,nan,1.0,NO,,,
1806.6666666666667,5420,nan,1.0,NO,,,
1806.6666666666667,5420,nan,1.0,NO,,,
1810.0,5430,nan,0.0,NO,,,
1810.0,5430,nan,0.0,NO,,,
1810.0,5430,nan,0.0,NO,,,
1810.0,5430,nan,0.0,NO,,,
1810.0,5430,nan,0.0,NO,,,
1810.0,5430,nan,0.0,NO,,,
1810.0,5430,nan,0.0,NO,,,
1810.0,5430,nan,0.0,NO,,,
1810.0,5430,nan,0.0,NO,,,
1810.0,5430,nan,0.0,NO,,,
1813.3333333333333,5440,nan,0.0,NO,,,
1813.3333333333333,5440,nan,0.0,NO,,,
1813.3333333333333,5440,nan,0.0,NO,,,
1813.3333333333333,5440,nan,0.0,NO,,,
1813.3333333333333,5440,nan,0.0,NO,,,
1813.3333333333333,5440,nan,0.0,NO,,,
1813.3333333333333,5440,nan,0.0,NO,,,
1813.3333333333333,5440,nan,0.0,NO,,,
1813.3333333333333,5440,nan,0.0,NO,,,
1813.3333333333333,5440,nan,0.0,NO,,,
1816.6666666666667,5450,nan,1.0,NO,,,
1816.6666666666667,5450,nan,1.0,NO,,,
1816.6666666666667,5450,nan,1.0,NO,,,
1816.6666666666667,5450,nan,1.0,NO,,,
1816.6666666666667,5450,nan,1.0,NO,,,
1816.6666666666667,5450,nan,1.0,NO,,,
1816.6666666666667,5450,nan,1.0,NO,,,
1816.6666666666667,5450,nan,1.0,NO,,,
1816.6666666666667,5450,nan,1.0,NO,,,
1816.6666666666667,5450,nan,1.0,NO,,,
1820.0,5460,nan,0.0,NO,,,
1820.0,5460,nan,0.0,NO,,,
1820.0,5460,nan,0.0,NO,,,
1820.0,5460,nan,0.0,NO,,,
1820.0,5460,nan,0.0,NO,,,
1820.0,5460,nan,0.0,NO,,,
1820.0,5460,nan,0.0,NO,,,
1820.0,5460,nan,0.0,NO,,,
1820.0,5460,nan,0.0,NO,,,
1820.0,5460,nan,0.0,NO,,,
1823.3333333333333,5470,nan,0.0,NO,,,
1823.3333333333333,5470,nan,0.0,NO,,,
1823.3333333333333,5470,nan,0.0,NO,,,
1823.3333333333333,5470,nan,0.0,NO,,,
1823.3333333333333,5470,nan,0.0,NO,,,
1823.3333333333333,5470,nan,0.0,NO,,,
1823.3333333333333,5470,nan,0.0,NO,,,
1823.3333333333333,5470,nan,0.0,NO,,,
1823.3333333333333,5470,nan,0.0,NO,,,
1823.3333333333333,5470,nan,0.0,NO,,,
1826.6666666666667,5480,nan,1.0,NO,,,
1826.6666666666667,5480,nan,1.0,NO,,,
1826.6666666666667,5480,nan,1.0,NO,,,
1826.6666666666667,5480,nan,1.0,NO,,,
1826.6666666666667,5480,nan,1.0,NO,,,
1826.6666666666667,5480,nan,1.0,NO,,,
1826.6666666666667,5480,nan,1.0,NO,,,
1826.6666666666667,5480,nan,1.0,NO,,,
1826.6666666666667,5480,nan,1.0,NO,,,
1826.6666666666667,5480,nan,1.0,NO,,,
1830.0,5490,nan,0.0,NO,,,
1830.0,5490,nan,0.0,NO,,,
1830.0,5490,nan,0.0,NO,,,
1830.0,5490,nan,0.0,NO,,,
1830.0,5490,nan,0.0,NO,,,
1830.0,5490,nan,0.0,NO,,,
1830.0,5490,nan,0.0,NO,,,
1830.0,5490,nan,0.0,NO,,,
1830.0,5490,nan,0.0,NO,,,
1830.0,5490,nan,0.0,NO,,,
1833.3333333333333,5500,nan,0.0,NO,,,
1833.3333333333333,5500,nan,0.0,NO,,,
1833.3333333333333,5500,nan,0.0,NO,,,
1833.3333333333333,5500,nan,0.0,NO,,,
1833.3333333333333,5500,nan,0.0,NO,,,
1833.3333333333333,5500,nan,0.0,NO,,,
1833.3333333333333,5500,nan,0.0,NO,,,
1833.3333333333333,5500,nan,0.0,NO,,,
1833.3333333333333,5500,nan,0.0,NO,,,
1833.3333333333333,5500,nan,0.0,NO,,,
1836.6666666666667,5510,nan,1.0,NO,,,
1836.6666666666667,5510,nan,1.0,NO,,,
1836.6666666666667,5510,nan,1.0,NO,,,
1836.6666666666667,5510,nan,1.0,NO,,,
1836.6666666666667,5510,nan,1.0,NO,,,
1836.6666666666667,5510,nan,1.0,NO,,,
1836.6666666666667,5510,nan,1.0,NO,,,
1836.6666666666667,5510,nan,1.0,NO,,,
1836.6666666666667,5510,nan,1.0,NO,,,
1836.6666666666667,5510,nan,1.0,NO,,,
1840.0,5520,nan,0.0,NO,,,
1840.0,5520,nan,0.0,NO,,,
1840.0,5520,nan,0.0,NO,,,
1840.0,5520,nan,0.0,NO,,,
1840.0,5520,nan,0.0,NO,,,
1840.0,5520,nan,0.0,NO,,,
1840.0,5520,nan,0.0,NO,,,
1840.0,5520,nan,0.0,NO,,,
1840.0,5520,nan,0.0,NO,,,
1840.0,5520,nan,0.0,NO,,,
1843.3333333333333,5530,nan,0.0,NO,,,
1843.3333333333333,5530,nan,0.0,NO,,,
1843.3333333333333,5530,nan,0.0,NO,,,
1843.3333333333333,5530,nan,0.0,NO,,,
1843.3333333333333,5530,nan,0.0,NO,,,
1843.3333333333333,5530,nan,0.0,NO,,,
1843.3333333333333,5530,nan,0.0,NO,,,
1843.3333333333333,5530,nan,0.0,NO,,,
1843.3333333333333,5530,nan,0.0,NO,,,
1843.3333333333333,5530,nan,0.0,NO,,,
1846.6666666666667,5540,nan,1.0,NO,,,
1846.6666666666667,5540,nan,1.0,NO,,,
1846.6666666666667,5540,nan,1.0,NO,,,
1846.6666666666667,5540,nan,1.0,NO,,,
1846.6666666666667,5540,nan,1.0,NO,,,
1846.6666666666667,5540,nan,1.0,NO,,,
1846.6666666666667,5540,nan,1.0,NO,,,
1846.6666666666667,5540,nan,1.0,NO,,,
1846.6666666666667,5540,nan,1.0,NO,,,
1846.6666666666667,5540,nan,1.0,NO,,,
1850.0,5550,nan,0.0,NO,,,
1850.0,5550,nan,0.0,NO,,,
1850.0,5550,nan,0.0,NO,,,
1850.0,5550,nan,0.0,NO,,,
1850.0,5550,nan,0.0,NO,,,
1850.0,5550,nan,0.0,NO,,,
1850.0,5550,nan,0.0,NO,,,
1850.0,5550,nan,0.0,NO,,,
1850.0,5550,nan,0.0,NO,,,
1850.0,5550,nan,0.0,NO,,,
1853.3333333333333,5560,nan,0.0,NO,,,
1853.3333333333333,5560,nan,0.0,NO,,,
1853.3333333333333,5560,nan,0.0,NO,,,
1853.3333333333333,5560,nan,0.0,NO,,,
1853.3333333333333,5560,nan,0.0,NO,,,
1853.3333333333333,5560,nan,0.0,NO,,,
1853.3333333333333,5560,nan,0.0,NO,,,
1853.3333333333333,5560,nan,0.0,NO,,,
1853.3333333333333,5560,nan,0.0,NO,,,
1853.3333333333333,5560,nan,0.0,NO,,,
1856.6666666666667,5570,nan,1.0,NO,,,
1856.6666666666667,5570,nan,1.0,NO,,,
1856.6666666666667,5570,nan,1.0,NO,,,
1856.6666666666667,5570,nan,1.0,NO,,,
1856.6666666666667,5570,nan,1.0,NO,,,
1856.6666666666667,5570,nan,1.0,NO,,,
1856.6666666666667,5570,nan,1.0,NO,,,
1856.6666666666667,5570,nan,1.0,NO,,,
1856.6666666666667,5570,nan,1.0,NO,,,
1856.6666666666667,5570,nan,1.0,NO,,,
1860.0,5580,nan,0.0,NO,,,
1860.0,5580,nan,0.0,NO,,,
1860.0,5580,nan,0.0,NO,,,
1860.0,5580,nan,0.0,NO,,,
1860.0,5580,nan,0.0,NO,,,
1860.0,5580,nan,0.0,NO,,,
1860.0,5580,nan,0.0,NO,,,
1860.0,5580,nan,0.0,NO,,,
1860.0,5580,nan,0.0,NO,,,
1860.0,5580,nan,0.0,NO,,,
1863.3333333333333,5590,nan,0.0,NO,,,
1863.3333333333333,5590,nan,0.0,NO,,,
1863.3333333333333,5590,nan,0.0,NO,,,
1863.3333333333333,5590,nan,0.0,NO,,,
1863.3333333333333,5590,nan,0.0,NO,,,
1863.3333333333333,5590,nan,0.0,NO,,,
1863.3333333333333,5590,nan,0.0,NO,,,
1863.3333333333333,5590,nan,0.0,NO,,,
1863.3333333333333,5590,nan,0.0,NO,,,
1863.3333333333333,5590,nan,0.0,YES,nan,0.2,
1866.6666666666667,5600,nan,1.0,NO,,,
1866.6666666666667,5600,nan,1.0,NO,,,
1866.6666666666667,5600,nan,1.0,NO,,,
1866.6666666666667,5600,nan,1.0,NO,,,
1866.6666666666667,5600,nan,1.0,NO,,,
1866.6666666666667,5600,nan,1.0,NO,,,
1866.6666666666667,5600,nan,1.0,NO,,,
1866.6666666666667,5600,nan,1.0,NO,,,
1866.6666666666667,5600,nan,1.0,NO,,,
1866.6666666666667,5600,nan,1.0,NO,,,
1870.0,5610,nan,0.0,NO,,,
1870.0,5610,nan,0.0,NO,,,
1870.0,5610,nan,0.0,NO,,,
1870.0,5610,nan,0.0,NO,,,
1870.0,5610,nan,0.0,NO,,,
1870.0,5610,nan,0.0,NO,,,
1870.0,5610,nan,0.0,NO,,,
1870.0,5610,nan,0.0,NO,,,
1870.0,5610,nan,0.0,NO,,,
1870.0,5610,nan,0.0,NO,,,
1873.3333333333333,5620,nan,0.0,NO,,,
1873.3333333333333,5620,nan,0.0,NO,,,
1873.3333333333333,5620,nan,0.0,NO,,,
1873.3333333333333,5620,nan,0.0,NO,,,
1873.3333333333333,5620,nan,0.0,NO,,,
1873.3333333333333,5620,nan,0.0,NO,,,
1873.3333333333333,5620,nan,0.0,NO,,,
1873.3333333333333,5620,nan,0.0,NO,,,
1873.3333333333333,5620,nan,0.0,NO,,,
1873.3333333333333,5620,nan,0.0,NO,,,
1876.6666666666667,5630,nan,1.0,NO,,,
1876.6666666666667,5630,nan,1.0,NO,,,
1876.6666666666667,5630,nan,1.0,NO,,,
1876.6666666666667,5630,nan,1.0,NO,,,
1876.6666666666667,5630,nan,1.0,NO,,,
1876.6666666666667,5630,nan,1.0,NO,,,
1876.6666666666667,5630,nan,1.0,NO,,,
1876.6666666666667,5630,nan,1.0,NO,,,
1876.6666666666667,5630,nan,1.0,NO,,,
1876.6666666666667,5630,nan,1.0,NO,,,
1880.0,5640,nan,0.0,NO,,,
1880.0,5640,nan,0.0,NO,,,
1880.0,5640,nan,0.0,NO,,,
1880.0,5640,nan,0.0,NO,,,
1880.0,5640,nan,0.0,NO,,,
1880.0,5640,nan,0.0,NO,,,
1880.0,5640,nan,0.0,NO,,,
1880.0,5640,nan,0.0,NO,,,
1880.0,5640,nan,0.0,NO,,,
1880.0,5640,nan,0.0,NO,,,
1883.3333333333333,5650,nan,0.0,NO,,,
1883.3333333333333,5650,nan,0.0,NO,,,
1883.3333333333333,5650,nan,0.0,NO,,,
1883.3333333333333,5650,nan,0.0,NO,,,
1883.3333333333333,5650,nan,0.0,NO,,,
1883.3333333333333,5650,nan,0.0,NO,,,
1883.3333333333333,5650,nan,0.0,NO,,,
1883.3333333333333,5650,nan,0.0,NO,,,
1883.3333333333333,5650,nan,0.0,NO,,,
1883.3333333333333,5650,nan,0.0,NO,,,
1886.6666666666667,5660,nan,1.0,NO,,,
1886.6666666666667,5660,nan,1.0,NO,,,
1886.6666666666667,5660,nan,1.0,NO,,,
1886.6666666666667,5660,nan,1.0,NO,,,
1886.6666666666667,5660,nan,1.0,NO,,,
1886.6666666666667,5660,nan,1.0,NO,,,
1886.6666666666667,5660,nan,1.0,NO,,,
1886.6666666666667,5660,nan,1.0,NO,,,
1886.6666666666667,5660,nan,1.0,NO,,,
1886.6666666666667,5660,nan,1.0,NO,,,
1890.0,5670,nan,0.0,NO,,,
1890.0,5670,nan,0.0,NO,,,
1890.0,5670,nan,0.0,NO,,,
1890.0,5670,nan,0.0,NO,,,
1890.0,5670,nan,0.0,NO,,,
1890.0,5670,nan,0.0,NO,,,
1890.0,5670,nan,0.0,NO,,,
1890.0,5670,nan,0.0,NO,,,
1890.0,5670,nan,0.0,NO,,,
1890.0,5670,nan,0.0,NO,,,
1893.3333333333333,5680,nan,0.0,NO,,,
1893.3333333333333,5680,nan,0.0,NO,,,
1893.3333333333333,5680,nan,0.0,NO,,,
1893.3333333333333,5680,nan,0.0,NO,,,
1893.3333333333333,5680,nan,0.0,NO,,,
1893.3333333333333,5680,nan,0.0,NO,,,
1893.3333333333333,5680,nan,0.0,NO,,,
1893.3333333333333,5680,nan,0.0,NO,,,
1893.3333333333333,5680,nan,0.0,NO,,,
1893.3333333333333,5680,nan,0.0,NO,,,
1896.6666666666667,5690,nan,1.0,NO,,,
1896.6666666666667,5690,nan,1.0,NO,,,
1896.6666666666667,5690,nan,1.0,NO,,,
1896.6666666666667,5690,nan,1.0,NO,,,
1896.6666666666667,5690,nan,1.0,NO,,,
1896.6666666666667,5690,nan,1.0,NO,,,
1896.6666666666667,5690,nan,1.0,NO,,,
1896.6666666666667,5690,nan,1.0,NO,,,
1896.6666666666667,5690,nan,1.0,NO,,,
1896.6666666666667,5690,nan,1.0,NO,,,
1900.0,5700,nan,0.0,NO,,,
1900.0,5700,nan,0.0,NO,,,
1900.0,5700,nan,0.0,NO,,,
1900.0,5700,nan,0.0,NO,,,
1900.0,5700,nan,0.0,NO,,,
1900.0,5700,nan,0.0,NO,,,
1900.0,5700,nan,0.0,NO,,,
1900.0,5700,nan,0.0,NO,,,
1900.0,5700,nan,0.0,NO,,,
1900.0,5700,nan,0.0,NO,,,
1903.3333333333333,5710,nan,0.0,NO,,,
1903.3333333333333,5710,nan,0.0,NO,,,
1903.3333333333333,5710,nan,0.0,NO,,,
1903.3333333333333,5710,nan,0.0,NO,,,
1903.3333333333333,5710,nan,0.0,NO,,,
1903.3333333333333,5710,nan,0.0,NO,,,
1903.3333333333333,5710,nan,0.0,NO,,,
1903.3333333333333,5710,nan,0.0,NO,,,
1903.3333333333333,5710,nan,0.0,NO,,,
1903.3333333333333,5710,nan,0.0,NO,,,
1906.6666666666667,5720,nan,1.0,NO,,,
1906.6666666666667,5720,nan,1.0,NO,,,
1906.6666666666667,5720,nan,1.0,NO,,,
1906.6666666666667,5720,nan,1.0,NO,,,
1906.6666666666667,5720,nan,1.0,NO,,,
1906.6666666666667,5720,nan,1.0,NO,,,
1906.6666666666667,5720,nan,1.0,NO,,,
1906.6666666666667,5720,nan,1.0,NO,,,
1906.6666666666667,5720,nan,1.0,NO,,,
1906.6666666666667,5720,nan,1.0,NO,,,
1910.0,5730,nan,0.0,NO,,,
1910.0,5730,nan,0.0,NO,,,
1910.0,5730,nan,0.0,NO,,,
1910.0,5730,nan,0.0,NO,,,
1910.0,5730,nan,0.0,NO,,,
1910.0,5730,nan,0.0,NO,,,
1910.0,5730,nan,0.0,NO,,,
1910.0,5730,nan,0.0,NO,,,
1910.0,5730,nan,0.0,NO,,,
1910.0,5730,nan,0.0,NO,,,
1913.3333333333333,5740,nan,0.0,NO,,,
1913.3333333333333,5740,nan,0.0,NO,,,
1913.3333333333333,5740,nan,0.0,NO,,,
1913.3333333333333,5740,nan,0.0,NO,,,
1913.3333333333333,5740,nan,0.0,NO,,,
1913.3333333333333,5740,nan,0.0,NO,,,
1913.3333333333333,5740,nan,0.0,NO,,,
1913.3333333333333,5740,nan,0.0,NO,,,
1913.3333333333333,5740,nan,0.0,NO,,,
1913.3333333333333,5740,nan,0.0,NO,,,
1916.6666666666667,5750,nan,1.0,NO,,,
1916.6666666666667,5750,nan,1.0,NO,,,
1916.6666666666667,5750,nan,1.0,NO,,,
1916.6666666666667,5750,nan,1.0,NO,,,
1916.6666666666667,5750,nan,1.0,NO,,,
1916.6666666666667,5750,nan,1.0,NO,,,
1916.6666666666667,5750,nan,1.0,NO,,,
1916.6666666666667,5750,nan,1.0,NO,,,
1916.6666666666667,5750,nan,1.0,NO,,,
1916.6666666666667,5750,nan,1.0,NO,,,
1920.0,5760,nan,0.0,NO,,,
1920.0,5760,nan,0.0,NO,,,
1920.0,5760,nan,0.0,NO,,,
1920.0,5760,nan,0.0,NO,,,
1920.0,5760,nan,0.0,NO,,,
1920.0,5760,nan,0.0,NO,,,
1920.0,5760,nan,0.0,NO,,,
1920.0,5760,nan,0.0,NO,,,
1920.0,5760,nan,0.0,NO,,,
1920.0,5760,nan,0.0,NO,,,
1923.3333333333333,5770,nan,0.0,NO,,,
1923.3333333333333,5770,nan,0.0,NO,,,
1923.3333333333333,5770,nan,0.0,NO,,,
1923.3333333333333,5770,nan,0.0,NO,,,
1923.3333333333333,5770,nan,0.0,NO,,,
1923.3333333333333,5770,nan,0.0,NO,,,
1923.3333333333333,5770,nan,0.0,NO,,,
1923.3333333333333,5770,nan,0.0,NO,,,
1923.3333333333333,5770,nan,0.0,NO,,,
1923.3333333333333,5770,nan,0.0,NO,,,
1926.6666666666667,5780,nan,1.0,NO,,,
1926.6666666666667,5780,nan,1.0,NO,,,
1926.6666666666667,5780,nan,1.0,NO,,,
1926.6666666666667,5780,nan,1.0,NO,,,
1926.6666666666667,5780,nan,1.0,NO,,,
1926.6666666666667,5780,nan,1.0,NO,,,
1926.6666666666667,5780,nan,1.0,NO,,,
1926.6666666666667,5780,nan,1.0,NO,,,
1926.6666666666667,5780,nan,1.0,NO,,,
1926.6666666666667,5780,nan,1.0,NO,,,
1930.0,5790,nan,0.0,NO,,,
1930.0,5790,nan,0.0,NO,,,
1930.0,5790,nan,0.0,NO,,,
1930.0,5790,nan,0.0,NO,,,
1930.0,5790,nan,0.0,NO,,,
1930.0,5790,nan,0.0,NO,,,
1930.0,5790,nan,0.0,NO,,,
1930.0,5790,nan,0.0,NO,,,
1930.0,5790,nan,0.0,NO,,,
1930.0,5790,nan,0.0,YES,nan,0.2,
1933.3333333333333,5800,nan,0.0,NO,,,
1933.3333333333333,5800,nan,0.0,NO,,,
1933.3333333333333,5800,nan,0.0,NO,,,
1933.3333333333333,5800,nan,0.0,NO,,,
1933.3333333333333,5800,nan,0.0,NO,,,
1933.3333333333333,5800,nan,0.0,NO,,,
1933.3333333333333,5800,nan,0.0,NO,,,
1933.3333333333333,5800,nan,0.0,NO,,,
1933.3333333333333,5800,nan,0.0,NO,,,
1933.3333333333333,5800,nan,0.0,NO,,,
1936.6666666666667,5810,nan,1.0,NO,,,
1936.6666666666667,5810,nan,1.0,NO,,,
1936.6666666666667,5810,nan,1.0,NO,,,
1936.6666666666667,5810,nan,1.0,NO,,,
1936.6666666666667,5810,nan,1.0,NO,,,
1936.6666666666667,5810,nan,1.0,NO,,,
1936.6666666666667,5810,nan,1.0,NO,,,
1936.6666666666667,5810,nan,1.0,NO,,,
1936.6666666666667,5810,nan,1.0,NO,,,
1936.6666666666667,5810,nan,1.0,NO,,,
1940.0,5820,nan,0.0,NO,,,
1940.0,5820,nan,0.0,NO,,,
1940.0,5820,nan,0.0,NO,,,
1940.0,5820,nan,0.0,NO,,,
1940.0,5820,nan,0.0,NO,,,
1940.0,5820,nan,0.0,NO,,,
1940.0,5820,nan,0.0,NO,,,
1940.0,5820,nan,0.0,NO,,,
1940.0,5820,nan,0.0,NO,,,
1940.0,5820,nan,0.0,NO,,,
1943.3333333333333,5830,nan,0.0,NO,,,
1943.3333333333333,5830,nan,0.0,NO,,,
1943.3333333333333,5830,nan,0.0,NO,,,
1943.3333333333333,5830,nan,0.0,NO,,,
1943.3333333333333,5830,nan,0.0,NO,,,
1943.3333333333333,5830,nan,0.0,NO,,,
1943.3333333333333,5830,nan,0.0,NO,,,
1943.3333333333333,5830,nan,0.0,NO,,,
1943.3333333333333,5830,nan,0.0,NO,,,
1943.3333333333333,5830,nan,0.0,NO,,,
1946.6666666666667,5840,nan,1.0,NO,,,
1946.6666666666667,5840,nan,1.0,NO,,,
1946.6666666666667,5840,nan,1.0,NO,,,
1946.6666666666667,5840,nan,1.0,NO,,,
1946.6666666666667,5840,nan,1.0,NO,,,
1946.6666666666667,5840,nan,1.0,NO,,,
1946.6666666666667,5840,nan,1.0,NO,,,
1946.6666666666667,5840,nan,1.0,NO,,,
1946.6666666666667,5840,nan,1.0,NO,,,
1946.6666666666667,5840,nan,1.0,NO,,,
1950.0,5850,nan,0.0,NO,,,
1950.0,5850,nan,0.0,NO,,,
1950.0,5850,nan,0.0,NO,,,
1950.0,5850,nan,0.0,NO,,,
1950.0,5850,nan,0.0,NO,,,
1950.0,5850,nan,0.0,NO,,,
1950.0,5850,nan,0.0,NO,,,
1950.0,5850,nan,0.0,NO,,,
1950.0,5850,nan,0.0,NO,,,
1950.0,5850,nan,0.0,NO,,,
1953.3333333333333,5860,nan,0.0,NO,,,
1953.3333333333333,5860,nan,0.0,NO,,,
1953.3333333333333,5860,nan,0.0,NO,,,
1953.3333333333333,5860,nan,0.0,NO,,,
1953.3333333333333,5860,nan,0.0,NO,,,
1953.3333333333333,5860,nan,0.0,NO,,,
1953.3333333333333,5860,nan,0.0,NO,,,
1953.3333333333333,5860,nan,0.0,NO,,,
1953.3333333333333,5860,nan,0.0,NO,,,
1953.3333333333333,5860,nan,0.0,NO,,,
1956.6666666666667,5870,nan,1.0,NO,,,
1956.6666666666667,5870,nan,1.0,NO,,,
1956.6666666666667,5870,nan,1.0,NO,,,
1956.6666666666667,5870,nan,1.0,NO,,,
1956.6666666666667,5870,nan,1.0,NO,,,
1956.6666666666667,5870,nan,1.0,NO,,,
1956.6666666666667,5870,nan,1.0,NO,,,
1956.6666666666667,5870,nan,1.0,NO,,,
1956.6666666666667,5870,nan,1.0,NO,,,
1956.6666666666667,5870,nan,1.0,NO,,,
1960.0,5880,nan,0.0,NO,,,
1960.0,5880,nan,0.0,NO,,,
1960.0,5880,nan,0.0,NO,,,
1960.0,5880,nan,0.0,NO,,,
1960.0,5880,nan,0.0,NO,,,
1960.0,5880,nan,0.0,NO,,,
1960.0,5880,nan,0.0,NO,,,
1960.0,5880,nan,0.0,NO,,,
1960.0,5880,nan,0.0,NO,,,
1960.0,5880,nan,0.0,NO,,,
1963.3333333333333,5890,nan,0.0,NO,,,
1963.3333333333333,5890,nan,0.0,NO,,,
1963.3333333333333,5890,nan,0.0,NO,,,
1963.3333333333333,5890,nan,0.0,NO,,,
1963.3333333333333,5890,nan,0.0,NO,,,
1963.3333333333333,5890,nan,0.0,NO,,,
1963.3333333333333,5890,nan,0.0,NO,,,
1963.3333333333333,5890,nan,0.0,NO,,,
1963.3333333333333,5890,nan,0.0,NO,,,
1963.3333333333333,5890,nan,0.0,NO,,,
1966.6666666666667,5900,nan,1.0,NO,,,
1966.6666666666667,5900,nan,1.0,NO,,,
1966.6666666666667,5900,nan,1.0,NO,,,
1966.6666666666667,5900,nan,1.0,NO,,,
1966.6666666666667,5900,nan,1.0,NO,,,
1966.6666666666667,5900,nan,1.0,NO,,,
1966.6666666666667,5900,nan,1.0,NO,,,
1966.6666666666667,5900,nan,1.0,NO,,,
1966.6666666666667,5900,nan,1.0,NO,,,
1966.6666666666667,5900,nan,1.0,NO,,,
1970.0,5910,nan,0.0,NO,,,
1970.0,5910,nan,0.0,NO,,,
1970.0,5910,nan,0.0,NO,,,
1970.0,5910,nan,0.0,NO,,,
1970.0,5910,nan,0.0,NO,,,
1970.0,5910,nan,0.0,NO,,,
1970.0,5910,nan,0.0,NO,,,
1970.0,5910,nan,0.0,NO,,,
1970.0,5910,nan,0.0,NO,,,
1970.0,5910,nan,0.0,NO,,,
1973.3333333333333,5920,nan,0.0,NO,,,
1973.3333333333333,5920,nan,0.0,NO,,,
1973.3333333333333,5920,nan,0.0,NO,,,
1973.3333333333333,5920,nan,0.0,NO,,,
1973.3333333333333,5920,nan,0.0,NO,,,
1973.3333333333333,5920,nan,0.0,NO,,,
1973.3333333333333,5920,nan,0.0,NO,,,
1973.3333333333333,5920,nan,0.0,NO,,,
1973.3333333333333,5920,nan,0.0,NO,,,
1973.3333333333333,5920,nan,0.0,NO,,,
1976.6666666666667,5930,nan,1.0,NO,,,
1976.6666666666667,5930,nan,1.0,NO,,,
1976.6666666666667,5930,nan,1.0,NO,,,
1976.6666666666667,5930,nan,1.0,NO,,,
1976.6666666666667,5930,nan,1.0,NO,,,
1976.6666666666667,5930,nan,1.0,NO,,,
1976.6666666666667,5930,nan,1.0,NO,,,
1976.6666666666667,5930,nan,1.0,NO,,,
1976.6666666666667,5930,nan,1.0,NO,,,
1976.6666666666667,5930,nan,1.0,NO,,,
1980.0,5940,nan,0.0,NO,,,
1980.0,5940,nan,0.0,NO,,,
1980.0,5940,nan,0.0,NO,,,
1980.0,5940,nan,0.0,NO,,,
1980.0,5940,nan,0.0,NO,,,
1980.0,5940,nan,0.0,NO,,,
1980.0,5940,nan,0.0,NO,,,
1980.0,5940,nan,0.0,NO,,,
1980.0,5940,nan,0.0,NO,,,
1980.0,5940,nan,0.0,NO,,,
1983.3333333333333,5950,nan,0.0,NO,,,
1983.3333333333333,5950,nan,0.0,NO,,,
1983.3333333333333,5950,nan,0.0,NO,,,
1983.3333333333333,5950,nan,0.0,NO,,,
1983.3333333333333,5950,nan,0.0,NO,,,
1983.3333333333333,5950,nan,0.0,NO,,,
1983.3333333333333,5950,nan,0.0,NO,,,
1983.3333333333333,5950,nan,0.0,NO,,,
1983.3333333333333,5950,nan,0.0,NO,,,
1983.3333333333333,5950,nan,0.0,NO,,,
1986.6666666666667,5960,nan,1.0,NO,,,
1986.6666666666667,5960,nan,1.0,NO,,,
1986.6666666666667,5960,nan,1.0,NO,,,
1986.6666666666667,5960,nan,1.0,NO,,,
1986.6666666666667,5960,nan,1.0,NO,,,
1986.6666666666667,5960,nan,1.0,NO,,,
1986.6666666666667,5960,nan,1.0,NO,,,
1986.6666666666667,5960,nan,1.0,NO,,,
1986.6666666666667,5960,nan,1.0,NO,,,
1986.6666666666667,5960,nan,1.0,NO,,,
1990.0,5970,nan,0.0,NO,,,
1990.0,5970,nan,0.0,NO,,,
1990.0,5970,nan,0.0,NO,,,
1990.0,5970,nan,0.0,NO,,,
1990.0,5970,nan,0.0,NO,,,
1990.0,5970,nan,0.0,NO,,,
1990.0,5970,nan,0.0,NO,,,
1990.0,5970,nan,0.0,NO,,,
1990.0,5970,nan,0.0,NO,,,
1990.0,5970,nan,0.0,NO,,,
1993.3333333333333,5980,nan,0.0,NO,,,
1993.3333333333333,5980,nan,0.0,NO,,,
1993.3333333333333,5980,nan,0.0,NO,,,
1993.3333333333333,5980,nan,0.0,NO,,,
1993.3333333333333,5980,nan,0.0,NO,,,
1993.3333333333333,5980,nan,0.0,NO,,,
1993.3333333333333,5980,nan,0.0,NO,,,
1993.3333333333333,5980,nan,0.0,NO,,,
1993.3333333333333,5980,nan,0.0,NO,,,
1993.3333333333333,5980,nan,0.0,NO,,,
1996.6666666666667,5990,nan,1.0,NO,,,
1996.6666666666667,5990,nan,1.0,NO,,,
1996.6666666666667,5990,nan,1.0,NO,,,
1996.6666666666667,5990,nan,1.0,NO,,,
1996.6666666666667,5990,nan,1.0,NO,,,
1996.6666666666667,5990,nan,1.0,NO,,,
1996.6666666666667,5990,nan,1.0,NO,,,
1996.6666666666667,5990,nan,1.0,NO,,,
1996.6666666666667,5990,nan,1.0,NO,,,
1996.6666666666667,5990,nan,1.0,YES,nan,0.2,
2000.0,6000,nan,0.0,NO,,,
2000.0,6000,nan,0.0,NO,,,
2000.0,6000,nan,0.0,NO,,,
2000.0,6000,nan,0.0,NO,,,
2000.0,6000,nan,0.0,NO,,,
2000.0,6000,nan,0.0,NO,,,
2000.0,6000,nan,0.0,NO,,,
2000.0,6000,nan,0.0,NO,,,
2000.0,6000,nan,0.0,NO,,,
2000.0,6000,nan,0.0,NO,,,
2003.3333333333333,6010,nan,0.0,NO,,,
2003.3333333333333,6010,nan,0.0,NO,,,
2003.3333333333333,6010,nan,0.0,NO,,,
2003.3333333333333,6010,nan,0.0,NO,,,
2003.3333333333333,6010,nan,0.0,NO,,,
2003.3333333333333,6010,nan,0.0,NO,,,
2003.3333333333333,6010,nan,0.0,NO,,,
2003.3333333333333,6010,nan,0.0,NO,,,
2003.3333333333333,6010,nan,0.0,NO,,,
2003.3333333333333,6010,nan,0.0,NO,,,
2006.6666666666667,6020,nan,1.0,NO,,,
2006.6666666666667,6020,nan,1.0,NO,,,
2006.6666666666667,6020,nan,1.0,NO,,,
2006.6666666666667,6020,nan,1.0,NO,,,
2006.6666666666667,6020,nan,1.0,NO,,,
2006.6666666666667,6020,nan,1.0,NO,,,
2006.6666666666667,6020,nan,1.0,NO,,,
2006.6666666666667,6020,nan,1.0,NO,,,
2006.6666666666667,6020,nan,1.0,NO,,,
2006.6666666666667,6020,nan,1.0,NO,,,
2010.0,6030,nan,0.0,NO,,,
2010.0,6030,nan,0.0,NO,,,
2010.0,6030,nan,0.0,NO,,,
2010.0,6030,nan,0.0,NO,,,
2010.0,6030,nan,0.0,NO,,,
2010.0,6030,nan,0.0,NO,,,
2010.0,6030,nan,0.0,NO,,,
2010.0,6030,nan,0.0,NO,,,
2010.0,6030,nan,0.0,NO,,,
2010.0,6030,nan,0.0,NO,,,
2013.3333333333333,6040,nan,0.0,NO,,,
2013.3333333333333,6040,nan,0.0,NO,,,
2013.3333333333333,6040,nan,0.0,NO,,,
2013.3333333333333,6040,nan,0.0,NO,,,
2013.3333333333333,6040,nan,0.0,NO,,,
2013.3333333333333,6040,nan,0.0,NO,,,
2013.3333333333333,6040,nan,0.0,NO,,,
2013.3333333333333,6040,nan,0.0,NO,,,
2013.3333333333333,6040,nan,0.0,NO,,,
2013.3333333333333,6040,nan,0.0,NO,,,
2016.6666666666667,6050,nan,1.0,NO,,,
2016.6666666666667,6050,nan,1.0,NO,,,
2016.6666666666667,6050,nan,1.0,NO,,,
2016.6666666666667,6050,nan,1.0,NO,,,
2016.6666666666667,6050,nan,1.0,NO,,,
2016.6666666666667,6050,nan,1.0,NO,,,
2016.6666666666667,6050,nan,1.0,NO,,,
2016.6666666666667,6050,nan,1.0,NO,,,
2016.6666666666667,6050,nan,1.0,NO,,,
2016.6666666666667,6050,nan,1.0,NO,,,
2020.0,6060,nan,0.0,NO,,,
2020.0,6060,nan,0.0,NO,,,
2020.0,6060,nan,0.0,NO,,,
2020.0,6060,nan,0.0,NO,,,
2020.0,6060,nan,0.0,NO,,,
2020.0,6060,nan,0.0,NO,,,
2020.0,6060,nan,0.0,NO,,,
2020.0,6060,nan,0.0,NO,,,
2020.0,6060,nan,0.0,NO,,,
2020.0,6060,nan,0.0,NO,,,
2023.3333333333333,6070,nan,0.0,NO,,,
2023.3333333333333,6070,nan,0.0,NO,,,
2023.3333333333333,6070,nan,0.0,NO,,,
2023.3333333333333,6070,nan,0.0,NO,,,
2023.3333333333333,6070,nan,0.0,NO,,,
2023.3333333333333,6070,nan,0.0,NO,,,
2023.3333333333333,6070,nan,0.0,NO,,,
2023.3333333333333,6070,nan,0.0,NO,,,
2023.3333333333333,6070,nan,0.0,NO,,,
2023.3333333333333,6070,nan,0.0,NO,,,
2026.6666666666667,6080,nan,1.0,NO,,,
2026.6666666666667,6080,nan,1.0,NO,,,
2026.6666666666667,6080,nan,1.0,NO,,,
2026.6666666666667,6080,nan,1.0,NO,,,
2026.6666666666667,6080,nan,1.0,NO,,,
2026.6666666666667,6080,nan,1.0,NO,,,
2026.6666666666667,6080,nan,1.0,NO,,,
2026.6666666666667,6080,nan,1.0,NO,,,
2026.6666666666667,6080,nan,1.0,NO,,,
2026.6666666666667,6080,nan,1.0,NO,,,
2030.0,6090,nan,0.0,NO,,,
2030.0,6090,nan,0.0,NO,,,
2030.0,6090,nan,0.0,NO,,,
2030.0,6090,nan,0.0,NO,,,
2030.0,6090,nan,0.0,NO,,,
2030.0,6090,nan,0.0,NO,,,
2030.0,6090,nan,0.0,NO,,,
2030.0,6090,nan,0.0,NO,,,
2030.0,6090,nan,0.0,NO,,,
2030.0,6090,nan,0.0,NO,,,
2033.3333333333333,6100,nan,0.0,NO,,,
2033.3333333333333,6100,nan,0.0,NO,,,
2033.3333333333333,6100,nan,0.0,NO,,,
2033.3333333333333,6100,nan,0.0,NO,,,
2033.3333333333333,6100,nan,0.0,NO,,,
2033.3333333333333,6100,nan,0.0,NO,,,
2033.3333333333333,6100,nan,0.0,NO,,,
2033.3333333333333,6100,nan,0.0,NO,,,
2033.3333333333333,6100,nan,0.0,NO,,,
2033.3333333333333,6100,nan,0.0,NO,,,
2036.6666666666667,6110,nan,1.0,NO,,,
2036.6666666666667,6110,nan,1.0,NO,,,
2036.6666666666667,6110,nan,1.0,NO,,,
2036.6666666666667,6110,nan,1.0,NO,,,
2036.6666666666667,6110,nan,1.0,NO,,,
2036.6666666666667,6110,nan,1.0,NO,,,
2036.6666666666667,6110,nan,1.0,NO,,,
2036.6666666666667,6110,nan,1.0,NO,,,
2036.6666666666667,6110,nan,1.0,NO,,,
2036.6666666666667,6110,nan,1.0,NO,,,
2040.0,6120,nan,0.0,NO,,,
2040.0,6120,nan,0.0,NO,,,
2040.0,6120,nan,0.0,NO,,,
2040.0,6120,nan,0.0,NO,,,
2040.0,6120,nan,0.0,NO,,,
2040.0,6120,nan,0.0,NO,,,
2040.0,6120,nan,0.0,NO,,,
2040.0,6120,nan,0.0,NO,,,
2040.0,6120,nan,0.0,NO,,,
2040.0,6120,nan,0.0,NO,,,
2043.3333333333333,6130,nan,0.0,NO,,,
2043.3333333333333,6130,nan,0.0,NO,,,
2043.3333333333333,6130,nan,0.0,NO,,,
2043.3333333333333,6130,nan,0.0,NO,,,
2043.3333333333333,6130,nan,0.0,NO,,,
2043.3333333333333,6130,nan,0.0,NO,,,
2043.3333333333333,6130,nan,0.0,NO,,,
2043.3333333333333,6130,nan,0.0,NO,,,
2043.3333333333333,6130,nan,0.0,NO,,,
2043.3333333333333,6130,nan,0.0,NO,,,
2046.6666666666667,6140,nan,1.0,NO,,,
2046.6666666666667,6140,nan,1.0,NO,,,
2046.6666666666667,6140,nan,1.0,NO,,,
2046.6666666666667,6140,nan,1.0,NO,,,
2046.6666666666667,6140,nan,1.0,NO,,,
2046.6666666666667,6140,nan,1.0,NO,,,
2046.6666666666667,6140,nan,1.0,NO,,,
2046.6666666666667,6140,nan,1.0,NO,,,
2046.6666666666667,6140,nan,1.0,NO,,,
2046.6666666666667,6140,nan,1.0,NO,,,
2050.0,6150,nan,0.0,NO,,,
2050.0,6150,nan,0.0,NO,,,
2050.0,6150,nan,0.0,NO,,,
2050.0,6150,nan,0.0,NO,,,
2050.0,6150,nan,0.0,NO,,,
2050.0,6150,nan,0.0,NO,,,
2050.0,6150,nan,0.0,NO,,,
2050.0,6150,nan,0.0,NO,,,
2050.0,6150,nan,0.0,NO,,,
2050.0,6150,nan,0.0,NO,,,
2053.3333333333335,6160,nan,0.0,NO,,,
2053.3333333333335,6160,nan,0.0,NO,,,
2053.3333333333335,6160,nan,0.0,NO,,,
2053.3333333333335,6160,nan,0.0,NO,,,
2053.3333333333335,6160,nan,0.0,NO,,,
2053.3333333333335,6160,nan,0.0,NO,,,
2053.3333333333335,6160,nan,0.0,NO,,,
2053.3333333333335,6160,nan,0.0,NO,,,
2053.3333333333335,6160,nan,0.0,NO,,,
2053.3333333333335,6160,nan,0.0,NO,,,
2056.6666666666665,6170,nan,1.0,NO,,,
2056.6666666666665,6170,nan,1.0,NO,,,
2056.6666666666665,6170,nan,1.0,NO,,,
2056.6666666666665,6170,nan,1.0,NO,,,
2056.6666666666665,6170,nan,1.0,NO,,,
2056.6666666666665,6170,nan,1.0,NO,,,
2056.6666666666665,6170,nan,1.0,NO,,,
2056.6666666666665,6170,nan,1.0,NO,,,
2056.6666666666665,6170,nan,1.0,NO,,,
2056.6666666666665,6170,nan,1.0,NO,,,
2060.0,6180,nan,0.0,NO,,,
2060.0,6180,nan,0.0,NO,,,
2060.0,6180,nan,0.0,NO,,,
2060.0,6180,nan,0.0,NO,,,
2060.0,6180,nan,0.0,NO,,,
2060.0,6180,nan,0.0,NO,,,
2060.0,6180,nan,0.0,NO,,,
2060.0,6180,nan,0.0,NO,,,
2060.0,6180,nan,0.0,NO,,,
2060.0,6180,nan,0.0,NO,,,
2063.3333333333335,6190,nan,0.0,NO,,,
2063.3333333333335,6190,nan,0.0,NO,,,
2063.3333333333335,6190,nan,0.0,NO,,,
2063.3333333333335,6190,nan,0.0,NO,,,
2063.3333333333335,6190,nan,0.0,NO,,,
2063.3333333333335,6190,nan,0.0,NO,,,
2063.3333333333335,6190,nan,0.0,NO,,,
2063.3333333333335,6190,nan,0.0,NO,,,
2063.3333333333335,6190,nan,0.0,NO,,,
2063.3333333333335,6190,nan,0.0,YES,nan,0.2,
2066.6666666666665,6200,nan,1.0,NO,,,
2066.6666666666665,6200,nan,1.0,NO,,,
2066.6666666666665,6200,nan,1.0,NO,,,
2066.6666666666665,6200,nan,1.0,NO,,,
2066.6666666666665,6200,nan,1.0,NO,,,
2066.6666666666665,6200,nan,1.0,NO,,,
2066.6666666666665,6200,nan,1.0,NO,,,
2066.6666666666665,6200,nan,1.0,NO,,,
2066.6666666666665,6200,nan,1.0,NO,,,
2066.6666666666665,6200,nan,1.0,NO,,,
2070.0,6210,nan,0.0,NO,,,
2070.0,6210,nan,0.0,NO,,,
2070.0,6210,nan,0.0,NO,,,
2070.0,6210,nan,0.0,NO,,,
2070.0,6210,nan,0.0,NO,,,
2070.0,6210,nan,0.0,NO,,,
2070.0,6210,nan,0.0,NO,,,
2070.0,6210,nan,0.0,NO,,,
2070.0,6210,nan,0.0,NO,,,
2070.0,6210,nan,0.0,NO,,,
2073.3333333333335,6220,nan,0.0,NO,,,
2073.3333333333335,6220,nan,0.0,NO,,,
2073.3333333333335,6220,nan,0.0,NO,,,
2073.3333333333335,6220,nan,0.0,NO,,,
2073.3333333333335,6220,nan,0.0,NO,,,
2073.3333333333335,6220,nan,0.0,NO,,,
2073.3333333333335,6220,nan,0.0,NO,,,
2073.3333333333335,6220,nan,0.0,NO,,,
2073.3333333333335,6220,nan,0.0,NO,,,
2073.3333333333335,6220,nan,0.0,NO,,,
2076.6666666666665,6230,nan,1.0,NO,,,
2076.6666666666665,6230,nan,1.0,NO,,,
2076.6666666666665,6230,nan,1.0,NO,,,
2076.6666666666665,6230,nan,1.0,NO,,,
2076.6666666666665,6230,nan,1.0,NO,,,
2076.6666666666665,6230,nan,1.0,NO,,,
2076.6666666666665,6230,nan,1.0,NO,,,
2076.6666666666665,6230,nan,1.0,NO,,,
2076.6666666666665,6230,nan,1.0,NO,,,
2076.6666666666665,6230,nan,1.0,NO,,,
2080.0,6240,nan,0.0,NO,,,
2080.0,6240,nan,0.0,NO,,,
2080.0,6240,nan,0.0,NO,,,
2080.0,6240,nan,0.0,NO,,,
2080.0,6240,nan,0.0,NO,,,
2080.0,6240,nan,0.0,NO,,,
2080.0,6240,nan,0.0,NO,,,
2080.0,6240,nan,0.0,NO,,,
2080.0,6240,nan,0.0,NO,,,
2080.0,6240,nan,0.0,NO,,,
2083.3333333333335,6250,nan,0.0,NO,,,
2083.3333333333335,6250,nan,0.0,NO,,,
2083.3333333333335,6250,nan,0.0,NO,,,
2083.3333333333335,6250,nan,0.0,NO,,,
2083.3333333333335,6250,nan,0.0,NO,,,
2083.3333333333335,6250,nan,0.0,NO,,,
2083.3333333333335,6250,nan,0.0,NO,,,
2083.3333333333335,6250,nan,0.0,NO,,,
2083.3333333333335,6250,nan,0.0,NO,,,
2083.3333333333335,6250,nan,0.0,NO,,,
2086.6666666666665,6260,nan,1.0,NO,,,
2086.6666666666665,6260,nan,1.0,NO,,,
2086.6666666666665,6260,nan,1.0,NO,,,
2086.6666666666665,6260,nan,1.0,NO,,,
2086.6666666666665,6260,nan,1.0,NO,,,
2086.6666666666665,6260,nan,1.0,NO,,,
2086.6666666666665,6260,nan,1.0,NO,,,
2086.6666666666665,6260,nan,1.0,NO,,,
2086.6666666666665,6260,nan,1.0,NO,,,
2086.6666666666665,6260,nan,1.0,NO,,,
2090.0,6270,nan,0.0,NO,,,
2090.0,6270,nan,0.0,NO,,,
2090.0,6270,nan,0.0,NO,,,
2090.0,6270,nan,0.0,NO,,,
2090.0,6270,nan,0.0,NO,,,
2090.0,6270,nan,0.0,NO,,,
2090.0,6270,nan,0.0,NO,,,
2090.0,6270,nan,0.0,NO,,,
2090.0,6270,nan,0.0,NO,,,
2090.0,6270,nan,0.0,NO,,,
2093.3333333333335,6280,nan,0.0,NO,,,
2093.3333333333335,6280,nan,0.0,NO,,,
2093.3333333333335,6280,nan,0.0,NO,,,
2093.3333333333335,6280,nan,0.0,NO,,,
2093.3333333333335,6280,nan,0.0,NO,,,
2093.3333333333335,6280,nan,0.0,NO,,,
2093.3333333333335,6280,nan,0.0,NO,,,
2093.3333333333335,6280,nan,0.0,NO,,,
2093.3333333333335,6280,nan,0.0,NO,,,
2093.3333333333335,6280,nan,0.0,NO,,,
2096.6666666666665,6290,nan,1.0,NO,,,
2096.6666666666665,6290,nan,1.0,NO,,,
2096.6666666666665,6290,nan,1.0,NO,,,
2096.6666666666665,6290,nan,1.0,NO,,,
2096.6666666666665,6290,nan,1.0,NO,,,
2096.6666666666665,6290,nan,1.0,NO,,,
2096.6666666666665,6290,nan,1.0,NO,,,
2096.6666666666665,6290,nan,1.0,NO,,,
2096.6666666666665,6290,nan,1.0,NO,,,
2096.6666666666665,6290,nan,1.0,NO,,,
2100.0,6300,nan,0.0,NO,,,
2100.0,6300,nan,0.0,NO,,,
2100.0,6300,nan,0.0,NO,,,
2100.0,6300,nan,0.0,NO,,,
2100.0,6300,nan,0.0,NO,,,
2100.0,6300,nan,0.0,NO,,,
2100.0,6300,nan,0.0,NO,,,
2100.0,6300,nan,0.0,NO,,,
2100.0,6300,nan,0.0,NO,,,
2100.0,6300,nan,0.0,NO,,,
2103.3333333333335,6310,nan,0.0,NO,,,
2103.3333333333335,6310,nan,0.0,NO,,,
2103.3333333333335,6310,nan,0.0,NO,,,
2103.3333333333335,6310,nan,0.0,NO,,,
2103.3333333333335,6310,nan,0.0,NO,,,
2103.3333333333335,6310,nan,0.0,NO,,,
2103.3333333333335,6310,nan,0.0,NO,,,
2103.3333333333335,6310,nan,0.0,NO,,,
2103.3333333333335,6310,nan,0.0,NO,,,
2103.3333333333335,6310,nan,0.0,NO,,,
2106.6666666666665,6320,nan,1.0,NO,,,
2106.6666666666665,6320,nan,1.0,NO,,,
2106.6666666666665,6320,nan,1.0,NO,,,
2106.6666666666665,6320,nan,1.0,NO,,,
2106.6666666666665,6320,nan,1.0,NO,,,
2106.6666666666665,6320,nan,1.0,NO,,,
2106.6666666666665,6320,nan,1.0,NO,,,
2106.6666666666665,6320,nan,1.0,NO,,,
2106.6666666666665,6320,nan,1.0,NO,,,
2106.6666666666665,6320,nan,1.0,NO,,,
2110.0,6330,nan,0.0,NO,,,
2110.0,6330,nan,0.0,NO,,,
2110.0,6330,nan,0.0,NO,,,
2110.0,6330,nan,0.0,NO,,,
2110.0,6330,nan,0.0,NO,,,
2110.0,6330,nan,0.0,NO,,,
2110.0,6330,nan,0.0,NO,,,
2110.0,6330,nan,0.0,NO,,,
2110.0,6330,nan,0.0,NO,,,
2110.0,6330,nan,0.0,NO,,,
2113.3333333333335,6340,nan,0.0,NO,,,
2113.3333333333335,6340,nan,0.0,NO,,,
2113.3333333333335,6340,nan,0.0,NO,,,
2113.3333333333335,6340,nan,0.0,NO,,,
2113.3333333333335,6340,nan,0.0,NO,,,
2113.3333333333335,6340,nan,0.0,NO,,,
2113.3333333333335,6340,nan,0.0,NO,,,
2113.3333333333335,6340,nan,0.0,NO,,,
2113.3333333333335,6340,nan,0.0,NO,,,
2113.3333333333335,6340,nan,0.0,NO,,,
2116.6666666666665,6350,nan,1.0,NO,,,
2116.6666666666665,6350,nan,1.0,NO,,,
2116.6666666666665,6350,nan,1.0,NO,,,
2116.6666666666665,6350,nan,1.0,NO,,,
2116.6666666666665,6350,nan,1.0,NO,,,
2116.6666666666665,6350,nan,1.0,NO,,,
2116.6666666666665,6350,nan,1.0,NO,,,
2116.6666666666665,6350,nan,1.0,NO,,,
2116.6666666666665,6350,nan,1.0,NO,,,
2116.6666666666665,6350,nan,1.0,NO,,,
2120.0,6360,nan,0.0,NO,,,
2120.0,6360,nan,0.0,NO,,,
2120.0,6360,nan,0.0,NO,,,
2120.0,6360,nan,0.0,NO,,,
2120.0,6360,nan,0.0,NO,,,
2120.0,6360,nan,0.0,NO,,,
2120.0,6360,nan,0.0,NO,,,
2120.0,6360,nan,0.0,NO,,,
2120.0,6360,nan,0.0,NO,,,
2120.0,6360,nan,0.0,NO,,,
2123.3333333333335,6370,nan,0.0,NO,,,
2123.3333333333335,6370,nan,0.0,NO,,,
2123.3333333333335,6370,nan,0.0,NO,,,
2123.3333333333335,6370,nan,0.0,NO,,,
2123.3333333333335,6370,nan,0.0,NO,,,
2123.3333333333335,6370,nan,0.0,NO,,,
2123.3333333333335,6370,nan,0.0,NO,,,
2123.3333333333335,6370,nan,0.0,NO,,,
2123.3333333333335,6370,nan,0.0,NO,,,
2123.3333333333335,6370,nan,0.0,NO,,,
2126.6666666666665,6380,nan,1.0,NO,,,
2126.6666666666665,6380,nan,1.0,NO,,,
2126.6666666666665,6380,nan,1.0,NO,,,
2126.6666666666665,6380,nan,1.0,NO,,,
2126.6666666666665,6380,nan,1.0,NO,,,
2126.6666666666665,6380,nan,1.0,NO,,,
2126.6666666666665,6380,nan,1.0,NO,,,
2126.6666666666665,6380,nan,1.0,NO,,,
2126.6666666666665,6380,nan,1.0,NO,,,
2126.6666666666665,6380,nan,1.0,NO,,,
2130.0,6390,nan,0.0,NO,,,
2130.0,6390,nan,0.0,NO,,,
2130.0,6390,nan,0.0,NO,,,
2130.0,6390,nan,0.0,NO,,,
2130.0,6390,nan,0.0,NO,,,
2130.0,6390,nan,0.0,NO,,,
2130.0,6390,nan,0.0,NO,,,
2130.0,6390,nan,0.0,NO,,,
2130.0,6390,nan,0.0,NO,,,
2130.0,6390,nan,0.0,YES,nan,0.2,
2133.3333333333335,6400,nan,0.0,NO,,,
2133.3333333333335,6400,nan,0.0,NO,,,
2133.3333333333335,6400,nan,0.0,NO,,,
2133.3333333333335,6400,nan,0.0,NO,,,
2133.3333333333335,6400,nan,0.0,NO,,,
2133.3333333333335,6400,nan,0.0,NO,,,
2133.3333333333335,6400,nan,0.0,NO,,,
2133.3333333333335,6400,nan,0.0,NO,,,
2133.3333333333335,6400,nan,0.0,NO,,,
2133.3333333333335,6400,nan,0.0,NO,,,
2136.6666666666665,6410,nan,1.0,NO,,,
2136.6666666666665,6410,nan,1.0,NO,,,
2136.6666666666665,6410,nan,1.0,NO,,,
2136.6666666666665,6410,nan,1.0,NO,,,
2136.6666666666665,6410,nan,1.0,NO,,,
2136.6666666666665,6410,nan,1.0,NO,,,
2136.6666666666665,6410,nan,1.0,NO,,,
2136.6666666666665,6410,nan,1.0,NO,,,
2136.6666666666665,6410,nan,1.0,NO,,,
2136.6666666666665,6410,nan,1.0,NO,,,
2140.0,6420,nan,0.0,NO,,,
2140.0,6420,nan,0.0,NO,,,
2140.0,6420,nan,0.0,NO,,,
2140.0,6420,nan,0.0,NO,,,
2140.0,6420,nan,0.0,NO,,,
2140.0,6420,nan,0.0,NO,,,
2140.0,6420,nan,0.0,NO,,,
2140.0,6420,nan,0.0,NO,,,
2140.0,6420,nan,0.0,NO,,,
2140.0,6420,nan,0.0,NO,,,
2143.3333333333335,6430,nan,0.0,NO,,,
2143.3333333333335,6430,nan,0.0,NO,,,
2143.3333333333335,6430,nan,0.0,NO,,,
2143.3333333333335,6430,nan,0.0,NO,,,
2143.3333333333335,6430,nan,0.0,NO,,,
2143.3333333333335,6430,nan,0.0,NO,,,
2143.3333333333335,6430,nan,0.0,NO,,,
2143.3333333333335,6430,nan,0.0,NO,,,
2143.3333333333335,6430,nan,0.0,NO,,,
2143.3333333333335,6430,nan,0.0,NO,,,
2146.6666666666665,6440,nan,1.0,NO,,,
2146.6666666666665,6440,nan,1.0,NO,,,
2146.6666666666665,6440,nan,1.0,NO,,,
2146.6666666666665,6440,nan,1.0,NO,,,
2146.6666666666665,6440,nan,1.0,NO,,,
2146.6666666666665,6440,nan,1.0,NO,,,
2146.6666666666665,6440,nan,1.0,NO,,,
2146.6666666666665,6440,nan,1.0,NO,,,
2146.6666666666665,6440,nan,1.0,NO,,,
2146.6666666666665,6440,nan,1.0,NO,,,
2150.0,6450,nan,0.0,NO,,,
2150.0,6450,nan,0.0,NO,,,
2150.0,6450,nan,0.0,NO,,,
2150.0,6450,nan,0.0,NO,,,
2150.0,6450,nan,0.0,NO,,,
2150.0,6450,nan,0.0,NO,,,
2150.0,6450,nan,0.0,NO,,,
2150.0,6450,nan,0.0,NO,,,
2150.0,6450,nan,0.0,NO,,,
2150.0,6450,nan,0.0,NO,,,
2153.3333333333335,6460,nan,0.0,NO,,,
2153.3333333333335,6460,nan,0.0,NO,,,
2153.3333333333335,6460,nan,0.0,NO,,,
2153.3333333333335,6460,nan,0.0,NO,,,
2153.3333333333335,6460,nan,0.0,NO,,,
2153.3333333333335,6460,nan,0.0,NO,,,
2153.3333333333335,6460,nan,0.0,NO,,,
2153.3333333333335,6460,nan,0.0,NO,,,
2153.3333333333335,6460,nan,0.0,NO,,,
2153.3333333333335,6460,nan,0.0,NO,,,
2156.6666666666665,6470,nan,1.0,NO,,,
2156.6666666666665,6470,nan,1.0,NO,,,
2156.6666666666665,6470,nan,1.0,NO,,,
2156.6666666666665,6470,nan,1.0,NO,,,
2156.6666666666665,6470,nan,1.0,NO,,,
2156.6666666666665,6470,nan,1.0,NO,,,
2156.6666666666665,6470,nan,1.0,NO,,,
2156.6666666666665,6470,nan,1.0,NO,,,
2156.6666666666665,6470,nan,1.0,NO,,,
2156.6666666666665,6470,nan,1.0,NO,,,
2160.0,6480,nan,0.0,NO,,,
2160.0,6480,nan,0.0,NO,,,
2160.0,6480,nan,0.0,NO,,,
2160.0,6480,nan,0.0,NO,,,
2160.0,6480,nan,0.0,NO,,,
2160.0,6480,nan,0.0,NO,,,
2160.0,6480,nan,0.0,NO,,,
2160.0,6480,nan,0.0,NO,,,
2160.0,6480,nan,0.0,NO,,,
2160.0,6480,nan,0.0,NO,,,
2163.3333333333335,6490,nan,0.0,NO,,,
2163.3333333333335,6490,nan,0.0,NO,,,
2163.3333333333335,6490,nan,0.0,NO,,,
2163.3333333333335,6490,nan,0.0,NO,,,
2163.3333333333335,6490,nan,0.0,NO,,,
2163.3333333333335,6490,nan,0.0,NO,,,
2163.3333333333335,6490,nan,0.0,NO,,,
2163.3333333333335,6490,nan,0.0,NO,,,
2163.3333333333335,6490,nan,0.0,NO,,,
2163.3333333333335,6490,nan,0.0,NO,,,
2166.6666666666665,6500,nan,1.0,NO,,,
2166.6666666666665,6500,nan,1.0,NO,,,
2166.6666666666665,6500,nan,1.0,NO,,,
2166.6666666666665,6500,nan,1.0,NO,,,
2166.6666666666665,6500,nan,1.0,NO,,,
2166.6666666666665,6500,nan,1.0,NO,,,
2166.6666666666665,6500,nan,1.0,NO,,,
2166.6666666666665,6500,nan,1.0,NO,,,
2166.6666666666665,6500,nan,1.0,NO,,,
2166.6666666666665,6500,nan,1.0,NO,,,
2170.0,6510,nan,0.0,NO,,,
2170.0,6510,nan,0.0,NO,,,
2170.0,6510,nan,0.0,NO,,,
2170.0,6510,nan,0.0,NO,,,
2170.0,6510,nan,0.0,NO,,,
2170.0,6510,nan,0.0,NO,,,
2170.0,6510,nan,0.0,NO,,,
2170.0,6510,nan,0.0,NO,,,
2170.0,6510,nan,0.0,NO,,,
2170.0,6510,nan,0.0,NO,,,
2173.3333333333335,6520,nan,0.0,NO,,,
2173.3333333333335,6520,nan,0.0,NO,,,
2173.3333333333335,6520,nan,0.0,NO,,,
2173.3333333333335,6520,nan,0.0,NO,,,
2173.3333333333335,6520,nan,0.0,NO,,,
2173.3333333333335,6520,nan,0.0,NO,,,
2173.3333333333335,6520,nan,0.0,NO,,,
2173.3333333333335,6520,nan,0.0,NO,,,
2173.3333333333335,6520,nan,0.0,NO,,,
2173.3333333333335,6520,nan,0.0,NO,,,
2176.6666666666665,6530,nan,1.0,NO,,,
2176.6666666666665,6530,nan,1.0,NO,,,
2176.6666666666665,6530,nan,1.0,NO,,,
2176.6666666666665,6530,nan,1.0,NO,,,
2176.6666666666665,6530,nan,1.0,NO,,,
2176.6666666666665,6530,nan,1.0,NO,,,
2176.6666666666665,6530,nan,1.0,NO,,,
2176.6666666666665,6530,nan,1.0,NO,,,
2176.6666666666665,6530,nan,1.0,NO,,,
2176.6666666666665,6530,nan,1.0,NO,,,
2180.0,6540,nan,0.0,NO,,,
2180.0,6540,nan,0.0,NO,,,
2180.0,6540,nan,0.0,NO,,,
2180.0,6540,nan,0.0,NO,,,
2180.0,6540,nan,0.0,NO,,,
2180.0,6540,nan,0.0,NO,,,
2180.0,6540,nan,0.0,NO,,,
2180.0,6540,nan,0.0,NO,,,
2180.0,6540,nan,0.0,NO,,,
2180.0,6540,nan,0.0,NO,,,
2183.3333333333335,6550,nan,0.0,NO,,,
2183.3333333333335,6550,nan,0.0,NO,,,
2183.3333333333335,6550,nan,0.0,NO,,,
2183.3333333333335,6550,nan,0.0,NO,,,
2183.3333333333335,6550,nan,0.0,NO,,,
2183.3333333333335,6550,nan,0.0,NO,,,
2183.3333333333335,6550,nan,0.0,NO,,,
2183.3333333333335,6550,nan,0.0,NO,,,
2183.3333333333335,6550,nan,0.0,NO,,,
2183.3333333333335,6550,nan,0.0,NO,,,
2186.6666666666665,6560,nan,1.0,NO,,,
2186.6666666666665,6560,nan,1.0,NO,,,
2186.6666666666665,6560,nan,1.0,NO,,,
2186.6666666666665,6560,nan,1.0,NO,,,
2186.6666666666665,6560,nan,1.0,NO,,,
2186.6666666666665,6560,nan,1.0,NO,,,
2186.6666666666665,6560,nan,1.0,NO,,,
2186.6666666666665,6560,nan,1.0,NO,,,
2186.6666666666665,6560,nan,1.0,NO,,,
2186.6666666666665,6560,nan,1.0,NO,,,
2190.0,6570,nan,0.0,NO,,,
2190.0,6570,nan,0.0,NO,,,
2190.0,6570,nan,0.0,NO,,,
2190.0,6570,nan,0.0,NO,,,
2190.0,6570,nan,0.0,NO,,,
2190.0,6570,nan,0.0,NO,,,
2190.0,6570,nan,0.0,NO,,,
2190.0,6570,nan,0.0,NO,,,
2190.0,6570,nan,0.0,NO,,,
2190.0,6570,nan,0.0,NO,,,
2193.3333333333335,6580,nan,0.0,NO,,,
2193.3333333333335,6580,nan,0.0,NO,,,
2193.3333333333335,6580,nan,0.0,NO,,,
2193.3333333333335,6580,nan,0.0,NO,,,
2193.3333333333335,6580,nan,0.0,NO,,,
2193.3333333333335,6580,nan,0.0,NO,,,
2193.3333333333335,6580,nan,0.0,NO,,,
2193.3333333333335,6580,nan,0.0,NO,,,
2193.3333333333335,6580,nan,0.0,NO,,,
2193.3333333333335,6580,nan,0.0,NO,,,
2196.6666666666665,6590,nan,1.0,NO,,,
2196.6666666666665,6590,nan,1.0,NO,,,
2196.6666666666665,6590,nan,1.0,NO,,,
2196.6666666666665,6590,nan,1.0,NO,,,
2196.6666666666665,6590,nan,1.0,NO,,,
2196.6666666666665,6590,nan,1.0,NO,,,
2196.6666666666665,6590,nan,1.0,NO,,,
2196.6666666666665,6590,nan,1.0,NO,,,
2196.6666666666665,6590,nan,1.0,NO,,,
2196.6666666666665,6590,nan,1.0,YES,nan,0.2,
2200.0,6600,nan,0.0,NO,,,
2200.0,6600,nan,0.0,NO,,,
2200.0,6600,nan,0.0,NO,,,
2200.0,6600,nan,0.0,NO,,,
2200.0,6600,nan,0.0,NO,,,
2200.0,6600,nan,0.0,NO,,,
2200.0,6600,nan,0.0,NO,,,
2200.0,6600,nan,0.0,NO,,,
2200.0,6600,nan,0.0,NO,,,
2200.0,6600,nan,0.0,NO,,,
2203.3333333333335,6610,nan,0.0,NO,,,
2203.3333333333335,6610,nan,0.0,NO,,,
2203.3333333333335,6610,nan,0.0,NO,,,
2203.3333333333335,6610,nan,0.0,NO,,,
2203.3333333333335,6610,nan,0.0,NO,,,
2203.3333333333335,6610,nan,0.0,NO,,,
2203.3333333333335,6610,nan,0.0,NO,,,
2203.3333333333335,6610,nan,0.0,NO,,,
2203.3333333333335,6610,nan,0.0,NO,,,
2203.3333333333335,6610,nan,0.0,NO,,,
2206.6666666666665,6620,nan,1.0,NO,,,
2206.6666666666665,6620,nan,1.0,NO,,,
2206.6666666666665,6620,nan,1.0,NO,,,
2206.6666666666665,6620,nan,1.0,NO,,,
2206.6666666666665,6620,nan,1.0,NO,,,
2206.6666666666665,6620,nan,1.0,NO,,,
2206.6666666666665,6620,nan,1.0,NO,,,
2206.6666666666665,6620,nan,1.0,NO,,,
2206.6666666666665,6620,nan,1.0,NO,,,
2206.6666666666665,6620,nan,1.0,NO,,,
2210.0,6630,nan,0.0,NO,,,
2210.0,6630,nan,0.0,NO,,,
2210.0,6630,nan,0.0,NO,,,
2210.0,6630,nan,0.0,NO,,,
2210.0,6630,nan,0.0,NO,,,
2210.0,6630,nan,0.0,NO,,,
2210.0,6630,nan,0.0,NO,,,
2210.0,6630,nan,0.0,NO,,,
2210.0,6630,nan,0.0,NO,,,
2210.0,6630,nan,0.0,NO,,,
2213.3333333333335,6640,nan,0.0,NO,,,
2213.3333333333335,6640,nan,0.0,NO,,,
2213.3333333333335,6640,nan,0.0,NO,,,
2213.3333333333335,6640,nan,0.0,NO,,,
2213.3333333333335,6640,nan,0.0,NO,,,
2213.3333333333335,6640,nan,0.0,NO,,,
2213.3333333333335,6640,nan,0.0,NO,,,
2213.3333333333335,6640,nan,0.0,NO,,,
2213.3333333333335,6640,nan,0.0,NO,,,
2213.3333333333335,6640,nan,0.0,NO,,,
2216.6666666666665,6650,nan,1.0,NO,,,
2216.6666666666665,6650,nan,1.0,NO,,,
2216.6666666666665,6650,nan,1.0,NO,,,
2216.6666666666665,6650,nan,1.0,NO,,,
2216.6666666666665,6650,nan,1.0,NO,,,
2216.6666666666665,6650,nan,1.0,NO,,,
2216.6666666666665,6650,nan,1.0,NO,,,
2216.6666666666665,6650,nan,1.0,NO,,,
2216.6666666666665,6650,nan,1.0,NO,,,
2216.6666666666665,6650,nan,1.0,NO,,,
2220.0,6660,nan,0.0,NO,,,
2220.0,6660,nan,0.0,NO,,,
2220.0,6660,nan,0.0,NO,,,
2220.0,6660,nan,0.0,NO,,,
2220.0,6660,nan,0.0,NO,,,
2220.0,6660,nan,0.0,NO,,,
2220.0,6660,nan,0.0,NO,,,
2220.0,6660,nan,0.0,NO,,,
2220.0,6660,nan,0.0,NO,,,
2220.0,6660,nan,0.0,NO,,,
2223.3333333333335,6670,nan,0.0,NO,,,
2223.3333333333335,6670,nan,0.0,NO,,,
2223.3333333333335,6670,nan,0.0,NO,,,
2223.3333333333335,6670,nan,0.0,NO,,,
2223.3333333333335,6670,nan,0.0,NO,,,
2223.3333333333335,6670,nan,0.0,NO,,,
2223.3333333333335,6670,nan,0.0,NO,,,
2223.3333333333335,6670,nan,0.0,NO,,,
2223.3333333333335,6670,nan,0.0,NO,,,
2223.3333333333335,6670,nan,0.0,NO,,,
2226.6666666666665,6680,nan,1.0,NO,,,
2226.6666666666665,6680,nan,1.0,NO,,,
2226.6666666666665,6680,nan,1.0,NO,,,
2226.6666666666665,6680,nan,1.0,NO,,,
2226.6666666666665,6680,nan,1.0,NO,,,
2226.6666666666665,6680,nan,1.0,NO,,,
2226.6666666666665,6680,nan,1.0,NO,,,
2226.6666666666665,6680,nan,1.0,NO,,,
2226.6666666666665,6680,nan,1.0,NO,,,
2226.6666666666665,6680,nan,1.0,NO,,,
2230.0,6690,nan,0.0,NO,,,
2230.0,6690,nan,0.0,NO,,,
2230.0,6690,nan,0.0,NO,,,
2230.0,6690,nan,0.0,NO,,,
2230.0,6690,nan,0.0,NO,,,
2230.0,6690,nan,0.0,NO,,,
2230.0,6690,nan,0.0,NO,,,
2230.0,6690,nan,0.0,NO,,,
2230.0,6690,nan,0.0,NO,,,
2230.0,6690,nan,0.0,NO,,,
2233.3333333333335,6700,nan,0.0,NO,,,
2233.3333333333335,6700,nan,0.0,NO,,,
2233.3333333333335,6700,nan,0.0,NO,,,
2233.3333333333335,6700,nan,0.0,NO,,,
2233.3333333333335,6700,nan,0.0,NO,,,
2233.3333333333335,6700,nan,0.0,NO,,,
2233.3333333333335,6700,nan,0.0,NO,,,
2233.3333333333335,6700,nan,0.0,NO,,,
2233.3333333333335,6700,nan,0.0,NO,,,
2233.3333333333335,6700,nan,0.0,NO,,,
2236.6666666666665,6710,nan,1.0,NO,,,
2236.6666666666665,6710,nan,1.0,NO,,,
2236.6666666666665,6710,nan,1.0,NO,,,
2236.6666666666665,6710,nan,1.0,NO,,,
2236.6666666666665,6710,nan,1.0,NO,,,
2236.6666666666665,6710,nan,1.0,NO,,,
2236.6666666666665,6710,nan,1.0,NO,,,
2236.6666666666665,6710,nan,1.0,NO,,,
2236.6666666666665,6710,nan,1.0,NO,,,
2236.6666666666665,6710,nan,1.0,NO,,,
2240.0,6720,nan,0.0,NO,,,
2240.0,6720,nan,0.0,NO,,,
2240.0,6720,nan,0.0,NO,,,
2240.0,6720,nan,0.0,NO,,,
2240.0,6720,nan,0.0,NO,,,
2240.0,6720,nan,0.0,NO,,,
2240.0,6720,nan,0.0,NO,,,
2240.0,6720,nan,0.0,NO,,,
2240.0,6720,nan,0.0,NO,,,
2240.0,6720,nan,0.0,NO,,,
2243.3333333333335,6730,nan,0.0,NO,,,
2243.3333333333335,6730,nan,0.0,NO,,,
2243.3333333333335,6730,nan,0.0,NO,,,
2243.3333333333335,6730,nan,0.0,NO,,,
2243.3333333333335,6730,nan,0.0,NO,,,
2243.3333333333335,6730,nan,0.0,NO,,,
2243.3333333333335,6730,nan,0.0,NO,,,
2243.3333333333335,6730,nan,0.0,NO,,,
2243.3333333333335,6730,nan,0.0,NO,,,
2243.3333333333335,6730,nan,0.0,NO,,,
2246.6666666666665,6740,nan,1.0,NO,,,
2246.6666666666665,6740,nan,1.0,NO,,,
2246.6666666666665,6740,nan,1.0,NO,,,
2246.6666666666665,6740,nan,1.0,NO,,,
2246.6666666666665,6740,nan,1.0,NO,,,
2246.6666666666665,6740,nan,1.0,NO,,,
2246.6666666666665,6740,nan,1.0,NO,,,
2246.6666666666665,6740,nan,1.0,NO,,,
2246.6666666666665,6740,nan,1.0,NO,,,
2246.6666666666665,6740,nan,1.0,NO,,,
2250.0,6750,nan,0.0,NO,,,
2250.0,6750,nan,0.0,NO,,,
2250.0,6750,nan,0.0,NO,,,
2250.0,6750,nan,0.0,NO,,,
2250.0,6750,nan,0.0,NO,,,
2250.0,6750,nan,0.0,NO,,,
2250.0,6750,nan,0.0,NO,,,
2250.0,6750,nan,0.0,NO,,,
2250.0,6750,nan,0.0,NO,,,
2250.0,6750,nan,0.0,NO,,,
2253.3333333333335,6760,nan,0.0,NO,,,
2253.3333333333335,6760,nan,0.0,NO,,,
2253.3333333333335,6760,nan,0.0,NO,,,
2253.3333333333335,6760,nan,0.0,NO,,,
2253.3333333333335,6760,nan,0.0,NO,,,
2253.3333333333335,6760,nan,0.0,NO,,,
2253.3333333333335,6760,nan,0.0,NO,,,
2253.3333333333335,6760,nan,0.0,NO,,,
2253.3333333333335,6760,nan,0.0,NO,,,
2253.3333333333335,6760,nan,0.0,NO,,,
2256.6666666666665,6770,nan,1.0,NO,,,
2256.6666666666665,6770,nan,1.0,NO,,,
2256.6666666666665,6770,nan,1.0,NO,,,
2256.6666666666665,6770,nan,1.0,NO,,,
2256.6666666666665,6770,nan,1.0,NO,,,
2256.6666666666665,6770,nan,1.0,NO,,,
2256.6666666666665,6770,nan,1.0,NO,,,
2256.6666666666665,6770,nan,1.0,NO,,,
2256.6666666666665,6770,nan,1.0,NO,,,
2256.6666666666665,6770,nan,1.0,NO,,,
2260.0,6780,nan,0.0,NO,,,
2260.0,6780,nan,0.0,NO,,,
2260.0,6780,nan,0.0,NO,,,
2260.0,6780,nan,0.0,NO,,,
2260.0,6780,nan,0.0,NO,,,
2260.0,6780,nan,0.0,NO,,,
2260.0,6780,nan,0.0,NO,,,
2260.0,6780,nan,0.0,NO,,,
2260.0,6780,nan,0.0,NO,,,
2260.0,6780,nan,0.0,NO,,,
2263.3333333333335,6790,nan,0.0,NO,,,
2263.3333333333335,6790,nan,0.0,NO,,,
2263.3333333333335,6790,nan,0.0,NO,,,
2263.3333333333335,6790,nan,0.0,NO,,,
2263.3333333333335,6790,nan,0.0,NO,,,
2263.3333333333335,6790,nan,0.0,NO,,,
2263.3333333333335,6790,nan,0.0,NO,,,
2263.3333333333335,6790,nan,0.0,NO,,,
2263.3333333333335,6790,nan,0.0,NO,,,
2263.3333333333335,6790,nan,0.0,YES,nan,0.2,
2266.6666666666665,6800,nan,1.0,NO,,,
2266.6666666666665,6800,nan,1.0,NO,,,
2266.6666666666665,6800,nan,1.0,NO,,,
2266.6666666666665,6800,nan,1.0,NO,,,
2266.6666666666665,6800,nan,1.0,NO,,,
2266.6666666666665,6800,nan,1.0,NO,,,
2266.6666666666665,6800,nan,1.0,NO,,,
2266.6666666666665,6800,nan,1.0,NO,,,
2266.6666666666665,6800,nan,1.0,NO,,,
2266.6666666666665,6800,nan,1.0,NO,,,
2270.0,6810,nan,0.0,NO,,,
2270.0,6810,nan,0.0,NO,,,
2270.0,6810,nan,0.0,NO,,,
2270.0,6810,nan,0.0,NO,,,
2270.0,6810,nan,0.0,NO,,,
2270.0,6810,nan,0.0,NO,,,
2270.0,6810,nan,0.0,NO,,,
2270.0,6810,nan,0.0,NO,,,
2270.0,6810,nan,0.0,NO,,,
2270.0,6810,nan,0.0,NO,,,
2273.3333333333335,6820,nan,0.0,NO,,,
2273.3333333333335,6820,nan,0.0,NO,,,
2273.3333333333335,6820,nan,0.0,NO,,,
2273.3333333333335,6820,nan,0.0,NO,,,
2273.3333333333335,6820,nan,0.0,NO,,,
2273.3333333333335,6820,nan,0.0,NO,,,
2273.3333333333335,6820,nan,0.0,NO,,,
2273.3333333333335,6820,nan,0.0,NO,,,
2273.3333333333335,6820,nan,0.0,NO,,,
2273.3333333333335,6820,nan,0.0,NO,,,
2276.6666666666665,6830,nan,1.0,NO,,,
2276.6666666666665,6830,nan,1.0,NO,,,
2276.6666666666665,6830,nan,1.0,NO,,,
2276.6666666666665,6830,nan,1.0,NO,,,
2276.6666666666665,6830,nan,1.0,NO,,,
2276.6666666666665,6830,nan,1.0,NO,,,
2276.6666666666665,6830,nan,1.0,NO,,,
2276.6666666666665,6830,nan,1.0,NO,,,
2276.6666666666665,6830,nan,1.0,NO,,,
2276.6666666666665,6830,nan,1.0,NO,,,
2280.0,6840,nan,0.0,NO,,,
2280.0,6840,nan,0.0,NO,,,
2280.0,6840,nan,0.0,NO,,,
2280.0,6840,nan,0.0,NO,,,
2280.0,6840,nan,0.0,NO,,,
2280.0,6840,nan,0.0,NO,,,
2280.0,6840,nan,0.0,NO,,,
2280.0,6840,nan,0.0,NO,,,
2280.0,6840,nan,0.0,NO,,,
2280.0,6840,nan,0.0,NO,,,
2283.3333333333335,6850,nan,0.0,NO,,,
2283.3333333333335,6850,nan,0.0,NO,,,
2283.3333333333335,6850,nan,0.0,NO,,,
2283.3333333333335,6850,nan,0.0,NO,,,
2283.3333333333335,6850,nan,0.0,NO,,,
2283.3333333333335,6850,nan,0.0,NO,,,
2283.3333333333335,6850,nan,0.0,NO,,,
2283.3333333333335,6850,nan,0.0,NO,,,
2283.3333333333335,6850,nan,0.0,NO,,,
2283.3333333333335,6850,nan,0.0,NO,,,
2286.6666666666665,6860,nan,1.0,NO,,,
2286.6666666666665,6860,nan,1.0,NO,,,
2286.6666666666665,6860,nan,1.0,NO,,,
2286.6666666666665,6860,nan,1.0,NO,,,
2286.6666666666665,6860,nan,1.0,NO,,,
2286.6666666666665,6860,nan,1.0,NO,,,
2286.6666666666665,6860,nan,1.0,NO,,,
2286.6666666666665,6860,nan,1.0,NO,,,
2286.6666666666665,6860,nan,1.0,NO,,,
2286.6666666666665,6860,nan,1.0,NO,,,
2290.0,6870,nan,0.0,NO,,,
2290.0,6870,nan,0.0,NO,,,
2290.0,6870,nan,0.0,NO,,,
2290.0,6870,nan,0.0,NO,,,
2290.0,6870,nan,0.0,NO,,,
2290.0,6870,nan,0.0,NO,,,
2290.0,6870,nan,0.0,NO,,,
2290.0,6870,nan,0.0,NO,,,
2290.0,6870,nan,0.0,NO,,,
2290.0,6870,nan,0.0,NO,,,
2293.3333333333335,6880,nan,0.0,NO,,,
2293.3333333333335,6880,nan,0.0,NO,,,
2293.3333333333335,6880,nan,0.0,NO,,,
2293.3333333333335,6880,nan,0.0,NO,,,
2293.3333333333335,6880,nan,0.0,NO,,,
2293.3333333333335,6880,nan,0.0,NO,,,
2293.3333333333335,6880,nan,0.0,NO,,,
2293.3333333333335,6880,nan,0.0,NO,,,
2293.3333333333335,6880,nan,0.0,NO,,,
2293.3333333333335,6880,nan,0.0,NO,,,
2296.6666666666665,6890,nan,1.0,NO,,,
2296.6666666666665,6890,nan,1.0,NO,,,
2296.6666666666665,6890,nan,1.0,NO,,,
2296.6666666666665,6890,nan,1.0,NO,,,
2296.6666666666665,6890,nan,1.0,NO,,,
2296.6666666666665,6890,nan,1.0,NO,,,
2296.6666666666665,6890,nan,1.0,NO,,,
2296.6666666666665,6890,nan,1.0,NO,,,
2296.6666666666665,6890,nan,1.0,NO,,,
2296.6666666666665,6890,nan,1.0,NO,,,
2300.0,6900,nan,0.0,NO,,,
2300.0,6900,nan,0.0,NO,,,
2300.0,6900,nan,0.0,NO,,,
2300.0,6900,nan,0.0,NO,,,
2300.0,6900,nan,0.0,NO,,,
2300.0,6900,nan,0.0,NO,,,
2300.0,6900,nan,0.0,NO,,,
2300.0,6900,nan,0.0,NO,,,
2300.0,6900,nan,0.0,NO,,,
2300.0,6900,nan,0.0,NO,,,
2303.3333333333335,6910,nan,0.0,NO,,,
2303.3333333333335,6910,nan,0.0,NO,,,
2303.3333333333335,6910,nan,0.0,NO,,,
2303.3333333333335,6910,nan,0.0,NO,,,
2303.3333333333335,6910,nan,0.0,NO,,,
2303.3333333333335,6910,nan,0.0,NO,,,
2303.3333333333335,6910,nan,0.0,NO,,,
2303.3333333333335,6910,nan,0.0,NO,,,
2303.3333333333335,6910,nan,0.0,NO,,,
2303.3333333333335,6910,nan,0.0,NO,,,
2306.6666666666665,6920,nan,1.0,NO,,,
2306.6666666666665,6920,nan,1.0,NO,,,
2306.6666666666665,6920,nan,1.0,NO,,,
2306.6666666666665,6920,nan,1.0,NO,,,
2306.6666666666665,6920,nan,1.0,NO,,,
2306.6666666666665,6920,nan,1.0,NO,,,
2306.6666666666665,6920,nan,1.0,NO,,,
2306.6666666666665,6920,nan,1.0,NO,,,
2306.6666666666665,6920,nan,1.0,NO,,,
2306.6666666666665,6920,nan,1.0,NO,,,
2310.0,6930,nan,0.0,NO,,,
2310.0,6930,nan,0.0,NO,,,
2310.0,6930,nan,0.0,NO,,,
2310.0,6930,nan,0.0,NO,,,
2310.0,6930,nan,0.0,NO,,,
2310.0,6930,nan,0.0,NO,,,
2310.0,6930,nan,0.0,NO,,,
2310.0,6930,nan,0.0,NO,,,
2310.0,6930,nan,0.0,NO,,,
2310.0,6930,nan,0.0,NO,,,
2313.3333333333335,6940,nan,0.0,NO,,,
2313.3333333333335,6940,nan,0.0,NO,,,
2313.3333333333335,6940,nan,0.0,NO,,,
2313.3333333333335,6940,nan,0.0,NO,,,
2313.3333333333335,6940,nan,0.0,NO,,,
2313.3333333333335,6940,nan,0.0,NO,,,
2313.3333333333335,6940,nan,0.0,NO,,,
2313.3333333333335,6940,nan,0.0,NO,,,
2313.3333333333335,6940,nan,0.0,NO,,,
2313.3333333333335,6940,nan,0.0,NO,,,
2316.6666666666665,6950,nan,1.0,NO,,,
2316.6666666666665,6950,nan,1.0,NO,,,
2316.6666666666665,6950,nan,1.0,NO,,,
2316.6666666666665,6950,nan,1.0,NO,,,
2316.6666666666665,6950,nan,1.0,NO,,,
2316.6666666666665,6950,nan,1.0,NO,,,
2316.6666666666665,6950,nan,1.0,NO,,,
2316.6666666666665,6950,nan,1.0,NO,,,
2316.6666666666665,6950,nan,1.0,NO,,,
2316.6666666666665,6950,nan,1.0,NO,,,
2320.0,6960,nan,0.0,NO,,,
2320.0,6960,nan,0.0,NO,,,
2320.0,6960,nan,0.0,NO,,,
2320.0,6960,nan,0.0,NO,,,
2320.0,6960,nan,0.0,NO,,,
2320.0,6960,nan,0.0,NO,,,
2320.0,6960,nan,0.0,NO,,,
2320.0,6960,nan,0.0,NO,,,
2320.0,6960,nan,0.0,NO,,,
2320.0,6960,nan,0.0,NO,,,
2323.3333333333335,6970,nan,0.0,NO,,,
2323.3333333333335,6970,nan,0.0,NO,,,
2323.3333333333335,6970,nan,0.0,NO,,,
2323.3333333333335,6970,nan,0.0,NO,,,
2323.3333333333335,6970,nan,0.0,NO,,,
2323.3333333333335,6970,nan,0.0,NO,,,
2323.3333333333335,6970,nan,0.0,NO,,,
2323.3333333333335,6970,nan,0.0,NO,,,
2323.3333333333335,6970,nan,0.0,NO,,,
2323.3333333333335,6970,nan,0.0,NO,,,
2326.6666666666665,6980,nan,1.0,NO,,,
2326.6666666666665,6980,nan,1.0,NO,,,
2326.6666666666665,6980,nan,1.0,NO,,,
2326.6666666666665,6980,nan,1.0,NO,,,
2326.6666666666665,6980,nan,1.0,NO,,,
2326.6666666666665,6980,nan,1.0,NO,,,
2326.6666666666665,6980,nan,1.0,NO,,,
2326.6666666666665,6980,nan,1.0,NO,,,
2326.6666666666665,6980,nan,1.0,NO,,,
2326.6666666666665,6980,nan,1.0,NO,,,
2330.0,6990,nan,0.0,NO,,,
2330.0,6990,nan,0.0,NO,,,
2330.0,6990,nan,0.0,NO,,,
2330.0,6990,nan,0.0,NO,,,
2330.0,6990,nan,0.0,NO,,,
2330.0,6990,nan,0.0,NO,,,
2330.0,6990,nan,0.0,NO,,,
2330.0,6990,nan,0.0,NO,,,
2330.0,6990,nan,0.0,NO,,,
2330.0,6990,nan,0.0,YES,nan,0.2,
2333.3333333333335,7000,nan,0.0,NO,,,
2333.3333333333335,7000,nan,0.0,NO,,,
2333.3333333333335,7000,nan,0.0,NO,,,
2333.3333333333335,7000,nan,0.0,NO,,,
2333.3333333333335,7000,nan,0.0,NO,,,
2333.3333333333335,7000,nan,0.0,NO,,,
2333.3333333333335,7000,nan,0.0,NO,,,
2333.3333333333335,7000,nan,0.0,NO,,,
2333.3333333333335,7000,nan,0.0,NO,,,
2333.3333333333335,7000,nan,0.0,NO,,,
2336.6666666666665,7010,nan,1.0,NO,,,
2336.6666666666665,7010,nan,1.0,NO,,,
2336.6666666666665,7010,nan,1.0,NO,,,
2336.6666666666665,7010,nan,1.0,NO,,,
2336.6666666666665,7010,nan,1.0,NO,,,
2336.6666666666665,7010,nan,1.0,NO,,,
2336.6666666666665,7010,nan,1.0,NO,,,
2336.6666666666665,7010,nan,1.0,NO,,,
2336.6666666666665,7010,nan,1.0,NO,,,
2336.6666666666665,7010,nan,1.0,NO,,,
2340.0,7020,nan,0.0,NO,,,
2340.0,7020,nan,0.0,NO,,,
2340.0,7020,nan,0.0,NO,,,
2340.0,7020,nan,0.0,NO,,,
2340.0,7020,nan,0.0,NO,,,
2340.0,7020,nan,0.0,NO,,,
2340.0,7020,nan,0.0,NO,,,
2340.0,7020,nan,0.0,NO,,,
2340.0,7020,nan,0.0,NO,,,
2340.0,7020,nan,0.0,NO,,,
2343.3333333333335,7030,nan,0.0,NO,,,
2343.3333333333335,7030,nan,0.0,NO,,,
2343.3333333333335,7030,nan,0.0,NO,,,
2343.3333333333335,7030,nan,0.0,NO,,,
2343.3333333333335,7030,nan,0.0,NO,,,
2343.3333333333335,7030,nan,0.0,NO,,,
2343.3333333333335,7030,nan,0.0,NO,,,
2343.3333333333335,7030,nan,0.0,NO,,,
2343.3333333333335,7030,nan,0.0,NO,,,
2343.3333333333335,7030,nan,0.0,NO,,,
2346.6666666666665,7040,nan,1.0,NO,,,
2346.6666666666665,7040,nan,1.0,NO,,,
2346.6666666666665,7040,nan,1.0,NO,,,
2346.6666666666665,7040,nan,1.0,NO,,,
2346.6666666666665,7040,nan,1.0,NO,,,
2346.6666666666665,7040,nan,1.0,NO,,,
2346.6666666666665,7040,nan,1.0,NO,,,
2346.6666666666665,7040,nan,1.0,NO,,,
2346.6666666666665,7040,nan,1.0,NO,,,
2346.6666666666665,7040,nan,1.0,NO,,,
2350.0,7050,nan,0.0,NO,,,
2350.0,7050,nan,0.0,NO,,,
2350.0,7050,nan,0.0,NO,,,
2350.0,7050,nan,0.0,NO,,,
2350.0,7050,nan,0.0,NO,,,
2350.0,7050,nan,0.0,NO,,,
2350.0,7050,nan,0.0,NO,,,
2350.0,7050,nan,0.0,NO,,,
2350.0,7050,nan,0.0,NO,,,
2350.0,7050,nan,0.0,NO,,,
2353.3333333333335,7060,nan,0.0,NO,,,
2353.3333333333335,7060,nan,0.0,NO,,,
2353.3333333333335,7060,nan,0.0,NO,,,
2353.3333333333335,7060,nan,0.0,NO,,,
2353.3333333333335,7060,nan,0.0,NO,,,
2353.3333333333335,7060,nan,0.0,NO,,,
2353.3333333333335,7060,nan,0.0,NO,,,
2353.3333333333335,7060,nan,0.0,NO,,,
2353.3333333333335,7060,nan,0.0,NO,,,
2353.3333333333335,7060,nan,0.0,NO,,,
2356.6666666666665,7070,nan,1.0,NO,,,
2356.6666666666665,7070,nan,1.0,NO,,,
2356.6666666666665,7070,nan,1.0,NO,,,
2356.6666666666665,7070,nan,1.0,NO,,,
2356.6666666666665,7070,nan,1.0,NO,,,
2356.6666666666665,7070,nan,1.0,NO,,,
2356.6666666666665,7070,nan,1.0,NO,,,
2356.6666666666665,7070,nan,1.0,NO,,,
2356.6666666666665,7070,nan,1.0,NO,,,
2356.6666666666665,7070,nan,1.0,NO,,,
2360.0,7080,nan,0.0,NO,,,
2360.0,7080,nan,0.0,NO,,,
2360.0,7080,nan,0.0,NO,,,
2360.0,7080,nan,0.0,NO,,,
2360.0,7080,nan,0.0,NO,,,
2360.0,7080,nan,0.0,NO,,,
2360.0,7080,nan,0.0,NO,,,
2360.0,7080,nan,0.0,NO,,,
2360.0,7080,nan,0.0,NO,,,
2360.0,7080,nan,0.0,NO,,,
2363.3333333333335,7090,nan,0.0,NO,,,
2363.3333333333335,7090,nan,0.0,NO,,,
2363.3333333333335,7090,nan,0.0,NO,,,
2363.3333333333335,7090,nan,0.0,NO,,,
2363.3333333333335,7090,nan,0.0,NO,,,
2363.3333333333335,7090,nan,0.0,NO,,,
2363.3333333333335,7090,nan,0.0,NO,,,
2363.3333333333335,7090,nan,0.0,NO,,,
2363.3333333333335,7090,nan,0.0,NO,,,
2363.3333333333335,7090,nan,0.0,NO,,,
2366.6666666666665,7100,nan,1.0,NO,,,
2366.6666666666665,7100,nan,1.0,NO,,,
2366.6666666666665,7100,nan,1.0,NO,,,
2366.6666666666665,7100,nan,1.0,NO,,,
2366.6666666666665,7100,nan,1.0,NO,,,
2366.6666666666665,7100,nan,1.0,NO,,,
2366.6666666666665,7100,nan,1.0,NO,,,
2366.6666666666665,7100,nan,1.0,NO,,,
2366.6666666666665,7100,nan,1.0,NO,,,
2366.6666666666665,7100,nan,1.0,NO,,,
2370.0,7110,nan,0.0,NO,,,
2370.0,7110,nan,0.0,NO,,,
2370.0,7110,nan,0.0,NO,,,
2370.0,7110,nan,0.0,NO,,,
2370.0,7110,nan,0.0,NO,,,
2370.0,7110,nan,0.0,NO,,,
2370.0,7110,nan,0.0,NO,,,
2370.0,7110,nan,0.0,NO,,,
2370.0,7110,nan,0.0,NO,,,
2370.0,7110,nan,0.0,NO,,,
2373.3333333333335,7120,nan,0.0,NO,,,
2373.3333333333335,7120,nan,0.0,NO,,,
2373.3333333333335,7120,nan,0.0,NO,,,
2373.3333333333335,7120,nan,0.0,NO,,,
2373.3333333333335,7120,nan,0.0,NO,,,
2373.3333333333335,7120,nan,0.0,NO,,,
2373.3333333333335,7120,nan,0.0,NO,,,
2373.3333333333335,7120,nan,0.0,NO,,,
2373.3333333333335,7120,nan,0.0,NO,,,
2373.3333333333335,7120,nan,0.0,NO,,,
2376.6666666666665,7130,nan,1.0,NO,,,
2376.6666666666665,7130,nan,1.0,NO,,,
2376.6666666666665,7130,nan,1.0,NO,,,
2376.6666666666665,7130,nan,1.0,NO,,,
2376.6666666666665,7130,nan,1.0,NO,,,
2376.6666666666665,7130,nan,1.0,NO,,,
2376.6666666666665,7130,nan,1.0,NO,,,
2376.6666666666665,7130,nan,1.0,NO,,,
2376.6666666666665,7130,nan,1.0,NO,,,
2376.6666666666665,7130,nan,1.0,NO,,,
2380.0,7140,nan,0.0,NO,,,
2380.0,7140,nan,0.0,NO,,,
2380.0,7140,nan,0.0,NO,,,
2380.0,7140,nan,0.0,NO,,,
2380.0,7140,nan,0.0,NO,,,
2380.0,7140,nan,0.0,NO,,,
2380.0,7140,nan,0.0,NO,,,
2380.0,7140,nan,0.0,NO,,,
2380.0,7140,nan,0.0,NO,,,
2380.0,7140,nan,0.0,NO,,,
2383.3333333333335,7150,nan,0.0,NO,,,
2383.3333333333335,7150,nan,0.0,NO,,,
2383.3333333333335,7150,nan,0.0,NO,,,
2383.3333333333335,7150,nan,0.0,NO,,,
2383.3333333333335,7150,nan,0.0,NO,,,
2383.3333333333335,7150,nan,0.0,NO,,,
2383.3333333333335,7150,nan,0.0,NO,,,
2383.3333333333335,7150,nan,0.0,NO,,,
2383.3333333333335,7150,nan,0.0,NO,,,
2383.3333333333335,7150,nan,0.0,NO,,,
2386.6666666666665,7160,nan,1.0,NO,,,
2386.6666666666665,7160,nan,1.0,NO,,,
2386.6666666666665,7160,nan,1.0,NO,,,
2386.6666666666665,7160,nan,1.0,NO,,,
2386.6666666666665,7160,nan,1.0,NO,,,
2386.6666666666665,7160,nan,1.0,NO,,,
2386.6666666666665,7160,nan,1.0,NO,,,
2386.6666666666665,7160,nan,1.0,NO,,,
2386.6666666666665,7160,nan,1.0,NO,,,
2386.6666666666665,7160,nan,1.0,NO,,,
2390.0,7170,nan,0.0,NO,,,
2390.0,7170,nan,0.0,NO,,,
2390.0,7170,nan,0.0,NO,,,
2390.0,7170,nan,0.0,NO,,,
2390.0,7170,nan,0.0,NO,,,
2390.0,7170,nan,0.0,NO,,,
2390.0,7170,nan,0.0,NO,,,
2390.0,7170,nan,0.0,NO,,,
2390.0,7170,nan,0.0,NO,,,
2390.0,7170,nan,0.0,NO,,,
2393.3333333333335,7180,nan,0.0,NO,,,
2393.3333333333335,7180,nan,0.0,NO,,,
2393.3333333333335,7180,nan,0.0,NO,,,
2393.3333333333335,7180,nan,0.0,NO,,,
2393.3333333333335,7180,nan,0.0,NO,,,
2393.3333333333335,7180,nan,0.0,NO,,,
2393.3333333333335,7180,nan,0.0,NO,,,
2393.3333333333335,7180,nan,0.0,NO,,,
2393.3333333333335,7180,nan,0.0,NO,,,
2393.3333333333335,7180,nan,0.0,NO,,,
2396.6666666666665,7190,nan,1.0,NO,,,
2396.6666666666665,7190,nan,1.0,NO,,,
2396.6666666666665,7190,nan,1.0,NO,,,
2396.6666666666665,7190,nan,1.0,NO,,,
2396.6666666666665,7190,nan,1.0,NO,,,
2396.6666666666665,7190,nan,1.0,NO,,,
2396.6666666666665,7190,nan,1.0,NO,,,
2396.6666666666665,7190,nan,1.0,NO,,,
2396.6666666666665,7190,nan,1.0,NO,,,
2396.6666666666665,7190,nan,1.0,YES,nan,0.2,
2400.0,7200,nan,0.0,NO,,,
2400.0,7200,nan,0.0,NO,,,
2400.0,7200,nan,0.0,NO,,,
2400.0,7200,nan,0.0,NO,,,
2400.0,7200,nan,0.0,NO,,,
2400.0,7200,nan,0.0,NO,,,
2400.0,7200,nan,0.0,NO,,,
2400.0,7200,nan,0.0,NO,,,
2400.0,7200,nan,0.0,NO,,,
2400.0,7200,nan,0.0,NO,,,
2403.3333333333335,7210,nan,0.0,NO,,,
2403.3333333333335,7210,nan,0.0,NO,,,
2403.3333333333335,7210,nan,0.0,NO,,,
2403.3333333333335,7210,nan,0.0,NO,,,
2403.3333333333335,7210,nan,0.0,NO,,,
2403.3333333333335,7210,nan,0.0,NO,,,
2403.3333333333335,7210,nan,0.0,NO,,,
2403.3333333333335,7210,nan,0.0,NO,,,
2403.3333333333335,7210,nan,0.0,NO,,,
2403.3333333333335,7210,nan,0.0,NO,,,
2406.6666666666665,7220,nan,1.0,NO,,,
2406.6666666666665,7220,nan,1.0,NO,,,
2406.6666666666665,7220,nan,1.0,NO,,,
2406.6666666666665,7220,nan,1.0,NO,,,
2406.6666666666665,7220,nan,1.0,NO,,,
2406.6666666666665,7220,nan,1.0,NO,,,
2406.6666666666665,7220,nan,1.0,NO,,,
2406.6666666666665,7220,nan,1.0,NO,,,
2406.6666666666665,7220,nan,1.0,NO,,,
2406.6666666666665,7220,nan,1.0,NO,,,
2410.0,7230,nan,0.0,NO,,,
2410.0,7230,nan,0.0,NO,,,
2410.0,7230,nan,0.0,NO,,,
2410.0,7230,nan,0.0,NO,,,
2410.0,7230,nan,0.0,NO,,,
2410.0,7230,nan,0.0,NO,,,
2410.0,7230,nan,0.0,NO,,,
2410.0,7230,nan,0.0,NO,,,
2410.0,7230,nan,0.0,NO,,,
2410.0,7230,nan,0.0,NO,,,
2413.3333333333335,7240,nan,0.0,NO,,,
2413.3333333333335,7240,nan,0.0,NO,,,
2413.3333333333335,7240,nan,0.0,NO,,,
2413.3333333333335,7240,nan,0.0,NO,,,
2413.3333333333335,7240,nan,0.0,NO,,,
2413.3333333333335,7240,nan,0.0,NO,,,
2413.3333333333335,7240,nan,0.0,NO,,,
2413.3333333333335,7240,nan,0.0,NO,,,
2413.3333333333335,7240,nan,0.0,NO,,,
2413.3333333333335,7240,nan,0.0,NO,,,
2416.6666666666665,7250,nan,1.0,NO,,,
2416.6666666666665,7250,nan,1.0,NO,,,
2416.6666666666665,7250,nan,1.0,NO,,,
2416.6666666666665,7250,nan,1.0,NO,,,
2416.6666666666665,7250,nan,1.0,NO,,,
2416.6666666666665,7250,nan,1.0,NO,,,
2416.6666666666665,7250,nan,1.0,NO,,,
2416.6666666666665,7250,nan,1.0,NO,,,
2416.6666666666665,7250,nan,1.0,NO,,,
2416.6666666666665,7250,nan,1.0,NO,,,
2420.0,7260,nan,0.0,NO,,,
2420.0,7260,nan,0.0,NO,,,
2420.0,7260,nan,0.0,NO,,,
2420.0,7260,nan,0.0,NO,,,
2420.0,7260,nan,0.0,NO,,,
2420.0,7260,nan,0.0,NO,,,
2420.0,7260,nan,0.0,NO,,,
2420.0,7260,nan,0.0,NO,,,
2420.0,7260,nan,0.0,NO,,,
2420.0,7260,nan,0.0,NO,,,
2423.3333333333335,7270,nan,0.0,NO,,,
2423.3333333333335,7270,nan,0.0,NO,,,
2423.3333333333335,7270,nan,0.0,NO,,,
2423.3333333333335,7270,nan,0.0,NO,,,
2423.3333333333335,7270,nan,0.0,NO,,,
2423.3333333333335,7270,nan,0.0,NO,,,
2423.3333333333335,7270,nan,0.0,NO,,,
2423.3333333333335,7270,nan,0.0,NO,,,
2423.3333333333335,7270,nan,0.0,NO,,,
2423.3333333333335,7270,nan,0.0,NO,,,
2426.6666666666665,7280,nan,1.0,NO,,,
2426.6666666666665,7280,nan,1.0,NO,,,
2426.6666666666665,7280,nan,1.0,NO,,,
2426.6666666666665,7280,nan,1.0,NO,,,
2426.6666666666665,7280,nan,1.0,NO,,,
2426.6666666666665,7280,nan,1.0,NO,,,
2426.6666666666665,7280,nan,1.0,NO,,,
2426.6666666666665,7280,nan,1.0,NO,,,
2426.6666666666665,7280,nan,1.0,NO,,,
2426.6666666666665,7280,nan,1.0,NO,,,
2430.0,7290,nan,0.0,NO,,,
2430.0,7290,nan,0.0,NO,,,
2430.0,7290,nan,0.0,NO,,,
2430.0,7290,nan,0.0,NO,,,
2430.0,7290,nan,0.0,NO,,,
2430.0,7290,nan,0.0,NO,,,
2430.0,7290,nan,0.0,NO,,,
2430.0,7290,nan,0.0,NO,,,
2430.0,7290,nan,0.0,NO,,,
2430.0,7290,nan,0.0,NO,,,
2433.3333333333335,7300,nan,0.0,NO,,,
2433.3333333333335,7300,nan,0.0,NO,,,
2433.3333333333335,7300,nan,0.0,NO,,,
2433.3333333333335,7300,nan,0.0,NO,,,
2433.3333333333335,7300,nan,0.0,NO,,,
2433.3333333333335,7300,nan,0.0,NO,,,
2433.3333333333335,7300,nan,0.0,NO,,,
2433.3333333333335,7300,nan,0.0,NO,,,
2433.3333333333335,7300,nan,0.0,NO,,,
2433.3333333333335,7300,nan,0.0,NO,,,
2436.6666666666665,7310,nan,1.0,NO,,,
2436.6666666666665,7310,nan,1.0,NO,,,
2436.6666666666665,7310,nan,1.0,NO,,,
2436.6666666666665,7310,nan,1.0,NO,,,
2436.6666666666665,7310,nan,1.0,NO,,,
2436.6666666666665,7310,nan,1.0,NO,,,
2436.6666666666665,7310,nan,1.0,NO,,,
2436.6666666666665,7310,nan,1.0,NO,,,
2436.6666666666665,7310,nan,1.0,NO,,,
2436.6666666666665,7310,nan,1.0,NO,,,
2440.0,7320,nan,0.0,NO,,,
2440.0,7320,nan,0.0,NO,,,
2440.0,7320,nan,0.0,NO,,,
2440.0,7320,nan,0.0,NO,,,
2440.0,7320,nan,0.0,NO,,,
2440.0,7320,nan,0.0,NO,,,
2440.0,7320,nan,0.0,NO,,,
2440.0,7320,nan,0.0,NO,,,
2440.0,7320,nan,0.0,NO,,,
2440.0,7320,nan,0.0,NO,,,
2443.3333333333335,7330,nan,0.0,NO,,,
2443.3333333333335,7330,nan,0.0,NO,,,
2443.3333333333335,7330,nan,0.0,NO,,,
2443.3333333333335,7330,nan,0.0,NO,,,
2443.3333333333335,7330,nan,0.0,NO,,,
2443.3333333333335,7330,nan,0.0,NO,,,
2443.3333333333335,7330,nan,0.0,NO,,,
2443.3333333333335,7330,nan,0.0,NO,,,
2443.3333333333335,7330,nan,0.0,NO,,,
2443.3333333333335,7330,nan,0.0,NO,,,
2446.6666666666665,7340,nan,1.0,NO,,,
2446.6666666666665,7340,nan,1.0,NO,,,
2446.6666666666665,7340,nan,1.0,NO,,,
2446.6666666666665,7340,nan,1.0,NO,,,
2446.6666666666665,7340,nan,1.0,NO,,,
2446.6666666666665,7340,nan,1.0,NO,,,
2446.6666666666665,7340,nan,1.0,NO,,,
2446.6666666666665,7340,nan,1.0,NO,,,
2446.6666666666665,7340,nan,1.0,NO,,,
2446.6666666666665,7340,nan,1.0,NO,,,
2450.0,7350,nan,0.0,NO,,,
2450.0,7350,nan,0.0,NO,,,
2450.0,7350,nan,0.0,NO,,,
2450.0,7350,nan,0.0,NO,,,
2450.0,7350,nan,0.0,NO,,,
2450.0,7350,nan,0.0,NO,,,
2450.0,7350,nan,0.0,NO,,,
2450.0,7350,nan,0.0,NO,,,
2450.0,7350,nan,0.0,NO,,,
2450.0,7350,nan,0.0,NO,,,
2453.3333333333335,7360,nan,0.0,NO,,,
2453.3333333333335,7360,nan,0.0,NO,,,
2453.3333333333335,7360,nan,0.0,NO,,,
2453.3333333333335,7360,nan,0.0,NO,,,
2453.3333333333335,7360,nan,0.0,NO,,,
2453.3333333333335,7360,nan,0.0,NO,,,
2453.3333333333335,7360,nan,0.0,NO,,,
2453.3333333333335,7360,nan,0.0,NO,,,
2453.3333333333335,7360,nan,0.0,NO,,,
2453.3333333333335,7360,nan,0.0,NO,,,
2456.6666666666665,7370,nan,1.0,NO,,,
2456.6666666666665,7370,nan,1.0,NO,,,
2456.6666666666665,7370,nan,1.0,NO,,,
2456.6666666666665,7370,nan,1.0,NO,,,
2456.6666666666665,7370,nan,1.0,NO,,,
2456.6666666666665,7370,nan,1.0,NO,,,
2456.6666666666665,7370,nan,1.0,NO,,,
2456.6666666666665,7370,nan,1.0,NO,,,
2456.6666666666665,7370,nan,1.0,NO,,,
2456.6666666666665,7370,nan,1.0,NO,,,
2460.0,7380,nan,0.0,NO,,,
2460.0,7380,nan,0.0,NO,,,
2460.0,7380,nan,0.0,NO,,,
2460.0,7380,nan,0.0,NO,,,
2460.0,7380,nan,0.0,NO,,,
2460.0,7380,nan,0.0,NO,,,
2460.0,7380,nan,0.0,NO,,,
2460.0,7380,nan,0.0,NO,,,
2460.0,7380,nan,0.0,NO,,,
2460.0,7380,nan,0.0,NO,,,
2463.3333333333335,7390,nan,0.0,NO,,,
2463.3333333333335,7390,nan,0.0,NO,,,
2463.3333333333335,7390,nan,0.0,NO,,,
2463.3333333333335,7390,nan,0.0,NO,,,
2463.3333333333335,7390,nan,0.0,NO,,,
2463.3333333333335,7390,nan,0.0,NO,,,
2463.3333333333335,7390,nan,0.0,NO,,,
2463.3333333333335,7390,nan,0.0,NO,,,
2463.3333333333335,7390,nan,0.0,NO,,,
2463.3333333333335,7390,nan,0.0,YES,nan,0.2,
2466.6666666666665,7400,nan,1.0,NO,,,
2466.6666666666665,7400,nan,1.0,NO,,,
2466.6666666666665,7400,nan,1.0,NO,,,
2466.6666666666665,7400,nan,1.0,NO,,,
2466.6666666666665,7400,nan,1.0,NO,,,
2466.6666666666665,7400,nan,1.0,NO,,,
2466.6666666666665,7400,nan,1.0,NO,,,
2466.6666666666665,7400,nan,1.0,NO,,,
2466.6666666666665,7400,nan,1.0,NO,,,
2466.6666666666665,7400,nan,1.0,NO,,,
2470.0,7410,nan,0.0,NO,,,
2470.0,7410,nan,0.0,NO,,,
2470.0,7410,nan,0.0,NO,,,
2470.0,7410,nan,0.0,NO,,,
2470.0,7410,nan,0.0,NO,,,
2470.0,7410,nan,0.0,NO,,,
2470.0,7410,nan,0.0,NO,,,
2470.0,7410,nan,0.0,NO,,,
2470.0,7410,nan,0.0,NO,,,
2470.0,7410,nan,0.0,NO,,,
2473.3333333333335,7420,nan,0.0,NO,,,
2473.3333333333335,7420,nan,0.0,NO,,,
2473.3333333333335,7420,nan,0.0,NO,,,
2473.3333333333335,7420,nan,0.0,NO,,,
2473.3333333333335,7420,nan,0.0,NO,,,
2473.3333333333335,7420,nan,0.0,NO,,,
2473.3333333333335,7420,nan,0.0,NO,,,
2473.3333333333335,7420,nan,0.0,NO,,,
2473.3333333333335,7420,nan,0.0,NO,,,
2473.3333333333335,7420,nan,0.0,NO,,,
2476.6666666666665,7430,nan,1.0,NO,,,
2476.6666666666665,7430,nan,1.0,NO,,,
2476.6666666666665,7430,nan,1.0,NO,,,
2476.6666666666665,7430,nan,1.0,NO,,,
2476.6666666666665,7430,nan,1.0,NO,,,
2476.6666666666665,7430,nan,1.0,NO,,,
2476.6666666666665,7430,nan,1.0,NO,,,
2476.6666666666665,7430,nan,1.0,NO,,,
2476.6666666666665,7430,nan,1.0,NO,,,
2476.6666666666665,7430,nan,1.0,NO,,,
2480.0,7440,nan,0.0,NO,,,
2480.0,7440,nan,0.0,NO,,,
2480.0,7440,nan,0.0,NO,,,
2480.0,7440,nan,0.0,NO,,,
2480.0,7440,nan,0.0,NO,,,
2480.0,7440,nan,0.0,NO,,,
2480.0,7440,nan,0.0,NO,,,
2480.0,7440,nan,0.0,NO,,,
2480.0,7440,nan,0.0,NO,,,
2480.0,7440,nan,0.0,NO,,,
2483.3333333333335,7450,nan,0.0,NO,,,
2483.3333333333335,7450,nan,0.0,NO,,,
2483.3333333333335,7450,nan,0.0,NO,,,
2483.3333333333335,7450,nan,0.0,NO,,,
2483.3333333333335,7450,nan,0.0,NO,,,
2483.3333333333335,7450,nan,0.0,NO,,,
2483.3333333333335,7450,nan,0.0,NO,,,
2483.3333333333335,7450,nan,0.0,NO,,,
2483.3333333333335,7450,nan,0.0,NO,,,
2483.3333333333335,7450,nan,0.0,NO,,,
2486.6666666666665,7460,nan,1.0,NO,,,
2486.6666666666665,7460,nan,1.0,NO,,,
2486.6666666666665,7460,nan,1.0,NO,,,
2486.6666666666665,7460,nan,1.0,NO,,,
2486.6666666666665,7460,nan,1.0,NO,,,
2486.6666666666665,7460,nan,1.0,NO,,,
2486.6666666666665,7460,nan,1.0,NO,,,
2486.6666666666665,7460,nan,1.0,NO,,,
2486.6666666666665,7460,nan,1.0,NO,,,
2486.6666666666665,7460,nan,1.0,NO,,,
2490.0,7470,nan,0.0,NO,,,
2490.0,7470,nan,0.0,NO,,,
2490.0,7470,nan,0.0,NO,,,
2490.0,7470,nan,0.0,NO,,,
2490.0,7470,nan,0.0,NO,,,
2490.0,7470,nan,0.0,NO,,,
2490.0,7470,nan,0.0,NO,,,
2490.0,7470,nan,0.0,NO,,,
2490.0,7470,nan,0.0,NO,,,
2490.0,7470,nan,0.0,NO,,,
2493.3333333333335,7480,nan,0.0,NO,,,
2493.3333333333335,7480,nan,0.0,NO,,,
2493.3333333333335,7480,nan,0.0,NO,,,
2493.3333333333335,7480,nan,0.0,NO,,,
2493.3333333333335,7480,nan,0.0,NO,,,
2493.3333333333335,7480,nan,0.0,NO,,,
2493.3333333333335,7480,nan,0.0,NO,,,
2493.3333333333335,7480,nan,0.0,NO,,,
2493.3333333333335,7480,nan,0.0,NO,,,
2493.3333333333335,7480,nan,0.0,NO,,,
2496.6666666666665,7490,nan,1.0,NO,,,
2496.6666666666665,7490,nan,1.0,NO,,,
2496.6666666666665,7490,nan,1.0,NO,,,
2496.6666666666665,7490,nan,1.0,NO,,,
2496.6666666666665,7490,nan,1.0,NO,,,
2496.6666666666665,7490,nan,1.0,NO,,,
2496.6666666666665,7490,nan,1.0,NO,,,
2496.6666666666665,7490,nan,1.0,NO,,,
2496.6666666666665,7490,nan,1.0,NO,,,
2496.6666666666665,7490,nan,1.0,NO,,,
2500.0,7500,nan,0.0,NO,,,
2500.0,7500,nan,0.0,NO,,,
2500.0,7500,nan,0.0,NO,,,
2500.0,7500,nan,0.0,NO,,,
2500.0,7500,nan,0.0,NO,,,
2500.0,7500,nan,0.0,NO,,,
2500.0,7500,nan,0.0,NO,,,
2500.0,7500,nan,0.0,NO,,,
2500.0,7500,nan,0.0,NO,,,
2500.0,7500,nan,0.0,NO,,,
2503.3333333333335,7510,nan,0.0,NO,,,
2503.3333333333335,7510,nan,0.0,NO,,,
2503.3333333333335,7510,nan,0.0,NO,,,
2503.3333333333335,7510,nan,0.0,NO,,,
2503.3333333333335,7510,nan,0.0,NO,,,
2503.3333333333335,7510,nan,0.0,NO,,,
2503.3333333333335,7510,nan,0.0,NO,,,
2503.3333333333335,7510,nan,0.0,NO,,,
2503.3333333333335,7510,nan,0.0,NO,,,
2503.3333333333335,7510,nan,0.0,NO,,,
2506.6666666666665,7520,nan,1.0,NO,,,
2506.6666666666665,7520,nan,1.0,NO,,,
2506.6666666666665,7520,nan,1.0,NO,,,
2506.6666666666665,7520,nan,1.0,NO,,,
2506.6666666666665,7520,nan,1.0,NO,,,
2506.6666666666665,7520,nan,1.0,NO,,,
2506.6666666666665,7520,nan,1.0,NO,,,
2506.6666666666665,7520,nan,1.0,NO,,,
2506.6666666666665,7520,nan,1.0,NO,,,
2506.6666666666665,7520,nan,1.0,NO,,,
2510.0,7530,nan,0.0,NO,,,
2510.0,7530,nan,0.0,NO,,,
2510.0,7530,nan,0.0,NO,,,
2510.0,7530,nan,0.0,NO,,,
2510.0,7530,nan,0.0,NO,,,
2510.0,7530,nan,0.0,NO,,,
2510.0,7530,nan,0.0,NO,,,
2510.0,7530,nan,0.0,NO,,,
2510.0,7530,nan,0.0,NO,,,
2510.0,7530,nan,0.0,NO,,,
2513.3333333333335,7540,nan,0.0,NO,,,
2513.3333333333335,7540,nan,0.0,NO,,,
2513.3333333333335,7540,nan,0.0,NO,,,
2513.3333333333335,7540,nan,0.0,NO,,,
2513.3333333333335,7540,nan,0.0,NO,,,
2513.3333333333335,7540,nan,0.0,NO,,,
2513.3333333333335,7540,nan,0.0,NO,,,
2513.3333333333335,7540,nan,0.0,NO,,,
2513.3333333333335,7540,nan,0.0,NO,,,
2513.3333333333335,7540,nan,0.0,NO,,,
2516.6666666666665,7550,nan,1.0,NO,,,
2516.6666666666665,7550,nan,1.0,NO,,,
2516.6666666666665,7550,nan,1.0,NO,,,
2516.6666666666665,7550,nan,1.0,NO,,,
2516.6666666666665,7550,nan,1.0,NO,,,
2516.6666666666665,7550,nan,1.0,NO,,,
2516.6666666666665,7550,nan,1.0,NO,,,
2516.6666666666665,7550,nan,1.0,NO,,,
2516.6666666666665,7550,nan,1.0,NO,,,
2516.6666666666665,7550,nan,1.0,NO,,,
2520.0,7560,nan,0.0,NO,,,
2520.0,7560,nan,0.0,NO,,,
2520.0,7560,nan,0.0,NO,,,
2520.0,7560,nan,0.0,NO,,,
2520.0,7560,nan,0.0,NO,,,
2520.0,7560,nan,0.0,NO,,,
2520.0,7560,nan,0.0,NO,,,
2520.0,7560,nan,0.0,NO,,,
2520.0,7560,nan,0.0,NO,,,
2520.0,7560,nan,0.0,NO,,,
2523.3333333333335,7570,nan,0.0,NO,,,
2523.3333333333335,7570,nan,0.0,NO,,,
2523.3333333333335,7570,nan,0.0,NO,,,
2523.3333333333335,7570,nan,0.0,NO,,,
2523.3333333333335,7570,nan,0.0,NO,,,
2523.3333333333335,7570,nan,0.0,NO,,,
2523.3333333333335,7570,nan,0.0,NO,,,
2523.3333333333335,7570,nan,0.0,NO,,,
2523.3333333333335,7570,nan,0.0,NO,,,
2523.3333333333335,7570,nan,0.0,NO,,,
2526.6666666666665,7580,nan,1.0,NO,,,
2526.6666666666665,7580,nan,1.0,NO,,,
2526.6666666666665,7580,nan,1.0,NO,,,
2526.6666666666665,7580,nan,1.0,NO,,,
2526.6666666666665,7580,nan,1.0,NO,,,
2526.6666666666665,7580,nan,1.0,NO,,,
2526.6666666666665,7580,nan,1.0,NO,,,
2526.6666666666665,7580,nan,1.0,NO,,,
2526.6666666666665,7580,nan,1.0,NO,,,
2526.6666666666665,7580,nan,1.0,NO,,,
2530.0,7590,nan,0.0,NO,,,
2530.0,7590,nan,0.0,NO,,,
2530.0,7590,nan,0.0,NO,,,
2530.0,7590,nan,0.0,NO,,,
2530.0,7590,nan,0.0,NO,,,
2530.0,7590,nan,0.0,NO,,,
2530.0,7590,nan,0.0,NO,,,
2530.0,7590,nan,0.0,NO,,,
2530.0,7590,nan,0.0,NO,,,
2530.0,7590,nan,0.0,YES,nan,0.2,
2533.3333333333335,7600,nan,0.0,NO,,,
2533.3333333333335,7600,nan,0.0,NO,,,
2533.3333333333335,7600,nan,0.0,NO,,,
2533.3333333333335,7600,nan,0.0,NO,,,
2533.3333333333335,7600,nan,0.0,NO,,,
2533.3333333333335,7600,nan,0.0,NO,,,
2533.3333333333335,7600,nan,0.0,NO,,,
2533.3333333333335,7600,nan,0.0,NO,,,
2533.3333333333335,7600,nan,0.0,NO,,,
2533.3333333333335,7600,nan,0.0,NO,,,
2536.6666666666665,7610,nan,1.0,NO,,,
2536.6666666666665,7610,nan,1.0,NO,,,
2536.6666666666665,7610,nan,1.0,NO,,,
2536.6666666666665,7610,nan,1.0,NO,,,
2536.6666666666665,7610,nan,1.0,NO,,,
2536.6666666666665,7610,nan,1.0,NO,,,
2536.6666666666665,7610,nan,1.0,NO,,,
2536.6666666666665,7610,nan,1.0,NO,,,
2536.6666666666665,7610,nan,1.0,NO,,,
2536.6666666666665,7610,nan,1.0,NO,,,
2540.0,7620,nan,0.0,NO,,,
2540.0,7620,nan,0.0,NO,,,
2540.0,7620,nan,0.0,NO,,,
2540.0,7620,nan,0.0,NO,,,
2540.0,7620,nan,0.0,NO,,,
2540.0,7620,nan,0.0,NO,,,
2540.0,7620,nan,0.0,NO,,,
2540.0,7620,nan,0.0,NO,,,
2540.0,7620,nan,0.0,NO,,,
2540.0,7620,nan,0.0,NO,,,
2543.3333333333335,7630,nan,0.0,NO,,,
2543.3333333333335,7630,nan,0.0,NO,,,
2543.3333333333335,7630,nan,0.0,NO,,,
2543.3333333333335,7630,nan,0.0,NO,,,
2543.3333333333335,7630,nan,0.0,NO,,,
2543.3333333333335,7630,nan,0.0,NO,,,
2543.3333333333335,7630,nan,0.0,NO,,,
2543.3333333333335,7630,nan,0.0,NO,,,
2543.3333333333335,7630,nan,0.0,NO,,,
2543.3333333333335,7630,nan,0.0,NO,,,
2546.6666666666665,7640,nan,1.0,NO,,,
2546.6666666666665,7640,nan,1.0,NO,,,
2546.6666666666665,7640,nan,1.0,NO,,,
2546.6666666666665,7640,nan,1.0,NO,,,
2546.6666666666665,7640,nan,1.0,NO,,,
2546.6666666666665,7640,nan,1.0,NO,,,
2546.6666666666665,7640,nan,1.0,NO,,,
2546.6666666666665,7640,nan,1.0,NO,,,
2546.6666666666665,7640,nan,1.0,NO,,,
2546.6666666666665,7640,nan,1.0,NO,,,
2550.0,7650,nan,0.0,NO,,,
2550.0,7650,nan,0.0,NO,,,
2550.0,7650,nan,0.0,NO,,,
2550.0,7650,nan,0.0,NO,,,
2550.0,7650,nan,0.0,NO,,,
2550.0,7650,nan,0.0,NO,,,
2550.0,7650,nan,0.0,NO,,,
2550.0,7650,nan,0.0,NO,,,
2550.0,7650,nan,0.0,NO,,,
2550.0,7650,nan,0.0,NO,,,
2553.3333333333335,7660,nan,0.0,NO,,,
2553.3333333333335,7660,nan,0.0,NO,,,
2553.3333333333335,7660,nan,0.0,NO,,,
2553.3333333333335,7660,nan,0.0,NO,,,
2553.3333333333335,7660,nan,0.0,NO,,,
2553.3333333333335,7660,nan,0.0,NO,,,
2553.3333333333335,7660,nan,0.0,NO,,,
2553.3333333333335,7660,nan,0.0,NO,,,
2553.3333333333335,7660,nan,0.0,NO,,,
2553.3333333333335,7660,nan,0.0,NO,,,
2556.6666666666665,7670,nan,1.0,NO,,,
2556.6666666666665,7670,nan,1.0,NO,,,
2556.6666666666665,7670,nan,1.0,NO,,,
2556.6666666666665,7670,nan,1.0,NO,,,
2556.6666666666665,7670,nan,1.0,NO,,,
2556.6666666666665,7670,nan,1.0,NO,,,
2556.6666666666665,7670,nan,1.0,NO,,,
2556.6666666666665,7670,nan,1.0,NO,,,
2556.6666666666665,7670,nan,1.0,NO,,,
2556.6666666666665,7670,nan,1.0,NO,,,
2560.0,7680,nan,0.0,NO,,,
2560.0,7680,nan,0.0,NO,,,
2560.0,7680,nan,0.0,NO,,,
2560.0,7680,nan,0.0,NO,,,
2560.0,7680,nan,0.0,NO,,,
2560.0,7680,nan,0.0,NO,,,
2560.0,7680,nan,0.0,NO,,,
2560.0,7680,nan,0.0,NO,,,
2560.0,7680,nan,0.0,NO,,,
2560.0,7680,nan,0.0,NO,,,
2563.3333333333335,7690,nan,0.0,NO,,,
2563.3333333333335,7690,nan,0.0,NO,,,
2563.3333333333335,7690,nan,0.0,NO,,,
2563.3333333333335,7690,nan,0.0,NO,,,
2563.3333333333335,7690,nan,0.0,NO,,,
2563.3333333333335,7690,nan,0.0,NO,,,
2563.3333333333335,7690,nan,0.0,NO,,,
2563.3333333333335,7690,nan,0.0,NO,,,
2563.3333333333335,7690,nan,0.0,NO,,,
2563.3333333333335,7690,nan,0.0,NO,,,
2566.6666666666665,7700,nan,1.0,NO,,,
2566.6666666666665,7700,nan,1.0,NO,,,
2566.6666666666665,7700,nan,1.0,NO,,,
2566.6666666666665,7700,nan,1.0,NO,,,
2566.6666666666665,7700,nan,1.0,NO,,,
2566.6666666666665,7700,nan,1.0,NO,,,
2566.6666666666665,7700,nan,1.0,NO,,,
2566.6666666666665,7700,nan,1.0,NO,,,
2566.6666666666665,7700,nan,1.0,NO,,,
2566.6666666666665,7700,nan,1.0,NO,,,
2570.0,7710,nan,0.0,NO,,,
2570.0,7710,nan,0.0,NO,,,
2570.0,7710,nan,0.0,NO,,,
2570.0,7710,nan,0.0,NO,,,
2570.0,7710,nan,0.0,NO,,,
2570.0,7710,nan,0.0,NO,,,
2570.0,7710,nan,0.0,NO,,,
2570.0,7710,nan,0.0,NO,,,
2570.0,7710,nan,0.0,NO,,,
2570.0,7710,nan,0.0,NO,,,
2573.3333333333335,7720,nan,0.0,NO,,,
2573.3333333333335,7720,nan,0.0,NO,,,
2573.3333333333335,7720,nan,0.0,NO,,,
2573.3333333333335,7720,nan,0.0,NO,,,
2573.3333333333335,7720,nan,0.0,NO,,,
2573.3333333333335,7720,nan,0.0,NO,,,
2573.3333333333335,7720,nan,0.0,NO,,,
2573.3333333333335,7720,nan,0.0,NO,,,
2573.3333333333335,7720,nan,0.0,NO,,,
2573.3333333333335,7720,nan,0.0,NO,,,
2576.6666666666665,7730,nan,1.0,NO,,,
2576.6666666666665,7730,nan,1.0,NO,,,
2576.6666666666665,7730,nan,1.0,NO,,,
2576.6666666666665,7730,nan,1.0,NO,,,
2576.6666666666665,7730,nan,1.0,NO,,,
2576.6666666666665,7730,nan,1.0,NO,,,
2576.6666666666665,7730,nan,1.0,NO,,,
2576.6666666666665,7730,nan,1.0,NO,,,
2576.6666666666665,7730,nan,1.0,NO,,,
2576.6666666666665,7730,nan,1.0,NO,,,
2580.0,7740,nan,0.0,NO,,,
2580.0,7740,nan,0.0,NO,,,
2580.0,7740,nan,0.0,NO,,,
2580.0,7740,nan,0.0,NO,,,
2580.0,7740,nan,0.0,NO,,,
2580.0,7740,nan,0.0,NO,,,
2580.0,7740,nan,0.0,NO,,,
2580.0,7740,nan,0.0,NO,,,
2580.0,7740,nan,0.0,NO,,,
2580.0,7740,nan,0.0,NO,,,
2583.3333333333335,7750,nan,0.0,NO,,,
2583.3333333333335,7750,nan,0.0,NO,,,
2583.3333333333335,7750,nan,0.0,NO,,,
2583.3333333333335,7750,nan,0.0,NO,,,
2583.3333333333335,7750,nan,0.0,NO,,,
2583.3333333333335,7750,nan,0.0,NO,,,
2583.3333333333335,7750,nan,0.0,NO,,,
2583.3333333333335,7750,nan,0.0,NO,,,
2583.3333333333335,7750,nan,0.0,NO,,,
2583.3333333333335,7750,nan,0.0,NO,,,
2586.6666666666665,7760,nan,1.0,NO,,,
2586.6666666666665,7760,nan,1.0,NO,,,
2586.6666666666665,7760,nan,1.0,NO,,,
2586.6666666666665,7760,nan,1.0,NO,,,
2586.6666666666665,7760,nan,1.0,NO,,,
2586.6666666666665,7760,nan,1.0,NO,,,
2586.6666666666665,7760,nan,1.0,NO,,,
2586.6666666666665,7760,nan,1.0,NO,,,
2586.6666666666665,7760,nan,1.0,NO,,,
2586.6666666666665,7760,nan,1.0,NO,,,
2590.0,7770,nan,0.0,NO,,,
2590.0,7770,nan,0.0,NO,,,
2590.0,7770,nan,0.0,NO,,,
2590.0,7770,nan,0.0,NO,,,
2590.0,7770,nan,0.0,NO,,,
2590.0,7770,nan,0.0,NO,,,
2590.0,7770,nan,0.0,NO,,,
2590.0,7770,nan,0.0,NO,,,
2590.0,7770,nan,0.0,NO,,,
2590.0,7770,nan,0.0,NO,,,
2593.3333333333335,7780,nan,0.0,NO,,,
2593.3333333333335,7780,nan,0.0,NO,,,
2593.3333333333335,7780,nan,0.0,NO,,,
2593.3333333333335,7780,nan,0.0,NO,,,
2593.3333333333335,7780,nan,0.0,NO,,,
2593.3333333333335,7780,nan,0.0,NO,,,
2593.3333333333335,7780,nan,0.0,NO,,,
2593.3333333333335,7780,nan,0.0,NO,,,
2593.3333333333335,7780,nan,0.0,NO,,,
2593.3333333333335,7780,nan,0.0,NO,,,
2596.6666666666665,7790,nan,1.0,NO,,,
2596.6666666666665,7790,nan,1.0,NO,,,
2596.6666666666665,7790,nan,1.0,NO,,,
2596.6666666666665,7790,nan,1.0,NO,,,
2596.6666666666665,7790,nan,1.0,NO,,,
2596.6666666666665,7790,nan,1.0,NO,,,
2596.6666666666665,7790,nan,1.0,NO,,,
2596.6666666666665,7790,nan,1.0,NO,,,
2596.6666666666665,7790,nan,1.0,NO,,,
2596.6666666666665,7790,nan,1.0,YES,nan,0.2,
2600.0,7800,nan,0.0,NO,,,
2600.0,7800,nan,0.0,NO,,,
2600.0,7800,nan,0.0,NO,,,
2600.0,7800,nan,0.0,NO,,,
2600.0,7800,nan,0.0,NO,,,
2600.0,7800,nan,0.0,NO,,,
2600.0,7800,nan,0.0,NO,,,
2600.0,7800,nan,0.0,NO,,,
2600.0,7800,nan,0.0,NO,,,
2600.0,7800,nan,0.0,NO,,,
2603.3333333333335,7810,nan,0.0,NO,,,
2603.3333333333335,7810,nan,0.0,NO,,,
2603.3333333333335,7810,nan,0.0,NO,,,
2603.3333333333335,7810,nan,0.0,NO,,,
2603.3333333333335,7810,nan,0.0,NO,,,
2603.3333333333335,7810,nan,0.0,NO,,,
2603.3333333333335,7810,nan,0.0,NO,,,
2603.3333333333335,7810,nan,0.0,NO,,,
2603.3333333333335,7810,nan,0.0,NO,,,
2603.3333333333335,7810,nan,0.0,NO,,,
2606.6666666666665,7820,nan,1.0,NO,,,
2606.6666666666665,7820,nan,1.0,NO,,,
2606.6666666666665,7820,nan,1.0,NO,,,
2606.6666666666665,7820,nan,1.0,NO,,,
2606.6666666666665,7820,nan,1.0,NO,,,
2606.6666666666665,7820,nan,1.0,NO,,,
2606.6666666666665,7820,nan,1.0,NO,,,
2606.6666666666665,7820,nan,1.0,NO,,,
2606.6666666666665,7820,nan,1.0,NO,,,
2606.6666666666665,7820,nan,1.0,NO,,,
2610.0,7830,nan,0.0,NO,,,
2610.0,7830,nan,0.0,NO,,,
2610.0,7830,nan,0.0,NO,,,
2610.0,7830,nan,0.0,NO,,,
2610.0,7830,nan,0.0,NO,,,
2610.0,7830,nan,0.0,NO,,,
2610.0,7830,nan,0.0,NO,,,
2610.0,7830,nan,0.0,NO,,,
2610.0,7830,nan,0.0,NO,,,
2610.0,7830,nan,0.0,NO,,,
2613.3333333333335,7840,nan,0.0,NO,,,
2613.3333333333335,7840,nan,0.0,NO,,,
2613.3333333333335,7840,nan,0.0,NO,,,
2613.3333333333335,7840,nan,0.0,NO,,,
2613.3333333333335,7840,nan,0.0,NO,,,
2613.3333333333335,7840,nan,0.0,NO,,,
2613.3333333333335,7840,nan,0.0,NO,,,
2613.3333333333335,7840,nan,0.0,NO,,,
2613.3333333333335,7840,nan,0.0,NO,,,
2613.3333333333335,7840,nan,0.0,NO,,,
2616.6666666666665,7850,nan,1.0,NO,,,
2616.6666666666665,7850,nan,1.0,NO,,,
2616.6666666666665,7850,nan,1.0,NO,,,
2616.6666666666665,7850,nan,1.0,NO,,,
2616.6666666666665,7850,nan,1.0,NO,,,
2616.6666666666665,7850,nan,1.0,NO,,,
2616.6666666666665,7850,nan,1.0,NO,,,
2616.6666666666665,7850,nan,1.0,NO,,,
2616.6666666666665,7850,nan,1.0,NO,,,
2616.6666666666665,7850,nan,1.0,NO,,,
2620.0,7860,nan,0.0,NO,,,
2620.0,7860,nan,0.0,NO,,,
2620.0,7860,nan,0.0,NO,,,
2620.0,7860,nan,0.0,NO,,,
2620.0,7860,nan,0.0,NO,,,
2620.0,7860,nan,0.0,NO,,,
2620.0,7860,nan,0.0,NO,,,
2620.0,7860,nan,0.0,NO,,,
2620.0,7860,nan,0.0,NO,,,
2620.0,7860,nan,0.0,NO,,,
2623.3333333333335,7870,nan,0.0,NO,,,
2623.3333333333335,7870,nan,0.0,NO,,,
2623.3333333333335,7870,nan,0.0,NO,,,
2623.3333333333335,7870,nan,0.0,NO,,,
2623.3333333333335,7870,nan,0.0,NO,,,
2623.3333333333335,7870,nan,0.0,NO,,,
2623.3333333333335,7870,nan,0.0,NO,,,
2623.3333333333335,7870,nan,0.0,NO,,,
2623.3333333333335,7870,nan,0.0,NO,,,
2623.3333333333335,7870,nan,0.0,NO,,,
2626.6666666666665,7880,nan,1.0,NO,,,
2626.6666666666665,7880,nan,1.0,NO,,,
2626.6666666666665,7880,nan,1.0,NO,,,
2626.6666666666665,7880,nan,1.0,NO,,,
2626.6666666666665,7880,nan,1.0,NO,,,
2626.6666666666665,7880,nan,1.0,NO,,,
2626.6666666666665,7880,nan,1.0,NO,,,
2626.6666666666665,7880,nan,1.0,NO,,,
2626.6666666666665,7880,nan,1.0,NO,,,
2626.6666666666665,7880,nan,1.0,NO,,,
2630.0,7890,nan,0.0,NO,,,
2630.0,7890,nan,0.0,NO,,,
2630.0,7890,nan,0.0,NO,,,
2630.0,7890,nan,0.0,NO,,,
2630.0,7890,nan,0.0,NO,,,
2630.0,7890,nan,0.0,NO,,,
2630.0,7890,nan,0.0,NO,,,
2630.0,7890,nan,0.0,NO,,,
2630.0,7890,nan,0.0,NO,,,
2630.0,7890,nan,0.0,NO,,,
2633.3333333333335,7900,nan,0.0,NO,,,
2633.3333333333335,7900,nan,0.0,NO,,,
2633.3333333333335,7900,nan,0.0,NO,,,
2633.3333333333335,7900,nan,0.0,NO,,,
2633.3333333333335,7900,nan,0.0,NO,,,
2633.3333333333335,7900,nan,0.0,NO,,,
2633.3333333333335,7900,nan,0.0,NO,,,
2633.3333333333335,7900,nan,0.0,NO,,,
2633.3333333333335,7900,nan,0.0,NO,,,
2633.3333333333335,7900,nan,0.0,NO,,,
2636.6666666666665,7910,nan,1.0,NO,,,
2636.6666666666665,7910,nan,1.0,NO,,,
2636.6666666666665,7910,nan,1.0,NO,,,
2636.6666666666665,7910,nan,1.0,NO,,,
2636.6666666666665,7910,nan,1.0,NO,,,
2636.6666666666665,7910,nan,1.0,NO,,,
2636.6666666666665,7910,nan,1.0,NO,,,
2636.6666666666665,7910,nan,1.0,NO,,,
2636.6666666666665,7910,nan,1.0,NO,,,
2636.6666666666665,7910,nan,1.0,NO,,,
2640.0,7920,nan,0.0,NO,,,
2640.0,7920,nan,0.0,NO,,,
2640.0,7920,nan,0.0,NO,,,
2640.0,7920,nan,0.0,NO,,,
2640.0,7920,nan,0.0,NO,,,
2640.0,7920,nan,0.0,NO,,,
2640.0,7920,nan,0.0,NO,,,
2640.0,7920,nan,0.0,NO,,,
2640.0,7920,nan,0.0,NO,,,
2640.0,7920,nan,0.0,NO,,,
2643.3333333333335,7930,nan,0.0,NO,,,
2643.3333333333335,7930,nan,0.0,NO,,,
2643.3333333333335,7930,nan,0.0,NO,,,
2643.3333333333335,7930,nan,0.0,NO,,,
2643.3333333333335,7930,nan,0.0,NO,,,
2643.3333333333335,7930,nan,0.0,NO,,,
2643.3333333333335,7930,nan,0.0,NO,,,
2643.3333333333335,7930,nan,0.0,NO,,,
2643.3333333333335,7930,nan,0.0,NO,,,
2643.3333333333335,7930,nan,0.0,NO,,,
2646.6666666666665,7940,nan,1.0,NO,,,
2646.6666666666665,7940,nan,1.0,NO,,,
2646.6666666666665,7940,nan,1.0,NO,,,
2646.6666666666665,7940,nan,1.0,NO,,,
2646.6666666666665,7940,nan,1.0,NO,,,
2646.6666666666665,7940,nan,1.0,NO,,,
2646.6666666666665,7940,nan,1.0,NO,,,
2646.6666666666665,7940,nan,1.0,NO,,,
2646.6666666666665,7940,nan,1.0,NO,,,
2646.6666666666665,7940,nan,1.0,NO,,,
2650.0,7950,nan,0.0,NO,,,
2650.0,7950,nan,0.0,NO,,,
2650.0,7950,nan,0.0,NO,,,
2650.0,7950,nan,0.0,NO,,,
2650.0,7950,nan,0.0,NO,,,
2650.0,7950,nan,0.0,NO,,,
2650.0,7950,nan,0.0,NO,,,
2650.0,7950,nan,0.0,NO,,,
2650.0,7950,nan,0.0,NO,,,
2650.0,7950,nan,0.0,NO,,,
2653.3333333333335,7960,nan,0.0,NO,,,
2653.3333333333335,7960,nan,0.0,NO,,,
2653.3333333333335,7960,nan,0.0,NO,,,
2653.3333333333335,7960,nan,0.0,NO,,,
2653.3333333333335,7960,nan,0.0,NO,,,
2653.3333333333335,7960,nan,0.0,NO,,,
2653.3333333333335,7960,nan,0.0,NO,,,
2653.3333333333335,7960,nan,0.0,NO,,,
2653.3333333333335,7960,nan,0.0,NO,,,
2653.3333333333335,7960,nan,0.0,NO,,,
2656.6666666666665,7970,nan,1.0,NO,,,
2656.6666666666665,7970,nan,1.0,NO,,,
2656.6666666666665,7970,nan,1.0,NO,,,
2656.6666666666665,7970,nan,1.0,NO,,,
2656.6666666666665,7970,nan,1.0,NO,,,
2656.6666666666665,7970,nan,1.0,NO,,,
2656.6666666666665,7970,nan,1.0,NO,,,
2656.6666666666665,7970,nan,1.0,NO,,,
2656.6666666666665,7970,nan,1.0,NO,,,
2656.6666666666665,7970,nan,1.0,NO,,,
2660.0,7980,nan,0.0,NO,,,
2660.0,7980,nan,0.0,NO,,,
2660.0,7980,nan,0.0,NO,,,
2660.0,7980,nan,0.0,NO,,,
2660.0,7980,nan,0.0,NO,,,
2660.0,7980,nan,0.0,NO,,,
2660.0,7980,nan,0.0,NO,,,
2660.0,7980,nan,0.0,NO,,,
2660.0,7980,nan,0.0,NO,,,
2660.0,7980,nan,0.0,NO,,,
2663.3333333333335,7990,nan,0.0,NO,,,
2663.3333333333335,7990,nan,0.0,NO,,,
2663.3333333333335,7990,nan,0.0,NO,,,
2663.3333333333335,7990,nan,0.0,NO,,,
2663.3333333333335,7990,nan,0.0,NO,,,
2663.3333333333335,7990,nan,0.0,NO,,,
2663.3333333333335,7990,nan,0.0,NO,,,
2663.3333333333335,7990,nan,0.0,NO,,,
2663.3333333333335,7990,nan,0.0,NO,,,
2663.3333333333335,7990,nan,0.0,YES,nan,0.2,
2666.6666666666665,8000,nan,1.0,NO,,,
2666.6666666666665,8000,nan,1.0,NO,,,
2666.6666666666665,8000,nan,1.0,NO,,,
2666.6666666666665,8000,nan,1.0,NO,,,
2666.6666666666665,8000,nan,1.0,NO,,,
2666.6666666666665,8000,nan,1.0,NO,,,
2666.6666666666665,8000,nan,1.0,NO,,,
2666.6666666666665,8000,nan,1.0,NO,,,
2666.6666666666665,8000,nan,1.0,NO,,,
2666.6666666666665,8000,nan,1.0,NO,,,
2670.0,8010,nan,0.0,NO,,,
2670.0,8010,nan,0.0,NO,,,
2670.0,8010,nan,0.0,NO,,,
2670.0,8010,nan,0.0,NO,,,
2670.0,8010,nan,0.0,NO,,,
2670.0,8010,nan,0.0,NO,,,
2670.0,8010,nan,0.0,NO,,,
2670.0,8010,nan,0.0,NO,,,
2670.0,8010,nan,0.0,NO,,,
2670.0,8010,nan,0.0,NO,,,
2673.3333333333335,8020,nan,0.0,NO,,,
2673.3333333333335,8020,nan,0.0,NO,,,
2673.3333333333335,8020,nan,0.0,NO,,,
2673.3333333333335,8020,nan,0.0,NO,,,
2673.3333333333335,8020,nan,0.0,NO,,,
2673.3333333333335,8020,nan,0.0,NO,,,
2673.3333333333335,8020,nan,0.0,NO,,,
2673.3333333333335,8020,nan,0.0,NO,,,
2673.3333333333335,8020,nan,0.0,NO,,,
2673.3333333333335,8020,nan,0.0,NO,,,
2676.6666666666665,8030,nan,1.0,NO,,,
2676.6666666666665,8030,nan,1.0,NO,,,
2676.6666666666665,8030,nan,1.0,NO,,,
2676.6666666666665,8030,nan,1.0,NO,,,
2676.6666666666665,8030,nan,1.0,NO,,,
2676.6666666666665,8030,nan,1.0,NO,,,
2676.6666666666665,8030,nan,1.0,NO,,,
2676.6666666666665,8030,nan,1.0,NO,,,
2676.6666666666665,8030,nan,1.0,NO,,,
2676.6666666666665,8030,nan,1.0,NO,,,
2680.0,8040,nan,0.0,NO,,,
2680.0,8040,nan,0.0,NO,,,
2680.0,8040,nan,0.0,NO,,,
2680.0,8040,nan,0.0,NO,,,
2680.0,8040,nan,0.0,NO,,,
2680.0,8040,nan,0.0,NO,,,
2680.0,8040,nan,0.0,NO,,,
2680.0,8040,nan,0.0,NO,,,
2680.0,8040,nan,0.0,NO,,,
2680.0,8040,nan,0.0,NO,,,
2683.3333333333335,8050,nan,0.0,NO,,,
2683.3333333333335,8050,nan,0.0,NO,,,
2683.3333333333335,8050,nan,0.0,NO,,,
2683.3333333333335,8050,nan,0.0,NO,,,
2683.3333333333335,8050,nan,0.0,NO,,,
2683.3333333333335,8050,nan,0.0,NO,,,
2683.3333333333335,8050,nan,0.0,NO,,,
2683.3333333333335,8050,nan,0.0,NO,,,
2683.3333333333335,8050,nan,0.0,NO,,,
2683.3333333333335,8050,nan,0.0,NO,,,
2686.6666666666665,8060,nan,1.0,NO,,,
2686.6666666666665,8060,nan,1.0,NO,,,
2686.6666666666665,8060,nan,1.0,NO,,,
2686.6666666666665,8060,nan,1.0,NO,,,
2686.6666666666665,8060,nan,1.0,NO,,,
2686.6666666666665,8060,nan,1.0,NO,,,
2686.6666666666665,8060,nan,1.0,NO,,,
2686.6666666666665,8060,nan,1.0,NO,,,
2686.6666666666665,8060,nan,1.0,NO,,,
2686.6666666666665,8060,nan,1.0,NO,,,
2690.0,8070,nan,0.0,NO,,,
2690.0,8070,nan,0.0,NO,,,
2690.0,8070,nan,0.0,NO,,,
2690.0,8070,nan,0.0,NO,,,
2690.0,8070,nan,0.0,NO,,,
2690.0,8070,nan,0.0,NO,,,
2690.0,8070,nan,0.0,NO,,,
2690.0,8070,nan,0.0,NO,,,
2690.0,8070,nan,0.0,NO,,,
2690.0,8070,nan,0.0,NO,,,
2693.3333333333335,8080,nan,0.0,NO,,,
2693.3333333333335,8080,nan,0.0,NO,,,
2693.3333333333335,8080,nan,0.0,NO,,,
2693.3333333333335,8080,nan,0.0,NO,,,
2693.3333333333335,8080,nan,0.0,NO,,,
2693.3333333333335,8080,nan,0.0,NO,,,
2693.3333333333335,8080,nan,0.0,NO,,,
2693.3333333333335,8080,nan,0.0,NO,,,
2693.3333333333335,8080,nan,0.0,NO,,,
2693.3333333333335,8080,nan,0.0,NO,,,
2696.6666666666665,8090,nan,1.0,NO,,,
2696.6666666666665,8090,nan,1.0,NO,,,
2696.6666666666665,8090,nan,1.0,NO,,,
2696.6666666666665,8090,nan,1.0,NO,,,
2696.6666666666665,8090,nan,1.0,NO,,,
2696.6666666666665,8090,nan,1.0,NO,,,
2696.6666666666665,8090,nan,1.0,NO,,,
2696.6666666666665,8090,nan,1.0,NO,,,
2696.6666666666665,8090,nan,1.0,NO,,,
2696.6666666666665,8090,nan,1.0,NO,,,
2700.0,8100,nan,0.0,NO,,,
2700.0,8100,nan,0.0,NO,,,
2700.0,8100,nan,0.0,NO,,,
2700.0,8100,nan,0.0,NO,,,
2700.0,8100,nan,0.0,NO,,,
2700.0,8100,nan,0.0,NO,,,
2700.0,8100,nan,0.0,NO,,,
2700.0,8100,nan,0.0,NO,,,
2700.0,8100,nan,0.0,NO,,,
2700.0,8100,nan,0.0,NO,,,
2703.3333333333335,8110,nan,0.0,NO,,,
2703.3333333333335,8110,nan,0.0,NO,,,
2703.3333333333335,8110,nan,0.0,NO,,,
2703.3333333333335,8110,nan,0.0,NO,,,
2703.3333333333335,8110,nan,0.0,NO,,,
2703.3333333333335,8110,nan,0.0,NO,,,
2703.3333333333335,8110,nan,0.0,NO,,,
2703.3333333333335,8110,nan,0.0,NO,,,
2703.3333333333335,8110,nan,0.0,NO,,,
2703.3333333333335,8110,nan,0.0,NO,,,
2706.6666666666665,8120,nan,1.0,NO,,,
2706.6666666666665,8120,nan,1.0,NO,,,
2706.6666666666665,8120,nan,1.0,NO,,,
2706.6666666666665,8120,nan,1.0,NO,,,
2706.6666666666665,8120,nan,1.0,NO,,,
2706.6666666666665,8120,nan,1.0,NO,,,
2706.6666666666665,8120,nan,1.0,NO,,,
2706.6666666666665,8120,nan,1.0,NO,,,
2706.6666666666665,8120,nan,1.0,NO,,,
2706.6666666666665,8120,nan,1.0,NO,,,
2710.0,8130,nan,0.0,NO,,,
2710.0,8130,nan,0.0,NO,,,
2710.0,8130,nan,0.0,NO,,,
2710.0,8130,nan,0.0,NO,,,
2710.0,8130,nan,0.0,NO,,,
2710.0,8130,nan,0.0,NO,,,
2710.0,8130,nan,0.0,NO,,,
2710.0,8130,nan,0.0,NO,,,
2710.0,8130,nan,0.0,NO,,,
2710.0,8130,nan,0.0,NO,,,
2713.3333333333335,8140,nan,0.0,NO,,,
2713.3333333333335,8140,nan,0.0,NO,,,
2713.3333333333335,8140,nan,0.0,NO,,,
2713.3333333333335,8140,nan,0.0,NO,,,
2713.3333333333335,8140,nan,0.0,NO,,,
2713.3333333333335,8140,nan,0.0,NO,,,
2713.3333333333335,8140,nan,0.0,NO,,,
2713.3333333333335,8140,nan,0.0,NO,,,
2713.3333333333335,8140,nan,0.0,NO,,,
2713.3333333333335,8140,nan,0.0,NO,,,
2716.6666666666665,8150,nan,1.0,NO,,,
2716.6666666666665,8150,nan,1.0,NO,,,
2716.6666666666665,8150,nan,1.0,NO,,,
2716.6666666666665,8150,nan,1.0,NO,,,
2716.6666666666665,8150,nan,1.0,NO,,,
2716.6666666666665,8150,nan,1.0,NO,,,
2716.6666666666665,8150,nan,1.0,NO,,,
2716.6666666666665,8150,nan,1.0,NO,,,
2716.6666666666665,8150,nan,1.0,NO,,,
2716.6666666666665,8150,nan,1.0,NO,,,
2720.0,8160,nan,0.0,NO,,,
2720.0,8160,nan,0.0,NO,,,
2720.0,8160,nan,0.0,NO,,,
2720.0,8160,nan,0.0,NO,,,
2720.0,8160,nan,0.0,NO,,,
2720.0,8160,nan,0.0,NO,,,
2720.0,8160,nan,0.0,NO,,,
2720.0,8160,nan,0.0,NO,,,
2720.0,8160,nan,0.0,NO,,,
2720.0,8160,nan,0.0,NO,,,
2723.3333333333335,8170,nan,0.0,NO,,,
2723.3333333333335,8170,nan,0.0,NO,,,
2723.3333333333335,8170,nan,0.0,NO,,,
2723.3333333333335,8170,nan,0.0,NO,,,
2723.3333333333335,8170,nan,0.0,NO,,,
2723.3333333333335,8170,nan,0.0,NO,,,
2723.3333333333335,8170,nan,0.0,NO,,,
2723.3333333333335,8170,nan,0.0,NO,,,
2723.3333333333335,8170,nan,0.0,NO,,,
2723.3333333333335,8170,nan,0.0,NO,,,
2726.6666666666665,8180,nan,1.0,NO,,,
2726.6666666666665,8180,nan,1.0,NO,,,
2726.6666666666665,8180,nan,1.0,NO,,,
2726.6666666666665,8180,nan,1.0,NO,,,
2726.6666666666665,8180,nan,1.0,NO,,,
2726.6666666666665,8180,nan,1.0,NO,,,
2726.6666666666665,8180,nan,1.0,NO,,,
2726.6666666666665,8180,nan,1.0,NO,,,
2726.6666666666665,8180,nan,1.0,NO,,,
2726.6666666666665,8180,nan,1.0,NO,,,
2730.0,8190,nan,0.0,NO,,,
2730.0,8190,nan,0.0,NO,,,
2730.0,8190,nan,0.0,NO,,,
2730.0,8190,nan,0.0,NO,,,
2730.0,8190,nan,0.0,NO,,,
2730.0,8190,nan,0.0,NO,,,
2730.0,8190,nan,0.0,NO,,,
2730.0,8190,nan,0.0,NO,,,
2730.0,8190,nan,0.0,NO,,,
2730.0,8190,nan,0.0,YES,nan,0.2,
2733.3333333333335,8200,nan,0.0,NO,,,
2733.3333333333335,8200,nan,0.0,NO,,,
2733.3333333333335,8200,nan,0.0,NO,,,
2733.3333333333335,8200,nan,0.0,NO,,,
2733.3333333333335,8200,nan,0.0,NO,,,
2733.3333333333335,8200,nan,0.0,NO,,,
2733.3333333333335,8200,nan,0.0,NO,,,
2733.3333333333335,8200,nan,0.0,NO,,,
2733.3333333333335,8200,nan,0.0,NO,,,
2733.3333333333335,8200,nan,0.0,NO,,,
2736.6666666666665,8210,nan,1.0,NO,,,
2736.6666666666665,8210,nan,1.0,NO,,,
2736.6666666666665,8210,nan,1.0,NO,,,
2736.6666666666665,8210,nan,1.0,NO,,,
2736.6666666666665,8210,nan,1.0,NO,,,
2736.6666666666665,8210,nan,1.0,NO,,,
2736.6666666666665,8210,nan,1.0,NO,,,
2736.6666666666665,8210,nan,1.0,NO,,,
2736.6666666666665,8210,nan,1.0,NO,,,
2736.6666666666665,8210,nan,1.0,NO,,,
2740.0,8220,nan,0.0,NO,,,
2740.0,8220,nan,0.0,NO,,,
2740.0,8220,nan,0.0,NO,,,
2740.0,8220,nan,0.0,NO,,,
2740.0,8220,nan,0.0,NO,,,
2740.0,8220,nan,0.0,NO,,,
2740.0,8220,nan,0.0,NO,,,
2740.0,8220,nan,0.0,NO,,,
2740.0,8220,nan,0.0,NO,,,
2740.0,8220,nan,0.0,NO,,,
2743.3333333333335,8230,nan,0.0,NO,,,
2743.3333333333335,8230,nan,0.0,NO,,,
2743.3333333333335,8230,nan,0.0,NO,,,
2743.3333333333335,8230,nan,0.0,NO,,,
2743.3333333333335,8230,nan,0.0,NO,,,
2743.3333333333335,8230,nan,0.0,NO,,,
2743.3333333333335,8230,nan,0.0,NO,,,
2743.3333333333335,8230,nan,0.0,NO,,,
2743.3333333333335,8230,nan,0.0,NO,,,
2743.3333333333335,8230,nan,0.0,NO,,,
2746.6666666666665,8240,nan,1.0,NO,,,
2746.6666666666665,8240,nan,1.0,NO,,,
2746.6666666666665,8240,nan,1.0,NO,,,
2746.6666666666665,8240,nan,1.0,NO,,,
2746.6666666666665,8240,nan,1.0,NO,,,
2746.6666666666665,8240,nan,1.0,NO,,,
2746.6666666666665,8240,nan,1.0,NO,,,
2746.6666666666665,8240,nan,1.0,NO,,,
2746.6666666666665,8240,nan,1.0,NO,,,
2746.6666666666665,8240,nan,1.0,NO,,,
2750.0,8250,nan,0.0,NO,,,
2750.0,8250,nan,0.0,NO,,,
2750.0,8250,nan,0.0,NO,,,
2750.0,8250,nan,0.0,NO,,,
2750.0,8250,nan,0.0,NO,,,
2750.0,8250,nan,0.0,NO,,,
2750.0,8250,nan,0.0,NO,,,
2750.0,8250,nan,0.0,NO,,,
2750.0,8250,nan,0.0,NO,,,
2750.0,8250,nan,0.0,NO,,,
2753.3333333333335,8260,nan,0.0,NO,,,
2753.3333333333335,8260,nan,0.0,NO,,,
2753.3333333333335,8260,nan,0.0,NO,,,
2753.3333333333335,8260,nan,0.0,NO,,,
2753.3333333333335,8260,nan,0.0,NO,,,
2753.3333333333335,8260,nan,0.0,NO,,,
2753.3333333333335,8260,nan,0.0,NO,,,
2753.3333333333335,8260,nan,0.0,NO,,,
2753.3333333333335,8260,nan,0.0,NO,,,
2753.3333333333335,8260,nan,0.0,NO,,,
2756.6666666666665,8270,nan,1.0,NO,,,
2756.6666666666665,8270,nan,1.0,NO,,,
2756.6666666666665,8270,nan,1.0,NO,,,
2756.6666666666665,8270,nan,1.0,NO,,,
2756.6666666666665,8270,nan,1.0,NO,,,
2756.6666666666665,8270,nan,1.0,NO,,,
2756.6666666666665,8270,nan,1.0,NO,,,
2756.6666666666665,8270,nan,1.0,NO,,,
2756.6666666666665,8270,nan,1.0,NO,,,
2756.6666666666665,8270,nan,1.0,NO,,,
2760.0,8280,nan,0.0,NO,,,
2760.0,8280,nan,0.0,NO,,,
2760.0,8280,nan,0.0,NO,,,
2760.0,8280,nan,0.0,NO,,,
2760.0,8280,nan,0.0,NO,,,
2760.0,8280,nan,0.0,NO,,,
2760.0,8280,nan,0.0,NO,,,
2760.0,8280,nan,0.0,NO,,,
2760.0,8280,nan,0.0,NO,,,
2760.0,8280,nan,0.0,NO,,,
2763.3333333333335,8290,nan,0.0,NO,,,
2763.3333333333335,8290,nan,0.0,NO,,,
2763.3333333333335,8290,nan,0.0,NO,,,
2763.3333333333335,8290,nan,0.0,NO,,,
2763.3333333333335,8290,nan,0.0,NO,,,
2763.3333333333335,8290,nan,0.0,NO,,,
2763.3333333333335,8290,nan,0.0,NO,,,
2763.3333333333335,8290,nan,0.0,NO,,,
2763.3333333333335,8290,nan,0.0,NO,,,
2763.3333333333335,8290,nan,0.0,NO,,,
2766.6666666666665,8300,nan,1.0,NO,,,
2766.6666666666665,8300,nan,1.0,NO,,,
2766.6666666666665,8300,nan,1.0,NO,,,
2766.6666666666665,8300,nan,1.0,NO,,,
2766.6666666666665,8300,nan,1.0,NO,,,
2766.6666666666665,8300,nan,1.0,NO,,,
2766.6666666666665,8300,nan,1.0,NO,,,
2766.6666666666665,8300,nan,1.0,NO,,,
2766.6666666666665,8300,nan,1.0,NO,,,
2766.6666666666665,8300,nan,1.0,NO,,,
2770.0,8310,nan,0.0,NO,,,
2770.0,8310,nan,0.0,NO,,,
2770.0,8310,nan,0.0,NO,,,
2770.0,8310,nan,0.0,NO,,,
2770.0,8310,nan,0.0,NO,,,
2770.0,8310,nan,0.0,NO,,,
2770.0,8310,nan,0.0,NO,,,
2770.0,8310,nan,0.0,NO,,,
2770.0,8310,nan,0.0,NO,,,
2770.0,8310,nan,0.0,NO,,,
2773.3333333333335,8320,nan,0.0,NO,,,
2773.3333333333335,8320,nan,0.0,NO,,,
2773.3333333333335,8320,nan,0.0,NO,,,
2773.3333333333335,8320,nan,0.0,NO,,,
2773.3333333333335,8320,nan,0.0,NO,,,
2773.3333333333335,8320,nan,0.0,NO,,,
2773.3333333333335,8320,nan,0.0,NO,,,
2773.3333333333335,8320,nan,0.0,NO,,,
2773.3333333333335,8320,nan,0.0,NO,,,
2773.3333333333335,8320,nan,0.0,NO,,,
2776.6666666666665,8330,nan,1.0,NO,,,
2776.6666666666665,8330,nan,1.0,NO,,,
2776.6666666666665,8330,nan,1.0,NO,,,
2776.6666666666665,8330,nan,1.0,NO,,,
2776.6666666666665,8330,nan,1.0,NO,,,
2776.6666666666665,8330,nan,1.0,NO,,,
2776.6666666666665,8330,nan,1.0,NO,,,
2776.6666666666665,8330,nan,1.0,NO,,,
2776.6666666666665,8330,nan,1.0,NO,,,
2776.6666666666665,8330,nan,1.0,NO,,,
2780.0,8340,nan,0.0,NO,,,
2780.0,8340,nan,0.0,NO,,,
2780.0,8340,nan,0.0,NO,,,
2780.0,8340,nan,0.0,NO,,,
2780.0,8340,nan,0.0,NO,,,
2780.0,8340,nan,0.0,NO,,,
2780.0,8340,nan,0.0,NO,,,
2780.0,8340,nan,0.0,NO,,,
2780.0,8340,nan,0.0,NO,,,
2780.0,8340,nan,0.0,NO,,,
2783.3333333333335,8350,nan,0.0,NO,,,
2783.3333333333335,8350,nan,0.0,NO,,,
2783.3333333333335,8350,nan,0.0,NO,,,
2783.3333333333335,8350,nan,0.0,NO,,,
2783.3333333333335,8350,nan,0.0,NO,,,
2783.3333333333335,8350,nan,0.0,NO,,,
2783.3333333333335,8350,nan,0.0,NO,,,
2783.3333333333335,8350,nan,0.0,NO,,,
2783.3333333333335,8350,nan,0.0,NO,,,
2783.3333333333335,8350,nan,0.0,NO,,,
2786.6666666666665,8360,nan,1.0,NO,,,
2786.6666666666665,8360,nan,1.0,NO,,,
2786.6666666666665,8360,nan,1.0,NO,,,
2786.6666666666665,8360,nan,1.0,NO,,,
2786.6666666666665,8360,nan,1.0,NO,,,
2786.6666666666665,8360,nan,1.0,NO,,,
2786.6666666666665,8360,nan,1.0,NO,,,
2786.6666666666665,8360,nan,1.0,NO,,,
2786.6666666666665,8360,nan,1.0,NO,,,
2786.6666666666665,8360,nan,1.0,NO,,,
2790.0,8370,nan,0.0,NO,,,
2790.0,8370,nan,0.0,NO,,,
2790.0,8370,nan,0.0,NO,,,
2790.0,8370,nan,0.0,NO,,,
2790.0,8370,nan,0.0,NO,,,
2790.0,8370,nan,0.0,NO,,,
2790.0,8370,nan,0.0,NO,,,
2790.0,8370,nan,0.0,NO,,,
2790.0,8370,nan,0.0,NO,,,
2790.0,8370,nan,0.0,NO,,,
2793.3333333333335,8380,nan,0.0,NO,,,
2793.3333333333335,8380,nan,0.0,NO,,,
2793.3333333333335,8380,nan,0.0,NO,,,
2793.3333333333335,8380,nan,0.0,NO,,,
2793.3333333333335,8380,nan,0.0,NO,,,
2793.3333333333335,8380,nan,0.0,NO,,,
2793.3333333333335,8380,nan,0.0,NO,,,
2793.3333333333335,8380,nan,0.0,NO,,,
2793.3333333333335,8380,nan,0.0,NO,,,
2793.3333333333335,8380,nan,0.0,NO,,,
2796.6666666666665,8390,nan,1.0,NO,,,
2796.6666666666665,8390,nan,1.0,NO,,,
2796.6666666666665,8390,nan,1.0,NO,,,
2796.6666666666665,8390,nan,1.0,NO,,,
2796.6666666666665,8390,nan,1.0,NO,,,
2796.6666666666665,8390,nan,1.0,NO,,,
2796.6666666666665,8390,nan,1.0,NO,,,
2796.6666666666665,8390,nan,1.0,NO,,,
2796.6666666666665,8390,nan,1.0,NO,,,
2796.6666666666665,8390,nan,1.0,YES,nan,0.2,
2800.0,8400,nan,0.0,NO,,,
2800.0,8400,nan,0.0,NO,,,
2800.0,8400,nan,0.0,NO,,,
2800.0,8400,nan,0.0,NO,,,
2800.0,8400,nan,0.0,NO,,,
2800.0,8400,nan,0.0,NO,,,
2800.0,8400,nan,0.0,NO,,,
2800.0,8400,nan,0.0,NO,,,
2800.0,8400,nan,0.0,NO,,,
2800.0,8400,nan,0.0,NO,,,
2803.3333333333335,8410,nan,0.0,NO,,,
2803.3333333333335,8410,nan,0.0,NO,,,
2803.3333333333335,8410,nan,0.0,NO,,,
2803.3333333333335,8410,nan,0.0,NO,,,
2803.3333333333335,8410,nan,0.0,NO,,,
2803.3333333333335,8410,nan,0.0,NO,,,
2803.3333333333335,8410,nan,0.0,NO,,,
2803.3333333333335,8410,nan,0.0,NO,,,
2803.3333333333335,8410,nan,0.0,NO,,,
2803.3333333333335,8410,nan,0.0,NO,,,
2806.6666666666665,8420,nan,1.0,NO,,,
2806.6666666666665,8420,nan,1.0,NO,,,
2806.6666666666665,8420,nan,1.0,NO,,,
2806.6666666666665,8420,nan,1.0,NO,,,
2806.6666666666665,8420,nan,1.0,NO,,,
2806.6666666666665,8420,nan,1.0,NO,,,
2806.6666666666665,8420,nan,1.0,NO,,,
2806.6666666666665,8420,nan,1.0,NO,,,
2806.6666666666665,8420,nan,1.0,NO,,,
2806.6666666666665,8420,nan,1.0,NO,,,
2810.0,8430,nan,0.0,NO,,,
2810.0,8430,nan,0.0,NO,,,
2810.0,8430,nan,0.0,NO,,,
2810.0,8430,nan,0.0,NO,,,
2810.0,8430,nan,0.0,NO,,,
2810.0,8430,nan,0.0,NO,,,
2810.0,8430,nan,0.0,NO,,,
2810.0,8430,nan,0.0,NO,,,
2810.0,8430,nan,0.0,NO,,,
2810.0,8430,nan,0.0,NO,,,
2813.3333333333335,8440,nan,0.0,NO,,,
2813.3333333333335,8440,nan,0.0,NO,,,
2813.3333333333335,8440,nan,0.0,NO,,,
2813.3333333333335,8440,nan,0.0,NO,,,
2813.3333333333335,8440,nan,0.0,NO,,,
2813.3333333333335,8440,nan,0.0,NO,,,
2813.3333333333335,8440,nan,0.0,NO,,,
2813.3333333333335,8440,nan,0.0,NO,,,
2813.3333333333335,8440,nan,0.0,NO,,,
2813.3333333333335,8440,nan,0.0,NO,,,
2816.6666666666665,8450,nan,1.0,NO,,,
2816.6666666666665,8450,nan,1.0,NO,,,
2816.6666666666665,8450,nan,1.0,NO,,,
2816.6666666666665,8450,nan,1.0,NO,,,
2816.6666666666665,8450,nan,1.0,NO,,,
2816.6666666666665,8450,nan,1.0,NO,,,
2816.6666666666665,8450,nan,1.0,NO,,,
2816.6666666666665,8450,nan,1.0,NO,,,
2816.6666666666665,8450,nan,1.0,NO,,,
2816.6666666666665,8450,nan,1.0,NO,,,
2820.0,8460,nan,0.0,NO,,,
2820.0,8460,nan,0.0,NO,,,
2820.0,8460,nan,0.0,NO,,,
2820.0,8460,nan,0.0,NO,,,
2820.0,8460,nan,0.0,NO,,,
2820.0,8460,nan,0.0,NO,,,
2820.0,8460,nan,0.0,NO,,,
2820.0,8460,nan,0.0,NO,,,
2820.0,8460,nan,0.0,NO,,,
2820.0,8460,nan,0.0,NO,,,
2823.3333333333335,8470,nan,0.0,NO,,,
2823.3333333333335,8470,nan,0.0,NO,,,
2823.3333333333335,8470,nan,0.0,NO,,,
2823.3333333333335,8470,nan,0.0,NO,,,
2823.3333333333335,8470,nan,0.0,NO,,,
2823.3333333333335,8470,nan,0.0,NO,,,
2823.3333333333335,8470,nan,0.0,NO,,,
2823.3333333333335,8470,nan,0.0,NO,,,
2823.3333333333335,8470,nan,0.0,NO,,,
2823.3333333333335,8470,nan,0.0,NO,,,
2826.6666666666665,8480,nan,1.0,NO,,,
2826.6666666666665,8480,nan,1.0,NO,,,
2826.6666666666665,8480,nan,1.0,NO,,,
2826.6666666666665,8480,nan,1.0,NO,,,
2826.6666666666665,8480,nan,1.0,NO,,,
2826.6666666666665,8480,nan,1.0,NO,,,
2826.6666666666665,8480,nan,1.0,NO,,,
2826.6666666666665,8480,nan,1.0,NO,,,
2826.6666666666665,8480,nan,1.0,NO,,,
2826.6666666666665,8480,nan,1.0,NO,,,
2830.0,8490,nan,0.0,NO,,,
2830.0,8490,nan,0.0,NO,,,
2830.0,8490,nan,0.0,NO,,,
2830.0,8490,nan,0.0,NO,,,
2830.0,8490,nan,0.0,NO,,,
2830.0,8490,nan,0.0,NO,,,
2830.0,8490,nan,0.0,NO,,,
2830.0,8490,nan,0.0,NO,,,
2830.0,8490,nan,0.0,NO,,,
2830.0,8490,nan,0.0,NO,,,
2833.3333333333335,8500,nan,0.0,NO,,,
2833.3333333333335,8500,nan,0.0,NO,,,
2833.3333333333335,8500,nan,0.0,NO,,,
2833.3333333333335,8500,nan,0.0,NO,,,
2833.3333333333335,8500,nan,0.0,NO,,,
2833.3333333333335,8500,nan,0.0,NO,,,
2833.3333333333335,8500,nan,0.0,NO,,,
2833.3333333333335,8500,nan,0.0,NO,,,
2833.3333333333335,8500,nan,0.0,NO,,,
2833.3333333333335,8500,nan,0.0,NO,,,
2836.6666666666665,8510,nan,1.0,NO,,,
2836.6666666666665,8510,nan,1.0,NO,,,
2836.6666666666665,8510,nan,1.0,NO,,,
2836.6666666666665,8510,nan,1.0,NO,,,
2836.6666666666665,8510,nan,1.0,NO,,,
2836.6666666666665,8510,nan,1.0,NO,,,
2836.6666666666665,8510,nan,1.0,NO,,,
2836.6666666666665,8510,nan,1.0,NO,,,
2836.6666666666665,8510,nan,1.0,NO,,,
2836.6666666666665,8510,nan,1.0,NO,,,
2840.0,8520,nan,0.0,NO,,,
2840.0,8520,nan,0.0,NO,,,
2840.0,8520,nan,0.0,NO,,,
2840.0,8520,nan,0.0,NO,,,
2840.0,8520,nan,0.0,NO,,,
2840.0,8520,nan,0.0,NO,,,
2840.0,8520,nan,0.0,NO,,,
2840.0,8520,nan,0.0,NO,,,
2840.0,8520,nan,0.0,NO,,,
2840.0,8520,nan,0.0,NO,,,
2843.3333333333335,8530,nan,0.0,NO,,,
2843.3333333333335,8530,nan,0.0,NO,,,
2843.3333333333335,8530,nan,0.0,NO,,,
2843.3333333333335,8530,nan,0.0,NO,,,
2843.3333333333335,8530,nan,0.0,NO,,,
2843.3333333333335,8530,nan,0.0,NO,,,
2843.3333333333335,8530,nan,0.0,NO,,,
2843.3333333333335,8530,nan,0.0,NO,,,
2843.3333333333335,8530,nan,0.0,NO,,,
2843.3333333333335,8530,nan,0.0,NO,,,
2846.6666666666665,8540,nan,1.0,NO,,,
2846.6666666666665,8540,nan,1.0,NO,,,
2846.6666666666665,8540,nan,1.0,NO,,,
2846.6666666666665,8540,nan,1.0,NO,,,
2846.6666666666665,8540,nan,1.0,NO,,,
2846.6666666666665,8540,nan,1.0,NO,,,
2846.6666666666665,8540,nan,1.0,NO,,,
2846.6666666666665,8540,nan,1.0,NO,,,
2846.6666666666665,8540,nan,1.0,NO,,,
2846.6666666666665,8540,nan,1.0,NO,,,
2850.0,8550,nan,0.0,NO,,,
2850.0,8550,nan,0.0,NO,,,
2850.0,8550,nan,0.0,NO,,,
2850.0,8550,nan,0.0,NO,,,
2850.0,8550,nan,0.0,NO,,,
2850.0,8550,nan,0.0,NO,,,
2850.0,8550,nan,0.0,NO,,,
2850.0,8550,nan,0.0,NO,,,
2850.0,8550,nan,0.0,NO,,,
2850.0,8550,nan,0.0,NO,,,
2853.3333333333335,8560,nan,0.0,NO,,,
2853.3333333333335,8560,nan,0.0,NO,,,
2853.3333333333335,8560,nan,0.0,NO,,,
2853.3333333333335,8560,nan,0.0,NO,,,
2853.3333333333335,8560,nan,0.0,NO,,,
2853.3333333333335,8560,nan,0.0,NO,,,
2853.3333333333335,8560,nan,0.0,NO,,,
2853.3333333333335,8560,nan,0.0,NO,,,
2853.3333333333335,8560,nan,0.0,NO,,,
2853.3333333333335,8560,nan,0.0,NO,,,
2856.6666666666665,8570,nan,1.0,NO,,,
2856.6666666666665,8570,nan,1.0,NO,,,
2856.6666666666665,8570,nan,1.0,NO,,,
2856.6666666666665,8570,nan,1.0,NO,,,
2856.6666666666665,8570,nan,1.0,NO,,,
2856.6666666666665,8570,nan,1.0,NO,,,
2856.6666666666665,8570,nan,1.0,NO,,,
2856.6666666666665,8570,nan,1.0,NO,,,
2856.6666666666665,8570,nan,1.0,NO,,,
2856.6666666666665,8570,nan,1.0,NO,,,
2860.0,8580,nan,0.0,NO,,,
2860.0,8580,nan,0.0,NO,,,
2860.0,8580,nan,0.0,NO,,,
2860.0,8580,nan,0.0,NO,,,
2860.0,8580,nan,0.0,NO,,,
2860.0,8580,nan,0.0,NO,,,
2860.0,8580,nan,0.0,NO,,,
2860.0,8580,nan,0.0,NO,,,
2860.0,8580,nan,0.0,NO,,,
2860.0,8580,nan,0.0,NO,,,
2863.3333333333335,8590,nan,0.0,NO,,,
2863.3333333333335,8590,nan,0.0,NO,,,
2863.3333333333335,8590,nan,0.0,NO,,,
2863.3333333333335,8590,nan,0.0,NO,,,
2863.3333333333335,8590,nan,0.0,NO,,,
2863.3333333333335,8590,nan,0.0,NO,,,
2863.3333333333335,8590,nan,0.0,NO,,,
2863.3333333333335,8590,nan,0.0,NO,,,
2863.3333333333335,8590,nan,0.0,NO,,,
2863.3333333333335,8590,nan,0.0,YES,nan,0.2,
2866.6666666666665,8600,nan,1.0,NO,,,
2866.6666666666665,8600,nan,1.0,NO,,,
2866.6666666666665,8600,nan,1.0,NO,,,
2866.6666666666665,8600,nan,1.0,NO,,,
2866.6666666666665,8600,nan,1.0,NO,,,
2866.6666666666665,8600,nan,1.0,NO,,,
2866.6666666666665,8600,nan,1.0,NO,,,
2866.6666666666665,8600,nan,1.0,NO,,,
2866.6666666666665,8600,nan,1.0,NO,,,
2866.6666666666665,8600,nan,1.0,NO,,,
2870.0,8610,nan,0.0,NO,,,
2870.0,8610,nan,0.0,NO,,,
2870.0,8610,nan,0.0,NO,,,
2870.0,8610,nan,0.0,NO,,,
2870.0,8610,nan,0.0,NO,,,
2870.0,8610,nan,0.0,NO,,,
2870.0,8610,nan,0.0,NO,,,
2870.0,8610,nan,0.0,NO,,,
2870.0,8610,nan,0.0,NO,,,
2870.0,8610,nan,0.0,NO,,,
2873.3333333333335,8620,nan,0.0,NO,,,
2873.3333333333335,8620,nan,0.0,NO,,,
2873.3333333333335,8620,nan,0.0,NO,,,
2873.3333333333335,8620,nan,0.0,NO,,,
2873.3333333333335,8620,nan,0.0,NO,,,
2873.3333333333335,8620,nan,0.0,NO,,,
2873.3333333333335,8620,nan,0.0,NO,,,
2873.3333333333335,8620,nan,0.0,NO,,,
2873.3333333333335,8620,nan,0.0,NO,,,
2873.3333333333335,8620,nan,0.0,NO,,,
2876.6666666666665,8630,nan,1.0,NO,,,
2876.6666666666665,8630,nan,1.0,NO,,,
2876.6666666666665,8630,nan,1.0,NO,,,
2876.6666666666665,8630,nan,1.0,NO,,,
2876.6666666666665,8630,nan,1.0,NO,,,
2876.6666666666665,8630,nan,1.0,NO,,,
2876.6666666666665,8630,nan,1.0,NO,,,
2876.6666666666665,8630,nan,1.0,NO,,,
2876.6666666666665,8630,nan,1.0,NO,,,
2876.6666666666665,8630,nan,1.0,NO,,,
2880.0,8640,nan,0.0,NO,,,
2880.0,8640,nan,0.0,NO,,,
2880.0,8640,nan,0.0,NO,,,
2880.0,8640,nan,0.0,NO,,,
2880.0,8640,nan,0.0,NO,,,
2880.0,8640,nan,0.0,NO,,,
2880.0,8640,nan,0.0,NO,,,
2880.0,8640,nan,0.0,NO,,,
2880.0,8640,nan,0.0,NO,,,
2880.0,8640,nan,0.0,NO,,,
2883.3333333333335,8650,nan,0.0,NO,,,
2883.3333333333335,8650,nan,0.0,NO,,,
2883.3333333333335,8650,nan,0.0,NO,,,
2883.3333333333335,8650,nan,0.0,NO,,,
2883.3333333333335,8650,nan,0.0,NO,,,
2883.3333333333335,8650,nan,0.0,NO,,,
2883.3333333333335,8650,nan,0.0,NO,,,
2883.3333333333335,8650,nan,0.0,NO,,,
2883.3333333333335,8650,nan,0.0,NO,,,
2883.3333333333335,8650,nan,0.0,NO,,,
2886.6666666666665,8660,nan,1.0,NO,,,
2886.6666666666665,8660,nan,1.0,NO,,,
2886.6666666666665,8660,nan,1.0,NO,,,
2886.6666666666665,8660,nan,1.0,NO,,,
2886.6666666666665,8660,nan,1.0,NO,,,
2886.6666666666665,8660,nan,1.0,NO,,,
2886.6666666666665,8660,nan,1.0,NO,,,
2886.6666666666665,8660,nan,1.0,NO,,,
2886.6666666666665,8660,nan,1.0,NO,,,
2886.6666666666665,8660,nan,1.0,NO,,,
2890.0,8670,nan,0.0,NO,,,
2890.0,8670,nan,0.0,NO,,,
2890.0,8670,nan,0.0,NO,,,
2890.0,8670,nan,0.0,NO,,,
2890.0,8670,nan,0.0,NO,,,
2890.0,8670,nan,0.0,NO,,,
2890.0,8670,nan,0.0,NO,,,
2890.0,8670,nan,0.0,NO,,,
2890.0,8670,nan,0.0,NO,,,
2890.0,8670,nan,0.0,NO,,,
2893.3333333333335,8680,nan,0.0,NO,,,
2893.3333333333335,8680,nan,0.0,NO,,,
2893.3333333333335,8680,nan,0.0,NO,,,
2893.3333333333335,8680,nan,0.0,NO,,,
2893.3333333333335,8680,nan,0.0,NO,,,
2893.3333333333335,8680,nan,0.0,NO,,,
2893.3333333333335,8680,nan,0.0,NO,,,
2893.3333333333335,8680,nan,0.0,NO,,,
2893.3333333333335,8680,nan,0.0,NO,,,
2893.3333333333335,8680,nan,0.0,NO,,,
2896.6666666666665,8690,nan,1.0,NO,,,
2896.6666666666665,8690,nan,1.0,NO,,,
2896.6666666666665,8690,nan,1.0,NO,,,
2896.6666666666665,8690,nan,1.0,NO,,,
2896.6666666666665,8690,nan,1.0,NO,,,
2896.6666666666665,8690,nan,1.0,NO,,,
2896.6666666666665,8690,nan,1.0,NO,,,
2896.6666666666665,8690,nan,1.0,NO,,,
2896.6666666666665,8690,nan,1.0,NO,,,
2896.6666666666665,8690,nan,1.0,NO,,,
2900.0,8700,nan,0.0,NO,,,
2900.0,8700,nan,0.0,NO,,,
2900.0,8700,nan,0.0,NO,,,
2900.0,8700,nan,0.0,NO,,,
2900.0,8700,nan,0.0,NO,,,
2900.0,8700,nan,0.0,NO,,,
2900.0,8700,nan,0.0,NO,,,
2900.0,8700,nan,0.0,NO,,,
2900.0,8700,nan,0.0,NO,,,
2900.0,8700,nan,0.0,NO,,,
2903.3333333333335,8710,nan,0.0,NO,,,
2903.3333333333335,8710,nan,0.0,NO,,,
2903.3333333333335,8710,nan,0.0,NO,,,
2903.3333333333335,8710,nan,0.0,NO,,,
2903.3333333333335,8710,nan,0.0,NO,,,
2903.3333333333335,8710,nan,0.0,NO,,,
2903.3333333333335,8710,nan,0.0,NO,,,
2903.3333333333335,8710,nan,0.0,NO,,,
2903.3333333333335,8710,nan,0.0,NO,,,
2903.3333333333335,8710,nan,0.0,NO,,,
2906.6666666666665,8720,nan,1.0,NO,,,
2906.6666666666665,8720,nan,1.0,NO,,,
2906.6666666666665,8720,nan,1.0,NO,,,
2906.6666666666665,8720,nan,1.0,NO,,,
2906.6666666666665,8720,nan,1.0,NO,,,
2906.6666666666665,8720,nan,1.0,NO,,,
2906.6666666666665,8720,nan,1.0,NO,,,
2906.6666666666665,8720,nan,1.0,NO,,,
2906.6666666666665,8720,nan,1.0,NO,,,
2906.6666666666665,8720,nan,1.0,NO,,,
2910.0,8730,nan,0.0,NO,,,
2910.0,8730,nan,0.0,NO,,,
2910.0,8730,nan,0.0,NO,,,
2910.0,8730,nan,0.0,NO,,,
2910.0,8730,nan,0.0,NO,,,
2910.0,8730,nan,0.0,NO,,,
2910.0,8730,nan,0.0,NO,,,
2910.0,8730,nan,0.0,NO,,,
2910.0,8730,nan,0.0,NO,,,
2910.0,8730,nan,0.0,NO,,,
2913.3333333333335,8740,nan,0.0,NO,,,
2913.3333333333335,8740,nan,0.0,NO,,,
2913.3333333333335,8740,nan,0.0,NO,,,
2913.3333333333335,8740,nan,0.0,NO,,,
2913.3333333333335,8740,nan,0.0,NO,,,
2913.3333333333335,8740,nan,0.0,NO,,,
2913.3333333333335,8740,nan,0.0,NO,,,
2913.3333333333335,8740,nan,0.0,NO,,,
2913.3333333333335,8740,nan,0.0,NO,,,
2913.3333333333335,8740,nan,0.0,NO,,,
2916.6666666666665,8750,nan,1.0,NO,,,
2916.6666666666665,8750,nan,1.0,NO,,,
2916.6666666666665,8750,nan,1.0,NO,,,
2916.6666666666665,8750,nan,1.0,NO,,,
2916.6666666666665,8750,nan,1.0,NO,,,
2916.6666666666665,8750,nan,1.0,NO,,,
2916.6666666666665,8750,nan,1.0,NO,,,
2916.6666666666665,8750,nan,1.0,NO,,,
2916.6666666666665,8750,nan,1.0,NO,,,
2916.6666666666665,8750,nan,1.0,NO,,,
2920.0,8760,nan,0.0,NO,,,
2920.0,8760,nan,0.0,NO,,,
2920.0,8760,nan,0.0,NO,,,
2920.0,8760,nan,0.0,NO,,,
2920.0,8760,nan,0.0,NO,,,
2920.0,8760,nan,0.0,NO,,,
2920.0,8760,nan,0.0,NO,,,
2920.0,8760,nan,0.0,NO,,,
2920.0,8760,nan,0.0,NO,,,
2920.0,8760,nan,0.0,NO,,,
2923.3333333333335,8770,nan,0.0,NO,,,
2923.3333333333335,8770,nan,0.0,NO,,,
2923.3333333333335,8770,nan,0.0,NO,,,
2923.3333333333335,8770,nan,0.0,NO,,,
2923.3333333333335,8770,nan,0.0,NO,,,
2923.3333333333335,8770,nan,0.0,NO,,,
2923.3333333333335,8770,nan,0.0,NO,,,
2923.3333333333335,8770,nan,0.0,NO,,,
2923.3333333333335,8770,nan,0.0,NO,,,
2923.3333333333335,8770,nan,0.0,NO,,,
2926.6666666666665,8780,nan,1.0,NO,,,
2926.6666666666665,8780,nan,1.0,NO,,,
2926.6666666666665,8780,nan,1.0,NO,,,
2926.6666666666665,8780,nan,1.0,NO,,,
2926.6666666666665,8780,nan,1.0,NO,,,
2926.6666666666665,8780,nan,1.0,NO,,,
2926.6666666666665,8780,nan,1.0,NO,,,
2926.6666666666665,8780,nan,1.0,NO,,,
2926.6666666666665,8780,nan,1.0,NO,,,
2926.6666666666665,8780,nan,1.0,NO,,,
2930.0,8790,nan,0.0,NO,,,
2930.0,8790,nan,0.0,NO,,,
2930.0,8790,nan,0.0,NO,,,
2930.0,8790,nan,0.0,NO,,,
2930.0,8790,nan,0.0,NO,,,
2930.0,8790,nan,0.0,NO,,,
2930.0,8790,nan,0.0,NO,,,
2930.0,8790,nan,0.0,NO,,,
2930.0,8790,nan,0.0,NO,,,
2930.0,8790,nan,0.0,YES,nan,0.2,
2933.3333333333335,8800,nan,0.0,NO,,,
2933.3333333333335,8800,nan,0.0,NO,,,
2933.3333333333335,8800,nan,0.0,NO,,,
2933.3333333333335,8800,nan,0.0,NO,,,
2933.3333333333335,8800,nan,0.0,NO,,,
2933.3333333333335,8800,nan,0.0,NO,,,
2933.3333333333335,8800,nan,0.0,NO,,,
2933.3333333333335,8800,nan,0.0,NO,,,
2933.3333333333335,8800,nan,0.0,NO,,,
2933.3333333333335,8800,nan,0.0,NO,,,
2936.6666666666665,8810,nan,1.0,NO,,,
2936.6666666666665,8810,nan,1.0,NO,,,
2936.6666666666665,8810,nan,1.0,NO,,,
2936.6666666666665,8810,nan,1.0,NO,,,
2936.6666666666665,8810,nan,1.0,NO,,,
2936.6666666666665,8810,nan,1.0,NO,,,
2936.6666666666665,8810,nan,1.0,NO,,,
2936.6666666666665,8810,nan,1.0,NO,,,
2936.6666666666665,8810,nan,1.0,NO,,,
2936.6666666666665,8810,nan,1.0,NO,,,
2940.0,8820,nan,0.0,NO,,,
2940.0,8820,nan,0.0,NO,,,
2940.0,8820,nan,0.0,NO,,,
2940.0,8820,nan,0.0,NO,,,
2940.0,8820,nan,0.0,NO,,,
2940.0,8820,nan,0.0,NO,,,
2940.0,8820,nan,0.0,NO,,,
2940.0,8820,nan,0.0,NO,,,
2940.0,8820,nan,0.0,NO,,,
2940.0,8820,nan,0.0,NO,,,
2943.3333333333335,8830,nan,0.0,NO,,,
2943.3333333333335,8830,nan,0.0,NO,,,
2943.3333333333335,8830,nan,0.0,NO,,,
2943.3333333333335,8830,nan,0.0,NO,,,
2943.3333333333335,8830,nan,0.0,NO,,,
2943.3333333333335,8830,nan,0.0,NO,,,
2943.3333333333335,8830,nan,0.0,NO,,,
2943.3333333333335,8830,nan,0.0,NO,,,
2943.3333333333335,8830,nan,0.0,NO,,,
2943.3333333333335,8830,nan,0.0,NO,,,
2946.6666666666665,8840,nan,1.0,NO,,,
2946.6666666666665,8840,nan,1.0,NO,,,
2946.6666666666665,8840,nan,1.0,NO,,,
2946.6666666666665,8840,nan,1.0,NO,,,
2946.6666666666665,8840,nan,1.0,NO,,,
2946.6666666666665,8840,nan,1.0,NO,,,
2946.6666666666665,8840,nan,1.0,NO,,,
2946.6666666666665,8840,nan,1.0,NO,,,
2946.6666666666665,8840,nan,1.0,NO,,,
2946.6666666666665,8840,nan,1.0,NO,,,
2950.0,8850,nan,0.0,NO,,,
2950.0,8850,nan,0.0,NO,,,
2950.0,8850,nan,0.0,NO,,,
2950.0,8850,nan,0.0,NO,,,
2950.0,8850,nan,0.0,NO,,,
2950.0,8850,nan,0.0,NO,,,
2950.0,8850,nan,0.0,NO,,,
2950.0,8850,nan,0.0,NO,,,
2950.0,8850,nan,0.0,NO,,,
2950.0,8850,nan,0.0,NO,,,
2953.3333333333335,8860,nan,0.0,NO,,,
2953.3333333333335,8860,nan,0.0,NO,,,
2953.3333333333335,8860,nan,0.0,NO,,,
2953.3333333333335,8860,nan,0.0,NO,,,
2953.3333333333335,8860,nan,0.0,NO,,,
2953.3333333333335,8860,nan,0.0,NO,,,
2953.3333333333335,8860,nan,0.0,NO,,,
2953.3333333333335,8860,nan,0.0,NO,,,
2953.3333333333335,8860,nan,0.0,NO,,,
2953.3333333333335,8860,nan,0.0,NO,,,
2956.6666666666665,8870,nan,1.0,NO,,,
2956.6666666666665,8870,nan,1.0,NO,,,
2956.6666666666665,8870,nan,1.0,NO,,,
2956.6666666666665,8870,nan,1.0,NO,,,
2956.6666666666665,8870,nan,1.0,NO,,,
2956.6666666666665,8870,nan,1.0,NO,,,
2956.6666666666665,8870,nan,1.0,NO,,,
2956.6666666666665,8870,nan,1.0,NO,,,
2956.6666666666665,8870,nan,1.0,NO,,,
2956.6666666666665,8870,nan,1.0,NO,,,
2960.0,8880,nan,0.0,NO,,,
2960.0,8880,nan,0.0,NO,,,
2960.0,8880,nan,0.0,NO,,,
2960.0,8880,nan,0.0,NO,,,
2960.0,8880,nan,0.0,NO,,,
2960.0,8880,nan,0.0,NO,,,
2960.0,8880,nan,0.0,NO,,,
2960.0,8880,nan,0.0,NO,,,
2960.0,8880,nan,0.0,NO,,,
2960.0,8880,nan,0.0,NO,,,
2963.3333333333335,8890,nan,0.0,NO,,,
2963.3333333333335,8890,nan,0.0,NO,,,
2963.3333333333335,8890,nan,0.0,NO,,,
2963.3333333333335,8890,nan,0.0,NO,,,
2963.3333333333335,8890,nan,0.0,NO,,,
2963.3333333333335,8890,nan,0.0,NO,,,
2963.3333333333335,8890,nan,0.0,NO,,,
2963.3333333333335,8890,nan,0.0,NO,,,
2963.3333333333335,8890,nan,0.0,NO,,,
2963.3333333333335,8890,nan,0.0,NO,,,
2966.6666666666665,8900,nan,1.0,NO,,,
2966.6666666666665,8900,nan,1.0,NO,,,
2966.6666666666665,8900,nan,1.0,NO,,,
2966.6666666666665,8900,nan,1.0,NO,,,
2966.6666666666665,8900,nan,1.0,NO,,,
2966.6666666666665,8900,nan,1.0,NO,,,
2966.6666666666665,8900,nan,1.0,NO,,,
2966.6666666666665,8900,nan,1.0,NO,,,
2966.6666666666665,8900,nan,1.0,NO,,,
2966.6666666666665,8900,nan,1.0,NO,,,
2970.0,8910,nan,0.0,NO,,,
2970.0,8910,nan,0.0,NO,,,
2970.0,8910,nan,0.0,NO,,,
2970.0,8910,nan,0.0,NO,,,
2970.0,8910,nan,0.0,NO,,,
2970.0,8910,nan,0.0,NO,,,
2970.0,8910,nan,0.0,NO,,,
2970.0,8910,nan,0.0,NO,,,
2970.0,8910,nan,0.0,NO,,,
2970.0,8910,nan,0.0,NO,,,
2973.3333333333335,8920,nan,0.0,NO,,,
2973.3333333333335,8920,nan,0.0,NO,,,
2973.3333333333335,8920,nan,0.0,NO,,,
2973.3333333333335,8920,nan,0.0,NO,,,
2973.3333333333335,8920,nan,0.0,NO,,,
2973.3333333333335,8920,nan,0.0,NO,,,
2973.3333333333335,8920,nan,0.0,NO,,,
2973.3333333333335,8920,nan,0.0,NO,,,
2973.3333333333335,8920,nan,0.0,NO,,,
2973.3333333333335,8920,nan,0.0,NO,,,
2976.6666666666665,8930,nan,1.0,NO,,,
2976.6666666666665,8930,nan,1.0,NO,,,
2976.6666666666665,8930,nan,1.0,NO,,,
2976.6666666666665,8930,nan,1.0,NO,,,
2976.6666666666665,8930,nan,1.0,NO,,,
2976.6666666666665,8930,nan,1.0,NO,,,
2976.6666666666665,8930,nan,1.0,NO,,,
2976.6666666666665,8930,nan,1.0,NO,,,
2976.6666666666665,8930,nan,1.0,NO,,,
2976.6666666666665,8930,nan,1.0,NO,,,
2980.0,8940,nan,0.0,NO,,,
2980.0,8940,nan,0.0,NO,,,
2980.0,8940,nan,0.0,NO,,,
2980.0,8940,nan,0.0,NO,,,
2980.0,8940,nan,0.0,NO,,,
2980.0,8940,nan,0.0,NO,,,
2980.0,8940,nan,0.0,NO,,,
2980.0,8940,nan,0.0,NO,,,
2980.0,8940,nan,0.0,NO,,,
2980.0,8940,nan,0.0,NO,,,
2983.3333333333335,8950,nan,0.0,NO,,,
2983.3333333333335,8950,nan,0.0,NO,,,
2983.3333333333335,8950,nan,0.0,NO,,,
2983.3333333333335,8950,nan,0.0,NO,,,
2983.3333333333335,8950,nan,0.0,NO,,,
2983.3333333333335,8950,nan,0.0,NO,,,
2983.3333333333335,8950,nan,0.0,NO,,,
2983.3333333333335,8950,nan,0.0,NO,,,
2983.3333333333335,8950,nan,0.0,NO,,,
2983.3333333333335,8950,nan,0.0,NO,,,
2986.6666666666665,8960,nan,1.0,NO,,,
2986.6666666666665,8960,nan,1.0,NO,,,
2986.6666666666665,8960,nan,1.0,NO,,,
2986.6666666666665,8960,nan,1.0,NO,,,
2986.6666666666665,8960,nan,1.0,NO,,,
2986.6666666666665,8960,nan,1.0,NO,,,
2986.6666666666665,8960,nan,1.0,NO,,,
2986.6666666666665,8960,nan,1.0,NO,,,
2986.6666666666665,8960,nan,1.0,NO,,,
2986.6666666666665,8960,nan,1.0,NO,,,
2990.0,8970,nan,0.0,NO,,,
2990.0,8970,nan,0.0,NO,,,
2990.0,8970,nan,0.0,NO,,,
2990.0,8970,nan,0.0,NO,,,
2990.0,8970,nan,0.0,NO,,,
2990.0,8970,nan,0.0,NO,,,
2990.0,8970,nan,0.0,NO,,,
2990.0,8970,nan,0.0,NO,,,
2990.0,8970,nan,0.0,NO,,,
2990.0,8970,nan,0.0,NO,,,
2993.3333333333335,8980,nan,0.0,NO,,,
2993.3333333333335,8980,nan,0.0,NO,,,
2993.3333333333335,8980,nan,0.0,NO,,,
2993.3333333333335,8980,nan,0.0,NO,,,
2993.3333333333335,8980,nan,0.0,NO,,,
2993.3333333333335,8980,nan,0.0,NO,,,
2993.3333333333335,8980,nan,0.0,NO,,,
2993.3333333333335,8980,nan,0.0,NO,,,
2993.3333333333335,8980,nan,0.0,NO,,,
2993.3333333333335,8980,nan,0.0,NO,,,
2996.6666666666665,8990,nan,1.0,NO,,,
2996.6666666666665,8990,nan,1.0,NO,,,
2996.6666666666665,8990,nan,1.0,NO,,,
2996.6666666666665,8990,nan,1.0,NO,,,
2996.6666666666665,8990,nan,1.0,NO,,,
2996.6666666666665,8990,nan,1.0,NO,,,
2996.6666666666665,8990,nan,1.0,NO,,,
2996.6666666666665,8990,nan,1.0,NO,,,
2996.6666666666665,8990,nan,1.0,NO,,,
2996.6666666666665,8990,nan,1.0,YES,nan,0.2,
3000.0,9000,nan,0.0,NO,,,
3000.0,9000,nan,0.0,NO,,,
3000.0,9000,nan,0.0,NO,,,
3000.0,9000,nan,0.0,NO,,,
3000.0,9000,nan,0.0,NO,,,
3000.0,9000,nan,0.0,NO,,,
3000.0,9000,nan,0.0,NO,,,
3000.0,9000,nan,0.0,NO,,,
3000.0,9000,nan,0.0,NO,,,
3000.0,9000,nan,0.0,NO,,,
3003.3333333333335,9010,nan,0.0,NO,,,
3003.3333333333335,9010,nan,0.0,NO,,,
3003.3333333333335,9010,nan,0.0,NO,,,
3003.3333333333335,9010,nan,0.0,NO,,,
3003.3333333333335,9010,nan,0.0,NO,,,
3003.3333333333335,9010,nan,0.0,NO,,,
3003.3333333333335,9010,nan,0.0,NO,,,
3003.3333333333335,9010,nan,0.0,NO,,,
3003.3333333333335,9010,nan,0.0,NO,,,
3003.3333333333335,9010,nan,0.0,NO,,,
3006.6666666666665,9020,nan,1.0,NO,,,
3006.6666666666665,9020,nan,1.0,NO,,,
3006.6666666666665,9020,nan,1.0,NO,,,
3006.6666666666665,9020,nan,1.0,NO,,,
3006.6666666666665,9020,nan,1.0,NO,,,
3006.6666666666665,9020,nan,1.0,NO,,,
3006.6666666666665,9020,nan,1.0,NO,,,
3006.6666666666665,9020,nan,1.0,NO,,,
3006.6666666666665,9020,nan,1.0,NO,,,
3006.6666666666665,9020,nan,1.0,NO,,,
3010.0,9030,nan,0.0,NO,,,
3010.0,9030,nan,0.0,NO,,,
3010.0,9030,nan,0.0,NO,,,
3010.0,9030,nan,0.0,NO,,,
3010.0,9030,nan,0.0,NO,,,
3010.0,9030,nan,0.0,NO,,,
3010.0,9030,nan,0.0,NO,,,
3010.0,9030,nan,0.0,NO,,,
3010.0,9030,nan,0.0,NO,,,
3010.0,9030,nan,0.0,NO,,,
3013.3333333333335,9040,nan,0.0,NO,,,
3013.3333333333335,9040,nan,0.0,NO,,,
3013.3333333333335,9040,nan,0.0,NO,,,
3013.3333333333335,9040,nan,0.0,NO,,,
3013.3333333333335,9040,nan,0.0,NO,,,
3013.3333333333335,9040,nan,0.0,NO,,,
3013.3333333333335,9040,nan,0.0,NO,,,
3013.3333333333335,9040,nan,0.0,NO,,,
3013.3333333333335,9040,nan,0.0,NO,,,
3013.3333333333335,9040,nan,0.0,NO,,,
3016.6666666666665,9050,nan,1.0,NO,,,
3016.6666666666665,9050,nan,1.0,NO,,,
3016.6666666666665,9050,nan,1.0,NO,,,
3016.6666666666665,9050,nan,1.0,NO,,,
3016.6666666666665,9050,nan,1.0,NO,,,
3016.6666666666665,9050,nan,1.0,NO,,,
3016.6666666666665,9050,nan,1.0,NO,,,
3016.6666666666665,9050,nan,1.0,NO,,,
3016.6666666666665,9050,nan,1.0,NO,,,
3016.6666666666665,9050,nan,1.0,NO,,,
3020.0,9060,nan,0.0,NO,,,
3020.0,9060,nan,0.0,NO,,,
3020.0,9060,nan,0.0,NO,,,
3020.0,9060,nan,0.0,NO,,,
3020.0,9060,nan,0.0,NO,,,
3020.0,9060,nan,0.0,NO,,,
3020.0,9060,nan,0.0,NO,,,
3020.0,9060,nan,0.0,NO,,,
3020.0,9060,nan,0.0,NO,,,
3020.0,9060,nan,0.0,NO,,,
3023.3333333333335,9070,nan,0.0,NO,,,
3023.3333333333335,9070,nan,0.0,NO,,,
3023.3333333333335,9070,nan,0.0,NO,,,
3023.3333333333335,9070,nan,0.0,NO,,,
3023.3333333333335,9070,nan,0.0,NO,,,
3023.3333333333335,9070,nan,0.0,NO,,,
3023.3333333333335,9070,nan,0.0,NO,,,
3023.3333333333335,9070,nan,0.0,NO,,,
3023.3333333333335,9070,nan,0.0,NO,,,
3023.3333333333335,9070,nan,0.0,NO,,,
3026.6666666666665,9080,nan,1.0,NO,,,
3026.6666666666665,9080,nan,1.0,NO,,,
3026.6666666666665,9080,nan,1.0,NO,,,
3026.6666666666665,9080,nan,1.0,NO,,,
3026.6666666666665,9080,nan,1.0,NO,,,
3026.6666666666665,9080,nan,1.0,NO,,,
3026.6666666666665,9080,nan,1.0,NO,,,
3026.6666666666665,9080,nan,1.0,NO,,,
3026.6666666666665,9080,nan,1.0,NO,,,
3026.6666666666665,9080,nan,1.0,NO,,,
3030.0,9090,nan,0.0,NO,,,
3030.0,9090,nan,0.0,NO,,,
3030.0,9090,nan,0.0,NO,,,
3030.0,9090,nan,0.0,NO,,,
3030.0,9090,nan,0.0,NO,,,
3030.0,9090,nan,0.0,NO,,,
3030.0,9090,nan,0.0,NO,,,
3030.0,9090,nan,0.0,NO,,,
3030.0,9090,nan,0.0,NO,,,
3030.0,9090,nan,0.0,NO,,,
3033.3333333333335,9100,nan,0.0,NO,,,
3033.3333333333335,9100,nan,0.0,NO,,,
3033.3333333333335,9100,nan,0.0,NO,,,
3033.3333333333335,9100,nan,0.0,NO,,,
3033.3333333333335,9100,nan,0.0,NO,,,
3033.3333333333335,9100,nan,0.0,NO,,,
3033.3333333333335,9100,nan,0.0,NO,,,
3033.3333333333335,9100,nan,0.0,NO,,,
3033.3333333333335,9100,nan,0.0,NO,,,
3033.3333333333335,9100,nan,0.0,NO,,,
3036.6666666666665,9110,nan,1.0,NO,,,
3036.6666666666665,9110,nan,1.0,NO,,,
3036.6666666666665,9110,nan,1.0,NO,,,
3036.6666666666665,9110,nan,1.0,NO,,,
3036.6666666666665,9110,nan,1.0,NO,,,
3036.6666666666665,9110,nan,1.0,NO,,,
3036.6666666666665,9110,nan,1.0,NO,,,
3036.6666666666665,9110,nan,1.0,NO,,,
3036.6666666666665,9110,nan,1.0,NO,,,
3036.6666666666665,9110,nan,1.0,NO,,,
3040.0,9120,nan,0.0,NO,,,
3040.0,9120,nan,0.0,NO,,,
3040.0,9120,nan,0.0,NO,,,
3040.0,9120,nan,0.0,NO,,,
3040.0,9120,nan,0.0,NO,,,
3040.0,9120,nan,0.0,NO,,,
3040.0,9120,nan,0.0,NO,,,
3040.0,9120,nan,0.0,NO,,,
3040.0,9120,nan,0.0,NO,,,
3040.0,9120,nan,0.0,NO,,,
3043.3333333333335,9130,nan,0.0,NO,,,
3043.3333333333335,9130,nan,0.0,NO,,,
3043.3333333333335,9130,nan,0.0,NO,,,
3043.3333333333335,9130,nan,0.0,NO,,,
3043.3333333333335,9130,nan,0.0,NO,,,
3043.3333333333335,9130,nan,0.0,NO,,,
3043.3333333333335,9130,nan,0.0,NO,,,
3043.3333333333335,9130,nan,0.0,NO,,,
3043.3333333333335,9130,nan,0.0,NO,,,
3043.3333333333335,9130,nan,0.0,NO,,,
3046.6666666666665,9140,nan,1.0,NO,,,
3046.6666666666665,9140,nan,1.0,NO,,,
3046.6666666666665,9140,nan,1.0,NO,,,
3046.6666666666665,9140,nan,1.0,NO,,,
3046.6666666666665,9140,nan,1.0,NO,,,
3046.6666666666665,9140,nan,1.0,NO,,,
3046.6666666666665,9140,nan,1.0,NO,,,
3046.6666666666665,9140,nan,1.0,NO,,,
3046.6666666666665,9140,nan,1.0,NO,,,
3046.6666666666665,9140,nan,1.0,NO,,,
3050.0,9150,nan,0.0,NO,,,
3050.0,9150,nan,0.0,NO,,,
3050.0,9150,nan,0.0,NO,,,
3050.0,9150,nan,0.0,NO,,,
3050.0,9150,nan,0.0,NO,,,
3050.0,9150,nan,0.0,NO,,,
3050.0,9150,nan,0.0,NO,,,
3050.0,9150,nan,0.0,NO,,,
3050.0,9150,nan,0.0,NO,,,
3050.0,9150,nan,0.0,NO,,,
3053.3333333333335,9160,nan,0.0,NO,,,
3053.3333333333335,9160,nan,0.0,NO,,,
3053.3333333333335,9160,nan,0.0,NO,,,
3053.3333333333335,9160,nan,0.0,NO,,,
3053.3333333333335,9160,nan,0.0,NO,,,
3053.3333333333335,9160,nan,0.0,NO,,,
3053.3333333333335,9160,nan,0.0,NO,,,
3053.3333333333335,9160,nan,0.0,NO,,,
3053.3333333333335,9160,nan,0.0,NO,,,
3053.3333333333335,9160,nan,0.0,NO,,,
3056.6666666666665,9170,nan,1.0,NO,,,
3056.6666666666665,9170,nan,1.0,NO,,,
3056.6666666666665,9170,nan,1.0,NO,,,
3056.6666666666665,9170,nan,1.0,NO,,,
3056.6666666666665,9170,nan,1.0,NO,,,
3056.6666666666665,9170,nan,1.0,NO,,,
3056.6666666666665,9170,nan,1.0,NO,,,
3056.6666666666665,9170,nan,1.0,NO,,,
3056.6666666666665,9170,nan,1.0,NO,,,
3056.6666666666665,9170,nan,1.0,NO,,,
3060.0,9180,nan,0.0,NO,,,
3060.0,9180,nan,0.0,NO,,,
3060.0,9180,nan,0.0,NO,,,
3060.0,9180,nan,0.0,NO,,,
3060.0,9180,nan,0.0,NO,,,
3060.0,9180,nan,0.0,NO,,,
3060.0,9180,nan,0.0,NO,,,
3060.0,9180,nan,0.0,NO,,,
3060.0,9180,nan,0.0,NO,,,
3060.0,9180,nan,0.0,NO,,,
3063.3333333333335,9190,nan,0.0,NO,,,
3063.3333333333335,9190,nan,0.0,NO,,,
3063.3333333333335,9190,nan,0.0,NO,,,
3063.3333333333335,9190,nan,0.0,NO,,,
3063.3333333333335,9190,nan,0.0,NO,,,
3063.3333333333335,9190,nan,0.0,NO,,,
3063.3333333333335,9190,nan,0.0,NO,,,
3063.3333333333335,9190,nan,0.0,NO,,,
3063.3333333333335,9190,nan,0.0,NO,,,
3063.3333333333335,9190,nan,0.0,YES,nan,0.2,
3066.6666666666665,9200,nan,1.0,NO,,,
3066.6666666666665,9200,nan,1.0,NO,,,
3066.6666666666665,9200,nan,1.0,NO,,,
3066.6666666666665,9200,nan,1.0,NO,,,
3066.6666666666665,9200,nan,1.0,NO,,,
3066.6666666666665,9200,nan,1.0,NO,,,
3066.6666666666665,9200,nan,1.0,NO,,,
3066.6666666666665,9200,nan,1.0,NO,,,
3066.6666666666665,9200,nan,1.0,NO,,,
3066.6666666666665,9200,nan,1.0,NO,,,
3070.0,9210,nan,0.0,NO,,,
3070.0,9210,nan,0.0,NO,,,
3070.0,9210,nan,0.0,NO,,,
3070.0,9210,nan,0.0,NO,,,
3070.0,9210,nan,0.0,NO,,,
3070.0,9210,nan,0.0,NO,,,
3070.0,9210,nan,0.0,NO,,,
3070.0,9210,nan,0.0,NO,,,
3070.0,9210,nan,0.0,NO,,,
3070.0,9210,nan,0.0,NO,,,
3073.3333333333335,9220,nan,0.0,NO,,,
3073.3333333333335,9220,nan,0.0,NO,,,
3073.3333333333335,9220,nan,0.0,NO,,,
3073.3333333333335,9220,nan,0.0,NO,,,
3073.3333333333335,9220,nan,0.0,NO,,,
3073.3333333333335,9220,nan,0.0,NO,,,
3073.3333333333335,9220,nan,0.0,NO,,,
3073.3333333333335,9220,nan,0.0,NO,,,
3073.3333333333335,9220,nan,0.0,NO,,,
3073.3333333333335,9220,nan,0.0,NO,,,
3076.6666666666665,9230,nan,1.0,NO,,,
3076.6666666666665,9230,nan,1.0,NO,,,
3076.6666666666665,9230,nan,1.0,NO,,,
3076.6666666666665,9230,nan,1.0,NO,,,
3076.6666666666665,9230,nan,1.0,NO,,,
3076.6666666666665,9230,nan,1.0,NO,,,
3076.6666666666665,9230,nan,1.0,NO,,,
3076.6666666666665,9230,nan,1.0,NO,,,
3076.6666666666665,9230,nan,1.0,NO,,,
3076.6666666666665,9230,nan,1.0,NO,,,
3080.0,9240,nan,0.0,NO,,,
3080.0,9240,nan,0.0,NO,,,
3080.0,9240,nan,0.0,NO,,,
3080.0,9240,nan,0.0,NO,,,
3080.0,9240,nan,0.0,NO,,,
3080.0,9240,nan,0.0,NO,,,
3080.0,9240,nan,0.0,NO,,,
3080.0,9240,nan,0.0,NO,,,
3080.0,9240,nan,0.0,NO,,,
3080.0,9240,nan,0.0,NO,,,
3083.3333333333335,9250,nan,0.0,NO,,,
3083.3333333333335,9250,nan,0.0,NO,,,
3083.3333333333335,9250,nan,0.0,NO,,,
3083.3333333333335,9250,nan,0.0,NO,,,
3083.3333333333335,9250,nan,0.0,NO,,,
3083.3333333333335,9250,nan,0.0,NO,,,
3083.3333333333335,9250,nan,0.0,NO,,,
3083.3333333333335,9250,nan,0.0,NO,,,
3083.3333333333335,9250,nan,0.0,NO,,,
3083.3333333333335,9250,nan,0.0,NO,,,
3086.6666666666665,9260,nan,1.0,NO,,,
3086.6666666666665,9260,nan,1.0,NO,,,
3086.6666666666665,9260,nan,1.0,NO,,,
3086.6666666666665,9260,nan,1.0,NO,,,
3086.6666666666665,9260,nan,1.0,NO,,,
3086.6666666666665,9260,nan,1.0,NO,,,
3086.6666666666665,9260,nan,1.0,NO,,,
3086.6666666666665,9260,nan,1.0,NO,,,
3086.6666666666665,9260,nan,1.0,NO,,,
3086.6666666666665,9260,nan,1.0,NO,,,
3090.0,9270,nan,0.0,NO,,,
3090.0,9270,nan,0.0,NO,,,
3090.0,9270,nan,0.0,NO,,,
3090.0,9270,nan,0.0,NO,,,
3090.0,9270,nan,0.0,NO,,,
3090.0,9270,nan,0.0,NO,,,
3090.0,9270,nan,0.0,NO,,,
3090.0,9270,nan,0.0,NO,,,
3090.0,9270,nan,0.0,NO,,,
3090.0,9270,nan,0.0,NO,,,
3093.3333333333335,9280,nan,0.0,NO,,,
3093.3333333333335,9280,nan,0.0,NO,,,
3093.3333333333335,9280,nan,0.0,NO,,,
3093.3333333333335,9280,nan,0.0,NO,,,
3093.3333333333335,9280,nan,0.0,NO,,,
3093.3333333333335,9280,nan,0.0,NO,,,
3093.3333333333335,9280,nan,0.0,NO,,,
3093.3333333333335,9280,nan,0.0,NO,,,
3093.3333333333335,9280,nan,0.0,NO,,,
3093.3333333333335,9280,nan,0.0,NO,,,
3096.6666666666665,9290,nan,1.0,NO,,,
3096.6666666666665,9290,nan,1.0,NO,,,
3096.6666666666665,9290,nan,1.0,NO,,,
3096.6666666666665,9290,nan,1.0,NO,,,
3096.6666666666665,9290,nan,1.0,NO,,,
3096.6666666666665,9290,nan,1.0,NO,,,
3096.6666666666665,9290,nan,1.0,NO,,,
3096.6666666666665,9290,nan,1.0,NO,,,
3096.6666666666665,9290,nan,1.0,NO,,,
3096.6666666666665,9290,nan,1.0,NO,,,
3100.0,9300,nan,0.0,NO,,,
3100.0,9300,nan,0.0,NO,,,
3100.0,9300,nan,0.0,NO,,,
3100.0,9300,nan,0.0,NO,,,
3100.0,9300,nan,0.0,NO,,,
3100.0,9300,nan,0.0,NO,,,
3100.0,9300,nan,0.0,NO,,,
3100.0,9300,nan,0.0,NO,,,
3100.0,9300,nan,0.0,NO,,,
3100.0,9300,nan,0.0,NO,,,
3103.3333333333335,9310,nan,0.0,NO,,,
3103.3333333333335,9310,nan,0.0,NO,,,
3103.3333333333335,9310,nan,0.0,NO,,,
3103.3333333333335,9310,nan,0.0,NO,,,
3103.3333333333335,9310,nan,0.0,NO,,,
3103.3333333333335,9310,nan,0.0,NO,,,
3103.3333333333335,9310,nan,0.0,NO,,,
3103.3333333333335,9310,nan,0.0,NO,,,
3103.3333333333335,9310,nan,0.0,NO,,,
3103.3333333333335,9310,nan,0.0,NO,,,
3106.6666666666665,9320,nan,1.0,NO,,,
3106.6666666666665,9320,nan,1.0,NO,,,
3106.6666666666665,9320,nan,1.0,NO,,,
3106.6666666666665,9320,nan,1.0,NO,,,
3106.6666666666665,9320,nan,1.0,NO,,,
3106.6666666666665,9320,nan,1.0,NO,,,
3106.6666666666665,9320,nan,1.0,NO,,,
3106.6666666666665,9320,nan,1.0,NO,,,
3106.6666666666665,9320,nan,1.0,NO,,,
3106.6666666666665,9320,nan,1.0,NO,,,
3110.0,9330,nan,0.0,NO,,,
3110.0,9330,nan,0.0,NO,,,
3110.0,9330,nan,0.0,NO,,,
3110.0,9330,nan,0.0,NO,,,
3110.0,9330,nan,0.0,NO,,,
3110.0,9330,nan,0.0,NO,,,
3110.0,9330,nan,0.0,NO,,,
3110.0,9330,nan,0.0,NO,,,
3110.0,9330,nan,0.0,NO,,,
3110.0,9330,nan,0.0,NO,,,
3113.3333333333335,9340,nan,0.0,NO,,,
3113.3333333333335,9340,nan,0.0,NO,,,
3113.3333333333335,9340,nan,0.0,NO,,,
3113.3333333333335,9340,nan,0.0,NO,,,
3113.3333333333335,9340,nan,0.0,NO,,,
3113.3333333333335,9340,nan,0.0,NO,,,
3113.3333333333335,9340,nan,0.0,NO,,,
3113.3333333333335,9340,nan,0.0,NO,,,
3113.3333333333335,9340,nan,0.0,NO,,,
3113.3333333333335,9340,nan,0.0,NO,,,
3116.6666666666665,9350,nan,1.0,NO,,,
3116.6666666666665,9350,nan,1.0,NO,,,
3116.6666666666665,9350,nan,1.0,NO,,,
3116.6666666666665,9350,nan,1.0,NO,,,
3116.6666666666665,9350,nan,1.0,NO,,,
3116.6666666666665,9350,nan,1.0,NO,,,
3116.6666666666665,9350,nan,1.0,NO,,,
3116.6666666666665,9350,nan,1.0,NO,,,
3116.6666666666665,9350,nan,1.0,NO,,,
3116.6666666666665,9350,nan,1.0,NO,,,
3120.0,9360,nan,0.0,NO,,,
3120.0,9360,nan,0.0,NO,,,
3120.0,9360,nan,0.0,NO,,,
3120.0,9360,nan,0.0,NO,,,
3120.0,9360,nan,0.0,NO,,,
3120.0,9360,nan,0.0,NO,,,
3120.0,9360,nan,0.0,NO,,,
3120.0,9360,nan,0.0,NO,,,
3120.0,9360,nan,0.0,NO,,,
3120.0,9360,nan,0.0,NO,,,
3123.3333333333335,9370,nan,0.0,NO,,,
3123.3333333333335,9370,nan,0.0,NO,,,
3123.3333333333335,9370,nan,0.0,NO,,,
3123.3333333333335,9370,nan,0.0,NO,,,
3123.3333333333335,9370,nan,0.0,NO,,,
3123.3333333333335,9370,nan,0.0,NO,,,
3123.3333333333335,9370,nan,0.0,NO,,,
3123.3333333333335,9370,nan,0.0,NO,,,
3123.3333333333335,9370,nan,0.0,NO,,,
3123.3333333333335,9370,nan,0.0,NO,,,
3126.6666666666665,9380,nan,1.0,NO,,,
3126.6666666666665,9380,nan,1.0,NO,,,
3126.6666666666665,9380,nan,1.0,NO,,,
3126.6666666666665,9380,nan,1.0,NO,,,
3126.6666666666665,9380,nan,1.0,NO,,,
3126.6666666666665,9380,nan,1.0,NO,,,
3126.6666666666665,9380,nan,1.0,NO,,,
3126.6666666666665,9380,nan,1.0,NO,,,
3126.6666666666665,9380,nan,1.0,NO,,,
3126.6666666666665,9380,nan,1.0,NO,,,
3130.0,9390,nan,0.0,NO,,,
3130.0,9390,nan,0.0,NO,,,
3130.0,9390,nan,0.0,NO,,,
3130.0,9390,nan,0.0,NO,,,
3130.0,9390,nan,0.0,NO,,,
3130.0,9390,nan,0.0,NO,,,
3130.0,9390,nan,0.0,NO,,,
3130.0,9390,nan,0.0,NO,,,
3130.0,9390,nan,0.0,NO,,,
3130.0,9390,nan,0.0,YES,nan,0.2,
3133.3333333333335,9400,nan,0.0,NO,,,
3133.3333333333335,9400,nan,0.0,NO,,,
3133.3333333333335,9400,nan,0.0,NO,,,
3133.3333333333335,9400,nan,0.0,NO,,,
3133.3333333333335,9400,nan,0.0,NO,,,
3133.3333333333335,9400,nan,0.0,NO,,,
3133.3333333333335,9400,nan,0.0,NO,,,
3133.3333333333335,9400,nan,0.0,NO,,,
3133.3333333333335,9400,nan,0.0,NO,,,
3133.3333333333335,9400,nan,0.0,NO,,,
3136.6666666666665,9410,nan,1.0,NO,,,
3136.6666666666665,9410,nan,1.0,NO,,,
3136.6666666666665,9410,nan,1.0,NO,,,
3136.6666666666665,9410,nan,1.0,NO,,,
3136.6666666666665,9410,nan,1.0,NO,,,
3136.6666666666665,9410,nan,1.0,NO,,,
3136.6666666666665,9410,nan,1.0,NO,,,
3136.6666666666665,9410,nan,1.0,NO,,,
3136.6666666666665,9410,nan,1.0,NO,,,
3136.6666666666665,9410,nan,1.0,NO,,,
3140.0,9420,nan,0.0,NO,,,
3140.0,9420,nan,0.0,NO,,,
3140.0,9420,nan,0.0,NO,,,
3140.0,9420,nan,0.0,NO,,,
3140.0,9420,nan,0.0,NO,,,
3140.0,9420,nan,0.0,NO,,,
3140.0,9420,nan,0.0,NO,,,
3140.0,9420,nan,0.0,NO,,,
3140.0,9420,nan,0.0,NO,,,
3140.0,9420,nan,0.0,NO,,,
3143.3333333333335,9430,nan,0.0,NO,,,
3143.3333333333335,9430,nan,0.0,NO,,,
3143.3333333333335,9430,nan,0.0,NO,,,
3143.3333333333335,9430,nan,0.0,NO,,,
3143.3333333333335,9430,nan,0.0,NO,,,
3143.3333333333335,9430,nan,0.0,NO,,,
3143.3333333333335,9430,nan,0.0,NO,,,
3143.3333333333335,9430,nan,0.0,NO,,,
3143.3333333333335,9430,nan,0.0,NO,,,
3143.3333333333335,9430,nan,0.0,NO,,,
3146.6666666666665,9440,nan,1.0,NO,,,
3146.6666666666665,9440,nan,1.0,NO,,,
3146.6666666666665,9440,nan,1.0,NO,,,
3146.6666666666665,9440,nan,1.0,NO,,,
3146.6666666666665,9440,nan,1.0,NO,,,
3146.6666666666665,9440,nan,1.0,NO,,,
3146.6666666666665,9440,nan,1.0,NO,,,
3146.6666666666665,9440,nan,1.0,NO,,,
3146.6666666666665,9440,nan,1.0,NO,,,
3146.6666666666665,9440,nan,1.0,NO,,,
3150.0,9450,nan,0.0,NO,,,
3150.0,9450,nan,0.0,NO,,,
3150.0,9450,nan,0.0,NO,,,
3150.0,9450,nan,0.0,NO,,,
3150.0,9450,nan,0.0,NO,,,
3150.0,9450,nan,0.0,NO,,,
3150.0,9450,nan,0.0,NO,,,
3150.0,9450,nan,0.0,NO,,,
3150.0,9450,nan,0.0,NO,,,
3150.0,9450,nan,0.0,NO,,,
3153.3333333333335,9460,nan,0.0,NO,,,
3153.3333333333335,9460,nan,0.0,NO,,,
3153.3333333333335,9460,nan,0.0,NO,,,
3153.3333333333335,9460,nan,0.0,NO,,,
3153.3333333333335,9460,nan,0.0,NO,,,
3153.3333333333335,9460,nan,0.0,NO,,,
3153.3333333333335,9460,nan,0.0,NO,,,
3153.3333333333335,9460,nan,0.0,NO,,,
3153.3333333333335,9460,nan,0.0,NO,,,
3153.3333333333335,9460,nan,0.0,NO,,,
3156.6666666666665,9470,nan,1.0,NO,,,
3156.6666666666665,9470,nan,1.0,NO,,,
3156.6666666666665,9470,nan,1.0,NO,,,
3156.6666666666665,9470,nan,1.0,NO,,,
3156.6666666666665,9470,nan,1.0,NO,,,
3156.6666666666665,9470,nan,1.0,NO,,,
3156.6666666666665,9470,nan,1.0,NO,,,
3156.6666666666665,9470,nan,1.0,NO,,,
3156.6666666666665,9470,nan,1.0,NO,,,
3156.6666666666665,9470,nan,1.0,NO,,,
3160.0,9480,nan,0.0,NO,,,
3160.0,9480,nan,0.0,NO,,,
3160.0,9480,nan,0.0,NO,,,
3160.0,9480,nan,0.0,NO,,,
3160.0,9480,nan,0.0,NO,,,
3160.0,9480,nan,0.0,NO,,,
3160.0,9480,nan,0.0,NO,,,
3160.0,9480,nan,0.0,NO,,,
3160.0,9480,nan,0.0,NO,,,
3160.0,9480,nan,0.0,NO,,,
3163.3333333333335,9490,nan,0.0,NO,,,
3163.3333333333335,9490,nan,0.0,NO,,,
3163.3333333333335,9490,nan,0.0,NO,,,
3163.3333333333335,9490,nan,0.0,NO,,,
3163.3333333333335,9490,nan,0.0,NO,,,
3163.3333333333335,9490,nan,0.0,NO,,,
3163.3333333333335,9490,nan,0.0,NO,,,
3163.3333333333335,9490,nan,0.0,NO,,,
3163.3333333333335,9490,nan,0.0,NO,,,
3163.3333333333335,9490,nan,0.0,NO,,,
3166.6666666666665,9500,nan,1.0,NO,,,
3166.6666666666665,9500,nan,1.0,NO,,,
3166.6666666666665,9500,nan,1.0,NO,,,
3166.6666666666665,9500,nan,1.0,NO,,,
3166.6666666666665,9500,nan,1.0,NO,,,
3166.6666666666665,9500,nan,1.0,NO,,,
3166.6666666666665,9500,nan,1.0,NO,,,
3166.6666666666665,9500,nan,1.0,NO,,,
3166.6666666666665,9500,nan,1.0,NO,,,
3166.6666666666665,9500,nan,1.0,NO,,,
3170.0,9510,nan,0.0,NO,,,
3170.0,9510,nan,0.0,NO,,,
3170.0,9510,nan,0.0,NO,,,
3170.0,9510,nan,0.0,NO,,,
3170.0,9510,nan,0.0,NO,,,
3170.0,9510,nan,0.0,NO,,,
3170.0,9510,nan,0.0,NO,,,
3170.0,9510,nan,0.0,NO,,,
3170.0,9510,nan,0.0,NO,,,
3170.0,9510,nan,0.0,NO,,,
3173.3333333333335,9520,nan,0.0,NO,,,
3173.3333333333335,9520,nan,0.0,NO,,,
3173.3333333333335,9520,nan,0.0,NO,,,
3173.3333333333335,9520,nan,0.0,NO,,,
3173.3333333333335,9520,nan,0.0,NO,,,
3173.3333333333335,9520,nan,0.0,NO,,,
3173.3333333333335,9520,nan,0.0,NO,,,
3173.3333333333335,9520,nan,0.0,NO,,,
3173.3333333333335,9520,nan,0.0,NO,,,
3173.3333333333335,9520,nan,0.0,NO,,,
3176.6666666666665,9530,nan,1.0,NO,,,
3176.6666666666665,9530,nan,1.0,NO,,,
3176.6666666666665,9530,nan,1.0,NO,,,
3176.6666666666665,9530,nan,1.0,NO,,,
3176.6666666666665,9530,nan,1.0,NO,,,
3176.6666666666665,9530,nan,1.0,NO,,,
3176.6666666666665,9530,nan,1.0,NO,,,
3176.6666666666665,9530,nan,1.0,NO,,,
3176.6666666666665,9530,nan,1.0,NO,,,
3176.6666666666665,9530,nan,1.0,NO,,,
3180.0,9540,nan,0.0,NO,,,
3180.0,9540,nan,0.0,NO,,,
3180.0,9540,nan,0.0,NO,,,
3180.0,9540,nan,0.0,NO,,,
3180.0,9540,nan,0.0,NO,,,
3180.0,9540,nan,0.0,NO,,,
3180.0,9540,nan,0.0,NO,,,
3180.0,9540,nan,0.0,NO,,,
3180.0,9540,nan,0.0,NO,,,
3180.0,9540,nan,0.0,NO,,,
3183.3333333333335,9550,nan,0.0,NO,,,
3183.3333333333335,9550,nan,0.0,NO,,,
3183.3333333333335,9550,nan,0.0,NO,,,
3183.3333333333335,9550,nan,0.0,NO,,,
3183.3333333333335,9550,nan,0.0,NO,,,
3183.3333333333335,9550,nan,0.0,NO,,,
3183.3333333333335,9550,nan,0.0,NO,,,
3183.3333333333335,9550,nan,0.0,NO,,,
3183.3333333333335,9550,nan,0.0,NO,,,
3183.3333333333335,9550,nan,0.0,NO,,,
3186.6666666666665,9560,nan,1.0,NO,,,
3186.6666666666665,9560,nan,1.0,NO,,,
3186.6666666666665,9560,nan,1.0,NO,,,
3186.6666666666665,9560,nan,1.0,NO,,,
3186.6666666666665,9560,nan,1.0,NO,,,
3186.6666666666665,9560,nan,1.0,NO,,,
3186.6666666666665,9560,nan,1.0,NO,,,
3186.6666666666665,9560,nan,1.0,NO,,,
3186.6666666666665,9560,nan,1.0,NO,,,
3186.6666666666665,9560,nan,1.0,NO,,,
3190.0,9570,nan,0.0,NO,,,
3190.0,9570,nan,0.0,NO,,,
3190.0,9570,nan,0.0,NO,,,
3190.0,9570,nan,0.0,NO,,,
3190.0,9570,nan,0.0,NO,,,
3190.0,9570,nan,0.0,NO,,,
3190.0,9570,nan,0.0,NO,,,
3190.0,9570,nan,0.0,NO,,,
3190.0,9570,nan,0.0,NO,,,
3190.0,9570,nan,0.0,NO,,,
3193.3333333333335,9580,nan,0.0,NO,,,
3193.3333333333335,9580,nan,0.0,NO,,,
3193.3333333333335,9580,nan,0.0,NO,,,
3193.3333333333335,9580,nan,0.0,NO,,,
3193.3333333333335,9580,nan,0.0,NO,,,
3193.3333333333335,9580,nan,0.0,NO,,,
3193.3333333333335,9580,nan,0.0,NO,,,
3193.3333333333335,9580,nan,0.0,NO,,,
3193.3333333333335,9580,nan,0.0,NO,,,
3193.3333333333335,9580,nan,0.0,NO,,,
3196.6666666666665,9590,nan,1.0,NO,,,
3196.6666666666665,9590,nan,1.0,NO,,,
3196.6666666666665,9590,nan,1.0,NO,,,
3196.6666666666665,9590,nan,1.0,NO,,,
3196.6666666666665,9590,nan,1.0,NO,,,
3196.6666666666665,9590,nan,1.0,NO,,,
3196.6666666666665,9590,nan,1.0,NO,,,
3196.6666666666665,9590,nan,1.0,NO,,,
3196.6666666666665,9590,nan,1.0,NO,,,
3196.6666666666665,9590,nan,1.0,YES,nan,0.2,
3200.0,9600,nan,0.0,NO,,,
3200.0,9600,nan,0.0,NO,,,
3200.0,9600,nan,0.0,NO,,,
3200.0,9600,nan,0.0,NO,,,
3200.0,9600,nan,0.0,NO,,,
3200.0,9600,nan,0.0,NO,,,
3200.0,9600,nan,0.0,NO,,,
3200.0,9600,nan,0.0,NO,,,
3200.0,9600,nan,0.0,NO,,,
3200.0,9600,nan,0.0,NO,,,
3203.3333333333335,9610,nan,0.0,NO,,,
3203.3333333333335,9610,nan,0.0,NO,,,
3203.3333333333335,9610,nan,0.0,NO,,,
3203.3333333333335,9610,nan,0.0,NO,,,
3203.3333333333335,9610,nan,0.0,NO,,,
3203.3333333333335,9610,nan,0.0,NO,,,
3203.3333333333335,9610,nan,0.0,NO,,,
3203.3333333333335,9610,nan,0.0,NO,,,
3203.3333333333335,9610,nan,0.0,NO,,,
3203.3333333333335,9610,nan,0.0,NO,,,
3206.6666666666665,9620,nan,1.0,NO,,,
3206.6666666666665,9620,nan,1.0,NO,,,
3206.6666666666665,9620,nan,1.0,NO,,,
3206.6666666666665,9620,nan,1.0,NO,,,
3206.6666666666665,9620,nan,1.0,NO,,,
3206.6666666666665,9620,nan,1.0,NO,,,
3206.6666666666665,9620,nan,1.0,NO,,,
3206.6666666666665,9620,nan,1.0,NO,,,
3206.6666666666665,9620,nan,1.0,NO,,,
3206.6666666666665,9620,nan,1.0,NO,,,
3210.0,9630,nan,0.0,NO,,,
3210.0,9630,nan,0.0,NO,,,
3210.0,9630,nan,0.0,NO,,,
3210.0,9630,nan,0.0,NO,,,
3210.0,9630,nan,0.0,NO,,,
3210.0,9630,nan,0.0,NO,,,
3210.0,9630,nan,0.0,NO,,,
3210.0,9630,nan,0.0,NO,,,
3210.0,9630,nan,0.0,NO,,,
3210.0,9630,nan,0.0,NO,,,
3213.3333333333335,9640,nan,0.0,NO,,,
3213.3333333333335,9640,nan,0.0,NO,,,
3213.3333333333335,9640,nan,0.0,NO,,,
3213.3333333333335,9640,nan,0.0,NO,,,
3213.3333333333335,9640,nan,0.0,NO,,,
3213.3333333333335,9640,nan,0.0,NO,,,
3213.3333333333335,9640,nan,0.0,NO,,,
3213.3333333333335,9640,nan,0.0,NO,,,
3213.3333333333335,9640,nan,0.0,NO,,,
3213.3333333333335,9640,nan,0.0,NO,,,
3216.6666666666665,9650,nan,1.0,NO,,,
3216.6666666666665,9650,nan,1.0,NO,,,
3216.6666666666665,9650,nan,1.0,NO,,,
3216.6666666666665,9650,nan,1.0,NO,,,
3216.6666666666665,9650,nan,1.0,NO,,,
3216.6666666666665,9650,nan,1.0,NO,,,
3216.6666666666665,9650,nan,1.0,NO,,,
3216.6666666666665,9650,nan,1.0,NO,,,
3216.6666666666665,9650,nan,1.0,NO,,,
3216.6666666666665,9650,nan,1.0,NO,,,
3220.0,9660,nan,0.0,NO,,,
3220.0,9660,nan,0.0,NO,,,
3220.0,9660,nan,0.0,NO,,,
3220.0,9660,nan,0.0,NO,,,
3220.0,9660,nan,0.0,NO,,,
3220.0,9660,nan,0.0,NO,,,
3220.0,9660,nan,0.0,NO,,,
3220.0,9660,nan,0.0,NO,,,
3220.0,9660,nan,0.0,NO,,,
3220.0,9660,nan,0.0,NO,,,
3223.3333333333335,9670,nan,0.0,NO,,,
3223.3333333333335,9670,nan,0.0,NO,,,
3223.3333333333335,9670,nan,0.0,NO,,,
3223.3333333333335,9670,nan,0.0,NO,,,
3223.3333333333335,9670,nan,0.0,NO,,,
3223.3333333333335,9670,nan,0.0,NO,,,
3223.3333333333335,9670,nan,0.0,NO,,,
3223.3333333333335,9670,nan,0.0,NO,,,
3223.3333333333335,9670,nan,0.0,NO,,,
3223.3333333333335,9670,nan,0.0,NO,,,
3226.6666666666665,9680,nan,1.0,NO,,,
3226.6666666666665,9680,nan,1.0,NO,,,
3226.6666666666665,9680,nan,1.0,NO,,,
3226.6666666666665,9680,nan,1.0,NO,,,
3226.6666666666665,9680,nan,1.0,NO,,,
3226.6666666666665,9680,nan,1.0,NO,,,
3226.6666666666665,9680,nan,1.0,NO,,,
3226.6666666666665,9680,nan,1.0,NO,,,
3226.6666666666665,9680,nan,1.0,NO,,,
3226.6666666666665,9680,nan,1.0,NO,,,
3230.0,9690,nan,0.0,NO,,,
3230.0,9690,nan,0.0,NO,,,
3230.0,9690,nan,0.0,NO,,,
3230.0,9690,nan,0.0,NO,,,
3230.0,9690,nan,0.0,NO,,,
3230.0,9690,nan,0.0,NO,,,
3230.0,9690,nan,0.0,NO,,,
3230.0,9690,nan,0.0,NO,,,
3230.0,9690,nan,0.0,NO,,,
3230.0,9690,nan,0.0,NO,,,
3233.3333333333335,9700,nan,0.0,NO,,,
3233.3333333333335,9700,nan,0.0,NO,,,
3233.3333333333335,9700,nan,0.0,NO,,,
3233.3333333333335,9700,nan,0.0,NO,,,
3233.3333333333335,9700,nan,0.0,NO,,,
3233.3333333333335,9700,nan,0.0,NO,,,
3233.3333333333335,9700,nan,0.0,NO,,,
3233.3333333333335,9700,nan,0.0,NO,,,
3233.3333333333335,9700,nan,0.0,NO,,,
3233.3333333333335,9700,nan,0.0,NO,,,
3236.6666666666665,9710,nan,1.0,NO,,,
3236.6666666666665,9710,nan,1.0,NO,,,
3236.6666666666665,9710,nan,1.0,NO,,,
3236.6666666666665,9710,nan,1.0,NO,,,
3236.6666666666665,9710,nan,1.0,NO,,,
3236.6666666666665,9710,nan,1.0,NO,,,
3236.6666666666665,9710,nan,1.0,NO,,,
3236.6666666666665,9710,nan,1.0,NO,,,
3236.6666666666665,9710,nan,1.0,NO,,,
3236.6666666666665,9710,nan,1.0,NO,,,
3240.0,9720,nan,0.0,NO,,,
3240.0,9720,nan,0.0,NO,,,
3240.0,9720,nan,0.0,NO,,,
3240.0,9720,nan,0.0,NO,,,
3240.0,9720,nan,0.0,NO,,,
3240.0,9720,nan,0.0,NO,,,
3240.0,9720,nan,0.0,NO,,,
3240.0,9720,nan,0.0,NO,,,
3240.0,9720,nan,0.0,NO,,,
3240.0,9720,nan,0.0,NO,,,
3243.3333333333335,9730,nan,0.0,NO,,,
3243.3333333333335,9730,nan,0.0,NO,,,
3243.3333333333335,9730,nan,0.0,NO,,,
3243.3333333333335,9730,nan,0.0,NO,,,
3243.3333333333335,9730,nan,0.0,NO,,,
3243.3333333333335,9730,nan,0.0,NO,,,
3243.3333333333335,9730,nan,0.0,NO,,,
3243.3333333333335,9730,nan,0.0,NO,,,
3243.3333333333335,9730,nan,0.0,NO,,,
3243.3333333333335,9730,nan,0.0,NO,,,
3246.6666666666665,9740,nan,1.0,NO,,,
3246.6666666666665,9740,nan,1.0,NO,,,
3246.6666666666665,9740,nan,1.0,NO,,,
3246.6666666666665,9740,nan,1.0,NO,,,
3246.6666666666665,9740,nan,1.0,NO,,,
3246.6666666666665,9740,nan,1.0,NO,,,
3246.6666666666665,9740,nan,1.0,NO,,,
3246.6666666666665,9740,nan,1.0,NO,,,
3246.6666666666665,9740,nan,1.0,NO,,,
3246.6666666666665,9740,nan,1.0,NO,,,
3250.0,9750,nan,0.0,NO,,,
3250.0,9750,nan,0.0,NO,,,
3250.0,9750,nan,0.0,NO,,,
3250.0,9750,nan,0.0,NO,,,
3250.0,9750,nan,0.0,NO,,,
3250.0,9750,nan,0.0,NO,,,
3250.0,9750,nan,0.0,NO,,,
3250.0,9750,nan,0.0,NO,,,
3250.0,9750,nan,0.0,NO,,,
3250.0,9750,nan,0.0,NO,,,
3253.3333333333335,9760,nan,0.0,NO,,,
3253.3333333333335,9760,nan,0.0,NO,,,
3253.3333333333335,9760,nan,0.0,NO,,,
3253.3333333333335,9760,nan,0.0,NO,,,
3253.3333333333335,9760,nan,0.0,NO,,,
3253.3333333333335,9760,nan,0.0,NO,,,
3253.3333333333335,9760,nan,0.0,NO,,,
3253.3333333333335,9760,nan,0.0,NO,,,
3253.3333333333335,9760,nan,0.0,NO,,,
3253.3333333333335,9760,nan,0.0,NO,,,
3256.6666666666665,9770,nan,1.0,NO,,,
3256.6666666666665,9770,nan,1.0,NO,,,
3256.6666666666665,9770,nan,1.0,NO,,,
3256.6666666666665,9770,nan,1.0,NO,,,
3256.6666666666665,9770,nan,1.0,NO,,,
3256.6666666666665,9770,nan,1.0,NO,,,
3256.6666666666665,9770,nan,1.0,NO,,,
3256.6666666666665,9770,nan,1.0,NO,,,
3256.6666666666665,9770,nan,1.0,NO,,,
3256.6666666666665,9770,nan,1.0,NO,,,
3260.0,9780,nan,0.0,NO,,,
3260.0,9780,nan,0.0,NO,,,
3260.0,9780,nan,0.0,NO,,,
3260.0,9780,nan,0.0,NO,,,
3260.0,9780,nan,0.0,NO,,,
3260.0,9780,nan,0.0,NO,,,
3260.0,9780,nan,0.0,NO,,,
3260.0,9780,nan,0.0,NO,,,
3260.0,9780,nan,0.0,NO,,,
3260.0,9780,nan,0.0,NO,,,
3263.3333333333335,9790,nan,0.0,NO,,,
3263.3333333333335,9790,nan,0.0,NO,,,
3263.3333333333335,9790,nan,0.0,NO,,,
3263.3333333333335,9790,nan,0.0,NO,,,
3263.3333333333335,9790,nan,0.0,NO,,,
3263.3333333333335,9790,nan,0.0,NO,,,
3263.3333333333335,9790,nan,0.0,NO,,,
3263.3333333333335,9790,nan,0.0,NO,,,
3263.3333333333335,9790,nan,0.0,NO,,,
3263.3333333333335,9790,nan,0.0,YES,nan,0.2,
3266.6666666666665,9800,nan,1.0,NO,,,
3266.6666666666665,9800,nan,1.0,NO,,,
3266.6666666666665,9800,nan,1.0,NO,,,
3266.6666666666665,9800,nan,1.0,NO,,,
3266.6666666666665,9800,nan,1.0,NO,,,
3266.6666666666665,9800,nan,1.0,NO,,,
3266.6666666666665,9800,nan,1.0,NO,,,
3266.6666666666665,9800,nan,1.0,NO,,,
3266.6666666666665,9800,nan,1.0,NO,,,
3266.6666666666665,9800,nan,1.0,NO,,,
3270.0,9810,nan,0.0,NO,,,
3270.0,9810,nan,0.0,NO,,,
3270.0,9810,nan,0.0,NO,,,
3270.0,9810,nan,0.0,NO,,,
3270.0,9810,nan,0.0,NO,,,
3270.0,9810,nan,0.0,NO,,,
3270.0,9810,nan,0.0,NO,,,
3270.0,9810,nan,0.0,NO,,,
3270.0,9810,nan,0.0,NO,,,
3270.0,9810,nan,0.0,NO,,,
3273.3333333333335,9820,nan,0.0,NO,,,
3273.3333333333335,9820,nan,0.0,NO,,,
3273.3333333333335,9820,nan,0.0,NO,,,
3273.3333333333335,9820,nan,0.0,NO,,,
3273.3333333333335,9820,nan,0.0,NO,,,
3273.3333333333335,9820,nan,0.0,NO,,,
3273.3333333333335,9820,nan,0.0,NO,,,
3273.3333333333335,9820,nan,0.0,NO,,,
3273.3333333333335,9820,nan,0.0,NO,,,
3273.3333333333335,9820,nan,0.0,NO,,,
3276.6666666666665,9830,nan,1.0,NO,,,
3276.6666666666665,9830,nan,1.0,NO,,,
3276.6666666666665,9830,nan,1.0,NO,,,
3276.6666666666665,9830,nan,1.0,NO,,,
3276.6666666666665,9830,nan,1.0,NO,,,
3276.6666666666665,9830,nan,1.0,NO,,,
3276.6666666666665,9830,nan,1.0,NO,,,
3276.6666666666665,9830,nan,1.0,NO,,,
3276.6666666666665,9830,nan,1.0,NO,,,
3276.6666666666665,9830,nan,1.0,NO,,,
3280.0,9840,nan,0.0,NO,,,
3280.0,9840,nan,0.0,NO,,,
3280.0,9840,nan,0.0,NO,,,
3280.0,9840,nan,0.0,NO,,,
3280.0,9840,nan,0.0,NO,,,
3280.0,9840,nan,0.0,NO,,,
3280.0,9840,nan,0.0,NO,,,
3280.0,9840,nan,0.0,NO,,,
3280.0,9840,nan,0.0,NO,,,
3280.0,9840,nan,0.0,NO,,,
3283.3333333333335,9850,nan,0.0,NO,,,
3283.3333333333335,9850,nan,0.0,NO,,,
3283.3333333333335,9850,nan,0.0,NO,,,
3283.3333333333335,9850,nan,0.0,NO,,,
3283.3333333333335,9850,nan,0.0,NO,,,
3283.3333333333335,9850,nan,0.0,NO,,,
3283.3333333333335,9850,nan,0.0,NO,,,
3283.3333333333335,9850,nan,0.0,NO,,,
3283.3333333333335,9850,nan,0.0,NO,,,
3283.3333333333335,9850,nan,0.0,NO,,,
3286.6666666666665,9860,nan,1.0,NO,,,
3286.6666666666665,9860,nan,1.0,NO,,,
3286.6666666666665,9860,nan,1.0,NO,,,
3286.6666666666665,9860,nan,1.0,NO,,,
3286.6666666666665,9860,nan,1.0,NO,,,
3286.6666666666665,9860,nan,1.0,NO,,,
3286.6666666666665,9860,nan,1.0,NO,,,
3286.6666666666665,9860,nan,1.0,NO,,,
3286.6666666666665,9860,nan,1.0,NO,,,
3286.6666666666665,9860,nan,1.0,NO,,,
3290.0,9870,nan,0.0,NO,,,
3290.0,9870,nan,0.0,NO,,,
3290.0,9870,nan,0.0,NO,,,
3290.0,9870,nan,0.0,NO,,,
3290.0,9870,nan,0.0,NO,,,
3290.0,9870,nan,0.0,NO,,,
3290.0,9870,nan,0.0,NO,,,
3290.0,9870,nan,0.0,NO,,,
3290.0,9870,nan,0.0,NO,,,
3290.0,9870,nan,0.0,NO,,,
3293.3333333333335,9880,nan,0.0,NO,,,
3293.3333333333335,9880,nan,0.0,NO,,,
3293.3333333333335,9880,nan,0.0,NO,,,
3293.3333333333335,9880,nan,0.0,NO,,,
3293.3333333333335,9880,nan,0.0,NO,,,
3293.3333333333335,9880,nan,0.0,NO,,,
3293.3333333333335,9880,nan,0.0,NO,,,
3293.3333333333335,9880,nan,0.0,NO,,,
3293.3333333333335,9880,nan,0.0,NO,,,
3293.3333333333335,9880,nan,0.0,NO,,,
3296.6666666666665,9890,nan,1.0,NO,,,
3296.6666666666665,9890,nan,1.0,NO,,,
3296.6666666666665,9890,nan,1.0,NO,,,
3296.6666666666665,9890,nan,1.0,NO,,,
3296.6666666666665,9890,nan,1.0,NO,,,
3296.6666666666665,9890,nan,1.0,NO,,,
3296.6666666666665,9890,nan,1.0,NO,,,
3296.6666666666665,9890,nan,1.0,NO,,,
3296.6666666666665,9890,nan,1.0,NO,,,
3296.6666666666665,9890,nan,1.0,NO,,,
3300.0,9900,nan,0.0,NO,,,
3300.0,9900,nan,0.0,NO,,,
3300.0,9900,nan,0.0,NO,,,
3300.0,9900,nan,0.0,NO,,,
3300.0,9900,nan,0.0,NO,,,
3300.0,9900,nan,0.0,NO,,,
3300.0,9900,nan,0.0,NO,,,
3300.0,9900,nan,0.0,NO,,,
3300.0,9900,nan,0.0,NO,,,
3300.0,9900,nan,0.0,NO,,,
3303.3333333333335,9910,nan,0.0,NO,,,
3303.3333333333335,9910,nan,0.0,NO,,,
3303.3333333333335,9910,nan,0.0,NO,,,
3303.3333333333335,9910,nan,0.0,NO,,,
3303.3333333333335,9910,nan,0.0,NO,,,
3303.3333333333335,9910,nan,0.0,NO,,,
3303.3333333333335,9910,nan,0.0,NO,,,
3303.3333333333335,9910,nan,0.0,NO,,,
3303.3333333333335,9910,nan,0.0,NO,,,
3303.3333333333335,9910,nan,0.0,NO,,,
3306.6666666666665,9920,nan,1.0,NO,,,
3306.6666666666665,9920,nan,1.0,NO,,,
3306.6666666666665,9920,nan,1.0,NO,,,
3306.6666666666665,9920,nan,1.0,NO,,,
3306.6666666666665,9920,nan,1.0,NO,,,
3306.6666666666665,9920,nan,1.0,NO,,,
3306.6666666666665,9920,nan,1.0,NO,,,
3306.6666666666665,9920,nan,1.0,NO,,,
3306.6666666666665,9920,nan,1.0,NO,,,
3306.6666666666665,9920,nan,1.0,NO,,,
3310.0,9930,nan,0.0,NO,,,
3310.0,9930,nan,0.0,NO,,,
3310.0,9930,nan,0.0,NO,,,
3310.0,9930,nan,0.0,NO,,,
3310.0,9930,nan,0.0,NO,,,
3310.0,9930,nan,0.0,NO,,,
3310.0,9930,nan,0.0,NO,,,
3310.0,9930,nan,0.0,NO,,,
3310.0,9930,nan,0.0,NO,,,
3310.0,9930,nan,0.0,NO,,,
3313.3333333333335,9940,nan,0.0,NO,,,
3313.3333333333335,9940,nan,0.0,NO,,,
3313.3333333333335,9940,nan,0.0,NO,,,
3313.3333333333335,9940,nan,0.0,NO,,,
3313.3333333333335,9940,nan,0.0,NO,,,
3313.3333333333335,9940,nan,0.0,NO,,,
3313.3333333333335,9940,nan,0.0,NO,,,
3313.3333333333335,9940,nan,0.0,NO,,,
3313.3333333333335,9940,nan,0.0,NO,,,
3313.3333333333335,9940,nan,0.0,NO,,,
3316.6666666666665,9950,nan,1.0,NO,,,
3316.6666666666665,9950,nan,1.0,NO,,,
3316.6666666666665,9950,nan,1.0,NO,,,
3316.6666666666665,9950,nan,1.0,NO,,,
3316.6666666666665,9950,nan,1.0,NO,,,
3316.6666666666665,9950,nan,1.0,NO,,,
3316.6666666666665,9950,nan,1.0,NO,,,
3316.6666666666665,9950,nan,1.0,NO,,,
3316.6666666666665,9950,nan,1.0,NO,,,
3316.6666666666665,9950,nan,1.0,NO,,,
3320.0,9960,nan,0.0,NO,,,
3320.0,9960,nan,0.0,NO,,,
3320.0,9960,nan,0.0,NO,,,
3320.0,9960,nan,0.0,NO,,,
3320.0,9960,nan,0.0,NO,,,
3320.0,9960,nan,0.0,NO,,,
3320.0,9960,nan,0.0,NO,,,
3320.0,9960,nan,0.0,NO,,,
3320.0,9960,nan,0.0,NO,,,
3320.0,9960,nan,0.0,NO,,,
3323.3333333333335,9970,nan,0.0,NO,,,
3323.3333333333335,9970,nan,0.0,NO,,,
3323.3333333333335,9970,nan,0.0,NO,,,
3323.3333333333335,9970,nan,0.0,NO,,,
3323.3333333333335,9970,nan,0.0,NO,,,
3323.3333333333335,9970,nan,0.0,NO,,,
3323.3333333333335,9970,nan,0.0,NO,,,
3323.3333333333335,9970,nan,0.0,NO,,,
3323.3333333333335,9970,nan,0.0,NO,,,
3323.3333333333335,9970,nan,0.0,NO,,,
3326.6666666666665,9980,nan,1.0,NO,,,
3326.6666666666665,9980,nan,1.0,NO,,,
3326.6666666666665,9980,nan,1.0,NO,,,
3326.6666666666665,9980,nan,1.0,NO,,,
3326.6666666666665,9980,nan,1.0,NO,,,
3326.6666666666665,9980,nan,1.0,NO,,,
3326.6666666666665,9980,nan,1.0,NO,,,
3326.6666666666665,9980,nan,1.0,NO,,,
3326.6666666666665,9980,nan,1.0,NO,,,
3326.6666666666665,9980,nan,1.0,NO,,,
3330.0,9990,nan,0.0,NO,,,
3330.0,9990,nan,0.0,NO,,,
3330.0,9990,nan,0.0,NO,,,
3330.0,9990,nan,0.0,NO,,,
3330.0,9990,nan,0.0,NO,,,
3330.0,9990,nan,0.0,NO,,,
3330.0,9990,nan,0.0,NO,,,
3330.0,9990,nan,0.0,NO,,,
3330.0,9990,nan,0.0,NO,,,
3330.0,9990,nan,0.0,YES,nan,0.2,
3333.3333333333335,10000,nan,0.0,NO,,,
3333.3333333333335,10000,nan,0.0,NO,,,
3333.3333333333335,10000,nan,0.0,NO,,,
3333.3333333333335,10000,nan,0.0,NO,,,
3333.3333333333335,10000,nan,0.0,NO,,,
3333.3333333333335,10000,nan,0.0,NO,,,
3333.3333333333335,10000,nan,0.0,NO,,,
3333.3333333333335,10000,nan,0.0,NO,,,
3333.3333333333335,10000,nan,0.0,NO,,,
3333.3333333333335,10000,nan,0.0,NO,,,
3336.6666666666665,10010,nan,1.0,NO,,,
3336.6666666666665,10010,nan,1.0,NO,,,
3336.6666666666665,10010,nan,1.0,NO,,,
3336.6666666666665,10010,nan,1.0,NO,,,
3336.6666666666665,10010,nan,1.0,NO,,,
3336.6666666666665,10010,nan,1.0,NO,,,
3336.6666666666665,10010,nan,1.0,NO,,,
3336.6666666666665,10010,nan,1.0,NO,,,
3336.6666666666665,10010,nan,1.0,NO,,,
3336.6666666666665,10010,nan,1.0,NO,,,
3340.0,10020,nan,0.0,NO,,,
3340.0,10020,nan,0.0,NO,,,
3340.0,10020,nan,0.0,NO,,,
3340.0,10020,nan,0.0,NO,,,
3340.0,10020,nan,0.0,NO,,,
3340.0,10020,nan,0.0,NO,,,
3340.0,10020,nan,0.0,NO,,,
3340.0,10020,nan,0.0,NO,,,
3340.0,10020,nan,0.0,NO,,,
3340.0,10020,nan,0.0,NO,,,
3343.3333333333335,10030,nan,0.0,NO,,,
3343.3333333333335,10030,nan,0.0,NO,,,
3343.3333333333335,10030,nan,0.0,NO,,,
3343.3333333333335,10030,nan,0.0,NO,,,
3343.3333333333335,10030,nan,0.0,NO,,,
3343.3333333333335,10030,nan,0.0,NO,,,
3343.3333333333335,10030,nan,0.0,NO,,,
3343.3333333333335,10030,nan,0.0,NO,,,
3343.3333333333335,10030,nan,0.0,NO,,,
3343.3333333333335,10030,nan,0.0,NO,,,
3346.6666666666665,10040,nan,1.0,NO,,,
3346.6666666666665,10040,nan,1.0,NO,,,
3346.6666666666665,10040,nan,1.0,NO,,,
3346.6666666666665,10040,nan,1.0,NO,,,
3346.6666666666665,10040,nan,1.0,NO,,,
3346.6666666666665,10040,nan,1.0,NO,,,
3346.6666666666665,10040,nan,1.0,NO,,,
3346.6666666666665,10040,nan,1.0,NO,,,
3346.6666666666665,10040,nan,1.0,NO,,,
3346.6666666666665,10040,nan,1.0,NO,,,
3350.0,10050,nan,0.0,NO,,,
3350.0,10050,nan,0.0,NO,,,
3350.0,10050,nan,0.0,NO,,,
3350.0,10050,nan,0.0,NO,,,
3350.0,10050,nan,0.0,NO,,,
3350.0,10050,nan,0.0,NO,,,
3350.0,10050,nan,0.0,NO,,,
3350.0,10050,nan,0.0,NO,,,
3350.0,10050,nan,0.0,NO,,,
3350.0,10050,nan,0.0,NO,,,
3353.3333333333335,10060,nan,0.0,NO,,,
3353.3333333333335,10060,nan,0.0,NO,,,
3353.3333333333335,10060,nan,0.0,NO,,,
3353.3333333333335,10060,nan,0.0,NO,,,
3353.3333333333335,10060,nan,0.0,NO,,,
3353.3333333333335,10060,nan,0.0,NO,,,
3353.3333333333335,10060,nan,0.0,NO,,,
3353.3333333333335,10060,nan,0.0,NO,,,
3353.3333333333335,10060,nan,0.0,NO,,,
3353.3333333333335,10060,nan,0.0,NO,,,
3356.6666666666665,10070,nan,1.0,NO,,,
3356.6666666666665,10070,nan,1.0,NO,,,
3356.6666666666665,10070,nan,1.0,NO,,,
3356.6666666666665,10070,nan,1.0,NO,,,
3356.6666666666665,10070,nan,1.0,NO,,,
3356.6666666666665,10070,nan,1.0,NO,,,
3356.6666666666665,10070,nan,1.0,NO,,,
3356.6666666666665,10070,nan,1.0,NO,,,
3356.6666666666665,10070,nan,1.0,NO,,,
3356.6666666666665,10070,nan,1.0,NO,,,
3360.0,10080,nan,0.0,NO,,,
3360.0,10080,nan,0.0,NO,,,
3360.0,10080,nan,0.0,NO,,,
3360.0,10080,nan,0.0,NO,,,
3360.0,10080,nan,0.0,NO,,,
3360.0,10080,nan,0.0,NO,,,
3360.0,10080,nan,0.0,NO,,,
3360.0,10080,nan,0.0,NO,,,
3360.0,10080,nan,0.0,NO,,,
3360.0,10080,nan,0.0,NO,,,
3363.3333333333335,10090,nan,0.0,NO,,,
3363.3333333333335,10090,nan,0.0,NO,,,
3363.3333333333335,10090,nan,0.0,NO,,,
3363.3333333333335,10090,nan,0.0,NO,,,
3363.3333333333335,10090,nan,0.0,NO,,,
3363.3333333333335,10090,nan,0.0,NO,,,
3363.3333333333335,10090,nan,0.0,NO,,,
3363.3333333333335,10090,nan,0.0,NO,,,
3363.3333333333335,10090,nan,0.0,NO,,,
3363.3333333333335,10090,nan,0.0,NO,,,
3366.6666666666665,10100,nan,1.0,NO,,,
3366.6666666666665,10100,nan,1.0,NO,,,
3366.6666666666665,10100,nan,1.0,NO,,,
3366.6666666666665,10100,nan,1.0,NO,,,
3366.6666666666665,10100,nan,1.0,NO,,,
3366.6666666666665,10100,nan,1.0,NO,,,
3366.6666666666665,10100,nan,1.0,NO,,,
3366.6666666666665,10100,nan,1.0,NO,,,
3366.6666666666665,10100,nan,1.0,NO,,,
3366.6666666666665,10100,nan,1.0,NO,,,
3370.0,10110,nan,0.0,NO,,,
3370.0,10110,nan,0.0,NO,,,
3370.0,10110,nan,0.0,NO,,,
3370.0,10110,nan,0.0,NO,,,
3370.0,10110,nan,0.0,NO,,,
3370.0,10110,nan,0.0,NO,,,
3370.0,10110,nan,0.0,NO,,,
3370.0,10110,nan,0.0,NO,,,
3370.0,10110,nan,0.0,NO,,,
3370.0,10110,nan,0.0,NO,,,
3373.3333333333335,10120,nan,0.0,NO,,,
3373.3333333333335,10120,nan,0.0,NO,,,
3373.3333333333335,10120,nan,0.0,NO,,,
3373.3333333333335,10120,nan,0.0,NO,,,
3373.3333333333335,10120,nan,0.0,NO,,,
3373.3333333333335,10120,nan,0.0,NO,,,
3373.3333333333335,10120,nan,0.0,NO,,,
3373.3333333333335,10120,nan,0.0,NO,,,
3373.3333333333335,10120,nan,0.0,NO,,,
3373.3333333333335,10120,nan,0.0,NO,,,
3376.6666666666665,10130,nan,1.0,NO,,,
3376.6666666666665,10130,nan,1.0,NO,,,
3376.6666666666665,10130,nan,1.0,NO,,,
3376.6666666666665,10130,nan,1.0,NO,,,
3376.6666666666665,10130,nan,1.0,NO,,,
3376.6666666666665,10130,nan,1.0,NO,,,
3376.6666666666665,10130,nan,1.0,NO,,,
3376.6666666666665,10130,nan,1.0,NO,,,
3376.6666666666665,10130,nan,1.0,NO,,,
3376.6666666666665,10130,nan,1.0,NO,,,
3380.0,10140,nan,0.0,NO,,,
3380.0,10140,nan,0.0,NO,,,
3380.0,10140,nan,0.0,NO,,,
3380.0,10140,nan,0.0,NO,,,
3380.0,10140,nan,0.0,NO,,,
3380.0,10140,nan,0.0,NO,,,
3380.0,10140,nan,0.0,NO,,,
3380.0,10140,nan,0.0,NO,,,
3380.0,10140,nan,0.0,NO,,,
3380.0,10140,nan,0.0,NO,,,
3383.3333333333335,10150,nan,0.0,NO,,,
3383.3333333333335,10150,nan,0.0,NO,,,
3383.3333333333335,10150,nan,0.0,NO,,,
3383.3333333333335,10150,nan,0.0,NO,,,
3383.3333333333335,10150,nan,0.0,NO,,,
3383.3333333333335,10150,nan,0.0,NO,,,
3383.3333333333335,10150,nan,0.0,NO,,,
3383.3333333333335,10150,nan,0.0,NO,,,
3383.3333333333335,10150,nan,0.0,NO,,,
3383.3333333333335,10150,nan,0.0,NO,,,
3386.6666666666665,10160,nan,1.0,NO,,,
3386.6666666666665,10160,nan,1.0,NO,,,
3386.6666666666665,10160,nan,1.0,NO,,,
3386.6666666666665,10160,nan,1.0,NO,,,
3386.6666666666665,10160,nan,1.0,NO,,,
3386.6666666666665,10160,nan,1.0,NO,,,
3386.6666666666665,10160,nan,1.0,NO,,,
3386.6666666666665,10160,nan,1.0,NO,,,
3386.6666666666665,10160,nan,1.0,NO,,,
3386.6666666666665,10160,nan,1.0,NO,,,
3390.0,10170,nan,0.0,NO,,,
3390.0,10170,nan,0.0,NO,,,
3390.0,10170,nan,0.0,NO,,,
3390.0,10170,nan,0.0,NO,,,
3390.0,10170,nan,0.0,NO,,,
3390.0,10170,nan,0.0,NO,,,
3390.0,10170,nan,0.0,NO,,,
3390.0,10170,nan,0.0,NO,,,
3390.0,10170,nan,0.0,NO,,,
3390.0,10170,nan,0.0,NO,,,
3393.3333333333335,10180,nan,0.0,NO,,,
3393.3333333333335,10180,nan,0.0,NO,,,
3393.3333333333335,10180,nan,0.0,NO,,,
3393.3333333333335,10180,nan,0.0,NO,,,
3393.3333333333335,10180,nan,0.0,NO,,,
3393.3333333333335,10180,nan,0.0,NO,,,
3393.3333333333335,10180,nan,0.0,NO,,,
3393.3333333333335,10180,nan,0.0,NO,,,
3393.3333333333335,10180,nan,0.0,NO,,,
3393.3333333333335,10180,nan,0.0,NO,,,
3396.6666666666665,10190,nan,1.0,NO,,,
3396.6666666666665,10190,nan,1.0,NO,,,
3396.6666666666665,10190,nan,1.0,NO,,,
3396.6666666666665,10190,nan,1.0,NO,,,
3396.6666666666665,10190,nan,1.0,NO,,,
3396.6666666666665,10190,nan,1.0,NO,,,
3396.6666666666665,10190,nan,1.0,NO,,,
3396.6666666666665,10190,nan,1.0,NO,,,
3396.6666666666665,10190,nan,1.0,NO,,,
3396.6666666666665,10190,nan,1.0,YES,nan,0.2,
3400.0,10200,nan,0.0,NO,,,
3400.0,10200,nan,0.0,NO,,,
3400.0,10200,nan,0.0,NO,,,
3400.0,10200,nan,0.0,NO,,,
3400.0,10200,nan,0.0,NO,,,
3400.0,10200,nan,0.0,NO,,,
3400.0,10200,nan,0.0,NO,,,
3400.0,10200,nan,0.0,NO,,,
3400.0,10200,nan,0.0,NO,,,
3400.0,10200,nan,0.0,NO,,,
3403.3333333333335,10210,nan,0.0,NO,,,
3403.3333333333335,10210,nan,0.0,NO,,,
3403.3333333333335,10210,nan,0.0,NO,,,
3403.3333333333335,10210,nan,0.0,NO,,,
3403.3333333333335,10210,nan,0.0,NO,,,
3403.3333333333335,10210,nan,0.0,NO,,,
3403.3333333333335,10210,nan,0.0,NO,,,
3403.3333333333335,10210,nan,0.0,NO,,,
3403.3333333333335,10210,nan,0.0,NO,,,
3403.3333333333335,10210,nan,0.0,NO,,,
3406.6666666666665,10220,nan,1.0,NO,,,
3406.6666666666665,10220,nan,1.0,NO,,,
3406.6666666666665,10220,nan,1.0,NO,,,
3406.6666666666665,10220,nan,1.0,NO,,,
3406.6666666666665,10220,nan,1.0,NO,,,
3406.6666666666665,10220,nan,1.0,NO,,,
3406.6666666666665,10220,nan,1.0,NO,,,
3406.6666666666665,10220,nan,1.0,NO,,,
3406.6666666666665,10220,nan,1.0,NO,,,
3406.6666666666665,10220,nan,1.0,NO,,,
3410.0,10230,nan,0.0,NO,,,
3410.0,10230,nan,0.0,NO,,,
3410.0,10230,nan,0.0,NO,,,
3410.0,10230,nan,0.0,NO,,,
3410.0,10230,nan,0.0,NO,,,
3410.0,10230,nan,0.0,NO,,,
3410.0,10230,nan,0.0,NO,,,
3410.0,10230,nan,0.0,NO,,,
3410.0,10230,nan,0.0,NO,,,
3410.0,10230,nan,0.0,NO,,,
3413.3333333333335,10240,nan,0.0,NO,,,
3413.3333333333335,10240,nan,0.0,NO,,,
3413.3333333333335,10240,nan,0.0,NO,,,
3413.3333333333335,10240,nan,0.0,NO,,,
3413.3333333333335,10240,nan,0.0,NO,,,
3413.3333333333335,10240,nan,0.0,NO,,,
3413.3333333333335,10240,nan,0.0,NO,,,
3413.3333333333335,10240,nan,0.0,NO,,,
3413.3333333333335,10240,nan,0.0,NO,,,
3413.3333333333335,10240,nan,0.0,NO,,,
3416.6666666666665,10250,nan,1.0,NO,,,
3416.6666666666665,10250,nan,1.0,NO,,,
3416.6666666666665,10250,nan,1.0,NO,,,
3416.6666666666665,10250,nan,1.0,NO,,,
3416.6666666666665,10250,nan,1.0,NO,,,
3416.6666666666665,10250,nan,1.0,NO,,,
3416.6666666666665,10250,nan,1.0,NO,,,
3416.6666666666665,10250,nan,1.0,NO,,,
3416.6666666666665,10250,nan,1.0,NO,,,
3416.6666666666665,10250,nan,1.0,NO,,,
3420.0,10260,nan,0.0,NO,,,
3420.0,10260,nan,0.0,NO,,,
3420.0,10260,nan,0.0,NO,,,
3420.0,10260,nan,0.0,NO,,,
3420.0,10260,nan,0.0,NO,,,
3420.0,10260,nan,0.0,NO,,,
3420.0,10260,nan,0.0,NO,,,
3420.0,10260,nan,0.0,NO,,,
3420.0,10260,nan,0.0,NO,,,
3420.0,10260,nan,0.0,NO,,,
3423.3333333333335,10270,nan,0.0,NO,,,
3423.3333333333335,10270,nan,0.0,NO,,,
3423.3333333333335,10270,nan,0.0,NO,,,
3423.3333333333335,10270,nan,0.0,NO,,,
3423.3333333333335,10270,nan,0.0,NO,,,
3423.3333333333335,10270,nan,0.0,NO,,,
3423.3333333333335,10270,nan,0.0,NO,,,
3423.3333333333335,10270,nan,0.0,NO,,,
3423.3333333333335,10270,nan,0.0,NO,,,
3423.3333333333335,10270,nan,0.0,NO,,,
3426.6666666666665,10280,nan,1.0,NO,,,
3426.6666666666665,10280,nan,1.0,NO,,,
3426.6666666666665,10280,nan,1.0,NO,,,
3426.6666666666665,10280,nan,1.0,NO,,,
3426.6666666666665,10280,nan,1.0,NO,,,
3426.6666666666665,10280,nan,1.0,NO,,,
3426.6666666666665,10280,nan,1.0,NO,,,
3426.6666666666665,10280,nan,1.0,NO,,,
3426.6666666666665,10280,nan,1.0,NO,,,
3426.6666666666665,10280,nan,1.0,NO,,,
3430.0,10290,nan,0.0,NO,,,
3430.0,10290,nan,0.0,NO,,,
3430.0,10290,nan,0.0,NO,,,
3430.0,10290,nan,0.0,NO,,,
3430.0,10290,nan,0.0,NO,,,
3430.0,10290,nan,0.0,NO,,,
3430.0,10290,nan,0.0,NO,,,
3430.0,10290,nan,0.0,NO,,,
3430.0,10290,nan,0.0,NO,,,
3430.0,10290,nan,0.0,NO,,,
3433.3333333333335,10300,nan,0.0,NO,,,
3433.3333333333335,10300,nan,0.0,NO,,,
3433.3333333333335,10300,nan,0.0,NO,,,
3433.3333333333335,10300,nan,0.0,NO,,,
3433.3333333333335,10300,nan,0.0,NO,,,
3433.3333333333335,10300,nan,0.0,NO,,,
3433.3333333333335,10300,nan,0.0,NO,,,
3433.3333333333335,10300,nan,0.0,NO,,,
3433.3333333333335,10300,nan,0.0,NO,,,
3433.3333333333335,10300,nan,0.0,NO,,,
3436.6666666666665,10310,nan,1.0,NO,,,
3436.6666666666665,10310,nan,1.0,NO,,,
3436.6666666666665,10310,nan,1.0,NO,,,
3436.6666666666665,10310,nan,1.0,NO,,,
3436.6666666666665,10310,nan,1.0,NO,,,
3436.6666666666665,10310,nan,1.0,NO,,,
3436.6666666666665,10310,nan,1.0,NO,,,
3436.6666666666665,10310,nan,1.0,NO,,,
3436.6666666666665,10310,nan,1.0,NO,,,
3436.6666666666665,10310,nan,1.0,NO,,,
3440.0,10320,nan,0.0,NO,,,
3440.0,10320,nan,0.0,NO,,,
3440.0,10320,nan,0.0,NO,,,
3440.0,10320,nan,0.0,NO,,,
3440.0,10320,nan,0.0,NO,,,
3440.0,10320,nan,0.0,NO,,,
3440.0,10320,nan,0.0,NO,,,
3440.0,10320,nan,0.0,NO,,,
3440.0,10320,nan,0.0,NO,,,
3440.0,10320,nan,0.0,NO,,,
3443.3333333333335,10330,nan,0.0,NO,,,
3443.3333333333335,10330,nan,0.0,NO,,,
3443.3333333333335,10330,nan,0.0,NO,,,
3443.3333333333335,10330,nan,0.0,NO,,,
3443.3333333333335,10330,nan,0.0,NO,,,
3443.3333333333335,10330,nan,0.0,NO,,,
3443.3333333333335,10330,nan,0.0,NO,,,
3443.3333333333335,10330,nan,0.0,NO,,,
3443.3333333333335,10330,nan,0.0,NO,,,
3443.3333333333335,10330,nan,0.0,NO,,,
3446.6666666666665,10340,nan,1.0,NO,,,
3446.6666666666665,10340,nan,1.0,NO,,,
3446.6666666666665,10340,nan,1.0,NO,,,
3446.6666666666665,10340,nan,1.0,NO,,,
3446.6666666666665,10340,nan,1.0,NO,,,
3446.6666666666665,10340,nan,1.0,NO,,,
3446.6666666666665,10340,nan,1.0,NO,,,
3446.6666666666665,10340,nan,1.0,NO,,,
3446.6666666666665,10340,nan,1.0,NO,,,
3446.6666666666665,10340,nan,1.0,NO,,,
3450.0,10350,nan,0.0,NO,,,
3450.0,10350,nan,0.0,NO,,,
3450.0,10350,nan,0.0,NO,,,
3450.0,10350,nan,0.0,NO,,,
3450.0,10350,nan,0.0,NO,,,
3450.0,10350,nan,0.0,NO,,,
3450.0,10350,nan,0.0,NO,,,
3450.0,10350,nan,0.0,NO,,,
3450.0,10350,nan,0.0,NO,,,
3450.0,10350,nan,0.0,NO,,,
3453.3333333333335,10360,nan,0.0,NO,,,
3453.3333333333335,10360,nan,0.0,NO,,,
3453.3333333333335,10360,nan,0.0,NO,,,
3453.3333333333335,10360,nan,0.0,NO,,,
3453.3333333333335,10360,nan,0.0,NO,,,
3453.3333333333335,10360,nan,0.0,NO,,,
3453.3333333333335,10360,nan,0.0,NO,,,
3453.3333333333335,10360,nan,0.0,NO,,,
3453.3333333333335,10360,nan,0.0,NO,,,
3453.3333333333335,10360,nan,0.0,NO,,,
3456.6666666666665,10370,nan,1.0,NO,,,
3456.6666666666665,10370,nan,1.0,NO,,,
3456.6666666666665,10370,nan,1.0,NO,,,
3456.6666666666665,10370,nan,1.0,NO,,,
3456.6666666666665,10370,nan,1.0,NO,,,
3456.6666666666665,10370,nan,1.0,NO,,,
3456.6666666666665,10370,nan,1.0,NO,,,
3456.6666666666665,10370,nan,1.0,NO,,,
3456.6666666666665,10370,nan,1.0,NO,,,
3456.6666666666665,10370,nan,1.0,NO,,,
3460.0,10380,nan,0.0,NO,,,
3460.0,10380,nan,0.0,NO,,,
3460.0,10380,nan,0.0,NO,,,
3460.0,10380,nan,0.0,NO,,,
3460.0,10380,nan,0.0,NO,,,
3460.0,10380,nan,0.0,NO,,,
3460.0,10380,nan,0.0,NO,,,
3460.0,10380,nan,0.0,NO,,,
3460.0,10380,nan,0.0,NO,,,
3460.0,10380,nan,0.0,NO,,,
3463.3333333333335,10390,nan,0.0,NO,,,
3463.3333333333335,10390,nan,0.0,NO,,,
3463.3333333333335,10390,nan,0.0,NO,,,
3463.3333333333335,10390,nan,0.0,NO,,,
3463.3333333333335,10390,nan,0.0,NO,,,
3463.3333333333335,10390,nan,0.0,NO,,,
3463.3333333333335,10390,nan,0.0,NO,,,
3463.3333333333335,10390,nan,0.0,NO,,,
3463.3333333333335,10390,nan,0.0,NO,,,
3463.3333333333335,10390,nan,0.0,YES,nan,0.2,
3466.6666666666665,10400,nan,1.0,NO,,,
3466.6666666666665,10400,nan,1.0,NO,,,
3466.6666666666665,10400,nan,1.0,NO,,,
3466.6666666666665,10400,nan,1.0,NO,,,
3466.6666666666665,10400,nan,1.0,NO,,,
3466.6666666666665,10400,nan,1.0,NO,,,
3466.6666666666665,10400,nan,1.0,NO,,,
3466.6666666666665,10400,nan,1.0,NO,,,
3466.6666666666665,10400,nan,1.0,NO,,,
3466.6666666666665,10400,nan,1.0,NO,,,
3470.0,10410,nan,0.0,NO,,,
3470.0,10410,nan,0.0,NO,,,
3470.0,10410,nan,0.0,NO,,,
3470.0,10410,nan,0.0,NO,,,
3470.0,10410,nan,0.0,NO,,,
3470.0,10410,nan,0.0,NO,,,
3470.0,10410,nan,0.0,NO,,,
3470.0,10410,nan,0.0,NO,,,
3470.0,10410,nan,0.0,NO,,,
3470.0,10410,nan,0.0,NO,,,
3473.3333333333335,10420,nan,0.0,NO,,,
3473.3333333333335,10420,nan,0.0,NO,,,
3473.3333333333335,10420,nan,0.0,NO,,,
3473.3333333333335,10420,nan,0.0,NO,,,
3473.3333333333335,10420,nan,0.0,NO,,,
3473.3333333333335,10420,nan,0.0,NO,,,
3473.3333333333335,10420,nan,0.0,NO,,,
3473.3333333333335,10420,nan,0.0,NO,,,
3473.3333333333335,10420,nan,0.0,NO,,,
3473.3333333333335,10420,nan,0.0,NO,,,
3476.6666666666665,10430,nan,1.0,NO,,,
3476.6666666666665,10430,nan,1.0,NO,,,
3476.6666666666665,10430,nan,1.0,NO,,,
3476.6666666666665,10430,nan,1.0,NO,,,
3476.6666666666665,10430,nan,1.0,NO,,,
3476.6666666666665,10430,nan,1.0,NO,,,
3476.6666666666665,10430,nan,1.0,NO,,,
3476.6666666666665,10430,nan,1.0,NO,,,
3476.6666666666665,10430,nan,1.0,NO,,,
3476.6666666666665,10430,nan,1.0,NO,,,
3480.0,10440,nan,0.0,NO,,,
3480.0,10440,nan,0.0,NO,,,
3480.0,10440,nan,0.0,NO,,,
3480.0,10440,nan,0.0,NO,,,
3480.0,10440,nan,0.0,NO,,,
3480.0,10440,nan,0.0,NO,,,
3480.0,10440,nan,0.0,NO,,,
3480.0,10440,nan,0.0,NO,,,
3480.0,10440,nan,0.0,NO,,,
3480.0,10440,nan,0.0,NO,,,
3483.3333333333335,10450,nan,0.0,NO,,,
3483.3333333333335,10450,nan,0.0,NO,,,
3483.3333333333335,10450,nan,0.0,NO,,,
3483.3333333333335,10450,nan,0.0,NO,,,
3483.3333333333335,10450,nan,0.0,NO,,,
3483.3333333333335,10450,nan,0.0,NO,,,
3483.3333333333335,10450,nan,0.0,NO,,,
3483.3333333333335,10450,nan,0.0,NO,,,
3483.3333333333335,10450,nan,0.0,NO,,,
3483.3333333333335,10450,nan,0.0,NO,,,
3486.6666666666665,10460,nan,1.0,NO,,,
3486.6666666666665,10460,nan,1.0,NO,,,
3486.6666666666665,10460,nan,1.0,NO,,,
3486.6666666666665,10460,nan,1.0,NO,,,
3486.6666666666665,10460,nan,1.0,NO,,,
3486.6666666666665,10460,nan,1.0,NO,,,
3486.6666666666665,10460,nan,1.0,NO,,,
3486.6666666666665,10460,nan,1.0,NO,,,
3486.6666666666665,10460,nan,1.0,NO,,,
3486.6666666666665,10460,nan,1.0,NO,,,
3490.0,10470,nan,0.0,NO,,,
3490.0,10470,nan,0.0,NO,,,
3490.0,10470,nan,0.0,NO,,,
3490.0,10470,nan,0.0,NO,,,
3490.0,10470,nan,0.0,NO,,,
3490.0,10470,nan,0.0,NO,,,
3490.0,10470,nan,0.0,NO,,,
3490.0,10470,nan,0.0,NO,,,
3490.0,10470,nan,0.0,NO,,,
3490.0,10470,nan,0.0,NO,,,
3493.3333333333335,10480,nan,0.0,NO,,,
3493.3333333333335,10480,nan,0.0,NO,,,
3493.3333333333335,10480,nan,0.0,NO,,,
3493.3333333333335,10480,nan,0.0,NO,,,
3493.3333333333335,10480,nan,0.0,NO,,,
3493.3333333333335,10480,nan,0.0,NO,,,
3493.3333333333335,10480,nan,0.0,NO,,,
3493.3333333333335,10480,nan,0.0,NO,,,
3493.3333333333335,10480,nan,0.0,NO,,,
3493.3333333333335,10480,nan,0.0,NO,,,
3496.6666666666665,10490,nan,1.0,NO,,,
3496.6666666666665,10490,nan,1.0,NO,,,
3496.6666666666665,10490,nan,1.0,NO,,,
3496.6666666666665,10490,nan,1.0,NO,,,
3496.6666666666665,10490,nan,1.0,NO,,,
3496.6666666666665,10490,nan,1.0,NO,,,
3496.6666666666665,10490,nan,1.0,NO,,,
3496.6666666666665,10490,nan,1.0,NO,,,
3496.6666666666665,10490,nan,1.0,NO,,,
3496.6666666666665,10490,nan,1.0,NO,,,
3500.0,10500,nan,0.0,NO,,,
3500.0,10500,nan,0.0,NO,,,
3500.0,10500,nan,0.0,NO,,,
3500.0,10500,nan,0.0,NO,,,
3500.0,10500,nan,0.0,NO,,,
3500.0,10500,nan,0.0,NO,,,
3500.0,10500,nan,0.0,NO,,,
3500.0,10500,nan,0.0,NO,,,
3500.0,10500,nan,0.0,NO,,,
3500.0,10500,nan,0.0,NO,,,
3503.3333333333335,10510,nan,0.0,NO,,,
3503.3333333333335,10510,nan,0.0,NO,,,
3503.3333333333335,10510,nan,0.0,NO,,,
3503.3333333333335,10510,nan,0.0,NO,,,
3503.3333333333335,10510,nan,0.0,NO,,,
3503.3333333333335,10510,nan,0.0,NO,,,
3503.3333333333335,10510,nan,0.0,NO,,,
3503.3333333333335,10510,nan,0.0,NO,,,
3503.3333333333335,10510,nan,0.0,NO,,,
3503.3333333333335,10510,nan,0.0,NO,,,
3506.6666666666665,10520,nan,1.0,NO,,,
3506.6666666666665,10520,nan,1.0,NO,,,
3506.6666666666665,10520,nan,1.0,NO,,,
3506.6666666666665,10520,nan,1.0,NO,,,
3506.6666666666665,10520,nan,1.0,NO,,,
3506.6666666666665,10520,nan,1.0,NO,,,
3506.6666666666665,10520,nan,1.0,NO,,,
3506.6666666666665,10520,nan,1.0,NO,,,
3506.6666666666665,10520,nan,1.0,NO,,,
3506.6666666666665,10520,nan,1.0,NO,,,
3510.0,10530,nan,0.0,NO,,,
3510.0,10530,nan,0.0,NO,,,
3510.0,10530,nan,0.0,NO,,,
3510.0,10530,nan,0.0,NO,,,
3510.0,10530,nan,0.0,NO,,,
3510.0,10530,nan,0.0,NO,,,
3510.0,10530,nan,0.0,NO,,,
3510.0,10530,nan,0.0,NO,,,
3510.0,10530,nan,0.0,NO,,,
3510.0,10530,nan,0.0,NO,,,
3513.3333333333335,10540,nan,0.0,NO,,,
3513.3333333333335,10540,nan,0.0,NO,,,
3513.3333333333335,10540,nan,0.0,NO,,,
3513.3333333333335,10540,nan,0.0,NO,,,
3513.3333333333335,10540,nan,0.0,NO,,,
3513.3333333333335,10540,nan,0.0,NO,,,
3513.3333333333335,10540,nan,0.0,NO,,,
3513.3333333333335,10540,nan,0.0,NO,,,
3513.3333333333335,10540,nan,0.0,NO,,,
3513.3333333333335,10540,nan,0.0,NO,,,
3516.6666666666665,10550,nan,1.0,NO,,,
3516.6666666666665,10550,nan,1.0,NO,,,
3516.6666666666665,10550,nan,1.0,NO,,,
3516.6666666666665,10550,nan,1.0,NO,,,
3516.6666666666665,10550,nan,1.0,NO,,,
3516.6666666666665,10550,nan,1.0,NO,,,
3516.6666666666665,10550,nan,1.0,NO,,,
3516.6666666666665,10550,nan,1.0,NO,,,
3516.6666666666665,10550,nan,1.0,NO,,,
3516.6666666666665,10550,nan,1.0,NO,,,
3520.0,10560,nan,0.0,NO,,,
3520.0,10560,nan,0.0,NO,,,
3520.0,10560,nan,0.0,NO,,,
3520.0,10560,nan,0.0,NO,,,
3520.0,10560,nan,0.0,NO,,,
3520.0,10560,nan,0.0,NO,,,
3520.0,10560,nan,0.0,NO,,,
3520.0,10560,nan,0.0,NO,,,
3520.0,10560,nan,0.0,NO,,,
3520.0,10560,nan,0.0,NO,,,
3523.3333333333335,10570,nan,0.0,NO,,,
3523.3333333333335,10570,nan,0.0,NO,,,
3523.3333333333335,10570,nan,0.0,NO,,,
3523.3333333333335,10570,nan,0.0,NO,,,
3523.3333333333335,10570,nan,0.0,NO,,,
3523.3333333333335,10570,nan,0.0,NO,,,
3523.3333333333335,10570,nan,0.0,NO,,,
3523.3333333333335,10570,nan,0.0,NO,,,
3523.3333333333335,10570,nan,0.0,NO,,,
3523.3333333333335,10570,nan,0.0,NO,,,
3526.6666666666665,10580,nan,1.0,NO,,,
3526.6666666666665,10580,nan,1.0,NO,,,
3526.6666666666665,10580,nan,1.0,NO,,,
3526.6666666666665,10580,nan,1.0,NO,,,
3526.6666666666665,10580,nan,1.0,NO,,,
3526.6666666666665,10580,nan,1.0,NO,,,
3526.6666666666665,10580,nan,1.0,NO,,,
3526.6666666666665,10580,nan,1.0,NO,,,
3526.6666666666665,10580,nan,1.0,NO,,,
3526.6666666666665,10580,nan,1.0,NO,,,
3530.0,10590,nan,0.0,NO,,,
3530.0,10590,nan,0.0,NO,,,
3530.0,10590,nan,0.0,NO,,,
3530.0,10590,nan,0.0,NO,,,
3530.0,10590,nan,0.0,NO,,,
3530.0,10590,nan,0.0,NO,,,
3530.0,10590,nan,0.0,NO,,,
3530.0,10590,nan,0.0,NO,,,
3530.0,10590,nan,0.0,NO,,,
3530.0,10590,nan,0.0,YES,nan,0.2,
3533.3333333333335,10600,nan,0.0,NO,,,
3533.3333333333335,10600,nan,0.0,NO,,,
3533.3333333333335,10600,nan,0.0,NO,,,
3533.3333333333335,10600,nan,0.0,NO,,,
3533.3333333333335,10600,nan,0.0,NO,,,
3533.3333333333335,10600,nan,0.0,NO,,,
3533.3333333333335,10600,nan,0.0,NO,,,
3533.3333333333335,10600,nan,0.0,NO,,,
3533.3333333333335,10600,nan,0.0,NO,,,
3533.3333333333335,10600,nan,0.0,NO,,,
3536.6666666666665,10610,nan,1.0,NO,,,
3536.6666666666665,10610,nan,1.0,NO,,,
3536.6666666666665,10610,nan,1.0,NO,,,
3536.6666666666665,10610,nan,1.0,NO,,,
3536.6666666666665,10610,nan,1.0,NO,,,
3536.6666666666665,10610,nan,1.0,NO,,,
3536.6666666666665,10610,nan,1.0,NO,,,
3536.6666666666665,10610,nan,1.0,NO,,,
3536.6666666666665,10610,nan,1.0,NO,,,
3536.6666666666665,10610,nan,1.0,NO,,,
3540.0,10620,nan,0.0,NO,,,
3540.0,10620,nan,0.0,NO,,,
3540.0,10620,nan,0.0,NO,,,
3540.0,10620,nan,0.0,NO,,,
3540.0,10620,nan,0.0,NO,,,
3540.0,10620,nan,0.0,NO,,,
3540.0,10620,nan,0.0,NO,,,
3540.0,10620,nan,0.0,NO,,,
3540.0,10620,nan,0.0,NO,,,
3540.0,10620,nan,0.0,NO,,,
3543.3333333333335,10630,nan,0.0,NO,,,
3543.3333333333335,10630,nan,0.0,NO,,,
3543.3333333333335,10630,nan,0.0,NO,,,
3543.3333333333335,10630,nan,0.0,NO,,,
3543.3333333333335,10630,nan,0.0,NO,,,
3543.3333333333335,10630,nan,0.0,NO,,,
3543.3333333333335,10630,nan,0.0,NO,,,
3543.3333333333335,10630,nan,0.0,NO,,,
3543.3333333333335,10630,nan,0.0,NO,,,
3543.3333333333335,10630,nan,0.0,NO,,,
3546.6666666666665,10640,nan,1.0,NO,,,
3546.6666666666665,10640,nan,1.0,NO,,,
3546.6666666666665,10640,nan,1.0,NO,,,
3546.6666666666665,10640,nan,1.0,NO,,,
3546.6666666666665,10640,nan,1.0,NO,,,
3546.6666666666665,10640,nan,1.0,NO,,,
3546.6666666666665,10640,nan,1.0,NO,,,
3546.6666666666665,10640,nan,1.0,NO,,,
3546.6666666666665,10640,nan,1.0,NO,,,
3546.6666666666665,10640,nan,1.0,NO,,,
3550.0,10650,nan,0.0,NO,,,
3550.0,10650,nan,0.0,NO,,,
3550.0,10650,nan,0.0,NO,,,
3550.0,10650,nan,0.0,NO,,,
3550.0,10650,nan,0.0,NO,,,
3550.0,10650,nan,0.0,NO,,,
3550.0,10650,nan,0.0,NO,,,
3550.0,10650,nan,0.0,NO,,,
3550.0,10650,nan,0.0,NO,,,
3550.0,10650,nan,0.0,NO,,,
3553.3333333333335,10660,nan,0.0,NO,,,
3553.3333333333335,10660,nan,0.0,NO,,,
3553.3333333333335,10660,nan,0.0,NO,,,
3553.3333333333335,10660,nan,0.0,NO,,,
3553.3333333333335,10660,nan,0.0,NO,,,
3553.3333333333335,10660,nan,0.0,NO,,,
3553.3333333333335,10660,nan,0.0,NO,,,
3553.3333333333335,10660,nan,0.0,NO,,,
3553.3333333333335,10660,nan,0.0,NO,,,
3553.3333333333335,10660,nan,0.0,NO,,,
3556.6666666666665,10670,nan,1.0,NO,,,
3556.6666666666665,10670,nan,1.0,NO,,,
3556.6666666666665,10670,nan,1.0,NO,,,
3556.6666666666665,10670,nan,1.0,NO,,,
3556.6666666666665,10670,nan,1.0,NO,,,
3556.6666666666665,10670,nan,1.0,NO,,,
3556.6666666666665,10670,nan,1.0,NO,,,
3556.6666666666665,10670,nan,1.0,NO,,,
3556.6666666666665,10670,nan,1.0,NO,,,
3556.6666666666665,10670,nan,1.0,NO,,,
3560.0,10680,nan,0.0,NO,,,
3560.0,10680,nan,0.0,NO,,,
3560.0,10680,nan,0.0,NO,,,
3560.0,10680,nan,0.0,NO,,,
3560.0,10680,nan,0.0,NO,,,
3560.0,10680,nan,0.0,NO,,,
3560.0,10680,nan,0.0,NO,,,
3560.0,10680,nan,0.0,NO,,,
3560.0,10680,nan,0.0,NO,,,
3560.0,10680,nan,0.0,NO,,,
3563.3333333333335,10690,nan,0.0,NO,,,
3563.3333333333335,10690,nan,0.0,NO,,,
3563.3333333333335,10690,nan,0.0,NO,,,
3563.3333333333335,10690,nan,0.0,NO,,,
3563.3333333333335,10690,nan,0.0,NO,,,
3563.3333333333335,10690,nan,0.0,NO,,,
3563.3333333333335,10690,nan,0.0,NO,,,
3563.3333333333335,10690,nan,0.0,NO,,,
3563.3333333333335,10690,nan,0.0,NO,,,
3563.3333333333335,10690,nan,0.0,NO,,,
3566.6666666666665,10700,nan,1.0,NO,,,
3566.6666666666665,10700,nan,1.0,NO,,,
3566.6666666666665,10700,nan,1.0,NO,,,
3566.6666666666665,10700,nan,1.0,NO,,,
3566.6666666666665,10700,nan,1.0,NO,,,
3566.6666666666665,10700,nan,1.0,NO,,,
3566.6666666666665,10700,nan,1.0,NO,,,
3566.6666666666665,10700,nan,1.0,NO,,,
3566.6666666666665,10700,nan,1.0,NO,,,
3566.6666666666665,10700,nan,1.0,NO,,,
3570.0,10710,nan,0.0,NO,,,
3570.0,10710,nan,0.0,NO,,,
3570.0,10710,nan,0.0,NO,,,
3570.0,10710,nan,0.0,NO,,,
3570.0,10710,nan,0.0,NO,,,
3570.0,10710,nan,0.0,NO,,,
3570.0,10710,nan,0.0,NO,,,
3570.0,10710,nan,0.0,NO,,,
3570.0,10710,nan,0.0,NO,,,
3570.0,10710,nan,0.0,NO,,,
3573.3333333333335,10720,nan,0.0,NO,,,
3573.3333333333335,10720,nan,0.0,NO,,,
3573.3333333333335,10720,nan,0.0,NO,,,
3573.3333333333335,10720,nan,0.0,NO,,,
3573.3333333333335,10720,nan,0.0,NO,,,
3573.3333333333335,10720,nan,0.0,NO,,,
3573.3333333333335,10720,nan,0.0,NO,,,
3573.3333333333335,10720,nan,0.0,NO,,,
3573.3333333333335,10720,nan,0.0,NO,,,
3573.3333333333335,10720,nan,0.0,NO,,,
3576.6666666666665,10730,nan,1.0,NO,,,
3576.6666666666665,10730,nan,1.0,NO,,,
3576.6666666666665,10730,nan,1.0,NO,,,
3576.6666666666665,10730,nan,1.0,NO,,,
3576.6666666666665,10730,nan,1.0,NO,,,
3576.6666666666665,10730,nan,1.0,NO,,,
3576.6666666666665,10730,nan,1.0,NO,,,
3576.6666666666665,10730,nan,1.0,NO,,,
3576.6666666666665,10730,nan,1.0,NO,,,
3576.6666666666665,10730,nan,1.0,NO,,,
3580.0,10740,nan,0.0,NO,,,
3580.0,10740,nan,0.0,NO,,,
3580.0,10740,nan,0.0,NO,,,
3580.0,10740,nan,0.0,NO,,,
3580.0,10740,nan,0.0,NO,,,
3580.0,10740,nan,0.0,NO,,,
3580.0,10740,nan,0.0,NO,,,
3580.0,10740,nan,0.0,NO,,,
3580.0,10740,nan,0.0,NO,,,
3580.0,10740,nan,0.0,NO,,,
3583.3333333333335,10750,nan,0.0,NO,,,
3583.3333333333335,10750,nan,0.0,NO,,,
3583.3333333333335,10750,nan,0.0,NO,,,
3583.3333333333335,10750,nan,0.0,NO,,,
3583.3333333333335,10750,nan,0.0,NO,,,
3583.3333333333335,10750,nan,0.0,NO,,,
3583.3333333333335,10750,nan,0.0,NO,,,
3583.3333333333335,10750,nan,0.0,NO,,,
3583.3333333333335,10750,nan,0.0,NO,,,
3583.3333333333335,10750,nan,0.0,NO,,,
3586.6666666666665,10760,nan,1.0,NO,,,
3586.6666666666665,10760,nan,1.0,NO,,,
3586.6666666666665,10760,nan,1.0,NO,,,
3586.6666666666665,10760,nan,1.0,NO,,,
3586.6666666666665,10760,nan,1.0,NO,,,
3586.6666666666665,10760,nan,1.0,NO,,,
3586.6666666666665,10760,nan,1.0,NO,,,
3586.6666666666665,10760,nan,1.0,NO,,,
3586.6666666666665,10760,nan,1.0,NO,,,
3586.6666666666665,10760,nan,1.0,NO,,,
3590.0,10770,nan,0.0,NO,,,
3590.0,10770,nan,0.0,NO,,,
3590.0,10770,nan,0.0,NO,,,
3590.0,10770,nan,0.0,NO,,,
3590.0,10770,nan,0.0,NO,,,
3590.0,10770,nan,0.0,NO,,,
3590.0,10770,nan,0.0,NO,,,
3590.0,10770,nan,0.0,NO,,,
3590.0,10770,nan,0.0,NO,,,
3590.0,10770,nan,0.0,NO,,,
3593.3333333333335,10780,nan,0.0,NO,,,
3593.3333333333335,10780,nan,0.0,NO,,,
3593.3333333333335,10780,nan,0.0,NO,,,
3593.3333333333335,10780,nan,0.0,NO,,,
3593.3333333333335,10780,nan,0.0,NO,,,
3593.3333333333335,10780,nan,0.0,NO,,,
3593.3333333333335,10780,nan,0.0,NO,,,
3593.3333333333335,10780,nan,0.0,NO,,,
3593.3333333333335,10780,nan,0.0,NO,,,
3593.3333333333335,10780,nan,0.0,NO,,,
3596.6666666666665,10790,nan,1.0,NO,,,
3596.6666666666665,10790,nan,1.0,NO,,,
3596.6666666666665,10790,nan,1.0,NO,,,
3596.6666666666665,10790,nan,1.0,NO,,,
3596.6666666666665,10790,nan,1.0,NO,,,
3596.6666666666665,10790,nan,1.0,NO,,,
3596.6666666666665,10790,nan,1.0,NO,,,
3596.6666666666665,10790,nan,1.0,NO,,,
3596.6666666666665,10790,nan,1.0,NO,,,
3596.6666666666665,10790,nan,1.0,YES,nan,0.2,
3600.0,10800,nan,0.0,NO,,,
3600.0,10800,nan,0.0,NO,,,
3600.0,10800,nan,0.0,NO,,,
3600.0,10800,nan,0.0,NO,,,
3600.0,10800,nan,0.0,NO,,,
3600.0,10800,nan,0.0,NO,,,
3600.0,10800,nan,0.0,NO,,,
3600.0,10800,nan,0.0,NO,,,
3600.0,10800,nan,0.0,NO,,,
3600.0,10800,nan,0.0,NO,,,
3603.3333333333335,10810,nan,0.0,NO,,,
3603.3333333333335,10810,nan,0.0,NO,,,
3603.3333333333335,10810,nan,0.0,NO,,,
3603.3333333333335,10810,nan,0.0,NO,,,
3603.3333333333335,10810,nan,0.0,NO,,,
3603.3333333333335,10810,nan,0.0,NO,,,
3603.3333333333335,10810,nan,0.0,NO,,,
3603.3333333333335,10810,nan,0.0,NO,,,
3603.3333333333335,10810,nan,0.0,NO,,,
3603.3333333333335,10810,nan,0.0,NO,,,
3606.6666666666665,10820,nan,1.0,NO,,,
3606.6666666666665,10820,nan,1.0,NO,,,
3606.6666666666665,10820,nan,1.0,NO,,,
3606.6666666666665,10820,nan,1.0,NO,,,
3606.6666666666665,10820,nan,1.0,NO,,,
3606.6666666666665,10820,nan,1.0,NO,,,
3606.6666666666665,10820,nan,1.0,NO,,,
3606.6666666666665,10820,nan,1.0,NO,,,
3606.6666666666665,10820,nan,1.0,NO,,,
3606.6666666666665,10820,nan,1.0,NO,,,
3610.0,10830,nan,0.0,NO,,,
3610.0,10830,nan,0.0,NO,,,
3610.0,10830,nan,0.0,NO,,,
3610.0,10830,nan,0.0,NO,,,
3610.0,10830,nan,0.0,NO,,,
3610.0,10830,nan,0.0,NO,,,
3610.0,10830,nan,0.0,NO,,,
3610.0,10830,nan,0.0,NO,,,
3610.0,10830,nan,0.0,NO,,,
3610.0,10830,nan,0.0,NO,,,
3613.3333333333335,10840,nan,0.0,NO,,,
3613.3333333333335,10840,nan,0.0,NO,,,
3613.3333333333335,10840,nan,0.0,NO,,,
3613.3333333333335,10840,nan,0.0,NO,,,
3613.3333333333335,10840,nan,0.0,NO,,,
3613.3333333333335,10840,nan,0.0,NO,,,
3613.3333333333335,10840,nan,0.0,NO,,,
3613.3333333333335,10840,nan,0.0,NO,,,
3613.3333333333335,10840,nan,0.0,NO,,,
3613.3333333333335,10840,nan,0.0,NO,,,
3616.6666666666665,10850,nan,1.0,NO,,,
3616.6666666666665,10850,nan,1.0,NO,,,
3616.6666666666665,10850,nan,1.0,NO,,,
3616.6666666666665,10850,nan,1.0,NO,,,
3616.6666666666665,10850,nan,1.0,NO,,,
3616.6666666666665,10850,nan,1.0,NO,,,
3616.6666666666665,10850,nan,1.0,NO,,,
3616.6666666666665,10850,nan,1.0,NO,,,
3616.6666666666665,10850,nan,1.0,NO,,,
3616.6666666666665,10850,nan,1.0,NO,,,
3620.0,10860,nan,0.0,NO,,,
3620.0,10860,nan,0.0,NO,,,
3620.0,10860,nan,0.0,NO,,,
3620.0,10860,nan,0.0,NO,,,
3620.0,10860,nan,0.0,NO,,,
3620.0,10860,nan,0.0,NO,,,
3620.0,10860,nan,0.0,NO,,,
3620.0,10860,nan,0.0,NO,,,
3620.0,10860,nan,0.0,NO,,,
3620.0,10860,nan,0.0,NO,,,
3623.3333333333335,10870,nan,0.0,NO,,,
3623.3333333333335,10870,nan,0.0,NO,,,
3623.3333333333335,10870,nan,0.0,NO,,,
3623.3333333333335,10870,nan,0.0,NO,,,
3623.3333333333335,10870,nan,0.0,NO,,,
3623.3333333333335,10870,nan,0.0,NO,,,
3623.3333333333335,10870,nan,0.0,NO,,,
3623.3333333333335,10870,nan,0.0,NO,,,
3623.3333333333335,10870,nan,0.0,NO,,,
3623.3333333333335,10870,nan,0.0,NO,,,
3626.6666666666665,10880,nan,1.0,NO,,,
3626.6666666666665,10880,nan,1.0,NO,,,
3626.6666666666665,10880,nan,1.0,NO,,,
3626.6666666666665,10880,nan,1.0,NO,,,
3626.6666666666665,10880,nan,1.0,NO,,,
3626.6666666666665,10880,nan,1.0,NO,,,
3626.6666666666665,10880,nan,1.0,NO,,,
3626.6666666666665,10880,nan,1.0,NO,,,
3626.6666666666665,10880,nan,1.0,NO,,,
3626.6666666666665,10880,nan,1.0,NO,,,
3630.0,10890,nan,0.0,NO,,,
3630.0,10890,nan,0.0,NO,,,
3630.0,10890,nan,0.0,NO,,,
3630.0,10890,nan,0.0,NO,,,
3630.0,10890,nan,0.0,NO,,,
3630.0,10890,nan,0.0,NO,,,
3630.0,10890,nan,0.0,NO,,,
3630.0,10890,nan,0.0,NO,,,
3630.0,10890,nan,0.0,NO,,,
3630.0,10890,nan,0.0,NO,,,
3633.3333333333335,10900,nan,0.0,NO,,,
3633.3333333333335,10900,nan,0.0,NO,,,
3633.3333333333335,10900,nan,0.0,NO,,,
3633.3333333333335,10900,nan,0.0,NO,,,
3633.3333333333335,10900,nan,0.0,NO,,,
3633.3333333333335,10900,nan,0.0,NO,,,
3633.3333333333335,10900,nan,0.0,NO,,,
3633.3333333333335,10900,nan,0.0,NO,,,
3633.3333333333335,10900,nan,0.0,NO,,,
3633.3333333333335,10900,nan,0.0,NO,,,
3636.6666666666665,10910,nan,1.0,NO,,,
3636.6666666666665,10910,nan,1.0,NO,,,
3636.6666666666665,10910,nan,1.0,NO,,,
3636.6666666666665,10910,nan,1.0,NO,,,
3636.6666666666665,10910,nan,1.0,NO,,,
3636.6666666666665,10910,nan,1.0,NO,,,
3636.6666666666665,10910,nan,1.0,NO,,,
3636.6666666666665,10910,nan,1.0,NO,,,
3636.6666666666665,10910,nan,1.0,NO,,,
3636.6666666666665,10910,nan,1.0,NO,,,
3640.0,10920,nan,0.0,NO,,,
3640.0,10920,nan,0.0,NO,,,
3640.0,10920,nan,0.0,NO,,,
3640.0,10920,nan,0.0,NO,,,
3640.0,10920,nan,0.0,NO,,,
3640.0,10920,nan,0.0,NO,,,
3640.0,10920,nan,0.0,NO,,,
3640.0,10920,nan,0.0,NO,,,
3640.0,10920,nan,0.0,NO,,,
3640.0,10920,nan,0.0,NO,,,
3643.3333333333335,10930,nan,0.0,NO,,,
3643.3333333333335,10930,nan,0.0,NO,,,
3643.3333333333335,10930,nan,0.0,NO,,,
3643.3333333333335,10930,nan,0.0,NO,,,
3643.3333333333335,10930,nan,0.0,NO,,,
3643.3333333333335,10930,nan,0.0,NO,,,
3643.3333333333335,10930,nan,0.0,NO,,,
3643.3333333333335,10930,nan,0.0,NO,,,
3643.3333333333335,10930,nan,0.0,NO,,,
3643.3333333333335,10930,nan,0.0,NO,,,
3646.6666666666665,10940,nan,1.0,NO,,,
3646.6666666666665,10940,nan,1.0,NO,,,
3646.6666666666665,10940,nan,1.0,NO,,,
3646.6666666666665,10940,nan,1.0,NO,,,
3646.6666666666665,10940,nan,1.0,NO,,,
3646.6666666666665,10940,nan,1.0,NO,,,
3646.6666666666665,10940,nan,1.0,NO,,,
3646.6666666666665,10940,nan,1.0,NO,,,
3646.6666666666665,10940,nan,1.0,NO,,,
3646.6666666666665,10940,nan,1.0,NO,,,
3650.0,10950,nan,0.0,NO,,,
3650.0,10950,nan,0.0,NO,,,
3650.0,10950,nan,0.0,NO,,,
3650.0,10950,nan,0.0,NO,,,
3650.0,10950,nan,0.0,NO,,,
3650.0,10950,nan,0.0,NO,,,
3650.0,10950,nan,0.0,NO,,,
3650.0,10950,nan,0.0,NO,,,
3650.0,10950,nan,0.0,NO,,,
3650.0,10950,nan,0.0,NO,,,
3653.3333333333335,10960,nan,0.0,NO,,,
3653.3333333333335,10960,nan,0.0,NO,,,
3653.3333333333335,10960,nan,0.0,NO,,,
3653.3333333333335,10960,nan,0.0,NO,,,
3653.3333333333335,10960,nan,0.0,NO,,,
3653.3333333333335,10960,nan,0.0,NO,,,
3653.3333333333335,10960,nan,0.0,NO,,,
3653.3333333333335,10960,nan,0.0,NO,,,
3653.3333333333335,10960,nan,0.0,NO,,,
3653.3333333333335,10960,nan,0.0,NO,,,
3656.6666666666665,10970,nan,1.0,NO,,,
3656.6666666666665,10970,nan,1.0,NO,,,
3656.6666666666665,10970,nan,1.0,NO,,,
3656.6666666666665,10970,nan,1.0,NO,,,
3656.6666666666665,10970,nan,1.0,NO,,,
3656.6666666666665,10970,nan,1.0,NO,,,
3656.6666666666665,10970,nan,1.0,NO,,,
3656.6666666666665,10970,nan,1.0,NO,,,
3656.6666666666665,10970,nan,1.0,NO,,,
3656.6666666666665,10970,nan,1.0,NO,,,
3660.0,10980,nan,0.0,NO,,,
3660.0,10980,nan,0.0,NO,,,
3660.0,10980,nan,0.0,NO,,,
3660.0,10980,nan,0.0,NO,,,
3660.0,10980,nan,0.0,NO,,,
3660.0,10980,nan,0.0,NO,,,
3660.0,10980,nan,0.0,NO,,,
3660.0,10980,nan,0.0,NO,,,
3660.0,10980,nan,0.0,NO,,,
3660.0,10980,nan,0.0,NO,,,
3663.3333333333335,10990,nan,0.0,NO,,,
3663.3333333333335,10990,nan,0.0,NO,,,
3663.3333333333335,10990,nan,0.0,NO,,,
3663.3333333333335,10990,nan,0.0,NO,,,
3663.3333333333335,10990,nan,0.0,NO,,,
3663.3333333333335,10990,nan,0.0,NO,,,
3663.3333333333335,10990,nan,0.0,NO,,,
3663.3333333333335,10990,nan,0.0,NO,,,
3663.3333333333335,10990,nan,0.0,NO,,,
3663.3333333333335,10990,nan,0.0,YES,nan,0.2,
3666.6666666666665,11000,nan,1.0,NO,,,
3666.6666666666665,11000,nan,1.0,NO,,,
3666.6666666666665,11000,nan,1.0,NO,,,
3666.6666666666665,11000,nan,1.0,NO,,,
3666.6666666666665,11000,nan,1.0,NO,,,
3666.6666666666665,11000,nan,1.0,NO,,,
3666.6666666666665,11000,nan,1.0,NO,,,
3666.6666666666665,11000,nan,1.0,NO,,,
3666.6666666666665,11000,nan,1.0,NO,,,
3666.6666666666665,11000,nan,1.0,NO,,,
3670.0,11010,nan,0.0,NO,,,
3670.0,11010,nan,0.0,NO,,,
3670.0,11010,nan,0.0,NO,,,
3670.0,11010,nan,0.0,NO,,,
3670.0,11010,nan,0.0,NO,,,
3670.0,11010,nan,0.0,NO,,,
3670.0,11010,nan,0.0,NO,,,
3670.0,11010,nan,0.0,NO,,,
3670.0,11010,nan,0.0,NO,,,
3670.0,11010,nan,0.0,NO,,,
3673.3333333333335,11020,nan,0.0,NO,,,
3673.3333333333335,11020,nan,0.0,NO,,,
3673.3333333333335,11020,nan,0.0,NO,,,
3673.3333333333335,11020,nan,0.0,NO,,,
3673.3333333333335,11020,nan,0.0,NO,,,
3673.3333333333335,11020,nan,0.0,NO,,,
3673.3333333333335,11020,nan,0.0,NO,,,
3673.3333333333335,11020,nan,0.0,NO,,,
3673.3333333333335,11020,nan,0.0,NO,,,
3673.3333333333335,11020,nan,0.0,NO,,,
3676.6666666666665,11030,nan,1.0,NO,,,
3676.6666666666665,11030,nan,1.0,NO,,,
3676.6666666666665,11030,nan,1.0,NO,,,
3676.6666666666665,11030,nan,1.0,NO,,,
3676.6666666666665,11030,nan,1.0,NO,,,
3676.6666666666665,11030,nan,1.0,NO,,,
3676.6666666666665,11030,nan,1.0,NO,,,
3676.6666666666665,11030,nan,1.0,NO,,,
3676.6666666666665,11030,nan,1.0,NO,,,
3676.6666666666665,11030,nan,1.0,NO,,,
3680.0,11040,nan,0.0,NO,,,
3680.0,11040,nan,0.0,NO,,,
3680.0,11040,nan,0.0,NO,,,
3680.0,11040,nan,0.0,NO,,,
3680.0,11040,nan,0.0,NO,,,
3680.0,11040,nan,0.0,NO,,,
3680.0,11040,nan,0.0,NO,,,
3680.0,11040,nan,0.0,NO,,,
3680.0,11040,nan,0.0,NO,,,
3680.0,11040,nan,0.0,NO,,,
3683.3333333333335,11050,nan,0.0,NO,,,
3683.3333333333335,11050,nan,0.0,NO,,,
3683.3333333333335,11050,nan,0.0,NO,,,
3683.3333333333335,11050,nan,0.0,NO,,,
3683.3333333333335,11050,nan,0.0,NO,,,
3683.3333333333335,11050,nan,0.0,NO,,,
3683.3333333333335,11050,nan,0.0,NO,,,
3683.3333333333335,11050,nan,0.0,NO,,,
3683.3333333333335,11050,nan,0.0,NO,,,
3683.3333333333335,11050,nan,0.0,NO,,,
3686.6666666666665,11060,nan,1.0,NO,,,
3686.6666666666665,11060,nan,1.0,NO,,,
3686.6666666666665,11060,nan,1.0,NO,,,
3686.6666666666665,11060,nan,1.0,NO,,,
3686.6666666666665,11060,nan,1.0,NO,,,
3686.6666666666665,11060,nan,1.0,NO,,,
3686.6666666666665,11060,nan,1.0,NO,,,
3686.6666666666665,11060,nan,1.0,NO,,,
3686.6666666666665,11060,nan,1.0,NO,,,
3686.6666666666665,11060,nan,1.0,NO,,,
3690.0,11070,nan,0.0,NO,,,
3690.0,11070,nan,0.0,NO,,,
3690.0,11070,nan,0.0,NO,,,
3690.0,11070,nan,0.0,NO,,,
3690.0,11070,nan,0.0,NO,,,
3690.0,11070,nan,0.0,NO,,,
3690.0,11070,nan,0.0,NO,,,
3690.0,11070,nan,0.0,NO,,,
3690.0,11070,nan,0.0,NO,,,
3690.0,11070,nan,0.0,NO,,,
3693.3333333333335,11080,nan,0.0,NO,,,
3693.3333333333335,11080,nan,0.0,NO,,,
3693.3333333333335,11080,nan,0.0,NO,,,
3693.3333333333335,11080,nan,0.0,NO,,,
3693.3333333333335,11080,nan,0.0,NO,,,
3693.3333333333335,11080,nan,0.0,NO,,,
3693.3333333333335,11080,nan,0.0,NO,,,
3693.3333333333335,11080,nan,0.0,NO,,,
3693.3333333333335,11080,nan,0.0,NO,,,
3693.3333333333335,11080,nan,0.0,NO,,,
3696.6666666666665,11090,nan,1.0,NO,,,
3696.6666666666665,11090,nan,1.0,NO,,,
3696.6666666666665,11090,nan,1.0,NO,,,
3696.6666666666665,11090,nan,1.0,NO,,,
3696.6666666666665,11090,nan,1.0,NO,,,
3696.6666666666665,11090,nan,1.0,NO,,,
3696.6666666666665,11090,nan,1.0,NO,,,
3696.6666666666665,11090,nan,1.0,NO,,,
3696.6666666666665,11090,nan,1.0,NO,,,
3696.6666666666665,11090,nan,1.0,NO,,,
3700.0,11100,nan,0.0,NO,,,
3700.0,11100,nan,0.0,NO,,,
3700.0,11100,nan,0.0,NO,,,
3700.0,11100,nan,0.0,NO,,,
3700.0,11100,nan,0.0,NO,,,
3700.0,11100,nan,0.0,NO,,,
3700.0,11100,nan,0.0,NO,,,
3700.0,11100,nan,0.0,NO,,,
3700.0,11100,nan,0.0,NO,,,
3700.0,11100,nan,0.0,NO,,,
3703.3333333333335,11110,nan,0.0,NO,,,
3703.3333333333335,11110,nan,0.0,NO,,,
3703.3333333333335,11110,nan,0.0,NO,,,
3703.3333333333335,11110,nan,0.0,NO,,,
3703.3333333333335,11110,nan,0.0,NO,,,
3703.3333333333335,11110,nan,0.0,NO,,,
3703.3333333333335,11110,nan,0.0,NO,,,
3703.3333333333335,11110,nan,0.0,NO,,,
3703.3333333333335,11110,nan,0.0,NO,,,
3703.3333333333335,11110,nan,0.0,NO,,,
3706.6666666666665,11120,nan,1.0,NO,,,
3706.6666666666665,11120,nan,1.0,NO,,,
3706.6666666666665,11120,nan,1.0,NO,,,
3706.6666666666665,11120,nan,1.0,NO,,,
3706.6666666666665,11120,nan,1.0,NO,,,
3706.6666666666665,11120,nan,1.0,NO,,,
3706.6666666666665,11120,nan,1.0,NO,,,
3706.6666666666665,11120,nan,1.0,NO,,,
3706.6666666666665,11120,nan,1.0,NO,,,
3706.6666666666665,11120,nan,1.0,NO,,,
3710.0,11130,nan,0.0,NO,,,
3710.0,11130,nan,0.0,NO,,,
3710.0,11130,nan,0.0,NO,,,
3710.0,11130,nan,0.0,NO,,,
3710.0,11130,nan,0.0,NO,,,
3710.0,11130,nan,0.0,NO,,,
3710.0,11130,nan,0.0,NO,,,
3710.0,11130,nan,0.0,NO,,,
3710.0,11130,nan,0.0,NO,,,
3710.0,11130,nan,0.0,NO,,,
3713.3333333333335,11140,nan,0.0,NO,,,
3713.3333333333335,11140,nan,0.0,NO,,,
3713.3333333333335,11140,nan,0.0,NO,,,
3713.3333333333335,11140,nan,0.0,NO,,,
3713.3333333333335,11140,nan,0.0,NO,,,
3713.3333333333335,11140,nan,0.0,NO,,,
3713.3333333333335,11140,nan,0.0,NO,,,
3713.3333333333335,11140,nan,0.0,NO,,,
3713.3333333333335,11140,nan,0.0,NO,,,
3713.3333333333335,11140,nan,0.0,NO,,,
3716.6666666666665,11150,nan,1.0,NO,,,
3716.6666666666665,11150,nan,1.0,NO,,,
3716.6666666666665,11150,nan,1.0,NO,,,
3716.6666666666665,11150,nan,1.0,NO,,,
3716.6666666666665,11150,nan,1.0,NO,,,
3716.6666666666665,11150,nan,1.0,NO,,,
3716.6666666666665,11150,nan,1.0,NO,,,
3716.6666666666665,11150,nan,1.0,NO,,,
3716.6666666666665,11150,nan,1.0,NO,,,
3716.6666666666665,11150,nan,1.0,NO,,,
3720.0,11160,nan,0.0,NO,,,
3720.0,11160,nan,0.0,NO,,,
3720.0,11160,nan,0.0,NO,,,
3720.0,11160,nan,0.0,NO,,,
3720.0,11160,nan,0.0,NO,,,
3720.0,11160,nan,0.0,NO,,,
3720.0,11160,nan,0.0,NO,,,
3720.0,11160,nan,0.0,NO,,,
3720.0,11160,nan,0.0,NO,,,
3720.0,11160,nan,0.0,NO,,,
3723.3333333333335,11170,nan,0.0,NO,,,
3723.3333333333335,11170,nan,0.0,NO,,,
3723.3333333333335,11170,nan,0.0,NO,,,
3723.3333333333335,11170,nan,0.0,NO,,,
3723.3333333333335,11170,nan,0.0,NO,,,
3723.3333333333335,11170,nan,0.0,NO,,,
3723.3333333333335,11170,nan,0.0,NO,,,
3723.3333333333335,11170,nan,0.0,NO,,,
3723.3333333333335,11170,nan,0.0,NO,,,
3723.3333333333335,11170,nan,0.0,NO,,,
3726.6666666666665,11180,nan,1.0,NO,,,
3726.6666666666665,11180,nan,1.0,NO,,,
3726.6666666666665,11180,nan,1.0,NO,,,
3726.6666666666665,11180,nan,1.0,NO,,,
3726.6666666666665,11180,nan,1.0,NO,,,
3726.6666666666665,11180,nan,1.0,NO,,,
3726.6666666666665,11180,nan,1.0,NO,,,
3726.6666666666665,11180,nan,1.0,NO,,,
3726.6666666666665,11180,nan,1.0,NO,,,
3726.6666666666665,11180,nan,1.0,NO,,,
3730.0,11190,nan,0.0,NO,,,
3730.0,11190,nan,0.0,NO,,,
3730.0,11190,nan,0.0,NO,,,
3730.0,11190,nan,0.0,NO,,,
3730.0,11190,nan,0.0,NO,,,
3730.0,11190,nan,0.0,NO,,,
3730.0,11190,nan,0.0,NO,,,
3730.0,11190,nan,0.0,NO,,,
3730.0,11190,nan,0.0,NO,,,
3730.0,11190,nan,0.0,YES,nan,0.2,
3733.3333333333335,11200,nan,0.0,NO,,,
3733.3333333333335,11200,nan,0.0,NO,,,
3733.3333333333335,11200,nan,0.0,NO,,,
3733.3333333333335,11200,nan,0.0,NO,,,
3733.3333333333335,11200,nan,0.0,NO,,,
3733.3333333333335,11200,nan,0.0,NO,,,
3733.3333333333335,11200,nan,0.0,NO,,,
3733.3333333333335,11200,nan,0.0,NO,,,
3733.3333333333335,11200,nan,0.0,NO,,,
3733.3333333333335,11200,nan,0.0,NO,,,
3736.6666666666665,11210,nan,1.0,NO,,,
3736.6666666666665,11210,nan,1.0,NO,,,
3736.6666666666665,11210,nan,1.0,NO,,,
3736.6666666666665,11210,nan,1.0,NO,,,
3736.6666666666665,11210,nan,1.0,NO,,,
3736.6666666666665,11210,nan,1.0,NO,,,
3736.6666666666665,11210,nan,1.0,NO,,,
3736.6666666666665,11210,nan,1.0,NO,,,
3736.6666666666665,11210,nan,1.0,NO,,,
3736.6666666666665,11210,nan,1.0,NO,,,
3740.0,11220,nan,0.0,NO,,,
3740.0,11220,nan,0.0,NO,,,
3740.0,11220,nan,0.0,NO,,,
3740.0,11220,nan,0.0,NO,,,
3740.0,11220,nan,0.0,NO,,,
3740.0,11220,nan,0.0,NO,,,
3740.0,11220,nan,0.0,NO,,,
3740.0,11220,nan,0.0,NO,,,
3740.0,11220,nan,0.0,NO,,,
3740.0,11220,nan,0.0,NO,,,
3743.3333333333335,11230,nan,0.0,NO,,,
3743.3333333333335,11230,nan,0.0,NO,,,
3743.3333333333335,11230,nan,0.0,NO,,,
3743.3333333333335,11230,nan,0.0,NO,,,
3743.3333333333335,11230,nan,0.0,NO,,,
3743.3333333333335,11230,nan,0.0,NO,,,
3743.3333333333335,11230,nan,0.0,NO,,,
3743.3333333333335,11230,nan,0.0,NO,,,
3743.3333333333335,11230,nan,0.0,NO,,,
3743.3333333333335,11230,nan,0.0,NO,,,
3746.6666666666665,11240,nan,1.0,NO,,,
3746.6666666666665,11240,nan,1.0,NO,,,
3746.6666666666665,11240,nan,1.0,NO,,,
3746.6666666666665,11240,nan,1.0,NO,,,
3746.6666666666665,11240,nan,1.0,NO,,,
3746.6666666666665,11240,nan,1.0,NO,,,
3746.6666666666665,11240,nan,1.0,NO,,,
3746.6666666666665,11240,nan,1.0,NO,,,
3746.6666666666665,11240,nan,1.0,NO,,,
3746.6666666666665,11240,nan,1.0,NO,,,
3750.0,11250,nan,0.0,NO,,,
3750.0,11250,nan,0.0,NO,,,
3750.0,11250,nan,0.0,NO,,,
3750.0,11250,nan,0.0,NO,,,
3750.0,11250,nan,0.0,NO,,,
3750.0,11250,nan,0.0,NO,,,
3750.0,11250,nan,0.0,NO,,,
3750.0,11250,nan,0.0,NO,,,
3750.0,11250,nan,0.0,NO,,,
3750.0,11250,nan,0.0,NO,,,
3753.3333333333335,11260,nan,0.0,NO,,,
3753.3333333333335,11260,nan,0.0,NO,,,
3753.3333333333335,11260,nan,0.0,NO,,,
3753.3333333333335,11260,nan,0.0,NO,,,
3753.3333333333335,11260,nan,0.0,NO,,,
3753.3333333333335,11260,nan,0.0,NO,,,
3753.3333333333335,11260,nan,0.0,NO,,,
3753.3333333333335,11260,nan,0.0,NO,,,
3753.3333333333335,11260,nan,0.0,NO,,,
3753.3333333333335,11260,nan,0.0,NO,,,
3756.6666666666665,11270,nan,1.0,NO,,,
3756.6666666666665,11270,nan,1.0,NO,,,
3756.6666666666665,11270,nan,1.0,NO,,,
3756.6666666666665,11270,nan,1.0,NO,,,
3756.6666666666665,11270,nan,1.0,NO,,,
3756.6666666666665,11270,nan,1.0,NO,,,
3756.6666666666665,11270,nan,1.0,NO,,,
3756.6666666666665,11270,nan,1.0,NO,,,
3756.6666666666665,11270,nan,1.0,NO,,,
3756.6666666666665,11270,nan,1.0,NO,,,
3760.0,11280,nan,0.0,NO,,,
3760.0,11280,nan,0.0,NO,,,
3760.0,11280,nan,0.0,NO,,,
3760.0,11280,nan,0.0,NO,,,
3760.0,11280,nan,0.0,NO,,,
3760.0,11280,nan,0.0,NO,,,
3760.0,11280,nan,0.0,NO,,,
3760.0,11280,nan,0.0,NO,,,
3760.0,11280,nan,0.0,NO,,,
3760.0,11280,nan,0.0,NO,,,
3763.3333333333335,11290,nan,0.0,NO,,,
3763.3333333333335,11290,nan,0.0,NO,,,
3763.3333333333335,11290,nan,0.0,NO,,,
3763.3333333333335,11290,nan,0.0,NO,,,
3763.3333333333335,11290,nan,0.0,NO,,,
3763.3333333333335,11290,nan,0.0,NO,,,
3763.3333333333335,11290,nan,0.0,NO,,,
3763.3333333333335,11290,nan,0.0,NO,,,
3763.3333333333335,11290,nan,0.0,NO,,,
3763.3333333333335,11290,nan,0.0,NO,,,
3766.6666666666665,11300,nan,1.0,NO,,,
3766.6666666666665,11300,nan,1.0,NO,,,
3766.6666666666665,11300,nan,1.0,NO,,,
3766.6666666666665,11300,nan,1.0,NO,,,
3766.6666666666665,11300,nan,1.0,NO,,,
3766.6666666666665,11300,nan,1.0,NO,,,
3766.6666666666665,11300,nan,1.0,NO,,,
3766.6666666666665,11300,nan,1.0,NO,,,
3766.6666666666665,11300,nan,1.0,NO,,,
3766.6666666666665,11300,nan,1.0,NO,,,
3770.0,11310,nan,0.0,NO,,,
3770.0,11310,nan,0.0,NO,,,
3770.0,11310,nan,0.0,NO,,,
3770.0,11310,nan,0.0,NO,,,
3770.0,11310,nan,0.0,NO,,,
3770.0,11310,nan,0.0,NO,,,
3770.0,11310,nan,0.0,NO,,,
3770.0,11310,nan,0.0,NO,,,
3770.0,11310,nan,0.0,NO,,,
3770.0,11310,nan,0.0,NO,,,
3773.3333333333335,11320,nan,0.0,NO,,,
3773.3333333333335,11320,nan,0.0,NO,,,
3773.3333333333335,11320,nan,0.0,NO,,,
3773.3333333333335,11320,nan,0.0,NO,,,
3773.3333333333335,11320,nan,0.0,NO,,,
3773.3333333333335,11320,nan,0.0,NO,,,
3773.3333333333335,11320,nan,0.0,NO,,,
3773.3333333333335,11320,nan,0.0,NO,,,
3773.3333333333335,11320,nan,0.0,NO,,,
3773.3333333333335,11320,nan,0.0,NO,,,
3776.6666666666665,11330,nan,1.0,NO,,,
3776.6666666666665,11330,nan,1.0,NO,,,
3776.6666666666665,11330,nan,1.0,NO,,,
3776.6666666666665,11330,nan,1.0,NO,,,
3776.6666666666665,11330,nan,1.0,NO,,,
3776.6666666666665,11330,nan,1.0,NO,,,
3776.6666666666665,11330,nan,1.0,NO,,,
3776.6666666666665,11330,nan,1.0,NO,,,
3776.6666666666665,11330,nan,1.0,NO,,,
3776.6666666666665,11330,nan,1.0,NO,,,
3780.0,11340,nan,0.0,NO,,,
3780.0,11340,nan,0.0,NO,,,
3780.0,11340,nan,0.0,NO,,,
3780.0,11340,nan,0.0,NO,,,
3780.0,11340,nan,0.0,NO,,,
3780.0,11340,nan,0.0,NO,,,
3780.0,11340,nan,0.0,NO,,,
3780.0,11340,nan,0.0,NO,,,
3780.0,11340,nan,0.0,NO,,,
3780.0,11340,nan,0.0,NO,,,
3783.3333333333335,11350,nan,0.0,NO,,,
3783.3333333333335,11350,nan,0.0,NO,,,
3783.3333333333335,11350,nan,0.0,NO,,,
3783.3333333333335,11350,nan,0.0,NO,,,
3783.3333333333335,11350,nan,0.0,NO,,,
3783.3333333333335,11350,nan,0.0,NO,,,
3783.3333333333335,11350,nan,0.0,NO,,,
3783.3333333333335,11350,nan,0.0,NO,,,
3783.3333333333335,11350,nan,0.0,NO,,,
3783.3333333333335,11350,nan,0.0,NO,,,
3786.6666666666665,11360,nan,1.0,NO,,,
3786.6666666666665,11360,nan,1.0,NO,,,
3786.6666666666665,11360,nan,1.0,NO,,,
3786.6666666666665,11360,nan,1.0,NO,,,
3786.6666666666665,11360,nan,1.0,NO,,,
3786.6666666666665,11360,nan,1.0,NO,,,
3786.6666666666665,11360,nan,1.0,NO,,,
3786.6666666666665,11360,nan,1.0,NO,,,
3786.6666666666665,11360,nan,1.0,NO,,,
3786.6666666666665,11360,nan,1.0,NO,,,
3790.0,11370,nan,0.0,NO,,,
3790.0,11370,nan,0.0,NO,,,
3790.0,11370,nan,0.0,NO,,,
3790.0,11370,nan,0.0,NO,,,
3790.0,11370,nan,0.0,NO,,,
3790.0,11370,nan,0.0,NO,,,
3790.0,11370,nan,0.0,NO,,,
3790.0,11370,nan,0.0,NO,,,
3790.0,11370,nan,0.0,NO,,,
3790.0,11370,nan,0.0,NO,,,
3793.3333333333335,11380,nan,0.0,NO,,,
3793.3333333333335,11380,nan,0.0,NO,,,
3793.3333333333335,11380,nan,0.0,NO,,,
3793.3333333333335,11380,nan,0.0,NO,,,
3793.3333333333335,11380,nan,0.0,NO,,,
3793.3333333333335,11380,nan,0.0,NO,,,
3793.3333333333335,11380,nan,0.0,NO,,,
3793.3333333333335,11380,nan,0.0,NO,,,
3793.3333333333335,11380,nan,0.0,NO,,,
3793.3333333333335,11380,nan,0.0,NO,,,
3796.6666666666665,11390,nan,1.0,NO,,,
3796.6666666666665,11390,nan,1.0,NO,,,
3796.6666666666665,11390,nan,1.0,NO,,,
3796.6666666666665,11390,nan,1.0,NO,,,
3796.6666666666665,11390,nan,1.0,NO,,,
3796.6666666666665,11390,nan,1.0,NO,,,
3796.6666666666665,11390,nan,1.0,NO,,,
3796.6666666666665,11390,nan,1.0,NO,,,
3796.6666666666665,11390,nan,1.0,NO,,,
3796.6666666666665,11390,nan,1.0,YES,nan,0.2,
3800.0,11400,nan,0.0,NO,,,
3800.0,11400,nan,0.0,NO,,,
3800.0,11400,nan,0.0,NO,,,
3800.0,11400,nan,0.0,NO,,,
3800.0,11400,nan,0.0,NO,,,
3800.0,11400,nan,0.0,NO,,,
3800.0,11400,nan,0.0,NO,,,
3800.0,11400,nan,0.0,NO,,,
3800.0,11400,nan,0.0,NO,,,
3800.0,11400,nan,0.0,NO,,,
3803.3333333333335,11410,nan,0.0,NO,,,
3803.3333333333335,11410,nan,0.0,NO,,,
3803.3333333333335,11410,nan,0.0,NO,,,
3803.3333333333335,11410,nan,0.0,NO,,,
3803.3333333333335,11410,nan,0.0,NO,,,
3803.3333333333335,11410,nan,0.0,NO,,,
3803.3333333333335,11410,nan,0.0,NO,,,
3803.3333333333335,11410,nan,0.0,NO,,,
3803.3333333333335,11410,nan,0.0,NO,,,
3803.3333333333335,11410,nan,0.0,NO,,,
3806.6666666666665,11420,nan,1.0,NO,,,
3806.6666666666665,11420,nan,1.0,NO,,,
3806.6666666666665,11420,nan,1.0,NO,,,
3806.6666666666665,11420,nan,1.0,NO,,,
3806.6666666666665,11420,nan,1.0,NO,,,
3806.6666666666665,11420,nan,1.0,NO,,,
3806.6666666666665,11420,nan,1.0,NO,,,
3806.6666666666665,11420,nan,1.0,NO,,,
3806.6666666666665,11420,nan,1.0,NO,,,
3806.6666666666665,11420,nan,1.0,NO,,,
3810.0,11430,nan,0.0,NO,,,
3810.0,11430,nan,0.0,NO,,,
3810.0,11430,nan,0.0,NO,,,
3810.0,11430,nan,0.0,NO,,,
3810.0,11430,nan,0.0,NO,,,
3810.0,11430,nan,0.0,NO,,,
3810.0,11430,nan,0.0,NO,,,
3810.0,11430,nan,0.0,NO,,,
3810.0,11430,nan,0.0,NO,,,
3810.0,11430,nan,0.0,NO,,,
3813.3333333333335,11440,nan,0.0,NO,,,
3813.3333333333335,11440,nan,0.0,NO,,,
3813.3333333333335,11440,nan,0.0,NO,,,
3813.3333333333335,11440,nan,0.0,NO,,,
3813.3333333333335,11440,nan,0.0,NO,,,
3813.3333333333335,11440,nan,0.0,NO,,,
3813.3333333333335,11440,nan,0.0,NO,,,
3813.3333333333335,11440,nan,0.0,NO,,,
3813.3333333333335,11440,nan,0.0,NO,,,
3813.3333333333335,11440,nan,0.0,NO,,,
3816.6666666666665,11450,nan,1.0,NO,,,
3816.6666666666665,11450,nan,1.0,NO,,,
3816.6666666666665,11450,nan,1.0,NO,,,
3816.6666666666665,11450,nan,1.0,NO,,,
3816.6666666666665,11450,nan,1.0,NO,,,
3816.6666666666665,11450,nan,1.0,NO,,,
3816.6666666666665,11450,nan,1.0,NO,,,
3816.6666666666665,11450,nan,1.0,NO,,,
3816.6666666666665,11450,nan,1.0,NO,,,
3816.6666666666665,11450,nan,1.0,NO,,,
3820.0,11460,nan,0.0,NO,,,
3820.0,11460,nan,0.0,NO,,,
3820.0,11460,nan,0.0,NO,,,
3820.0,11460,nan,0.0,NO,,,
3820.0,11460,nan,0.0,NO,,,
3820.0,11460,nan,0.0,NO,,,
3820.0,11460,nan,0.0,NO,,,
3820.0,11460,nan,0.0,NO,,,
3820.0,11460,nan,0.0,NO,,,
3820.0,11460,nan,0.0,NO,,,
3823.3333333333335,11470,nan,0.0,NO,,,
3823.3333333333335,11470,nan,0.0,NO,,,
3823.3333333333335,11470,nan,0.0,NO,,,
3823.3333333333335,11470,nan,0.0,NO,,,
3823.3333333333335,11470,nan,0.0,NO,,,
3823.3333333333335,11470,nan,0.0,NO,,,
3823.3333333333335,11470,nan,0.0,NO,,,
3823.3333333333335,11470,nan,0.0,NO,,,
3823.3333333333335,11470,nan,0.0,NO,,,
3823.3333333333335,11470,nan,0.0,NO,,,
3826.6666666666665,11480,nan,1.0,NO,,,
3826.6666666666665,11480,nan,1.0,NO,,,
3826.6666666666665,11480,nan,1.0,NO,,,
3826.6666666666665,11480,nan,1.0,NO,,,
3826.6666666666665,11480,nan,1.0,NO,,,
3826.6666666666665,11480,nan,1.0,NO,,,
3826.6666666666665,11480,nan,1.0,NO,,,
3826.6666666666665,11480,nan,1.0,NO,,,
3826.6666666666665,11480,nan,1.0,NO,,,
3826.6666666666665,11480,nan,1.0,NO,,,
3830.0,11490,nan,0.0,NO,,,
3830.0,11490,nan,0.0,NO,,,
3830.0,11490,nan,0.0,NO,,,
3830.0,11490,nan,0.0,NO,,,
3830.0,11490,nan,0.0,NO,,,
3830.0,11490,nan,0.0,NO,,,
3830.0,11490,nan,0.0,NO,,,
3830.0,11490,nan,0.0,NO,,,
3830.0,11490,nan,0.0,NO,,,
3830.0,11490,nan,0.0,NO,,,
3833.3333333333335,11500,nan,0.0,NO,,,
3833.3333333333335,11500,nan,0.0,NO,,,
3833.3333333333335,11500,nan,0.0,NO,,,
3833.3333333333335,11500,nan,0.0,NO,,,
3833.3333333333335,11500,nan,0.0,NO,,,
3833.3333333333335,11500,nan,0.0,NO,,,
3833.3333333333335,11500,nan,0.0,NO,,,
3833.3333333333335,11500,nan,0.0,NO,,,
3833.3333333333335,11500,nan,0.0,NO,,,
3833.3333333333335,11500,nan,0.0,NO,,,
3836.6666666666665,11510,nan,1.0,NO,,,
3836.6666666666665,11510,nan,1.0,NO,,,
3836.6666666666665,11510,nan,1.0,NO,,,
3836.6666666666665,11510,nan,1.0,NO,,,
3836.6666666666665,11510,nan,1.0,NO,,,
3836.6666666666665,11510,nan,1.0,NO,,,
3836.6666666666665,11510,nan,1.0,NO,,,
3836.6666666666665,11510,nan,1.0,NO,,,
3836.6666666666665,11510,nan,1.0,NO,,,
3836.6666666666665,11510,nan,1.0,NO,,,
3840.0,11520,nan,0.0,NO,,,
3840.0,11520,nan,0.0,NO,,,
3840.0,11520,nan,0.0,NO,,,
3840.0,11520,nan,0.0,NO,,,
3840.0,11520,nan,0.0,NO,,,
3840.0,11520,nan,0.0,NO,,,
3840.0,11520,nan,0.0,NO,,,
3840.0,11520,nan,0.0,NO,,,
3840.0,11520,nan,0.0,NO,,,
3840.0,11520,nan,0.0,NO,,,
3843.3333333333335,11530,nan,0.0,NO,,,
3843.3333333333335,11530,nan,0.0,NO,,,
3843.3333333333335,11530,nan,0.0,NO,,,
3843.3333333333335,11530,nan,0.0,NO,,,
3843.3333333333335,11530,nan,0.0,NO,,,
3843.3333333333335,11530,nan,0.0,NO,,,
3843.3333333333335,11530,nan,0.0,NO,,,
3843.3333333333335,11530,nan,0.0,NO,,,
3843.3333333333335,11530,nan,0.0,NO,,,
3843.3333333333335,11530,nan,0.0,NO,,,
3846.6666666666665,11540,nan,1.0,NO,,,
3846.6666666666665,11540,nan,1.0,NO,,,
3846.6666666666665,11540,nan,1.0,NO,,,
3846.6666666666665,11540,nan,1.0,NO,,,
3846.6666666666665,11540,nan,1.0,NO,,,
3846.6666666666665,11540,nan,1.0,NO,,,
3846.6666666666665,11540,nan,1.0,NO,,,
3846.6666666666665,11540,nan,1.0,NO,,,
3846.6666666666665,11540,nan,1.0,NO,,,
3846.6666666666665,11540,nan,1.0,NO,,,
3850.0,11550,nan,0.0,NO,,,
3850.0,11550,nan,0.0,NO,,,
3850.0,11550,nan,0.0,NO,,,
3850.0,11550,nan,0.0,NO,,,
3850.0,11550,nan,0.0,NO,,,
3850.0,11550,nan,0.0,NO,,,
3850.0,11550,nan,0.0,NO,,,
3850.0,11550,nan,0.0,NO,,,
3850.0,11550,nan,0.0,NO,,,
3850.0,11550,nan,0.0,NO,,,
3853.3333333333335,11560,nan,0.0,NO,,,
3853.3333333333335,11560,nan,0.0,NO,,,
3853.3333333333335,11560,nan,0.0,NO,,,
3853.3333333333335,11560,nan,0.0,NO,,,
3853.3333333333335,11560,nan,0.0,NO,,,
3853.3333333333335,11560,nan,0.0,NO,,,
3853.3333333333335,11560,nan,0.0,NO,,,
3853.3333333333335,11560,nan,0.0,NO,,,
3853.3333333333335,11560,nan,0.0,NO,,,
3853.3333333333335,11560,nan,0.0,NO,,,
3856.6666666666665,11570,nan,1.0,NO,,,
3856.6666666666665,11570,nan,1.0,NO,,,
3856.6666666666665,11570,nan,1.0,NO,,,
3856.6666666666665,11570,nan,1.0,NO,,,
3856.6666666666665,11570,nan,1.0,NO,,,
3856.6666666666665,11570,nan,1.0,NO,,,
3856.6666666666665,11570,nan,1.0,NO,,,
3856.6666666666665,11570,nan,1.0,NO,,,
3856.6666666666665,11570,nan,1.0,NO,,,
3856.6666666666665,11570,nan,1.0,NO,,,
3860.0,11580,nan,0.0,NO,,,
3860.0,11580,nan,0.0,NO,,,
3860.0,11580,nan,0.0,NO,,,
3860.0,11580,nan,0.0,NO,,,
3860.0,11580,nan,0.0,NO,,,
3860.0,11580,nan,0.0,NO,,,
3860.0,11580,nan,0.0,NO,,,
3860.0,11580,nan,0.0,NO,,,
3860.0,11580,nan,0.0,NO,,,
3860.0,11580,nan,0.0,NO,,,
3863.3333333333335,11590,nan,0.0,NO,,,
3863.3333333333335,11590,nan,0.0,NO,,,
3863.3333333333335,11590,nan,0.0,NO,,,
3863.3333333333335,11590,nan,0.0,NO,,,
3863.3333333333335,11590,nan,0.0,NO,,,
3863.3333333333335,11590,nan,0.0,NO,,,
3863.3333333333335,11590,nan,0.0,NO,,,
3863.3333333333335,11590,nan,0.0,NO,,,
3863.3333333333335,11590,nan,0.0,NO,,,
3863.3333333333335,11590,nan,0.0,YES,nan,0.2,
3866.6666666666665,11600,nan,1.0,NO,,,
3866.6666666666665,11600,nan,1.0,NO,,,
3866.6666666666665,11600,nan,1.0,NO,,,
3866.6666666666665,11600,nan,1.0,NO,,,
3866.6666666666665,11600,nan,1.0,NO,,,
3866.6666666666665,11600,nan,1.0,NO,,,
3866.6666666666665,11600,nan,1.0,NO,,,
3866.6666666666665,11600,nan,1.0,NO,,,
3866.6666666666665,11600,nan,1.0,NO,,,
3866.6666666666665,11600,nan,1.0,NO,,,
3870.0,11610,nan,0.0,NO,,,
3870.0,11610,nan,0.0,NO,,,
3870.0,11610,nan,0.0,NO,,,
3870.0,11610,nan,0.0,NO,,,
3870.0,11610,nan,0.0,NO,,,
3870.0,11610,nan,0.0,NO,,,
3870.0,11610,nan,0.0,NO,,,
3870.0,11610,nan,0.0,NO,,,
3870.0,11610,nan,0.0,NO,,,
3870.0,11610,nan,0.0,NO,,,
3873.3333333333335,11620,nan,0.0,NO,,,
3873.3333333333335,11620,nan,0.0,NO,,,
3873.3333333333335,11620,nan,0.0,NO,,,
3873.3333333333335,11620,nan,0.0,NO,,,
3873.3333333333335,11620,nan,0.0,NO,,,
3873.3333333333335,11620,nan,0.0,NO,,,
3873.3333333333335,11620,nan,0.0,NO,,,
3873.3333333333335,11620,nan,0.0,NO,,,
3873.3333333333335,11620,nan,0.0,NO,,,
3873.3333333333335,11620,nan,0.0,NO,,,
3876.6666666666665,11630,nan,1.0,NO,,,
3876.6666666666665,11630,nan,1.0,NO,,,
3876.6666666666665,11630,nan,1.0,NO,,,
3876.6666666666665,11630,nan,1.0,NO,,,
3876.6666666666665,11630,nan,1.0,NO,,,
3876.6666666666665,11630,nan,1.0,NO,,,
3876.6666666666665,11630,nan,1.0,NO,,,
3876.6666666666665,11630,nan,1.0,NO,,,
3876.6666666666665,11630,nan,1.0,NO,,,
3876.6666666666665,11630,nan,1.0,NO,,,
3880.0,11640,nan,0.0,NO,,,
3880.0,11640,nan,0.0,NO,,,
3880.0,11640,nan,0.0,NO,,,
3880.0,11640,nan,0.0,NO,,,
3880.0,11640,nan,0.0,NO,,,
3880.0,11640,nan,0.0,NO,,,
3880.0,11640,nan,0.0,NO,,,
3880.0,11640,nan,0.0,NO,,,
3880.0,11640,nan,0.0,NO,,,
3880.0,11640,nan,0.0,NO,,,
3883.3333333333335,11650,nan,0.0,NO,,,
3883.3333333333335,11650,nan,0.0,NO,,,
3883.3333333333335,11650,nan,0.0,NO,,,
3883.3333333333335,11650,nan,0.0,NO,,,
3883.3333333333335,11650,nan,0.0,NO,,,
3883.3333333333335,11650,nan,0.0,NO,,,
3883.3333333333335,11650,nan,0.0,NO,,,
3883.3333333333335,11650,nan,0.0,NO,,,
3883.3333333333335,11650,nan,0.0,NO,,,
3883.3333333333335,11650,nan,0.0,NO,,,
3886.6666666666665,11660,nan,1.0,NO,,,
3886.6666666666665,11660,nan,1.0,NO,,,
3886.6666666666665,11660,nan,1.0,NO,,,
3886.6666666666665,11660,nan,1.0,NO,,,
3886.6666666666665,11660,nan,1.0,NO,,,
3886.6666666666665,11660,nan,1.0,NO,,,
3886.6666666666665,11660,nan,1.0,NO,,,
3886.6666666666665,11660,nan,1.0,NO,,,
3886.6666666666665,11660,nan,1.0,NO,,,
3886.6666666666665,11660,nan,1.0,NO,,,
3890.0,11670,nan,0.0,NO,,,
3890.0,11670,nan,0.0,NO,,,
3890.0,11670,nan,0.0,NO,,,
3890.0,11670,nan,0.0,NO,,,
3890.0,11670,nan,0.0,NO,,,
3890.0,11670,nan,0.0,NO,,,
3890.0,11670,nan,0.0,NO,,,
3890.0,11670,nan,0.0,NO,,,
3890.0,11670,nan,0.0,NO,,,
3890.0,11670,nan,0.0,NO,,,
3893.3333333333335,11680,nan,0.0,NO,,,
3893.3333333333335,11680,nan,0.0,NO,,,
3893.3333333333335,11680,nan,0.0,NO,,,
3893.3333333333335,11680,nan,0.0,NO,,,
3893.3333333333335,11680,nan,0.0,NO,,,
3893.3333333333335,11680,nan,0.0,NO,,,
3893.3333333333335,11680,nan,0.0,NO,,,
3893.3333333333335,11680,nan,0.0,NO,,,
3893.3333333333335,11680,nan,0.0,NO,,,
3893.3333333333335,11680,nan,0.0,NO,,,
3896.6666666666665,11690,nan,1.0,NO,,,
3896.6666666666665,11690,nan,1.0,NO,,,
3896.6666666666665,11690,nan,1.0,NO,,,
3896.6666666666665,11690,nan,1.0,NO,,,
3896.6666666666665,11690,nan,1.0,NO,,,
3896.6666666666665,11690,nan,1.0,NO,,,
3896.6666666666665,11690,nan,1.0,NO,,,
3896.6666666666665,11690,nan,1.0,NO,,,
3896.6666666666665,11690,nan,1.0,NO,,,
3896.6666666666665,11690,nan,1.0,NO,,,
3900.0,11700,nan,0.0,NO,,,
3900.0,11700,nan,0.0,NO,,,
3900.0,11700,nan,0.0,NO,,,
3900.0,11700,nan,0.0,NO,,,
3900.0,11700,nan,0.0,NO,,,
3900.0,11700,nan,0.0,NO,,,
3900.0,11700,nan,0.0,NO,,,
3900.0,11700,nan,0.0,NO,,,
3900.0,11700,nan,0.0,NO,,,
3900.0,11700,nan,0.0,NO,,,
3903.3333333333335,11710,nan,0.0,NO,,,
3903.3333333333335,11710,nan,0.0,NO,,,
3903.3333333333335,11710,nan,0.0,NO,,,
3903.3333333333335,11710,nan,0.0,NO,,,
3903.3333333333335,11710,nan,0.0,NO,,,
3903.3333333333335,11710,nan,0.0,NO,,,
3903.3333333333335,11710,nan,0.0,NO,,,
3903.3333333333335,11710,nan,0.0,NO,,,
3903.3333333333335,11710,nan,0.0,NO,,,
3903.3333333333335,11710,nan,0.0,NO,,,
3906.6666666666665,11720,nan,1.0,NO,,,
3906.6666666666665,11720,nan,1.0,NO,,,
3906.6666666666665,11720,nan,1.0,NO,,,
3906.6666666666665,11720,nan,1.0,NO,,,
3906.6666666666665,11720,nan,1.0,NO,,,
3906.6666666666665,11720,nan,1.0,NO,,,
3906.6666666666665,11720,nan,1.0,NO,,,
3906.6666666666665,11720,nan,1.0,NO,,,
3906.6666666666665,11720,nan,1.0,NO,,,
3906.6666666666665,11720,nan,1.0,NO,,,
3910.0,11730,nan,0.0,NO,,,
3910.0,11730,nan,0.0,NO,,,
3910.0,11730,nan,0.0,NO,,,
3910.0,11730,nan,0.0,NO,,,
3910.0,11730,nan,0.0,NO,,,
3910.0,11730,nan,0.0,NO,,,
3910.0,11730,nan,0.0,NO,,,
3910.0,11730,nan,0.0,NO,,,
3910.0,11730,nan,0.0,NO,,,
3910.0,11730,nan,0.0,NO,,,
3913.3333333333335,11740,nan,0.0,NO,,,
3913.3333333333335,11740,nan,0.0,NO,,,
3913.3333333333335,11740,nan,0.0,NO,,,
3913.3333333333335,11740,nan,0.0,NO,,,
3913.3333333333335,11740,nan,0.0,NO,,,
3913.3333333333335,11740,nan,0.0,NO,,,
3913.3333333333335,11740,nan,0.0,NO,,,
3913.3333333333335,11740,nan,0.0,NO,,,
3913.3333333333335,11740,nan,0.0,NO,,,
3913.3333333333335,11740,nan,0.0,NO,,,
3916.6666666666665,11750,nan,1.0,NO,,,
3916.6666666666665,11750,nan,1.0,NO,,,
3916.6666666666665,11750,nan,1.0,NO,,,
3916.6666666666665,11750,nan,1.0,NO,,,
3916.6666666666665,11750,nan,1.0,NO,,,
3916.6666666666665,11750,nan,1.0,NO,,,
3916.6666666666665,11750,nan,1.0,NO,,,
3916.6666666666665,11750,nan,1.0,NO,,,
3916.6666666666665,11750,nan,1.0,NO,,,
3916.6666666666665,11750,nan,1.0,NO,,,
3920.0,11760,nan,0.0,NO,,,
3920.0,11760,nan,0.0,NO,,,
3920.0,11760,nan,0.0,NO,,,
3920.0,11760,nan,0.0,NO,,,
3920.0,11760,nan,0.0,NO,,,
3920.0,11760,nan,0.0,NO,,,
3920.0,11760,nan,0.0,NO,,,
3920.0,11760,nan,0.0,NO,,,
3920.0,11760,nan,0.0,NO,,,
3920.0,11760,nan,0.0,NO,,,
3923.3333333333335,11770,nan,0.0,NO,,,
3923.3333333333335,11770,nan,0.0,NO,,,
3923.3333333333335,11770,nan,0.0,NO,,,
3923.3333333333335,11770,nan,0.0,NO,,,
3923.3333333333335,11770,nan,0.0,NO,,,
3923.3333333333335,11770,nan,0.0,NO,,,
3923.3333333333335,11770,nan,0.0,NO,,,
3923.3333333333335,11770,nan,0.0,NO,,,
3923.3333333333335,11770,nan,0.0,NO,,,
3923.3333333333335,11770,nan,0.0,NO,,,
3926.6666666666665,11780,nan,1.0,NO,,,
3926.6666666666665,11780,nan,1.0,NO,,,
3926.6666666666665,11780,nan,1.0,NO,,,
3926.6666666666665,11780,nan,1.0,NO,,,
3926.6666666666665,11780,nan,1.0,NO,,,
3926.6666666666665,11780,nan,1.0,NO,,,
3926.6666666666665,11780,nan,1.0,NO,,,
3926.6666666666665,11780,nan,1.0,NO,,,
3926.6666666666665,11780,nan,1.0,NO,,,
3926.6666666666665,11780,nan,1.0,NO,,,
3930.0,11790,nan,0.0,NO,,,
3930.0,11790,nan,0.0,NO,,,
3930.0,11790,nan,0.0,NO,,,
3930.0,11790,nan,0.0,NO,,,
3930.0,11790,nan,0.0,NO,,,
3930.0,11790,nan,0.0,NO,,,
3930.0,11790,nan,0.0,NO,,,
3930.0,11790,nan,0.0,NO,,,
3930.0,11790,nan,0.0,NO,,,
3930.0,11790,nan,0.0,YES,nan,0.2,
3933.3333333333335,11800,nan,0.0,NO,,,
3933.3333333333335,11800,nan,0.0,NO,,,
3933.3333333333335,11800,nan,0.0,NO,,,
3933.3333333333335,11800,nan,0.0,NO,,,
3933.3333333333335,11800,nan,0.0,NO,,,
3933.3333333333335,11800,nan,0.0,NO,,,
3933.3333333333335,11800,nan,0.0,NO,,,
3933.3333333333335,11800,nan,0.0,NO,,,
3933.3333333333335,11800,nan,0.0,NO,,,
3933.3333333333335,11800,nan,0.0,NO,,,
3936.6666666666665,11810,nan,1.0,NO,,,
3936.6666666666665,11810,nan,1.0,NO,,,
3936.6666666666665,11810,nan,1.0,NO,,,
3936.6666666666665,11810,nan,1.0,NO,,,
3936.6666666666665,11810,nan,1.0,NO,,,
3936.6666666666665,11810,nan,1.0,NO,,,
3936.6666666666665,11810,nan,1.0,NO,,,
3936.6666666666665,11810,nan,1.0,NO,,,
3936.6666666666665,11810,nan,1.0,NO,,,
3936.6666666666665,11810,nan,1.0,NO,,,
3940.0,11820,nan,0.0,NO,,,
3940.0,11820,nan,0.0,NO,,,
3940.0,11820,nan,0.0,NO,,,
3940.0,11820,nan,0.0,NO,,,
3940.0,11820,nan,0.0,NO,,,
3940.0,11820,nan,0.0,NO,,,
3940.0,11820,nan,0.0,NO,,,
3940.0,11820,nan,0.0,NO,,,
3940.0,11820,nan,0.0,NO,,,
3940.0,11820,nan,0.0,NO,,,
3943.3333333333335,11830,nan,0.0,NO,,,
3943.3333333333335,11830,nan,0.0,NO,,,
3943.3333333333335,11830,nan,0.0,NO,,,
3943.3333333333335,11830,nan,0.0,NO,,,
3943.3333333333335,11830,nan,0.0,NO,,,
3943.3333333333335,11830,nan,0.0,NO,,,
3943.3333333333335,11830,nan,0.0,NO,,,
3943.3333333333335,11830,nan,0.0,NO,,,
3943.3333333333335,11830,nan,0.0,NO,,,
3943.3333333333335,11830,nan,0.0,NO,,,
3946.6666666666665,11840,nan,1.0,NO,,,
3946.6666666666665,11840,nan,1.0,NO,,,
3946.6666666666665,11840,nan,1.0,NO,,,
3946.6666666666665,11840,nan,1.0,NO,,,
3946.6666666666665,11840,nan,1.0,NO,,,
3946.6666666666665,11840,nan,1.0,NO,,,
3946.6666666666665,11840,nan,1.0,NO,,,
3946.6666666666665,11840,nan,1.0,NO,,,
3946.6666666666665,11840,nan,1.0,NO,,,
3946.6666666666665,11840,nan,1.0,NO,,,
3950.0,11850,nan,0.0,NO,,,
3950.0,11850,nan,0.0,NO,,,
3950.0,11850,nan,0.0,NO,,,
3950.0,11850,nan,0.0,NO,,,
3950.0,11850,nan,0.0,NO,,,
3950.0,11850,nan,0.0,NO,,,
3950.0,11850,nan,0.0,NO,,,
3950.0,11850,nan,0.0,NO,,,
3950.0,11850,nan,0.0,NO,,,
3950.0,11850,nan,0.0,NO,,,
3953.3333333333335,11860,nan,0.0,NO,,,
3953.3333333333335,11860,nan,0.0,NO,,,
3953.3333333333335,11860,nan,0.0,NO,,,
3953.3333333333335,11860,nan,0.0,NO,,,
3953.3333333333335,11860,nan,0.0,NO,,,
3953.3333333333335,11860,nan,0.0,NO,,,
3953.3333333333335,11860,nan,0.0,NO,,,
3953.3333333333335,11860,nan,0.0,NO,,,
3953.3333333333335,11860,nan,0.0,NO,,,
3953.3333333333335,11860,nan,0.0,NO,,,
3956.6666666666665,11870,nan,1.0,NO,,,
3956.6666666666665,11870,nan,1.0,NO,,,
3956.6666666666665,11870,nan,1.0,NO,,,
3956.6666666666665,11870,nan,1.0,NO,,,
3956.6666666666665,11870,nan,1.0,NO,,,
3956.6666666666665,11870,nan,1.0,NO,,,
3956.6666666666665,11870,nan,1.0,NO,,,
3956.6666666666665,11870,nan,1.0,NO,,,
3956.6666666666665,11870,nan,1.0,NO,,,
3956.6666666666665,11870,nan,1.0,NO,,,
3960.0,11880,nan,0.0,NO,,,
3960.0,11880,nan,0.0,NO,,,
3960.0,11880,nan,0.0,NO,,,
3960.0,11880,nan,0.0,NO,,,
3960.0,11880,nan,0.0,NO,,,
3960.0,11880,nan,0.0,NO,,,
3960.0,11880,nan,0.0,NO,,,
3960.0,11880,nan,0.0,NO,,,
3960.0,11880,nan,0.0,NO,,,
3960.0,11880,nan,0.0,NO,,,
3963.3333333333335,11890,nan,0.0,NO,,,
3963.3333333333335,11890,nan,0.0,NO,,,
3963.3333333333335,11890,nan,0.0,NO,,,
3963.3333333333335,11890,nan,0.0,NO,,,
3963.3333333333335,11890,nan,0.0,NO,,,
3963.3333333333335,11890,nan,0.0,NO,,,
3963.3333333333335,11890,nan,0.0,NO,,,
3963.3333333333335,11890,nan,0.0,NO,,,
3963.3333333333335,11890,nan,0.0,NO,,,
3963.3333333333335,11890,nan,0.0,NO,,,
3966.6666666666665,11900,nan,1.0,NO,,,
3966.6666666666665,11900,nan,1.0,NO,,,
3966.6666666666665,11900,nan,1.0,NO,,,
3966.6666666666665,11900,nan,1.0,NO,,,
3966.6666666666665,11900,nan,1.0,NO,,,
3966.6666666666665,11900,nan,1.0,NO,,,
3966.6666666666665,11900,nan,1.0,NO,,,
3966.6666666666665,11900,nan,1.0,NO,,,
3966.6666666666665,11900,nan,1.0,NO,,,
3966.6666666666665,11900,nan,1.0,NO,,,
3970.0,11910,nan,0.0,NO,,,
3970.0,11910,nan,0.0,NO,,,
3970.0,11910,nan,0.0,NO,,,
3970.0,11910,nan,0.0,NO,,,
3970.0,11910,nan,0.0,NO,,,
3970.0,11910,nan,0.0,NO,,,
3970.0,11910,nan,0.0,NO,,,
3970.0,11910,nan,0.0,NO,,,
3970.0,11910,nan,0.0,NO,,,
3970.0,11910,nan,0.0,NO,,,
3973.3333333333335,11920,nan,0.0,NO,,,
3973.3333333333335,11920,nan,0.0,NO,,,
3973.3333333333335,11920,nan,0.0,NO,,,
3973.3333333333335,11920,nan,0.0,NO,,,
3973.3333333333335,11920,nan,0.0,NO,,,
3973.3333333333335,11920,nan,0.0,NO,,,
3973.3333333333335,11920,nan,0.0,NO,,,
3973.3333333333335,11920,nan,0.0,NO,,,
3973.3333333333335,11920,nan,0.0,NO,,,
3973.3333333333335,11920,nan,0.0,NO,,,
3976.6666666666665,11930,nan,1.0,NO,,,
3976.6666666666665,11930,nan,1.0,NO,,,
3976.6666666666665,11930,nan,1.0,NO,,,
3976.6666666666665,11930,nan,1.0,NO,,,
3976.6666666666665,11930,nan,1.0,NO,,,
3976.6666666666665,11930,nan,1.0,NO,,,
3976.6666666666665,11930,nan,1.0,NO,,,
3976.6666666666665,11930,nan,1.0,NO,,,
3976.6666666666665,11930,nan,1.0,NO,,,
3976.6666666666665,11930,nan,1.0,NO,,,
3980.0,11940,nan,0.0,NO,,,
3980.0,11940,nan,0.0,NO,,,
3980.0,11940,nan,0.0,NO,,,
3980.0,11940,nan,0.0,NO,,,
3980.0,11940,nan,0.0,NO,,,
3980.0,11940,nan,0.0,NO,,,
3980.0,11940,nan,0.0,NO,,,
3980.0,11940,nan,0.0,NO,,,
3980.0,11940,nan,0.0,NO,,,
3980.0,11940,nan,0.0,NO,,,
3983.3333333333335,11950,nan,0.0,NO,,,
3983.3333333333335,11950,nan,0.0,NO,,,
3983.3333333333335,11950,nan,0.0,NO,,,
3983.3333333333335,11950,nan,0.0,NO,,,
3983.3333333333335,11950,nan,0.0,NO,,,
3983.3333333333335,11950,nan,0.0,NO,,,
3983.3333333333335,11950,nan,0.0,NO,,,
3983.3333333333335,11950,nan,0.0,NO,,,
3983.3333333333335,11950,nan,0.0,NO,,,
3983.3333333333335,11950,nan,0.0,NO,,,
3986.6666666666665,11960,nan,1.0,NO,,,
3986.6666666666665,11960,nan,1.0,NO,,,
3986.6666666666665,11960,nan,1.0,NO,,,
3986.6666666666665,11960,nan,1.0,NO,,,
3986.6666666666665,11960,nan,1.0,NO,,,
3986.6666666666665,11960,nan,1.0,NO,,,
3986.6666666666665,11960,nan,1.0,NO,,,
3986.6666666666665,11960,nan,1.0,NO,,,
3986.6666666666665,11960,nan,1.0,NO,,,
3986.6666666666665,11960,nan,1.0,NO,,,
3990.0,11970,nan,0.0,NO,,,
3990.0,11970,nan,0.0,NO,,,
3990.0,11970,nan,0.0,NO,,,
3990.0,11970,nan,0.0,NO,,,
3990.0,11970,nan,0.0,NO,,,
3990.0,11970,nan,0.0,NO,,,
3990.0,11970,nan,0.0,NO,,,
3990.0,11970,nan,0.0,NO,,,
3990.0,11970,nan,0.0,NO,,,
3990.0,11970,nan,0.0,NO,,,
3993.3333333333335,11980,nan,0.0,NO,,,
3993.3333333333335,11980,nan,0.0,NO,,,
3993.3333333333335,11980,nan,0.0,NO,,,
3993.3333333333335,11980,nan,0.0,NO,,,
3993.3333333333335,11980,nan,0.0,NO,,,
3993.3333333333335,11980,nan,0.0,NO,,,
3993.3333333333335,11980,nan,0.0,NO,,,
3993.3333333333335,11980,nan,0.0,NO,,,
3993.3333333333335,11980,nan,0.0,NO,,,
3993.3333333333335,11980,nan,0.0,NO,,,
3996.6666666666665,11990,nan,1.0,NO,,,
3996.6666666666665,11990,nan,1.0,NO,,,
3996.6666666666665,11990,nan,1.0,NO,,,
3996.6666666666665,11990,nan,1.0,NO,,,
3996.6666666666665,11990,nan,1.0,NO,,,
3996.6666666666665,11990,nan,1.0,NO,,,
3996.6666666666665,11990,nan,1.0,NO,,,
3996.6666666666665,11990,nan,1.0,NO,,,
3996.6666666666665,11990,nan,1.0,NO,,,
3996.6666666666665,11990,nan,1.0,YES,nan,0.2,
4000.0,12000,nan,0.0,NO,,,
4000.0,12000,nan,0.0,NO,,,
4000.0,12000,nan,0.0,NO,,,
4000.0,12000,nan,0.0,NO,,,
4000.0,12000,nan,0.0,NO,,,
4000.0,12000,nan,0.0,NO,,,
4000.0,12000,nan,0.0,NO,,,
4000.0,12000,nan,0.0,NO,,,
4000.0,12000,nan,0.0,NO,,,
4000.0,12000,nan,0.0,NO,,,
4003.3333333333335,12010,nan,0.0,NO,,,
4003.3333333333335,12010,nan,0.0,NO,,,
4003.3333333333335,12010,nan,0.0,NO,,,
4003.3333333333335,12010,nan,0.0,NO,,,
4003.3333333333335,12010,nan,0.0,NO,,,
4003.3333333333335,12010,nan,0.0,NO,,,
4003.3333333333335,12010,nan,0.0,NO,,,
4003.3333333333335,12010,nan,0.0,NO,,,
4003.3333333333335,12010,nan,0.0,NO,,,
4003.3333333333335,12010,nan,0.0,NO,,,
4006.6666666666665,12020,nan,1.0,NO,,,
4006.6666666666665,12020,nan,1.0,NO,,,
4006.6666666666665,12020,nan,1.0,NO,,,
4006.6666666666665,12020,nan,1.0,NO,,,
4006.6666666666665,12020,nan,1.0,NO,,,
4006.6666666666665,12020,nan,1.0,NO,,,
4006.6666666666665,12020,nan,1.0,NO,,,
4006.6666666666665,12020,nan,1.0,NO,,,
4006.6666666666665,12020,nan,1.0,NO,,,
4006.6666666666665,12020,nan,1.0,NO,,,
4010.0,12030,nan,0.0,NO,,,
4010.0,12030,nan,0.0,NO,,,
4010.0,12030,nan,0.0,NO,,,
4010.0,12030,nan,0.0,NO,,,
4010.0,12030,nan,0.0,NO,,,
4010.0,12030,nan,0.0,NO,,,
4010.0,12030,nan,0.0,NO,,,
4010.0,12030,nan,0.0,NO,,,
4010.0,12030,nan,0.0,NO,,,
4010.0,12030,nan,0.0,NO,,,
4013.3333333333335,12040,nan,0.0,NO,,,
4013.3333333333335,12040,nan,0.0,NO,,,
4013.3333333333335,12040,nan,0.0,NO,,,
4013.3333333333335,12040,nan,0.0,NO,,,
4013.3333333333335,12040,nan,0.0,NO,,,
4013.3333333333335,12040,nan,0.0,NO,,,
4013.3333333333335,12040,nan,0.0,NO,,,
4013.3333333333335,12040,nan,0.0,NO,,,
4013.3333333333335,12040,nan,0.0,NO,,,
4013.3333333333335,12040,nan,0.0,NO,,,
4016.6666666666665,12050,nan,1.0,NO,,,
4016.6666666666665,12050,nan,1.0,NO,,,
4016.6666666666665,12050,nan,1.0,NO,,,
4016.6666666666665,12050,nan,1.0,NO,,,
4016.6666666666665,12050,nan,1.0,NO,,,
4016.6666666666665,12050,nan,1.0,NO,,,
4016.6666666666665,12050,nan,1.0,NO,,,
4016.6666666666665,12050,nan,1.0,NO,,,
4016.6666666666665,12050,nan,1.0,NO,,,
4016.6666666666665,12050,nan,1.0,NO,,,
4020.0,12060,nan,0.0,NO,,,
4020.0,12060,nan,0.0,NO,,,
4020.0,12060,nan,0.0,NO,,,
4020.0,12060,nan,0.0,NO,,,
4020.0,12060,nan,0.0,NO,,,
4020.0,12060,nan,0.0,NO,,,
4020.0,12060,nan,0.0,NO,,,
4020.0,12060,nan,0.0,NO,,,
4020.0,12060,nan,0.0,NO,,,
4020.0,12060,nan,0.0,NO,,,
4023.3333333333335,12070,nan,0.0,NO,,,
4023.3333333333335,12070,nan,0.0,NO,,,
4023.3333333333335,12070,nan,0.0,NO,,,
4023.3333333333335,12070,nan,0.0,NO,,,
4023.3333333333335,12070,nan,0.0,NO,,,
4023.3333333333335,12070,nan,0.0,NO,,,
4023.3333333333335,12070,nan,0.0,NO,,,
4023.3333333333335,12070,nan,0.0,NO,,,
4023.3333333333335,12070,nan,0.0,NO,,,
4023.3333333333335,12070,nan,0.0,NO,,,
4026.6666666666665,12080,nan,1.0,NO,,,
4026.6666666666665,12080,nan,1.0,NO,,,
4026.6666666666665,12080,nan,1.0,NO,,,
4026.6666666666665,12080,nan,1.0,NO,,,
4026.6666666666665,12080,nan,1.0,NO,,,
4026.6666666666665,12080,nan,1.0,NO,,,
4026.6666666666665,12080,nan,1.0,NO,,,
4026.6666666666665,12080,nan,1.0,NO,,,
4026.6666666666665,12080,nan,1.0,NO,,,
4026.6666666666665,12080,nan,1.0,NO,,,
4030.0,12090,nan,0.0,NO,,,
4030.0,12090,nan,0.0,NO,,,
4030.0,12090,nan,0.0,NO,,,
4030.0,12090,nan,0.0,NO,,,
4030.0,12090,nan,0.0,NO,,,
4030.0,12090,nan,0.0,NO,,,
4030.0,12090,nan,0.0,NO,,,
4030.0,12090,nan,0.0,NO,,,
4030.0,12090,nan,0.0,NO,,,
4030.0,12090,nan,0.0,NO,,,
4033.3333333333335,12100,nan,0.0,NO,,,
4033.3333333333335,12100,nan,0.0,NO,,,
4033.3333333333335,12100,nan,0.0,NO,,,
4033.3333333333335,12100,nan,0.0,NO,,,
4033.3333333333335,12100,nan,0.0,NO,,,
4033.3333333333335,12100,nan,0.0,NO,,,
4033.3333333333335,12100,nan,0.0,NO,,,
4033.3333333333335,12100,nan,0.0,NO,,,
4033.3333333333335,12100,nan,0.0,NO,,,
4033.3333333333335,12100,nan,0.0,NO,,,
4036.6666666666665,12110,nan,1.0,NO,,,
4036.6666666666665,12110,nan,1.0,NO,,,
4036.6666666666665,12110,nan,1.0,NO,,,
4036.6666666666665,12110,nan,1.0,NO,,,
4036.6666666666665,12110,nan,1.0,NO,,,
4036.6666666666665,12110,nan,1.0,NO,,,
4036.6666666666665,12110,nan,1.0,NO,,,
4036.6666666666665,12110,nan,1.0,NO,,,
4036.6666666666665,12110,nan,1.0,NO,,,
4036.6666666666665,12110,nan,1.0,NO,,,
4040.0,12120,nan,0.0,NO,,,
4040.0,12120,nan,0.0,NO,,,
4040.0,12120,nan,0.0,NO,,,
4040.0,12120,nan,0.0,NO,,,
4040.0,12120,nan,0.0,NO,,,
4040.0,12120,nan,0.0,NO,,,
4040.0,12120,nan,0.0,NO,,,
4040.0,12120,nan,0.0,NO,,,
4040.0,12120,nan,0.0,NO,,,
4040.0,12120,nan,0.0,NO,,,
4043.3333333333335,12130,nan,0.0,NO,,,
4043.3333333333335,12130,nan,0.0,NO,,,
4043.3333333333335,12130,nan,0.0,NO,,,
4043.3333333333335,12130,nan,0.0,NO,,,
4043.3333333333335,12130,nan,0.0,NO,,,
4043.3333333333335,12130,nan,0.0,NO,,,
4043.3333333333335,12130,nan,0.0,NO,,,
4043.3333333333335,12130,nan,0.0,NO,,,
4043.3333333333335,12130,nan,0.0,NO,,,
4043.3333333333335,12130,nan,0.0,NO,,,
4046.6666666666665,12140,nan,1.0,NO,,,
4046.6666666666665,12140,nan,1.0,NO,,,
4046.6666666666665,12140,nan,1.0,NO,,,
4046.6666666666665,12140,nan,1.0,NO,,,
4046.6666666666665,12140,nan,1.0,NO,,,
4046.6666666666665,12140,nan,1.0,NO,,,
4046.6666666666665,12140,nan,1.0,NO,,,
4046.6666666666665,12140,nan,1.0,NO,,,
4046.6666666666665,12140,nan,1.0,NO,,,
4046.6666666666665,12140,nan,1.0,NO,,,
4050.0,12150,nan,0.0,NO,,,
4050.0,12150,nan,0.0,NO,,,
4050.0,12150,nan,0.0,NO,,,
4050.0,12150,nan,0.0,NO,,,
4050.0,12150,nan,0.0,NO,,,
4050.0,12150,nan,0.0,NO,,,
4050.0,12150,nan,0.0,NO,,,
4050.0,12150,nan,0.0,NO,,,
4050.0,12150,nan,0.0,NO,,,
4050.0,12150,nan,0.0,NO,,,
4053.3333333333335,12160,nan,0.0,NO,,,
4053.3333333333335,12160,nan,0.0,NO,,,
4053.3333333333335,12160,nan,0.0,NO,,,
4053.3333333333335,12160,nan,0.0,NO,,,
4053.3333333333335,12160,nan,0.0,NO,,,
4053.3333333333335,12160,nan,0.0,NO,,,
4053.3333333333335,12160,nan,0.0,NO,,,
4053.3333333333335,12160,nan,0.0,NO,,,
4053.3333333333335,12160,nan,0.0,NO,,,
4053.3333333333335,12160,nan,0.0,NO,,,
4056.6666666666665,12170,nan,1.0,NO,,,
4056.6666666666665,12170,nan,1.0,NO,,,
4056.6666666666665,12170,nan,1.0,NO,,,
4056.6666666666665,12170,nan,1.0,NO,,,
4056.6666666666665,12170,nan,1.0,NO,,,
4056.6666666666665,12170,nan,1.0,NO,,,
4056.6666666666665,12170,nan,1.0,NO,,,
4056.6666666666665,12170,nan,1.0,NO,,,
4056.6666666666665,12170,nan,1.0,NO,,,
4056.6666666666665,12170,nan,1.0,NO,,,
4060.0,12180,nan,0.0,NO,,,
4060.0,12180,nan,0.0,NO,,,
4060.0,12180,nan,0.0,NO,,,
4060.0,12180,nan,0.0,NO,,,
4060.0,12180,nan,0.0,NO,,,
4060.0,12180,nan,0.0,NO,,,
4060.0,12180,nan,0.0,NO,,,
4060.0,12180,nan,0.0,NO,,,
4060.0,12180,nan,0.0,NO,,,
4060.0,12180,nan,0.0,NO,,,
4063.3333333333335,12190,nan,0.0,NO,,,
4063.3333333333335,12190,nan,0.0,NO,,,
4063.3333333333335,12190,nan,0.0,NO,,,
4063.3333333333335,12190,nan,0.0,NO,,,
4063.3333333333335,12190,nan,0.0,NO,,,
4063.3333333333335,12190,nan,0.0,NO,,,
4063.3333333333335,12190,nan,0.0,NO,,,
4063.3333333333335,12190,nan,0.0,NO,,,
4063.3333333333335,12190,nan,0.0,NO,,,
4063.3333333333335,12190,nan,0.0,YES,nan,0.2,
4066.6666666666665,12200,nan,1.0,NO,,,
4066.6666666666665,12200,nan,1.0,NO,,,
4066.6666666666665,12200,nan,1.0,NO,,,
4066.6666666666665,12200,nan,1.0,NO,,,
4066.6666666666665,12200,nan,1.0,NO,,,
4066.6666666666665,12200,nan,1.0,NO,,,
4066.6666666666665,12200,nan,1.0,NO,,,
4066.6666666666665,12200,nan,1.0,NO,,,
4066.6666666666665,12200,nan,1.0,NO,,,
4066.6666666666665,12200,nan,1.0,NO,,,
4070.0,12210,nan,0.0,NO,,,
4070.0,12210,nan,0.0,NO,,,
4070.0,12210,nan,0.0,NO,,,
4070.0,12210,nan,0.0,NO,,,
4070.0,12210,nan,0.0,NO,,,
4070.0,12210,nan,0.0,NO,,,
4070.0,12210,nan,0.0,NO,,,
4070.0,12210,nan,0.0,NO,,,
4070.0,12210,nan,0.0,NO,,,
4070.0,12210,nan,0.0,NO,,,
4073.3333333333335,12220,nan,0.0,NO,,,
4073.3333333333335,12220,nan,0.0,NO,,,
4073.3333333333335,12220,nan,0.0,NO,,,
4073.3333333333335,12220,nan,0.0,NO,,,
4073.3333333333335,12220,nan,0.0,NO,,,
4073.3333333333335,12220,nan,0.0,NO,,,
4073.3333333333335,12220,nan,0.0,NO,,,
4073.3333333333335,12220,nan,0.0,NO,,,
4073.3333333333335,12220,nan,0.0,NO,,,
4073.3333333333335,12220,nan,0.0,NO,,,
4076.6666666666665,12230,nan,1.0,NO,,,
4076.6666666666665,12230,nan,1.0,NO,,,
4076.6666666666665,12230,nan,1.0,NO,,,
4076.6666666666665,12230,nan,1.0,NO,,,
4076.6666666666665,12230,nan,1.0,NO,,,
4076.6666666666665,12230,nan,1.0,NO,,,
4076.6666666666665,12230,nan,1.0,NO,,,
4076.6666666666665,12230,nan,1.0,NO,,,
4076.6666666666665,12230,nan,1.0,NO,,,
4076.6666666666665,12230,nan,1.0,NO,,,
4080.0,12240,nan,0.0,NO,,,
4080.0,12240,nan,0.0,NO,,,
4080.0,12240,nan,0.0,NO,,,
4080.0,12240,nan,0.0,NO,,,
4080.0,12240,nan,0.0,NO,,,
4080.0,12240,nan,0.0,NO,,,
4080.0,12240,nan,0.0,NO,,,
4080.0,12240,nan,0.0,NO,,,
4080.0,12240,nan,0.0,NO,,,
4080.0,12240,nan,0.0,NO,,,
4083.3333333333335,12250,nan,0.0,NO,,,
4083.3333333333335,12250,nan,0.0,NO,,,
4083.3333333333335,12250,nan,0.0,NO,,,
4083.3333333333335,12250,nan,0.0,NO,,,
4083.3333333333335,12250,nan,0.0,NO,,,
4083.3333333333335,12250,nan,0.0,NO,,,
4083.3333333333335,12250,nan,0.0,NO,,,
4083.3333333333335,12250,nan,0.0,NO,,,
4083.3333333333335,12250,nan,0.0,NO,,,
4083.3333333333335,12250,nan,0.0,NO,,,
4086.6666666666665,12260,nan,1.0,NO,,,
4086.6666666666665,12260,nan,1.0,NO,,,
4086.6666666666665,12260,nan,1.0,NO,,,
4086.6666666666665,12260,nan,1.0,NO,,,
4086.6666666666665,12260,nan,1.0,NO,,,
4086.6666666666665,12260,nan,1.0,NO,,,
4086.6666666666665,12260,nan,1.0,NO,,,
4086.6666666666665,12260,nan,1.0,NO,,,
4086.6666666666665,12260,nan,1.0,NO,,,
4086.6666666666665,12260,nan,1.0,NO,,,
4090.0,12270,nan,0.0,NO,,,
4090.0,12270,nan,0.0,NO,,,
4090.0,12270,nan,0.0,NO,,,
4090.0,12270,nan,0.0,NO,,,
4090.0,12270,nan,0.0,NO,,,
4090.0,12270,nan,0.0,NO,,,
4090.0,12270,nan,0.0,NO,,,
4090.0,12270,nan,0.0,NO,,,
4090.0,12270,nan,0.0,NO,,,
4090.0,12270,nan,0.0,NO,,,
4093.3333333333335,12280,nan,0.0,NO,,,
4093.3333333333335,12280,nan,0.0,NO,,,
4093.3333333333335,12280,nan,0.0,NO,,,
4093.3333333333335,12280,nan,0.0,NO,,,
4093.3333333333335,12280,nan,0.0,NO,,,
4093.3333333333335,12280,nan,0.0,NO,,,
4093.3333333333335,12280,nan,0.0,NO,,,
4093.3333333333335,12280,nan,0.0,NO,,,
4093.3333333333335,12280,nan,0.0,NO,,,
4093.3333333333335,12280,nan,0.0,NO,,,
4096.666666666667,12290,nan,1.0,NO,,,
4096.666666666667,12290,nan,1.0,NO,,,
4096.666666666667,12290,nan,1.0,NO,,,
4096.666666666667,12290,nan,1.0,NO,,,
4096.666666666667,12290,nan,1.0,NO,,,
4096.666666666667,12290,nan,1.0,NO,,,
4096.666666666667,12290,nan,1.0,NO,,,
4096.666666666667,12290,nan,1.0,NO,,,
4096.666666666667,12290,nan,1.0,NO,,,
4096.666666666667,12290,nan,1.0,NO,,,
4100.0,12300,nan,0.0,NO,,,
4100.0,12300,nan,0.0,NO,,,
4100.0,12300,nan,0.0,NO,,,
4100.0,12300,nan,0.0,NO,,,
4100.0,12300,nan,0.0,NO,,,
4100.0,12300,nan,0.0,NO,,,
4100.0,12300,nan,0.0,NO,,,
4100.0,12300,nan,0.0,NO,,,
4100.0,12300,nan,0.0,NO,,,
4100.0,12300,nan,0.0,NO,,,
4103.333333333333,12310,nan,0.0,NO,,,
4103.333333333333,12310,nan,0.0,NO,,,
4103.333333333333,12310,nan,0.0,NO,,,
4103.333333333333,12310,nan,0.0,NO,,,
4103.333333333333,12310,nan,0.0,NO,,,
4103.333333333333,12310,nan,0.0,NO,,,
4103.333333333333,12310,nan,0.0,NO,,,
4103.333333333333,12310,nan,0.0,NO,,,
4103.333333333333,12310,nan,0.0,NO,,,
4103.333333333333,12310,nan,0.0,NO,,,
4106.666666666667,12320,nan,1.0,NO,,,
4106.666666666667,12320,nan,1.0,NO,,,
4106.666666666667,12320,nan,1.0,NO,,,
4106.666666666667,12320,nan,1.0,NO,,,
4106.666666666667,12320,nan,1.0,NO,,,
4106.666666666667,12320,nan,1.0,NO,,,
4106.666666666667,12320,nan,1.0,NO,,,
4106.666666666667,12320,nan,1.0,NO,,,
4106.666666666667,12320,nan,1.0,NO,,,
4106.666666666667,12320,nan,1.0,NO,,,
4110.0,12330,nan,0.0,NO,,,
4110.0,12330,nan,0.0,NO,,,
4110.0,12330,nan,0.0,NO,,,
4110.0,12330,nan,0.0,NO,,,
4110.0,12330,nan,0.0,NO,,,
4110.0,12330,nan,0.0,NO,,,
4110.0,12330,nan,0.0,NO,,,
4110.0,12330,nan,0.0,NO,,,
4110.0,12330,nan,0.0,NO,,,
4110.0,12330,nan,0.0,NO,,,
4113.333333333333,12340,nan,0.0,NO,,,
4113.333333333333,12340,nan,0.0,NO,,,
4113.333333333333,12340,nan,0.0,NO,,,
4113.333333333333,12340,nan,0.0,NO,,,
4113.333333333333,12340,nan,0.0,NO,,,
4113.333333333333,12340,nan,0.0,NO,,,
4113.333333333333,12340,nan,0.0,NO,,,
4113.333333333333,12340,nan,0.0,NO,,,
4113.333333333333,12340,nan,0.0,NO,,,
4113.333333333333,12340,nan,0.0,NO,,,
4116.666666666667,12350,nan,1.0,NO,,,
4116.666666666667,12350,nan,1.0,NO,,,
4116.666666666667,12350,nan,1.0,NO,,,
4116.666666666667,12350,nan,1.0,NO,,,
4116.666666666667,12350,nan,1.0,NO,,,
4116.666666666667,12350,nan,1.0,NO,,,
4116.666666666667,12350,nan,1.0,NO,,,
4116.666666666667,12350,nan,1.0,NO,,,
4116.666666666667,12350,nan,1.0,NO,,,
4116.666666666667,12350,nan,1.0,NO,,,
4120.0,12360,nan,0.0,NO,,,
4120.0,12360,nan,0.0,NO,,,
4120.0,12360,nan,0.0,NO,,,
4120.0,12360,nan,0.0,NO,,,
4120.0,12360,nan,0.0,NO,,,
4120.0,12360,nan,0.0,NO,,,
4120.0,12360,nan,0.0,NO,,,
4120.0,12360,nan,0.0,NO,,,
4120.0,12360,nan,0.0,NO,,,
4120.0,12360,nan,0.0,NO,,,
4123.333333333333,12370,nan,0.0,NO,,,
4123.333333333333,12370,nan,0.0,NO,,,
4123.333333333333,12370,nan,0.0,NO,,,
4123.333333333333,12370,nan,0.0,NO,,,
4123.333333333333,12370,nan,0.0,NO,,,
4123.333333333333,12370,nan,0.0,NO,,,
4123.333333333333,12370,nan,0.0,NO,,,
4123.333333333333,12370,nan,0.0,NO,,,
4123.333333333333,12370,nan,0.0,NO,,,
4123.333333333333,12370,nan,0.0,NO,,,
4126.666666666667,12380,nan,1.0,NO,,,
4126.666666666667,12380,nan,1.0,NO,,,
4126.666666666667,12380,nan,1.0,NO,,,
4126.666666666667,12380,nan,1.0,NO,,,
4126.666666666667,12380,nan,1.0,NO,,,
4126.666666666667,12380,nan,1.0,NO,,,
4126.666666666667,12380,nan,1.0,NO,,,
4126.666666666667,12380,nan,1.0,NO,,,
4126.666666666667,12380,nan,1.0,NO,,,
4126.666666666667,12380,nan,1.0,NO,,,
4130.0,12390,nan,0.0,NO,,,
4130.0,12390,nan,0.0,NO,,,
4130.0,12390,nan,0.0,NO,,,
4130.0,12390,nan,0.0,NO,,,
4130.0,12390,nan,0.0,NO,,,
4130.0,12390,nan,0.0,NO,,,
4130.0,12390,nan,0.0,NO,,,
4130.0,12390,nan,0.0,NO,,,
4130.0,12390,nan,0.0,NO,,,
4130.0,12390,nan,0.0,YES,nan,0.2,
4133.333333333333,12400,nan,0.0,NO,,,
4133.333333333333,12400,nan,0.0,NO,,,
4133.333333333333,12400,nan,0.0,NO,,,
4133.333333333333,12400,nan,0.0,NO,,,
4133.333333333333,12400,nan,0.0,NO,,,
4133.333333333333,12400,nan,0.0,NO,,,
4133.333333333333,12400,nan,0.0,NO,,,
4133.333333333333,12400,nan,0.0,NO,,,
4133.333333333333,12400,nan,0.0,NO,,,
4133.333333333333,12400,nan,0.0,NO,,,
4136.666666666667,12410,nan,1.0,NO,,,
4136.666666666667,12410,nan,1.0,NO,,,
4136.666666666667,12410,nan,1.0,NO,,,
4136.666666666667,12410,nan,1.0,NO,,,
4136.666666666667,12410,nan,1.0,NO,,,
4136.666666666667,12410,nan,1.0,NO,,,
4136.666666666667,12410,nan,1.0,NO,,,
4136.666666666667,12410,nan,1.0,NO,,,
4136.666666666667,12410,nan,1.0,NO,,,
4136.666666666667,12410,nan,1.0,NO,,,
4140.0,12420,nan,0.0,NO,,,
4140.0,12420,nan,0.0,NO,,,
4140.0,12420,nan,0.0,NO,,,
4140.0,12420,nan,0.0,NO,,,
4140.0,12420,nan,0.0,NO,,,
4140.0,12420,nan,0.0,NO,,,
4140.0,12420,nan,0.0,NO,,,
4140.0,12420,nan,0.0,NO,,,
4140.0,12420,nan,0.0,NO,,,
4140.0,12420,nan,0.0,NO,,,
4143.333333333333,12430,nan,0.0,NO,,,
4143.333333333333,12430,nan,0.0,NO,,,
4143.333333333333,12430,nan,0.0,NO,,,
4143.333333333333,12430,nan,0.0,NO,,,
4143.333333333333,12430,nan,0.0,NO,,,
4143.333333333333,12430,nan,0.0,NO,,,
4143.333333333333,12430,nan,0.0,NO,,,
4143.333333333333,12430,nan,0.0,NO,,,
4143.333333333333,12430,nan,0.0,NO,,,
4143.333333333333,12430,nan,0.0,NO,,,
4146.666666666667,12440,nan,1.0,NO,,,
4146.666666666667,12440,nan,1.0,NO,,,
4146.666666666667,12440,nan,1.0,NO,,,
4146.666666666667,12440,nan,1.0,NO,,,
4146.666666666667,12440,nan,1.0,NO,,,
4146.666666666667,12440,nan,1.0,NO,,,
4146.666666666667,12440,nan,1.0,NO,,,
4146.666666666667,12440,nan,1.0,NO,,,
4146.666666666667,12440,nan,1.0,NO,,,
4146.666666666667,12440,nan,1.0,NO,,,
4150.0,12450,nan,0.0,NO,,,
4150.0,12450,nan,0.0,NO,,,
4150.0,12450,nan,0.0,NO,,,
4150.0,12450,nan,0.0,NO,,,
4150.0,12450,nan,0.0,NO,,,
4150.0,12450,nan,0.0,NO,,,
4150.0,12450,nan,0.0,NO,,,
4150.0,12450,nan,0.0,NO,,,
4150.0,12450,nan,0.0,NO,,,
4150.0,12450,nan,0.0,NO,,,
4153.333333333333,12460,nan,0.0,NO,,,
4153.333333333333,12460,nan,0.0,NO,,,
4153.333333333333,12460,nan,0.0,NO,,,
4153.333333333333,12460,nan,0.0,NO,,,
4153.333333333333,12460,nan,0.0,NO,,,
4153.333333333333,12460,nan,0.0,NO,,,
4153.333333333333,12460,nan,0.0,NO,,,
4153.333333333333,12460,nan,0.0,NO,,,
4153.333333333333,12460,nan,0.0,NO,,,
4153.333333333333,12460,nan,0.0,NO,,,
4156.666666666667,12470,nan,1.0,NO,,,
4156.666666666667,12470,nan,1.0,NO,,,
4156.666666666667,12470,nan,1.0,NO,,,
4156.666666666667,12470,nan,1.0,NO,,,
4156.666666666667,12470,nan,1.0,NO,,,
4156.666666666667,12470,nan,1.0,NO,,,
4156.666666666667,12470,nan,1.0,NO,,,
4156.666666666667,12470,nan,1.0,NO,,,
4156.666666666667,12470,nan,1.0,NO,,,
4156.666666666667,12470,nan,1.0,NO,,,
4160.0,12480,nan,0.0,NO,,,
4160.0,12480,nan,0.0,NO,,,
4160.0,12480,nan,0.0,NO,,,
4160.0,12480,nan,0.0,NO,,,
4160.0,12480,nan,0.0,NO,,,
4160.0,12480,nan,0.0,NO,,,
4160.0,12480,nan,0.0,NO,,,
4160.0,12480,nan,0.0,NO,,,
4160.0,12480,nan,0.0,NO,,,
4160.0,12480,nan,0.0,NO,,,
4163.333333333333,12490,nan,0.0,NO,,,
4163.333333333333,12490,nan,0.0,NO,,,
4163.333333333333,12490,nan,0.0,NO,,,
4163.333333333333,12490,nan,0.0,NO,,,
4163.333333333333,12490,nan,0.0,NO,,,
4163.333333333333,12490,nan,0.0,NO,,,
4163.333333333333,12490,nan,0.0,NO,,,
4163.333333333333,12490,nan,0.0,NO,,,
4163.333333333333,12490,nan,0.0,NO,,,
4163.333333333333,12490,nan,0.0,NO,,,
4166.666666666667,12500,nan,1.0,NO,,,
4166.666666666667,12500,nan,1.0,NO,,,
4166.666666666667,12500,nan,1.0,NO,,,
4166.666666666667,12500,nan,1.0,NO,,,
4166.666666666667,12500,nan,1.0,NO,,,
4166.666666666667,12500,nan,1.0,NO,,,
4166.666666666667,12500,nan,1.0,NO,,,
4166.666666666667,12500,nan,1.0,NO,,,
4166.666666666667,12500,nan,1.0,NO,,,
4166.666666666667,12500,nan,1.0,NO,,,
4170.0,12510,nan,0.0,NO,,,
4170.0,12510,nan,0.0,NO,,,
4170.0,12510,nan,0.0,NO,,,
4170.0,12510,nan,0.0,NO,,,
4170.0,12510,nan,0.0,NO,,,
4170.0,12510,nan,0.0,NO,,,
4170.0,12510,nan,0.0,NO,,,
4170.0,12510,nan,0.0,NO,,,
4170.0,12510,nan,0.0,NO,,,
4170.0,12510,nan,0.0,NO,,,
4173.333333333333,12520,nan,0.0,NO,,,
4173.333333333333,12520,nan,0.0,NO,,,
4173.333333333333,12520,nan,0.0,NO,,,
4173.333333333333,12520,nan,0.0,NO,,,
4173.333333333333,12520,nan,0.0,NO,,,
4173.333333333333,12520,nan,0.0,NO,,,
4173.333333333333,12520,nan,0.0,NO,,,
4173.333333333333,12520,nan,0.0,NO,,,
4173.333333333333,12520,nan,0.0,NO,,,
4173.333333333333,12520,nan,0.0,NO,,,
4176.666666666667,12530,nan,1.0,NO,,,
4176.666666666667,12530,nan,1.0,NO,,,
4176.666666666667,12530,nan,1.0,NO,,,
4176.666666666667,12530,nan,1.0,NO,,,
4176.666666666667,12530,nan,1.0,NO,,,
4176.666666666667,12530,nan,1.0,NO,,,
4176.666666666667,12530,nan,1.0,NO,,,
4176.666666666667,12530,nan,1.0,NO,,,
4176.666666666667,12530,nan,1.0,NO,,,
4176.666666666667,12530,nan,1.0,NO,,,
4180.0,12540,nan,0.0,NO,,,
4180.0,12540,nan,0.0,NO,,,
4180.0,12540,nan,0.0,NO,,,
4180.0,12540,nan,0.0,NO,,,
4180.0,12540,nan,0.0,NO,,,
4180.0,12540,nan,0.0,NO,,,
4180.0,12540,nan,0.0,NO,,,
4180.0,12540,nan,0.0,NO,,,
4180.0,12540,nan,0.0,NO,,,
4180.0,12540,nan,0.0,NO,,,
4183.333333333333,12550,nan,0.0,NO,,,
4183.333333333333,12550,nan,0.0,NO,,,
4183.333333333333,12550,nan,0.0,NO,,,
4183.333333333333,12550,nan,0.0,NO,,,
4183.333333333333,12550,nan,0.0,NO,,,
4183.333333333333,12550,nan,0.0,NO,,,
4183.333333333333,12550,nan,0.0,NO,,,
4183.333333333333,12550,nan,0.0,NO,,,
4183.333333333333,12550,nan,0.0,NO,,,
4183.333333333333,12550,nan,0.0,NO,,,
4186.666666666667,12560,nan,1.0,NO,,,
4186.666666666667,12560,nan,1.0,NO,,,
4186.666666666667,12560,nan,1.0,NO,,,
4186.666666666667,12560,nan,1.0,NO,,,
4186.666666666667,12560,nan,1.0,NO,,,
4186.666666666667,12560,nan,1.0,NO,,,
4186.666666666667,12560,nan,1.0,NO,,,
4186.666666666667,12560,nan,1.0,NO,,,
4186.666666666667,12560,nan,1.0,NO,,,
4186.666666666667,12560,nan,1.0,NO,,,
4190.0,12570,nan,0.0,NO,,,
4190.0,12570,nan,0.0,NO,,,
4190.0,12570,nan,0.0,NO,,,
4190.0,12570,nan,0.0,NO,,,
4190.0,12570,nan,0.0,NO,,,
4190.0,12570,nan,0.0,NO,,,
4190.0,12570,nan,0.0,NO,,,
4190.0,12570,nan,0.0,NO,,,
4190.0,12570,nan,0.0,NO,,,
4190.0,12570,nan,0.0,NO,,,
4193.333333333333,12580,nan,0.0,NO,,,
4193.333333333333,12580,nan,0.0,NO,,,
4193.333333333333,12580,nan,0.0,NO,,,
4193.333333333333,12580,nan,0.0,NO,,,
4193.333333333333,12580,nan,0.0,NO,,,
4193.333333333333,12580,nan,0.0,NO,,,
4193.333333333333,12580,nan,0.0,NO,,,
4193.333333333333,12580,nan,0.0,NO,,,
4193.333333333333,12580,nan,0.0,NO,,,
4193.333333333333,12580,nan,0.0,NO,,,
4196.666666666667,12590,nan,1.0,NO,,,
4196.666666666667,12590,nan,1.0,NO,,,
4196.666666666667,12590,nan,1.0,NO,,,
4196.666666666667,12590,nan,1.0,NO,,,
4196.666666666667,12590,nan,1.0,NO,,,
4196.666666666667,12590,nan,1.0,NO,,,
4196.666666666667,12590,nan,1.0,NO,,,
4196.666666666667,12590,nan,1.0,NO,,,
4196.666666666667,12590,nan,1.0,NO,,,
4196.666666666667,12590,nan,1.0,YES,nan,0.2,
4200.0,12600,nan,0.0,NO,,,
4200.0,12600,nan,0.0,NO,,,
4200.0,12600,nan,0.0,NO,,,
4200.0,12600,nan,0.0,NO,,,
4200.0,12600,nan,0.0,NO,,,
4200.0,12600,nan,0.0,NO,,,
4200.0,12600,nan,0.0,NO,,,
4200.0,12600,nan,0.0,NO,,,
4200.0,12600,nan,0.0,NO,,,
4200.0,12600,nan,0.0,NO,,,
4203.333333333333,12610,nan,0.0,NO,,,
4203.333333333333,12610,nan,0.0,NO,,,
4203.333333333333,12610,nan,0.0,NO,,,
4203.333333333333,12610,nan,0.0,NO,,,
4203.333333333333,12610,nan,0.0,NO,,,
4203.333333333333,12610,nan,0.0,NO,,,
4203.333333333333,12610,nan,0.0,NO,,,
4203.333333333333,12610,nan,0.0,NO,,,
4203.333333333333,12610,nan,0.0,NO,,,
4203.333333333333,12610,nan,0.0,NO,,,
4206.666666666667,12620,nan,1.0,NO,,,
4206.666666666667,12620,nan,1.0,NO,,,
4206.666666666667,12620,nan,1.0,NO,,,
4206.666666666667,12620,nan,1.0,NO,,,
4206.666666666667,12620,nan,1.0,NO,,,
4206.666666666667,12620,nan,1.0,NO,,,
4206.666666666667,12620,nan,1.0,NO,,,
4206.666666666667,12620,nan,1.0,NO,,,
4206.666666666667,12620,nan,1.0,NO,,,
4206.666666666667,12620,nan,1.0,NO,,,
4210.0,12630,nan,0.0,NO,,,
4210.0,12630,nan,0.0,NO,,,
4210.0,12630,nan,0.0,NO,,,
4210.0,12630,nan,0.0,NO,,,
4210.0,12630,nan,0.0,NO,,,
4210.0,12630,nan,0.0,NO,,,
4210.0,12630,nan,0.0,NO,,,
4210.0,12630,nan,0.0,NO,,,
4210.0,12630,nan,0.0,NO,,,
4210.0,12630,nan,0.0,NO,,,
4213.333333333333,12640,nan,0.0,NO,,,
4213.333333333333,12640,nan,0.0,NO,,,
4213.333333333333,12640,nan,0.0,NO,,,
4213.333333333333,12640,nan,0.0,NO,,,
4213.333333333333,12640,nan,0.0,NO,,,
4213.333333333333,12640,nan,0.0,NO,,,
4213.333333333333,12640,nan,0.0,NO,,,
4213.333333333333,12640,nan,0.0,NO,,,
4213.333333333333,12640,nan,0.0,NO,,,
4213.333333333333,12640,nan,0.0,NO,,,
4216.666666666667,12650,nan,1.0,NO,,,
4216.666666666667,12650,nan,1.0,NO,,,
4216.666666666667,12650,nan,1.0,NO,,,
4216.666666666667,12650,nan,1.0,NO,,,
4216.666666666667,12650,nan,1.0,NO,,,
4216.666666666667,12650,nan,1.0,NO,,,
4216.666666666667,12650,nan,1.0,NO,,,
4216.666666666667,12650,nan,1.0,NO,,,
4216.666666666667,12650,nan,1.0,NO,,,
4216.666666666667,12650,nan,1.0,NO,,,
4220.0,12660,nan,0.0,NO,,,
4220.0,12660,nan,0.0,NO,,,
4220.0,12660,nan,0.0,NO,,,
4220.0,12660,nan,0.0,NO,,,
4220.0,12660,nan,0.0,NO,,,
4220.0,12660,nan,0.0,NO,,,
4220.0,12660,nan,0.0,NO,,,
4220.0,12660,nan,0.0,NO,,,
4220.0,12660,nan,0.0,NO,,,
4220.0,12660,nan,0.0,NO,,,
4223.333333333333,12670,nan,0.0,NO,,,
4223.333333333333,12670,nan,0.0,NO,,,
4223.333333333333,12670,nan,0.0,NO,,,
4223.333333333333,12670,nan,0.0,NO,,,
4223.333333333333,12670,nan,0.0,NO,,,
4223.333333333333,12670,nan,0.0,NO,,,
4223.333333333333,12670,nan,0.0,NO,,,
4223.333333333333,12670,nan,0.0,NO,,,
4223.333333333333,12670,nan,0.0,NO,,,
4223.333333333333,12670,nan,0.0,NO,,,
4226.666666666667,12680,nan,1.0,NO,,,
4226.666666666667,12680,nan,1.0,NO,,,
4226.666666666667,12680,nan,1.0,NO,,,
4226.666666666667,12680,nan,1.0,NO,,,
4226.666666666667,12680,nan,1.0,NO,,,
4226.666666666667,12680,nan,1.0,NO,,,
4226.666666666667,12680,nan,1.0,NO,,,
4226.666666666667,12680,nan,1.0,NO,,,
4226.666666666667,12680,nan,1.0,NO,,,
4226.666666666667,12680,nan,1.0,NO,,,
4230.0,12690,nan,0.0,NO,,,
4230.0,12690,nan,0.0,NO,,,
4230.0,12690,nan,0.0,NO,,,
4230.0,12690,nan,0.0,NO,,,
4230.0,12690,nan,0.0,NO,,,
4230.0,12690,nan,0.0,NO,,,
4230.0,12690,nan,0.0,NO,,,
4230.0,12690,nan,0.0,NO,,,
4230.0,12690,nan,0.0,NO,,,
4230.0,12690,nan,0.0,NO,,,
4233.333333333333,12700,nan,0.0,NO,,,
4233.333333333333,12700,nan,0.0,NO,,,
4233.333333333333,12700,nan,0.0,NO,,,
4233.333333333333,12700,nan,0.0,NO,,,
4233.333333333333,12700,nan,0.0,NO,,,
4233.333333333333,12700,nan,0.0,NO,,,
4233.333333333333,12700,nan,0.0,NO,,,
4233.333333333333,12700,nan,0.0,NO,,,
4233.333333333333,12700,nan,0.0,NO,,,
4233.333333333333,12700,nan,0.0,NO,,,
4236.666666666667,12710,nan,1.0,NO,,,
4236.666666666667,12710,nan,1.0,NO,,,
4236.666666666667,12710,nan,1.0,NO,,,
4236.666666666667,12710,nan,1.0,NO,,,
4236.666666666667,12710,nan,1.0,NO,,,
4236.666666666667,12710,nan,1.0,NO,,,
4236.666666666667,12710,nan,1.0,NO,,,
4236.666666666667,12710,nan,1.0,NO,,,
4236.666666666667,12710,nan,1.0,NO,,,
4236.666666666667,12710,nan,1.0,NO,,,
4240.0,12720,nan,0.0,NO,,,
4240.0,12720,nan,0.0,NO,,,
4240.0,12720,nan,0.0,NO,,,
4240.0,12720,nan,0.0,NO,,,
4240.0,12720,nan,0.0,NO,,,
4240.0,12720,nan,0.0,NO,,,
4240.0,12720,nan,0.0,NO,,,
4240.0,12720,nan,0.0,NO,,,
4240.0,12720,nan,0.0,NO,,,
4240.0,12720,nan,0.0,NO,,,
4243.333333333333,12730,nan,0.0,NO,,,
4243.333333333333,12730,nan,0.0,NO,,,
4243.333333333333,12730,nan,0.0,NO,,,
4243.333333333333,12730,nan,0.0,NO,,,
4243.333333333333,12730,nan,0.0,NO,,,
4243.333333333333,12730,nan,0.0,NO,,,
4243.333333333333,12730,nan,0.0,NO,,,
4243.333333333333,12730,nan,0.0,NO,,,
4243.333333333333,12730,nan,0.0,NO,,,
4243.333333333333,12730,nan,0.0,NO,,,
4246.666666666667,12740,nan,1.0,NO,,,
4246.666666666667,12740,nan,1.0,NO,,,
4246.666666666667,12740,nan,1.0,NO,,,
4246.666666666667,12740,nan,1.0,NO,,,
4246.666666666667,12740,nan,1.0,NO,,,
4246.666666666667,12740,nan,1.0,NO,,,
4246.666666666667,12740,nan,1.0,NO,,,
4246.666666666667,12740,nan,1.0,NO,,,
4246.666666666667,12740,nan,1.0,NO,,,
4246.666666666667,12740,nan,1.0,NO,,,
4250.0,12750,nan,0.0,NO,,,
4250.0,12750,nan,0.0,NO,,,
4250.0,12750,nan,0.0,NO,,,
4250.0,12750,nan,0.0,NO,,,
4250.0,12750,nan,0.0,NO,,,
4250.0,12750,nan,0.0,NO,,,
4250.0,12750,nan,0.0,NO,,,
4250.0,12750,nan,0.0,NO,,,
4250.0,12750,nan,0.0,NO,,,
4250.0,12750,nan,0.0,NO,,,
4253.333333333333,12760,nan,0.0,NO,,,
4253.333333333333,12760,nan,0.0,NO,,,
4253.333333333333,12760,nan,0.0,NO,,,
4253.333333333333,12760,nan,0.0,NO,,,
4253.333333333333,12760,nan,0.0,NO,,,
4253.333333333333,12760,nan,0.0,NO,,,
4253.333333333333,12760,nan,0.0,NO,,,
4253.333333333333,12760,nan,0.0,NO,,,
4253.333333333333,12760,nan,0.0,NO,,,
4253.333333333333,12760,nan,0.0,NO,,,
4256.666666666667,12770,nan,1.0,NO,,,
4256.666666666667,12770,nan,1.0,NO,,,
4256.666666666667,12770,nan,1.0,NO,,,
4256.666666666667,12770,nan,1.0,NO,,,
4256.666666666667,12770,nan,1.0,NO,,,
4256.666666666667,12770,nan,1.0,NO,,,
4256.666666666667,12770,nan,1.0,NO,,,
4256.666666666667,12770,nan,1.0,NO,,,
4256.666666666667,12770,nan,1.0,NO,,,
4256.666666666667,12770,nan,1.0,NO,,,
4260.0,12780,nan,0.0,NO,,,
4260.0,12780,nan,0.0,NO,,,
4260.0,12780,nan,0.0,NO,,,
4260.0,12780,nan,0.0,NO,,,
4260.0,12780,nan,0.0,NO,,,
4260.0,12780,nan,0.0,NO,,,
4260.0,12780,nan,0.0,NO,,,
4260.0,12780,nan,0.0,NO,,,
4260.0,12780,nan,0.0,NO,,,
4260.0,12780,nan,0.0,NO,,,
4263.333333333333,12790,nan,0.0,NO,,,
4263.333333333333,12790,nan,0.0,NO,,,
4263.333333333333,12790,nan,0.0,NO,,,
4263.333333333333,12790,nan,0.0,NO,,,
4263.333333333333,12790,nan,0.0,NO,,,
4263.333333333333,12790,nan,0.0,NO,,,
4263.333333333333,12790,nan,0.0,NO,,,
4263.333333333333,12790,nan,0.0,NO,,,
4263.333333333333,12790,nan,0.0,NO,,,
4263.333333333333,12790,nan,0.0,YES,nan,0.2,
4266.666666666667,12800,nan,1.0,NO,,,
4266.666666666667,12800,nan,1.0,NO,,,
4266.666666666667,12800,nan,1.0,NO,,,
4266.666666666667,12800,nan,1.0,NO,,,
4266.666666666667,12800,nan,1.0,NO,,,
4266.666666666667,12800,nan,1.0,NO,,,
4266.666666666667,12800,nan,1.0,NO,,,
4266.666666666667,12800,nan,1.0,NO,,,
4266.666666666667,12800,nan,1.0,NO,,,
4266.666666666667,12800,nan,1.0,NO,,,
4270.0,12810,nan,0.0,NO,,,
4270.0,12810,nan,0.0,NO,,,
4270.0,12810,nan,0.0,NO,,,
4270.0,12810,nan,0.0,NO,,,
4270.0,12810,nan,0.0,NO,,,
4270.0,12810,nan,0.0,NO,,,
4270.0,12810,nan,0.0,NO,,,
4270.0,12810,nan,0.0,NO,,,
4270.0,12810,nan,0.0,NO,,,
4270.0,12810,nan,0.0,NO,,,
4273.333333333333,12820,nan,0.0,NO,,,
4273.333333333333,12820,nan,0.0,NO,,,
4273.333333333333,12820,nan,0.0,NO,,,
4273.333333333333,12820,nan,0.0,NO,,,
4273.333333333333,12820,nan,0.0,NO,,,
4273.333333333333,12820,nan,0.0,NO,,,
4273.333333333333,12820,nan,0.0,NO,,,
4273.333333333333,12820,nan,0.0,NO,,,
4273.333333333333,12820,nan,0.0,NO,,,
4273.333333333333,12820,nan,0.0,NO,,,
4276.666666666667,12830,nan,1.0,NO,,,
4276.666666666667,12830,nan,1.0,NO,,,
4276.666666666667,12830,nan,1.0,NO,,,
4276.666666666667,12830,nan,1.0,NO,,,
4276.666666666667,12830,nan,1.0,NO,,,
4276.666666666667,12830,nan,1.0,NO,,,
4276.666666666667,12830,nan,1.0,NO,,,
4276.666666666667,12830,nan,1.0,NO,,,
4276.666666666667,12830,nan,1.0,NO,,,
4276.666666666667,12830,nan,1.0,NO,,,
4280.0,12840,nan,0.0,NO,,,
4280.0,12840,nan,0.0,NO,,,
4280.0,12840,nan,0.0,NO,,,
4280.0,12840,nan,0.0,NO,,,
4280.0,12840,nan,0.0,NO,,,
4280.0,12840,nan,0.0,NO,,,
4280.0,12840,nan,0.0,NO,,,
4280.0,12840,nan,0.0,NO,,,
4280.0,12840,nan,0.0,NO,,,
4280.0,12840,nan,0.0,NO,,,
4283.333333333333,12850,nan,0.0,NO,,,
4283.333333333333,12850,nan,0.0,NO,,,
4283.333333333333,12850,nan,0.0,NO,,,
4283.333333333333,12850,nan,0.0,NO,,,
4283.333333333333,12850,nan,0.0,NO,,,
4283.333333333333,12850,nan,0.0,NO,,,
4283.333333333333,12850,nan,0.0,NO,,,
4283.333333333333,12850,nan,0.0,NO,,,
4283.333333333333,12850,nan,0.0,NO,,,
4283.333333333333,12850,nan,0.0,NO,,,
4286.666666666667,12860,nan,1.0,NO,,,
4286.666666666667,12860,nan,1.0,NO,,,
4286.666666666667,12860,nan,1.0,NO,,,
4286.666666666667,12860,nan,1.0,NO,,,
4286.666666666667,12860,nan,1.0,NO,,,
4286.666666666667,12860,nan,1.0,NO,,,
4286.666666666667,12860,nan,1.0,NO,,,
4286.666666666667,12860,nan,1.0,NO,,,
4286.666666666667,12860,nan,1.0,NO,,,
4286.666666666667,12860,nan,1.0,NO,,,
4290.0,12870,nan,0.0,NO,,,
4290.0,12870,nan,0.0,NO,,,
4290.0,12870,nan,0.0,NO,,,
4290.0,12870,nan,0.0,NO,,,
4290.0,12870,nan,0.0,NO,,,
4290.0,12870,nan,0.0,NO,,,
4290.0,12870,nan,0.0,NO,,,
4290.0,12870,nan,0.0,NO,,,
4290.0,12870,nan,0.0,NO,,,
4290.0,12870,nan,0.0,NO,,,
4293.333333333333,12880,nan,0.0,NO,,,
4293.333333333333,12880,nan,0.0,NO,,,
4293.333333333333,12880,nan,0.0,NO,,,
4293.333333333333,12880,nan,0.0,NO,,,
4293.333333333333,12880,nan,0.0,NO,,,
4293.333333333333,12880,nan,0.0,NO,,,
4293.333333333333,12880,nan,0.0,NO,,,
4293.333333333333,12880,nan,0.0,NO,,,
4293.333333333333,12880,nan,0.0,NO,,,
4293.333333333333,12880,nan,0.0,NO,,,
4296.666666666667,12890,nan,1.0,NO,,,
4296.666666666667,12890,nan,1.0,NO,,,
4296.666666666667,12890,nan,1.0,NO,,,
4296.666666666667,12890,nan,1.0,NO,,,
4296.666666666667,12890,nan,1.0,NO,,,
4296.666666666667,12890,nan,1.0,NO,,,
4296.666666666667,12890,nan,1.0,NO,,,
4296.666666666667,12890,nan,1.0,NO,,,
4296.666666666667,12890,nan,1.0,NO,,,
4296.666666666667,12890,nan,1.0,NO,,,
4300.0,12900,nan,0.0,NO,,,
4300.0,12900,nan,0.0,NO,,,
4300.0,12900,nan,0.0,NO,,,
4300.0,12900,nan,0.0,NO,,,
4300.0,12900,nan,0.0,NO,,,
4300.0,12900,nan,0.0,NO,,,
4300.0,12900,nan,0.0,NO,,,
4300.0,12900,nan,0.0,NO,,,
4300.0,12900,nan,0.0,NO,,,
4300.0,12900,nan,0.0,NO,,,
4303.333333333333,12910,nan,0.0,NO,,,
4303.333333333333,12910,nan,0.0,NO,,,
4303.333333333333,12910,nan,0.0,NO,,,
4303.333333333333,12910,nan,0.0,NO,,,
4303.333333333333,12910,nan,0.0,NO,,,
4303.333333333333,12910,nan,0.0,NO,,,
4303.333333333333,12910,nan,0.0,NO,,,
4303.333333333333,12910,nan,0.0,NO,,,
4303.333333333333,12910,nan,0.0,NO,,,
4303.333333333333,12910,nan,0.0,NO,,,
4306.666666666667,12920,nan,1.0,NO,,,
4306.666666666667,12920,nan,1.0,NO,,,
4306.666666666667,12920,nan,1.0,NO,,,
4306.666666666667,12920,nan,1.0,NO,,,
4306.666666666667,12920,nan,1.0,NO,,,
4306.666666666667,12920,nan,1.0,NO,,,
4306.666666666667,12920,nan,1.0,NO,,,
4306.666666666667,12920,nan,1.0,NO,,,
4306.666666666667,12920,nan,1.0,NO,,,
4306.666666666667,12920,nan,1.0,NO,,,
4310.0,12930,nan,0.0,NO,,,
4310.0,12930,nan,0.0,NO,,,
4310.0,12930,nan,0.0,NO,,,
4310.0,12930,nan,0.0,NO,,,
4310.0,12930,nan,0.0,NO,,,
4310.0,12930,nan,0.0,NO,,,
4310.0,12930,nan,0.0,NO,,,
4310.0,12930,nan,0.0,NO,,,
4310.0,12930,nan,0.0,NO,,,
4310.0,12930,nan,0.0,NO,,,
4313.333333333333,12940,nan,0.0,NO,,,
4313.333333333333,12940,nan,0.0,NO,,,
4313.333333333333,12940,nan,0.0,NO,,,
4313.333333333333,12940,nan,0.0,NO,,,
4313.333333333333,12940,nan,0.0,NO,,,
4313.333333333333,12940,nan,0.0,NO,,,
4313.333333333333,12940,nan,0.0,NO,,,
4313.333333333333,12940,nan,0.0,NO,,,
4313.333333333333,12940,nan,0.0,NO,,,
4313.333333333333,12940,nan,0.0,NO,,,
4316.666666666667,12950,nan,1.0,NO,,,
4316.666666666667,12950,nan,1.0,NO,,,
4316.666666666667,12950,nan,1.0,NO,,,
4316.666666666667,12950,nan,1.0,NO,,,
4316.666666666667,12950,nan,1.0,NO,,,
4316.666666666667,12950,nan,1.0,NO,,,
4316.666666666667,12950,nan,1.0,NO,,,
4316.666666666667,12950,nan,1.0,NO,,,
4316.666666666667,12950,nan,1.0,NO,,,
4316.666666666667,12950,nan,1.0,NO,,,
4320.0,12960,nan,0.0,NO,,,
4320.0,12960,nan,0.0,NO,,,
4320.0,12960,nan,0.0,NO,,,
4320.0,12960,nan,0.0,NO,,,
4320.0,12960,nan,0.0,NO,,,
4320.0,12960,nan,0.0,NO,,,
4320.0,12960,nan,0.0,NO,,,
4320.0,12960,nan,0.0,NO,,,
4320.0,12960,nan,0.0,NO,,,
4320.0,12960,nan,0.0,NO,,,
4323.333333333333,12970,nan,0.0,NO,,,
4323.333333333333,12970,nan,0.0,NO,,,
4323.333333333333,12970,nan,0.0,NO,,,
4323.333333333333,12970,nan,0.0,NO,,,
4323.333333333333,12970,nan,0.0,NO,,,
4323.333333333333,12970,nan,0.0,NO,,,
4323.333333333333,12970,nan,0.0,NO,,,
4323.333333333333,12970,nan,0.0,NO,,,
4323.333333333333,12970,nan,0.0,NO,,,
4323.333333333333,12970,nan,0.0,NO,,,
4326.666666666667,12980,nan,1.0,NO,,,
4326.666666666667,12980,nan,1.0,NO,,,
4326.666666666667,12980,nan,1.0,NO,,,
4326.666666666667,12980,nan,1.0,NO,,,
4326.666666666667,12980,nan,1.0,NO,,,
4326.666666666667,12980,nan,1.0,NO,,,
4326.666666666667,12980,nan,1.0,NO,,,
4326.666666666667,12980,nan,1.0,NO,,,
4326.666666666667,12980,nan,1.0,NO,,,
4326.666666666667,12980,nan,1.0,NO,,,
4330.0,12990,nan,0.0,NO,,,
4330.0,12990,nan,0.0,NO,,,
4330.0,12990,nan,0.0,NO,,,
4330.0,12990,nan,0.0,NO,,,
4330.0,12990,nan,0.0,NO,,,
4330.0,12990,nan,0.0,NO,,,
4330.0,12990,nan,0.0,NO,,,
4330.0,12990,nan,0.0,NO,,,
4330.0,12990,nan,0.0,NO,,,
4330.0,12990,nan,0.0,YES,nan,0.2,
4333.333333333333,13000,nan,0.0,NO,,,
4333.333333333333,13000,nan,0.0,NO,,,
4333.333333333333,13000,nan,0.0,NO,,,
4333.333333333333,13000,nan,0.0,NO,,,
4333.333333333333,13000,nan,0.0,NO,,,
4333.333333333333,13000,nan,0.0,NO,,,
4333.333333333333,13000,nan,0.0,NO,,,
4333.333333333333,13000,nan,0.0,NO,,,
4333.333333333333,13000,nan,0.0,NO,,,
4333.333333333333,13000,nan,0.0,NO,,,
4336.666666666667,13010,nan,1.0,NO,,,
4336.666666666667,13010,nan,1.0,NO,,,
4336.666666666667,13010,nan,1.0,NO,,,
4336.666666666667,13010,nan,1.0,NO,,,
4336.666666666667,13010,nan,1.0,NO,,,
4336.666666666667,13010,nan,1.0,NO,,,
4336.666666666667,13010,nan,1.0,NO,,,
4336.666666666667,13010,nan,1.0,NO,,,
4336.666666666667,13010,nan,1.0,NO,,,
4336.666666666667,13010,nan,1.0,NO,,,
4340.0,13020,nan,0.0,NO,,,
4340.0,13020,nan,0.0,NO,,,
4340.0,13020,nan,0.0,NO,,,
4340.0,13020,nan,0.0,NO,,,
4340.0,13020,nan,0.0,NO,,,
4340.0,13020,nan,0.0,NO,,,
4340.0,13020,nan,0.0,NO,,,
4340.0,13020,nan,0.0,NO,,,
4340.0,13020,nan,0.0,NO,,,
4340.0,13020,nan,0.0,NO,,,
4343.333333333333,13030,nan,0.0,NO,,,
4343.333333333333,13030,nan,0.0,NO,,,
4343.333333333333,13030,nan,0.0,NO,,,
4343.333333333333,13030,nan,0.0,NO,,,
4343.333333333333,13030,nan,0.0,NO,,,
4343.333333333333,13030,nan,0.0,NO,,,
4343.333333333333,13030,nan,0.0,NO,,,
4343.333333333333,13030,nan,0.0,NO,,,
4343.333333333333,13030,nan,0.0,NO,,,
4343.333333333333,13030,nan,0.0,NO,,,
4346.666666666667,13040,nan,1.0,NO,,,
4346.666666666667,13040,nan,1.0,NO,,,
4346.666666666667,13040,nan,1.0,NO,,,
4346.666666666667,13040,nan,1.0,NO,,,
4346.666666666667,13040,nan,1.0,NO,,,
4346.666666666667,13040,nan,1.0,NO,,,
4346.666666666667,13040,nan,1.0,NO,,,
4346.666666666667,13040,nan,1.0,NO,,,
4346.666666666667,13040,nan,1.0,NO,,,
4346.666666666667,13040,nan,1.0,NO,,,
4350.0,13050,nan,0.0,NO,,,
4350.0,13050,nan,0.0,NO,,,
4350.0,13050,nan,0.0,NO,,,
4350.0,13050,nan,0.0,NO,,,
4350.0,13050,nan,0.0,NO,,,
4350.0,13050,nan,0.0,NO,,,
4350.0,13050,nan,0.0,NO,,,
4350.0,13050,nan,0.0,NO,,,
4350.0,13050,nan,0.0,NO,,,
4350.0,13050,nan,0.0,NO,,,
4353.333333333333,13060,nan,0.0,NO,,,
4353.333333333333,13060,nan,0.0,NO,,,
4353.333333333333,13060,nan,0.0,NO,,,
4353.333333333333,13060,nan,0.0,NO,,,
4353.333333333333,13060,nan,0.0,NO,,,
4353.333333333333,13060,nan,0.0,NO,,,
4353.333333333333,13060,nan,0.0,NO,,,
4353.333333333333,13060,nan,0.0,NO,,,
4353.333333333333,13060,nan,0.0,NO,,,
4353.333333333333,13060,nan,0.0,NO,,,
4356.666666666667,13070,nan,1.0,NO,,,
4356.666666666667,13070,nan,1.0,NO,,,
4356.666666666667,13070,nan,1.0,NO,,,
4356.666666666667,13070,nan,1.0,NO,,,
4356.666666666667,13070,nan,1.0,NO,,,
4356.666666666667,13070,nan,1.0,NO,,,
4356.666666666667,13070,nan,1.0,NO,,,
4356.666666666667,13070,nan,1.0,NO,,,
4356.666666666667,13070,nan,1.0,NO,,,
4356.666666666667,13070,nan,1.0,NO,,,
4360.0,13080,nan,0.0,NO,,,
4360.0,13080,nan,0.0,NO,,,
4360.0,13080,nan,0.0,NO,,,
4360.0,13080,nan,0.0,NO,,,
4360.0,13080,nan,0.0,NO,,,
4360.0,13080,nan,0.0,NO,,,
4360.0,13080,nan,0.0,NO,,,
4360.0,13080,nan,0.0,NO,,,
4360.0,13080,nan,0.0,NO,,,
4360.0,13080,nan,0.0,NO,,,
4363.333333333333,13090,nan,0.0,NO,,,
4363.333333333333,13090,nan,0.0,NO,,,
4363.333333333333,13090,nan,0.0,NO,,,
4363.333333333333,13090,nan,0.0,NO,,,
4363.333333333333,13090,nan,0.0,NO,,,
4363.333333333333,13090,nan,0.0,NO,,,
4363.333333333333,13090,nan,0.0,NO,,,
4363.333333333333,13090,nan,0.0,NO,,,
4363.333333333333,13090,nan,0.0,NO,,,
4363.333333333333,13090,nan,0.0,NO,,,
4366.666666666667,13100,nan,1.0,NO,,,
4366.666666666667,13100,nan,1.0,NO,,,
4366.666666666667,13100,nan,1.0,NO,,,
4366.666666666667,13100,nan,1.0,NO,,,
4366.666666666667,13100,nan,1.0,NO,,,
4366.666666666667,13100,nan,1.0,NO,,,
4366.666666666667,13100,nan,1.0,NO,,,
4366.666666666667,13100,nan,1.0,NO,,,
4366.666666666667,13100,nan,1.0,NO,,,
4366.666666666667,13100,nan,1.0,NO,,,
4370.0,13110,nan,0.0,NO,,,
4370.0,13110,nan,0.0,NO,,,
4370.0,13110,nan,0.0,NO,,,
4370.0,13110,nan,0.0,NO,,,
4370.0,13110,nan,0.0,NO,,,
4370.0,13110,nan,0.0,NO,,,
4370.0,13110,nan,0.0,NO,,,
4370.0,13110,nan,0.0,NO,,,
4370.0,13110,nan,0.0,NO,,,
4370.0,13110,nan,0.0,NO,,,
4373.333333333333,13120,nan,0.0,NO,,,
4373.333333333333,13120,nan,0.0,NO,,,
4373.333333333333,13120,nan,0.0,NO,,,
4373.333333333333,13120,nan,0.0,NO,,,
4373.333333333333,13120,nan,0.0,NO,,,
4373.333333333333,13120,nan,0.0,NO,,,
4373.333333333333,13120,nan,0.0,NO,,,
4373.333333333333,13120,nan,0.0,NO,,,
4373.333333333333,13120,nan,0.0,NO,,,
4373.333333333333,13120,nan,0.0,NO,,,
4376.666666666667,13130,nan,1.0,NO,,,
4376.666666666667,13130,nan,1.0,NO,,,
4376.666666666667,13130,nan,1.0,NO,,,
4376.666666666667,13130,nan,1.0,NO,,,
4376.666666666667,13130,nan,1.0,NO,,,
4376.666666666667,13130,nan,1.0,NO,,,
4376.666666666667,13130,nan,1.0,NO,,,
4376.666666666667,13130,nan,1.0,NO,,,
4376.666666666667,13130,nan,1.0,NO,,,
4376.666666666667,13130,nan,1.0,NO,,,
4380.0,13140,nan,0.0,NO,,,
4380.0,13140,nan,0.0,NO,,,
4380.0,13140,nan,0.0,NO,,,
4380.0,13140,nan,0.0,NO,,,
4380.0,13140,nan,0.0,NO,,,
4380.0,13140,nan,0.0,NO,,,
4380.0,13140,nan,0.0,NO,,,
4380.0,13140,nan,0.0,NO,,,
4380.0,13140,nan,0.0,NO,,,
4380.0,13140,nan,0.0,NO,,,
4383.333333333333,13150,nan,0.0,NO,,,
4383.333333333333,13150,nan,0.0,NO,,,
4383.333333333333,13150,nan,0.0,NO,,,
4383.333333333333,13150,nan,0.0,NO,,,
4383.333333333333,13150,nan,0.0,NO,,,
4383.333333333333,13150,nan,0.0,NO,,,
4383.333333333333,13150,nan,0.0,NO,,,
4383.333333333333,13150,nan,0.0,NO,,,
4383.333333333333,13150,nan,0.0,NO,,,
4383.333333333333,13150,nan,0.0,NO,,,
4386.666666666667,13160,nan,1.0,NO,,,
4386.666666666667,13160,nan,1.0,NO,,,
4386.666666666667,13160,nan,1.0,NO,,,
4386.666666666667,13160,nan,1.0,NO,,,
4386.666666666667,13160,nan,1.0,NO,,,
4386.666666666667,13160,nan,1.0,NO,,,
4386.666666666667,13160,nan,1.0,NO,,,
4386.666666666667,13160,nan,1.0,NO,,,
4386.666666666667,13160,nan,1.0,NO,,,
4386.666666666667,13160,nan,1.0,NO,,,
4390.0,13170,nan,0.0,NO,,,
4390.0,13170,nan,0.0,NO,,,
4390.0,13170,nan,0.0,NO,,,
4390.0,13170,nan,0.0,NO,,,
4390.0,13170,nan,0.0,NO,,,
4390.0,13170,nan,0.0,NO,,,
4390.0,13170,nan,0.0,NO,,,
4390.0,13170,nan,0.0,NO,,,
4390.0,13170,nan,0.0,NO,,,
4390.0,13170,nan,0.0,NO,,,
4393.333333333333,13180,nan,0.0,NO,,,
4393.333333333333,13180,nan,0.0,NO,,,
4393.333333333333,13180,nan,0.0,NO,,,
4393.333333333333,13180,nan,0.0,NO,,,
4393.333333333333,13180,nan,0.0,NO,,,
4393.333333333333,13180,nan,0.0,NO,,,
4393.333333333333,13180,nan,0.0,NO,,,
4393.333333333333,13180,nan,0.0,NO,,,
4393.333333333333,13180,nan,0.0,NO,,,
4393.333333333333,13180,nan,0.0,NO,,,
4396.666666666667,13190,nan,1.0,NO,,,
4396.666666666667,13190,nan,1.0,NO,,,
4396.666666666667,13190,nan,1.0,NO,,,
4396.666666666667,13190,nan,1.0,NO,,,
4396.666666666667,13190,nan,1.0,NO,,,
4396.666666666667,13190,nan,1.0,NO,,,
4396.666666666667,13190,nan,1.0,NO,,,
4396.666666666667,13190,nan,1.0,NO,,,
4396.666666666667,13190,nan,1.0,NO,,,
4396.666666666667,13190,nan,1.0,YES,nan,0.2,
4400.0,13200,nan,0.0,NO,,,
4400.0,13200,nan,0.0,NO,,,
4400.0,13200,nan,0.0,NO,,,
4400.0,13200,nan,0.0,NO,,,
4400.0,13200,nan,0.0,NO,,,
4400.0,13200,nan,0.0,NO,,,
4400.0,13200,nan,0.0,NO,,,
4400.0,13200,nan,0.0,NO,,,
4400.0,13200,nan,0.0,NO,,,
4400.0,13200,nan,0.0,NO,,,
4403.333333333333,13210,nan,0.0,NO,,,
4403.333333333333,13210,nan,0.0,NO,,,
4403.333333333333,13210,nan,0.0,NO,,,
4403.333333333333,13210,nan,0.0,NO,,,
4403.333333333333,13210,nan,0.0,NO,,,
4403.333333333333,13210,nan,0.0,NO,,,
4403.333333333333,13210,nan,0.0,NO,,,
4403.333333333333,13210,nan,0.0,NO,,,
4403.333333333333,13210,nan,0.0,NO,,,
4403.333333333333,13210,nan,0.0,NO,,,
4406.666666666667,13220,nan,1.0,NO,,,
4406.666666666667,13220,nan,1.0,NO,,,
4406.666666666667,13220,nan,1.0,NO,,,
4406.666666666667,13220,nan,1.0,NO,,,
4406.666666666667,13220,nan,1.0,NO,,,
4406.666666666667,13220,nan,1.0,NO,,,
4406.666666666667,13220,nan,1.0,NO,,,
4406.666666666667,13220,nan,1.0,NO,,,
4406.666666666667,13220,nan,1.0,NO,,,
4406.666666666667,13220,nan,1.0,NO,,,
4410.0,13230,nan,0.0,NO,,,
4410.0,13230,nan,0.0,NO,,,
4410.0,13230,nan,0.0,NO,,,
4410.0,13230,nan,0.0,NO,,,
4410.0,13230,nan,0.0,NO,,,
4410.0,13230,nan,0.0,NO,,,
4410.0,13230,nan,0.0,NO,,,
4410.0,13230,nan,0.0,NO,,,
4410.0,13230,nan,0.0,NO,,,
4410.0,13230,nan,0.0,NO,,,
4413.333333333333,13240,nan,0.0,NO,,,
4413.333333333333,13240,nan,0.0,NO,,,
4413.333333333333,13240,nan,0.0,NO,,,
4413.333333333333,13240,nan,0.0,NO,,,
4413.333333333333,13240,nan,0.0,NO,,,
4413.333333333333,13240,nan,0.0,NO,,,
4413.333333333333,13240,nan,0.0,NO,,,
4413.333333333333,13240,nan,0.0,NO,,,
4413.333333333333,13240,nan,0.0,NO,,,
4413.333333333333,13240,nan,0.0,NO,,,
4416.666666666667,13250,nan,1.0,NO,,,
4416.666666666667,13250,nan,1.0,NO,,,
4416.666666666667,13250,nan,1.0,NO,,,
4416.666666666667,13250,nan,1.0,NO,,,
4416.666666666667,13250,nan,1.0,NO,,,
4416.666666666667,13250,nan,1.0,NO,,,
4416.666666666667,13250,nan,1.0,NO,,,
4416.666666666667,13250,nan,1.0,NO,,,
4416.666666666667,13250,nan,1.0,NO,,,
4416.666666666667,13250,nan,1.0,NO,,,
4420.0,13260,nan,0.0,NO,,,
4420.0,13260,nan,0.0,NO,,,
4420.0,13260,nan,0.0,NO,,,
4420.0,13260,nan,0.0,NO,,,
4420.0,13260,nan,0.0,NO,,,
4420.0,13260,nan,0.0,NO,,,
4420.0,13260,nan,0.0,NO,,,
4420.0,13260,nan,0.0,NO,,,
4420.0,13260,nan,0.0,NO,,,
4420.0,13260,nan,0.0,NO,,,
4423.333333333333,13270,nan,0.0,NO,,,
4423.333333333333,13270,nan,0.0,NO,,,
4423.333333333333,13270,nan,0.0,NO,,,
4423.333333333333,13270,nan,0.0,NO,,,
4423.333333333333,13270,nan,0.0,NO,,,
4423.333333333333,13270,nan,0.0,NO,,,
4423.333333333333,13270,nan,0.0,NO,,,
4423.333333333333,13270,nan,0.0,NO,,,
4423.333333333333,13270,nan,0.0,NO,,,
4423.333333333333,13270,nan,0.0,NO,,,
4426.666666666667,13280,nan,1.0,NO,,,
4426.666666666667,13280,nan,1.0,NO,,,
4426.666666666667,13280,nan,1.0,NO,,,
4426.666666666667,13280,nan,1.0,NO,,,
4426.666666666667,13280,nan,1.0,NO,,,
4426.666666666667,13280,nan,1.0,NO,,,
4426.666666666667,13280,nan,1.0,NO,,,
4426.666666666667,13280,nan,1.0,NO,,,
4426.666666666667,13280,nan,1.0,NO,,,
4426.666666666667,13280,nan,1.0,NO,,,
4430.0,13290,nan,0.0,NO,,,
4430.0,13290,nan,0.0,NO,,,
4430.0,13290,nan,0.0,NO,,,
4430.0,13290,nan,0.0,NO,,,
4430.0,13290,nan,0.0,NO,,,
4430.0,13290,nan,0.0,NO,,,
4430.0,13290,nan,0.0,NO,,,
4430.0,13290,nan,0.0,NO,,,
4430.0,13290,nan,0.0,NO,,,
4430.0,13290,nan,0.0,NO,,,
4433.333333333333,13300,nan,0.0,NO,,,
4433.333333333333,13300,nan,0.0,NO,,,
4433.333333333333,13300,nan,0.0,NO,,,
4433.333333333333,13300,nan,0.0,NO,,,
4433.333333333333,13300,nan,0.0,NO,,,
4433.333333333333,13300,nan,0.0,NO,,,
4433.333333333333,13300,nan,0.0,NO,,,
4433.333333333333,13300,nan,0.0,NO,,,
4433.333333333333,13300,nan,0.0,NO,,,
4433.333333333333,13300,nan,0.0,NO,,,
4436.666666666667,13310,nan,1.0,NO,,,
4436.666666666667,13310,nan,1.0,NO,,,
4436.666666666667,13310,nan,1.0,NO,,,
4436.666666666667,13310,nan,1.0,NO,,,
4436.666666666667,13310,nan,1.0,NO,,,
4436.666666666667,13310,nan,1.0,NO,,,
4436.666666666667,13310,nan,1.0,NO,,,
4436.666666666667,13310,nan,1.0,NO,,,
4436.666666666667,13310,nan,1.0,NO,,,
4436.666666666667,13310,nan,1.0,NO,,,
4440.0,13320,nan,0.0,NO,,,
4440.0,13320,nan,0.0,NO,,,
4440.0,13320,nan,0.0,NO,,,
4440.0,13320,nan,0.0,NO,,,
4440.0,13320,nan,0.0,NO,,,
4440.0,13320,nan,0.0,NO,,,
4440.0,13320,nan,0.0,NO,,,
4440.0,13320,nan,0.0,NO,,,
4440.0,13320,nan,0.0,NO,,,
4440.0,13320,nan,0.0,NO,,,
4443.333333333333,13330,nan,0.0,NO,,,
4443.333333333333,13330,nan,0.0,NO,,,
4443.333333333333,13330,nan,0.0,NO,,,
4443.333333333333,13330,nan,0.0,NO,,,
4443.333333333333,13330,nan,0.0,NO,,,
4443.333333333333,13330,nan,0.0,NO,,,
4443.333333333333,13330,nan,0.0,NO,,,
4443.333333333333,13330,nan,0.0,NO,,,
4443.333333333333,13330,nan,0.0,NO,,,
4443.333333333333,13330,nan,0.0,NO,,,
4446.666666666667,13340,nan,1.0,NO,,,
4446.666666666667,13340,nan,1.0,NO,,,
4446.666666666667,13340,nan,1.0,NO,,,
4446.666666666667,13340,nan,1.0,NO,,,
4446.666666666667,13340,nan,1.0,NO,,,
4446.666666666667,13340,nan,1.0,NO,,,
4446.666666666667,13340,nan,1.0,NO,,,
4446.666666666667,13340,nan,1.0,NO,,,
4446.666666666667,13340,nan,1.0,NO,,,
4446.666666666667,13340,nan,1.0,NO,,,
4450.0,13350,nan,0.0,NO,,,
4450.0,13350,nan,0.0,NO,,,
4450.0,13350,nan,0.0,NO,,,
4450.0,13350,nan,0.0,NO,,,
4450.0,13350,nan,0.0,NO,,,
4450.0,13350,nan,0.0,NO,,,
4450.0,13350,nan,0.0,NO,,,
4450.0,13350,nan,0.0,NO,,,
4450.0,13350,nan,0.0,NO,,,
4450.0,13350,nan,0.0,NO,,,
4453.333333333333,13360,nan,0.0,NO,,,
4453.333333333333,13360,nan,0.0,NO,,,
4453.333333333333,13360,nan,0.0,NO,,,
4453.333333333333,13360,nan,0.0,NO,,,
4453.333333333333,13360,nan,0.0,NO,,,
4453.333333333333,13360,nan,0.0,NO,,,
4453.333333333333,13360,nan,0.0,NO,,,
4453.333333333333,13360,nan,0.0,NO,,,
4453.333333333333,13360,nan,0.0,NO,,,
4453.333333333333,13360,nan,0.0,NO,,,
4456.666666666667,13370,nan,1.0,NO,,,
4456.666666666667,13370,nan,1.0,NO,,,
4456.666666666667,13370,nan,1.0,NO,,,
4456.666666666667,13370,nan,1.0,NO,,,
4456.666666666667,13370,nan,1.0,NO,,,
4456.666666666667,13370,nan,1.0,NO,,,
4456.666666666667,13370,nan,1.0,NO,,,
4456.666666666667,13370,nan,1.0,NO,,,
4456.666666666667,13370,nan,1.0,NO,,,
4456.666666666667,13370,nan,1.0,NO,,,
4460.0,13380,nan,0.0,NO,,,
4460.0,13380,nan,0.0,NO,,,
4460.0,13380,nan,0.0,NO,,,
4460.0,13380,nan,0.0,NO,,,
4460.0,13380,nan,0.0,NO,,,
4460.0,13380,nan,0.0,NO,,,
4460.0,13380,nan,0.0,NO,,,
4460.0,13380,nan,0.0,NO,,,
4460.0,13380,nan,0.0,NO,,,
4460.0,13380,nan,0.0,NO,,,
4463.333333333333,13390,nan,0.0,NO,,,
4463.333333333333,13390,nan,0.0,NO,,,
4463.333333333333,13390,nan,0.0,NO,,,
4463.333333333333,13390,nan,0.0,NO,,,
4463.333333333333,13390,nan,0.0,NO,,,
4463.333333333333,13390,nan,0.0,NO,,,
4463.333333333333,13390,nan,0.0,NO,,,
4463.333333333333,13390,nan,0.0,NO,,,
4463.333333333333,13390,nan,0.0,NO,,,
4463.333333333333,13390,nan,0.0,YES,nan,0.2,
4466.666666666667,13400,nan,1.0,NO,,,
4466.666666666667,13400,nan,1.0,NO,,,
4466.666666666667,13400,nan,1.0,NO,,,
4466.666666666667,13400,nan,1.0,NO,,,
4466.666666666667,13400,nan,1.0,NO,,,
4466.666666666667,13400,nan,1.0,NO,,,
4466.666666666667,13400,nan,1.0,NO,,,
4466.666666666667,13400,nan,1.0,NO,,,
4466.666666666667,13400,nan,1.0,NO,,,
4466.666666666667,13400,nan,1.0,NO,,,
4470.0,13410,nan,0.0,NO,,,
4470.0,13410,nan,0.0,NO,,,
4470.0,13410,nan,0.0,NO,,,
4470.0,13410,nan,0.0,NO,,,
4470.0,13410,nan,0.0,NO,,,
4470.0,13410,nan,0.0,NO,,,
4470.0,13410,nan,0.0,NO,,,
4470.0,13410,nan,0.0,NO,,,
4470.0,13410,nan,0.0,NO,,,
4470.0,13410,nan,0.0,NO,,,
4473.333333333333,13420,nan,0.0,NO,,,
4473.333333333333,13420,nan,0.0,NO,,,
4473.333333333333,13420,nan,0.0,NO,,,
4473.333333333333,13420,nan,0.0,NO,,,
4473.333333333333,13420,nan,0.0,NO,,,
4473.333333333333,13420,nan,0.0,NO,,,
4473.333333333333,13420,nan,0.0,NO,,,
4473.333333333333,13420,nan,0.0,NO,,,
4473.333333333333,13420,nan,0.0,NO,,,
4473.333333333333,13420,nan,0.0,NO,,,
4476.666666666667,13430,nan,1.0,NO,,,
4476.666666666667,13430,nan,1.0,NO,,,
4476.666666666667,13430,nan,1.0,NO,,,
4476.666666666667,13430,nan,1.0,NO,,,
4476.666666666667,13430,nan,1.0,NO,,,
4476.666666666667,13430,nan,1.0,NO,,,
4476.666666666667,13430,nan,1.0,NO,,,
4476.666666666667,13430,nan,1.0,NO,,,
4476.666666666667,13430,nan,1.0,NO,,,
4476.666666666667,13430,nan,1.0,NO,,,
4480.0,13440,nan,0.0,NO,,,
4480.0,13440,nan,0.0,NO,,,
4480.0,13440,nan,0.0,NO,,,
4480.0,13440,nan,0.0,NO,,,
4480.0,13440,nan,0.0,NO,,,
4480.0,13440,nan,0.0,NO,,,
4480.0,13440,nan,0.0,NO,,,
4480.0,13440,nan,0.0,NO,,,
4480.0,13440,nan,0.0,NO,,,
4480.0,13440,nan,0.0,NO,,,
4483.333333333333,13450,nan,0.0,NO,,,
4483.333333333333,13450,nan,0.0,NO,,,
4483.333333333333,13450,nan,0.0,NO,,,
4483.333333333333,13450,nan,0.0,NO,,,
4483.333333333333,13450,nan,0.0,NO,,,
4483.333333333333,13450,nan,0.0,NO,,,
4483.333333333333,13450,nan,0.0,NO,,,
4483.333333333333,13450,nan,0.0,NO,,,
4483.333333333333,13450,nan,0.0,NO,,,
4483.333333333333,13450,nan,0.0,NO,,,
4486.666666666667,13460,nan,1.0,NO,,,
4486.666666666667,13460,nan,1.0,NO,,,
4486.666666666667,13460,nan,1.0,NO,,,
4486.666666666667,13460,nan,1.0,NO,,,
4486.666666666667,13460,nan,1.0,NO,,,
4486.666666666667,13460,nan,1.0,NO,,,
4486.666666666667,13460,nan,1.0,NO,,,
4486.666666666667,13460,nan,1.0,NO,,,
4486.666666666667,13460,nan,1.0,NO,,,
4486.666666666667,13460,nan,1.0,NO,,,
4490.0,13470,nan,0.0,NO,,,
4490.0,13470,nan,0.0,NO,,,
4490.0,13470,nan,0.0,NO,,,
4490.0,13470,nan,0.0,NO,,,
4490.0,13470,nan,0.0,NO,,,
4490.0,13470,nan,0.0,NO,,,
4490.0,13470,nan,0.0,NO,,,
4490.0,13470,nan,0.0,NO,,,
4490.0,13470,nan,0.0,NO,,,
4490.0,13470,nan,0.0,NO,,,
4493.333333333333,13480,nan,0.0,NO,,,
4493.333333333333,13480,nan,0.0,NO,,,
4493.333333333333,13480,nan,0.0,NO,,,
4493.333333333333,13480,nan,0.0,NO,,,
4493.333333333333,13480,nan,0.0,NO,,,
4493.333333333333,13480,nan,0.0,NO,,,
4493.333333333333,13480,nan,0.0,NO,,,
4493.333333333333,13480,nan,0.0,NO,,,
4493.333333333333,13480,nan,0.0,NO,,,
4493.333333333333,13480,nan,0.0,NO,,,
4496.666666666667,13490,nan,1.0,NO,,,
4496.666666666667,13490,nan,1.0,NO,,,
4496.666666666667,13490,nan,1.0,NO,,,
4496.666666666667,13490,nan,1.0,NO,,,
4496.666666666667,13490,nan,1.0,NO,,,
4496.666666666667,13490,nan,1.0,NO,,,
4496.666666666667,13490,nan,1.0,NO,,,
4496.666666666667,13490,nan,1.0,NO,,,
4496.666666666667,13490,nan,1.0,NO,,,
4496.666666666667,13490,nan,1.0,NO,,,
4500.0,13500,nan,0.0,NO,,,
4500.0,13500,nan,0.0,NO,,,
4500.0,13500,nan,0.0,NO,,,
4500.0,13500,nan,0.0,NO,,,
4500.0,13500,nan,0.0,NO,,,
4500.0,13500,nan,0.0,NO,,,
4500.0,13500,nan,0.0,NO,,,
4500.0,13500,nan,0.0,NO,,,
4500.0,13500,nan,0.0,NO,,,
4500.0,13500,nan,0.0,NO,,,
4503.333333333333,13510,nan,0.0,NO,,,
4503.333333333333,13510,nan,0.0,NO,,,
4503.333333333333,13510,nan,0.0,NO,,,
4503.333333333333,13510,nan,0.0,NO,,,
4503.333333333333,13510,nan,0.0,NO,,,
4503.333333333333,13510,nan,0.0,NO,,,
4503.333333333333,13510,nan,0.0,NO,,,
4503.333333333333,13510,nan,0.0,NO,,,
4503.333333333333,13510,nan,0.0,NO,,,
4503.333333333333,13510,nan,0.0,NO,,,
4506.666666666667,13520,nan,1.0,NO,,,
4506.666666666667,13520,nan,1.0,NO,,,
4506.666666666667,13520,nan,1.0,NO,,,
4506.666666666667,13520,nan,1.0,NO,,,
4506.666666666667,13520,nan,1.0,NO,,,
4506.666666666667,13520,nan,1.0,NO,,,
4506.666666666667,13520,nan,1.0,NO,,,
4506.666666666667,13520,nan,1.0,NO,,,
4506.666666666667,13520,nan,1.0,NO,,,
4506.666666666667,13520,nan,1.0,NO,,,
4510.0,13530,nan,0.0,NO,,,
4510.0,13530,nan,0.0,NO,,,
4510.0,13530,nan,0.0,NO,,,
4510.0,13530,nan,0.0,NO,,,
4510.0,13530,nan,0.0,NO,,,
4510.0,13530,nan,0.0,NO,,,
4510.0,13530,nan,0.0,NO,,,
4510.0,13530,nan,0.0,NO,,,
4510.0,13530,nan,0.0,NO,,,
4510.0,13530,nan,0.0,NO,,,
4513.333333333333,13540,nan,0.0,NO,,,
4513.333333333333,13540,nan,0.0,NO,,,
4513.333333333333,13540,nan,0.0,NO,,,
4513.333333333333,13540,nan,0.0,NO,,,
4513.333333333333,13540,nan,0.0,NO,,,
4513.333333333333,13540,nan,0.0,NO,,,
4513.333333333333,13540,nan,0.0,NO,,,
4513.333333333333,13540,nan,0.0,NO,,,
4513.333333333333,13540,nan,0.0,NO,,,
4513.333333333333,13540,nan,0.0,NO,,,
4516.666666666667,13550,nan,1.0,NO,,,
4516.666666666667,13550,nan,1.0,NO,,,
4516.666666666667,13550,nan,1.0,NO,,,
4516.666666666667,13550,nan,1.0,NO,,,
4516.666666666667,13550,nan,1.0,NO,,,
4516.666666666667,13550,nan,1.0,NO,,,
4516.666666666667,13550,nan,1.0,NO,,,
4516.666666666667,13550,nan,1.0,NO,,,
4516.666666666667,13550,nan,1.0,NO,,,
4516.666666666667,13550,nan,1.0,NO,,,
4520.0,13560,nan,0.0,NO,,,
4520.0,13560,nan,0.0,NO,,,
4520.0,13560,nan,0.0,NO,,,
4520.0,13560,nan,0.0,NO,,,
4520.0,13560,nan,0.0,NO,,,
4520.0,13560,nan,0.0,NO,,,
4520.0,13560,nan,0.0,NO,,,
4520.0,13560,nan,0.0,NO,,,
4520.0,13560,nan,0.0,NO,,,
4520.0,13560,nan,0.0,NO,,,
4523.333333333333,13570,nan,0.0,NO,,,
4523.333333333333,13570,nan,0.0,NO,,,
4523.333333333333,13570,nan,0.0,NO,,,
4523.333333333333,13570,nan,0.0,NO,,,
4523.333333333333,13570,nan,0.0,NO,,,
4523.333333333333,13570,nan,0.0,NO,,,
4523.333333333333,13570,nan,0.0,NO,,,
4523.333333333333,13570,nan,0.0,NO,,,
4523.333333333333,13570,nan,0.0,NO,,,
4523.333333333333,13570,nan,0.0,NO,,,
4526.666666666667,13580,nan,1.0,NO,,,
4526.666666666667,13580,nan,1.0,NO,,,
4526.666666666667,13580,nan,1.0,NO,,,
4526.666666666667,13580,nan,1.0,NO,,,
4526.666666666667,13580,nan,1.0,NO,,,
4526.666666666667,13580,nan,1.0,NO,,,
4526.666666666667,13580,nan,1.0,NO,,,
4526.666666666667,13580,nan,1.0,NO,,,
4526.666666666667,13580,nan,1.0,NO,,,
4526.666666666667,13580,nan,1.0,NO,,,
4530.0,13590,nan,0.0,NO,,,
4530.0,13590,nan,0.0,NO,,,
4530.0,13590,nan,0.0,NO,,,
4530.0,13590,nan,0.0,NO,,,
4530.0,13590,nan,0.0,NO,,,
4530.0,13590,nan,0.0,NO,,,
4530.0,13590,nan,0.0,NO,,,
4530.0,13590,nan,0.0,NO,,,
4530.0,13590,nan,0.0,NO,,,
4530.0,13590,nan,0.0,YES,nan,0.2,
4533.333333333333,13600,nan,0.0,NO,,,
4533.333333333333,13600,nan,0.0,NO,,,
4533.333333333333,13600,nan,0.0,NO,,,
4533.333333333333,13600,nan,0.0,NO,,,
4533.333333333333,13600,nan,0.0,NO,,,
4533.333333333333,13600,nan,0.0,NO,,,
4533.333333333333,13600,nan,0.0,NO,,,
4533.333333333333,13600,nan,0.0,NO,,,
4533.333333333333,13600,nan,0.0,NO,,,
4533.333333333333,13600,nan,0.0,NO,,,
4536.666666666667,13610,nan,1.0,NO,,,
4536.666666666667,13610,nan,1.0,NO,,,
4536.666666666667,13610,nan,1.0,NO,,,
4536.666666666667,13610,nan,1.0,NO,,,
4536.666666666667,13610,nan,1.0,NO,,,
4536.666666666667,13610,nan,1.0,NO,,,
4536.666666666667,13610,nan,1.0,NO,,,
4536.666666666667,13610,nan,1.0,NO,,,
4536.666666666667,13610,nan,1.0,NO,,,
4536.666666666667,13610,nan,1.0,NO,,,
4540.0,13620,nan,0.0,NO,,,
4540.0,13620,nan,0.0,NO,,,
4540.0,13620,nan,0.0,NO,,,
4540.0,13620,nan,0.0,NO,,,
4540.0,13620,nan,0.0,NO,,,
4540.0,13620,nan,0.0,NO,,,
4540.0,13620,nan,0.0,NO,,,
4540.0,13620,nan,0.0,NO,,,
4540.0,13620,nan,0.0,NO,,,
4540.0,13620,nan,0.0,NO,,,
4543.333333333333,13630,nan,0.0,NO,,,
4543.333333333333,13630,nan,0.0,NO,,,
4543.333333333333,13630,nan,0.0,NO,,,
4543.333333333333,13630,nan,0.0,NO,,,
4543.333333333333,13630,nan,0.0,NO,,,
4543.333333333333,13630,nan,0.0,NO,,,
4543.333333333333,13630,nan,0.0,NO,,,
4543.333333333333,13630,nan,0.0,NO,,,
4543.333333333333,13630,nan,0.0,NO,,,
4543.333333333333,13630,nan,0.0,NO,,,
4546.666666666667,13640,nan,1.0,NO,,,
4546.666666666667,13640,nan,1.0,NO,,,
4546.666666666667,13640,nan,1.0,NO,,,
4546.666666666667,13640,nan,1.0,NO,,,
4546.666666666667,13640,nan,1.0,NO,,,
4546.666666666667,13640,nan,1.0,NO,,,
4546.666666666667,13640,nan,1.0,NO,,,
4546.666666666667,13640,nan,1.0,NO,,,
4546.666666666667,13640,nan,1.0,NO,,,
4546.666666666667,13640,nan,1.0,NO,,,
4550.0,13650,nan,0.0,NO,,,
4550.0,13650,nan,0.0,NO,,,
4550.0,13650,nan,0.0,NO,,,
4550.0,13650,nan,0.0,NO,,,
4550.0,13650,nan,0.0,NO,,,
4550.0,13650,nan,0.0,NO,,,
4550.0,13650,nan,0.0,NO,,,
4550.0,13650,nan,0.0,NO,,,
4550.0,13650,nan,0.0,NO,,,
4550.0,13650,nan,0.0,NO,,,
4553.333333333333,13660,nan,0.0,NO,,,
4553.333333333333,13660,nan,0.0,NO,,,
4553.333333333333,13660,nan,0.0,NO,,,
4553.333333333333,13660,nan,0.0,NO,,,
4553.333333333333,13660,nan,0.0,NO,,,
4553.333333333333,13660,nan,0.0,NO,,,
4553.333333333333,13660,nan,0.0,NO,,,
4553.333333333333,13660,nan,0.0,NO,,,
4553.333333333333,13660,nan,0.0,NO,,,
4553.333333333333,13660,nan,0.0,NO,,,
4556.666666666667,13670,nan,1.0,NO,,,
4556.666666666667,13670,nan,1.0,NO,,,
4556.666666666667,13670,nan,1.0,NO,,,
4556.666666666667,13670,nan,1.0,NO,,,
4556.666666666667,13670,nan,1.0,NO,,,
4556.666666666667,13670,nan,1.0,NO,,,
4556.666666666667,13670,nan,1.0,NO,,,
4556.666666666667,13670,nan,1.0,NO,,,
4556.666666666667,13670,nan,1.0,NO,,,
4556.666666666667,13670,nan,1.0,NO,,,
4560.0,13680,nan,0.0,NO,,,
4560.0,13680,nan,0.0,NO,,,
4560.0,13680,nan,0.0,NO,,,
4560.0,13680,nan,0.0,NO,,,
4560.0,13680,nan,0.0,NO,,,
4560.0,13680,nan,0.0,NO,,,
4560.0,13680,nan,0.0,NO,,,
4560.0,13680,nan,0.0,NO,,,
4560.0,13680,nan,0.0,NO,,,
4560.0,13680,nan,0.0,NO,,,
4563.333333333333,13690,nan,0.0,NO,,,
4563.333333333333,13690,nan,0.0,NO,,,
4563.333333333333,13690,nan,0.0,NO,,,
4563.333333333333,13690,nan,0.0,NO,,,
4563.333333333333,13690,nan,0.0,NO,,,
4563.333333333333,13690,nan,0.0,NO,,,
4563.333333333333,13690,nan,0.0,NO,,,
4563.333333333333,13690,nan,0.0,NO,,,
4563.333333333333,13690,nan,0.0,NO,,,
4563.333333333333,13690,nan,0.0,NO,,,
4566.666666666667,13700,nan,1.0,NO,,,
4566.666666666667,13700,nan,1.0,NO,,,
4566.666666666667,13700,nan,1.0,NO,,,
4566.666666666667,13700,nan,1.0,NO,,,
4566.666666666667,13700,nan,1.0,NO,,,
4566.666666666667,13700,nan,1.0,NO,,,
4566.666666666667,13700,nan,1.0,NO,,,
4566.666666666667,13700,nan,1.0,NO,,,
4566.666666666667,13700,nan,1.0,NO,,,
4566.666666666667,13700,nan,1.0,NO,,,
4570.0,13710,nan,0.0,NO,,,
4570.0,13710,nan,0.0,NO,,,
4570.0,13710,nan,0.0,NO,,,
4570.0,13710,nan,0.0,NO,,,
4570.0,13710,nan,0.0,NO,,,
4570.0,13710,nan,0.0,NO,,,
4570.0,13710,nan,0.0,NO,,,
4570.0,13710,nan,0.0,NO,,,
4570.0,13710,nan,0.0,NO,,,
4570.0,13710,nan,0.0,NO,,,
4573.333333333333,13720,nan,0.0,NO,,,
4573.333333333333,13720,nan,0.0,NO,,,
4573.333333333333,13720,nan,0.0,NO,,,
4573.333333333333,13720,nan,0.0,NO,,,
4573.333333333333,13720,nan,0.0,NO,,,
4573.333333333333,13720,nan,0.0,NO,,,
4573.333333333333,13720,nan,0.0,NO,,,
4573.333333333333,13720,nan,0.0,NO,,,
4573.333333333333,13720,nan,0.0,NO,,,
4573.333333333333,13720,nan,0.0,NO,,,
4576.666666666667,13730,nan,1.0,NO,,,
4576.666666666667,13730,nan,1.0,NO,,,
4576.666666666667,13730,nan,1.0,NO,,,
4576.666666666667,13730,nan,1.0,NO,,,
4576.666666666667,13730,nan,1.0,NO,,,
4576.666666666667,13730,nan,1.0,NO,,,
4576.666666666667,13730,nan,1.0,NO,,,
4576.666666666667,13730,nan,1.0,NO,,,
4576.666666666667,13730,nan,1.0,NO,,,
4576.666666666667,13730,nan,1.0,NO,,,
4580.0,13740,nan,0.0,NO,,,
4580.0,13740,nan,0.0,NO,,,
4580.0,13740,nan,0.0,NO,,,
4580.0,13740,nan,0.0,NO,,,
4580.0,13740,nan,0.0,NO,,,
4580.0,13740,nan,0.0,NO,,,
4580.0,13740,nan,0.0,NO,,,
4580.0,13740,nan,0.0,NO,,,
4580.0,13740,nan,0.0,NO,,,
4580.0,13740,nan,0.0,NO,,,
4583.333333333333,13750,nan,0.0,NO,,,
4583.333333333333,13750,nan,0.0,NO,,,
4583.333333333333,13750,nan,0.0,NO,,,
4583.333333333333,13750,nan,0.0,NO,,,
4583.333333333333,13750,nan,0.0,NO,,,
4583.333333333333,13750,nan,0.0,NO,,,
4583.333333333333,13750,nan,0.0,NO,,,
4583.333333333333,13750,nan,0.0,NO,,,
4583.333333333333,13750,nan,0.0,NO,,,
4583.333333333333,13750,nan,0.0,NO,,,
4586.666666666667,13760,nan,1.0,NO,,,
4586.666666666667,13760,nan,1.0,NO,,,
4586.666666666667,13760,nan,1.0,NO,,,
4586.666666666667,13760,nan,1.0,NO,,,
4586.666666666667,13760,nan,1.0,NO,,,
4586.666666666667,13760,nan,1.0,NO,,,
4586.666666666667,13760,nan,1.0,NO,,,
4586.666666666667,13760,nan,1.0,NO,,,
4586.666666666667,13760,nan,1.0,NO,,,
4586.666666666667,13760,nan,1.0,NO,,,
4590.0,13770,nan,0.0,NO,,,
4590.0,13770,nan,0.0,NO,,,
4590.0,13770,nan,0.0,NO,,,
4590.0,13770,nan,0.0,NO,,,
4590.0,13770,nan,0.0,NO,,,
4590.0,13770,nan,0.0,NO,,,
4590.0,13770,nan,0.0,NO,,,
4590.0,13770,nan,0.0,NO,,,
4590.0,13770,nan,0.0,NO,,,
4590.0,13770,nan,0.0,NO,,,
4593.333333333333,13780,nan,0.0,NO,,,
4593.333333333333,13780,nan,0.0,NO,,,
4593.333333333333,13780,nan,0.0,NO,,,
4593.333333333333,13780,nan,0.0,NO,,,
4593.333333333333,13780,nan,0.0,NO,,,
4593.333333333333,13780,nan,0.0,NO,,,
4593.333333333333,13780,nan,0.0,NO,,,
4593.333333333333,13780,nan,0.0,NO,,,
4593.333333333333,13780,nan,0.0,NO,,,
4593.333333333333,13780,nan,0.0,NO,,,
4596.666666666667,13790,nan,1.0,NO,,,
4596.666666666667,13790,nan,1.0,NO,,,
4596.666666666667,13790,nan,1.0,NO,,,
4596.666666666667,13790,nan,1.0,NO,,,
4596.666666666667,13790,nan,1.0,NO,,,
4596.666666666667,13790,nan,1.0,NO,,,
4596.666666666667,13790,nan,1.0,NO,,,
4596.666666666667,13790,nan,1.0,NO,,,
4596.666666666667,13790,nan,1.0,NO,,,
4596.666666666667,13790,nan,1.0,YES,nan,0.2,
4600.0,13800,nan,0.0,NO,,,
4600.0,13800,nan,0.0,NO,,,
4600.0,13800,nan,0.0,NO,,,
4600.0,13800,nan,0.0,NO,,,
4600.0,13800,nan,0.0,NO,,,
4600.0,13800,nan,0.0,NO,,,
4600.0,13800,nan,0.0,NO,,,
4600.0,13800,nan,0.0,NO,,,
4600.0,13800,nan,0.0,NO,,,
4600.0,13800,nan,0.0,NO,,,
4603.333333333333,13810,nan,0.0,NO,,,
4603.333333333333,13810,nan,0.0,NO,,,
4603.333333333333,13810,nan,0.0,NO,,,
4603.333333333333,13810,nan,0.0,NO,,,
4603.333333333333,13810,nan,0.0,NO,,,
4603.333333333333,13810,nan,0.0,NO,,,
4603.333333333333,13810,nan,0.0,NO,,,
4603.333333333333,13810,nan,0.0,NO,,,
4603.333333333333,13810,nan,0.0,NO,,,
4603.333333333333,13810,nan,0.0,NO,,,
4606.666666666667,13820,nan,1.0,NO,,,
4606.666666666667,13820,nan,1.0,NO,,,
4606.666666666667,13820,nan,1.0,NO,,,
4606.666666666667,13820,nan,1.0,NO,,,
4606.666666666667,13820,nan,1.0,NO,,,
4606.666666666667,13820,nan,1.0,NO,,,
4606.666666666667,13820,nan,1.0,NO,,,
4606.666666666667,13820,nan,1.0,NO,,,
4606.666666666667,13820,nan,1.0,NO,,,
4606.666666666667,13820,nan,1.0,NO,,,
4610.0,13830,nan,0.0,NO,,,
4610.0,13830,nan,0.0,NO,,,
4610.0,13830,nan,0.0,NO,,,
4610.0,13830,nan,0.0,NO,,,
4610.0,13830,nan,0.0,NO,,,
4610.0,13830,nan,0.0,NO,,,
4610.0,13830,nan,0.0,NO,,,
4610.0,13830,nan,0.0,NO,,,
4610.0,13830,nan,0.0,NO,,,
4610.0,13830,nan,0.0,NO,,,
4613.333333333333,13840,nan,0.0,NO,,,
4613.333333333333,13840,nan,0.0,NO,,,
4613.333333333333,13840,nan,0.0,NO,,,
4613.333333333333,13840,nan,0.0,NO,,,
4613.333333333333,13840,nan,0.0,NO,,,
4613.333333333333,13840,nan,0.0,NO,,,
4613.333333333333,13840,nan,0.0,NO,,,
4613.333333333333,13840,nan,0.0,NO,,,
4613.333333333333,13840,nan,0.0,NO,,,
4613.333333333333,13840,nan,0.0,NO,,,
4616.666666666667,13850,nan,1.0,NO,,,
4616.666666666667,13850,nan,1.0,NO,,,
4616.666666666667,13850,nan,1.0,NO,,,
4616.666666666667,13850,nan,1.0,NO,,,
4616.666666666667,13850,nan,1.0,NO,,,
4616.666666666667,13850,nan,1.0,NO,,,
4616.666666666667,13850,nan,1.0,NO,,,
4616.666666666667,13850,nan,1.0,NO,,,
4616.666666666667,13850,nan,1.0,NO,,,
4616.666666666667,13850,nan,1.0,NO,,,
4620.0,13860,nan,0.0,NO,,,
4620.0,13860,nan,0.0,NO,,,
4620.0,13860,nan,0.0,NO,,,
4620.0,13860,nan,0.0,NO,,,
4620.0,13860,nan,0.0,NO,,,
4620.0,13860,nan,0.0,NO,,,
4620.0,13860,nan,0.0,NO,,,
4620.0,13860,nan,0.0,NO,,,
4620.0,13860,nan,0.0,NO,,,
4620.0,13860,nan,0.0,NO,,,
4623.333333333333,13870,nan,0.0,NO,,,
4623.333333333333,13870,nan,0.0,NO,,,
4623.333333333333,13870,nan,0.0,NO,,,
4623.333333333333,13870,nan,0.0,NO,,,
4623.333333333333,13870,nan,0.0,NO,,,
4623.333333333333,13870,nan,0.0,NO,,,
4623.333333333333,13870,nan,0.0,NO,,,
4623.333333333333,13870,nan,0.0,NO,,,
4623.333333333333,13870,nan,0.0,NO,,,
4623.333333333333,13870,nan,0.0,NO,,,
4626.666666666667,13880,nan,1.0,NO,,,
4626.666666666667,13880,nan,1.0,NO,,,
4626.666666666667,13880,nan,1.0,NO,,,
4626.666666666667,13880,nan,1.0,NO,,,
4626.666666666667,13880,nan,1.0,NO,,,
4626.666666666667,13880,nan,1.0,NO,,,
4626.666666666667,13880,nan,1.0,NO,,,
4626.666666666667,13880,nan,1.0,NO,,,
4626.666666666667,13880,nan,1.0,NO,,,
4626.666666666667,13880,nan,1.0,NO,,,
4630.0,13890,nan,0.0,NO,,,
4630.0,13890,nan,0.0,NO,,,
4630.0,13890,nan,0.0,NO,,,
4630.0,13890,nan,0.0,NO,,,
4630.0,13890,nan,0.0,NO,,,
4630.0,13890,nan,0.0,NO,,,
4630.0,13890,nan,0.0,NO,,,
4630.0,13890,nan,0.0,NO,,,
4630.0,13890,nan,0.0,NO,,,
4630.0,13890,nan,0.0,NO,,,
4633.333333333333,13900,nan,0.0,NO,,,
4633.333333333333,13900,nan,0.0,NO,,,
4633.333333333333,13900,nan,0.0,NO,,,
4633.333333333333,13900,nan,0.0,NO,,,
4633.333333333333,13900,nan,0.0,NO,,,
4633.333333333333,13900,nan,0.0,NO,,,
4633.333333333333,13900,nan,0.0,NO,,,
4633.333333333333,13900,nan,0.0,NO,,,
4633.333333333333,13900,nan,0.0,NO,,,
4633.333333333333,13900,nan,0.0,NO,,,
4636.666666666667,13910,nan,1.0,NO,,,
4636.666666666667,13910,nan,1.0,NO,,,
4636.666666666667,13910,nan,1.0,NO,,,
4636.666666666667,13910,nan,1.0,NO,,,
4636.666666666667,13910,nan,1.0,NO,,,
4636.666666666667,13910,nan,1.0,NO,,,
4636.666666666667,13910,nan,1.0,NO,,,
4636.666666666667,13910,nan,1.0,NO,,,
4636.666666666667,13910,nan,1.0,NO,,,
4636.666666666667,13910,nan,1.0,NO,,,
4640.0,13920,nan,0.0,NO,,,
4640.0,13920,nan,0.0,NO,,,
4640.0,13920,nan,0.0,NO,,,
4640.0,13920,nan,0.0,NO,,,
4640.0,13920,nan,0.0,NO,,,
4640.0,13920,nan,0.0,NO,,,
4640.0,13920,nan,0.0,NO,,,
4640.0,13920,nan,0.0,NO,,,
4640.0,13920,nan,0.0,NO,,,
4640.0,13920,nan,0.0,NO,,,
4643.333333333333,13930,nan,0.0,NO,,,
4643.333333333333,13930,nan,0.0,NO,,,
4643.333333333333,13930,nan,0.0,NO,,,
4643.333333333333,13930,nan,0.0,NO,,,
4643.333333333333,13930,nan,0.0,NO,,,
4643.333333333333,13930,nan,0.0,NO,,,
4643.333333333333,13930,nan,0.0,NO,,,
4643.333333333333,13930,nan,0.0,NO,,,
4643.333333333333,13930,nan,0.0,NO,,,
4643.333333333333,13930,nan,0.0,NO,,,
4646.666666666667,13940,nan,1.0,NO,,,
4646.666666666667,13940,nan,1.0,NO,,,
4646.666666666667,13940,nan,1.0,NO,,,
4646.666666666667,13940,nan,1.0,NO,,,
4646.666666666667,13940,nan,1.0,NO,,,
4646.666666666667,13940,nan,1.0,NO,,,
4646.666666666667,13940,nan,1.0,NO,,,
4646.666666666667,13940,nan,1.0,NO,,,
4646.666666666667,13940,nan,1.0,NO,,,
4646.666666666667,13940,nan,1.0,NO,,,
4650.0,13950,nan,0.0,NO,,,
4650.0,13950,nan,0.0,NO,,,
4650.0,13950,nan,0.0,NO,,,
4650.0,13950,nan,0.0,NO,,,
4650.0,13950,nan,0.0,NO,,,
4650.0,13950,nan,0.0,NO,,,
4650.0,13950,nan,0.0,NO,,,
4650.0,13950,nan,0.0,NO,,,
4650.0,13950,nan,0.0,NO,,,
4650.0,13950,nan,0.0,NO,,,
4653.333333333333,13960,nan,0.0,NO,,,
4653.333333333333,13960,nan,0.0,NO,,,
4653.333333333333,13960,nan,0.0,NO,,,
4653.333333333333,13960,nan,0.0,NO,,,
4653.333333333333,13960,nan,0.0,NO,,,
4653.333333333333,13960,nan,0.0,NO,,,
4653.333333333333,13960,nan,0.0,NO,,,
4653.333333333333,13960,nan,0.0,NO,,,
4653.333333333333,13960,nan,0.0,NO,,,
4653.333333333333,13960,nan,0.0,NO,,,
4656.666666666667,13970,nan,1.0,NO,,,
4656.666666666667,13970,nan,1.0,NO,,,
4656.666666666667,13970,nan,1.0,NO,,,
4656.666666666667,13970,nan,1.0,NO,,,
4656.666666666667,13970,nan,1.0,NO,,,
4656.666666666667,13970,nan,1.0,NO,,,
4656.666666666667,13970,nan,1.0,NO,,,
4656.666666666667,13970,nan,1.0,NO,,,
4656.666666666667,13970,nan,1.0,NO,,,
4656.666666666667,13970,nan,1.0,NO,,,
4660.0,13980,nan,0.0,NO,,,
4660.0,13980,nan,0.0,NO,,,
4660.0,13980,nan,0.0,NO,,,
4660.0,13980,nan,0.0,NO,,,
4660.0,13980,nan,0.0,NO,,,
4660.0,13980,nan,0.0,NO,,,
4660.0,13980,nan,0.0,NO,,,
4660.0,13980,nan,0.0,NO,,,
4660.0,13980,nan,0.0,NO,,,
4660.0,13980,nan,0.0,NO,,,
4663.333333333333,13990,nan,0.0,NO,,,
4663.333333333333,13990,nan,0.0,NO,,,
4663.333333333333,13990,nan,0.0,NO,,,
4663.333333333333,13990,nan,0.0,NO,,,
4663.333333333333,13990,nan,0.0,NO,,,
4663.333333333333,13990,nan,0.0,NO,,,
4663.333333333333,13990,nan,0.0,NO,,,
4663.333333333333,13990,nan,0.0,NO,,,
4663.333333333333,13990,nan,0.0,NO,,,
4663.333333333333,13990,nan,0.0,YES,nan,0.2,
4666.666666666667,14000,nan,1.0,NO,,,
4666.666666666667,14000,nan,1.0,NO,,,
4666.666666666667,14000,nan,1.0,NO,,,
4666.666666666667,14000,nan,1.0,NO,,,
4666.666666666667,14000,nan,1.0,NO,,,
4666.666666666667,14000,nan,1.0,NO,,,
4666.666666666667,14000,nan,1.0,NO,,,
4666.666666666667,14000,nan,1.0,NO,,,
4666.666666666667,14000,nan,1.0,NO,,,
4666.666666666667,14000,nan,1.0,NO,,,
4670.0,14010,nan,0.0,NO,,,
4670.0,14010,nan,0.0,NO,,,
4670.0,14010,nan,0.0,NO,,,
4670.0,14010,nan,0.0,NO,,,
4670.0,14010,nan,0.0,NO,,,
4670.0,14010,nan,0.0,NO,,,
4670.0,14010,nan,0.0,NO,,,
4670.0,14010,nan,0.0,NO,,,
4670.0,14010,nan,0.0,NO,,,
4670.0,14010,nan,0.0,NO,,,
4673.333333333333,14020,nan,0.0,NO,,,
4673.333333333333,14020,nan,0.0,NO,,,
4673.333333333333,14020,nan,0.0,NO,,,
4673.333333333333,14020,nan,0.0,NO,,,
4673.333333333333,14020,nan,0.0,NO,,,
4673.333333333333,14020,nan,0.0,NO,,,
4673.333333333333,14020,nan,0.0,NO,,,
4673.333333333333,14020,nan,0.0,NO,,,
4673.333333333333,14020,nan,0.0,NO,,,
4673.333333333333,14020,nan,0.0,NO,,,
4676.666666666667,14030,nan,1.0,NO,,,
4676.666666666667,14030,nan,1.0,NO,,,
4676.666666666667,14030,nan,1.0,NO,,,
4676.666666666667,14030,nan,1.0,NO,,,
4676.666666666667,14030,nan,1.0,NO,,,
4676.666666666667,14030,nan,1.0,NO,,,
4676.666666666667,14030,nan,1.0,NO,,,
4676.666666666667,14030,nan,1.0,NO,,,
4676.666666666667,14030,nan,1.0,NO,,,
4676.666666666667,14030,nan,1.0,NO,,,
4680.0,14040,nan,0.0,NO,,,
4680.0,14040,nan,0.0,NO,,,
4680.0,14040,nan,0.0,NO,,,
4680.0,14040,nan,0.0,NO,,,
4680.0,14040,nan,0.0,NO,,,
4680.0,14040,nan,0.0,NO,,,
4680.0,14040,nan,0.0,NO,,,
4680.0,14040,nan,0.0,NO,,,
4680.0,14040,nan,0.0,NO,,,
4680.0,14040,nan,0.0,NO,,,
4683.333333333333,14050,nan,0.0,NO,,,
4683.333333333333,14050,nan,0.0,NO,,,
4683.333333333333,14050,nan,0.0,NO,,,
4683.333333333333,14050,nan,0.0,NO,,,
4683.333333333333,14050,nan,0.0,NO,,,
4683.333333333333,14050,nan,0.0,NO,,,
4683.333333333333,14050,nan,0.0,NO,,,
4683.333333333333,14050,nan,0.0,NO,,,
4683.333333333333,14050,nan,0.0,NO,,,
4683.333333333333,14050,nan,0.0,NO,,,
4686.666666666667,14060,nan,1.0,NO,,,
4686.666666666667,14060,nan,1.0,NO,,,
4686.666666666667,14060,nan,1.0,NO,,,
4686.666666666667,14060,nan,1.0,NO,,,
4686.666666666667,14060,nan,1.0,NO,,,
4686.666666666667,14060,nan,1.0,NO,,,
4686.666666666667,14060,nan,1.0,NO,,,
4686.666666666667,14060,nan,1.0,NO,,,
4686.666666666667,14060,nan,1.0,NO,,,
4686.666666666667,14060,nan,1.0,NO,,,
4690.0,14070,nan,0.0,NO,,,
4690.0,14070,nan,0.0,NO,,,
4690.0,14070,nan,0.0,NO,,,
4690.0,14070,nan,0.0,NO,,,
4690.0,14070,nan,0.0,NO,,,
4690.0,14070,nan,0.0,NO,,,
4690.0,14070,nan,0.0,NO,,,
4690.0,14070,nan,0.0,NO,,,
4690.0,14070,nan,0.0,NO,,,
4690.0,14070,nan,0.0,NO,,,
4693.333333333333,14080,nan,0.0,NO,,,
4693.333333333333,14080,nan,0.0,NO,,,
4693.333333333333,14080,nan,0.0,NO,,,
4693.333333333333,14080,nan,0.0,NO,,,
4693.333333333333,14080,nan,0.0,NO,,,
4693.333333333333,14080,nan,0.0,NO,,,
4693.333333333333,14080,nan,0.0,NO,,,
4693.333333333333,14080,nan,0.0,NO,,,
4693.333333333333,14080,nan,0.0,NO,,,
4693.333333333333,14080,nan,0.0,NO,,,
4696.666666666667,14090,nan,1.0,NO,,,
4696.666666666667,14090,nan,1.0,NO,,,
4696.666666666667,14090,nan,1.0,NO,,,
4696.666666666667,14090,nan,1.0,NO,,,
4696.666666666667,14090,nan,1.0,NO,,,
4696.666666666667,14090,nan,1.0,NO,,,
4696.666666666667,14090,nan,1.0,NO,,,
4696.666666666667,14090,nan,1.0,NO,,,
4696.666666666667,14090,nan,1.0,NO,,,
4696.666666666667,14090,nan,1.0,NO,,,
4700.0,14100,nan,0.0,NO,,,
4700.0,14100,nan,0.0,NO,,,
4700.0,14100,nan,0.0,NO,,,
4700.0,14100,nan,0.0,NO,,,
4700.0,14100,nan,0.0,NO,,,
4700.0,14100,nan,0.0,NO,,,
4700.0,14100,nan,0.0,NO,,,
4700.0,14100,nan,0.0,NO,,,
4700.0,14100,nan,0.0,NO,,,
4700.0,14100,nan,0.0,NO,,,
4703.333333333333,14110,nan,0.0,NO,,,
4703.333333333333,14110,nan,0.0,NO,,,
4703.333333333333,14110,nan,0.0,NO,,,
4703.333333333333,14110,nan,0.0,NO,,,
4703.333333333333,14110,nan,0.0,NO,,,
4703.333333333333,14110,nan,0.0,NO,,,
4703.333333333333,14110,nan,0.0,NO,,,
4703.333333333333,14110,nan,0.0,NO,,,
4703.333333333333,14110,nan,0.0,NO,,,
4703.333333333333,14110,nan,0.0,NO,,,
4706.666666666667,14120,nan,1.0,NO,,,
4706.666666666667,14120,nan,1.0,NO,,,
4706.666666666667,14120,nan,1.0,NO,,,
4706.666666666667,14120,nan,1.0,NO,,,
4706.666666666667,14120,nan,1.0,NO,,,
4706.666666666667,14120,nan,1.0,NO,,,
4706.666666666667,14120,nan,1.0,NO,,,
4706.666666666667,14120,nan,1.0,NO,,,
4706.666666666667,14120,nan,1.0,NO,,,
4706.666666666667,14120,nan,1.0,NO,,,
4710.0,14130,nan,0.0,NO,,,
4710.0,14130,nan,0.0,NO,,,
4710.0,14130,nan,0.0,NO,,,
4710.0,14130,nan,0.0,NO,,,
4710.0,14130,nan,0.0,NO,,,
4710.0,14130,nan,0.0,NO,,,
4710.0,14130,nan,0.0,NO,,,
4710.0,14130,nan,0.0,NO,,,
4710.0,14130,nan,0.0,NO,,,
4710.0,14130,nan,0.0,NO,,,
4713.333333333333,14140,nan,0.0,NO,,,
4713.333333333333,14140,nan,0.0,NO,,,
4713.333333333333,14140,nan,0.0,NO,,,
4713.333333333333,14140,nan,0.0,NO,,,
4713.333333333333,14140,nan,0.0,NO,,,
4713.333333333333,14140,nan,0.0,NO,,,
4713.333333333333,14140,nan,0.0,NO,,,
4713.333333333333,14140,nan,0.0,NO,,,
4713.333333333333,14140,nan,0.0,NO,,,
4713.333333333333,14140,nan,0.0,NO,,,
4716.666666666667,14150,nan,1.0,NO,,,
4716.666666666667,14150,nan,1.0,NO,,,
4716.666666666667,14150,nan,1.0,NO,,,
4716.666666666667,14150,nan,1.0,NO,,,
4716.666666666667,14150,nan,1.0,NO,,,
4716.666666666667,14150,nan,1.0,NO,,,
4716.666666666667,14150,nan,1.0,NO,,,
4716.666666666667,14150,nan,1.0,NO,,,
4716.666666666667,14150,nan,1.0,NO,,,
4716.666666666667,14150,nan,1.0,NO,,,
4720.0,14160,nan,0.0,NO,,,
4720.0,14160,nan,0.0,NO,,,
4720.0,14160,nan,0.0,NO,,,
4720.0,14160,nan,0.0,NO,,,
4720.0,14160,nan,0.0,NO,,,
4720.0,14160,nan,0.0,NO,,,
4720.0,14160,nan,0.0,NO,,,
4720.0,14160,nan,0.0,NO,,,
4720.0,14160,nan,0.0,NO,,,
4720.0,14160,nan,0.0,NO,,,
4723.333333333333,14170,nan,0.0,NO,,,
4723.333333333333,14170,nan,0.0,NO,,,
4723.333333333333,14170,nan,0.0,NO,,,
4723.333333333333,14170,nan,0.0,NO,,,
4723.333333333333,14170,nan,0.0,NO,,,
4723.333333333333,14170,nan,0.0,NO,,,
4723.333333333333,14170,nan,0.0,NO,,,
4723.333333333333,14170,nan,0.0,NO,,,
4723.333333333333,14170,nan,0.0,NO,,,
4723.333333333333,14170,nan,0.0,NO,,,
4726.666666666667,14180,nan,1.0,NO,,,
4726.666666666667,14180,nan,1.0,NO,,,
4726.666666666667,14180,nan,1.0,NO,,,
4726.666666666667,14180,nan,1.0,NO,,,
4726.666666666667,14180,nan,1.0,NO,,,
4726.666666666667,14180,nan,1.0,NO,,,
4726.666666666667,14180,nan,1.0,NO,,,
4726.666666666667,14180,nan,1.0,NO,,,
4726.666666666667,14180,nan,1.0,NO,,,
4726.666666666667,14180,nan,1.0,NO,,,
4730.0,14190,nan,0.0,NO,,,
4730.0,14190,nan,0.0,NO,,,
4730.0,14190,nan,0.0,NO,,,
4730.0,14190,nan,0.0,NO,,,
4730.0,14190,nan,0.0,NO,,,
4730.0,14190,nan,0.0,NO,,,
4730.0,14190,nan,0.0,NO,,,
4730.0,14190,nan,0.0,NO,,,
4730.0,14190,nan,0.0,NO,,,
4730.0,14190,nan,0.0,YES,nan,0.2,
4733.333333333333,14200,nan,0.0,NO,,,
4733.333333333333,14200,nan,0.0,NO,,,
4733.333333333333,14200,nan,0.0,NO,,,
4733.333333333333,14200,nan,0.0,NO,,,
4733.333333333333,14200,nan,0.0,NO,,,
4733.333333333333,14200,nan,0.0,NO,,,
4733.333333333333,14200,nan,0.0,NO,,,
4733.333333333333,14200,nan,0.0,NO,,,
4733.333333333333,14200,nan,0.0,NO,,,
4733.333333333333,14200,nan,0.0,NO,,,
4736.666666666667,14210,nan,1.0,NO,,,
4736.666666666667,14210,nan,1.0,NO,,,
4736.666666666667,14210,nan,1.0,NO,,,
4736.666666666667,14210,nan,1.0,NO,,,
4736.666666666667,14210,nan,1.0,NO,,,
4736.666666666667,14210,nan,1.0,NO,,,
4736.666666666667,14210,nan,1.0,NO,,,
4736.666666666667,14210,nan,1.0,NO,,,
4736.666666666667,14210,nan,1.0,NO,,,
4736.666666666667,14210,nan,1.0,NO,,,
4740.0,14220,nan,0.0,NO,,,
4740.0,14220,nan,0.0,NO,,,
4740.0,14220,nan,0.0,NO,,,
4740.0,14220,nan,0.0,NO,,,
4740.0,14220,nan,0.0,NO,,,
4740.0,14220,nan,0.0,NO,,,
4740.0,14220,nan,0.0,NO,,,
4740.0,14220,nan,0.0,NO,,,
4740.0,14220,nan,0.0,NO,,,
4740.0,14220,nan,0.0,NO,,,
4743.333333333333,14230,nan,0.0,NO,,,
4743.333333333333,14230,nan,0.0,NO,,,
4743.333333333333,14230,nan,0.0,NO,,,
4743.333333333333,14230,nan,0.0,NO,,,
4743.333333333333,14230,nan,0.0,NO,,,
4743.333333333333,14230,nan,0.0,NO,,,
4743.333333333333,14230,nan,0.0,NO,,,
4743.333333333333,14230,nan,0.0,NO,,,
4743.333333333333,14230,nan,0.0,NO,,,
4743.333333333333,14230,nan,0.0,NO,,,
4746.666666666667,14240,nan,1.0,NO,,,
4746.666666666667,14240,nan,1.0,NO,,,
4746.666666666667,14240,nan,1.0,NO,,,
4746.666666666667,14240,nan,1.0,NO,,,
4746.666666666667,14240,nan,1.0,NO,,,
4746.666666666667,14240,nan,1.0,NO,,,
4746.666666666667,14240,nan,1.0,NO,,,
4746.666666666667,14240,nan,1.0,NO,,,
4746.666666666667,14240,nan,1.0,NO,,,
4746.666666666667,14240,nan,1.0,NO,,,
4750.0,14250,nan,0.0,NO,,,
4750.0,14250,nan,0.0,NO,,,
4750.0,14250,nan,0.0,NO,,,
4750.0,14250,nan,0.0,NO,,,
4750.0,14250,nan,0.0,NO,,,
4750.0,14250,nan,0.0,NO,,,
4750.0,14250,nan,0.0,NO,,,
4750.0,14250,nan,0.0,NO,,,
4750.0,14250,nan,0.0,NO,,,
4750.0,14250,nan,0.0,NO,,,
4753.333333333333,14260,nan,0.0,NO,,,
4753.333333333333,14260,nan,0.0,NO,,,
4753.333333333333,14260,nan,0.0,NO,,,
4753.333333333333,14260,nan,0.0,NO,,,
4753.333333333333,14260,nan,0.0,NO,,,
4753.333333333333,14260,nan,0.0,NO,,,
4753.333333333333,14260,nan,0.0,NO,,,
4753.333333333333,14260,nan,0.0,NO,,,
4753.333333333333,14260,nan,0.0,NO,,,
4753.333333333333,14260,nan,0.0,NO,,,
4756.666666666667,14270,nan,1.0,NO,,,
4756.666666666667,14270,nan,1.0,NO,,,
4756.666666666667,14270,nan,1.0,NO,,,
4756.666666666667,14270,nan,1.0,NO,,,
4756.666666666667,14270,nan,1.0,NO,,,
4756.666666666667,14270,nan,1.0,NO,,,
4756.666666666667,14270,nan,1.0,NO,,,
4756.666666666667,14270,nan,1.0,NO,,,
4756.666666666667,14270,nan,1.0,NO,,,
4756.666666666667,14270,nan,1.0,NO,,,
4760.0,14280,nan,0.0,NO,,,
4760.0,14280,nan,0.0,NO,,,
4760.0,14280,nan,0.0,NO,,,
4760.0,14280,nan,0.0,NO,,,
4760.0,14280,nan,0.0,NO,,,
4760.0,14280,nan,0.0,NO,,,
4760.0,14280,nan,0.0,NO,,,
4760.0,14280,nan,0.0,NO,,,
4760.0,14280,nan,0.0,NO,,,
4760.0,14280,nan,0.0,NO,,,
4763.333333333333,14290,nan,0.0,NO,,,
4763.333333333333,14290,nan,0.0,NO,,,
4763.333333333333,14290,nan,0.0,NO,,,
4763.333333333333,14290,nan,0.0,NO,,,
4763.333333333333,14290,nan,0.0,NO,,,
4763.333333333333,14290,nan,0.0,NO,,,
4763.333333333333,14290,nan,0.0,NO,,,
4763.333333333333,14290,nan,0.0,NO,,,
4763.333333333333,14290,nan,0.0,NO,,,
4763.333333333333,14290,nan,0.0,NO,,,
4766.666666666667,14300,nan,1.0,NO,,,
4766.666666666667,14300,nan,1.0,NO,,,
4766.666666666667,14300,nan,1.0,NO,,,
4766.666666666667,14300,nan,1.0,NO,,,
4766.666666666667,14300,nan,1.0,NO,,,
4766.666666666667,14300,nan,1.0,NO,,,
4766.666666666667,14300,nan,1.0,NO,,,
4766.666666666667,14300,nan,1.0,NO,,,
4766.666666666667,14300,nan,1.0,NO,,,
4766.666666666667,14300,nan,1.0,NO,,,
4770.0,14310,nan,0.0,NO,,,
4770.0,14310,nan,0.0,NO,,,
4770.0,14310,nan,0.0,NO,,,
4770.0,14310,nan,0.0,NO,,,
4770.0,14310,nan,0.0,NO,,,
4770.0,14310,nan,0.0,NO,,,
4770.0,14310,nan,0.0,NO,,,
4770.0,14310,nan,0.0,NO,,,
4770.0,14310,nan,0.0,NO,,,
4770.0,14310,nan,0.0,NO,,,
4773.333333333333,14320,nan,0.0,NO,,,
4773.333333333333,14320,nan,0.0,NO,,,
4773.333333333333,14320,nan,0.0,NO,,,
4773.333333333333,14320,nan,0.0,NO,,,
4773.333333333333,14320,nan,0.0,NO,,,
4773.333333333333,14320,nan,0.0,NO,,,
4773.333333333333,14320,nan,0.0,NO,,,
4773.333333333333,14320,nan,0.0,NO,,,
4773.333333333333,14320,nan,0.0,NO,,,
4773.333333333333,14320,nan,0.0,NO,,,
4776.666666666667,14330,nan,1.0,NO,,,
4776.666666666667,14330,nan,1.0,NO,,,
4776.666666666667,14330,nan,1.0,NO,,,
4776.666666666667,14330,nan,1.0,NO,,,
4776.666666666667,14330,nan,1.0,NO,,,
4776.666666666667,14330,nan,1.0,NO,,,
4776.666666666667,14330,nan,1.0,NO,,,
4776.666666666667,14330,nan,1.0,NO,,,
4776.666666666667,14330,nan,1.0,NO,,,
4776.666666666667,14330,nan,1.0,NO,,,
4780.0,14340,nan,0.0,NO,,,
4780.0,14340,nan,0.0,NO,,,
4780.0,14340,nan,0.0,NO,,,
4780.0,14340,nan,0.0,NO,,,
4780.0,14340,nan,0.0,NO,,,
4780.0,14340,nan,0.0,NO,,,
4780.0,14340,nan,0.0,NO,,,
4780.0,14340,nan,0.0,NO,,,
4780.0,14340,nan,0.0,NO,,,
4780.0,14340,nan,0.0,NO,,,
4783.333333333333,14350,nan,0.0,NO,,,
4783.333333333333,14350,nan,0.0,NO,,,
4783.333333333333,14350,nan,0.0,NO,,,
4783.333333333333,14350,nan,0.0,NO,,,
4783.333333333333,14350,nan,0.0,NO,,,
4783.333333333333,14350,nan,0.0,NO,,,
4783.333333333333,14350,nan,0.0,NO,,,
4783.333333333333,14350,nan,0.0,NO,,,
4783.333333333333,14350,nan,0.0,NO,,,
4783.333333333333,14350,nan,0.0,NO,,,
4786.666666666667,14360,nan,1.0,NO,,,
4786.666666666667,14360,nan,1.0,NO,,,
4786.666666666667,14360,nan,1.0,NO,,,
4786.666666666667,14360,nan,1.0,NO,,,
4786.666666666667,14360,nan,1.0,NO,,,
4786.666666666667,14360,nan,1.0,NO,,,
4786.666666666667,14360,nan,1.0,NO,,,
4786.666666666667,14360,nan,1.0,NO,,,
4786.666666666667,14360,nan,1.0,NO,,,
4786.666666666667,14360,nan,1.0,NO,,,
4790.0,14370,nan,0.0,NO,,,
4790.0,14370,nan,0.0,NO,,,
4790.0,14370,nan,0.0,NO,,,
4790.0,14370,nan,0.0,NO,,,
4790.0,14370,nan,0.0,NO,,,
4790.0,14370,nan,0.0,NO,,,
4790.0,14370,nan,0.0,NO,,,
4790.0,14370,nan,0.0,NO,,,
4790.0,14370,nan,0.0,NO,,,
4790.0,14370,nan,0.0,NO,,,
4793.333333333333,14380,nan,0.0,NO,,,
4793.333333333333,14380,nan,0.0,NO,,,
4793.333333333333,14380,nan,0.0,NO,,,
4793.333333333333,14380,nan,0.0,NO,,,
4793.333333333333,14380,nan,0.0,NO,,,
4793.333333333333,14380,nan,0.0,NO,,,
4793.333333333333,14380,nan,0.0,NO,,,
4793.333333333333,14380,nan,0.0,NO,,,
4793.333333333333,14380,nan,0.0,NO,,,
4793.333333333333,14380,nan,0.0,NO,,,
4796.666666666667,14390,nan,1.0,NO,,,
4796.666666666667,14390,nan,1.0,NO,,,
4796.666666666667,14390,nan,1.0,NO,,,
4796.666666666667,14390,nan,1.0,NO,,,
4796.666666666667,14390,nan,1.0,NO,,,
4796.666666666667,14390,nan,1.0,NO,,,
4796.666666666667,14390,nan,1.0,NO,,,
4796.666666666667,14390,nan,1.0,NO,,,
4796.666666666667,14390,nan,1.0,NO,,,
4796.666666666667,14390,nan,1.0,YES,nan,0.2,
4800.0,14400,nan,0.0,NO,,,
4800.0,14400,nan,0.0,NO,,,
4800.0,14400,nan,0.0,NO,,,
4800.0,14400,nan,0.0,NO,,,
4800.0,14400,nan,0.0,NO,,,
4800.0,14400,nan,0.0,NO,,,
4800.0,14400,nan,0.0,NO,,,
4800.0,14400,nan,0.0,NO,,,
4800.0,14400,nan,0.0,NO,,,
4800.0,14400,nan,0.0,NO,,,
4803.333333333333,14410,nan,0.0,NO,,,
4803.333333333333,14410,nan,0.0,NO,,,
4803.333333333333,14410,nan,0.0,NO,,,
4803.333333333333,14410,nan,0.0,NO,,,
4803.333333333333,14410,nan,0.0,NO,,,
4803.333333333333,14410,nan,0.0,NO,,,
4803.333333333333,14410,nan,0.0,NO,,,
4803.333333333333,14410,nan,0.0,NO,,,
4803.333333333333,14410,nan,0.0,NO,,,
4803.333333333333,14410,nan,0.0,NO,,,
4806.666666666667,14420,nan,1.0,NO,,,
4806.666666666667,14420,nan,1.0,NO,,,
4806.666666666667,14420,nan,1.0,NO,,,
4806.666666666667,14420,nan,1.0,NO,,,
4806.666666666667,14420,nan,1.0,NO,,,
4806.666666666667,14420,nan,1.0,NO,,,
4806.666666666667,14420,nan,1.0,NO,,,
4806.666666666667,14420,nan,1.0,NO,,,
4806.666666666667,14420,nan,1.0,NO,,,
4806.666666666667,14420,nan,1.0,NO,,,
4810.0,14430,nan,0.0,NO,,,
4810.0,14430,nan,0.0,NO,,,
4810.0,14430,nan,0.0,NO,,,
4810.0,14430,nan,0.0,NO,,,
4810.0,14430,nan,0.0,NO,,,
4810.0,14430,nan,0.0,NO,,,
4810.0,14430,nan,0.0,NO,,,
4810.0,14430,nan,0.0,NO,,,
4810.0,14430,nan,0.0,NO,,,
4810.0,14430,nan,0.0,NO,,,
4813.333333333333,14440,nan,0.0,NO,,,
4813.333333333333,14440,nan,0.0,NO,,,
4813.333333333333,14440,nan,0.0,NO,,,
4813.333333333333,14440,nan,0.0,NO,,,
4813.333333333333,14440,nan,0.0,NO,,,
4813.333333333333,14440,nan,0.0,NO,,,
4813.333333333333,14440,nan,0.0,NO,,,
4813.333333333333,14440,nan,0.0,NO,,,
4813.333333333333,14440,nan,0.0,NO,,,
4813.333333333333,14440,nan,0.0,NO,,,
4816.666666666667,14450,nan,1.0,NO,,,
4816.666666666667,14450,nan,1.0,NO,,,
4816.666666666667,14450,nan,1.0,NO,,,
4816.666666666667,14450,nan,1.0,NO,,,
4816.666666666667,14450,nan,1.0,NO,,,
4816.666666666667,14450,nan,1.0,NO,,,
4816.666666666667,14450,nan,1.0,NO,,,
4816.666666666667,14450,nan,1.0,NO,,,
4816.666666666667,14450,nan,1.0,NO,,,
4816.666666666667,14450,nan,1.0,NO,,,
4820.0,14460,nan,0.0,NO,,,
4820.0,14460,nan,0.0,NO,,,
4820.0,14460,nan,0.0,NO,,,
4820.0,14460,nan,0.0,NO,,,
4820.0,14460,nan,0.0,NO,,,
4820.0,14460,nan,0.0,NO,,,
4820.0,14460,nan,0.0,NO,,,
4820.0,14460,nan,0.0,NO,,,
4820.0,14460,nan,0.0,NO,,,
4820.0,14460,nan,0.0,NO,,,
4823.333333333333,14470,nan,0.0,NO,,,
4823.333333333333,14470,nan,0.0,NO,,,
4823.333333333333,14470,nan,0.0,NO,,,
4823.333333333333,14470,nan,0.0,NO,,,
4823.333333333333,14470,nan,0.0,NO,,,
4823.333333333333,14470,nan,0.0,NO,,,
4823.333333333333,14470,nan,0.0,NO,,,
4823.333333333333,14470,nan,0.0,NO,,,
4823.333333333333,14470,nan,0.0,NO,,,
4823.333333333333,14470,nan,0.0,NO,,,
4826.666666666667,14480,nan,1.0,NO,,,
4826.666666666667,14480,nan,1.0,NO,,,
4826.666666666667,14480,nan,1.0,NO,,,
4826.666666666667,14480,nan,1.0,NO,,,
4826.666666666667,14480,nan,1.0,NO,,,
4826.666666666667,14480,nan,1.0,NO,,,
4826.666666666667,14480,nan,1.0,NO,,,
4826.666666666667,14480,nan,1.0,NO,,,
4826.666666666667,14480,nan,1.0,NO,,,
4826.666666666667,14480,nan,1.0,NO,,,
4830.0,14490,nan,0.0,NO,,,
4830.0,14490,nan,0.0,NO,,,
4830.0,14490,nan,0.0,NO,,,
4830.0,14490,nan,0.0,NO,,,
4830.0,14490,nan,0.0,NO,,,
4830.0,14490,nan,0.0,NO,,,
4830.0,14490,nan,0.0,NO,,,
4830.0,14490,nan,0.0,NO,,,
4830.0,14490,nan,0.0,NO,,,
4830.0,14490,nan,0.0,NO,,,
4833.333333333333,14500,nan,0.0,NO,,,
4833.333333333333,14500,nan,0.0,NO,,,
4833.333333333333,14500,nan,0.0,NO,,,
4833.333333333333,14500,nan,0.0,NO,,,
4833.333333333333,14500,nan,0.0,NO,,,
4833.333333333333,14500,nan,0.0,NO,,,
4833.333333333333,14500,nan,0.0,NO,,,
4833.333333333333,14500,nan,0.0,NO,,,
4833.333333333333,14500,nan,0.0,NO,,,
4833.333333333333,14500,nan,0.0,NO,,,
4836.666666666667,14510,nan,1.0,NO,,,
4836.666666666667,14510,nan,1.0,NO,,,
4836.666666666667,14510,nan,1.0,NO,,,
4836.666666666667,14510,nan,1.0,NO,,,
4836.666666666667,14510,nan,1.0,NO,,,
4836.666666666667,14510,nan,1.0,NO,,,
4836.666666666667,14510,nan,1.0,NO,,,
4836.666666666667,14510,nan,1.0,NO,,,
4836.666666666667,14510,nan,1.0,NO,,,
4836.666666666667,14510,nan,1.0,NO,,,
4840.0,14520,nan,0.0,NO,,,
4840.0,14520,nan,0.0,NO,,,
4840.0,14520,nan,0.0,NO,,,
4840.0,14520,nan,0.0,NO,,,
4840.0,14520,nan,0.0,NO,,,
4840.0,14520,nan,0.0,NO,,,
4840.0,14520,nan,0.0,NO,,,
4840.0,14520,nan,0.0,NO,,,
4840.0,14520,nan,0.0,NO,,,
4840.0,14520,nan,0.0,NO,,,
4843.333333333333,14530,nan,0.0,NO,,,
4843.333333333333,14530,nan,0.0,NO,,,
4843.333333333333,14530,nan,0.0,NO,,,
4843.333333333333,14530,nan,0.0,NO,,,
4843.333333333333,14530,nan,0.0,NO,,,
4843.333333333333,14530,nan,0.0,NO,,,
4843.333333333333,14530,nan,0.0,NO,,,
4843.333333333333,14530,nan,0.0,NO,,,
4843.333333333333,14530,nan,0.0,NO,,,
4843.333333333333,14530,nan,0.0,NO,,,
4846.666666666667,14540,nan,1.0,NO,,,
4846.666666666667,14540,nan,1.0,NO,,,
4846.666666666667,14540,nan,1.0,NO,,,
4846.666666666667,14540,nan,1.0,NO,,,
4846.666666666667,14540,nan,1.0,NO,,,
4846.666666666667,14540,nan,1.0,NO,,,
4846.666666666667,14540,nan,1.0,NO,,,
4846.666666666667,14540,nan,1.0,NO,,,
4846.666666666667,14540,nan,1.0,NO,,,
4846.666666666667,14540,nan,1.0,NO,,,
4850.0,14550,nan,0.0,NO,,,
4850.0,14550,nan,0.0,NO,,,
4850.0,14550,nan,0.0,NO,,,
4850.0,14550,nan,0.0,NO,,,
4850.0,14550,nan,0.0,NO,,,
4850.0,14550,nan,0.0,NO,,,
4850.0,14550,nan,0.0,NO,,,
4850.0,14550,nan,0.0,NO,,,
4850.0,14550,nan,0.0,NO,,,
4850.0,14550,nan,0.0,NO,,,
4853.333333333333,14560,nan,0.0,NO,,,
4853.333333333333,14560,nan,0.0,NO,,,
4853.333333333333,14560,nan,0.0,NO,,,
4853.333333333333,14560,nan,0.0,NO,,,
4853.333333333333,14560,nan,0.0,NO,,,
4853.333333333333,14560,nan,0.0,NO,,,
4853.333333333333,14560,nan,0.0,NO,,,
4853.333333333333,14560,nan,0.0,NO,,,
4853.333333333333,14560,nan,0.0,NO,,,
4853.333333333333,14560,nan,0.0,NO,,,
4856.666666666667,14570,nan,1.0,NO,,,
4856.666666666667,14570,nan,1.0,NO,,,
4856.666666666667,14570,nan,1.0,NO,,,
4856.666666666667,14570,nan,1.0,NO,,,
4856.666666666667,14570,nan,1.0,NO,,,
4856.666666666667,14570,nan,1.0,NO,,,
4856.666666666667,14570,nan,1.0,NO,,,
4856.666666666667,14570,nan,1.0,NO,,,
4856.666666666667,14570,nan,1.0,NO,,,
4856.666666666667,14570,nan,1.0,NO,,,
4860.0,14580,nan,0.0,NO,,,
4860.0,14580,nan,0.0,NO,,,
4860.0,14580,nan,0.0,NO,,,
4860.0,14580,nan,0.0,NO,,,
4860.0,14580,nan,0.0,NO,,,
4860.0,14580,nan,0.0,NO,,,
4860.0,14580,nan,0.0,NO,,,
4860.0,14580,nan,0.0,NO,,,
4860.0,14580,nan,0.0,NO,,,
4860.0,14580,nan,0.0,NO,,,
4863.333333333333,14590,nan,0.0,NO,,,
4863.333333333333,14590,nan,0.0,NO,,,
4863.333333333333,14590,nan,0.0,NO,,,
4863.333333333333,14590,nan,0.0,NO,,,
4863.333333333333,14590,nan,0.0,NO,,,
4863.333333333333,14590,nan,0.0,NO,,,
4863.333333333333,14590,nan,0.0,NO,,,
4863.333333333333,14590,nan,0.0,NO,,,
4863.333333333333,14590,nan,0.0,NO,,,
4863.333333333333,14590,nan,0.0,YES,nan,0.2,
4866.666666666667,14600,nan,1.0,NO,,,
4866.666666666667,14600,nan,1.0,NO,,,
4866.666666666667,14600,nan,1.0,NO,,,
4866.666666666667,14600,nan,1.0,NO,,,
4866.666666666667,14600,nan,1.0,NO,,,
4866.666666666667,14600,nan,1.0,NO,,,
4866.666666666667,14600,nan,1.0,NO,,,
4866.666666666667,14600,nan,1.0,NO,,,
4866.666666666667,14600,nan,1.0,NO,,,
4866.666666666667,14600,nan,1.0,NO,,,
4870.0,14610,nan,0.0,NO,,,
4870.0,14610,nan,0.0,NO,,,
4870.0,14610,nan,0.0,NO,,,
4870.0,14610,nan,0.0,NO,,,
4870.0,14610,nan,0.0,NO,,,
4870.0,14610,nan,0.0,NO,,,
4870.0,14610,nan,0.0,NO,,,
4870.0,14610,nan,0.0,NO,,,
4870.0,14610,nan,0.0,NO,,,
4870.0,14610,nan,0.0,NO,,,
4873.333333333333,14620,nan,0.0,NO,,,
4873.333333333333,14620,nan,0.0,NO,,,
4873.333333333333,14620,nan,0.0,NO,,,
4873.333333333333,14620,nan,0.0,NO,,,
4873.333333333333,14620,nan,0.0,NO,,,
4873.333333333333,14620,nan,0.0,NO,,,
4873.333333333333,14620,nan,0.0,NO,,,
4873.333333333333,14620,nan,0.0,NO,,,
4873.333333333333,14620,nan,0.0,NO,,,
4873.333333333333,14620,nan,0.0,NO,,,
4876.666666666667,14630,nan,1.0,NO,,,
4876.666666666667,14630,nan,1.0,NO,,,
4876.666666666667,14630,nan,1.0,NO,,,
4876.666666666667,14630,nan,1.0,NO,,,
4876.666666666667,14630,nan,1.0,NO,,,
4876.666666666667,14630,nan,1.0,NO,,,
4876.666666666667,14630,nan,1.0,NO,,,
4876.666666666667,14630,nan,1.0,NO,,,
4876.666666666667,14630,nan,1.0,NO,,,
4876.666666666667,14630,nan,1.0,NO,,,
4880.0,14640,nan,0.0,NO,,,
4880.0,14640,nan,0.0,NO,,,
4880.0,14640,nan,0.0,NO,,,
4880.0,14640,nan,0.0,NO,,,
4880.0,14640,nan,0.0,NO,,,
4880.0,14640,nan,0.0,NO,,,
4880.0,14640,nan,0.0,NO,,,
4880.0,14640,nan,0.0,NO,,,
4880.0,14640,nan,0.0,NO,,,
4880.0,14640,nan,0.0,NO,,,
4883.333333333333,14650,nan,0.0,NO,,,
4883.333333333333,14650,nan,0.0,NO,,,
4883.333333333333,14650,nan,0.0,NO,,,
4883.333333333333,14650,nan,0.0,NO,,,
4883.333333333333,14650,nan,0.0,NO,,,
4883.333333333333,14650,nan,0.0,NO,,,
4883.333333333333,14650,nan,0.0,NO,,,
4883.333333333333,14650,nan,0.0,NO,,,
4883.333333333333,14650,nan,0.0,NO,,,
4883.333333333333,14650,nan,0.0,NO,,,
4886.666666666667,14660,nan,1.0,NO,,,
4886.666666666667,14660,nan,1.0,NO,,,
4886.666666666667,14660,nan,1.0,NO,,,
4886.666666666667,14660,nan,1.0,NO,,,
4886.666666666667,14660,nan,1.0,NO,,,
4886.666666666667,14660,nan,1.0,NO,,,
4886.666666666667,14660,nan,1.0,NO,,,
4886.666666666667,14660,nan,1.0,NO,,,
4886.666666666667,14660,nan,1.0,NO,,,
4886.666666666667,14660,nan,1.0,NO,,,
4890.0,14670,nan,0.0,NO,,,
4890.0,14670,nan,0.0,NO,,,
4890.0,14670,nan,0.0,NO,,,
4890.0,14670,nan,0.0,NO,,,
4890.0,14670,nan,0.0,NO,,,
4890.0,14670,nan,0.0,NO,,,
4890.0,14670,nan,0.0,NO,,,
4890.0,14670,nan,0.0,NO,,,
4890.0,14670,nan,0.0,NO,,,
4890.0,14670,nan,0.0,NO,,,
4893.333333333333,14680,nan,0.0,NO,,,
4893.333333333333,14680,nan,0.0,NO,,,
4893.333333333333,14680,nan,0.0,NO,,,
4893.333333333333,14680,nan,0.0,NO,,,
4893.333333333333,14680,nan,0.0,NO,,,
4893.333333333333,14680,nan,0.0,NO,,,
4893.333333333333,14680,nan,0.0,NO,,,
4893.333333333333,14680,nan,0.0,NO,,,
4893.333333333333,14680,nan,0.0,NO,,,
4893.333333333333,14680,nan,0.0,NO,,,
4896.666666666667,14690,nan,1.0,NO,,,
4896.666666666667,14690,nan,1.0,NO,,,
4896.666666666667,14690,nan,1.0,NO,,,
4896.666666666667,14690,nan,1.0,NO,,,
4896.666666666667,14690,nan,1.0,NO,,,
4896.666666666667,14690,nan,1.0,NO,,,
4896.666666666667,14690,nan,1.0,NO,,,
4896.666666666667,14690,nan,1.0,NO,,,
4896.666666666667,14690,nan,1.0,NO,,,
4896.666666666667,14690,nan,1.0,NO,,,
4900.0,14700,nan,0.0,NO,,,
4900.0,14700,nan,0.0,NO,,,
4900.0,14700,nan,0.0,NO,,,
4900.0,14700,nan,0.0,NO,,,
4900.0,14700,nan,0.0,NO,,,
4900.0,14700,nan,0.0,NO,,,
4900.0,14700,nan,0.0,NO,,,
4900.0,14700,nan,0.0,NO,,,
4900.0,14700,nan,0.0,NO,,,
4900.0,14700,nan,0.0,NO,,,
4903.333333333333,14710,nan,0.0,NO,,,
4903.333333333333,14710,nan,0.0,NO,,,
4903.333333333333,14710,nan,0.0,NO,,,
4903.333333333333,14710,nan,0.0,NO,,,
4903.333333333333,14710,nan,0.0,NO,,,
4903.333333333333,14710,nan,0.0,NO,,,
4903.333333333333,14710,nan,0.0,NO,,,
4903.333333333333,14710,nan,0.0,NO,,,
4903.333333333333,14710,nan,0.0,NO,,,
4903.333333333333,14710,nan,0.0,NO,,,
4906.666666666667,14720,nan,1.0,NO,,,
4906.666666666667,14720,nan,1.0,NO,,,
4906.666666666667,14720,nan,1.0,NO,,,
4906.666666666667,14720,nan,1.0,NO,,,
4906.666666666667,14720,nan,1.0,NO,,,
4906.666666666667,14720,nan,1.0,NO,,,
4906.666666666667,14720,nan,1.0,NO,,,
4906.666666666667,14720,nan,1.0,NO,,,
4906.666666666667,14720,nan,1.0,NO,,,
4906.666666666667,14720,nan,1.0,NO,,,
4910.0,14730,nan,0.0,NO,,,
4910.0,14730,nan,0.0,NO,,,
4910.0,14730,nan,0.0,NO,,,
4910.0,14730,nan,0.0,NO,,,
4910.0,14730,nan,0.0,NO,,,
4910.0,14730,nan,0.0,NO,,,
4910.0,14730,nan,0.0,NO,,,
4910.0,14730,nan,0.0,NO,,,
4910.0,14730,nan,0.0,NO,,,
4910.0,14730,nan,0.0,NO,,,
4913.333333333333,14740,nan,0.0,NO,,,
4913.333333333333,14740,nan,0.0,NO,,,
4913.333333333333,14740,nan,0.0,NO,,,
4913.333333333333,14740,nan,0.0,NO,,,
4913.333333333333,14740,nan,0.0,NO,,,
4913.333333333333,14740,nan,0.0,NO,,,
4913.333333333333,14740,nan,0.0,NO,,,
4913.333333333333,14740,nan,0.0,NO,,,
4913.333333333333,14740,nan,0.0,NO,,,
4913.333333333333,14740,nan,0.0,NO,,,
4916.666666666667,14750,nan,1.0,NO,,,
4916.666666666667,14750,nan,1.0,NO,,,
4916.666666666667,14750,nan,1.0,NO,,,
4916.666666666667,14750,nan,1.0,NO,,,
4916.666666666667,14750,nan,1.0,NO,,,
4916.666666666667,14750,nan,1.0,NO,,,
4916.666666666667,14750,nan,1.0,NO,,,
4916.666666666667,14750,nan,1.0,NO,,,
4916.666666666667,14750,nan,1.0,NO,,,
4916.666666666667,14750,nan,1.0,NO,,,
4920.0,14760,nan,0.0,NO,,,
4920.0,14760,nan,0.0,NO,,,
4920.0,14760,nan,0.0,NO,,,
4920.0,14760,nan,0.0,NO,,,
4920.0,14760,nan,0.0,NO,,,
4920.0,14760,nan,0.0,NO,,,
4920.0,14760,nan,0.0,NO,,,
4920.0,14760,nan,0.0,NO,,,
4920.0,14760,nan,0.0,NO,,,
4920.0,14760,nan,0.0,NO,,,
4923.333333333333,14770,nan,0.0,NO,,,
4923.333333333333,14770,nan,0.0,NO,,,
4923.333333333333,14770,nan,0.0,NO,,,
4923.333333333333,14770,nan,0.0,NO,,,
4923.333333333333,14770,nan,0.0,NO,,,
4923.333333333333,14770,nan,0.0,NO,,,
4923.333333333333,14770,nan,0.0,NO,,,
4923.333333333333,14770,nan,0.0,NO,,,
4923.333333333333,14770,nan,0.0,NO,,,
4923.333333333333,14770,nan,0.0,NO,,,
4926.666666666667,14780,nan,1.0,NO,,,
4926.666666666667,14780,nan,1.0,NO,,,
4926.666666666667,14780,nan,1.0,NO,,,
4926.666666666667,14780,nan,1.0,NO,,,
4926.666666666667,14780,nan,1.0,NO,,,
4926.666666666667,14780,nan,1.0,NO,,,
4926.666666666667,14780,nan,1.0,NO,,,
4926.666666666667,14780,nan,1.0,NO,,,
4926.666666666667,14780,nan,1.0,NO,,,
4926.666666666667,14780,nan,1.0,NO,,,
4930.0,14790,nan,0.0,NO,,,
4930.0,14790,nan,0.0,NO,,,
4930.0,14790,nan,0.0,NO,,,
4930.0,14790,nan,0.0,NO,,,
4930.0,14790,nan,0.0,NO,,,
4930.0,14790,nan,0.0,NO,,,
4930.0,14790,nan,0.0,NO,,,
4930.0,14790,nan,0.0,NO,,,
4930.0,14790,nan,0.0,NO,,,
4930.0,14790,nan,0.0,YES,nan,0.2,
4933.333333333333,14800,nan,0.0,NO,,,
4933.333333333333,14800,nan,0.0,NO,,,
4933.333333333333,14800,nan,0.0,NO,,,
4933.333333333333,14800,nan,0.0,NO,,,
4933.333333333333,14800,nan,0.0,NO,,,
4933.333333333333,14800,nan,0.0,NO,,,
4933.333333333333,14800,nan,0.0,NO,,,
4933.333333333333,14800,nan,0.0,NO,,,
4933.333333333333,14800,nan,0.0,NO,,,
4933.333333333333,14800,nan,0.0,NO,,,
4936.666666666667,14810,nan,1.0,NO,,,
4936.666666666667,14810,nan,1.0,NO,,,
4936.666666666667,14810,nan,1.0,NO,,,
4936.666666666667,14810,nan,1.0,NO,,,
4936.666666666667,14810,nan,1.0,NO,,,
4936.666666666667,14810,nan,1.0,NO,,,
4936.666666666667,14810,nan,1.0,NO,,,
4936.666666666667,14810,nan,1.0,NO,,,
4936.666666666667,14810,nan,1.0,NO,,,
4936.666666666667,14810,nan,1.0,NO,,,
4940.0,14820,nan,0.0,NO,,,
4940.0,14820,nan,0.0,NO,,,
4940.0,14820,nan,0.0,NO,,,
4940.0,14820,nan,0.0,NO,,,
4940.0,14820,nan,0.0,NO,,,
4940.0,14820,nan,0.0,NO,,,
4940.0,14820,nan,0.0,NO,,,
4940.0,14820,nan,0.0,NO,,,
4940.0,14820,nan,0.0,NO,,,
4940.0,14820,nan,0.0,NO,,,
4943.333333333333,14830,nan,0.0,NO,,,
4943.333333333333,14830,nan,0.0,NO,,,
4943.333333333333,14830,nan,0.0,NO,,,
4943.333333333333,14830,nan,0.0,NO,,,
4943.333333333333,14830,nan,0.0,NO,,,
4943.333333333333,14830,nan,0.0,NO,,,
4943.333333333333,14830,nan,0.0,NO,,,
4943.333333333333,14830,nan,0.0,NO,,,
4943.333333333333,14830,nan,0.0,NO,,,
4943.333333333333,14830,nan,0.0,NO,,,
4946.666666666667,14840,nan,1.0,NO,,,
4946.666666666667,14840,nan,1.0,NO,,,
4946.666666666667,14840,nan,1.0,NO,,,
4946.666666666667,14840,nan,1.0,NO,,,
4946.666666666667,14840,nan,1.0,NO,,,
4946.666666666667,14840,nan,1.0,NO,,,
4946.666666666667,14840,nan,1.0,NO,,,
4946.666666666667,14840,nan,1.0,NO,,,
4946.666666666667,14840,nan,1.0,NO,,,
4946.666666666667,14840,nan,1.0,NO,,,
4950.0,14850,nan,0.0,NO,,,
4950.0,14850,nan,0.0,NO,,,
4950.0,14850,nan,0.0,NO,,,
4950.0,14850,nan,0.0,NO,,,
4950.0,14850,nan,0.0,NO,,,
4950.0,14850,nan,0.0,NO,,,
4950.0,14850,nan,0.0,NO,,,
4950.0,14850,nan,0.0,NO,,,
4950.0,14850,nan,0.0,NO,,,
4950.0,14850,nan,0.0,NO,,,
4953.333333333333,14860,nan,0.0,NO,,,
4953.333333333333,14860,nan,0.0,NO,,,
4953.333333333333,14860,nan,0.0,NO,,,
4953.333333333333,14860,nan,0.0,NO,,,
4953.333333333333,14860,nan,0.0,NO,,,
4953.333333333333,14860,nan,0.0,NO,,,
4953.333333333333,14860,nan,0.0,NO,,,
4953.333333333333,14860,nan,0.0,NO,,,
4953.333333333333,14860,nan,0.0,NO,,,
4953.333333333333,14860,nan,0.0,NO,,,
4956.666666666667,14870,nan,1.0,NO,,,
4956.666666666667,14870,nan,1.0,NO,,,
4956.666666666667,14870,nan,1.0,NO,,,
4956.666666666667,14870,nan,1.0,NO,,,
4956.666666666667,14870,nan,1.0,NO,,,
4956.666666666667,14870,nan,1.0,NO,,,
4956.666666666667,14870,nan,1.0,NO,,,
4956.666666666667,14870,nan,1.0,NO,,,
4956.666666666667,14870,nan,1.0,NO,,,
4956.666666666667,14870,nan,1.0,NO,,,
4960.0,14880,nan,0.0,NO,,,
4960.0,14880,nan,0.0,NO,,,
4960.0,14880,nan,0.0,NO,,,
4960.0,14880,nan,0.0,NO,,,
4960.0,14880,nan,0.0,NO,,,
4960.0,14880,nan,0.0,NO,,,
4960.0,14880,nan,0.0,NO,,,
4960.0,14880,nan,0.0,NO,,,
4960.0,14880,nan,0.0,NO,,,
4960.0,14880,nan,0.0,NO,,,
4963.333333333333,14890,nan,0.0,NO,,,
4963.333333333333,14890,nan,0.0,NO,,,
4963.333333333333,14890,nan,0.0,NO,,,
4963.333333333333,14890,nan,0.0,NO,,,
4963.333333333333,14890,nan,0.0,NO,,,
4963.333333333333,14890,nan,0.0,NO,,,
4963.333333333333,14890,nan,0.0,NO,,,
4963.333333333333,14890,nan,0.0,NO,,,
4963.333333333333,14890,nan,0.0,NO,,,
4963.333333333333,14890,nan,0.0,NO,,,
4966.666666666667,14900,nan,1.0,NO,,,
4966.666666666667,14900,nan,1.0,NO,,,
4966.666666666667,14900,nan,1.0,NO,,,
4966.666666666667,14900,nan,1.0,NO,,,
4966.666666666667,14900,nan,1.0,NO,,,
4966.666666666667,14900,nan,1.0,NO,,,
4966.666666666667,14900,nan,1.0,NO,,,
4966.666666666667,14900,nan,1.0,NO,,,
4966.666666666667,14900,nan,1.0,NO,,,
4966.666666666667,14900,nan,1.0,NO,,,
4970.0,14910,nan,0.0,NO,,,
4970.0,14910,nan,0.0,NO,,,
4970.0,14910,nan,0.0,NO,,,
4970.0,14910,nan,0.0,NO,,,
4970.0,14910,nan,0.0,NO,,,
4970.0,14910,nan,0.0,NO,,,
4970.0,14910,nan,0.0,NO,,,
4970.0,14910,nan,0.0,NO,,,
4970.0,14910,nan,0.0,NO,,,
4970.0,14910,nan,0.0,NO,,,
4973.333333333333,14920,nan,0.0,NO,,,
4973.333333333333,14920,nan,0.0,NO,,,
4973.333333333333,14920,nan,0.0,NO,,,
4973.333333333333,14920,nan,0.0,NO,,,
4973.333333333333,14920,nan,0.0,NO,,,
4973.333333333333,14920,nan,0.0,NO,,,
4973.333333333333,14920,nan,0.0,NO,,,
4973.333333333333,14920,nan,0.0,NO,,,
4973.333333333333,14920,nan,0.0,NO,,,
4973.333333333333,14920,nan,0.0,NO,,,
4976.666666666667,14930,nan,1.0,NO,,,
4976.666666666667,14930,nan,1.0,NO,,,
4976.666666666667,14930,nan,1.0,NO,,,
4976.666666666667,14930,nan,1.0,NO,,,
4976.666666666667,14930,nan,1.0,NO,,,
4976.666666666667,14930,nan,1.0,NO,,,
4976.666666666667,14930,nan,1.0,NO,,,
4976.666666666667,14930,nan,1.0,NO,,,
4976.666666666667,14930,nan,1.0,NO,,,
4976.666666666667,14930,nan,1.0,NO,,,
4980.0,14940,nan,0.0,NO,,,
4980.0,14940,nan,0.0,NO,,,
4980.0,14940,nan,0.0,NO,,,
4980.0,14940,nan,0.0,NO,,,
4980.0,14940,nan,0.0,NO,,,
4980.0,14940,nan,0.0,NO,,,
4980.0,14940,nan,0.0,NO,,,
4980.0,14940,nan,0.0,NO,,,
4980.0,14940,nan,0.0,NO,,,
4980.0,14940,nan,0.0,NO,,,
4983.333333333333,14950,nan,0.0,NO,,,
4983.333333333333,14950,nan,0.0,NO,,,
4983.333333333333,14950,nan,0.0,NO,,,
4983.333333333333,14950,nan,0.0,NO,,,
4983.333333333333,14950,nan,0.0,NO,,,
4983.333333333333,14950,nan,0.0,NO,,,
4983.333333333333,14950,nan,0.0,NO,,,
4983.333333333333,14950,nan,0.0,NO,,,
4983.333333333333,14950,nan,0.0,NO,,,
4983.333333333333,14950,nan,0.0,NO,,,
4986.666666666667,14960,nan,1.0,NO,,,
4986.666666666667,14960,nan,1.0,NO,,,
4986.666666666667,14960,nan,1.0,NO,,,
4986.666666666667,14960,nan,1.0,NO,,,
4986.666666666667,14960,nan,1.0,NO,,,
4986.666666666667,14960,nan,1.0,NO,,,
4986.666666666667,14960,nan,1.0,NO,,,
4986.666666666667,14960,nan,1.0,NO,,,
4986.666666666667,14960,nan,1.0,NO,,,
4986.666666666667,14960,nan,1.0,NO,,,
4990.0,14970,nan,0.0,NO,,,
4990.0,14970,nan,0.0,NO,,,
4990.0,14970,nan,0.0,NO,,,
4990.0,14970,nan,0.0,NO,,,
4990.0,14970,nan,0.0,NO,,,
4990.0,14970,nan,0.0,NO,,,
4990.0,14970,nan,0.0,NO,,,
4990.0,14970,nan,0.0,NO,,,
4990.0,14970,nan,0.0,NO,,,
4990.0,14970,nan,0.0,NO,,,
4993.333333333333,14980,nan,0.0,NO,,,
4993.333333333333,14980,nan,0.0,NO,,,
4993.333333333333,14980,nan,0.0,NO,,,
4993.333333333333,14980,nan,0.0,NO,,,
4993.333333333333,14980,nan,0.0,NO,,,
4993.333333333333,14980,nan,0.0,NO,,,
4993.333333333333,14980,nan,0.0,NO,,,
4993.333333333333,14980,nan,0.0,NO,,,
4993.333333333333,14980,nan,0.0,NO,,,
4993.333333333333,14980,nan,0.0,NO,,,
4996.666666666667,14990,nan,1.0,NO,,,
4996.666666666667,14990,nan,1.0,NO,,,
4996.666666666667,14990,nan,1.0,NO,,,
4996.666666666667,14990,nan,1.0,NO,,,
4996.666666666667,14990,nan,1.0,NO,,,
4996.666666666667,14990,nan,1.0,NO,,,
4996.666666666667,14990,nan,1.0,NO,,,
4996.666666666667,14990,nan,1.0,NO,,,
4996.666666666667,14990,nan,1.0,NO,,,
4996.666666666667,14990,nan,1.0,YES,nan,0.2,
5000.0,15000,nan,0.0,NO,,,
5000.0,15000,nan,0.0,NO,,,
5000.0,15000,nan,0.0,NO,,,
5000.0,15000,nan,0.0,NO,,,
5000.0,15000,nan,0.0,NO,,,
5000.0,15000,nan,0.0,NO,,,
5000.0,15000,nan,0.0,NO,,,
5000.0,15000,nan,0.0,NO,,,
5000.0,15000,nan,0.0,NO,,,
5000.0,15000,nan,0.0,NO,,,
5003.333333333333,15010,nan,0.0,NO,,,
5003.333333333333,15010,nan,0.0,NO,,,
5003.333333333333,15010,nan,0.0,NO,,,
5003.333333333333,15010,nan,0.0,NO,,,
5003.333333333333,15010,nan,0.0,NO,,,
5003.333333333333,15010,nan,0.0,NO,,,
5003.333333333333,15010,nan,0.0,NO,,,
5003.333333333333,15010,nan,0.0,NO,,,
5003.333333333333,15010,nan,0.0,NO,,,
5003.333333333333,15010,nan,0.0,NO,,,
5006.666666666667,15020,nan,1.0,NO,,,
5006.666666666667,15020,nan,1.0,NO,,,
5006.666666666667,15020,nan,1.0,NO,,,
5006.666666666667,15020,nan,1.0,NO,,,
5006.666666666667,15020,nan,1.0,NO,,,
5006.666666666667,15020,nan,1.0,NO,,,
5006.666666666667,15020,nan,1.0,NO,,,
5006.666666666667,15020,nan,1.0,NO,,,
5006.666666666667,15020,nan,1.0,NO,,,
5006.666666666667,15020,nan,1.0,NO,,,
5010.0,15030,nan,0.0,NO,,,
5010.0,15030,nan,0.0,NO,,,
5010.0,15030,nan,0.0,NO,,,
5010.0,15030,nan,0.0,NO,,,
5010.0,15030,nan,0.0,NO,,,
5010.0,15030,nan,0.0,NO,,,
5010.0,15030,nan,0.0,NO,,,
5010.0,15030,nan,0.0,NO,,,
5010.0,15030,nan,0.0,NO,,,
5010.0,15030,nan,0.0,NO,,,
5013.333333333333,15040,nan,0.0,NO,,,
5013.333333333333,15040,nan,0.0,NO,,,
5013.333333333333,15040,nan,0.0,NO,,,
5013.333333333333,15040,nan,0.0,NO,,,
5013.333333333333,15040,nan,0.0,NO,,,
5013.333333333333,15040,nan,0.0,NO,,,
5013.333333333333,15040,nan,0.0,NO,,,
5013.333333333333,15040,nan,0.0,NO,,,
5013.333333333333,15040,nan,0.0,NO,,,
5013.333333333333,15040,nan,0.0,NO,,,
5016.666666666667,15050,nan,1.0,NO,,,
5016.666666666667,15050,nan,1.0,NO,,,
5016.666666666667,15050,nan,1.0,NO,,,
5016.666666666667,15050,nan,1.0,NO,,,
5016.666666666667,15050,nan,1.0,NO,,,
5016.666666666667,15050,nan,1.0,NO,,,
5016.666666666667,15050,nan,1.0,NO,,,
5016.666666666667,15050,nan,1.0,NO,,,
5016.666666666667,15050,nan,1.0,NO,,,
5016.666666666667,15050,nan,1.0,NO,,,
5020.0,15060,nan,0.0,NO,,,
5020.0,15060,nan,0.0,NO,,,
5020.0,15060,nan,0.0,NO,,,
5020.0,15060,nan,0.0,NO,,,
5020.0,15060,nan,0.0,NO,,,
5020.0,15060,nan,0.0,NO,,,
5020.0,15060,nan,0.0,NO,,,
5020.0,15060,nan,0.0,NO,,,
5020.0,15060,nan,0.0,NO,,,
5020.0,15060,nan,0.0,NO,,,
5023.333333333333,15070,nan,0.0,NO,,,
5023.333333333333,15070,nan,0.0,NO,,,
5023.333333333333,15070,nan,0.0,NO,,,
5023.333333333333,15070,nan,0.0,NO,,,
5023.333333333333,15070,nan,0.0,NO,,,
5023.333333333333,15070,nan,0.0,NO,,,
5023.333333333333,15070,nan,0.0,NO,,,
5023.333333333333,15070,nan,0.0,NO,,,
5023.333333333333,15070,nan,0.0,NO,,,
5023.333333333333,15070,nan,0.0,NO,,,
5026.666666666667,15080,nan,1.0,NO,,,
5026.666666666667,15080,nan,1.0,NO,,,
5026.666666666667,15080,nan,1.0,NO,,,
5026.666666666667,15080,nan,1.0,NO,,,
5026.666666666667,15080,nan,1.0,NO,,,
5026.666666666667,15080,nan,1.0,NO,,,
5026.666666666667,15080,nan,1.0,NO,,,
5026.666666666667,15080,nan,1.0,NO,,,
5026.666666666667,15080,nan,1.0,NO,,,
5026.666666666667,15080,nan,1.0,NO,,,
5030.0,15090,nan,0.0,NO,,,
5030.0,15090,nan,0.0,NO,,,
5030.0,15090,nan,0.0,NO,,,
5030.0,15090,nan,0.0,NO,,,
5030.0,15090,nan,0.0,NO,,,
5030.0,15090,nan,0.0,NO,,,
5030.0,15090,nan,0.0,NO,,,
5030.0,15090,nan,0.0,NO,,,
5030.0,15090,nan,0.0,NO,,,
5030.0,15090,nan,0.0,NO,,,
5033.333333333333,15100,nan,0.0,NO,,,
5033.333333333333,15100,nan,0.0,NO,,,
5033.333333333333,15100,nan,0.0,NO,,,
5033.333333333333,15100,nan,0.0,NO,,,
5033.333333333333,15100,nan,0.0,NO,,,
5033.333333333333,15100,nan,0.0,NO,,,
5033.333333333333,15100,nan,0.0,NO,,,
5033.333333333333,15100,nan,0.0,NO,,,
5033.333333333333,15100,nan,0.0,NO,,,
5033.333333333333,15100,nan,0.0,NO,,,
5036.666666666667,15110,nan,1.0,NO,,,
5036.666666666667,15110,nan,1.0,NO,,,
5036.666666666667,15110,nan,1.0,NO,,,
5036.666666666667,15110,nan,1.0,NO,,,
5036.666666666667,15110,nan,1.0,NO,,,
5036.666666666667,15110,nan,1.0,NO,,,
5036.666666666667,15110,nan,1.0,NO,,,
5036.666666666667,15110,nan,1.0,NO,,,
5036.666666666667,15110,nan,1.0,NO,,,
5036.666666666667,15110,nan,1.0,NO,,,
5040.0,15120,nan,0.0,NO,,,
5040.0,15120,nan,0.0,NO,,,
5040.0,15120,nan,0.0,NO,,,
5040.0,15120,nan,0.0,NO,,,
5040.0,15120,nan,0.0,NO,,,
5040.0,15120,nan,0.0,NO,,,
5040.0,15120,nan,0.0,NO,,,
5040.0,15120,nan,0.0,NO,,,
5040.0,15120,nan,0.0,NO,,,
5040.0,15120,nan,0.0,NO,,,
5043.333333333333,15130,nan,0.0,NO,,,
5043.333333333333,15130,nan,0.0,NO,,,
5043.333333333333,15130,nan,0.0,NO,,,
5043.333333333333,15130,nan,0.0,NO,,,
5043.333333333333,15130,nan,0.0,NO,,,
5043.333333333333,15130,nan,0.0,NO,,,
5043.333333333333,15130,nan,0.0,NO,,,
5043.333333333333,15130,nan,0.0,NO,,,
5043.333333333333,15130,nan,0.0,NO,,,
5043.333333333333,15130,nan,0.0,NO,,,
5046.666666666667,15140,nan,1.0,NO,,,
5046.666666666667,15140,nan,1.0,NO,,,
5046.666666666667,15140,nan,1.0,NO,,,
5046.666666666667,15140,nan,1.0,NO,,,
5046.666666666667,15140,nan,1.0,NO,,,
5046.666666666667,15140,nan,1.0,NO,,,
5046.666666666667,15140,nan,1.0,NO,,,
5046.666666666667,15140,nan,1.0,NO,,,
5046.666666666667,15140,nan,1.0,NO,,,
5046.666666666667,15140,nan,1.0,NO,,,
5050.0,15150,nan,0.0,NO,,,
5050.0,15150,nan,0.0,NO,,,
5050.0,15150,nan,0.0,NO,,,
5050.0,15150,nan,0.0,NO,,,
5050.0,15150,nan,0.0,NO,,,
5050.0,15150,nan,0.0,NO,,,
5050.0,15150,nan,0.0,NO,,,
5050.0,15150,nan,0.0,NO,,,
5050.0,15150,nan,0.0,NO,,,
5050.0,15150,nan,0.0,NO,,,
5053.333333333333,15160,nan,0.0,NO,,,
5053.333333333333,15160,nan,0.0,NO,,,
5053.333333333333,15160,nan,0.0,NO,,,
5053.333333333333,15160,nan,0.0,NO,,,
5053.333333333333,15160,nan,0.0,NO,,,
5053.333333333333,15160,nan,0.0,NO,,,
5053.333333333333,15160,nan,0.0,NO,,,
5053.333333333333,15160,nan,0.0,NO,,,
5053.333333333333,15160,nan,0.0,NO,,,
5053.333333333333,15160,nan,0.0,NO,,,
5056.666666666667,15170,nan,1.0,NO,,,
5056.666666666667,15170,nan,1.0,NO,,,
5056.666666666667,15170,nan,1.0,NO,,,
5056.666666666667,15170,nan,1.0,NO,,,
5056.666666666667,15170,nan,1.0,NO,,,
5056.666666666667,15170,nan,1.0,NO,,,
5056.666666666667,15170,nan,1.0,NO,,,
5056.666666666667,15170,nan,1.0,NO,,,
5056.666666666667,15170,nan,1.0,NO,,,
5056.666666666667,15170,nan,1.0,NO,,,
5060.0,15180,nan,0.0,NO,,,
5060.0,15180,nan,0.0,NO,,,
5060.0,15180,nan,0.0,NO,,,
5060.0,15180,nan,0.0,NO,,,
5060.0,15180,nan,0.0,NO,,,
5060.0,15180,nan,0.0,NO,,,
5060.0,15180,nan,0.0,NO,,,
5060.0,15180,nan,0.0,NO,,,
5060.0,15180,nan,0.0,NO,,,
5060.0,15180,nan,0.0,NO,,,
5063.333333333333,15190,nan,0.0,NO,,,
5063.333333333333,15190,nan,0.0,NO,,,
5063.333333333333,15190,nan,0.0,NO,,,
5063.333333333333,15190,nan,0.0,NO,,,
5063.333333333333,15190,nan,0.0,NO,,,
5063.333333333333,15190,nan,0.0,NO,,,
5063.333333333333,15190,nan,0.0,NO,,,
5063.333333333333,15190,nan,0.0,NO,,,
5063.333333333333,15190,nan,0.0,NO,,,
5063.333333333333,15190,nan,0.0,YES,nan,0.2,
5066.666666666667,15200,nan,1.0,NO,,,
5066.666666666667,15200,nan,1.0,NO,,,
5066.666666666667,15200,nan,1.0,NO,,,
5066.666666666667,15200,nan,1.0,NO,,,
5066.666666666667,15200,nan,1.0,NO,,,
5066.666666666667,15200,nan,1.0,NO,,,
5066.666666666667,15200,nan,1.0,NO,,,
5066.666666666667,15200,nan,1.0,NO,,,
5066.666666666667,15200,nan,1.0,NO,,,
5066.666666666667,15200,nan,1.0,NO,,,
5070.0,15210,nan,0.0,NO,,,
5070.0,15210,nan,0.0,NO,,,
5070.0,15210,nan,0.0,NO,,,
5070.0,15210,nan,0.0,NO,,,
5070.0,15210,nan,0.0,NO,,,
5070.0,15210,nan,0.0,NO,,,
5070.0,15210,nan,0.0,NO,,,
5070.0,15210,nan,0.0,NO,,,
5070.0,15210,nan,0.0,NO,,,
5070.0,15210,nan,0.0,NO,,,
5073.333333333333,15220,nan,0.0,NO,,,
5073.333333333333,15220,nan,0.0,NO,,,
5073.333333333333,15220,nan,0.0,NO,,,
5073.333333333333,15220,nan,0.0,NO,,,
5073.333333333333,15220,nan,0.0,NO,,,
5073.333333333333,15220,nan,0.0,NO,,,
5073.333333333333,15220,nan,0.0,NO,,,
5073.333333333333,15220,nan,0.0,NO,,,
5073.333333333333,15220,nan,0.0,NO,,,
5073.333333333333,15220,nan,0.0,NO,,,
5076.666666666667,15230,nan,1.0,NO,,,
5076.666666666667,15230,nan,1.0,NO,,,
5076.666666666667,15230,nan,1.0,NO,,,
5076.666666666667,15230,nan,1.0,NO,,,
5076.666666666667,15230,nan,1.0,NO,,,
5076.666666666667,15230,nan,1.0,NO,,,
5076.666666666667,15230,nan,1.0,NO,,,
5076.666666666667,15230,nan,1.0,NO,,,
5076.666666666667,15230,nan,1.0,NO,,,
5076.666666666667,15230,nan,1.0,NO,,,
5080.0,15240,nan,0.0,NO,,,
5080.0,15240,nan,0.0,NO,,,
5080.0,15240,nan,0.0,NO,,,
5080.0,15240,nan,0.0,NO,,,
5080.0,15240,nan,0.0,NO,,,
5080.0,15240,nan,0.0,NO,,,
5080.0,15240,nan,0.0,NO,,,
5080.0,15240,nan,0.0,NO,,,
5080.0,15240,nan,0.0,NO,,,
5080.0,15240,nan,0.0,NO,,,
5083.333333333333,15250,nan,0.0,NO,,,
5083.333333333333,15250,nan,0.0,NO,,,
5083.333333333333,15250,nan,0.0,NO,,,
5083.333333333333,15250,nan,0.0,NO,,,
5083.333333333333,15250,nan,0.0,NO,,,
5083.333333333333,15250,nan,0.0,NO,,,
5083.333333333333,15250,nan,0.0,NO,,,
5083.333333333333,15250,nan,0.0,NO,,,
5083.333333333333,15250,nan,0.0,NO,,,
5083.333333333333,15250,nan,0.0,NO,,,
5086.666666666667,15260,nan,1.0,NO,,,
5086.666666666667,15260,nan,1.0,NO,,,
5086.666666666667,15260,nan,1.0,NO,,,
5086.666666666667,15260,nan,1.0,NO,,,
5086.666666666667,15260,nan,1.0,NO,,,
5086.666666666667,15260,nan,1.0,NO,,,
5086.666666666667,15260,nan,1.0,NO,,,
5086.666666666667,15260,nan,1.0,NO,,,
5086.666666666667,15260,nan,1.0,NO,,,
5086.666666666667,15260,nan,1.0,NO,,,
5090.0,15270,nan,0.0,NO,,,
5090.0,15270,nan,0.0,NO,,,
5090.0,15270,nan,0.0,NO,,,
5090.0,15270,nan,0.0,NO,,,
5090.0,15270,nan,0.0,NO,,,
5090.0,15270,nan,0.0,NO,,,
5090.0,15270,nan,0.0,NO,,,
5090.0,15270,nan,0.0,NO,,,
5090.0,15270,nan,0.0,NO,,,
5090.0,15270,nan,0.0,NO,,,
5093.333333333333,15280,nan,0.0,NO,,,
5093.333333333333,15280,nan,0.0,NO,,,
5093.333333333333,15280,nan,0.0,NO,,,
5093.333333333333,15280,nan,0.0,NO,,,
5093.333333333333,15280,nan,0.0,NO,,,
5093.333333333333,15280,nan,0.0,NO,,,
5093.333333333333,15280,nan,0.0,NO,,,
5093.333333333333,15280,nan,0.0,NO,,,
5093.333333333333,15280,nan,0.0,NO,,,
5093.333333333333,15280,nan,0.0,NO,,,
5096.666666666667,15290,nan,1.0,NO,,,
5096.666666666667,15290,nan,1.0,NO,,,
5096.666666666667,15290,nan,1.0,NO,,,
5096.666666666667,15290,nan,1.0,NO,,,
5096.666666666667,15290,nan,1.0,NO,,,
5096.666666666667,15290,nan,1.0,NO,,,
5096.666666666667,15290,nan,1.0,NO,,,
5096.666666666667,15290,nan,1.0,NO,,,
5096.666666666667,15290,nan,1.0,NO,,,
5096.666666666667,15290,nan,1.0,NO,,,
5100.0,15300,nan,0.0,NO,,,
5100.0,15300,nan,0.0,NO,,,
5100.0,15300,nan,0.0,NO,,,
5100.0,15300,nan,0.0,NO,,,
5100.0,15300,nan,0.0,NO,,,
5100.0,15300,nan,0.0,NO,,,
5100.0,15300,nan,0.0,NO,,,
5100.0,15300,nan,0.0,NO,,,
5100.0,15300,nan,0.0,NO,,,
5100.0,15300,nan,0.0,NO,,,
5103.333333333333,15310,nan,0.0,NO,,,
5103.333333333333,15310,nan,0.0,NO,,,
5103.333333333333,15310,nan,0.0,NO,,,
5103.333333333333,15310,nan,0.0,NO,,,
5103.333333333333,15310,nan,0.0,NO,,,
5103.333333333333,15310,nan,0.0,NO,,,
5103.333333333333,15310,nan,0.0,NO,,,
5103.333333333333,15310,nan,0.0,NO,,,
5103.333333333333,15310,nan,0.0,NO,,,
5103.333333333333,15310,nan,0.0,NO,,,
5106.666666666667,15320,nan,1.0,NO,,,
5106.666666666667,15320,nan,1.0,NO,,,
5106.666666666667,15320,nan,1.0,NO,,,
5106.666666666667,15320,nan,1.0,NO,,,
5106.666666666667,15320,nan,1.0,NO,,,
5106.666666666667,15320,nan,1.0,NO,,,
5106.666666666667,15320,nan,1.0,NO,,,
5106.666666666667,15320,nan,1.0,NO,,,
5106.666666666667,15320,nan,1.0,NO,,,
5106.666666666667,15320,nan,1.0,NO,,,
5110.0,15330,nan,0.0,NO,,,
5110.0,15330,nan,0.0,NO,,,
5110.0,15330,nan,0.0,NO,,,
5110.0,15330,nan,0.0,NO,,,
5110.0,15330,nan,0.0,NO,,,
5110.0,15330,nan,0.0,NO,,,
5110.0,15330,nan,0.0,NO,,,
5110.0,15330,nan,0.0,NO,,,
5110.0,15330,nan,0.0,NO,,,
5110.0,15330,nan,0.0,NO,,,
5113.333333333333,15340,nan,0.0,NO,,,
5113.333333333333,15340,nan,0.0,NO,,,
5113.333333333333,15340,nan,0.0,NO,,,
5113.333333333333,15340,nan,0.0,NO,,,
5113.333333333333,15340,nan,0.0,NO,,,
5113.333333333333,15340,nan,0.0,NO,,,
5113.333333333333,15340,nan,0.0,NO,,,
5113.333333333333,15340,nan,0.0,NO,,,
5113.333333333333,15340,nan,0.0,NO,,,
5113.333333333333,15340,nan,0.0,NO,,,
5116.666666666667,15350,nan,1.0,NO,,,
5116.666666666667,15350,nan,1.0,NO,,,
5116.666666666667,15350,nan,1.0,NO,,,
5116.666666666667,15350,nan,1.0,NO,,,
5116.666666666667,15350,nan,1.0,NO,,,
5116.666666666667,15350,nan,1.0,NO,,,
5116.666666666667,15350,nan,1.0,NO,,,
5116.666666666667,15350,nan,1.0,NO,,,
5116.666666666667,15350,nan,1.0,NO,,,
5116.666666666667,15350,nan,1.0,NO,,,
5120.0,15360,nan,0.0,NO,,,
5120.0,15360,nan,0.0,NO,,,
5120.0,15360,nan,0.0,NO,,,
5120.0,15360,nan,0.0,NO,,,
5120.0,15360,nan,0.0,NO,,,
5120.0,15360,nan,0.0,NO,,,
5120.0,15360,nan,0.0,NO,,,
5120.0,15360,nan,0.0,NO,,,
5120.0,15360,nan,0.0,NO,,,
5120.0,15360,nan,0.0,NO,,,
5123.333333333333,15370,nan,0.0,NO,,,
5123.333333333333,15370,nan,0.0,NO,,,
5123.333333333333,15370,nan,0.0,NO,,,
5123.333333333333,15370,nan,0.0,NO,,,
5123.333333333333,15370,nan,0.0,NO,,,
5123.333333333333,15370,nan,0.0,NO,,,
5123.333333333333,15370,nan,0.0,NO,,,
5123.333333333333,15370,nan,0.0,NO,,,
5123.333333333333,15370,nan,0.0,NO,,,
5123.333333333333,15370,nan,0.0,NO,,,
5126.666666666667,15380,nan,1.0,NO,,,
5126.666666666667,15380,nan,1.0,NO,,,
5126.666666666667,15380,nan,1.0,NO,,,
5126.666666666667,15380,nan,1.0,NO,,,
5126.666666666667,15380,nan,1.0,NO,,,
5126.666666666667,15380,nan,1.0,NO,,,
5126.666666666667,15380,nan,1.0,NO,,,
5126.666666666667,15380,nan,1.0,NO,,,
5126.666666666667,15380,nan,1.0,NO,,,
5126.666666666667,15380,nan,1.0,NO,,,
5130.0,15390,nan,0.0,NO,,,
5130.0,15390,nan,0.0,NO,,,
5130.0,15390,nan,0.0,NO,,,
5130.0,15390,nan,0.0,NO,,,
5130.0,15390,nan,0.0,NO,,,
5130.0,15390,nan,0.0,NO,,,
5130.0,15390,nan,0.0,NO,,,
5130.0,15390,nan,0.0,NO,,,
5130.0,15390,nan,0.0,NO,,,
5130.0,15390,nan,0.0,YES,nan,0.2,
5133.333333333333,15400,nan,0.0,NO,,,
5133.333333333333,15400,nan,0.0,NO,,,
5133.333333333333,15400,nan,0.0,NO,,,
5133.333333333333,15400,nan,0.0,NO,,,
5133.333333333333,15400,nan,0.0,NO,,,
5133.333333333333,15400,nan,0.0,NO,,,
5133.333333333333,15400,nan,0.0,NO,,,
5133.333333333333,15400,nan,0.0,NO,,,
5133.333333333333,15400,nan,0.0,NO,,,
5133.333333333333,15400,nan,0.0,NO,,,
5136.666666666667,15410,nan,1.0,NO,,,
5136.666666666667,15410,nan,1.0,NO,,,
5136.666666666667,15410,nan,1.0,NO,,,
5136.666666666667,15410,nan,1.0,NO,,,
5136.666666666667,15410,nan,1.0,NO,,,
5136.666666666667,15410,nan,1.0,NO,,,
5136.666666666667,15410,nan,1.0,NO,,,
5136.666666666667,15410,nan,1.0,NO,,,
5136.666666666667,15410,nan,1.0,NO,,,
5136.666666666667,15410,nan,1.0,NO,,,
5140.0,15420,nan,0.0,NO,,,
5140.0,15420,nan,0.0,NO,,,
5140.0,15420,nan,0.0,NO,,,
5140.0,15420,nan,0.0,NO,,,
5140.0,15420,nan,0.0,NO,,,
5140.0,15420,nan,0.0,NO,,,
5140.0,15420,nan,0.0,NO,,,
5140.0,15420,nan,0.0,NO,,,
5140.0,15420,nan,0.0,NO,,,
5140.0,15420,nan,0.0,NO,,,
5143.333333333333,15430,nan,0.0,NO,,,
5143.333333333333,15430,nan,0.0,NO,,,
5143.333333333333,15430,nan,0.0,NO,,,
5143.333333333333,15430,nan,0.0,NO,,,
5143.333333333333,15430,nan,0.0,NO,,,
5143.333333333333,15430,nan,0.0,NO,,,
5143.333333333333,15430,nan,0.0,NO,,,
5143.333333333333,15430,nan,0.0,NO,,,
5143.333333333333,15430,nan,0.0,NO,,,
5143.333333333333,15430,nan,0.0,NO,,,
5146.666666666667,15440,nan,1.0,NO,,,
5146.666666666667,15440,nan,1.0,NO,,,
5146.666666666667,15440,nan,1.0,NO,,,
5146.666666666667,15440,nan,1.0,NO,,,
5146.666666666667,15440,nan,1.0,NO,,,
5146.666666666667,15440,nan,1.0,NO,,,
5146.666666666667,15440,nan,1.0,NO,,,
5146.666666666667,15440,nan,1.0,NO,,,
5146.666666666667,15440,nan,1.0,NO,,,
5146.666666666667,15440,nan,1.0,NO,,,
5150.0,15450,nan,0.0,NO,,,
5150.0,15450,nan,0.0,NO,,,
5150.0,15450,nan,0.0,NO,,,
5150.0,15450,nan,0.0,NO,,,
5150.0,15450,nan,0.0,NO,,,
5150.0,15450,nan,0.0,NO,,,
5150.0,15450,nan,0.0,NO,,,
5150.0,15450,nan,0.0,NO,,,
5150.0,15450,nan,0.0,NO,,,
5150.0,15450,nan,0.0,NO,,,
5153.333333333333,15460,nan,0.0,NO,,,
5153.333333333333,15460,nan,0.0,NO,,,
5153.333333333333,15460,nan,0.0,NO,,,
5153.333333333333,15460,nan,0.0,NO,,,
5153.333333333333,15460,nan,0.0,NO,,,
5153.333333333333,15460,nan,0.0,NO,,,
5153.333333333333,15460,nan,0.0,NO,,,
5153.333333333333,15460,nan,0.0,NO,,,
5153.333333333333,15460,nan,0.0,NO,,,
5153.333333333333,15460,nan,0.0,NO,,,
5156.666666666667,15470,nan,1.0,NO,,,
5156.666666666667,15470,nan,1.0,NO,,,
5156.666666666667,15470,nan,1.0,NO,,,
5156.666666666667,15470,nan,1.0,NO,,,
5156.666666666667,15470,nan,1.0,NO,,,
5156.666666666667,15470,nan,1.0,NO,,,
5156.666666666667,15470,nan,1.0,NO,,,
5156.666666666667,15470,nan,1.0,NO,,,
5156.666666666667,15470,nan,1.0,NO,,,
5156.666666666667,15470,nan,1.0,NO,,,
5160.0,15480,nan,0.0,NO,,,
5160.0,15480,nan,0.0,NO,,,
5160.0,15480,nan,0.0,NO,,,
5160.0,15480,nan,0.0,NO,,,
5160.0,15480,nan,0.0,NO,,,
5160.0,15480,nan,0.0,NO,,,
5160.0,15480,nan,0.0,NO,,,
5160.0,15480,nan,0.0,NO,,,
5160.0,15480,nan,0.0,NO,,,
5160.0,15480,nan,0.0,NO,,,
5163.333333333333,15490,nan,0.0,NO,,,
5163.333333333333,15490,nan,0.0,NO,,,
5163.333333333333,15490,nan,0.0,NO,,,
5163.333333333333,15490,nan,0.0,NO,,,
5163.333333333333,15490,nan,0.0,NO,,,
5163.333333333333,15490,nan,0.0,NO,,,
5163.333333333333,15490,nan,0.0,NO,,,
5163.333333333333,15490,nan,0.0,NO,,,
5163.333333333333,15490,nan,0.0,NO,,,
5163.333333333333,15490,nan,0.0,NO,,,
5166.666666666667,15500,nan,1.0,NO,,,
5166.666666666667,15500,nan,1.0,NO,,,
5166.666666666667,15500,nan,1.0,NO,,,
5166.666666666667,15500,nan,1.0,NO,,,
5166.666666666667,15500,nan,1.0,NO,,,
5166.666666666667,15500,nan,1.0,NO,,,
5166.666666666667,15500,nan,1.0,NO,,,
5166.666666666667,15500,nan,1.0,NO,,,
5166.666666666667,15500,nan,1.0,NO,,,
5166.666666666667,15500,nan,1.0,NO,,,
5170.0,15510,nan,0.0,NO,,,
5170.0,15510,nan,0.0,NO,,,
5170.0,15510,nan,0.0,NO,,,
5170.0,15510,nan,0.0,NO,,,
5170.0,15510,nan,0.0,NO,,,
5170.0,15510,nan,0.0,NO,,,
5170.0,15510,nan,0.0,NO,,,
5170.0,15510,nan,0.0,NO,,,
5170.0,15510,nan,0.0,NO,,,
5170.0,15510,nan,0.0,NO,,,
5173.333333333333,15520,nan,0.0,NO,,,
5173.333333333333,15520,nan,0.0,NO,,,
5173.333333333333,15520,nan,0.0,NO,,,
5173.333333333333,15520,nan,0.0,NO,,,
5173.333333333333,15520,nan,0.0,NO,,,
5173.333333333333,15520,nan,0.0,NO,,,
5173.333333333333,15520,nan,0.0,NO,,,
5173.333333333333,15520,nan,0.0,NO,,,
5173.333333333333,15520,nan,0.0,NO,,,
5173.333333333333,15520,nan,0.0,NO,,,
5176.666666666667,15530,nan,1.0,NO,,,
5176.666666666667,15530,nan,1.0,NO,,,
5176.666666666667,15530,nan,1.0,NO,,,
5176.666666666667,15530,nan,1.0,NO,,,
5176.666666666667,15530,nan,1.0,NO,,,
5176.666666666667,15530,nan,1.0,NO,,,
5176.666666666667,15530,nan,1.0,NO,,,
5176.666666666667,15530,nan,1.0,NO,,,
5176.666666666667,15530,nan,1.0,NO,,,
5176.666666666667,15530,nan,1.0,NO,,,
5180.0,15540,nan,0.0,NO,,,
5180.0,15540,nan,0.0,NO,,,
5180.0,15540,nan,0.0,NO,,,
5180.0,15540,nan,0.0,NO,,,
5180.0,15540,nan,0.0,NO,,,
5180.0,15540,nan,0.0,NO,,,
5180.0,15540,nan,0.0,NO,,,
5180.0,15540,nan,0.0,NO,,,
5180.0,15540,nan,0.0,NO,,,
5180.0,15540,nan,0.0,NO,,,
5183.333333333333,15550,nan,0.0,NO,,,
5183.333333333333,15550,nan,0.0,NO,,,
5183.333333333333,15550,nan,0.0,NO,,,
5183.333333333333,15550,nan,0.0,NO,,,
5183.333333333333,15550,nan,0.0,NO,,,
5183.333333333333,15550,nan,0.0,NO,,,
5183.333333333333,15550,nan,0.0,NO,,,
5183.333333333333,15550,nan,0.0,NO,,,
5183.333333333333,15550,nan,0.0,NO,,,
5183.333333333333,15550,nan,0.0,NO,,,
5186.666666666667,15560,nan,1.0,NO,,,
5186.666666666667,15560,nan,1.0,NO,,,
5186.666666666667,15560,nan,1.0,NO,,,
5186.666666666667,15560,nan,1.0,NO,,,
5186.666666666667,15560,nan,1.0,NO,,,
5186.666666666667,15560,nan,1.0,NO,,,
5186.666666666667,15560,nan,1.0,NO,,,
5186.666666666667,15560,nan,1.0,NO,,,
5186.666666666667,15560,nan,1.0,NO,,,
5186.666666666667,15560,nan,1.0,NO,,,
5190.0,15570,nan,0.0,NO,,,
5190.0,15570,nan,0.0,NO,,,
5190.0,15570,nan,0.0,NO,,,
5190.0,15570,nan,0.0,NO,,,
5190.0,15570,nan,0.0,NO,,,
5190.0,15570,nan,0.0,NO,,,
5190.0,15570,nan,0.0,NO,,,
5190.0,15570,nan,0.0,NO,,,
5190.0,15570,nan,0.0,NO,,,
5190.0,15570,nan,0.0,NO,,,
5193.333333333333,15580,nan,0.0,NO,,,
5193.333333333333,15580,nan,0.0,NO,,,
5193.333333333333,15580,nan,0.0,NO,,,
5193.333333333333,15580,nan,0.0,NO,,,
5193.333333333333,15580,nan,0.0,NO,,,
5193.333333333333,15580,nan,0.0,NO,,,
5193.333333333333,15580,nan,0.0,NO,,,
5193.333333333333,15580,nan,0.0,NO,,,
5193.333333333333,15580,nan,0.0,NO,,,
5193.333333333333,15580,nan,0.0,NO,,,
5196.666666666667,15590,nan,1.0,NO,,,
5196.666666666667,15590,nan,1.0,NO,,,
5196.666666666667,15590,nan,1.0,NO,,,
5196.666666666667,15590,nan,1.0,NO,,,
5196.666666666667,15590,nan,1.0,NO,,,
5196.666666666667,15590,nan,1.0,NO,,,
5196.666666666667,15590,nan,1.0,NO,,,
5196.666666666667,15590,nan,1.0,NO,,,
5196.666666666667,15590,nan,1.0,NO,,,
5196.666666666667,15590,nan,1.0,YES,nan,0.2,
5200.0,15600,nan,0.0,NO,,,
5200.0,15600,nan,0.0,NO,,,
5200.0,15600,nan,0.0,NO,,,
5200.0,15600,nan,0.0,NO,,,
5200.0,15600,nan,0.0,NO,,,
5200.0,15600,nan,0.0,NO,,,
5200.0,15600,nan,0.0,NO,,,
5200.0,15600,nan,0.0,NO,,,
5200.0,15600,nan,0.0,NO,,,
5200.0,15600,nan,0.0,NO,,,
5203.333333333333,15610,nan,0.0,NO,,,
5203.333333333333,15610,nan,0.0,NO,,,
5203.333333333333,15610,nan,0.0,NO,,,
5203.333333333333,15610,nan,0.0,NO,,,
5203.333333333333,15610,nan,0.0,NO,,,
5203.333333333333,15610,nan,0.0,NO,,,
5203.333333333333,15610,nan,0.0,NO,,,
5203.333333333333,15610,nan,0.0,NO,,,
5203.333333333333,15610,nan,0.0,NO,,,
5203.333333333333,15610,nan,0.0,NO,,,
5206.666666666667,15620,nan,1.0,NO,,,
5206.666666666667,15620,nan,1.0,NO,,,
5206.666666666667,15620,nan,1.0,NO,,,
5206.666666666667,15620,nan,1.0,NO,,,
5206.666666666667,15620,nan,1.0,NO,,,
5206.666666666667,15620,nan,1.0,NO,,,
5206.666666666667,15620,nan,1.0,NO,,,
5206.666666666667,15620,nan,1.0,NO,,,
5206.666666666667,15620,nan,1.0,NO,,,
5206.666666666667,15620,nan,1.0,NO,,,
5210.0,15630,nan,0.0,NO,,,
5210.0,15630,nan,0.0,NO,,,
5210.0,15630,nan,0.0,NO,,,
5210.0,15630,nan,0.0,NO,,,
5210.0,15630,nan,0.0,NO,,,
5210.0,15630,nan,0.0,NO,,,
5210.0,15630,nan,0.0,NO,,,
5210.0,15630,nan,0.0,NO,,,
5210.0,15630,nan,0.0,NO,,,
5210.0,15630,nan,0.0,NO,,,
5213.333333333333,15640,nan,0.0,NO,,,
5213.333333333333,15640,nan,0.0,NO,,,
5213.333333333333,15640,nan,0.0,NO,,,
5213.333333333333,15640,nan,0.0,NO,,,
5213.333333333333,15640,nan,0.0,NO,,,
5213.333333333333,15640,nan,0.0,NO,,,
5213.333333333333,15640,nan,0.0,NO,,,
5213.333333333333,15640,nan,0.0,NO,,,
5213.333333333333,15640,nan,0.0,NO,,,
5213.333333333333,15640,nan,0.0,NO,,,
5216.666666666667,15650,nan,1.0,NO,,,
5216.666666666667,15650,nan,1.0,NO,,,
5216.666666666667,15650,nan,1.0,NO,,,
5216.666666666667,15650,nan,1.0,NO,,,
5216.666666666667,15650,nan,1.0,NO,,,
5216.666666666667,15650,nan,1.0,NO,,,
5216.666666666667,15650,nan,1.0,NO,,,
5216.666666666667,15650,nan,1.0,NO,,,
5216.666666666667,15650,nan,1.0,NO,,,
5216.666666666667,15650,nan,1.0,NO,,,
5220.0,15660,nan,0.0,NO,,,
5220.0,15660,nan,0.0,NO,,,
5220.0,15660,nan,0.0,NO,,,
5220.0,15660,nan,0.0,NO,,,
5220.0,15660,nan,0.0,NO,,,
5220.0,15660,nan,0.0,NO,,,
5220.0,15660,nan,0.0,NO,,,
5220.0,15660,nan,0.0,NO,,,
5220.0,15660,nan,0.0,NO,,,
5220.0,15660,nan,0.0,NO,,,
5223.333333333333,15670,nan,0.0,NO,,,
5223.333333333333,15670,nan,0.0,NO,,,
5223.333333333333,15670,nan,0.0,NO,,,
5223.333333333333,15670,nan,0.0,NO,,,
5223.333333333333,15670,nan,0.0,NO,,,
5223.333333333333,15670,nan,0.0,NO,,,
5223.333333333333,15670,nan,0.0,NO,,,
5223.333333333333,15670,nan,0.0,NO,,,
5223.333333333333,15670,nan,0.0,NO,,,
5223.333333333333,15670,nan,0.0,NO,,,
5226.666666666667,15680,nan,1.0,NO,,,
5226.666666666667,15680,nan,1.0,NO,,,
5226.666666666667,15680,nan,1.0,NO,,,
5226.666666666667,15680,nan,1.0,NO,,,
5226.666666666667,15680,nan,1.0,NO,,,
5226.666666666667,15680,nan,1.0,NO,,,
5226.666666666667,15680,nan,1.0,NO,,,
5226.666666666667,15680,nan,1.0,NO,,,
5226.666666666667,15680,nan,1.0,NO,,,
5226.666666666667,15680,nan,1.0,NO,,,
5230.0,15690,nan,0.0,NO,,,
5230.0,15690,nan,0.0,NO,,,
5230.0,15690,nan,0.0,NO,,,
5230.0,15690,nan,0.0,NO,,,
5230.0,15690,nan,0.0,NO,,,
5230.0,15690,nan,0.0,NO,,,
5230.0,15690,nan,0.0,NO,,,
5230.0,15690,nan,0.0,NO,,,
5230.0,15690,nan,0.0,NO,,,
5230.0,15690,nan,0.0,NO,,,
5233.333333333333,15700,nan,0.0,NO,,,
5233.333333333333,15700,nan,0.0,NO,,,
5233.333333333333,15700,nan,0.0,NO,,,
5233.333333333333,15700,nan,0.0,NO,,,
5233.333333333333,15700,nan,0.0,NO,,,
5233.333333333333,15700,nan,0.0,NO,,,
5233.333333333333,15700,nan,0.0,NO,,,
5233.333333333333,15700,nan,0.0,NO,,,
5233.333333333333,15700,nan,0.0,NO,,,
5233.333333333333,15700,nan,0.0,NO,,,
5236.666666666667,15710,nan,1.0,NO,,,
5236.666666666667,15710,nan,1.0,NO,,,
5236.666666666667,15710,nan,1.0,NO,,,
5236.666666666667,15710,nan,1.0,NO,,,
5236.666666666667,15710,nan,1.0,NO,,,
5236.666666666667,15710,nan,1.0,NO,,,
5236.666666666667,15710,nan,1.0,NO,,,
5236.666666666667,15710,nan,1.0,NO,,,
5236.666666666667,15710,nan,1.0,NO,,,
5236.666666666667,15710,nan,1.0,NO,,,
5240.0,15720,nan,0.0,NO,,,
5240.0,15720,nan,0.0,NO,,,
5240.0,15720,nan,0.0,NO,,,
5240.0,15720,nan,0.0,NO,,,
5240.0,15720,nan,0.0,NO,,,
5240.0,15720,nan,0.0,NO,,,
5240.0,15720,nan,0.0,NO,,,
5240.0,15720,nan,0.0,NO,,,
5240.0,15720,nan,0.0,NO,,,
5240.0,15720,nan,0.0,NO,,,
5243.333333333333,15730,nan,0.0,NO,,,
5243.333333333333,15730,nan,0.0,NO,,,
5243.333333333333,15730,nan,0.0,NO,,,
5243.333333333333,15730,nan,0.0,NO,,,
5243.333333333333,15730,nan,0.0,NO,,,
5243.333333333333,15730,nan,0.0,NO,,,
5243.333333333333,15730,nan,0.0,NO,,,
5243.333333333333,15730,nan,0.0,NO,,,
5243.333333333333,15730,nan,0.0,NO,,,
5243.333333333333,15730,nan,0.0,NO,,,
5246.666666666667,15740,nan,1.0,NO,,,
5246.666666666667,15740,nan,1.0,NO,,,
5246.666666666667,15740,nan,1.0,NO,,,
5246.666666666667,15740,nan,1.0,NO,,,
5246.666666666667,15740,nan,1.0,NO,,,
5246.666666666667,15740,nan,1.0,NO,,,
5246.666666666667,15740,nan,1.0,NO,,,
5246.666666666667,15740,nan,1.0,NO,,,
5246.666666666667,15740,nan,1.0,NO,,,
5246.666666666667,15740,nan,1.0,NO,,,
5250.0,15750,nan,0.0,NO,,,
5250.0,15750,nan,0.0,NO,,,
5250.0,15750,nan,0.0,NO,,,
5250.0,15750,nan,0.0,NO,,,
5250.0,15750,nan,0.0,NO,,,
5250.0,15750,nan,0.0,NO,,,
5250.0,15750,nan,0.0,NO,,,
5250.0,15750,nan,0.0,NO,,,
5250.0,15750,nan,0.0,NO,,,
5250.0,15750,nan,0.0,NO,,,
5253.333333333333,15760,nan,0.0,NO,,,
5253.333333333333,15760,nan,0.0,NO,,,
5253.333333333333,15760,nan,0.0,NO,,,
5253.333333333333,15760,nan,0.0,NO,,,
5253.333333333333,15760,nan,0.0,NO,,,
5253.333333333333,15760,nan,0.0,NO,,,
5253.333333333333,15760,nan,0.0,NO,,,
5253.333333333333,15760,nan,0.0,NO,,,
5253.333333333333,15760,nan,0.0,NO,,,
5253.333333333333,15760,nan,0.0,NO,,,
5256.666666666667,15770,nan,1.0,NO,,,
5256.666666666667,15770,nan,1.0,NO,,,
5256.666666666667,15770,nan,1.0,NO,,,
5256.666666666667,15770,nan,1.0,NO,,,
5256.666666666667,15770,nan,1.0,NO,,,
5256.666666666667,15770,nan,1.0,NO,,,
5256.666666666667,15770,nan,1.0,NO,,,
5256.666666666667,15770,nan,1.0,NO,,,
5256.666666666667,15770,nan,1.0,NO,,,
5256.666666666667,15770,nan,1.0,NO,,,
5260.0,15780,nan,0.0,NO,,,
5260.0,15780,nan,0.0,NO,,,
5260.0,15780,nan,0.0,NO,,,
5260.0,15780,nan,0.0,NO,,,
5260.0,15780,nan,0.0,NO,,,
5260.0,15780,nan,0.0,NO,,,
5260.0,15780,nan,0.0,NO,,,
5260.0,15780,nan,0.0,NO,,,
5260.0,15780,nan,0.0,NO,,,
5260.0,15780,nan,0.0,NO,,,
5263.333333333333,15790,nan,0.0,NO,,,
5263.333333333333,15790,nan,0.0,NO,,,
5263.333333333333,15790,nan,0.0,NO,,,
5263.333333333333,15790,nan,0.0,NO,,,
5263.333333333333,15790,nan,0.0,NO,,,
5263.333333333333,15790,nan,0.0,NO,,,
5263.333333333333,15790,nan,0.0,NO,,,
5263.333333333333,15790,nan,0.0,NO,,,
5263.333333333333,15790,nan,0.0,NO,,,
5263.333333333333,15790,nan,0.0,YES,nan,0.2,
5266.666666666667,15800,nan,1.0,NO,,,
5266.666666666667,15800,nan,1.0,NO,,,
5266.666666666667,15800,nan,1.0,NO,,,
5266.666666666667,15800,nan,1.0,NO,,,
5266.666666666667,15800,nan,1.0,NO,,,
5266.666666666667,15800,nan,1.0,NO,,,
5266.666666666667,15800,nan,1.0,NO,,,
5266.666666666667,15800,nan,1.0,NO,,,
5266.666666666667,15800,nan,1.0,NO,,,
5266.666666666667,15800,nan,1.0,NO,,,
5270.0,15810,nan,0.0,NO,,,
5270.0,15810,nan,0.0,NO,,,
5270.0,15810,nan,0.0,NO,,,
5270.0,15810,nan,0.0,NO,,,
5270.0,15810,nan,0.0,NO,,,
5270.0,15810,nan,0.0,NO,,,
5270.0,15810,nan,0.0,NO,,,
5270.0,15810,nan,0.0,NO,,,
5270.0,15810,nan,0.0,NO,,,
5270.0,15810,nan,0.0,NO,,,
5273.333333333333,15820,nan,0.0,NO,,,
5273.333333333333,15820,nan,0.0,NO,,,
5273.333333333333,15820,nan,0.0,NO,,,
5273.333333333333,15820,nan,0.0,NO,,,
5273.333333333333,15820,nan,0.0,NO,,,
5273.333333333333,15820,nan,0.0,NO,,,
5273.333333333333,15820,nan,0.0,NO,,,
5273.333333333333,15820,nan,0.0,NO,,,
5273.333333333333,15820,nan,0.0,NO,,,
5273.333333333333,15820,nan,0.0,NO,,,
5276.666666666667,15830,nan,1.0,NO,,,
5276.666666666667,15830,nan,1.0,NO,,,
5276.666666666667,15830,nan,1.0,NO,,,
5276.666666666667,15830,nan,1.0,NO,,,
5276.666666666667,15830,nan,1.0,NO,,,
5276.666666666667,15830,nan,1.0,NO,,,
5276.666666666667,15830,nan,1.0,NO,,,
5276.666666666667,15830,nan,1.0,NO,,,
5276.666666666667,15830,nan,1.0,NO,,,
5276.666666666667,15830,nan,1.0,NO,,,
5280.0,15840,nan,0.0,NO,,,
5280.0,15840,nan,0.0,NO,,,
5280.0,15840,nan,0.0,NO,,,
5280.0,15840,nan,0.0,NO,,,
5280.0,15840,nan,0.0,NO,,,
5280.0,15840,nan,0.0,NO,,,
5280.0,15840,nan,0.0,NO,,,
5280.0,15840,nan,0.0,NO,,,
5280.0,15840,nan,0.0,NO,,,
5280.0,15840,nan,0.0,NO,,,
5283.333333333333,15850,nan,0.0,NO,,,
5283.333333333333,15850,nan,0.0,NO,,,
5283.333333333333,15850,nan,0.0,NO,,,
5283.333333333333,15850,nan,0.0,NO,,,
5283.333333333333,15850,nan,0.0,NO,,,
5283.333333333333,15850,nan,0.0,NO,,,
5283.333333333333,15850,nan,0.0,NO,,,
5283.333333333333,15850,nan,0.0,NO,,,
5283.333333333333,15850,nan,0.0,NO,,,
5283.333333333333,15850,nan,0.0,NO,,,
5286.666666666667,15860,nan,1.0,NO,,,
5286.666666666667,15860,nan,1.0,NO,,,
5286.666666666667,15860,nan,1.0,NO,,,
5286.666666666667,15860,nan,1.0,NO,,,
5286.666666666667,15860,nan,1.0,NO,,,
5286.666666666667,15860,nan,1.0,NO,,,
5286.666666666667,15860,nan,1.0,NO,,,
5286.666666666667,15860,nan,1.0,NO,,,
5286.666666666667,15860,nan,1.0,NO,,,
5286.666666666667,15860,nan,1.0,NO,,,
5290.0,15870,nan,0.0,NO,,,
5290.0,15870,nan,0.0,NO,,,
5290.0,15870,nan,0.0,NO,,,
5290.0,15870,nan,0.0,NO,,,
5290.0,15870,nan,0.0,NO,,,
5290.0,15870,nan,0.0,NO,,,
5290.0,15870,nan,0.0,NO,,,
5290.0,15870,nan,0.0,NO,,,
5290.0,15870,nan,0.0,NO,,,
5290.0,15870,nan,0.0,NO,,,
5293.333333333333,15880,nan,0.0,NO,,,
5293.333333333333,15880,nan,0.0,NO,,,
5293.333333333333,15880,nan,0.0,NO,,,
5293.333333333333,15880,nan,0.0,NO,,,
5293.333333333333,15880,nan,0.0,NO,,,
5293.333333333333,15880,nan,0.0,NO,,,
5293.333333333333,15880,nan,0.0,NO,,,
5293.333333333333,15880,nan,0.0,NO,,,
5293.333333333333,15880,nan,0.0,NO,,,
5293.333333333333,15880,nan,0.0,NO,,,
5296.666666666667,15890,nan,1.0,NO,,,
5296.666666666667,15890,nan,1.0,NO,,,
5296.666666666667,15890,nan,1.0,NO,,,
5296.666666666667,15890,nan,1.0,NO,,,
5296.666666666667,15890,nan,1.0,NO,,,
5296.666666666667,15890,nan,1.0,NO,,,
5296.666666666667,15890,nan,1.0,NO,,,
5296.666666666667,15890,nan,1.0,NO,,,
5296.666666666667,15890,nan,1.0,NO,,,
5296.666666666667,15890,nan,1.0,NO,,,
5300.0,15900,nan,0.0,NO,,,
5300.0,15900,nan,0.0,NO,,,
5300.0,15900,nan,0.0,NO,,,
5300.0,15900,nan,0.0,NO,,,
5300.0,15900,nan,0.0,NO,,,
5300.0,15900,nan,0.0,NO,,,
5300.0,15900,nan,0.0,NO,,,
5300.0,15900,nan,0.0,NO,,,
5300.0,15900,nan,0.0,NO,,,
5300.0,15900,nan,0.0,NO,,,
5303.333333333333,15910,nan,0.0,NO,,,
5303.333333333333,15910,nan,0.0,NO,,,
5303.333333333333,15910,nan,0.0,NO,,,
5303.333333333333,15910,nan,0.0,NO,,,
5303.333333333333,15910,nan,0.0,NO,,,
5303.333333333333,15910,nan,0.0,NO,,,
5303.333333333333,15910,nan,0.0,NO,,,
5303.333333333333,15910,nan,0.0,NO,,,
5303.333333333333,15910,nan,0.0,NO,,,
5303.333333333333,15910,nan,0.0,NO,,,
5306.666666666667,15920,nan,1.0,NO,,,
5306.666666666667,15920,nan,1.0,NO,,,
5306.666666666667,15920,nan,1.0,NO,,,
5306.666666666667,15920,nan,1.0,NO,,,
5306.666666666667,15920,nan,1.0,NO,,,
5306.666666666667,15920,nan,1.0,NO,,,
5306.666666666667,15920,nan,1.0,NO,,,
5306.666666666667,15920,nan,1.0,NO,,,
5306.666666666667,15920,nan,1.0,NO,,,
5306.666666666667,15920,nan,1.0,NO,,,
5310.0,15930,nan,0.0,NO,,,
5310.0,15930,nan,0.0,NO,,,
5310.0,15930,nan,0.0,NO,,,
5310.0,15930,nan,0.0,NO,,,
5310.0,15930,nan,0.0,NO,,,
5310.0,15930,nan,0.0,NO,,,
5310.0,15930,nan,0.0,NO,,,
5310.0,15930,nan,0.0,NO,,,
5310.0,15930,nan,0.0,NO,,,
5310.0,15930,nan,0.0,NO,,,
5313.333333333333,15940,nan,0.0,NO,,,
5313.333333333333,15940,nan,0.0,NO,,,
5313.333333333333,15940,nan,0.0,NO,,,
5313.333333333333,15940,nan,0.0,NO,,,
5313.333333333333,15940,nan,0.0,NO,,,
5313.333333333333,15940,nan,0.0,NO,,,
5313.333333333333,15940,nan,0.0,NO,,,
5313.333333333333,15940,nan,0.0,NO,,,
5313.333333333333,15940,nan,0.0,NO,,,
5313.333333333333,15940,nan,0.0,NO,,,
5316.666666666667,15950,nan,1.0,NO,,,
5316.666666666667,15950,nan,1.0,NO,,,
5316.666666666667,15950,nan,1.0,NO,,,
5316.666666666667,15950,nan,1.0,NO,,,
5316.666666666667,15950,nan,1.0,NO,,,
5316.666666666667,15950,nan,1.0,NO,,,
5316.666666666667,15950,nan,1.0,NO,,,
5316.666666666667,15950,nan,1.0,NO,,,
5316.666666666667,15950,nan,1.0,NO,,,
5316.666666666667,15950,nan,1.0,NO,,,
5320.0,15960,nan,0.0,NO,,,
5320.0,15960,nan,0.0,NO,,,
5320.0,15960,nan,0.0,NO,,,
5320.0,15960,nan,0.0,NO,,,
5320.0,15960,nan,0.0,NO,,,
5320.0,15960,nan,0.0,NO,,,
5320.0,15960,nan,0.0,NO,,,
5320.0,15960,nan,0.0,NO,,,
5320.0,15960,nan,0.0,NO,,,
5320.0,15960,nan,0.0,NO,,,
5323.333333333333,15970,nan,0.0,NO,,,
5323.333333333333,15970,nan,0.0,NO,,,
5323.333333333333,15970,nan,0.0,NO,,,
5323.333333333333,15970,nan,0.0,NO,,,
5323.333333333333,15970,nan,0.0,NO,,,
5323.333333333333,15970,nan,0.0,NO,,,
5323.333333333333,15970,nan,0.0,NO,,,
5323.333333333333,15970,nan,0.0,NO,,,
5323.333333333333,15970,nan,0.0,NO,,,
5323.333333333333,15970,nan,0.0,NO,,,
5326.666666666667,15980,nan,1.0,NO,,,
5326.666666666667,15980,nan,1.0,NO,,,
5326.666666666667,15980,nan,1.0,NO,,,
5326.666666666667,15980,nan,1.0,NO,,,
5326.666666666667,15980,nan,1.0,NO,,,
5326.666666666667,15980,nan,1.0,NO,,,
5326.666666666667,15980,nan,1.0,NO,,,
5326.666666666667,15980,nan,1.0,NO,,,
5326.666666666667,15980,nan,1.0,NO,,,
5326.666666666667,15980,nan,1.0,NO,,,
5330.0,15990,nan,0.0,NO,,,
5330.0,15990,nan,0.0,NO,,,
5330.0,15990,nan,0.0,NO,,,
5330.0,15990,nan,0.0,NO,,,
5330.0,15990,nan,0.0,NO,,,
5330.0,15990,nan,0.0,NO,,,
5330.0,15990,nan,0.0,NO,,,
5330.0,15990,nan,0.0,NO,,,
5330.0,15990,nan,0.0,NO,,,
5330.0,15990,nan,0.0,YES,nan,0.2,
5333.333333333333,16000,nan,0.0,NO,,,
5333.333333333333,16000,nan,0.0,NO,,,
5333.333333333333,16000,nan,0.0,NO,,,
5333.333333333333,16000,nan,0.0,NO,,,
5333.333333333333,16000,nan,0.0,NO,,,
5333.333333333333,16000,nan,0.0,NO,,,
5333.333333333333,16000,nan,0.0,NO,,,
5333.333333333333,16000,nan,0.0,NO,,,
5333.333333333333,16000,nan,0.0,NO,,,
5333.333333333333,16000,nan,0.0,NO,,,
5336.666666666667,16010,nan,1.0,NO,,,
5336.666666666667,16010,nan,1.0,NO,,,
5336.666666666667,16010,nan,1.0,NO,,,
5336.666666666667,16010,nan,1.0,NO,,,
5336.666666666667,16010,nan,1.0,NO,,,
5336.666666666667,16010,nan,1.0,NO,,,
5336.666666666667,16010,nan,1.0,NO,,,
5336.666666666667,16010,nan,1.0,NO,,,
5336.666666666667,16010,nan,1.0,NO,,,
5336.666666666667,16010,nan,1.0,NO,,,
5340.0,16020,nan,0.0,NO,,,
5340.0,16020,nan,0.0,NO,,,
5340.0,16020,nan,0.0,NO,,,
5340.0,16020,nan,0.0,NO,,,
5340.0,16020,nan,0.0,NO,,,
5340.0,16020,nan,0.0,NO,,,
5340.0,16020,nan,0.0,NO,,,
5340.0,16020,nan,0.0,NO,,,
5340.0,16020,nan,0.0,NO,,,
5340.0,16020,nan,0.0,NO,,,
5343.333333333333,16030,nan,0.0,NO,,,
5343.333333333333,16030,nan,0.0,NO,,,
5343.333333333333,16030,nan,0.0,NO,,,
5343.333333333333,16030,nan,0.0,NO,,,
5343.333333333333,16030,nan,0.0,NO,,,
5343.333333333333,16030,nan,0.0,NO,,,
5343.333333333333,16030,nan,0.0,NO,,,
5343.333333333333,16030,nan,0.0,NO,,,
5343.333333333333,16030,nan,0.0,NO,,,
5343.333333333333,16030,nan,0.0,NO,,,
5346.666666666667,16040,nan,1.0,NO,,,
5346.666666666667,16040,nan,1.0,NO,,,
5346.666666666667,16040,nan,1.0,NO,,,
5346.666666666667,16040,nan,1.0,NO,,,
5346.666666666667,16040,nan,1.0,NO,,,
5346.666666666667,16040,nan,1.0,NO,,,
5346.666666666667,16040,nan,1.0,NO,,,
5346.666666666667,16040,nan,1.0,NO,,,
5346.666666666667,16040,nan,1.0,NO,,,
5346.666666666667,16040,nan,1.0,NO,,,
5350.0,16050,nan,0.0,NO,,,
5350.0,16050,nan,0.0,NO,,,
5350.0,16050,nan,0.0,NO,,,
5350.0,16050,nan,0.0,NO,,,
5350.0,16050,nan,0.0,NO,,,
5350.0,16050,nan,0.0,NO,,,
5350.0,16050,nan,0.0,NO,,,
5350.0,16050,nan,0.0,NO,,,
5350.0,16050,nan,0.0,NO,,,
5350.0,16050,nan,0.0,NO,,,
5353.333333333333,16060,nan,0.0,NO,,,
5353.333333333333,16060,nan,0.0,NO,,,
5353.333333333333,16060,nan,0.0,NO,,,
5353.333333333333,16060,nan,0.0,NO,,,
5353.333333333333,16060,nan,0.0,NO,,,
5353.333333333333,16060,nan,0.0,NO,,,
5353.333333333333,16060,nan,0.0,NO,,,
5353.333333333333,16060,nan,0.0,NO,,,
5353.333333333333,16060,nan,0.0,NO,,,
5353.333333333333,16060,nan,0.0,NO,,,
5356.666666666667,16070,nan,1.0,NO,,,
5356.666666666667,16070,nan,1.0,NO,,,
5356.666666666667,16070,nan,1.0,NO,,,
5356.666666666667,16070,nan,1.0,NO,,,
5356.666666666667,16070,nan,1.0,NO,,,
5356.666666666667,16070,nan,1.0,NO,,,
5356.666666666667,16070,nan,1.0,NO,,,
5356.666666666667,16070,nan,1.0,NO,,,
5356.666666666667,16070,nan,1.0,NO,,,
5356.666666666667,16070,nan,1.0,NO,,,
5360.0,16080,nan,0.0,NO,,,
5360.0,16080,nan,0.0,NO,,,
5360.0,16080,nan,0.0,NO,,,
5360.0,16080,nan,0.0,NO,,,
5360.0,16080,nan,0.0,NO,,,
5360.0,16080,nan,0.0,NO,,,
5360.0,16080,nan,0.0,NO,,,
5360.0,16080,nan,0.0,NO,,,
5360.0,16080,nan,0.0,NO,,,
5360.0,16080,nan,0.0,NO,,,
5363.333333333333,16090,nan,0.0,NO,,,
5363.333333333333,16090,nan,0.0,NO,,,
5363.333333333333,16090,nan,0.0,NO,,,
5363.333333333333,16090,nan,0.0,NO,,,
5363.333333333333,16090,nan,0.0,NO,,,
5363.333333333333,16090,nan,0.0,NO,,,
5363.333333333333,16090,nan,0.0,NO,,,
5363.333333333333,16090,nan,0.0,NO,,,
5363.333333333333,16090,nan,0.0,NO,,,
5363.333333333333,16090,nan,0.0,NO,,,
5366.666666666667,16100,nan,1.0,NO,,,
5366.666666666667,16100,nan,1.0,NO,,,
5366.666666666667,16100,nan,1.0,NO,,,
5366.666666666667,16100,nan,1.0,NO,,,
5366.666666666667,16100,nan,1.0,NO,,,
5366.666666666667,16100,nan,1.0,NO,,,
5366.666666666667,16100,nan,1.0,NO,,,
5366.666666666667,16100,nan,1.0,NO,,,
5366.666666666667,16100,nan,1.0,NO,,,
5366.666666666667,16100,nan,1.0,NO,,,
5370.0,16110,nan,0.0,NO,,,
5370.0,16110,nan,0.0,NO,,,
5370.0,16110,nan,0.0,NO,,,
5370.0,16110,nan,0.0,NO,,,
5370.0,16110,nan,0.0,NO,,,
5370.0,16110,nan,0.0,NO,,,
5370.0,16110,nan,0.0,NO,,,
5370.0,16110,nan,0.0,NO,,,
5370.0,16110,nan,0.0,NO,,,
5370.0,16110,nan,0.0,NO,,,
5373.333333333333,16120,nan,0.0,NO,,,
5373.333333333333,16120,nan,0.0,NO,,,
5373.333333333333,16120,nan,0.0,NO,,,
5373.333333333333,16120,nan,0.0,NO,,,
5373.333333333333,16120,nan,0.0,NO,,,
5373.333333333333,16120,nan,0.0,NO,,,
5373.333333333333,16120,nan,0.0,NO,,,
5373.333333333333,16120,nan,0.0,NO,,,
5373.333333333333,16120,nan,0.0,NO,,,
5373.333333333333,16120,nan,0.0,NO,,,
5376.666666666667,16130,nan,1.0,NO,,,
5376.666666666667,16130,nan,1.0,NO,,,
5376.666666666667,16130,nan,1.0,NO,,,
5376.666666666667,16130,nan,1.0,NO,,,
5376.666666666667,16130,nan,1.0,NO,,,
5376.666666666667,16130,nan,1.0,NO,,,
5376.666666666667,16130,nan,1.0,NO,,,
5376.666666666667,16130,nan,1.0,NO,,,
5376.666666666667,16130,nan,1.0,NO,,,
5376.666666666667,16130,nan,1.0,NO,,,
5380.0,16140,nan,0.0,NO,,,
5380.0,16140,nan,0.0,NO,,,
5380.0,16140,nan,0.0,NO,,,
5380.0,16140,nan,0.0,NO,,,
5380.0,16140,nan,0.0,NO,,,
5380.0,16140,nan,0.0,NO,,,
5380.0,16140,nan,0.0,NO,,,
5380.0,16140,nan,0.0,NO,,,
5380.0,16140,nan,0.0,NO,,,
5380.0,16140,nan,0.0,NO,,,
5383.333333333333,16150,nan,0.0,NO,,,
5383.333333333333,16150,nan,0.0,NO,,,
5383.333333333333,16150,nan,0.0,NO,,,
5383.333333333333,16150,nan,0.0,NO,,,
5383.333333333333,16150,nan,0.0,NO,,,
5383.333333333333,16150,nan,0.0,NO,,,
5383.333333333333,16150,nan,0.0,NO,,,
5383.333333333333,16150,nan,0.0,NO,,,
5383.333333333333,16150,nan,0.0,NO,,,
5383.333333333333,16150,nan,0.0,NO,,,
5386.666666666667,16160,nan,1.0,NO,,,
5386.666666666667,16160,nan,1.0,NO,,,
5386.666666666667,16160,nan,1.0,NO,,,
5386.666666666667,16160,nan,1.0,NO,,,
5386.666666666667,16160,nan,1.0,NO,,,
5386.666666666667,16160,nan,1.0,NO,,,
5386.666666666667,16160,nan,1.0,NO,,,
5386.666666666667,16160,nan,1.0,NO,,,
5386.666666666667,16160,nan,1.0,NO,,,
5386.666666666667,16160,nan,1.0,NO,,,
5390.0,16170,nan,0.0,NO,,,
5390.0,16170,nan,0.0,NO,,,
5390.0,16170,nan,0.0,NO,,,
5390.0,16170,nan,0.0,NO,,,
5390.0,16170,nan,0.0,NO,,,
5390.0,16170,nan,0.0,NO,,,
5390.0,16170,nan,0.0,NO,,,
5390.0,16170,nan,0.0,NO,,,
5390.0,16170,nan,0.0,NO,,,
5390.0,16170,nan,0.0,NO,,,
5393.333333333333,16180,nan,0.0,NO,,,
5393.333333333333,16180,nan,0.0,NO,,,
5393.333333333333,16180,nan,0.0,NO,,,
5393.333333333333,16180,nan,0.0,NO,,,
5393.333333333333,16180,nan,0.0,NO,,,
5393.333333333333,16180,nan,0.0,NO,,,
5393.333333333333,16180,nan,0.0,NO,,,
5393.333333333333,16180,nan,0.0,NO,,,
5393.333333333333,16180,nan,0.0,NO,,,
5393.333333333333,16180,nan,0.0,NO,,,
5396.666666666667,16190,nan,1.0,NO,,,
5396.666666666667,16190,nan,1.0,NO,,,
5396.666666666667,16190,nan,1.0,NO,,,
5396.666666666667,16190,nan,1.0,NO,,,
5396.666666666667,16190,nan,1.0,NO,,,
5396.666666666667,16190,nan,1.0,NO,,,
5396.666666666667,16190,nan,1.0,NO,,,
5396.666666666667,16190,nan,1.0,NO,,,
5396.666666666667,16190,nan,1.0,NO,,,
5396.666666666667,16190,nan,1.0,YES,nan,0.2,
5400.0,16200,nan,0.0,NO,,,
5400.0,16200,nan,0.0,NO,,,
5400.0,16200,nan,0.0,NO,,,
5400.0,16200,nan,0.0,NO,,,
5400.0,16200,nan,0.0,NO,,,
5400.0,16200,nan,0.0,NO,,,
5400.0,16200,nan,0.0,NO,,,
5400.0,16200,nan,0.0,NO,,,
5400.0,16200,nan,0.0,NO,,,
5400.0,16200,nan,0.0,NO,,,
5403.333333333333,16210,nan,0.0,NO,,,
5403.333333333333,16210,nan,0.0,NO,,,
5403.333333333333,16210,nan,0.0,NO,,,
5403.333333333333,16210,nan,0.0,NO,,,
5403.333333333333,16210,nan,0.0,NO,,,
5403.333333333333,16210,nan,0.0,NO,,,
5403.333333333333,16210,nan,0.0,NO,,,
5403.333333333333,16210,nan,0.0,NO,,,
5403.333333333333,16210,nan,0.0,NO,,,
5403.333333333333,16210,nan,0.0,NO,,,
5406.666666666667,16220,nan,1.0,NO,,,
5406.666666666667,16220,nan,1.0,NO,,,
5406.666666666667,16220,nan,1.0,NO,,,
5406.666666666667,16220,nan,1.0,NO,,,
5406.666666666667,16220,nan,1.0,NO,,,
5406.666666666667,16220,nan,1.0,NO,,,
5406.666666666667,16220,nan,1.0,NO,,,
5406.666666666667,16220,nan,1.0,NO,,,
5406.666666666667,16220,nan,1.0,NO,,,
5406.666666666667,16220,nan,1.0,NO,,,
5410.0,16230,nan,0.0,NO,,,
5410.0,16230,nan,0.0,NO,,,
5410.0,16230,nan,0.0,NO,,,
5410.0,16230,nan,0.0,NO,,,
5410.0,16230,nan,0.0,NO,,,
5410.0,16230,nan,0.0,NO,,,
5410.0,16230,nan,0.0,NO,,,
5410.0,16230,nan,0.0,NO,,,
5410.0,16230,nan,0.0,NO,,,
5410.0,16230,nan,0.0,NO,,,
5413.333333333333,16240,nan,0.0,NO,,,
5413.333333333333,16240,nan,0.0,NO,,,
5413.333333333333,16240,nan,0.0,NO,,,
5413.333333333333,16240,nan,0.0,NO,,,
5413.333333333333,16240,nan,0.0,NO,,,
5413.333333333333,16240,nan,0.0,NO,,,
5413.333333333333,16240,nan,0.0,NO,,,
5413.333333333333,16240,nan,0.0,NO,,,
5413.333333333333,16240,nan,0.0,NO,,,
5413.333333333333,16240,nan,0.0,NO,,,
5416.666666666667,16250,nan,1.0,NO,,,
5416.666666666667,16250,nan,1.0,NO,,,
5416.666666666667,16250,nan,1.0,NO,,,
5416.666666666667,16250,nan,1.0,NO,,,
5416.666666666667,16250,nan,1.0,NO,,,
5416.666666666667,16250,nan,1.0,NO,,,
5416.666666666667,16250,nan,1.0,NO,,,
5416.666666666667,16250,nan,1.0,NO,,,
5416.666666666667,16250,nan,1.0,NO,,,
5416.666666666667,16250,nan,1.0,NO,,,
5420.0,16260,nan,0.0,NO,,,
5420.0,16260,nan,0.0,NO,,,
5420.0,16260,nan,0.0,NO,,,
5420.0,16260,nan,0.0,NO,,,
5420.0,16260,nan,0.0,NO,,,
5420.0,16260,nan,0.0,NO,,,
5420.0,16260,nan,0.0,NO,,,
5420.0,16260,nan,0.0,NO,,,
5420.0,16260,nan,0.0,NO,,,
5420.0,16260,nan,0.0,NO,,,
5423.333333333333,16270,nan,0.0,NO,,,
5423.333333333333,16270,nan,0.0,NO,,,
5423.333333333333,16270,nan,0.0,NO,,,
5423.333333333333,16270,nan,0.0,NO,,,
5423.333333333333,16270,nan,0.0,NO,,,
5423.333333333333,16270,nan,0.0,NO,,,
5423.333333333333,16270,nan,0.0,NO,,,
5423.333333333333,16270,nan,0.0,NO,,,
5423.333333333333,16270,nan,0.0,NO,,,
5423.333333333333,16270,nan,0.0,NO,,,
5426.666666666667,16280,nan,1.0,NO,,,
5426.666666666667,16280,nan,1.0,NO,,,
5426.666666666667,16280,nan,1.0,NO,,,
5426.666666666667,16280,nan,1.0,NO,,,
5426.666666666667,16280,nan,1.0,NO,,,
5426.666666666667,16280,nan,1.0,NO,,,
5426.666666666667,16280,nan,1.0,NO,,,
5426.666666666667,16280,nan,1.0,NO,,,
5426.666666666667,16280,nan,1.0,NO,,,
5426.666666666667,16280,nan,1.0,NO,,,
5430.0,16290,nan,0.0,NO,,,
5430.0,16290,nan,0.0,NO,,,
5430.0,16290,nan,0.0,NO,,,
5430.0,16290,nan,0.0,NO,,,
5430.0,16290,nan,0.0,NO,,,
5430.0,16290,nan,0.0,NO,,,
5430.0,16290,nan,0.0,NO,,,
5430.0,16290,nan,0.0,NO,,,
5430.0,16290,nan,0.0,NO,,,
5430.0,16290,nan,0.0,NO,,,
5433.333333333333,16300,nan,0.0,NO,,,
5433.333333333333,16300,nan,0.0,NO,,,
5433.333333333333,16300,nan,0.0,NO,,,
5433.333333333333,16300,nan,0.0,NO,,,
5433.333333333333,16300,nan,0.0,NO,,,
5433.333333333333,16300,nan,0.0,NO,,,
5433.333333333333,16300,nan,0.0,NO,,,
5433.333333333333,16300,nan,0.0,NO,,,
5433.333333333333,16300,nan,0.0,NO,,,
5433.333333333333,16300,nan,0.0,NO,,,
5436.666666666667,16310,nan,1.0,NO,,,
5436.666666666667,16310,nan,1.0,NO,,,
5436.666666666667,16310,nan,1.0,NO,,,
5436.666666666667,16310,nan,1.0,NO,,,
5436.666666666667,16310,nan,1.0,NO,,,
5436.666666666667,16310,nan,1.0,NO,,,
5436.666666666667,16310,nan,1.0,NO,,,
5436.666666666667,16310,nan,1.0,NO,,,
5436.666666666667,16310,nan,1.0,NO,,,
5436.666666666667,16310,nan,1.0,NO,,,
5440.0,16320,nan,0.0,NO,,,
5440.0,16320,nan,0.0,NO,,,
5440.0,16320,nan,0.0,NO,,,
5440.0,16320,nan,0.0,NO,,,
5440.0,16320,nan,0.0,NO,,,
5440.0,16320,nan,0.0,NO,,,
5440.0,16320,nan,0.0,NO,,,
5440.0,16320,nan,0.0,NO,,,
5440.0,16320,nan,0.0,NO,,,
5440.0,16320,nan,0.0,NO,,,
5443.333333333333,16330,nan,0.0,NO,,,
5443.333333333333,16330,nan,0.0,NO,,,
5443.333333333333,16330,nan,0.0,NO,,,
5443.333333333333,16330,nan,0.0,NO,,,
5443.333333333333,16330,nan,0.0,NO,,,
5443.333333333333,16330,nan,0.0,NO,,,
5443.333333333333,16330,nan,0.0,NO,,,
5443.333333333333,16330,nan,0.0,NO,,,
5443.333333333333,16330,nan,0.0,NO,,,
5443.333333333333,16330,nan,0.0,NO,,,
5446.666666666667,16340,nan,1.0,NO,,,
5446.666666666667,16340,nan,1.0,NO,,,
5446.666666666667,16340,nan,1.0,NO,,,
5446.666666666667,16340,nan,1.0,NO,,,
5446.666666666667,16340,nan,1.0,NO,,,
5446.666666666667,16340,nan,1.0,NO,,,
5446.666666666667,16340,nan,1.0,NO,,,
5446.666666666667,16340,nan,1.0,NO,,,
5446.666666666667,16340,nan,1.0,NO,,,
5446.666666666667,16340,nan,1.0,NO,,,
5450.0,16350,nan,0.0,NO,,,
5450.0,16350,nan,0.0,NO,,,
5450.0,16350,nan,0.0,NO,,,
5450.0,16350,nan,0.0,NO,,,
5450.0,16350,nan,0.0,NO,,,
5450.0,16350,nan,0.0,NO,,,
5450.0,16350,nan,0.0,NO,,,
5450.0,16350,nan,0.0,NO,,,
5450.0,16350,nan,0.0,NO,,,
5450.0,16350,nan,0.0,NO,,,
5453.333333333333,16360,nan,0.0,NO,,,
5453.333333333333,16360,nan,0.0,NO,,,
5453.333333333333,16360,nan,0.0,NO,,,
5453.333333333333,16360,nan,0.0,NO,,,
5453.333333333333,16360,nan,0.0,NO,,,
5453.333333333333,16360,nan,0.0,NO,,,
5453.333333333333,16360,nan,0.0,NO,,,
5453.333333333333,16360,nan,0.0,NO,,,
5453.333333333333,16360,nan,0.0,NO,,,
5453.333333333333,16360,nan,0.0,NO,,,
5456.666666666667,16370,nan,1.0,NO,,,
5456.666666666667,16370,nan,1.0,NO,,,
5456.666666666667,16370,nan,1.0,NO,,,
5456.666666666667,16370,nan,1.0,NO,,,
5456.666666666667,16370,nan,1.0,NO,,,
5456.666666666667,16370,nan,1.0,NO,,,
5456.666666666667,16370,nan,1.0,NO,,,
5456.666666666667,16370,nan,1.0,NO,,,
5456.666666666667,16370,nan,1.0,NO,,,
5456.666666666667,16370,nan,1.0,NO,,,
5460.0,16380,nan,0.0,NO,,,
5460.0,16380,nan,0.0,NO,,,
5460.0,16380,nan,0.0,NO,,,
5460.0,16380,nan,0.0,NO,,,
5460.0,16380,nan,0.0,NO,,,
5460.0,16380,nan,0.0,NO,,,
5460.0,16380,nan,0.0,NO,,,
5460.0,16380,nan,0.0,NO,,,
5460.0,16380,nan,0.0,NO,,,
5460.0,16380,nan,0.0,NO,,,
5463.333333333333,16390,nan,0.0,NO,,,
5463.333333333333,16390,nan,0.0,NO,,,
5463.333333333333,16390,nan,0.0,NO,,,
5463.333333333333,16390,nan,0.0,NO,,,
5463.333333333333,16390,nan,0.0,NO,,,
5463.333333333333,16390,nan,0.0,NO,,,
5463.333333333333,16390,nan,0.0,NO,,,
5463.333333333333,16390,nan,0.0,NO,,,
5463.333333333333,16390,nan,0.0,NO,,,
5463.333333333333,16390,nan,0.0,YES,nan,0.2,
5466.666666666667,16400,nan,1.0,NO,,,
5466.666666666667,16400,nan,1.0,NO,,,
5466.666666666667,16400,nan,1.0,NO,,,
5466.666666666667,16400,nan,1.0,NO,,,
5466.666666666667,16400,nan,1.0,NO,,,
5466.666666666667,16400,nan,1.0,NO,,,
5466.666666666667,16400,nan,1.0,NO,,,
5466.666666666667,16400,nan,1.0,NO,,,
5466.666666666667,16400,nan,1.0,NO,,,
5466.666666666667,16400,nan,1.0,NO,,,
5470.0,16410,nan,0.0,NO,,,
5470.0,16410,nan,0.0,NO,,,
5470.0,16410,nan,0.0,NO,,,
5470.0,16410,nan,0.0,NO,,,
5470.0,16410,nan,0.0,NO,,,
5470.0,16410,nan,0.0,NO,,,
5470.0,16410,nan,0.0,NO,,,
5470.0,16410,nan,0.0,NO,,,
5470.0,16410,nan,0.0,NO,,,
5470.0,16410,nan,0.0,NO,,,
5473.333333333333,16420,nan,0.0,NO,,,
5473.333333333333,16420,nan,0.0,NO,,,
5473.333333333333,16420,nan,0.0,NO,,,
5473.333333333333,16420,nan,0.0,NO,,,
5473.333333333333,16420,nan,0.0,NO,,,
5473.333333333333,16420,nan,0.0,NO,,,
5473.333333333333,16420,nan,0.0,NO,,,
5473.333333333333,16420,nan,0.0,NO,,,
5473.333333333333,16420,nan,0.0,NO,,,
5473.333333333333,16420,nan,0.0,NO,,,
5476.666666666667,16430,nan,1.0,NO,,,
5476.666666666667,16430,nan,1.0,NO,,,
5476.666666666667,16430,nan,1.0,NO,,,
5476.666666666667,16430,nan,1.0,NO,,,
5476.666666666667,16430,nan,1.0,NO,,,
5476.666666666667,16430,nan,1.0,NO,,,
5476.666666666667,16430,nan,1.0,NO,,,
5476.666666666667,16430,nan,1.0,NO,,,
5476.666666666667,16430,nan,1.0,NO,,,
5476.666666666667,16430,nan,1.0,NO,,,
5480.0,16440,nan,0.0,NO,,,
5480.0,16440,nan,0.0,NO,,,
5480.0,16440,nan,0.0,NO,,,
5480.0,16440,nan,0.0,NO,,,
5480.0,16440,nan,0.0,NO,,,
5480.0,16440,nan,0.0,NO,,,
5480.0,16440,nan,0.0,NO,,,
5480.0,16440,nan,0.0,NO,,,
5480.0,16440,nan,0.0,NO,,,
5480.0,16440,nan,0.0,NO,,,
5483.333333333333,16450,nan,0.0,NO,,,
5483.333333333333,16450,nan,0.0,NO,,,
5483.333333333333,16450,nan,0.0,NO,,,
5483.333333333333,16450,nan,0.0,NO,,,
5483.333333333333,16450,nan,0.0,NO,,,
5483.333333333333,16450,nan,0.0,NO,,,
5483.333333333333,16450,nan,0.0,NO,,,
5483.333333333333,16450,nan,0.0,NO,,,
5483.333333333333,16450,nan,0.0,NO,,,
5483.333333333333,16450,nan,0.0,NO,,,
5486.666666666667,16460,nan,1.0,NO,,,
5486.666666666667,16460,nan,1.0,NO,,,
5486.666666666667,16460,nan,1.0,NO,,,
5486.666666666667,16460,nan,1.0,NO,,,
5486.666666666667,16460,nan,1.0,NO,,,
5486.666666666667,16460,nan,1.0,NO,,,
5486.666666666667,16460,nan,1.0,NO,,,
5486.666666666667,16460,nan,1.0,NO,,,
5486.666666666667,16460,nan,1.0,NO,,,
5486.666666666667,16460,nan,1.0,NO,,,
5490.0,16470,nan,0.0,NO,,,
5490.0,16470,nan,0.0,NO,,,
5490.0,16470,nan,0.0,NO,,,
5490.0,16470,nan,0.0,NO,,,
5490.0,16470,nan,0.0,NO,,,
5490.0,16470,nan,0.0,NO,,,
5490.0,16470,nan,0.0,NO,,,
5490.0,16470,nan,0.0,NO,,,
5490.0,16470,nan,0.0,NO,,,
5490.0,16470,nan,0.0,NO,,,
5493.333333333333,16480,nan,0.0,NO,,,
5493.333333333333,16480,nan,0.0,NO,,,
5493.333333333333,16480,nan,0.0,NO,,,
5493.333333333333,16480,nan,0.0,NO,,,
5493.333333333333,16480,nan,0.0,NO,,,
5493.333333333333,16480,nan,0.0,NO,,,
5493.333333333333,16480,nan,0.0,NO,,,
5493.333333333333,16480,nan,0.0,NO,,,
5493.333333333333,16480,nan,0.0,NO,,,
5493.333333333333,16480,nan,0.0,NO,,,
5496.666666666667,16490,nan,1.0,NO,,,
5496.666666666667,16490,nan,1.0,NO,,,
5496.666666666667,16490,nan,1.0,NO,,,
5496.666666666667,16490,nan,1.0,NO,,,
5496.666666666667,16490,nan,1.0,NO,,,
5496.666666666667,16490,nan,1.0,NO,,,
5496.666666666667,16490,nan,1.0,NO,,,
5496.666666666667,16490,nan,1.0,NO,,,
5496.666666666667,16490,nan,1.0,NO,,,
5496.666666666667,16490,nan,1.0,NO,,,
5500.0,16500,nan,0.0,NO,,,
5500.0,16500,nan,0.0,NO,,,
5500.0,16500,nan,0.0,NO,,,
5500.0,16500,nan,0.0,NO,,,
5500.0,16500,nan,0.0,NO,,,
5500.0,16500,nan,0.0,NO,,,
5500.0,16500,nan,0.0,NO,,,
5500.0,16500,nan,0.0,NO,,,
5500.0,16500,nan,0.0,NO,,,
5500.0,16500,nan,0.0,NO,,,
5503.333333333333,16510,nan,0.0,NO,,,
5503.333333333333,16510,nan,0.0,NO,,,
5503.333333333333,16510,nan,0.0,NO,,,
5503.333333333333,16510,nan,0.0,NO,,,
5503.333333333333,16510,nan,0.0,NO,,,
5503.333333333333,16510,nan,0.0,NO,,,
5503.333333333333,16510,nan,0.0,NO,,,
5503.333333333333,16510,nan,0.0,NO,,,
5503.333333333333,16510,nan,0.0,NO,,,
5503.333333333333,16510,nan,0.0,NO,,,
5506.666666666667,16520,nan,1.0,NO,,,
5506.666666666667,16520,nan,1.0,NO,,,
5506.666666666667,16520,nan,1.0,NO,,,
5506.666666666667,16520,nan,1.0,NO,,,
5506.666666666667,16520,nan,1.0,NO,,,
5506.666666666667,16520,nan,1.0,NO,,,
5506.666666666667,16520,nan,1.0,NO,,,
5506.666666666667,16520,nan,1.0,NO,,,
5506.666666666667,16520,nan,1.0,NO,,,
5506.666666666667,16520,nan,1.0,NO,,,
5510.0,16530,nan,0.0,NO,,,
5510.0,16530,nan,0.0,NO,,,
5510.0,16530,nan,0.0,NO,,,
5510.0,16530,nan,0.0,NO,,,
5510.0,16530,nan,0.0,NO,,,
5510.0,16530,nan,0.0,NO,,,
5510.0,16530,nan,0.0,NO,,,
5510.0,16530,nan,0.0,NO,,,
5510.0,16530,nan,0.0,NO,,,
5510.0,16530,nan,0.0,NO,,,
5513.333333333333,16540,nan,0.0,NO,,,
5513.333333333333,16540,nan,0.0,NO,,,
5513.333333333333,16540,nan,0.0,NO,,,
5513.333333333333,16540,nan,0.0,NO,,,
5513.333333333333,16540,nan,0.0,NO,,,
5513.333333333333,16540,nan,0.0,NO,,,
5513.333333333333,16540,nan,0.0,NO,,,
5513.333333333333,16540,nan,0.0,NO,,,
5513.333333333333,16540,nan,0.0,NO,,,
5513.333333333333,16540,nan,0.0,NO,,,
5516.666666666667,16550,nan,1.0,NO,,,
5516.666666666667,16550,nan,1.0,NO,,,
5516.666666666667,16550,nan,1.0,NO,,,
5516.666666666667,16550,nan,1.0,NO,,,
5516.666666666667,16550,nan,1.0,NO,,,
5516.666666666667,16550,nan,1.0,NO,,,
5516.666666666667,16550,nan,1.0,NO,,,
5516.666666666667,16550,nan,1.0,NO,,,
5516.666666666667,16550,nan,1.0,NO,,,
5516.666666666667,16550,nan,1.0,NO,,,
5520.0,16560,nan,0.0,NO,,,
5520.0,16560,nan,0.0,NO,,,
5520.0,16560,nan,0.0,NO,,,
5520.0,16560,nan,0.0,NO,,,
5520.0,16560,nan,0.0,NO,,,
5520.0,16560,nan,0.0,NO,,,
5520.0,16560,nan,0.0,NO,,,
5520.0,16560,nan,0.0,NO,,,
5520.0,16560,nan,0.0,NO,,,
5520.0,16560,nan,0.0,NO,,,
5523.333333333333,16570,nan,0.0,NO,,,
5523.333333333333,16570,nan,0.0,NO,,,
5523.333333333333,16570,nan,0.0,NO,,,
5523.333333333333,16570,nan,0.0,NO,,,
5523.333333333333,16570,nan,0.0,NO,,,
5523.333333333333,16570,nan,0.0,NO,,,
5523.333333333333,16570,nan,0.0,NO,,,
5523.333333333333,16570,nan,0.0,NO,,,
5523.333333333333,16570,nan,0.0,NO,,,
5523.333333333333,16570,nan,0.0,NO,,,
5526.666666666667,16580,nan,1.0,NO,,,
5526.666666666667,16580,nan,1.0,NO,,,
5526.666666666667,16580,nan,1.0,NO,,,
5526.666666666667,16580,nan,1.0,NO,,,
5526.666666666667,16580,nan,1.0,NO,,,
5526.666666666667,16580,nan,1.0,NO,,,
5526.666666666667,16580,nan,1.0,NO,,,
5526.666666666667,16580,nan,1.0,NO,,,
5526.666666666667,16580,nan,1.0,NO,,,
5526.666666666667,16580,nan,1.0,NO,,,
5530.0,16590,nan,0.0,NO,,,
5530.0,16590,nan,0.0,NO,,,
5530.0,16590,nan,0.0,NO,,,
5530.0,16590,nan,0.0,NO,,,
5530.0,16590,nan,0.0,NO,,,
5530.0,16590,nan,0.0,NO,,,
5530.0,16590,nan,0.0,NO,,,
5530.0,16590,nan,0.0,NO,,,
5530.0,16590,nan,0.0,NO,,,
5530.0,16590,nan,0.0,YES,nan,0.2,
5533.333333333333,16600,nan,0.0,NO,,,
5533.333333333333,16600,nan,0.0,NO,,,
5533.333333333333,16600,nan,0.0,NO,,,
5533.333333333333,16600,nan,0.0,NO,,,
5533.333333333333,16600,nan,0.0,NO,,,
5533.333333333333,16600,nan,0.0,NO,,,
5533.333333333333,16600,nan,0.0,NO,,,
5533.333333333333,16600,nan,0.0,NO,,,
5533.333333333333,16600,nan,0.0,NO,,,
5533.333333333333,16600,nan,0.0,NO,,,
5536.666666666667,16610,nan,1.0,NO,,,
5536.666666666667,16610,nan,1.0,NO,,,
5536.666666666667,16610,nan,1.0,NO,,,
5536.666666666667,16610,nan,1.0,NO,,,
5536.666666666667,16610,nan,1.0,NO,,,
5536.666666666667,16610,nan,1.0,NO,,,
5536.666666666667,16610,nan,1.0,NO,,,
5536.666666666667,16610,nan,1.0,NO,,,
5536.666666666667,16610,nan,1.0,NO,,,
5536.666666666667,16610,nan,1.0,NO,,,
5540.0,16620,nan,0.0,NO,,,
5540.0,16620,nan,0.0,NO,,,
5540.0,16620,nan,0.0,NO,,,
5540.0,16620,nan,0.0,NO,,,
5540.0,16620,nan,0.0,NO,,,
5540.0,16620,nan,0.0,NO,,,
5540.0,16620,nan,0.0,NO,,,
5540.0,16620,nan,0.0,NO,,,
5540.0,16620,nan,0.0,NO,,,
5540.0,16620,nan,0.0,NO,,,
5543.333333333333,16630,nan,0.0,NO,,,
5543.333333333333,16630,nan,0.0,NO,,,
5543.333333333333,16630,nan,0.0,NO,,,
5543.333333333333,16630,nan,0.0,NO,,,
5543.333333333333,16630,nan,0.0,NO,,,
5543.333333333333,16630,nan,0.0,NO,,,
5543.333333333333,16630,nan,0.0,NO,,,
5543.333333333333,16630,nan,0.0,NO,,,
5543.333333333333,16630,nan,0.0,NO,,,
5543.333333333333,16630,nan,0.0,NO,,,
5546.666666666667,16640,nan,1.0,NO,,,
5546.666666666667,16640,nan,1.0,NO,,,
5546.666666666667,16640,nan,1.0,NO,,,
5546.666666666667,16640,nan,1.0,NO,,,
5546.666666666667,16640,nan,1.0,NO,,,
5546.666666666667,16640,nan,1.0,NO,,,
5546.666666666667,16640,nan,1.0,NO,,,
5546.666666666667,16640,nan,1.0,NO,,,
5546.666666666667,16640,nan,1.0,NO,,,
5546.666666666667,16640,nan,1.0,NO,,,
5550.0,16650,nan,0.0,NO,,,
5550.0,16650,nan,0.0,NO,,,
5550.0,16650,nan,0.0,NO,,,
5550.0,16650,nan,0.0,NO,,,
5550.0,16650,nan,0.0,NO,,,
5550.0,16650,nan,0.0,NO,,,
5550.0,16650,nan,0.0,NO,,,
5550.0,16650,nan,0.0,NO,,,
5550.0,16650,nan,0.0,NO,,,
5550.0,16650,nan,0.0,NO,,,
5553.333333333333,16660,nan,0.0,NO,,,
5553.333333333333,16660,nan,0.0,NO,,,
5553.333333333333,16660,nan,0.0,NO,,,
5553.333333333333,16660,nan,0.0,NO,,,
5553.333333333333,16660,nan,0.0,NO,,,
5553.333333333333,16660,nan,0.0,NO,,,
5553.333333333333,16660,nan,0.0,NO,,,
5553.333333333333,16660,nan,0.0,NO,,,
5553.333333333333,16660,nan,0.0,NO,,,
5553.333333333333,16660,nan,0.0,NO,,,
5556.666666666667,16670,nan,1.0,NO,,,
5556.666666666667,16670,nan,1.0,NO,,,
5556.666666666667,16670,nan,1.0,NO,,,
5556.666666666667,16670,nan,1.0,NO,,,
5556.666666666667,16670,nan,1.0,NO,,,
5556.666666666667,16670,nan,1.0,NO,,,
5556.666666666667,16670,nan,1.0,NO,,,
5556.666666666667,16670,nan,1.0,NO,,,
5556.666666666667,16670,nan,1.0,NO,,,
5556.666666666667,16670,nan,1.0,NO,,,
5560.0,16680,nan,0.0,NO,,,
5560.0,16680,nan,0.0,NO,,,
5560.0,16680,nan,0.0,NO,,,
5560.0,16680,nan,0.0,NO,,,
5560.0,16680,nan,0.0,NO,,,
5560.0,16680,nan,0.0,NO,,,
5560.0,16680,nan,0.0,NO,,,
5560.0,16680,nan,0.0,NO,,,
5560.0,16680,nan,0.0,NO,,,
5560.0,16680,nan,0.0,NO,,,
5563.333333333333,16690,nan,0.0,NO,,,
5563.333333333333,16690,nan,0.0,NO,,,
5563.333333333333,16690,nan,0.0,NO,,,
5563.333333333333,16690,nan,0.0,NO,,,
5563.333333333333,16690,nan,0.0,NO,,,
5563.333333333333,16690,nan,0.0,NO,,,
5563.333333333333,16690,nan,0.0,NO,,,
5563.333333333333,16690,nan,0.0,NO,,,
5563.333333333333,16690,nan,0.0,NO,,,
5563.333333333333,16690,nan,0.0,NO,,,
5566.666666666667,16700,nan,1.0,NO,,,
5566.666666666667,16700,nan,1.0,NO,,,
5566.666666666667,16700,nan,1.0,NO,,,
5566.666666666667,16700,nan,1.0,NO,,,
5566.666666666667,16700,nan,1.0,NO,,,
5566.666666666667,16700,nan,1.0,NO,,,
5566.666666666667,16700,nan,1.0,NO,,,
5566.666666666667,16700,nan,1.0,NO,,,
5566.666666666667,16700,nan,1.0,NO,,,
5566.666666666667,16700,nan,1.0,NO,,,
5570.0,16710,nan,0.0,NO,,,
5570.0,16710,nan,0.0,NO,,,
5570.0,16710,nan,0.0,NO,,,
5570.0,16710,nan,0.0,NO,,,
5570.0,16710,nan,0.0,NO,,,
5570.0,16710,nan,0.0,NO,,,
5570.0,16710,nan,0.0,NO,,,
5570.0,16710,nan,0.0,NO,,,
5570.0,16710,nan,0.0,NO,,,
5570.0,16710,nan,0.0,NO,,,
5573.333333333333,16720,nan,0.0,NO,,,
5573.333333333333,16720,nan,0.0,NO,,,
5573.333333333333,16720,nan,0.0,NO,,,
5573.333333333333,16720,nan,0.0,NO,,,
5573.333333333333,16720,nan,0.0,NO,,,
5573.333333333333,16720,nan,0.0,NO,,,
5573.333333333333,16720,nan,0.0,NO,,,
5573.333333333333,16720,nan,0.0,NO,,,
5573.333333333333,16720,nan,0.0,NO,,,
5573.333333333333,16720,nan,0.0,NO,,,
5576.666666666667,16730,nan,1.0,NO,,,
5576.666666666667,16730,nan,1.0,NO,,,
5576.666666666667,16730,nan,1.0,NO,,,
5576.666666666667,16730,nan,1.0,NO,,,
5576.666666666667,16730,nan,1.0,NO,,,
5576.666666666667,16730,nan,1.0,NO,,,
5576.666666666667,16730,nan,1.0,NO,,,
5576.666666666667,16730,nan,1.0,NO,,,
5576.666666666667,16730,nan,1.0,NO,,,
5576.666666666667,16730,nan,1.0,NO,,,
5580.0,16740,nan,0.0,NO,,,
5580.0,16740,nan,0.0,NO,,,
5580.0,16740,nan,0.0,NO,,,
5580.0,16740,nan,0.0,NO,,,
5580.0,16740,nan,0.0,NO,,,
5580.0,16740,nan,0.0,NO,,,
5580.0,16740,nan,0.0,NO,,,
5580.0,16740,nan,0.0,NO,,,
5580.0,16740,nan,0.0,NO,,,
5580.0,16740,nan,0.0,NO,,,
5583.333333333333,16750,nan,0.0,NO,,,
5583.333333333333,16750,nan,0.0,NO,,,
5583.333333333333,16750,nan,0.0,NO,,,
5583.333333333333,16750,nan,0.0,NO,,,
5583.333333333333,16750,nan,0.0,NO,,,
5583.333333333333,16750,nan,0.0,NO,,,
5583.333333333333,16750,nan,0.0,NO,,,
5583.333333333333,16750,nan,0.0,NO,,,
5583.333333333333,16750,nan,0.0,NO,,,
5583.333333333333,16750,nan,0.0,NO,,,
5586.666666666667,16760,nan,1.0,NO,,,
5586.666666666667,16760,nan,1.0,NO,,,
5586.666666666667,16760,nan,1.0,NO,,,
5586.666666666667,16760,nan,1.0,NO,,,
5586.666666666667,16760,nan,1.0,NO,,,
5586.666666666667,16760,nan,1.0,NO,,,
5586.666666666667,16760,nan,1.0,NO,,,
5586.666666666667,16760,nan,1.0,NO,,,
5586.666666666667,16760,nan,1.0,NO,,,
5586.666666666667,16760,nan,1.0,NO,,,
5590.0,16770,nan,0.0,NO,,,
5590.0,16770,nan,0.0,NO,,,
5590.0,16770,nan,0.0,NO,,,
5590.0,16770,nan,0.0,NO,,,
5590.0,16770,nan,0.0,NO,,,
5590.0,16770,nan,0.0,NO,,,
5590.0,16770,nan,0.0,NO,,,
5590.0,16770,nan,0.0,NO,,,
5590.0,16770,nan,0.0,NO,,,
5590.0,16770,nan,0.0,NO,,,
5593.333333333333,16780,nan,0.0,NO,,,
5593.333333333333,16780,nan,0.0,NO,,,
5593.333333333333,16780,nan,0.0,NO,,,
5593.333333333333,16780,nan,0.0,NO,,,
5593.333333333333,16780,nan,0.0,NO,,,
5593.333333333333,16780,nan,0.0,NO,,,
5593.333333333333,16780,nan,0.0,NO,,,
5593.333333333333,16780,nan,0.0,NO,,,
5593.333333333333,16780,nan,0.0,NO,,,
5593.333333333333,16780,nan,0.0,NO,,,
5596.666666666667,16790,nan,1.0,NO,,,
5596.666666666667,16790,nan,1.0,NO,,,
5596.666666666667,16790,nan,1.0,NO,,,
5596.666666666667,16790,nan,1.0,NO,,,
5596.666666666667,16790,nan,1.0,NO,,,
5596.666666666667,16790,nan,1.0,NO,,,
5596.666666666667,16790,nan,1.0,NO,,,
5596.666666666667,16790,nan,1.0,NO,,,
5596.666666666667,16790,nan,1.0,NO,,,
5596.666666666667,16790,nan,1.0,YES,nan,0.2,
5600.0,16800,nan,0.0,NO,,,
5600.0,16800,nan,0.0,NO,,,
5600.0,16800,nan,0.0,NO,,,
5600.0,16800,nan,0.0,NO,,,
5600.0,16800,nan,0.0,NO,,,
5600.0,16800,nan,0.0,NO,,,
5600.0,16800,nan,0.0,NO,,,
5600.0,16800,nan,0.0,NO,,,
5600.0,16800,nan,0.0,NO,,,
5600.0,16800,nan,0.0,NO,,,
5603.333333333333,16810,nan,0.0,NO,,,
5603.333333333333,16810,nan,0.0,NO,,,
5603.333333333333,16810,nan,0.0,NO,,,
5603.333333333333,16810,nan,0.0,NO,,,
5603.333333333333,16810,nan,0.0,NO,,,
5603.333333333333,16810,nan,0.0,NO,,,
5603.333333333333,16810,nan,0.0,NO,,,
5603.333333333333,16810,nan,0.0,NO,,,
5603.333333333333,16810,nan,0.0,NO,,,
5603.333333333333,16810,nan,0.0,NO,,,
5606.666666666667,16820,nan,1.0,NO,,,
5606.666666666667,16820,nan,1.0,NO,,,
5606.666666666667,16820,nan,1.0,NO,,,
5606.666666666667,16820,nan,1.0,NO,,,
5606.666666666667,16820,nan,1.0,NO,,,
5606.666666666667,16820,nan,1.0,NO,,,
5606.666666666667,16820,nan,1.0,NO,,,
5606.666666666667,16820,nan,1.0,NO,,,
5606.666666666667,16820,nan,1.0,NO,,,
5606.666666666667,16820,nan,1.0,NO,,,
5610.0,16830,nan,0.0,NO,,,
5610.0,16830,nan,0.0,NO,,,
5610.0,16830,nan,0.0,NO,,,
5610.0,16830,nan,0.0,NO,,,
5610.0,16830,nan,0.0,NO,,,
5610.0,16830,nan,0.0,NO,,,
5610.0,16830,nan,0.0,NO,,,
5610.0,16830,nan,0.0,NO,,,
5610.0,16830,nan,0.0,NO,,,
5610.0,16830,nan,0.0,NO,,,
5613.333333333333,16840,nan,0.0,NO,,,
5613.333333333333,16840,nan,0.0,NO,,,
5613.333333333333,16840,nan,0.0,NO,,,
5613.333333333333,16840,nan,0.0,NO,,,
5613.333333333333,16840,nan,0.0,NO,,,
5613.333333333333,16840,nan,0.0,NO,,,
5613.333333333333,16840,nan,0.0,NO,,,
5613.333333333333,16840,nan,0.0,NO,,,
5613.333333333333,16840,nan,0.0,NO,,,
5613.333333333333,16840,nan,0.0,NO,,,
5616.666666666667,16850,nan,1.0,NO,,,
5616.666666666667,16850,nan,1.0,NO,,,
5616.666666666667,16850,nan,1.0,NO,,,
5616.666666666667,16850,nan,1.0,NO,,,
5616.666666666667,16850,nan,1.0,NO,,,
5616.666666666667,16850,nan,1.0,NO,,,
5616.666666666667,16850,nan,1.0,NO,,,
5616.666666666667,16850,nan,1.0,NO,,,
5616.666666666667,16850,nan,1.0,NO,,,
5616.666666666667,16850,nan,1.0,NO,,,
5620.0,16860,nan,0.0,NO,,,
5620.0,16860,nan,0.0,NO,,,
5620.0,16860,nan,0.0,NO,,,
5620.0,16860,nan,0.0,NO,,,
5620.0,16860,nan,0.0,NO,,,
5620.0,16860,nan,0.0,NO,,,
5620.0,16860,nan,0.0,NO,,,
5620.0,16860,nan,0.0,NO,,,
5620.0,16860,nan,0.0,NO,,,
5620.0,16860,nan,0.0,NO,,,
5623.333333333333,16870,nan,0.0,NO,,,
5623.333333333333,16870,nan,0.0,NO,,,
5623.333333333333,16870,nan,0.0,NO,,,
5623.333333333333,16870,nan,0.0,NO,,,
5623.333333333333,16870,nan,0.0,NO,,,
5623.333333333333,16870,nan,0.0,NO,,,
5623.333333333333,16870,nan,0.0,NO,,,
5623.333333333333,16870,nan,0.0,NO,,,
5623.333333333333,16870,nan,0.0,NO,,,
5623.333333333333,16870,nan,0.0,NO,,,
5626.666666666667,16880,nan,1.0,NO,,,
5626.666666666667,16880,nan,1.0,NO,,,
5626.666666666667,16880,nan,1.0,NO,,,
5626.666666666667,16880,nan,1.0,NO,,,
5626.666666666667,16880,nan,1.0,NO,,,
5626.666666666667,16880,nan,1.0,NO,,,
5626.666666666667,16880,nan,1.0,NO,,,
5626.666666666667,16880,nan,1.0,NO,,,
5626.666666666667,16880,nan,1.0,NO,,,
5626.666666666667,16880,nan,1.0,NO,,,
5630.0,16890,nan,0.0,NO,,,
5630.0,16890,nan,0.0,NO,,,
5630.0,16890,nan,0.0,NO,,,
5630.0,16890,nan,0.0,NO,,,
5630.0,16890,nan,0.0,NO,,,
5630.0,16890,nan,0.0,NO,,,
5630.0,16890,nan,0.0,NO,,,
5630.0,16890,nan,0.0,NO,,,
5630.0,16890,nan,0.0,NO,,,
5630.0,16890,nan,0.0,NO,,,
5633.333333333333,16900,nan,0.0,NO,,,
5633.333333333333,16900,nan,0.0,NO,,,
5633.333333333333,16900,nan,0.0,NO,,,
5633.333333333333,16900,nan,0.0,NO,,,
5633.333333333333,16900,nan,0.0,NO,,,
5633.333333333333,16900,nan,0.0,NO,,,
5633.333333333333,16900,nan,0.0,NO,,,
5633.333333333333,16900,nan,0.0,NO,,,
5633.333333333333,16900,nan,0.0,NO,,,
5633.333333333333,16900,nan,0.0,NO,,,
5636.666666666667,16910,nan,1.0,NO,,,
5636.666666666667,16910,nan,1.0,NO,,,
5636.666666666667,16910,nan,1.0,NO,,,
5636.666666666667,16910,nan,1.0,NO,,,
5636.666666666667,16910,nan,1.0,NO,,,
5636.666666666667,16910,nan,1.0,NO,,,
5636.666666666667,16910,nan,1.0,NO,,,
5636.666666666667,16910,nan,1.0,NO,,,
5636.666666666667,16910,nan,1.0,NO,,,
5636.666666666667,16910,nan,1.0,NO,,,
5640.0,16920,nan,0.0,NO,,,
5640.0,16920,nan,0.0,NO,,,
5640.0,16920,nan,0.0,NO,,,
5640.0,16920,nan,0.0,NO,,,
5640.0,16920,nan,0.0,NO,,,
5640.0,16920,nan,0.0,NO,,,
5640.0,16920,nan,0.0,NO,,,
5640.0,16920,nan,0.0,NO,,,
5640.0,16920,nan,0.0,NO,,,
5640.0,16920,nan,0.0,NO,,,
5643.333333333333,16930,nan,0.0,NO,,,
5643.333333333333,16930,nan,0.0,NO,,,
5643.333333333333,16930,nan,0.0,NO,,,
5643.333333333333,16930,nan,0.0,NO,,,
5643.333333333333,16930,nan,0.0,NO,,,
5643.333333333333,16930,nan,0.0,NO,,,
5643.333333333333,16930,nan,0.0,NO,,,
5643.333333333333,16930,nan,0.0,NO,,,
5643.333333333333,16930,nan,0.0,NO,,,
5643.333333333333,16930,nan,0.0,NO,,,
5646.666666666667,16940,nan,1.0,NO,,,
5646.666666666667,16940,nan,1.0,NO,,,
5646.666666666667,16940,nan,1.0,NO,,,
5646.666666666667,16940,nan,1.0,NO,,,
5646.666666666667,16940,nan,1.0,NO,,,
5646.666666666667,16940,nan,1.0,NO,,,
5646.666666666667,16940,nan,1.0,NO,,,
5646.666666666667,16940,nan,1.0,NO,,,
5646.666666666667,16940,nan,1.0,NO,,,
5646.666666666667,16940,nan,1.0,NO,,,
5650.0,16950,nan,0.0,NO,,,
5650.0,16950,nan,0.0,NO,,,
5650.0,16950,nan,0.0,NO,,,
5650.0,16950,nan,0.0,NO,,,
5650.0,16950,nan,0.0,NO,,,
5650.0,16950,nan,0.0,NO,,,
5650.0,16950,nan,0.0,NO,,,
5650.0,16950,nan,0.0,NO,,,
5650.0,16950,nan,0.0,NO,,,
5650.0,16950,nan,0.0,NO,,,
5653.333333333333,16960,nan,0.0,NO,,,
5653.333333333333,16960,nan,0.0,NO,,,
5653.333333333333,16960,nan,0.0,NO,,,
5653.333333333333,16960,nan,0.0,NO,,,
5653.333333333333,16960,nan,0.0,NO,,,
5653.333333333333,16960,nan,0.0,NO,,,
5653.333333333333,16960,nan,0.0,NO,,,
5653.333333333333,16960,nan,0.0,NO,,,
5653.333333333333,16960,nan,0.0,NO,,,
5653.333333333333,16960,nan,0.0,NO,,,
5656.666666666667,16970,nan,1.0,NO,,,
5656.666666666667,16970,nan,1.0,NO,,,
5656.666666666667,16970,nan,1.0,NO,,,
5656.666666666667,16970,nan,1.0,NO,,,
5656.666666666667,16970,nan,1.0,NO,,,
5656.666666666667,16970,nan,1.0,NO,,,
5656.666666666667,16970,nan,1.0,NO,,,
5656.666666666667,16970,nan,1.0,NO,,,
5656.666666666667,16970,nan,1.0,NO,,,
5656.666666666667,16970,nan,1.0,NO,,,
5660.0,16980,nan,0.0,NO,,,
5660.0,16980,nan,0.0,NO,,,
5660.0,16980,nan,0.0,NO,,,
5660.0,16980,nan,0.0,NO,,,
5660.0,16980,nan,0.0,NO,,,
5660.0,16980,nan,0.0,NO,,,
5660.0,16980,nan,0.0,NO,,,
5660.0,16980,nan,0.0,NO,,,
5660.0,16980,nan,0.0,NO,,,
5660.0,16980,nan,0.0,NO,,,
5663.333333333333,16990,nan,0.0,NO,,,
5663.333333333333,16990,nan,0.0,NO,,,
5663.333333333333,16990,nan,0.0,NO,,,
5663.333333333333,16990,nan,0.0,NO,,,
5663.333333333333,16990,nan,0.0,NO,,,
5663.333333333333,16990,nan,0.0,NO,,,
5663.333333333333,16990,nan,0.0,NO,,,
5663.333333333333,16990,nan,0.0,NO,,,
5663.333333333333,16990,nan,0.0,NO,,,
5663.333333333333,16990,nan,0.0,YES,nan,0.2,
5666.666666666667,17000,nan,1.0,NO,,,
5666.666666666667,17000,nan,1.0,NO,,,
5666.666666666667,17000,nan,1.0,NO,,,
5666.666666666667,17000,nan,1.0,NO,,,
5666.666666666667,17000,nan,1.0,NO,,,
5666.666666666667,17000,nan,1.0,NO,,,
5666.666666666667,17000,nan,1.0,NO,,,
5666.666666666667,17000,nan,1.0,NO,,,
5666.666666666667,17000,nan,1.0,NO,,,
5666.666666666667,17000,nan,1.0,NO,,,
5670.0,17010,nan,0.0,NO,,,
5670.0,17010,nan,0.0,NO,,,
5670.0,17010,nan,0.0,NO,,,
5670.0,17010,nan,0.0,NO,,,
5670.0,17010,nan,0.0,NO,,,
5670.0,17010,nan,0.0,NO,,,
5670.0,17010,nan,0.0,NO,,,
5670.0,17010,nan,0.0,NO,,,
5670.0,17010,nan,0.0,NO,,,
5670.0,17010,nan,0.0,NO,,,
5673.333333333333,17020,nan,0.0,NO,,,
5673.333333333333,17020,nan,0.0,NO,,,
5673.333333333333,17020,nan,0.0,NO,,,
5673.333333333333,17020,nan,0.0,NO,,,
5673.333333333333,17020,nan,0.0,NO,,,
5673.333333333333,17020,nan,0.0,NO,,,
5673.333333333333,17020,nan,0.0,NO,,,
5673.333333333333,17020,nan,0.0,NO,,,
5673.333333333333,17020,nan,0.0,NO,,,
5673.333333333333,17020,nan,0.0,NO,,,
5676.666666666667,17030,nan,1.0,NO,,,
5676.666666666667,17030,nan,1.0,NO,,,
5676.666666666667,17030,nan,1.0,NO,,,
5676.666666666667,17030,nan,1.0,NO,,,
5676.666666666667,17030,nan,1.0,NO,,,
5676.666666666667,17030,nan,1.0,NO,,,
5676.666666666667,17030,nan,1.0,NO,,,
5676.666666666667,17030,nan,1.0,NO,,,
5676.666666666667,17030,nan,1.0,NO,,,
5676.666666666667,17030,nan,1.0,NO,,,
5680.0,17040,nan,0.0,NO,,,
5680.0,17040,nan,0.0,NO,,,
5680.0,17040,nan,0.0,NO,,,
5680.0,17040,nan,0.0,NO,,,
5680.0,17040,nan,0.0,NO,,,
5680.0,17040,nan,0.0,NO,,,
5680.0,17040,nan,0.0,NO,,,
5680.0,17040,nan,0.0,NO,,,
5680.0,17040,nan,0.0,NO,,,
5680.0,17040,nan,0.0,NO,,,
5683.333333333333,17050,nan,0.0,NO,,,
5683.333333333333,17050,nan,0.0,NO,,,
5683.333333333333,17050,nan,0.0,NO,,,
5683.333333333333,17050,nan,0.0,NO,,,
5683.333333333333,17050,nan,0.0,NO,,,
5683.333333333333,17050,nan,0.0,NO,,,
5683.333333333333,17050,nan,0.0,NO,,,
5683.333333333333,17050,nan,0.0,NO,,,
5683.333333333333,17050,nan,0.0,NO,,,
5683.333333333333,17050,nan,0.0,NO,,,
5686.666666666667,17060,nan,1.0,NO,,,
5686.666666666667,17060,nan,1.0,NO,,,
5686.666666666667,17060,nan,1.0,NO,,,
5686.666666666667,17060,nan,1.0,NO,,,
5686.666666666667,17060,nan,1.0,NO,,,
5686.666666666667,17060,nan,1.0,NO,,,
5686.666666666667,17060,nan,1.0,NO,,,
5686.666666666667,17060,nan,1.0,NO,,,
5686.666666666667,17060,nan,1.0,NO,,,
5686.666666666667,17060,nan,1.0,NO,,,
5690.0,17070,nan,0.0,NO,,,
5690.0,17070,nan,0.0,NO,,,
5690.0,17070,nan,0.0,NO,,,
5690.0,17070,nan,0.0,NO,,,
5690.0,17070,nan,0.0,NO,,,
5690.0,17070,nan,0.0,NO,,,
5690.0,17070,nan,0.0,NO,,,
5690.0,17070,nan,0.0,NO,,,
5690.0,17070,nan,0.0,NO,,,
5690.0,17070,nan,0.0,NO,,,
5693.333333333333,17080,nan,0.0,NO,,,
5693.333333333333,17080,nan,0.0,NO,,,
5693.333333333333,17080,nan,0.0,NO,,,
5693.333333333333,17080,nan,0.0,NO,,,
5693.333333333333,17080,nan,0.0,NO,,,
5693.333333333333,17080,nan,0.0,NO,,,
5693.333333333333,17080,nan,0.0,NO,,,
5693.333333333333,17080,nan,0.0,NO,,,
5693.333333333333,17080,nan,0.0,NO,,,
5693.333333333333,17080,nan,0.0,NO,,,
5696.666666666667,17090,nan,1.0,NO,,,
5696.666666666667,17090,nan,1.0,NO,,,
5696.666666666667,17090,nan,1.0,NO,,,
5696.666666666667,17090,nan,1.0,NO,,,
5696.666666666667,17090,nan,1.0,NO,,,
5696.666666666667,17090,nan,1.0,NO,,,
5696.666666666667,17090,nan,1.0,NO,,,
5696.666666666667,17090,nan,1.0,NO,,,
5696.666666666667,17090,nan,1.0,NO,,,
5696.666666666667,17090,nan,1.0,NO,,,
5700.0,17100,nan,0.0,NO,,,
5700.0,17100,nan,0.0,NO,,,
5700.0,17100,nan,0.0,NO,,,
5700.0,17100,nan,0.0,NO,,,
5700.0,17100,nan,0.0,NO,,,
5700.0,17100,nan,0.0,NO,,,
5700.0,17100,nan,0.0,NO,,,
5700.0,17100,nan,0.0,NO,,,
5700.0,17100,nan,0.0,NO,,,
5700.0,17100,nan,0.0,NO,,,
5703.333333333333,17110,nan,0.0,NO,,,
5703.333333333333,17110,nan,0.0,NO,,,
5703.333333333333,17110,nan,0.0,NO,,,
5703.333333333333,17110,nan,0.0,NO,,,
5703.333333333333,17110,nan,0.0,NO,,,
5703.333333333333,17110,nan,0.0,NO,,,
5703.333333333333,17110,nan,0.0,NO,,,
5703.333333333333,17110,nan,0.0,NO,,,
5703.333333333333,17110,nan,0.0,NO,,,
5703.333333333333,17110,nan,0.0,NO,,,
5706.666666666667,17120,nan,1.0,NO,,,
5706.666666666667,17120,nan,1.0,NO,,,
5706.666666666667,17120,nan,1.0,NO,,,
5706.666666666667,17120,nan,1.0,NO,,,
5706.666666666667,17120,nan,1.0,NO,,,
5706.666666666667,17120,nan,1.0,NO,,,
5706.666666666667,17120,nan,1.0,NO,,,
5706.666666666667,17120,nan,1.0,NO,,,
5706.666666666667,17120,nan,1.0,NO,,,
5706.666666666667,17120,nan,1.0,NO,,,
5710.0,17130,nan,0.0,NO,,,
5710.0,17130,nan,0.0,NO,,,
5710.0,17130,nan,0.0,NO,,,
5710.0,17130,nan,0.0,NO,,,
5710.0,17130,nan,0.0,NO,,,
5710.0,17130,nan,0.0,NO,,,
5710.0,17130,nan,0.0,NO,,,
5710.0,17130,nan,0.0,NO,,,
5710.0,17130,nan,0.0,NO,,,
5710.0,17130,nan,0.0,NO,,,
5713.333333333333,17140,nan,0.0,NO,,,
5713.333333333333,17140,nan,0.0,NO,,,
5713.333333333333,17140,nan,0.0,NO,,,
5713.333333333333,17140,nan,0.0,NO,,,
5713.333333333333,17140,nan,0.0,NO,,,
5713.333333333333,17140,nan,0.0,NO,,,
5713.333333333333,17140,nan,0.0,NO,,,
5713.333333333333,17140,nan,0.0,NO,,,
5713.333333333333,17140,nan,0.0,NO,,,
5713.333333333333,17140,nan,0.0,NO,,,
5716.666666666667,17150,nan,1.0,NO,,,
5716.666666666667,17150,nan,1.0,NO,,,
5716.666666666667,17150,nan,1.0,NO,,,
5716.666666666667,17150,nan,1.0,NO,,,
5716.666666666667,17150,nan,1.0,NO,,,
5716.666666666667,17150,nan,1.0,NO,,,
5716.666666666667,17150,nan,1.0,NO,,,
5716.666666666667,17150,nan,1.0,NO,,,
5716.666666666667,17150,nan,1.0,NO,,,
5716.666666666667,17150,nan,1.0,NO,,,
5720.0,17160,nan,0.0,NO,,,
5720.0,17160,nan,0.0,NO,,,
5720.0,17160,nan,0.0,NO,,,
5720.0,17160,nan,0.0,NO,,,
5720.0,17160,nan,0.0,NO,,,
5720.0,17160,nan,0.0,NO,,,
5720.0,17160,nan,0.0,NO,,,
5720.0,17160,nan,0.0,NO,,,
5720.0,17160,nan,0.0,NO,,,
5720.0,17160,nan,0.0,NO,,,
5723.333333333333,17170,nan,0.0,NO,,,
5723.333333333333,17170,nan,0.0,NO,,,
5723.333333333333,17170,nan,0.0,NO,,,
5723.333333333333,17170,nan,0.0,NO,,,
5723.333333333333,17170,nan,0.0,NO,,,
5723.333333333333,17170,nan,0.0,NO,,,
5723.333333333333,17170,nan,0.0,NO,,,
5723.333333333333,17170,nan,0.0,NO,,,
5723.333333333333,17170,nan,0.0,NO,,,
5723.333333333333,17170,nan,0.0,NO,,,
5726.666666666667,17180,nan,1.0,NO,,,
5726.666666666667,17180,nan,1.0,NO,,,
5726.666666666667,17180,nan,1.0,NO,,,
5726.666666666667,17180,nan,1.0,NO,,,
5726.666666666667,17180,nan,1.0,NO,,,
5726.666666666667,17180,nan,1.0,NO,,,
5726.666666666667,17180,nan,1.0,NO,,,
5726.666666666667,17180,nan,1.0,NO,,,
5726.666666666667,17180,nan,1.0,NO,,,
5726.666666666667,17180,nan,1.0,NO,,,
5730.0,17190,nan,0.0,NO,,,
5730.0,17190,nan,0.0,NO,,,
5730.0,17190,nan,0.0,NO,,,
5730.0,17190,nan,0.0,NO,,,
5730.0,17190,nan,0.0,NO,,,
5730.0,17190,nan,0.0,NO,,,
5730.0,17190,nan,0.0,NO,,,
5730.0,17190,nan,0.0,NO,,,
5730.0,17190,nan,0.0,NO,,,
5730.0,17190,nan,0.0,YES,nan,0.2,
5733.333333333333,17200,nan,0.0,NO,,,
5733.333333333333,17200,nan,0.0,NO,,,
5733.333333333333,17200,nan,0.0,NO,,,
5733.333333333333,17200,nan,0.0,NO,,,
5733.333333333333,17200,nan,0.0,NO,,,
5733.333333333333,17200,nan,0.0,NO,,,
5733.333333333333,17200,nan,0.0,NO,,,
5733.333333333333,17200,nan,0.0,NO,,,
5733.333333333333,17200,nan,0.0,NO,,,
5733.333333333333,17200,nan,0.0,NO,,,
5736.666666666667,17210,nan,1.0,NO,,,
5736.666666666667,17210,nan,1.0,NO,,,
5736.666666666667,17210,nan,1.0,NO,,,
5736.666666666667,17210,nan,1.0,NO,,,
5736.666666666667,17210,nan,1.0,NO,,,
5736.666666666667,17210,nan,1.0,NO,,,
5736.666666666667,17210,nan,1.0,NO,,,
5736.666666666667,17210,nan,1.0,NO,,,
5736.666666666667,17210,nan,1.0,NO,,,
5736.666666666667,17210,nan,1.0,NO,,,
5740.0,17220,nan,0.0,NO,,,
5740.0,17220,nan,0.0,NO,,,
5740.0,17220,nan,0.0,NO,,,
5740.0,17220,nan,0.0,NO,,,
5740.0,17220,nan,0.0,NO,,,
5740.0,17220,nan,0.0,NO,,,
5740.0,17220,nan,0.0,NO,,,
5740.0,17220,nan,0.0,NO,,,
5740.0,17220,nan,0.0,NO,,,
5740.0,17220,nan,0.0,NO,,,
5743.333333333333,17230,nan,0.0,NO,,,
5743.333333333333,17230,nan,0.0,NO,,,
5743.333333333333,17230,nan,0.0,NO,,,
5743.333333333333,17230,nan,0.0,NO,,,
5743.333333333333,17230,nan,0.0,NO,,,
5743.333333333333,17230,nan,0.0,NO,,,
5743.333333333333,17230,nan,0.0,NO,,,
5743.333333333333,17230,nan,0.0,NO,,,
5743.333333333333,17230,nan,0.0,NO,,,
5743.333333333333,17230,nan,0.0,NO,,,
5746.666666666667,17240,nan,1.0,NO,,,
5746.666666666667,17240,nan,1.0,NO,,,
5746.666666666667,17240,nan,1.0,NO,,,
5746.666666666667,17240,nan,1.0,NO,,,
5746.666666666667,17240,nan,1.0,NO,,,
5746.666666666667,17240,nan,1.0,NO,,,
5746.666666666667,17240,nan,1.0,NO,,,
5746.666666666667,17240,nan,1.0,NO,,,
5746.666666666667,17240,nan,1.0,NO,,,
5746.666666666667,17240,nan,1.0,NO,,,
5750.0,17250,nan,0.0,NO,,,
5750.0,17250,nan,0.0,NO,,,
5750.0,17250,nan,0.0,NO,,,
5750.0,17250,nan,0.0,NO,,,
5750.0,17250,nan,0.0,NO,,,
5750.0,17250,nan,0.0,NO,,,
5750.0,17250,nan,0.0,NO,,,
5750.0,17250,nan,0.0,NO,,,
5750.0,17250,nan,0.0,NO,,,
5750.0,17250,nan,0.0,NO,,,
5753.333333333333,17260,nan,0.0,NO,,,
5753.333333333333,17260,nan,0.0,NO,,,
5753.333333333333,17260,nan,0.0,NO,,,
5753.333333333333,17260,nan,0.0,NO,,,
5753.333333333333,17260,nan,0.0,NO,,,
5753.333333333333,17260,nan,0.0,NO,,,
5753.333333333333,17260,nan,0.0,NO,,,
5753.333333333333,17260,nan,0.0,NO,,,
5753.333333333333,17260,nan,0.0,NO,,,
5753.333333333333,17260,nan,0.0,NO,,,
5756.666666666667,17270,nan,1.0,NO,,,
5756.666666666667,17270,nan,1.0,NO,,,
5756.666666666667,17270,nan,1.0,NO,,,
5756.666666666667,17270,nan,1.0,NO,,,
5756.666666666667,17270,nan,1.0,NO,,,
5756.666666666667,17270,nan,1.0,NO,,,
5756.666666666667,17270,nan,1.0,NO,,,
5756.666666666667,17270,nan,1.0,NO,,,
5756.666666666667,17270,nan,1.0,NO,,,
5756.666666666667,17270,nan,1.0,NO,,,
5760.0,17280,nan,0.0,NO,,,
5760.0,17280,nan,0.0,NO,,,
5760.0,17280,nan,0.0,NO,,,
5760.0,17280,nan,0.0,NO,,,
5760.0,17280,nan,0.0,NO,,,
5760.0,17280,nan,0.0,NO,,,
5760.0,17280,nan,0.0,NO,,,
5760.0,17280,nan,0.0,NO,,,
5760.0,17280,nan,0.0,NO,,,
5760.0,17280,nan,0.0,NO,,,
5763.333333333333,17290,nan,0.0,NO,,,
5763.333333333333,17290,nan,0.0,NO,,,
5763.333333333333,17290,nan,0.0,NO,,,
5763.333333333333,17290,nan,0.0,NO,,,
5763.333333333333,17290,nan,0.0,NO,,,
5763.333333333333,17290,nan,0.0,NO,,,
5763.333333333333,17290,nan,0.0,NO,,,
5763.333333333333,17290,nan,0.0,NO,,,
5763.333333333333,17290,nan,0.0,NO,,,
5763.333333333333,17290,nan,0.0,NO,,,
5766.666666666667,17300,nan,1.0,NO,,,
5766.666666666667,17300,nan,1.0,NO,,,
5766.666666666667,17300,nan,1.0,NO,,,
5766.666666666667,17300,nan,1.0,NO,,,
5766.666666666667,17300,nan,1.0,NO,,,
5766.666666666667,17300,nan,1.0,NO,,,
5766.666666666667,17300,nan,1.0,NO,,,
5766.666666666667,17300,nan,1.0,NO,,,
5766.666666666667,17300,nan,1.0,NO,,,
5766.666666666667,17300,nan,1.0,NO,,,
5770.0,17310,nan,0.0,NO,,,
5770.0,17310,nan,0.0,NO,,,
5770.0,17310,nan,0.0,NO,,,
5770.0,17310,nan,0.0,NO,,,
5770.0,17310,nan,0.0,NO,,,
5770.0,17310,nan,0.0,NO,,,
5770.0,17310,nan,0.0,NO,,,
5770.0,17310,nan,0.0,NO,,,
5770.0,17310,nan,0.0,NO,,,
5770.0,17310,nan,0.0,NO,,,
5773.333333333333,17320,nan,0.0,NO,,,
5773.333333333333,17320,nan,0.0,NO,,,
5773.333333333333,17320,nan,0.0,NO,,,
5773.333333333333,17320,nan,0.0,NO,,,
5773.333333333333,17320,nan,0.0,NO,,,
5773.333333333333,17320,nan,0.0,NO,,,
5773.333333333333,17320,nan,0.0,NO,,,
5773.333333333333,17320,nan,0.0,NO,,,
5773.333333333333,17320,nan,0.0,NO,,,
5773.333333333333,17320,nan,0.0,NO,,,
5776.666666666667,17330,nan,1.0,NO,,,
5776.666666666667,17330,nan,1.0,NO,,,
5776.666666666667,17330,nan,1.0,NO,,,
5776.666666666667,17330,nan,1.0,NO,,,
5776.666666666667,17330,nan,1.0,NO,,,
5776.666666666667,17330,nan,1.0,NO,,,
5776.666666666667,17330,nan,1.0,NO,,,
5776.666666666667,17330,nan,1.0,NO,,,
5776.666666666667,17330,nan,1.0,NO,,,
5776.666666666667,17330,nan,1.0,NO,,,
5780.0,17340,nan,0.0,NO,,,
5780.0,17340,nan,0.0,NO,,,
5780.0,17340,nan,0.0,NO,,,
5780.0,17340,nan,0.0,NO,,,
5780.0,17340,nan,0.0,NO,,,
5780.0,17340,nan,0.0,NO,,,
5780.0,17340,nan,0.0,NO,,,
5780.0,17340,nan,0.0,NO,,,
5780.0,17340,nan,0.0,NO,,,
5780.0,17340,nan,0.0,NO,,,
5783.333333333333,17350,nan,0.0,NO,,,
5783.333333333333,17350,nan,0.0,NO,,,
5783.333333333333,17350,nan,0.0,NO,,,
5783.333333333333,17350,nan,0.0,NO,,,
5783.333333333333,17350,nan,0.0,NO,,,
5783.333333333333,17350,nan,0.0,NO,,,
5783.333333333333,17350,nan,0.0,NO,,,
5783.333333333333,17350,nan,0.0,NO,,,
5783.333333333333,17350,nan,0.0,NO,,,
5783.333333333333,17350,nan,0.0,NO,,,
5786.666666666667,17360,nan,1.0,NO,,,
5786.666666666667,17360,nan,1.0,NO,,,
5786.666666666667,17360,nan,1.0,NO,,,
5786.666666666667,17360,nan,1.0,NO,,,
5786.666666666667,17360,nan,1.0,NO,,,
5786.666666666667,17360,nan,1.0,NO,,,
5786.666666666667,17360,nan,1.0,NO,,,
5786.666666666667,17360,nan,1.0,NO,,,
5786.666666666667,17360,nan,1.0,NO,,,
5786.666666666667,17360,nan,1.0,NO,,,
5790.0,17370,nan,0.0,NO,,,
5790.0,17370,nan,0.0,NO,,,
5790.0,17370,nan,0.0,NO,,,
5790.0,17370,nan,0.0,NO,,,
5790.0,17370,nan,0.0,NO,,,
5790.0,17370,nan,0.0,NO,,,
5790.0,17370,nan,0.0,NO,,,
5790.0,17370,nan,0.0,NO,,,
5790.0,17370,nan,0.0,NO,,,
5790.0,17370,nan,0.0,NO,,,
5793.333333333333,17380,nan,0.0,NO,,,
5793.333333333333,17380,nan,0.0,NO,,,
5793.333333333333,17380,nan,0.0,NO,,,
5793.333333333333,17380,nan,0.0,NO,,,
5793.333333333333,17380,nan,0.0,NO,,,
5793.333333333333,17380,nan,0.0,NO,,,
5793.333333333333,17380,nan,0.0,NO,,,
5793.333333333333,17380,nan,0.0,NO,,,
5793.333333333333,17380,nan,0.0,NO,,,
5793.333333333333,17380,nan,0.0,NO,,,
5796.666666666667,17390,nan,1.0,NO,,,
5796.666666666667,17390,nan,1.0,NO,,,
5796.666666666667,17390,nan,1.0,NO,,,
5796.666666666667,17390,nan,1.0,NO,,,
5796.666666666667,17390,nan,1.0,NO,,,
5796.666666666667,17390,nan,1.0,NO,,,
5796.666666666667,17390,nan,1.0,NO,,,
5796.666666666667,17390,nan,1.0,NO,,,
5796.666666666667,17390,nan,1.0,NO,,,
5796.666666666667,17390,nan,1.0,YES,nan,0.2,
5800.0,17400,nan,0.0,NO,,,
5800.0,17400,nan,0.0,NO,,,
5800.0,17400,nan,0.0,NO,,,
5800.0,17400,nan,0.0,NO,,,
5800.0,17400,nan,0.0,NO,,,
5800.0,17400,nan,0.0,NO,,,
5800.0,17400,nan,0.0,NO,,,
5800.0,17400,nan,0.0,NO,,,
5800.0,17400,nan,0.0,NO,,,
5800.0,17400,nan,0.0,NO,,,
5803.333333333333,17410,nan,0.0,NO,,,
5803.333333333333,17410,nan,0.0,NO,,,
5803.333333333333,17410,nan,0.0,NO,,,
5803.333333333333,17410,nan,0.0,NO,,,
5803.333333333333,17410,nan,0.0,NO,,,
5803.333333333333,17410,nan,0.0,NO,,,
5803.333333333333,17410,nan,0.0,NO,,,
5803.333333333333,17410,nan,0.0,NO,,,
5803.333333333333,17410,nan,0.0,NO,,,
5803.333333333333,17410,nan,0.0,NO,,,
5806.666666666667,17420,nan,1.0,NO,,,
5806.666666666667,17420,nan,1.0,NO,,,
5806.666666666667,17420,nan,1.0,NO,,,
5806.666666666667,17420,nan,1.0,NO,,,
5806.666666666667,17420,nan,1.0,NO,,,
5806.666666666667,17420,nan,1.0,NO,,,
5806.666666666667,17420,nan,1.0,NO,,,
5806.666666666667,17420,nan,1.0,NO,,,
5806.666666666667,17420,nan,1.0,NO,,,
5806.666666666667,17420,nan,1.0,NO,,,
5810.0,17430,nan,0.0,NO,,,
5810.0,17430,nan,0.0,NO,,,
5810.0,17430,nan,0.0,NO,,,
5810.0,17430,nan,0.0,NO,,,
5810.0,17430,nan,0.0,NO,,,
5810.0,17430,nan,0.0,NO,,,
5810.0,17430,nan,0.0,NO,,,
5810.0,17430,nan,0.0,NO,,,
5810.0,17430,nan,0.0,NO,,,
5810.0,17430,nan,0.0,NO,,,
5813.333333333333,17440,nan,0.0,NO,,,
5813.333333333333,17440,nan,0.0,NO,,,
5813.333333333333,17440,nan,0.0,NO,,,
5813.333333333333,17440,nan,0.0,NO,,,
5813.333333333333,17440,nan,0.0,NO,,,
5813.333333333333,17440,nan,0.0,NO,,,
5813.333333333333,17440,nan,0.0,NO,,,
5813.333333333333,17440,nan,0.0,NO,,,
5813.333333333333,17440,nan,0.0,NO,,,
5813.333333333333,17440,nan,0.0,NO,,,
5816.666666666667,17450,nan,1.0,NO,,,
5816.666666666667,17450,nan,1.0,NO,,,
5816.666666666667,17450,nan,1.0,NO,,,
5816.666666666667,17450,nan,1.0,NO,,,
5816.666666666667,17450,nan,1.0,NO,,,
5816.666666666667,17450,nan,1.0,NO,,,
5816.666666666667,17450,nan,1.0,NO,,,
5816.666666666667,17450,nan,1.0,NO,,,
5816.666666666667,17450,nan,1.0,NO,,,
5816.666666666667,17450,nan,1.0,NO,,,
5820.0,17460,nan,0.0,NO,,,
5820.0,17460,nan,0.0,NO,,,
5820.0,17460,nan,0.0,NO,,,
5820.0,17460,nan,0.0,NO,,,
5820.0,17460,nan,0.0,NO,,,
5820.0,17460,nan,0.0,NO,,,
5820.0,17460,nan,0.0,NO,,,
5820.0,17460,nan,0.0,NO,,,
5820.0,17460,nan,0.0,NO,,,
5820.0,17460,nan,0.0,NO,,,
5823.333333333333,17470,nan,0.0,NO,,,
5823.333333333333,17470,nan,0.0,NO,,,
5823.333333333333,17470,nan,0.0,NO,,,
5823.333333333333,17470,nan,0.0,NO,,,
5823.333333333333,17470,nan,0.0,NO,,,
5823.333333333333,17470,nan,0.0,NO,,,
5823.333333333333,17470,nan,0.0,NO,,,
5823.333333333333,17470,nan,0.0,NO,,,
5823.333333333333,17470,nan,0.0,NO,,,
5823.333333333333,17470,nan,0.0,NO,,,
5826.666666666667,17480,nan,1.0,NO,,,
5826.666666666667,17480,nan,1.0,NO,,,
5826.666666666667,17480,nan,1.0,NO,,,
5826.666666666667,17480,nan,1.0,NO,,,
5826.666666666667,17480,nan,1.0,NO,,,
5826.666666666667,17480,nan,1.0,NO,,,
5826.666666666667,17480,nan,1.0,NO,,,
5826.666666666667,17480,nan,1.0,NO,,,
5826.666666666667,17480,nan,1.0,NO,,,
5826.666666666667,17480,nan,1.0,NO,,,
5830.0,17490,nan,0.0,NO,,,
5830.0,17490,nan,0.0,NO,,,
5830.0,17490,nan,0.0,NO,,,
5830.0,17490,nan,0.0,NO,,,
5830.0,17490,nan,0.0,NO,,,
5830.0,17490,nan,0.0,NO,,,
5830.0,17490,nan,0.0,NO,,,
5830.0,17490,nan,0.0,NO,,,
5830.0,17490,nan,0.0,NO,,,
5830.0,17490,nan,0.0,NO,,,
5833.333333333333,17500,nan,0.0,NO,,,
5833.333333333333,17500,nan,0.0,NO,,,
5833.333333333333,17500,nan,0.0,NO,,,
5833.333333333333,17500,nan,0.0,NO,,,
5833.333333333333,17500,nan,0.0,NO,,,
5833.333333333333,17500,nan,0.0,NO,,,
5833.333333333333,17500,nan,0.0,NO,,,
5833.333333333333,17500,nan,0.0,NO,,,
5833.333333333333,17500,nan,0.0,NO,,,
5833.333333333333,17500,nan,0.0,NO,,,
5836.666666666667,17510,nan,1.0,NO,,,
5836.666666666667,17510,nan,1.0,NO,,,
5836.666666666667,17510,nan,1.0,NO,,,
5836.666666666667,17510,nan,1.0,NO,,,
5836.666666666667,17510,nan,1.0,NO,,,
5836.666666666667,17510,nan,1.0,NO,,,
5836.666666666667,17510,nan,1.0,NO,,,
5836.666666666667,17510,nan,1.0,NO,,,
5836.666666666667,17510,nan,1.0,NO,,,
5836.666666666667,17510,nan,1.0,NO,,,
5840.0,17520,nan,0.0,NO,,,
5840.0,17520,nan,0.0,NO,,,
5840.0,17520,nan,0.0,NO,,,
5840.0,17520,nan,0.0,NO,,,
5840.0,17520,nan,0.0,NO,,,
5840.0,17520,nan,0.0,NO,,,
5840.0,17520,nan,0.0,NO,,,
5840.0,17520,nan,0.0,NO,,,
5840.0,17520,nan,0.0,NO,,,
5840.0,17520,nan,0.0,NO,,,
5843.333333333333,17530,nan,0.0,NO,,,
5843.333333333333,17530,nan,0.0,NO,,,
5843.333333333333,17530,nan,0.0,NO,,,
5843.333333333333,17530,nan,0.0,NO,,,
5843.333333333333,17530,nan,0.0,NO,,,
5843.333333333333,17530,nan,0.0,NO,,,
5843.333333333333,17530,nan,0.0,NO,,,
5843.333333333333,17530,nan,0.0,NO,,,
5843.333333333333,17530,nan,0.0,NO,,,
5843.333333333333,17530,nan,0.0,NO,,,
5846.666666666667,17540,nan,1.0,NO,,,
5846.666666666667,17540,nan,1.0,NO,,,
5846.666666666667,17540,nan,1.0,NO,,,
5846.666666666667,17540,nan,1.0,NO,,,
5846.666666666667,17540,nan,1.0,NO,,,
5846.666666666667,17540,nan,1.0,NO,,,
5846.666666666667,17540,nan,1.0,NO,,,
5846.666666666667,17540,nan,1.0,NO,,,
5846.666666666667,17540,nan,1.0,NO,,,
5846.666666666667,17540,nan,1.0,NO,,,
5850.0,17550,nan,0.0,NO,,,
5850.0,17550,nan,0.0,NO,,,
5850.0,17550,nan,0.0,NO,,,
5850.0,17550,nan,0.0,NO,,,
5850.0,17550,nan,0.0,NO,,,
5850.0,17550,nan,0.0,NO,,,
5850.0,17550,nan,0.0,NO,,,
5850.0,17550,nan,0.0,NO,,,
5850.0,17550,nan,0.0,NO,,,
5850.0,17550,nan,0.0,NO,,,
5853.333333333333,17560,nan,0.0,NO,,,
5853.333333333333,17560,nan,0.0,NO,,,
5853.333333333333,17560,nan,0.0,NO,,,
5853.333333333333,17560,nan,0.0,NO,,,
5853.333333333333,17560,nan,0.0,NO,,,
5853.333333333333,17560,nan,0.0,NO,,,
5853.333333333333,17560,nan,0.0,NO,,,
5853.333333333333,17560,nan,0.0,NO,,,
5853.333333333333,17560,nan,0.0,NO,,,
5853.333333333333,17560,nan,0.0,NO,,,
5856.666666666667,17570,nan,1.0,NO,,,
5856.666666666667,17570,nan,1.0,NO,,,
5856.666666666667,17570,nan,1.0,NO,,,
5856.666666666667,17570,nan,1.0,NO,,,
5856.666666666667,17570,nan,1.0,NO,,,
5856.666666666667,17570,nan,1.0,NO,,,
5856.666666666667,17570,nan,1.0,NO,,,
5856.666666666667,17570,nan,1.0,NO,,,
5856.666666666667,17570,nan,1.0,NO,,,
5856.666666666667,17570,nan,1.0,NO,,,
5860.0,17580,nan,0.0,NO,,,
5860.0,17580,nan,0.0,NO,,,
5860.0,17580,nan,0.0,NO,,,
5860.0,17580,nan,0.0,NO,,,
5860.0,17580,nan,0.0,NO,,,
5860.0,17580,nan,0.0,NO,,,
5860.0,17580,nan,0.0,NO,,,
5860.0,17580,nan,0.0,NO,,,
5860.0,17580,nan,0.0,NO,,,
5860.0,17580,nan,0.0,NO,,,
5863.333333333333,17590,nan,0.0,NO,,,
5863.333333333333,17590,nan,0.0,NO,,,
5863.333333333333,17590,nan,0.0,NO,,,
5863.333333333333,17590,nan,0.0,NO,,,
5863.333333333333,17590,nan,0.0,NO,,,
5863.333333333333,17590,nan,0.0,NO,,,
5863.333333333333,17590,nan,0.0,NO,,,
5863.333333333333,17590,nan,0.0,NO,,,
5863.333333333333,17590,nan,0.0,NO,,,
5863.333333333333,17590,nan,0.0,YES,nan,0.2,
5866.666666666667,17600,nan,1.0,NO,,,
5866.666666666667,17600,nan,1.0,NO,,,
5866.666666666667,17600,nan,1.0,NO,,,
5866.666666666667,17600,nan,1.0,NO,,,
5866.666666666667,17600,nan,1.0,NO,,,
5866.666666666667,17600,nan,1.0,NO,,,
5866.666666666667,17600,nan,1.0,NO,,,
5866.666666666667,17600,nan,1.0,NO,,,
5866.666666666667,17600,nan,1.0,NO,,,
5866.666666666667,17600,nan,1.0,NO,,,
5870.0,17610,nan,0.0,NO,,,
5870.0,17610,nan,0.0,NO,,,
5870.0,17610,nan,0.0,NO,,,
5870.0,17610,nan,0.0,NO,,,
5870.0,17610,nan,0.0,NO,,,
5870.0,17610,nan,0.0,NO,,,
5870.0,17610,nan,0.0,NO,,,
5870.0,17610,nan,0.0,NO,,,
5870.0,17610,nan,0.0,NO,,,
5870.0,17610,nan,0.0,NO,,,
5873.333333333333,17620,nan,0.0,NO,,,
5873.333333333333,17620,nan,0.0,NO,,,
5873.333333333333,17620,nan,0.0,NO,,,
5873.333333333333,17620,nan,0.0,NO,,,
5873.333333333333,17620,nan,0.0,NO,,,
5873.333333333333,17620,nan,0.0,NO,,,
5873.333333333333,17620,nan,0.0,NO,,,
5873.333333333333,17620,nan,0.0,NO,,,
5873.333333333333,17620,nan,0.0,NO,,,
5873.333333333333,17620,nan,0.0,NO,,,
5876.666666666667,17630,nan,1.0,NO,,,
5876.666666666667,17630,nan,1.0,NO,,,
5876.666666666667,17630,nan,1.0,NO,,,
5876.666666666667,17630,nan,1.0,NO,,,
5876.666666666667,17630,nan,1.0,NO,,,
5876.666666666667,17630,nan,1.0,NO,,,
5876.666666666667,17630,nan,1.0,NO,,,
5876.666666666667,17630,nan,1.0,NO,,,
5876.666666666667,17630,nan,1.0,NO,,,
5876.666666666667,17630,nan,1.0,NO,,,
5880.0,17640,nan,0.0,NO,,,
5880.0,17640,nan,0.0,NO,,,
5880.0,17640,nan,0.0,NO,,,
5880.0,17640,nan,0.0,NO,,,
5880.0,17640,nan,0.0,NO,,,
5880.0,17640,nan,0.0,NO,,,
5880.0,17640,nan,0.0,NO,,,
5880.0,17640,nan,0.0,NO,,,
5880.0,17640,nan,0.0,NO,,,
5880.0,17640,nan,0.0,NO,,,
5883.333333333333,17650,nan,0.0,NO,,,
5883.333333333333,17650,nan,0.0,NO,,,
5883.333333333333,17650,nan,0.0,NO,,,
5883.333333333333,17650,nan,0.0,NO,,,
5883.333333333333,17650,nan,0.0,NO,,,
5883.333333333333,17650,nan,0.0,NO,,,
5883.333333333333,17650,nan,0.0,NO,,,
5883.333333333333,17650,nan,0.0,NO,,,
5883.333333333333,17650,nan,0.0,NO,,,
5883.333333333333,17650,nan,0.0,NO,,,
5886.666666666667,17660,nan,1.0,NO,,,
5886.666666666667,17660,nan,1.0,NO,,,
5886.666666666667,17660,nan,1.0,NO,,,
5886.666666666667,17660,nan,1.0,NO,,,
5886.666666666667,17660,nan,1.0,NO,,,
5886.666666666667,17660,nan,1.0,NO,,,
5886.666666666667,17660,nan,1.0,NO,,,
5886.666666666667,17660,nan,1.0,NO,,,
5886.666666666667,17660,nan,1.0,NO,,,
5886.666666666667,17660,nan,1.0,NO,,,
5890.0,17670,nan,0.0,NO,,,
5890.0,17670,nan,0.0,NO,,,
5890.0,17670,nan,0.0,NO,,,
5890.0,17670,nan,0.0,NO,,,
5890.0,17670,nan,0.0,NO,,,
5890.0,17670,nan,0.0,NO,,,
5890.0,17670,nan,0.0,NO,,,
5890.0,17670,nan,0.0,NO,,,
5890.0,17670,nan,0.0,NO,,,
5890.0,17670,nan,0.0,NO,,,
5893.333333333333,17680,nan,0.0,NO,,,
5893.333333333333,17680,nan,0.0,NO,,,
5893.333333333333,17680,nan,0.0,NO,,,
5893.333333333333,17680,nan,0.0,NO,,,
5893.333333333333,17680,nan,0.0,NO,,,
5893.333333333333,17680,nan,0.0,NO,,,
5893.333333333333,17680,nan,0.0,NO,,,
5893.333333333333,17680,nan,0.0,NO,,,
5893.333333333333,17680,nan,0.0,NO,,,
5893.333333333333,17680,nan,0.0,NO,,,
5896.666666666667,17690,nan,1.0,NO,,,
5896.666666666667,17690,nan,1.0,NO,,,
5896.666666666667,17690,nan,1.0,NO,,,
5896.666666666667,17690,nan,1.0,NO,,,
5896.666666666667,17690,nan,1.0,NO,,,
5896.666666666667,17690,nan,1.0,NO,,,
5896.666666666667,17690,nan,1.0,NO,,,
5896.666666666667,17690,nan,1.0,NO,,,
5896.666666666667,17690,nan,1.0,NO,,,
5896.666666666667,17690,nan,1.0,NO,,,
5900.0,17700,nan,0.0,NO,,,
5900.0,17700,nan,0.0,NO,,,
5900.0,17700,nan,0.0,NO,,,
5900.0,17700,nan,0.0,NO,,,
5900.0,17700,nan,0.0,NO,,,
5900.0,17700,nan,0.0,NO,,,
5900.0,17700,nan,0.0,NO,,,
5900.0,17700,nan,0.0,NO,,,
5900.0,17700,nan,0.0,NO,,,
5900.0,17700,nan,0.0,NO,,,
5903.333333333333,17710,nan,0.0,NO,,,
5903.333333333333,17710,nan,0.0,NO,,,
5903.333333333333,17710,nan,0.0,NO,,,
5903.333333333333,17710,nan,0.0,NO,,,
5903.333333333333,17710,nan,0.0,NO,,,
5903.333333333333,17710,nan,0.0,NO,,,
5903.333333333333,17710,nan,0.0,NO,,,
5903.333333333333,17710,nan,0.0,NO,,,
5903.333333333333,17710,nan,0.0,NO,,,
5903.333333333333,17710,nan,0.0,NO,,,
5906.666666666667,17720,nan,1.0,NO,,,
5906.666666666667,17720,nan,1.0,NO,,,
5906.666666666667,17720,nan,1.0,NO,,,
5906.666666666667,17720,nan,1.0,NO,,,
5906.666666666667,17720,nan,1.0,NO,,,
5906.666666666667,17720,nan,1.0,NO,,,
5906.666666666667,17720,nan,1.0,NO,,,
5906.666666666667,17720,nan,1.0,NO,,,
5906.666666666667,17720,nan,1.0,NO,,,
5906.666666666667,17720,nan,1.0,NO,,,
5910.0,17730,nan,0.0,NO,,,
5910.0,17730,nan,0.0,NO,,,
5910.0,17730,nan,0.0,NO,,,
5910.0,17730,nan,0.0,NO,,,
5910.0,17730,nan,0.0,NO,,,
5910.0,17730,nan,0.0,NO,,,
5910.0,17730,nan,0.0,NO,,,
5910.0,17730,nan,0.0,NO,,,
5910.0,17730,nan,0.0,NO,,,
5910.0,17730,nan,0.0,NO,,,
5913.333333333333,17740,nan,0.0,NO,,,
5913.333333333333,17740,nan,0.0,NO,,,
5913.333333333333,17740,nan,0.0,NO,,,
5913.333333333333,17740,nan,0.0,NO,,,
5913.333333333333,17740,nan,0.0,NO,,,
5913.333333333333,17740,nan,0.0,NO,,,
5913.333333333333,17740,nan,0.0,NO,,,
5913.333333333333,17740,nan,0.0,NO,,,
5913.333333333333,17740,nan,0.0,NO,,,
5913.333333333333,17740,nan,0.0,NO,,,
5916.666666666667,17750,nan,1.0,NO,,,
5916.666666666667,17750,nan,1.0,NO,,,
5916.666666666667,17750,nan,1.0,NO,,,
5916.666666666667,17750,nan,1.0,NO,,,
5916.666666666667,17750,nan,1.0,NO,,,
5916.666666666667,17750,nan,1.0,NO,,,
5916.666666666667,17750,nan,1.0,NO,,,
5916.666666666667,17750,nan,1.0,NO,,,
5916.666666666667,17750,nan,1.0,NO,,,
5916.666666666667,17750,nan,1.0,NO,,,
5920.0,17760,nan,0.0,NO,,,
5920.0,17760,nan,0.0,NO,,,
5920.0,17760,nan,0.0,NO,,,
5920.0,17760,nan,0.0,NO,,,
5920.0,17760,nan,0.0,NO,,,
5920.0,17760,nan,0.0,NO,,,
5920.0,17760,nan,0.0,NO,,,
5920.0,17760,nan,0.0,NO,,,
5920.0,17760,nan,0.0,NO,,,
5920.0,17760,nan,0.0,NO,,,
5923.333333333333,17770,nan,0.0,NO,,,
5923.333333333333,17770,nan,0.0,NO,,,
5923.333333333333,17770,nan,0.0,NO,,,
5923.333333333333,17770,nan,0.0,NO,,,
5923.333333333333,17770,nan,0.0,NO,,,
5923.333333333333,17770,nan,0.0,NO,,,
5923.333333333333,17770,nan,0.0,NO,,,
5923.333333333333,17770,nan,0.0,NO,,,
5923.333333333333,17770,nan,0.0,NO,,,
5923.333333333333,17770,nan,0.0,NO,,,
5926.666666666667,17780,nan,1.0,NO,,,
5926.666666666667,17780,nan,1.0,NO,,,
5926.666666666667,17780,nan,1.0,NO,,,
5926.666666666667,17780,nan,1.0,NO,,,
5926.666666666667,17780,nan,1.0,NO,,,
5926.666666666667,17780,nan,1.0,NO,,,
5926.666666666667,17780,nan,1.0,NO,,,
5926.666666666667,17780,nan,1.0,NO,,,
5926.666666666667,17780,nan,1.0,NO,,,
5926.666666666667,17780,nan,1.0,NO,,,
5930.0,17790,nan,0.0,NO,,,
5930.0,17790,nan,0.0,NO,,,
5930.0,17790,nan,0.0,NO,,,
5930.0,17790,nan,0.0,NO,,,
5930.0,17790,nan,0.0,NO,,,
5930.0,17790,nan,0.0,NO,,,
5930.0,17790,nan,0.0,NO,,,
5930.0,17790,nan,0.0,NO,,,
5930.0,17790,nan,0.0,NO,,,
5930.0,17790,nan,0.0,YES,nan,0.2,
5933.333333333333,17800,nan,0.0,NO,,,
5933.333333333333,17800,nan,0.0,NO,,,
5933.333333333333,17800,nan,0.0,NO,,,
5933.333333333333,17800,nan,0.0,NO,,,
5933.333333333333,17800,nan,0.0,NO,,,
5933.333333333333,17800,nan,0.0,NO,,,
5933.333333333333,17800,nan,0.0,NO,,,
5933.333333333333,17800,nan,0.0,NO,,,
5933.333333333333,17800,nan,0.0,NO,,,
5933.333333333333,17800,nan,0.0,NO,,,
5936.666666666667,17810,nan,1.0,NO,,,
5936.666666666667,17810,nan,1.0,NO,,,
5936.666666666667,17810,nan,1.0,NO,,,
5936.666666666667,17810,nan,1.0,NO,,,
5936.666666666667,17810,nan,1.0,NO,,,
5936.666666666667,17810,nan,1.0,NO,,,
5936.666666666667,17810,nan,1.0,NO,,,
5936.666666666667,17810,nan,1.0,NO,,,
5936.666666666667,17810,nan,1.0,NO,,,
5936.666666666667,17810,nan,1.0,NO,,,
5940.0,17820,nan,0.0,NO,,,
5940.0,17820,nan,0.0,NO,,,
5940.0,17820,nan,0.0,NO,,,
5940.0,17820,nan,0.0,NO,,,
5940.0,17820,nan,0.0,NO,,,
5940.0,17820,nan,0.0,NO,,,
5940.0,17820,nan,0.0,NO,,,
5940.0,17820,nan,0.0,NO,,,
5940.0,17820,nan,0.0,NO,,,
5940.0,17820,nan,0.0,NO,,,
5943.333333333333,17830,nan,0.0,NO,,,
5943.333333333333,17830,nan,0.0,NO,,,
5943.333333333333,17830,nan,0.0,NO,,,
5943.333333333333,17830,nan,0.0,NO,,,
5943.333333333333,17830,nan,0.0,NO,,,
5943.333333333333,17830,nan,0.0,NO,,,
5943.333333333333,17830,nan,0.0,NO,,,
5943.333333333333,17830,nan,0.0,NO,,,
5943.333333333333,17830,nan,0.0,NO,,,
5943.333333333333,17830,nan,0.0,NO,,,
5946.666666666667,17840,nan,1.0,NO,,,
5946.666666666667,17840,nan,1.0,NO,,,
5946.666666666667,17840,nan,1.0,NO,,,
5946.666666666667,17840,nan,1.0,NO,,,
5946.666666666667,17840,nan,1.0,NO,,,
5946.666666666667,17840,nan,1.0,NO,,,
5946.666666666667,17840,nan,1.0,NO,,,
5946.666666666667,17840,nan,1.0,NO,,,
5946.666666666667,17840,nan,1.0,NO,,,
5946.666666666667,17840,nan,1.0,NO,,,
5950.0,17850,nan,0.0,NO,,,
5950.0,17850,nan,0.0,NO,,,
5950.0,17850,nan,0.0,NO,,,
5950.0,17850,nan,0.0,NO,,,
5950.0,17850,nan,0.0,NO,,,
5950.0,17850,nan,0.0,NO,,,
5950.0,17850,nan,0.0,NO,,,
5950.0,17850,nan,0.0,NO,,,
5950.0,17850,nan,0.0,NO,,,
5950.0,17850,nan,0.0,NO,,,
5953.333333333333,17860,nan,0.0,NO,,,
5953.333333333333,17860,nan,0.0,NO,,,
5953.333333333333,17860,nan,0.0,NO,,,
5953.333333333333,17860,nan,0.0,NO,,,
5953.333333333333,17860,nan,0.0,NO,,,
5953.333333333333,17860,nan,0.0,NO,,,
5953.333333333333,17860,nan,0.0,NO,,,
5953.333333333333,17860,nan,0.0,NO,,,
5953.333333333333,17860,nan,0.0,NO,,,
5953.333333333333,17860,nan,0.0,NO,,,
5956.666666666667,17870,nan,1.0,NO,,,
5956.666666666667,17870,nan,1.0,NO,,,
5956.666666666667,17870,nan,1.0,NO,,,
5956.666666666667,17870,nan,1.0,NO,,,
5956.666666666667,17870,nan,1.0,NO,,,
5956.666666666667,17870,nan,1.0,NO,,,
5956.666666666667,17870,nan,1.0,NO,,,
5956.666666666667,17870,nan,1.0,NO,,,
5956.666666666667,17870,nan,1.0,NO,,,
5956.666666666667,17870,nan,1.0,NO,,,
5960.0,17880,nan,0.0,NO,,,
5960.0,17880,nan,0.0,NO,,,
5960.0,17880,nan,0.0,NO,,,
5960.0,17880,nan,0.0,NO,,,
5960.0,17880,nan,0.0,NO,,,
5960.0,17880,nan,0.0,NO,,,
5960.0,17880,nan,0.0,NO,,,
5960.0,17880,nan,0.0,NO,,,
5960.0,17880,nan,0.0,NO,,,
5960.0,17880,nan,0.0,NO,,,
5963.333333333333,17890,nan,0.0,NO,,,
5963.333333333333,17890,nan,0.0,NO,,,
5963.333333333333,17890,nan,0.0,NO,,,
5963.333333333333,17890,nan,0.0,NO,,,
5963.333333333333,17890,nan,0.0,NO,,,
5963.333333333333,17890,nan,0.0,NO,,,
5963.333333333333,17890,nan,0.0,NO,,,
5963.333333333333,17890,nan,0.0,NO,,,
5963.333333333333,17890,nan,0.0,NO,,,
5963.333333333333,17890,nan,0.0,NO,,,
5966.666666666667,17900,nan,1.0,NO,,,
5966.666666666667,17900,nan,1.0,NO,,,
5966.666666666667,17900,nan,1.0,NO,,,
5966.666666666667,17900,nan,1.0,NO,,,
5966.666666666667,17900,nan,1.0,NO,,,
5966.666666666667,17900,nan,1.0,NO,,,
5966.666666666667,17900,nan,1.0,NO,,,
5966.666666666667,17900,nan,1.0,NO,,,
5966.666666666667,17900,nan,1.0,NO,,,
5966.666666666667,17900,nan,1.0,NO,,,
5970.0,17910,nan,0.0,NO,,,
5970.0,17910,nan,0.0,NO,,,
5970.0,17910,nan,0.0,NO,,,
5970.0,17910,nan,0.0,NO,,,
5970.0,17910,nan,0.0,NO,,,
5970.0,17910,nan,0.0,NO,,,
5970.0,17910,nan,0.0,NO,,,
5970.0,17910,nan,0.0,NO,,,
5970.0,17910,nan,0.0,NO,,,
5970.0,17910,nan,0.0,NO,,,
5973.333333333333,17920,nan,0.0,NO,,,
5973.333333333333,17920,nan,0.0,NO,,,
5973.333333333333,17920,nan,0.0,NO,,,
5973.333333333333,17920,nan,0.0,NO,,,
5973.333333333333,17920,nan,0.0,NO,,,
5973.333333333333,17920,nan,0.0,NO,,,
5973.333333333333,17920,nan,0.0,NO,,,
5973.333333333333,17920,nan,0.0,NO,,,
5973.333333333333,17920,nan,0.0,NO,,,
5973.333333333333,17920,nan,0.0,NO,,,
5976.666666666667,17930,nan,1.0,NO,,,
5976.666666666667,17930,nan,1.0,NO,,,
5976.666666666667,17930,nan,1.0,NO,,,
5976.666666666667,17930,nan,1.0,NO,,,
5976.666666666667,17930,nan,1.0,NO,,,
5976.666666666667,17930,nan,1.0,NO,,,
5976.666666666667,17930,nan,1.0,NO,,,
5976.666666666667,17930,nan,1.0,NO,,,
5976.666666666667,17930,nan,1.0,NO,,,
5976.666666666667,17930,nan,1.0,NO,,,
5980.0,17940,nan,0.0,NO,,,
5980.0,17940,nan,0.0,NO,,,
5980.0,17940,nan,0.0,NO,,,
5980.0,17940,nan,0.0,NO,,,
5980.0,17940,nan,0.0,NO,,,
5980.0,17940,nan,0.0,NO,,,
5980.0,17940,nan,0.0,NO,,,
5980.0,17940,nan,0.0,NO,,,
5980.0,17940,nan,0.0,NO,,,
5980.0,17940,nan,0.0,NO,,,
5983.333333333333,17950,nan,0.0,NO,,,
5983.333333333333,17950,nan,0.0,NO,,,
5983.333333333333,17950,nan,0.0,NO,,,
5983.333333333333,17950,nan,0.0,NO,,,
5983.333333333333,17950,nan,0.0,NO,,,
5983.333333333333,17950,nan,0.0,NO,,,
5983.333333333333,17950,nan,0.0,NO,,,
5983.333333333333,17950,nan,0.0,NO,,,
5983.333333333333,17950,nan,0.0,NO,,,
5983.333333333333,17950,nan,0.0,NO,,,
5986.666666666667,17960,nan,1.0,NO,,,
5986.666666666667,17960,nan,1.0,NO,,,
5986.666666666667,17960,nan,1.0,NO,,,
5986.666666666667,17960,nan,1.0,NO,,,
5986.666666666667,17960,nan,1.0,NO,,,
5986.666666666667,17960,nan,1.0,NO,,,
5986.666666666667,17960,nan,1.0,NO,,,
5986.666666666667,17960,nan,1.0,NO,,,
5986.666666666667,17960,nan,1.0,NO,,,
5986.666666666667,17960,nan,1.0,NO,,,
5990.0,17970,nan,0.0,NO,,,
5990.0,17970,nan,0.0,NO,,,
5990.0,17970,nan,0.0,NO,,,
5990.0,17970,nan,0.0,NO,,,
5990.0,17970,nan,0.0,NO,,,
5990.0,17970,nan,0.0,NO,,,
5990.0,17970,nan,0.0,NO,,,
5990.0,17970,nan,0.0,NO,,,
5990.0,17970,nan,0.0,NO,,,
5990.0,17970,nan,0.0,NO,,,
5993.333333333333,17980,nan,0.0,NO,,,
5993.333333333333,17980,nan,0.0,NO,,,
5993.333333333333,17980,nan,0.0,NO,,,
5993.333333333333,17980,nan,0.0,NO,,,
5993.333333333333,17980,nan,0.0,NO,,,
5993.333333333333,17980,nan,0.0,NO,,,
5993.333333333333,17980,nan,0.0,NO,,,
5993.333333333333,17980,nan,0.0,NO,,,
5993.333333333333,17980,nan,0.0,NO,,,
5993.333333333333,17980,nan,0.0,NO,,,
5996.666666666667,17990,nan,1.0,NO,,,
5996.666666666667,17990,nan,1.0,NO,,,
5996.666666666667,17990,nan,1.0,NO,,,
5996.666666666667,17990,nan,1.0,NO,,,
5996.666666666667,17990,nan,1.0,NO,,,
5996.666666666667,17990,nan,1.0,NO,,,
5996.666666666667,17990,nan,1.0,NO,,,
5996.666666666667,17990,nan,1.0,NO,,,
5996.666666666667,17990,nan,1.0,NO,,,
5996.666666666667,17990,nan,1.0,YES,nan,0.2,
6000.0,18000,nan,0.0,NO,,,
6000.0,18000,nan,0.0,NO,,,
6000.0,18000,nan,0.0,NO,,,
6000.0,18000,nan,0.0,NO,,,
6000.0,18000,nan,0.0,NO,,,
6000.0,18000,nan,0.0,NO,,,
6000.0,18000,nan,0.0,NO,,,
6000.0,18000,nan,0.0,NO,,,
6000.0,18000,nan,0.0,NO,,,
6000.0,18000,nan,0.0,NO,,,
6003.333333333333,18010,nan,0.0,NO,,,
6003.333333333333,18010,nan,0.0,NO,,,
6003.333333333333,18010,nan,0.0,NO,,,
6003.333333333333,18010,nan,0.0,NO,,,
6003.333333333333,18010,nan,0.0,NO,,,
6003.333333333333,18010,nan,0.0,NO,,,
6003.333333333333,18010,nan,0.0,NO,,,
6003.333333333333,18010,nan,0.0,NO,,,
6003.333333333333,18010,nan,0.0,NO,,,
6003.333333333333,18010,nan,0.0,NO,,,
6006.666666666667,18020,nan,1.0,NO,,,
6006.666666666667,18020,nan,1.0,NO,,,
6006.666666666667,18020,nan,1.0,NO,,,
6006.666666666667,18020,nan,1.0,NO,,,
6006.666666666667,18020,nan,1.0,NO,,,
6006.666666666667,18020,nan,1.0,NO,,,
6006.666666666667,18020,nan,1.0,NO,,,
6006.666666666667,18020,nan,1.0,NO,,,
6006.666666666667,18020,nan,1.0,NO,,,
6006.666666666667,18020,nan,1.0,NO,,,
6010.0,18030,nan,0.0,NO,,,
6010.0,18030,nan,0.0,NO,,,
6010.0,18030,nan,0.0,NO,,,
6010.0,18030,nan,0.0,NO,,,
6010.0,18030,nan,0.0,NO,,,
6010.0,18030,nan,0.0,NO,,,
6010.0,18030,nan,0.0,NO,,,
6010.0,18030,nan,0.0,NO,,,
6010.0,18030,nan,0.0,NO,,,
6010.0,18030,nan,0.0,NO,,,
6013.333333333333,18040,nan,0.0,NO,,,
6013.333333333333,18040,nan,0.0,NO,,,
6013.333333333333,18040,nan,0.0,NO,,,
6013.333333333333,18040,nan,0.0,NO,,,
6013.333333333333,18040,nan,0.0,NO,,,
6013.333333333333,18040,nan,0.0,NO,,,
6013.333333333333,18040,nan,0.0,NO,,,
6013.333333333333,18040,nan,0.0,NO,,,
6013.333333333333,18040,nan,0.0,NO,,,
6013.333333333333,18040,nan,0.0,NO,,,
6016.666666666667,18050,nan,1.0,NO,,,
6016.666666666667,18050,nan,1.0,NO,,,
6016.666666666667,18050,nan,1.0,NO,,,
6016.666666666667,18050,nan,1.0,NO,,,
6016.666666666667,18050,nan,1.0,NO,,,
6016.666666666667,18050,nan,1.0,NO,,,
6016.666666666667,18050,nan,1.0,NO,,,
6016.666666666667,18050,nan,1.0,NO,,,
6016.666666666667,18050,nan,1.0,NO,,,
6016.666666666667,18050,nan,1.0,NO,,,
6020.0,18060,nan,0.0,NO,,,
6020.0,18060,nan,0.0,NO,,,
6020.0,18060,nan,0.0,NO,,,
6020.0,18060,nan,0.0,NO,,,
6020.0,18060,nan,0.0,NO,,,
6020.0,18060,nan,0.0,NO,,,
6020.0,18060,nan,0.0,NO,,,
6020.0,18060,nan,0.0,NO,,,
6020.0,18060,nan,0.0,NO,,,
6020.0,18060,nan,0.0,NO,,,
6023.333333333333,18070,nan,0.0,NO,,,
6023.333333333333,18070,nan,0.0,NO,,,
6023.333333333333,18070,nan,0.0,NO,,,
6023.333333333333,18070,nan,0.0,NO,,,
6023.333333333333,18070,nan,0.0,NO,,,
6023.333333333333,18070,nan,0.0,NO,,,
6023.333333333333,18070,nan,0.0,NO,,,
6023.333333333333,18070,nan,0.0,NO,,,
6023.333333333333,18070,nan,0.0,NO,,,
6023.333333333333,18070,nan,0.0,NO,,,
6026.666666666667,18080,nan,1.0,NO,,,
6026.666666666667,18080,nan,1.0,NO,,,
6026.666666666667,18080,nan,1.0,NO,,,
6026.666666666667,18080,nan,1.0,NO,,,
6026.666666666667,18080,nan,1.0,NO,,,
6026.666666666667,18080,nan,1.0,NO,,,
6026.666666666667,18080,nan,1.0,NO,,,
6026.666666666667,18080,nan,1.0,NO,,,
6026.666666666667,18080,nan,1.0,NO,,,
6026.666666666667,18080,nan,1.0,NO,,,
6030.0,18090,nan,0.0,NO,,,
6030.0,18090,nan,0.0,NO,,,
6030.0,18090,nan,0.0,NO,,,
6030.0,18090,nan,0.0,NO,,,
6030.0,18090,nan,0.0,NO,,,
6030.0,18090,nan,0.0,NO,,,
6030.0,18090,nan,0.0,NO,,,
6030.0,18090,nan,0.0,NO,,,
6030.0,18090,nan,0.0,NO,,,
6030.0,18090,nan,0.0,NO,,,
6033.333333333333,18100,nan,0.0,NO,,,
6033.333333333333,18100,nan,0.0,NO,,,
6033.333333333333,18100,nan,0.0,NO,,,
6033.333333333333,18100,nan,0.0,NO,,,
6033.333333333333,18100,nan,0.0,NO,,,
6033.333333333333,18100,nan,0.0,NO,,,
6033.333333333333,18100,nan,0.0,NO,,,
6033.333333333333,18100,nan,0.0,NO,,,
6033.333333333333,18100,nan,0.0,NO,,,
6033.333333333333,18100,nan,0.0,NO,,,
6036.666666666667,18110,nan,1.0,NO,,,
6036.666666666667,18110,nan,1.0,NO,,,
6036.666666666667,18110,nan,1.0,NO,,,
6036.666666666667,18110,nan,1.0,NO,,,
6036.666666666667,18110,nan,1.0,NO,,,
6036.666666666667,18110,nan,1.0,NO,,,
6036.666666666667,18110,nan,1.0,NO,,,
6036.666666666667,18110,nan,1.0,NO,,,
6036.666666666667,18110,nan,1.0,NO,,,
6036.666666666667,18110,nan,1.0,NO,,,
6040.0,18120,nan,0.0,NO,,,
6040.0,18120,nan,0.0,NO,,,
6040.0,18120,nan,0.0,NO,,,
6040.0,18120,nan,0.0,NO,,,
6040.0,18120,nan,0.0,NO,,,
6040.0,18120,nan,0.0,NO,,,
6040.0,18120,nan,0.0,NO,,,
6040.0,18120,nan,0.0,NO,,,
6040.0,18120,nan,0.0,NO,,,
6040.0,18120,nan,0.0,NO,,,
6043.333333333333,18130,nan,0.0,NO,,,
6043.333333333333,18130,nan,0.0,NO,,,
6043.333333333333,18130,nan,0.0,NO,,,
6043.333333333333,18130,nan,0.0,NO,,,
6043.333333333333,18130,nan,0.0,NO,,,
6043.333333333333,18130,nan,0.0,NO,,,
6043.333333333333,18130,nan,0.0,NO,,,
6043.333333333333,18130,nan,0.0,NO,,,
6043.333333333333,18130,nan,0.0,NO,,,
6043.333333333333,18130,nan,0.0,NO,,,
6046.666666666667,18140,nan,1.0,NO,,,
6046.666666666667,18140,nan,1.0,NO,,,
6046.666666666667,18140,nan,1.0,NO,,,
6046.666666666667,18140,nan,1.0,NO,,,
6046.666666666667,18140,nan,1.0,NO,,,
6046.666666666667,18140,nan,1.0,NO,,,
6046.666666666667,18140,nan,1.0,NO,,,
6046.666666666667,18140,nan,1.0,NO,,,
6046.666666666667,18140,nan,1.0,NO,,,
6046.666666666667,18140,nan,1.0,NO,,,
6050.0,18150,nan,0.0,NO,,,
6050.0,18150,nan,0.0,NO,,,
6050.0,18150,nan,0.0,NO,,,
6050.0,18150,nan,0.0,NO,,,
6050.0,18150,nan,0.0,NO,,,
6050.0,18150,nan,0.0,NO,,,
6050.0,18150,nan,0.0,NO,,,
6050.0,18150,nan,0.0,NO,,,
6050.0,18150,nan,0.0,NO,,,
6050.0,18150,nan,0.0,NO,,,
6053.333333333333,18160,nan,0.0,NO,,,
6053.333333333333,18160,nan,0.0,NO,,,
6053.333333333333,18160,nan,0.0,NO,,,
6053.333333333333,18160,nan,0.0,NO,,,
6053.333333333333,18160,nan,0.0,NO,,,
6053.333333333333,18160,nan,0.0,NO,,,
6053.333333333333,18160,nan,0.0,NO,,,
6053.333333333333,18160,nan,0.0,NO,,,
6053.333333333333,18160,nan,0.0,NO,,,
6053.333333333333,18160,nan,0.0,NO,,,
6056.666666666667,18170,nan,1.0,NO,,,
6056.666666666667,18170,nan,1.0,NO,,,
6056.666666666667,18170,nan,1.0,NO,,,
6056.666666666667,18170,nan,1.0,NO,,,
6056.666666666667,18170,nan,1.0,NO,,,
6056.666666666667,18170,nan,1.0,NO,,,
6056.666666666667,18170,nan,1.0,NO,,,
6056.666666666667,18170,nan,1.0,NO,,,
6056.666666666667,18170,nan,1.0,NO,,,
6056.666666666667,18170,nan,1.0,NO,,,
6060.0,18180,nan,0.0,NO,,,
6060.0,18180,nan,0.0,NO,,,
6060.0,18180,nan,0.0,NO,,,
6060.0,18180,nan,0.0,NO,,,
6060.0,18180,nan,0.0,NO,,,
6060.0,18180,nan,0.0,NO,,,
6060.0,18180,nan,0.0,NO,,,
6060.0,18180,nan,0.0,NO,,,
6060.0,18180,nan,0.0,NO,,,
6060.0,18180,nan,0.0,NO,,,
6063.333333333333,18190,nan,0.0,NO,,,
6063.333333333333,18190,nan,0.0,NO,,,
6063.333333333333,18190,nan,0.0,NO,,,
6063.333333333333,18190,nan,0.0,NO,,,
6063.333333333333,18190,nan,0.0,NO,,,
6063.333333333333,18190,nan,0.0,NO,,,
6063.333333333333,18190,nan,0.0,NO,,,
6063.333333333333,18190,nan,0.0,NO,,,
6063.333333333333,18190,nan,0.0,NO,,,
6063.333333333333,18190,nan,0.0,YES,nan,0.2,
6066.666666666667,18200,nan,1.0,NO,,,
6066.666666666667,18200,nan,1.0,NO,,,
6066.666666666667,18200,nan,1.0,NO,,,
6066.666666666667,18200,nan,1.0,NO,,,
6066.666666666667,18200,nan,1.0,NO,,,
6066.666666666667,18200,nan,1.0,NO,,,
6066.666666666667,18200,nan,1.0,NO,,,
6066.666666666667,18200,nan,1.0,NO,,,
6066.666666666667,18200,nan,1.0,NO,,,
6066.666666666667,18200,nan,1.0,NO,,,
6070.0,18210,nan,0.0,NO,,,
6070.0,18210,nan,0.0,NO,,,
6070.0,18210,nan,0.0,NO,,,
6070.0,18210,nan,0.0,NO,,,
6070.0,18210,nan,0.0,NO,,,
6070.0,18210,nan,0.0,NO,,,
6070.0,18210,nan,0.0,NO,,,
6070.0,18210,nan,0.0,NO,,,
6070.0,18210,nan,0.0,NO,,,
6070.0,18210,nan,0.0,NO,,,
6073.333333333333,18220,nan,0.0,NO,,,
6073.333333333333,18220,nan,0.0,NO,,,
6073.333333333333,18220,nan,0.0,NO,,,
6073.333333333333,18220,nan,0.0,NO,,,
6073.333333333333,18220,nan,0.0,NO,,,
6073.333333333333,18220,nan,0.0,NO,,,
6073.333333333333,18220,nan,0.0,NO,,,
6073.333333333333,18220,nan,0.0,NO,,,
6073.333333333333,18220,nan,0.0,NO,,,
6073.333333333333,18220,nan,0.0,NO,,,
6076.666666666667,18230,nan,1.0,NO,,,
6076.666666666667,18230,nan,1.0,NO,,,
6076.666666666667,18230,nan,1.0,NO,,,
6076.666666666667,18230,nan,1.0,NO,,,
6076.666666666667,18230,nan,1.0,NO,,,
6076.666666666667,18230,nan,1.0,NO,,,
6076.666666666667,18230,nan,1.0,NO,,,
6076.666666666667,18230,nan,1.0,NO,,,
6076.666666666667,18230,nan,1.0,NO,,,
6076.666666666667,18230,nan,1.0,NO,,,
6080.0,18240,nan,0.0,NO,,,
6080.0,18240,nan,0.0,NO,,,
6080.0,18240,nan,0.0,NO,,,
6080.0,18240,nan,0.0,NO,,,
6080.0,18240,nan,0.0,NO,,,
6080.0,18240,nan,0.0,NO,,,
6080.0,18240,nan,0.0,NO,,,
6080.0,18240,nan,0.0,NO,,,
6080.0,18240,nan,0.0,NO,,,
6080.0,18240,nan,0.0,NO,,,
6083.333333333333,18250,nan,0.0,NO,,,
6083.333333333333,18250,nan,0.0,NO,,,
6083.333333333333,18250,nan,0.0,NO,,,
6083.333333333333,18250,nan,0.0,NO,,,
6083.333333333333,18250,nan,0.0,NO,,,
6083.333333333333,18250,nan,0.0,NO,,,
6083.333333333333,18250,nan,0.0,NO,,,
6083.333333333333,18250,nan,0.0,NO,,,
6083.333333333333,18250,nan,0.0,NO,,,
6083.333333333333,18250,nan,0.0,NO,,,
6086.666666666667,18260,nan,1.0,NO,,,
6086.666666666667,18260,nan,1.0,NO,,,
6086.666666666667,18260,nan,1.0,NO,,,
6086.666666666667,18260,nan,1.0,NO,,,
6086.666666666667,18260,nan,1.0,NO,,,
6086.666666666667,18260,nan,1.0,NO,,,
6086.666666666667,18260,nan,1.0,NO,,,
6086.666666666667,18260,nan,1.0,NO,,,
6086.666666666667,18260,nan,1.0,NO,,,
6086.666666666667,18260,nan,1.0,NO,,,
6090.0,18270,nan,0.0,NO,,,
6090.0,18270,nan,0.0,NO,,,
6090.0,18270,nan,0.0,NO,,,
6090.0,18270,nan,0.0,NO,,,
6090.0,18270,nan,0.0,NO,,,
6090.0,18270,nan,0.0,NO,,,
6090.0,18270,nan,0.0,NO,,,
6090.0,18270,nan,0.0,NO,,,
6090.0,18270,nan,0.0,NO,,,
6090.0,18270,nan,0.0,NO,,,
6093.333333333333,18280,nan,0.0,NO,,,
6093.333333333333,18280,nan,0.0,NO,,,
6093.333333333333,18280,nan,0.0,NO,,,
6093.333333333333,18280,nan,0.0,NO,,,
6093.333333333333,18280,nan,0.0,NO,,,
6093.333333333333,18280,nan,0.0,NO,,,
6093.333333333333,18280,nan,0.0,NO,,,
6093.333333333333,18280,nan,0.0,NO,,,
6093.333333333333,18280,nan,0.0,NO,,,
6093.333333333333,18280,nan,0.0,NO,,,
6096.666666666667,18290,nan,1.0,NO,,,
6096.666666666667,18290,nan,1.0,NO,,,
6096.666666666667,18290,nan,1.0,NO,,,
6096.666666666667,18290,nan,1.0,NO,,,
6096.666666666667,18290,nan,1.0,NO,,,
6096.666666666667,18290,nan,1.0,NO,,,
6096.666666666667,18290,nan,1.0,NO,,,
6096.666666666667,18290,nan,1.0,NO,,,
6096.666666666667,18290,nan,1.0,NO,,,
6096.666666666667,18290,nan,1.0,NO,,,
6100.0,18300,nan,0.0,NO,,,
6100.0,18300,nan,0.0,NO,,,
6100.0,18300,nan,0.0,NO,,,
6100.0,18300,nan,0.0,NO,,,
6100.0,18300,nan,0.0,NO,,,
6100.0,18300,nan,0.0,NO,,,
6100.0,18300,nan,0.0,NO,,,
6100.0,18300,nan,0.0,NO,,,
6100.0,18300,nan,0.0,NO,,,
6100.0,18300,nan,0.0,NO,,,
6103.333333333333,18310,nan,0.0,NO,,,
6103.333333333333,18310,nan,0.0,NO,,,
6103.333333333333,18310,nan,0.0,NO,,,
6103.333333333333,18310,nan,0.0,NO,,,
6103.333333333333,18310,nan,0.0,NO,,,
6103.333333333333,18310,nan,0.0,NO,,,
6103.333333333333,18310,nan,0.0,NO,,,
6103.333333333333,18310,nan,0.0,NO,,,
6103.333333333333,18310,nan,0.0,NO,,,
6103.333333333333,18310,nan,0.0,NO,,,
6106.666666666667,18320,nan,1.0,NO,,,
6106.666666666667,18320,nan,1.0,NO,,,
6106.666666666667,18320,nan,1.0,NO,,,
6106.666666666667,18320,nan,1.0,NO,,,
6106.666666666667,18320,nan,1.0,NO,,,
6106.666666666667,18320,nan,1.0,NO,,,
6106.666666666667,18320,nan,1.0,NO,,,
6106.666666666667,18320,nan,1.0,NO,,,
6106.666666666667,18320,nan,1.0,NO,,,
6106.666666666667,18320,nan,1.0,NO,,,
6110.0,18330,nan,0.0,NO,,,
6110.0,18330,nan,0.0,NO,,,
6110.0,18330,nan,0.0,NO,,,
6110.0,18330,nan,0.0,NO,,,
6110.0,18330,nan,0.0,NO,,,
6110.0,18330,nan,0.0,NO,,,
6110.0,18330,nan,0.0,NO,,,
6110.0,18330,nan,0.0,NO,,,
6110.0,18330,nan,0.0,NO,,,
6110.0,18330,nan,0.0,NO,,,
6113.333333333333,18340,nan,0.0,NO,,,
6113.333333333333,18340,nan,0.0,NO,,,
6113.333333333333,18340,nan,0.0,NO,,,
6113.333333333333,18340,nan,0.0,NO,,,
6113.333333333333,18340,nan,0.0,NO,,,
6113.333333333333,18340,nan,0.0,NO,,,
6113.333333333333,18340,nan,0.0,NO,,,
6113.333333333333,18340,nan,0.0,NO,,,
6113.333333333333,18340,nan,0.0,NO,,,
6113.333333333333,18340,nan,0.0,NO,,,
6116.666666666667,18350,nan,1.0,NO,,,
6116.666666666667,18350,nan,1.0,NO,,,
6116.666666666667,18350,nan,1.0,NO,,,
6116.666666666667,18350,nan,1.0,NO,,,
6116.666666666667,18350,nan,1.0,NO,,,
6116.666666666667,18350,nan,1.0,NO,,,
6116.666666666667,18350,nan,1.0,NO,,,
6116.666666666667,18350,nan,1.0,NO,,,
6116.666666666667,18350,nan,1.0,NO,,,
6116.666666666667,18350,nan,1.0,NO,,,
6120.0,18360,nan,0.0,NO,,,
6120.0,18360,nan,0.0,NO,,,
6120.0,18360,nan,0.0,NO,,,
6120.0,18360,nan,0.0,NO,,,
6120.0,18360,nan,0.0,NO,,,
6120.0,18360,nan,0.0,NO,,,
6120.0,18360,nan,0.0,NO,,,
6120.0,18360,nan,0.0,NO,,,
6120.0,18360,nan,0.0,NO,,,
6120.0,18360,nan,0.0,NO,,,
6123.333333333333,18370,nan,0.0,NO,,,
6123.333333333333,18370,nan,0.0,NO,,,
6123.333333333333,18370,nan,0.0,NO,,,
6123.333333333333,18370,nan,0.0,NO,,,
6123.333333333333,18370,nan,0.0,NO,,,
6123.333333333333,18370,nan,0.0,NO,,,
6123.333333333333,18370,nan,0.0,NO,,,
6123.333333333333,18370,nan,0.0,NO,,,
6123.333333333333,18370,nan,0.0,NO,,,
6123.333333333333,18370,nan,0.0,NO,,,
6126.666666666667,18380,nan,1.0,NO,,,
6126.666666666667,18380,nan,1.0,NO,,,
6126.666666666667,18380,nan,1.0,NO,,,
6126.666666666667,18380,nan,1.0,NO,,,
6126.666666666667,18380,nan,1.0,NO,,,
6126.666666666667,18380,nan,1.0,NO,,,
6126.666666666667,18380,nan,1.0,NO,,,
6126.666666666667,18380,nan,1.0,NO,,,
6126.666666666667,18380,nan,1.0,NO,,,
6126.666666666667,18380,nan,1.0,NO,,,
6130.0,18390,nan,0.0,NO,,,
6130.0,18390,nan,0.0,NO,,,
6130.0,18390,nan,0.0,NO,,,
6130.0,18390,nan,0.0,NO,,,
6130.0,18390,nan,0.0,NO,,,
6130.0,18390,nan,0.0,NO,,,
6130.0,18390,nan,0.0,NO,,,
6130.0,18390,nan,0.0,NO,,,
6130.0,18390,nan,0.0,NO,,,
6130.0,18390,nan,0.0,YES,nan,0.2,
6133.333333333333,18400,nan,0.0,NO,,,
6133.333333333333,18400,nan,0.0,NO,,,
6133.333333333333,18400,nan,0.0,NO,,,
6133.333333333333,18400,nan,0.0,NO,,,
6133.333333333333,18400,nan,0.0,NO,,,
6133.333333333333,18400,nan,0.0,NO,,,
6133.333333333333,18400,nan,0.0,NO,,,
6133.333333333333,18400,nan,0.0,NO,,,
6133.333333333333,18400,nan,0.0,NO,,,
6133.333333333333,18400,nan,0.0,NO,,,
6136.666666666667,18410,nan,1.0,NO,,,
6136.666666666667,18410,nan,1.0,NO,,,
6136.666666666667,18410,nan,1.0,NO,,,
6136.666666666667,18410,nan,1.0,NO,,,
6136.666666666667,18410,nan,1.0,NO,,,
6136.666666666667,18410,nan,1.0,NO,,,
6136.666666666667,18410,nan,1.0,NO,,,
6136.666666666667,18410,nan,1.0,NO,,,
6136.666666666667,18410,nan,1.0,NO,,,
6136.666666666667,18410,nan,1.0,NO,,,
6140.0,18420,nan,0.0,NO,,,
6140.0,18420,nan,0.0,NO,,,
6140.0,18420,nan,0.0,NO,,,
6140.0,18420,nan,0.0,NO,,,
6140.0,18420,nan,0.0,NO,,,
6140.0,18420,nan,0.0,NO,,,
6140.0,18420,nan,0.0,NO,,,
6140.0,18420,nan,0.0,NO,,,
6140.0,18420,nan,0.0,NO,,,
6140.0,18420,nan,0.0,NO,,,
6143.333333333333,18430,nan,0.0,NO,,,
6143.333333333333,18430,nan,0.0,NO,,,
6143.333333333333,18430,nan,0.0,NO,,,
6143.333333333333,18430,nan,0.0,NO,,,
6143.333333333333,18430,nan,0.0,NO,,,
6143.333333333333,18430,nan,0.0,NO,,,
6143.333333333333,18430,nan,0.0,NO,,,
6143.333333333333,18430,nan,0.0,NO,,,
6143.333333333333,18430,nan,0.0,NO,,,
6143.333333333333,18430,nan,0.0,NO,,,
6146.666666666667,18440,nan,1.0,NO,,,
6146.666666666667,18440,nan,1.0,NO,,,
6146.666666666667,18440,nan,1.0,NO,,,
6146.666666666667,18440,nan,1.0,NO,,,
6146.666666666667,18440,nan,1.0,NO,,,
6146.666666666667,18440,nan,1.0,NO,,,
6146.666666666667,18440,nan,1.0,NO,,,
6146.666666666667,18440,nan,1.0,NO,,,
6146.666666666667,18440,nan,1.0,NO,,,
6146.666666666667,18440,nan,1.0,NO,,,
6150.0,18450,nan,0.0,NO,,,
6150.0,18450,nan,0.0,NO,,,
6150.0,18450,nan,0.0,NO,,,
6150.0,18450,nan,0.0,NO,,,
6150.0,18450,nan,0.0,NO,,,
6150.0,18450,nan,0.0,NO,,,
6150.0,18450,nan,0.0,NO,,,
6150.0,18450,nan,0.0,NO,,,
6150.0,18450,nan,0.0,NO,,,
6150.0,18450,nan,0.0,NO,,,
6153.333333333333,18460,nan,0.0,NO,,,
6153.333333333333,18460,nan,0.0,NO,,,
6153.333333333333,18460,nan,0.0,NO,,,
6153.333333333333,18460,nan,0.0,NO,,,
6153.333333333333,18460,nan,0.0,NO,,,
6153.333333333333,18460,nan,0.0,NO,,,
6153.333333333333,18460,nan,0.0,NO,,,
6153.333333333333,18460,nan,0.0,NO,,,
6153.333333333333,18460,nan,0.0,NO,,,
6153.333333333333,18460,nan,0.0,NO,,,
6156.666666666667,18470,nan,1.0,NO,,,
6156.666666666667,18470,nan,1.0,NO,,,
6156.666666666667,18470,nan,1.0,NO,,,
6156.666666666667,18470,nan,1.0,NO,,,
6156.666666666667,18470,nan,1.0,NO,,,
6156.666666666667,18470,nan,1.0,NO,,,
6156.666666666667,18470,nan,1.0,NO,,,
6156.666666666667,18470,nan,1.0,NO,,,
6156.666666666667,18470,nan,1.0,NO,,,
6156.666666666667,18470,nan,1.0,NO,,,
6160.0,18480,nan,0.0,NO,,,
6160.0,18480,nan,0.0,NO,,,
6160.0,18480,nan,0.0,NO,,,
6160.0,18480,nan,0.0,NO,,,
6160.0,18480,nan,0.0,NO,,,
6160.0,18480,nan,0.0,NO,,,
6160.0,18480,nan,0.0,NO,,,
6160.0,18480,nan,0.0,NO,,,
6160.0,18480,nan,0.0,NO,,,
6160.0,18480,nan,0.0,NO,,,
6163.333333333333,18490,nan,0.0,NO,,,
6163.333333333333,18490,nan,0.0,NO,,,
6163.333333333333,18490,nan,0.0,NO,,,
6163.333333333333,18490,nan,0.0,NO,,,
6163.333333333333,18490,nan,0.0,NO,,,
6163.333333333333,18490,nan,0.0,NO,,,
6163.333333333333,18490,nan,0.0,NO,,,
6163.333333333333,18490,nan,0.0,NO,,,
6163.333333333333,18490,nan,0.0,NO,,,
6163.333333333333,18490,nan,0.0,NO,,,
6166.666666666667,18500,nan,1.0,NO,,,
6166.666666666667,18500,nan,1.0,NO,,,
6166.666666666667,18500,nan,1.0,NO,,,
6166.666666666667,18500,nan,1.0,NO,,,
6166.666666666667,18500,nan,1.0,NO,,,
6166.666666666667,18500,nan,1.0,NO,,,
6166.666666666667,18500,nan,1.0,NO,,,
6166.666666666667,18500,nan,1.0,NO,,,
6166.666666666667,18500,nan,1.0,NO,,,
6166.666666666667,18500,nan,1.0,NO,,,
6170.0,18510,nan,0.0,NO,,,
6170.0,18510,nan,0.0,NO,,,
6170.0,18510,nan,0.0,NO,,,
6170.0,18510,nan,0.0,NO,,,
6170.0,18510,nan,0.0,NO,,,
6170.0,18510,nan,0.0,NO,,,
6170.0,18510,nan,0.0,NO,,,
6170.0,18510,nan,0.0,NO,,,
6170.0,18510,nan,0.0,NO,,,
6170.0,18510,nan,0.0,NO,,,
6173.333333333333,18520,nan,0.0,NO,,,
6173.333333333333,18520,nan,0.0,NO,,,
6173.333333333333,18520,nan,0.0,NO,,,
6173.333333333333,18520,nan,0.0,NO,,,
6173.333333333333,18520,nan,0.0,NO,,,
6173.333333333333,18520,nan,0.0,NO,,,
6173.333333333333,18520,nan,0.0,NO,,,
6173.333333333333,18520,nan,0.0,NO,,,
6173.333333333333,18520,nan,0.0,NO,,,
6173.333333333333,18520,nan,0.0,NO,,,
6176.666666666667,18530,nan,1.0,NO,,,
6176.666666666667,18530,nan,1.0,NO,,,
6176.666666666667,18530,nan,1.0,NO,,,
6176.666666666667,18530,nan,1.0,NO,,,
6176.666666666667,18530,nan,1.0,NO,,,
6176.666666666667,18530,nan,1.0,NO,,,
6176.666666666667,18530,nan,1.0,NO,,,
6176.666666666667,18530,nan,1.0,NO,,,
6176.666666666667,18530,nan,1.0,NO,,,
6176.666666666667,18530,nan,1.0,NO,,,
6180.0,18540,nan,0.0,NO,,,
6180.0,18540,nan,0.0,NO,,,
6180.0,18540,nan,0.0,NO,,,
6180.0,18540,nan,0.0,NO,,,
6180.0,18540,nan,0.0,NO,,,
6180.0,18540,nan,0.0,NO,,,
6180.0,18540,nan,0.0,NO,,,
6180.0,18540,nan,0.0,NO,,,
6180.0,18540,nan,0.0,NO,,,
6180.0,18540,nan,0.0,NO,,,
6183.333333333333,18550,nan,0.0,NO,,,
6183.333333333333,18550,nan,0.0,NO,,,
6183.333333333333,18550,nan,0.0,NO,,,
6183.333333333333,18550,nan,0.0,NO,,,
6183.333333333333,18550,nan,0.0,NO,,,
6183.333333333333,18550,nan,0.0,NO,,,
6183.333333333333,18550,nan,0.0,NO,,,
6183.333333333333,18550,nan,0.0,NO,,,
6183.333333333333,18550,nan,0.0,NO,,,
6183.333333333333,18550,nan,0.0,NO,,,
6186.666666666667,18560,nan,1.0,NO,,,
6186.666666666667,18560,nan,1.0,NO,,,
6186.666666666667,18560,nan,1.0,NO,,,
6186.666666666667,18560,nan,1.0,NO,,,
6186.666666666667,18560,nan,1.0,NO,,,
6186.666666666667,18560,nan,1.0,NO,,,
6186.666666666667,18560,nan,1.0,NO,,,
6186.666666666667,18560,nan,1.0,NO,,,
6186.666666666667,18560,nan,1.0,NO,,,
6186.666666666667,18560,nan,1.0,NO,,,
6190.0,18570,nan,0.0,NO,,,
6190.0,18570,nan,0.0,NO,,,
6190.0,18570,nan,0.0,NO,,,
6190.0,18570,nan,0.0,NO,,,
6190.0,18570,nan,0.0,NO,,,
6190.0,18570,nan,0.0,NO,,,
6190.0,18570,nan,0.0,NO,,,
6190.0,18570,nan,0.0,NO,,,
6190.0,18570,nan,0.0,NO,,,
6190.0,18570,nan,0.0,NO,,,
6193.333333333333,18580,nan,0.0,NO,,,
6193.333333333333,18580,nan,0.0,NO,,,
6193.333333333333,18580,nan,0.0,NO,,,
6193.333333333333,18580,nan,0.0,NO,,,
6193.333333333333,18580,nan,0.0,NO,,,
6193.333333333333,18580,nan,0.0,NO,,,
6193.333333333333,18580,nan,0.0,NO,,,
6193.333333333333,18580,nan,0.0,NO,,,
6193.333333333333,18580,nan,0.0,NO,,,
6193.333333333333,18580,nan,0.0,NO,,,
6196.666666666667,18590,nan,1.0,NO,,,
6196.666666666667,18590,nan,1.0,NO,,,
6196.666666666667,18590,nan,1.0,NO,,,
6196.666666666667,18590,nan,1.0,NO,,,
6196.666666666667,18590,nan,1.0,NO,,,
6196.666666666667,18590,nan,1.0,NO,,,
6196.666666666667,18590,nan,1.0,NO,,,
6196.666666666667,18590,nan,1.0,NO,,,
6196.666666666667,18590,nan,1.0,NO,,,
6196.666666666667,18590,nan,1.0,YES,nan,0.2,
6200.0,18600,nan,0.0,NO,,,
6200.0,18600,nan,0.0,NO,,,
6200.0,18600,nan,0.0,NO,,,
6200.0,18600,nan,0.0,NO,,,
6200.0,18600,nan,0.0,NO,,,
6200.0,18600,nan,0.0,NO,,,
6200.0,18600,nan,0.0,NO,,,
6200.0,18600,nan,0.0,NO,,,
6200.0,18600,nan,0.0,NO,,,
6200.0,18600,nan,0.0,NO,,,
6203.333333333333,18610,nan,0.0,NO,,,
6203.333333333333,18610,nan,0.0,NO,,,
6203.333333333333,18610,nan,0.0,NO,,,
6203.333333333333,18610,nan,0.0,NO,,,
6203.333333333333,18610,nan,0.0,NO,,,
6203.333333333333,18610,nan,0.0,NO,,,
6203.333333333333,18610,nan,0.0,NO,,,
6203.333333333333,18610,nan,0.0,NO,,,
6203.333333333333,18610,nan,0.0,NO,,,
6203.333333333333,18610,nan,0.0,NO,,,
6206.666666666667,18620,nan,1.0,NO,,,
6206.666666666667,18620,nan,1.0,NO,,,
6206.666666666667,18620,nan,1.0,NO,,,
6206.666666666667,18620,nan,1.0,NO,,,
6206.666666666667,18620,nan,1.0,NO,,,
6206.666666666667,18620,nan,1.0,NO,,,
6206.666666666667,18620,nan,1.0,NO,,,
6206.666666666667,18620,nan,1.0,NO,,,
6206.666666666667,18620,nan,1.0,NO,,,
6206.666666666667,18620,nan,1.0,NO,,,
6210.0,18630,nan,0.0,NO,,,
6210.0,18630,nan,0.0,NO,,,
6210.0,18630,nan,0.0,NO,,,
6210.0,18630,nan,0.0,NO,,,
6210.0,18630,nan,0.0,NO,,,
6210.0,18630,nan,0.0,NO,,,
6210.0,18630,nan,0.0,NO,,,
6210.0,18630,nan,0.0,NO,,,
6210.0,18630,nan,0.0,NO,,,
6210.0,18630,nan,0.0,NO,,,
6213.333333333333,18640,nan,0.0,NO,,,
6213.333333333333,18640,nan,0.0,NO,,,
6213.333333333333,18640,nan,0.0,NO,,,
6213.333333333333,18640,nan,0.0,NO,,,
6213.333333333333,18640,nan,0.0,NO,,,
6213.333333333333,18640,nan,0.0,NO,,,
6213.333333333333,18640,nan,0.0,NO,,,
6213.333333333333,18640,nan,0.0,NO,,,
6213.333333333333,18640,nan,0.0,NO,,,
6213.333333333333,18640,nan,0.0,NO,,,
6216.666666666667,18650,nan,1.0,NO,,,
6216.666666666667,18650,nan,1.0,NO,,,
6216.666666666667,18650,nan,1.0,NO,,,
6216.666666666667,18650,nan,1.0,NO,,,
6216.666666666667,18650,nan,1.0,NO,,,
6216.666666666667,18650,nan,1.0,NO,,,
6216.666666666667,18650,nan,1.0,NO,,,
6216.666666666667,18650,nan,1.0,NO,,,
6216.666666666667,18650,nan,1.0,NO,,,
6216.666666666667,18650,nan,1.0,NO,,,
6220.0,18660,nan,0.0,NO,,,
6220.0,18660,nan,0.0,NO,,,
6220.0,18660,nan,0.0,NO,,,
6220.0,18660,nan,0.0,NO,,,
6220.0,18660,nan,0.0,NO,,,
6220.0,18660,nan,0.0,NO,,,
6220.0,18660,nan,0.0,NO,,,
6220.0,18660,nan,0.0,NO,,,
6220.0,18660,nan,0.0,NO,,,
6220.0,18660,nan,0.0,NO,,,
6223.333333333333,18670,nan,0.0,NO,,,
6223.333333333333,18670,nan,0.0,NO,,,
6223.333333333333,18670,nan,0.0,NO,,,
6223.333333333333,18670,nan,0.0,NO,,,
6223.333333333333,18670,nan,0.0,NO,,,
6223.333333333333,18670,nan,0.0,NO,,,
6223.333333333333,18670,nan,0.0,NO,,,
6223.333333333333,18670,nan,0.0,NO,,,
6223.333333333333,18670,nan,0.0,NO,,,
6223.333333333333,18670,nan,0.0,NO,,,
6226.666666666667,18680,nan,1.0,NO,,,
6226.666666666667,18680,nan,1.0,NO,,,
6226.666666666667,18680,nan,1.0,NO,,,
6226.666666666667,18680,nan,1.0,NO,,,
6226.666666666667,18680,nan,1.0,NO,,,
6226.666666666667,18680,nan,1.0,NO,,,
6226.666666666667,18680,nan,1.0,NO,,,
6226.666666666667,18680,nan,1.0,NO,,,
6226.666666666667,18680,nan,1.0,NO,,,
6226.666666666667,18680,nan,1.0,NO,,,
6230.0,18690,nan,0.0,NO,,,
6230.0,18690,nan,0.0,NO,,,
6230.0,18690,nan,0.0,NO,,,
6230.0,18690,nan,0.0,NO,,,
6230.0,18690,nan,0.0,NO,,,
6230.0,18690,nan,0.0,NO,,,
6230.0,18690,nan,0.0,NO,,,
6230.0,18690,nan,0.0,NO,,,
6230.0,18690,nan,0.0,NO,,,
6230.0,18690,nan,0.0,NO,,,
6233.333333333333,18700,nan,0.0,NO,,,
6233.333333333333,18700,nan,0.0,NO,,,
6233.333333333333,18700,nan,0.0,NO,,,
6233.333333333333,18700,nan,0.0,NO,,,
6233.333333333333,18700,nan,0.0,NO,,,
6233.333333333333,18700,nan,0.0,NO,,,
6233.333333333333,18700,nan,0.0,NO,,,
6233.333333333333,18700,nan,0.0,NO,,,
6233.333333333333,18700,nan,0.0,NO,,,
6233.333333333333,18700,nan,0.0,NO,,,
6236.666666666667,18710,nan,1.0,NO,,,
6236.666666666667,18710,nan,1.0,NO,,,
6236.666666666667,18710,nan,1.0,NO,,,
6236.666666666667,18710,nan,1.0,NO,,,
6236.666666666667,18710,nan,1.0,NO,,,
6236.666666666667,18710,nan,1.0,NO,,,
6236.666666666667,18710,nan,1.0,NO,,,
6236.666666666667,18710,nan,1.0,NO,,,
6236.666666666667,18710,nan,1.0,NO,,,
6236.666666666667,18710,nan,1.0,NO,,,
6240.0,18720,nan,0.0,NO,,,
6240.0,18720,nan,0.0,NO,,,
6240.0,18720,nan,0.0,NO,,,
6240.0,18720,nan,0.0,NO,,,
6240.0,18720,nan,0.0,NO,,,
6240.0,18720,nan,0.0,NO,,,
6240.0,18720,nan,0.0,NO,,,
6240.0,18720,nan,0.0,NO,,,
6240.0,18720,nan,0.0,NO,,,
6240.0,18720,nan,0.0,NO,,,
6243.333333333333,18730,nan,0.0,NO,,,
6243.333333333333,18730,nan,0.0,NO,,,
6243.333333333333,18730,nan,0.0,NO,,,
6243.333333333333,18730,nan,0.0,NO,,,
6243.333333333333,18730,nan,0.0,NO,,,
6243.333333333333,18730,nan,0.0,NO,,,
6243.333333333333,18730,nan,0.0,NO,,,
6243.333333333333,18730,nan,0.0,NO,,,
6243.333333333333,18730,nan,0.0,NO,,,
6243.333333333333,18730,nan,0.0,NO,,,
6246.666666666667,18740,nan,1.0,NO,,,
6246.666666666667,18740,nan,1.0,NO,,,
6246.666666666667,18740,nan,1.0,NO,,,
6246.666666666667,18740,nan,1.0,NO,,,
6246.666666666667,18740,nan,1.0,NO,,,
6246.666666666667,18740,nan,1.0,NO,,,
6246.666666666667,18740,nan,1.0,NO,,,
6246.666666666667,18740,nan,1.0,NO,,,
6246.666666666667,18740,nan,1.0,NO,,,
6246.666666666667,18740,nan,1.0,NO,,,
6250.0,18750,nan,0.0,NO,,,
6250.0,18750,nan,0.0,NO,,,
6250.0,18750,nan,0.0,NO,,,
6250.0,18750,nan,0.0,NO,,,
6250.0,18750,nan,0.0,NO,,,
6250.0,18750,nan,0.0,NO,,,
6250.0,18750,nan,0.0,NO,,,
6250.0,18750,nan,0.0,NO,,,
6250.0,18750,nan,0.0,NO,,,
6250.0,18750,nan,0.0,NO,,,
6253.333333333333,18760,nan,0.0,NO,,,
6253.333333333333,18760,nan,0.0,NO,,,
6253.333333333333,18760,nan,0.0,NO,,,
6253.333333333333,18760,nan,0.0,NO,,,
6253.333333333333,18760,nan,0.0,NO,,,
6253.333333333333,18760,nan,0.0,NO,,,
6253.333333333333,18760,nan,0.0,NO,,,
6253.333333333333,18760,nan,0.0,NO,,,
6253.333333333333,18760,nan,0.0,NO,,,
6253.333333333333,18760,nan,0.0,NO,,,
6256.666666666667,18770,nan,1.0,NO,,,
6256.666666666667,18770,nan,1.0,NO,,,
6256.666666666667,18770,nan,1.0,NO,,,
6256.666666666667,18770,nan,1.0,NO,,,
6256.666666666667,18770,nan,1.0,NO,,,
6256.666666666667,18770,nan,1.0,NO,,,
6256.666666666667,18770,nan,1.0,NO,,,
6256.666666666667,18770,nan,1.0,NO,,,
6256.666666666667,18770,nan,1.0,NO,,,
6256.666666666667,18770,nan,1.0,NO,,,
6260.0,18780,nan,0.0,NO,,,
6260.0,18780,nan,0.0,NO,,,
6260.0,18780,nan,0.0,NO,,,
6260.0,18780,nan,0.0,NO,,,
6260.0,18780,nan,0.0,NO,,,
6260.0,18780,nan,0.0,NO,,,
6260.0,18780,nan,0.0,NO,,,
6260.0,18780,nan,0.0,NO,,,
6260.0,18780,nan,0.0,NO,,,
6260.0,18780,nan,0.0,NO,,,
6263.333333333333,18790,nan,0.0,NO,,,
6263.333333333333,18790,nan,0.0,NO,,,
6263.333333333333,18790,nan,0.0,NO,,,
6263.333333333333,18790,nan,0.0,NO,,,
6263.333333333333,18790,nan,0.0,NO,,,
6263.333333333333,18790,nan,0.0,NO,,,
6263.333333333333,18790,nan,0.0,NO,,,
6263.333333333333,18790,nan,0.0,NO,,,
6263.333333333333,18790,nan,0.0,NO,,,
6263.333333333333,18790,nan,0.0,YES,nan,0.2,
6266.666666666667,18800,nan,1.0,NO,,,
6266.666666666667,18800,nan,1.0,NO,,,
6266.666666666667,18800,nan,1.0,NO,,,
6266.666666666667,18800,nan,1.0,NO,,,
6266.666666666667,18800,nan,1.0,NO,,,
6266.666666666667,18800,nan,1.0,NO,,,
6266.666666666667,18800,nan,1.0,NO,,,
6266.666666666667,18800,nan,1.0,NO,,,
6266.666666666667,18800,nan,1.0,NO,,,
6266.666666666667,18800,nan,1.0,NO,,,
6270.0,18810,nan,0.0,NO,,,
6270.0,18810,nan,0.0,NO,,,
6270.0,18810,nan,0.0,NO,,,
6270.0,18810,nan,0.0,NO,,,
6270.0,18810,nan,0.0,NO,,,
6270.0,18810,nan,0.0,NO,,,
6270.0,18810,nan,0.0,NO,,,
6270.0,18810,nan,0.0,NO,,,
6270.0,18810,nan,0.0,NO,,,
6270.0,18810,nan,0.0,NO,,,
6273.333333333333,18820,nan,0.0,NO,,,
6273.333333333333,18820,nan,0.0,NO,,,
6273.333333333333,18820,nan,0.0,NO,,,
6273.333333333333,18820,nan,0.0,NO,,,
6273.333333333333,18820,nan,0.0,NO,,,
6273.333333333333,18820,nan,0.0,NO,,,
6273.333333333333,18820,nan,0.0,NO,,,
6273.333333333333,18820,nan,0.0,NO,,,
6273.333333333333,18820,nan,0.0,NO,,,
6273.333333333333,18820,nan,0.0,NO,,,
6276.666666666667,18830,nan,1.0,NO,,,
6276.666666666667,18830,nan,1.0,NO,,,
6276.666666666667,18830,nan,1.0,NO,,,
6276.666666666667,18830,nan,1.0,NO,,,
6276.666666666667,18830,nan,1.0,NO,,,
6276.666666666667,18830,nan,1.0,NO,,,
6276.666666666667,18830,nan,1.0,NO,,,
6276.666666666667,18830,nan,1.0,NO,,,
6276.666666666667,18830,nan,1.0,NO,,,
6276.666666666667,18830,nan,1.0,NO,,,
6280.0,18840,nan,0.0,NO,,,
6280.0,18840,nan,0.0,NO,,,
6280.0,18840,nan,0.0,NO,,,
6280.0,18840,nan,0.0,NO,,,
6280.0,18840,nan,0.0,NO,,,
6280.0,18840,nan,0.0,NO,,,
6280.0,18840,nan,0.0,NO,,,
6280.0,18840,nan,0.0,NO,,,
6280.0,18840,nan,0.0,NO,,,
6280.0,18840,nan,0.0,NO,,,
6283.333333333333,18850,nan,0.0,NO,,,
6283.333333333333,18850,nan,0.0,NO,,,
6283.333333333333,18850,nan,0.0,NO,,,
6283.333333333333,18850,nan,0.0,NO,,,
6283.333333333333,18850,nan,0.0,NO,,,
6283.333333333333,18850,nan,0.0,NO,,,
6283.333333333333,18850,nan,0.0,NO,,,
6283.333333333333,18850,nan,0.0,NO,,,
6283.333333333333,18850,nan,0.0,NO,,,
6283.333333333333,18850,nan,0.0,NO,,,
6286.666666666667,18860,nan,1.0,NO,,,
6286.666666666667,18860,nan,1.0,NO,,,
6286.666666666667,18860,nan,1.0,NO,,,
6286.666666666667,18860,nan,1.0,NO,,,
6286.666666666667,18860,nan,1.0,NO,,,
6286.666666666667,18860,nan,1.0,NO,,,
6286.666666666667,18860,nan,1.0,NO,,,
6286.666666666667,18860,nan,1.0,NO,,,
6286.666666666667,18860,nan,1.0,NO,,,
6286.666666666667,18860,nan,1.0,NO,,,
6290.0,18870,nan,0.0,NO,,,
6290.0,18870,nan,0.0,NO,,,
6290.0,18870,nan,0.0,NO,,,
6290.0,18870,nan,0.0,NO,,,
6290.0,18870,nan,0.0,NO,,,
6290.0,18870,nan,0.0,NO,,,
6290.0,18870,nan,0.0,NO,,,
6290.0,18870,nan,0.0,NO,,,
6290.0,18870,nan,0.0,NO,,,
6290.0,18870,nan,0.0,NO,,,
6293.333333333333,18880,nan,0.0,NO,,,
6293.333333333333,18880,nan,0.0,NO,,,
6293.333333333333,18880,nan,0.0,NO,,,
6293.333333333333,18880,nan,0.0,NO,,,
6293.333333333333,18880,nan,0.0,NO,,,
6293.333333333333,18880,nan,0.0,NO,,,
6293.333333333333,18880,nan,0.0,NO,,,
6293.333333333333,18880,nan,0.0,NO,,,
6293.333333333333,18880,nan,0.0,NO,,,
6293.333333333333,18880,nan,0.0,NO,,,
6296.666666666667,18890,nan,1.0,NO,,,
6296.666666666667,18890,nan,1.0,NO,,,
6296.666666666667,18890,nan,1.0,NO,,,
6296.666666666667,18890,nan,1.0,NO,,,
6296.666666666667,18890,nan,1.0,NO,,,
6296.666666666667,18890,nan,1.0,NO,,,
6296.666666666667,18890,nan,1.0,NO,,,
6296.666666666667,18890,nan,1.0,NO,,,
6296.666666666667,18890,nan,1.0,NO,,,
6296.666666666667,18890,nan,1.0,NO,,,
6300.0,18900,nan,0.0,NO,,,
6300.0,18900,nan,0.0,NO,,,
6300.0,18900,nan,0.0,NO,,,
6300.0,18900,nan,0.0,NO,,,
6300.0,18900,nan,0.0,NO,,,
6300.0,18900,nan,0.0,NO,,,
6300.0,18900,nan,0.0,NO,,,
6300.0,18900,nan,0.0,NO,,,
6300.0,18900,nan,0.0,NO,,,
6300.0,18900,nan,0.0,NO,,,
6303.333333333333,18910,nan,0.0,NO,,,
6303.333333333333,18910,nan,0.0,NO,,,
6303.333333333333,18910,nan,0.0,NO,,,
6303.333333333333,18910,nan,0.0,NO,,,
6303.333333333333,18910,nan,0.0,NO,,,
6303.333333333333,18910,nan,0.0,NO,,,
6303.333333333333,18910,nan,0.0,NO,,,
6303.333333333333,18910,nan,0.0,NO,,,
6303.333333333333,18910,nan,0.0,NO,,,
6303.333333333333,18910,nan,0.0,NO,,,
6306.666666666667,18920,nan,1.0,NO,,,
6306.666666666667,18920,nan,1.0,NO,,,
6306.666666666667,18920,nan,1.0,NO,,,
6306.666666666667,18920,nan,1.0,NO,,,
6306.666666666667,18920,nan,1.0,NO,,,
6306.666666666667,18920,nan,1.0,NO,,,
6306.666666666667,18920,nan,1.0,NO,,,
6306.666666666667,18920,nan,1.0,NO,,,
6306.666666666667,18920,nan,1.0,NO,,,
6306.666666666667,18920,nan,1.0,NO,,,
6310.0,18930,nan,0.0,NO,,,
6310.0,18930,nan,0.0,NO,,,
6310.0,18930,nan,0.0,NO,,,
6310.0,18930,nan,0.0,NO,,,
6310.0,18930,nan,0.0,NO,,,
6310.0,18930,nan,0.0,NO,,,
6310.0,18930,nan,0.0,NO,,,
6310.0,18930,nan,0.0,NO,,,
6310.0,18930,nan,0.0,NO,,,
6310.0,18930,nan,0.0,NO,,,
6313.333333333333,18940,nan,0.0,NO,,,
6313.333333333333,18940,nan,0.0,NO,,,
6313.333333333333,18940,nan,0.0,NO,,,
6313.333333333333,18940,nan,0.0,NO,,,
6313.333333333333,18940,nan,0.0,NO,,,
6313.333333333333,18940,nan,0.0,NO,,,
6313.333333333333,18940,nan,0.0,NO,,,
6313.333333333333,18940,nan,0.0,NO,,,
6313.333333333333,18940,nan,0.0,NO,,,
6313.333333333333,18940,nan,0.0,NO,,,
6316.666666666667,18950,nan,1.0,NO,,,
6316.666666666667,18950,nan,1.0,NO,,,
6316.666666666667,18950,nan,1.0,NO,,,
6316.666666666667,18950,nan,1.0,NO,,,
6316.666666666667,18950,nan,1.0,NO,,,
6316.666666666667,18950,nan,1.0,NO,,,
6316.666666666667,18950,nan,1.0,NO,,,
6316.666666666667,18950,nan,1.0,NO,,,
6316.666666666667,18950,nan,1.0,NO,,,
6316.666666666667,18950,nan,1.0,NO,,,
6320.0,18960,nan,0.0,NO,,,
6320.0,18960,nan,0.0,NO,,,
6320.0,18960,nan,0.0,NO,,,
6320.0,18960,nan,0.0,NO,,,
6320.0,18960,nan,0.0,NO,,,
6320.0,18960,nan,0.0,NO,,,
6320.0,18960,nan,0.0,NO,,,
6320.0,18960,nan,0.0,NO,,,
6320.0,18960,nan,0.0,NO,,,
6320.0,18960,nan,0.0,NO,,,
6323.333333333333,18970,nan,0.0,NO,,,
6323.333333333333,18970,nan,0.0,NO,,,
6323.333333333333,18970,nan,0.0,NO,,,
6323.333333333333,18970,nan,0.0,NO,,,
6323.333333333333,18970,nan,0.0,NO,,,
6323.333333333333,18970,nan,0.0,NO,,,
6323.333333333333,18970,nan,0.0,NO,,,
6323.333333333333,18970,nan,0.0,NO,,,
6323.333333333333,18970,nan,0.0,NO,,,
6323.333333333333,18970,nan,0.0,NO,,,
6326.666666666667,18980,nan,1.0,NO,,,
6326.666666666667,18980,nan,1.0,NO,,,
6326.666666666667,18980,nan,1.0,NO,,,
6326.666666666667,18980,nan,1.0,NO,,,
6326.666666666667,18980,nan,1.0,NO,,,
6326.666666666667,18980,nan,1.0,NO,,,
6326.666666666667,18980,nan,1.0,NO,,,
6326.666666666667,18980,nan,1.0,NO,,,
6326.666666666667,18980,nan,1.0,NO,,,
6326.666666666667,18980,nan,1.0,NO,,,
6330.0,18990,nan,0.0,NO,,,
6330.0,18990,nan,0.0,NO,,,
6330.0,18990,nan,0.0,NO,,,
6330.0,18990,nan,0.0,NO,,,
6330.0,18990,nan,0.0,NO,,,
6330.0,18990,nan,0.0,NO,,,
6330.0,18990,nan,0.0,NO,,,
6330.0,18990,nan,0.0,NO,,,
6330.0,18990,nan,0.0,NO,,,
6330.0,18990,nan,0.0,YES,nan,0.2,
6333.333333333333,19000,nan,0.0,NO,,,
6333.333333333333,19000,nan,0.0,NO,,,
6333.333333333333,19000,nan,0.0,NO,,,
6333.333333333333,19000,nan,0.0,NO,,,
6333.333333333333,19000,nan,0.0,NO,,,
6333.333333333333,19000,nan,0.0,NO,,,
6333.333333333333,19000,nan,0.0,NO,,,
6333.333333333333,19000,nan,0.0,NO,,,
6333.333333333333,19000,nan,0.0,NO,,,
6333.333333333333,19000,nan,0.0,NO,,,
6336.666666666667,19010,nan,1.0,NO,,,
6336.666666666667,19010,nan,1.0,NO,,,
6336.666666666667,19010,nan,1.0,NO,,,
6336.666666666667,19010,nan,1.0,NO,,,
6336.666666666667,19010,nan,1.0,NO,,,
6336.666666666667,19010,nan,1.0,NO,,,
6336.666666666667,19010,nan,1.0,NO,,,
6336.666666666667,19010,nan,1.0,NO,,,
6336.666666666667,19010,nan,1.0,NO,,,
6336.666666666667,19010,nan,1.0,NO,,,
6340.0,19020,nan,0.0,NO,,,
6340.0,19020,nan,0.0,NO,,,
6340.0,19020,nan,0.0,NO,,,
6340.0,19020,nan,0.0,NO,,,
6340.0,19020,nan,0.0,NO,,,
6340.0,19020,nan,0.0,NO,,,
6340.0,19020,nan,0.0,NO,,,
6340.0,19020,nan,0.0,NO,,,
6340.0,19020,nan,0.0,NO,,,
6340.0,19020,nan,0.0,NO,,,
6343.333333333333,19030,nan,0.0,NO,,,
6343.333333333333,19030,nan,0.0,NO,,,
6343.333333333333,19030,nan,0.0,NO,,,
6343.333333333333,19030,nan,0.0,NO,,,
6343.333333333333,19030,nan,0.0,NO,,,
6343.333333333333,19030,nan,0.0,NO,,,
6343.333333333333,19030,nan,0.0,NO,,,
6343.333333333333,19030,nan,0.0,NO,,,
6343.333333333333,19030,nan,0.0,NO,,,
6343.333333333333,19030,nan,0.0,NO,,,
6346.666666666667,19040,nan,1.0,NO,,,
6346.666666666667,19040,nan,1.0,NO,,,
6346.666666666667,19040,nan,1.0,NO,,,
6346.666666666667,19040,nan,1.0,NO,,,
6346.666666666667,19040,nan,1.0,NO,,,
6346.666666666667,19040,nan,1.0,NO,,,
6346.666666666667,19040,nan,1.0,NO,,,
6346.666666666667,19040,nan,1.0,NO,,,
6346.666666666667,19040,nan,1.0,NO,,,
6346.666666666667,19040,nan,1.0,NO,,,
6350.0,19050,nan,0.0,NO,,,
6350.0,19050,nan,0.0,NO,,,
6350.0,19050,nan,0.0,NO,,,
6350.0,19050,nan,0.0,NO,,,
6350.0,19050,nan,0.0,NO,,,
6350.0,19050,nan,0.0,NO,,,
6350.0,19050,nan,0.0,NO,,,
6350.0,19050,nan,0.0,NO,,,
6350.0,19050,nan,0.0,NO,,,
6350.0,19050,nan,0.0,NO,,,
6353.333333333333,19060,nan,0.0,NO,,,
6353.333333333333,19060,nan,0.0,NO,,,
6353.333333333333,19060,nan,0.0,NO,,,
6353.333333333333,19060,nan,0.0,NO,,,
6353.333333333333,19060,nan,0.0,NO,,,
6353.333333333333,19060,nan,0.0,NO,,,
6353.333333333333,19060,nan,0.0,NO,,,
6353.333333333333,19060,nan,0.0,NO,,,
6353.333333333333,19060,nan,0.0,NO,,,
6353.333333333333,19060,nan,0.0,NO,,,
6356.666666666667,19070,nan,1.0,NO,,,
6356.666666666667,19070,nan,1.0,NO,,,
6356.666666666667,19070,nan,1.0,NO,,,
6356.666666666667,19070,nan,1.0,NO,,,
6356.666666666667,19070,nan,1.0,NO,,,
6356.666666666667,19070,nan,1.0,NO,,,
6356.666666666667,19070,nan,1.0,NO,,,
6356.666666666667,19070,nan,1.0,NO,,,
6356.666666666667,19070,nan,1.0,NO,,,
6356.666666666667,19070,nan,1.0,NO,,,
6360.0,19080,nan,0.0,NO,,,
6360.0,19080,nan,0.0,NO,,,
6360.0,19080,nan,0.0,NO,,,
6360.0,19080,nan,0.0,NO,,,
6360.0,19080,nan,0.0,NO,,,
6360.0,19080,nan,0.0,NO,,,
6360.0,19080,nan,0.0,NO,,,
6360.0,19080,nan,0.0,NO,,,
6360.0,19080,nan,0.0,NO,,,
6360.0,19080,nan,0.0,NO,,,
6363.333333333333,19090,nan,0.0,NO,,,
6363.333333333333,19090,nan,0.0,NO,,,
6363.333333333333,19090,nan,0.0,NO,,,
6363.333333333333,19090,nan,0.0,NO,,,
6363.333333333333,19090,nan,0.0,NO,,,
6363.333333333333,19090,nan,0.0,NO,,,
6363.333333333333,19090,nan,0.0,NO,,,
6363.333333333333,19090,nan,0.0,NO,,,
6363.333333333333,19090,nan,0.0,NO,,,
6363.333333333333,19090,nan,0.0,NO,,,
6366.666666666667,19100,nan,1.0,NO,,,
6366.666666666667,19100,nan,1.0,NO,,,
6366.666666666667,19100,nan,1.0,NO,,,
6366.666666666667,19100,nan,1.0,NO,,,
6366.666666666667,19100,nan,1.0,NO,,,
6366.666666666667,19100,nan,1.0,NO,,,
6366.666666666667,19100,nan,1.0,NO,,,
6366.666666666667,19100,nan,1.0,NO,,,
6366.666666666667,19100,nan,1.0,NO,,,
6366.666666666667,19100,nan,1.0,NO,,,
6370.0,19110,nan,0.0,NO,,,
6370.0,19110,nan,0.0,NO,,,
6370.0,19110,nan,0.0,NO,,,
6370.0,19110,nan,0.0,NO,,,
6370.0,19110,nan,0.0,NO,,,
6370.0,19110,nan,0.0,NO,,,
6370.0,19110,nan,0.0,NO,,,
6370.0,19110,nan,0.0,NO,,,
6370.0,19110,nan,0.0,NO,,,
6370.0,19110,nan,0.0,NO,,,
6373.333333333333,19120,nan,0.0,NO,,,
6373.333333333333,19120,nan,0.0,NO,,,
6373.333333333333,19120,nan,0.0,NO,,,
6373.333333333333,19120,nan,0.0,NO,,,
6373.333333333333,19120,nan,0.0,NO,,,
6373.333333333333,19120,nan,0.0,NO,,,
6373.333333333333,19120,nan,0.0,NO,,,
6373.333333333333,19120,nan,0.0,NO,,,
6373.333333333333,19120,nan,0.0,NO,,,
6373.333333333333,19120,nan,0.0,NO,,,
6376.666666666667,19130,nan,1.0,NO,,,
6376.666666666667,19130,nan,1.0,NO,,,
6376.666666666667,19130,nan,1.0,NO,,,
6376.666666666667,19130,nan,1.0,NO,,,
6376.666666666667,19130,nan,1.0,NO,,,
6376.666666666667,19130,nan,1.0,NO,,,
6376.666666666667,19130,nan,1.0,NO,,,
6376.666666666667,19130,nan,1.0,NO,,,
6376.666666666667,19130,nan,1.0,NO,,,
6376.666666666667,19130,nan,1.0,NO,,,
6380.0,19140,nan,0.0,NO,,,
6380.0,19140,nan,0.0,NO,,,
6380.0,19140,nan,0.0,NO,,,
6380.0,19140,nan,0.0,NO,,,
6380.0,19140,nan,0.0,NO,,,
6380.0,19140,nan,0.0,NO,,,
6380.0,19140,nan,0.0,NO,,,
6380.0,19140,nan,0.0,NO,,,
6380.0,19140,nan,0.0,NO,,,
6380.0,19140,nan,0.0,NO,,,
6383.333333333333,19150,nan,0.0,NO,,,
6383.333333333333,19150,nan,0.0,NO,,,
6383.333333333333,19150,nan,0.0,NO,,,
6383.333333333333,19150,nan,0.0,NO,,,
6383.333333333333,19150,nan,0.0,NO,,,
6383.333333333333,19150,nan,0.0,NO,,,
6383.333333333333,19150,nan,0.0,NO,,,
6383.333333333333,19150,nan,0.0,NO,,,
6383.333333333333,19150,nan,0.0,NO,,,
6383.333333333333,19150,nan,0.0,NO,,,
6386.666666666667,19160,nan,1.0,NO,,,
6386.666666666667,19160,nan,1.0,NO,,,
6386.666666666667,19160,nan,1.0,NO,,,
6386.666666666667,19160,nan,1.0,NO,,,
6386.666666666667,19160,nan,1.0,NO,,,
6386.666666666667,19160,nan,1.0,NO,,,
6386.666666666667,19160,nan,1.0,NO,,,
6386.666666666667,19160,nan,1.0,NO,,,
6386.666666666667,19160,nan,1.0,NO,,,
6386.666666666667,19160,nan,1.0,NO,,,
6390.0,19170,nan,0.0,NO,,,
6390.0,19170,nan,0.0,NO,,,
6390.0,19170,nan,0.0,NO,,,
6390.0,19170,nan,0.0,NO,,,
6390.0,19170,nan,0.0,NO,,,
6390.0,19170,nan,0.0,NO,,,
6390.0,19170,nan,0.0,NO,,,
6390.0,19170,nan,0.0,NO,,,
6390.0,19170,nan,0.0,NO,,,
6390.0,19170,nan,0.0,NO,,,
6393.333333333333,19180,nan,0.0,NO,,,
6393.333333333333,19180,nan,0.0,NO,,,
6393.333333333333,19180,nan,0.0,NO,,,
6393.333333333333,19180,nan,0.0,NO,,,
6393.333333333333,19180,nan,0.0,NO,,,
6393.333333333333,19180,nan,0.0,NO,,,
6393.333333333333,19180,nan,0.0,NO,,,
6393.333333333333,19180,nan,0.0,NO,,,
6393.333333333333,19180,nan,0.0,NO,,,
6393.333333333333,19180,nan,0.0,NO,,,
6396.666666666667,19190,nan,1.0,NO,,,
6396.666666666667,19190,nan,1.0,NO,,,
6396.666666666667,19190,nan,1.0,NO,,,
6396.666666666667,19190,nan,1.0,NO,,,
6396.666666666667,19190,nan,1.0,NO,,,
6396.666666666667,19190,nan,1.0,NO,,,
6396.666666666667,19190,nan,1.0,NO,,,
6396.666666666667,19190,nan,1.0,NO,,,
6396.666666666667,19190,nan,1.0,NO,,,
6396.666666666667,19190,nan,1.0,YES,nan,0.2,
6400.0,19200,nan,0.0,NO,,,
6400.0,19200,nan,0.0,NO,,,
6400.0,19200,nan,0.0,NO,,,
6400.0,19200,nan,0.0,NO,,,
6400.0,19200,nan,0.0,NO,,,
6400.0,19200,nan,0.0,NO,,,
6400.0,19200,nan,0.0,NO,,,
6400.0,19200,nan,0.0,NO,,,
6400.0,19200,nan,0.0,NO,,,
6400.0,19200,nan,0.0,NO,,,
6403.333333333333,19210,nan,0.0,NO,,,
6403.333333333333,19210,nan,0.0,NO,,,
6403.333333333333,19210,nan,0.0,NO,,,
6403.333333333333,19210,nan,0.0,NO,,,
6403.333333333333,19210,nan,0.0,NO,,,
6403.333333333333,19210,nan,0.0,NO,,,
6403.333333333333,19210,nan,0.0,NO,,,
6403.333333333333,19210,nan,0.0,NO,,,
6403.333333333333,19210,nan,0.0,NO,,,
6403.333333333333,19210,nan,0.0,NO,,,
6406.666666666667,19220,nan,1.0,NO,,,
6406.666666666667,19220,nan,1.0,NO,,,
6406.666666666667,19220,nan,1.0,NO,,,
6406.666666666667,19220,nan,1.0,NO,,,
6406.666666666667,19220,nan,1.0,NO,,,
6406.666666666667,19220,nan,1.0,NO,,,
6406.666666666667,19220,nan,1.0,NO,,,
6406.666666666667,19220,nan,1.0,NO,,,
6406.666666666667,19220,nan,1.0,NO,,,
6406.666666666667,19220,nan,1.0,NO,,,
6410.0,19230,nan,0.0,NO,,,
6410.0,19230,nan,0.0,NO,,,
6410.0,19230,nan,0.0,NO,,,
6410.0,19230,nan,0.0,NO,,,
6410.0,19230,nan,0.0,NO,,,
6410.0,19230,nan,0.0,NO,,,
6410.0,19230,nan,0.0,NO,,,
6410.0,19230,nan,0.0,NO,,,
6410.0,19230,nan,0.0,NO,,,
6410.0,19230,nan,0.0,NO,,,
6413.333333333333,19240,nan,0.0,NO,,,
6413.333333333333,19240,nan,0.0,NO,,,
6413.333333333333,19240,nan,0.0,NO,,,
6413.333333333333,19240,nan,0.0,NO,,,
6413.333333333333,19240,nan,0.0,NO,,,
6413.333333333333,19240,nan,0.0,NO,,,
6413.333333333333,19240,nan,0.0,NO,,,
6413.333333333333,19240,nan,0.0,NO,,,
6413.333333333333,19240,nan,0.0,NO,,,
6413.333333333333,19240,nan,0.0,NO,,,
6416.666666666667,19250,nan,1.0,NO,,,
6416.666666666667,19250,nan,1.0,NO,,,
6416.666666666667,19250,nan,1.0,NO,,,
6416.666666666667,19250,nan,1.0,NO,,,
6416.666666666667,19250,nan,1.0,NO,,,
6416.666666666667,19250,nan,1.0,NO,,,
6416.666666666667,19250,nan,1.0,NO,,,
6416.666666666667,19250,nan,1.0,NO,,,
6416.666666666667,19250,nan,1.0,NO,,,
6416.666666666667,19250,nan,1.0,NO,,,
6420.0,19260,nan,0.0,NO,,,
6420.0,19260,nan,0.0,NO,,,
6420.0,19260,nan,0.0,NO,,,
6420.0,19260,nan,0.0,NO,,,
6420.0,19260,nan,0.0,NO,,,
6420.0,19260,nan,0.0,NO,,,
6420.0,19260,nan,0.0,NO,,,
6420.0,19260,nan,0.0,NO,,,
6420.0,19260,nan,0.0,NO,,,
6420.0,19260,nan,0.0,NO,,,
6423.333333333333,19270,nan,0.0,NO,,,
6423.333333333333,19270,nan,0.0,NO,,,
6423.333333333333,19270,nan,0.0,NO,,,
6423.333333333333,19270,nan,0.0,NO,,,
6423.333333333333,19270,nan,0.0,NO,,,
6423.333333333333,19270,nan,0.0,NO,,,
6423.333333333333,19270,nan,0.0,NO,,,
6423.333333333333,19270,nan,0.0,NO,,,
6423.333333333333,19270,nan,0.0,NO,,,
6423.333333333333,19270,nan,0.0,NO,,,
6426.666666666667,19280,nan,1.0,NO,,,
6426.666666666667,19280,nan,1.0,NO,,,
6426.666666666667,19280,nan,1.0,NO,,,
6426.666666666667,19280,nan,1.0,NO,,,
6426.666666666667,19280,nan,1.0,NO,,,
6426.666666666667,19280,nan,1.0,NO,,,
6426.666666666667,19280,nan,1.0,NO,,,
6426.666666666667,19280,nan,1.0,NO,,,
6426.666666666667,19280,nan,1.0,NO,,,
6426.666666666667,19280,nan,1.0,NO,,,
6430.0,19290,nan,0.0,NO,,,
6430.0,19290,nan,0.0,NO,,,
6430.0,19290,nan,0.0,NO,,,
6430.0,19290,nan,0.0,NO,,,
6430.0,19290,nan,0.0,NO,,,
6430.0,19290,nan,0.0,NO,,,
6430.0,19290,nan,0.0,NO,,,
6430.0,19290,nan,0.0,NO,,,
6430.0,19290,nan,0.0,NO,,,
6430.0,19290,nan,0.0,NO,,,
6433.333333333333,19300,nan,0.0,NO,,,
6433.333333333333,19300,nan,0.0,NO,,,
6433.333333333333,19300,nan,0.0,NO,,,
6433.333333333333,19300,nan,0.0,NO,,,
6433.333333333333,19300,nan,0.0,NO,,,
6433.333333333333,19300,nan,0.0,NO,,,
6433.333333333333,19300,nan,0.0,NO,,,
6433.333333333333,19300,nan,0.0,NO,,,
6433.333333333333,19300,nan,0.0,NO,,,
6433.333333333333,19300,nan,0.0,NO,,,
6436.666666666667,19310,nan,1.0,NO,,,
6436.666666666667,19310,nan,1.0,NO,,,
6436.666666666667,19310,nan,1.0,NO,,,
6436.666666666667,19310,nan,1.0,NO,,,
6436.666666666667,19310,nan,1.0,NO,,,
6436.666666666667,19310,nan,1.0,NO,,,
6436.666666666667,19310,nan,1.0,NO,,,
6436.666666666667,19310,nan,1.0,NO,,,
6436.666666666667,19310,nan,1.0,NO,,,
6436.666666666667,19310,nan,1.0,NO,,,
6440.0,19320,nan,0.0,NO,,,
6440.0,19320,nan,0.0,NO,,,
6440.0,19320,nan,0.0,NO,,,
6440.0,19320,nan,0.0,NO,,,
6440.0,19320,nan,0.0,NO,,,
6440.0,19320,nan,0.0,NO,,,
6440.0,19320,nan,0.0,NO,,,
6440.0,19320,nan,0.0,NO,,,
6440.0,19320,nan,0.0,NO,,,
6440.0,19320,nan,0.0,NO,,,
6443.333333333333,19330,nan,0.0,NO,,,
6443.333333333333,19330,nan,0.0,NO,,,
6443.333333333333,19330,nan,0.0,NO,,,
6443.333333333333,19330,nan,0.0,NO,,,
6443.333333333333,19330,nan,0.0,NO,,,
6443.333333333333,19330,nan,0.0,NO,,,
6443.333333333333,19330,nan,0.0,NO,,,
6443.333333333333,19330,nan,0.0,NO,,,
6443.333333333333,19330,nan,0.0,NO,,,
6443.333333333333,19330,nan,0.0,NO,,,
6446.666666666667,19340,nan,1.0,NO,,,
6446.666666666667,19340,nan,1.0,NO,,,
6446.666666666667,19340,nan,1.0,NO,,,
6446.666666666667,19340,nan,1.0,NO,,,
6446.666666666667,19340,nan,1.0,NO,,,
6446.666666666667,19340,nan,1.0,NO,,,
6446.666666666667,19340,nan,1.0,NO,,,
6446.666666666667,19340,nan,1.0,NO,,,
6446.666666666667,19340,nan,1.0,NO,,,
6446.666666666667,19340,nan,1.0,NO,,,
6450.0,19350,nan,0.0,NO,,,
6450.0,19350,nan,0.0,NO,,,
6450.0,19350,nan,0.0,NO,,,
6450.0,19350,nan,0.0,NO,,,
6450.0,19350,nan,0.0,NO,,,
6450.0,19350,nan,0.0,NO,,,
6450.0,19350,nan,0.0,NO,,,
6450.0,19350,nan,0.0,NO,,,
6450.0,19350,nan,0.0,NO,,,
6450.0,19350,nan,0.0,NO,,,
6453.333333333333,19360,nan,0.0,NO,,,
6453.333333333333,19360,nan,0.0,NO,,,
6453.333333333333,19360,nan,0.0,NO,,,
6453.333333333333,19360,nan,0.0,NO,,,
6453.333333333333,19360,nan,0.0,NO,,,
6453.333333333333,19360,nan,0.0,NO,,,
6453.333333333333,19360,nan,0.0,NO,,,
6453.333333333333,19360,nan,0.0,NO,,,
6453.333333333333,19360,nan,0.0,NO,,,
6453.333333333333,19360,nan,0.0,NO,,,
6456.666666666667,19370,nan,1.0,NO,,,
6456.666666666667,19370,nan,1.0,NO,,,
6456.666666666667,19370,nan,1.0,NO,,,
6456.666666666667,19370,nan,1.0,NO,,,
6456.666666666667,19370,nan,1.0,NO,,,
6456.666666666667,19370,nan,1.0,NO,,,
6456.666666666667,19370,nan,1.0,NO,,,
6456.666666666667,19370,nan,1.0,NO,,,
6456.666666666667,19370,nan,1.0,NO,,,
6456.666666666667,19370,nan,1.0,NO,,,
6460.0,19380,nan,0.0,NO,,,
6460.0,19380,nan,0.0,NO,,,
6460.0,19380,nan,0.0,NO,,,
6460.0,19380,nan,0.0,NO,,,
6460.0,19380,nan,0.0,NO,,,
6460.0,19380,nan,0.0,NO,,,
6460.0,19380,nan,0.0,NO,,,
6460.0,19380,nan,0.0,NO,,,
6460.0,19380,nan,0.0,NO,,,
6460.0,19380,nan,0.0,NO,,,
6463.333333333333,19390,nan,0.0,NO,,,
6463.333333333333,19390,nan,0.0,NO,,,
6463.333333333333,19390,nan,0.0,NO,,,
6463.333333333333,19390,nan,0.0,NO,,,
6463.333333333333,19390,nan,0.0,NO,,,
6463.333333333333,19390,nan,0.0,NO,,,
6463.333333333333,19390,nan,0.0,NO,,,
6463.333333333333,19390,nan,0.0,NO,,,
6463.333333333333,19390,nan,0.0,NO,,,
6463.333333333333,19390,nan,0.0,YES,nan,0.2,
6466.666666666667,19400,nan,1.0,NO,,,
6466.666666666667,19400,nan,1.0,NO,,,
6466.666666666667,19400,nan,1.0,NO,,,
6466.666666666667,19400,nan,1.0,NO,,,
6466.666666666667,19400,nan,1.0,NO,,,
6466.666666666667,19400,nan,1.0,NO,,,
6466.666666666667,19400,nan,1.0,NO,,,
6466.666666666667,19400,nan,1.0,NO,,,
6466.666666666667,19400,nan,1.0,NO,,,
6466.666666666667,19400,nan,1.0,NO,,,
6470.0,19410,nan,0.0,NO,,,
6470.0,19410,nan,0.0,NO,,,
6470.0,19410,nan,0.0,NO,,,
6470.0,19410,nan,0.0,NO,,,
6470.0,19410,nan,0.0,NO,,,
6470.0,19410,nan,0.0,NO,,,
6470.0,19410,nan,0.0,NO,,,
6470.0,19410,nan,0.0,NO,,,
6470.0,19410,nan,0.0,NO,,,
6470.0,19410,nan,0.0,NO,,,
6473.333333333333,19420,nan,0.0,NO,,,
6473.333333333333,19420,nan,0.0,NO,,,
6473.333333333333,19420,nan,0.0,NO,,,
6473.333333333333,19420,nan,0.0,NO,,,
6473.333333333333,19420,nan,0.0,NO,,,
6473.333333333333,19420,nan,0.0,NO,,,
6473.333333333333,19420,nan,0.0,NO,,,
6473.333333333333,19420,nan,0.0,NO,,,
6473.333333333333,19420,nan,0.0,NO,,,
6473.333333333333,19420,nan,0.0,NO,,,
6476.666666666667,19430,nan,1.0,NO,,,
6476.666666666667,19430,nan,1.0,NO,,,
6476.666666666667,19430,nan,1.0,NO,,,
6476.666666666667,19430,nan,1.0,NO,,,
6476.666666666667,19430,nan,1.0,NO,,,
6476.666666666667,19430,nan,1.0,NO,,,
6476.666666666667,19430,nan,1.0,NO,,,
6476.666666666667,19430,nan,1.0,NO,,,
6476.666666666667,19430,nan,1.0,NO,,,
6476.666666666667,19430,nan,1.0,NO,,,
6480.0,19440,nan,0.0,NO,,,
6480.0,19440,nan,0.0,NO,,,
6480.0,19440,nan,0.0,NO,,,
6480.0,19440,nan,0.0,NO,,,
6480.0,19440,nan,0.0,NO,,,
6480.0,19440,nan,0.0,NO,,,
6480.0,19440,nan,0.0,NO,,,
6480.0,19440,nan,0.0,NO,,,
6480.0,19440,nan,0.0,NO,,,
6480.0,19440,nan,0.0,NO,,,
6483.333333333333,19450,nan,0.0,NO,,,
6483.333333333333,19450,nan,0.0,NO,,,
6483.333333333333,19450,nan,0.0,NO,,,
6483.333333333333,19450,nan,0.0,NO,,,
6483.333333333333,19450,nan,0.0,NO,,,
6483.333333333333,19450,nan,0.0,NO,,,
6483.333333333333,19450,nan,0.0,NO,,,
6483.333333333333,19450,nan,0.0,NO,,,
6483.333333333333,19450,nan,0.0,NO,,,
6483.333333333333,19450,nan,0.0,NO,,,
6486.666666666667,19460,nan,1.0,NO,,,
6486.666666666667,19460,nan,1.0,NO,,,
6486.666666666667,19460,nan,1.0,NO,,,
6486.666666666667,19460,nan,1.0,NO,,,
6486.666666666667,19460,nan,1.0,NO,,,
6486.666666666667,19460,nan,1.0,NO,,,
6486.666666666667,19460,nan,1.0,NO,,,
6486.666666666667,19460,nan,1.0,NO,,,
6486.666666666667,19460,nan,1.0,NO,,,
6486.666666666667,19460,nan,1.0,NO,,,
6490.0,19470,nan,0.0,NO,,,
6490.0,19470,nan,0.0,NO,,,
6490.0,19470,nan,0.0,NO,,,
6490.0,19470,nan,0.0,NO,,,
6490.0,19470,nan,0.0,NO,,,
6490.0,19470,nan,0.0,NO,,,
6490.0,19470,nan,0.0,NO,,,
6490.0,19470,nan,0.0,NO,,,
6490.0,19470,nan,0.0,NO,,,
6490.0,19470,nan,0.0,NO,,,
6493.333333333333,19480,nan,0.0,NO,,,
6493.333333333333,19480,nan,0.0,NO,,,
6493.333333333333,19480,nan,0.0,NO,,,
6493.333333333333,19480,nan,0.0,NO,,,
6493.333333333333,19480,nan,0.0,NO,,,
6493.333333333333,19480,nan,0.0,NO,,,
6493.333333333333,19480,nan,0.0,NO,,,
6493.333333333333,19480,nan,0.0,NO,,,
6493.333333333333,19480,nan,0.0,NO,,,
6493.333333333333,19480,nan,0.0,NO,,,
6496.666666666667,19490,nan,1.0,NO,,,
6496.666666666667,19490,nan,1.0,NO,,,
6496.666666666667,19490,nan,1.0,NO,,,
6496.666666666667,19490,nan,1.0,NO,,,
6496.666666666667,19490,nan,1.0,NO,,,
6496.666666666667,19490,nan,1.0,NO,,,
6496.666666666667,19490,nan,1.0,NO,,,
6496.666666666667,19490,nan,1.0,NO,,,
6496.666666666667,19490,nan,1.0,NO,,,
6496.666666666667,19490,nan,1.0,NO,,,
6500.0,19500,nan,0.0,NO,,,
6500.0,19500,nan,0.0,NO,,,
6500.0,19500,nan,0.0,NO,,,
6500.0,19500,nan,0.0,NO,,,
6500.0,19500,nan,0.0,NO,,,
6500.0,19500,nan,0.0,NO,,,
6500.0,19500,nan,0.0,NO,,,
6500.0,19500,nan,0.0,NO,,,
6500.0,19500,nan,0.0,NO,,,
6500.0,19500,nan,0.0,NO,,,
6503.333333333333,19510,nan,0.0,NO,,,
6503.333333333333,19510,nan,0.0,NO,,,
6503.333333333333,19510,nan,0.0,NO,,,
6503.333333333333,19510,nan,0.0,NO,,,
6503.333333333333,19510,nan,0.0,NO,,,
6503.333333333333,19510,nan,0.0,NO,,,
6503.333333333333,19510,nan,0.0,NO,,,
6503.333333333333,19510,nan,0.0,NO,,,
6503.333333333333,19510,nan,0.0,NO,,,
6503.333333333333,19510,nan,0.0,NO,,,
6506.666666666667,19520,nan,1.0,NO,,,
6506.666666666667,19520,nan,1.0,NO,,,
6506.666666666667,19520,nan,1.0,NO,,,
6506.666666666667,19520,nan,1.0,NO,,,
6506.666666666667,19520,nan,1.0,NO,,,
6506.666666666667,19520,nan,1.0,NO,,,
6506.666666666667,19520,nan,1.0,NO,,,
6506.666666666667,19520,nan,1.0,NO,,,
6506.666666666667,19520,nan,1.0,NO,,,
6506.666666666667,19520,nan,1.0,NO,,,
6510.0,19530,nan,0.0,NO,,,
6510.0,19530,nan,0.0,NO,,,
6510.0,19530,nan,0.0,NO,,,
6510.0,19530,nan,0.0,NO,,,
6510.0,19530,nan,0.0,NO,,,
6510.0,19530,nan,0.0,NO,,,
6510.0,19530,nan,0.0,NO,,,
6510.0,19530,nan,0.0,NO,,,
6510.0,19530,nan,0.0,NO,,,
6510.0,19530,nan,0.0,NO,,,
6513.333333333333,19540,nan,0.0,NO,,,
6513.333333333333,19540,nan,0.0,NO,,,
6513.333333333333,19540,nan,0.0,NO,,,
6513.333333333333,19540,nan,0.0,NO,,,
6513.333333333333,19540,nan,0.0,NO,,,
6513.333333333333,19540,nan,0.0,NO,,,
6513.333333333333,19540,nan,0.0,NO,,,
6513.333333333333,19540,nan,0.0,NO,,,
6513.333333333333,19540,nan,0.0,NO,,,
6513.333333333333,19540,nan,0.0,NO,,,
6516.666666666667,19550,nan,1.0,NO,,,
6516.666666666667,19550,nan,1.0,NO,,,
6516.666666666667,19550,nan,1.0,NO,,,
6516.666666666667,19550,nan,1.0,NO,,,
6516.666666666667,19550,nan,1.0,NO,,,
6516.666666666667,19550,nan,1.0,NO,,,
6516.666666666667,19550,nan,1.0,NO,,,
6516.666666666667,19550,nan,1.0,NO,,,
6516.666666666667,19550,nan,1.0,NO,,,
6516.666666666667,19550,nan,1.0,NO,,,
6520.0,19560,nan,0.0,NO,,,
6520.0,19560,nan,0.0,NO,,,
6520.0,19560,nan,0.0,NO,,,
6520.0,19560,nan,0.0,NO,,,
6520.0,19560,nan,0.0,NO,,,
6520.0,19560,nan,0.0,NO,,,
6520.0,19560,nan,0.0,NO,,,
6520.0,19560,nan,0.0,NO,,,
6520.0,19560,nan,0.0,NO,,,
6520.0,19560,nan,0.0,NO,,,
6523.333333333333,19570,nan,0.0,NO,,,
6523.333333333333,19570,nan,0.0,NO,,,
6523.333333333333,19570,nan,0.0,NO,,,
6523.333333333333,19570,nan,0.0,NO,,,
6523.333333333333,19570,nan,0.0,NO,,,
6523.333333333333,19570,nan,0.0,NO,,,
6523.333333333333,19570,nan,0.0,NO,,,
6523.333333333333,19570,nan,0.0,NO,,,
6523.333333333333,19570,nan,0.0,NO,,,
6523.333333333333,19570,nan,0.0,NO,,,
6526.666666666667,19580,nan,1.0,NO,,,
6526.666666666667,19580,nan,1.0,NO,,,
6526.666666666667,19580,nan,1.0,NO,,,
6526.666666666667,19580,nan,1.0,NO,,,
6526.666666666667,19580,nan,1.0,NO,,,
6526.666666666667,19580,nan,1.0,NO,,,
6526.666666666667,19580,nan,1.0,NO,,,
6526.666666666667,19580,nan,1.0,NO,,,
6526.666666666667,19580,nan,1.0,NO,,,
6526.666666666667,19580,nan,1.0,NO,,,
6530.0,19590,nan,0.0,NO,,,
6530.0,19590,nan,0.0,NO,,,
6530.0,19590,nan,0.0,NO,,,
6530.0,19590,nan,0.0,NO,,,
6530.0,19590,nan,0.0,NO,,,
6530.0,19590,nan,0.0,NO,,,
6530.0,19590,nan,0.0,NO,,,
6530.0,19590,nan,0.0,NO,,,
6530.0,19590,nan,0.0,NO,,,
6530.0,19590,nan,0.0,YES,nan,0.2,
6533.333333333333,19600,nan,0.0,NO,,,
6533.333333333333,19600,nan,0.0,NO,,,
6533.333333333333,19600,nan,0.0,NO,,,
6533.333333333333,19600,nan,0.0,NO,,,
6533.333333333333,19600,nan,0.0,NO,,,
6533.333333333333,19600,nan,0.0,NO,,,
6533.333333333333,19600,nan,0.0,NO,,,
6533.333333333333,19600,nan,0.0,NO,,,
6533.333333333333,19600,nan,0.0,NO,,,
6533.333333333333,19600,nan,0.0,NO,,,
6536.666666666667,19610,nan,1.0,NO,,,
6536.666666666667,19610,nan,1.0,NO,,,
6536.666666666667,19610,nan,1.0,NO,,,
6536.666666666667,19610,nan,1.0,NO,,,
6536.666666666667,19610,nan,1.0,NO,,,
6536.666666666667,19610,nan,1.0,NO,,,
6536.666666666667,19610,nan,1.0,NO,,,
6536.666666666667,19610,nan,1.0,NO,,,
6536.666666666667,19610,nan,1.0,NO,,,
6536.666666666667,19610,nan,1.0,NO,,,
6540.0,19620,nan,0.0,NO,,,
6540.0,19620,nan,0.0,NO,,,
6540.0,19620,nan,0.0,NO,,,
6540.0,19620,nan,0.0,NO,,,
6540.0,19620,nan,0.0,NO,,,
6540.0,19620,nan,0.0,NO,,,
6540.0,19620,nan,0.0,NO,,,
6540.0,19620,nan,0.0,NO,,,
6540.0,19620,nan,0.0,NO,,,
6540.0,19620,nan,0.0,NO,,,
6543.333333333333,19630,nan,0.0,NO,,,
6543.333333333333,19630,nan,0.0,NO,,,
6543.333333333333,19630,nan,0.0,NO,,,
6543.333333333333,19630,nan,0.0,NO,,,
6543.333333333333,19630,nan,0.0,NO,,,
6543.333333333333,19630,nan,0.0,NO,,,
6543.333333333333,19630,nan,0.0,NO,,,
6543.333333333333,19630,nan,0.0,NO,,,
6543.333333333333,19630,nan,0.0,NO,,,
6543.333333333333,19630,nan,0.0,NO,,,
6546.666666666667,19640,nan,1.0,NO,,,
6546.666666666667,19640,nan,1.0,NO,,,
6546.666666666667,19640,nan,1.0,NO,,,
6546.666666666667,19640,nan,1.0,NO,,,
6546.666666666667,19640,nan,1.0,NO,,,
6546.666666666667,19640,nan,1.0,NO,,,
6546.666666666667,19640,nan,1.0,NO,,,
6546.666666666667,19640,nan,1.0,NO,,,
6546.666666666667,19640,nan,1.0,NO,,,
6546.666666666667,19640,nan,1.0,NO,,,
6550.0,19650,nan,0.0,NO,,,
6550.0,19650,nan,0.0,NO,,,
6550.0,19650,nan,0.0,NO,,,
6550.0,19650,nan,0.0,NO,,,
6550.0,19650,nan,0.0,NO,,,
6550.0,19650,nan,0.0,NO,,,
6550.0,19650,nan,0.0,NO,,,
6550.0,19650,nan,0.0,NO,,,
6550.0,19650,nan,0.0,NO,,,
6550.0,19650,nan,0.0,NO,,,
6553.333333333333,19660,nan,0.0,NO,,,
6553.333333333333,19660,nan,0.0,NO,,,
6553.333333333333,19660,nan,0.0,NO,,,
6553.333333333333,19660,nan,0.0,NO,,,
6553.333333333333,19660,nan,0.0,NO,,,
6553.333333333333,19660,nan,0.0,NO,,,
6553.333333333333,19660,nan,0.0,NO,,,
6553.333333333333,19660,nan,0.0,NO,,,
6553.333333333333,19660,nan,0.0,NO,,,
6553.333333333333,19660,nan,0.0,NO,,,
6556.666666666667,19670,nan,1.0,NO,,,
6556.666666666667,19670,nan,1.0,NO,,,
6556.666666666667,19670,nan,1.0,NO,,,
6556.666666666667,19670,nan,1.0,NO,,,
6556.666666666667,19670,nan,1.0,NO,,,
6556.666666666667,19670,nan,1.0,NO,,,
6556.666666666667,19670,nan,1.0,NO,,,
6556.666666666667,19670,nan,1.0,NO,,,
6556.666666666667,19670,nan,1.0,NO,,,
6556.666666666667,19670,nan,1.0,NO,,,
6560.0,19680,nan,0.0,NO,,,
6560.0,19680,nan,0.0,NO,,,
6560.0,19680,nan,0.0,NO,,,
6560.0,19680,nan,0.0,NO,,,
6560.0,19680,nan,0.0,NO,,,
6560.0,19680,nan,0.0,NO,,,
6560.0,19680,nan,0.0,NO,,,
6560.0,19680,nan,0.0,NO,,,
6560.0,19680,nan,0.0,NO,,,
6560.0,19680,nan,0.0,NO,,,
6563.333333333333,19690,nan,0.0,NO,,,
6563.333333333333,19690,nan,0.0,NO,,,
6563.333333333333,19690,nan,0.0,NO,,,
6563.333333333333,19690,nan,0.0,NO,,,
6563.333333333333,19690,nan,0.0,NO,,,
6563.333333333333,19690,nan,0.0,NO,,,
6563.333333333333,19690,nan,0.0,NO,,,
6563.333333333333,19690,nan,0.0,NO,,,
6563.333333333333,19690,nan,0.0,NO,,,
6563.333333333333,19690,nan,0.0,NO,,,
6566.666666666667,19700,nan,1.0,NO,,,
6566.666666666667,19700,nan,1.0,NO,,,
6566.666666666667,19700,nan,1.0,NO,,,
6566.666666666667,19700,nan,1.0,NO,,,
6566.666666666667,19700,nan,1.0,NO,,,
6566.666666666667,19700,nan,1.0,NO,,,
6566.666666666667,19700,nan,1.0,NO,,,
6566.666666666667,19700,nan,1.0,NO,,,
6566.666666666667,19700,nan,1.0,NO,,,
6566.666666666667,19700,nan,1.0,NO,,,
6570.0,19710,nan,0.0,NO,,,
6570.0,19710,nan,0.0,NO,,,
6570.0,19710,nan,0.0,NO,,,
6570.0,19710,nan,0.0,NO,,,
6570.0,19710,nan,0.0,NO,,,
6570.0,19710,nan,0.0,NO,,,
6570.0,19710,nan,0.0,NO,,,
6570.0,19710,nan,0.0,NO,,,
6570.0,19710,nan,0.0,NO,,,
6570.0,19710,nan,0.0,NO,,,
6573.333333333333,19720,nan,0.0,NO,,,
6573.333333333333,19720,nan,0.0,NO,,,
6573.333333333333,19720,nan,0.0,NO,,,
6573.333333333333,19720,nan,0.0,NO,,,
6573.333333333333,19720,nan,0.0,NO,,,
6573.333333333333,19720,nan,0.0,NO,,,
6573.333333333333,19720,nan,0.0,NO,,,
6573.333333333333,19720,nan,0.0,NO,,,
6573.333333333333,19720,nan,0.0,NO,,,
6573.333333333333,19720,nan,0.0,NO,,,
6576.666666666667,19730,nan,1.0,NO,,,
6576.666666666667,19730,nan,1.0,NO,,,
6576.666666666667,19730,nan,1.0,NO,,,
6576.666666666667,19730,nan,1.0,NO,,,
6576.666666666667,19730,nan,1.0,NO,,,
6576.666666666667,19730,nan,1.0,NO,,,
6576.666666666667,19730,nan,1.0,NO,,,
6576.666666666667,19730,nan,1.0,NO,,,
6576.666666666667,19730,nan,1.0,NO,,,
6576.666666666667,19730,nan,1.0,NO,,,
6580.0,19740,nan,0.0,NO,,,
6580.0,19740,nan,0.0,NO,,,
6580.0,19740,nan,0.0,NO,,,
6580.0,19740,nan,0.0,NO,,,
6580.0,19740,nan,0.0,NO,,,
6580.0,19740,nan,0.0,NO,,,
6580.0,19740,nan,0.0,NO,,,
6580.0,19740,nan,0.0,NO,,,
6580.0,19740,nan,0.0,NO,,,
6580.0,19740,nan,0.0,NO,,,
6583.333333333333,19750,nan,0.0,NO,,,
6583.333333333333,19750,nan,0.0,NO,,,
6583.333333333333,19750,nan,0.0,NO,,,
6583.333333333333,19750,nan,0.0,NO,,,
6583.333333333333,19750,nan,0.0,NO,,,
6583.333333333333,19750,nan,0.0,NO,,,
6583.333333333333,19750,nan,0.0,NO,,,
6583.333333333333,19750,nan,0.0,NO,,,
6583.333333333333,19750,nan,0.0,NO,,,
6583.333333333333,19750,nan,0.0,NO,,,
6586.666666666667,19760,nan,1.0,NO,,,
6586.666666666667,19760,nan,1.0,NO,,,
6586.666666666667,19760,nan,1.0,NO,,,
6586.666666666667,19760,nan,1.0,NO,,,
6586.666666666667,19760,nan,1.0,NO,,,
6586.666666666667,19760,nan,1.0,NO,,,
6586.666666666667,19760,nan,1.0,NO,,,
6586.666666666667,19760,nan,1.0,NO,,,
6586.666666666667,19760,nan,1.0,NO,,,
6586.666666666667,19760,nan,1.0,NO,,,
6590.0,19770,nan,0.0,NO,,,
6590.0,19770,nan,0.0,NO,,,
6590.0,19770,nan,0.0,NO,,,
6590.0,19770,nan,0.0,NO,,,
6590.0,19770,nan,0.0,NO,,,
6590.0,19770,nan,0.0,NO,,,
6590.0,19770,nan,0.0,NO,,,
6590.0,19770,nan,0.0,NO,,,
6590.0,19770,nan,0.0,NO,,,
6590.0,19770,nan,0.0,NO,,,
6593.333333333333,19780,nan,0.0,NO,,,
6593.333333333333,19780,nan,0.0,NO,,,
6593.333333333333,19780,nan,0.0,NO,,,
6593.333333333333,19780,nan,0.0,NO,,,
6593.333333333333,19780,nan,0.0,NO,,,
6593.333333333333,19780,nan,0.0,NO,,,
6593.333333333333,19780,nan,0.0,NO,,,
6593.333333333333,19780,nan,0.0,NO,,,
6593.333333333333,19780,nan,0.0,NO,,,
6593.333333333333,19780,nan,0.0,NO,,,
6596.666666666667,19790,nan,1.0,NO,,,
6596.666666666667,19790,nan,1.0,NO,,,
6596.666666666667,19790,nan,1.0,NO,,,
6596.666666666667,19790,nan,1.0,NO,,,
6596.666666666667,19790,nan,1.0,NO,,,
6596.666666666667,19790,nan,1.0,NO,,,
6596.666666666667,19790,nan,1.0,NO,,,
6596.666666666667,19790,nan,1.0,NO,,,
6596.666666666667,19790,nan,1.0,NO,,,
6596.666666666667,19790,nan,1.0,YES,nan,0.2,
6600.0,19800,nan,0.0,NO,,,
6600.0,19800,nan,0.0,NO,,,
6600.0,19800,nan,0.0,NO,,,
6600.0,19800,nan,0.0,NO,,,
6600.0,19800,nan,0.0,NO,,,
6600.0,19800,nan,0.0,NO,,,
6600.0,19800,nan,0.0,NO,,,
6600.0,19800,nan,0.0,NO,,,
6600.0,19800,nan,0.0,NO,,,
6600.0,19800,nan,0.0,NO,,,
6603.333333333333,19810,nan,0.0,NO,,,
6603.333333333333,19810,nan,0.0,NO,,,
6603.333333333333,19810,nan,0.0,NO,,,
6603.333333333333,19810,nan,0.0,NO,,,
6603.333333333333,19810,nan,0.0,NO,,,
6603.333333333333,19810,nan,0.0,NO,,,
6603.333333333333,19810,nan,0.0,NO,,,
6603.333333333333,19810,nan,0.0,NO,,,
6603.333333333333,19810,nan,0.0,NO,,,
6603.333333333333,19810,nan,0.0,NO,,,
6606.666666666667,19820,nan,1.0,NO,,,
6606.666666666667,19820,nan,1.0,NO,,,
6606.666666666667,19820,nan,1.0,NO,,,
6606.666666666667,19820,nan,1.0,NO,,,
6606.666666666667,19820,nan,1.0,NO,,,
6606.666666666667,19820,nan,1.0,NO,,,
6606.666666666667,19820,nan,1.0,NO,,,
6606.666666666667,19820,nan,1.0,NO,,,
6606.666666666667,19820,nan,1.0,NO,,,
6606.666666666667,19820,nan,1.0,NO,,,
6610.0,19830,nan,0.0,NO,,,
6610.0,19830,nan,0.0,NO,,,
6610.0,19830,nan,0.0,NO,,,
6610.0,19830,nan,0.0,NO,,,
6610.0,19830,nan,0.0,NO,,,
6610.0,19830,nan,0.0,NO,,,
6610.0,19830,nan,0.0,NO,,,
6610.0,19830,nan,0.0,NO,,,
6610.0,19830,nan,0.0,NO,,,
6610.0,19830,nan,0.0,NO,,,
6613.333333333333,19840,nan,0.0,NO,,,
6613.333333333333,19840,nan,0.0,NO,,,
6613.333333333333,19840,nan,0.0,NO,,,
6613.333333333333,19840,nan,0.0,NO,,,
6613.333333333333,19840,nan,0.0,NO,,,
6613.333333333333,19840,nan,0.0,NO,,,
6613.333333333333,19840,nan,0.0,NO,,,
6613.333333333333,19840,nan,0.0,NO,,,
6613.333333333333,19840,nan,0.0,NO,,,
6613.333333333333,19840,nan,0.0,NO,,,
6616.666666666667,19850,nan,1.0,NO,,,
6616.666666666667,19850,nan,1.0,NO,,,
6616.666666666667,19850,nan,1.0,NO,,,
6616.666666666667,19850,nan,1.0,NO,,,
6616.666666666667,19850,nan,1.0,NO,,,
6616.666666666667,19850,nan,1.0,NO,,,
6616.666666666667,19850,nan,1.0,NO,,,
6616.666666666667,19850,nan,1.0,NO,,,
6616.666666666667,19850,nan,1.0,NO,,,
6616.666666666667,19850,nan,1.0,NO,,,
6620.0,19860,nan,0.0,NO,,,
6620.0,19860,nan,0.0,NO,,,
6620.0,19860,nan,0.0,NO,,,
6620.0,19860,nan,0.0,NO,,,
6620.0,19860,nan,0.0,NO,,,
6620.0,19860,nan,0.0,NO,,,
6620.0,19860,nan,0.0,NO,,,
6620.0,19860,nan,0.0,NO,,,
6620.0,19860,nan,0.0,NO,,,
6620.0,19860,nan,0.0,NO,,,
6623.333333333333,19870,nan,0.0,NO,,,
6623.333333333333,19870,nan,0.0,NO,,,
6623.333333333333,19870,nan,0.0,NO,,,
6623.333333333333,19870,nan,0.0,NO,,,
6623.333333333333,19870,nan,0.0,NO,,,
6623.333333333333,19870,nan,0.0,NO,,,
6623.333333333333,19870,nan,0.0,NO,,,
6623.333333333333,19870,nan,0.0,NO,,,
6623.333333333333,19870,nan,0.0,NO,,,
6623.333333333333,19870,nan,0.0,NO,,,
6626.666666666667,19880,nan,1.0,NO,,,
6626.666666666667,19880,nan,1.0,NO,,,
6626.666666666667,19880,nan,1.0,NO,,,
6626.666666666667,19880,nan,1.0,NO,,,
6626.666666666667,19880,nan,1.0,NO,,,
6626.666666666667,19880,nan,1.0,NO,,,
6626.666666666667,19880,nan,1.0,NO,,,
6626.666666666667,19880,nan,1.0,NO,,,
6626.666666666667,19880,nan,1.0,NO,,,
6626.666666666667,19880,nan,1.0,NO,,,
6630.0,19890,nan,0.0,NO,,,
6630.0,19890,nan,0.0,NO,,,
6630.0,19890,nan,0.0,NO,,,
6630.0,19890,nan,0.0,NO,,,
6630.0,19890,nan,0.0,NO,,,
6630.0,19890,nan,0.0,NO,,,
6630.0,19890,nan,0.0,NO,,,
6630.0,19890,nan,0.0,NO,,,
6630.0,19890,nan,0.0,NO,,,
6630.0,19890,nan,0.0,NO,,,
6633.333333333333,19900,nan,0.0,NO,,,
6633.333333333333,19900,nan,0.0,NO,,,
6633.333333333333,19900,nan,0.0,NO,,,
6633.333333333333,19900,nan,0.0,NO,,,
6633.333333333333,19900,nan,0.0,NO,,,
6633.333333333333,19900,nan,0.0,NO,,,
6633.333333333333,19900,nan,0.0,NO,,,
6633.333333333333,19900,nan,0.0,NO,,,
6633.333333333333,19900,nan,0.0,NO,,,
6633.333333333333,19900,nan,0.0,NO,,,
6636.666666666667,19910,nan,1.0,NO,,,
6636.666666666667,19910,nan,1.0,NO,,,
6636.666666666667,19910,nan,1.0,NO,,,
6636.666666666667,19910,nan,1.0,NO,,,
6636.666666666667,19910,nan,1.0,NO,,,
6636.666666666667,19910,nan,1.0,NO,,,
6636.666666666667,19910,nan,1.0,NO,,,
6636.666666666667,19910,nan,1.0,NO,,,
6636.666666666667,19910,nan,1.0,NO,,,
6636.666666666667,19910,nan,1.0,NO,,,
6640.0,19920,nan,0.0,NO,,,
6640.0,19920,nan,0.0,NO,,,
6640.0,19920,nan,0.0,NO,,,
6640.0,19920,nan,0.0,NO,,,
6640.0,19920,nan,0.0,NO,,,
6640.0,19920,nan,0.0,NO,,,
6640.0,19920,nan,0.0,NO,,,
6640.0,19920,nan,0.0,NO,,,
6640.0,19920,nan,0.0,NO,,,
6640.0,19920,nan,0.0,NO,,,
6643.333333333333,19930,nan,0.0,NO,,,
6643.333333333333,19930,nan,0.0,NO,,,
6643.333333333333,19930,nan,0.0,NO,,,
6643.333333333333,19930,nan,0.0,NO,,,
6643.333333333333,19930,nan,0.0,NO,,,
6643.333333333333,19930,nan,0.0,NO,,,
6643.333333333333,19930,nan,0.0,NO,,,
6643.333333333333,19930,nan,0.0,NO,,,
6643.333333333333,19930,nan,0.0,NO,,,
6643.333333333333,19930,nan,0.0,NO,,,
6646.666666666667,19940,nan,1.0,NO,,,
6646.666666666667,19940,nan,1.0,NO,,,
6646.666666666667,19940,nan,1.0,NO,,,
6646.666666666667,19940,nan,1.0,NO,,,
6646.666666666667,19940,nan,1.0,NO,,,
6646.666666666667,19940,nan,1.0,NO,,,
6646.666666666667,19940,nan,1.0,NO,,,
6646.666666666667,19940,nan,1.0,NO,,,
6646.666666666667,19940,nan,1.0,NO,,,
6646.666666666667,19940,nan,1.0,NO,,,
6650.0,19950,nan,0.0,NO,,,
6650.0,19950,nan,0.0,NO,,,
6650.0,19950,nan,0.0,NO,,,
6650.0,19950,nan,0.0,NO,,,
6650.0,19950,nan,0.0,NO,,,
6650.0,19950,nan,0.0,NO,,,
6650.0,19950,nan,0.0,NO,,,
6650.0,19950,nan,0.0,NO,,,
6650.0,19950,nan,0.0,NO,,,
6650.0,19950,nan,0.0,NO,,,
6653.333333333333,19960,nan,0.0,NO,,,
6653.333333333333,19960,nan,0.0,NO,,,
6653.333333333333,19960,nan,0.0,NO,,,
6653.333333333333,19960,nan,0.0,NO,,,
6653.333333333333,19960,nan,0.0,NO,,,
6653.333333333333,19960,nan,0.0,NO,,,
6653.333333333333,19960,nan,0.0,NO,,,
6653.333333333333,19960,nan,0.0,NO,,,
6653.333333333333,19960,nan,0.0,NO,,,
6653.333333333333,19960,nan,0.0,NO,,,
6656.666666666667,19970,nan,1.0,NO,,,
6656.666666666667,19970,nan,1.0,NO,,,
6656.666666666667,19970,nan,1.0,NO,,,
6656.666666666667,19970,nan,1.0,NO,,,
6656.666666666667,19970,nan,1.0,NO,,,
6656.666666666667,19970,nan,1.0,NO,,,
6656.666666666667,19970,nan,1.0,NO,,,
6656.666666666667,19970,nan,1.0,NO,,,
6656.666666666667,19970,nan,1.0,NO,,,
6656.666666666667,19970,nan,1.0,NO,,,
6660.0,19980,nan,0.0,NO,,,
6660.0,19980,nan,0.0,NO,,,
6660.0,19980,nan,0.0,NO,,,
6660.0,19980,nan,0.0,NO,,,
6660.0,19980,nan,0.0,NO,,,
6660.0,19980,nan,0.0,NO,,,
6660.0,19980,nan,0.0,NO,,,
6660.0,19980,nan,0.0,NO,,,
6660.0,19980,nan,0.0,NO,,,
6660.0,19980,nan,0.0,NO,,,
6663.333333333333,19990,nan,0.0,NO,,,
6663.333333333333,19990,nan,0.0,NO,,,
6663.333333333333,19990,nan,0.0,NO,,,
6663.333333333333,19990,nan,0.0,NO,,,
6663.333333333333,19990,nan,0.0,NO,,,
6663.333333333333,19990,nan,0.0,NO,,,
6663.333333333333,19990,nan,0.0,NO,,,
6663.333333333333,19990,nan,0.0,NO,,,
6663.333333333333,19990,nan,0.0,NO,,,
6663.333333333333,19990,nan,0.0,YES,nan,0.2,
