model,task,precision,perturbation_mode,h,nMSE_loss,corr_loss,normalized_curve,source_path,metric_type,A_uniform,p_active,V_align,V_norm,relative_disp,locality_proxy
roberta-large,sst-5,int4,dense,1e-08,,,,interval_aware_h_probe/loss_mse_probe.csv,,,,,,,
roberta-large,sst-5,int4,dense,3e-08,,,,interval_aware_h_probe/loss_mse_probe.csv,,,,,,,
roberta-large,sst-5,int4,dense,1e-07,,,,interval_aware_h_probe/loss_mse_probe.csv,,,,,,,
roberta-large,sst-5,int4,dense,3e-07,,,,interval_aware_h_probe/loss_mse_probe.csv,,,,,,,
roberta-large,sst-5,int4,dense,1e-06,,,,interval_aware_h_probe/loss_mse_probe.csv,,,,,,,
roberta-large,sst-5,int4,dense,3e-06,,,,interval_aware_h_probe/loss_mse_probe.csv,,,,,,,
roberta-large,sst-5,int4,dense,1e-05,,,,interval_aware_h_probe/loss_mse_probe.csv,,,,,,,
roberta-large,sst-5,int4,dense,3e-05,,,,interval_aware_h_probe/loss_mse_probe.csv,,,,,,,
roberta-large,sst-5,int4,dense,0.0001,,,,interval_aware_h_probe/loss_mse_probe.csv,,,,,,,
roberta-large,sst-5,int4,dense,0.0003,,,,interval_aware_h_probe/loss_mse_probe.csv,,,,,,,
roberta-large,sst-5,int4,dense,0.001,,,,interval_aware_h_probe/loss_mse_probe.csv,,,,,,,
roberta-large,sst-5,int4,dense,0.003,,,,interval_aware_h_probe/loss_mse_probe.csv,,,,,,,
roberta-large,sst-5,int4,dense,0.01,,,,interval_aware_h_probe/loss_mse_probe.csv,,,,,,,
roberta-large,sst-5,int4,dense,0.03,,,,interval_aware_h_probe/loss_mse_probe.csv,,,,,,,
roberta-large,sst-5,int4,dense,0.1,,,,interval_aware_h_probe/loss_mse_probe.csv,,,,,,,
roberta-large,sst-5,int4,sparse_p0p1,1e-08,,,,interval_aware_h_probe/loss_mse_probe.csv,,,,,,,
roberta-large,sst-5,int4,sparse_p0p1,3e-08,,,,interval_aware_h_probe/loss_mse_probe.csv,,,,,,,
roberta-large,sst-5,int4,sparse_p0p1,1e-07,,,,interval_aware_h_probe/loss_mse_probe.csv,,,,,,,
roberta-large,sst-5,int4,sparse_p0p1,3e-07,,,,interval_aware_h_probe/loss_mse_probe.csv,,,,,,,
roberta-large,sst-5,int4,sparse_p0p1,1e-06,,,,interval_aware_h_probe/loss_mse_probe.csv,,,,,,,
roberta-large,sst-5,int4,sparse_p0p1,3e-06,,,,interval_aware_h_probe/loss_mse_probe.csv,,,,,,,
roberta-large,sst-5,int4,sparse_p0p1,1e-05,,,,interval_aware_h_probe/loss_mse_probe.csv,,,,,,,
roberta-large,sst-5,int4,sparse_p0p1,3e-05,,,,interval_aware_h_probe/loss_mse_probe.csv,,,,,,,
roberta-large,sst-5,int4,sparse_p0p1,0.0001,,,,interval_aware_h_probe/loss_mse_probe.csv,,,,,,,
roberta-large,sst-5,int4,sparse_p0p1,0.0003,,,,interval_aware_h_probe/loss_mse_probe.csv,,,,,,,
roberta-large,sst-5,int4,sparse_p0p1,0.001,,,,interval_aware_h_probe/loss_mse_probe.csv,,,,,,,
roberta-large,sst-5,int4,sparse_p0p1,0.003,,,,interval_aware_h_probe/loss_mse_probe.csv,,,,,,,
roberta-large,sst-5,int4,sparse_p0p1,0.01,,,,interval_aware_h_probe/loss_mse_probe.csv,,,,,,,
roberta-large,sst-5,int4,sparse_p0p1,0.03,,,,interval_aware_h_probe/loss_mse_probe.csv,,,,,,,
roberta-large,sst-5,int4,sparse_p0p1,0.1,,,,interval_aware_h_probe/loss_mse_probe.csv,,,,,,,
roberta-large,sst-5,int8,dense,1e-08,,,,interval_aware_h_probe/loss_mse_probe.csv,,,,,,,
roberta-large,sst-5,int8,dense,3e-08,,,,interval_aware_h_probe/loss_mse_probe.csv,,,,,,,
roberta-large,sst-5,int8,dense,1e-07,,,,interval_aware_h_probe/loss_mse_probe.csv,,,,,,,
roberta-large,sst-5,int8,dense,3e-07,,,,interval_aware_h_probe/loss_mse_probe.csv,,,,,,,
roberta-large,sst-5,int8,dense,1e-06,,,,interval_aware_h_probe/loss_mse_probe.csv,,,,,,,
roberta-large,sst-5,int8,dense,3e-06,,,,interval_aware_h_probe/loss_mse_probe.csv,,,,,,,
roberta-large,sst-5,int8,dense,1e-05,,,,interval_aware_h_probe/loss_mse_probe.csv,,,,,,,
roberta-large,sst-5,int8,dense,3e-05,,,,interval_aware_h_probe/loss_mse_probe.csv,,,,,,,
roberta-large,sst-5,int8,dense,0.0001,,,,interval_aware_h_probe/loss_mse_probe.csv,,,,,,,
roberta-large,sst-5,int8,dense,0.0003,,,,interval_aware_h_probe/loss_mse_probe.csv,,,,,,,
roberta-large,sst-5,int8,dense,0.001,,,,interval_aware_h_probe/loss_mse_probe.csv,,,,,,,
roberta-large,sst-5,int8,dense,0.003,,,,interval_aware_h_probe/loss_mse_probe.csv,,,,,,,
roberta-large,sst-5,int8,dense,0.01,,,,interval_aware_h_probe/loss_mse_probe.csv,,,,,,,
roberta-large,sst-5,int8,dense,0.03,,,,interval_aware_h_probe/loss_mse_probe.csv,,,,,,,
roberta-large,sst-5,int8,dense,0.1,,,,interval_aware_h_probe/loss_mse_probe.csv,,,,,,,
roberta-large,sst-5,int8,sparse_p0p1,1e-08,,,,interval_aware_h_probe/loss_mse_probe.csv,,,,,,,
roberta-large,sst-5,int8,sparse_p0p1,3e-08,,,,interval_aware_h_probe/loss_mse_probe.csv,,,,,,,
roberta-large,sst-5,int8,sparse_p0p1,1e-07,,,,interval_aware_h_probe/loss_mse_probe.csv,,,,,,,
roberta-large,sst-5,int8,sparse_p0p1,3e-07,,,,interval_aware_h_probe/loss_mse_probe.csv,,,,,,,
roberta-large,sst-5,int8,sparse_p0p1,1e-06,,,,interval_aware_h_probe/loss_mse_probe.csv,,,,,,,
roberta-large,sst-5,int8,sparse_p0p1,3e-06,,,,interval_aware_h_probe/loss_mse_probe.csv,,,,,,,
roberta-large,sst-5,int8,sparse_p0p1,1e-05,,,,interval_aware_h_probe/loss_mse_probe.csv,,,,,,,
roberta-large,sst-5,int8,sparse_p0p1,3e-05,,,,interval_aware_h_probe/loss_mse_probe.csv,,,,,,,
roberta-large,sst-5,int8,sparse_p0p1,0.0001,,,,interval_aware_h_probe/loss_mse_probe.csv,,,,,,,
roberta-large,sst-5,int8,sparse_p0p1,0.0003,,,,interval_aware_h_probe/loss_mse_probe.csv,,,,,,,
roberta-large,sst-5,int8,sparse_p0p1,0.001,,,,interval_aware_h_probe/loss_mse_probe.csv,,,,,,,
roberta-large,sst-5,int8,sparse_p0p1,0.003,,,,interval_aware_h_probe/loss_mse_probe.csv,,,,,,,
roberta-large,sst-5,int8,sparse_p0p1,0.01,,,,interval_aware_h_probe/loss_mse_probe.csv,,,,,,,
roberta-large,sst-5,int8,sparse_p0p1,0.03,,,,interval_aware_h_probe/loss_mse_probe.csv,,,,,,,
roberta-large,sst-5,int8,sparse_p0p1,0.1,,,,interval_aware_h_probe/loss_mse_probe.csv,,,,,,,
roberta-large,sst-5,int8,dense,1e-05,18.152915362541084,0.1893296392459962,,interval_h_selection_8h_bundle/loss_mse_all.csv,,,,,,,
roberta-large,sst-5,int8,dense,3e-05,16.543768060501403,0.3477849884349784,,interval_h_selection_8h_bundle/loss_mse_all.csv,,,,,,,
roberta-large,sst-5,int8,dense,0.0001,2.5336192422767785,0.6221396810027171,,interval_h_selection_8h_bundle/loss_mse_all.csv,,,,,,,
roberta-large,sst-5,int8,dense,0.0003,0.2569452116146749,0.9032791046462032,,interval_h_selection_8h_bundle/loss_mse_all.csv,,,,,,,
roberta-large,sst-5,int8,dense,0.001,0.0640383636430435,0.9685803178599124,,interval_h_selection_8h_bundle/loss_mse_all.csv,,,,,,,
roberta-large,sst-5,int8,dense,0.0015,0.0184069803733316,0.991070451685224,,interval_h_selection_8h_bundle/loss_mse_all.csv,,,,,,,
roberta-large,sst-5,int8,dense,0.002,0.0264212641548415,0.9846273389973168,,interval_h_selection_8h_bundle/loss_mse_all.csv,,,,,,,
roberta-large,sst-5,int8,dense,0.003,0.0633373361912936,0.9744932132615268,,interval_h_selection_8h_bundle/loss_mse_all.csv,,,,,,,
roberta-large,sst-5,int8,dense,0.004,0.1724000355830656,0.9142740305235336,,interval_h_selection_8h_bundle/loss_mse_all.csv,,,,,,,
roberta-large,sst-5,int8,dense,0.005,0.1542996353397276,0.9300371940393972,,interval_h_selection_8h_bundle/loss_mse_all.csv,,,,,,,
roberta-large,sst-5,int8,dense,0.01,0.7802650417920037,0.501629734167058,,interval_h_selection_8h_bundle/loss_mse_all.csv,,,,,,,
roberta-large,sst-5,int8,dense,1e-05,19.202016544974025,0.2592423777215794,,interval_h_selection_8h_bundle/loss_mse_all.csv,,,,,,,
roberta-large,sst-5,int8,dense,3e-05,8.500613795059513,0.2032201024135893,,interval_h_selection_8h_bundle/loss_mse_all.csv,,,,,,,
roberta-large,sst-5,int8,dense,0.0001,2.46448613041656,0.3914157296246289,,interval_h_selection_8h_bundle/loss_mse_all.csv,,,,,,,
roberta-large,sst-5,int8,dense,0.0003,0.3682914010309363,0.8697254845913671,,interval_h_selection_8h_bundle/loss_mse_all.csv,,,,,,,
roberta-large,sst-5,int8,dense,0.001,0.0703117243363364,0.962616237924466,,interval_h_selection_8h_bundle/loss_mse_all.csv,,,,,,,
roberta-large,sst-5,int8,dense,0.0015,0.0439265945047522,0.9795321114087242,,interval_h_selection_8h_bundle/loss_mse_all.csv,,,,,,,
roberta-large,sst-5,int8,dense,0.002,0.0471957966853454,0.976980489411132,,interval_h_selection_8h_bundle/loss_mse_all.csv,,,,,,,
roberta-large,sst-5,int8,dense,0.003,0.1027349221881664,0.95069129940935,,interval_h_selection_8h_bundle/loss_mse_all.csv,,,,,,,
roberta-large,sst-5,int8,dense,0.004,0.1343685516541705,0.9315921042624492,,interval_h_selection_8h_bundle/loss_mse_all.csv,,,,,,,
roberta-large,sst-5,int8,dense,0.005,0.5569638394930074,0.6738123393211353,,interval_h_selection_8h_bundle/loss_mse_all.csv,,,,,,,
roberta-large,sst-5,int8,dense,0.01,0.9584742072595624,0.3318822384020425,,interval_h_selection_8h_bundle/loss_mse_all.csv,,,,,,,
roberta-large,sst-5,int4,dense,1e-05,520.6148408606313,-0.3174248255279775,,interval_h_selection_8h_bundle/loss_mse_all.csv,,,,,,,
roberta-large,sst-5,int4,dense,3e-05,131.6099831233774,0.0437620853215876,,interval_h_selection_8h_bundle/loss_mse_all.csv,,,,,,,
roberta-large,sst-5,int4,dense,0.0001,152.00736243338048,-0.1904546729816665,,interval_h_selection_8h_bundle/loss_mse_all.csv,,,,,,,
roberta-large,sst-5,int4,dense,0.0003,7.878052618273031,0.1990490637486484,,interval_h_selection_8h_bundle/loss_mse_all.csv,,,,,,,
roberta-large,sst-5,int4,dense,0.001,5.71634754735968,0.3975037669969221,,interval_h_selection_8h_bundle/loss_mse_all.csv,,,,,,,
roberta-large,sst-5,int4,dense,0.0015,1.854662029725723,0.364601671925615,,interval_h_selection_8h_bundle/loss_mse_all.csv,,,,,,,
roberta-large,sst-5,int4,dense,0.002,0.5421256760967027,0.8274394211254475,,interval_h_selection_8h_bundle/loss_mse_all.csv,,,,,,,
roberta-large,sst-5,int4,dense,0.003,0.7942113862009239,0.6225660652153692,,interval_h_selection_8h_bundle/loss_mse_all.csv,,,,,,,
roberta-large,sst-5,int4,dense,0.004,0.5531507315920412,0.7293692668156866,,interval_h_selection_8h_bundle/loss_mse_all.csv,,,,,,,
roberta-large,sst-5,int4,dense,0.005,0.7080436334674773,0.5912501752502053,,interval_h_selection_8h_bundle/loss_mse_all.csv,,,,,,,
roberta-large,sst-5,int4,dense,0.01,0.8575605885759294,0.3845377139574787,,interval_h_selection_8h_bundle/loss_mse_all.csv,,,,,,,
roberta-large,sst-5,int4,dense,1e-05,266.33595542647646,-0.4121933848361984,,interval_h_selection_8h_bundle/loss_mse_all.csv,,,,,,,
roberta-large,sst-5,int4,dense,3e-05,24.9102149926038,0.3632759527030356,,interval_h_selection_8h_bundle/loss_mse_all.csv,,,,,,,
roberta-large,sst-5,int4,dense,0.0001,53.480188677137306,0.4579312819127764,,interval_h_selection_8h_bundle/loss_mse_all.csv,,,,,,,
roberta-large,sst-5,int4,dense,0.0003,9.12030077608508,-0.3669299988601145,,interval_h_selection_8h_bundle/loss_mse_all.csv,,,,,,,
roberta-large,sst-5,int4,dense,0.001,1.6573141860878755,0.6156667893561594,,interval_h_selection_8h_bundle/loss_mse_all.csv,,,,,,,
roberta-large,sst-5,int4,dense,0.0015,1.7479782438668303,-0.2984557242601773,,interval_h_selection_8h_bundle/loss_mse_all.csv,,,,,,,
roberta-large,sst-5,int4,dense,0.002,0.7528432285249941,0.525474235395163,,interval_h_selection_8h_bundle/loss_mse_all.csv,,,,,,,
roberta-large,sst-5,int4,dense,0.003,0.695355156337712,0.6427715113619198,,interval_h_selection_8h_bundle/loss_mse_all.csv,,,,,,,
roberta-large,sst-5,int4,dense,0.004,0.5312928749762986,0.768773693575919,,interval_h_selection_8h_bundle/loss_mse_all.csv,,,,,,,
roberta-large,sst-5,int4,dense,0.005,0.6627581136064538,0.7306335220375679,,interval_h_selection_8h_bundle/loss_mse_all.csv,,,,,,,
roberta-large,sst-5,int4,dense,0.01,0.9128632092126668,0.2285708281674947,,interval_h_selection_8h_bundle/loss_mse_all.csv,,,,,,,
roberta-large,sst-5,int4,dense,1e-08,,,,interval_aware_h_probe/loss_mse_probe.csv,loss_or_fd,,,,,,
roberta-large,sst-5,int4,dense,3e-08,,,,interval_aware_h_probe/loss_mse_probe.csv,loss_or_fd,,,,,,
roberta-large,sst-5,int4,dense,1e-07,,,,interval_aware_h_probe/loss_mse_probe.csv,loss_or_fd,,,,,,
roberta-large,sst-5,int4,dense,3e-07,,,,interval_aware_h_probe/loss_mse_probe.csv,loss_or_fd,,,,,,
roberta-large,sst-5,int4,dense,1e-06,,,,interval_aware_h_probe/loss_mse_probe.csv,loss_or_fd,,,,,,
roberta-large,sst-5,int4,dense,3e-06,,,,interval_aware_h_probe/loss_mse_probe.csv,loss_or_fd,,,,,,
roberta-large,sst-5,int4,dense,1e-05,,,,interval_aware_h_probe/loss_mse_probe.csv,loss_or_fd,,,,,,
roberta-large,sst-5,int4,dense,3e-05,,,,interval_aware_h_probe/loss_mse_probe.csv,loss_or_fd,,,,,,
roberta-large,sst-5,int4,dense,0.0001,,,,interval_aware_h_probe/loss_mse_probe.csv,loss_or_fd,,,,,,
roberta-large,sst-5,int4,dense,0.0003,,,,interval_aware_h_probe/loss_mse_probe.csv,loss_or_fd,,,,,,
roberta-large,sst-5,int4,dense,0.001,,,,interval_aware_h_probe/loss_mse_probe.csv,loss_or_fd,,,,,,
roberta-large,sst-5,int4,dense,0.003,,,,interval_aware_h_probe/loss_mse_probe.csv,loss_or_fd,,,,,,
roberta-large,sst-5,int4,dense,0.01,,,,interval_aware_h_probe/loss_mse_probe.csv,loss_or_fd,,,,,,
roberta-large,sst-5,int4,dense,0.03,,,,interval_aware_h_probe/loss_mse_probe.csv,loss_or_fd,,,,,,
roberta-large,sst-5,int4,dense,0.1,,,,interval_aware_h_probe/loss_mse_probe.csv,loss_or_fd,,,,,,
roberta-large,sst-5,int4,sparse_p0p1,1e-08,,,,interval_aware_h_probe/loss_mse_probe.csv,loss_or_fd,,,,,,
roberta-large,sst-5,int4,sparse_p0p1,3e-08,,,,interval_aware_h_probe/loss_mse_probe.csv,loss_or_fd,,,,,,
roberta-large,sst-5,int4,sparse_p0p1,1e-07,,,,interval_aware_h_probe/loss_mse_probe.csv,loss_or_fd,,,,,,
roberta-large,sst-5,int4,sparse_p0p1,3e-07,,,,interval_aware_h_probe/loss_mse_probe.csv,loss_or_fd,,,,,,
roberta-large,sst-5,int4,sparse_p0p1,1e-06,,,,interval_aware_h_probe/loss_mse_probe.csv,loss_or_fd,,,,,,
roberta-large,sst-5,int4,sparse_p0p1,3e-06,,,,interval_aware_h_probe/loss_mse_probe.csv,loss_or_fd,,,,,,
roberta-large,sst-5,int4,sparse_p0p1,1e-05,,,,interval_aware_h_probe/loss_mse_probe.csv,loss_or_fd,,,,,,
roberta-large,sst-5,int4,sparse_p0p1,3e-05,,,,interval_aware_h_probe/loss_mse_probe.csv,loss_or_fd,,,,,,
roberta-large,sst-5,int4,sparse_p0p1,0.0001,,,,interval_aware_h_probe/loss_mse_probe.csv,loss_or_fd,,,,,,
roberta-large,sst-5,int4,sparse_p0p1,0.0003,,,,interval_aware_h_probe/loss_mse_probe.csv,loss_or_fd,,,,,,
roberta-large,sst-5,int4,sparse_p0p1,0.001,,,,interval_aware_h_probe/loss_mse_probe.csv,loss_or_fd,,,,,,
roberta-large,sst-5,int4,sparse_p0p1,0.003,,,,interval_aware_h_probe/loss_mse_probe.csv,loss_or_fd,,,,,,
roberta-large,sst-5,int4,sparse_p0p1,0.01,,,,interval_aware_h_probe/loss_mse_probe.csv,loss_or_fd,,,,,,
roberta-large,sst-5,int4,sparse_p0p1,0.03,,,,interval_aware_h_probe/loss_mse_probe.csv,loss_or_fd,,,,,,
roberta-large,sst-5,int4,sparse_p0p1,0.1,,,,interval_aware_h_probe/loss_mse_probe.csv,loss_or_fd,,,,,,
roberta-large,sst-5,int8,dense,1e-08,,,,interval_aware_h_probe/loss_mse_probe.csv,loss_or_fd,,,,,,
roberta-large,sst-5,int8,dense,3e-08,,,,interval_aware_h_probe/loss_mse_probe.csv,loss_or_fd,,,,,,
roberta-large,sst-5,int8,dense,1e-07,,,,interval_aware_h_probe/loss_mse_probe.csv,loss_or_fd,,,,,,
roberta-large,sst-5,int8,dense,3e-07,,,,interval_aware_h_probe/loss_mse_probe.csv,loss_or_fd,,,,,,
roberta-large,sst-5,int8,dense,1e-06,,,,interval_aware_h_probe/loss_mse_probe.csv,loss_or_fd,,,,,,
roberta-large,sst-5,int8,dense,3e-06,,,,interval_aware_h_probe/loss_mse_probe.csv,loss_or_fd,,,,,,
roberta-large,sst-5,int8,dense,1e-05,,,,interval_aware_h_probe/loss_mse_probe.csv,loss_or_fd,,,,,,
roberta-large,sst-5,int8,dense,3e-05,,,,interval_aware_h_probe/loss_mse_probe.csv,loss_or_fd,,,,,,
roberta-large,sst-5,int8,dense,0.0001,,,,interval_aware_h_probe/loss_mse_probe.csv,loss_or_fd,,,,,,
roberta-large,sst-5,int8,dense,0.0003,,,,interval_aware_h_probe/loss_mse_probe.csv,loss_or_fd,,,,,,
roberta-large,sst-5,int8,dense,0.001,,,,interval_aware_h_probe/loss_mse_probe.csv,loss_or_fd,,,,,,
roberta-large,sst-5,int8,dense,0.003,,,,interval_aware_h_probe/loss_mse_probe.csv,loss_or_fd,,,,,,
roberta-large,sst-5,int8,dense,0.01,,,,interval_aware_h_probe/loss_mse_probe.csv,loss_or_fd,,,,,,
roberta-large,sst-5,int8,dense,0.03,,,,interval_aware_h_probe/loss_mse_probe.csv,loss_or_fd,,,,,,
roberta-large,sst-5,int8,dense,0.1,,,,interval_aware_h_probe/loss_mse_probe.csv,loss_or_fd,,,,,,
roberta-large,sst-5,int8,sparse_p0p1,1e-08,,,,interval_aware_h_probe/loss_mse_probe.csv,loss_or_fd,,,,,,
roberta-large,sst-5,int8,sparse_p0p1,3e-08,,,,interval_aware_h_probe/loss_mse_probe.csv,loss_or_fd,,,,,,
roberta-large,sst-5,int8,sparse_p0p1,1e-07,,,,interval_aware_h_probe/loss_mse_probe.csv,loss_or_fd,,,,,,
roberta-large,sst-5,int8,sparse_p0p1,3e-07,,,,interval_aware_h_probe/loss_mse_probe.csv,loss_or_fd,,,,,,
roberta-large,sst-5,int8,sparse_p0p1,1e-06,,,,interval_aware_h_probe/loss_mse_probe.csv,loss_or_fd,,,,,,
roberta-large,sst-5,int8,sparse_p0p1,3e-06,,,,interval_aware_h_probe/loss_mse_probe.csv,loss_or_fd,,,,,,
roberta-large,sst-5,int8,sparse_p0p1,1e-05,,,,interval_aware_h_probe/loss_mse_probe.csv,loss_or_fd,,,,,,
roberta-large,sst-5,int8,sparse_p0p1,3e-05,,,,interval_aware_h_probe/loss_mse_probe.csv,loss_or_fd,,,,,,
roberta-large,sst-5,int8,sparse_p0p1,0.0001,,,,interval_aware_h_probe/loss_mse_probe.csv,loss_or_fd,,,,,,
roberta-large,sst-5,int8,sparse_p0p1,0.0003,,,,interval_aware_h_probe/loss_mse_probe.csv,loss_or_fd,,,,,,
roberta-large,sst-5,int8,sparse_p0p1,0.001,,,,interval_aware_h_probe/loss_mse_probe.csv,loss_or_fd,,,,,,
roberta-large,sst-5,int8,sparse_p0p1,0.003,,,,interval_aware_h_probe/loss_mse_probe.csv,loss_or_fd,,,,,,
roberta-large,sst-5,int8,sparse_p0p1,0.01,,,,interval_aware_h_probe/loss_mse_probe.csv,loss_or_fd,,,,,,
roberta-large,sst-5,int8,sparse_p0p1,0.03,,,,interval_aware_h_probe/loss_mse_probe.csv,loss_or_fd,,,,,,
roberta-large,sst-5,int8,sparse_p0p1,0.1,,,,interval_aware_h_probe/loss_mse_probe.csv,loss_or_fd,,,,,,
roberta-large,sst-5,int8,dense,1e-05,18.152915362541084,0.1893296392459962,,interval_h_selection_8h_bundle/loss_mse_all.csv,loss_or_fd,,,,,,
roberta-large,sst-5,int8,dense,3e-05,16.543768060501403,0.3477849884349784,,interval_h_selection_8h_bundle/loss_mse_all.csv,loss_or_fd,,,,,,
roberta-large,sst-5,int8,dense,0.0001,2.5336192422767785,0.6221396810027171,,interval_h_selection_8h_bundle/loss_mse_all.csv,loss_or_fd,,,,,,
roberta-large,sst-5,int8,dense,0.0003,0.2569452116146749,0.9032791046462032,,interval_h_selection_8h_bundle/loss_mse_all.csv,loss_or_fd,,,,,,
roberta-large,sst-5,int8,dense,0.001,0.0640383636430435,0.9685803178599124,,interval_h_selection_8h_bundle/loss_mse_all.csv,loss_or_fd,,,,,,
roberta-large,sst-5,int8,dense,0.0015,0.0184069803733316,0.991070451685224,,interval_h_selection_8h_bundle/loss_mse_all.csv,loss_or_fd,,,,,,
roberta-large,sst-5,int8,dense,0.002,0.0264212641548415,0.9846273389973168,,interval_h_selection_8h_bundle/loss_mse_all.csv,loss_or_fd,,,,,,
roberta-large,sst-5,int8,dense,0.003,0.0633373361912936,0.9744932132615268,,interval_h_selection_8h_bundle/loss_mse_all.csv,loss_or_fd,,,,,,
roberta-large,sst-5,int8,dense,0.004,0.1724000355830656,0.9142740305235336,,interval_h_selection_8h_bundle/loss_mse_all.csv,loss_or_fd,,,,,,
roberta-large,sst-5,int8,dense,0.005,0.1542996353397276,0.9300371940393972,,interval_h_selection_8h_bundle/loss_mse_all.csv,loss_or_fd,,,,,,
roberta-large,sst-5,int8,dense,0.01,0.7802650417920037,0.501629734167058,,interval_h_selection_8h_bundle/loss_mse_all.csv,loss_or_fd,,,,,,
roberta-large,sst-5,int8,dense,1e-05,19.202016544974025,0.2592423777215794,,interval_h_selection_8h_bundle/loss_mse_all.csv,loss_or_fd,,,,,,
roberta-large,sst-5,int8,dense,3e-05,8.500613795059513,0.2032201024135893,,interval_h_selection_8h_bundle/loss_mse_all.csv,loss_or_fd,,,,,,
roberta-large,sst-5,int8,dense,0.0001,2.46448613041656,0.3914157296246289,,interval_h_selection_8h_bundle/loss_mse_all.csv,loss_or_fd,,,,,,
roberta-large,sst-5,int8,dense,0.0003,0.3682914010309363,0.8697254845913671,,interval_h_selection_8h_bundle/loss_mse_all.csv,loss_or_fd,,,,,,
roberta-large,sst-5,int8,dense,0.001,0.0703117243363364,0.962616237924466,,interval_h_selection_8h_bundle/loss_mse_all.csv,loss_or_fd,,,,,,
roberta-large,sst-5,int8,dense,0.0015,0.0439265945047522,0.9795321114087242,,interval_h_selection_8h_bundle/loss_mse_all.csv,loss_or_fd,,,,,,
roberta-large,sst-5,int8,dense,0.002,0.0471957966853454,0.976980489411132,,interval_h_selection_8h_bundle/loss_mse_all.csv,loss_or_fd,,,,,,
roberta-large,sst-5,int8,dense,0.003,0.1027349221881664,0.95069129940935,,interval_h_selection_8h_bundle/loss_mse_all.csv,loss_or_fd,,,,,,
roberta-large,sst-5,int8,dense,0.004,0.1343685516541705,0.9315921042624492,,interval_h_selection_8h_bundle/loss_mse_all.csv,loss_or_fd,,,,,,
roberta-large,sst-5,int8,dense,0.005,0.5569638394930074,0.6738123393211353,,interval_h_selection_8h_bundle/loss_mse_all.csv,loss_or_fd,,,,,,
roberta-large,sst-5,int8,dense,0.01,0.9584742072595624,0.3318822384020425,,interval_h_selection_8h_bundle/loss_mse_all.csv,loss_or_fd,,,,,,
roberta-large,sst-5,int4,dense,1e-05,520.6148408606313,-0.3174248255279775,,interval_h_selection_8h_bundle/loss_mse_all.csv,loss_or_fd,,,,,,
roberta-large,sst-5,int4,dense,3e-05,131.6099831233774,0.0437620853215876,,interval_h_selection_8h_bundle/loss_mse_all.csv,loss_or_fd,,,,,,
roberta-large,sst-5,int4,dense,0.0001,152.00736243338048,-0.1904546729816665,,interval_h_selection_8h_bundle/loss_mse_all.csv,loss_or_fd,,,,,,
roberta-large,sst-5,int4,dense,0.0003,7.878052618273031,0.1990490637486484,,interval_h_selection_8h_bundle/loss_mse_all.csv,loss_or_fd,,,,,,
roberta-large,sst-5,int4,dense,0.001,5.71634754735968,0.3975037669969221,,interval_h_selection_8h_bundle/loss_mse_all.csv,loss_or_fd,,,,,,
roberta-large,sst-5,int4,dense,0.0015,1.854662029725723,0.364601671925615,,interval_h_selection_8h_bundle/loss_mse_all.csv,loss_or_fd,,,,,,
roberta-large,sst-5,int4,dense,0.002,0.5421256760967027,0.8274394211254475,,interval_h_selection_8h_bundle/loss_mse_all.csv,loss_or_fd,,,,,,
roberta-large,sst-5,int4,dense,0.003,0.7942113862009239,0.6225660652153692,,interval_h_selection_8h_bundle/loss_mse_all.csv,loss_or_fd,,,,,,
roberta-large,sst-5,int4,dense,0.004,0.5531507315920412,0.7293692668156866,,interval_h_selection_8h_bundle/loss_mse_all.csv,loss_or_fd,,,,,,
roberta-large,sst-5,int4,dense,0.005,0.7080436334674773,0.5912501752502053,,interval_h_selection_8h_bundle/loss_mse_all.csv,loss_or_fd,,,,,,
roberta-large,sst-5,int4,dense,0.01,0.8575605885759294,0.3845377139574787,,interval_h_selection_8h_bundle/loss_mse_all.csv,loss_or_fd,,,,,,
roberta-large,sst-5,int4,dense,1e-05,266.33595542647646,-0.4121933848361984,,interval_h_selection_8h_bundle/loss_mse_all.csv,loss_or_fd,,,,,,
roberta-large,sst-5,int4,dense,3e-05,24.9102149926038,0.3632759527030356,,interval_h_selection_8h_bundle/loss_mse_all.csv,loss_or_fd,,,,,,
roberta-large,sst-5,int4,dense,0.0001,53.480188677137306,0.4579312819127764,,interval_h_selection_8h_bundle/loss_mse_all.csv,loss_or_fd,,,,,,
roberta-large,sst-5,int4,dense,0.0003,9.12030077608508,-0.3669299988601145,,interval_h_selection_8h_bundle/loss_mse_all.csv,loss_or_fd,,,,,,
roberta-large,sst-5,int4,dense,0.001,1.6573141860878755,0.6156667893561594,,interval_h_selection_8h_bundle/loss_mse_all.csv,loss_or_fd,,,,,,
roberta-large,sst-5,int4,dense,0.0015,1.7479782438668303,-0.2984557242601773,,interval_h_selection_8h_bundle/loss_mse_all.csv,loss_or_fd,,,,,,
roberta-large,sst-5,int4,dense,0.002,0.7528432285249941,0.525474235395163,,interval_h_selection_8h_bundle/loss_mse_all.csv,loss_or_fd,,,,,,
roberta-large,sst-5,int4,dense,0.003,0.695355156337712,0.6427715113619198,,interval_h_selection_8h_bundle/loss_mse_all.csv,loss_or_fd,,,,,,
roberta-large,sst-5,int4,dense,0.004,0.5312928749762986,0.768773693575919,,interval_h_selection_8h_bundle/loss_mse_all.csv,loss_or_fd,,,,,,
roberta-large,sst-5,int4,dense,0.005,0.6627581136064538,0.7306335220375679,,interval_h_selection_8h_bundle/loss_mse_all.csv,loss_or_fd,,,,,,
roberta-large,sst-5,int4,dense,0.01,0.9128632092126668,0.2285708281674947,,interval_h_selection_8h_bundle/loss_mse_all.csv,loss_or_fd,,,,,,
nan,sst-2,int4,sparse_p0p1,0.0002,2.7088240230446443,0.5880757175845062,,outputs/int4_full_data_hstar_dense_sparse_20260522_113710/local_tests/probe_taskgrad_sparse_p0p1_sst2_hgrid_d16_fixedu/summary.csv,loss_or_fd,,0.0039019105479921,0.247395474375311,3.4236195537789578,,
nan,sst-2,int4,sparse_p0p1,0.0003,2.672418863084061,0.5294431114105878,,outputs/int4_full_data_hstar_dense_sparse_20260522_113710/local_tests/probe_taskgrad_sparse_p0p1_sst2_hgrid_d16_fixedu/summary.csv,loss_or_fd,,0.0059292875145662,0.3057945647681991,2.8138292500603046,,
nan,sst-2,int4,sparse_p0p1,0.0005,2.875275746153854,0.2461258504913718,,outputs/int4_full_data_hstar_dense_sparse_20260522_113710/local_tests/probe_taskgrad_sparse_p0p1_sst2_hgrid_d16_fixedu/summary.csv,loss_or_fd,,0.0101073367628898,0.4008532025345264,2.2046765995283257,,
nan,sst-2,int4,sparse_p0p1,0.0007,1.2499666503765925,0.3538873843503424,,outputs/int4_full_data_hstar_dense_sparse_20260522_113710/local_tests/probe_taskgrad_sparse_p0p1_sst2_hgrid_d16_fixedu/summary.csv,loss_or_fd,,0.0144135150684701,0.4798919170891204,1.880901256573711,,
nan,sst-2,int4,sparse_p0p1,0.001,0.9353456849423736,0.5475592254093109,,outputs/int4_full_data_hstar_dense_sparse_20260522_113710/local_tests/probe_taskgrad_sparse_p0p1_sst2_hgrid_d16_fixedu/summary.csv,loss_or_fd,,0.0210393750685115,0.5809000972898815,1.5921444835512228,,
nan,sst-2,int4,sparse_p0p1,0.0015,0.473667807780183,0.7349533926395031,,outputs/int4_full_data_hstar_dense_sparse_20260522_113710/local_tests/probe_taskgrad_sparse_p0p1_sst2_hgrid_d16_fixedu/summary.csv,loss_or_fd,,0.0319903255943698,0.713626276614344,1.3315161614696454,,
nan,sst-2,int4,sparse_p0p1,0.002,0.4867693546771134,0.7176103326889268,,outputs/int4_full_data_hstar_dense_sparse_20260522_113710/local_tests/probe_taskgrad_sparse_p0p1_sst2_hgrid_d16_fixedu/summary.csv,loss_or_fd,,0.0417250360197543,0.8030467776292932,1.2024985591096558,,
nan,sst-2,int4,sparse_p0p1,0.003,0.267560317802002,0.8882990016226066,,outputs/int4_full_data_hstar_dense_sparse_20260522_113710/local_tests/probe_taskgrad_sparse_p0p1_sst2_hgrid_d16_fixedu/summary.csv,loss_or_fd,,0.0560663161837393,0.894394067801012,1.0936552821038716,,
nan,sst-2,int4,sparse_p0p1,0.005,0.5778431921033473,0.7693614190812534,,outputs/int4_full_data_hstar_dense_sparse_20260522_113710/local_tests/probe_taskgrad_sparse_p0p1_sst2_hgrid_d16_fixedu/summary.csv,loss_or_fd,,0.071421463861751,0.9541238224443372,1.0260276616258748,,
nan,sst-2,int4,sparse_p0p1,0.01,0.8714027550950487,0.4593513922954874,,outputs/int4_full_data_hstar_dense_sparse_20260522_113710/local_tests/probe_taskgrad_sparse_p0p1_sst2_hgrid_d16_fixedu/summary.csv,loss_or_fd,,0.0850709592282885,0.982595641637283,0.9843913158318798,,
nan,sst-2,int4,sparse_p0p1,0.0002,7.692006923190821,-0.0384499065341704,,outputs/int4_full_data_hstar_dense_sparse_20260522_113710/local_tests/probe_taskgrad_sparse_p0p1_sst2_hgrid_d4/summary.csv,loss_or_fd,,0.0039080513814629,0.2475284869599909,3.425189135826258,,
nan,sst-2,int4,sparse_p0p1,0.0003,6.181717091999962,-0.5970574163101015,,outputs/int4_full_data_hstar_dense_sparse_20260522_113710/local_tests/probe_taskgrad_sparse_p0p1_sst2_hgrid_d4/summary.csv,loss_or_fd,,0.0059362852698396,0.3058698318222036,2.814686022642624,,
nan,sst-2,int4,sparse_p0p1,0.0005,0.875605093635304,0.9728332451351952,,outputs/int4_full_data_hstar_dense_sparse_20260522_113710/local_tests/probe_taskgrad_sparse_p0p1_sst2_hgrid_d4/summary.csv,loss_or_fd,,0.0101122931985955,0.4007950990484026,2.20492875723302,,
nan,sst-2,int4,sparse_p0p1,0.0007,5.652326972034461,0.3486491942239388,,outputs/int4_full_data_hstar_dense_sparse_20260522_113710/local_tests/probe_taskgrad_sparse_p0p1_sst2_hgrid_d4/summary.csv,loss_or_fd,,0.0144224597500788,0.479898867723384,1.881008610784085,,
nan,sst-2,int4,sparse_p0p1,0.001,12.578540380667071,0.3847509447342494,,outputs/int4_full_data_hstar_dense_sparse_20260522_113710/local_tests/probe_taskgrad_sparse_p0p1_sst2_hgrid_d4/summary.csv,loss_or_fd,,0.0210458954084791,0.5808183001552428,1.592066316009129,,
nan,sst-2,int4,sparse_p0p1,0.0015,0.1681869674263856,0.9668800094585956,,outputs/int4_full_data_hstar_dense_sparse_20260522_113710/local_tests/probe_taskgrad_sparse_p0p1_sst2_hgrid_d4/summary.csv,loss_or_fd,,0.0320003175662552,0.7136412964550926,1.331346349599302,,
nan,sst-2,int4,sparse_p0p1,0.002,0.1300363112811063,0.9517774203639914,,outputs/int4_full_data_hstar_dense_sparse_20260522_113710/local_tests/probe_taskgrad_sparse_p0p1_sst2_hgrid_d4/summary.csv,loss_or_fd,,0.0417329608325839,0.8030977114015756,1.2024079585485294,,
nan,sst-2,int4,sparse_p0p1,0.003,0.0701356558208788,0.993613424885002,,outputs/int4_full_data_hstar_dense_sparse_20260522_113710/local_tests/probe_taskgrad_sparse_p0p1_sst2_hgrid_d4/summary.csv,loss_or_fd,,0.0560887167348827,0.8944243539060811,1.093709091571308,,
nan,sst-2,int4,sparse_p0p1,0.005,0.4174074840669734,0.9652696684493028,,outputs/int4_full_data_hstar_dense_sparse_20260522_113710/local_tests/probe_taskgrad_sparse_p0p1_sst2_hgrid_d4/summary.csv,loss_or_fd,,0.07144133829531,0.9541364528738138,1.0260480101531422,,
nan,sst-2,int4,sparse_p0p1,0.01,1.0836761178907708,-0.425674691654262,,outputs/int4_full_data_hstar_dense_sparse_20260522_113710/local_tests/probe_taskgrad_sparse_p0p1_sst2_hgrid_d4/summary.csv,loss_or_fd,,0.0850757583419402,0.9825949213308592,0.9843997853461132,,
nan,sst-2,int4,sparse_p0p1,1e-05,237.1052432253697,0.3552208697541488,,outputs/int4_full_data_hstar_dense_sparse_20260522_113710/probes_sparse_p0p1_sst2_full_default_gTu_20260522_132027/sst-2/probe_results.csv,loss_or_fd,,0.000127094071498,0.044318633693219,12.538115933802388,,
nan,sst-2,int4,sparse_p0p1,2e-05,79.44626599434852,0.3599531151520986,,outputs/int4_full_data_hstar_dense_sparse_20260522_113710/probes_sparse_p0p1_sst2_full_default_gTu_20260522_132027/sst-2/probe_results.csv,loss_or_fd,,0.0002548592665739,0.0628104128119842,8.878388057416977,,
nan,sst-2,int4,sparse_p0p1,5e-05,36.170983982526025,0.4599093850865079,,outputs/int4_full_data_hstar_dense_sparse_20260522_113710/probes_sparse_p0p1_sst2_full_default_gTu_20260522_132027/sst-2/probe_results.csv,loss_or_fd,,0.0006422838965485,0.0998882024733927,5.638827869184289,,
nan,sst-2,int4,sparse_p0p1,0.0001,21.77276447296657,0.3328840475749645,,outputs/int4_full_data_hstar_dense_sparse_20260522_113710/probes_sparse_p0p1_sst2_full_default_gTu_20260522_132027/sst-2/probe_results.csv,loss_or_fd,,0.0012968965687657,0.1422392213998075,4.006364996986169,,
nan,sst-2,int4,sparse_p0p1,0.0002,11.429093754305097,0.3454358991701208,,outputs/int4_full_data_hstar_dense_sparse_20260522_113710/probes_sparse_p0p1_sst2_full_default_gTu_20260522_132027/sst-2/probe_results.csv,loss_or_fd,,0.0026409451059078,0.203876205443408,2.8590602509606087,,
nan,sst-2,int4,sparse_p0p1,0.0005,1.9819537761011632,0.8867169444368405,,outputs/int4_full_data_hstar_dense_sparse_20260522_113710/probes_sparse_p0p1_sst2_full_default_gTu_20260522_132027/sst-2/probe_results.csv,loss_or_fd,,0.0069469231993992,0.3351448365576135,1.8557172651270557,,
nan,sst-2,int4,sparse_p0p1,0.001,1.94351626907272,0.5193382507182831,,outputs/int4_full_data_hstar_dense_sparse_20260522_113710/probes_sparse_p0p1_sst2_full_default_gTu_20260522_132027/sst-2/probe_results.csv,loss_or_fd,,0.0150488465606838,0.5021972224959815,1.3672743339223048,,
nan,sst-2,int4,sparse_p0p1,0.002,0.4337921202035129,0.8000100339680427,,outputs/int4_full_data_hstar_dense_sparse_20260522_113710/probes_sparse_p0p1_sst2_full_default_gTu_20260522_132027/sst-2/probe_results.csv,loss_or_fd,,0.0321608475839247,0.7265434297224448,1.0666115766219142,,
nan,sst-2,int4,sparse_p0p1,0.005,0.3363653099360233,0.8678442827893451,,outputs/int4_full_data_hstar_dense_sparse_20260522_113710/probes_sparse_p0p1_sst2_full_default_gTu_20260522_132027/sst-2/probe_results.csv,loss_or_fd,,0.0610362836954238,0.8901060632337613,0.8920228723092817,,
nan,sst-2,int4,sparse_p0p1,0.01,0.2787657729708596,0.8512707777228504,,outputs/int4_full_data_hstar_dense_sparse_20260522_113710/probes_sparse_p0p1_sst2_full_default_gTu_20260522_132027/sst-2/probe_results.csv,loss_or_fd,,0.0776550784973698,0.9340923622796355,0.7857924576941391,,
nan,sst-2,int4,sparse_p0p1,0.02,0.6952259757666481,0.5482593445700421,,outputs/int4_full_data_hstar_dense_sparse_20260522_113710/probes_sparse_p0p1_sst2_full_default_gTu_20260522_132027/sst-2/probe_results.csv,loss_or_fd,,0.0882495351395214,0.9614197100937598,0.6734921240186901,,
nan,sst-2,int4,sparse_p0p1,0.05,0.8349356110449306,0.4960816746208729,,outputs/int4_full_data_hstar_dense_sparse_20260522_113710/probes_sparse_p0p1_sst2_full_default_gTu_20260522_132027/sst-2/probe_results.csv,loss_or_fd,,0.0953059657383489,0.9746452567410552,0.540720769282439,,
nan,sst-2,int4,sparse_p0p1,0.1,0.8733880773693666,0.3713522555915113,,outputs/int4_full_data_hstar_dense_sparse_20260522_113710/probes_sparse_p0p1_sst2_full_default_gTu_20260522_132027/sst-2/probe_results.csv,loss_or_fd,,0.0977289524761764,0.9293089881520776,0.3758837254001631,,
nan,sst-2,int4,sparse_p0p1,0.2,0.991177452139635,0.0453779406154552,,outputs/int4_full_data_hstar_dense_sparse_20260522_113710/probes_sparse_p0p1_sst2_full_default_gTu_20260522_132027/sst-2/probe_results.csv,loss_or_fd,,0.0989470885271243,0.8732184900818496,0.2189121465581684,,
nan,sst-2,int4,sparse_p0p1,0.5,0.991818851345927,0.5703630265410826,,outputs/int4_full_data_hstar_dense_sparse_20260522_113710/probes_sparse_p0p1_sst2_full_default_gTu_20260522_132027/sst-2/probe_results.csv,loss_or_fd,,0.0996779438611799,0.8269633366158691,0.0949954358690159,,
nan,sst-2,int4,sparse_p0p1,1.0,0.9824044501767248,0.4140579133945676,,outputs/int4_full_data_hstar_dense_sparse_20260522_113710/probes_sparse_p0p1_sst2_full_default_gTu_20260522_132027/sst-2/probe_results.csv,loss_or_fd,,0.0999219287461354,0.809615537439134,0.0487063866375185,,
nan,sst-2,int4,sparse_p0p1,1e-05,237.1052432253697,0.3552208697541488,,outputs/int4_full_data_hstar_dense_sparse_20260522_113710/probes_sparse_p0p1_sst2_full_default_gTu_20260522_132027/summary_all_probe_results.csv,loss_or_fd,,0.000127094071498,0.044318633693219,12.538115933802388,,
nan,sst-2,int4,sparse_p0p1,2e-05,79.44626599434852,0.3599531151520986,,outputs/int4_full_data_hstar_dense_sparse_20260522_113710/probes_sparse_p0p1_sst2_full_default_gTu_20260522_132027/summary_all_probe_results.csv,loss_or_fd,,0.0002548592665739,0.0628104128119842,8.878388057416977,,
nan,sst-2,int4,sparse_p0p1,5e-05,36.170983982526025,0.4599093850865079,,outputs/int4_full_data_hstar_dense_sparse_20260522_113710/probes_sparse_p0p1_sst2_full_default_gTu_20260522_132027/summary_all_probe_results.csv,loss_or_fd,,0.0006422838965485,0.0998882024733927,5.638827869184289,,
nan,sst-2,int4,sparse_p0p1,0.0001,21.77276447296657,0.3328840475749645,,outputs/int4_full_data_hstar_dense_sparse_20260522_113710/probes_sparse_p0p1_sst2_full_default_gTu_20260522_132027/summary_all_probe_results.csv,loss_or_fd,,0.0012968965687657,0.1422392213998075,4.006364996986169,,
nan,sst-2,int4,sparse_p0p1,0.0002,11.429093754305097,0.3454358991701208,,outputs/int4_full_data_hstar_dense_sparse_20260522_113710/probes_sparse_p0p1_sst2_full_default_gTu_20260522_132027/summary_all_probe_results.csv,loss_or_fd,,0.0026409451059078,0.203876205443408,2.8590602509606087,,
nan,sst-2,int4,sparse_p0p1,0.0005,1.9819537761011632,0.8867169444368405,,outputs/int4_full_data_hstar_dense_sparse_20260522_113710/probes_sparse_p0p1_sst2_full_default_gTu_20260522_132027/summary_all_probe_results.csv,loss_or_fd,,0.0069469231993992,0.3351448365576135,1.8557172651270557,,
nan,sst-2,int4,sparse_p0p1,0.001,1.94351626907272,0.5193382507182831,,outputs/int4_full_data_hstar_dense_sparse_20260522_113710/probes_sparse_p0p1_sst2_full_default_gTu_20260522_132027/summary_all_probe_results.csv,loss_or_fd,,0.0150488465606838,0.5021972224959815,1.3672743339223048,,
nan,sst-2,int4,sparse_p0p1,0.002,0.4337921202035129,0.8000100339680427,,outputs/int4_full_data_hstar_dense_sparse_20260522_113710/probes_sparse_p0p1_sst2_full_default_gTu_20260522_132027/summary_all_probe_results.csv,loss_or_fd,,0.0321608475839247,0.7265434297224448,1.0666115766219142,,
nan,sst-2,int4,sparse_p0p1,0.005,0.3363653099360233,0.8678442827893451,,outputs/int4_full_data_hstar_dense_sparse_20260522_113710/probes_sparse_p0p1_sst2_full_default_gTu_20260522_132027/summary_all_probe_results.csv,loss_or_fd,,0.0610362836954238,0.8901060632337613,0.8920228723092817,,
nan,sst-2,int4,sparse_p0p1,0.01,0.2787657729708596,0.8512707777228504,,outputs/int4_full_data_hstar_dense_sparse_20260522_113710/probes_sparse_p0p1_sst2_full_default_gTu_20260522_132027/summary_all_probe_results.csv,loss_or_fd,,0.0776550784973698,0.9340923622796355,0.7857924576941391,,
nan,sst-2,int4,sparse_p0p1,0.02,0.6952259757666481,0.5482593445700421,,outputs/int4_full_data_hstar_dense_sparse_20260522_113710/probes_sparse_p0p1_sst2_full_default_gTu_20260522_132027/summary_all_probe_results.csv,loss_or_fd,,0.0882495351395214,0.9614197100937598,0.6734921240186901,,
nan,sst-2,int4,sparse_p0p1,0.05,0.8349356110449306,0.4960816746208729,,outputs/int4_full_data_hstar_dense_sparse_20260522_113710/probes_sparse_p0p1_sst2_full_default_gTu_20260522_132027/summary_all_probe_results.csv,loss_or_fd,,0.0953059657383489,0.9746452567410552,0.540720769282439,,
nan,sst-2,int4,sparse_p0p1,0.1,0.8733880773693666,0.3713522555915113,,outputs/int4_full_data_hstar_dense_sparse_20260522_113710/probes_sparse_p0p1_sst2_full_default_gTu_20260522_132027/summary_all_probe_results.csv,loss_or_fd,,0.0977289524761764,0.9293089881520776,0.3758837254001631,,
nan,sst-2,int4,sparse_p0p1,0.2,0.991177452139635,0.0453779406154552,,outputs/int4_full_data_hstar_dense_sparse_20260522_113710/probes_sparse_p0p1_sst2_full_default_gTu_20260522_132027/summary_all_probe_results.csv,loss_or_fd,,0.0989470885271243,0.8732184900818496,0.2189121465581684,,
nan,sst-2,int4,sparse_p0p1,0.5,0.991818851345927,0.5703630265410826,,outputs/int4_full_data_hstar_dense_sparse_20260522_113710/probes_sparse_p0p1_sst2_full_default_gTu_20260522_132027/summary_all_probe_results.csv,loss_or_fd,,0.0996779438611799,0.8269633366158691,0.0949954358690159,,
nan,sst-2,int4,sparse_p0p1,1.0,0.9824044501767248,0.4140579133945676,,outputs/int4_full_data_hstar_dense_sparse_20260522_113710/probes_sparse_p0p1_sst2_full_default_gTu_20260522_132027/summary_all_probe_results.csv,loss_or_fd,,0.0999219287461354,0.809615537439134,0.0487063866375185,,
nan,mnli,int4,sparse_p0p1,0.0001,25.61949408227173,-0.2913907333564017,,outputs/int4_sparsep0p1_nmse_audit_20260522/p0p1_default_nmse_audit_table.csv,loss_or_fd,,0.0011168292089307,0.128189515911169,6.448543320057694,,
nan,mnli,int4,sparse_p0p1,0.0002,48.16542302742703,-0.1104719017145852,,outputs/int4_sparsep0p1_nmse_audit_20260522/p0p1_default_nmse_audit_table.csv,loss_or_fd,,0.0022551868682217,0.1825544026842405,4.57942078841152,,
nan,mnli,int4,sparse_p0p1,0.0003,30.79500719774699,0.1971833521608487,,outputs/int4_sparsep0p1_nmse_audit_20260522/p0p1_default_nmse_audit_table.csv,loss_or_fd,,0.0034135832565683,0.2249902957183706,3.755251983318764,,
nan,mnli,int4,sparse_p0p1,0.0005,15.56601961305028,0.2050430346108589,,outputs/int4_sparsep0p1_nmse_audit_20260522/p0p1_default_nmse_audit_table.csv,loss_or_fd,,0.0057834062445888,0.2938068647370087,2.932159944935628,,
nan,mnli,int4,sparse_p0p1,0.0007,9.903104669908908,0.3847962334228536,,outputs/int4_sparsep0p1_nmse_audit_20260522/p0p1_default_nmse_audit_table.csv,loss_or_fd,,0.0082122088371262,0.3510111174379318,2.4953959037365303,,
nan,mnli,int4,sparse_p0p1,0.00085,10.835804576925856,0.5626092294041688,,outputs/int4_sparsep0p1_nmse_audit_20260522/p0p1_default_nmse_audit_table.csv,loss_or_fd,,0.0100668107890497,0.3892041078923304,2.275037140520064,,
nan,mnli,int4,sparse_p0p1,0.001,7.925567531921192,0.4264194982008846,,outputs/int4_sparsep0p1_nmse_audit_20260522/p0p1_default_nmse_audit_table.csv,loss_or_fd,,0.0119468708915683,0.424518954826892,2.106613176334338,,
nan,mnli,int4,sparse_p0p1,0.0012,8.887881917400502,0.3711450632644663,,outputs/int4_sparsep0p1_nmse_audit_20260522/p0p1_default_nmse_audit_table.csv,loss_or_fd,,0.0144831200946316,0.4680159840278681,1.933064419511503,,
nan,mnli,int4,sparse_p0p1,0.0015,5.499377943523933,0.3750456798788916,,outputs/int4_sparsep0p1_nmse_audit_20260522/p0p1_default_nmse_audit_table.csv,loss_or_fd,,0.018333418447542,0.5273000271669306,1.7411971810744644,,
nan,mnli,int4,sparse_p0p1,0.0018,3.2917301308237508,0.3674416792568171,,outputs/int4_sparsep0p1_nmse_audit_20260522/p0p1_default_nmse_audit_table.csv,loss_or_fd,,0.022197601530348,0.5806914864702283,1.600411339040703,,
nan,mnli,int4,sparse_p0p1,0.002,2.261004452361515,0.4329563114865918,,outputs/int4_sparsep0p1_nmse_audit_20260522/p0p1_default_nmse_audit_table.csv,loss_or_fd,,0.0247541979534273,0.6133212451389584,1.525754688967642,,
nan,mnli,int4,sparse_p0p1,0.0025,1.6818224797474586,0.4687207492925854,,outputs/int4_sparsep0p1_nmse_audit_20260522/p0p1_default_nmse_audit_table.csv,loss_or_fd,,0.0309515748095451,0.684917132061623,1.3856532585087071,,
nan,mnli,int4,sparse_p0p1,0.003,1.2443350356174336,0.4453488061893811,,outputs/int4_sparsep0p1_nmse_audit_20260522/p0p1_default_nmse_audit_table.csv,loss_or_fd,,0.0367004829758382,0.7427793299986356,1.291159024864144,,
nan,mnli,int4,sparse_p0p1,0.0035,0.8216227085942454,0.6273160737619036,,outputs/int4_sparsep0p1_nmse_audit_20260522/p0p1_default_nmse_audit_table.csv,loss_or_fd,,0.0418895306730533,0.7884241493316733,1.2256869859618924,,
nan,mnli,int4,sparse_p0p1,0.004,0.5941229590754579,0.7629058625298509,,outputs/int4_sparsep0p1_nmse_audit_20260522/p0p1_default_nmse_audit_table.csv,loss_or_fd,,0.0464980760767015,0.8240836269045234,1.178972873347092,,
nan,mnli,int4,sparse_p0p1,0.005,0.3536892025116122,0.8076255108888342,,outputs/int4_sparsep0p1_nmse_audit_20260522/p0p1_default_nmse_audit_table.csv,loss_or_fd,,0.0541415210968077,0.8739487797780578,1.118549442760575,,
nan,mnli,int4,sparse_p0p1,0.007,0.1742518119522982,0.8677150362674391,,outputs/int4_sparsep0p1_nmse_audit_20260522/p0p1_default_nmse_audit_table.csv,loss_or_fd,,0.0647678518723198,0.9265149870537472,1.0586438123344213,,
nan,mnli,int4,sparse_p0p1,0.01,0.6165120062162678,0.5754770993551069,,outputs/int4_sparsep0p1_nmse_audit_20260522/p0p1_default_nmse_audit_table.csv,loss_or_fd,,0.0741201743942043,0.958958638626253,1.021765416684526,,
nan,rte,int4,sparse_p0p1,0.0001,206.1233579204789,0.3298454278047744,,outputs/int4_sparsep0p1_nmse_audit_20260522/p0p1_default_nmse_audit_table.csv,loss_or_fd,,0.001112447798187,0.1275247795493347,6.4865601627675895,,
nan,rte,int4,sparse_p0p1,0.0002,119.40711945785118,0.4292322602433408,,outputs/int4_sparsep0p1_nmse_audit_20260522/p0p1_default_nmse_audit_table.csv,loss_or_fd,,0.0022464754361542,0.1815867151675176,4.608229756406664,,
nan,rte,int4,sparse_p0p1,0.0003,68.65140528044752,0.4313120677867307,,outputs/int4_sparsep0p1_nmse_audit_20260522/p0p1_default_nmse_audit_table.csv,loss_or_fd,,0.0034008180094316,0.2238504206931588,3.778732569977375,,
nan,rte,int4,sparse_p0p1,0.0005,40.72581083686445,0.3375483429805651,,outputs/int4_sparsep0p1_nmse_audit_20260522/p0p1_default_nmse_audit_table.csv,loss_or_fd,,0.005759405535736,0.2922917656214971,2.9494251918451417,,
nan,rte,int4,sparse_p0p1,0.0007,28.14052637747406,0.3884134709181459,,outputs/int4_sparsep0p1_nmse_audit_20260522/p0p1_default_nmse_audit_table.csv,loss_or_fd,,0.0081778643866485,0.3491872839714559,2.509742004168505,,
nan,rte,int4,sparse_p0p1,0.00085,18.88688084296985,0.2538650947873354,,outputs/int4_sparsep0p1_nmse_audit_20260522/p0p1_default_nmse_audit_table.csv,loss_or_fd,,0.0100248627414824,0.3871963985330949,2.288061003341218,,
nan,rte,int4,sparse_p0p1,0.001,13.260281424658997,0.2802667791810325,,outputs/int4_sparsep0p1_nmse_audit_20260522/p0p1_default_nmse_audit_table.csv,loss_or_fd,,0.0118969343645893,0.4223155693601443,2.118622794270528,,
nan,rte,int4,sparse_p0p1,0.0012,8.306094107566544,0.3325427027986438,,outputs/int4_sparsep0p1_nmse_audit_20260522/p0p1_default_nmse_audit_table.csv,loss_or_fd,,0.0144227826557919,0.465587099169496,1.944043362567322,,
nan,rte,int4,sparse_p0p1,0.0015,5.644009180712009,0.2369179979649646,,outputs/int4_sparsep0p1_nmse_audit_20260522/p0p1_default_nmse_audit_table.csv,loss_or_fd,,0.018256839059332,0.5245685328298646,1.751067354244657,,
nan,rte,int4,sparse_p0p1,0.0018,5.74894583078826,0.0851103977764068,,outputs/int4_sparsep0p1_nmse_audit_20260522/p0p1_default_nmse_audit_table.csv,loss_or_fd,,0.0221017979691036,0.577652081317538,1.609400944074661,,
nan,rte,int4,sparse_p0p1,0.002,3.735541043353197,0.0943298644225592,,outputs/int4_sparsep0p1_nmse_audit_20260522/p0p1_default_nmse_audit_table.csv,loss_or_fd,,0.024645805971366,0.610127313126983,1.5343091535244282,,
nan,rte,int4,sparse_p0p1,0.0025,2.74358439585629,0.2784391709530108,,outputs/int4_sparsep0p1_nmse_audit_20260522/p0p1_default_nmse_audit_table.csv,loss_or_fd,,0.0308053278960319,0.6813743159268861,1.3930724816534237,,
nan,rte,int4,sparse_p0p1,0.003,1.4508579669794035,0.4444526171931828,,outputs/int4_sparsep0p1_nmse_audit_20260522/p0p1_default_nmse_audit_table.csv,loss_or_fd,,0.0365226103199757,0.7391662369980272,1.2975598647572857,,
nan,rte,int4,sparse_p0p1,0.0035,1.809215873587736,0.4459790312003124,,outputs/int4_sparsep0p1_nmse_audit_20260522/p0p1_default_nmse_audit_table.csv,loss_or_fd,,0.0416854001784247,0.7849370446587047,1.2310993435758086,,
nan,rte,int4,sparse_p0p1,0.004,1.6275640812235408,0.4405924083348448,,outputs/int4_sparsep0p1_nmse_audit_20260522/p0p1_default_nmse_audit_table.csv,loss_or_fd,,0.0462772060772068,0.8208518937230337,1.1835380307186298,,
nan,rte,int4,sparse_p0p1,0.005,1.34697680177951,0.4761943927527268,,outputs/int4_sparsep0p1_nmse_audit_20260522/p0p1_default_nmse_audit_table.csv,loss_or_fd,,0.0539040345890778,0.8713125534334437,1.1218736702780912,,
nan,rte,int4,sparse_p0p1,0.007,1.2868147565591377,0.1549010965997761,,outputs/int4_sparsep0p1_nmse_audit_20260522/p0p1_default_nmse_audit_table.csv,loss_or_fd,,0.0645413111303088,0.9248291739445356,1.06064745127544,,
nan,rte,int4,sparse_p0p1,0.01,1.7006365012786244,-0.0404036008851958,,outputs/int4_sparsep0p1_nmse_audit_20260522/p0p1_default_nmse_audit_table.csv,loss_or_fd,,0.0739328487191578,0.9580322518016824,1.0229039578166566,,
nan,sst-2,int4,sparse_p0p1,0.0001,7.011304189518272,0.205415007970504,,outputs/int4_sparsep0p1_nmse_audit_20260522/p0p1_default_nmse_audit_table.csv,loss_or_fd,,0.0010995475655379,0.1267301135188359,6.520029683274061,,
nan,sst-2,int4,sparse_p0p1,0.0002,4.077894346996859,-0.045266114203599,,outputs/int4_sparsep0p1_nmse_audit_20260522/p0p1_default_nmse_audit_table.csv,loss_or_fd,,0.0022227398447872,0.180554631958895,4.633314525196675,,
nan,sst-2,int4,sparse_p0p1,0.0003,5.53045445940961,-0.0828248706540144,,outputs/int4_sparsep0p1_nmse_audit_20260522/p0p1_default_nmse_audit_table.csv,loss_or_fd,,0.003365019419989,0.2225560505042268,3.799541157654194,,
nan,sst-2,int4,sparse_p0p1,0.0005,3.046693488118416,0.3159716402130177,,outputs/int4_sparsep0p1_nmse_audit_20260522/p0p1_default_nmse_audit_table.csv,loss_or_fd,,0.0057010538191244,0.2905707371489595,2.9661299100761105,,
nan,sst-2,int4,sparse_p0p1,0.0007,3.79183767646246,0.1749266983616915,,outputs/int4_sparsep0p1_nmse_audit_20260522/p0p1_default_nmse_audit_table.csv,loss_or_fd,,0.0080931896142734,0.3470535747121305,2.523461279982114,,
nan,sst-2,int4,sparse_p0p1,0.00085,3.936835188863914,0.375333175991348,,outputs/int4_sparsep0p1_nmse_audit_20260522/p0p1_default_nmse_audit_table.csv,loss_or_fd,,0.0099200888902018,0.3848004434080514,2.30036623972945,,
nan,sst-2,int4,sparse_p0p1,0.001,5.23486822670131,0.0321382737444694,,outputs/int4_sparsep0p1_nmse_audit_20260522/p0p1_default_nmse_audit_table.csv,loss_or_fd,,0.0117711320917224,0.419699893104894,2.129808644160633,,
nan,sst-2,int4,sparse_p0p1,0.0012,2.858156818285837,0.2157122962616392,,outputs/int4_sparsep0p1_nmse_audit_20260522/p0p1_default_nmse_audit_table.csv,loss_or_fd,,0.0142696182984897,0.4627023655731408,1.9541479897604548,,
nan,sst-2,int4,sparse_p0p1,0.0015,2.025352811277725,0.4243411723189792,,outputs/int4_sparsep0p1_nmse_audit_20260522/p0p1_default_nmse_audit_table.csv,loss_or_fd,,0.018062427320375,0.5213471782173744,1.7600556279347273,,
nan,sst-2,int4,sparse_p0p1,0.0018,3.53281398923704,0.4276366997129722,,outputs/int4_sparsep0p1_nmse_audit_20260522/p0p1_default_nmse_audit_table.csv,loss_or_fd,,0.0218684274888752,0.5741480954485855,1.6176089651410754,,
nan,sst-2,int4,sparse_p0p1,0.002,2.641752767799597,0.464909571034882,,outputs/int4_sparsep0p1_nmse_audit_20260522/p0p1_default_nmse_audit_table.csv,loss_or_fd,,0.0243860952090486,0.6064674901912108,1.541961971555076,,
nan,sst-2,int4,sparse_p0p1,0.0025,1.4160068439925784,0.4717235757271948,,outputs/int4_sparsep0p1_nmse_audit_20260522/p0p1_default_nmse_audit_table.csv,loss_or_fd,,0.0304948659179887,0.677601286672582,1.3996321924172643,,
nan,sst-2,int4,sparse_p0p1,0.003,1.008061481501052,0.5163052043458647,,outputs/int4_sparsep0p1_nmse_audit_20260522/p0p1_default_nmse_audit_table.csv,loss_or_fd,,0.0361729779629482,0.7354891713171294,1.3029769606408368,,
nan,sst-2,int4,sparse_p0p1,0.0035,1.0522298736128315,0.459789339378418,,outputs/int4_sparsep0p1_nmse_audit_20260522/p0p1_default_nmse_audit_table.csv,loss_or_fd,,0.0413143298351339,0.7815586774405524,1.2355781555456222,,
nan,sst-2,int4,sparse_p0p1,0.004,0.7216981456251367,0.5627905362822537,,outputs/int4_sparsep0p1_nmse_audit_20260522/p0p1_default_nmse_audit_table.csv,loss_or_fd,,0.0458972378094764,0.8178602128836244,1.187266729469879,,
nan,sst-2,int4,sparse_p0p1,0.005,1.114963699449892,-0.1244236527192403,,outputs/int4_sparsep0p1_nmse_audit_20260522/p0p1_default_nmse_audit_table.csv,loss_or_fd,,0.053530868962118,0.8690166250876618,1.124452199970306,,
nan,sst-2,int4,sparse_p0p1,0.007,2.508404624606711,-0.5516097759157756,,outputs/int4_sparsep0p1_nmse_audit_20260522/p0p1_default_nmse_audit_table.csv,loss_or_fd,,0.0642136723964303,0.9234527203572992,1.0621830659320854,,
nan,sst-2,int4,sparse_p0p1,0.01,3.766743020984868,-0.5135218095676516,,outputs/int4_sparsep0p1_nmse_audit_20260522/p0p1_default_nmse_audit_table.csv,loss_or_fd,,0.0736783951501264,0.9572985254516112,1.0237911405801707,,
nan,sst-5,int4,sparse_p0p1,0.0001,99.86751046535974,-0.3216892136317847,,outputs/int4_sparsep0p1_nmse_audit_20260522/p0p1_default_nmse_audit_table.csv,loss_or_fd,,0.0011062197128659,0.1274673880820332,6.473610004777358,,
nan,sst-5,int4,sparse_p0p1,0.0002,68.75019255475048,-0.3414403777684858,,outputs/int4_sparsep0p1_nmse_audit_20260522/p0p1_default_nmse_audit_table.csv,loss_or_fd,,0.0022365223237749,0.1816154989348229,4.600769932927514,,
nan,sst-5,int4,sparse_p0p1,0.0003,62.848574835329366,-0.1789435156024651,,outputs/int4_sparsep0p1_nmse_audit_20260522/p0p1_default_nmse_audit_table.csv,loss_or_fd,,0.0033870256150012,0.2238957284224881,3.774126963275231,,
nan,sst-5,int4,sparse_p0p1,0.0005,42.44944853097779,0.0811661651755458,,outputs/int4_sparsep0p1_nmse_audit_20260522/p0p1_default_nmse_audit_table.csv,loss_or_fd,,0.0057395113958822,0.2923252495324948,2.947129004394643,,
nan,sst-5,int4,sparse_p0p1,0.0007,38.1221004227159,0.064531484287017,,outputs/int4_sparsep0p1_nmse_audit_20260522/p0p1_default_nmse_audit_table.csv,loss_or_fd,,0.0081497407270577,0.3491953275584299,2.508053873038828,,
nan,sst-5,int4,sparse_p0p1,0.00085,22.03883748009522,0.1586874163910353,,outputs/int4_sparsep0p1_nmse_audit_20260522/p0p1_default_nmse_audit_table.csv,loss_or_fd,,0.0099906018550496,0.3871926701831585,2.286617293575319,,
nan,sst-5,int4,sparse_p0p1,0.001,17.965026477751227,0.1848385742447146,,outputs/int4_sparsep0p1_nmse_audit_20260522/p0p1_default_nmse_audit_table.csv,loss_or_fd,,0.0118557501343219,0.4223022172401361,2.117244821479704,,
nan,sst-5,int4,sparse_p0p1,0.0012,11.57992612979488,0.2141269989394099,,outputs/int4_sparsep0p1_nmse_audit_20260522/p0p1_default_nmse_audit_table.csv,loss_or_fd,,0.0143726305921372,0.4655618926693719,1.9427469020392076,,
nan,sst-5,int4,sparse_p0p1,0.0015,6.467862756562861,0.1806936894352357,,outputs/int4_sparsep0p1_nmse_audit_20260522/p0p1_default_nmse_audit_table.csv,loss_or_fd,,0.018195218325547,0.5245830268881663,1.7498666447770832,,
nan,sst-5,int4,sparse_p0p1,0.0018,4.902887992144777,0.1636999675281899,,outputs/int4_sparsep0p1_nmse_audit_20260522/p0p1_default_nmse_audit_table.csv,loss_or_fd,,0.0220314796003257,0.5776973514464225,1.6082636051241148,,
nan,sst-5,int4,sparse_p0p1,0.002,4.6049912334826,0.1416137159015907,,outputs/int4_sparsep0p1_nmse_audit_20260522/p0p1_default_nmse_audit_table.csv,loss_or_fd,,0.0245713253640305,0.6102087456091626,1.53313691938287,,
nan,sst-5,int4,sparse_p0p1,0.0025,3.2786142703312486,0.1364851674969349,,outputs/int4_sparsep0p1_nmse_audit_20260522/p0p1_default_nmse_audit_table.csv,loss_or_fd,,0.0307306458913445,0.6816208077808741,1.3919564714655956,,
nan,sst-5,int4,sparse_p0p1,0.003,2.016099559056743,0.2585759237999329,,outputs/int4_sparsep0p1_nmse_audit_20260522/p0p1_default_nmse_audit_table.csv,loss_or_fd,,0.0364531698161836,0.7395190704619976,1.2964549957055431,,
nan,sst-5,int4,sparse_p0p1,0.0035,1.1346664552758927,0.5834249581028058,,outputs/int4_sparsep0p1_nmse_audit_20260522/p0p1_default_nmse_audit_table.csv,loss_or_fd,,0.0416263221406965,0.7853714392729333,1.2301281902680272,,
nan,sst-5,int4,sparse_p0p1,0.004,0.9933882989619416,0.6074780910785144,,outputs/int4_sparsep0p1_nmse_audit_20260522/p0p1_default_nmse_audit_table.csv,loss_or_fd,,0.0462287060199539,0.8213224505365984,1.1827329010652794,,
nan,sst-5,int4,sparse_p0p1,0.005,0.7160639329242005,0.6278422260150427,,outputs/int4_sparsep0p1_nmse_audit_20260522/p0p1_default_nmse_audit_table.csv,loss_or_fd,,0.0538740850369014,0.8717613300181661,1.121258185910589,,
nan,sst-5,int4,sparse_p0p1,0.007,0.9394212045903272,0.5165973677543817,,outputs/int4_sparsep0p1_nmse_audit_20260522/p0p1_default_nmse_audit_table.csv,loss_or_fd,,0.0645337563383892,0.9251668162819,1.0602837078881515,,
nan,sst-5,int4,sparse_p0p1,0.01,0.6540788227461358,0.5803132130383686,,outputs/int4_sparsep0p1_nmse_audit_20260522/p0p1_default_nmse_audit_table.csv,loss_or_fd,,0.0739433073027289,0.9582432790840516,1.0227252274637846,,
nan,trec,int4,sparse_p0p1,0.0001,190.72921576790452,0.3704789372799225,,outputs/int4_sparsep0p1_nmse_audit_20260522/p0p1_default_nmse_audit_table.csv,loss_or_fd,,0.0011092453371841,0.1274556336546366,6.479594197315582,,
nan,trec,int4,sparse_p0p1,0.0002,79.30975625337483,0.2799705620086362,,outputs/int4_sparsep0p1_nmse_audit_20260522/p0p1_default_nmse_audit_table.csv,loss_or_fd,,0.0022420298253922,0.1815833195153965,4.603855021550146,,
nan,trec,int4,sparse_p0p1,0.0003,61.6955855143952,0.5092608932808351,,outputs/int4_sparsep0p1_nmse_audit_20260522/p0p1_default_nmse_audit_table.csv,loss_or_fd,,0.0033944830351251,0.2238396843318135,3.775565517934388,,
nan,trec,int4,sparse_p0p1,0.0005,28.39185980925761,0.6064538853934066,,outputs/int4_sparsep0p1_nmse_audit_20260522/p0p1_default_nmse_audit_table.csv,loss_or_fd,,0.0057519565631943,0.2923099397456847,2.947748467654621,,
nan,trec,int4,sparse_p0p1,0.0007,18.81808920964805,0.6327526679864183,,outputs/int4_sparsep0p1_nmse_audit_20260522/p0p1_default_nmse_audit_table.csv,loss_or_fd,,0.0081673316743865,0.3491671578401766,2.508417225141167,,
nan,trec,int4,sparse_p0p1,0.00085,16.461448658971083,0.5642884268137869,,outputs/int4_sparsep0p1_nmse_audit_20260522/p0p1_default_nmse_audit_table.csv,loss_or_fd,,0.0100123750316904,0.3871844106558754,2.286856572257516,,
nan,trec,int4,sparse_p0p1,0.001,11.549270616674288,0.6373846864775174,,outputs/int4_sparsep0p1_nmse_audit_20260522/p0p1_default_nmse_audit_table.csv,loss_or_fd,,0.0118806597741084,0.4222893056303341,2.1173061114559304,,
nan,trec,int4,sparse_p0p1,0.0012,8.340189592813397,0.6793977716990265,,outputs/int4_sparsep0p1_nmse_audit_20260522/p0p1_default_nmse_audit_table.csv,loss_or_fd,,0.0144019899801933,0.4655348052721422,1.9427846505226307,,
nan,trec,int4,sparse_p0p1,0.0015,5.343241921151451,0.6828028820886447,,outputs/int4_sparsep0p1_nmse_audit_20260522/p0p1_default_nmse_audit_table.csv,loss_or_fd,,0.0182291356713564,0.5245011907213287,1.7498444367035326,,
nan,trec,int4,sparse_p0p1,0.0018,3.972367102816938,0.6105532373202756,,outputs/int4_sparsep0p1_nmse_audit_20260522/p0p1_default_nmse_audit_table.csv,loss_or_fd,,0.022070272317422,0.5776128965986498,1.6082452778770269,,
nan,trec,int4,sparse_p0p1,0.002,3.218966028322584,0.6532853635519531,,outputs/int4_sparsep0p1_nmse_audit_20260522/p0p1_default_nmse_audit_table.csv,loss_or_fd,,0.0246125909772938,0.6101154457649332,1.5331824811539176,,
nan,trec,int4,sparse_p0p1,0.0025,0.6466513447385674,0.7945250785397715,,outputs/int4_sparsep0p1_nmse_audit_20260522/p0p1_default_nmse_audit_table.csv,loss_or_fd,,0.0307757729845527,0.6815034799843372,1.3921572399028337,,
nan,trec,int4,sparse_p0p1,0.003,0.4057468887631728,0.8851458819993485,,outputs/int4_sparsep0p1_nmse_audit_20260522/p0p1_default_nmse_audit_table.csv,loss_or_fd,,0.0364968228876611,0.7393615690674677,1.296745760257254,,
nan,trec,int4,sparse_p0p1,0.0035,0.4567440007003238,0.8541924507905273,,outputs/int4_sparsep0p1_nmse_audit_20260522/p0p1_default_nmse_audit_table.csv,loss_or_fd,,0.0416657639941737,0.7851762646334879,1.2304468061174172,,
nan,trec,int4,sparse_p0p1,0.004,0.6452421739154168,0.8105742317017938,,outputs/int4_sparsep0p1_nmse_audit_20260522/p0p1_default_nmse_audit_table.csv,loss_or_fd,,0.0462631052929169,0.8211100031165609,1.1830104219987625,,
nan,trec,int4,sparse_p0p1,0.005,0.7053787942884323,0.7857423368751606,,outputs/int4_sparsep0p1_nmse_audit_20260522/p0p1_default_nmse_audit_table.csv,loss_or_fd,,0.0539000047906913,0.8715714979859234,1.1215182659901457,,
nan,trec,int4,sparse_p0p1,0.007,1.383170254305884,0.5866410814124369,,outputs/int4_sparsep0p1_nmse_audit_20260522/p0p1_default_nmse_audit_table.csv,loss_or_fd,,0.0645492494254432,0.9250389901827888,1.0604390822039722,,
nan,trec,int4,sparse_p0p1,0.01,1.027361980506016,0.4815660391806918,,outputs/int4_sparsep0p1_nmse_audit_20260522/p0p1_default_nmse_audit_table.csv,loss_or_fd,,0.0739516705017697,0.9581743328736624,1.022800832558946,,
nan,sst-5,int4,sparse_p0p1,0.001,7.19695254575403,0.4093998354206201,,outputs/int4_sparsep0p1_probe_minmse_vs_default_2k_20260522_181148/checkpoint_probe_sst5_h0p01_step1000_dgdh/summary.csv,loss_or_fd,,0.0118390453131974,0.421764041604095,2.120468795344141,,
nan,sst-5,int4,sparse_p0p1,0.002,1.3420340288702342,0.662298158731789,,outputs/int4_sparsep0p1_probe_minmse_vs_default_2k_20260522_181148/checkpoint_probe_sst5_h0p01_step1000_dgdh/summary.csv,loss_or_fd,,0.024532076751012,0.6094143292703741,1.5353423710391143,,
nan,sst-5,int4,sparse_p0p1,0.003,0.6676210462746925,0.7618692123885835,,outputs/int4_sparsep0p1_probe_minmse_vs_default_2k_20260522_181148/checkpoint_probe_sst5_h0p01_step1000_dgdh/summary.csv,loss_or_fd,,0.0363882886523341,0.7386223212485247,1.2981073327101431,,
nan,sst-5,int4,sparse_p0p1,0.005,0.522619447053634,0.665841191872561,,outputs/int4_sparsep0p1_probe_minmse_vs_default_2k_20260522_181148/checkpoint_probe_sst5_h0p01_step1000_dgdh/summary.csv,loss_or_fd,,0.0537803788546699,0.871080879733014,1.122085794480657,,
nan,sst-5,int4,sparse_p0p1,0.007,0.6409590763373573,0.5971899476777462,,outputs/int4_sparsep0p1_probe_minmse_vs_default_2k_20260522_181148/checkpoint_probe_sst5_h0p01_step1000_dgdh/summary.csv,loss_or_fd,,0.0644319048112697,0.924726349207558,1.060738398761814,,
nan,sst-5,int4,sparse_p0p1,0.01,0.7484355358992507,0.4788059177801479,,outputs/int4_sparsep0p1_probe_minmse_vs_default_2k_20260522_181148/checkpoint_probe_sst5_h0p01_step1000_dgdh/summary.csv,loss_or_fd,,0.0738436886748111,0.9579955193677644,1.0229477371690183,,
nan,sst-5,int4,sparse_p0p1,0.012,0.6011807047502765,0.6518720808368228,,outputs/int4_sparsep0p1_probe_minmse_vs_default_2k_20260522_181148/checkpoint_probe_sst5_h0p01_step1000_dgdh/summary.csv,loss_or_fd,,0.0778256292644982,0.9684705504592044,1.010022111981996,,
nan,sst-5,int4,sparse_p0p1,0.015,0.6590597052939133,0.5983863174476444,,outputs/int4_sparsep0p1_probe_minmse_vs_default_2k_20260522_181148/checkpoint_probe_sst5_h0p01_step1000_dgdh/summary.csv,loss_or_fd,,0.0819804614306327,0.9771607114800532,0.9971345907730792,,
nan,sst-5,int4,sparse_p0p1,0.02,0.8104532050111922,0.4539967536414961,,outputs/int4_sparsep0p1_probe_minmse_vs_default_2k_20260522_181148/checkpoint_probe_sst5_h0p01_step1000_dgdh/summary.csv,loss_or_fd,,0.0862944478246812,0.9835579031190832,0.9811631095819116,,
nan,sst-5,int4,sparse_p0p1,0.001,5.221645322361078,0.5239223696383177,,outputs/int4_sparsep0p1_probe_minmse_vs_default_2k_20260522_181148/checkpoint_probe_sst5_h0p01_step2000_dgdh/summary.csv,loss_or_fd,,0.0118267101402866,0.4218463418886626,2.1189113388882683,,
nan,sst-5,int4,sparse_p0p1,0.002,2.818373301080626,0.4802370668552873,,outputs/int4_sparsep0p1_probe_minmse_vs_default_2k_20260522_181148/checkpoint_probe_sst5_h0p01_step2000_dgdh/summary.csv,loss_or_fd,,0.0245144403101308,0.609569182284337,1.5342817546336818,,
nan,sst-5,int4,sparse_p0p1,0.003,0.8061654039577627,0.7748316117173861,,outputs/int4_sparsep0p1_probe_minmse_vs_default_2k_20260522_181148/checkpoint_probe_sst5_h0p01_step2000_dgdh/summary.csv,loss_or_fd,,0.0363806941935438,0.7389140236889739,1.2972735329966016,,
nan,sst-5,int4,sparse_p0p1,0.005,0.5489293878178395,0.7262867447841366,,outputs/int4_sparsep0p1_probe_minmse_vs_default_2k_20260522_181148/checkpoint_probe_sst5_h0p01_step2000_dgdh/summary.csv,loss_or_fd,,0.0537981248048168,0.87143128735411,1.1216507881669442,,
nan,sst-5,int4,sparse_p0p1,0.007,0.7870076238917985,0.4911509096379644,,outputs/int4_sparsep0p1_probe_minmse_vs_default_2k_20260522_181148/checkpoint_probe_sst5_h0p01_step2000_dgdh/summary.csv,loss_or_fd,,0.0644678623456647,0.924978932064342,1.0605272975679298,,
nan,sst-5,int4,sparse_p0p1,0.01,0.9290389920306252,0.3572820167272715,,outputs/int4_sparsep0p1_probe_minmse_vs_default_2k_20260522_181148/checkpoint_probe_sst5_h0p01_step2000_dgdh/summary.csv,loss_or_fd,,0.0738892990203269,0.9581454148051884,1.022840725634097,,
nan,sst-5,int4,sparse_p0p1,0.012,0.965330686197664,0.2968071459399901,,outputs/int4_sparsep0p1_probe_minmse_vs_default_2k_20260522_181148/checkpoint_probe_sst5_h0p01_step2000_dgdh/summary.csv,loss_or_fd,,0.0778754153758518,0.9685847231233616,1.0099699196847365,,
nan,sst-5,int4,sparse_p0p1,0.015,0.9455415885747188,0.2740652214031067,,outputs/int4_sparsep0p1_probe_minmse_vs_default_2k_20260522_181148/checkpoint_probe_sst5_h0p01_step2000_dgdh/summary.csv,loss_or_fd,,0.0820307263593858,0.9772421693092304,0.9971349575164172,,
nan,sst-5,int4,sparse_p0p1,0.02,0.754857545415633,0.4484614784887498,,outputs/int4_sparsep0p1_probe_minmse_vs_default_2k_20260522_181148/checkpoint_probe_sst5_h0p01_step2000_dgdh/summary.csv,loss_or_fd,,0.0863457834130453,0.983615996322502,0.9812246220327626,,
nan,sst-5,int4,sparse_p0p1,0.001,1.8752690939704664,-0.1236693433338121,,outputs/int4_sparsep0p1_probe_minmse_vs_default_2k_20260522_181148/checkpoint_probe_sst5_h1e3_step1000_dgdh/summary.csv,loss_or_fd,,0.0118058365844167,0.4202436708443452,2.128811852485423,,
nan,sst-5,int4,sparse_p0p1,0.002,0.8025534977636557,0.4994542720887016,,outputs/int4_sparsep0p1_probe_minmse_vs_default_2k_20260522_181148/checkpoint_probe_sst5_h1e3_step1000_dgdh/summary.csv,loss_or_fd,,0.0244491868499333,0.6070801437633415,1.5411061569050335,,
nan,sst-5,int4,sparse_p0p1,0.003,0.4883270769821082,0.7590721243040811,,outputs/int4_sparsep0p1_probe_minmse_vs_default_2k_20260522_181148/checkpoint_probe_sst5_h1e3_step1000_dgdh/summary.csv,loss_or_fd,,0.0362551278460737,0.7360458591222165,1.3023246820450094,,
nan,sst-5,int4,sparse_p0p1,0.005,0.2380458999195565,0.9087953770162068,,outputs/int4_sparsep0p1_probe_minmse_vs_default_2k_20260522_181148/checkpoint_probe_sst5_h1e3_step1000_dgdh/summary.csv,loss_or_fd,,0.0536131961737807,0.8692841147975165,1.1242767861296863,,
nan,sst-5,int4,sparse_p0p1,0.007,0.5075021990412157,0.7868061901950031,,outputs/int4_sparsep0p1_probe_minmse_vs_default_2k_20260522_181148/checkpoint_probe_sst5_h1e3_step1000_dgdh/summary.csv,loss_or_fd,,0.0642829340661831,0.9235956170852794,1.06203211793481,,
nan,sst-5,int4,sparse_p0p1,0.01,0.6107285691867154,0.7163844330571465,,outputs/int4_sparsep0p1_probe_minmse_vs_default_2k_20260522_181148/checkpoint_probe_sst5_h1e3_step1000_dgdh/summary.csv,loss_or_fd,,0.073731233557087,0.9573783356371448,1.0236601190422523,,
nan,sst-5,int4,sparse_p0p1,0.012,0.8132981710795413,0.4563746715739111,,outputs/int4_sparsep0p1_probe_minmse_vs_default_2k_20260522_181148/checkpoint_probe_sst5_h1e3_step1000_dgdh/summary.csv,loss_or_fd,,0.0777335235346978,0.968024818295614,1.010544148250344,,
nan,sst-5,int4,sparse_p0p1,0.015,0.7412514248729378,0.560376585635195,,outputs/int4_sparsep0p1_probe_minmse_vs_default_2k_20260522_181148/checkpoint_probe_sst5_h1e3_step1000_dgdh/summary.csv,loss_or_fd,,0.0819112920034653,0.9768723002649186,0.9975147517286844,,
nan,sst-5,int4,sparse_p0p1,0.02,0.6579243029361668,0.5914400544684182,,outputs/int4_sparsep0p1_probe_minmse_vs_default_2k_20260522_181148/checkpoint_probe_sst5_h1e3_step1000_dgdh/summary.csv,loss_or_fd,,0.0862542934311708,0.9833948986217832,0.9814162671536268,,
nan,sst-5,int4,sparse_p0p1,0.001,1.5709770268914227,-0.017487643402546,,outputs/int4_sparsep0p1_probe_minmse_vs_default_2k_20260522_181148/checkpoint_probe_sst5_h1e3_step1000_dgdh_dirs64_20260523/summary.csv,loss_or_fd,,0.0118157054258547,0.4219809178745785,2.119263869893419,,
nan,sst-5,int4,sparse_p0p1,0.002,0.7932407052140036,0.4785755639571855,,outputs/int4_sparsep0p1_probe_minmse_vs_default_2k_20260522_181148/checkpoint_probe_sst5_h1e3_step1000_dgdh_dirs64_20260523/summary.csv,loss_or_fd,,0.0244893000676081,0.6097502139609717,1.5345264068437796,,
nan,sst-5,int4,sparse_p0p1,0.003,0.6826080978202883,0.6103556470844661,,outputs/int4_sparsep0p1_probe_minmse_vs_default_2k_20260522_181148/checkpoint_probe_sst5_h1e3_step1000_dgdh_dirs64_20260523/summary.csv,loss_or_fd,,0.0363491963053465,0.7391928801564395,1.2971518437428775,,
nan,sst-5,int4,sparse_p0p1,0.005,0.4274782725535889,0.7820638244879736,,outputs/int4_sparsep0p1_probe_minmse_vs_default_2k_20260522_181148/checkpoint_probe_sst5_h1e3_step1000_dgdh_dirs64_20260523/summary.csv,loss_or_fd,,0.0537792207458459,0.8717117724408963,1.1214185061769455,,
nan,sst-5,int4,sparse_p0p1,0.007,0.4632347664801643,0.7460935694912499,,outputs/int4_sparsep0p1_probe_minmse_vs_default_2k_20260522_181148/checkpoint_probe_sst5_h1e3_step1000_dgdh_dirs64_20260523/summary.csv,loss_or_fd,,0.0644585853464382,0.925177418069244,1.0603517569254166,,
nan,sst-5,int4,sparse_p0p1,0.01,0.7399502805044574,0.5081531080732653,,outputs/int4_sparsep0p1_probe_minmse_vs_default_2k_20260522_181148/checkpoint_probe_sst5_h1e3_step1000_dgdh_dirs64_20260523/summary.csv,loss_or_fd,,0.0738837473136304,0.958263826776424,1.0227734284989796,,
nan,sst-5,int4,sparse_p0p1,0.012,0.8012446352227799,0.4490512009880523,,outputs/int4_sparsep0p1_probe_minmse_vs_default_2k_20260522_181148/checkpoint_probe_sst5_h1e3_step1000_dgdh_dirs64_20260523/summary.csv,loss_or_fd,,0.077868686092994,0.9686701114107938,1.0099391580135662,,
nan,sst-5,int4,sparse_p0p1,0.015,0.9251619292736344,0.2932197336687528,,outputs/int4_sparsep0p1_probe_minmse_vs_default_2k_20260522_181148/checkpoint_probe_sst5_h1e3_step1000_dgdh_dirs64_20260523/summary.csv,loss_or_fd,,0.0820240085459976,0.9773053078285434,0.9971663545852474,,
nan,sst-5,int4,sparse_p0p1,0.02,0.8475456200478764,0.3708612932700584,,outputs/int4_sparsep0p1_probe_minmse_vs_default_2k_20260522_181148/checkpoint_probe_sst5_h1e3_step1000_dgdh_dirs64_20260523/summary.csv,loss_or_fd,,0.0863384745044992,0.983662812939256,0.9813457973977514,,
nan,sst-5,int4,sparse_p0p1,0.001,2.773954559798899,-0.6564294076268307,,outputs/int4_sparsep0p1_probe_minmse_vs_default_2k_20260522_181148/checkpoint_probe_sst5_h1e3_step2000_dgdh/summary.csv,loss_or_fd,,0.0118644873214215,0.4230614347060804,2.1132542524836957,,
nan,sst-5,int4,sparse_p0p1,0.002,1.1277196286174855,0.0621810958121291,,outputs/int4_sparsep0p1_probe_minmse_vs_default_2k_20260522_181148/checkpoint_probe_sst5_h1e3_step2000_dgdh/summary.csv,loss_or_fd,,0.0245936638480235,0.6113575842872457,1.5303255382256211,,
nan,sst-5,int4,sparse_p0p1,0.003,0.4631269500117249,0.7337098411827908,,outputs/int4_sparsep0p1_probe_minmse_vs_default_2k_20260522_181148/checkpoint_probe_sst5_h1e3_step2000_dgdh/summary.csv,loss_or_fd,,0.0364890238177414,0.740855310598838,1.2942557015196674,,
nan,sst-5,int4,sparse_p0p1,0.005,0.2507750415807188,0.872657550546811,,outputs/int4_sparsep0p1_probe_minmse_vs_default_2k_20260522_181148/checkpoint_probe_sst5_h1e3_step2000_dgdh/summary.csv,loss_or_fd,,0.0539177649959703,0.8727930076902317,1.1200528740174371,,
nan,sst-5,int4,sparse_p0p1,0.007,0.572767038048593,0.746835189378162,,outputs/int4_sparsep0p1_probe_minmse_vs_default_2k_20260522_181148/checkpoint_probe_sst5_h1e3_step2000_dgdh/summary.csv,loss_or_fd,,0.064572105323122,0.9258600788425008,1.059574285623729,,
nan,sst-5,int4,sparse_p0p1,0.01,0.5556105700275422,0.708672318195035,,outputs/int4_sparsep0p1_probe_minmse_vs_default_2k_20260522_181148/checkpoint_probe_sst5_h1e3_step2000_dgdh/summary.csv,loss_or_fd,,0.0739639558636386,0.9586394266148748,1.0222916808602016,,
nan,sst-5,int4,sparse_p0p1,0.012,0.7667909505790871,0.4817043177886889,,outputs/int4_sparsep0p1_probe_minmse_vs_default_2k_20260522_181148/checkpoint_probe_sst5_h1e3_step2000_dgdh/summary.csv,loss_or_fd,,0.0779337055935884,0.9689374113941596,1.009547066612857,,
nan,sst-5,int4,sparse_p0p1,0.015,0.997588132201904,0.2859526193406632,,outputs/int4_sparsep0p1_probe_minmse_vs_default_2k_20260522_181148/checkpoint_probe_sst5_h1e3_step2000_dgdh/summary.csv,loss_or_fd,,0.0820706879251842,0.9774707433550336,0.9968153358555712,,
nan,sst-5,int4,sparse_p0p1,0.02,0.7187468696342554,0.5243258082946229,,outputs/int4_sparsep0p1_probe_minmse_vs_default_2k_20260522_181148/checkpoint_probe_sst5_h1e3_step2000_dgdh/summary.csv,loss_or_fd,,0.0863644214330536,0.9837383161219808,0.9809565921670462,,
nan,sst-5,int4,sparse_p0p1,0.001,8.954113856187208,-0.3139402733409232,,outputs/int4_sparsep0p1_probe_minmse_vs_default_2k_20260522_181148/checkpoint_probe_sst5_h5e3_step2000_dgdh/summary.csv,loss_or_fd,,0.0118622482700137,0.422588119228921,2.1152778423076253,,
nan,sst-5,int4,sparse_p0p1,0.002,1.94300011044065,0.038889805748853,,outputs/int4_sparsep0p1_probe_minmse_vs_default_2k_20260522_181148/checkpoint_probe_sst5_h5e3_step2000_dgdh/summary.csv,loss_or_fd,,0.0245831460367475,0.6106370005254084,1.5319875764813615,,
nan,sst-5,int4,sparse_p0p1,0.003,0.8430429222507763,0.5103226661081985,,outputs/int4_sparsep0p1_probe_minmse_vs_default_2k_20260522_181148/checkpoint_probe_sst5_h5e3_step2000_dgdh/summary.csv,loss_or_fd,,0.0364666195930336,0.74003640123919,1.2956377942876467,,
nan,sst-5,int4,sparse_p0p1,0.005,0.9252191387184148,0.5650874084798028,,outputs/int4_sparsep0p1_probe_minmse_vs_default_2k_20260522_181148/checkpoint_probe_sst5_h5e3_step2000_dgdh/summary.csv,loss_or_fd,,0.0538807246733298,0.8721474803129672,1.1208166308111538,,
nan,sst-5,int4,sparse_p0p1,0.007,0.6385672676575694,0.6054801710745978,,outputs/int4_sparsep0p1_probe_minmse_vs_default_2k_20260522_181148/checkpoint_probe_sst5_h5e3_step2000_dgdh/summary.csv,loss_or_fd,,0.0645348521341559,0.9254166004725426,1.0600192806727262,,
nan,sst-5,int4,sparse_p0p1,0.01,0.8518677317713458,0.5363423932962244,,outputs/int4_sparsep0p1_probe_minmse_vs_default_2k_20260522_181148/checkpoint_probe_sst5_h5e3_step2000_dgdh/summary.csv,loss_or_fd,,0.0739337569697813,0.9583807205691918,1.0225620315481516,,
nan,sst-5,int4,sparse_p0p1,0.012,1.645285649443215,0.0027804716938178,,outputs/int4_sparsep0p1_probe_minmse_vs_default_2k_20260522_181148/checkpoint_probe_sst5_h5e3_step2000_dgdh/summary.csv,loss_or_fd,,0.0779064235484562,0.9687463826024232,1.0097399905597446,,
nan,sst-5,int4,sparse_p0p1,0.015,1.6865985227509686,0.1219027101979537,,outputs/int4_sparsep0p1_probe_minmse_vs_default_2k_20260522_181148/checkpoint_probe_sst5_h5e3_step2000_dgdh/summary.csv,loss_or_fd,,0.0820488293132546,0.9773433433986748,0.996961966198361,,
nan,sst-5,int4,sparse_p0p1,0.02,2.152192406489704,-0.0111596809854705,,outputs/int4_sparsep0p1_probe_minmse_vs_default_2k_20260522_181148/checkpoint_probe_sst5_h5e3_step2000_dgdh/summary.csv,loss_or_fd,,0.0863503944035091,0.9836610385638568,0.9810517385472244,,
nan,sst-5,int4,sparse_p0p1,0.001,8.281163805096645,0.3160893431491858,,outputs/int4_sparsep0p1_probe_minmse_vs_default_2k_20260522_181148/probe_sst5_step0_dgdh_dirs64_20260523/summary.csv,loss_or_fd,,0.0118397058843381,0.4221626204687464,2.117868592230629,,
nan,sst-5,int4,sparse_p0p1,0.002,2.180098024908689,0.5506666935995327,,outputs/int4_sparsep0p1_probe_minmse_vs_default_2k_20260522_181148/probe_sst5_step0_dgdh_dirs64_20260523/summary.csv,loss_or_fd,,0.0245310105297781,0.6100091228584971,1.5334204390386503,,
nan,sst-5,int4,sparse_p0p1,0.003,1.082095824973949,0.6771545951754244,,outputs/int4_sparsep0p1_probe_minmse_vs_default_2k_20260522_181148/probe_sst5_step0_dgdh_dirs64_20260523/summary.csv,loss_or_fd,,0.0363971558267563,0.7394250627234666,1.2965489863098745,,
nan,sst-5,int4,sparse_p0p1,0.005,0.4499811544703797,0.772350974160675,,outputs/int4_sparsep0p1_probe_minmse_vs_default_2k_20260522_181148/probe_sst5_step0_dgdh_dirs64_20260523/summary.csv,loss_or_fd,,0.0538126111844235,0.8718283380547331,1.1212383464298763,,
nan,sst-5,int4,sparse_p0p1,0.007,0.6695614017528322,0.5805167426029875,,outputs/int4_sparsep0p1_probe_minmse_vs_default_2k_20260522_181148/probe_sst5_step0_dgdh_dirs64_20260523/summary.csv,loss_or_fd,,0.064475228469726,0.9252432324886708,1.0602757493307462,,
nan,sst-5,int4,sparse_p0p1,0.01,1.0342236713566029,0.2056133228609129,,outputs/int4_sparsep0p1_probe_minmse_vs_default_2k_20260522_181148/probe_sst5_step0_dgdh_dirs64_20260523/summary.csv,loss_or_fd,,0.0738866134066565,0.9582990668972848,1.0227209406487563,,
nan,sst-5,int4,sparse_p0p1,0.012,0.8688026480933607,0.368497929470815,,outputs/int4_sparsep0p1_probe_minmse_vs_default_2k_20260522_181148/probe_sst5_step0_dgdh_dirs64_20260523/summary.csv,loss_or_fd,,0.0778658149903145,0.9686983143207782,1.0098888812429725,,
nan,sst-5,int4,sparse_p0p1,0.015,0.851601191168541,0.3924611036534187,,outputs/int4_sparsep0p1_probe_minmse_vs_default_2k_20260522_181148/probe_sst5_step0_dgdh_dirs64_20260523/summary.csv,loss_or_fd,,0.0820141297731415,0.9773196569233614,0.9970902531679996,,
nan,sst-5,int4,sparse_p0p1,0.02,0.8890653170112249,0.3360333477224086,,outputs/int4_sparsep0p1_probe_minmse_vs_default_2k_20260522_181148/probe_sst5_step0_dgdh_dirs64_20260523/summary.csv,loss_or_fd,,0.0863229883474828,0.983661468119834,0.981208464979872,,
nan,mnli,int4,sparse_p0p1,0.0001,25.61949408227173,-0.2913907333564017,,outputs/int4_sparsep0p1_probe_minmse_vs_default_2k_20260522_181148/probes_sparse_p0p1_minmse/mnli/summary.csv,loss_or_fd,,0.0011168292089307,0.128189515911169,6.448543320057694,,
nan,mnli,int4,sparse_p0p1,0.0002,48.16542302742703,-0.1104719017145852,,outputs/int4_sparsep0p1_probe_minmse_vs_default_2k_20260522_181148/probes_sparse_p0p1_minmse/mnli/summary.csv,loss_or_fd,,0.0022551868682217,0.1825544026842405,4.57942078841152,,
nan,mnli,int4,sparse_p0p1,0.0003,30.79500719774699,0.1971833521608487,,outputs/int4_sparsep0p1_probe_minmse_vs_default_2k_20260522_181148/probes_sparse_p0p1_minmse/mnli/summary.csv,loss_or_fd,,0.0034135832565683,0.2249902957183706,3.755251983318764,,
nan,mnli,int4,sparse_p0p1,0.0005,15.56601961305028,0.2050430346108589,,outputs/int4_sparsep0p1_probe_minmse_vs_default_2k_20260522_181148/probes_sparse_p0p1_minmse/mnli/summary.csv,loss_or_fd,,0.0057834062445888,0.2938068647370087,2.932159944935628,,
nan,mnli,int4,sparse_p0p1,0.0007,9.903104669908908,0.3847962334228536,,outputs/int4_sparsep0p1_probe_minmse_vs_default_2k_20260522_181148/probes_sparse_p0p1_minmse/mnli/summary.csv,loss_or_fd,,0.0082122088371262,0.3510111174379318,2.4953959037365303,,
nan,mnli,int4,sparse_p0p1,0.00085,10.835804576925856,0.5626092294041688,,outputs/int4_sparsep0p1_probe_minmse_vs_default_2k_20260522_181148/probes_sparse_p0p1_minmse/mnli/summary.csv,loss_or_fd,,0.0100668107890497,0.3892041078923304,2.275037140520064,,
nan,mnli,int4,sparse_p0p1,0.001,7.925567531921192,0.4264194982008846,,outputs/int4_sparsep0p1_probe_minmse_vs_default_2k_20260522_181148/probes_sparse_p0p1_minmse/mnli/summary.csv,loss_or_fd,,0.0119468708915683,0.424518954826892,2.106613176334338,,
nan,mnli,int4,sparse_p0p1,0.0012,8.887881917400502,0.3711450632644663,,outputs/int4_sparsep0p1_probe_minmse_vs_default_2k_20260522_181148/probes_sparse_p0p1_minmse/mnli/summary.csv,loss_or_fd,,0.0144831200946316,0.4680159840278681,1.933064419511503,,
nan,mnli,int4,sparse_p0p1,0.0015,5.499377943523933,0.3750456798788916,,outputs/int4_sparsep0p1_probe_minmse_vs_default_2k_20260522_181148/probes_sparse_p0p1_minmse/mnli/summary.csv,loss_or_fd,,0.018333418447542,0.5273000271669306,1.7411971810744644,,
nan,mnli,int4,sparse_p0p1,0.0018,3.2917301308237508,0.3674416792568171,,outputs/int4_sparsep0p1_probe_minmse_vs_default_2k_20260522_181148/probes_sparse_p0p1_minmse/mnli/summary.csv,loss_or_fd,,0.022197601530348,0.5806914864702283,1.600411339040703,,
nan,mnli,int4,sparse_p0p1,0.002,2.261004452361515,0.4329563114865918,,outputs/int4_sparsep0p1_probe_minmse_vs_default_2k_20260522_181148/probes_sparse_p0p1_minmse/mnli/summary.csv,loss_or_fd,,0.0247541979534273,0.6133212451389584,1.525754688967642,,
nan,mnli,int4,sparse_p0p1,0.0025,1.6818224797474586,0.4687207492925854,,outputs/int4_sparsep0p1_probe_minmse_vs_default_2k_20260522_181148/probes_sparse_p0p1_minmse/mnli/summary.csv,loss_or_fd,,0.0309515748095451,0.684917132061623,1.3856532585087071,,
nan,mnli,int4,sparse_p0p1,0.003,1.2443350356174336,0.4453488061893811,,outputs/int4_sparsep0p1_probe_minmse_vs_default_2k_20260522_181148/probes_sparse_p0p1_minmse/mnli/summary.csv,loss_or_fd,,0.0367004829758382,0.7427793299986356,1.291159024864144,,
nan,mnli,int4,sparse_p0p1,0.0035,0.8216227085942454,0.6273160737619036,,outputs/int4_sparsep0p1_probe_minmse_vs_default_2k_20260522_181148/probes_sparse_p0p1_minmse/mnli/summary.csv,loss_or_fd,,0.0418895306730533,0.7884241493316733,1.2256869859618924,,
nan,mnli,int4,sparse_p0p1,0.004,0.5941229590754579,0.7629058625298509,,outputs/int4_sparsep0p1_probe_minmse_vs_default_2k_20260522_181148/probes_sparse_p0p1_minmse/mnli/summary.csv,loss_or_fd,,0.0464980760767015,0.8240836269045234,1.178972873347092,,
nan,mnli,int4,sparse_p0p1,0.005,0.3536892025116122,0.8076255108888342,,outputs/int4_sparsep0p1_probe_minmse_vs_default_2k_20260522_181148/probes_sparse_p0p1_minmse/mnli/summary.csv,loss_or_fd,,0.0541415210968077,0.8739487797780578,1.118549442760575,,
nan,mnli,int4,sparse_p0p1,0.007,0.1742518119522982,0.8677150362674391,,outputs/int4_sparsep0p1_probe_minmse_vs_default_2k_20260522_181148/probes_sparse_p0p1_minmse/mnli/summary.csv,loss_or_fd,,0.0647678518723198,0.9265149870537472,1.0586438123344213,,
nan,mnli,int4,sparse_p0p1,0.01,0.6165120062162678,0.5754770993551069,,outputs/int4_sparsep0p1_probe_minmse_vs_default_2k_20260522_181148/probes_sparse_p0p1_minmse/mnli/summary.csv,loss_or_fd,,0.0741201743942043,0.958958638626253,1.021765416684526,,
nan,rte,int4,sparse_p0p1,0.0001,206.1233579204789,0.3298454278047744,,outputs/int4_sparsep0p1_probe_minmse_vs_default_2k_20260522_181148/probes_sparse_p0p1_minmse/rte/summary.csv,loss_or_fd,,0.001112447798187,0.1275247795493347,6.4865601627675895,,
nan,rte,int4,sparse_p0p1,0.0002,119.40711945785118,0.4292322602433408,,outputs/int4_sparsep0p1_probe_minmse_vs_default_2k_20260522_181148/probes_sparse_p0p1_minmse/rte/summary.csv,loss_or_fd,,0.0022464754361542,0.1815867151675176,4.608229756406664,,
nan,rte,int4,sparse_p0p1,0.0003,68.65140528044752,0.4313120677867307,,outputs/int4_sparsep0p1_probe_minmse_vs_default_2k_20260522_181148/probes_sparse_p0p1_minmse/rte/summary.csv,loss_or_fd,,0.0034008180094316,0.2238504206931588,3.778732569977375,,
nan,rte,int4,sparse_p0p1,0.0005,40.72581083686445,0.3375483429805651,,outputs/int4_sparsep0p1_probe_minmse_vs_default_2k_20260522_181148/probes_sparse_p0p1_minmse/rte/summary.csv,loss_or_fd,,0.005759405535736,0.2922917656214971,2.9494251918451417,,
nan,rte,int4,sparse_p0p1,0.0007,28.14052637747406,0.3884134709181459,,outputs/int4_sparsep0p1_probe_minmse_vs_default_2k_20260522_181148/probes_sparse_p0p1_minmse/rte/summary.csv,loss_or_fd,,0.0081778643866485,0.3491872839714559,2.509742004168505,,
nan,rte,int4,sparse_p0p1,0.00085,18.88688084296985,0.2538650947873354,,outputs/int4_sparsep0p1_probe_minmse_vs_default_2k_20260522_181148/probes_sparse_p0p1_minmse/rte/summary.csv,loss_or_fd,,0.0100248627414824,0.3871963985330949,2.288061003341218,,
nan,rte,int4,sparse_p0p1,0.001,13.260281424658997,0.2802667791810325,,outputs/int4_sparsep0p1_probe_minmse_vs_default_2k_20260522_181148/probes_sparse_p0p1_minmse/rte/summary.csv,loss_or_fd,,0.0118969343645893,0.4223155693601443,2.118622794270528,,
nan,rte,int4,sparse_p0p1,0.0012,8.306094107566544,0.3325427027986438,,outputs/int4_sparsep0p1_probe_minmse_vs_default_2k_20260522_181148/probes_sparse_p0p1_minmse/rte/summary.csv,loss_or_fd,,0.0144227826557919,0.465587099169496,1.944043362567322,,
nan,rte,int4,sparse_p0p1,0.0015,5.644009180712009,0.2369179979649646,,outputs/int4_sparsep0p1_probe_minmse_vs_default_2k_20260522_181148/probes_sparse_p0p1_minmse/rte/summary.csv,loss_or_fd,,0.018256839059332,0.5245685328298646,1.751067354244657,,
nan,rte,int4,sparse_p0p1,0.0018,5.74894583078826,0.0851103977764068,,outputs/int4_sparsep0p1_probe_minmse_vs_default_2k_20260522_181148/probes_sparse_p0p1_minmse/rte/summary.csv,loss_or_fd,,0.0221017979691036,0.577652081317538,1.609400944074661,,
nan,rte,int4,sparse_p0p1,0.002,3.735541043353197,0.0943298644225592,,outputs/int4_sparsep0p1_probe_minmse_vs_default_2k_20260522_181148/probes_sparse_p0p1_minmse/rte/summary.csv,loss_or_fd,,0.024645805971366,0.610127313126983,1.5343091535244282,,
nan,rte,int4,sparse_p0p1,0.0025,2.74358439585629,0.2784391709530108,,outputs/int4_sparsep0p1_probe_minmse_vs_default_2k_20260522_181148/probes_sparse_p0p1_minmse/rte/summary.csv,loss_or_fd,,0.0308053278960319,0.6813743159268861,1.3930724816534237,,
nan,rte,int4,sparse_p0p1,0.003,1.4508579669794035,0.4444526171931828,,outputs/int4_sparsep0p1_probe_minmse_vs_default_2k_20260522_181148/probes_sparse_p0p1_minmse/rte/summary.csv,loss_or_fd,,0.0365226103199757,0.7391662369980272,1.2975598647572857,,
nan,rte,int4,sparse_p0p1,0.0035,1.809215873587736,0.4459790312003124,,outputs/int4_sparsep0p1_probe_minmse_vs_default_2k_20260522_181148/probes_sparse_p0p1_minmse/rte/summary.csv,loss_or_fd,,0.0416854001784247,0.7849370446587047,1.2310993435758086,,
nan,rte,int4,sparse_p0p1,0.004,1.6275640812235408,0.4405924083348448,,outputs/int4_sparsep0p1_probe_minmse_vs_default_2k_20260522_181148/probes_sparse_p0p1_minmse/rte/summary.csv,loss_or_fd,,0.0462772060772068,0.8208518937230337,1.1835380307186298,,
nan,rte,int4,sparse_p0p1,0.005,1.34697680177951,0.4761943927527268,,outputs/int4_sparsep0p1_probe_minmse_vs_default_2k_20260522_181148/probes_sparse_p0p1_minmse/rte/summary.csv,loss_or_fd,,0.0539040345890778,0.8713125534334437,1.1218736702780912,,
nan,rte,int4,sparse_p0p1,0.007,1.2868147565591377,0.1549010965997761,,outputs/int4_sparsep0p1_probe_minmse_vs_default_2k_20260522_181148/probes_sparse_p0p1_minmse/rte/summary.csv,loss_or_fd,,0.0645413111303088,0.9248291739445356,1.06064745127544,,
nan,rte,int4,sparse_p0p1,0.01,1.7006365012786244,-0.0404036008851958,,outputs/int4_sparsep0p1_probe_minmse_vs_default_2k_20260522_181148/probes_sparse_p0p1_minmse/rte/summary.csv,loss_or_fd,,0.0739328487191578,0.9580322518016824,1.0229039578166566,,
nan,sst-2,int4,sparse_p0p1,0.0001,7.011304189518272,0.205415007970504,,outputs/int4_sparsep0p1_probe_minmse_vs_default_2k_20260522_181148/probes_sparse_p0p1_minmse/sst-2/summary.csv,loss_or_fd,,0.0010995475655379,0.1267301135188359,6.520029683274061,,
nan,sst-2,int4,sparse_p0p1,0.0002,4.077894346996859,-0.045266114203599,,outputs/int4_sparsep0p1_probe_minmse_vs_default_2k_20260522_181148/probes_sparse_p0p1_minmse/sst-2/summary.csv,loss_or_fd,,0.0022227398447872,0.180554631958895,4.633314525196675,,
nan,sst-2,int4,sparse_p0p1,0.0003,5.53045445940961,-0.0828248706540144,,outputs/int4_sparsep0p1_probe_minmse_vs_default_2k_20260522_181148/probes_sparse_p0p1_minmse/sst-2/summary.csv,loss_or_fd,,0.003365019419989,0.2225560505042268,3.799541157654194,,
nan,sst-2,int4,sparse_p0p1,0.0005,3.046693488118416,0.3159716402130177,,outputs/int4_sparsep0p1_probe_minmse_vs_default_2k_20260522_181148/probes_sparse_p0p1_minmse/sst-2/summary.csv,loss_or_fd,,0.0057010538191244,0.2905707371489595,2.9661299100761105,,
nan,sst-2,int4,sparse_p0p1,0.0007,3.79183767646246,0.1749266983616915,,outputs/int4_sparsep0p1_probe_minmse_vs_default_2k_20260522_181148/probes_sparse_p0p1_minmse/sst-2/summary.csv,loss_or_fd,,0.0080931896142734,0.3470535747121305,2.523461279982114,,
nan,sst-2,int4,sparse_p0p1,0.00085,3.936835188863914,0.375333175991348,,outputs/int4_sparsep0p1_probe_minmse_vs_default_2k_20260522_181148/probes_sparse_p0p1_minmse/sst-2/summary.csv,loss_or_fd,,0.0099200888902018,0.3848004434080514,2.30036623972945,,
nan,sst-2,int4,sparse_p0p1,0.001,5.23486822670131,0.0321382737444694,,outputs/int4_sparsep0p1_probe_minmse_vs_default_2k_20260522_181148/probes_sparse_p0p1_minmse/sst-2/summary.csv,loss_or_fd,,0.0117711320917224,0.419699893104894,2.129808644160633,,
nan,sst-2,int4,sparse_p0p1,0.0012,2.858156818285837,0.2157122962616392,,outputs/int4_sparsep0p1_probe_minmse_vs_default_2k_20260522_181148/probes_sparse_p0p1_minmse/sst-2/summary.csv,loss_or_fd,,0.0142696182984897,0.4627023655731408,1.9541479897604548,,
nan,sst-2,int4,sparse_p0p1,0.0015,2.025352811277725,0.4243411723189792,,outputs/int4_sparsep0p1_probe_minmse_vs_default_2k_20260522_181148/probes_sparse_p0p1_minmse/sst-2/summary.csv,loss_or_fd,,0.018062427320375,0.5213471782173744,1.7600556279347273,,
nan,sst-2,int4,sparse_p0p1,0.0018,3.53281398923704,0.4276366997129722,,outputs/int4_sparsep0p1_probe_minmse_vs_default_2k_20260522_181148/probes_sparse_p0p1_minmse/sst-2/summary.csv,loss_or_fd,,0.0218684274888752,0.5741480954485855,1.6176089651410754,,
nan,sst-2,int4,sparse_p0p1,0.002,2.641752767799597,0.464909571034882,,outputs/int4_sparsep0p1_probe_minmse_vs_default_2k_20260522_181148/probes_sparse_p0p1_minmse/sst-2/summary.csv,loss_or_fd,,0.0243860952090486,0.6064674901912108,1.541961971555076,,
nan,sst-2,int4,sparse_p0p1,0.0025,1.4160068439925784,0.4717235757271948,,outputs/int4_sparsep0p1_probe_minmse_vs_default_2k_20260522_181148/probes_sparse_p0p1_minmse/sst-2/summary.csv,loss_or_fd,,0.0304948659179887,0.677601286672582,1.3996321924172643,,
nan,sst-2,int4,sparse_p0p1,0.003,1.008061481501052,0.5163052043458647,,outputs/int4_sparsep0p1_probe_minmse_vs_default_2k_20260522_181148/probes_sparse_p0p1_minmse/sst-2/summary.csv,loss_or_fd,,0.0361729779629482,0.7354891713171294,1.3029769606408368,,
nan,sst-2,int4,sparse_p0p1,0.0035,1.0522298736128315,0.459789339378418,,outputs/int4_sparsep0p1_probe_minmse_vs_default_2k_20260522_181148/probes_sparse_p0p1_minmse/sst-2/summary.csv,loss_or_fd,,0.0413143298351339,0.7815586774405524,1.2355781555456222,,
nan,sst-2,int4,sparse_p0p1,0.004,0.7216981456251367,0.5627905362822537,,outputs/int4_sparsep0p1_probe_minmse_vs_default_2k_20260522_181148/probes_sparse_p0p1_minmse/sst-2/summary.csv,loss_or_fd,,0.0458972378094764,0.8178602128836244,1.187266729469879,,
nan,sst-2,int4,sparse_p0p1,0.005,1.114963699449892,-0.1244236527192403,,outputs/int4_sparsep0p1_probe_minmse_vs_default_2k_20260522_181148/probes_sparse_p0p1_minmse/sst-2/summary.csv,loss_or_fd,,0.053530868962118,0.8690166250876618,1.124452199970306,,
nan,sst-2,int4,sparse_p0p1,0.007,2.508404624606711,-0.5516097759157756,,outputs/int4_sparsep0p1_probe_minmse_vs_default_2k_20260522_181148/probes_sparse_p0p1_minmse/sst-2/summary.csv,loss_or_fd,,0.0642136723964303,0.9234527203572992,1.0621830659320854,,
nan,sst-2,int4,sparse_p0p1,0.01,3.766743020984868,-0.5135218095676516,,outputs/int4_sparsep0p1_probe_minmse_vs_default_2k_20260522_181148/probes_sparse_p0p1_minmse/sst-2/summary.csv,loss_or_fd,,0.0736783951501264,0.9572985254516112,1.0237911405801707,,
nan,sst-5,int4,sparse_p0p1,0.0001,99.86751046535974,-0.3216892136317847,,outputs/int4_sparsep0p1_probe_minmse_vs_default_2k_20260522_181148/probes_sparse_p0p1_minmse/sst-5/summary.csv,loss_or_fd,,0.0011062197128659,0.1274673880820332,6.473610004777358,,
nan,sst-5,int4,sparse_p0p1,0.0002,68.75019255475048,-0.3414403777684858,,outputs/int4_sparsep0p1_probe_minmse_vs_default_2k_20260522_181148/probes_sparse_p0p1_minmse/sst-5/summary.csv,loss_or_fd,,0.0022365223237749,0.1816154989348229,4.600769932927514,,
nan,sst-5,int4,sparse_p0p1,0.0003,62.848574835329366,-0.1789435156024651,,outputs/int4_sparsep0p1_probe_minmse_vs_default_2k_20260522_181148/probes_sparse_p0p1_minmse/sst-5/summary.csv,loss_or_fd,,0.0033870256150012,0.2238957284224881,3.774126963275231,,
nan,sst-5,int4,sparse_p0p1,0.0005,42.44944853097779,0.0811661651755458,,outputs/int4_sparsep0p1_probe_minmse_vs_default_2k_20260522_181148/probes_sparse_p0p1_minmse/sst-5/summary.csv,loss_or_fd,,0.0057395113958822,0.2923252495324948,2.947129004394643,,
nan,sst-5,int4,sparse_p0p1,0.0007,38.1221004227159,0.064531484287017,,outputs/int4_sparsep0p1_probe_minmse_vs_default_2k_20260522_181148/probes_sparse_p0p1_minmse/sst-5/summary.csv,loss_or_fd,,0.0081497407270577,0.3491953275584299,2.508053873038828,,
nan,sst-5,int4,sparse_p0p1,0.00085,22.03883748009522,0.1586874163910353,,outputs/int4_sparsep0p1_probe_minmse_vs_default_2k_20260522_181148/probes_sparse_p0p1_minmse/sst-5/summary.csv,loss_or_fd,,0.0099906018550496,0.3871926701831585,2.286617293575319,,
nan,sst-5,int4,sparse_p0p1,0.001,17.965026477751227,0.1848385742447146,,outputs/int4_sparsep0p1_probe_minmse_vs_default_2k_20260522_181148/probes_sparse_p0p1_minmse/sst-5/summary.csv,loss_or_fd,,0.0118557501343219,0.4223022172401361,2.117244821479704,,
nan,sst-5,int4,sparse_p0p1,0.0012,11.57992612979488,0.2141269989394099,,outputs/int4_sparsep0p1_probe_minmse_vs_default_2k_20260522_181148/probes_sparse_p0p1_minmse/sst-5/summary.csv,loss_or_fd,,0.0143726305921372,0.4655618926693719,1.9427469020392076,,
nan,sst-5,int4,sparse_p0p1,0.0015,6.467862756562861,0.1806936894352357,,outputs/int4_sparsep0p1_probe_minmse_vs_default_2k_20260522_181148/probes_sparse_p0p1_minmse/sst-5/summary.csv,loss_or_fd,,0.018195218325547,0.5245830268881663,1.7498666447770832,,
nan,sst-5,int4,sparse_p0p1,0.0018,4.902887992144777,0.1636999675281899,,outputs/int4_sparsep0p1_probe_minmse_vs_default_2k_20260522_181148/probes_sparse_p0p1_minmse/sst-5/summary.csv,loss_or_fd,,0.0220314796003257,0.5776973514464225,1.6082636051241148,,
nan,sst-5,int4,sparse_p0p1,0.002,4.6049912334826,0.1416137159015907,,outputs/int4_sparsep0p1_probe_minmse_vs_default_2k_20260522_181148/probes_sparse_p0p1_minmse/sst-5/summary.csv,loss_or_fd,,0.0245713253640305,0.6102087456091626,1.53313691938287,,
nan,sst-5,int4,sparse_p0p1,0.0025,3.2786142703312486,0.1364851674969349,,outputs/int4_sparsep0p1_probe_minmse_vs_default_2k_20260522_181148/probes_sparse_p0p1_minmse/sst-5/summary.csv,loss_or_fd,,0.0307306458913445,0.6816208077808741,1.3919564714655956,,
nan,sst-5,int4,sparse_p0p1,0.003,2.016099559056743,0.2585759237999329,,outputs/int4_sparsep0p1_probe_minmse_vs_default_2k_20260522_181148/probes_sparse_p0p1_minmse/sst-5/summary.csv,loss_or_fd,,0.0364531698161836,0.7395190704619976,1.2964549957055431,,
nan,sst-5,int4,sparse_p0p1,0.0035,1.1346664552758927,0.5834249581028058,,outputs/int4_sparsep0p1_probe_minmse_vs_default_2k_20260522_181148/probes_sparse_p0p1_minmse/sst-5/summary.csv,loss_or_fd,,0.0416263221406965,0.7853714392729333,1.2301281902680272,,
nan,sst-5,int4,sparse_p0p1,0.004,0.9933882989619416,0.6074780910785144,,outputs/int4_sparsep0p1_probe_minmse_vs_default_2k_20260522_181148/probes_sparse_p0p1_minmse/sst-5/summary.csv,loss_or_fd,,0.0462287060199539,0.8213224505365984,1.1827329010652794,,
nan,sst-5,int4,sparse_p0p1,0.005,0.7160639329242005,0.6278422260150427,,outputs/int4_sparsep0p1_probe_minmse_vs_default_2k_20260522_181148/probes_sparse_p0p1_minmse/sst-5/summary.csv,loss_or_fd,,0.0538740850369014,0.8717613300181661,1.121258185910589,,
nan,sst-5,int4,sparse_p0p1,0.007,0.9394212045903272,0.5165973677543817,,outputs/int4_sparsep0p1_probe_minmse_vs_default_2k_20260522_181148/probes_sparse_p0p1_minmse/sst-5/summary.csv,loss_or_fd,,0.0645337563383892,0.9251668162819,1.0602837078881515,,
nan,sst-5,int4,sparse_p0p1,0.01,0.6540788227461358,0.5803132130383686,,outputs/int4_sparsep0p1_probe_minmse_vs_default_2k_20260522_181148/probes_sparse_p0p1_minmse/sst-5/summary.csv,loss_or_fd,,0.0739433073027289,0.9582432790840516,1.0227252274637846,,
nan,trec,int4,sparse_p0p1,0.0001,190.72921576790452,0.3704789372799225,,outputs/int4_sparsep0p1_probe_minmse_vs_default_2k_20260522_181148/probes_sparse_p0p1_minmse/trec/summary.csv,loss_or_fd,,0.0011092453371841,0.1274556336546366,6.479594197315582,,
nan,trec,int4,sparse_p0p1,0.0002,79.30975625337483,0.2799705620086362,,outputs/int4_sparsep0p1_probe_minmse_vs_default_2k_20260522_181148/probes_sparse_p0p1_minmse/trec/summary.csv,loss_or_fd,,0.0022420298253922,0.1815833195153965,4.603855021550146,,
nan,trec,int4,sparse_p0p1,0.0003,61.6955855143952,0.5092608932808351,,outputs/int4_sparsep0p1_probe_minmse_vs_default_2k_20260522_181148/probes_sparse_p0p1_minmse/trec/summary.csv,loss_or_fd,,0.0033944830351251,0.2238396843318135,3.775565517934388,,
nan,trec,int4,sparse_p0p1,0.0005,28.39185980925761,0.6064538853934066,,outputs/int4_sparsep0p1_probe_minmse_vs_default_2k_20260522_181148/probes_sparse_p0p1_minmse/trec/summary.csv,loss_or_fd,,0.0057519565631943,0.2923099397456847,2.947748467654621,,
nan,trec,int4,sparse_p0p1,0.0007,18.81808920964805,0.6327526679864183,,outputs/int4_sparsep0p1_probe_minmse_vs_default_2k_20260522_181148/probes_sparse_p0p1_minmse/trec/summary.csv,loss_or_fd,,0.0081673316743865,0.3491671578401766,2.508417225141167,,
nan,trec,int4,sparse_p0p1,0.00085,16.461448658971083,0.5642884268137869,,outputs/int4_sparsep0p1_probe_minmse_vs_default_2k_20260522_181148/probes_sparse_p0p1_minmse/trec/summary.csv,loss_or_fd,,0.0100123750316904,0.3871844106558754,2.286856572257516,,
nan,trec,int4,sparse_p0p1,0.001,11.549270616674288,0.6373846864775174,,outputs/int4_sparsep0p1_probe_minmse_vs_default_2k_20260522_181148/probes_sparse_p0p1_minmse/trec/summary.csv,loss_or_fd,,0.0118806597741084,0.4222893056303341,2.1173061114559304,,
nan,trec,int4,sparse_p0p1,0.0012,8.340189592813397,0.6793977716990265,,outputs/int4_sparsep0p1_probe_minmse_vs_default_2k_20260522_181148/probes_sparse_p0p1_minmse/trec/summary.csv,loss_or_fd,,0.0144019899801933,0.4655348052721422,1.9427846505226307,,
nan,trec,int4,sparse_p0p1,0.0015,5.343241921151451,0.6828028820886447,,outputs/int4_sparsep0p1_probe_minmse_vs_default_2k_20260522_181148/probes_sparse_p0p1_minmse/trec/summary.csv,loss_or_fd,,0.0182291356713564,0.5245011907213287,1.7498444367035326,,
nan,trec,int4,sparse_p0p1,0.0018,3.972367102816938,0.6105532373202756,,outputs/int4_sparsep0p1_probe_minmse_vs_default_2k_20260522_181148/probes_sparse_p0p1_minmse/trec/summary.csv,loss_or_fd,,0.022070272317422,0.5776128965986498,1.6082452778770269,,
nan,trec,int4,sparse_p0p1,0.002,3.218966028322584,0.6532853635519531,,outputs/int4_sparsep0p1_probe_minmse_vs_default_2k_20260522_181148/probes_sparse_p0p1_minmse/trec/summary.csv,loss_or_fd,,0.0246125909772938,0.6101154457649332,1.5331824811539176,,
nan,trec,int4,sparse_p0p1,0.0025,0.6466513447385674,0.7945250785397715,,outputs/int4_sparsep0p1_probe_minmse_vs_default_2k_20260522_181148/probes_sparse_p0p1_minmse/trec/summary.csv,loss_or_fd,,0.0307757729845527,0.6815034799843372,1.3921572399028337,,
nan,trec,int4,sparse_p0p1,0.003,0.4057468887631728,0.8851458819993485,,outputs/int4_sparsep0p1_probe_minmse_vs_default_2k_20260522_181148/probes_sparse_p0p1_minmse/trec/summary.csv,loss_or_fd,,0.0364968228876611,0.7393615690674677,1.296745760257254,,
nan,trec,int4,sparse_p0p1,0.0035,0.4567440007003238,0.8541924507905273,,outputs/int4_sparsep0p1_probe_minmse_vs_default_2k_20260522_181148/probes_sparse_p0p1_minmse/trec/summary.csv,loss_or_fd,,0.0416657639941737,0.7851762646334879,1.2304468061174172,,
nan,trec,int4,sparse_p0p1,0.004,0.6452421739154168,0.8105742317017938,,outputs/int4_sparsep0p1_probe_minmse_vs_default_2k_20260522_181148/probes_sparse_p0p1_minmse/trec/summary.csv,loss_or_fd,,0.0462631052929169,0.8211100031165609,1.1830104219987625,,
nan,trec,int4,sparse_p0p1,0.005,0.7053787942884323,0.7857423368751606,,outputs/int4_sparsep0p1_probe_minmse_vs_default_2k_20260522_181148/probes_sparse_p0p1_minmse/trec/summary.csv,loss_or_fd,,0.0539000047906913,0.8715714979859234,1.1215182659901457,,
nan,trec,int4,sparse_p0p1,0.007,1.383170254305884,0.5866410814124369,,outputs/int4_sparsep0p1_probe_minmse_vs_default_2k_20260522_181148/probes_sparse_p0p1_minmse/trec/summary.csv,loss_or_fd,,0.0645492494254432,0.9250389901827888,1.0604390822039722,,
nan,trec,int4,sparse_p0p1,0.01,1.027361980506016,0.4815660391806918,,outputs/int4_sparsep0p1_probe_minmse_vs_default_2k_20260522_181148/probes_sparse_p0p1_minmse/trec/summary.csv,loss_or_fd,,0.0739516705017697,0.9581743328736624,1.022800832558946,,
nan,mnli,int4,sparse_p0p1,0.005,0.8986521215915952,0.6051405922269879,,outputs/int4_sparsep0p1_probe_minmse_vs_default_2k_20260522_181148/probes_sparse_p0p1_refine/mnli/summary.csv,loss_or_fd,,0.0541249246346915,0.873580826228012,1.11900225139926,,
nan,mnli,int4,sparse_p0p1,0.006,0.6862119518459414,0.6146901322444229,,outputs/int4_sparsep0p1_probe_minmse_vs_default_2k_20260522_181148/probes_sparse_p0p1_refine/mnli/summary.csv,loss_or_fd,,0.0600672047785874,0.905268725795059,1.0825946370820594,,
nan,mnli,int4,sparse_p0p1,0.007,0.6096138040681834,0.6220025339458428,,outputs/int4_sparsep0p1_probe_minmse_vs_default_2k_20260522_181148/probes_sparse_p0p1_refine/mnli/summary.csv,loss_or_fd,,0.0647502058378248,0.926273027769968,1.058913578851755,,
nan,mnli,int4,sparse_p0p1,0.008,0.6313138444525725,0.5942123423669329,,outputs/int4_sparsep0p1_probe_minmse_vs_default_2k_20260522_181148/probes_sparse_p0p1_refine/mnli/summary.csv,loss_or_fd,,0.0685042664366627,0.9407851944509872,1.0425883336204833,,
nan,mnli,int4,sparse_p0p1,0.009,0.9319015556590424,0.3927388600886485,,outputs/int4_sparsep0p1_probe_minmse_vs_default_2k_20260522_181148/probes_sparse_p0p1_refine/mnli/summary.csv,loss_or_fd,,0.0715673246861234,0.9511694595285964,1.0308075574454725,,
nan,mnli,int4,sparse_p0p1,0.01,1.0049754941183744,0.3237490340865704,,outputs/int4_sparsep0p1_probe_minmse_vs_default_2k_20260522_181148/probes_sparse_p0p1_refine/mnli/summary.csv,loss_or_fd,,0.0741058345742251,0.9588230644371194,1.0219160631445237,,
nan,rte,int4,sparse_p0p1,0.005,2.498068208136601,0.0015583605086802,,outputs/int4_sparsep0p1_probe_minmse_vs_default_2k_20260522_181148/probes_sparse_p0p1_refine/rte/summary.csv,loss_or_fd,,0.0532909501930878,0.8657110111184941,1.1282556431805135,,
nan,rte,int4,sparse_p0p1,0.006,3.492506914619856,-0.1389784965700142,,outputs/int4_sparsep0p1_probe_minmse_vs_default_2k_20260522_181148/probes_sparse_p0p1_refine/rte/summary.csv,loss_or_fd,,0.0592474062595961,0.8989892746098911,1.089607931286981,,
nan,rte,int4,sparse_p0p1,0.007,4.036492486463429,-0.0552515011627345,,outputs/int4_sparsep0p1_probe_minmse_vs_default_2k_20260522_181148/probes_sparse_p0p1_refine/rte/summary.csv,loss_or_fd,,0.0639669079208157,0.92123869823216,1.0644522009320343,,
nan,rte,int4,sparse_p0p1,0.008,5.138429216994606,0.0068690512205877,,outputs/int4_sparsep0p1_probe_minmse_vs_default_2k_20260522_181148/probes_sparse_p0p1_refine/rte/summary.csv,loss_or_fd,,0.0677655009451445,0.9366925478498956,1.0470125501484808,,
nan,rte,int4,sparse_p0p1,0.009,2.740830780790928,0.1734476387197215,,outputs/int4_sparsep0p1_probe_minmse_vs_default_2k_20260522_181148/probes_sparse_p0p1_refine/rte/summary.csv,loss_or_fd,,0.0708758214088536,0.9477986680484124,1.0344507566741128,,
nan,rte,int4,sparse_p0p1,0.01,4.128528741426236,0.0697896162062371,,outputs/int4_sparsep0p1_probe_minmse_vs_default_2k_20260522_181148/probes_sparse_p0p1_refine/rte/summary.csv,loss_or_fd,,0.0734588069607224,0.956007016552904,1.0249562810805857,,
nan,sst-2,int4,sparse_p0p1,0.003,3.7519412780047223,-0.7119591388085575,,outputs/int4_sparsep0p1_probe_minmse_vs_default_2k_20260522_181148/probes_sparse_p0p1_refine/sst-2/summary.csv,loss_or_fd,,0.0362160476437469,0.7361315945484872,1.3020905548888202,,
nan,sst-2,int4,sparse_p0p1,0.0035,3.799147057803765,-0.6682703631039328,,outputs/int4_sparsep0p1_probe_minmse_vs_default_2k_20260522_181148/probes_sparse_p0p1_refine/sst-2/summary.csv,loss_or_fd,,0.0413639933314517,0.7821952421528862,1.234852925988323,,
nan,sst-2,int4,sparse_p0p1,0.004,2.7105298263791684,-0.5792584541781479,,outputs/int4_sparsep0p1_probe_minmse_vs_default_2k_20260522_181148/probes_sparse_p0p1_refine/sst-2/summary.csv,loss_or_fd,,0.0459505455525244,0.8184422142042919,1.186615521341455,,
nan,sst-2,int4,sparse_p0p1,0.0045,2.096202416484512,-0.4681241564048784,,outputs/int4_sparsep0p1_probe_minmse_vs_default_2k_20260522_181148/probes_sparse_p0p1_refine/sst-2/summary.csv,loss_or_fd,,0.0500073627775944,0.8469397069214778,1.1509944675876835,,
nan,sst-2,int4,sparse_p0p1,0.005,1.561794372324995,-0.5090429362383547,,outputs/int4_sparsep0p1_probe_minmse_vs_default_2k_20260522_181148/probes_sparse_p0p1_refine/sst-2/summary.csv,loss_or_fd,,0.0535897337771382,0.8694921791751888,1.1239913328632734,,
nan,sst-5,int4,sparse_p0p1,0.005,0.7857876503372655,0.5807738614688347,,outputs/int4_sparsep0p1_probe_minmse_vs_default_2k_20260522_181148/probes_sparse_p0p1_refine/sst-5/summary.csv,loss_or_fd,,0.0538223936752566,0.8713780570635443,1.121745779195964,,
nan,sst-5,int4,sparse_p0p1,0.007,0.9341226745844904,0.455107869591828,,outputs/int4_sparsep0p1_probe_minmse_vs_default_2k_20260522_181148/probes_sparse_p0p1_refine/sst-5/summary.csv,loss_or_fd,,0.0644802266976094,0.9249273712776808,1.0605557941349566,,
nan,sst-5,int4,sparse_p0p1,0.01,1.2619580159692605,0.1205422735880919,,outputs/int4_sparsep0p1_probe_minmse_vs_default_2k_20260522_181148/probes_sparse_p0p1_refine/sst-5/summary.csv,loss_or_fd,,0.0738919936865289,0.9581141683381084,1.0228419036673158,,
nan,sst-5,int4,sparse_p0p1,0.012,0.8794499032543447,0.1826879876610372,,outputs/int4_sparsep0p1_probe_minmse_vs_default_2k_20260522_181148/probes_sparse_p0p1_refine/sst-5/summary.csv,loss_or_fd,,0.0778729757625304,0.968556248024365,1.0099626258477747,,
nan,sst-5,int4,sparse_p0p1,0.015,0.6242793367056481,0.4740714435370366,,outputs/int4_sparsep0p1_probe_minmse_vs_default_2k_20260522_181148/probes_sparse_p0p1_refine/sst-5/summary.csv,loss_or_fd,,0.0820240672116757,0.9772201244988916,0.997106982732514,,
nan,sst-5,int4,sparse_p0p1,0.02,0.545682379714812,0.5816615537272932,,outputs/int4_sparsep0p1_probe_minmse_vs_default_2k_20260522_181148/probes_sparse_p0p1_refine/sst-5/summary.csv,loss_or_fd,,0.0863379514791056,0.9835933111243932,0.9811624588322324,,
nan,trec,int4,sparse_p0p1,0.0025,4.771255700244458,0.5406734268762138,,outputs/int4_sparsep0p1_probe_minmse_vs_default_2k_20260522_181148/probes_sparse_p0p1_refine/trec/summary.csv,loss_or_fd,,0.0306248230700977,0.6786899692408839,1.397703659103226,,
nan,trec,int4,sparse_p0p1,0.003,4.232421678674472,0.503344127408306,,outputs/int4_sparsep0p1_probe_minmse_vs_default_2k_20260522_181148/probes_sparse_p0p1_refine/trec/summary.csv,loss_or_fd,,0.0363144678100975,0.7364972484637036,1.301493798505855,,
nan,trec,int4,sparse_p0p1,0.0035,3.179288553252772,0.5398533595342048,,outputs/int4_sparsep0p1_probe_minmse_vs_default_2k_20260522_181148/probes_sparse_p0p1_refine/trec/summary.csv,loss_or_fd,,0.0414572378594644,0.7824127364175724,1.2344378462466663,,
nan,trec,int4,sparse_p0p1,0.004,1.8683255834408423,0.6461256406347078,,outputs/int4_sparsep0p1_probe_minmse_vs_default_2k_20260522_181148/probes_sparse_p0p1_refine/trec/summary.csv,loss_or_fd,,0.0460373670933286,0.8185558841119639,1.1864032620938212,,
nan,trec,int4,sparse_p0p1,0.0045,1.5335724766334329,0.6350451266861907,,outputs/int4_sparsep0p1_probe_minmse_vs_default_2k_20260522_181148/probes_sparse_p0p1_refine/trec/summary.csv,loss_or_fd,,0.0500853737050339,0.8469863102282964,1.150907517312091,,
facebook/opt-1.3b,sst-5,int8,dense,1e-07,,,,outputs/interval_h_selection_8h_probes/opt13b_sst5_int8/loss_mse_probe.csv,loss_or_fd,,,,,,
facebook/opt-1.3b,sst-5,int8,dense,3e-07,,,,outputs/interval_h_selection_8h_probes/opt13b_sst5_int8/loss_mse_probe.csv,loss_or_fd,,,,,,
facebook/opt-1.3b,sst-5,int8,dense,1e-06,,,,outputs/interval_h_selection_8h_probes/opt13b_sst5_int8/loss_mse_probe.csv,loss_or_fd,,,,,,
facebook/opt-1.3b,sst-5,int8,dense,3e-06,,,,outputs/interval_h_selection_8h_probes/opt13b_sst5_int8/loss_mse_probe.csv,loss_or_fd,,,,,,
facebook/opt-1.3b,sst-5,int8,dense,1e-05,,,,outputs/interval_h_selection_8h_probes/opt13b_sst5_int8/loss_mse_probe.csv,loss_or_fd,,,,,,
facebook/opt-1.3b,sst-5,int8,dense,3e-05,,,,outputs/interval_h_selection_8h_probes/opt13b_sst5_int8/loss_mse_probe.csv,loss_or_fd,,,,,,
facebook/opt-1.3b,sst-5,int8,dense,0.0001,,,,outputs/interval_h_selection_8h_probes/opt13b_sst5_int8/loss_mse_probe.csv,loss_or_fd,,,,,,
facebook/opt-1.3b,sst-5,int8,dense,0.0003,,,,outputs/interval_h_selection_8h_probes/opt13b_sst5_int8/loss_mse_probe.csv,loss_or_fd,,,,,,
facebook/opt-1.3b,sst-5,int8,dense,0.001,,,,outputs/interval_h_selection_8h_probes/opt13b_sst5_int8/loss_mse_probe.csv,loss_or_fd,,,,,,
facebook/opt-1.3b,sst-5,int8,dense,0.003,,,,outputs/interval_h_selection_8h_probes/opt13b_sst5_int8/loss_mse_probe.csv,loss_or_fd,,,,,,
facebook/opt-1.3b,sst-5,int8,dense,0.01,,,,outputs/interval_h_selection_8h_probes/opt13b_sst5_int8/loss_mse_probe.csv,loss_or_fd,,,,,,
facebook/opt-1.3b,sst-5,int8,dense,0.03,,,,outputs/interval_h_selection_8h_probes/opt13b_sst5_int8/loss_mse_probe.csv,loss_or_fd,,,,,,
facebook/opt-1.3b,sst-5,int8,sparse_p0p1,1e-07,,,,outputs/interval_h_selection_8h_probes/opt13b_sst5_int8/loss_mse_probe.csv,loss_or_fd,,,,,,
facebook/opt-1.3b,sst-5,int8,sparse_p0p1,3e-07,,,,outputs/interval_h_selection_8h_probes/opt13b_sst5_int8/loss_mse_probe.csv,loss_or_fd,,,,,,
facebook/opt-1.3b,sst-5,int8,sparse_p0p1,1e-06,,,,outputs/interval_h_selection_8h_probes/opt13b_sst5_int8/loss_mse_probe.csv,loss_or_fd,,,,,,
facebook/opt-1.3b,sst-5,int8,sparse_p0p1,3e-06,,,,outputs/interval_h_selection_8h_probes/opt13b_sst5_int8/loss_mse_probe.csv,loss_or_fd,,,,,,
facebook/opt-1.3b,sst-5,int8,sparse_p0p1,1e-05,,,,outputs/interval_h_selection_8h_probes/opt13b_sst5_int8/loss_mse_probe.csv,loss_or_fd,,,,,,
facebook/opt-1.3b,sst-5,int8,sparse_p0p1,3e-05,,,,outputs/interval_h_selection_8h_probes/opt13b_sst5_int8/loss_mse_probe.csv,loss_or_fd,,,,,,
facebook/opt-1.3b,sst-5,int8,sparse_p0p1,0.0001,,,,outputs/interval_h_selection_8h_probes/opt13b_sst5_int8/loss_mse_probe.csv,loss_or_fd,,,,,,
facebook/opt-1.3b,sst-5,int8,sparse_p0p1,0.0003,,,,outputs/interval_h_selection_8h_probes/opt13b_sst5_int8/loss_mse_probe.csv,loss_or_fd,,,,,,
facebook/opt-1.3b,sst-5,int8,sparse_p0p1,0.001,,,,outputs/interval_h_selection_8h_probes/opt13b_sst5_int8/loss_mse_probe.csv,loss_or_fd,,,,,,
facebook/opt-1.3b,sst-5,int8,sparse_p0p1,0.003,,,,outputs/interval_h_selection_8h_probes/opt13b_sst5_int8/loss_mse_probe.csv,loss_or_fd,,,,,,
facebook/opt-1.3b,sst-5,int8,sparse_p0p1,0.01,,,,outputs/interval_h_selection_8h_probes/opt13b_sst5_int8/loss_mse_probe.csv,loss_or_fd,,,,,,
facebook/opt-1.3b,sst-5,int8,sparse_p0p1,0.03,,,,outputs/interval_h_selection_8h_probes/opt13b_sst5_int8/loss_mse_probe.csv,loss_or_fd,,,,,,
facebook/opt-1.3b,nan,int4,dense,1e-05,1860.2306001764975,-0.9798207226815848,,outputs/opt13b_int4_four_settings_probe_20260522_124741/summary.csv,loss_or_fd,,0.0019225645810365,0.0509921436915214,15.96427948084082,,
facebook/opt-1.3b,nan,int4,dense,3e-05,100.07385653350822,-0.6407595385697312,,outputs/opt13b_int4_four_settings_probe_20260522_124741/summary.csv,loss_or_fd,,0.0057895082152552,0.0886534444441884,9.227597151936068,,
facebook/opt-1.3b,nan,int4,dense,0.0001,204.48905380213063,-0.1356366394553206,,outputs/opt13b_int4_four_settings_probe_20260522_124741/summary.csv,loss_or_fd,,0.019572038617399,0.1634228870847409,5.082100095789248,,
facebook/opt-1.3b,nan,int4,dense,0.0003,111.89218146522444,-0.5279610232323935,,outputs/opt13b_int4_four_settings_probe_20260522_124741/summary.csv,loss_or_fd,,0.0606168818970521,0.2891314629671628,2.9743050331054857,,
facebook/opt-1.3b,nan,int4,dense,0.001,11.69045262450469,-0.2340010149915863,,outputs/opt13b_int4_four_settings_probe_20260522_124741/summary.csv,loss_or_fd,,0.2091072052717209,0.5472120797917222,1.684868024712479,,
facebook/opt-1.3b,nan,int4,dense,0.003,2.503858864455003,-0.3602860442096181,,outputs/opt13b_int4_four_settings_probe_20260522_124741/summary.csv,loss_or_fd,,0.5331210061493847,0.8650630744272491,1.1278567411932436,,
facebook/opt-1.3b,nan,int4,dense,0.01,1.479015304629165,0.6767715553996604,,outputs/opt13b_int4_four_settings_probe_20260522_124741/summary.csv,loss_or_fd,,0.8336711329304509,0.9781813875497012,0.988086427810054,,
facebook/opt-1.3b,nan,int4,dense,0.03,1.3196899035132947,-0.4148182034741836,,outputs/opt13b_int4_four_settings_probe_20260522_124741/summary.csv,loss_or_fd,,0.9429599729677042,0.971178138173625,0.8578480488596163,,
facebook/opt-1.3b,nan,int4,dense,0.1,1.240443303691255,-0.4851011401407168,,outputs/opt13b_int4_four_settings_probe_20260522_124741/summary.csv,loss_or_fd,,0.9828157938188976,0.8802931183842194,0.4581099878912059,,
facebook/opt-1.3b,nan,int4,prefix_int4,1e-05,54.90107897388883,-0.4155347625772058,,outputs/opt13b_int4_four_settings_probe_20260522_124741/summary.csv,loss_or_fd,,1.0,1.0,1.0,,
facebook/opt-1.3b,nan,int4,prefix_int4,3e-05,4.727073557881023,0.6072963533250252,,outputs/opt13b_int4_four_settings_probe_20260522_124741/summary.csv,loss_or_fd,,1.0,1.0,1.0,,
facebook/opt-1.3b,nan,int4,prefix_int4,0.0001,0.2436352759377117,0.4247649351943882,,outputs/opt13b_int4_four_settings_probe_20260522_124741/summary.csv,loss_or_fd,,1.0,1.0,1.0,,
facebook/opt-1.3b,nan,int4,prefix_int4,0.0003,0.3388600049960395,0.9626620309106496,,outputs/opt13b_int4_four_settings_probe_20260522_124741/summary.csv,loss_or_fd,,1.0,1.0,1.0,,
facebook/opt-1.3b,nan,int4,prefix_int4,0.001,1.3978944910297024,-0.9127241998419978,,outputs/opt13b_int4_four_settings_probe_20260522_124741/summary.csv,loss_or_fd,,1.0,1.0,1.0,,
facebook/opt-1.3b,nan,int4,prefix_int4,0.003,1.2317591115509774,-0.778526636896669,,outputs/opt13b_int4_four_settings_probe_20260522_124741/summary.csv,loss_or_fd,,1.0,1.0,1.0,,
facebook/opt-1.3b,nan,int4,prefix_int4,0.01,0.9559989749299488,0.4329714511661425,,outputs/opt13b_int4_four_settings_probe_20260522_124741/summary.csv,loss_or_fd,,1.0,1.0,1.0,,
facebook/opt-1.3b,nan,int4,prefix_int4,0.03,1.0002554714206373,0.0645984440053901,,outputs/opt13b_int4_four_settings_probe_20260522_124741/summary.csv,loss_or_fd,,1.0,1.0,1.0,,
facebook/opt-1.3b,nan,int4,prefix_int4,0.1,1.001271634747856,0.2045912610104265,,outputs/opt13b_int4_four_settings_probe_20260522_124741/summary.csv,loss_or_fd,,1.0,1.0,1.0,,
facebook/opt-1.3b,nan,int4,sparse_p0p01,1e-05,298.75102861248115,0.9230872969599484,,outputs/opt13b_int4_four_settings_probe_20260522_124741/summary.csv,loss_or_fd,,2.467383941014608e-06,0.0179586419914313,8.593306525923293,,
facebook/opt-1.3b,nan,int4,sparse_p0p01,3e-05,130.55208188767264,-0.933695622633384,,outputs/opt13b_int4_four_settings_probe_20260522_124741/summary.csv,loss_or_fd,,7.596901721424527e-06,0.0319652731422924,4.979837244037426,,
facebook/opt-1.3b,nan,int4,sparse_p0p01,0.0001,5.898682497863056,-0.6345477513348466,,outputs/opt13b_int4_four_settings_probe_20260522_124741/summary.csv,loss_or_fd,,2.571050491597917e-05,0.0592007007081584,2.7399831615579924,,
facebook/opt-1.3b,nan,int4,sparse_p0p01,0.0003,8.932866318586791,-0.1066454777051841,,outputs/opt13b_int4_four_settings_probe_20260522_124741/summary.csv,loss_or_fd,,7.976550194952224e-05,0.1052247028182244,1.597931100495796,,
facebook/opt-1.3b,nan,int4,sparse_p0p01,0.001,4.069324671992833,-0.0189331017772188,,outputs/opt13b_int4_four_settings_probe_20260522_124741/summary.csv,loss_or_fd,,0.0003025838070445,0.2110587483353787,0.9227190416558492,,
facebook/opt-1.3b,nan,int4,sparse_p0p01,0.003,2.431278564921678,-0.005826293500043,,outputs/opt13b_int4_four_settings_probe_20260522_124741/summary.csv,loss_or_fd,,0.0011298877911435,0.4263269462866092,0.6197135627944476,,
facebook/opt-1.3b,nan,int4,sparse_p0p01,0.01,1.341310877567441,0.1754608903241845,,outputs/opt13b_int4_four_settings_probe_20260522_124741/summary.csv,loss_or_fd,,0.0039579199834002,0.7449974633407936,0.5050101889930787,,
facebook/opt-1.3b,nan,int4,sparse_p0p01,0.03,0.3384838641457793,0.7568339434339166,,outputs/opt13b_int4_four_settings_probe_20260522_124741/summary.csv,loss_or_fd,,0.0073995610906018,0.9367021353257196,0.4895254960575662,,
facebook/opt-1.3b,nan,int4,sparse_p0p01,0.1,4.072538107948309,-0.9138568874881716,,outputs/opt13b_int4_four_settings_probe_20260522_124741/summary.csv,loss_or_fd,,0.0092065742032395,0.951333851597864,0.4132813074354489,,
facebook/opt-1.3b,nan,int4,sparse_p0p1,1e-05,187.56024969256487,0.8690944458858504,,outputs/opt13b_int4_four_settings_probe_20260522_124741/summary.csv,loss_or_fd,,0.0001159825672705,0.0402965387183615,13.83471701673894,,
facebook/opt-1.3b,nan,int4,sparse_p0p1,3e-05,13.475914883010466,0.0366802357503586,,outputs/opt13b_int4_four_settings_probe_20260522_124741/summary.csv,loss_or_fd,,0.0003488212823867,0.0701083937900004,7.984700616834768,,
facebook/opt-1.3b,nan,int4,sparse_p0p1,0.0001,19.588522216843767,-0.1002362864271597,,outputs/opt13b_int4_four_settings_probe_20260522_124741/summary.csv,loss_or_fd,,0.001179178762767,0.1293212261961522,4.39865322012297,,
facebook/opt-1.3b,nan,int4,sparse_p0p1,0.0003,2.992231280873737,0.5648650973149939,,outputs/opt13b_int4_four_settings_probe_20260522_124741/summary.csv,loss_or_fd,,0.0036829683101839,0.2304942607042699,2.581838198550124,,
facebook/opt-1.3b,nan,int4,sparse_p0p1,0.001,0.9843764094180992,0.8322015355443646,,outputs/opt13b_int4_four_settings_probe_20260522_124741/summary.csv,loss_or_fd,,0.0137085399279991,0.4580952217626448,1.495932540636128,,
facebook/opt-1.3b,nan,int4,sparse_p0p1,0.003,1.4793299853093986,0.8309685242090233,,outputs/opt13b_int4_four_settings_probe_20260522_124741/summary.csv,loss_or_fd,,0.0416269085059563,0.7886135745106367,1.0361292395058437,,
facebook/opt-1.3b,nan,int4,sparse_p0p1,0.01,2.023265777632805,0.7528205141082767,,outputs/opt13b_int4_four_settings_probe_20260522_124741/summary.csv,loss_or_fd,,0.0751682565444045,0.9297957149055952,0.852369544136818,,
facebook/opt-1.3b,nan,int4,sparse_p0p1,0.03,1.073605101964924,0.2331512207952846,,outputs/opt13b_int4_four_settings_probe_20260522_124741/summary.csv,loss_or_fd,,0.0909566428098413,0.9606510445155908,0.6870416904983452,,
facebook/opt-1.3b,nan,int4,sparse_p0p1,0.1,1.5087446345583968,-0.4319374606186924,,outputs/opt13b_int4_four_settings_probe_20260522_124741/summary.csv,loss_or_fd,,0.0973277708722485,0.9188687990612652,0.4329973220255084,,
facebook/opt-1.3b,nan,int4,dense,0.001,10.13638380069464,,,outputs/opt13b_int4_four_settings_probe_smoke_20260522_124706/summary.csv,loss_or_fd,,0.2091123486558596,0.5472166923887042,1.6848725292211633,,
facebook/opt-1.3b,sst-2,int4,dense,0.0001,7.134383585134454,0.4043451907468795,,outputs/opt13b_int4_mezo_option_lgrid_dense_20260617_204123/sst-2/dense/summary.csv,loss_or_fd,,0.0195713138932155,0.163413409656082,5.082059428631772,,
facebook/opt-1.3b,sst-2,int4,dense,0.0003,2.820982920604885,0.6339821223655918,,outputs/opt13b_int4_mezo_option_lgrid_dense_20260617_204123/sst-2/dense/summary.csv,loss_or_fd,,0.0606115505409737,0.2891241853152259,2.9742025624760644,,
facebook/opt-1.3b,sst-2,int4,dense,0.001,0.44176848475436,0.7447239341137569,,outputs/opt13b_int4_mezo_option_lgrid_dense_20260617_204123/sst-2/dense/summary.csv,loss_or_fd,,0.209101038881474,0.5472092104268758,1.6848701293429054,,
facebook/opt-1.3b,sst-5,int4,dense,0.0001,11.651732321941136,0.245899216032212,,outputs/opt13b_int4_mezo_option_lgrid_dense_20260617_204123/sst-5/dense/summary.csv,loss_or_fd,,0.0195713138932155,0.163413409656082,5.082059428631772,,
facebook/opt-1.3b,sst-5,int4,dense,0.0003,3.69815691496288,0.0125063792509778,,outputs/opt13b_int4_mezo_option_lgrid_dense_20260617_204123/sst-5/dense/summary.csv,loss_or_fd,,0.0606115505409737,0.2891241853152259,2.9742025624760644,,
facebook/opt-1.3b,sst-5,int4,dense,0.001,1.69439463853435,0.2271910253146562,,outputs/opt13b_int4_mezo_option_lgrid_dense_20260617_204123/sst-5/dense/summary.csv,loss_or_fd,,0.209101038881474,0.5472092104268758,1.6848701293429054,,
facebook/opt-1.3b,mnli,int4,dense,1e-05,59.84300297267124,-0.0917154527803128,,outputs/opt13b_int4_mezo_option_probe64_dense_20260610_204834/mnli/dense/summary.csv,loss_or_fd,,0.00192272679932,0.0509836298860782,15.965040532577309,,
facebook/opt-1.3b,mnli,int4,dense,3e-05,13.480250006444058,0.0972136434577211,,outputs/opt13b_int4_mezo_option_probe64_dense_20260610_204834/mnli/dense/summary.csv,loss_or_fd,,0.0057883503096592,0.0886424479553292,9.226851679522015,,
facebook/opt-1.3b,mnli,int4,dense,0.0001,3.5179144943119347,-0.0135657690720753,,outputs/opt13b_int4_mezo_option_probe64_dense_20260610_204834/mnli/dense/summary.csv,loss_or_fd,,0.019570469791587,0.1634112798033604,5.081864569595584,,
facebook/opt-1.3b,mnli,int4,dense,0.0003,1.520776053366445,0.1764185846645042,,outputs/opt13b_int4_mezo_option_probe64_dense_20260610_204834/mnli/dense/summary.csv,loss_or_fd,,0.0606122523572089,0.2891199841816621,2.9742170927535736,,
facebook/opt-1.3b,mnli,int4,dense,0.001,0.9249629400481156,0.3045196791130102,,outputs/opt13b_int4_mezo_option_probe64_dense_20260610_204834/mnli/dense/summary.csv,loss_or_fd,,0.2090980318737113,0.5472039286391596,1.6848600275743757,,
facebook/opt-1.3b,mnli,int4,dense,0.003,1.0178749943133938,0.2189128729980719,,outputs/opt13b_int4_mezo_option_probe64_dense_20260610_204834/mnli/dense/summary.csv,loss_or_fd,,0.5331166739989487,0.8650628301690537,1.12786512831013,,
facebook/opt-1.3b,mnli,int4,dense,0.01,1.093490206464805,0.1141162167982755,,outputs/opt13b_int4_mezo_option_probe64_dense_20260610_204834/mnli/dense/summary.csv,loss_or_fd,,0.8336640979654882,0.9781815452701288,0.988086156610768,,
facebook/opt-1.3b,mnli,int4,dense,0.03,1.0801614026255493,-0.0732782259426354,,outputs/opt13b_int4_mezo_option_probe64_dense_20260610_204834/mnli/dense/summary.csv,loss_or_fd,,0.9429554398456176,0.9711799274311284,0.8578506487033106,,
facebook/opt-1.3b,mnli,int4,dense,0.1,1.0410762299857708,0.0181609966117458,,outputs/opt13b_int4_mezo_option_probe64_dense_20260610_204834/mnli/dense/summary.csv,loss_or_fd,,0.9828138735093592,0.8802939000620591,0.4581121219439539,,
facebook/opt-1.3b,rte,int4,dense,1e-05,139.99932198542416,-0.081604116154497,,outputs/opt13b_int4_mezo_option_probe64_dense_20260610_204834/rte/dense/summary.csv,loss_or_fd,,0.00192272679932,0.0509836298860782,15.965040532577309,,
facebook/opt-1.3b,rte,int4,dense,3e-05,30.996142295271525,-0.0025570350657911,,outputs/opt13b_int4_mezo_option_probe64_dense_20260610_204834/rte/dense/summary.csv,loss_or_fd,,0.0057883503096592,0.0886424479553292,9.226851679522015,,
facebook/opt-1.3b,rte,int4,dense,0.0001,9.857243095245112,0.0541045036604116,,outputs/opt13b_int4_mezo_option_probe64_dense_20260610_204834/rte/dense/summary.csv,loss_or_fd,,0.019570469791587,0.1634112798033604,5.081864569595584,,
facebook/opt-1.3b,rte,int4,dense,0.0003,3.733702174206957,0.1493779336322368,,outputs/opt13b_int4_mezo_option_probe64_dense_20260610_204834/rte/dense/summary.csv,loss_or_fd,,0.0606122523572089,0.2891199841816621,2.9742170927535736,,
facebook/opt-1.3b,rte,int4,dense,0.001,1.3977317999725178,0.1932769939431251,,outputs/opt13b_int4_mezo_option_probe64_dense_20260610_204834/rte/dense/summary.csv,loss_or_fd,,0.2090980318737113,0.5472039286391596,1.6848600275743757,,
facebook/opt-1.3b,rte,int4,dense,0.003,0.8970140518761225,0.3484473097811364,,outputs/opt13b_int4_mezo_option_probe64_dense_20260610_204834/rte/dense/summary.csv,loss_or_fd,,0.5331166739989487,0.8650628301690537,1.12786512831013,,
facebook/opt-1.3b,rte,int4,dense,0.01,1.173424265370011,-0.0268176041274164,,outputs/opt13b_int4_mezo_option_probe64_dense_20260610_204834/rte/dense/summary.csv,loss_or_fd,,0.8336640979654882,0.9781815452701288,0.988086156610768,,
facebook/opt-1.3b,rte,int4,dense,0.03,1.098162665608183,-0.0794983405495791,,outputs/opt13b_int4_mezo_option_probe64_dense_20260610_204834/rte/dense/summary.csv,loss_or_fd,,0.9429554398456176,0.9711799274311284,0.8578506487033106,,
facebook/opt-1.3b,rte,int4,dense,0.1,1.016746918010332,0.0880551526668358,,outputs/opt13b_int4_mezo_option_probe64_dense_20260610_204834/rte/dense/summary.csv,loss_or_fd,,0.9828138735093592,0.8802939000620591,0.4581121219439539,,
facebook/opt-1.3b,sst-2,int4,dense,1e-05,84.83140504643785,0.1134889522473269,,outputs/opt13b_int4_mezo_option_probe64_dense_20260610_204834/sst-2/dense/summary.csv,loss_or_fd,,0.00192272679932,0.0509836298860782,15.965040532577309,,
facebook/opt-1.3b,sst-2,int4,dense,3e-05,31.44258096914325,0.1605212893839367,,outputs/opt13b_int4_mezo_option_probe64_dense_20260610_204834/sst-2/dense/summary.csv,loss_or_fd,,0.0057883503096592,0.0886424479553292,9.226851679522015,,
facebook/opt-1.3b,sst-2,int4,dense,0.0001,12.18097465929925,0.0027025640064453,,outputs/opt13b_int4_mezo_option_probe64_dense_20260610_204834/sst-2/dense/summary.csv,loss_or_fd,,0.019570469791587,0.1634112798033604,5.081864569595584,,
facebook/opt-1.3b,sst-2,int4,dense,0.0003,5.515730819452456,-0.1202915504734417,,outputs/opt13b_int4_mezo_option_probe64_dense_20260610_204834/sst-2/dense/summary.csv,loss_or_fd,,0.0606122523572089,0.2891199841816621,2.9742170927535736,,
facebook/opt-1.3b,sst-2,int4,dense,0.001,2.260738884797008,0.1159382544106458,,outputs/opt13b_int4_mezo_option_probe64_dense_20260610_204834/sst-2/dense/summary.csv,loss_or_fd,,0.2090980318737113,0.5472039286391596,1.6848600275743757,,
facebook/opt-1.3b,sst-2,int4,dense,0.003,1.1019842024533892,0.4343815785311857,,outputs/opt13b_int4_mezo_option_probe64_dense_20260610_204834/sst-2/dense/summary.csv,loss_or_fd,,0.5331166739989487,0.8650628301690537,1.12786512831013,,
facebook/opt-1.3b,sst-2,int4,dense,0.01,1.13858117133793,0.1112971394207083,,outputs/opt13b_int4_mezo_option_probe64_dense_20260610_204834/sst-2/dense/summary.csv,loss_or_fd,,0.8336640979654882,0.9781815452701288,0.988086156610768,,
facebook/opt-1.3b,sst-2,int4,dense,0.03,1.0542956461121242,0.0415999335184464,,outputs/opt13b_int4_mezo_option_probe64_dense_20260610_204834/sst-2/dense/summary.csv,loss_or_fd,,0.9429554398456176,0.9711799274311284,0.8578506487033106,,
facebook/opt-1.3b,sst-2,int4,dense,0.1,1.089753406493064,-0.1223581916569541,,outputs/opt13b_int4_mezo_option_probe64_dense_20260610_204834/sst-2/dense/summary.csv,loss_or_fd,,0.9828138735093592,0.8802939000620591,0.4581121219439539,,
facebook/opt-1.3b,sst-5,int4,dense,1e-05,88.57868468245888,0.0493994737561275,,outputs/opt13b_int4_mezo_option_probe64_dense_20260610_204834/sst-5/dense/summary.csv,loss_or_fd,,0.00192272679932,0.0509836298860782,15.965040532577309,,
facebook/opt-1.3b,sst-5,int4,dense,3e-05,37.69604049524689,0.2174907208239008,,outputs/opt13b_int4_mezo_option_probe64_dense_20260610_204834/sst-5/dense/summary.csv,loss_or_fd,,0.0057883503096592,0.0886424479553292,9.226851679522015,,
facebook/opt-1.3b,sst-5,int4,dense,0.0001,9.88147217544338,0.0918162704461859,,outputs/opt13b_int4_mezo_option_probe64_dense_20260610_204834/sst-5/dense/summary.csv,loss_or_fd,,0.019570469791587,0.1634112798033604,5.081864569595584,,
facebook/opt-1.3b,sst-5,int4,dense,0.0003,4.531671836301123,0.0071379939732615,,outputs/opt13b_int4_mezo_option_probe64_dense_20260610_204834/sst-5/dense/summary.csv,loss_or_fd,,0.0606122523572089,0.2891199841816621,2.9742170927535736,,
facebook/opt-1.3b,sst-5,int4,dense,0.001,1.4101420410855772,0.423742028137796,,outputs/opt13b_int4_mezo_option_probe64_dense_20260610_204834/sst-5/dense/summary.csv,loss_or_fd,,0.2090980318737113,0.5472039286391596,1.6848600275743757,,
facebook/opt-1.3b,sst-5,int4,dense,0.003,0.9386501693430338,0.531742098408334,,outputs/opt13b_int4_mezo_option_probe64_dense_20260610_204834/sst-5/dense/summary.csv,loss_or_fd,,0.5331166739989487,0.8650628301690537,1.12786512831013,,
facebook/opt-1.3b,sst-5,int4,dense,0.01,0.9201008429467435,0.3527246070313609,,outputs/opt13b_int4_mezo_option_probe64_dense_20260610_204834/sst-5/dense/summary.csv,loss_or_fd,,0.8336640979654882,0.9781815452701288,0.988086156610768,,
facebook/opt-1.3b,sst-5,int4,dense,0.03,0.9998107795114776,0.187361164706466,,outputs/opt13b_int4_mezo_option_probe64_dense_20260610_204834/sst-5/dense/summary.csv,loss_or_fd,,0.9429554398456176,0.9711799274311284,0.8578506487033106,,
facebook/opt-1.3b,sst-5,int4,dense,0.1,1.0630316364635846,0.0131959712402178,,outputs/opt13b_int4_mezo_option_probe64_dense_20260610_204834/sst-5/dense/summary.csv,loss_or_fd,,0.9828138735093592,0.8802939000620591,0.4581121219439539,,
facebook/opt-1.3b,sst-2,int4,dense,1e-05,84.83140504643785,0.1134889522473269,,outputs/opt13b_int4_mezo_option_probe64_dense_20260610_204834/summary.csv,loss_or_fd,,0.00192272679932,0.0509836298860782,15.965040532577309,,
facebook/opt-1.3b,sst-2,int4,dense,3e-05,31.44258096914325,0.1605212893839367,,outputs/opt13b_int4_mezo_option_probe64_dense_20260610_204834/summary.csv,loss_or_fd,,0.0057883503096592,0.0886424479553292,9.226851679522015,,
facebook/opt-1.3b,sst-2,int4,dense,0.0001,12.18097465929925,0.0027025640064453,,outputs/opt13b_int4_mezo_option_probe64_dense_20260610_204834/summary.csv,loss_or_fd,,0.019570469791587,0.1634112798033604,5.081864569595584,,
facebook/opt-1.3b,sst-2,int4,dense,0.0003,5.515730819452456,-0.1202915504734417,,outputs/opt13b_int4_mezo_option_probe64_dense_20260610_204834/summary.csv,loss_or_fd,,0.0606122523572089,0.2891199841816621,2.9742170927535736,,
facebook/opt-1.3b,sst-2,int4,dense,0.001,2.260738884797008,0.1159382544106458,,outputs/opt13b_int4_mezo_option_probe64_dense_20260610_204834/summary.csv,loss_or_fd,,0.2090980318737113,0.5472039286391596,1.6848600275743757,,
facebook/opt-1.3b,sst-2,int4,dense,0.003,1.1019842024533892,0.4343815785311857,,outputs/opt13b_int4_mezo_option_probe64_dense_20260610_204834/summary.csv,loss_or_fd,,0.5331166739989487,0.8650628301690537,1.12786512831013,,
facebook/opt-1.3b,sst-2,int4,dense,0.01,1.13858117133793,0.1112971394207083,,outputs/opt13b_int4_mezo_option_probe64_dense_20260610_204834/summary.csv,loss_or_fd,,0.8336640979654882,0.9781815452701288,0.988086156610768,,
facebook/opt-1.3b,sst-2,int4,dense,0.03,1.0542956461121242,0.0415999335184464,,outputs/opt13b_int4_mezo_option_probe64_dense_20260610_204834/summary.csv,loss_or_fd,,0.9429554398456176,0.9711799274311284,0.8578506487033106,,
facebook/opt-1.3b,sst-2,int4,dense,0.1,1.089753406493064,-0.1223581916569541,,outputs/opt13b_int4_mezo_option_probe64_dense_20260610_204834/summary.csv,loss_or_fd,,0.9828138735093592,0.8802939000620591,0.4581121219439539,,
facebook/opt-1.3b,sst-5,int4,dense,1e-05,88.57868468245888,0.0493994737561275,,outputs/opt13b_int4_mezo_option_probe64_dense_20260610_204834/summary.csv,loss_or_fd,,0.00192272679932,0.0509836298860782,15.965040532577309,,
facebook/opt-1.3b,sst-5,int4,dense,3e-05,37.69604049524689,0.2174907208239008,,outputs/opt13b_int4_mezo_option_probe64_dense_20260610_204834/summary.csv,loss_or_fd,,0.0057883503096592,0.0886424479553292,9.226851679522015,,
facebook/opt-1.3b,sst-5,int4,dense,0.0001,9.88147217544338,0.0918162704461859,,outputs/opt13b_int4_mezo_option_probe64_dense_20260610_204834/summary.csv,loss_or_fd,,0.019570469791587,0.1634112798033604,5.081864569595584,,
facebook/opt-1.3b,sst-5,int4,dense,0.0003,4.531671836301123,0.0071379939732615,,outputs/opt13b_int4_mezo_option_probe64_dense_20260610_204834/summary.csv,loss_or_fd,,0.0606122523572089,0.2891199841816621,2.9742170927535736,,
facebook/opt-1.3b,sst-5,int4,dense,0.001,1.4101420410855772,0.423742028137796,,outputs/opt13b_int4_mezo_option_probe64_dense_20260610_204834/summary.csv,loss_or_fd,,0.2090980318737113,0.5472039286391596,1.6848600275743757,,
facebook/opt-1.3b,sst-5,int4,dense,0.003,0.9386501693430338,0.531742098408334,,outputs/opt13b_int4_mezo_option_probe64_dense_20260610_204834/summary.csv,loss_or_fd,,0.5331166739989487,0.8650628301690537,1.12786512831013,,
facebook/opt-1.3b,sst-5,int4,dense,0.01,0.9201008429467435,0.3527246070313609,,outputs/opt13b_int4_mezo_option_probe64_dense_20260610_204834/summary.csv,loss_or_fd,,0.8336640979654882,0.9781815452701288,0.988086156610768,,
facebook/opt-1.3b,sst-5,int4,dense,0.03,0.9998107795114776,0.187361164706466,,outputs/opt13b_int4_mezo_option_probe64_dense_20260610_204834/summary.csv,loss_or_fd,,0.9429554398456176,0.9711799274311284,0.8578506487033106,,
facebook/opt-1.3b,sst-5,int4,dense,0.1,1.0630316364635846,0.0131959712402178,,outputs/opt13b_int4_mezo_option_probe64_dense_20260610_204834/summary.csv,loss_or_fd,,0.9828138735093592,0.8802939000620591,0.4581121219439539,,
facebook/opt-1.3b,rte,int4,dense,1e-05,139.99932198542416,-0.081604116154497,,outputs/opt13b_int4_mezo_option_probe64_dense_20260610_204834/summary.csv,loss_or_fd,,0.00192272679932,0.0509836298860782,15.965040532577309,,
facebook/opt-1.3b,rte,int4,dense,3e-05,30.996142295271525,-0.0025570350657911,,outputs/opt13b_int4_mezo_option_probe64_dense_20260610_204834/summary.csv,loss_or_fd,,0.0057883503096592,0.0886424479553292,9.226851679522015,,
facebook/opt-1.3b,rte,int4,dense,0.0001,9.857243095245112,0.0541045036604116,,outputs/opt13b_int4_mezo_option_probe64_dense_20260610_204834/summary.csv,loss_or_fd,,0.019570469791587,0.1634112798033604,5.081864569595584,,
facebook/opt-1.3b,rte,int4,dense,0.0003,3.733702174206957,0.1493779336322368,,outputs/opt13b_int4_mezo_option_probe64_dense_20260610_204834/summary.csv,loss_or_fd,,0.0606122523572089,0.2891199841816621,2.9742170927535736,,
facebook/opt-1.3b,rte,int4,dense,0.001,1.3977317999725178,0.1932769939431251,,outputs/opt13b_int4_mezo_option_probe64_dense_20260610_204834/summary.csv,loss_or_fd,,0.2090980318737113,0.5472039286391596,1.6848600275743757,,
facebook/opt-1.3b,rte,int4,dense,0.003,0.8970140518761225,0.3484473097811364,,outputs/opt13b_int4_mezo_option_probe64_dense_20260610_204834/summary.csv,loss_or_fd,,0.5331166739989487,0.8650628301690537,1.12786512831013,,
facebook/opt-1.3b,rte,int4,dense,0.01,1.173424265370011,-0.0268176041274164,,outputs/opt13b_int4_mezo_option_probe64_dense_20260610_204834/summary.csv,loss_or_fd,,0.8336640979654882,0.9781815452701288,0.988086156610768,,
facebook/opt-1.3b,rte,int4,dense,0.03,1.098162665608183,-0.0794983405495791,,outputs/opt13b_int4_mezo_option_probe64_dense_20260610_204834/summary.csv,loss_or_fd,,0.9429554398456176,0.9711799274311284,0.8578506487033106,,
facebook/opt-1.3b,rte,int4,dense,0.1,1.016746918010332,0.0880551526668358,,outputs/opt13b_int4_mezo_option_probe64_dense_20260610_204834/summary.csv,loss_or_fd,,0.9828138735093592,0.8802939000620591,0.4581121219439539,,
facebook/opt-1.3b,mnli,int4,dense,1e-05,59.84300297267124,-0.0917154527803128,,outputs/opt13b_int4_mezo_option_probe64_dense_20260610_204834/summary.csv,loss_or_fd,,0.00192272679932,0.0509836298860782,15.965040532577309,,
facebook/opt-1.3b,mnli,int4,dense,3e-05,13.480250006444058,0.0972136434577211,,outputs/opt13b_int4_mezo_option_probe64_dense_20260610_204834/summary.csv,loss_or_fd,,0.0057883503096592,0.0886424479553292,9.226851679522015,,
facebook/opt-1.3b,mnli,int4,dense,0.0001,3.5179144943119347,-0.0135657690720753,,outputs/opt13b_int4_mezo_option_probe64_dense_20260610_204834/summary.csv,loss_or_fd,,0.019570469791587,0.1634112798033604,5.081864569595584,,
facebook/opt-1.3b,mnli,int4,dense,0.0003,1.520776053366445,0.1764185846645042,,outputs/opt13b_int4_mezo_option_probe64_dense_20260610_204834/summary.csv,loss_or_fd,,0.0606122523572089,0.2891199841816621,2.9742170927535736,,
facebook/opt-1.3b,mnli,int4,dense,0.001,0.9249629400481156,0.3045196791130102,,outputs/opt13b_int4_mezo_option_probe64_dense_20260610_204834/summary.csv,loss_or_fd,,0.2090980318737113,0.5472039286391596,1.6848600275743757,,
facebook/opt-1.3b,mnli,int4,dense,0.003,1.0178749943133938,0.2189128729980719,,outputs/opt13b_int4_mezo_option_probe64_dense_20260610_204834/summary.csv,loss_or_fd,,0.5331166739989487,0.8650628301690537,1.12786512831013,,
facebook/opt-1.3b,mnli,int4,dense,0.01,1.093490206464805,0.1141162167982755,,outputs/opt13b_int4_mezo_option_probe64_dense_20260610_204834/summary.csv,loss_or_fd,,0.8336640979654882,0.9781815452701288,0.988086156610768,,
facebook/opt-1.3b,mnli,int4,dense,0.03,1.0801614026255493,-0.0732782259426354,,outputs/opt13b_int4_mezo_option_probe64_dense_20260610_204834/summary.csv,loss_or_fd,,0.9429554398456176,0.9711799274311284,0.8578506487033106,,
facebook/opt-1.3b,mnli,int4,dense,0.1,1.0410762299857708,0.0181609966117458,,outputs/opt13b_int4_mezo_option_probe64_dense_20260610_204834/summary.csv,loss_or_fd,,0.9828138735093592,0.8802939000620591,0.4581121219439539,,
facebook/opt-1.3b,sst-5,int4,dense,1e-05,133.2843145092627,0.0831056215986489,,outputs/opt13b_int4_mezo_option_probe64_dense_lowbitL_sst2_sst5_20260617/sst-2/dense/summary.csv,loss_or_fd,,0.0019226907105702,0.0509829410124917,15.965451015568185,,
facebook/opt-1.3b,sst-5,int4,dense,3e-05,46.29740335099903,-0.0631464830739466,,outputs/opt13b_int4_mezo_option_probe64_dense_lowbitL_sst2_sst5_20260617/sst-2/dense/summary.csv,loss_or_fd,,0.0057883294713166,0.0886374154843928,9.22690026009542,,
facebook/opt-1.3b,sst-5,int4,dense,0.0001,10.605061588967134,0.0929814191795797,,outputs/opt13b_int4_mezo_option_probe64_dense_lowbitL_sst2_sst5_20260617/sst-2/dense/summary.csv,loss_or_fd,,0.0195710665882668,0.1634149064756546,5.081977675377349,,
facebook/opt-1.3b,sst-5,int4,dense,0.0003,4.645865130825273,0.0002700298934993,,outputs/opt13b_int4_mezo_option_probe64_dense_lowbitL_sst2_sst5_20260617/sst-2/dense/summary.csv,loss_or_fd,,0.0606119721455292,0.2891258721741526,2.9742038631106533,,
facebook/opt-1.3b,sst-5,int4,dense,0.001,1.0430473403590206,0.4441108654149038,,outputs/opt13b_int4_mezo_option_probe64_dense_lowbitL_sst2_sst5_20260617/sst-2/dense/summary.csv,loss_or_fd,,0.2090994572629117,0.54720828284068,1.6848616626170845,,
facebook/opt-1.3b,sst-5,int4,dense,0.003,0.919487526774848,0.476484115819874,,outputs/opt13b_int4_mezo_option_probe64_dense_lowbitL_sst2_sst5_20260617/sst-2/dense/summary.csv,loss_or_fd,,0.5331178565587228,0.8650638240759161,1.1278638539883088,,
facebook/opt-1.3b,sst-5,int4,dense,0.01,1.1930592559710236,0.1473496565073251,,outputs/opt13b_int4_mezo_option_probe64_dense_lowbitL_sst2_sst5_20260617/sst-2/dense/summary.csv,loss_or_fd,,0.8336630618173836,0.9781818256296566,0.9880867780767848,,
facebook/opt-1.3b,sst-5,int4,dense,0.03,0.9976658005290004,0.1395843780389504,,outputs/opt13b_int4_mezo_option_probe64_dense_lowbitL_sst2_sst5_20260617/sst-2/dense/summary.csv,loss_or_fd,,0.9429538751072768,0.9711795964987918,0.8578506404282669,,
facebook/opt-1.3b,sst-5,int4,dense,0.1,0.989220918520602,0.1394098217938112,,outputs/opt13b_int4_mezo_option_probe64_dense_lowbitL_sst2_sst5_20260617/sst-2/dense/summary.csv,loss_or_fd,,0.9828136163608482,0.8802933952962863,0.4581117629676122,,
facebook/opt-1.3b,sst-5,int4,dense,1e-05,80.34007232882185,0.1979296362107703,,outputs/opt13b_int4_mezo_option_probe64_dense_lowbitL_sst2_sst5_20260617/sst-5/dense/summary.csv,loss_or_fd,,0.0019226907105702,0.0509829410124917,15.965451015568185,,
facebook/opt-1.3b,sst-5,int4,dense,3e-05,30.612152420418564,0.2069538137113881,,outputs/opt13b_int4_mezo_option_probe64_dense_lowbitL_sst2_sst5_20260617/sst-5/dense/summary.csv,loss_or_fd,,0.0057883294713166,0.0886374154843928,9.22690026009542,,
facebook/opt-1.3b,sst-5,int4,dense,0.0001,9.020183335637638,0.252085645074772,,outputs/opt13b_int4_mezo_option_probe64_dense_lowbitL_sst2_sst5_20260617/sst-5/dense/summary.csv,loss_or_fd,,0.0195710665882668,0.1634149064756546,5.081977675377349,,
facebook/opt-1.3b,sst-5,int4,dense,0.0003,3.1480236792918195,0.1594799422964851,,outputs/opt13b_int4_mezo_option_probe64_dense_lowbitL_sst2_sst5_20260617/sst-5/dense/summary.csv,loss_or_fd,,0.0606119721455292,0.2891258721741526,2.9742038631106533,,
facebook/opt-1.3b,sst-5,int4,dense,0.001,1.0461633530319547,0.524053015906562,,outputs/opt13b_int4_mezo_option_probe64_dense_lowbitL_sst2_sst5_20260617/sst-5/dense/summary.csv,loss_or_fd,,0.2090994572629117,0.54720828284068,1.6848616626170845,,
facebook/opt-1.3b,sst-5,int4,dense,0.003,1.0946962681217067,0.4526590048259775,,outputs/opt13b_int4_mezo_option_probe64_dense_lowbitL_sst2_sst5_20260617/sst-5/dense/summary.csv,loss_or_fd,,0.5331178565587228,0.8650638240759161,1.1278638539883088,,
facebook/opt-1.3b,sst-5,int4,dense,0.01,1.391927224326688,-0.0586093317978275,,outputs/opt13b_int4_mezo_option_probe64_dense_lowbitL_sst2_sst5_20260617/sst-5/dense/summary.csv,loss_or_fd,,0.8336630618173836,0.9781818256296566,0.9880867780767848,,
facebook/opt-1.3b,sst-5,int4,dense,0.03,1.136467095486046,-0.0353033765097648,,outputs/opt13b_int4_mezo_option_probe64_dense_lowbitL_sst2_sst5_20260617/sst-5/dense/summary.csv,loss_or_fd,,0.9429538751072768,0.9711795964987918,0.8578506404282669,,
facebook/opt-1.3b,sst-5,int4,dense,0.1,1.0398885580929578,0.0173256280090828,,outputs/opt13b_int4_mezo_option_probe64_dense_lowbitL_sst2_sst5_20260617/sst-5/dense/summary.csv,loss_or_fd,,0.9828136163608482,0.8802933952962863,0.4581117629676122,,
facebook/opt-1.3b,sst-5,int4,dense,1e-05,133.2843145092627,0.0831056215986489,,outputs/opt13b_int4_mezo_option_probe64_dense_lowbitL_sst2_sst5_20260617/summary.csv,loss_or_fd,,0.0019226907105702,0.0509829410124917,15.965451015568185,,
facebook/opt-1.3b,sst-5,int4,dense,3e-05,46.29740335099903,-0.0631464830739466,,outputs/opt13b_int4_mezo_option_probe64_dense_lowbitL_sst2_sst5_20260617/summary.csv,loss_or_fd,,0.0057883294713166,0.0886374154843928,9.22690026009542,,
facebook/opt-1.3b,sst-5,int4,dense,0.0001,10.605061588967134,0.0929814191795797,,outputs/opt13b_int4_mezo_option_probe64_dense_lowbitL_sst2_sst5_20260617/summary.csv,loss_or_fd,,0.0195710665882668,0.1634149064756546,5.081977675377349,,
facebook/opt-1.3b,sst-5,int4,dense,0.0003,4.645865130825273,0.0002700298934993,,outputs/opt13b_int4_mezo_option_probe64_dense_lowbitL_sst2_sst5_20260617/summary.csv,loss_or_fd,,0.0606119721455292,0.2891258721741526,2.9742038631106533,,
facebook/opt-1.3b,sst-5,int4,dense,0.001,1.0430473403590206,0.4441108654149038,,outputs/opt13b_int4_mezo_option_probe64_dense_lowbitL_sst2_sst5_20260617/summary.csv,loss_or_fd,,0.2090994572629117,0.54720828284068,1.6848616626170845,,
facebook/opt-1.3b,sst-5,int4,dense,0.003,0.919487526774848,0.476484115819874,,outputs/opt13b_int4_mezo_option_probe64_dense_lowbitL_sst2_sst5_20260617/summary.csv,loss_or_fd,,0.5331178565587228,0.8650638240759161,1.1278638539883088,,
facebook/opt-1.3b,sst-5,int4,dense,0.01,1.1930592559710236,0.1473496565073251,,outputs/opt13b_int4_mezo_option_probe64_dense_lowbitL_sst2_sst5_20260617/summary.csv,loss_or_fd,,0.8336630618173836,0.9781818256296566,0.9880867780767848,,
facebook/opt-1.3b,sst-5,int4,dense,0.03,0.9976658005290004,0.1395843780389504,,outputs/opt13b_int4_mezo_option_probe64_dense_lowbitL_sst2_sst5_20260617/summary.csv,loss_or_fd,,0.9429538751072768,0.9711795964987918,0.8578506404282669,,
facebook/opt-1.3b,sst-5,int4,dense,0.1,0.989220918520602,0.1394098217938112,,outputs/opt13b_int4_mezo_option_probe64_dense_lowbitL_sst2_sst5_20260617/summary.csv,loss_or_fd,,0.9828136163608482,0.8802933952962863,0.4581117629676122,,
facebook/opt-1.3b,sst-5,int4,dense,1e-05,80.34007232882185,0.1979296362107703,,outputs/opt13b_int4_mezo_option_probe64_dense_lowbitL_sst2_sst5_20260617/summary.csv,loss_or_fd,,0.0019226907105702,0.0509829410124917,15.965451015568185,,
facebook/opt-1.3b,sst-5,int4,dense,3e-05,30.612152420418564,0.2069538137113881,,outputs/opt13b_int4_mezo_option_probe64_dense_lowbitL_sst2_sst5_20260617/summary.csv,loss_or_fd,,0.0057883294713166,0.0886374154843928,9.22690026009542,,
facebook/opt-1.3b,sst-5,int4,dense,0.0001,9.020183335637638,0.252085645074772,,outputs/opt13b_int4_mezo_option_probe64_dense_lowbitL_sst2_sst5_20260617/summary.csv,loss_or_fd,,0.0195710665882668,0.1634149064756546,5.081977675377349,,
facebook/opt-1.3b,sst-5,int4,dense,0.0003,3.1480236792918195,0.1594799422964851,,outputs/opt13b_int4_mezo_option_probe64_dense_lowbitL_sst2_sst5_20260617/summary.csv,loss_or_fd,,0.0606119721455292,0.2891258721741526,2.9742038631106533,,
facebook/opt-1.3b,sst-5,int4,dense,0.001,1.0461633530319547,0.524053015906562,,outputs/opt13b_int4_mezo_option_probe64_dense_lowbitL_sst2_sst5_20260617/summary.csv,loss_or_fd,,0.2090994572629117,0.54720828284068,1.6848616626170845,,
facebook/opt-1.3b,sst-5,int4,dense,0.003,1.0946962681217067,0.4526590048259775,,outputs/opt13b_int4_mezo_option_probe64_dense_lowbitL_sst2_sst5_20260617/summary.csv,loss_or_fd,,0.5331178565587228,0.8650638240759161,1.1278638539883088,,
facebook/opt-1.3b,sst-5,int4,dense,0.01,1.391927224326688,-0.0586093317978275,,outputs/opt13b_int4_mezo_option_probe64_dense_lowbitL_sst2_sst5_20260617/summary.csv,loss_or_fd,,0.8336630618173836,0.9781818256296566,0.9880867780767848,,
facebook/opt-1.3b,sst-5,int4,dense,0.03,1.136467095486046,-0.0353033765097648,,outputs/opt13b_int4_mezo_option_probe64_dense_lowbitL_sst2_sst5_20260617/summary.csv,loss_or_fd,,0.9429538751072768,0.9711795964987918,0.8578506404282669,,
facebook/opt-1.3b,sst-5,int4,dense,0.1,1.0398885580929578,0.0173256280090828,,outputs/opt13b_int4_mezo_option_probe64_dense_lowbitL_sst2_sst5_20260617/summary.csv,loss_or_fd,,0.9828136163608482,0.8802933952962863,0.4581117629676122,,
facebook/opt-1.3b,trec,int4,dense,1e-05,79.4942474695763,0.0837913478064175,,outputs/opt13b_int4_mezo_option_probe64_dense_trec_20260610_211952/summary.csv,loss_or_fd,,0.00192272679932,0.0509836298860782,15.965040532577309,,
facebook/opt-1.3b,trec,int4,dense,3e-05,21.323090001394863,0.186875947579748,,outputs/opt13b_int4_mezo_option_probe64_dense_trec_20260610_211952/summary.csv,loss_or_fd,,0.0057883503096592,0.0886424479553292,9.226851679522015,,
facebook/opt-1.3b,trec,int4,dense,0.0001,8.540871395466343,0.1445845168063911,,outputs/opt13b_int4_mezo_option_probe64_dense_trec_20260610_211952/summary.csv,loss_or_fd,,0.019570469791587,0.1634112798033604,5.081864569595584,,
facebook/opt-1.3b,trec,int4,dense,0.0003,2.826629427062646,0.1190874260481407,,outputs/opt13b_int4_mezo_option_probe64_dense_trec_20260610_211952/summary.csv,loss_or_fd,,0.0606122523572089,0.2891199841816621,2.9742170927535736,,
facebook/opt-1.3b,trec,int4,dense,0.001,1.0973754525257724,0.3530743554622085,,outputs/opt13b_int4_mezo_option_probe64_dense_trec_20260610_211952/summary.csv,loss_or_fd,,0.2090980318737113,0.5472039286391596,1.6848600275743757,,
facebook/opt-1.3b,trec,int4,dense,0.003,0.6867451273294122,0.5642654933893364,,outputs/opt13b_int4_mezo_option_probe64_dense_trec_20260610_211952/summary.csv,loss_or_fd,,0.5331166739989487,0.8650628301690537,1.12786512831013,,
facebook/opt-1.3b,trec,int4,dense,0.01,0.9383934949997084,0.2510064994546858,,outputs/opt13b_int4_mezo_option_probe64_dense_trec_20260610_211952/summary.csv,loss_or_fd,,0.8336640979654882,0.9781815452701288,0.988086156610768,,
facebook/opt-1.3b,trec,int4,dense,0.03,0.9846515242287228,0.1510862782296585,,outputs/opt13b_int4_mezo_option_probe64_dense_trec_20260610_211952/summary.csv,loss_or_fd,,0.9429554398456176,0.9711799274311284,0.8578506487033106,,
facebook/opt-1.3b,trec,int4,dense,0.1,1.0056719197679356,-0.0019626534608025,,outputs/opt13b_int4_mezo_option_probe64_dense_trec_20260610_211952/summary.csv,loss_or_fd,,0.9828138735093592,0.8802939000620591,0.4581121219439539,,
facebook/opt-1.3b,trec,int4,dense,1e-05,79.4942474695763,0.0837913478064175,,outputs/opt13b_int4_mezo_option_probe64_dense_trec_20260610_211952/trec/dense/summary.csv,loss_or_fd,,0.00192272679932,0.0509836298860782,15.965040532577309,,
facebook/opt-1.3b,trec,int4,dense,3e-05,21.323090001394863,0.186875947579748,,outputs/opt13b_int4_mezo_option_probe64_dense_trec_20260610_211952/trec/dense/summary.csv,loss_or_fd,,0.0057883503096592,0.0886424479553292,9.226851679522015,,
facebook/opt-1.3b,trec,int4,dense,0.0001,8.540871395466343,0.1445845168063911,,outputs/opt13b_int4_mezo_option_probe64_dense_trec_20260610_211952/trec/dense/summary.csv,loss_or_fd,,0.019570469791587,0.1634112798033604,5.081864569595584,,
facebook/opt-1.3b,trec,int4,dense,0.0003,2.826629427062646,0.1190874260481407,,outputs/opt13b_int4_mezo_option_probe64_dense_trec_20260610_211952/trec/dense/summary.csv,loss_or_fd,,0.0606122523572089,0.2891199841816621,2.9742170927535736,,
facebook/opt-1.3b,trec,int4,dense,0.001,1.0973754525257724,0.3530743554622085,,outputs/opt13b_int4_mezo_option_probe64_dense_trec_20260610_211952/trec/dense/summary.csv,loss_or_fd,,0.2090980318737113,0.5472039286391596,1.6848600275743757,,
facebook/opt-1.3b,trec,int4,dense,0.003,0.6867451273294122,0.5642654933893364,,outputs/opt13b_int4_mezo_option_probe64_dense_trec_20260610_211952/trec/dense/summary.csv,loss_or_fd,,0.5331166739989487,0.8650628301690537,1.12786512831013,,
facebook/opt-1.3b,trec,int4,dense,0.01,0.9383934949997084,0.2510064994546858,,outputs/opt13b_int4_mezo_option_probe64_dense_trec_20260610_211952/trec/dense/summary.csv,loss_or_fd,,0.8336640979654882,0.9781815452701288,0.988086156610768,,
facebook/opt-1.3b,trec,int4,dense,0.03,0.9846515242287228,0.1510862782296585,,outputs/opt13b_int4_mezo_option_probe64_dense_trec_20260610_211952/trec/dense/summary.csv,loss_or_fd,,0.9429554398456176,0.9711799274311284,0.8578506487033106,,
facebook/opt-1.3b,trec,int4,dense,0.1,1.0056719197679356,-0.0019626534608025,,outputs/opt13b_int4_mezo_option_probe64_dense_trec_20260610_211952/trec/dense/summary.csv,loss_or_fd,,0.9828138735093592,0.8802939000620591,0.4581121219439539,,
facebook/opt-1.3b,sst-5,int4,dense,0.0001,6.651067720859885,1.0000000000000002,,outputs/opt13b_int4_mezo_option_probe_smoke_20260610_204057/sst-5/dense/summary.csv,loss_or_fd,,0.019571921063794,0.1634325484289392,5.082235551376559,,
facebook/opt-1.3b,sst-5,int4,dense,0.001,4.064496165447789,1.0,,outputs/opt13b_int4_mezo_option_probe_smoke_20260610_204057/sst-5/dense/summary.csv,loss_or_fd,,0.2091059630943669,0.5472136138155237,1.684869410585442,,
facebook/opt-1.3b,sst-5,int4,dense,0.0001,2.691214330949086,-0.9999999999999998,,outputs/opt13b_int4_mezo_option_probe_smoke_b16_20260610_204255/sst-5/dense/summary.csv,loss_or_fd,,0.019571921063794,0.1634325484289392,5.082235551376559,,
facebook/opt-1.3b,sst-5,int4,dense,0.001,3.160796168339892,-1.0000000000000002,,outputs/opt13b_int4_mezo_option_probe_smoke_b16_20260610_204255/sst-5/dense/summary.csv,loss_or_fd,,0.2091059630943669,0.5472136138155237,1.684869410585442,,
facebook/opt-1.3b,sst-5,int4,dense,0.0001,2.691214330949086,-0.9999999999999998,,outputs/opt13b_int4_mezo_option_probe_smoke_b16_20260610_204255/summary.csv,loss_or_fd,,0.019571921063794,0.1634325484289392,5.082235551376559,,
facebook/opt-1.3b,sst-5,int4,dense,0.001,3.160796168339892,-1.0000000000000002,,outputs/opt13b_int4_mezo_option_probe_smoke_b16_20260610_204255/summary.csv,loss_or_fd,,0.2091059630943669,0.5472136138155237,1.684869410585442,,
facebook/opt-1.3b,sst-2,int4,dense,1e-05,78.25119331227836,0.0839293046668084,,outputs/opt13b_int4_task_probe64_20260603_212101/combined/summary.csv,loss_or_fd,,0.00192272679932,0.0509836298860782,15.965040532577309,,
facebook/opt-1.3b,sst-2,int4,dense,3e-05,27.64426639985989,0.0312989573871417,,outputs/opt13b_int4_task_probe64_20260603_212101/combined/summary.csv,loss_or_fd,,0.0057883503096592,0.0886424479553292,9.226851679522015,,
facebook/opt-1.3b,sst-2,int4,dense,0.0001,5.365999680261167,0.0356694408945825,,outputs/opt13b_int4_task_probe64_20260603_212101/combined/summary.csv,loss_or_fd,,0.019570469791587,0.1634112798033604,5.081864569595584,,
facebook/opt-1.3b,sst-2,int4,dense,0.0003,3.1780819179303466,0.0278872589579182,,outputs/opt13b_int4_task_probe64_20260603_212101/combined/summary.csv,loss_or_fd,,0.0606122523572089,0.2891199841816621,2.9742170927535736,,
facebook/opt-1.3b,sst-2,int4,dense,0.001,1.0758487596836217,0.3704291808033753,,outputs/opt13b_int4_task_probe64_20260603_212101/combined/summary.csv,loss_or_fd,,0.2090980318737113,0.5472039286391596,1.6848600275743757,,
facebook/opt-1.3b,sst-2,int4,dense,0.003,0.8909335586508443,0.3560618685902845,,outputs/opt13b_int4_task_probe64_20260603_212101/combined/summary.csv,loss_or_fd,,0.5331166739989487,0.8650628301690537,1.12786512831013,,
facebook/opt-1.3b,sst-2,int4,dense,0.01,1.0059516241320434,0.0760881753236845,,outputs/opt13b_int4_task_probe64_20260603_212101/combined/summary.csv,loss_or_fd,,0.8336640979654882,0.9781815452701288,0.988086156610768,,
facebook/opt-1.3b,sst-2,int4,dense,0.03,1.0279369250375257,-0.0473855186320312,,outputs/opt13b_int4_task_probe64_20260603_212101/combined/summary.csv,loss_or_fd,,0.9429554398456176,0.9711799274311284,0.8578506487033106,,
facebook/opt-1.3b,sst-2,int4,dense,0.1,0.998196965667104,0.0531295406190868,,outputs/opt13b_int4_task_probe64_20260603_212101/combined/summary.csv,loss_or_fd,,0.9828138735093592,0.8802939000620591,0.4581121219439539,,
facebook/opt-1.3b,sst-2,int4,sparse_p0p01,1e-05,247.43455849851748,-0.0063294361146507,,outputs/opt13b_int4_task_probe64_20260603_212101/combined/summary.csv,loss_or_fd,,2.467176980442472e-06,0.0180131693368519,8.595236464328497,,
facebook/opt-1.3b,sst-2,int4,sparse_p0p01,3e-05,39.06330257645766,-0.1614309121433878,,outputs/opt13b_int4_task_probe64_20260603_212101/combined/summary.csv,loss_or_fd,,7.526056530574957e-06,0.0318876808283992,4.957444671527154,,
facebook/opt-1.3b,sst-2,int4,sparse_p0p01,0.0001,6.564224456062584,0.060649614058366,,outputs/opt13b_int4_task_probe64_20260603_212101/combined/summary.csv,loss_or_fd,,2.56286778797706e-05,0.0590208795317203,2.7301531199275737,,
facebook/opt-1.3b,sst-2,int4,sparse_p0p01,0.0003,2.679834493219329,0.0059675548751102,,outputs/opt13b_int4_task_probe64_20260603_212101/combined/summary.csv,loss_or_fd,,7.984033113138545e-05,0.1051338788684387,1.598291247404018,,
facebook/opt-1.3b,sst-2,int4,sparse_p0p01,0.001,1.4143219044857414,0.1872435227317506,,outputs/opt13b_int4_task_probe64_20260603_212101/combined/summary.csv,loss_or_fd,,0.0003025022516441,0.2109634852683629,0.9225633281434038,,
facebook/opt-1.3b,sst-2,int4,sparse_p0p01,0.003,1.098677096681548,0.2396408883192635,,outputs/opt13b_int4_task_probe64_20260603_212101/combined/summary.csv,loss_or_fd,,0.0011299861103503,0.426403194787897,0.6197609331630921,,
facebook/opt-1.3b,sst-2,int4,sparse_p0p01,0.01,0.9857934153397662,0.3149225751693951,,outputs/opt13b_int4_task_probe64_20260603_212101/combined/summary.csv,loss_or_fd,,0.0039583891759523,0.74501561214837,0.5049862327972566,,
facebook/opt-1.3b,sst-2,int4,sparse_p0p01,0.03,0.8801042504120494,0.4034437023109445,,outputs/opt13b_int4_task_probe64_20260603_212101/combined/summary.csv,loss_or_fd,,0.0073997890447369,0.9366989819296224,0.4895211672776521,,
facebook/opt-1.3b,sst-2,int4,sparse_p0p01,0.1,1.496986223441103,-0.0654480975906005,,outputs/opt13b_int4_task_probe64_20260603_212101/combined/summary.csv,loss_or_fd,,0.0092063948589687,0.951327100030158,0.4132916600833602,,
facebook/opt-1.3b,sst-5,int4,dense,1e-05,203.51995954886883,0.0308272604518904,,outputs/opt13b_int4_task_probe64_20260603_212101/combined/summary.csv,loss_or_fd,,0.00192272679932,0.0509836298860782,15.965040532577309,,
facebook/opt-1.3b,sst-5,int4,dense,3e-05,62.10357749115581,0.0401974717020883,,outputs/opt13b_int4_task_probe64_20260603_212101/combined/summary.csv,loss_or_fd,,0.0057883503096592,0.0886424479553292,9.226851679522015,,
facebook/opt-1.3b,sst-5,int4,dense,0.0001,13.372917918850993,0.0396716996252529,,outputs/opt13b_int4_task_probe64_20260603_212101/combined/summary.csv,loss_or_fd,,0.019570469791587,0.1634112798033604,5.081864569595584,,
facebook/opt-1.3b,sst-5,int4,dense,0.0003,4.69341354204377,0.1594575424765477,,outputs/opt13b_int4_task_probe64_20260603_212101/combined/summary.csv,loss_or_fd,,0.0606122523572089,0.2891199841816621,2.9742170927535736,,
facebook/opt-1.3b,sst-5,int4,dense,0.001,1.4133443268043446,0.4185334992152344,,outputs/opt13b_int4_task_probe64_20260603_212101/combined/summary.csv,loss_or_fd,,0.2090980318737113,0.5472039286391596,1.6848600275743757,,
facebook/opt-1.3b,sst-5,int4,dense,0.003,2.143354027991561,0.2252725566573889,,outputs/opt13b_int4_task_probe64_20260603_212101/combined/summary.csv,loss_or_fd,,0.5331166739989487,0.8650628301690537,1.12786512831013,,
facebook/opt-1.3b,sst-5,int4,dense,0.01,1.398691676453733,0.0028108151565417,,outputs/opt13b_int4_task_probe64_20260603_212101/combined/summary.csv,loss_or_fd,,0.8336640979654882,0.9781815452701288,0.988086156610768,,
facebook/opt-1.3b,sst-5,int4,dense,0.03,1.1210963209150004,-0.1765065514763825,,outputs/opt13b_int4_task_probe64_20260603_212101/combined/summary.csv,loss_or_fd,,0.9429554398456176,0.9711799274311284,0.8578506487033106,,
facebook/opt-1.3b,sst-5,int4,dense,0.1,1.0636619789293866,-0.0838093712255124,,outputs/opt13b_int4_task_probe64_20260603_212101/combined/summary.csv,loss_or_fd,,0.9828138735093592,0.8802939000620591,0.4581121219439539,,
facebook/opt-1.3b,sst-5,int4,sparse_p0p01,1e-05,330.97984732165355,0.0568862290565822,,outputs/opt13b_int4_task_probe64_20260603_212101/combined/summary.csv,loss_or_fd,,2.467176980442472e-06,0.0180131693368519,8.595236464328497,,
facebook/opt-1.3b,sst-5,int4,sparse_p0p01,3e-05,71.83397477158385,-0.1195702860281372,,outputs/opt13b_int4_task_probe64_20260603_212101/combined/summary.csv,loss_or_fd,,7.526056530574957e-06,0.0318876808283992,4.957444671527154,,
facebook/opt-1.3b,sst-5,int4,sparse_p0p01,0.0001,11.925245388702722,0.0175012491349366,,outputs/opt13b_int4_task_probe64_20260603_212101/combined/summary.csv,loss_or_fd,,2.56286778797706e-05,0.0590208795317203,2.7301531199275737,,
facebook/opt-1.3b,sst-5,int4,sparse_p0p01,0.0003,2.926535562568043,0.1300699168451267,,outputs/opt13b_int4_task_probe64_20260603_212101/combined/summary.csv,loss_or_fd,,7.984033113138545e-05,0.1051338788684387,1.598291247404018,,
facebook/opt-1.3b,sst-5,int4,sparse_p0p01,0.001,1.815948357987087,0.2418480779501762,,outputs/opt13b_int4_task_probe64_20260603_212101/combined/summary.csv,loss_or_fd,,0.0003025022516441,0.2109634852683629,0.9225633281434038,,
facebook/opt-1.3b,sst-5,int4,sparse_p0p01,0.003,1.400165674379102,0.2413904771361321,,outputs/opt13b_int4_task_probe64_20260603_212101/combined/summary.csv,loss_or_fd,,0.0011299861103503,0.426403194787897,0.6197609331630921,,
facebook/opt-1.3b,sst-5,int4,sparse_p0p01,0.01,1.0110624273839564,0.3222826431105501,,outputs/opt13b_int4_task_probe64_20260603_212101/combined/summary.csv,loss_or_fd,,0.0039583891759523,0.74501561214837,0.5049862327972566,,
facebook/opt-1.3b,sst-5,int4,sparse_p0p01,0.03,1.221973583943024,0.1790924525217171,,outputs/opt13b_int4_task_probe64_20260603_212101/combined/summary.csv,loss_or_fd,,0.0073997890447369,0.9366989819296224,0.4895211672776521,,
facebook/opt-1.3b,sst-5,int4,sparse_p0p01,0.1,2.990665407820148,-0.1312058673269036,,outputs/opt13b_int4_task_probe64_20260603_212101/combined/summary.csv,loss_or_fd,,0.0092063948589687,0.951327100030158,0.4132916600833602,,
facebook/opt-1.3b,rte,int4,dense,1e-05,120.07891224757596,-0.0605211613105398,,outputs/opt13b_int4_task_probe64_20260603_212101/combined/summary.csv,loss_or_fd,,0.00192272679932,0.0509836298860782,15.965040532577309,,
facebook/opt-1.3b,rte,int4,dense,3e-05,36.42172474889744,-0.0025503732802977,,outputs/opt13b_int4_task_probe64_20260603_212101/combined/summary.csv,loss_or_fd,,0.0057883503096592,0.0886424479553292,9.226851679522015,,
facebook/opt-1.3b,rte,int4,dense,0.0001,10.185190460706773,0.070886598950292,,outputs/opt13b_int4_task_probe64_20260603_212101/combined/summary.csv,loss_or_fd,,0.019570469791587,0.1634112798033604,5.081864569595584,,
facebook/opt-1.3b,rte,int4,dense,0.0003,2.546511250526013,0.1265953779122351,,outputs/opt13b_int4_task_probe64_20260603_212101/combined/summary.csv,loss_or_fd,,0.0606122523572089,0.2891199841816621,2.9742170927535736,,
facebook/opt-1.3b,rte,int4,dense,0.001,1.9018640752096,0.1298614461496458,,outputs/opt13b_int4_task_probe64_20260603_212101/combined/summary.csv,loss_or_fd,,0.2090980318737113,0.5472039286391596,1.6848600275743757,,
facebook/opt-1.3b,rte,int4,dense,0.003,1.503929428155974,0.2886371196164271,,outputs/opt13b_int4_task_probe64_20260603_212101/combined/summary.csv,loss_or_fd,,0.5331166739989487,0.8650628301690537,1.12786512831013,,
facebook/opt-1.3b,rte,int4,dense,0.01,1.06152351646472,-0.0049920480047908,,outputs/opt13b_int4_task_probe64_20260603_212101/combined/summary.csv,loss_or_fd,,0.8336640979654882,0.9781815452701288,0.988086156610768,,
facebook/opt-1.3b,rte,int4,dense,0.03,1.0199981376253422,-0.0370907725825129,,outputs/opt13b_int4_task_probe64_20260603_212101/combined/summary.csv,loss_or_fd,,0.9429554398456176,0.9711799274311284,0.8578506487033106,,
facebook/opt-1.3b,rte,int4,dense,0.1,0.9737943535526205,0.2138882694891746,,outputs/opt13b_int4_task_probe64_20260603_212101/combined/summary.csv,loss_or_fd,,0.9828138735093592,0.8802939000620591,0.4581121219439539,,
facebook/opt-1.3b,rte,int4,sparse_p0p01,1e-05,87.09897035838034,0.0341104523204991,,outputs/opt13b_int4_task_probe64_20260603_212101/combined/summary.csv,loss_or_fd,,2.467176980442472e-06,0.0180131693368519,8.595236464328497,,
facebook/opt-1.3b,rte,int4,sparse_p0p01,3e-05,26.42668469288429,0.0586990799565482,,outputs/opt13b_int4_task_probe64_20260603_212101/combined/summary.csv,loss_or_fd,,7.526056530574957e-06,0.0318876808283992,4.957444671527154,,
facebook/opt-1.3b,rte,int4,sparse_p0p01,0.0001,5.144219076512488,0.0346321083051488,,outputs/opt13b_int4_task_probe64_20260603_212101/combined/summary.csv,loss_or_fd,,2.56286778797706e-05,0.0590208795317203,2.7301531199275737,,
facebook/opt-1.3b,rte,int4,sparse_p0p01,0.0003,2.1941122197065823,0.1408713964646987,,outputs/opt13b_int4_task_probe64_20260603_212101/combined/summary.csv,loss_or_fd,,7.984033113138545e-05,0.1051338788684387,1.598291247404018,,
facebook/opt-1.3b,rte,int4,sparse_p0p01,0.001,0.8601260937450033,0.4392031712545583,,outputs/opt13b_int4_task_probe64_20260603_212101/combined/summary.csv,loss_or_fd,,0.0003025022516441,0.2109634852683629,0.9225633281434038,,
facebook/opt-1.3b,rte,int4,sparse_p0p01,0.003,0.7377079907109741,0.5235442148095839,,outputs/opt13b_int4_task_probe64_20260603_212101/combined/summary.csv,loss_or_fd,,0.0011299861103503,0.426403194787897,0.6197609331630921,,
facebook/opt-1.3b,rte,int4,sparse_p0p01,0.01,0.6945396295476,0.5579337545537367,,outputs/opt13b_int4_task_probe64_20260603_212101/combined/summary.csv,loss_or_fd,,0.0039583891759523,0.74501561214837,0.5049862327972566,,
facebook/opt-1.3b,rte,int4,sparse_p0p01,0.03,0.7505264255791153,0.5001868409596114,,outputs/opt13b_int4_task_probe64_20260603_212101/combined/summary.csv,loss_or_fd,,0.0073997890447369,0.9366989819296224,0.4895211672776521,,
facebook/opt-1.3b,rte,int4,sparse_p0p01,0.1,1.05278211896214,0.2044349416183654,,outputs/opt13b_int4_task_probe64_20260603_212101/combined/summary.csv,loss_or_fd,,0.0092063948589687,0.951327100030158,0.4132916600833602,,
facebook/opt-1.3b,mnli,int4,dense,1e-05,54.66793755218836,0.1256662252568526,,outputs/opt13b_int4_task_probe64_20260603_212101/combined/summary.csv,loss_or_fd,,0.00192272679932,0.0509836298860782,15.965040532577309,,
facebook/opt-1.3b,mnli,int4,dense,3e-05,18.896197952897428,0.1165383798161969,,outputs/opt13b_int4_task_probe64_20260603_212101/combined/summary.csv,loss_or_fd,,0.0057883503096592,0.0886424479553292,9.226851679522015,,
facebook/opt-1.3b,mnli,int4,dense,0.0001,4.547250968155166,0.1766724323999626,,outputs/opt13b_int4_task_probe64_20260603_212101/combined/summary.csv,loss_or_fd,,0.019570469791587,0.1634112798033604,5.081864569595584,,
facebook/opt-1.3b,mnli,int4,dense,0.0003,1.784597859226558,0.2662244568607382,,outputs/opt13b_int4_task_probe64_20260603_212101/combined/summary.csv,loss_or_fd,,0.0606122523572089,0.2891199841816621,2.9742170927535736,,
facebook/opt-1.3b,mnli,int4,dense,0.001,0.9692228895384086,0.3559665914953817,,outputs/opt13b_int4_task_probe64_20260603_212101/combined/summary.csv,loss_or_fd,,0.2090980318737113,0.5472039286391596,1.6848600275743757,,
facebook/opt-1.3b,mnli,int4,dense,0.003,1.0626733201654464,0.197680057393058,,outputs/opt13b_int4_task_probe64_20260603_212101/combined/summary.csv,loss_or_fd,,0.5331166739989487,0.8650628301690537,1.12786512831013,,
facebook/opt-1.3b,mnli,int4,dense,0.01,1.005396235645287,0.0255946540859541,,outputs/opt13b_int4_task_probe64_20260603_212101/combined/summary.csv,loss_or_fd,,0.8336640979654882,0.9781815452701288,0.988086156610768,,
facebook/opt-1.3b,mnli,int4,dense,0.03,1.0098872311380682,-0.0826906109433154,,outputs/opt13b_int4_task_probe64_20260603_212101/combined/summary.csv,loss_or_fd,,0.9429554398456176,0.9711799274311284,0.8578506487033106,,
facebook/opt-1.3b,mnli,int4,dense,0.1,0.9910779124740812,0.1362017091455971,,outputs/opt13b_int4_task_probe64_20260603_212101/combined/summary.csv,loss_or_fd,,0.9828138735093592,0.8802939000620591,0.4581121219439539,,
facebook/opt-1.3b,mnli,int4,sparse_p0p01,1e-05,119.86095673763676,-0.068765724335183,,outputs/opt13b_int4_task_probe64_20260603_212101/combined/summary.csv,loss_or_fd,,2.467176980442472e-06,0.0180131693368519,8.595236464328497,,
facebook/opt-1.3b,mnli,int4,sparse_p0p01,3e-05,29.085162923851225,0.0133711103865228,,outputs/opt13b_int4_task_probe64_20260603_212101/combined/summary.csv,loss_or_fd,,7.526056530574957e-06,0.0318876808283992,4.957444671527154,,
facebook/opt-1.3b,mnli,int4,sparse_p0p01,0.0001,6.2393014079122775,-0.0930263510186971,,outputs/opt13b_int4_task_probe64_20260603_212101/combined/summary.csv,loss_or_fd,,2.56286778797706e-05,0.0590208795317203,2.7301531199275737,,
facebook/opt-1.3b,mnli,int4,sparse_p0p01,0.0003,2.024574214562882,0.1653415782873584,,outputs/opt13b_int4_task_probe64_20260603_212101/combined/summary.csv,loss_or_fd,,7.984033113138545e-05,0.1051338788684387,1.598291247404018,,
facebook/opt-1.3b,mnli,int4,sparse_p0p01,0.001,1.3261063286407635,0.1532153201320778,,outputs/opt13b_int4_task_probe64_20260603_212101/combined/summary.csv,loss_or_fd,,0.0003025022516441,0.2109634852683629,0.9225633281434038,,
facebook/opt-1.3b,mnli,int4,sparse_p0p01,0.003,0.9800844678423252,0.2711906156071764,,outputs/opt13b_int4_task_probe64_20260603_212101/combined/summary.csv,loss_or_fd,,0.0011299861103503,0.426403194787897,0.6197609331630921,,
facebook/opt-1.3b,mnli,int4,sparse_p0p01,0.01,0.8019483581557153,0.4542218488911798,,outputs/opt13b_int4_task_probe64_20260603_212101/combined/summary.csv,loss_or_fd,,0.0039583891759523,0.74501561214837,0.5049862327972566,,
facebook/opt-1.3b,mnli,int4,sparse_p0p01,0.03,0.836470407709384,0.4074895486555836,,outputs/opt13b_int4_task_probe64_20260603_212101/combined/summary.csv,loss_or_fd,,0.0073997890447369,0.9366989819296224,0.4895211672776521,,
facebook/opt-1.3b,mnli,int4,sparse_p0p01,0.1,0.9615144977425352,0.2061436025862876,,outputs/opt13b_int4_task_probe64_20260603_212101/combined/summary.csv,loss_or_fd,,0.0092063948589687,0.951327100030158,0.4132916600833602,,
facebook/opt-1.3b,trec,int4,dense,1e-05,93.83913147035229,-0.074738488022352,,outputs/opt13b_int4_task_probe64_20260603_212101/combined/summary.csv,loss_or_fd,,0.00192272679932,0.0509836298860782,15.965040532577309,,
facebook/opt-1.3b,trec,int4,dense,3e-05,28.534544206548603,-0.0295879792626301,,outputs/opt13b_int4_task_probe64_20260603_212101/combined/summary.csv,loss_or_fd,,0.0057883503096592,0.0886424479553292,9.226851679522015,,
facebook/opt-1.3b,trec,int4,dense,0.0001,7.504370632409872,-0.07113150343327,,outputs/opt13b_int4_task_probe64_20260603_212101/combined/summary.csv,loss_or_fd,,0.019570469791587,0.1634112798033604,5.081864569595584,,
facebook/opt-1.3b,trec,int4,dense,0.0003,3.6465313794327634,-0.0377351030526158,,outputs/opt13b_int4_task_probe64_20260603_212101/combined/summary.csv,loss_or_fd,,0.0606122523572089,0.2891199841816621,2.9742170927535736,,
facebook/opt-1.3b,trec,int4,dense,0.001,1.555941124486146,0.1348273725490992,,outputs/opt13b_int4_task_probe64_20260603_212101/combined/summary.csv,loss_or_fd,,0.2090980318737113,0.5472039286391596,1.6848600275743757,,
facebook/opt-1.3b,trec,int4,dense,0.003,1.0611973326369195,0.2775535652647395,,outputs/opt13b_int4_task_probe64_20260603_212101/combined/summary.csv,loss_or_fd,,0.5331166739989487,0.8650628301690537,1.12786512831013,,
facebook/opt-1.3b,trec,int4,dense,0.01,0.9814755651872918,0.1721913121445824,,outputs/opt13b_int4_task_probe64_20260603_212101/combined/summary.csv,loss_or_fd,,0.8336640979654882,0.9781815452701288,0.988086156610768,,
facebook/opt-1.3b,trec,int4,dense,0.03,1.0089129956772498,0.0302279444663561,,outputs/opt13b_int4_task_probe64_20260603_212101/combined/summary.csv,loss_or_fd,,0.9429554398456176,0.9711799274311284,0.8578506487033106,,
facebook/opt-1.3b,trec,int4,dense,0.1,1.0151617800623007,-0.0430395723577557,,outputs/opt13b_int4_task_probe64_20260603_212101/combined/summary.csv,loss_or_fd,,0.9828138735093592,0.8802939000620591,0.4581121219439539,,
facebook/opt-1.3b,trec,int4,sparse_p0p01,1e-05,108.74034395262072,0.3286408735605298,,outputs/opt13b_int4_task_probe64_20260603_212101/combined/summary.csv,loss_or_fd,,2.467176980442472e-06,0.0180131693368519,8.595236464328497,,
facebook/opt-1.3b,trec,int4,sparse_p0p01,3e-05,22.885822356618245,0.1485665278598739,,outputs/opt13b_int4_task_probe64_20260603_212101/combined/summary.csv,loss_or_fd,,7.526056530574957e-06,0.0318876808283992,4.957444671527154,,
facebook/opt-1.3b,trec,int4,sparse_p0p01,0.0001,3.5761211329298783,0.3238782366396286,,outputs/opt13b_int4_task_probe64_20260603_212101/combined/summary.csv,loss_or_fd,,2.56286778797706e-05,0.0590208795317203,2.7301531199275737,,
facebook/opt-1.3b,trec,int4,sparse_p0p01,0.0003,1.5220710371065775,0.3255372774852054,,outputs/opt13b_int4_task_probe64_20260603_212101/combined/summary.csv,loss_or_fd,,7.984033113138545e-05,0.1051338788684387,1.598291247404018,,
facebook/opt-1.3b,trec,int4,sparse_p0p01,0.001,1.0386613995418907,0.3415977776538574,,outputs/opt13b_int4_task_probe64_20260603_212101/combined/summary.csv,loss_or_fd,,0.0003025022516441,0.2109634852683629,0.9225633281434038,,
facebook/opt-1.3b,trec,int4,sparse_p0p01,0.003,0.9703520912865972,0.3264806148831067,,outputs/opt13b_int4_task_probe64_20260603_212101/combined/summary.csv,loss_or_fd,,0.0011299861103503,0.426403194787897,0.6197609331630921,,
facebook/opt-1.3b,trec,int4,sparse_p0p01,0.01,0.8786166997176458,0.371837790500773,,outputs/opt13b_int4_task_probe64_20260603_212101/combined/summary.csv,loss_or_fd,,0.0039583891759523,0.74501561214837,0.5049862327972566,,
facebook/opt-1.3b,trec,int4,sparse_p0p01,0.03,1.1032015349499729,0.1690849693887832,,outputs/opt13b_int4_task_probe64_20260603_212101/combined/summary.csv,loss_or_fd,,0.0073997890447369,0.9366989819296224,0.4895211672776521,,
facebook/opt-1.3b,trec,int4,sparse_p0p01,0.1,1.5125845450981614,-0.0457062173065505,,outputs/opt13b_int4_task_probe64_20260603_212101/combined/summary.csv,loss_or_fd,,0.0092063948589687,0.951327100030158,0.4132916600833602,,
facebook/opt-1.3b,mnli,int4,dense,1e-05,54.66793755218836,0.1256662252568526,,outputs/opt13b_int4_task_probe64_20260603_212101/mnli/dense/summary.csv,loss_or_fd,,0.00192272679932,0.0509836298860782,15.965040532577309,,
facebook/opt-1.3b,mnli,int4,dense,3e-05,18.896197952897428,0.1165383798161969,,outputs/opt13b_int4_task_probe64_20260603_212101/mnli/dense/summary.csv,loss_or_fd,,0.0057883503096592,0.0886424479553292,9.226851679522015,,
facebook/opt-1.3b,mnli,int4,dense,0.0001,4.547250968155166,0.1766724323999626,,outputs/opt13b_int4_task_probe64_20260603_212101/mnli/dense/summary.csv,loss_or_fd,,0.019570469791587,0.1634112798033604,5.081864569595584,,
facebook/opt-1.3b,mnli,int4,dense,0.0003,1.784597859226558,0.2662244568607382,,outputs/opt13b_int4_task_probe64_20260603_212101/mnli/dense/summary.csv,loss_or_fd,,0.0606122523572089,0.2891199841816621,2.9742170927535736,,
facebook/opt-1.3b,mnli,int4,dense,0.001,0.9692228895384086,0.3559665914953817,,outputs/opt13b_int4_task_probe64_20260603_212101/mnli/dense/summary.csv,loss_or_fd,,0.2090980318737113,0.5472039286391596,1.6848600275743757,,
facebook/opt-1.3b,mnli,int4,dense,0.003,1.0626733201654464,0.197680057393058,,outputs/opt13b_int4_task_probe64_20260603_212101/mnli/dense/summary.csv,loss_or_fd,,0.5331166739989487,0.8650628301690537,1.12786512831013,,
facebook/opt-1.3b,mnli,int4,dense,0.01,1.005396235645287,0.0255946540859541,,outputs/opt13b_int4_task_probe64_20260603_212101/mnli/dense/summary.csv,loss_or_fd,,0.8336640979654882,0.9781815452701288,0.988086156610768,,
facebook/opt-1.3b,mnli,int4,dense,0.03,1.0098872311380682,-0.0826906109433154,,outputs/opt13b_int4_task_probe64_20260603_212101/mnli/dense/summary.csv,loss_or_fd,,0.9429554398456176,0.9711799274311284,0.8578506487033106,,
facebook/opt-1.3b,mnli,int4,dense,0.1,0.9910779124740812,0.1362017091455971,,outputs/opt13b_int4_task_probe64_20260603_212101/mnli/dense/summary.csv,loss_or_fd,,0.9828138735093592,0.8802939000620591,0.4581121219439539,,
facebook/opt-1.3b,mnli,int4,sparse_p0p01,1e-05,119.86095673763676,-0.068765724335183,,outputs/opt13b_int4_task_probe64_20260603_212101/mnli/sparse_p0p01/summary.csv,loss_or_fd,,2.467176980442472e-06,0.0180131693368519,8.595236464328497,,
facebook/opt-1.3b,mnli,int4,sparse_p0p01,3e-05,29.085162923851225,0.0133711103865228,,outputs/opt13b_int4_task_probe64_20260603_212101/mnli/sparse_p0p01/summary.csv,loss_or_fd,,7.526056530574957e-06,0.0318876808283992,4.957444671527154,,
facebook/opt-1.3b,mnli,int4,sparse_p0p01,0.0001,6.2393014079122775,-0.0930263510186971,,outputs/opt13b_int4_task_probe64_20260603_212101/mnli/sparse_p0p01/summary.csv,loss_or_fd,,2.56286778797706e-05,0.0590208795317203,2.7301531199275737,,
facebook/opt-1.3b,mnli,int4,sparse_p0p01,0.0003,2.024574214562882,0.1653415782873584,,outputs/opt13b_int4_task_probe64_20260603_212101/mnli/sparse_p0p01/summary.csv,loss_or_fd,,7.984033113138545e-05,0.1051338788684387,1.598291247404018,,
facebook/opt-1.3b,mnli,int4,sparse_p0p01,0.001,1.3261063286407635,0.1532153201320778,,outputs/opt13b_int4_task_probe64_20260603_212101/mnli/sparse_p0p01/summary.csv,loss_or_fd,,0.0003025022516441,0.2109634852683629,0.9225633281434038,,
facebook/opt-1.3b,mnli,int4,sparse_p0p01,0.003,0.9800844678423252,0.2711906156071764,,outputs/opt13b_int4_task_probe64_20260603_212101/mnli/sparse_p0p01/summary.csv,loss_or_fd,,0.0011299861103503,0.426403194787897,0.6197609331630921,,
facebook/opt-1.3b,mnli,int4,sparse_p0p01,0.01,0.8019483581557153,0.4542218488911798,,outputs/opt13b_int4_task_probe64_20260603_212101/mnli/sparse_p0p01/summary.csv,loss_or_fd,,0.0039583891759523,0.74501561214837,0.5049862327972566,,
facebook/opt-1.3b,mnli,int4,sparse_p0p01,0.03,0.836470407709384,0.4074895486555836,,outputs/opt13b_int4_task_probe64_20260603_212101/mnli/sparse_p0p01/summary.csv,loss_or_fd,,0.0073997890447369,0.9366989819296224,0.4895211672776521,,
facebook/opt-1.3b,mnli,int4,sparse_p0p01,0.1,0.9615144977425352,0.2061436025862876,,outputs/opt13b_int4_task_probe64_20260603_212101/mnli/sparse_p0p01/summary.csv,loss_or_fd,,0.0092063948589687,0.951327100030158,0.4132916600833602,,
facebook/opt-1.3b,rte,int4,dense,1e-05,120.07891224757596,-0.0605211613105398,,outputs/opt13b_int4_task_probe64_20260603_212101/rte/dense/summary.csv,loss_or_fd,,0.00192272679932,0.0509836298860782,15.965040532577309,,
facebook/opt-1.3b,rte,int4,dense,3e-05,36.42172474889744,-0.0025503732802977,,outputs/opt13b_int4_task_probe64_20260603_212101/rte/dense/summary.csv,loss_or_fd,,0.0057883503096592,0.0886424479553292,9.226851679522015,,
facebook/opt-1.3b,rte,int4,dense,0.0001,10.185190460706773,0.070886598950292,,outputs/opt13b_int4_task_probe64_20260603_212101/rte/dense/summary.csv,loss_or_fd,,0.019570469791587,0.1634112798033604,5.081864569595584,,
facebook/opt-1.3b,rte,int4,dense,0.0003,2.546511250526013,0.1265953779122351,,outputs/opt13b_int4_task_probe64_20260603_212101/rte/dense/summary.csv,loss_or_fd,,0.0606122523572089,0.2891199841816621,2.9742170927535736,,
facebook/opt-1.3b,rte,int4,dense,0.001,1.9018640752096,0.1298614461496458,,outputs/opt13b_int4_task_probe64_20260603_212101/rte/dense/summary.csv,loss_or_fd,,0.2090980318737113,0.5472039286391596,1.6848600275743757,,
facebook/opt-1.3b,rte,int4,dense,0.003,1.503929428155974,0.2886371196164271,,outputs/opt13b_int4_task_probe64_20260603_212101/rte/dense/summary.csv,loss_or_fd,,0.5331166739989487,0.8650628301690537,1.12786512831013,,
facebook/opt-1.3b,rte,int4,dense,0.01,1.06152351646472,-0.0049920480047908,,outputs/opt13b_int4_task_probe64_20260603_212101/rte/dense/summary.csv,loss_or_fd,,0.8336640979654882,0.9781815452701288,0.988086156610768,,
facebook/opt-1.3b,rte,int4,dense,0.03,1.0199981376253422,-0.0370907725825129,,outputs/opt13b_int4_task_probe64_20260603_212101/rte/dense/summary.csv,loss_or_fd,,0.9429554398456176,0.9711799274311284,0.8578506487033106,,
facebook/opt-1.3b,rte,int4,dense,0.1,0.9737943535526205,0.2138882694891746,,outputs/opt13b_int4_task_probe64_20260603_212101/rte/dense/summary.csv,loss_or_fd,,0.9828138735093592,0.8802939000620591,0.4581121219439539,,
facebook/opt-1.3b,rte,int4,sparse_p0p01,1e-05,87.09897035838034,0.0341104523204991,,outputs/opt13b_int4_task_probe64_20260603_212101/rte/sparse_p0p01/summary.csv,loss_or_fd,,2.467176980442472e-06,0.0180131693368519,8.595236464328497,,
facebook/opt-1.3b,rte,int4,sparse_p0p01,3e-05,26.42668469288429,0.0586990799565482,,outputs/opt13b_int4_task_probe64_20260603_212101/rte/sparse_p0p01/summary.csv,loss_or_fd,,7.526056530574957e-06,0.0318876808283992,4.957444671527154,,
facebook/opt-1.3b,rte,int4,sparse_p0p01,0.0001,5.144219076512488,0.0346321083051488,,outputs/opt13b_int4_task_probe64_20260603_212101/rte/sparse_p0p01/summary.csv,loss_or_fd,,2.56286778797706e-05,0.0590208795317203,2.7301531199275737,,
facebook/opt-1.3b,rte,int4,sparse_p0p01,0.0003,2.1941122197065823,0.1408713964646987,,outputs/opt13b_int4_task_probe64_20260603_212101/rte/sparse_p0p01/summary.csv,loss_or_fd,,7.984033113138545e-05,0.1051338788684387,1.598291247404018,,
facebook/opt-1.3b,rte,int4,sparse_p0p01,0.001,0.8601260937450033,0.4392031712545583,,outputs/opt13b_int4_task_probe64_20260603_212101/rte/sparse_p0p01/summary.csv,loss_or_fd,,0.0003025022516441,0.2109634852683629,0.9225633281434038,,
facebook/opt-1.3b,rte,int4,sparse_p0p01,0.003,0.7377079907109741,0.5235442148095839,,outputs/opt13b_int4_task_probe64_20260603_212101/rte/sparse_p0p01/summary.csv,loss_or_fd,,0.0011299861103503,0.426403194787897,0.6197609331630921,,
facebook/opt-1.3b,rte,int4,sparse_p0p01,0.01,0.6945396295476,0.5579337545537367,,outputs/opt13b_int4_task_probe64_20260603_212101/rte/sparse_p0p01/summary.csv,loss_or_fd,,0.0039583891759523,0.74501561214837,0.5049862327972566,,
facebook/opt-1.3b,rte,int4,sparse_p0p01,0.03,0.7505264255791153,0.5001868409596114,,outputs/opt13b_int4_task_probe64_20260603_212101/rte/sparse_p0p01/summary.csv,loss_or_fd,,0.0073997890447369,0.9366989819296224,0.4895211672776521,,
facebook/opt-1.3b,rte,int4,sparse_p0p01,0.1,1.05278211896214,0.2044349416183654,,outputs/opt13b_int4_task_probe64_20260603_212101/rte/sparse_p0p01/summary.csv,loss_or_fd,,0.0092063948589687,0.951327100030158,0.4132916600833602,,
facebook/opt-1.3b,sst-2,int4,dense,1e-05,78.25119331227836,0.0839293046668084,,outputs/opt13b_int4_task_probe64_20260603_212101/sst-2/dense/summary.csv,loss_or_fd,,0.00192272679932,0.0509836298860782,15.965040532577309,,
facebook/opt-1.3b,sst-2,int4,dense,3e-05,27.64426639985989,0.0312989573871417,,outputs/opt13b_int4_task_probe64_20260603_212101/sst-2/dense/summary.csv,loss_or_fd,,0.0057883503096592,0.0886424479553292,9.226851679522015,,
facebook/opt-1.3b,sst-2,int4,dense,0.0001,5.365999680261167,0.0356694408945825,,outputs/opt13b_int4_task_probe64_20260603_212101/sst-2/dense/summary.csv,loss_or_fd,,0.019570469791587,0.1634112798033604,5.081864569595584,,
facebook/opt-1.3b,sst-2,int4,dense,0.0003,3.1780819179303466,0.0278872589579182,,outputs/opt13b_int4_task_probe64_20260603_212101/sst-2/dense/summary.csv,loss_or_fd,,0.0606122523572089,0.2891199841816621,2.9742170927535736,,
facebook/opt-1.3b,sst-2,int4,dense,0.001,1.0758487596836217,0.3704291808033753,,outputs/opt13b_int4_task_probe64_20260603_212101/sst-2/dense/summary.csv,loss_or_fd,,0.2090980318737113,0.5472039286391596,1.6848600275743757,,
facebook/opt-1.3b,sst-2,int4,dense,0.003,0.8909335586508443,0.3560618685902845,,outputs/opt13b_int4_task_probe64_20260603_212101/sst-2/dense/summary.csv,loss_or_fd,,0.5331166739989487,0.8650628301690537,1.12786512831013,,
facebook/opt-1.3b,sst-2,int4,dense,0.01,1.0059516241320434,0.0760881753236845,,outputs/opt13b_int4_task_probe64_20260603_212101/sst-2/dense/summary.csv,loss_or_fd,,0.8336640979654882,0.9781815452701288,0.988086156610768,,
facebook/opt-1.3b,sst-2,int4,dense,0.03,1.0279369250375257,-0.0473855186320312,,outputs/opt13b_int4_task_probe64_20260603_212101/sst-2/dense/summary.csv,loss_or_fd,,0.9429554398456176,0.9711799274311284,0.8578506487033106,,
facebook/opt-1.3b,sst-2,int4,dense,0.1,0.998196965667104,0.0531295406190868,,outputs/opt13b_int4_task_probe64_20260603_212101/sst-2/dense/summary.csv,loss_or_fd,,0.9828138735093592,0.8802939000620591,0.4581121219439539,,
facebook/opt-1.3b,sst-2,int4,sparse_p0p01,1e-05,247.43455849851748,-0.0063294361146507,,outputs/opt13b_int4_task_probe64_20260603_212101/sst-2/sparse_p0p01/summary.csv,loss_or_fd,,2.467176980442472e-06,0.0180131693368519,8.595236464328497,,
facebook/opt-1.3b,sst-2,int4,sparse_p0p01,3e-05,39.06330257645766,-0.1614309121433878,,outputs/opt13b_int4_task_probe64_20260603_212101/sst-2/sparse_p0p01/summary.csv,loss_or_fd,,7.526056530574957e-06,0.0318876808283992,4.957444671527154,,
facebook/opt-1.3b,sst-2,int4,sparse_p0p01,0.0001,6.564224456062584,0.060649614058366,,outputs/opt13b_int4_task_probe64_20260603_212101/sst-2/sparse_p0p01/summary.csv,loss_or_fd,,2.56286778797706e-05,0.0590208795317203,2.7301531199275737,,
facebook/opt-1.3b,sst-2,int4,sparse_p0p01,0.0003,2.679834493219329,0.0059675548751102,,outputs/opt13b_int4_task_probe64_20260603_212101/sst-2/sparse_p0p01/summary.csv,loss_or_fd,,7.984033113138545e-05,0.1051338788684387,1.598291247404018,,
facebook/opt-1.3b,sst-2,int4,sparse_p0p01,0.001,1.4143219044857414,0.1872435227317506,,outputs/opt13b_int4_task_probe64_20260603_212101/sst-2/sparse_p0p01/summary.csv,loss_or_fd,,0.0003025022516441,0.2109634852683629,0.9225633281434038,,
facebook/opt-1.3b,sst-2,int4,sparse_p0p01,0.003,1.098677096681548,0.2396408883192635,,outputs/opt13b_int4_task_probe64_20260603_212101/sst-2/sparse_p0p01/summary.csv,loss_or_fd,,0.0011299861103503,0.426403194787897,0.6197609331630921,,
facebook/opt-1.3b,sst-2,int4,sparse_p0p01,0.01,0.9857934153397662,0.3149225751693951,,outputs/opt13b_int4_task_probe64_20260603_212101/sst-2/sparse_p0p01/summary.csv,loss_or_fd,,0.0039583891759523,0.74501561214837,0.5049862327972566,,
facebook/opt-1.3b,sst-2,int4,sparse_p0p01,0.03,0.8801042504120494,0.4034437023109445,,outputs/opt13b_int4_task_probe64_20260603_212101/sst-2/sparse_p0p01/summary.csv,loss_or_fd,,0.0073997890447369,0.9366989819296224,0.4895211672776521,,
facebook/opt-1.3b,sst-2,int4,sparse_p0p01,0.1,1.496986223441103,-0.0654480975906005,,outputs/opt13b_int4_task_probe64_20260603_212101/sst-2/sparse_p0p01/summary.csv,loss_or_fd,,0.0092063948589687,0.951327100030158,0.4132916600833602,,
facebook/opt-1.3b,sst-5,int4,dense,1e-05,203.51995954886883,0.0308272604518904,,outputs/opt13b_int4_task_probe64_20260603_212101/sst-5/dense/summary.csv,loss_or_fd,,0.00192272679932,0.0509836298860782,15.965040532577309,,
facebook/opt-1.3b,sst-5,int4,dense,3e-05,62.10357749115581,0.0401974717020883,,outputs/opt13b_int4_task_probe64_20260603_212101/sst-5/dense/summary.csv,loss_or_fd,,0.0057883503096592,0.0886424479553292,9.226851679522015,,
facebook/opt-1.3b,sst-5,int4,dense,0.0001,13.372917918850993,0.0396716996252529,,outputs/opt13b_int4_task_probe64_20260603_212101/sst-5/dense/summary.csv,loss_or_fd,,0.019570469791587,0.1634112798033604,5.081864569595584,,
facebook/opt-1.3b,sst-5,int4,dense,0.0003,4.69341354204377,0.1594575424765477,,outputs/opt13b_int4_task_probe64_20260603_212101/sst-5/dense/summary.csv,loss_or_fd,,0.0606122523572089,0.2891199841816621,2.9742170927535736,,
facebook/opt-1.3b,sst-5,int4,dense,0.001,1.4133443268043446,0.4185334992152344,,outputs/opt13b_int4_task_probe64_20260603_212101/sst-5/dense/summary.csv,loss_or_fd,,0.2090980318737113,0.5472039286391596,1.6848600275743757,,
facebook/opt-1.3b,sst-5,int4,dense,0.003,2.143354027991561,0.2252725566573889,,outputs/opt13b_int4_task_probe64_20260603_212101/sst-5/dense/summary.csv,loss_or_fd,,0.5331166739989487,0.8650628301690537,1.12786512831013,,
facebook/opt-1.3b,sst-5,int4,dense,0.01,1.398691676453733,0.0028108151565417,,outputs/opt13b_int4_task_probe64_20260603_212101/sst-5/dense/summary.csv,loss_or_fd,,0.8336640979654882,0.9781815452701288,0.988086156610768,,
facebook/opt-1.3b,sst-5,int4,dense,0.03,1.1210963209150004,-0.1765065514763825,,outputs/opt13b_int4_task_probe64_20260603_212101/sst-5/dense/summary.csv,loss_or_fd,,0.9429554398456176,0.9711799274311284,0.8578506487033106,,
facebook/opt-1.3b,sst-5,int4,dense,0.1,1.0636619789293866,-0.0838093712255124,,outputs/opt13b_int4_task_probe64_20260603_212101/sst-5/dense/summary.csv,loss_or_fd,,0.9828138735093592,0.8802939000620591,0.4581121219439539,,
facebook/opt-1.3b,sst-5,int4,sparse_p0p01,1e-05,330.97984732165355,0.0568862290565822,,outputs/opt13b_int4_task_probe64_20260603_212101/sst-5/sparse_p0p01/summary.csv,loss_or_fd,,2.467176980442472e-06,0.0180131693368519,8.595236464328497,,
facebook/opt-1.3b,sst-5,int4,sparse_p0p01,3e-05,71.83397477158385,-0.1195702860281372,,outputs/opt13b_int4_task_probe64_20260603_212101/sst-5/sparse_p0p01/summary.csv,loss_or_fd,,7.526056530574957e-06,0.0318876808283992,4.957444671527154,,
facebook/opt-1.3b,sst-5,int4,sparse_p0p01,0.0001,11.925245388702722,0.0175012491349366,,outputs/opt13b_int4_task_probe64_20260603_212101/sst-5/sparse_p0p01/summary.csv,loss_or_fd,,2.56286778797706e-05,0.0590208795317203,2.7301531199275737,,
facebook/opt-1.3b,sst-5,int4,sparse_p0p01,0.0003,2.926535562568043,0.1300699168451267,,outputs/opt13b_int4_task_probe64_20260603_212101/sst-5/sparse_p0p01/summary.csv,loss_or_fd,,7.984033113138545e-05,0.1051338788684387,1.598291247404018,,
facebook/opt-1.3b,sst-5,int4,sparse_p0p01,0.001,1.815948357987087,0.2418480779501762,,outputs/opt13b_int4_task_probe64_20260603_212101/sst-5/sparse_p0p01/summary.csv,loss_or_fd,,0.0003025022516441,0.2109634852683629,0.9225633281434038,,
facebook/opt-1.3b,sst-5,int4,sparse_p0p01,0.003,1.400165674379102,0.2413904771361321,,outputs/opt13b_int4_task_probe64_20260603_212101/sst-5/sparse_p0p01/summary.csv,loss_or_fd,,0.0011299861103503,0.426403194787897,0.6197609331630921,,
facebook/opt-1.3b,sst-5,int4,sparse_p0p01,0.01,1.0110624273839564,0.3222826431105501,,outputs/opt13b_int4_task_probe64_20260603_212101/sst-5/sparse_p0p01/summary.csv,loss_or_fd,,0.0039583891759523,0.74501561214837,0.5049862327972566,,
facebook/opt-1.3b,sst-5,int4,sparse_p0p01,0.03,1.221973583943024,0.1790924525217171,,outputs/opt13b_int4_task_probe64_20260603_212101/sst-5/sparse_p0p01/summary.csv,loss_or_fd,,0.0073997890447369,0.9366989819296224,0.4895211672776521,,
facebook/opt-1.3b,sst-5,int4,sparse_p0p01,0.1,2.990665407820148,-0.1312058673269036,,outputs/opt13b_int4_task_probe64_20260603_212101/sst-5/sparse_p0p01/summary.csv,loss_or_fd,,0.0092063948589687,0.951327100030158,0.4132916600833602,,
facebook/opt-1.3b,sst-2,int4,dense,1e-05,78.25119331227836,0.0839293046668084,,outputs/opt13b_int4_task_probe64_20260603_212101/summary.csv,loss_or_fd,,0.00192272679932,0.0509836298860782,15.965040532577309,,
facebook/opt-1.3b,sst-2,int4,dense,3e-05,27.64426639985989,0.0312989573871417,,outputs/opt13b_int4_task_probe64_20260603_212101/summary.csv,loss_or_fd,,0.0057883503096592,0.0886424479553292,9.226851679522015,,
facebook/opt-1.3b,sst-2,int4,dense,0.0001,5.365999680261167,0.0356694408945825,,outputs/opt13b_int4_task_probe64_20260603_212101/summary.csv,loss_or_fd,,0.019570469791587,0.1634112798033604,5.081864569595584,,
facebook/opt-1.3b,sst-2,int4,dense,0.0003,3.1780819179303466,0.0278872589579182,,outputs/opt13b_int4_task_probe64_20260603_212101/summary.csv,loss_or_fd,,0.0606122523572089,0.2891199841816621,2.9742170927535736,,
facebook/opt-1.3b,sst-2,int4,dense,0.001,1.0758487596836217,0.3704291808033753,,outputs/opt13b_int4_task_probe64_20260603_212101/summary.csv,loss_or_fd,,0.2090980318737113,0.5472039286391596,1.6848600275743757,,
facebook/opt-1.3b,sst-2,int4,dense,0.003,0.8909335586508443,0.3560618685902845,,outputs/opt13b_int4_task_probe64_20260603_212101/summary.csv,loss_or_fd,,0.5331166739989487,0.8650628301690537,1.12786512831013,,
facebook/opt-1.3b,sst-2,int4,dense,0.01,1.0059516241320434,0.0760881753236845,,outputs/opt13b_int4_task_probe64_20260603_212101/summary.csv,loss_or_fd,,0.8336640979654882,0.9781815452701288,0.988086156610768,,
facebook/opt-1.3b,sst-2,int4,dense,0.03,1.0279369250375257,-0.0473855186320312,,outputs/opt13b_int4_task_probe64_20260603_212101/summary.csv,loss_or_fd,,0.9429554398456176,0.9711799274311284,0.8578506487033106,,
facebook/opt-1.3b,sst-2,int4,dense,0.1,0.998196965667104,0.0531295406190868,,outputs/opt13b_int4_task_probe64_20260603_212101/summary.csv,loss_or_fd,,0.9828138735093592,0.8802939000620591,0.4581121219439539,,
facebook/opt-1.3b,sst-2,int4,sparse_p0p01,1e-05,247.43455849851748,-0.0063294361146507,,outputs/opt13b_int4_task_probe64_20260603_212101/summary.csv,loss_or_fd,,2.467176980442472e-06,0.0180131693368519,8.595236464328497,,
facebook/opt-1.3b,sst-2,int4,sparse_p0p01,3e-05,39.06330257645766,-0.1614309121433878,,outputs/opt13b_int4_task_probe64_20260603_212101/summary.csv,loss_or_fd,,7.526056530574957e-06,0.0318876808283992,4.957444671527154,,
facebook/opt-1.3b,sst-2,int4,sparse_p0p01,0.0001,6.564224456062584,0.060649614058366,,outputs/opt13b_int4_task_probe64_20260603_212101/summary.csv,loss_or_fd,,2.56286778797706e-05,0.0590208795317203,2.7301531199275737,,
facebook/opt-1.3b,sst-2,int4,sparse_p0p01,0.0003,2.679834493219329,0.0059675548751102,,outputs/opt13b_int4_task_probe64_20260603_212101/summary.csv,loss_or_fd,,7.984033113138545e-05,0.1051338788684387,1.598291247404018,,
facebook/opt-1.3b,sst-2,int4,sparse_p0p01,0.001,1.4143219044857414,0.1872435227317506,,outputs/opt13b_int4_task_probe64_20260603_212101/summary.csv,loss_or_fd,,0.0003025022516441,0.2109634852683629,0.9225633281434038,,
facebook/opt-1.3b,sst-2,int4,sparse_p0p01,0.003,1.098677096681548,0.2396408883192635,,outputs/opt13b_int4_task_probe64_20260603_212101/summary.csv,loss_or_fd,,0.0011299861103503,0.426403194787897,0.6197609331630921,,
facebook/opt-1.3b,sst-2,int4,sparse_p0p01,0.01,0.9857934153397662,0.3149225751693951,,outputs/opt13b_int4_task_probe64_20260603_212101/summary.csv,loss_or_fd,,0.0039583891759523,0.74501561214837,0.5049862327972566,,
facebook/opt-1.3b,sst-2,int4,sparse_p0p01,0.03,0.8801042504120494,0.4034437023109445,,outputs/opt13b_int4_task_probe64_20260603_212101/summary.csv,loss_or_fd,,0.0073997890447369,0.9366989819296224,0.4895211672776521,,
facebook/opt-1.3b,sst-2,int4,sparse_p0p01,0.1,1.496986223441103,-0.0654480975906005,,outputs/opt13b_int4_task_probe64_20260603_212101/summary.csv,loss_or_fd,,0.0092063948589687,0.951327100030158,0.4132916600833602,,
facebook/opt-1.3b,sst-5,int4,dense,1e-05,203.51995954886883,0.0308272604518904,,outputs/opt13b_int4_task_probe64_20260603_212101/summary.csv,loss_or_fd,,0.00192272679932,0.0509836298860782,15.965040532577309,,
facebook/opt-1.3b,sst-5,int4,dense,3e-05,62.10357749115581,0.0401974717020883,,outputs/opt13b_int4_task_probe64_20260603_212101/summary.csv,loss_or_fd,,0.0057883503096592,0.0886424479553292,9.226851679522015,,
facebook/opt-1.3b,sst-5,int4,dense,0.0001,13.372917918850993,0.0396716996252529,,outputs/opt13b_int4_task_probe64_20260603_212101/summary.csv,loss_or_fd,,0.019570469791587,0.1634112798033604,5.081864569595584,,
facebook/opt-1.3b,sst-5,int4,dense,0.0003,4.69341354204377,0.1594575424765477,,outputs/opt13b_int4_task_probe64_20260603_212101/summary.csv,loss_or_fd,,0.0606122523572089,0.2891199841816621,2.9742170927535736,,
facebook/opt-1.3b,sst-5,int4,dense,0.001,1.4133443268043446,0.4185334992152344,,outputs/opt13b_int4_task_probe64_20260603_212101/summary.csv,loss_or_fd,,0.2090980318737113,0.5472039286391596,1.6848600275743757,,
facebook/opt-1.3b,sst-5,int4,dense,0.003,2.143354027991561,0.2252725566573889,,outputs/opt13b_int4_task_probe64_20260603_212101/summary.csv,loss_or_fd,,0.5331166739989487,0.8650628301690537,1.12786512831013,,
facebook/opt-1.3b,sst-5,int4,dense,0.01,1.398691676453733,0.0028108151565417,,outputs/opt13b_int4_task_probe64_20260603_212101/summary.csv,loss_or_fd,,0.8336640979654882,0.9781815452701288,0.988086156610768,,
facebook/opt-1.3b,sst-5,int4,dense,0.03,1.1210963209150004,-0.1765065514763825,,outputs/opt13b_int4_task_probe64_20260603_212101/summary.csv,loss_or_fd,,0.9429554398456176,0.9711799274311284,0.8578506487033106,,
facebook/opt-1.3b,sst-5,int4,dense,0.1,1.0636619789293866,-0.0838093712255124,,outputs/opt13b_int4_task_probe64_20260603_212101/summary.csv,loss_or_fd,,0.9828138735093592,0.8802939000620591,0.4581121219439539,,
facebook/opt-1.3b,sst-5,int4,sparse_p0p01,1e-05,330.97984732165355,0.0568862290565822,,outputs/opt13b_int4_task_probe64_20260603_212101/summary.csv,loss_or_fd,,2.467176980442472e-06,0.0180131693368519,8.595236464328497,,
facebook/opt-1.3b,sst-5,int4,sparse_p0p01,3e-05,71.83397477158385,-0.1195702860281372,,outputs/opt13b_int4_task_probe64_20260603_212101/summary.csv,loss_or_fd,,7.526056530574957e-06,0.0318876808283992,4.957444671527154,,
facebook/opt-1.3b,sst-5,int4,sparse_p0p01,0.0001,11.925245388702722,0.0175012491349366,,outputs/opt13b_int4_task_probe64_20260603_212101/summary.csv,loss_or_fd,,2.56286778797706e-05,0.0590208795317203,2.7301531199275737,,
facebook/opt-1.3b,sst-5,int4,sparse_p0p01,0.0003,2.926535562568043,0.1300699168451267,,outputs/opt13b_int4_task_probe64_20260603_212101/summary.csv,loss_or_fd,,7.984033113138545e-05,0.1051338788684387,1.598291247404018,,
facebook/opt-1.3b,sst-5,int4,sparse_p0p01,0.001,1.815948357987087,0.2418480779501762,,outputs/opt13b_int4_task_probe64_20260603_212101/summary.csv,loss_or_fd,,0.0003025022516441,0.2109634852683629,0.9225633281434038,,
facebook/opt-1.3b,sst-5,int4,sparse_p0p01,0.003,1.400165674379102,0.2413904771361321,,outputs/opt13b_int4_task_probe64_20260603_212101/summary.csv,loss_or_fd,,0.0011299861103503,0.426403194787897,0.6197609331630921,,
facebook/opt-1.3b,sst-5,int4,sparse_p0p01,0.01,1.0110624273839564,0.3222826431105501,,outputs/opt13b_int4_task_probe64_20260603_212101/summary.csv,loss_or_fd,,0.0039583891759523,0.74501561214837,0.5049862327972566,,
facebook/opt-1.3b,sst-5,int4,sparse_p0p01,0.03,1.221973583943024,0.1790924525217171,,outputs/opt13b_int4_task_probe64_20260603_212101/summary.csv,loss_or_fd,,0.0073997890447369,0.9366989819296224,0.4895211672776521,,
facebook/opt-1.3b,sst-5,int4,sparse_p0p01,0.1,2.990665407820148,-0.1312058673269036,,outputs/opt13b_int4_task_probe64_20260603_212101/summary.csv,loss_or_fd,,0.0092063948589687,0.951327100030158,0.4132916600833602,,
facebook/opt-1.3b,rte,int4,dense,1e-05,120.07891224757596,-0.0605211613105398,,outputs/opt13b_int4_task_probe64_20260603_212101/summary.csv,loss_or_fd,,0.00192272679932,0.0509836298860782,15.965040532577309,,
facebook/opt-1.3b,rte,int4,dense,3e-05,36.42172474889744,-0.0025503732802977,,outputs/opt13b_int4_task_probe64_20260603_212101/summary.csv,loss_or_fd,,0.0057883503096592,0.0886424479553292,9.226851679522015,,
facebook/opt-1.3b,rte,int4,dense,0.0001,10.185190460706773,0.070886598950292,,outputs/opt13b_int4_task_probe64_20260603_212101/summary.csv,loss_or_fd,,0.019570469791587,0.1634112798033604,5.081864569595584,,
facebook/opt-1.3b,rte,int4,dense,0.0003,2.546511250526013,0.1265953779122351,,outputs/opt13b_int4_task_probe64_20260603_212101/summary.csv,loss_or_fd,,0.0606122523572089,0.2891199841816621,2.9742170927535736,,
facebook/opt-1.3b,rte,int4,dense,0.001,1.9018640752096,0.1298614461496458,,outputs/opt13b_int4_task_probe64_20260603_212101/summary.csv,loss_or_fd,,0.2090980318737113,0.5472039286391596,1.6848600275743757,,
facebook/opt-1.3b,rte,int4,dense,0.003,1.503929428155974,0.2886371196164271,,outputs/opt13b_int4_task_probe64_20260603_212101/summary.csv,loss_or_fd,,0.5331166739989487,0.8650628301690537,1.12786512831013,,
facebook/opt-1.3b,rte,int4,dense,0.01,1.06152351646472,-0.0049920480047908,,outputs/opt13b_int4_task_probe64_20260603_212101/summary.csv,loss_or_fd,,0.8336640979654882,0.9781815452701288,0.988086156610768,,
facebook/opt-1.3b,rte,int4,dense,0.03,1.0199981376253422,-0.0370907725825129,,outputs/opt13b_int4_task_probe64_20260603_212101/summary.csv,loss_or_fd,,0.9429554398456176,0.9711799274311284,0.8578506487033106,,
facebook/opt-1.3b,rte,int4,dense,0.1,0.9737943535526205,0.2138882694891746,,outputs/opt13b_int4_task_probe64_20260603_212101/summary.csv,loss_or_fd,,0.9828138735093592,0.8802939000620591,0.4581121219439539,,
facebook/opt-1.3b,rte,int4,sparse_p0p01,1e-05,87.09897035838034,0.0341104523204991,,outputs/opt13b_int4_task_probe64_20260603_212101/summary.csv,loss_or_fd,,2.467176980442472e-06,0.0180131693368519,8.595236464328497,,
facebook/opt-1.3b,rte,int4,sparse_p0p01,3e-05,26.42668469288429,0.0586990799565482,,outputs/opt13b_int4_task_probe64_20260603_212101/summary.csv,loss_or_fd,,7.526056530574957e-06,0.0318876808283992,4.957444671527154,,
facebook/opt-1.3b,rte,int4,sparse_p0p01,0.0001,5.144219076512488,0.0346321083051488,,outputs/opt13b_int4_task_probe64_20260603_212101/summary.csv,loss_or_fd,,2.56286778797706e-05,0.0590208795317203,2.7301531199275737,,
facebook/opt-1.3b,rte,int4,sparse_p0p01,0.0003,2.1941122197065823,0.1408713964646987,,outputs/opt13b_int4_task_probe64_20260603_212101/summary.csv,loss_or_fd,,7.984033113138545e-05,0.1051338788684387,1.598291247404018,,
facebook/opt-1.3b,rte,int4,sparse_p0p01,0.001,0.8601260937450033,0.4392031712545583,,outputs/opt13b_int4_task_probe64_20260603_212101/summary.csv,loss_or_fd,,0.0003025022516441,0.2109634852683629,0.9225633281434038,,
facebook/opt-1.3b,rte,int4,sparse_p0p01,0.003,0.7377079907109741,0.5235442148095839,,outputs/opt13b_int4_task_probe64_20260603_212101/summary.csv,loss_or_fd,,0.0011299861103503,0.426403194787897,0.6197609331630921,,
facebook/opt-1.3b,rte,int4,sparse_p0p01,0.01,0.6945396295476,0.5579337545537367,,outputs/opt13b_int4_task_probe64_20260603_212101/summary.csv,loss_or_fd,,0.0039583891759523,0.74501561214837,0.5049862327972566,,
facebook/opt-1.3b,rte,int4,sparse_p0p01,0.03,0.7505264255791153,0.5001868409596114,,outputs/opt13b_int4_task_probe64_20260603_212101/summary.csv,loss_or_fd,,0.0073997890447369,0.9366989819296224,0.4895211672776521,,
facebook/opt-1.3b,rte,int4,sparse_p0p01,0.1,1.05278211896214,0.2044349416183654,,outputs/opt13b_int4_task_probe64_20260603_212101/summary.csv,loss_or_fd,,0.0092063948589687,0.951327100030158,0.4132916600833602,,
facebook/opt-1.3b,mnli,int4,dense,1e-05,54.66793755218836,0.1256662252568526,,outputs/opt13b_int4_task_probe64_20260603_212101/summary.csv,loss_or_fd,,0.00192272679932,0.0509836298860782,15.965040532577309,,
facebook/opt-1.3b,mnli,int4,dense,3e-05,18.896197952897428,0.1165383798161969,,outputs/opt13b_int4_task_probe64_20260603_212101/summary.csv,loss_or_fd,,0.0057883503096592,0.0886424479553292,9.226851679522015,,
facebook/opt-1.3b,mnli,int4,dense,0.0001,4.547250968155166,0.1766724323999626,,outputs/opt13b_int4_task_probe64_20260603_212101/summary.csv,loss_or_fd,,0.019570469791587,0.1634112798033604,5.081864569595584,,
facebook/opt-1.3b,mnli,int4,dense,0.0003,1.784597859226558,0.2662244568607382,,outputs/opt13b_int4_task_probe64_20260603_212101/summary.csv,loss_or_fd,,0.0606122523572089,0.2891199841816621,2.9742170927535736,,
facebook/opt-1.3b,mnli,int4,dense,0.001,0.9692228895384086,0.3559665914953817,,outputs/opt13b_int4_task_probe64_20260603_212101/summary.csv,loss_or_fd,,0.2090980318737113,0.5472039286391596,1.6848600275743757,,
facebook/opt-1.3b,mnli,int4,dense,0.003,1.0626733201654464,0.197680057393058,,outputs/opt13b_int4_task_probe64_20260603_212101/summary.csv,loss_or_fd,,0.5331166739989487,0.8650628301690537,1.12786512831013,,
facebook/opt-1.3b,mnli,int4,dense,0.01,1.005396235645287,0.0255946540859541,,outputs/opt13b_int4_task_probe64_20260603_212101/summary.csv,loss_or_fd,,0.8336640979654882,0.9781815452701288,0.988086156610768,,
facebook/opt-1.3b,mnli,int4,dense,0.03,1.0098872311380682,-0.0826906109433154,,outputs/opt13b_int4_task_probe64_20260603_212101/summary.csv,loss_or_fd,,0.9429554398456176,0.9711799274311284,0.8578506487033106,,
facebook/opt-1.3b,mnli,int4,dense,0.1,0.9910779124740812,0.1362017091455971,,outputs/opt13b_int4_task_probe64_20260603_212101/summary.csv,loss_or_fd,,0.9828138735093592,0.8802939000620591,0.4581121219439539,,
facebook/opt-1.3b,mnli,int4,sparse_p0p01,1e-05,119.86095673763676,-0.068765724335183,,outputs/opt13b_int4_task_probe64_20260603_212101/summary.csv,loss_or_fd,,2.467176980442472e-06,0.0180131693368519,8.595236464328497,,
facebook/opt-1.3b,mnli,int4,sparse_p0p01,3e-05,29.085162923851225,0.0133711103865228,,outputs/opt13b_int4_task_probe64_20260603_212101/summary.csv,loss_or_fd,,7.526056530574957e-06,0.0318876808283992,4.957444671527154,,
facebook/opt-1.3b,mnli,int4,sparse_p0p01,0.0001,6.2393014079122775,-0.0930263510186971,,outputs/opt13b_int4_task_probe64_20260603_212101/summary.csv,loss_or_fd,,2.56286778797706e-05,0.0590208795317203,2.7301531199275737,,
facebook/opt-1.3b,mnli,int4,sparse_p0p01,0.0003,2.024574214562882,0.1653415782873584,,outputs/opt13b_int4_task_probe64_20260603_212101/summary.csv,loss_or_fd,,7.984033113138545e-05,0.1051338788684387,1.598291247404018,,
facebook/opt-1.3b,mnli,int4,sparse_p0p01,0.001,1.3261063286407635,0.1532153201320778,,outputs/opt13b_int4_task_probe64_20260603_212101/summary.csv,loss_or_fd,,0.0003025022516441,0.2109634852683629,0.9225633281434038,,
facebook/opt-1.3b,mnli,int4,sparse_p0p01,0.003,0.9800844678423252,0.2711906156071764,,outputs/opt13b_int4_task_probe64_20260603_212101/summary.csv,loss_or_fd,,0.0011299861103503,0.426403194787897,0.6197609331630921,,
facebook/opt-1.3b,mnli,int4,sparse_p0p01,0.01,0.8019483581557153,0.4542218488911798,,outputs/opt13b_int4_task_probe64_20260603_212101/summary.csv,loss_or_fd,,0.0039583891759523,0.74501561214837,0.5049862327972566,,
facebook/opt-1.3b,mnli,int4,sparse_p0p01,0.03,0.836470407709384,0.4074895486555836,,outputs/opt13b_int4_task_probe64_20260603_212101/summary.csv,loss_or_fd,,0.0073997890447369,0.9366989819296224,0.4895211672776521,,
facebook/opt-1.3b,mnli,int4,sparse_p0p01,0.1,0.9615144977425352,0.2061436025862876,,outputs/opt13b_int4_task_probe64_20260603_212101/summary.csv,loss_or_fd,,0.0092063948589687,0.951327100030158,0.4132916600833602,,
facebook/opt-1.3b,trec,int4,dense,1e-05,93.83913147035229,-0.074738488022352,,outputs/opt13b_int4_task_probe64_trec_fix_20260603_214936/summary.csv,loss_or_fd,,0.00192272679932,0.0509836298860782,15.965040532577309,,
facebook/opt-1.3b,trec,int4,dense,3e-05,28.534544206548603,-0.0295879792626301,,outputs/opt13b_int4_task_probe64_trec_fix_20260603_214936/summary.csv,loss_or_fd,,0.0057883503096592,0.0886424479553292,9.226851679522015,,
facebook/opt-1.3b,trec,int4,dense,0.0001,7.504370632409872,-0.07113150343327,,outputs/opt13b_int4_task_probe64_trec_fix_20260603_214936/summary.csv,loss_or_fd,,0.019570469791587,0.1634112798033604,5.081864569595584,,
facebook/opt-1.3b,trec,int4,dense,0.0003,3.6465313794327634,-0.0377351030526158,,outputs/opt13b_int4_task_probe64_trec_fix_20260603_214936/summary.csv,loss_or_fd,,0.0606122523572089,0.2891199841816621,2.9742170927535736,,
facebook/opt-1.3b,trec,int4,dense,0.001,1.555941124486146,0.1348273725490992,,outputs/opt13b_int4_task_probe64_trec_fix_20260603_214936/summary.csv,loss_or_fd,,0.2090980318737113,0.5472039286391596,1.6848600275743757,,
facebook/opt-1.3b,trec,int4,dense,0.003,1.0611973326369195,0.2775535652647395,,outputs/opt13b_int4_task_probe64_trec_fix_20260603_214936/summary.csv,loss_or_fd,,0.5331166739989487,0.8650628301690537,1.12786512831013,,
facebook/opt-1.3b,trec,int4,dense,0.01,0.9814755651872918,0.1721913121445824,,outputs/opt13b_int4_task_probe64_trec_fix_20260603_214936/summary.csv,loss_or_fd,,0.8336640979654882,0.9781815452701288,0.988086156610768,,
facebook/opt-1.3b,trec,int4,dense,0.03,1.0089129956772498,0.0302279444663561,,outputs/opt13b_int4_task_probe64_trec_fix_20260603_214936/summary.csv,loss_or_fd,,0.9429554398456176,0.9711799274311284,0.8578506487033106,,
facebook/opt-1.3b,trec,int4,dense,0.1,1.0151617800623007,-0.0430395723577557,,outputs/opt13b_int4_task_probe64_trec_fix_20260603_214936/summary.csv,loss_or_fd,,0.9828138735093592,0.8802939000620591,0.4581121219439539,,
facebook/opt-1.3b,trec,int4,sparse_p0p01,1e-05,108.74034395262072,0.3286408735605298,,outputs/opt13b_int4_task_probe64_trec_fix_20260603_214936/summary.csv,loss_or_fd,,2.467176980442472e-06,0.0180131693368519,8.595236464328497,,
facebook/opt-1.3b,trec,int4,sparse_p0p01,3e-05,22.885822356618245,0.1485665278598739,,outputs/opt13b_int4_task_probe64_trec_fix_20260603_214936/summary.csv,loss_or_fd,,7.526056530574957e-06,0.0318876808283992,4.957444671527154,,
facebook/opt-1.3b,trec,int4,sparse_p0p01,0.0001,3.5761211329298783,0.3238782366396286,,outputs/opt13b_int4_task_probe64_trec_fix_20260603_214936/summary.csv,loss_or_fd,,2.56286778797706e-05,0.0590208795317203,2.7301531199275737,,
facebook/opt-1.3b,trec,int4,sparse_p0p01,0.0003,1.5220710371065775,0.3255372774852054,,outputs/opt13b_int4_task_probe64_trec_fix_20260603_214936/summary.csv,loss_or_fd,,7.984033113138545e-05,0.1051338788684387,1.598291247404018,,
facebook/opt-1.3b,trec,int4,sparse_p0p01,0.001,1.0386613995418907,0.3415977776538574,,outputs/opt13b_int4_task_probe64_trec_fix_20260603_214936/summary.csv,loss_or_fd,,0.0003025022516441,0.2109634852683629,0.9225633281434038,,
facebook/opt-1.3b,trec,int4,sparse_p0p01,0.003,0.9703520912865972,0.3264806148831067,,outputs/opt13b_int4_task_probe64_trec_fix_20260603_214936/summary.csv,loss_or_fd,,0.0011299861103503,0.426403194787897,0.6197609331630921,,
facebook/opt-1.3b,trec,int4,sparse_p0p01,0.01,0.8786166997176458,0.371837790500773,,outputs/opt13b_int4_task_probe64_trec_fix_20260603_214936/summary.csv,loss_or_fd,,0.0039583891759523,0.74501561214837,0.5049862327972566,,
facebook/opt-1.3b,trec,int4,sparse_p0p01,0.03,1.1032015349499729,0.1690849693887832,,outputs/opt13b_int4_task_probe64_trec_fix_20260603_214936/summary.csv,loss_or_fd,,0.0073997890447369,0.9366989819296224,0.4895211672776521,,
facebook/opt-1.3b,trec,int4,sparse_p0p01,0.1,1.5125845450981614,-0.0457062173065505,,outputs/opt13b_int4_task_probe64_trec_fix_20260603_214936/summary.csv,loss_or_fd,,0.0092063948589687,0.951327100030158,0.4132916600833602,,
facebook/opt-1.3b,trec,int4,dense,1e-05,93.83913147035229,-0.074738488022352,,outputs/opt13b_int4_task_probe64_trec_fix_20260603_214936/trec/dense/summary.csv,loss_or_fd,,0.00192272679932,0.0509836298860782,15.965040532577309,,
facebook/opt-1.3b,trec,int4,dense,3e-05,28.534544206548603,-0.0295879792626301,,outputs/opt13b_int4_task_probe64_trec_fix_20260603_214936/trec/dense/summary.csv,loss_or_fd,,0.0057883503096592,0.0886424479553292,9.226851679522015,,
facebook/opt-1.3b,trec,int4,dense,0.0001,7.504370632409872,-0.07113150343327,,outputs/opt13b_int4_task_probe64_trec_fix_20260603_214936/trec/dense/summary.csv,loss_or_fd,,0.019570469791587,0.1634112798033604,5.081864569595584,,
facebook/opt-1.3b,trec,int4,dense,0.0003,3.6465313794327634,-0.0377351030526158,,outputs/opt13b_int4_task_probe64_trec_fix_20260603_214936/trec/dense/summary.csv,loss_or_fd,,0.0606122523572089,0.2891199841816621,2.9742170927535736,,
facebook/opt-1.3b,trec,int4,dense,0.001,1.555941124486146,0.1348273725490992,,outputs/opt13b_int4_task_probe64_trec_fix_20260603_214936/trec/dense/summary.csv,loss_or_fd,,0.2090980318737113,0.5472039286391596,1.6848600275743757,,
facebook/opt-1.3b,trec,int4,dense,0.003,1.0611973326369195,0.2775535652647395,,outputs/opt13b_int4_task_probe64_trec_fix_20260603_214936/trec/dense/summary.csv,loss_or_fd,,0.5331166739989487,0.8650628301690537,1.12786512831013,,
facebook/opt-1.3b,trec,int4,dense,0.01,0.9814755651872918,0.1721913121445824,,outputs/opt13b_int4_task_probe64_trec_fix_20260603_214936/trec/dense/summary.csv,loss_or_fd,,0.8336640979654882,0.9781815452701288,0.988086156610768,,
facebook/opt-1.3b,trec,int4,dense,0.03,1.0089129956772498,0.0302279444663561,,outputs/opt13b_int4_task_probe64_trec_fix_20260603_214936/trec/dense/summary.csv,loss_or_fd,,0.9429554398456176,0.9711799274311284,0.8578506487033106,,
facebook/opt-1.3b,trec,int4,dense,0.1,1.0151617800623007,-0.0430395723577557,,outputs/opt13b_int4_task_probe64_trec_fix_20260603_214936/trec/dense/summary.csv,loss_or_fd,,0.9828138735093592,0.8802939000620591,0.4581121219439539,,
facebook/opt-1.3b,trec,int4,sparse_p0p01,1e-05,108.74034395262072,0.3286408735605298,,outputs/opt13b_int4_task_probe64_trec_fix_20260603_214936/trec/sparse_p0p01/summary.csv,loss_or_fd,,2.467176980442472e-06,0.0180131693368519,8.595236464328497,,
facebook/opt-1.3b,trec,int4,sparse_p0p01,3e-05,22.885822356618245,0.1485665278598739,,outputs/opt13b_int4_task_probe64_trec_fix_20260603_214936/trec/sparse_p0p01/summary.csv,loss_or_fd,,7.526056530574957e-06,0.0318876808283992,4.957444671527154,,
facebook/opt-1.3b,trec,int4,sparse_p0p01,0.0001,3.5761211329298783,0.3238782366396286,,outputs/opt13b_int4_task_probe64_trec_fix_20260603_214936/trec/sparse_p0p01/summary.csv,loss_or_fd,,2.56286778797706e-05,0.0590208795317203,2.7301531199275737,,
facebook/opt-1.3b,trec,int4,sparse_p0p01,0.0003,1.5220710371065775,0.3255372774852054,,outputs/opt13b_int4_task_probe64_trec_fix_20260603_214936/trec/sparse_p0p01/summary.csv,loss_or_fd,,7.984033113138545e-05,0.1051338788684387,1.598291247404018,,
facebook/opt-1.3b,trec,int4,sparse_p0p01,0.001,1.0386613995418907,0.3415977776538574,,outputs/opt13b_int4_task_probe64_trec_fix_20260603_214936/trec/sparse_p0p01/summary.csv,loss_or_fd,,0.0003025022516441,0.2109634852683629,0.9225633281434038,,
facebook/opt-1.3b,trec,int4,sparse_p0p01,0.003,0.9703520912865972,0.3264806148831067,,outputs/opt13b_int4_task_probe64_trec_fix_20260603_214936/trec/sparse_p0p01/summary.csv,loss_or_fd,,0.0011299861103503,0.426403194787897,0.6197609331630921,,
facebook/opt-1.3b,trec,int4,sparse_p0p01,0.01,0.8786166997176458,0.371837790500773,,outputs/opt13b_int4_task_probe64_trec_fix_20260603_214936/trec/sparse_p0p01/summary.csv,loss_or_fd,,0.0039583891759523,0.74501561214837,0.5049862327972566,,
facebook/opt-1.3b,trec,int4,sparse_p0p01,0.03,1.1032015349499729,0.1690849693887832,,outputs/opt13b_int4_task_probe64_trec_fix_20260603_214936/trec/sparse_p0p01/summary.csv,loss_or_fd,,0.0073997890447369,0.9366989819296224,0.4895211672776521,,
facebook/opt-1.3b,trec,int4,sparse_p0p01,0.1,1.5125845450981614,-0.0457062173065505,,outputs/opt13b_int4_task_probe64_trec_fix_20260603_214936/trec/sparse_p0p01/summary.csv,loss_or_fd,,0.0092063948589687,0.951327100030158,0.4132916600833602,,
