d,effective_dim,active_p,Delta,qbits,function_family,group_size,scale_sigma,synthetic_source,k_dirs,tau,h_min,h_max,rho_window_width_log10,rows_in_window
1000,1,0.001,3e-05,4,nl,128,0.5,hwindow_12h_highdim_extra_midp,1,0.01,1e-08,0.1,7.0,15
1000,1,0.001,3e-05,4,nl,128,0.5,hwindow_12h_highdim_extra_midp,1,0.05,1e-08,0.1,7.0,15
1000,1,0.001,3e-05,4,nl,128,0.5,hwindow_12h_highdim_extra_midp,1,0.1,1e-08,0.1,7.0,15
1000,1,0.001,3e-05,4,nl,128,0.5,hwindow_12h_highdim_extra_midp,1,0.5,1e-08,0.1,7.0,15
1000,1,0.001,3e-05,4,nl,128,0.5,hwindow_12h_highdim_extra_midp,1,1.0,1e-08,0.1,7.0,15
1000,1,0.001,3e-05,4,nl,128,0.5,hwindow_12h_highdim_extra_midp,2,0.01,1e-08,0.1,7.0,15
1000,1,0.001,3e-05,4,nl,128,0.5,hwindow_12h_highdim_extra_midp,2,0.05,1e-08,0.1,7.0,15
1000,1,0.001,3e-05,4,nl,128,0.5,hwindow_12h_highdim_extra_midp,2,0.1,1e-08,0.1,7.0,15
1000,1,0.001,3e-05,4,nl,128,0.5,hwindow_12h_highdim_extra_midp,2,0.5,1e-08,0.1,7.0,15
1000,1,0.001,3e-05,4,nl,128,0.5,hwindow_12h_highdim_extra_midp,2,1.0,1e-08,0.1,7.0,15
1000,1,0.001,3e-05,4,nl,128,0.5,hwindow_12h_highdim_extra_midp,4,0.01,1e-08,0.1,7.0,15
1000,1,0.001,3e-05,4,nl,128,0.5,hwindow_12h_highdim_extra_midp,4,0.05,1e-08,0.1,7.0,15
1000,1,0.001,3e-05,4,nl,128,0.5,hwindow_12h_highdim_extra_midp,4,0.1,1e-08,0.1,7.0,15
1000,1,0.001,3e-05,4,nl,128,0.5,hwindow_12h_highdim_extra_midp,4,0.5,1e-08,0.1,7.0,15
1000,1,0.001,3e-05,4,nl,128,0.5,hwindow_12h_highdim_extra_midp,4,1.0,1e-08,0.1,7.0,15
1000,1,0.001,3e-05,4,nl,128,0.5,hwindow_12h_highdim_extra_midp,8,0.01,1e-08,0.1,7.0,15
1000,1,0.001,3e-05,4,nl,128,0.5,hwindow_12h_highdim_extra_midp,8,0.05,1e-08,0.1,7.0,15
1000,1,0.001,3e-05,4,nl,128,0.5,hwindow_12h_highdim_extra_midp,8,0.1,1e-08,0.1,7.0,15
1000,1,0.001,3e-05,4,nl,128,0.5,hwindow_12h_highdim_extra_midp,8,0.5,1e-08,0.1,7.0,15
1000,1,0.001,3e-05,4,nl,128,0.5,hwindow_12h_highdim_extra_midp,8,1.0,1e-08,0.1,7.0,15
1000,1,0.001,3e-05,4,nl,128,0.5,hwindow_12h_highdim_extra_midp,16,0.01,1e-08,0.1,7.0,15
1000,1,0.001,3e-05,4,nl,128,0.5,hwindow_12h_highdim_extra_midp,16,0.05,1e-08,0.1,7.0,15
1000,1,0.001,3e-05,4,nl,128,0.5,hwindow_12h_highdim_extra_midp,16,0.1,1e-08,0.1,7.0,15
1000,1,0.001,3e-05,4,nl,128,0.5,hwindow_12h_highdim_extra_midp,16,0.5,1e-08,0.1,7.0,15
1000,1,0.001,3e-05,4,nl,128,0.5,hwindow_12h_highdim_extra_midp,16,1.0,1e-08,0.1,7.0,15
1000,1,0.001,3e-05,8,nl,128,0.5,hwindow_12h_highdim_extra_midp,1,0.01,1e-08,0.1,7.0,15
1000,1,0.001,3e-05,8,nl,128,0.5,hwindow_12h_highdim_extra_midp,1,0.05,1e-08,0.1,7.0,15
1000,1,0.001,3e-05,8,nl,128,0.5,hwindow_12h_highdim_extra_midp,1,0.1,1e-08,0.1,7.0,15
1000,1,0.001,3e-05,8,nl,128,0.5,hwindow_12h_highdim_extra_midp,1,0.5,1e-08,0.1,7.0,15
1000,1,0.001,3e-05,8,nl,128,0.5,hwindow_12h_highdim_extra_midp,1,1.0,1e-08,0.1,7.0,15
1000,1,0.001,3e-05,8,nl,128,0.5,hwindow_12h_highdim_extra_midp,2,0.01,1e-08,0.1,7.0,15
1000,1,0.001,3e-05,8,nl,128,0.5,hwindow_12h_highdim_extra_midp,2,0.05,1e-08,0.1,7.0,15
1000,1,0.001,3e-05,8,nl,128,0.5,hwindow_12h_highdim_extra_midp,2,0.1,1e-08,0.1,7.0,15
1000,1,0.001,3e-05,8,nl,128,0.5,hwindow_12h_highdim_extra_midp,2,0.5,1e-08,0.1,7.0,15
1000,1,0.001,3e-05,8,nl,128,0.5,hwindow_12h_highdim_extra_midp,2,1.0,1e-08,0.1,7.0,15
1000,1,0.001,3e-05,8,nl,128,0.5,hwindow_12h_highdim_extra_midp,4,0.01,1e-08,0.1,7.0,15
1000,1,0.001,3e-05,8,nl,128,0.5,hwindow_12h_highdim_extra_midp,4,0.05,1e-08,0.1,7.0,15
1000,1,0.001,3e-05,8,nl,128,0.5,hwindow_12h_highdim_extra_midp,4,0.1,1e-08,0.1,7.0,15
1000,1,0.001,3e-05,8,nl,128,0.5,hwindow_12h_highdim_extra_midp,4,0.5,1e-08,0.1,7.0,15
1000,1,0.001,3e-05,8,nl,128,0.5,hwindow_12h_highdim_extra_midp,4,1.0,1e-08,0.1,7.0,15
1000,1,0.001,3e-05,8,nl,128,0.5,hwindow_12h_highdim_extra_midp,8,0.01,1e-08,0.1,7.0,15
1000,1,0.001,3e-05,8,nl,128,0.5,hwindow_12h_highdim_extra_midp,8,0.05,1e-08,0.1,7.0,15
1000,1,0.001,3e-05,8,nl,128,0.5,hwindow_12h_highdim_extra_midp,8,0.1,1e-08,0.1,7.0,15
1000,1,0.001,3e-05,8,nl,128,0.5,hwindow_12h_highdim_extra_midp,8,0.5,1e-08,0.1,7.0,15
1000,1,0.001,3e-05,8,nl,128,0.5,hwindow_12h_highdim_extra_midp,8,1.0,1e-08,0.1,7.0,15
1000,1,0.001,3e-05,8,nl,128,0.5,hwindow_12h_highdim_extra_midp,16,0.01,1e-08,0.1,7.0,15
1000,1,0.001,3e-05,8,nl,128,0.5,hwindow_12h_highdim_extra_midp,16,0.05,1e-08,0.1,7.0,15
1000,1,0.001,3e-05,8,nl,128,0.5,hwindow_12h_highdim_extra_midp,16,0.1,1e-08,0.1,7.0,15
1000,1,0.001,3e-05,8,nl,128,0.5,hwindow_12h_highdim_extra_midp,16,0.5,1e-08,0.1,7.0,15
1000,1,0.001,3e-05,8,nl,128,0.5,hwindow_12h_highdim_extra_midp,16,1.0,1e-08,0.1,7.0,15
1000,1,0.001,0.0003,4,nl,128,0.5,hwindow_12h_highdim_extra_midp,1,0.01,1e-08,0.1,7.0,15
1000,1,0.001,0.0003,4,nl,128,0.5,hwindow_12h_highdim_extra_midp,1,0.05,1e-08,0.1,7.0,15
1000,1,0.001,0.0003,4,nl,128,0.5,hwindow_12h_highdim_extra_midp,1,0.1,1e-08,0.1,7.0,15
1000,1,0.001,0.0003,4,nl,128,0.5,hwindow_12h_highdim_extra_midp,1,0.5,1e-08,0.1,7.0,15
1000,1,0.001,0.0003,4,nl,128,0.5,hwindow_12h_highdim_extra_midp,1,1.0,1e-08,0.1,7.0,15
1000,1,0.001,0.0003,4,nl,128,0.5,hwindow_12h_highdim_extra_midp,2,0.01,1e-08,0.1,7.0,15
1000,1,0.001,0.0003,4,nl,128,0.5,hwindow_12h_highdim_extra_midp,2,0.05,1e-08,0.1,7.0,15
1000,1,0.001,0.0003,4,nl,128,0.5,hwindow_12h_highdim_extra_midp,2,0.1,1e-08,0.1,7.0,15
1000,1,0.001,0.0003,4,nl,128,0.5,hwindow_12h_highdim_extra_midp,2,0.5,1e-08,0.1,7.0,15
1000,1,0.001,0.0003,4,nl,128,0.5,hwindow_12h_highdim_extra_midp,2,1.0,1e-08,0.1,7.0,15
1000,1,0.001,0.0003,4,nl,128,0.5,hwindow_12h_highdim_extra_midp,4,0.01,1e-08,0.1,7.0,15
1000,1,0.001,0.0003,4,nl,128,0.5,hwindow_12h_highdim_extra_midp,4,0.05,1e-08,0.1,7.0,15
1000,1,0.001,0.0003,4,nl,128,0.5,hwindow_12h_highdim_extra_midp,4,0.1,1e-08,0.1,7.0,15
1000,1,0.001,0.0003,4,nl,128,0.5,hwindow_12h_highdim_extra_midp,4,0.5,1e-08,0.1,7.0,15
1000,1,0.001,0.0003,4,nl,128,0.5,hwindow_12h_highdim_extra_midp,4,1.0,1e-08,0.1,7.0,15
1000,1,0.001,0.0003,4,nl,128,0.5,hwindow_12h_highdim_extra_midp,8,0.01,1e-08,0.1,7.0,15
1000,1,0.001,0.0003,4,nl,128,0.5,hwindow_12h_highdim_extra_midp,8,0.05,1e-08,0.1,7.0,15
1000,1,0.001,0.0003,4,nl,128,0.5,hwindow_12h_highdim_extra_midp,8,0.1,1e-08,0.1,7.0,15
1000,1,0.001,0.0003,4,nl,128,0.5,hwindow_12h_highdim_extra_midp,8,0.5,1e-08,0.1,7.0,15
1000,1,0.001,0.0003,4,nl,128,0.5,hwindow_12h_highdim_extra_midp,8,1.0,1e-08,0.1,7.0,15
1000,1,0.001,0.0003,4,nl,128,0.5,hwindow_12h_highdim_extra_midp,16,0.01,1e-08,0.1,7.0,15
1000,1,0.001,0.0003,4,nl,128,0.5,hwindow_12h_highdim_extra_midp,16,0.05,1e-08,0.1,7.0,15
1000,1,0.001,0.0003,4,nl,128,0.5,hwindow_12h_highdim_extra_midp,16,0.1,1e-08,0.1,7.0,15
1000,1,0.001,0.0003,4,nl,128,0.5,hwindow_12h_highdim_extra_midp,16,0.5,1e-08,0.1,7.0,15
1000,1,0.001,0.0003,4,nl,128,0.5,hwindow_12h_highdim_extra_midp,16,1.0,1e-08,0.1,7.0,15
1000,1,0.001,0.0003,8,nl,128,0.5,hwindow_12h_highdim_extra_midp,1,0.01,1e-08,0.1,7.0,15
1000,1,0.001,0.0003,8,nl,128,0.5,hwindow_12h_highdim_extra_midp,1,0.05,1e-08,0.1,7.0,15
1000,1,0.001,0.0003,8,nl,128,0.5,hwindow_12h_highdim_extra_midp,1,0.1,1e-08,0.1,7.0,15
1000,1,0.001,0.0003,8,nl,128,0.5,hwindow_12h_highdim_extra_midp,1,0.5,1e-08,0.1,7.0,15
1000,1,0.001,0.0003,8,nl,128,0.5,hwindow_12h_highdim_extra_midp,1,1.0,1e-08,0.1,7.0,15
1000,1,0.001,0.0003,8,nl,128,0.5,hwindow_12h_highdim_extra_midp,2,0.01,1e-08,0.1,7.0,15
1000,1,0.001,0.0003,8,nl,128,0.5,hwindow_12h_highdim_extra_midp,2,0.05,1e-08,0.1,7.0,15
1000,1,0.001,0.0003,8,nl,128,0.5,hwindow_12h_highdim_extra_midp,2,0.1,1e-08,0.1,7.0,15
1000,1,0.001,0.0003,8,nl,128,0.5,hwindow_12h_highdim_extra_midp,2,0.5,1e-08,0.1,7.0,15
1000,1,0.001,0.0003,8,nl,128,0.5,hwindow_12h_highdim_extra_midp,2,1.0,1e-08,0.1,7.0,15
1000,1,0.001,0.0003,8,nl,128,0.5,hwindow_12h_highdim_extra_midp,4,0.01,1e-08,0.1,7.0,15
1000,1,0.001,0.0003,8,nl,128,0.5,hwindow_12h_highdim_extra_midp,4,0.05,1e-08,0.1,7.0,15
1000,1,0.001,0.0003,8,nl,128,0.5,hwindow_12h_highdim_extra_midp,4,0.1,1e-08,0.1,7.0,15
1000,1,0.001,0.0003,8,nl,128,0.5,hwindow_12h_highdim_extra_midp,4,0.5,1e-08,0.1,7.0,15
1000,1,0.001,0.0003,8,nl,128,0.5,hwindow_12h_highdim_extra_midp,4,1.0,1e-08,0.1,7.0,15
1000,1,0.001,0.0003,8,nl,128,0.5,hwindow_12h_highdim_extra_midp,8,0.01,1e-08,0.1,7.0,15
1000,1,0.001,0.0003,8,nl,128,0.5,hwindow_12h_highdim_extra_midp,8,0.05,1e-08,0.1,7.0,15
1000,1,0.001,0.0003,8,nl,128,0.5,hwindow_12h_highdim_extra_midp,8,0.1,1e-08,0.1,7.0,15
1000,1,0.001,0.0003,8,nl,128,0.5,hwindow_12h_highdim_extra_midp,8,0.5,1e-08,0.1,7.0,15
1000,1,0.001,0.0003,8,nl,128,0.5,hwindow_12h_highdim_extra_midp,8,1.0,1e-08,0.1,7.0,15
1000,1,0.001,0.0003,8,nl,128,0.5,hwindow_12h_highdim_extra_midp,16,0.01,1e-08,0.1,7.0,15
1000,1,0.001,0.0003,8,nl,128,0.5,hwindow_12h_highdim_extra_midp,16,0.05,1e-08,0.1,7.0,15
1000,1,0.001,0.0003,8,nl,128,0.5,hwindow_12h_highdim_extra_midp,16,0.1,1e-08,0.1,7.0,15
1000,1,0.001,0.0003,8,nl,128,0.5,hwindow_12h_highdim_extra_midp,16,0.5,1e-08,0.1,7.0,15
1000,1,0.001,0.0003,8,nl,128,0.5,hwindow_12h_highdim_extra_midp,16,1.0,1e-08,0.1,7.0,15
1000,1,0.001,0.003,4,nl,128,0.5,hwindow_12h_highdim_extra_midp,1,0.01,1e-08,0.1,7.0,15
1000,1,0.001,0.003,4,nl,128,0.5,hwindow_12h_highdim_extra_midp,1,0.05,1e-08,0.1,7.0,15
1000,1,0.001,0.003,4,nl,128,0.5,hwindow_12h_highdim_extra_midp,1,0.1,1e-08,0.1,7.0,15
1000,1,0.001,0.003,4,nl,128,0.5,hwindow_12h_highdim_extra_midp,1,0.5,1e-08,0.1,7.0,15
1000,1,0.001,0.003,4,nl,128,0.5,hwindow_12h_highdim_extra_midp,1,1.0,1e-08,0.1,7.0,15
1000,1,0.001,0.003,4,nl,128,0.5,hwindow_12h_highdim_extra_midp,2,0.01,1e-08,0.1,7.0,15
1000,1,0.001,0.003,4,nl,128,0.5,hwindow_12h_highdim_extra_midp,2,0.05,1e-08,0.1,7.0,15
1000,1,0.001,0.003,4,nl,128,0.5,hwindow_12h_highdim_extra_midp,2,0.1,1e-08,0.1,7.0,15
1000,1,0.001,0.003,4,nl,128,0.5,hwindow_12h_highdim_extra_midp,2,0.5,1e-08,0.1,7.0,15
1000,1,0.001,0.003,4,nl,128,0.5,hwindow_12h_highdim_extra_midp,2,1.0,1e-08,0.1,7.0,15
1000,1,0.001,0.003,4,nl,128,0.5,hwindow_12h_highdim_extra_midp,4,0.01,1e-08,0.1,7.0,15
1000,1,0.001,0.003,4,nl,128,0.5,hwindow_12h_highdim_extra_midp,4,0.05,1e-08,0.1,7.0,15
1000,1,0.001,0.003,4,nl,128,0.5,hwindow_12h_highdim_extra_midp,4,0.1,1e-08,0.1,7.0,15
1000,1,0.001,0.003,4,nl,128,0.5,hwindow_12h_highdim_extra_midp,4,0.5,1e-08,0.1,7.0,15
1000,1,0.001,0.003,4,nl,128,0.5,hwindow_12h_highdim_extra_midp,4,1.0,1e-08,0.1,7.0,15
1000,1,0.001,0.003,4,nl,128,0.5,hwindow_12h_highdim_extra_midp,8,0.01,1e-08,0.1,7.0,15
1000,1,0.001,0.003,4,nl,128,0.5,hwindow_12h_highdim_extra_midp,8,0.05,1e-08,0.1,7.0,15
1000,1,0.001,0.003,4,nl,128,0.5,hwindow_12h_highdim_extra_midp,8,0.1,1e-08,0.1,7.0,15
1000,1,0.001,0.003,4,nl,128,0.5,hwindow_12h_highdim_extra_midp,8,0.5,1e-08,0.1,7.0,15
1000,1,0.001,0.003,4,nl,128,0.5,hwindow_12h_highdim_extra_midp,8,1.0,1e-08,0.1,7.0,15
1000,1,0.001,0.003,4,nl,128,0.5,hwindow_12h_highdim_extra_midp,16,0.01,1e-08,0.1,7.0,15
1000,1,0.001,0.003,4,nl,128,0.5,hwindow_12h_highdim_extra_midp,16,0.05,1e-08,0.1,7.0,15
1000,1,0.001,0.003,4,nl,128,0.5,hwindow_12h_highdim_extra_midp,16,0.1,1e-08,0.1,7.0,15
1000,1,0.001,0.003,4,nl,128,0.5,hwindow_12h_highdim_extra_midp,16,0.5,1e-08,0.1,7.0,15
1000,1,0.001,0.003,4,nl,128,0.5,hwindow_12h_highdim_extra_midp,16,1.0,1e-08,0.1,7.0,15
1000,1,0.001,0.003,8,nl,128,0.5,hwindow_12h_highdim_extra_midp,1,0.01,1e-08,0.1,7.0,15
1000,1,0.001,0.003,8,nl,128,0.5,hwindow_12h_highdim_extra_midp,1,0.05,1e-08,0.1,7.0,15
1000,1,0.001,0.003,8,nl,128,0.5,hwindow_12h_highdim_extra_midp,1,0.1,1e-08,0.1,7.0,15
1000,1,0.001,0.003,8,nl,128,0.5,hwindow_12h_highdim_extra_midp,1,0.5,1e-08,0.1,7.0,15
1000,1,0.001,0.003,8,nl,128,0.5,hwindow_12h_highdim_extra_midp,1,1.0,1e-08,0.1,7.0,15
1000,1,0.001,0.003,8,nl,128,0.5,hwindow_12h_highdim_extra_midp,2,0.01,1e-08,0.1,7.0,15
1000,1,0.001,0.003,8,nl,128,0.5,hwindow_12h_highdim_extra_midp,2,0.05,1e-08,0.1,7.0,15
1000,1,0.001,0.003,8,nl,128,0.5,hwindow_12h_highdim_extra_midp,2,0.1,1e-08,0.1,7.0,15
1000,1,0.001,0.003,8,nl,128,0.5,hwindow_12h_highdim_extra_midp,2,0.5,1e-08,0.1,7.0,15
1000,1,0.001,0.003,8,nl,128,0.5,hwindow_12h_highdim_extra_midp,2,1.0,1e-08,0.1,7.0,15
1000,1,0.001,0.003,8,nl,128,0.5,hwindow_12h_highdim_extra_midp,4,0.01,1e-08,0.1,7.0,15
1000,1,0.001,0.003,8,nl,128,0.5,hwindow_12h_highdim_extra_midp,4,0.05,1e-08,0.1,7.0,15
1000,1,0.001,0.003,8,nl,128,0.5,hwindow_12h_highdim_extra_midp,4,0.1,1e-08,0.1,7.0,15
1000,1,0.001,0.003,8,nl,128,0.5,hwindow_12h_highdim_extra_midp,4,0.5,1e-08,0.1,7.0,15
1000,1,0.001,0.003,8,nl,128,0.5,hwindow_12h_highdim_extra_midp,4,1.0,1e-08,0.1,7.0,15
1000,1,0.001,0.003,8,nl,128,0.5,hwindow_12h_highdim_extra_midp,8,0.01,1e-08,0.1,7.0,15
1000,1,0.001,0.003,8,nl,128,0.5,hwindow_12h_highdim_extra_midp,8,0.05,1e-08,0.1,7.0,15
1000,1,0.001,0.003,8,nl,128,0.5,hwindow_12h_highdim_extra_midp,8,0.1,1e-08,0.1,7.0,15
1000,1,0.001,0.003,8,nl,128,0.5,hwindow_12h_highdim_extra_midp,8,0.5,1e-08,0.1,7.0,15
1000,1,0.001,0.003,8,nl,128,0.5,hwindow_12h_highdim_extra_midp,8,1.0,1e-08,0.1,7.0,15
1000,1,0.001,0.003,8,nl,128,0.5,hwindow_12h_highdim_extra_midp,16,0.01,1e-08,0.1,7.0,15
1000,1,0.001,0.003,8,nl,128,0.5,hwindow_12h_highdim_extra_midp,16,0.05,1e-08,0.1,7.0,15
1000,1,0.001,0.003,8,nl,128,0.5,hwindow_12h_highdim_extra_midp,16,0.1,1e-08,0.1,7.0,15
1000,1,0.001,0.003,8,nl,128,0.5,hwindow_12h_highdim_extra_midp,16,0.5,1e-08,0.1,7.0,15
1000,1,0.001,0.003,8,nl,128,0.5,hwindow_12h_highdim_extra_midp,16,1.0,1e-08,0.1,7.0,15
1000,10,0.01,1e-05,4,lin,128,0.0,main,1,0.01,3e-08,0.1,6.522878745280337,12
1000,10,0.01,1e-05,4,lin,128,0.0,main,1,0.05,1e-08,0.1,7.0,15
1000,10,0.01,1e-05,4,lin,128,0.0,main,1,0.1,1e-08,0.1,7.0,15
1000,10,0.01,1e-05,4,lin,128,0.0,main,1,0.5,1e-08,0.1,7.0,15
1000,10,0.01,1e-05,4,lin,128,0.0,main,1,1.0,1e-08,0.1,7.0,15
1000,10,0.01,1e-05,4,lin,128,0.0,main,2,0.01,1e-08,0.1,7.0,15
1000,10,0.01,1e-05,4,lin,128,0.0,main,2,0.05,1e-08,0.1,7.0,15
1000,10,0.01,1e-05,4,lin,128,0.0,main,2,0.1,1e-08,0.1,7.0,15
1000,10,0.01,1e-05,4,lin,128,0.0,main,2,0.5,1e-08,0.1,7.0,15
1000,10,0.01,1e-05,4,lin,128,0.0,main,2,1.0,1e-08,0.1,7.0,15
1000,10,0.01,1e-05,4,lin,128,0.0,main,4,0.01,1e-08,0.1,7.0,15
1000,10,0.01,1e-05,4,lin,128,0.0,main,4,0.05,1e-08,0.1,7.0,15
1000,10,0.01,1e-05,4,lin,128,0.0,main,4,0.1,1e-08,0.1,7.0,15
1000,10,0.01,1e-05,4,lin,128,0.0,main,4,0.5,1e-08,0.1,7.0,15
1000,10,0.01,1e-05,4,lin,128,0.0,main,4,1.0,1e-08,0.1,7.0,15
1000,10,0.01,1e-05,4,lin,128,0.0,main,8,0.01,1e-08,0.1,7.0,15
1000,10,0.01,1e-05,4,lin,128,0.0,main,8,0.05,1e-08,0.1,7.0,15
1000,10,0.01,1e-05,4,lin,128,0.0,main,8,0.1,1e-08,0.1,7.0,15
1000,10,0.01,1e-05,4,lin,128,0.0,main,8,0.5,1e-08,0.1,7.0,15
1000,10,0.01,1e-05,4,lin,128,0.0,main,8,1.0,1e-08,0.1,7.0,15
1000,10,0.01,1e-05,4,lin,128,0.0,main,16,0.01,1e-08,0.1,7.0,15
1000,10,0.01,1e-05,4,lin,128,0.0,main,16,0.05,1e-08,0.1,7.0,15
1000,10,0.01,1e-05,4,lin,128,0.0,main,16,0.1,1e-08,0.1,7.0,15
1000,10,0.01,1e-05,4,lin,128,0.0,main,16,0.5,1e-08,0.1,7.0,15
1000,10,0.01,1e-05,4,lin,128,0.0,main,16,1.0,1e-08,0.1,7.0,15
1000,10,0.01,1e-05,4,lin,128,1.0,main,1,0.01,0.0001,0.001,1.0,3
1000,10,0.01,1e-05,4,lin,128,1.0,main,1,0.05,1e-08,0.1,7.0,13
1000,10,0.01,1e-05,4,lin,128,1.0,main,1,0.1,1e-08,0.1,7.0,14
1000,10,0.01,1e-05,4,lin,128,1.0,main,1,0.5,1e-08,0.1,7.0,15
1000,10,0.01,1e-05,4,lin,128,1.0,main,1,1.0,1e-08,0.1,7.0,15
1000,10,0.01,1e-05,4,lin,128,1.0,main,2,0.01,1e-05,0.01,3.0,7
1000,10,0.01,1e-05,4,lin,128,1.0,main,2,0.05,1e-08,0.1,7.0,14
1000,10,0.01,1e-05,4,lin,128,1.0,main,2,0.1,1e-08,0.1,7.0,15
1000,10,0.01,1e-05,4,lin,128,1.0,main,2,0.5,1e-08,0.1,7.0,15
1000,10,0.01,1e-05,4,lin,128,1.0,main,2,1.0,1e-08,0.1,7.0,15
1000,10,0.01,1e-05,4,lin,128,1.0,main,4,0.01,1e-08,0.1,7.0,13
1000,10,0.01,1e-05,4,lin,128,1.0,main,4,0.05,1e-08,0.1,7.0,15
1000,10,0.01,1e-05,4,lin,128,1.0,main,4,0.1,1e-08,0.1,7.0,15
1000,10,0.01,1e-05,4,lin,128,1.0,main,4,0.5,1e-08,0.1,7.0,15
1000,10,0.01,1e-05,4,lin,128,1.0,main,4,1.0,1e-08,0.1,7.0,15
1000,10,0.01,1e-05,4,lin,128,1.0,main,8,0.01,1e-08,0.1,7.0,14
1000,10,0.01,1e-05,4,lin,128,1.0,main,8,0.05,1e-08,0.1,7.0,15
1000,10,0.01,1e-05,4,lin,128,1.0,main,8,0.1,1e-08,0.1,7.0,15
1000,10,0.01,1e-05,4,lin,128,1.0,main,8,0.5,1e-08,0.1,7.0,15
1000,10,0.01,1e-05,4,lin,128,1.0,main,8,1.0,1e-08,0.1,7.0,15
1000,10,0.01,1e-05,4,lin,128,1.0,main,16,0.01,1e-08,0.1,7.0,15
1000,10,0.01,1e-05,4,lin,128,1.0,main,16,0.05,1e-08,0.1,7.0,15
1000,10,0.01,1e-05,4,lin,128,1.0,main,16,0.1,1e-08,0.1,7.0,15
1000,10,0.01,1e-05,4,lin,128,1.0,main,16,0.5,1e-08,0.1,7.0,15
1000,10,0.01,1e-05,4,lin,128,1.0,main,16,1.0,1e-08,0.1,7.0,15
1000,10,0.01,1e-05,4,nl,128,0.0,main,1,0.01,1e-08,0.1,7.0,15
1000,10,0.01,1e-05,4,nl,128,0.0,main,1,0.05,1e-08,0.1,7.0,15
1000,10,0.01,1e-05,4,nl,128,0.0,main,1,0.1,1e-08,0.1,7.0,15
1000,10,0.01,1e-05,4,nl,128,0.0,main,1,0.5,1e-08,0.1,7.0,15
1000,10,0.01,1e-05,4,nl,128,0.0,main,1,1.0,1e-08,0.1,7.0,15
1000,10,0.01,1e-05,4,nl,128,0.0,main,2,0.01,1e-08,0.1,7.0,15
1000,10,0.01,1e-05,4,nl,128,0.0,main,2,0.05,1e-08,0.1,7.0,15
1000,10,0.01,1e-05,4,nl,128,0.0,main,2,0.1,1e-08,0.1,7.0,15
1000,10,0.01,1e-05,4,nl,128,0.0,main,2,0.5,1e-08,0.1,7.0,15
1000,10,0.01,1e-05,4,nl,128,0.0,main,2,1.0,1e-08,0.1,7.0,15
1000,10,0.01,1e-05,4,nl,128,0.0,main,4,0.01,1e-08,0.1,7.0,15
1000,10,0.01,1e-05,4,nl,128,0.0,main,4,0.05,1e-08,0.1,7.0,15
1000,10,0.01,1e-05,4,nl,128,0.0,main,4,0.1,1e-08,0.1,7.0,15
1000,10,0.01,1e-05,4,nl,128,0.0,main,4,0.5,1e-08,0.1,7.0,15
1000,10,0.01,1e-05,4,nl,128,0.0,main,4,1.0,1e-08,0.1,7.0,15
1000,10,0.01,1e-05,4,nl,128,0.0,main,8,0.01,1e-08,0.1,7.0,15
1000,10,0.01,1e-05,4,nl,128,0.0,main,8,0.05,1e-08,0.1,7.0,15
1000,10,0.01,1e-05,4,nl,128,0.0,main,8,0.1,1e-08,0.1,7.0,15
1000,10,0.01,1e-05,4,nl,128,0.0,main,8,0.5,1e-08,0.1,7.0,15
1000,10,0.01,1e-05,4,nl,128,0.0,main,8,1.0,1e-08,0.1,7.0,15
1000,10,0.01,1e-05,4,nl,128,0.0,main,16,0.01,1e-08,0.1,7.0,15
1000,10,0.01,1e-05,4,nl,128,0.0,main,16,0.05,1e-08,0.1,7.0,15
1000,10,0.01,1e-05,4,nl,128,0.0,main,16,0.1,1e-08,0.1,7.0,15
1000,10,0.01,1e-05,4,nl,128,0.0,main,16,0.5,1e-08,0.1,7.0,15
1000,10,0.01,1e-05,4,nl,128,0.0,main,16,1.0,1e-08,0.1,7.0,15
1000,10,0.01,1e-05,4,nl,128,1.0,main,1,0.01,1e-08,0.1,7.0,15
1000,10,0.01,1e-05,4,nl,128,1.0,main,1,0.05,1e-08,0.1,7.0,15
1000,10,0.01,1e-05,4,nl,128,1.0,main,1,0.1,1e-08,0.1,7.0,15
1000,10,0.01,1e-05,4,nl,128,1.0,main,1,0.5,1e-08,0.1,7.0,15
1000,10,0.01,1e-05,4,nl,128,1.0,main,1,1.0,1e-08,0.1,7.0,15
1000,10,0.01,1e-05,4,nl,128,1.0,main,2,0.01,1e-08,0.1,7.0,15
1000,10,0.01,1e-05,4,nl,128,1.0,main,2,0.05,1e-08,0.1,7.0,15
1000,10,0.01,1e-05,4,nl,128,1.0,main,2,0.1,1e-08,0.1,7.0,15
1000,10,0.01,1e-05,4,nl,128,1.0,main,2,0.5,1e-08,0.1,7.0,15
1000,10,0.01,1e-05,4,nl,128,1.0,main,2,1.0,1e-08,0.1,7.0,15
1000,10,0.01,1e-05,4,nl,128,1.0,main,4,0.01,1e-08,0.1,7.0,15
1000,10,0.01,1e-05,4,nl,128,1.0,main,4,0.05,1e-08,0.1,7.0,15
1000,10,0.01,1e-05,4,nl,128,1.0,main,4,0.1,1e-08,0.1,7.0,15
1000,10,0.01,1e-05,4,nl,128,1.0,main,4,0.5,1e-08,0.1,7.0,15
1000,10,0.01,1e-05,4,nl,128,1.0,main,4,1.0,1e-08,0.1,7.0,15
1000,10,0.01,1e-05,4,nl,128,1.0,main,8,0.01,1e-08,0.1,7.0,15
1000,10,0.01,1e-05,4,nl,128,1.0,main,8,0.05,1e-08,0.1,7.0,15
1000,10,0.01,1e-05,4,nl,128,1.0,main,8,0.1,1e-08,0.1,7.0,15
1000,10,0.01,1e-05,4,nl,128,1.0,main,8,0.5,1e-08,0.1,7.0,15
1000,10,0.01,1e-05,4,nl,128,1.0,main,8,1.0,1e-08,0.1,7.0,15
1000,10,0.01,1e-05,4,nl,128,1.0,main,16,0.01,1e-08,0.1,7.0,15
1000,10,0.01,1e-05,4,nl,128,1.0,main,16,0.05,1e-08,0.1,7.0,15
1000,10,0.01,1e-05,4,nl,128,1.0,main,16,0.1,1e-08,0.1,7.0,15
1000,10,0.01,1e-05,4,nl,128,1.0,main,16,0.5,1e-08,0.1,7.0,15
1000,10,0.01,1e-05,4,nl,128,1.0,main,16,1.0,1e-08,0.1,7.0,15
1000,10,0.01,1e-05,8,lin,128,0.0,main,1,0.01,1e-08,0.1,7.0,14
1000,10,0.01,1e-05,8,lin,128,0.0,main,1,0.05,1e-08,0.1,7.0,15
1000,10,0.01,1e-05,8,lin,128,0.0,main,1,0.1,1e-08,0.1,7.0,15
1000,10,0.01,1e-05,8,lin,128,0.0,main,1,0.5,1e-08,0.1,7.0,15
1000,10,0.01,1e-05,8,lin,128,0.0,main,1,1.0,1e-08,0.1,7.0,15
1000,10,0.01,1e-05,8,lin,128,0.0,main,2,0.01,1e-08,0.1,7.0,14
1000,10,0.01,1e-05,8,lin,128,0.0,main,2,0.05,1e-08,0.1,7.0,15
1000,10,0.01,1e-05,8,lin,128,0.0,main,2,0.1,1e-08,0.1,7.0,15
1000,10,0.01,1e-05,8,lin,128,0.0,main,2,0.5,1e-08,0.1,7.0,15
1000,10,0.01,1e-05,8,lin,128,0.0,main,2,1.0,1e-08,0.1,7.0,15
1000,10,0.01,1e-05,8,lin,128,0.0,main,4,0.01,1e-08,0.1,7.0,15
1000,10,0.01,1e-05,8,lin,128,0.0,main,4,0.05,1e-08,0.1,7.0,15
1000,10,0.01,1e-05,8,lin,128,0.0,main,4,0.1,1e-08,0.1,7.0,15
1000,10,0.01,1e-05,8,lin,128,0.0,main,4,0.5,1e-08,0.1,7.0,15
1000,10,0.01,1e-05,8,lin,128,0.0,main,4,1.0,1e-08,0.1,7.0,15
1000,10,0.01,1e-05,8,lin,128,0.0,main,8,0.01,1e-08,0.1,7.0,15
1000,10,0.01,1e-05,8,lin,128,0.0,main,8,0.05,1e-08,0.1,7.0,15
1000,10,0.01,1e-05,8,lin,128,0.0,main,8,0.1,1e-08,0.1,7.0,15
1000,10,0.01,1e-05,8,lin,128,0.0,main,8,0.5,1e-08,0.1,7.0,15
1000,10,0.01,1e-05,8,lin,128,0.0,main,8,1.0,1e-08,0.1,7.0,15
1000,10,0.01,1e-05,8,lin,128,0.0,main,16,0.01,1e-08,0.1,7.0,15
1000,10,0.01,1e-05,8,lin,128,0.0,main,16,0.05,1e-08,0.1,7.0,15
1000,10,0.01,1e-05,8,lin,128,0.0,main,16,0.1,1e-08,0.1,7.0,15
1000,10,0.01,1e-05,8,lin,128,0.0,main,16,0.5,1e-08,0.1,7.0,15
1000,10,0.01,1e-05,8,lin,128,0.0,main,16,1.0,1e-08,0.1,7.0,15
1000,10,0.01,1e-05,8,lin,128,1.0,main,1,0.01,1e-08,0.1,7.0,12
1000,10,0.01,1e-05,8,lin,128,1.0,main,1,0.05,1e-08,0.1,7.0,14
1000,10,0.01,1e-05,8,lin,128,1.0,main,1,0.1,1e-08,0.1,7.0,15
1000,10,0.01,1e-05,8,lin,128,1.0,main,1,0.5,1e-08,0.1,7.0,15
1000,10,0.01,1e-05,8,lin,128,1.0,main,1,1.0,1e-08,0.1,7.0,15
1000,10,0.01,1e-05,8,lin,128,1.0,main,2,0.01,1e-08,0.1,7.0,13
1000,10,0.01,1e-05,8,lin,128,1.0,main,2,0.05,1e-08,0.1,7.0,15
1000,10,0.01,1e-05,8,lin,128,1.0,main,2,0.1,1e-08,0.1,7.0,15
1000,10,0.01,1e-05,8,lin,128,1.0,main,2,0.5,1e-08,0.1,7.0,15
1000,10,0.01,1e-05,8,lin,128,1.0,main,2,1.0,1e-08,0.1,7.0,15
1000,10,0.01,1e-05,8,lin,128,1.0,main,4,0.01,1e-08,0.1,7.0,14
1000,10,0.01,1e-05,8,lin,128,1.0,main,4,0.05,1e-08,0.1,7.0,15
1000,10,0.01,1e-05,8,lin,128,1.0,main,4,0.1,1e-08,0.1,7.0,15
1000,10,0.01,1e-05,8,lin,128,1.0,main,4,0.5,1e-08,0.1,7.0,15
1000,10,0.01,1e-05,8,lin,128,1.0,main,4,1.0,1e-08,0.1,7.0,15
1000,10,0.01,1e-05,8,lin,128,1.0,main,8,0.01,1e-08,0.1,7.0,15
1000,10,0.01,1e-05,8,lin,128,1.0,main,8,0.05,1e-08,0.1,7.0,15
1000,10,0.01,1e-05,8,lin,128,1.0,main,8,0.1,1e-08,0.1,7.0,15
1000,10,0.01,1e-05,8,lin,128,1.0,main,8,0.5,1e-08,0.1,7.0,15
1000,10,0.01,1e-05,8,lin,128,1.0,main,8,1.0,1e-08,0.1,7.0,15
1000,10,0.01,1e-05,8,lin,128,1.0,main,16,0.01,1e-08,0.1,7.0,15
1000,10,0.01,1e-05,8,lin,128,1.0,main,16,0.05,1e-08,0.1,7.0,15
1000,10,0.01,1e-05,8,lin,128,1.0,main,16,0.1,1e-08,0.1,7.0,15
1000,10,0.01,1e-05,8,lin,128,1.0,main,16,0.5,1e-08,0.1,7.0,15
1000,10,0.01,1e-05,8,lin,128,1.0,main,16,1.0,1e-08,0.1,7.0,15
1000,10,0.01,1e-05,8,nl,128,0.0,main,1,0.01,1e-08,0.1,7.0,11
1000,10,0.01,1e-05,8,nl,128,0.0,main,1,0.05,1e-08,0.1,7.0,11
1000,10,0.01,1e-05,8,nl,128,0.0,main,1,0.1,1e-08,0.1,7.0,12
1000,10,0.01,1e-05,8,nl,128,0.0,main,1,0.5,1e-08,0.1,7.0,13
1000,10,0.01,1e-05,8,nl,128,0.0,main,1,1.0,1e-08,0.1,7.0,13
1000,10,0.01,1e-05,8,nl,128,0.0,main,2,0.01,1e-08,0.1,7.0,11
1000,10,0.01,1e-05,8,nl,128,0.0,main,2,0.05,1e-08,0.1,7.0,12
1000,10,0.01,1e-05,8,nl,128,0.0,main,2,0.1,1e-08,0.1,7.0,12
1000,10,0.01,1e-05,8,nl,128,0.0,main,2,0.5,1e-08,0.1,7.0,13
1000,10,0.01,1e-05,8,nl,128,0.0,main,2,1.0,1e-08,0.1,7.0,14
1000,10,0.01,1e-05,8,nl,128,0.0,main,4,0.01,1e-08,0.1,7.0,11
1000,10,0.01,1e-05,8,nl,128,0.0,main,4,0.05,1e-08,0.1,7.0,12
1000,10,0.01,1e-05,8,nl,128,0.0,main,4,0.1,1e-08,0.1,7.0,12
1000,10,0.01,1e-05,8,nl,128,0.0,main,4,0.5,1e-08,0.1,7.0,14
1000,10,0.01,1e-05,8,nl,128,0.0,main,4,1.0,1e-08,0.1,7.0,15
1000,10,0.01,1e-05,8,nl,128,0.0,main,8,0.01,1e-08,0.1,7.0,12
1000,10,0.01,1e-05,8,nl,128,0.0,main,8,0.05,1e-08,0.1,7.0,12
1000,10,0.01,1e-05,8,nl,128,0.0,main,8,0.1,1e-08,0.1,7.0,13
1000,10,0.01,1e-05,8,nl,128,0.0,main,8,0.5,1e-08,0.1,7.0,15
1000,10,0.01,1e-05,8,nl,128,0.0,main,8,1.0,1e-08,0.1,7.0,15
1000,10,0.01,1e-05,8,nl,128,0.0,main,16,0.01,1e-08,0.1,7.0,12
1000,10,0.01,1e-05,8,nl,128,0.0,main,16,0.05,1e-08,0.1,7.0,13
1000,10,0.01,1e-05,8,nl,128,0.0,main,16,0.1,1e-08,0.1,7.0,14
1000,10,0.01,1e-05,8,nl,128,0.0,main,16,0.5,1e-08,0.1,7.0,15
1000,10,0.01,1e-05,8,nl,128,0.0,main,16,1.0,1e-08,0.1,7.0,15
1000,10,0.01,1e-05,8,nl,128,1.0,main,1,0.01,1e-07,0.1,6.0,12
1000,10,0.01,1e-05,8,nl,128,1.0,main,1,0.05,1e-08,0.1,7.0,15
1000,10,0.01,1e-05,8,nl,128,1.0,main,1,0.1,1e-08,0.1,7.0,15
1000,10,0.01,1e-05,8,nl,128,1.0,main,1,0.5,1e-08,0.1,7.0,15
1000,10,0.01,1e-05,8,nl,128,1.0,main,1,1.0,1e-08,0.1,7.0,15
1000,10,0.01,1e-05,8,nl,128,1.0,main,2,0.01,1e-08,0.1,7.0,15
1000,10,0.01,1e-05,8,nl,128,1.0,main,2,0.05,1e-08,0.1,7.0,15
1000,10,0.01,1e-05,8,nl,128,1.0,main,2,0.1,1e-08,0.1,7.0,15
1000,10,0.01,1e-05,8,nl,128,1.0,main,2,0.5,1e-08,0.1,7.0,15
1000,10,0.01,1e-05,8,nl,128,1.0,main,2,1.0,1e-08,0.1,7.0,15
1000,10,0.01,1e-05,8,nl,128,1.0,main,4,0.01,1e-08,0.1,7.0,15
1000,10,0.01,1e-05,8,nl,128,1.0,main,4,0.05,1e-08,0.1,7.0,15
1000,10,0.01,1e-05,8,nl,128,1.0,main,4,0.1,1e-08,0.1,7.0,15
1000,10,0.01,1e-05,8,nl,128,1.0,main,4,0.5,1e-08,0.1,7.0,15
1000,10,0.01,1e-05,8,nl,128,1.0,main,4,1.0,1e-08,0.1,7.0,15
1000,10,0.01,1e-05,8,nl,128,1.0,main,8,0.01,1e-08,0.1,7.0,15
1000,10,0.01,1e-05,8,nl,128,1.0,main,8,0.05,1e-08,0.1,7.0,15
1000,10,0.01,1e-05,8,nl,128,1.0,main,8,0.1,1e-08,0.1,7.0,15
1000,10,0.01,1e-05,8,nl,128,1.0,main,8,0.5,1e-08,0.1,7.0,15
1000,10,0.01,1e-05,8,nl,128,1.0,main,8,1.0,1e-08,0.1,7.0,15
1000,10,0.01,1e-05,8,nl,128,1.0,main,16,0.01,1e-08,0.1,7.0,15
1000,10,0.01,1e-05,8,nl,128,1.0,main,16,0.05,1e-08,0.1,7.0,15
1000,10,0.01,1e-05,8,nl,128,1.0,main,16,0.1,1e-08,0.1,7.0,15
1000,10,0.01,1e-05,8,nl,128,1.0,main,16,0.5,1e-08,0.1,7.0,15
1000,10,0.01,1e-05,8,nl,128,1.0,main,16,1.0,1e-08,0.1,7.0,15
1000,10,0.01,0.0001,4,lin,128,0.0,main,1,0.01,3e-05,0.001,1.5228787452803376,4
1000,10,0.01,0.0001,4,lin,128,0.0,main,1,0.05,3e-05,0.1,3.5228787452803374,8
1000,10,0.01,0.0001,4,lin,128,0.0,main,1,0.1,1e-05,0.1,4.0,9
1000,10,0.01,0.0001,4,lin,128,0.0,main,1,0.5,1e-05,0.1,4.0,9
1000,10,0.01,0.0001,4,lin,128,0.0,main,1,1.0,3e-06,0.1,4.522878745280337,10
1000,10,0.01,0.0001,4,lin,128,0.0,main,2,0.01,3e-05,0.03,3.0,7
1000,10,0.01,0.0001,4,lin,128,0.0,main,2,0.05,1e-05,0.1,4.0,9
1000,10,0.01,0.0001,4,lin,128,0.0,main,2,0.1,1e-05,0.1,4.0,9
1000,10,0.01,0.0001,4,lin,128,0.0,main,2,0.5,3e-06,0.1,4.522878745280337,10
1000,10,0.01,0.0001,4,lin,128,0.0,main,2,1.0,3e-06,0.1,4.522878745280337,10
1000,10,0.01,0.0001,4,lin,128,0.0,main,4,0.01,3e-05,0.1,3.5228787452803374,8
1000,10,0.01,0.0001,4,lin,128,0.0,main,4,0.05,1e-05,0.1,4.0,9
1000,10,0.01,0.0001,4,lin,128,0.0,main,4,0.1,1e-05,0.1,4.0,9
1000,10,0.01,0.0001,4,lin,128,0.0,main,4,0.5,3e-06,0.1,4.522878745280337,10
1000,10,0.01,0.0001,4,lin,128,0.0,main,4,1.0,3e-06,0.1,4.522878745280337,10
1000,10,0.01,0.0001,4,lin,128,0.0,main,8,0.01,1e-05,0.1,4.0,9
1000,10,0.01,0.0001,4,lin,128,0.0,main,8,0.05,1e-05,0.1,4.0,9
1000,10,0.01,0.0001,4,lin,128,0.0,main,8,0.1,3e-06,0.1,4.522878745280337,10
1000,10,0.01,0.0001,4,lin,128,0.0,main,8,0.5,3e-06,0.1,4.522878745280337,10
1000,10,0.01,0.0001,4,lin,128,0.0,main,8,1.0,1e-06,0.1,5.0,11
1000,10,0.01,0.0001,4,lin,128,0.0,main,16,0.01,1e-05,0.1,4.0,9
1000,10,0.01,0.0001,4,lin,128,0.0,main,16,0.05,3e-06,0.1,4.522878745280337,10
1000,10,0.01,0.0001,4,lin,128,0.0,main,16,0.1,3e-06,0.1,4.522878745280337,10
1000,10,0.01,0.0001,4,lin,128,0.0,main,16,0.5,1e-06,0.1,5.0,11
1000,10,0.01,0.0001,4,lin,128,0.0,main,16,1.0,1e-06,0.1,5.0,11
1000,10,0.01,0.0001,4,lin,128,1.0,main,1,0.01,0.0001,0.003,1.4771212547196624,4
1000,10,0.01,0.0001,4,lin,128,1.0,main,1,0.05,1e-08,0.1,7.0,10
1000,10,0.01,0.0001,4,lin,128,1.0,main,1,0.1,1e-08,0.1,7.0,12
1000,10,0.01,0.0001,4,lin,128,1.0,main,1,0.5,1e-08,0.1,7.0,15
1000,10,0.01,0.0001,4,lin,128,1.0,main,1,1.0,1e-08,0.1,7.0,15
1000,10,0.01,0.0001,4,lin,128,1.0,main,2,0.01,1e-08,0.1,7.0,10
1000,10,0.01,0.0001,4,lin,128,1.0,main,2,0.05,1e-08,0.1,7.0,12
1000,10,0.01,0.0001,4,lin,128,1.0,main,2,0.1,1e-08,0.1,7.0,13
1000,10,0.01,0.0001,4,lin,128,1.0,main,2,0.5,1e-08,0.1,7.0,15
1000,10,0.01,0.0001,4,lin,128,1.0,main,2,1.0,1e-08,0.1,7.0,15
1000,10,0.01,0.0001,4,lin,128,1.0,main,4,0.01,1e-08,0.1,7.0,10
1000,10,0.01,0.0001,4,lin,128,1.0,main,4,0.05,1e-08,0.1,7.0,13
1000,10,0.01,0.0001,4,lin,128,1.0,main,4,0.1,1e-08,0.1,7.0,15
1000,10,0.01,0.0001,4,lin,128,1.0,main,4,0.5,1e-08,0.1,7.0,15
1000,10,0.01,0.0001,4,lin,128,1.0,main,4,1.0,1e-08,0.1,7.0,15
1000,10,0.01,0.0001,4,lin,128,1.0,main,8,0.01,1e-08,0.1,7.0,12
1000,10,0.01,0.0001,4,lin,128,1.0,main,8,0.05,1e-08,0.1,7.0,15
1000,10,0.01,0.0001,4,lin,128,1.0,main,8,0.1,1e-08,0.1,7.0,15
1000,10,0.01,0.0001,4,lin,128,1.0,main,8,0.5,1e-08,0.1,7.0,15
1000,10,0.01,0.0001,4,lin,128,1.0,main,8,1.0,1e-08,0.1,7.0,15
1000,10,0.01,0.0001,4,lin,128,1.0,main,16,0.01,1e-08,0.1,7.0,13
1000,10,0.01,0.0001,4,lin,128,1.0,main,16,0.05,1e-08,0.1,7.0,15
1000,10,0.01,0.0001,4,lin,128,1.0,main,16,0.1,1e-08,0.1,7.0,15
1000,10,0.01,0.0001,4,lin,128,1.0,main,16,0.5,1e-08,0.1,7.0,15
1000,10,0.01,0.0001,4,lin,128,1.0,main,16,1.0,1e-08,0.1,7.0,15
1000,10,0.01,0.0001,4,nl,128,0.0,main,1,0.01,3e-05,0.0003,0.9999999999999999,3
1000,10,0.01,0.0001,4,nl,128,0.0,main,1,0.05,1e-08,0.1,7.0,15
1000,10,0.01,0.0001,4,nl,128,0.0,main,1,0.1,1e-08,0.1,7.0,15
1000,10,0.01,0.0001,4,nl,128,0.0,main,1,0.5,1e-08,0.1,7.0,15
1000,10,0.01,0.0001,4,nl,128,0.0,main,1,1.0,1e-08,0.1,7.0,15
1000,10,0.01,0.0001,4,nl,128,0.0,main,2,0.01,1e-08,0.01,6.0,10
1000,10,0.01,0.0001,4,nl,128,0.0,main,2,0.05,1e-08,0.1,7.0,15
1000,10,0.01,0.0001,4,nl,128,0.0,main,2,0.1,1e-08,0.1,7.0,15
1000,10,0.01,0.0001,4,nl,128,0.0,main,2,0.5,1e-08,0.1,7.0,15
1000,10,0.01,0.0001,4,nl,128,0.0,main,2,1.0,1e-08,0.1,7.0,15
1000,10,0.01,0.0001,4,nl,128,0.0,main,4,0.01,1e-08,0.1,7.0,15
1000,10,0.01,0.0001,4,nl,128,0.0,main,4,0.05,1e-08,0.1,7.0,15
1000,10,0.01,0.0001,4,nl,128,0.0,main,4,0.1,1e-08,0.1,7.0,15
1000,10,0.01,0.0001,4,nl,128,0.0,main,4,0.5,1e-08,0.1,7.0,15
1000,10,0.01,0.0001,4,nl,128,0.0,main,4,1.0,1e-08,0.1,7.0,15
1000,10,0.01,0.0001,4,nl,128,0.0,main,8,0.01,1e-08,0.1,7.0,15
1000,10,0.01,0.0001,4,nl,128,0.0,main,8,0.05,1e-08,0.1,7.0,15
1000,10,0.01,0.0001,4,nl,128,0.0,main,8,0.1,1e-08,0.1,7.0,15
1000,10,0.01,0.0001,4,nl,128,0.0,main,8,0.5,1e-08,0.1,7.0,15
1000,10,0.01,0.0001,4,nl,128,0.0,main,8,1.0,1e-08,0.1,7.0,15
1000,10,0.01,0.0001,4,nl,128,0.0,main,16,0.01,1e-08,0.1,7.0,15
1000,10,0.01,0.0001,4,nl,128,0.0,main,16,0.05,1e-08,0.1,7.0,15
1000,10,0.01,0.0001,4,nl,128,0.0,main,16,0.1,1e-08,0.1,7.0,15
1000,10,0.01,0.0001,4,nl,128,0.0,main,16,0.5,1e-08,0.1,7.0,15
1000,10,0.01,0.0001,4,nl,128,0.0,main,16,1.0,1e-08,0.1,7.0,15
1000,10,0.01,0.0001,4,nl,128,1.0,main,1,0.01,0.0001,0.0003,0.4771212547196624,2
1000,10,0.01,0.0001,4,nl,128,1.0,main,1,0.05,1e-08,0.1,7.0,15
1000,10,0.01,0.0001,4,nl,128,1.0,main,1,0.1,1e-08,0.1,7.0,15
1000,10,0.01,0.0001,4,nl,128,1.0,main,1,0.5,1e-08,0.1,7.0,15
1000,10,0.01,0.0001,4,nl,128,1.0,main,1,1.0,1e-08,0.1,7.0,15
1000,10,0.01,0.0001,4,nl,128,1.0,main,2,0.01,1e-08,0.1,7.0,11
1000,10,0.01,0.0001,4,nl,128,1.0,main,2,0.05,1e-08,0.1,7.0,15
1000,10,0.01,0.0001,4,nl,128,1.0,main,2,0.1,1e-08,0.1,7.0,15
1000,10,0.01,0.0001,4,nl,128,1.0,main,2,0.5,1e-08,0.1,7.0,15
1000,10,0.01,0.0001,4,nl,128,1.0,main,2,1.0,1e-08,0.1,7.0,15
1000,10,0.01,0.0001,4,nl,128,1.0,main,4,0.01,1e-08,0.1,7.0,15
1000,10,0.01,0.0001,4,nl,128,1.0,main,4,0.05,1e-08,0.1,7.0,15
1000,10,0.01,0.0001,4,nl,128,1.0,main,4,0.1,1e-08,0.1,7.0,15
1000,10,0.01,0.0001,4,nl,128,1.0,main,4,0.5,1e-08,0.1,7.0,15
1000,10,0.01,0.0001,4,nl,128,1.0,main,4,1.0,1e-08,0.1,7.0,15
1000,10,0.01,0.0001,4,nl,128,1.0,main,8,0.01,1e-08,0.1,7.0,15
1000,10,0.01,0.0001,4,nl,128,1.0,main,8,0.05,1e-08,0.1,7.0,15
1000,10,0.01,0.0001,4,nl,128,1.0,main,8,0.1,1e-08,0.1,7.0,15
1000,10,0.01,0.0001,4,nl,128,1.0,main,8,0.5,1e-08,0.1,7.0,15
1000,10,0.01,0.0001,4,nl,128,1.0,main,8,1.0,1e-08,0.1,7.0,15
1000,10,0.01,0.0001,4,nl,128,1.0,main,16,0.01,1e-08,0.1,7.0,15
1000,10,0.01,0.0001,4,nl,128,1.0,main,16,0.05,1e-08,0.1,7.0,15
1000,10,0.01,0.0001,4,nl,128,1.0,main,16,0.1,1e-08,0.1,7.0,15
1000,10,0.01,0.0001,4,nl,128,1.0,main,16,0.5,1e-08,0.1,7.0,15
1000,10,0.01,0.0001,4,nl,128,1.0,main,16,1.0,1e-08,0.1,7.0,15
1000,10,0.01,0.0001,8,lin,128,0.0,main,1,0.01,1e-08,0.1,7.0,13
1000,10,0.01,0.0001,8,lin,128,0.0,main,1,0.05,1e-08,0.1,7.0,15
1000,10,0.01,0.0001,8,lin,128,0.0,main,1,0.1,1e-08,0.1,7.0,15
1000,10,0.01,0.0001,8,lin,128,0.0,main,1,0.5,1e-08,0.1,7.0,15
1000,10,0.01,0.0001,8,lin,128,0.0,main,1,1.0,1e-08,0.1,7.0,15
1000,10,0.01,0.0001,8,lin,128,0.0,main,2,0.01,1e-08,0.1,7.0,14
1000,10,0.01,0.0001,8,lin,128,0.0,main,2,0.05,1e-08,0.1,7.0,15
1000,10,0.01,0.0001,8,lin,128,0.0,main,2,0.1,1e-08,0.1,7.0,15
1000,10,0.01,0.0001,8,lin,128,0.0,main,2,0.5,1e-08,0.1,7.0,15
1000,10,0.01,0.0001,8,lin,128,0.0,main,2,1.0,1e-08,0.1,7.0,15
1000,10,0.01,0.0001,8,lin,128,0.0,main,4,0.01,1e-08,0.1,7.0,14
1000,10,0.01,0.0001,8,lin,128,0.0,main,4,0.05,1e-08,0.1,7.0,15
1000,10,0.01,0.0001,8,lin,128,0.0,main,4,0.1,1e-08,0.1,7.0,15
1000,10,0.01,0.0001,8,lin,128,0.0,main,4,0.5,1e-08,0.1,7.0,15
1000,10,0.01,0.0001,8,lin,128,0.0,main,4,1.0,1e-08,0.1,7.0,15
1000,10,0.01,0.0001,8,lin,128,0.0,main,8,0.01,1e-08,0.1,7.0,15
1000,10,0.01,0.0001,8,lin,128,0.0,main,8,0.05,1e-08,0.1,7.0,15
1000,10,0.01,0.0001,8,lin,128,0.0,main,8,0.1,1e-08,0.1,7.0,15
1000,10,0.01,0.0001,8,lin,128,0.0,main,8,0.5,1e-08,0.1,7.0,15
1000,10,0.01,0.0001,8,lin,128,0.0,main,8,1.0,1e-08,0.1,7.0,15
1000,10,0.01,0.0001,8,lin,128,0.0,main,16,0.01,1e-08,0.1,7.0,15
1000,10,0.01,0.0001,8,lin,128,0.0,main,16,0.05,1e-08,0.1,7.0,15
1000,10,0.01,0.0001,8,lin,128,0.0,main,16,0.1,1e-08,0.1,7.0,15
1000,10,0.01,0.0001,8,lin,128,0.0,main,16,0.5,1e-08,0.1,7.0,15
1000,10,0.01,0.0001,8,lin,128,0.0,main,16,1.0,1e-08,0.1,7.0,15
1000,10,0.01,0.0001,8,lin,128,1.0,main,1,0.01,1e-08,0.1,7.0,11
1000,10,0.01,0.0001,8,lin,128,1.0,main,1,0.05,1e-08,0.1,7.0,12
1000,10,0.01,0.0001,8,lin,128,1.0,main,1,0.1,1e-08,0.1,7.0,12
1000,10,0.01,0.0001,8,lin,128,1.0,main,1,0.5,1e-08,0.1,7.0,15
1000,10,0.01,0.0001,8,lin,128,1.0,main,1,1.0,1e-08,0.1,7.0,15
1000,10,0.01,0.0001,8,lin,128,1.0,main,2,0.01,1e-08,0.1,7.0,12
1000,10,0.01,0.0001,8,lin,128,1.0,main,2,0.05,1e-08,0.1,7.0,12
1000,10,0.01,0.0001,8,lin,128,1.0,main,2,0.1,1e-08,0.1,7.0,13
1000,10,0.01,0.0001,8,lin,128,1.0,main,2,0.5,1e-08,0.1,7.0,15
1000,10,0.01,0.0001,8,lin,128,1.0,main,2,1.0,1e-08,0.1,7.0,15
1000,10,0.01,0.0001,8,lin,128,1.0,main,4,0.01,1e-08,0.1,7.0,12
1000,10,0.01,0.0001,8,lin,128,1.0,main,4,0.05,1e-08,0.1,7.0,13
1000,10,0.01,0.0001,8,lin,128,1.0,main,4,0.1,1e-08,0.1,7.0,14
1000,10,0.01,0.0001,8,lin,128,1.0,main,4,0.5,1e-08,0.1,7.0,15
1000,10,0.01,0.0001,8,lin,128,1.0,main,4,1.0,1e-08,0.1,7.0,15
1000,10,0.01,0.0001,8,lin,128,1.0,main,8,0.01,1e-08,0.1,7.0,12
1000,10,0.01,0.0001,8,lin,128,1.0,main,8,0.05,1e-08,0.1,7.0,14
1000,10,0.01,0.0001,8,lin,128,1.0,main,8,0.1,1e-08,0.1,7.0,15
1000,10,0.01,0.0001,8,lin,128,1.0,main,8,0.5,1e-08,0.1,7.0,15
1000,10,0.01,0.0001,8,lin,128,1.0,main,8,1.0,1e-08,0.1,7.0,15
1000,10,0.01,0.0001,8,lin,128,1.0,main,16,0.01,1e-08,0.1,7.0,13
1000,10,0.01,0.0001,8,lin,128,1.0,main,16,0.05,1e-08,0.1,7.0,15
1000,10,0.01,0.0001,8,lin,128,1.0,main,16,0.1,1e-08,0.1,7.0,15
1000,10,0.01,0.0001,8,lin,128,1.0,main,16,0.5,1e-08,0.1,7.0,15
1000,10,0.01,0.0001,8,lin,128,1.0,main,16,1.0,1e-08,0.1,7.0,15
1000,10,0.01,0.0001,8,nl,128,0.0,main,1,0.01,3e-05,0.01,2.5228787452803374,6
1000,10,0.01,0.0001,8,nl,128,0.0,main,1,0.05,1e-08,0.1,7.0,15
1000,10,0.01,0.0001,8,nl,128,0.0,main,1,0.1,1e-08,0.1,7.0,15
1000,10,0.01,0.0001,8,nl,128,0.0,main,1,0.5,1e-08,0.1,7.0,15
1000,10,0.01,0.0001,8,nl,128,0.0,main,1,1.0,1e-08,0.1,7.0,15
1000,10,0.01,0.0001,8,nl,128,0.0,main,2,0.01,1e-08,0.1,7.0,12
1000,10,0.01,0.0001,8,nl,128,0.0,main,2,0.05,1e-08,0.1,7.0,15
1000,10,0.01,0.0001,8,nl,128,0.0,main,2,0.1,1e-08,0.1,7.0,15
1000,10,0.01,0.0001,8,nl,128,0.0,main,2,0.5,1e-08,0.1,7.0,15
1000,10,0.01,0.0001,8,nl,128,0.0,main,2,1.0,1e-08,0.1,7.0,15
1000,10,0.01,0.0001,8,nl,128,0.0,main,4,0.01,1e-08,0.1,7.0,14
1000,10,0.01,0.0001,8,nl,128,0.0,main,4,0.05,1e-08,0.1,7.0,15
1000,10,0.01,0.0001,8,nl,128,0.0,main,4,0.1,1e-08,0.1,7.0,15
1000,10,0.01,0.0001,8,nl,128,0.0,main,4,0.5,1e-08,0.1,7.0,15
1000,10,0.01,0.0001,8,nl,128,0.0,main,4,1.0,1e-08,0.1,7.0,15
1000,10,0.01,0.0001,8,nl,128,0.0,main,8,0.01,1e-08,0.1,7.0,15
1000,10,0.01,0.0001,8,nl,128,0.0,main,8,0.05,1e-08,0.1,7.0,15
1000,10,0.01,0.0001,8,nl,128,0.0,main,8,0.1,1e-08,0.1,7.0,15
1000,10,0.01,0.0001,8,nl,128,0.0,main,8,0.5,1e-08,0.1,7.0,15
1000,10,0.01,0.0001,8,nl,128,0.0,main,8,1.0,1e-08,0.1,7.0,15
1000,10,0.01,0.0001,8,nl,128,0.0,main,16,0.01,1e-08,0.1,7.0,15
1000,10,0.01,0.0001,8,nl,128,0.0,main,16,0.05,1e-08,0.1,7.0,15
1000,10,0.01,0.0001,8,nl,128,0.0,main,16,0.1,1e-08,0.1,7.0,15
1000,10,0.01,0.0001,8,nl,128,0.0,main,16,0.5,1e-08,0.1,7.0,15
1000,10,0.01,0.0001,8,nl,128,0.0,main,16,1.0,1e-08,0.1,7.0,15
1000,10,0.01,0.0001,8,nl,128,1.0,main,1,0.01,0.01,0.01,0.0,1
1000,10,0.01,0.0001,8,nl,128,1.0,main,1,0.05,3e-08,0.1,6.522878745280337,9
1000,10,0.01,0.0001,8,nl,128,1.0,main,1,0.1,1e-08,0.1,7.0,15
1000,10,0.01,0.0001,8,nl,128,1.0,main,1,0.5,1e-08,0.1,7.0,15
1000,10,0.01,0.0001,8,nl,128,1.0,main,1,1.0,1e-08,0.1,7.0,15
1000,10,0.01,0.0001,8,nl,128,1.0,main,2,0.01,0.0001,0.01,2.0,5
1000,10,0.01,0.0001,8,nl,128,1.0,main,2,0.05,1e-08,0.1,7.0,15
1000,10,0.01,0.0001,8,nl,128,1.0,main,2,0.1,1e-08,0.1,7.0,15
1000,10,0.01,0.0001,8,nl,128,1.0,main,2,0.5,1e-08,0.1,7.0,15
1000,10,0.01,0.0001,8,nl,128,1.0,main,2,1.0,1e-08,0.1,7.0,15
1000,10,0.01,0.0001,8,nl,128,1.0,main,4,0.01,0.0001,0.03,2.4771212547196626,6
1000,10,0.01,0.0001,8,nl,128,1.0,main,4,0.05,1e-08,0.1,7.0,15
1000,10,0.01,0.0001,8,nl,128,1.0,main,4,0.1,1e-08,0.1,7.0,15
1000,10,0.01,0.0001,8,nl,128,1.0,main,4,0.5,1e-08,0.1,7.0,15
1000,10,0.01,0.0001,8,nl,128,1.0,main,4,1.0,1e-08,0.1,7.0,15
1000,10,0.01,0.0001,8,nl,128,1.0,main,8,0.01,1e-08,0.1,7.0,14
1000,10,0.01,0.0001,8,nl,128,1.0,main,8,0.05,1e-08,0.1,7.0,15
1000,10,0.01,0.0001,8,nl,128,1.0,main,8,0.1,1e-08,0.1,7.0,15
1000,10,0.01,0.0001,8,nl,128,1.0,main,8,0.5,1e-08,0.1,7.0,15
1000,10,0.01,0.0001,8,nl,128,1.0,main,8,1.0,1e-08,0.1,7.0,15
1000,10,0.01,0.0001,8,nl,128,1.0,main,16,0.01,1e-08,0.1,7.0,15
1000,10,0.01,0.0001,8,nl,128,1.0,main,16,0.05,1e-08,0.1,7.0,15
1000,10,0.01,0.0001,8,nl,128,1.0,main,16,0.1,1e-08,0.1,7.0,15
1000,10,0.01,0.0001,8,nl,128,1.0,main,16,0.5,1e-08,0.1,7.0,15
1000,10,0.01,0.0001,8,nl,128,1.0,main,16,1.0,1e-08,0.1,7.0,15
1000,10,0.01,0.001,4,lin,128,0.0,main,1,0.01,0.001,0.01,1.0,3
1000,10,0.01,0.001,4,lin,128,0.0,main,1,0.05,1e-08,0.1,7.0,13
1000,10,0.01,0.001,4,lin,128,0.0,main,1,0.1,1e-08,0.1,7.0,14
1000,10,0.01,0.001,4,lin,128,0.0,main,1,0.5,1e-08,0.1,7.0,15
1000,10,0.01,0.001,4,lin,128,0.0,main,1,1.0,1e-08,0.1,7.0,15
1000,10,0.01,0.001,4,lin,128,0.0,main,2,0.01,0.0003,0.03,2.0,5
1000,10,0.01,0.001,4,lin,128,0.0,main,2,0.05,1e-08,0.1,7.0,14
1000,10,0.01,0.001,4,lin,128,0.0,main,2,0.1,1e-08,0.1,7.0,15
1000,10,0.01,0.001,4,lin,128,0.0,main,2,0.5,1e-08,0.1,7.0,15
1000,10,0.01,0.001,4,lin,128,0.0,main,2,1.0,1e-08,0.1,7.0,15
1000,10,0.01,0.001,4,lin,128,0.0,main,4,0.01,1e-08,0.1,7.0,12
1000,10,0.01,0.001,4,lin,128,0.0,main,4,0.05,1e-08,0.1,7.0,15
1000,10,0.01,0.001,4,lin,128,0.0,main,4,0.1,1e-08,0.1,7.0,15
1000,10,0.01,0.001,4,lin,128,0.0,main,4,0.5,1e-08,0.1,7.0,15
1000,10,0.01,0.001,4,lin,128,0.0,main,4,1.0,1e-08,0.1,7.0,15
1000,10,0.01,0.001,4,lin,128,0.0,main,8,0.01,1e-08,0.1,7.0,14
1000,10,0.01,0.001,4,lin,128,0.0,main,8,0.05,1e-08,0.1,7.0,15
1000,10,0.01,0.001,4,lin,128,0.0,main,8,0.1,1e-08,0.1,7.0,15
1000,10,0.01,0.001,4,lin,128,0.0,main,8,0.5,1e-08,0.1,7.0,15
1000,10,0.01,0.001,4,lin,128,0.0,main,8,1.0,1e-08,0.1,7.0,15
1000,10,0.01,0.001,4,lin,128,0.0,main,16,0.01,1e-08,0.1,7.0,15
1000,10,0.01,0.001,4,lin,128,0.0,main,16,0.05,1e-08,0.1,7.0,15
1000,10,0.01,0.001,4,lin,128,0.0,main,16,0.1,1e-08,0.1,7.0,15
1000,10,0.01,0.001,4,lin,128,0.0,main,16,0.5,1e-08,0.1,7.0,15
1000,10,0.01,0.001,4,lin,128,0.0,main,16,1.0,1e-08,0.1,7.0,15
1000,10,0.01,0.001,4,lin,128,1.0,main,1,0.01,1e-08,0.1,7.0,12
1000,10,0.01,0.001,4,lin,128,1.0,main,1,0.05,1e-08,0.1,7.0,14
1000,10,0.01,0.001,4,lin,128,1.0,main,1,0.1,1e-08,0.1,7.0,15
1000,10,0.01,0.001,4,lin,128,1.0,main,1,0.5,1e-08,0.1,7.0,15
1000,10,0.01,0.001,4,lin,128,1.0,main,1,1.0,1e-08,0.1,7.0,15
1000,10,0.01,0.001,4,lin,128,1.0,main,2,0.01,1e-08,0.1,7.0,13
1000,10,0.01,0.001,4,lin,128,1.0,main,2,0.05,1e-08,0.1,7.0,15
1000,10,0.01,0.001,4,lin,128,1.0,main,2,0.1,1e-08,0.1,7.0,15
1000,10,0.01,0.001,4,lin,128,1.0,main,2,0.5,1e-08,0.1,7.0,15
1000,10,0.01,0.001,4,lin,128,1.0,main,2,1.0,1e-08,0.1,7.0,15
1000,10,0.01,0.001,4,lin,128,1.0,main,4,0.01,1e-08,0.1,7.0,14
1000,10,0.01,0.001,4,lin,128,1.0,main,4,0.05,1e-08,0.1,7.0,15
1000,10,0.01,0.001,4,lin,128,1.0,main,4,0.1,1e-08,0.1,7.0,15
1000,10,0.01,0.001,4,lin,128,1.0,main,4,0.5,1e-08,0.1,7.0,15
1000,10,0.01,0.001,4,lin,128,1.0,main,4,1.0,1e-08,0.1,7.0,15
1000,10,0.01,0.001,4,lin,128,1.0,main,8,0.01,1e-08,0.1,7.0,15
1000,10,0.01,0.001,4,lin,128,1.0,main,8,0.05,1e-08,0.1,7.0,15
1000,10,0.01,0.001,4,lin,128,1.0,main,8,0.1,1e-08,0.1,7.0,15
1000,10,0.01,0.001,4,lin,128,1.0,main,8,0.5,1e-08,0.1,7.0,15
1000,10,0.01,0.001,4,lin,128,1.0,main,8,1.0,1e-08,0.1,7.0,15
1000,10,0.01,0.001,4,lin,128,1.0,main,16,0.01,1e-08,0.1,7.0,15
1000,10,0.01,0.001,4,lin,128,1.0,main,16,0.05,1e-08,0.1,7.0,15
1000,10,0.01,0.001,4,lin,128,1.0,main,16,0.1,1e-08,0.1,7.0,15
1000,10,0.01,0.001,4,lin,128,1.0,main,16,0.5,1e-08,0.1,7.0,15
1000,10,0.01,0.001,4,lin,128,1.0,main,16,1.0,1e-08,0.1,7.0,15
1000,10,0.01,0.001,4,nl,128,0.0,main,1,0.01,3e-08,0.03,6.0,8
1000,10,0.01,0.001,4,nl,128,0.0,main,1,0.05,1e-08,0.1,7.0,12
1000,10,0.01,0.001,4,nl,128,0.0,main,1,0.1,1e-08,0.1,7.0,12
1000,10,0.01,0.001,4,nl,128,0.0,main,1,0.5,1e-08,0.1,7.0,13
1000,10,0.01,0.001,4,nl,128,0.0,main,1,1.0,1e-08,0.1,7.0,15
1000,10,0.01,0.001,4,nl,128,0.0,main,2,0.01,1e-08,0.1,7.0,11
1000,10,0.01,0.001,4,nl,128,0.0,main,2,0.05,1e-08,0.1,7.0,12
1000,10,0.01,0.001,4,nl,128,0.0,main,2,0.1,1e-08,0.1,7.0,13
1000,10,0.01,0.001,4,nl,128,0.0,main,2,0.5,1e-08,0.1,7.0,15
1000,10,0.01,0.001,4,nl,128,0.0,main,2,1.0,1e-08,0.1,7.0,15
1000,10,0.01,0.001,4,nl,128,0.0,main,4,0.01,1e-08,0.1,7.0,12
1000,10,0.01,0.001,4,nl,128,0.0,main,4,0.05,1e-08,0.1,7.0,13
1000,10,0.01,0.001,4,nl,128,0.0,main,4,0.1,1e-08,0.1,7.0,13
1000,10,0.01,0.001,4,nl,128,0.0,main,4,0.5,1e-08,0.1,7.0,15
1000,10,0.01,0.001,4,nl,128,0.0,main,4,1.0,1e-08,0.1,7.0,15
1000,10,0.01,0.001,4,nl,128,0.0,main,8,0.01,1e-08,0.1,7.0,12
1000,10,0.01,0.001,4,nl,128,0.0,main,8,0.05,1e-08,0.1,7.0,13
1000,10,0.01,0.001,4,nl,128,0.0,main,8,0.1,1e-08,0.1,7.0,14
1000,10,0.01,0.001,4,nl,128,0.0,main,8,0.5,1e-08,0.1,7.0,15
1000,10,0.01,0.001,4,nl,128,0.0,main,8,1.0,1e-08,0.1,7.0,15
1000,10,0.01,0.001,4,nl,128,0.0,main,16,0.01,1e-08,0.1,7.0,13
1000,10,0.01,0.001,4,nl,128,0.0,main,16,0.05,1e-08,0.1,7.0,14
1000,10,0.01,0.001,4,nl,128,0.0,main,16,0.1,1e-08,0.1,7.0,15
1000,10,0.01,0.001,4,nl,128,0.0,main,16,0.5,1e-08,0.1,7.0,15
1000,10,0.01,0.001,4,nl,128,0.0,main,16,1.0,1e-08,0.1,7.0,15
1000,10,0.01,0.001,4,nl,128,1.0,main,1,0.01,1e-08,0.1,7.0,15
1000,10,0.01,0.001,4,nl,128,1.0,main,1,0.05,1e-08,0.1,7.0,15
1000,10,0.01,0.001,4,nl,128,1.0,main,1,0.1,1e-08,0.1,7.0,15
1000,10,0.01,0.001,4,nl,128,1.0,main,1,0.5,1e-08,0.1,7.0,15
1000,10,0.01,0.001,4,nl,128,1.0,main,1,1.0,1e-08,0.1,7.0,15
1000,10,0.01,0.001,4,nl,128,1.0,main,2,0.01,1e-08,0.1,7.0,15
1000,10,0.01,0.001,4,nl,128,1.0,main,2,0.05,1e-08,0.1,7.0,15
1000,10,0.01,0.001,4,nl,128,1.0,main,2,0.1,1e-08,0.1,7.0,15
1000,10,0.01,0.001,4,nl,128,1.0,main,2,0.5,1e-08,0.1,7.0,15
1000,10,0.01,0.001,4,nl,128,1.0,main,2,1.0,1e-08,0.1,7.0,15
1000,10,0.01,0.001,4,nl,128,1.0,main,4,0.01,1e-08,0.1,7.0,15
1000,10,0.01,0.001,4,nl,128,1.0,main,4,0.05,1e-08,0.1,7.0,15
1000,10,0.01,0.001,4,nl,128,1.0,main,4,0.1,1e-08,0.1,7.0,15
1000,10,0.01,0.001,4,nl,128,1.0,main,4,0.5,1e-08,0.1,7.0,15
1000,10,0.01,0.001,4,nl,128,1.0,main,4,1.0,1e-08,0.1,7.0,15
1000,10,0.01,0.001,4,nl,128,1.0,main,8,0.01,1e-08,0.1,7.0,15
1000,10,0.01,0.001,4,nl,128,1.0,main,8,0.05,1e-08,0.1,7.0,15
1000,10,0.01,0.001,4,nl,128,1.0,main,8,0.1,1e-08,0.1,7.0,15
1000,10,0.01,0.001,4,nl,128,1.0,main,8,0.5,1e-08,0.1,7.0,15
1000,10,0.01,0.001,4,nl,128,1.0,main,8,1.0,1e-08,0.1,7.0,15
1000,10,0.01,0.001,4,nl,128,1.0,main,16,0.01,1e-08,0.1,7.0,15
1000,10,0.01,0.001,4,nl,128,1.0,main,16,0.05,1e-08,0.1,7.0,15
1000,10,0.01,0.001,4,nl,128,1.0,main,16,0.1,1e-08,0.1,7.0,15
1000,10,0.01,0.001,4,nl,128,1.0,main,16,0.5,1e-08,0.1,7.0,15
1000,10,0.01,0.001,4,nl,128,1.0,main,16,1.0,1e-08,0.1,7.0,15
1000,10,0.01,0.001,8,lin,128,0.0,main,1,0.01,1e-08,0.1,7.0,11
1000,10,0.01,0.001,8,lin,128,0.0,main,1,0.05,1e-08,0.1,7.0,12
1000,10,0.01,0.001,8,lin,128,0.0,main,1,0.1,1e-08,0.1,7.0,12
1000,10,0.01,0.001,8,lin,128,0.0,main,1,0.5,1e-08,0.1,7.0,14
1000,10,0.01,0.001,8,lin,128,0.0,main,1,1.0,1e-08,0.1,7.0,15
1000,10,0.01,0.001,8,lin,128,0.0,main,2,0.01,1e-08,0.1,7.0,11
1000,10,0.01,0.001,8,lin,128,0.0,main,2,0.05,1e-08,0.1,7.0,12
1000,10,0.01,0.001,8,lin,128,0.0,main,2,0.1,1e-08,0.1,7.0,12
1000,10,0.01,0.001,8,lin,128,0.0,main,2,0.5,1e-08,0.1,7.0,15
1000,10,0.01,0.001,8,lin,128,0.0,main,2,1.0,1e-08,0.1,7.0,15
1000,10,0.01,0.001,8,lin,128,0.0,main,4,0.01,1e-08,0.1,7.0,11
1000,10,0.01,0.001,8,lin,128,0.0,main,4,0.05,1e-08,0.1,7.0,12
1000,10,0.01,0.001,8,lin,128,0.0,main,4,0.1,1e-08,0.1,7.0,13
1000,10,0.01,0.001,8,lin,128,0.0,main,4,0.5,1e-08,0.1,7.0,15
1000,10,0.01,0.001,8,lin,128,0.0,main,4,1.0,1e-08,0.1,7.0,15
1000,10,0.01,0.001,8,lin,128,0.0,main,8,0.01,1e-08,0.1,7.0,12
1000,10,0.01,0.001,8,lin,128,0.0,main,8,0.05,1e-08,0.1,7.0,13
1000,10,0.01,0.001,8,lin,128,0.0,main,8,0.1,1e-08,0.1,7.0,14
1000,10,0.01,0.001,8,lin,128,0.0,main,8,0.5,1e-08,0.1,7.0,15
1000,10,0.01,0.001,8,lin,128,0.0,main,8,1.0,1e-08,0.1,7.0,15
1000,10,0.01,0.001,8,lin,128,0.0,main,16,0.01,1e-08,0.1,7.0,12
1000,10,0.01,0.001,8,lin,128,0.0,main,16,0.05,1e-08,0.1,7.0,14
1000,10,0.01,0.001,8,lin,128,0.0,main,16,0.1,1e-08,0.1,7.0,15
1000,10,0.01,0.001,8,lin,128,0.0,main,16,0.5,1e-08,0.1,7.0,15
1000,10,0.01,0.001,8,lin,128,0.0,main,16,1.0,1e-08,0.1,7.0,15
1000,10,0.01,0.001,8,lin,128,1.0,main,1,0.01,3e-07,0.1,5.522878745280337,9
1000,10,0.01,0.001,8,lin,128,1.0,main,1,0.05,1e-08,0.1,7.0,15
1000,10,0.01,0.001,8,lin,128,1.0,main,1,0.1,1e-08,0.1,7.0,15
1000,10,0.01,0.001,8,lin,128,1.0,main,1,0.5,1e-08,0.1,7.0,15
1000,10,0.01,0.001,8,lin,128,1.0,main,1,1.0,1e-08,0.1,7.0,15
1000,10,0.01,0.001,8,lin,128,1.0,main,2,0.01,1e-08,0.1,7.0,15
1000,10,0.01,0.001,8,lin,128,1.0,main,2,0.05,1e-08,0.1,7.0,15
1000,10,0.01,0.001,8,lin,128,1.0,main,2,0.1,1e-08,0.1,7.0,15
1000,10,0.01,0.001,8,lin,128,1.0,main,2,0.5,1e-08,0.1,7.0,15
1000,10,0.01,0.001,8,lin,128,1.0,main,2,1.0,1e-08,0.1,7.0,15
1000,10,0.01,0.001,8,lin,128,1.0,main,4,0.01,1e-08,0.1,7.0,15
1000,10,0.01,0.001,8,lin,128,1.0,main,4,0.05,1e-08,0.1,7.0,15
1000,10,0.01,0.001,8,lin,128,1.0,main,4,0.1,1e-08,0.1,7.0,15
1000,10,0.01,0.001,8,lin,128,1.0,main,4,0.5,1e-08,0.1,7.0,15
1000,10,0.01,0.001,8,lin,128,1.0,main,4,1.0,1e-08,0.1,7.0,15
1000,10,0.01,0.001,8,lin,128,1.0,main,8,0.01,1e-08,0.1,7.0,15
1000,10,0.01,0.001,8,lin,128,1.0,main,8,0.05,1e-08,0.1,7.0,15
1000,10,0.01,0.001,8,lin,128,1.0,main,8,0.1,1e-08,0.1,7.0,15
1000,10,0.01,0.001,8,lin,128,1.0,main,8,0.5,1e-08,0.1,7.0,15
1000,10,0.01,0.001,8,lin,128,1.0,main,8,1.0,1e-08,0.1,7.0,15
1000,10,0.01,0.001,8,lin,128,1.0,main,16,0.01,1e-08,0.1,7.0,15
1000,10,0.01,0.001,8,lin,128,1.0,main,16,0.05,1e-08,0.1,7.0,15
1000,10,0.01,0.001,8,lin,128,1.0,main,16,0.1,1e-08,0.1,7.0,15
1000,10,0.01,0.001,8,lin,128,1.0,main,16,0.5,1e-08,0.1,7.0,15
1000,10,0.01,0.001,8,lin,128,1.0,main,16,1.0,1e-08,0.1,7.0,15
1000,10,0.01,0.001,8,nl,128,0.0,main,1,0.01,0.0003,0.03,2.0,4
1000,10,0.01,0.001,8,nl,128,0.0,main,1,0.05,1e-08,0.1,7.0,12
1000,10,0.01,0.001,8,nl,128,0.0,main,1,0.1,1e-08,0.1,7.0,13
1000,10,0.01,0.001,8,nl,128,0.0,main,1,0.5,1e-08,0.1,7.0,14
1000,10,0.01,0.001,8,nl,128,0.0,main,1,1.0,1e-08,0.1,7.0,15
1000,10,0.01,0.001,8,nl,128,0.0,main,2,0.01,1e-08,0.1,7.0,7
1000,10,0.01,0.001,8,nl,128,0.0,main,2,0.05,1e-08,0.1,7.0,13
1000,10,0.01,0.001,8,nl,128,0.0,main,2,0.1,1e-08,0.1,7.0,13
1000,10,0.01,0.001,8,nl,128,0.0,main,2,0.5,1e-08,0.1,7.0,15
1000,10,0.01,0.001,8,nl,128,0.0,main,2,1.0,1e-08,0.1,7.0,15
1000,10,0.01,0.001,8,nl,128,0.0,main,4,0.01,1e-08,0.1,7.0,12
1000,10,0.01,0.001,8,nl,128,0.0,main,4,0.05,1e-08,0.1,7.0,13
1000,10,0.01,0.001,8,nl,128,0.0,main,4,0.1,1e-08,0.1,7.0,13
1000,10,0.01,0.001,8,nl,128,0.0,main,4,0.5,1e-08,0.1,7.0,15
1000,10,0.01,0.001,8,nl,128,0.0,main,4,1.0,1e-08,0.1,7.0,15
1000,10,0.01,0.001,8,nl,128,0.0,main,8,0.01,1e-08,0.1,7.0,13
1000,10,0.01,0.001,8,nl,128,0.0,main,8,0.05,1e-08,0.1,7.0,13
1000,10,0.01,0.001,8,nl,128,0.0,main,8,0.1,1e-08,0.1,7.0,15
1000,10,0.01,0.001,8,nl,128,0.0,main,8,0.5,1e-08,0.1,7.0,15
1000,10,0.01,0.001,8,nl,128,0.0,main,8,1.0,1e-08,0.1,7.0,15
1000,10,0.01,0.001,8,nl,128,0.0,main,16,0.01,1e-08,0.1,7.0,13
1000,10,0.01,0.001,8,nl,128,0.0,main,16,0.05,1e-08,0.1,7.0,15
1000,10,0.01,0.001,8,nl,128,0.0,main,16,0.1,1e-08,0.1,7.0,15
1000,10,0.01,0.001,8,nl,128,0.0,main,16,0.5,1e-08,0.1,7.0,15
1000,10,0.01,0.001,8,nl,128,0.0,main,16,1.0,1e-08,0.1,7.0,15
1000,10,0.01,0.001,8,nl,128,1.0,main,1,0.01,1e-08,0.1,7.0,13
1000,10,0.01,0.001,8,nl,128,1.0,main,1,0.05,1e-08,0.1,7.0,15
1000,10,0.01,0.001,8,nl,128,1.0,main,1,0.1,1e-08,0.1,7.0,15
1000,10,0.01,0.001,8,nl,128,1.0,main,1,0.5,1e-08,0.1,7.0,15
1000,10,0.01,0.001,8,nl,128,1.0,main,1,1.0,1e-08,0.1,7.0,15
1000,10,0.01,0.001,8,nl,128,1.0,main,2,0.01,1e-08,0.1,7.0,14
1000,10,0.01,0.001,8,nl,128,1.0,main,2,0.05,1e-08,0.1,7.0,15
1000,10,0.01,0.001,8,nl,128,1.0,main,2,0.1,1e-08,0.1,7.0,15
1000,10,0.01,0.001,8,nl,128,1.0,main,2,0.5,1e-08,0.1,7.0,15
1000,10,0.01,0.001,8,nl,128,1.0,main,2,1.0,1e-08,0.1,7.0,15
1000,10,0.01,0.001,8,nl,128,1.0,main,4,0.01,1e-08,0.1,7.0,15
1000,10,0.01,0.001,8,nl,128,1.0,main,4,0.05,1e-08,0.1,7.0,15
1000,10,0.01,0.001,8,nl,128,1.0,main,4,0.1,1e-08,0.1,7.0,15
1000,10,0.01,0.001,8,nl,128,1.0,main,4,0.5,1e-08,0.1,7.0,15
1000,10,0.01,0.001,8,nl,128,1.0,main,4,1.0,1e-08,0.1,7.0,15
1000,10,0.01,0.001,8,nl,128,1.0,main,8,0.01,1e-08,0.1,7.0,15
1000,10,0.01,0.001,8,nl,128,1.0,main,8,0.05,1e-08,0.1,7.0,15
1000,10,0.01,0.001,8,nl,128,1.0,main,8,0.1,1e-08,0.1,7.0,15
1000,10,0.01,0.001,8,nl,128,1.0,main,8,0.5,1e-08,0.1,7.0,15
1000,10,0.01,0.001,8,nl,128,1.0,main,8,1.0,1e-08,0.1,7.0,15
1000,10,0.01,0.001,8,nl,128,1.0,main,16,0.01,1e-08,0.1,7.0,15
1000,10,0.01,0.001,8,nl,128,1.0,main,16,0.05,1e-08,0.1,7.0,15
1000,10,0.01,0.001,8,nl,128,1.0,main,16,0.1,1e-08,0.1,7.0,15
1000,10,0.01,0.001,8,nl,128,1.0,main,16,0.5,1e-08,0.1,7.0,15
1000,10,0.01,0.001,8,nl,128,1.0,main,16,1.0,1e-08,0.1,7.0,15
1000,10,0.01,0.01,4,lin,128,0.0,main,1,0.01,3e-07,0.1,5.522878745280337,10
1000,10,0.01,0.01,4,lin,128,0.0,main,1,0.05,1e-08,0.1,7.0,15
1000,10,0.01,0.01,4,lin,128,0.0,main,1,0.1,1e-08,0.1,7.0,15
1000,10,0.01,0.01,4,lin,128,0.0,main,1,0.5,1e-08,0.1,7.0,15
1000,10,0.01,0.01,4,lin,128,0.0,main,1,1.0,1e-08,0.1,7.0,15
1000,10,0.01,0.01,4,lin,128,0.0,main,2,0.01,1e-08,0.1,7.0,15
1000,10,0.01,0.01,4,lin,128,0.0,main,2,0.05,1e-08,0.1,7.0,15
1000,10,0.01,0.01,4,lin,128,0.0,main,2,0.1,1e-08,0.1,7.0,15
1000,10,0.01,0.01,4,lin,128,0.0,main,2,0.5,1e-08,0.1,7.0,15
1000,10,0.01,0.01,4,lin,128,0.0,main,2,1.0,1e-08,0.1,7.0,15
1000,10,0.01,0.01,4,lin,128,0.0,main,4,0.01,1e-08,0.1,7.0,15
1000,10,0.01,0.01,4,lin,128,0.0,main,4,0.05,1e-08,0.1,7.0,15
1000,10,0.01,0.01,4,lin,128,0.0,main,4,0.1,1e-08,0.1,7.0,15
1000,10,0.01,0.01,4,lin,128,0.0,main,4,0.5,1e-08,0.1,7.0,15
1000,10,0.01,0.01,4,lin,128,0.0,main,4,1.0,1e-08,0.1,7.0,15
1000,10,0.01,0.01,4,lin,128,0.0,main,8,0.01,1e-08,0.1,7.0,15
1000,10,0.01,0.01,4,lin,128,0.0,main,8,0.05,1e-08,0.1,7.0,15
1000,10,0.01,0.01,4,lin,128,0.0,main,8,0.1,1e-08,0.1,7.0,15
1000,10,0.01,0.01,4,lin,128,0.0,main,8,0.5,1e-08,0.1,7.0,15
1000,10,0.01,0.01,4,lin,128,0.0,main,8,1.0,1e-08,0.1,7.0,15
1000,10,0.01,0.01,4,lin,128,0.0,main,16,0.01,1e-08,0.1,7.0,15
1000,10,0.01,0.01,4,lin,128,0.0,main,16,0.05,1e-08,0.1,7.0,15
1000,10,0.01,0.01,4,lin,128,0.0,main,16,0.1,1e-08,0.1,7.0,15
1000,10,0.01,0.01,4,lin,128,0.0,main,16,0.5,1e-08,0.1,7.0,15
1000,10,0.01,0.01,4,lin,128,0.0,main,16,1.0,1e-08,0.1,7.0,15
1000,10,0.01,0.01,4,lin,128,1.0,main,1,0.01,0.01,0.1,1.0,3
1000,10,0.01,0.01,4,lin,128,1.0,main,1,0.05,1e-08,0.1,7.0,15
1000,10,0.01,0.01,4,lin,128,1.0,main,1,0.1,1e-08,0.1,7.0,15
1000,10,0.01,0.01,4,lin,128,1.0,main,1,0.5,1e-08,0.1,7.0,15
1000,10,0.01,0.01,4,lin,128,1.0,main,1,1.0,1e-08,0.1,7.0,15
1000,10,0.01,0.01,4,lin,128,1.0,main,2,0.01,3e-08,0.1,6.522878745280337,8
1000,10,0.01,0.01,4,lin,128,1.0,main,2,0.05,1e-08,0.1,7.0,15
1000,10,0.01,0.01,4,lin,128,1.0,main,2,0.1,1e-08,0.1,7.0,15
1000,10,0.01,0.01,4,lin,128,1.0,main,2,0.5,1e-08,0.1,7.0,15
1000,10,0.01,0.01,4,lin,128,1.0,main,2,1.0,1e-08,0.1,7.0,15
1000,10,0.01,0.01,4,lin,128,1.0,main,4,0.01,1e-08,0.1,7.0,15
1000,10,0.01,0.01,4,lin,128,1.0,main,4,0.05,1e-08,0.1,7.0,15
1000,10,0.01,0.01,4,lin,128,1.0,main,4,0.1,1e-08,0.1,7.0,15
1000,10,0.01,0.01,4,lin,128,1.0,main,4,0.5,1e-08,0.1,7.0,15
1000,10,0.01,0.01,4,lin,128,1.0,main,4,1.0,1e-08,0.1,7.0,15
1000,10,0.01,0.01,4,lin,128,1.0,main,8,0.01,1e-08,0.1,7.0,15
1000,10,0.01,0.01,4,lin,128,1.0,main,8,0.05,1e-08,0.1,7.0,15
1000,10,0.01,0.01,4,lin,128,1.0,main,8,0.1,1e-08,0.1,7.0,15
1000,10,0.01,0.01,4,lin,128,1.0,main,8,0.5,1e-08,0.1,7.0,15
1000,10,0.01,0.01,4,lin,128,1.0,main,8,1.0,1e-08,0.1,7.0,15
1000,10,0.01,0.01,4,lin,128,1.0,main,16,0.01,1e-08,0.1,7.0,15
1000,10,0.01,0.01,4,lin,128,1.0,main,16,0.05,1e-08,0.1,7.0,15
1000,10,0.01,0.01,4,lin,128,1.0,main,16,0.1,1e-08,0.1,7.0,15
1000,10,0.01,0.01,4,lin,128,1.0,main,16,0.5,1e-08,0.1,7.0,15
1000,10,0.01,0.01,4,lin,128,1.0,main,16,1.0,1e-08,0.1,7.0,15
1000,10,0.01,0.01,4,nl,128,0.0,main,1,0.01,0.003,0.01,0.5228787452803376,2
1000,10,0.01,0.01,4,nl,128,0.0,main,1,0.05,1e-08,0.1,7.0,10
1000,10,0.01,0.01,4,nl,128,0.0,main,1,0.1,1e-08,0.1,7.0,11
1000,10,0.01,0.01,4,nl,128,0.0,main,1,0.5,1e-08,0.1,7.0,11
1000,10,0.01,0.01,4,nl,128,0.0,main,1,1.0,1e-08,0.1,7.0,12
1000,10,0.01,0.01,4,nl,128,0.0,main,2,0.01,3e-07,0.03,5.0,4
1000,10,0.01,0.01,4,nl,128,0.0,main,2,0.05,1e-08,0.1,7.0,11
1000,10,0.01,0.01,4,nl,128,0.0,main,2,0.1,1e-08,0.1,7.0,11
1000,10,0.01,0.01,4,nl,128,0.0,main,2,0.5,1e-08,0.1,7.0,12
1000,10,0.01,0.01,4,nl,128,0.0,main,2,1.0,1e-08,0.1,7.0,12
1000,10,0.01,0.01,4,nl,128,0.0,main,4,0.01,1e-08,0.1,7.0,10
1000,10,0.01,0.01,4,nl,128,0.0,main,4,0.05,1e-08,0.1,7.0,11
1000,10,0.01,0.01,4,nl,128,0.0,main,4,0.1,1e-08,0.1,7.0,11
1000,10,0.01,0.01,4,nl,128,0.0,main,4,0.5,1e-08,0.1,7.0,12
1000,10,0.01,0.01,4,nl,128,0.0,main,4,1.0,1e-08,0.1,7.0,15
1000,10,0.01,0.01,4,nl,128,0.0,main,8,0.01,1e-08,0.1,7.0,11
1000,10,0.01,0.01,4,nl,128,0.0,main,8,0.05,1e-08,0.1,7.0,11
1000,10,0.01,0.01,4,nl,128,0.0,main,8,0.1,1e-08,0.1,7.0,12
1000,10,0.01,0.01,4,nl,128,0.0,main,8,0.5,1e-08,0.1,7.0,15
1000,10,0.01,0.01,4,nl,128,0.0,main,8,1.0,1e-08,0.1,7.0,15
1000,10,0.01,0.01,4,nl,128,0.0,main,16,0.01,1e-08,0.1,7.0,11
1000,10,0.01,0.01,4,nl,128,0.0,main,16,0.05,1e-08,0.1,7.0,12
1000,10,0.01,0.01,4,nl,128,0.0,main,16,0.1,1e-08,0.1,7.0,12
1000,10,0.01,0.01,4,nl,128,0.0,main,16,0.5,1e-08,0.1,7.0,15
1000,10,0.01,0.01,4,nl,128,0.0,main,16,1.0,1e-08,0.1,7.0,15
1000,10,0.01,0.01,4,nl,128,1.0,main,1,0.01,0.01,0.03,0.47712125471966244,2
1000,10,0.01,0.01,4,nl,128,1.0,main,1,0.05,1e-08,0.1,7.0,15
1000,10,0.01,0.01,4,nl,128,1.0,main,1,0.1,1e-08,0.1,7.0,15
1000,10,0.01,0.01,4,nl,128,1.0,main,1,0.5,1e-08,0.1,7.0,15
1000,10,0.01,0.01,4,nl,128,1.0,main,1,1.0,1e-08,0.1,7.0,15
1000,10,0.01,0.01,4,nl,128,1.0,main,2,0.01,0.01,0.1,1.0,3
1000,10,0.01,0.01,4,nl,128,1.0,main,2,0.05,1e-08,0.1,7.0,15
1000,10,0.01,0.01,4,nl,128,1.0,main,2,0.1,1e-08,0.1,7.0,15
1000,10,0.01,0.01,4,nl,128,1.0,main,2,0.5,1e-08,0.1,7.0,15
1000,10,0.01,0.01,4,nl,128,1.0,main,2,1.0,1e-08,0.1,7.0,15
1000,10,0.01,0.01,4,nl,128,1.0,main,4,0.01,1e-08,0.1,7.0,15
1000,10,0.01,0.01,4,nl,128,1.0,main,4,0.05,1e-08,0.1,7.0,15
1000,10,0.01,0.01,4,nl,128,1.0,main,4,0.1,1e-08,0.1,7.0,15
1000,10,0.01,0.01,4,nl,128,1.0,main,4,0.5,1e-08,0.1,7.0,15
1000,10,0.01,0.01,4,nl,128,1.0,main,4,1.0,1e-08,0.1,7.0,15
1000,10,0.01,0.01,4,nl,128,1.0,main,8,0.01,1e-08,0.1,7.0,15
1000,10,0.01,0.01,4,nl,128,1.0,main,8,0.05,1e-08,0.1,7.0,15
1000,10,0.01,0.01,4,nl,128,1.0,main,8,0.1,1e-08,0.1,7.0,15
1000,10,0.01,0.01,4,nl,128,1.0,main,8,0.5,1e-08,0.1,7.0,15
1000,10,0.01,0.01,4,nl,128,1.0,main,8,1.0,1e-08,0.1,7.0,15
1000,10,0.01,0.01,4,nl,128,1.0,main,16,0.01,1e-08,0.1,7.0,15
1000,10,0.01,0.01,4,nl,128,1.0,main,16,0.05,1e-08,0.1,7.0,15
1000,10,0.01,0.01,4,nl,128,1.0,main,16,0.1,1e-08,0.1,7.0,15
1000,10,0.01,0.01,4,nl,128,1.0,main,16,0.5,1e-08,0.1,7.0,15
1000,10,0.01,0.01,4,nl,128,1.0,main,16,1.0,1e-08,0.1,7.0,15
1000,10,0.01,0.01,8,lin,128,0.0,main,1,0.01,1e-08,0.1,7.0,12
1000,10,0.01,0.01,8,lin,128,0.0,main,1,0.05,1e-08,0.1,7.0,12
1000,10,0.01,0.01,8,lin,128,0.0,main,1,0.1,1e-08,0.1,7.0,13
1000,10,0.01,0.01,8,lin,128,0.0,main,1,0.5,1e-08,0.1,7.0,15
1000,10,0.01,0.01,8,lin,128,0.0,main,1,1.0,1e-08,0.1,7.0,15
1000,10,0.01,0.01,8,lin,128,0.0,main,2,0.01,1e-08,0.1,7.0,12
1000,10,0.01,0.01,8,lin,128,0.0,main,2,0.05,1e-08,0.1,7.0,13
1000,10,0.01,0.01,8,lin,128,0.0,main,2,0.1,1e-08,0.1,7.0,15
1000,10,0.01,0.01,8,lin,128,0.0,main,2,0.5,1e-08,0.1,7.0,15
1000,10,0.01,0.01,8,lin,128,0.0,main,2,1.0,1e-08,0.1,7.0,15
1000,10,0.01,0.01,8,lin,128,0.0,main,4,0.01,1e-08,0.1,7.0,12
1000,10,0.01,0.01,8,lin,128,0.0,main,4,0.05,1e-08,0.1,7.0,15
1000,10,0.01,0.01,8,lin,128,0.0,main,4,0.1,1e-08,0.1,7.0,15
1000,10,0.01,0.01,8,lin,128,0.0,main,4,0.5,1e-08,0.1,7.0,15
1000,10,0.01,0.01,8,lin,128,0.0,main,4,1.0,1e-08,0.1,7.0,15
1000,10,0.01,0.01,8,lin,128,0.0,main,8,0.01,1e-08,0.1,7.0,13
1000,10,0.01,0.01,8,lin,128,0.0,main,8,0.05,1e-08,0.1,7.0,15
1000,10,0.01,0.01,8,lin,128,0.0,main,8,0.1,1e-08,0.1,7.0,15
1000,10,0.01,0.01,8,lin,128,0.0,main,8,0.5,1e-08,0.1,7.0,15
1000,10,0.01,0.01,8,lin,128,0.0,main,8,1.0,1e-08,0.1,7.0,15
1000,10,0.01,0.01,8,lin,128,0.0,main,16,0.01,1e-08,0.1,7.0,14
1000,10,0.01,0.01,8,lin,128,0.0,main,16,0.05,1e-08,0.1,7.0,15
1000,10,0.01,0.01,8,lin,128,0.0,main,16,0.1,1e-08,0.1,7.0,15
1000,10,0.01,0.01,8,lin,128,0.0,main,16,0.5,1e-08,0.1,7.0,15
1000,10,0.01,0.01,8,lin,128,0.0,main,16,1.0,1e-08,0.1,7.0,15
1000,10,0.01,0.01,8,lin,128,1.0,main,1,0.01,0.01,0.1,1.0,3
1000,10,0.01,0.01,8,lin,128,1.0,main,1,0.05,1e-08,0.1,7.0,12
1000,10,0.01,0.01,8,lin,128,1.0,main,1,0.1,1e-08,0.1,7.0,12
1000,10,0.01,0.01,8,lin,128,1.0,main,1,0.5,1e-08,0.1,7.0,13
1000,10,0.01,0.01,8,lin,128,1.0,main,1,1.0,1e-08,0.1,7.0,14
1000,10,0.01,0.01,8,lin,128,1.0,main,2,0.01,1e-08,0.1,7.0,12
1000,10,0.01,0.01,8,lin,128,1.0,main,2,0.05,1e-08,0.1,7.0,12
1000,10,0.01,0.01,8,lin,128,1.0,main,2,0.1,1e-08,0.1,7.0,13
1000,10,0.01,0.01,8,lin,128,1.0,main,2,0.5,1e-08,0.1,7.0,14
1000,10,0.01,0.01,8,lin,128,1.0,main,2,1.0,1e-08,0.1,7.0,15
1000,10,0.01,0.01,8,lin,128,1.0,main,4,0.01,1e-08,0.1,7.0,12
1000,10,0.01,0.01,8,lin,128,1.0,main,4,0.05,1e-08,0.1,7.0,13
1000,10,0.01,0.01,8,lin,128,1.0,main,4,0.1,1e-08,0.1,7.0,13
1000,10,0.01,0.01,8,lin,128,1.0,main,4,0.5,1e-08,0.1,7.0,15
1000,10,0.01,0.01,8,lin,128,1.0,main,4,1.0,1e-08,0.1,7.0,15
1000,10,0.01,0.01,8,lin,128,1.0,main,8,0.01,1e-08,0.1,7.0,12
1000,10,0.01,0.01,8,lin,128,1.0,main,8,0.05,1e-08,0.1,7.0,13
1000,10,0.01,0.01,8,lin,128,1.0,main,8,0.1,1e-08,0.1,7.0,14
1000,10,0.01,0.01,8,lin,128,1.0,main,8,0.5,1e-08,0.1,7.0,15
1000,10,0.01,0.01,8,lin,128,1.0,main,8,1.0,1e-08,0.1,7.0,15
1000,10,0.01,0.01,8,lin,128,1.0,main,16,0.01,1e-08,0.1,7.0,13
1000,10,0.01,0.01,8,lin,128,1.0,main,16,0.05,1e-08,0.1,7.0,14
1000,10,0.01,0.01,8,lin,128,1.0,main,16,0.1,1e-08,0.1,7.0,15
1000,10,0.01,0.01,8,lin,128,1.0,main,16,0.5,1e-08,0.1,7.0,15
1000,10,0.01,0.01,8,lin,128,1.0,main,16,1.0,1e-08,0.1,7.0,15
1000,10,0.01,0.01,8,nl,128,0.0,main,1,0.01,1e-08,0.1,7.0,15
1000,10,0.01,0.01,8,nl,128,0.0,main,1,0.05,1e-08,0.1,7.0,15
1000,10,0.01,0.01,8,nl,128,0.0,main,1,0.1,1e-08,0.1,7.0,15
1000,10,0.01,0.01,8,nl,128,0.0,main,1,0.5,1e-08,0.1,7.0,15
1000,10,0.01,0.01,8,nl,128,0.0,main,1,1.0,1e-08,0.1,7.0,15
1000,10,0.01,0.01,8,nl,128,0.0,main,2,0.01,1e-08,0.1,7.0,15
1000,10,0.01,0.01,8,nl,128,0.0,main,2,0.05,1e-08,0.1,7.0,15
1000,10,0.01,0.01,8,nl,128,0.0,main,2,0.1,1e-08,0.1,7.0,15
1000,10,0.01,0.01,8,nl,128,0.0,main,2,0.5,1e-08,0.1,7.0,15
1000,10,0.01,0.01,8,nl,128,0.0,main,2,1.0,1e-08,0.1,7.0,15
1000,10,0.01,0.01,8,nl,128,0.0,main,4,0.01,1e-08,0.1,7.0,15
1000,10,0.01,0.01,8,nl,128,0.0,main,4,0.05,1e-08,0.1,7.0,15
1000,10,0.01,0.01,8,nl,128,0.0,main,4,0.1,1e-08,0.1,7.0,15
1000,10,0.01,0.01,8,nl,128,0.0,main,4,0.5,1e-08,0.1,7.0,15
1000,10,0.01,0.01,8,nl,128,0.0,main,4,1.0,1e-08,0.1,7.0,15
1000,10,0.01,0.01,8,nl,128,0.0,main,8,0.01,1e-08,0.1,7.0,15
1000,10,0.01,0.01,8,nl,128,0.0,main,8,0.05,1e-08,0.1,7.0,15
1000,10,0.01,0.01,8,nl,128,0.0,main,8,0.1,1e-08,0.1,7.0,15
1000,10,0.01,0.01,8,nl,128,0.0,main,8,0.5,1e-08,0.1,7.0,15
1000,10,0.01,0.01,8,nl,128,0.0,main,8,1.0,1e-08,0.1,7.0,15
1000,10,0.01,0.01,8,nl,128,0.0,main,16,0.01,1e-08,0.1,7.0,15
1000,10,0.01,0.01,8,nl,128,0.0,main,16,0.05,1e-08,0.1,7.0,15
1000,10,0.01,0.01,8,nl,128,0.0,main,16,0.1,1e-08,0.1,7.0,15
1000,10,0.01,0.01,8,nl,128,0.0,main,16,0.5,1e-08,0.1,7.0,15
1000,10,0.01,0.01,8,nl,128,0.0,main,16,1.0,1e-08,0.1,7.0,15
1000,10,0.01,0.01,8,nl,128,1.0,main,1,0.01,1e-08,0.1,7.0,9
1000,10,0.01,0.01,8,nl,128,1.0,main,1,0.05,1e-08,0.1,7.0,12
1000,10,0.01,0.01,8,nl,128,1.0,main,1,0.1,1e-08,0.1,7.0,12
1000,10,0.01,0.01,8,nl,128,1.0,main,1,0.5,1e-08,0.1,7.0,13
1000,10,0.01,0.01,8,nl,128,1.0,main,1,1.0,1e-08,0.1,7.0,15
1000,10,0.01,0.01,8,nl,128,1.0,main,2,0.01,1e-08,0.1,7.0,11
1000,10,0.01,0.01,8,nl,128,1.0,main,2,0.05,1e-08,0.1,7.0,12
1000,10,0.01,0.01,8,nl,128,1.0,main,2,0.1,1e-08,0.1,7.0,13
1000,10,0.01,0.01,8,nl,128,1.0,main,2,0.5,1e-08,0.1,7.0,15
1000,10,0.01,0.01,8,nl,128,1.0,main,2,1.0,1e-08,0.1,7.0,15
1000,10,0.01,0.01,8,nl,128,1.0,main,4,0.01,1e-08,0.1,7.0,12
1000,10,0.01,0.01,8,nl,128,1.0,main,4,0.05,1e-08,0.1,7.0,13
1000,10,0.01,0.01,8,nl,128,1.0,main,4,0.1,1e-08,0.1,7.0,13
1000,10,0.01,0.01,8,nl,128,1.0,main,4,0.5,1e-08,0.1,7.0,15
1000,10,0.01,0.01,8,nl,128,1.0,main,4,1.0,1e-08,0.1,7.0,15
1000,10,0.01,0.01,8,nl,128,1.0,main,8,0.01,1e-08,0.1,7.0,12
1000,10,0.01,0.01,8,nl,128,1.0,main,8,0.05,1e-08,0.1,7.0,13
1000,10,0.01,0.01,8,nl,128,1.0,main,8,0.1,1e-08,0.1,7.0,14
1000,10,0.01,0.01,8,nl,128,1.0,main,8,0.5,1e-08,0.1,7.0,15
1000,10,0.01,0.01,8,nl,128,1.0,main,8,1.0,1e-08,0.1,7.0,15
1000,10,0.01,0.01,8,nl,128,1.0,main,16,0.01,1e-08,0.1,7.0,13
1000,10,0.01,0.01,8,nl,128,1.0,main,16,0.05,1e-08,0.1,7.0,14
1000,10,0.01,0.01,8,nl,128,1.0,main,16,0.1,1e-08,0.1,7.0,15
1000,10,0.01,0.01,8,nl,128,1.0,main,16,0.5,1e-08,0.1,7.0,15
1000,10,0.01,0.01,8,nl,128,1.0,main,16,1.0,1e-08,0.1,7.0,15
1000,50,0.05,3e-05,4,nl,128,0.5,hwindow_12h_highdim_extra_midp,1,0.01,,,,0
1000,50,0.05,3e-05,4,nl,128,0.5,hwindow_12h_highdim_extra_midp,1,0.05,1e-07,0.03,5.477121254719663,8
1000,50,0.05,3e-05,4,nl,128,0.5,hwindow_12h_highdim_extra_midp,1,0.1,1e-08,0.1,7.0,15
1000,50,0.05,3e-05,4,nl,128,0.5,hwindow_12h_highdim_extra_midp,1,0.5,1e-08,0.1,7.0,15
1000,50,0.05,3e-05,4,nl,128,0.5,hwindow_12h_highdim_extra_midp,1,1.0,1e-08,0.1,7.0,15
1000,50,0.05,3e-05,4,nl,128,0.5,hwindow_12h_highdim_extra_midp,2,0.01,,,,0
1000,50,0.05,3e-05,4,nl,128,0.5,hwindow_12h_highdim_extra_midp,2,0.05,1e-08,0.1,7.0,15
1000,50,0.05,3e-05,4,nl,128,0.5,hwindow_12h_highdim_extra_midp,2,0.1,1e-08,0.1,7.0,15
1000,50,0.05,3e-05,4,nl,128,0.5,hwindow_12h_highdim_extra_midp,2,0.5,1e-08,0.1,7.0,15
1000,50,0.05,3e-05,4,nl,128,0.5,hwindow_12h_highdim_extra_midp,2,1.0,1e-08,0.1,7.0,15
1000,50,0.05,3e-05,4,nl,128,0.5,hwindow_12h_highdim_extra_midp,4,0.01,1e-06,0.001,3.0,5
1000,50,0.05,3e-05,4,nl,128,0.5,hwindow_12h_highdim_extra_midp,4,0.05,1e-08,0.1,7.0,15
1000,50,0.05,3e-05,4,nl,128,0.5,hwindow_12h_highdim_extra_midp,4,0.1,1e-08,0.1,7.0,15
1000,50,0.05,3e-05,4,nl,128,0.5,hwindow_12h_highdim_extra_midp,4,0.5,1e-08,0.1,7.0,15
1000,50,0.05,3e-05,4,nl,128,0.5,hwindow_12h_highdim_extra_midp,4,1.0,1e-08,0.1,7.0,15
1000,50,0.05,3e-05,4,nl,128,0.5,hwindow_12h_highdim_extra_midp,8,0.01,1e-08,0.1,7.0,15
1000,50,0.05,3e-05,4,nl,128,0.5,hwindow_12h_highdim_extra_midp,8,0.05,1e-08,0.1,7.0,15
1000,50,0.05,3e-05,4,nl,128,0.5,hwindow_12h_highdim_extra_midp,8,0.1,1e-08,0.1,7.0,15
1000,50,0.05,3e-05,4,nl,128,0.5,hwindow_12h_highdim_extra_midp,8,0.5,1e-08,0.1,7.0,15
1000,50,0.05,3e-05,4,nl,128,0.5,hwindow_12h_highdim_extra_midp,8,1.0,1e-08,0.1,7.0,15
1000,50,0.05,3e-05,4,nl,128,0.5,hwindow_12h_highdim_extra_midp,16,0.01,1e-08,0.1,7.0,15
1000,50,0.05,3e-05,4,nl,128,0.5,hwindow_12h_highdim_extra_midp,16,0.05,1e-08,0.1,7.0,15
1000,50,0.05,3e-05,4,nl,128,0.5,hwindow_12h_highdim_extra_midp,16,0.1,1e-08,0.1,7.0,15
1000,50,0.05,3e-05,4,nl,128,0.5,hwindow_12h_highdim_extra_midp,16,0.5,1e-08,0.1,7.0,15
1000,50,0.05,3e-05,4,nl,128,0.5,hwindow_12h_highdim_extra_midp,16,1.0,1e-08,0.1,7.0,15
1000,50,0.05,3e-05,8,nl,128,0.5,hwindow_12h_highdim_extra_midp,1,0.01,0.0001,0.001,1.0,3
1000,50,0.05,3e-05,8,nl,128,0.5,hwindow_12h_highdim_extra_midp,1,0.05,1e-08,0.1,7.0,11
1000,50,0.05,3e-05,8,nl,128,0.5,hwindow_12h_highdim_extra_midp,1,0.1,1e-08,0.1,7.0,11
1000,50,0.05,3e-05,8,nl,128,0.5,hwindow_12h_highdim_extra_midp,1,0.5,1e-08,0.1,7.0,12
1000,50,0.05,3e-05,8,nl,128,0.5,hwindow_12h_highdim_extra_midp,1,1.0,1e-08,0.1,7.0,13
1000,50,0.05,3e-05,8,nl,128,0.5,hwindow_12h_highdim_extra_midp,2,0.01,3e-05,0.001,1.5228787452803376,4
1000,50,0.05,3e-05,8,nl,128,0.5,hwindow_12h_highdim_extra_midp,2,0.05,1e-08,0.1,7.0,11
1000,50,0.05,3e-05,8,nl,128,0.5,hwindow_12h_highdim_extra_midp,2,0.1,1e-08,0.1,7.0,11
1000,50,0.05,3e-05,8,nl,128,0.5,hwindow_12h_highdim_extra_midp,2,0.5,1e-08,0.1,7.0,13
1000,50,0.05,3e-05,8,nl,128,0.5,hwindow_12h_highdim_extra_midp,2,1.0,1e-08,0.1,7.0,13
1000,50,0.05,3e-05,8,nl,128,0.5,hwindow_12h_highdim_extra_midp,4,0.01,1e-08,0.1,7.0,9
1000,50,0.05,3e-05,8,nl,128,0.5,hwindow_12h_highdim_extra_midp,4,0.05,1e-08,0.1,7.0,11
1000,50,0.05,3e-05,8,nl,128,0.5,hwindow_12h_highdim_extra_midp,4,0.1,1e-08,0.1,7.0,12
1000,50,0.05,3e-05,8,nl,128,0.5,hwindow_12h_highdim_extra_midp,4,0.5,1e-08,0.1,7.0,13
1000,50,0.05,3e-05,8,nl,128,0.5,hwindow_12h_highdim_extra_midp,4,1.0,1e-08,0.1,7.0,14
1000,50,0.05,3e-05,8,nl,128,0.5,hwindow_12h_highdim_extra_midp,8,0.01,1e-08,0.1,7.0,11
1000,50,0.05,3e-05,8,nl,128,0.5,hwindow_12h_highdim_extra_midp,8,0.05,1e-08,0.1,7.0,12
1000,50,0.05,3e-05,8,nl,128,0.5,hwindow_12h_highdim_extra_midp,8,0.1,1e-08,0.1,7.0,13
1000,50,0.05,3e-05,8,nl,128,0.5,hwindow_12h_highdim_extra_midp,8,0.5,1e-08,0.1,7.0,14
1000,50,0.05,3e-05,8,nl,128,0.5,hwindow_12h_highdim_extra_midp,8,1.0,1e-08,0.1,7.0,15
1000,50,0.05,3e-05,8,nl,128,0.5,hwindow_12h_highdim_extra_midp,16,0.01,1e-08,0.1,7.0,11
1000,50,0.05,3e-05,8,nl,128,0.5,hwindow_12h_highdim_extra_midp,16,0.05,1e-08,0.1,7.0,13
1000,50,0.05,3e-05,8,nl,128,0.5,hwindow_12h_highdim_extra_midp,16,0.1,1e-08,0.1,7.0,13
1000,50,0.05,3e-05,8,nl,128,0.5,hwindow_12h_highdim_extra_midp,16,0.5,1e-08,0.1,7.0,15
1000,50,0.05,3e-05,8,nl,128,0.5,hwindow_12h_highdim_extra_midp,16,1.0,1e-08,0.1,7.0,15
1000,50,0.05,0.0003,4,nl,128,0.5,hwindow_12h_highdim_extra_midp,1,0.01,,,,0
1000,50,0.05,0.0003,4,nl,128,0.5,hwindow_12h_highdim_extra_midp,1,0.05,1e-08,0.03,6.477121254719663,6
1000,50,0.05,0.0003,4,nl,128,0.5,hwindow_12h_highdim_extra_midp,1,0.1,1e-08,0.1,7.0,11
1000,50,0.05,0.0003,4,nl,128,0.5,hwindow_12h_highdim_extra_midp,1,0.5,1e-08,0.1,7.0,12
1000,50,0.05,0.0003,4,nl,128,0.5,hwindow_12h_highdim_extra_midp,1,1.0,1e-08,0.1,7.0,12
1000,50,0.05,0.0003,4,nl,128,0.5,hwindow_12h_highdim_extra_midp,2,0.01,0.0001,0.0003,0.4771212547196624,2
1000,50,0.05,0.0003,4,nl,128,0.5,hwindow_12h_highdim_extra_midp,2,0.05,1e-08,0.1,7.0,11
1000,50,0.05,0.0003,4,nl,128,0.5,hwindow_12h_highdim_extra_midp,2,0.1,1e-08,0.1,7.0,11
1000,50,0.05,0.0003,4,nl,128,0.5,hwindow_12h_highdim_extra_midp,2,0.5,1e-08,0.1,7.0,12
1000,50,0.05,0.0003,4,nl,128,0.5,hwindow_12h_highdim_extra_midp,2,1.0,1e-08,0.1,7.0,13
1000,50,0.05,0.0003,4,nl,128,0.5,hwindow_12h_highdim_extra_midp,4,0.01,0.0001,0.001,1.0,3
1000,50,0.05,0.0003,4,nl,128,0.5,hwindow_12h_highdim_extra_midp,4,0.05,1e-08,0.1,7.0,11
1000,50,0.05,0.0003,4,nl,128,0.5,hwindow_12h_highdim_extra_midp,4,0.1,1e-08,0.1,7.0,12
1000,50,0.05,0.0003,4,nl,128,0.5,hwindow_12h_highdim_extra_midp,4,0.5,1e-08,0.1,7.0,13
1000,50,0.05,0.0003,4,nl,128,0.5,hwindow_12h_highdim_extra_midp,4,1.0,1e-08,0.1,7.0,13
1000,50,0.05,0.0003,4,nl,128,0.5,hwindow_12h_highdim_extra_midp,8,0.01,1e-08,0.1,7.0,11
1000,50,0.05,0.0003,4,nl,128,0.5,hwindow_12h_highdim_extra_midp,8,0.05,1e-08,0.1,7.0,12
1000,50,0.05,0.0003,4,nl,128,0.5,hwindow_12h_highdim_extra_midp,8,0.1,1e-08,0.1,7.0,12
1000,50,0.05,0.0003,4,nl,128,0.5,hwindow_12h_highdim_extra_midp,8,0.5,1e-08,0.1,7.0,13
1000,50,0.05,0.0003,4,nl,128,0.5,hwindow_12h_highdim_extra_midp,8,1.0,1e-08,0.1,7.0,13
1000,50,0.05,0.0003,4,nl,128,0.5,hwindow_12h_highdim_extra_midp,16,0.01,1e-08,0.1,7.0,11
1000,50,0.05,0.0003,4,nl,128,0.5,hwindow_12h_highdim_extra_midp,16,0.05,1e-08,0.1,7.0,12
1000,50,0.05,0.0003,4,nl,128,0.5,hwindow_12h_highdim_extra_midp,16,0.1,1e-08,0.1,7.0,12
1000,50,0.05,0.0003,4,nl,128,0.5,hwindow_12h_highdim_extra_midp,16,0.5,1e-08,0.1,7.0,13
1000,50,0.05,0.0003,4,nl,128,0.5,hwindow_12h_highdim_extra_midp,16,1.0,1e-08,0.1,7.0,14
1000,50,0.05,0.0003,8,nl,128,0.5,hwindow_12h_highdim_extra_midp,1,0.01,0.001,0.003,0.47712125471966244,2
1000,50,0.05,0.0003,8,nl,128,0.5,hwindow_12h_highdim_extra_midp,1,0.05,1e-08,0.03,6.477121254719663,8
1000,50,0.05,0.0003,8,nl,128,0.5,hwindow_12h_highdim_extra_midp,1,0.1,1e-08,0.1,7.0,13
1000,50,0.05,0.0003,8,nl,128,0.5,hwindow_12h_highdim_extra_midp,1,0.5,1e-08,0.1,7.0,15
1000,50,0.05,0.0003,8,nl,128,0.5,hwindow_12h_highdim_extra_midp,1,1.0,1e-08,0.1,7.0,15
1000,50,0.05,0.0003,8,nl,128,0.5,hwindow_12h_highdim_extra_midp,2,0.01,0.0003,0.01,1.5228787452803376,4
1000,50,0.05,0.0003,8,nl,128,0.5,hwindow_12h_highdim_extra_midp,2,0.05,1e-08,0.1,7.0,13
1000,50,0.05,0.0003,8,nl,128,0.5,hwindow_12h_highdim_extra_midp,2,0.1,1e-08,0.1,7.0,15
1000,50,0.05,0.0003,8,nl,128,0.5,hwindow_12h_highdim_extra_midp,2,0.5,1e-08,0.1,7.0,15
1000,50,0.05,0.0003,8,nl,128,0.5,hwindow_12h_highdim_extra_midp,2,1.0,1e-08,0.1,7.0,15
1000,50,0.05,0.0003,8,nl,128,0.5,hwindow_12h_highdim_extra_midp,4,0.01,0.0001,0.03,2.4771212547196626,6
1000,50,0.05,0.0003,8,nl,128,0.5,hwindow_12h_highdim_extra_midp,4,0.05,1e-08,0.1,7.0,15
1000,50,0.05,0.0003,8,nl,128,0.5,hwindow_12h_highdim_extra_midp,4,0.1,1e-08,0.1,7.0,15
1000,50,0.05,0.0003,8,nl,128,0.5,hwindow_12h_highdim_extra_midp,4,0.5,1e-08,0.1,7.0,15
1000,50,0.05,0.0003,8,nl,128,0.5,hwindow_12h_highdim_extra_midp,4,1.0,1e-08,0.1,7.0,15
1000,50,0.05,0.0003,8,nl,128,0.5,hwindow_12h_highdim_extra_midp,8,0.01,1e-08,0.1,7.0,12
1000,50,0.05,0.0003,8,nl,128,0.5,hwindow_12h_highdim_extra_midp,8,0.05,1e-08,0.1,7.0,15
1000,50,0.05,0.0003,8,nl,128,0.5,hwindow_12h_highdim_extra_midp,8,0.1,1e-08,0.1,7.0,15
1000,50,0.05,0.0003,8,nl,128,0.5,hwindow_12h_highdim_extra_midp,8,0.5,1e-08,0.1,7.0,15
1000,50,0.05,0.0003,8,nl,128,0.5,hwindow_12h_highdim_extra_midp,8,1.0,1e-08,0.1,7.0,15
1000,50,0.05,0.0003,8,nl,128,0.5,hwindow_12h_highdim_extra_midp,16,0.01,1e-08,0.1,7.0,15
1000,50,0.05,0.0003,8,nl,128,0.5,hwindow_12h_highdim_extra_midp,16,0.05,1e-08,0.1,7.0,15
1000,50,0.05,0.0003,8,nl,128,0.5,hwindow_12h_highdim_extra_midp,16,0.1,1e-08,0.1,7.0,15
1000,50,0.05,0.0003,8,nl,128,0.5,hwindow_12h_highdim_extra_midp,16,0.5,1e-08,0.1,7.0,15
1000,50,0.05,0.0003,8,nl,128,0.5,hwindow_12h_highdim_extra_midp,16,1.0,1e-08,0.1,7.0,15
1000,50,0.05,0.003,4,nl,128,0.5,hwindow_12h_highdim_extra_midp,1,0.01,0.01,0.01,0.0,1
1000,50,0.05,0.003,4,nl,128,0.5,hwindow_12h_highdim_extra_midp,1,0.05,1e-08,0.1,7.0,12
1000,50,0.05,0.003,4,nl,128,0.5,hwindow_12h_highdim_extra_midp,1,0.1,1e-08,0.1,7.0,14
1000,50,0.05,0.003,4,nl,128,0.5,hwindow_12h_highdim_extra_midp,1,0.5,1e-08,0.1,7.0,15
1000,50,0.05,0.003,4,nl,128,0.5,hwindow_12h_highdim_extra_midp,1,1.0,1e-08,0.1,7.0,15
1000,50,0.05,0.003,4,nl,128,0.5,hwindow_12h_highdim_extra_midp,2,0.01,0.003,0.1,1.5228787452803376,4
1000,50,0.05,0.003,4,nl,128,0.5,hwindow_12h_highdim_extra_midp,2,0.05,1e-08,0.1,7.0,14
1000,50,0.05,0.003,4,nl,128,0.5,hwindow_12h_highdim_extra_midp,2,0.1,1e-08,0.1,7.0,15
1000,50,0.05,0.003,4,nl,128,0.5,hwindow_12h_highdim_extra_midp,2,0.5,1e-08,0.1,7.0,15
1000,50,0.05,0.003,4,nl,128,0.5,hwindow_12h_highdim_extra_midp,2,1.0,1e-08,0.1,7.0,15
1000,50,0.05,0.003,4,nl,128,0.5,hwindow_12h_highdim_extra_midp,4,0.01,1e-08,0.1,7.0,11
1000,50,0.05,0.003,4,nl,128,0.5,hwindow_12h_highdim_extra_midp,4,0.05,1e-08,0.1,7.0,15
1000,50,0.05,0.003,4,nl,128,0.5,hwindow_12h_highdim_extra_midp,4,0.1,1e-08,0.1,7.0,15
1000,50,0.05,0.003,4,nl,128,0.5,hwindow_12h_highdim_extra_midp,4,0.5,1e-08,0.1,7.0,15
1000,50,0.05,0.003,4,nl,128,0.5,hwindow_12h_highdim_extra_midp,4,1.0,1e-08,0.1,7.0,15
1000,50,0.05,0.003,4,nl,128,0.5,hwindow_12h_highdim_extra_midp,8,0.01,1e-08,0.1,7.0,14
1000,50,0.05,0.003,4,nl,128,0.5,hwindow_12h_highdim_extra_midp,8,0.05,1e-08,0.1,7.0,15
1000,50,0.05,0.003,4,nl,128,0.5,hwindow_12h_highdim_extra_midp,8,0.1,1e-08,0.1,7.0,15
1000,50,0.05,0.003,4,nl,128,0.5,hwindow_12h_highdim_extra_midp,8,0.5,1e-08,0.1,7.0,15
1000,50,0.05,0.003,4,nl,128,0.5,hwindow_12h_highdim_extra_midp,8,1.0,1e-08,0.1,7.0,15
1000,50,0.05,0.003,4,nl,128,0.5,hwindow_12h_highdim_extra_midp,16,0.01,1e-08,0.1,7.0,15
1000,50,0.05,0.003,4,nl,128,0.5,hwindow_12h_highdim_extra_midp,16,0.05,1e-08,0.1,7.0,15
1000,50,0.05,0.003,4,nl,128,0.5,hwindow_12h_highdim_extra_midp,16,0.1,1e-08,0.1,7.0,15
1000,50,0.05,0.003,4,nl,128,0.5,hwindow_12h_highdim_extra_midp,16,0.5,1e-08,0.1,7.0,15
1000,50,0.05,0.003,4,nl,128,0.5,hwindow_12h_highdim_extra_midp,16,1.0,1e-08,0.1,7.0,15
1000,50,0.05,0.003,8,nl,128,0.5,hwindow_12h_highdim_extra_midp,1,0.01,0.003,0.1,1.5228787452803376,4
1000,50,0.05,0.003,8,nl,128,0.5,hwindow_12h_highdim_extra_midp,1,0.05,1e-08,0.1,7.0,11
1000,50,0.05,0.003,8,nl,128,0.5,hwindow_12h_highdim_extra_midp,1,0.1,1e-08,0.1,7.0,15
1000,50,0.05,0.003,8,nl,128,0.5,hwindow_12h_highdim_extra_midp,1,0.5,1e-08,0.1,7.0,15
1000,50,0.05,0.003,8,nl,128,0.5,hwindow_12h_highdim_extra_midp,1,1.0,1e-08,0.1,7.0,15
1000,50,0.05,0.003,8,nl,128,0.5,hwindow_12h_highdim_extra_midp,2,0.01,0.003,0.1,1.5228787452803376,4
1000,50,0.05,0.003,8,nl,128,0.5,hwindow_12h_highdim_extra_midp,2,0.05,1e-08,0.1,7.0,15
1000,50,0.05,0.003,8,nl,128,0.5,hwindow_12h_highdim_extra_midp,2,0.1,1e-08,0.1,7.0,15
1000,50,0.05,0.003,8,nl,128,0.5,hwindow_12h_highdim_extra_midp,2,0.5,1e-08,0.1,7.0,15
1000,50,0.05,0.003,8,nl,128,0.5,hwindow_12h_highdim_extra_midp,2,1.0,1e-08,0.1,7.0,15
1000,50,0.05,0.003,8,nl,128,0.5,hwindow_12h_highdim_extra_midp,4,0.01,1e-08,0.1,7.0,9
1000,50,0.05,0.003,8,nl,128,0.5,hwindow_12h_highdim_extra_midp,4,0.05,1e-08,0.1,7.0,15
1000,50,0.05,0.003,8,nl,128,0.5,hwindow_12h_highdim_extra_midp,4,0.1,1e-08,0.1,7.0,15
1000,50,0.05,0.003,8,nl,128,0.5,hwindow_12h_highdim_extra_midp,4,0.5,1e-08,0.1,7.0,15
1000,50,0.05,0.003,8,nl,128,0.5,hwindow_12h_highdim_extra_midp,4,1.0,1e-08,0.1,7.0,15
1000,50,0.05,0.003,8,nl,128,0.5,hwindow_12h_highdim_extra_midp,8,0.01,1e-08,0.1,7.0,14
1000,50,0.05,0.003,8,nl,128,0.5,hwindow_12h_highdim_extra_midp,8,0.05,1e-08,0.1,7.0,15
1000,50,0.05,0.003,8,nl,128,0.5,hwindow_12h_highdim_extra_midp,8,0.1,1e-08,0.1,7.0,15
1000,50,0.05,0.003,8,nl,128,0.5,hwindow_12h_highdim_extra_midp,8,0.5,1e-08,0.1,7.0,15
1000,50,0.05,0.003,8,nl,128,0.5,hwindow_12h_highdim_extra_midp,8,1.0,1e-08,0.1,7.0,15
1000,50,0.05,0.003,8,nl,128,0.5,hwindow_12h_highdim_extra_midp,16,0.01,1e-08,0.1,7.0,15
1000,50,0.05,0.003,8,nl,128,0.5,hwindow_12h_highdim_extra_midp,16,0.05,1e-08,0.1,7.0,15
1000,50,0.05,0.003,8,nl,128,0.5,hwindow_12h_highdim_extra_midp,16,0.1,1e-08,0.1,7.0,15
1000,50,0.05,0.003,8,nl,128,0.5,hwindow_12h_highdim_extra_midp,16,0.5,1e-08,0.1,7.0,15
1000,50,0.05,0.003,8,nl,128,0.5,hwindow_12h_highdim_extra_midp,16,1.0,1e-08,0.1,7.0,15
1000,100,0.1,1e-05,4,lin,128,0.0,main,1,0.01,1e-05,3e-05,0.47712125471966244,2
1000,100,0.1,1e-05,4,lin,128,0.0,main,1,0.05,3e-06,0.0001,1.5228787452803376,4
1000,100,0.1,1e-05,4,lin,128,0.0,main,1,0.1,3e-06,0.1,4.522878745280337,10
1000,100,0.1,1e-05,4,lin,128,0.0,main,1,0.5,1e-08,0.1,7.0,12
1000,100,0.1,1e-05,4,lin,128,0.0,main,1,1.0,1e-08,0.1,7.0,13
1000,100,0.1,1e-05,4,lin,128,0.0,main,2,0.01,1e-05,3e-05,0.47712125471966244,2
1000,100,0.1,1e-05,4,lin,128,0.0,main,2,0.05,3e-06,0.1,4.522878745280337,10
1000,100,0.1,1e-05,4,lin,128,0.0,main,2,0.1,1e-08,0.1,7.0,11
1000,100,0.1,1e-05,4,lin,128,0.0,main,2,0.5,1e-08,0.1,7.0,13
1000,100,0.1,1e-05,4,lin,128,0.0,main,2,1.0,1e-08,0.1,7.0,14
1000,100,0.1,1e-05,4,lin,128,0.0,main,4,0.01,3e-06,0.0001,1.5228787452803376,4
1000,100,0.1,1e-05,4,lin,128,0.0,main,4,0.05,1e-08,0.1,7.0,11
1000,100,0.1,1e-05,4,lin,128,0.0,main,4,0.1,1e-08,0.1,7.0,12
1000,100,0.1,1e-05,4,lin,128,0.0,main,4,0.5,1e-08,0.1,7.0,14
1000,100,0.1,1e-05,4,lin,128,0.0,main,4,1.0,1e-08,0.1,7.0,15
1000,100,0.1,1e-05,4,lin,128,0.0,main,8,0.01,3e-06,0.03,4.0,7
1000,100,0.1,1e-05,4,lin,128,0.0,main,8,0.05,1e-08,0.1,7.0,12
1000,100,0.1,1e-05,4,lin,128,0.0,main,8,0.1,1e-08,0.1,7.0,13
1000,100,0.1,1e-05,4,lin,128,0.0,main,8,0.5,1e-08,0.1,7.0,15
1000,100,0.1,1e-05,4,lin,128,0.0,main,8,1.0,1e-08,0.1,7.0,15
1000,100,0.1,1e-05,4,lin,128,0.0,main,16,0.01,1e-08,0.1,7.0,11
1000,100,0.1,1e-05,4,lin,128,0.0,main,16,0.05,1e-08,0.1,7.0,13
1000,100,0.1,1e-05,4,lin,128,0.0,main,16,0.1,1e-08,0.1,7.0,14
1000,100,0.1,1e-05,4,lin,128,0.0,main,16,0.5,1e-08,0.1,7.0,15
1000,100,0.1,1e-05,4,lin,128,0.0,main,16,1.0,1e-08,0.1,7.0,15
1000,100,0.1,1e-05,4,lin,128,1.0,main,1,0.01,1e-05,3e-05,0.47712125471966244,2
1000,100,0.1,1e-05,4,lin,128,1.0,main,1,0.05,1e-05,0.0003,1.4771212547196624,4
1000,100,0.1,1e-05,4,lin,128,1.0,main,1,0.1,1e-08,0.1,7.0,9
1000,100,0.1,1e-05,4,lin,128,1.0,main,1,0.5,1e-08,0.1,7.0,12
1000,100,0.1,1e-05,4,lin,128,1.0,main,1,1.0,1e-08,0.1,7.0,12
1000,100,0.1,1e-05,4,lin,128,1.0,main,2,0.01,1e-05,3e-05,0.47712125471966244,2
1000,100,0.1,1e-05,4,lin,128,1.0,main,2,0.05,1e-08,0.1,7.0,9
1000,100,0.1,1e-05,4,lin,128,1.0,main,2,0.1,1e-08,0.1,7.0,11
1000,100,0.1,1e-05,4,lin,128,1.0,main,2,0.5,1e-08,0.1,7.0,12
1000,100,0.1,1e-05,4,lin,128,1.0,main,2,1.0,1e-08,0.1,7.0,14
1000,100,0.1,1e-05,4,lin,128,1.0,main,4,0.01,1e-05,0.0001,1.0,3
1000,100,0.1,1e-05,4,lin,128,1.0,main,4,0.05,1e-08,0.1,7.0,11
1000,100,0.1,1e-05,4,lin,128,1.0,main,4,0.1,1e-08,0.1,7.0,11
1000,100,0.1,1e-05,4,lin,128,1.0,main,4,0.5,1e-08,0.1,7.0,14
1000,100,0.1,1e-05,4,lin,128,1.0,main,4,1.0,1e-08,0.1,7.0,15
1000,100,0.1,1e-05,4,lin,128,1.0,main,8,0.01,3e-06,0.1,4.522878745280337,7
1000,100,0.1,1e-05,4,lin,128,1.0,main,8,0.05,1e-08,0.1,7.0,11
1000,100,0.1,1e-05,4,lin,128,1.0,main,8,0.1,1e-08,0.1,7.0,12
1000,100,0.1,1e-05,4,lin,128,1.0,main,8,0.5,1e-08,0.1,7.0,15
1000,100,0.1,1e-05,4,lin,128,1.0,main,8,1.0,1e-08,0.1,7.0,15
1000,100,0.1,1e-05,4,lin,128,1.0,main,16,0.01,1e-08,0.1,7.0,11
1000,100,0.1,1e-05,4,lin,128,1.0,main,16,0.05,1e-08,0.1,7.0,12
1000,100,0.1,1e-05,4,lin,128,1.0,main,16,0.1,1e-08,0.1,7.0,13
1000,100,0.1,1e-05,4,lin,128,1.0,main,16,0.5,1e-08,0.1,7.0,15
1000,100,0.1,1e-05,4,lin,128,1.0,main,16,1.0,1e-08,0.1,7.0,15
1000,100,0.1,1e-05,4,nl,128,0.0,main,1,0.01,,,,0
1000,100,0.1,1e-05,4,nl,128,0.0,main,1,0.05,,,,0
1000,100,0.1,1e-05,4,nl,128,0.0,main,1,0.1,1e-06,0.003,3.4771212547196626,2
1000,100,0.1,1e-05,4,nl,128,0.0,main,1,0.5,1e-08,0.1,7.0,15
1000,100,0.1,1e-05,4,nl,128,0.0,main,1,1.0,1e-08,0.1,7.0,15
1000,100,0.1,1e-05,4,nl,128,0.0,main,2,0.01,,,,0
1000,100,0.1,1e-05,4,nl,128,0.0,main,2,0.05,1e-06,0.003,3.4771212547196626,2
1000,100,0.1,1e-05,4,nl,128,0.0,main,2,0.1,1e-08,0.1,7.0,15
1000,100,0.1,1e-05,4,nl,128,0.0,main,2,0.5,1e-08,0.1,7.0,15
1000,100,0.1,1e-05,4,nl,128,0.0,main,2,1.0,1e-08,0.1,7.0,15
1000,100,0.1,1e-05,4,nl,128,0.0,main,4,0.01,,,,0
1000,100,0.1,1e-05,4,nl,128,0.0,main,4,0.05,1e-08,0.1,7.0,15
1000,100,0.1,1e-05,4,nl,128,0.0,main,4,0.1,1e-08,0.1,7.0,15
1000,100,0.1,1e-05,4,nl,128,0.0,main,4,0.5,1e-08,0.1,7.0,15
1000,100,0.1,1e-05,4,nl,128,0.0,main,4,1.0,1e-08,0.1,7.0,15
1000,100,0.1,1e-05,4,nl,128,0.0,main,8,0.01,,,,0
1000,100,0.1,1e-05,4,nl,128,0.0,main,8,0.05,1e-08,0.1,7.0,15
1000,100,0.1,1e-05,4,nl,128,0.0,main,8,0.1,1e-08,0.1,7.0,15
1000,100,0.1,1e-05,4,nl,128,0.0,main,8,0.5,1e-08,0.1,7.0,15
1000,100,0.1,1e-05,4,nl,128,0.0,main,8,1.0,1e-08,0.1,7.0,15
1000,100,0.1,1e-05,4,nl,128,0.0,main,16,0.01,1e-08,0.1,7.0,15
1000,100,0.1,1e-05,4,nl,128,0.0,main,16,0.05,1e-08,0.1,7.0,15
1000,100,0.1,1e-05,4,nl,128,0.0,main,16,0.1,1e-08,0.1,7.0,15
1000,100,0.1,1e-05,4,nl,128,0.0,main,16,0.5,1e-08,0.1,7.0,15
1000,100,0.1,1e-05,4,nl,128,0.0,main,16,1.0,1e-08,0.1,7.0,15
1000,100,0.1,1e-05,4,nl,128,1.0,main,1,0.01,,,,0
1000,100,0.1,1e-05,4,nl,128,1.0,main,1,0.05,,,,0
1000,100,0.1,1e-05,4,nl,128,1.0,main,1,0.1,0.001,0.001,0.0,1
1000,100,0.1,1e-05,4,nl,128,1.0,main,1,0.5,1e-08,0.1,7.0,15
1000,100,0.1,1e-05,4,nl,128,1.0,main,1,1.0,1e-08,0.1,7.0,15
1000,100,0.1,1e-05,4,nl,128,1.0,main,2,0.01,,,,0
1000,100,0.1,1e-05,4,nl,128,1.0,main,2,0.05,0.001,0.001,0.0,1
1000,100,0.1,1e-05,4,nl,128,1.0,main,2,0.1,1e-08,0.1,7.0,15
1000,100,0.1,1e-05,4,nl,128,1.0,main,2,0.5,1e-08,0.1,7.0,15
1000,100,0.1,1e-05,4,nl,128,1.0,main,2,1.0,1e-08,0.1,7.0,15
1000,100,0.1,1e-05,4,nl,128,1.0,main,4,0.01,,,,0
1000,100,0.1,1e-05,4,nl,128,1.0,main,4,0.05,1e-08,0.1,7.0,15
1000,100,0.1,1e-05,4,nl,128,1.0,main,4,0.1,1e-08,0.1,7.0,15
1000,100,0.1,1e-05,4,nl,128,1.0,main,4,0.5,1e-08,0.1,7.0,15
1000,100,0.1,1e-05,4,nl,128,1.0,main,4,1.0,1e-08,0.1,7.0,15
1000,100,0.1,1e-05,4,nl,128,1.0,main,8,0.01,,,,0
1000,100,0.1,1e-05,4,nl,128,1.0,main,8,0.05,1e-08,0.1,7.0,15
1000,100,0.1,1e-05,4,nl,128,1.0,main,8,0.1,1e-08,0.1,7.0,15
1000,100,0.1,1e-05,4,nl,128,1.0,main,8,0.5,1e-08,0.1,7.0,15
1000,100,0.1,1e-05,4,nl,128,1.0,main,8,1.0,1e-08,0.1,7.0,15
1000,100,0.1,1e-05,4,nl,128,1.0,main,16,0.01,1e-08,0.1,7.0,14
1000,100,0.1,1e-05,4,nl,128,1.0,main,16,0.05,1e-08,0.1,7.0,15
1000,100,0.1,1e-05,4,nl,128,1.0,main,16,0.1,1e-08,0.1,7.0,15
1000,100,0.1,1e-05,4,nl,128,1.0,main,16,0.5,1e-08,0.1,7.0,15
1000,100,0.1,1e-05,4,nl,128,1.0,main,16,1.0,1e-08,0.1,7.0,15
1000,100,0.1,1e-05,8,lin,128,0.0,main,1,0.01,1e-05,0.001,2.0,5
1000,100,0.1,1e-05,8,lin,128,0.0,main,1,0.05,3e-06,0.003,3.0,7
1000,100,0.1,1e-05,8,lin,128,0.0,main,1,0.1,3e-06,0.03,4.0,9
1000,100,0.1,1e-05,8,lin,128,0.0,main,1,0.5,1e-06,0.1,5.0,11
1000,100,0.1,1e-05,8,lin,128,0.0,main,1,1.0,1e-06,0.1,5.0,11
1000,100,0.1,1e-05,8,lin,128,0.0,main,2,0.01,1e-05,0.001,2.0,5
1000,100,0.1,1e-05,8,lin,128,0.0,main,2,0.05,3e-06,0.03,4.0,9
1000,100,0.1,1e-05,8,lin,128,0.0,main,2,0.1,3e-06,0.1,4.522878745280337,10
1000,100,0.1,1e-05,8,lin,128,0.0,main,2,0.5,1e-06,0.1,5.0,11
1000,100,0.1,1e-05,8,lin,128,0.0,main,2,1.0,3e-07,0.1,5.522878745280337,12
1000,100,0.1,1e-05,8,lin,128,0.0,main,4,0.01,1e-05,0.001,2.0,5
1000,100,0.1,1e-05,8,lin,128,0.0,main,4,0.05,3e-06,0.1,4.522878745280337,10
1000,100,0.1,1e-05,8,lin,128,0.0,main,4,0.1,1e-06,0.1,5.0,11
1000,100,0.1,1e-05,8,lin,128,0.0,main,4,0.5,3e-07,0.1,5.522878745280337,12
1000,100,0.1,1e-05,8,lin,128,0.0,main,4,1.0,1e-07,0.1,6.0,13
1000,100,0.1,1e-05,8,lin,128,0.0,main,8,0.01,3e-06,0.01,3.5228787452803374,8
1000,100,0.1,1e-05,8,lin,128,0.0,main,8,0.05,1e-06,0.1,5.0,11
1000,100,0.1,1e-05,8,lin,128,0.0,main,8,0.1,1e-06,0.1,5.0,11
1000,100,0.1,1e-05,8,lin,128,0.0,main,8,0.5,1e-07,0.1,6.0,13
1000,100,0.1,1e-05,8,lin,128,0.0,main,8,1.0,1e-07,0.1,6.0,13
1000,100,0.1,1e-05,8,lin,128,0.0,main,16,0.01,3e-06,0.1,4.522878745280337,10
1000,100,0.1,1e-05,8,lin,128,0.0,main,16,0.05,1e-06,0.1,5.0,11
1000,100,0.1,1e-05,8,lin,128,0.0,main,16,0.1,3e-07,0.1,5.522878745280337,12
1000,100,0.1,1e-05,8,lin,128,0.0,main,16,0.5,1e-07,0.1,6.0,13
1000,100,0.1,1e-05,8,lin,128,0.0,main,16,1.0,1e-07,0.1,6.0,13
1000,100,0.1,1e-05,8,lin,128,1.0,main,1,0.01,3e-05,0.0003,0.9999999999999999,3
1000,100,0.1,1e-05,8,lin,128,1.0,main,1,0.05,1e-05,0.003,2.4771212547196626,6
1000,100,0.1,1e-05,8,lin,128,1.0,main,1,0.1,3e-06,0.01,3.5228787452803374,8
1000,100,0.1,1e-05,8,lin,128,1.0,main,1,0.5,1e-08,0.1,7.0,13
1000,100,0.1,1e-05,8,lin,128,1.0,main,1,1.0,1e-08,0.1,7.0,13
1000,100,0.1,1e-05,8,lin,128,1.0,main,2,0.01,1e-05,0.001,2.0,5
1000,100,0.1,1e-05,8,lin,128,1.0,main,2,0.05,3e-06,0.01,3.5228787452803374,8
1000,100,0.1,1e-05,8,lin,128,1.0,main,2,0.1,1e-08,0.1,7.0,12
1000,100,0.1,1e-05,8,lin,128,1.0,main,2,0.5,1e-08,0.1,7.0,13
1000,100,0.1,1e-05,8,lin,128,1.0,main,2,1.0,1e-08,0.1,7.0,15
1000,100,0.1,1e-05,8,lin,128,1.0,main,4,0.01,1e-05,0.003,2.4771212547196626,6
1000,100,0.1,1e-05,8,lin,128,1.0,main,4,0.05,1e-08,0.1,7.0,12
1000,100,0.1,1e-05,8,lin,128,1.0,main,4,0.1,1e-08,0.1,7.0,13
1000,100,0.1,1e-05,8,lin,128,1.0,main,4,0.5,1e-08,0.1,7.0,15
1000,100,0.1,1e-05,8,lin,128,1.0,main,4,1.0,1e-08,0.1,7.0,15
1000,100,0.1,1e-05,8,lin,128,1.0,main,8,0.01,1e-05,0.01,3.0,7
1000,100,0.1,1e-05,8,lin,128,1.0,main,8,0.05,1e-08,0.1,7.0,13
1000,100,0.1,1e-05,8,lin,128,1.0,main,8,0.1,1e-08,0.1,7.0,13
1000,100,0.1,1e-05,8,lin,128,1.0,main,8,0.5,1e-08,0.1,7.0,15
1000,100,0.1,1e-05,8,lin,128,1.0,main,8,1.0,1e-08,0.1,7.0,15
1000,100,0.1,1e-05,8,lin,128,1.0,main,16,0.01,1e-08,0.1,7.0,12
1000,100,0.1,1e-05,8,lin,128,1.0,main,16,0.05,1e-08,0.1,7.0,13
1000,100,0.1,1e-05,8,lin,128,1.0,main,16,0.1,1e-08,0.1,7.0,15
1000,100,0.1,1e-05,8,lin,128,1.0,main,16,0.5,1e-08,0.1,7.0,15
1000,100,0.1,1e-05,8,lin,128,1.0,main,16,1.0,1e-08,0.1,7.0,15
1000,100,0.1,1e-05,8,nl,128,0.0,main,1,0.01,,,,0
1000,100,0.1,1e-05,8,nl,128,0.0,main,1,0.05,0.0001,0.0003,0.4771212547196624,2
1000,100,0.1,1e-05,8,nl,128,0.0,main,1,0.1,1e-07,0.03,5.477121254719663,7
1000,100,0.1,1e-05,8,nl,128,0.0,main,1,0.5,1e-08,0.1,7.0,14
1000,100,0.1,1e-05,8,nl,128,0.0,main,1,1.0,1e-08,0.1,7.0,14
1000,100,0.1,1e-05,8,nl,128,0.0,main,2,0.01,,,,0
1000,100,0.1,1e-05,8,nl,128,0.0,main,2,0.05,1e-07,0.03,5.477121254719663,7
1000,100,0.1,1e-05,8,nl,128,0.0,main,2,0.1,1e-08,0.1,7.0,13
1000,100,0.1,1e-05,8,nl,128,0.0,main,2,0.5,1e-08,0.1,7.0,14
1000,100,0.1,1e-05,8,nl,128,0.0,main,2,1.0,1e-08,0.1,7.0,15
1000,100,0.1,1e-05,8,nl,128,0.0,main,4,0.01,0.0001,0.0003,0.4771212547196624,2
1000,100,0.1,1e-05,8,nl,128,0.0,main,4,0.05,1e-08,0.1,7.0,13
1000,100,0.1,1e-05,8,nl,128,0.0,main,4,0.1,1e-08,0.1,7.0,13
1000,100,0.1,1e-05,8,nl,128,0.0,main,4,0.5,1e-08,0.1,7.0,15
1000,100,0.1,1e-05,8,nl,128,0.0,main,4,1.0,1e-08,0.1,7.0,15
1000,100,0.1,1e-05,8,nl,128,0.0,main,8,0.01,3e-05,0.001,1.5228787452803376,4
1000,100,0.1,1e-05,8,nl,128,0.0,main,8,0.05,1e-08,0.1,7.0,13
1000,100,0.1,1e-05,8,nl,128,0.0,main,8,0.1,1e-08,0.1,7.0,14
1000,100,0.1,1e-05,8,nl,128,0.0,main,8,0.5,1e-08,0.1,7.0,15
1000,100,0.1,1e-05,8,nl,128,0.0,main,8,1.0,1e-08,0.1,7.0,15
1000,100,0.1,1e-05,8,nl,128,0.0,main,16,0.01,1e-08,0.1,7.0,13
1000,100,0.1,1e-05,8,nl,128,0.0,main,16,0.05,1e-08,0.1,7.0,14
1000,100,0.1,1e-05,8,nl,128,0.0,main,16,0.1,1e-08,0.1,7.0,15
1000,100,0.1,1e-05,8,nl,128,0.0,main,16,0.5,1e-08,0.1,7.0,15
1000,100,0.1,1e-05,8,nl,128,0.0,main,16,1.0,1e-08,0.1,7.0,15
1000,100,0.1,1e-05,8,nl,128,1.0,main,1,0.01,,,,0
1000,100,0.1,1e-05,8,nl,128,1.0,main,1,0.05,3e-05,0.0003,0.9999999999999999,3
1000,100,0.1,1e-05,8,nl,128,1.0,main,1,0.1,1e-08,0.1,7.0,11
1000,100,0.1,1e-05,8,nl,128,1.0,main,1,0.5,1e-08,0.1,7.0,15
1000,100,0.1,1e-05,8,nl,128,1.0,main,1,1.0,1e-08,0.1,7.0,15
1000,100,0.1,1e-05,8,nl,128,1.0,main,2,0.01,0.0001,0.0001,0.0,1
1000,100,0.1,1e-05,8,nl,128,1.0,main,2,0.05,1e-08,0.1,7.0,11
1000,100,0.1,1e-05,8,nl,128,1.0,main,2,0.1,1e-08,0.1,7.0,14
1000,100,0.1,1e-05,8,nl,128,1.0,main,2,0.5,1e-08,0.1,7.0,15
1000,100,0.1,1e-05,8,nl,128,1.0,main,2,1.0,1e-08,0.1,7.0,15
1000,100,0.1,1e-05,8,nl,128,1.0,main,4,0.01,0.0001,0.0003,0.4771212547196624,2
1000,100,0.1,1e-05,8,nl,128,1.0,main,4,0.05,1e-08,0.1,7.0,14
1000,100,0.1,1e-05,8,nl,128,1.0,main,4,0.1,1e-08,0.1,7.0,14
1000,100,0.1,1e-05,8,nl,128,1.0,main,4,0.5,1e-08,0.1,7.0,15
1000,100,0.1,1e-05,8,nl,128,1.0,main,4,1.0,1e-08,0.1,7.0,15
1000,100,0.1,1e-05,8,nl,128,1.0,main,8,0.01,1e-08,0.03,6.477121254719663,8
1000,100,0.1,1e-05,8,nl,128,1.0,main,8,0.05,1e-08,0.1,7.0,14
1000,100,0.1,1e-05,8,nl,128,1.0,main,8,0.1,1e-08,0.1,7.0,15
1000,100,0.1,1e-05,8,nl,128,1.0,main,8,0.5,1e-08,0.1,7.0,15
1000,100,0.1,1e-05,8,nl,128,1.0,main,8,1.0,1e-08,0.1,7.0,15
1000,100,0.1,1e-05,8,nl,128,1.0,main,16,0.01,1e-08,0.1,7.0,13
1000,100,0.1,1e-05,8,nl,128,1.0,main,16,0.05,1e-08,0.1,7.0,15
1000,100,0.1,1e-05,8,nl,128,1.0,main,16,0.1,1e-08,0.1,7.0,15
1000,100,0.1,1e-05,8,nl,128,1.0,main,16,0.5,1e-08,0.1,7.0,15
1000,100,0.1,1e-05,8,nl,128,1.0,main,16,1.0,1e-08,0.1,7.0,15
1000,100,0.1,0.0001,4,lin,128,0.0,main,1,0.01,0.0001,0.0003,0.4771212547196624,2
1000,100,0.1,0.0001,4,lin,128,0.0,main,1,0.05,3e-05,0.001,1.5228787452803376,4
1000,100,0.1,0.0001,4,lin,128,0.0,main,1,0.1,3e-08,0.1,6.522878745280337,11
1000,100,0.1,0.0001,4,lin,128,0.0,main,1,0.5,1e-08,0.1,7.0,14
1000,100,0.1,0.0001,4,lin,128,0.0,main,1,1.0,1e-08,0.1,7.0,15
1000,100,0.1,0.0001,4,lin,128,0.0,main,2,0.01,0.0001,0.0003,0.4771212547196624,2
1000,100,0.1,0.0001,4,lin,128,0.0,main,2,0.05,3e-08,0.1,6.522878745280337,11
1000,100,0.1,0.0001,4,lin,128,0.0,main,2,0.1,1e-08,0.1,7.0,13
1000,100,0.1,0.0001,4,lin,128,0.0,main,2,0.5,1e-08,0.1,7.0,15
1000,100,0.1,0.0001,4,lin,128,0.0,main,2,1.0,1e-08,0.1,7.0,15
1000,100,0.1,0.0001,4,lin,128,0.0,main,4,0.01,3e-05,0.001,1.5228787452803376,4
1000,100,0.1,0.0001,4,lin,128,0.0,main,4,0.05,1e-08,0.1,7.0,13
1000,100,0.1,0.0001,4,lin,128,0.0,main,4,0.1,1e-08,0.1,7.0,13
1000,100,0.1,0.0001,4,lin,128,0.0,main,4,0.5,1e-08,0.1,7.0,15
1000,100,0.1,0.0001,4,lin,128,0.0,main,4,1.0,1e-08,0.1,7.0,15
1000,100,0.1,0.0001,4,lin,128,0.0,main,8,0.01,3e-05,0.01,2.5228787452803374,6
1000,100,0.1,0.0001,4,lin,128,0.0,main,8,0.05,1e-08,0.1,7.0,13
1000,100,0.1,0.0001,4,lin,128,0.0,main,8,0.1,1e-08,0.1,7.0,15
1000,100,0.1,0.0001,4,lin,128,0.0,main,8,0.5,1e-08,0.1,7.0,15
1000,100,0.1,0.0001,4,lin,128,0.0,main,8,1.0,1e-08,0.1,7.0,15
1000,100,0.1,0.0001,4,lin,128,0.0,main,16,0.01,1e-08,0.1,7.0,12
1000,100,0.1,0.0001,4,lin,128,0.0,main,16,0.05,1e-08,0.1,7.0,15
1000,100,0.1,0.0001,4,lin,128,0.0,main,16,0.1,1e-08,0.1,7.0,15
1000,100,0.1,0.0001,4,lin,128,0.0,main,16,0.5,1e-08,0.1,7.0,15
1000,100,0.1,0.0001,4,lin,128,0.0,main,16,1.0,1e-08,0.1,7.0,15
1000,100,0.1,0.0001,4,lin,128,1.0,main,1,0.01,0.0001,0.0001,0.0,1
1000,100,0.1,0.0001,4,lin,128,1.0,main,1,0.05,3e-05,0.001,1.5228787452803376,4
1000,100,0.1,0.0001,4,lin,128,1.0,main,1,0.1,3e-05,0.1,3.5228787452803374,6
1000,100,0.1,0.0001,4,lin,128,1.0,main,1,0.5,1e-08,0.1,7.0,10
1000,100,0.1,0.0001,4,lin,128,1.0,main,1,1.0,1e-08,0.1,7.0,10
1000,100,0.1,0.0001,4,lin,128,1.0,main,2,0.01,0.0001,0.0003,0.4771212547196624,2
1000,100,0.1,0.0001,4,lin,128,1.0,main,2,0.05,3e-05,0.1,3.5228787452803374,6
1000,100,0.1,0.0001,4,lin,128,1.0,main,2,0.1,1e-08,0.1,7.0,9
1000,100,0.1,0.0001,4,lin,128,1.0,main,2,0.5,1e-08,0.1,7.0,10
1000,100,0.1,0.0001,4,lin,128,1.0,main,2,1.0,1e-08,0.1,7.0,10
1000,100,0.1,0.0001,4,lin,128,1.0,main,4,0.01,0.0001,0.001,1.0,3
1000,100,0.1,0.0001,4,lin,128,1.0,main,4,0.05,1e-08,0.1,7.0,9
1000,100,0.1,0.0001,4,lin,128,1.0,main,4,0.1,1e-08,0.1,7.0,10
1000,100,0.1,0.0001,4,lin,128,1.0,main,4,0.5,1e-08,0.1,7.0,10
1000,100,0.1,0.0001,4,lin,128,1.0,main,4,1.0,1e-08,0.1,7.0,11
1000,100,0.1,0.0001,4,lin,128,1.0,main,8,0.01,3e-05,0.1,3.5228787452803374,5
1000,100,0.1,0.0001,4,lin,128,1.0,main,8,0.05,1e-08,0.1,7.0,10
1000,100,0.1,0.0001,4,lin,128,1.0,main,8,0.1,1e-08,0.1,7.0,10
1000,100,0.1,0.0001,4,lin,128,1.0,main,8,0.5,1e-08,0.1,7.0,11
1000,100,0.1,0.0001,4,lin,128,1.0,main,8,1.0,1e-08,0.1,7.0,11
1000,100,0.1,0.0001,4,lin,128,1.0,main,16,0.01,1e-08,0.1,7.0,9
1000,100,0.1,0.0001,4,lin,128,1.0,main,16,0.05,1e-08,0.1,7.0,10
1000,100,0.1,0.0001,4,lin,128,1.0,main,16,0.1,1e-08,0.1,7.0,10
1000,100,0.1,0.0001,4,lin,128,1.0,main,16,0.5,1e-08,0.1,7.0,11
1000,100,0.1,0.0001,4,lin,128,1.0,main,16,1.0,1e-08,0.1,7.0,12
1000,100,0.1,0.0001,4,nl,128,0.0,main,1,0.01,,,,0
1000,100,0.1,0.0001,4,nl,128,0.0,main,1,0.05,0.0001,0.0003,0.4771212547196624,2
1000,100,0.1,0.0001,4,nl,128,0.0,main,1,0.1,1e-08,0.003,5.477121254719663,6
1000,100,0.1,0.0001,4,nl,128,0.0,main,1,0.5,1e-08,0.1,7.0,12
1000,100,0.1,0.0001,4,nl,128,0.0,main,1,1.0,1e-08,0.1,7.0,13
1000,100,0.1,0.0001,4,nl,128,0.0,main,2,0.01,,,,0
1000,100,0.1,0.0001,4,nl,128,0.0,main,2,0.05,1e-08,0.003,5.477121254719663,6
1000,100,0.1,0.0001,4,nl,128,0.0,main,2,0.1,1e-08,0.1,7.0,11
1000,100,0.1,0.0001,4,nl,128,0.0,main,2,0.5,1e-08,0.1,7.0,13
1000,100,0.1,0.0001,4,nl,128,0.0,main,2,1.0,1e-08,0.1,7.0,13
1000,100,0.1,0.0001,4,nl,128,0.0,main,4,0.01,0.0001,0.0003,0.4771212547196624,2
1000,100,0.1,0.0001,4,nl,128,0.0,main,4,0.05,1e-08,0.1,7.0,11
1000,100,0.1,0.0001,4,nl,128,0.0,main,4,0.1,1e-08,0.1,7.0,12
1000,100,0.1,0.0001,4,nl,128,0.0,main,4,0.5,1e-08,0.1,7.0,13
1000,100,0.1,0.0001,4,nl,128,0.0,main,4,1.0,1e-08,0.1,7.0,13
1000,100,0.1,0.0001,4,nl,128,0.0,main,8,0.01,0.0001,0.0003,0.4771212547196624,2
1000,100,0.1,0.0001,4,nl,128,0.0,main,8,0.05,1e-08,0.1,7.0,12
1000,100,0.1,0.0001,4,nl,128,0.0,main,8,0.1,1e-08,0.1,7.0,12
1000,100,0.1,0.0001,4,nl,128,0.0,main,8,0.5,1e-08,0.1,7.0,13
1000,100,0.1,0.0001,4,nl,128,0.0,main,8,1.0,1e-08,0.1,7.0,14
1000,100,0.1,0.0001,4,nl,128,0.0,main,16,0.01,1e-08,0.1,7.0,11
1000,100,0.1,0.0001,4,nl,128,0.0,main,16,0.05,1e-08,0.1,7.0,12
1000,100,0.1,0.0001,4,nl,128,0.0,main,16,0.1,1e-08,0.1,7.0,13
1000,100,0.1,0.0001,4,nl,128,0.0,main,16,0.5,1e-08,0.1,7.0,14
1000,100,0.1,0.0001,4,nl,128,0.0,main,16,1.0,1e-08,0.1,7.0,15
1000,100,0.1,0.0001,4,nl,128,1.0,main,1,0.01,,,,0
1000,100,0.1,0.0001,4,nl,128,1.0,main,1,0.05,0.0003,0.001,0.5228787452803376,2
1000,100,0.1,0.0001,4,nl,128,1.0,main,1,0.1,1e-08,0.03,6.477121254719663,8
1000,100,0.1,0.0001,4,nl,128,1.0,main,1,0.5,1e-08,0.1,7.0,15
1000,100,0.1,0.0001,4,nl,128,1.0,main,1,1.0,1e-08,0.1,7.0,15
1000,100,0.1,0.0001,4,nl,128,1.0,main,2,0.01,0.0003,0.0003,0.0,1
1000,100,0.1,0.0001,4,nl,128,1.0,main,2,0.05,1e-08,0.03,6.477121254719663,8
1000,100,0.1,0.0001,4,nl,128,1.0,main,2,0.1,1e-08,0.1,7.0,13
1000,100,0.1,0.0001,4,nl,128,1.0,main,2,0.5,1e-08,0.1,7.0,15
1000,100,0.1,0.0001,4,nl,128,1.0,main,2,1.0,1e-08,0.1,7.0,15
1000,100,0.1,0.0001,4,nl,128,1.0,main,4,0.01,0.0003,0.001,0.5228787452803376,2
1000,100,0.1,0.0001,4,nl,128,1.0,main,4,0.05,1e-08,0.1,7.0,13
1000,100,0.1,0.0001,4,nl,128,1.0,main,4,0.1,1e-08,0.1,7.0,15
1000,100,0.1,0.0001,4,nl,128,1.0,main,4,0.5,1e-08,0.1,7.0,15
1000,100,0.1,0.0001,4,nl,128,1.0,main,4,1.0,1e-08,0.1,7.0,15
1000,100,0.1,0.0001,4,nl,128,1.0,main,8,0.01,0.0001,0.03,2.4771212547196626,4
1000,100,0.1,0.0001,4,nl,128,1.0,main,8,0.05,1e-08,0.1,7.0,15
1000,100,0.1,0.0001,4,nl,128,1.0,main,8,0.1,1e-08,0.1,7.0,15
1000,100,0.1,0.0001,4,nl,128,1.0,main,8,0.5,1e-08,0.1,7.0,15
1000,100,0.1,0.0001,4,nl,128,1.0,main,8,1.0,1e-08,0.1,7.0,15
1000,100,0.1,0.0001,4,nl,128,1.0,main,16,0.01,1e-08,0.1,7.0,13
1000,100,0.1,0.0001,4,nl,128,1.0,main,16,0.05,1e-08,0.1,7.0,15
1000,100,0.1,0.0001,4,nl,128,1.0,main,16,0.1,1e-08,0.1,7.0,15
1000,100,0.1,0.0001,4,nl,128,1.0,main,16,0.5,1e-08,0.1,7.0,15
1000,100,0.1,0.0001,4,nl,128,1.0,main,16,1.0,1e-08,0.1,7.0,15
1000,100,0.1,0.0001,8,lin,128,0.0,main,1,0.01,0.0001,0.003,1.4771212547196624,4
1000,100,0.1,0.0001,8,lin,128,0.0,main,1,0.05,3e-05,0.03,3.0,7
1000,100,0.1,0.0001,8,lin,128,0.0,main,1,0.1,1e-08,0.1,7.0,12
1000,100,0.1,0.0001,8,lin,128,0.0,main,1,0.5,1e-08,0.1,7.0,14
1000,100,0.1,0.0001,8,lin,128,0.0,main,1,1.0,1e-08,0.1,7.0,15
1000,100,0.1,0.0001,8,lin,128,0.0,main,2,0.01,0.0001,0.01,2.0,5
1000,100,0.1,0.0001,8,lin,128,0.0,main,2,0.05,1e-08,0.1,7.0,12
1000,100,0.1,0.0001,8,lin,128,0.0,main,2,0.1,1e-08,0.1,7.0,13
1000,100,0.1,0.0001,8,lin,128,0.0,main,2,0.5,1e-08,0.1,7.0,15
1000,100,0.1,0.0001,8,lin,128,0.0,main,2,1.0,1e-08,0.1,7.0,15
1000,100,0.1,0.0001,8,lin,128,0.0,main,4,0.01,0.0001,0.03,2.4771212547196626,6
1000,100,0.1,0.0001,8,lin,128,0.0,main,4,0.05,1e-08,0.1,7.0,13
1000,100,0.1,0.0001,8,lin,128,0.0,main,4,0.1,1e-08,0.1,7.0,13
1000,100,0.1,0.0001,8,lin,128,0.0,main,4,0.5,1e-08,0.1,7.0,15
1000,100,0.1,0.0001,8,lin,128,0.0,main,4,1.0,1e-08,0.1,7.0,15
1000,100,0.1,0.0001,8,lin,128,0.0,main,8,0.01,3e-05,0.1,3.5228787452803374,8
1000,100,0.1,0.0001,8,lin,128,0.0,main,8,0.05,1e-08,0.1,7.0,13
1000,100,0.1,0.0001,8,lin,128,0.0,main,8,0.1,1e-08,0.1,7.0,15
1000,100,0.1,0.0001,8,lin,128,0.0,main,8,0.5,1e-08,0.1,7.0,15
1000,100,0.1,0.0001,8,lin,128,0.0,main,8,1.0,1e-08,0.1,7.0,15
1000,100,0.1,0.0001,8,lin,128,0.0,main,16,0.01,1e-08,0.1,7.0,13
1000,100,0.1,0.0001,8,lin,128,0.0,main,16,0.05,1e-08,0.1,7.0,15
1000,100,0.1,0.0001,8,lin,128,0.0,main,16,0.1,1e-08,0.1,7.0,15
1000,100,0.1,0.0001,8,lin,128,0.0,main,16,0.5,1e-08,0.1,7.0,15
1000,100,0.1,0.0001,8,lin,128,0.0,main,16,1.0,1e-08,0.1,7.0,15
1000,100,0.1,0.0001,8,lin,128,1.0,main,1,0.01,0.0003,0.003,1.0,3
1000,100,0.1,0.0001,8,lin,128,1.0,main,1,0.05,0.0001,0.03,2.4771212547196626,6
1000,100,0.1,0.0001,8,lin,128,1.0,main,1,0.1,1e-08,0.1,7.0,9
1000,100,0.1,0.0001,8,lin,128,1.0,main,1,0.5,1e-08,0.1,7.0,11
1000,100,0.1,0.0001,8,lin,128,1.0,main,1,1.0,1e-08,0.1,7.0,11
1000,100,0.1,0.0001,8,lin,128,1.0,main,2,0.01,0.0001,0.01,2.0,5
1000,100,0.1,0.0001,8,lin,128,1.0,main,2,0.05,1e-08,0.1,7.0,9
1000,100,0.1,0.0001,8,lin,128,1.0,main,2,0.1,1e-08,0.1,7.0,11
1000,100,0.1,0.0001,8,lin,128,1.0,main,2,0.5,1e-08,0.1,7.0,11
1000,100,0.1,0.0001,8,lin,128,1.0,main,2,1.0,1e-08,0.1,7.0,12
1000,100,0.1,0.0001,8,lin,128,1.0,main,4,0.01,0.0001,0.01,2.0,5
1000,100,0.1,0.0001,8,lin,128,1.0,main,4,0.05,1e-08,0.1,7.0,11
1000,100,0.1,0.0001,8,lin,128,1.0,main,4,0.1,1e-08,0.1,7.0,11
1000,100,0.1,0.0001,8,lin,128,1.0,main,4,0.5,1e-08,0.1,7.0,12
1000,100,0.1,0.0001,8,lin,128,1.0,main,4,1.0,1e-08,0.1,7.0,12
1000,100,0.1,0.0001,8,lin,128,1.0,main,8,0.01,1e-07,0.1,6.0,8
1000,100,0.1,0.0001,8,lin,128,1.0,main,8,0.05,1e-08,0.1,7.0,11
1000,100,0.1,0.0001,8,lin,128,1.0,main,8,0.1,1e-08,0.1,7.0,11
1000,100,0.1,0.0001,8,lin,128,1.0,main,8,0.5,1e-08,0.1,7.0,12
1000,100,0.1,0.0001,8,lin,128,1.0,main,8,1.0,1e-08,0.1,7.0,13
1000,100,0.1,0.0001,8,lin,128,1.0,main,16,0.01,1e-08,0.1,7.0,10
1000,100,0.1,0.0001,8,lin,128,1.0,main,16,0.05,1e-08,0.1,7.0,11
1000,100,0.1,0.0001,8,lin,128,1.0,main,16,0.1,1e-08,0.1,7.0,12
1000,100,0.1,0.0001,8,lin,128,1.0,main,16,0.5,1e-08,0.1,7.0,13
1000,100,0.1,0.0001,8,lin,128,1.0,main,16,1.0,1e-08,0.1,7.0,15
1000,100,0.1,0.0001,8,nl,128,0.0,main,1,0.01,,,,0
1000,100,0.1,0.0001,8,nl,128,0.0,main,1,0.05,3e-05,0.003,2.0,5
1000,100,0.1,0.0001,8,nl,128,0.0,main,1,0.1,1e-08,0.1,7.0,10
1000,100,0.1,0.0001,8,nl,128,0.0,main,1,0.5,1e-08,0.1,7.0,13
1000,100,0.1,0.0001,8,nl,128,0.0,main,1,1.0,1e-08,0.1,7.0,14
1000,100,0.1,0.0001,8,nl,128,0.0,main,2,0.01,0.0003,0.003,1.0,3
1000,100,0.1,0.0001,8,nl,128,0.0,main,2,0.05,1e-08,0.1,7.0,10
1000,100,0.1,0.0001,8,nl,128,0.0,main,2,0.1,1e-08,0.1,7.0,13
1000,100,0.1,0.0001,8,nl,128,0.0,main,2,0.5,1e-08,0.1,7.0,14
1000,100,0.1,0.0001,8,nl,128,0.0,main,2,1.0,1e-08,0.1,7.0,15
1000,100,0.1,0.0001,8,nl,128,0.0,main,4,0.01,3e-05,0.003,2.0,5
1000,100,0.1,0.0001,8,nl,128,0.0,main,4,0.05,1e-08,0.1,7.0,13
1000,100,0.1,0.0001,8,nl,128,0.0,main,4,0.1,1e-08,0.1,7.0,13
1000,100,0.1,0.0001,8,nl,128,0.0,main,4,0.5,1e-08,0.1,7.0,15
1000,100,0.1,0.0001,8,nl,128,0.0,main,4,1.0,1e-08,0.1,7.0,15
1000,100,0.1,0.0001,8,nl,128,0.0,main,8,0.01,1e-08,0.1,7.0,10
1000,100,0.1,0.0001,8,nl,128,0.0,main,8,0.05,1e-08,0.1,7.0,13
1000,100,0.1,0.0001,8,nl,128,0.0,main,8,0.1,1e-08,0.1,7.0,14
1000,100,0.1,0.0001,8,nl,128,0.0,main,8,0.5,1e-08,0.1,7.0,15
1000,100,0.1,0.0001,8,nl,128,0.0,main,8,1.0,1e-08,0.1,7.0,15
1000,100,0.1,0.0001,8,nl,128,0.0,main,16,0.01,1e-08,0.1,7.0,12
1000,100,0.1,0.0001,8,nl,128,0.0,main,16,0.05,1e-08,0.1,7.0,14
1000,100,0.1,0.0001,8,nl,128,0.0,main,16,0.1,1e-08,0.1,7.0,14
1000,100,0.1,0.0001,8,nl,128,0.0,main,16,0.5,1e-08,0.1,7.0,15
1000,100,0.1,0.0001,8,nl,128,0.0,main,16,1.0,1e-08,0.1,7.0,15
1000,100,0.1,0.0001,8,nl,128,1.0,main,1,0.01,,,,0
1000,100,0.1,0.0001,8,nl,128,1.0,main,1,0.05,0.0001,0.01,2.0,5
1000,100,0.1,0.0001,8,nl,128,1.0,main,1,0.1,1e-08,0.1,7.0,9
1000,100,0.1,0.0001,8,nl,128,1.0,main,1,0.5,1e-08,0.1,7.0,10
1000,100,0.1,0.0001,8,nl,128,1.0,main,1,1.0,1e-08,0.1,7.0,11
1000,100,0.1,0.0001,8,nl,128,1.0,main,2,0.01,0.0003,0.0003,0.0,1
1000,100,0.1,0.0001,8,nl,128,1.0,main,2,0.05,1e-08,0.1,7.0,9
1000,100,0.1,0.0001,8,nl,128,1.0,main,2,0.1,1e-08,0.1,7.0,10
1000,100,0.1,0.0001,8,nl,128,1.0,main,2,0.5,1e-08,0.1,7.0,11
1000,100,0.1,0.0001,8,nl,128,1.0,main,2,1.0,1e-08,0.1,7.0,11
1000,100,0.1,0.0001,8,nl,128,1.0,main,4,0.01,0.0001,0.01,2.0,5
1000,100,0.1,0.0001,8,nl,128,1.0,main,4,0.05,1e-08,0.1,7.0,10
1000,100,0.1,0.0001,8,nl,128,1.0,main,4,0.1,1e-08,0.1,7.0,10
1000,100,0.1,0.0001,8,nl,128,1.0,main,4,0.5,1e-08,0.1,7.0,11
1000,100,0.1,0.0001,8,nl,128,1.0,main,4,1.0,1e-08,0.1,7.0,12
1000,100,0.1,0.0001,8,nl,128,1.0,main,8,0.01,3e-05,0.1,3.5228787452803374,8
1000,100,0.1,0.0001,8,nl,128,1.0,main,8,0.05,1e-08,0.1,7.0,10
1000,100,0.1,0.0001,8,nl,128,1.0,main,8,0.1,1e-08,0.1,7.0,11
1000,100,0.1,0.0001,8,nl,128,1.0,main,8,0.5,1e-08,0.1,7.0,12
1000,100,0.1,0.0001,8,nl,128,1.0,main,8,1.0,1e-08,0.1,7.0,13
1000,100,0.1,0.0001,8,nl,128,1.0,main,16,0.01,1e-08,0.1,7.0,9
1000,100,0.1,0.0001,8,nl,128,1.0,main,16,0.05,1e-08,0.1,7.0,11
1000,100,0.1,0.0001,8,nl,128,1.0,main,16,0.1,1e-08,0.1,7.0,11
1000,100,0.1,0.0001,8,nl,128,1.0,main,16,0.5,1e-08,0.1,7.0,13
1000,100,0.1,0.0001,8,nl,128,1.0,main,16,1.0,1e-08,0.1,7.0,13
1000,100,0.1,0.001,4,lin,128,0.0,main,1,0.01,0.001,0.003,0.47712125471966244,2
1000,100,0.1,0.001,4,lin,128,0.0,main,1,0.05,0.0003,0.01,1.5228787452803376,4
1000,100,0.1,0.001,4,lin,128,0.0,main,1,0.1,1e-08,0.1,7.0,9
1000,100,0.1,0.001,4,lin,128,0.0,main,1,0.5,1e-08,0.1,7.0,13
1000,100,0.1,0.001,4,lin,128,0.0,main,1,1.0,1e-08,0.1,7.0,14
1000,100,0.1,0.001,4,lin,128,0.0,main,2,0.01,0.001,0.01,1.0,3
1000,100,0.1,0.001,4,lin,128,0.0,main,2,0.05,1e-08,0.1,7.0,9
1000,100,0.1,0.001,4,lin,128,0.0,main,2,0.1,1e-08,0.1,7.0,10
1000,100,0.1,0.001,4,lin,128,0.0,main,2,0.5,1e-08,0.1,7.0,14
1000,100,0.1,0.001,4,lin,128,0.0,main,2,1.0,1e-08,0.1,7.0,15
1000,100,0.1,0.001,4,lin,128,0.0,main,4,0.01,0.0003,0.01,1.5228787452803376,4
1000,100,0.1,0.001,4,lin,128,0.0,main,4,0.05,1e-08,0.1,7.0,10
1000,100,0.1,0.001,4,lin,128,0.0,main,4,0.1,1e-08,0.1,7.0,13
1000,100,0.1,0.001,4,lin,128,0.0,main,4,0.5,1e-08,0.1,7.0,15
1000,100,0.1,0.001,4,lin,128,0.0,main,4,1.0,1e-08,0.1,7.0,15
1000,100,0.1,0.001,4,lin,128,0.0,main,8,0.01,3e-07,0.1,5.522878745280337,7
1000,100,0.1,0.001,4,lin,128,0.0,main,8,0.05,1e-08,0.1,7.0,13
1000,100,0.1,0.001,4,lin,128,0.0,main,8,0.1,1e-08,0.1,7.0,14
1000,100,0.1,0.001,4,lin,128,0.0,main,8,0.5,1e-08,0.1,7.0,15
1000,100,0.1,0.001,4,lin,128,0.0,main,8,1.0,1e-08,0.1,7.0,15
1000,100,0.1,0.001,4,lin,128,0.0,main,16,0.01,1e-08,0.1,7.0,10
1000,100,0.1,0.001,4,lin,128,0.0,main,16,0.05,1e-08,0.1,7.0,14
1000,100,0.1,0.001,4,lin,128,0.0,main,16,0.1,1e-08,0.1,7.0,15
1000,100,0.1,0.001,4,lin,128,0.0,main,16,0.5,1e-08,0.1,7.0,15
1000,100,0.1,0.001,4,lin,128,0.0,main,16,1.0,1e-08,0.1,7.0,15
1000,100,0.1,0.001,4,lin,128,1.0,main,1,0.01,0.001,0.003,0.47712125471966244,2
1000,100,0.1,0.001,4,lin,128,1.0,main,1,0.05,0.001,0.01,1.0,3
1000,100,0.1,0.001,4,lin,128,1.0,main,1,0.1,3e-08,0.1,6.522878745280337,7
1000,100,0.1,0.001,4,lin,128,1.0,main,1,0.5,1e-08,0.1,7.0,10
1000,100,0.1,0.001,4,lin,128,1.0,main,1,1.0,1e-08,0.1,7.0,10
1000,100,0.1,0.001,4,lin,128,1.0,main,2,0.01,0.001,0.003,0.47712125471966244,2
1000,100,0.1,0.001,4,lin,128,1.0,main,2,0.05,3e-08,0.1,6.522878745280337,7
1000,100,0.1,0.001,4,lin,128,1.0,main,2,0.1,1e-08,0.1,7.0,9
1000,100,0.1,0.001,4,lin,128,1.0,main,2,0.5,1e-08,0.1,7.0,10
1000,100,0.1,0.001,4,lin,128,1.0,main,2,1.0,1e-08,0.1,7.0,10
1000,100,0.1,0.001,4,lin,128,1.0,main,4,0.01,0.001,0.01,1.0,3
1000,100,0.1,0.001,4,lin,128,1.0,main,4,0.05,1e-08,0.1,7.0,9
1000,100,0.1,0.001,4,lin,128,1.0,main,4,0.1,1e-08,0.1,7.0,9
1000,100,0.1,0.001,4,lin,128,1.0,main,4,0.5,1e-08,0.1,7.0,10
1000,100,0.1,0.001,4,lin,128,1.0,main,4,1.0,1e-08,0.1,7.0,11
1000,100,0.1,0.001,4,lin,128,1.0,main,8,0.01,0.0003,0.03,2.0,5
1000,100,0.1,0.001,4,lin,128,1.0,main,8,0.05,1e-08,0.1,7.0,9
1000,100,0.1,0.001,4,lin,128,1.0,main,8,0.1,1e-08,0.1,7.0,10
1000,100,0.1,0.001,4,lin,128,1.0,main,8,0.5,1e-08,0.1,7.0,11
1000,100,0.1,0.001,4,lin,128,1.0,main,8,1.0,1e-08,0.1,7.0,11
1000,100,0.1,0.001,4,lin,128,1.0,main,16,0.01,1e-08,0.1,7.0,9
1000,100,0.1,0.001,4,lin,128,1.0,main,16,0.05,1e-08,0.1,7.0,10
1000,100,0.1,0.001,4,lin,128,1.0,main,16,0.1,1e-08,0.1,7.0,10
1000,100,0.1,0.001,4,lin,128,1.0,main,16,0.5,1e-08,0.1,7.0,11
1000,100,0.1,0.001,4,lin,128,1.0,main,16,1.0,1e-08,0.1,7.0,13
1000,100,0.1,0.001,4,nl,128,0.0,main,1,0.01,,,,0
1000,100,0.1,0.001,4,nl,128,0.0,main,1,0.05,0.0003,0.003,1.0,3
1000,100,0.1,0.001,4,nl,128,0.0,main,1,0.1,1e-08,0.1,7.0,10
1000,100,0.1,0.001,4,nl,128,0.0,main,1,0.5,1e-08,0.1,7.0,13
1000,100,0.1,0.001,4,nl,128,0.0,main,1,1.0,1e-08,0.1,7.0,15
1000,100,0.1,0.001,4,nl,128,0.0,main,2,0.01,,,,0
1000,100,0.1,0.001,4,nl,128,0.0,main,2,0.05,1e-08,0.1,7.0,10
1000,100,0.1,0.001,4,nl,128,0.0,main,2,0.1,1e-08,0.1,7.0,12
1000,100,0.1,0.001,4,nl,128,0.0,main,2,0.5,1e-08,0.1,7.0,15
1000,100,0.1,0.001,4,nl,128,0.0,main,2,1.0,1e-08,0.1,7.0,15
1000,100,0.1,0.001,4,nl,128,0.0,main,4,0.01,0.0003,0.003,1.0,3
1000,100,0.1,0.001,4,nl,128,0.0,main,4,0.05,1e-08,0.1,7.0,12
1000,100,0.1,0.001,4,nl,128,0.0,main,4,0.1,1e-08,0.1,7.0,13
1000,100,0.1,0.001,4,nl,128,0.0,main,4,0.5,1e-08,0.1,7.0,15
1000,100,0.1,0.001,4,nl,128,0.0,main,4,1.0,1e-08,0.1,7.0,15
1000,100,0.1,0.001,4,nl,128,0.0,main,8,0.01,3e-08,0.1,6.522878745280337,7
1000,100,0.1,0.001,4,nl,128,0.0,main,8,0.05,1e-08,0.1,7.0,13
1000,100,0.1,0.001,4,nl,128,0.0,main,8,0.1,1e-08,0.1,7.0,15
1000,100,0.1,0.001,4,nl,128,0.0,main,8,0.5,1e-08,0.1,7.0,15
1000,100,0.1,0.001,4,nl,128,0.0,main,8,1.0,1e-08,0.1,7.0,15
1000,100,0.1,0.001,4,nl,128,0.0,main,16,0.01,1e-08,0.1,7.0,12
1000,100,0.1,0.001,4,nl,128,0.0,main,16,0.05,1e-08,0.1,7.0,15
1000,100,0.1,0.001,4,nl,128,0.0,main,16,0.1,1e-08,0.1,7.0,15
1000,100,0.1,0.001,4,nl,128,0.0,main,16,0.5,1e-08,0.1,7.0,15
1000,100,0.1,0.001,4,nl,128,0.0,main,16,1.0,1e-08,0.1,7.0,15
1000,100,0.1,0.001,4,nl,128,1.0,main,1,0.01,,,,0
1000,100,0.1,0.001,4,nl,128,1.0,main,1,0.05,0.003,0.03,1.0,3
1000,100,0.1,0.001,4,nl,128,1.0,main,1,0.1,1e-08,0.1,7.0,9
1000,100,0.1,0.001,4,nl,128,1.0,main,1,0.5,1e-08,0.1,7.0,12
1000,100,0.1,0.001,4,nl,128,1.0,main,1,1.0,1e-08,0.1,7.0,12
1000,100,0.1,0.001,4,nl,128,1.0,main,2,0.01,0.003,0.01,0.5228787452803376,2
1000,100,0.1,0.001,4,nl,128,1.0,main,2,0.05,1e-08,0.1,7.0,9
1000,100,0.1,0.001,4,nl,128,1.0,main,2,0.1,1e-08,0.1,7.0,9
1000,100,0.1,0.001,4,nl,128,1.0,main,2,0.5,1e-08,0.1,7.0,12
1000,100,0.1,0.001,4,nl,128,1.0,main,2,1.0,1e-08,0.1,7.0,13
1000,100,0.1,0.001,4,nl,128,1.0,main,4,0.01,0.003,0.03,1.0,3
1000,100,0.1,0.001,4,nl,128,1.0,main,4,0.05,1e-08,0.1,7.0,9
1000,100,0.1,0.001,4,nl,128,1.0,main,4,0.1,1e-08,0.1,7.0,12
1000,100,0.1,0.001,4,nl,128,1.0,main,4,0.5,1e-08,0.1,7.0,13
1000,100,0.1,0.001,4,nl,128,1.0,main,4,1.0,1e-08,0.1,7.0,15
1000,100,0.1,0.001,4,nl,128,1.0,main,8,0.01,1e-08,0.1,7.0,8
1000,100,0.1,0.001,4,nl,128,1.0,main,8,0.05,1e-08,0.1,7.0,12
1000,100,0.1,0.001,4,nl,128,1.0,main,8,0.1,1e-08,0.1,7.0,12
1000,100,0.1,0.001,4,nl,128,1.0,main,8,0.5,1e-08,0.1,7.0,15
1000,100,0.1,0.001,4,nl,128,1.0,main,8,1.0,1e-08,0.1,7.0,15
1000,100,0.1,0.001,4,nl,128,1.0,main,16,0.01,1e-08,0.1,7.0,9
1000,100,0.1,0.001,4,nl,128,1.0,main,16,0.05,1e-08,0.1,7.0,12
1000,100,0.1,0.001,4,nl,128,1.0,main,16,0.1,1e-08,0.1,7.0,13
1000,100,0.1,0.001,4,nl,128,1.0,main,16,0.5,1e-08,0.1,7.0,15
1000,100,0.1,0.001,4,nl,128,1.0,main,16,1.0,1e-08,0.1,7.0,15
1000,100,0.1,0.001,8,lin,128,0.0,main,1,0.01,0.001,0.1,2.0,5
1000,100,0.1,0.001,8,lin,128,0.0,main,1,0.05,0.001,0.1,2.0,5
1000,100,0.1,0.001,8,lin,128,0.0,main,1,0.1,0.0003,0.1,2.5228787452803374,6
1000,100,0.1,0.001,8,lin,128,0.0,main,1,0.5,0.0003,0.1,2.5228787452803374,6
1000,100,0.1,0.001,8,lin,128,0.0,main,1,1.0,0.0001,0.1,3.0,7
1000,100,0.1,0.001,8,lin,128,0.0,main,2,0.01,0.001,0.1,2.0,5
1000,100,0.1,0.001,8,lin,128,0.0,main,2,0.05,0.0003,0.1,2.5228787452803374,6
1000,100,0.1,0.001,8,lin,128,0.0,main,2,0.1,0.0003,0.1,2.5228787452803374,6
1000,100,0.1,0.001,8,lin,128,0.0,main,2,0.5,0.0001,0.1,3.0,7
1000,100,0.1,0.001,8,lin,128,0.0,main,2,1.0,0.0001,0.1,3.0,7
1000,100,0.1,0.001,8,lin,128,0.0,main,4,0.01,0.001,0.1,2.0,5
1000,100,0.1,0.001,8,lin,128,0.0,main,4,0.05,0.0003,0.1,2.5228787452803374,6
1000,100,0.1,0.001,8,lin,128,0.0,main,4,0.1,0.0003,0.1,2.5228787452803374,6
1000,100,0.1,0.001,8,lin,128,0.0,main,4,0.5,0.0001,0.1,3.0,7
1000,100,0.1,0.001,8,lin,128,0.0,main,4,1.0,0.0001,0.1,3.0,7
1000,100,0.1,0.001,8,lin,128,0.0,main,8,0.01,0.0003,0.1,2.5228787452803374,6
1000,100,0.1,0.001,8,lin,128,0.0,main,8,0.05,0.0003,0.1,2.5228787452803374,6
1000,100,0.1,0.001,8,lin,128,0.0,main,8,0.1,0.0001,0.1,3.0,7
1000,100,0.1,0.001,8,lin,128,0.0,main,8,0.5,0.0001,0.1,3.0,7
1000,100,0.1,0.001,8,lin,128,0.0,main,8,1.0,3e-05,0.1,3.5228787452803374,8
1000,100,0.1,0.001,8,lin,128,0.0,main,16,0.01,0.0003,0.1,2.5228787452803374,6
1000,100,0.1,0.001,8,lin,128,0.0,main,16,0.05,0.0001,0.1,3.0,7
1000,100,0.1,0.001,8,lin,128,0.0,main,16,0.1,0.0001,0.1,3.0,7
1000,100,0.1,0.001,8,lin,128,0.0,main,16,0.5,3e-05,0.1,3.5228787452803374,8
1000,100,0.1,0.001,8,lin,128,0.0,main,16,1.0,1e-05,0.1,4.0,9
1000,100,0.1,0.001,8,lin,128,1.0,main,1,0.01,0.001,0.03,1.4771212547196624,4
1000,100,0.1,0.001,8,lin,128,1.0,main,1,0.05,0.0003,0.1,2.5228787452803374,6
1000,100,0.1,0.001,8,lin,128,1.0,main,1,0.1,1e-08,0.1,7.0,9
1000,100,0.1,0.001,8,lin,128,1.0,main,1,0.5,1e-08,0.1,7.0,13
1000,100,0.1,0.001,8,lin,128,1.0,main,1,1.0,1e-08,0.1,7.0,14
1000,100,0.1,0.001,8,lin,128,1.0,main,2,0.01,0.0003,0.03,2.0,5
1000,100,0.1,0.001,8,lin,128,1.0,main,2,0.05,1e-08,0.1,7.0,9
1000,100,0.1,0.001,8,lin,128,1.0,main,2,0.1,1e-08,0.1,7.0,12
1000,100,0.1,0.001,8,lin,128,1.0,main,2,0.5,1e-08,0.1,7.0,14
1000,100,0.1,0.001,8,lin,128,1.0,main,2,1.0,1e-08,0.1,7.0,15
1000,100,0.1,0.001,8,lin,128,1.0,main,4,0.01,0.0003,0.1,2.5228787452803374,6
1000,100,0.1,0.001,8,lin,128,1.0,main,4,0.05,1e-08,0.1,7.0,12
1000,100,0.1,0.001,8,lin,128,1.0,main,4,0.1,1e-08,0.1,7.0,13
1000,100,0.1,0.001,8,lin,128,1.0,main,4,0.5,1e-08,0.1,7.0,15
1000,100,0.1,0.001,8,lin,128,1.0,main,4,1.0,1e-08,0.1,7.0,15
1000,100,0.1,0.001,8,lin,128,1.0,main,8,0.01,0.0003,0.1,2.5228787452803374,6
1000,100,0.1,0.001,8,lin,128,1.0,main,8,0.05,1e-08,0.1,7.0,13
1000,100,0.1,0.001,8,lin,128,1.0,main,8,0.1,1e-08,0.1,7.0,14
1000,100,0.1,0.001,8,lin,128,1.0,main,8,0.5,1e-08,0.1,7.0,15
1000,100,0.1,0.001,8,lin,128,1.0,main,8,1.0,1e-08,0.1,7.0,15
1000,100,0.1,0.001,8,lin,128,1.0,main,16,0.01,1e-08,0.1,7.0,12
1000,100,0.1,0.001,8,lin,128,1.0,main,16,0.05,1e-08,0.1,7.0,14
1000,100,0.1,0.001,8,lin,128,1.0,main,16,0.1,1e-08,0.1,7.0,15
1000,100,0.1,0.001,8,lin,128,1.0,main,16,0.5,1e-08,0.1,7.0,15
1000,100,0.1,0.001,8,lin,128,1.0,main,16,1.0,1e-08,0.1,7.0,15
1000,100,0.1,0.001,8,nl,128,0.0,main,1,0.01,,,,0
1000,100,0.1,0.001,8,nl,128,0.0,main,1,0.05,0.001,0.03,1.4771212547196624,4
1000,100,0.1,0.001,8,nl,128,0.0,main,1,0.1,1e-08,0.1,7.0,11
1000,100,0.1,0.001,8,nl,128,0.0,main,1,0.5,1e-08,0.1,7.0,12
1000,100,0.1,0.001,8,nl,128,0.0,main,1,1.0,1e-08,0.1,7.0,14
1000,100,0.1,0.001,8,nl,128,0.0,main,2,0.01,0.03,0.03,0.0,1
1000,100,0.1,0.001,8,nl,128,0.0,main,2,0.05,1e-08,0.1,7.0,11
1000,100,0.1,0.001,8,nl,128,0.0,main,2,0.1,1e-08,0.1,7.0,12
1000,100,0.1,0.001,8,nl,128,0.0,main,2,0.5,1e-08,0.1,7.0,14
1000,100,0.1,0.001,8,nl,128,0.0,main,2,1.0,1e-08,0.1,7.0,15
1000,100,0.1,0.001,8,nl,128,0.0,main,4,0.01,0.001,0.03,1.4771212547196624,4
1000,100,0.1,0.001,8,nl,128,0.0,main,4,0.05,1e-08,0.1,7.0,12
1000,100,0.1,0.001,8,nl,128,0.0,main,4,0.1,1e-08,0.1,7.0,12
1000,100,0.1,0.001,8,nl,128,0.0,main,4,0.5,1e-08,0.1,7.0,15
1000,100,0.1,0.001,8,nl,128,0.0,main,4,1.0,1e-08,0.1,7.0,15
1000,100,0.1,0.001,8,nl,128,0.0,main,8,0.01,1e-08,0.1,7.0,10
1000,100,0.1,0.001,8,nl,128,0.0,main,8,0.05,1e-08,0.1,7.0,12
1000,100,0.1,0.001,8,nl,128,0.0,main,8,0.1,1e-08,0.1,7.0,14
1000,100,0.1,0.001,8,nl,128,0.0,main,8,0.5,1e-08,0.1,7.0,15
1000,100,0.1,0.001,8,nl,128,0.0,main,8,1.0,1e-08,0.1,7.0,15
1000,100,0.1,0.001,8,nl,128,0.0,main,16,0.01,1e-08,0.1,7.0,11
1000,100,0.1,0.001,8,nl,128,0.0,main,16,0.05,1e-08,0.1,7.0,14
1000,100,0.1,0.001,8,nl,128,0.0,main,16,0.1,1e-08,0.1,7.0,14
1000,100,0.1,0.001,8,nl,128,0.0,main,16,0.5,1e-08,0.1,7.0,15
1000,100,0.1,0.001,8,nl,128,0.0,main,16,1.0,1e-08,0.1,7.0,15
1000,100,0.1,0.001,8,nl,128,1.0,main,1,0.01,,,,0
1000,100,0.1,0.001,8,nl,128,1.0,main,1,0.05,0.001,0.03,1.4771212547196624,4
1000,100,0.1,0.001,8,nl,128,1.0,main,1,0.1,0.0003,0.1,2.5228787452803374,6
1000,100,0.1,0.001,8,nl,128,1.0,main,1,0.5,1e-08,0.1,7.0,12
1000,100,0.1,0.001,8,nl,128,1.0,main,1,1.0,1e-08,0.1,7.0,13
1000,100,0.1,0.001,8,nl,128,1.0,main,2,0.01,,,,0
1000,100,0.1,0.001,8,nl,128,1.0,main,2,0.05,0.0003,0.1,2.5228787452803374,6
1000,100,0.1,0.001,8,nl,128,1.0,main,2,0.1,1e-08,0.1,7.0,11
1000,100,0.1,0.001,8,nl,128,1.0,main,2,0.5,1e-08,0.1,7.0,13
1000,100,0.1,0.001,8,nl,128,1.0,main,2,1.0,1e-08,0.1,7.0,13
1000,100,0.1,0.001,8,nl,128,1.0,main,4,0.01,0.001,0.03,1.4771212547196624,4
1000,100,0.1,0.001,8,nl,128,1.0,main,4,0.05,1e-08,0.1,7.0,11
1000,100,0.1,0.001,8,nl,128,1.0,main,4,0.1,1e-08,0.1,7.0,12
1000,100,0.1,0.001,8,nl,128,1.0,main,4,0.5,1e-08,0.1,7.0,13
1000,100,0.1,0.001,8,nl,128,1.0,main,4,1.0,1e-08,0.1,7.0,14
1000,100,0.1,0.001,8,nl,128,1.0,main,8,0.01,0.001,0.1,2.0,5
1000,100,0.1,0.001,8,nl,128,1.0,main,8,0.05,1e-08,0.1,7.0,12
1000,100,0.1,0.001,8,nl,128,1.0,main,8,0.1,1e-08,0.1,7.0,13
1000,100,0.1,0.001,8,nl,128,1.0,main,8,0.5,1e-08,0.1,7.0,14
1000,100,0.1,0.001,8,nl,128,1.0,main,8,1.0,1e-08,0.1,7.0,15
1000,100,0.1,0.001,8,nl,128,1.0,main,16,0.01,1e-08,0.1,7.0,10
1000,100,0.1,0.001,8,nl,128,1.0,main,16,0.05,1e-08,0.1,7.0,13
1000,100,0.1,0.001,8,nl,128,1.0,main,16,0.1,1e-08,0.1,7.0,13
1000,100,0.1,0.001,8,nl,128,1.0,main,16,0.5,1e-08,0.1,7.0,15
1000,100,0.1,0.001,8,nl,128,1.0,main,16,1.0,1e-08,0.1,7.0,15
1000,100,0.1,0.01,4,lin,128,0.0,main,1,0.01,0.01,0.03,0.47712125471966244,2
1000,100,0.1,0.01,4,lin,128,0.0,main,1,0.05,0.003,0.1,1.5228787452803376,4
1000,100,0.1,0.01,4,lin,128,0.0,main,1,0.1,1e-08,0.1,7.0,10
1000,100,0.1,0.01,4,lin,128,0.0,main,1,0.5,1e-08,0.1,7.0,12
1000,100,0.1,0.01,4,lin,128,0.0,main,1,1.0,1e-08,0.1,7.0,15
1000,100,0.1,0.01,4,lin,128,0.0,main,2,0.01,0.01,0.03,0.47712125471966244,2
1000,100,0.1,0.01,4,lin,128,0.0,main,2,0.05,1e-08,0.1,7.0,10
1000,100,0.1,0.01,4,lin,128,0.0,main,2,0.1,1e-08,0.1,7.0,11
1000,100,0.1,0.01,4,lin,128,0.0,main,2,0.5,1e-08,0.1,7.0,15
1000,100,0.1,0.01,4,lin,128,0.0,main,2,1.0,1e-08,0.1,7.0,15
1000,100,0.1,0.01,4,lin,128,0.0,main,4,0.01,0.01,0.1,1.0,3
1000,100,0.1,0.01,4,lin,128,0.0,main,4,0.05,1e-08,0.1,7.0,11
1000,100,0.1,0.01,4,lin,128,0.0,main,4,0.1,1e-08,0.1,7.0,12
1000,100,0.1,0.01,4,lin,128,0.0,main,4,0.5,1e-08,0.1,7.0,15
1000,100,0.1,0.01,4,lin,128,0.0,main,4,1.0,1e-08,0.1,7.0,15
1000,100,0.1,0.01,4,lin,128,0.0,main,8,0.01,3e-07,0.1,5.522878745280337,6
1000,100,0.1,0.01,4,lin,128,0.0,main,8,0.05,1e-08,0.1,7.0,12
1000,100,0.1,0.01,4,lin,128,0.0,main,8,0.1,1e-08,0.1,7.0,13
1000,100,0.1,0.01,4,lin,128,0.0,main,8,0.5,1e-08,0.1,7.0,15
1000,100,0.1,0.01,4,lin,128,0.0,main,8,1.0,1e-08,0.1,7.0,15
1000,100,0.1,0.01,4,lin,128,0.0,main,16,0.01,1e-08,0.1,7.0,11
1000,100,0.1,0.01,4,lin,128,0.0,main,16,0.05,1e-08,0.1,7.0,13
1000,100,0.1,0.01,4,lin,128,0.0,main,16,0.1,1e-08,0.1,7.0,15
1000,100,0.1,0.01,4,lin,128,0.0,main,16,0.5,1e-08,0.1,7.0,15
1000,100,0.1,0.01,4,lin,128,0.0,main,16,1.0,1e-08,0.1,7.0,15
1000,100,0.1,0.01,4,lin,128,1.0,main,1,0.01,0.01,0.03,0.47712125471966244,2
1000,100,0.1,0.01,4,lin,128,1.0,main,1,0.05,0.003,0.1,1.5228787452803376,4
1000,100,0.1,0.01,4,lin,128,1.0,main,1,0.1,1e-08,0.1,7.0,14
1000,100,0.1,0.01,4,lin,128,1.0,main,1,0.5,1e-08,0.1,7.0,15
1000,100,0.1,0.01,4,lin,128,1.0,main,1,1.0,1e-08,0.1,7.0,15
1000,100,0.1,0.01,4,lin,128,1.0,main,2,0.01,0.01,0.1,1.0,3
1000,100,0.1,0.01,4,lin,128,1.0,main,2,0.05,1e-08,0.1,7.0,14
1000,100,0.1,0.01,4,lin,128,1.0,main,2,0.1,1e-08,0.1,7.0,15
1000,100,0.1,0.01,4,lin,128,1.0,main,2,0.5,1e-08,0.1,7.0,15
1000,100,0.1,0.01,4,lin,128,1.0,main,2,1.0,1e-08,0.1,7.0,15
1000,100,0.1,0.01,4,lin,128,1.0,main,4,0.01,0.01,0.1,1.0,3
1000,100,0.1,0.01,4,lin,128,1.0,main,4,0.05,1e-08,0.1,7.0,15
1000,100,0.1,0.01,4,lin,128,1.0,main,4,0.1,1e-08,0.1,7.0,15
1000,100,0.1,0.01,4,lin,128,1.0,main,4,0.5,1e-08,0.1,7.0,15
1000,100,0.1,0.01,4,lin,128,1.0,main,4,1.0,1e-08,0.1,7.0,15
1000,100,0.1,0.01,4,lin,128,1.0,main,8,0.01,1e-08,0.1,7.0,11
1000,100,0.1,0.01,4,lin,128,1.0,main,8,0.05,1e-08,0.1,7.0,15
1000,100,0.1,0.01,4,lin,128,1.0,main,8,0.1,1e-08,0.1,7.0,15
1000,100,0.1,0.01,4,lin,128,1.0,main,8,0.5,1e-08,0.1,7.0,15
1000,100,0.1,0.01,4,lin,128,1.0,main,8,1.0,1e-08,0.1,7.0,15
1000,100,0.1,0.01,4,lin,128,1.0,main,16,0.01,1e-08,0.1,7.0,15
1000,100,0.1,0.01,4,lin,128,1.0,main,16,0.05,1e-08,0.1,7.0,15
1000,100,0.1,0.01,4,lin,128,1.0,main,16,0.1,1e-08,0.1,7.0,15
1000,100,0.1,0.01,4,lin,128,1.0,main,16,0.5,1e-08,0.1,7.0,15
1000,100,0.1,0.01,4,lin,128,1.0,main,16,1.0,1e-08,0.1,7.0,15
1000,100,0.1,0.01,4,nl,128,0.0,main,1,0.01,,,,0
1000,100,0.1,0.01,4,nl,128,0.0,main,1,0.05,0.003,0.03,1.0,3
1000,100,0.1,0.01,4,nl,128,0.0,main,1,0.1,1e-08,0.1,7.0,12
1000,100,0.1,0.01,4,nl,128,0.0,main,1,0.5,1e-08,0.1,7.0,14
1000,100,0.1,0.01,4,nl,128,0.0,main,1,1.0,1e-08,0.1,7.0,15
1000,100,0.1,0.01,4,nl,128,0.0,main,2,0.01,0.01,0.01,0.0,1
1000,100,0.1,0.01,4,nl,128,0.0,main,2,0.05,1e-08,0.1,7.0,12
1000,100,0.1,0.01,4,nl,128,0.0,main,2,0.1,1e-08,0.1,7.0,13
1000,100,0.1,0.01,4,nl,128,0.0,main,2,0.5,1e-08,0.1,7.0,15
1000,100,0.1,0.01,4,nl,128,0.0,main,2,1.0,1e-08,0.1,7.0,15
1000,100,0.1,0.01,4,nl,128,0.0,main,4,0.01,0.003,0.03,1.0,3
1000,100,0.1,0.01,4,nl,128,0.0,main,4,0.05,1e-08,0.1,7.0,13
1000,100,0.1,0.01,4,nl,128,0.0,main,4,0.1,1e-08,0.1,7.0,14
1000,100,0.1,0.01,4,nl,128,0.0,main,4,0.5,1e-08,0.1,7.0,15
1000,100,0.1,0.01,4,nl,128,0.0,main,4,1.0,1e-08,0.1,7.0,15
1000,100,0.1,0.01,4,nl,128,0.0,main,8,0.01,1e-08,0.1,7.0,8
1000,100,0.1,0.01,4,nl,128,0.0,main,8,0.05,1e-08,0.1,7.0,14
1000,100,0.1,0.01,4,nl,128,0.0,main,8,0.1,1e-08,0.1,7.0,15
1000,100,0.1,0.01,4,nl,128,0.0,main,8,0.5,1e-08,0.1,7.0,15
1000,100,0.1,0.01,4,nl,128,0.0,main,8,1.0,1e-08,0.1,7.0,15
1000,100,0.1,0.01,4,nl,128,0.0,main,16,0.01,1e-08,0.1,7.0,12
1000,100,0.1,0.01,4,nl,128,0.0,main,16,0.05,1e-08,0.1,7.0,15
1000,100,0.1,0.01,4,nl,128,0.0,main,16,0.1,1e-08,0.1,7.0,15
1000,100,0.1,0.01,4,nl,128,0.0,main,16,0.5,1e-08,0.1,7.0,15
1000,100,0.1,0.01,4,nl,128,0.0,main,16,1.0,1e-08,0.1,7.0,15
1000,100,0.1,0.01,4,nl,128,1.0,main,1,0.01,,,,0
1000,100,0.1,0.01,4,nl,128,1.0,main,1,0.05,0.003,0.03,1.0,3
1000,100,0.1,0.01,4,nl,128,1.0,main,1,0.1,3e-08,0.1,6.522878745280337,7
1000,100,0.1,0.01,4,nl,128,1.0,main,1,0.5,1e-08,0.1,7.0,13
1000,100,0.1,0.01,4,nl,128,1.0,main,1,1.0,1e-08,0.1,7.0,13
1000,100,0.1,0.01,4,nl,128,1.0,main,2,0.01,,,,0
1000,100,0.1,0.01,4,nl,128,1.0,main,2,0.05,3e-08,0.1,6.522878745280337,7
1000,100,0.1,0.01,4,nl,128,1.0,main,2,0.1,1e-08,0.1,7.0,11
1000,100,0.1,0.01,4,nl,128,1.0,main,2,0.5,1e-08,0.1,7.0,13
1000,100,0.1,0.01,4,nl,128,1.0,main,2,1.0,1e-08,0.1,7.0,15
1000,100,0.1,0.01,4,nl,128,1.0,main,4,0.01,0.003,0.03,1.0,3
1000,100,0.1,0.01,4,nl,128,1.0,main,4,0.05,1e-08,0.1,7.0,11
1000,100,0.1,0.01,4,nl,128,1.0,main,4,0.1,1e-08,0.1,7.0,13
1000,100,0.1,0.01,4,nl,128,1.0,main,4,0.5,1e-08,0.1,7.0,15
1000,100,0.1,0.01,4,nl,128,1.0,main,4,1.0,1e-08,0.1,7.0,15
1000,100,0.1,0.01,4,nl,128,1.0,main,8,0.01,0.003,0.03,1.0,3
1000,100,0.1,0.01,4,nl,128,1.0,main,8,0.05,1e-08,0.1,7.0,13
1000,100,0.1,0.01,4,nl,128,1.0,main,8,0.1,1e-08,0.1,7.0,13
1000,100,0.1,0.01,4,nl,128,1.0,main,8,0.5,1e-08,0.1,7.0,15
1000,100,0.1,0.01,4,nl,128,1.0,main,8,1.0,1e-08,0.1,7.0,15
1000,100,0.1,0.01,4,nl,128,1.0,main,16,0.01,1e-08,0.1,7.0,10
1000,100,0.1,0.01,4,nl,128,1.0,main,16,0.05,1e-08,0.1,7.0,13
1000,100,0.1,0.01,4,nl,128,1.0,main,16,0.1,1e-08,0.1,7.0,14
1000,100,0.1,0.01,4,nl,128,1.0,main,16,0.5,1e-08,0.1,7.0,15
1000,100,0.1,0.01,4,nl,128,1.0,main,16,1.0,1e-08,0.1,7.0,15
1000,100,0.1,0.01,8,lin,128,0.0,main,1,0.01,0.01,0.1,1.0,3
1000,100,0.1,0.01,8,lin,128,0.0,main,1,0.05,0.003,0.1,1.5228787452803376,4
1000,100,0.1,0.01,8,lin,128,0.0,main,1,0.1,1e-08,0.1,7.0,7
1000,100,0.1,0.01,8,lin,128,0.0,main,1,0.5,1e-08,0.1,7.0,11
1000,100,0.1,0.01,8,lin,128,0.0,main,1,1.0,1e-08,0.1,7.0,11
1000,100,0.1,0.01,8,lin,128,0.0,main,2,0.01,0.01,0.1,1.0,3
1000,100,0.1,0.01,8,lin,128,0.0,main,2,0.05,1e-08,0.1,7.0,7
1000,100,0.1,0.01,8,lin,128,0.0,main,2,0.1,1e-08,0.1,7.0,10
1000,100,0.1,0.01,8,lin,128,0.0,main,2,0.5,1e-08,0.1,7.0,11
1000,100,0.1,0.01,8,lin,128,0.0,main,2,1.0,1e-08,0.1,7.0,11
1000,100,0.1,0.01,8,lin,128,0.0,main,4,0.01,0.003,0.1,1.5228787452803376,4
1000,100,0.1,0.01,8,lin,128,0.0,main,4,0.05,1e-08,0.1,7.0,10
1000,100,0.1,0.01,8,lin,128,0.0,main,4,0.1,1e-08,0.1,7.0,11
1000,100,0.1,0.01,8,lin,128,0.0,main,4,0.5,1e-08,0.1,7.0,11
1000,100,0.1,0.01,8,lin,128,0.0,main,4,1.0,1e-08,0.1,7.0,12
1000,100,0.1,0.01,8,lin,128,0.0,main,8,0.01,1e-08,0.1,7.0,5
1000,100,0.1,0.01,8,lin,128,0.0,main,8,0.05,1e-08,0.1,7.0,11
1000,100,0.1,0.01,8,lin,128,0.0,main,8,0.1,1e-08,0.1,7.0,11
1000,100,0.1,0.01,8,lin,128,0.0,main,8,0.5,1e-08,0.1,7.0,12
1000,100,0.1,0.01,8,lin,128,0.0,main,8,1.0,1e-08,0.1,7.0,12
1000,100,0.1,0.01,8,lin,128,0.0,main,16,0.01,1e-08,0.1,7.0,10
1000,100,0.1,0.01,8,lin,128,0.0,main,16,0.05,1e-08,0.1,7.0,11
1000,100,0.1,0.01,8,lin,128,0.0,main,16,0.1,1e-08,0.1,7.0,11
1000,100,0.1,0.01,8,lin,128,0.0,main,16,0.5,1e-08,0.1,7.0,12
1000,100,0.1,0.01,8,lin,128,0.0,main,16,1.0,1e-08,0.1,7.0,13
1000,100,0.1,0.01,8,lin,128,1.0,main,1,0.01,0.03,0.1,0.5228787452803376,2
1000,100,0.1,0.01,8,lin,128,1.0,main,1,0.05,0.01,0.1,1.0,3
1000,100,0.1,0.01,8,lin,128,1.0,main,1,0.1,1e-08,0.1,7.0,7
1000,100,0.1,0.01,8,lin,128,1.0,main,1,0.5,1e-08,0.1,7.0,12
1000,100,0.1,0.01,8,lin,128,1.0,main,1,1.0,1e-08,0.1,7.0,14
1000,100,0.1,0.01,8,lin,128,1.0,main,2,0.01,0.01,0.1,1.0,3
1000,100,0.1,0.01,8,lin,128,1.0,main,2,0.05,1e-08,0.1,7.0,7
1000,100,0.1,0.01,8,lin,128,1.0,main,2,0.1,1e-08,0.1,7.0,11
1000,100,0.1,0.01,8,lin,128,1.0,main,2,0.5,1e-08,0.1,7.0,14
1000,100,0.1,0.01,8,lin,128,1.0,main,2,1.0,1e-08,0.1,7.0,15
1000,100,0.1,0.01,8,lin,128,1.0,main,4,0.01,0.01,0.1,1.0,3
1000,100,0.1,0.01,8,lin,128,1.0,main,4,0.05,1e-08,0.1,7.0,11
1000,100,0.1,0.01,8,lin,128,1.0,main,4,0.1,1e-08,0.1,7.0,12
1000,100,0.1,0.01,8,lin,128,1.0,main,4,0.5,1e-08,0.1,7.0,15
1000,100,0.1,0.01,8,lin,128,1.0,main,4,1.0,1e-08,0.1,7.0,15
1000,100,0.1,0.01,8,lin,128,1.0,main,8,0.01,1e-07,0.1,6.0,5
1000,100,0.1,0.01,8,lin,128,1.0,main,8,0.05,1e-08,0.1,7.0,12
1000,100,0.1,0.01,8,lin,128,1.0,main,8,0.1,1e-08,0.1,7.0,14
1000,100,0.1,0.01,8,lin,128,1.0,main,8,0.5,1e-08,0.1,7.0,15
1000,100,0.1,0.01,8,lin,128,1.0,main,8,1.0,1e-08,0.1,7.0,15
1000,100,0.1,0.01,8,lin,128,1.0,main,16,0.01,1e-08,0.1,7.0,11
1000,100,0.1,0.01,8,lin,128,1.0,main,16,0.05,1e-08,0.1,7.0,14
1000,100,0.1,0.01,8,lin,128,1.0,main,16,0.1,1e-08,0.1,7.0,15
1000,100,0.1,0.01,8,lin,128,1.0,main,16,0.5,1e-08,0.1,7.0,15
1000,100,0.1,0.01,8,lin,128,1.0,main,16,1.0,1e-08,0.1,7.0,15
1000,100,0.1,0.01,8,nl,128,0.0,main,1,0.01,,,,0
1000,100,0.1,0.01,8,nl,128,0.0,main,1,0.05,0.01,0.1,1.0,3
1000,100,0.1,0.01,8,nl,128,0.0,main,1,0.1,1e-07,0.1,6.0,6
1000,100,0.1,0.01,8,nl,128,0.0,main,1,0.5,1e-08,0.1,7.0,13
1000,100,0.1,0.01,8,nl,128,0.0,main,1,1.0,1e-08,0.1,7.0,13
1000,100,0.1,0.01,8,nl,128,0.0,main,2,0.01,,,,0
1000,100,0.1,0.01,8,nl,128,0.0,main,2,0.05,1e-07,0.1,6.0,6
1000,100,0.1,0.01,8,nl,128,0.0,main,2,0.1,1e-08,0.1,7.0,12
1000,100,0.1,0.01,8,nl,128,0.0,main,2,0.5,1e-08,0.1,7.0,13
1000,100,0.1,0.01,8,nl,128,0.0,main,2,1.0,1e-08,0.1,7.0,14
1000,100,0.1,0.01,8,nl,128,0.0,main,4,0.01,0.01,0.1,1.0,3
1000,100,0.1,0.01,8,nl,128,0.0,main,4,0.05,1e-08,0.1,7.0,12
1000,100,0.1,0.01,8,nl,128,0.0,main,4,0.1,1e-08,0.1,7.0,12
1000,100,0.1,0.01,8,nl,128,0.0,main,4,0.5,1e-08,0.1,7.0,14
1000,100,0.1,0.01,8,nl,128,0.0,main,4,1.0,1e-08,0.1,7.0,15
1000,100,0.1,0.01,8,nl,128,0.0,main,8,0.01,0.003,0.1,1.5228787452803376,4
1000,100,0.1,0.01,8,nl,128,0.0,main,8,0.05,1e-08,0.1,7.0,12
1000,100,0.1,0.01,8,nl,128,0.0,main,8,0.1,1e-08,0.1,7.0,13
1000,100,0.1,0.01,8,nl,128,0.0,main,8,0.5,1e-08,0.1,7.0,15
1000,100,0.1,0.01,8,nl,128,0.0,main,8,1.0,1e-08,0.1,7.0,15
1000,100,0.1,0.01,8,nl,128,0.0,main,16,0.01,1e-08,0.1,7.0,11
1000,100,0.1,0.01,8,nl,128,0.0,main,16,0.05,1e-08,0.1,7.0,13
1000,100,0.1,0.01,8,nl,128,0.0,main,16,0.1,1e-08,0.1,7.0,14
1000,100,0.1,0.01,8,nl,128,0.0,main,16,0.5,1e-08,0.1,7.0,15
1000,100,0.1,0.01,8,nl,128,0.0,main,16,1.0,1e-08,0.1,7.0,15
1000,100,0.1,0.01,8,nl,128,1.0,main,1,0.01,,,,0
1000,100,0.1,0.01,8,nl,128,1.0,main,1,0.05,0.01,0.1,1.0,3
1000,100,0.1,0.01,8,nl,128,1.0,main,1,0.1,1e-07,0.1,6.0,6
1000,100,0.1,0.01,8,nl,128,1.0,main,1,0.5,1e-08,0.1,7.0,11
1000,100,0.1,0.01,8,nl,128,1.0,main,1,1.0,1e-08,0.1,7.0,11
1000,100,0.1,0.01,8,nl,128,1.0,main,2,0.01,0.1,0.1,0.0,1
1000,100,0.1,0.01,8,nl,128,1.0,main,2,0.05,1e-07,0.1,6.0,6
1000,100,0.1,0.01,8,nl,128,1.0,main,2,0.1,1e-08,0.1,7.0,10
1000,100,0.1,0.01,8,nl,128,1.0,main,2,0.5,1e-08,0.1,7.0,11
1000,100,0.1,0.01,8,nl,128,1.0,main,2,1.0,1e-08,0.1,7.0,12
1000,100,0.1,0.01,8,nl,128,1.0,main,4,0.01,0.01,0.1,1.0,3
1000,100,0.1,0.01,8,nl,128,1.0,main,4,0.05,1e-08,0.1,7.0,10
1000,100,0.1,0.01,8,nl,128,1.0,main,4,0.1,1e-08,0.1,7.0,11
1000,100,0.1,0.01,8,nl,128,1.0,main,4,0.5,1e-08,0.1,7.0,12
1000,100,0.1,0.01,8,nl,128,1.0,main,4,1.0,1e-08,0.1,7.0,12
1000,100,0.1,0.01,8,nl,128,1.0,main,8,0.01,0.01,0.1,1.0,3
1000,100,0.1,0.01,8,nl,128,1.0,main,8,0.05,1e-08,0.1,7.0,11
1000,100,0.1,0.01,8,nl,128,1.0,main,8,0.1,1e-08,0.1,7.0,11
1000,100,0.1,0.01,8,nl,128,1.0,main,8,0.5,1e-08,0.1,7.0,12
1000,100,0.1,0.01,8,nl,128,1.0,main,8,1.0,1e-08,0.1,7.0,13
1000,100,0.1,0.01,8,nl,128,1.0,main,16,0.01,1e-08,0.1,7.0,9
1000,100,0.1,0.01,8,nl,128,1.0,main,16,0.05,1e-08,0.1,7.0,11
1000,100,0.1,0.01,8,nl,128,1.0,main,16,0.1,1e-08,0.1,7.0,12
1000,100,0.1,0.01,8,nl,128,1.0,main,16,0.5,1e-08,0.1,7.0,13
1000,100,0.1,0.01,8,nl,128,1.0,main,16,1.0,1e-08,0.1,7.0,13
1000,1000,1.0,1e-05,4,lin,128,0.0,main,1,0.01,,,,0
1000,1000,1.0,1e-05,4,lin,128,0.0,main,1,0.05,1e-05,3e-05,0.47712125471966244,2
1000,1000,1.0,1e-05,4,lin,128,0.0,main,1,0.1,1e-05,3e-05,0.47712125471966244,2
1000,1000,1.0,1e-05,4,lin,128,0.0,main,1,0.5,1e-05,0.0001,1.0,3
1000,1000,1.0,1e-05,4,lin,128,0.0,main,1,1.0,3e-06,0.1,4.522878745280337,9
1000,1000,1.0,1e-05,4,lin,128,0.0,main,2,0.01,3e-05,3e-05,0.0,1
1000,1000,1.0,1e-05,4,lin,128,0.0,main,2,0.05,1e-05,3e-05,0.47712125471966244,2
1000,1000,1.0,1e-05,4,lin,128,0.0,main,2,0.1,1e-05,3e-05,0.47712125471966244,2
1000,1000,1.0,1e-05,4,lin,128,0.0,main,2,0.5,3e-06,0.1,4.522878745280337,9
1000,1000,1.0,1e-05,4,lin,128,0.0,main,2,1.0,3e-06,0.1,4.522878745280337,10
1000,1000,1.0,1e-05,4,lin,128,0.0,main,4,0.01,3e-05,3e-05,0.0,1
1000,1000,1.0,1e-05,4,lin,128,0.0,main,4,0.05,1e-05,3e-05,0.47712125471966244,2
1000,1000,1.0,1e-05,4,lin,128,0.0,main,4,0.1,1e-05,0.0001,1.0,3
1000,1000,1.0,1e-05,4,lin,128,0.0,main,4,0.5,3e-06,0.1,4.522878745280337,10
1000,1000,1.0,1e-05,4,lin,128,0.0,main,4,1.0,1e-06,0.1,5.0,11
1000,1000,1.0,1e-05,4,lin,128,0.0,main,8,0.01,1e-05,3e-05,0.47712125471966244,2
1000,1000,1.0,1e-05,4,lin,128,0.0,main,8,0.05,1e-05,0.0001,1.0,3
1000,1000,1.0,1e-05,4,lin,128,0.0,main,8,0.1,3e-06,0.001,2.5228787452803374,5
1000,1000,1.0,1e-05,4,lin,128,0.0,main,8,0.5,1e-06,0.1,5.0,11
1000,1000,1.0,1e-05,4,lin,128,0.0,main,8,1.0,1e-06,0.1,5.0,11
1000,1000,1.0,1e-05,4,lin,128,0.0,main,16,0.01,1e-05,3e-05,0.47712125471966244,2
1000,1000,1.0,1e-05,4,lin,128,0.0,main,16,0.05,3e-06,0.001,2.5228787452803374,5
1000,1000,1.0,1e-05,4,lin,128,0.0,main,16,0.1,3e-06,0.1,4.522878745280337,10
1000,1000,1.0,1e-05,4,lin,128,0.0,main,16,0.5,1e-06,0.1,5.0,11
1000,1000,1.0,1e-05,4,lin,128,0.0,main,16,1.0,3e-07,0.1,5.522878745280337,12
1000,1000,1.0,1e-05,4,lin,128,1.0,main,1,0.01,,,,0
1000,1000,1.0,1e-05,4,lin,128,1.0,main,1,0.05,,,,0
1000,1000,1.0,1e-05,4,lin,128,1.0,main,1,0.1,1e-05,1e-05,0.0,1
1000,1000,1.0,1e-05,4,lin,128,1.0,main,1,0.5,1e-05,0.0001,1.0,3
1000,1000,1.0,1e-05,4,lin,128,1.0,main,1,1.0,3e-06,0.1,4.522878745280337,8
1000,1000,1.0,1e-05,4,lin,128,1.0,main,2,0.01,,,,0
1000,1000,1.0,1e-05,4,lin,128,1.0,main,2,0.05,1e-05,1e-05,0.0,1
1000,1000,1.0,1e-05,4,lin,128,1.0,main,2,0.1,1e-05,3e-05,0.47712125471966244,2
1000,1000,1.0,1e-05,4,lin,128,1.0,main,2,0.5,3e-06,0.1,4.522878745280337,8
1000,1000,1.0,1e-05,4,lin,128,1.0,main,2,1.0,3e-06,0.1,4.522878745280337,10
1000,1000,1.0,1e-05,4,lin,128,1.0,main,4,0.01,,,,0
1000,1000,1.0,1e-05,4,lin,128,1.0,main,4,0.05,1e-05,3e-05,0.47712125471966244,2
1000,1000,1.0,1e-05,4,lin,128,1.0,main,4,0.1,1e-05,3e-05,0.47712125471966244,2
1000,1000,1.0,1e-05,4,lin,128,1.0,main,4,0.5,3e-06,0.1,4.522878745280337,10
1000,1000,1.0,1e-05,4,lin,128,1.0,main,4,1.0,1e-06,0.1,5.0,11
1000,1000,1.0,1e-05,4,lin,128,1.0,main,8,0.01,1e-05,1e-05,0.0,1
1000,1000,1.0,1e-05,4,lin,128,1.0,main,8,0.05,1e-05,3e-05,0.47712125471966244,2
1000,1000,1.0,1e-05,4,lin,128,1.0,main,8,0.1,3e-06,0.01,3.5228787452803374,6
1000,1000,1.0,1e-05,4,lin,128,1.0,main,8,0.5,1e-06,0.1,5.0,11
1000,1000,1.0,1e-05,4,lin,128,1.0,main,8,1.0,1e-06,0.1,5.0,11
1000,1000,1.0,1e-05,4,lin,128,1.0,main,16,0.01,1e-05,3e-05,0.47712125471966244,2
1000,1000,1.0,1e-05,4,lin,128,1.0,main,16,0.05,3e-06,0.01,3.5228787452803374,6
1000,1000,1.0,1e-05,4,lin,128,1.0,main,16,0.1,3e-06,0.1,4.522878745280337,10
1000,1000,1.0,1e-05,4,lin,128,1.0,main,16,0.5,1e-06,0.1,5.0,11
1000,1000,1.0,1e-05,4,lin,128,1.0,main,16,1.0,1e-07,0.1,6.0,13
1000,1000,1.0,1e-05,4,nl,128,0.0,main,1,0.01,,,,0
1000,1000,1.0,1e-05,4,nl,128,0.0,main,1,0.05,,,,0
1000,1000,1.0,1e-05,4,nl,128,0.0,main,1,0.1,,,,0
1000,1000,1.0,1e-05,4,nl,128,0.0,main,1,0.5,,,,0
1000,1000,1.0,1e-05,4,nl,128,0.0,main,1,1.0,3e-08,0.1,6.522878745280337,6
1000,1000,1.0,1e-05,4,nl,128,0.0,main,2,0.01,,,,0
1000,1000,1.0,1e-05,4,nl,128,0.0,main,2,0.05,,,,0
1000,1000,1.0,1e-05,4,nl,128,0.0,main,2,0.1,,,,0
1000,1000,1.0,1e-05,4,nl,128,0.0,main,2,0.5,3e-08,0.1,6.522878745280337,6
1000,1000,1.0,1e-05,4,nl,128,0.0,main,2,1.0,1e-08,0.1,7.0,15
1000,1000,1.0,1e-05,4,nl,128,0.0,main,4,0.01,,,,0
1000,1000,1.0,1e-05,4,nl,128,0.0,main,4,0.05,,,,0
1000,1000,1.0,1e-05,4,nl,128,0.0,main,4,0.1,,,,0
1000,1000,1.0,1e-05,4,nl,128,0.0,main,4,0.5,1e-08,0.1,7.0,15
1000,1000,1.0,1e-05,4,nl,128,0.0,main,4,1.0,1e-08,0.1,7.0,15
1000,1000,1.0,1e-05,4,nl,128,0.0,main,8,0.01,,,,0
1000,1000,1.0,1e-05,4,nl,128,0.0,main,8,0.05,,,,0
1000,1000,1.0,1e-05,4,nl,128,0.0,main,8,0.1,0.1,0.1,0.0,1
1000,1000,1.0,1e-05,4,nl,128,0.0,main,8,0.5,1e-08,0.1,7.0,15
1000,1000,1.0,1e-05,4,nl,128,0.0,main,8,1.0,1e-08,0.1,7.0,15
1000,1000,1.0,1e-05,4,nl,128,0.0,main,16,0.01,,,,0
1000,1000,1.0,1e-05,4,nl,128,0.0,main,16,0.05,0.1,0.1,0.0,1
1000,1000,1.0,1e-05,4,nl,128,0.0,main,16,0.1,1e-08,0.1,7.0,15
1000,1000,1.0,1e-05,4,nl,128,0.0,main,16,0.5,1e-08,0.1,7.0,15
1000,1000,1.0,1e-05,4,nl,128,0.0,main,16,1.0,1e-08,0.1,7.0,15
1000,1000,1.0,1e-05,4,nl,128,1.0,main,1,0.01,,,,0
1000,1000,1.0,1e-05,4,nl,128,1.0,main,1,0.05,,,,0
1000,1000,1.0,1e-05,4,nl,128,1.0,main,1,0.1,,,,0
1000,1000,1.0,1e-05,4,nl,128,1.0,main,1,0.5,0.0001,0.0003,0.4771212547196624,2
1000,1000,1.0,1e-05,4,nl,128,1.0,main,1,1.0,3e-07,0.003,4.0,6
1000,1000,1.0,1e-05,4,nl,128,1.0,main,2,0.01,,,,0
1000,1000,1.0,1e-05,4,nl,128,1.0,main,2,0.05,,,,0
1000,1000,1.0,1e-05,4,nl,128,1.0,main,2,0.1,,,,0
1000,1000,1.0,1e-05,4,nl,128,1.0,main,2,0.5,3e-07,0.003,4.0,6
1000,1000,1.0,1e-05,4,nl,128,1.0,main,2,1.0,1e-08,0.1,7.0,13
1000,1000,1.0,1e-05,4,nl,128,1.0,main,4,0.01,,,,0
1000,1000,1.0,1e-05,4,nl,128,1.0,main,4,0.05,,,,0
1000,1000,1.0,1e-05,4,nl,128,1.0,main,4,0.1,0.0001,0.0001,0.0,1
1000,1000,1.0,1e-05,4,nl,128,1.0,main,4,0.5,1e-08,0.1,7.0,13
1000,1000,1.0,1e-05,4,nl,128,1.0,main,4,1.0,1e-08,0.1,7.0,14
1000,1000,1.0,1e-05,4,nl,128,1.0,main,8,0.01,,,,0
1000,1000,1.0,1e-05,4,nl,128,1.0,main,8,0.05,0.0001,0.0001,0.0,1
1000,1000,1.0,1e-05,4,nl,128,1.0,main,8,0.1,0.0001,0.0003,0.4771212547196624,2
1000,1000,1.0,1e-05,4,nl,128,1.0,main,8,0.5,1e-08,0.1,7.0,14
1000,1000,1.0,1e-05,4,nl,128,1.0,main,8,1.0,1e-08,0.1,7.0,14
1000,1000,1.0,1e-05,4,nl,128,1.0,main,16,0.01,,,,0
1000,1000,1.0,1e-05,4,nl,128,1.0,main,16,0.05,0.0001,0.0003,0.4771212547196624,2
1000,1000,1.0,1e-05,4,nl,128,1.0,main,16,0.1,1e-08,0.1,7.0,13
1000,1000,1.0,1e-05,4,nl,128,1.0,main,16,0.5,1e-08,0.1,7.0,14
1000,1000,1.0,1e-05,4,nl,128,1.0,main,16,1.0,1e-08,0.1,7.0,15
1000,1000,1.0,1e-05,8,lin,128,0.0,main,1,0.01,3e-05,0.0003,0.9999999999999999,3
1000,1000,1.0,1e-05,8,lin,128,0.0,main,1,0.05,1e-05,0.0003,1.4771212547196624,4
1000,1000,1.0,1e-05,8,lin,128,0.0,main,1,0.1,1e-05,0.0003,1.4771212547196624,4
1000,1000,1.0,1e-05,8,lin,128,0.0,main,1,0.5,3e-06,0.001,2.5228787452803374,6
1000,1000,1.0,1e-05,8,lin,128,0.0,main,1,1.0,3e-06,0.1,4.522878745280337,10
1000,1000,1.0,1e-05,8,lin,128,0.0,main,2,0.01,3e-05,0.0003,0.9999999999999999,3
1000,1000,1.0,1e-05,8,lin,128,0.0,main,2,0.05,1e-05,0.0003,1.4771212547196624,4
1000,1000,1.0,1e-05,8,lin,128,0.0,main,2,0.1,1e-05,0.001,2.0,5
1000,1000,1.0,1e-05,8,lin,128,0.0,main,2,0.5,3e-06,0.1,4.522878745280337,10
1000,1000,1.0,1e-05,8,lin,128,0.0,main,2,1.0,3e-06,0.1,4.522878745280337,10
1000,1000,1.0,1e-05,8,lin,128,0.0,main,4,0.01,1e-05,0.0003,1.4771212547196624,4
1000,1000,1.0,1e-05,8,lin,128,0.0,main,4,0.05,1e-05,0.001,2.0,5
1000,1000,1.0,1e-05,8,lin,128,0.0,main,4,0.1,1e-05,0.001,2.0,5
1000,1000,1.0,1e-05,8,lin,128,0.0,main,4,0.5,3e-06,0.1,4.522878745280337,10
1000,1000,1.0,1e-05,8,lin,128,0.0,main,4,1.0,1e-06,0.1,5.0,11
1000,1000,1.0,1e-05,8,lin,128,0.0,main,8,0.01,1e-05,0.0003,1.4771212547196624,4
1000,1000,1.0,1e-05,8,lin,128,0.0,main,8,0.05,1e-05,0.001,2.0,5
1000,1000,1.0,1e-05,8,lin,128,0.0,main,8,0.1,3e-06,0.03,4.0,8
1000,1000,1.0,1e-05,8,lin,128,0.0,main,8,0.5,1e-06,0.1,5.0,11
1000,1000,1.0,1e-05,8,lin,128,0.0,main,8,1.0,1e-06,0.1,5.0,11
1000,1000,1.0,1e-05,8,lin,128,0.0,main,16,0.01,1e-05,0.001,2.0,5
1000,1000,1.0,1e-05,8,lin,128,0.0,main,16,0.05,3e-06,0.03,4.0,8
1000,1000,1.0,1e-05,8,lin,128,0.0,main,16,0.1,3e-06,0.1,4.522878745280337,10
1000,1000,1.0,1e-05,8,lin,128,0.0,main,16,0.5,1e-06,0.1,5.0,11
1000,1000,1.0,1e-05,8,lin,128,0.0,main,16,1.0,3e-07,0.1,5.522878745280337,12
1000,1000,1.0,1e-05,8,lin,128,1.0,main,1,0.01,3e-05,0.0001,0.5228787452803376,2
1000,1000,1.0,1e-05,8,lin,128,1.0,main,1,0.05,3e-05,0.0001,0.5228787452803376,2
1000,1000,1.0,1e-05,8,lin,128,1.0,main,1,0.1,1e-05,0.0003,1.4771212547196624,4
1000,1000,1.0,1e-05,8,lin,128,1.0,main,1,0.5,1e-05,0.001,2.0,5
1000,1000,1.0,1e-05,8,lin,128,1.0,main,1,1.0,3e-06,0.1,4.522878745280337,8
1000,1000,1.0,1e-05,8,lin,128,1.0,main,2,0.01,3e-05,0.0001,0.5228787452803376,2
1000,1000,1.0,1e-05,8,lin,128,1.0,main,2,0.05,1e-05,0.0003,1.4771212547196624,4
1000,1000,1.0,1e-05,8,lin,128,1.0,main,2,0.1,1e-05,0.0003,1.4771212547196624,4
1000,1000,1.0,1e-05,8,lin,128,1.0,main,2,0.5,3e-06,0.1,4.522878745280337,8
1000,1000,1.0,1e-05,8,lin,128,1.0,main,2,1.0,3e-06,0.1,4.522878745280337,10
1000,1000,1.0,1e-05,8,lin,128,1.0,main,4,0.01,3e-05,0.0001,0.5228787452803376,2
1000,1000,1.0,1e-05,8,lin,128,1.0,main,4,0.05,1e-05,0.0003,1.4771212547196624,4
1000,1000,1.0,1e-05,8,lin,128,1.0,main,4,0.1,1e-05,0.001,2.0,5
1000,1000,1.0,1e-05,8,lin,128,1.0,main,4,0.5,3e-06,0.1,4.522878745280337,10
1000,1000,1.0,1e-05,8,lin,128,1.0,main,4,1.0,1e-06,0.1,5.0,11
1000,1000,1.0,1e-05,8,lin,128,1.0,main,8,0.01,1e-05,0.0001,1.0,3
1000,1000,1.0,1e-05,8,lin,128,1.0,main,8,0.05,1e-05,0.001,2.0,5
1000,1000,1.0,1e-05,8,lin,128,1.0,main,8,0.1,3e-06,0.003,3.0,7
1000,1000,1.0,1e-05,8,lin,128,1.0,main,8,0.5,1e-06,0.1,5.0,11
1000,1000,1.0,1e-05,8,lin,128,1.0,main,8,1.0,3e-07,0.1,5.522878745280337,12
1000,1000,1.0,1e-05,8,lin,128,1.0,main,16,0.01,1e-05,0.0003,1.4771212547196624,4
1000,1000,1.0,1e-05,8,lin,128,1.0,main,16,0.05,3e-06,0.003,3.0,7
1000,1000,1.0,1e-05,8,lin,128,1.0,main,16,0.1,3e-06,0.1,4.522878745280337,10
1000,1000,1.0,1e-05,8,lin,128,1.0,main,16,0.5,3e-07,0.1,5.522878745280337,12
1000,1000,1.0,1e-05,8,lin,128,1.0,main,16,1.0,3e-07,0.1,5.522878745280337,12
1000,1000,1.0,1e-05,8,nl,128,0.0,main,1,0.01,,,,0
1000,1000,1.0,1e-05,8,nl,128,0.0,main,1,0.05,,,,0
1000,1000,1.0,1e-05,8,nl,128,0.0,main,1,0.1,,,,0
1000,1000,1.0,1e-05,8,nl,128,0.0,main,1,0.5,3e-05,0.0003,0.9999999999999999,3
1000,1000,1.0,1e-05,8,nl,128,0.0,main,1,1.0,3e-05,0.03,3.0,6
1000,1000,1.0,1e-05,8,nl,128,0.0,main,2,0.01,,,,0
1000,1000,1.0,1e-05,8,nl,128,0.0,main,2,0.05,,,,0
1000,1000,1.0,1e-05,8,nl,128,0.0,main,2,0.1,0.0001,0.0001,0.0,1
1000,1000,1.0,1e-05,8,nl,128,0.0,main,2,0.5,3e-05,0.03,3.0,6
1000,1000,1.0,1e-05,8,nl,128,0.0,main,2,1.0,1e-05,0.1,4.0,9
1000,1000,1.0,1e-05,8,nl,128,0.0,main,4,0.01,,,,0
1000,1000,1.0,1e-05,8,nl,128,0.0,main,4,0.05,0.0001,0.0001,0.0,1
1000,1000,1.0,1e-05,8,nl,128,0.0,main,4,0.1,0.0001,0.0003,0.4771212547196624,2
1000,1000,1.0,1e-05,8,nl,128,0.0,main,4,0.5,1e-05,0.1,4.0,9
1000,1000,1.0,1e-05,8,nl,128,0.0,main,4,1.0,1e-05,0.1,4.0,9
1000,1000,1.0,1e-05,8,nl,128,0.0,main,8,0.01,,,,0
1000,1000,1.0,1e-05,8,nl,128,0.0,main,8,0.05,0.0001,0.0003,0.4771212547196624,2
1000,1000,1.0,1e-05,8,nl,128,0.0,main,8,0.1,3e-05,0.03,3.0,4
1000,1000,1.0,1e-05,8,nl,128,0.0,main,8,0.5,1e-05,0.1,4.0,9
1000,1000,1.0,1e-05,8,nl,128,0.0,main,8,1.0,3e-06,0.1,4.522878745280337,10
1000,1000,1.0,1e-05,8,nl,128,0.0,main,16,0.01,,,,0
1000,1000,1.0,1e-05,8,nl,128,0.0,main,16,0.05,3e-05,0.03,3.0,4
1000,1000,1.0,1e-05,8,nl,128,0.0,main,16,0.1,3e-05,0.1,3.5228787452803374,8
1000,1000,1.0,1e-05,8,nl,128,0.0,main,16,0.5,3e-06,0.1,4.522878745280337,10
1000,1000,1.0,1e-05,8,nl,128,0.0,main,16,1.0,3e-06,0.1,4.522878745280337,10
1000,1000,1.0,1e-05,8,nl,128,1.0,main,1,0.01,,,,0
1000,1000,1.0,1e-05,8,nl,128,1.0,main,1,0.05,,,,0
1000,1000,1.0,1e-05,8,nl,128,1.0,main,1,0.1,,,,0
1000,1000,1.0,1e-05,8,nl,128,1.0,main,1,0.5,3e-05,0.003,2.0,5
1000,1000,1.0,1e-05,8,nl,128,1.0,main,1,1.0,1e-05,0.03,3.477121254719662,7
1000,1000,1.0,1e-05,8,nl,128,1.0,main,2,0.01,,,,0
1000,1000,1.0,1e-05,8,nl,128,1.0,main,2,0.05,,,,0
1000,1000,1.0,1e-05,8,nl,128,1.0,main,2,0.1,,,,0
1000,1000,1.0,1e-05,8,nl,128,1.0,main,2,0.5,1e-05,0.03,3.477121254719662,7
1000,1000,1.0,1e-05,8,nl,128,1.0,main,2,1.0,1e-05,0.1,4.0,9
1000,1000,1.0,1e-05,8,nl,128,1.0,main,4,0.01,,,,0
1000,1000,1.0,1e-05,8,nl,128,1.0,main,4,0.05,,,,0
1000,1000,1.0,1e-05,8,nl,128,1.0,main,4,0.1,3e-05,0.003,2.0,5
1000,1000,1.0,1e-05,8,nl,128,1.0,main,4,0.5,1e-05,0.1,4.0,9
1000,1000,1.0,1e-05,8,nl,128,1.0,main,4,1.0,3e-06,0.1,4.522878745280337,10
1000,1000,1.0,1e-05,8,nl,128,1.0,main,8,0.01,,,,0
1000,1000,1.0,1e-05,8,nl,128,1.0,main,8,0.05,3e-05,0.003,2.0,5
1000,1000,1.0,1e-05,8,nl,128,1.0,main,8,0.1,1e-05,0.03,3.477121254719662,7
1000,1000,1.0,1e-05,8,nl,128,1.0,main,8,0.5,3e-06,0.1,4.522878745280337,10
1000,1000,1.0,1e-05,8,nl,128,1.0,main,8,1.0,3e-06,0.1,4.522878745280337,10
1000,1000,1.0,1e-05,8,nl,128,1.0,main,16,0.01,,,,0
1000,1000,1.0,1e-05,8,nl,128,1.0,main,16,0.05,1e-05,0.03,3.477121254719662,7
1000,1000,1.0,1e-05,8,nl,128,1.0,main,16,0.1,1e-05,0.1,4.0,9
1000,1000,1.0,1e-05,8,nl,128,1.0,main,16,0.5,3e-06,0.1,4.522878745280337,10
1000,1000,1.0,1e-05,8,nl,128,1.0,main,16,1.0,3e-06,0.1,4.522878745280337,10
1000,1000,1.0,0.0001,4,lin,128,0.0,main,1,0.01,,,,0
1000,1000,1.0,0.0001,4,lin,128,0.0,main,1,0.05,0.0001,0.0003,0.4771212547196624,2
1000,1000,1.0,0.0001,4,lin,128,0.0,main,1,0.1,0.0001,0.0003,0.4771212547196624,2
1000,1000,1.0,0.0001,4,lin,128,0.0,main,1,0.5,0.0001,0.001,1.0,3
1000,1000,1.0,0.0001,4,lin,128,0.0,main,1,1.0,3e-05,0.01,2.5228787452803374,6
1000,1000,1.0,0.0001,4,lin,128,0.0,main,2,0.01,0.0003,0.0003,0.0,1
1000,1000,1.0,0.0001,4,lin,128,0.0,main,2,0.05,0.0001,0.0003,0.4771212547196624,2
1000,1000,1.0,0.0001,4,lin,128,0.0,main,2,0.1,0.0001,0.0003,0.4771212547196624,2
1000,1000,1.0,0.0001,4,lin,128,0.0,main,2,0.5,3e-05,0.01,2.5228787452803374,6
1000,1000,1.0,0.0001,4,lin,128,0.0,main,2,1.0,1e-08,0.1,7.0,9
1000,1000,1.0,0.0001,4,lin,128,0.0,main,4,0.01,0.0001,0.0003,0.4771212547196624,2
1000,1000,1.0,0.0001,4,lin,128,0.0,main,4,0.05,0.0001,0.0003,0.4771212547196624,2
1000,1000,1.0,0.0001,4,lin,128,0.0,main,4,0.1,0.0001,0.001,1.0,3
1000,1000,1.0,0.0001,4,lin,128,0.0,main,4,0.5,1e-08,0.1,7.0,9
1000,1000,1.0,0.0001,4,lin,128,0.0,main,4,1.0,1e-08,0.1,7.0,9
1000,1000,1.0,0.0001,4,lin,128,0.0,main,8,0.01,0.0001,0.0003,0.4771212547196624,2
1000,1000,1.0,0.0001,4,lin,128,0.0,main,8,0.05,0.0001,0.001,1.0,3
1000,1000,1.0,0.0001,4,lin,128,0.0,main,8,0.1,3e-05,0.003,2.0,5
1000,1000,1.0,0.0001,4,lin,128,0.0,main,8,0.5,1e-08,0.1,7.0,9
1000,1000,1.0,0.0001,4,lin,128,0.0,main,8,1.0,1e-08,0.1,7.0,10
1000,1000,1.0,0.0001,4,lin,128,0.0,main,16,0.01,0.0001,0.0003,0.4771212547196624,2
1000,1000,1.0,0.0001,4,lin,128,0.0,main,16,0.05,3e-05,0.003,2.0,5
1000,1000,1.0,0.0001,4,lin,128,0.0,main,16,0.1,1e-08,0.1,7.0,9
1000,1000,1.0,0.0001,4,lin,128,0.0,main,16,0.5,1e-08,0.1,7.0,10
1000,1000,1.0,0.0001,4,lin,128,0.0,main,16,1.0,1e-08,0.1,7.0,11
1000,1000,1.0,0.0001,4,lin,128,1.0,main,1,0.01,,,,0
1000,1000,1.0,0.0001,4,lin,128,1.0,main,1,0.05,,,,0
1000,1000,1.0,0.0001,4,lin,128,1.0,main,1,0.1,0.0003,0.0003,0.0,1
1000,1000,1.0,0.0001,4,lin,128,1.0,main,1,0.5,0.0001,0.001,1.0,3
1000,1000,1.0,0.0001,4,lin,128,1.0,main,1,1.0,1e-08,0.1,7.0,8
1000,1000,1.0,0.0001,4,lin,128,1.0,main,2,0.01,,,,0
1000,1000,1.0,0.0001,4,lin,128,1.0,main,2,0.05,0.0003,0.0003,0.0,1
1000,1000,1.0,0.0001,4,lin,128,1.0,main,2,0.1,0.0001,0.0003,0.4771212547196624,2
1000,1000,1.0,0.0001,4,lin,128,1.0,main,2,0.5,1e-08,0.1,7.0,8
1000,1000,1.0,0.0001,4,lin,128,1.0,main,2,1.0,1e-08,0.1,7.0,9
1000,1000,1.0,0.0001,4,lin,128,1.0,main,4,0.01,,,,0
1000,1000,1.0,0.0001,4,lin,128,1.0,main,4,0.05,0.0001,0.0003,0.4771212547196624,2
1000,1000,1.0,0.0001,4,lin,128,1.0,main,4,0.1,0.0001,0.001,1.0,3
1000,1000,1.0,0.0001,4,lin,128,1.0,main,4,0.5,1e-08,0.1,7.0,9
1000,1000,1.0,0.0001,4,lin,128,1.0,main,4,1.0,1e-08,0.1,7.0,9
1000,1000,1.0,0.0001,4,lin,128,1.0,main,8,0.01,,,,0
1000,1000,1.0,0.0001,4,lin,128,1.0,main,8,0.05,0.0001,0.001,1.0,3
1000,1000,1.0,0.0001,4,lin,128,1.0,main,8,0.1,0.0001,0.003,1.4771212547196624,4
1000,1000,1.0,0.0001,4,lin,128,1.0,main,8,0.5,1e-08,0.1,7.0,9
1000,1000,1.0,0.0001,4,lin,128,1.0,main,8,1.0,1e-08,0.1,7.0,10
1000,1000,1.0,0.0001,4,lin,128,1.0,main,16,0.01,0.0003,0.0003,0.0,1
1000,1000,1.0,0.0001,4,lin,128,1.0,main,16,0.05,0.0001,0.003,1.4771212547196624,4
1000,1000,1.0,0.0001,4,lin,128,1.0,main,16,0.1,1e-08,0.1,7.0,9
1000,1000,1.0,0.0001,4,lin,128,1.0,main,16,0.5,1e-08,0.1,7.0,10
1000,1000,1.0,0.0001,4,lin,128,1.0,main,16,1.0,1e-08,0.1,7.0,11
1000,1000,1.0,0.0001,4,nl,128,0.0,main,1,0.01,,,,0
1000,1000,1.0,0.0001,4,nl,128,0.0,main,1,0.05,,,,0
1000,1000,1.0,0.0001,4,nl,128,0.0,main,1,0.1,,,,0
1000,1000,1.0,0.0001,4,nl,128,0.0,main,1,0.5,0.0001,0.0003,0.4771212547196624,2
1000,1000,1.0,0.0001,4,nl,128,0.0,main,1,1.0,3e-08,0.1,6.522878745280337,8
1000,1000,1.0,0.0001,4,nl,128,0.0,main,2,0.01,,,,0
1000,1000,1.0,0.0001,4,nl,128,0.0,main,2,0.05,,,,0
1000,1000,1.0,0.0001,4,nl,128,0.0,main,2,0.1,,,,0
1000,1000,1.0,0.0001,4,nl,128,0.0,main,2,0.5,3e-08,0.1,6.522878745280337,8
1000,1000,1.0,0.0001,4,nl,128,0.0,main,2,1.0,1e-08,0.1,7.0,11
1000,1000,1.0,0.0001,4,nl,128,0.0,main,4,0.01,,,,0
1000,1000,1.0,0.0001,4,nl,128,0.0,main,4,0.05,,,,0
1000,1000,1.0,0.0001,4,nl,128,0.0,main,4,0.1,0.0001,0.0003,0.4771212547196624,2
1000,1000,1.0,0.0001,4,nl,128,0.0,main,4,0.5,1e-08,0.1,7.0,11
1000,1000,1.0,0.0001,4,nl,128,0.0,main,4,1.0,1e-08,0.1,7.0,11
1000,1000,1.0,0.0001,4,nl,128,0.0,main,8,0.01,,,,0
1000,1000,1.0,0.0001,4,nl,128,0.0,main,8,0.05,0.0001,0.0003,0.4771212547196624,2
1000,1000,1.0,0.0001,4,nl,128,0.0,main,8,0.1,3e-08,0.03,6.0,5
1000,1000,1.0,0.0001,4,nl,128,0.0,main,8,0.5,1e-08,0.1,7.0,11
1000,1000,1.0,0.0001,4,nl,128,0.0,main,8,1.0,1e-08,0.1,7.0,11
1000,1000,1.0,0.0001,4,nl,128,0.0,main,16,0.01,,,,0
1000,1000,1.0,0.0001,4,nl,128,0.0,main,16,0.05,3e-08,0.03,6.0,5
1000,1000,1.0,0.0001,4,nl,128,0.0,main,16,0.1,1e-08,0.1,7.0,10
1000,1000,1.0,0.0001,4,nl,128,0.0,main,16,0.5,1e-08,0.1,7.0,11
1000,1000,1.0,0.0001,4,nl,128,0.0,main,16,1.0,1e-08,0.1,7.0,12
1000,1000,1.0,0.0001,4,nl,128,1.0,main,1,0.01,,,,0
1000,1000,1.0,0.0001,4,nl,128,1.0,main,1,0.05,,,,0
1000,1000,1.0,0.0001,4,nl,128,1.0,main,1,0.1,,,,0
1000,1000,1.0,0.0001,4,nl,128,1.0,main,1,0.5,0.0001,0.001,1.0,3
1000,1000,1.0,0.0001,4,nl,128,1.0,main,1,1.0,1e-07,0.1,6.0,8
1000,1000,1.0,0.0001,4,nl,128,1.0,main,2,0.01,,,,0
1000,1000,1.0,0.0001,4,nl,128,1.0,main,2,0.05,,,,0
1000,1000,1.0,0.0001,4,nl,128,1.0,main,2,0.1,,,,0
1000,1000,1.0,0.0001,4,nl,128,1.0,main,2,0.5,1e-07,0.1,6.0,8
1000,1000,1.0,0.0001,4,nl,128,1.0,main,2,1.0,1e-08,0.1,7.0,11
1000,1000,1.0,0.0001,4,nl,128,1.0,main,4,0.01,,,,0
1000,1000,1.0,0.0001,4,nl,128,1.0,main,4,0.05,,,,0
1000,1000,1.0,0.0001,4,nl,128,1.0,main,4,0.1,0.0003,0.001,0.5228787452803376,2
1000,1000,1.0,0.0001,4,nl,128,1.0,main,4,0.5,1e-08,0.1,7.0,11
1000,1000,1.0,0.0001,4,nl,128,1.0,main,4,1.0,1e-08,0.1,7.0,12
1000,1000,1.0,0.0001,4,nl,128,1.0,main,8,0.01,,,,0
1000,1000,1.0,0.0001,4,nl,128,1.0,main,8,0.05,0.0003,0.001,0.5228787452803376,2
1000,1000,1.0,0.0001,4,nl,128,1.0,main,8,0.1,0.0001,0.003,1.4771212547196624,4
1000,1000,1.0,0.0001,4,nl,128,1.0,main,8,0.5,1e-08,0.1,7.0,12
1000,1000,1.0,0.0001,4,nl,128,1.0,main,8,1.0,1e-08,0.1,7.0,13
1000,1000,1.0,0.0001,4,nl,128,1.0,main,16,0.01,,,,0
1000,1000,1.0,0.0001,4,nl,128,1.0,main,16,0.05,0.0001,0.003,1.4771212547196624,4
1000,1000,1.0,0.0001,4,nl,128,1.0,main,16,0.1,1e-08,0.1,7.0,11
1000,1000,1.0,0.0001,4,nl,128,1.0,main,16,0.5,1e-08,0.1,7.0,13
1000,1000,1.0,0.0001,4,nl,128,1.0,main,16,1.0,1e-08,0.1,7.0,14
1000,1000,1.0,0.0001,8,lin,128,0.0,main,1,0.01,0.0003,0.003,1.0,3
1000,1000,1.0,0.0001,8,lin,128,0.0,main,1,0.05,0.0001,0.003,1.4771212547196624,4
1000,1000,1.0,0.0001,8,lin,128,0.0,main,1,0.1,0.0001,0.01,2.0,5
1000,1000,1.0,0.0001,8,lin,128,0.0,main,1,0.5,0.0001,0.03,2.4771212547196626,6
1000,1000,1.0,0.0001,8,lin,128,0.0,main,1,1.0,1e-08,0.1,7.0,9
1000,1000,1.0,0.0001,8,lin,128,0.0,main,2,0.01,0.0003,0.003,1.0,3
1000,1000,1.0,0.0001,8,lin,128,0.0,main,2,0.05,0.0001,0.01,2.0,5
1000,1000,1.0,0.0001,8,lin,128,0.0,main,2,0.1,0.0001,0.01,2.0,5
1000,1000,1.0,0.0001,8,lin,128,0.0,main,2,0.5,1e-08,0.1,7.0,9
1000,1000,1.0,0.0001,8,lin,128,0.0,main,2,1.0,1e-08,0.1,7.0,10
1000,1000,1.0,0.0001,8,lin,128,0.0,main,4,0.01,0.0001,0.003,1.4771212547196624,4
1000,1000,1.0,0.0001,8,lin,128,0.0,main,4,0.05,0.0001,0.01,2.0,5
1000,1000,1.0,0.0001,8,lin,128,0.0,main,4,0.1,0.0001,0.01,2.0,5
1000,1000,1.0,0.0001,8,lin,128,0.0,main,4,0.5,1e-08,0.1,7.0,10
1000,1000,1.0,0.0001,8,lin,128,0.0,main,4,1.0,1e-08,0.1,7.0,11
1000,1000,1.0,0.0001,8,lin,128,0.0,main,8,0.01,0.0001,0.003,1.4771212547196624,4
1000,1000,1.0,0.0001,8,lin,128,0.0,main,8,0.05,0.0001,0.01,2.0,5
1000,1000,1.0,0.0001,8,lin,128,0.0,main,8,0.1,1e-08,0.03,6.477121254719663,8
1000,1000,1.0,0.0001,8,lin,128,0.0,main,8,0.5,1e-08,0.1,7.0,11
1000,1000,1.0,0.0001,8,lin,128,0.0,main,8,1.0,1e-08,0.1,7.0,11
1000,1000,1.0,0.0001,8,lin,128,0.0,main,16,0.01,0.0001,0.01,2.0,5
1000,1000,1.0,0.0001,8,lin,128,0.0,main,16,0.05,1e-08,0.03,6.477121254719663,8
1000,1000,1.0,0.0001,8,lin,128,0.0,main,16,0.1,1e-08,0.1,7.0,9
1000,1000,1.0,0.0001,8,lin,128,0.0,main,16,0.5,1e-08,0.1,7.0,11
1000,1000,1.0,0.0001,8,lin,128,0.0,main,16,1.0,1e-08,0.1,7.0,13
1000,1000,1.0,0.0001,8,lin,128,1.0,main,1,0.01,0.001,0.001,0.0,1
1000,1000,1.0,0.0001,8,lin,128,1.0,main,1,0.05,0.0003,0.003,1.0,3
1000,1000,1.0,0.0001,8,lin,128,1.0,main,1,0.1,0.0003,0.003,1.0,3
1000,1000,1.0,0.0001,8,lin,128,1.0,main,1,0.5,0.0001,0.01,2.0,5
1000,1000,1.0,0.0001,8,lin,128,1.0,main,1,1.0,3e-05,0.1,3.5228787452803374,8
1000,1000,1.0,0.0001,8,lin,128,1.0,main,2,0.01,0.0003,0.001,0.5228787452803376,2
1000,1000,1.0,0.0001,8,lin,128,1.0,main,2,0.05,0.0003,0.003,1.0,3
1000,1000,1.0,0.0001,8,lin,128,1.0,main,2,0.1,0.0001,0.01,2.0,5
1000,1000,1.0,0.0001,8,lin,128,1.0,main,2,0.5,3e-05,0.1,3.5228787452803374,8
1000,1000,1.0,0.0001,8,lin,128,1.0,main,2,1.0,3e-05,0.1,3.5228787452803374,8
1000,1000,1.0,0.0001,8,lin,128,1.0,main,4,0.01,0.0003,0.003,1.0,3
1000,1000,1.0,0.0001,8,lin,128,1.0,main,4,0.05,0.0001,0.01,2.0,5
1000,1000,1.0,0.0001,8,lin,128,1.0,main,4,0.1,0.0001,0.01,2.0,5
1000,1000,1.0,0.0001,8,lin,128,1.0,main,4,0.5,3e-05,0.1,3.5228787452803374,8
1000,1000,1.0,0.0001,8,lin,128,1.0,main,4,1.0,3e-05,0.1,3.5228787452803374,8
1000,1000,1.0,0.0001,8,lin,128,1.0,main,8,0.01,0.0003,0.003,1.0,3
1000,1000,1.0,0.0001,8,lin,128,1.0,main,8,0.05,0.0001,0.01,2.0,5
1000,1000,1.0,0.0001,8,lin,128,1.0,main,8,0.1,0.0001,0.1,3.0,7
1000,1000,1.0,0.0001,8,lin,128,1.0,main,8,0.5,3e-05,0.1,3.5228787452803374,8
1000,1000,1.0,0.0001,8,lin,128,1.0,main,8,1.0,1e-05,0.1,4.0,9
1000,1000,1.0,0.0001,8,lin,128,1.0,main,16,0.01,0.0001,0.003,1.4771212547196624,4
1000,1000,1.0,0.0001,8,lin,128,1.0,main,16,0.05,0.0001,0.1,3.0,7
1000,1000,1.0,0.0001,8,lin,128,1.0,main,16,0.1,3e-05,0.1,3.5228787452803374,8
1000,1000,1.0,0.0001,8,lin,128,1.0,main,16,0.5,1e-05,0.1,4.0,9
1000,1000,1.0,0.0001,8,lin,128,1.0,main,16,1.0,3e-06,0.1,4.522878745280337,10
1000,1000,1.0,0.0001,8,nl,128,0.0,main,1,0.01,,,,0
1000,1000,1.0,0.0001,8,nl,128,0.0,main,1,0.05,,,,0
1000,1000,1.0,0.0001,8,nl,128,0.0,main,1,0.1,,,,0
1000,1000,1.0,0.0001,8,nl,128,0.0,main,1,0.5,3e-05,0.003,2.0,5
1000,1000,1.0,0.0001,8,nl,128,0.0,main,1,1.0,3e-05,0.01,2.5228787452803374,6
1000,1000,1.0,0.0001,8,nl,128,0.0,main,2,0.01,,,,0
1000,1000,1.0,0.0001,8,nl,128,0.0,main,2,0.05,,,,0
1000,1000,1.0,0.0001,8,nl,128,0.0,main,2,0.1,0.001,0.003,0.47712125471966244,2
1000,1000,1.0,0.0001,8,nl,128,0.0,main,2,0.5,3e-05,0.01,2.5228787452803374,6
1000,1000,1.0,0.0001,8,nl,128,0.0,main,2,1.0,1e-08,0.1,7.0,10
1000,1000,1.0,0.0001,8,nl,128,0.0,main,4,0.01,,,,0
1000,1000,1.0,0.0001,8,nl,128,0.0,main,4,0.05,0.001,0.003,0.47712125471966244,2
1000,1000,1.0,0.0001,8,nl,128,0.0,main,4,0.1,0.0001,0.003,1.4771212547196624,4
1000,1000,1.0,0.0001,8,nl,128,0.0,main,4,0.5,1e-08,0.1,7.0,10
1000,1000,1.0,0.0001,8,nl,128,0.0,main,4,1.0,1e-08,0.1,7.0,10
1000,1000,1.0,0.0001,8,nl,128,0.0,main,8,0.01,,,,0
1000,1000,1.0,0.0001,8,nl,128,0.0,main,8,0.05,0.0001,0.003,1.4771212547196624,4
1000,1000,1.0,0.0001,8,nl,128,0.0,main,8,0.1,3e-05,0.01,2.5228787452803374,6
1000,1000,1.0,0.0001,8,nl,128,0.0,main,8,0.5,1e-08,0.1,7.0,10
1000,1000,1.0,0.0001,8,nl,128,0.0,main,8,1.0,1e-08,0.1,7.0,11
1000,1000,1.0,0.0001,8,nl,128,0.0,main,16,0.01,,,,0
1000,1000,1.0,0.0001,8,nl,128,0.0,main,16,0.05,3e-05,0.01,2.5228787452803374,6
1000,1000,1.0,0.0001,8,nl,128,0.0,main,16,0.1,1e-08,0.1,7.0,10
1000,1000,1.0,0.0001,8,nl,128,0.0,main,16,0.5,1e-08,0.1,7.0,11
1000,1000,1.0,0.0001,8,nl,128,0.0,main,16,1.0,1e-08,0.1,7.0,11
1000,1000,1.0,0.0001,8,nl,128,1.0,main,1,0.01,,,,0
1000,1000,1.0,0.0001,8,nl,128,1.0,main,1,0.05,,,,0
1000,1000,1.0,0.0001,8,nl,128,1.0,main,1,0.1,,,,0
1000,1000,1.0,0.0001,8,nl,128,1.0,main,1,0.5,0.0003,0.03,2.0,5
1000,1000,1.0,0.0001,8,nl,128,1.0,main,1,1.0,0.0003,0.1,2.5228787452803374,6
1000,1000,1.0,0.0001,8,nl,128,1.0,main,2,0.01,,,,0
1000,1000,1.0,0.0001,8,nl,128,1.0,main,2,0.05,,,,0
1000,1000,1.0,0.0001,8,nl,128,1.0,main,2,0.1,,,,0
1000,1000,1.0,0.0001,8,nl,128,1.0,main,2,0.5,0.0003,0.1,2.5228787452803374,6
1000,1000,1.0,0.0001,8,nl,128,1.0,main,2,1.0,0.0001,0.1,3.0,7
1000,1000,1.0,0.0001,8,nl,128,1.0,main,4,0.01,,,,0
1000,1000,1.0,0.0001,8,nl,128,1.0,main,4,0.05,,,,0
1000,1000,1.0,0.0001,8,nl,128,1.0,main,4,0.1,0.001,0.03,1.4771212547196624,4
1000,1000,1.0,0.0001,8,nl,128,1.0,main,4,0.5,0.0001,0.1,3.0,7
1000,1000,1.0,0.0001,8,nl,128,1.0,main,4,1.0,0.0001,0.1,3.0,7
1000,1000,1.0,0.0001,8,nl,128,1.0,main,8,0.01,,,,0
1000,1000,1.0,0.0001,8,nl,128,1.0,main,8,0.05,0.001,0.03,1.4771212547196624,4
1000,1000,1.0,0.0001,8,nl,128,1.0,main,8,0.1,0.0003,0.1,2.5228787452803374,6
1000,1000,1.0,0.0001,8,nl,128,1.0,main,8,0.5,0.0001,0.1,3.0,7
1000,1000,1.0,0.0001,8,nl,128,1.0,main,8,1.0,3e-07,0.1,5.522878745280337,8
1000,1000,1.0,0.0001,8,nl,128,1.0,main,16,0.01,,,,0
1000,1000,1.0,0.0001,8,nl,128,1.0,main,16,0.05,0.0003,0.1,2.5228787452803374,6
1000,1000,1.0,0.0001,8,nl,128,1.0,main,16,0.1,0.0001,0.1,3.0,7
1000,1000,1.0,0.0001,8,nl,128,1.0,main,16,0.5,3e-07,0.1,5.522878745280337,8
1000,1000,1.0,0.0001,8,nl,128,1.0,main,16,1.0,3e-07,0.1,5.522878745280337,9
1000,1000,1.0,0.001,4,lin,128,0.0,main,1,0.01,,,,0
1000,1000,1.0,0.001,4,lin,128,0.0,main,1,0.05,0.001,0.003,0.47712125471966244,2
1000,1000,1.0,0.001,4,lin,128,0.0,main,1,0.1,0.001,0.003,0.47712125471966244,2
1000,1000,1.0,0.001,4,lin,128,0.0,main,1,0.5,0.001,0.01,1.0,3
1000,1000,1.0,0.001,4,lin,128,0.0,main,1,1.0,0.0003,0.1,2.5228787452803374,6
1000,1000,1.0,0.001,4,lin,128,0.0,main,2,0.01,0.003,0.003,0.0,1
1000,1000,1.0,0.001,4,lin,128,0.0,main,2,0.05,0.001,0.003,0.47712125471966244,2
1000,1000,1.0,0.001,4,lin,128,0.0,main,2,0.1,0.001,0.003,0.47712125471966244,2
1000,1000,1.0,0.001,4,lin,128,0.0,main,2,0.5,0.0003,0.1,2.5228787452803374,6
1000,1000,1.0,0.001,4,lin,128,0.0,main,2,1.0,1e-08,0.1,7.0,8
1000,1000,1.0,0.001,4,lin,128,0.0,main,4,0.01,0.003,0.003,0.0,1
1000,1000,1.0,0.001,4,lin,128,0.0,main,4,0.05,0.001,0.003,0.47712125471966244,2
1000,1000,1.0,0.001,4,lin,128,0.0,main,4,0.1,0.001,0.01,1.0,3
1000,1000,1.0,0.001,4,lin,128,0.0,main,4,0.5,1e-08,0.1,7.0,8
1000,1000,1.0,0.001,4,lin,128,0.0,main,4,1.0,1e-08,0.1,7.0,9
1000,1000,1.0,0.001,4,lin,128,0.0,main,8,0.01,0.001,0.003,0.47712125471966244,2
1000,1000,1.0,0.001,4,lin,128,0.0,main,8,0.05,0.001,0.01,1.0,3
1000,1000,1.0,0.001,4,lin,128,0.0,main,8,0.1,0.0003,0.01,1.5228787452803376,4
1000,1000,1.0,0.001,4,lin,128,0.0,main,8,0.5,1e-08,0.1,7.0,9
1000,1000,1.0,0.001,4,lin,128,0.0,main,8,1.0,1e-08,0.1,7.0,9
1000,1000,1.0,0.001,4,lin,128,0.0,main,16,0.01,0.001,0.003,0.47712125471966244,2
1000,1000,1.0,0.001,4,lin,128,0.0,main,16,0.05,0.0003,0.01,1.5228787452803376,4
1000,1000,1.0,0.001,4,lin,128,0.0,main,16,0.1,1e-08,0.1,7.0,8
1000,1000,1.0,0.001,4,lin,128,0.0,main,16,0.5,1e-08,0.1,7.0,9
1000,1000,1.0,0.001,4,lin,128,0.0,main,16,1.0,1e-08,0.1,7.0,10
1000,1000,1.0,0.001,4,lin,128,1.0,main,1,0.01,,,,0
1000,1000,1.0,0.001,4,lin,128,1.0,main,1,0.05,,,,0
1000,1000,1.0,0.001,4,lin,128,1.0,main,1,0.1,,,,0
1000,1000,1.0,0.001,4,lin,128,1.0,main,1,0.5,0.0003,0.01,1.5228787452803376,4
1000,1000,1.0,0.001,4,lin,128,1.0,main,1,1.0,1e-08,0.03,6.477121254719663,6
1000,1000,1.0,0.001,4,lin,128,1.0,main,2,0.01,,,,0
1000,1000,1.0,0.001,4,lin,128,1.0,main,2,0.05,,,,0
1000,1000,1.0,0.001,4,lin,128,1.0,main,2,0.1,0.001,0.003,0.47712125471966244,2
1000,1000,1.0,0.001,4,lin,128,1.0,main,2,0.5,1e-08,0.03,6.477121254719663,6
1000,1000,1.0,0.001,4,lin,128,1.0,main,2,1.0,1e-08,0.1,7.0,7
1000,1000,1.0,0.001,4,lin,128,1.0,main,4,0.01,,,,0
1000,1000,1.0,0.001,4,lin,128,1.0,main,4,0.05,0.001,0.003,0.47712125471966244,2
1000,1000,1.0,0.001,4,lin,128,1.0,main,4,0.1,0.001,0.003,0.47712125471966244,2
1000,1000,1.0,0.001,4,lin,128,1.0,main,4,0.5,1e-08,0.1,7.0,7
1000,1000,1.0,0.001,4,lin,128,1.0,main,4,1.0,1e-08,0.1,7.0,8
1000,1000,1.0,0.001,4,lin,128,1.0,main,8,0.01,,,,0
1000,1000,1.0,0.001,4,lin,128,1.0,main,8,0.05,0.001,0.003,0.47712125471966244,2
1000,1000,1.0,0.001,4,lin,128,1.0,main,8,0.1,0.0003,0.03,2.0,5
1000,1000,1.0,0.001,4,lin,128,1.0,main,8,0.5,1e-08,0.1,7.0,8
1000,1000,1.0,0.001,4,lin,128,1.0,main,8,1.0,1e-08,0.1,7.0,8
1000,1000,1.0,0.001,4,lin,128,1.0,main,16,0.01,0.001,0.001,0.0,1
1000,1000,1.0,0.001,4,lin,128,1.0,main,16,0.05,0.0003,0.03,2.0,5
1000,1000,1.0,0.001,4,lin,128,1.0,main,16,0.1,1e-08,0.1,7.0,7
1000,1000,1.0,0.001,4,lin,128,1.0,main,16,0.5,1e-08,0.1,7.0,8
1000,1000,1.0,0.001,4,lin,128,1.0,main,16,1.0,1e-08,0.1,7.0,9
1000,1000,1.0,0.001,4,nl,128,0.0,main,1,0.01,,,,0
1000,1000,1.0,0.001,4,nl,128,0.0,main,1,0.05,,,,0
1000,1000,1.0,0.001,4,nl,128,0.0,main,1,0.1,,,,0
1000,1000,1.0,0.001,4,nl,128,0.0,main,1,0.5,0.0003,0.003,1.0,3
1000,1000,1.0,0.001,4,nl,128,0.0,main,1,1.0,1e-08,0.03,6.477121254719663,7
1000,1000,1.0,0.001,4,nl,128,0.0,main,2,0.01,,,,0
1000,1000,1.0,0.001,4,nl,128,0.0,main,2,0.05,,,,0
1000,1000,1.0,0.001,4,nl,128,0.0,main,2,0.1,,,,0
1000,1000,1.0,0.001,4,nl,128,0.0,main,2,0.5,1e-08,0.03,6.477121254719663,7
1000,1000,1.0,0.001,4,nl,128,0.0,main,2,1.0,1e-08,0.1,7.0,10
1000,1000,1.0,0.001,4,nl,128,0.0,main,4,0.01,,,,0
1000,1000,1.0,0.001,4,nl,128,0.0,main,4,0.05,,,,0
1000,1000,1.0,0.001,4,nl,128,0.0,main,4,0.1,0.001,0.003,0.47712125471966244,2
1000,1000,1.0,0.001,4,nl,128,0.0,main,4,0.5,1e-08,0.1,7.0,10
1000,1000,1.0,0.001,4,nl,128,0.0,main,4,1.0,1e-08,0.1,7.0,10
1000,1000,1.0,0.001,4,nl,128,0.0,main,8,0.01,,,,0
1000,1000,1.0,0.001,4,nl,128,0.0,main,8,0.05,0.001,0.003,0.47712125471966244,2
1000,1000,1.0,0.001,4,nl,128,0.0,main,8,0.1,0.0003,0.03,2.0,4
1000,1000,1.0,0.001,4,nl,128,0.0,main,8,0.5,1e-08,0.1,7.0,10
1000,1000,1.0,0.001,4,nl,128,0.0,main,8,1.0,1e-08,0.1,7.0,12
1000,1000,1.0,0.001,4,nl,128,0.0,main,16,0.01,,,,0
1000,1000,1.0,0.001,4,nl,128,0.0,main,16,0.05,0.0003,0.03,2.0,4
1000,1000,1.0,0.001,4,nl,128,0.0,main,16,0.1,1e-08,0.1,7.0,10
1000,1000,1.0,0.001,4,nl,128,0.0,main,16,0.5,1e-08,0.1,7.0,12
1000,1000,1.0,0.001,4,nl,128,0.0,main,16,1.0,1e-08,0.1,7.0,13
1000,1000,1.0,0.001,4,nl,128,1.0,main,1,0.01,,,,0
1000,1000,1.0,0.001,4,nl,128,1.0,main,1,0.05,,,,0
1000,1000,1.0,0.001,4,nl,128,1.0,main,1,0.1,,,,0
1000,1000,1.0,0.001,4,nl,128,1.0,main,1,0.5,0.001,0.003,0.47712125471966244,2
1000,1000,1.0,0.001,4,nl,128,1.0,main,1,1.0,3e-08,0.1,6.522878745280337,7
1000,1000,1.0,0.001,4,nl,128,1.0,main,2,0.01,,,,0
1000,1000,1.0,0.001,4,nl,128,1.0,main,2,0.05,,,,0
1000,1000,1.0,0.001,4,nl,128,1.0,main,2,0.1,,,,0
1000,1000,1.0,0.001,4,nl,128,1.0,main,2,0.5,3e-08,0.1,6.522878745280337,7
1000,1000,1.0,0.001,4,nl,128,1.0,main,2,1.0,1e-08,0.1,7.0,10
1000,1000,1.0,0.001,4,nl,128,1.0,main,4,0.01,,,,0
1000,1000,1.0,0.001,4,nl,128,1.0,main,4,0.05,,,,0
1000,1000,1.0,0.001,4,nl,128,1.0,main,4,0.1,0.001,0.003,0.47712125471966244,2
1000,1000,1.0,0.001,4,nl,128,1.0,main,4,0.5,1e-08,0.1,7.0,10
1000,1000,1.0,0.001,4,nl,128,1.0,main,4,1.0,1e-08,0.1,7.0,11
1000,1000,1.0,0.001,4,nl,128,1.0,main,8,0.01,,,,0
1000,1000,1.0,0.001,4,nl,128,1.0,main,8,0.05,0.001,0.003,0.47712125471966244,2
1000,1000,1.0,0.001,4,nl,128,1.0,main,8,0.1,1e-07,0.01,5.0,5
1000,1000,1.0,0.001,4,nl,128,1.0,main,8,0.5,1e-08,0.1,7.0,11
1000,1000,1.0,0.001,4,nl,128,1.0,main,8,1.0,1e-08,0.1,7.0,12
1000,1000,1.0,0.001,4,nl,128,1.0,main,16,0.01,,,,0
1000,1000,1.0,0.001,4,nl,128,1.0,main,16,0.05,1e-07,0.01,5.0,5
1000,1000,1.0,0.001,4,nl,128,1.0,main,16,0.1,1e-08,0.1,7.0,10
1000,1000,1.0,0.001,4,nl,128,1.0,main,16,0.5,1e-08,0.1,7.0,12
1000,1000,1.0,0.001,4,nl,128,1.0,main,16,1.0,1e-08,0.1,7.0,13
1000,1000,1.0,0.001,8,lin,128,0.0,main,1,0.01,0.003,0.03,1.0,3
1000,1000,1.0,0.001,8,lin,128,0.0,main,1,0.05,0.001,0.03,1.4771212547196624,4
1000,1000,1.0,0.001,8,lin,128,0.0,main,1,0.1,0.001,0.1,2.0,5
1000,1000,1.0,0.001,8,lin,128,0.0,main,1,0.5,0.0003,0.1,2.5228787452803374,6
1000,1000,1.0,0.001,8,lin,128,0.0,main,1,1.0,1e-08,0.1,7.0,8
1000,1000,1.0,0.001,8,lin,128,0.0,main,2,0.01,0.003,0.03,1.0,3
1000,1000,1.0,0.001,8,lin,128,0.0,main,2,0.05,0.001,0.1,2.0,5
1000,1000,1.0,0.001,8,lin,128,0.0,main,2,0.1,0.001,0.1,2.0,5
1000,1000,1.0,0.001,8,lin,128,0.0,main,2,0.5,1e-08,0.1,7.0,8
1000,1000,1.0,0.001,8,lin,128,0.0,main,2,1.0,1e-08,0.1,7.0,10
1000,1000,1.0,0.001,8,lin,128,0.0,main,4,0.01,0.001,0.03,1.4771212547196624,4
1000,1000,1.0,0.001,8,lin,128,0.0,main,4,0.05,0.001,0.1,2.0,5
1000,1000,1.0,0.001,8,lin,128,0.0,main,4,0.1,0.0003,0.1,2.5228787452803374,6
1000,1000,1.0,0.001,8,lin,128,0.0,main,4,0.5,1e-08,0.1,7.0,10
1000,1000,1.0,0.001,8,lin,128,0.0,main,4,1.0,1e-08,0.1,7.0,11
1000,1000,1.0,0.001,8,lin,128,0.0,main,8,0.01,0.001,0.03,1.4771212547196624,4
1000,1000,1.0,0.001,8,lin,128,0.0,main,8,0.05,0.0003,0.1,2.5228787452803374,6
1000,1000,1.0,0.001,8,lin,128,0.0,main,8,0.1,0.0003,0.1,2.5228787452803374,6
1000,1000,1.0,0.001,8,lin,128,0.0,main,8,0.5,1e-08,0.1,7.0,11
1000,1000,1.0,0.001,8,lin,128,0.0,main,8,1.0,1e-08,0.1,7.0,11
1000,1000,1.0,0.001,8,lin,128,0.0,main,16,0.01,0.001,0.1,2.0,5
1000,1000,1.0,0.001,8,lin,128,0.0,main,16,0.05,0.0003,0.1,2.5228787452803374,6
1000,1000,1.0,0.001,8,lin,128,0.0,main,16,0.1,1e-08,0.1,7.0,10
1000,1000,1.0,0.001,8,lin,128,0.0,main,16,0.5,1e-08,0.1,7.0,11
1000,1000,1.0,0.001,8,lin,128,0.0,main,16,1.0,1e-08,0.1,7.0,13
1000,1000,1.0,0.001,8,lin,128,1.0,main,1,0.01,0.01,0.03,0.47712125471966244,2
1000,1000,1.0,0.001,8,lin,128,1.0,main,1,0.05,0.01,0.1,1.0,3
1000,1000,1.0,0.001,8,lin,128,1.0,main,1,0.1,0.003,0.1,1.5228787452803376,4
1000,1000,1.0,0.001,8,lin,128,1.0,main,1,0.5,0.001,0.1,2.0,5
1000,1000,1.0,0.001,8,lin,128,1.0,main,1,1.0,1e-08,0.1,7.0,7
1000,1000,1.0,0.001,8,lin,128,1.0,main,2,0.01,0.01,0.03,0.47712125471966244,2
1000,1000,1.0,0.001,8,lin,128,1.0,main,2,0.05,0.003,0.1,1.5228787452803376,4
1000,1000,1.0,0.001,8,lin,128,1.0,main,2,0.1,0.003,0.1,1.5228787452803376,4
1000,1000,1.0,0.001,8,lin,128,1.0,main,2,0.5,1e-08,0.1,7.0,7
1000,1000,1.0,0.001,8,lin,128,1.0,main,2,1.0,1e-08,0.1,7.0,9
1000,1000,1.0,0.001,8,lin,128,1.0,main,4,0.01,0.01,0.03,0.47712125471966244,2
1000,1000,1.0,0.001,8,lin,128,1.0,main,4,0.05,0.003,0.1,1.5228787452803376,4
1000,1000,1.0,0.001,8,lin,128,1.0,main,4,0.1,0.001,0.1,2.0,5
1000,1000,1.0,0.001,8,lin,128,1.0,main,4,0.5,1e-08,0.1,7.0,9
1000,1000,1.0,0.001,8,lin,128,1.0,main,4,1.0,1e-08,0.1,7.0,9
1000,1000,1.0,0.001,8,lin,128,1.0,main,8,0.01,0.003,0.1,1.5228787452803376,4
1000,1000,1.0,0.001,8,lin,128,1.0,main,8,0.05,0.001,0.1,2.0,5
1000,1000,1.0,0.001,8,lin,128,1.0,main,8,0.1,0.001,0.1,2.0,5
1000,1000,1.0,0.001,8,lin,128,1.0,main,8,0.5,1e-08,0.1,7.0,9
1000,1000,1.0,0.001,8,lin,128,1.0,main,8,1.0,1e-08,0.1,7.0,10
1000,1000,1.0,0.001,8,lin,128,1.0,main,16,0.01,0.003,0.1,1.5228787452803376,4
1000,1000,1.0,0.001,8,lin,128,1.0,main,16,0.05,0.001,0.1,2.0,5
1000,1000,1.0,0.001,8,lin,128,1.0,main,16,0.1,1e-08,0.1,7.0,9
1000,1000,1.0,0.001,8,lin,128,1.0,main,16,0.5,1e-08,0.1,7.0,10
1000,1000,1.0,0.001,8,lin,128,1.0,main,16,1.0,1e-08,0.1,7.0,11
1000,1000,1.0,0.001,8,nl,128,0.0,main,1,0.01,,,,0
1000,1000,1.0,0.001,8,nl,128,0.0,main,1,0.05,,,,0
1000,1000,1.0,0.001,8,nl,128,0.0,main,1,0.1,,,,0
1000,1000,1.0,0.001,8,nl,128,0.0,main,1,0.5,0.0003,0.03,2.0,5
1000,1000,1.0,0.001,8,nl,128,0.0,main,1,1.0,1e-08,0.1,7.0,9
1000,1000,1.0,0.001,8,nl,128,0.0,main,2,0.01,,,,0
1000,1000,1.0,0.001,8,nl,128,0.0,main,2,0.05,,,,0
1000,1000,1.0,0.001,8,nl,128,0.0,main,2,0.1,0.01,0.01,0.0,1
1000,1000,1.0,0.001,8,nl,128,0.0,main,2,0.5,1e-08,0.1,7.0,9
1000,1000,1.0,0.001,8,nl,128,0.0,main,2,1.0,1e-08,0.1,7.0,10
1000,1000,1.0,0.001,8,nl,128,0.0,main,4,0.01,,,,0
1000,1000,1.0,0.001,8,nl,128,0.0,main,4,0.05,0.01,0.01,0.0,1
1000,1000,1.0,0.001,8,nl,128,0.0,main,4,0.1,0.001,0.03,1.4771212547196624,4
1000,1000,1.0,0.001,8,nl,128,0.0,main,4,0.5,1e-08,0.1,7.0,10
1000,1000,1.0,0.001,8,nl,128,0.0,main,4,1.0,1e-08,0.1,7.0,10
1000,1000,1.0,0.001,8,nl,128,0.0,main,8,0.01,,,,0
1000,1000,1.0,0.001,8,nl,128,0.0,main,8,0.05,0.001,0.03,1.4771212547196624,4
1000,1000,1.0,0.001,8,nl,128,0.0,main,8,0.1,3e-08,0.03,6.0,6
1000,1000,1.0,0.001,8,nl,128,0.0,main,8,0.5,1e-08,0.1,7.0,10
1000,1000,1.0,0.001,8,nl,128,0.0,main,8,1.0,1e-08,0.1,7.0,11
1000,1000,1.0,0.001,8,nl,128,0.0,main,16,0.01,,,,0
1000,1000,1.0,0.001,8,nl,128,0.0,main,16,0.05,3e-08,0.03,6.0,6
1000,1000,1.0,0.001,8,nl,128,0.0,main,16,0.1,1e-08,0.1,7.0,9
1000,1000,1.0,0.001,8,nl,128,0.0,main,16,0.5,1e-08,0.1,7.0,11
1000,1000,1.0,0.001,8,nl,128,0.0,main,16,1.0,1e-08,0.1,7.0,11
1000,1000,1.0,0.001,8,nl,128,1.0,main,1,0.01,,,,0
1000,1000,1.0,0.001,8,nl,128,1.0,main,1,0.05,,,,0
1000,1000,1.0,0.001,8,nl,128,1.0,main,1,0.1,,,,0
1000,1000,1.0,0.001,8,nl,128,1.0,main,1,0.5,0.01,0.1,1.0,3
1000,1000,1.0,0.001,8,nl,128,1.0,main,1,1.0,1e-08,0.1,7.0,6
1000,1000,1.0,0.001,8,nl,128,1.0,main,2,0.01,,,,0
1000,1000,1.0,0.001,8,nl,128,1.0,main,2,0.05,,,,0
1000,1000,1.0,0.001,8,nl,128,1.0,main,2,0.1,,,,0
1000,1000,1.0,0.001,8,nl,128,1.0,main,2,0.5,1e-08,0.1,7.0,6
1000,1000,1.0,0.001,8,nl,128,1.0,main,2,1.0,1e-08,0.1,7.0,7
1000,1000,1.0,0.001,8,nl,128,1.0,main,4,0.01,,,,0
1000,1000,1.0,0.001,8,nl,128,1.0,main,4,0.05,,,,0
1000,1000,1.0,0.001,8,nl,128,1.0,main,4,0.1,0.03,0.1,0.5228787452803376,2
1000,1000,1.0,0.001,8,nl,128,1.0,main,4,0.5,1e-08,0.1,7.0,7
1000,1000,1.0,0.001,8,nl,128,1.0,main,4,1.0,1e-08,0.1,7.0,8
1000,1000,1.0,0.001,8,nl,128,1.0,main,8,0.01,,,,0
1000,1000,1.0,0.001,8,nl,128,1.0,main,8,0.05,0.03,0.1,0.5228787452803376,2
1000,1000,1.0,0.001,8,nl,128,1.0,main,8,0.1,0.01,0.1,1.0,3
1000,1000,1.0,0.001,8,nl,128,1.0,main,8,0.5,1e-08,0.1,7.0,8
1000,1000,1.0,0.001,8,nl,128,1.0,main,8,1.0,1e-08,0.1,7.0,8
1000,1000,1.0,0.001,8,nl,128,1.0,main,16,0.01,,,,0
1000,1000,1.0,0.001,8,nl,128,1.0,main,16,0.05,0.01,0.1,1.0,3
1000,1000,1.0,0.001,8,nl,128,1.0,main,16,0.1,1e-08,0.1,7.0,7
1000,1000,1.0,0.001,8,nl,128,1.0,main,16,0.5,1e-08,0.1,7.0,8
1000,1000,1.0,0.001,8,nl,128,1.0,main,16,1.0,1e-08,0.1,7.0,10
1000,1000,1.0,0.01,4,lin,128,0.0,main,1,0.01,,,,0
1000,1000,1.0,0.01,4,lin,128,0.0,main,1,0.05,0.01,0.03,0.47712125471966244,2
1000,1000,1.0,0.01,4,lin,128,0.0,main,1,0.1,0.01,0.03,0.47712125471966244,2
1000,1000,1.0,0.01,4,lin,128,0.0,main,1,0.5,0.003,0.1,1.5228787452803376,4
1000,1000,1.0,0.01,4,lin,128,0.0,main,1,1.0,3e-08,0.1,6.522878745280337,8
1000,1000,1.0,0.01,4,lin,128,0.0,main,2,0.01,0.03,0.03,0.0,1
1000,1000,1.0,0.01,4,lin,128,0.0,main,2,0.05,0.01,0.03,0.47712125471966244,2
1000,1000,1.0,0.01,4,lin,128,0.0,main,2,0.1,0.01,0.03,0.47712125471966244,2
1000,1000,1.0,0.01,4,lin,128,0.0,main,2,0.5,3e-08,0.1,6.522878745280337,8
1000,1000,1.0,0.01,4,lin,128,0.0,main,2,1.0,1e-08,0.1,7.0,10
1000,1000,1.0,0.01,4,lin,128,0.0,main,4,0.01,0.03,0.03,0.0,1
1000,1000,1.0,0.01,4,lin,128,0.0,main,4,0.05,0.01,0.03,0.47712125471966244,2
1000,1000,1.0,0.01,4,lin,128,0.0,main,4,0.1,0.01,0.1,1.0,3
1000,1000,1.0,0.01,4,lin,128,0.0,main,4,0.5,1e-08,0.1,7.0,10
1000,1000,1.0,0.01,4,lin,128,0.0,main,4,1.0,1e-08,0.1,7.0,10
1000,1000,1.0,0.01,4,lin,128,0.0,main,8,0.01,0.01,0.03,0.47712125471966244,2
1000,1000,1.0,0.01,4,lin,128,0.0,main,8,0.05,0.01,0.1,1.0,3
1000,1000,1.0,0.01,4,lin,128,0.0,main,8,0.1,1e-07,0.1,6.0,5
1000,1000,1.0,0.01,4,lin,128,0.0,main,8,0.5,1e-08,0.1,7.0,10
1000,1000,1.0,0.01,4,lin,128,0.0,main,8,1.0,1e-08,0.1,7.0,11
1000,1000,1.0,0.01,4,lin,128,0.0,main,16,0.01,0.01,0.03,0.47712125471966244,2
1000,1000,1.0,0.01,4,lin,128,0.0,main,16,0.05,1e-07,0.1,6.0,5
1000,1000,1.0,0.01,4,lin,128,0.0,main,16,0.1,1e-08,0.1,7.0,10
1000,1000,1.0,0.01,4,lin,128,0.0,main,16,0.5,1e-08,0.1,7.0,11
1000,1000,1.0,0.01,4,lin,128,0.0,main,16,1.0,1e-08,0.1,7.0,11
1000,1000,1.0,0.01,4,lin,128,1.0,main,1,0.01,,,,0
1000,1000,1.0,0.01,4,lin,128,1.0,main,1,0.05,,,,0
1000,1000,1.0,0.01,4,lin,128,1.0,main,1,0.1,0.01,0.01,0.0,1
1000,1000,1.0,0.01,4,lin,128,1.0,main,1,0.5,0.003,0.1,1.5228787452803376,4
1000,1000,1.0,0.01,4,lin,128,1.0,main,1,1.0,3e-07,0.1,5.522878745280337,5
1000,1000,1.0,0.01,4,lin,128,1.0,main,2,0.01,,,,0
1000,1000,1.0,0.01,4,lin,128,1.0,main,2,0.05,0.01,0.01,0.0,1
1000,1000,1.0,0.01,4,lin,128,1.0,main,2,0.1,0.01,0.03,0.47712125471966244,2
1000,1000,1.0,0.01,4,lin,128,1.0,main,2,0.5,3e-07,0.1,5.522878745280337,5
1000,1000,1.0,0.01,4,lin,128,1.0,main,2,1.0,1e-08,0.1,7.0,8
1000,1000,1.0,0.01,4,lin,128,1.0,main,4,0.01,,,,0
1000,1000,1.0,0.01,4,lin,128,1.0,main,4,0.05,0.01,0.03,0.47712125471966244,2
1000,1000,1.0,0.01,4,lin,128,1.0,main,4,0.1,0.003,0.03,1.0,3
1000,1000,1.0,0.01,4,lin,128,1.0,main,4,0.5,1e-08,0.1,7.0,8
1000,1000,1.0,0.01,4,lin,128,1.0,main,4,1.0,1e-08,0.1,7.0,9
1000,1000,1.0,0.01,4,lin,128,1.0,main,8,0.01,0.01,0.01,0.0,1
1000,1000,1.0,0.01,4,lin,128,1.0,main,8,0.05,0.003,0.03,1.0,3
1000,1000,1.0,0.01,4,lin,128,1.0,main,8,0.1,0.003,0.1,1.5228787452803376,4
1000,1000,1.0,0.01,4,lin,128,1.0,main,8,0.5,1e-08,0.1,7.0,9
1000,1000,1.0,0.01,4,lin,128,1.0,main,8,1.0,1e-08,0.1,7.0,9
1000,1000,1.0,0.01,4,lin,128,1.0,main,16,0.01,0.01,0.03,0.47712125471966244,2
1000,1000,1.0,0.01,4,lin,128,1.0,main,16,0.05,0.003,0.1,1.5228787452803376,4
1000,1000,1.0,0.01,4,lin,128,1.0,main,16,0.1,1e-08,0.1,7.0,8
1000,1000,1.0,0.01,4,lin,128,1.0,main,16,0.5,1e-08,0.1,7.0,9
1000,1000,1.0,0.01,4,lin,128,1.0,main,16,1.0,1e-08,0.1,7.0,10
1000,1000,1.0,0.01,4,nl,128,0.0,main,1,0.01,,,,0
1000,1000,1.0,0.01,4,nl,128,0.0,main,1,0.05,,,,0
1000,1000,1.0,0.01,4,nl,128,0.0,main,1,0.1,,,,0
1000,1000,1.0,0.01,4,nl,128,0.0,main,1,0.5,0.003,0.03,1.0,3
1000,1000,1.0,0.01,4,nl,128,0.0,main,1,1.0,3e-08,0.1,6.522878745280337,7
1000,1000,1.0,0.01,4,nl,128,0.0,main,2,0.01,,,,0
1000,1000,1.0,0.01,4,nl,128,0.0,main,2,0.05,,,,0
1000,1000,1.0,0.01,4,nl,128,0.0,main,2,0.1,,,,0
1000,1000,1.0,0.01,4,nl,128,0.0,main,2,0.5,3e-08,0.1,6.522878745280337,7
1000,1000,1.0,0.01,4,nl,128,0.0,main,2,1.0,1e-08,0.1,7.0,9
1000,1000,1.0,0.01,4,nl,128,0.0,main,4,0.01,,,,0
1000,1000,1.0,0.01,4,nl,128,0.0,main,4,0.05,,,,0
1000,1000,1.0,0.01,4,nl,128,0.0,main,4,0.1,0.01,0.03,0.47712125471966244,2
1000,1000,1.0,0.01,4,nl,128,0.0,main,4,0.5,1e-08,0.1,7.0,9
1000,1000,1.0,0.01,4,nl,128,0.0,main,4,1.0,1e-08,0.1,7.0,10
1000,1000,1.0,0.01,4,nl,128,0.0,main,8,0.01,,,,0
1000,1000,1.0,0.01,4,nl,128,0.0,main,8,0.05,0.01,0.03,0.47712125471966244,2
1000,1000,1.0,0.01,4,nl,128,0.0,main,8,0.1,0.003,0.03,1.0,3
1000,1000,1.0,0.01,4,nl,128,0.0,main,8,0.5,1e-08,0.1,7.0,10
1000,1000,1.0,0.01,4,nl,128,0.0,main,8,1.0,1e-08,0.1,7.0,10
1000,1000,1.0,0.01,4,nl,128,0.0,main,16,0.01,,,,0
1000,1000,1.0,0.01,4,nl,128,0.0,main,16,0.05,0.003,0.03,1.0,3
1000,1000,1.0,0.01,4,nl,128,0.0,main,16,0.1,1e-08,0.1,7.0,9
1000,1000,1.0,0.01,4,nl,128,0.0,main,16,0.5,1e-08,0.1,7.0,10
1000,1000,1.0,0.01,4,nl,128,0.0,main,16,1.0,1e-08,0.1,7.0,10
1000,1000,1.0,0.01,4,nl,128,1.0,main,1,0.01,,,,0
1000,1000,1.0,0.01,4,nl,128,1.0,main,1,0.05,,,,0
1000,1000,1.0,0.01,4,nl,128,1.0,main,1,0.1,,,,0
1000,1000,1.0,0.01,4,nl,128,1.0,main,1,0.5,0.003,0.1,1.5228787452803376,4
1000,1000,1.0,0.01,4,nl,128,1.0,main,1,1.0,3e-08,0.1,6.522878745280337,7
1000,1000,1.0,0.01,4,nl,128,1.0,main,2,0.01,,,,0
1000,1000,1.0,0.01,4,nl,128,1.0,main,2,0.05,,,,0
1000,1000,1.0,0.01,4,nl,128,1.0,main,2,0.1,,,,0
1000,1000,1.0,0.01,4,nl,128,1.0,main,2,0.5,3e-08,0.1,6.522878745280337,7
1000,1000,1.0,0.01,4,nl,128,1.0,main,2,1.0,1e-08,0.1,7.0,9
1000,1000,1.0,0.01,4,nl,128,1.0,main,4,0.01,,,,0
1000,1000,1.0,0.01,4,nl,128,1.0,main,4,0.05,,,,0
1000,1000,1.0,0.01,4,nl,128,1.0,main,4,0.1,0.01,0.03,0.47712125471966244,2
1000,1000,1.0,0.01,4,nl,128,1.0,main,4,0.5,1e-08,0.1,7.0,9
1000,1000,1.0,0.01,4,nl,128,1.0,main,4,1.0,1e-08,0.1,7.0,11
1000,1000,1.0,0.01,4,nl,128,1.0,main,8,0.01,,,,0
1000,1000,1.0,0.01,4,nl,128,1.0,main,8,0.05,0.01,0.03,0.47712125471966244,2
1000,1000,1.0,0.01,4,nl,128,1.0,main,8,0.1,3e-07,0.1,5.522878745280337,5
1000,1000,1.0,0.01,4,nl,128,1.0,main,8,0.5,1e-08,0.1,7.0,11
1000,1000,1.0,0.01,4,nl,128,1.0,main,8,1.0,1e-08,0.1,7.0,12
1000,1000,1.0,0.01,4,nl,128,1.0,main,16,0.01,,,,0
1000,1000,1.0,0.01,4,nl,128,1.0,main,16,0.05,3e-07,0.1,5.522878745280337,5
1000,1000,1.0,0.01,4,nl,128,1.0,main,16,0.1,1e-08,0.1,7.0,9
1000,1000,1.0,0.01,4,nl,128,1.0,main,16,0.5,1e-08,0.1,7.0,12
1000,1000,1.0,0.01,4,nl,128,1.0,main,16,1.0,1e-08,0.1,7.0,12
1000,1000,1.0,0.01,8,lin,128,0.0,main,1,0.01,0.03,0.1,0.5228787452803376,2
1000,1000,1.0,0.01,8,lin,128,0.0,main,1,0.05,0.01,0.1,1.0,3
1000,1000,1.0,0.01,8,lin,128,0.0,main,1,0.1,0.01,0.1,1.0,3
1000,1000,1.0,0.01,8,lin,128,0.0,main,1,0.5,0.003,0.1,1.5228787452803376,4
1000,1000,1.0,0.01,8,lin,128,0.0,main,1,1.0,1e-08,0.1,7.0,6
1000,1000,1.0,0.01,8,lin,128,0.0,main,2,0.01,0.03,0.1,0.5228787452803376,2
1000,1000,1.0,0.01,8,lin,128,0.0,main,2,0.05,0.01,0.1,1.0,3
1000,1000,1.0,0.01,8,lin,128,0.0,main,2,0.1,0.01,0.1,1.0,3
1000,1000,1.0,0.01,8,lin,128,0.0,main,2,0.5,1e-08,0.1,7.0,6
1000,1000,1.0,0.01,8,lin,128,0.0,main,2,1.0,1e-08,0.1,7.0,9
1000,1000,1.0,0.01,8,lin,128,0.0,main,4,0.01,0.01,0.1,1.0,3
1000,1000,1.0,0.01,8,lin,128,0.0,main,4,0.05,0.01,0.1,1.0,3
1000,1000,1.0,0.01,8,lin,128,0.0,main,4,0.1,0.003,0.1,1.5228787452803376,4
1000,1000,1.0,0.01,8,lin,128,0.0,main,4,0.5,1e-08,0.1,7.0,9
1000,1000,1.0,0.01,8,lin,128,0.0,main,4,1.0,1e-08,0.1,7.0,10
1000,1000,1.0,0.01,8,lin,128,0.0,main,8,0.01,0.01,0.1,1.0,3
1000,1000,1.0,0.01,8,lin,128,0.0,main,8,0.05,0.003,0.1,1.5228787452803376,4
1000,1000,1.0,0.01,8,lin,128,0.0,main,8,0.1,0.003,0.1,1.5228787452803376,4
1000,1000,1.0,0.01,8,lin,128,0.0,main,8,0.5,1e-08,0.1,7.0,10
1000,1000,1.0,0.01,8,lin,128,0.0,main,8,1.0,1e-08,0.1,7.0,10
1000,1000,1.0,0.01,8,lin,128,0.0,main,16,0.01,0.01,0.1,1.0,3
1000,1000,1.0,0.01,8,lin,128,0.0,main,16,0.05,0.003,0.1,1.5228787452803376,4
1000,1000,1.0,0.01,8,lin,128,0.0,main,16,0.1,1e-08,0.1,7.0,9
1000,1000,1.0,0.01,8,lin,128,0.0,main,16,0.5,1e-08,0.1,7.0,10
1000,1000,1.0,0.01,8,lin,128,0.0,main,16,1.0,1e-08,0.1,7.0,11
1000,1000,1.0,0.01,8,lin,128,1.0,main,1,0.01,0.1,0.1,0.0,1
1000,1000,1.0,0.01,8,lin,128,1.0,main,1,0.05,0.03,0.1,0.5228787452803376,2
1000,1000,1.0,0.01,8,lin,128,1.0,main,1,0.1,0.01,0.1,1.0,3
1000,1000,1.0,0.01,8,lin,128,1.0,main,1,0.5,0.01,0.1,1.0,3
1000,1000,1.0,0.01,8,lin,128,1.0,main,1,1.0,1e-06,0.1,5.0,4
1000,1000,1.0,0.01,8,lin,128,1.0,main,2,0.01,0.03,0.1,0.5228787452803376,2
1000,1000,1.0,0.01,8,lin,128,1.0,main,2,0.05,0.01,0.1,1.0,3
1000,1000,1.0,0.01,8,lin,128,1.0,main,2,0.1,0.01,0.1,1.0,3
1000,1000,1.0,0.01,8,lin,128,1.0,main,2,0.5,1e-06,0.1,5.0,4
1000,1000,1.0,0.01,8,lin,128,1.0,main,2,1.0,1e-08,0.1,7.0,9
1000,1000,1.0,0.01,8,lin,128,1.0,main,4,0.01,0.03,0.1,0.5228787452803376,2
1000,1000,1.0,0.01,8,lin,128,1.0,main,4,0.05,0.01,0.1,1.0,3
1000,1000,1.0,0.01,8,lin,128,1.0,main,4,0.1,0.01,0.1,1.0,3
1000,1000,1.0,0.01,8,lin,128,1.0,main,4,0.5,1e-08,0.1,7.0,9
1000,1000,1.0,0.01,8,lin,128,1.0,main,4,1.0,1e-08,0.1,7.0,9
1000,1000,1.0,0.01,8,lin,128,1.0,main,8,0.01,0.03,0.1,0.5228787452803376,2
1000,1000,1.0,0.01,8,lin,128,1.0,main,8,0.05,0.01,0.1,1.0,3
1000,1000,1.0,0.01,8,lin,128,1.0,main,8,0.1,1e-06,0.1,5.0,4
1000,1000,1.0,0.01,8,lin,128,1.0,main,8,0.5,1e-08,0.1,7.0,9
1000,1000,1.0,0.01,8,lin,128,1.0,main,8,1.0,1e-08,0.1,7.0,10
1000,1000,1.0,0.01,8,lin,128,1.0,main,16,0.01,0.01,0.1,1.0,3
1000,1000,1.0,0.01,8,lin,128,1.0,main,16,0.05,1e-06,0.1,5.0,4
1000,1000,1.0,0.01,8,lin,128,1.0,main,16,0.1,1e-08,0.1,7.0,9
1000,1000,1.0,0.01,8,lin,128,1.0,main,16,0.5,1e-08,0.1,7.0,10
1000,1000,1.0,0.01,8,lin,128,1.0,main,16,1.0,1e-08,0.1,7.0,12
1000,1000,1.0,0.01,8,nl,128,0.0,main,1,0.01,,,,0
1000,1000,1.0,0.01,8,nl,128,0.0,main,1,0.05,,,,0
1000,1000,1.0,0.01,8,nl,128,0.0,main,1,0.1,,,,0
1000,1000,1.0,0.01,8,nl,128,0.0,main,1,0.5,0.003,0.1,1.5228787452803376,4
1000,1000,1.0,0.01,8,nl,128,0.0,main,1,1.0,1e-08,0.1,7.0,8
1000,1000,1.0,0.01,8,nl,128,0.0,main,2,0.01,,,,0
1000,1000,1.0,0.01,8,nl,128,0.0,main,2,0.05,,,,0
1000,1000,1.0,0.01,8,nl,128,0.0,main,2,0.1,0.1,0.1,0.0,1
1000,1000,1.0,0.01,8,nl,128,0.0,main,2,0.5,1e-08,0.1,7.0,8
1000,1000,1.0,0.01,8,nl,128,0.0,main,2,1.0,1e-08,0.1,7.0,11
1000,1000,1.0,0.01,8,nl,128,0.0,main,4,0.01,,,,0
1000,1000,1.0,0.01,8,nl,128,0.0,main,4,0.05,0.1,0.1,0.0,1
1000,1000,1.0,0.01,8,nl,128,0.0,main,4,0.1,0.01,0.1,1.0,3
1000,1000,1.0,0.01,8,nl,128,0.0,main,4,0.5,1e-08,0.1,7.0,11
1000,1000,1.0,0.01,8,nl,128,0.0,main,4,1.0,1e-08,0.1,7.0,12
1000,1000,1.0,0.01,8,nl,128,0.0,main,8,0.01,,,,0
1000,1000,1.0,0.01,8,nl,128,0.0,main,8,0.05,0.01,0.1,1.0,3
1000,1000,1.0,0.01,8,nl,128,0.0,main,8,0.1,1e-06,0.1,5.0,5
1000,1000,1.0,0.01,8,nl,128,0.0,main,8,0.5,1e-08,0.1,7.0,12
1000,1000,1.0,0.01,8,nl,128,0.0,main,8,1.0,1e-08,0.1,7.0,12
1000,1000,1.0,0.01,8,nl,128,0.0,main,16,0.01,,,,0
1000,1000,1.0,0.01,8,nl,128,0.0,main,16,0.05,1e-06,0.1,5.0,5
1000,1000,1.0,0.01,8,nl,128,0.0,main,16,0.1,1e-08,0.1,7.0,11
1000,1000,1.0,0.01,8,nl,128,0.0,main,16,0.5,1e-08,0.1,7.0,12
1000,1000,1.0,0.01,8,nl,128,0.0,main,16,1.0,1e-08,0.1,7.0,13
1000,1000,1.0,0.01,8,nl,128,1.0,main,1,0.01,,,,0
1000,1000,1.0,0.01,8,nl,128,1.0,main,1,0.05,,,,0
1000,1000,1.0,0.01,8,nl,128,1.0,main,1,0.1,,,,0
1000,1000,1.0,0.01,8,nl,128,1.0,main,1,0.5,0.01,0.1,1.0,3
1000,1000,1.0,0.01,8,nl,128,1.0,main,1,1.0,3e-08,0.1,6.522878745280337,5
1000,1000,1.0,0.01,8,nl,128,1.0,main,2,0.01,,,,0
1000,1000,1.0,0.01,8,nl,128,1.0,main,2,0.05,,,,0
1000,1000,1.0,0.01,8,nl,128,1.0,main,2,0.1,,,,0
1000,1000,1.0,0.01,8,nl,128,1.0,main,2,0.5,3e-08,0.1,6.522878745280337,5
1000,1000,1.0,0.01,8,nl,128,1.0,main,2,1.0,1e-08,0.1,7.0,7
1000,1000,1.0,0.01,8,nl,128,1.0,main,4,0.01,,,,0
1000,1000,1.0,0.01,8,nl,128,1.0,main,4,0.05,,,,0
1000,1000,1.0,0.01,8,nl,128,1.0,main,4,0.1,0.01,0.1,1.0,3
1000,1000,1.0,0.01,8,nl,128,1.0,main,4,0.5,1e-08,0.1,7.0,7
1000,1000,1.0,0.01,8,nl,128,1.0,main,4,1.0,1e-08,0.1,7.0,7
1000,1000,1.0,0.01,8,nl,128,1.0,main,8,0.01,,,,0
1000,1000,1.0,0.01,8,nl,128,1.0,main,8,0.05,0.01,0.1,1.0,3
1000,1000,1.0,0.01,8,nl,128,1.0,main,8,0.1,0.01,0.1,1.0,3
1000,1000,1.0,0.01,8,nl,128,1.0,main,8,0.5,1e-08,0.1,7.0,7
1000,1000,1.0,0.01,8,nl,128,1.0,main,8,1.0,1e-08,0.1,7.0,8
1000,1000,1.0,0.01,8,nl,128,1.0,main,16,0.01,,,,0
1000,1000,1.0,0.01,8,nl,128,1.0,main,16,0.05,0.01,0.1,1.0,3
1000,1000,1.0,0.01,8,nl,128,1.0,main,16,0.1,1e-08,0.1,7.0,6
1000,1000,1.0,0.01,8,nl,128,1.0,main,16,0.5,1e-08,0.1,7.0,8
1000,1000,1.0,0.01,8,nl,128,1.0,main,16,1.0,1e-08,0.1,7.0,9
10000,10,0.001,3e-05,4,nl,128,0.5,hwindow_12h_highdim_extra_midp,1,0.01,1e-08,0.1,7.0,15
10000,10,0.001,3e-05,4,nl,128,0.5,hwindow_12h_highdim_extra_midp,1,0.05,1e-08,0.1,7.0,15
10000,10,0.001,3e-05,4,nl,128,0.5,hwindow_12h_highdim_extra_midp,1,0.1,1e-08,0.1,7.0,15
10000,10,0.001,3e-05,4,nl,128,0.5,hwindow_12h_highdim_extra_midp,1,0.5,1e-08,0.1,7.0,15
10000,10,0.001,3e-05,4,nl,128,0.5,hwindow_12h_highdim_extra_midp,1,1.0,1e-08,0.1,7.0,15
10000,10,0.001,3e-05,4,nl,128,0.5,hwindow_12h_highdim_extra_midp,2,0.01,1e-08,0.1,7.0,15
10000,10,0.001,3e-05,4,nl,128,0.5,hwindow_12h_highdim_extra_midp,2,0.05,1e-08,0.1,7.0,15
10000,10,0.001,3e-05,4,nl,128,0.5,hwindow_12h_highdim_extra_midp,2,0.1,1e-08,0.1,7.0,15
10000,10,0.001,3e-05,4,nl,128,0.5,hwindow_12h_highdim_extra_midp,2,0.5,1e-08,0.1,7.0,15
10000,10,0.001,3e-05,4,nl,128,0.5,hwindow_12h_highdim_extra_midp,2,1.0,1e-08,0.1,7.0,15
10000,10,0.001,3e-05,4,nl,128,0.5,hwindow_12h_highdim_extra_midp,4,0.01,1e-08,0.1,7.0,15
10000,10,0.001,3e-05,4,nl,128,0.5,hwindow_12h_highdim_extra_midp,4,0.05,1e-08,0.1,7.0,15
10000,10,0.001,3e-05,4,nl,128,0.5,hwindow_12h_highdim_extra_midp,4,0.1,1e-08,0.1,7.0,15
10000,10,0.001,3e-05,4,nl,128,0.5,hwindow_12h_highdim_extra_midp,4,0.5,1e-08,0.1,7.0,15
10000,10,0.001,3e-05,4,nl,128,0.5,hwindow_12h_highdim_extra_midp,4,1.0,1e-08,0.1,7.0,15
10000,10,0.001,3e-05,4,nl,128,0.5,hwindow_12h_highdim_extra_midp,8,0.01,1e-08,0.1,7.0,15
10000,10,0.001,3e-05,4,nl,128,0.5,hwindow_12h_highdim_extra_midp,8,0.05,1e-08,0.1,7.0,15
10000,10,0.001,3e-05,4,nl,128,0.5,hwindow_12h_highdim_extra_midp,8,0.1,1e-08,0.1,7.0,15
10000,10,0.001,3e-05,4,nl,128,0.5,hwindow_12h_highdim_extra_midp,8,0.5,1e-08,0.1,7.0,15
10000,10,0.001,3e-05,4,nl,128,0.5,hwindow_12h_highdim_extra_midp,8,1.0,1e-08,0.1,7.0,15
10000,10,0.001,3e-05,4,nl,128,0.5,hwindow_12h_highdim_extra_midp,16,0.01,1e-08,0.1,7.0,15
10000,10,0.001,3e-05,4,nl,128,0.5,hwindow_12h_highdim_extra_midp,16,0.05,1e-08,0.1,7.0,15
10000,10,0.001,3e-05,4,nl,128,0.5,hwindow_12h_highdim_extra_midp,16,0.1,1e-08,0.1,7.0,15
10000,10,0.001,3e-05,4,nl,128,0.5,hwindow_12h_highdim_extra_midp,16,0.5,1e-08,0.1,7.0,15
10000,10,0.001,3e-05,4,nl,128,0.5,hwindow_12h_highdim_extra_midp,16,1.0,1e-08,0.1,7.0,15
10000,10,0.001,3e-05,8,nl,128,0.5,hwindow_12h_highdim_extra_midp,1,0.01,1e-08,0.1,7.0,15
10000,10,0.001,3e-05,8,nl,128,0.5,hwindow_12h_highdim_extra_midp,1,0.05,1e-08,0.1,7.0,15
10000,10,0.001,3e-05,8,nl,128,0.5,hwindow_12h_highdim_extra_midp,1,0.1,1e-08,0.1,7.0,15
10000,10,0.001,3e-05,8,nl,128,0.5,hwindow_12h_highdim_extra_midp,1,0.5,1e-08,0.1,7.0,15
10000,10,0.001,3e-05,8,nl,128,0.5,hwindow_12h_highdim_extra_midp,1,1.0,1e-08,0.1,7.0,15
10000,10,0.001,3e-05,8,nl,128,0.5,hwindow_12h_highdim_extra_midp,2,0.01,1e-08,0.1,7.0,15
10000,10,0.001,3e-05,8,nl,128,0.5,hwindow_12h_highdim_extra_midp,2,0.05,1e-08,0.1,7.0,15
10000,10,0.001,3e-05,8,nl,128,0.5,hwindow_12h_highdim_extra_midp,2,0.1,1e-08,0.1,7.0,15
10000,10,0.001,3e-05,8,nl,128,0.5,hwindow_12h_highdim_extra_midp,2,0.5,1e-08,0.1,7.0,15
10000,10,0.001,3e-05,8,nl,128,0.5,hwindow_12h_highdim_extra_midp,2,1.0,1e-08,0.1,7.0,15
10000,10,0.001,3e-05,8,nl,128,0.5,hwindow_12h_highdim_extra_midp,4,0.01,1e-08,0.1,7.0,15
10000,10,0.001,3e-05,8,nl,128,0.5,hwindow_12h_highdim_extra_midp,4,0.05,1e-08,0.1,7.0,15
10000,10,0.001,3e-05,8,nl,128,0.5,hwindow_12h_highdim_extra_midp,4,0.1,1e-08,0.1,7.0,15
10000,10,0.001,3e-05,8,nl,128,0.5,hwindow_12h_highdim_extra_midp,4,0.5,1e-08,0.1,7.0,15
10000,10,0.001,3e-05,8,nl,128,0.5,hwindow_12h_highdim_extra_midp,4,1.0,1e-08,0.1,7.0,15
10000,10,0.001,3e-05,8,nl,128,0.5,hwindow_12h_highdim_extra_midp,8,0.01,1e-08,0.1,7.0,15
10000,10,0.001,3e-05,8,nl,128,0.5,hwindow_12h_highdim_extra_midp,8,0.05,1e-08,0.1,7.0,15
10000,10,0.001,3e-05,8,nl,128,0.5,hwindow_12h_highdim_extra_midp,8,0.1,1e-08,0.1,7.0,15
10000,10,0.001,3e-05,8,nl,128,0.5,hwindow_12h_highdim_extra_midp,8,0.5,1e-08,0.1,7.0,15
10000,10,0.001,3e-05,8,nl,128,0.5,hwindow_12h_highdim_extra_midp,8,1.0,1e-08,0.1,7.0,15
10000,10,0.001,3e-05,8,nl,128,0.5,hwindow_12h_highdim_extra_midp,16,0.01,1e-08,0.1,7.0,15
10000,10,0.001,3e-05,8,nl,128,0.5,hwindow_12h_highdim_extra_midp,16,0.05,1e-08,0.1,7.0,15
10000,10,0.001,3e-05,8,nl,128,0.5,hwindow_12h_highdim_extra_midp,16,0.1,1e-08,0.1,7.0,15
10000,10,0.001,3e-05,8,nl,128,0.5,hwindow_12h_highdim_extra_midp,16,0.5,1e-08,0.1,7.0,15
10000,10,0.001,3e-05,8,nl,128,0.5,hwindow_12h_highdim_extra_midp,16,1.0,1e-08,0.1,7.0,15
10000,10,0.001,0.0003,4,nl,128,0.5,hwindow_12h_highdim_extra_midp,1,0.01,1e-08,0.1,7.0,14
10000,10,0.001,0.0003,4,nl,128,0.5,hwindow_12h_highdim_extra_midp,1,0.05,1e-08,0.1,7.0,15
10000,10,0.001,0.0003,4,nl,128,0.5,hwindow_12h_highdim_extra_midp,1,0.1,1e-08,0.1,7.0,15
10000,10,0.001,0.0003,4,nl,128,0.5,hwindow_12h_highdim_extra_midp,1,0.5,1e-08,0.1,7.0,15
10000,10,0.001,0.0003,4,nl,128,0.5,hwindow_12h_highdim_extra_midp,1,1.0,1e-08,0.1,7.0,15
10000,10,0.001,0.0003,4,nl,128,0.5,hwindow_12h_highdim_extra_midp,2,0.01,1e-08,0.1,7.0,15
10000,10,0.001,0.0003,4,nl,128,0.5,hwindow_12h_highdim_extra_midp,2,0.05,1e-08,0.1,7.0,15
10000,10,0.001,0.0003,4,nl,128,0.5,hwindow_12h_highdim_extra_midp,2,0.1,1e-08,0.1,7.0,15
10000,10,0.001,0.0003,4,nl,128,0.5,hwindow_12h_highdim_extra_midp,2,0.5,1e-08,0.1,7.0,15
10000,10,0.001,0.0003,4,nl,128,0.5,hwindow_12h_highdim_extra_midp,2,1.0,1e-08,0.1,7.0,15
10000,10,0.001,0.0003,4,nl,128,0.5,hwindow_12h_highdim_extra_midp,4,0.01,1e-08,0.1,7.0,15
10000,10,0.001,0.0003,4,nl,128,0.5,hwindow_12h_highdim_extra_midp,4,0.05,1e-08,0.1,7.0,15
10000,10,0.001,0.0003,4,nl,128,0.5,hwindow_12h_highdim_extra_midp,4,0.1,1e-08,0.1,7.0,15
10000,10,0.001,0.0003,4,nl,128,0.5,hwindow_12h_highdim_extra_midp,4,0.5,1e-08,0.1,7.0,15
10000,10,0.001,0.0003,4,nl,128,0.5,hwindow_12h_highdim_extra_midp,4,1.0,1e-08,0.1,7.0,15
10000,10,0.001,0.0003,4,nl,128,0.5,hwindow_12h_highdim_extra_midp,8,0.01,1e-08,0.1,7.0,15
10000,10,0.001,0.0003,4,nl,128,0.5,hwindow_12h_highdim_extra_midp,8,0.05,1e-08,0.1,7.0,15
10000,10,0.001,0.0003,4,nl,128,0.5,hwindow_12h_highdim_extra_midp,8,0.1,1e-08,0.1,7.0,15
10000,10,0.001,0.0003,4,nl,128,0.5,hwindow_12h_highdim_extra_midp,8,0.5,1e-08,0.1,7.0,15
10000,10,0.001,0.0003,4,nl,128,0.5,hwindow_12h_highdim_extra_midp,8,1.0,1e-08,0.1,7.0,15
10000,10,0.001,0.0003,4,nl,128,0.5,hwindow_12h_highdim_extra_midp,16,0.01,1e-08,0.1,7.0,15
10000,10,0.001,0.0003,4,nl,128,0.5,hwindow_12h_highdim_extra_midp,16,0.05,1e-08,0.1,7.0,15
10000,10,0.001,0.0003,4,nl,128,0.5,hwindow_12h_highdim_extra_midp,16,0.1,1e-08,0.1,7.0,15
10000,10,0.001,0.0003,4,nl,128,0.5,hwindow_12h_highdim_extra_midp,16,0.5,1e-08,0.1,7.0,15
10000,10,0.001,0.0003,4,nl,128,0.5,hwindow_12h_highdim_extra_midp,16,1.0,1e-08,0.1,7.0,15
10000,10,0.001,0.0003,8,nl,128,0.5,hwindow_12h_highdim_extra_midp,1,0.01,1e-08,0.1,7.0,14
10000,10,0.001,0.0003,8,nl,128,0.5,hwindow_12h_highdim_extra_midp,1,0.05,1e-08,0.1,7.0,15
10000,10,0.001,0.0003,8,nl,128,0.5,hwindow_12h_highdim_extra_midp,1,0.1,1e-08,0.1,7.0,15
10000,10,0.001,0.0003,8,nl,128,0.5,hwindow_12h_highdim_extra_midp,1,0.5,1e-08,0.1,7.0,15
10000,10,0.001,0.0003,8,nl,128,0.5,hwindow_12h_highdim_extra_midp,1,1.0,1e-08,0.1,7.0,15
10000,10,0.001,0.0003,8,nl,128,0.5,hwindow_12h_highdim_extra_midp,2,0.01,1e-08,0.1,7.0,15
10000,10,0.001,0.0003,8,nl,128,0.5,hwindow_12h_highdim_extra_midp,2,0.05,1e-08,0.1,7.0,15
10000,10,0.001,0.0003,8,nl,128,0.5,hwindow_12h_highdim_extra_midp,2,0.1,1e-08,0.1,7.0,15
10000,10,0.001,0.0003,8,nl,128,0.5,hwindow_12h_highdim_extra_midp,2,0.5,1e-08,0.1,7.0,15
10000,10,0.001,0.0003,8,nl,128,0.5,hwindow_12h_highdim_extra_midp,2,1.0,1e-08,0.1,7.0,15
10000,10,0.001,0.0003,8,nl,128,0.5,hwindow_12h_highdim_extra_midp,4,0.01,1e-08,0.1,7.0,15
10000,10,0.001,0.0003,8,nl,128,0.5,hwindow_12h_highdim_extra_midp,4,0.05,1e-08,0.1,7.0,15
10000,10,0.001,0.0003,8,nl,128,0.5,hwindow_12h_highdim_extra_midp,4,0.1,1e-08,0.1,7.0,15
10000,10,0.001,0.0003,8,nl,128,0.5,hwindow_12h_highdim_extra_midp,4,0.5,1e-08,0.1,7.0,15
10000,10,0.001,0.0003,8,nl,128,0.5,hwindow_12h_highdim_extra_midp,4,1.0,1e-08,0.1,7.0,15
10000,10,0.001,0.0003,8,nl,128,0.5,hwindow_12h_highdim_extra_midp,8,0.01,1e-08,0.1,7.0,15
10000,10,0.001,0.0003,8,nl,128,0.5,hwindow_12h_highdim_extra_midp,8,0.05,1e-08,0.1,7.0,15
10000,10,0.001,0.0003,8,nl,128,0.5,hwindow_12h_highdim_extra_midp,8,0.1,1e-08,0.1,7.0,15
10000,10,0.001,0.0003,8,nl,128,0.5,hwindow_12h_highdim_extra_midp,8,0.5,1e-08,0.1,7.0,15
10000,10,0.001,0.0003,8,nl,128,0.5,hwindow_12h_highdim_extra_midp,8,1.0,1e-08,0.1,7.0,15
10000,10,0.001,0.0003,8,nl,128,0.5,hwindow_12h_highdim_extra_midp,16,0.01,1e-08,0.1,7.0,15
10000,10,0.001,0.0003,8,nl,128,0.5,hwindow_12h_highdim_extra_midp,16,0.05,1e-08,0.1,7.0,15
10000,10,0.001,0.0003,8,nl,128,0.5,hwindow_12h_highdim_extra_midp,16,0.1,1e-08,0.1,7.0,15
10000,10,0.001,0.0003,8,nl,128,0.5,hwindow_12h_highdim_extra_midp,16,0.5,1e-08,0.1,7.0,15
10000,10,0.001,0.0003,8,nl,128,0.5,hwindow_12h_highdim_extra_midp,16,1.0,1e-08,0.1,7.0,15
10000,10,0.001,0.003,4,nl,128,0.5,hwindow_12h_highdim_extra_midp,1,0.01,1e-08,0.1,7.0,15
10000,10,0.001,0.003,4,nl,128,0.5,hwindow_12h_highdim_extra_midp,1,0.05,1e-08,0.1,7.0,15
10000,10,0.001,0.003,4,nl,128,0.5,hwindow_12h_highdim_extra_midp,1,0.1,1e-08,0.1,7.0,15
10000,10,0.001,0.003,4,nl,128,0.5,hwindow_12h_highdim_extra_midp,1,0.5,1e-08,0.1,7.0,15
10000,10,0.001,0.003,4,nl,128,0.5,hwindow_12h_highdim_extra_midp,1,1.0,1e-08,0.1,7.0,15
10000,10,0.001,0.003,4,nl,128,0.5,hwindow_12h_highdim_extra_midp,2,0.01,1e-08,0.1,7.0,15
10000,10,0.001,0.003,4,nl,128,0.5,hwindow_12h_highdim_extra_midp,2,0.05,1e-08,0.1,7.0,15
10000,10,0.001,0.003,4,nl,128,0.5,hwindow_12h_highdim_extra_midp,2,0.1,1e-08,0.1,7.0,15
10000,10,0.001,0.003,4,nl,128,0.5,hwindow_12h_highdim_extra_midp,2,0.5,1e-08,0.1,7.0,15
10000,10,0.001,0.003,4,nl,128,0.5,hwindow_12h_highdim_extra_midp,2,1.0,1e-08,0.1,7.0,15
10000,10,0.001,0.003,4,nl,128,0.5,hwindow_12h_highdim_extra_midp,4,0.01,1e-08,0.1,7.0,15
10000,10,0.001,0.003,4,nl,128,0.5,hwindow_12h_highdim_extra_midp,4,0.05,1e-08,0.1,7.0,15
10000,10,0.001,0.003,4,nl,128,0.5,hwindow_12h_highdim_extra_midp,4,0.1,1e-08,0.1,7.0,15
10000,10,0.001,0.003,4,nl,128,0.5,hwindow_12h_highdim_extra_midp,4,0.5,1e-08,0.1,7.0,15
10000,10,0.001,0.003,4,nl,128,0.5,hwindow_12h_highdim_extra_midp,4,1.0,1e-08,0.1,7.0,15
10000,10,0.001,0.003,4,nl,128,0.5,hwindow_12h_highdim_extra_midp,8,0.01,1e-08,0.1,7.0,15
10000,10,0.001,0.003,4,nl,128,0.5,hwindow_12h_highdim_extra_midp,8,0.05,1e-08,0.1,7.0,15
10000,10,0.001,0.003,4,nl,128,0.5,hwindow_12h_highdim_extra_midp,8,0.1,1e-08,0.1,7.0,15
10000,10,0.001,0.003,4,nl,128,0.5,hwindow_12h_highdim_extra_midp,8,0.5,1e-08,0.1,7.0,15
10000,10,0.001,0.003,4,nl,128,0.5,hwindow_12h_highdim_extra_midp,8,1.0,1e-08,0.1,7.0,15
10000,10,0.001,0.003,4,nl,128,0.5,hwindow_12h_highdim_extra_midp,16,0.01,1e-08,0.1,7.0,15
10000,10,0.001,0.003,4,nl,128,0.5,hwindow_12h_highdim_extra_midp,16,0.05,1e-08,0.1,7.0,15
10000,10,0.001,0.003,4,nl,128,0.5,hwindow_12h_highdim_extra_midp,16,0.1,1e-08,0.1,7.0,15
10000,10,0.001,0.003,4,nl,128,0.5,hwindow_12h_highdim_extra_midp,16,0.5,1e-08,0.1,7.0,15
10000,10,0.001,0.003,4,nl,128,0.5,hwindow_12h_highdim_extra_midp,16,1.0,1e-08,0.1,7.0,15
10000,10,0.001,0.003,8,nl,128,0.5,hwindow_12h_highdim_extra_midp,1,0.01,1e-08,0.1,7.0,15
10000,10,0.001,0.003,8,nl,128,0.5,hwindow_12h_highdim_extra_midp,1,0.05,1e-08,0.1,7.0,15
10000,10,0.001,0.003,8,nl,128,0.5,hwindow_12h_highdim_extra_midp,1,0.1,1e-08,0.1,7.0,15
10000,10,0.001,0.003,8,nl,128,0.5,hwindow_12h_highdim_extra_midp,1,0.5,1e-08,0.1,7.0,15
10000,10,0.001,0.003,8,nl,128,0.5,hwindow_12h_highdim_extra_midp,1,1.0,1e-08,0.1,7.0,15
10000,10,0.001,0.003,8,nl,128,0.5,hwindow_12h_highdim_extra_midp,2,0.01,1e-08,0.1,7.0,15
10000,10,0.001,0.003,8,nl,128,0.5,hwindow_12h_highdim_extra_midp,2,0.05,1e-08,0.1,7.0,15
10000,10,0.001,0.003,8,nl,128,0.5,hwindow_12h_highdim_extra_midp,2,0.1,1e-08,0.1,7.0,15
10000,10,0.001,0.003,8,nl,128,0.5,hwindow_12h_highdim_extra_midp,2,0.5,1e-08,0.1,7.0,15
10000,10,0.001,0.003,8,nl,128,0.5,hwindow_12h_highdim_extra_midp,2,1.0,1e-08,0.1,7.0,15
10000,10,0.001,0.003,8,nl,128,0.5,hwindow_12h_highdim_extra_midp,4,0.01,1e-08,0.1,7.0,15
10000,10,0.001,0.003,8,nl,128,0.5,hwindow_12h_highdim_extra_midp,4,0.05,1e-08,0.1,7.0,15
10000,10,0.001,0.003,8,nl,128,0.5,hwindow_12h_highdim_extra_midp,4,0.1,1e-08,0.1,7.0,15
10000,10,0.001,0.003,8,nl,128,0.5,hwindow_12h_highdim_extra_midp,4,0.5,1e-08,0.1,7.0,15
10000,10,0.001,0.003,8,nl,128,0.5,hwindow_12h_highdim_extra_midp,4,1.0,1e-08,0.1,7.0,15
10000,10,0.001,0.003,8,nl,128,0.5,hwindow_12h_highdim_extra_midp,8,0.01,1e-08,0.1,7.0,15
10000,10,0.001,0.003,8,nl,128,0.5,hwindow_12h_highdim_extra_midp,8,0.05,1e-08,0.1,7.0,15
10000,10,0.001,0.003,8,nl,128,0.5,hwindow_12h_highdim_extra_midp,8,0.1,1e-08,0.1,7.0,15
10000,10,0.001,0.003,8,nl,128,0.5,hwindow_12h_highdim_extra_midp,8,0.5,1e-08,0.1,7.0,15
10000,10,0.001,0.003,8,nl,128,0.5,hwindow_12h_highdim_extra_midp,8,1.0,1e-08,0.1,7.0,15
10000,10,0.001,0.003,8,nl,128,0.5,hwindow_12h_highdim_extra_midp,16,0.01,1e-08,0.1,7.0,15
10000,10,0.001,0.003,8,nl,128,0.5,hwindow_12h_highdim_extra_midp,16,0.05,1e-08,0.1,7.0,15
10000,10,0.001,0.003,8,nl,128,0.5,hwindow_12h_highdim_extra_midp,16,0.1,1e-08,0.1,7.0,15
10000,10,0.001,0.003,8,nl,128,0.5,hwindow_12h_highdim_extra_midp,16,0.5,1e-08,0.1,7.0,15
10000,10,0.001,0.003,8,nl,128,0.5,hwindow_12h_highdim_extra_midp,16,1.0,1e-08,0.1,7.0,15
10000,100,0.01,1e-05,4,lin,128,0.0,main,1,0.01,1e-08,0.001,5.0,8
10000,100,0.01,1e-05,4,lin,128,0.0,main,1,0.05,1e-08,0.1,7.0,13
10000,100,0.01,1e-05,4,lin,128,0.0,main,1,0.1,1e-08,0.1,7.0,14
10000,100,0.01,1e-05,4,lin,128,0.0,main,1,0.5,1e-08,0.1,7.0,15
10000,100,0.01,1e-05,4,lin,128,0.0,main,1,1.0,1e-08,0.1,7.0,15
10000,100,0.01,1e-05,4,lin,128,0.0,main,2,0.01,1e-08,0.1,7.0,12
10000,100,0.01,1e-05,4,lin,128,0.0,main,2,0.05,1e-08,0.1,7.0,14
10000,100,0.01,1e-05,4,lin,128,0.0,main,2,0.1,1e-08,0.1,7.0,15
10000,100,0.01,1e-05,4,lin,128,0.0,main,2,0.5,1e-08,0.1,7.0,15
10000,100,0.01,1e-05,4,lin,128,0.0,main,2,1.0,1e-08,0.1,7.0,15
10000,100,0.01,1e-05,4,lin,128,0.0,main,4,0.01,1e-08,0.1,7.0,13
10000,100,0.01,1e-05,4,lin,128,0.0,main,4,0.05,1e-08,0.1,7.0,15
10000,100,0.01,1e-05,4,lin,128,0.0,main,4,0.1,1e-08,0.1,7.0,15
10000,100,0.01,1e-05,4,lin,128,0.0,main,4,0.5,1e-08,0.1,7.0,15
10000,100,0.01,1e-05,4,lin,128,0.0,main,4,1.0,1e-08,0.1,7.0,15
10000,100,0.01,1e-05,4,lin,128,0.0,main,8,0.01,1e-08,0.1,7.0,14
10000,100,0.01,1e-05,4,lin,128,0.0,main,8,0.05,1e-08,0.1,7.0,15
10000,100,0.01,1e-05,4,lin,128,0.0,main,8,0.1,1e-08,0.1,7.0,15
10000,100,0.01,1e-05,4,lin,128,0.0,main,8,0.5,1e-08,0.1,7.0,15
10000,100,0.01,1e-05,4,lin,128,0.0,main,8,1.0,1e-08,0.1,7.0,15
10000,100,0.01,1e-05,4,lin,128,0.0,main,16,0.01,1e-08,0.1,7.0,15
10000,100,0.01,1e-05,4,lin,128,0.0,main,16,0.05,1e-08,0.1,7.0,15
10000,100,0.01,1e-05,4,lin,128,0.0,main,16,0.1,1e-08,0.1,7.0,15
10000,100,0.01,1e-05,4,lin,128,0.0,main,16,0.5,1e-08,0.1,7.0,15
10000,100,0.01,1e-05,4,lin,128,0.0,main,16,1.0,1e-08,0.1,7.0,15
10000,100,0.01,1e-05,4,lin,128,1.0,main,1,0.01,3e-08,0.1,6.522878745280337,11
10000,100,0.01,1e-05,4,lin,128,1.0,main,1,0.05,1e-08,0.1,7.0,13
10000,100,0.01,1e-05,4,lin,128,1.0,main,1,0.1,1e-08,0.1,7.0,13
10000,100,0.01,1e-05,4,lin,128,1.0,main,1,0.5,1e-08,0.1,7.0,15
10000,100,0.01,1e-05,4,lin,128,1.0,main,1,1.0,1e-08,0.1,7.0,15
10000,100,0.01,1e-05,4,lin,128,1.0,main,2,0.01,1e-08,0.1,7.0,13
10000,100,0.01,1e-05,4,lin,128,1.0,main,2,0.05,1e-08,0.1,7.0,13
10000,100,0.01,1e-05,4,lin,128,1.0,main,2,0.1,1e-08,0.1,7.0,15
10000,100,0.01,1e-05,4,lin,128,1.0,main,2,0.5,1e-08,0.1,7.0,15
10000,100,0.01,1e-05,4,lin,128,1.0,main,2,1.0,1e-08,0.1,7.0,15
10000,100,0.01,1e-05,4,lin,128,1.0,main,4,0.01,1e-08,0.1,7.0,13
10000,100,0.01,1e-05,4,lin,128,1.0,main,4,0.05,1e-08,0.1,7.0,15
10000,100,0.01,1e-05,4,lin,128,1.0,main,4,0.1,1e-08,0.1,7.0,15
10000,100,0.01,1e-05,4,lin,128,1.0,main,4,0.5,1e-08,0.1,7.0,15
10000,100,0.01,1e-05,4,lin,128,1.0,main,4,1.0,1e-08,0.1,7.0,15
10000,100,0.01,1e-05,4,lin,128,1.0,main,8,0.01,1e-08,0.1,7.0,13
10000,100,0.01,1e-05,4,lin,128,1.0,main,8,0.05,1e-08,0.1,7.0,15
10000,100,0.01,1e-05,4,lin,128,1.0,main,8,0.1,1e-08,0.1,7.0,15
10000,100,0.01,1e-05,4,lin,128,1.0,main,8,0.5,1e-08,0.1,7.0,15
10000,100,0.01,1e-05,4,lin,128,1.0,main,8,1.0,1e-08,0.1,7.0,15
10000,100,0.01,1e-05,4,lin,128,1.0,main,16,0.01,1e-08,0.1,7.0,15
10000,100,0.01,1e-05,4,lin,128,1.0,main,16,0.05,1e-08,0.1,7.0,15
10000,100,0.01,1e-05,4,lin,128,1.0,main,16,0.1,1e-08,0.1,7.0,15
10000,100,0.01,1e-05,4,lin,128,1.0,main,16,0.5,1e-08,0.1,7.0,15
10000,100,0.01,1e-05,4,lin,128,1.0,main,16,1.0,1e-08,0.1,7.0,15
10000,100,0.01,1e-05,4,nl,128,0.0,main,1,0.01,1e-08,0.1,7.0,11
10000,100,0.01,1e-05,4,nl,128,0.0,main,1,0.05,1e-08,0.1,7.0,15
10000,100,0.01,1e-05,4,nl,128,0.0,main,1,0.1,1e-08,0.1,7.0,15
10000,100,0.01,1e-05,4,nl,128,0.0,main,1,0.5,1e-08,0.1,7.0,15
10000,100,0.01,1e-05,4,nl,128,0.0,main,1,1.0,1e-08,0.1,7.0,15
10000,100,0.01,1e-05,4,nl,128,0.0,main,2,0.01,1e-08,0.1,7.0,15
10000,100,0.01,1e-05,4,nl,128,0.0,main,2,0.05,1e-08,0.1,7.0,15
10000,100,0.01,1e-05,4,nl,128,0.0,main,2,0.1,1e-08,0.1,7.0,15
10000,100,0.01,1e-05,4,nl,128,0.0,main,2,0.5,1e-08,0.1,7.0,15
10000,100,0.01,1e-05,4,nl,128,0.0,main,2,1.0,1e-08,0.1,7.0,15
10000,100,0.01,1e-05,4,nl,128,0.0,main,4,0.01,1e-08,0.1,7.0,15
10000,100,0.01,1e-05,4,nl,128,0.0,main,4,0.05,1e-08,0.1,7.0,15
10000,100,0.01,1e-05,4,nl,128,0.0,main,4,0.1,1e-08,0.1,7.0,15
10000,100,0.01,1e-05,4,nl,128,0.0,main,4,0.5,1e-08,0.1,7.0,15
10000,100,0.01,1e-05,4,nl,128,0.0,main,4,1.0,1e-08,0.1,7.0,15
10000,100,0.01,1e-05,4,nl,128,0.0,main,8,0.01,1e-08,0.1,7.0,15
10000,100,0.01,1e-05,4,nl,128,0.0,main,8,0.05,1e-08,0.1,7.0,15
10000,100,0.01,1e-05,4,nl,128,0.0,main,8,0.1,1e-08,0.1,7.0,15
10000,100,0.01,1e-05,4,nl,128,0.0,main,8,0.5,1e-08,0.1,7.0,15
10000,100,0.01,1e-05,4,nl,128,0.0,main,8,1.0,1e-08,0.1,7.0,15
10000,100,0.01,1e-05,4,nl,128,0.0,main,16,0.01,1e-08,0.1,7.0,15
10000,100,0.01,1e-05,4,nl,128,0.0,main,16,0.05,1e-08,0.1,7.0,15
10000,100,0.01,1e-05,4,nl,128,0.0,main,16,0.1,1e-08,0.1,7.0,15
10000,100,0.01,1e-05,4,nl,128,0.0,main,16,0.5,1e-08,0.1,7.0,15
10000,100,0.01,1e-05,4,nl,128,0.0,main,16,1.0,1e-08,0.1,7.0,15
10000,100,0.01,1e-05,4,nl,128,1.0,main,1,0.01,1e-08,0.1,7.0,15
10000,100,0.01,1e-05,4,nl,128,1.0,main,1,0.05,1e-08,0.1,7.0,15
10000,100,0.01,1e-05,4,nl,128,1.0,main,1,0.1,1e-08,0.1,7.0,15
10000,100,0.01,1e-05,4,nl,128,1.0,main,1,0.5,1e-08,0.1,7.0,15
10000,100,0.01,1e-05,4,nl,128,1.0,main,1,1.0,1e-08,0.1,7.0,15
10000,100,0.01,1e-05,4,nl,128,1.0,main,2,0.01,1e-08,0.1,7.0,15
10000,100,0.01,1e-05,4,nl,128,1.0,main,2,0.05,1e-08,0.1,7.0,15
10000,100,0.01,1e-05,4,nl,128,1.0,main,2,0.1,1e-08,0.1,7.0,15
10000,100,0.01,1e-05,4,nl,128,1.0,main,2,0.5,1e-08,0.1,7.0,15
10000,100,0.01,1e-05,4,nl,128,1.0,main,2,1.0,1e-08,0.1,7.0,15
10000,100,0.01,1e-05,4,nl,128,1.0,main,4,0.01,1e-08,0.1,7.0,15
10000,100,0.01,1e-05,4,nl,128,1.0,main,4,0.05,1e-08,0.1,7.0,15
10000,100,0.01,1e-05,4,nl,128,1.0,main,4,0.1,1e-08,0.1,7.0,15
10000,100,0.01,1e-05,4,nl,128,1.0,main,4,0.5,1e-08,0.1,7.0,15
10000,100,0.01,1e-05,4,nl,128,1.0,main,4,1.0,1e-08,0.1,7.0,15
10000,100,0.01,1e-05,4,nl,128,1.0,main,8,0.01,1e-08,0.1,7.0,15
10000,100,0.01,1e-05,4,nl,128,1.0,main,8,0.05,1e-08,0.1,7.0,15
10000,100,0.01,1e-05,4,nl,128,1.0,main,8,0.1,1e-08,0.1,7.0,15
10000,100,0.01,1e-05,4,nl,128,1.0,main,8,0.5,1e-08,0.1,7.0,15
10000,100,0.01,1e-05,4,nl,128,1.0,main,8,1.0,1e-08,0.1,7.0,15
10000,100,0.01,1e-05,4,nl,128,1.0,main,16,0.01,1e-08,0.1,7.0,15
10000,100,0.01,1e-05,4,nl,128,1.0,main,16,0.05,1e-08,0.1,7.0,15
10000,100,0.01,1e-05,4,nl,128,1.0,main,16,0.1,1e-08,0.1,7.0,15
10000,100,0.01,1e-05,4,nl,128,1.0,main,16,0.5,1e-08,0.1,7.0,15
10000,100,0.01,1e-05,4,nl,128,1.0,main,16,1.0,1e-08,0.1,7.0,15
10000,100,0.01,1e-05,8,lin,128,0.0,main,1,0.01,3e-06,0.1,4.522878745280337,10
10000,100,0.01,1e-05,8,lin,128,0.0,main,1,0.05,3e-07,0.1,5.522878745280337,12
10000,100,0.01,1e-05,8,lin,128,0.0,main,1,0.1,1e-07,0.1,6.0,13
10000,100,0.01,1e-05,8,lin,128,0.0,main,1,0.5,1e-07,0.1,6.0,13
10000,100,0.01,1e-05,8,lin,128,0.0,main,1,1.0,3e-08,0.1,6.522878745280337,14
10000,100,0.01,1e-05,8,lin,128,0.0,main,2,0.01,1e-06,0.1,5.0,11
10000,100,0.01,1e-05,8,lin,128,0.0,main,2,0.05,1e-07,0.1,6.0,13
10000,100,0.01,1e-05,8,lin,128,0.0,main,2,0.1,1e-07,0.1,6.0,13
10000,100,0.01,1e-05,8,lin,128,0.0,main,2,0.5,3e-08,0.1,6.522878745280337,14
10000,100,0.01,1e-05,8,lin,128,0.0,main,2,1.0,3e-08,0.1,6.522878745280337,14
10000,100,0.01,1e-05,8,lin,128,0.0,main,4,0.01,3e-07,0.1,5.522878745280337,12
10000,100,0.01,1e-05,8,lin,128,0.0,main,4,0.05,1e-07,0.1,6.0,13
10000,100,0.01,1e-05,8,lin,128,0.0,main,4,0.1,1e-07,0.1,6.0,13
10000,100,0.01,1e-05,8,lin,128,0.0,main,4,0.5,3e-08,0.1,6.522878745280337,14
10000,100,0.01,1e-05,8,lin,128,0.0,main,4,1.0,1e-08,0.1,7.0,15
10000,100,0.01,1e-05,8,lin,128,0.0,main,8,0.01,3e-07,0.1,5.522878745280337,12
10000,100,0.01,1e-05,8,lin,128,0.0,main,8,0.05,1e-07,0.1,6.0,13
10000,100,0.01,1e-05,8,lin,128,0.0,main,8,0.1,3e-08,0.1,6.522878745280337,14
10000,100,0.01,1e-05,8,lin,128,0.0,main,8,0.5,1e-08,0.1,7.0,15
10000,100,0.01,1e-05,8,lin,128,0.0,main,8,1.0,1e-08,0.1,7.0,15
10000,100,0.01,1e-05,8,lin,128,0.0,main,16,0.01,1e-07,0.1,6.0,13
10000,100,0.01,1e-05,8,lin,128,0.0,main,16,0.05,3e-08,0.1,6.522878745280337,14
10000,100,0.01,1e-05,8,lin,128,0.0,main,16,0.1,3e-08,0.1,6.522878745280337,14
10000,100,0.01,1e-05,8,lin,128,0.0,main,16,0.5,1e-08,0.1,7.0,15
10000,100,0.01,1e-05,8,lin,128,0.0,main,16,1.0,1e-08,0.1,7.0,15
10000,100,0.01,1e-05,8,lin,128,1.0,main,1,0.01,1e-06,0.03,4.477121254719663,10
10000,100,0.01,1e-05,8,lin,128,1.0,main,1,0.05,3e-07,0.1,5.522878745280337,12
10000,100,0.01,1e-05,8,lin,128,1.0,main,1,0.1,1e-07,0.1,6.0,13
10000,100,0.01,1e-05,8,lin,128,1.0,main,1,0.5,3e-08,0.1,6.522878745280337,14
10000,100,0.01,1e-05,8,lin,128,1.0,main,1,1.0,3e-08,0.1,6.522878745280337,14
10000,100,0.01,1e-05,8,lin,128,1.0,main,2,0.01,1e-06,0.1,5.0,11
10000,100,0.01,1e-05,8,lin,128,1.0,main,2,0.05,1e-07,0.1,6.0,13
10000,100,0.01,1e-05,8,lin,128,1.0,main,2,0.1,1e-07,0.1,6.0,13
10000,100,0.01,1e-05,8,lin,128,1.0,main,2,0.5,3e-08,0.1,6.522878745280337,14
10000,100,0.01,1e-05,8,lin,128,1.0,main,2,1.0,3e-08,0.1,6.522878745280337,14
10000,100,0.01,1e-05,8,lin,128,1.0,main,4,0.01,3e-07,0.1,5.522878745280337,12
10000,100,0.01,1e-05,8,lin,128,1.0,main,4,0.05,1e-07,0.1,6.0,13
10000,100,0.01,1e-05,8,lin,128,1.0,main,4,0.1,3e-08,0.1,6.522878745280337,14
10000,100,0.01,1e-05,8,lin,128,1.0,main,4,0.5,3e-08,0.1,6.522878745280337,14
10000,100,0.01,1e-05,8,lin,128,1.0,main,4,1.0,1e-08,0.1,7.0,15
10000,100,0.01,1e-05,8,lin,128,1.0,main,8,0.01,1e-07,0.1,6.0,13
10000,100,0.01,1e-05,8,lin,128,1.0,main,8,0.05,3e-08,0.1,6.522878745280337,14
10000,100,0.01,1e-05,8,lin,128,1.0,main,8,0.1,3e-08,0.1,6.522878745280337,14
10000,100,0.01,1e-05,8,lin,128,1.0,main,8,0.5,1e-08,0.1,7.0,15
10000,100,0.01,1e-05,8,lin,128,1.0,main,8,1.0,1e-08,0.1,7.0,15
10000,100,0.01,1e-05,8,lin,128,1.0,main,16,0.01,1e-07,0.1,6.0,13
10000,100,0.01,1e-05,8,lin,128,1.0,main,16,0.05,3e-08,0.1,6.522878745280337,14
10000,100,0.01,1e-05,8,lin,128,1.0,main,16,0.1,3e-08,0.1,6.522878745280337,14
10000,100,0.01,1e-05,8,lin,128,1.0,main,16,0.5,1e-08,0.1,7.0,15
10000,100,0.01,1e-05,8,lin,128,1.0,main,16,1.0,1e-08,0.1,7.0,15
10000,100,0.01,1e-05,8,nl,128,0.0,main,1,0.01,1e-08,0.1,7.0,10
10000,100,0.01,1e-05,8,nl,128,0.0,main,1,0.05,1e-08,0.1,7.0,15
10000,100,0.01,1e-05,8,nl,128,0.0,main,1,0.1,1e-08,0.1,7.0,15
10000,100,0.01,1e-05,8,nl,128,0.0,main,1,0.5,1e-08,0.1,7.0,15
10000,100,0.01,1e-05,8,nl,128,0.0,main,1,1.0,1e-08,0.1,7.0,15
10000,100,0.01,1e-05,8,nl,128,0.0,main,2,0.01,1e-08,0.1,7.0,14
10000,100,0.01,1e-05,8,nl,128,0.0,main,2,0.05,1e-08,0.1,7.0,15
10000,100,0.01,1e-05,8,nl,128,0.0,main,2,0.1,1e-08,0.1,7.0,15
10000,100,0.01,1e-05,8,nl,128,0.0,main,2,0.5,1e-08,0.1,7.0,15
10000,100,0.01,1e-05,8,nl,128,0.0,main,2,1.0,1e-08,0.1,7.0,15
10000,100,0.01,1e-05,8,nl,128,0.0,main,4,0.01,1e-08,0.1,7.0,14
10000,100,0.01,1e-05,8,nl,128,0.0,main,4,0.05,1e-08,0.1,7.0,15
10000,100,0.01,1e-05,8,nl,128,0.0,main,4,0.1,1e-08,0.1,7.0,15
10000,100,0.01,1e-05,8,nl,128,0.0,main,4,0.5,1e-08,0.1,7.0,15
10000,100,0.01,1e-05,8,nl,128,0.0,main,4,1.0,1e-08,0.1,7.0,15
10000,100,0.01,1e-05,8,nl,128,0.0,main,8,0.01,1e-08,0.1,7.0,15
10000,100,0.01,1e-05,8,nl,128,0.0,main,8,0.05,1e-08,0.1,7.0,15
10000,100,0.01,1e-05,8,nl,128,0.0,main,8,0.1,1e-08,0.1,7.0,15
10000,100,0.01,1e-05,8,nl,128,0.0,main,8,0.5,1e-08,0.1,7.0,15
10000,100,0.01,1e-05,8,nl,128,0.0,main,8,1.0,1e-08,0.1,7.0,15
10000,100,0.01,1e-05,8,nl,128,0.0,main,16,0.01,1e-08,0.1,7.0,15
10000,100,0.01,1e-05,8,nl,128,0.0,main,16,0.05,1e-08,0.1,7.0,15
10000,100,0.01,1e-05,8,nl,128,0.0,main,16,0.1,1e-08,0.1,7.0,15
10000,100,0.01,1e-05,8,nl,128,0.0,main,16,0.5,1e-08,0.1,7.0,15
10000,100,0.01,1e-05,8,nl,128,0.0,main,16,1.0,1e-08,0.1,7.0,15
10000,100,0.01,1e-05,8,nl,128,1.0,main,1,0.01,3e-05,0.003,2.0,5
10000,100,0.01,1e-05,8,nl,128,1.0,main,1,0.05,1e-08,0.1,7.0,11
10000,100,0.01,1e-05,8,nl,128,1.0,main,1,0.1,1e-08,0.1,7.0,12
10000,100,0.01,1e-05,8,nl,128,1.0,main,1,0.5,1e-08,0.1,7.0,12
10000,100,0.01,1e-05,8,nl,128,1.0,main,1,1.0,1e-08,0.1,7.0,13
10000,100,0.01,1e-05,8,nl,128,1.0,main,2,0.01,1e-05,0.1,4.0,8
10000,100,0.01,1e-05,8,nl,128,1.0,main,2,0.05,1e-08,0.1,7.0,12
10000,100,0.01,1e-05,8,nl,128,1.0,main,2,0.1,1e-08,0.1,7.0,12
10000,100,0.01,1e-05,8,nl,128,1.0,main,2,0.5,1e-08,0.1,7.0,13
10000,100,0.01,1e-05,8,nl,128,1.0,main,2,1.0,1e-08,0.1,7.0,13
10000,100,0.01,1e-05,8,nl,128,1.0,main,4,0.01,1e-08,0.1,7.0,11
10000,100,0.01,1e-05,8,nl,128,1.0,main,4,0.05,1e-08,0.1,7.0,12
10000,100,0.01,1e-05,8,nl,128,1.0,main,4,0.1,1e-08,0.1,7.0,12
10000,100,0.01,1e-05,8,nl,128,1.0,main,4,0.5,1e-08,0.1,7.0,13
10000,100,0.01,1e-05,8,nl,128,1.0,main,4,1.0,1e-08,0.1,7.0,13
10000,100,0.01,1e-05,8,nl,128,1.0,main,8,0.01,1e-08,0.1,7.0,11
10000,100,0.01,1e-05,8,nl,128,1.0,main,8,0.05,1e-08,0.1,7.0,12
10000,100,0.01,1e-05,8,nl,128,1.0,main,8,0.1,1e-08,0.1,7.0,13
10000,100,0.01,1e-05,8,nl,128,1.0,main,8,0.5,1e-08,0.1,7.0,13
10000,100,0.01,1e-05,8,nl,128,1.0,main,8,1.0,1e-08,0.1,7.0,14
10000,100,0.01,1e-05,8,nl,128,1.0,main,16,0.01,1e-08,0.1,7.0,12
10000,100,0.01,1e-05,8,nl,128,1.0,main,16,0.05,1e-08,0.1,7.0,13
10000,100,0.01,1e-05,8,nl,128,1.0,main,16,0.1,1e-08,0.1,7.0,13
10000,100,0.01,1e-05,8,nl,128,1.0,main,16,0.5,1e-08,0.1,7.0,14
10000,100,0.01,1e-05,8,nl,128,1.0,main,16,1.0,1e-08,0.1,7.0,14
10000,100,0.01,0.0001,4,lin,128,0.0,main,1,0.01,1e-07,0.1,6.0,9
10000,100,0.01,0.0001,4,lin,128,0.0,main,1,0.05,1e-08,0.1,7.0,12
10000,100,0.01,0.0001,4,lin,128,0.0,main,1,0.1,1e-08,0.1,7.0,12
10000,100,0.01,0.0001,4,lin,128,0.0,main,1,0.5,1e-08,0.1,7.0,14
10000,100,0.01,0.0001,4,lin,128,0.0,main,1,1.0,1e-08,0.1,7.0,15
10000,100,0.01,0.0001,4,lin,128,0.0,main,2,0.01,1e-08,0.1,7.0,11
10000,100,0.01,0.0001,4,lin,128,0.0,main,2,0.05,1e-08,0.1,7.0,12
10000,100,0.01,0.0001,4,lin,128,0.0,main,2,0.1,1e-08,0.1,7.0,13
10000,100,0.01,0.0001,4,lin,128,0.0,main,2,0.5,1e-08,0.1,7.0,15
10000,100,0.01,0.0001,4,lin,128,0.0,main,2,1.0,1e-08,0.1,7.0,15
10000,100,0.01,0.0001,4,lin,128,0.0,main,4,0.01,1e-08,0.1,7.0,12
10000,100,0.01,0.0001,4,lin,128,0.0,main,4,0.05,1e-08,0.1,7.0,13
10000,100,0.01,0.0001,4,lin,128,0.0,main,4,0.1,1e-08,0.1,7.0,13
10000,100,0.01,0.0001,4,lin,128,0.0,main,4,0.5,1e-08,0.1,7.0,15
10000,100,0.01,0.0001,4,lin,128,0.0,main,4,1.0,1e-08,0.1,7.0,15
10000,100,0.01,0.0001,4,lin,128,0.0,main,8,0.01,1e-08,0.1,7.0,12
10000,100,0.01,0.0001,4,lin,128,0.0,main,8,0.05,1e-08,0.1,7.0,13
10000,100,0.01,0.0001,4,lin,128,0.0,main,8,0.1,1e-08,0.1,7.0,15
10000,100,0.01,0.0001,4,lin,128,0.0,main,8,0.5,1e-08,0.1,7.0,15
10000,100,0.01,0.0001,4,lin,128,0.0,main,8,1.0,1e-08,0.1,7.0,15
10000,100,0.01,0.0001,4,lin,128,0.0,main,16,0.01,1e-08,0.1,7.0,13
10000,100,0.01,0.0001,4,lin,128,0.0,main,16,0.05,1e-08,0.1,7.0,15
10000,100,0.01,0.0001,4,lin,128,0.0,main,16,0.1,1e-08,0.1,7.0,15
10000,100,0.01,0.0001,4,lin,128,0.0,main,16,0.5,1e-08,0.1,7.0,15
10000,100,0.01,0.0001,4,lin,128,0.0,main,16,1.0,1e-08,0.1,7.0,15
10000,100,0.01,0.0001,4,lin,128,1.0,main,1,0.01,0.0001,0.1,3.0,6
10000,100,0.01,0.0001,4,lin,128,1.0,main,1,0.05,1e-08,0.1,7.0,11
10000,100,0.01,0.0001,4,lin,128,1.0,main,1,0.1,1e-08,0.1,7.0,13
10000,100,0.01,0.0001,4,lin,128,1.0,main,1,0.5,1e-08,0.1,7.0,14
10000,100,0.01,0.0001,4,lin,128,1.0,main,1,1.0,1e-08,0.1,7.0,15
10000,100,0.01,0.0001,4,lin,128,1.0,main,2,0.01,1e-08,0.1,7.0,11
10000,100,0.01,0.0001,4,lin,128,1.0,main,2,0.05,1e-08,0.1,7.0,13
10000,100,0.01,0.0001,4,lin,128,1.0,main,2,0.1,1e-08,0.1,7.0,13
10000,100,0.01,0.0001,4,lin,128,1.0,main,2,0.5,1e-08,0.1,7.0,15
10000,100,0.01,0.0001,4,lin,128,1.0,main,2,1.0,1e-08,0.1,7.0,15
10000,100,0.01,0.0001,4,lin,128,1.0,main,4,0.01,1e-08,0.1,7.0,11
10000,100,0.01,0.0001,4,lin,128,1.0,main,4,0.05,1e-08,0.1,7.0,13
10000,100,0.01,0.0001,4,lin,128,1.0,main,4,0.1,1e-08,0.1,7.0,14
10000,100,0.01,0.0001,4,lin,128,1.0,main,4,0.5,1e-08,0.1,7.0,15
10000,100,0.01,0.0001,4,lin,128,1.0,main,4,1.0,1e-08,0.1,7.0,15
10000,100,0.01,0.0001,4,lin,128,1.0,main,8,0.01,1e-08,0.1,7.0,12
10000,100,0.01,0.0001,4,lin,128,1.0,main,8,0.05,1e-08,0.1,7.0,14
10000,100,0.01,0.0001,4,lin,128,1.0,main,8,0.1,1e-08,0.1,7.0,15
10000,100,0.01,0.0001,4,lin,128,1.0,main,8,0.5,1e-08,0.1,7.0,15
10000,100,0.01,0.0001,4,lin,128,1.0,main,8,1.0,1e-08,0.1,7.0,15
10000,100,0.01,0.0001,4,lin,128,1.0,main,16,0.01,1e-08,0.1,7.0,13
10000,100,0.01,0.0001,4,lin,128,1.0,main,16,0.05,1e-08,0.1,7.0,15
10000,100,0.01,0.0001,4,lin,128,1.0,main,16,0.1,1e-08,0.1,7.0,15
10000,100,0.01,0.0001,4,lin,128,1.0,main,16,0.5,1e-08,0.1,7.0,15
10000,100,0.01,0.0001,4,lin,128,1.0,main,16,1.0,1e-08,0.1,7.0,15
10000,100,0.01,0.0001,4,nl,128,0.0,main,1,0.01,3e-05,0.01,2.5228787452803374,4
10000,100,0.01,0.0001,4,nl,128,0.0,main,1,0.05,1e-08,0.1,7.0,13
10000,100,0.01,0.0001,4,nl,128,0.0,main,1,0.1,1e-08,0.1,7.0,13
10000,100,0.01,0.0001,4,nl,128,0.0,main,1,0.5,1e-08,0.1,7.0,15
10000,100,0.01,0.0001,4,nl,128,0.0,main,1,1.0,1e-08,0.1,7.0,15
10000,100,0.01,0.0001,4,nl,128,0.0,main,2,0.01,1e-08,0.1,7.0,12
10000,100,0.01,0.0001,4,nl,128,0.0,main,2,0.05,1e-08,0.1,7.0,13
10000,100,0.01,0.0001,4,nl,128,0.0,main,2,0.1,1e-08,0.1,7.0,15
10000,100,0.01,0.0001,4,nl,128,0.0,main,2,0.5,1e-08,0.1,7.0,15
10000,100,0.01,0.0001,4,nl,128,0.0,main,2,1.0,1e-08,0.1,7.0,15
10000,100,0.01,0.0001,4,nl,128,0.0,main,4,0.01,1e-08,0.1,7.0,13
10000,100,0.01,0.0001,4,nl,128,0.0,main,4,0.05,1e-08,0.1,7.0,15
10000,100,0.01,0.0001,4,nl,128,0.0,main,4,0.1,1e-08,0.1,7.0,15
10000,100,0.01,0.0001,4,nl,128,0.0,main,4,0.5,1e-08,0.1,7.0,15
10000,100,0.01,0.0001,4,nl,128,0.0,main,4,1.0,1e-08,0.1,7.0,15
10000,100,0.01,0.0001,4,nl,128,0.0,main,8,0.01,1e-08,0.1,7.0,13
10000,100,0.01,0.0001,4,nl,128,0.0,main,8,0.05,1e-08,0.1,7.0,15
10000,100,0.01,0.0001,4,nl,128,0.0,main,8,0.1,1e-08,0.1,7.0,15
10000,100,0.01,0.0001,4,nl,128,0.0,main,8,0.5,1e-08,0.1,7.0,15
10000,100,0.01,0.0001,4,nl,128,0.0,main,8,1.0,1e-08,0.1,7.0,15
10000,100,0.01,0.0001,4,nl,128,0.0,main,16,0.01,1e-08,0.1,7.0,15
10000,100,0.01,0.0001,4,nl,128,0.0,main,16,0.05,1e-08,0.1,7.0,15
10000,100,0.01,0.0001,4,nl,128,0.0,main,16,0.1,1e-08,0.1,7.0,15
10000,100,0.01,0.0001,4,nl,128,0.0,main,16,0.5,1e-08,0.1,7.0,15
10000,100,0.01,0.0001,4,nl,128,0.0,main,16,1.0,1e-08,0.1,7.0,15
10000,100,0.01,0.0001,4,nl,128,1.0,main,1,0.01,0.0003,0.1,2.5228787452803374,5
10000,100,0.01,0.0001,4,nl,128,1.0,main,1,0.05,1e-08,0.1,7.0,12
10000,100,0.01,0.0001,4,nl,128,1.0,main,1,0.1,1e-08,0.1,7.0,12
10000,100,0.01,0.0001,4,nl,128,1.0,main,1,0.5,1e-08,0.1,7.0,13
10000,100,0.01,0.0001,4,nl,128,1.0,main,1,1.0,1e-08,0.1,7.0,13
10000,100,0.01,0.0001,4,nl,128,1.0,main,2,0.01,1e-08,0.1,7.0,11
10000,100,0.01,0.0001,4,nl,128,1.0,main,2,0.05,1e-08,0.1,7.0,12
10000,100,0.01,0.0001,4,nl,128,1.0,main,2,0.1,1e-08,0.1,7.0,13
10000,100,0.01,0.0001,4,nl,128,1.0,main,2,0.5,1e-08,0.1,7.0,13
10000,100,0.01,0.0001,4,nl,128,1.0,main,2,1.0,1e-08,0.1,7.0,14
10000,100,0.01,0.0001,4,nl,128,1.0,main,4,0.01,1e-08,0.1,7.0,12
10000,100,0.01,0.0001,4,nl,128,1.0,main,4,0.05,1e-08,0.1,7.0,13
10000,100,0.01,0.0001,4,nl,128,1.0,main,4,0.1,1e-08,0.1,7.0,13
10000,100,0.01,0.0001,4,nl,128,1.0,main,4,0.5,1e-08,0.1,7.0,14
10000,100,0.01,0.0001,4,nl,128,1.0,main,4,1.0,1e-08,0.1,7.0,15
10000,100,0.01,0.0001,4,nl,128,1.0,main,8,0.01,1e-08,0.1,7.0,12
10000,100,0.01,0.0001,4,nl,128,1.0,main,8,0.05,1e-08,0.1,7.0,13
10000,100,0.01,0.0001,4,nl,128,1.0,main,8,0.1,1e-08,0.1,7.0,13
10000,100,0.01,0.0001,4,nl,128,1.0,main,8,0.5,1e-08,0.1,7.0,15
10000,100,0.01,0.0001,4,nl,128,1.0,main,8,1.0,1e-08,0.1,7.0,15
10000,100,0.01,0.0001,4,nl,128,1.0,main,16,0.01,1e-08,0.1,7.0,13
10000,100,0.01,0.0001,4,nl,128,1.0,main,16,0.05,1e-08,0.1,7.0,13
10000,100,0.01,0.0001,4,nl,128,1.0,main,16,0.1,1e-08,0.1,7.0,14
10000,100,0.01,0.0001,4,nl,128,1.0,main,16,0.5,1e-08,0.1,7.0,15
10000,100,0.01,0.0001,4,nl,128,1.0,main,16,1.0,1e-08,0.1,7.0,15
10000,100,0.01,0.0001,8,lin,128,0.0,main,1,0.01,3e-08,0.1,6.522878745280337,11
10000,100,0.01,0.0001,8,lin,128,0.0,main,1,0.05,1e-08,0.1,7.0,13
10000,100,0.01,0.0001,8,lin,128,0.0,main,1,0.1,1e-08,0.1,7.0,15
10000,100,0.01,0.0001,8,lin,128,0.0,main,1,0.5,1e-08,0.1,7.0,15
10000,100,0.01,0.0001,8,lin,128,0.0,main,1,1.0,1e-08,0.1,7.0,15
10000,100,0.01,0.0001,8,lin,128,0.0,main,2,0.01,1e-08,0.1,7.0,12
10000,100,0.01,0.0001,8,lin,128,0.0,main,2,0.05,1e-08,0.1,7.0,15
10000,100,0.01,0.0001,8,lin,128,0.0,main,2,0.1,1e-08,0.1,7.0,15
10000,100,0.01,0.0001,8,lin,128,0.0,main,2,0.5,1e-08,0.1,7.0,15
10000,100,0.01,0.0001,8,lin,128,0.0,main,2,1.0,1e-08,0.1,7.0,15
10000,100,0.01,0.0001,8,lin,128,0.0,main,4,0.01,1e-08,0.1,7.0,13
10000,100,0.01,0.0001,8,lin,128,0.0,main,4,0.05,1e-08,0.1,7.0,15
10000,100,0.01,0.0001,8,lin,128,0.0,main,4,0.1,1e-08,0.1,7.0,15
10000,100,0.01,0.0001,8,lin,128,0.0,main,4,0.5,1e-08,0.1,7.0,15
10000,100,0.01,0.0001,8,lin,128,0.0,main,4,1.0,1e-08,0.1,7.0,15
10000,100,0.01,0.0001,8,lin,128,0.0,main,8,0.01,1e-08,0.1,7.0,15
10000,100,0.01,0.0001,8,lin,128,0.0,main,8,0.05,1e-08,0.1,7.0,15
10000,100,0.01,0.0001,8,lin,128,0.0,main,8,0.1,1e-08,0.1,7.0,15
10000,100,0.01,0.0001,8,lin,128,0.0,main,8,0.5,1e-08,0.1,7.0,15
10000,100,0.01,0.0001,8,lin,128,0.0,main,8,1.0,1e-08,0.1,7.0,15
10000,100,0.01,0.0001,8,lin,128,0.0,main,16,0.01,1e-08,0.1,7.0,15
10000,100,0.01,0.0001,8,lin,128,0.0,main,16,0.05,1e-08,0.1,7.0,15
10000,100,0.01,0.0001,8,lin,128,0.0,main,16,0.1,1e-08,0.1,7.0,15
10000,100,0.01,0.0001,8,lin,128,0.0,main,16,0.5,1e-08,0.1,7.0,15
10000,100,0.01,0.0001,8,lin,128,0.0,main,16,1.0,1e-08,0.1,7.0,15
10000,100,0.01,0.0001,8,lin,128,1.0,main,1,0.01,3e-08,0.1,6.522878745280337,10
10000,100,0.01,0.0001,8,lin,128,1.0,main,1,0.05,1e-08,0.1,7.0,12
10000,100,0.01,0.0001,8,lin,128,1.0,main,1,0.1,1e-08,0.1,7.0,13
10000,100,0.01,0.0001,8,lin,128,1.0,main,1,0.5,1e-08,0.1,7.0,15
10000,100,0.01,0.0001,8,lin,128,1.0,main,1,1.0,1e-08,0.1,7.0,15
10000,100,0.01,0.0001,8,lin,128,1.0,main,2,0.01,1e-08,0.1,7.0,12
10000,100,0.01,0.0001,8,lin,128,1.0,main,2,0.05,1e-08,0.1,7.0,13
10000,100,0.01,0.0001,8,lin,128,1.0,main,2,0.1,1e-08,0.1,7.0,13
10000,100,0.01,0.0001,8,lin,128,1.0,main,2,0.5,1e-08,0.1,7.0,15
10000,100,0.01,0.0001,8,lin,128,1.0,main,2,1.0,1e-08,0.1,7.0,15
10000,100,0.01,0.0001,8,lin,128,1.0,main,4,0.01,1e-08,0.1,7.0,12
10000,100,0.01,0.0001,8,lin,128,1.0,main,4,0.05,1e-08,0.1,7.0,13
10000,100,0.01,0.0001,8,lin,128,1.0,main,4,0.1,1e-08,0.1,7.0,15
10000,100,0.01,0.0001,8,lin,128,1.0,main,4,0.5,1e-08,0.1,7.0,15
10000,100,0.01,0.0001,8,lin,128,1.0,main,4,1.0,1e-08,0.1,7.0,15
10000,100,0.01,0.0001,8,lin,128,1.0,main,8,0.01,1e-08,0.1,7.0,12
10000,100,0.01,0.0001,8,lin,128,1.0,main,8,0.05,1e-08,0.1,7.0,15
10000,100,0.01,0.0001,8,lin,128,1.0,main,8,0.1,1e-08,0.1,7.0,15
10000,100,0.01,0.0001,8,lin,128,1.0,main,8,0.5,1e-08,0.1,7.0,15
10000,100,0.01,0.0001,8,lin,128,1.0,main,8,1.0,1e-08,0.1,7.0,15
10000,100,0.01,0.0001,8,lin,128,1.0,main,16,0.01,1e-08,0.1,7.0,13
10000,100,0.01,0.0001,8,lin,128,1.0,main,16,0.05,1e-08,0.1,7.0,15
10000,100,0.01,0.0001,8,lin,128,1.0,main,16,0.1,1e-08,0.1,7.0,15
10000,100,0.01,0.0001,8,lin,128,1.0,main,16,0.5,1e-08,0.1,7.0,15
10000,100,0.01,0.0001,8,lin,128,1.0,main,16,1.0,1e-08,0.1,7.0,15
10000,100,0.01,0.0001,8,nl,128,0.0,main,1,0.01,1e-08,0.1,7.0,10
10000,100,0.01,0.0001,8,nl,128,0.0,main,1,0.05,1e-08,0.1,7.0,11
10000,100,0.01,0.0001,8,nl,128,0.0,main,1,0.1,1e-08,0.1,7.0,12
10000,100,0.01,0.0001,8,nl,128,0.0,main,1,0.5,1e-08,0.1,7.0,13
10000,100,0.01,0.0001,8,nl,128,0.0,main,1,1.0,1e-08,0.1,7.0,14
10000,100,0.01,0.0001,8,nl,128,0.0,main,2,0.01,1e-08,0.1,7.0,11
10000,100,0.01,0.0001,8,nl,128,0.0,main,2,0.05,1e-08,0.1,7.0,12
10000,100,0.01,0.0001,8,nl,128,0.0,main,2,0.1,1e-08,0.1,7.0,12
10000,100,0.01,0.0001,8,nl,128,0.0,main,2,0.5,1e-08,0.1,7.0,14
10000,100,0.01,0.0001,8,nl,128,0.0,main,2,1.0,1e-08,0.1,7.0,15
10000,100,0.01,0.0001,8,nl,128,0.0,main,4,0.01,1e-08,0.1,7.0,11
10000,100,0.01,0.0001,8,nl,128,0.0,main,4,0.05,1e-08,0.1,7.0,12
10000,100,0.01,0.0001,8,nl,128,0.0,main,4,0.1,1e-08,0.1,7.0,13
10000,100,0.01,0.0001,8,nl,128,0.0,main,4,0.5,1e-08,0.1,7.0,15
10000,100,0.01,0.0001,8,nl,128,0.0,main,4,1.0,1e-08,0.1,7.0,15
10000,100,0.01,0.0001,8,nl,128,0.0,main,8,0.01,1e-08,0.1,7.0,12
10000,100,0.01,0.0001,8,nl,128,0.0,main,8,0.05,1e-08,0.1,7.0,13
10000,100,0.01,0.0001,8,nl,128,0.0,main,8,0.1,1e-08,0.1,7.0,13
10000,100,0.01,0.0001,8,nl,128,0.0,main,8,0.5,1e-08,0.1,7.0,15
10000,100,0.01,0.0001,8,nl,128,0.0,main,8,1.0,1e-08,0.1,7.0,15
10000,100,0.01,0.0001,8,nl,128,0.0,main,16,0.01,1e-08,0.1,7.0,12
10000,100,0.01,0.0001,8,nl,128,0.0,main,16,0.05,1e-08,0.1,7.0,13
10000,100,0.01,0.0001,8,nl,128,0.0,main,16,0.1,1e-08,0.1,7.0,15
10000,100,0.01,0.0001,8,nl,128,0.0,main,16,0.5,1e-08,0.1,7.0,15
10000,100,0.01,0.0001,8,nl,128,0.0,main,16,1.0,1e-08,0.1,7.0,15
10000,100,0.01,0.0001,8,nl,128,1.0,main,1,0.01,1e-08,0.1,7.0,14
10000,100,0.01,0.0001,8,nl,128,1.0,main,1,0.05,1e-08,0.1,7.0,15
10000,100,0.01,0.0001,8,nl,128,1.0,main,1,0.1,1e-08,0.1,7.0,15
10000,100,0.01,0.0001,8,nl,128,1.0,main,1,0.5,1e-08,0.1,7.0,15
10000,100,0.01,0.0001,8,nl,128,1.0,main,1,1.0,1e-08,0.1,7.0,15
10000,100,0.01,0.0001,8,nl,128,1.0,main,2,0.01,1e-08,0.1,7.0,15
10000,100,0.01,0.0001,8,nl,128,1.0,main,2,0.05,1e-08,0.1,7.0,15
10000,100,0.01,0.0001,8,nl,128,1.0,main,2,0.1,1e-08,0.1,7.0,15
10000,100,0.01,0.0001,8,nl,128,1.0,main,2,0.5,1e-08,0.1,7.0,15
10000,100,0.01,0.0001,8,nl,128,1.0,main,2,1.0,1e-08,0.1,7.0,15
10000,100,0.01,0.0001,8,nl,128,1.0,main,4,0.01,1e-08,0.1,7.0,15
10000,100,0.01,0.0001,8,nl,128,1.0,main,4,0.05,1e-08,0.1,7.0,15
10000,100,0.01,0.0001,8,nl,128,1.0,main,4,0.1,1e-08,0.1,7.0,15
10000,100,0.01,0.0001,8,nl,128,1.0,main,4,0.5,1e-08,0.1,7.0,15
10000,100,0.01,0.0001,8,nl,128,1.0,main,4,1.0,1e-08,0.1,7.0,15
10000,100,0.01,0.0001,8,nl,128,1.0,main,8,0.01,1e-08,0.1,7.0,15
10000,100,0.01,0.0001,8,nl,128,1.0,main,8,0.05,1e-08,0.1,7.0,15
10000,100,0.01,0.0001,8,nl,128,1.0,main,8,0.1,1e-08,0.1,7.0,15
10000,100,0.01,0.0001,8,nl,128,1.0,main,8,0.5,1e-08,0.1,7.0,15
10000,100,0.01,0.0001,8,nl,128,1.0,main,8,1.0,1e-08,0.1,7.0,15
10000,100,0.01,0.0001,8,nl,128,1.0,main,16,0.01,1e-08,0.1,7.0,15
10000,100,0.01,0.0001,8,nl,128,1.0,main,16,0.05,1e-08,0.1,7.0,15
10000,100,0.01,0.0001,8,nl,128,1.0,main,16,0.1,1e-08,0.1,7.0,15
10000,100,0.01,0.0001,8,nl,128,1.0,main,16,0.5,1e-08,0.1,7.0,15
10000,100,0.01,0.0001,8,nl,128,1.0,main,16,1.0,1e-08,0.1,7.0,15
10000,100,0.01,0.001,4,lin,128,0.0,main,1,0.01,1e-07,0.1,6.0,7
10000,100,0.01,0.001,4,lin,128,0.0,main,1,0.05,1e-08,0.1,7.0,11
10000,100,0.01,0.001,4,lin,128,0.0,main,1,0.1,1e-08,0.1,7.0,12
10000,100,0.01,0.001,4,lin,128,0.0,main,1,0.5,1e-08,0.1,7.0,14
10000,100,0.01,0.001,4,lin,128,0.0,main,1,1.0,1e-08,0.1,7.0,14
10000,100,0.01,0.001,4,lin,128,0.0,main,2,0.01,1e-08,0.1,7.0,10
10000,100,0.01,0.001,4,lin,128,0.0,main,2,0.05,1e-08,0.1,7.0,12
10000,100,0.01,0.001,4,lin,128,0.0,main,2,0.1,1e-08,0.1,7.0,12
10000,100,0.01,0.001,4,lin,128,0.0,main,2,0.5,1e-08,0.1,7.0,14
10000,100,0.01,0.001,4,lin,128,0.0,main,2,1.0,1e-08,0.1,7.0,15
10000,100,0.01,0.001,4,lin,128,0.0,main,4,0.01,1e-08,0.1,7.0,11
10000,100,0.01,0.001,4,lin,128,0.0,main,4,0.05,1e-08,0.1,7.0,12
10000,100,0.01,0.001,4,lin,128,0.0,main,4,0.1,1e-08,0.1,7.0,13
10000,100,0.01,0.001,4,lin,128,0.0,main,4,0.5,1e-08,0.1,7.0,15
10000,100,0.01,0.001,4,lin,128,0.0,main,4,1.0,1e-08,0.1,7.0,15
10000,100,0.01,0.001,4,lin,128,0.0,main,8,0.01,1e-08,0.1,7.0,12
10000,100,0.01,0.001,4,lin,128,0.0,main,8,0.05,1e-08,0.1,7.0,13
10000,100,0.01,0.001,4,lin,128,0.0,main,8,0.1,1e-08,0.1,7.0,14
10000,100,0.01,0.001,4,lin,128,0.0,main,8,0.5,1e-08,0.1,7.0,15
10000,100,0.01,0.001,4,lin,128,0.0,main,8,1.0,1e-08,0.1,7.0,15
10000,100,0.01,0.001,4,lin,128,0.0,main,16,0.01,1e-08,0.1,7.0,12
10000,100,0.01,0.001,4,lin,128,0.0,main,16,0.05,1e-08,0.1,7.0,14
10000,100,0.01,0.001,4,lin,128,0.0,main,16,0.1,1e-08,0.1,7.0,15
10000,100,0.01,0.001,4,lin,128,0.0,main,16,0.5,1e-08,0.1,7.0,15
10000,100,0.01,0.001,4,lin,128,0.0,main,16,1.0,1e-08,0.1,7.0,15
10000,100,0.01,0.001,4,lin,128,1.0,main,1,0.01,0.0003,0.1,2.5228787452803374,6
10000,100,0.01,0.001,4,lin,128,1.0,main,1,0.05,1e-08,0.1,7.0,10
10000,100,0.01,0.001,4,lin,128,1.0,main,1,0.1,1e-08,0.1,7.0,10
10000,100,0.01,0.001,4,lin,128,1.0,main,1,0.5,1e-08,0.1,7.0,13
10000,100,0.01,0.001,4,lin,128,1.0,main,1,1.0,1e-08,0.1,7.0,14
10000,100,0.01,0.001,4,lin,128,1.0,main,2,0.01,1e-08,0.1,7.0,9
10000,100,0.01,0.001,4,lin,128,1.0,main,2,0.05,1e-08,0.1,7.0,10
10000,100,0.01,0.001,4,lin,128,1.0,main,2,0.1,1e-08,0.1,7.0,12
10000,100,0.01,0.001,4,lin,128,1.0,main,2,0.5,1e-08,0.1,7.0,14
10000,100,0.01,0.001,4,lin,128,1.0,main,2,1.0,1e-08,0.1,7.0,15
10000,100,0.01,0.001,4,lin,128,1.0,main,4,0.01,1e-08,0.1,7.0,9
10000,100,0.01,0.001,4,lin,128,1.0,main,4,0.05,1e-08,0.1,7.0,12
10000,100,0.01,0.001,4,lin,128,1.0,main,4,0.1,1e-08,0.1,7.0,12
10000,100,0.01,0.001,4,lin,128,1.0,main,4,0.5,1e-08,0.1,7.0,15
10000,100,0.01,0.001,4,lin,128,1.0,main,4,1.0,1e-08,0.1,7.0,15
10000,100,0.01,0.001,4,lin,128,1.0,main,8,0.01,1e-08,0.1,7.0,10
10000,100,0.01,0.001,4,lin,128,1.0,main,8,0.05,1e-08,0.1,7.0,12
10000,100,0.01,0.001,4,lin,128,1.0,main,8,0.1,1e-08,0.1,7.0,13
10000,100,0.01,0.001,4,lin,128,1.0,main,8,0.5,1e-08,0.1,7.0,15
10000,100,0.01,0.001,4,lin,128,1.0,main,8,1.0,1e-08,0.1,7.0,15
10000,100,0.01,0.001,4,lin,128,1.0,main,16,0.01,1e-08,0.1,7.0,10
10000,100,0.01,0.001,4,lin,128,1.0,main,16,0.05,1e-08,0.1,7.0,13
10000,100,0.01,0.001,4,lin,128,1.0,main,16,0.1,1e-08,0.1,7.0,15
10000,100,0.01,0.001,4,lin,128,1.0,main,16,0.5,1e-08,0.1,7.0,15
10000,100,0.01,0.001,4,lin,128,1.0,main,16,1.0,1e-08,0.1,7.0,15
10000,100,0.01,0.001,4,nl,128,0.0,main,1,0.01,1e-08,0.03,6.477121254719663,7
10000,100,0.01,0.001,4,nl,128,0.0,main,1,0.05,1e-08,0.1,7.0,12
10000,100,0.01,0.001,4,nl,128,0.0,main,1,0.1,1e-08,0.1,7.0,13
10000,100,0.01,0.001,4,nl,128,0.0,main,1,0.5,1e-08,0.1,7.0,15
10000,100,0.01,0.001,4,nl,128,0.0,main,1,1.0,1e-08,0.1,7.0,15
10000,100,0.01,0.001,4,nl,128,0.0,main,2,0.01,1e-08,0.1,7.0,11
10000,100,0.01,0.001,4,nl,128,0.0,main,2,0.05,1e-08,0.1,7.0,13
10000,100,0.01,0.001,4,nl,128,0.0,main,2,0.1,1e-08,0.1,7.0,14
10000,100,0.01,0.001,4,nl,128,0.0,main,2,0.5,1e-08,0.1,7.0,15
10000,100,0.01,0.001,4,nl,128,0.0,main,2,1.0,1e-08,0.1,7.0,15
10000,100,0.01,0.001,4,nl,128,0.0,main,4,0.01,1e-08,0.1,7.0,12
10000,100,0.01,0.001,4,nl,128,0.0,main,4,0.05,1e-08,0.1,7.0,14
10000,100,0.01,0.001,4,nl,128,0.0,main,4,0.1,1e-08,0.1,7.0,15
10000,100,0.01,0.001,4,nl,128,0.0,main,4,0.5,1e-08,0.1,7.0,15
10000,100,0.01,0.001,4,nl,128,0.0,main,4,1.0,1e-08,0.1,7.0,15
10000,100,0.01,0.001,4,nl,128,0.0,main,8,0.01,1e-08,0.1,7.0,13
10000,100,0.01,0.001,4,nl,128,0.0,main,8,0.05,1e-08,0.1,7.0,15
10000,100,0.01,0.001,4,nl,128,0.0,main,8,0.1,1e-08,0.1,7.0,15
10000,100,0.01,0.001,4,nl,128,0.0,main,8,0.5,1e-08,0.1,7.0,15
10000,100,0.01,0.001,4,nl,128,0.0,main,8,1.0,1e-08,0.1,7.0,15
10000,100,0.01,0.001,4,nl,128,0.0,main,16,0.01,1e-08,0.1,7.0,14
10000,100,0.01,0.001,4,nl,128,0.0,main,16,0.05,1e-08,0.1,7.0,15
10000,100,0.01,0.001,4,nl,128,0.0,main,16,0.1,1e-08,0.1,7.0,15
10000,100,0.01,0.001,4,nl,128,0.0,main,16,0.5,1e-08,0.1,7.0,15
10000,100,0.01,0.001,4,nl,128,0.0,main,16,1.0,1e-08,0.1,7.0,15
10000,100,0.01,0.001,4,nl,128,1.0,main,1,0.01,1e-08,0.1,7.0,7
10000,100,0.01,0.001,4,nl,128,1.0,main,1,0.05,1e-08,0.1,7.0,15
10000,100,0.01,0.001,4,nl,128,1.0,main,1,0.1,1e-08,0.1,7.0,15
10000,100,0.01,0.001,4,nl,128,1.0,main,1,0.5,1e-08,0.1,7.0,15
10000,100,0.01,0.001,4,nl,128,1.0,main,1,1.0,1e-08,0.1,7.0,15
10000,100,0.01,0.001,4,nl,128,1.0,main,2,0.01,1e-08,0.1,7.0,12
10000,100,0.01,0.001,4,nl,128,1.0,main,2,0.05,1e-08,0.1,7.0,15
10000,100,0.01,0.001,4,nl,128,1.0,main,2,0.1,1e-08,0.1,7.0,15
10000,100,0.01,0.001,4,nl,128,1.0,main,2,0.5,1e-08,0.1,7.0,15
10000,100,0.01,0.001,4,nl,128,1.0,main,2,1.0,1e-08,0.1,7.0,15
10000,100,0.01,0.001,4,nl,128,1.0,main,4,0.01,1e-08,0.1,7.0,15
10000,100,0.01,0.001,4,nl,128,1.0,main,4,0.05,1e-08,0.1,7.0,15
10000,100,0.01,0.001,4,nl,128,1.0,main,4,0.1,1e-08,0.1,7.0,15
10000,100,0.01,0.001,4,nl,128,1.0,main,4,0.5,1e-08,0.1,7.0,15
10000,100,0.01,0.001,4,nl,128,1.0,main,4,1.0,1e-08,0.1,7.0,15
10000,100,0.01,0.001,4,nl,128,1.0,main,8,0.01,1e-08,0.1,7.0,15
10000,100,0.01,0.001,4,nl,128,1.0,main,8,0.05,1e-08,0.1,7.0,15
10000,100,0.01,0.001,4,nl,128,1.0,main,8,0.1,1e-08,0.1,7.0,15
10000,100,0.01,0.001,4,nl,128,1.0,main,8,0.5,1e-08,0.1,7.0,15
10000,100,0.01,0.001,4,nl,128,1.0,main,8,1.0,1e-08,0.1,7.0,15
10000,100,0.01,0.001,4,nl,128,1.0,main,16,0.01,1e-08,0.1,7.0,15
10000,100,0.01,0.001,4,nl,128,1.0,main,16,0.05,1e-08,0.1,7.0,15
10000,100,0.01,0.001,4,nl,128,1.0,main,16,0.1,1e-08,0.1,7.0,15
10000,100,0.01,0.001,4,nl,128,1.0,main,16,0.5,1e-08,0.1,7.0,15
10000,100,0.01,0.001,4,nl,128,1.0,main,16,1.0,1e-08,0.1,7.0,15
10000,100,0.01,0.001,8,lin,128,0.0,main,1,0.01,1e-08,0.1,7.0,12
10000,100,0.01,0.001,8,lin,128,0.0,main,1,0.05,1e-08,0.1,7.0,15
10000,100,0.01,0.001,8,lin,128,0.0,main,1,0.1,1e-08,0.1,7.0,15
10000,100,0.01,0.001,8,lin,128,0.0,main,1,0.5,1e-08,0.1,7.0,15
10000,100,0.01,0.001,8,lin,128,0.0,main,1,1.0,1e-08,0.1,7.0,15
10000,100,0.01,0.001,8,lin,128,0.0,main,2,0.01,1e-08,0.1,7.0,14
10000,100,0.01,0.001,8,lin,128,0.0,main,2,0.05,1e-08,0.1,7.0,15
10000,100,0.01,0.001,8,lin,128,0.0,main,2,0.1,1e-08,0.1,7.0,15
10000,100,0.01,0.001,8,lin,128,0.0,main,2,0.5,1e-08,0.1,7.0,15
10000,100,0.01,0.001,8,lin,128,0.0,main,2,1.0,1e-08,0.1,7.0,15
10000,100,0.01,0.001,8,lin,128,0.0,main,4,0.01,1e-08,0.1,7.0,14
10000,100,0.01,0.001,8,lin,128,0.0,main,4,0.05,1e-08,0.1,7.0,15
10000,100,0.01,0.001,8,lin,128,0.0,main,4,0.1,1e-08,0.1,7.0,15
10000,100,0.01,0.001,8,lin,128,0.0,main,4,0.5,1e-08,0.1,7.0,15
10000,100,0.01,0.001,8,lin,128,0.0,main,4,1.0,1e-08,0.1,7.0,15
10000,100,0.01,0.001,8,lin,128,0.0,main,8,0.01,1e-08,0.1,7.0,15
10000,100,0.01,0.001,8,lin,128,0.0,main,8,0.05,1e-08,0.1,7.0,15
10000,100,0.01,0.001,8,lin,128,0.0,main,8,0.1,1e-08,0.1,7.0,15
10000,100,0.01,0.001,8,lin,128,0.0,main,8,0.5,1e-08,0.1,7.0,15
10000,100,0.01,0.001,8,lin,128,0.0,main,8,1.0,1e-08,0.1,7.0,15
10000,100,0.01,0.001,8,lin,128,0.0,main,16,0.01,1e-08,0.1,7.0,15
10000,100,0.01,0.001,8,lin,128,0.0,main,16,0.05,1e-08,0.1,7.0,15
10000,100,0.01,0.001,8,lin,128,0.0,main,16,0.1,1e-08,0.1,7.0,15
10000,100,0.01,0.001,8,lin,128,0.0,main,16,0.5,1e-08,0.1,7.0,15
10000,100,0.01,0.001,8,lin,128,0.0,main,16,1.0,1e-08,0.1,7.0,15
10000,100,0.01,0.001,8,lin,128,1.0,main,1,0.01,3e-08,0.1,6.522878745280337,7
10000,100,0.01,0.001,8,lin,128,1.0,main,1,0.05,1e-08,0.1,7.0,15
10000,100,0.01,0.001,8,lin,128,1.0,main,1,0.1,1e-08,0.1,7.0,15
10000,100,0.01,0.001,8,lin,128,1.0,main,1,0.5,1e-08,0.1,7.0,15
10000,100,0.01,0.001,8,lin,128,1.0,main,1,1.0,1e-08,0.1,7.0,15
10000,100,0.01,0.001,8,lin,128,1.0,main,2,0.01,1e-08,0.1,7.0,11
10000,100,0.01,0.001,8,lin,128,1.0,main,2,0.05,1e-08,0.1,7.0,15
10000,100,0.01,0.001,8,lin,128,1.0,main,2,0.1,1e-08,0.1,7.0,15
10000,100,0.01,0.001,8,lin,128,1.0,main,2,0.5,1e-08,0.1,7.0,15
10000,100,0.01,0.001,8,lin,128,1.0,main,2,1.0,1e-08,0.1,7.0,15
10000,100,0.01,0.001,8,lin,128,1.0,main,4,0.01,1e-08,0.1,7.0,13
10000,100,0.01,0.001,8,lin,128,1.0,main,4,0.05,1e-08,0.1,7.0,15
10000,100,0.01,0.001,8,lin,128,1.0,main,4,0.1,1e-08,0.1,7.0,15
10000,100,0.01,0.001,8,lin,128,1.0,main,4,0.5,1e-08,0.1,7.0,15
10000,100,0.01,0.001,8,lin,128,1.0,main,4,1.0,1e-08,0.1,7.0,15
10000,100,0.01,0.001,8,lin,128,1.0,main,8,0.01,1e-08,0.1,7.0,15
10000,100,0.01,0.001,8,lin,128,1.0,main,8,0.05,1e-08,0.1,7.0,15
10000,100,0.01,0.001,8,lin,128,1.0,main,8,0.1,1e-08,0.1,7.0,15
10000,100,0.01,0.001,8,lin,128,1.0,main,8,0.5,1e-08,0.1,7.0,15
10000,100,0.01,0.001,8,lin,128,1.0,main,8,1.0,1e-08,0.1,7.0,15
10000,100,0.01,0.001,8,lin,128,1.0,main,16,0.01,1e-08,0.1,7.0,15
10000,100,0.01,0.001,8,lin,128,1.0,main,16,0.05,1e-08,0.1,7.0,15
10000,100,0.01,0.001,8,lin,128,1.0,main,16,0.1,1e-08,0.1,7.0,15
10000,100,0.01,0.001,8,lin,128,1.0,main,16,0.5,1e-08,0.1,7.0,15
10000,100,0.01,0.001,8,lin,128,1.0,main,16,1.0,1e-08,0.1,7.0,15
10000,100,0.01,0.001,8,nl,128,0.0,main,1,0.01,1e-08,0.1,7.0,11
10000,100,0.01,0.001,8,nl,128,0.0,main,1,0.05,1e-08,0.1,7.0,15
10000,100,0.01,0.001,8,nl,128,0.0,main,1,0.1,1e-08,0.1,7.0,15
10000,100,0.01,0.001,8,nl,128,0.0,main,1,0.5,1e-08,0.1,7.0,15
10000,100,0.01,0.001,8,nl,128,0.0,main,1,1.0,1e-08,0.1,7.0,15
10000,100,0.01,0.001,8,nl,128,0.0,main,2,0.01,1e-08,0.1,7.0,15
10000,100,0.01,0.001,8,nl,128,0.0,main,2,0.05,1e-08,0.1,7.0,15
10000,100,0.01,0.001,8,nl,128,0.0,main,2,0.1,1e-08,0.1,7.0,15
10000,100,0.01,0.001,8,nl,128,0.0,main,2,0.5,1e-08,0.1,7.0,15
10000,100,0.01,0.001,8,nl,128,0.0,main,2,1.0,1e-08,0.1,7.0,15
10000,100,0.01,0.001,8,nl,128,0.0,main,4,0.01,1e-08,0.1,7.0,15
10000,100,0.01,0.001,8,nl,128,0.0,main,4,0.05,1e-08,0.1,7.0,15
10000,100,0.01,0.001,8,nl,128,0.0,main,4,0.1,1e-08,0.1,7.0,15
10000,100,0.01,0.001,8,nl,128,0.0,main,4,0.5,1e-08,0.1,7.0,15
10000,100,0.01,0.001,8,nl,128,0.0,main,4,1.0,1e-08,0.1,7.0,15
10000,100,0.01,0.001,8,nl,128,0.0,main,8,0.01,1e-08,0.1,7.0,15
10000,100,0.01,0.001,8,nl,128,0.0,main,8,0.05,1e-08,0.1,7.0,15
10000,100,0.01,0.001,8,nl,128,0.0,main,8,0.1,1e-08,0.1,7.0,15
10000,100,0.01,0.001,8,nl,128,0.0,main,8,0.5,1e-08,0.1,7.0,15
10000,100,0.01,0.001,8,nl,128,0.0,main,8,1.0,1e-08,0.1,7.0,15
10000,100,0.01,0.001,8,nl,128,0.0,main,16,0.01,1e-08,0.1,7.0,15
10000,100,0.01,0.001,8,nl,128,0.0,main,16,0.05,1e-08,0.1,7.0,15
10000,100,0.01,0.001,8,nl,128,0.0,main,16,0.1,1e-08,0.1,7.0,15
10000,100,0.01,0.001,8,nl,128,0.0,main,16,0.5,1e-08,0.1,7.0,15
10000,100,0.01,0.001,8,nl,128,0.0,main,16,1.0,1e-08,0.1,7.0,15
10000,100,0.01,0.001,8,nl,128,1.0,main,1,0.01,3e-07,0.1,5.522878745280337,6
10000,100,0.01,0.001,8,nl,128,1.0,main,1,0.05,1e-08,0.1,7.0,15
10000,100,0.01,0.001,8,nl,128,1.0,main,1,0.1,1e-08,0.1,7.0,15
10000,100,0.01,0.001,8,nl,128,1.0,main,1,0.5,1e-08,0.1,7.0,15
10000,100,0.01,0.001,8,nl,128,1.0,main,1,1.0,1e-08,0.1,7.0,15
10000,100,0.01,0.001,8,nl,128,1.0,main,2,0.01,1e-08,0.1,7.0,11
10000,100,0.01,0.001,8,nl,128,1.0,main,2,0.05,1e-08,0.1,7.0,15
10000,100,0.01,0.001,8,nl,128,1.0,main,2,0.1,1e-08,0.1,7.0,15
10000,100,0.01,0.001,8,nl,128,1.0,main,2,0.5,1e-08,0.1,7.0,15
10000,100,0.01,0.001,8,nl,128,1.0,main,2,1.0,1e-08,0.1,7.0,15
10000,100,0.01,0.001,8,nl,128,1.0,main,4,0.01,1e-08,0.1,7.0,14
10000,100,0.01,0.001,8,nl,128,1.0,main,4,0.05,1e-08,0.1,7.0,15
10000,100,0.01,0.001,8,nl,128,1.0,main,4,0.1,1e-08,0.1,7.0,15
10000,100,0.01,0.001,8,nl,128,1.0,main,4,0.5,1e-08,0.1,7.0,15
10000,100,0.01,0.001,8,nl,128,1.0,main,4,1.0,1e-08,0.1,7.0,15
10000,100,0.01,0.001,8,nl,128,1.0,main,8,0.01,1e-08,0.1,7.0,15
10000,100,0.01,0.001,8,nl,128,1.0,main,8,0.05,1e-08,0.1,7.0,15
10000,100,0.01,0.001,8,nl,128,1.0,main,8,0.1,1e-08,0.1,7.0,15
10000,100,0.01,0.001,8,nl,128,1.0,main,8,0.5,1e-08,0.1,7.0,15
10000,100,0.01,0.001,8,nl,128,1.0,main,8,1.0,1e-08,0.1,7.0,15
10000,100,0.01,0.001,8,nl,128,1.0,main,16,0.01,1e-08,0.1,7.0,15
10000,100,0.01,0.001,8,nl,128,1.0,main,16,0.05,1e-08,0.1,7.0,15
10000,100,0.01,0.001,8,nl,128,1.0,main,16,0.1,1e-08,0.1,7.0,15
10000,100,0.01,0.001,8,nl,128,1.0,main,16,0.5,1e-08,0.1,7.0,15
10000,100,0.01,0.001,8,nl,128,1.0,main,16,1.0,1e-08,0.1,7.0,15
10000,100,0.01,0.01,4,lin,128,0.0,main,1,0.01,1e-08,0.1,7.0,10
10000,100,0.01,0.01,4,lin,128,0.0,main,1,0.05,1e-08,0.1,7.0,15
10000,100,0.01,0.01,4,lin,128,0.0,main,1,0.1,1e-08,0.1,7.0,15
10000,100,0.01,0.01,4,lin,128,0.0,main,1,0.5,1e-08,0.1,7.0,15
10000,100,0.01,0.01,4,lin,128,0.0,main,1,1.0,1e-08,0.1,7.0,15
10000,100,0.01,0.01,4,lin,128,0.0,main,2,0.01,1e-08,0.1,7.0,14
10000,100,0.01,0.01,4,lin,128,0.0,main,2,0.05,1e-08,0.1,7.0,15
10000,100,0.01,0.01,4,lin,128,0.0,main,2,0.1,1e-08,0.1,7.0,15
10000,100,0.01,0.01,4,lin,128,0.0,main,2,0.5,1e-08,0.1,7.0,15
10000,100,0.01,0.01,4,lin,128,0.0,main,2,1.0,1e-08,0.1,7.0,15
10000,100,0.01,0.01,4,lin,128,0.0,main,4,0.01,1e-08,0.1,7.0,14
10000,100,0.01,0.01,4,lin,128,0.0,main,4,0.05,1e-08,0.1,7.0,15
10000,100,0.01,0.01,4,lin,128,0.0,main,4,0.1,1e-08,0.1,7.0,15
10000,100,0.01,0.01,4,lin,128,0.0,main,4,0.5,1e-08,0.1,7.0,15
10000,100,0.01,0.01,4,lin,128,0.0,main,4,1.0,1e-08,0.1,7.0,15
10000,100,0.01,0.01,4,lin,128,0.0,main,8,0.01,1e-08,0.1,7.0,15
10000,100,0.01,0.01,4,lin,128,0.0,main,8,0.05,1e-08,0.1,7.0,15
10000,100,0.01,0.01,4,lin,128,0.0,main,8,0.1,1e-08,0.1,7.0,15
10000,100,0.01,0.01,4,lin,128,0.0,main,8,0.5,1e-08,0.1,7.0,15
10000,100,0.01,0.01,4,lin,128,0.0,main,8,1.0,1e-08,0.1,7.0,15
10000,100,0.01,0.01,4,lin,128,0.0,main,16,0.01,1e-08,0.1,7.0,15
10000,100,0.01,0.01,4,lin,128,0.0,main,16,0.05,1e-08,0.1,7.0,15
10000,100,0.01,0.01,4,lin,128,0.0,main,16,0.1,1e-08,0.1,7.0,15
10000,100,0.01,0.01,4,lin,128,0.0,main,16,0.5,1e-08,0.1,7.0,15
10000,100,0.01,0.01,4,lin,128,0.0,main,16,1.0,1e-08,0.1,7.0,15
10000,100,0.01,0.01,4,lin,128,1.0,main,1,0.01,1e-07,0.1,6.0,9
10000,100,0.01,0.01,4,lin,128,1.0,main,1,0.05,1e-08,0.1,7.0,12
10000,100,0.01,0.01,4,lin,128,1.0,main,1,0.1,1e-08,0.1,7.0,12
10000,100,0.01,0.01,4,lin,128,1.0,main,1,0.5,1e-08,0.1,7.0,15
10000,100,0.01,0.01,4,lin,128,1.0,main,1,1.0,1e-08,0.1,7.0,15
10000,100,0.01,0.01,4,lin,128,1.0,main,2,0.01,1e-08,0.1,7.0,11
10000,100,0.01,0.01,4,lin,128,1.0,main,2,0.05,1e-08,0.1,7.0,12
10000,100,0.01,0.01,4,lin,128,1.0,main,2,0.1,1e-08,0.1,7.0,13
10000,100,0.01,0.01,4,lin,128,1.0,main,2,0.5,1e-08,0.1,7.0,15
10000,100,0.01,0.01,4,lin,128,1.0,main,2,1.0,1e-08,0.1,7.0,15
10000,100,0.01,0.01,4,lin,128,1.0,main,4,0.01,1e-08,0.1,7.0,11
10000,100,0.01,0.01,4,lin,128,1.0,main,4,0.05,1e-08,0.1,7.0,13
10000,100,0.01,0.01,4,lin,128,1.0,main,4,0.1,1e-08,0.1,7.0,14
10000,100,0.01,0.01,4,lin,128,1.0,main,4,0.5,1e-08,0.1,7.0,15
10000,100,0.01,0.01,4,lin,128,1.0,main,4,1.0,1e-08,0.1,7.0,15
10000,100,0.01,0.01,4,lin,128,1.0,main,8,0.01,1e-08,0.1,7.0,12
10000,100,0.01,0.01,4,lin,128,1.0,main,8,0.05,1e-08,0.1,7.0,14
10000,100,0.01,0.01,4,lin,128,1.0,main,8,0.1,1e-08,0.1,7.0,15
10000,100,0.01,0.01,4,lin,128,1.0,main,8,0.5,1e-08,0.1,7.0,15
10000,100,0.01,0.01,4,lin,128,1.0,main,8,1.0,1e-08,0.1,7.0,15
10000,100,0.01,0.01,4,lin,128,1.0,main,16,0.01,1e-08,0.1,7.0,13
10000,100,0.01,0.01,4,lin,128,1.0,main,16,0.05,1e-08,0.1,7.0,15
10000,100,0.01,0.01,4,lin,128,1.0,main,16,0.1,1e-08,0.1,7.0,15
10000,100,0.01,0.01,4,lin,128,1.0,main,16,0.5,1e-08,0.1,7.0,15
10000,100,0.01,0.01,4,lin,128,1.0,main,16,1.0,1e-08,0.1,7.0,15
10000,100,0.01,0.01,4,nl,128,0.0,main,1,0.01,1e-08,0.03,6.477121254719663,5
10000,100,0.01,0.01,4,nl,128,0.0,main,1,0.05,1e-08,0.1,7.0,14
10000,100,0.01,0.01,4,nl,128,0.0,main,1,0.1,1e-08,0.1,7.0,15
10000,100,0.01,0.01,4,nl,128,0.0,main,1,0.5,1e-08,0.1,7.0,15
10000,100,0.01,0.01,4,nl,128,0.0,main,1,1.0,1e-08,0.1,7.0,15
10000,100,0.01,0.01,4,nl,128,0.0,main,2,0.01,1e-08,0.1,7.0,12
10000,100,0.01,0.01,4,nl,128,0.0,main,2,0.05,1e-08,0.1,7.0,15
10000,100,0.01,0.01,4,nl,128,0.0,main,2,0.1,1e-08,0.1,7.0,15
10000,100,0.01,0.01,4,nl,128,0.0,main,2,0.5,1e-08,0.1,7.0,15
10000,100,0.01,0.01,4,nl,128,0.0,main,2,1.0,1e-08,0.1,7.0,15
10000,100,0.01,0.01,4,nl,128,0.0,main,4,0.01,1e-08,0.1,7.0,14
10000,100,0.01,0.01,4,nl,128,0.0,main,4,0.05,1e-08,0.1,7.0,15
10000,100,0.01,0.01,4,nl,128,0.0,main,4,0.1,1e-08,0.1,7.0,15
10000,100,0.01,0.01,4,nl,128,0.0,main,4,0.5,1e-08,0.1,7.0,15
10000,100,0.01,0.01,4,nl,128,0.0,main,4,1.0,1e-08,0.1,7.0,15
10000,100,0.01,0.01,4,nl,128,0.0,main,8,0.01,1e-08,0.1,7.0,15
10000,100,0.01,0.01,4,nl,128,0.0,main,8,0.05,1e-08,0.1,7.0,15
10000,100,0.01,0.01,4,nl,128,0.0,main,8,0.1,1e-08,0.1,7.0,15
10000,100,0.01,0.01,4,nl,128,0.0,main,8,0.5,1e-08,0.1,7.0,15
10000,100,0.01,0.01,4,nl,128,0.0,main,8,1.0,1e-08,0.1,7.0,15
10000,100,0.01,0.01,4,nl,128,0.0,main,16,0.01,1e-08,0.1,7.0,15
10000,100,0.01,0.01,4,nl,128,0.0,main,16,0.05,1e-08,0.1,7.0,15
10000,100,0.01,0.01,4,nl,128,0.0,main,16,0.1,1e-08,0.1,7.0,15
10000,100,0.01,0.01,4,nl,128,0.0,main,16,0.5,1e-08,0.1,7.0,15
10000,100,0.01,0.01,4,nl,128,0.0,main,16,1.0,1e-08,0.1,7.0,15
10000,100,0.01,0.01,4,nl,128,1.0,main,1,0.01,0.01,0.1,1.0,3
10000,100,0.01,0.01,4,nl,128,1.0,main,1,0.05,1e-08,0.1,7.0,12
10000,100,0.01,0.01,4,nl,128,1.0,main,1,0.1,1e-08,0.1,7.0,13
10000,100,0.01,0.01,4,nl,128,1.0,main,1,0.5,1e-08,0.1,7.0,14
10000,100,0.01,0.01,4,nl,128,1.0,main,1,1.0,1e-08,0.1,7.0,15
10000,100,0.01,0.01,4,nl,128,1.0,main,2,0.01,1e-08,0.1,7.0,11
10000,100,0.01,0.01,4,nl,128,1.0,main,2,0.05,1e-08,0.1,7.0,13
10000,100,0.01,0.01,4,nl,128,1.0,main,2,0.1,1e-08,0.1,7.0,13
10000,100,0.01,0.01,4,nl,128,1.0,main,2,0.5,1e-08,0.1,7.0,15
10000,100,0.01,0.01,4,nl,128,1.0,main,2,1.0,1e-08,0.1,7.0,15
10000,100,0.01,0.01,4,nl,128,1.0,main,4,0.01,1e-08,0.1,7.0,12
10000,100,0.01,0.01,4,nl,128,1.0,main,4,0.05,1e-08,0.1,7.0,13
10000,100,0.01,0.01,4,nl,128,1.0,main,4,0.1,1e-08,0.1,7.0,13
10000,100,0.01,0.01,4,nl,128,1.0,main,4,0.5,1e-08,0.1,7.0,15
10000,100,0.01,0.01,4,nl,128,1.0,main,4,1.0,1e-08,0.1,7.0,15
10000,100,0.01,0.01,4,nl,128,1.0,main,8,0.01,1e-08,0.1,7.0,13
10000,100,0.01,0.01,4,nl,128,1.0,main,8,0.05,1e-08,0.1,7.0,13
10000,100,0.01,0.01,4,nl,128,1.0,main,8,0.1,1e-08,0.1,7.0,15
10000,100,0.01,0.01,4,nl,128,1.0,main,8,0.5,1e-08,0.1,7.0,15
10000,100,0.01,0.01,4,nl,128,1.0,main,8,1.0,1e-08,0.1,7.0,15
10000,100,0.01,0.01,4,nl,128,1.0,main,16,0.01,1e-08,0.1,7.0,13
10000,100,0.01,0.01,4,nl,128,1.0,main,16,0.05,1e-08,0.1,7.0,15
10000,100,0.01,0.01,4,nl,128,1.0,main,16,0.1,1e-08,0.1,7.0,15
10000,100,0.01,0.01,4,nl,128,1.0,main,16,0.5,1e-08,0.1,7.0,15
10000,100,0.01,0.01,4,nl,128,1.0,main,16,1.0,1e-08,0.1,7.0,15
10000,100,0.01,0.01,8,lin,128,0.0,main,1,0.01,1e-08,0.1,7.0,9
10000,100,0.01,0.01,8,lin,128,0.0,main,1,0.05,1e-08,0.1,7.0,12
10000,100,0.01,0.01,8,lin,128,0.0,main,1,0.1,1e-08,0.1,7.0,12
10000,100,0.01,0.01,8,lin,128,0.0,main,1,0.5,1e-08,0.1,7.0,15
10000,100,0.01,0.01,8,lin,128,0.0,main,1,1.0,1e-08,0.1,7.0,15
10000,100,0.01,0.01,8,lin,128,0.0,main,2,0.01,1e-08,0.1,7.0,11
10000,100,0.01,0.01,8,lin,128,0.0,main,2,0.05,1e-08,0.1,7.0,12
10000,100,0.01,0.01,8,lin,128,0.0,main,2,0.1,1e-08,0.1,7.0,12
10000,100,0.01,0.01,8,lin,128,0.0,main,2,0.5,1e-08,0.1,7.0,15
10000,100,0.01,0.01,8,lin,128,0.0,main,2,1.0,1e-08,0.1,7.0,15
10000,100,0.01,0.01,8,lin,128,0.0,main,4,0.01,1e-08,0.1,7.0,12
10000,100,0.01,0.01,8,lin,128,0.0,main,4,0.05,1e-08,0.1,7.0,12
10000,100,0.01,0.01,8,lin,128,0.0,main,4,0.1,1e-08,0.1,7.0,15
10000,100,0.01,0.01,8,lin,128,0.0,main,4,0.5,1e-08,0.1,7.0,15
10000,100,0.01,0.01,8,lin,128,0.0,main,4,1.0,1e-08,0.1,7.0,15
10000,100,0.01,0.01,8,lin,128,0.0,main,8,0.01,1e-08,0.1,7.0,12
10000,100,0.01,0.01,8,lin,128,0.0,main,8,0.05,1e-08,0.1,7.0,15
10000,100,0.01,0.01,8,lin,128,0.0,main,8,0.1,1e-08,0.1,7.0,15
10000,100,0.01,0.01,8,lin,128,0.0,main,8,0.5,1e-08,0.1,7.0,15
10000,100,0.01,0.01,8,lin,128,0.0,main,8,1.0,1e-08,0.1,7.0,15
10000,100,0.01,0.01,8,lin,128,0.0,main,16,0.01,1e-08,0.1,7.0,12
10000,100,0.01,0.01,8,lin,128,0.0,main,16,0.05,1e-08,0.1,7.0,15
10000,100,0.01,0.01,8,lin,128,0.0,main,16,0.1,1e-08,0.1,7.0,15
10000,100,0.01,0.01,8,lin,128,0.0,main,16,0.5,1e-08,0.1,7.0,15
10000,100,0.01,0.01,8,lin,128,0.0,main,16,1.0,1e-08,0.1,7.0,15
10000,100,0.01,0.01,8,lin,128,1.0,main,1,0.01,1e-08,0.1,7.0,9
10000,100,0.01,0.01,8,lin,128,1.0,main,1,0.05,1e-08,0.1,7.0,12
10000,100,0.01,0.01,8,lin,128,1.0,main,1,0.1,1e-08,0.1,7.0,12
10000,100,0.01,0.01,8,lin,128,1.0,main,1,0.5,1e-08,0.1,7.0,15
10000,100,0.01,0.01,8,lin,128,1.0,main,1,1.0,1e-08,0.1,7.0,15
10000,100,0.01,0.01,8,lin,128,1.0,main,2,0.01,1e-08,0.1,7.0,11
10000,100,0.01,0.01,8,lin,128,1.0,main,2,0.05,1e-08,0.1,7.0,12
10000,100,0.01,0.01,8,lin,128,1.0,main,2,0.1,1e-08,0.1,7.0,14
10000,100,0.01,0.01,8,lin,128,1.0,main,2,0.5,1e-08,0.1,7.0,15
10000,100,0.01,0.01,8,lin,128,1.0,main,2,1.0,1e-08,0.1,7.0,15
10000,100,0.01,0.01,8,lin,128,1.0,main,4,0.01,1e-08,0.1,7.0,12
10000,100,0.01,0.01,8,lin,128,1.0,main,4,0.05,1e-08,0.1,7.0,14
10000,100,0.01,0.01,8,lin,128,1.0,main,4,0.1,1e-08,0.1,7.0,14
10000,100,0.01,0.01,8,lin,128,1.0,main,4,0.5,1e-08,0.1,7.0,15
10000,100,0.01,0.01,8,lin,128,1.0,main,4,1.0,1e-08,0.1,7.0,15
10000,100,0.01,0.01,8,lin,128,1.0,main,8,0.01,1e-08,0.1,7.0,12
10000,100,0.01,0.01,8,lin,128,1.0,main,8,0.05,1e-08,0.1,7.0,14
10000,100,0.01,0.01,8,lin,128,1.0,main,8,0.1,1e-08,0.1,7.0,15
10000,100,0.01,0.01,8,lin,128,1.0,main,8,0.5,1e-08,0.1,7.0,15
10000,100,0.01,0.01,8,lin,128,1.0,main,8,1.0,1e-08,0.1,7.0,15
10000,100,0.01,0.01,8,lin,128,1.0,main,16,0.01,1e-08,0.1,7.0,12
10000,100,0.01,0.01,8,lin,128,1.0,main,16,0.05,1e-08,0.1,7.0,15
10000,100,0.01,0.01,8,lin,128,1.0,main,16,0.1,1e-08,0.1,7.0,15
10000,100,0.01,0.01,8,lin,128,1.0,main,16,0.5,1e-08,0.1,7.0,15
10000,100,0.01,0.01,8,lin,128,1.0,main,16,1.0,1e-08,0.1,7.0,15
10000,100,0.01,0.01,8,nl,128,0.0,main,1,0.01,1e-08,0.1,7.0,9
10000,100,0.01,0.01,8,nl,128,0.0,main,1,0.05,1e-08,0.1,7.0,11
10000,100,0.01,0.01,8,nl,128,0.0,main,1,0.1,1e-08,0.1,7.0,11
10000,100,0.01,0.01,8,nl,128,0.0,main,1,0.5,1e-08,0.1,7.0,12
10000,100,0.01,0.01,8,nl,128,0.0,main,1,1.0,1e-08,0.1,7.0,13
10000,100,0.01,0.01,8,nl,128,0.0,main,2,0.01,1e-08,0.1,7.0,10
10000,100,0.01,0.01,8,nl,128,0.0,main,2,0.05,1e-08,0.1,7.0,11
10000,100,0.01,0.01,8,nl,128,0.0,main,2,0.1,1e-08,0.1,7.0,11
10000,100,0.01,0.01,8,nl,128,0.0,main,2,0.5,1e-08,0.1,7.0,13
10000,100,0.01,0.01,8,nl,128,0.0,main,2,1.0,1e-08,0.1,7.0,13
10000,100,0.01,0.01,8,nl,128,0.0,main,4,0.01,1e-08,0.1,7.0,11
10000,100,0.01,0.01,8,nl,128,0.0,main,4,0.05,1e-08,0.1,7.0,11
10000,100,0.01,0.01,8,nl,128,0.0,main,4,0.1,1e-08,0.1,7.0,12
10000,100,0.01,0.01,8,nl,128,0.0,main,4,0.5,1e-08,0.1,7.0,13
10000,100,0.01,0.01,8,nl,128,0.0,main,4,1.0,1e-08,0.1,7.0,14
10000,100,0.01,0.01,8,nl,128,0.0,main,8,0.01,1e-08,0.1,7.0,11
10000,100,0.01,0.01,8,nl,128,0.0,main,8,0.05,1e-08,0.1,7.0,12
10000,100,0.01,0.01,8,nl,128,0.0,main,8,0.1,1e-08,0.1,7.0,13
10000,100,0.01,0.01,8,nl,128,0.0,main,8,0.5,1e-08,0.1,7.0,14
10000,100,0.01,0.01,8,nl,128,0.0,main,8,1.0,1e-08,0.1,7.0,15
10000,100,0.01,0.01,8,nl,128,0.0,main,16,0.01,1e-08,0.1,7.0,11
10000,100,0.01,0.01,8,nl,128,0.0,main,16,0.05,1e-08,0.1,7.0,13
10000,100,0.01,0.01,8,nl,128,0.0,main,16,0.1,1e-08,0.1,7.0,13
10000,100,0.01,0.01,8,nl,128,0.0,main,16,0.5,1e-08,0.1,7.0,15
10000,100,0.01,0.01,8,nl,128,0.0,main,16,1.0,1e-08,0.1,7.0,15
10000,100,0.01,0.01,8,nl,128,1.0,main,1,0.01,1e-05,0.1,4.0,4
10000,100,0.01,0.01,8,nl,128,1.0,main,1,0.05,1e-08,0.1,7.0,12
10000,100,0.01,0.01,8,nl,128,1.0,main,1,0.1,1e-08,0.1,7.0,13
10000,100,0.01,0.01,8,nl,128,1.0,main,1,0.5,1e-08,0.1,7.0,15
10000,100,0.01,0.01,8,nl,128,1.0,main,1,1.0,1e-08,0.1,7.0,15
10000,100,0.01,0.01,8,nl,128,1.0,main,2,0.01,1e-08,0.1,7.0,11
10000,100,0.01,0.01,8,nl,128,1.0,main,2,0.05,1e-08,0.1,7.0,13
10000,100,0.01,0.01,8,nl,128,1.0,main,2,0.1,1e-08,0.1,7.0,15
10000,100,0.01,0.01,8,nl,128,1.0,main,2,0.5,1e-08,0.1,7.0,15
10000,100,0.01,0.01,8,nl,128,1.0,main,2,1.0,1e-08,0.1,7.0,15
10000,100,0.01,0.01,8,nl,128,1.0,main,4,0.01,1e-08,0.1,7.0,12
10000,100,0.01,0.01,8,nl,128,1.0,main,4,0.05,1e-08,0.1,7.0,15
10000,100,0.01,0.01,8,nl,128,1.0,main,4,0.1,1e-08,0.1,7.0,15
10000,100,0.01,0.01,8,nl,128,1.0,main,4,0.5,1e-08,0.1,7.0,15
10000,100,0.01,0.01,8,nl,128,1.0,main,4,1.0,1e-08,0.1,7.0,15
10000,100,0.01,0.01,8,nl,128,1.0,main,8,0.01,1e-08,0.1,7.0,13
10000,100,0.01,0.01,8,nl,128,1.0,main,8,0.05,1e-08,0.1,7.0,15
10000,100,0.01,0.01,8,nl,128,1.0,main,8,0.1,1e-08,0.1,7.0,15
10000,100,0.01,0.01,8,nl,128,1.0,main,8,0.5,1e-08,0.1,7.0,15
10000,100,0.01,0.01,8,nl,128,1.0,main,8,1.0,1e-08,0.1,7.0,15
10000,100,0.01,0.01,8,nl,128,1.0,main,16,0.01,1e-08,0.1,7.0,15
10000,100,0.01,0.01,8,nl,128,1.0,main,16,0.05,1e-08,0.1,7.0,15
10000,100,0.01,0.01,8,nl,128,1.0,main,16,0.1,1e-08,0.1,7.0,15
10000,100,0.01,0.01,8,nl,128,1.0,main,16,0.5,1e-08,0.1,7.0,15
10000,100,0.01,0.01,8,nl,128,1.0,main,16,1.0,1e-08,0.1,7.0,15
10000,500,0.05,3e-05,4,nl,128,0.5,hwindow_12h_highdim_extra_midp,1,0.01,,,,0
10000,500,0.05,3e-05,4,nl,128,0.5,hwindow_12h_highdim_extra_midp,1,0.05,1e-08,0.1,7.0,10
10000,500,0.05,3e-05,4,nl,128,0.5,hwindow_12h_highdim_extra_midp,1,0.1,1e-08,0.1,7.0,12
10000,500,0.05,3e-05,4,nl,128,0.5,hwindow_12h_highdim_extra_midp,1,0.5,1e-08,0.1,7.0,14
10000,500,0.05,3e-05,4,nl,128,0.5,hwindow_12h_highdim_extra_midp,1,1.0,1e-08,0.1,7.0,14
10000,500,0.05,3e-05,4,nl,128,0.5,hwindow_12h_highdim_extra_midp,2,0.01,,,,0
10000,500,0.05,3e-05,4,nl,128,0.5,hwindow_12h_highdim_extra_midp,2,0.05,1e-08,0.1,7.0,12
10000,500,0.05,3e-05,4,nl,128,0.5,hwindow_12h_highdim_extra_midp,2,0.1,1e-08,0.1,7.0,12
10000,500,0.05,3e-05,4,nl,128,0.5,hwindow_12h_highdim_extra_midp,2,0.5,1e-08,0.1,7.0,14
10000,500,0.05,3e-05,4,nl,128,0.5,hwindow_12h_highdim_extra_midp,2,1.0,1e-08,0.1,7.0,15
10000,500,0.05,3e-05,4,nl,128,0.5,hwindow_12h_highdim_extra_midp,4,0.01,1e-08,0.01,6.0,6
10000,500,0.05,3e-05,4,nl,128,0.5,hwindow_12h_highdim_extra_midp,4,0.05,1e-08,0.1,7.0,12
10000,500,0.05,3e-05,4,nl,128,0.5,hwindow_12h_highdim_extra_midp,4,0.1,1e-08,0.1,7.0,14
10000,500,0.05,3e-05,4,nl,128,0.5,hwindow_12h_highdim_extra_midp,4,0.5,1e-08,0.1,7.0,15
10000,500,0.05,3e-05,4,nl,128,0.5,hwindow_12h_highdim_extra_midp,4,1.0,1e-08,0.1,7.0,15
10000,500,0.05,3e-05,4,nl,128,0.5,hwindow_12h_highdim_extra_midp,8,0.01,1e-08,0.1,7.0,12
10000,500,0.05,3e-05,4,nl,128,0.5,hwindow_12h_highdim_extra_midp,8,0.05,1e-08,0.1,7.0,14
10000,500,0.05,3e-05,4,nl,128,0.5,hwindow_12h_highdim_extra_midp,8,0.1,1e-08,0.1,7.0,14
10000,500,0.05,3e-05,4,nl,128,0.5,hwindow_12h_highdim_extra_midp,8,0.5,1e-08,0.1,7.0,15
10000,500,0.05,3e-05,4,nl,128,0.5,hwindow_12h_highdim_extra_midp,8,1.0,1e-08,0.1,7.0,15
10000,500,0.05,3e-05,4,nl,128,0.5,hwindow_12h_highdim_extra_midp,16,0.01,1e-08,0.1,7.0,12
10000,500,0.05,3e-05,4,nl,128,0.5,hwindow_12h_highdim_extra_midp,16,0.05,1e-08,0.1,7.0,14
10000,500,0.05,3e-05,4,nl,128,0.5,hwindow_12h_highdim_extra_midp,16,0.1,1e-08,0.1,7.0,15
10000,500,0.05,3e-05,4,nl,128,0.5,hwindow_12h_highdim_extra_midp,16,0.5,1e-08,0.1,7.0,15
10000,500,0.05,3e-05,4,nl,128,0.5,hwindow_12h_highdim_extra_midp,16,1.0,1e-08,0.1,7.0,15
10000,500,0.05,3e-05,8,nl,128,0.5,hwindow_12h_highdim_extra_midp,1,0.01,0.0001,0.0001,0.0,1
10000,500,0.05,3e-05,8,nl,128,0.5,hwindow_12h_highdim_extra_midp,1,0.05,1e-08,0.03,6.477121254719663,9
10000,500,0.05,3e-05,8,nl,128,0.5,hwindow_12h_highdim_extra_midp,1,0.1,1e-08,0.1,7.0,12
10000,500,0.05,3e-05,8,nl,128,0.5,hwindow_12h_highdim_extra_midp,1,0.5,1e-08,0.1,7.0,15
10000,500,0.05,3e-05,8,nl,128,0.5,hwindow_12h_highdim_extra_midp,1,1.0,1e-08,0.1,7.0,15
10000,500,0.05,3e-05,8,nl,128,0.5,hwindow_12h_highdim_extra_midp,2,0.01,3e-05,0.001,1.5228787452803376,4
10000,500,0.05,3e-05,8,nl,128,0.5,hwindow_12h_highdim_extra_midp,2,0.05,1e-08,0.1,7.0,12
10000,500,0.05,3e-05,8,nl,128,0.5,hwindow_12h_highdim_extra_midp,2,0.1,1e-08,0.1,7.0,14
10000,500,0.05,3e-05,8,nl,128,0.5,hwindow_12h_highdim_extra_midp,2,0.5,1e-08,0.1,7.0,15
10000,500,0.05,3e-05,8,nl,128,0.5,hwindow_12h_highdim_extra_midp,2,1.0,1e-08,0.1,7.0,15
10000,500,0.05,3e-05,8,nl,128,0.5,hwindow_12h_highdim_extra_midp,4,0.01,1e-08,0.01,6.0,7
10000,500,0.05,3e-05,8,nl,128,0.5,hwindow_12h_highdim_extra_midp,4,0.05,1e-08,0.1,7.0,14
10000,500,0.05,3e-05,8,nl,128,0.5,hwindow_12h_highdim_extra_midp,4,0.1,1e-08,0.1,7.0,15
10000,500,0.05,3e-05,8,nl,128,0.5,hwindow_12h_highdim_extra_midp,4,0.5,1e-08,0.1,7.0,15
10000,500,0.05,3e-05,8,nl,128,0.5,hwindow_12h_highdim_extra_midp,4,1.0,1e-08,0.1,7.0,15
10000,500,0.05,3e-05,8,nl,128,0.5,hwindow_12h_highdim_extra_midp,8,0.01,1e-08,0.1,7.0,12
10000,500,0.05,3e-05,8,nl,128,0.5,hwindow_12h_highdim_extra_midp,8,0.05,1e-08,0.1,7.0,15
10000,500,0.05,3e-05,8,nl,128,0.5,hwindow_12h_highdim_extra_midp,8,0.1,1e-08,0.1,7.0,15
10000,500,0.05,3e-05,8,nl,128,0.5,hwindow_12h_highdim_extra_midp,8,0.5,1e-08,0.1,7.0,15
10000,500,0.05,3e-05,8,nl,128,0.5,hwindow_12h_highdim_extra_midp,8,1.0,1e-08,0.1,7.0,15
10000,500,0.05,3e-05,8,nl,128,0.5,hwindow_12h_highdim_extra_midp,16,0.01,1e-08,0.1,7.0,12
10000,500,0.05,3e-05,8,nl,128,0.5,hwindow_12h_highdim_extra_midp,16,0.05,1e-08,0.1,7.0,15
10000,500,0.05,3e-05,8,nl,128,0.5,hwindow_12h_highdim_extra_midp,16,0.1,1e-08,0.1,7.0,15
10000,500,0.05,3e-05,8,nl,128,0.5,hwindow_12h_highdim_extra_midp,16,0.5,1e-08,0.1,7.0,15
10000,500,0.05,3e-05,8,nl,128,0.5,hwindow_12h_highdim_extra_midp,16,1.0,1e-08,0.1,7.0,15
10000,500,0.05,0.0003,4,nl,128,0.5,hwindow_12h_highdim_extra_midp,1,0.01,,,,0
10000,500,0.05,0.0003,4,nl,128,0.5,hwindow_12h_highdim_extra_midp,1,0.05,0.0003,0.003,1.0,3
10000,500,0.05,0.0003,4,nl,128,0.5,hwindow_12h_highdim_extra_midp,1,0.1,0.0001,0.1,3.0,7
10000,500,0.05,0.0003,4,nl,128,0.5,hwindow_12h_highdim_extra_midp,1,0.5,0.0001,0.1,3.0,7
10000,500,0.05,0.0003,4,nl,128,0.5,hwindow_12h_highdim_extra_midp,1,1.0,3e-05,0.1,3.5228787452803374,8
10000,500,0.05,0.0003,4,nl,128,0.5,hwindow_12h_highdim_extra_midp,2,0.01,0.0003,0.001,0.5228787452803376,2
10000,500,0.05,0.0003,4,nl,128,0.5,hwindow_12h_highdim_extra_midp,2,0.05,0.0001,0.1,3.0,7
10000,500,0.05,0.0003,4,nl,128,0.5,hwindow_12h_highdim_extra_midp,2,0.1,0.0001,0.1,3.0,7
10000,500,0.05,0.0003,4,nl,128,0.5,hwindow_12h_highdim_extra_midp,2,0.5,3e-05,0.1,3.5228787452803374,8
10000,500,0.05,0.0003,4,nl,128,0.5,hwindow_12h_highdim_extra_midp,2,1.0,3e-05,0.1,3.5228787452803374,8
10000,500,0.05,0.0003,4,nl,128,0.5,hwindow_12h_highdim_extra_midp,4,0.01,0.0003,0.001,0.5228787452803376,2
10000,500,0.05,0.0003,4,nl,128,0.5,hwindow_12h_highdim_extra_midp,4,0.05,0.0001,0.1,3.0,7
10000,500,0.05,0.0003,4,nl,128,0.5,hwindow_12h_highdim_extra_midp,4,0.1,0.0001,0.1,3.0,7
10000,500,0.05,0.0003,4,nl,128,0.5,hwindow_12h_highdim_extra_midp,4,0.5,3e-05,0.1,3.5228787452803374,8
10000,500,0.05,0.0003,4,nl,128,0.5,hwindow_12h_highdim_extra_midp,4,1.0,1e-05,0.1,4.0,9
10000,500,0.05,0.0003,4,nl,128,0.5,hwindow_12h_highdim_extra_midp,8,0.01,0.0001,0.1,3.0,7
10000,500,0.05,0.0003,4,nl,128,0.5,hwindow_12h_highdim_extra_midp,8,0.05,0.0001,0.1,3.0,7
10000,500,0.05,0.0003,4,nl,128,0.5,hwindow_12h_highdim_extra_midp,8,0.1,3e-05,0.1,3.5228787452803374,8
10000,500,0.05,0.0003,4,nl,128,0.5,hwindow_12h_highdim_extra_midp,8,0.5,1e-05,0.1,4.0,9
10000,500,0.05,0.0003,4,nl,128,0.5,hwindow_12h_highdim_extra_midp,8,1.0,1e-05,0.1,4.0,9
10000,500,0.05,0.0003,4,nl,128,0.5,hwindow_12h_highdim_extra_midp,16,0.01,0.0001,0.1,3.0,7
10000,500,0.05,0.0003,4,nl,128,0.5,hwindow_12h_highdim_extra_midp,16,0.05,3e-05,0.1,3.5228787452803374,8
10000,500,0.05,0.0003,4,nl,128,0.5,hwindow_12h_highdim_extra_midp,16,0.1,3e-05,0.1,3.5228787452803374,8
10000,500,0.05,0.0003,4,nl,128,0.5,hwindow_12h_highdim_extra_midp,16,0.5,1e-05,0.1,4.0,9
10000,500,0.05,0.0003,4,nl,128,0.5,hwindow_12h_highdim_extra_midp,16,1.0,1e-05,0.1,4.0,9
10000,500,0.05,0.0003,8,nl,128,0.5,hwindow_12h_highdim_extra_midp,1,0.01,,,,0
10000,500,0.05,0.0003,8,nl,128,0.5,hwindow_12h_highdim_extra_midp,1,0.05,1e-08,0.1,7.0,9
10000,500,0.05,0.0003,8,nl,128,0.5,hwindow_12h_highdim_extra_midp,1,0.1,1e-08,0.1,7.0,10
10000,500,0.05,0.0003,8,nl,128,0.5,hwindow_12h_highdim_extra_midp,1,0.5,1e-08,0.1,7.0,11
10000,500,0.05,0.0003,8,nl,128,0.5,hwindow_12h_highdim_extra_midp,1,1.0,1e-08,0.1,7.0,12
10000,500,0.05,0.0003,8,nl,128,0.5,hwindow_12h_highdim_extra_midp,2,0.01,0.0003,0.03,2.0,5
10000,500,0.05,0.0003,8,nl,128,0.5,hwindow_12h_highdim_extra_midp,2,0.05,1e-08,0.1,7.0,10
10000,500,0.05,0.0003,8,nl,128,0.5,hwindow_12h_highdim_extra_midp,2,0.1,1e-08,0.1,7.0,11
10000,500,0.05,0.0003,8,nl,128,0.5,hwindow_12h_highdim_extra_midp,2,0.5,1e-08,0.1,7.0,12
10000,500,0.05,0.0003,8,nl,128,0.5,hwindow_12h_highdim_extra_midp,2,1.0,1e-08,0.1,7.0,15
10000,500,0.05,0.0003,8,nl,128,0.5,hwindow_12h_highdim_extra_midp,4,0.01,1e-07,0.1,6.0,8
10000,500,0.05,0.0003,8,nl,128,0.5,hwindow_12h_highdim_extra_midp,4,0.05,1e-08,0.1,7.0,11
10000,500,0.05,0.0003,8,nl,128,0.5,hwindow_12h_highdim_extra_midp,4,0.1,1e-08,0.1,7.0,11
10000,500,0.05,0.0003,8,nl,128,0.5,hwindow_12h_highdim_extra_midp,4,0.5,1e-08,0.1,7.0,15
10000,500,0.05,0.0003,8,nl,128,0.5,hwindow_12h_highdim_extra_midp,4,1.0,1e-08,0.1,7.0,15
10000,500,0.05,0.0003,8,nl,128,0.5,hwindow_12h_highdim_extra_midp,8,0.01,1e-08,0.1,7.0,10
10000,500,0.05,0.0003,8,nl,128,0.5,hwindow_12h_highdim_extra_midp,8,0.05,1e-08,0.1,7.0,11
10000,500,0.05,0.0003,8,nl,128,0.5,hwindow_12h_highdim_extra_midp,8,0.1,1e-08,0.1,7.0,12
10000,500,0.05,0.0003,8,nl,128,0.5,hwindow_12h_highdim_extra_midp,8,0.5,1e-08,0.1,7.0,15
10000,500,0.05,0.0003,8,nl,128,0.5,hwindow_12h_highdim_extra_midp,8,1.0,1e-08,0.1,7.0,15
10000,500,0.05,0.0003,8,nl,128,0.5,hwindow_12h_highdim_extra_midp,16,0.01,1e-08,0.1,7.0,11
10000,500,0.05,0.0003,8,nl,128,0.5,hwindow_12h_highdim_extra_midp,16,0.05,1e-08,0.1,7.0,12
10000,500,0.05,0.0003,8,nl,128,0.5,hwindow_12h_highdim_extra_midp,16,0.1,1e-08,0.1,7.0,13
10000,500,0.05,0.0003,8,nl,128,0.5,hwindow_12h_highdim_extra_midp,16,0.5,1e-08,0.1,7.0,15
10000,500,0.05,0.0003,8,nl,128,0.5,hwindow_12h_highdim_extra_midp,16,1.0,1e-08,0.1,7.0,15
10000,500,0.05,0.003,4,nl,128,0.5,hwindow_12h_highdim_extra_midp,1,0.01,,,,0
10000,500,0.05,0.003,4,nl,128,0.5,hwindow_12h_highdim_extra_midp,1,0.05,1e-08,0.03,6.477121254719663,6
10000,500,0.05,0.003,4,nl,128,0.5,hwindow_12h_highdim_extra_midp,1,0.1,1e-08,0.1,7.0,10
10000,500,0.05,0.003,4,nl,128,0.5,hwindow_12h_highdim_extra_midp,1,0.5,1e-08,0.1,7.0,14
10000,500,0.05,0.003,4,nl,128,0.5,hwindow_12h_highdim_extra_midp,1,1.0,1e-08,0.1,7.0,15
10000,500,0.05,0.003,4,nl,128,0.5,hwindow_12h_highdim_extra_midp,2,0.01,0.003,0.003,0.0,1
10000,500,0.05,0.003,4,nl,128,0.5,hwindow_12h_highdim_extra_midp,2,0.05,1e-08,0.1,7.0,10
10000,500,0.05,0.003,4,nl,128,0.5,hwindow_12h_highdim_extra_midp,2,0.1,1e-08,0.1,7.0,11
10000,500,0.05,0.003,4,nl,128,0.5,hwindow_12h_highdim_extra_midp,2,0.5,1e-08,0.1,7.0,15
10000,500,0.05,0.003,4,nl,128,0.5,hwindow_12h_highdim_extra_midp,2,1.0,1e-08,0.1,7.0,15
10000,500,0.05,0.003,4,nl,128,0.5,hwindow_12h_highdim_extra_midp,4,0.01,3e-08,0.03,6.0,4
10000,500,0.05,0.003,4,nl,128,0.5,hwindow_12h_highdim_extra_midp,4,0.05,1e-08,0.1,7.0,11
10000,500,0.05,0.003,4,nl,128,0.5,hwindow_12h_highdim_extra_midp,4,0.1,1e-08,0.1,7.0,13
10000,500,0.05,0.003,4,nl,128,0.5,hwindow_12h_highdim_extra_midp,4,0.5,1e-08,0.1,7.0,15
10000,500,0.05,0.003,4,nl,128,0.5,hwindow_12h_highdim_extra_midp,4,1.0,1e-08,0.1,7.0,15
10000,500,0.05,0.003,4,nl,128,0.5,hwindow_12h_highdim_extra_midp,8,0.01,1e-08,0.1,7.0,10
10000,500,0.05,0.003,4,nl,128,0.5,hwindow_12h_highdim_extra_midp,8,0.05,1e-08,0.1,7.0,13
10000,500,0.05,0.003,4,nl,128,0.5,hwindow_12h_highdim_extra_midp,8,0.1,1e-08,0.1,7.0,15
10000,500,0.05,0.003,4,nl,128,0.5,hwindow_12h_highdim_extra_midp,8,0.5,1e-08,0.1,7.0,15
10000,500,0.05,0.003,4,nl,128,0.5,hwindow_12h_highdim_extra_midp,8,1.0,1e-08,0.1,7.0,15
10000,500,0.05,0.003,4,nl,128,0.5,hwindow_12h_highdim_extra_midp,16,0.01,1e-08,0.1,7.0,11
10000,500,0.05,0.003,4,nl,128,0.5,hwindow_12h_highdim_extra_midp,16,0.05,1e-08,0.1,7.0,15
10000,500,0.05,0.003,4,nl,128,0.5,hwindow_12h_highdim_extra_midp,16,0.1,1e-08,0.1,7.0,15
10000,500,0.05,0.003,4,nl,128,0.5,hwindow_12h_highdim_extra_midp,16,0.5,1e-08,0.1,7.0,15
10000,500,0.05,0.003,4,nl,128,0.5,hwindow_12h_highdim_extra_midp,16,1.0,1e-08,0.1,7.0,15
10000,500,0.05,0.003,8,nl,128,0.5,hwindow_12h_highdim_extra_midp,1,0.01,0.01,0.03,0.47712125471966244,2
10000,500,0.05,0.003,8,nl,128,0.5,hwindow_12h_highdim_extra_midp,1,0.05,3e-08,0.1,6.522878745280337,8
10000,500,0.05,0.003,8,nl,128,0.5,hwindow_12h_highdim_extra_midp,1,0.1,1e-08,0.1,7.0,11
10000,500,0.05,0.003,8,nl,128,0.5,hwindow_12h_highdim_extra_midp,1,0.5,1e-08,0.1,7.0,14
10000,500,0.05,0.003,8,nl,128,0.5,hwindow_12h_highdim_extra_midp,1,1.0,1e-08,0.1,7.0,15
10000,500,0.05,0.003,8,nl,128,0.5,hwindow_12h_highdim_extra_midp,2,0.01,0.003,0.1,1.5228787452803376,4
10000,500,0.05,0.003,8,nl,128,0.5,hwindow_12h_highdim_extra_midp,2,0.05,1e-08,0.1,7.0,11
10000,500,0.05,0.003,8,nl,128,0.5,hwindow_12h_highdim_extra_midp,2,0.1,1e-08,0.1,7.0,12
10000,500,0.05,0.003,8,nl,128,0.5,hwindow_12h_highdim_extra_midp,2,0.5,1e-08,0.1,7.0,15
10000,500,0.05,0.003,8,nl,128,0.5,hwindow_12h_highdim_extra_midp,2,1.0,1e-08,0.1,7.0,15
10000,500,0.05,0.003,8,nl,128,0.5,hwindow_12h_highdim_extra_midp,4,0.01,1e-06,0.1,5.0,6
10000,500,0.05,0.003,8,nl,128,0.5,hwindow_12h_highdim_extra_midp,4,0.05,1e-08,0.1,7.0,12
10000,500,0.05,0.003,8,nl,128,0.5,hwindow_12h_highdim_extra_midp,4,0.1,1e-08,0.1,7.0,14
10000,500,0.05,0.003,8,nl,128,0.5,hwindow_12h_highdim_extra_midp,4,0.5,1e-08,0.1,7.0,15
10000,500,0.05,0.003,8,nl,128,0.5,hwindow_12h_highdim_extra_midp,4,1.0,1e-08,0.1,7.0,15
10000,500,0.05,0.003,8,nl,128,0.5,hwindow_12h_highdim_extra_midp,8,0.01,1e-08,0.1,7.0,10
10000,500,0.05,0.003,8,nl,128,0.5,hwindow_12h_highdim_extra_midp,8,0.05,1e-08,0.1,7.0,14
10000,500,0.05,0.003,8,nl,128,0.5,hwindow_12h_highdim_extra_midp,8,0.1,1e-08,0.1,7.0,15
10000,500,0.05,0.003,8,nl,128,0.5,hwindow_12h_highdim_extra_midp,8,0.5,1e-08,0.1,7.0,15
10000,500,0.05,0.003,8,nl,128,0.5,hwindow_12h_highdim_extra_midp,8,1.0,1e-08,0.1,7.0,15
10000,500,0.05,0.003,8,nl,128,0.5,hwindow_12h_highdim_extra_midp,16,0.01,1e-08,0.1,7.0,12
10000,500,0.05,0.003,8,nl,128,0.5,hwindow_12h_highdim_extra_midp,16,0.05,1e-08,0.1,7.0,15
10000,500,0.05,0.003,8,nl,128,0.5,hwindow_12h_highdim_extra_midp,16,0.1,1e-08,0.1,7.0,15
10000,500,0.05,0.003,8,nl,128,0.5,hwindow_12h_highdim_extra_midp,16,0.5,1e-08,0.1,7.0,15
10000,500,0.05,0.003,8,nl,128,0.5,hwindow_12h_highdim_extra_midp,16,1.0,1e-08,0.1,7.0,15
10000,1000,0.1,1e-05,4,lin,128,0.0,main,1,0.01,1e-05,3e-05,0.47712125471966244,2
10000,1000,0.1,1e-05,4,lin,128,0.0,main,1,0.05,3e-06,0.0001,1.5228787452803376,4
10000,1000,0.1,1e-05,4,lin,128,0.0,main,1,0.1,3e-06,0.03,4.0,9
10000,1000,0.1,1e-05,4,lin,128,0.0,main,1,0.5,1e-06,0.1,5.0,11
10000,1000,0.1,1e-05,4,lin,128,0.0,main,1,1.0,1e-06,0.1,5.0,11
10000,1000,0.1,1e-05,4,lin,128,0.0,main,2,0.01,1e-05,3e-05,0.47712125471966244,2
10000,1000,0.1,1e-05,4,lin,128,0.0,main,2,0.05,3e-06,0.03,4.0,9
10000,1000,0.1,1e-05,4,lin,128,0.0,main,2,0.1,3e-06,0.1,4.522878745280337,10
10000,1000,0.1,1e-05,4,lin,128,0.0,main,2,0.5,1e-06,0.1,5.0,11
10000,1000,0.1,1e-05,4,lin,128,0.0,main,2,1.0,3e-07,0.1,5.522878745280337,12
10000,1000,0.1,1e-05,4,lin,128,0.0,main,4,0.01,1e-05,0.0001,1.0,3
10000,1000,0.1,1e-05,4,lin,128,0.0,main,4,0.05,3e-06,0.1,4.522878745280337,10
10000,1000,0.1,1e-05,4,lin,128,0.0,main,4,0.1,1e-06,0.1,5.0,11
10000,1000,0.1,1e-05,4,lin,128,0.0,main,4,0.5,3e-07,0.1,5.522878745280337,12
10000,1000,0.1,1e-05,4,lin,128,0.0,main,4,1.0,1e-07,0.1,6.0,13
10000,1000,0.1,1e-05,4,lin,128,0.0,main,8,0.01,3e-06,0.0003,2.0,5
10000,1000,0.1,1e-05,4,lin,128,0.0,main,8,0.05,1e-06,0.1,5.0,11
10000,1000,0.1,1e-05,4,lin,128,0.0,main,8,0.1,1e-06,0.1,5.0,11
10000,1000,0.1,1e-05,4,lin,128,0.0,main,8,0.5,1e-07,0.1,6.0,13
10000,1000,0.1,1e-05,4,lin,128,0.0,main,8,1.0,1e-08,0.1,7.0,15
10000,1000,0.1,1e-05,4,lin,128,0.0,main,16,0.01,3e-06,0.1,4.522878745280337,10
10000,1000,0.1,1e-05,4,lin,128,0.0,main,16,0.05,1e-06,0.1,5.0,11
10000,1000,0.1,1e-05,4,lin,128,0.0,main,16,0.1,3e-07,0.1,5.522878745280337,12
10000,1000,0.1,1e-05,4,lin,128,0.0,main,16,0.5,1e-08,0.1,7.0,15
10000,1000,0.1,1e-05,4,lin,128,0.0,main,16,1.0,1e-08,0.1,7.0,15
10000,1000,0.1,1e-05,4,lin,128,1.0,main,1,0.01,,,,0
10000,1000,0.1,1e-05,4,lin,128,1.0,main,1,0.05,1e-05,0.0001,1.0,3
10000,1000,0.1,1e-05,4,lin,128,1.0,main,1,0.1,1e-05,0.1,4.0,7
10000,1000,0.1,1e-05,4,lin,128,1.0,main,1,0.5,3e-06,0.1,4.522878745280337,10
10000,1000,0.1,1e-05,4,lin,128,1.0,main,1,1.0,1e-06,0.1,5.0,11
10000,1000,0.1,1e-05,4,lin,128,1.0,main,2,0.01,3e-05,3e-05,0.0,1
10000,1000,0.1,1e-05,4,lin,128,1.0,main,2,0.05,1e-05,0.1,4.0,7
10000,1000,0.1,1e-05,4,lin,128,1.0,main,2,0.1,3e-06,0.1,4.522878745280337,10
10000,1000,0.1,1e-05,4,lin,128,1.0,main,2,0.5,1e-06,0.1,5.0,11
10000,1000,0.1,1e-05,4,lin,128,1.0,main,2,1.0,1e-06,0.1,5.0,11
10000,1000,0.1,1e-05,4,lin,128,1.0,main,4,0.01,1e-05,0.0001,1.0,3
10000,1000,0.1,1e-05,4,lin,128,1.0,main,4,0.05,3e-06,0.1,4.522878745280337,10
10000,1000,0.1,1e-05,4,lin,128,1.0,main,4,0.1,3e-06,0.1,4.522878745280337,10
10000,1000,0.1,1e-05,4,lin,128,1.0,main,4,0.5,1e-06,0.1,5.0,11
10000,1000,0.1,1e-05,4,lin,128,1.0,main,4,1.0,1e-08,0.1,7.0,12
10000,1000,0.1,1e-05,4,lin,128,1.0,main,8,0.01,1e-05,0.1,4.0,5
10000,1000,0.1,1e-05,4,lin,128,1.0,main,8,0.05,3e-06,0.1,4.522878745280337,10
10000,1000,0.1,1e-05,4,lin,128,1.0,main,8,0.1,1e-06,0.1,5.0,11
10000,1000,0.1,1e-05,4,lin,128,1.0,main,8,0.5,1e-08,0.1,7.0,12
10000,1000,0.1,1e-05,4,lin,128,1.0,main,8,1.0,1e-08,0.1,7.0,14
10000,1000,0.1,1e-05,4,lin,128,1.0,main,16,0.01,3e-06,0.1,4.522878745280337,10
10000,1000,0.1,1e-05,4,lin,128,1.0,main,16,0.05,1e-06,0.1,5.0,11
10000,1000,0.1,1e-05,4,lin,128,1.0,main,16,0.1,1e-06,0.1,5.0,11
10000,1000,0.1,1e-05,4,lin,128,1.0,main,16,0.5,1e-08,0.1,7.0,14
10000,1000,0.1,1e-05,4,lin,128,1.0,main,16,1.0,1e-08,0.1,7.0,14
10000,1000,0.1,1e-05,4,nl,128,0.0,main,1,0.01,,,,0
10000,1000,0.1,1e-05,4,nl,128,0.0,main,1,0.05,,,,0
10000,1000,0.1,1e-05,4,nl,128,0.0,main,1,0.1,3e-08,0.03,6.0,8
10000,1000,0.1,1e-05,4,nl,128,0.0,main,1,0.5,1e-08,0.1,7.0,15
10000,1000,0.1,1e-05,4,nl,128,0.0,main,1,1.0,1e-08,0.1,7.0,15
10000,1000,0.1,1e-05,4,nl,128,0.0,main,2,0.01,,,,0
10000,1000,0.1,1e-05,4,nl,128,0.0,main,2,0.05,3e-08,0.03,6.0,8
10000,1000,0.1,1e-05,4,nl,128,0.0,main,2,0.1,1e-08,0.1,7.0,15
10000,1000,0.1,1e-05,4,nl,128,0.0,main,2,0.5,1e-08,0.1,7.0,15
10000,1000,0.1,1e-05,4,nl,128,0.0,main,2,1.0,1e-08,0.1,7.0,15
10000,1000,0.1,1e-05,4,nl,128,0.0,main,4,0.01,,,,0
10000,1000,0.1,1e-05,4,nl,128,0.0,main,4,0.05,1e-08,0.1,7.0,15
10000,1000,0.1,1e-05,4,nl,128,0.0,main,4,0.1,1e-08,0.1,7.0,15
10000,1000,0.1,1e-05,4,nl,128,0.0,main,4,0.5,1e-08,0.1,7.0,15
10000,1000,0.1,1e-05,4,nl,128,0.0,main,4,1.0,1e-08,0.1,7.0,15
10000,1000,0.1,1e-05,4,nl,128,0.0,main,8,0.01,1e-05,3e-05,0.47712125471966244,2
10000,1000,0.1,1e-05,4,nl,128,0.0,main,8,0.05,1e-08,0.1,7.0,15
10000,1000,0.1,1e-05,4,nl,128,0.0,main,8,0.1,1e-08,0.1,7.0,15
10000,1000,0.1,1e-05,4,nl,128,0.0,main,8,0.5,1e-08,0.1,7.0,15
10000,1000,0.1,1e-05,4,nl,128,0.0,main,8,1.0,1e-08,0.1,7.0,15
10000,1000,0.1,1e-05,4,nl,128,0.0,main,16,0.01,1e-08,0.1,7.0,15
10000,1000,0.1,1e-05,4,nl,128,0.0,main,16,0.05,1e-08,0.1,7.0,15
10000,1000,0.1,1e-05,4,nl,128,0.0,main,16,0.1,1e-08,0.1,7.0,15
10000,1000,0.1,1e-05,4,nl,128,0.0,main,16,0.5,1e-08,0.1,7.0,15
10000,1000,0.1,1e-05,4,nl,128,0.0,main,16,1.0,1e-08,0.1,7.0,15
10000,1000,0.1,1e-05,4,nl,128,1.0,main,1,0.01,,,,0
10000,1000,0.1,1e-05,4,nl,128,1.0,main,1,0.05,,,,0
10000,1000,0.1,1e-05,4,nl,128,1.0,main,1,0.1,1e-08,0.01,6.0,7
10000,1000,0.1,1e-05,4,nl,128,1.0,main,1,0.5,1e-08,0.1,7.0,15
10000,1000,0.1,1e-05,4,nl,128,1.0,main,1,1.0,1e-08,0.1,7.0,15
10000,1000,0.1,1e-05,4,nl,128,1.0,main,2,0.01,,,,0
10000,1000,0.1,1e-05,4,nl,128,1.0,main,2,0.05,1e-08,0.01,6.0,7
10000,1000,0.1,1e-05,4,nl,128,1.0,main,2,0.1,1e-08,0.1,7.0,15
10000,1000,0.1,1e-05,4,nl,128,1.0,main,2,0.5,1e-08,0.1,7.0,15
10000,1000,0.1,1e-05,4,nl,128,1.0,main,2,1.0,1e-08,0.1,7.0,15
10000,1000,0.1,1e-05,4,nl,128,1.0,main,4,0.01,,,,0
10000,1000,0.1,1e-05,4,nl,128,1.0,main,4,0.05,1e-08,0.1,7.0,15
10000,1000,0.1,1e-05,4,nl,128,1.0,main,4,0.1,1e-08,0.1,7.0,15
10000,1000,0.1,1e-05,4,nl,128,1.0,main,4,0.5,1e-08,0.1,7.0,15
10000,1000,0.1,1e-05,4,nl,128,1.0,main,4,1.0,1e-08,0.1,7.0,15
10000,1000,0.1,1e-05,4,nl,128,1.0,main,8,0.01,1e-08,0.0003,4.477121254719663,3
10000,1000,0.1,1e-05,4,nl,128,1.0,main,8,0.05,1e-08,0.1,7.0,15
10000,1000,0.1,1e-05,4,nl,128,1.0,main,8,0.1,1e-08,0.1,7.0,15
10000,1000,0.1,1e-05,4,nl,128,1.0,main,8,0.5,1e-08,0.1,7.0,15
10000,1000,0.1,1e-05,4,nl,128,1.0,main,8,1.0,1e-08,0.1,7.0,15
10000,1000,0.1,1e-05,4,nl,128,1.0,main,16,0.01,1e-08,0.1,7.0,15
10000,1000,0.1,1e-05,4,nl,128,1.0,main,16,0.05,1e-08,0.1,7.0,15
10000,1000,0.1,1e-05,4,nl,128,1.0,main,16,0.1,1e-08,0.1,7.0,15
10000,1000,0.1,1e-05,4,nl,128,1.0,main,16,0.5,1e-08,0.1,7.0,15
10000,1000,0.1,1e-05,4,nl,128,1.0,main,16,1.0,1e-08,0.1,7.0,15
10000,1000,0.1,1e-05,8,lin,128,0.0,main,1,0.01,1e-05,0.001,2.0,5
10000,1000,0.1,1e-05,8,lin,128,0.0,main,1,0.05,3e-06,0.001,2.5228787452803374,6
10000,1000,0.1,1e-05,8,lin,128,0.0,main,1,0.1,3e-06,0.03,4.0,9
10000,1000,0.1,1e-05,8,lin,128,0.0,main,1,0.5,1e-06,0.1,5.0,11
10000,1000,0.1,1e-05,8,lin,128,0.0,main,1,1.0,1e-06,0.1,5.0,11
10000,1000,0.1,1e-05,8,lin,128,0.0,main,2,0.01,1e-05,0.001,2.0,5
10000,1000,0.1,1e-05,8,lin,128,0.0,main,2,0.05,3e-06,0.03,4.0,9
10000,1000,0.1,1e-05,8,lin,128,0.0,main,2,0.1,3e-06,0.1,4.522878745280337,10
10000,1000,0.1,1e-05,8,lin,128,0.0,main,2,0.5,1e-06,0.1,5.0,11
10000,1000,0.1,1e-05,8,lin,128,0.0,main,2,1.0,3e-07,0.1,5.522878745280337,12
10000,1000,0.1,1e-05,8,lin,128,0.0,main,4,0.01,1e-05,0.001,2.0,5
10000,1000,0.1,1e-05,8,lin,128,0.0,main,4,0.05,3e-06,0.1,4.522878745280337,10
10000,1000,0.1,1e-05,8,lin,128,0.0,main,4,0.1,1e-06,0.1,5.0,11
10000,1000,0.1,1e-05,8,lin,128,0.0,main,4,0.5,3e-07,0.1,5.522878745280337,12
10000,1000,0.1,1e-05,8,lin,128,0.0,main,4,1.0,3e-07,0.1,5.522878745280337,12
10000,1000,0.1,1e-05,8,lin,128,0.0,main,8,0.01,3e-06,0.003,3.0,7
10000,1000,0.1,1e-05,8,lin,128,0.0,main,8,0.05,1e-06,0.1,5.0,11
10000,1000,0.1,1e-05,8,lin,128,0.0,main,8,0.1,1e-06,0.1,5.0,11
10000,1000,0.1,1e-05,8,lin,128,0.0,main,8,0.5,3e-07,0.1,5.522878745280337,12
10000,1000,0.1,1e-05,8,lin,128,0.0,main,8,1.0,1e-07,0.1,6.0,13
10000,1000,0.1,1e-05,8,lin,128,0.0,main,16,0.01,3e-06,0.1,4.522878745280337,10
10000,1000,0.1,1e-05,8,lin,128,0.0,main,16,0.05,1e-06,0.1,5.0,11
10000,1000,0.1,1e-05,8,lin,128,0.0,main,16,0.1,3e-07,0.1,5.522878745280337,12
10000,1000,0.1,1e-05,8,lin,128,0.0,main,16,0.5,1e-07,0.1,6.0,13
10000,1000,0.1,1e-05,8,lin,128,0.0,main,16,1.0,1e-07,0.1,6.0,13
10000,1000,0.1,1e-05,8,lin,128,1.0,main,1,0.01,3e-05,0.0003,0.9999999999999999,3
10000,1000,0.1,1e-05,8,lin,128,1.0,main,1,0.05,1e-05,0.001,2.0,5
10000,1000,0.1,1e-05,8,lin,128,1.0,main,1,0.1,3e-06,0.1,4.522878745280337,10
10000,1000,0.1,1e-05,8,lin,128,1.0,main,1,0.5,1e-06,0.1,5.0,11
10000,1000,0.1,1e-05,8,lin,128,1.0,main,1,1.0,1e-06,0.1,5.0,11
10000,1000,0.1,1e-05,8,lin,128,1.0,main,2,0.01,1e-05,0.001,2.0,5
10000,1000,0.1,1e-05,8,lin,128,1.0,main,2,0.05,3e-06,0.1,4.522878745280337,10
10000,1000,0.1,1e-05,8,lin,128,1.0,main,2,0.1,3e-06,0.1,4.522878745280337,10
10000,1000,0.1,1e-05,8,lin,128,1.0,main,2,0.5,1e-06,0.1,5.0,11
10000,1000,0.1,1e-05,8,lin,128,1.0,main,2,1.0,3e-07,0.1,5.522878745280337,12
10000,1000,0.1,1e-05,8,lin,128,1.0,main,4,0.01,1e-05,0.001,2.0,5
10000,1000,0.1,1e-05,8,lin,128,1.0,main,4,0.05,3e-06,0.1,4.522878745280337,10
10000,1000,0.1,1e-05,8,lin,128,1.0,main,4,0.1,3e-06,0.1,4.522878745280337,10
10000,1000,0.1,1e-05,8,lin,128,1.0,main,4,0.5,3e-07,0.1,5.522878745280337,12
10000,1000,0.1,1e-05,8,lin,128,1.0,main,4,1.0,3e-07,0.1,5.522878745280337,12
10000,1000,0.1,1e-05,8,lin,128,1.0,main,8,0.01,3e-06,0.1,4.522878745280337,9
10000,1000,0.1,1e-05,8,lin,128,1.0,main,8,0.05,3e-06,0.1,4.522878745280337,10
10000,1000,0.1,1e-05,8,lin,128,1.0,main,8,0.1,1e-06,0.1,5.0,11
10000,1000,0.1,1e-05,8,lin,128,1.0,main,8,0.5,3e-07,0.1,5.522878745280337,12
10000,1000,0.1,1e-05,8,lin,128,1.0,main,8,1.0,1e-08,0.1,7.0,14
10000,1000,0.1,1e-05,8,lin,128,1.0,main,16,0.01,3e-06,0.1,4.522878745280337,10
10000,1000,0.1,1e-05,8,lin,128,1.0,main,16,0.05,1e-06,0.1,5.0,11
10000,1000,0.1,1e-05,8,lin,128,1.0,main,16,0.1,3e-07,0.1,5.522878745280337,12
10000,1000,0.1,1e-05,8,lin,128,1.0,main,16,0.5,1e-08,0.1,7.0,14
10000,1000,0.1,1e-05,8,lin,128,1.0,main,16,1.0,1e-08,0.1,7.0,15
10000,1000,0.1,1e-05,8,nl,128,0.0,main,1,0.01,,,,0
10000,1000,0.1,1e-05,8,nl,128,0.0,main,1,0.05,0.0001,0.0003,0.4771212547196624,2
10000,1000,0.1,1e-05,8,nl,128,0.0,main,1,0.1,3e-08,0.003,5.0,6
10000,1000,0.1,1e-05,8,nl,128,0.0,main,1,0.5,1e-08,0.1,7.0,12
10000,1000,0.1,1e-05,8,nl,128,0.0,main,1,1.0,1e-08,0.1,7.0,13
10000,1000,0.1,1e-05,8,nl,128,0.0,main,2,0.01,,,,0
10000,1000,0.1,1e-05,8,nl,128,0.0,main,2,0.05,3e-08,0.003,5.0,6
10000,1000,0.1,1e-05,8,nl,128,0.0,main,2,0.1,1e-08,0.1,7.0,12
10000,1000,0.1,1e-05,8,nl,128,0.0,main,2,0.5,1e-08,0.1,7.0,13
10000,1000,0.1,1e-05,8,nl,128,0.0,main,2,1.0,1e-08,0.1,7.0,14
10000,1000,0.1,1e-05,8,nl,128,0.0,main,4,0.01,0.0001,0.0003,0.4771212547196624,2
10000,1000,0.1,1e-05,8,nl,128,0.0,main,4,0.05,1e-08,0.1,7.0,12
10000,1000,0.1,1e-05,8,nl,128,0.0,main,4,0.1,1e-08,0.1,7.0,12
10000,1000,0.1,1e-05,8,nl,128,0.0,main,4,0.5,1e-08,0.1,7.0,14
10000,1000,0.1,1e-05,8,nl,128,0.0,main,4,1.0,1e-08,0.1,7.0,15
10000,1000,0.1,1e-05,8,nl,128,0.0,main,8,0.01,3e-05,0.0003,0.9999999999999999,3
10000,1000,0.1,1e-05,8,nl,128,0.0,main,8,0.05,1e-08,0.1,7.0,12
10000,1000,0.1,1e-05,8,nl,128,0.0,main,8,0.1,1e-08,0.1,7.0,12
10000,1000,0.1,1e-05,8,nl,128,0.0,main,8,0.5,1e-08,0.1,7.0,15
10000,1000,0.1,1e-05,8,nl,128,0.0,main,8,1.0,1e-08,0.1,7.0,15
10000,1000,0.1,1e-05,8,nl,128,0.0,main,16,0.01,1e-08,0.1,7.0,11
10000,1000,0.1,1e-05,8,nl,128,0.0,main,16,0.05,1e-08,0.1,7.0,12
10000,1000,0.1,1e-05,8,nl,128,0.0,main,16,0.1,1e-08,0.1,7.0,14
10000,1000,0.1,1e-05,8,nl,128,0.0,main,16,0.5,1e-08,0.1,7.0,15
10000,1000,0.1,1e-05,8,nl,128,0.0,main,16,1.0,1e-08,0.1,7.0,15
10000,1000,0.1,1e-05,8,nl,128,1.0,main,1,0.01,,,,0
10000,1000,0.1,1e-05,8,nl,128,1.0,main,1,0.05,3e-05,0.003,2.0,5
10000,1000,0.1,1e-05,8,nl,128,1.0,main,1,0.1,1e-08,0.1,7.0,10
10000,1000,0.1,1e-05,8,nl,128,1.0,main,1,0.5,1e-08,0.1,7.0,13
10000,1000,0.1,1e-05,8,nl,128,1.0,main,1,1.0,1e-08,0.1,7.0,15
10000,1000,0.1,1e-05,8,nl,128,1.0,main,2,0.01,0.0001,0.001,1.0,3
10000,1000,0.1,1e-05,8,nl,128,1.0,main,2,0.05,1e-08,0.1,7.0,10
10000,1000,0.1,1e-05,8,nl,128,1.0,main,2,0.1,1e-08,0.1,7.0,11
10000,1000,0.1,1e-05,8,nl,128,1.0,main,2,0.5,1e-08,0.1,7.0,15
10000,1000,0.1,1e-05,8,nl,128,1.0,main,2,1.0,1e-08,0.1,7.0,15
10000,1000,0.1,1e-05,8,nl,128,1.0,main,4,0.01,3e-05,0.003,2.0,5
10000,1000,0.1,1e-05,8,nl,128,1.0,main,4,0.05,1e-08,0.1,7.0,11
10000,1000,0.1,1e-05,8,nl,128,1.0,main,4,0.1,1e-08,0.1,7.0,13
10000,1000,0.1,1e-05,8,nl,128,1.0,main,4,0.5,1e-08,0.1,7.0,15
10000,1000,0.1,1e-05,8,nl,128,1.0,main,4,1.0,1e-08,0.1,7.0,15
10000,1000,0.1,1e-05,8,nl,128,1.0,main,8,0.01,1e-08,0.1,7.0,9
10000,1000,0.1,1e-05,8,nl,128,1.0,main,8,0.05,1e-08,0.1,7.0,13
10000,1000,0.1,1e-05,8,nl,128,1.0,main,8,0.1,1e-08,0.1,7.0,14
10000,1000,0.1,1e-05,8,nl,128,1.0,main,8,0.5,1e-08,0.1,7.0,15
10000,1000,0.1,1e-05,8,nl,128,1.0,main,8,1.0,1e-08,0.1,7.0,15
10000,1000,0.1,1e-05,8,nl,128,1.0,main,16,0.01,1e-08,0.1,7.0,11
10000,1000,0.1,1e-05,8,nl,128,1.0,main,16,0.05,1e-08,0.1,7.0,14
10000,1000,0.1,1e-05,8,nl,128,1.0,main,16,0.1,1e-08,0.1,7.0,15
10000,1000,0.1,1e-05,8,nl,128,1.0,main,16,0.5,1e-08,0.1,7.0,15
10000,1000,0.1,1e-05,8,nl,128,1.0,main,16,1.0,1e-08,0.1,7.0,15
10000,1000,0.1,0.0001,4,lin,128,0.0,main,1,0.01,0.0001,0.0003,0.4771212547196624,2
10000,1000,0.1,0.0001,4,lin,128,0.0,main,1,0.05,0.0001,0.001,1.0,3
10000,1000,0.1,0.0001,4,lin,128,0.0,main,1,0.1,3e-05,0.03,3.0,7
10000,1000,0.1,0.0001,4,lin,128,0.0,main,1,0.5,1e-05,0.1,4.0,9
10000,1000,0.1,0.0001,4,lin,128,0.0,main,1,1.0,3e-06,0.1,4.522878745280337,10
10000,1000,0.1,0.0001,4,lin,128,0.0,main,2,0.01,0.0001,0.0003,0.4771212547196624,2
10000,1000,0.1,0.0001,4,lin,128,0.0,main,2,0.05,3e-05,0.03,3.0,7
10000,1000,0.1,0.0001,4,lin,128,0.0,main,2,0.1,3e-05,0.1,3.5228787452803374,8
10000,1000,0.1,0.0001,4,lin,128,0.0,main,2,0.5,3e-06,0.1,4.522878745280337,10
10000,1000,0.1,0.0001,4,lin,128,0.0,main,2,1.0,3e-06,0.1,4.522878745280337,10
10000,1000,0.1,0.0001,4,lin,128,0.0,main,4,0.01,0.0001,0.001,1.0,3
10000,1000,0.1,0.0001,4,lin,128,0.0,main,4,0.05,3e-05,0.1,3.5228787452803374,8
10000,1000,0.1,0.0001,4,lin,128,0.0,main,4,0.1,1e-05,0.1,4.0,9
10000,1000,0.1,0.0001,4,lin,128,0.0,main,4,0.5,3e-06,0.1,4.522878745280337,10
10000,1000,0.1,0.0001,4,lin,128,0.0,main,4,1.0,3e-06,0.1,4.522878745280337,10
10000,1000,0.1,0.0001,4,lin,128,0.0,main,8,0.01,3e-05,0.01,2.5228787452803374,6
10000,1000,0.1,0.0001,4,lin,128,0.0,main,8,0.05,1e-05,0.1,4.0,9
10000,1000,0.1,0.0001,4,lin,128,0.0,main,8,0.1,1e-05,0.1,4.0,9
10000,1000,0.1,0.0001,4,lin,128,0.0,main,8,0.5,3e-06,0.1,4.522878745280337,10
10000,1000,0.1,0.0001,4,lin,128,0.0,main,8,1.0,1e-06,0.1,5.0,11
10000,1000,0.1,0.0001,4,lin,128,0.0,main,16,0.01,3e-05,0.1,3.5228787452803374,8
10000,1000,0.1,0.0001,4,lin,128,0.0,main,16,0.05,1e-05,0.1,4.0,9
10000,1000,0.1,0.0001,4,lin,128,0.0,main,16,0.1,3e-06,0.1,4.522878745280337,10
10000,1000,0.1,0.0001,4,lin,128,0.0,main,16,0.5,1e-06,0.1,5.0,11
10000,1000,0.1,0.0001,4,lin,128,0.0,main,16,1.0,1e-06,0.1,5.0,11
10000,1000,0.1,0.0001,4,lin,128,1.0,main,1,0.01,0.0003,0.0003,0.0,1
10000,1000,0.1,0.0001,4,lin,128,1.0,main,1,0.05,0.0001,0.001,1.0,3
10000,1000,0.1,0.0001,4,lin,128,1.0,main,1,0.1,1e-08,0.1,7.0,8
10000,1000,0.1,0.0001,4,lin,128,1.0,main,1,0.5,1e-08,0.1,7.0,10
10000,1000,0.1,0.0001,4,lin,128,1.0,main,1,1.0,1e-08,0.1,7.0,11
10000,1000,0.1,0.0001,4,lin,128,1.0,main,2,0.01,0.0003,0.0003,0.0,1
10000,1000,0.1,0.0001,4,lin,128,1.0,main,2,0.05,1e-08,0.1,7.0,8
10000,1000,0.1,0.0001,4,lin,128,1.0,main,2,0.1,1e-08,0.1,7.0,9
10000,1000,0.1,0.0001,4,lin,128,1.0,main,2,0.5,1e-08,0.1,7.0,11
10000,1000,0.1,0.0001,4,lin,128,1.0,main,2,1.0,1e-08,0.1,7.0,15
10000,1000,0.1,0.0001,4,lin,128,1.0,main,4,0.01,0.0001,0.001,1.0,3
10000,1000,0.1,0.0001,4,lin,128,1.0,main,4,0.05,1e-08,0.1,7.0,9
10000,1000,0.1,0.0001,4,lin,128,1.0,main,4,0.1,1e-08,0.1,7.0,10
10000,1000,0.1,0.0001,4,lin,128,1.0,main,4,0.5,1e-08,0.1,7.0,15
10000,1000,0.1,0.0001,4,lin,128,1.0,main,4,1.0,1e-08,0.1,7.0,15
10000,1000,0.1,0.0001,4,lin,128,1.0,main,8,0.01,0.0001,0.1,3.0,7
10000,1000,0.1,0.0001,4,lin,128,1.0,main,8,0.05,1e-08,0.1,7.0,10
10000,1000,0.1,0.0001,4,lin,128,1.0,main,8,0.1,1e-08,0.1,7.0,10
10000,1000,0.1,0.0001,4,lin,128,1.0,main,8,0.5,1e-08,0.1,7.0,15
10000,1000,0.1,0.0001,4,lin,128,1.0,main,8,1.0,1e-08,0.1,7.0,15
10000,1000,0.1,0.0001,4,lin,128,1.0,main,16,0.01,1e-08,0.1,7.0,8
10000,1000,0.1,0.0001,4,lin,128,1.0,main,16,0.05,1e-08,0.1,7.0,10
10000,1000,0.1,0.0001,4,lin,128,1.0,main,16,0.1,1e-08,0.1,7.0,12
10000,1000,0.1,0.0001,4,lin,128,1.0,main,16,0.5,1e-08,0.1,7.0,15
10000,1000,0.1,0.0001,4,lin,128,1.0,main,16,1.0,1e-08,0.1,7.0,15
10000,1000,0.1,0.0001,4,nl,128,0.0,main,1,0.01,,,,0
10000,1000,0.1,0.0001,4,nl,128,0.0,main,1,0.05,0.0001,0.0003,0.4771212547196624,2
10000,1000,0.1,0.0001,4,nl,128,0.0,main,1,0.1,3e-08,0.03,6.0,8
10000,1000,0.1,0.0001,4,nl,128,0.0,main,1,0.5,1e-08,0.1,7.0,12
10000,1000,0.1,0.0001,4,nl,128,0.0,main,1,1.0,1e-08,0.1,7.0,12
10000,1000,0.1,0.0001,4,nl,128,0.0,main,2,0.01,,,,0
10000,1000,0.1,0.0001,4,nl,128,0.0,main,2,0.05,3e-08,0.03,6.0,8
10000,1000,0.1,0.0001,4,nl,128,0.0,main,2,0.1,1e-08,0.1,7.0,11
10000,1000,0.1,0.0001,4,nl,128,0.0,main,2,0.5,1e-08,0.1,7.0,12
10000,1000,0.1,0.0001,4,nl,128,0.0,main,2,1.0,1e-08,0.1,7.0,14
10000,1000,0.1,0.0001,4,nl,128,0.0,main,4,0.01,0.0001,0.0003,0.4771212547196624,2
10000,1000,0.1,0.0001,4,nl,128,0.0,main,4,0.05,1e-08,0.1,7.0,11
10000,1000,0.1,0.0001,4,nl,128,0.0,main,4,0.1,1e-08,0.1,7.0,12
10000,1000,0.1,0.0001,4,nl,128,0.0,main,4,0.5,1e-08,0.1,7.0,14
10000,1000,0.1,0.0001,4,nl,128,0.0,main,4,1.0,1e-08,0.1,7.0,15
10000,1000,0.1,0.0001,4,nl,128,0.0,main,8,0.01,1e-07,0.03,5.477121254719663,5
10000,1000,0.1,0.0001,4,nl,128,0.0,main,8,0.05,1e-08,0.1,7.0,12
10000,1000,0.1,0.0001,4,nl,128,0.0,main,8,0.1,1e-08,0.1,7.0,12
10000,1000,0.1,0.0001,4,nl,128,0.0,main,8,0.5,1e-08,0.1,7.0,15
10000,1000,0.1,0.0001,4,nl,128,0.0,main,8,1.0,1e-08,0.1,7.0,15
10000,1000,0.1,0.0001,4,nl,128,0.0,main,16,0.01,1e-08,0.1,7.0,11
10000,1000,0.1,0.0001,4,nl,128,0.0,main,16,0.05,1e-08,0.1,7.0,12
10000,1000,0.1,0.0001,4,nl,128,0.0,main,16,0.1,1e-08,0.1,7.0,13
10000,1000,0.1,0.0001,4,nl,128,0.0,main,16,0.5,1e-08,0.1,7.0,15
10000,1000,0.1,0.0001,4,nl,128,0.0,main,16,1.0,1e-08,0.1,7.0,15
10000,1000,0.1,0.0001,4,nl,128,1.0,main,1,0.01,,,,0
10000,1000,0.1,0.0001,4,nl,128,1.0,main,1,0.05,0.0003,0.0003,0.0,1
10000,1000,0.1,0.0001,4,nl,128,1.0,main,1,0.1,0.0001,0.1,3.0,6
10000,1000,0.1,0.0001,4,nl,128,1.0,main,1,0.5,1e-08,0.1,7.0,10
10000,1000,0.1,0.0001,4,nl,128,1.0,main,1,1.0,1e-08,0.1,7.0,10
10000,1000,0.1,0.0001,4,nl,128,1.0,main,2,0.01,,,,0
10000,1000,0.1,0.0001,4,nl,128,1.0,main,2,0.05,0.0001,0.1,3.0,6
10000,1000,0.1,0.0001,4,nl,128,1.0,main,2,0.1,1e-08,0.1,7.0,9
10000,1000,0.1,0.0001,4,nl,128,1.0,main,2,0.5,1e-08,0.1,7.0,10
10000,1000,0.1,0.0001,4,nl,128,1.0,main,2,1.0,1e-08,0.1,7.0,10
10000,1000,0.1,0.0001,4,nl,128,1.0,main,4,0.01,0.0003,0.0003,0.0,1
10000,1000,0.1,0.0001,4,nl,128,1.0,main,4,0.05,1e-08,0.1,7.0,9
10000,1000,0.1,0.0001,4,nl,128,1.0,main,4,0.1,1e-08,0.1,7.0,10
10000,1000,0.1,0.0001,4,nl,128,1.0,main,4,0.5,1e-08,0.1,7.0,10
10000,1000,0.1,0.0001,4,nl,128,1.0,main,4,1.0,1e-08,0.1,7.0,12
10000,1000,0.1,0.0001,4,nl,128,1.0,main,8,0.01,0.0001,0.003,1.4771212547196624,4
10000,1000,0.1,0.0001,4,nl,128,1.0,main,8,0.05,1e-08,0.1,7.0,10
10000,1000,0.1,0.0001,4,nl,128,1.0,main,8,0.1,1e-08,0.1,7.0,10
10000,1000,0.1,0.0001,4,nl,128,1.0,main,8,0.5,1e-08,0.1,7.0,12
10000,1000,0.1,0.0001,4,nl,128,1.0,main,8,1.0,1e-08,0.1,7.0,12
10000,1000,0.1,0.0001,4,nl,128,1.0,main,16,0.01,1e-08,0.1,7.0,9
10000,1000,0.1,0.0001,4,nl,128,1.0,main,16,0.05,1e-08,0.1,7.0,10
10000,1000,0.1,0.0001,4,nl,128,1.0,main,16,0.1,1e-08,0.1,7.0,10
10000,1000,0.1,0.0001,4,nl,128,1.0,main,16,0.5,1e-08,0.1,7.0,12
10000,1000,0.1,0.0001,4,nl,128,1.0,main,16,1.0,1e-08,0.1,7.0,12
10000,1000,0.1,0.0001,8,lin,128,0.0,main,1,0.01,0.0001,0.01,2.0,5
10000,1000,0.1,0.0001,8,lin,128,0.0,main,1,0.05,3e-05,0.03,3.0,7
10000,1000,0.1,0.0001,8,lin,128,0.0,main,1,0.1,3e-05,0.1,3.5228787452803374,8
10000,1000,0.1,0.0001,8,lin,128,0.0,main,1,0.5,1e-05,0.1,4.0,9
10000,1000,0.1,0.0001,8,lin,128,0.0,main,1,1.0,1e-05,0.1,4.0,9
10000,1000,0.1,0.0001,8,lin,128,0.0,main,2,0.01,0.0001,0.01,2.0,5
10000,1000,0.1,0.0001,8,lin,128,0.0,main,2,0.05,3e-05,0.1,3.5228787452803374,8
10000,1000,0.1,0.0001,8,lin,128,0.0,main,2,0.1,3e-05,0.1,3.5228787452803374,8
10000,1000,0.1,0.0001,8,lin,128,0.0,main,2,0.5,1e-05,0.1,4.0,9
10000,1000,0.1,0.0001,8,lin,128,0.0,main,2,1.0,3e-06,0.1,4.522878745280337,10
10000,1000,0.1,0.0001,8,lin,128,0.0,main,4,0.01,0.0001,0.01,2.0,5
10000,1000,0.1,0.0001,8,lin,128,0.0,main,4,0.05,3e-05,0.1,3.5228787452803374,8
10000,1000,0.1,0.0001,8,lin,128,0.0,main,4,0.1,1e-05,0.1,4.0,9
10000,1000,0.1,0.0001,8,lin,128,0.0,main,4,0.5,3e-06,0.1,4.522878745280337,10
10000,1000,0.1,0.0001,8,lin,128,0.0,main,4,1.0,3e-06,0.1,4.522878745280337,10
10000,1000,0.1,0.0001,8,lin,128,0.0,main,8,0.01,3e-05,0.1,3.5228787452803374,8
10000,1000,0.1,0.0001,8,lin,128,0.0,main,8,0.05,1e-05,0.1,4.0,9
10000,1000,0.1,0.0001,8,lin,128,0.0,main,8,0.1,1e-05,0.1,4.0,9
10000,1000,0.1,0.0001,8,lin,128,0.0,main,8,0.5,3e-06,0.1,4.522878745280337,10
10000,1000,0.1,0.0001,8,lin,128,0.0,main,8,1.0,1e-06,0.1,5.0,11
10000,1000,0.1,0.0001,8,lin,128,0.0,main,16,0.01,3e-05,0.1,3.5228787452803374,8
10000,1000,0.1,0.0001,8,lin,128,0.0,main,16,0.05,1e-05,0.1,4.0,9
10000,1000,0.1,0.0001,8,lin,128,0.0,main,16,0.1,3e-06,0.1,4.522878745280337,10
10000,1000,0.1,0.0001,8,lin,128,0.0,main,16,0.5,1e-06,0.1,5.0,11
10000,1000,0.1,0.0001,8,lin,128,0.0,main,16,1.0,3e-08,0.1,6.522878745280337,12
10000,1000,0.1,0.0001,8,lin,128,1.0,main,1,0.01,0.0003,0.003,1.0,3
10000,1000,0.1,0.0001,8,lin,128,1.0,main,1,0.05,0.0001,0.01,2.0,5
10000,1000,0.1,0.0001,8,lin,128,1.0,main,1,0.1,3e-05,0.1,3.5228787452803374,8
10000,1000,0.1,0.0001,8,lin,128,1.0,main,1,0.5,3e-05,0.1,3.5228787452803374,8
10000,1000,0.1,0.0001,8,lin,128,1.0,main,1,1.0,1e-05,0.1,4.0,9
10000,1000,0.1,0.0001,8,lin,128,1.0,main,2,0.01,0.0001,0.003,1.4771212547196624,4
10000,1000,0.1,0.0001,8,lin,128,1.0,main,2,0.05,3e-05,0.1,3.5228787452803374,8
10000,1000,0.1,0.0001,8,lin,128,1.0,main,2,0.1,3e-05,0.1,3.5228787452803374,8
10000,1000,0.1,0.0001,8,lin,128,1.0,main,2,0.5,1e-05,0.1,4.0,9
10000,1000,0.1,0.0001,8,lin,128,1.0,main,2,1.0,1e-05,0.1,4.0,9
10000,1000,0.1,0.0001,8,lin,128,1.0,main,4,0.01,0.0001,0.01,2.0,5
10000,1000,0.1,0.0001,8,lin,128,1.0,main,4,0.05,3e-05,0.1,3.5228787452803374,8
10000,1000,0.1,0.0001,8,lin,128,1.0,main,4,0.1,3e-05,0.1,3.5228787452803374,8
10000,1000,0.1,0.0001,8,lin,128,1.0,main,4,0.5,1e-05,0.1,4.0,9
10000,1000,0.1,0.0001,8,lin,128,1.0,main,4,1.0,3e-06,0.1,4.522878745280337,10
10000,1000,0.1,0.0001,8,lin,128,1.0,main,8,0.01,3e-05,0.1,3.5228787452803374,8
10000,1000,0.1,0.0001,8,lin,128,1.0,main,8,0.05,3e-05,0.1,3.5228787452803374,8
10000,1000,0.1,0.0001,8,lin,128,1.0,main,8,0.1,1e-05,0.1,4.0,9
10000,1000,0.1,0.0001,8,lin,128,1.0,main,8,0.5,3e-06,0.1,4.522878745280337,10
10000,1000,0.1,0.0001,8,lin,128,1.0,main,8,1.0,3e-06,0.1,4.522878745280337,10
10000,1000,0.1,0.0001,8,lin,128,1.0,main,16,0.01,3e-05,0.1,3.5228787452803374,8
10000,1000,0.1,0.0001,8,lin,128,1.0,main,16,0.05,1e-05,0.1,4.0,9
10000,1000,0.1,0.0001,8,lin,128,1.0,main,16,0.1,1e-05,0.1,4.0,9
10000,1000,0.1,0.0001,8,lin,128,1.0,main,16,0.5,3e-06,0.1,4.522878745280337,10
10000,1000,0.1,0.0001,8,lin,128,1.0,main,16,1.0,1e-06,0.1,5.0,11
10000,1000,0.1,0.0001,8,nl,128,0.0,main,1,0.01,,,,0
10000,1000,0.1,0.0001,8,nl,128,0.0,main,1,0.05,3e-05,0.003,2.0,5
10000,1000,0.1,0.0001,8,nl,128,0.0,main,1,0.1,3e-05,0.1,3.5228787452803374,7
10000,1000,0.1,0.0001,8,nl,128,0.0,main,1,0.5,1e-08,0.1,7.0,10
10000,1000,0.1,0.0001,8,nl,128,0.0,main,1,1.0,1e-08,0.1,7.0,11
10000,1000,0.1,0.0001,8,nl,128,0.0,main,2,0.01,,,,0
10000,1000,0.1,0.0001,8,nl,128,0.0,main,2,0.05,3e-05,0.1,3.5228787452803374,7
10000,1000,0.1,0.0001,8,nl,128,0.0,main,2,0.1,1e-08,0.1,7.0,10
10000,1000,0.1,0.0001,8,nl,128,0.0,main,2,0.5,1e-08,0.1,7.0,11
10000,1000,0.1,0.0001,8,nl,128,0.0,main,2,1.0,1e-08,0.1,7.0,11
10000,1000,0.1,0.0001,8,nl,128,0.0,main,4,0.01,0.0001,0.003,1.4771212547196624,4
10000,1000,0.1,0.0001,8,nl,128,0.0,main,4,0.05,1e-08,0.1,7.0,10
10000,1000,0.1,0.0001,8,nl,128,0.0,main,4,0.1,1e-08,0.1,7.0,10
10000,1000,0.1,0.0001,8,nl,128,0.0,main,4,0.5,1e-08,0.1,7.0,11
10000,1000,0.1,0.0001,8,nl,128,0.0,main,4,1.0,1e-08,0.1,7.0,12
10000,1000,0.1,0.0001,8,nl,128,0.0,main,8,0.01,3e-05,0.1,3.5228787452803374,7
10000,1000,0.1,0.0001,8,nl,128,0.0,main,8,0.05,1e-08,0.1,7.0,10
10000,1000,0.1,0.0001,8,nl,128,0.0,main,8,0.1,1e-08,0.1,7.0,11
10000,1000,0.1,0.0001,8,nl,128,0.0,main,8,0.5,1e-08,0.1,7.0,12
10000,1000,0.1,0.0001,8,nl,128,0.0,main,8,1.0,1e-08,0.1,7.0,14
10000,1000,0.1,0.0001,8,nl,128,0.0,main,16,0.01,1e-08,0.1,7.0,10
10000,1000,0.1,0.0001,8,nl,128,0.0,main,16,0.05,1e-08,0.1,7.0,11
10000,1000,0.1,0.0001,8,nl,128,0.0,main,16,0.1,1e-08,0.1,7.0,11
10000,1000,0.1,0.0001,8,nl,128,0.0,main,16,0.5,1e-08,0.1,7.0,14
10000,1000,0.1,0.0001,8,nl,128,0.0,main,16,1.0,1e-08,0.1,7.0,14
10000,1000,0.1,0.0001,8,nl,128,1.0,main,1,0.01,,,,0
10000,1000,0.1,0.0001,8,nl,128,1.0,main,1,0.05,0.001,0.01,1.0,3
10000,1000,0.1,0.0001,8,nl,128,1.0,main,1,0.1,0.0001,0.03,2.4771212547196626,6
10000,1000,0.1,0.0001,8,nl,128,1.0,main,1,0.5,1e-08,0.1,7.0,14
10000,1000,0.1,0.0001,8,nl,128,1.0,main,1,1.0,1e-08,0.1,7.0,15
10000,1000,0.1,0.0001,8,nl,128,1.0,main,2,0.01,,,,0
10000,1000,0.1,0.0001,8,nl,128,1.0,main,2,0.05,0.0001,0.03,2.4771212547196626,6
10000,1000,0.1,0.0001,8,nl,128,1.0,main,2,0.1,1e-08,0.1,7.0,9
10000,1000,0.1,0.0001,8,nl,128,1.0,main,2,0.5,1e-08,0.1,7.0,15
10000,1000,0.1,0.0001,8,nl,128,1.0,main,2,1.0,1e-08,0.1,7.0,15
10000,1000,0.1,0.0001,8,nl,128,1.0,main,4,0.01,0.001,0.003,0.47712125471966244,2
10000,1000,0.1,0.0001,8,nl,128,1.0,main,4,0.05,1e-08,0.1,7.0,9
10000,1000,0.1,0.0001,8,nl,128,1.0,main,4,0.1,1e-08,0.1,7.0,12
10000,1000,0.1,0.0001,8,nl,128,1.0,main,4,0.5,1e-08,0.1,7.0,15
10000,1000,0.1,0.0001,8,nl,128,1.0,main,4,1.0,1e-08,0.1,7.0,15
10000,1000,0.1,0.0001,8,nl,128,1.0,main,8,0.01,0.0001,0.03,2.4771212547196626,6
10000,1000,0.1,0.0001,8,nl,128,1.0,main,8,0.05,1e-08,0.1,7.0,12
10000,1000,0.1,0.0001,8,nl,128,1.0,main,8,0.1,1e-08,0.1,7.0,14
10000,1000,0.1,0.0001,8,nl,128,1.0,main,8,0.5,1e-08,0.1,7.0,15
10000,1000,0.1,0.0001,8,nl,128,1.0,main,8,1.0,1e-08,0.1,7.0,15
10000,1000,0.1,0.0001,8,nl,128,1.0,main,16,0.01,1e-08,0.1,7.0,9
10000,1000,0.1,0.0001,8,nl,128,1.0,main,16,0.05,1e-08,0.1,7.0,14
10000,1000,0.1,0.0001,8,nl,128,1.0,main,16,0.1,1e-08,0.1,7.0,15
10000,1000,0.1,0.0001,8,nl,128,1.0,main,16,0.5,1e-08,0.1,7.0,15
10000,1000,0.1,0.0001,8,nl,128,1.0,main,16,1.0,1e-08,0.1,7.0,15
10000,1000,0.1,0.001,4,lin,128,0.0,main,1,0.01,0.001,0.003,0.47712125471966244,2
10000,1000,0.1,0.001,4,lin,128,0.0,main,1,0.05,0.0003,0.01,1.5228787452803376,4
10000,1000,0.1,0.001,4,lin,128,0.0,main,1,0.1,1e-08,0.1,7.0,8
10000,1000,0.1,0.001,4,lin,128,0.0,main,1,0.5,1e-08,0.1,7.0,11
10000,1000,0.1,0.001,4,lin,128,0.0,main,1,1.0,1e-08,0.1,7.0,12
10000,1000,0.1,0.001,4,lin,128,0.0,main,2,0.01,0.001,0.003,0.47712125471966244,2
10000,1000,0.1,0.001,4,lin,128,0.0,main,2,0.05,1e-08,0.1,7.0,8
10000,1000,0.1,0.001,4,lin,128,0.0,main,2,0.1,1e-08,0.1,7.0,10
10000,1000,0.1,0.001,4,lin,128,0.0,main,2,0.5,1e-08,0.1,7.0,12
10000,1000,0.1,0.001,4,lin,128,0.0,main,2,1.0,1e-08,0.1,7.0,13
10000,1000,0.1,0.001,4,lin,128,0.0,main,4,0.01,0.001,0.01,1.0,3
10000,1000,0.1,0.001,4,lin,128,0.0,main,4,0.05,1e-08,0.1,7.0,10
10000,1000,0.1,0.001,4,lin,128,0.0,main,4,0.1,1e-08,0.1,7.0,11
10000,1000,0.1,0.001,4,lin,128,0.0,main,4,0.5,1e-08,0.1,7.0,13
10000,1000,0.1,0.001,4,lin,128,0.0,main,4,1.0,1e-08,0.1,7.0,15
10000,1000,0.1,0.001,4,lin,128,0.0,main,8,0.01,0.0003,0.03,2.0,5
10000,1000,0.1,0.001,4,lin,128,0.0,main,8,0.05,1e-08,0.1,7.0,11
10000,1000,0.1,0.001,4,lin,128,0.0,main,8,0.1,1e-08,0.1,7.0,11
10000,1000,0.1,0.001,4,lin,128,0.0,main,8,0.5,1e-08,0.1,7.0,15
10000,1000,0.1,0.001,4,lin,128,0.0,main,8,1.0,1e-08,0.1,7.0,15
10000,1000,0.1,0.001,4,lin,128,0.0,main,16,0.01,1e-08,0.1,7.0,10
10000,1000,0.1,0.001,4,lin,128,0.0,main,16,0.05,1e-08,0.1,7.0,11
10000,1000,0.1,0.001,4,lin,128,0.0,main,16,0.1,1e-08,0.1,7.0,13
10000,1000,0.1,0.001,4,lin,128,0.0,main,16,0.5,1e-08,0.1,7.0,15
10000,1000,0.1,0.001,4,lin,128,0.0,main,16,1.0,1e-08,0.1,7.0,15
10000,1000,0.1,0.001,4,lin,128,1.0,main,1,0.01,,,,0
10000,1000,0.1,0.001,4,lin,128,1.0,main,1,0.05,0.001,0.03,1.4771212547196624,4
10000,1000,0.1,0.001,4,lin,128,1.0,main,1,0.1,0.0003,0.1,2.5228787452803374,6
10000,1000,0.1,0.001,4,lin,128,1.0,main,1,0.5,0.0001,0.1,3.0,7
10000,1000,0.1,0.001,4,lin,128,1.0,main,1,1.0,1e-06,0.1,5.0,8
10000,1000,0.1,0.001,4,lin,128,1.0,main,2,0.01,0.003,0.003,0.0,1
10000,1000,0.1,0.001,4,lin,128,1.0,main,2,0.05,0.0003,0.1,2.5228787452803374,6
10000,1000,0.1,0.001,4,lin,128,1.0,main,2,0.1,0.0003,0.1,2.5228787452803374,6
10000,1000,0.1,0.001,4,lin,128,1.0,main,2,0.5,1e-06,0.1,5.0,8
10000,1000,0.1,0.001,4,lin,128,1.0,main,2,1.0,1e-06,0.1,5.0,11
10000,1000,0.1,0.001,4,lin,128,1.0,main,4,0.01,0.001,0.03,1.4771212547196624,4
10000,1000,0.1,0.001,4,lin,128,1.0,main,4,0.05,0.0003,0.1,2.5228787452803374,6
10000,1000,0.1,0.001,4,lin,128,1.0,main,4,0.1,0.0003,0.1,2.5228787452803374,6
10000,1000,0.1,0.001,4,lin,128,1.0,main,4,0.5,1e-06,0.1,5.0,11
10000,1000,0.1,0.001,4,lin,128,1.0,main,4,1.0,3e-07,0.1,5.522878745280337,12
10000,1000,0.1,0.001,4,lin,128,1.0,main,8,0.01,0.0003,0.1,2.5228787452803374,6
10000,1000,0.1,0.001,4,lin,128,1.0,main,8,0.05,0.0003,0.1,2.5228787452803374,6
10000,1000,0.1,0.001,4,lin,128,1.0,main,8,0.1,0.0001,0.1,3.0,7
10000,1000,0.1,0.001,4,lin,128,1.0,main,8,0.5,3e-07,0.1,5.522878745280337,12
10000,1000,0.1,0.001,4,lin,128,1.0,main,8,1.0,3e-07,0.1,5.522878745280337,12
10000,1000,0.1,0.001,4,lin,128,1.0,main,16,0.01,0.0003,0.1,2.5228787452803374,6
10000,1000,0.1,0.001,4,lin,128,1.0,main,16,0.05,0.0001,0.1,3.0,7
10000,1000,0.1,0.001,4,lin,128,1.0,main,16,0.1,1e-06,0.1,5.0,11
10000,1000,0.1,0.001,4,lin,128,1.0,main,16,0.5,3e-07,0.1,5.522878745280337,12
10000,1000,0.1,0.001,4,lin,128,1.0,main,16,1.0,3e-07,0.1,5.522878745280337,12
10000,1000,0.1,0.001,4,nl,64,0.5,hwindow_12h_highdim_extra_g64,1,0.01,,,,0
10000,1000,0.1,0.001,4,nl,64,0.5,hwindow_12h_highdim_extra_g64,1,0.05,0.001,0.003,0.47712125471966244,2
10000,1000,0.1,0.001,4,nl,64,0.5,hwindow_12h_highdim_extra_g64,1,0.1,1e-08,0.01,6.0,6
10000,1000,0.1,0.001,4,nl,64,0.5,hwindow_12h_highdim_extra_g64,1,0.5,1e-08,0.1,7.0,10
10000,1000,0.1,0.001,4,nl,64,0.5,hwindow_12h_highdim_extra_g64,1,1.0,1e-08,0.1,7.0,11
10000,1000,0.1,0.001,4,nl,64,0.5,hwindow_12h_highdim_extra_g64,2,0.01,,,,0
10000,1000,0.1,0.001,4,nl,64,0.5,hwindow_12h_highdim_extra_g64,2,0.05,1e-08,0.01,6.0,6
10000,1000,0.1,0.001,4,nl,64,0.5,hwindow_12h_highdim_extra_g64,2,0.1,1e-08,0.1,7.0,10
10000,1000,0.1,0.001,4,nl,64,0.5,hwindow_12h_highdim_extra_g64,2,0.5,1e-08,0.1,7.0,11
10000,1000,0.1,0.001,4,nl,64,0.5,hwindow_12h_highdim_extra_g64,2,1.0,1e-08,0.1,7.0,13
10000,1000,0.1,0.001,4,nl,64,0.5,hwindow_12h_highdim_extra_g64,4,0.01,0.001,0.003,0.47712125471966244,2
10000,1000,0.1,0.001,4,nl,64,0.5,hwindow_12h_highdim_extra_g64,4,0.05,1e-08,0.1,7.0,10
10000,1000,0.1,0.001,4,nl,64,0.5,hwindow_12h_highdim_extra_g64,4,0.1,1e-08,0.1,7.0,10
10000,1000,0.1,0.001,4,nl,64,0.5,hwindow_12h_highdim_extra_g64,4,0.5,1e-08,0.1,7.0,13
10000,1000,0.1,0.001,4,nl,64,0.5,hwindow_12h_highdim_extra_g64,4,1.0,1e-08,0.1,7.0,13
10000,1000,0.1,0.001,4,nl,64,0.5,hwindow_12h_highdim_extra_g64,8,0.01,0.0003,0.01,1.5228787452803376,4
10000,1000,0.1,0.001,4,nl,64,0.5,hwindow_12h_highdim_extra_g64,8,0.05,1e-08,0.1,7.0,10
10000,1000,0.1,0.001,4,nl,64,0.5,hwindow_12h_highdim_extra_g64,8,0.1,1e-08,0.1,7.0,11
10000,1000,0.1,0.001,4,nl,64,0.5,hwindow_12h_highdim_extra_g64,8,0.5,1e-08,0.1,7.0,13
10000,1000,0.1,0.001,4,nl,64,0.5,hwindow_12h_highdim_extra_g64,8,1.0,1e-08,0.1,7.0,15
10000,1000,0.1,0.001,4,nl,64,0.5,hwindow_12h_highdim_extra_g64,16,0.01,1e-08,0.1,7.0,10
10000,1000,0.1,0.001,4,nl,64,0.5,hwindow_12h_highdim_extra_g64,16,0.05,1e-08,0.1,7.0,11
10000,1000,0.1,0.001,4,nl,64,0.5,hwindow_12h_highdim_extra_g64,16,0.1,1e-08,0.1,7.0,12
10000,1000,0.1,0.001,4,nl,64,0.5,hwindow_12h_highdim_extra_g64,16,0.5,1e-08,0.1,7.0,15
10000,1000,0.1,0.001,4,nl,64,0.5,hwindow_12h_highdim_extra_g64,16,1.0,1e-08,0.1,7.0,15
10000,1000,0.1,0.001,4,nl,128,0.0,main,1,0.01,,,,0
10000,1000,0.1,0.001,4,nl,128,0.0,main,1,0.05,0.0003,0.003,1.0,3
10000,1000,0.1,0.001,4,nl,128,0.0,main,1,0.1,0.0003,0.1,2.5228787452803374,5
10000,1000,0.1,0.001,4,nl,128,0.0,main,1,0.5,1e-08,0.1,7.0,10
10000,1000,0.1,0.001,4,nl,128,0.0,main,1,1.0,1e-08,0.1,7.0,10
10000,1000,0.1,0.001,4,nl,128,0.0,main,2,0.01,0.001,0.001,0.0,1
10000,1000,0.1,0.001,4,nl,128,0.0,main,2,0.05,0.0003,0.1,2.5228787452803374,5
10000,1000,0.1,0.001,4,nl,128,0.0,main,2,0.1,1e-08,0.1,7.0,9
10000,1000,0.1,0.001,4,nl,128,0.0,main,2,0.5,1e-08,0.1,7.0,10
10000,1000,0.1,0.001,4,nl,128,0.0,main,2,1.0,1e-08,0.1,7.0,11
10000,1000,0.1,0.001,4,nl,128,0.0,main,4,0.01,0.0003,0.003,1.0,3
10000,1000,0.1,0.001,4,nl,128,0.0,main,4,0.05,1e-08,0.1,7.0,9
10000,1000,0.1,0.001,4,nl,128,0.0,main,4,0.1,1e-08,0.1,7.0,10
10000,1000,0.1,0.001,4,nl,128,0.0,main,4,0.5,1e-08,0.1,7.0,11
10000,1000,0.1,0.001,4,nl,128,0.0,main,4,1.0,1e-08,0.1,7.0,11
10000,1000,0.1,0.001,4,nl,128,0.0,main,8,0.01,0.0003,0.1,2.5228787452803374,5
10000,1000,0.1,0.001,4,nl,128,0.0,main,8,0.05,1e-08,0.1,7.0,10
10000,1000,0.1,0.001,4,nl,128,0.0,main,8,0.1,1e-08,0.1,7.0,10
10000,1000,0.1,0.001,4,nl,128,0.0,main,8,0.5,1e-08,0.1,7.0,11
10000,1000,0.1,0.001,4,nl,128,0.0,main,8,1.0,1e-08,0.1,7.0,12
10000,1000,0.1,0.001,4,nl,128,0.0,main,16,0.01,1e-08,0.1,7.0,9
10000,1000,0.1,0.001,4,nl,128,0.0,main,16,0.05,1e-08,0.1,7.0,10
10000,1000,0.1,0.001,4,nl,128,0.0,main,16,0.1,1e-08,0.1,7.0,11
10000,1000,0.1,0.001,4,nl,128,0.0,main,16,0.5,1e-08,0.1,7.0,12
10000,1000,0.1,0.001,4,nl,128,0.0,main,16,1.0,1e-08,0.1,7.0,12
10000,1000,0.1,0.001,4,nl,128,1.0,main,1,0.01,,,,0
10000,1000,0.1,0.001,4,nl,128,1.0,main,1,0.05,0.003,0.01,0.5228787452803376,2
10000,1000,0.1,0.001,4,nl,128,1.0,main,1,0.1,1e-08,0.1,7.0,7
10000,1000,0.1,0.001,4,nl,128,1.0,main,1,0.5,1e-08,0.1,7.0,11
10000,1000,0.1,0.001,4,nl,128,1.0,main,1,1.0,1e-08,0.1,7.0,11
10000,1000,0.1,0.001,4,nl,128,1.0,main,2,0.01,,,,0
10000,1000,0.1,0.001,4,nl,128,1.0,main,2,0.05,1e-08,0.1,7.0,7
10000,1000,0.1,0.001,4,nl,128,1.0,main,2,0.1,1e-08,0.1,7.0,8
10000,1000,0.1,0.001,4,nl,128,1.0,main,2,0.5,1e-08,0.1,7.0,11
10000,1000,0.1,0.001,4,nl,128,1.0,main,2,1.0,1e-08,0.1,7.0,12
10000,1000,0.1,0.001,4,nl,128,1.0,main,4,0.01,0.003,0.01,0.5228787452803376,2
10000,1000,0.1,0.001,4,nl,128,1.0,main,4,0.05,1e-08,0.1,7.0,8
10000,1000,0.1,0.001,4,nl,128,1.0,main,4,0.1,1e-08,0.1,7.0,10
10000,1000,0.1,0.001,4,nl,128,1.0,main,4,0.5,1e-08,0.1,7.0,12
10000,1000,0.1,0.001,4,nl,128,1.0,main,4,1.0,1e-08,0.1,7.0,12
10000,1000,0.1,0.001,4,nl,128,1.0,main,8,0.01,3e-08,0.1,6.522878745280337,6
10000,1000,0.1,0.001,4,nl,128,1.0,main,8,0.05,1e-08,0.1,7.0,10
10000,1000,0.1,0.001,4,nl,128,1.0,main,8,0.1,1e-08,0.1,7.0,11
10000,1000,0.1,0.001,4,nl,128,1.0,main,8,0.5,1e-08,0.1,7.0,12
10000,1000,0.1,0.001,4,nl,128,1.0,main,8,1.0,1e-08,0.1,7.0,12
10000,1000,0.1,0.001,4,nl,128,1.0,main,16,0.01,1e-08,0.1,7.0,7
10000,1000,0.1,0.001,4,nl,128,1.0,main,16,0.05,1e-08,0.1,7.0,11
10000,1000,0.1,0.001,4,nl,128,1.0,main,16,0.1,1e-08,0.1,7.0,12
10000,1000,0.1,0.001,4,nl,128,1.0,main,16,0.5,1e-08,0.1,7.0,12
10000,1000,0.1,0.001,4,nl,128,1.0,main,16,1.0,1e-08,0.1,7.0,13
10000,1000,0.1,0.001,4,nl,256,0.5,hwindow_12h_highdim_extra_g256,1,0.01,,,,0
10000,1000,0.1,0.001,4,nl,256,0.5,hwindow_12h_highdim_extra_g256,1,0.05,0.001,0.003,0.47712125471966244,2
10000,1000,0.1,0.001,4,nl,256,0.5,hwindow_12h_highdim_extra_g256,1,0.1,0.001,0.01,1.0,3
10000,1000,0.1,0.001,4,nl,256,0.5,hwindow_12h_highdim_extra_g256,1,0.5,1e-08,0.1,7.0,10
10000,1000,0.1,0.001,4,nl,256,0.5,hwindow_12h_highdim_extra_g256,1,1.0,1e-08,0.1,7.0,11
10000,1000,0.1,0.001,4,nl,256,0.5,hwindow_12h_highdim_extra_g256,2,0.01,,,,0
10000,1000,0.1,0.001,4,nl,256,0.5,hwindow_12h_highdim_extra_g256,2,0.05,0.001,0.01,1.0,3
10000,1000,0.1,0.001,4,nl,256,0.5,hwindow_12h_highdim_extra_g256,2,0.1,1e-08,0.1,7.0,9
10000,1000,0.1,0.001,4,nl,256,0.5,hwindow_12h_highdim_extra_g256,2,0.5,1e-08,0.1,7.0,11
10000,1000,0.1,0.001,4,nl,256,0.5,hwindow_12h_highdim_extra_g256,2,1.0,1e-08,0.1,7.0,11
10000,1000,0.1,0.001,4,nl,256,0.5,hwindow_12h_highdim_extra_g256,4,0.01,0.001,0.003,0.47712125471966244,2
10000,1000,0.1,0.001,4,nl,256,0.5,hwindow_12h_highdim_extra_g256,4,0.05,1e-08,0.1,7.0,9
10000,1000,0.1,0.001,4,nl,256,0.5,hwindow_12h_highdim_extra_g256,4,0.1,1e-08,0.1,7.0,10
10000,1000,0.1,0.001,4,nl,256,0.5,hwindow_12h_highdim_extra_g256,4,0.5,1e-08,0.1,7.0,11
10000,1000,0.1,0.001,4,nl,256,0.5,hwindow_12h_highdim_extra_g256,4,1.0,1e-08,0.1,7.0,14
10000,1000,0.1,0.001,4,nl,256,0.5,hwindow_12h_highdim_extra_g256,8,0.01,0.001,0.003,0.47712125471966244,2
10000,1000,0.1,0.001,4,nl,256,0.5,hwindow_12h_highdim_extra_g256,8,0.05,1e-08,0.1,7.0,10
10000,1000,0.1,0.001,4,nl,256,0.5,hwindow_12h_highdim_extra_g256,8,0.1,1e-08,0.1,7.0,11
10000,1000,0.1,0.001,4,nl,256,0.5,hwindow_12h_highdim_extra_g256,8,0.5,1e-08,0.1,7.0,14
10000,1000,0.1,0.001,4,nl,256,0.5,hwindow_12h_highdim_extra_g256,8,1.0,1e-08,0.1,7.0,14
10000,1000,0.1,0.001,4,nl,256,0.5,hwindow_12h_highdim_extra_g256,16,0.01,1e-08,0.03,6.477121254719663,8
10000,1000,0.1,0.001,4,nl,256,0.5,hwindow_12h_highdim_extra_g256,16,0.05,1e-08,0.1,7.0,11
10000,1000,0.1,0.001,4,nl,256,0.5,hwindow_12h_highdim_extra_g256,16,0.1,1e-08,0.1,7.0,11
10000,1000,0.1,0.001,4,nl,256,0.5,hwindow_12h_highdim_extra_g256,16,0.5,1e-08,0.1,7.0,14
10000,1000,0.1,0.001,4,nl,256,0.5,hwindow_12h_highdim_extra_g256,16,1.0,1e-08,0.1,7.0,15
10000,1000,0.1,0.001,8,lin,128,0.0,main,1,0.01,0.001,0.1,2.0,5
10000,1000,0.1,0.001,8,lin,128,0.0,main,1,0.05,0.0003,0.1,2.5228787452803374,6
10000,1000,0.1,0.001,8,lin,128,0.0,main,1,0.1,3e-08,0.1,6.522878745280337,8
10000,1000,0.1,0.001,8,lin,128,0.0,main,1,0.5,1e-08,0.1,7.0,11
10000,1000,0.1,0.001,8,lin,128,0.0,main,1,1.0,1e-08,0.1,7.0,11
10000,1000,0.1,0.001,8,lin,128,0.0,main,2,0.01,0.001,0.1,2.0,5
10000,1000,0.1,0.001,8,lin,128,0.0,main,2,0.05,3e-08,0.1,6.522878745280337,8
10000,1000,0.1,0.001,8,lin,128,0.0,main,2,0.1,1e-08,0.1,7.0,10
10000,1000,0.1,0.001,8,lin,128,0.0,main,2,0.5,1e-08,0.1,7.0,11
10000,1000,0.1,0.001,8,lin,128,0.0,main,2,1.0,1e-08,0.1,7.0,11
10000,1000,0.1,0.001,8,lin,128,0.0,main,4,0.01,0.001,0.1,2.0,5
10000,1000,0.1,0.001,8,lin,128,0.0,main,4,0.05,1e-08,0.1,7.0,10
10000,1000,0.1,0.001,8,lin,128,0.0,main,4,0.1,1e-08,0.1,7.0,11
10000,1000,0.1,0.001,8,lin,128,0.0,main,4,0.5,1e-08,0.1,7.0,11
10000,1000,0.1,0.001,8,lin,128,0.0,main,4,1.0,1e-08,0.1,7.0,12
10000,1000,0.1,0.001,8,lin,128,0.0,main,8,0.01,0.0003,0.1,2.5228787452803374,6
10000,1000,0.1,0.001,8,lin,128,0.0,main,8,0.05,1e-08,0.1,7.0,11
10000,1000,0.1,0.001,8,lin,128,0.0,main,8,0.1,1e-08,0.1,7.0,11
10000,1000,0.1,0.001,8,lin,128,0.0,main,8,0.5,1e-08,0.1,7.0,12
10000,1000,0.1,0.001,8,lin,128,0.0,main,8,1.0,1e-08,0.1,7.0,14
10000,1000,0.1,0.001,8,lin,128,0.0,main,16,0.01,1e-08,0.1,7.0,10
10000,1000,0.1,0.001,8,lin,128,0.0,main,16,0.05,1e-08,0.1,7.0,11
10000,1000,0.1,0.001,8,lin,128,0.0,main,16,0.1,1e-08,0.1,7.0,11
10000,1000,0.1,0.001,8,lin,128,0.0,main,16,0.5,1e-08,0.1,7.0,14
10000,1000,0.1,0.001,8,lin,128,0.0,main,16,1.0,1e-08,0.1,7.0,15
10000,1000,0.1,0.001,8,lin,128,1.0,main,1,0.01,0.003,0.03,1.0,3
10000,1000,0.1,0.001,8,lin,128,1.0,main,1,0.05,0.001,0.1,2.0,5
10000,1000,0.1,0.001,8,lin,128,1.0,main,1,0.1,3e-08,0.1,6.522878745280337,6
10000,1000,0.1,0.001,8,lin,128,1.0,main,1,0.5,1e-08,0.1,7.0,11
10000,1000,0.1,0.001,8,lin,128,1.0,main,1,1.0,1e-08,0.1,7.0,11
10000,1000,0.1,0.001,8,lin,128,1.0,main,2,0.01,0.003,0.03,1.0,3
10000,1000,0.1,0.001,8,lin,128,1.0,main,2,0.05,3e-08,0.1,6.522878745280337,6
10000,1000,0.1,0.001,8,lin,128,1.0,main,2,0.1,1e-08,0.1,7.0,8
10000,1000,0.1,0.001,8,lin,128,1.0,main,2,0.5,1e-08,0.1,7.0,11
10000,1000,0.1,0.001,8,lin,128,1.0,main,2,1.0,1e-08,0.1,7.0,12
10000,1000,0.1,0.001,8,lin,128,1.0,main,4,0.01,0.001,0.1,2.0,5
10000,1000,0.1,0.001,8,lin,128,1.0,main,4,0.05,1e-08,0.1,7.0,8
10000,1000,0.1,0.001,8,lin,128,1.0,main,4,0.1,1e-08,0.1,7.0,10
10000,1000,0.1,0.001,8,lin,128,1.0,main,4,0.5,1e-08,0.1,7.0,12
10000,1000,0.1,0.001,8,lin,128,1.0,main,4,1.0,1e-08,0.1,7.0,12
10000,1000,0.1,0.001,8,lin,128,1.0,main,8,0.01,0.001,0.1,2.0,5
10000,1000,0.1,0.001,8,lin,128,1.0,main,8,0.05,1e-08,0.1,7.0,10
10000,1000,0.1,0.001,8,lin,128,1.0,main,8,0.1,1e-08,0.1,7.0,11
10000,1000,0.1,0.001,8,lin,128,1.0,main,8,0.5,1e-08,0.1,7.0,12
10000,1000,0.1,0.001,8,lin,128,1.0,main,8,1.0,1e-08,0.1,7.0,14
10000,1000,0.1,0.001,8,lin,128,1.0,main,16,0.01,1e-08,0.1,7.0,8
10000,1000,0.1,0.001,8,lin,128,1.0,main,16,0.05,1e-08,0.1,7.0,11
10000,1000,0.1,0.001,8,lin,128,1.0,main,16,0.1,1e-08,0.1,7.0,11
10000,1000,0.1,0.001,8,lin,128,1.0,main,16,0.5,1e-08,0.1,7.0,14
10000,1000,0.1,0.001,8,lin,128,1.0,main,16,1.0,1e-08,0.1,7.0,15
10000,1000,0.1,0.001,8,nl,64,0.5,hwindow_12h_highdim_extra_g64,1,0.01,,,,0
10000,1000,0.1,0.001,8,nl,64,0.5,hwindow_12h_highdim_extra_g64,1,0.05,0.001,0.03,1.4771212547196624,4
10000,1000,0.1,0.001,8,nl,64,0.5,hwindow_12h_highdim_extra_g64,1,0.1,0.0003,0.1,2.5228787452803374,6
10000,1000,0.1,0.001,8,nl,64,0.5,hwindow_12h_highdim_extra_g64,1,0.5,0.0001,0.1,3.0,7
10000,1000,0.1,0.001,8,nl,64,0.5,hwindow_12h_highdim_extra_g64,1,1.0,3e-05,0.1,3.5228787452803374,8
10000,1000,0.1,0.001,8,nl,64,0.5,hwindow_12h_highdim_extra_g64,2,0.01,,,,0
10000,1000,0.1,0.001,8,nl,64,0.5,hwindow_12h_highdim_extra_g64,2,0.05,0.0003,0.1,2.5228787452803374,6
10000,1000,0.1,0.001,8,nl,64,0.5,hwindow_12h_highdim_extra_g64,2,0.1,0.0001,0.1,3.0,7
10000,1000,0.1,0.001,8,nl,64,0.5,hwindow_12h_highdim_extra_g64,2,0.5,3e-05,0.1,3.5228787452803374,8
10000,1000,0.1,0.001,8,nl,64,0.5,hwindow_12h_highdim_extra_g64,2,1.0,3e-05,0.1,3.5228787452803374,8
10000,1000,0.1,0.001,8,nl,64,0.5,hwindow_12h_highdim_extra_g64,4,0.01,0.003,0.03,1.0,3
10000,1000,0.1,0.001,8,nl,64,0.5,hwindow_12h_highdim_extra_g64,4,0.05,0.0001,0.1,3.0,7
10000,1000,0.1,0.001,8,nl,64,0.5,hwindow_12h_highdim_extra_g64,4,0.1,0.0001,0.1,3.0,7
10000,1000,0.1,0.001,8,nl,64,0.5,hwindow_12h_highdim_extra_g64,4,0.5,3e-05,0.1,3.5228787452803374,8
10000,1000,0.1,0.001,8,nl,64,0.5,hwindow_12h_highdim_extra_g64,4,1.0,1e-05,0.1,4.0,9
10000,1000,0.1,0.001,8,nl,64,0.5,hwindow_12h_highdim_extra_g64,8,0.01,0.001,0.1,2.0,5
10000,1000,0.1,0.001,8,nl,64,0.5,hwindow_12h_highdim_extra_g64,8,0.05,0.0001,0.1,3.0,7
10000,1000,0.1,0.001,8,nl,64,0.5,hwindow_12h_highdim_extra_g64,8,0.1,0.0001,0.1,3.0,7
10000,1000,0.1,0.001,8,nl,64,0.5,hwindow_12h_highdim_extra_g64,8,0.5,1e-05,0.1,4.0,9
10000,1000,0.1,0.001,8,nl,64,0.5,hwindow_12h_highdim_extra_g64,8,1.0,3e-06,0.1,4.522878745280337,10
10000,1000,0.1,0.001,8,nl,64,0.5,hwindow_12h_highdim_extra_g64,16,0.01,0.0003,0.1,2.5228787452803374,6
10000,1000,0.1,0.001,8,nl,64,0.5,hwindow_12h_highdim_extra_g64,16,0.05,0.0001,0.1,3.0,7
10000,1000,0.1,0.001,8,nl,64,0.5,hwindow_12h_highdim_extra_g64,16,0.1,3e-05,0.1,3.5228787452803374,8
10000,1000,0.1,0.001,8,nl,64,0.5,hwindow_12h_highdim_extra_g64,16,0.5,3e-06,0.1,4.522878745280337,10
10000,1000,0.1,0.001,8,nl,64,0.5,hwindow_12h_highdim_extra_g64,16,1.0,1e-06,0.1,5.0,11
10000,1000,0.1,0.001,8,nl,128,0.0,main,1,0.01,,,,0
10000,1000,0.1,0.001,8,nl,128,0.0,main,1,0.05,0.0003,0.03,2.0,5
10000,1000,0.1,0.001,8,nl,128,0.0,main,1,0.1,1e-08,0.1,7.0,9
10000,1000,0.1,0.001,8,nl,128,0.0,main,1,0.5,1e-08,0.1,7.0,11
10000,1000,0.1,0.001,8,nl,128,0.0,main,1,1.0,1e-08,0.1,7.0,12
10000,1000,0.1,0.001,8,nl,128,0.0,main,2,0.01,0.01,0.03,0.47712125471966244,2
10000,1000,0.1,0.001,8,nl,128,0.0,main,2,0.05,1e-08,0.1,7.0,9
10000,1000,0.1,0.001,8,nl,128,0.0,main,2,0.1,1e-08,0.1,7.0,10
10000,1000,0.1,0.001,8,nl,128,0.0,main,2,0.5,1e-08,0.1,7.0,12
10000,1000,0.1,0.001,8,nl,128,0.0,main,2,1.0,1e-08,0.1,7.0,13
10000,1000,0.1,0.001,8,nl,128,0.0,main,4,0.01,0.001,0.03,1.4771212547196624,4
10000,1000,0.1,0.001,8,nl,128,0.0,main,4,0.05,1e-08,0.1,7.0,10
10000,1000,0.1,0.001,8,nl,128,0.0,main,4,0.1,1e-08,0.1,7.0,11
10000,1000,0.1,0.001,8,nl,128,0.0,main,4,0.5,1e-08,0.1,7.0,13
10000,1000,0.1,0.001,8,nl,128,0.0,main,4,1.0,1e-08,0.1,7.0,13
10000,1000,0.1,0.001,8,nl,128,0.0,main,8,0.01,1e-08,0.1,7.0,8
10000,1000,0.1,0.001,8,nl,128,0.0,main,8,0.05,1e-08,0.1,7.0,11
10000,1000,0.1,0.001,8,nl,128,0.0,main,8,0.1,1e-08,0.1,7.0,12
10000,1000,0.1,0.001,8,nl,128,0.0,main,8,0.5,1e-08,0.1,7.0,13
10000,1000,0.1,0.001,8,nl,128,0.0,main,8,1.0,1e-08,0.1,7.0,14
10000,1000,0.1,0.001,8,nl,128,0.0,main,16,0.01,1e-08,0.1,7.0,10
10000,1000,0.1,0.001,8,nl,128,0.0,main,16,0.05,1e-08,0.1,7.0,12
10000,1000,0.1,0.001,8,nl,128,0.0,main,16,0.1,1e-08,0.1,7.0,13
10000,1000,0.1,0.001,8,nl,128,0.0,main,16,0.5,1e-08,0.1,7.0,14
10000,1000,0.1,0.001,8,nl,128,0.0,main,16,1.0,1e-08,0.1,7.0,15
10000,1000,0.1,0.001,8,nl,128,1.0,main,1,0.01,,,,0
10000,1000,0.1,0.001,8,nl,128,1.0,main,1,0.05,0.003,0.1,1.5228787452803376,4
10000,1000,0.1,0.001,8,nl,128,1.0,main,1,0.1,1e-08,0.1,7.0,8
10000,1000,0.1,0.001,8,nl,128,1.0,main,1,0.5,1e-08,0.1,7.0,13
10000,1000,0.1,0.001,8,nl,128,1.0,main,1,1.0,1e-08,0.1,7.0,14
10000,1000,0.1,0.001,8,nl,128,1.0,main,2,0.01,0.01,0.01,0.0,1
10000,1000,0.1,0.001,8,nl,128,1.0,main,2,0.05,1e-08,0.1,7.0,8
10000,1000,0.1,0.001,8,nl,128,1.0,main,2,0.1,1e-08,0.1,7.0,11
10000,1000,0.1,0.001,8,nl,128,1.0,main,2,0.5,1e-08,0.1,7.0,14
10000,1000,0.1,0.001,8,nl,128,1.0,main,2,1.0,1e-08,0.1,7.0,15
10000,1000,0.1,0.001,8,nl,128,1.0,main,4,0.01,0.003,0.1,1.5228787452803376,4
10000,1000,0.1,0.001,8,nl,128,1.0,main,4,0.05,1e-08,0.1,7.0,11
10000,1000,0.1,0.001,8,nl,128,1.0,main,4,0.1,1e-08,0.1,7.0,12
10000,1000,0.1,0.001,8,nl,128,1.0,main,4,0.5,1e-08,0.1,7.0,15
10000,1000,0.1,0.001,8,nl,128,1.0,main,4,1.0,1e-08,0.1,7.0,15
10000,1000,0.1,0.001,8,nl,128,1.0,main,8,0.01,1e-07,0.1,6.0,5
10000,1000,0.1,0.001,8,nl,128,1.0,main,8,0.05,1e-08,0.1,7.0,12
10000,1000,0.1,0.001,8,nl,128,1.0,main,8,0.1,1e-08,0.1,7.0,14
10000,1000,0.1,0.001,8,nl,128,1.0,main,8,0.5,1e-08,0.1,7.0,15
10000,1000,0.1,0.001,8,nl,128,1.0,main,8,1.0,1e-08,0.1,7.0,15
10000,1000,0.1,0.001,8,nl,128,1.0,main,16,0.01,1e-08,0.1,7.0,10
10000,1000,0.1,0.001,8,nl,128,1.0,main,16,0.05,1e-08,0.1,7.0,14
10000,1000,0.1,0.001,8,nl,128,1.0,main,16,0.1,1e-08,0.1,7.0,15
10000,1000,0.1,0.001,8,nl,128,1.0,main,16,0.5,1e-08,0.1,7.0,15
10000,1000,0.1,0.001,8,nl,128,1.0,main,16,1.0,1e-08,0.1,7.0,15
10000,1000,0.1,0.001,8,nl,256,0.5,hwindow_12h_highdim_extra_g256,1,0.01,,,,0
10000,1000,0.1,0.001,8,nl,256,0.5,hwindow_12h_highdim_extra_g256,1,0.05,0.003,0.1,1.5228787452803376,4
10000,1000,0.1,0.001,8,nl,256,0.5,hwindow_12h_highdim_extra_g256,1,0.1,0.0003,0.1,2.5228787452803374,6
10000,1000,0.1,0.001,8,nl,256,0.5,hwindow_12h_highdim_extra_g256,1,0.5,3e-05,0.1,3.5228787452803374,8
10000,1000,0.1,0.001,8,nl,256,0.5,hwindow_12h_highdim_extra_g256,1,1.0,1e-05,0.1,4.0,9
10000,1000,0.1,0.001,8,nl,256,0.5,hwindow_12h_highdim_extra_g256,2,0.01,0.003,0.003,0.0,1
10000,1000,0.1,0.001,8,nl,256,0.5,hwindow_12h_highdim_extra_g256,2,0.05,0.0003,0.1,2.5228787452803374,6
10000,1000,0.1,0.001,8,nl,256,0.5,hwindow_12h_highdim_extra_g256,2,0.1,0.0001,0.1,3.0,7
10000,1000,0.1,0.001,8,nl,256,0.5,hwindow_12h_highdim_extra_g256,2,0.5,1e-05,0.1,4.0,9
10000,1000,0.1,0.001,8,nl,256,0.5,hwindow_12h_highdim_extra_g256,2,1.0,3e-06,0.1,4.522878745280337,10
10000,1000,0.1,0.001,8,nl,256,0.5,hwindow_12h_highdim_extra_g256,4,0.01,0.003,0.03,1.0,3
10000,1000,0.1,0.001,8,nl,256,0.5,hwindow_12h_highdim_extra_g256,4,0.05,0.0001,0.1,3.0,7
10000,1000,0.1,0.001,8,nl,256,0.5,hwindow_12h_highdim_extra_g256,4,0.1,3e-05,0.1,3.5228787452803374,8
10000,1000,0.1,0.001,8,nl,256,0.5,hwindow_12h_highdim_extra_g256,4,0.5,3e-06,0.1,4.522878745280337,10
10000,1000,0.1,0.001,8,nl,256,0.5,hwindow_12h_highdim_extra_g256,4,1.0,1e-06,0.1,5.0,11
10000,1000,0.1,0.001,8,nl,256,0.5,hwindow_12h_highdim_extra_g256,8,0.01,0.001,0.1,2.0,5
10000,1000,0.1,0.001,8,nl,256,0.5,hwindow_12h_highdim_extra_g256,8,0.05,3e-05,0.1,3.5228787452803374,8
10000,1000,0.1,0.001,8,nl,256,0.5,hwindow_12h_highdim_extra_g256,8,0.1,1e-05,0.1,4.0,9
10000,1000,0.1,0.001,8,nl,256,0.5,hwindow_12h_highdim_extra_g256,8,0.5,1e-06,0.1,5.0,11
10000,1000,0.1,0.001,8,nl,256,0.5,hwindow_12h_highdim_extra_g256,8,1.0,1e-06,0.1,5.0,11
10000,1000,0.1,0.001,8,nl,256,0.5,hwindow_12h_highdim_extra_g256,16,0.01,0.0003,0.1,2.5228787452803374,6
10000,1000,0.1,0.001,8,nl,256,0.5,hwindow_12h_highdim_extra_g256,16,0.05,1e-05,0.1,4.0,9
10000,1000,0.1,0.001,8,nl,256,0.5,hwindow_12h_highdim_extra_g256,16,0.1,3e-06,0.1,4.522878745280337,10
10000,1000,0.1,0.001,8,nl,256,0.5,hwindow_12h_highdim_extra_g256,16,0.5,1e-06,0.1,5.0,11
10000,1000,0.1,0.001,8,nl,256,0.5,hwindow_12h_highdim_extra_g256,16,1.0,1e-06,0.1,5.0,11
10000,1000,0.1,0.01,4,lin,128,0.0,main,1,0.01,0.01,0.03,0.47712125471966244,2
10000,1000,0.1,0.01,4,lin,128,0.0,main,1,0.05,0.003,0.1,1.5228787452803376,4
10000,1000,0.1,0.01,4,lin,128,0.0,main,1,0.1,1e-08,0.1,7.0,8
10000,1000,0.1,0.01,4,lin,128,0.0,main,1,0.5,1e-08,0.1,7.0,11
10000,1000,0.1,0.01,4,lin,128,0.0,main,1,1.0,1e-08,0.1,7.0,12
10000,1000,0.1,0.01,4,lin,128,0.0,main,2,0.01,0.01,0.03,0.47712125471966244,2
10000,1000,0.1,0.01,4,lin,128,0.0,main,2,0.05,1e-08,0.1,7.0,8
10000,1000,0.1,0.01,4,lin,128,0.0,main,2,0.1,1e-08,0.1,7.0,10
10000,1000,0.1,0.01,4,lin,128,0.0,main,2,0.5,1e-08,0.1,7.0,12
10000,1000,0.1,0.01,4,lin,128,0.0,main,2,1.0,1e-08,0.1,7.0,12
10000,1000,0.1,0.01,4,lin,128,0.0,main,4,0.01,0.01,0.1,1.0,3
10000,1000,0.1,0.01,4,lin,128,0.0,main,4,0.05,1e-08,0.1,7.0,10
10000,1000,0.1,0.01,4,lin,128,0.0,main,4,0.1,1e-08,0.1,7.0,11
10000,1000,0.1,0.01,4,lin,128,0.0,main,4,0.5,1e-08,0.1,7.0,12
10000,1000,0.1,0.01,4,lin,128,0.0,main,4,1.0,1e-08,0.1,7.0,13
10000,1000,0.1,0.01,4,lin,128,0.0,main,8,0.01,0.003,0.1,1.5228787452803376,4
10000,1000,0.1,0.01,4,lin,128,0.0,main,8,0.05,1e-08,0.1,7.0,11
10000,1000,0.1,0.01,4,lin,128,0.0,main,8,0.1,1e-08,0.1,7.0,12
10000,1000,0.1,0.01,4,lin,128,0.0,main,8,0.5,1e-08,0.1,7.0,13
10000,1000,0.1,0.01,4,lin,128,0.0,main,8,1.0,1e-08,0.1,7.0,13
10000,1000,0.1,0.01,4,lin,128,0.0,main,16,0.01,1e-08,0.1,7.0,10
10000,1000,0.1,0.01,4,lin,128,0.0,main,16,0.05,1e-08,0.1,7.0,12
10000,1000,0.1,0.01,4,lin,128,0.0,main,16,0.1,1e-08,0.1,7.0,12
10000,1000,0.1,0.01,4,lin,128,0.0,main,16,0.5,1e-08,0.1,7.0,13
10000,1000,0.1,0.01,4,lin,128,0.0,main,16,1.0,1e-08,0.1,7.0,14
10000,1000,0.1,0.01,4,lin,128,1.0,main,1,0.01,0.03,0.03,0.0,1
10000,1000,0.1,0.01,4,lin,128,1.0,main,1,0.05,0.01,0.1,1.0,3
10000,1000,0.1,0.01,4,lin,128,1.0,main,1,0.1,1e-08,0.1,7.0,6
10000,1000,0.1,0.01,4,lin,128,1.0,main,1,0.5,1e-08,0.1,7.0,8
10000,1000,0.1,0.01,4,lin,128,1.0,main,1,1.0,1e-08,0.1,7.0,9
10000,1000,0.1,0.01,4,lin,128,1.0,main,2,0.01,0.01,0.03,0.47712125471966244,2
10000,1000,0.1,0.01,4,lin,128,1.0,main,2,0.05,1e-08,0.1,7.0,6
10000,1000,0.1,0.01,4,lin,128,1.0,main,2,0.1,1e-08,0.1,7.0,8
10000,1000,0.1,0.01,4,lin,128,1.0,main,2,0.5,1e-08,0.1,7.0,9
10000,1000,0.1,0.01,4,lin,128,1.0,main,2,1.0,1e-08,0.1,7.0,10
10000,1000,0.1,0.01,4,lin,128,1.0,main,4,0.01,0.01,0.1,1.0,3
10000,1000,0.1,0.01,4,lin,128,1.0,main,4,0.05,1e-08,0.1,7.0,8
10000,1000,0.1,0.01,4,lin,128,1.0,main,4,0.1,1e-08,0.1,7.0,8
10000,1000,0.1,0.01,4,lin,128,1.0,main,4,0.5,1e-08,0.1,7.0,10
10000,1000,0.1,0.01,4,lin,128,1.0,main,4,1.0,1e-08,0.1,7.0,11
10000,1000,0.1,0.01,4,lin,128,1.0,main,8,0.01,0.01,0.1,1.0,3
10000,1000,0.1,0.01,4,lin,128,1.0,main,8,0.05,1e-08,0.1,7.0,8
10000,1000,0.1,0.01,4,lin,128,1.0,main,8,0.1,1e-08,0.1,7.0,9
10000,1000,0.1,0.01,4,lin,128,1.0,main,8,0.5,1e-08,0.1,7.0,11
10000,1000,0.1,0.01,4,lin,128,1.0,main,8,1.0,1e-08,0.1,7.0,12
10000,1000,0.1,0.01,4,lin,128,1.0,main,16,0.01,1e-08,0.1,7.0,8
10000,1000,0.1,0.01,4,lin,128,1.0,main,16,0.05,1e-08,0.1,7.0,9
10000,1000,0.1,0.01,4,lin,128,1.0,main,16,0.1,1e-08,0.1,7.0,10
10000,1000,0.1,0.01,4,lin,128,1.0,main,16,0.5,1e-08,0.1,7.0,12
10000,1000,0.1,0.01,4,lin,128,1.0,main,16,1.0,1e-08,0.1,7.0,12
10000,1000,0.1,0.01,4,nl,128,0.0,main,1,0.01,,,,0
10000,1000,0.1,0.01,4,nl,128,0.0,main,1,0.05,0.003,0.03,1.0,3
10000,1000,0.1,0.01,4,nl,128,0.0,main,1,0.1,3e-08,0.03,6.0,7
10000,1000,0.1,0.01,4,nl,128,0.0,main,1,0.5,1e-08,0.1,7.0,12
10000,1000,0.1,0.01,4,nl,128,0.0,main,1,1.0,1e-08,0.1,7.0,12
10000,1000,0.1,0.01,4,nl,128,0.0,main,2,0.01,,,,0
10000,1000,0.1,0.01,4,nl,128,0.0,main,2,0.05,3e-08,0.03,6.0,7
10000,1000,0.1,0.01,4,nl,128,0.0,main,2,0.1,1e-08,0.1,7.0,11
10000,1000,0.1,0.01,4,nl,128,0.0,main,2,0.5,1e-08,0.1,7.0,12
10000,1000,0.1,0.01,4,nl,128,0.0,main,2,1.0,1e-08,0.1,7.0,13
10000,1000,0.1,0.01,4,nl,128,0.0,main,4,0.01,0.01,0.03,0.47712125471966244,2
10000,1000,0.1,0.01,4,nl,128,0.0,main,4,0.05,1e-08,0.1,7.0,11
10000,1000,0.1,0.01,4,nl,128,0.0,main,4,0.1,1e-08,0.1,7.0,11
10000,1000,0.1,0.01,4,nl,128,0.0,main,4,0.5,1e-08,0.1,7.0,13
10000,1000,0.1,0.01,4,nl,128,0.0,main,4,1.0,1e-08,0.1,7.0,13
10000,1000,0.1,0.01,4,nl,128,0.0,main,8,0.01,3e-08,0.03,6.0,4
10000,1000,0.1,0.01,4,nl,128,0.0,main,8,0.05,1e-08,0.1,7.0,11
10000,1000,0.1,0.01,4,nl,128,0.0,main,8,0.1,1e-08,0.1,7.0,12
10000,1000,0.1,0.01,4,nl,128,0.0,main,8,0.5,1e-08,0.1,7.0,13
10000,1000,0.1,0.01,4,nl,128,0.0,main,8,1.0,1e-08,0.1,7.0,15
10000,1000,0.1,0.01,4,nl,128,0.0,main,16,0.01,1e-08,0.1,7.0,11
10000,1000,0.1,0.01,4,nl,128,0.0,main,16,0.05,1e-08,0.1,7.0,12
10000,1000,0.1,0.01,4,nl,128,0.0,main,16,0.1,1e-08,0.1,7.0,12
10000,1000,0.1,0.01,4,nl,128,0.0,main,16,0.5,1e-08,0.1,7.0,15
10000,1000,0.1,0.01,4,nl,128,0.0,main,16,1.0,1e-08,0.1,7.0,15
10000,1000,0.1,0.01,4,nl,128,1.0,main,1,0.01,,,,0
10000,1000,0.1,0.01,4,nl,128,1.0,main,1,0.05,,,,0
10000,1000,0.1,0.01,4,nl,128,1.0,main,1,0.1,0.03,0.1,0.5228787452803376,2
10000,1000,0.1,0.01,4,nl,128,1.0,main,1,0.5,1e-08,0.1,7.0,8
10000,1000,0.1,0.01,4,nl,128,1.0,main,1,1.0,1e-08,0.1,7.0,10
10000,1000,0.1,0.01,4,nl,128,1.0,main,2,0.01,,,,0
10000,1000,0.1,0.01,4,nl,128,1.0,main,2,0.05,0.03,0.1,0.5228787452803376,2
10000,1000,0.1,0.01,4,nl,128,1.0,main,2,0.1,1e-08,0.1,7.0,7
10000,1000,0.1,0.01,4,nl,128,1.0,main,2,0.5,1e-08,0.1,7.0,10
10000,1000,0.1,0.01,4,nl,128,1.0,main,2,1.0,1e-08,0.1,7.0,11
10000,1000,0.1,0.01,4,nl,128,1.0,main,4,0.01,,,,0
10000,1000,0.1,0.01,4,nl,128,1.0,main,4,0.05,1e-08,0.1,7.0,7
10000,1000,0.1,0.01,4,nl,128,1.0,main,4,0.1,1e-08,0.1,7.0,7
10000,1000,0.1,0.01,4,nl,128,1.0,main,4,0.5,1e-08,0.1,7.0,11
10000,1000,0.1,0.01,4,nl,128,1.0,main,4,1.0,1e-08,0.1,7.0,12
10000,1000,0.1,0.01,4,nl,128,1.0,main,8,0.01,0.03,0.03,0.0,1
10000,1000,0.1,0.01,4,nl,128,1.0,main,8,0.05,1e-08,0.1,7.0,7
10000,1000,0.1,0.01,4,nl,128,1.0,main,8,0.1,1e-08,0.1,7.0,10
10000,1000,0.1,0.01,4,nl,128,1.0,main,8,0.5,1e-08,0.1,7.0,12
10000,1000,0.1,0.01,4,nl,128,1.0,main,8,1.0,1e-08,0.1,7.0,13
10000,1000,0.1,0.01,4,nl,128,1.0,main,16,0.01,3e-08,0.1,6.522878745280337,4
10000,1000,0.1,0.01,4,nl,128,1.0,main,16,0.05,1e-08,0.1,7.0,10
10000,1000,0.1,0.01,4,nl,128,1.0,main,16,0.1,1e-08,0.1,7.0,11
10000,1000,0.1,0.01,4,nl,128,1.0,main,16,0.5,1e-08,0.1,7.0,13
10000,1000,0.1,0.01,4,nl,128,1.0,main,16,1.0,1e-08,0.1,7.0,14
10000,1000,0.1,0.01,8,lin,128,0.0,main,1,0.01,0.01,0.1,1.0,3
10000,1000,0.1,0.01,8,lin,128,0.0,main,1,0.05,0.003,0.1,1.5228787452803376,4
10000,1000,0.1,0.01,8,lin,128,0.0,main,1,0.1,1e-08,0.1,7.0,7
10000,1000,0.1,0.01,8,lin,128,0.0,main,1,0.5,1e-08,0.1,7.0,10
10000,1000,0.1,0.01,8,lin,128,0.0,main,1,1.0,1e-08,0.1,7.0,10
10000,1000,0.1,0.01,8,lin,128,0.0,main,2,0.01,0.01,0.1,1.0,3
10000,1000,0.1,0.01,8,lin,128,0.0,main,2,0.05,1e-08,0.1,7.0,7
10000,1000,0.1,0.01,8,lin,128,0.0,main,2,0.1,1e-08,0.1,7.0,9
10000,1000,0.1,0.01,8,lin,128,0.0,main,2,0.5,1e-08,0.1,7.0,10
10000,1000,0.1,0.01,8,lin,128,0.0,main,2,1.0,1e-08,0.1,7.0,11
10000,1000,0.1,0.01,8,lin,128,0.0,main,4,0.01,0.003,0.1,1.5228787452803376,4
10000,1000,0.1,0.01,8,lin,128,0.0,main,4,0.05,1e-08,0.1,7.0,9
10000,1000,0.1,0.01,8,lin,128,0.0,main,4,0.1,1e-08,0.1,7.0,10
10000,1000,0.1,0.01,8,lin,128,0.0,main,4,0.5,1e-08,0.1,7.0,11
10000,1000,0.1,0.01,8,lin,128,0.0,main,4,1.0,1e-08,0.1,7.0,12
10000,1000,0.1,0.01,8,lin,128,0.0,main,8,0.01,1e-08,0.1,7.0,6
10000,1000,0.1,0.01,8,lin,128,0.0,main,8,0.05,1e-08,0.1,7.0,10
10000,1000,0.1,0.01,8,lin,128,0.0,main,8,0.1,1e-08,0.1,7.0,10
10000,1000,0.1,0.01,8,lin,128,0.0,main,8,0.5,1e-08,0.1,7.0,12
10000,1000,0.1,0.01,8,lin,128,0.0,main,8,1.0,1e-08,0.1,7.0,12
10000,1000,0.1,0.01,8,lin,128,0.0,main,16,0.01,1e-08,0.1,7.0,9
10000,1000,0.1,0.01,8,lin,128,0.0,main,16,0.05,1e-08,0.1,7.0,10
10000,1000,0.1,0.01,8,lin,128,0.0,main,16,0.1,1e-08,0.1,7.0,11
10000,1000,0.1,0.01,8,lin,128,0.0,main,16,0.5,1e-08,0.1,7.0,12
10000,1000,0.1,0.01,8,lin,128,0.0,main,16,1.0,1e-08,0.1,7.0,13
10000,1000,0.1,0.01,8,lin,128,1.0,main,1,0.01,0.03,0.1,0.5228787452803376,2
10000,1000,0.1,0.01,8,lin,128,1.0,main,1,0.05,0.01,0.1,1.0,3
10000,1000,0.1,0.01,8,lin,128,1.0,main,1,0.1,3e-08,0.1,6.522878745280337,7
10000,1000,0.1,0.01,8,lin,128,1.0,main,1,0.5,1e-08,0.1,7.0,9
10000,1000,0.1,0.01,8,lin,128,1.0,main,1,1.0,1e-08,0.1,7.0,10
10000,1000,0.1,0.01,8,lin,128,1.0,main,2,0.01,0.01,0.1,1.0,3
10000,1000,0.1,0.01,8,lin,128,1.0,main,2,0.05,3e-08,0.1,6.522878745280337,7
10000,1000,0.1,0.01,8,lin,128,1.0,main,2,0.1,1e-08,0.1,7.0,9
10000,1000,0.1,0.01,8,lin,128,1.0,main,2,0.5,1e-08,0.1,7.0,10
10000,1000,0.1,0.01,8,lin,128,1.0,main,2,1.0,1e-08,0.1,7.0,10
10000,1000,0.1,0.01,8,lin,128,1.0,main,4,0.01,0.01,0.1,1.0,3
10000,1000,0.1,0.01,8,lin,128,1.0,main,4,0.05,1e-08,0.1,7.0,9
10000,1000,0.1,0.01,8,lin,128,1.0,main,4,0.1,1e-08,0.1,7.0,9
10000,1000,0.1,0.01,8,lin,128,1.0,main,4,0.5,1e-08,0.1,7.0,10
10000,1000,0.1,0.01,8,lin,128,1.0,main,4,1.0,1e-08,0.1,7.0,11
10000,1000,0.1,0.01,8,lin,128,1.0,main,8,0.01,1e-07,0.1,6.0,6
10000,1000,0.1,0.01,8,lin,128,1.0,main,8,0.05,1e-08,0.1,7.0,9
10000,1000,0.1,0.01,8,lin,128,1.0,main,8,0.1,1e-08,0.1,7.0,10
10000,1000,0.1,0.01,8,lin,128,1.0,main,8,0.5,1e-08,0.1,7.0,11
10000,1000,0.1,0.01,8,lin,128,1.0,main,8,1.0,1e-08,0.1,7.0,11
10000,1000,0.1,0.01,8,lin,128,1.0,main,16,0.01,1e-08,0.1,7.0,9
10000,1000,0.1,0.01,8,lin,128,1.0,main,16,0.05,1e-08,0.1,7.0,10
10000,1000,0.1,0.01,8,lin,128,1.0,main,16,0.1,1e-08,0.1,7.0,10
10000,1000,0.1,0.01,8,lin,128,1.0,main,16,0.5,1e-08,0.1,7.0,11
10000,1000,0.1,0.01,8,lin,128,1.0,main,16,1.0,1e-08,0.1,7.0,12
10000,1000,0.1,0.01,8,nl,128,0.0,main,1,0.01,,,,0
10000,1000,0.1,0.01,8,nl,128,0.0,main,1,0.05,0.003,0.1,1.5228787452803376,4
10000,1000,0.1,0.01,8,nl,128,0.0,main,1,0.1,1e-06,0.1,5.0,5
10000,1000,0.1,0.01,8,nl,128,0.0,main,1,0.5,1e-08,0.1,7.0,11
10000,1000,0.1,0.01,8,nl,128,0.0,main,1,1.0,1e-08,0.1,7.0,12
10000,1000,0.1,0.01,8,nl,128,0.0,main,2,0.01,,,,0
10000,1000,0.1,0.01,8,nl,128,0.0,main,2,0.05,1e-06,0.1,5.0,5
10000,1000,0.1,0.01,8,nl,128,0.0,main,2,0.1,1e-08,0.1,7.0,11
10000,1000,0.1,0.01,8,nl,128,0.0,main,2,0.5,1e-08,0.1,7.0,12
10000,1000,0.1,0.01,8,nl,128,0.0,main,2,1.0,1e-08,0.1,7.0,13
10000,1000,0.1,0.01,8,nl,128,0.0,main,4,0.01,0.01,0.1,1.0,3
10000,1000,0.1,0.01,8,nl,128,0.0,main,4,0.05,1e-08,0.1,7.0,11
10000,1000,0.1,0.01,8,nl,128,0.0,main,4,0.1,1e-08,0.1,7.0,11
10000,1000,0.1,0.01,8,nl,128,0.0,main,4,0.5,1e-08,0.1,7.0,13
10000,1000,0.1,0.01,8,nl,128,0.0,main,4,1.0,1e-08,0.1,7.0,15
10000,1000,0.1,0.01,8,nl,128,0.0,main,8,0.01,0.003,0.1,1.5228787452803376,4
10000,1000,0.1,0.01,8,nl,128,0.0,main,8,0.05,1e-08,0.1,7.0,11
10000,1000,0.1,0.01,8,nl,128,0.0,main,8,0.1,1e-08,0.1,7.0,12
10000,1000,0.1,0.01,8,nl,128,0.0,main,8,0.5,1e-08,0.1,7.0,15
10000,1000,0.1,0.01,8,nl,128,0.0,main,8,1.0,1e-08,0.1,7.0,15
10000,1000,0.1,0.01,8,nl,128,0.0,main,16,0.01,1e-08,0.1,7.0,11
10000,1000,0.1,0.01,8,nl,128,0.0,main,16,0.05,1e-08,0.1,7.0,12
10000,1000,0.1,0.01,8,nl,128,0.0,main,16,0.1,1e-08,0.1,7.0,12
10000,1000,0.1,0.01,8,nl,128,0.0,main,16,0.5,1e-08,0.1,7.0,15
10000,1000,0.1,0.01,8,nl,128,0.0,main,16,1.0,1e-08,0.1,7.0,15
10000,1000,0.1,0.01,8,nl,128,1.0,main,1,0.01,,,,0
10000,1000,0.1,0.01,8,nl,128,1.0,main,1,0.05,0.01,0.1,1.0,3
10000,1000,0.1,0.01,8,nl,128,1.0,main,1,0.1,1e-08,0.1,7.0,4
10000,1000,0.1,0.01,8,nl,128,1.0,main,1,0.5,1e-08,0.1,7.0,10
10000,1000,0.1,0.01,8,nl,128,1.0,main,1,1.0,1e-08,0.1,7.0,10
10000,1000,0.1,0.01,8,nl,128,1.0,main,2,0.01,,,,0
10000,1000,0.1,0.01,8,nl,128,1.0,main,2,0.05,1e-08,0.1,7.0,4
10000,1000,0.1,0.01,8,nl,128,1.0,main,2,0.1,1e-08,0.1,7.0,9
10000,1000,0.1,0.01,8,nl,128,1.0,main,2,0.5,1e-08,0.1,7.0,10
10000,1000,0.1,0.01,8,nl,128,1.0,main,2,1.0,1e-08,0.1,7.0,12
10000,1000,0.1,0.01,8,nl,128,1.0,main,4,0.01,0.01,0.1,1.0,3
10000,1000,0.1,0.01,8,nl,128,1.0,main,4,0.05,1e-08,0.1,7.0,9
10000,1000,0.1,0.01,8,nl,128,1.0,main,4,0.1,1e-08,0.1,7.0,9
10000,1000,0.1,0.01,8,nl,128,1.0,main,4,0.5,1e-08,0.1,7.0,12
10000,1000,0.1,0.01,8,nl,128,1.0,main,4,1.0,1e-08,0.1,7.0,12
10000,1000,0.1,0.01,8,nl,128,1.0,main,8,0.01,1e-08,0.1,7.0,4
10000,1000,0.1,0.01,8,nl,128,1.0,main,8,0.05,1e-08,0.1,7.0,9
10000,1000,0.1,0.01,8,nl,128,1.0,main,8,0.1,1e-08,0.1,7.0,10
10000,1000,0.1,0.01,8,nl,128,1.0,main,8,0.5,1e-08,0.1,7.0,12
10000,1000,0.1,0.01,8,nl,128,1.0,main,8,1.0,1e-08,0.1,7.0,13
10000,1000,0.1,0.01,8,nl,128,1.0,main,16,0.01,1e-08,0.1,7.0,8
10000,1000,0.1,0.01,8,nl,128,1.0,main,16,0.05,1e-08,0.1,7.0,10
10000,1000,0.1,0.01,8,nl,128,1.0,main,16,0.1,1e-08,0.1,7.0,12
10000,1000,0.1,0.01,8,nl,128,1.0,main,16,0.5,1e-08,0.1,7.0,13
10000,1000,0.1,0.01,8,nl,128,1.0,main,16,1.0,1e-08,0.1,7.0,13
10000,10000,1.0,1e-05,4,lin,128,0.0,main,1,0.01,,,,0
10000,10000,1.0,1e-05,4,lin,128,0.0,main,1,0.05,3e-05,3e-05,0.0,1
10000,10000,1.0,1e-05,4,lin,128,0.0,main,1,0.1,1e-05,3e-05,0.47712125471966244,2
10000,10000,1.0,1e-05,4,lin,128,0.0,main,1,0.5,1e-05,0.0001,1.0,3
10000,10000,1.0,1e-05,4,lin,128,0.0,main,1,1.0,3e-06,0.003,3.0,7
10000,10000,1.0,1e-05,4,lin,128,0.0,main,2,0.01,3e-05,3e-05,0.0,1
10000,10000,1.0,1e-05,4,lin,128,0.0,main,2,0.05,1e-05,3e-05,0.47712125471966244,2
10000,10000,1.0,1e-05,4,lin,128,0.0,main,2,0.1,1e-05,3e-05,0.47712125471966244,2
10000,10000,1.0,1e-05,4,lin,128,0.0,main,2,0.5,3e-06,0.003,3.0,7
10000,10000,1.0,1e-05,4,lin,128,0.0,main,2,1.0,3e-06,0.1,4.522878745280337,10
10000,10000,1.0,1e-05,4,lin,128,0.0,main,4,0.01,3e-05,3e-05,0.0,1
10000,10000,1.0,1e-05,4,lin,128,0.0,main,4,0.05,1e-05,3e-05,0.47712125471966244,2
10000,10000,1.0,1e-05,4,lin,128,0.0,main,4,0.1,1e-05,0.0001,1.0,3
10000,10000,1.0,1e-05,4,lin,128,0.0,main,4,0.5,3e-06,0.1,4.522878745280337,10
10000,10000,1.0,1e-05,4,lin,128,0.0,main,4,1.0,1e-06,0.1,5.0,11
10000,10000,1.0,1e-05,4,lin,128,0.0,main,8,0.01,1e-05,3e-05,0.47712125471966244,2
10000,10000,1.0,1e-05,4,lin,128,0.0,main,8,0.05,1e-05,0.0001,1.0,3
10000,10000,1.0,1e-05,4,lin,128,0.0,main,8,0.1,3e-06,0.0003,2.0,5
10000,10000,1.0,1e-05,4,lin,128,0.0,main,8,0.5,1e-06,0.1,5.0,11
10000,10000,1.0,1e-05,4,lin,128,0.0,main,8,1.0,1e-06,0.1,5.0,11
10000,10000,1.0,1e-05,4,lin,128,0.0,main,16,0.01,1e-05,3e-05,0.47712125471966244,2
10000,10000,1.0,1e-05,4,lin,128,0.0,main,16,0.05,3e-06,0.0003,2.0,5
10000,10000,1.0,1e-05,4,lin,128,0.0,main,16,0.1,3e-06,0.1,4.522878745280337,10
10000,10000,1.0,1e-05,4,lin,128,0.0,main,16,0.5,1e-06,0.1,5.0,11
10000,10000,1.0,1e-05,4,lin,128,0.0,main,16,1.0,3e-07,0.1,5.522878745280337,12
10000,10000,1.0,1e-05,4,lin,128,1.0,main,1,0.01,,,,0
10000,10000,1.0,1e-05,4,lin,128,1.0,main,1,0.05,,,,0
10000,10000,1.0,1e-05,4,lin,128,1.0,main,1,0.1,,,,0
10000,10000,1.0,1e-05,4,lin,128,1.0,main,1,0.5,1e-05,0.0001,1.0,3
10000,10000,1.0,1e-05,4,lin,128,1.0,main,1,1.0,3e-06,0.03,4.0,8
10000,10000,1.0,1e-05,4,lin,128,1.0,main,2,0.01,,,,0
10000,10000,1.0,1e-05,4,lin,128,1.0,main,2,0.05,,,,0
10000,10000,1.0,1e-05,4,lin,128,1.0,main,2,0.1,1e-05,3e-05,0.47712125471966244,2
10000,10000,1.0,1e-05,4,lin,128,1.0,main,2,0.5,3e-06,0.03,4.0,8
10000,10000,1.0,1e-05,4,lin,128,1.0,main,2,1.0,3e-06,0.1,4.522878745280337,10
10000,10000,1.0,1e-05,4,lin,128,1.0,main,4,0.01,,,,0
10000,10000,1.0,1e-05,4,lin,128,1.0,main,4,0.05,1e-05,3e-05,0.47712125471966244,2
10000,10000,1.0,1e-05,4,lin,128,1.0,main,4,0.1,1e-05,0.0001,1.0,3
10000,10000,1.0,1e-05,4,lin,128,1.0,main,4,0.5,3e-06,0.1,4.522878745280337,10
10000,10000,1.0,1e-05,4,lin,128,1.0,main,4,1.0,3e-06,0.1,4.522878745280337,10
10000,10000,1.0,1e-05,4,lin,128,1.0,main,8,0.01,,,,0
10000,10000,1.0,1e-05,4,lin,128,1.0,main,8,0.05,1e-05,0.0001,1.0,3
10000,10000,1.0,1e-05,4,lin,128,1.0,main,8,0.1,1e-05,0.03,3.477121254719662,7
10000,10000,1.0,1e-05,4,lin,128,1.0,main,8,0.5,3e-06,0.1,4.522878745280337,10
10000,10000,1.0,1e-05,4,lin,128,1.0,main,8,1.0,3e-06,0.1,4.522878745280337,10
10000,10000,1.0,1e-05,4,lin,128,1.0,main,16,0.01,1e-05,3e-05,0.47712125471966244,2
10000,10000,1.0,1e-05,4,lin,128,1.0,main,16,0.05,1e-05,0.03,3.477121254719662,7
10000,10000,1.0,1e-05,4,lin,128,1.0,main,16,0.1,3e-06,0.1,4.522878745280337,10
10000,10000,1.0,1e-05,4,lin,128,1.0,main,16,0.5,3e-06,0.1,4.522878745280337,10
10000,10000,1.0,1e-05,4,lin,128,1.0,main,16,1.0,1e-06,0.1,5.0,11
10000,10000,1.0,1e-05,4,nl,128,0.0,main,1,0.01,,,,0
10000,10000,1.0,1e-05,4,nl,128,0.0,main,1,0.05,,,,0
10000,10000,1.0,1e-05,4,nl,128,0.0,main,1,0.1,,,,0
10000,10000,1.0,1e-05,4,nl,128,0.0,main,1,0.5,,,,0
10000,10000,1.0,1e-05,4,nl,128,0.0,main,1,1.0,1e-08,0.1,7.0,8
10000,10000,1.0,1e-05,4,nl,128,0.0,main,2,0.01,,,,0
10000,10000,1.0,1e-05,4,nl,128,0.0,main,2,0.05,,,,0
10000,10000,1.0,1e-05,4,nl,128,0.0,main,2,0.1,,,,0
10000,10000,1.0,1e-05,4,nl,128,0.0,main,2,0.5,1e-08,0.1,7.0,8
10000,10000,1.0,1e-05,4,nl,128,0.0,main,2,1.0,1e-08,0.1,7.0,15
10000,10000,1.0,1e-05,4,nl,128,0.0,main,4,0.01,,,,0
10000,10000,1.0,1e-05,4,nl,128,0.0,main,4,0.05,,,,0
10000,10000,1.0,1e-05,4,nl,128,0.0,main,4,0.1,,,,0
10000,10000,1.0,1e-05,4,nl,128,0.0,main,4,0.5,1e-08,0.1,7.0,15
10000,10000,1.0,1e-05,4,nl,128,0.0,main,4,1.0,1e-08,0.1,7.0,15
10000,10000,1.0,1e-05,4,nl,128,0.0,main,8,0.01,,,,0
10000,10000,1.0,1e-05,4,nl,128,0.0,main,8,0.05,,,,0
10000,10000,1.0,1e-05,4,nl,128,0.0,main,8,0.1,1e-08,0.003,5.477121254719663,3
10000,10000,1.0,1e-05,4,nl,128,0.0,main,8,0.5,1e-08,0.1,7.0,15
10000,10000,1.0,1e-05,4,nl,128,0.0,main,8,1.0,1e-08,0.1,7.0,15
10000,10000,1.0,1e-05,4,nl,128,0.0,main,16,0.01,,,,0
10000,10000,1.0,1e-05,4,nl,128,0.0,main,16,0.05,1e-08,0.003,5.477121254719663,3
10000,10000,1.0,1e-05,4,nl,128,0.0,main,16,0.1,1e-08,0.1,7.0,15
10000,10000,1.0,1e-05,4,nl,128,0.0,main,16,0.5,1e-08,0.1,7.0,15
10000,10000,1.0,1e-05,4,nl,128,0.0,main,16,1.0,1e-08,0.1,7.0,15
10000,10000,1.0,1e-05,4,nl,128,1.0,main,1,0.01,,,,0
10000,10000,1.0,1e-05,4,nl,128,1.0,main,1,0.05,,,,0
10000,10000,1.0,1e-05,4,nl,128,1.0,main,1,0.1,,,,0
10000,10000,1.0,1e-05,4,nl,128,1.0,main,1,0.5,,,,0
10000,10000,1.0,1e-05,4,nl,128,1.0,main,1,1.0,3e-05,0.01,2.5228787452803374,6
10000,10000,1.0,1e-05,4,nl,128,1.0,main,2,0.01,,,,0
10000,10000,1.0,1e-05,4,nl,128,1.0,main,2,0.05,,,,0
10000,10000,1.0,1e-05,4,nl,128,1.0,main,2,0.1,,,,0
10000,10000,1.0,1e-05,4,nl,128,1.0,main,2,0.5,3e-05,0.01,2.5228787452803374,6
10000,10000,1.0,1e-05,4,nl,128,1.0,main,2,1.0,1e-08,0.1,7.0,12
10000,10000,1.0,1e-05,4,nl,128,1.0,main,4,0.01,,,,0
10000,10000,1.0,1e-05,4,nl,128,1.0,main,4,0.05,,,,0
10000,10000,1.0,1e-05,4,nl,128,1.0,main,4,0.1,,,,0
10000,10000,1.0,1e-05,4,nl,128,1.0,main,4,0.5,1e-08,0.1,7.0,12
10000,10000,1.0,1e-05,4,nl,128,1.0,main,4,1.0,1e-08,0.1,7.0,12
10000,10000,1.0,1e-05,4,nl,128,1.0,main,8,0.01,,,,0
10000,10000,1.0,1e-05,4,nl,128,1.0,main,8,0.05,,,,0
10000,10000,1.0,1e-05,4,nl,128,1.0,main,8,0.1,3e-05,0.01,2.5228787452803374,4
10000,10000,1.0,1e-05,4,nl,128,1.0,main,8,0.5,1e-08,0.1,7.0,12
10000,10000,1.0,1e-05,4,nl,128,1.0,main,8,1.0,1e-08,0.1,7.0,12
10000,10000,1.0,1e-05,4,nl,128,1.0,main,16,0.01,,,,0
10000,10000,1.0,1e-05,4,nl,128,1.0,main,16,0.05,3e-05,0.01,2.5228787452803374,4
10000,10000,1.0,1e-05,4,nl,128,1.0,main,16,0.1,1e-08,0.1,7.0,11
10000,10000,1.0,1e-05,4,nl,128,1.0,main,16,0.5,1e-08,0.1,7.0,12
10000,10000,1.0,1e-05,4,nl,128,1.0,main,16,1.0,1e-08,0.1,7.0,13
10000,10000,1.0,1e-05,8,lin,128,0.0,main,1,0.01,3e-05,0.0003,0.9999999999999999,3
10000,10000,1.0,1e-05,8,lin,128,0.0,main,1,0.05,3e-05,0.0003,0.9999999999999999,3
10000,10000,1.0,1e-05,8,lin,128,0.0,main,1,0.1,1e-05,0.001,2.0,5
10000,10000,1.0,1e-05,8,lin,128,0.0,main,1,0.5,1e-05,0.003,2.4771212547196626,6
10000,10000,1.0,1e-05,8,lin,128,0.0,main,1,1.0,3e-06,0.03,4.0,9
10000,10000,1.0,1e-05,8,lin,128,0.0,main,2,0.01,3e-05,0.0003,0.9999999999999999,3
10000,10000,1.0,1e-05,8,lin,128,0.0,main,2,0.05,1e-05,0.001,2.0,5
10000,10000,1.0,1e-05,8,lin,128,0.0,main,2,0.1,1e-05,0.001,2.0,5
10000,10000,1.0,1e-05,8,lin,128,0.0,main,2,0.5,3e-06,0.03,4.0,9
10000,10000,1.0,1e-05,8,lin,128,0.0,main,2,1.0,3e-06,0.1,4.522878745280337,10
10000,10000,1.0,1e-05,8,lin,128,0.0,main,4,0.01,3e-05,0.0003,0.9999999999999999,3
10000,10000,1.0,1e-05,8,lin,128,0.0,main,4,0.05,1e-05,0.001,2.0,5
10000,10000,1.0,1e-05,8,lin,128,0.0,main,4,0.1,1e-05,0.001,2.0,5
10000,10000,1.0,1e-05,8,lin,128,0.0,main,4,0.5,3e-06,0.1,4.522878745280337,10
10000,10000,1.0,1e-05,8,lin,128,0.0,main,4,1.0,1e-06,0.1,5.0,11
10000,10000,1.0,1e-05,8,lin,128,0.0,main,8,0.01,1e-05,0.0003,1.4771212547196624,4
10000,10000,1.0,1e-05,8,lin,128,0.0,main,8,0.05,1e-05,0.001,2.0,5
10000,10000,1.0,1e-05,8,lin,128,0.0,main,8,0.1,3e-06,0.003,3.0,7
10000,10000,1.0,1e-05,8,lin,128,0.0,main,8,0.5,1e-06,0.1,5.0,11
10000,10000,1.0,1e-05,8,lin,128,0.0,main,8,1.0,1e-06,0.1,5.0,11
10000,10000,1.0,1e-05,8,lin,128,0.0,main,16,0.01,1e-05,0.001,2.0,5
10000,10000,1.0,1e-05,8,lin,128,0.0,main,16,0.05,3e-06,0.003,3.0,7
10000,10000,1.0,1e-05,8,lin,128,0.0,main,16,0.1,3e-06,0.1,4.522878745280337,10
10000,10000,1.0,1e-05,8,lin,128,0.0,main,16,0.5,1e-06,0.1,5.0,11
10000,10000,1.0,1e-05,8,lin,128,0.0,main,16,1.0,3e-07,0.1,5.522878745280337,12
10000,10000,1.0,1e-05,8,lin,128,1.0,main,1,0.01,0.0001,0.0001,0.0,1
10000,10000,1.0,1e-05,8,lin,128,1.0,main,1,0.05,3e-05,0.0003,0.9999999999999999,3
10000,10000,1.0,1e-05,8,lin,128,1.0,main,1,0.1,3e-05,0.0003,0.9999999999999999,3
10000,10000,1.0,1e-05,8,lin,128,1.0,main,1,0.5,1e-05,0.003,2.4771212547196626,6
10000,10000,1.0,1e-05,8,lin,128,1.0,main,1,1.0,1e-05,0.03,3.477121254719662,8
10000,10000,1.0,1e-05,8,lin,128,1.0,main,2,0.01,0.0001,0.0001,0.0,1
10000,10000,1.0,1e-05,8,lin,128,1.0,main,2,0.05,3e-05,0.0003,0.9999999999999999,3
10000,10000,1.0,1e-05,8,lin,128,1.0,main,2,0.1,1e-05,0.001,2.0,5
10000,10000,1.0,1e-05,8,lin,128,1.0,main,2,0.5,1e-05,0.03,3.477121254719662,8
10000,10000,1.0,1e-05,8,lin,128,1.0,main,2,1.0,3e-06,0.1,4.522878745280337,10
10000,10000,1.0,1e-05,8,lin,128,1.0,main,4,0.01,3e-05,0.0003,0.9999999999999999,3
10000,10000,1.0,1e-05,8,lin,128,1.0,main,4,0.05,1e-05,0.001,2.0,5
10000,10000,1.0,1e-05,8,lin,128,1.0,main,4,0.1,1e-05,0.001,2.0,5
10000,10000,1.0,1e-05,8,lin,128,1.0,main,4,0.5,3e-06,0.1,4.522878745280337,10
10000,10000,1.0,1e-05,8,lin,128,1.0,main,4,1.0,1e-06,0.1,5.0,11
10000,10000,1.0,1e-05,8,lin,128,1.0,main,8,0.01,3e-05,0.0003,0.9999999999999999,3
10000,10000,1.0,1e-05,8,lin,128,1.0,main,8,0.05,1e-05,0.001,2.0,5
10000,10000,1.0,1e-05,8,lin,128,1.0,main,8,0.1,1e-05,0.003,2.4771212547196626,6
10000,10000,1.0,1e-05,8,lin,128,1.0,main,8,0.5,1e-06,0.1,5.0,11
10000,10000,1.0,1e-05,8,lin,128,1.0,main,8,1.0,1e-06,0.1,5.0,11
10000,10000,1.0,1e-05,8,lin,128,1.0,main,16,0.01,1e-05,0.0003,1.4771212547196624,4
10000,10000,1.0,1e-05,8,lin,128,1.0,main,16,0.05,1e-05,0.003,2.4771212547196626,6
10000,10000,1.0,1e-05,8,lin,128,1.0,main,16,0.1,3e-06,0.1,4.522878745280337,10
10000,10000,1.0,1e-05,8,lin,128,1.0,main,16,0.5,1e-06,0.1,5.0,11
10000,10000,1.0,1e-05,8,lin,128,1.0,main,16,1.0,3e-07,0.1,5.522878745280337,12
10000,10000,1.0,1e-05,8,nl,128,0.0,main,1,0.01,,,,0
10000,10000,1.0,1e-05,8,nl,128,0.0,main,1,0.05,,,,0
10000,10000,1.0,1e-05,8,nl,128,0.0,main,1,0.1,,,,0
10000,10000,1.0,1e-05,8,nl,128,0.0,main,1,0.5,0.0001,0.0003,0.4771212547196624,2
10000,10000,1.0,1e-05,8,nl,128,0.0,main,1,1.0,3e-05,0.1,3.5228787452803374,7
10000,10000,1.0,1e-05,8,nl,128,0.0,main,2,0.01,,,,0
10000,10000,1.0,1e-05,8,nl,128,0.0,main,2,0.05,,,,0
10000,10000,1.0,1e-05,8,nl,128,0.0,main,2,0.1,,,,0
10000,10000,1.0,1e-05,8,nl,128,0.0,main,2,0.5,3e-05,0.1,3.5228787452803374,7
10000,10000,1.0,1e-05,8,nl,128,0.0,main,2,1.0,1e-05,0.1,4.0,9
10000,10000,1.0,1e-05,8,nl,128,0.0,main,4,0.01,,,,0
10000,10000,1.0,1e-05,8,nl,128,0.0,main,4,0.05,,,,0
10000,10000,1.0,1e-05,8,nl,128,0.0,main,4,0.1,0.0001,0.0003,0.4771212547196624,2
10000,10000,1.0,1e-05,8,nl,128,0.0,main,4,0.5,1e-05,0.1,4.0,9
10000,10000,1.0,1e-05,8,nl,128,0.0,main,4,1.0,1e-05,0.1,4.0,9
10000,10000,1.0,1e-05,8,nl,128,0.0,main,8,0.01,,,,0
10000,10000,1.0,1e-05,8,nl,128,0.0,main,8,0.05,0.0001,0.0003,0.4771212547196624,2
10000,10000,1.0,1e-05,8,nl,128,0.0,main,8,0.1,3e-05,0.1,3.5228787452803374,5
10000,10000,1.0,1e-05,8,nl,128,0.0,main,8,0.5,1e-05,0.1,4.0,9
10000,10000,1.0,1e-05,8,nl,128,0.0,main,8,1.0,3e-06,0.1,4.522878745280337,10
10000,10000,1.0,1e-05,8,nl,128,0.0,main,16,0.01,,,,0
10000,10000,1.0,1e-05,8,nl,128,0.0,main,16,0.05,3e-05,0.1,3.5228787452803374,5
10000,10000,1.0,1e-05,8,nl,128,0.0,main,16,0.1,3e-05,0.1,3.5228787452803374,8
10000,10000,1.0,1e-05,8,nl,128,0.0,main,16,0.5,3e-06,0.1,4.522878745280337,10
10000,10000,1.0,1e-05,8,nl,128,0.0,main,16,1.0,3e-06,0.1,4.522878745280337,10
10000,10000,1.0,1e-05,8,nl,128,1.0,main,1,0.01,,,,0
10000,10000,1.0,1e-05,8,nl,128,1.0,main,1,0.05,,,,0
10000,10000,1.0,1e-05,8,nl,128,1.0,main,1,0.1,,,,0
10000,10000,1.0,1e-05,8,nl,128,1.0,main,1,0.5,0.0001,0.003,1.4771212547196624,4
10000,10000,1.0,1e-05,8,nl,128,1.0,main,1,1.0,3e-05,0.03,3.0,7
10000,10000,1.0,1e-05,8,nl,128,1.0,main,2,0.01,,,,0
10000,10000,1.0,1e-05,8,nl,128,1.0,main,2,0.05,,,,0
10000,10000,1.0,1e-05,8,nl,128,1.0,main,2,0.1,,,,0
10000,10000,1.0,1e-05,8,nl,128,1.0,main,2,0.5,3e-05,0.03,3.0,7
10000,10000,1.0,1e-05,8,nl,128,1.0,main,2,1.0,1e-05,0.1,4.0,9
10000,10000,1.0,1e-05,8,nl,128,1.0,main,4,0.01,,,,0
10000,10000,1.0,1e-05,8,nl,128,1.0,main,4,0.05,,,,0
10000,10000,1.0,1e-05,8,nl,128,1.0,main,4,0.1,0.0001,0.003,1.4771212547196624,4
10000,10000,1.0,1e-05,8,nl,128,1.0,main,4,0.5,1e-05,0.1,4.0,9
10000,10000,1.0,1e-05,8,nl,128,1.0,main,4,1.0,1e-05,0.1,4.0,9
10000,10000,1.0,1e-05,8,nl,128,1.0,main,8,0.01,,,,0
10000,10000,1.0,1e-05,8,nl,128,1.0,main,8,0.05,0.0001,0.003,1.4771212547196624,4
10000,10000,1.0,1e-05,8,nl,128,1.0,main,8,0.1,3e-05,0.003,2.0,5
10000,10000,1.0,1e-05,8,nl,128,1.0,main,8,0.5,1e-05,0.1,4.0,9
10000,10000,1.0,1e-05,8,nl,128,1.0,main,8,1.0,3e-06,0.1,4.522878745280337,10
10000,10000,1.0,1e-05,8,nl,128,1.0,main,16,0.01,,,,0
10000,10000,1.0,1e-05,8,nl,128,1.0,main,16,0.05,3e-05,0.003,2.0,5
10000,10000,1.0,1e-05,8,nl,128,1.0,main,16,0.1,1e-05,0.1,4.0,9
10000,10000,1.0,1e-05,8,nl,128,1.0,main,16,0.5,3e-06,0.1,4.522878745280337,10
10000,10000,1.0,1e-05,8,nl,128,1.0,main,16,1.0,3e-06,0.1,4.522878745280337,10
10000,10000,1.0,0.0001,4,lin,128,0.0,main,1,0.01,,,,0
10000,10000,1.0,0.0001,4,lin,128,0.0,main,1,0.05,0.0001,0.0003,0.4771212547196624,2
10000,10000,1.0,0.0001,4,lin,128,0.0,main,1,0.1,0.0001,0.0003,0.4771212547196624,2
10000,10000,1.0,0.0001,4,lin,128,0.0,main,1,0.5,0.0001,0.001,1.0,3
10000,10000,1.0,0.0001,4,lin,128,0.0,main,1,1.0,3e-05,0.01,2.5228787452803374,6
10000,10000,1.0,0.0001,4,lin,128,0.0,main,2,0.01,0.0003,0.0003,0.0,1
10000,10000,1.0,0.0001,4,lin,128,0.0,main,2,0.05,0.0001,0.0003,0.4771212547196624,2
10000,10000,1.0,0.0001,4,lin,128,0.0,main,2,0.1,0.0001,0.0003,0.4771212547196624,2
10000,10000,1.0,0.0001,4,lin,128,0.0,main,2,0.5,3e-05,0.01,2.5228787452803374,6
10000,10000,1.0,0.0001,4,lin,128,0.0,main,2,1.0,3e-05,0.1,3.5228787452803374,8
10000,10000,1.0,0.0001,4,lin,128,0.0,main,4,0.01,0.0003,0.0003,0.0,1
10000,10000,1.0,0.0001,4,lin,128,0.0,main,4,0.05,0.0001,0.0003,0.4771212547196624,2
10000,10000,1.0,0.0001,4,lin,128,0.0,main,4,0.1,0.0001,0.001,1.0,3
10000,10000,1.0,0.0001,4,lin,128,0.0,main,4,0.5,3e-05,0.1,3.5228787452803374,8
10000,10000,1.0,0.0001,4,lin,128,0.0,main,4,1.0,1e-05,0.1,4.0,9
10000,10000,1.0,0.0001,4,lin,128,0.0,main,8,0.01,0.0001,0.0003,0.4771212547196624,2
10000,10000,1.0,0.0001,4,lin,128,0.0,main,8,0.05,0.0001,0.001,1.0,3
10000,10000,1.0,0.0001,4,lin,128,0.0,main,8,0.1,3e-05,0.003,2.0,5
10000,10000,1.0,0.0001,4,lin,128,0.0,main,8,0.5,1e-05,0.1,4.0,9
10000,10000,1.0,0.0001,4,lin,128,0.0,main,8,1.0,1e-05,0.1,4.0,9
10000,10000,1.0,0.0001,4,lin,128,0.0,main,16,0.01,0.0001,0.0003,0.4771212547196624,2
10000,10000,1.0,0.0001,4,lin,128,0.0,main,16,0.05,3e-05,0.003,2.0,5
10000,10000,1.0,0.0001,4,lin,128,0.0,main,16,0.1,3e-05,0.1,3.5228787452803374,8
10000,10000,1.0,0.0001,4,lin,128,0.0,main,16,0.5,1e-05,0.1,4.0,9
10000,10000,1.0,0.0001,4,lin,128,0.0,main,16,1.0,1e-05,0.1,4.0,9
10000,10000,1.0,0.0001,4,lin,128,1.0,main,1,0.01,,,,0
10000,10000,1.0,0.0001,4,lin,128,1.0,main,1,0.05,,,,0
10000,10000,1.0,0.0001,4,lin,128,1.0,main,1,0.1,,,,0
10000,10000,1.0,0.0001,4,lin,128,1.0,main,1,0.5,0.0001,0.003,1.4771212547196624,4
10000,10000,1.0,0.0001,4,lin,128,1.0,main,1,1.0,0.0001,0.1,3.0,7
10000,10000,1.0,0.0001,4,lin,128,1.0,main,2,0.01,,,,0
10000,10000,1.0,0.0001,4,lin,128,1.0,main,2,0.05,,,,0
10000,10000,1.0,0.0001,4,lin,128,1.0,main,2,0.1,0.0003,0.0003,0.0,1
10000,10000,1.0,0.0001,4,lin,128,1.0,main,2,0.5,0.0001,0.1,3.0,7
10000,10000,1.0,0.0001,4,lin,128,1.0,main,2,1.0,0.0001,0.1,3.0,7
10000,10000,1.0,0.0001,4,lin,128,1.0,main,4,0.01,,,,0
10000,10000,1.0,0.0001,4,lin,128,1.0,main,4,0.05,0.0003,0.0003,0.0,1
10000,10000,1.0,0.0001,4,lin,128,1.0,main,4,0.1,0.0001,0.001,1.0,3
10000,10000,1.0,0.0001,4,lin,128,1.0,main,4,0.5,0.0001,0.1,3.0,7
10000,10000,1.0,0.0001,4,lin,128,1.0,main,4,1.0,3e-05,0.1,3.5228787452803374,8
10000,10000,1.0,0.0001,4,lin,128,1.0,main,8,0.01,,,,0
10000,10000,1.0,0.0001,4,lin,128,1.0,main,8,0.05,0.0001,0.001,1.0,3
10000,10000,1.0,0.0001,4,lin,128,1.0,main,8,0.1,0.0001,0.01,2.0,5
10000,10000,1.0,0.0001,4,lin,128,1.0,main,8,0.5,3e-05,0.1,3.5228787452803374,8
10000,10000,1.0,0.0001,4,lin,128,1.0,main,8,1.0,1e-05,0.1,4.0,9
10000,10000,1.0,0.0001,4,lin,128,1.0,main,16,0.01,0.0003,0.0003,0.0,1
10000,10000,1.0,0.0001,4,lin,128,1.0,main,16,0.05,0.0001,0.01,2.0,5
10000,10000,1.0,0.0001,4,lin,128,1.0,main,16,0.1,0.0001,0.1,3.0,7
10000,10000,1.0,0.0001,4,lin,128,1.0,main,16,0.5,1e-05,0.1,4.0,9
10000,10000,1.0,0.0001,4,lin,128,1.0,main,16,1.0,1e-05,0.1,4.0,9
10000,10000,1.0,0.0001,4,nl,128,0.0,main,1,0.01,,,,0
10000,10000,1.0,0.0001,4,nl,128,0.0,main,1,0.05,,,,0
10000,10000,1.0,0.0001,4,nl,128,0.0,main,1,0.1,,,,0
10000,10000,1.0,0.0001,4,nl,128,0.0,main,1,0.5,0.0001,0.0003,0.4771212547196624,2
10000,10000,1.0,0.0001,4,nl,128,0.0,main,1,1.0,3e-05,0.1,3.5228787452803374,6
10000,10000,1.0,0.0001,4,nl,128,0.0,main,2,0.01,,,,0
10000,10000,1.0,0.0001,4,nl,128,0.0,main,2,0.05,,,,0
10000,10000,1.0,0.0001,4,nl,128,0.0,main,2,0.1,,,,0
10000,10000,1.0,0.0001,4,nl,128,0.0,main,2,0.5,3e-05,0.1,3.5228787452803374,6
10000,10000,1.0,0.0001,4,nl,128,0.0,main,2,1.0,3e-05,0.1,3.5228787452803374,8
10000,10000,1.0,0.0001,4,nl,128,0.0,main,4,0.01,,,,0
10000,10000,1.0,0.0001,4,nl,128,0.0,main,4,0.05,,,,0
10000,10000,1.0,0.0001,4,nl,128,0.0,main,4,0.1,0.0001,0.0003,0.4771212547196624,2
10000,10000,1.0,0.0001,4,nl,128,0.0,main,4,0.5,3e-05,0.1,3.5228787452803374,8
10000,10000,1.0,0.0001,4,nl,128,0.0,main,4,1.0,1e-05,0.1,4.0,9
10000,10000,1.0,0.0001,4,nl,128,0.0,main,8,0.01,,,,0
10000,10000,1.0,0.0001,4,nl,128,0.0,main,8,0.05,0.0001,0.0003,0.4771212547196624,2
10000,10000,1.0,0.0001,4,nl,128,0.0,main,8,0.1,3e-05,0.0003,0.9999999999999999,3
10000,10000,1.0,0.0001,4,nl,128,0.0,main,8,0.5,1e-05,0.1,4.0,9
10000,10000,1.0,0.0001,4,nl,128,0.0,main,8,1.0,1e-05,0.1,4.0,9
10000,10000,1.0,0.0001,4,nl,128,0.0,main,16,0.01,,,,0
10000,10000,1.0,0.0001,4,nl,128,0.0,main,16,0.05,3e-05,0.0003,0.9999999999999999,3
10000,10000,1.0,0.0001,4,nl,128,0.0,main,16,0.1,3e-05,0.1,3.5228787452803374,8
10000,10000,1.0,0.0001,4,nl,128,0.0,main,16,0.5,1e-05,0.1,4.0,9
10000,10000,1.0,0.0001,4,nl,128,0.0,main,16,1.0,3e-06,0.1,4.522878745280337,10
10000,10000,1.0,0.0001,4,nl,128,1.0,main,1,0.01,,,,0
10000,10000,1.0,0.0001,4,nl,128,1.0,main,1,0.05,,,,0
10000,10000,1.0,0.0001,4,nl,128,1.0,main,1,0.1,,,,0
10000,10000,1.0,0.0001,4,nl,128,1.0,main,1,0.5,0.001,0.01,1.0,3
10000,10000,1.0,0.0001,4,nl,128,1.0,main,1,1.0,0.001,0.01,1.0,3
10000,10000,1.0,0.0001,4,nl,128,1.0,main,2,0.01,,,,0
10000,10000,1.0,0.0001,4,nl,128,1.0,main,2,0.05,,,,0
10000,10000,1.0,0.0001,4,nl,128,1.0,main,2,0.1,,,,0
10000,10000,1.0,0.0001,4,nl,128,1.0,main,2,0.5,0.001,0.01,1.0,3
10000,10000,1.0,0.0001,4,nl,128,1.0,main,2,1.0,0.0003,0.1,2.5228787452803374,6
10000,10000,1.0,0.0001,4,nl,128,1.0,main,4,0.01,,,,0
10000,10000,1.0,0.0001,4,nl,128,1.0,main,4,0.05,,,,0
10000,10000,1.0,0.0001,4,nl,128,1.0,main,4,0.1,0.003,0.01,0.5228787452803376,2
10000,10000,1.0,0.0001,4,nl,128,1.0,main,4,0.5,0.0003,0.1,2.5228787452803374,6
10000,10000,1.0,0.0001,4,nl,128,1.0,main,4,1.0,1e-05,0.1,4.0,7
10000,10000,1.0,0.0001,4,nl,128,1.0,main,8,0.01,,,,0
10000,10000,1.0,0.0001,4,nl,128,1.0,main,8,0.05,0.003,0.01,0.5228787452803376,2
10000,10000,1.0,0.0001,4,nl,128,1.0,main,8,0.1,0.001,0.01,1.0,3
10000,10000,1.0,0.0001,4,nl,128,1.0,main,8,0.5,1e-05,0.1,4.0,7
10000,10000,1.0,0.0001,4,nl,128,1.0,main,8,1.0,1e-05,0.1,4.0,9
10000,10000,1.0,0.0001,4,nl,128,1.0,main,16,0.01,,,,0
10000,10000,1.0,0.0001,4,nl,128,1.0,main,16,0.05,0.001,0.01,1.0,3
10000,10000,1.0,0.0001,4,nl,128,1.0,main,16,0.1,0.0003,0.1,2.5228787452803374,6
10000,10000,1.0,0.0001,4,nl,128,1.0,main,16,0.5,1e-05,0.1,4.0,9
10000,10000,1.0,0.0001,4,nl,128,1.0,main,16,1.0,3e-06,0.1,4.522878745280337,10
10000,10000,1.0,0.0001,8,lin,128,0.0,main,1,0.01,0.0003,0.003,1.0,3
10000,10000,1.0,0.0001,8,lin,128,0.0,main,1,0.05,0.0001,0.003,1.4771212547196624,4
10000,10000,1.0,0.0001,8,lin,128,0.0,main,1,0.1,0.0001,0.01,2.0,5
10000,10000,1.0,0.0001,8,lin,128,0.0,main,1,0.5,0.0001,0.03,2.4771212547196626,6
10000,10000,1.0,0.0001,8,lin,128,0.0,main,1,1.0,3e-05,0.1,3.5228787452803374,8
10000,10000,1.0,0.0001,8,lin,128,0.0,main,2,0.01,0.0003,0.003,1.0,3
10000,10000,1.0,0.0001,8,lin,128,0.0,main,2,0.05,0.0001,0.01,2.0,5
10000,10000,1.0,0.0001,8,lin,128,0.0,main,2,0.1,0.0001,0.01,2.0,5
10000,10000,1.0,0.0001,8,lin,128,0.0,main,2,0.5,3e-05,0.1,3.5228787452803374,8
10000,10000,1.0,0.0001,8,lin,128,0.0,main,2,1.0,3e-05,0.1,3.5228787452803374,8
10000,10000,1.0,0.0001,8,lin,128,0.0,main,4,0.01,0.0001,0.003,1.4771212547196624,4
10000,10000,1.0,0.0001,8,lin,128,0.0,main,4,0.05,0.0001,0.01,2.0,5
10000,10000,1.0,0.0001,8,lin,128,0.0,main,4,0.1,0.0001,0.01,2.0,5
10000,10000,1.0,0.0001,8,lin,128,0.0,main,4,0.5,3e-05,0.1,3.5228787452803374,8
10000,10000,1.0,0.0001,8,lin,128,0.0,main,4,1.0,1e-05,0.1,4.0,9
10000,10000,1.0,0.0001,8,lin,128,0.0,main,8,0.01,0.0001,0.003,1.4771212547196624,4
10000,10000,1.0,0.0001,8,lin,128,0.0,main,8,0.05,0.0001,0.01,2.0,5
10000,10000,1.0,0.0001,8,lin,128,0.0,main,8,0.1,3e-05,0.1,3.5228787452803374,8
10000,10000,1.0,0.0001,8,lin,128,0.0,main,8,0.5,1e-05,0.1,4.0,9
10000,10000,1.0,0.0001,8,lin,128,0.0,main,8,1.0,1e-05,0.1,4.0,9
10000,10000,1.0,0.0001,8,lin,128,0.0,main,16,0.01,0.0001,0.01,2.0,5
10000,10000,1.0,0.0001,8,lin,128,0.0,main,16,0.05,3e-05,0.1,3.5228787452803374,8
10000,10000,1.0,0.0001,8,lin,128,0.0,main,16,0.1,3e-05,0.1,3.5228787452803374,8
10000,10000,1.0,0.0001,8,lin,128,0.0,main,16,0.5,1e-05,0.1,4.0,9
10000,10000,1.0,0.0001,8,lin,128,0.0,main,16,1.0,3e-06,0.1,4.522878745280337,10
10000,10000,1.0,0.0001,8,lin,128,1.0,main,1,0.01,0.001,0.001,0.0,1
10000,10000,1.0,0.0001,8,lin,128,1.0,main,1,0.05,0.0003,0.003,1.0,3
10000,10000,1.0,0.0001,8,lin,128,1.0,main,1,0.1,0.0003,0.003,1.0,3
10000,10000,1.0,0.0001,8,lin,128,1.0,main,1,0.5,0.0001,0.03,2.4771212547196626,6
10000,10000,1.0,0.0001,8,lin,128,1.0,main,1,1.0,0.0001,0.1,3.0,7
10000,10000,1.0,0.0001,8,lin,128,1.0,main,2,0.01,0.001,0.001,0.0,1
10000,10000,1.0,0.0001,8,lin,128,1.0,main,2,0.05,0.0003,0.003,1.0,3
10000,10000,1.0,0.0001,8,lin,128,1.0,main,2,0.1,0.0001,0.01,2.0,5
10000,10000,1.0,0.0001,8,lin,128,1.0,main,2,0.5,0.0001,0.1,3.0,7
10000,10000,1.0,0.0001,8,lin,128,1.0,main,2,1.0,3e-05,0.1,3.5228787452803374,8
10000,10000,1.0,0.0001,8,lin,128,1.0,main,4,0.01,0.0003,0.003,1.0,3
10000,10000,1.0,0.0001,8,lin,128,1.0,main,4,0.05,0.0001,0.01,2.0,5
10000,10000,1.0,0.0001,8,lin,128,1.0,main,4,0.1,0.0001,0.03,2.4771212547196626,6
10000,10000,1.0,0.0001,8,lin,128,1.0,main,4,0.5,3e-05,0.1,3.5228787452803374,8
10000,10000,1.0,0.0001,8,lin,128,1.0,main,4,1.0,3e-05,0.1,3.5228787452803374,8
10000,10000,1.0,0.0001,8,lin,128,1.0,main,8,0.01,0.0003,0.003,1.0,3
10000,10000,1.0,0.0001,8,lin,128,1.0,main,8,0.05,0.0001,0.03,2.4771212547196626,6
10000,10000,1.0,0.0001,8,lin,128,1.0,main,8,0.1,0.0001,0.1,3.0,7
10000,10000,1.0,0.0001,8,lin,128,1.0,main,8,0.5,3e-05,0.1,3.5228787452803374,8
10000,10000,1.0,0.0001,8,lin,128,1.0,main,8,1.0,1e-05,0.1,4.0,9
10000,10000,1.0,0.0001,8,lin,128,1.0,main,16,0.01,0.0003,0.01,1.5228787452803376,4
10000,10000,1.0,0.0001,8,lin,128,1.0,main,16,0.05,0.0001,0.1,3.0,7
10000,10000,1.0,0.0001,8,lin,128,1.0,main,16,0.1,3e-05,0.1,3.5228787452803374,8
10000,10000,1.0,0.0001,8,lin,128,1.0,main,16,0.5,1e-05,0.1,4.0,9
10000,10000,1.0,0.0001,8,lin,128,1.0,main,16,1.0,1e-05,0.1,4.0,9
10000,10000,1.0,0.0001,8,nl,128,0.0,main,1,0.01,,,,0
10000,10000,1.0,0.0001,8,nl,128,0.0,main,1,0.05,,,,0
10000,10000,1.0,0.0001,8,nl,128,0.0,main,1,0.1,,,,0
10000,10000,1.0,0.0001,8,nl,128,0.0,main,1,0.5,3e-05,0.003,2.0,5
10000,10000,1.0,0.0001,8,nl,128,0.0,main,1,1.0,3e-05,0.03,3.0,7
10000,10000,1.0,0.0001,8,nl,128,0.0,main,2,0.01,,,,0
10000,10000,1.0,0.0001,8,nl,128,0.0,main,2,0.05,,,,0
10000,10000,1.0,0.0001,8,nl,128,0.0,main,2,0.1,,,,0
10000,10000,1.0,0.0001,8,nl,128,0.0,main,2,0.5,3e-05,0.03,3.0,7
10000,10000,1.0,0.0001,8,nl,128,0.0,main,2,1.0,1e-05,0.1,4.0,9
10000,10000,1.0,0.0001,8,nl,128,0.0,main,4,0.01,,,,0
10000,10000,1.0,0.0001,8,nl,128,0.0,main,4,0.05,,,,0
10000,10000,1.0,0.0001,8,nl,128,0.0,main,4,0.1,0.0001,0.003,1.4771212547196624,4
10000,10000,1.0,0.0001,8,nl,128,0.0,main,4,0.5,1e-05,0.1,4.0,9
10000,10000,1.0,0.0001,8,nl,128,0.0,main,4,1.0,1e-05,0.1,4.0,9
10000,10000,1.0,0.0001,8,nl,128,0.0,main,8,0.01,,,,0
10000,10000,1.0,0.0001,8,nl,128,0.0,main,8,0.05,0.0001,0.003,1.4771212547196624,4
10000,10000,1.0,0.0001,8,nl,128,0.0,main,8,0.1,3e-05,0.01,2.5228787452803374,6
10000,10000,1.0,0.0001,8,nl,128,0.0,main,8,0.5,1e-05,0.1,4.0,9
10000,10000,1.0,0.0001,8,nl,128,0.0,main,8,1.0,3e-06,0.1,4.522878745280337,10
10000,10000,1.0,0.0001,8,nl,128,0.0,main,16,0.01,,,,0
10000,10000,1.0,0.0001,8,nl,128,0.0,main,16,0.05,3e-05,0.01,2.5228787452803374,6
10000,10000,1.0,0.0001,8,nl,128,0.0,main,16,0.1,1e-05,0.1,4.0,9
10000,10000,1.0,0.0001,8,nl,128,0.0,main,16,0.5,3e-06,0.1,4.522878745280337,10
10000,10000,1.0,0.0001,8,nl,128,0.0,main,16,1.0,1e-06,0.1,5.0,11
10000,10000,1.0,0.0001,8,nl,128,1.0,main,1,0.01,,,,0
10000,10000,1.0,0.0001,8,nl,128,1.0,main,1,0.05,,,,0
10000,10000,1.0,0.0001,8,nl,128,1.0,main,1,0.1,,,,0
10000,10000,1.0,0.0001,8,nl,128,1.0,main,1,0.5,0.0003,0.03,2.0,5
10000,10000,1.0,0.0001,8,nl,128,1.0,main,1,1.0,0.0001,0.1,3.0,7
10000,10000,1.0,0.0001,8,nl,128,1.0,main,2,0.01,,,,0
10000,10000,1.0,0.0001,8,nl,128,1.0,main,2,0.05,,,,0
10000,10000,1.0,0.0001,8,nl,128,1.0,main,2,0.1,,,,0
10000,10000,1.0,0.0001,8,nl,128,1.0,main,2,0.5,0.0001,0.1,3.0,7
10000,10000,1.0,0.0001,8,nl,128,1.0,main,2,1.0,0.0001,0.1,3.0,7
10000,10000,1.0,0.0001,8,nl,128,1.0,main,4,0.01,,,,0
10000,10000,1.0,0.0001,8,nl,128,1.0,main,4,0.05,,,,0
10000,10000,1.0,0.0001,8,nl,128,1.0,main,4,0.1,0.0003,0.01,1.5228787452803376,4
10000,10000,1.0,0.0001,8,nl,128,1.0,main,4,0.5,0.0001,0.1,3.0,7
10000,10000,1.0,0.0001,8,nl,128,1.0,main,4,1.0,3e-05,0.1,3.5228787452803374,8
10000,10000,1.0,0.0001,8,nl,128,1.0,main,8,0.01,,,,0
10000,10000,1.0,0.0001,8,nl,128,1.0,main,8,0.05,0.0003,0.01,1.5228787452803376,4
10000,10000,1.0,0.0001,8,nl,128,1.0,main,8,0.1,0.0003,0.03,2.0,5
10000,10000,1.0,0.0001,8,nl,128,1.0,main,8,0.5,3e-05,0.1,3.5228787452803374,8
10000,10000,1.0,0.0001,8,nl,128,1.0,main,8,1.0,1e-05,0.1,4.0,9
10000,10000,1.0,0.0001,8,nl,128,1.0,main,16,0.01,,,,0
10000,10000,1.0,0.0001,8,nl,128,1.0,main,16,0.05,0.0003,0.03,2.0,5
10000,10000,1.0,0.0001,8,nl,128,1.0,main,16,0.1,0.0001,0.1,3.0,7
10000,10000,1.0,0.0001,8,nl,128,1.0,main,16,0.5,1e-05,0.1,4.0,9
10000,10000,1.0,0.0001,8,nl,128,1.0,main,16,1.0,3e-06,0.1,4.522878745280337,10
10000,10000,1.0,0.001,4,lin,128,0.0,main,1,0.01,0.003,0.003,0.0,1
10000,10000,1.0,0.001,4,lin,128,0.0,main,1,0.05,0.001,0.003,0.47712125471966244,2
10000,10000,1.0,0.001,4,lin,128,0.0,main,1,0.1,0.001,0.003,0.47712125471966244,2
10000,10000,1.0,0.001,4,lin,128,0.0,main,1,0.5,0.0003,0.01,1.5228787452803376,4
10000,10000,1.0,0.001,4,lin,128,0.0,main,1,1.0,0.0003,0.03,2.0,5
10000,10000,1.0,0.001,4,lin,128,0.0,main,2,0.01,0.003,0.003,0.0,1
10000,10000,1.0,0.001,4,lin,128,0.0,main,2,0.05,0.001,0.003,0.47712125471966244,2
10000,10000,1.0,0.001,4,lin,128,0.0,main,2,0.1,0.001,0.003,0.47712125471966244,2
10000,10000,1.0,0.001,4,lin,128,0.0,main,2,0.5,0.0003,0.03,2.0,5
10000,10000,1.0,0.001,4,lin,128,0.0,main,2,1.0,1e-08,0.1,7.0,8
10000,10000,1.0,0.001,4,lin,128,0.0,main,4,0.01,0.003,0.003,0.0,1
10000,10000,1.0,0.001,4,lin,128,0.0,main,4,0.05,0.001,0.003,0.47712125471966244,2
10000,10000,1.0,0.001,4,lin,128,0.0,main,4,0.1,0.001,0.01,1.0,3
10000,10000,1.0,0.001,4,lin,128,0.0,main,4,0.5,1e-08,0.1,7.0,8
10000,10000,1.0,0.001,4,lin,128,0.0,main,4,1.0,1e-08,0.1,7.0,9
10000,10000,1.0,0.001,4,lin,128,0.0,main,8,0.01,0.001,0.003,0.47712125471966244,2
10000,10000,1.0,0.001,4,lin,128,0.0,main,8,0.05,0.001,0.01,1.0,3
10000,10000,1.0,0.001,4,lin,128,0.0,main,8,0.1,0.0003,0.03,2.0,5
10000,10000,1.0,0.001,4,lin,128,0.0,main,8,0.5,1e-08,0.1,7.0,9
10000,10000,1.0,0.001,4,lin,128,0.0,main,8,1.0,1e-08,0.1,7.0,9
10000,10000,1.0,0.001,4,lin,128,0.0,main,16,0.01,0.001,0.003,0.47712125471966244,2
10000,10000,1.0,0.001,4,lin,128,0.0,main,16,0.05,0.0003,0.03,2.0,5
10000,10000,1.0,0.001,4,lin,128,0.0,main,16,0.1,1e-08,0.1,7.0,8
10000,10000,1.0,0.001,4,lin,128,0.0,main,16,0.5,1e-08,0.1,7.0,9
10000,10000,1.0,0.001,4,lin,128,0.0,main,16,1.0,1e-08,0.1,7.0,10
10000,10000,1.0,0.001,4,lin,128,1.0,main,1,0.01,,,,0
10000,10000,1.0,0.001,4,lin,128,1.0,main,1,0.05,,,,0
10000,10000,1.0,0.001,4,lin,128,1.0,main,1,0.1,0.003,0.003,0.0,1
10000,10000,1.0,0.001,4,lin,128,1.0,main,1,0.5,0.001,0.03,1.4771212547196624,4
10000,10000,1.0,0.001,4,lin,128,1.0,main,1,1.0,0.001,0.1,2.0,5
10000,10000,1.0,0.001,4,lin,128,1.0,main,2,0.01,,,,0
10000,10000,1.0,0.001,4,lin,128,1.0,main,2,0.05,0.003,0.003,0.0,1
10000,10000,1.0,0.001,4,lin,128,1.0,main,2,0.1,0.003,0.003,0.0,1
10000,10000,1.0,0.001,4,lin,128,1.0,main,2,0.5,0.001,0.1,2.0,5
10000,10000,1.0,0.001,4,lin,128,1.0,main,2,1.0,0.0003,0.1,2.5228787452803374,6
10000,10000,1.0,0.001,4,lin,128,1.0,main,4,0.01,,,,0
10000,10000,1.0,0.001,4,lin,128,1.0,main,4,0.05,0.003,0.003,0.0,1
10000,10000,1.0,0.001,4,lin,128,1.0,main,4,0.1,0.001,0.01,1.0,3
10000,10000,1.0,0.001,4,lin,128,1.0,main,4,0.5,0.0003,0.1,2.5228787452803374,6
10000,10000,1.0,0.001,4,lin,128,1.0,main,4,1.0,0.0003,0.1,2.5228787452803374,6
10000,10000,1.0,0.001,4,lin,128,1.0,main,8,0.01,0.003,0.003,0.0,1
10000,10000,1.0,0.001,4,lin,128,1.0,main,8,0.05,0.001,0.01,1.0,3
10000,10000,1.0,0.001,4,lin,128,1.0,main,8,0.1,0.001,0.1,2.0,5
10000,10000,1.0,0.001,4,lin,128,1.0,main,8,0.5,0.0003,0.1,2.5228787452803374,6
10000,10000,1.0,0.001,4,lin,128,1.0,main,8,1.0,0.0001,0.1,3.0,7
10000,10000,1.0,0.001,4,lin,128,1.0,main,16,0.01,0.003,0.003,0.0,1
10000,10000,1.0,0.001,4,lin,128,1.0,main,16,0.05,0.001,0.1,2.0,5
10000,10000,1.0,0.001,4,lin,128,1.0,main,16,0.1,0.0003,0.1,2.5228787452803374,6
10000,10000,1.0,0.001,4,lin,128,1.0,main,16,0.5,0.0001,0.1,3.0,7
10000,10000,1.0,0.001,4,lin,128,1.0,main,16,1.0,0.0001,0.1,3.0,7
10000,10000,1.0,0.001,4,nl,64,0.5,hwindow_12h_highdim_extra_g64,1,0.01,,,,0
10000,10000,1.0,0.001,4,nl,64,0.5,hwindow_12h_highdim_extra_g64,1,0.05,,,,0
10000,10000,1.0,0.001,4,nl,64,0.5,hwindow_12h_highdim_extra_g64,1,0.1,,,,0
10000,10000,1.0,0.001,4,nl,64,0.5,hwindow_12h_highdim_extra_g64,1,0.5,0.001,0.003,0.47712125471966244,2
10000,10000,1.0,0.001,4,nl,64,0.5,hwindow_12h_highdim_extra_g64,1,1.0,0.0003,0.1,2.5228787452803374,6
10000,10000,1.0,0.001,4,nl,64,0.5,hwindow_12h_highdim_extra_g64,2,0.01,,,,0
10000,10000,1.0,0.001,4,nl,64,0.5,hwindow_12h_highdim_extra_g64,2,0.05,,,,0
10000,10000,1.0,0.001,4,nl,64,0.5,hwindow_12h_highdim_extra_g64,2,0.1,,,,0
10000,10000,1.0,0.001,4,nl,64,0.5,hwindow_12h_highdim_extra_g64,2,0.5,0.0003,0.1,2.5228787452803374,6
10000,10000,1.0,0.001,4,nl,64,0.5,hwindow_12h_highdim_extra_g64,2,1.0,0.0003,0.1,2.5228787452803374,6
10000,10000,1.0,0.001,4,nl,64,0.5,hwindow_12h_highdim_extra_g64,4,0.01,,,,0
10000,10000,1.0,0.001,4,nl,64,0.5,hwindow_12h_highdim_extra_g64,4,0.05,,,,0
10000,10000,1.0,0.001,4,nl,64,0.5,hwindow_12h_highdim_extra_g64,4,0.1,0.001,0.003,0.47712125471966244,2
10000,10000,1.0,0.001,4,nl,64,0.5,hwindow_12h_highdim_extra_g64,4,0.5,0.0003,0.1,2.5228787452803374,6
10000,10000,1.0,0.001,4,nl,64,0.5,hwindow_12h_highdim_extra_g64,4,1.0,0.0001,0.1,3.0,7
10000,10000,1.0,0.001,4,nl,64,0.5,hwindow_12h_highdim_extra_g64,8,0.01,,,,0
10000,10000,1.0,0.001,4,nl,64,0.5,hwindow_12h_highdim_extra_g64,8,0.05,0.001,0.003,0.47712125471966244,2
10000,10000,1.0,0.001,4,nl,64,0.5,hwindow_12h_highdim_extra_g64,8,0.1,0.0003,0.1,2.5228787452803374,4
10000,10000,1.0,0.001,4,nl,64,0.5,hwindow_12h_highdim_extra_g64,8,0.5,0.0001,0.1,3.0,7
10000,10000,1.0,0.001,4,nl,64,0.5,hwindow_12h_highdim_extra_g64,8,1.0,0.0001,0.1,3.0,7
10000,10000,1.0,0.001,4,nl,64,0.5,hwindow_12h_highdim_extra_g64,16,0.01,,,,0
10000,10000,1.0,0.001,4,nl,64,0.5,hwindow_12h_highdim_extra_g64,16,0.05,0.0003,0.1,2.5228787452803374,4
10000,10000,1.0,0.001,4,nl,64,0.5,hwindow_12h_highdim_extra_g64,16,0.1,0.0003,0.1,2.5228787452803374,6
10000,10000,1.0,0.001,4,nl,64,0.5,hwindow_12h_highdim_extra_g64,16,0.5,0.0001,0.1,3.0,7
10000,10000,1.0,0.001,4,nl,64,0.5,hwindow_12h_highdim_extra_g64,16,1.0,3e-05,0.1,3.5228787452803374,8
10000,10000,1.0,0.001,4,nl,128,0.0,main,1,0.01,,,,0
10000,10000,1.0,0.001,4,nl,128,0.0,main,1,0.05,,,,0
10000,10000,1.0,0.001,4,nl,128,0.0,main,1,0.1,,,,0
10000,10000,1.0,0.001,4,nl,128,0.0,main,1,0.5,0.0003,0.003,1.0,3
10000,10000,1.0,0.001,4,nl,128,0.0,main,1,1.0,0.0003,0.01,1.5228787452803376,4
10000,10000,1.0,0.001,4,nl,128,0.0,main,2,0.01,,,,0
10000,10000,1.0,0.001,4,nl,128,0.0,main,2,0.05,,,,0
10000,10000,1.0,0.001,4,nl,128,0.0,main,2,0.1,,,,0
10000,10000,1.0,0.001,4,nl,128,0.0,main,2,0.5,0.0003,0.01,1.5228787452803376,4
10000,10000,1.0,0.001,4,nl,128,0.0,main,2,1.0,0.0001,0.1,3.0,7
10000,10000,1.0,0.001,4,nl,128,0.0,main,4,0.01,,,,0
10000,10000,1.0,0.001,4,nl,128,0.0,main,4,0.05,,,,0
10000,10000,1.0,0.001,4,nl,128,0.0,main,4,0.1,0.0003,0.003,1.0,3
10000,10000,1.0,0.001,4,nl,128,0.0,main,4,0.5,0.0001,0.1,3.0,7
10000,10000,1.0,0.001,4,nl,128,0.0,main,4,1.0,0.0001,0.1,3.0,7
10000,10000,1.0,0.001,4,nl,128,0.0,main,8,0.01,,,,0
10000,10000,1.0,0.001,4,nl,128,0.0,main,8,0.05,0.0003,0.003,1.0,3
10000,10000,1.0,0.001,4,nl,128,0.0,main,8,0.1,0.0003,0.003,1.0,3
10000,10000,1.0,0.001,4,nl,128,0.0,main,8,0.5,0.0001,0.1,3.0,7
10000,10000,1.0,0.001,4,nl,128,0.0,main,8,1.0,3e-05,0.1,3.5228787452803374,8
10000,10000,1.0,0.001,4,nl,128,0.0,main,16,0.01,,,,0
10000,10000,1.0,0.001,4,nl,128,0.0,main,16,0.05,0.0003,0.003,1.0,3
10000,10000,1.0,0.001,4,nl,128,0.0,main,16,0.1,0.0003,0.1,2.5228787452803374,6
10000,10000,1.0,0.001,4,nl,128,0.0,main,16,0.5,3e-05,0.1,3.5228787452803374,8
10000,10000,1.0,0.001,4,nl,128,0.0,main,16,1.0,1e-05,0.1,4.0,9
10000,10000,1.0,0.001,4,nl,128,1.0,main,1,0.01,,,,0
10000,10000,1.0,0.001,4,nl,128,1.0,main,1,0.05,,,,0
10000,10000,1.0,0.001,4,nl,128,1.0,main,1,0.1,,,,0
10000,10000,1.0,0.001,4,nl,128,1.0,main,1,0.5,0.003,0.01,0.5228787452803376,2
10000,10000,1.0,0.001,4,nl,128,1.0,main,1,1.0,1e-08,0.1,7.0,5
10000,10000,1.0,0.001,4,nl,128,1.0,main,2,0.01,,,,0
10000,10000,1.0,0.001,4,nl,128,1.0,main,2,0.05,,,,0
10000,10000,1.0,0.001,4,nl,128,1.0,main,2,0.1,,,,0
10000,10000,1.0,0.001,4,nl,128,1.0,main,2,0.5,1e-08,0.1,7.0,5
10000,10000,1.0,0.001,4,nl,128,1.0,main,2,1.0,1e-08,0.1,7.0,6
10000,10000,1.0,0.001,4,nl,128,1.0,main,4,0.01,,,,0
10000,10000,1.0,0.001,4,nl,128,1.0,main,4,0.05,,,,0
10000,10000,1.0,0.001,4,nl,128,1.0,main,4,0.1,0.003,0.01,0.5228787452803376,2
10000,10000,1.0,0.001,4,nl,128,1.0,main,4,0.5,1e-08,0.1,7.0,6
10000,10000,1.0,0.001,4,nl,128,1.0,main,4,1.0,1e-08,0.1,7.0,7
10000,10000,1.0,0.001,4,nl,128,1.0,main,8,0.01,,,,0
10000,10000,1.0,0.001,4,nl,128,1.0,main,8,0.05,0.003,0.01,0.5228787452803376,2
10000,10000,1.0,0.001,4,nl,128,1.0,main,8,0.1,1e-08,0.01,6.0,4
10000,10000,1.0,0.001,4,nl,128,1.0,main,8,0.5,1e-08,0.1,7.0,7
10000,10000,1.0,0.001,4,nl,128,1.0,main,8,1.0,1e-08,0.1,7.0,8
10000,10000,1.0,0.001,4,nl,128,1.0,main,16,0.01,,,,0
10000,10000,1.0,0.001,4,nl,128,1.0,main,16,0.05,1e-08,0.01,6.0,4
10000,10000,1.0,0.001,4,nl,128,1.0,main,16,0.1,1e-08,0.1,7.0,6
10000,10000,1.0,0.001,4,nl,128,1.0,main,16,0.5,1e-08,0.1,7.0,8
10000,10000,1.0,0.001,4,nl,128,1.0,main,16,1.0,1e-08,0.1,7.0,8
10000,10000,1.0,0.001,4,nl,256,0.5,hwindow_12h_highdim_extra_g256,1,0.01,,,,0
10000,10000,1.0,0.001,4,nl,256,0.5,hwindow_12h_highdim_extra_g256,1,0.05,,,,0
10000,10000,1.0,0.001,4,nl,256,0.5,hwindow_12h_highdim_extra_g256,1,0.1,,,,0
10000,10000,1.0,0.001,4,nl,256,0.5,hwindow_12h_highdim_extra_g256,1,0.5,0.001,0.003,0.47712125471966244,2
10000,10000,1.0,0.001,4,nl,256,0.5,hwindow_12h_highdim_extra_g256,1,1.0,0.0003,0.1,2.5228787452803374,5
10000,10000,1.0,0.001,4,nl,256,0.5,hwindow_12h_highdim_extra_g256,2,0.01,,,,0
10000,10000,1.0,0.001,4,nl,256,0.5,hwindow_12h_highdim_extra_g256,2,0.05,,,,0
10000,10000,1.0,0.001,4,nl,256,0.5,hwindow_12h_highdim_extra_g256,2,0.1,,,,0
10000,10000,1.0,0.001,4,nl,256,0.5,hwindow_12h_highdim_extra_g256,2,0.5,0.0003,0.1,2.5228787452803374,5
10000,10000,1.0,0.001,4,nl,256,0.5,hwindow_12h_highdim_extra_g256,2,1.0,0.0003,0.1,2.5228787452803374,6
10000,10000,1.0,0.001,4,nl,256,0.5,hwindow_12h_highdim_extra_g256,4,0.01,,,,0
10000,10000,1.0,0.001,4,nl,256,0.5,hwindow_12h_highdim_extra_g256,4,0.05,,,,0
10000,10000,1.0,0.001,4,nl,256,0.5,hwindow_12h_highdim_extra_g256,4,0.1,0.001,0.003,0.47712125471966244,2
10000,10000,1.0,0.001,4,nl,256,0.5,hwindow_12h_highdim_extra_g256,4,0.5,0.0003,0.1,2.5228787452803374,6
10000,10000,1.0,0.001,4,nl,256,0.5,hwindow_12h_highdim_extra_g256,4,1.0,0.0001,0.1,3.0,7
10000,10000,1.0,0.001,4,nl,256,0.5,hwindow_12h_highdim_extra_g256,8,0.01,,,,0
10000,10000,1.0,0.001,4,nl,256,0.5,hwindow_12h_highdim_extra_g256,8,0.05,0.001,0.003,0.47712125471966244,2
10000,10000,1.0,0.001,4,nl,256,0.5,hwindow_12h_highdim_extra_g256,8,0.1,0.0003,0.1,2.5228787452803374,4
10000,10000,1.0,0.001,4,nl,256,0.5,hwindow_12h_highdim_extra_g256,8,0.5,0.0001,0.1,3.0,7
10000,10000,1.0,0.001,4,nl,256,0.5,hwindow_12h_highdim_extra_g256,8,1.0,3e-05,0.1,3.5228787452803374,8
10000,10000,1.0,0.001,4,nl,256,0.5,hwindow_12h_highdim_extra_g256,16,0.01,,,,0
10000,10000,1.0,0.001,4,nl,256,0.5,hwindow_12h_highdim_extra_g256,16,0.05,0.0003,0.1,2.5228787452803374,4
10000,10000,1.0,0.001,4,nl,256,0.5,hwindow_12h_highdim_extra_g256,16,0.1,0.0003,0.1,2.5228787452803374,6
10000,10000,1.0,0.001,4,nl,256,0.5,hwindow_12h_highdim_extra_g256,16,0.5,3e-05,0.1,3.5228787452803374,8
10000,10000,1.0,0.001,4,nl,256,0.5,hwindow_12h_highdim_extra_g256,16,1.0,3e-08,0.1,6.522878745280337,9
10000,10000,1.0,0.001,8,lin,128,0.0,main,1,0.01,0.003,0.03,1.0,3
10000,10000,1.0,0.001,8,lin,128,0.0,main,1,0.05,0.001,0.03,1.4771212547196624,4
10000,10000,1.0,0.001,8,lin,128,0.0,main,1,0.1,0.001,0.1,2.0,5
10000,10000,1.0,0.001,8,lin,128,0.0,main,1,0.5,0.001,0.1,2.0,5
10000,10000,1.0,0.001,8,lin,128,0.0,main,1,1.0,0.0003,0.1,2.5228787452803374,6
10000,10000,1.0,0.001,8,lin,128,0.0,main,2,0.01,0.003,0.03,1.0,3
10000,10000,1.0,0.001,8,lin,128,0.0,main,2,0.05,0.001,0.1,2.0,5
10000,10000,1.0,0.001,8,lin,128,0.0,main,2,0.1,0.001,0.1,2.0,5
10000,10000,1.0,0.001,8,lin,128,0.0,main,2,0.5,0.0003,0.1,2.5228787452803374,6
10000,10000,1.0,0.001,8,lin,128,0.0,main,2,1.0,1e-08,0.1,7.0,8
10000,10000,1.0,0.001,8,lin,128,0.0,main,4,0.01,0.001,0.03,1.4771212547196624,4
10000,10000,1.0,0.001,8,lin,128,0.0,main,4,0.05,0.001,0.1,2.0,5
10000,10000,1.0,0.001,8,lin,128,0.0,main,4,0.1,0.001,0.1,2.0,5
10000,10000,1.0,0.001,8,lin,128,0.0,main,4,0.5,1e-08,0.1,7.0,8
10000,10000,1.0,0.001,8,lin,128,0.0,main,4,1.0,1e-08,0.1,7.0,8
10000,10000,1.0,0.001,8,lin,128,0.0,main,8,0.01,0.001,0.1,2.0,5
10000,10000,1.0,0.001,8,lin,128,0.0,main,8,0.05,0.001,0.1,2.0,5
10000,10000,1.0,0.001,8,lin,128,0.0,main,8,0.1,0.0003,0.1,2.5228787452803374,6
10000,10000,1.0,0.001,8,lin,128,0.0,main,8,0.5,1e-08,0.1,7.0,8
10000,10000,1.0,0.001,8,lin,128,0.0,main,8,1.0,1e-08,0.1,7.0,8
10000,10000,1.0,0.001,8,lin,128,0.0,main,16,0.01,0.001,0.1,2.0,5
10000,10000,1.0,0.001,8,lin,128,0.0,main,16,0.05,0.0003,0.1,2.5228787452803374,6
10000,10000,1.0,0.001,8,lin,128,0.0,main,16,0.1,1e-08,0.1,7.0,7
10000,10000,1.0,0.001,8,lin,128,0.0,main,16,0.5,1e-08,0.1,7.0,8
10000,10000,1.0,0.001,8,lin,128,0.0,main,16,1.0,1e-08,0.1,7.0,9
10000,10000,1.0,0.001,8,lin,128,1.0,main,1,0.01,0.01,0.01,0.0,1
10000,10000,1.0,0.001,8,lin,128,1.0,main,1,0.05,0.003,0.03,1.0,3
10000,10000,1.0,0.001,8,lin,128,1.0,main,1,0.1,0.001,0.03,1.4771212547196624,4
10000,10000,1.0,0.001,8,lin,128,1.0,main,1,0.5,0.001,0.1,2.0,5
10000,10000,1.0,0.001,8,lin,128,1.0,main,1,1.0,0.001,0.1,2.0,5
10000,10000,1.0,0.001,8,lin,128,1.0,main,2,0.01,0.003,0.01,0.5228787452803376,2
10000,10000,1.0,0.001,8,lin,128,1.0,main,2,0.05,0.001,0.03,1.4771212547196624,4
10000,10000,1.0,0.001,8,lin,128,1.0,main,2,0.1,0.001,0.1,2.0,5
10000,10000,1.0,0.001,8,lin,128,1.0,main,2,0.5,0.001,0.1,2.0,5
10000,10000,1.0,0.001,8,lin,128,1.0,main,2,1.0,0.0003,0.1,2.5228787452803374,6
10000,10000,1.0,0.001,8,lin,128,1.0,main,4,0.01,0.003,0.03,1.0,3
10000,10000,1.0,0.001,8,lin,128,1.0,main,4,0.05,0.001,0.1,2.0,5
10000,10000,1.0,0.001,8,lin,128,1.0,main,4,0.1,0.001,0.1,2.0,5
10000,10000,1.0,0.001,8,lin,128,1.0,main,4,0.5,0.0003,0.1,2.5228787452803374,6
10000,10000,1.0,0.001,8,lin,128,1.0,main,4,1.0,0.0001,0.1,3.0,7
10000,10000,1.0,0.001,8,lin,128,1.0,main,8,0.01,0.003,0.03,1.0,3
10000,10000,1.0,0.001,8,lin,128,1.0,main,8,0.05,0.001,0.1,2.0,5
10000,10000,1.0,0.001,8,lin,128,1.0,main,8,0.1,0.001,0.1,2.0,5
10000,10000,1.0,0.001,8,lin,128,1.0,main,8,0.5,0.0001,0.1,3.0,7
10000,10000,1.0,0.001,8,lin,128,1.0,main,8,1.0,0.0001,0.1,3.0,7
10000,10000,1.0,0.001,8,lin,128,1.0,main,16,0.01,0.001,0.1,2.0,5
10000,10000,1.0,0.001,8,lin,128,1.0,main,16,0.05,0.001,0.1,2.0,5
10000,10000,1.0,0.001,8,lin,128,1.0,main,16,0.1,0.0003,0.1,2.5228787452803374,6
10000,10000,1.0,0.001,8,lin,128,1.0,main,16,0.5,0.0001,0.1,3.0,7
10000,10000,1.0,0.001,8,lin,128,1.0,main,16,1.0,0.0001,0.1,3.0,7
10000,10000,1.0,0.001,8,nl,64,0.5,hwindow_12h_highdim_extra_g64,1,0.01,,,,0
10000,10000,1.0,0.001,8,nl,64,0.5,hwindow_12h_highdim_extra_g64,1,0.05,,,,0
10000,10000,1.0,0.001,8,nl,64,0.5,hwindow_12h_highdim_extra_g64,1,0.1,,,,0
10000,10000,1.0,0.001,8,nl,64,0.5,hwindow_12h_highdim_extra_g64,1,0.5,0.001,0.03,1.4771212547196624,4
10000,10000,1.0,0.001,8,nl,64,0.5,hwindow_12h_highdim_extra_g64,1,1.0,0.0003,0.1,2.5228787452803374,6
10000,10000,1.0,0.001,8,nl,64,0.5,hwindow_12h_highdim_extra_g64,2,0.01,,,,0
10000,10000,1.0,0.001,8,nl,64,0.5,hwindow_12h_highdim_extra_g64,2,0.05,,,,0
10000,10000,1.0,0.001,8,nl,64,0.5,hwindow_12h_highdim_extra_g64,2,0.1,,,,0
10000,10000,1.0,0.001,8,nl,64,0.5,hwindow_12h_highdim_extra_g64,2,0.5,0.0003,0.1,2.5228787452803374,6
10000,10000,1.0,0.001,8,nl,64,0.5,hwindow_12h_highdim_extra_g64,2,1.0,0.0001,0.1,3.0,7
10000,10000,1.0,0.001,8,nl,64,0.5,hwindow_12h_highdim_extra_g64,4,0.01,,,,0
10000,10000,1.0,0.001,8,nl,64,0.5,hwindow_12h_highdim_extra_g64,4,0.05,,,,0
10000,10000,1.0,0.001,8,nl,64,0.5,hwindow_12h_highdim_extra_g64,4,0.1,0.001,0.03,1.4771212547196624,4
10000,10000,1.0,0.001,8,nl,64,0.5,hwindow_12h_highdim_extra_g64,4,0.5,0.0001,0.1,3.0,7
10000,10000,1.0,0.001,8,nl,64,0.5,hwindow_12h_highdim_extra_g64,4,1.0,0.0001,0.1,3.0,7
10000,10000,1.0,0.001,8,nl,64,0.5,hwindow_12h_highdim_extra_g64,8,0.01,,,,0
10000,10000,1.0,0.001,8,nl,64,0.5,hwindow_12h_highdim_extra_g64,8,0.05,0.001,0.03,1.4771212547196624,4
10000,10000,1.0,0.001,8,nl,64,0.5,hwindow_12h_highdim_extra_g64,8,0.1,0.001,0.1,2.0,5
10000,10000,1.0,0.001,8,nl,64,0.5,hwindow_12h_highdim_extra_g64,8,0.5,0.0001,0.1,3.0,7
10000,10000,1.0,0.001,8,nl,64,0.5,hwindow_12h_highdim_extra_g64,8,1.0,0.0001,0.1,3.0,7
10000,10000,1.0,0.001,8,nl,64,0.5,hwindow_12h_highdim_extra_g64,16,0.01,,,,0
10000,10000,1.0,0.001,8,nl,64,0.5,hwindow_12h_highdim_extra_g64,16,0.05,0.001,0.1,2.0,5
10000,10000,1.0,0.001,8,nl,64,0.5,hwindow_12h_highdim_extra_g64,16,0.1,0.0003,0.1,2.5228787452803374,6
10000,10000,1.0,0.001,8,nl,64,0.5,hwindow_12h_highdim_extra_g64,16,0.5,0.0001,0.1,3.0,7
10000,10000,1.0,0.001,8,nl,64,0.5,hwindow_12h_highdim_extra_g64,16,1.0,3e-05,0.1,3.5228787452803374,8
10000,10000,1.0,0.001,8,nl,128,0.0,main,1,0.01,,,,0
10000,10000,1.0,0.001,8,nl,128,0.0,main,1,0.05,,,,0
10000,10000,1.0,0.001,8,nl,128,0.0,main,1,0.1,,,,0
10000,10000,1.0,0.001,8,nl,128,0.0,main,1,0.5,0.0003,0.03,2.0,5
10000,10000,1.0,0.001,8,nl,128,0.0,main,1,1.0,0.0003,0.1,2.5228787452803374,6
10000,10000,1.0,0.001,8,nl,128,0.0,main,2,0.01,,,,0
10000,10000,1.0,0.001,8,nl,128,0.0,main,2,0.05,,,,0
10000,10000,1.0,0.001,8,nl,128,0.0,main,2,0.1,0.001,0.03,1.4771212547196624,2
10000,10000,1.0,0.001,8,nl,128,0.0,main,2,0.5,0.0003,0.1,2.5228787452803374,6
10000,10000,1.0,0.001,8,nl,128,0.0,main,2,1.0,0.0001,0.1,3.0,7
10000,10000,1.0,0.001,8,nl,128,0.0,main,4,0.01,,,,0
10000,10000,1.0,0.001,8,nl,128,0.0,main,4,0.05,0.001,0.03,1.4771212547196624,2
10000,10000,1.0,0.001,8,nl,128,0.0,main,4,0.1,0.001,0.03,1.4771212547196624,4
10000,10000,1.0,0.001,8,nl,128,0.0,main,4,0.5,0.0001,0.1,3.0,7
10000,10000,1.0,0.001,8,nl,128,0.0,main,4,1.0,3e-05,0.1,3.5228787452803374,8
10000,10000,1.0,0.001,8,nl,128,0.0,main,8,0.01,,,,0
10000,10000,1.0,0.001,8,nl,128,0.0,main,8,0.05,0.001,0.03,1.4771212547196624,4
10000,10000,1.0,0.001,8,nl,128,0.0,main,8,0.1,0.0003,0.1,2.5228787452803374,6
10000,10000,1.0,0.001,8,nl,128,0.0,main,8,0.5,3e-05,0.1,3.5228787452803374,8
10000,10000,1.0,0.001,8,nl,128,0.0,main,8,1.0,3e-05,0.1,3.5228787452803374,8
10000,10000,1.0,0.001,8,nl,128,0.0,main,16,0.01,,,,0
10000,10000,1.0,0.001,8,nl,128,0.0,main,16,0.05,0.0003,0.1,2.5228787452803374,6
10000,10000,1.0,0.001,8,nl,128,0.0,main,16,0.1,0.0003,0.1,2.5228787452803374,6
10000,10000,1.0,0.001,8,nl,128,0.0,main,16,0.5,3e-05,0.1,3.5228787452803374,8
10000,10000,1.0,0.001,8,nl,128,0.0,main,16,1.0,3e-05,0.1,3.5228787452803374,8
10000,10000,1.0,0.001,8,nl,128,1.0,main,1,0.01,,,,0
10000,10000,1.0,0.001,8,nl,128,1.0,main,1,0.05,,,,0
10000,10000,1.0,0.001,8,nl,128,1.0,main,1,0.1,,,,0
10000,10000,1.0,0.001,8,nl,128,1.0,main,1,0.5,0.003,0.1,1.5228787452803376,4
10000,10000,1.0,0.001,8,nl,128,1.0,main,1,1.0,0.001,0.1,2.0,5
10000,10000,1.0,0.001,8,nl,128,1.0,main,2,0.01,,,,0
10000,10000,1.0,0.001,8,nl,128,1.0,main,2,0.05,,,,0
10000,10000,1.0,0.001,8,nl,128,1.0,main,2,0.1,,,,0
10000,10000,1.0,0.001,8,nl,128,1.0,main,2,0.5,0.001,0.1,2.0,5
10000,10000,1.0,0.001,8,nl,128,1.0,main,2,1.0,1e-08,0.1,7.0,8
10000,10000,1.0,0.001,8,nl,128,1.0,main,4,0.01,,,,0
10000,10000,1.0,0.001,8,nl,128,1.0,main,4,0.05,,,,0
10000,10000,1.0,0.001,8,nl,128,1.0,main,4,0.1,0.003,0.1,1.5228787452803376,4
10000,10000,1.0,0.001,8,nl,128,1.0,main,4,0.5,1e-08,0.1,7.0,8
10000,10000,1.0,0.001,8,nl,128,1.0,main,4,1.0,1e-08,0.1,7.0,8
10000,10000,1.0,0.001,8,nl,128,1.0,main,8,0.01,,,,0
10000,10000,1.0,0.001,8,nl,128,1.0,main,8,0.05,0.003,0.1,1.5228787452803376,4
10000,10000,1.0,0.001,8,nl,128,1.0,main,8,0.1,0.001,0.1,2.0,5
10000,10000,1.0,0.001,8,nl,128,1.0,main,8,0.5,1e-08,0.1,7.0,8
10000,10000,1.0,0.001,8,nl,128,1.0,main,8,1.0,1e-08,0.1,7.0,9
10000,10000,1.0,0.001,8,nl,128,1.0,main,16,0.01,,,,0
10000,10000,1.0,0.001,8,nl,128,1.0,main,16,0.05,0.001,0.1,2.0,5
10000,10000,1.0,0.001,8,nl,128,1.0,main,16,0.1,1e-08,0.1,7.0,8
10000,10000,1.0,0.001,8,nl,128,1.0,main,16,0.5,1e-08,0.1,7.0,9
10000,10000,1.0,0.001,8,nl,128,1.0,main,16,1.0,1e-08,0.1,7.0,9
10000,10000,1.0,0.001,8,nl,256,0.5,hwindow_12h_highdim_extra_g256,1,0.01,,,,0
10000,10000,1.0,0.001,8,nl,256,0.5,hwindow_12h_highdim_extra_g256,1,0.05,,,,0
10000,10000,1.0,0.001,8,nl,256,0.5,hwindow_12h_highdim_extra_g256,1,0.1,,,,0
10000,10000,1.0,0.001,8,nl,256,0.5,hwindow_12h_highdim_extra_g256,1,0.5,0.001,0.03,1.4771212547196624,4
10000,10000,1.0,0.001,8,nl,256,0.5,hwindow_12h_highdim_extra_g256,1,1.0,0.0003,0.1,2.5228787452803374,6
10000,10000,1.0,0.001,8,nl,256,0.5,hwindow_12h_highdim_extra_g256,2,0.01,,,,0
10000,10000,1.0,0.001,8,nl,256,0.5,hwindow_12h_highdim_extra_g256,2,0.05,,,,0
10000,10000,1.0,0.001,8,nl,256,0.5,hwindow_12h_highdim_extra_g256,2,0.1,,,,0
10000,10000,1.0,0.001,8,nl,256,0.5,hwindow_12h_highdim_extra_g256,2,0.5,0.0003,0.1,2.5228787452803374,6
10000,10000,1.0,0.001,8,nl,256,0.5,hwindow_12h_highdim_extra_g256,2,1.0,0.0003,0.1,2.5228787452803374,6
10000,10000,1.0,0.001,8,nl,256,0.5,hwindow_12h_highdim_extra_g256,4,0.01,,,,0
10000,10000,1.0,0.001,8,nl,256,0.5,hwindow_12h_highdim_extra_g256,4,0.05,,,,0
10000,10000,1.0,0.001,8,nl,256,0.5,hwindow_12h_highdim_extra_g256,4,0.1,0.001,0.03,1.4771212547196624,4
10000,10000,1.0,0.001,8,nl,256,0.5,hwindow_12h_highdim_extra_g256,4,0.5,0.0003,0.1,2.5228787452803374,6
10000,10000,1.0,0.001,8,nl,256,0.5,hwindow_12h_highdim_extra_g256,4,1.0,0.0001,0.1,3.0,7
10000,10000,1.0,0.001,8,nl,256,0.5,hwindow_12h_highdim_extra_g256,8,0.01,,,,0
10000,10000,1.0,0.001,8,nl,256,0.5,hwindow_12h_highdim_extra_g256,8,0.05,0.001,0.03,1.4771212547196624,4
10000,10000,1.0,0.001,8,nl,256,0.5,hwindow_12h_highdim_extra_g256,8,0.1,0.001,0.1,2.0,5
10000,10000,1.0,0.001,8,nl,256,0.5,hwindow_12h_highdim_extra_g256,8,0.5,0.0001,0.1,3.0,7
10000,10000,1.0,0.001,8,nl,256,0.5,hwindow_12h_highdim_extra_g256,8,1.0,0.0001,0.1,3.0,7
10000,10000,1.0,0.001,8,nl,256,0.5,hwindow_12h_highdim_extra_g256,16,0.01,,,,0
10000,10000,1.0,0.001,8,nl,256,0.5,hwindow_12h_highdim_extra_g256,16,0.05,0.001,0.1,2.0,5
10000,10000,1.0,0.001,8,nl,256,0.5,hwindow_12h_highdim_extra_g256,16,0.1,0.0003,0.1,2.5228787452803374,6
10000,10000,1.0,0.001,8,nl,256,0.5,hwindow_12h_highdim_extra_g256,16,0.5,0.0001,0.1,3.0,7
10000,10000,1.0,0.001,8,nl,256,0.5,hwindow_12h_highdim_extra_g256,16,1.0,3e-05,0.1,3.5228787452803374,8
10000,10000,1.0,0.01,4,lin,128,0.0,main,1,0.01,0.03,0.03,0.0,1
10000,10000,1.0,0.01,4,lin,128,0.0,main,1,0.05,0.01,0.03,0.47712125471966244,2
10000,10000,1.0,0.01,4,lin,128,0.0,main,1,0.1,0.01,0.03,0.47712125471966244,2
10000,10000,1.0,0.01,4,lin,128,0.0,main,1,0.5,0.003,0.1,1.5228787452803376,4
10000,10000,1.0,0.01,4,lin,128,0.0,main,1,1.0,1e-08,0.1,7.0,6
10000,10000,1.0,0.01,4,lin,128,0.0,main,2,0.01,0.03,0.03,0.0,1
10000,10000,1.0,0.01,4,lin,128,0.0,main,2,0.05,0.01,0.03,0.47712125471966244,2
10000,10000,1.0,0.01,4,lin,128,0.0,main,2,0.1,0.01,0.03,0.47712125471966244,2
10000,10000,1.0,0.01,4,lin,128,0.0,main,2,0.5,1e-08,0.1,7.0,6
10000,10000,1.0,0.01,4,lin,128,0.0,main,2,1.0,1e-08,0.1,7.0,8
10000,10000,1.0,0.01,4,lin,128,0.0,main,4,0.01,0.03,0.03,0.0,1
10000,10000,1.0,0.01,4,lin,128,0.0,main,4,0.05,0.01,0.03,0.47712125471966244,2
10000,10000,1.0,0.01,4,lin,128,0.0,main,4,0.1,0.01,0.1,1.0,3
10000,10000,1.0,0.01,4,lin,128,0.0,main,4,0.5,1e-08,0.1,7.0,8
10000,10000,1.0,0.01,4,lin,128,0.0,main,4,1.0,1e-08,0.1,7.0,8
10000,10000,1.0,0.01,4,lin,128,0.0,main,8,0.01,0.01,0.03,0.47712125471966244,2
10000,10000,1.0,0.01,4,lin,128,0.0,main,8,0.05,0.01,0.1,1.0,3
10000,10000,1.0,0.01,4,lin,128,0.0,main,8,0.1,1e-08,0.1,7.0,6
10000,10000,1.0,0.01,4,lin,128,0.0,main,8,0.5,1e-08,0.1,7.0,8
10000,10000,1.0,0.01,4,lin,128,0.0,main,8,1.0,1e-08,0.1,7.0,8
10000,10000,1.0,0.01,4,lin,128,0.0,main,16,0.01,0.01,0.03,0.47712125471966244,2
10000,10000,1.0,0.01,4,lin,128,0.0,main,16,0.05,1e-08,0.1,7.0,6
10000,10000,1.0,0.01,4,lin,128,0.0,main,16,0.1,1e-08,0.1,7.0,7
10000,10000,1.0,0.01,4,lin,128,0.0,main,16,0.5,1e-08,0.1,7.0,8
10000,10000,1.0,0.01,4,lin,128,0.0,main,16,1.0,1e-08,0.1,7.0,9
10000,10000,1.0,0.01,4,lin,128,1.0,main,1,0.01,,,,0
10000,10000,1.0,0.01,4,lin,128,1.0,main,1,0.05,,,,0
10000,10000,1.0,0.01,4,lin,128,1.0,main,1,0.1,0.03,0.03,0.0,1
10000,10000,1.0,0.01,4,lin,128,1.0,main,1,0.5,0.01,0.1,1.0,3
10000,10000,1.0,0.01,4,lin,128,1.0,main,1,1.0,3e-08,0.1,6.522878745280337,4
10000,10000,1.0,0.01,4,lin,128,1.0,main,2,0.01,,,,0
10000,10000,1.0,0.01,4,lin,128,1.0,main,2,0.05,0.03,0.03,0.0,1
10000,10000,1.0,0.01,4,lin,128,1.0,main,2,0.1,0.01,0.03,0.47712125471966244,2
10000,10000,1.0,0.01,4,lin,128,1.0,main,2,0.5,3e-08,0.1,6.522878745280337,4
10000,10000,1.0,0.01,4,lin,128,1.0,main,2,1.0,1e-08,0.1,7.0,6
10000,10000,1.0,0.01,4,lin,128,1.0,main,4,0.01,,,,0
10000,10000,1.0,0.01,4,lin,128,1.0,main,4,0.05,0.01,0.03,0.47712125471966244,2
10000,10000,1.0,0.01,4,lin,128,1.0,main,4,0.1,0.01,0.1,1.0,3
10000,10000,1.0,0.01,4,lin,128,1.0,main,4,0.5,1e-08,0.1,7.0,6
10000,10000,1.0,0.01,4,lin,128,1.0,main,4,1.0,1e-08,0.1,7.0,7
10000,10000,1.0,0.01,4,lin,128,1.0,main,8,0.01,,,,0
10000,10000,1.0,0.01,4,lin,128,1.0,main,8,0.05,0.01,0.1,1.0,3
10000,10000,1.0,0.01,4,lin,128,1.0,main,8,0.1,0.01,0.1,1.0,3
10000,10000,1.0,0.01,4,lin,128,1.0,main,8,0.5,1e-08,0.1,7.0,7
10000,10000,1.0,0.01,4,lin,128,1.0,main,8,1.0,1e-08,0.1,7.0,7
10000,10000,1.0,0.01,4,lin,128,1.0,main,16,0.01,0.01,0.03,0.47712125471966244,2
10000,10000,1.0,0.01,4,lin,128,1.0,main,16,0.05,0.01,0.1,1.0,3
10000,10000,1.0,0.01,4,lin,128,1.0,main,16,0.1,1e-08,0.1,7.0,6
10000,10000,1.0,0.01,4,lin,128,1.0,main,16,0.5,1e-08,0.1,7.0,7
10000,10000,1.0,0.01,4,lin,128,1.0,main,16,1.0,1e-08,0.1,7.0,8
10000,10000,1.0,0.01,4,nl,128,0.0,main,1,0.01,,,,0
10000,10000,1.0,0.01,4,nl,128,0.0,main,1,0.05,,,,0
10000,10000,1.0,0.01,4,nl,128,0.0,main,1,0.1,,,,0
10000,10000,1.0,0.01,4,nl,128,0.0,main,1,0.5,0.003,0.03,1.0,3
10000,10000,1.0,0.01,4,nl,128,0.0,main,1,1.0,1e-08,0.1,7.0,6
10000,10000,1.0,0.01,4,nl,128,0.0,main,2,0.01,,,,0
10000,10000,1.0,0.01,4,nl,128,0.0,main,2,0.05,,,,0
10000,10000,1.0,0.01,4,nl,128,0.0,main,2,0.1,,,,0
10000,10000,1.0,0.01,4,nl,128,0.0,main,2,0.5,1e-08,0.1,7.0,6
10000,10000,1.0,0.01,4,nl,128,0.0,main,2,1.0,1e-08,0.1,7.0,8
10000,10000,1.0,0.01,4,nl,128,0.0,main,4,0.01,,,,0
10000,10000,1.0,0.01,4,nl,128,0.0,main,4,0.05,,,,0
10000,10000,1.0,0.01,4,nl,128,0.0,main,4,0.1,0.003,0.01,0.5228787452803376,2
10000,10000,1.0,0.01,4,nl,128,0.0,main,4,0.5,1e-08,0.1,7.0,8
10000,10000,1.0,0.01,4,nl,128,0.0,main,4,1.0,1e-08,0.1,7.0,8
10000,10000,1.0,0.01,4,nl,128,0.0,main,8,0.01,,,,0
10000,10000,1.0,0.01,4,nl,128,0.0,main,8,0.05,0.003,0.01,0.5228787452803376,2
10000,10000,1.0,0.01,4,nl,128,0.0,main,8,0.1,3e-08,0.1,6.522878745280337,5
10000,10000,1.0,0.01,4,nl,128,0.0,main,8,0.5,1e-08,0.1,7.0,8
10000,10000,1.0,0.01,4,nl,128,0.0,main,8,1.0,1e-08,0.1,7.0,9
10000,10000,1.0,0.01,4,nl,128,0.0,main,16,0.01,,,,0
10000,10000,1.0,0.01,4,nl,128,0.0,main,16,0.05,3e-08,0.1,6.522878745280337,5
10000,10000,1.0,0.01,4,nl,128,0.0,main,16,0.1,1e-08,0.1,7.0,8
10000,10000,1.0,0.01,4,nl,128,0.0,main,16,0.5,1e-08,0.1,7.0,9
10000,10000,1.0,0.01,4,nl,128,0.0,main,16,1.0,1e-08,0.1,7.0,10
10000,10000,1.0,0.01,4,nl,128,1.0,main,1,0.01,,,,0
10000,10000,1.0,0.01,4,nl,128,1.0,main,1,0.05,,,,0
10000,10000,1.0,0.01,4,nl,128,1.0,main,1,0.1,,,,0
10000,10000,1.0,0.01,4,nl,128,1.0,main,1,0.5,0.1,0.1,0.0,1
10000,10000,1.0,0.01,4,nl,128,1.0,main,1,1.0,1e-08,0.1,7.0,4
10000,10000,1.0,0.01,4,nl,128,1.0,main,2,0.01,,,,0
10000,10000,1.0,0.01,4,nl,128,1.0,main,2,0.05,,,,0
10000,10000,1.0,0.01,4,nl,128,1.0,main,2,0.1,,,,0
10000,10000,1.0,0.01,4,nl,128,1.0,main,2,0.5,1e-08,0.1,7.0,4
10000,10000,1.0,0.01,4,nl,128,1.0,main,2,1.0,1e-08,0.1,7.0,5
10000,10000,1.0,0.01,4,nl,128,1.0,main,4,0.01,,,,0
10000,10000,1.0,0.01,4,nl,128,1.0,main,4,0.05,,,,0
10000,10000,1.0,0.01,4,nl,128,1.0,main,4,0.1,,,,0
10000,10000,1.0,0.01,4,nl,128,1.0,main,4,0.5,1e-08,0.1,7.0,5
10000,10000,1.0,0.01,4,nl,128,1.0,main,4,1.0,1e-08,0.1,7.0,8
10000,10000,1.0,0.01,4,nl,128,1.0,main,8,0.01,,,,0
10000,10000,1.0,0.01,4,nl,128,1.0,main,8,0.05,,,,0
10000,10000,1.0,0.01,4,nl,128,1.0,main,8,0.1,0.03,0.1,0.5228787452803376,2
10000,10000,1.0,0.01,4,nl,128,1.0,main,8,0.5,1e-08,0.1,7.0,8
10000,10000,1.0,0.01,4,nl,128,1.0,main,8,1.0,1e-08,0.1,7.0,9
10000,10000,1.0,0.01,4,nl,128,1.0,main,16,0.01,,,,0
10000,10000,1.0,0.01,4,nl,128,1.0,main,16,0.05,0.03,0.1,0.5228787452803376,2
10000,10000,1.0,0.01,4,nl,128,1.0,main,16,0.1,1e-08,0.1,7.0,5
10000,10000,1.0,0.01,4,nl,128,1.0,main,16,0.5,1e-08,0.1,7.0,9
10000,10000,1.0,0.01,4,nl,128,1.0,main,16,1.0,1e-08,0.1,7.0,9
10000,10000,1.0,0.01,8,lin,128,0.0,main,1,0.01,0.03,0.1,0.5228787452803376,2
10000,10000,1.0,0.01,8,lin,128,0.0,main,1,0.05,0.01,0.1,1.0,3
10000,10000,1.0,0.01,8,lin,128,0.0,main,1,0.1,0.01,0.1,1.0,3
10000,10000,1.0,0.01,8,lin,128,0.0,main,1,0.5,0.003,0.1,1.5228787452803376,4
10000,10000,1.0,0.01,8,lin,128,0.0,main,1,1.0,1e-08,0.1,7.0,5
10000,10000,1.0,0.01,8,lin,128,0.0,main,2,0.01,0.03,0.1,0.5228787452803376,2
10000,10000,1.0,0.01,8,lin,128,0.0,main,2,0.05,0.01,0.1,1.0,3
10000,10000,1.0,0.01,8,lin,128,0.0,main,2,0.1,0.01,0.1,1.0,3
10000,10000,1.0,0.01,8,lin,128,0.0,main,2,0.5,1e-08,0.1,7.0,5
10000,10000,1.0,0.01,8,lin,128,0.0,main,2,1.0,1e-08,0.1,7.0,5
10000,10000,1.0,0.01,8,lin,128,0.0,main,4,0.01,0.03,0.1,0.5228787452803376,2
10000,10000,1.0,0.01,8,lin,128,0.0,main,4,0.05,0.01,0.1,1.0,3
10000,10000,1.0,0.01,8,lin,128,0.0,main,4,0.1,0.01,0.1,1.0,3
10000,10000,1.0,0.01,8,lin,128,0.0,main,4,0.5,1e-08,0.1,7.0,5
10000,10000,1.0,0.01,8,lin,128,0.0,main,4,1.0,1e-08,0.1,7.0,6
10000,10000,1.0,0.01,8,lin,128,0.0,main,8,0.01,0.01,0.1,1.0,3
10000,10000,1.0,0.01,8,lin,128,0.0,main,8,0.05,0.01,0.1,1.0,3
10000,10000,1.0,0.01,8,lin,128,0.0,main,8,0.1,0.003,0.1,1.5228787452803376,4
10000,10000,1.0,0.01,8,lin,128,0.0,main,8,0.5,1e-08,0.1,7.0,6
10000,10000,1.0,0.01,8,lin,128,0.0,main,8,1.0,1e-08,0.1,7.0,6
10000,10000,1.0,0.01,8,lin,128,0.0,main,16,0.01,0.01,0.1,1.0,3
10000,10000,1.0,0.01,8,lin,128,0.0,main,16,0.05,0.003,0.1,1.5228787452803376,4
10000,10000,1.0,0.01,8,lin,128,0.0,main,16,0.1,1e-08,0.1,7.0,5
10000,10000,1.0,0.01,8,lin,128,0.0,main,16,0.5,1e-08,0.1,7.0,6
10000,10000,1.0,0.01,8,lin,128,0.0,main,16,1.0,1e-08,0.1,7.0,7
10000,10000,1.0,0.01,8,lin,128,1.0,main,1,0.01,,,,0
10000,10000,1.0,0.01,8,lin,128,1.0,main,1,0.05,0.03,0.1,0.5228787452803376,2
10000,10000,1.0,0.01,8,lin,128,1.0,main,1,0.1,0.03,0.1,0.5228787452803376,2
10000,10000,1.0,0.01,8,lin,128,1.0,main,1,0.5,0.01,0.1,1.0,3
10000,10000,1.0,0.01,8,lin,128,1.0,main,1,1.0,1e-07,0.1,6.0,5
10000,10000,1.0,0.01,8,lin,128,1.0,main,2,0.01,0.03,0.1,0.5228787452803376,2
10000,10000,1.0,0.01,8,lin,128,1.0,main,2,0.05,0.03,0.1,0.5228787452803376,2
10000,10000,1.0,0.01,8,lin,128,1.0,main,2,0.1,0.01,0.1,1.0,3
10000,10000,1.0,0.01,8,lin,128,1.0,main,2,0.5,1e-07,0.1,6.0,5
10000,10000,1.0,0.01,8,lin,128,1.0,main,2,1.0,1e-08,0.1,7.0,7
10000,10000,1.0,0.01,8,lin,128,1.0,main,4,0.01,0.03,0.1,0.5228787452803376,2
10000,10000,1.0,0.01,8,lin,128,1.0,main,4,0.05,0.01,0.1,1.0,3
10000,10000,1.0,0.01,8,lin,128,1.0,main,4,0.1,0.01,0.1,1.0,3
10000,10000,1.0,0.01,8,lin,128,1.0,main,4,0.5,1e-08,0.1,7.0,7
10000,10000,1.0,0.01,8,lin,128,1.0,main,4,1.0,1e-08,0.1,7.0,8
10000,10000,1.0,0.01,8,lin,128,1.0,main,8,0.01,0.03,0.1,0.5228787452803376,2
10000,10000,1.0,0.01,8,lin,128,1.0,main,8,0.05,0.01,0.1,1.0,3
10000,10000,1.0,0.01,8,lin,128,1.0,main,8,0.1,0.01,0.1,1.0,3
10000,10000,1.0,0.01,8,lin,128,1.0,main,8,0.5,1e-08,0.1,7.0,8
10000,10000,1.0,0.01,8,lin,128,1.0,main,8,1.0,1e-08,0.1,7.0,8
10000,10000,1.0,0.01,8,lin,128,1.0,main,16,0.01,0.01,0.1,1.0,3
10000,10000,1.0,0.01,8,lin,128,1.0,main,16,0.05,0.01,0.1,1.0,3
10000,10000,1.0,0.01,8,lin,128,1.0,main,16,0.1,1e-08,0.1,7.0,7
10000,10000,1.0,0.01,8,lin,128,1.0,main,16,0.5,1e-08,0.1,7.0,8
10000,10000,1.0,0.01,8,lin,128,1.0,main,16,1.0,1e-08,0.1,7.0,9
10000,10000,1.0,0.01,8,nl,128,0.0,main,1,0.01,,,,0
10000,10000,1.0,0.01,8,nl,128,0.0,main,1,0.05,,,,0
10000,10000,1.0,0.01,8,nl,128,0.0,main,1,0.1,,,,0
10000,10000,1.0,0.01,8,nl,128,0.0,main,1,0.5,0.003,0.1,1.5228787452803376,4
10000,10000,1.0,0.01,8,nl,128,0.0,main,1,1.0,3e-08,0.1,6.522878745280337,5
10000,10000,1.0,0.01,8,nl,128,0.0,main,2,0.01,,,,0
10000,10000,1.0,0.01,8,nl,128,0.0,main,2,0.05,,,,0
10000,10000,1.0,0.01,8,nl,128,0.0,main,2,0.1,0.1,0.1,0.0,1
10000,10000,1.0,0.01,8,nl,128,0.0,main,2,0.5,3e-08,0.1,6.522878745280337,5
10000,10000,1.0,0.01,8,nl,128,0.0,main,2,1.0,1e-08,0.1,7.0,8
10000,10000,1.0,0.01,8,nl,128,0.0,main,4,0.01,,,,0
10000,10000,1.0,0.01,8,nl,128,0.0,main,4,0.05,0.1,0.1,0.0,1
10000,10000,1.0,0.01,8,nl,128,0.0,main,4,0.1,0.003,0.1,1.5228787452803376,4
10000,10000,1.0,0.01,8,nl,128,0.0,main,4,0.5,1e-08,0.1,7.0,8
10000,10000,1.0,0.01,8,nl,128,0.0,main,4,1.0,1e-08,0.1,7.0,8
10000,10000,1.0,0.01,8,nl,128,0.0,main,8,0.01,,,,0
10000,10000,1.0,0.01,8,nl,128,0.0,main,8,0.05,0.003,0.1,1.5228787452803376,4
10000,10000,1.0,0.01,8,nl,128,0.0,main,8,0.1,0.003,0.1,1.5228787452803376,4
10000,10000,1.0,0.01,8,nl,128,0.0,main,8,0.5,1e-08,0.1,7.0,8
10000,10000,1.0,0.01,8,nl,128,0.0,main,8,1.0,1e-08,0.1,7.0,9
10000,10000,1.0,0.01,8,nl,128,0.0,main,16,0.01,,,,0
10000,10000,1.0,0.01,8,nl,128,0.0,main,16,0.05,0.003,0.1,1.5228787452803376,4
10000,10000,1.0,0.01,8,nl,128,0.0,main,16,0.1,1e-08,0.1,7.0,7
10000,10000,1.0,0.01,8,nl,128,0.0,main,16,0.5,1e-08,0.1,7.0,9
10000,10000,1.0,0.01,8,nl,128,0.0,main,16,1.0,1e-08,0.1,7.0,10
10000,10000,1.0,0.01,8,nl,128,1.0,main,1,0.01,,,,0
10000,10000,1.0,0.01,8,nl,128,1.0,main,1,0.05,,,,0
10000,10000,1.0,0.01,8,nl,128,1.0,main,1,0.1,,,,0
10000,10000,1.0,0.01,8,nl,128,1.0,main,1,0.5,0.01,0.1,1.0,3
10000,10000,1.0,0.01,8,nl,128,1.0,main,1,1.0,0.01,0.1,1.0,3
10000,10000,1.0,0.01,8,nl,128,1.0,main,2,0.01,,,,0
10000,10000,1.0,0.01,8,nl,128,1.0,main,2,0.05,,,,0
10000,10000,1.0,0.01,8,nl,128,1.0,main,2,0.1,,,,0
10000,10000,1.0,0.01,8,nl,128,1.0,main,2,0.5,0.01,0.1,1.0,3
10000,10000,1.0,0.01,8,nl,128,1.0,main,2,1.0,1e-08,0.1,7.0,6
10000,10000,1.0,0.01,8,nl,128,1.0,main,4,0.01,,,,0
10000,10000,1.0,0.01,8,nl,128,1.0,main,4,0.05,,,,0
10000,10000,1.0,0.01,8,nl,128,1.0,main,4,0.1,0.03,0.1,0.5228787452803376,2
10000,10000,1.0,0.01,8,nl,128,1.0,main,4,0.5,1e-08,0.1,7.0,6
10000,10000,1.0,0.01,8,nl,128,1.0,main,4,1.0,1e-08,0.1,7.0,8
10000,10000,1.0,0.01,8,nl,128,1.0,main,8,0.01,,,,0
10000,10000,1.0,0.01,8,nl,128,1.0,main,8,0.05,0.03,0.1,0.5228787452803376,2
10000,10000,1.0,0.01,8,nl,128,1.0,main,8,0.1,0.01,0.1,1.0,3
10000,10000,1.0,0.01,8,nl,128,1.0,main,8,0.5,1e-08,0.1,7.0,8
10000,10000,1.0,0.01,8,nl,128,1.0,main,8,1.0,1e-08,0.1,7.0,9
10000,10000,1.0,0.01,8,nl,128,1.0,main,16,0.01,,,,0
10000,10000,1.0,0.01,8,nl,128,1.0,main,16,0.05,0.01,0.1,1.0,3
10000,10000,1.0,0.01,8,nl,128,1.0,main,16,0.1,1e-08,0.1,7.0,6
10000,10000,1.0,0.01,8,nl,128,1.0,main,16,0.5,1e-08,0.1,7.0,9
10000,10000,1.0,0.01,8,nl,128,1.0,main,16,1.0,1e-08,0.1,7.0,9
100000,100,0.001,3e-05,4,nl,128,0.5,hwindow_12h_highdim_extra_midp,1,0.01,1e-08,0.1,7.0,15
100000,100,0.001,3e-05,4,nl,128,0.5,hwindow_12h_highdim_extra_midp,1,0.05,1e-08,0.1,7.0,15
100000,100,0.001,3e-05,4,nl,128,0.5,hwindow_12h_highdim_extra_midp,1,0.1,1e-08,0.1,7.0,15
100000,100,0.001,3e-05,4,nl,128,0.5,hwindow_12h_highdim_extra_midp,1,0.5,1e-08,0.1,7.0,15
100000,100,0.001,3e-05,4,nl,128,0.5,hwindow_12h_highdim_extra_midp,1,1.0,1e-08,0.1,7.0,15
100000,100,0.001,3e-05,4,nl,128,0.5,hwindow_12h_highdim_extra_midp,2,0.01,1e-08,0.1,7.0,15
100000,100,0.001,3e-05,4,nl,128,0.5,hwindow_12h_highdim_extra_midp,2,0.05,1e-08,0.1,7.0,15
100000,100,0.001,3e-05,4,nl,128,0.5,hwindow_12h_highdim_extra_midp,2,0.1,1e-08,0.1,7.0,15
100000,100,0.001,3e-05,4,nl,128,0.5,hwindow_12h_highdim_extra_midp,2,0.5,1e-08,0.1,7.0,15
100000,100,0.001,3e-05,4,nl,128,0.5,hwindow_12h_highdim_extra_midp,2,1.0,1e-08,0.1,7.0,15
100000,100,0.001,3e-05,4,nl,128,0.5,hwindow_12h_highdim_extra_midp,4,0.01,1e-08,0.1,7.0,15
100000,100,0.001,3e-05,4,nl,128,0.5,hwindow_12h_highdim_extra_midp,4,0.05,1e-08,0.1,7.0,15
100000,100,0.001,3e-05,4,nl,128,0.5,hwindow_12h_highdim_extra_midp,4,0.1,1e-08,0.1,7.0,15
100000,100,0.001,3e-05,4,nl,128,0.5,hwindow_12h_highdim_extra_midp,4,0.5,1e-08,0.1,7.0,15
100000,100,0.001,3e-05,4,nl,128,0.5,hwindow_12h_highdim_extra_midp,4,1.0,1e-08,0.1,7.0,15
100000,100,0.001,3e-05,4,nl,128,0.5,hwindow_12h_highdim_extra_midp,8,0.01,1e-08,0.1,7.0,15
100000,100,0.001,3e-05,4,nl,128,0.5,hwindow_12h_highdim_extra_midp,8,0.05,1e-08,0.1,7.0,15
100000,100,0.001,3e-05,4,nl,128,0.5,hwindow_12h_highdim_extra_midp,8,0.1,1e-08,0.1,7.0,15
100000,100,0.001,3e-05,4,nl,128,0.5,hwindow_12h_highdim_extra_midp,8,0.5,1e-08,0.1,7.0,15
100000,100,0.001,3e-05,4,nl,128,0.5,hwindow_12h_highdim_extra_midp,8,1.0,1e-08,0.1,7.0,15
100000,100,0.001,3e-05,4,nl,128,0.5,hwindow_12h_highdim_extra_midp,16,0.01,1e-08,0.1,7.0,15
100000,100,0.001,3e-05,4,nl,128,0.5,hwindow_12h_highdim_extra_midp,16,0.05,1e-08,0.1,7.0,15
100000,100,0.001,3e-05,4,nl,128,0.5,hwindow_12h_highdim_extra_midp,16,0.1,1e-08,0.1,7.0,15
100000,100,0.001,3e-05,4,nl,128,0.5,hwindow_12h_highdim_extra_midp,16,0.5,1e-08,0.1,7.0,15
100000,100,0.001,3e-05,4,nl,128,0.5,hwindow_12h_highdim_extra_midp,16,1.0,1e-08,0.1,7.0,15
100000,100,0.001,3e-05,8,nl,128,0.5,hwindow_12h_highdim_extra_midp,1,0.01,1e-08,0.1,7.0,13
100000,100,0.001,3e-05,8,nl,128,0.5,hwindow_12h_highdim_extra_midp,1,0.05,1e-08,0.1,7.0,15
100000,100,0.001,3e-05,8,nl,128,0.5,hwindow_12h_highdim_extra_midp,1,0.1,1e-08,0.1,7.0,15
100000,100,0.001,3e-05,8,nl,128,0.5,hwindow_12h_highdim_extra_midp,1,0.5,1e-08,0.1,7.0,15
100000,100,0.001,3e-05,8,nl,128,0.5,hwindow_12h_highdim_extra_midp,1,1.0,1e-08,0.1,7.0,15
100000,100,0.001,3e-05,8,nl,128,0.5,hwindow_12h_highdim_extra_midp,2,0.01,1e-08,0.1,7.0,14
100000,100,0.001,3e-05,8,nl,128,0.5,hwindow_12h_highdim_extra_midp,2,0.05,1e-08,0.1,7.0,15
100000,100,0.001,3e-05,8,nl,128,0.5,hwindow_12h_highdim_extra_midp,2,0.1,1e-08,0.1,7.0,15
100000,100,0.001,3e-05,8,nl,128,0.5,hwindow_12h_highdim_extra_midp,2,0.5,1e-08,0.1,7.0,15
100000,100,0.001,3e-05,8,nl,128,0.5,hwindow_12h_highdim_extra_midp,2,1.0,1e-08,0.1,7.0,15
100000,100,0.001,3e-05,8,nl,128,0.5,hwindow_12h_highdim_extra_midp,4,0.01,1e-08,0.1,7.0,15
100000,100,0.001,3e-05,8,nl,128,0.5,hwindow_12h_highdim_extra_midp,4,0.05,1e-08,0.1,7.0,15
100000,100,0.001,3e-05,8,nl,128,0.5,hwindow_12h_highdim_extra_midp,4,0.1,1e-08,0.1,7.0,15
100000,100,0.001,3e-05,8,nl,128,0.5,hwindow_12h_highdim_extra_midp,4,0.5,1e-08,0.1,7.0,15
100000,100,0.001,3e-05,8,nl,128,0.5,hwindow_12h_highdim_extra_midp,4,1.0,1e-08,0.1,7.0,15
100000,100,0.001,3e-05,8,nl,128,0.5,hwindow_12h_highdim_extra_midp,8,0.01,1e-08,0.1,7.0,15
100000,100,0.001,3e-05,8,nl,128,0.5,hwindow_12h_highdim_extra_midp,8,0.05,1e-08,0.1,7.0,15
100000,100,0.001,3e-05,8,nl,128,0.5,hwindow_12h_highdim_extra_midp,8,0.1,1e-08,0.1,7.0,15
100000,100,0.001,3e-05,8,nl,128,0.5,hwindow_12h_highdim_extra_midp,8,0.5,1e-08,0.1,7.0,15
100000,100,0.001,3e-05,8,nl,128,0.5,hwindow_12h_highdim_extra_midp,8,1.0,1e-08,0.1,7.0,15
100000,100,0.001,3e-05,8,nl,128,0.5,hwindow_12h_highdim_extra_midp,16,0.01,1e-08,0.1,7.0,15
100000,100,0.001,3e-05,8,nl,128,0.5,hwindow_12h_highdim_extra_midp,16,0.05,1e-08,0.1,7.0,15
100000,100,0.001,3e-05,8,nl,128,0.5,hwindow_12h_highdim_extra_midp,16,0.1,1e-08,0.1,7.0,15
100000,100,0.001,3e-05,8,nl,128,0.5,hwindow_12h_highdim_extra_midp,16,0.5,1e-08,0.1,7.0,15
100000,100,0.001,3e-05,8,nl,128,0.5,hwindow_12h_highdim_extra_midp,16,1.0,1e-08,0.1,7.0,15
100000,100,0.001,0.0003,4,nl,128,0.5,hwindow_12h_highdim_extra_midp,1,0.01,1e-08,0.1,7.0,15
100000,100,0.001,0.0003,4,nl,128,0.5,hwindow_12h_highdim_extra_midp,1,0.05,1e-08,0.1,7.0,15
100000,100,0.001,0.0003,4,nl,128,0.5,hwindow_12h_highdim_extra_midp,1,0.1,1e-08,0.1,7.0,15
100000,100,0.001,0.0003,4,nl,128,0.5,hwindow_12h_highdim_extra_midp,1,0.5,1e-08,0.1,7.0,15
100000,100,0.001,0.0003,4,nl,128,0.5,hwindow_12h_highdim_extra_midp,1,1.0,1e-08,0.1,7.0,15
100000,100,0.001,0.0003,4,nl,128,0.5,hwindow_12h_highdim_extra_midp,2,0.01,1e-08,0.1,7.0,15
100000,100,0.001,0.0003,4,nl,128,0.5,hwindow_12h_highdim_extra_midp,2,0.05,1e-08,0.1,7.0,15
100000,100,0.001,0.0003,4,nl,128,0.5,hwindow_12h_highdim_extra_midp,2,0.1,1e-08,0.1,7.0,15
100000,100,0.001,0.0003,4,nl,128,0.5,hwindow_12h_highdim_extra_midp,2,0.5,1e-08,0.1,7.0,15
100000,100,0.001,0.0003,4,nl,128,0.5,hwindow_12h_highdim_extra_midp,2,1.0,1e-08,0.1,7.0,15
100000,100,0.001,0.0003,4,nl,128,0.5,hwindow_12h_highdim_extra_midp,4,0.01,1e-08,0.1,7.0,15
100000,100,0.001,0.0003,4,nl,128,0.5,hwindow_12h_highdim_extra_midp,4,0.05,1e-08,0.1,7.0,15
100000,100,0.001,0.0003,4,nl,128,0.5,hwindow_12h_highdim_extra_midp,4,0.1,1e-08,0.1,7.0,15
100000,100,0.001,0.0003,4,nl,128,0.5,hwindow_12h_highdim_extra_midp,4,0.5,1e-08,0.1,7.0,15
100000,100,0.001,0.0003,4,nl,128,0.5,hwindow_12h_highdim_extra_midp,4,1.0,1e-08,0.1,7.0,15
100000,100,0.001,0.0003,4,nl,128,0.5,hwindow_12h_highdim_extra_midp,8,0.01,1e-08,0.1,7.0,15
100000,100,0.001,0.0003,4,nl,128,0.5,hwindow_12h_highdim_extra_midp,8,0.05,1e-08,0.1,7.0,15
100000,100,0.001,0.0003,4,nl,128,0.5,hwindow_12h_highdim_extra_midp,8,0.1,1e-08,0.1,7.0,15
100000,100,0.001,0.0003,4,nl,128,0.5,hwindow_12h_highdim_extra_midp,8,0.5,1e-08,0.1,7.0,15
100000,100,0.001,0.0003,4,nl,128,0.5,hwindow_12h_highdim_extra_midp,8,1.0,1e-08,0.1,7.0,15
100000,100,0.001,0.0003,4,nl,128,0.5,hwindow_12h_highdim_extra_midp,16,0.01,1e-08,0.1,7.0,15
100000,100,0.001,0.0003,4,nl,128,0.5,hwindow_12h_highdim_extra_midp,16,0.05,1e-08,0.1,7.0,15
100000,100,0.001,0.0003,4,nl,128,0.5,hwindow_12h_highdim_extra_midp,16,0.1,1e-08,0.1,7.0,15
100000,100,0.001,0.0003,4,nl,128,0.5,hwindow_12h_highdim_extra_midp,16,0.5,1e-08,0.1,7.0,15
100000,100,0.001,0.0003,4,nl,128,0.5,hwindow_12h_highdim_extra_midp,16,1.0,1e-08,0.1,7.0,15
100000,100,0.001,0.0003,8,nl,128,0.5,hwindow_12h_highdim_extra_midp,1,0.01,1e-08,0.1,7.0,14
100000,100,0.001,0.0003,8,nl,128,0.5,hwindow_12h_highdim_extra_midp,1,0.05,1e-08,0.1,7.0,15
100000,100,0.001,0.0003,8,nl,128,0.5,hwindow_12h_highdim_extra_midp,1,0.1,1e-08,0.1,7.0,15
100000,100,0.001,0.0003,8,nl,128,0.5,hwindow_12h_highdim_extra_midp,1,0.5,1e-08,0.1,7.0,15
100000,100,0.001,0.0003,8,nl,128,0.5,hwindow_12h_highdim_extra_midp,1,1.0,1e-08,0.1,7.0,15
100000,100,0.001,0.0003,8,nl,128,0.5,hwindow_12h_highdim_extra_midp,2,0.01,1e-08,0.1,7.0,15
100000,100,0.001,0.0003,8,nl,128,0.5,hwindow_12h_highdim_extra_midp,2,0.05,1e-08,0.1,7.0,15
100000,100,0.001,0.0003,8,nl,128,0.5,hwindow_12h_highdim_extra_midp,2,0.1,1e-08,0.1,7.0,15
100000,100,0.001,0.0003,8,nl,128,0.5,hwindow_12h_highdim_extra_midp,2,0.5,1e-08,0.1,7.0,15
100000,100,0.001,0.0003,8,nl,128,0.5,hwindow_12h_highdim_extra_midp,2,1.0,1e-08,0.1,7.0,15
100000,100,0.001,0.0003,8,nl,128,0.5,hwindow_12h_highdim_extra_midp,4,0.01,1e-08,0.1,7.0,15
100000,100,0.001,0.0003,8,nl,128,0.5,hwindow_12h_highdim_extra_midp,4,0.05,1e-08,0.1,7.0,15
100000,100,0.001,0.0003,8,nl,128,0.5,hwindow_12h_highdim_extra_midp,4,0.1,1e-08,0.1,7.0,15
100000,100,0.001,0.0003,8,nl,128,0.5,hwindow_12h_highdim_extra_midp,4,0.5,1e-08,0.1,7.0,15
100000,100,0.001,0.0003,8,nl,128,0.5,hwindow_12h_highdim_extra_midp,4,1.0,1e-08,0.1,7.0,15
100000,100,0.001,0.0003,8,nl,128,0.5,hwindow_12h_highdim_extra_midp,8,0.01,1e-08,0.1,7.0,15
100000,100,0.001,0.0003,8,nl,128,0.5,hwindow_12h_highdim_extra_midp,8,0.05,1e-08,0.1,7.0,15
100000,100,0.001,0.0003,8,nl,128,0.5,hwindow_12h_highdim_extra_midp,8,0.1,1e-08,0.1,7.0,15
100000,100,0.001,0.0003,8,nl,128,0.5,hwindow_12h_highdim_extra_midp,8,0.5,1e-08,0.1,7.0,15
100000,100,0.001,0.0003,8,nl,128,0.5,hwindow_12h_highdim_extra_midp,8,1.0,1e-08,0.1,7.0,15
100000,100,0.001,0.0003,8,nl,128,0.5,hwindow_12h_highdim_extra_midp,16,0.01,1e-08,0.1,7.0,15
100000,100,0.001,0.0003,8,nl,128,0.5,hwindow_12h_highdim_extra_midp,16,0.05,1e-08,0.1,7.0,15
100000,100,0.001,0.0003,8,nl,128,0.5,hwindow_12h_highdim_extra_midp,16,0.1,1e-08,0.1,7.0,15
100000,100,0.001,0.0003,8,nl,128,0.5,hwindow_12h_highdim_extra_midp,16,0.5,1e-08,0.1,7.0,15
100000,100,0.001,0.0003,8,nl,128,0.5,hwindow_12h_highdim_extra_midp,16,1.0,1e-08,0.1,7.0,15
100000,100,0.001,0.003,4,nl,128,0.5,hwindow_12h_highdim_extra_midp,1,0.01,1e-08,0.1,7.0,15
100000,100,0.001,0.003,4,nl,128,0.5,hwindow_12h_highdim_extra_midp,1,0.05,1e-08,0.1,7.0,15
100000,100,0.001,0.003,4,nl,128,0.5,hwindow_12h_highdim_extra_midp,1,0.1,1e-08,0.1,7.0,15
100000,100,0.001,0.003,4,nl,128,0.5,hwindow_12h_highdim_extra_midp,1,0.5,1e-08,0.1,7.0,15
100000,100,0.001,0.003,4,nl,128,0.5,hwindow_12h_highdim_extra_midp,1,1.0,1e-08,0.1,7.0,15
100000,100,0.001,0.003,4,nl,128,0.5,hwindow_12h_highdim_extra_midp,2,0.01,1e-08,0.1,7.0,15
100000,100,0.001,0.003,4,nl,128,0.5,hwindow_12h_highdim_extra_midp,2,0.05,1e-08,0.1,7.0,15
100000,100,0.001,0.003,4,nl,128,0.5,hwindow_12h_highdim_extra_midp,2,0.1,1e-08,0.1,7.0,15
100000,100,0.001,0.003,4,nl,128,0.5,hwindow_12h_highdim_extra_midp,2,0.5,1e-08,0.1,7.0,15
100000,100,0.001,0.003,4,nl,128,0.5,hwindow_12h_highdim_extra_midp,2,1.0,1e-08,0.1,7.0,15
100000,100,0.001,0.003,4,nl,128,0.5,hwindow_12h_highdim_extra_midp,4,0.01,1e-08,0.1,7.0,15
100000,100,0.001,0.003,4,nl,128,0.5,hwindow_12h_highdim_extra_midp,4,0.05,1e-08,0.1,7.0,15
100000,100,0.001,0.003,4,nl,128,0.5,hwindow_12h_highdim_extra_midp,4,0.1,1e-08,0.1,7.0,15
100000,100,0.001,0.003,4,nl,128,0.5,hwindow_12h_highdim_extra_midp,4,0.5,1e-08,0.1,7.0,15
100000,100,0.001,0.003,4,nl,128,0.5,hwindow_12h_highdim_extra_midp,4,1.0,1e-08,0.1,7.0,15
100000,100,0.001,0.003,4,nl,128,0.5,hwindow_12h_highdim_extra_midp,8,0.01,1e-08,0.1,7.0,15
100000,100,0.001,0.003,4,nl,128,0.5,hwindow_12h_highdim_extra_midp,8,0.05,1e-08,0.1,7.0,15
100000,100,0.001,0.003,4,nl,128,0.5,hwindow_12h_highdim_extra_midp,8,0.1,1e-08,0.1,7.0,15
100000,100,0.001,0.003,4,nl,128,0.5,hwindow_12h_highdim_extra_midp,8,0.5,1e-08,0.1,7.0,15
100000,100,0.001,0.003,4,nl,128,0.5,hwindow_12h_highdim_extra_midp,8,1.0,1e-08,0.1,7.0,15
100000,100,0.001,0.003,4,nl,128,0.5,hwindow_12h_highdim_extra_midp,16,0.01,1e-08,0.1,7.0,15
100000,100,0.001,0.003,4,nl,128,0.5,hwindow_12h_highdim_extra_midp,16,0.05,1e-08,0.1,7.0,15
100000,100,0.001,0.003,4,nl,128,0.5,hwindow_12h_highdim_extra_midp,16,0.1,1e-08,0.1,7.0,15
100000,100,0.001,0.003,4,nl,128,0.5,hwindow_12h_highdim_extra_midp,16,0.5,1e-08,0.1,7.0,15
100000,100,0.001,0.003,4,nl,128,0.5,hwindow_12h_highdim_extra_midp,16,1.0,1e-08,0.1,7.0,15
100000,100,0.001,0.003,8,nl,128,0.5,hwindow_12h_highdim_extra_midp,1,0.01,1e-08,0.1,7.0,15
100000,100,0.001,0.003,8,nl,128,0.5,hwindow_12h_highdim_extra_midp,1,0.05,1e-08,0.1,7.0,15
100000,100,0.001,0.003,8,nl,128,0.5,hwindow_12h_highdim_extra_midp,1,0.1,1e-08,0.1,7.0,15
100000,100,0.001,0.003,8,nl,128,0.5,hwindow_12h_highdim_extra_midp,1,0.5,1e-08,0.1,7.0,15
100000,100,0.001,0.003,8,nl,128,0.5,hwindow_12h_highdim_extra_midp,1,1.0,1e-08,0.1,7.0,15
100000,100,0.001,0.003,8,nl,128,0.5,hwindow_12h_highdim_extra_midp,2,0.01,1e-08,0.1,7.0,15
100000,100,0.001,0.003,8,nl,128,0.5,hwindow_12h_highdim_extra_midp,2,0.05,1e-08,0.1,7.0,15
100000,100,0.001,0.003,8,nl,128,0.5,hwindow_12h_highdim_extra_midp,2,0.1,1e-08,0.1,7.0,15
100000,100,0.001,0.003,8,nl,128,0.5,hwindow_12h_highdim_extra_midp,2,0.5,1e-08,0.1,7.0,15
100000,100,0.001,0.003,8,nl,128,0.5,hwindow_12h_highdim_extra_midp,2,1.0,1e-08,0.1,7.0,15
100000,100,0.001,0.003,8,nl,128,0.5,hwindow_12h_highdim_extra_midp,4,0.01,1e-08,0.1,7.0,15
100000,100,0.001,0.003,8,nl,128,0.5,hwindow_12h_highdim_extra_midp,4,0.05,1e-08,0.1,7.0,15
100000,100,0.001,0.003,8,nl,128,0.5,hwindow_12h_highdim_extra_midp,4,0.1,1e-08,0.1,7.0,15
100000,100,0.001,0.003,8,nl,128,0.5,hwindow_12h_highdim_extra_midp,4,0.5,1e-08,0.1,7.0,15
100000,100,0.001,0.003,8,nl,128,0.5,hwindow_12h_highdim_extra_midp,4,1.0,1e-08,0.1,7.0,15
100000,100,0.001,0.003,8,nl,128,0.5,hwindow_12h_highdim_extra_midp,8,0.01,1e-08,0.1,7.0,15
100000,100,0.001,0.003,8,nl,128,0.5,hwindow_12h_highdim_extra_midp,8,0.05,1e-08,0.1,7.0,15
100000,100,0.001,0.003,8,nl,128,0.5,hwindow_12h_highdim_extra_midp,8,0.1,1e-08,0.1,7.0,15
100000,100,0.001,0.003,8,nl,128,0.5,hwindow_12h_highdim_extra_midp,8,0.5,1e-08,0.1,7.0,15
100000,100,0.001,0.003,8,nl,128,0.5,hwindow_12h_highdim_extra_midp,8,1.0,1e-08,0.1,7.0,15
100000,100,0.001,0.003,8,nl,128,0.5,hwindow_12h_highdim_extra_midp,16,0.01,1e-08,0.1,7.0,15
100000,100,0.001,0.003,8,nl,128,0.5,hwindow_12h_highdim_extra_midp,16,0.05,1e-08,0.1,7.0,15
100000,100,0.001,0.003,8,nl,128,0.5,hwindow_12h_highdim_extra_midp,16,0.1,1e-08,0.1,7.0,15
100000,100,0.001,0.003,8,nl,128,0.5,hwindow_12h_highdim_extra_midp,16,0.5,1e-08,0.1,7.0,15
100000,100,0.001,0.003,8,nl,128,0.5,hwindow_12h_highdim_extra_midp,16,1.0,1e-08,0.1,7.0,15
100000,1000,0.01,1e-05,4,lin,128,0.0,main,1,0.01,3e-06,0.1,4.522878745280337,9
100000,1000,0.01,1e-05,4,lin,128,0.0,main,1,0.05,1e-06,0.1,5.0,11
100000,1000,0.01,1e-05,4,lin,128,0.0,main,1,0.1,1e-06,0.1,5.0,11
100000,1000,0.01,1e-05,4,lin,128,0.0,main,1,0.5,1e-08,0.1,7.0,15
100000,1000,0.01,1e-05,4,lin,128,0.0,main,1,1.0,1e-08,0.1,7.0,15
100000,1000,0.01,1e-05,4,lin,128,0.0,main,2,0.01,1e-06,0.1,5.0,11
100000,1000,0.01,1e-05,4,lin,128,0.0,main,2,0.05,1e-06,0.1,5.0,11
100000,1000,0.01,1e-05,4,lin,128,0.0,main,2,0.1,3e-08,0.1,6.522878745280337,13
100000,1000,0.01,1e-05,4,lin,128,0.0,main,2,0.5,1e-08,0.1,7.0,15
100000,1000,0.01,1e-05,4,lin,128,0.0,main,2,1.0,1e-08,0.1,7.0,15
100000,1000,0.01,1e-05,4,lin,128,0.0,main,4,0.01,1e-06,0.1,5.0,11
100000,1000,0.01,1e-05,4,lin,128,0.0,main,4,0.05,3e-08,0.1,6.522878745280337,13
100000,1000,0.01,1e-05,4,lin,128,0.0,main,4,0.1,1e-08,0.1,7.0,15
100000,1000,0.01,1e-05,4,lin,128,0.0,main,4,0.5,1e-08,0.1,7.0,15
100000,1000,0.01,1e-05,4,lin,128,0.0,main,4,1.0,1e-08,0.1,7.0,15
100000,1000,0.01,1e-05,4,lin,128,0.0,main,8,0.01,1e-06,0.1,5.0,11
100000,1000,0.01,1e-05,4,lin,128,0.0,main,8,0.05,1e-08,0.1,7.0,15
100000,1000,0.01,1e-05,4,lin,128,0.0,main,8,0.1,1e-08,0.1,7.0,15
100000,1000,0.01,1e-05,4,lin,128,0.0,main,8,0.5,1e-08,0.1,7.0,15
100000,1000,0.01,1e-05,4,lin,128,0.0,main,8,1.0,1e-08,0.1,7.0,15
100000,1000,0.01,1e-05,4,lin,128,0.0,main,16,0.01,3e-08,0.1,6.522878745280337,13
100000,1000,0.01,1e-05,4,lin,128,0.0,main,16,0.05,1e-08,0.1,7.0,15
100000,1000,0.01,1e-05,4,lin,128,0.0,main,16,0.1,1e-08,0.1,7.0,15
100000,1000,0.01,1e-05,4,lin,128,0.0,main,16,0.5,1e-08,0.1,7.0,15
100000,1000,0.01,1e-05,4,lin,128,0.0,main,16,1.0,1e-08,0.1,7.0,15
100000,1000,0.01,1e-05,4,lin,128,1.0,main,1,0.01,1e-05,0.01,3.0,6
100000,1000,0.01,1e-05,4,lin,128,1.0,main,1,0.05,1e-06,0.1,5.0,11
100000,1000,0.01,1e-05,4,lin,128,1.0,main,1,0.1,3e-07,0.1,5.522878745280337,12
100000,1000,0.01,1e-05,4,lin,128,1.0,main,1,0.5,3e-08,0.1,6.522878745280337,14
100000,1000,0.01,1e-05,4,lin,128,1.0,main,1,1.0,1e-08,0.1,7.0,15
100000,1000,0.01,1e-05,4,lin,128,1.0,main,2,0.01,3e-06,0.1,4.522878745280337,10
100000,1000,0.01,1e-05,4,lin,128,1.0,main,2,0.05,3e-07,0.1,5.522878745280337,12
100000,1000,0.01,1e-05,4,lin,128,1.0,main,2,0.1,3e-08,0.1,6.522878745280337,14
100000,1000,0.01,1e-05,4,lin,128,1.0,main,2,0.5,1e-08,0.1,7.0,15
100000,1000,0.01,1e-05,4,lin,128,1.0,main,2,1.0,1e-08,0.1,7.0,15
100000,1000,0.01,1e-05,4,lin,128,1.0,main,4,0.01,1e-06,0.1,5.0,11
100000,1000,0.01,1e-05,4,lin,128,1.0,main,4,0.05,3e-08,0.1,6.522878745280337,14
100000,1000,0.01,1e-05,4,lin,128,1.0,main,4,0.1,3e-08,0.1,6.522878745280337,14
100000,1000,0.01,1e-05,4,lin,128,1.0,main,4,0.5,1e-08,0.1,7.0,15
100000,1000,0.01,1e-05,4,lin,128,1.0,main,4,1.0,1e-08,0.1,7.0,15
100000,1000,0.01,1e-05,4,lin,128,1.0,main,8,0.01,1e-06,0.1,5.0,11
100000,1000,0.01,1e-05,4,lin,128,1.0,main,8,0.05,3e-08,0.1,6.522878745280337,14
100000,1000,0.01,1e-05,4,lin,128,1.0,main,8,0.1,1e-08,0.1,7.0,15
100000,1000,0.01,1e-05,4,lin,128,1.0,main,8,0.5,1e-08,0.1,7.0,15
100000,1000,0.01,1e-05,4,lin,128,1.0,main,8,1.0,1e-08,0.1,7.0,15
100000,1000,0.01,1e-05,4,lin,128,1.0,main,16,0.01,1e-07,0.1,6.0,13
100000,1000,0.01,1e-05,4,lin,128,1.0,main,16,0.05,1e-08,0.1,7.0,15
100000,1000,0.01,1e-05,4,lin,128,1.0,main,16,0.1,1e-08,0.1,7.0,15
100000,1000,0.01,1e-05,4,lin,128,1.0,main,16,0.5,1e-08,0.1,7.0,15
100000,1000,0.01,1e-05,4,lin,128,1.0,main,16,1.0,1e-08,0.1,7.0,15
100000,1000,0.01,1e-05,4,nl,128,0.0,main,1,0.01,1e-08,0.03,6.477121254719663,6
100000,1000,0.01,1e-05,4,nl,128,0.0,main,1,0.05,1e-08,0.1,7.0,15
100000,1000,0.01,1e-05,4,nl,128,0.0,main,1,0.1,1e-08,0.1,7.0,15
100000,1000,0.01,1e-05,4,nl,128,0.0,main,1,0.5,1e-08,0.1,7.0,15
100000,1000,0.01,1e-05,4,nl,128,0.0,main,1,1.0,1e-08,0.1,7.0,15
100000,1000,0.01,1e-05,4,nl,128,0.0,main,2,0.01,1e-08,0.1,7.0,15
100000,1000,0.01,1e-05,4,nl,128,0.0,main,2,0.05,1e-08,0.1,7.0,15
100000,1000,0.01,1e-05,4,nl,128,0.0,main,2,0.1,1e-08,0.1,7.0,15
100000,1000,0.01,1e-05,4,nl,128,0.0,main,2,0.5,1e-08,0.1,7.0,15
100000,1000,0.01,1e-05,4,nl,128,0.0,main,2,1.0,1e-08,0.1,7.0,15
100000,1000,0.01,1e-05,4,nl,128,0.0,main,4,0.01,1e-08,0.1,7.0,15
100000,1000,0.01,1e-05,4,nl,128,0.0,main,4,0.05,1e-08,0.1,7.0,15
100000,1000,0.01,1e-05,4,nl,128,0.0,main,4,0.1,1e-08,0.1,7.0,15
100000,1000,0.01,1e-05,4,nl,128,0.0,main,4,0.5,1e-08,0.1,7.0,15
100000,1000,0.01,1e-05,4,nl,128,0.0,main,4,1.0,1e-08,0.1,7.0,15
100000,1000,0.01,1e-05,4,nl,128,0.0,main,8,0.01,1e-08,0.1,7.0,15
100000,1000,0.01,1e-05,4,nl,128,0.0,main,8,0.05,1e-08,0.1,7.0,15
100000,1000,0.01,1e-05,4,nl,128,0.0,main,8,0.1,1e-08,0.1,7.0,15
100000,1000,0.01,1e-05,4,nl,128,0.0,main,8,0.5,1e-08,0.1,7.0,15
100000,1000,0.01,1e-05,4,nl,128,0.0,main,8,1.0,1e-08,0.1,7.0,15
100000,1000,0.01,1e-05,4,nl,128,0.0,main,16,0.01,1e-08,0.1,7.0,15
100000,1000,0.01,1e-05,4,nl,128,0.0,main,16,0.05,1e-08,0.1,7.0,15
100000,1000,0.01,1e-05,4,nl,128,0.0,main,16,0.1,1e-08,0.1,7.0,15
100000,1000,0.01,1e-05,4,nl,128,0.0,main,16,0.5,1e-08,0.1,7.0,15
100000,1000,0.01,1e-05,4,nl,128,0.0,main,16,1.0,1e-08,0.1,7.0,15
100000,1000,0.01,1e-05,4,nl,128,1.0,main,1,0.01,1e-08,0.1,7.0,15
100000,1000,0.01,1e-05,4,nl,128,1.0,main,1,0.05,1e-08,0.1,7.0,15
100000,1000,0.01,1e-05,4,nl,128,1.0,main,1,0.1,1e-08,0.1,7.0,15
100000,1000,0.01,1e-05,4,nl,128,1.0,main,1,0.5,1e-08,0.1,7.0,15
100000,1000,0.01,1e-05,4,nl,128,1.0,main,1,1.0,1e-08,0.1,7.0,15
100000,1000,0.01,1e-05,4,nl,128,1.0,main,2,0.01,1e-08,0.1,7.0,15
100000,1000,0.01,1e-05,4,nl,128,1.0,main,2,0.05,1e-08,0.1,7.0,15
100000,1000,0.01,1e-05,4,nl,128,1.0,main,2,0.1,1e-08,0.1,7.0,15
100000,1000,0.01,1e-05,4,nl,128,1.0,main,2,0.5,1e-08,0.1,7.0,15
100000,1000,0.01,1e-05,4,nl,128,1.0,main,2,1.0,1e-08,0.1,7.0,15
100000,1000,0.01,1e-05,4,nl,128,1.0,main,4,0.01,1e-08,0.1,7.0,15
100000,1000,0.01,1e-05,4,nl,128,1.0,main,4,0.05,1e-08,0.1,7.0,15
100000,1000,0.01,1e-05,4,nl,128,1.0,main,4,0.1,1e-08,0.1,7.0,15
100000,1000,0.01,1e-05,4,nl,128,1.0,main,4,0.5,1e-08,0.1,7.0,15
100000,1000,0.01,1e-05,4,nl,128,1.0,main,4,1.0,1e-08,0.1,7.0,15
100000,1000,0.01,1e-05,4,nl,128,1.0,main,8,0.01,1e-08,0.1,7.0,15
100000,1000,0.01,1e-05,4,nl,128,1.0,main,8,0.05,1e-08,0.1,7.0,15
100000,1000,0.01,1e-05,4,nl,128,1.0,main,8,0.1,1e-08,0.1,7.0,15
100000,1000,0.01,1e-05,4,nl,128,1.0,main,8,0.5,1e-08,0.1,7.0,15
100000,1000,0.01,1e-05,4,nl,128,1.0,main,8,1.0,1e-08,0.1,7.0,15
100000,1000,0.01,1e-05,4,nl,128,1.0,main,16,0.01,1e-08,0.1,7.0,15
100000,1000,0.01,1e-05,4,nl,128,1.0,main,16,0.05,1e-08,0.1,7.0,15
100000,1000,0.01,1e-05,4,nl,128,1.0,main,16,0.1,1e-08,0.1,7.0,15
100000,1000,0.01,1e-05,4,nl,128,1.0,main,16,0.5,1e-08,0.1,7.0,15
100000,1000,0.01,1e-05,4,nl,128,1.0,main,16,1.0,1e-08,0.1,7.0,15
100000,1000,0.01,1e-05,8,lin,128,0.0,main,1,0.01,3e-06,0.1,4.522878745280337,9
100000,1000,0.01,1e-05,8,lin,128,0.0,main,1,0.05,1e-06,0.1,5.0,11
100000,1000,0.01,1e-05,8,lin,128,0.0,main,1,0.1,3e-07,0.1,5.522878745280337,12
100000,1000,0.01,1e-05,8,lin,128,0.0,main,1,0.5,3e-08,0.1,6.522878745280337,14
100000,1000,0.01,1e-05,8,lin,128,0.0,main,1,1.0,1e-08,0.1,7.0,15
100000,1000,0.01,1e-05,8,lin,128,0.0,main,2,0.01,3e-06,0.1,4.522878745280337,10
100000,1000,0.01,1e-05,8,lin,128,0.0,main,2,0.05,3e-07,0.1,5.522878745280337,12
100000,1000,0.01,1e-05,8,lin,128,0.0,main,2,0.1,3e-07,0.1,5.522878745280337,12
100000,1000,0.01,1e-05,8,lin,128,0.0,main,2,0.5,1e-08,0.1,7.0,15
100000,1000,0.01,1e-05,8,lin,128,0.0,main,2,1.0,1e-08,0.1,7.0,15
100000,1000,0.01,1e-05,8,lin,128,0.0,main,4,0.01,1e-06,0.1,5.0,11
100000,1000,0.01,1e-05,8,lin,128,0.0,main,4,0.05,3e-07,0.1,5.522878745280337,12
100000,1000,0.01,1e-05,8,lin,128,0.0,main,4,0.1,3e-08,0.1,6.522878745280337,14
100000,1000,0.01,1e-05,8,lin,128,0.0,main,4,0.5,1e-08,0.1,7.0,15
100000,1000,0.01,1e-05,8,lin,128,0.0,main,4,1.0,1e-08,0.1,7.0,15
100000,1000,0.01,1e-05,8,lin,128,0.0,main,8,0.01,3e-07,0.1,5.522878745280337,12
100000,1000,0.01,1e-05,8,lin,128,0.0,main,8,0.05,3e-08,0.1,6.522878745280337,14
100000,1000,0.01,1e-05,8,lin,128,0.0,main,8,0.1,3e-08,0.1,6.522878745280337,14
100000,1000,0.01,1e-05,8,lin,128,0.0,main,8,0.5,1e-08,0.1,7.0,15
100000,1000,0.01,1e-05,8,lin,128,0.0,main,8,1.0,1e-08,0.1,7.0,15
100000,1000,0.01,1e-05,8,lin,128,0.0,main,16,0.01,3e-07,0.1,5.522878745280337,12
100000,1000,0.01,1e-05,8,lin,128,0.0,main,16,0.05,3e-08,0.1,6.522878745280337,14
100000,1000,0.01,1e-05,8,lin,128,0.0,main,16,0.1,1e-08,0.1,7.0,15
100000,1000,0.01,1e-05,8,lin,128,0.0,main,16,0.5,1e-08,0.1,7.0,15
100000,1000,0.01,1e-05,8,lin,128,0.0,main,16,1.0,1e-08,0.1,7.0,15
100000,1000,0.01,1e-05,8,lin,128,1.0,main,1,0.01,1e-05,0.1,4.0,9
100000,1000,0.01,1e-05,8,lin,128,1.0,main,1,0.05,1e-05,0.1,4.0,9
100000,1000,0.01,1e-05,8,lin,128,1.0,main,1,0.1,3e-06,0.1,4.522878745280337,10
100000,1000,0.01,1e-05,8,lin,128,1.0,main,1,0.5,3e-06,0.1,4.522878745280337,10
100000,1000,0.01,1e-05,8,lin,128,1.0,main,1,1.0,3e-08,0.1,6.522878745280337,12
100000,1000,0.01,1e-05,8,lin,128,1.0,main,2,0.01,1e-05,0.1,4.0,9
100000,1000,0.01,1e-05,8,lin,128,1.0,main,2,0.05,3e-06,0.1,4.522878745280337,10
100000,1000,0.01,1e-05,8,lin,128,1.0,main,2,0.1,3e-06,0.1,4.522878745280337,10
100000,1000,0.01,1e-05,8,lin,128,1.0,main,2,0.5,3e-08,0.1,6.522878745280337,12
100000,1000,0.01,1e-05,8,lin,128,1.0,main,2,1.0,3e-08,0.1,6.522878745280337,12
100000,1000,0.01,1e-05,8,lin,128,1.0,main,4,0.01,1e-05,0.1,4.0,9
100000,1000,0.01,1e-05,8,lin,128,1.0,main,4,0.05,3e-06,0.1,4.522878745280337,10
100000,1000,0.01,1e-05,8,lin,128,1.0,main,4,0.1,3e-06,0.1,4.522878745280337,10
100000,1000,0.01,1e-05,8,lin,128,1.0,main,4,0.5,3e-08,0.1,6.522878745280337,12
100000,1000,0.01,1e-05,8,lin,128,1.0,main,4,1.0,3e-08,0.1,6.522878745280337,12
100000,1000,0.01,1e-05,8,lin,128,1.0,main,8,0.01,3e-06,0.1,4.522878745280337,10
100000,1000,0.01,1e-05,8,lin,128,1.0,main,8,0.05,3e-06,0.1,4.522878745280337,10
100000,1000,0.01,1e-05,8,lin,128,1.0,main,8,0.1,3e-08,0.1,6.522878745280337,11
100000,1000,0.01,1e-05,8,lin,128,1.0,main,8,0.5,3e-08,0.1,6.522878745280337,12
100000,1000,0.01,1e-05,8,lin,128,1.0,main,8,1.0,1e-08,0.1,7.0,14
100000,1000,0.01,1e-05,8,lin,128,1.0,main,16,0.01,3e-06,0.1,4.522878745280337,10
100000,1000,0.01,1e-05,8,lin,128,1.0,main,16,0.05,3e-08,0.1,6.522878745280337,11
100000,1000,0.01,1e-05,8,lin,128,1.0,main,16,0.1,3e-08,0.1,6.522878745280337,12
100000,1000,0.01,1e-05,8,lin,128,1.0,main,16,0.5,1e-08,0.1,7.0,14
100000,1000,0.01,1e-05,8,lin,128,1.0,main,16,1.0,1e-08,0.1,7.0,15
100000,1000,0.01,1e-05,8,nl,128,0.0,main,1,0.01,3e-05,0.1,3.5228787452803374,6
100000,1000,0.01,1e-05,8,nl,128,0.0,main,1,0.05,1e-05,0.1,4.0,9
100000,1000,0.01,1e-05,8,nl,128,0.0,main,1,0.1,3e-06,0.1,4.522878745280337,10
100000,1000,0.01,1e-05,8,nl,128,0.0,main,1,0.5,3e-07,0.1,5.522878745280337,12
100000,1000,0.01,1e-05,8,nl,128,0.0,main,1,1.0,3e-07,0.1,5.522878745280337,12
100000,1000,0.01,1e-05,8,nl,128,0.0,main,2,0.01,1e-05,0.1,4.0,9
100000,1000,0.01,1e-05,8,nl,128,0.0,main,2,0.05,3e-06,0.1,4.522878745280337,10
100000,1000,0.01,1e-05,8,nl,128,0.0,main,2,0.1,1e-06,0.1,5.0,11
100000,1000,0.01,1e-05,8,nl,128,0.0,main,2,0.5,3e-07,0.1,5.522878745280337,12
100000,1000,0.01,1e-05,8,nl,128,0.0,main,2,1.0,3e-07,0.1,5.522878745280337,12
100000,1000,0.01,1e-05,8,nl,128,0.0,main,4,0.01,1e-05,0.1,4.0,9
100000,1000,0.01,1e-05,8,nl,128,0.0,main,4,0.05,1e-06,0.1,5.0,11
100000,1000,0.01,1e-05,8,nl,128,0.0,main,4,0.1,1e-06,0.1,5.0,11
100000,1000,0.01,1e-05,8,nl,128,0.0,main,4,0.5,3e-07,0.1,5.522878745280337,12
100000,1000,0.01,1e-05,8,nl,128,0.0,main,4,1.0,1e-07,0.1,6.0,13
100000,1000,0.01,1e-05,8,nl,128,0.0,main,8,0.01,1e-05,0.1,4.0,9
100000,1000,0.01,1e-05,8,nl,128,0.0,main,8,0.05,1e-06,0.1,5.0,11
100000,1000,0.01,1e-05,8,nl,128,0.0,main,8,0.1,3e-07,0.1,5.522878745280337,12
100000,1000,0.01,1e-05,8,nl,128,0.0,main,8,0.5,1e-07,0.1,6.0,13
100000,1000,0.01,1e-05,8,nl,128,0.0,main,8,1.0,1e-07,0.1,6.0,13
100000,1000,0.01,1e-05,8,nl,128,0.0,main,16,0.01,1e-06,0.1,5.0,11
100000,1000,0.01,1e-05,8,nl,128,0.0,main,16,0.05,3e-07,0.1,5.522878745280337,12
100000,1000,0.01,1e-05,8,nl,128,0.0,main,16,0.1,3e-07,0.1,5.522878745280337,12
100000,1000,0.01,1e-05,8,nl,128,0.0,main,16,0.5,1e-07,0.1,6.0,13
100000,1000,0.01,1e-05,8,nl,128,0.0,main,16,1.0,1e-07,0.1,6.0,13
100000,1000,0.01,1e-05,8,nl,128,1.0,main,1,0.01,1e-08,0.1,7.0,9
100000,1000,0.01,1e-05,8,nl,128,1.0,main,1,0.05,1e-08,0.1,7.0,10
100000,1000,0.01,1e-05,8,nl,128,1.0,main,1,0.1,1e-08,0.1,7.0,11
100000,1000,0.01,1e-05,8,nl,128,1.0,main,1,0.5,1e-08,0.1,7.0,13
100000,1000,0.01,1e-05,8,nl,128,1.0,main,1,1.0,1e-08,0.1,7.0,14
100000,1000,0.01,1e-05,8,nl,128,1.0,main,2,0.01,1e-08,0.1,7.0,10
100000,1000,0.01,1e-05,8,nl,128,1.0,main,2,0.05,1e-08,0.1,7.0,11
100000,1000,0.01,1e-05,8,nl,128,1.0,main,2,0.1,1e-08,0.1,7.0,12
100000,1000,0.01,1e-05,8,nl,128,1.0,main,2,0.5,1e-08,0.1,7.0,14
100000,1000,0.01,1e-05,8,nl,128,1.0,main,2,1.0,1e-08,0.1,7.0,14
100000,1000,0.01,1e-05,8,nl,128,1.0,main,4,0.01,1e-08,0.1,7.0,10
100000,1000,0.01,1e-05,8,nl,128,1.0,main,4,0.05,1e-08,0.1,7.0,12
100000,1000,0.01,1e-05,8,nl,128,1.0,main,4,0.1,1e-08,0.1,7.0,13
100000,1000,0.01,1e-05,8,nl,128,1.0,main,4,0.5,1e-08,0.1,7.0,14
100000,1000,0.01,1e-05,8,nl,128,1.0,main,4,1.0,1e-08,0.1,7.0,14
100000,1000,0.01,1e-05,8,nl,128,1.0,main,8,0.01,1e-08,0.1,7.0,11
100000,1000,0.01,1e-05,8,nl,128,1.0,main,8,0.05,1e-08,0.1,7.0,13
100000,1000,0.01,1e-05,8,nl,128,1.0,main,8,0.1,1e-08,0.1,7.0,13
100000,1000,0.01,1e-05,8,nl,128,1.0,main,8,0.5,1e-08,0.1,7.0,14
100000,1000,0.01,1e-05,8,nl,128,1.0,main,8,1.0,1e-08,0.1,7.0,15
100000,1000,0.01,1e-05,8,nl,128,1.0,main,16,0.01,1e-08,0.1,7.0,12
100000,1000,0.01,1e-05,8,nl,128,1.0,main,16,0.05,1e-08,0.1,7.0,13
100000,1000,0.01,1e-05,8,nl,128,1.0,main,16,0.1,1e-08,0.1,7.0,14
100000,1000,0.01,1e-05,8,nl,128,1.0,main,16,0.5,1e-08,0.1,7.0,15
100000,1000,0.01,1e-05,8,nl,128,1.0,main,16,1.0,1e-08,0.1,7.0,15
100000,1000,0.01,0.0001,4,lin,128,0.0,main,1,0.01,1e-08,0.03,6.477121254719663,8
100000,1000,0.01,0.0001,4,lin,128,0.0,main,1,0.05,1e-08,0.1,7.0,10
100000,1000,0.01,0.0001,4,lin,128,0.0,main,1,0.1,1e-08,0.1,7.0,11
100000,1000,0.01,0.0001,4,lin,128,0.0,main,1,0.5,1e-08,0.1,7.0,12
100000,1000,0.01,0.0001,4,lin,128,0.0,main,1,1.0,1e-08,0.1,7.0,13
100000,1000,0.01,0.0001,4,lin,128,0.0,main,2,0.01,1e-08,0.1,7.0,9
100000,1000,0.01,0.0001,4,lin,128,0.0,main,2,0.05,1e-08,0.1,7.0,11
100000,1000,0.01,0.0001,4,lin,128,0.0,main,2,0.1,1e-08,0.1,7.0,11
100000,1000,0.01,0.0001,4,lin,128,0.0,main,2,0.5,1e-08,0.1,7.0,13
100000,1000,0.01,0.0001,4,lin,128,0.0,main,2,1.0,1e-08,0.1,7.0,13
100000,1000,0.01,0.0001,4,lin,128,0.0,main,4,0.01,1e-08,0.1,7.0,10
100000,1000,0.01,0.0001,4,lin,128,0.0,main,4,0.05,1e-08,0.1,7.0,11
100000,1000,0.01,0.0001,4,lin,128,0.0,main,4,0.1,1e-08,0.1,7.0,12
100000,1000,0.01,0.0001,4,lin,128,0.0,main,4,0.5,1e-08,0.1,7.0,13
100000,1000,0.01,0.0001,4,lin,128,0.0,main,4,1.0,1e-08,0.1,7.0,14
100000,1000,0.01,0.0001,4,lin,128,0.0,main,8,0.01,1e-08,0.1,7.0,11
100000,1000,0.01,0.0001,4,lin,128,0.0,main,8,0.05,1e-08,0.1,7.0,12
100000,1000,0.01,0.0001,4,lin,128,0.0,main,8,0.1,1e-08,0.1,7.0,12
100000,1000,0.01,0.0001,4,lin,128,0.0,main,8,0.5,1e-08,0.1,7.0,14
100000,1000,0.01,0.0001,4,lin,128,0.0,main,8,1.0,1e-08,0.1,7.0,15
100000,1000,0.01,0.0001,4,lin,128,0.0,main,16,0.01,1e-08,0.1,7.0,11
100000,1000,0.01,0.0001,4,lin,128,0.0,main,16,0.05,1e-08,0.1,7.0,12
100000,1000,0.01,0.0001,4,lin,128,0.0,main,16,0.1,1e-08,0.1,7.0,13
100000,1000,0.01,0.0001,4,lin,128,0.0,main,16,0.5,1e-08,0.1,7.0,15
100000,1000,0.01,0.0001,4,lin,128,0.0,main,16,1.0,1e-08,0.1,7.0,15
100000,1000,0.01,0.0001,4,lin,128,1.0,main,1,0.01,3e-05,0.1,3.5228787452803374,8
100000,1000,0.01,0.0001,4,lin,128,1.0,main,1,0.05,1e-05,0.1,4.0,9
100000,1000,0.01,0.0001,4,lin,128,1.0,main,1,0.1,3e-06,0.1,4.522878745280337,10
100000,1000,0.01,0.0001,4,lin,128,1.0,main,1,0.5,1e-06,0.1,5.0,11
100000,1000,0.01,0.0001,4,lin,128,1.0,main,1,1.0,1e-06,0.1,5.0,11
100000,1000,0.01,0.0001,4,lin,128,1.0,main,2,0.01,3e-05,0.1,3.5228787452803374,8
100000,1000,0.01,0.0001,4,lin,128,1.0,main,2,0.05,3e-06,0.1,4.522878745280337,10
100000,1000,0.01,0.0001,4,lin,128,1.0,main,2,0.1,3e-06,0.1,4.522878745280337,10
100000,1000,0.01,0.0001,4,lin,128,1.0,main,2,0.5,1e-06,0.1,5.0,11
100000,1000,0.01,0.0001,4,lin,128,1.0,main,2,1.0,3e-07,0.1,5.522878745280337,12
100000,1000,0.01,0.0001,4,lin,128,1.0,main,4,0.01,1e-05,0.1,4.0,9
100000,1000,0.01,0.0001,4,lin,128,1.0,main,4,0.05,3e-06,0.1,4.522878745280337,10
100000,1000,0.01,0.0001,4,lin,128,1.0,main,4,0.1,1e-06,0.1,5.0,11
100000,1000,0.01,0.0001,4,lin,128,1.0,main,4,0.5,3e-07,0.1,5.522878745280337,12
100000,1000,0.01,0.0001,4,lin,128,1.0,main,4,1.0,3e-07,0.1,5.522878745280337,12
100000,1000,0.01,0.0001,4,lin,128,1.0,main,8,0.01,3e-06,0.1,4.522878745280337,10
100000,1000,0.01,0.0001,4,lin,128,1.0,main,8,0.05,1e-06,0.1,5.0,11
100000,1000,0.01,0.0001,4,lin,128,1.0,main,8,0.1,1e-06,0.1,5.0,11
100000,1000,0.01,0.0001,4,lin,128,1.0,main,8,0.5,3e-07,0.1,5.522878745280337,12
100000,1000,0.01,0.0001,4,lin,128,1.0,main,8,1.0,1e-07,0.1,6.0,13
100000,1000,0.01,0.0001,4,lin,128,1.0,main,16,0.01,3e-06,0.1,4.522878745280337,10
100000,1000,0.01,0.0001,4,lin,128,1.0,main,16,0.05,1e-06,0.1,5.0,11
100000,1000,0.01,0.0001,4,lin,128,1.0,main,16,0.1,1e-06,0.1,5.0,11
100000,1000,0.01,0.0001,4,lin,128,1.0,main,16,0.5,1e-07,0.1,6.0,13
100000,1000,0.01,0.0001,4,lin,128,1.0,main,16,1.0,1e-07,0.1,6.0,13
100000,1000,0.01,0.0001,4,nl,128,0.0,main,1,0.01,1e-08,0.1,7.0,8
100000,1000,0.01,0.0001,4,nl,128,0.0,main,1,0.05,1e-08,0.1,7.0,12
100000,1000,0.01,0.0001,4,nl,128,0.0,main,1,0.1,1e-08,0.1,7.0,13
100000,1000,0.01,0.0001,4,nl,128,0.0,main,1,0.5,1e-08,0.1,7.0,15
100000,1000,0.01,0.0001,4,nl,128,0.0,main,1,1.0,1e-08,0.1,7.0,15
100000,1000,0.01,0.0001,4,nl,128,0.0,main,2,0.01,1e-08,0.1,7.0,11
100000,1000,0.01,0.0001,4,nl,128,0.0,main,2,0.05,1e-08,0.1,7.0,13
100000,1000,0.01,0.0001,4,nl,128,0.0,main,2,0.1,1e-08,0.1,7.0,14
100000,1000,0.01,0.0001,4,nl,128,0.0,main,2,0.5,1e-08,0.1,7.0,15
100000,1000,0.01,0.0001,4,nl,128,0.0,main,2,1.0,1e-08,0.1,7.0,15
100000,1000,0.01,0.0001,4,nl,128,0.0,main,4,0.01,1e-08,0.1,7.0,12
100000,1000,0.01,0.0001,4,nl,128,0.0,main,4,0.05,1e-08,0.1,7.0,14
100000,1000,0.01,0.0001,4,nl,128,0.0,main,4,0.1,1e-08,0.1,7.0,15
100000,1000,0.01,0.0001,4,nl,128,0.0,main,4,0.5,1e-08,0.1,7.0,15
100000,1000,0.01,0.0001,4,nl,128,0.0,main,4,1.0,1e-08,0.1,7.0,15
100000,1000,0.01,0.0001,4,nl,128,0.0,main,8,0.01,1e-08,0.1,7.0,12
100000,1000,0.01,0.0001,4,nl,128,0.0,main,8,0.05,1e-08,0.1,7.0,15
100000,1000,0.01,0.0001,4,nl,128,0.0,main,8,0.1,1e-08,0.1,7.0,15
100000,1000,0.01,0.0001,4,nl,128,0.0,main,8,0.5,1e-08,0.1,7.0,15
100000,1000,0.01,0.0001,4,nl,128,0.0,main,8,1.0,1e-08,0.1,7.0,15
100000,1000,0.01,0.0001,4,nl,128,0.0,main,16,0.01,1e-08,0.1,7.0,14
100000,1000,0.01,0.0001,4,nl,128,0.0,main,16,0.05,1e-08,0.1,7.0,15
100000,1000,0.01,0.0001,4,nl,128,0.0,main,16,0.1,1e-08,0.1,7.0,15
100000,1000,0.01,0.0001,4,nl,128,0.0,main,16,0.5,1e-08,0.1,7.0,15
100000,1000,0.01,0.0001,4,nl,128,0.0,main,16,1.0,1e-08,0.1,7.0,15
100000,1000,0.01,0.0001,4,nl,128,1.0,main,1,0.01,0.0001,0.01,2.0,5
100000,1000,0.01,0.0001,4,nl,128,1.0,main,1,0.05,1e-08,0.1,7.0,11
100000,1000,0.01,0.0001,4,nl,128,1.0,main,1,0.1,1e-08,0.1,7.0,11
100000,1000,0.01,0.0001,4,nl,128,1.0,main,1,0.5,1e-08,0.1,7.0,13
100000,1000,0.01,0.0001,4,nl,128,1.0,main,1,1.0,1e-08,0.1,7.0,14
100000,1000,0.01,0.0001,4,nl,128,1.0,main,2,0.01,1e-08,0.1,7.0,9
100000,1000,0.01,0.0001,4,nl,128,1.0,main,2,0.05,1e-08,0.1,7.0,11
100000,1000,0.01,0.0001,4,nl,128,1.0,main,2,0.1,1e-08,0.1,7.0,12
100000,1000,0.01,0.0001,4,nl,128,1.0,main,2,0.5,1e-08,0.1,7.0,14
100000,1000,0.01,0.0001,4,nl,128,1.0,main,2,1.0,1e-08,0.1,7.0,15
100000,1000,0.01,0.0001,4,nl,128,1.0,main,4,0.01,1e-08,0.1,7.0,11
100000,1000,0.01,0.0001,4,nl,128,1.0,main,4,0.05,1e-08,0.1,7.0,12
100000,1000,0.01,0.0001,4,nl,128,1.0,main,4,0.1,1e-08,0.1,7.0,13
100000,1000,0.01,0.0001,4,nl,128,1.0,main,4,0.5,1e-08,0.1,7.0,15
100000,1000,0.01,0.0001,4,nl,128,1.0,main,4,1.0,1e-08,0.1,7.0,15
100000,1000,0.01,0.0001,4,nl,128,1.0,main,8,0.01,1e-08,0.1,7.0,11
100000,1000,0.01,0.0001,4,nl,128,1.0,main,8,0.05,1e-08,0.1,7.0,13
100000,1000,0.01,0.0001,4,nl,128,1.0,main,8,0.1,1e-08,0.1,7.0,14
100000,1000,0.01,0.0001,4,nl,128,1.0,main,8,0.5,1e-08,0.1,7.0,15
100000,1000,0.01,0.0001,4,nl,128,1.0,main,8,1.0,1e-08,0.1,7.0,15
100000,1000,0.01,0.0001,4,nl,128,1.0,main,16,0.01,1e-08,0.1,7.0,12
100000,1000,0.01,0.0001,4,nl,128,1.0,main,16,0.05,1e-08,0.1,7.0,14
100000,1000,0.01,0.0001,4,nl,128,1.0,main,16,0.1,1e-08,0.1,7.0,15
100000,1000,0.01,0.0001,4,nl,128,1.0,main,16,0.5,1e-08,0.1,7.0,15
100000,1000,0.01,0.0001,4,nl,128,1.0,main,16,1.0,1e-08,0.1,7.0,15
100000,1000,0.01,0.0001,8,lin,128,0.0,main,1,0.01,3e-05,0.1,3.5228787452803374,8
100000,1000,0.01,0.0001,8,lin,128,0.0,main,1,0.05,1e-05,0.1,4.0,9
100000,1000,0.01,0.0001,8,lin,128,0.0,main,1,0.1,1e-05,0.1,4.0,9
100000,1000,0.01,0.0001,8,lin,128,0.0,main,1,0.5,1e-06,0.1,5.0,11
100000,1000,0.01,0.0001,8,lin,128,0.0,main,1,1.0,1e-06,0.1,5.0,11
100000,1000,0.01,0.0001,8,lin,128,0.0,main,2,0.01,3e-05,0.1,3.5228787452803374,8
100000,1000,0.01,0.0001,8,lin,128,0.0,main,2,0.05,1e-05,0.1,4.0,9
100000,1000,0.01,0.0001,8,lin,128,0.0,main,2,0.1,3e-06,0.1,4.522878745280337,10
100000,1000,0.01,0.0001,8,lin,128,0.0,main,2,0.5,1e-06,0.1,5.0,11
100000,1000,0.01,0.0001,8,lin,128,0.0,main,2,1.0,1e-07,0.1,6.0,13
100000,1000,0.01,0.0001,8,lin,128,0.0,main,4,0.01,1e-05,0.1,4.0,9
100000,1000,0.01,0.0001,8,lin,128,0.0,main,4,0.05,3e-06,0.1,4.522878745280337,10
100000,1000,0.01,0.0001,8,lin,128,0.0,main,4,0.1,3e-06,0.1,4.522878745280337,10
100000,1000,0.01,0.0001,8,lin,128,0.0,main,4,0.5,1e-07,0.1,6.0,13
100000,1000,0.01,0.0001,8,lin,128,0.0,main,4,1.0,1e-07,0.1,6.0,13
100000,1000,0.01,0.0001,8,lin,128,0.0,main,8,0.01,1e-05,0.1,4.0,9
100000,1000,0.01,0.0001,8,lin,128,0.0,main,8,0.05,3e-06,0.1,4.522878745280337,10
100000,1000,0.01,0.0001,8,lin,128,0.0,main,8,0.1,1e-06,0.1,5.0,11
100000,1000,0.01,0.0001,8,lin,128,0.0,main,8,0.5,1e-07,0.1,6.0,13
100000,1000,0.01,0.0001,8,lin,128,0.0,main,8,1.0,1e-08,0.1,7.0,15
100000,1000,0.01,0.0001,8,lin,128,0.0,main,16,0.01,3e-06,0.1,4.522878745280337,10
100000,1000,0.01,0.0001,8,lin,128,0.0,main,16,0.05,1e-06,0.1,5.0,11
100000,1000,0.01,0.0001,8,lin,128,0.0,main,16,0.1,1e-07,0.1,6.0,13
100000,1000,0.01,0.0001,8,lin,128,0.0,main,16,0.5,1e-08,0.1,7.0,15
100000,1000,0.01,0.0001,8,lin,128,0.0,main,16,1.0,1e-08,0.1,7.0,15
100000,1000,0.01,0.0001,8,lin,128,1.0,main,1,0.01,1e-08,0.1,7.0,9
100000,1000,0.01,0.0001,8,lin,128,1.0,main,1,0.05,1e-08,0.1,7.0,10
100000,1000,0.01,0.0001,8,lin,128,1.0,main,1,0.1,1e-08,0.1,7.0,11
100000,1000,0.01,0.0001,8,lin,128,1.0,main,1,0.5,1e-08,0.1,7.0,13
100000,1000,0.01,0.0001,8,lin,128,1.0,main,1,1.0,1e-08,0.1,7.0,14
100000,1000,0.01,0.0001,8,lin,128,1.0,main,2,0.01,1e-08,0.1,7.0,10
100000,1000,0.01,0.0001,8,lin,128,1.0,main,2,0.05,1e-08,0.1,7.0,11
100000,1000,0.01,0.0001,8,lin,128,1.0,main,2,0.1,1e-08,0.1,7.0,12
100000,1000,0.01,0.0001,8,lin,128,1.0,main,2,0.5,1e-08,0.1,7.0,14
100000,1000,0.01,0.0001,8,lin,128,1.0,main,2,1.0,1e-08,0.1,7.0,15
100000,1000,0.01,0.0001,8,lin,128,1.0,main,4,0.01,1e-08,0.1,7.0,10
100000,1000,0.01,0.0001,8,lin,128,1.0,main,4,0.05,1e-08,0.1,7.0,12
100000,1000,0.01,0.0001,8,lin,128,1.0,main,4,0.1,1e-08,0.1,7.0,13
100000,1000,0.01,0.0001,8,lin,128,1.0,main,4,0.5,1e-08,0.1,7.0,15
100000,1000,0.01,0.0001,8,lin,128,1.0,main,4,1.0,1e-08,0.1,7.0,15
100000,1000,0.01,0.0001,8,lin,128,1.0,main,8,0.01,1e-08,0.1,7.0,11
100000,1000,0.01,0.0001,8,lin,128,1.0,main,8,0.05,1e-08,0.1,7.0,13
100000,1000,0.01,0.0001,8,lin,128,1.0,main,8,0.1,1e-08,0.1,7.0,14
100000,1000,0.01,0.0001,8,lin,128,1.0,main,8,0.5,1e-08,0.1,7.0,15
100000,1000,0.01,0.0001,8,lin,128,1.0,main,8,1.0,1e-08,0.1,7.0,15
100000,1000,0.01,0.0001,8,lin,128,1.0,main,16,0.01,1e-08,0.1,7.0,12
100000,1000,0.01,0.0001,8,lin,128,1.0,main,16,0.05,1e-08,0.1,7.0,14
100000,1000,0.01,0.0001,8,lin,128,1.0,main,16,0.1,1e-08,0.1,7.0,15
100000,1000,0.01,0.0001,8,lin,128,1.0,main,16,0.5,1e-08,0.1,7.0,15
100000,1000,0.01,0.0001,8,lin,128,1.0,main,16,1.0,1e-08,0.1,7.0,15
100000,1000,0.01,0.0001,8,nl,128,0.0,main,1,0.01,3e-05,0.03,3.0,7
100000,1000,0.01,0.0001,8,nl,128,0.0,main,1,0.05,3e-06,0.1,4.522878745280337,10
100000,1000,0.01,0.0001,8,nl,128,0.0,main,1,0.1,1e-06,0.1,5.0,11
100000,1000,0.01,0.0001,8,nl,128,0.0,main,1,0.5,3e-07,0.1,5.522878745280337,12
100000,1000,0.01,0.0001,8,nl,128,0.0,main,1,1.0,3e-07,0.1,5.522878745280337,12
100000,1000,0.01,0.0001,8,nl,128,0.0,main,2,0.01,1e-05,0.1,4.0,9
100000,1000,0.01,0.0001,8,nl,128,0.0,main,2,0.05,1e-06,0.1,5.0,11
100000,1000,0.01,0.0001,8,nl,128,0.0,main,2,0.1,1e-06,0.1,5.0,11
100000,1000,0.01,0.0001,8,nl,128,0.0,main,2,0.5,3e-07,0.1,5.522878745280337,12
100000,1000,0.01,0.0001,8,nl,128,0.0,main,2,1.0,1e-07,0.1,6.0,13
100000,1000,0.01,0.0001,8,nl,128,0.0,main,4,0.01,3e-06,0.1,4.522878745280337,10
100000,1000,0.01,0.0001,8,nl,128,0.0,main,4,0.05,1e-06,0.1,5.0,11
100000,1000,0.01,0.0001,8,nl,128,0.0,main,4,0.1,3e-07,0.1,5.522878745280337,12
100000,1000,0.01,0.0001,8,nl,128,0.0,main,4,0.5,1e-07,0.1,6.0,13
100000,1000,0.01,0.0001,8,nl,128,0.0,main,4,1.0,3e-08,0.1,6.522878745280337,14
100000,1000,0.01,0.0001,8,nl,128,0.0,main,8,0.01,1e-06,0.1,5.0,11
100000,1000,0.01,0.0001,8,nl,128,0.0,main,8,0.05,3e-07,0.1,5.522878745280337,12
100000,1000,0.01,0.0001,8,nl,128,0.0,main,8,0.1,3e-07,0.1,5.522878745280337,12
100000,1000,0.01,0.0001,8,nl,128,0.0,main,8,0.5,3e-08,0.1,6.522878745280337,14
100000,1000,0.01,0.0001,8,nl,128,0.0,main,8,1.0,3e-08,0.1,6.522878745280337,14
100000,1000,0.01,0.0001,8,nl,128,0.0,main,16,0.01,1e-06,0.1,5.0,11
100000,1000,0.01,0.0001,8,nl,128,0.0,main,16,0.05,3e-07,0.1,5.522878745280337,12
100000,1000,0.01,0.0001,8,nl,128,0.0,main,16,0.1,1e-07,0.1,6.0,13
100000,1000,0.01,0.0001,8,nl,128,0.0,main,16,0.5,3e-08,0.1,6.522878745280337,14
100000,1000,0.01,0.0001,8,nl,128,0.0,main,16,1.0,1e-08,0.1,7.0,15
100000,1000,0.01,0.0001,8,nl,128,1.0,main,1,0.01,,,,0
100000,1000,0.01,0.0001,8,nl,128,1.0,main,1,0.05,1e-08,0.1,7.0,11
100000,1000,0.01,0.0001,8,nl,128,1.0,main,1,0.1,1e-08,0.1,7.0,12
100000,1000,0.01,0.0001,8,nl,128,1.0,main,1,0.5,1e-08,0.1,7.0,13
100000,1000,0.01,0.0001,8,nl,128,1.0,main,1,1.0,1e-08,0.1,7.0,15
100000,1000,0.01,0.0001,8,nl,128,1.0,main,2,0.01,1e-07,0.1,6.0,6
100000,1000,0.01,0.0001,8,nl,128,1.0,main,2,0.05,1e-08,0.1,7.0,12
100000,1000,0.01,0.0001,8,nl,128,1.0,main,2,0.1,1e-08,0.1,7.0,12
100000,1000,0.01,0.0001,8,nl,128,1.0,main,2,0.5,1e-08,0.1,7.0,15
100000,1000,0.01,0.0001,8,nl,128,1.0,main,2,1.0,1e-08,0.1,7.0,15
100000,1000,0.01,0.0001,8,nl,128,1.0,main,4,0.01,1e-08,0.1,7.0,10
100000,1000,0.01,0.0001,8,nl,128,1.0,main,4,0.05,1e-08,0.1,7.0,12
100000,1000,0.01,0.0001,8,nl,128,1.0,main,4,0.1,1e-08,0.1,7.0,13
100000,1000,0.01,0.0001,8,nl,128,1.0,main,4,0.5,1e-08,0.1,7.0,15
100000,1000,0.01,0.0001,8,nl,128,1.0,main,4,1.0,1e-08,0.1,7.0,15
100000,1000,0.01,0.0001,8,nl,128,1.0,main,8,0.01,1e-08,0.1,7.0,12
100000,1000,0.01,0.0001,8,nl,128,1.0,main,8,0.05,1e-08,0.1,7.0,13
100000,1000,0.01,0.0001,8,nl,128,1.0,main,8,0.1,1e-08,0.1,7.0,14
100000,1000,0.01,0.0001,8,nl,128,1.0,main,8,0.5,1e-08,0.1,7.0,15
100000,1000,0.01,0.0001,8,nl,128,1.0,main,8,1.0,1e-08,0.1,7.0,15
100000,1000,0.01,0.0001,8,nl,128,1.0,main,16,0.01,1e-08,0.1,7.0,12
100000,1000,0.01,0.0001,8,nl,128,1.0,main,16,0.05,1e-08,0.1,7.0,14
100000,1000,0.01,0.0001,8,nl,128,1.0,main,16,0.1,1e-08,0.1,7.0,15
100000,1000,0.01,0.0001,8,nl,128,1.0,main,16,0.5,1e-08,0.1,7.0,15
100000,1000,0.01,0.0001,8,nl,128,1.0,main,16,1.0,1e-08,0.1,7.0,15
100000,1000,0.01,0.001,4,lin,128,0.0,main,1,0.01,1e-08,0.1,7.0,8
100000,1000,0.01,0.001,4,lin,128,0.0,main,1,0.05,1e-08,0.1,7.0,10
100000,1000,0.01,0.001,4,lin,128,0.0,main,1,0.1,1e-08,0.1,7.0,10
100000,1000,0.01,0.001,4,lin,128,0.0,main,1,0.5,1e-08,0.1,7.0,12
100000,1000,0.01,0.001,4,lin,128,0.0,main,1,1.0,1e-08,0.1,7.0,12
100000,1000,0.01,0.001,4,lin,128,0.0,main,2,0.01,1e-08,0.1,7.0,9
100000,1000,0.01,0.001,4,lin,128,0.0,main,2,0.05,1e-08,0.1,7.0,10
100000,1000,0.01,0.001,4,lin,128,0.0,main,2,0.1,1e-08,0.1,7.0,11
100000,1000,0.01,0.001,4,lin,128,0.0,main,2,0.5,1e-08,0.1,7.0,12
100000,1000,0.01,0.001,4,lin,128,0.0,main,2,1.0,1e-08,0.1,7.0,13
100000,1000,0.01,0.001,4,lin,128,0.0,main,4,0.01,1e-08,0.1,7.0,10
100000,1000,0.01,0.001,4,lin,128,0.0,main,4,0.05,1e-08,0.1,7.0,11
100000,1000,0.01,0.001,4,lin,128,0.0,main,4,0.1,1e-08,0.1,7.0,12
100000,1000,0.01,0.001,4,lin,128,0.0,main,4,0.5,1e-08,0.1,7.0,13
100000,1000,0.01,0.001,4,lin,128,0.0,main,4,1.0,1e-08,0.1,7.0,13
100000,1000,0.01,0.001,4,lin,128,0.0,main,8,0.01,1e-08,0.1,7.0,10
100000,1000,0.01,0.001,4,lin,128,0.0,main,8,0.05,1e-08,0.1,7.0,12
100000,1000,0.01,0.001,4,lin,128,0.0,main,8,0.1,1e-08,0.1,7.0,12
100000,1000,0.01,0.001,4,lin,128,0.0,main,8,0.5,1e-08,0.1,7.0,13
100000,1000,0.01,0.001,4,lin,128,0.0,main,8,1.0,1e-08,0.1,7.0,15
100000,1000,0.01,0.001,4,lin,128,0.0,main,16,0.01,1e-08,0.1,7.0,10
100000,1000,0.01,0.001,4,lin,128,0.0,main,16,0.05,1e-08,0.1,7.0,12
100000,1000,0.01,0.001,4,lin,128,0.0,main,16,0.1,1e-08,0.1,7.0,13
100000,1000,0.01,0.001,4,lin,128,0.0,main,16,0.5,1e-08,0.1,7.0,15
100000,1000,0.01,0.001,4,lin,128,0.0,main,16,1.0,1e-08,0.1,7.0,15
100000,1000,0.01,0.001,4,lin,128,1.0,main,1,0.01,1e-08,0.03,6.477121254719663,6
100000,1000,0.01,0.001,4,lin,128,1.0,main,1,0.05,1e-08,0.1,7.0,9
100000,1000,0.01,0.001,4,lin,128,1.0,main,1,0.1,1e-08,0.1,7.0,10
100000,1000,0.01,0.001,4,lin,128,1.0,main,1,0.5,1e-08,0.1,7.0,13
100000,1000,0.01,0.001,4,lin,128,1.0,main,1,1.0,1e-08,0.1,7.0,14
100000,1000,0.01,0.001,4,lin,128,1.0,main,2,0.01,1e-08,0.1,7.0,9
100000,1000,0.01,0.001,4,lin,128,1.0,main,2,0.05,1e-08,0.1,7.0,10
100000,1000,0.01,0.001,4,lin,128,1.0,main,2,0.1,1e-08,0.1,7.0,10
100000,1000,0.01,0.001,4,lin,128,1.0,main,2,0.5,1e-08,0.1,7.0,14
100000,1000,0.01,0.001,4,lin,128,1.0,main,2,1.0,1e-08,0.1,7.0,15
100000,1000,0.01,0.001,4,lin,128,1.0,main,4,0.01,1e-08,0.1,7.0,9
100000,1000,0.01,0.001,4,lin,128,1.0,main,4,0.05,1e-08,0.1,7.0,10
100000,1000,0.01,0.001,4,lin,128,1.0,main,4,0.1,1e-08,0.1,7.0,13
100000,1000,0.01,0.001,4,lin,128,1.0,main,4,0.5,1e-08,0.1,7.0,15
100000,1000,0.01,0.001,4,lin,128,1.0,main,4,1.0,1e-08,0.1,7.0,15
100000,1000,0.01,0.001,4,lin,128,1.0,main,8,0.01,1e-08,0.1,7.0,10
100000,1000,0.01,0.001,4,lin,128,1.0,main,8,0.05,1e-08,0.1,7.0,13
100000,1000,0.01,0.001,4,lin,128,1.0,main,8,0.1,1e-08,0.1,7.0,14
100000,1000,0.01,0.001,4,lin,128,1.0,main,8,0.5,1e-08,0.1,7.0,15
100000,1000,0.01,0.001,4,lin,128,1.0,main,8,1.0,1e-08,0.1,7.0,15
100000,1000,0.01,0.001,4,lin,128,1.0,main,16,0.01,1e-08,0.1,7.0,10
100000,1000,0.01,0.001,4,lin,128,1.0,main,16,0.05,1e-08,0.1,7.0,14
100000,1000,0.01,0.001,4,lin,128,1.0,main,16,0.1,1e-08,0.1,7.0,15
100000,1000,0.01,0.001,4,lin,128,1.0,main,16,0.5,1e-08,0.1,7.0,15
100000,1000,0.01,0.001,4,lin,128,1.0,main,16,1.0,1e-08,0.1,7.0,15
100000,1000,0.01,0.001,4,nl,128,0.0,main,1,0.01,1e-08,0.1,7.0,7
100000,1000,0.01,0.001,4,nl,128,0.0,main,1,0.05,1e-08,0.1,7.0,11
100000,1000,0.01,0.001,4,nl,128,0.0,main,1,0.1,1e-08,0.1,7.0,11
100000,1000,0.01,0.001,4,nl,128,0.0,main,1,0.5,1e-08,0.1,7.0,12
100000,1000,0.01,0.001,4,nl,128,0.0,main,1,1.0,1e-08,0.1,7.0,15
100000,1000,0.01,0.001,4,nl,128,0.0,main,2,0.01,1e-08,0.1,7.0,9
100000,1000,0.01,0.001,4,nl,128,0.0,main,2,0.05,1e-08,0.1,7.0,11
100000,1000,0.01,0.001,4,nl,128,0.0,main,2,0.1,1e-08,0.1,7.0,12
100000,1000,0.01,0.001,4,nl,128,0.0,main,2,0.5,1e-08,0.1,7.0,15
100000,1000,0.01,0.001,4,nl,128,0.0,main,2,1.0,1e-08,0.1,7.0,15
100000,1000,0.01,0.001,4,nl,128,0.0,main,4,0.01,1e-08,0.1,7.0,10
100000,1000,0.01,0.001,4,nl,128,0.0,main,4,0.05,1e-08,0.1,7.0,12
100000,1000,0.01,0.001,4,nl,128,0.0,main,4,0.1,1e-08,0.1,7.0,12
100000,1000,0.01,0.001,4,nl,128,0.0,main,4,0.5,1e-08,0.1,7.0,15
100000,1000,0.01,0.001,4,nl,128,0.0,main,4,1.0,1e-08,0.1,7.0,15
100000,1000,0.01,0.001,4,nl,128,0.0,main,8,0.01,1e-08,0.1,7.0,11
100000,1000,0.01,0.001,4,nl,128,0.0,main,8,0.05,1e-08,0.1,7.0,12
100000,1000,0.01,0.001,4,nl,128,0.0,main,8,0.1,1e-08,0.1,7.0,13
100000,1000,0.01,0.001,4,nl,128,0.0,main,8,0.5,1e-08,0.1,7.0,15
100000,1000,0.01,0.001,4,nl,128,0.0,main,8,1.0,1e-08,0.1,7.0,15
100000,1000,0.01,0.001,4,nl,128,0.0,main,16,0.01,1e-08,0.1,7.0,11
100000,1000,0.01,0.001,4,nl,128,0.0,main,16,0.05,1e-08,0.1,7.0,13
100000,1000,0.01,0.001,4,nl,128,0.0,main,16,0.1,1e-08,0.1,7.0,15
100000,1000,0.01,0.001,4,nl,128,0.0,main,16,0.5,1e-08,0.1,7.0,15
100000,1000,0.01,0.001,4,nl,128,0.0,main,16,1.0,1e-08,0.1,7.0,15
100000,1000,0.01,0.001,4,nl,128,1.0,main,1,0.01,0.01,0.01,0.0,1
100000,1000,0.01,0.001,4,nl,128,1.0,main,1,0.05,1e-08,0.1,7.0,9
100000,1000,0.01,0.001,4,nl,128,1.0,main,1,0.1,1e-08,0.1,7.0,10
100000,1000,0.01,0.001,4,nl,128,1.0,main,1,0.5,1e-08,0.1,7.0,13
100000,1000,0.01,0.001,4,nl,128,1.0,main,1,1.0,1e-08,0.1,7.0,14
100000,1000,0.01,0.001,4,nl,128,1.0,main,2,0.01,1e-07,0.1,6.0,4
100000,1000,0.01,0.001,4,nl,128,1.0,main,2,0.05,1e-08,0.1,7.0,10
100000,1000,0.01,0.001,4,nl,128,1.0,main,2,0.1,1e-08,0.1,7.0,12
100000,1000,0.01,0.001,4,nl,128,1.0,main,2,0.5,1e-08,0.1,7.0,14
100000,1000,0.01,0.001,4,nl,128,1.0,main,2,1.0,1e-08,0.1,7.0,15
100000,1000,0.01,0.001,4,nl,128,1.0,main,4,0.01,1e-08,0.1,7.0,8
100000,1000,0.01,0.001,4,nl,128,1.0,main,4,0.05,1e-08,0.1,7.0,12
100000,1000,0.01,0.001,4,nl,128,1.0,main,4,0.1,1e-08,0.1,7.0,13
100000,1000,0.01,0.001,4,nl,128,1.0,main,4,0.5,1e-08,0.1,7.0,15
100000,1000,0.01,0.001,4,nl,128,1.0,main,4,1.0,1e-08,0.1,7.0,15
100000,1000,0.01,0.001,4,nl,128,1.0,main,8,0.01,1e-08,0.1,7.0,9
100000,1000,0.01,0.001,4,nl,128,1.0,main,8,0.05,1e-08,0.1,7.0,13
100000,1000,0.01,0.001,4,nl,128,1.0,main,8,0.1,1e-08,0.1,7.0,14
100000,1000,0.01,0.001,4,nl,128,1.0,main,8,0.5,1e-08,0.1,7.0,15
100000,1000,0.01,0.001,4,nl,128,1.0,main,8,1.0,1e-08,0.1,7.0,15
100000,1000,0.01,0.001,4,nl,128,1.0,main,16,0.01,1e-08,0.1,7.0,10
100000,1000,0.01,0.001,4,nl,128,1.0,main,16,0.05,1e-08,0.1,7.0,14
100000,1000,0.01,0.001,4,nl,128,1.0,main,16,0.1,1e-08,0.1,7.0,15
100000,1000,0.01,0.001,4,nl,128,1.0,main,16,0.5,1e-08,0.1,7.0,15
100000,1000,0.01,0.001,4,nl,128,1.0,main,16,1.0,1e-08,0.1,7.0,15
100000,1000,0.01,0.001,8,lin,128,0.0,main,1,0.01,0.0003,0.1,2.5228787452803374,6
100000,1000,0.01,0.001,8,lin,128,0.0,main,1,0.05,1e-08,0.1,7.0,11
100000,1000,0.01,0.001,8,lin,128,0.0,main,1,0.1,1e-08,0.1,7.0,11
100000,1000,0.01,0.001,8,lin,128,0.0,main,1,0.5,1e-08,0.1,7.0,13
100000,1000,0.01,0.001,8,lin,128,0.0,main,1,1.0,1e-08,0.1,7.0,15
100000,1000,0.01,0.001,8,lin,128,0.0,main,2,0.01,1e-08,0.1,7.0,10
100000,1000,0.01,0.001,8,lin,128,0.0,main,2,0.05,1e-08,0.1,7.0,11
100000,1000,0.01,0.001,8,lin,128,0.0,main,2,0.1,1e-08,0.1,7.0,12
100000,1000,0.01,0.001,8,lin,128,0.0,main,2,0.5,1e-08,0.1,7.0,15
100000,1000,0.01,0.001,8,lin,128,0.0,main,2,1.0,1e-08,0.1,7.0,15
100000,1000,0.01,0.001,8,lin,128,0.0,main,4,0.01,1e-08,0.1,7.0,11
100000,1000,0.01,0.001,8,lin,128,0.0,main,4,0.05,1e-08,0.1,7.0,12
100000,1000,0.01,0.001,8,lin,128,0.0,main,4,0.1,1e-08,0.1,7.0,13
100000,1000,0.01,0.001,8,lin,128,0.0,main,4,0.5,1e-08,0.1,7.0,15
100000,1000,0.01,0.001,8,lin,128,0.0,main,4,1.0,1e-08,0.1,7.0,15
100000,1000,0.01,0.001,8,lin,128,0.0,main,8,0.01,1e-08,0.1,7.0,11
100000,1000,0.01,0.001,8,lin,128,0.0,main,8,0.05,1e-08,0.1,7.0,13
100000,1000,0.01,0.001,8,lin,128,0.0,main,8,0.1,1e-08,0.1,7.0,14
100000,1000,0.01,0.001,8,lin,128,0.0,main,8,0.5,1e-08,0.1,7.0,15
100000,1000,0.01,0.001,8,lin,128,0.0,main,8,1.0,1e-08,0.1,7.0,15
100000,1000,0.01,0.001,8,lin,128,0.0,main,16,0.01,1e-08,0.1,7.0,11
100000,1000,0.01,0.001,8,lin,128,0.0,main,16,0.05,1e-08,0.1,7.0,14
100000,1000,0.01,0.001,8,lin,128,0.0,main,16,0.1,1e-08,0.1,7.0,15
100000,1000,0.01,0.001,8,lin,128,0.0,main,16,0.5,1e-08,0.1,7.0,15
100000,1000,0.01,0.001,8,lin,128,0.0,main,16,1.0,1e-08,0.1,7.0,15
100000,1000,0.01,0.001,8,lin,128,1.0,main,1,0.01,1e-08,0.1,7.0,8
100000,1000,0.01,0.001,8,lin,128,1.0,main,1,0.05,1e-08,0.1,7.0,11
100000,1000,0.01,0.001,8,lin,128,1.0,main,1,0.1,1e-08,0.1,7.0,11
100000,1000,0.01,0.001,8,lin,128,1.0,main,1,0.5,1e-08,0.1,7.0,12
100000,1000,0.01,0.001,8,lin,128,1.0,main,1,1.0,1e-08,0.1,7.0,13
100000,1000,0.01,0.001,8,lin,128,1.0,main,2,0.01,1e-08,0.1,7.0,10
100000,1000,0.01,0.001,8,lin,128,1.0,main,2,0.05,1e-08,0.1,7.0,11
100000,1000,0.01,0.001,8,lin,128,1.0,main,2,0.1,1e-08,0.1,7.0,12
100000,1000,0.01,0.001,8,lin,128,1.0,main,2,0.5,1e-08,0.1,7.0,13
100000,1000,0.01,0.001,8,lin,128,1.0,main,2,1.0,1e-08,0.1,7.0,13
100000,1000,0.01,0.001,8,lin,128,1.0,main,4,0.01,1e-08,0.1,7.0,11
100000,1000,0.01,0.001,8,lin,128,1.0,main,4,0.05,1e-08,0.1,7.0,12
100000,1000,0.01,0.001,8,lin,128,1.0,main,4,0.1,1e-08,0.1,7.0,12
100000,1000,0.01,0.001,8,lin,128,1.0,main,4,0.5,1e-08,0.1,7.0,13
100000,1000,0.01,0.001,8,lin,128,1.0,main,4,1.0,1e-08,0.1,7.0,13
100000,1000,0.01,0.001,8,lin,128,1.0,main,8,0.01,1e-08,0.1,7.0,11
100000,1000,0.01,0.001,8,lin,128,1.0,main,8,0.05,1e-08,0.1,7.0,12
100000,1000,0.01,0.001,8,lin,128,1.0,main,8,0.1,1e-08,0.1,7.0,12
100000,1000,0.01,0.001,8,lin,128,1.0,main,8,0.5,1e-08,0.1,7.0,13
100000,1000,0.01,0.001,8,lin,128,1.0,main,8,1.0,1e-08,0.1,7.0,13
100000,1000,0.01,0.001,8,lin,128,1.0,main,16,0.01,1e-08,0.1,7.0,11
100000,1000,0.01,0.001,8,lin,128,1.0,main,16,0.05,1e-08,0.1,7.0,12
100000,1000,0.01,0.001,8,lin,128,1.0,main,16,0.1,1e-08,0.1,7.0,13
100000,1000,0.01,0.001,8,lin,128,1.0,main,16,0.5,1e-08,0.1,7.0,13
100000,1000,0.01,0.001,8,lin,128,1.0,main,16,1.0,1e-08,0.1,7.0,14
100000,1000,0.01,0.001,8,nl,128,0.0,main,1,0.01,3e-08,0.1,6.522878745280337,9
100000,1000,0.01,0.001,8,nl,128,0.0,main,1,0.05,1e-08,0.1,7.0,11
100000,1000,0.01,0.001,8,nl,128,0.0,main,1,0.1,1e-08,0.1,7.0,12
100000,1000,0.01,0.001,8,nl,128,0.0,main,1,0.5,1e-08,0.1,7.0,14
100000,1000,0.01,0.001,8,nl,128,0.0,main,1,1.0,1e-08,0.1,7.0,15
100000,1000,0.01,0.001,8,nl,128,0.0,main,2,0.01,1e-08,0.1,7.0,10
100000,1000,0.01,0.001,8,nl,128,0.0,main,2,0.05,1e-08,0.1,7.0,12
100000,1000,0.01,0.001,8,nl,128,0.0,main,2,0.1,1e-08,0.1,7.0,12
100000,1000,0.01,0.001,8,nl,128,0.0,main,2,0.5,1e-08,0.1,7.0,15
100000,1000,0.01,0.001,8,nl,128,0.0,main,2,1.0,1e-08,0.1,7.0,15
100000,1000,0.01,0.001,8,nl,128,0.0,main,4,0.01,1e-08,0.1,7.0,11
100000,1000,0.01,0.001,8,nl,128,0.0,main,4,0.05,1e-08,0.1,7.0,12
100000,1000,0.01,0.001,8,nl,128,0.0,main,4,0.1,1e-08,0.1,7.0,14
100000,1000,0.01,0.001,8,nl,128,0.0,main,4,0.5,1e-08,0.1,7.0,15
100000,1000,0.01,0.001,8,nl,128,0.0,main,4,1.0,1e-08,0.1,7.0,15
100000,1000,0.01,0.001,8,nl,128,0.0,main,8,0.01,1e-08,0.1,7.0,12
100000,1000,0.01,0.001,8,nl,128,0.0,main,8,0.05,1e-08,0.1,7.0,14
100000,1000,0.01,0.001,8,nl,128,0.0,main,8,0.1,1e-08,0.1,7.0,15
100000,1000,0.01,0.001,8,nl,128,0.0,main,8,0.5,1e-08,0.1,7.0,15
100000,1000,0.01,0.001,8,nl,128,0.0,main,8,1.0,1e-08,0.1,7.0,15
100000,1000,0.01,0.001,8,nl,128,0.0,main,16,0.01,1e-08,0.1,7.0,12
100000,1000,0.01,0.001,8,nl,128,0.0,main,16,0.05,1e-08,0.1,7.0,15
100000,1000,0.01,0.001,8,nl,128,0.0,main,16,0.1,1e-08,0.1,7.0,15
100000,1000,0.01,0.001,8,nl,128,0.0,main,16,0.5,1e-08,0.1,7.0,15
100000,1000,0.01,0.001,8,nl,128,0.0,main,16,1.0,1e-08,0.1,7.0,15
100000,1000,0.01,0.001,8,nl,128,1.0,main,1,0.01,0.003,0.1,1.5228787452803376,4
100000,1000,0.01,0.001,8,nl,128,1.0,main,1,0.05,1e-08,0.1,7.0,11
100000,1000,0.01,0.001,8,nl,128,1.0,main,1,0.1,1e-08,0.1,7.0,12
100000,1000,0.01,0.001,8,nl,128,1.0,main,1,0.5,1e-08,0.1,7.0,14
100000,1000,0.01,0.001,8,nl,128,1.0,main,1,1.0,1e-08,0.1,7.0,15
100000,1000,0.01,0.001,8,nl,128,1.0,main,2,0.01,1e-08,0.1,7.0,8
100000,1000,0.01,0.001,8,nl,128,1.0,main,2,0.05,1e-08,0.1,7.0,12
100000,1000,0.01,0.001,8,nl,128,1.0,main,2,0.1,1e-08,0.1,7.0,13
100000,1000,0.01,0.001,8,nl,128,1.0,main,2,0.5,1e-08,0.1,7.0,15
100000,1000,0.01,0.001,8,nl,128,1.0,main,2,1.0,1e-08,0.1,7.0,15
100000,1000,0.01,0.001,8,nl,128,1.0,main,4,0.01,1e-08,0.1,7.0,11
100000,1000,0.01,0.001,8,nl,128,1.0,main,4,0.05,1e-08,0.1,7.0,13
100000,1000,0.01,0.001,8,nl,128,1.0,main,4,0.1,1e-08,0.1,7.0,13
100000,1000,0.01,0.001,8,nl,128,1.0,main,4,0.5,1e-08,0.1,7.0,15
100000,1000,0.01,0.001,8,nl,128,1.0,main,4,1.0,1e-08,0.1,7.0,15
100000,1000,0.01,0.001,8,nl,128,1.0,main,8,0.01,1e-08,0.1,7.0,11
100000,1000,0.01,0.001,8,nl,128,1.0,main,8,0.05,1e-08,0.1,7.0,13
100000,1000,0.01,0.001,8,nl,128,1.0,main,8,0.1,1e-08,0.1,7.0,14
100000,1000,0.01,0.001,8,nl,128,1.0,main,8,0.5,1e-08,0.1,7.0,15
100000,1000,0.01,0.001,8,nl,128,1.0,main,8,1.0,1e-08,0.1,7.0,15
100000,1000,0.01,0.001,8,nl,128,1.0,main,16,0.01,1e-08,0.1,7.0,13
100000,1000,0.01,0.001,8,nl,128,1.0,main,16,0.05,1e-08,0.1,7.0,14
100000,1000,0.01,0.001,8,nl,128,1.0,main,16,0.1,1e-08,0.1,7.0,15
100000,1000,0.01,0.001,8,nl,128,1.0,main,16,0.5,1e-08,0.1,7.0,15
100000,1000,0.01,0.001,8,nl,128,1.0,main,16,1.0,1e-08,0.1,7.0,15
100000,1000,0.01,0.01,4,lin,128,0.0,main,1,0.01,3e-08,0.1,6.522878745280337,7
100000,1000,0.01,0.01,4,lin,128,0.0,main,1,0.05,1e-08,0.1,7.0,10
100000,1000,0.01,0.01,4,lin,128,0.0,main,1,0.1,1e-08,0.1,7.0,11
100000,1000,0.01,0.01,4,lin,128,0.0,main,1,0.5,1e-08,0.1,7.0,12
100000,1000,0.01,0.01,4,lin,128,0.0,main,1,1.0,1e-08,0.1,7.0,12
100000,1000,0.01,0.01,4,lin,128,0.0,main,2,0.01,1e-08,0.1,7.0,9
100000,1000,0.01,0.01,4,lin,128,0.0,main,2,0.05,1e-08,0.1,7.0,11
100000,1000,0.01,0.01,4,lin,128,0.0,main,2,0.1,1e-08,0.1,7.0,11
100000,1000,0.01,0.01,4,lin,128,0.0,main,2,0.5,1e-08,0.1,7.0,12
100000,1000,0.01,0.01,4,lin,128,0.0,main,2,1.0,1e-08,0.1,7.0,13
100000,1000,0.01,0.01,4,lin,128,0.0,main,4,0.01,1e-08,0.1,7.0,10
100000,1000,0.01,0.01,4,lin,128,0.0,main,4,0.05,1e-08,0.1,7.0,11
100000,1000,0.01,0.01,4,lin,128,0.0,main,4,0.1,1e-08,0.1,7.0,12
100000,1000,0.01,0.01,4,lin,128,0.0,main,4,0.5,1e-08,0.1,7.0,13
100000,1000,0.01,0.01,4,lin,128,0.0,main,4,1.0,1e-08,0.1,7.0,15
100000,1000,0.01,0.01,4,lin,128,0.0,main,8,0.01,1e-08,0.1,7.0,11
100000,1000,0.01,0.01,4,lin,128,0.0,main,8,0.05,1e-08,0.1,7.0,12
100000,1000,0.01,0.01,4,lin,128,0.0,main,8,0.1,1e-08,0.1,7.0,12
100000,1000,0.01,0.01,4,lin,128,0.0,main,8,0.5,1e-08,0.1,7.0,15
100000,1000,0.01,0.01,4,lin,128,0.0,main,8,1.0,1e-08,0.1,7.0,15
100000,1000,0.01,0.01,4,lin,128,0.0,main,16,0.01,1e-08,0.1,7.0,11
100000,1000,0.01,0.01,4,lin,128,0.0,main,16,0.05,1e-08,0.1,7.0,12
100000,1000,0.01,0.01,4,lin,128,0.0,main,16,0.1,1e-08,0.1,7.0,13
100000,1000,0.01,0.01,4,lin,128,0.0,main,16,0.5,1e-08,0.1,7.0,15
100000,1000,0.01,0.01,4,lin,128,0.0,main,16,1.0,1e-08,0.1,7.0,15
100000,1000,0.01,0.01,4,lin,128,1.0,main,1,0.01,0.003,0.1,1.5228787452803376,4
100000,1000,0.01,0.01,4,lin,128,1.0,main,1,0.05,1e-06,0.1,5.0,7
100000,1000,0.01,0.01,4,lin,128,1.0,main,1,0.1,1e-06,0.1,5.0,7
100000,1000,0.01,0.01,4,lin,128,1.0,main,1,0.5,3e-07,0.1,5.522878745280337,10
100000,1000,0.01,0.01,4,lin,128,1.0,main,1,1.0,3e-07,0.1,5.522878745280337,10
100000,1000,0.01,0.01,4,lin,128,1.0,main,2,0.01,3e-06,0.1,4.522878745280337,5
100000,1000,0.01,0.01,4,lin,128,1.0,main,2,0.05,1e-06,0.1,5.0,7
100000,1000,0.01,0.01,4,lin,128,1.0,main,2,0.1,1e-06,0.1,5.0,8
100000,1000,0.01,0.01,4,lin,128,1.0,main,2,0.5,3e-07,0.1,5.522878745280337,10
100000,1000,0.01,0.01,4,lin,128,1.0,main,2,1.0,3e-07,0.1,5.522878745280337,11
100000,1000,0.01,0.01,4,lin,128,1.0,main,4,0.01,3e-06,0.1,4.522878745280337,6
100000,1000,0.01,0.01,4,lin,128,1.0,main,4,0.05,1e-06,0.1,5.0,8
100000,1000,0.01,0.01,4,lin,128,1.0,main,4,0.1,3e-07,0.1,5.522878745280337,9
100000,1000,0.01,0.01,4,lin,128,1.0,main,4,0.5,3e-07,0.1,5.522878745280337,11
100000,1000,0.01,0.01,4,lin,128,1.0,main,4,1.0,1e-07,0.1,6.0,12
100000,1000,0.01,0.01,4,lin,128,1.0,main,8,0.01,1e-06,0.1,5.0,7
100000,1000,0.01,0.01,4,lin,128,1.0,main,8,0.05,3e-07,0.1,5.522878745280337,9
100000,1000,0.01,0.01,4,lin,128,1.0,main,8,0.1,3e-07,0.1,5.522878745280337,10
100000,1000,0.01,0.01,4,lin,128,1.0,main,8,0.5,1e-07,0.1,6.0,12
100000,1000,0.01,0.01,4,lin,128,1.0,main,8,1.0,1e-07,0.1,6.0,12
100000,1000,0.01,0.01,4,lin,128,1.0,main,16,0.01,1e-06,0.1,5.0,8
100000,1000,0.01,0.01,4,lin,128,1.0,main,16,0.05,3e-07,0.1,5.522878745280337,10
100000,1000,0.01,0.01,4,lin,128,1.0,main,16,0.1,3e-07,0.1,5.522878745280337,10
100000,1000,0.01,0.01,4,lin,128,1.0,main,16,0.5,1e-07,0.1,6.0,12
100000,1000,0.01,0.01,4,lin,128,1.0,main,16,1.0,1e-07,0.1,6.0,13
100000,1000,0.01,0.01,4,nl,128,0.0,main,1,0.01,3e-08,0.03,6.0,5
100000,1000,0.01,0.01,4,nl,128,0.0,main,1,0.05,1e-08,0.1,7.0,9
100000,1000,0.01,0.01,4,nl,128,0.0,main,1,0.1,1e-08,0.1,7.0,10
100000,1000,0.01,0.01,4,nl,128,0.0,main,1,0.5,1e-08,0.1,7.0,11
100000,1000,0.01,0.01,4,nl,128,0.0,main,1,1.0,1e-08,0.1,7.0,12
100000,1000,0.01,0.01,4,nl,128,0.0,main,2,0.01,1e-08,0.1,7.0,9
100000,1000,0.01,0.01,4,nl,128,0.0,main,2,0.05,1e-08,0.1,7.0,10
100000,1000,0.01,0.01,4,nl,128,0.0,main,2,0.1,1e-08,0.1,7.0,11
100000,1000,0.01,0.01,4,nl,128,0.0,main,2,0.5,1e-08,0.1,7.0,12
100000,1000,0.01,0.01,4,nl,128,0.0,main,2,1.0,1e-08,0.1,7.0,12
100000,1000,0.01,0.01,4,nl,128,0.0,main,4,0.01,1e-08,0.1,7.0,9
100000,1000,0.01,0.01,4,nl,128,0.0,main,4,0.05,1e-08,0.1,7.0,11
100000,1000,0.01,0.01,4,nl,128,0.0,main,4,0.1,1e-08,0.1,7.0,11
100000,1000,0.01,0.01,4,nl,128,0.0,main,4,0.5,1e-08,0.1,7.0,12
100000,1000,0.01,0.01,4,nl,128,0.0,main,4,1.0,1e-08,0.1,7.0,14
100000,1000,0.01,0.01,4,nl,128,0.0,main,8,0.01,1e-08,0.1,7.0,10
100000,1000,0.01,0.01,4,nl,128,0.0,main,8,0.05,1e-08,0.1,7.0,11
100000,1000,0.01,0.01,4,nl,128,0.0,main,8,0.1,1e-08,0.1,7.0,12
100000,1000,0.01,0.01,4,nl,128,0.0,main,8,0.5,1e-08,0.1,7.0,14
100000,1000,0.01,0.01,4,nl,128,0.0,main,8,1.0,1e-08,0.1,7.0,14
100000,1000,0.01,0.01,4,nl,128,0.0,main,16,0.01,1e-08,0.1,7.0,10
100000,1000,0.01,0.01,4,nl,128,0.0,main,16,0.05,1e-08,0.1,7.0,12
100000,1000,0.01,0.01,4,nl,128,0.0,main,16,0.1,1e-08,0.1,7.0,12
100000,1000,0.01,0.01,4,nl,128,0.0,main,16,0.5,1e-08,0.1,7.0,14
100000,1000,0.01,0.01,4,nl,128,0.0,main,16,1.0,1e-08,0.1,7.0,15
100000,1000,0.01,0.01,4,nl,128,1.0,main,1,0.01,1e-08,0.1,7.0,3
100000,1000,0.01,0.01,4,nl,128,1.0,main,1,0.05,1e-08,0.1,7.0,10
100000,1000,0.01,0.01,4,nl,128,1.0,main,1,0.1,1e-08,0.1,7.0,11
100000,1000,0.01,0.01,4,nl,128,1.0,main,1,0.5,1e-08,0.1,7.0,12
100000,1000,0.01,0.01,4,nl,128,1.0,main,1,1.0,1e-08,0.1,7.0,13
100000,1000,0.01,0.01,4,nl,128,1.0,main,2,0.01,1e-08,0.1,7.0,7
100000,1000,0.01,0.01,4,nl,128,1.0,main,2,0.05,1e-08,0.1,7.0,11
100000,1000,0.01,0.01,4,nl,128,1.0,main,2,0.1,1e-08,0.1,7.0,11
100000,1000,0.01,0.01,4,nl,128,1.0,main,2,0.5,1e-08,0.1,7.0,13
100000,1000,0.01,0.01,4,nl,128,1.0,main,2,1.0,1e-08,0.1,7.0,13
100000,1000,0.01,0.01,4,nl,128,1.0,main,4,0.01,1e-08,0.1,7.0,8
100000,1000,0.01,0.01,4,nl,128,1.0,main,4,0.05,1e-08,0.1,7.0,11
100000,1000,0.01,0.01,4,nl,128,1.0,main,4,0.1,1e-08,0.1,7.0,12
100000,1000,0.01,0.01,4,nl,128,1.0,main,4,0.5,1e-08,0.1,7.0,13
100000,1000,0.01,0.01,4,nl,128,1.0,main,4,1.0,1e-08,0.1,7.0,14
100000,1000,0.01,0.01,4,nl,128,1.0,main,8,0.01,1e-08,0.1,7.0,10
100000,1000,0.01,0.01,4,nl,128,1.0,main,8,0.05,1e-08,0.1,7.0,12
100000,1000,0.01,0.01,4,nl,128,1.0,main,8,0.1,1e-08,0.1,7.0,13
100000,1000,0.01,0.01,4,nl,128,1.0,main,8,0.5,1e-08,0.1,7.0,14
100000,1000,0.01,0.01,4,nl,128,1.0,main,8,1.0,1e-08,0.1,7.0,15
100000,1000,0.01,0.01,4,nl,128,1.0,main,16,0.01,1e-08,0.1,7.0,11
100000,1000,0.01,0.01,4,nl,128,1.0,main,16,0.05,1e-08,0.1,7.0,13
100000,1000,0.01,0.01,4,nl,128,1.0,main,16,0.1,1e-08,0.1,7.0,13
100000,1000,0.01,0.01,4,nl,128,1.0,main,16,0.5,1e-08,0.1,7.0,15
100000,1000,0.01,0.01,4,nl,128,1.0,main,16,1.0,1e-08,0.1,7.0,15
100000,1000,0.01,0.01,8,lin,128,0.0,main,1,0.01,0.003,0.1,1.5228787452803376,4
100000,1000,0.01,0.01,8,lin,128,0.0,main,1,0.05,1e-08,0.1,7.0,9
100000,1000,0.01,0.01,8,lin,128,0.0,main,1,0.1,1e-08,0.1,7.0,9
100000,1000,0.01,0.01,8,lin,128,0.0,main,1,0.5,1e-08,0.1,7.0,11
100000,1000,0.01,0.01,8,lin,128,0.0,main,1,1.0,1e-08,0.1,7.0,11
100000,1000,0.01,0.01,8,lin,128,0.0,main,2,0.01,1e-08,0.1,7.0,8
100000,1000,0.01,0.01,8,lin,128,0.0,main,2,0.05,1e-08,0.1,7.0,9
100000,1000,0.01,0.01,8,lin,128,0.0,main,2,0.1,1e-08,0.1,7.0,10
100000,1000,0.01,0.01,8,lin,128,0.0,main,2,0.5,1e-08,0.1,7.0,11
100000,1000,0.01,0.01,8,lin,128,0.0,main,2,1.0,1e-08,0.1,7.0,11
100000,1000,0.01,0.01,8,lin,128,0.0,main,4,0.01,1e-08,0.1,7.0,9
100000,1000,0.01,0.01,8,lin,128,0.0,main,4,0.05,1e-08,0.1,7.0,10
100000,1000,0.01,0.01,8,lin,128,0.0,main,4,0.1,1e-08,0.1,7.0,10
100000,1000,0.01,0.01,8,lin,128,0.0,main,4,0.5,1e-08,0.1,7.0,11
100000,1000,0.01,0.01,8,lin,128,0.0,main,4,1.0,1e-08,0.1,7.0,12
100000,1000,0.01,0.01,8,lin,128,0.0,main,8,0.01,1e-08,0.1,7.0,9
100000,1000,0.01,0.01,8,lin,128,0.0,main,8,0.05,1e-08,0.1,7.0,10
100000,1000,0.01,0.01,8,lin,128,0.0,main,8,0.1,1e-08,0.1,7.0,11
100000,1000,0.01,0.01,8,lin,128,0.0,main,8,0.5,1e-08,0.1,7.0,12
100000,1000,0.01,0.01,8,lin,128,0.0,main,8,1.0,1e-08,0.1,7.0,12
100000,1000,0.01,0.01,8,lin,128,0.0,main,16,0.01,1e-08,0.1,7.0,10
100000,1000,0.01,0.01,8,lin,128,0.0,main,16,0.05,1e-08,0.1,7.0,11
100000,1000,0.01,0.01,8,lin,128,0.0,main,16,0.1,1e-08,0.1,7.0,11
100000,1000,0.01,0.01,8,lin,128,0.0,main,16,0.5,1e-08,0.1,7.0,12
100000,1000,0.01,0.01,8,lin,128,0.0,main,16,1.0,1e-08,0.1,7.0,13
100000,1000,0.01,0.01,8,lin,128,1.0,main,1,0.01,1e-08,0.1,7.0,6
100000,1000,0.01,0.01,8,lin,128,1.0,main,1,0.05,1e-08,0.1,7.0,10
100000,1000,0.01,0.01,8,lin,128,1.0,main,1,0.1,1e-08,0.1,7.0,10
100000,1000,0.01,0.01,8,lin,128,1.0,main,1,0.5,1e-08,0.1,7.0,14
100000,1000,0.01,0.01,8,lin,128,1.0,main,1,1.0,1e-08,0.1,7.0,15
100000,1000,0.01,0.01,8,lin,128,1.0,main,2,0.01,1e-08,0.1,7.0,9
100000,1000,0.01,0.01,8,lin,128,1.0,main,2,0.05,1e-08,0.1,7.0,10
100000,1000,0.01,0.01,8,lin,128,1.0,main,2,0.1,1e-08,0.1,7.0,12
100000,1000,0.01,0.01,8,lin,128,1.0,main,2,0.5,1e-08,0.1,7.0,15
100000,1000,0.01,0.01,8,lin,128,1.0,main,2,1.0,1e-08,0.1,7.0,15
100000,1000,0.01,0.01,8,lin,128,1.0,main,4,0.01,1e-08,0.1,7.0,10
100000,1000,0.01,0.01,8,lin,128,1.0,main,4,0.05,1e-08,0.1,7.0,12
100000,1000,0.01,0.01,8,lin,128,1.0,main,4,0.1,1e-08,0.1,7.0,12
100000,1000,0.01,0.01,8,lin,128,1.0,main,4,0.5,1e-08,0.1,7.0,15
100000,1000,0.01,0.01,8,lin,128,1.0,main,4,1.0,1e-08,0.1,7.0,15
100000,1000,0.01,0.01,8,lin,128,1.0,main,8,0.01,1e-08,0.1,7.0,10
100000,1000,0.01,0.01,8,lin,128,1.0,main,8,0.05,1e-08,0.1,7.0,12
100000,1000,0.01,0.01,8,lin,128,1.0,main,8,0.1,1e-08,0.1,7.0,15
100000,1000,0.01,0.01,8,lin,128,1.0,main,8,0.5,1e-08,0.1,7.0,15
100000,1000,0.01,0.01,8,lin,128,1.0,main,8,1.0,1e-08,0.1,7.0,15
100000,1000,0.01,0.01,8,lin,128,1.0,main,16,0.01,1e-08,0.1,7.0,10
100000,1000,0.01,0.01,8,lin,128,1.0,main,16,0.05,1e-08,0.1,7.0,15
100000,1000,0.01,0.01,8,lin,128,1.0,main,16,0.1,1e-08,0.1,7.0,15
100000,1000,0.01,0.01,8,lin,128,1.0,main,16,0.5,1e-08,0.1,7.0,15
100000,1000,0.01,0.01,8,lin,128,1.0,main,16,1.0,1e-08,0.1,7.0,15
100000,1000,0.01,0.01,8,nl,128,0.0,main,1,0.01,1e-08,0.1,7.0,8
100000,1000,0.01,0.01,8,nl,128,0.0,main,1,0.05,1e-08,0.1,7.0,9
100000,1000,0.01,0.01,8,nl,128,0.0,main,1,0.1,1e-08,0.1,7.0,10
100000,1000,0.01,0.01,8,nl,128,0.0,main,1,0.5,1e-08,0.1,7.0,12
100000,1000,0.01,0.01,8,nl,128,0.0,main,1,1.0,1e-08,0.1,7.0,13
100000,1000,0.01,0.01,8,nl,128,0.0,main,2,0.01,1e-08,0.1,7.0,9
100000,1000,0.01,0.01,8,nl,128,0.0,main,2,0.05,1e-08,0.1,7.0,10
100000,1000,0.01,0.01,8,nl,128,0.0,main,2,0.1,1e-08,0.1,7.0,11
100000,1000,0.01,0.01,8,nl,128,0.0,main,2,0.5,1e-08,0.1,7.0,13
100000,1000,0.01,0.01,8,nl,128,0.0,main,2,1.0,1e-08,0.1,7.0,15
100000,1000,0.01,0.01,8,nl,128,0.0,main,4,0.01,1e-08,0.1,7.0,9
100000,1000,0.01,0.01,8,nl,128,0.0,main,4,0.05,1e-08,0.1,7.0,11
100000,1000,0.01,0.01,8,nl,128,0.0,main,4,0.1,1e-08,0.1,7.0,12
100000,1000,0.01,0.01,8,nl,128,0.0,main,4,0.5,1e-08,0.1,7.0,15
100000,1000,0.01,0.01,8,nl,128,0.0,main,4,1.0,1e-08,0.1,7.0,15
100000,1000,0.01,0.01,8,nl,128,0.0,main,8,0.01,1e-08,0.1,7.0,10
100000,1000,0.01,0.01,8,nl,128,0.0,main,8,0.05,1e-08,0.1,7.0,12
100000,1000,0.01,0.01,8,nl,128,0.0,main,8,0.1,1e-08,0.1,7.0,12
100000,1000,0.01,0.01,8,nl,128,0.0,main,8,0.5,1e-08,0.1,7.0,15
100000,1000,0.01,0.01,8,nl,128,0.0,main,8,1.0,1e-08,0.1,7.0,15
100000,1000,0.01,0.01,8,nl,128,0.0,main,16,0.01,1e-08,0.1,7.0,11
100000,1000,0.01,0.01,8,nl,128,0.0,main,16,0.05,1e-08,0.1,7.0,12
100000,1000,0.01,0.01,8,nl,128,0.0,main,16,0.1,1e-08,0.1,7.0,13
100000,1000,0.01,0.01,8,nl,128,0.0,main,16,0.5,1e-08,0.1,7.0,15
100000,1000,0.01,0.01,8,nl,128,0.0,main,16,1.0,1e-08,0.1,7.0,15
100000,1000,0.01,0.01,8,nl,128,1.0,main,1,0.01,1e-08,0.1,7.0,6
100000,1000,0.01,0.01,8,nl,128,1.0,main,1,0.05,1e-08,0.1,7.0,9
100000,1000,0.01,0.01,8,nl,128,1.0,main,1,0.1,1e-08,0.1,7.0,9
100000,1000,0.01,0.01,8,nl,128,1.0,main,1,0.5,1e-08,0.1,7.0,13
100000,1000,0.01,0.01,8,nl,128,1.0,main,1,1.0,1e-08,0.1,7.0,13
100000,1000,0.01,0.01,8,nl,128,1.0,main,2,0.01,1e-08,0.1,7.0,8
100000,1000,0.01,0.01,8,nl,128,1.0,main,2,0.05,1e-08,0.1,7.0,9
100000,1000,0.01,0.01,8,nl,128,1.0,main,2,0.1,1e-08,0.1,7.0,12
100000,1000,0.01,0.01,8,nl,128,1.0,main,2,0.5,1e-08,0.1,7.0,13
100000,1000,0.01,0.01,8,nl,128,1.0,main,2,1.0,1e-08,0.1,7.0,14
100000,1000,0.01,0.01,8,nl,128,1.0,main,4,0.01,1e-08,0.1,7.0,9
100000,1000,0.01,0.01,8,nl,128,1.0,main,4,0.05,1e-08,0.1,7.0,12
100000,1000,0.01,0.01,8,nl,128,1.0,main,4,0.1,1e-08,0.1,7.0,13
100000,1000,0.01,0.01,8,nl,128,1.0,main,4,0.5,1e-08,0.1,7.0,14
100000,1000,0.01,0.01,8,nl,128,1.0,main,4,1.0,1e-08,0.1,7.0,15
100000,1000,0.01,0.01,8,nl,128,1.0,main,8,0.01,1e-08,0.1,7.0,9
100000,1000,0.01,0.01,8,nl,128,1.0,main,8,0.05,1e-08,0.1,7.0,13
100000,1000,0.01,0.01,8,nl,128,1.0,main,8,0.1,1e-08,0.1,7.0,13
100000,1000,0.01,0.01,8,nl,128,1.0,main,8,0.5,1e-08,0.1,7.0,15
100000,1000,0.01,0.01,8,nl,128,1.0,main,8,1.0,1e-08,0.1,7.0,15
100000,1000,0.01,0.01,8,nl,128,1.0,main,16,0.01,1e-08,0.1,7.0,11
100000,1000,0.01,0.01,8,nl,128,1.0,main,16,0.05,1e-08,0.1,7.0,13
100000,1000,0.01,0.01,8,nl,128,1.0,main,16,0.1,1e-08,0.1,7.0,14
100000,1000,0.01,0.01,8,nl,128,1.0,main,16,0.5,1e-08,0.1,7.0,15
100000,1000,0.01,0.01,8,nl,128,1.0,main,16,1.0,1e-08,0.1,7.0,15
100000,5000,0.05,3e-05,4,nl,128,0.5,hwindow_12h_highdim_extra_midp,1,0.01,,,,0
100000,5000,0.05,3e-05,4,nl,128,0.5,hwindow_12h_highdim_extra_midp,1,0.05,1e-08,0.03,6.477121254719663,6
100000,5000,0.05,3e-05,4,nl,128,0.5,hwindow_12h_highdim_extra_midp,1,0.1,1e-08,0.1,7.0,11
100000,5000,0.05,3e-05,4,nl,128,0.5,hwindow_12h_highdim_extra_midp,1,0.5,1e-08,0.1,7.0,13
100000,5000,0.05,3e-05,4,nl,128,0.5,hwindow_12h_highdim_extra_midp,1,1.0,1e-08,0.1,7.0,13
100000,5000,0.05,3e-05,4,nl,128,0.5,hwindow_12h_highdim_extra_midp,2,0.01,,,,0
100000,5000,0.05,3e-05,4,nl,128,0.5,hwindow_12h_highdim_extra_midp,2,0.05,1e-08,0.1,7.0,11
100000,5000,0.05,3e-05,4,nl,128,0.5,hwindow_12h_highdim_extra_midp,2,0.1,1e-08,0.1,7.0,12
100000,5000,0.05,3e-05,4,nl,128,0.5,hwindow_12h_highdim_extra_midp,2,0.5,1e-08,0.1,7.0,13
100000,5000,0.05,3e-05,4,nl,128,0.5,hwindow_12h_highdim_extra_midp,2,1.0,1e-08,0.1,7.0,13
100000,5000,0.05,3e-05,4,nl,128,0.5,hwindow_12h_highdim_extra_midp,4,0.01,0.0001,0.03,2.4771212547196626,3
100000,5000,0.05,3e-05,4,nl,128,0.5,hwindow_12h_highdim_extra_midp,4,0.05,1e-08,0.1,7.0,12
100000,5000,0.05,3e-05,4,nl,128,0.5,hwindow_12h_highdim_extra_midp,4,0.1,1e-08,0.1,7.0,13
100000,5000,0.05,3e-05,4,nl,128,0.5,hwindow_12h_highdim_extra_midp,4,0.5,1e-08,0.1,7.0,13
100000,5000,0.05,3e-05,4,nl,128,0.5,hwindow_12h_highdim_extra_midp,4,1.0,1e-08,0.1,7.0,13
100000,5000,0.05,3e-05,4,nl,128,0.5,hwindow_12h_highdim_extra_midp,8,0.01,1e-08,0.1,7.0,11
100000,5000,0.05,3e-05,4,nl,128,0.5,hwindow_12h_highdim_extra_midp,8,0.05,1e-08,0.1,7.0,13
100000,5000,0.05,3e-05,4,nl,128,0.5,hwindow_12h_highdim_extra_midp,8,0.1,1e-08,0.1,7.0,13
100000,5000,0.05,3e-05,4,nl,128,0.5,hwindow_12h_highdim_extra_midp,8,0.5,1e-08,0.1,7.0,13
100000,5000,0.05,3e-05,4,nl,128,0.5,hwindow_12h_highdim_extra_midp,8,1.0,1e-08,0.1,7.0,15
100000,5000,0.05,3e-05,4,nl,128,0.5,hwindow_12h_highdim_extra_midp,16,0.01,1e-08,0.1,7.0,12
100000,5000,0.05,3e-05,4,nl,128,0.5,hwindow_12h_highdim_extra_midp,16,0.05,1e-08,0.1,7.0,13
100000,5000,0.05,3e-05,4,nl,128,0.5,hwindow_12h_highdim_extra_midp,16,0.1,1e-08,0.1,7.0,13
100000,5000,0.05,3e-05,4,nl,128,0.5,hwindow_12h_highdim_extra_midp,16,0.5,1e-08,0.1,7.0,15
100000,5000,0.05,3e-05,4,nl,128,0.5,hwindow_12h_highdim_extra_midp,16,1.0,1e-08,0.1,7.0,15
100000,5000,0.05,3e-05,8,nl,128,0.5,hwindow_12h_highdim_extra_midp,1,0.01,,,,0
100000,5000,0.05,3e-05,8,nl,128,0.5,hwindow_12h_highdim_extra_midp,1,0.05,1e-05,0.1,4.0,8
100000,5000,0.05,3e-05,8,nl,128,0.5,hwindow_12h_highdim_extra_midp,1,0.1,1e-05,0.1,4.0,9
100000,5000,0.05,3e-05,8,nl,128,0.5,hwindow_12h_highdim_extra_midp,1,0.5,3e-06,0.1,4.522878745280337,10
100000,5000,0.05,3e-05,8,nl,128,0.5,hwindow_12h_highdim_extra_midp,1,1.0,1e-06,0.1,5.0,11
100000,5000,0.05,3e-05,8,nl,128,0.5,hwindow_12h_highdim_extra_midp,2,0.01,0.0001,0.003,1.4771212547196624,4
100000,5000,0.05,3e-05,8,nl,128,0.5,hwindow_12h_highdim_extra_midp,2,0.05,1e-05,0.1,4.0,9
100000,5000,0.05,3e-05,8,nl,128,0.5,hwindow_12h_highdim_extra_midp,2,0.1,3e-06,0.1,4.522878745280337,10
100000,5000,0.05,3e-05,8,nl,128,0.5,hwindow_12h_highdim_extra_midp,2,0.5,1e-06,0.1,5.0,11
100000,5000,0.05,3e-05,8,nl,128,0.5,hwindow_12h_highdim_extra_midp,2,1.0,1e-06,0.1,5.0,11
100000,5000,0.05,3e-05,8,nl,128,0.5,hwindow_12h_highdim_extra_midp,4,0.01,1e-05,0.003,2.4771212547196626,6
100000,5000,0.05,3e-05,8,nl,128,0.5,hwindow_12h_highdim_extra_midp,4,0.05,3e-06,0.1,4.522878745280337,10
100000,5000,0.05,3e-05,8,nl,128,0.5,hwindow_12h_highdim_extra_midp,4,0.1,3e-06,0.1,4.522878745280337,10
100000,5000,0.05,3e-05,8,nl,128,0.5,hwindow_12h_highdim_extra_midp,4,0.5,1e-06,0.1,5.0,11
100000,5000,0.05,3e-05,8,nl,128,0.5,hwindow_12h_highdim_extra_midp,4,1.0,3e-07,0.1,5.522878745280337,12
100000,5000,0.05,3e-05,8,nl,128,0.5,hwindow_12h_highdim_extra_midp,8,0.01,1e-05,0.1,4.0,9
100000,5000,0.05,3e-05,8,nl,128,0.5,hwindow_12h_highdim_extra_midp,8,0.05,3e-06,0.1,4.522878745280337,10
100000,5000,0.05,3e-05,8,nl,128,0.5,hwindow_12h_highdim_extra_midp,8,0.1,1e-06,0.1,5.0,11
100000,5000,0.05,3e-05,8,nl,128,0.5,hwindow_12h_highdim_extra_midp,8,0.5,3e-07,0.1,5.522878745280337,12
100000,5000,0.05,3e-05,8,nl,128,0.5,hwindow_12h_highdim_extra_midp,8,1.0,1e-07,0.1,6.0,13
100000,5000,0.05,3e-05,8,nl,128,0.5,hwindow_12h_highdim_extra_midp,16,0.01,3e-06,0.1,4.522878745280337,10
100000,5000,0.05,3e-05,8,nl,128,0.5,hwindow_12h_highdim_extra_midp,16,0.05,1e-06,0.1,5.0,11
100000,5000,0.05,3e-05,8,nl,128,0.5,hwindow_12h_highdim_extra_midp,16,0.1,1e-06,0.1,5.0,11
100000,5000,0.05,3e-05,8,nl,128,0.5,hwindow_12h_highdim_extra_midp,16,0.5,1e-07,0.1,6.0,13
100000,5000,0.05,3e-05,8,nl,128,0.5,hwindow_12h_highdim_extra_midp,16,1.0,3e-08,0.1,6.522878745280337,14
100000,5000,0.05,0.0003,4,nl,128,0.5,hwindow_12h_highdim_extra_midp,1,0.01,,,,0
100000,5000,0.05,0.0003,4,nl,128,0.5,hwindow_12h_highdim_extra_midp,1,0.05,0.0001,0.01,2.0,5
100000,5000,0.05,0.0003,4,nl,128,0.5,hwindow_12h_highdim_extra_midp,1,0.1,0.0001,0.1,3.0,7
100000,5000,0.05,0.0003,4,nl,128,0.5,hwindow_12h_highdim_extra_midp,1,0.5,3e-05,0.1,3.5228787452803374,8
100000,5000,0.05,0.0003,4,nl,128,0.5,hwindow_12h_highdim_extra_midp,1,1.0,3e-05,0.1,3.5228787452803374,8
100000,5000,0.05,0.0003,4,nl,128,0.5,hwindow_12h_highdim_extra_midp,2,0.01,0.0003,0.001,0.5228787452803376,2
100000,5000,0.05,0.0003,4,nl,128,0.5,hwindow_12h_highdim_extra_midp,2,0.05,0.0001,0.1,3.0,7
100000,5000,0.05,0.0003,4,nl,128,0.5,hwindow_12h_highdim_extra_midp,2,0.1,0.0001,0.1,3.0,7
100000,5000,0.05,0.0003,4,nl,128,0.5,hwindow_12h_highdim_extra_midp,2,0.5,3e-05,0.1,3.5228787452803374,8
100000,5000,0.05,0.0003,4,nl,128,0.5,hwindow_12h_highdim_extra_midp,2,1.0,1e-05,0.1,4.0,9
100000,5000,0.05,0.0003,4,nl,128,0.5,hwindow_12h_highdim_extra_midp,4,0.01,0.0001,0.003,1.4771212547196624,4
100000,5000,0.05,0.0003,4,nl,128,0.5,hwindow_12h_highdim_extra_midp,4,0.05,0.0001,0.1,3.0,7
100000,5000,0.05,0.0003,4,nl,128,0.5,hwindow_12h_highdim_extra_midp,4,0.1,3e-05,0.1,3.5228787452803374,8
100000,5000,0.05,0.0003,4,nl,128,0.5,hwindow_12h_highdim_extra_midp,4,0.5,1e-05,0.1,4.0,9
100000,5000,0.05,0.0003,4,nl,128,0.5,hwindow_12h_highdim_extra_midp,4,1.0,3e-06,0.1,4.522878745280337,10
100000,5000,0.05,0.0003,4,nl,128,0.5,hwindow_12h_highdim_extra_midp,8,0.01,0.0001,0.03,2.4771212547196626,6
100000,5000,0.05,0.0003,4,nl,128,0.5,hwindow_12h_highdim_extra_midp,8,0.05,3e-05,0.1,3.5228787452803374,8
100000,5000,0.05,0.0003,4,nl,128,0.5,hwindow_12h_highdim_extra_midp,8,0.1,3e-05,0.1,3.5228787452803374,8
100000,5000,0.05,0.0003,4,nl,128,0.5,hwindow_12h_highdim_extra_midp,8,0.5,3e-06,0.1,4.522878745280337,10
100000,5000,0.05,0.0003,4,nl,128,0.5,hwindow_12h_highdim_extra_midp,8,1.0,3e-06,0.1,4.522878745280337,10
100000,5000,0.05,0.0003,4,nl,128,0.5,hwindow_12h_highdim_extra_midp,16,0.01,0.0001,0.1,3.0,7
100000,5000,0.05,0.0003,4,nl,128,0.5,hwindow_12h_highdim_extra_midp,16,0.05,3e-05,0.1,3.5228787452803374,8
100000,5000,0.05,0.0003,4,nl,128,0.5,hwindow_12h_highdim_extra_midp,16,0.1,1e-05,0.1,4.0,9
100000,5000,0.05,0.0003,4,nl,128,0.5,hwindow_12h_highdim_extra_midp,16,0.5,3e-06,0.1,4.522878745280337,10
100000,5000,0.05,0.0003,4,nl,128,0.5,hwindow_12h_highdim_extra_midp,16,1.0,3e-07,0.1,5.522878745280337,12
100000,5000,0.05,0.0003,8,nl,128,0.5,hwindow_12h_highdim_extra_midp,1,0.01,0.003,0.01,0.5228787452803376,2
100000,5000,0.05,0.0003,8,nl,128,0.5,hwindow_12h_highdim_extra_midp,1,0.05,0.0001,0.03,2.4771212547196626,6
100000,5000,0.05,0.0003,8,nl,128,0.5,hwindow_12h_highdim_extra_midp,1,0.1,3e-05,0.1,3.5228787452803374,8
100000,5000,0.05,0.0003,8,nl,128,0.5,hwindow_12h_highdim_extra_midp,1,0.5,1e-05,0.1,4.0,9
100000,5000,0.05,0.0003,8,nl,128,0.5,hwindow_12h_highdim_extra_midp,1,1.0,1e-05,0.1,4.0,9
100000,5000,0.05,0.0003,8,nl,128,0.5,hwindow_12h_highdim_extra_midp,2,0.01,0.0003,0.03,2.0,5
100000,5000,0.05,0.0003,8,nl,128,0.5,hwindow_12h_highdim_extra_midp,2,0.05,3e-05,0.1,3.5228787452803374,8
100000,5000,0.05,0.0003,8,nl,128,0.5,hwindow_12h_highdim_extra_midp,2,0.1,3e-05,0.1,3.5228787452803374,8
100000,5000,0.05,0.0003,8,nl,128,0.5,hwindow_12h_highdim_extra_midp,2,0.5,1e-05,0.1,4.0,9
100000,5000,0.05,0.0003,8,nl,128,0.5,hwindow_12h_highdim_extra_midp,2,1.0,3e-06,0.1,4.522878745280337,10
100000,5000,0.05,0.0003,8,nl,128,0.5,hwindow_12h_highdim_extra_midp,4,0.01,0.0001,0.03,2.4771212547196626,6
100000,5000,0.05,0.0003,8,nl,128,0.5,hwindow_12h_highdim_extra_midp,4,0.05,3e-05,0.1,3.5228787452803374,8
100000,5000,0.05,0.0003,8,nl,128,0.5,hwindow_12h_highdim_extra_midp,4,0.1,1e-05,0.1,4.0,9
100000,5000,0.05,0.0003,8,nl,128,0.5,hwindow_12h_highdim_extra_midp,4,0.5,3e-06,0.1,4.522878745280337,10
100000,5000,0.05,0.0003,8,nl,128,0.5,hwindow_12h_highdim_extra_midp,4,1.0,1e-06,0.1,5.0,11
100000,5000,0.05,0.0003,8,nl,128,0.5,hwindow_12h_highdim_extra_midp,8,0.01,3e-05,0.1,3.5228787452803374,8
100000,5000,0.05,0.0003,8,nl,128,0.5,hwindow_12h_highdim_extra_midp,8,0.05,1e-05,0.1,4.0,9
100000,5000,0.05,0.0003,8,nl,128,0.5,hwindow_12h_highdim_extra_midp,8,0.1,1e-05,0.1,4.0,9
100000,5000,0.05,0.0003,8,nl,128,0.5,hwindow_12h_highdim_extra_midp,8,0.5,1e-06,0.1,5.0,11
100000,5000,0.05,0.0003,8,nl,128,0.5,hwindow_12h_highdim_extra_midp,8,1.0,3e-07,0.1,5.522878745280337,12
100000,5000,0.05,0.0003,8,nl,128,0.5,hwindow_12h_highdim_extra_midp,16,0.01,3e-05,0.1,3.5228787452803374,8
100000,5000,0.05,0.0003,8,nl,128,0.5,hwindow_12h_highdim_extra_midp,16,0.05,1e-05,0.1,4.0,9
100000,5000,0.05,0.0003,8,nl,128,0.5,hwindow_12h_highdim_extra_midp,16,0.1,3e-06,0.1,4.522878745280337,10
100000,5000,0.05,0.0003,8,nl,128,0.5,hwindow_12h_highdim_extra_midp,16,0.5,3e-07,0.1,5.522878745280337,12
100000,5000,0.05,0.0003,8,nl,128,0.5,hwindow_12h_highdim_extra_midp,16,1.0,3e-07,0.1,5.522878745280337,12
100000,5000,0.05,0.003,4,nl,128,0.5,hwindow_12h_highdim_extra_midp,1,0.01,,,,0
100000,5000,0.05,0.003,4,nl,128,0.5,hwindow_12h_highdim_extra_midp,1,0.05,1e-07,0.03,5.477121254719663,4
100000,5000,0.05,0.003,4,nl,128,0.5,hwindow_12h_highdim_extra_midp,1,0.1,1e-08,0.1,7.0,9
100000,5000,0.05,0.003,4,nl,128,0.5,hwindow_12h_highdim_extra_midp,1,0.5,1e-08,0.1,7.0,10
100000,5000,0.05,0.003,4,nl,128,0.5,hwindow_12h_highdim_extra_midp,1,1.0,1e-08,0.1,7.0,10
100000,5000,0.05,0.003,4,nl,128,0.5,hwindow_12h_highdim_extra_midp,2,0.01,0.003,0.03,1.0,3
100000,5000,0.05,0.003,4,nl,128,0.5,hwindow_12h_highdim_extra_midp,2,0.05,1e-08,0.1,7.0,9
100000,5000,0.05,0.003,4,nl,128,0.5,hwindow_12h_highdim_extra_midp,2,0.1,1e-08,0.1,7.0,9
100000,5000,0.05,0.003,4,nl,128,0.5,hwindow_12h_highdim_extra_midp,2,0.5,1e-08,0.1,7.0,10
100000,5000,0.05,0.003,4,nl,128,0.5,hwindow_12h_highdim_extra_midp,2,1.0,1e-08,0.1,7.0,11
100000,5000,0.05,0.003,4,nl,128,0.5,hwindow_12h_highdim_extra_midp,4,0.01,0.003,0.03,1.0,3
100000,5000,0.05,0.003,4,nl,128,0.5,hwindow_12h_highdim_extra_midp,4,0.05,1e-08,0.1,7.0,9
100000,5000,0.05,0.003,4,nl,128,0.5,hwindow_12h_highdim_extra_midp,4,0.1,1e-08,0.1,7.0,9
100000,5000,0.05,0.003,4,nl,128,0.5,hwindow_12h_highdim_extra_midp,4,0.5,1e-08,0.1,7.0,11
100000,5000,0.05,0.003,4,nl,128,0.5,hwindow_12h_highdim_extra_midp,4,1.0,1e-08,0.1,7.0,12
100000,5000,0.05,0.003,4,nl,128,0.5,hwindow_12h_highdim_extra_midp,8,0.01,1e-08,0.1,7.0,9
100000,5000,0.05,0.003,4,nl,128,0.5,hwindow_12h_highdim_extra_midp,8,0.05,1e-08,0.1,7.0,9
100000,5000,0.05,0.003,4,nl,128,0.5,hwindow_12h_highdim_extra_midp,8,0.1,1e-08,0.1,7.0,10
100000,5000,0.05,0.003,4,nl,128,0.5,hwindow_12h_highdim_extra_midp,8,0.5,1e-08,0.1,7.0,12
100000,5000,0.05,0.003,4,nl,128,0.5,hwindow_12h_highdim_extra_midp,8,1.0,1e-08,0.1,7.0,12
100000,5000,0.05,0.003,4,nl,128,0.5,hwindow_12h_highdim_extra_midp,16,0.01,1e-08,0.1,7.0,9
100000,5000,0.05,0.003,4,nl,128,0.5,hwindow_12h_highdim_extra_midp,16,0.05,1e-08,0.1,7.0,10
100000,5000,0.05,0.003,4,nl,128,0.5,hwindow_12h_highdim_extra_midp,16,0.1,1e-08,0.1,7.0,11
100000,5000,0.05,0.003,4,nl,128,0.5,hwindow_12h_highdim_extra_midp,16,0.5,1e-08,0.1,7.0,12
100000,5000,0.05,0.003,4,nl,128,0.5,hwindow_12h_highdim_extra_midp,16,1.0,1e-08,0.1,7.0,13
100000,5000,0.05,0.003,8,nl,128,0.5,hwindow_12h_highdim_extra_midp,1,0.01,0.1,0.1,0.0,1
100000,5000,0.05,0.003,8,nl,128,0.5,hwindow_12h_highdim_extra_midp,1,0.05,0.001,0.1,2.0,5
100000,5000,0.05,0.003,8,nl,128,0.5,hwindow_12h_highdim_extra_midp,1,0.1,1e-08,0.1,7.0,10
100000,5000,0.05,0.003,8,nl,128,0.5,hwindow_12h_highdim_extra_midp,1,0.5,1e-08,0.1,7.0,11
100000,5000,0.05,0.003,8,nl,128,0.5,hwindow_12h_highdim_extra_midp,1,1.0,1e-08,0.1,7.0,12
100000,5000,0.05,0.003,8,nl,128,0.5,hwindow_12h_highdim_extra_midp,2,0.01,0.003,0.1,1.5228787452803376,3
100000,5000,0.05,0.003,8,nl,128,0.5,hwindow_12h_highdim_extra_midp,2,0.05,1e-08,0.1,7.0,10
100000,5000,0.05,0.003,8,nl,128,0.5,hwindow_12h_highdim_extra_midp,2,0.1,1e-08,0.1,7.0,11
100000,5000,0.05,0.003,8,nl,128,0.5,hwindow_12h_highdim_extra_midp,2,0.5,1e-08,0.1,7.0,12
100000,5000,0.05,0.003,8,nl,128,0.5,hwindow_12h_highdim_extra_midp,2,1.0,1e-08,0.1,7.0,13
100000,5000,0.05,0.003,8,nl,128,0.5,hwindow_12h_highdim_extra_midp,4,0.01,0.001,0.1,2.0,5
100000,5000,0.05,0.003,8,nl,128,0.5,hwindow_12h_highdim_extra_midp,4,0.05,1e-08,0.1,7.0,11
100000,5000,0.05,0.003,8,nl,128,0.5,hwindow_12h_highdim_extra_midp,4,0.1,1e-08,0.1,7.0,11
100000,5000,0.05,0.003,8,nl,128,0.5,hwindow_12h_highdim_extra_midp,4,0.5,1e-08,0.1,7.0,13
100000,5000,0.05,0.003,8,nl,128,0.5,hwindow_12h_highdim_extra_midp,4,1.0,1e-08,0.1,7.0,13
100000,5000,0.05,0.003,8,nl,128,0.5,hwindow_12h_highdim_extra_midp,8,0.01,1e-08,0.1,7.0,8
100000,5000,0.05,0.003,8,nl,128,0.5,hwindow_12h_highdim_extra_midp,8,0.05,1e-08,0.1,7.0,11
100000,5000,0.05,0.003,8,nl,128,0.5,hwindow_12h_highdim_extra_midp,8,0.1,1e-08,0.1,7.0,12
100000,5000,0.05,0.003,8,nl,128,0.5,hwindow_12h_highdim_extra_midp,8,0.5,1e-08,0.1,7.0,13
100000,5000,0.05,0.003,8,nl,128,0.5,hwindow_12h_highdim_extra_midp,8,1.0,1e-08,0.1,7.0,13
100000,5000,0.05,0.003,8,nl,128,0.5,hwindow_12h_highdim_extra_midp,16,0.01,1e-08,0.1,7.0,10
100000,5000,0.05,0.003,8,nl,128,0.5,hwindow_12h_highdim_extra_midp,16,0.05,1e-08,0.1,7.0,12
100000,5000,0.05,0.003,8,nl,128,0.5,hwindow_12h_highdim_extra_midp,16,0.1,1e-08,0.1,7.0,12
100000,5000,0.05,0.003,8,nl,128,0.5,hwindow_12h_highdim_extra_midp,16,0.5,1e-08,0.1,7.0,13
100000,5000,0.05,0.003,8,nl,128,0.5,hwindow_12h_highdim_extra_midp,16,1.0,1e-08,0.1,7.0,15
100000,10000,0.1,1e-05,4,lin,128,0.0,main,1,0.01,1e-05,3e-05,0.47712125471966244,2
100000,10000,0.1,1e-05,4,lin,128,0.0,main,1,0.05,3e-06,0.03,4.0,5
100000,10000,0.1,1e-05,4,lin,128,0.0,main,1,0.1,3e-06,0.03,4.0,8
100000,10000,0.1,1e-05,4,lin,128,0.0,main,1,0.5,1e-06,0.1,5.0,11
100000,10000,0.1,1e-05,4,lin,128,0.0,main,1,1.0,3e-07,0.1,5.522878745280337,12
100000,10000,0.1,1e-05,4,lin,128,0.0,main,2,0.01,1e-05,3e-05,0.47712125471966244,2
100000,10000,0.1,1e-05,4,lin,128,0.0,main,2,0.05,3e-06,0.03,4.0,8
100000,10000,0.1,1e-05,4,lin,128,0.0,main,2,0.1,3e-06,0.1,4.522878745280337,10
100000,10000,0.1,1e-05,4,lin,128,0.0,main,2,0.5,3e-07,0.1,5.522878745280337,12
100000,10000,0.1,1e-05,4,lin,128,0.0,main,2,1.0,3e-07,0.1,5.522878745280337,12
100000,10000,0.1,1e-05,4,lin,128,0.0,main,4,0.01,3e-06,0.0001,1.5228787452803376,4
100000,10000,0.1,1e-05,4,lin,128,0.0,main,4,0.05,3e-06,0.1,4.522878745280337,10
100000,10000,0.1,1e-05,4,lin,128,0.0,main,4,0.1,1e-06,0.1,5.0,11
100000,10000,0.1,1e-05,4,lin,128,0.0,main,4,0.5,3e-07,0.1,5.522878745280337,12
100000,10000,0.1,1e-05,4,lin,128,0.0,main,4,1.0,3e-07,0.1,5.522878745280337,12
100000,10000,0.1,1e-05,4,lin,128,0.0,main,8,0.01,3e-06,0.03,4.0,7
100000,10000,0.1,1e-05,4,lin,128,0.0,main,8,0.05,1e-06,0.1,5.0,11
100000,10000,0.1,1e-05,4,lin,128,0.0,main,8,0.1,3e-07,0.1,5.522878745280337,12
100000,10000,0.1,1e-05,4,lin,128,0.0,main,8,0.5,3e-07,0.1,5.522878745280337,12
100000,10000,0.1,1e-05,4,lin,128,0.0,main,8,1.0,1e-07,0.1,6.0,13
100000,10000,0.1,1e-05,4,lin,128,0.0,main,16,0.01,3e-06,0.1,4.522878745280337,10
100000,10000,0.1,1e-05,4,lin,128,0.0,main,16,0.05,3e-07,0.1,5.522878745280337,12
100000,10000,0.1,1e-05,4,lin,128,0.0,main,16,0.1,3e-07,0.1,5.522878745280337,12
100000,10000,0.1,1e-05,4,lin,128,0.0,main,16,0.5,1e-07,0.1,6.0,13
100000,10000,0.1,1e-05,4,lin,128,0.0,main,16,1.0,3e-08,0.1,6.522878745280337,14
100000,10000,0.1,1e-05,4,lin,128,1.0,main,1,0.01,,,,0
100000,10000,0.1,1e-05,4,lin,128,1.0,main,1,0.05,1e-05,0.0001,1.0,3
100000,10000,0.1,1e-05,4,lin,128,1.0,main,1,0.1,1e-05,0.1,4.0,8
100000,10000,0.1,1e-05,4,lin,128,1.0,main,1,0.5,3e-06,0.1,4.522878745280337,10
100000,10000,0.1,1e-05,4,lin,128,1.0,main,1,1.0,1e-06,0.1,5.0,11
100000,10000,0.1,1e-05,4,lin,128,1.0,main,2,0.01,3e-05,3e-05,0.0,1
100000,10000,0.1,1e-05,4,lin,128,1.0,main,2,0.05,1e-05,0.1,4.0,8
100000,10000,0.1,1e-05,4,lin,128,1.0,main,2,0.1,3e-06,0.1,4.522878745280337,10
100000,10000,0.1,1e-05,4,lin,128,1.0,main,2,0.5,1e-06,0.1,5.0,11
100000,10000,0.1,1e-05,4,lin,128,1.0,main,2,1.0,1e-06,0.1,5.0,11
100000,10000,0.1,1e-05,4,lin,128,1.0,main,4,0.01,1e-05,0.0001,1.0,3
100000,10000,0.1,1e-05,4,lin,128,1.0,main,4,0.05,3e-06,0.1,4.522878745280337,10
100000,10000,0.1,1e-05,4,lin,128,1.0,main,4,0.1,3e-06,0.1,4.522878745280337,10
100000,10000,0.1,1e-05,4,lin,128,1.0,main,4,0.5,1e-06,0.1,5.0,11
100000,10000,0.1,1e-05,4,lin,128,1.0,main,4,1.0,1e-06,0.1,5.0,11
100000,10000,0.1,1e-05,4,lin,128,1.0,main,8,0.01,1e-05,0.003,2.4771212547196626,5
100000,10000,0.1,1e-05,4,lin,128,1.0,main,8,0.05,3e-06,0.1,4.522878745280337,10
100000,10000,0.1,1e-05,4,lin,128,1.0,main,8,0.1,3e-06,0.1,4.522878745280337,10
100000,10000,0.1,1e-05,4,lin,128,1.0,main,8,0.5,1e-06,0.1,5.0,11
100000,10000,0.1,1e-05,4,lin,128,1.0,main,8,1.0,3e-07,0.1,5.522878745280337,12
100000,10000,0.1,1e-05,4,lin,128,1.0,main,16,0.01,1e-05,0.1,4.0,9
100000,10000,0.1,1e-05,4,lin,128,1.0,main,16,0.05,3e-06,0.1,4.522878745280337,10
100000,10000,0.1,1e-05,4,lin,128,1.0,main,16,0.1,1e-06,0.1,5.0,11
100000,10000,0.1,1e-05,4,lin,128,1.0,main,16,0.5,3e-07,0.1,5.522878745280337,12
100000,10000,0.1,1e-05,4,lin,128,1.0,main,16,1.0,3e-08,0.1,6.522878745280337,13
100000,10000,0.1,1e-05,4,nl,128,0.0,main,1,0.01,,,,0
100000,10000,0.1,1e-05,4,nl,128,0.0,main,1,0.05,,,,0
100000,10000,0.1,1e-05,4,nl,128,0.0,main,1,0.1,1e-08,0.1,7.0,9
100000,10000,0.1,1e-05,4,nl,128,0.0,main,1,0.5,1e-08,0.1,7.0,15
100000,10000,0.1,1e-05,4,nl,128,0.0,main,1,1.0,1e-08,0.1,7.0,15
100000,10000,0.1,1e-05,4,nl,128,0.0,main,2,0.01,,,,0
100000,10000,0.1,1e-05,4,nl,128,0.0,main,2,0.05,1e-08,0.1,7.0,9
100000,10000,0.1,1e-05,4,nl,128,0.0,main,2,0.1,1e-08,0.1,7.0,15
100000,10000,0.1,1e-05,4,nl,128,0.0,main,2,0.5,1e-08,0.1,7.0,15
100000,10000,0.1,1e-05,4,nl,128,0.0,main,2,1.0,1e-08,0.1,7.0,15
100000,10000,0.1,1e-05,4,nl,128,0.0,main,4,0.01,,,,0
100000,10000,0.1,1e-05,4,nl,128,0.0,main,4,0.05,1e-08,0.1,7.0,15
100000,10000,0.1,1e-05,4,nl,128,0.0,main,4,0.1,1e-08,0.1,7.0,15
100000,10000,0.1,1e-05,4,nl,128,0.0,main,4,0.5,1e-08,0.1,7.0,15
100000,10000,0.1,1e-05,4,nl,128,0.0,main,4,1.0,1e-08,0.1,7.0,15
100000,10000,0.1,1e-05,4,nl,128,0.0,main,8,0.01,1e-08,0.1,7.0,4
100000,10000,0.1,1e-05,4,nl,128,0.0,main,8,0.05,1e-08,0.1,7.0,15
100000,10000,0.1,1e-05,4,nl,128,0.0,main,8,0.1,1e-08,0.1,7.0,15
100000,10000,0.1,1e-05,4,nl,128,0.0,main,8,0.5,1e-08,0.1,7.0,15
100000,10000,0.1,1e-05,4,nl,128,0.0,main,8,1.0,1e-08,0.1,7.0,15
100000,10000,0.1,1e-05,4,nl,128,0.0,main,16,0.01,1e-08,0.1,7.0,15
100000,10000,0.1,1e-05,4,nl,128,0.0,main,16,0.05,1e-08,0.1,7.0,15
100000,10000,0.1,1e-05,4,nl,128,0.0,main,16,0.1,1e-08,0.1,7.0,15
100000,10000,0.1,1e-05,4,nl,128,0.0,main,16,0.5,1e-08,0.1,7.0,15
100000,10000,0.1,1e-05,4,nl,128,0.0,main,16,1.0,1e-08,0.1,7.0,15
100000,10000,0.1,1e-05,4,nl,128,1.0,main,1,0.01,,,,0
100000,10000,0.1,1e-05,4,nl,128,1.0,main,1,0.05,0.0003,0.0003,0.0,1
100000,10000,0.1,1e-05,4,nl,128,1.0,main,1,0.1,1e-08,0.01,6.0,6
100000,10000,0.1,1e-05,4,nl,128,1.0,main,1,0.5,1e-08,0.1,7.0,11
100000,10000,0.1,1e-05,4,nl,128,1.0,main,1,1.0,1e-08,0.1,7.0,12
100000,10000,0.1,1e-05,4,nl,128,1.0,main,2,0.01,,,,0
100000,10000,0.1,1e-05,4,nl,128,1.0,main,2,0.05,1e-08,0.01,6.0,6
100000,10000,0.1,1e-05,4,nl,128,1.0,main,2,0.1,1e-08,0.1,7.0,11
100000,10000,0.1,1e-05,4,nl,128,1.0,main,2,0.5,1e-08,0.1,7.0,12
100000,10000,0.1,1e-05,4,nl,128,1.0,main,2,1.0,1e-08,0.1,7.0,12
100000,10000,0.1,1e-05,4,nl,128,1.0,main,4,0.01,,,,0
100000,10000,0.1,1e-05,4,nl,128,1.0,main,4,0.05,1e-08,0.1,7.0,11
100000,10000,0.1,1e-05,4,nl,128,1.0,main,4,0.1,1e-08,0.1,7.0,11
100000,10000,0.1,1e-05,4,nl,128,1.0,main,4,0.5,1e-08,0.1,7.0,12
100000,10000,0.1,1e-05,4,nl,128,1.0,main,4,1.0,1e-08,0.1,7.0,12
100000,10000,0.1,1e-05,4,nl,128,1.0,main,8,0.01,3e-08,0.0003,4.0,3
100000,10000,0.1,1e-05,4,nl,128,1.0,main,8,0.05,1e-08,0.1,7.0,11
100000,10000,0.1,1e-05,4,nl,128,1.0,main,8,0.1,1e-08,0.1,7.0,11
100000,10000,0.1,1e-05,4,nl,128,1.0,main,8,0.5,1e-08,0.1,7.0,12
100000,10000,0.1,1e-05,4,nl,128,1.0,main,8,1.0,1e-08,0.1,7.0,12
100000,10000,0.1,1e-05,4,nl,128,1.0,main,16,0.01,1e-08,0.1,7.0,10
100000,10000,0.1,1e-05,4,nl,128,1.0,main,16,0.05,1e-08,0.1,7.0,11
100000,10000,0.1,1e-05,4,nl,128,1.0,main,16,0.1,1e-08,0.1,7.0,12
100000,10000,0.1,1e-05,4,nl,128,1.0,main,16,0.5,1e-08,0.1,7.0,12
100000,10000,0.1,1e-05,4,nl,128,1.0,main,16,1.0,1e-08,0.1,7.0,13
100000,10000,0.1,1e-05,8,lin,128,0.0,main,1,0.01,1e-05,0.001,2.0,5
100000,10000,0.1,1e-05,8,lin,128,0.0,main,1,0.05,3e-06,0.001,2.5228787452803374,6
100000,10000,0.1,1e-05,8,lin,128,0.0,main,1,0.1,3e-06,0.003,3.0,7
100000,10000,0.1,1e-05,8,lin,128,0.0,main,1,0.5,1e-06,0.1,5.0,11
100000,10000,0.1,1e-05,8,lin,128,0.0,main,1,1.0,1e-06,0.1,5.0,11
100000,10000,0.1,1e-05,8,lin,128,0.0,main,2,0.01,1e-05,0.001,2.0,5
100000,10000,0.1,1e-05,8,lin,128,0.0,main,2,0.05,3e-06,0.003,3.0,7
100000,10000,0.1,1e-05,8,lin,128,0.0,main,2,0.1,3e-06,0.1,4.522878745280337,10
100000,10000,0.1,1e-05,8,lin,128,0.0,main,2,0.5,1e-06,0.1,5.0,11
100000,10000,0.1,1e-05,8,lin,128,0.0,main,2,1.0,3e-07,0.1,5.522878745280337,12
100000,10000,0.1,1e-05,8,lin,128,0.0,main,4,0.01,1e-05,0.001,2.0,5
100000,10000,0.1,1e-05,8,lin,128,0.0,main,4,0.05,3e-06,0.1,4.522878745280337,10
100000,10000,0.1,1e-05,8,lin,128,0.0,main,4,0.1,1e-06,0.1,5.0,11
100000,10000,0.1,1e-05,8,lin,128,0.0,main,4,0.5,3e-07,0.1,5.522878745280337,12
100000,10000,0.1,1e-05,8,lin,128,0.0,main,4,1.0,1e-07,0.1,6.0,13
100000,10000,0.1,1e-05,8,lin,128,0.0,main,8,0.01,3e-06,0.001,2.5228787452803374,6
100000,10000,0.1,1e-05,8,lin,128,0.0,main,8,0.05,1e-06,0.1,5.0,11
100000,10000,0.1,1e-05,8,lin,128,0.0,main,8,0.1,1e-06,0.1,5.0,11
100000,10000,0.1,1e-05,8,lin,128,0.0,main,8,0.5,1e-07,0.1,6.0,13
100000,10000,0.1,1e-05,8,lin,128,0.0,main,8,1.0,1e-07,0.1,6.0,13
100000,10000,0.1,1e-05,8,lin,128,0.0,main,16,0.01,3e-06,0.1,4.522878745280337,10
100000,10000,0.1,1e-05,8,lin,128,0.0,main,16,0.05,1e-06,0.1,5.0,11
100000,10000,0.1,1e-05,8,lin,128,0.0,main,16,0.1,3e-07,0.1,5.522878745280337,12
100000,10000,0.1,1e-05,8,lin,128,0.0,main,16,0.5,1e-07,0.1,6.0,13
100000,10000,0.1,1e-05,8,lin,128,0.0,main,16,1.0,3e-08,0.1,6.522878745280337,14
100000,10000,0.1,1e-05,8,lin,128,1.0,main,1,0.01,3e-05,0.0003,0.9999999999999999,3
100000,10000,0.1,1e-05,8,lin,128,1.0,main,1,0.05,1e-05,0.003,2.4771212547196626,6
100000,10000,0.1,1e-05,8,lin,128,1.0,main,1,0.1,1e-05,0.1,4.0,8
100000,10000,0.1,1e-05,8,lin,128,1.0,main,1,0.5,3e-06,0.1,4.522878745280337,10
100000,10000,0.1,1e-05,8,lin,128,1.0,main,1,1.0,1e-06,0.1,5.0,11
100000,10000,0.1,1e-05,8,lin,128,1.0,main,2,0.01,1e-05,0.003,2.4771212547196626,6
100000,10000,0.1,1e-05,8,lin,128,1.0,main,2,0.05,1e-05,0.1,4.0,8
100000,10000,0.1,1e-05,8,lin,128,1.0,main,2,0.1,3e-06,0.1,4.522878745280337,10
100000,10000,0.1,1e-05,8,lin,128,1.0,main,2,0.5,1e-06,0.1,5.0,11
100000,10000,0.1,1e-05,8,lin,128,1.0,main,2,1.0,3e-07,0.1,5.522878745280337,12
100000,10000,0.1,1e-05,8,lin,128,1.0,main,4,0.01,1e-05,0.003,2.4771212547196626,6
100000,10000,0.1,1e-05,8,lin,128,1.0,main,4,0.05,3e-06,0.1,4.522878745280337,10
100000,10000,0.1,1e-05,8,lin,128,1.0,main,4,0.1,3e-06,0.1,4.522878745280337,10
100000,10000,0.1,1e-05,8,lin,128,1.0,main,4,0.5,3e-07,0.1,5.522878745280337,12
100000,10000,0.1,1e-05,8,lin,128,1.0,main,4,1.0,3e-07,0.1,5.522878745280337,12
100000,10000,0.1,1e-05,8,lin,128,1.0,main,8,0.01,1e-05,0.003,2.4771212547196626,6
100000,10000,0.1,1e-05,8,lin,128,1.0,main,8,0.05,3e-06,0.1,4.522878745280337,10
100000,10000,0.1,1e-05,8,lin,128,1.0,main,8,0.1,1e-06,0.1,5.0,11
100000,10000,0.1,1e-05,8,lin,128,1.0,main,8,0.5,3e-07,0.1,5.522878745280337,12
100000,10000,0.1,1e-05,8,lin,128,1.0,main,8,1.0,1e-07,0.1,6.0,13
100000,10000,0.1,1e-05,8,lin,128,1.0,main,16,0.01,3e-06,0.1,4.522878745280337,10
100000,10000,0.1,1e-05,8,lin,128,1.0,main,16,0.05,1e-06,0.1,5.0,11
100000,10000,0.1,1e-05,8,lin,128,1.0,main,16,0.1,1e-06,0.1,5.0,11
100000,10000,0.1,1e-05,8,lin,128,1.0,main,16,0.5,1e-07,0.1,6.0,13
100000,10000,0.1,1e-05,8,lin,128,1.0,main,16,1.0,3e-08,0.1,6.522878745280337,14
100000,10000,0.1,1e-05,8,nl,128,0.0,main,1,0.01,,,,0
100000,10000,0.1,1e-05,8,nl,128,0.0,main,1,0.05,0.0001,0.0003,0.4771212547196624,2
100000,10000,0.1,1e-05,8,nl,128,0.0,main,1,0.1,3e-05,0.1,3.5228787452803374,8
100000,10000,0.1,1e-05,8,nl,128,0.0,main,1,0.5,1e-08,0.1,7.0,10
100000,10000,0.1,1e-05,8,nl,128,0.0,main,1,1.0,1e-08,0.1,7.0,11
100000,10000,0.1,1e-05,8,nl,128,0.0,main,2,0.01,0.0003,0.0003,0.0,1
100000,10000,0.1,1e-05,8,nl,128,0.0,main,2,0.05,3e-05,0.1,3.5228787452803374,8
100000,10000,0.1,1e-05,8,nl,128,0.0,main,2,0.1,1e-08,0.1,7.0,9
100000,10000,0.1,1e-05,8,nl,128,0.0,main,2,0.5,1e-08,0.1,7.0,11
100000,10000,0.1,1e-05,8,nl,128,0.0,main,2,1.0,1e-08,0.1,7.0,12
100000,10000,0.1,1e-05,8,nl,128,0.0,main,4,0.01,0.0001,0.0003,0.4771212547196624,2
100000,10000,0.1,1e-05,8,nl,128,0.0,main,4,0.05,1e-08,0.1,7.0,9
100000,10000,0.1,1e-05,8,nl,128,0.0,main,4,0.1,1e-08,0.1,7.0,10
100000,10000,0.1,1e-05,8,nl,128,0.0,main,4,0.5,1e-08,0.1,7.0,12
100000,10000,0.1,1e-05,8,nl,128,0.0,main,4,1.0,1e-08,0.1,7.0,12
100000,10000,0.1,1e-05,8,nl,128,0.0,main,8,0.01,0.0001,0.0003,0.4771212547196624,2
100000,10000,0.1,1e-05,8,nl,128,0.0,main,8,0.05,1e-08,0.1,7.0,10
100000,10000,0.1,1e-05,8,nl,128,0.0,main,8,0.1,1e-08,0.1,7.0,11
100000,10000,0.1,1e-05,8,nl,128,0.0,main,8,0.5,1e-08,0.1,7.0,12
100000,10000,0.1,1e-05,8,nl,128,0.0,main,8,1.0,1e-08,0.1,7.0,13
100000,10000,0.1,1e-05,8,nl,128,0.0,main,16,0.01,1e-08,0.1,7.0,9
100000,10000,0.1,1e-05,8,nl,128,0.0,main,16,0.05,1e-08,0.1,7.0,11
100000,10000,0.1,1e-05,8,nl,128,0.0,main,16,0.1,1e-08,0.1,7.0,11
100000,10000,0.1,1e-05,8,nl,128,0.0,main,16,0.5,1e-08,0.1,7.0,13
100000,10000,0.1,1e-05,8,nl,128,0.0,main,16,1.0,1e-08,0.1,7.0,13
100000,10000,0.1,1e-05,8,nl,128,1.0,main,1,0.01,,,,0
100000,10000,0.1,1e-05,8,nl,128,1.0,main,1,0.05,3e-05,0.001,1.5228787452803376,4
100000,10000,0.1,1e-05,8,nl,128,1.0,main,1,0.1,3e-05,0.1,3.5228787452803374,8
100000,10000,0.1,1e-05,8,nl,128,1.0,main,1,0.5,3e-06,0.1,4.522878745280337,10
100000,10000,0.1,1e-05,8,nl,128,1.0,main,1,1.0,3e-07,0.1,5.522878745280337,12
100000,10000,0.1,1e-05,8,nl,128,1.0,main,2,0.01,0.0003,0.0003,0.0,1
100000,10000,0.1,1e-05,8,nl,128,1.0,main,2,0.05,3e-05,0.1,3.5228787452803374,8
100000,10000,0.1,1e-05,8,nl,128,1.0,main,2,0.1,3e-06,0.1,4.522878745280337,10
100000,10000,0.1,1e-05,8,nl,128,1.0,main,2,0.5,3e-07,0.1,5.522878745280337,12
100000,10000,0.1,1e-05,8,nl,128,1.0,main,2,1.0,3e-07,0.1,5.522878745280337,12
100000,10000,0.1,1e-05,8,nl,128,1.0,main,4,0.01,3e-05,0.001,1.5228787452803376,4
100000,10000,0.1,1e-05,8,nl,128,1.0,main,4,0.05,3e-06,0.1,4.522878745280337,10
100000,10000,0.1,1e-05,8,nl,128,1.0,main,4,0.1,3e-06,0.1,4.522878745280337,10
100000,10000,0.1,1e-05,8,nl,128,1.0,main,4,0.5,3e-07,0.1,5.522878745280337,12
100000,10000,0.1,1e-05,8,nl,128,1.0,main,4,1.0,1e-08,0.1,7.0,13
100000,10000,0.1,1e-05,8,nl,128,1.0,main,8,0.01,3e-05,0.03,3.0,7
100000,10000,0.1,1e-05,8,nl,128,1.0,main,8,0.05,3e-06,0.1,4.522878745280337,10
100000,10000,0.1,1e-05,8,nl,128,1.0,main,8,0.1,1e-06,0.1,5.0,11
100000,10000,0.1,1e-05,8,nl,128,1.0,main,8,0.5,1e-08,0.1,7.0,13
100000,10000,0.1,1e-05,8,nl,128,1.0,main,8,1.0,1e-08,0.1,7.0,15
100000,10000,0.1,1e-05,8,nl,128,1.0,main,16,0.01,1e-05,0.1,4.0,9
100000,10000,0.1,1e-05,8,nl,128,1.0,main,16,0.05,1e-06,0.1,5.0,11
100000,10000,0.1,1e-05,8,nl,128,1.0,main,16,0.1,3e-07,0.1,5.522878745280337,12
100000,10000,0.1,1e-05,8,nl,128,1.0,main,16,0.5,1e-08,0.1,7.0,15
100000,10000,0.1,1e-05,8,nl,128,1.0,main,16,1.0,1e-08,0.1,7.0,15
100000,10000,0.1,0.0001,4,lin,128,0.0,main,1,0.01,0.0001,0.0003,0.4771212547196624,2
100000,10000,0.1,0.0001,4,lin,128,0.0,main,1,0.05,0.0001,0.001,1.0,3
100000,10000,0.1,0.0001,4,lin,128,0.0,main,1,0.1,3e-05,0.1,3.5228787452803374,7
100000,10000,0.1,0.0001,4,lin,128,0.0,main,1,0.5,1e-05,0.1,4.0,9
100000,10000,0.1,0.0001,4,lin,128,0.0,main,1,1.0,1e-05,0.1,4.0,9
100000,10000,0.1,0.0001,4,lin,128,0.0,main,2,0.01,0.0001,0.0003,0.4771212547196624,2
100000,10000,0.1,0.0001,4,lin,128,0.0,main,2,0.05,3e-05,0.1,3.5228787452803374,7
100000,10000,0.1,0.0001,4,lin,128,0.0,main,2,0.1,3e-05,0.1,3.5228787452803374,8
100000,10000,0.1,0.0001,4,lin,128,0.0,main,2,0.5,1e-05,0.1,4.0,9
100000,10000,0.1,0.0001,4,lin,128,0.0,main,2,1.0,3e-06,0.1,4.522878745280337,10
100000,10000,0.1,0.0001,4,lin,128,0.0,main,4,0.01,0.0001,0.001,1.0,3
100000,10000,0.1,0.0001,4,lin,128,0.0,main,4,0.05,3e-05,0.1,3.5228787452803374,8
100000,10000,0.1,0.0001,4,lin,128,0.0,main,4,0.1,1e-05,0.1,4.0,9
100000,10000,0.1,0.0001,4,lin,128,0.0,main,4,0.5,3e-06,0.1,4.522878745280337,10
100000,10000,0.1,0.0001,4,lin,128,0.0,main,4,1.0,1e-06,0.1,5.0,11
100000,10000,0.1,0.0001,4,lin,128,0.0,main,8,0.01,3e-05,0.003,2.0,5
100000,10000,0.1,0.0001,4,lin,128,0.0,main,8,0.05,1e-05,0.1,4.0,9
100000,10000,0.1,0.0001,4,lin,128,0.0,main,8,0.1,1e-05,0.1,4.0,9
100000,10000,0.1,0.0001,4,lin,128,0.0,main,8,0.5,1e-06,0.1,5.0,11
100000,10000,0.1,0.0001,4,lin,128,0.0,main,8,1.0,1e-06,0.1,5.0,11
100000,10000,0.1,0.0001,4,lin,128,0.0,main,16,0.01,3e-05,0.1,3.5228787452803374,8
100000,10000,0.1,0.0001,4,lin,128,0.0,main,16,0.05,1e-05,0.1,4.0,9
100000,10000,0.1,0.0001,4,lin,128,0.0,main,16,0.1,3e-06,0.1,4.522878745280337,10
100000,10000,0.1,0.0001,4,lin,128,0.0,main,16,0.5,1e-06,0.1,5.0,11
100000,10000,0.1,0.0001,4,lin,128,0.0,main,16,1.0,3e-07,0.1,5.522878745280337,12
100000,10000,0.1,0.0001,4,lin,128,1.0,main,1,0.01,,,,0
100000,10000,0.1,0.0001,4,lin,128,1.0,main,1,0.05,0.0001,0.003,1.4771212547196624,4
100000,10000,0.1,0.0001,4,lin,128,1.0,main,1,0.1,0.0001,0.1,3.0,6
100000,10000,0.1,0.0001,4,lin,128,1.0,main,1,0.5,1e-05,0.1,4.0,9
100000,10000,0.1,0.0001,4,lin,128,1.0,main,1,1.0,1e-05,0.1,4.0,9
100000,10000,0.1,0.0001,4,lin,128,1.0,main,2,0.01,0.0001,0.0003,0.4771212547196624,2
100000,10000,0.1,0.0001,4,lin,128,1.0,main,2,0.05,0.0001,0.1,3.0,6
100000,10000,0.1,0.0001,4,lin,128,1.0,main,2,0.1,0.0001,0.1,3.0,7
100000,10000,0.1,0.0001,4,lin,128,1.0,main,2,0.5,1e-05,0.1,4.0,9
100000,10000,0.1,0.0001,4,lin,128,1.0,main,2,1.0,3e-06,0.1,4.522878745280337,10
100000,10000,0.1,0.0001,4,lin,128,1.0,main,4,0.01,0.0001,0.003,1.4771212547196624,4
100000,10000,0.1,0.0001,4,lin,128,1.0,main,4,0.05,0.0001,0.1,3.0,7
100000,10000,0.1,0.0001,4,lin,128,1.0,main,4,0.1,3e-05,0.1,3.5228787452803374,8
100000,10000,0.1,0.0001,4,lin,128,1.0,main,4,0.5,3e-06,0.1,4.522878745280337,10
100000,10000,0.1,0.0001,4,lin,128,1.0,main,4,1.0,3e-06,0.1,4.522878745280337,10
100000,10000,0.1,0.0001,4,lin,128,1.0,main,8,0.01,0.0001,0.1,3.0,5
100000,10000,0.1,0.0001,4,lin,128,1.0,main,8,0.05,3e-05,0.1,3.5228787452803374,8
100000,10000,0.1,0.0001,4,lin,128,1.0,main,8,0.1,1e-05,0.1,4.0,9
100000,10000,0.1,0.0001,4,lin,128,1.0,main,8,0.5,3e-06,0.1,4.522878745280337,10
100000,10000,0.1,0.0001,4,lin,128,1.0,main,8,1.0,1e-06,0.1,5.0,11
100000,10000,0.1,0.0001,4,lin,128,1.0,main,16,0.01,0.0001,0.1,3.0,7
100000,10000,0.1,0.0001,4,lin,128,1.0,main,16,0.05,1e-05,0.1,4.0,9
100000,10000,0.1,0.0001,4,lin,128,1.0,main,16,0.1,3e-06,0.1,4.522878745280337,10
100000,10000,0.1,0.0001,4,lin,128,1.0,main,16,0.5,1e-06,0.1,5.0,11
100000,10000,0.1,0.0001,4,lin,128,1.0,main,16,1.0,3e-07,0.1,5.522878745280337,12
100000,10000,0.1,0.0001,4,nl,128,0.0,main,1,0.01,,,,0
100000,10000,0.1,0.0001,4,nl,128,0.0,main,1,0.05,0.0001,0.0003,0.4771212547196624,2
100000,10000,0.1,0.0001,4,nl,128,0.0,main,1,0.1,3e-05,0.1,3.5228787452803374,8
100000,10000,0.1,0.0001,4,nl,128,0.0,main,1,0.5,1e-08,0.1,7.0,10
100000,10000,0.1,0.0001,4,nl,128,0.0,main,1,1.0,1e-08,0.1,7.0,11
100000,10000,0.1,0.0001,4,nl,128,0.0,main,2,0.01,0.0003,0.0003,0.0,1
100000,10000,0.1,0.0001,4,nl,128,0.0,main,2,0.05,3e-05,0.1,3.5228787452803374,8
100000,10000,0.1,0.0001,4,nl,128,0.0,main,2,0.1,1e-08,0.1,7.0,9
100000,10000,0.1,0.0001,4,nl,128,0.0,main,2,0.5,1e-08,0.1,7.0,11
100000,10000,0.1,0.0001,4,nl,128,0.0,main,2,1.0,1e-08,0.1,7.0,11
100000,10000,0.1,0.0001,4,nl,128,0.0,main,4,0.01,0.0001,0.0003,0.4771212547196624,2
100000,10000,0.1,0.0001,4,nl,128,0.0,main,4,0.05,1e-08,0.1,7.0,9
100000,10000,0.1,0.0001,4,nl,128,0.0,main,4,0.1,1e-08,0.1,7.0,9
100000,10000,0.1,0.0001,4,nl,128,0.0,main,4,0.5,1e-08,0.1,7.0,11
100000,10000,0.1,0.0001,4,nl,128,0.0,main,4,1.0,1e-08,0.1,7.0,12
100000,10000,0.1,0.0001,4,nl,128,0.0,main,8,0.01,3e-05,0.01,2.5228787452803374,5
100000,10000,0.1,0.0001,4,nl,128,0.0,main,8,0.05,1e-08,0.1,7.0,9
100000,10000,0.1,0.0001,4,nl,128,0.0,main,8,0.1,1e-08,0.1,7.0,10
100000,10000,0.1,0.0001,4,nl,128,0.0,main,8,0.5,1e-08,0.1,7.0,12
100000,10000,0.1,0.0001,4,nl,128,0.0,main,8,1.0,1e-08,0.1,7.0,12
100000,10000,0.1,0.0001,4,nl,128,0.0,main,16,0.01,1e-08,0.1,7.0,9
100000,10000,0.1,0.0001,4,nl,128,0.0,main,16,0.05,1e-08,0.1,7.0,10
100000,10000,0.1,0.0001,4,nl,128,0.0,main,16,0.1,1e-08,0.1,7.0,11
100000,10000,0.1,0.0001,4,nl,128,0.0,main,16,0.5,1e-08,0.1,7.0,12
100000,10000,0.1,0.0001,4,nl,128,0.0,main,16,1.0,1e-08,0.1,7.0,13
100000,10000,0.1,0.0001,4,nl,128,1.0,main,1,0.01,,,,0
100000,10000,0.1,0.0001,4,nl,128,1.0,main,1,0.05,0.001,0.003,0.47712125471966244,2
100000,10000,0.1,0.0001,4,nl,128,1.0,main,1,0.1,0.0003,0.03,2.0,5
100000,10000,0.1,0.0001,4,nl,128,1.0,main,1,0.5,3e-05,0.1,3.5228787452803374,8
100000,10000,0.1,0.0001,4,nl,128,1.0,main,1,1.0,3e-05,0.1,3.5228787452803374,8
100000,10000,0.1,0.0001,4,nl,128,1.0,main,2,0.01,,,,0
100000,10000,0.1,0.0001,4,nl,128,1.0,main,2,0.05,0.0003,0.03,2.0,5
100000,10000,0.1,0.0001,4,nl,128,1.0,main,2,0.1,0.0003,0.1,2.5228787452803374,6
100000,10000,0.1,0.0001,4,nl,128,1.0,main,2,0.5,3e-05,0.1,3.5228787452803374,8
100000,10000,0.1,0.0001,4,nl,128,1.0,main,2,1.0,3e-05,0.1,3.5228787452803374,8
100000,10000,0.1,0.0001,4,nl,128,1.0,main,4,0.01,0.001,0.001,0.0,1
100000,10000,0.1,0.0001,4,nl,128,1.0,main,4,0.05,0.0003,0.1,2.5228787452803374,6
100000,10000,0.1,0.0001,4,nl,128,1.0,main,4,0.1,3e-05,0.1,3.5228787452803374,8
100000,10000,0.1,0.0001,4,nl,128,1.0,main,4,0.5,3e-05,0.1,3.5228787452803374,8
100000,10000,0.1,0.0001,4,nl,128,1.0,main,4,1.0,1e-05,0.1,4.0,9
100000,10000,0.1,0.0001,4,nl,128,1.0,main,8,0.01,0.001,0.03,1.4771212547196624,4
100000,10000,0.1,0.0001,4,nl,128,1.0,main,8,0.05,3e-05,0.1,3.5228787452803374,8
100000,10000,0.1,0.0001,4,nl,128,1.0,main,8,0.1,3e-05,0.1,3.5228787452803374,8
100000,10000,0.1,0.0001,4,nl,128,1.0,main,8,0.5,1e-05,0.1,4.0,9
100000,10000,0.1,0.0001,4,nl,128,1.0,main,8,1.0,3e-08,0.1,6.522878745280337,11
100000,10000,0.1,0.0001,4,nl,128,1.0,main,16,0.01,0.0003,0.1,2.5228787452803374,6
100000,10000,0.1,0.0001,4,nl,128,1.0,main,16,0.05,3e-05,0.1,3.5228787452803374,8
100000,10000,0.1,0.0001,4,nl,128,1.0,main,16,0.1,3e-05,0.1,3.5228787452803374,8
100000,10000,0.1,0.0001,4,nl,128,1.0,main,16,0.5,3e-08,0.1,6.522878745280337,11
100000,10000,0.1,0.0001,4,nl,128,1.0,main,16,1.0,3e-08,0.1,6.522878745280337,11
100000,10000,0.1,0.0001,8,lin,128,0.0,main,1,0.01,0.0001,0.003,1.4771212547196624,4
100000,10000,0.1,0.0001,8,lin,128,0.0,main,1,0.05,0.0001,0.03,2.4771212547196626,6
100000,10000,0.1,0.0001,8,lin,128,0.0,main,1,0.1,3e-05,0.1,3.5228787452803374,8
100000,10000,0.1,0.0001,8,lin,128,0.0,main,1,0.5,1e-05,0.1,4.0,9
100000,10000,0.1,0.0001,8,lin,128,0.0,main,1,1.0,1e-05,0.1,4.0,9
100000,10000,0.1,0.0001,8,lin,128,0.0,main,2,0.01,0.0001,0.01,2.0,5
100000,10000,0.1,0.0001,8,lin,128,0.0,main,2,0.05,3e-05,0.1,3.5228787452803374,8
100000,10000,0.1,0.0001,8,lin,128,0.0,main,2,0.1,3e-05,0.1,3.5228787452803374,8
100000,10000,0.1,0.0001,8,lin,128,0.0,main,2,0.5,1e-05,0.1,4.0,9
100000,10000,0.1,0.0001,8,lin,128,0.0,main,2,1.0,3e-06,0.1,4.522878745280337,10
100000,10000,0.1,0.0001,8,lin,128,0.0,main,4,0.01,0.0001,0.01,2.0,5
100000,10000,0.1,0.0001,8,lin,128,0.0,main,4,0.05,3e-05,0.1,3.5228787452803374,8
100000,10000,0.1,0.0001,8,lin,128,0.0,main,4,0.1,1e-05,0.1,4.0,9
100000,10000,0.1,0.0001,8,lin,128,0.0,main,4,0.5,3e-06,0.1,4.522878745280337,10
100000,10000,0.1,0.0001,8,lin,128,0.0,main,4,1.0,1e-06,0.1,5.0,11
100000,10000,0.1,0.0001,8,lin,128,0.0,main,8,0.01,3e-05,0.1,3.5228787452803374,8
100000,10000,0.1,0.0001,8,lin,128,0.0,main,8,0.05,1e-05,0.1,4.0,9
100000,10000,0.1,0.0001,8,lin,128,0.0,main,8,0.1,1e-05,0.1,4.0,9
100000,10000,0.1,0.0001,8,lin,128,0.0,main,8,0.5,1e-06,0.1,5.0,11
100000,10000,0.1,0.0001,8,lin,128,0.0,main,8,1.0,1e-06,0.1,5.0,11
100000,10000,0.1,0.0001,8,lin,128,0.0,main,16,0.01,3e-05,0.1,3.5228787452803374,8
100000,10000,0.1,0.0001,8,lin,128,0.0,main,16,0.05,1e-05,0.1,4.0,9
100000,10000,0.1,0.0001,8,lin,128,0.0,main,16,0.1,3e-06,0.1,4.522878745280337,10
100000,10000,0.1,0.0001,8,lin,128,0.0,main,16,0.5,1e-06,0.1,5.0,11
100000,10000,0.1,0.0001,8,lin,128,0.0,main,16,1.0,3e-07,0.1,5.522878745280337,12
100000,10000,0.1,0.0001,8,lin,128,1.0,main,1,0.01,0.0003,0.003,1.0,3
100000,10000,0.1,0.0001,8,lin,128,1.0,main,1,0.05,0.0001,0.01,2.0,5
100000,10000,0.1,0.0001,8,lin,128,1.0,main,1,0.1,0.0001,0.1,3.0,7
100000,10000,0.1,0.0001,8,lin,128,1.0,main,1,0.5,3e-05,0.1,3.5228787452803374,8
100000,10000,0.1,0.0001,8,lin,128,1.0,main,1,1.0,1e-05,0.1,4.0,9
100000,10000,0.1,0.0001,8,lin,128,1.0,main,2,0.01,0.0003,0.003,1.0,3
100000,10000,0.1,0.0001,8,lin,128,1.0,main,2,0.05,0.0001,0.1,3.0,7
100000,10000,0.1,0.0001,8,lin,128,1.0,main,2,0.1,3e-05,0.1,3.5228787452803374,8
100000,10000,0.1,0.0001,8,lin,128,1.0,main,2,0.5,1e-05,0.1,4.0,9
100000,10000,0.1,0.0001,8,lin,128,1.0,main,2,1.0,1e-05,0.1,4.0,9
100000,10000,0.1,0.0001,8,lin,128,1.0,main,4,0.01,0.0001,0.01,2.0,5
100000,10000,0.1,0.0001,8,lin,128,1.0,main,4,0.05,3e-05,0.1,3.5228787452803374,8
100000,10000,0.1,0.0001,8,lin,128,1.0,main,4,0.1,3e-05,0.1,3.5228787452803374,8
100000,10000,0.1,0.0001,8,lin,128,1.0,main,4,0.5,1e-05,0.1,4.0,9
100000,10000,0.1,0.0001,8,lin,128,1.0,main,4,1.0,3e-06,0.1,4.522878745280337,10
100000,10000,0.1,0.0001,8,lin,128,1.0,main,8,0.01,0.0001,0.03,2.4771212547196626,6
100000,10000,0.1,0.0001,8,lin,128,1.0,main,8,0.05,3e-05,0.1,3.5228787452803374,8
100000,10000,0.1,0.0001,8,lin,128,1.0,main,8,0.1,3e-05,0.1,3.5228787452803374,8
100000,10000,0.1,0.0001,8,lin,128,1.0,main,8,0.5,3e-06,0.1,4.522878745280337,10
100000,10000,0.1,0.0001,8,lin,128,1.0,main,8,1.0,1e-06,0.1,5.0,11
100000,10000,0.1,0.0001,8,lin,128,1.0,main,16,0.01,3e-05,0.1,3.5228787452803374,8
100000,10000,0.1,0.0001,8,lin,128,1.0,main,16,0.05,3e-05,0.1,3.5228787452803374,8
100000,10000,0.1,0.0001,8,lin,128,1.0,main,16,0.1,1e-05,0.1,4.0,9
100000,10000,0.1,0.0001,8,lin,128,1.0,main,16,0.5,1e-06,0.1,5.0,11
100000,10000,0.1,0.0001,8,lin,128,1.0,main,16,1.0,1e-06,0.1,5.0,11
100000,10000,0.1,0.0001,8,nl,128,0.0,main,1,0.01,,,,0
100000,10000,0.1,0.0001,8,nl,128,0.0,main,1,0.05,3e-05,0.01,2.5228787452803374,6
100000,10000,0.1,0.0001,8,nl,128,0.0,main,1,0.1,1e-08,0.1,7.0,8
100000,10000,0.1,0.0001,8,nl,128,0.0,main,1,0.5,1e-08,0.1,7.0,11
100000,10000,0.1,0.0001,8,nl,128,0.0,main,1,1.0,1e-08,0.1,7.0,11
100000,10000,0.1,0.0001,8,nl,128,0.0,main,2,0.01,0.0003,0.003,1.0,2
100000,10000,0.1,0.0001,8,nl,128,0.0,main,2,0.05,1e-08,0.1,7.0,8
100000,10000,0.1,0.0001,8,nl,128,0.0,main,2,0.1,1e-08,0.1,7.0,10
100000,10000,0.1,0.0001,8,nl,128,0.0,main,2,0.5,1e-08,0.1,7.0,11
100000,10000,0.1,0.0001,8,nl,128,0.0,main,2,1.0,1e-08,0.1,7.0,12
100000,10000,0.1,0.0001,8,nl,128,0.0,main,4,0.01,3e-05,0.003,2.0,5
100000,10000,0.1,0.0001,8,nl,128,0.0,main,4,0.05,1e-08,0.1,7.0,10
100000,10000,0.1,0.0001,8,nl,128,0.0,main,4,0.1,1e-08,0.1,7.0,10
100000,10000,0.1,0.0001,8,nl,128,0.0,main,4,0.5,1e-08,0.1,7.0,12
100000,10000,0.1,0.0001,8,nl,128,0.0,main,4,1.0,1e-08,0.1,7.0,13
100000,10000,0.1,0.0001,8,nl,128,0.0,main,8,0.01,3e-05,0.1,3.5228787452803374,7
100000,10000,0.1,0.0001,8,nl,128,0.0,main,8,0.05,1e-08,0.1,7.0,10
100000,10000,0.1,0.0001,8,nl,128,0.0,main,8,0.1,1e-08,0.1,7.0,11
100000,10000,0.1,0.0001,8,nl,128,0.0,main,8,0.5,1e-08,0.1,7.0,13
100000,10000,0.1,0.0001,8,nl,128,0.0,main,8,1.0,1e-08,0.1,7.0,13
100000,10000,0.1,0.0001,8,nl,128,0.0,main,16,0.01,1e-08,0.1,7.0,10
100000,10000,0.1,0.0001,8,nl,128,0.0,main,16,0.05,1e-08,0.1,7.0,11
100000,10000,0.1,0.0001,8,nl,128,0.0,main,16,0.1,1e-08,0.1,7.0,12
100000,10000,0.1,0.0001,8,nl,128,0.0,main,16,0.5,1e-08,0.1,7.0,13
100000,10000,0.1,0.0001,8,nl,128,0.0,main,16,1.0,1e-08,0.1,7.0,14
100000,10000,0.1,0.0001,8,nl,128,1.0,main,1,0.01,,,,0
100000,10000,0.1,0.0001,8,nl,128,1.0,main,1,0.05,0.0003,0.03,2.0,5
100000,10000,0.1,0.0001,8,nl,128,1.0,main,1,0.1,0.0003,0.1,2.5228787452803374,6
100000,10000,0.1,0.0001,8,nl,128,1.0,main,1,0.5,3e-05,0.1,3.5228787452803374,8
100000,10000,0.1,0.0001,8,nl,128,1.0,main,1,1.0,1e-05,0.1,4.0,9
100000,10000,0.1,0.0001,8,nl,128,1.0,main,2,0.01,0.003,0.003,0.0,1
100000,10000,0.1,0.0001,8,nl,128,1.0,main,2,0.05,0.0003,0.1,2.5228787452803374,6
100000,10000,0.1,0.0001,8,nl,128,1.0,main,2,0.1,0.0001,0.1,3.0,7
100000,10000,0.1,0.0001,8,nl,128,1.0,main,2,0.5,1e-05,0.1,4.0,9
100000,10000,0.1,0.0001,8,nl,128,1.0,main,2,1.0,1e-05,0.1,4.0,9
100000,10000,0.1,0.0001,8,nl,128,1.0,main,4,0.01,0.0003,0.03,2.0,5
100000,10000,0.1,0.0001,8,nl,128,1.0,main,4,0.05,0.0001,0.1,3.0,7
100000,10000,0.1,0.0001,8,nl,128,1.0,main,4,0.1,3e-05,0.1,3.5228787452803374,8
100000,10000,0.1,0.0001,8,nl,128,1.0,main,4,0.5,1e-05,0.1,4.0,9
100000,10000,0.1,0.0001,8,nl,128,1.0,main,4,1.0,3e-06,0.1,4.522878745280337,10
100000,10000,0.1,0.0001,8,nl,128,1.0,main,8,0.01,0.0003,0.03,2.0,5
100000,10000,0.1,0.0001,8,nl,128,1.0,main,8,0.05,3e-05,0.1,3.5228787452803374,8
100000,10000,0.1,0.0001,8,nl,128,1.0,main,8,0.1,1e-05,0.1,4.0,9
100000,10000,0.1,0.0001,8,nl,128,1.0,main,8,0.5,3e-06,0.1,4.522878745280337,10
100000,10000,0.1,0.0001,8,nl,128,1.0,main,8,1.0,1e-06,0.1,5.0,11
100000,10000,0.1,0.0001,8,nl,128,1.0,main,16,0.01,0.0001,0.1,3.0,7
100000,10000,0.1,0.0001,8,nl,128,1.0,main,16,0.05,1e-05,0.1,4.0,9
100000,10000,0.1,0.0001,8,nl,128,1.0,main,16,0.1,1e-05,0.1,4.0,9
100000,10000,0.1,0.0001,8,nl,128,1.0,main,16,0.5,1e-06,0.1,5.0,11
100000,10000,0.1,0.0001,8,nl,128,1.0,main,16,1.0,1e-06,0.1,5.0,11
100000,10000,0.1,0.001,4,lin,128,0.0,main,1,0.01,0.001,0.003,0.47712125471966244,2
100000,10000,0.1,0.001,4,lin,128,0.0,main,1,0.05,0.0003,0.01,1.5228787452803376,4
100000,10000,0.1,0.001,4,lin,128,0.0,main,1,0.1,0.0003,0.1,2.5228787452803374,6
100000,10000,0.1,0.001,4,lin,128,0.0,main,1,0.5,0.0001,0.1,3.0,7
100000,10000,0.1,0.001,4,lin,128,0.0,main,1,1.0,0.0001,0.1,3.0,7
100000,10000,0.1,0.001,4,lin,128,0.0,main,2,0.01,0.001,0.003,0.47712125471966244,2
100000,10000,0.1,0.001,4,lin,128,0.0,main,2,0.05,0.0003,0.1,2.5228787452803374,6
100000,10000,0.1,0.001,4,lin,128,0.0,main,2,0.1,0.0001,0.1,3.0,7
100000,10000,0.1,0.001,4,lin,128,0.0,main,2,0.5,0.0001,0.1,3.0,7
100000,10000,0.1,0.001,4,lin,128,0.0,main,2,1.0,3e-05,0.1,3.5228787452803374,8
100000,10000,0.1,0.001,4,lin,128,0.0,main,4,0.01,0.0003,0.01,1.5228787452803376,4
100000,10000,0.1,0.001,4,lin,128,0.0,main,4,0.05,0.0001,0.1,3.0,7
100000,10000,0.1,0.001,4,lin,128,0.0,main,4,0.1,0.0001,0.1,3.0,7
100000,10000,0.1,0.001,4,lin,128,0.0,main,4,0.5,3e-05,0.1,3.5228787452803374,8
100000,10000,0.1,0.001,4,lin,128,0.0,main,4,1.0,1e-05,0.1,4.0,9
100000,10000,0.1,0.001,4,lin,128,0.0,main,8,0.01,0.0003,0.03,2.0,5
100000,10000,0.1,0.001,4,lin,128,0.0,main,8,0.05,0.0001,0.1,3.0,7
100000,10000,0.1,0.001,4,lin,128,0.0,main,8,0.1,0.0001,0.1,3.0,7
100000,10000,0.1,0.001,4,lin,128,0.0,main,8,0.5,1e-05,0.1,4.0,9
100000,10000,0.1,0.001,4,lin,128,0.0,main,8,1.0,1e-05,0.1,4.0,9
100000,10000,0.1,0.001,4,lin,128,0.0,main,16,0.01,0.0003,0.1,2.5228787452803374,6
100000,10000,0.1,0.001,4,lin,128,0.0,main,16,0.05,0.0001,0.1,3.0,7
100000,10000,0.1,0.001,4,lin,128,0.0,main,16,0.1,3e-05,0.1,3.5228787452803374,8
100000,10000,0.1,0.001,4,lin,128,0.0,main,16,0.5,1e-05,0.1,4.0,9
100000,10000,0.1,0.001,4,lin,128,0.0,main,16,1.0,3e-06,0.1,4.522878745280337,10
100000,10000,0.1,0.001,4,lin,128,1.0,main,1,0.01,0.003,0.003,0.0,1
100000,10000,0.1,0.001,4,lin,128,1.0,main,1,0.05,1e-08,0.01,6.0,4
100000,10000,0.1,0.001,4,lin,128,1.0,main,1,0.1,1e-08,0.03,6.477121254719663,5
100000,10000,0.1,0.001,4,lin,128,1.0,main,1,0.5,1e-08,0.1,7.0,8
100000,10000,0.1,0.001,4,lin,128,1.0,main,1,1.0,1e-08,0.1,7.0,8
100000,10000,0.1,0.001,4,lin,128,1.0,main,2,0.01,0.003,0.003,0.0,1
100000,10000,0.1,0.001,4,lin,128,1.0,main,2,0.05,1e-08,0.03,6.477121254719663,5
100000,10000,0.1,0.001,4,lin,128,1.0,main,2,0.1,1e-08,0.1,7.0,7
100000,10000,0.1,0.001,4,lin,128,1.0,main,2,0.5,1e-08,0.1,7.0,8
100000,10000,0.1,0.001,4,lin,128,1.0,main,2,1.0,1e-08,0.1,7.0,8
100000,10000,0.1,0.001,4,lin,128,1.0,main,4,0.01,0.001,0.01,1.0,3
100000,10000,0.1,0.001,4,lin,128,1.0,main,4,0.05,1e-08,0.1,7.0,7
100000,10000,0.1,0.001,4,lin,128,1.0,main,4,0.1,1e-08,0.1,7.0,8
100000,10000,0.1,0.001,4,lin,128,1.0,main,4,0.5,1e-08,0.1,7.0,8
100000,10000,0.1,0.001,4,lin,128,1.0,main,4,1.0,1e-08,0.1,7.0,9
100000,10000,0.1,0.001,4,lin,128,1.0,main,8,0.01,1e-08,0.01,6.0,4
100000,10000,0.1,0.001,4,lin,128,1.0,main,8,0.05,1e-08,0.1,7.0,8
100000,10000,0.1,0.001,4,lin,128,1.0,main,8,0.1,1e-08,0.1,7.0,8
100000,10000,0.1,0.001,4,lin,128,1.0,main,8,0.5,1e-08,0.1,7.0,9
100000,10000,0.1,0.001,4,lin,128,1.0,main,8,1.0,1e-08,0.1,7.0,10
100000,10000,0.1,0.001,4,lin,128,1.0,main,16,0.01,1e-08,0.1,7.0,6
100000,10000,0.1,0.001,4,lin,128,1.0,main,16,0.05,1e-08,0.1,7.0,8
100000,10000,0.1,0.001,4,lin,128,1.0,main,16,0.1,1e-08,0.1,7.0,8
100000,10000,0.1,0.001,4,lin,128,1.0,main,16,0.5,1e-08,0.1,7.0,10
100000,10000,0.1,0.001,4,lin,128,1.0,main,16,1.0,1e-08,0.1,7.0,11
100000,10000,0.1,0.001,4,nl,64,0.5,hwindow_12h_highdim_extra_g64,1,0.01,,,,0
100000,10000,0.1,0.001,4,nl,64,0.5,hwindow_12h_highdim_extra_g64,1,0.05,0.001,0.003,0.47712125471966244,2
100000,10000,0.1,0.001,4,nl,64,0.5,hwindow_12h_highdim_extra_g64,1,0.1,3e-08,0.03,6.0,6
100000,10000,0.1,0.001,4,nl,64,0.5,hwindow_12h_highdim_extra_g64,1,0.5,1e-08,0.1,7.0,9
100000,10000,0.1,0.001,4,nl,64,0.5,hwindow_12h_highdim_extra_g64,1,1.0,1e-08,0.1,7.0,10
100000,10000,0.1,0.001,4,nl,64,0.5,hwindow_12h_highdim_extra_g64,2,0.01,,,,0
100000,10000,0.1,0.001,4,nl,64,0.5,hwindow_12h_highdim_extra_g64,2,0.05,3e-08,0.03,6.0,6
100000,10000,0.1,0.001,4,nl,64,0.5,hwindow_12h_highdim_extra_g64,2,0.1,1e-08,0.1,7.0,8
100000,10000,0.1,0.001,4,nl,64,0.5,hwindow_12h_highdim_extra_g64,2,0.5,1e-08,0.1,7.0,10
100000,10000,0.1,0.001,4,nl,64,0.5,hwindow_12h_highdim_extra_g64,2,1.0,1e-08,0.1,7.0,11
100000,10000,0.1,0.001,4,nl,64,0.5,hwindow_12h_highdim_extra_g64,4,0.01,0.001,0.003,0.47712125471966244,2
100000,10000,0.1,0.001,4,nl,64,0.5,hwindow_12h_highdim_extra_g64,4,0.05,1e-08,0.1,7.0,8
100000,10000,0.1,0.001,4,nl,64,0.5,hwindow_12h_highdim_extra_g64,4,0.1,1e-08,0.1,7.0,9
100000,10000,0.1,0.001,4,nl,64,0.5,hwindow_12h_highdim_extra_g64,4,0.5,1e-08,0.1,7.0,11
100000,10000,0.1,0.001,4,nl,64,0.5,hwindow_12h_highdim_extra_g64,4,1.0,1e-08,0.1,7.0,12
100000,10000,0.1,0.001,4,nl,64,0.5,hwindow_12h_highdim_extra_g64,8,0.01,3e-08,0.003,5.0,3
100000,10000,0.1,0.001,4,nl,64,0.5,hwindow_12h_highdim_extra_g64,8,0.05,1e-08,0.1,7.0,9
100000,10000,0.1,0.001,4,nl,64,0.5,hwindow_12h_highdim_extra_g64,8,0.1,1e-08,0.1,7.0,10
100000,10000,0.1,0.001,4,nl,64,0.5,hwindow_12h_highdim_extra_g64,8,0.5,1e-08,0.1,7.0,12
100000,10000,0.1,0.001,4,nl,64,0.5,hwindow_12h_highdim_extra_g64,8,1.0,1e-08,0.1,7.0,12
100000,10000,0.1,0.001,4,nl,64,0.5,hwindow_12h_highdim_extra_g64,16,0.01,1e-08,0.1,7.0,8
100000,10000,0.1,0.001,4,nl,64,0.5,hwindow_12h_highdim_extra_g64,16,0.05,1e-08,0.1,7.0,10
100000,10000,0.1,0.001,4,nl,64,0.5,hwindow_12h_highdim_extra_g64,16,0.1,1e-08,0.1,7.0,11
100000,10000,0.1,0.001,4,nl,64,0.5,hwindow_12h_highdim_extra_g64,16,0.5,1e-08,0.1,7.0,12
100000,10000,0.1,0.001,4,nl,64,0.5,hwindow_12h_highdim_extra_g64,16,1.0,1e-08,0.1,7.0,13
100000,10000,0.1,0.001,4,nl,128,0.0,main,1,0.01,,,,0
100000,10000,0.1,0.001,4,nl,128,0.0,main,1,0.05,0.0003,0.003,1.0,3
100000,10000,0.1,0.001,4,nl,128,0.0,main,1,0.1,0.0003,0.1,2.5228787452803374,4
100000,10000,0.1,0.001,4,nl,128,0.0,main,1,0.5,0.0001,0.1,3.0,7
100000,10000,0.1,0.001,4,nl,128,0.0,main,1,1.0,3e-05,0.1,3.5228787452803374,8
100000,10000,0.1,0.001,4,nl,128,0.0,main,2,0.01,,,,0
100000,10000,0.1,0.001,4,nl,128,0.0,main,2,0.05,0.0003,0.1,2.5228787452803374,4
100000,10000,0.1,0.001,4,nl,128,0.0,main,2,0.1,0.0001,0.1,3.0,7
100000,10000,0.1,0.001,4,nl,128,0.0,main,2,0.5,3e-05,0.1,3.5228787452803374,8
100000,10000,0.1,0.001,4,nl,128,0.0,main,2,1.0,1e-05,0.1,4.0,9
100000,10000,0.1,0.001,4,nl,128,0.0,main,4,0.01,0.0003,0.003,1.0,3
100000,10000,0.1,0.001,4,nl,128,0.0,main,4,0.05,0.0001,0.1,3.0,7
100000,10000,0.1,0.001,4,nl,128,0.0,main,4,0.1,0.0001,0.1,3.0,7
100000,10000,0.1,0.001,4,nl,128,0.0,main,4,0.5,1e-05,0.1,4.0,9
100000,10000,0.1,0.001,4,nl,128,0.0,main,4,1.0,1e-05,0.1,4.0,9
100000,10000,0.1,0.001,4,nl,128,0.0,main,8,0.01,0.0003,0.1,2.5228787452803374,4
100000,10000,0.1,0.001,4,nl,128,0.0,main,8,0.05,0.0001,0.1,3.0,7
100000,10000,0.1,0.001,4,nl,128,0.0,main,8,0.1,3e-05,0.1,3.5228787452803374,8
100000,10000,0.1,0.001,4,nl,128,0.0,main,8,0.5,1e-05,0.1,4.0,9
100000,10000,0.1,0.001,4,nl,128,0.0,main,8,1.0,3e-06,0.1,4.522878745280337,10
100000,10000,0.1,0.001,4,nl,128,0.0,main,16,0.01,0.0001,0.1,3.0,6
100000,10000,0.1,0.001,4,nl,128,0.0,main,16,0.05,3e-05,0.1,3.5228787452803374,8
100000,10000,0.1,0.001,4,nl,128,0.0,main,16,0.1,1e-05,0.1,4.0,9
100000,10000,0.1,0.001,4,nl,128,0.0,main,16,0.5,3e-06,0.1,4.522878745280337,10
100000,10000,0.1,0.001,4,nl,128,0.0,main,16,1.0,1e-06,0.1,5.0,11
100000,10000,0.1,0.001,4,nl,128,1.0,main,1,0.01,,,,0
100000,10000,0.1,0.001,4,nl,128,1.0,main,1,0.05,0.001,0.03,1.4771212547196624,3
100000,10000,0.1,0.001,4,nl,128,1.0,main,1,0.1,0.001,0.03,1.4771212547196624,4
100000,10000,0.1,0.001,4,nl,128,1.0,main,1,0.5,0.0003,0.1,2.5228787452803374,6
100000,10000,0.1,0.001,4,nl,128,1.0,main,1,1.0,1e-07,0.1,6.0,8
100000,10000,0.1,0.001,4,nl,128,1.0,main,2,0.01,,,,0
100000,10000,0.1,0.001,4,nl,128,1.0,main,2,0.05,0.001,0.03,1.4771212547196624,4
100000,10000,0.1,0.001,4,nl,128,1.0,main,2,0.1,0.001,0.1,2.0,5
100000,10000,0.1,0.001,4,nl,128,1.0,main,2,0.5,1e-07,0.1,6.0,8
100000,10000,0.1,0.001,4,nl,128,1.0,main,2,1.0,1e-07,0.1,6.0,9
100000,10000,0.1,0.001,4,nl,128,1.0,main,4,0.01,,,,0
100000,10000,0.1,0.001,4,nl,128,1.0,main,4,0.05,0.001,0.1,2.0,5
100000,10000,0.1,0.001,4,nl,128,1.0,main,4,0.1,0.0003,0.1,2.5228787452803374,6
100000,10000,0.1,0.001,4,nl,128,1.0,main,4,0.5,1e-07,0.1,6.0,9
100000,10000,0.1,0.001,4,nl,128,1.0,main,4,1.0,1e-07,0.1,6.0,11
100000,10000,0.1,0.001,4,nl,128,1.0,main,8,0.01,0.001,0.03,1.4771212547196624,4
100000,10000,0.1,0.001,4,nl,128,1.0,main,8,0.05,0.0003,0.1,2.5228787452803374,6
100000,10000,0.1,0.001,4,nl,128,1.0,main,8,0.1,1e-07,0.1,6.0,7
100000,10000,0.1,0.001,4,nl,128,1.0,main,8,0.5,1e-07,0.1,6.0,11
100000,10000,0.1,0.001,4,nl,128,1.0,main,8,1.0,3e-08,0.1,6.522878745280337,12
100000,10000,0.1,0.001,4,nl,128,1.0,main,16,0.01,0.001,0.1,2.0,5
100000,10000,0.1,0.001,4,nl,128,1.0,main,16,0.05,1e-07,0.1,6.0,7
100000,10000,0.1,0.001,4,nl,128,1.0,main,16,0.1,1e-07,0.1,6.0,8
100000,10000,0.1,0.001,4,nl,128,1.0,main,16,0.5,3e-08,0.1,6.522878745280337,12
100000,10000,0.1,0.001,4,nl,128,1.0,main,16,1.0,3e-08,0.1,6.522878745280337,14
100000,10000,0.1,0.001,4,nl,256,0.5,hwindow_12h_highdim_extra_g256,1,0.01,,,,0
100000,10000,0.1,0.001,4,nl,256,0.5,hwindow_12h_highdim_extra_g256,1,0.05,0.001,0.01,1.0,3
100000,10000,0.1,0.001,4,nl,256,0.5,hwindow_12h_highdim_extra_g256,1,0.1,3e-08,0.03,6.0,5
100000,10000,0.1,0.001,4,nl,256,0.5,hwindow_12h_highdim_extra_g256,1,0.5,1e-08,0.1,7.0,9
100000,10000,0.1,0.001,4,nl,256,0.5,hwindow_12h_highdim_extra_g256,1,1.0,1e-08,0.1,7.0,9
100000,10000,0.1,0.001,4,nl,256,0.5,hwindow_12h_highdim_extra_g256,2,0.01,,,,0
100000,10000,0.1,0.001,4,nl,256,0.5,hwindow_12h_highdim_extra_g256,2,0.05,3e-08,0.03,6.0,5
100000,10000,0.1,0.001,4,nl,256,0.5,hwindow_12h_highdim_extra_g256,2,0.1,1e-08,0.1,7.0,8
100000,10000,0.1,0.001,4,nl,256,0.5,hwindow_12h_highdim_extra_g256,2,0.5,1e-08,0.1,7.0,9
100000,10000,0.1,0.001,4,nl,256,0.5,hwindow_12h_highdim_extra_g256,2,1.0,1e-08,0.1,7.0,11
100000,10000,0.1,0.001,4,nl,256,0.5,hwindow_12h_highdim_extra_g256,4,0.01,0.003,0.003,0.0,1
100000,10000,0.1,0.001,4,nl,256,0.5,hwindow_12h_highdim_extra_g256,4,0.05,1e-08,0.1,7.0,8
100000,10000,0.1,0.001,4,nl,256,0.5,hwindow_12h_highdim_extra_g256,4,0.1,1e-08,0.1,7.0,9
100000,10000,0.1,0.001,4,nl,256,0.5,hwindow_12h_highdim_extra_g256,4,0.5,1e-08,0.1,7.0,11
100000,10000,0.1,0.001,4,nl,256,0.5,hwindow_12h_highdim_extra_g256,4,1.0,1e-08,0.1,7.0,11
100000,10000,0.1,0.001,4,nl,256,0.5,hwindow_12h_highdim_extra_g256,8,0.01,3e-08,0.01,5.522878745280337,4
100000,10000,0.1,0.001,4,nl,256,0.5,hwindow_12h_highdim_extra_g256,8,0.05,1e-08,0.1,7.0,9
100000,10000,0.1,0.001,4,nl,256,0.5,hwindow_12h_highdim_extra_g256,8,0.1,1e-08,0.1,7.0,9
100000,10000,0.1,0.001,4,nl,256,0.5,hwindow_12h_highdim_extra_g256,8,0.5,1e-08,0.1,7.0,11
100000,10000,0.1,0.001,4,nl,256,0.5,hwindow_12h_highdim_extra_g256,8,1.0,1e-08,0.1,7.0,13
100000,10000,0.1,0.001,4,nl,256,0.5,hwindow_12h_highdim_extra_g256,16,0.01,1e-08,0.1,7.0,8
100000,10000,0.1,0.001,4,nl,256,0.5,hwindow_12h_highdim_extra_g256,16,0.05,1e-08,0.1,7.0,9
100000,10000,0.1,0.001,4,nl,256,0.5,hwindow_12h_highdim_extra_g256,16,0.1,1e-08,0.1,7.0,10
100000,10000,0.1,0.001,4,nl,256,0.5,hwindow_12h_highdim_extra_g256,16,0.5,1e-08,0.1,7.0,13
100000,10000,0.1,0.001,4,nl,256,0.5,hwindow_12h_highdim_extra_g256,16,1.0,1e-08,0.1,7.0,13
100000,10000,0.1,0.001,8,lin,128,0.0,main,1,0.01,0.001,0.1,2.0,5
100000,10000,0.1,0.001,8,lin,128,0.0,main,1,0.05,0.0003,0.1,2.5228787452803374,6
100000,10000,0.1,0.001,8,lin,128,0.0,main,1,0.1,0.0003,0.1,2.5228787452803374,6
100000,10000,0.1,0.001,8,lin,128,0.0,main,1,0.5,0.0001,0.1,3.0,7
100000,10000,0.1,0.001,8,lin,128,0.0,main,1,1.0,0.0001,0.1,3.0,7
100000,10000,0.1,0.001,8,lin,128,0.0,main,2,0.01,0.001,0.1,2.0,5
100000,10000,0.1,0.001,8,lin,128,0.0,main,2,0.05,0.0003,0.1,2.5228787452803374,6
100000,10000,0.1,0.001,8,lin,128,0.0,main,2,0.1,0.0003,0.1,2.5228787452803374,6
100000,10000,0.1,0.001,8,lin,128,0.0,main,2,0.5,0.0001,0.1,3.0,7
100000,10000,0.1,0.001,8,lin,128,0.0,main,2,1.0,3e-05,0.1,3.5228787452803374,8
100000,10000,0.1,0.001,8,lin,128,0.0,main,4,0.01,0.0003,0.1,2.5228787452803374,6
100000,10000,0.1,0.001,8,lin,128,0.0,main,4,0.05,0.0003,0.1,2.5228787452803374,6
100000,10000,0.1,0.001,8,lin,128,0.0,main,4,0.1,0.0001,0.1,3.0,7
100000,10000,0.1,0.001,8,lin,128,0.0,main,4,0.5,3e-05,0.1,3.5228787452803374,8
100000,10000,0.1,0.001,8,lin,128,0.0,main,4,1.0,1e-05,0.1,4.0,9
100000,10000,0.1,0.001,8,lin,128,0.0,main,8,0.01,0.0003,0.1,2.5228787452803374,6
100000,10000,0.1,0.001,8,lin,128,0.0,main,8,0.05,0.0001,0.1,3.0,7
100000,10000,0.1,0.001,8,lin,128,0.0,main,8,0.1,0.0001,0.1,3.0,7
100000,10000,0.1,0.001,8,lin,128,0.0,main,8,0.5,1e-05,0.1,4.0,9
100000,10000,0.1,0.001,8,lin,128,0.0,main,8,1.0,1e-05,0.1,4.0,9
100000,10000,0.1,0.001,8,lin,128,0.0,main,16,0.01,0.0003,0.1,2.5228787452803374,6
100000,10000,0.1,0.001,8,lin,128,0.0,main,16,0.05,0.0001,0.1,3.0,7
100000,10000,0.1,0.001,8,lin,128,0.0,main,16,0.1,3e-05,0.1,3.5228787452803374,8
100000,10000,0.1,0.001,8,lin,128,0.0,main,16,0.5,1e-05,0.1,4.0,9
100000,10000,0.1,0.001,8,lin,128,0.0,main,16,1.0,3e-06,0.1,4.522878745280337,10
100000,10000,0.1,0.001,8,lin,128,1.0,main,1,0.01,0.003,0.03,1.0,3
100000,10000,0.1,0.001,8,lin,128,1.0,main,1,0.05,0.001,0.1,2.0,5
100000,10000,0.1,0.001,8,lin,128,1.0,main,1,0.1,0.001,0.1,2.0,5
100000,10000,0.1,0.001,8,lin,128,1.0,main,1,0.5,1e-08,0.1,7.0,7
100000,10000,0.1,0.001,8,lin,128,1.0,main,1,1.0,1e-08,0.1,7.0,8
100000,10000,0.1,0.001,8,lin,128,1.0,main,2,0.01,0.001,0.1,2.0,5
100000,10000,0.1,0.001,8,lin,128,1.0,main,2,0.05,0.001,0.1,2.0,5
100000,10000,0.1,0.001,8,lin,128,1.0,main,2,0.1,1e-08,0.1,7.0,7
100000,10000,0.1,0.001,8,lin,128,1.0,main,2,0.5,1e-08,0.1,7.0,8
100000,10000,0.1,0.001,8,lin,128,1.0,main,2,1.0,1e-08,0.1,7.0,9
100000,10000,0.1,0.001,8,lin,128,1.0,main,4,0.01,0.001,0.1,2.0,5
100000,10000,0.1,0.001,8,lin,128,1.0,main,4,0.05,1e-08,0.1,7.0,7
100000,10000,0.1,0.001,8,lin,128,1.0,main,4,0.1,1e-08,0.1,7.0,7
100000,10000,0.1,0.001,8,lin,128,1.0,main,4,0.5,1e-08,0.1,7.0,9
100000,10000,0.1,0.001,8,lin,128,1.0,main,4,1.0,1e-08,0.1,7.0,10
100000,10000,0.1,0.001,8,lin,128,1.0,main,8,0.01,0.001,0.1,2.0,5
100000,10000,0.1,0.001,8,lin,128,1.0,main,8,0.05,1e-08,0.1,7.0,7
100000,10000,0.1,0.001,8,lin,128,1.0,main,8,0.1,1e-08,0.1,7.0,8
100000,10000,0.1,0.001,8,lin,128,1.0,main,8,0.5,1e-08,0.1,7.0,10
100000,10000,0.1,0.001,8,lin,128,1.0,main,8,1.0,1e-08,0.1,7.0,10
100000,10000,0.1,0.001,8,lin,128,1.0,main,16,0.01,1e-08,0.1,7.0,7
100000,10000,0.1,0.001,8,lin,128,1.0,main,16,0.05,1e-08,0.1,7.0,8
100000,10000,0.1,0.001,8,lin,128,1.0,main,16,0.1,1e-08,0.1,7.0,9
100000,10000,0.1,0.001,8,lin,128,1.0,main,16,0.5,1e-08,0.1,7.0,10
100000,10000,0.1,0.001,8,lin,128,1.0,main,16,1.0,1e-08,0.1,7.0,11
100000,10000,0.1,0.001,8,nl,64,0.5,hwindow_12h_highdim_extra_g64,1,0.01,,,,0
100000,10000,0.1,0.001,8,nl,64,0.5,hwindow_12h_highdim_extra_g64,1,0.05,0.001,0.1,2.0,5
100000,10000,0.1,0.001,8,nl,64,0.5,hwindow_12h_highdim_extra_g64,1,0.1,1e-08,0.1,7.0,7
100000,10000,0.1,0.001,8,nl,64,0.5,hwindow_12h_highdim_extra_g64,1,0.5,1e-08,0.1,7.0,9
100000,10000,0.1,0.001,8,nl,64,0.5,hwindow_12h_highdim_extra_g64,1,1.0,1e-08,0.1,7.0,10
100000,10000,0.1,0.001,8,nl,64,0.5,hwindow_12h_highdim_extra_g64,2,0.01,,,,0
100000,10000,0.1,0.001,8,nl,64,0.5,hwindow_12h_highdim_extra_g64,2,0.05,1e-08,0.1,7.0,7
100000,10000,0.1,0.001,8,nl,64,0.5,hwindow_12h_highdim_extra_g64,2,0.1,1e-08,0.1,7.0,8
100000,10000,0.1,0.001,8,nl,64,0.5,hwindow_12h_highdim_extra_g64,2,0.5,1e-08,0.1,7.0,10
100000,10000,0.1,0.001,8,nl,64,0.5,hwindow_12h_highdim_extra_g64,2,1.0,1e-08,0.1,7.0,11
100000,10000,0.1,0.001,8,nl,64,0.5,hwindow_12h_highdim_extra_g64,4,0.01,0.001,0.03,1.4771212547196624,4
100000,10000,0.1,0.001,8,nl,64,0.5,hwindow_12h_highdim_extra_g64,4,0.05,1e-08,0.1,7.0,8
100000,10000,0.1,0.001,8,nl,64,0.5,hwindow_12h_highdim_extra_g64,4,0.1,1e-08,0.1,7.0,8
100000,10000,0.1,0.001,8,nl,64,0.5,hwindow_12h_highdim_extra_g64,4,0.5,1e-08,0.1,7.0,11
100000,10000,0.1,0.001,8,nl,64,0.5,hwindow_12h_highdim_extra_g64,4,1.0,1e-08,0.1,7.0,11
100000,10000,0.1,0.001,8,nl,64,0.5,hwindow_12h_highdim_extra_g64,8,0.01,1e-08,0.1,7.0,7
100000,10000,0.1,0.001,8,nl,64,0.5,hwindow_12h_highdim_extra_g64,8,0.05,1e-08,0.1,7.0,8
100000,10000,0.1,0.001,8,nl,64,0.5,hwindow_12h_highdim_extra_g64,8,0.1,1e-08,0.1,7.0,10
100000,10000,0.1,0.001,8,nl,64,0.5,hwindow_12h_highdim_extra_g64,8,0.5,1e-08,0.1,7.0,11
100000,10000,0.1,0.001,8,nl,64,0.5,hwindow_12h_highdim_extra_g64,8,1.0,1e-08,0.1,7.0,12
100000,10000,0.1,0.001,8,nl,64,0.5,hwindow_12h_highdim_extra_g64,16,0.01,1e-08,0.1,7.0,8
100000,10000,0.1,0.001,8,nl,64,0.5,hwindow_12h_highdim_extra_g64,16,0.05,1e-08,0.1,7.0,10
100000,10000,0.1,0.001,8,nl,64,0.5,hwindow_12h_highdim_extra_g64,16,0.1,1e-08,0.1,7.0,10
100000,10000,0.1,0.001,8,nl,64,0.5,hwindow_12h_highdim_extra_g64,16,0.5,1e-08,0.1,7.0,12
100000,10000,0.1,0.001,8,nl,64,0.5,hwindow_12h_highdim_extra_g64,16,1.0,1e-08,0.1,7.0,14
100000,10000,0.1,0.001,8,nl,128,0.0,main,1,0.01,,,,0
100000,10000,0.1,0.001,8,nl,128,0.0,main,1,0.05,0.0003,0.03,2.0,5
100000,10000,0.1,0.001,8,nl,128,0.0,main,1,0.1,0.0003,0.1,2.5228787452803374,6
100000,10000,0.1,0.001,8,nl,128,0.0,main,1,0.5,3e-05,0.1,3.5228787452803374,8
100000,10000,0.1,0.001,8,nl,128,0.0,main,1,1.0,3e-05,0.1,3.5228787452803374,8
100000,10000,0.1,0.001,8,nl,128,0.0,main,2,0.01,0.001,0.001,0.0,1
100000,10000,0.1,0.001,8,nl,128,0.0,main,2,0.05,0.0003,0.1,2.5228787452803374,6
100000,10000,0.1,0.001,8,nl,128,0.0,main,2,0.1,0.0001,0.1,3.0,7
100000,10000,0.1,0.001,8,nl,128,0.0,main,2,0.5,3e-05,0.1,3.5228787452803374,8
100000,10000,0.1,0.001,8,nl,128,0.0,main,2,1.0,1e-05,0.1,4.0,9
100000,10000,0.1,0.001,8,nl,128,0.0,main,4,0.01,0.0003,0.03,2.0,5
100000,10000,0.1,0.001,8,nl,128,0.0,main,4,0.05,0.0001,0.1,3.0,7
100000,10000,0.1,0.001,8,nl,128,0.0,main,4,0.1,3e-05,0.1,3.5228787452803374,8
100000,10000,0.1,0.001,8,nl,128,0.0,main,4,0.5,1e-05,0.1,4.0,9
100000,10000,0.1,0.001,8,nl,128,0.0,main,4,1.0,1e-05,0.1,4.0,9
100000,10000,0.1,0.001,8,nl,128,0.0,main,8,0.01,0.0003,0.1,2.5228787452803374,6
100000,10000,0.1,0.001,8,nl,128,0.0,main,8,0.05,3e-05,0.1,3.5228787452803374,8
100000,10000,0.1,0.001,8,nl,128,0.0,main,8,0.1,3e-05,0.1,3.5228787452803374,8
100000,10000,0.1,0.001,8,nl,128,0.0,main,8,0.5,1e-05,0.1,4.0,9
100000,10000,0.1,0.001,8,nl,128,0.0,main,8,1.0,1e-06,0.1,5.0,11
100000,10000,0.1,0.001,8,nl,128,0.0,main,16,0.01,0.0003,0.1,2.5228787452803374,6
100000,10000,0.1,0.001,8,nl,128,0.0,main,16,0.05,3e-05,0.1,3.5228787452803374,8
100000,10000,0.1,0.001,8,nl,128,0.0,main,16,0.1,3e-05,0.1,3.5228787452803374,8
100000,10000,0.1,0.001,8,nl,128,0.0,main,16,0.5,1e-06,0.1,5.0,11
100000,10000,0.1,0.001,8,nl,128,0.0,main,16,1.0,1e-06,0.1,5.0,11
100000,10000,0.1,0.001,8,nl,128,1.0,main,1,0.01,,,,0
100000,10000,0.1,0.001,8,nl,128,1.0,main,1,0.05,0.003,0.1,1.5228787452803376,4
100000,10000,0.1,0.001,8,nl,128,1.0,main,1,0.1,1e-07,0.1,6.0,5
100000,10000,0.1,0.001,8,nl,128,1.0,main,1,0.5,1e-08,0.1,7.0,8
100000,10000,0.1,0.001,8,nl,128,1.0,main,1,1.0,1e-08,0.1,7.0,10
100000,10000,0.1,0.001,8,nl,128,1.0,main,2,0.01,0.01,0.1,1.0,2
100000,10000,0.1,0.001,8,nl,128,1.0,main,2,0.05,1e-07,0.1,6.0,5
100000,10000,0.1,0.001,8,nl,128,1.0,main,2,0.1,1e-08,0.1,7.0,7
100000,10000,0.1,0.001,8,nl,128,1.0,main,2,0.5,1e-08,0.1,7.0,10
100000,10000,0.1,0.001,8,nl,128,1.0,main,2,1.0,1e-08,0.1,7.0,10
100000,10000,0.1,0.001,8,nl,128,1.0,main,4,0.01,0.003,0.1,1.5228787452803376,4
100000,10000,0.1,0.001,8,nl,128,1.0,main,4,0.05,1e-08,0.1,7.0,7
100000,10000,0.1,0.001,8,nl,128,1.0,main,4,0.1,1e-08,0.1,7.0,8
100000,10000,0.1,0.001,8,nl,128,1.0,main,4,0.5,1e-08,0.1,7.0,10
100000,10000,0.1,0.001,8,nl,128,1.0,main,4,1.0,1e-08,0.1,7.0,10
100000,10000,0.1,0.001,8,nl,128,1.0,main,8,0.01,1e-07,0.1,6.0,5
100000,10000,0.1,0.001,8,nl,128,1.0,main,8,0.05,1e-08,0.1,7.0,8
100000,10000,0.1,0.001,8,nl,128,1.0,main,8,0.1,1e-08,0.1,7.0,9
100000,10000,0.1,0.001,8,nl,128,1.0,main,8,0.5,1e-08,0.1,7.0,10
100000,10000,0.1,0.001,8,nl,128,1.0,main,8,1.0,1e-08,0.1,7.0,11
100000,10000,0.1,0.001,8,nl,128,1.0,main,16,0.01,1e-08,0.1,7.0,7
100000,10000,0.1,0.001,8,nl,128,1.0,main,16,0.05,1e-08,0.1,7.0,9
100000,10000,0.1,0.001,8,nl,128,1.0,main,16,0.1,1e-08,0.1,7.0,10
100000,10000,0.1,0.001,8,nl,128,1.0,main,16,0.5,1e-08,0.1,7.0,11
100000,10000,0.1,0.001,8,nl,128,1.0,main,16,1.0,1e-08,0.1,7.0,12
100000,10000,0.1,0.001,8,nl,256,0.5,hwindow_12h_highdim_extra_g256,1,0.01,,,,0
100000,10000,0.1,0.001,8,nl,256,0.5,hwindow_12h_highdim_extra_g256,1,0.05,0.001,0.1,2.0,5
100000,10000,0.1,0.001,8,nl,256,0.5,hwindow_12h_highdim_extra_g256,1,0.1,1e-08,0.1,7.0,8
100000,10000,0.1,0.001,8,nl,256,0.5,hwindow_12h_highdim_extra_g256,1,0.5,1e-08,0.1,7.0,9
100000,10000,0.1,0.001,8,nl,256,0.5,hwindow_12h_highdim_extra_g256,1,1.0,1e-08,0.1,7.0,10
100000,10000,0.1,0.001,8,nl,256,0.5,hwindow_12h_highdim_extra_g256,2,0.01,,,,0
100000,10000,0.1,0.001,8,nl,256,0.5,hwindow_12h_highdim_extra_g256,2,0.05,1e-08,0.1,7.0,8
100000,10000,0.1,0.001,8,nl,256,0.5,hwindow_12h_highdim_extra_g256,2,0.1,1e-08,0.1,7.0,8
100000,10000,0.1,0.001,8,nl,256,0.5,hwindow_12h_highdim_extra_g256,2,0.5,1e-08,0.1,7.0,10
100000,10000,0.1,0.001,8,nl,256,0.5,hwindow_12h_highdim_extra_g256,2,1.0,1e-08,0.1,7.0,10
100000,10000,0.1,0.001,8,nl,256,0.5,hwindow_12h_highdim_extra_g256,4,0.01,0.001,0.03,1.4771212547196624,4
100000,10000,0.1,0.001,8,nl,256,0.5,hwindow_12h_highdim_extra_g256,4,0.05,1e-08,0.1,7.0,8
100000,10000,0.1,0.001,8,nl,256,0.5,hwindow_12h_highdim_extra_g256,4,0.1,1e-08,0.1,7.0,9
100000,10000,0.1,0.001,8,nl,256,0.5,hwindow_12h_highdim_extra_g256,4,0.5,1e-08,0.1,7.0,10
100000,10000,0.1,0.001,8,nl,256,0.5,hwindow_12h_highdim_extra_g256,4,1.0,1e-08,0.1,7.0,11
100000,10000,0.1,0.001,8,nl,256,0.5,hwindow_12h_highdim_extra_g256,8,0.01,1e-08,0.1,7.0,7
100000,10000,0.1,0.001,8,nl,256,0.5,hwindow_12h_highdim_extra_g256,8,0.05,1e-08,0.1,7.0,9
100000,10000,0.1,0.001,8,nl,256,0.5,hwindow_12h_highdim_extra_g256,8,0.1,1e-08,0.1,7.0,10
100000,10000,0.1,0.001,8,nl,256,0.5,hwindow_12h_highdim_extra_g256,8,0.5,1e-08,0.1,7.0,11
100000,10000,0.1,0.001,8,nl,256,0.5,hwindow_12h_highdim_extra_g256,8,1.0,1e-08,0.1,7.0,11
100000,10000,0.1,0.001,8,nl,256,0.5,hwindow_12h_highdim_extra_g256,16,0.01,1e-08,0.1,7.0,8
100000,10000,0.1,0.001,8,nl,256,0.5,hwindow_12h_highdim_extra_g256,16,0.05,1e-08,0.1,7.0,10
100000,10000,0.1,0.001,8,nl,256,0.5,hwindow_12h_highdim_extra_g256,16,0.1,1e-08,0.1,7.0,10
100000,10000,0.1,0.001,8,nl,256,0.5,hwindow_12h_highdim_extra_g256,16,0.5,1e-08,0.1,7.0,11
100000,10000,0.1,0.001,8,nl,256,0.5,hwindow_12h_highdim_extra_g256,16,1.0,1e-08,0.1,7.0,13
100000,10000,0.1,0.01,4,lin,128,0.0,main,1,0.01,0.01,0.03,0.47712125471966244,2
100000,10000,0.1,0.01,4,lin,128,0.0,main,1,0.05,0.01,0.1,1.0,3
100000,10000,0.1,0.01,4,lin,128,0.0,main,1,0.1,1e-08,0.1,7.0,5
100000,10000,0.1,0.01,4,lin,128,0.0,main,1,0.5,1e-08,0.1,7.0,7
100000,10000,0.1,0.01,4,lin,128,0.0,main,1,1.0,1e-08,0.1,7.0,7
100000,10000,0.1,0.01,4,lin,128,0.0,main,2,0.01,0.01,0.03,0.47712125471966244,2
100000,10000,0.1,0.01,4,lin,128,0.0,main,2,0.05,1e-08,0.1,7.0,5
100000,10000,0.1,0.01,4,lin,128,0.0,main,2,0.1,1e-08,0.1,7.0,6
100000,10000,0.1,0.01,4,lin,128,0.0,main,2,0.5,1e-08,0.1,7.0,7
100000,10000,0.1,0.01,4,lin,128,0.0,main,2,1.0,1e-08,0.1,7.0,9
100000,10000,0.1,0.01,4,lin,128,0.0,main,4,0.01,0.01,0.1,1.0,3
100000,10000,0.1,0.01,4,lin,128,0.0,main,4,0.05,1e-08,0.1,7.0,6
100000,10000,0.1,0.01,4,lin,128,0.0,main,4,0.1,1e-08,0.1,7.0,7
100000,10000,0.1,0.01,4,lin,128,0.0,main,4,0.5,1e-08,0.1,7.0,9
100000,10000,0.1,0.01,4,lin,128,0.0,main,4,1.0,1e-08,0.1,7.0,9
100000,10000,0.1,0.01,4,lin,128,0.0,main,8,0.01,0.003,0.1,1.5228787452803376,4
100000,10000,0.1,0.01,4,lin,128,0.0,main,8,0.05,1e-08,0.1,7.0,7
100000,10000,0.1,0.01,4,lin,128,0.0,main,8,0.1,1e-08,0.1,7.0,7
100000,10000,0.1,0.01,4,lin,128,0.0,main,8,0.5,1e-08,0.1,7.0,9
100000,10000,0.1,0.01,4,lin,128,0.0,main,8,1.0,1e-08,0.1,7.0,10
100000,10000,0.1,0.01,4,lin,128,0.0,main,16,0.01,1e-08,0.1,7.0,6
100000,10000,0.1,0.01,4,lin,128,0.0,main,16,0.05,1e-08,0.1,7.0,7
100000,10000,0.1,0.01,4,lin,128,0.0,main,16,0.1,1e-08,0.1,7.0,8
100000,10000,0.1,0.01,4,lin,128,0.0,main,16,0.5,1e-08,0.1,7.0,10
100000,10000,0.1,0.01,4,lin,128,0.0,main,16,1.0,1e-08,0.1,7.0,11
100000,10000,0.1,0.01,4,lin,128,1.0,main,1,0.01,0.03,0.03,0.0,1
100000,10000,0.1,0.01,4,lin,128,1.0,main,1,0.05,0.01,0.1,1.0,3
100000,10000,0.1,0.01,4,lin,128,1.0,main,1,0.1,1e-08,0.1,7.0,4
100000,10000,0.1,0.01,4,lin,128,1.0,main,1,0.5,1e-08,0.1,7.0,7
100000,10000,0.1,0.01,4,lin,128,1.0,main,1,1.0,1e-08,0.1,7.0,8
100000,10000,0.1,0.01,4,lin,128,1.0,main,2,0.01,0.03,0.03,0.0,1
100000,10000,0.1,0.01,4,lin,128,1.0,main,2,0.05,1e-08,0.1,7.0,4
100000,10000,0.1,0.01,4,lin,128,1.0,main,2,0.1,1e-08,0.1,7.0,7
100000,10000,0.1,0.01,4,lin,128,1.0,main,2,0.5,1e-08,0.1,7.0,8
100000,10000,0.1,0.01,4,lin,128,1.0,main,2,1.0,1e-08,0.1,7.0,9
100000,10000,0.1,0.01,4,lin,128,1.0,main,4,0.01,0.01,0.1,1.0,3
100000,10000,0.1,0.01,4,lin,128,1.0,main,4,0.05,1e-08,0.1,7.0,7
100000,10000,0.1,0.01,4,lin,128,1.0,main,4,0.1,1e-08,0.1,7.0,7
100000,10000,0.1,0.01,4,lin,128,1.0,main,4,0.5,1e-08,0.1,7.0,9
100000,10000,0.1,0.01,4,lin,128,1.0,main,4,1.0,1e-08,0.1,7.0,9
100000,10000,0.1,0.01,4,lin,128,1.0,main,8,0.01,0.01,0.1,1.0,3
100000,10000,0.1,0.01,4,lin,128,1.0,main,8,0.05,1e-08,0.1,7.0,7
100000,10000,0.1,0.01,4,lin,128,1.0,main,8,0.1,1e-08,0.1,7.0,7
100000,10000,0.1,0.01,4,lin,128,1.0,main,8,0.5,1e-08,0.1,7.0,9
100000,10000,0.1,0.01,4,lin,128,1.0,main,8,1.0,1e-08,0.1,7.0,10
100000,10000,0.1,0.01,4,lin,128,1.0,main,16,0.01,1e-08,0.1,7.0,6
100000,10000,0.1,0.01,4,lin,128,1.0,main,16,0.05,1e-08,0.1,7.0,7
100000,10000,0.1,0.01,4,lin,128,1.0,main,16,0.1,1e-08,0.1,7.0,8
100000,10000,0.1,0.01,4,lin,128,1.0,main,16,0.5,1e-08,0.1,7.0,10
100000,10000,0.1,0.01,4,lin,128,1.0,main,16,1.0,1e-08,0.1,7.0,11
100000,10000,0.1,0.01,4,nl,128,0.0,main,1,0.01,,,,0
100000,10000,0.1,0.01,4,nl,128,0.0,main,1,0.05,0.003,0.03,1.0,3
100000,10000,0.1,0.01,4,nl,128,0.0,main,1,0.1,1e-08,0.1,7.0,6
100000,10000,0.1,0.01,4,nl,128,0.0,main,1,0.5,1e-08,0.1,7.0,10
100000,10000,0.1,0.01,4,nl,128,0.0,main,1,1.0,1e-08,0.1,7.0,10
100000,10000,0.1,0.01,4,nl,128,0.0,main,2,0.01,,,,0
100000,10000,0.1,0.01,4,nl,128,0.0,main,2,0.05,1e-08,0.1,7.0,6
100000,10000,0.1,0.01,4,nl,128,0.0,main,2,0.1,1e-08,0.1,7.0,9
100000,10000,0.1,0.01,4,nl,128,0.0,main,2,0.5,1e-08,0.1,7.0,10
100000,10000,0.1,0.01,4,nl,128,0.0,main,2,1.0,1e-08,0.1,7.0,11
100000,10000,0.1,0.01,4,nl,128,0.0,main,4,0.01,0.003,0.03,1.0,3
100000,10000,0.1,0.01,4,nl,128,0.0,main,4,0.05,1e-08,0.1,7.0,9
100000,10000,0.1,0.01,4,nl,128,0.0,main,4,0.1,1e-08,0.1,7.0,10
100000,10000,0.1,0.01,4,nl,128,0.0,main,4,0.5,1e-08,0.1,7.0,11
100000,10000,0.1,0.01,4,nl,128,0.0,main,4,1.0,1e-08,0.1,7.0,11
100000,10000,0.1,0.01,4,nl,128,0.0,main,8,0.01,0.003,0.03,1.0,3
100000,10000,0.1,0.01,4,nl,128,0.0,main,8,0.05,1e-08,0.1,7.0,10
100000,10000,0.1,0.01,4,nl,128,0.0,main,8,0.1,1e-08,0.1,7.0,10
100000,10000,0.1,0.01,4,nl,128,0.0,main,8,0.5,1e-08,0.1,7.0,11
100000,10000,0.1,0.01,4,nl,128,0.0,main,8,1.0,1e-08,0.1,7.0,13
100000,10000,0.1,0.01,4,nl,128,0.0,main,16,0.01,1e-08,0.1,7.0,8
100000,10000,0.1,0.01,4,nl,128,0.0,main,16,0.05,1e-08,0.1,7.0,10
100000,10000,0.1,0.01,4,nl,128,0.0,main,16,0.1,1e-08,0.1,7.0,11
100000,10000,0.1,0.01,4,nl,128,0.0,main,16,0.5,1e-08,0.1,7.0,13
100000,10000,0.1,0.01,4,nl,128,0.0,main,16,1.0,1e-08,0.1,7.0,15
100000,10000,0.1,0.01,4,nl,128,1.0,main,1,0.01,,,,0
100000,10000,0.1,0.01,4,nl,128,1.0,main,1,0.05,0.03,0.03,0.0,1
100000,10000,0.1,0.01,4,nl,128,1.0,main,1,0.1,1e-08,0.1,7.0,3
100000,10000,0.1,0.01,4,nl,128,1.0,main,1,0.5,1e-08,0.1,7.0,5
100000,10000,0.1,0.01,4,nl,128,1.0,main,1,1.0,1e-08,0.1,7.0,7
100000,10000,0.1,0.01,4,nl,128,1.0,main,2,0.01,,,,0
100000,10000,0.1,0.01,4,nl,128,1.0,main,2,0.05,1e-08,0.1,7.0,3
100000,10000,0.1,0.01,4,nl,128,1.0,main,2,0.1,1e-08,0.1,7.0,4
100000,10000,0.1,0.01,4,nl,128,1.0,main,2,0.5,1e-08,0.1,7.0,7
100000,10000,0.1,0.01,4,nl,128,1.0,main,2,1.0,1e-08,0.1,7.0,8
100000,10000,0.1,0.01,4,nl,128,1.0,main,4,0.01,,,,0
100000,10000,0.1,0.01,4,nl,128,1.0,main,4,0.05,1e-08,0.1,7.0,4
100000,10000,0.1,0.01,4,nl,128,1.0,main,4,0.1,1e-08,0.1,7.0,5
100000,10000,0.1,0.01,4,nl,128,1.0,main,4,0.5,1e-08,0.1,7.0,8
100000,10000,0.1,0.01,4,nl,128,1.0,main,4,1.0,1e-08,0.1,7.0,8
100000,10000,0.1,0.01,4,nl,128,1.0,main,8,0.01,1e-08,0.1,7.0,3
100000,10000,0.1,0.01,4,nl,128,1.0,main,8,0.05,1e-08,0.1,7.0,5
100000,10000,0.1,0.01,4,nl,128,1.0,main,8,0.1,1e-08,0.1,7.0,6
100000,10000,0.1,0.01,4,nl,128,1.0,main,8,0.5,1e-08,0.1,7.0,8
100000,10000,0.1,0.01,4,nl,128,1.0,main,8,1.0,1e-08,0.1,7.0,10
100000,10000,0.1,0.01,4,nl,128,1.0,main,16,0.01,1e-08,0.1,7.0,4
100000,10000,0.1,0.01,4,nl,128,1.0,main,16,0.05,1e-08,0.1,7.0,6
100000,10000,0.1,0.01,4,nl,128,1.0,main,16,0.1,1e-08,0.1,7.0,7
100000,10000,0.1,0.01,4,nl,128,1.0,main,16,0.5,1e-08,0.1,7.0,10
100000,10000,0.1,0.01,4,nl,128,1.0,main,16,1.0,1e-08,0.1,7.0,10
100000,10000,0.1,0.01,8,lin,128,0.0,main,1,0.01,0.01,0.1,1.0,3
100000,10000,0.1,0.01,8,lin,128,0.0,main,1,0.05,1e-08,0.1,7.0,5
100000,10000,0.1,0.01,8,lin,128,0.0,main,1,0.1,1e-08,0.1,7.0,7
100000,10000,0.1,0.01,8,lin,128,0.0,main,1,0.5,1e-08,0.1,7.0,9
100000,10000,0.1,0.01,8,lin,128,0.0,main,1,1.0,1e-08,0.1,7.0,9
100000,10000,0.1,0.01,8,lin,128,0.0,main,2,0.01,0.01,0.1,1.0,3
100000,10000,0.1,0.01,8,lin,128,0.0,main,2,0.05,1e-08,0.1,7.0,7
100000,10000,0.1,0.01,8,lin,128,0.0,main,2,0.1,1e-08,0.1,7.0,9
100000,10000,0.1,0.01,8,lin,128,0.0,main,2,0.5,1e-08,0.1,7.0,9
100000,10000,0.1,0.01,8,lin,128,0.0,main,2,1.0,1e-08,0.1,7.0,10
100000,10000,0.1,0.01,8,lin,128,0.0,main,4,0.01,0.01,0.1,1.0,3
100000,10000,0.1,0.01,8,lin,128,0.0,main,4,0.05,1e-08,0.1,7.0,9
100000,10000,0.1,0.01,8,lin,128,0.0,main,4,0.1,1e-08,0.1,7.0,9
100000,10000,0.1,0.01,8,lin,128,0.0,main,4,0.5,1e-08,0.1,7.0,10
100000,10000,0.1,0.01,8,lin,128,0.0,main,4,1.0,1e-08,0.1,7.0,11
100000,10000,0.1,0.01,8,lin,128,0.0,main,8,0.01,1e-08,0.1,7.0,6
100000,10000,0.1,0.01,8,lin,128,0.0,main,8,0.05,1e-08,0.1,7.0,9
100000,10000,0.1,0.01,8,lin,128,0.0,main,8,0.1,1e-08,0.1,7.0,9
100000,10000,0.1,0.01,8,lin,128,0.0,main,8,0.5,1e-08,0.1,7.0,11
100000,10000,0.1,0.01,8,lin,128,0.0,main,8,1.0,1e-08,0.1,7.0,11
100000,10000,0.1,0.01,8,lin,128,0.0,main,16,0.01,1e-08,0.1,7.0,8
100000,10000,0.1,0.01,8,lin,128,0.0,main,16,0.05,1e-08,0.1,7.0,9
100000,10000,0.1,0.01,8,lin,128,0.0,main,16,0.1,1e-08,0.1,7.0,10
100000,10000,0.1,0.01,8,lin,128,0.0,main,16,0.5,1e-08,0.1,7.0,11
100000,10000,0.1,0.01,8,lin,128,0.0,main,16,1.0,1e-08,0.1,7.0,12
100000,10000,0.1,0.01,8,lin,128,1.0,main,1,0.01,0.03,0.1,0.5228787452803376,2
100000,10000,0.1,0.01,8,lin,128,1.0,main,1,0.05,0.01,0.1,1.0,3
100000,10000,0.1,0.01,8,lin,128,1.0,main,1,0.1,1e-08,0.1,7.0,4
100000,10000,0.1,0.01,8,lin,128,1.0,main,1,0.5,1e-08,0.1,7.0,7
100000,10000,0.1,0.01,8,lin,128,1.0,main,1,1.0,1e-08,0.1,7.0,8
100000,10000,0.1,0.01,8,lin,128,1.0,main,2,0.01,0.01,0.1,1.0,3
100000,10000,0.1,0.01,8,lin,128,1.0,main,2,0.05,1e-08,0.1,7.0,4
100000,10000,0.1,0.01,8,lin,128,1.0,main,2,0.1,1e-08,0.1,7.0,7
100000,10000,0.1,0.01,8,lin,128,1.0,main,2,0.5,1e-08,0.1,7.0,8
100000,10000,0.1,0.01,8,lin,128,1.0,main,2,1.0,1e-08,0.1,7.0,9
100000,10000,0.1,0.01,8,lin,128,1.0,main,4,0.01,0.01,0.1,1.0,3
100000,10000,0.1,0.01,8,lin,128,1.0,main,4,0.05,1e-08,0.1,7.0,7
100000,10000,0.1,0.01,8,lin,128,1.0,main,4,0.1,1e-08,0.1,7.0,7
100000,10000,0.1,0.01,8,lin,128,1.0,main,4,0.5,1e-08,0.1,7.0,9
100000,10000,0.1,0.01,8,lin,128,1.0,main,4,1.0,1e-08,0.1,7.0,9
100000,10000,0.1,0.01,8,lin,128,1.0,main,8,0.01,0.01,0.1,1.0,3
100000,10000,0.1,0.01,8,lin,128,1.0,main,8,0.05,1e-08,0.1,7.0,7
100000,10000,0.1,0.01,8,lin,128,1.0,main,8,0.1,1e-08,0.1,7.0,8
100000,10000,0.1,0.01,8,lin,128,1.0,main,8,0.5,1e-08,0.1,7.0,9
100000,10000,0.1,0.01,8,lin,128,1.0,main,8,1.0,1e-08,0.1,7.0,10
100000,10000,0.1,0.01,8,lin,128,1.0,main,16,0.01,1e-08,0.1,7.0,6
100000,10000,0.1,0.01,8,lin,128,1.0,main,16,0.05,1e-08,0.1,7.0,8
100000,10000,0.1,0.01,8,lin,128,1.0,main,16,0.1,1e-08,0.1,7.0,8
100000,10000,0.1,0.01,8,lin,128,1.0,main,16,0.5,1e-08,0.1,7.0,10
100000,10000,0.1,0.01,8,lin,128,1.0,main,16,1.0,1e-08,0.1,7.0,10
100000,10000,0.1,0.01,8,nl,128,0.0,main,1,0.01,,,,0
100000,10000,0.1,0.01,8,nl,128,0.0,main,1,0.05,0.003,0.1,1.5228787452803376,4
100000,10000,0.1,0.01,8,nl,128,0.0,main,1,0.1,0.003,0.1,1.5228787452803376,4
100000,10000,0.1,0.01,8,nl,128,0.0,main,1,0.5,1e-08,0.1,7.0,8
100000,10000,0.1,0.01,8,nl,128,0.0,main,1,1.0,1e-08,0.1,7.0,8
100000,10000,0.1,0.01,8,nl,128,0.0,main,2,0.01,0.01,0.01,0.0,1
100000,10000,0.1,0.01,8,nl,128,0.0,main,2,0.05,0.003,0.1,1.5228787452803376,4
100000,10000,0.1,0.01,8,nl,128,0.0,main,2,0.1,1e-08,0.1,7.0,7
100000,10000,0.1,0.01,8,nl,128,0.0,main,2,0.5,1e-08,0.1,7.0,8
100000,10000,0.1,0.01,8,nl,128,0.0,main,2,1.0,1e-08,0.1,7.0,9
100000,10000,0.1,0.01,8,nl,128,0.0,main,4,0.01,0.01,0.1,1.0,3
100000,10000,0.1,0.01,8,nl,128,0.0,main,4,0.05,1e-08,0.1,7.0,7
100000,10000,0.1,0.01,8,nl,128,0.0,main,4,0.1,1e-08,0.1,7.0,8
100000,10000,0.1,0.01,8,nl,128,0.0,main,4,0.5,1e-08,0.1,7.0,9
100000,10000,0.1,0.01,8,nl,128,0.0,main,4,1.0,1e-08,0.1,7.0,9
100000,10000,0.1,0.01,8,nl,128,0.0,main,8,0.01,0.003,0.1,1.5228787452803376,4
100000,10000,0.1,0.01,8,nl,128,0.0,main,8,0.05,1e-08,0.1,7.0,8
100000,10000,0.1,0.01,8,nl,128,0.0,main,8,0.1,1e-08,0.1,7.0,8
100000,10000,0.1,0.01,8,nl,128,0.0,main,8,0.5,1e-08,0.1,7.0,9
100000,10000,0.1,0.01,8,nl,128,0.0,main,8,1.0,1e-08,0.1,7.0,9
100000,10000,0.1,0.01,8,nl,128,0.0,main,16,0.01,1e-08,0.1,7.0,7
100000,10000,0.1,0.01,8,nl,128,0.0,main,16,0.05,1e-08,0.1,7.0,8
100000,10000,0.1,0.01,8,nl,128,0.0,main,16,0.1,1e-08,0.1,7.0,9
100000,10000,0.1,0.01,8,nl,128,0.0,main,16,0.5,1e-08,0.1,7.0,9
100000,10000,0.1,0.01,8,nl,128,0.0,main,16,1.0,1e-08,0.1,7.0,10
100000,10000,0.1,0.01,8,nl,128,1.0,main,1,0.01,,,,0
100000,10000,0.1,0.01,8,nl,128,1.0,main,1,0.05,0.03,0.1,0.5228787452803376,2
100000,10000,0.1,0.01,8,nl,128,1.0,main,1,0.1,1e-08,0.1,7.0,6
100000,10000,0.1,0.01,8,nl,128,1.0,main,1,0.5,1e-08,0.1,7.0,10
100000,10000,0.1,0.01,8,nl,128,1.0,main,1,1.0,1e-08,0.1,7.0,10
100000,10000,0.1,0.01,8,nl,128,1.0,main,2,0.01,,,,0
100000,10000,0.1,0.01,8,nl,128,1.0,main,2,0.05,1e-08,0.1,7.0,6
100000,10000,0.1,0.01,8,nl,128,1.0,main,2,0.1,1e-08,0.1,7.0,9
100000,10000,0.1,0.01,8,nl,128,1.0,main,2,0.5,1e-08,0.1,7.0,10
100000,10000,0.1,0.01,8,nl,128,1.0,main,2,1.0,1e-08,0.1,7.0,10
100000,10000,0.1,0.01,8,nl,128,1.0,main,4,0.01,0.03,0.1,0.5228787452803376,2
100000,10000,0.1,0.01,8,nl,128,1.0,main,4,0.05,1e-08,0.1,7.0,9
100000,10000,0.1,0.01,8,nl,128,1.0,main,4,0.1,1e-08,0.1,7.0,10
100000,10000,0.1,0.01,8,nl,128,1.0,main,4,0.5,1e-08,0.1,7.0,10
100000,10000,0.1,0.01,8,nl,128,1.0,main,4,1.0,1e-08,0.1,7.0,11
100000,10000,0.1,0.01,8,nl,128,1.0,main,8,0.01,1e-07,0.1,6.0,4
100000,10000,0.1,0.01,8,nl,128,1.0,main,8,0.05,1e-08,0.1,7.0,10
100000,10000,0.1,0.01,8,nl,128,1.0,main,8,0.1,1e-08,0.1,7.0,10
100000,10000,0.1,0.01,8,nl,128,1.0,main,8,0.5,1e-08,0.1,7.0,11
100000,10000,0.1,0.01,8,nl,128,1.0,main,8,1.0,1e-08,0.1,7.0,12
100000,10000,0.1,0.01,8,nl,128,1.0,main,16,0.01,1e-08,0.1,7.0,8
100000,10000,0.1,0.01,8,nl,128,1.0,main,16,0.05,1e-08,0.1,7.0,10
100000,10000,0.1,0.01,8,nl,128,1.0,main,16,0.1,1e-08,0.1,7.0,10
100000,10000,0.1,0.01,8,nl,128,1.0,main,16,0.5,1e-08,0.1,7.0,12
100000,10000,0.1,0.01,8,nl,128,1.0,main,16,1.0,1e-08,0.1,7.0,13
100000,100000,1.0,1e-05,4,lin,128,0.0,main,1,0.01,,,,0
100000,100000,1.0,1e-05,4,lin,128,0.0,main,1,0.05,3e-05,3e-05,0.0,1
100000,100000,1.0,1e-05,4,lin,128,0.0,main,1,0.1,1e-05,3e-05,0.47712125471966244,2
100000,100000,1.0,1e-05,4,lin,128,0.0,main,1,0.5,3e-06,0.0001,1.5228787452803376,4
100000,100000,1.0,1e-05,4,lin,128,0.0,main,1,1.0,3e-06,0.001,2.5228787452803374,6
100000,100000,1.0,1e-05,4,lin,128,0.0,main,2,0.01,,,,0
100000,100000,1.0,1e-05,4,lin,128,0.0,main,2,0.05,1e-05,3e-05,0.47712125471966244,2
100000,100000,1.0,1e-05,4,lin,128,0.0,main,2,0.1,1e-05,0.0001,1.0,3
100000,100000,1.0,1e-05,4,lin,128,0.0,main,2,0.5,3e-06,0.001,2.5228787452803374,6
100000,100000,1.0,1e-05,4,lin,128,0.0,main,2,1.0,3e-06,0.1,4.522878745280337,10
100000,100000,1.0,1e-05,4,lin,128,0.0,main,4,0.01,3e-05,3e-05,0.0,1
100000,100000,1.0,1e-05,4,lin,128,0.0,main,4,0.05,1e-05,0.0001,1.0,3
100000,100000,1.0,1e-05,4,lin,128,0.0,main,4,0.1,1e-05,0.0001,1.0,3
100000,100000,1.0,1e-05,4,lin,128,0.0,main,4,0.5,3e-06,0.1,4.522878745280337,10
100000,100000,1.0,1e-05,4,lin,128,0.0,main,4,1.0,1e-06,0.1,5.0,11
100000,100000,1.0,1e-05,4,lin,128,0.0,main,8,0.01,1e-05,3e-05,0.47712125471966244,2
100000,100000,1.0,1e-05,4,lin,128,0.0,main,8,0.05,1e-05,0.0001,1.0,3
100000,100000,1.0,1e-05,4,lin,128,0.0,main,8,0.1,3e-06,0.001,2.5228787452803374,6
100000,100000,1.0,1e-05,4,lin,128,0.0,main,8,0.5,1e-06,0.1,5.0,11
100000,100000,1.0,1e-05,4,lin,128,0.0,main,8,1.0,1e-06,0.1,5.0,11
100000,100000,1.0,1e-05,4,lin,128,0.0,main,16,0.01,1e-05,0.0001,1.0,3
100000,100000,1.0,1e-05,4,lin,128,0.0,main,16,0.05,3e-06,0.001,2.5228787452803374,6
100000,100000,1.0,1e-05,4,lin,128,0.0,main,16,0.1,3e-06,0.1,4.522878745280337,10
100000,100000,1.0,1e-05,4,lin,128,0.0,main,16,0.5,1e-06,0.1,5.0,11
100000,100000,1.0,1e-05,4,lin,128,0.0,main,16,1.0,3e-07,0.1,5.522878745280337,12
100000,100000,1.0,1e-05,4,lin,128,1.0,main,1,0.01,,,,0
100000,100000,1.0,1e-05,4,lin,128,1.0,main,1,0.05,,,,0
100000,100000,1.0,1e-05,4,lin,128,1.0,main,1,0.1,,,,0
100000,100000,1.0,1e-05,4,lin,128,1.0,main,1,0.5,1e-05,0.0001,1.0,3
100000,100000,1.0,1e-05,4,lin,128,1.0,main,1,1.0,1e-05,0.1,4.0,8
100000,100000,1.0,1e-05,4,lin,128,1.0,main,2,0.01,,,,0
100000,100000,1.0,1e-05,4,lin,128,1.0,main,2,0.05,,,,0
100000,100000,1.0,1e-05,4,lin,128,1.0,main,2,0.1,3e-05,3e-05,0.0,1
100000,100000,1.0,1e-05,4,lin,128,1.0,main,2,0.5,1e-05,0.1,4.0,8
100000,100000,1.0,1e-05,4,lin,128,1.0,main,2,1.0,3e-06,0.1,4.522878745280337,10
100000,100000,1.0,1e-05,4,lin,128,1.0,main,4,0.01,,,,0
100000,100000,1.0,1e-05,4,lin,128,1.0,main,4,0.05,3e-05,3e-05,0.0,1
100000,100000,1.0,1e-05,4,lin,128,1.0,main,4,0.1,1e-05,0.0001,1.0,3
100000,100000,1.0,1e-05,4,lin,128,1.0,main,4,0.5,3e-06,0.1,4.522878745280337,10
100000,100000,1.0,1e-05,4,lin,128,1.0,main,4,1.0,1e-06,0.1,5.0,11
100000,100000,1.0,1e-05,4,lin,128,1.0,main,8,0.01,,,,0
100000,100000,1.0,1e-05,4,lin,128,1.0,main,8,0.05,1e-05,0.0001,1.0,3
100000,100000,1.0,1e-05,4,lin,128,1.0,main,8,0.1,1e-05,0.1,4.0,8
100000,100000,1.0,1e-05,4,lin,128,1.0,main,8,0.5,1e-06,0.1,5.0,11
100000,100000,1.0,1e-05,4,lin,128,1.0,main,8,1.0,1e-06,0.1,5.0,11
100000,100000,1.0,1e-05,4,lin,128,1.0,main,16,0.01,3e-05,3e-05,0.0,1
100000,100000,1.0,1e-05,4,lin,128,1.0,main,16,0.05,1e-05,0.1,4.0,8
100000,100000,1.0,1e-05,4,lin,128,1.0,main,16,0.1,3e-06,0.1,4.522878745280337,10
100000,100000,1.0,1e-05,4,lin,128,1.0,main,16,0.5,1e-06,0.1,5.0,11
100000,100000,1.0,1e-05,4,lin,128,1.0,main,16,1.0,1e-06,0.1,5.0,11
100000,100000,1.0,1e-05,4,nl,128,0.0,main,1,0.01,,,,0
100000,100000,1.0,1e-05,4,nl,128,0.0,main,1,0.05,,,,0
100000,100000,1.0,1e-05,4,nl,128,0.0,main,1,0.1,,,,0
100000,100000,1.0,1e-05,4,nl,128,0.0,main,1,0.5,,,,0
100000,100000,1.0,1e-05,4,nl,128,0.0,main,1,1.0,1e-08,0.03,6.477121254719663,11
100000,100000,1.0,1e-05,4,nl,128,0.0,main,2,0.01,,,,0
100000,100000,1.0,1e-05,4,nl,128,0.0,main,2,0.05,,,,0
100000,100000,1.0,1e-05,4,nl,128,0.0,main,2,0.1,,,,0
100000,100000,1.0,1e-05,4,nl,128,0.0,main,2,0.5,1e-08,0.03,6.477121254719663,11
100000,100000,1.0,1e-05,4,nl,128,0.0,main,2,1.0,1e-08,0.1,7.0,15
100000,100000,1.0,1e-05,4,nl,128,0.0,main,4,0.01,,,,0
100000,100000,1.0,1e-05,4,nl,128,0.0,main,4,0.05,,,,0
100000,100000,1.0,1e-05,4,nl,128,0.0,main,4,0.1,,,,0
100000,100000,1.0,1e-05,4,nl,128,0.0,main,4,0.5,1e-08,0.1,7.0,15
100000,100000,1.0,1e-05,4,nl,128,0.0,main,4,1.0,1e-08,0.1,7.0,15
100000,100000,1.0,1e-05,4,nl,128,0.0,main,8,0.01,,,,0
100000,100000,1.0,1e-05,4,nl,128,0.0,main,8,0.05,,,,0
100000,100000,1.0,1e-05,4,nl,128,0.0,main,8,0.1,3e-08,0.01,5.522878745280337,4
100000,100000,1.0,1e-05,4,nl,128,0.0,main,8,0.5,1e-08,0.1,7.0,15
100000,100000,1.0,1e-05,4,nl,128,0.0,main,8,1.0,1e-08,0.1,7.0,15
100000,100000,1.0,1e-05,4,nl,128,0.0,main,16,0.01,,,,0
100000,100000,1.0,1e-05,4,nl,128,0.0,main,16,0.05,3e-08,0.01,5.522878745280337,4
100000,100000,1.0,1e-05,4,nl,128,0.0,main,16,0.1,1e-08,0.1,7.0,15
100000,100000,1.0,1e-05,4,nl,128,0.0,main,16,0.5,1e-08,0.1,7.0,15
100000,100000,1.0,1e-05,4,nl,128,0.0,main,16,1.0,1e-08,0.1,7.0,15
100000,100000,1.0,1e-05,4,nl,128,1.0,main,1,0.01,,,,0
100000,100000,1.0,1e-05,4,nl,128,1.0,main,1,0.05,,,,0
100000,100000,1.0,1e-05,4,nl,128,1.0,main,1,0.1,,,,0
100000,100000,1.0,1e-05,4,nl,128,1.0,main,1,0.5,1e-05,1e-05,0.0,1
100000,100000,1.0,1e-05,4,nl,128,1.0,main,1,1.0,1e-07,0.03,5.477121254719663,8
100000,100000,1.0,1e-05,4,nl,128,1.0,main,2,0.01,,,,0
100000,100000,1.0,1e-05,4,nl,128,1.0,main,2,0.05,,,,0
100000,100000,1.0,1e-05,4,nl,128,1.0,main,2,0.1,,,,0
100000,100000,1.0,1e-05,4,nl,128,1.0,main,2,0.5,1e-07,0.03,5.477121254719663,8
100000,100000,1.0,1e-05,4,nl,128,1.0,main,2,1.0,1e-08,0.1,7.0,12
100000,100000,1.0,1e-05,4,nl,128,1.0,main,4,0.01,,,,0
100000,100000,1.0,1e-05,4,nl,128,1.0,main,4,0.05,,,,0
100000,100000,1.0,1e-05,4,nl,128,1.0,main,4,0.1,,,,0
100000,100000,1.0,1e-05,4,nl,128,1.0,main,4,0.5,1e-08,0.1,7.0,12
100000,100000,1.0,1e-05,4,nl,128,1.0,main,4,1.0,1e-08,0.1,7.0,12
100000,100000,1.0,1e-05,4,nl,128,1.0,main,8,0.01,,,,0
100000,100000,1.0,1e-05,4,nl,128,1.0,main,8,0.05,,,,0
100000,100000,1.0,1e-05,4,nl,128,1.0,main,8,0.1,1e-07,0.03,5.477121254719663,7
100000,100000,1.0,1e-05,4,nl,128,1.0,main,8,0.5,1e-08,0.1,7.0,12
100000,100000,1.0,1e-05,4,nl,128,1.0,main,8,1.0,1e-08,0.1,7.0,14
100000,100000,1.0,1e-05,4,nl,128,1.0,main,16,0.01,,,,0
100000,100000,1.0,1e-05,4,nl,128,1.0,main,16,0.05,1e-07,0.03,5.477121254719663,7
100000,100000,1.0,1e-05,4,nl,128,1.0,main,16,0.1,1e-08,0.1,7.0,12
100000,100000,1.0,1e-05,4,nl,128,1.0,main,16,0.5,1e-08,0.1,7.0,14
100000,100000,1.0,1e-05,4,nl,128,1.0,main,16,1.0,1e-08,0.1,7.0,15
100000,100000,1.0,1e-05,8,lin,128,0.0,main,1,0.01,3e-05,0.0003,0.9999999999999999,3
100000,100000,1.0,1e-05,8,lin,128,0.0,main,1,0.05,1e-05,0.0003,1.4771212547196624,4
100000,100000,1.0,1e-05,8,lin,128,0.0,main,1,0.1,1e-05,0.001,2.0,5
100000,100000,1.0,1e-05,8,lin,128,0.0,main,1,0.5,3e-06,0.01,3.5228787452803374,7
100000,100000,1.0,1e-05,8,lin,128,0.0,main,1,1.0,3e-06,0.1,4.522878745280337,10
100000,100000,1.0,1e-05,8,lin,128,0.0,main,2,0.01,3e-05,0.0003,0.9999999999999999,3
100000,100000,1.0,1e-05,8,lin,128,0.0,main,2,0.05,1e-05,0.001,2.0,5
100000,100000,1.0,1e-05,8,lin,128,0.0,main,2,0.1,1e-05,0.001,2.0,5
100000,100000,1.0,1e-05,8,lin,128,0.0,main,2,0.5,3e-06,0.1,4.522878745280337,10
100000,100000,1.0,1e-05,8,lin,128,0.0,main,2,1.0,1e-06,0.1,5.0,11
100000,100000,1.0,1e-05,8,lin,128,0.0,main,4,0.01,1e-05,0.0003,1.4771212547196624,4
100000,100000,1.0,1e-05,8,lin,128,0.0,main,4,0.05,1e-05,0.001,2.0,5
100000,100000,1.0,1e-05,8,lin,128,0.0,main,4,0.1,3e-06,0.01,3.5228787452803374,7
100000,100000,1.0,1e-05,8,lin,128,0.0,main,4,0.5,1e-06,0.1,5.0,11
100000,100000,1.0,1e-05,8,lin,128,0.0,main,4,1.0,1e-06,0.1,5.0,11
100000,100000,1.0,1e-05,8,lin,128,0.0,main,8,0.01,1e-05,0.0003,1.4771212547196624,4
100000,100000,1.0,1e-05,8,lin,128,0.0,main,8,0.05,3e-06,0.01,3.5228787452803374,7
100000,100000,1.0,1e-05,8,lin,128,0.0,main,8,0.1,3e-06,0.1,4.522878745280337,10
100000,100000,1.0,1e-05,8,lin,128,0.0,main,8,0.5,1e-06,0.1,5.0,11
100000,100000,1.0,1e-05,8,lin,128,0.0,main,8,1.0,1e-06,0.1,5.0,11
100000,100000,1.0,1e-05,8,lin,128,0.0,main,16,0.01,1e-05,0.001,2.0,5
100000,100000,1.0,1e-05,8,lin,128,0.0,main,16,0.05,3e-06,0.1,4.522878745280337,10
100000,100000,1.0,1e-05,8,lin,128,0.0,main,16,0.1,3e-06,0.1,4.522878745280337,10
100000,100000,1.0,1e-05,8,lin,128,0.0,main,16,0.5,1e-06,0.1,5.0,11
100000,100000,1.0,1e-05,8,lin,128,0.0,main,16,1.0,3e-07,0.1,5.522878745280337,12
100000,100000,1.0,1e-05,8,lin,128,1.0,main,1,0.01,0.0001,0.0001,0.0,1
100000,100000,1.0,1e-05,8,lin,128,1.0,main,1,0.05,3e-05,0.0003,0.9999999999999999,3
100000,100000,1.0,1e-05,8,lin,128,1.0,main,1,0.1,3e-05,0.0003,0.9999999999999999,3
100000,100000,1.0,1e-05,8,lin,128,1.0,main,1,0.5,1e-05,0.01,3.0,7
100000,100000,1.0,1e-05,8,lin,128,1.0,main,1,1.0,1e-05,0.01,3.0,7
100000,100000,1.0,1e-05,8,lin,128,1.0,main,2,0.01,3e-05,0.0001,0.5228787452803376,2
100000,100000,1.0,1e-05,8,lin,128,1.0,main,2,0.05,3e-05,0.0003,0.9999999999999999,3
100000,100000,1.0,1e-05,8,lin,128,1.0,main,2,0.1,3e-05,0.001,1.5228787452803376,4
100000,100000,1.0,1e-05,8,lin,128,1.0,main,2,0.5,1e-05,0.01,3.0,7
100000,100000,1.0,1e-05,8,lin,128,1.0,main,2,1.0,3e-06,0.1,4.522878745280337,10
100000,100000,1.0,1e-05,8,lin,128,1.0,main,4,0.01,3e-05,0.0003,0.9999999999999999,3
100000,100000,1.0,1e-05,8,lin,128,1.0,main,4,0.05,3e-05,0.001,1.5228787452803376,4
100000,100000,1.0,1e-05,8,lin,128,1.0,main,4,0.1,1e-05,0.001,2.0,5
100000,100000,1.0,1e-05,8,lin,128,1.0,main,4,0.5,3e-06,0.1,4.522878745280337,10
100000,100000,1.0,1e-05,8,lin,128,1.0,main,4,1.0,3e-06,0.1,4.522878745280337,10
100000,100000,1.0,1e-05,8,lin,128,1.0,main,8,0.01,3e-05,0.0003,0.9999999999999999,3
100000,100000,1.0,1e-05,8,lin,128,1.0,main,8,0.05,1e-05,0.001,2.0,5
100000,100000,1.0,1e-05,8,lin,128,1.0,main,8,0.1,1e-05,0.01,3.0,7
100000,100000,1.0,1e-05,8,lin,128,1.0,main,8,0.5,3e-06,0.1,4.522878745280337,10
100000,100000,1.0,1e-05,8,lin,128,1.0,main,8,1.0,1e-06,0.1,5.0,11
100000,100000,1.0,1e-05,8,lin,128,1.0,main,16,0.01,3e-05,0.0003,0.9999999999999999,3
100000,100000,1.0,1e-05,8,lin,128,1.0,main,16,0.05,1e-05,0.01,3.0,7
100000,100000,1.0,1e-05,8,lin,128,1.0,main,16,0.1,3e-06,0.1,4.522878745280337,10
100000,100000,1.0,1e-05,8,lin,128,1.0,main,16,0.5,1e-06,0.1,5.0,11
100000,100000,1.0,1e-05,8,lin,128,1.0,main,16,1.0,1e-06,0.1,5.0,11
100000,100000,1.0,1e-05,8,nl,128,0.0,main,1,0.01,,,,0
100000,100000,1.0,1e-05,8,nl,128,0.0,main,1,0.05,,,,0
100000,100000,1.0,1e-05,8,nl,128,0.0,main,1,0.1,,,,0
100000,100000,1.0,1e-05,8,nl,128,0.0,main,1,0.5,0.0001,0.0003,0.4771212547196624,2
100000,100000,1.0,1e-05,8,nl,128,0.0,main,1,1.0,0.0001,0.1,3.0,6
100000,100000,1.0,1e-05,8,nl,128,0.0,main,2,0.01,,,,0
100000,100000,1.0,1e-05,8,nl,128,0.0,main,2,0.05,,,,0
100000,100000,1.0,1e-05,8,nl,128,0.0,main,2,0.1,0.0003,0.0003,0.0,1
100000,100000,1.0,1e-05,8,nl,128,0.0,main,2,0.5,0.0001,0.1,3.0,6
100000,100000,1.0,1e-05,8,nl,128,0.0,main,2,1.0,3e-05,0.1,3.5228787452803374,8
100000,100000,1.0,1e-05,8,nl,128,0.0,main,4,0.01,,,,0
100000,100000,1.0,1e-05,8,nl,128,0.0,main,4,0.05,0.0003,0.0003,0.0,1
100000,100000,1.0,1e-05,8,nl,128,0.0,main,4,0.1,0.0001,0.0003,0.4771212547196624,2
100000,100000,1.0,1e-05,8,nl,128,0.0,main,4,0.5,3e-05,0.1,3.5228787452803374,8
100000,100000,1.0,1e-05,8,nl,128,0.0,main,4,1.0,1e-05,0.1,4.0,9
100000,100000,1.0,1e-05,8,nl,128,0.0,main,8,0.01,,,,0
100000,100000,1.0,1e-05,8,nl,128,0.0,main,8,0.05,0.0001,0.0003,0.4771212547196624,2
100000,100000,1.0,1e-05,8,nl,128,0.0,main,8,0.1,0.0001,0.03,2.4771212547196626,5
100000,100000,1.0,1e-05,8,nl,128,0.0,main,8,0.5,1e-05,0.1,4.0,9
100000,100000,1.0,1e-05,8,nl,128,0.0,main,8,1.0,3e-06,0.1,4.522878745280337,10
100000,100000,1.0,1e-05,8,nl,128,0.0,main,16,0.01,,,,0
100000,100000,1.0,1e-05,8,nl,128,0.0,main,16,0.05,0.0001,0.03,2.4771212547196626,5
100000,100000,1.0,1e-05,8,nl,128,0.0,main,16,0.1,3e-05,0.1,3.5228787452803374,8
100000,100000,1.0,1e-05,8,nl,128,0.0,main,16,0.5,3e-06,0.1,4.522878745280337,10
100000,100000,1.0,1e-05,8,nl,128,0.0,main,16,1.0,3e-06,0.1,4.522878745280337,10
100000,100000,1.0,1e-05,8,nl,128,1.0,main,1,0.01,,,,0
100000,100000,1.0,1e-05,8,nl,128,1.0,main,1,0.05,,,,0
100000,100000,1.0,1e-05,8,nl,128,1.0,main,1,0.1,,,,0
100000,100000,1.0,1e-05,8,nl,128,1.0,main,1,0.5,0.0001,0.003,1.4771212547196624,4
100000,100000,1.0,1e-05,8,nl,128,1.0,main,1,1.0,3e-05,0.1,3.5228787452803374,8
100000,100000,1.0,1e-05,8,nl,128,1.0,main,2,0.01,,,,0
100000,100000,1.0,1e-05,8,nl,128,1.0,main,2,0.05,,,,0
100000,100000,1.0,1e-05,8,nl,128,1.0,main,2,0.1,,,,0
100000,100000,1.0,1e-05,8,nl,128,1.0,main,2,0.5,3e-05,0.1,3.5228787452803374,8
100000,100000,1.0,1e-05,8,nl,128,1.0,main,2,1.0,1e-05,0.1,4.0,9
100000,100000,1.0,1e-05,8,nl,128,1.0,main,4,0.01,,,,0
100000,100000,1.0,1e-05,8,nl,128,1.0,main,4,0.05,,,,0
100000,100000,1.0,1e-05,8,nl,128,1.0,main,4,0.1,0.0001,0.001,1.0,3
100000,100000,1.0,1e-05,8,nl,128,1.0,main,4,0.5,1e-05,0.1,4.0,9
100000,100000,1.0,1e-05,8,nl,128,1.0,main,4,1.0,1e-05,0.1,4.0,9
100000,100000,1.0,1e-05,8,nl,128,1.0,main,8,0.01,,,,0
100000,100000,1.0,1e-05,8,nl,128,1.0,main,8,0.05,0.0001,0.001,1.0,3
100000,100000,1.0,1e-05,8,nl,128,1.0,main,8,0.1,3e-05,0.003,2.0,5
100000,100000,1.0,1e-05,8,nl,128,1.0,main,8,0.5,1e-05,0.1,4.0,9
100000,100000,1.0,1e-05,8,nl,128,1.0,main,8,1.0,3e-06,0.1,4.522878745280337,10
100000,100000,1.0,1e-05,8,nl,128,1.0,main,16,0.01,,,,0
100000,100000,1.0,1e-05,8,nl,128,1.0,main,16,0.05,3e-05,0.003,2.0,5
100000,100000,1.0,1e-05,8,nl,128,1.0,main,16,0.1,1e-05,0.1,4.0,9
100000,100000,1.0,1e-05,8,nl,128,1.0,main,16,0.5,3e-06,0.1,4.522878745280337,10
100000,100000,1.0,1e-05,8,nl,128,1.0,main,16,1.0,1e-06,0.1,5.0,11
100000,100000,1.0,0.0001,4,lin,128,0.0,main,1,0.01,,,,0
100000,100000,1.0,0.0001,4,lin,128,0.0,main,1,0.05,0.0001,0.0003,0.4771212547196624,2
100000,100000,1.0,0.0001,4,lin,128,0.0,main,1,0.1,0.0001,0.0003,0.4771212547196624,2
100000,100000,1.0,0.0001,4,lin,128,0.0,main,1,0.5,0.0001,0.001,1.0,3
100000,100000,1.0,0.0001,4,lin,128,0.0,main,1,1.0,3e-05,0.1,3.5228787452803374,7
100000,100000,1.0,0.0001,4,lin,128,0.0,main,2,0.01,0.0003,0.0003,0.0,1
100000,100000,1.0,0.0001,4,lin,128,0.0,main,2,0.05,0.0001,0.0003,0.4771212547196624,2
100000,100000,1.0,0.0001,4,lin,128,0.0,main,2,0.1,0.0001,0.0003,0.4771212547196624,2
100000,100000,1.0,0.0001,4,lin,128,0.0,main,2,0.5,3e-05,0.1,3.5228787452803374,7
100000,100000,1.0,0.0001,4,lin,128,0.0,main,2,1.0,3e-05,0.1,3.5228787452803374,8
100000,100000,1.0,0.0001,4,lin,128,0.0,main,4,0.01,0.0001,0.0003,0.4771212547196624,2
100000,100000,1.0,0.0001,4,lin,128,0.0,main,4,0.05,0.0001,0.0003,0.4771212547196624,2
100000,100000,1.0,0.0001,4,lin,128,0.0,main,4,0.1,0.0001,0.001,1.0,3
100000,100000,1.0,0.0001,4,lin,128,0.0,main,4,0.5,3e-05,0.1,3.5228787452803374,8
100000,100000,1.0,0.0001,4,lin,128,0.0,main,4,1.0,1e-05,0.1,4.0,9
100000,100000,1.0,0.0001,4,lin,128,0.0,main,8,0.01,0.0001,0.0003,0.4771212547196624,2
100000,100000,1.0,0.0001,4,lin,128,0.0,main,8,0.05,0.0001,0.001,1.0,3
100000,100000,1.0,0.0001,4,lin,128,0.0,main,8,0.1,3e-05,0.1,3.5228787452803374,7
100000,100000,1.0,0.0001,4,lin,128,0.0,main,8,0.5,1e-05,0.1,4.0,9
100000,100000,1.0,0.0001,4,lin,128,0.0,main,8,1.0,1e-05,0.1,4.0,9
100000,100000,1.0,0.0001,4,lin,128,0.0,main,16,0.01,0.0001,0.0003,0.4771212547196624,2
100000,100000,1.0,0.0001,4,lin,128,0.0,main,16,0.05,3e-05,0.1,3.5228787452803374,7
100000,100000,1.0,0.0001,4,lin,128,0.0,main,16,0.1,3e-05,0.1,3.5228787452803374,8
100000,100000,1.0,0.0001,4,lin,128,0.0,main,16,0.5,1e-05,0.1,4.0,9
100000,100000,1.0,0.0001,4,lin,128,0.0,main,16,1.0,1e-05,0.1,4.0,9
100000,100000,1.0,0.0001,4,lin,128,1.0,main,1,0.01,,,,0
100000,100000,1.0,0.0001,4,lin,128,1.0,main,1,0.05,,,,0
100000,100000,1.0,0.0001,4,lin,128,1.0,main,1,0.1,0.0003,0.0003,0.0,1
100000,100000,1.0,0.0001,4,lin,128,1.0,main,1,0.5,0.0001,0.003,1.4771212547196624,4
100000,100000,1.0,0.0001,4,lin,128,1.0,main,1,1.0,0.0001,0.1,3.0,7
100000,100000,1.0,0.0001,4,lin,128,1.0,main,2,0.01,,,,0
100000,100000,1.0,0.0001,4,lin,128,1.0,main,2,0.05,0.0003,0.0003,0.0,1
100000,100000,1.0,0.0001,4,lin,128,1.0,main,2,0.1,0.0003,0.0003,0.0,1
100000,100000,1.0,0.0001,4,lin,128,1.0,main,2,0.5,0.0001,0.1,3.0,7
100000,100000,1.0,0.0001,4,lin,128,1.0,main,2,1.0,0.0001,0.1,3.0,7
100000,100000,1.0,0.0001,4,lin,128,1.0,main,4,0.01,,,,0
100000,100000,1.0,0.0001,4,lin,128,1.0,main,4,0.05,0.0003,0.0003,0.0,1
100000,100000,1.0,0.0001,4,lin,128,1.0,main,4,0.1,0.0001,0.001,1.0,3
100000,100000,1.0,0.0001,4,lin,128,1.0,main,4,0.5,0.0001,0.1,3.0,7
100000,100000,1.0,0.0001,4,lin,128,1.0,main,4,1.0,3e-05,0.1,3.5228787452803374,8
100000,100000,1.0,0.0001,4,lin,128,1.0,main,8,0.01,0.0003,0.0003,0.0,1
100000,100000,1.0,0.0001,4,lin,128,1.0,main,8,0.05,0.0001,0.001,1.0,3
100000,100000,1.0,0.0001,4,lin,128,1.0,main,8,0.1,0.0001,0.03,2.4771212547196626,6
100000,100000,1.0,0.0001,4,lin,128,1.0,main,8,0.5,3e-05,0.1,3.5228787452803374,8
100000,100000,1.0,0.0001,4,lin,128,1.0,main,8,1.0,1e-05,0.1,4.0,9
100000,100000,1.0,0.0001,4,lin,128,1.0,main,16,0.01,0.0003,0.0003,0.0,1
100000,100000,1.0,0.0001,4,lin,128,1.0,main,16,0.05,0.0001,0.03,2.4771212547196626,6
100000,100000,1.0,0.0001,4,lin,128,1.0,main,16,0.1,0.0001,0.1,3.0,7
100000,100000,1.0,0.0001,4,lin,128,1.0,main,16,0.5,1e-05,0.1,4.0,9
100000,100000,1.0,0.0001,4,lin,128,1.0,main,16,1.0,3e-06,0.1,4.522878745280337,10
100000,100000,1.0,0.0001,4,nl,128,0.0,main,1,0.01,,,,0
100000,100000,1.0,0.0001,4,nl,128,0.0,main,1,0.05,,,,0
100000,100000,1.0,0.0001,4,nl,128,0.0,main,1,0.1,,,,0
100000,100000,1.0,0.0001,4,nl,128,0.0,main,1,0.5,0.0001,0.0003,0.4771212547196624,2
100000,100000,1.0,0.0001,4,nl,128,0.0,main,1,1.0,3e-05,0.1,3.5228787452803374,7
100000,100000,1.0,0.0001,4,nl,128,0.0,main,2,0.01,,,,0
100000,100000,1.0,0.0001,4,nl,128,0.0,main,2,0.05,,,,0
100000,100000,1.0,0.0001,4,nl,128,0.0,main,2,0.1,,,,0
100000,100000,1.0,0.0001,4,nl,128,0.0,main,2,0.5,3e-05,0.1,3.5228787452803374,7
100000,100000,1.0,0.0001,4,nl,128,0.0,main,2,1.0,3e-05,0.1,3.5228787452803374,8
100000,100000,1.0,0.0001,4,nl,128,0.0,main,4,0.01,,,,0
100000,100000,1.0,0.0001,4,nl,128,0.0,main,4,0.05,,,,0
100000,100000,1.0,0.0001,4,nl,128,0.0,main,4,0.1,0.0001,0.0003,0.4771212547196624,2
100000,100000,1.0,0.0001,4,nl,128,0.0,main,4,0.5,3e-05,0.1,3.5228787452803374,8
100000,100000,1.0,0.0001,4,nl,128,0.0,main,4,1.0,1e-05,0.1,4.0,9
100000,100000,1.0,0.0001,4,nl,128,0.0,main,8,0.01,,,,0
100000,100000,1.0,0.0001,4,nl,128,0.0,main,8,0.05,0.0001,0.0003,0.4771212547196624,2
100000,100000,1.0,0.0001,4,nl,128,0.0,main,8,0.1,3e-05,0.1,3.5228787452803374,6
100000,100000,1.0,0.0001,4,nl,128,0.0,main,8,0.5,1e-05,0.1,4.0,9
100000,100000,1.0,0.0001,4,nl,128,0.0,main,8,1.0,1e-05,0.1,4.0,9
100000,100000,1.0,0.0001,4,nl,128,0.0,main,16,0.01,,,,0
100000,100000,1.0,0.0001,4,nl,128,0.0,main,16,0.05,3e-05,0.1,3.5228787452803374,6
100000,100000,1.0,0.0001,4,nl,128,0.0,main,16,0.1,3e-05,0.1,3.5228787452803374,8
100000,100000,1.0,0.0001,4,nl,128,0.0,main,16,0.5,1e-05,0.1,4.0,9
100000,100000,1.0,0.0001,4,nl,128,0.0,main,16,1.0,3e-06,0.1,4.522878745280337,10
100000,100000,1.0,0.0001,4,nl,128,1.0,main,1,0.01,,,,0
100000,100000,1.0,0.0001,4,nl,128,1.0,main,1,0.05,,,,0
100000,100000,1.0,0.0001,4,nl,128,1.0,main,1,0.1,,,,0
100000,100000,1.0,0.0001,4,nl,128,1.0,main,1,0.5,0.003,0.003,0.0,1
100000,100000,1.0,0.0001,4,nl,128,1.0,main,1,1.0,0.001,0.1,2.0,5
100000,100000,1.0,0.0001,4,nl,128,1.0,main,2,0.01,,,,0
100000,100000,1.0,0.0001,4,nl,128,1.0,main,2,0.05,,,,0
100000,100000,1.0,0.0001,4,nl,128,1.0,main,2,0.1,,,,0
100000,100000,1.0,0.0001,4,nl,128,1.0,main,2,0.5,0.001,0.1,2.0,5
100000,100000,1.0,0.0001,4,nl,128,1.0,main,2,1.0,0.0003,0.1,2.5228787452803374,6
100000,100000,1.0,0.0001,4,nl,128,1.0,main,4,0.01,,,,0
100000,100000,1.0,0.0001,4,nl,128,1.0,main,4,0.05,,,,0
100000,100000,1.0,0.0001,4,nl,128,1.0,main,4,0.1,,,,0
100000,100000,1.0,0.0001,4,nl,128,1.0,main,4,0.5,0.0003,0.1,2.5228787452803374,6
100000,100000,1.0,0.0001,4,nl,128,1.0,main,4,1.0,0.0001,0.1,3.0,7
100000,100000,1.0,0.0001,4,nl,128,1.0,main,8,0.01,,,,0
100000,100000,1.0,0.0001,4,nl,128,1.0,main,8,0.05,,,,0
100000,100000,1.0,0.0001,4,nl,128,1.0,main,8,0.1,0.001,0.1,2.0,4
100000,100000,1.0,0.0001,4,nl,128,1.0,main,8,0.5,0.0001,0.1,3.0,7
100000,100000,1.0,0.0001,4,nl,128,1.0,main,8,1.0,0.0001,0.1,3.0,7
100000,100000,1.0,0.0001,4,nl,128,1.0,main,16,0.01,,,,0
100000,100000,1.0,0.0001,4,nl,128,1.0,main,16,0.05,0.001,0.1,2.0,4
100000,100000,1.0,0.0001,4,nl,128,1.0,main,16,0.1,0.0003,0.1,2.5228787452803374,6
100000,100000,1.0,0.0001,4,nl,128,1.0,main,16,0.5,0.0001,0.1,3.0,7
100000,100000,1.0,0.0001,4,nl,128,1.0,main,16,1.0,3e-05,0.1,3.5228787452803374,8
100000,100000,1.0,0.0001,8,lin,128,0.0,main,1,0.01,0.0003,0.003,1.0,3
100000,100000,1.0,0.0001,8,lin,128,0.0,main,1,0.05,0.0001,0.003,1.4771212547196624,4
100000,100000,1.0,0.0001,8,lin,128,0.0,main,1,0.1,0.0001,0.01,2.0,5
100000,100000,1.0,0.0001,8,lin,128,0.0,main,1,0.5,3e-05,0.03,3.0,7
100000,100000,1.0,0.0001,8,lin,128,0.0,main,1,1.0,3e-05,0.03,3.0,7
100000,100000,1.0,0.0001,8,lin,128,0.0,main,2,0.01,0.0003,0.003,1.0,3
100000,100000,1.0,0.0001,8,lin,128,0.0,main,2,0.05,0.0001,0.01,2.0,5
100000,100000,1.0,0.0001,8,lin,128,0.0,main,2,0.1,0.0001,0.01,2.0,5
100000,100000,1.0,0.0001,8,lin,128,0.0,main,2,0.5,3e-05,0.03,3.0,7
100000,100000,1.0,0.0001,8,lin,128,0.0,main,2,1.0,3e-05,0.1,3.5228787452803374,8
100000,100000,1.0,0.0001,8,lin,128,0.0,main,4,0.01,0.0003,0.003,1.0,3
100000,100000,1.0,0.0001,8,lin,128,0.0,main,4,0.05,0.0001,0.01,2.0,5
100000,100000,1.0,0.0001,8,lin,128,0.0,main,4,0.1,3e-05,0.01,2.5228787452803374,6
100000,100000,1.0,0.0001,8,lin,128,0.0,main,4,0.5,3e-05,0.1,3.5228787452803374,8
100000,100000,1.0,0.0001,8,lin,128,0.0,main,4,1.0,1e-05,0.1,4.0,9
100000,100000,1.0,0.0001,8,lin,128,0.0,main,8,0.01,0.0001,0.003,1.4771212547196624,4
100000,100000,1.0,0.0001,8,lin,128,0.0,main,8,0.05,3e-05,0.01,2.5228787452803374,6
100000,100000,1.0,0.0001,8,lin,128,0.0,main,8,0.1,3e-05,0.03,3.0,7
100000,100000,1.0,0.0001,8,lin,128,0.0,main,8,0.5,1e-05,0.1,4.0,9
100000,100000,1.0,0.0001,8,lin,128,0.0,main,8,1.0,1e-05,0.1,4.0,9
100000,100000,1.0,0.0001,8,lin,128,0.0,main,16,0.01,0.0001,0.01,2.0,5
100000,100000,1.0,0.0001,8,lin,128,0.0,main,16,0.05,3e-05,0.03,3.0,7
100000,100000,1.0,0.0001,8,lin,128,0.0,main,16,0.1,3e-05,0.1,3.5228787452803374,8
100000,100000,1.0,0.0001,8,lin,128,0.0,main,16,0.5,1e-05,0.1,4.0,9
100000,100000,1.0,0.0001,8,lin,128,0.0,main,16,1.0,3e-06,0.1,4.522878745280337,10
100000,100000,1.0,0.0001,8,lin,128,1.0,main,1,0.01,0.001,0.001,0.0,1
100000,100000,1.0,0.0001,8,lin,128,1.0,main,1,0.05,0.0003,0.003,1.0,3
100000,100000,1.0,0.0001,8,lin,128,1.0,main,1,0.1,0.0003,0.003,1.0,3
100000,100000,1.0,0.0001,8,lin,128,1.0,main,1,0.5,0.0001,0.01,2.0,5
100000,100000,1.0,0.0001,8,lin,128,1.0,main,1,1.0,0.0001,0.1,3.0,7
100000,100000,1.0,0.0001,8,lin,128,1.0,main,2,0.01,0.001,0.001,0.0,1
100000,100000,1.0,0.0001,8,lin,128,1.0,main,2,0.05,0.0003,0.003,1.0,3
100000,100000,1.0,0.0001,8,lin,128,1.0,main,2,0.1,0.0003,0.003,1.0,3
100000,100000,1.0,0.0001,8,lin,128,1.0,main,2,0.5,0.0001,0.1,3.0,7
100000,100000,1.0,0.0001,8,lin,128,1.0,main,2,1.0,3e-05,0.1,3.5228787452803374,8
100000,100000,1.0,0.0001,8,lin,128,1.0,main,4,0.01,0.0003,0.003,1.0,3
100000,100000,1.0,0.0001,8,lin,128,1.0,main,4,0.05,0.0003,0.003,1.0,3
100000,100000,1.0,0.0001,8,lin,128,1.0,main,4,0.1,0.0001,0.01,2.0,5
100000,100000,1.0,0.0001,8,lin,128,1.0,main,4,0.5,3e-05,0.1,3.5228787452803374,8
100000,100000,1.0,0.0001,8,lin,128,1.0,main,4,1.0,3e-05,0.1,3.5228787452803374,8
100000,100000,1.0,0.0001,8,lin,128,1.0,main,8,0.01,0.0003,0.003,1.0,3
100000,100000,1.0,0.0001,8,lin,128,1.0,main,8,0.05,0.0001,0.01,2.0,5
100000,100000,1.0,0.0001,8,lin,128,1.0,main,8,0.1,0.0001,0.1,3.0,7
100000,100000,1.0,0.0001,8,lin,128,1.0,main,8,0.5,3e-05,0.1,3.5228787452803374,8
100000,100000,1.0,0.0001,8,lin,128,1.0,main,8,1.0,1e-05,0.1,4.0,9
100000,100000,1.0,0.0001,8,lin,128,1.0,main,16,0.01,0.0003,0.003,1.0,3
100000,100000,1.0,0.0001,8,lin,128,1.0,main,16,0.05,0.0001,0.1,3.0,7
100000,100000,1.0,0.0001,8,lin,128,1.0,main,16,0.1,3e-05,0.1,3.5228787452803374,8
100000,100000,1.0,0.0001,8,lin,128,1.0,main,16,0.5,1e-05,0.1,4.0,9
100000,100000,1.0,0.0001,8,lin,128,1.0,main,16,1.0,1e-05,0.1,4.0,9
100000,100000,1.0,0.0001,8,nl,128,0.0,main,1,0.01,,,,0
100000,100000,1.0,0.0001,8,nl,128,0.0,main,1,0.05,,,,0
100000,100000,1.0,0.0001,8,nl,128,0.0,main,1,0.1,,,,0
100000,100000,1.0,0.0001,8,nl,128,0.0,main,1,0.5,3e-05,0.003,2.0,5
100000,100000,1.0,0.0001,8,nl,128,0.0,main,1,1.0,3e-05,0.1,3.5228787452803374,8
100000,100000,1.0,0.0001,8,nl,128,0.0,main,2,0.01,,,,0
100000,100000,1.0,0.0001,8,nl,128,0.0,main,2,0.05,,,,0
100000,100000,1.0,0.0001,8,nl,128,0.0,main,2,0.1,0.0001,0.003,1.4771212547196624,3
100000,100000,1.0,0.0001,8,nl,128,0.0,main,2,0.5,3e-05,0.1,3.5228787452803374,8
100000,100000,1.0,0.0001,8,nl,128,0.0,main,2,1.0,1e-05,0.1,4.0,9
100000,100000,1.0,0.0001,8,nl,128,0.0,main,4,0.01,,,,0
100000,100000,1.0,0.0001,8,nl,128,0.0,main,4,0.05,0.0001,0.003,1.4771212547196624,3
100000,100000,1.0,0.0001,8,nl,128,0.0,main,4,0.1,3e-05,0.003,2.0,5
100000,100000,1.0,0.0001,8,nl,128,0.0,main,4,0.5,1e-05,0.1,4.0,9
100000,100000,1.0,0.0001,8,nl,128,0.0,main,4,1.0,1e-05,0.1,4.0,9
100000,100000,1.0,0.0001,8,nl,128,0.0,main,8,0.01,,,,0
100000,100000,1.0,0.0001,8,nl,128,0.0,main,8,0.05,3e-05,0.003,2.0,5
100000,100000,1.0,0.0001,8,nl,128,0.0,main,8,0.1,3e-05,0.1,3.5228787452803374,7
100000,100000,1.0,0.0001,8,nl,128,0.0,main,8,0.5,1e-05,0.1,4.0,9
100000,100000,1.0,0.0001,8,nl,128,0.0,main,8,1.0,3e-06,0.1,4.522878745280337,10
100000,100000,1.0,0.0001,8,nl,128,0.0,main,16,0.01,0.0001,0.001,1.0,2
100000,100000,1.0,0.0001,8,nl,128,0.0,main,16,0.05,3e-05,0.1,3.5228787452803374,7
100000,100000,1.0,0.0001,8,nl,128,0.0,main,16,0.1,3e-05,0.1,3.5228787452803374,8
100000,100000,1.0,0.0001,8,nl,128,0.0,main,16,0.5,3e-06,0.1,4.522878745280337,10
100000,100000,1.0,0.0001,8,nl,128,0.0,main,16,1.0,1e-06,0.1,5.0,11
100000,100000,1.0,0.0001,8,nl,128,1.0,main,1,0.01,,,,0
100000,100000,1.0,0.0001,8,nl,128,1.0,main,1,0.05,,,,0
100000,100000,1.0,0.0001,8,nl,128,1.0,main,1,0.1,,,,0
100000,100000,1.0,0.0001,8,nl,128,1.0,main,1,0.5,0.0003,0.03,2.0,5
100000,100000,1.0,0.0001,8,nl,128,1.0,main,1,1.0,0.0001,0.03,2.4771212547196626,6
100000,100000,1.0,0.0001,8,nl,128,1.0,main,2,0.01,,,,0
100000,100000,1.0,0.0001,8,nl,128,1.0,main,2,0.05,,,,0
100000,100000,1.0,0.0001,8,nl,128,1.0,main,2,0.1,,,,0
100000,100000,1.0,0.0001,8,nl,128,1.0,main,2,0.5,0.0001,0.03,2.4771212547196626,6
100000,100000,1.0,0.0001,8,nl,128,1.0,main,2,1.0,0.0001,0.1,3.0,7
100000,100000,1.0,0.0001,8,nl,128,1.0,main,4,0.01,,,,0
100000,100000,1.0,0.0001,8,nl,128,1.0,main,4,0.05,,,,0
100000,100000,1.0,0.0001,8,nl,128,1.0,main,4,0.1,0.0003,0.03,2.0,5
100000,100000,1.0,0.0001,8,nl,128,1.0,main,4,0.5,0.0001,0.1,3.0,7
100000,100000,1.0,0.0001,8,nl,128,1.0,main,4,1.0,0.0001,0.1,3.0,7
100000,100000,1.0,0.0001,8,nl,128,1.0,main,8,0.01,,,,0
100000,100000,1.0,0.0001,8,nl,128,1.0,main,8,0.05,0.0003,0.03,2.0,5
100000,100000,1.0,0.0001,8,nl,128,1.0,main,8,0.1,0.0001,0.03,2.4771212547196626,6
100000,100000,1.0,0.0001,8,nl,128,1.0,main,8,0.5,0.0001,0.1,3.0,7
100000,100000,1.0,0.0001,8,nl,128,1.0,main,8,1.0,3e-05,0.1,3.5228787452803374,8
100000,100000,1.0,0.0001,8,nl,128,1.0,main,16,0.01,,,,0
100000,100000,1.0,0.0001,8,nl,128,1.0,main,16,0.05,0.0001,0.03,2.4771212547196626,6
100000,100000,1.0,0.0001,8,nl,128,1.0,main,16,0.1,0.0001,0.1,3.0,7
100000,100000,1.0,0.0001,8,nl,128,1.0,main,16,0.5,3e-05,0.1,3.5228787452803374,8
100000,100000,1.0,0.0001,8,nl,128,1.0,main,16,1.0,1e-05,0.1,4.0,9
100000,100000,1.0,0.001,4,lin,128,0.0,main,1,0.01,0.003,0.003,0.0,1
100000,100000,1.0,0.001,4,lin,128,0.0,main,1,0.05,0.003,0.003,0.0,1
100000,100000,1.0,0.001,4,lin,128,0.0,main,1,0.1,0.001,0.003,0.47712125471966244,2
100000,100000,1.0,0.001,4,lin,128,0.0,main,1,0.5,0.001,0.03,1.4771212547196624,4
100000,100000,1.0,0.001,4,lin,128,0.0,main,1,1.0,0.0003,0.1,2.5228787452803374,6
100000,100000,1.0,0.001,4,lin,128,0.0,main,2,0.01,0.003,0.003,0.0,1
100000,100000,1.0,0.001,4,lin,128,0.0,main,2,0.05,0.001,0.003,0.47712125471966244,2
100000,100000,1.0,0.001,4,lin,128,0.0,main,2,0.1,0.001,0.003,0.47712125471966244,2
100000,100000,1.0,0.001,4,lin,128,0.0,main,2,0.5,0.0003,0.1,2.5228787452803374,6
100000,100000,1.0,0.001,4,lin,128,0.0,main,2,1.0,0.0003,0.1,2.5228787452803374,6
100000,100000,1.0,0.001,4,lin,128,0.0,main,4,0.01,0.003,0.003,0.0,1
100000,100000,1.0,0.001,4,lin,128,0.0,main,4,0.05,0.001,0.003,0.47712125471966244,2
100000,100000,1.0,0.001,4,lin,128,0.0,main,4,0.1,0.001,0.01,1.0,3
100000,100000,1.0,0.001,4,lin,128,0.0,main,4,0.5,0.0003,0.1,2.5228787452803374,6
100000,100000,1.0,0.001,4,lin,128,0.0,main,4,1.0,0.0003,0.1,2.5228787452803374,6
100000,100000,1.0,0.001,4,lin,128,0.0,main,8,0.01,0.001,0.003,0.47712125471966244,2
100000,100000,1.0,0.001,4,lin,128,0.0,main,8,0.05,0.001,0.01,1.0,3
100000,100000,1.0,0.001,4,lin,128,0.0,main,8,0.1,0.0003,0.03,2.0,5
100000,100000,1.0,0.001,4,lin,128,0.0,main,8,0.5,0.0003,0.1,2.5228787452803374,6
100000,100000,1.0,0.001,4,lin,128,0.0,main,8,1.0,0.0001,0.1,3.0,7
100000,100000,1.0,0.001,4,lin,128,0.0,main,16,0.01,0.001,0.003,0.47712125471966244,2
100000,100000,1.0,0.001,4,lin,128,0.0,main,16,0.05,0.0003,0.03,2.0,5
100000,100000,1.0,0.001,4,lin,128,0.0,main,16,0.1,0.0003,0.1,2.5228787452803374,6
100000,100000,1.0,0.001,4,lin,128,0.0,main,16,0.5,0.0001,0.1,3.0,7
100000,100000,1.0,0.001,4,lin,128,0.0,main,16,1.0,3e-05,0.1,3.5228787452803374,8
100000,100000,1.0,0.001,4,lin,128,1.0,main,1,0.01,,,,0
100000,100000,1.0,0.001,4,lin,128,1.0,main,1,0.05,,,,0
100000,100000,1.0,0.001,4,lin,128,1.0,main,1,0.1,,,,0
100000,100000,1.0,0.001,4,lin,128,1.0,main,1,0.5,0.001,0.01,1.0,3
100000,100000,1.0,0.001,4,lin,128,1.0,main,1,1.0,0.001,0.1,2.0,5
100000,100000,1.0,0.001,4,lin,128,1.0,main,2,0.01,,,,0
100000,100000,1.0,0.001,4,lin,128,1.0,main,2,0.05,,,,0
100000,100000,1.0,0.001,4,lin,128,1.0,main,2,0.1,0.001,0.003,0.47712125471966244,2
100000,100000,1.0,0.001,4,lin,128,1.0,main,2,0.5,0.001,0.1,2.0,5
100000,100000,1.0,0.001,4,lin,128,1.0,main,2,1.0,0.0003,0.1,2.5228787452803374,6
100000,100000,1.0,0.001,4,lin,128,1.0,main,4,0.01,,,,0
100000,100000,1.0,0.001,4,lin,128,1.0,main,4,0.05,0.001,0.003,0.47712125471966244,2
100000,100000,1.0,0.001,4,lin,128,1.0,main,4,0.1,0.001,0.003,0.47712125471966244,2
100000,100000,1.0,0.001,4,lin,128,1.0,main,4,0.5,0.0003,0.1,2.5228787452803374,6
100000,100000,1.0,0.001,4,lin,128,1.0,main,4,1.0,0.0003,0.1,2.5228787452803374,6
100000,100000,1.0,0.001,4,lin,128,1.0,main,8,0.01,,,,0
100000,100000,1.0,0.001,4,lin,128,1.0,main,8,0.05,0.001,0.003,0.47712125471966244,2
100000,100000,1.0,0.001,4,lin,128,1.0,main,8,0.1,0.001,0.1,2.0,5
100000,100000,1.0,0.001,4,lin,128,1.0,main,8,0.5,0.0003,0.1,2.5228787452803374,6
100000,100000,1.0,0.001,4,lin,128,1.0,main,8,1.0,0.0001,0.1,3.0,7
100000,100000,1.0,0.001,4,lin,128,1.0,main,16,0.01,0.001,0.003,0.47712125471966244,2
100000,100000,1.0,0.001,4,lin,128,1.0,main,16,0.05,0.001,0.1,2.0,5
100000,100000,1.0,0.001,4,lin,128,1.0,main,16,0.1,0.0003,0.1,2.5228787452803374,6
100000,100000,1.0,0.001,4,lin,128,1.0,main,16,0.5,0.0001,0.1,3.0,7
100000,100000,1.0,0.001,4,lin,128,1.0,main,16,1.0,0.0001,0.1,3.0,7
100000,100000,1.0,0.001,4,nl,64,0.5,hwindow_12h_highdim_extra_g64,1,0.01,,,,0
100000,100000,1.0,0.001,4,nl,64,0.5,hwindow_12h_highdim_extra_g64,1,0.05,,,,0
100000,100000,1.0,0.001,4,nl,64,0.5,hwindow_12h_highdim_extra_g64,1,0.1,,,,0
100000,100000,1.0,0.001,4,nl,64,0.5,hwindow_12h_highdim_extra_g64,1,0.5,0.001,0.003,0.47712125471966244,2
100000,100000,1.0,0.001,4,nl,64,0.5,hwindow_12h_highdim_extra_g64,1,1.0,0.001,0.1,2.0,4
100000,100000,1.0,0.001,4,nl,64,0.5,hwindow_12h_highdim_extra_g64,2,0.01,,,,0
100000,100000,1.0,0.001,4,nl,64,0.5,hwindow_12h_highdim_extra_g64,2,0.05,,,,0
100000,100000,1.0,0.001,4,nl,64,0.5,hwindow_12h_highdim_extra_g64,2,0.1,0.001,0.001,0.0,1
100000,100000,1.0,0.001,4,nl,64,0.5,hwindow_12h_highdim_extra_g64,2,0.5,0.001,0.1,2.0,4
100000,100000,1.0,0.001,4,nl,64,0.5,hwindow_12h_highdim_extra_g64,2,1.0,0.0003,0.1,2.5228787452803374,6
100000,100000,1.0,0.001,4,nl,64,0.5,hwindow_12h_highdim_extra_g64,4,0.01,,,,0
100000,100000,1.0,0.001,4,nl,64,0.5,hwindow_12h_highdim_extra_g64,4,0.05,0.001,0.001,0.0,1
100000,100000,1.0,0.001,4,nl,64,0.5,hwindow_12h_highdim_extra_g64,4,0.1,0.001,0.003,0.47712125471966244,2
100000,100000,1.0,0.001,4,nl,64,0.5,hwindow_12h_highdim_extra_g64,4,0.5,0.0003,0.1,2.5228787452803374,6
100000,100000,1.0,0.001,4,nl,64,0.5,hwindow_12h_highdim_extra_g64,4,1.0,0.0001,0.1,3.0,7
100000,100000,1.0,0.001,4,nl,64,0.5,hwindow_12h_highdim_extra_g64,8,0.01,,,,0
100000,100000,1.0,0.001,4,nl,64,0.5,hwindow_12h_highdim_extra_g64,8,0.05,0.001,0.003,0.47712125471966244,2
100000,100000,1.0,0.001,4,nl,64,0.5,hwindow_12h_highdim_extra_g64,8,0.1,0.001,0.03,1.4771212547196624,3
100000,100000,1.0,0.001,4,nl,64,0.5,hwindow_12h_highdim_extra_g64,8,0.5,0.0001,0.1,3.0,7
100000,100000,1.0,0.001,4,nl,64,0.5,hwindow_12h_highdim_extra_g64,8,1.0,0.0001,0.1,3.0,7
100000,100000,1.0,0.001,4,nl,64,0.5,hwindow_12h_highdim_extra_g64,16,0.01,,,,0
100000,100000,1.0,0.001,4,nl,64,0.5,hwindow_12h_highdim_extra_g64,16,0.05,0.001,0.03,1.4771212547196624,3
100000,100000,1.0,0.001,4,nl,64,0.5,hwindow_12h_highdim_extra_g64,16,0.1,0.0003,0.1,2.5228787452803374,6
100000,100000,1.0,0.001,4,nl,64,0.5,hwindow_12h_highdim_extra_g64,16,0.5,0.0001,0.1,3.0,7
100000,100000,1.0,0.001,4,nl,64,0.5,hwindow_12h_highdim_extra_g64,16,1.0,3e-05,0.1,3.5228787452803374,8
100000,100000,1.0,0.001,4,nl,128,0.0,main,1,0.01,,,,0
100000,100000,1.0,0.001,4,nl,128,0.0,main,1,0.05,,,,0
100000,100000,1.0,0.001,4,nl,128,0.0,main,1,0.1,,,,0
100000,100000,1.0,0.001,4,nl,128,0.0,main,1,0.5,0.0003,0.003,1.0,3
100000,100000,1.0,0.001,4,nl,128,0.0,main,1,1.0,0.0003,0.01,1.5228787452803376,4
100000,100000,1.0,0.001,4,nl,128,0.0,main,2,0.01,,,,0
100000,100000,1.0,0.001,4,nl,128,0.0,main,2,0.05,,,,0
100000,100000,1.0,0.001,4,nl,128,0.0,main,2,0.1,0.001,0.001,0.0,1
100000,100000,1.0,0.001,4,nl,128,0.0,main,2,0.5,0.0003,0.01,1.5228787452803376,4
100000,100000,1.0,0.001,4,nl,128,0.0,main,2,1.0,0.0001,0.1,3.0,7
100000,100000,1.0,0.001,4,nl,128,0.0,main,4,0.01,,,,0
100000,100000,1.0,0.001,4,nl,128,0.0,main,4,0.05,0.001,0.001,0.0,1
100000,100000,1.0,0.001,4,nl,128,0.0,main,4,0.1,0.0003,0.003,1.0,3
100000,100000,1.0,0.001,4,nl,128,0.0,main,4,0.5,0.0001,0.1,3.0,7
100000,100000,1.0,0.001,4,nl,128,0.0,main,4,1.0,3e-05,0.1,3.5228787452803374,8
100000,100000,1.0,0.001,4,nl,128,0.0,main,8,0.01,,,,0
100000,100000,1.0,0.001,4,nl,128,0.0,main,8,0.05,0.0003,0.003,1.0,3
100000,100000,1.0,0.001,4,nl,128,0.0,main,8,0.1,0.0003,0.01,1.5228787452803376,4
100000,100000,1.0,0.001,4,nl,128,0.0,main,8,0.5,3e-05,0.1,3.5228787452803374,8
100000,100000,1.0,0.001,4,nl,128,0.0,main,8,1.0,3e-05,0.1,3.5228787452803374,8
100000,100000,1.0,0.001,4,nl,128,0.0,main,16,0.01,,,,0
100000,100000,1.0,0.001,4,nl,128,0.0,main,16,0.05,0.0003,0.01,1.5228787452803376,4
100000,100000,1.0,0.001,4,nl,128,0.0,main,16,0.1,0.0001,0.1,3.0,7
100000,100000,1.0,0.001,4,nl,128,0.0,main,16,0.5,3e-05,0.1,3.5228787452803374,8
100000,100000,1.0,0.001,4,nl,128,0.0,main,16,1.0,3e-05,0.1,3.5228787452803374,8
100000,100000,1.0,0.001,4,nl,128,1.0,main,1,0.01,,,,0
100000,100000,1.0,0.001,4,nl,128,1.0,main,1,0.05,,,,0
100000,100000,1.0,0.001,4,nl,128,1.0,main,1,0.1,,,,0
100000,100000,1.0,0.001,4,nl,128,1.0,main,1,0.5,0.003,0.01,0.5228787452803376,2
100000,100000,1.0,0.001,4,nl,128,1.0,main,1,1.0,0.001,0.1,2.0,5
100000,100000,1.0,0.001,4,nl,128,1.0,main,2,0.01,,,,0
100000,100000,1.0,0.001,4,nl,128,1.0,main,2,0.05,,,,0
100000,100000,1.0,0.001,4,nl,128,1.0,main,2,0.1,,,,0
100000,100000,1.0,0.001,4,nl,128,1.0,main,2,0.5,0.001,0.1,2.0,5
100000,100000,1.0,0.001,4,nl,128,1.0,main,2,1.0,0.001,0.1,2.0,5
100000,100000,1.0,0.001,4,nl,128,1.0,main,4,0.01,,,,0
100000,100000,1.0,0.001,4,nl,128,1.0,main,4,0.05,,,,0
100000,100000,1.0,0.001,4,nl,128,1.0,main,4,0.1,0.01,0.01,0.0,1
100000,100000,1.0,0.001,4,nl,128,1.0,main,4,0.5,0.001,0.1,2.0,5
100000,100000,1.0,0.001,4,nl,128,1.0,main,4,1.0,0.0003,0.1,2.5228787452803374,6
100000,100000,1.0,0.001,4,nl,128,1.0,main,8,0.01,,,,0
100000,100000,1.0,0.001,4,nl,128,1.0,main,8,0.05,0.01,0.01,0.0,1
100000,100000,1.0,0.001,4,nl,128,1.0,main,8,0.1,0.001,0.1,2.0,5
100000,100000,1.0,0.001,4,nl,128,1.0,main,8,0.5,0.0003,0.1,2.5228787452803374,6
100000,100000,1.0,0.001,4,nl,128,1.0,main,8,1.0,0.0003,0.1,2.5228787452803374,6
100000,100000,1.0,0.001,4,nl,128,1.0,main,16,0.01,,,,0
100000,100000,1.0,0.001,4,nl,128,1.0,main,16,0.05,0.001,0.1,2.0,5
100000,100000,1.0,0.001,4,nl,128,1.0,main,16,0.1,0.001,0.1,2.0,5
100000,100000,1.0,0.001,4,nl,128,1.0,main,16,0.5,0.0003,0.1,2.5228787452803374,6
100000,100000,1.0,0.001,4,nl,128,1.0,main,16,1.0,3e-05,0.1,3.5228787452803374,8
100000,100000,1.0,0.001,4,nl,256,0.5,hwindow_12h_highdim_extra_g256,1,0.01,,,,0
100000,100000,1.0,0.001,4,nl,256,0.5,hwindow_12h_highdim_extra_g256,1,0.05,,,,0
100000,100000,1.0,0.001,4,nl,256,0.5,hwindow_12h_highdim_extra_g256,1,0.1,,,,0
100000,100000,1.0,0.001,4,nl,256,0.5,hwindow_12h_highdim_extra_g256,1,0.5,0.001,0.003,0.47712125471966244,2
100000,100000,1.0,0.001,4,nl,256,0.5,hwindow_12h_highdim_extra_g256,1,1.0,0.0003,0.1,2.5228787452803374,6
100000,100000,1.0,0.001,4,nl,256,0.5,hwindow_12h_highdim_extra_g256,2,0.01,,,,0
100000,100000,1.0,0.001,4,nl,256,0.5,hwindow_12h_highdim_extra_g256,2,0.05,,,,0
100000,100000,1.0,0.001,4,nl,256,0.5,hwindow_12h_highdim_extra_g256,2,0.1,,,,0
100000,100000,1.0,0.001,4,nl,256,0.5,hwindow_12h_highdim_extra_g256,2,0.5,0.0003,0.1,2.5228787452803374,6
100000,100000,1.0,0.001,4,nl,256,0.5,hwindow_12h_highdim_extra_g256,2,1.0,0.0001,0.1,3.0,7
100000,100000,1.0,0.001,4,nl,256,0.5,hwindow_12h_highdim_extra_g256,4,0.01,,,,0
100000,100000,1.0,0.001,4,nl,256,0.5,hwindow_12h_highdim_extra_g256,4,0.05,,,,0
100000,100000,1.0,0.001,4,nl,256,0.5,hwindow_12h_highdim_extra_g256,4,0.1,0.001,0.003,0.47712125471966244,2
100000,100000,1.0,0.001,4,nl,256,0.5,hwindow_12h_highdim_extra_g256,4,0.5,0.0001,0.1,3.0,7
100000,100000,1.0,0.001,4,nl,256,0.5,hwindow_12h_highdim_extra_g256,4,1.0,0.0001,0.1,3.0,7
100000,100000,1.0,0.001,4,nl,256,0.5,hwindow_12h_highdim_extra_g256,8,0.01,,,,0
100000,100000,1.0,0.001,4,nl,256,0.5,hwindow_12h_highdim_extra_g256,8,0.05,0.001,0.003,0.47712125471966244,2
100000,100000,1.0,0.001,4,nl,256,0.5,hwindow_12h_highdim_extra_g256,8,0.1,0.001,0.03,1.4771212547196624,4
100000,100000,1.0,0.001,4,nl,256,0.5,hwindow_12h_highdim_extra_g256,8,0.5,0.0001,0.1,3.0,7
100000,100000,1.0,0.001,4,nl,256,0.5,hwindow_12h_highdim_extra_g256,8,1.0,0.0001,0.1,3.0,7
100000,100000,1.0,0.001,4,nl,256,0.5,hwindow_12h_highdim_extra_g256,16,0.01,,,,0
100000,100000,1.0,0.001,4,nl,256,0.5,hwindow_12h_highdim_extra_g256,16,0.05,0.001,0.03,1.4771212547196624,4
100000,100000,1.0,0.001,4,nl,256,0.5,hwindow_12h_highdim_extra_g256,16,0.1,0.0001,0.1,3.0,7
100000,100000,1.0,0.001,4,nl,256,0.5,hwindow_12h_highdim_extra_g256,16,0.5,0.0001,0.1,3.0,7
100000,100000,1.0,0.001,4,nl,256,0.5,hwindow_12h_highdim_extra_g256,16,1.0,3e-05,0.1,3.5228787452803374,8
100000,100000,1.0,0.001,8,lin,128,0.0,main,1,0.01,0.003,0.03,1.0,3
100000,100000,1.0,0.001,8,lin,128,0.0,main,1,0.05,0.001,0.03,1.4771212547196624,4
100000,100000,1.0,0.001,8,lin,128,0.0,main,1,0.1,0.001,0.03,1.4771212547196624,4
100000,100000,1.0,0.001,8,lin,128,0.0,main,1,0.5,0.001,0.1,2.0,5
100000,100000,1.0,0.001,8,lin,128,0.0,main,1,1.0,0.0003,0.1,2.5228787452803374,6
100000,100000,1.0,0.001,8,lin,128,0.0,main,2,0.01,0.003,0.03,1.0,3
100000,100000,1.0,0.001,8,lin,128,0.0,main,2,0.05,0.001,0.03,1.4771212547196624,4
100000,100000,1.0,0.001,8,lin,128,0.0,main,2,0.1,0.001,0.1,2.0,5
100000,100000,1.0,0.001,8,lin,128,0.0,main,2,0.5,0.0003,0.1,2.5228787452803374,6
100000,100000,1.0,0.001,8,lin,128,0.0,main,2,1.0,0.0001,0.1,3.0,7
100000,100000,1.0,0.001,8,lin,128,0.0,main,4,0.01,0.001,0.03,1.4771212547196624,4
100000,100000,1.0,0.001,8,lin,128,0.0,main,4,0.05,0.001,0.1,2.0,5
100000,100000,1.0,0.001,8,lin,128,0.0,main,4,0.1,0.001,0.1,2.0,5
100000,100000,1.0,0.001,8,lin,128,0.0,main,4,0.5,0.0001,0.1,3.0,7
100000,100000,1.0,0.001,8,lin,128,0.0,main,4,1.0,0.0001,0.1,3.0,7
100000,100000,1.0,0.001,8,lin,128,0.0,main,8,0.01,0.001,0.03,1.4771212547196624,4
100000,100000,1.0,0.001,8,lin,128,0.0,main,8,0.05,0.001,0.1,2.0,5
100000,100000,1.0,0.001,8,lin,128,0.0,main,8,0.1,0.0003,0.1,2.5228787452803374,6
100000,100000,1.0,0.001,8,lin,128,0.0,main,8,0.5,0.0001,0.1,3.0,7
100000,100000,1.0,0.001,8,lin,128,0.0,main,8,1.0,0.0001,0.1,3.0,7
100000,100000,1.0,0.001,8,lin,128,0.0,main,16,0.01,0.001,0.1,2.0,5
100000,100000,1.0,0.001,8,lin,128,0.0,main,16,0.05,0.0003,0.1,2.5228787452803374,6
100000,100000,1.0,0.001,8,lin,128,0.0,main,16,0.1,0.0001,0.1,3.0,7
100000,100000,1.0,0.001,8,lin,128,0.0,main,16,0.5,0.0001,0.1,3.0,7
100000,100000,1.0,0.001,8,lin,128,0.0,main,16,1.0,3e-05,0.1,3.5228787452803374,8
100000,100000,1.0,0.001,8,lin,128,1.0,main,1,0.01,,,,0
100000,100000,1.0,0.001,8,lin,128,1.0,main,1,0.05,0.003,0.03,1.0,3
100000,100000,1.0,0.001,8,lin,128,1.0,main,1,0.1,0.003,0.03,1.0,3
100000,100000,1.0,0.001,8,lin,128,1.0,main,1,0.5,0.001,0.1,2.0,5
100000,100000,1.0,0.001,8,lin,128,1.0,main,1,1.0,0.001,0.1,2.0,5
100000,100000,1.0,0.001,8,lin,128,1.0,main,2,0.01,0.01,0.01,0.0,1
100000,100000,1.0,0.001,8,lin,128,1.0,main,2,0.05,0.003,0.03,1.0,3
100000,100000,1.0,0.001,8,lin,128,1.0,main,2,0.1,0.001,0.1,2.0,5
100000,100000,1.0,0.001,8,lin,128,1.0,main,2,0.5,0.001,0.1,2.0,5
100000,100000,1.0,0.001,8,lin,128,1.0,main,2,1.0,0.0003,0.1,2.5228787452803374,6
100000,100000,1.0,0.001,8,lin,128,1.0,main,4,0.01,0.01,0.03,0.47712125471966244,2
100000,100000,1.0,0.001,8,lin,128,1.0,main,4,0.05,0.001,0.1,2.0,5
100000,100000,1.0,0.001,8,lin,128,1.0,main,4,0.1,0.001,0.1,2.0,5
100000,100000,1.0,0.001,8,lin,128,1.0,main,4,0.5,0.0003,0.1,2.5228787452803374,6
100000,100000,1.0,0.001,8,lin,128,1.0,main,4,1.0,0.0001,0.1,3.0,7
100000,100000,1.0,0.001,8,lin,128,1.0,main,8,0.01,0.003,0.03,1.0,3
100000,100000,1.0,0.001,8,lin,128,1.0,main,8,0.05,0.001,0.1,2.0,5
100000,100000,1.0,0.001,8,lin,128,1.0,main,8,0.1,0.001,0.1,2.0,5
100000,100000,1.0,0.001,8,lin,128,1.0,main,8,0.5,0.0001,0.1,3.0,7
100000,100000,1.0,0.001,8,lin,128,1.0,main,8,1.0,0.0001,0.1,3.0,7
100000,100000,1.0,0.001,8,lin,128,1.0,main,16,0.01,0.003,0.03,1.0,3
100000,100000,1.0,0.001,8,lin,128,1.0,main,16,0.05,0.001,0.1,2.0,5
100000,100000,1.0,0.001,8,lin,128,1.0,main,16,0.1,0.0003,0.1,2.5228787452803374,6
100000,100000,1.0,0.001,8,lin,128,1.0,main,16,0.5,0.0001,0.1,3.0,7
100000,100000,1.0,0.001,8,lin,128,1.0,main,16,1.0,3e-05,0.1,3.5228787452803374,8
100000,100000,1.0,0.001,8,nl,64,0.5,hwindow_12h_highdim_extra_g64,1,0.01,,,,0
100000,100000,1.0,0.001,8,nl,64,0.5,hwindow_12h_highdim_extra_g64,1,0.05,,,,0
100000,100000,1.0,0.001,8,nl,64,0.5,hwindow_12h_highdim_extra_g64,1,0.1,,,,0
100000,100000,1.0,0.001,8,nl,64,0.5,hwindow_12h_highdim_extra_g64,1,0.5,0.001,0.03,1.4771212547196624,4
100000,100000,1.0,0.001,8,nl,64,0.5,hwindow_12h_highdim_extra_g64,1,1.0,0.0003,0.1,2.5228787452803374,6
100000,100000,1.0,0.001,8,nl,64,0.5,hwindow_12h_highdim_extra_g64,2,0.01,,,,0
100000,100000,1.0,0.001,8,nl,64,0.5,hwindow_12h_highdim_extra_g64,2,0.05,,,,0
100000,100000,1.0,0.001,8,nl,64,0.5,hwindow_12h_highdim_extra_g64,2,0.1,0.001,0.03,1.4771212547196624,2
100000,100000,1.0,0.001,8,nl,64,0.5,hwindow_12h_highdim_extra_g64,2,0.5,0.0003,0.1,2.5228787452803374,6
100000,100000,1.0,0.001,8,nl,64,0.5,hwindow_12h_highdim_extra_g64,2,1.0,0.0003,0.1,2.5228787452803374,6
100000,100000,1.0,0.001,8,nl,64,0.5,hwindow_12h_highdim_extra_g64,4,0.01,,,,0
100000,100000,1.0,0.001,8,nl,64,0.5,hwindow_12h_highdim_extra_g64,4,0.05,0.001,0.03,1.4771212547196624,2
100000,100000,1.0,0.001,8,nl,64,0.5,hwindow_12h_highdim_extra_g64,4,0.1,0.001,0.03,1.4771212547196624,4
100000,100000,1.0,0.001,8,nl,64,0.5,hwindow_12h_highdim_extra_g64,4,0.5,0.0003,0.1,2.5228787452803374,6
100000,100000,1.0,0.001,8,nl,64,0.5,hwindow_12h_highdim_extra_g64,4,1.0,0.0001,0.1,3.0,7
100000,100000,1.0,0.001,8,nl,64,0.5,hwindow_12h_highdim_extra_g64,8,0.01,,,,0
100000,100000,1.0,0.001,8,nl,64,0.5,hwindow_12h_highdim_extra_g64,8,0.05,0.001,0.03,1.4771212547196624,4
100000,100000,1.0,0.001,8,nl,64,0.5,hwindow_12h_highdim_extra_g64,8,0.1,0.001,0.1,2.0,5
100000,100000,1.0,0.001,8,nl,64,0.5,hwindow_12h_highdim_extra_g64,8,0.5,0.0001,0.1,3.0,7
100000,100000,1.0,0.001,8,nl,64,0.5,hwindow_12h_highdim_extra_g64,8,1.0,0.0001,0.1,3.0,7
100000,100000,1.0,0.001,8,nl,64,0.5,hwindow_12h_highdim_extra_g64,16,0.01,0.03,0.03,0.0,1
100000,100000,1.0,0.001,8,nl,64,0.5,hwindow_12h_highdim_extra_g64,16,0.05,0.001,0.1,2.0,5
100000,100000,1.0,0.001,8,nl,64,0.5,hwindow_12h_highdim_extra_g64,16,0.1,0.0003,0.1,2.5228787452803374,6
100000,100000,1.0,0.001,8,nl,64,0.5,hwindow_12h_highdim_extra_g64,16,0.5,0.0001,0.1,3.0,7
100000,100000,1.0,0.001,8,nl,64,0.5,hwindow_12h_highdim_extra_g64,16,1.0,3e-05,0.1,3.5228787452803374,8
100000,100000,1.0,0.001,8,nl,128,0.0,main,1,0.01,,,,0
100000,100000,1.0,0.001,8,nl,128,0.0,main,1,0.05,,,,0
100000,100000,1.0,0.001,8,nl,128,0.0,main,1,0.1,,,,0
100000,100000,1.0,0.001,8,nl,128,0.0,main,1,0.5,0.0003,0.03,2.0,5
100000,100000,1.0,0.001,8,nl,128,0.0,main,1,1.0,0.0003,0.1,2.5228787452803374,6
100000,100000,1.0,0.001,8,nl,128,0.0,main,2,0.01,,,,0
100000,100000,1.0,0.001,8,nl,128,0.0,main,2,0.05,,,,0
100000,100000,1.0,0.001,8,nl,128,0.0,main,2,0.1,0.001,0.01,1.0,2
100000,100000,1.0,0.001,8,nl,128,0.0,main,2,0.5,0.0003,0.1,2.5228787452803374,6
100000,100000,1.0,0.001,8,nl,128,0.0,main,2,1.0,0.0001,0.1,3.0,7
100000,100000,1.0,0.001,8,nl,128,0.0,main,4,0.01,,,,0
100000,100000,1.0,0.001,8,nl,128,0.0,main,4,0.05,0.001,0.01,1.0,2
100000,100000,1.0,0.001,8,nl,128,0.0,main,4,0.1,0.001,0.03,1.4771212547196624,4
100000,100000,1.0,0.001,8,nl,128,0.0,main,4,0.5,0.0001,0.1,3.0,7
100000,100000,1.0,0.001,8,nl,128,0.0,main,4,1.0,0.0001,0.1,3.0,7
100000,100000,1.0,0.001,8,nl,128,0.0,main,8,0.01,,,,0
100000,100000,1.0,0.001,8,nl,128,0.0,main,8,0.05,0.001,0.03,1.4771212547196624,4
100000,100000,1.0,0.001,8,nl,128,0.0,main,8,0.1,0.0003,0.03,2.0,5
100000,100000,1.0,0.001,8,nl,128,0.0,main,8,0.5,0.0001,0.1,3.0,7
100000,100000,1.0,0.001,8,nl,128,0.0,main,8,1.0,3e-05,0.1,3.5228787452803374,8
100000,100000,1.0,0.001,8,nl,128,0.0,main,16,0.01,,,,0
100000,100000,1.0,0.001,8,nl,128,0.0,main,16,0.05,0.0003,0.03,2.0,5
100000,100000,1.0,0.001,8,nl,128,0.0,main,16,0.1,0.0003,0.1,2.5228787452803374,6
100000,100000,1.0,0.001,8,nl,128,0.0,main,16,0.5,3e-05,0.1,3.5228787452803374,8
100000,100000,1.0,0.001,8,nl,128,0.0,main,16,1.0,1e-05,0.1,4.0,9
100000,100000,1.0,0.001,8,nl,128,1.0,main,1,0.01,,,,0
100000,100000,1.0,0.001,8,nl,128,1.0,main,1,0.05,,,,0
100000,100000,1.0,0.001,8,nl,128,1.0,main,1,0.1,,,,0
100000,100000,1.0,0.001,8,nl,128,1.0,main,1,0.5,0.003,0.1,1.5228787452803376,4
100000,100000,1.0,0.001,8,nl,128,1.0,main,1,1.0,0.001,0.1,2.0,5
100000,100000,1.0,0.001,8,nl,128,1.0,main,2,0.01,,,,0
100000,100000,1.0,0.001,8,nl,128,1.0,main,2,0.05,,,,0
100000,100000,1.0,0.001,8,nl,128,1.0,main,2,0.1,0.01,0.03,0.47712125471966244,2
100000,100000,1.0,0.001,8,nl,128,1.0,main,2,0.5,0.001,0.1,2.0,5
100000,100000,1.0,0.001,8,nl,128,1.0,main,2,1.0,0.001,0.1,2.0,5
100000,100000,1.0,0.001,8,nl,128,1.0,main,4,0.01,,,,0
100000,100000,1.0,0.001,8,nl,128,1.0,main,4,0.05,0.01,0.03,0.47712125471966244,2
100000,100000,1.0,0.001,8,nl,128,1.0,main,4,0.1,0.003,0.1,1.5228787452803376,4
100000,100000,1.0,0.001,8,nl,128,1.0,main,4,0.5,0.001,0.1,2.0,5
100000,100000,1.0,0.001,8,nl,128,1.0,main,4,1.0,0.0003,0.1,2.5228787452803374,6
100000,100000,1.0,0.001,8,nl,128,1.0,main,8,0.01,,,,0
100000,100000,1.0,0.001,8,nl,128,1.0,main,8,0.05,0.003,0.1,1.5228787452803376,4
100000,100000,1.0,0.001,8,nl,128,1.0,main,8,0.1,0.003,0.1,1.5228787452803376,4
100000,100000,1.0,0.001,8,nl,128,1.0,main,8,0.5,0.0003,0.1,2.5228787452803374,6
100000,100000,1.0,0.001,8,nl,128,1.0,main,8,1.0,0.0003,0.1,2.5228787452803374,6
100000,100000,1.0,0.001,8,nl,128,1.0,main,16,0.01,,,,0
100000,100000,1.0,0.001,8,nl,128,1.0,main,16,0.05,0.003,0.1,1.5228787452803376,4
100000,100000,1.0,0.001,8,nl,128,1.0,main,16,0.1,0.001,0.1,2.0,5
100000,100000,1.0,0.001,8,nl,128,1.0,main,16,0.5,0.0003,0.1,2.5228787452803374,6
100000,100000,1.0,0.001,8,nl,128,1.0,main,16,1.0,0.0001,0.1,3.0,7
100000,100000,1.0,0.001,8,nl,256,0.5,hwindow_12h_highdim_extra_g256,1,0.01,,,,0
100000,100000,1.0,0.001,8,nl,256,0.5,hwindow_12h_highdim_extra_g256,1,0.05,,,,0
100000,100000,1.0,0.001,8,nl,256,0.5,hwindow_12h_highdim_extra_g256,1,0.1,,,,0
100000,100000,1.0,0.001,8,nl,256,0.5,hwindow_12h_highdim_extra_g256,1,0.5,0.001,0.03,1.4771212547196624,4
100000,100000,1.0,0.001,8,nl,256,0.5,hwindow_12h_highdim_extra_g256,1,1.0,0.0003,0.1,2.5228787452803374,6
100000,100000,1.0,0.001,8,nl,256,0.5,hwindow_12h_highdim_extra_g256,2,0.01,,,,0
100000,100000,1.0,0.001,8,nl,256,0.5,hwindow_12h_highdim_extra_g256,2,0.05,,,,0
100000,100000,1.0,0.001,8,nl,256,0.5,hwindow_12h_highdim_extra_g256,2,0.1,0.001,0.03,1.4771212547196624,3
100000,100000,1.0,0.001,8,nl,256,0.5,hwindow_12h_highdim_extra_g256,2,0.5,0.0003,0.1,2.5228787452803374,6
100000,100000,1.0,0.001,8,nl,256,0.5,hwindow_12h_highdim_extra_g256,2,1.0,0.0003,0.1,2.5228787452803374,6
100000,100000,1.0,0.001,8,nl,256,0.5,hwindow_12h_highdim_extra_g256,4,0.01,,,,0
100000,100000,1.0,0.001,8,nl,256,0.5,hwindow_12h_highdim_extra_g256,4,0.05,0.001,0.03,1.4771212547196624,3
100000,100000,1.0,0.001,8,nl,256,0.5,hwindow_12h_highdim_extra_g256,4,0.1,0.001,0.03,1.4771212547196624,4
100000,100000,1.0,0.001,8,nl,256,0.5,hwindow_12h_highdim_extra_g256,4,0.5,0.0003,0.1,2.5228787452803374,6
100000,100000,1.0,0.001,8,nl,256,0.5,hwindow_12h_highdim_extra_g256,4,1.0,0.0001,0.1,3.0,7
100000,100000,1.0,0.001,8,nl,256,0.5,hwindow_12h_highdim_extra_g256,8,0.01,,,,0
100000,100000,1.0,0.001,8,nl,256,0.5,hwindow_12h_highdim_extra_g256,8,0.05,0.001,0.03,1.4771212547196624,4
100000,100000,1.0,0.001,8,nl,256,0.5,hwindow_12h_highdim_extra_g256,8,0.1,0.0003,0.1,2.5228787452803374,6
100000,100000,1.0,0.001,8,nl,256,0.5,hwindow_12h_highdim_extra_g256,8,0.5,0.0001,0.1,3.0,7
100000,100000,1.0,0.001,8,nl,256,0.5,hwindow_12h_highdim_extra_g256,8,1.0,0.0001,0.1,3.0,7
100000,100000,1.0,0.001,8,nl,256,0.5,hwindow_12h_highdim_extra_g256,16,0.01,0.03,0.03,0.0,1
100000,100000,1.0,0.001,8,nl,256,0.5,hwindow_12h_highdim_extra_g256,16,0.05,0.0003,0.1,2.5228787452803374,6
100000,100000,1.0,0.001,8,nl,256,0.5,hwindow_12h_highdim_extra_g256,16,0.1,0.0003,0.1,2.5228787452803374,6
100000,100000,1.0,0.001,8,nl,256,0.5,hwindow_12h_highdim_extra_g256,16,0.5,0.0001,0.1,3.0,7
100000,100000,1.0,0.001,8,nl,256,0.5,hwindow_12h_highdim_extra_g256,16,1.0,3e-05,0.1,3.5228787452803374,8
100000,100000,1.0,0.01,4,lin,128,0.0,main,1,0.01,,,,0
100000,100000,1.0,0.01,4,lin,128,0.0,main,1,0.05,0.01,0.03,0.47712125471966244,2
100000,100000,1.0,0.01,4,lin,128,0.0,main,1,0.1,0.01,0.03,0.47712125471966244,2
100000,100000,1.0,0.01,4,lin,128,0.0,main,1,0.5,0.01,0.1,1.0,3
100000,100000,1.0,0.01,4,lin,128,0.0,main,1,1.0,1e-08,0.1,7.0,6
100000,100000,1.0,0.01,4,lin,128,0.0,main,2,0.01,0.03,0.03,0.0,1
100000,100000,1.0,0.01,4,lin,128,0.0,main,2,0.05,0.01,0.03,0.47712125471966244,2
100000,100000,1.0,0.01,4,lin,128,0.0,main,2,0.1,0.01,0.1,1.0,3
100000,100000,1.0,0.01,4,lin,128,0.0,main,2,0.5,1e-08,0.1,7.0,6
100000,100000,1.0,0.01,4,lin,128,0.0,main,2,1.0,1e-08,0.1,7.0,6
100000,100000,1.0,0.01,4,lin,128,0.0,main,4,0.01,0.01,0.03,0.47712125471966244,2
100000,100000,1.0,0.01,4,lin,128,0.0,main,4,0.05,0.01,0.1,1.0,3
100000,100000,1.0,0.01,4,lin,128,0.0,main,4,0.1,0.01,0.1,1.0,3
100000,100000,1.0,0.01,4,lin,128,0.0,main,4,0.5,1e-08,0.1,7.0,6
100000,100000,1.0,0.01,4,lin,128,0.0,main,4,1.0,1e-08,0.1,7.0,7
100000,100000,1.0,0.01,4,lin,128,0.0,main,8,0.01,0.01,0.03,0.47712125471966244,2
100000,100000,1.0,0.01,4,lin,128,0.0,main,8,0.05,0.01,0.1,1.0,3
100000,100000,1.0,0.01,4,lin,128,0.0,main,8,0.1,3e-08,0.1,6.522878745280337,5
100000,100000,1.0,0.01,4,lin,128,0.0,main,8,0.5,1e-08,0.1,7.0,7
100000,100000,1.0,0.01,4,lin,128,0.0,main,8,1.0,1e-08,0.1,7.0,7
100000,100000,1.0,0.01,4,lin,128,0.0,main,16,0.01,0.01,0.1,1.0,3
100000,100000,1.0,0.01,4,lin,128,0.0,main,16,0.05,3e-08,0.1,6.522878745280337,5
100000,100000,1.0,0.01,4,lin,128,0.0,main,16,0.1,1e-08,0.1,7.0,6
100000,100000,1.0,0.01,4,lin,128,0.0,main,16,0.5,1e-08,0.1,7.0,7
100000,100000,1.0,0.01,4,lin,128,0.0,main,16,1.0,1e-08,0.1,7.0,8
100000,100000,1.0,0.01,4,lin,128,1.0,main,1,0.01,,,,0
100000,100000,1.0,0.01,4,lin,128,1.0,main,1,0.05,,,,0
100000,100000,1.0,0.01,4,lin,128,1.0,main,1,0.1,0.03,0.03,0.0,1
100000,100000,1.0,0.01,4,lin,128,1.0,main,1,0.5,0.01,0.1,1.0,3
100000,100000,1.0,0.01,4,lin,128,1.0,main,1,1.0,0.01,0.1,1.0,3
100000,100000,1.0,0.01,4,lin,128,1.0,main,2,0.01,,,,0
100000,100000,1.0,0.01,4,lin,128,1.0,main,2,0.05,0.03,0.03,0.0,1
100000,100000,1.0,0.01,4,lin,128,1.0,main,2,0.1,0.01,0.03,0.47712125471966244,2
100000,100000,1.0,0.01,4,lin,128,1.0,main,2,0.5,0.01,0.1,1.0,3
100000,100000,1.0,0.01,4,lin,128,1.0,main,2,1.0,1e-08,0.1,7.0,5
100000,100000,1.0,0.01,4,lin,128,1.0,main,4,0.01,,,,0
100000,100000,1.0,0.01,4,lin,128,1.0,main,4,0.05,0.01,0.03,0.47712125471966244,2
100000,100000,1.0,0.01,4,lin,128,1.0,main,4,0.1,0.01,0.1,1.0,3
100000,100000,1.0,0.01,4,lin,128,1.0,main,4,0.5,1e-08,0.1,7.0,5
100000,100000,1.0,0.01,4,lin,128,1.0,main,4,1.0,1e-08,0.1,7.0,5
100000,100000,1.0,0.01,4,lin,128,1.0,main,8,0.01,,,,0
100000,100000,1.0,0.01,4,lin,128,1.0,main,8,0.05,0.01,0.1,1.0,3
100000,100000,1.0,0.01,4,lin,128,1.0,main,8,0.1,0.01,0.1,1.0,3
100000,100000,1.0,0.01,4,lin,128,1.0,main,8,0.5,1e-08,0.1,7.0,5
100000,100000,1.0,0.01,4,lin,128,1.0,main,8,1.0,1e-08,0.1,7.0,6
100000,100000,1.0,0.01,4,lin,128,1.0,main,16,0.01,0.01,0.03,0.47712125471966244,2
100000,100000,1.0,0.01,4,lin,128,1.0,main,16,0.05,0.01,0.1,1.0,3
100000,100000,1.0,0.01,4,lin,128,1.0,main,16,0.1,1e-08,0.1,7.0,5
100000,100000,1.0,0.01,4,lin,128,1.0,main,16,0.5,1e-08,0.1,7.0,6
100000,100000,1.0,0.01,4,lin,128,1.0,main,16,1.0,1e-08,0.1,7.0,6
100000,100000,1.0,0.01,4,nl,128,0.0,main,1,0.01,,,,0
100000,100000,1.0,0.01,4,nl,128,0.0,main,1,0.05,,,,0
100000,100000,1.0,0.01,4,nl,128,0.0,main,1,0.1,,,,0
100000,100000,1.0,0.01,4,nl,128,0.0,main,1,0.5,0.003,0.03,1.0,3
100000,100000,1.0,0.01,4,nl,128,0.0,main,1,1.0,0.003,0.1,1.5228787452803376,4
100000,100000,1.0,0.01,4,nl,128,0.0,main,2,0.01,,,,0
100000,100000,1.0,0.01,4,nl,128,0.0,main,2,0.05,,,,0
100000,100000,1.0,0.01,4,nl,128,0.0,main,2,0.1,,,,0
100000,100000,1.0,0.01,4,nl,128,0.0,main,2,0.5,0.003,0.1,1.5228787452803376,4
100000,100000,1.0,0.01,4,nl,128,0.0,main,2,1.0,0.001,0.1,2.0,5
100000,100000,1.0,0.01,4,nl,128,0.0,main,4,0.01,,,,0
100000,100000,1.0,0.01,4,nl,128,0.0,main,4,0.05,,,,0
100000,100000,1.0,0.01,4,nl,128,0.0,main,4,0.1,0.01,0.01,0.0,1
100000,100000,1.0,0.01,4,nl,128,0.0,main,4,0.5,0.001,0.1,2.0,5
100000,100000,1.0,0.01,4,nl,128,0.0,main,4,1.0,0.001,0.1,2.0,5
100000,100000,1.0,0.01,4,nl,128,0.0,main,8,0.01,,,,0
100000,100000,1.0,0.01,4,nl,128,0.0,main,8,0.05,0.01,0.01,0.0,1
100000,100000,1.0,0.01,4,nl,128,0.0,main,8,0.1,0.003,0.1,1.5228787452803376,4
100000,100000,1.0,0.01,4,nl,128,0.0,main,8,0.5,0.001,0.1,2.0,5
100000,100000,1.0,0.01,4,nl,128,0.0,main,8,1.0,0.0003,0.1,2.5228787452803374,6
100000,100000,1.0,0.01,4,nl,128,0.0,main,16,0.01,,,,0
100000,100000,1.0,0.01,4,nl,128,0.0,main,16,0.05,0.003,0.1,1.5228787452803376,4
100000,100000,1.0,0.01,4,nl,128,0.0,main,16,0.1,0.001,0.1,2.0,5
100000,100000,1.0,0.01,4,nl,128,0.0,main,16,0.5,0.0003,0.1,2.5228787452803374,6
100000,100000,1.0,0.01,4,nl,128,0.0,main,16,1.0,0.0003,0.1,2.5228787452803374,6
100000,100000,1.0,0.01,4,nl,128,1.0,main,1,0.01,,,,0
100000,100000,1.0,0.01,4,nl,128,1.0,main,1,0.05,,,,0
100000,100000,1.0,0.01,4,nl,128,1.0,main,1,0.1,,,,0
100000,100000,1.0,0.01,4,nl,128,1.0,main,1,0.5,0.1,0.1,0.0,1
100000,100000,1.0,0.01,4,nl,128,1.0,main,1,1.0,0.01,0.1,1.0,3
100000,100000,1.0,0.01,4,nl,128,1.0,main,2,0.01,,,,0
100000,100000,1.0,0.01,4,nl,128,1.0,main,2,0.05,,,,0
100000,100000,1.0,0.01,4,nl,128,1.0,main,2,0.1,,,,0
100000,100000,1.0,0.01,4,nl,128,1.0,main,2,0.5,0.01,0.1,1.0,3
100000,100000,1.0,0.01,4,nl,128,1.0,main,2,1.0,1e-08,0.1,7.0,4
100000,100000,1.0,0.01,4,nl,128,1.0,main,4,0.01,,,,0
100000,100000,1.0,0.01,4,nl,128,1.0,main,4,0.05,,,,0
100000,100000,1.0,0.01,4,nl,128,1.0,main,4,0.1,0.1,0.1,0.0,1
100000,100000,1.0,0.01,4,nl,128,1.0,main,4,0.5,1e-08,0.1,7.0,4
100000,100000,1.0,0.01,4,nl,128,1.0,main,4,1.0,1e-08,0.1,7.0,4
100000,100000,1.0,0.01,4,nl,128,1.0,main,8,0.01,,,,0
100000,100000,1.0,0.01,4,nl,128,1.0,main,8,0.05,0.1,0.1,0.0,1
100000,100000,1.0,0.01,4,nl,128,1.0,main,8,0.1,0.03,0.1,0.5228787452803376,2
100000,100000,1.0,0.01,4,nl,128,1.0,main,8,0.5,1e-08,0.1,7.0,4
100000,100000,1.0,0.01,4,nl,128,1.0,main,8,1.0,1e-08,0.1,7.0,5
100000,100000,1.0,0.01,4,nl,128,1.0,main,16,0.01,,,,0
100000,100000,1.0,0.01,4,nl,128,1.0,main,16,0.05,0.03,0.1,0.5228787452803376,2
100000,100000,1.0,0.01,4,nl,128,1.0,main,16,0.1,1e-08,0.1,7.0,4
100000,100000,1.0,0.01,4,nl,128,1.0,main,16,0.5,1e-08,0.1,7.0,5
100000,100000,1.0,0.01,4,nl,128,1.0,main,16,1.0,1e-08,0.1,7.0,5
100000,100000,1.0,0.01,8,lin,128,0.0,main,1,0.01,0.03,0.1,0.5228787452803376,2
100000,100000,1.0,0.01,8,lin,128,0.0,main,1,0.05,0.01,0.1,1.0,3
100000,100000,1.0,0.01,8,lin,128,0.0,main,1,0.1,0.01,0.1,1.0,3
100000,100000,1.0,0.01,8,lin,128,0.0,main,1,0.5,0.003,0.1,1.5228787452803376,4
100000,100000,1.0,0.01,8,lin,128,0.0,main,1,1.0,1e-08,0.1,7.0,5
100000,100000,1.0,0.01,8,lin,128,0.0,main,2,0.01,0.03,0.1,0.5228787452803376,2
100000,100000,1.0,0.01,8,lin,128,0.0,main,2,0.05,0.01,0.1,1.0,3
100000,100000,1.0,0.01,8,lin,128,0.0,main,2,0.1,0.01,0.1,1.0,3
100000,100000,1.0,0.01,8,lin,128,0.0,main,2,0.5,1e-08,0.1,7.0,5
100000,100000,1.0,0.01,8,lin,128,0.0,main,2,1.0,1e-08,0.1,7.0,5
100000,100000,1.0,0.01,8,lin,128,0.0,main,4,0.01,0.01,0.1,1.0,3
100000,100000,1.0,0.01,8,lin,128,0.0,main,4,0.05,0.01,0.1,1.0,3
100000,100000,1.0,0.01,8,lin,128,0.0,main,4,0.1,0.003,0.1,1.5228787452803376,4
100000,100000,1.0,0.01,8,lin,128,0.0,main,4,0.5,1e-08,0.1,7.0,5
100000,100000,1.0,0.01,8,lin,128,0.0,main,4,1.0,1e-08,0.1,7.0,6
100000,100000,1.0,0.01,8,lin,128,0.0,main,8,0.01,0.01,0.1,1.0,3
100000,100000,1.0,0.01,8,lin,128,0.0,main,8,0.05,0.003,0.1,1.5228787452803376,4
100000,100000,1.0,0.01,8,lin,128,0.0,main,8,0.1,1e-08,0.1,7.0,5
100000,100000,1.0,0.01,8,lin,128,0.0,main,8,0.5,1e-08,0.1,7.0,6
100000,100000,1.0,0.01,8,lin,128,0.0,main,8,1.0,1e-08,0.1,7.0,7
100000,100000,1.0,0.01,8,lin,128,0.0,main,16,0.01,0.01,0.1,1.0,3
100000,100000,1.0,0.01,8,lin,128,0.0,main,16,0.05,1e-08,0.1,7.0,5
100000,100000,1.0,0.01,8,lin,128,0.0,main,16,0.1,1e-08,0.1,7.0,5
100000,100000,1.0,0.01,8,lin,128,0.0,main,16,0.5,1e-08,0.1,7.0,7
100000,100000,1.0,0.01,8,lin,128,0.0,main,16,1.0,1e-08,0.1,7.0,7
100000,100000,1.0,0.01,8,lin,128,1.0,main,1,0.01,0.1,0.1,0.0,1
100000,100000,1.0,0.01,8,lin,128,1.0,main,1,0.05,0.03,0.1,0.5228787452803376,2
100000,100000,1.0,0.01,8,lin,128,1.0,main,1,0.1,0.03,0.1,0.5228787452803376,2
100000,100000,1.0,0.01,8,lin,128,1.0,main,1,0.5,0.01,0.1,1.0,3
100000,100000,1.0,0.01,8,lin,128,1.0,main,1,1.0,0.01,0.1,1.0,3
100000,100000,1.0,0.01,8,lin,128,1.0,main,2,0.01,0.1,0.1,0.0,1
100000,100000,1.0,0.01,8,lin,128,1.0,main,2,0.05,0.03,0.1,0.5228787452803376,2
100000,100000,1.0,0.01,8,lin,128,1.0,main,2,0.1,0.03,0.1,0.5228787452803376,2
100000,100000,1.0,0.01,8,lin,128,1.0,main,2,0.5,0.01,0.1,1.0,3
100000,100000,1.0,0.01,8,lin,128,1.0,main,2,1.0,0.01,0.1,1.0,3
100000,100000,1.0,0.01,8,lin,128,1.0,main,4,0.01,0.1,0.1,0.0,1
100000,100000,1.0,0.01,8,lin,128,1.0,main,4,0.05,0.03,0.1,0.5228787452803376,2
100000,100000,1.0,0.01,8,lin,128,1.0,main,4,0.1,0.01,0.1,1.0,3
100000,100000,1.0,0.01,8,lin,128,1.0,main,4,0.5,0.01,0.1,1.0,3
100000,100000,1.0,0.01,8,lin,128,1.0,main,4,1.0,0.003,0.1,1.5228787452803376,4
100000,100000,1.0,0.01,8,lin,128,1.0,main,8,0.01,0.03,0.1,0.5228787452803376,2
100000,100000,1.0,0.01,8,lin,128,1.0,main,8,0.05,0.01,0.1,1.0,3
100000,100000,1.0,0.01,8,lin,128,1.0,main,8,0.1,0.01,0.1,1.0,3
100000,100000,1.0,0.01,8,lin,128,1.0,main,8,0.5,0.003,0.1,1.5228787452803376,4
100000,100000,1.0,0.01,8,lin,128,1.0,main,8,1.0,0.001,0.1,2.0,5
100000,100000,1.0,0.01,8,lin,128,1.0,main,16,0.01,0.03,0.1,0.5228787452803376,2
100000,100000,1.0,0.01,8,lin,128,1.0,main,16,0.05,0.01,0.1,1.0,3
100000,100000,1.0,0.01,8,lin,128,1.0,main,16,0.1,0.01,0.1,1.0,3
100000,100000,1.0,0.01,8,lin,128,1.0,main,16,0.5,0.001,0.1,2.0,5
100000,100000,1.0,0.01,8,lin,128,1.0,main,16,1.0,0.001,0.1,2.0,5
100000,100000,1.0,0.01,8,nl,128,0.0,main,1,0.01,,,,0
100000,100000,1.0,0.01,8,nl,128,0.0,main,1,0.05,,,,0
100000,100000,1.0,0.01,8,nl,128,0.0,main,1,0.1,,,,0
100000,100000,1.0,0.01,8,nl,128,0.0,main,1,0.5,0.003,0.1,1.5228787452803376,4
100000,100000,1.0,0.01,8,nl,128,0.0,main,1,1.0,0.003,0.1,1.5228787452803376,4
100000,100000,1.0,0.01,8,nl,128,0.0,main,2,0.01,,,,0
100000,100000,1.0,0.01,8,nl,128,0.0,main,2,0.05,,,,0
100000,100000,1.0,0.01,8,nl,128,0.0,main,2,0.1,0.03,0.03,0.0,1
100000,100000,1.0,0.01,8,nl,128,0.0,main,2,0.5,0.003,0.1,1.5228787452803376,4
100000,100000,1.0,0.01,8,nl,128,0.0,main,2,1.0,1e-08,0.1,7.0,6
100000,100000,1.0,0.01,8,nl,128,0.0,main,4,0.01,,,,0
100000,100000,1.0,0.01,8,nl,128,0.0,main,4,0.05,0.03,0.03,0.0,1
100000,100000,1.0,0.01,8,nl,128,0.0,main,4,0.1,0.003,0.1,1.5228787452803376,4
100000,100000,1.0,0.01,8,nl,128,0.0,main,4,0.5,1e-08,0.1,7.0,6
100000,100000,1.0,0.01,8,nl,128,0.0,main,4,1.0,1e-08,0.1,7.0,6
100000,100000,1.0,0.01,8,nl,128,0.0,main,8,0.01,,,,0
100000,100000,1.0,0.01,8,nl,128,0.0,main,8,0.05,0.003,0.1,1.5228787452803376,4
100000,100000,1.0,0.01,8,nl,128,0.0,main,8,0.1,0.003,0.1,1.5228787452803376,4
100000,100000,1.0,0.01,8,nl,128,0.0,main,8,0.5,1e-08,0.1,7.0,6
100000,100000,1.0,0.01,8,nl,128,0.0,main,8,1.0,1e-08,0.1,7.0,7
100000,100000,1.0,0.01,8,nl,128,0.0,main,16,0.01,,,,0
100000,100000,1.0,0.01,8,nl,128,0.0,main,16,0.05,0.003,0.1,1.5228787452803376,4
100000,100000,1.0,0.01,8,nl,128,0.0,main,16,0.1,1e-08,0.1,7.0,6
100000,100000,1.0,0.01,8,nl,128,0.0,main,16,0.5,1e-08,0.1,7.0,7
100000,100000,1.0,0.01,8,nl,128,0.0,main,16,1.0,1e-08,0.1,7.0,7
100000,100000,1.0,0.01,8,nl,128,1.0,main,1,0.01,,,,0
100000,100000,1.0,0.01,8,nl,128,1.0,main,1,0.05,,,,0
100000,100000,1.0,0.01,8,nl,128,1.0,main,1,0.1,,,,0
100000,100000,1.0,0.01,8,nl,128,1.0,main,1,0.5,0.01,0.1,1.0,3
100000,100000,1.0,0.01,8,nl,128,1.0,main,1,1.0,0.01,0.1,1.0,3
100000,100000,1.0,0.01,8,nl,128,1.0,main,2,0.01,,,,0
100000,100000,1.0,0.01,8,nl,128,1.0,main,2,0.05,,,,0
100000,100000,1.0,0.01,8,nl,128,1.0,main,2,0.1,,,,0
100000,100000,1.0,0.01,8,nl,128,1.0,main,2,0.5,0.01,0.1,1.0,3
100000,100000,1.0,0.01,8,nl,128,1.0,main,2,1.0,1e-08,0.1,7.0,6
100000,100000,1.0,0.01,8,nl,128,1.0,main,4,0.01,,,,0
100000,100000,1.0,0.01,8,nl,128,1.0,main,4,0.05,,,,0
100000,100000,1.0,0.01,8,nl,128,1.0,main,4,0.1,0.03,0.1,0.5228787452803376,2
100000,100000,1.0,0.01,8,nl,128,1.0,main,4,0.5,1e-08,0.1,7.0,6
100000,100000,1.0,0.01,8,nl,128,1.0,main,4,1.0,1e-08,0.1,7.0,6
100000,100000,1.0,0.01,8,nl,128,1.0,main,8,0.01,,,,0
100000,100000,1.0,0.01,8,nl,128,1.0,main,8,0.05,0.03,0.1,0.5228787452803376,2
100000,100000,1.0,0.01,8,nl,128,1.0,main,8,0.1,0.01,0.1,1.0,3
100000,100000,1.0,0.01,8,nl,128,1.0,main,8,0.5,1e-08,0.1,7.0,6
100000,100000,1.0,0.01,8,nl,128,1.0,main,8,1.0,1e-08,0.1,7.0,7
100000,100000,1.0,0.01,8,nl,128,1.0,main,16,0.01,,,,0
100000,100000,1.0,0.01,8,nl,128,1.0,main,16,0.05,0.01,0.1,1.0,3
100000,100000,1.0,0.01,8,nl,128,1.0,main,16,0.1,1e-08,0.1,7.0,5
100000,100000,1.0,0.01,8,nl,128,1.0,main,16,0.5,1e-08,0.1,7.0,7
100000,100000,1.0,0.01,8,nl,128,1.0,main,16,1.0,1e-08,0.1,7.0,7
1000000,1000,0.001,3e-05,4,nl,128,0.5,hwindow_12h_highdim_extra_midp,1,0.01,1e-08,0.1,7.0,15
1000000,1000,0.001,3e-05,4,nl,128,0.5,hwindow_12h_highdim_extra_midp,1,0.05,1e-08,0.1,7.0,15
1000000,1000,0.001,3e-05,4,nl,128,0.5,hwindow_12h_highdim_extra_midp,1,0.1,1e-08,0.1,7.0,15
1000000,1000,0.001,3e-05,4,nl,128,0.5,hwindow_12h_highdim_extra_midp,1,0.5,1e-08,0.1,7.0,15
1000000,1000,0.001,3e-05,4,nl,128,0.5,hwindow_12h_highdim_extra_midp,1,1.0,1e-08,0.1,7.0,15
1000000,1000,0.001,3e-05,4,nl,128,0.5,hwindow_12h_highdim_extra_midp,2,0.01,1e-08,0.1,7.0,15
1000000,1000,0.001,3e-05,4,nl,128,0.5,hwindow_12h_highdim_extra_midp,2,0.05,1e-08,0.1,7.0,15
1000000,1000,0.001,3e-05,4,nl,128,0.5,hwindow_12h_highdim_extra_midp,2,0.1,1e-08,0.1,7.0,15
1000000,1000,0.001,3e-05,4,nl,128,0.5,hwindow_12h_highdim_extra_midp,2,0.5,1e-08,0.1,7.0,15
1000000,1000,0.001,3e-05,4,nl,128,0.5,hwindow_12h_highdim_extra_midp,2,1.0,1e-08,0.1,7.0,15
1000000,1000,0.001,3e-05,4,nl,128,0.5,hwindow_12h_highdim_extra_midp,4,0.01,1e-08,0.1,7.0,15
1000000,1000,0.001,3e-05,4,nl,128,0.5,hwindow_12h_highdim_extra_midp,4,0.05,1e-08,0.1,7.0,15
1000000,1000,0.001,3e-05,4,nl,128,0.5,hwindow_12h_highdim_extra_midp,4,0.1,1e-08,0.1,7.0,15
1000000,1000,0.001,3e-05,4,nl,128,0.5,hwindow_12h_highdim_extra_midp,4,0.5,1e-08,0.1,7.0,15
1000000,1000,0.001,3e-05,4,nl,128,0.5,hwindow_12h_highdim_extra_midp,4,1.0,1e-08,0.1,7.0,15
1000000,1000,0.001,3e-05,4,nl,128,0.5,hwindow_12h_highdim_extra_midp,8,0.01,1e-08,0.1,7.0,15
1000000,1000,0.001,3e-05,4,nl,128,0.5,hwindow_12h_highdim_extra_midp,8,0.05,1e-08,0.1,7.0,15
1000000,1000,0.001,3e-05,4,nl,128,0.5,hwindow_12h_highdim_extra_midp,8,0.1,1e-08,0.1,7.0,15
1000000,1000,0.001,3e-05,4,nl,128,0.5,hwindow_12h_highdim_extra_midp,8,0.5,1e-08,0.1,7.0,15
1000000,1000,0.001,3e-05,4,nl,128,0.5,hwindow_12h_highdim_extra_midp,8,1.0,1e-08,0.1,7.0,15
1000000,1000,0.001,3e-05,4,nl,128,0.5,hwindow_12h_highdim_extra_midp,16,0.01,1e-08,0.1,7.0,15
1000000,1000,0.001,3e-05,4,nl,128,0.5,hwindow_12h_highdim_extra_midp,16,0.05,1e-08,0.1,7.0,15
1000000,1000,0.001,3e-05,4,nl,128,0.5,hwindow_12h_highdim_extra_midp,16,0.1,1e-08,0.1,7.0,15
1000000,1000,0.001,3e-05,4,nl,128,0.5,hwindow_12h_highdim_extra_midp,16,0.5,1e-08,0.1,7.0,15
1000000,1000,0.001,3e-05,4,nl,128,0.5,hwindow_12h_highdim_extra_midp,16,1.0,1e-08,0.1,7.0,15
1000000,1000,0.001,3e-05,8,nl,128,0.5,hwindow_12h_highdim_extra_midp,1,0.01,1e-08,0.1,7.0,13
1000000,1000,0.001,3e-05,8,nl,128,0.5,hwindow_12h_highdim_extra_midp,1,0.05,1e-08,0.1,7.0,14
1000000,1000,0.001,3e-05,8,nl,128,0.5,hwindow_12h_highdim_extra_midp,1,0.1,1e-08,0.1,7.0,15
1000000,1000,0.001,3e-05,8,nl,128,0.5,hwindow_12h_highdim_extra_midp,1,0.5,1e-08,0.1,7.0,15
1000000,1000,0.001,3e-05,8,nl,128,0.5,hwindow_12h_highdim_extra_midp,1,1.0,1e-08,0.1,7.0,15
1000000,1000,0.001,3e-05,8,nl,128,0.5,hwindow_12h_highdim_extra_midp,2,0.01,1e-08,0.1,7.0,14
1000000,1000,0.001,3e-05,8,nl,128,0.5,hwindow_12h_highdim_extra_midp,2,0.05,1e-08,0.1,7.0,15
1000000,1000,0.001,3e-05,8,nl,128,0.5,hwindow_12h_highdim_extra_midp,2,0.1,1e-08,0.1,7.0,15
1000000,1000,0.001,3e-05,8,nl,128,0.5,hwindow_12h_highdim_extra_midp,2,0.5,1e-08,0.1,7.0,15
1000000,1000,0.001,3e-05,8,nl,128,0.5,hwindow_12h_highdim_extra_midp,2,1.0,1e-08,0.1,7.0,15
1000000,1000,0.001,3e-05,8,nl,128,0.5,hwindow_12h_highdim_extra_midp,4,0.01,1e-08,0.1,7.0,14
1000000,1000,0.001,3e-05,8,nl,128,0.5,hwindow_12h_highdim_extra_midp,4,0.05,1e-08,0.1,7.0,15
1000000,1000,0.001,3e-05,8,nl,128,0.5,hwindow_12h_highdim_extra_midp,4,0.1,1e-08,0.1,7.0,15
1000000,1000,0.001,3e-05,8,nl,128,0.5,hwindow_12h_highdim_extra_midp,4,0.5,1e-08,0.1,7.0,15
1000000,1000,0.001,3e-05,8,nl,128,0.5,hwindow_12h_highdim_extra_midp,4,1.0,1e-08,0.1,7.0,15
1000000,1000,0.001,3e-05,8,nl,128,0.5,hwindow_12h_highdim_extra_midp,8,0.01,1e-08,0.1,7.0,15
1000000,1000,0.001,3e-05,8,nl,128,0.5,hwindow_12h_highdim_extra_midp,8,0.05,1e-08,0.1,7.0,15
1000000,1000,0.001,3e-05,8,nl,128,0.5,hwindow_12h_highdim_extra_midp,8,0.1,1e-08,0.1,7.0,15
1000000,1000,0.001,3e-05,8,nl,128,0.5,hwindow_12h_highdim_extra_midp,8,0.5,1e-08,0.1,7.0,15
1000000,1000,0.001,3e-05,8,nl,128,0.5,hwindow_12h_highdim_extra_midp,8,1.0,1e-08,0.1,7.0,15
1000000,1000,0.001,3e-05,8,nl,128,0.5,hwindow_12h_highdim_extra_midp,16,0.01,1e-08,0.1,7.0,15
1000000,1000,0.001,3e-05,8,nl,128,0.5,hwindow_12h_highdim_extra_midp,16,0.05,1e-08,0.1,7.0,15
1000000,1000,0.001,3e-05,8,nl,128,0.5,hwindow_12h_highdim_extra_midp,16,0.1,1e-08,0.1,7.0,15
1000000,1000,0.001,3e-05,8,nl,128,0.5,hwindow_12h_highdim_extra_midp,16,0.5,1e-08,0.1,7.0,15
1000000,1000,0.001,3e-05,8,nl,128,0.5,hwindow_12h_highdim_extra_midp,16,1.0,1e-08,0.1,7.0,15
1000000,1000,0.001,0.0003,4,nl,128,0.5,hwindow_12h_highdim_extra_midp,1,0.01,1e-08,0.1,7.0,13
1000000,1000,0.001,0.0003,4,nl,128,0.5,hwindow_12h_highdim_extra_midp,1,0.05,1e-08,0.1,7.0,15
1000000,1000,0.001,0.0003,4,nl,128,0.5,hwindow_12h_highdim_extra_midp,1,0.1,1e-08,0.1,7.0,15
1000000,1000,0.001,0.0003,4,nl,128,0.5,hwindow_12h_highdim_extra_midp,1,0.5,1e-08,0.1,7.0,15
1000000,1000,0.001,0.0003,4,nl,128,0.5,hwindow_12h_highdim_extra_midp,1,1.0,1e-08,0.1,7.0,15
1000000,1000,0.001,0.0003,4,nl,128,0.5,hwindow_12h_highdim_extra_midp,2,0.01,1e-08,0.1,7.0,14
1000000,1000,0.001,0.0003,4,nl,128,0.5,hwindow_12h_highdim_extra_midp,2,0.05,1e-08,0.1,7.0,15
1000000,1000,0.001,0.0003,4,nl,128,0.5,hwindow_12h_highdim_extra_midp,2,0.1,1e-08,0.1,7.0,15
1000000,1000,0.001,0.0003,4,nl,128,0.5,hwindow_12h_highdim_extra_midp,2,0.5,1e-08,0.1,7.0,15
1000000,1000,0.001,0.0003,4,nl,128,0.5,hwindow_12h_highdim_extra_midp,2,1.0,1e-08,0.1,7.0,15
1000000,1000,0.001,0.0003,4,nl,128,0.5,hwindow_12h_highdim_extra_midp,4,0.01,1e-08,0.1,7.0,15
1000000,1000,0.001,0.0003,4,nl,128,0.5,hwindow_12h_highdim_extra_midp,4,0.05,1e-08,0.1,7.0,15
1000000,1000,0.001,0.0003,4,nl,128,0.5,hwindow_12h_highdim_extra_midp,4,0.1,1e-08,0.1,7.0,15
1000000,1000,0.001,0.0003,4,nl,128,0.5,hwindow_12h_highdim_extra_midp,4,0.5,1e-08,0.1,7.0,15
1000000,1000,0.001,0.0003,4,nl,128,0.5,hwindow_12h_highdim_extra_midp,4,1.0,1e-08,0.1,7.0,15
1000000,1000,0.001,0.0003,4,nl,128,0.5,hwindow_12h_highdim_extra_midp,8,0.01,1e-08,0.1,7.0,15
1000000,1000,0.001,0.0003,4,nl,128,0.5,hwindow_12h_highdim_extra_midp,8,0.05,1e-08,0.1,7.0,15
1000000,1000,0.001,0.0003,4,nl,128,0.5,hwindow_12h_highdim_extra_midp,8,0.1,1e-08,0.1,7.0,15
1000000,1000,0.001,0.0003,4,nl,128,0.5,hwindow_12h_highdim_extra_midp,8,0.5,1e-08,0.1,7.0,15
1000000,1000,0.001,0.0003,4,nl,128,0.5,hwindow_12h_highdim_extra_midp,8,1.0,1e-08,0.1,7.0,15
1000000,1000,0.001,0.0003,4,nl,128,0.5,hwindow_12h_highdim_extra_midp,16,0.01,1e-08,0.1,7.0,15
1000000,1000,0.001,0.0003,4,nl,128,0.5,hwindow_12h_highdim_extra_midp,16,0.05,1e-08,0.1,7.0,15
1000000,1000,0.001,0.0003,4,nl,128,0.5,hwindow_12h_highdim_extra_midp,16,0.1,1e-08,0.1,7.0,15
1000000,1000,0.001,0.0003,4,nl,128,0.5,hwindow_12h_highdim_extra_midp,16,0.5,1e-08,0.1,7.0,15
1000000,1000,0.001,0.0003,4,nl,128,0.5,hwindow_12h_highdim_extra_midp,16,1.0,1e-08,0.1,7.0,15
1000000,1000,0.001,0.0003,8,nl,128,0.5,hwindow_12h_highdim_extra_midp,1,0.01,1e-08,0.1,7.0,11
1000000,1000,0.001,0.0003,8,nl,128,0.5,hwindow_12h_highdim_extra_midp,1,0.05,1e-08,0.1,7.0,12
1000000,1000,0.001,0.0003,8,nl,128,0.5,hwindow_12h_highdim_extra_midp,1,0.1,1e-08,0.1,7.0,12
1000000,1000,0.001,0.0003,8,nl,128,0.5,hwindow_12h_highdim_extra_midp,1,0.5,1e-08,0.1,7.0,15
1000000,1000,0.001,0.0003,8,nl,128,0.5,hwindow_12h_highdim_extra_midp,1,1.0,1e-08,0.1,7.0,15
1000000,1000,0.001,0.0003,8,nl,128,0.5,hwindow_12h_highdim_extra_midp,2,0.01,1e-08,0.1,7.0,11
1000000,1000,0.001,0.0003,8,nl,128,0.5,hwindow_12h_highdim_extra_midp,2,0.05,1e-08,0.1,7.0,12
1000000,1000,0.001,0.0003,8,nl,128,0.5,hwindow_12h_highdim_extra_midp,2,0.1,1e-08,0.1,7.0,14
1000000,1000,0.001,0.0003,8,nl,128,0.5,hwindow_12h_highdim_extra_midp,2,0.5,1e-08,0.1,7.0,15
1000000,1000,0.001,0.0003,8,nl,128,0.5,hwindow_12h_highdim_extra_midp,2,1.0,1e-08,0.1,7.0,15
1000000,1000,0.001,0.0003,8,nl,128,0.5,hwindow_12h_highdim_extra_midp,4,0.01,1e-08,0.1,7.0,11
1000000,1000,0.001,0.0003,8,nl,128,0.5,hwindow_12h_highdim_extra_midp,4,0.05,1e-08,0.1,7.0,14
1000000,1000,0.001,0.0003,8,nl,128,0.5,hwindow_12h_highdim_extra_midp,4,0.1,1e-08,0.1,7.0,15
1000000,1000,0.001,0.0003,8,nl,128,0.5,hwindow_12h_highdim_extra_midp,4,0.5,1e-08,0.1,7.0,15
1000000,1000,0.001,0.0003,8,nl,128,0.5,hwindow_12h_highdim_extra_midp,4,1.0,1e-08,0.1,7.0,15
1000000,1000,0.001,0.0003,8,nl,128,0.5,hwindow_12h_highdim_extra_midp,8,0.01,1e-08,0.1,7.0,12
1000000,1000,0.001,0.0003,8,nl,128,0.5,hwindow_12h_highdim_extra_midp,8,0.05,1e-08,0.1,7.0,15
1000000,1000,0.001,0.0003,8,nl,128,0.5,hwindow_12h_highdim_extra_midp,8,0.1,1e-08,0.1,7.0,15
1000000,1000,0.001,0.0003,8,nl,128,0.5,hwindow_12h_highdim_extra_midp,8,0.5,1e-08,0.1,7.0,15
1000000,1000,0.001,0.0003,8,nl,128,0.5,hwindow_12h_highdim_extra_midp,8,1.0,1e-08,0.1,7.0,15
1000000,1000,0.001,0.0003,8,nl,128,0.5,hwindow_12h_highdim_extra_midp,16,0.01,1e-08,0.1,7.0,14
1000000,1000,0.001,0.0003,8,nl,128,0.5,hwindow_12h_highdim_extra_midp,16,0.05,1e-08,0.1,7.0,15
1000000,1000,0.001,0.0003,8,nl,128,0.5,hwindow_12h_highdim_extra_midp,16,0.1,1e-08,0.1,7.0,15
1000000,1000,0.001,0.0003,8,nl,128,0.5,hwindow_12h_highdim_extra_midp,16,0.5,1e-08,0.1,7.0,15
1000000,1000,0.001,0.0003,8,nl,128,0.5,hwindow_12h_highdim_extra_midp,16,1.0,1e-08,0.1,7.0,15
1000000,1000,0.001,0.003,4,nl,128,0.5,hwindow_12h_highdim_extra_midp,1,0.01,1e-08,0.1,7.0,11
1000000,1000,0.001,0.003,4,nl,128,0.5,hwindow_12h_highdim_extra_midp,1,0.05,1e-08,0.1,7.0,13
1000000,1000,0.001,0.003,4,nl,128,0.5,hwindow_12h_highdim_extra_midp,1,0.1,1e-08,0.1,7.0,15
1000000,1000,0.001,0.003,4,nl,128,0.5,hwindow_12h_highdim_extra_midp,1,0.5,1e-08,0.1,7.0,15
1000000,1000,0.001,0.003,4,nl,128,0.5,hwindow_12h_highdim_extra_midp,1,1.0,1e-08,0.1,7.0,15
1000000,1000,0.001,0.003,4,nl,128,0.5,hwindow_12h_highdim_extra_midp,2,0.01,1e-08,0.1,7.0,12
1000000,1000,0.001,0.003,4,nl,128,0.5,hwindow_12h_highdim_extra_midp,2,0.05,1e-08,0.1,7.0,15
1000000,1000,0.001,0.003,4,nl,128,0.5,hwindow_12h_highdim_extra_midp,2,0.1,1e-08,0.1,7.0,15
1000000,1000,0.001,0.003,4,nl,128,0.5,hwindow_12h_highdim_extra_midp,2,0.5,1e-08,0.1,7.0,15
1000000,1000,0.001,0.003,4,nl,128,0.5,hwindow_12h_highdim_extra_midp,2,1.0,1e-08,0.1,7.0,15
1000000,1000,0.001,0.003,4,nl,128,0.5,hwindow_12h_highdim_extra_midp,4,0.01,1e-08,0.1,7.0,13
1000000,1000,0.001,0.003,4,nl,128,0.5,hwindow_12h_highdim_extra_midp,4,0.05,1e-08,0.1,7.0,15
1000000,1000,0.001,0.003,4,nl,128,0.5,hwindow_12h_highdim_extra_midp,4,0.1,1e-08,0.1,7.0,15
1000000,1000,0.001,0.003,4,nl,128,0.5,hwindow_12h_highdim_extra_midp,4,0.5,1e-08,0.1,7.0,15
1000000,1000,0.001,0.003,4,nl,128,0.5,hwindow_12h_highdim_extra_midp,4,1.0,1e-08,0.1,7.0,15
1000000,1000,0.001,0.003,4,nl,128,0.5,hwindow_12h_highdim_extra_midp,8,0.01,1e-08,0.1,7.0,15
1000000,1000,0.001,0.003,4,nl,128,0.5,hwindow_12h_highdim_extra_midp,8,0.05,1e-08,0.1,7.0,15
1000000,1000,0.001,0.003,4,nl,128,0.5,hwindow_12h_highdim_extra_midp,8,0.1,1e-08,0.1,7.0,15
1000000,1000,0.001,0.003,4,nl,128,0.5,hwindow_12h_highdim_extra_midp,8,0.5,1e-08,0.1,7.0,15
1000000,1000,0.001,0.003,4,nl,128,0.5,hwindow_12h_highdim_extra_midp,8,1.0,1e-08,0.1,7.0,15
1000000,1000,0.001,0.003,4,nl,128,0.5,hwindow_12h_highdim_extra_midp,16,0.01,1e-08,0.1,7.0,15
1000000,1000,0.001,0.003,4,nl,128,0.5,hwindow_12h_highdim_extra_midp,16,0.05,1e-08,0.1,7.0,15
1000000,1000,0.001,0.003,4,nl,128,0.5,hwindow_12h_highdim_extra_midp,16,0.1,1e-08,0.1,7.0,15
1000000,1000,0.001,0.003,4,nl,128,0.5,hwindow_12h_highdim_extra_midp,16,0.5,1e-08,0.1,7.0,15
1000000,1000,0.001,0.003,4,nl,128,0.5,hwindow_12h_highdim_extra_midp,16,1.0,1e-08,0.1,7.0,15
1000000,1000,0.001,0.003,8,nl,128,0.5,hwindow_12h_highdim_extra_midp,1,0.01,1e-08,0.1,7.0,13
1000000,1000,0.001,0.003,8,nl,128,0.5,hwindow_12h_highdim_extra_midp,1,0.05,1e-08,0.1,7.0,15
1000000,1000,0.001,0.003,8,nl,128,0.5,hwindow_12h_highdim_extra_midp,1,0.1,1e-08,0.1,7.0,15
1000000,1000,0.001,0.003,8,nl,128,0.5,hwindow_12h_highdim_extra_midp,1,0.5,1e-08,0.1,7.0,15
1000000,1000,0.001,0.003,8,nl,128,0.5,hwindow_12h_highdim_extra_midp,1,1.0,1e-08,0.1,7.0,15
1000000,1000,0.001,0.003,8,nl,128,0.5,hwindow_12h_highdim_extra_midp,2,0.01,1e-08,0.1,7.0,14
1000000,1000,0.001,0.003,8,nl,128,0.5,hwindow_12h_highdim_extra_midp,2,0.05,1e-08,0.1,7.0,15
1000000,1000,0.001,0.003,8,nl,128,0.5,hwindow_12h_highdim_extra_midp,2,0.1,1e-08,0.1,7.0,15
1000000,1000,0.001,0.003,8,nl,128,0.5,hwindow_12h_highdim_extra_midp,2,0.5,1e-08,0.1,7.0,15
1000000,1000,0.001,0.003,8,nl,128,0.5,hwindow_12h_highdim_extra_midp,2,1.0,1e-08,0.1,7.0,15
1000000,1000,0.001,0.003,8,nl,128,0.5,hwindow_12h_highdim_extra_midp,4,0.01,1e-08,0.1,7.0,15
1000000,1000,0.001,0.003,8,nl,128,0.5,hwindow_12h_highdim_extra_midp,4,0.05,1e-08,0.1,7.0,15
1000000,1000,0.001,0.003,8,nl,128,0.5,hwindow_12h_highdim_extra_midp,4,0.1,1e-08,0.1,7.0,15
1000000,1000,0.001,0.003,8,nl,128,0.5,hwindow_12h_highdim_extra_midp,4,0.5,1e-08,0.1,7.0,15
1000000,1000,0.001,0.003,8,nl,128,0.5,hwindow_12h_highdim_extra_midp,4,1.0,1e-08,0.1,7.0,15
1000000,1000,0.001,0.003,8,nl,128,0.5,hwindow_12h_highdim_extra_midp,8,0.01,1e-08,0.1,7.0,15
1000000,1000,0.001,0.003,8,nl,128,0.5,hwindow_12h_highdim_extra_midp,8,0.05,1e-08,0.1,7.0,15
1000000,1000,0.001,0.003,8,nl,128,0.5,hwindow_12h_highdim_extra_midp,8,0.1,1e-08,0.1,7.0,15
1000000,1000,0.001,0.003,8,nl,128,0.5,hwindow_12h_highdim_extra_midp,8,0.5,1e-08,0.1,7.0,15
1000000,1000,0.001,0.003,8,nl,128,0.5,hwindow_12h_highdim_extra_midp,8,1.0,1e-08,0.1,7.0,15
1000000,1000,0.001,0.003,8,nl,128,0.5,hwindow_12h_highdim_extra_midp,16,0.01,1e-08,0.1,7.0,15
1000000,1000,0.001,0.003,8,nl,128,0.5,hwindow_12h_highdim_extra_midp,16,0.05,1e-08,0.1,7.0,15
1000000,1000,0.001,0.003,8,nl,128,0.5,hwindow_12h_highdim_extra_midp,16,0.1,1e-08,0.1,7.0,15
1000000,1000,0.001,0.003,8,nl,128,0.5,hwindow_12h_highdim_extra_midp,16,0.5,1e-08,0.1,7.0,15
1000000,1000,0.001,0.003,8,nl,128,0.5,hwindow_12h_highdim_extra_midp,16,1.0,1e-08,0.1,7.0,15
1000000,10000,0.01,1e-05,4,lin,128,0.0,main,1,0.01,3e-06,0.1,4.522878745280337,9
1000000,10000,0.01,1e-05,4,lin,128,0.0,main,1,0.05,3e-06,0.1,4.522878745280337,10
1000000,10000,0.01,1e-05,4,lin,128,0.0,main,1,0.1,1e-06,0.1,5.0,11
1000000,10000,0.01,1e-05,4,lin,128,0.0,main,1,0.5,1e-07,0.1,6.0,13
1000000,10000,0.01,1e-05,4,lin,128,0.0,main,1,1.0,3e-08,0.1,6.522878745280337,14
1000000,10000,0.01,1e-05,4,lin,128,0.0,main,2,0.01,3e-06,0.1,4.522878745280337,10
1000000,10000,0.01,1e-05,4,lin,128,0.0,main,2,0.05,1e-06,0.1,5.0,11
1000000,10000,0.01,1e-05,4,lin,128,0.0,main,2,0.1,3e-07,0.1,5.522878745280337,12
1000000,10000,0.01,1e-05,4,lin,128,0.0,main,2,0.5,3e-08,0.1,6.522878745280337,14
1000000,10000,0.01,1e-05,4,lin,128,0.0,main,2,1.0,1e-08,0.1,7.0,15
1000000,10000,0.01,1e-05,4,lin,128,0.0,main,4,0.01,3e-06,0.1,4.522878745280337,10
1000000,10000,0.01,1e-05,4,lin,128,0.0,main,4,0.05,3e-07,0.1,5.522878745280337,12
1000000,10000,0.01,1e-05,4,lin,128,0.0,main,4,0.1,1e-07,0.1,6.0,13
1000000,10000,0.01,1e-05,4,lin,128,0.0,main,4,0.5,1e-08,0.1,7.0,15
1000000,10000,0.01,1e-05,4,lin,128,0.0,main,4,1.0,1e-08,0.1,7.0,15
1000000,10000,0.01,1e-05,4,lin,128,0.0,main,8,0.01,1e-06,0.1,5.0,11
1000000,10000,0.01,1e-05,4,lin,128,0.0,main,8,0.05,1e-07,0.1,6.0,13
1000000,10000,0.01,1e-05,4,lin,128,0.0,main,8,0.1,1e-07,0.1,6.0,13
1000000,10000,0.01,1e-05,4,lin,128,0.0,main,8,0.5,1e-08,0.1,7.0,15
1000000,10000,0.01,1e-05,4,lin,128,0.0,main,8,1.0,1e-08,0.1,7.0,15
1000000,10000,0.01,1e-05,4,lin,128,0.0,main,16,0.01,3e-07,0.1,5.522878745280337,12
1000000,10000,0.01,1e-05,4,lin,128,0.0,main,16,0.05,1e-07,0.1,6.0,13
1000000,10000,0.01,1e-05,4,lin,128,0.0,main,16,0.1,1e-08,0.1,7.0,15
1000000,10000,0.01,1e-05,4,lin,128,0.0,main,16,0.5,1e-08,0.1,7.0,15
1000000,10000,0.01,1e-05,4,lin,128,0.0,main,16,1.0,1e-08,0.1,7.0,15
1000000,10000,0.01,1e-05,4,lin,128,1.0,main,1,0.01,3e-06,0.03,4.0,8
1000000,10000,0.01,1e-05,4,lin,128,1.0,main,1,0.05,3e-06,0.1,4.522878745280337,10
1000000,10000,0.01,1e-05,4,lin,128,1.0,main,1,0.1,3e-06,0.1,4.522878745280337,10
1000000,10000,0.01,1e-05,4,lin,128,1.0,main,1,0.5,3e-07,0.1,5.522878745280337,12
1000000,10000,0.01,1e-05,4,lin,128,1.0,main,1,1.0,1e-07,0.1,6.0,13
1000000,10000,0.01,1e-05,4,lin,128,1.0,main,2,0.01,3e-06,0.1,4.522878745280337,10
1000000,10000,0.01,1e-05,4,lin,128,1.0,main,2,0.05,3e-06,0.1,4.522878745280337,10
1000000,10000,0.01,1e-05,4,lin,128,1.0,main,2,0.1,1e-06,0.1,5.0,11
1000000,10000,0.01,1e-05,4,lin,128,1.0,main,2,0.5,1e-07,0.1,6.0,13
1000000,10000,0.01,1e-05,4,lin,128,1.0,main,2,1.0,1e-07,0.1,6.0,13
1000000,10000,0.01,1e-05,4,lin,128,1.0,main,4,0.01,3e-06,0.1,4.522878745280337,10
1000000,10000,0.01,1e-05,4,lin,128,1.0,main,4,0.05,1e-06,0.1,5.0,11
1000000,10000,0.01,1e-05,4,lin,128,1.0,main,4,0.1,3e-07,0.1,5.522878745280337,12
1000000,10000,0.01,1e-05,4,lin,128,1.0,main,4,0.5,1e-07,0.1,6.0,13
1000000,10000,0.01,1e-05,4,lin,128,1.0,main,4,1.0,3e-08,0.1,6.522878745280337,14
1000000,10000,0.01,1e-05,4,lin,128,1.0,main,8,0.01,3e-06,0.1,4.522878745280337,10
1000000,10000,0.01,1e-05,4,lin,128,1.0,main,8,0.05,3e-07,0.1,5.522878745280337,12
1000000,10000,0.01,1e-05,4,lin,128,1.0,main,8,0.1,1e-07,0.1,6.0,13
1000000,10000,0.01,1e-05,4,lin,128,1.0,main,8,0.5,3e-08,0.1,6.522878745280337,14
1000000,10000,0.01,1e-05,4,lin,128,1.0,main,8,1.0,3e-08,0.1,6.522878745280337,14
1000000,10000,0.01,1e-05,4,lin,128,1.0,main,16,0.01,1e-06,0.1,5.0,11
1000000,10000,0.01,1e-05,4,lin,128,1.0,main,16,0.05,1e-07,0.1,6.0,13
1000000,10000,0.01,1e-05,4,lin,128,1.0,main,16,0.1,1e-07,0.1,6.0,13
1000000,10000,0.01,1e-05,4,lin,128,1.0,main,16,0.5,3e-08,0.1,6.522878745280337,14
1000000,10000,0.01,1e-05,4,lin,128,1.0,main,16,1.0,1e-08,0.1,7.0,15
1000000,10000,0.01,1e-05,4,nl,128,0.0,main,1,0.01,3e-08,0.1,6.522878745280337,7
1000000,10000,0.01,1e-05,4,nl,128,0.0,main,1,0.05,1e-08,0.1,7.0,15
1000000,10000,0.01,1e-05,4,nl,128,0.0,main,1,0.1,1e-08,0.1,7.0,15
1000000,10000,0.01,1e-05,4,nl,128,0.0,main,1,0.5,1e-08,0.1,7.0,15
1000000,10000,0.01,1e-05,4,nl,128,0.0,main,1,1.0,1e-08,0.1,7.0,15
1000000,10000,0.01,1e-05,4,nl,128,0.0,main,2,0.01,3e-08,0.1,6.522878745280337,13
1000000,10000,0.01,1e-05,4,nl,128,0.0,main,2,0.05,1e-08,0.1,7.0,15
1000000,10000,0.01,1e-05,4,nl,128,0.0,main,2,0.1,1e-08,0.1,7.0,15
1000000,10000,0.01,1e-05,4,nl,128,0.0,main,2,0.5,1e-08,0.1,7.0,15
1000000,10000,0.01,1e-05,4,nl,128,0.0,main,2,1.0,1e-08,0.1,7.0,15
1000000,10000,0.01,1e-05,4,nl,128,0.0,main,4,0.01,1e-08,0.1,7.0,15
1000000,10000,0.01,1e-05,4,nl,128,0.0,main,4,0.05,1e-08,0.1,7.0,15
1000000,10000,0.01,1e-05,4,nl,128,0.0,main,4,0.1,1e-08,0.1,7.0,15
1000000,10000,0.01,1e-05,4,nl,128,0.0,main,4,0.5,1e-08,0.1,7.0,15
1000000,10000,0.01,1e-05,4,nl,128,0.0,main,4,1.0,1e-08,0.1,7.0,15
1000000,10000,0.01,1e-05,4,nl,128,0.0,main,8,0.01,1e-08,0.1,7.0,15
1000000,10000,0.01,1e-05,4,nl,128,0.0,main,8,0.05,1e-08,0.1,7.0,15
1000000,10000,0.01,1e-05,4,nl,128,0.0,main,8,0.1,1e-08,0.1,7.0,15
1000000,10000,0.01,1e-05,4,nl,128,0.0,main,8,0.5,1e-08,0.1,7.0,15
1000000,10000,0.01,1e-05,4,nl,128,0.0,main,8,1.0,1e-08,0.1,7.0,15
1000000,10000,0.01,1e-05,4,nl,128,0.0,main,16,0.01,1e-08,0.1,7.0,15
1000000,10000,0.01,1e-05,4,nl,128,0.0,main,16,0.05,1e-08,0.1,7.0,15
1000000,10000,0.01,1e-05,4,nl,128,0.0,main,16,0.1,1e-08,0.1,7.0,15
1000000,10000,0.01,1e-05,4,nl,128,0.0,main,16,0.5,1e-08,0.1,7.0,15
1000000,10000,0.01,1e-05,4,nl,128,0.0,main,16,1.0,1e-08,0.1,7.0,15
1000000,10000,0.01,1e-05,4,nl,128,1.0,main,1,0.01,3e-08,0.1,6.522878745280337,8
1000000,10000,0.01,1e-05,4,nl,128,1.0,main,1,0.05,1e-08,0.1,7.0,15
1000000,10000,0.01,1e-05,4,nl,128,1.0,main,1,0.1,1e-08,0.1,7.0,15
1000000,10000,0.01,1e-05,4,nl,128,1.0,main,1,0.5,1e-08,0.1,7.0,15
1000000,10000,0.01,1e-05,4,nl,128,1.0,main,1,1.0,1e-08,0.1,7.0,15
1000000,10000,0.01,1e-05,4,nl,128,1.0,main,2,0.01,1e-08,0.1,7.0,14
1000000,10000,0.01,1e-05,4,nl,128,1.0,main,2,0.05,1e-08,0.1,7.0,15
1000000,10000,0.01,1e-05,4,nl,128,1.0,main,2,0.1,1e-08,0.1,7.0,15
1000000,10000,0.01,1e-05,4,nl,128,1.0,main,2,0.5,1e-08,0.1,7.0,15
1000000,10000,0.01,1e-05,4,nl,128,1.0,main,2,1.0,1e-08,0.1,7.0,15
1000000,10000,0.01,1e-05,4,nl,128,1.0,main,4,0.01,1e-08,0.1,7.0,15
1000000,10000,0.01,1e-05,4,nl,128,1.0,main,4,0.05,1e-08,0.1,7.0,15
1000000,10000,0.01,1e-05,4,nl,128,1.0,main,4,0.1,1e-08,0.1,7.0,15
1000000,10000,0.01,1e-05,4,nl,128,1.0,main,4,0.5,1e-08,0.1,7.0,15
1000000,10000,0.01,1e-05,4,nl,128,1.0,main,4,1.0,1e-08,0.1,7.0,15
1000000,10000,0.01,1e-05,4,nl,128,1.0,main,8,0.01,1e-08,0.1,7.0,15
1000000,10000,0.01,1e-05,4,nl,128,1.0,main,8,0.05,1e-08,0.1,7.0,15
1000000,10000,0.01,1e-05,4,nl,128,1.0,main,8,0.1,1e-08,0.1,7.0,15
1000000,10000,0.01,1e-05,4,nl,128,1.0,main,8,0.5,1e-08,0.1,7.0,15
1000000,10000,0.01,1e-05,4,nl,128,1.0,main,8,1.0,1e-08,0.1,7.0,15
1000000,10000,0.01,1e-05,4,nl,128,1.0,main,16,0.01,1e-08,0.1,7.0,15
1000000,10000,0.01,1e-05,4,nl,128,1.0,main,16,0.05,1e-08,0.1,7.0,15
1000000,10000,0.01,1e-05,4,nl,128,1.0,main,16,0.1,1e-08,0.1,7.0,15
1000000,10000,0.01,1e-05,4,nl,128,1.0,main,16,0.5,1e-08,0.1,7.0,15
1000000,10000,0.01,1e-05,4,nl,128,1.0,main,16,1.0,1e-08,0.1,7.0,15
1000000,10000,0.01,1e-05,8,lin,128,0.0,main,1,0.01,3e-06,0.1,4.522878745280337,9
1000000,10000,0.01,1e-05,8,lin,128,0.0,main,1,0.05,1e-06,0.1,5.0,11
1000000,10000,0.01,1e-05,8,lin,128,0.0,main,1,0.1,1e-06,0.1,5.0,11
1000000,10000,0.01,1e-05,8,lin,128,0.0,main,1,0.5,1e-07,0.1,6.0,13
1000000,10000,0.01,1e-05,8,lin,128,0.0,main,1,1.0,1e-07,0.1,6.0,13
1000000,10000,0.01,1e-05,8,lin,128,0.0,main,2,0.01,3e-06,0.1,4.522878745280337,10
1000000,10000,0.01,1e-05,8,lin,128,0.0,main,2,0.05,1e-06,0.1,5.0,11
1000000,10000,0.01,1e-05,8,lin,128,0.0,main,2,0.1,1e-06,0.1,5.0,11
1000000,10000,0.01,1e-05,8,lin,128,0.0,main,2,0.5,1e-07,0.1,6.0,13
1000000,10000,0.01,1e-05,8,lin,128,0.0,main,2,1.0,1e-08,0.1,7.0,15
1000000,10000,0.01,1e-05,8,lin,128,0.0,main,4,0.01,1e-06,0.1,5.0,11
1000000,10000,0.01,1e-05,8,lin,128,0.0,main,4,0.05,1e-06,0.1,5.0,11
1000000,10000,0.01,1e-05,8,lin,128,0.0,main,4,0.1,3e-07,0.1,5.522878745280337,12
1000000,10000,0.01,1e-05,8,lin,128,0.0,main,4,0.5,1e-08,0.1,7.0,15
1000000,10000,0.01,1e-05,8,lin,128,0.0,main,4,1.0,1e-08,0.1,7.0,15
1000000,10000,0.01,1e-05,8,lin,128,0.0,main,8,0.01,1e-06,0.1,5.0,11
1000000,10000,0.01,1e-05,8,lin,128,0.0,main,8,0.05,3e-07,0.1,5.522878745280337,12
1000000,10000,0.01,1e-05,8,lin,128,0.0,main,8,0.1,1e-07,0.1,6.0,13
1000000,10000,0.01,1e-05,8,lin,128,0.0,main,8,0.5,1e-08,0.1,7.0,15
1000000,10000,0.01,1e-05,8,lin,128,0.0,main,8,1.0,1e-08,0.1,7.0,15
1000000,10000,0.01,1e-05,8,lin,128,0.0,main,16,0.01,1e-06,0.1,5.0,11
1000000,10000,0.01,1e-05,8,lin,128,0.0,main,16,0.05,1e-07,0.1,6.0,13
1000000,10000,0.01,1e-05,8,lin,128,0.0,main,16,0.1,3e-08,0.1,6.522878745280337,14
1000000,10000,0.01,1e-05,8,lin,128,0.0,main,16,0.5,1e-08,0.1,7.0,15
1000000,10000,0.01,1e-05,8,lin,128,0.0,main,16,1.0,1e-08,0.1,7.0,15
1000000,10000,0.01,1e-05,8,lin,128,1.0,main,1,0.01,1e-05,0.1,4.0,9
1000000,10000,0.01,1e-05,8,lin,128,1.0,main,1,0.05,1e-06,0.1,5.0,11
1000000,10000,0.01,1e-05,8,lin,128,1.0,main,1,0.1,1e-06,0.1,5.0,11
1000000,10000,0.01,1e-05,8,lin,128,1.0,main,1,0.5,3e-07,0.1,5.522878745280337,12
1000000,10000,0.01,1e-05,8,lin,128,1.0,main,1,1.0,1e-07,0.1,6.0,13
1000000,10000,0.01,1e-05,8,lin,128,1.0,main,2,0.01,3e-06,0.1,4.522878745280337,10
1000000,10000,0.01,1e-05,8,lin,128,1.0,main,2,0.05,1e-06,0.1,5.0,11
1000000,10000,0.01,1e-05,8,lin,128,1.0,main,2,0.1,1e-06,0.1,5.0,11
1000000,10000,0.01,1e-05,8,lin,128,1.0,main,2,0.5,1e-07,0.1,6.0,13
1000000,10000,0.01,1e-05,8,lin,128,1.0,main,2,1.0,1e-07,0.1,6.0,13
1000000,10000,0.01,1e-05,8,lin,128,1.0,main,4,0.01,1e-06,0.1,5.0,11
1000000,10000,0.01,1e-05,8,lin,128,1.0,main,4,0.05,1e-06,0.1,5.0,11
1000000,10000,0.01,1e-05,8,lin,128,1.0,main,4,0.1,3e-07,0.1,5.522878745280337,12
1000000,10000,0.01,1e-05,8,lin,128,1.0,main,4,0.5,1e-07,0.1,6.0,13
1000000,10000,0.01,1e-05,8,lin,128,1.0,main,4,1.0,1e-07,0.1,6.0,13
1000000,10000,0.01,1e-05,8,lin,128,1.0,main,8,0.01,1e-06,0.1,5.0,11
1000000,10000,0.01,1e-05,8,lin,128,1.0,main,8,0.05,3e-07,0.1,5.522878745280337,12
1000000,10000,0.01,1e-05,8,lin,128,1.0,main,8,0.1,1e-07,0.1,6.0,13
1000000,10000,0.01,1e-05,8,lin,128,1.0,main,8,0.5,1e-07,0.1,6.0,13
1000000,10000,0.01,1e-05,8,lin,128,1.0,main,8,1.0,1e-08,0.1,7.0,15
1000000,10000,0.01,1e-05,8,lin,128,1.0,main,16,0.01,1e-06,0.1,5.0,11
1000000,10000,0.01,1e-05,8,lin,128,1.0,main,16,0.05,1e-07,0.1,6.0,13
1000000,10000,0.01,1e-05,8,lin,128,1.0,main,16,0.1,1e-07,0.1,6.0,13
1000000,10000,0.01,1e-05,8,lin,128,1.0,main,16,0.5,1e-08,0.1,7.0,15
1000000,10000,0.01,1e-05,8,lin,128,1.0,main,16,1.0,1e-08,0.1,7.0,15
1000000,10000,0.01,1e-05,8,nl,128,0.0,main,1,0.01,3e-05,0.1,3.5228787452803374,7
1000000,10000,0.01,1e-05,8,nl,128,0.0,main,1,0.05,1e-05,0.1,4.0,9
1000000,10000,0.01,1e-05,8,nl,128,0.0,main,1,0.1,3e-06,0.1,4.522878745280337,10
1000000,10000,0.01,1e-05,8,nl,128,0.0,main,1,0.5,1e-06,0.1,5.0,11
1000000,10000,0.01,1e-05,8,nl,128,0.0,main,1,1.0,3e-07,0.1,5.522878745280337,12
1000000,10000,0.01,1e-05,8,nl,128,0.0,main,2,0.01,3e-05,0.1,3.5228787452803374,8
1000000,10000,0.01,1e-05,8,nl,128,0.0,main,2,0.05,3e-06,0.1,4.522878745280337,10
1000000,10000,0.01,1e-05,8,nl,128,0.0,main,2,0.1,3e-06,0.1,4.522878745280337,10
1000000,10000,0.01,1e-05,8,nl,128,0.0,main,2,0.5,3e-07,0.1,5.522878745280337,12
1000000,10000,0.01,1e-05,8,nl,128,0.0,main,2,1.0,3e-08,0.1,6.522878745280337,14
1000000,10000,0.01,1e-05,8,nl,128,0.0,main,4,0.01,1e-05,0.1,4.0,9
1000000,10000,0.01,1e-05,8,nl,128,0.0,main,4,0.05,3e-06,0.1,4.522878745280337,10
1000000,10000,0.01,1e-05,8,nl,128,0.0,main,4,0.1,1e-06,0.1,5.0,11
1000000,10000,0.01,1e-05,8,nl,128,0.0,main,4,0.5,3e-08,0.1,6.522878745280337,14
1000000,10000,0.01,1e-05,8,nl,128,0.0,main,4,1.0,3e-08,0.1,6.522878745280337,14
1000000,10000,0.01,1e-05,8,nl,128,0.0,main,8,0.01,3e-06,0.1,4.522878745280337,10
1000000,10000,0.01,1e-05,8,nl,128,0.0,main,8,0.05,1e-06,0.1,5.0,11
1000000,10000,0.01,1e-05,8,nl,128,0.0,main,8,0.1,3e-07,0.1,5.522878745280337,12
1000000,10000,0.01,1e-05,8,nl,128,0.0,main,8,0.5,3e-08,0.1,6.522878745280337,14
1000000,10000,0.01,1e-05,8,nl,128,0.0,main,8,1.0,3e-08,0.1,6.522878745280337,14
1000000,10000,0.01,1e-05,8,nl,128,0.0,main,16,0.01,3e-06,0.1,4.522878745280337,10
1000000,10000,0.01,1e-05,8,nl,128,0.0,main,16,0.05,3e-07,0.1,5.522878745280337,12
1000000,10000,0.01,1e-05,8,nl,128,0.0,main,16,0.1,3e-08,0.1,6.522878745280337,14
1000000,10000,0.01,1e-05,8,nl,128,0.0,main,16,0.5,3e-08,0.1,6.522878745280337,14
1000000,10000,0.01,1e-05,8,nl,128,0.0,main,16,1.0,1e-08,0.1,7.0,15
1000000,10000,0.01,1e-05,8,nl,128,1.0,main,1,0.01,3e-05,0.1,3.5228787452803374,8
1000000,10000,0.01,1e-05,8,nl,128,1.0,main,1,0.05,1e-05,0.1,4.0,9
1000000,10000,0.01,1e-05,8,nl,128,1.0,main,1,0.1,1e-05,0.1,4.0,9
1000000,10000,0.01,1e-05,8,nl,128,1.0,main,1,0.5,1e-06,0.1,5.0,11
1000000,10000,0.01,1e-05,8,nl,128,1.0,main,1,1.0,3e-07,0.1,5.522878745280337,12
1000000,10000,0.01,1e-05,8,nl,128,1.0,main,2,0.01,3e-05,0.1,3.5228787452803374,8
1000000,10000,0.01,1e-05,8,nl,128,1.0,main,2,0.05,1e-05,0.1,4.0,9
1000000,10000,0.01,1e-05,8,nl,128,1.0,main,2,0.1,1e-06,0.1,5.0,11
1000000,10000,0.01,1e-05,8,nl,128,1.0,main,2,0.5,3e-07,0.1,5.522878745280337,12
1000000,10000,0.01,1e-05,8,nl,128,1.0,main,2,1.0,1e-07,0.1,6.0,13
1000000,10000,0.01,1e-05,8,nl,128,1.0,main,4,0.01,1e-05,0.1,4.0,9
1000000,10000,0.01,1e-05,8,nl,128,1.0,main,4,0.05,1e-06,0.1,5.0,11
1000000,10000,0.01,1e-05,8,nl,128,1.0,main,4,0.1,1e-06,0.1,5.0,11
1000000,10000,0.01,1e-05,8,nl,128,1.0,main,4,0.5,1e-07,0.1,6.0,13
1000000,10000,0.01,1e-05,8,nl,128,1.0,main,4,1.0,3e-08,0.1,6.522878745280337,14
1000000,10000,0.01,1e-05,8,nl,128,1.0,main,8,0.01,1e-05,0.1,4.0,9
1000000,10000,0.01,1e-05,8,nl,128,1.0,main,8,0.05,1e-06,0.1,5.0,11
1000000,10000,0.01,1e-05,8,nl,128,1.0,main,8,0.1,3e-07,0.1,5.522878745280337,12
1000000,10000,0.01,1e-05,8,nl,128,1.0,main,8,0.5,3e-08,0.1,6.522878745280337,14
1000000,10000,0.01,1e-05,8,nl,128,1.0,main,8,1.0,3e-08,0.1,6.522878745280337,14
1000000,10000,0.01,1e-05,8,nl,128,1.0,main,16,0.01,3e-06,0.1,4.522878745280337,10
1000000,10000,0.01,1e-05,8,nl,128,1.0,main,16,0.05,3e-07,0.1,5.522878745280337,12
1000000,10000,0.01,1e-05,8,nl,128,1.0,main,16,0.1,1e-07,0.1,6.0,13
1000000,10000,0.01,1e-05,8,nl,128,1.0,main,16,0.5,3e-08,0.1,6.522878745280337,14
1000000,10000,0.01,1e-05,8,nl,128,1.0,main,16,1.0,3e-08,0.1,6.522878745280337,14
1000000,10000,0.01,0.0001,4,lin,128,0.0,main,1,0.01,3e-05,0.03,3.0,6
1000000,10000,0.01,0.0001,4,lin,128,0.0,main,1,0.05,1e-05,0.1,4.0,9
1000000,10000,0.01,0.0001,4,lin,128,0.0,main,1,0.1,3e-06,0.1,4.522878745280337,10
1000000,10000,0.01,0.0001,4,lin,128,0.0,main,1,0.5,1e-06,0.1,5.0,11
1000000,10000,0.01,0.0001,4,lin,128,0.0,main,1,1.0,3e-07,0.1,5.522878745280337,12
1000000,10000,0.01,0.0001,4,lin,128,0.0,main,2,0.01,3e-05,0.1,3.5228787452803374,8
1000000,10000,0.01,0.0001,4,lin,128,0.0,main,2,0.05,3e-06,0.1,4.522878745280337,10
1000000,10000,0.01,0.0001,4,lin,128,0.0,main,2,0.1,1e-06,0.1,5.0,11
1000000,10000,0.01,0.0001,4,lin,128,0.0,main,2,0.5,3e-07,0.1,5.522878745280337,12
1000000,10000,0.01,0.0001,4,lin,128,0.0,main,2,1.0,3e-07,0.1,5.522878745280337,12
1000000,10000,0.01,0.0001,4,lin,128,0.0,main,4,0.01,1e-05,0.1,4.0,9
1000000,10000,0.01,0.0001,4,lin,128,0.0,main,4,0.05,1e-06,0.1,5.0,11
1000000,10000,0.01,0.0001,4,lin,128,0.0,main,4,0.1,1e-06,0.1,5.0,11
1000000,10000,0.01,0.0001,4,lin,128,0.0,main,4,0.5,3e-07,0.1,5.522878745280337,12
1000000,10000,0.01,0.0001,4,lin,128,0.0,main,4,1.0,3e-07,0.1,5.522878745280337,12
1000000,10000,0.01,0.0001,4,lin,128,0.0,main,8,0.01,3e-06,0.1,4.522878745280337,10
1000000,10000,0.01,0.0001,4,lin,128,0.0,main,8,0.05,1e-06,0.1,5.0,11
1000000,10000,0.01,0.0001,4,lin,128,0.0,main,8,0.1,1e-06,0.1,5.0,11
1000000,10000,0.01,0.0001,4,lin,128,0.0,main,8,0.5,3e-07,0.1,5.522878745280337,12
1000000,10000,0.01,0.0001,4,lin,128,0.0,main,8,1.0,1e-07,0.1,6.0,13
1000000,10000,0.01,0.0001,4,lin,128,0.0,main,16,0.01,1e-06,0.1,5.0,11
1000000,10000,0.01,0.0001,4,lin,128,0.0,main,16,0.05,1e-06,0.1,5.0,11
1000000,10000,0.01,0.0001,4,lin,128,0.0,main,16,0.1,3e-07,0.1,5.522878745280337,12
1000000,10000,0.01,0.0001,4,lin,128,0.0,main,16,0.5,1e-07,0.1,6.0,13
1000000,10000,0.01,0.0001,4,lin,128,0.0,main,16,1.0,1e-08,0.1,7.0,14
1000000,10000,0.01,0.0001,4,lin,128,1.0,main,1,0.01,3e-05,0.03,3.0,7
1000000,10000,0.01,0.0001,4,lin,128,1.0,main,1,0.05,3e-05,0.1,3.5228787452803374,8
1000000,10000,0.01,0.0001,4,lin,128,1.0,main,1,0.1,1e-05,0.1,4.0,9
1000000,10000,0.01,0.0001,4,lin,128,1.0,main,1,0.5,3e-06,0.1,4.522878745280337,10
1000000,10000,0.01,0.0001,4,lin,128,1.0,main,1,1.0,1e-08,0.1,7.0,12
1000000,10000,0.01,0.0001,4,lin,128,1.0,main,2,0.01,3e-05,0.1,3.5228787452803374,8
1000000,10000,0.01,0.0001,4,lin,128,1.0,main,2,0.05,1e-05,0.1,4.0,9
1000000,10000,0.01,0.0001,4,lin,128,1.0,main,2,0.1,3e-06,0.1,4.522878745280337,10
1000000,10000,0.01,0.0001,4,lin,128,1.0,main,2,0.5,1e-08,0.1,7.0,12
1000000,10000,0.01,0.0001,4,lin,128,1.0,main,2,1.0,1e-08,0.1,7.0,12
1000000,10000,0.01,0.0001,4,lin,128,1.0,main,4,0.01,3e-05,0.1,3.5228787452803374,8
1000000,10000,0.01,0.0001,4,lin,128,1.0,main,4,0.05,3e-06,0.1,4.522878745280337,10
1000000,10000,0.01,0.0001,4,lin,128,1.0,main,4,0.1,3e-06,0.1,4.522878745280337,10
1000000,10000,0.01,0.0001,4,lin,128,1.0,main,4,0.5,1e-08,0.1,7.0,12
1000000,10000,0.01,0.0001,4,lin,128,1.0,main,4,1.0,1e-08,0.1,7.0,14
1000000,10000,0.01,0.0001,4,lin,128,1.0,main,8,0.01,1e-05,0.1,4.0,9
1000000,10000,0.01,0.0001,4,lin,128,1.0,main,8,0.05,3e-06,0.1,4.522878745280337,10
1000000,10000,0.01,0.0001,4,lin,128,1.0,main,8,0.1,1e-08,0.1,7.0,12
1000000,10000,0.01,0.0001,4,lin,128,1.0,main,8,0.5,1e-08,0.1,7.0,14
1000000,10000,0.01,0.0001,4,lin,128,1.0,main,8,1.0,1e-08,0.1,7.0,15
1000000,10000,0.01,0.0001,4,lin,128,1.0,main,16,0.01,3e-06,0.1,4.522878745280337,10
1000000,10000,0.01,0.0001,4,lin,128,1.0,main,16,0.05,1e-08,0.1,7.0,12
1000000,10000,0.01,0.0001,4,lin,128,1.0,main,16,0.1,1e-08,0.1,7.0,12
1000000,10000,0.01,0.0001,4,lin,128,1.0,main,16,0.5,1e-08,0.1,7.0,15
1000000,10000,0.01,0.0001,4,lin,128,1.0,main,16,1.0,1e-08,0.1,7.0,15
1000000,10000,0.01,0.0001,4,nl,128,0.0,main,1,0.01,0.0001,0.1,3.0,5
1000000,10000,0.01,0.0001,4,nl,128,0.0,main,1,0.05,1e-05,0.1,4.0,9
1000000,10000,0.01,0.0001,4,nl,128,0.0,main,1,0.1,1e-05,0.1,4.0,9
1000000,10000,0.01,0.0001,4,nl,128,0.0,main,1,0.5,1e-06,0.1,5.0,11
1000000,10000,0.01,0.0001,4,nl,128,0.0,main,1,1.0,1e-06,0.1,5.0,11
1000000,10000,0.01,0.0001,4,nl,128,0.0,main,2,0.01,3e-05,0.1,3.5228787452803374,8
1000000,10000,0.01,0.0001,4,nl,128,0.0,main,2,0.05,1e-05,0.1,4.0,9
1000000,10000,0.01,0.0001,4,nl,128,0.0,main,2,0.1,3e-06,0.1,4.522878745280337,10
1000000,10000,0.01,0.0001,4,nl,128,0.0,main,2,0.5,1e-06,0.1,5.0,11
1000000,10000,0.01,0.0001,4,nl,128,0.0,main,2,1.0,3e-07,0.1,5.522878745280337,12
1000000,10000,0.01,0.0001,4,nl,128,0.0,main,4,0.01,3e-05,0.1,3.5228787452803374,8
1000000,10000,0.01,0.0001,4,nl,128,0.0,main,4,0.05,3e-06,0.1,4.522878745280337,10
1000000,10000,0.01,0.0001,4,nl,128,0.0,main,4,0.1,1e-06,0.1,5.0,11
1000000,10000,0.01,0.0001,4,nl,128,0.0,main,4,0.5,3e-07,0.1,5.522878745280337,12
1000000,10000,0.01,0.0001,4,nl,128,0.0,main,4,1.0,3e-07,0.1,5.522878745280337,12
1000000,10000,0.01,0.0001,4,nl,128,0.0,main,8,0.01,1e-05,0.1,4.0,9
1000000,10000,0.01,0.0001,4,nl,128,0.0,main,8,0.05,1e-06,0.1,5.0,11
1000000,10000,0.01,0.0001,4,nl,128,0.0,main,8,0.1,1e-06,0.1,5.0,11
1000000,10000,0.01,0.0001,4,nl,128,0.0,main,8,0.5,3e-07,0.1,5.522878745280337,12
1000000,10000,0.01,0.0001,4,nl,128,0.0,main,8,1.0,1e-07,0.1,6.0,13
1000000,10000,0.01,0.0001,4,nl,128,0.0,main,16,0.01,1e-05,0.1,4.0,9
1000000,10000,0.01,0.0001,4,nl,128,0.0,main,16,0.05,1e-06,0.1,5.0,11
1000000,10000,0.01,0.0001,4,nl,128,0.0,main,16,0.1,1e-06,0.1,5.0,11
1000000,10000,0.01,0.0001,4,nl,128,0.0,main,16,0.5,1e-07,0.1,6.0,13
1000000,10000,0.01,0.0001,4,nl,128,0.0,main,16,1.0,1e-07,0.1,6.0,13
1000000,10000,0.01,0.0001,4,nl,128,1.0,main,1,0.01,3e-05,0.03,3.0,7
1000000,10000,0.01,0.0001,4,nl,128,1.0,main,1,0.05,3e-05,0.1,3.5228787452803374,8
1000000,10000,0.01,0.0001,4,nl,128,1.0,main,1,0.1,1e-05,0.1,4.0,9
1000000,10000,0.01,0.0001,4,nl,128,1.0,main,1,0.5,3e-06,0.1,4.522878745280337,10
1000000,10000,0.01,0.0001,4,nl,128,1.0,main,1,1.0,1e-08,0.1,7.0,13
1000000,10000,0.01,0.0001,4,nl,128,1.0,main,2,0.01,3e-05,0.1,3.5228787452803374,8
1000000,10000,0.01,0.0001,4,nl,128,1.0,main,2,0.05,1e-05,0.1,4.0,9
1000000,10000,0.01,0.0001,4,nl,128,1.0,main,2,0.1,3e-06,0.1,4.522878745280337,10
1000000,10000,0.01,0.0001,4,nl,128,1.0,main,2,0.5,1e-08,0.1,7.0,13
1000000,10000,0.01,0.0001,4,nl,128,1.0,main,2,1.0,1e-08,0.1,7.0,14
1000000,10000,0.01,0.0001,4,nl,128,1.0,main,4,0.01,3e-05,0.1,3.5228787452803374,8
1000000,10000,0.01,0.0001,4,nl,128,1.0,main,4,0.05,3e-06,0.1,4.522878745280337,10
1000000,10000,0.01,0.0001,4,nl,128,1.0,main,4,0.1,3e-06,0.1,4.522878745280337,10
1000000,10000,0.01,0.0001,4,nl,128,1.0,main,4,0.5,1e-08,0.1,7.0,14
1000000,10000,0.01,0.0001,4,nl,128,1.0,main,4,1.0,1e-08,0.1,7.0,15
1000000,10000,0.01,0.0001,4,nl,128,1.0,main,8,0.01,3e-05,0.1,3.5228787452803374,8
1000000,10000,0.01,0.0001,4,nl,128,1.0,main,8,0.05,3e-06,0.1,4.522878745280337,10
1000000,10000,0.01,0.0001,4,nl,128,1.0,main,8,0.1,1e-08,0.1,7.0,11
1000000,10000,0.01,0.0001,4,nl,128,1.0,main,8,0.5,1e-08,0.1,7.0,15
1000000,10000,0.01,0.0001,4,nl,128,1.0,main,8,1.0,1e-08,0.1,7.0,15
1000000,10000,0.01,0.0001,4,nl,128,1.0,main,16,0.01,1e-05,0.1,4.0,9
1000000,10000,0.01,0.0001,4,nl,128,1.0,main,16,0.05,1e-08,0.1,7.0,11
1000000,10000,0.01,0.0001,4,nl,128,1.0,main,16,0.1,1e-08,0.1,7.0,14
1000000,10000,0.01,0.0001,4,nl,128,1.0,main,16,0.5,1e-08,0.1,7.0,15
1000000,10000,0.01,0.0001,4,nl,128,1.0,main,16,1.0,1e-08,0.1,7.0,15
1000000,10000,0.01,0.0001,8,lin,128,0.0,main,1,0.01,3e-05,0.03,3.0,7
1000000,10000,0.01,0.0001,8,lin,128,0.0,main,1,0.05,1e-05,0.1,4.0,9
1000000,10000,0.01,0.0001,8,lin,128,0.0,main,1,0.1,3e-06,0.1,4.522878745280337,10
1000000,10000,0.01,0.0001,8,lin,128,0.0,main,1,0.5,1e-06,0.1,5.0,11
1000000,10000,0.01,0.0001,8,lin,128,0.0,main,1,1.0,3e-07,0.1,5.522878745280337,12
1000000,10000,0.01,0.0001,8,lin,128,0.0,main,2,0.01,3e-05,0.1,3.5228787452803374,8
1000000,10000,0.01,0.0001,8,lin,128,0.0,main,2,0.05,3e-06,0.1,4.522878745280337,10
1000000,10000,0.01,0.0001,8,lin,128,0.0,main,2,0.1,3e-06,0.1,4.522878745280337,10
1000000,10000,0.01,0.0001,8,lin,128,0.0,main,2,0.5,3e-07,0.1,5.522878745280337,12
1000000,10000,0.01,0.0001,8,lin,128,0.0,main,2,1.0,3e-07,0.1,5.522878745280337,12
1000000,10000,0.01,0.0001,8,lin,128,0.0,main,4,0.01,3e-05,0.1,3.5228787452803374,8
1000000,10000,0.01,0.0001,8,lin,128,0.0,main,4,0.05,3e-06,0.1,4.522878745280337,10
1000000,10000,0.01,0.0001,8,lin,128,0.0,main,4,0.1,3e-06,0.1,4.522878745280337,10
1000000,10000,0.01,0.0001,8,lin,128,0.0,main,4,0.5,3e-07,0.1,5.522878745280337,12
1000000,10000,0.01,0.0001,8,lin,128,0.0,main,4,1.0,3e-07,0.1,5.522878745280337,12
1000000,10000,0.01,0.0001,8,lin,128,0.0,main,8,0.01,1e-05,0.1,4.0,9
1000000,10000,0.01,0.0001,8,lin,128,0.0,main,8,0.05,3e-06,0.1,4.522878745280337,10
1000000,10000,0.01,0.0001,8,lin,128,0.0,main,8,0.1,3e-07,0.1,5.522878745280337,12
1000000,10000,0.01,0.0001,8,lin,128,0.0,main,8,0.5,3e-07,0.1,5.522878745280337,12
1000000,10000,0.01,0.0001,8,lin,128,0.0,main,8,1.0,1e-07,0.1,6.0,13
1000000,10000,0.01,0.0001,8,lin,128,0.0,main,16,0.01,3e-06,0.1,4.522878745280337,10
1000000,10000,0.01,0.0001,8,lin,128,0.0,main,16,0.05,3e-07,0.1,5.522878745280337,12
1000000,10000,0.01,0.0001,8,lin,128,0.0,main,16,0.1,3e-07,0.1,5.522878745280337,12
1000000,10000,0.01,0.0001,8,lin,128,0.0,main,16,0.5,1e-07,0.1,6.0,13
1000000,10000,0.01,0.0001,8,lin,128,0.0,main,16,1.0,1e-08,0.1,7.0,14
1000000,10000,0.01,0.0001,8,lin,128,1.0,main,1,0.01,0.0001,0.03,2.4771212547196626,6
1000000,10000,0.01,0.0001,8,lin,128,1.0,main,1,0.05,1e-05,0.1,4.0,9
1000000,10000,0.01,0.0001,8,lin,128,1.0,main,1,0.1,1e-05,0.1,4.0,9
1000000,10000,0.01,0.0001,8,lin,128,1.0,main,1,0.5,1e-06,0.1,5.0,11
1000000,10000,0.01,0.0001,8,lin,128,1.0,main,1,1.0,1e-06,0.1,5.0,11
1000000,10000,0.01,0.0001,8,lin,128,1.0,main,2,0.01,3e-05,0.1,3.5228787452803374,8
1000000,10000,0.01,0.0001,8,lin,128,1.0,main,2,0.05,1e-05,0.1,4.0,9
1000000,10000,0.01,0.0001,8,lin,128,1.0,main,2,0.1,3e-06,0.1,4.522878745280337,10
1000000,10000,0.01,0.0001,8,lin,128,1.0,main,2,0.5,1e-06,0.1,5.0,11
1000000,10000,0.01,0.0001,8,lin,128,1.0,main,2,1.0,1e-06,0.1,5.0,11
1000000,10000,0.01,0.0001,8,lin,128,1.0,main,4,0.01,1e-05,0.1,4.0,9
1000000,10000,0.01,0.0001,8,lin,128,1.0,main,4,0.05,3e-06,0.1,4.522878745280337,10
1000000,10000,0.01,0.0001,8,lin,128,1.0,main,4,0.1,3e-06,0.1,4.522878745280337,10
1000000,10000,0.01,0.0001,8,lin,128,1.0,main,4,0.5,1e-06,0.1,5.0,11
1000000,10000,0.01,0.0001,8,lin,128,1.0,main,4,1.0,1e-07,0.1,6.0,13
1000000,10000,0.01,0.0001,8,lin,128,1.0,main,8,0.01,1e-05,0.1,4.0,9
1000000,10000,0.01,0.0001,8,lin,128,1.0,main,8,0.05,3e-06,0.1,4.522878745280337,10
1000000,10000,0.01,0.0001,8,lin,128,1.0,main,8,0.1,1e-06,0.1,5.0,11
1000000,10000,0.01,0.0001,8,lin,128,1.0,main,8,0.5,1e-07,0.1,6.0,13
1000000,10000,0.01,0.0001,8,lin,128,1.0,main,8,1.0,1e-08,0.1,7.0,14
1000000,10000,0.01,0.0001,8,lin,128,1.0,main,16,0.01,3e-06,0.1,4.522878745280337,10
1000000,10000,0.01,0.0001,8,lin,128,1.0,main,16,0.05,1e-06,0.1,5.0,11
1000000,10000,0.01,0.0001,8,lin,128,1.0,main,16,0.1,1e-06,0.1,5.0,11
1000000,10000,0.01,0.0001,8,lin,128,1.0,main,16,0.5,1e-08,0.1,7.0,14
1000000,10000,0.01,0.0001,8,lin,128,1.0,main,16,1.0,1e-08,0.1,7.0,14
1000000,10000,0.01,0.0001,8,nl,128,0.0,main,1,0.01,1e-08,0.1,7.0,8
1000000,10000,0.01,0.0001,8,nl,128,0.0,main,1,0.05,1e-08,0.1,7.0,10
1000000,10000,0.01,0.0001,8,nl,128,0.0,main,1,0.1,1e-08,0.1,7.0,12
1000000,10000,0.01,0.0001,8,nl,128,0.0,main,1,0.5,1e-08,0.1,7.0,12
1000000,10000,0.01,0.0001,8,nl,128,0.0,main,1,1.0,1e-08,0.1,7.0,14
1000000,10000,0.01,0.0001,8,nl,128,0.0,main,2,0.01,1e-08,0.1,7.0,10
1000000,10000,0.01,0.0001,8,nl,128,0.0,main,2,0.05,1e-08,0.1,7.0,12
1000000,10000,0.01,0.0001,8,nl,128,0.0,main,2,0.1,1e-08,0.1,7.0,12
1000000,10000,0.01,0.0001,8,nl,128,0.0,main,2,0.5,1e-08,0.1,7.0,14
1000000,10000,0.01,0.0001,8,nl,128,0.0,main,2,1.0,1e-08,0.1,7.0,14
1000000,10000,0.01,0.0001,8,nl,128,0.0,main,4,0.01,1e-08,0.1,7.0,10
1000000,10000,0.01,0.0001,8,nl,128,0.0,main,4,0.05,1e-08,0.1,7.0,12
1000000,10000,0.01,0.0001,8,nl,128,0.0,main,4,0.1,1e-08,0.1,7.0,12
1000000,10000,0.01,0.0001,8,nl,128,0.0,main,4,0.5,1e-08,0.1,7.0,14
1000000,10000,0.01,0.0001,8,nl,128,0.0,main,4,1.0,1e-08,0.1,7.0,15
1000000,10000,0.01,0.0001,8,nl,128,0.0,main,8,0.01,1e-08,0.1,7.0,12
1000000,10000,0.01,0.0001,8,nl,128,0.0,main,8,0.05,1e-08,0.1,7.0,12
1000000,10000,0.01,0.0001,8,nl,128,0.0,main,8,0.1,1e-08,0.1,7.0,13
1000000,10000,0.01,0.0001,8,nl,128,0.0,main,8,0.5,1e-08,0.1,7.0,15
1000000,10000,0.01,0.0001,8,nl,128,0.0,main,8,1.0,1e-08,0.1,7.0,15
1000000,10000,0.01,0.0001,8,nl,128,0.0,main,16,0.01,1e-08,0.1,7.0,12
1000000,10000,0.01,0.0001,8,nl,128,0.0,main,16,0.05,1e-08,0.1,7.0,13
1000000,10000,0.01,0.0001,8,nl,128,0.0,main,16,0.1,1e-08,0.1,7.0,14
1000000,10000,0.01,0.0001,8,nl,128,0.0,main,16,0.5,1e-08,0.1,7.0,15
1000000,10000,0.01,0.0001,8,nl,128,0.0,main,16,1.0,1e-08,0.1,7.0,15
1000000,10000,0.01,0.0001,8,nl,128,1.0,main,1,0.01,0.0001,0.03,2.4771212547196626,6
1000000,10000,0.01,0.0001,8,nl,128,1.0,main,1,0.05,0.0001,0.1,3.0,7
1000000,10000,0.01,0.0001,8,nl,128,1.0,main,1,0.1,0.0001,0.1,3.0,7
1000000,10000,0.01,0.0001,8,nl,128,1.0,main,1,0.5,3e-05,0.1,3.5228787452803374,8
1000000,10000,0.01,0.0001,8,nl,128,1.0,main,1,1.0,1e-05,0.1,4.0,9
1000000,10000,0.01,0.0001,8,nl,128,1.0,main,2,0.01,0.0001,0.1,3.0,7
1000000,10000,0.01,0.0001,8,nl,128,1.0,main,2,0.05,0.0001,0.1,3.0,7
1000000,10000,0.01,0.0001,8,nl,128,1.0,main,2,0.1,3e-05,0.1,3.5228787452803374,8
1000000,10000,0.01,0.0001,8,nl,128,1.0,main,2,0.5,1e-05,0.1,4.0,9
1000000,10000,0.01,0.0001,8,nl,128,1.0,main,2,1.0,1e-05,0.1,4.0,9
1000000,10000,0.01,0.0001,8,nl,128,1.0,main,4,0.01,0.0001,0.1,3.0,7
1000000,10000,0.01,0.0001,8,nl,128,1.0,main,4,0.05,3e-05,0.1,3.5228787452803374,8
1000000,10000,0.01,0.0001,8,nl,128,1.0,main,4,0.1,3e-05,0.1,3.5228787452803374,8
1000000,10000,0.01,0.0001,8,nl,128,1.0,main,4,0.5,1e-05,0.1,4.0,9
1000000,10000,0.01,0.0001,8,nl,128,1.0,main,4,1.0,1e-05,0.1,4.0,9
1000000,10000,0.01,0.0001,8,nl,128,1.0,main,8,0.01,0.0001,0.1,3.0,7
1000000,10000,0.01,0.0001,8,nl,128,1.0,main,8,0.05,3e-05,0.1,3.5228787452803374,8
1000000,10000,0.01,0.0001,8,nl,128,1.0,main,8,0.1,3e-05,0.1,3.5228787452803374,8
1000000,10000,0.01,0.0001,8,nl,128,1.0,main,8,0.5,1e-05,0.1,4.0,9
1000000,10000,0.01,0.0001,8,nl,128,1.0,main,8,1.0,3e-08,0.1,6.522878745280337,11
1000000,10000,0.01,0.0001,8,nl,128,1.0,main,16,0.01,3e-05,0.1,3.5228787452803374,8
1000000,10000,0.01,0.0001,8,nl,128,1.0,main,16,0.05,3e-05,0.1,3.5228787452803374,8
1000000,10000,0.01,0.0001,8,nl,128,1.0,main,16,0.1,1e-05,0.1,4.0,9
1000000,10000,0.01,0.0001,8,nl,128,1.0,main,16,0.5,3e-08,0.1,6.522878745280337,11
1000000,10000,0.01,0.0001,8,nl,128,1.0,main,16,1.0,1e-08,0.1,7.0,12
1000000,10000,0.01,0.001,4,lin,128,0.0,main,1,0.01,0.0003,0.03,2.0,5
1000000,10000,0.01,0.001,4,lin,128,0.0,main,1,0.05,1e-08,0.1,7.0,8
1000000,10000,0.01,0.001,4,lin,128,0.0,main,1,0.1,1e-08,0.1,7.0,8
1000000,10000,0.01,0.001,4,lin,128,0.0,main,1,0.5,1e-08,0.1,7.0,10
1000000,10000,0.01,0.001,4,lin,128,0.0,main,1,1.0,1e-08,0.1,7.0,10
1000000,10000,0.01,0.001,4,lin,128,0.0,main,2,0.01,1e-08,0.1,7.0,8
1000000,10000,0.01,0.001,4,lin,128,0.0,main,2,0.05,1e-08,0.1,7.0,8
1000000,10000,0.01,0.001,4,lin,128,0.0,main,2,0.1,1e-08,0.1,7.0,9
1000000,10000,0.01,0.001,4,lin,128,0.0,main,2,0.5,1e-08,0.1,7.0,10
1000000,10000,0.01,0.001,4,lin,128,0.0,main,2,1.0,1e-08,0.1,7.0,11
1000000,10000,0.01,0.001,4,lin,128,0.0,main,4,0.01,1e-08,0.1,7.0,8
1000000,10000,0.01,0.001,4,lin,128,0.0,main,4,0.05,1e-08,0.1,7.0,9
1000000,10000,0.01,0.001,4,lin,128,0.0,main,4,0.1,1e-08,0.1,7.0,10
1000000,10000,0.01,0.001,4,lin,128,0.0,main,4,0.5,1e-08,0.1,7.0,11
1000000,10000,0.01,0.001,4,lin,128,0.0,main,4,1.0,1e-08,0.1,7.0,11
1000000,10000,0.01,0.001,4,lin,128,0.0,main,8,0.01,1e-08,0.1,7.0,8
1000000,10000,0.01,0.001,4,lin,128,0.0,main,8,0.05,1e-08,0.1,7.0,10
1000000,10000,0.01,0.001,4,lin,128,0.0,main,8,0.1,1e-08,0.1,7.0,10
1000000,10000,0.01,0.001,4,lin,128,0.0,main,8,0.5,1e-08,0.1,7.0,11
1000000,10000,0.01,0.001,4,lin,128,0.0,main,8,1.0,1e-08,0.1,7.0,11
1000000,10000,0.01,0.001,4,lin,128,0.0,main,16,0.01,1e-08,0.1,7.0,9
1000000,10000,0.01,0.001,4,lin,128,0.0,main,16,0.05,1e-08,0.1,7.0,10
1000000,10000,0.01,0.001,4,lin,128,0.0,main,16,0.1,1e-08,0.1,7.0,11
1000000,10000,0.01,0.001,4,lin,128,0.0,main,16,0.5,1e-08,0.1,7.0,11
1000000,10000,0.01,0.001,4,lin,128,0.0,main,16,1.0,1e-08,0.1,7.0,12
1000000,10000,0.01,0.001,4,lin,128,1.0,main,1,0.01,0.0003,0.03,2.0,5
1000000,10000,0.01,0.001,4,lin,128,1.0,main,1,0.05,1e-08,0.1,7.0,7
1000000,10000,0.01,0.001,4,lin,128,1.0,main,1,0.1,1e-08,0.1,7.0,8
1000000,10000,0.01,0.001,4,lin,128,1.0,main,1,0.5,1e-08,0.1,7.0,9
1000000,10000,0.01,0.001,4,lin,128,1.0,main,1,1.0,1e-08,0.1,7.0,10
1000000,10000,0.01,0.001,4,lin,128,1.0,main,2,0.01,1e-08,0.1,7.0,7
1000000,10000,0.01,0.001,4,lin,128,1.0,main,2,0.05,1e-08,0.1,7.0,8
1000000,10000,0.01,0.001,4,lin,128,1.0,main,2,0.1,1e-08,0.1,7.0,8
1000000,10000,0.01,0.001,4,lin,128,1.0,main,2,0.5,1e-08,0.1,7.0,10
1000000,10000,0.01,0.001,4,lin,128,1.0,main,2,1.0,1e-08,0.1,7.0,10
1000000,10000,0.01,0.001,4,lin,128,1.0,main,4,0.01,1e-08,0.1,7.0,7
1000000,10000,0.01,0.001,4,lin,128,1.0,main,4,0.05,1e-08,0.1,7.0,8
1000000,10000,0.01,0.001,4,lin,128,1.0,main,4,0.1,1e-08,0.1,7.0,9
1000000,10000,0.01,0.001,4,lin,128,1.0,main,4,0.5,1e-08,0.1,7.0,10
1000000,10000,0.01,0.001,4,lin,128,1.0,main,4,1.0,1e-08,0.1,7.0,11
1000000,10000,0.01,0.001,4,lin,128,1.0,main,8,0.01,1e-08,0.1,7.0,8
1000000,10000,0.01,0.001,4,lin,128,1.0,main,8,0.05,1e-08,0.1,7.0,9
1000000,10000,0.01,0.001,4,lin,128,1.0,main,8,0.1,1e-08,0.1,7.0,9
1000000,10000,0.01,0.001,4,lin,128,1.0,main,8,0.5,1e-08,0.1,7.0,11
1000000,10000,0.01,0.001,4,lin,128,1.0,main,8,1.0,1e-08,0.1,7.0,12
1000000,10000,0.01,0.001,4,lin,128,1.0,main,16,0.01,1e-08,0.1,7.0,8
1000000,10000,0.01,0.001,4,lin,128,1.0,main,16,0.05,1e-08,0.1,7.0,9
1000000,10000,0.01,0.001,4,lin,128,1.0,main,16,0.1,1e-08,0.1,7.0,10
1000000,10000,0.01,0.001,4,lin,128,1.0,main,16,0.5,1e-08,0.1,7.0,12
1000000,10000,0.01,0.001,4,lin,128,1.0,main,16,1.0,1e-08,0.1,7.0,12
1000000,10000,0.01,0.001,4,nl,128,0.0,main,1,0.01,0.0001,0.003,1.4771212547196624,4
1000000,10000,0.01,0.001,4,nl,128,0.0,main,1,0.05,1e-08,0.1,7.0,8
1000000,10000,0.01,0.001,4,nl,128,0.0,main,1,0.1,1e-08,0.1,7.0,10
1000000,10000,0.01,0.001,4,nl,128,0.0,main,1,0.5,1e-08,0.1,7.0,10
1000000,10000,0.01,0.001,4,nl,128,0.0,main,1,1.0,1e-08,0.1,7.0,11
1000000,10000,0.01,0.001,4,nl,128,0.0,main,2,0.01,1e-08,0.1,7.0,8
1000000,10000,0.01,0.001,4,nl,128,0.0,main,2,0.05,1e-08,0.1,7.0,10
1000000,10000,0.01,0.001,4,nl,128,0.0,main,2,0.1,1e-08,0.1,7.0,10
1000000,10000,0.01,0.001,4,nl,128,0.0,main,2,0.5,1e-08,0.1,7.0,11
1000000,10000,0.01,0.001,4,nl,128,0.0,main,2,1.0,1e-08,0.1,7.0,12
1000000,10000,0.01,0.001,4,nl,128,0.0,main,4,0.01,1e-08,0.1,7.0,8
1000000,10000,0.01,0.001,4,nl,128,0.0,main,4,0.05,1e-08,0.1,7.0,10
1000000,10000,0.01,0.001,4,nl,128,0.0,main,4,0.1,1e-08,0.1,7.0,10
1000000,10000,0.01,0.001,4,nl,128,0.0,main,4,0.5,1e-08,0.1,7.0,12
1000000,10000,0.01,0.001,4,nl,128,0.0,main,4,1.0,1e-08,0.1,7.0,12
1000000,10000,0.01,0.001,4,nl,128,0.0,main,8,0.01,1e-08,0.1,7.0,9
1000000,10000,0.01,0.001,4,nl,128,0.0,main,8,0.05,1e-08,0.1,7.0,10
1000000,10000,0.01,0.001,4,nl,128,0.0,main,8,0.1,1e-08,0.1,7.0,11
1000000,10000,0.01,0.001,4,nl,128,0.0,main,8,0.5,1e-08,0.1,7.0,12
1000000,10000,0.01,0.001,4,nl,128,0.0,main,8,1.0,1e-08,0.1,7.0,13
1000000,10000,0.01,0.001,4,nl,128,0.0,main,16,0.01,1e-08,0.1,7.0,10
1000000,10000,0.01,0.001,4,nl,128,0.0,main,16,0.05,1e-08,0.1,7.0,11
1000000,10000,0.01,0.001,4,nl,128,0.0,main,16,0.1,1e-08,0.1,7.0,12
1000000,10000,0.01,0.001,4,nl,128,0.0,main,16,0.5,1e-08,0.1,7.0,13
1000000,10000,0.01,0.001,4,nl,128,0.0,main,16,1.0,1e-08,0.1,7.0,15
1000000,10000,0.01,0.001,4,nl,128,1.0,main,1,0.01,0.003,0.1,1.5228787452803376,4
1000000,10000,0.01,0.001,4,nl,128,1.0,main,1,0.05,1e-08,0.1,7.0,6
1000000,10000,0.01,0.001,4,nl,128,1.0,main,1,0.1,1e-08,0.1,7.0,7
1000000,10000,0.01,0.001,4,nl,128,1.0,main,1,0.5,1e-08,0.1,7.0,12
1000000,10000,0.01,0.001,4,nl,128,1.0,main,1,1.0,1e-08,0.1,7.0,13
1000000,10000,0.01,0.001,4,nl,128,1.0,main,2,0.01,1e-08,0.1,7.0,6
1000000,10000,0.01,0.001,4,nl,128,1.0,main,2,0.05,1e-08,0.1,7.0,7
1000000,10000,0.01,0.001,4,nl,128,1.0,main,2,0.1,1e-08,0.1,7.0,10
1000000,10000,0.01,0.001,4,nl,128,1.0,main,2,0.5,1e-08,0.1,7.0,13
1000000,10000,0.01,0.001,4,nl,128,1.0,main,2,1.0,1e-08,0.1,7.0,15
1000000,10000,0.01,0.001,4,nl,128,1.0,main,4,0.01,1e-08,0.1,7.0,6
1000000,10000,0.01,0.001,4,nl,128,1.0,main,4,0.05,1e-08,0.1,7.0,10
1000000,10000,0.01,0.001,4,nl,128,1.0,main,4,0.1,1e-08,0.1,7.0,12
1000000,10000,0.01,0.001,4,nl,128,1.0,main,4,0.5,1e-08,0.1,7.0,15
1000000,10000,0.01,0.001,4,nl,128,1.0,main,4,1.0,1e-08,0.1,7.0,15
1000000,10000,0.01,0.001,4,nl,128,1.0,main,8,0.01,1e-08,0.1,7.0,7
1000000,10000,0.01,0.001,4,nl,128,1.0,main,8,0.05,1e-08,0.1,7.0,12
1000000,10000,0.01,0.001,4,nl,128,1.0,main,8,0.1,1e-08,0.1,7.0,13
1000000,10000,0.01,0.001,4,nl,128,1.0,main,8,0.5,1e-08,0.1,7.0,15
1000000,10000,0.01,0.001,4,nl,128,1.0,main,8,1.0,1e-08,0.1,7.0,15
1000000,10000,0.01,0.001,4,nl,128,1.0,main,16,0.01,1e-08,0.1,7.0,8
1000000,10000,0.01,0.001,4,nl,128,1.0,main,16,0.05,1e-08,0.1,7.0,13
1000000,10000,0.01,0.001,4,nl,128,1.0,main,16,0.1,1e-08,0.1,7.0,14
1000000,10000,0.01,0.001,4,nl,128,1.0,main,16,0.5,1e-08,0.1,7.0,15
1000000,10000,0.01,0.001,4,nl,128,1.0,main,16,1.0,1e-08,0.1,7.0,15
1000000,10000,0.01,0.001,8,lin,128,0.0,main,1,0.01,1e-08,0.1,7.0,8
1000000,10000,0.01,0.001,8,lin,128,0.0,main,1,0.05,1e-08,0.1,7.0,9
1000000,10000,0.01,0.001,8,lin,128,0.0,main,1,0.1,1e-08,0.1,7.0,10
1000000,10000,0.01,0.001,8,lin,128,0.0,main,1,0.5,1e-08,0.1,7.0,10
1000000,10000,0.01,0.001,8,lin,128,0.0,main,1,1.0,1e-08,0.1,7.0,11
1000000,10000,0.01,0.001,8,lin,128,0.0,main,2,0.01,1e-08,0.1,7.0,9
1000000,10000,0.01,0.001,8,lin,128,0.0,main,2,0.05,1e-08,0.1,7.0,10
1000000,10000,0.01,0.001,8,lin,128,0.0,main,2,0.1,1e-08,0.1,7.0,10
1000000,10000,0.01,0.001,8,lin,128,0.0,main,2,0.5,1e-08,0.1,7.0,11
1000000,10000,0.01,0.001,8,lin,128,0.0,main,2,1.0,1e-08,0.1,7.0,11
1000000,10000,0.01,0.001,8,lin,128,0.0,main,4,0.01,1e-08,0.1,7.0,9
1000000,10000,0.01,0.001,8,lin,128,0.0,main,4,0.05,1e-08,0.1,7.0,10
1000000,10000,0.01,0.001,8,lin,128,0.0,main,4,0.1,1e-08,0.1,7.0,10
1000000,10000,0.01,0.001,8,lin,128,0.0,main,4,0.5,1e-08,0.1,7.0,11
1000000,10000,0.01,0.001,8,lin,128,0.0,main,4,1.0,1e-08,0.1,7.0,13
1000000,10000,0.01,0.001,8,lin,128,0.0,main,8,0.01,1e-08,0.1,7.0,9
1000000,10000,0.01,0.001,8,lin,128,0.0,main,8,0.05,1e-08,0.1,7.0,10
1000000,10000,0.01,0.001,8,lin,128,0.0,main,8,0.1,1e-08,0.1,7.0,11
1000000,10000,0.01,0.001,8,lin,128,0.0,main,8,0.5,1e-08,0.1,7.0,13
1000000,10000,0.01,0.001,8,lin,128,0.0,main,8,1.0,1e-08,0.1,7.0,15
1000000,10000,0.01,0.001,8,lin,128,0.0,main,16,0.01,1e-08,0.1,7.0,10
1000000,10000,0.01,0.001,8,lin,128,0.0,main,16,0.05,1e-08,0.1,7.0,11
1000000,10000,0.01,0.001,8,lin,128,0.0,main,16,0.1,1e-08,0.1,7.0,11
1000000,10000,0.01,0.001,8,lin,128,0.0,main,16,0.5,1e-08,0.1,7.0,15
1000000,10000,0.01,0.001,8,lin,128,0.0,main,16,1.0,1e-08,0.1,7.0,15
1000000,10000,0.01,0.001,8,lin,128,1.0,main,1,0.01,0.001,0.1,2.0,5
1000000,10000,0.01,0.001,8,lin,128,1.0,main,1,0.05,0.0001,0.1,3.0,7
1000000,10000,0.01,0.001,8,lin,128,1.0,main,1,0.1,0.0001,0.1,3.0,7
1000000,10000,0.01,0.001,8,lin,128,1.0,main,1,0.5,1e-08,0.1,7.0,10
1000000,10000,0.01,0.001,8,lin,128,1.0,main,1,1.0,1e-08,0.1,7.0,10
1000000,10000,0.01,0.001,8,lin,128,1.0,main,2,0.01,0.001,0.1,2.0,5
1000000,10000,0.01,0.001,8,lin,128,1.0,main,2,0.05,0.0001,0.1,3.0,7
1000000,10000,0.01,0.001,8,lin,128,1.0,main,2,0.1,1e-08,0.1,7.0,9
1000000,10000,0.01,0.001,8,lin,128,1.0,main,2,0.5,1e-08,0.1,7.0,10
1000000,10000,0.01,0.001,8,lin,128,1.0,main,2,1.0,1e-08,0.1,7.0,10
1000000,10000,0.01,0.001,8,lin,128,1.0,main,4,0.01,0.0001,0.1,3.0,7
1000000,10000,0.01,0.001,8,lin,128,1.0,main,4,0.05,1e-08,0.1,7.0,9
1000000,10000,0.01,0.001,8,lin,128,1.0,main,4,0.1,1e-08,0.1,7.0,10
1000000,10000,0.01,0.001,8,lin,128,1.0,main,4,0.5,1e-08,0.1,7.0,10
1000000,10000,0.01,0.001,8,lin,128,1.0,main,4,1.0,1e-08,0.1,7.0,11
1000000,10000,0.01,0.001,8,lin,128,1.0,main,8,0.01,0.0001,0.1,3.0,7
1000000,10000,0.01,0.001,8,lin,128,1.0,main,8,0.05,1e-08,0.1,7.0,10
1000000,10000,0.01,0.001,8,lin,128,1.0,main,8,0.1,1e-08,0.1,7.0,10
1000000,10000,0.01,0.001,8,lin,128,1.0,main,8,0.5,1e-08,0.1,7.0,11
1000000,10000,0.01,0.001,8,lin,128,1.0,main,8,1.0,1e-08,0.1,7.0,12
1000000,10000,0.01,0.001,8,lin,128,1.0,main,16,0.01,3e-05,0.1,3.5228787452803374,8
1000000,10000,0.01,0.001,8,lin,128,1.0,main,16,0.05,1e-08,0.1,7.0,10
1000000,10000,0.01,0.001,8,lin,128,1.0,main,16,0.1,1e-08,0.1,7.0,10
1000000,10000,0.01,0.001,8,lin,128,1.0,main,16,0.5,1e-08,0.1,7.0,12
1000000,10000,0.01,0.001,8,lin,128,1.0,main,16,1.0,1e-08,0.1,7.0,13
1000000,10000,0.01,0.001,8,nl,128,0.0,main,1,0.01,1e-08,0.1,7.0,7
1000000,10000,0.01,0.001,8,nl,128,0.0,main,1,0.05,1e-08,0.1,7.0,9
1000000,10000,0.01,0.001,8,nl,128,0.0,main,1,0.1,1e-08,0.1,7.0,10
1000000,10000,0.01,0.001,8,nl,128,0.0,main,1,0.5,1e-08,0.1,7.0,11
1000000,10000,0.01,0.001,8,nl,128,0.0,main,1,1.0,1e-08,0.1,7.0,12
1000000,10000,0.01,0.001,8,nl,128,0.0,main,2,0.01,1e-08,0.1,7.0,9
1000000,10000,0.01,0.001,8,nl,128,0.0,main,2,0.05,1e-08,0.1,7.0,10
1000000,10000,0.01,0.001,8,nl,128,0.0,main,2,0.1,1e-08,0.1,7.0,11
1000000,10000,0.01,0.001,8,nl,128,0.0,main,2,0.5,1e-08,0.1,7.0,12
1000000,10000,0.01,0.001,8,nl,128,0.0,main,2,1.0,1e-08,0.1,7.0,13
1000000,10000,0.01,0.001,8,nl,128,0.0,main,4,0.01,1e-08,0.1,7.0,9
1000000,10000,0.01,0.001,8,nl,128,0.0,main,4,0.05,1e-08,0.1,7.0,11
1000000,10000,0.01,0.001,8,nl,128,0.0,main,4,0.1,1e-08,0.1,7.0,11
1000000,10000,0.01,0.001,8,nl,128,0.0,main,4,0.5,1e-08,0.1,7.0,13
1000000,10000,0.01,0.001,8,nl,128,0.0,main,4,1.0,1e-08,0.1,7.0,14
1000000,10000,0.01,0.001,8,nl,128,0.0,main,8,0.01,1e-08,0.1,7.0,10
1000000,10000,0.01,0.001,8,nl,128,0.0,main,8,0.05,1e-08,0.1,7.0,11
1000000,10000,0.01,0.001,8,nl,128,0.0,main,8,0.1,1e-08,0.1,7.0,12
1000000,10000,0.01,0.001,8,nl,128,0.0,main,8,0.5,1e-08,0.1,7.0,14
1000000,10000,0.01,0.001,8,nl,128,0.0,main,8,1.0,1e-08,0.1,7.0,14
1000000,10000,0.01,0.001,8,nl,128,0.0,main,16,0.01,1e-08,0.1,7.0,11
1000000,10000,0.01,0.001,8,nl,128,0.0,main,16,0.05,1e-08,0.1,7.0,12
1000000,10000,0.01,0.001,8,nl,128,0.0,main,16,0.1,1e-08,0.1,7.0,13
1000000,10000,0.01,0.001,8,nl,128,0.0,main,16,0.5,1e-08,0.1,7.0,14
1000000,10000,0.01,0.001,8,nl,128,0.0,main,16,1.0,1e-08,0.1,7.0,14
1000000,10000,0.01,0.001,8,nl,128,1.0,main,1,0.01,3e-08,0.1,6.522878745280337,6
1000000,10000,0.01,0.001,8,nl,128,1.0,main,1,0.05,1e-08,0.1,7.0,8
1000000,10000,0.01,0.001,8,nl,128,1.0,main,1,0.1,1e-08,0.1,7.0,8
1000000,10000,0.01,0.001,8,nl,128,1.0,main,1,0.5,1e-08,0.1,7.0,12
1000000,10000,0.01,0.001,8,nl,128,1.0,main,1,1.0,1e-08,0.1,7.0,12
1000000,10000,0.01,0.001,8,nl,128,1.0,main,2,0.01,3e-08,0.1,6.522878745280337,7
1000000,10000,0.01,0.001,8,nl,128,1.0,main,2,0.05,1e-08,0.1,7.0,8
1000000,10000,0.01,0.001,8,nl,128,1.0,main,2,0.1,1e-08,0.1,7.0,10
1000000,10000,0.01,0.001,8,nl,128,1.0,main,2,0.5,1e-08,0.1,7.0,12
1000000,10000,0.01,0.001,8,nl,128,1.0,main,2,1.0,1e-08,0.1,7.0,12
1000000,10000,0.01,0.001,8,nl,128,1.0,main,4,0.01,1e-08,0.1,7.0,8
1000000,10000,0.01,0.001,8,nl,128,1.0,main,4,0.05,1e-08,0.1,7.0,10
1000000,10000,0.01,0.001,8,nl,128,1.0,main,4,0.1,1e-08,0.1,7.0,11
1000000,10000,0.01,0.001,8,nl,128,1.0,main,4,0.5,1e-08,0.1,7.0,12
1000000,10000,0.01,0.001,8,nl,128,1.0,main,4,1.0,1e-08,0.1,7.0,13
1000000,10000,0.01,0.001,8,nl,128,1.0,main,8,0.01,1e-08,0.1,7.0,8
1000000,10000,0.01,0.001,8,nl,128,1.0,main,8,0.05,1e-08,0.1,7.0,11
1000000,10000,0.01,0.001,8,nl,128,1.0,main,8,0.1,1e-08,0.1,7.0,12
1000000,10000,0.01,0.001,8,nl,128,1.0,main,8,0.5,1e-08,0.1,7.0,13
1000000,10000,0.01,0.001,8,nl,128,1.0,main,8,1.0,1e-08,0.1,7.0,13
1000000,10000,0.01,0.001,8,nl,128,1.0,main,16,0.01,1e-08,0.1,7.0,9
1000000,10000,0.01,0.001,8,nl,128,1.0,main,16,0.05,1e-08,0.1,7.0,12
1000000,10000,0.01,0.001,8,nl,128,1.0,main,16,0.1,1e-08,0.1,7.0,12
1000000,10000,0.01,0.001,8,nl,128,1.0,main,16,0.5,1e-08,0.1,7.0,13
1000000,10000,0.01,0.001,8,nl,128,1.0,main,16,1.0,1e-08,0.1,7.0,13
1000000,10000,0.01,0.01,4,lin,128,0.0,main,1,0.01,0.003,0.1,1.5228787452803376,4
1000000,10000,0.01,0.01,4,lin,128,0.0,main,1,0.05,1e-08,0.1,7.0,7
1000000,10000,0.01,0.01,4,lin,128,0.0,main,1,0.1,1e-08,0.1,7.0,7
1000000,10000,0.01,0.01,4,lin,128,0.0,main,1,0.5,1e-08,0.1,7.0,8
1000000,10000,0.01,0.01,4,lin,128,0.0,main,1,1.0,1e-08,0.1,7.0,9
1000000,10000,0.01,0.01,4,lin,128,0.0,main,2,0.01,1e-08,0.1,7.0,7
1000000,10000,0.01,0.01,4,lin,128,0.0,main,2,0.05,1e-08,0.1,7.0,7
1000000,10000,0.01,0.01,4,lin,128,0.0,main,2,0.1,1e-08,0.1,7.0,8
1000000,10000,0.01,0.01,4,lin,128,0.0,main,2,0.5,1e-08,0.1,7.0,9
1000000,10000,0.01,0.01,4,lin,128,0.0,main,2,1.0,1e-08,0.1,7.0,10
1000000,10000,0.01,0.01,4,lin,128,0.0,main,4,0.01,1e-08,0.1,7.0,7
1000000,10000,0.01,0.01,4,lin,128,0.0,main,4,0.05,1e-08,0.1,7.0,8
1000000,10000,0.01,0.01,4,lin,128,0.0,main,4,0.1,1e-08,0.1,7.0,8
1000000,10000,0.01,0.01,4,lin,128,0.0,main,4,0.5,1e-08,0.1,7.0,10
1000000,10000,0.01,0.01,4,lin,128,0.0,main,4,1.0,1e-08,0.1,7.0,12
1000000,10000,0.01,0.01,4,lin,128,0.0,main,8,0.01,1e-08,0.1,7.0,7
1000000,10000,0.01,0.01,4,lin,128,0.0,main,8,0.05,1e-08,0.1,7.0,8
1000000,10000,0.01,0.01,4,lin,128,0.0,main,8,0.1,1e-08,0.1,7.0,9
1000000,10000,0.01,0.01,4,lin,128,0.0,main,8,0.5,1e-08,0.1,7.0,12
1000000,10000,0.01,0.01,4,lin,128,0.0,main,8,1.0,1e-08,0.1,7.0,13
1000000,10000,0.01,0.01,4,lin,128,0.0,main,16,0.01,1e-08,0.1,7.0,8
1000000,10000,0.01,0.01,4,lin,128,0.0,main,16,0.05,1e-08,0.1,7.0,9
1000000,10000,0.01,0.01,4,lin,128,0.0,main,16,0.1,1e-08,0.1,7.0,9
1000000,10000,0.01,0.01,4,lin,128,0.0,main,16,0.5,1e-08,0.1,7.0,13
1000000,10000,0.01,0.01,4,lin,128,0.0,main,16,1.0,1e-08,0.1,7.0,13
1000000,10000,0.01,0.01,4,lin,128,1.0,main,1,0.01,1e-08,0.1,7.0,4
1000000,10000,0.01,0.01,4,lin,128,1.0,main,1,0.05,1e-08,0.1,7.0,6
1000000,10000,0.01,0.01,4,lin,128,1.0,main,1,0.1,1e-08,0.1,7.0,6
1000000,10000,0.01,0.01,4,lin,128,1.0,main,1,0.5,1e-08,0.1,7.0,7
1000000,10000,0.01,0.01,4,lin,128,1.0,main,1,1.0,1e-08,0.1,7.0,8
1000000,10000,0.01,0.01,4,lin,128,1.0,main,2,0.01,1e-08,0.1,7.0,5
1000000,10000,0.01,0.01,4,lin,128,1.0,main,2,0.05,1e-08,0.1,7.0,6
1000000,10000,0.01,0.01,4,lin,128,1.0,main,2,0.1,1e-08,0.1,7.0,6
1000000,10000,0.01,0.01,4,lin,128,1.0,main,2,0.5,1e-08,0.1,7.0,8
1000000,10000,0.01,0.01,4,lin,128,1.0,main,2,1.0,1e-08,0.1,7.0,9
1000000,10000,0.01,0.01,4,lin,128,1.0,main,4,0.01,1e-08,0.1,7.0,5
1000000,10000,0.01,0.01,4,lin,128,1.0,main,4,0.05,1e-08,0.1,7.0,6
1000000,10000,0.01,0.01,4,lin,128,1.0,main,4,0.1,1e-08,0.1,7.0,7
1000000,10000,0.01,0.01,4,lin,128,1.0,main,4,0.5,1e-08,0.1,7.0,9
1000000,10000,0.01,0.01,4,lin,128,1.0,main,4,1.0,1e-08,0.1,7.0,9
1000000,10000,0.01,0.01,4,lin,128,1.0,main,8,0.01,1e-08,0.1,7.0,6
1000000,10000,0.01,0.01,4,lin,128,1.0,main,8,0.05,1e-08,0.1,7.0,7
1000000,10000,0.01,0.01,4,lin,128,1.0,main,8,0.1,1e-08,0.1,7.0,7
1000000,10000,0.01,0.01,4,lin,128,1.0,main,8,0.5,1e-08,0.1,7.0,9
1000000,10000,0.01,0.01,4,lin,128,1.0,main,8,1.0,1e-08,0.1,7.0,10
1000000,10000,0.01,0.01,4,lin,128,1.0,main,16,0.01,1e-08,0.1,7.0,6
1000000,10000,0.01,0.01,4,lin,128,1.0,main,16,0.05,1e-08,0.1,7.0,7
1000000,10000,0.01,0.01,4,lin,128,1.0,main,16,0.1,1e-08,0.1,7.0,9
1000000,10000,0.01,0.01,4,lin,128,1.0,main,16,0.5,1e-08,0.1,7.0,10
1000000,10000,0.01,0.01,4,lin,128,1.0,main,16,1.0,1e-08,0.1,7.0,10
1000000,10000,0.01,0.01,4,nl,128,0.0,main,1,0.01,1e-08,0.1,7.0,8
1000000,10000,0.01,0.01,4,nl,128,0.0,main,1,0.05,1e-08,0.1,7.0,9
1000000,10000,0.01,0.01,4,nl,128,0.0,main,1,0.1,1e-08,0.1,7.0,10
1000000,10000,0.01,0.01,4,nl,128,0.0,main,1,0.5,1e-08,0.1,7.0,11
1000000,10000,0.01,0.01,4,nl,128,0.0,main,1,1.0,1e-08,0.1,7.0,13
1000000,10000,0.01,0.01,4,nl,128,0.0,main,2,0.01,1e-08,0.1,7.0,9
1000000,10000,0.01,0.01,4,nl,128,0.0,main,2,0.05,1e-08,0.1,7.0,10
1000000,10000,0.01,0.01,4,nl,128,0.0,main,2,0.1,1e-08,0.1,7.0,10
1000000,10000,0.01,0.01,4,nl,128,0.0,main,2,0.5,1e-08,0.1,7.0,13
1000000,10000,0.01,0.01,4,nl,128,0.0,main,2,1.0,1e-08,0.1,7.0,14
1000000,10000,0.01,0.01,4,nl,128,0.0,main,4,0.01,1e-08,0.1,7.0,9
1000000,10000,0.01,0.01,4,nl,128,0.0,main,4,0.05,1e-08,0.1,7.0,10
1000000,10000,0.01,0.01,4,nl,128,0.0,main,4,0.1,1e-08,0.1,7.0,11
1000000,10000,0.01,0.01,4,nl,128,0.0,main,4,0.5,1e-08,0.1,7.0,14
1000000,10000,0.01,0.01,4,nl,128,0.0,main,4,1.0,1e-08,0.1,7.0,15
1000000,10000,0.01,0.01,4,nl,128,0.0,main,8,0.01,1e-08,0.1,7.0,9
1000000,10000,0.01,0.01,4,nl,128,0.0,main,8,0.05,1e-08,0.1,7.0,11
1000000,10000,0.01,0.01,4,nl,128,0.0,main,8,0.1,1e-08,0.1,7.0,13
1000000,10000,0.01,0.01,4,nl,128,0.0,main,8,0.5,1e-08,0.1,7.0,15
1000000,10000,0.01,0.01,4,nl,128,0.0,main,8,1.0,1e-08,0.1,7.0,15
1000000,10000,0.01,0.01,4,nl,128,0.0,main,16,0.01,1e-08,0.1,7.0,10
1000000,10000,0.01,0.01,4,nl,128,0.0,main,16,0.05,1e-08,0.1,7.0,13
1000000,10000,0.01,0.01,4,nl,128,0.0,main,16,0.1,1e-08,0.1,7.0,14
1000000,10000,0.01,0.01,4,nl,128,0.0,main,16,0.5,1e-08,0.1,7.0,15
1000000,10000,0.01,0.01,4,nl,128,0.0,main,16,1.0,1e-08,0.1,7.0,15
1000000,10000,0.01,0.01,4,nl,128,1.0,main,1,0.01,1e-08,0.1,7.0,4
1000000,10000,0.01,0.01,4,nl,128,1.0,main,1,0.05,1e-08,0.1,7.0,6
1000000,10000,0.01,0.01,4,nl,128,1.0,main,1,0.1,1e-08,0.1,7.0,7
1000000,10000,0.01,0.01,4,nl,128,1.0,main,1,0.5,1e-08,0.1,7.0,10
1000000,10000,0.01,0.01,4,nl,128,1.0,main,1,1.0,1e-08,0.1,7.0,10
1000000,10000,0.01,0.01,4,nl,128,1.0,main,2,0.01,1e-08,0.1,7.0,6
1000000,10000,0.01,0.01,4,nl,128,1.0,main,2,0.05,1e-08,0.1,7.0,7
1000000,10000,0.01,0.01,4,nl,128,1.0,main,2,0.1,1e-08,0.1,7.0,7
1000000,10000,0.01,0.01,4,nl,128,1.0,main,2,0.5,1e-08,0.1,7.0,10
1000000,10000,0.01,0.01,4,nl,128,1.0,main,2,1.0,1e-08,0.1,7.0,11
1000000,10000,0.01,0.01,4,nl,128,1.0,main,4,0.01,1e-08,0.1,7.0,6
1000000,10000,0.01,0.01,4,nl,128,1.0,main,4,0.05,1e-08,0.1,7.0,7
1000000,10000,0.01,0.01,4,nl,128,1.0,main,4,0.1,1e-08,0.1,7.0,9
1000000,10000,0.01,0.01,4,nl,128,1.0,main,4,0.5,1e-08,0.1,7.0,11
1000000,10000,0.01,0.01,4,nl,128,1.0,main,4,1.0,1e-08,0.1,7.0,12
1000000,10000,0.01,0.01,4,nl,128,1.0,main,8,0.01,1e-08,0.1,7.0,7
1000000,10000,0.01,0.01,4,nl,128,1.0,main,8,0.05,1e-08,0.1,7.0,9
1000000,10000,0.01,0.01,4,nl,128,1.0,main,8,0.1,1e-08,0.1,7.0,10
1000000,10000,0.01,0.01,4,nl,128,1.0,main,8,0.5,1e-08,0.1,7.0,12
1000000,10000,0.01,0.01,4,nl,128,1.0,main,8,1.0,1e-08,0.1,7.0,12
1000000,10000,0.01,0.01,4,nl,128,1.0,main,16,0.01,1e-08,0.1,7.0,7
1000000,10000,0.01,0.01,4,nl,128,1.0,main,16,0.05,1e-08,0.1,7.0,10
1000000,10000,0.01,0.01,4,nl,128,1.0,main,16,0.1,1e-08,0.1,7.0,11
1000000,10000,0.01,0.01,4,nl,128,1.0,main,16,0.5,1e-08,0.1,7.0,12
1000000,10000,0.01,0.01,4,nl,128,1.0,main,16,1.0,1e-08,0.1,7.0,14
1000000,10000,0.01,0.01,8,lin,128,0.0,main,1,0.01,1e-08,0.1,7.0,4
1000000,10000,0.01,0.01,8,lin,128,0.0,main,1,0.05,1e-08,0.1,7.0,5
1000000,10000,0.01,0.01,8,lin,128,0.0,main,1,0.1,1e-08,0.1,7.0,6
1000000,10000,0.01,0.01,8,lin,128,0.0,main,1,0.5,1e-08,0.1,7.0,8
1000000,10000,0.01,0.01,8,lin,128,0.0,main,1,1.0,1e-08,0.1,7.0,8
1000000,10000,0.01,0.01,8,lin,128,0.0,main,2,0.01,1e-08,0.1,7.0,5
1000000,10000,0.01,0.01,8,lin,128,0.0,main,2,0.05,1e-08,0.1,7.0,6
1000000,10000,0.01,0.01,8,lin,128,0.0,main,2,0.1,1e-08,0.1,7.0,6
1000000,10000,0.01,0.01,8,lin,128,0.0,main,2,0.5,1e-08,0.1,7.0,8
1000000,10000,0.01,0.01,8,lin,128,0.0,main,2,1.0,1e-08,0.1,7.0,9
1000000,10000,0.01,0.01,8,lin,128,0.0,main,4,0.01,1e-08,0.1,7.0,5
1000000,10000,0.01,0.01,8,lin,128,0.0,main,4,0.05,1e-08,0.1,7.0,6
1000000,10000,0.01,0.01,8,lin,128,0.0,main,4,0.1,1e-08,0.1,7.0,7
1000000,10000,0.01,0.01,8,lin,128,0.0,main,4,0.5,1e-08,0.1,7.0,9
1000000,10000,0.01,0.01,8,lin,128,0.0,main,4,1.0,1e-08,0.1,7.0,10
1000000,10000,0.01,0.01,8,lin,128,0.0,main,8,0.01,1e-08,0.1,7.0,6
1000000,10000,0.01,0.01,8,lin,128,0.0,main,8,0.05,1e-08,0.1,7.0,7
1000000,10000,0.01,0.01,8,lin,128,0.0,main,8,0.1,1e-08,0.1,7.0,8
1000000,10000,0.01,0.01,8,lin,128,0.0,main,8,0.5,1e-08,0.1,7.0,10
1000000,10000,0.01,0.01,8,lin,128,0.0,main,8,1.0,1e-08,0.1,7.0,10
1000000,10000,0.01,0.01,8,lin,128,0.0,main,16,0.01,1e-08,0.1,7.0,6
1000000,10000,0.01,0.01,8,lin,128,0.0,main,16,0.05,1e-08,0.1,7.0,8
1000000,10000,0.01,0.01,8,lin,128,0.0,main,16,0.1,1e-08,0.1,7.0,8
1000000,10000,0.01,0.01,8,lin,128,0.0,main,16,0.5,1e-08,0.1,7.0,10
1000000,10000,0.01,0.01,8,lin,128,0.0,main,16,1.0,1e-08,0.1,7.0,12
1000000,10000,0.01,0.01,8,lin,128,1.0,main,1,0.01,1e-08,0.1,7.0,5
1000000,10000,0.01,0.01,8,lin,128,1.0,main,1,0.05,1e-08,0.1,7.0,8
1000000,10000,0.01,0.01,8,lin,128,1.0,main,1,0.1,1e-08,0.1,7.0,9
1000000,10000,0.01,0.01,8,lin,128,1.0,main,1,0.5,1e-08,0.1,7.0,10
1000000,10000,0.01,0.01,8,lin,128,1.0,main,1,1.0,1e-08,0.1,7.0,11
1000000,10000,0.01,0.01,8,lin,128,1.0,main,2,0.01,1e-08,0.1,7.0,8
1000000,10000,0.01,0.01,8,lin,128,1.0,main,2,0.05,1e-08,0.1,7.0,9
1000000,10000,0.01,0.01,8,lin,128,1.0,main,2,0.1,1e-08,0.1,7.0,9
1000000,10000,0.01,0.01,8,lin,128,1.0,main,2,0.5,1e-08,0.1,7.0,11
1000000,10000,0.01,0.01,8,lin,128,1.0,main,2,1.0,1e-08,0.1,7.0,12
1000000,10000,0.01,0.01,8,lin,128,1.0,main,4,0.01,1e-08,0.1,7.0,8
1000000,10000,0.01,0.01,8,lin,128,1.0,main,4,0.05,1e-08,0.1,7.0,9
1000000,10000,0.01,0.01,8,lin,128,1.0,main,4,0.1,1e-08,0.1,7.0,10
1000000,10000,0.01,0.01,8,lin,128,1.0,main,4,0.5,1e-08,0.1,7.0,12
1000000,10000,0.01,0.01,8,lin,128,1.0,main,4,1.0,1e-08,0.1,7.0,13
1000000,10000,0.01,0.01,8,lin,128,1.0,main,8,0.01,1e-08,0.1,7.0,9
1000000,10000,0.01,0.01,8,lin,128,1.0,main,8,0.05,1e-08,0.1,7.0,10
1000000,10000,0.01,0.01,8,lin,128,1.0,main,8,0.1,1e-08,0.1,7.0,11
1000000,10000,0.01,0.01,8,lin,128,1.0,main,8,0.5,1e-08,0.1,7.0,13
1000000,10000,0.01,0.01,8,lin,128,1.0,main,8,1.0,1e-08,0.1,7.0,14
1000000,10000,0.01,0.01,8,lin,128,1.0,main,16,0.01,1e-08,0.1,7.0,9
1000000,10000,0.01,0.01,8,lin,128,1.0,main,16,0.05,1e-08,0.1,7.0,11
1000000,10000,0.01,0.01,8,lin,128,1.0,main,16,0.1,1e-08,0.1,7.0,12
1000000,10000,0.01,0.01,8,lin,128,1.0,main,16,0.5,1e-08,0.1,7.0,14
1000000,10000,0.01,0.01,8,lin,128,1.0,main,16,1.0,1e-08,0.1,7.0,14
1000000,10000,0.01,0.01,8,nl,128,0.0,main,1,0.01,1e-08,0.1,7.0,7
1000000,10000,0.01,0.01,8,nl,128,0.0,main,1,0.05,1e-08,0.1,7.0,11
1000000,10000,0.01,0.01,8,nl,128,0.0,main,1,0.1,1e-08,0.1,7.0,11
1000000,10000,0.01,0.01,8,nl,128,0.0,main,1,0.5,1e-08,0.1,7.0,12
1000000,10000,0.01,0.01,8,nl,128,0.0,main,1,1.0,1e-08,0.1,7.0,13
1000000,10000,0.01,0.01,8,nl,128,0.0,main,2,0.01,1e-08,0.1,7.0,9
1000000,10000,0.01,0.01,8,nl,128,0.0,main,2,0.05,1e-08,0.1,7.0,11
1000000,10000,0.01,0.01,8,nl,128,0.0,main,2,0.1,1e-08,0.1,7.0,11
1000000,10000,0.01,0.01,8,nl,128,0.0,main,2,0.5,1e-08,0.1,7.0,13
1000000,10000,0.01,0.01,8,nl,128,0.0,main,2,1.0,1e-08,0.1,7.0,13
1000000,10000,0.01,0.01,8,nl,128,0.0,main,4,0.01,1e-08,0.1,7.0,11
1000000,10000,0.01,0.01,8,nl,128,0.0,main,4,0.05,1e-08,0.1,7.0,11
1000000,10000,0.01,0.01,8,nl,128,0.0,main,4,0.1,1e-08,0.1,7.0,12
1000000,10000,0.01,0.01,8,nl,128,0.0,main,4,0.5,1e-08,0.1,7.0,13
1000000,10000,0.01,0.01,8,nl,128,0.0,main,4,1.0,1e-08,0.1,7.0,15
1000000,10000,0.01,0.01,8,nl,128,0.0,main,8,0.01,1e-08,0.1,7.0,11
1000000,10000,0.01,0.01,8,nl,128,0.0,main,8,0.05,1e-08,0.1,7.0,12
1000000,10000,0.01,0.01,8,nl,128,0.0,main,8,0.1,1e-08,0.1,7.0,13
1000000,10000,0.01,0.01,8,nl,128,0.0,main,8,0.5,1e-08,0.1,7.0,15
1000000,10000,0.01,0.01,8,nl,128,0.0,main,8,1.0,1e-08,0.1,7.0,15
1000000,10000,0.01,0.01,8,nl,128,0.0,main,16,0.01,1e-08,0.1,7.0,11
1000000,10000,0.01,0.01,8,nl,128,0.0,main,16,0.05,1e-08,0.1,7.0,13
1000000,10000,0.01,0.01,8,nl,128,0.0,main,16,0.1,1e-08,0.1,7.0,13
1000000,10000,0.01,0.01,8,nl,128,0.0,main,16,0.5,1e-08,0.1,7.0,15
1000000,10000,0.01,0.01,8,nl,128,0.0,main,16,1.0,1e-08,0.1,7.0,15
1000000,10000,0.01,0.01,8,nl,128,1.0,main,1,0.01,1e-06,0.1,5.0,5
1000000,10000,0.01,0.01,8,nl,128,1.0,main,1,0.05,1e-08,0.1,7.0,9
1000000,10000,0.01,0.01,8,nl,128,1.0,main,1,0.1,1e-08,0.1,7.0,9
1000000,10000,0.01,0.01,8,nl,128,1.0,main,1,0.5,1e-08,0.1,7.0,11
1000000,10000,0.01,0.01,8,nl,128,1.0,main,1,1.0,1e-08,0.1,7.0,12
1000000,10000,0.01,0.01,8,nl,128,1.0,main,2,0.01,1e-08,0.1,7.0,9
1000000,10000,0.01,0.01,8,nl,128,1.0,main,2,0.05,1e-08,0.1,7.0,9
1000000,10000,0.01,0.01,8,nl,128,1.0,main,2,0.1,1e-08,0.1,7.0,10
1000000,10000,0.01,0.01,8,nl,128,1.0,main,2,0.5,1e-08,0.1,7.0,12
1000000,10000,0.01,0.01,8,nl,128,1.0,main,2,1.0,1e-08,0.1,7.0,12
1000000,10000,0.01,0.01,8,nl,128,1.0,main,4,0.01,1e-08,0.1,7.0,9
1000000,10000,0.01,0.01,8,nl,128,1.0,main,4,0.05,1e-08,0.1,7.0,10
1000000,10000,0.01,0.01,8,nl,128,1.0,main,4,0.1,1e-08,0.1,7.0,11
1000000,10000,0.01,0.01,8,nl,128,1.0,main,4,0.5,1e-08,0.1,7.0,12
1000000,10000,0.01,0.01,8,nl,128,1.0,main,4,1.0,1e-08,0.1,7.0,12
1000000,10000,0.01,0.01,8,nl,128,1.0,main,8,0.01,1e-08,0.1,7.0,9
1000000,10000,0.01,0.01,8,nl,128,1.0,main,8,0.05,1e-08,0.1,7.0,11
1000000,10000,0.01,0.01,8,nl,128,1.0,main,8,0.1,1e-08,0.1,7.0,12
1000000,10000,0.01,0.01,8,nl,128,1.0,main,8,0.5,1e-08,0.1,7.0,12
1000000,10000,0.01,0.01,8,nl,128,1.0,main,8,1.0,1e-08,0.1,7.0,14
1000000,10000,0.01,0.01,8,nl,128,1.0,main,16,0.01,1e-08,0.1,7.0,10
1000000,10000,0.01,0.01,8,nl,128,1.0,main,16,0.05,1e-08,0.1,7.0,12
1000000,10000,0.01,0.01,8,nl,128,1.0,main,16,0.1,1e-08,0.1,7.0,12
1000000,10000,0.01,0.01,8,nl,128,1.0,main,16,0.5,1e-08,0.1,7.0,14
1000000,10000,0.01,0.01,8,nl,128,1.0,main,16,1.0,1e-08,0.1,7.0,14
1000000,50000,0.05,3e-05,4,nl,128,0.5,hwindow_12h_highdim_extra_midp,1,0.01,,,,0
1000000,50000,0.05,3e-05,4,nl,128,0.5,hwindow_12h_highdim_extra_midp,1,0.05,1e-08,0.1,7.0,8
1000000,50000,0.05,3e-05,4,nl,128,0.5,hwindow_12h_highdim_extra_midp,1,0.1,1e-08,0.1,7.0,10
1000000,50000,0.05,3e-05,4,nl,128,0.5,hwindow_12h_highdim_extra_midp,1,0.5,1e-08,0.1,7.0,12
1000000,50000,0.05,3e-05,4,nl,128,0.5,hwindow_12h_highdim_extra_midp,1,1.0,1e-08,0.1,7.0,13
1000000,50000,0.05,3e-05,4,nl,128,0.5,hwindow_12h_highdim_extra_midp,2,0.01,0.0001,0.1,3.0,2
1000000,50000,0.05,3e-05,4,nl,128,0.5,hwindow_12h_highdim_extra_midp,2,0.05,1e-08,0.1,7.0,10
1000000,50000,0.05,3e-05,4,nl,128,0.5,hwindow_12h_highdim_extra_midp,2,0.1,1e-08,0.1,7.0,11
1000000,50000,0.05,3e-05,4,nl,128,0.5,hwindow_12h_highdim_extra_midp,2,0.5,1e-08,0.1,7.0,13
1000000,50000,0.05,3e-05,4,nl,128,0.5,hwindow_12h_highdim_extra_midp,2,1.0,1e-08,0.1,7.0,13
1000000,50000,0.05,3e-05,4,nl,128,0.5,hwindow_12h_highdim_extra_midp,4,0.01,1e-08,0.1,7.0,7
1000000,50000,0.05,3e-05,4,nl,128,0.5,hwindow_12h_highdim_extra_midp,4,0.05,1e-08,0.1,7.0,11
1000000,50000,0.05,3e-05,4,nl,128,0.5,hwindow_12h_highdim_extra_midp,4,0.1,1e-08,0.1,7.0,11
1000000,50000,0.05,3e-05,4,nl,128,0.5,hwindow_12h_highdim_extra_midp,4,0.5,1e-08,0.1,7.0,13
1000000,50000,0.05,3e-05,4,nl,128,0.5,hwindow_12h_highdim_extra_midp,4,1.0,1e-08,0.1,7.0,13
1000000,50000,0.05,3e-05,4,nl,128,0.5,hwindow_12h_highdim_extra_midp,8,0.01,1e-08,0.1,7.0,9
1000000,50000,0.05,3e-05,4,nl,128,0.5,hwindow_12h_highdim_extra_midp,8,0.05,1e-08,0.1,7.0,11
1000000,50000,0.05,3e-05,4,nl,128,0.5,hwindow_12h_highdim_extra_midp,8,0.1,1e-08,0.1,7.0,12
1000000,50000,0.05,3e-05,4,nl,128,0.5,hwindow_12h_highdim_extra_midp,8,0.5,1e-08,0.1,7.0,13
1000000,50000,0.05,3e-05,4,nl,128,0.5,hwindow_12h_highdim_extra_midp,8,1.0,1e-08,0.1,7.0,14
1000000,50000,0.05,3e-05,4,nl,128,0.5,hwindow_12h_highdim_extra_midp,16,0.01,1e-08,0.1,7.0,11
1000000,50000,0.05,3e-05,4,nl,128,0.5,hwindow_12h_highdim_extra_midp,16,0.05,1e-08,0.1,7.0,12
1000000,50000,0.05,3e-05,4,nl,128,0.5,hwindow_12h_highdim_extra_midp,16,0.1,1e-08,0.1,7.0,13
1000000,50000,0.05,3e-05,4,nl,128,0.5,hwindow_12h_highdim_extra_midp,16,0.5,1e-08,0.1,7.0,14
1000000,50000,0.05,3e-05,4,nl,128,0.5,hwindow_12h_highdim_extra_midp,16,1.0,1e-08,0.1,7.0,15
1000000,50000,0.05,3e-05,8,nl,128,0.5,hwindow_12h_highdim_extra_midp,1,0.01,0.001,0.001,0.0,1
1000000,50000,0.05,3e-05,8,nl,128,0.5,hwindow_12h_highdim_extra_midp,1,0.05,1e-05,0.1,4.0,9
1000000,50000,0.05,3e-05,8,nl,128,0.5,hwindow_12h_highdim_extra_midp,1,0.1,3e-06,0.1,4.522878745280337,10
1000000,50000,0.05,3e-05,8,nl,128,0.5,hwindow_12h_highdim_extra_midp,1,0.5,3e-06,0.1,4.522878745280337,10
1000000,50000,0.05,3e-05,8,nl,128,0.5,hwindow_12h_highdim_extra_midp,1,1.0,1e-06,0.1,5.0,11
1000000,50000,0.05,3e-05,8,nl,128,0.5,hwindow_12h_highdim_extra_midp,2,0.01,3e-05,0.003,2.0,5
1000000,50000,0.05,3e-05,8,nl,128,0.5,hwindow_12h_highdim_extra_midp,2,0.05,3e-06,0.1,4.522878745280337,10
1000000,50000,0.05,3e-05,8,nl,128,0.5,hwindow_12h_highdim_extra_midp,2,0.1,3e-06,0.1,4.522878745280337,10
1000000,50000,0.05,3e-05,8,nl,128,0.5,hwindow_12h_highdim_extra_midp,2,0.5,1e-06,0.1,5.0,11
1000000,50000,0.05,3e-05,8,nl,128,0.5,hwindow_12h_highdim_extra_midp,2,1.0,3e-07,0.1,5.522878745280337,12
1000000,50000,0.05,3e-05,8,nl,128,0.5,hwindow_12h_highdim_extra_midp,4,0.01,3e-05,0.03,3.0,7
1000000,50000,0.05,3e-05,8,nl,128,0.5,hwindow_12h_highdim_extra_midp,4,0.05,3e-06,0.1,4.522878745280337,10
1000000,50000,0.05,3e-05,8,nl,128,0.5,hwindow_12h_highdim_extra_midp,4,0.1,3e-06,0.1,4.522878745280337,10
1000000,50000,0.05,3e-05,8,nl,128,0.5,hwindow_12h_highdim_extra_midp,4,0.5,3e-07,0.1,5.522878745280337,12
1000000,50000,0.05,3e-05,8,nl,128,0.5,hwindow_12h_highdim_extra_midp,4,1.0,3e-07,0.1,5.522878745280337,12
1000000,50000,0.05,3e-05,8,nl,128,0.5,hwindow_12h_highdim_extra_midp,8,0.01,3e-06,0.1,4.522878745280337,10
1000000,50000,0.05,3e-05,8,nl,128,0.5,hwindow_12h_highdim_extra_midp,8,0.05,3e-06,0.1,4.522878745280337,10
1000000,50000,0.05,3e-05,8,nl,128,0.5,hwindow_12h_highdim_extra_midp,8,0.1,3e-06,0.1,4.522878745280337,10
1000000,50000,0.05,3e-05,8,nl,128,0.5,hwindow_12h_highdim_extra_midp,8,0.5,3e-07,0.1,5.522878745280337,12
1000000,50000,0.05,3e-05,8,nl,128,0.5,hwindow_12h_highdim_extra_midp,8,1.0,3e-07,0.1,5.522878745280337,12
1000000,50000,0.05,3e-05,8,nl,128,0.5,hwindow_12h_highdim_extra_midp,16,0.01,3e-06,0.1,4.522878745280337,10
1000000,50000,0.05,3e-05,8,nl,128,0.5,hwindow_12h_highdim_extra_midp,16,0.05,3e-06,0.1,4.522878745280337,10
1000000,50000,0.05,3e-05,8,nl,128,0.5,hwindow_12h_highdim_extra_midp,16,0.1,1e-06,0.1,5.0,11
1000000,50000,0.05,3e-05,8,nl,128,0.5,hwindow_12h_highdim_extra_midp,16,0.5,3e-07,0.1,5.522878745280337,12
1000000,50000,0.05,3e-05,8,nl,128,0.5,hwindow_12h_highdim_extra_midp,16,1.0,3e-07,0.1,5.522878745280337,12
1000000,50000,0.05,0.0003,4,nl,128,0.5,hwindow_12h_highdim_extra_midp,1,0.01,,,,0
1000000,50000,0.05,0.0003,4,nl,128,0.5,hwindow_12h_highdim_extra_midp,1,0.05,0.0001,0.03,2.4771212547196626,5
1000000,50000,0.05,0.0003,4,nl,128,0.5,hwindow_12h_highdim_extra_midp,1,0.1,0.0001,0.03,2.4771212547196626,6
1000000,50000,0.05,0.0003,4,nl,128,0.5,hwindow_12h_highdim_extra_midp,1,0.5,3e-05,0.1,3.5228787452803374,8
1000000,50000,0.05,0.0003,4,nl,128,0.5,hwindow_12h_highdim_extra_midp,1,1.0,1e-05,0.1,4.0,9
1000000,50000,0.05,0.0003,4,nl,128,0.5,hwindow_12h_highdim_extra_midp,2,0.01,,,,0
1000000,50000,0.05,0.0003,4,nl,128,0.5,hwindow_12h_highdim_extra_midp,2,0.05,0.0001,0.03,2.4771212547196626,6
1000000,50000,0.05,0.0003,4,nl,128,0.5,hwindow_12h_highdim_extra_midp,2,0.1,3e-05,0.1,3.5228787452803374,8
1000000,50000,0.05,0.0003,4,nl,128,0.5,hwindow_12h_highdim_extra_midp,2,0.5,1e-05,0.1,4.0,9
1000000,50000,0.05,0.0003,4,nl,128,0.5,hwindow_12h_highdim_extra_midp,2,1.0,1e-05,0.1,4.0,9
1000000,50000,0.05,0.0003,4,nl,128,0.5,hwindow_12h_highdim_extra_midp,4,0.01,0.0001,0.03,2.4771212547196626,4
1000000,50000,0.05,0.0003,4,nl,128,0.5,hwindow_12h_highdim_extra_midp,4,0.05,3e-05,0.1,3.5228787452803374,8
1000000,50000,0.05,0.0003,4,nl,128,0.5,hwindow_12h_highdim_extra_midp,4,0.1,3e-05,0.1,3.5228787452803374,8
1000000,50000,0.05,0.0003,4,nl,128,0.5,hwindow_12h_highdim_extra_midp,4,0.5,1e-05,0.1,4.0,9
1000000,50000,0.05,0.0003,4,nl,128,0.5,hwindow_12h_highdim_extra_midp,4,1.0,3e-06,0.1,4.522878745280337,10
1000000,50000,0.05,0.0003,4,nl,128,0.5,hwindow_12h_highdim_extra_midp,8,0.01,0.0001,0.03,2.4771212547196626,5
1000000,50000,0.05,0.0003,4,nl,128,0.5,hwindow_12h_highdim_extra_midp,8,0.05,3e-05,0.1,3.5228787452803374,8
1000000,50000,0.05,0.0003,4,nl,128,0.5,hwindow_12h_highdim_extra_midp,8,0.1,1e-05,0.1,4.0,9
1000000,50000,0.05,0.0003,4,nl,128,0.5,hwindow_12h_highdim_extra_midp,8,0.5,3e-06,0.1,4.522878745280337,10
1000000,50000,0.05,0.0003,4,nl,128,0.5,hwindow_12h_highdim_extra_midp,8,1.0,3e-06,0.1,4.522878745280337,10
1000000,50000,0.05,0.0003,4,nl,128,0.5,hwindow_12h_highdim_extra_midp,16,0.01,0.0001,0.1,3.0,7
1000000,50000,0.05,0.0003,4,nl,128,0.5,hwindow_12h_highdim_extra_midp,16,0.05,1e-05,0.1,4.0,9
1000000,50000,0.05,0.0003,4,nl,128,0.5,hwindow_12h_highdim_extra_midp,16,0.1,1e-05,0.1,4.0,9
1000000,50000,0.05,0.0003,4,nl,128,0.5,hwindow_12h_highdim_extra_midp,16,0.5,3e-06,0.1,4.522878745280337,10
1000000,50000,0.05,0.0003,4,nl,128,0.5,hwindow_12h_highdim_extra_midp,16,1.0,1e-07,0.1,6.0,13
1000000,50000,0.05,0.0003,8,nl,128,0.5,hwindow_12h_highdim_extra_midp,1,0.01,0.003,0.01,0.5228787452803376,2
1000000,50000,0.05,0.0003,8,nl,128,0.5,hwindow_12h_highdim_extra_midp,1,0.05,1e-08,0.03,6.477121254719663,7
1000000,50000,0.05,0.0003,8,nl,128,0.5,hwindow_12h_highdim_extra_midp,1,0.1,1e-08,0.1,7.0,8
1000000,50000,0.05,0.0003,8,nl,128,0.5,hwindow_12h_highdim_extra_midp,1,0.5,1e-08,0.1,7.0,10
1000000,50000,0.05,0.0003,8,nl,128,0.5,hwindow_12h_highdim_extra_midp,1,1.0,1e-08,0.1,7.0,10
1000000,50000,0.05,0.0003,8,nl,128,0.5,hwindow_12h_highdim_extra_midp,2,0.01,0.001,0.03,1.4771212547196624,4
1000000,50000,0.05,0.0003,8,nl,128,0.5,hwindow_12h_highdim_extra_midp,2,0.05,1e-08,0.1,7.0,8
1000000,50000,0.05,0.0003,8,nl,128,0.5,hwindow_12h_highdim_extra_midp,2,0.1,1e-08,0.1,7.0,9
1000000,50000,0.05,0.0003,8,nl,128,0.5,hwindow_12h_highdim_extra_midp,2,0.5,1e-08,0.1,7.0,10
1000000,50000,0.05,0.0003,8,nl,128,0.5,hwindow_12h_highdim_extra_midp,2,1.0,1e-08,0.1,7.0,10
1000000,50000,0.05,0.0003,8,nl,128,0.5,hwindow_12h_highdim_extra_midp,4,0.01,0.0003,0.03,2.0,5
1000000,50000,0.05,0.0003,8,nl,128,0.5,hwindow_12h_highdim_extra_midp,4,0.05,1e-08,0.1,7.0,9
1000000,50000,0.05,0.0003,8,nl,128,0.5,hwindow_12h_highdim_extra_midp,4,0.1,1e-08,0.1,7.0,9
1000000,50000,0.05,0.0003,8,nl,128,0.5,hwindow_12h_highdim_extra_midp,4,0.5,1e-08,0.1,7.0,10
1000000,50000,0.05,0.0003,8,nl,128,0.5,hwindow_12h_highdim_extra_midp,4,1.0,1e-08,0.1,7.0,11
1000000,50000,0.05,0.0003,8,nl,128,0.5,hwindow_12h_highdim_extra_midp,8,0.01,1e-08,0.03,6.477121254719663,7
1000000,50000,0.05,0.0003,8,nl,128,0.5,hwindow_12h_highdim_extra_midp,8,0.05,1e-08,0.1,7.0,9
1000000,50000,0.05,0.0003,8,nl,128,0.5,hwindow_12h_highdim_extra_midp,8,0.1,1e-08,0.1,7.0,10
1000000,50000,0.05,0.0003,8,nl,128,0.5,hwindow_12h_highdim_extra_midp,8,0.5,1e-08,0.1,7.0,11
1000000,50000,0.05,0.0003,8,nl,128,0.5,hwindow_12h_highdim_extra_midp,8,1.0,1e-08,0.1,7.0,12
1000000,50000,0.05,0.0003,8,nl,128,0.5,hwindow_12h_highdim_extra_midp,16,0.01,1e-08,0.1,7.0,8
1000000,50000,0.05,0.0003,8,nl,128,0.5,hwindow_12h_highdim_extra_midp,16,0.05,1e-08,0.1,7.0,10
1000000,50000,0.05,0.0003,8,nl,128,0.5,hwindow_12h_highdim_extra_midp,16,0.1,1e-08,0.1,7.0,10
1000000,50000,0.05,0.0003,8,nl,128,0.5,hwindow_12h_highdim_extra_midp,16,0.5,1e-08,0.1,7.0,12
1000000,50000,0.05,0.0003,8,nl,128,0.5,hwindow_12h_highdim_extra_midp,16,1.0,1e-08,0.1,7.0,13
1000000,50000,0.05,0.003,4,nl,128,0.5,hwindow_12h_highdim_extra_midp,1,0.01,,,,0
1000000,50000,0.05,0.003,4,nl,128,0.5,hwindow_12h_highdim_extra_midp,1,0.05,1e-08,0.1,7.0,6
1000000,50000,0.05,0.003,4,nl,128,0.5,hwindow_12h_highdim_extra_midp,1,0.1,1e-08,0.1,7.0,7
1000000,50000,0.05,0.003,4,nl,128,0.5,hwindow_12h_highdim_extra_midp,1,0.5,1e-08,0.1,7.0,9
1000000,50000,0.05,0.003,4,nl,128,0.5,hwindow_12h_highdim_extra_midp,1,1.0,1e-08,0.1,7.0,9
1000000,50000,0.05,0.003,4,nl,128,0.5,hwindow_12h_highdim_extra_midp,2,0.01,0.003,0.003,0.0,1
1000000,50000,0.05,0.003,4,nl,128,0.5,hwindow_12h_highdim_extra_midp,2,0.05,1e-08,0.1,7.0,7
1000000,50000,0.05,0.003,4,nl,128,0.5,hwindow_12h_highdim_extra_midp,2,0.1,1e-08,0.1,7.0,8
1000000,50000,0.05,0.003,4,nl,128,0.5,hwindow_12h_highdim_extra_midp,2,0.5,1e-08,0.1,7.0,9
1000000,50000,0.05,0.003,4,nl,128,0.5,hwindow_12h_highdim_extra_midp,2,1.0,1e-08,0.1,7.0,9
1000000,50000,0.05,0.003,4,nl,128,0.5,hwindow_12h_highdim_extra_midp,4,0.01,0.003,0.03,1.0,3
1000000,50000,0.05,0.003,4,nl,128,0.5,hwindow_12h_highdim_extra_midp,4,0.05,1e-08,0.1,7.0,8
1000000,50000,0.05,0.003,4,nl,128,0.5,hwindow_12h_highdim_extra_midp,4,0.1,1e-08,0.1,7.0,8
1000000,50000,0.05,0.003,4,nl,128,0.5,hwindow_12h_highdim_extra_midp,4,0.5,1e-08,0.1,7.0,9
1000000,50000,0.05,0.003,4,nl,128,0.5,hwindow_12h_highdim_extra_midp,4,1.0,1e-08,0.1,7.0,10
1000000,50000,0.05,0.003,4,nl,128,0.5,hwindow_12h_highdim_extra_midp,8,0.01,1e-08,0.1,7.0,7
1000000,50000,0.05,0.003,4,nl,128,0.5,hwindow_12h_highdim_extra_midp,8,0.05,1e-08,0.1,7.0,8
1000000,50000,0.05,0.003,4,nl,128,0.5,hwindow_12h_highdim_extra_midp,8,0.1,1e-08,0.1,7.0,9
1000000,50000,0.05,0.003,4,nl,128,0.5,hwindow_12h_highdim_extra_midp,8,0.5,1e-08,0.1,7.0,10
1000000,50000,0.05,0.003,4,nl,128,0.5,hwindow_12h_highdim_extra_midp,8,1.0,1e-08,0.1,7.0,11
1000000,50000,0.05,0.003,4,nl,128,0.5,hwindow_12h_highdim_extra_midp,16,0.01,1e-08,0.1,7.0,7
1000000,50000,0.05,0.003,4,nl,128,0.5,hwindow_12h_highdim_extra_midp,16,0.05,1e-08,0.1,7.0,9
1000000,50000,0.05,0.003,4,nl,128,0.5,hwindow_12h_highdim_extra_midp,16,0.1,1e-08,0.1,7.0,9
1000000,50000,0.05,0.003,4,nl,128,0.5,hwindow_12h_highdim_extra_midp,16,0.5,1e-08,0.1,7.0,11
1000000,50000,0.05,0.003,4,nl,128,0.5,hwindow_12h_highdim_extra_midp,16,1.0,1e-08,0.1,7.0,12
1000000,50000,0.05,0.003,8,nl,128,0.5,hwindow_12h_highdim_extra_midp,1,0.01,0.003,0.03,1.0,2
1000000,50000,0.05,0.003,8,nl,128,0.5,hwindow_12h_highdim_extra_midp,1,0.05,3e-08,0.1,6.522878745280337,5
1000000,50000,0.05,0.003,8,nl,128,0.5,hwindow_12h_highdim_extra_midp,1,0.1,1e-08,0.1,7.0,8
1000000,50000,0.05,0.003,8,nl,128,0.5,hwindow_12h_highdim_extra_midp,1,0.5,1e-08,0.1,7.0,9
1000000,50000,0.05,0.003,8,nl,128,0.5,hwindow_12h_highdim_extra_midp,1,1.0,1e-08,0.1,7.0,9
1000000,50000,0.05,0.003,8,nl,128,0.5,hwindow_12h_highdim_extra_midp,2,0.01,0.003,0.1,1.5228787452803376,4
1000000,50000,0.05,0.003,8,nl,128,0.5,hwindow_12h_highdim_extra_midp,2,0.05,1e-08,0.1,7.0,8
1000000,50000,0.05,0.003,8,nl,128,0.5,hwindow_12h_highdim_extra_midp,2,0.1,1e-08,0.1,7.0,8
1000000,50000,0.05,0.003,8,nl,128,0.5,hwindow_12h_highdim_extra_midp,2,0.5,1e-08,0.1,7.0,9
1000000,50000,0.05,0.003,8,nl,128,0.5,hwindow_12h_highdim_extra_midp,2,1.0,1e-08,0.1,7.0,10
1000000,50000,0.05,0.003,8,nl,128,0.5,hwindow_12h_highdim_extra_midp,4,0.01,0.003,0.1,1.5228787452803376,4
1000000,50000,0.05,0.003,8,nl,128,0.5,hwindow_12h_highdim_extra_midp,4,0.05,1e-08,0.1,7.0,8
1000000,50000,0.05,0.003,8,nl,128,0.5,hwindow_12h_highdim_extra_midp,4,0.1,1e-08,0.1,7.0,8
1000000,50000,0.05,0.003,8,nl,128,0.5,hwindow_12h_highdim_extra_midp,4,0.5,1e-08,0.1,7.0,10
1000000,50000,0.05,0.003,8,nl,128,0.5,hwindow_12h_highdim_extra_midp,4,1.0,1e-08,0.1,7.0,10
1000000,50000,0.05,0.003,8,nl,128,0.5,hwindow_12h_highdim_extra_midp,8,0.01,1e-08,0.1,7.0,8
1000000,50000,0.05,0.003,8,nl,128,0.5,hwindow_12h_highdim_extra_midp,8,0.05,1e-08,0.1,7.0,8
1000000,50000,0.05,0.003,8,nl,128,0.5,hwindow_12h_highdim_extra_midp,8,0.1,1e-08,0.1,7.0,9
1000000,50000,0.05,0.003,8,nl,128,0.5,hwindow_12h_highdim_extra_midp,8,0.5,1e-08,0.1,7.0,10
1000000,50000,0.05,0.003,8,nl,128,0.5,hwindow_12h_highdim_extra_midp,8,1.0,1e-08,0.1,7.0,11
1000000,50000,0.05,0.003,8,nl,128,0.5,hwindow_12h_highdim_extra_midp,16,0.01,1e-08,0.1,7.0,8
1000000,50000,0.05,0.003,8,nl,128,0.5,hwindow_12h_highdim_extra_midp,16,0.05,1e-08,0.1,7.0,9
1000000,50000,0.05,0.003,8,nl,128,0.5,hwindow_12h_highdim_extra_midp,16,0.1,1e-08,0.1,7.0,10
1000000,50000,0.05,0.003,8,nl,128,0.5,hwindow_12h_highdim_extra_midp,16,0.5,1e-08,0.1,7.0,11
1000000,50000,0.05,0.003,8,nl,128,0.5,hwindow_12h_highdim_extra_midp,16,1.0,1e-08,0.1,7.0,11
1000000,100000,0.1,1e-05,4,lin,128,0.0,main,1,0.01,1e-05,3e-05,0.47712125471966244,2
1000000,100000,0.1,1e-05,4,lin,128,0.0,main,1,0.05,3e-06,0.0001,1.5228787452803376,4
1000000,100000,0.1,1e-05,4,lin,128,0.0,main,1,0.1,1e-06,0.1,5.0,10
1000000,100000,0.1,1e-05,4,lin,128,0.0,main,1,0.5,1e-06,0.1,5.0,11
1000000,100000,0.1,1e-05,4,lin,128,0.0,main,1,1.0,1e-06,0.1,5.0,11
1000000,100000,0.1,1e-05,4,lin,128,0.0,main,2,0.01,1e-05,3e-05,0.47712125471966244,2
1000000,100000,0.1,1e-05,4,lin,128,0.0,main,2,0.05,1e-06,0.1,5.0,10
1000000,100000,0.1,1e-05,4,lin,128,0.0,main,2,0.1,1e-06,0.1,5.0,11
1000000,100000,0.1,1e-05,4,lin,128,0.0,main,2,0.5,1e-06,0.1,5.0,11
1000000,100000,0.1,1e-05,4,lin,128,0.0,main,2,1.0,3e-07,0.1,5.522878745280337,12
1000000,100000,0.1,1e-05,4,lin,128,0.0,main,4,0.01,3e-06,0.0001,1.5228787452803376,4
1000000,100000,0.1,1e-05,4,lin,128,0.0,main,4,0.05,1e-06,0.1,5.0,11
1000000,100000,0.1,1e-05,4,lin,128,0.0,main,4,0.1,1e-06,0.1,5.0,11
1000000,100000,0.1,1e-05,4,lin,128,0.0,main,4,0.5,3e-07,0.1,5.522878745280337,12
1000000,100000,0.1,1e-05,4,lin,128,0.0,main,4,1.0,1e-07,0.1,6.0,13
1000000,100000,0.1,1e-05,4,lin,128,0.0,main,8,0.01,3e-06,0.1,4.522878745280337,7
1000000,100000,0.1,1e-05,4,lin,128,0.0,main,8,0.05,1e-06,0.1,5.0,11
1000000,100000,0.1,1e-05,4,lin,128,0.0,main,8,0.1,1e-06,0.1,5.0,11
1000000,100000,0.1,1e-05,4,lin,128,0.0,main,8,0.5,1e-07,0.1,6.0,13
1000000,100000,0.1,1e-05,4,lin,128,0.0,main,8,1.0,1e-07,0.1,6.0,13
1000000,100000,0.1,1e-05,4,lin,128,0.0,main,16,0.01,1e-06,0.1,5.0,11
1000000,100000,0.1,1e-05,4,lin,128,0.0,main,16,0.05,1e-06,0.1,5.0,11
1000000,100000,0.1,1e-05,4,lin,128,0.0,main,16,0.1,3e-07,0.1,5.522878745280337,12
1000000,100000,0.1,1e-05,4,lin,128,0.0,main,16,0.5,1e-07,0.1,6.0,13
1000000,100000,0.1,1e-05,4,lin,128,0.0,main,16,1.0,3e-08,0.1,6.522878745280337,14
1000000,100000,0.1,1e-05,4,lin,128,1.0,main,1,0.01,,,,0
1000000,100000,0.1,1e-05,4,lin,128,1.0,main,1,0.05,1e-05,0.0003,1.4771212547196624,4
1000000,100000,0.1,1e-05,4,lin,128,1.0,main,1,0.1,1e-05,0.1,4.0,7
1000000,100000,0.1,1e-05,4,lin,128,1.0,main,1,0.5,3e-06,0.1,4.522878745280337,10
1000000,100000,0.1,1e-05,4,lin,128,1.0,main,1,1.0,1e-06,0.1,5.0,11
1000000,100000,0.1,1e-05,4,lin,128,1.0,main,2,0.01,3e-05,3e-05,0.0,1
1000000,100000,0.1,1e-05,4,lin,128,1.0,main,2,0.05,1e-05,0.1,4.0,7
1000000,100000,0.1,1e-05,4,lin,128,1.0,main,2,0.1,3e-06,0.1,4.522878745280337,10
1000000,100000,0.1,1e-05,4,lin,128,1.0,main,2,0.5,1e-06,0.1,5.0,11
1000000,100000,0.1,1e-05,4,lin,128,1.0,main,2,1.0,3e-07,0.1,5.522878745280337,12
1000000,100000,0.1,1e-05,4,lin,128,1.0,main,4,0.01,1e-05,0.0003,1.4771212547196624,4
1000000,100000,0.1,1e-05,4,lin,128,1.0,main,4,0.05,3e-06,0.1,4.522878745280337,10
1000000,100000,0.1,1e-05,4,lin,128,1.0,main,4,0.1,3e-06,0.1,4.522878745280337,10
1000000,100000,0.1,1e-05,4,lin,128,1.0,main,4,0.5,3e-07,0.1,5.522878745280337,12
1000000,100000,0.1,1e-05,4,lin,128,1.0,main,4,1.0,3e-07,0.1,5.522878745280337,12
1000000,100000,0.1,1e-05,4,lin,128,1.0,main,8,0.01,1e-05,0.003,2.4771212547196626,5
1000000,100000,0.1,1e-05,4,lin,128,1.0,main,8,0.05,3e-06,0.1,4.522878745280337,10
1000000,100000,0.1,1e-05,4,lin,128,1.0,main,8,0.1,1e-06,0.1,5.0,11
1000000,100000,0.1,1e-05,4,lin,128,1.0,main,8,0.5,3e-07,0.1,5.522878745280337,12
1000000,100000,0.1,1e-05,4,lin,128,1.0,main,8,1.0,3e-07,0.1,5.522878745280337,12
1000000,100000,0.1,1e-05,4,lin,128,1.0,main,16,0.01,3e-06,0.1,4.522878745280337,10
1000000,100000,0.1,1e-05,4,lin,128,1.0,main,16,0.05,1e-06,0.1,5.0,11
1000000,100000,0.1,1e-05,4,lin,128,1.0,main,16,0.1,1e-06,0.1,5.0,11
1000000,100000,0.1,1e-05,4,lin,128,1.0,main,16,0.5,3e-07,0.1,5.522878745280337,12
1000000,100000,0.1,1e-05,4,lin,128,1.0,main,16,1.0,3e-08,0.1,6.522878745280337,14
1000000,100000,0.1,1e-05,4,nl,128,0.0,main,1,0.01,,,,0
1000000,100000,0.1,1e-05,4,nl,128,0.0,main,1,0.05,3e-08,3e-06,2.0,2
1000000,100000,0.1,1e-05,4,nl,128,0.0,main,1,0.1,1e-08,0.01,6.0,7
1000000,100000,0.1,1e-05,4,nl,128,0.0,main,1,0.5,1e-08,0.1,7.0,15
1000000,100000,0.1,1e-05,4,nl,128,0.0,main,1,1.0,1e-08,0.1,7.0,15
1000000,100000,0.1,1e-05,4,nl,128,0.0,main,2,0.01,,,,0
1000000,100000,0.1,1e-05,4,nl,128,0.0,main,2,0.05,1e-08,0.01,6.0,7
1000000,100000,0.1,1e-05,4,nl,128,0.0,main,2,0.1,1e-08,0.1,7.0,15
1000000,100000,0.1,1e-05,4,nl,128,0.0,main,2,0.5,1e-08,0.1,7.0,15
1000000,100000,0.1,1e-05,4,nl,128,0.0,main,2,1.0,1e-08,0.1,7.0,15
1000000,100000,0.1,1e-05,4,nl,128,0.0,main,4,0.01,3e-08,3e-08,0.0,1
1000000,100000,0.1,1e-05,4,nl,128,0.0,main,4,0.05,1e-08,0.1,7.0,15
1000000,100000,0.1,1e-05,4,nl,128,0.0,main,4,0.1,1e-08,0.1,7.0,15
1000000,100000,0.1,1e-05,4,nl,128,0.0,main,4,0.5,1e-08,0.1,7.0,15
1000000,100000,0.1,1e-05,4,nl,128,0.0,main,4,1.0,1e-08,0.1,7.0,15
1000000,100000,0.1,1e-05,4,nl,128,0.0,main,8,0.01,1e-08,0.01,6.0,6
1000000,100000,0.1,1e-05,4,nl,128,0.0,main,8,0.05,1e-08,0.1,7.0,15
1000000,100000,0.1,1e-05,4,nl,128,0.0,main,8,0.1,1e-08,0.1,7.0,15
1000000,100000,0.1,1e-05,4,nl,128,0.0,main,8,0.5,1e-08,0.1,7.0,15
1000000,100000,0.1,1e-05,4,nl,128,0.0,main,8,1.0,1e-08,0.1,7.0,15
1000000,100000,0.1,1e-05,4,nl,128,0.0,main,16,0.01,1e-08,0.1,7.0,12
1000000,100000,0.1,1e-05,4,nl,128,0.0,main,16,0.05,1e-08,0.1,7.0,15
1000000,100000,0.1,1e-05,4,nl,128,0.0,main,16,0.1,1e-08,0.1,7.0,15
1000000,100000,0.1,1e-05,4,nl,128,0.0,main,16,0.5,1e-08,0.1,7.0,15
1000000,100000,0.1,1e-05,4,nl,128,0.0,main,16,1.0,1e-08,0.1,7.0,15
1000000,100000,0.1,1e-05,4,nl,128,1.0,main,1,0.01,,,,0
1000000,100000,0.1,1e-05,4,nl,128,1.0,main,1,0.05,,,,0
1000000,100000,0.1,1e-05,4,nl,128,1.0,main,1,0.1,1e-08,0.03,6.477121254719663,7
1000000,100000,0.1,1e-05,4,nl,128,1.0,main,1,0.5,1e-08,0.1,7.0,10
1000000,100000,0.1,1e-05,4,nl,128,1.0,main,1,1.0,1e-08,0.1,7.0,11
1000000,100000,0.1,1e-05,4,nl,128,1.0,main,2,0.01,,,,0
1000000,100000,0.1,1e-05,4,nl,128,1.0,main,2,0.05,1e-08,0.03,6.477121254719663,7
1000000,100000,0.1,1e-05,4,nl,128,1.0,main,2,0.1,1e-08,0.1,7.0,9
1000000,100000,0.1,1e-05,4,nl,128,1.0,main,2,0.5,1e-08,0.1,7.0,11
1000000,100000,0.1,1e-05,4,nl,128,1.0,main,2,1.0,1e-08,0.1,7.0,12
1000000,100000,0.1,1e-05,4,nl,128,1.0,main,4,0.01,,,,0
1000000,100000,0.1,1e-05,4,nl,128,1.0,main,4,0.05,1e-08,0.1,7.0,9
1000000,100000,0.1,1e-05,4,nl,128,1.0,main,4,0.1,1e-08,0.1,7.0,10
1000000,100000,0.1,1e-05,4,nl,128,1.0,main,4,0.5,1e-08,0.1,7.0,12
1000000,100000,0.1,1e-05,4,nl,128,1.0,main,4,1.0,1e-08,0.1,7.0,12
1000000,100000,0.1,1e-05,4,nl,128,1.0,main,8,0.01,1e-08,0.003,5.477121254719663,4
1000000,100000,0.1,1e-05,4,nl,128,1.0,main,8,0.05,1e-08,0.1,7.0,10
1000000,100000,0.1,1e-05,4,nl,128,1.0,main,8,0.1,1e-08,0.1,7.0,10
1000000,100000,0.1,1e-05,4,nl,128,1.0,main,8,0.5,1e-08,0.1,7.0,12
1000000,100000,0.1,1e-05,4,nl,128,1.0,main,8,1.0,1e-08,0.1,7.0,13
1000000,100000,0.1,1e-05,4,nl,128,1.0,main,16,0.01,1e-08,0.1,7.0,9
1000000,100000,0.1,1e-05,4,nl,128,1.0,main,16,0.05,1e-08,0.1,7.0,10
1000000,100000,0.1,1e-05,4,nl,128,1.0,main,16,0.1,1e-08,0.1,7.0,12
1000000,100000,0.1,1e-05,4,nl,128,1.0,main,16,0.5,1e-08,0.1,7.0,13
1000000,100000,0.1,1e-05,4,nl,128,1.0,main,16,1.0,1e-08,0.1,7.0,15
1000000,100000,0.1,1e-05,8,lin,128,0.0,main,1,0.01,1e-05,0.0003,1.4771212547196624,4
1000000,100000,0.1,1e-05,8,lin,128,0.0,main,1,0.05,1e-05,0.003,2.4771212547196626,6
1000000,100000,0.1,1e-05,8,lin,128,0.0,main,1,0.1,3e-06,0.1,4.522878745280337,9
1000000,100000,0.1,1e-05,8,lin,128,0.0,main,1,0.5,1e-06,0.1,5.0,11
1000000,100000,0.1,1e-05,8,lin,128,0.0,main,1,1.0,1e-06,0.1,5.0,11
1000000,100000,0.1,1e-05,8,lin,128,0.0,main,2,0.01,1e-05,0.001,2.0,5
1000000,100000,0.1,1e-05,8,lin,128,0.0,main,2,0.05,3e-06,0.1,4.522878745280337,9
1000000,100000,0.1,1e-05,8,lin,128,0.0,main,2,0.1,3e-06,0.1,4.522878745280337,10
1000000,100000,0.1,1e-05,8,lin,128,0.0,main,2,0.5,1e-06,0.1,5.0,11
1000000,100000,0.1,1e-05,8,lin,128,0.0,main,2,1.0,3e-07,0.1,5.522878745280337,12
1000000,100000,0.1,1e-05,8,lin,128,0.0,main,4,0.01,1e-05,0.003,2.4771212547196626,6
1000000,100000,0.1,1e-05,8,lin,128,0.0,main,4,0.05,3e-06,0.1,4.522878745280337,10
1000000,100000,0.1,1e-05,8,lin,128,0.0,main,4,0.1,1e-06,0.1,5.0,11
1000000,100000,0.1,1e-05,8,lin,128,0.0,main,4,0.5,3e-07,0.1,5.522878745280337,12
1000000,100000,0.1,1e-05,8,lin,128,0.0,main,4,1.0,3e-08,0.1,6.522878745280337,14
1000000,100000,0.1,1e-05,8,lin,128,0.0,main,8,0.01,3e-06,0.003,3.0,7
1000000,100000,0.1,1e-05,8,lin,128,0.0,main,8,0.05,1e-06,0.1,5.0,11
1000000,100000,0.1,1e-05,8,lin,128,0.0,main,8,0.1,1e-06,0.1,5.0,11
1000000,100000,0.1,1e-05,8,lin,128,0.0,main,8,0.5,3e-08,0.1,6.522878745280337,14
1000000,100000,0.1,1e-05,8,lin,128,0.0,main,8,1.0,3e-08,0.1,6.522878745280337,14
1000000,100000,0.1,1e-05,8,lin,128,0.0,main,16,0.01,3e-06,0.1,4.522878745280337,10
1000000,100000,0.1,1e-05,8,lin,128,0.0,main,16,0.05,1e-06,0.1,5.0,11
1000000,100000,0.1,1e-05,8,lin,128,0.0,main,16,0.1,3e-07,0.1,5.522878745280337,12
1000000,100000,0.1,1e-05,8,lin,128,0.0,main,16,0.5,3e-08,0.1,6.522878745280337,14
1000000,100000,0.1,1e-05,8,lin,128,0.0,main,16,1.0,3e-08,0.1,6.522878745280337,14
1000000,100000,0.1,1e-05,8,lin,128,1.0,main,1,0.01,3e-05,0.0003,0.9999999999999999,3
1000000,100000,0.1,1e-05,8,lin,128,1.0,main,1,0.05,1e-05,0.003,2.4771212547196626,6
1000000,100000,0.1,1e-05,8,lin,128,1.0,main,1,0.1,1e-05,0.1,4.0,9
1000000,100000,0.1,1e-05,8,lin,128,1.0,main,1,0.5,3e-06,0.1,4.522878745280337,10
1000000,100000,0.1,1e-05,8,lin,128,1.0,main,1,1.0,1e-06,0.1,5.0,11
1000000,100000,0.1,1e-05,8,lin,128,1.0,main,2,0.01,3e-05,0.0003,0.9999999999999999,3
1000000,100000,0.1,1e-05,8,lin,128,1.0,main,2,0.05,1e-05,0.1,4.0,9
1000000,100000,0.1,1e-05,8,lin,128,1.0,main,2,0.1,3e-06,0.1,4.522878745280337,10
1000000,100000,0.1,1e-05,8,lin,128,1.0,main,2,0.5,1e-06,0.1,5.0,11
1000000,100000,0.1,1e-05,8,lin,128,1.0,main,2,1.0,3e-07,0.1,5.522878745280337,12
1000000,100000,0.1,1e-05,8,lin,128,1.0,main,4,0.01,1e-05,0.003,2.4771212547196626,6
1000000,100000,0.1,1e-05,8,lin,128,1.0,main,4,0.05,3e-06,0.1,4.522878745280337,10
1000000,100000,0.1,1e-05,8,lin,128,1.0,main,4,0.1,3e-06,0.1,4.522878745280337,10
1000000,100000,0.1,1e-05,8,lin,128,1.0,main,4,0.5,3e-07,0.1,5.522878745280337,12
1000000,100000,0.1,1e-05,8,lin,128,1.0,main,4,1.0,1e-07,0.1,6.0,13
1000000,100000,0.1,1e-05,8,lin,128,1.0,main,8,0.01,1e-05,0.1,4.0,7
1000000,100000,0.1,1e-05,8,lin,128,1.0,main,8,0.05,3e-06,0.1,4.522878745280337,10
1000000,100000,0.1,1e-05,8,lin,128,1.0,main,8,0.1,1e-06,0.1,5.0,11
1000000,100000,0.1,1e-05,8,lin,128,1.0,main,8,0.5,1e-07,0.1,6.0,13
1000000,100000,0.1,1e-05,8,lin,128,1.0,main,8,1.0,1e-07,0.1,6.0,13
1000000,100000,0.1,1e-05,8,lin,128,1.0,main,16,0.01,1e-05,0.1,4.0,9
1000000,100000,0.1,1e-05,8,lin,128,1.0,main,16,0.05,1e-06,0.1,5.0,11
1000000,100000,0.1,1e-05,8,lin,128,1.0,main,16,0.1,1e-06,0.1,5.0,11
1000000,100000,0.1,1e-05,8,lin,128,1.0,main,16,0.5,1e-07,0.1,6.0,13
1000000,100000,0.1,1e-05,8,lin,128,1.0,main,16,1.0,3e-08,0.1,6.522878745280337,14
1000000,100000,0.1,1e-05,8,nl,128,0.0,main,1,0.01,,,,0
1000000,100000,0.1,1e-05,8,nl,128,0.0,main,1,0.05,0.0001,0.003,1.4771212547196624,3
1000000,100000,0.1,1e-05,8,nl,128,0.0,main,1,0.1,3e-05,0.1,3.5228787452803374,7
1000000,100000,0.1,1e-05,8,nl,128,0.0,main,1,0.5,1e-05,0.1,4.0,9
1000000,100000,0.1,1e-05,8,nl,128,0.0,main,1,1.0,3e-06,0.1,4.522878745280337,10
1000000,100000,0.1,1e-05,8,nl,128,0.0,main,2,0.01,0.0003,0.0003,0.0,1
1000000,100000,0.1,1e-05,8,nl,128,0.0,main,2,0.05,3e-05,0.1,3.5228787452803374,7
1000000,100000,0.1,1e-05,8,nl,128,0.0,main,2,0.1,1e-05,0.1,4.0,9
1000000,100000,0.1,1e-05,8,nl,128,0.0,main,2,0.5,3e-06,0.1,4.522878745280337,10
1000000,100000,0.1,1e-05,8,nl,128,0.0,main,2,1.0,3e-06,0.1,4.522878745280337,10
1000000,100000,0.1,1e-05,8,nl,128,0.0,main,4,0.01,0.0001,0.0003,0.4771212547196624,2
1000000,100000,0.1,1e-05,8,nl,128,0.0,main,4,0.05,1e-05,0.1,4.0,9
1000000,100000,0.1,1e-05,8,nl,128,0.0,main,4,0.1,1e-05,0.1,4.0,9
1000000,100000,0.1,1e-05,8,nl,128,0.0,main,4,0.5,3e-06,0.1,4.522878745280337,10
1000000,100000,0.1,1e-05,8,nl,128,0.0,main,4,1.0,1e-06,0.1,5.0,11
1000000,100000,0.1,1e-05,8,nl,128,0.0,main,8,0.01,3e-05,0.1,3.5228787452803374,7
1000000,100000,0.1,1e-05,8,nl,128,0.0,main,8,0.05,1e-05,0.1,4.0,9
1000000,100000,0.1,1e-05,8,nl,128,0.0,main,8,0.1,3e-06,0.1,4.522878745280337,10
1000000,100000,0.1,1e-05,8,nl,128,0.0,main,8,0.5,1e-06,0.1,5.0,11
1000000,100000,0.1,1e-05,8,nl,128,0.0,main,8,1.0,3e-07,0.1,5.522878745280337,12
1000000,100000,0.1,1e-05,8,nl,128,0.0,main,16,0.01,1e-05,0.1,4.0,9
1000000,100000,0.1,1e-05,8,nl,128,0.0,main,16,0.05,3e-06,0.1,4.522878745280337,10
1000000,100000,0.1,1e-05,8,nl,128,0.0,main,16,0.1,3e-06,0.1,4.522878745280337,10
1000000,100000,0.1,1e-05,8,nl,128,0.0,main,16,0.5,3e-07,0.1,5.522878745280337,12
1000000,100000,0.1,1e-05,8,nl,128,0.0,main,16,1.0,1e-07,0.1,6.0,13
1000000,100000,0.1,1e-05,8,nl,128,1.0,main,1,0.01,,,,0
1000000,100000,0.1,1e-05,8,nl,128,1.0,main,1,0.05,0.0001,0.01,2.0,5
1000000,100000,0.1,1e-05,8,nl,128,1.0,main,1,0.1,3e-05,0.1,3.5228787452803374,7
1000000,100000,0.1,1e-05,8,nl,128,1.0,main,1,0.5,1e-06,0.1,5.0,11
1000000,100000,0.1,1e-05,8,nl,128,1.0,main,1,1.0,1e-06,0.1,5.0,11
1000000,100000,0.1,1e-05,8,nl,128,1.0,main,2,0.01,0.0003,0.0003,0.0,1
1000000,100000,0.1,1e-05,8,nl,128,1.0,main,2,0.05,3e-05,0.1,3.5228787452803374,7
1000000,100000,0.1,1e-05,8,nl,128,1.0,main,2,0.1,1e-05,0.1,4.0,9
1000000,100000,0.1,1e-05,8,nl,128,1.0,main,2,0.5,1e-06,0.1,5.0,11
1000000,100000,0.1,1e-05,8,nl,128,1.0,main,2,1.0,1e-06,0.1,5.0,11
1000000,100000,0.1,1e-05,8,nl,128,1.0,main,4,0.01,0.0001,0.01,2.0,5
1000000,100000,0.1,1e-05,8,nl,128,1.0,main,4,0.05,1e-05,0.1,4.0,9
1000000,100000,0.1,1e-05,8,nl,128,1.0,main,4,0.1,3e-06,0.1,4.522878745280337,10
1000000,100000,0.1,1e-05,8,nl,128,1.0,main,4,0.5,1e-06,0.1,5.0,11
1000000,100000,0.1,1e-05,8,nl,128,1.0,main,4,1.0,3e-07,0.1,5.522878745280337,12
1000000,100000,0.1,1e-05,8,nl,128,1.0,main,8,0.01,3e-05,0.01,2.5228787452803374,6
1000000,100000,0.1,1e-05,8,nl,128,1.0,main,8,0.05,3e-06,0.1,4.522878745280337,10
1000000,100000,0.1,1e-05,8,nl,128,1.0,main,8,0.1,1e-06,0.1,5.0,11
1000000,100000,0.1,1e-05,8,nl,128,1.0,main,8,0.5,3e-07,0.1,5.522878745280337,12
1000000,100000,0.1,1e-05,8,nl,128,1.0,main,8,1.0,1e-07,0.1,6.0,13
1000000,100000,0.1,1e-05,8,nl,128,1.0,main,16,0.01,1e-05,0.1,4.0,9
1000000,100000,0.1,1e-05,8,nl,128,1.0,main,16,0.05,1e-06,0.1,5.0,11
1000000,100000,0.1,1e-05,8,nl,128,1.0,main,16,0.1,1e-06,0.1,5.0,11
1000000,100000,0.1,1e-05,8,nl,128,1.0,main,16,0.5,1e-07,0.1,6.0,13
1000000,100000,0.1,1e-05,8,nl,128,1.0,main,16,1.0,3e-08,0.1,6.522878745280337,14
1000000,100000,0.1,0.0001,4,lin,128,0.0,main,1,0.01,0.0001,0.0003,0.4771212547196624,2
1000000,100000,0.1,0.0001,4,lin,128,0.0,main,1,0.05,0.0001,0.003,1.4771212547196624,4
1000000,100000,0.1,0.0001,4,lin,128,0.0,main,1,0.1,3e-05,0.1,3.5228787452803374,8
1000000,100000,0.1,0.0001,4,lin,128,0.0,main,1,0.5,1e-05,0.1,4.0,9
1000000,100000,0.1,0.0001,4,lin,128,0.0,main,1,1.0,1e-05,0.1,4.0,9
1000000,100000,0.1,0.0001,4,lin,128,0.0,main,2,0.01,0.0001,0.0003,0.4771212547196624,2
1000000,100000,0.1,0.0001,4,lin,128,0.0,main,2,0.05,3e-05,0.1,3.5228787452803374,8
1000000,100000,0.1,0.0001,4,lin,128,0.0,main,2,0.1,3e-05,0.1,3.5228787452803374,8
1000000,100000,0.1,0.0001,4,lin,128,0.0,main,2,0.5,1e-05,0.1,4.0,9
1000000,100000,0.1,0.0001,4,lin,128,0.0,main,2,1.0,3e-06,0.1,4.522878745280337,10
1000000,100000,0.1,0.0001,4,lin,128,0.0,main,4,0.01,0.0001,0.001,1.0,3
1000000,100000,0.1,0.0001,4,lin,128,0.0,main,4,0.05,3e-05,0.1,3.5228787452803374,8
1000000,100000,0.1,0.0001,4,lin,128,0.0,main,4,0.1,1e-05,0.1,4.0,9
1000000,100000,0.1,0.0001,4,lin,128,0.0,main,4,0.5,3e-06,0.1,4.522878745280337,10
1000000,100000,0.1,0.0001,4,lin,128,0.0,main,4,1.0,1e-06,0.1,5.0,11
1000000,100000,0.1,0.0001,4,lin,128,0.0,main,8,0.01,3e-05,0.1,3.5228787452803374,7
1000000,100000,0.1,0.0001,4,lin,128,0.0,main,8,0.05,1e-05,0.1,4.0,9
1000000,100000,0.1,0.0001,4,lin,128,0.0,main,8,0.1,1e-05,0.1,4.0,9
1000000,100000,0.1,0.0001,4,lin,128,0.0,main,8,0.5,1e-06,0.1,5.0,11
1000000,100000,0.1,0.0001,4,lin,128,0.0,main,8,1.0,1e-06,0.1,5.0,11
1000000,100000,0.1,0.0001,4,lin,128,0.0,main,16,0.01,3e-05,0.1,3.5228787452803374,8
1000000,100000,0.1,0.0001,4,lin,128,0.0,main,16,0.05,1e-05,0.1,4.0,9
1000000,100000,0.1,0.0001,4,lin,128,0.0,main,16,0.1,3e-06,0.1,4.522878745280337,10
1000000,100000,0.1,0.0001,4,lin,128,0.0,main,16,0.5,1e-06,0.1,5.0,11
1000000,100000,0.1,0.0001,4,lin,128,0.0,main,16,1.0,1e-06,0.1,5.0,11
1000000,100000,0.1,0.0001,4,lin,128,1.0,main,1,0.01,0.0003,0.0003,0.0,1
1000000,100000,0.1,0.0001,4,lin,128,1.0,main,1,0.05,0.0001,0.03,2.4771212547196626,4
1000000,100000,0.1,0.0001,4,lin,128,1.0,main,1,0.1,0.0001,0.03,2.4771212547196626,5
1000000,100000,0.1,0.0001,4,lin,128,1.0,main,1,0.5,3e-05,0.1,3.5228787452803374,8
1000000,100000,0.1,0.0001,4,lin,128,1.0,main,1,1.0,3e-06,0.1,4.522878745280337,9
1000000,100000,0.1,0.0001,4,lin,128,1.0,main,2,0.01,0.0003,0.0003,0.0,1
1000000,100000,0.1,0.0001,4,lin,128,1.0,main,2,0.05,0.0001,0.03,2.4771212547196626,5
1000000,100000,0.1,0.0001,4,lin,128,1.0,main,2,0.1,3e-05,0.03,3.0,7
1000000,100000,0.1,0.0001,4,lin,128,1.0,main,2,0.5,3e-06,0.1,4.522878745280337,9
1000000,100000,0.1,0.0001,4,lin,128,1.0,main,2,1.0,3e-06,0.1,4.522878745280337,10
1000000,100000,0.1,0.0001,4,lin,128,1.0,main,4,0.01,0.0001,0.03,2.4771212547196626,4
1000000,100000,0.1,0.0001,4,lin,128,1.0,main,4,0.05,3e-05,0.03,3.0,7
1000000,100000,0.1,0.0001,4,lin,128,1.0,main,4,0.1,3e-05,0.1,3.5228787452803374,8
1000000,100000,0.1,0.0001,4,lin,128,1.0,main,4,0.5,3e-06,0.1,4.522878745280337,10
1000000,100000,0.1,0.0001,4,lin,128,1.0,main,4,1.0,3e-06,0.1,4.522878745280337,10
1000000,100000,0.1,0.0001,4,lin,128,1.0,main,8,0.01,0.0001,0.03,2.4771212547196626,5
1000000,100000,0.1,0.0001,4,lin,128,1.0,main,8,0.05,3e-05,0.1,3.5228787452803374,8
1000000,100000,0.1,0.0001,4,lin,128,1.0,main,8,0.1,3e-05,0.1,3.5228787452803374,8
1000000,100000,0.1,0.0001,4,lin,128,1.0,main,8,0.5,3e-06,0.1,4.522878745280337,10
1000000,100000,0.1,0.0001,4,lin,128,1.0,main,8,1.0,1e-06,0.1,5.0,11
1000000,100000,0.1,0.0001,4,lin,128,1.0,main,16,0.01,3e-05,0.03,3.0,7
1000000,100000,0.1,0.0001,4,lin,128,1.0,main,16,0.05,3e-05,0.1,3.5228787452803374,8
1000000,100000,0.1,0.0001,4,lin,128,1.0,main,16,0.1,3e-06,0.1,4.522878745280337,10
1000000,100000,0.1,0.0001,4,lin,128,1.0,main,16,0.5,1e-06,0.1,5.0,11
1000000,100000,0.1,0.0001,4,lin,128,1.0,main,16,1.0,1e-06,0.1,5.0,11
1000000,100000,0.1,0.0001,4,nl,128,0.0,main,1,0.01,,,,0
1000000,100000,0.1,0.0001,4,nl,128,0.0,main,1,0.05,0.0001,0.003,1.4771212547196624,3
1000000,100000,0.1,0.0001,4,nl,128,0.0,main,1,0.1,3e-05,0.1,3.5228787452803374,6
1000000,100000,0.1,0.0001,4,nl,128,0.0,main,1,0.5,1e-05,0.1,4.0,9
1000000,100000,0.1,0.0001,4,nl,128,0.0,main,1,1.0,3e-06,0.1,4.522878745280337,10
1000000,100000,0.1,0.0001,4,nl,128,0.0,main,2,0.01,0.0001,0.0001,0.0,1
1000000,100000,0.1,0.0001,4,nl,128,0.0,main,2,0.05,3e-05,0.1,3.5228787452803374,6
1000000,100000,0.1,0.0001,4,nl,128,0.0,main,2,0.1,1e-05,0.1,4.0,9
1000000,100000,0.1,0.0001,4,nl,128,0.0,main,2,0.5,3e-06,0.1,4.522878745280337,10
1000000,100000,0.1,0.0001,4,nl,128,0.0,main,2,1.0,3e-06,0.1,4.522878745280337,10
1000000,100000,0.1,0.0001,4,nl,128,0.0,main,4,0.01,0.0001,0.003,1.4771212547196624,3
1000000,100000,0.1,0.0001,4,nl,128,0.0,main,4,0.05,1e-05,0.1,4.0,9
1000000,100000,0.1,0.0001,4,nl,128,0.0,main,4,0.1,1e-05,0.1,4.0,9
1000000,100000,0.1,0.0001,4,nl,128,0.0,main,4,0.5,3e-06,0.1,4.522878745280337,10
1000000,100000,0.1,0.0001,4,nl,128,0.0,main,4,1.0,1e-06,0.1,5.0,11
1000000,100000,0.1,0.0001,4,nl,128,0.0,main,8,0.01,3e-05,0.1,3.5228787452803374,6
1000000,100000,0.1,0.0001,4,nl,128,0.0,main,8,0.05,1e-05,0.1,4.0,9
1000000,100000,0.1,0.0001,4,nl,128,0.0,main,8,0.1,3e-06,0.1,4.522878745280337,10
1000000,100000,0.1,0.0001,4,nl,128,0.0,main,8,0.5,1e-06,0.1,5.0,11
1000000,100000,0.1,0.0001,4,nl,128,0.0,main,8,1.0,1e-06,0.1,5.0,11
1000000,100000,0.1,0.0001,4,nl,128,0.0,main,16,0.01,3e-05,0.1,3.5228787452803374,8
1000000,100000,0.1,0.0001,4,nl,128,0.0,main,16,0.05,3e-06,0.1,4.522878745280337,10
1000000,100000,0.1,0.0001,4,nl,128,0.0,main,16,0.1,3e-06,0.1,4.522878745280337,10
1000000,100000,0.1,0.0001,4,nl,128,0.0,main,16,0.5,1e-06,0.1,5.0,11
1000000,100000,0.1,0.0001,4,nl,128,0.0,main,16,1.0,3e-07,0.1,5.522878745280337,12
1000000,100000,0.1,0.0001,4,nl,128,1.0,main,1,0.01,,,,0
1000000,100000,0.1,0.0001,4,nl,128,1.0,main,1,0.05,0.001,0.001,0.0,1
1000000,100000,0.1,0.0001,4,nl,128,1.0,main,1,0.1,0.0003,0.03,2.0,5
1000000,100000,0.1,0.0001,4,nl,128,1.0,main,1,0.5,0.0001,0.1,3.0,7
1000000,100000,0.1,0.0001,4,nl,128,1.0,main,1,1.0,3e-05,0.1,3.5228787452803374,8
1000000,100000,0.1,0.0001,4,nl,128,1.0,main,2,0.01,0.001,0.001,0.0,1
1000000,100000,0.1,0.0001,4,nl,128,1.0,main,2,0.05,0.0003,0.03,2.0,5
1000000,100000,0.1,0.0001,4,nl,128,1.0,main,2,0.1,0.0003,0.1,2.5228787452803374,6
1000000,100000,0.1,0.0001,4,nl,128,1.0,main,2,0.5,3e-05,0.1,3.5228787452803374,8
1000000,100000,0.1,0.0001,4,nl,128,1.0,main,2,1.0,3e-05,0.1,3.5228787452803374,8
1000000,100000,0.1,0.0001,4,nl,128,1.0,main,4,0.01,0.001,0.001,0.0,1
1000000,100000,0.1,0.0001,4,nl,128,1.0,main,4,0.05,0.0003,0.1,2.5228787452803374,6
1000000,100000,0.1,0.0001,4,nl,128,1.0,main,4,0.1,0.0001,0.1,3.0,7
1000000,100000,0.1,0.0001,4,nl,128,1.0,main,4,0.5,3e-05,0.1,3.5228787452803374,8
1000000,100000,0.1,0.0001,4,nl,128,1.0,main,4,1.0,3e-05,0.1,3.5228787452803374,8
1000000,100000,0.1,0.0001,4,nl,128,1.0,main,8,0.01,0.0003,0.003,1.0,3
1000000,100000,0.1,0.0001,4,nl,128,1.0,main,8,0.05,0.0001,0.1,3.0,7
1000000,100000,0.1,0.0001,4,nl,128,1.0,main,8,0.1,0.0001,0.1,3.0,7
1000000,100000,0.1,0.0001,4,nl,128,1.0,main,8,0.5,3e-05,0.1,3.5228787452803374,8
1000000,100000,0.1,0.0001,4,nl,128,1.0,main,8,1.0,3e-06,0.1,4.522878745280337,10
1000000,100000,0.1,0.0001,4,nl,128,1.0,main,16,0.01,0.0003,0.1,2.5228787452803374,6
1000000,100000,0.1,0.0001,4,nl,128,1.0,main,16,0.05,0.0001,0.1,3.0,7
1000000,100000,0.1,0.0001,4,nl,128,1.0,main,16,0.1,3e-05,0.1,3.5228787452803374,8
1000000,100000,0.1,0.0001,4,nl,128,1.0,main,16,0.5,3e-06,0.1,4.522878745280337,10
1000000,100000,0.1,0.0001,4,nl,128,1.0,main,16,1.0,3e-07,0.1,5.522878745280337,12
1000000,100000,0.1,0.0001,8,lin,128,0.0,main,1,0.01,0.0001,0.003,1.4771212547196624,4
1000000,100000,0.1,0.0001,8,lin,128,0.0,main,1,0.05,3e-05,0.01,2.5228787452803374,6
1000000,100000,0.1,0.0001,8,lin,128,0.0,main,1,0.1,3e-05,0.1,3.5228787452803374,7
1000000,100000,0.1,0.0001,8,lin,128,0.0,main,1,0.5,1e-05,0.1,4.0,9
1000000,100000,0.1,0.0001,8,lin,128,0.0,main,1,1.0,3e-06,0.1,4.522878745280337,10
1000000,100000,0.1,0.0001,8,lin,128,0.0,main,2,0.01,0.0001,0.01,2.0,5
1000000,100000,0.1,0.0001,8,lin,128,0.0,main,2,0.05,3e-05,0.1,3.5228787452803374,7
1000000,100000,0.1,0.0001,8,lin,128,0.0,main,2,0.1,3e-05,0.1,3.5228787452803374,8
1000000,100000,0.1,0.0001,8,lin,128,0.0,main,2,0.5,3e-06,0.1,4.522878745280337,10
1000000,100000,0.1,0.0001,8,lin,128,0.0,main,2,1.0,3e-06,0.1,4.522878745280337,10
1000000,100000,0.1,0.0001,8,lin,128,0.0,main,4,0.01,3e-05,0.01,2.5228787452803374,6
1000000,100000,0.1,0.0001,8,lin,128,0.0,main,4,0.05,3e-05,0.1,3.5228787452803374,8
1000000,100000,0.1,0.0001,8,lin,128,0.0,main,4,0.1,1e-05,0.1,4.0,9
1000000,100000,0.1,0.0001,8,lin,128,0.0,main,4,0.5,3e-06,0.1,4.522878745280337,10
1000000,100000,0.1,0.0001,8,lin,128,0.0,main,4,1.0,3e-06,0.1,4.522878745280337,10
1000000,100000,0.1,0.0001,8,lin,128,0.0,main,8,0.01,3e-05,0.01,2.5228787452803374,6
1000000,100000,0.1,0.0001,8,lin,128,0.0,main,8,0.05,1e-05,0.1,4.0,9
1000000,100000,0.1,0.0001,8,lin,128,0.0,main,8,0.1,3e-06,0.1,4.522878745280337,10
1000000,100000,0.1,0.0001,8,lin,128,0.0,main,8,0.5,3e-06,0.1,4.522878745280337,10
1000000,100000,0.1,0.0001,8,lin,128,0.0,main,8,1.0,1e-06,0.1,5.0,11
1000000,100000,0.1,0.0001,8,lin,128,0.0,main,16,0.01,3e-05,0.1,3.5228787452803374,8
1000000,100000,0.1,0.0001,8,lin,128,0.0,main,16,0.05,3e-06,0.1,4.522878745280337,10
1000000,100000,0.1,0.0001,8,lin,128,0.0,main,16,0.1,3e-06,0.1,4.522878745280337,10
1000000,100000,0.1,0.0001,8,lin,128,0.0,main,16,0.5,1e-06,0.1,5.0,11
1000000,100000,0.1,0.0001,8,lin,128,0.0,main,16,1.0,3e-07,0.1,5.522878745280337,12
1000000,100000,0.1,0.0001,8,lin,128,1.0,main,1,0.01,0.0003,0.003,1.0,3
1000000,100000,0.1,0.0001,8,lin,128,1.0,main,1,0.05,0.0001,0.01,2.0,5
1000000,100000,0.1,0.0001,8,lin,128,1.0,main,1,0.1,0.0001,0.1,3.0,7
1000000,100000,0.1,0.0001,8,lin,128,1.0,main,1,0.5,3e-05,0.1,3.5228787452803374,8
1000000,100000,0.1,0.0001,8,lin,128,1.0,main,1,1.0,1e-05,0.1,4.0,9
1000000,100000,0.1,0.0001,8,lin,128,1.0,main,2,0.01,0.0001,0.003,1.4771212547196624,4
1000000,100000,0.1,0.0001,8,lin,128,1.0,main,2,0.05,0.0001,0.1,3.0,7
1000000,100000,0.1,0.0001,8,lin,128,1.0,main,2,0.1,3e-05,0.1,3.5228787452803374,8
1000000,100000,0.1,0.0001,8,lin,128,1.0,main,2,0.5,1e-05,0.1,4.0,9
1000000,100000,0.1,0.0001,8,lin,128,1.0,main,2,1.0,1e-05,0.1,4.0,9
1000000,100000,0.1,0.0001,8,lin,128,1.0,main,4,0.01,0.0001,0.01,2.0,5
1000000,100000,0.1,0.0001,8,lin,128,1.0,main,4,0.05,3e-05,0.1,3.5228787452803374,8
1000000,100000,0.1,0.0001,8,lin,128,1.0,main,4,0.1,3e-05,0.1,3.5228787452803374,8
1000000,100000,0.1,0.0001,8,lin,128,1.0,main,4,0.5,1e-05,0.1,4.0,9
1000000,100000,0.1,0.0001,8,lin,128,1.0,main,4,1.0,3e-06,0.1,4.522878745280337,10
1000000,100000,0.1,0.0001,8,lin,128,1.0,main,8,0.01,0.0001,0.1,3.0,7
1000000,100000,0.1,0.0001,8,lin,128,1.0,main,8,0.05,3e-05,0.1,3.5228787452803374,8
1000000,100000,0.1,0.0001,8,lin,128,1.0,main,8,0.1,1e-05,0.1,4.0,9
1000000,100000,0.1,0.0001,8,lin,128,1.0,main,8,0.5,3e-06,0.1,4.522878745280337,10
1000000,100000,0.1,0.0001,8,lin,128,1.0,main,8,1.0,1e-06,0.1,5.0,11
1000000,100000,0.1,0.0001,8,lin,128,1.0,main,16,0.01,3e-05,0.1,3.5228787452803374,8
1000000,100000,0.1,0.0001,8,lin,128,1.0,main,16,0.05,1e-05,0.1,4.0,9
1000000,100000,0.1,0.0001,8,lin,128,1.0,main,16,0.1,1e-05,0.1,4.0,9
1000000,100000,0.1,0.0001,8,lin,128,1.0,main,16,0.5,1e-06,0.1,5.0,11
1000000,100000,0.1,0.0001,8,lin,128,1.0,main,16,1.0,1e-06,0.1,5.0,11
1000000,100000,0.1,0.0001,8,nl,128,0.0,main,1,0.01,,,,0
1000000,100000,0.1,0.0001,8,nl,128,0.0,main,1,0.05,3e-05,0.01,2.5228787452803374,6
1000000,100000,0.1,0.0001,8,nl,128,0.0,main,1,0.1,1e-05,0.1,4.0,9
1000000,100000,0.1,0.0001,8,nl,128,0.0,main,1,0.5,3e-06,0.1,4.522878745280337,10
1000000,100000,0.1,0.0001,8,nl,128,0.0,main,1,1.0,3e-06,0.1,4.522878745280337,10
1000000,100000,0.1,0.0001,8,nl,128,0.0,main,2,0.01,0.0001,0.0001,0.0,1
1000000,100000,0.1,0.0001,8,nl,128,0.0,main,2,0.05,1e-05,0.1,4.0,9
1000000,100000,0.1,0.0001,8,nl,128,0.0,main,2,0.1,1e-05,0.1,4.0,9
1000000,100000,0.1,0.0001,8,nl,128,0.0,main,2,0.5,3e-06,0.1,4.522878745280337,10
1000000,100000,0.1,0.0001,8,nl,128,0.0,main,2,1.0,1e-06,0.1,5.0,11
1000000,100000,0.1,0.0001,8,nl,128,0.0,main,4,0.01,3e-05,0.01,2.5228787452803374,6
1000000,100000,0.1,0.0001,8,nl,128,0.0,main,4,0.05,1e-05,0.1,4.0,9
1000000,100000,0.1,0.0001,8,nl,128,0.0,main,4,0.1,3e-06,0.1,4.522878745280337,10
1000000,100000,0.1,0.0001,8,nl,128,0.0,main,4,0.5,1e-06,0.1,5.0,11
1000000,100000,0.1,0.0001,8,nl,128,0.0,main,4,1.0,1e-06,0.1,5.0,11
1000000,100000,0.1,0.0001,8,nl,128,0.0,main,8,0.01,3e-05,0.03,3.0,7
1000000,100000,0.1,0.0001,8,nl,128,0.0,main,8,0.05,3e-06,0.1,4.522878745280337,10
1000000,100000,0.1,0.0001,8,nl,128,0.0,main,8,0.1,3e-06,0.1,4.522878745280337,10
1000000,100000,0.1,0.0001,8,nl,128,0.0,main,8,0.5,1e-06,0.1,5.0,11
1000000,100000,0.1,0.0001,8,nl,128,0.0,main,8,1.0,3e-07,0.1,5.522878745280337,12
1000000,100000,0.1,0.0001,8,nl,128,0.0,main,16,0.01,1e-05,0.1,4.0,9
1000000,100000,0.1,0.0001,8,nl,128,0.0,main,16,0.05,3e-06,0.1,4.522878745280337,10
1000000,100000,0.1,0.0001,8,nl,128,0.0,main,16,0.1,3e-06,0.1,4.522878745280337,10
1000000,100000,0.1,0.0001,8,nl,128,0.0,main,16,0.5,3e-07,0.1,5.522878745280337,12
1000000,100000,0.1,0.0001,8,nl,128,0.0,main,16,1.0,1e-07,0.1,6.0,13
1000000,100000,0.1,0.0001,8,nl,128,1.0,main,1,0.01,,,,0
1000000,100000,0.1,0.0001,8,nl,128,1.0,main,1,0.05,0.001,0.1,2.0,4
1000000,100000,0.1,0.0001,8,nl,128,1.0,main,1,0.1,0.0003,0.1,2.5228787452803374,6
1000000,100000,0.1,0.0001,8,nl,128,1.0,main,1,0.5,0.0001,0.1,3.0,7
1000000,100000,0.1,0.0001,8,nl,128,1.0,main,1,1.0,1e-05,0.1,4.0,9
1000000,100000,0.1,0.0001,8,nl,128,1.0,main,2,0.01,0.01,0.01,0.0,1
1000000,100000,0.1,0.0001,8,nl,128,1.0,main,2,0.05,0.0003,0.1,2.5228787452803374,6
1000000,100000,0.1,0.0001,8,nl,128,1.0,main,2,0.1,0.0001,0.1,3.0,7
1000000,100000,0.1,0.0001,8,nl,128,1.0,main,2,0.5,1e-05,0.1,4.0,9
1000000,100000,0.1,0.0001,8,nl,128,1.0,main,2,1.0,3e-06,0.1,4.522878745280337,10
1000000,100000,0.1,0.0001,8,nl,128,1.0,main,4,0.01,0.001,0.01,1.0,3
1000000,100000,0.1,0.0001,8,nl,128,1.0,main,4,0.05,0.0001,0.1,3.0,7
1000000,100000,0.1,0.0001,8,nl,128,1.0,main,4,0.1,0.0001,0.1,3.0,7
1000000,100000,0.1,0.0001,8,nl,128,1.0,main,4,0.5,3e-06,0.1,4.522878745280337,10
1000000,100000,0.1,0.0001,8,nl,128,1.0,main,4,1.0,1e-06,0.1,5.0,11
1000000,100000,0.1,0.0001,8,nl,128,1.0,main,8,0.01,0.001,0.1,2.0,5
1000000,100000,0.1,0.0001,8,nl,128,1.0,main,8,0.05,0.0001,0.1,3.0,7
1000000,100000,0.1,0.0001,8,nl,128,1.0,main,8,0.1,3e-05,0.1,3.5228787452803374,8
1000000,100000,0.1,0.0001,8,nl,128,1.0,main,8,0.5,1e-06,0.1,5.0,11
1000000,100000,0.1,0.0001,8,nl,128,1.0,main,8,1.0,1e-06,0.1,5.0,11
1000000,100000,0.1,0.0001,8,nl,128,1.0,main,16,0.01,0.0001,0.1,3.0,7
1000000,100000,0.1,0.0001,8,nl,128,1.0,main,16,0.05,3e-05,0.1,3.5228787452803374,8
1000000,100000,0.1,0.0001,8,nl,128,1.0,main,16,0.1,3e-06,0.1,4.522878745280337,10
1000000,100000,0.1,0.0001,8,nl,128,1.0,main,16,0.5,1e-06,0.1,5.0,11
1000000,100000,0.1,0.0001,8,nl,128,1.0,main,16,1.0,1e-07,0.1,6.0,13
1000000,100000,0.1,0.001,4,lin,128,0.0,main,1,0.01,0.001,0.003,0.47712125471966244,2
1000000,100000,0.1,0.001,4,lin,128,0.0,main,1,0.05,0.0003,0.003,1.0,3
1000000,100000,0.1,0.001,4,lin,128,0.0,main,1,0.1,1e-08,0.03,6.477121254719663,6
1000000,100000,0.1,0.001,4,lin,128,0.0,main,1,0.5,1e-08,0.1,7.0,8
1000000,100000,0.1,0.001,4,lin,128,0.0,main,1,1.0,1e-08,0.1,7.0,8
1000000,100000,0.1,0.001,4,lin,128,0.0,main,2,0.01,0.0003,0.003,1.0,3
1000000,100000,0.1,0.001,4,lin,128,0.0,main,2,0.05,1e-08,0.03,6.477121254719663,6
1000000,100000,0.1,0.001,4,lin,128,0.0,main,2,0.1,1e-08,0.1,7.0,8
1000000,100000,0.1,0.001,4,lin,128,0.0,main,2,0.5,1e-08,0.1,7.0,8
1000000,100000,0.1,0.001,4,lin,128,0.0,main,2,1.0,1e-08,0.1,7.0,9
1000000,100000,0.1,0.001,4,lin,128,0.0,main,4,0.01,0.0003,0.003,1.0,3
1000000,100000,0.1,0.001,4,lin,128,0.0,main,4,0.05,1e-08,0.1,7.0,8
1000000,100000,0.1,0.001,4,lin,128,0.0,main,4,0.1,1e-08,0.1,7.0,8
1000000,100000,0.1,0.001,4,lin,128,0.0,main,4,0.5,1e-08,0.1,7.0,9
1000000,100000,0.1,0.001,4,lin,128,0.0,main,4,1.0,1e-08,0.1,7.0,9
1000000,100000,0.1,0.001,4,lin,128,0.0,main,8,0.01,1e-08,0.03,6.477121254719663,6
1000000,100000,0.1,0.001,4,lin,128,0.0,main,8,0.05,1e-08,0.1,7.0,8
1000000,100000,0.1,0.001,4,lin,128,0.0,main,8,0.1,1e-08,0.1,7.0,8
1000000,100000,0.1,0.001,4,lin,128,0.0,main,8,0.5,1e-08,0.1,7.0,9
1000000,100000,0.1,0.001,4,lin,128,0.0,main,8,1.0,1e-08,0.1,7.0,10
1000000,100000,0.1,0.001,4,lin,128,0.0,main,16,0.01,1e-08,0.1,7.0,7
1000000,100000,0.1,0.001,4,lin,128,0.0,main,16,0.05,1e-08,0.1,7.0,8
1000000,100000,0.1,0.001,4,lin,128,0.0,main,16,0.1,1e-08,0.1,7.0,8
1000000,100000,0.1,0.001,4,lin,128,0.0,main,16,0.5,1e-08,0.1,7.0,10
1000000,100000,0.1,0.001,4,lin,128,0.0,main,16,1.0,1e-08,0.1,7.0,12
1000000,100000,0.1,0.001,4,lin,128,1.0,main,1,0.01,,,,0
1000000,100000,0.1,0.001,4,lin,128,1.0,main,1,0.05,0.001,0.01,1.0,3
1000000,100000,0.1,0.001,4,lin,128,1.0,main,1,0.1,0.001,0.1,2.0,5
1000000,100000,0.1,0.001,4,lin,128,1.0,main,1,0.5,0.0001,0.1,3.0,7
1000000,100000,0.1,0.001,4,lin,128,1.0,main,1,1.0,0.0001,0.1,3.0,7
1000000,100000,0.1,0.001,4,lin,128,1.0,main,2,0.01,0.001,0.003,0.47712125471966244,2
1000000,100000,0.1,0.001,4,lin,128,1.0,main,2,0.05,0.001,0.1,2.0,5
1000000,100000,0.1,0.001,4,lin,128,1.0,main,2,0.1,0.0003,0.1,2.5228787452803374,6
1000000,100000,0.1,0.001,4,lin,128,1.0,main,2,0.5,0.0001,0.1,3.0,7
1000000,100000,0.1,0.001,4,lin,128,1.0,main,2,1.0,0.0001,0.1,3.0,7
1000000,100000,0.1,0.001,4,lin,128,1.0,main,4,0.01,0.001,0.01,1.0,3
1000000,100000,0.1,0.001,4,lin,128,1.0,main,4,0.05,0.0003,0.1,2.5228787452803374,6
1000000,100000,0.1,0.001,4,lin,128,1.0,main,4,0.1,0.0001,0.1,3.0,7
1000000,100000,0.1,0.001,4,lin,128,1.0,main,4,0.5,0.0001,0.1,3.0,7
1000000,100000,0.1,0.001,4,lin,128,1.0,main,4,1.0,3e-05,0.1,3.5228787452803374,8
1000000,100000,0.1,0.001,4,lin,128,1.0,main,8,0.01,0.001,0.03,1.4771212547196624,4
1000000,100000,0.1,0.001,4,lin,128,1.0,main,8,0.05,0.0001,0.1,3.0,7
1000000,100000,0.1,0.001,4,lin,128,1.0,main,8,0.1,0.0001,0.1,3.0,7
1000000,100000,0.1,0.001,4,lin,128,1.0,main,8,0.5,3e-05,0.1,3.5228787452803374,8
1000000,100000,0.1,0.001,4,lin,128,1.0,main,8,1.0,1e-05,0.1,4.0,9
1000000,100000,0.1,0.001,4,lin,128,1.0,main,16,0.01,0.0003,0.1,2.5228787452803374,6
1000000,100000,0.1,0.001,4,lin,128,1.0,main,16,0.05,0.0001,0.1,3.0,7
1000000,100000,0.1,0.001,4,lin,128,1.0,main,16,0.1,0.0001,0.1,3.0,7
1000000,100000,0.1,0.001,4,lin,128,1.0,main,16,0.5,1e-05,0.1,4.0,9
1000000,100000,0.1,0.001,4,lin,128,1.0,main,16,1.0,1e-05,0.1,4.0,9
1000000,100000,0.1,0.001,4,nl,64,0.5,hwindow_12h_highdim_extra_g64,1,0.01,,,,0
1000000,100000,0.1,0.001,4,nl,64,0.5,hwindow_12h_highdim_extra_g64,1,0.05,0.001,0.003,0.47712125471966244,2
1000000,100000,0.1,0.001,4,nl,64,0.5,hwindow_12h_highdim_extra_g64,1,0.1,0.001,0.1,2.0,4
1000000,100000,0.1,0.001,4,nl,64,0.5,hwindow_12h_highdim_extra_g64,1,0.5,1e-08,0.1,7.0,8
1000000,100000,0.1,0.001,4,nl,64,0.5,hwindow_12h_highdim_extra_g64,1,1.0,1e-08,0.1,7.0,9
1000000,100000,0.1,0.001,4,nl,64,0.5,hwindow_12h_highdim_extra_g64,2,0.01,,,,0
1000000,100000,0.1,0.001,4,nl,64,0.5,hwindow_12h_highdim_extra_g64,2,0.05,0.001,0.1,2.0,4
1000000,100000,0.1,0.001,4,nl,64,0.5,hwindow_12h_highdim_extra_g64,2,0.1,1e-08,0.1,7.0,8
1000000,100000,0.1,0.001,4,nl,64,0.5,hwindow_12h_highdim_extra_g64,2,0.5,1e-08,0.1,7.0,9
1000000,100000,0.1,0.001,4,nl,64,0.5,hwindow_12h_highdim_extra_g64,2,1.0,1e-08,0.1,7.0,9
1000000,100000,0.1,0.001,4,nl,64,0.5,hwindow_12h_highdim_extra_g64,4,0.01,0.001,0.003,0.47712125471966244,2
1000000,100000,0.1,0.001,4,nl,64,0.5,hwindow_12h_highdim_extra_g64,4,0.05,1e-08,0.1,7.0,8
1000000,100000,0.1,0.001,4,nl,64,0.5,hwindow_12h_highdim_extra_g64,4,0.1,1e-08,0.1,7.0,8
1000000,100000,0.1,0.001,4,nl,64,0.5,hwindow_12h_highdim_extra_g64,4,0.5,1e-08,0.1,7.0,9
1000000,100000,0.1,0.001,4,nl,64,0.5,hwindow_12h_highdim_extra_g64,4,1.0,1e-08,0.1,7.0,9
1000000,100000,0.1,0.001,4,nl,64,0.5,hwindow_12h_highdim_extra_g64,8,0.01,0.001,0.01,1.0,3
1000000,100000,0.1,0.001,4,nl,64,0.5,hwindow_12h_highdim_extra_g64,8,0.05,1e-08,0.1,7.0,8
1000000,100000,0.1,0.001,4,nl,64,0.5,hwindow_12h_highdim_extra_g64,8,0.1,1e-08,0.1,7.0,8
1000000,100000,0.1,0.001,4,nl,64,0.5,hwindow_12h_highdim_extra_g64,8,0.5,1e-08,0.1,7.0,9
1000000,100000,0.1,0.001,4,nl,64,0.5,hwindow_12h_highdim_extra_g64,8,1.0,1e-08,0.1,7.0,10
1000000,100000,0.1,0.001,4,nl,64,0.5,hwindow_12h_highdim_extra_g64,16,0.01,1e-08,0.1,7.0,7
1000000,100000,0.1,0.001,4,nl,64,0.5,hwindow_12h_highdim_extra_g64,16,0.05,1e-08,0.1,7.0,8
1000000,100000,0.1,0.001,4,nl,64,0.5,hwindow_12h_highdim_extra_g64,16,0.1,1e-08,0.1,7.0,9
1000000,100000,0.1,0.001,4,nl,64,0.5,hwindow_12h_highdim_extra_g64,16,0.5,1e-08,0.1,7.0,10
1000000,100000,0.1,0.001,4,nl,64,0.5,hwindow_12h_highdim_extra_g64,16,1.0,1e-08,0.1,7.0,11
1000000,100000,0.1,0.001,4,nl,128,0.0,main,1,0.01,,,,0
1000000,100000,0.1,0.001,4,nl,128,0.0,main,1,0.05,0.0003,0.003,1.0,3
1000000,100000,0.1,0.001,4,nl,128,0.0,main,1,0.1,0.0003,0.003,1.0,3
1000000,100000,0.1,0.001,4,nl,128,0.0,main,1,0.5,3e-05,0.1,3.5228787452803374,8
1000000,100000,0.1,0.001,4,nl,128,0.0,main,1,1.0,3e-05,0.1,3.5228787452803374,8
1000000,100000,0.1,0.001,4,nl,128,0.0,main,2,0.01,0.003,0.003,0.0,1
1000000,100000,0.1,0.001,4,nl,128,0.0,main,2,0.05,0.0003,0.003,1.0,3
1000000,100000,0.1,0.001,4,nl,128,0.0,main,2,0.1,0.0001,0.1,3.0,7
1000000,100000,0.1,0.001,4,nl,128,0.0,main,2,0.5,3e-05,0.1,3.5228787452803374,8
1000000,100000,0.1,0.001,4,nl,128,0.0,main,2,1.0,1e-05,0.1,4.0,9
1000000,100000,0.1,0.001,4,nl,128,0.0,main,4,0.01,0.0003,0.003,1.0,3
1000000,100000,0.1,0.001,4,nl,128,0.0,main,4,0.05,0.0001,0.1,3.0,7
1000000,100000,0.1,0.001,4,nl,128,0.0,main,4,0.1,3e-05,0.1,3.5228787452803374,8
1000000,100000,0.1,0.001,4,nl,128,0.0,main,4,0.5,1e-05,0.1,4.0,9
1000000,100000,0.1,0.001,4,nl,128,0.0,main,4,1.0,3e-06,0.1,4.522878745280337,10
1000000,100000,0.1,0.001,4,nl,128,0.0,main,8,0.01,0.0003,0.003,1.0,3
1000000,100000,0.1,0.001,4,nl,128,0.0,main,8,0.05,3e-05,0.1,3.5228787452803374,8
1000000,100000,0.1,0.001,4,nl,128,0.0,main,8,0.1,3e-05,0.1,3.5228787452803374,8
1000000,100000,0.1,0.001,4,nl,128,0.0,main,8,0.5,3e-06,0.1,4.522878745280337,10
1000000,100000,0.1,0.001,4,nl,128,0.0,main,8,1.0,3e-06,0.1,4.522878745280337,10
1000000,100000,0.1,0.001,4,nl,128,0.0,main,16,0.01,0.0001,0.1,3.0,5
1000000,100000,0.1,0.001,4,nl,128,0.0,main,16,0.05,3e-05,0.1,3.5228787452803374,8
1000000,100000,0.1,0.001,4,nl,128,0.0,main,16,0.1,1e-05,0.1,4.0,9
1000000,100000,0.1,0.001,4,nl,128,0.0,main,16,0.5,3e-06,0.1,4.522878745280337,10
1000000,100000,0.1,0.001,4,nl,128,0.0,main,16,1.0,3e-06,0.1,4.522878745280337,10
1000000,100000,0.1,0.001,4,nl,128,1.0,main,1,0.01,,,,0
1000000,100000,0.1,0.001,4,nl,128,1.0,main,1,0.05,0.003,0.01,0.5228787452803376,2
1000000,100000,0.1,0.001,4,nl,128,1.0,main,1,0.1,0.003,0.1,1.5228787452803376,4
1000000,100000,0.1,0.001,4,nl,128,1.0,main,1,0.5,0.001,0.1,2.0,5
1000000,100000,0.1,0.001,4,nl,128,1.0,main,1,1.0,0.0001,0.1,3.0,7
1000000,100000,0.1,0.001,4,nl,128,1.0,main,2,0.01,,,,0
1000000,100000,0.1,0.001,4,nl,128,1.0,main,2,0.05,0.003,0.1,1.5228787452803376,4
1000000,100000,0.1,0.001,4,nl,128,1.0,main,2,0.1,0.001,0.1,2.0,5
1000000,100000,0.1,0.001,4,nl,128,1.0,main,2,0.5,0.0001,0.1,3.0,7
1000000,100000,0.1,0.001,4,nl,128,1.0,main,2,1.0,3e-05,0.1,3.5228787452803374,8
1000000,100000,0.1,0.001,4,nl,128,1.0,main,4,0.01,0.003,0.01,0.5228787452803376,2
1000000,100000,0.1,0.001,4,nl,128,1.0,main,4,0.05,0.001,0.1,2.0,5
1000000,100000,0.1,0.001,4,nl,128,1.0,main,4,0.1,0.001,0.1,2.0,5
1000000,100000,0.1,0.001,4,nl,128,1.0,main,4,0.5,3e-05,0.1,3.5228787452803374,8
1000000,100000,0.1,0.001,4,nl,128,1.0,main,4,1.0,3e-06,0.1,4.522878745280337,10
1000000,100000,0.1,0.001,4,nl,128,1.0,main,8,0.01,0.003,0.1,1.5228787452803376,4
1000000,100000,0.1,0.001,4,nl,128,1.0,main,8,0.05,0.001,0.1,2.0,5
1000000,100000,0.1,0.001,4,nl,128,1.0,main,8,0.1,0.0003,0.1,2.5228787452803374,6
1000000,100000,0.1,0.001,4,nl,128,1.0,main,8,0.5,3e-06,0.1,4.522878745280337,10
1000000,100000,0.1,0.001,4,nl,128,1.0,main,8,1.0,1e-08,0.1,7.0,11
1000000,100000,0.1,0.001,4,nl,128,1.0,main,16,0.01,0.001,0.1,2.0,5
1000000,100000,0.1,0.001,4,nl,128,1.0,main,16,0.05,0.0003,0.1,2.5228787452803374,6
1000000,100000,0.1,0.001,4,nl,128,1.0,main,16,0.1,3e-05,0.1,3.5228787452803374,8
1000000,100000,0.1,0.001,4,nl,128,1.0,main,16,0.5,1e-08,0.1,7.0,11
1000000,100000,0.1,0.001,4,nl,128,1.0,main,16,1.0,1e-08,0.1,7.0,11
1000000,100000,0.1,0.001,4,nl,256,0.5,hwindow_12h_highdim_extra_g256,1,0.01,,,,0
1000000,100000,0.1,0.001,4,nl,256,0.5,hwindow_12h_highdim_extra_g256,1,0.05,0.001,0.01,1.0,3
1000000,100000,0.1,0.001,4,nl,256,0.5,hwindow_12h_highdim_extra_g256,1,0.1,0.001,0.03,1.4771212547196624,4
1000000,100000,0.1,0.001,4,nl,256,0.5,hwindow_12h_highdim_extra_g256,1,0.5,0.0001,0.1,3.0,7
1000000,100000,0.1,0.001,4,nl,256,0.5,hwindow_12h_highdim_extra_g256,1,1.0,3e-05,0.1,3.5228787452803374,8
1000000,100000,0.1,0.001,4,nl,256,0.5,hwindow_12h_highdim_extra_g256,2,0.01,0.001,0.001,0.0,1
1000000,100000,0.1,0.001,4,nl,256,0.5,hwindow_12h_highdim_extra_g256,2,0.05,0.001,0.03,1.4771212547196624,4
1000000,100000,0.1,0.001,4,nl,256,0.5,hwindow_12h_highdim_extra_g256,2,0.1,0.0001,0.1,3.0,7
1000000,100000,0.1,0.001,4,nl,256,0.5,hwindow_12h_highdim_extra_g256,2,0.5,3e-05,0.1,3.5228787452803374,8
1000000,100000,0.1,0.001,4,nl,256,0.5,hwindow_12h_highdim_extra_g256,2,1.0,3e-05,0.1,3.5228787452803374,8
1000000,100000,0.1,0.001,4,nl,256,0.5,hwindow_12h_highdim_extra_g256,4,0.01,0.001,0.01,1.0,3
1000000,100000,0.1,0.001,4,nl,256,0.5,hwindow_12h_highdim_extra_g256,4,0.05,0.0001,0.1,3.0,7
1000000,100000,0.1,0.001,4,nl,256,0.5,hwindow_12h_highdim_extra_g256,4,0.1,0.0001,0.1,3.0,7
1000000,100000,0.1,0.001,4,nl,256,0.5,hwindow_12h_highdim_extra_g256,4,0.5,3e-05,0.1,3.5228787452803374,8
1000000,100000,0.1,0.001,4,nl,256,0.5,hwindow_12h_highdim_extra_g256,4,1.0,1e-05,0.1,4.0,9
1000000,100000,0.1,0.001,4,nl,256,0.5,hwindow_12h_highdim_extra_g256,8,0.01,0.001,0.03,1.4771212547196624,4
1000000,100000,0.1,0.001,4,nl,256,0.5,hwindow_12h_highdim_extra_g256,8,0.05,0.0001,0.1,3.0,7
1000000,100000,0.1,0.001,4,nl,256,0.5,hwindow_12h_highdim_extra_g256,8,0.1,0.0001,0.1,3.0,7
1000000,100000,0.1,0.001,4,nl,256,0.5,hwindow_12h_highdim_extra_g256,8,0.5,1e-05,0.1,4.0,9
1000000,100000,0.1,0.001,4,nl,256,0.5,hwindow_12h_highdim_extra_g256,8,1.0,1e-05,0.1,4.0,9
1000000,100000,0.1,0.001,4,nl,256,0.5,hwindow_12h_highdim_extra_g256,16,0.01,0.0001,0.1,3.0,7
1000000,100000,0.1,0.001,4,nl,256,0.5,hwindow_12h_highdim_extra_g256,16,0.05,0.0001,0.1,3.0,7
1000000,100000,0.1,0.001,4,nl,256,0.5,hwindow_12h_highdim_extra_g256,16,0.1,3e-05,0.1,3.5228787452803374,8
1000000,100000,0.1,0.001,4,nl,256,0.5,hwindow_12h_highdim_extra_g256,16,0.5,1e-05,0.1,4.0,9
1000000,100000,0.1,0.001,4,nl,256,0.5,hwindow_12h_highdim_extra_g256,16,1.0,3e-06,0.1,4.522878745280337,10
1000000,100000,0.1,0.001,8,lin,128,0.0,main,1,0.01,0.001,0.1,2.0,5
1000000,100000,0.1,0.001,8,lin,128,0.0,main,1,0.05,0.001,0.1,2.0,5
1000000,100000,0.1,0.001,8,lin,128,0.0,main,1,0.1,0.0003,0.1,2.5228787452803374,6
1000000,100000,0.1,0.001,8,lin,128,0.0,main,1,0.5,0.0001,0.1,3.0,7
1000000,100000,0.1,0.001,8,lin,128,0.0,main,1,1.0,0.0001,0.1,3.0,7
1000000,100000,0.1,0.001,8,lin,128,0.0,main,2,0.01,0.001,0.1,2.0,5
1000000,100000,0.1,0.001,8,lin,128,0.0,main,2,0.05,0.0003,0.1,2.5228787452803374,6
1000000,100000,0.1,0.001,8,lin,128,0.0,main,2,0.1,0.0003,0.1,2.5228787452803374,6
1000000,100000,0.1,0.001,8,lin,128,0.0,main,2,0.5,0.0001,0.1,3.0,7
1000000,100000,0.1,0.001,8,lin,128,0.0,main,2,1.0,3e-05,0.1,3.5228787452803374,8
1000000,100000,0.1,0.001,8,lin,128,0.0,main,4,0.01,0.001,0.1,2.0,5
1000000,100000,0.1,0.001,8,lin,128,0.0,main,4,0.05,0.0003,0.1,2.5228787452803374,6
1000000,100000,0.1,0.001,8,lin,128,0.0,main,4,0.1,0.0001,0.1,3.0,7
1000000,100000,0.1,0.001,8,lin,128,0.0,main,4,0.5,3e-05,0.1,3.5228787452803374,8
1000000,100000,0.1,0.001,8,lin,128,0.0,main,4,1.0,3e-05,0.1,3.5228787452803374,8
1000000,100000,0.1,0.001,8,lin,128,0.0,main,8,0.01,0.0003,0.1,2.5228787452803374,6
1000000,100000,0.1,0.001,8,lin,128,0.0,main,8,0.05,0.0001,0.1,3.0,7
1000000,100000,0.1,0.001,8,lin,128,0.0,main,8,0.1,0.0001,0.1,3.0,7
1000000,100000,0.1,0.001,8,lin,128,0.0,main,8,0.5,3e-05,0.1,3.5228787452803374,8
1000000,100000,0.1,0.001,8,lin,128,0.0,main,8,1.0,3e-05,0.1,3.5228787452803374,8
1000000,100000,0.1,0.001,8,lin,128,0.0,main,16,0.01,0.0003,0.1,2.5228787452803374,6
1000000,100000,0.1,0.001,8,lin,128,0.0,main,16,0.05,0.0001,0.1,3.0,7
1000000,100000,0.1,0.001,8,lin,128,0.0,main,16,0.1,0.0001,0.1,3.0,7
1000000,100000,0.1,0.001,8,lin,128,0.0,main,16,0.5,3e-05,0.1,3.5228787452803374,8
1000000,100000,0.1,0.001,8,lin,128,0.0,main,16,1.0,3e-06,0.1,4.522878745280337,10
1000000,100000,0.1,0.001,8,lin,128,1.0,main,1,0.01,0.003,0.03,1.0,3
1000000,100000,0.1,0.001,8,lin,128,1.0,main,1,0.05,0.001,0.1,2.0,5
1000000,100000,0.1,0.001,8,lin,128,1.0,main,1,0.1,0.001,0.1,2.0,5
1000000,100000,0.1,0.001,8,lin,128,1.0,main,1,0.5,0.0003,0.1,2.5228787452803374,6
1000000,100000,0.1,0.001,8,lin,128,1.0,main,1,1.0,0.0001,0.1,3.0,7
1000000,100000,0.1,0.001,8,lin,128,1.0,main,2,0.01,0.003,0.1,1.5228787452803376,4
1000000,100000,0.1,0.001,8,lin,128,1.0,main,2,0.05,0.001,0.1,2.0,5
1000000,100000,0.1,0.001,8,lin,128,1.0,main,2,0.1,0.001,0.1,2.0,5
1000000,100000,0.1,0.001,8,lin,128,1.0,main,2,0.5,0.0001,0.1,3.0,7
1000000,100000,0.1,0.001,8,lin,128,1.0,main,2,1.0,0.0001,0.1,3.0,7
1000000,100000,0.1,0.001,8,lin,128,1.0,main,4,0.01,0.001,0.1,2.0,5
1000000,100000,0.1,0.001,8,lin,128,1.0,main,4,0.05,0.001,0.1,2.0,5
1000000,100000,0.1,0.001,8,lin,128,1.0,main,4,0.1,0.0003,0.1,2.5228787452803374,6
1000000,100000,0.1,0.001,8,lin,128,1.0,main,4,0.5,0.0001,0.1,3.0,7
1000000,100000,0.1,0.001,8,lin,128,1.0,main,4,1.0,0.0001,0.1,3.0,7
1000000,100000,0.1,0.001,8,lin,128,1.0,main,8,0.01,0.001,0.1,2.0,5
1000000,100000,0.1,0.001,8,lin,128,1.0,main,8,0.05,0.0003,0.1,2.5228787452803374,6
1000000,100000,0.1,0.001,8,lin,128,1.0,main,8,0.1,0.0001,0.1,3.0,7
1000000,100000,0.1,0.001,8,lin,128,1.0,main,8,0.5,0.0001,0.1,3.0,7
1000000,100000,0.1,0.001,8,lin,128,1.0,main,8,1.0,1e-05,0.1,4.0,9
1000000,100000,0.1,0.001,8,lin,128,1.0,main,16,0.01,0.001,0.1,2.0,5
1000000,100000,0.1,0.001,8,lin,128,1.0,main,16,0.05,0.0001,0.1,3.0,7
1000000,100000,0.1,0.001,8,lin,128,1.0,main,16,0.1,0.0001,0.1,3.0,7
1000000,100000,0.1,0.001,8,lin,128,1.0,main,16,0.5,1e-05,0.1,4.0,9
1000000,100000,0.1,0.001,8,lin,128,1.0,main,16,1.0,1e-05,0.1,4.0,9
1000000,100000,0.1,0.001,8,nl,64,0.5,hwindow_12h_highdim_extra_g64,1,0.01,,,,0
1000000,100000,0.1,0.001,8,nl,64,0.5,hwindow_12h_highdim_extra_g64,1,0.05,0.0003,0.1,2.5228787452803374,6
1000000,100000,0.1,0.001,8,nl,64,0.5,hwindow_12h_highdim_extra_g64,1,0.1,0.0003,0.1,2.5228787452803374,6
1000000,100000,0.1,0.001,8,nl,64,0.5,hwindow_12h_highdim_extra_g64,1,0.5,0.0001,0.1,3.0,7
1000000,100000,0.1,0.001,8,nl,64,0.5,hwindow_12h_highdim_extra_g64,1,1.0,0.0001,0.1,3.0,7
1000000,100000,0.1,0.001,8,nl,64,0.5,hwindow_12h_highdim_extra_g64,2,0.01,0.01,0.01,0.0,1
1000000,100000,0.1,0.001,8,nl,64,0.5,hwindow_12h_highdim_extra_g64,2,0.05,0.0003,0.1,2.5228787452803374,6
1000000,100000,0.1,0.001,8,nl,64,0.5,hwindow_12h_highdim_extra_g64,2,0.1,0.0001,0.1,3.0,7
1000000,100000,0.1,0.001,8,nl,64,0.5,hwindow_12h_highdim_extra_g64,2,0.5,0.0001,0.1,3.0,7
1000000,100000,0.1,0.001,8,nl,64,0.5,hwindow_12h_highdim_extra_g64,2,1.0,3e-05,0.1,3.5228787452803374,8
1000000,100000,0.1,0.001,8,nl,64,0.5,hwindow_12h_highdim_extra_g64,4,0.01,0.0003,0.1,2.5228787452803374,5
1000000,100000,0.1,0.001,8,nl,64,0.5,hwindow_12h_highdim_extra_g64,4,0.05,0.0001,0.1,3.0,7
1000000,100000,0.1,0.001,8,nl,64,0.5,hwindow_12h_highdim_extra_g64,4,0.1,0.0001,0.1,3.0,7
1000000,100000,0.1,0.001,8,nl,64,0.5,hwindow_12h_highdim_extra_g64,4,0.5,3e-05,0.1,3.5228787452803374,8
1000000,100000,0.1,0.001,8,nl,64,0.5,hwindow_12h_highdim_extra_g64,4,1.0,1e-05,0.1,4.0,9
1000000,100000,0.1,0.001,8,nl,64,0.5,hwindow_12h_highdim_extra_g64,8,0.01,0.0003,0.1,2.5228787452803374,6
1000000,100000,0.1,0.001,8,nl,64,0.5,hwindow_12h_highdim_extra_g64,8,0.05,0.0001,0.1,3.0,7
1000000,100000,0.1,0.001,8,nl,64,0.5,hwindow_12h_highdim_extra_g64,8,0.1,0.0001,0.1,3.0,7
1000000,100000,0.1,0.001,8,nl,64,0.5,hwindow_12h_highdim_extra_g64,8,0.5,1e-05,0.1,4.0,9
1000000,100000,0.1,0.001,8,nl,64,0.5,hwindow_12h_highdim_extra_g64,8,1.0,3e-06,0.1,4.522878745280337,10
1000000,100000,0.1,0.001,8,nl,64,0.5,hwindow_12h_highdim_extra_g64,16,0.01,0.0001,0.1,3.0,7
1000000,100000,0.1,0.001,8,nl,64,0.5,hwindow_12h_highdim_extra_g64,16,0.05,0.0001,0.1,3.0,7
1000000,100000,0.1,0.001,8,nl,64,0.5,hwindow_12h_highdim_extra_g64,16,0.1,3e-05,0.1,3.5228787452803374,8
1000000,100000,0.1,0.001,8,nl,64,0.5,hwindow_12h_highdim_extra_g64,16,0.5,3e-06,0.1,4.522878745280337,10
1000000,100000,0.1,0.001,8,nl,64,0.5,hwindow_12h_highdim_extra_g64,16,1.0,3e-06,0.1,4.522878745280337,10
1000000,100000,0.1,0.001,8,nl,128,0.0,main,1,0.01,,,,0
1000000,100000,0.1,0.001,8,nl,128,0.0,main,1,0.05,0.0003,0.1,2.5228787452803374,6
1000000,100000,0.1,0.001,8,nl,128,0.0,main,1,0.1,0.0003,0.1,2.5228787452803374,6
1000000,100000,0.1,0.001,8,nl,128,0.0,main,1,0.5,0.0001,0.1,3.0,7
1000000,100000,0.1,0.001,8,nl,128,0.0,main,1,1.0,3e-05,0.1,3.5228787452803374,8
1000000,100000,0.1,0.001,8,nl,128,0.0,main,2,0.01,0.0003,0.03,2.0,4
1000000,100000,0.1,0.001,8,nl,128,0.0,main,2,0.05,0.0003,0.1,2.5228787452803374,6
1000000,100000,0.1,0.001,8,nl,128,0.0,main,2,0.1,0.0001,0.1,3.0,7
1000000,100000,0.1,0.001,8,nl,128,0.0,main,2,0.5,3e-05,0.1,3.5228787452803374,8
1000000,100000,0.1,0.001,8,nl,128,0.0,main,2,1.0,1e-05,0.1,4.0,9
1000000,100000,0.1,0.001,8,nl,128,0.0,main,4,0.01,0.0003,0.1,2.5228787452803374,6
1000000,100000,0.1,0.001,8,nl,128,0.0,main,4,0.05,0.0001,0.1,3.0,7
1000000,100000,0.1,0.001,8,nl,128,0.0,main,4,0.1,0.0001,0.1,3.0,7
1000000,100000,0.1,0.001,8,nl,128,0.0,main,4,0.5,1e-05,0.1,4.0,9
1000000,100000,0.1,0.001,8,nl,128,0.0,main,4,1.0,3e-06,0.1,4.522878745280337,10
1000000,100000,0.1,0.001,8,nl,128,0.0,main,8,0.01,0.0003,0.1,2.5228787452803374,6
1000000,100000,0.1,0.001,8,nl,128,0.0,main,8,0.05,0.0001,0.1,3.0,7
1000000,100000,0.1,0.001,8,nl,128,0.0,main,8,0.1,3e-05,0.1,3.5228787452803374,8
1000000,100000,0.1,0.001,8,nl,128,0.0,main,8,0.5,3e-06,0.1,4.522878745280337,10
1000000,100000,0.1,0.001,8,nl,128,0.0,main,8,1.0,3e-06,0.1,4.522878745280337,10
1000000,100000,0.1,0.001,8,nl,128,0.0,main,16,0.01,0.0001,0.1,3.0,7
1000000,100000,0.1,0.001,8,nl,128,0.0,main,16,0.05,3e-05,0.1,3.5228787452803374,8
1000000,100000,0.1,0.001,8,nl,128,0.0,main,16,0.1,3e-05,0.1,3.5228787452803374,8
1000000,100000,0.1,0.001,8,nl,128,0.0,main,16,0.5,3e-06,0.1,4.522878745280337,10
1000000,100000,0.1,0.001,8,nl,128,0.0,main,16,1.0,1e-06,0.1,5.0,11
1000000,100000,0.1,0.001,8,nl,128,1.0,main,1,0.01,,,,0
1000000,100000,0.1,0.001,8,nl,128,1.0,main,1,0.05,0.003,0.1,1.5228787452803376,4
1000000,100000,0.1,0.001,8,nl,128,1.0,main,1,0.1,0.001,0.1,2.0,5
1000000,100000,0.1,0.001,8,nl,128,1.0,main,1,0.5,1e-08,0.1,7.0,7
1000000,100000,0.1,0.001,8,nl,128,1.0,main,1,1.0,1e-08,0.1,7.0,8
1000000,100000,0.1,0.001,8,nl,128,1.0,main,2,0.01,0.1,0.1,0.0,1
1000000,100000,0.1,0.001,8,nl,128,1.0,main,2,0.05,0.001,0.1,2.0,5
1000000,100000,0.1,0.001,8,nl,128,1.0,main,2,0.1,1e-08,0.1,7.0,6
1000000,100000,0.1,0.001,8,nl,128,1.0,main,2,0.5,1e-08,0.1,7.0,8
1000000,100000,0.1,0.001,8,nl,128,1.0,main,2,1.0,1e-08,0.1,7.0,8
1000000,100000,0.1,0.001,8,nl,128,1.0,main,4,0.01,0.01,0.1,1.0,3
1000000,100000,0.1,0.001,8,nl,128,1.0,main,4,0.05,1e-08,0.1,7.0,6
1000000,100000,0.1,0.001,8,nl,128,1.0,main,4,0.1,1e-08,0.1,7.0,6
1000000,100000,0.1,0.001,8,nl,128,1.0,main,4,0.5,1e-08,0.1,7.0,8
1000000,100000,0.1,0.001,8,nl,128,1.0,main,4,1.0,1e-08,0.1,7.0,8
1000000,100000,0.1,0.001,8,nl,128,1.0,main,8,0.01,0.003,0.1,1.5228787452803376,4
1000000,100000,0.1,0.001,8,nl,128,1.0,main,8,0.05,1e-08,0.1,7.0,6
1000000,100000,0.1,0.001,8,nl,128,1.0,main,8,0.1,1e-08,0.1,7.0,8
1000000,100000,0.1,0.001,8,nl,128,1.0,main,8,0.5,1e-08,0.1,7.0,8
1000000,100000,0.1,0.001,8,nl,128,1.0,main,8,1.0,1e-08,0.1,7.0,10
1000000,100000,0.1,0.001,8,nl,128,1.0,main,16,0.01,1e-08,0.1,7.0,6
1000000,100000,0.1,0.001,8,nl,128,1.0,main,16,0.05,1e-08,0.1,7.0,8
1000000,100000,0.1,0.001,8,nl,128,1.0,main,16,0.1,1e-08,0.1,7.0,8
1000000,100000,0.1,0.001,8,nl,128,1.0,main,16,0.5,1e-08,0.1,7.0,10
1000000,100000,0.1,0.001,8,nl,128,1.0,main,16,1.0,1e-08,0.1,7.0,11
1000000,100000,0.1,0.001,8,nl,256,0.5,hwindow_12h_highdim_extra_g256,1,0.01,,,,0
1000000,100000,0.1,0.001,8,nl,256,0.5,hwindow_12h_highdim_extra_g256,1,0.05,0.001,0.1,2.0,5
1000000,100000,0.1,0.001,8,nl,256,0.5,hwindow_12h_highdim_extra_g256,1,0.1,0.0001,0.1,3.0,7
1000000,100000,0.1,0.001,8,nl,256,0.5,hwindow_12h_highdim_extra_g256,1,0.5,0.0001,0.1,3.0,7
1000000,100000,0.1,0.001,8,nl,256,0.5,hwindow_12h_highdim_extra_g256,1,1.0,0.0001,0.1,3.0,7
1000000,100000,0.1,0.001,8,nl,256,0.5,hwindow_12h_highdim_extra_g256,2,0.01,,,,0
1000000,100000,0.1,0.001,8,nl,256,0.5,hwindow_12h_highdim_extra_g256,2,0.05,0.0001,0.1,3.0,7
1000000,100000,0.1,0.001,8,nl,256,0.5,hwindow_12h_highdim_extra_g256,2,0.1,0.0001,0.1,3.0,7
1000000,100000,0.1,0.001,8,nl,256,0.5,hwindow_12h_highdim_extra_g256,2,0.5,0.0001,0.1,3.0,7
1000000,100000,0.1,0.001,8,nl,256,0.5,hwindow_12h_highdim_extra_g256,2,1.0,1e-05,0.1,4.0,9
1000000,100000,0.1,0.001,8,nl,256,0.5,hwindow_12h_highdim_extra_g256,4,0.01,0.001,0.1,2.0,5
1000000,100000,0.1,0.001,8,nl,256,0.5,hwindow_12h_highdim_extra_g256,4,0.05,0.0001,0.1,3.0,7
1000000,100000,0.1,0.001,8,nl,256,0.5,hwindow_12h_highdim_extra_g256,4,0.1,0.0001,0.1,3.0,7
1000000,100000,0.1,0.001,8,nl,256,0.5,hwindow_12h_highdim_extra_g256,4,0.5,1e-05,0.1,4.0,9
1000000,100000,0.1,0.001,8,nl,256,0.5,hwindow_12h_highdim_extra_g256,4,1.0,1e-05,0.1,4.0,9
1000000,100000,0.1,0.001,8,nl,256,0.5,hwindow_12h_highdim_extra_g256,8,0.01,0.0001,0.1,3.0,7
1000000,100000,0.1,0.001,8,nl,256,0.5,hwindow_12h_highdim_extra_g256,8,0.05,0.0001,0.1,3.0,7
1000000,100000,0.1,0.001,8,nl,256,0.5,hwindow_12h_highdim_extra_g256,8,0.1,0.0001,0.1,3.0,7
1000000,100000,0.1,0.001,8,nl,256,0.5,hwindow_12h_highdim_extra_g256,8,0.5,1e-05,0.1,4.0,9
1000000,100000,0.1,0.001,8,nl,256,0.5,hwindow_12h_highdim_extra_g256,8,1.0,1e-05,0.1,4.0,9
1000000,100000,0.1,0.001,8,nl,256,0.5,hwindow_12h_highdim_extra_g256,16,0.01,0.0001,0.1,3.0,7
1000000,100000,0.1,0.001,8,nl,256,0.5,hwindow_12h_highdim_extra_g256,16,0.05,0.0001,0.1,3.0,7
1000000,100000,0.1,0.001,8,nl,256,0.5,hwindow_12h_highdim_extra_g256,16,0.1,1e-05,0.1,4.0,9
1000000,100000,0.1,0.001,8,nl,256,0.5,hwindow_12h_highdim_extra_g256,16,0.5,1e-05,0.1,4.0,9
1000000,100000,0.1,0.001,8,nl,256,0.5,hwindow_12h_highdim_extra_g256,16,1.0,1e-06,0.1,5.0,11
1000000,100000,0.1,0.01,4,lin,128,0.0,main,1,0.01,0.01,0.03,0.47712125471966244,2
1000000,100000,0.1,0.01,4,lin,128,0.0,main,1,0.05,0.01,0.1,1.0,3
1000000,100000,0.1,0.01,4,lin,128,0.0,main,1,0.1,1e-08,0.1,7.0,5
1000000,100000,0.1,0.01,4,lin,128,0.0,main,1,0.5,1e-08,0.1,7.0,7
1000000,100000,0.1,0.01,4,lin,128,0.0,main,1,1.0,1e-08,0.1,7.0,7
1000000,100000,0.1,0.01,4,lin,128,0.0,main,2,0.01,0.01,0.03,0.47712125471966244,2
1000000,100000,0.1,0.01,4,lin,128,0.0,main,2,0.05,1e-08,0.1,7.0,5
1000000,100000,0.1,0.01,4,lin,128,0.0,main,2,0.1,1e-08,0.1,7.0,6
1000000,100000,0.1,0.01,4,lin,128,0.0,main,2,0.5,1e-08,0.1,7.0,7
1000000,100000,0.1,0.01,4,lin,128,0.0,main,2,1.0,1e-08,0.1,7.0,8
1000000,100000,0.1,0.01,4,lin,128,0.0,main,4,0.01,0.01,0.1,1.0,3
1000000,100000,0.1,0.01,4,lin,128,0.0,main,4,0.05,1e-08,0.1,7.0,6
1000000,100000,0.1,0.01,4,lin,128,0.0,main,4,0.1,1e-08,0.1,7.0,7
1000000,100000,0.1,0.01,4,lin,128,0.0,main,4,0.5,1e-08,0.1,7.0,8
1000000,100000,0.1,0.01,4,lin,128,0.0,main,4,1.0,1e-08,0.1,7.0,8
1000000,100000,0.1,0.01,4,lin,128,0.0,main,8,0.01,1e-08,0.1,7.0,5
1000000,100000,0.1,0.01,4,lin,128,0.0,main,8,0.05,1e-08,0.1,7.0,7
1000000,100000,0.1,0.01,4,lin,128,0.0,main,8,0.1,1e-08,0.1,7.0,7
1000000,100000,0.1,0.01,4,lin,128,0.0,main,8,0.5,1e-08,0.1,7.0,8
1000000,100000,0.1,0.01,4,lin,128,0.0,main,8,1.0,1e-08,0.1,7.0,10
1000000,100000,0.1,0.01,4,lin,128,0.0,main,16,0.01,1e-08,0.1,7.0,6
1000000,100000,0.1,0.01,4,lin,128,0.0,main,16,0.05,1e-08,0.1,7.0,7
1000000,100000,0.1,0.01,4,lin,128,0.0,main,16,0.1,1e-08,0.1,7.0,7
1000000,100000,0.1,0.01,4,lin,128,0.0,main,16,0.5,1e-08,0.1,7.0,10
1000000,100000,0.1,0.01,4,lin,128,0.0,main,16,1.0,1e-08,0.1,7.0,10
1000000,100000,0.1,0.01,4,lin,128,1.0,main,1,0.01,0.03,0.03,0.0,1
1000000,100000,0.1,0.01,4,lin,128,1.0,main,1,0.05,0.01,0.03,0.47712125471966244,2
1000000,100000,0.1,0.01,4,lin,128,1.0,main,1,0.1,0.01,0.1,1.0,3
1000000,100000,0.1,0.01,4,lin,128,1.0,main,1,0.5,1e-08,0.1,7.0,5
1000000,100000,0.1,0.01,4,lin,128,1.0,main,1,1.0,1e-08,0.1,7.0,6
1000000,100000,0.1,0.01,4,lin,128,1.0,main,2,0.01,0.03,0.03,0.0,1
1000000,100000,0.1,0.01,4,lin,128,1.0,main,2,0.05,0.01,0.1,1.0,3
1000000,100000,0.1,0.01,4,lin,128,1.0,main,2,0.1,1e-08,0.1,7.0,5
1000000,100000,0.1,0.01,4,lin,128,1.0,main,2,0.5,1e-08,0.1,7.0,6
1000000,100000,0.1,0.01,4,lin,128,1.0,main,2,1.0,1e-08,0.1,7.0,6
1000000,100000,0.1,0.01,4,lin,128,1.0,main,4,0.01,0.01,0.03,0.47712125471966244,2
1000000,100000,0.1,0.01,4,lin,128,1.0,main,4,0.05,1e-08,0.1,7.0,5
1000000,100000,0.1,0.01,4,lin,128,1.0,main,4,0.1,1e-08,0.1,7.0,5
1000000,100000,0.1,0.01,4,lin,128,1.0,main,4,0.5,1e-08,0.1,7.0,6
1000000,100000,0.1,0.01,4,lin,128,1.0,main,4,1.0,1e-08,0.1,7.0,7
1000000,100000,0.1,0.01,4,lin,128,1.0,main,8,0.01,0.01,0.1,1.0,3
1000000,100000,0.1,0.01,4,lin,128,1.0,main,8,0.05,1e-08,0.1,7.0,5
1000000,100000,0.1,0.01,4,lin,128,1.0,main,8,0.1,1e-08,0.1,7.0,6
1000000,100000,0.1,0.01,4,lin,128,1.0,main,8,0.5,1e-08,0.1,7.0,7
1000000,100000,0.1,0.01,4,lin,128,1.0,main,8,1.0,1e-08,0.1,7.0,7
1000000,100000,0.1,0.01,4,lin,128,1.0,main,16,0.01,1e-08,0.1,7.0,5
1000000,100000,0.1,0.01,4,lin,128,1.0,main,16,0.05,1e-08,0.1,7.0,6
1000000,100000,0.1,0.01,4,lin,128,1.0,main,16,0.1,1e-08,0.1,7.0,6
1000000,100000,0.1,0.01,4,lin,128,1.0,main,16,0.5,1e-08,0.1,7.0,7
1000000,100000,0.1,0.01,4,lin,128,1.0,main,16,1.0,1e-08,0.1,7.0,9
1000000,100000,0.1,0.01,4,nl,128,0.0,main,1,0.01,,,,0
1000000,100000,0.1,0.01,4,nl,128,0.0,main,1,0.05,0.003,0.03,1.0,3
1000000,100000,0.1,0.01,4,nl,128,0.0,main,1,0.1,0.003,0.03,1.0,3
1000000,100000,0.1,0.01,4,nl,128,0.0,main,1,0.5,1e-08,0.1,7.0,7
1000000,100000,0.1,0.01,4,nl,128,0.0,main,1,1.0,1e-08,0.1,7.0,8
1000000,100000,0.1,0.01,4,nl,128,0.0,main,2,0.01,,,,0
1000000,100000,0.1,0.01,4,nl,128,0.0,main,2,0.05,0.003,0.03,1.0,3
1000000,100000,0.1,0.01,4,nl,128,0.0,main,2,0.1,1e-08,0.03,6.477121254719663,5
1000000,100000,0.1,0.01,4,nl,128,0.0,main,2,0.5,1e-08,0.1,7.0,8
1000000,100000,0.1,0.01,4,nl,128,0.0,main,2,1.0,1e-08,0.1,7.0,9
1000000,100000,0.1,0.01,4,nl,128,0.0,main,4,0.01,0.003,0.03,1.0,3
1000000,100000,0.1,0.01,4,nl,128,0.0,main,4,0.05,1e-08,0.03,6.477121254719663,5
1000000,100000,0.1,0.01,4,nl,128,0.0,main,4,0.1,1e-08,0.1,7.0,7
1000000,100000,0.1,0.01,4,nl,128,0.0,main,4,0.5,1e-08,0.1,7.0,9
1000000,100000,0.1,0.01,4,nl,128,0.0,main,4,1.0,1e-08,0.1,7.0,9
1000000,100000,0.1,0.01,4,nl,128,0.0,main,8,0.01,0.003,0.03,1.0,3
1000000,100000,0.1,0.01,4,nl,128,0.0,main,8,0.05,1e-08,0.1,7.0,7
1000000,100000,0.1,0.01,4,nl,128,0.0,main,8,0.1,1e-08,0.1,7.0,8
1000000,100000,0.1,0.01,4,nl,128,0.0,main,8,0.5,1e-08,0.1,7.0,9
1000000,100000,0.1,0.01,4,nl,128,0.0,main,8,1.0,1e-08,0.1,7.0,10
1000000,100000,0.1,0.01,4,nl,128,0.0,main,16,0.01,1e-08,0.03,6.477121254719663,5
1000000,100000,0.1,0.01,4,nl,128,0.0,main,16,0.05,1e-08,0.1,7.0,8
1000000,100000,0.1,0.01,4,nl,128,0.0,main,16,0.1,1e-08,0.1,7.0,9
1000000,100000,0.1,0.01,4,nl,128,0.0,main,16,0.5,1e-08,0.1,7.0,10
1000000,100000,0.1,0.01,4,nl,128,0.0,main,16,1.0,1e-08,0.1,7.0,11
1000000,100000,0.1,0.01,4,nl,128,1.0,main,1,0.01,,,,0
1000000,100000,0.1,0.01,4,nl,128,1.0,main,1,0.05,0.1,0.1,0.0,1
1000000,100000,0.1,0.01,4,nl,128,1.0,main,1,0.1,3e-08,0.1,6.522878745280337,4
1000000,100000,0.1,0.01,4,nl,128,1.0,main,1,0.5,1e-08,0.1,7.0,6
1000000,100000,0.1,0.01,4,nl,128,1.0,main,1,1.0,1e-08,0.1,7.0,6
1000000,100000,0.1,0.01,4,nl,128,1.0,main,2,0.01,,,,0
1000000,100000,0.1,0.01,4,nl,128,1.0,main,2,0.05,3e-08,0.1,6.522878745280337,4
1000000,100000,0.1,0.01,4,nl,128,1.0,main,2,0.1,1e-08,0.1,7.0,5
1000000,100000,0.1,0.01,4,nl,128,1.0,main,2,0.5,1e-08,0.1,7.0,6
1000000,100000,0.1,0.01,4,nl,128,1.0,main,2,1.0,1e-08,0.1,7.0,7
1000000,100000,0.1,0.01,4,nl,128,1.0,main,4,0.01,0.1,0.1,0.0,1
1000000,100000,0.1,0.01,4,nl,128,1.0,main,4,0.05,1e-08,0.1,7.0,5
1000000,100000,0.1,0.01,4,nl,128,1.0,main,4,0.1,1e-08,0.1,7.0,6
1000000,100000,0.1,0.01,4,nl,128,1.0,main,4,0.5,1e-08,0.1,7.0,7
1000000,100000,0.1,0.01,4,nl,128,1.0,main,4,1.0,1e-08,0.1,7.0,7
1000000,100000,0.1,0.01,4,nl,128,1.0,main,8,0.01,3e-08,0.1,6.522878745280337,4
1000000,100000,0.1,0.01,4,nl,128,1.0,main,8,0.05,1e-08,0.1,7.0,6
1000000,100000,0.1,0.01,4,nl,128,1.0,main,8,0.1,1e-08,0.1,7.0,6
1000000,100000,0.1,0.01,4,nl,128,1.0,main,8,0.5,1e-08,0.1,7.0,7
1000000,100000,0.1,0.01,4,nl,128,1.0,main,8,1.0,1e-08,0.1,7.0,8
1000000,100000,0.1,0.01,4,nl,128,1.0,main,16,0.01,1e-08,0.1,7.0,5
1000000,100000,0.1,0.01,4,nl,128,1.0,main,16,0.05,1e-08,0.1,7.0,6
1000000,100000,0.1,0.01,4,nl,128,1.0,main,16,0.1,1e-08,0.1,7.0,6
1000000,100000,0.1,0.01,4,nl,128,1.0,main,16,0.5,1e-08,0.1,7.0,8
1000000,100000,0.1,0.01,4,nl,128,1.0,main,16,1.0,1e-08,0.1,7.0,11
1000000,100000,0.1,0.01,8,lin,128,0.0,main,1,0.01,0.01,0.1,1.0,3
1000000,100000,0.1,0.01,8,lin,128,0.0,main,1,0.05,0.003,0.1,1.5228787452803376,4
1000000,100000,0.1,0.01,8,lin,128,0.0,main,1,0.1,0.003,0.1,1.5228787452803376,4
1000000,100000,0.1,0.01,8,lin,128,0.0,main,1,0.5,1e-08,0.1,7.0,6
1000000,100000,0.1,0.01,8,lin,128,0.0,main,1,1.0,1e-08,0.1,7.0,7
1000000,100000,0.1,0.01,8,lin,128,0.0,main,2,0.01,0.01,0.1,1.0,3
1000000,100000,0.1,0.01,8,lin,128,0.0,main,2,0.05,0.003,0.1,1.5228787452803376,4
1000000,100000,0.1,0.01,8,lin,128,0.0,main,2,0.1,1e-08,0.1,7.0,5
1000000,100000,0.1,0.01,8,lin,128,0.0,main,2,0.5,1e-08,0.1,7.0,7
1000000,100000,0.1,0.01,8,lin,128,0.0,main,2,1.0,1e-08,0.1,7.0,7
1000000,100000,0.1,0.01,8,lin,128,0.0,main,4,0.01,0.01,0.1,1.0,3
1000000,100000,0.1,0.01,8,lin,128,0.0,main,4,0.05,1e-08,0.1,7.0,5
1000000,100000,0.1,0.01,8,lin,128,0.0,main,4,0.1,1e-08,0.1,7.0,6
1000000,100000,0.1,0.01,8,lin,128,0.0,main,4,0.5,1e-08,0.1,7.0,7
1000000,100000,0.1,0.01,8,lin,128,0.0,main,4,1.0,1e-08,0.1,7.0,7
1000000,100000,0.1,0.01,8,lin,128,0.0,main,8,0.01,0.003,0.1,1.5228787452803376,4
1000000,100000,0.1,0.01,8,lin,128,0.0,main,8,0.05,1e-08,0.1,7.0,6
1000000,100000,0.1,0.01,8,lin,128,0.0,main,8,0.1,1e-08,0.1,7.0,6
1000000,100000,0.1,0.01,8,lin,128,0.0,main,8,0.5,1e-08,0.1,7.0,7
1000000,100000,0.1,0.01,8,lin,128,0.0,main,8,1.0,1e-08,0.1,7.0,8
1000000,100000,0.1,0.01,8,lin,128,0.0,main,16,0.01,1e-08,0.1,7.0,5
1000000,100000,0.1,0.01,8,lin,128,0.0,main,16,0.05,1e-08,0.1,7.0,6
1000000,100000,0.1,0.01,8,lin,128,0.0,main,16,0.1,1e-08,0.1,7.0,7
1000000,100000,0.1,0.01,8,lin,128,0.0,main,16,0.5,1e-08,0.1,7.0,8
1000000,100000,0.1,0.01,8,lin,128,0.0,main,16,1.0,1e-08,0.1,7.0,9
1000000,100000,0.1,0.01,8,lin,128,1.0,main,1,0.01,0.03,0.1,0.5228787452803376,2
1000000,100000,0.1,0.01,8,lin,128,1.0,main,1,0.05,0.01,0.1,1.0,3
1000000,100000,0.1,0.01,8,lin,128,1.0,main,1,0.1,1e-08,0.1,7.0,4
1000000,100000,0.1,0.01,8,lin,128,1.0,main,1,0.5,1e-08,0.1,7.0,5
1000000,100000,0.1,0.01,8,lin,128,1.0,main,1,1.0,1e-08,0.1,7.0,7
1000000,100000,0.1,0.01,8,lin,128,1.0,main,2,0.01,0.03,0.1,0.5228787452803376,2
1000000,100000,0.1,0.01,8,lin,128,1.0,main,2,0.05,1e-08,0.1,7.0,4
1000000,100000,0.1,0.01,8,lin,128,1.0,main,2,0.1,1e-08,0.1,7.0,5
1000000,100000,0.1,0.01,8,lin,128,1.0,main,2,0.5,1e-08,0.1,7.0,7
1000000,100000,0.1,0.01,8,lin,128,1.0,main,2,1.0,1e-08,0.1,7.0,7
1000000,100000,0.1,0.01,8,lin,128,1.0,main,4,0.01,0.01,0.1,1.0,3
1000000,100000,0.1,0.01,8,lin,128,1.0,main,4,0.05,1e-08,0.1,7.0,5
1000000,100000,0.1,0.01,8,lin,128,1.0,main,4,0.1,1e-08,0.1,7.0,5
1000000,100000,0.1,0.01,8,lin,128,1.0,main,4,0.5,1e-08,0.1,7.0,7
1000000,100000,0.1,0.01,8,lin,128,1.0,main,4,1.0,1e-08,0.1,7.0,7
1000000,100000,0.1,0.01,8,lin,128,1.0,main,8,0.01,0.01,0.1,1.0,3
1000000,100000,0.1,0.01,8,lin,128,1.0,main,8,0.05,1e-08,0.1,7.0,5
1000000,100000,0.1,0.01,8,lin,128,1.0,main,8,0.1,1e-08,0.1,7.0,6
1000000,100000,0.1,0.01,8,lin,128,1.0,main,8,0.5,1e-08,0.1,7.0,7
1000000,100000,0.1,0.01,8,lin,128,1.0,main,8,1.0,1e-08,0.1,7.0,7
1000000,100000,0.1,0.01,8,lin,128,1.0,main,16,0.01,1e-08,0.1,7.0,5
1000000,100000,0.1,0.01,8,lin,128,1.0,main,16,0.05,1e-08,0.1,7.0,6
1000000,100000,0.1,0.01,8,lin,128,1.0,main,16,0.1,1e-08,0.1,7.0,7
1000000,100000,0.1,0.01,8,lin,128,1.0,main,16,0.5,1e-08,0.1,7.0,7
1000000,100000,0.1,0.01,8,lin,128,1.0,main,16,1.0,1e-08,0.1,7.0,8
1000000,100000,0.1,0.01,8,nl,128,0.0,main,1,0.01,0.03,0.03,0.0,1
1000000,100000,0.1,0.01,8,nl,128,0.0,main,1,0.05,0.003,0.1,1.5228787452803376,4
1000000,100000,0.1,0.01,8,nl,128,0.0,main,1,0.1,1e-08,0.1,7.0,5
1000000,100000,0.1,0.01,8,nl,128,0.0,main,1,0.5,1e-08,0.1,7.0,7
1000000,100000,0.1,0.01,8,nl,128,0.0,main,1,1.0,1e-08,0.1,7.0,8
1000000,100000,0.1,0.01,8,nl,128,0.0,main,2,0.01,0.01,0.1,1.0,3
1000000,100000,0.1,0.01,8,nl,128,0.0,main,2,0.05,1e-08,0.1,7.0,5
1000000,100000,0.1,0.01,8,nl,128,0.0,main,2,0.1,1e-08,0.1,7.0,7
1000000,100000,0.1,0.01,8,nl,128,0.0,main,2,0.5,1e-08,0.1,7.0,8
1000000,100000,0.1,0.01,8,nl,128,0.0,main,2,1.0,1e-08,0.1,7.0,9
1000000,100000,0.1,0.01,8,nl,128,0.0,main,4,0.01,0.003,0.1,1.5228787452803376,4
1000000,100000,0.1,0.01,8,nl,128,0.0,main,4,0.05,1e-08,0.1,7.0,7
1000000,100000,0.1,0.01,8,nl,128,0.0,main,4,0.1,1e-08,0.1,7.0,7
1000000,100000,0.1,0.01,8,nl,128,0.0,main,4,0.5,1e-08,0.1,7.0,9
1000000,100000,0.1,0.01,8,nl,128,0.0,main,4,1.0,1e-08,0.1,7.0,10
1000000,100000,0.1,0.01,8,nl,128,0.0,main,8,0.01,0.003,0.1,1.5228787452803376,4
1000000,100000,0.1,0.01,8,nl,128,0.0,main,8,0.05,1e-08,0.1,7.0,7
1000000,100000,0.1,0.01,8,nl,128,0.0,main,8,0.1,1e-08,0.1,7.0,8
1000000,100000,0.1,0.01,8,nl,128,0.0,main,8,0.5,1e-08,0.1,7.0,10
1000000,100000,0.1,0.01,8,nl,128,0.0,main,8,1.0,1e-08,0.1,7.0,10
1000000,100000,0.1,0.01,8,nl,128,0.0,main,16,0.01,1e-08,0.1,7.0,7
1000000,100000,0.1,0.01,8,nl,128,0.0,main,16,0.05,1e-08,0.1,7.0,8
1000000,100000,0.1,0.01,8,nl,128,0.0,main,16,0.1,1e-08,0.1,7.0,9
1000000,100000,0.1,0.01,8,nl,128,0.0,main,16,0.5,1e-08,0.1,7.0,10
1000000,100000,0.1,0.01,8,nl,128,0.0,main,16,1.0,1e-08,0.1,7.0,10
1000000,100000,0.1,0.01,8,nl,128,1.0,main,1,0.01,,,,0
1000000,100000,0.1,0.01,8,nl,128,1.0,main,1,0.05,0.01,0.1,1.0,3
1000000,100000,0.1,0.01,8,nl,128,1.0,main,1,0.1,1e-08,0.1,7.0,4
1000000,100000,0.1,0.01,8,nl,128,1.0,main,1,0.5,1e-08,0.1,7.0,6
1000000,100000,0.1,0.01,8,nl,128,1.0,main,1,1.0,1e-08,0.1,7.0,8
1000000,100000,0.1,0.01,8,nl,128,1.0,main,2,0.01,,,,0
1000000,100000,0.1,0.01,8,nl,128,1.0,main,2,0.05,1e-08,0.1,7.0,4
1000000,100000,0.1,0.01,8,nl,128,1.0,main,2,0.1,1e-08,0.1,7.0,5
1000000,100000,0.1,0.01,8,nl,128,1.0,main,2,0.5,1e-08,0.1,7.0,8
1000000,100000,0.1,0.01,8,nl,128,1.0,main,2,1.0,1e-08,0.1,7.0,8
1000000,100000,0.1,0.01,8,nl,128,1.0,main,4,0.01,0.01,0.1,1.0,3
1000000,100000,0.1,0.01,8,nl,128,1.0,main,4,0.05,1e-08,0.1,7.0,5
1000000,100000,0.1,0.01,8,nl,128,1.0,main,4,0.1,1e-08,0.1,7.0,6
1000000,100000,0.1,0.01,8,nl,128,1.0,main,4,0.5,1e-08,0.1,7.0,8
1000000,100000,0.1,0.01,8,nl,128,1.0,main,4,1.0,1e-08,0.1,7.0,8
1000000,100000,0.1,0.01,8,nl,128,1.0,main,8,0.01,0.01,0.1,1.0,3
1000000,100000,0.1,0.01,8,nl,128,1.0,main,8,0.05,1e-08,0.1,7.0,6
1000000,100000,0.1,0.01,8,nl,128,1.0,main,8,0.1,1e-08,0.1,7.0,7
1000000,100000,0.1,0.01,8,nl,128,1.0,main,8,0.5,1e-08,0.1,7.0,8
1000000,100000,0.1,0.01,8,nl,128,1.0,main,8,1.0,1e-08,0.1,7.0,10
1000000,100000,0.1,0.01,8,nl,128,1.0,main,16,0.01,1e-08,0.1,7.0,5
1000000,100000,0.1,0.01,8,nl,128,1.0,main,16,0.05,1e-08,0.1,7.0,7
1000000,100000,0.1,0.01,8,nl,128,1.0,main,16,0.1,1e-08,0.1,7.0,8
1000000,100000,0.1,0.01,8,nl,128,1.0,main,16,0.5,1e-08,0.1,7.0,10
1000000,100000,0.1,0.01,8,nl,128,1.0,main,16,1.0,1e-08,0.1,7.0,10
1000000,1000000,1.0,1e-05,4,lin,128,0.0,main,1,0.01,,,,0
1000000,1000000,1.0,1e-05,4,lin,128,0.0,main,1,0.05,1e-05,3e-05,0.47712125471966244,2
1000000,1000000,1.0,1e-05,4,lin,128,0.0,main,1,0.1,1e-05,3e-05,0.47712125471966244,2
1000000,1000000,1.0,1e-05,4,lin,128,0.0,main,1,0.5,1e-05,0.001,2.0,3
1000000,1000000,1.0,1e-05,4,lin,128,0.0,main,1,1.0,3e-06,0.03,4.0,8
1000000,1000000,1.0,1e-05,4,lin,128,0.0,main,2,0.01,3e-05,3e-05,0.0,1
1000000,1000000,1.0,1e-05,4,lin,128,0.0,main,2,0.05,1e-05,3e-05,0.47712125471966244,2
1000000,1000000,1.0,1e-05,4,lin,128,0.0,main,2,0.1,1e-05,3e-05,0.47712125471966244,2
1000000,1000000,1.0,1e-05,4,lin,128,0.0,main,2,0.5,3e-06,0.03,4.0,8
1000000,1000000,1.0,1e-05,4,lin,128,0.0,main,2,1.0,3e-06,0.1,4.522878745280337,10
1000000,1000000,1.0,1e-05,4,lin,128,0.0,main,4,0.01,1e-05,3e-05,0.47712125471966244,2
1000000,1000000,1.0,1e-05,4,lin,128,0.0,main,4,0.05,1e-05,3e-05,0.47712125471966244,2
1000000,1000000,1.0,1e-05,4,lin,128,0.0,main,4,0.1,1e-05,3e-05,0.47712125471966244,2
1000000,1000000,1.0,1e-05,4,lin,128,0.0,main,4,0.5,3e-06,0.1,4.522878745280337,10
1000000,1000000,1.0,1e-05,4,lin,128,0.0,main,4,1.0,1e-06,0.1,5.0,11
1000000,1000000,1.0,1e-05,4,lin,128,0.0,main,8,0.01,1e-05,3e-05,0.47712125471966244,2
1000000,1000000,1.0,1e-05,4,lin,128,0.0,main,8,0.05,1e-05,3e-05,0.47712125471966244,2
1000000,1000000,1.0,1e-05,4,lin,128,0.0,main,8,0.1,3e-06,0.03,4.0,7
1000000,1000000,1.0,1e-05,4,lin,128,0.0,main,8,0.5,1e-06,0.1,5.0,11
1000000,1000000,1.0,1e-05,4,lin,128,0.0,main,8,1.0,1e-06,0.1,5.0,11
1000000,1000000,1.0,1e-05,4,lin,128,0.0,main,16,0.01,1e-05,3e-05,0.47712125471966244,2
1000000,1000000,1.0,1e-05,4,lin,128,0.0,main,16,0.05,3e-06,0.03,4.0,7
1000000,1000000,1.0,1e-05,4,lin,128,0.0,main,16,0.1,3e-06,0.1,4.522878745280337,10
1000000,1000000,1.0,1e-05,4,lin,128,0.0,main,16,0.5,1e-06,0.1,5.0,11
1000000,1000000,1.0,1e-05,4,lin,128,0.0,main,16,1.0,1e-06,0.1,5.0,11
1000000,1000000,1.0,1e-05,4,lin,128,1.0,main,1,0.01,,,,0
1000000,1000000,1.0,1e-05,4,lin,128,1.0,main,1,0.05,,,,0
1000000,1000000,1.0,1e-05,4,lin,128,1.0,main,1,0.1,0.0001,0.0001,0.0,1
1000000,1000000,1.0,1e-05,4,lin,128,1.0,main,1,0.5,1e-05,0.0003,1.4771212547196624,4
1000000,1000000,1.0,1e-05,4,lin,128,1.0,main,1,1.0,1e-05,0.1,4.0,8
1000000,1000000,1.0,1e-05,4,lin,128,1.0,main,2,0.01,,,,0
1000000,1000000,1.0,1e-05,4,lin,128,1.0,main,2,0.05,0.0001,0.0001,0.0,1
1000000,1000000,1.0,1e-05,4,lin,128,1.0,main,2,0.1,3e-05,0.0001,0.5228787452803376,2
1000000,1000000,1.0,1e-05,4,lin,128,1.0,main,2,0.5,1e-05,0.1,4.0,8
1000000,1000000,1.0,1e-05,4,lin,128,1.0,main,2,1.0,3e-06,0.1,4.522878745280337,10
1000000,1000000,1.0,1e-05,4,lin,128,1.0,main,4,0.01,,,,0
1000000,1000000,1.0,1e-05,4,lin,128,1.0,main,4,0.05,3e-05,0.0001,0.5228787452803376,2
1000000,1000000,1.0,1e-05,4,lin,128,1.0,main,4,0.1,1e-05,0.0001,1.0,3
1000000,1000000,1.0,1e-05,4,lin,128,1.0,main,4,0.5,3e-06,0.1,4.522878745280337,10
1000000,1000000,1.0,1e-05,4,lin,128,1.0,main,4,1.0,3e-06,0.1,4.522878745280337,10
1000000,1000000,1.0,1e-05,4,lin,128,1.0,main,8,0.01,0.0001,0.0001,0.0,1
1000000,1000000,1.0,1e-05,4,lin,128,1.0,main,8,0.05,1e-05,0.0001,1.0,3
1000000,1000000,1.0,1e-05,4,lin,128,1.0,main,8,0.1,1e-05,0.03,3.477121254719662,7
1000000,1000000,1.0,1e-05,4,lin,128,1.0,main,8,0.5,3e-06,0.1,4.522878745280337,10
1000000,1000000,1.0,1e-05,4,lin,128,1.0,main,8,1.0,1e-06,0.1,5.0,11
1000000,1000000,1.0,1e-05,4,lin,128,1.0,main,16,0.01,3e-05,0.0001,0.5228787452803376,2
1000000,1000000,1.0,1e-05,4,lin,128,1.0,main,16,0.05,1e-05,0.03,3.477121254719662,7
1000000,1000000,1.0,1e-05,4,lin,128,1.0,main,16,0.1,1e-05,0.1,4.0,9
1000000,1000000,1.0,1e-05,4,lin,128,1.0,main,16,0.5,1e-06,0.1,5.0,11
1000000,1000000,1.0,1e-05,4,lin,128,1.0,main,16,1.0,1e-06,0.1,5.0,11
1000000,1000000,1.0,1e-05,4,nl,128,0.0,main,1,0.01,,,,0
1000000,1000000,1.0,1e-05,4,nl,128,0.0,main,1,0.05,,,,0
1000000,1000000,1.0,1e-05,4,nl,128,0.0,main,1,0.1,,,,0
1000000,1000000,1.0,1e-05,4,nl,128,0.0,main,1,0.5,1e-05,1e-05,0.0,1
1000000,1000000,1.0,1e-05,4,nl,128,0.0,main,1,1.0,1e-08,0.1,7.0,12
1000000,1000000,1.0,1e-05,4,nl,128,0.0,main,2,0.01,,,,0
1000000,1000000,1.0,1e-05,4,nl,128,0.0,main,2,0.05,,,,0
1000000,1000000,1.0,1e-05,4,nl,128,0.0,main,2,0.1,,,,0
1000000,1000000,1.0,1e-05,4,nl,128,0.0,main,2,0.5,1e-08,0.1,7.0,12
1000000,1000000,1.0,1e-05,4,nl,128,0.0,main,2,1.0,1e-08,0.1,7.0,15
1000000,1000000,1.0,1e-05,4,nl,128,0.0,main,4,0.01,,,,0
1000000,1000000,1.0,1e-05,4,nl,128,0.0,main,4,0.05,,,,0
1000000,1000000,1.0,1e-05,4,nl,128,0.0,main,4,0.1,,,,0
1000000,1000000,1.0,1e-05,4,nl,128,0.0,main,4,0.5,1e-08,0.1,7.0,15
1000000,1000000,1.0,1e-05,4,nl,128,0.0,main,4,1.0,1e-08,0.1,7.0,15
1000000,1000000,1.0,1e-05,4,nl,128,0.0,main,8,0.01,,,,0
1000000,1000000,1.0,1e-05,4,nl,128,0.0,main,8,0.05,,,,0
1000000,1000000,1.0,1e-05,4,nl,128,0.0,main,8,0.1,1e-08,0.03,6.477121254719663,7
1000000,1000000,1.0,1e-05,4,nl,128,0.0,main,8,0.5,1e-08,0.1,7.0,15
1000000,1000000,1.0,1e-05,4,nl,128,0.0,main,8,1.0,1e-08,0.1,7.0,15
1000000,1000000,1.0,1e-05,4,nl,128,0.0,main,16,0.01,,,,0
1000000,1000000,1.0,1e-05,4,nl,128,0.0,main,16,0.05,1e-08,0.03,6.477121254719663,7
1000000,1000000,1.0,1e-05,4,nl,128,0.0,main,16,0.1,1e-08,0.1,7.0,15
1000000,1000000,1.0,1e-05,4,nl,128,0.0,main,16,0.5,1e-08,0.1,7.0,15
1000000,1000000,1.0,1e-05,4,nl,128,0.0,main,16,1.0,1e-08,0.1,7.0,15
1000000,1000000,1.0,1e-05,4,nl,128,1.0,main,1,0.01,,,,0
1000000,1000000,1.0,1e-05,4,nl,128,1.0,main,1,0.05,,,,0
1000000,1000000,1.0,1e-05,4,nl,128,1.0,main,1,0.1,,,,0
1000000,1000000,1.0,1e-05,4,nl,128,1.0,main,1,0.5,,,,0
1000000,1000000,1.0,1e-05,4,nl,128,1.0,main,1,1.0,0.0003,0.1,2.5228787452803374,3
1000000,1000000,1.0,1e-05,4,nl,128,1.0,main,2,0.01,,,,0
1000000,1000000,1.0,1e-05,4,nl,128,1.0,main,2,0.05,,,,0
1000000,1000000,1.0,1e-05,4,nl,128,1.0,main,2,0.1,,,,0
1000000,1000000,1.0,1e-05,4,nl,128,1.0,main,2,0.5,0.0003,0.1,2.5228787452803374,3
1000000,1000000,1.0,1e-05,4,nl,128,1.0,main,2,1.0,1e-05,0.1,4.0,9
1000000,1000000,1.0,1e-05,4,nl,128,1.0,main,4,0.01,,,,0
1000000,1000000,1.0,1e-05,4,nl,128,1.0,main,4,0.05,,,,0
1000000,1000000,1.0,1e-05,4,nl,128,1.0,main,4,0.1,,,,0
1000000,1000000,1.0,1e-05,4,nl,128,1.0,main,4,0.5,1e-05,0.1,4.0,9
1000000,1000000,1.0,1e-05,4,nl,128,1.0,main,4,1.0,1e-05,0.1,4.0,9
1000000,1000000,1.0,1e-05,4,nl,128,1.0,main,8,0.01,,,,0
1000000,1000000,1.0,1e-05,4,nl,128,1.0,main,8,0.05,,,,0
1000000,1000000,1.0,1e-05,4,nl,128,1.0,main,8,0.1,0.01,0.01,0.0,1
1000000,1000000,1.0,1e-05,4,nl,128,1.0,main,8,0.5,1e-05,0.1,4.0,9
1000000,1000000,1.0,1e-05,4,nl,128,1.0,main,8,1.0,3e-06,0.1,4.522878745280337,10
1000000,1000000,1.0,1e-05,4,nl,128,1.0,main,16,0.01,,,,0
1000000,1000000,1.0,1e-05,4,nl,128,1.0,main,16,0.05,0.01,0.01,0.0,1
1000000,1000000,1.0,1e-05,4,nl,128,1.0,main,16,0.1,3e-05,0.1,3.5228787452803374,8
1000000,1000000,1.0,1e-05,4,nl,128,1.0,main,16,0.5,3e-06,0.1,4.522878745280337,10
1000000,1000000,1.0,1e-05,4,nl,128,1.0,main,16,1.0,3e-06,0.1,4.522878745280337,10
1000000,1000000,1.0,1e-05,8,lin,128,0.0,main,1,0.01,3e-05,0.0003,0.9999999999999999,3
1000000,1000000,1.0,1e-05,8,lin,128,0.0,main,1,0.05,1e-05,0.0003,1.4771212547196624,4
1000000,1000000,1.0,1e-05,8,lin,128,0.0,main,1,0.1,1e-05,0.0003,1.4771212547196624,4
1000000,1000000,1.0,1e-05,8,lin,128,0.0,main,1,0.5,1e-05,0.003,2.4771212547196626,6
1000000,1000000,1.0,1e-05,8,lin,128,0.0,main,1,1.0,3e-06,0.1,4.522878745280337,10
1000000,1000000,1.0,1e-05,8,lin,128,0.0,main,2,0.01,3e-05,0.0003,0.9999999999999999,3
1000000,1000000,1.0,1e-05,8,lin,128,0.0,main,2,0.05,1e-05,0.0003,1.4771212547196624,4
1000000,1000000,1.0,1e-05,8,lin,128,0.0,main,2,0.1,1e-05,0.001,2.0,5
1000000,1000000,1.0,1e-05,8,lin,128,0.0,main,2,0.5,3e-06,0.1,4.522878745280337,10
1000000,1000000,1.0,1e-05,8,lin,128,0.0,main,2,1.0,3e-06,0.1,4.522878745280337,10
1000000,1000000,1.0,1e-05,8,lin,128,0.0,main,4,0.01,3e-05,0.0003,0.9999999999999999,3
1000000,1000000,1.0,1e-05,8,lin,128,0.0,main,4,0.05,1e-05,0.001,2.0,5
1000000,1000000,1.0,1e-05,8,lin,128,0.0,main,4,0.1,1e-05,0.003,2.4771212547196626,6
1000000,1000000,1.0,1e-05,8,lin,128,0.0,main,4,0.5,3e-06,0.1,4.522878745280337,10
1000000,1000000,1.0,1e-05,8,lin,128,0.0,main,4,1.0,1e-06,0.1,5.0,11
1000000,1000000,1.0,1e-05,8,lin,128,0.0,main,8,0.01,1e-05,0.0003,1.4771212547196624,4
1000000,1000000,1.0,1e-05,8,lin,128,0.0,main,8,0.05,1e-05,0.003,2.4771212547196626,6
1000000,1000000,1.0,1e-05,8,lin,128,0.0,main,8,0.1,3e-06,0.1,4.522878745280337,10
1000000,1000000,1.0,1e-05,8,lin,128,0.0,main,8,0.5,1e-06,0.1,5.0,11
1000000,1000000,1.0,1e-05,8,lin,128,0.0,main,8,1.0,1e-06,0.1,5.0,11
1000000,1000000,1.0,1e-05,8,lin,128,0.0,main,16,0.01,1e-05,0.0003,1.4771212547196624,4
1000000,1000000,1.0,1e-05,8,lin,128,0.0,main,16,0.05,3e-06,0.1,4.522878745280337,10
1000000,1000000,1.0,1e-05,8,lin,128,0.0,main,16,0.1,3e-06,0.1,4.522878745280337,10
1000000,1000000,1.0,1e-05,8,lin,128,0.0,main,16,0.5,1e-06,0.1,5.0,11
1000000,1000000,1.0,1e-05,8,lin,128,0.0,main,16,1.0,1e-06,0.1,5.0,11
1000000,1000000,1.0,1e-05,8,lin,128,1.0,main,1,0.01,0.0001,0.0001,0.0,1
1000000,1000000,1.0,1e-05,8,lin,128,1.0,main,1,0.05,3e-05,0.0003,0.9999999999999999,3
1000000,1000000,1.0,1e-05,8,lin,128,1.0,main,1,0.1,3e-05,0.0003,0.9999999999999999,3
1000000,1000000,1.0,1e-05,8,lin,128,1.0,main,1,0.5,1e-05,0.003,2.4771212547196626,6
1000000,1000000,1.0,1e-05,8,lin,128,1.0,main,1,1.0,1e-05,0.03,3.477121254719662,8
1000000,1000000,1.0,1e-05,8,lin,128,1.0,main,2,0.01,3e-05,0.0001,0.5228787452803376,2
1000000,1000000,1.0,1e-05,8,lin,128,1.0,main,2,0.05,3e-05,0.0003,0.9999999999999999,3
1000000,1000000,1.0,1e-05,8,lin,128,1.0,main,2,0.1,3e-05,0.0003,0.9999999999999999,3
1000000,1000000,1.0,1e-05,8,lin,128,1.0,main,2,0.5,1e-05,0.03,3.477121254719662,8
1000000,1000000,1.0,1e-05,8,lin,128,1.0,main,2,1.0,1e-05,0.1,4.0,9
1000000,1000000,1.0,1e-05,8,lin,128,1.0,main,4,0.01,3e-05,0.0003,0.9999999999999999,3
1000000,1000000,1.0,1e-05,8,lin,128,1.0,main,4,0.05,3e-05,0.0003,0.9999999999999999,3
1000000,1000000,1.0,1e-05,8,lin,128,1.0,main,4,0.1,1e-05,0.003,2.4771212547196626,6
1000000,1000000,1.0,1e-05,8,lin,128,1.0,main,4,0.5,1e-05,0.1,4.0,9
1000000,1000000,1.0,1e-05,8,lin,128,1.0,main,4,1.0,3e-06,0.1,4.522878745280337,10
1000000,1000000,1.0,1e-05,8,lin,128,1.0,main,8,0.01,3e-05,0.0003,0.9999999999999999,3
1000000,1000000,1.0,1e-05,8,lin,128,1.0,main,8,0.05,1e-05,0.003,2.4771212547196626,6
1000000,1000000,1.0,1e-05,8,lin,128,1.0,main,8,0.1,1e-05,0.03,3.477121254719662,8
1000000,1000000,1.0,1e-05,8,lin,128,1.0,main,8,0.5,3e-06,0.1,4.522878745280337,10
1000000,1000000,1.0,1e-05,8,lin,128,1.0,main,8,1.0,1e-06,0.1,5.0,11
1000000,1000000,1.0,1e-05,8,lin,128,1.0,main,16,0.01,3e-05,0.0003,0.9999999999999999,3
1000000,1000000,1.0,1e-05,8,lin,128,1.0,main,16,0.05,1e-05,0.03,3.477121254719662,8
1000000,1000000,1.0,1e-05,8,lin,128,1.0,main,16,0.1,1e-05,0.1,4.0,9
1000000,1000000,1.0,1e-05,8,lin,128,1.0,main,16,0.5,1e-06,0.1,5.0,11
1000000,1000000,1.0,1e-05,8,lin,128,1.0,main,16,1.0,1e-06,0.1,5.0,11
1000000,1000000,1.0,1e-05,8,nl,128,0.0,main,1,0.01,,,,0
1000000,1000000,1.0,1e-05,8,nl,128,0.0,main,1,0.05,,,,0
1000000,1000000,1.0,1e-05,8,nl,128,0.0,main,1,0.1,,,,0
1000000,1000000,1.0,1e-05,8,nl,128,0.0,main,1,0.5,0.0001,0.1,3.0,3
1000000,1000000,1.0,1e-05,8,nl,128,0.0,main,1,1.0,3e-05,0.1,3.5228787452803374,7
1000000,1000000,1.0,1e-05,8,nl,128,0.0,main,2,0.01,,,,0
1000000,1000000,1.0,1e-05,8,nl,128,0.0,main,2,0.05,,,,0
1000000,1000000,1.0,1e-05,8,nl,128,0.0,main,2,0.1,,,,0
1000000,1000000,1.0,1e-05,8,nl,128,0.0,main,2,0.5,3e-05,0.1,3.5228787452803374,7
1000000,1000000,1.0,1e-05,8,nl,128,0.0,main,2,1.0,3e-05,0.1,3.5228787452803374,8
1000000,1000000,1.0,1e-05,8,nl,128,0.0,main,4,0.01,,,,0
1000000,1000000,1.0,1e-05,8,nl,128,0.0,main,4,0.05,,,,0
1000000,1000000,1.0,1e-05,8,nl,128,0.0,main,4,0.1,0.0001,0.1,3.0,3
1000000,1000000,1.0,1e-05,8,nl,128,0.0,main,4,0.5,3e-05,0.1,3.5228787452803374,8
1000000,1000000,1.0,1e-05,8,nl,128,0.0,main,4,1.0,1e-05,0.1,4.0,9
1000000,1000000,1.0,1e-05,8,nl,128,0.0,main,8,0.01,,,,0
1000000,1000000,1.0,1e-05,8,nl,128,0.0,main,8,0.05,0.0001,0.1,3.0,3
1000000,1000000,1.0,1e-05,8,nl,128,0.0,main,8,0.1,0.0001,0.1,3.0,4
1000000,1000000,1.0,1e-05,8,nl,128,0.0,main,8,0.5,1e-05,0.1,4.0,9
1000000,1000000,1.0,1e-05,8,nl,128,0.0,main,8,1.0,3e-06,0.1,4.522878745280337,10
1000000,1000000,1.0,1e-05,8,nl,128,0.0,main,16,0.01,,,,0
1000000,1000000,1.0,1e-05,8,nl,128,0.0,main,16,0.05,0.0001,0.1,3.0,4
1000000,1000000,1.0,1e-05,8,nl,128,0.0,main,16,0.1,3e-05,0.1,3.5228787452803374,8
1000000,1000000,1.0,1e-05,8,nl,128,0.0,main,16,0.5,3e-06,0.1,4.522878745280337,10
1000000,1000000,1.0,1e-05,8,nl,128,0.0,main,16,1.0,1e-06,0.1,5.0,11
1000000,1000000,1.0,1e-05,8,nl,128,1.0,main,1,0.01,,,,0
1000000,1000000,1.0,1e-05,8,nl,128,1.0,main,1,0.05,,,,0
1000000,1000000,1.0,1e-05,8,nl,128,1.0,main,1,0.1,0.0003,0.0003,0.0,1
1000000,1000000,1.0,1e-05,8,nl,128,1.0,main,1,0.5,0.0001,0.003,1.4771212547196624,4
1000000,1000000,1.0,1e-05,8,nl,128,1.0,main,1,1.0,3e-05,0.1,3.5228787452803374,7
1000000,1000000,1.0,1e-05,8,nl,128,1.0,main,2,0.01,,,,0
1000000,1000000,1.0,1e-05,8,nl,128,1.0,main,2,0.05,0.0003,0.0003,0.0,1
1000000,1000000,1.0,1e-05,8,nl,128,1.0,main,2,0.1,0.0003,0.0003,0.0,1
1000000,1000000,1.0,1e-05,8,nl,128,1.0,main,2,0.5,3e-05,0.1,3.5228787452803374,7
1000000,1000000,1.0,1e-05,8,nl,128,1.0,main,2,1.0,1e-05,0.1,4.0,9
1000000,1000000,1.0,1e-05,8,nl,128,1.0,main,4,0.01,,,,0
1000000,1000000,1.0,1e-05,8,nl,128,1.0,main,4,0.05,0.0003,0.0003,0.0,1
1000000,1000000,1.0,1e-05,8,nl,128,1.0,main,4,0.1,0.0001,0.003,1.4771212547196624,4
1000000,1000000,1.0,1e-05,8,nl,128,1.0,main,4,0.5,1e-05,0.1,4.0,9
1000000,1000000,1.0,1e-05,8,nl,128,1.0,main,4,1.0,1e-05,0.1,4.0,9
1000000,1000000,1.0,1e-05,8,nl,128,1.0,main,8,0.01,,,,0
1000000,1000000,1.0,1e-05,8,nl,128,1.0,main,8,0.05,0.0001,0.003,1.4771212547196624,4
1000000,1000000,1.0,1e-05,8,nl,128,1.0,main,8,0.1,3e-05,0.003,2.0,5
1000000,1000000,1.0,1e-05,8,nl,128,1.0,main,8,0.5,1e-05,0.1,4.0,9
1000000,1000000,1.0,1e-05,8,nl,128,1.0,main,8,1.0,1e-05,0.1,4.0,9
1000000,1000000,1.0,1e-05,8,nl,128,1.0,main,16,0.01,0.0003,0.0003,0.0,1
1000000,1000000,1.0,1e-05,8,nl,128,1.0,main,16,0.05,3e-05,0.003,2.0,5
1000000,1000000,1.0,1e-05,8,nl,128,1.0,main,16,0.1,1e-05,0.1,4.0,8
1000000,1000000,1.0,1e-05,8,nl,128,1.0,main,16,0.5,1e-05,0.1,4.0,9
1000000,1000000,1.0,1e-05,8,nl,128,1.0,main,16,1.0,1e-05,0.1,4.0,9
1000000,1000000,1.0,0.0001,4,lin,128,0.0,main,1,0.01,0.0003,0.0003,0.0,1
1000000,1000000,1.0,0.0001,4,lin,128,0.0,main,1,0.05,0.0001,0.0003,0.4771212547196624,2
1000000,1000000,1.0,0.0001,4,lin,128,0.0,main,1,0.1,0.0001,0.0003,0.4771212547196624,2
1000000,1000000,1.0,0.0001,4,lin,128,0.0,main,1,0.5,3e-05,0.03,3.0,6
1000000,1000000,1.0,0.0001,4,lin,128,0.0,main,1,1.0,3e-05,0.03,3.0,7
1000000,1000000,1.0,0.0001,4,lin,128,0.0,main,2,0.01,0.0003,0.0003,0.0,1
1000000,1000000,1.0,0.0001,4,lin,128,0.0,main,2,0.05,0.0001,0.0003,0.4771212547196624,2
1000000,1000000,1.0,0.0001,4,lin,128,0.0,main,2,0.1,0.0001,0.0003,0.4771212547196624,2
1000000,1000000,1.0,0.0001,4,lin,128,0.0,main,2,0.5,3e-05,0.03,3.0,7
1000000,1000000,1.0,0.0001,4,lin,128,0.0,main,2,1.0,3e-05,0.1,3.5228787452803374,8
1000000,1000000,1.0,0.0001,4,lin,128,0.0,main,4,0.01,0.0001,0.0003,0.4771212547196624,2
1000000,1000000,1.0,0.0001,4,lin,128,0.0,main,4,0.05,0.0001,0.0003,0.4771212547196624,2
1000000,1000000,1.0,0.0001,4,lin,128,0.0,main,4,0.1,3e-05,0.03,3.0,6
1000000,1000000,1.0,0.0001,4,lin,128,0.0,main,4,0.5,3e-05,0.1,3.5228787452803374,8
1000000,1000000,1.0,0.0001,4,lin,128,0.0,main,4,1.0,1e-05,0.1,4.0,9
1000000,1000000,1.0,0.0001,4,lin,128,0.0,main,8,0.01,0.0001,0.0003,0.4771212547196624,2
1000000,1000000,1.0,0.0001,4,lin,128,0.0,main,8,0.05,3e-05,0.03,3.0,6
1000000,1000000,1.0,0.0001,4,lin,128,0.0,main,8,0.1,3e-05,0.03,3.0,7
1000000,1000000,1.0,0.0001,4,lin,128,0.0,main,8,0.5,1e-05,0.1,4.0,9
1000000,1000000,1.0,0.0001,4,lin,128,0.0,main,8,1.0,1e-05,0.1,4.0,9
1000000,1000000,1.0,0.0001,4,lin,128,0.0,main,16,0.01,0.0001,0.0003,0.4771212547196624,2
1000000,1000000,1.0,0.0001,4,lin,128,0.0,main,16,0.05,3e-05,0.03,3.0,7
1000000,1000000,1.0,0.0001,4,lin,128,0.0,main,16,0.1,3e-05,0.1,3.5228787452803374,8
1000000,1000000,1.0,0.0001,4,lin,128,0.0,main,16,0.5,1e-05,0.1,4.0,9
1000000,1000000,1.0,0.0001,4,lin,128,0.0,main,16,1.0,3e-06,0.1,4.522878745280337,10
1000000,1000000,1.0,0.0001,4,lin,128,1.0,main,1,0.01,,,,0
1000000,1000000,1.0,0.0001,4,lin,128,1.0,main,1,0.05,,,,0
1000000,1000000,1.0,0.0001,4,lin,128,1.0,main,1,0.1,,,,0
1000000,1000000,1.0,0.0001,4,lin,128,1.0,main,1,0.5,0.0001,0.03,2.4771212547196626,5
1000000,1000000,1.0,0.0001,4,lin,128,1.0,main,1,1.0,3e-05,0.03,3.0,7
1000000,1000000,1.0,0.0001,4,lin,128,1.0,main,2,0.01,,,,0
1000000,1000000,1.0,0.0001,4,lin,128,1.0,main,2,0.05,,,,0
1000000,1000000,1.0,0.0001,4,lin,128,1.0,main,2,0.1,0.0003,0.001,0.5228787452803376,2
1000000,1000000,1.0,0.0001,4,lin,128,1.0,main,2,0.5,3e-05,0.03,3.0,7
1000000,1000000,1.0,0.0001,4,lin,128,1.0,main,2,1.0,3e-05,0.1,3.5228787452803374,8
1000000,1000000,1.0,0.0001,4,lin,128,1.0,main,4,0.01,,,,0
1000000,1000000,1.0,0.0001,4,lin,128,1.0,main,4,0.05,0.0003,0.001,0.5228787452803376,2
1000000,1000000,1.0,0.0001,4,lin,128,1.0,main,4,0.1,0.0003,0.01,1.5228787452803376,3
1000000,1000000,1.0,0.0001,4,lin,128,1.0,main,4,0.5,3e-05,0.1,3.5228787452803374,8
1000000,1000000,1.0,0.0001,4,lin,128,1.0,main,4,1.0,3e-05,0.1,3.5228787452803374,8
1000000,1000000,1.0,0.0001,4,lin,128,1.0,main,8,0.01,,,,0
1000000,1000000,1.0,0.0001,4,lin,128,1.0,main,8,0.05,0.0003,0.01,1.5228787452803376,3
1000000,1000000,1.0,0.0001,4,lin,128,1.0,main,8,0.1,3e-05,0.03,3.0,7
1000000,1000000,1.0,0.0001,4,lin,128,1.0,main,8,0.5,3e-05,0.1,3.5228787452803374,8
1000000,1000000,1.0,0.0001,4,lin,128,1.0,main,8,1.0,1e-05,0.1,4.0,9
1000000,1000000,1.0,0.0001,4,lin,128,1.0,main,16,0.01,0.0003,0.0003,0.0,1
1000000,1000000,1.0,0.0001,4,lin,128,1.0,main,16,0.05,3e-05,0.03,3.0,7
1000000,1000000,1.0,0.0001,4,lin,128,1.0,main,16,0.1,3e-05,0.03,3.0,7
1000000,1000000,1.0,0.0001,4,lin,128,1.0,main,16,0.5,1e-05,0.1,4.0,9
1000000,1000000,1.0,0.0001,4,lin,128,1.0,main,16,1.0,3e-06,0.1,4.522878745280337,10
1000000,1000000,1.0,0.0001,4,nl,128,0.0,main,1,0.01,,,,0
1000000,1000000,1.0,0.0001,4,nl,128,0.0,main,1,0.05,,,,0
1000000,1000000,1.0,0.0001,4,nl,128,0.0,main,1,0.1,,,,0
1000000,1000000,1.0,0.0001,4,nl,128,0.0,main,1,0.5,3e-05,0.0003,0.9999999999999999,3
1000000,1000000,1.0,0.0001,4,nl,128,0.0,main,1,1.0,3e-05,0.0003,0.9999999999999999,3
1000000,1000000,1.0,0.0001,4,nl,128,0.0,main,2,0.01,,,,0
1000000,1000000,1.0,0.0001,4,nl,128,0.0,main,2,0.05,,,,0
1000000,1000000,1.0,0.0001,4,nl,128,0.0,main,2,0.1,,,,0
1000000,1000000,1.0,0.0001,4,nl,128,0.0,main,2,0.5,3e-05,0.0003,0.9999999999999999,3
1000000,1000000,1.0,0.0001,4,nl,128,0.0,main,2,1.0,1e-05,0.1,4.0,9
1000000,1000000,1.0,0.0001,4,nl,128,0.0,main,4,0.01,,,,0
1000000,1000000,1.0,0.0001,4,nl,128,0.0,main,4,0.05,,,,0
1000000,1000000,1.0,0.0001,4,nl,128,0.0,main,4,0.1,3e-05,0.0003,0.9999999999999999,3
1000000,1000000,1.0,0.0001,4,nl,128,0.0,main,4,0.5,1e-05,0.1,4.0,9
1000000,1000000,1.0,0.0001,4,nl,128,0.0,main,4,1.0,1e-05,0.1,4.0,9
1000000,1000000,1.0,0.0001,4,nl,128,0.0,main,8,0.01,,,,0
1000000,1000000,1.0,0.0001,4,nl,128,0.0,main,8,0.05,3e-05,0.0003,0.9999999999999999,3
1000000,1000000,1.0,0.0001,4,nl,128,0.0,main,8,0.1,3e-05,0.0003,0.9999999999999999,3
1000000,1000000,1.0,0.0001,4,nl,128,0.0,main,8,0.5,1e-05,0.1,4.0,9
1000000,1000000,1.0,0.0001,4,nl,128,0.0,main,8,1.0,1e-05,0.1,4.0,9
1000000,1000000,1.0,0.0001,4,nl,128,0.0,main,16,0.01,,,,0
1000000,1000000,1.0,0.0001,4,nl,128,0.0,main,16,0.05,3e-05,0.0003,0.9999999999999999,3
1000000,1000000,1.0,0.0001,4,nl,128,0.0,main,16,0.1,1e-05,0.1,4.0,7
1000000,1000000,1.0,0.0001,4,nl,128,0.0,main,16,0.5,1e-05,0.1,4.0,9
1000000,1000000,1.0,0.0001,4,nl,128,0.0,main,16,1.0,3e-06,0.1,4.522878745280337,10
1000000,1000000,1.0,0.0001,4,nl,128,1.0,main,1,0.01,,,,0
1000000,1000000,1.0,0.0001,4,nl,128,1.0,main,1,0.05,,,,0
1000000,1000000,1.0,0.0001,4,nl,128,1.0,main,1,0.1,,,,0
1000000,1000000,1.0,0.0001,4,nl,128,1.0,main,1,0.5,0.0003,0.003,1.0,3
1000000,1000000,1.0,0.0001,4,nl,128,1.0,main,1,1.0,0.0003,0.1,2.5228787452803374,5
1000000,1000000,1.0,0.0001,4,nl,128,1.0,main,2,0.01,,,,0
1000000,1000000,1.0,0.0001,4,nl,128,1.0,main,2,0.05,,,,0
1000000,1000000,1.0,0.0001,4,nl,128,1.0,main,2,0.1,,,,0
1000000,1000000,1.0,0.0001,4,nl,128,1.0,main,2,0.5,0.0003,0.1,2.5228787452803374,5
1000000,1000000,1.0,0.0001,4,nl,128,1.0,main,2,1.0,0.0003,0.1,2.5228787452803374,6
1000000,1000000,1.0,0.0001,4,nl,128,1.0,main,4,0.01,,,,0
1000000,1000000,1.0,0.0001,4,nl,128,1.0,main,4,0.05,,,,0
1000000,1000000,1.0,0.0001,4,nl,128,1.0,main,4,0.1,0.001,0.003,0.47712125471966244,2
1000000,1000000,1.0,0.0001,4,nl,128,1.0,main,4,0.5,0.0003,0.1,2.5228787452803374,6
1000000,1000000,1.0,0.0001,4,nl,128,1.0,main,4,1.0,0.0003,0.1,2.5228787452803374,6
1000000,1000000,1.0,0.0001,4,nl,128,1.0,main,8,0.01,,,,0
1000000,1000000,1.0,0.0001,4,nl,128,1.0,main,8,0.05,0.001,0.003,0.47712125471966244,2
1000000,1000000,1.0,0.0001,4,nl,128,1.0,main,8,0.1,0.0003,0.1,2.5228787452803374,5
1000000,1000000,1.0,0.0001,4,nl,128,1.0,main,8,0.5,0.0003,0.1,2.5228787452803374,6
1000000,1000000,1.0,0.0001,4,nl,128,1.0,main,8,1.0,3e-05,0.1,3.5228787452803374,8
1000000,1000000,1.0,0.0001,4,nl,128,1.0,main,16,0.01,,,,0
1000000,1000000,1.0,0.0001,4,nl,128,1.0,main,16,0.05,0.0003,0.1,2.5228787452803374,5
1000000,1000000,1.0,0.0001,4,nl,128,1.0,main,16,0.1,0.0003,0.1,2.5228787452803374,6
1000000,1000000,1.0,0.0001,4,nl,128,1.0,main,16,0.5,3e-05,0.1,3.5228787452803374,8
1000000,1000000,1.0,0.0001,4,nl,128,1.0,main,16,1.0,3e-05,0.1,3.5228787452803374,8
1000000,1000000,1.0,0.0001,8,lin,128,0.0,main,1,0.01,0.0003,0.003,1.0,3
1000000,1000000,1.0,0.0001,8,lin,128,0.0,main,1,0.05,0.0001,0.003,1.4771212547196624,4
1000000,1000000,1.0,0.0001,8,lin,128,0.0,main,1,0.1,0.0001,0.01,2.0,5
1000000,1000000,1.0,0.0001,8,lin,128,0.0,main,1,0.5,3e-05,0.03,3.0,7
1000000,1000000,1.0,0.0001,8,lin,128,0.0,main,1,1.0,3e-05,0.1,3.5228787452803374,8
1000000,1000000,1.0,0.0001,8,lin,128,0.0,main,2,0.01,0.0003,0.003,1.0,3
1000000,1000000,1.0,0.0001,8,lin,128,0.0,main,2,0.05,0.0001,0.01,2.0,5
1000000,1000000,1.0,0.0001,8,lin,128,0.0,main,2,0.1,0.0001,0.01,2.0,5
1000000,1000000,1.0,0.0001,8,lin,128,0.0,main,2,0.5,3e-05,0.1,3.5228787452803374,8
1000000,1000000,1.0,0.0001,8,lin,128,0.0,main,2,1.0,3e-05,0.1,3.5228787452803374,8
1000000,1000000,1.0,0.0001,8,lin,128,0.0,main,4,0.01,0.0001,0.003,1.4771212547196624,4
1000000,1000000,1.0,0.0001,8,lin,128,0.0,main,4,0.05,0.0001,0.01,2.0,5
1000000,1000000,1.0,0.0001,8,lin,128,0.0,main,4,0.1,0.0001,0.03,2.4771212547196626,6
1000000,1000000,1.0,0.0001,8,lin,128,0.0,main,4,0.5,3e-05,0.1,3.5228787452803374,8
1000000,1000000,1.0,0.0001,8,lin,128,0.0,main,4,1.0,1e-05,0.1,4.0,9
1000000,1000000,1.0,0.0001,8,lin,128,0.0,main,8,0.01,0.0001,0.003,1.4771212547196624,4
1000000,1000000,1.0,0.0001,8,lin,128,0.0,main,8,0.05,0.0001,0.03,2.4771212547196626,6
1000000,1000000,1.0,0.0001,8,lin,128,0.0,main,8,0.1,3e-05,0.1,3.5228787452803374,8
1000000,1000000,1.0,0.0001,8,lin,128,0.0,main,8,0.5,1e-05,0.1,4.0,9
1000000,1000000,1.0,0.0001,8,lin,128,0.0,main,8,1.0,1e-05,0.1,4.0,9
1000000,1000000,1.0,0.0001,8,lin,128,0.0,main,16,0.01,0.0001,0.01,2.0,5
1000000,1000000,1.0,0.0001,8,lin,128,0.0,main,16,0.05,3e-05,0.1,3.5228787452803374,8
1000000,1000000,1.0,0.0001,8,lin,128,0.0,main,16,0.1,3e-05,0.1,3.5228787452803374,8
1000000,1000000,1.0,0.0001,8,lin,128,0.0,main,16,0.5,1e-05,0.1,4.0,9
1000000,1000000,1.0,0.0001,8,lin,128,0.0,main,16,1.0,3e-06,0.1,4.522878745280337,10
1000000,1000000,1.0,0.0001,8,lin,128,1.0,main,1,0.01,0.001,0.001,0.0,1
1000000,1000000,1.0,0.0001,8,lin,128,1.0,main,1,0.05,0.0003,0.003,1.0,3
1000000,1000000,1.0,0.0001,8,lin,128,1.0,main,1,0.1,0.0003,0.01,1.5228787452803376,4
1000000,1000000,1.0,0.0001,8,lin,128,1.0,main,1,0.5,0.0001,0.01,2.0,5
1000000,1000000,1.0,0.0001,8,lin,128,1.0,main,1,1.0,0.0001,0.1,3.0,7
1000000,1000000,1.0,0.0001,8,lin,128,1.0,main,2,0.01,0.0003,0.001,0.5228787452803376,2
1000000,1000000,1.0,0.0001,8,lin,128,1.0,main,2,0.05,0.0003,0.01,1.5228787452803376,4
1000000,1000000,1.0,0.0001,8,lin,128,1.0,main,2,0.1,0.0003,0.01,1.5228787452803376,4
1000000,1000000,1.0,0.0001,8,lin,128,1.0,main,2,0.5,0.0001,0.1,3.0,7
1000000,1000000,1.0,0.0001,8,lin,128,1.0,main,2,1.0,3e-05,0.1,3.5228787452803374,8
1000000,1000000,1.0,0.0001,8,lin,128,1.0,main,4,0.01,0.0003,0.003,1.0,3
1000000,1000000,1.0,0.0001,8,lin,128,1.0,main,4,0.05,0.0003,0.01,1.5228787452803376,4
1000000,1000000,1.0,0.0001,8,lin,128,1.0,main,4,0.1,0.0001,0.01,2.0,5
1000000,1000000,1.0,0.0001,8,lin,128,1.0,main,4,0.5,3e-05,0.1,3.5228787452803374,8
1000000,1000000,1.0,0.0001,8,lin,128,1.0,main,4,1.0,3e-05,0.1,3.5228787452803374,8
1000000,1000000,1.0,0.0001,8,lin,128,1.0,main,8,0.01,0.0003,0.01,1.5228787452803376,4
1000000,1000000,1.0,0.0001,8,lin,128,1.0,main,8,0.05,0.0001,0.01,2.0,5
1000000,1000000,1.0,0.0001,8,lin,128,1.0,main,8,0.1,0.0001,0.03,2.4771212547196626,6
1000000,1000000,1.0,0.0001,8,lin,128,1.0,main,8,0.5,3e-05,0.1,3.5228787452803374,8
1000000,1000000,1.0,0.0001,8,lin,128,1.0,main,8,1.0,1e-05,0.1,4.0,9
1000000,1000000,1.0,0.0001,8,lin,128,1.0,main,16,0.01,0.0003,0.01,1.5228787452803376,4
1000000,1000000,1.0,0.0001,8,lin,128,1.0,main,16,0.05,0.0001,0.03,2.4771212547196626,6
1000000,1000000,1.0,0.0001,8,lin,128,1.0,main,16,0.1,0.0001,0.1,3.0,7
1000000,1000000,1.0,0.0001,8,lin,128,1.0,main,16,0.5,1e-05,0.1,4.0,9
1000000,1000000,1.0,0.0001,8,lin,128,1.0,main,16,1.0,1e-05,0.1,4.0,9
1000000,1000000,1.0,0.0001,8,nl,128,0.0,main,1,0.01,,,,0
1000000,1000000,1.0,0.0001,8,nl,128,0.0,main,1,0.05,,,,0
1000000,1000000,1.0,0.0001,8,nl,128,0.0,main,1,0.1,,,,0
1000000,1000000,1.0,0.0001,8,nl,128,0.0,main,1,0.5,3e-05,0.1,3.5228787452803374,7
1000000,1000000,1.0,0.0001,8,nl,128,0.0,main,1,1.0,1e-05,0.1,4.0,9
1000000,1000000,1.0,0.0001,8,nl,128,0.0,main,2,0.01,,,,0
1000000,1000000,1.0,0.0001,8,nl,128,0.0,main,2,0.05,,,,0
1000000,1000000,1.0,0.0001,8,nl,128,0.0,main,2,0.1,0.0001,0.003,1.4771212547196624,3
1000000,1000000,1.0,0.0001,8,nl,128,0.0,main,2,0.5,1e-05,0.1,4.0,9
1000000,1000000,1.0,0.0001,8,nl,128,0.0,main,2,1.0,1e-05,0.1,4.0,9
1000000,1000000,1.0,0.0001,8,nl,128,0.0,main,4,0.01,,,,0
1000000,1000000,1.0,0.0001,8,nl,128,0.0,main,4,0.05,0.0001,0.003,1.4771212547196624,3
1000000,1000000,1.0,0.0001,8,nl,128,0.0,main,4,0.1,0.0001,0.003,1.4771212547196624,4
1000000,1000000,1.0,0.0001,8,nl,128,0.0,main,4,0.5,1e-05,0.1,4.0,9
1000000,1000000,1.0,0.0001,8,nl,128,0.0,main,4,1.0,1e-05,0.1,4.0,9
1000000,1000000,1.0,0.0001,8,nl,128,0.0,main,8,0.01,,,,0
1000000,1000000,1.0,0.0001,8,nl,128,0.0,main,8,0.05,0.0001,0.003,1.4771212547196624,4
1000000,1000000,1.0,0.0001,8,nl,128,0.0,main,8,0.1,1e-05,0.1,4.0,9
1000000,1000000,1.0,0.0001,8,nl,128,0.0,main,8,0.5,1e-05,0.1,4.0,9
1000000,1000000,1.0,0.0001,8,nl,128,0.0,main,8,1.0,3e-06,0.1,4.522878745280337,10
1000000,1000000,1.0,0.0001,8,nl,128,0.0,main,16,0.01,0.0001,0.003,1.4771212547196624,3
1000000,1000000,1.0,0.0001,8,nl,128,0.0,main,16,0.05,1e-05,0.1,4.0,9
1000000,1000000,1.0,0.0001,8,nl,128,0.0,main,16,0.1,1e-05,0.1,4.0,9
1000000,1000000,1.0,0.0001,8,nl,128,0.0,main,16,0.5,3e-06,0.1,4.522878745280337,10
1000000,1000000,1.0,0.0001,8,nl,128,0.0,main,16,1.0,1e-06,0.1,5.0,11
1000000,1000000,1.0,0.0001,8,nl,128,1.0,main,1,0.01,,,,0
1000000,1000000,1.0,0.0001,8,nl,128,1.0,main,1,0.05,,,,0
1000000,1000000,1.0,0.0001,8,nl,128,1.0,main,1,0.1,0.003,0.003,0.0,1
1000000,1000000,1.0,0.0001,8,nl,128,1.0,main,1,0.5,0.001,0.03,1.4771212547196624,4
1000000,1000000,1.0,0.0001,8,nl,128,1.0,main,1,1.0,0.0003,0.03,2.0,5
1000000,1000000,1.0,0.0001,8,nl,128,1.0,main,2,0.01,,,,0
1000000,1000000,1.0,0.0001,8,nl,128,1.0,main,2,0.05,0.003,0.003,0.0,1
1000000,1000000,1.0,0.0001,8,nl,128,1.0,main,2,0.1,0.001,0.003,0.47712125471966244,2
1000000,1000000,1.0,0.0001,8,nl,128,1.0,main,2,0.5,0.0003,0.03,2.0,5
1000000,1000000,1.0,0.0001,8,nl,128,1.0,main,2,1.0,0.0001,0.1,3.0,7
1000000,1000000,1.0,0.0001,8,nl,128,1.0,main,4,0.01,,,,0
1000000,1000000,1.0,0.0001,8,nl,128,1.0,main,4,0.05,0.001,0.003,0.47712125471966244,2
1000000,1000000,1.0,0.0001,8,nl,128,1.0,main,4,0.1,0.001,0.01,1.0,3
1000000,1000000,1.0,0.0001,8,nl,128,1.0,main,4,0.5,0.0001,0.1,3.0,7
1000000,1000000,1.0,0.0001,8,nl,128,1.0,main,4,1.0,0.0001,0.1,3.0,7
1000000,1000000,1.0,0.0001,8,nl,128,1.0,main,8,0.01,0.003,0.003,0.0,1
1000000,1000000,1.0,0.0001,8,nl,128,1.0,main,8,0.05,0.001,0.01,1.0,3
1000000,1000000,1.0,0.0001,8,nl,128,1.0,main,8,0.1,0.0003,0.03,2.0,5
1000000,1000000,1.0,0.0001,8,nl,128,1.0,main,8,0.5,0.0001,0.1,3.0,7
1000000,1000000,1.0,0.0001,8,nl,128,1.0,main,8,1.0,3e-05,0.1,3.5228787452803374,8
1000000,1000000,1.0,0.0001,8,nl,128,1.0,main,16,0.01,0.003,0.003,0.0,1
1000000,1000000,1.0,0.0001,8,nl,128,1.0,main,16,0.05,0.0003,0.03,2.0,5
1000000,1000000,1.0,0.0001,8,nl,128,1.0,main,16,0.1,0.0001,0.1,3.0,7
1000000,1000000,1.0,0.0001,8,nl,128,1.0,main,16,0.5,3e-05,0.1,3.5228787452803374,8
1000000,1000000,1.0,0.0001,8,nl,128,1.0,main,16,1.0,3e-05,0.1,3.5228787452803374,8
1000000,1000000,1.0,0.001,4,lin,128,0.0,main,1,0.01,,,,0
1000000,1000000,1.0,0.001,4,lin,128,0.0,main,1,0.05,0.001,0.003,0.47712125471966244,2
1000000,1000000,1.0,0.001,4,lin,128,0.0,main,1,0.1,0.001,0.003,0.47712125471966244,2
1000000,1000000,1.0,0.001,4,lin,128,0.0,main,1,0.5,0.0003,0.1,2.5228787452803374,6
1000000,1000000,1.0,0.001,4,lin,128,0.0,main,1,1.0,0.0003,0.1,2.5228787452803374,6
1000000,1000000,1.0,0.001,4,lin,128,0.0,main,2,0.01,0.003,0.003,0.0,1
1000000,1000000,1.0,0.001,4,lin,128,0.0,main,2,0.05,0.001,0.003,0.47712125471966244,2
1000000,1000000,1.0,0.001,4,lin,128,0.0,main,2,0.1,0.001,0.003,0.47712125471966244,2
1000000,1000000,1.0,0.001,4,lin,128,0.0,main,2,0.5,0.0003,0.1,2.5228787452803374,6
1000000,1000000,1.0,0.001,4,lin,128,0.0,main,2,1.0,0.0003,0.1,2.5228787452803374,6
1000000,1000000,1.0,0.001,4,lin,128,0.0,main,4,0.01,0.001,0.003,0.47712125471966244,2
1000000,1000000,1.0,0.001,4,lin,128,0.0,main,4,0.05,0.001,0.003,0.47712125471966244,2
1000000,1000000,1.0,0.001,4,lin,128,0.0,main,4,0.1,0.0003,0.1,2.5228787452803374,6
1000000,1000000,1.0,0.001,4,lin,128,0.0,main,4,0.5,0.0003,0.1,2.5228787452803374,6
1000000,1000000,1.0,0.001,4,lin,128,0.0,main,4,1.0,0.0001,0.1,3.0,7
1000000,1000000,1.0,0.001,4,lin,128,0.0,main,8,0.01,0.001,0.003,0.47712125471966244,2
1000000,1000000,1.0,0.001,4,lin,128,0.0,main,8,0.05,0.0003,0.1,2.5228787452803374,6
1000000,1000000,1.0,0.001,4,lin,128,0.0,main,8,0.1,0.0003,0.1,2.5228787452803374,6
1000000,1000000,1.0,0.001,4,lin,128,0.0,main,8,0.5,0.0001,0.1,3.0,7
1000000,1000000,1.0,0.001,4,lin,128,0.0,main,8,1.0,0.0001,0.1,3.0,7
1000000,1000000,1.0,0.001,4,lin,128,0.0,main,16,0.01,0.001,0.003,0.47712125471966244,2
1000000,1000000,1.0,0.001,4,lin,128,0.0,main,16,0.05,0.0003,0.1,2.5228787452803374,6
1000000,1000000,1.0,0.001,4,lin,128,0.0,main,16,0.1,0.0003,0.1,2.5228787452803374,6
1000000,1000000,1.0,0.001,4,lin,128,0.0,main,16,0.5,0.0001,0.1,3.0,7
1000000,1000000,1.0,0.001,4,lin,128,0.0,main,16,1.0,3e-05,0.1,3.5228787452803374,8
1000000,1000000,1.0,0.001,4,lin,128,1.0,main,1,0.01,,,,0
1000000,1000000,1.0,0.001,4,lin,128,1.0,main,1,0.05,,,,0
1000000,1000000,1.0,0.001,4,lin,128,1.0,main,1,0.1,,,,0
1000000,1000000,1.0,0.001,4,lin,128,1.0,main,1,0.5,0.001,0.01,1.0,3
1000000,1000000,1.0,0.001,4,lin,128,1.0,main,1,1.0,0.001,0.1,2.0,4
1000000,1000000,1.0,0.001,4,lin,128,1.0,main,2,0.01,,,,0
1000000,1000000,1.0,0.001,4,lin,128,1.0,main,2,0.05,,,,0
1000000,1000000,1.0,0.001,4,lin,128,1.0,main,2,0.1,0.003,0.003,0.0,1
1000000,1000000,1.0,0.001,4,lin,128,1.0,main,2,0.5,0.001,0.1,2.0,4
1000000,1000000,1.0,0.001,4,lin,128,1.0,main,2,1.0,0.0003,0.1,2.5228787452803374,6
1000000,1000000,1.0,0.001,4,lin,128,1.0,main,4,0.01,,,,0
1000000,1000000,1.0,0.001,4,lin,128,1.0,main,4,0.05,0.003,0.003,0.0,1
1000000,1000000,1.0,0.001,4,lin,128,1.0,main,4,0.1,0.001,0.01,1.0,3
1000000,1000000,1.0,0.001,4,lin,128,1.0,main,4,0.5,0.0003,0.1,2.5228787452803374,6
1000000,1000000,1.0,0.001,4,lin,128,1.0,main,4,1.0,0.0001,0.1,3.0,7
1000000,1000000,1.0,0.001,4,lin,128,1.0,main,8,0.01,,,,0
1000000,1000000,1.0,0.001,4,lin,128,1.0,main,8,0.05,0.001,0.01,1.0,3
1000000,1000000,1.0,0.001,4,lin,128,1.0,main,8,0.1,0.001,0.1,2.0,4
1000000,1000000,1.0,0.001,4,lin,128,1.0,main,8,0.5,0.0001,0.1,3.0,7
1000000,1000000,1.0,0.001,4,lin,128,1.0,main,8,1.0,0.0001,0.1,3.0,7
1000000,1000000,1.0,0.001,4,lin,128,1.0,main,16,0.01,0.003,0.003,0.0,1
1000000,1000000,1.0,0.001,4,lin,128,1.0,main,16,0.05,0.001,0.1,2.0,4
1000000,1000000,1.0,0.001,4,lin,128,1.0,main,16,0.1,0.0003,0.1,2.5228787452803374,6
1000000,1000000,1.0,0.001,4,lin,128,1.0,main,16,0.5,0.0001,0.1,3.0,7
1000000,1000000,1.0,0.001,4,lin,128,1.0,main,16,1.0,0.0001,0.1,3.0,7
1000000,1000000,1.0,0.001,4,nl,64,0.5,hwindow_12h_highdim_extra_g64,1,0.01,,,,0
1000000,1000000,1.0,0.001,4,nl,64,0.5,hwindow_12h_highdim_extra_g64,1,0.05,,,,0
1000000,1000000,1.0,0.001,4,nl,64,0.5,hwindow_12h_highdim_extra_g64,1,0.1,,,,0
1000000,1000000,1.0,0.001,4,nl,64,0.5,hwindow_12h_highdim_extra_g64,1,0.5,0.001,0.003,0.47712125471966244,2
1000000,1000000,1.0,0.001,4,nl,64,0.5,hwindow_12h_highdim_extra_g64,1,1.0,0.001,0.03,1.4771212547196624,4
1000000,1000000,1.0,0.001,4,nl,64,0.5,hwindow_12h_highdim_extra_g64,2,0.01,,,,0
1000000,1000000,1.0,0.001,4,nl,64,0.5,hwindow_12h_highdim_extra_g64,2,0.05,,,,0
1000000,1000000,1.0,0.001,4,nl,64,0.5,hwindow_12h_highdim_extra_g64,2,0.1,0.003,0.003,0.0,1
1000000,1000000,1.0,0.001,4,nl,64,0.5,hwindow_12h_highdim_extra_g64,2,0.5,0.001,0.03,1.4771212547196624,4
1000000,1000000,1.0,0.001,4,nl,64,0.5,hwindow_12h_highdim_extra_g64,2,1.0,0.0001,0.1,3.0,7
1000000,1000000,1.0,0.001,4,nl,64,0.5,hwindow_12h_highdim_extra_g64,4,0.01,,,,0
1000000,1000000,1.0,0.001,4,nl,64,0.5,hwindow_12h_highdim_extra_g64,4,0.05,0.003,0.003,0.0,1
1000000,1000000,1.0,0.001,4,nl,64,0.5,hwindow_12h_highdim_extra_g64,4,0.1,0.001,0.003,0.47712125471966244,2
1000000,1000000,1.0,0.001,4,nl,64,0.5,hwindow_12h_highdim_extra_g64,4,0.5,0.0001,0.1,3.0,7
1000000,1000000,1.0,0.001,4,nl,64,0.5,hwindow_12h_highdim_extra_g64,4,1.0,0.0001,0.1,3.0,7
1000000,1000000,1.0,0.001,4,nl,64,0.5,hwindow_12h_highdim_extra_g64,8,0.01,,,,0
1000000,1000000,1.0,0.001,4,nl,64,0.5,hwindow_12h_highdim_extra_g64,8,0.05,0.001,0.003,0.47712125471966244,2
1000000,1000000,1.0,0.001,4,nl,64,0.5,hwindow_12h_highdim_extra_g64,8,0.1,0.001,0.01,1.0,3
1000000,1000000,1.0,0.001,4,nl,64,0.5,hwindow_12h_highdim_extra_g64,8,0.5,0.0001,0.1,3.0,7
1000000,1000000,1.0,0.001,4,nl,64,0.5,hwindow_12h_highdim_extra_g64,8,1.0,3e-05,0.1,3.5228787452803374,8
1000000,1000000,1.0,0.001,4,nl,64,0.5,hwindow_12h_highdim_extra_g64,16,0.01,,,,0
1000000,1000000,1.0,0.001,4,nl,64,0.5,hwindow_12h_highdim_extra_g64,16,0.05,0.001,0.01,1.0,3
1000000,1000000,1.0,0.001,4,nl,64,0.5,hwindow_12h_highdim_extra_g64,16,0.1,0.0003,0.1,2.5228787452803374,6
1000000,1000000,1.0,0.001,4,nl,64,0.5,hwindow_12h_highdim_extra_g64,16,0.5,3e-05,0.1,3.5228787452803374,8
1000000,1000000,1.0,0.001,4,nl,64,0.5,hwindow_12h_highdim_extra_g64,16,1.0,3e-05,0.1,3.5228787452803374,8
1000000,1000000,1.0,0.001,4,nl,128,0.0,main,1,0.01,,,,0
1000000,1000000,1.0,0.001,4,nl,128,0.0,main,1,0.05,,,,0
1000000,1000000,1.0,0.001,4,nl,128,0.0,main,1,0.1,,,,0
1000000,1000000,1.0,0.001,4,nl,128,0.0,main,1,0.5,0.001,0.01,1.0,3
1000000,1000000,1.0,0.001,4,nl,128,0.0,main,1,1.0,0.0003,0.1,2.5228787452803374,6
1000000,1000000,1.0,0.001,4,nl,128,0.0,main,2,0.01,,,,0
1000000,1000000,1.0,0.001,4,nl,128,0.0,main,2,0.05,,,,0
1000000,1000000,1.0,0.001,4,nl,128,0.0,main,2,0.1,0.001,0.003,0.47712125471966244,2
1000000,1000000,1.0,0.001,4,nl,128,0.0,main,2,0.5,0.0003,0.1,2.5228787452803374,6
1000000,1000000,1.0,0.001,4,nl,128,0.0,main,2,1.0,0.0003,0.1,2.5228787452803374,6
1000000,1000000,1.0,0.001,4,nl,128,0.0,main,4,0.01,,,,0
1000000,1000000,1.0,0.001,4,nl,128,0.0,main,4,0.05,0.001,0.003,0.47712125471966244,2
1000000,1000000,1.0,0.001,4,nl,128,0.0,main,4,0.1,0.001,0.01,1.0,3
1000000,1000000,1.0,0.001,4,nl,128,0.0,main,4,0.5,0.0003,0.1,2.5228787452803374,6
1000000,1000000,1.0,0.001,4,nl,128,0.0,main,4,1.0,3e-05,0.1,3.5228787452803374,8
1000000,1000000,1.0,0.001,4,nl,128,0.0,main,8,0.01,,,,0
1000000,1000000,1.0,0.001,4,nl,128,0.0,main,8,0.05,0.001,0.01,1.0,3
1000000,1000000,1.0,0.001,4,nl,128,0.0,main,8,0.1,0.0003,0.1,2.5228787452803374,6
1000000,1000000,1.0,0.001,4,nl,128,0.0,main,8,0.5,3e-05,0.1,3.5228787452803374,8
1000000,1000000,1.0,0.001,4,nl,128,0.0,main,8,1.0,3e-05,0.1,3.5228787452803374,8
1000000,1000000,1.0,0.001,4,nl,128,0.0,main,16,0.01,,,,0
1000000,1000000,1.0,0.001,4,nl,128,0.0,main,16,0.05,0.0003,0.1,2.5228787452803374,6
1000000,1000000,1.0,0.001,4,nl,128,0.0,main,16,0.1,0.0003,0.1,2.5228787452803374,6
1000000,1000000,1.0,0.001,4,nl,128,0.0,main,16,0.5,3e-05,0.1,3.5228787452803374,8
1000000,1000000,1.0,0.001,4,nl,128,0.0,main,16,1.0,3e-05,0.1,3.5228787452803374,8
1000000,1000000,1.0,0.001,4,nl,128,1.0,main,1,0.01,,,,0
1000000,1000000,1.0,0.001,4,nl,128,1.0,main,1,0.05,,,,0
1000000,1000000,1.0,0.001,4,nl,128,1.0,main,1,0.1,,,,0
1000000,1000000,1.0,0.001,4,nl,128,1.0,main,1,0.5,0.003,0.03,1.0,3
1000000,1000000,1.0,0.001,4,nl,128,1.0,main,1,1.0,0.003,0.1,1.5228787452803376,4
1000000,1000000,1.0,0.001,4,nl,128,1.0,main,2,0.01,,,,0
1000000,1000000,1.0,0.001,4,nl,128,1.0,main,2,0.05,,,,0
1000000,1000000,1.0,0.001,4,nl,128,1.0,main,2,0.1,,,,0
1000000,1000000,1.0,0.001,4,nl,128,1.0,main,2,0.5,0.003,0.1,1.5228787452803376,4
1000000,1000000,1.0,0.001,4,nl,128,1.0,main,2,1.0,0.003,0.1,1.5228787452803376,4
1000000,1000000,1.0,0.001,4,nl,128,1.0,main,4,0.01,,,,0
1000000,1000000,1.0,0.001,4,nl,128,1.0,main,4,0.05,,,,0
1000000,1000000,1.0,0.001,4,nl,128,1.0,main,4,0.1,0.03,0.03,0.0,1
1000000,1000000,1.0,0.001,4,nl,128,1.0,main,4,0.5,0.003,0.1,1.5228787452803376,4
1000000,1000000,1.0,0.001,4,nl,128,1.0,main,4,1.0,0.001,0.1,2.0,5
1000000,1000000,1.0,0.001,4,nl,128,1.0,main,8,0.01,,,,0
1000000,1000000,1.0,0.001,4,nl,128,1.0,main,8,0.05,0.03,0.03,0.0,1
1000000,1000000,1.0,0.001,4,nl,128,1.0,main,8,0.1,0.003,0.1,1.5228787452803376,4
1000000,1000000,1.0,0.001,4,nl,128,1.0,main,8,0.5,0.001,0.1,2.0,5
1000000,1000000,1.0,0.001,4,nl,128,1.0,main,8,1.0,0.0003,0.1,2.5228787452803374,6
1000000,1000000,1.0,0.001,4,nl,128,1.0,main,16,0.01,,,,0
1000000,1000000,1.0,0.001,4,nl,128,1.0,main,16,0.05,0.003,0.1,1.5228787452803376,4
1000000,1000000,1.0,0.001,4,nl,128,1.0,main,16,0.1,0.003,0.1,1.5228787452803376,4
1000000,1000000,1.0,0.001,4,nl,128,1.0,main,16,0.5,0.0003,0.1,2.5228787452803374,6
1000000,1000000,1.0,0.001,4,nl,128,1.0,main,16,1.0,0.0001,0.1,3.0,7
1000000,1000000,1.0,0.001,4,nl,256,0.5,hwindow_12h_highdim_extra_g256,1,0.01,,,,0
1000000,1000000,1.0,0.001,4,nl,256,0.5,hwindow_12h_highdim_extra_g256,1,0.05,,,,0
1000000,1000000,1.0,0.001,4,nl,256,0.5,hwindow_12h_highdim_extra_g256,1,0.1,,,,0
1000000,1000000,1.0,0.001,4,nl,256,0.5,hwindow_12h_highdim_extra_g256,1,0.5,0.0003,0.01,1.5228787452803376,4
1000000,1000000,1.0,0.001,4,nl,256,0.5,hwindow_12h_highdim_extra_g256,1,1.0,0.0003,0.1,2.5228787452803374,5
1000000,1000000,1.0,0.001,4,nl,256,0.5,hwindow_12h_highdim_extra_g256,2,0.01,,,,0
1000000,1000000,1.0,0.001,4,nl,256,0.5,hwindow_12h_highdim_extra_g256,2,0.05,,,,0
1000000,1000000,1.0,0.001,4,nl,256,0.5,hwindow_12h_highdim_extra_g256,2,0.1,,,,0
1000000,1000000,1.0,0.001,4,nl,256,0.5,hwindow_12h_highdim_extra_g256,2,0.5,0.0003,0.1,2.5228787452803374,5
1000000,1000000,1.0,0.001,4,nl,256,0.5,hwindow_12h_highdim_extra_g256,2,1.0,0.0003,0.1,2.5228787452803374,6
1000000,1000000,1.0,0.001,4,nl,256,0.5,hwindow_12h_highdim_extra_g256,4,0.01,,,,0
1000000,1000000,1.0,0.001,4,nl,256,0.5,hwindow_12h_highdim_extra_g256,4,0.05,,,,0
1000000,1000000,1.0,0.001,4,nl,256,0.5,hwindow_12h_highdim_extra_g256,4,0.1,0.0003,0.01,1.5228787452803376,4
1000000,1000000,1.0,0.001,4,nl,256,0.5,hwindow_12h_highdim_extra_g256,4,0.5,0.0003,0.1,2.5228787452803374,6
1000000,1000000,1.0,0.001,4,nl,256,0.5,hwindow_12h_highdim_extra_g256,4,1.0,0.0001,0.1,3.0,7
1000000,1000000,1.0,0.001,4,nl,256,0.5,hwindow_12h_highdim_extra_g256,8,0.01,,,,0
1000000,1000000,1.0,0.001,4,nl,256,0.5,hwindow_12h_highdim_extra_g256,8,0.05,0.0003,0.01,1.5228787452803376,4
1000000,1000000,1.0,0.001,4,nl,256,0.5,hwindow_12h_highdim_extra_g256,8,0.1,0.0003,0.01,1.5228787452803376,4
1000000,1000000,1.0,0.001,4,nl,256,0.5,hwindow_12h_highdim_extra_g256,8,0.5,0.0001,0.1,3.0,7
1000000,1000000,1.0,0.001,4,nl,256,0.5,hwindow_12h_highdim_extra_g256,8,1.0,0.0001,0.1,3.0,7
1000000,1000000,1.0,0.001,4,nl,256,0.5,hwindow_12h_highdim_extra_g256,16,0.01,,,,0
1000000,1000000,1.0,0.001,4,nl,256,0.5,hwindow_12h_highdim_extra_g256,16,0.05,0.0003,0.01,1.5228787452803376,4
1000000,1000000,1.0,0.001,4,nl,256,0.5,hwindow_12h_highdim_extra_g256,16,0.1,0.0003,0.1,2.5228787452803374,6
1000000,1000000,1.0,0.001,4,nl,256,0.5,hwindow_12h_highdim_extra_g256,16,0.5,0.0001,0.1,3.0,7
1000000,1000000,1.0,0.001,4,nl,256,0.5,hwindow_12h_highdim_extra_g256,16,1.0,3e-05,0.1,3.5228787452803374,8
1000000,1000000,1.0,0.001,8,lin,128,0.0,main,1,0.01,0.003,0.03,1.0,3
1000000,1000000,1.0,0.001,8,lin,128,0.0,main,1,0.05,0.001,0.03,1.4771212547196624,4
1000000,1000000,1.0,0.001,8,lin,128,0.0,main,1,0.1,0.001,0.03,1.4771212547196624,4
1000000,1000000,1.0,0.001,8,lin,128,0.0,main,1,0.5,0.0003,0.1,2.5228787452803374,6
1000000,1000000,1.0,0.001,8,lin,128,0.0,main,1,1.0,0.0003,0.1,2.5228787452803374,6
1000000,1000000,1.0,0.001,8,lin,128,0.0,main,2,0.01,0.003,0.03,1.0,3
1000000,1000000,1.0,0.001,8,lin,128,0.0,main,2,0.05,0.001,0.03,1.4771212547196624,4
1000000,1000000,1.0,0.001,8,lin,128,0.0,main,2,0.1,0.001,0.1,2.0,5
1000000,1000000,1.0,0.001,8,lin,128,0.0,main,2,0.5,0.0003,0.1,2.5228787452803374,6
1000000,1000000,1.0,0.001,8,lin,128,0.0,main,2,1.0,0.0003,0.1,2.5228787452803374,6
1000000,1000000,1.0,0.001,8,lin,128,0.0,main,4,0.01,0.001,0.03,1.4771212547196624,4
1000000,1000000,1.0,0.001,8,lin,128,0.0,main,4,0.05,0.001,0.1,2.0,5
1000000,1000000,1.0,0.001,8,lin,128,0.0,main,4,0.1,0.001,0.1,2.0,5
1000000,1000000,1.0,0.001,8,lin,128,0.0,main,4,0.5,0.0003,0.1,2.5228787452803374,6
1000000,1000000,1.0,0.001,8,lin,128,0.0,main,4,1.0,0.0003,0.1,2.5228787452803374,6
1000000,1000000,1.0,0.001,8,lin,128,0.0,main,8,0.01,0.001,0.03,1.4771212547196624,4
1000000,1000000,1.0,0.001,8,lin,128,0.0,main,8,0.05,0.001,0.1,2.0,5
1000000,1000000,1.0,0.001,8,lin,128,0.0,main,8,0.1,0.0003,0.1,2.5228787452803374,6
1000000,1000000,1.0,0.001,8,lin,128,0.0,main,8,0.5,0.0003,0.1,2.5228787452803374,6
1000000,1000000,1.0,0.001,8,lin,128,0.0,main,8,1.0,3e-05,0.1,3.5228787452803374,8
1000000,1000000,1.0,0.001,8,lin,128,0.0,main,16,0.01,0.001,0.1,2.0,5
1000000,1000000,1.0,0.001,8,lin,128,0.0,main,16,0.05,0.0003,0.1,2.5228787452803374,6
1000000,1000000,1.0,0.001,8,lin,128,0.0,main,16,0.1,0.0003,0.1,2.5228787452803374,6
1000000,1000000,1.0,0.001,8,lin,128,0.0,main,16,0.5,3e-05,0.1,3.5228787452803374,8
1000000,1000000,1.0,0.001,8,lin,128,0.0,main,16,1.0,3e-05,0.1,3.5228787452803374,8
1000000,1000000,1.0,0.001,8,lin,128,1.0,main,1,0.01,0.01,0.01,0.0,1
1000000,1000000,1.0,0.001,8,lin,128,1.0,main,1,0.05,0.003,0.01,0.5228787452803376,2
1000000,1000000,1.0,0.001,8,lin,128,1.0,main,1,0.1,0.003,0.03,1.0,3
1000000,1000000,1.0,0.001,8,lin,128,1.0,main,1,0.5,0.001,0.1,2.0,5
1000000,1000000,1.0,0.001,8,lin,128,1.0,main,1,1.0,0.001,0.1,2.0,5
1000000,1000000,1.0,0.001,8,lin,128,1.0,main,2,0.01,0.01,0.01,0.0,1
1000000,1000000,1.0,0.001,8,lin,128,1.0,main,2,0.05,0.003,0.03,1.0,3
1000000,1000000,1.0,0.001,8,lin,128,1.0,main,2,0.1,0.003,0.1,1.5228787452803376,4
1000000,1000000,1.0,0.001,8,lin,128,1.0,main,2,0.5,0.001,0.1,2.0,5
1000000,1000000,1.0,0.001,8,lin,128,1.0,main,2,1.0,0.001,0.1,2.0,5
1000000,1000000,1.0,0.001,8,lin,128,1.0,main,4,0.01,0.003,0.01,0.5228787452803376,2
1000000,1000000,1.0,0.001,8,lin,128,1.0,main,4,0.05,0.003,0.1,1.5228787452803376,4
1000000,1000000,1.0,0.001,8,lin,128,1.0,main,4,0.1,0.001,0.1,2.0,5
1000000,1000000,1.0,0.001,8,lin,128,1.0,main,4,0.5,0.001,0.1,2.0,5
1000000,1000000,1.0,0.001,8,lin,128,1.0,main,4,1.0,0.0003,0.1,2.5228787452803374,6
1000000,1000000,1.0,0.001,8,lin,128,1.0,main,8,0.01,0.003,0.03,1.0,3
1000000,1000000,1.0,0.001,8,lin,128,1.0,main,8,0.05,0.001,0.1,2.0,5
1000000,1000000,1.0,0.001,8,lin,128,1.0,main,8,0.1,0.001,0.1,2.0,5
1000000,1000000,1.0,0.001,8,lin,128,1.0,main,8,0.5,0.0003,0.1,2.5228787452803374,6
1000000,1000000,1.0,0.001,8,lin,128,1.0,main,8,1.0,0.0003,0.1,2.5228787452803374,6
1000000,1000000,1.0,0.001,8,lin,128,1.0,main,16,0.01,0.003,0.1,1.5228787452803376,4
1000000,1000000,1.0,0.001,8,lin,128,1.0,main,16,0.05,0.001,0.1,2.0,5
1000000,1000000,1.0,0.001,8,lin,128,1.0,main,16,0.1,0.001,0.1,2.0,5
1000000,1000000,1.0,0.001,8,lin,128,1.0,main,16,0.5,0.0003,0.1,2.5228787452803374,6
1000000,1000000,1.0,0.001,8,lin,128,1.0,main,16,1.0,0.0001,0.1,3.0,7
1000000,1000000,1.0,0.001,8,nl,64,0.5,hwindow_12h_highdim_extra_g64,1,0.01,,,,0
1000000,1000000,1.0,0.001,8,nl,64,0.5,hwindow_12h_highdim_extra_g64,1,0.05,,,,0
1000000,1000000,1.0,0.001,8,nl,64,0.5,hwindow_12h_highdim_extra_g64,1,0.1,,,,0
1000000,1000000,1.0,0.001,8,nl,64,0.5,hwindow_12h_highdim_extra_g64,1,0.5,0.001,0.03,1.4771212547196624,4
1000000,1000000,1.0,0.001,8,nl,64,0.5,hwindow_12h_highdim_extra_g64,1,1.0,0.0003,0.1,2.5228787452803374,6
1000000,1000000,1.0,0.001,8,nl,64,0.5,hwindow_12h_highdim_extra_g64,2,0.01,,,,0
1000000,1000000,1.0,0.001,8,nl,64,0.5,hwindow_12h_highdim_extra_g64,2,0.05,,,,0
1000000,1000000,1.0,0.001,8,nl,64,0.5,hwindow_12h_highdim_extra_g64,2,0.1,0.003,0.003,0.0,1
1000000,1000000,1.0,0.001,8,nl,64,0.5,hwindow_12h_highdim_extra_g64,2,0.5,0.0003,0.1,2.5228787452803374,6
1000000,1000000,1.0,0.001,8,nl,64,0.5,hwindow_12h_highdim_extra_g64,2,1.0,0.0001,0.1,3.0,7
1000000,1000000,1.0,0.001,8,nl,64,0.5,hwindow_12h_highdim_extra_g64,4,0.01,,,,0
1000000,1000000,1.0,0.001,8,nl,64,0.5,hwindow_12h_highdim_extra_g64,4,0.05,0.003,0.003,0.0,1
1000000,1000000,1.0,0.001,8,nl,64,0.5,hwindow_12h_highdim_extra_g64,4,0.1,0.001,0.03,1.4771212547196624,4
1000000,1000000,1.0,0.001,8,nl,64,0.5,hwindow_12h_highdim_extra_g64,4,0.5,0.0001,0.1,3.0,7
1000000,1000000,1.0,0.001,8,nl,64,0.5,hwindow_12h_highdim_extra_g64,4,1.0,0.0001,0.1,3.0,7
1000000,1000000,1.0,0.001,8,nl,64,0.5,hwindow_12h_highdim_extra_g64,8,0.01,,,,0
1000000,1000000,1.0,0.001,8,nl,64,0.5,hwindow_12h_highdim_extra_g64,8,0.05,0.001,0.03,1.4771212547196624,4
1000000,1000000,1.0,0.001,8,nl,64,0.5,hwindow_12h_highdim_extra_g64,8,0.1,0.001,0.1,2.0,5
1000000,1000000,1.0,0.001,8,nl,64,0.5,hwindow_12h_highdim_extra_g64,8,0.5,0.0001,0.1,3.0,7
1000000,1000000,1.0,0.001,8,nl,64,0.5,hwindow_12h_highdim_extra_g64,8,1.0,3e-05,0.1,3.5228787452803374,8
1000000,1000000,1.0,0.001,8,nl,64,0.5,hwindow_12h_highdim_extra_g64,16,0.01,,,,0
1000000,1000000,1.0,0.001,8,nl,64,0.5,hwindow_12h_highdim_extra_g64,16,0.05,0.001,0.1,2.0,5
1000000,1000000,1.0,0.001,8,nl,64,0.5,hwindow_12h_highdim_extra_g64,16,0.1,0.0003,0.1,2.5228787452803374,6
1000000,1000000,1.0,0.001,8,nl,64,0.5,hwindow_12h_highdim_extra_g64,16,0.5,3e-05,0.1,3.5228787452803374,8
1000000,1000000,1.0,0.001,8,nl,64,0.5,hwindow_12h_highdim_extra_g64,16,1.0,3e-05,0.1,3.5228787452803374,8
1000000,1000000,1.0,0.001,8,nl,128,0.0,main,1,0.01,,,,0
1000000,1000000,1.0,0.001,8,nl,128,0.0,main,1,0.05,,,,0
1000000,1000000,1.0,0.001,8,nl,128,0.0,main,1,0.1,,,,0
1000000,1000000,1.0,0.001,8,nl,128,0.0,main,1,0.5,0.001,0.03,1.4771212547196624,4
1000000,1000000,1.0,0.001,8,nl,128,0.0,main,1,1.0,0.0001,0.1,3.0,7
1000000,1000000,1.0,0.001,8,nl,128,0.0,main,2,0.01,,,,0
1000000,1000000,1.0,0.001,8,nl,128,0.0,main,2,0.05,,,,0
1000000,1000000,1.0,0.001,8,nl,128,0.0,main,2,0.1,0.01,0.01,0.0,1
1000000,1000000,1.0,0.001,8,nl,128,0.0,main,2,0.5,0.0001,0.1,3.0,7
1000000,1000000,1.0,0.001,8,nl,128,0.0,main,2,1.0,0.0001,0.1,3.0,7
1000000,1000000,1.0,0.001,8,nl,128,0.0,main,4,0.01,,,,0
1000000,1000000,1.0,0.001,8,nl,128,0.0,main,4,0.05,0.01,0.01,0.0,1
1000000,1000000,1.0,0.001,8,nl,128,0.0,main,4,0.1,0.001,0.03,1.4771212547196624,4
1000000,1000000,1.0,0.001,8,nl,128,0.0,main,4,0.5,0.0001,0.1,3.0,7
1000000,1000000,1.0,0.001,8,nl,128,0.0,main,4,1.0,0.0001,0.1,3.0,7
1000000,1000000,1.0,0.001,8,nl,128,0.0,main,8,0.01,,,,0
1000000,1000000,1.0,0.001,8,nl,128,0.0,main,8,0.05,0.001,0.03,1.4771212547196624,4
1000000,1000000,1.0,0.001,8,nl,128,0.0,main,8,0.1,0.0001,0.03,2.4771212547196626,6
1000000,1000000,1.0,0.001,8,nl,128,0.0,main,8,0.5,0.0001,0.1,3.0,7
1000000,1000000,1.0,0.001,8,nl,128,0.0,main,8,1.0,3e-05,0.1,3.5228787452803374,8
1000000,1000000,1.0,0.001,8,nl,128,0.0,main,16,0.01,,,,0
1000000,1000000,1.0,0.001,8,nl,128,0.0,main,16,0.05,0.0001,0.03,2.4771212547196626,6
1000000,1000000,1.0,0.001,8,nl,128,0.0,main,16,0.1,0.0001,0.1,3.0,7
1000000,1000000,1.0,0.001,8,nl,128,0.0,main,16,0.5,3e-05,0.1,3.5228787452803374,8
1000000,1000000,1.0,0.001,8,nl,128,0.0,main,16,1.0,1e-05,0.1,4.0,9
1000000,1000000,1.0,0.001,8,nl,128,1.0,main,1,0.01,,,,0
1000000,1000000,1.0,0.001,8,nl,128,1.0,main,1,0.05,,,,0
1000000,1000000,1.0,0.001,8,nl,128,1.0,main,1,0.1,,,,0
1000000,1000000,1.0,0.001,8,nl,128,1.0,main,1,0.5,0.003,0.1,1.5228787452803376,4
1000000,1000000,1.0,0.001,8,nl,128,1.0,main,1,1.0,0.003,0.1,1.5228787452803376,4
1000000,1000000,1.0,0.001,8,nl,128,1.0,main,2,0.01,,,,0
1000000,1000000,1.0,0.001,8,nl,128,1.0,main,2,0.05,,,,0
1000000,1000000,1.0,0.001,8,nl,128,1.0,main,2,0.1,0.003,0.003,0.0,1
1000000,1000000,1.0,0.001,8,nl,128,1.0,main,2,0.5,0.003,0.1,1.5228787452803376,4
1000000,1000000,1.0,0.001,8,nl,128,1.0,main,2,1.0,0.001,0.1,2.0,5
1000000,1000000,1.0,0.001,8,nl,128,1.0,main,4,0.01,,,,0
1000000,1000000,1.0,0.001,8,nl,128,1.0,main,4,0.05,0.003,0.003,0.0,1
1000000,1000000,1.0,0.001,8,nl,128,1.0,main,4,0.1,0.003,0.1,1.5228787452803376,4
1000000,1000000,1.0,0.001,8,nl,128,1.0,main,4,0.5,0.001,0.1,2.0,5
1000000,1000000,1.0,0.001,8,nl,128,1.0,main,4,1.0,0.0003,0.1,2.5228787452803374,6
1000000,1000000,1.0,0.001,8,nl,128,1.0,main,8,0.01,,,,0
1000000,1000000,1.0,0.001,8,nl,128,1.0,main,8,0.05,0.003,0.1,1.5228787452803376,4
1000000,1000000,1.0,0.001,8,nl,128,1.0,main,8,0.1,0.003,0.1,1.5228787452803376,4
1000000,1000000,1.0,0.001,8,nl,128,1.0,main,8,0.5,0.0003,0.1,2.5228787452803374,6
1000000,1000000,1.0,0.001,8,nl,128,1.0,main,8,1.0,0.0003,0.1,2.5228787452803374,6
1000000,1000000,1.0,0.001,8,nl,128,1.0,main,16,0.01,,,,0
1000000,1000000,1.0,0.001,8,nl,128,1.0,main,16,0.05,0.003,0.1,1.5228787452803376,4
1000000,1000000,1.0,0.001,8,nl,128,1.0,main,16,0.1,0.001,0.1,2.0,5
1000000,1000000,1.0,0.001,8,nl,128,1.0,main,16,0.5,0.0003,0.1,2.5228787452803374,6
1000000,1000000,1.0,0.001,8,nl,128,1.0,main,16,1.0,0.0003,0.1,2.5228787452803374,6
1000000,1000000,1.0,0.001,8,nl,256,0.5,hwindow_12h_highdim_extra_g256,1,0.01,,,,0
1000000,1000000,1.0,0.001,8,nl,256,0.5,hwindow_12h_highdim_extra_g256,1,0.05,,,,0
1000000,1000000,1.0,0.001,8,nl,256,0.5,hwindow_12h_highdim_extra_g256,1,0.1,,,,0
1000000,1000000,1.0,0.001,8,nl,256,0.5,hwindow_12h_highdim_extra_g256,1,0.5,0.003,0.1,1.5228787452803376,4
1000000,1000000,1.0,0.001,8,nl,256,0.5,hwindow_12h_highdim_extra_g256,1,1.0,0.0001,0.1,3.0,7
1000000,1000000,1.0,0.001,8,nl,256,0.5,hwindow_12h_highdim_extra_g256,2,0.01,,,,0
1000000,1000000,1.0,0.001,8,nl,256,0.5,hwindow_12h_highdim_extra_g256,2,0.05,,,,0
1000000,1000000,1.0,0.001,8,nl,256,0.5,hwindow_12h_highdim_extra_g256,2,0.1,,,,0
1000000,1000000,1.0,0.001,8,nl,256,0.5,hwindow_12h_highdim_extra_g256,2,0.5,0.0001,0.1,3.0,7
1000000,1000000,1.0,0.001,8,nl,256,0.5,hwindow_12h_highdim_extra_g256,2,1.0,0.0001,0.1,3.0,7
1000000,1000000,1.0,0.001,8,nl,256,0.5,hwindow_12h_highdim_extra_g256,4,0.01,,,,0
1000000,1000000,1.0,0.001,8,nl,256,0.5,hwindow_12h_highdim_extra_g256,4,0.05,,,,0
1000000,1000000,1.0,0.001,8,nl,256,0.5,hwindow_12h_highdim_extra_g256,4,0.1,0.003,0.1,1.5228787452803376,4
1000000,1000000,1.0,0.001,8,nl,256,0.5,hwindow_12h_highdim_extra_g256,4,0.5,0.0001,0.1,3.0,7
1000000,1000000,1.0,0.001,8,nl,256,0.5,hwindow_12h_highdim_extra_g256,4,1.0,0.0001,0.1,3.0,7
1000000,1000000,1.0,0.001,8,nl,256,0.5,hwindow_12h_highdim_extra_g256,8,0.01,,,,0
1000000,1000000,1.0,0.001,8,nl,256,0.5,hwindow_12h_highdim_extra_g256,8,0.05,0.003,0.1,1.5228787452803376,4
1000000,1000000,1.0,0.001,8,nl,256,0.5,hwindow_12h_highdim_extra_g256,8,0.1,0.0003,0.1,2.5228787452803374,6
1000000,1000000,1.0,0.001,8,nl,256,0.5,hwindow_12h_highdim_extra_g256,8,0.5,0.0001,0.1,3.0,7
1000000,1000000,1.0,0.001,8,nl,256,0.5,hwindow_12h_highdim_extra_g256,8,1.0,3e-05,0.1,3.5228787452803374,8
1000000,1000000,1.0,0.001,8,nl,256,0.5,hwindow_12h_highdim_extra_g256,16,0.01,,,,0
1000000,1000000,1.0,0.001,8,nl,256,0.5,hwindow_12h_highdim_extra_g256,16,0.05,0.0003,0.1,2.5228787452803374,6
1000000,1000000,1.0,0.001,8,nl,256,0.5,hwindow_12h_highdim_extra_g256,16,0.1,0.0001,0.1,3.0,7
1000000,1000000,1.0,0.001,8,nl,256,0.5,hwindow_12h_highdim_extra_g256,16,0.5,3e-05,0.1,3.5228787452803374,8
1000000,1000000,1.0,0.001,8,nl,256,0.5,hwindow_12h_highdim_extra_g256,16,1.0,3e-05,0.1,3.5228787452803374,8
1000000,1000000,1.0,0.01,4,lin,128,0.0,main,1,0.01,0.03,0.03,0.0,1
1000000,1000000,1.0,0.01,4,lin,128,0.0,main,1,0.05,0.03,0.03,0.0,1
1000000,1000000,1.0,0.01,4,lin,128,0.0,main,1,0.1,0.01,0.03,0.47712125471966244,2
1000000,1000000,1.0,0.01,4,lin,128,0.0,main,1,0.5,0.01,0.1,1.0,3
1000000,1000000,1.0,0.01,4,lin,128,0.0,main,1,1.0,0.003,0.1,1.5228787452803376,4
1000000,1000000,1.0,0.01,4,lin,128,0.0,main,2,0.01,0.03,0.03,0.0,1
1000000,1000000,1.0,0.01,4,lin,128,0.0,main,2,0.05,0.01,0.03,0.47712125471966244,2
1000000,1000000,1.0,0.01,4,lin,128,0.0,main,2,0.1,0.01,0.03,0.47712125471966244,2
1000000,1000000,1.0,0.01,4,lin,128,0.0,main,2,0.5,0.003,0.1,1.5228787452803376,4
1000000,1000000,1.0,0.01,4,lin,128,0.0,main,2,1.0,0.001,0.1,2.0,5
1000000,1000000,1.0,0.01,4,lin,128,0.0,main,4,0.01,0.03,0.03,0.0,1
1000000,1000000,1.0,0.01,4,lin,128,0.0,main,4,0.05,0.01,0.03,0.47712125471966244,2
1000000,1000000,1.0,0.01,4,lin,128,0.0,main,4,0.1,0.01,0.1,1.0,3
1000000,1000000,1.0,0.01,4,lin,128,0.0,main,4,0.5,0.001,0.1,2.0,5
1000000,1000000,1.0,0.01,4,lin,128,0.0,main,4,1.0,0.001,0.1,2.0,5
1000000,1000000,1.0,0.01,4,lin,128,0.0,main,8,0.01,0.01,0.03,0.47712125471966244,2
1000000,1000000,1.0,0.01,4,lin,128,0.0,main,8,0.05,0.01,0.1,1.0,3
1000000,1000000,1.0,0.01,4,lin,128,0.0,main,8,0.1,0.003,0.1,1.5228787452803376,4
1000000,1000000,1.0,0.01,4,lin,128,0.0,main,8,0.5,0.001,0.1,2.0,5
1000000,1000000,1.0,0.01,4,lin,128,0.0,main,8,1.0,0.001,0.1,2.0,5
1000000,1000000,1.0,0.01,4,lin,128,0.0,main,16,0.01,0.01,0.03,0.47712125471966244,2
1000000,1000000,1.0,0.01,4,lin,128,0.0,main,16,0.05,0.003,0.1,1.5228787452803376,4
1000000,1000000,1.0,0.01,4,lin,128,0.0,main,16,0.1,0.001,0.1,2.0,5
1000000,1000000,1.0,0.01,4,lin,128,0.0,main,16,0.5,0.001,0.1,2.0,5
1000000,1000000,1.0,0.01,4,lin,128,0.0,main,16,1.0,0.0003,0.1,2.5228787452803374,6
1000000,1000000,1.0,0.01,4,lin,128,1.0,main,1,0.01,,,,0
1000000,1000000,1.0,0.01,4,lin,128,1.0,main,1,0.05,,,,0
1000000,1000000,1.0,0.01,4,lin,128,1.0,main,1,0.1,,,,0
1000000,1000000,1.0,0.01,4,lin,128,1.0,main,1,0.5,0.01,0.1,1.0,3
1000000,1000000,1.0,0.01,4,lin,128,1.0,main,1,1.0,0.003,0.1,1.5228787452803376,4
1000000,1000000,1.0,0.01,4,lin,128,1.0,main,2,0.01,,,,0
1000000,1000000,1.0,0.01,4,lin,128,1.0,main,2,0.05,,,,0
1000000,1000000,1.0,0.01,4,lin,128,1.0,main,2,0.1,0.01,0.03,0.47712125471966244,2
1000000,1000000,1.0,0.01,4,lin,128,1.0,main,2,0.5,0.003,0.1,1.5228787452803376,4
1000000,1000000,1.0,0.01,4,lin,128,1.0,main,2,1.0,0.003,0.1,1.5228787452803376,4
1000000,1000000,1.0,0.01,4,lin,128,1.0,main,4,0.01,,,,0
1000000,1000000,1.0,0.01,4,lin,128,1.0,main,4,0.05,0.01,0.03,0.47712125471966244,2
1000000,1000000,1.0,0.01,4,lin,128,1.0,main,4,0.1,0.01,0.03,0.47712125471966244,2
1000000,1000000,1.0,0.01,4,lin,128,1.0,main,4,0.5,0.003,0.1,1.5228787452803376,4
1000000,1000000,1.0,0.01,4,lin,128,1.0,main,4,1.0,0.003,0.1,1.5228787452803376,4
1000000,1000000,1.0,0.01,4,lin,128,1.0,main,8,0.01,,,,0
1000000,1000000,1.0,0.01,4,lin,128,1.0,main,8,0.05,0.01,0.03,0.47712125471966244,2
1000000,1000000,1.0,0.01,4,lin,128,1.0,main,8,0.1,0.01,0.1,1.0,3
1000000,1000000,1.0,0.01,4,lin,128,1.0,main,8,0.5,0.003,0.1,1.5228787452803376,4
1000000,1000000,1.0,0.01,4,lin,128,1.0,main,8,1.0,0.003,0.1,1.5228787452803376,4
1000000,1000000,1.0,0.01,4,lin,128,1.0,main,16,0.01,0.01,0.03,0.47712125471966244,2
1000000,1000000,1.0,0.01,4,lin,128,1.0,main,16,0.05,0.01,0.1,1.0,3
1000000,1000000,1.0,0.01,4,lin,128,1.0,main,16,0.1,0.003,0.1,1.5228787452803376,4
1000000,1000000,1.0,0.01,4,lin,128,1.0,main,16,0.5,0.003,0.1,1.5228787452803376,4
1000000,1000000,1.0,0.01,4,lin,128,1.0,main,16,1.0,0.0003,0.1,2.5228787452803374,6
1000000,1000000,1.0,0.01,4,nl,128,0.0,main,1,0.01,,,,0
1000000,1000000,1.0,0.01,4,nl,128,0.0,main,1,0.05,,,,0
1000000,1000000,1.0,0.01,4,nl,128,0.0,main,1,0.1,,,,0
1000000,1000000,1.0,0.01,4,nl,128,0.0,main,1,0.5,0.01,0.03,0.47712125471966244,2
1000000,1000000,1.0,0.01,4,nl,128,0.0,main,1,1.0,0.001,0.03,1.4771212547196624,3
1000000,1000000,1.0,0.01,4,nl,128,0.0,main,2,0.01,,,,0
1000000,1000000,1.0,0.01,4,nl,128,0.0,main,2,0.05,,,,0
1000000,1000000,1.0,0.01,4,nl,128,0.0,main,2,0.1,,,,0
1000000,1000000,1.0,0.01,4,nl,128,0.0,main,2,0.5,0.001,0.03,1.4771212547196624,3
1000000,1000000,1.0,0.01,4,nl,128,0.0,main,2,1.0,0.001,0.1,2.0,5
1000000,1000000,1.0,0.01,4,nl,128,0.0,main,4,0.01,,,,0
1000000,1000000,1.0,0.01,4,nl,128,0.0,main,4,0.05,,,,0
1000000,1000000,1.0,0.01,4,nl,128,0.0,main,4,0.1,0.03,0.03,0.0,1
1000000,1000000,1.0,0.01,4,nl,128,0.0,main,4,0.5,0.001,0.1,2.0,5
1000000,1000000,1.0,0.01,4,nl,128,0.0,main,4,1.0,0.0003,0.1,2.5228787452803374,6
1000000,1000000,1.0,0.01,4,nl,128,0.0,main,8,0.01,,,,0
1000000,1000000,1.0,0.01,4,nl,128,0.0,main,8,0.05,0.03,0.03,0.0,1
1000000,1000000,1.0,0.01,4,nl,128,0.0,main,8,0.1,0.01,0.03,0.47712125471966244,2
1000000,1000000,1.0,0.01,4,nl,128,0.0,main,8,0.5,0.0003,0.1,2.5228787452803374,6
1000000,1000000,1.0,0.01,4,nl,128,0.0,main,8,1.0,0.0001,0.1,3.0,7
1000000,1000000,1.0,0.01,4,nl,128,0.0,main,16,0.01,,,,0
1000000,1000000,1.0,0.01,4,nl,128,0.0,main,16,0.05,0.01,0.03,0.47712125471966244,2
1000000,1000000,1.0,0.01,4,nl,128,0.0,main,16,0.1,0.001,0.1,2.0,5
1000000,1000000,1.0,0.01,4,nl,128,0.0,main,16,0.5,0.0001,0.1,3.0,7
1000000,1000000,1.0,0.01,4,nl,128,0.0,main,16,1.0,0.0001,0.1,3.0,7
1000000,1000000,1.0,0.01,4,nl,128,1.0,main,1,0.01,,,,0
1000000,1000000,1.0,0.01,4,nl,128,1.0,main,1,0.05,,,,0
1000000,1000000,1.0,0.01,4,nl,128,1.0,main,1,0.1,,,,0
1000000,1000000,1.0,0.01,4,nl,128,1.0,main,1,0.5,0.03,0.1,0.5228787452803376,2
1000000,1000000,1.0,0.01,4,nl,128,1.0,main,1,1.0,0.03,0.1,0.5228787452803376,2
1000000,1000000,1.0,0.01,4,nl,128,1.0,main,2,0.01,,,,0
1000000,1000000,1.0,0.01,4,nl,128,1.0,main,2,0.05,,,,0
1000000,1000000,1.0,0.01,4,nl,128,1.0,main,2,0.1,,,,0
1000000,1000000,1.0,0.01,4,nl,128,1.0,main,2,0.5,0.03,0.1,0.5228787452803376,2
1000000,1000000,1.0,0.01,4,nl,128,1.0,main,2,1.0,0.01,0.1,1.0,3
1000000,1000000,1.0,0.01,4,nl,128,1.0,main,4,0.01,,,,0
1000000,1000000,1.0,0.01,4,nl,128,1.0,main,4,0.05,,,,0
1000000,1000000,1.0,0.01,4,nl,128,1.0,main,4,0.1,0.1,0.1,0.0,1
1000000,1000000,1.0,0.01,4,nl,128,1.0,main,4,0.5,0.01,0.1,1.0,3
1000000,1000000,1.0,0.01,4,nl,128,1.0,main,4,1.0,0.01,0.1,1.0,3
1000000,1000000,1.0,0.01,4,nl,128,1.0,main,8,0.01,,,,0
1000000,1000000,1.0,0.01,4,nl,128,1.0,main,8,0.05,0.1,0.1,0.0,1
1000000,1000000,1.0,0.01,4,nl,128,1.0,main,8,0.1,0.03,0.1,0.5228787452803376,2
1000000,1000000,1.0,0.01,4,nl,128,1.0,main,8,0.5,0.01,0.1,1.0,3
1000000,1000000,1.0,0.01,4,nl,128,1.0,main,8,1.0,0.003,0.1,1.5228787452803376,4
1000000,1000000,1.0,0.01,4,nl,128,1.0,main,16,0.01,,,,0
1000000,1000000,1.0,0.01,4,nl,128,1.0,main,16,0.05,0.03,0.1,0.5228787452803376,2
1000000,1000000,1.0,0.01,4,nl,128,1.0,main,16,0.1,0.01,0.1,1.0,3
1000000,1000000,1.0,0.01,4,nl,128,1.0,main,16,0.5,0.003,0.1,1.5228787452803376,4
1000000,1000000,1.0,0.01,4,nl,128,1.0,main,16,1.0,0.003,0.1,1.5228787452803376,4
1000000,1000000,1.0,0.01,8,lin,128,0.0,main,1,0.01,0.03,0.1,0.5228787452803376,2
1000000,1000000,1.0,0.01,8,lin,128,0.0,main,1,0.05,0.01,0.1,1.0,3
1000000,1000000,1.0,0.01,8,lin,128,0.0,main,1,0.1,0.01,0.1,1.0,3
1000000,1000000,1.0,0.01,8,lin,128,0.0,main,1,0.5,0.003,0.1,1.5228787452803376,4
1000000,1000000,1.0,0.01,8,lin,128,0.0,main,1,1.0,0.003,0.1,1.5228787452803376,4
1000000,1000000,1.0,0.01,8,lin,128,0.0,main,2,0.01,0.03,0.1,0.5228787452803376,2
1000000,1000000,1.0,0.01,8,lin,128,0.0,main,2,0.05,0.01,0.1,1.0,3
1000000,1000000,1.0,0.01,8,lin,128,0.0,main,2,0.1,0.01,0.1,1.0,3
1000000,1000000,1.0,0.01,8,lin,128,0.0,main,2,0.5,0.003,0.1,1.5228787452803376,4
1000000,1000000,1.0,0.01,8,lin,128,0.0,main,2,1.0,0.001,0.1,2.0,5
1000000,1000000,1.0,0.01,8,lin,128,0.0,main,4,0.01,0.03,0.1,0.5228787452803376,2
1000000,1000000,1.0,0.01,8,lin,128,0.0,main,4,0.05,0.01,0.1,1.0,3
1000000,1000000,1.0,0.01,8,lin,128,0.0,main,4,0.1,0.003,0.1,1.5228787452803376,4
1000000,1000000,1.0,0.01,8,lin,128,0.0,main,4,0.5,0.001,0.1,2.0,5
1000000,1000000,1.0,0.01,8,lin,128,0.0,main,4,1.0,0.001,0.1,2.0,5
1000000,1000000,1.0,0.01,8,lin,128,0.0,main,8,0.01,0.01,0.1,1.0,3
1000000,1000000,1.0,0.01,8,lin,128,0.0,main,8,0.05,0.003,0.1,1.5228787452803376,4
1000000,1000000,1.0,0.01,8,lin,128,0.0,main,8,0.1,0.003,0.1,1.5228787452803376,4
1000000,1000000,1.0,0.01,8,lin,128,0.0,main,8,0.5,0.001,0.1,2.0,5
1000000,1000000,1.0,0.01,8,lin,128,0.0,main,8,1.0,0.001,0.1,2.0,5
1000000,1000000,1.0,0.01,8,lin,128,0.0,main,16,0.01,0.01,0.1,1.0,3
1000000,1000000,1.0,0.01,8,lin,128,0.0,main,16,0.05,0.003,0.1,1.5228787452803376,4
1000000,1000000,1.0,0.01,8,lin,128,0.0,main,16,0.1,0.001,0.1,2.0,5
1000000,1000000,1.0,0.01,8,lin,128,0.0,main,16,0.5,0.001,0.1,2.0,5
1000000,1000000,1.0,0.01,8,lin,128,0.0,main,16,1.0,0.001,0.1,2.0,5
1000000,1000000,1.0,0.01,8,lin,128,1.0,main,1,0.01,0.1,0.1,0.0,1
1000000,1000000,1.0,0.01,8,lin,128,1.0,main,1,0.05,0.03,0.1,0.5228787452803376,2
1000000,1000000,1.0,0.01,8,lin,128,1.0,main,1,0.1,0.03,0.1,0.5228787452803376,2
1000000,1000000,1.0,0.01,8,lin,128,1.0,main,1,0.5,0.01,0.1,1.0,3
1000000,1000000,1.0,0.01,8,lin,128,1.0,main,1,1.0,0.003,0.1,1.5228787452803376,4
1000000,1000000,1.0,0.01,8,lin,128,1.0,main,2,0.01,0.1,0.1,0.0,1
1000000,1000000,1.0,0.01,8,lin,128,1.0,main,2,0.05,0.03,0.1,0.5228787452803376,2
1000000,1000000,1.0,0.01,8,lin,128,1.0,main,2,0.1,0.01,0.1,1.0,3
1000000,1000000,1.0,0.01,8,lin,128,1.0,main,2,0.5,0.003,0.1,1.5228787452803376,4
1000000,1000000,1.0,0.01,8,lin,128,1.0,main,2,1.0,0.003,0.1,1.5228787452803376,4
1000000,1000000,1.0,0.01,8,lin,128,1.0,main,4,0.01,0.03,0.1,0.5228787452803376,2
1000000,1000000,1.0,0.01,8,lin,128,1.0,main,4,0.05,0.01,0.1,1.0,3
1000000,1000000,1.0,0.01,8,lin,128,1.0,main,4,0.1,0.01,0.1,1.0,3
1000000,1000000,1.0,0.01,8,lin,128,1.0,main,4,0.5,0.003,0.1,1.5228787452803376,4
1000000,1000000,1.0,0.01,8,lin,128,1.0,main,4,1.0,0.001,0.1,2.0,5
1000000,1000000,1.0,0.01,8,lin,128,1.0,main,8,0.01,0.03,0.1,0.5228787452803376,2
1000000,1000000,1.0,0.01,8,lin,128,1.0,main,8,0.05,0.01,0.1,1.0,3
1000000,1000000,1.0,0.01,8,lin,128,1.0,main,8,0.1,0.003,0.1,1.5228787452803376,4
1000000,1000000,1.0,0.01,8,lin,128,1.0,main,8,0.5,0.001,0.1,2.0,5
1000000,1000000,1.0,0.01,8,lin,128,1.0,main,8,1.0,0.001,0.1,2.0,5
1000000,1000000,1.0,0.01,8,lin,128,1.0,main,16,0.01,0.01,0.1,1.0,3
1000000,1000000,1.0,0.01,8,lin,128,1.0,main,16,0.05,0.003,0.1,1.5228787452803376,4
1000000,1000000,1.0,0.01,8,lin,128,1.0,main,16,0.1,0.003,0.1,1.5228787452803376,4
1000000,1000000,1.0,0.01,8,lin,128,1.0,main,16,0.5,0.001,0.1,2.0,5
1000000,1000000,1.0,0.01,8,lin,128,1.0,main,16,1.0,0.0003,0.1,2.5228787452803374,6
1000000,1000000,1.0,0.01,8,nl,128,0.0,main,1,0.01,,,,0
1000000,1000000,1.0,0.01,8,nl,128,0.0,main,1,0.05,,,,0
1000000,1000000,1.0,0.01,8,nl,128,0.0,main,1,0.1,,,,0
1000000,1000000,1.0,0.01,8,nl,128,0.0,main,1,0.5,0.003,0.1,1.5228787452803376,4
1000000,1000000,1.0,0.01,8,nl,128,0.0,main,1,1.0,0.001,0.1,2.0,5
1000000,1000000,1.0,0.01,8,nl,128,0.0,main,2,0.01,,,,0
1000000,1000000,1.0,0.01,8,nl,128,0.0,main,2,0.05,,,,0
1000000,1000000,1.0,0.01,8,nl,128,0.0,main,2,0.1,0.01,0.1,1.0,2
1000000,1000000,1.0,0.01,8,nl,128,0.0,main,2,0.5,0.001,0.1,2.0,5
1000000,1000000,1.0,0.01,8,nl,128,0.0,main,2,1.0,0.001,0.1,2.0,5
1000000,1000000,1.0,0.01,8,nl,128,0.0,main,4,0.01,,,,0
1000000,1000000,1.0,0.01,8,nl,128,0.0,main,4,0.05,0.01,0.1,1.0,2
1000000,1000000,1.0,0.01,8,nl,128,0.0,main,4,0.1,0.01,0.1,1.0,3
1000000,1000000,1.0,0.01,8,nl,128,0.0,main,4,0.5,0.001,0.1,2.0,5
1000000,1000000,1.0,0.01,8,nl,128,0.0,main,4,1.0,0.001,0.1,2.0,5
1000000,1000000,1.0,0.01,8,nl,128,0.0,main,8,0.01,,,,0
1000000,1000000,1.0,0.01,8,nl,128,0.0,main,8,0.05,0.01,0.1,1.0,3
1000000,1000000,1.0,0.01,8,nl,128,0.0,main,8,0.1,0.001,0.1,2.0,5
1000000,1000000,1.0,0.01,8,nl,128,0.0,main,8,0.5,0.001,0.1,2.0,5
1000000,1000000,1.0,0.01,8,nl,128,0.0,main,8,1.0,0.0003,0.1,2.5228787452803374,6
1000000,1000000,1.0,0.01,8,nl,128,0.0,main,16,0.01,0.01,0.01,0.0,1
1000000,1000000,1.0,0.01,8,nl,128,0.0,main,16,0.05,0.001,0.1,2.0,5
1000000,1000000,1.0,0.01,8,nl,128,0.0,main,16,0.1,0.001,0.1,2.0,5
1000000,1000000,1.0,0.01,8,nl,128,0.0,main,16,0.5,0.0003,0.1,2.5228787452803374,6
1000000,1000000,1.0,0.01,8,nl,128,0.0,main,16,1.0,0.0003,0.1,2.5228787452803374,6
1000000,1000000,1.0,0.01,8,nl,128,1.0,main,1,0.01,,,,0
1000000,1000000,1.0,0.01,8,nl,128,1.0,main,1,0.05,,,,0
1000000,1000000,1.0,0.01,8,nl,128,1.0,main,1,0.1,,,,0
1000000,1000000,1.0,0.01,8,nl,128,1.0,main,1,0.5,0.01,0.1,1.0,3
1000000,1000000,1.0,0.01,8,nl,128,1.0,main,1,1.0,1e-08,0.1,7.0,5
1000000,1000000,1.0,0.01,8,nl,128,1.0,main,2,0.01,,,,0
1000000,1000000,1.0,0.01,8,nl,128,1.0,main,2,0.05,,,,0
1000000,1000000,1.0,0.01,8,nl,128,1.0,main,2,0.1,,,,0
1000000,1000000,1.0,0.01,8,nl,128,1.0,main,2,0.5,1e-08,0.1,7.0,5
1000000,1000000,1.0,0.01,8,nl,128,1.0,main,2,1.0,1e-08,0.1,7.0,5
1000000,1000000,1.0,0.01,8,nl,128,1.0,main,4,0.01,,,,0
1000000,1000000,1.0,0.01,8,nl,128,1.0,main,4,0.05,,,,0
1000000,1000000,1.0,0.01,8,nl,128,1.0,main,4,0.1,0.03,0.1,0.5228787452803376,2
1000000,1000000,1.0,0.01,8,nl,128,1.0,main,4,0.5,1e-08,0.1,7.0,5
1000000,1000000,1.0,0.01,8,nl,128,1.0,main,4,1.0,1e-08,0.1,7.0,5
1000000,1000000,1.0,0.01,8,nl,128,1.0,main,8,0.01,,,,0
1000000,1000000,1.0,0.01,8,nl,128,1.0,main,8,0.05,0.03,0.1,0.5228787452803376,2
1000000,1000000,1.0,0.01,8,nl,128,1.0,main,8,0.1,1e-08,0.1,7.0,5
1000000,1000000,1.0,0.01,8,nl,128,1.0,main,8,0.5,1e-08,0.1,7.0,5
1000000,1000000,1.0,0.01,8,nl,128,1.0,main,8,1.0,1e-08,0.1,7.0,6
1000000,1000000,1.0,0.01,8,nl,128,1.0,main,16,0.01,,,,0
1000000,1000000,1.0,0.01,8,nl,128,1.0,main,16,0.05,1e-08,0.1,7.0,5
1000000,1000000,1.0,0.01,8,nl,128,1.0,main,16,0.1,1e-08,0.1,7.0,5
1000000,1000000,1.0,0.01,8,nl,128,1.0,main,16,0.5,1e-08,0.1,7.0,6
1000000,1000000,1.0,0.01,8,nl,128,1.0,main,16,1.0,1e-08,0.1,7.0,7
