[nan-guard] command=python /scratch/jy03364/MeZO_/large_models/run.py --model_name opt-1.3b --task_name SST5 --output_dir /scratch/jy03364/MeZO_/experiments/h_sweep_14h/results/sparse_mezo16/opt-1.3b/sst5/h_1e-6/seed_42 --overwrite_output_dir --tag hsweep14h-sparse_mezo16-sst5-h1e-6-seed42 --dataset_mode full --num_k 16 --data_seed 42 --train_set_seed 42 --trainer zo --load_float16 --zo_quantization_bits 16 --sparse_ratio 0.25 --sparse_mask_strategy percentile_per_layer --sparse_scope trainable_only --sparse_log_active_fraction True --train_as_classification --learning_rate 1e-6 --zo_eps 1e-6 --num_train_epochs 5 --per_device_train_batch_size 16 --gradient_accumulation_steps 1 --lr_scheduler_type constant --evaluation_strategy steps --save_strategy no --eval_steps 5000 --logging_steps 10 --zo_probe_every 100 --zo_probe_num_seeds 16 --zo_probe_log_csv
[nan-guard] cwd=/scratch/jy03364/MeZO_/experiments/h_sweep_14h max_consecutive_nan=100
/home/jy03364/miniconda3/envs/mezo-env/lib/python3.10/site-packages/transformers/utils/generic.py:441: FutureWarning: `torch.utils._pytree._register_pytree_node` is deprecated. Please use `torch.utils._pytree.register_pytree_node` instead.
  _torch_pytree._register_pytree_node(
/home/jy03364/miniconda3/envs/mezo-env/lib/python3.10/site-packages/transformers/utils/generic.py:309: FutureWarning: `torch.utils._pytree._register_pytree_node` is deprecated. Please use `torch.utils._pytree.register_pytree_node` instead.
  _torch_pytree._register_pytree_node(
/home/jy03364/miniconda3/envs/mezo-env/lib/python3.10/site-packages/transformers/utils/generic.py:309: FutureWarning: `torch.utils._pytree._register_pytree_node` is deprecated. Please use `torch.utils._pytree.register_pytree_node` instead.
  _torch_pytree._register_pytree_node(
/home/jy03364/miniconda3/envs/mezo-env/lib/python3.10/site-packages/transformers/deepspeed.py:23: FutureWarning: transformers.deepspeed module is deprecated and will be removed in a future version. Please import deepspeed modules directly from transformers.integrations
  warnings.warn(
2026-04-17 04:04:16,045 - INFO - [model] requested=opt-1.3b resolved=facebook/opt-1.3b family_hint=opt
2026-04-17 04:04:16,045 - INFO - [data] task_name=SST5 dataset_mode=full num_k=16 data_seed=42 full_dev_ratio=0.1
Repo card metadata block was not found. Setting CardData to empty.
2026-04-17 04:04:16,401 - WARNING - Repo card metadata block was not found. Setting CardData to empty.
2026-04-17 04:04:17,016 - INFO - Loading model with FP16...
/home/jy03364/miniconda3/envs/mezo-env/lib/python3.10/site-packages/huggingface_hub/file_download.py:942: FutureWarning: `resume_download` is deprecated and will be removed in version 1.0.0. Downloads always resume when possible. If you want to force a new download, use `force_download=True`.
  warnings.warn(
2026-04-17 04:04:17,061 - INFO - [model] disabling auto device placement for training; Trainer/Accelerate will place the model
/home/jy03364/miniconda3/envs/mezo-env/lib/python3.10/site-packages/transformers/modeling_utils.py:484: FutureWarning: You are using `torch.load` with `weights_only=False` (the current default value), which uses the default pickle module implicitly. It is possible to construct malicious pickle data which will execute arbitrary code during unpickling (See https://github.com/pytorch/pytorch/blob/main/SECURITY.md#untrusted-models for more details). In a future release, the default value for `weights_only` will be flipped to `True`. This limits the functions that could be executed during unpickling. Arbitrary objects will no longer be allowed to be loaded via this mode unless they are explicitly allowlisted by the user via `torch.serialization.add_safe_globals`. We recommend you start setting `weights_only=True` for any use case where you don't have full control of the loaded file. Please open an issue on GitHub for any issues related to this experimental feature.
  return torch.load(checkpoint_file, map_location=map_location)
2026-04-17 04:04:26,703 - INFO - Done with 9.69s
2026-04-17 04:04:26,816 - INFO - [quzo-config] quantized model parameters in-place at 16 bits before ZO training
2026-04-17 04:04:26,817 - INFO - [sparse-mezo-config] enabled=True | sparse_ratio=0.25 | sparse_mask_strategy=percentile_per_layer | sparse_scope=trainable_only | sparse_log_active_fraction=True
2026-04-17 04:04:26,817 - INFO - [sparse-mezo-config] ratio semantics: sparse_ratio targets the active fraction per trainable tensor; ratio=1.0 disables masking. Order: construct direction -> apply sparse mask -> apply QuZO snapping after masked perturb/update when low-bit QuZO is active.
2026-04-17 04:04:26,839 - INFO - Preparing training/evaluation datasets...
2026-04-17 04:04:26,839 - INFO - Done with 0.00s
2026-04-17 04:04:27,266 - INFO - ***** Running training *****
2026-04-17 04:04:27,266 - INFO -   Num examples = 7690
2026-04-17 04:04:27,266 - INFO -   Num Epochs = 5
2026-04-17 04:04:27,266 - INFO -   Instantaneous batch size per device = 16
2026-04-17 04:04:27,266 - INFO -   Total train batch size (w. parallel, distributed & accumulation) = 16
2026-04-17 04:04:27,266 - INFO -   Gradient Accumulation steps = 1
2026-04-17 04:04:27,266 - INFO -   Total optimization steps = 2405
2026-04-17 04:04:27,267 - INFO -   Number of trainable parameters = 1315758080

  0%|          | 0/2405 [00:00<?, ?it/s]2026-04-17 04:04:31,504 - INFO - [sparse-mezo] global_step=0 active_fraction=0.250133 active_params=329115135/1315758080 configured_ratio=0.250000 mask_strategy=percentile_per_layer scope=trainable_only

  0%|          | 1/2405 [00:04<3:05:05,  4.62s/it]2026-04-17 04:04:36,084 - INFO - [sparse-mezo] global_step=1 active_fraction=0.250130 active_params=329110142/1315758080 configured_ratio=0.250000 mask_strategy=percentile_per_layer scope=trainable_only

  0%|          | 2/2405 [00:08<2:59:10,  4.47s/it]2026-04-17 04:04:40,440 - INFO - [sparse-mezo] global_step=2 active_fraction=0.250139 active_params=329122778/1315758080 configured_ratio=0.250000 mask_strategy=percentile_per_layer scope=trainable_only

  0%|          | 3/2405 [00:13<2:57:08,  4.42s/it]2026-04-17 04:04:44,804 - INFO - [sparse-mezo] global_step=3 active_fraction=0.250207 active_params=329212345/1315758080 configured_ratio=0.250000 mask_strategy=percentile_per_layer scope=trainable_only

  0%|          | 4/2405 [00:17<2:55:51,  4.39s/it]2026-04-17 04:04:49,154 - INFO - [sparse-mezo] global_step=4 active_fraction=0.250232 active_params=329245261/1315758080 configured_ratio=0.250000 mask_strategy=percentile_per_layer scope=trainable_only

  0%|          | 5/2405 [00:22<2:55:13,  4.38s/it]2026-04-17 04:04:53,502 - INFO - [sparse-mezo] global_step=5 active_fraction=0.250205 active_params=329209524/1315758080 configured_ratio=0.250000 mask_strategy=percentile_per_layer scope=trainable_only

  0%|          | 6/2405 [00:26<2:54:49,  4.37s/it]2026-04-17 04:04:57,862 - INFO - [sparse-mezo] global_step=6 active_fraction=0.250202 active_params=329205155/1315758080 configured_ratio=0.250000 mask_strategy=percentile_per_layer scope=trainable_only

  0%|          | 7/2405 [00:30<2:54:28,  4.37s/it]2026-04-17 04:05:02,198 - INFO - [sparse-mezo] global_step=7 active_fraction=0.250223 active_params=329232862/1315758080 configured_ratio=0.250000 mask_strategy=percentile_per_layer scope=trainable_only

  0%|          | 8/2405 [00:35<2:54:00,  4.36s/it]2026-04-17 04:05:06,484 - INFO - [sparse-mezo] global_step=8 active_fraction=0.250293 active_params=329324850/1315758080 configured_ratio=0.250000 mask_strategy=percentile_per_layer scope=trainable_only

  0%|          | 9/2405 [00:39<2:53:04,  4.33s/it]2026-04-17 04:05:10,769 - INFO - [sparse-mezo] global_step=9 active_fraction=0.250291 active_params=329322822/1315758080 configured_ratio=0.250000 mask_strategy=percentile_per_layer scope=trainable_only

  0%|          | 10/2405 [00:43<2:52:31,  4.32s/it]2026-04-17 04:05:15,080 - INFO - [sparse-mezo] global_step=10 active_fraction=0.250269 active_params=329293098/1315758080 configured_ratio=0.250000 mask_strategy=percentile_per_layer scope=trainable_only

  0%|          | 11/2405 [00:47<2:52:11,  4.32s/it]2026-04-17 04:05:19,349 - INFO - [sparse-mezo] global_step=11 active_fraction=0.250323 active_params=329365126/1315758080 configured_ratio=0.250000 mask_strategy=percentile_per_layer scope=trainable_only

  0%|          | 12/2405 [00:52<2:51:47,  4.31s/it]2026-04-17 04:05:23,621 - INFO - [sparse-mezo] global_step=12 active_fraction=0.250457 active_params=329541378/1315758080 configured_ratio=0.250000 mask_strategy=percentile_per_layer scope=trainable_only

  1%|          | 13/2405 [00:56<2:51:03,  4.29s/it]2026-04-17 04:05:27,855 - INFO - [sparse-mezo] global_step=13 active_fraction=0.250461 active_params=329546299/1315758080 configured_ratio=0.250000 mask_strategy=percentile_per_layer scope=trainable_only

  1%|          | 14/2405 [01:00<2:50:18,  4.27s/it]2026-04-17 04:05:32,083 - INFO - [sparse-mezo] global_step=14 active_fraction=0.250443 active_params=329522404/1315758080 configured_ratio=0.250000 mask_strategy=percentile_per_layer scope=trainable_only

  1%|          | 15/2405 [01:05<2:49:48,  4.26s/it]2026-04-17 04:05:36,321 - INFO - [sparse-mezo] global_step=15 active_fraction=0.250413 active_params=329483318/1315758080 configured_ratio=0.250000 mask_strategy=percentile_per_layer scope=trainable_only

  1%|          | 16/2405 [01:09<2:49:33,  4.26s/it]2026-04-17 04:05:40,549 - INFO - [sparse-mezo] global_step=16 active_fraction=0.250646 active_params=329789143/1315758080 configured_ratio=0.250000 mask_strategy=percentile_per_layer scope=trainable_only

  1%|          | 17/2405 [01:13<2:48:53,  4.24s/it]2026-04-17 04:05:44,747 - INFO - [sparse-mezo] global_step=17 active_fraction=0.250624 active_params=329760032/1315758080 configured_ratio=0.250000 mask_strategy=percentile_per_layer scope=trainable_only

  1%|          | 18/2405 [01:17<2:48:30,  4.24s/it]2026-04-17 04:05:48,962 - INFO - [sparse-mezo] global_step=18 active_fraction=0.250589 active_params=329714576/1315758080 configured_ratio=0.250000 mask_strategy=percentile_per_layer scope=trainable_only

  1%|          | 19/2405 [01:21<2:48:04,  4.23s/it]2026-04-17 04:05:53,162 - INFO - [sparse-mezo] global_step=19 active_fraction=0.250600 active_params=329728970/1315758080 configured_ratio=0.250000 mask_strategy=percentile_per_layer scope=trainable_only

  1%|          | 20/2405 [01:26<2:47:41,  4.22s/it]2026-04-17 04:05:57,368 - INFO - [sparse-mezo] global_step=20 active_fraction=0.250604 active_params=329734701/1315758080 configured_ratio=0.250000 mask_strategy=percentile_per_layer scope=trainable_only

  1%|          | 21/2405 [01:30<2:47:16,  4.21s/it]2026-04-17 04:06:01,549 - INFO - [sparse-mezo] global_step=21 active_fraction=0.250523 active_params=329628009/1315758080 configured_ratio=0.250000 mask_strategy=percentile_per_layer scope=trainable_only

  1%|          | 22/2405 [01:34<2:47:02,  4.21s/it]2026-04-17 04:06:05,751 - INFO - [sparse-mezo] global_step=22 active_fraction=0.250678 active_params=329831847/1315758080 configured_ratio=0.250000 mask_strategy=percentile_per_layer scope=trainable_only

  1%|          | 23/2405 [01:38<2:46:55,  4.20s/it]2026-04-17 04:06:09,944 - INFO - [sparse-mezo] global_step=23 active_fraction=0.250684 active_params=329838971/1315758080 configured_ratio=0.250000 mask_strategy=percentile_per_layer scope=trainable_only

  1%|          | 24/2405 [01:42<2:46:43,  4.20s/it]2026-04-17 04:06:14,141 - INFO - [sparse-mezo] global_step=24 active_fraction=0.250690 active_params=329846779/1315758080 configured_ratio=0.250000 mask_strategy=percentile_per_layer scope=trainable_only

  1%|          | 25/2405 [01:47<2:46:29,  4.20s/it]2026-04-17 04:06:18,333 - INFO - [sparse-mezo] global_step=25 active_fraction=0.250555 active_params=329670385/1315758080 configured_ratio=0.250000 mask_strategy=percentile_per_layer scope=trainable_only

  1%|          | 26/2405 [01:51<2:46:21,  4.20s/it]2026-04-17 04:06:22,523 - INFO - [sparse-mezo] global_step=26 active_fraction=0.250541 active_params=329651245/1315758080 configured_ratio=0.250000 mask_strategy=percentile_per_layer scope=trainable_only

  1%|          | 27/2405 [01:55<2:46:19,  4.20s/it]2026-04-17 04:06:26,733 - INFO - [sparse-mezo] global_step=27 active_fraction=0.250568 active_params=329686278/1315758080 configured_ratio=0.250000 mask_strategy=percentile_per_layer scope=trainable_only

  1%|          | 28/2405 [01:59<2:46:17,  4.20s/it]2026-04-17 04:06:30,936 - INFO - [sparse-mezo] global_step=28 active_fraction=0.250580 active_params=329703171/1315758080 configured_ratio=0.250000 mask_strategy=percentile_per_layer scope=trainable_only

  1%|          | 29/2405 [02:03<2:46:17,  4.20s/it]2026-04-17 04:06:35,174 - INFO - [sparse-mezo] global_step=29 active_fraction=0.250466 active_params=329552375/1315758080 configured_ratio=0.250000 mask_strategy=percentile_per_layer scope=trainable_only

  1%|          | 30/2405 [02:08<2:46:46,  4.21s/it]2026-04-17 04:06:39,408 - INFO - [sparse-mezo] global_step=30 active_fraction=0.250466 active_params=329552970/1315758080 configured_ratio=0.250000 mask_strategy=percentile_per_layer scope=trainable_only

  1%|▏         | 31/2405 [02:12<2:46:47,  4.22s/it]2026-04-17 04:06:43,609 - INFO - [sparse-mezo] global_step=31 active_fraction=0.250560 active_params=329676820/1315758080 configured_ratio=0.250000 mask_strategy=percentile_per_layer scope=trainable_only

  1%|▏         | 32/2405 [02:16<2:46:37,  4.21s/it]2026-04-17 04:06:47,802 - INFO - [sparse-mezo] global_step=32 active_fraction=0.250756 active_params=329933873/1315758080 configured_ratio=0.250000 mask_strategy=percentile_per_layer scope=trainable_only

  1%|▏         | 33/2405 [02:20<2:46:18,  4.21s/it]2026-04-17 04:06:51,983 - INFO - [sparse-mezo] global_step=33 active_fraction=0.250726 active_params=329894725/1315758080 configured_ratio=0.250000 mask_strategy=percentile_per_layer scope=trainable_only

  1%|▏         | 34/2405 [02:24<2:46:02,  4.20s/it]2026-04-17 04:06:56,166 - INFO - [sparse-mezo] global_step=34 active_fraction=0.250743 active_params=329916830/1315758080 configured_ratio=0.250000 mask_strategy=percentile_per_layer scope=trainable_only

  1%|▏         | 35/2405 [02:29<2:45:38,  4.19s/it]2026-04-17 04:07:00,338 - INFO - [sparse-mezo] global_step=35 active_fraction=0.250860 active_params=330070840/1315758080 configured_ratio=0.250000 mask_strategy=percentile_per_layer scope=trainable_only

  1%|▏         | 36/2405 [02:33<2:45:32,  4.19s/it]2026-04-17 04:07:04,519 - INFO - [sparse-mezo] global_step=36 active_fraction=0.250872 active_params=330086521/1315758080 configured_ratio=0.250000 mask_strategy=percentile_per_layer scope=trainable_only

  2%|▏         | 37/2405 [02:37<2:45:02,  4.18s/it]2026-04-17 04:07:08,675 - INFO - [sparse-mezo] global_step=37 active_fraction=0.250893 active_params=330114821/1315758080 configured_ratio=0.250000 mask_strategy=percentile_per_layer scope=trainable_only

  2%|▏         | 38/2405 [02:41<2:44:43,  4.18s/it]2026-04-17 04:07:12,839 - INFO - [sparse-mezo] global_step=38 active_fraction=0.250874 active_params=330089868/1315758080 configured_ratio=0.250000 mask_strategy=percentile_per_layer scope=trainable_only

  2%|▏         | 39/2405 [02:45<2:44:31,  4.17s/it]2026-04-17 04:07:17,007 - INFO - [sparse-mezo] global_step=39 active_fraction=0.250887 active_params=330106955/1315758080 configured_ratio=0.250000 mask_strategy=percentile_per_layer scope=trainable_only

  2%|▏         | 40/2405 [02:49<2:44:24,  4.17s/it]2026-04-17 04:07:21,173 - INFO - [sparse-mezo] global_step=40 active_fraction=0.250916 active_params=330144245/1315758080 configured_ratio=0.250000 mask_strategy=percentile_per_layer scope=trainable_only

  2%|▏         | 41/2405 [02:54<2:44:29,  4.17s/it]2026-04-17 04:07:25,362 - INFO - [sparse-mezo] global_step=41 active_fraction=0.250898 active_params=330121149/1315758080 configured_ratio=0.250000 mask_strategy=percentile_per_layer scope=trainable_only

  2%|▏         | 42/2405 [02:58<2:44:29,  4.18s/it]2026-04-17 04:07:29,544 - INFO - [sparse-mezo] global_step=42 active_fraction=0.250876 active_params=330092448/1315758080 configured_ratio=0.250000 mask_strategy=percentile_per_layer scope=trainable_only

  2%|▏         | 43/2405 [03:02<2:44:28,  4.18s/it]2026-04-17 04:07:33,708 - INFO - [sparse-mezo] global_step=43 active_fraction=0.251025 active_params=330287790/1315758080 configured_ratio=0.250000 mask_strategy=percentile_per_layer scope=trainable_only

  2%|▏         | 44/2405 [03:06<2:44:20,  4.18s/it]2026-04-17 04:07:37,875 - INFO - [sparse-mezo] global_step=44 active_fraction=0.251028 active_params=330292003/1315758080 configured_ratio=0.250000 mask_strategy=percentile_per_layer scope=trainable_only

  2%|▏         | 45/2405 [03:10<2:44:02,  4.17s/it]2026-04-17 04:07:42,142 - INFO - [sparse-mezo] global_step=45 active_fraction=0.251056 active_params=330328522/1315758080 configured_ratio=0.250000 mask_strategy=percentile_per_layer scope=trainable_only

  2%|▏         | 46/2405 [03:15<2:45:07,  4.20s/it]2026-04-17 04:07:46,297 - INFO - [sparse-mezo] global_step=46 active_fraction=0.251122 active_params=330415499/1315758080 configured_ratio=0.250000 mask_strategy=percentile_per_layer scope=trainable_only

  2%|▏         | 47/2405 [03:19<2:44:24,  4.18s/it]2026-04-17 04:07:50,430 - INFO - [sparse-mezo] global_step=47 active_fraction=0.251208 active_params=330529597/1315758080 configured_ratio=0.250000 mask_strategy=percentile_per_layer scope=trainable_only

  2%|▏         | 48/2405 [03:23<2:43:51,  4.17s/it]2026-04-17 04:07:54,571 - INFO - [sparse-mezo] global_step=48 active_fraction=0.251093 active_params=330378269/1315758080 configured_ratio=0.250000 mask_strategy=percentile_per_layer scope=trainable_only

  2%|▏         | 49/2405 [03:27<2:43:15,  4.16s/it]2026-04-17 04:07:58,697 - INFO - [sparse-mezo] global_step=49 active_fraction=0.251155 active_params=330458690/1315758080 configured_ratio=0.250000 mask_strategy=percentile_per_layer scope=trainable_only

  2%|▏         | 50/2405 [03:31<2:42:58,  4.15s/it]2026-04-17 04:08:02,833 - INFO - [sparse-mezo] global_step=50 active_fraction=0.251101 active_params=330388826/1315758080 configured_ratio=0.250000 mask_strategy=percentile_per_layer scope=trainable_only

  2%|▏         | 51/2405 [03:35<2:42:37,  4.14s/it]2026-04-17 04:08:06,964 - INFO - [sparse-mezo] global_step=51 active_fraction=0.251111 active_params=330401064/1315758080 configured_ratio=0.250000 mask_strategy=percentile_per_layer scope=trainable_only

  2%|▏         | 52/2405 [03:39<2:42:22,  4.14s/it]2026-04-17 04:08:11,092 - INFO - [sparse-mezo] global_step=52 active_fraction=0.251041 active_params=330308843/1315758080 configured_ratio=0.250000 mask_strategy=percentile_per_layer scope=trainable_only

  2%|▏         | 53/2405 [03:43<2:42:06,  4.14s/it]2026-04-17 04:08:15,216 - INFO - [sparse-mezo] global_step=53 active_fraction=0.251079 active_params=330359201/1315758080 configured_ratio=0.250000 mask_strategy=percentile_per_layer scope=trainable_only

  2%|▏         | 54/2405 [03:48<2:42:04,  4.14s/it]2026-04-17 04:08:19,347 - INFO - [sparse-mezo] global_step=54 active_fraction=0.251342 active_params=330705345/1315758080 configured_ratio=0.250000 mask_strategy=percentile_per_layer scope=trainable_only

  2%|▏         | 55/2405 [03:52<2:41:50,  4.13s/it]2026-04-17 04:08:23,472 - INFO - [sparse-mezo] global_step=55 active_fraction=0.251388 active_params=330765478/1315758080 configured_ratio=0.250000 mask_strategy=percentile_per_layer scope=trainable_only

  2%|▏         | 56/2405 [03:56<2:41:37,  4.13s/it]2026-04-17 04:08:27,595 - INFO - [sparse-mezo] global_step=56 active_fraction=0.251149 active_params=330451036/1315758080 configured_ratio=0.250000 mask_strategy=percentile_per_layer scope=trainable_only

  2%|▏         | 57/2405 [04:00<2:41:39,  4.13s/it]2026-04-17 04:08:31,724 - INFO - [sparse-mezo] global_step=57 active_fraction=0.251170 active_params=330478538/1315758080 configured_ratio=0.250000 mask_strategy=percentile_per_layer scope=trainable_only

  2%|▏         | 58/2405 [04:04<2:41:34,  4.13s/it]2026-04-17 04:08:35,862 - INFO - [sparse-mezo] global_step=58 active_fraction=0.251051 active_params=330321865/1315758080 configured_ratio=0.250000 mask_strategy=percentile_per_layer scope=trainable_only

  2%|▏         | 59/2405 [04:08<2:41:28,  4.13s/it]2026-04-17 04:08:39,989 - INFO - [sparse-mezo] global_step=59 active_fraction=0.251021 active_params=330283557/1315758080 configured_ratio=0.250000 mask_strategy=percentile_per_layer scope=trainable_only

  2%|▏         | 60/2405 [04:12<2:41:35,  4.13s/it]2026-04-17 04:08:44,126 - INFO - [sparse-mezo] global_step=60 active_fraction=0.251289 active_params=330635284/1315758080 configured_ratio=0.250000 mask_strategy=percentile_per_layer scope=trainable_only

  3%|▎         | 61/2405 [04:17<2:41:26,  4.13s/it]2026-04-17 04:08:48,260 - INFO - [sparse-mezo] global_step=61 active_fraction=0.251348 active_params=330713358/1315758080 configured_ratio=0.250000 mask_strategy=percentile_per_layer scope=trainable_only

  3%|▎         | 62/2405 [04:21<2:41:23,  4.13s/it]2026-04-17 04:08:52,396 - INFO - [sparse-mezo] global_step=62 active_fraction=0.251366 active_params=330736197/1315758080 configured_ratio=0.250000 mask_strategy=percentile_per_layer scope=trainable_only

  3%|▎         | 63/2405 [04:25<2:41:27,  4.14s/it]2026-04-17 04:08:56,531 - INFO - [sparse-mezo] global_step=63 active_fraction=0.251033 active_params=330298400/1315758080 configured_ratio=0.250000 mask_strategy=percentile_per_layer scope=trainable_only

  3%|▎         | 64/2405 [04:29<2:41:16,  4.13s/it]2026-04-17 04:09:00,651 - INFO - [sparse-mezo] global_step=64 active_fraction=0.251081 active_params=330361289/1315758080 configured_ratio=0.250000 mask_strategy=percentile_per_layer scope=trainable_only

  3%|▎         | 65/2405 [04:33<2:40:56,  4.13s/it]2026-04-17 04:09:04,757 - INFO - [sparse-mezo] global_step=65 active_fraction=0.251609 active_params=331056023/1315758080 configured_ratio=0.250000 mask_strategy=percentile_per_layer scope=trainable_only

  3%|▎         | 66/2405 [04:37<2:40:37,  4.12s/it]2026-04-17 04:09:08,866 - INFO - [sparse-mezo] global_step=66 active_fraction=0.251621 active_params=331072294/1315758080 configured_ratio=0.250000 mask_strategy=percentile_per_layer scope=trainable_only

  3%|▎         | 67/2405 [04:41<2:40:31,  4.12s/it]2026-04-17 04:09:12,986 - INFO - [sparse-mezo] global_step=67 active_fraction=0.251567 active_params=331000766/1315758080 configured_ratio=0.250000 mask_strategy=percentile_per_layer scope=trainable_only

  3%|▎         | 68/2405 [04:45<2:40:28,  4.12s/it]2026-04-17 04:09:17,108 - INFO - [sparse-mezo] global_step=68 active_fraction=0.251636 active_params=331092419/1315758080 configured_ratio=0.250000 mask_strategy=percentile_per_layer scope=trainable_only

  3%|▎         | 69/2405 [04:50<2:40:25,  4.12s/it]2026-04-17 04:09:21,230 - INFO - [sparse-mezo] global_step=69 active_fraction=0.251517 active_params=330935575/1315758080 configured_ratio=0.250000 mask_strategy=percentile_per_layer scope=trainable_only

  3%|▎         | 70/2405 [04:54<2:40:16,  4.12s/it]2026-04-17 04:09:25,340 - INFO - [sparse-mezo] global_step=70 active_fraction=0.251814 active_params=331326282/1315758080 configured_ratio=0.250000 mask_strategy=percentile_per_layer scope=trainable_only

  3%|▎         | 71/2405 [04:58<2:40:19,  4.12s/it]2026-04-17 04:09:29,467 - INFO - [sparse-mezo] global_step=71 active_fraction=0.251808 active_params=331318313/1315758080 configured_ratio=0.250000 mask_strategy=percentile_per_layer scope=trainable_only

  3%|▎         | 72/2405 [05:02<2:40:05,  4.12s/it]2026-04-17 04:09:33,569 - INFO - [sparse-mezo] global_step=72 active_fraction=0.251536 active_params=330960437/1315758080 configured_ratio=0.250000 mask_strategy=percentile_per_layer scope=trainable_only

  3%|▎         | 73/2405 [05:06<2:39:57,  4.12s/it]2026-04-17 04:09:37,682 - INFO - [sparse-mezo] global_step=73 active_fraction=0.251542 active_params=330967762/1315758080 configured_ratio=0.250000 mask_strategy=percentile_per_layer scope=trainable_only

  3%|▎         | 74/2405 [05:10<2:39:51,  4.11s/it]2026-04-17 04:09:41,798 - INFO - [sparse-mezo] global_step=74 active_fraction=0.251737 active_params=331225486/1315758080 configured_ratio=0.250000 mask_strategy=percentile_per_layer scope=trainable_only

  3%|▎         | 75/2405 [05:14<2:39:48,  4.12s/it]2026-04-17 04:09:45,911 - INFO - [sparse-mezo] global_step=75 active_fraction=0.251820 active_params=331333817/1315758080 configured_ratio=0.250000 mask_strategy=percentile_per_layer scope=trainable_only

  3%|▎         | 76/2405 [05:18<2:39:36,  4.11s/it]2026-04-17 04:09:50,017 - INFO - [sparse-mezo] global_step=76 active_fraction=0.251784 active_params=331286236/1315758080 configured_ratio=0.250000 mask_strategy=percentile_per_layer scope=trainable_only

  3%|▎         | 77/2405 [05:22<2:39:34,  4.11s/it]2026-04-17 04:09:54,130 - INFO - [sparse-mezo] global_step=77 active_fraction=0.251638 active_params=331095368/1315758080 configured_ratio=0.250000 mask_strategy=percentile_per_layer scope=trainable_only

  3%|▎         | 78/2405 [05:27<2:39:30,  4.11s/it]2026-04-17 04:09:58,241 - INFO - [sparse-mezo] global_step=78 active_fraction=0.251660 active_params=331123788/1315758080 configured_ratio=0.250000 mask_strategy=percentile_per_layer scope=trainable_only

  3%|▎         | 79/2405 [05:31<2:39:19,  4.11s/it]2026-04-17 04:10:02,344 - INFO - [sparse-mezo] global_step=79 active_fraction=0.251613 active_params=331061266/1315758080 configured_ratio=0.250000 mask_strategy=percentile_per_layer scope=trainable_only

  3%|▎         | 80/2405 [05:35<2:39:06,  4.11s/it]2026-04-17 04:10:06,436 - INFO - [sparse-mezo] global_step=80 active_fraction=0.251340 active_params=330702034/1315758080 configured_ratio=0.250000 mask_strategy=percentile_per_layer scope=trainable_only

  3%|▎         | 81/2405 [05:39<2:39:02,  4.11s/it]2026-04-17 04:10:10,543 - INFO - [sparse-mezo] global_step=81 active_fraction=0.251538 active_params=330963080/1315758080 configured_ratio=0.250000 mask_strategy=percentile_per_layer scope=trainable_only

  3%|▎         | 82/2405 [05:43<2:39:06,  4.11s/it]2026-04-17 04:10:14,663 - INFO - [sparse-mezo] global_step=82 active_fraction=0.251226 active_params=330553054/1315758080 configured_ratio=0.250000 mask_strategy=percentile_per_layer scope=trainable_only

  3%|▎         | 83/2405 [05:47<2:38:55,  4.11s/it]2026-04-17 04:10:18,761 - INFO - [sparse-mezo] global_step=83 active_fraction=0.251224 active_params=330550661/1315758080 configured_ratio=0.250000 mask_strategy=percentile_per_layer scope=trainable_only

  3%|▎         | 84/2405 [05:51<2:38:45,  4.10s/it]2026-04-17 04:10:22,853 - INFO - [sparse-mezo] global_step=84 active_fraction=0.251680 active_params=331150279/1315758080 configured_ratio=0.250000 mask_strategy=percentile_per_layer scope=trainable_only

  4%|▎         | 85/2405 [05:55<2:38:39,  4.10s/it]2026-04-17 04:10:26,966 - INFO - [sparse-mezo] global_step=85 active_fraction=0.251914 active_params=331457283/1315758080 configured_ratio=0.250000 mask_strategy=percentile_per_layer scope=trainable_only

  4%|▎         | 86/2405 [05:59<2:38:41,  4.11s/it]2026-04-17 04:10:31,075 - INFO - [sparse-mezo] global_step=86 active_fraction=0.250999 active_params=330254280/1315758080 configured_ratio=0.250000 mask_strategy=percentile_per_layer scope=trainable_only

  4%|▎         | 87/2405 [06:04<2:38:46,  4.11s/it]2026-04-17 04:10:35,193 - INFO - [sparse-mezo] global_step=87 active_fraction=0.250999 active_params=330253637/1315758080 configured_ratio=0.250000 mask_strategy=percentile_per_layer scope=trainable_only

  4%|▎         | 88/2405 [06:08<2:38:35,  4.11s/it]2026-04-17 04:10:39,294 - INFO - [sparse-mezo] global_step=88 active_fraction=0.251064 active_params=330339591/1315758080 configured_ratio=0.250000 mask_strategy=percentile_per_layer scope=trainable_only

  4%|▎         | 89/2405 [06:12<2:38:27,  4.11s/it]2026-04-17 04:10:43,396 - INFO - [sparse-mezo] global_step=89 active_fraction=0.251055 active_params=330327032/1315758080 configured_ratio=0.250000 mask_strategy=percentile_per_layer scope=trainable_only

  4%|▎         | 90/2405 [06:16<2:38:33,  4.11s/it]2026-04-17 04:10:47,516 - INFO - [sparse-mezo] global_step=90 active_fraction=0.251611 active_params=331058860/1315758080 configured_ratio=0.250000 mask_strategy=percentile_per_layer scope=trainable_only

  4%|▍         | 91/2405 [06:20<2:38:24,  4.11s/it]2026-04-17 04:10:51,613 - INFO - [sparse-mezo] global_step=91 active_fraction=0.251920 active_params=331465588/1315758080 configured_ratio=0.250000 mask_strategy=percentile_per_layer scope=trainable_only

  4%|▍         | 92/2405 [06:24<2:38:12,  4.10s/it]2026-04-17 04:10:55,712 - INFO - [sparse-mezo] global_step=92 active_fraction=0.251940 active_params=331491843/1315758080 configured_ratio=0.250000 mask_strategy=percentile_per_layer scope=trainable_only

  4%|▍         | 93/2405 [06:28<2:38:18,  4.11s/it]2026-04-17 04:10:59,832 - INFO - [sparse-mezo] global_step=93 active_fraction=0.251938 active_params=331489426/1315758080 configured_ratio=0.250000 mask_strategy=percentile_per_layer scope=trainable_only

  4%|▍         | 94/2405 [06:32<2:38:15,  4.11s/it]2026-04-17 04:11:03,938 - INFO - [sparse-mezo] global_step=94 active_fraction=0.251780 active_params=331281934/1315758080 configured_ratio=0.250000 mask_strategy=percentile_per_layer scope=trainable_only

  4%|▍         | 95/2405 [06:36<2:38:03,  4.11s/it]2026-04-17 04:11:08,031 - INFO - [sparse-mezo] global_step=95 active_fraction=0.251987 active_params=331554143/1315758080 configured_ratio=0.250000 mask_strategy=percentile_per_layer scope=trainable_only

  4%|▍         | 96/2405 [06:40<2:37:50,  4.10s/it]2026-04-17 04:11:12,124 - INFO - [sparse-mezo] global_step=96 active_fraction=0.252051 active_params=331637916/1315758080 configured_ratio=0.250000 mask_strategy=percentile_per_layer scope=trainable_only

  4%|▍         | 97/2405 [06:45<2:37:40,  4.10s/it]2026-04-17 04:11:16,221 - INFO - [sparse-mezo] global_step=97 active_fraction=0.251514 active_params=330931603/1315758080 configured_ratio=0.250000 mask_strategy=percentile_per_layer scope=trainable_only

  4%|▍         | 98/2405 [06:49<2:37:31,  4.10s/it]2026-04-17 04:11:20,307 - INFO - [sparse-mezo] global_step=98 active_fraction=0.252023 active_params=331601415/1315758080 configured_ratio=0.250000 mask_strategy=percentile_per_layer scope=trainable_only

  4%|▍         | 99/2405 [06:53<2:37:30,  4.10s/it]2026-04-17 04:11:24,409 - INFO - [sparse-mezo] global_step=99 active_fraction=0.252003 active_params=331575363/1315758080 configured_ratio=0.250000 mask_strategy=percentile_per_layer scope=trainable_only

  4%|▍         | 100/2405 [06:57<2:37:35,  4.10s/it]2026-04-17 04:11:28,520 - INFO - [sparse-mezo] global_step=100 active_fraction=0.251371 active_params=330743693/1315758080 configured_ratio=0.250000 mask_strategy=percentile_per_layer scope=trainable_only
2026-04-17 04:11:32,415 - INFO - [zo_probe] step=100 eps=1.000e-06 precision=fp16 n=16 mae=5.110186e+02 mse=5.824635e+05 rmse=7.631930e+02 sign_acc=0.1875 corr=0.152165

  4%|▍         | 101/2405 [07:05<3:22:12,  5.27s/it]2026-04-17 04:11:36,501 - INFO - [sparse-mezo] global_step=101 active_fraction=0.251509 active_params=330925224/1315758080 configured_ratio=0.250000 mask_strategy=percentile_per_layer scope=trainable_only

  4%|▍         | 102/2405 [07:09<3:08:31,  4.91s/it]2026-04-17 04:11:40,586 - INFO - [sparse-mezo] global_step=102 active_fraction=0.251512 active_params=330928345/1315758080 configured_ratio=0.250000 mask_strategy=percentile_per_layer scope=trainable_only

  4%|▍         | 103/2405 [07:13<2:59:06,  4.67s/it]2026-04-17 04:11:44,688 - INFO - [sparse-mezo] global_step=103 active_fraction=0.251522 active_params=330942483/1315758080 configured_ratio=0.250000 mask_strategy=percentile_per_layer scope=trainable_only

  4%|▍         | 104/2405 [07:17<2:52:30,  4.50s/it]2026-04-17 04:11:48,793 - INFO - [sparse-mezo] global_step=104 active_fraction=0.251526 active_params=330947699/1315758080 configured_ratio=0.250000 mask_strategy=percentile_per_layer scope=trainable_only

  4%|▍         | 105/2405 [07:21<2:47:55,  4.38s/it]2026-04-17 04:11:52,899 - INFO - [sparse-mezo] global_step=105 active_fraction=0.251493 active_params=330903519/1315758080 configured_ratio=0.250000 mask_strategy=percentile_per_layer scope=trainable_only

  4%|▍         | 106/2405 [07:25<2:44:41,  4.30s/it]2026-04-17 04:11:57,005 - INFO - [sparse-mezo] global_step=106 active_fraction=0.251493 active_params=330904475/1315758080 configured_ratio=0.250000 mask_strategy=percentile_per_layer scope=trainable_only

  4%|▍         | 107/2405 [07:29<2:42:18,  4.24s/it]2026-04-17 04:12:01,092 - INFO - [sparse-mezo] global_step=107 active_fraction=0.251020 active_params=330282157/1315758080 configured_ratio=0.250000 mask_strategy=percentile_per_layer scope=trainable_only

  4%|▍         | 108/2405 [07:34<2:40:36,  4.20s/it]2026-04-17 04:12:05,190 - INFO - [sparse-mezo] global_step=108 active_fraction=0.250999 active_params=330253427/1315758080 configured_ratio=0.250000 mask_strategy=percentile_per_layer scope=trainable_only

  5%|▍         | 109/2405 [07:38<2:39:25,  4.17s/it]2026-04-17 04:12:09,289 - INFO - [sparse-mezo] global_step=109 active_fraction=0.251176 active_params=330486695/1315758080 configured_ratio=0.250000 mask_strategy=percentile_per_layer scope=trainable_only

  5%|▍         | 110/2405 [07:42<2:38:28,  4.14s/it]2026-04-17 04:12:13,378 - INFO - [sparse-mezo] global_step=110 active_fraction=0.251177 active_params=330488616/1315758080 configured_ratio=0.250000 mask_strategy=percentile_per_layer scope=trainable_only

  5%|▍         | 111/2405 [07:46<2:37:53,  4.13s/it]2026-04-17 04:12:17,478 - INFO - [sparse-mezo] global_step=111 active_fraction=0.251234 active_params=330563016/1315758080 configured_ratio=0.250000 mask_strategy=percentile_per_layer scope=trainable_only

  5%|▍         | 112/2405 [07:50<2:37:22,  4.12s/it]2026-04-17 04:12:21,566 - INFO - [sparse-mezo] global_step=112 active_fraction=0.252313 active_params=331982330/1315758080 configured_ratio=0.250000 mask_strategy=percentile_per_layer scope=trainable_only

  5%|▍         | 113/2405 [07:54<2:37:10,  4.11s/it]2026-04-17 04:12:25,670 - INFO - [sparse-mezo] global_step=113 active_fraction=0.252229 active_params=331871697/1315758080 configured_ratio=0.250000 mask_strategy=percentile_per_layer scope=trainable_only

  5%|▍         | 114/2405 [07:58<2:36:46,  4.11s/it]2026-04-17 04:12:29,753 - INFO - [sparse-mezo] global_step=114 active_fraction=0.251635 active_params=331091215/1315758080 configured_ratio=0.250000 mask_strategy=percentile_per_layer scope=trainable_only

  5%|▍         | 115/2405 [08:02<2:36:33,  4.10s/it]2026-04-17 04:12:33,844 - INFO - [sparse-mezo] global_step=115 active_fraction=0.252038 active_params=331621522/1315758080 configured_ratio=0.250000 mask_strategy=percentile_per_layer scope=trainable_only

  5%|▍         | 116/2405 [08:06<2:36:15,  4.10s/it]2026-04-17 04:12:37,927 - INFO - [sparse-mezo] global_step=116 active_fraction=0.252108 active_params=331713631/1315758080 configured_ratio=0.250000 mask_strategy=percentile_per_layer scope=trainable_only

  5%|▍         | 117/2405 [08:10<2:36:08,  4.09s/it]2026-04-17 04:12:42,021 - INFO - [sparse-mezo] global_step=117 active_fraction=0.252146 active_params=331763630/1315758080 configured_ratio=0.250000 mask_strategy=percentile_per_layer scope=trainable_only

  5%|▍         | 118/2405 [08:14<2:36:03,  4.09s/it]2026-04-17 04:12:46,107 - INFO - [sparse-mezo] global_step=118 active_fraction=0.251067 active_params=330344030/1315758080 configured_ratio=0.250000 mask_strategy=percentile_per_layer scope=trainable_only

  5%|▍         | 119/2405 [08:19<2:36:10,  4.10s/it]2026-04-17 04:12:50,220 - INFO - [sparse-mezo] global_step=119 active_fraction=0.251057 active_params=330329875/1315758080 configured_ratio=0.250000 mask_strategy=percentile_per_layer scope=trainable_only

  5%|▍         | 120/2405 [08:23<2:35:59,  4.10s/it]2026-04-17 04:12:54,308 - INFO - [sparse-mezo] global_step=120 active_fraction=0.251153 active_params=330456376/1315758080 configured_ratio=0.250000 mask_strategy=percentile_per_layer scope=trainable_only

  5%|▌         | 121/2405 [08:27<2:35:42,  4.09s/it]2026-04-17 04:12:58,390 - INFO - [sparse-mezo] global_step=121 active_fraction=0.251148 active_params=330450520/1315758080 configured_ratio=0.250000 mask_strategy=percentile_per_layer scope=trainable_only

  5%|▌         | 122/2405 [08:31<2:35:40,  4.09s/it]2026-04-17 04:13:02,479 - INFO - [sparse-mezo] global_step=122 active_fraction=0.252225 active_params=331867028/1315758080 configured_ratio=0.250000 mask_strategy=percentile_per_layer scope=trainable_only

  5%|▌         | 123/2405 [08:35<2:35:34,  4.09s/it]2026-04-17 04:13:06,568 - INFO - [sparse-mezo] global_step=123 active_fraction=0.252411 active_params=332112119/1315758080 configured_ratio=0.250000 mask_strategy=percentile_per_layer scope=trainable_only

  5%|▌         | 124/2405 [08:39<2:35:29,  4.09s/it]2026-04-17 04:13:10,657 - INFO - [sparse-mezo] global_step=124 active_fraction=0.252489 active_params=332213956/1315758080 configured_ratio=0.250000 mask_strategy=percentile_per_layer scope=trainable_only

  5%|▌         | 125/2405 [08:43<2:35:18,  4.09s/it]2026-04-17 04:13:14,737 - INFO - [sparse-mezo] global_step=125 active_fraction=0.252474 active_params=332194661/1315758080 configured_ratio=0.250000 mask_strategy=percentile_per_layer scope=trainable_only

  5%|▌         | 126/2405 [08:47<2:35:09,  4.08s/it]2026-04-17 04:13:18,812 - INFO - [sparse-mezo] global_step=126 active_fraction=0.252717 active_params=332513948/1315758080 configured_ratio=0.250000 mask_strategy=percentile_per_layer scope=trainable_only

  5%|▌         | 127/2405 [08:51<2:34:54,  4.08s/it]2026-04-17 04:13:22,883 - INFO - [sparse-mezo] global_step=127 active_fraction=0.252737 active_params=332540601/1315758080 configured_ratio=0.250000 mask_strategy=percentile_per_layer scope=trainable_only

  5%|▌         | 128/2405 [08:55<2:34:44,  4.08s/it]2026-04-17 04:13:26,950 - INFO - [sparse-mezo] global_step=128 active_fraction=0.252943 active_params=332811143/1315758080 configured_ratio=0.250000 mask_strategy=percentile_per_layer scope=trainable_only

  5%|▌         | 129/2405 [08:59<2:34:36,  4.08s/it]2026-04-17 04:13:31,020 - INFO - [sparse-mezo] global_step=129 active_fraction=0.252680 active_params=332466211/1315758080 configured_ratio=0.250000 mask_strategy=percentile_per_layer scope=trainable_only

  5%|▌         | 130/2405 [09:03<2:34:24,  4.07s/it]2026-04-17 04:13:35,092 - INFO - [sparse-mezo] global_step=130 active_fraction=0.252338 active_params=332015393/1315758080 configured_ratio=0.250000 mask_strategy=percentile_per_layer scope=trainable_only

  5%|▌         | 131/2405 [09:07<2:34:24,  4.07s/it]2026-04-17 04:13:39,168 - INFO - [sparse-mezo] global_step=131 active_fraction=0.252443 active_params=332154570/1315758080 configured_ratio=0.250000 mask_strategy=percentile_per_layer scope=trainable_only

  5%|▌         | 132/2405 [09:12<2:34:21,  4.07s/it]2026-04-17 04:13:43,245 - INFO - [sparse-mezo] global_step=132 active_fraction=0.251710 active_params=331188831/1315758080 configured_ratio=0.250000 mask_strategy=percentile_per_layer scope=trainable_only

  6%|▌         | 133/2405 [09:16<2:34:19,  4.08s/it]2026-04-17 04:13:47,315 - INFO - [sparse-mezo] global_step=133 active_fraction=0.251676 active_params=331144507/1315758080 configured_ratio=0.250000 mask_strategy=percentile_per_layer scope=trainable_only

  6%|▌         | 134/2405 [09:20<2:34:17,  4.08s/it]2026-04-17 04:13:51,398 - INFO - [sparse-mezo] global_step=134 active_fraction=0.251645 active_params=331104451/1315758080 configured_ratio=0.250000 mask_strategy=percentile_per_layer scope=trainable_only

  6%|▌         | 135/2405 [09:24<2:34:18,  4.08s/it]2026-04-17 04:13:55,478 - INFO - [sparse-mezo] global_step=135 active_fraction=0.251851 active_params=331375253/1315758080 configured_ratio=0.250000 mask_strategy=percentile_per_layer scope=trainable_only

  6%|▌         | 136/2405 [09:28<2:34:08,  4.08s/it]2026-04-17 04:13:59,549 - INFO - [sparse-mezo] global_step=136 active_fraction=0.253096 active_params=333013420/1315758080 configured_ratio=0.250000 mask_strategy=percentile_per_layer scope=trainable_only

  6%|▌         | 137/2405 [09:32<2:34:00,  4.07s/it]2026-04-17 04:14:03,615 - INFO - [sparse-mezo] global_step=137 active_fraction=0.251812 active_params=331323246/1315758080 configured_ratio=0.250000 mask_strategy=percentile_per_layer scope=trainable_only

  6%|▌         | 138/2405 [09:36<2:33:58,  4.08s/it]2026-04-17 04:14:07,698 - INFO - [sparse-mezo] global_step=138 active_fraction=0.251793 active_params=331298866/1315758080 configured_ratio=0.250000 mask_strategy=percentile_per_layer scope=trainable_only

  6%|▌         | 139/2405 [09:40<2:34:05,  4.08s/it]2026-04-17 04:14:11,787 - INFO - [sparse-mezo] global_step=139 active_fraction=0.253167 active_params=333107043/1315758080 configured_ratio=0.250000 mask_strategy=percentile_per_layer scope=trainable_only

  6%|▌         | 140/2405 [09:44<2:34:01,  4.08s/it]2026-04-17 04:14:15,866 - INFO - [sparse-mezo] global_step=140 active_fraction=0.252414 active_params=332115623/1315758080 configured_ratio=0.250000 mask_strategy=percentile_per_layer scope=trainable_only

  6%|▌         | 141/2405 [09:48<2:33:56,  4.08s/it]2026-04-17 04:14:19,949 - INFO - [sparse-mezo] global_step=141 active_fraction=0.252255 active_params=331907047/1315758080 configured_ratio=0.250000 mask_strategy=percentile_per_layer scope=trainable_only

  6%|▌         | 142/2405 [09:52<2:33:54,  4.08s/it]2026-04-17 04:14:24,031 - INFO - [sparse-mezo] global_step=142 active_fraction=0.252317 active_params=331988372/1315758080 configured_ratio=0.250000 mask_strategy=percentile_per_layer scope=trainable_only

  6%|▌         | 143/2405 [09:56<2:33:51,  4.08s/it]2026-04-17 04:14:28,111 - INFO - [sparse-mezo] global_step=143 active_fraction=0.251844 active_params=331366132/1315758080 configured_ratio=0.250000 mask_strategy=percentile_per_layer scope=trainable_only

  6%|▌         | 144/2405 [10:01<2:33:52,  4.08s/it]2026-04-17 04:14:32,199 - INFO - [sparse-mezo] global_step=144 active_fraction=0.253150 active_params=333083838/1315758080 configured_ratio=0.250000 mask_strategy=percentile_per_layer scope=trainable_only

  6%|▌         | 145/2405 [10:05<2:33:45,  4.08s/it]2026-04-17 04:14:36,278 - INFO - [sparse-mezo] global_step=145 active_fraction=0.253120 active_params=333045303/1315758080 configured_ratio=0.250000 mask_strategy=percentile_per_layer scope=trainable_only

  6%|▌         | 146/2405 [10:09<2:33:45,  4.08s/it]2026-04-17 04:14:40,365 - INFO - [sparse-mezo] global_step=146 active_fraction=0.252320 active_params=331992159/1315758080 configured_ratio=0.250000 mask_strategy=percentile_per_layer scope=trainable_only

  6%|▌         | 147/2405 [10:13<2:33:30,  4.08s/it]2026-04-17 04:14:44,430 - INFO - [sparse-mezo] global_step=147 active_fraction=0.252134 active_params=331747988/1315758080 configured_ratio=0.250000 mask_strategy=percentile_per_layer scope=trainable_only

  6%|▌         | 148/2405 [10:17<2:33:23,  4.08s/it]2026-04-17 04:14:48,505 - INFO - [sparse-mezo] global_step=148 active_fraction=0.252058 active_params=331647789/1315758080 configured_ratio=0.250000 mask_strategy=percentile_per_layer scope=trainable_only

  6%|▌         | 149/2405 [10:21<2:33:10,  4.07s/it]2026-04-17 04:14:52,566 - INFO - [sparse-mezo] global_step=149 active_fraction=0.252378 active_params=332067825/1315758080 configured_ratio=0.250000 mask_strategy=percentile_per_layer scope=trainable_only

  6%|▌         | 150/2405 [10:25<2:33:11,  4.08s/it]2026-04-17 04:14:56,651 - INFO - [sparse-mezo] global_step=150 active_fraction=0.252407 active_params=332106191/1315758080 configured_ratio=0.250000 mask_strategy=percentile_per_layer scope=trainable_only

  6%|▋         | 151/2405 [10:29<2:33:00,  4.07s/it]2026-04-17 04:15:00,710 - INFO - [sparse-mezo] global_step=151 active_fraction=0.252302 active_params=331968612/1315758080 configured_ratio=0.250000 mask_strategy=percentile_per_layer scope=trainable_only

  6%|▋         | 152/2405 [10:33<2:32:52,  4.07s/it]2026-04-17 04:15:04,781 - INFO - [sparse-mezo] global_step=152 active_fraction=0.252920 active_params=332781783/1315758080 configured_ratio=0.250000 mask_strategy=percentile_per_layer scope=trainable_only

  6%|▋         | 153/2405 [10:37<2:32:42,  4.07s/it]2026-04-17 04:15:08,842 - INFO - [sparse-mezo] global_step=153 active_fraction=0.252891 active_params=332743889/1315758080 configured_ratio=0.250000 mask_strategy=percentile_per_layer scope=trainable_only

  6%|▋         | 154/2405 [10:41<2:32:34,  4.07s/it]2026-04-17 04:15:12,903 - INFO - [sparse-mezo] global_step=154 active_fraction=0.253253 active_params=333219024/1315758080 configured_ratio=0.250000 mask_strategy=percentile_per_layer scope=trainable_only

  6%|▋         | 155/2405 [10:45<2:32:25,  4.06s/it]2026-04-17 04:15:16,963 - INFO - [sparse-mezo] global_step=155 active_fraction=0.251427 active_params=330817517/1315758080 configured_ratio=0.250000 mask_strategy=percentile_per_layer scope=trainable_only

  6%|▋         | 156/2405 [10:49<2:32:18,  4.06s/it]2026-04-17 04:15:21,020 - INFO - [sparse-mezo] global_step=156 active_fraction=0.252622 active_params=332389338/1315758080 configured_ratio=0.250000 mask_strategy=percentile_per_layer scope=trainable_only

  7%|▋         | 157/2405 [10:53<2:32:09,  4.06s/it]2026-04-17 04:15:25,081 - INFO - [sparse-mezo] global_step=157 active_fraction=0.253539 active_params=333596180/1315758080 configured_ratio=0.250000 mask_strategy=percentile_per_layer scope=trainable_only

  7%|▋         | 158/2405 [10:57<2:32:05,  4.06s/it]2026-04-17 04:15:29,143 - INFO - [sparse-mezo] global_step=158 active_fraction=0.253552 active_params=333612866/1315758080 configured_ratio=0.250000 mask_strategy=percentile_per_layer scope=trainable_only

  7%|▋         | 159/2405 [11:02<2:32:09,  4.06s/it]2026-04-17 04:15:33,219 - INFO - [sparse-mezo] global_step=159 active_fraction=0.253524 active_params=333576308/1315758080 configured_ratio=0.250000 mask_strategy=percentile_per_layer scope=trainable_only

  7%|▋         | 160/2405 [11:06<2:32:11,  4.07s/it]2026-04-17 04:15:37,292 - INFO - [sparse-mezo] global_step=160 active_fraction=0.253509 active_params=333557024/1315758080 configured_ratio=0.250000 mask_strategy=percentile_per_layer scope=trainable_only

  7%|▋         | 161/2405 [11:10<2:32:04,  4.07s/it]2026-04-17 04:15:41,352 - INFO - [sparse-mezo] global_step=161 active_fraction=0.251678 active_params=331147500/1315758080 configured_ratio=0.250000 mask_strategy=percentile_per_layer scope=trainable_only

  7%|▋         | 162/2405 [11:14<2:31:57,  4.06s/it]2026-04-17 04:15:45,416 - INFO - [sparse-mezo] global_step=162 active_fraction=0.253055 active_params=332959024/1315758080 configured_ratio=0.250000 mask_strategy=percentile_per_layer scope=trainable_only

  7%|▋         | 163/2405 [11:18<2:31:48,  4.06s/it]2026-04-17 04:15:49,474 - INFO - [sparse-mezo] global_step=163 active_fraction=0.252762 active_params=332573347/1315758080 configured_ratio=0.250000 mask_strategy=percentile_per_layer scope=trainable_only

  7%|▋         | 164/2405 [11:22<2:31:51,  4.07s/it]2026-04-17 04:15:53,547 - INFO - [sparse-mezo] global_step=164 active_fraction=0.252748 active_params=332555145/1315758080 configured_ratio=0.250000 mask_strategy=percentile_per_layer scope=trainable_only

  7%|▋         | 165/2405 [11:26<2:31:58,  4.07s/it]2026-04-17 04:15:57,631 - INFO - [sparse-mezo] global_step=165 active_fraction=0.252764 active_params=332575724/1315758080 configured_ratio=0.250000 mask_strategy=percentile_per_layer scope=trainable_only

  7%|▋         | 166/2405 [11:30<2:31:50,  4.07s/it]2026-04-17 04:16:01,689 - INFO - [sparse-mezo] global_step=166 active_fraction=0.252342 active_params=332020978/1315758080 configured_ratio=0.250000 mask_strategy=percentile_per_layer scope=trainable_only

  7%|▋         | 167/2405 [11:34<2:31:51,  4.07s/it]2026-04-17 04:16:05,772 - INFO - [sparse-mezo] global_step=167 active_fraction=0.252589 active_params=332345490/1315758080 configured_ratio=0.250000 mask_strategy=percentile_per_layer scope=trainable_only

  7%|▋         | 168/2405 [11:38<2:32:05,  4.08s/it]2026-04-17 04:16:09,866 - INFO - [sparse-mezo] global_step=168 active_fraction=0.251043 active_params=330311740/1315758080 configured_ratio=0.250000 mask_strategy=percentile_per_layer scope=trainable_only

  7%|▋         | 169/2405 [11:42<2:32:01,  4.08s/it]2026-04-17 04:16:13,948 - INFO - [sparse-mezo] global_step=169 active_fraction=0.252143 active_params=331758743/1315758080 configured_ratio=0.250000 mask_strategy=percentile_per_layer scope=trainable_only

  7%|▋         | 170/2405 [11:46<2:31:42,  4.07s/it]2026-04-17 04:16:18,002 - INFO - [sparse-mezo] global_step=170 active_fraction=0.251132 active_params=330428433/1315758080 configured_ratio=0.250000 mask_strategy=percentile_per_layer scope=trainable_only

  7%|▋         | 171/2405 [11:50<2:31:35,  4.07s/it]2026-04-17 04:16:22,071 - INFO - [sparse-mezo] global_step=171 active_fraction=0.251297 active_params=330645885/1315758080 configured_ratio=0.250000 mask_strategy=percentile_per_layer scope=trainable_only

  7%|▋         | 172/2405 [11:54<2:31:20,  4.07s/it]2026-04-17 04:16:26,125 - INFO - [sparse-mezo] global_step=172 active_fraction=0.253199 active_params=333148110/1315758080 configured_ratio=0.250000 mask_strategy=percentile_per_layer scope=trainable_only

  7%|▋         | 173/2405 [11:59<2:31:17,  4.07s/it]2026-04-17 04:16:30,192 - INFO - [sparse-mezo] global_step=173 active_fraction=0.252641 active_params=332415048/1315758080 configured_ratio=0.250000 mask_strategy=percentile_per_layer scope=trainable_only

  7%|▋         | 174/2405 [12:03<2:31:14,  4.07s/it]2026-04-17 04:16:34,263 - INFO - [sparse-mezo] global_step=174 active_fraction=0.252628 active_params=332397273/1315758080 configured_ratio=0.250000 mask_strategy=percentile_per_layer scope=trainable_only

  7%|▋         | 175/2405 [12:07<2:31:05,  4.07s/it]2026-04-17 04:16:38,317 - INFO - [sparse-mezo] global_step=175 active_fraction=0.251900 active_params=331439602/1315758080 configured_ratio=0.250000 mask_strategy=percentile_per_layer scope=trainable_only

  7%|▋         | 176/2405 [12:11<2:30:54,  4.06s/it]2026-04-17 04:16:42,378 - INFO - [sparse-mezo] global_step=176 active_fraction=0.252582 active_params=332336608/1315758080 configured_ratio=0.250000 mask_strategy=percentile_per_layer scope=trainable_only

  7%|▋         | 177/2405 [12:15<2:30:49,  4.06s/it]2026-04-17 04:16:46,416 - INFO - [sparse-mezo] global_step=177 active_fraction=0.252553 active_params=332298998/1315758080 configured_ratio=0.250000 mask_strategy=percentile_per_layer scope=trainable_only

  7%|▋         | 178/2405 [12:19<2:30:35,  4.06s/it]2026-04-17 04:16:50,482 - INFO - [sparse-mezo] global_step=178 active_fraction=0.253153 active_params=333088051/1315758080 configured_ratio=0.250000 mask_strategy=percentile_per_layer scope=trainable_only

  7%|▋         | 179/2405 [12:23<2:30:37,  4.06s/it]2026-04-17 04:16:54,549 - INFO - [sparse-mezo] global_step=179 active_fraction=0.254430 active_params=334768794/1315758080 configured_ratio=0.250000 mask_strategy=percentile_per_layer scope=trainable_only

  7%|▋         | 180/2405 [12:27<2:30:32,  4.06s/it]2026-04-17 04:16:58,609 - INFO - [sparse-mezo] global_step=180 active_fraction=0.254404 active_params=334733770/1315758080 configured_ratio=0.250000 mask_strategy=percentile_per_layer scope=trainable_only

  8%|▊         | 181/2405 [12:31<2:30:41,  4.07s/it]2026-04-17 04:17:02,690 - INFO - [sparse-mezo] global_step=181 active_fraction=0.252001 active_params=331572512/1315758080 configured_ratio=0.250000 mask_strategy=percentile_per_layer scope=trainable_only

  8%|▊         | 182/2405 [12:35<2:30:34,  4.06s/it]2026-04-17 04:17:06,747 - INFO - [sparse-mezo] global_step=182 active_fraction=0.251688 active_params=331160670/1315758080 configured_ratio=0.250000 mask_strategy=percentile_per_layer scope=trainable_only

  8%|▊         | 183/2405 [12:39<2:30:32,  4.06s/it]2026-04-17 04:17:10,811 - INFO - [sparse-mezo] global_step=183 active_fraction=0.251715 active_params=331196126/1315758080 configured_ratio=0.250000 mask_strategy=percentile_per_layer scope=trainable_only

  8%|▊         | 184/2405 [12:43<2:30:21,  4.06s/it]2026-04-17 04:17:14,867 - INFO - [sparse-mezo] global_step=184 active_fraction=0.251673 active_params=331140988/1315758080 configured_ratio=0.250000 mask_strategy=percentile_per_layer scope=trainable_only

  8%|▊         | 185/2405 [12:47<2:30:09,  4.06s/it]2026-04-17 04:17:18,922 - INFO - [sparse-mezo] global_step=185 active_fraction=0.251617 active_params=331066842/1315758080 configured_ratio=0.250000 mask_strategy=percentile_per_layer scope=trainable_only

  8%|▊         | 186/2405 [12:51<2:30:06,  4.06s/it]2026-04-17 04:17:22,983 - INFO - [sparse-mezo] global_step=186 active_fraction=0.251592 active_params=331034799/1315758080 configured_ratio=0.250000 mask_strategy=percentile_per_layer scope=trainable_only

  8%|▊         | 187/2405 [12:55<2:30:09,  4.06s/it]2026-04-17 04:17:27,052 - INFO - [sparse-mezo] global_step=187 active_fraction=0.253865 active_params=334025222/1315758080 configured_ratio=0.250000 mask_strategy=percentile_per_layer scope=trainable_only

  8%|▊         | 188/2405 [12:59<2:30:04,  4.06s/it]2026-04-17 04:17:31,104 - INFO - [sparse-mezo] global_step=188 active_fraction=0.253404 active_params=333418476/1315758080 configured_ratio=0.250000 mask_strategy=percentile_per_layer scope=trainable_only

  8%|▊         | 189/2405 [13:04<2:29:54,  4.06s/it]2026-04-17 04:17:35,168 - INFO - [sparse-mezo] global_step=189 active_fraction=0.252784 active_params=332602007/1315758080 configured_ratio=0.250000 mask_strategy=percentile_per_layer scope=trainable_only

  8%|▊         | 190/2405 [13:08<2:29:59,  4.06s/it]2026-04-17 04:17:39,239 - INFO - [sparse-mezo] global_step=190 active_fraction=0.252762 active_params=332573675/1315758080 configured_ratio=0.250000 mask_strategy=percentile_per_layer scope=trainable_only

  8%|▊         | 191/2405 [13:12<2:30:07,  4.07s/it]2026-04-17 04:17:43,321 - INFO - [sparse-mezo] global_step=191 active_fraction=0.252741 active_params=332546177/1315758080 configured_ratio=0.250000 mask_strategy=percentile_per_layer scope=trainable_only

  8%|▊         | 192/2405 [13:16<2:30:12,  4.07s/it]2026-04-17 04:17:47,402 - INFO - [sparse-mezo] global_step=192 active_fraction=0.252721 active_params=332519219/1315758080 configured_ratio=0.250000 mask_strategy=percentile_per_layer scope=trainable_only

  8%|▊         | 193/2405 [13:20<2:30:07,  4.07s/it]2026-04-17 04:17:51,469 - INFO - [sparse-mezo] global_step=193 active_fraction=0.253421 active_params=333441250/1315758080 configured_ratio=0.250000 mask_strategy=percentile_per_layer scope=trainable_only

  8%|▊         | 194/2405 [13:24<2:30:06,  4.07s/it]2026-04-17 04:17:55,542 - INFO - [sparse-mezo] global_step=194 active_fraction=0.253430 active_params=333452341/1315758080 configured_ratio=0.250000 mask_strategy=percentile_per_layer scope=trainable_only

  8%|▊         | 195/2405 [13:28<2:30:02,  4.07s/it]2026-04-17 04:17:59,621 - INFO - [sparse-mezo] global_step=195 active_fraction=0.253503 active_params=333548131/1315758080 configured_ratio=0.250000 mask_strategy=percentile_per_layer scope=trainable_only

  8%|▊         | 196/2405 [13:32<2:29:45,  4.07s/it]2026-04-17 04:18:03,672 - INFO - [sparse-mezo] global_step=196 active_fraction=0.253470 active_params=333505744/1315758080 configured_ratio=0.250000 mask_strategy=percentile_per_layer scope=trainable_only

  8%|▊         | 197/2405 [13:36<2:29:33,  4.06s/it]2026-04-17 04:18:07,732 - INFO - [sparse-mezo] global_step=197 active_fraction=0.253513 active_params=333561657/1315758080 configured_ratio=0.250000 mask_strategy=percentile_per_layer scope=trainable_only

  8%|▊         | 198/2405 [13:40<2:29:32,  4.07s/it]2026-04-17 04:18:11,796 - INFO - [sparse-mezo] global_step=198 active_fraction=0.251724 active_params=331208209/1315758080 configured_ratio=0.250000 mask_strategy=percentile_per_layer scope=trainable_only

  8%|▊         | 199/2405 [13:44<2:29:28,  4.07s/it]2026-04-17 04:18:15,861 - INFO - [sparse-mezo] global_step=199 active_fraction=0.252149 active_params=331767633/1315758080 configured_ratio=0.250000 mask_strategy=percentile_per_layer scope=trainable_only

  8%|▊         | 200/2405 [13:48<2:29:23,  4.07s/it]2026-04-17 04:18:19,927 - INFO - [sparse-mezo] global_step=200 active_fraction=0.253960 active_params=334150314/1315758080 configured_ratio=0.250000 mask_strategy=percentile_per_layer scope=trainable_only
2026-04-17 04:18:23,581 - INFO - [zo_probe] step=200 eps=1.000e-06 precision=fp16 n=16 mae=5.588544e+02 mse=6.528418e+05 rmse=8.079863e+02 sign_acc=0.2500 corr=0.005822

  8%|▊         | 201/2405 [13:56<3:09:30,  5.16s/it]2026-04-17 04:18:27,640 - INFO - [sparse-mezo] global_step=201 active_fraction=0.251981 active_params=331545950/1315758080 configured_ratio=0.250000 mask_strategy=percentile_per_layer scope=trainable_only

  8%|▊         | 202/2405 [14:00<2:57:18,  4.83s/it]2026-04-17 04:18:31,698 - INFO - [sparse-mezo] global_step=202 active_fraction=0.252002 active_params=331573041/1315758080 configured_ratio=0.250000 mask_strategy=percentile_per_layer scope=trainable_only

  8%|▊         | 203/2405 [14:04<2:48:50,  4.60s/it]2026-04-17 04:18:35,765 - INFO - [sparse-mezo] global_step=203 active_fraction=0.251982 active_params=331547515/1315758080 configured_ratio=0.250000 mask_strategy=percentile_per_layer scope=trainable_only

  8%|▊         | 204/2405 [14:08<2:42:47,  4.44s/it]2026-04-17 04:18:39,817 - INFO - [sparse-mezo] global_step=204 active_fraction=0.252293 active_params=331956921/1315758080 configured_ratio=0.250000 mask_strategy=percentile_per_layer scope=trainable_only

  9%|▊         | 205/2405 [14:12<2:38:27,  4.32s/it]2026-04-17 04:18:43,874 - INFO - [sparse-mezo] global_step=205 active_fraction=0.253398 active_params=333410875/1315758080 configured_ratio=0.250000 mask_strategy=percentile_per_layer scope=trainable_only

  9%|▊         | 206/2405 [14:16<2:35:28,  4.24s/it]2026-04-17 04:18:47,931 - INFO - [sparse-mezo] global_step=206 active_fraction=0.253499 active_params=333543016/1315758080 configured_ratio=0.250000 mask_strategy=percentile_per_layer scope=trainable_only

  9%|▊         | 207/2405 [14:20<2:33:35,  4.19s/it]2026-04-17 04:18:52,005 - INFO - [sparse-mezo] global_step=207 active_fraction=0.252512 active_params=332244065/1315758080 configured_ratio=0.250000 mask_strategy=percentile_per_layer scope=trainable_only

  9%|▊         | 208/2405 [14:24<2:32:06,  4.15s/it]2026-04-17 04:18:56,072 - INFO - [sparse-mezo] global_step=208 active_fraction=0.252535 active_params=332274758/1315758080 configured_ratio=0.250000 mask_strategy=percentile_per_layer scope=trainable_only

  9%|▊         | 209/2405 [14:28<2:31:04,  4.13s/it]2026-04-17 04:19:00,141 - INFO - [sparse-mezo] global_step=209 active_fraction=0.252517 active_params=332250830/1315758080 configured_ratio=0.250000 mask_strategy=percentile_per_layer scope=trainable_only

  9%|▊         | 210/2405 [14:33<2:30:22,  4.11s/it]2026-04-17 04:19:04,206 - INFO - [sparse-mezo] global_step=210 active_fraction=0.252559 active_params=332306496/1315758080 configured_ratio=0.250000 mask_strategy=percentile_per_layer scope=trainable_only

  9%|▉         | 211/2405 [14:37<2:29:47,  4.10s/it]2026-04-17 04:19:08,274 - INFO - [sparse-mezo] global_step=211 active_fraction=0.252539 active_params=332280005/1315758080 configured_ratio=0.250000 mask_strategy=percentile_per_layer scope=trainable_only

  9%|▉         | 212/2405 [14:41<2:29:15,  4.08s/it]2026-04-17 04:19:12,325 - INFO - [sparse-mezo] global_step=212 active_fraction=0.252047 active_params=331632797/1315758080 configured_ratio=0.250000 mask_strategy=percentile_per_layer scope=trainable_only

  9%|▉         | 213/2405 [14:45<2:28:53,  4.08s/it]2026-04-17 04:19:16,382 - INFO - [sparse-mezo] global_step=213 active_fraction=0.252028 active_params=331607939/1315758080 configured_ratio=0.250000 mask_strategy=percentile_per_layer scope=trainable_only

  9%|▉         | 214/2405 [14:49<2:28:50,  4.08s/it]2026-04-17 04:19:20,460 - INFO - [sparse-mezo] global_step=214 active_fraction=0.251996 active_params=331565696/1315758080 configured_ratio=0.250000 mask_strategy=percentile_per_layer scope=trainable_only

  9%|▉         | 215/2405 [14:53<2:28:40,  4.07s/it]2026-04-17 04:19:24,525 - INFO - [sparse-mezo] global_step=215 active_fraction=0.252068 active_params=331660195/1315758080 configured_ratio=0.250000 mask_strategy=percentile_per_layer scope=trainable_only

  9%|▉         | 216/2405 [14:57<2:28:25,  4.07s/it]2026-04-17 04:19:28,582 - INFO - [sparse-mezo] global_step=216 active_fraction=0.252818 active_params=332647550/1315758080 configured_ratio=0.250000 mask_strategy=percentile_per_layer scope=trainable_only

  9%|▉         | 217/2405 [15:01<2:28:13,  4.06s/it]2026-04-17 04:19:32,640 - INFO - [sparse-mezo] global_step=217 active_fraction=0.252835 active_params=332670345/1315758080 configured_ratio=0.250000 mask_strategy=percentile_per_layer scope=trainable_only

  9%|▉         | 218/2405 [15:05<2:28:05,  4.06s/it]2026-04-17 04:19:36,696 - INFO - [sparse-mezo] global_step=218 active_fraction=0.253142 active_params=333073605/1315758080 configured_ratio=0.250000 mask_strategy=percentile_per_layer scope=trainable_only

  9%|▉         | 219/2405 [15:09<2:27:56,  4.06s/it]2026-04-17 04:19:40,754 - INFO - [sparse-mezo] global_step=219 active_fraction=0.253725 active_params=333840957/1315758080 configured_ratio=0.250000 mask_strategy=percentile_per_layer scope=trainable_only

  9%|▉         | 220/2405 [15:13<2:27:50,  4.06s/it]2026-04-17 04:19:44,809 - INFO - [sparse-mezo] global_step=220 active_fraction=0.253708 active_params=333818388/1315758080 configured_ratio=0.250000 mask_strategy=percentile_per_layer scope=trainable_only

  9%|▉         | 221/2405 [15:17<2:27:55,  4.06s/it]2026-04-17 04:19:48,885 - INFO - [sparse-mezo] global_step=221 active_fraction=0.252636 active_params=332408133/1315758080 configured_ratio=0.250000 mask_strategy=percentile_per_layer scope=trainable_only

  9%|▉         | 222/2405 [15:21<2:27:47,  4.06s/it]2026-04-17 04:19:52,940 - INFO - [sparse-mezo] global_step=222 active_fraction=0.252619 active_params=332385866/1315758080 configured_ratio=0.250000 mask_strategy=percentile_per_layer scope=trainable_only

  9%|▉         | 223/2405 [15:25<2:27:34,  4.06s/it]2026-04-17 04:19:56,990 - INFO - [sparse-mezo] global_step=223 active_fraction=0.253516 active_params=333566053/1315758080 configured_ratio=0.250000 mask_strategy=percentile_per_layer scope=trainable_only

  9%|▉         | 224/2405 [15:29<2:27:28,  4.06s/it]2026-04-17 04:20:01,044 - INFO - [sparse-mezo] global_step=224 active_fraction=0.253499 active_params=333543037/1315758080 configured_ratio=0.250000 mask_strategy=percentile_per_layer scope=trainable_only

  9%|▉         | 225/2405 [15:33<2:27:23,  4.06s/it]2026-04-17 04:20:05,102 - INFO - [sparse-mezo] global_step=225 active_fraction=0.253482 active_params=333521016/1315758080 configured_ratio=0.250000 mask_strategy=percentile_per_layer scope=trainable_only

  9%|▉         | 226/2405 [15:38<2:27:19,  4.06s/it]2026-04-17 04:20:09,163 - INFO - [sparse-mezo] global_step=226 active_fraction=0.252597 active_params=332356445/1315758080 configured_ratio=0.250000 mask_strategy=percentile_per_layer scope=trainable_only

  9%|▉         | 227/2405 [15:42<2:27:31,  4.06s/it]2026-04-17 04:20:13,241 - INFO - [sparse-mezo] global_step=227 active_fraction=0.251974 active_params=331537335/1315758080 configured_ratio=0.250000 mask_strategy=percentile_per_layer scope=trainable_only

  9%|▉         | 228/2405 [15:46<2:27:35,  4.07s/it]2026-04-17 04:20:17,319 - INFO - [sparse-mezo] global_step=228 active_fraction=0.253133 active_params=333061479/1315758080 configured_ratio=0.250000 mask_strategy=percentile_per_layer scope=trainable_only

 10%|▉         | 229/2405 [15:50<2:27:32,  4.07s/it]2026-04-17 04:20:21,387 - INFO - [sparse-mezo] global_step=229 active_fraction=0.253157 active_params=333093585/1315758080 configured_ratio=0.250000 mask_strategy=percentile_per_layer scope=trainable_only

 10%|▉         | 230/2405 [15:54<2:27:28,  4.07s/it]2026-04-17 04:20:25,456 - INFO - [sparse-mezo] global_step=230 active_fraction=0.253020 active_params=332913435/1315758080 configured_ratio=0.250000 mask_strategy=percentile_per_layer scope=trainable_only

 10%|▉         | 231/2405 [15:58<2:27:18,  4.07s/it]2026-04-17 04:20:29,514 - INFO - [sparse-mezo] global_step=231 active_fraction=0.253016 active_params=332908316/1315758080 configured_ratio=0.250000 mask_strategy=percentile_per_layer scope=trainable_only

 10%|▉         | 232/2405 [16:02<2:27:15,  4.07s/it]2026-04-17 04:20:33,582 - INFO - [sparse-mezo] global_step=232 active_fraction=0.253054 active_params=332958348/1315758080 configured_ratio=0.250000 mask_strategy=percentile_per_layer scope=trainable_only

 10%|▉         | 233/2405 [16:06<2:27:06,  4.06s/it]2026-04-17 04:20:37,638 - INFO - [sparse-mezo] global_step=233 active_fraction=0.251815 active_params=331327868/1315758080 configured_ratio=0.250000 mask_strategy=percentile_per_layer scope=trainable_only

 10%|▉         | 234/2405 [16:10<2:27:09,  4.07s/it]2026-04-17 04:20:41,710 - INFO - [sparse-mezo] global_step=234 active_fraction=0.251578 active_params=331015994/1315758080 configured_ratio=0.250000 mask_strategy=percentile_per_layer scope=trainable_only

 10%|▉         | 235/2405 [16:14<2:27:02,  4.07s/it]2026-04-17 04:20:45,775 - INFO - [sparse-mezo] global_step=235 active_fraction=0.252618 active_params=332384535/1315758080 configured_ratio=0.250000 mask_strategy=percentile_per_layer scope=trainable_only

 10%|▉         | 236/2405 [16:18<2:27:08,  4.07s/it]2026-04-17 04:20:49,856 - INFO - [sparse-mezo] global_step=236 active_fraction=0.252647 active_params=332422168/1315758080 configured_ratio=0.250000 mask_strategy=percentile_per_layer scope=trainable_only

 10%|▉         | 237/2405 [16:22<2:26:55,  4.07s/it]2026-04-17 04:20:53,910 - INFO - [sparse-mezo] global_step=237 active_fraction=0.252659 active_params=332438555/1315758080 configured_ratio=0.250000 mask_strategy=percentile_per_layer scope=trainable_only

 10%|▉         | 238/2405 [16:26<2:26:55,  4.07s/it]2026-04-17 04:20:57,988 - INFO - [sparse-mezo] global_step=238 active_fraction=0.251230 active_params=330558142/1315758080 configured_ratio=0.250000 mask_strategy=percentile_per_layer scope=trainable_only

 10%|▉         | 239/2405 [16:30<2:26:42,  4.06s/it]2026-04-17 04:21:02,039 - INFO - [sparse-mezo] global_step=239 active_fraction=0.251212 active_params=330534580/1315758080 configured_ratio=0.250000 mask_strategy=percentile_per_layer scope=trainable_only

 10%|▉         | 240/2405 [16:34<2:26:45,  4.07s/it]2026-04-17 04:21:06,116 - INFO - [sparse-mezo] global_step=240 active_fraction=0.251291 active_params=330638443/1315758080 configured_ratio=0.250000 mask_strategy=percentile_per_layer scope=trainable_only

 10%|█         | 241/2405 [16:39<2:26:35,  4.06s/it]2026-04-17 04:21:10,172 - INFO - [sparse-mezo] global_step=241 active_fraction=0.251224 active_params=330549415/1315758080 configured_ratio=0.250000 mask_strategy=percentile_per_layer scope=trainable_only

 10%|█         | 242/2405 [16:43<2:26:26,  4.06s/it]2026-04-17 04:21:14,229 - INFO - [sparse-mezo] global_step=242 active_fraction=0.251872 active_params=331402423/1315758080 configured_ratio=0.250000 mask_strategy=percentile_per_layer scope=trainable_only

 10%|█         | 243/2405 [16:47<2:26:18,  4.06s/it]2026-04-17 04:21:18,281 - INFO - [sparse-mezo] global_step=243 active_fraction=0.253313 active_params=333299169/1315758080 configured_ratio=0.250000 mask_strategy=percentile_per_layer scope=trainable_only

 10%|█         | 244/2405 [16:51<2:26:21,  4.06s/it]2026-04-17 04:21:22,355 - INFO - [sparse-mezo] global_step=244 active_fraction=0.254196 active_params=334460349/1315758080 configured_ratio=0.250000 mask_strategy=percentile_per_layer scope=trainable_only

 10%|█         | 245/2405 [16:55<2:26:08,  4.06s/it]2026-04-17 04:21:26,405 - INFO - [sparse-mezo] global_step=245 active_fraction=0.254181 active_params=334441165/1315758080 configured_ratio=0.250000 mask_strategy=percentile_per_layer scope=trainable_only

 10%|█         | 246/2405 [16:59<2:26:01,  4.06s/it]2026-04-17 04:21:30,461 - INFO - [sparse-mezo] global_step=246 active_fraction=0.254167 active_params=334422494/1315758080 configured_ratio=0.250000 mask_strategy=percentile_per_layer scope=trainable_only

 10%|█         | 247/2405 [17:03<2:25:55,  4.06s/it]2026-04-17 04:21:34,513 - INFO - [sparse-mezo] global_step=247 active_fraction=0.254153 active_params=334404389/1315758080 configured_ratio=0.250000 mask_strategy=percentile_per_layer scope=trainable_only

 10%|█         | 248/2405 [17:07<2:25:54,  4.06s/it]2026-04-17 04:21:38,577 - INFO - [sparse-mezo] global_step=248 active_fraction=0.254163 active_params=334417170/1315758080 configured_ratio=0.250000 mask_strategy=percentile_per_layer scope=trainable_only

 10%|█         | 249/2405 [17:11<2:25:54,  4.06s/it]2026-04-17 04:21:42,645 - INFO - [sparse-mezo] global_step=249 active_fraction=0.254181 active_params=334441101/1315758080 configured_ratio=0.250000 mask_strategy=percentile_per_layer scope=trainable_only

 10%|█         | 250/2405 [17:15<2:25:45,  4.06s/it]2026-04-17 04:21:46,695 - INFO - [sparse-mezo] global_step=250 active_fraction=0.253454 active_params=333483783/1315758080 configured_ratio=0.250000 mask_strategy=percentile_per_layer scope=trainable_only

 10%|█         | 251/2405 [17:19<2:25:39,  4.06s/it]2026-04-17 04:21:50,748 - INFO - [sparse-mezo] global_step=251 active_fraction=0.254146 active_params=334394687/1315758080 configured_ratio=0.250000 mask_strategy=percentile_per_layer scope=trainable_only

 10%|█         | 252/2405 [17:23<2:25:32,  4.06s/it]2026-04-17 04:21:54,799 - INFO - [sparse-mezo] global_step=252 active_fraction=0.254131 active_params=334374845/1315758080 configured_ratio=0.250000 mask_strategy=percentile_per_layer scope=trainable_only

 11%|█         | 253/2405 [17:27<2:25:25,  4.05s/it]2026-04-17 04:21:58,853 - INFO - [sparse-mezo] global_step=253 active_fraction=0.252342 active_params=332020391/1315758080 configured_ratio=0.250000 mask_strategy=percentile_per_layer scope=trainable_only

 11%|█         | 254/2405 [17:31<2:25:17,  4.05s/it]2026-04-17 04:22:02,900 - INFO - [sparse-mezo] global_step=254 active_fraction=0.252327 active_params=332000743/1315758080 configured_ratio=0.250000 mask_strategy=percentile_per_layer scope=trainable_only

 11%|█         | 255/2405 [17:35<2:25:25,  4.06s/it]2026-04-17 04:22:06,972 - INFO - [sparse-mezo] global_step=255 active_fraction=0.252312 active_params=331981456/1315758080 configured_ratio=0.250000 mask_strategy=percentile_per_layer scope=trainable_only

 11%|█         | 256/2405 [17:39<2:25:18,  4.06s/it]2026-04-17 04:22:11,025 - INFO - [sparse-mezo] global_step=256 active_fraction=0.251481 active_params=330888360/1315758080 configured_ratio=0.250000 mask_strategy=percentile_per_layer scope=trainable_only

 11%|█         | 257/2405 [17:43<2:25:11,  4.06s/it]2026-04-17 04:22:15,079 - INFO - [sparse-mezo] global_step=257 active_fraction=0.252756 active_params=332565838/1315758080 configured_ratio=0.250000 mask_strategy=percentile_per_layer scope=trainable_only

 11%|█         | 258/2405 [17:47<2:25:12,  4.06s/it]2026-04-17 04:22:19,144 - INFO - [sparse-mezo] global_step=258 active_fraction=0.254206 active_params=334474202/1315758080 configured_ratio=0.250000 mask_strategy=percentile_per_layer scope=trainable_only

 11%|█         | 259/2405 [17:52<2:25:06,  4.06s/it]2026-04-17 04:22:23,195 - INFO - [sparse-mezo] global_step=259 active_fraction=0.253073 active_params=332982582/1315758080 configured_ratio=0.250000 mask_strategy=percentile_per_layer scope=trainable_only

 11%|█         | 260/2405 [17:56<2:25:04,  4.06s/it]2026-04-17 04:22:27,257 - INFO - [sparse-mezo] global_step=260 active_fraction=0.251624 active_params=331076674/1315758080 configured_ratio=0.250000 mask_strategy=percentile_per_layer scope=trainable_only

 11%|█         | 261/2405 [18:00<2:25:13,  4.06s/it]2026-04-17 04:22:31,337 - INFO - [sparse-mezo] global_step=261 active_fraction=0.252215 active_params=331853751/1315758080 configured_ratio=0.250000 mask_strategy=percentile_per_layer scope=trainable_only

 11%|█         | 262/2405 [18:04<2:25:00,  4.06s/it]2026-04-17 04:22:35,389 - INFO - [sparse-mezo] global_step=262 active_fraction=0.252201 active_params=331835266/1315758080 configured_ratio=0.250000 mask_strategy=percentile_per_layer scope=trainable_only

 11%|█         | 263/2405 [18:08<2:24:54,  4.06s/it]2026-04-17 04:22:39,444 - INFO - [sparse-mezo] global_step=263 active_fraction=0.251782 active_params=331284489/1315758080 configured_ratio=0.250000 mask_strategy=percentile_per_layer scope=trainable_only

 11%|█         | 264/2405 [18:12<2:24:53,  4.06s/it]2026-04-17 04:22:43,506 - INFO - [sparse-mezo] global_step=264 active_fraction=0.254442 active_params=334784468/1315758080 configured_ratio=0.250000 mask_strategy=percentile_per_layer scope=trainable_only

 11%|█         | 265/2405 [18:16<2:24:51,  4.06s/it]2026-04-17 04:22:47,569 - INFO - [sparse-mezo] global_step=265 active_fraction=0.254455 active_params=334801716/1315758080 configured_ratio=0.250000 mask_strategy=percentile_per_layer scope=trainable_only

 11%|█         | 266/2405 [18:20<2:24:38,  4.06s/it]2026-04-17 04:22:51,614 - INFO - [sparse-mezo] global_step=266 active_fraction=0.252187 active_params=331816514/1315758080 configured_ratio=0.250000 mask_strategy=percentile_per_layer scope=trainable_only

 11%|█         | 267/2405 [18:24<2:24:29,  4.05s/it]2026-04-17 04:22:55,667 - INFO - [sparse-mezo] global_step=267 active_fraction=0.252194 active_params=331826536/1315758080 configured_ratio=0.250000 mask_strategy=percentile_per_layer scope=trainable_only

 11%|█         | 268/2405 [18:28<2:24:20,  4.05s/it]2026-04-17 04:22:59,714 - INFO - [sparse-mezo] global_step=268 active_fraction=0.252145 active_params=331761311/1315758080 configured_ratio=0.250000 mask_strategy=percentile_per_layer scope=trainable_only

 11%|█         | 269/2405 [18:32<2:24:16,  4.05s/it]2026-04-17 04:23:03,770 - INFO - [sparse-mezo] global_step=269 active_fraction=0.252361 active_params=332045683/1315758080 configured_ratio=0.250000 mask_strategy=percentile_per_layer scope=trainable_only

 11%|█         | 270/2405 [18:36<2:24:15,  4.05s/it]2026-04-17 04:23:07,826 - INFO - [sparse-mezo] global_step=270 active_fraction=0.254778 active_params=335226088/1315758080 configured_ratio=0.250000 mask_strategy=percentile_per_layer scope=trainable_only

 11%|█▏        | 271/2405 [18:40<2:24:24,  4.06s/it]2026-04-17 04:23:11,900 - INFO - [sparse-mezo] global_step=271 active_fraction=0.254766 active_params=335210615/1315758080 configured_ratio=0.250000 mask_strategy=percentile_per_layer scope=trainable_only

 11%|█▏        | 272/2405 [18:44<2:24:16,  4.06s/it]2026-04-17 04:23:15,954 - INFO - [sparse-mezo] global_step=272 active_fraction=0.251885 active_params=331419292/1315758080 configured_ratio=0.250000 mask_strategy=percentile_per_layer scope=trainable_only

 11%|█▏        | 273/2405 [18:48<2:24:21,  4.06s/it]2026-04-17 04:23:20,029 - INFO - [sparse-mezo] global_step=273 active_fraction=0.251903 active_params=331444059/1315758080 configured_ratio=0.250000 mask_strategy=percentile_per_layer scope=trainable_only

 11%|█▏        | 274/2405 [18:52<2:24:19,  4.06s/it]2026-04-17 04:23:24,090 - INFO - [sparse-mezo] global_step=274 active_fraction=0.252358 active_params=332041880/1315758080 configured_ratio=0.250000 mask_strategy=percentile_per_layer scope=trainable_only

 11%|█▏        | 275/2405 [18:56<2:24:07,  4.06s/it]2026-04-17 04:23:28,142 - INFO - [sparse-mezo] global_step=275 active_fraction=0.252829 active_params=332661599/1315758080 configured_ratio=0.250000 mask_strategy=percentile_per_layer scope=trainable_only

 11%|█▏        | 276/2405 [19:01<2:23:59,  4.06s/it]2026-04-17 04:23:32,199 - INFO - [sparse-mezo] global_step=276 active_fraction=0.254525 active_params=334892998/1315758080 configured_ratio=0.250000 mask_strategy=percentile_per_layer scope=trainable_only

 12%|█▏        | 277/2405 [19:05<2:24:00,  4.06s/it]2026-04-17 04:23:36,263 - INFO - [sparse-mezo] global_step=277 active_fraction=0.253481 active_params=333519582/1315758080 configured_ratio=0.250000 mask_strategy=percentile_per_layer scope=trainable_only

 12%|█▏        | 278/2405 [19:09<2:23:59,  4.06s/it]2026-04-17 04:23:40,327 - INFO - [sparse-mezo] global_step=278 active_fraction=0.251610 active_params=331058516/1315758080 configured_ratio=0.250000 mask_strategy=percentile_per_layer scope=trainable_only

 12%|█▏        | 279/2405 [19:13<2:23:49,  4.06s/it]2026-04-17 04:23:44,382 - INFO - [sparse-mezo] global_step=279 active_fraction=0.251599 active_params=331043261/1315758080 configured_ratio=0.250000 mask_strategy=percentile_per_layer scope=trainable_only

 12%|█▏        | 280/2405 [19:17<2:23:43,  4.06s/it]2026-04-17 04:23:48,435 - INFO - [sparse-mezo] global_step=280 active_fraction=0.251642 active_params=331100096/1315758080 configured_ratio=0.250000 mask_strategy=percentile_per_layer scope=trainable_only

 12%|█▏        | 281/2405 [19:21<2:23:42,  4.06s/it]2026-04-17 04:23:52,501 - INFO - [sparse-mezo] global_step=281 active_fraction=0.251770 active_params=331268613/1315758080 configured_ratio=0.250000 mask_strategy=percentile_per_layer scope=trainable_only

 12%|█▏        | 282/2405 [19:25<2:23:48,  4.06s/it]2026-04-17 04:23:56,575 - INFO - [sparse-mezo] global_step=282 active_fraction=0.251777 active_params=331277732/1315758080 configured_ratio=0.250000 mask_strategy=percentile_per_layer scope=trainable_only

 12%|█▏        | 283/2405 [19:29<2:23:44,  4.06s/it]2026-04-17 04:24:00,639 - INFO - [sparse-mezo] global_step=283 active_fraction=0.252890 active_params=332742413/1315758080 configured_ratio=0.250000 mask_strategy=percentile_per_layer scope=trainable_only

 12%|█▏        | 284/2405 [19:33<2:23:39,  4.06s/it]2026-04-17 04:24:04,700 - INFO - [sparse-mezo] global_step=284 active_fraction=0.251689 active_params=331161785/1315758080 configured_ratio=0.250000 mask_strategy=percentile_per_layer scope=trainable_only

 12%|█▏        | 285/2405 [19:37<2:23:39,  4.07s/it]2026-04-17 04:24:08,772 - INFO - [sparse-mezo] global_step=285 active_fraction=0.253162 active_params=333100242/1315758080 configured_ratio=0.250000 mask_strategy=percentile_per_layer scope=trainable_only

 12%|█▏        | 286/2405 [19:41<2:23:24,  4.06s/it]2026-04-17 04:24:12,822 - INFO - [sparse-mezo] global_step=286 active_fraction=0.253151 active_params=333085432/1315758080 configured_ratio=0.250000 mask_strategy=percentile_per_layer scope=trainable_only

 12%|█▏        | 287/2405 [19:45<2:23:16,  4.06s/it]2026-04-17 04:24:16,874 - INFO - [sparse-mezo] global_step=287 active_fraction=0.254520 active_params=334887142/1315758080 configured_ratio=0.250000 mask_strategy=percentile_per_layer scope=trainable_only

 12%|█▏        | 288/2405 [19:49<2:23:24,  4.06s/it]2026-04-17 04:24:20,951 - INFO - [sparse-mezo] global_step=288 active_fraction=0.252925 active_params=332787625/1315758080 configured_ratio=0.250000 mask_strategy=percentile_per_layer scope=trainable_only

 12%|█▏        | 289/2405 [19:53<2:23:18,  4.06s/it]2026-04-17 04:24:25,008 - INFO - [sparse-mezo] global_step=289 active_fraction=0.253595 active_params=333669924/1315758080 configured_ratio=0.250000 mask_strategy=percentile_per_layer scope=trainable_only

 12%|█▏        | 290/2405 [19:57<2:23:10,  4.06s/it]2026-04-17 04:24:29,069 - INFO - [sparse-mezo] global_step=290 active_fraction=0.253348 active_params=333344531/1315758080 configured_ratio=0.250000 mask_strategy=percentile_per_layer scope=trainable_only

 12%|█▏        | 291/2405 [20:01<2:23:06,  4.06s/it]2026-04-17 04:24:33,131 - INFO - [sparse-mezo] global_step=291 active_fraction=0.253053 active_params=332955920/1315758080 configured_ratio=0.250000 mask_strategy=percentile_per_layer scope=trainable_only

 12%|█▏        | 292/2405 [20:06<2:22:56,  4.06s/it]2026-04-17 04:24:37,184 - INFO - [sparse-mezo] global_step=292 active_fraction=0.253024 active_params=332918897/1315758080 configured_ratio=0.250000 mask_strategy=percentile_per_layer scope=trainable_only

 12%|█▏        | 293/2405 [20:10<2:22:54,  4.06s/it]2026-04-17 04:24:41,248 - INFO - [sparse-mezo] global_step=293 active_fraction=0.253051 active_params=332953482/1315758080 configured_ratio=0.250000 mask_strategy=percentile_per_layer scope=trainable_only

 12%|█▏        | 294/2405 [20:14<2:22:53,  4.06s/it]2026-04-17 04:24:45,311 - INFO - [sparse-mezo] global_step=294 active_fraction=0.251689 active_params=331161200/1315758080 configured_ratio=0.250000 mask_strategy=percentile_per_layer scope=trainable_only

 12%|█▏        | 295/2405 [20:18<2:22:50,  4.06s/it]2026-04-17 04:24:49,376 - INFO - [sparse-mezo] global_step=295 active_fraction=0.252978 active_params=332858261/1315758080 configured_ratio=0.250000 mask_strategy=percentile_per_layer scope=trainable_only

 12%|█▏        | 296/2405 [20:22<2:22:42,  4.06s/it]2026-04-17 04:24:53,433 - INFO - [sparse-mezo] global_step=296 active_fraction=0.252968 active_params=332844608/1315758080 configured_ratio=0.250000 mask_strategy=percentile_per_layer scope=trainable_only

 12%|█▏        | 297/2405 [20:26<2:22:41,  4.06s/it]2026-04-17 04:24:57,498 - INFO - [sparse-mezo] global_step=297 active_fraction=0.252958 active_params=332831347/1315758080 configured_ratio=0.250000 mask_strategy=percentile_per_layer scope=trainable_only

 12%|█▏        | 298/2405 [20:30<2:22:40,  4.06s/it]2026-04-17 04:25:01,561 - INFO - [sparse-mezo] global_step=298 active_fraction=0.254101 active_params=334335436/1315758080 configured_ratio=0.250000 mask_strategy=percentile_per_layer scope=trainable_only

 12%|█▏        | 299/2405 [20:34<2:22:29,  4.06s/it]2026-04-17 04:25:05,611 - INFO - [sparse-mezo] global_step=299 active_fraction=0.252623 active_params=332391118/1315758080 configured_ratio=0.250000 mask_strategy=percentile_per_layer scope=trainable_only

 12%|█▏        | 300/2405 [20:38<2:22:19,  4.06s/it]2026-04-17 04:25:09,662 - INFO - [sparse-mezo] global_step=300 active_fraction=0.251911 active_params=331454385/1315758080 configured_ratio=0.250000 mask_strategy=percentile_per_layer scope=trainable_only
2026-04-17 04:25:13,320 - INFO - [zo_probe] step=300 eps=1.000e-06 precision=fp16 n=16 mae=6.206402e+02 mse=7.266674e+05 rmse=8.524479e+02 sign_acc=0.2500 corr=-0.313309

 13%|█▎        | 301/2405 [20:46<3:00:41,  5.15s/it]2026-04-17 04:25:17,369 - INFO - [sparse-mezo] global_step=301 active_fraction=0.253597 active_params=333671976/1315758080 configured_ratio=0.250000 mask_strategy=percentile_per_layer scope=trainable_only

 13%|█▎        | 302/2405 [20:50<2:48:59,  4.82s/it]2026-04-17 04:25:21,421 - INFO - [sparse-mezo] global_step=302 active_fraction=0.253586 active_params=333657971/1315758080 configured_ratio=0.250000 mask_strategy=percentile_per_layer scope=trainable_only

 13%|█▎        | 303/2405 [20:54<2:40:55,  4.59s/it]2026-04-17 04:25:25,483 - INFO - [sparse-mezo] global_step=303 active_fraction=0.254361 active_params=334677880/1315758080 configured_ratio=0.250000 mask_strategy=percentile_per_layer scope=trainable_only

 13%|█▎        | 304/2405 [20:58<2:35:15,  4.43s/it]2026-04-17 04:25:29,542 - INFO - [sparse-mezo] global_step=304 active_fraction=0.252129 active_params=331740726/1315758080 configured_ratio=0.250000 mask_strategy=percentile_per_layer scope=trainable_only

 13%|█▎        | 305/2405 [21:02<2:31:21,  4.32s/it]2026-04-17 04:25:33,608 - INFO - [sparse-mezo] global_step=305 active_fraction=0.252136 active_params=331750079/1315758080 configured_ratio=0.250000 mask_strategy=percentile_per_layer scope=trainable_only

 13%|█▎        | 306/2405 [21:06<2:28:22,  4.24s/it]2026-04-17 04:25:37,656 - INFO - [sparse-mezo] global_step=306 active_fraction=0.252144 active_params=331760202/1315758080 configured_ratio=0.250000 mask_strategy=percentile_per_layer scope=trainable_only

 13%|█▎        | 307/2405 [21:10<2:26:28,  4.19s/it]2026-04-17 04:25:41,727 - INFO - [sparse-mezo] global_step=307 active_fraction=0.252118 active_params=331726833/1315758080 configured_ratio=0.250000 mask_strategy=percentile_per_layer scope=trainable_only

 13%|█▎        | 308/2405 [21:14<2:24:57,  4.15s/it]2026-04-17 04:25:45,777 - INFO - [sparse-mezo] global_step=308 active_fraction=0.251925 active_params=331472274/1315758080 configured_ratio=0.250000 mask_strategy=percentile_per_layer scope=trainable_only

 13%|█▎        | 309/2405 [21:18<2:23:52,  4.12s/it]2026-04-17 04:25:49,831 - INFO - [sparse-mezo] global_step=309 active_fraction=0.253071 active_params=332979646/1315758080 configured_ratio=0.250000 mask_strategy=percentile_per_layer scope=trainable_only

 13%|█▎        | 310/2405 [21:22<2:23:13,  4.10s/it]2026-04-17 04:25:53,892 - INFO - [sparse-mezo] global_step=310 active_fraction=0.251815 active_params=331327095/1315758080 configured_ratio=0.250000 mask_strategy=percentile_per_layer scope=trainable_only

 13%|█▎        | 311/2405 [21:26<2:22:43,  4.09s/it]2026-04-17 04:25:57,952 - INFO - [sparse-mezo] global_step=311 active_fraction=0.252567 active_params=332316657/1315758080 configured_ratio=0.250000 mask_strategy=percentile_per_layer scope=trainable_only

 13%|█▎        | 312/2405 [21:30<2:22:27,  4.08s/it]2026-04-17 04:26:02,018 - INFO - [sparse-mezo] global_step=312 active_fraction=0.252557 active_params=332303694/1315758080 configured_ratio=0.250000 mask_strategy=percentile_per_layer scope=trainable_only

 13%|█▎        | 313/2405 [21:34<2:21:59,  4.07s/it]2026-04-17 04:26:06,068 - INFO - [sparse-mezo] global_step=313 active_fraction=0.252362 active_params=332047028/1315758080 configured_ratio=0.250000 mask_strategy=percentile_per_layer scope=trainable_only

 13%|█▎        | 314/2405 [21:38<2:21:38,  4.06s/it]2026-04-17 04:26:10,116 - INFO - [sparse-mezo] global_step=314 active_fraction=0.254981 active_params=335493580/1315758080 configured_ratio=0.250000 mask_strategy=percentile_per_layer scope=trainable_only

 13%|█▎        | 315/2405 [21:43<2:21:27,  4.06s/it]2026-04-17 04:26:14,169 - INFO - [sparse-mezo] global_step=315 active_fraction=0.253554 active_params=333615573/1315758080 configured_ratio=0.250000 mask_strategy=percentile_per_layer scope=trainable_only

 13%|█▎        | 316/2405 [21:47<2:21:18,  4.06s/it]2026-04-17 04:26:18,221 - INFO - [sparse-mezo] global_step=316 active_fraction=0.251433 active_params=330825090/1315758080 configured_ratio=0.250000 mask_strategy=percentile_per_layer scope=trainable_only

 13%|█▎        | 317/2405 [21:51<2:21:21,  4.06s/it]2026-04-17 04:26:22,292 - INFO - [sparse-mezo] global_step=317 active_fraction=0.252593 active_params=332351100/1315758080 configured_ratio=0.250000 mask_strategy=percentile_per_layer scope=trainable_only

 13%|█▎        | 318/2405 [21:55<2:21:23,  4.06s/it]2026-04-17 04:26:26,364 - INFO - [sparse-mezo] global_step=318 active_fraction=0.252750 active_params=332557348/1315758080 configured_ratio=0.250000 mask_strategy=percentile_per_layer scope=trainable_only

 13%|█▎        | 319/2405 [21:59<2:21:11,  4.06s/it]2026-04-17 04:26:30,413 - INFO - [sparse-mezo] global_step=319 active_fraction=0.252417 active_params=332120291/1315758080 configured_ratio=0.250000 mask_strategy=percentile_per_layer scope=trainable_only

 13%|█▎        | 320/2405 [22:03<2:21:00,  4.06s/it]2026-04-17 04:26:34,462 - INFO - [sparse-mezo] global_step=320 active_fraction=0.252699 active_params=332491210/1315758080 configured_ratio=0.250000 mask_strategy=percentile_per_layer scope=trainable_only

 13%|█▎        | 321/2405 [22:07<2:20:50,  4.06s/it]2026-04-17 04:26:38,511 - INFO - [sparse-mezo] global_step=321 active_fraction=0.253475 active_params=333512363/1315758080 configured_ratio=0.250000 mask_strategy=percentile_per_layer scope=trainable_only

 13%|█▎        | 322/2405 [22:11<2:20:39,  4.05s/it]2026-04-17 04:26:42,558 - INFO - [sparse-mezo] global_step=322 active_fraction=0.253139 active_params=333070097/1315758080 configured_ratio=0.250000 mask_strategy=percentile_per_layer scope=trainable_only

 13%|█▎        | 323/2405 [22:15<2:20:33,  4.05s/it]2026-04-17 04:26:46,583 - INFO - [sparse-mezo] global_step=323 active_fraction=0.253146 active_params=333078637/1315758080 configured_ratio=0.250000 mask_strategy=percentile_per_layer scope=trainable_only

 13%|█▎        | 324/2405 [22:19<2:20:27,  4.05s/it]2026-04-17 04:26:50,654 - INFO - [sparse-mezo] global_step=324 active_fraction=0.253137 active_params=333067618/1315758080 configured_ratio=0.250000 mask_strategy=percentile_per_layer scope=trainable_only

 14%|█▎        | 325/2405 [22:23<2:20:22,  4.05s/it]2026-04-17 04:26:54,700 - INFO - [sparse-mezo] global_step=325 active_fraction=0.253391 active_params=333401631/1315758080 configured_ratio=0.250000 mask_strategy=percentile_per_layer scope=trainable_only

 14%|█▎        | 326/2405 [22:27<2:20:16,  4.05s/it]2026-04-17 04:26:58,744 - INFO - [sparse-mezo] global_step=326 active_fraction=0.253467 active_params=333500602/1315758080 configured_ratio=0.250000 mask_strategy=percentile_per_layer scope=trainable_only

 14%|█▎        | 327/2405 [22:31<2:20:12,  4.05s/it]2026-04-17 04:27:02,791 - INFO - [sparse-mezo] global_step=327 active_fraction=0.253216 active_params=333171594/1315758080 configured_ratio=0.250000 mask_strategy=percentile_per_layer scope=trainable_only

 14%|█▎        | 328/2405 [22:35<2:20:19,  4.05s/it]2026-04-17 04:27:06,862 - INFO - [sparse-mezo] global_step=328 active_fraction=0.253208 active_params=333160815/1315758080 configured_ratio=0.250000 mask_strategy=percentile_per_layer scope=trainable_only

 14%|█▎        | 329/2405 [22:39<2:20:11,  4.05s/it]2026-04-17 04:27:10,910 - INFO - [sparse-mezo] global_step=329 active_fraction=0.253259 active_params=333227845/1315758080 configured_ratio=0.250000 mask_strategy=percentile_per_layer scope=trainable_only

 14%|█▎        | 330/2405 [22:43<2:20:08,  4.05s/it]2026-04-17 04:27:14,964 - INFO - [sparse-mezo] global_step=330 active_fraction=0.253356 active_params=333355808/1315758080 configured_ratio=0.250000 mask_strategy=percentile_per_layer scope=trainable_only

 14%|█▍        | 331/2405 [22:47<2:20:05,  4.05s/it]2026-04-17 04:27:19,017 - INFO - [sparse-mezo] global_step=331 active_fraction=0.254481 active_params=334835153/1315758080 configured_ratio=0.250000 mask_strategy=percentile_per_layer scope=trainable_only

 14%|█▍        | 332/2405 [22:51<2:20:07,  4.06s/it]2026-04-17 04:27:23,079 - INFO - [sparse-mezo] global_step=332 active_fraction=0.251682 active_params=331153093/1315758080 configured_ratio=0.250000 mask_strategy=percentile_per_layer scope=trainable_only

 14%|█▍        | 333/2405 [22:55<2:20:06,  4.06s/it]2026-04-17 04:27:27,141 - INFO - [sparse-mezo] global_step=333 active_fraction=0.252432 active_params=332139599/1315758080 configured_ratio=0.250000 mask_strategy=percentile_per_layer scope=trainable_only

 14%|█▍        | 334/2405 [23:00<2:19:57,  4.05s/it]2026-04-17 04:27:31,190 - INFO - [sparse-mezo] global_step=334 active_fraction=0.252752 active_params=332560544/1315758080 configured_ratio=0.250000 mask_strategy=percentile_per_layer scope=trainable_only

 14%|█▍        | 335/2405 [23:04<2:19:49,  4.05s/it]2026-04-17 04:27:35,241 - INFO - [sparse-mezo] global_step=335 active_fraction=0.254153 active_params=334403604/1315758080 configured_ratio=0.250000 mask_strategy=percentile_per_layer scope=trainable_only

 14%|█▍        | 336/2405 [23:08<2:19:44,  4.05s/it]2026-04-17 04:27:39,290 - INFO - [sparse-mezo] global_step=336 active_fraction=0.251955 active_params=331511961/1315758080 configured_ratio=0.250000 mask_strategy=percentile_per_layer scope=trainable_only

 14%|█▍        | 337/2405 [23:12<2:19:41,  4.05s/it]2026-04-17 04:27:43,344 - INFO - [sparse-mezo] global_step=337 active_fraction=0.251967 active_params=331527658/1315758080 configured_ratio=0.250000 mask_strategy=percentile_per_layer scope=trainable_only

 14%|█▍        | 338/2405 [23:16<2:19:34,  4.05s/it]2026-04-17 04:27:47,390 - INFO - [sparse-mezo] global_step=338 active_fraction=0.252857 active_params=332698850/1315758080 configured_ratio=0.250000 mask_strategy=percentile_per_layer scope=trainable_only

 14%|█▍        | 339/2405 [23:20<2:19:35,  4.05s/it]2026-04-17 04:27:51,455 - INFO - [sparse-mezo] global_step=339 active_fraction=0.253948 active_params=334133622/1315758080 configured_ratio=0.250000 mask_strategy=percentile_per_layer scope=trainable_only

 14%|█▍        | 340/2405 [23:24<2:19:32,  4.05s/it]2026-04-17 04:27:55,505 - INFO - [sparse-mezo] global_step=340 active_fraction=0.253305 active_params=333288410/1315758080 configured_ratio=0.250000 mask_strategy=percentile_per_layer scope=trainable_only

 14%|█▍        | 341/2405 [23:28<2:19:26,  4.05s/it]2026-04-17 04:27:59,561 - INFO - [sparse-mezo] global_step=341 active_fraction=0.252726 active_params=332525807/1315758080 configured_ratio=0.250000 mask_strategy=percentile_per_layer scope=trainable_only

 14%|█▍        | 342/2405 [23:32<2:19:24,  4.05s/it]2026-04-17 04:28:03,613 - INFO - [sparse-mezo] global_step=342 active_fraction=0.252867 active_params=332711469/1315758080 configured_ratio=0.250000 mask_strategy=percentile_per_layer scope=trainable_only

 14%|█▍        | 343/2405 [23:36<2:19:18,  4.05s/it]2026-04-17 04:28:07,666 - INFO - [sparse-mezo] global_step=343 active_fraction=0.253170 active_params=333110704/1315758080 configured_ratio=0.250000 mask_strategy=percentile_per_layer scope=trainable_only

 14%|█▍        | 344/2405 [23:40<2:19:13,  4.05s/it]2026-04-17 04:28:11,718 - INFO - [sparse-mezo] global_step=344 active_fraction=0.253192 active_params=333139563/1315758080 configured_ratio=0.250000 mask_strategy=percentile_per_layer scope=trainable_only

 14%|█▍        | 345/2405 [23:44<2:19:20,  4.06s/it]2026-04-17 04:28:15,792 - INFO - [sparse-mezo] global_step=345 active_fraction=0.253198 active_params=333146760/1315758080 configured_ratio=0.250000 mask_strategy=percentile_per_layer scope=trainable_only

 14%|█▍        | 346/2405 [23:48<2:19:21,  4.06s/it]2026-04-17 04:28:19,860 - INFO - [sparse-mezo] global_step=346 active_fraction=0.252774 active_params=332589610/1315758080 configured_ratio=0.250000 mask_strategy=percentile_per_layer scope=trainable_only

 14%|█▍        | 347/2405 [23:52<2:19:21,  4.06s/it]2026-04-17 04:28:23,925 - INFO - [sparse-mezo] global_step=347 active_fraction=0.252000 active_params=331571176/1315758080 configured_ratio=0.250000 mask_strategy=percentile_per_layer scope=trainable_only

 14%|█▍        | 348/2405 [23:56<2:19:17,  4.06s/it]2026-04-17 04:28:27,992 - INFO - [sparse-mezo] global_step=348 active_fraction=0.254333 active_params=334640836/1315758080 configured_ratio=0.250000 mask_strategy=percentile_per_layer scope=trainable_only

 15%|█▍        | 349/2405 [24:00<2:19:16,  4.06s/it]2026-04-17 04:28:32,059 - INFO - [sparse-mezo] global_step=349 active_fraction=0.254343 active_params=334654306/1315758080 configured_ratio=0.250000 mask_strategy=percentile_per_layer scope=trainable_only

 15%|█▍        | 350/2405 [24:04<2:19:14,  4.07s/it]2026-04-17 04:28:36,127 - INFO - [sparse-mezo] global_step=350 active_fraction=0.251997 active_params=331566705/1315758080 configured_ratio=0.250000 mask_strategy=percentile_per_layer scope=trainable_only

 15%|█▍        | 351/2405 [24:09<2:19:17,  4.07s/it]2026-04-17 04:28:40,206 - INFO - [sparse-mezo] global_step=351 active_fraction=0.251473 active_params=330878044/1315758080 configured_ratio=0.250000 mask_strategy=percentile_per_layer scope=trainable_only

 15%|█▍        | 352/2405 [24:13<2:19:20,  4.07s/it]2026-04-17 04:28:44,287 - INFO - [sparse-mezo] global_step=352 active_fraction=0.251467 active_params=330869398/1315758080 configured_ratio=0.250000 mask_strategy=percentile_per_layer scope=trainable_only

 15%|█▍        | 353/2405 [24:17<2:19:09,  4.07s/it]2026-04-17 04:28:48,343 - INFO - [sparse-mezo] global_step=353 active_fraction=0.254015 active_params=334222109/1315758080 configured_ratio=0.250000 mask_strategy=percentile_per_layer scope=trainable_only

 15%|█▍        | 354/2405 [24:21<2:19:03,  4.07s/it]2026-04-17 04:28:52,409 - INFO - [sparse-mezo] global_step=354 active_fraction=0.251943 active_params=331496644/1315758080 configured_ratio=0.250000 mask_strategy=percentile_per_layer scope=trainable_only

 15%|█▍        | 355/2405 [24:25<2:18:57,  4.07s/it]2026-04-17 04:28:56,473 - INFO - [sparse-mezo] global_step=355 active_fraction=0.254236 active_params=334513028/1315758080 configured_ratio=0.250000 mask_strategy=percentile_per_layer scope=trainable_only

 15%|█▍        | 356/2405 [24:29<2:18:52,  4.07s/it]2026-04-17 04:29:00,539 - INFO - [sparse-mezo] global_step=356 active_fraction=0.251855 active_params=331380283/1315758080 configured_ratio=0.250000 mask_strategy=percentile_per_layer scope=trainable_only

 15%|█▍        | 357/2405 [24:33<2:18:42,  4.06s/it]2026-04-17 04:29:04,595 - INFO - [sparse-mezo] global_step=357 active_fraction=0.251849 active_params=331373006/1315758080 configured_ratio=0.250000 mask_strategy=percentile_per_layer scope=trainable_only

 15%|█▍        | 358/2405 [24:37<2:18:39,  4.06s/it]2026-04-17 04:29:08,663 - INFO - [sparse-mezo] global_step=358 active_fraction=0.253141 active_params=333072171/1315758080 configured_ratio=0.250000 mask_strategy=percentile_per_layer scope=trainable_only

 15%|█▍        | 359/2405 [24:41<2:18:31,  4.06s/it]2026-04-17 04:29:12,723 - INFO - [sparse-mezo] global_step=359 active_fraction=0.252666 active_params=332447338/1315758080 configured_ratio=0.250000 mask_strategy=percentile_per_layer scope=trainable_only

 15%|█▍        | 360/2405 [24:45<2:18:25,  4.06s/it]2026-04-17 04:29:16,780 - INFO - [sparse-mezo] global_step=360 active_fraction=0.252674 active_params=332457279/1315758080 configured_ratio=0.250000 mask_strategy=percentile_per_layer scope=trainable_only

 15%|█▌        | 361/2405 [24:49<2:18:18,  4.06s/it]2026-04-17 04:29:20,813 - INFO - [sparse-mezo] global_step=361 active_fraction=0.252174 active_params=331800582/1315758080 configured_ratio=0.250000 mask_strategy=percentile_per_layer scope=trainable_only

 15%|█▌        | 362/2405 [24:53<2:18:03,  4.05s/it]2026-04-17 04:29:24,876 - INFO - [sparse-mezo] global_step=362 active_fraction=0.252764 active_params=332575823/1315758080 configured_ratio=0.250000 mask_strategy=percentile_per_layer scope=trainable_only

 15%|█▌        | 363/2405 [24:57<2:18:05,  4.06s/it]2026-04-17 04:29:28,941 - INFO - [sparse-mezo] global_step=363 active_fraction=0.252344 active_params=332023822/1315758080 configured_ratio=0.250000 mask_strategy=percentile_per_layer scope=trainable_only

 15%|█▌        | 364/2405 [25:01<2:18:06,  4.06s/it]2026-04-17 04:29:33,006 - INFO - [sparse-mezo] global_step=364 active_fraction=0.252339 active_params=332016977/1315758080 configured_ratio=0.250000 mask_strategy=percentile_per_layer scope=trainable_only

 15%|█▌        | 365/2405 [25:05<2:17:59,  4.06s/it]2026-04-17 04:29:37,060 - INFO - [sparse-mezo] global_step=365 active_fraction=0.251899 active_params=331438236/1315758080 configured_ratio=0.250000 mask_strategy=percentile_per_layer scope=trainable_only

 15%|█▌        | 366/2405 [25:09<2:17:52,  4.06s/it]2026-04-17 04:29:41,116 - INFO - [sparse-mezo] global_step=366 active_fraction=0.251907 active_params=331448485/1315758080 configured_ratio=0.250000 mask_strategy=percentile_per_layer scope=trainable_only

 15%|█▌        | 367/2405 [25:14<2:17:44,  4.06s/it]2026-04-17 04:29:45,164 - INFO - [sparse-mezo] global_step=367 active_fraction=0.252752 active_params=332560109/1315758080 configured_ratio=0.250000 mask_strategy=percentile_per_layer scope=trainable_only

 15%|█▌        | 368/2405 [25:18<2:17:39,  4.05s/it]2026-04-17 04:29:49,217 - INFO - [sparse-mezo] global_step=368 active_fraction=0.253026 active_params=332920700/1315758080 configured_ratio=0.250000 mask_strategy=percentile_per_layer scope=trainable_only

 15%|█▌        | 369/2405 [25:22<2:17:33,  4.05s/it]2026-04-17 04:29:53,270 - INFO - [sparse-mezo] global_step=369 active_fraction=0.251911 active_params=331454018/1315758080 configured_ratio=0.250000 mask_strategy=percentile_per_layer scope=trainable_only

 15%|█▌        | 370/2405 [25:26<2:17:29,  4.05s/it]2026-04-17 04:29:57,327 - INFO - [sparse-mezo] global_step=370 active_fraction=0.252201 active_params=331835638/1315758080 configured_ratio=0.250000 mask_strategy=percentile_per_layer scope=trainable_only

 15%|█▌        | 371/2405 [25:30<2:17:27,  4.05s/it]2026-04-17 04:30:01,383 - INFO - [sparse-mezo] global_step=371 active_fraction=0.254423 active_params=334758971/1315758080 configured_ratio=0.250000 mask_strategy=percentile_per_layer scope=trainable_only

 15%|█▌        | 372/2405 [25:34<2:17:29,  4.06s/it]2026-04-17 04:30:05,448 - INFO - [sparse-mezo] global_step=372 active_fraction=0.253077 active_params=332987665/1315758080 configured_ratio=0.250000 mask_strategy=percentile_per_layer scope=trainable_only

 16%|█▌        | 373/2405 [25:38<2:17:30,  4.06s/it]2026-04-17 04:30:09,512 - INFO - [sparse-mezo] global_step=373 active_fraction=0.253073 active_params=332982216/1315758080 configured_ratio=0.250000 mask_strategy=percentile_per_layer scope=trainable_only

 16%|█▌        | 374/2405 [25:42<2:17:22,  4.06s/it]2026-04-17 04:30:13,568 - INFO - [sparse-mezo] global_step=374 active_fraction=0.253068 active_params=332976912/1315758080 configured_ratio=0.250000 mask_strategy=percentile_per_layer scope=trainable_only

 16%|█▌        | 375/2405 [25:46<2:17:28,  4.06s/it]2026-04-17 04:30:17,644 - INFO - [sparse-mezo] global_step=375 active_fraction=0.252315 active_params=331985823/1315758080 configured_ratio=0.250000 mask_strategy=percentile_per_layer scope=trainable_only

 16%|█▌        | 376/2405 [25:50<2:17:20,  4.06s/it]2026-04-17 04:30:21,698 - INFO - [sparse-mezo] global_step=376 active_fraction=0.254243 active_params=334522892/1315758080 configured_ratio=0.250000 mask_strategy=percentile_per_layer scope=trainable_only

 16%|█▌        | 377/2405 [25:54<2:17:17,  4.06s/it]2026-04-17 04:30:25,762 - INFO - [sparse-mezo] global_step=377 active_fraction=0.251947 active_params=331501232/1315758080 configured_ratio=0.250000 mask_strategy=percentile_per_layer scope=trainable_only

 16%|█▌        | 378/2405 [25:58<2:17:15,  4.06s/it]2026-04-17 04:30:29,825 - INFO - [sparse-mezo] global_step=378 active_fraction=0.252696 active_params=332486187/1315758080 configured_ratio=0.250000 mask_strategy=percentile_per_layer scope=trainable_only

 16%|█▌        | 379/2405 [26:02<2:17:11,  4.06s/it]2026-04-17 04:30:33,887 - INFO - [sparse-mezo] global_step=379 active_fraction=0.252691 active_params=332480822/1315758080 configured_ratio=0.250000 mask_strategy=percentile_per_layer scope=trainable_only

 16%|█▌        | 380/2405 [26:06<2:17:00,  4.06s/it]2026-04-17 04:30:37,940 - INFO - [sparse-mezo] global_step=380 active_fraction=0.251431 active_params=330822508/1315758080 configured_ratio=0.250000 mask_strategy=percentile_per_layer scope=trainable_only

 16%|█▌        | 381/2405 [26:10<2:16:58,  4.06s/it]2026-04-17 04:30:42,002 - INFO - [sparse-mezo] global_step=381 active_fraction=0.252067 active_params=331658711/1315758080 configured_ratio=0.250000 mask_strategy=percentile_per_layer scope=trainable_only

 16%|█▌        | 382/2405 [26:14<2:16:55,  4.06s/it]2026-04-17 04:30:46,062 - INFO - [sparse-mezo] global_step=382 active_fraction=0.252062 active_params=331652872/1315758080 configured_ratio=0.250000 mask_strategy=percentile_per_layer scope=trainable_only

 16%|█▌        | 383/2405 [26:18<2:16:45,  4.06s/it]2026-04-17 04:30:50,112 - INFO - [sparse-mezo] global_step=383 active_fraction=0.252585 active_params=332340865/1315758080 configured_ratio=0.250000 mask_strategy=percentile_per_layer scope=trainable_only

 16%|█▌        | 384/2405 [26:23<2:16:36,  4.06s/it]2026-04-17 04:30:54,167 - INFO - [sparse-mezo] global_step=384 active_fraction=0.252539 active_params=332279807/1315758080 configured_ratio=0.250000 mask_strategy=percentile_per_layer scope=trainable_only

 16%|█▌        | 385/2405 [26:27<2:16:37,  4.06s/it]2026-04-17 04:30:58,231 - INFO - [sparse-mezo] global_step=385 active_fraction=0.253689 active_params=333793695/1315758080 configured_ratio=0.250000 mask_strategy=percentile_per_layer scope=trainable_only

 16%|█▌        | 386/2405 [26:31<2:16:42,  4.06s/it]2026-04-17 04:31:02,303 - INFO - [sparse-mezo] global_step=386 active_fraction=0.253685 active_params=333788140/1315758080 configured_ratio=0.250000 mask_strategy=percentile_per_layer scope=trainable_only

 16%|█▌        | 387/2405 [26:35<2:16:38,  4.06s/it]2026-04-17 04:31:06,365 - INFO - [sparse-mezo] global_step=387 active_fraction=0.253681 active_params=333782628/1315758080 configured_ratio=0.250000 mask_strategy=percentile_per_layer scope=trainable_only

 16%|█▌        | 388/2405 [26:39<2:16:33,  4.06s/it]2026-04-17 04:31:10,424 - INFO - [sparse-mezo] global_step=388 active_fraction=0.253375 active_params=333379604/1315758080 configured_ratio=0.250000 mask_strategy=percentile_per_layer scope=trainable_only

 16%|█▌        | 389/2405 [26:43<2:16:19,  4.06s/it]2026-04-17 04:31:14,472 - INFO - [sparse-mezo] global_step=389 active_fraction=0.251785 active_params=331288566/1315758080 configured_ratio=0.250000 mask_strategy=percentile_per_layer scope=trainable_only

 16%|█▌        | 390/2405 [26:47<2:16:12,  4.06s/it]2026-04-17 04:31:18,525 - INFO - [sparse-mezo] global_step=390 active_fraction=0.251781 active_params=331282746/1315758080 configured_ratio=0.250000 mask_strategy=percentile_per_layer scope=trainable_only

 16%|█▋        | 391/2405 [26:51<2:16:18,  4.06s/it]2026-04-17 04:31:22,596 - INFO - [sparse-mezo] global_step=391 active_fraction=0.251789 active_params=331293816/1315758080 configured_ratio=0.250000 mask_strategy=percentile_per_layer scope=trainable_only

 16%|█▋        | 392/2405 [26:55<2:16:08,  4.06s/it]2026-04-17 04:31:26,645 - INFO - [sparse-mezo] global_step=392 active_fraction=0.251785 active_params=331288196/1315758080 configured_ratio=0.250000 mask_strategy=percentile_per_layer scope=trainable_only

 16%|█▋        | 393/2405 [26:59<2:16:11,  4.06s/it]2026-04-17 04:31:30,719 - INFO - [sparse-mezo] global_step=393 active_fraction=0.251213 active_params=330535781/1315758080 configured_ratio=0.250000 mask_strategy=percentile_per_layer scope=trainable_only

 16%|█▋        | 394/2405 [27:03<2:16:14,  4.06s/it]2026-04-17 04:31:34,789 - INFO - [sparse-mezo] global_step=394 active_fraction=0.251521 active_params=330941130/1315758080 configured_ratio=0.250000 mask_strategy=percentile_per_layer scope=trainable_only

 16%|█▋        | 395/2405 [27:07<2:16:07,  4.06s/it]2026-04-17 04:31:38,851 - INFO - [sparse-mezo] global_step=395 active_fraction=0.251918 active_params=331462549/1315758080 configured_ratio=0.250000 mask_strategy=percentile_per_layer scope=trainable_only

 16%|█▋        | 396/2405 [27:11<2:16:02,  4.06s/it]2026-04-17 04:31:42,908 - INFO - [sparse-mezo] global_step=396 active_fraction=0.254076 active_params=334303191/1315758080 configured_ratio=0.250000 mask_strategy=percentile_per_layer scope=trainable_only

 17%|█▋        | 397/2405 [27:15<2:15:55,  4.06s/it]2026-04-17 04:31:46,970 - INFO - [sparse-mezo] global_step=397 active_fraction=0.252340 active_params=332018386/1315758080 configured_ratio=0.250000 mask_strategy=percentile_per_layer scope=trainable_only

 17%|█▋        | 398/2405 [27:19<2:15:42,  4.06s/it]2026-04-17 04:31:51,018 - INFO - [sparse-mezo] global_step=398 active_fraction=0.252351 active_params=332032989/1315758080 configured_ratio=0.250000 mask_strategy=percentile_per_layer scope=trainable_only

 17%|█▋        | 399/2405 [27:23<2:15:41,  4.06s/it]2026-04-17 04:31:55,080 - INFO - [sparse-mezo] global_step=399 active_fraction=0.252347 active_params=332027625/1315758080 configured_ratio=0.250000 mask_strategy=percentile_per_layer scope=trainable_only

 17%|█▋        | 400/2405 [27:27<2:15:40,  4.06s/it]2026-04-17 04:31:59,141 - INFO - [sparse-mezo] global_step=400 active_fraction=0.252361 active_params=332045489/1315758080 configured_ratio=0.250000 mask_strategy=percentile_per_layer scope=trainable_only
2026-04-17 04:32:03,525 - INFO - [zo_probe] step=400 eps=1.000e-06 precision=fp16 n=16 mae=9.203678e+02 mse=1.258523e+06 rmse=1.121839e+03 sign_acc=0.3125 corr=-0.072503

 17%|█▋        | 401/2405 [27:36<2:59:38,  5.38s/it]2026-04-17 04:32:07,599 - INFO - [sparse-mezo] global_step=401 active_fraction=0.251630 active_params=331084235/1315758080 configured_ratio=0.250000 mask_strategy=percentile_per_layer scope=trainable_only

 17%|█▋        | 402/2405 [27:40<2:46:16,  4.98s/it]2026-04-17 04:32:11,646 - INFO - [sparse-mezo] global_step=402 active_fraction=0.251354 active_params=330721228/1315758080 configured_ratio=0.250000 mask_strategy=percentile_per_layer scope=trainable_only

 17%|█▋        | 403/2405 [27:44<2:36:56,  4.70s/it]2026-04-17 04:32:15,702 - INFO - [sparse-mezo] global_step=403 active_fraction=0.251368 active_params=330739184/1315758080 configured_ratio=0.250000 mask_strategy=percentile_per_layer scope=trainable_only

 17%|█▋        | 404/2405 [27:48<2:30:14,  4.50s/it]2026-04-17 04:32:19,746 - INFO - [sparse-mezo] global_step=404 active_fraction=0.253428 active_params=333450422/1315758080 configured_ratio=0.250000 mask_strategy=percentile_per_layer scope=trainable_only

 17%|█▋        | 405/2405 [27:52<2:25:42,  4.37s/it]2026-04-17 04:32:23,805 - INFO - [sparse-mezo] global_step=405 active_fraction=0.252335 active_params=332012459/1315758080 configured_ratio=0.250000 mask_strategy=percentile_per_layer scope=trainable_only

 17%|█▋        | 406/2405 [27:56<2:22:24,  4.27s/it]2026-04-17 04:32:27,854 - INFO - [sparse-mezo] global_step=406 active_fraction=0.252317 active_params=331987478/1315758080 configured_ratio=0.250000 mask_strategy=percentile_per_layer scope=trainable_only

 17%|█▋        | 407/2405 [28:00<2:20:10,  4.21s/it]2026-04-17 04:32:31,910 - INFO - [sparse-mezo] global_step=407 active_fraction=0.252778 active_params=332595087/1315758080 configured_ratio=0.250000 mask_strategy=percentile_per_layer scope=trainable_only

 17%|█▋        | 408/2405 [28:04<2:18:34,  4.16s/it]2026-04-17 04:32:35,970 - INFO - [sparse-mezo] global_step=408 active_fraction=0.251974 active_params=331536730/1315758080 configured_ratio=0.250000 mask_strategy=percentile_per_layer scope=trainable_only

 17%|█▋        | 409/2405 [28:08<2:17:34,  4.14s/it]2026-04-17 04:32:40,039 - INFO - [sparse-mezo] global_step=409 active_fraction=0.251718 active_params=331200153/1315758080 configured_ratio=0.250000 mask_strategy=percentile_per_layer scope=trainable_only

 17%|█▋        | 410/2405 [28:12<2:16:39,  4.11s/it]2026-04-17 04:32:44,090 - INFO - [sparse-mezo] global_step=410 active_fraction=0.255069 active_params=335608565/1315758080 configured_ratio=0.250000 mask_strategy=percentile_per_layer scope=trainable_only

 17%|█▋        | 411/2405 [28:16<2:15:56,  4.09s/it]2026-04-17 04:32:48,134 - INFO - [sparse-mezo] global_step=411 active_fraction=0.255064 active_params=335602542/1315758080 configured_ratio=0.250000 mask_strategy=percentile_per_layer scope=trainable_only

 17%|█▋        | 412/2405 [28:21<2:15:34,  4.08s/it]2026-04-17 04:32:52,194 - INFO - [sparse-mezo] global_step=412 active_fraction=0.254984 active_params=335496730/1315758080 configured_ratio=0.250000 mask_strategy=percentile_per_layer scope=trainable_only

 17%|█▋        | 413/2405 [28:25<2:15:17,  4.07s/it]2026-04-17 04:32:56,253 - INFO - [sparse-mezo] global_step=413 active_fraction=0.254997 active_params=335514665/1315758080 configured_ratio=0.250000 mask_strategy=percentile_per_layer scope=trainable_only

 17%|█▋        | 414/2405 [28:29<2:15:09,  4.07s/it]2026-04-17 04:33:00,325 - INFO - [sparse-mezo] global_step=414 active_fraction=0.252222 active_params=331863368/1315758080 configured_ratio=0.250000 mask_strategy=percentile_per_layer scope=trainable_only

 17%|█▋        | 415/2405 [28:33<2:14:58,  4.07s/it]2026-04-17 04:33:04,382 - INFO - [sparse-mezo] global_step=415 active_fraction=0.253697 active_params=333804270/1315758080 configured_ratio=0.250000 mask_strategy=percentile_per_layer scope=trainable_only

 17%|█▋        | 416/2405 [28:37<2:14:41,  4.06s/it]2026-04-17 04:33:08,430 - INFO - [sparse-mezo] global_step=416 active_fraction=0.253693 active_params=333798294/1315758080 configured_ratio=0.250000 mask_strategy=percentile_per_layer scope=trainable_only

 17%|█▋        | 417/2405 [28:41<2:14:28,  4.06s/it]2026-04-17 04:33:12,479 - INFO - [sparse-mezo] global_step=417 active_fraction=0.251778 active_params=331278833/1315758080 configured_ratio=0.250000 mask_strategy=percentile_per_layer scope=trainable_only

 17%|█▋        | 418/2405 [28:45<2:14:18,  4.06s/it]2026-04-17 04:33:16,525 - INFO - [sparse-mezo] global_step=418 active_fraction=0.251774 active_params=331273173/1315758080 configured_ratio=0.250000 mask_strategy=percentile_per_layer scope=trainable_only

 17%|█▋        | 419/2405 [28:49<2:14:20,  4.06s/it]2026-04-17 04:33:20,595 - INFO - [sparse-mezo] global_step=419 active_fraction=0.254706 active_params=335130997/1315758080 configured_ratio=0.250000 mask_strategy=percentile_per_layer scope=trainable_only

 17%|█▋        | 420/2405 [28:53<2:14:17,  4.06s/it]2026-04-17 04:33:24,657 - INFO - [sparse-mezo] global_step=420 active_fraction=0.254701 active_params=335125504/1315758080 configured_ratio=0.250000 mask_strategy=percentile_per_layer scope=trainable_only

 18%|█▊        | 421/2405 [28:57<2:14:09,  4.06s/it]2026-04-17 04:33:28,703 - INFO - [sparse-mezo] global_step=421 active_fraction=0.251991 active_params=331559396/1315758080 configured_ratio=0.250000 mask_strategy=percentile_per_layer scope=trainable_only

 18%|█▊        | 422/2405 [29:01<2:14:09,  4.06s/it]2026-04-17 04:33:32,772 - INFO - [sparse-mezo] global_step=422 active_fraction=0.251484 active_params=330892462/1315758080 configured_ratio=0.250000 mask_strategy=percentile_per_layer scope=trainable_only

 18%|█▊        | 423/2405 [29:05<2:14:06,  4.06s/it]2026-04-17 04:33:36,833 - INFO - [sparse-mezo] global_step=423 active_fraction=0.251480 active_params=330887226/1315758080 configured_ratio=0.250000 mask_strategy=percentile_per_layer scope=trainable_only

 18%|█▊        | 424/2405 [29:09<2:14:02,  4.06s/it]2026-04-17 04:33:40,893 - INFO - [sparse-mezo] global_step=424 active_fraction=0.251767 active_params=331264954/1315758080 configured_ratio=0.250000 mask_strategy=percentile_per_layer scope=trainable_only

 18%|█▊        | 425/2405 [29:13<2:13:52,  4.06s/it]2026-04-17 04:33:44,943 - INFO - [sparse-mezo] global_step=425 active_fraction=0.251617 active_params=331067532/1315758080 configured_ratio=0.250000 mask_strategy=percentile_per_layer scope=trainable_only

 18%|█▊        | 426/2405 [29:17<2:13:46,  4.06s/it]2026-04-17 04:33:48,994 - INFO - [sparse-mezo] global_step=426 active_fraction=0.251806 active_params=331316079/1315758080 configured_ratio=0.250000 mask_strategy=percentile_per_layer scope=trainable_only

 18%|█▊        | 427/2405 [29:21<2:13:44,  4.06s/it]2026-04-17 04:33:53,056 - INFO - [sparse-mezo] global_step=427 active_fraction=0.251827 active_params=331343986/1315758080 configured_ratio=0.250000 mask_strategy=percentile_per_layer scope=trainable_only

 18%|█▊        | 428/2405 [29:25<2:13:42,  4.06s/it]2026-04-17 04:33:57,118 - INFO - [sparse-mezo] global_step=428 active_fraction=0.251469 active_params=330872520/1315758080 configured_ratio=0.250000 mask_strategy=percentile_per_layer scope=trainable_only

 18%|█▊        | 429/2405 [29:30<2:13:40,  4.06s/it]2026-04-17 04:34:01,177 - INFO - [sparse-mezo] global_step=429 active_fraction=0.251494 active_params=330905246/1315758080 configured_ratio=0.250000 mask_strategy=percentile_per_layer scope=trainable_only

 18%|█▊        | 430/2405 [29:34<2:13:36,  4.06s/it]2026-04-17 04:34:05,238 - INFO - [sparse-mezo] global_step=430 active_fraction=0.253814 active_params=333957563/1315758080 configured_ratio=0.250000 mask_strategy=percentile_per_layer scope=trainable_only

 18%|█▊        | 431/2405 [29:38<2:13:25,  4.06s/it]2026-04-17 04:34:09,285 - INFO - [sparse-mezo] global_step=431 active_fraction=0.251458 active_params=330857356/1315758080 configured_ratio=0.250000 mask_strategy=percentile_per_layer scope=trainable_only

 18%|█▊        | 432/2405 [29:42<2:13:30,  4.06s/it]2026-04-17 04:34:13,355 - INFO - [sparse-mezo] global_step=432 active_fraction=0.252824 active_params=332655174/1315758080 configured_ratio=0.250000 mask_strategy=percentile_per_layer scope=trainable_only

 18%|█▊        | 433/2405 [29:46<2:13:32,  4.06s/it]2026-04-17 04:34:17,426 - INFO - [sparse-mezo] global_step=433 active_fraction=0.251938 active_params=331489953/1315758080 configured_ratio=0.250000 mask_strategy=percentile_per_layer scope=trainable_only

 18%|█▊        | 434/2405 [29:50<2:13:33,  4.07s/it]2026-04-17 04:34:21,497 - INFO - [sparse-mezo] global_step=434 active_fraction=0.251934 active_params=331484573/1315758080 configured_ratio=0.250000 mask_strategy=percentile_per_layer scope=trainable_only

 18%|█▊        | 435/2405 [29:54<2:13:34,  4.07s/it]2026-04-17 04:34:25,571 - INFO - [sparse-mezo] global_step=435 active_fraction=0.253642 active_params=333731069/1315758080 configured_ratio=0.250000 mask_strategy=percentile_per_layer scope=trainable_only

 18%|█▊        | 436/2405 [29:58<2:13:31,  4.07s/it]2026-04-17 04:34:29,640 - INFO - [sparse-mezo] global_step=436 active_fraction=0.255099 active_params=335647936/1315758080 configured_ratio=0.250000 mask_strategy=percentile_per_layer scope=trainable_only

 18%|█▊        | 437/2405 [30:02<2:13:16,  4.06s/it]2026-04-17 04:34:33,689 - INFO - [sparse-mezo] global_step=437 active_fraction=0.255094 active_params=335642317/1315758080 configured_ratio=0.250000 mask_strategy=percentile_per_layer scope=trainable_only

 18%|█▊        | 438/2405 [30:06<2:13:03,  4.06s/it]2026-04-17 04:34:37,739 - INFO - [sparse-mezo] global_step=438 active_fraction=0.253959 active_params=334148193/1315758080 configured_ratio=0.250000 mask_strategy=percentile_per_layer scope=trainable_only

 18%|█▊        | 439/2405 [30:10<2:12:54,  4.06s/it]2026-04-17 04:34:41,781 - INFO - [sparse-mezo] global_step=439 active_fraction=0.253954 active_params=334142485/1315758080 configured_ratio=0.250000 mask_strategy=percentile_per_layer scope=trainable_only

 18%|█▊        | 440/2405 [30:14<2:12:42,  4.05s/it]2026-04-17 04:34:45,828 - INFO - [sparse-mezo] global_step=440 active_fraction=0.253950 active_params=334136872/1315758080 configured_ratio=0.250000 mask_strategy=percentile_per_layer scope=trainable_only

 18%|█▊        | 441/2405 [30:18<2:12:35,  4.05s/it]2026-04-17 04:34:49,876 - INFO - [sparse-mezo] global_step=441 active_fraction=0.253596 active_params=333670463/1315758080 configured_ratio=0.250000 mask_strategy=percentile_per_layer scope=trainable_only

 18%|█▊        | 442/2405 [30:22<2:12:26,  4.05s/it]2026-04-17 04:34:53,919 - INFO - [sparse-mezo] global_step=442 active_fraction=0.253591 active_params=333664837/1315758080 configured_ratio=0.250000 mask_strategy=percentile_per_layer scope=trainable_only

 18%|█▊        | 443/2405 [30:26<2:12:27,  4.05s/it]2026-04-17 04:34:57,977 - INFO - [sparse-mezo] global_step=443 active_fraction=0.253335 active_params=333327749/1315758080 configured_ratio=0.250000 mask_strategy=percentile_per_layer scope=trainable_only

 18%|█▊        | 444/2405 [30:30<2:12:19,  4.05s/it]2026-04-17 04:35:02,021 - INFO - [sparse-mezo] global_step=444 active_fraction=0.253331 active_params=333322747/1315758080 configured_ratio=0.250000 mask_strategy=percentile_per_layer scope=trainable_only

 19%|█▊        | 445/2405 [30:34<2:12:15,  4.05s/it]2026-04-17 04:35:06,066 - INFO - [sparse-mezo] global_step=445 active_fraction=0.253328 active_params=333317802/1315758080 configured_ratio=0.250000 mask_strategy=percentile_per_layer scope=trainable_only

 19%|█▊        | 446/2405 [30:38<2:12:15,  4.05s/it]2026-04-17 04:35:10,126 - INFO - [sparse-mezo] global_step=446 active_fraction=0.255783 active_params=336548562/1315758080 configured_ratio=0.250000 mask_strategy=percentile_per_layer scope=trainable_only

 19%|█▊        | 447/2405 [30:43<2:12:10,  4.05s/it]2026-04-17 04:35:14,176 - INFO - [sparse-mezo] global_step=447 active_fraction=0.255779 active_params=336543442/1315758080 configured_ratio=0.250000 mask_strategy=percentile_per_layer scope=trainable_only

 19%|█▊        | 448/2405 [30:47<2:12:11,  4.05s/it]2026-04-17 04:35:18,230 - INFO - [sparse-mezo] global_step=448 active_fraction=0.253076 active_params=332986483/1315758080 configured_ratio=0.250000 mask_strategy=percentile_per_layer scope=trainable_only

 19%|█▊        | 449/2405 [30:51<2:12:08,  4.05s/it]2026-04-17 04:35:22,289 - INFO - [sparse-mezo] global_step=449 active_fraction=0.253088 active_params=333002591/1315758080 configured_ratio=0.250000 mask_strategy=percentile_per_layer scope=trainable_only

 19%|█▊        | 450/2405 [30:55<2:12:02,  4.05s/it]2026-04-17 04:35:26,339 - INFO - [sparse-mezo] global_step=450 active_fraction=0.253084 active_params=332997584/1315758080 configured_ratio=0.250000 mask_strategy=percentile_per_layer scope=trainable_only

 19%|█▉        | 451/2405 [30:59<2:12:07,  4.06s/it]2026-04-17 04:35:30,406 - INFO - [sparse-mezo] global_step=451 active_fraction=0.253081 active_params=332992924/1315758080 configured_ratio=0.250000 mask_strategy=percentile_per_layer scope=trainable_only

 19%|█▉        | 452/2405 [31:03<2:12:03,  4.06s/it]2026-04-17 04:35:34,462 - INFO - [sparse-mezo] global_step=452 active_fraction=0.252612 active_params=332376567/1315758080 configured_ratio=0.250000 mask_strategy=percentile_per_layer scope=trainable_only

 19%|█▉        | 453/2405 [31:07<2:11:59,  4.06s/it]2026-04-17 04:35:38,519 - INFO - [sparse-mezo] global_step=453 active_fraction=0.252608 active_params=332371518/1315758080 configured_ratio=0.250000 mask_strategy=percentile_per_layer scope=trainable_only

 19%|█▉        | 454/2405 [31:11<2:11:49,  4.05s/it]2026-04-17 04:35:42,567 - INFO - [sparse-mezo] global_step=454 active_fraction=0.252605 active_params=332366565/1315758080 configured_ratio=0.250000 mask_strategy=percentile_per_layer scope=trainable_only

 19%|█▉        | 455/2405 [31:15<2:11:47,  4.06s/it]2026-04-17 04:35:46,625 - INFO - [sparse-mezo] global_step=455 active_fraction=0.252601 active_params=332361833/1315758080 configured_ratio=0.250000 mask_strategy=percentile_per_layer scope=trainable_only

 19%|█▉        | 456/2405 [31:19<2:11:51,  4.06s/it]2026-04-17 04:35:50,693 - INFO - [sparse-mezo] global_step=456 active_fraction=0.252505 active_params=332236048/1315758080 configured_ratio=0.250000 mask_strategy=percentile_per_layer scope=trainable_only

 19%|█▉        | 457/2405 [31:23<2:11:47,  4.06s/it]2026-04-17 04:35:54,756 - INFO - [sparse-mezo] global_step=457 active_fraction=0.252502 active_params=332230989/1315758080 configured_ratio=0.250000 mask_strategy=percentile_per_layer scope=trainable_only

 19%|█▉        | 458/2405 [31:27<2:11:44,  4.06s/it]2026-04-17 04:35:58,815 - INFO - [sparse-mezo] global_step=458 active_fraction=0.254482 active_params=334836698/1315758080 configured_ratio=0.250000 mask_strategy=percentile_per_layer scope=trainable_only

 19%|█▉        | 459/2405 [31:31<2:11:39,  4.06s/it]2026-04-17 04:36:02,873 - INFO - [sparse-mezo] global_step=459 active_fraction=0.253930 active_params=334110293/1315758080 configured_ratio=0.250000 mask_strategy=percentile_per_layer scope=trainable_only

 19%|█▉        | 460/2405 [31:35<2:11:34,  4.06s/it]2026-04-17 04:36:06,928 - INFO - [sparse-mezo] global_step=460 active_fraction=0.253708 active_params=333818284/1315758080 configured_ratio=0.250000 mask_strategy=percentile_per_layer scope=trainable_only

 19%|█▉        | 461/2405 [31:39<2:11:28,  4.06s/it]2026-04-17 04:36:10,986 - INFO - [sparse-mezo] global_step=461 active_fraction=0.253704 active_params=333813549/1315758080 configured_ratio=0.250000 mask_strategy=percentile_per_layer scope=trainable_only

 19%|█▉        | 462/2405 [31:43<2:11:24,  4.06s/it]2026-04-17 04:36:15,041 - INFO - [sparse-mezo] global_step=462 active_fraction=0.253720 active_params=333834074/1315758080 configured_ratio=0.250000 mask_strategy=percentile_per_layer scope=trainable_only

 19%|█▉        | 463/2405 [31:47<2:11:13,  4.05s/it]2026-04-17 04:36:19,089 - INFO - [sparse-mezo] global_step=463 active_fraction=0.253717 active_params=333829606/1315758080 configured_ratio=0.250000 mask_strategy=percentile_per_layer scope=trainable_only

 19%|█▉        | 464/2405 [31:51<2:11:05,  4.05s/it]2026-04-17 04:36:23,134 - INFO - [sparse-mezo] global_step=464 active_fraction=0.253713 active_params=333825095/1315758080 configured_ratio=0.250000 mask_strategy=percentile_per_layer scope=trainable_only

 19%|█▉        | 465/2405 [31:56<2:10:57,  4.05s/it]2026-04-17 04:36:27,181 - INFO - [sparse-mezo] global_step=465 active_fraction=0.253705 active_params=333814739/1315758080 configured_ratio=0.250000 mask_strategy=percentile_per_layer scope=trainable_only

 19%|█▉        | 466/2405 [32:00<2:10:51,  4.05s/it]2026-04-17 04:36:31,230 - INFO - [sparse-mezo] global_step=466 active_fraction=0.253809 active_params=333951812/1315758080 configured_ratio=0.250000 mask_strategy=percentile_per_layer scope=trainable_only

 19%|█▉        | 467/2405 [32:04<2:10:46,  4.05s/it]2026-04-17 04:36:35,277 - INFO - [sparse-mezo] global_step=467 active_fraction=0.253850 active_params=334005089/1315758080 configured_ratio=0.250000 mask_strategy=percentile_per_layer scope=trainable_only

 19%|█▉        | 468/2405 [32:08<2:10:47,  4.05s/it]2026-04-17 04:36:39,334 - INFO - [sparse-mezo] global_step=468 active_fraction=0.253846 active_params=334000476/1315758080 configured_ratio=0.250000 mask_strategy=percentile_per_layer scope=trainable_only

 20%|█▉        | 469/2405 [32:12<2:10:52,  4.06s/it]2026-04-17 04:36:43,400 - INFO - [sparse-mezo] global_step=469 active_fraction=0.253843 active_params=333995925/1315758080 configured_ratio=0.250000 mask_strategy=percentile_per_layer scope=trainable_only

 20%|█▉        | 470/2405 [32:16<2:10:42,  4.05s/it]2026-04-17 04:36:47,449 - INFO - [sparse-mezo] global_step=470 active_fraction=0.255872 active_params=336665266/1315758080 configured_ratio=0.250000 mask_strategy=percentile_per_layer scope=trainable_only

 20%|█▉        | 471/2405 [32:20<2:10:42,  4.05s/it]2026-04-17 04:36:51,502 - INFO - [sparse-mezo] global_step=471 active_fraction=0.255335 active_params=335959544/1315758080 configured_ratio=0.250000 mask_strategy=percentile_per_layer scope=trainable_only

 20%|█▉        | 472/2405 [32:24<2:10:36,  4.05s/it]2026-04-17 04:36:55,558 - INFO - [sparse-mezo] global_step=472 active_fraction=0.255332 active_params=335955476/1315758080 configured_ratio=0.250000 mask_strategy=percentile_per_layer scope=trainable_only

 20%|█▉        | 473/2405 [32:28<2:10:28,  4.05s/it]2026-04-17 04:36:59,605 - INFO - [sparse-mezo] global_step=473 active_fraction=0.255343 active_params=335969564/1315758080 configured_ratio=0.250000 mask_strategy=percentile_per_layer scope=trainable_only

 20%|█▉        | 474/2405 [32:32<2:10:26,  4.05s/it]2026-04-17 04:37:03,824 - INFO - [sparse-mezo] global_step=474 active_fraction=0.253265 active_params=333236084/1315758080 configured_ratio=0.250000 mask_strategy=percentile_per_layer scope=trainable_only

 20%|█▉        | 475/2405 [32:36<2:12:07,  4.11s/it]2026-04-17 04:37:08,058 - INFO - [sparse-mezo] global_step=475 active_fraction=0.253263 active_params=333232445/1315758080 configured_ratio=0.250000 mask_strategy=percentile_per_layer scope=trainable_only

 20%|█▉        | 476/2405 [32:40<2:13:02,  4.14s/it]2026-04-17 04:37:12,235 - INFO - [sparse-mezo] global_step=476 active_fraction=0.253675 active_params=333775450/1315758080 configured_ratio=0.250000 mask_strategy=percentile_per_layer scope=trainable_only

 20%|█▉        | 477/2405 [32:45<2:13:20,  4.15s/it]2026-04-17 04:37:16,261 - INFO - [sparse-mezo] global_step=477 active_fraction=0.253194 active_params=333141489/1315758080 configured_ratio=0.250000 mask_strategy=percentile_per_layer scope=trainable_only

 20%|█▉        | 478/2405 [32:49<2:12:19,  4.12s/it]2026-04-17 04:37:20,334 - INFO - [sparse-mezo] global_step=478 active_fraction=0.252100 active_params=331702562/1315758080 configured_ratio=0.250000 mask_strategy=percentile_per_layer scope=trainable_only

 20%|█▉        | 479/2405 [32:53<2:11:39,  4.10s/it]2026-04-17 04:37:24,381 - INFO - [sparse-mezo] global_step=479 active_fraction=0.254353 active_params=334666377/1315758080 configured_ratio=0.250000 mask_strategy=percentile_per_layer scope=trainable_only

 20%|█▉        | 480/2405 [32:57<2:11:08,  4.09s/it]2026-04-17 04:37:28,433 - INFO - [sparse-mezo] global_step=480 active_fraction=0.256164 active_params=337049357/1315758080 configured_ratio=0.250000 mask_strategy=percentile_per_layer scope=trainable_only

 20%|██        | 481/2405 [33:01<2:10:23,  4.07s/it]2026-04-17 04:37:32,669 - INFO - [sparse-mezo] global_step=481 active_fraction=0.252799 active_params=332622890/1315758080 configured_ratio=0.250000 mask_strategy=percentile_per_layer scope=trainable_only

 20%|██        | 482/2405 [33:05<2:12:21,  4.13s/it]2026-04-17 04:37:36,736 - INFO - [sparse-mezo] global_step=482 active_fraction=0.254962 active_params=335468006/1315758080 configured_ratio=0.250000 mask_strategy=percentile_per_layer scope=trainable_only

 20%|██        | 483/2405 [33:09<2:11:23,  4.10s/it]2026-04-17 04:37:40,887 - INFO - [sparse-mezo] global_step=483 active_fraction=0.254184 active_params=334444749/1315758080 configured_ratio=0.250000 mask_strategy=percentile_per_layer scope=trainable_only

 20%|██        | 484/2405 [33:13<2:11:50,  4.12s/it]2026-04-17 04:37:44,928 - INFO - [sparse-mezo] global_step=484 active_fraction=0.253255 active_params=333222476/1315758080 configured_ratio=0.250000 mask_strategy=percentile_per_layer scope=trainable_only

 20%|██        | 485/2405 [33:17<2:11:08,  4.10s/it]2026-04-17 04:37:48,981 - INFO - [sparse-mezo] global_step=485 active_fraction=0.254098 active_params=334331299/1315758080 configured_ratio=0.250000 mask_strategy=percentile_per_layer scope=trainable_only

 20%|██        | 486/2405 [33:21<2:10:32,  4.08s/it]2026-04-17 04:37:53,019 - INFO - [sparse-mezo] global_step=486 active_fraction=0.254589 active_params=334977307/1315758080 configured_ratio=0.250000 mask_strategy=percentile_per_layer scope=trainable_only

 20%|██        | 487/2405 [33:25<2:10:02,  4.07s/it]2026-04-17 04:37:57,060 - INFO - [sparse-mezo] global_step=487 active_fraction=0.255128 active_params=335687245/1315758080 configured_ratio=0.250000 mask_strategy=percentile_per_layer scope=trainable_only

 20%|██        | 488/2405 [33:29<2:09:49,  4.06s/it]2026-04-17 04:38:01,113 - INFO - [sparse-mezo] global_step=488 active_fraction=0.255437 active_params=336092828/1315758080 configured_ratio=0.250000 mask_strategy=percentile_per_layer scope=trainable_only

 20%|██        | 489/2405 [33:34<2:09:32,  4.06s/it]2026-04-17 04:38:05,315 - INFO - [sparse-mezo] global_step=489 active_fraction=0.253618 active_params=333700250/1315758080 configured_ratio=0.250000 mask_strategy=percentile_per_layer scope=trainable_only

 20%|██        | 490/2405 [33:38<2:10:52,  4.10s/it]2026-04-17 04:38:09,517 - INFO - [sparse-mezo] global_step=490 active_fraction=0.253616 active_params=333697013/1315758080 configured_ratio=0.250000 mask_strategy=percentile_per_layer scope=trainable_only

 20%|██        | 491/2405 [33:42<2:11:52,  4.13s/it]2026-04-17 04:38:13,569 - INFO - [sparse-mezo] global_step=491 active_fraction=0.255603 active_params=336311379/1315758080 configured_ratio=0.250000 mask_strategy=percentile_per_layer scope=trainable_only

 20%|██        | 492/2405 [33:46<2:11:01,  4.11s/it]2026-04-17 04:38:17,621 - INFO - [sparse-mezo] global_step=492 active_fraction=0.255600 active_params=336307888/1315758080 configured_ratio=0.250000 mask_strategy=percentile_per_layer scope=trainable_only

 20%|██        | 493/2405 [33:50<2:10:24,  4.09s/it]2026-04-17 04:38:21,673 - INFO - [sparse-mezo] global_step=493 active_fraction=0.256111 active_params=336979841/1315758080 configured_ratio=0.250000 mask_strategy=percentile_per_layer scope=trainable_only

 21%|██        | 494/2405 [33:54<2:10:02,  4.08s/it]2026-04-17 04:38:25,736 - INFO - [sparse-mezo] global_step=494 active_fraction=0.256126 active_params=337000082/1315758080 configured_ratio=0.250000 mask_strategy=percentile_per_layer scope=trainable_only

 21%|██        | 495/2405 [33:58<2:09:36,  4.07s/it]2026-04-17 04:38:29,757 - INFO - [sparse-mezo] global_step=495 active_fraction=0.256124 active_params=336996676/1315758080 configured_ratio=0.250000 mask_strategy=percentile_per_layer scope=trainable_only

 21%|██        | 496/2405 [34:02<2:09:08,  4.06s/it]2026-04-17 04:38:33,788 - INFO - [sparse-mezo] global_step=496 active_fraction=0.256121 active_params=336993276/1315758080 configured_ratio=0.250000 mask_strategy=percentile_per_layer scope=trainable_only

 21%|██        | 497/2405 [34:06<2:08:48,  4.05s/it]2026-04-17 04:38:38,049 - INFO - [sparse-mezo] global_step=497 active_fraction=0.252680 active_params=332466190/1315758080 configured_ratio=0.250000 mask_strategy=percentile_per_layer scope=trainable_only

 21%|██        | 498/2405 [34:10<2:10:39,  4.11s/it]2026-04-17 04:38:42,302 - INFO - [sparse-mezo] global_step=498 active_fraction=0.252678 active_params=332462661/1315758080 configured_ratio=0.250000 mask_strategy=percentile_per_layer scope=trainable_only

 21%|██        | 499/2405 [34:15<2:11:56,  4.15s/it]2026-04-17 04:38:46,344 - INFO - [sparse-mezo] global_step=499 active_fraction=0.255655 active_params=336380552/1315758080 configured_ratio=0.250000 mask_strategy=percentile_per_layer scope=trainable_only

 21%|██        | 500/2405 [34:19<2:10:49,  4.12s/it]
                                                    

 21%|██        | 500/2405 [34:19<2:10:49,  4.12s/it]

  0%|          | 0/107 [00:00<?, ?it/s][A

  5%|▍         | 5/107 [00:00<00:02, 49.24it/s][A

  9%|▉         | 10/107 [00:00<00:02, 41.81it/s][A

 14%|█▍        | 15/107 [00:00<00:02, 41.65it/s][A

 19%|█▊        | 20/107 [00:00<00:02, 40.99it/s][A

 23%|██▎       | 25/107 [00:00<00:02, 40.43it/s][A

 28%|██▊       | 30/107 [00:00<00:01, 40.21it/s][A

 33%|███▎      | 35/107 [00:00<00:01, 40.85it/s][A

 37%|███▋      | 40/107 [00:00<00:01, 40.95it/s][A

 42%|████▏     | 45/107 [00:01<00:01, 40.29it/s][A

 47%|████▋     | 50/107 [00:01<00:01, 40.26it/s][A

 51%|█████▏    | 55/107 [00:01<00:01, 40.70it/s][A

 56%|█████▌    | 60/107 [00:01<00:01, 40.84it/s][A

 61%|██████    | 65/107 [00:01<00:01, 41.08it/s][A

 65%|██████▌   | 70/107 [00:01<00:00, 41.75it/s][A

 70%|███████   | 75/107 [00:01<00:00, 42.15it/s][A

 75%|███████▍  | 80/107 [00:01<00:00, 42.60it/s][A

 79%|███████▉  | 85/107 [00:02<00:00, 40.97it/s][A

 84%|████████▍ | 90/107 [00:02<00:00, 41.59it/s][A

 89%|████████▉ | 95/107 [00:02<00:00, 41.63it/s][A

 93%|█████████▎| 100/107 [00:02<00:00, 41.45it/s][A

 98%|█████████▊| 105/107 [00:02<00:00, 42.15it/s][A
                                                    

                                                 
[A
 21%|██        | 500/2405 [34:22<2:10:49,  4.12s/it]

100%|██████████| 107/107 [00:02<00:00, 42.15it/s][A

                                                 [A2026-04-17 04:38:49,556 - INFO - There are 0 training samples and 854 validation samples


  0%|          | 0/854 [00:00<?, ?it/s][A2026-04-17 04:38:49,557 - INFO - ========= Example =========
2026-04-17 04:38:49,557 - INFO - Candidate: [0, 1, 2, 3, 4]
2026-04-17 04:38:49,557 - INFO - Correct candidate: 3
2026-04-17 04:38:49,584 - INFO - === Candidate 0 ===
2026-04-17 04:38:49,584 - INFO - <s>hardly a film that comes along every day. It was terrible
2026-04-17 04:38:49,615 - INFO - Log probabilities of the option tokens: tensor([-11.3984], dtype=torch.float16)
2026-04-17 04:38:49,623 - INFO - === Candidate 1 (without context)===
2026-04-17 04:38:49,623 - INFO - <s>hardly a film that comes along every day. It was bad
2026-04-17 04:38:49,623 - INFO - Log probabilities of the option tokens: tensor([-10.2969], dtype=torch.float16)
2026-04-17 04:38:49,630 - INFO - === Candidate 2 (without context)===
2026-04-17 04:38:49,630 - INFO - <s>hardly a film that comes along every day. It was okay
2026-04-17 04:38:49,630 - INFO - Log probabilities of the option tokens: tensor([-10.6875], dtype=torch.float16)
2026-04-17 04:38:49,638 - INFO - === Candidate 3 (without context)===
2026-04-17 04:38:49,638 - INFO - <s>hardly a film that comes along every day. It was good
2026-04-17 04:38:49,638 - INFO - Log probabilities of the option tokens: tensor([-8.6484], dtype=torch.float16)
2026-04-17 04:38:49,645 - INFO - === Candidate 4 (without context)===
2026-04-17 04:38:49,645 - INFO - <s>hardly a film that comes along every day. It was great
2026-04-17 04:38:49,645 - INFO - Log probabilities of the option tokens: tensor([-8.8438], dtype=torch.float16)
2026-04-17 04:38:49,646 - INFO - Prediction scores: [-11.3984375, -10.296875, -10.6875, -8.6484375, -8.84375]
2026-04-17 04:38:49,646 - INFO - ========= Example =========
2026-04-17 04:38:49,646 - INFO - Candidate: [0, 1, 2, 3, 4]
2026-04-17 04:38:49,646 - INFO - Correct candidate: 0
2026-04-17 04:38:49,656 - INFO - === Candidate 0 ===
2026-04-17 04:38:49,656 - INFO - <s>-lrb- sam's -rrb- self-flagellation is more depressing than entertaining. It was terrible
2026-04-17 04:38:49,657 - INFO - Log probabilities of the option tokens: tensor([-11.1250], dtype=torch.float16)
2026-04-17 04:38:49,664 - INFO - === Candidate 1 (without context)===
2026-04-17 04:38:49,664 - INFO - <s>-lrb- sam's -rrb- self-flagellation is more depressing than entertaining. It was bad
2026-04-17 04:38:49,664 - INFO - Log probabilities of the option tokens: tensor([-9.9531], dtype=torch.float16)
2026-04-17 04:38:49,672 - INFO - === Candidate 2 (without context)===
2026-04-17 04:38:49,672 - INFO - <s>-lrb- sam's -rrb- self-flagellation is more depressing than entertaining. It was okay
2026-04-17 04:38:49,672 - INFO - Log probabilities of the option tokens: tensor([-11.0547], dtype=torch.float16)
2026-04-17 04:38:49,679 - INFO - === Candidate 3 (without context)===
2026-04-17 04:38:49,679 - INFO - <s>-lrb- sam's -rrb- self-flagellation is more depressing than entertaining. It was good
2026-04-17 04:38:49,680 - INFO - Log probabilities of the option tokens: tensor([-8.5859], dtype=torch.float16)
2026-04-17 04:38:49,687 - INFO - === Candidate 4 (without context)===
2026-04-17 04:38:49,687 - INFO - <s>-lrb- sam's -rrb- self-flagellation is more depressing than entertaining. It was great
2026-04-17 04:38:49,687 - INFO - Log probabilities of the option tokens: tensor([-8.1875], dtype=torch.float16)
2026-04-17 04:38:49,687 - INFO - Prediction scores: [-11.125, -9.953125, -11.0546875, -8.5859375, -8.1875]


  0%|          | 2/854 [00:00<00:55, 15.28it/s][A2026-04-17 04:38:49,688 - INFO - ========= Example =========
2026-04-17 04:38:49,688 - INFO - Candidate: [0, 1, 2, 3, 4]
2026-04-17 04:38:49,688 - INFO - Correct candidate: 4
2026-04-17 04:38:49,696 - INFO - === Candidate 0 ===
2026-04-17 04:38:49,696 - INFO - <s>y tu mamá también is hilariously, gloriously alive, and quite often hotter than georgia asphalt. It was terrible
2026-04-17 04:38:49,697 - INFO - Log probabilities of the option tokens: tensor([-11.1250], dtype=torch.float16)
2026-04-17 04:38:49,704 - INFO - === Candidate 1 (without context)===
2026-04-17 04:38:49,704 - INFO - <s>y tu mamá también is hilariously, gloriously alive, and quite often hotter than georgia asphalt. It was bad
2026-04-17 04:38:49,704 - INFO - Log probabilities of the option tokens: tensor([-11.1953], dtype=torch.float16)
2026-04-17 04:38:49,712 - INFO - === Candidate 2 (without context)===
2026-04-17 04:38:49,712 - INFO - <s>y tu mamá también is hilariously, gloriously alive, and quite often hotter than georgia asphalt. It was okay
2026-04-17 04:38:49,712 - INFO - Log probabilities of the option tokens: tensor([-11.1875], dtype=torch.float16)
2026-04-17 04:38:49,719 - INFO - === Candidate 3 (without context)===
2026-04-17 04:38:49,719 - INFO - <s>y tu mamá también is hilariously, gloriously alive, and quite often hotter than georgia asphalt. It was good
2026-04-17 04:38:49,720 - INFO - Log probabilities of the option tokens: tensor([-8.8281], dtype=torch.float16)
2026-04-17 04:38:49,727 - INFO - === Candidate 4 (without context)===
2026-04-17 04:38:49,727 - INFO - <s>y tu mamá también is hilariously, gloriously alive, and quite often hotter than georgia asphalt. It was great
2026-04-17 04:38:49,727 - INFO - Log probabilities of the option tokens: tensor([-8.5469], dtype=torch.float16)
2026-04-17 04:38:49,727 - INFO - Prediction scores: [-11.125, -11.1953125, -11.1875, -8.828125, -8.546875]


  1%|          | 5/854 [00:00<00:39, 21.64it/s][A

  1%|          | 8/854 [00:00<00:35, 23.75it/s][A

  1%|▏         | 11/854 [00:00<00:33, 25.13it/s][A

  2%|▏         | 14/854 [00:00<00:32, 25.91it/s][A

  2%|▏         | 17/854 [00:00<00:31, 26.30it/s][A

  2%|▏         | 20/854 [00:00<00:31, 26.52it/s][A

  3%|▎         | 23/854 [00:00<00:31, 26.60it/s][A

  3%|▎         | 26/854 [00:01<00:30, 26.75it/s][A

  3%|▎         | 29/854 [00:01<00:30, 26.71it/s][A

  4%|▎         | 32/854 [00:01<00:30, 26.91it/s][A

  4%|▍         | 35/854 [00:01<00:30, 26.82it/s][A

  4%|▍         | 38/854 [00:01<00:30, 26.81it/s][A

  5%|▍         | 41/854 [00:01<00:30, 26.98it/s][A

  5%|▌         | 44/854 [00:01<00:30, 26.95it/s][A

  6%|▌         | 47/854 [00:01<00:29, 27.00it/s][A

  6%|▌         | 50/854 [00:01<00:29, 26.85it/s][A

  6%|▌         | 53/854 [00:02<00:29, 26.77it/s][A

  7%|▋         | 56/854 [00:02<00:29, 26.96it/s][A

  7%|▋         | 59/854 [00:02<00:29, 26.84it/s][A

  7%|▋         | 62/854 [00:02<00:29, 26.89it/s][A

  8%|▊         | 65/854 [00:02<00:29, 26.90it/s][A

  8%|▊         | 68/854 [00:02<00:29, 27.04it/s][A

  8%|▊         | 71/854 [00:02<00:28, 27.14it/s][A

  9%|▊         | 74/854 [00:02<00:28, 27.05it/s][A

  9%|▉         | 77/854 [00:02<00:28, 27.07it/s][A

  9%|▉         | 80/854 [00:03<00:28, 26.94it/s][A

 10%|▉         | 83/854 [00:03<00:28, 26.90it/s][A

 10%|█         | 86/854 [00:03<00:28, 27.11it/s][A

 10%|█         | 89/854 [00:03<00:28, 27.21it/s][A

 11%|█         | 92/854 [00:03<00:28, 27.19it/s][A

 11%|█         | 95/854 [00:03<00:27, 27.14it/s][A

 11%|█▏        | 98/854 [00:03<00:27, 27.21it/s][A

 12%|█▏        | 101/854 [00:03<00:27, 27.26it/s][A

 12%|█▏        | 104/854 [00:03<00:27, 27.22it/s][A

 13%|█▎        | 107/854 [00:04<00:27, 27.19it/s][A

 13%|█▎        | 110/854 [00:04<00:27, 27.16it/s][A

 13%|█▎        | 113/854 [00:04<00:27, 27.08it/s][A

 14%|█▎        | 116/854 [00:04<00:27, 26.97it/s][A

 14%|█▍        | 119/854 [00:04<00:27, 26.92it/s][A

 14%|█▍        | 122/854 [00:04<00:27, 27.02it/s][A

 15%|█▍        | 125/854 [00:04<00:26, 27.05it/s][A

 15%|█▍        | 128/854 [00:04<00:26, 26.96it/s][A

 15%|█▌        | 131/854 [00:04<00:26, 26.86it/s][A

 16%|█▌        | 134/854 [00:05<00:26, 27.01it/s][A

 16%|█▌        | 137/854 [00:05<00:26, 27.04it/s][A

 16%|█▋        | 140/854 [00:05<00:26, 27.07it/s][A

 17%|█▋        | 143/854 [00:05<00:26, 26.91it/s][A

 17%|█▋        | 146/854 [00:05<00:26, 26.85it/s][A

 17%|█▋        | 149/854 [00:05<00:26, 27.10it/s][A

 18%|█▊        | 152/854 [00:05<00:25, 27.11it/s][A

 18%|█▊        | 155/854 [00:05<00:25, 27.12it/s][A

 19%|█▊        | 158/854 [00:05<00:25, 26.98it/s][A

 19%|█▉        | 161/854 [00:06<00:25, 27.00it/s][A

 19%|█▉        | 164/854 [00:06<00:25, 27.03it/s][A

 20%|█▉        | 167/854 [00:06<00:25, 27.20it/s][A

 20%|█▉        | 170/854 [00:06<00:25, 27.08it/s][A

 20%|██        | 173/854 [00:06<00:25, 27.17it/s][A

 21%|██        | 176/854 [00:06<00:25, 27.07it/s][A

 21%|██        | 179/854 [00:06<00:24, 27.15it/s][A

 21%|██▏       | 182/854 [00:06<00:24, 27.14it/s][A

 22%|██▏       | 185/854 [00:06<00:24, 27.11it/s][A

 22%|██▏       | 188/854 [00:07<00:24, 27.03it/s][A

 22%|██▏       | 191/854 [00:07<00:24, 26.93it/s][A

 23%|██▎       | 194/854 [00:07<00:24, 26.80it/s][A

 23%|██▎       | 197/854 [00:07<00:24, 26.82it/s][A

 23%|██▎       | 200/854 [00:07<00:24, 26.94it/s][A

 24%|██▍       | 203/854 [00:07<00:24, 26.97it/s][A

 24%|██▍       | 206/854 [00:07<00:24, 26.92it/s][A

 24%|██▍       | 209/854 [00:07<00:24, 26.86it/s][A

 25%|██▍       | 212/854 [00:07<00:23, 26.85it/s][A

 25%|██▌       | 215/854 [00:08<00:23, 26.96it/s][A

 26%|██▌       | 218/854 [00:08<00:23, 27.00it/s][A

 26%|██▌       | 221/854 [00:08<00:23, 27.10it/s][A

 26%|██▌       | 224/854 [00:08<00:23, 27.06it/s][A

 27%|██▋       | 227/854 [00:08<00:23, 27.08it/s][A

 27%|██▋       | 230/854 [00:08<00:23, 27.06it/s][A

 27%|██▋       | 233/854 [00:08<00:23, 26.98it/s][A

 28%|██▊       | 236/854 [00:08<00:22, 26.94it/s][A

 28%|██▊       | 239/854 [00:08<00:22, 26.82it/s][A

 28%|██▊       | 242/854 [00:09<00:22, 26.89it/s][A

 29%|██▊       | 245/854 [00:09<00:22, 26.79it/s][A

 29%|██▉       | 248/854 [00:09<00:22, 27.01it/s][A

 29%|██▉       | 251/854 [00:09<00:22, 27.19it/s][A

 30%|██▉       | 254/854 [00:09<00:22, 27.09it/s][A

 30%|███       | 257/854 [00:09<00:22, 26.99it/s][A

 30%|███       | 260/854 [00:09<00:22, 26.93it/s][A

 31%|███       | 263/854 [00:09<00:21, 26.90it/s][A

 31%|███       | 266/854 [00:09<00:21, 26.97it/s][A

 31%|███▏      | 269/854 [00:10<00:21, 27.01it/s][A

 32%|███▏      | 272/854 [00:10<00:21, 27.08it/s][A

 32%|███▏      | 275/854 [00:10<00:21, 27.09it/s][A

 33%|███▎      | 278/854 [00:10<00:21, 27.02it/s][A

 33%|███▎      | 281/854 [00:10<00:21, 27.18it/s][A

 33%|███▎      | 284/854 [00:10<00:20, 27.17it/s][A

 34%|███▎      | 287/854 [00:10<00:20, 27.30it/s][A

 34%|███▍      | 290/854 [00:10<00:20, 27.14it/s][A

 34%|███▍      | 293/854 [00:10<00:20, 26.95it/s][A

 35%|███▍      | 296/854 [00:11<00:20, 26.85it/s][A

 35%|███▌      | 299/854 [00:11<00:20, 26.88it/s][A

 35%|███▌      | 302/854 [00:11<00:20, 26.97it/s][A

 36%|███▌      | 305/854 [00:11<00:20, 26.94it/s][A

 36%|███▌      | 308/854 [00:11<00:20, 27.06it/s][A

 36%|███▋      | 311/854 [00:11<00:20, 27.06it/s][A

 37%|███▋      | 314/854 [00:11<00:19, 27.20it/s][A

 37%|███▋      | 317/854 [00:11<00:19, 27.25it/s][A

 37%|███▋      | 320/854 [00:11<00:19, 27.08it/s][A

 38%|███▊      | 323/854 [00:12<00:19, 27.21it/s][A

 38%|███▊      | 326/854 [00:12<00:19, 27.35it/s][A

 39%|███▊      | 329/854 [00:12<00:19, 27.17it/s][A

 39%|███▉      | 332/854 [00:12<00:19, 27.14it/s][A

 39%|███▉      | 335/854 [00:12<00:19, 27.26it/s][A

 40%|███▉      | 338/854 [00:12<00:18, 27.21it/s][A

 40%|███▉      | 341/854 [00:12<00:18, 27.26it/s][A

 40%|████      | 344/854 [00:12<00:18, 27.16it/s][A

 41%|████      | 347/854 [00:12<00:18, 27.07it/s][A

 41%|████      | 350/854 [00:13<00:18, 26.94it/s][A

 41%|████▏     | 353/854 [00:13<00:18, 26.96it/s][A

 42%|████▏     | 356/854 [00:13<00:18, 26.90it/s][A

 42%|████▏     | 359/854 [00:13<00:18, 26.75it/s][A

 42%|████▏     | 362/854 [00:13<00:18, 26.72it/s][A

 43%|████▎     | 365/854 [00:13<00:18, 26.66it/s][A

 43%|████▎     | 368/854 [00:13<00:18, 26.67it/s][A

 43%|████▎     | 371/854 [00:13<00:18, 26.66it/s][A

 44%|████▍     | 374/854 [00:13<00:17, 26.80it/s][A

 44%|████▍     | 377/854 [00:14<00:17, 26.72it/s][A

 44%|████▍     | 380/854 [00:14<00:17, 26.68it/s][A

 45%|████▍     | 383/854 [00:14<00:17, 26.84it/s][A

 45%|████▌     | 386/854 [00:14<00:17, 26.84it/s][A

 46%|████▌     | 389/854 [00:14<00:17, 27.00it/s][A

 46%|████▌     | 392/854 [00:14<00:17, 27.09it/s][A

 46%|████▋     | 395/854 [00:14<00:16, 27.03it/s][A

 47%|████▋     | 398/854 [00:14<00:16, 26.85it/s][A

 47%|████▋     | 401/854 [00:14<00:16, 26.80it/s][A

 47%|████▋     | 404/854 [00:15<00:16, 26.81it/s][A

 48%|████▊     | 407/854 [00:15<00:16, 26.90it/s][A

 48%|████▊     | 410/854 [00:15<00:16, 26.89it/s][A

 48%|████▊     | 413/854 [00:15<00:16, 27.05it/s][A

 49%|████▊     | 416/854 [00:15<00:16, 27.00it/s][A

 49%|████▉     | 419/854 [00:15<00:16, 26.89it/s][A

 49%|████▉     | 422/854 [00:15<00:16, 27.00it/s][A

 50%|████▉     | 425/854 [00:15<00:15, 26.91it/s][A

 50%|█████     | 428/854 [00:15<00:15, 26.80it/s][A

 50%|█████     | 431/854 [00:16<00:15, 26.85it/s][A

 51%|█████     | 434/854 [00:16<00:15, 26.98it/s][A

 51%|█████     | 437/854 [00:16<00:15, 27.10it/s][A

 52%|█████▏    | 440/854 [00:16<00:15, 27.05it/s][A

 52%|█████▏    | 443/854 [00:16<00:15, 27.18it/s][A

 52%|█████▏    | 446/854 [00:16<00:15, 27.12it/s][A

 53%|█████▎    | 449/854 [00:16<00:14, 27.06it/s][A

 53%|█████▎    | 452/854 [00:16<00:14, 26.93it/s][A

 53%|█████▎    | 455/854 [00:16<00:14, 26.80it/s][A

 54%|█████▎    | 458/854 [00:17<00:14, 26.88it/s][A

 54%|█████▍    | 461/854 [00:17<00:14, 26.97it/s][A

 54%|█████▍    | 464/854 [00:17<00:14, 26.93it/s][A

 55%|█████▍    | 467/854 [00:17<00:14, 27.02it/s][A

 55%|█████▌    | 470/854 [00:17<00:14, 27.01it/s][A

 55%|█████▌    | 473/854 [00:17<00:14, 27.14it/s][A

 56%|█████▌    | 476/854 [00:17<00:13, 27.22it/s][A

 56%|█████▌    | 479/854 [00:17<00:13, 27.17it/s][A

 56%|█████▋    | 482/854 [00:17<00:13, 27.19it/s][A

 57%|█████▋    | 485/854 [00:18<00:13, 27.17it/s][A

 57%|█████▋    | 488/854 [00:18<00:13, 27.23it/s][A

 57%|█████▋    | 491/854 [00:18<00:13, 27.19it/s][A

 58%|█████▊    | 494/854 [00:18<00:13, 27.32it/s][A

 58%|█████▊    | 497/854 [00:18<00:13, 27.30it/s][A

 59%|█████▊    | 500/854 [00:18<00:12, 27.33it/s][A

 59%|█████▉    | 503/854 [00:18<00:12, 27.10it/s][A

 59%|█████▉    | 506/854 [00:18<00:12, 27.03it/s][A

 60%|█████▉    | 509/854 [00:18<00:12, 27.11it/s][A

 60%|█████▉    | 512/854 [00:19<00:12, 27.06it/s][A

 60%|██████    | 515/854 [00:19<00:12, 27.24it/s][A

 61%|██████    | 518/854 [00:19<00:12, 27.22it/s][A

 61%|██████    | 521/854 [00:19<00:12, 27.10it/s][A

 61%|██████▏   | 524/854 [00:19<00:12, 27.09it/s][A

 62%|██████▏   | 527/854 [00:19<00:12, 27.14it/s][A

 62%|██████▏   | 530/854 [00:19<00:12, 26.99it/s][A

 62%|██████▏   | 533/854 [00:19<00:11, 27.07it/s][A

 63%|██████▎   | 536/854 [00:19<00:11, 27.07it/s][A

 63%|██████▎   | 539/854 [00:20<00:11, 27.22it/s][A

 63%|██████▎   | 542/854 [00:20<00:11, 27.34it/s][A

 64%|██████▍   | 545/854 [00:20<00:11, 27.32it/s][A

 64%|██████▍   | 548/854 [00:20<00:11, 27.19it/s][A

 65%|██████▍   | 551/854 [00:20<00:11, 27.27it/s][A

 65%|██████▍   | 554/854 [00:20<00:10, 27.39it/s][A

 65%|██████▌   | 557/854 [00:20<00:10, 27.38it/s][A

 66%|██████▌   | 560/854 [00:20<00:10, 27.11it/s][A

 66%|██████▌   | 563/854 [00:20<00:10, 27.20it/s][A

 66%|██████▋   | 566/854 [00:20<00:10, 27.26it/s][A

 67%|██████▋   | 569/854 [00:21<00:10, 27.35it/s][A

 67%|██████▋   | 572/854 [00:21<00:10, 27.28it/s][A

 67%|██████▋   | 575/854 [00:21<00:10, 27.14it/s][A

 68%|██████▊   | 578/854 [00:21<00:10, 27.13it/s][A

 68%|██████▊   | 581/854 [00:21<00:10, 26.89it/s][A

 68%|██████▊   | 584/854 [00:21<00:10, 26.85it/s][A

 69%|██████▊   | 587/854 [00:21<00:09, 26.89it/s][A

 69%|██████▉   | 590/854 [00:21<00:09, 26.93it/s][A

 69%|██████▉   | 593/854 [00:21<00:09, 27.03it/s][A

 70%|██████▉   | 596/854 [00:22<00:09, 27.21it/s][A

 70%|███████   | 599/854 [00:22<00:09, 27.31it/s][A

 70%|███████   | 602/854 [00:22<00:09, 27.32it/s][A

 71%|███████   | 605/854 [00:22<00:09, 27.17it/s][A

 71%|███████   | 608/854 [00:22<00:09, 27.29it/s][A

 72%|███████▏  | 611/854 [00:22<00:08, 27.14it/s][A

 72%|███████▏  | 614/854 [00:22<00:08, 27.09it/s][A

 72%|███████▏  | 617/854 [00:22<00:08, 27.01it/s][A

 73%|███████▎  | 620/854 [00:22<00:08, 27.13it/s][A

 73%|███████▎  | 623/854 [00:23<00:08, 27.14it/s][A

 73%|███████▎  | 626/854 [00:23<00:08, 27.13it/s][A

 74%|███████▎  | 629/854 [00:23<00:08, 27.14it/s][A

 74%|███████▍  | 632/854 [00:23<00:08, 27.26it/s][A

 74%|███████▍  | 635/854 [00:23<00:08, 27.10it/s][A

 75%|███████▍  | 638/854 [00:23<00:07, 27.14it/s][A

 75%|███████▌  | 641/854 [00:23<00:07, 27.14it/s][A

 75%|███████▌  | 644/854 [00:23<00:07, 27.14it/s][A

 76%|███████▌  | 647/854 [00:23<00:07, 27.21it/s][A

 76%|███████▌  | 650/854 [00:24<00:07, 27.23it/s][A

 76%|███████▋  | 653/854 [00:24<00:07, 27.28it/s][A

 77%|███████▋  | 656/854 [00:24<00:07, 27.07it/s][A

 77%|███████▋  | 659/854 [00:24<00:07, 27.01it/s][A

 78%|███████▊  | 662/854 [00:24<00:07, 26.97it/s][A

 78%|███████▊  | 665/854 [00:24<00:06, 27.01it/s][A

 78%|███████▊  | 668/854 [00:24<00:06, 26.99it/s][A

 79%|███████▊  | 671/854 [00:24<00:06, 26.88it/s][A

 79%|███████▉  | 674/854 [00:24<00:06, 26.71it/s][A

 79%|███████▉  | 677/854 [00:25<00:06, 26.74it/s][A

 80%|███████▉  | 680/854 [00:25<00:06, 26.86it/s][A

 80%|███████▉  | 683/854 [00:25<00:06, 26.94it/s][A

 80%|████████  | 686/854 [00:25<00:06, 27.10it/s][A

 81%|████████  | 689/854 [00:25<00:06, 27.26it/s][A

 81%|████████  | 692/854 [00:25<00:05, 27.20it/s][A

 81%|████████▏ | 695/854 [00:25<00:05, 27.14it/s][A

 82%|████████▏ | 698/854 [00:25<00:05, 27.06it/s][A

 82%|████████▏ | 701/854 [00:25<00:05, 27.02it/s][A

 82%|████████▏ | 704/854 [00:26<00:05, 27.15it/s][A

 83%|████████▎ | 707/854 [00:26<00:05, 27.09it/s][A

 83%|████████▎ | 710/854 [00:26<00:05, 27.14it/s][A

 83%|████████▎ | 713/854 [00:26<00:05, 27.14it/s][A

 84%|████████▍ | 716/854 [00:26<00:05, 27.11it/s][A

 84%|████████▍ | 719/854 [00:26<00:04, 27.03it/s][A

 85%|████████▍ | 722/854 [00:26<00:04, 27.06it/s][A

 85%|████████▍ | 725/854 [00:26<00:04, 27.16it/s][A

 85%|████████▌ | 728/854 [00:26<00:04, 27.14it/s][A

 86%|████████▌ | 731/854 [00:27<00:04, 27.19it/s][A

 86%|████████▌ | 734/854 [00:27<00:04, 27.32it/s][A

 86%|████████▋ | 737/854 [00:27<00:04, 27.27it/s][A

 87%|████████▋ | 740/854 [00:27<00:04, 27.36it/s][A

 87%|████████▋ | 743/854 [00:27<00:04, 27.28it/s][A

 87%|████████▋ | 746/854 [00:27<00:03, 27.07it/s][A

 88%|████████▊ | 749/854 [00:27<00:03, 27.00it/s][A

 88%|████████▊ | 752/854 [00:27<00:03, 27.09it/s][A

 88%|████████▊ | 755/854 [00:27<00:03, 27.17it/s][A

 89%|████████▉ | 758/854 [00:28<00:03, 26.98it/s][A

 89%|████████▉ | 761/854 [00:28<00:03, 26.99it/s][A

 89%|████████▉ | 764/854 [00:28<00:03, 27.11it/s][A

 90%|████████▉ | 767/854 [00:28<00:03, 27.20it/s][A

 90%|█████████ | 770/854 [00:28<00:03, 27.18it/s][A

 91%|█████████ | 773/854 [00:28<00:02, 27.08it/s][A

 91%|█████████ | 776/854 [00:28<00:02, 26.89it/s][A

 91%|█████████ | 779/854 [00:28<00:02, 27.00it/s][A

 92%|█████████▏| 782/854 [00:28<00:02, 26.87it/s][A

 92%|█████████▏| 785/854 [00:29<00:02, 26.92it/s][A

 92%|█████████▏| 788/854 [00:29<00:02, 27.02it/s][A

 93%|█████████▎| 791/854 [00:29<00:02, 27.04it/s][A

 93%|█████████▎| 794/854 [00:29<00:02, 27.04it/s][A

 93%|█████████▎| 797/854 [00:29<00:02, 27.04it/s][A

 94%|█████████▎| 800/854 [00:29<00:01, 27.05it/s][A

 94%|█████████▍| 803/854 [00:29<00:01, 27.01it/s][A

 94%|█████████▍| 806/854 [00:29<00:01, 27.19it/s][A

 95%|█████████▍| 809/854 [00:29<00:01, 27.24it/s][A

 95%|█████████▌| 812/854 [00:30<00:01, 27.15it/s][A

 95%|█████████▌| 815/854 [00:30<00:01, 27.13it/s][A

 96%|█████████▌| 818/854 [00:30<00:01, 26.99it/s][A

 96%|█████████▌| 821/854 [00:30<00:01, 26.97it/s][A

 96%|█████████▋| 824/854 [00:30<00:01, 26.97it/s][A

 97%|█████████▋| 827/854 [00:30<00:01, 26.94it/s][A

 97%|█████████▋| 830/854 [00:30<00:00, 26.99it/s][A

 98%|█████████▊| 833/854 [00:30<00:00, 26.94it/s][A

 98%|█████████▊| 836/854 [00:30<00:00, 26.97it/s][A

 98%|█████████▊| 839/854 [00:31<00:00, 27.07it/s][A

 99%|█████████▊| 842/854 [00:31<00:00, 27.09it/s][A

 99%|█████████▉| 845/854 [00:31<00:00, 27.10it/s][A

 99%|█████████▉| 848/854 [00:31<00:00, 27.10it/s][A

100%|█████████▉| 851/854 [00:31<00:00, 27.03it/s][A

100%|██████████| 854/854 [00:31<00:00, 27.13it/s][A
100%|██████████| 854/854 [00:31<00:00, 27.00it/s]
2026-04-17 04:39:21,188 - INFO - There are 0 training samples and 256 validation samples


  0%|          | 0/256 [00:00<?, ?it/s][A2026-04-17 04:39:21,188 - INFO - ========= Example =========
2026-04-17 04:39:21,188 - INFO - Candidate: [0, 1, 2, 3, 4]
2026-04-17 04:39:21,188 - INFO - Correct candidate: 1
2026-04-17 04:39:21,197 - INFO - === Candidate 0 ===
2026-04-17 04:39:21,197 - INFO - <s>statham employs an accent that i think is supposed to be an attempt at hardass american but sometimes just lapses into unhidden british. It was terrible
2026-04-17 04:39:21,197 - INFO - Log probabilities of the option tokens: tensor([-11.2266], dtype=torch.float16)
2026-04-17 04:39:21,205 - INFO - === Candidate 1 (without context)===
2026-04-17 04:39:21,205 - INFO - <s>statham employs an accent that i think is supposed to be an attempt at hardass american but sometimes just lapses into unhidden british. It was bad
2026-04-17 04:39:21,205 - INFO - Log probabilities of the option tokens: tensor([-10.4141], dtype=torch.float16)
2026-04-17 04:39:21,213 - INFO - === Candidate 2 (without context)===
2026-04-17 04:39:21,213 - INFO - <s>statham employs an accent that i think is supposed to be an attempt at hardass american but sometimes just lapses into unhidden british. It was okay
2026-04-17 04:39:21,213 - INFO - Log probabilities of the option tokens: tensor([-10.7812], dtype=torch.float16)
2026-04-17 04:39:21,220 - INFO - === Candidate 3 (without context)===
2026-04-17 04:39:21,221 - INFO - <s>statham employs an accent that i think is supposed to be an attempt at hardass american but sometimes just lapses into unhidden british. It was good
2026-04-17 04:39:21,221 - INFO - Log probabilities of the option tokens: tensor([-8.3438], dtype=torch.float16)
2026-04-17 04:39:21,228 - INFO - === Candidate 4 (without context)===
2026-04-17 04:39:21,229 - INFO - <s>statham employs an accent that i think is supposed to be an attempt at hardass american but sometimes just lapses into unhidden british. It was great
2026-04-17 04:39:21,229 - INFO - Log probabilities of the option tokens: tensor([-8.1641], dtype=torch.float16)
2026-04-17 04:39:21,229 - INFO - Prediction scores: [-11.2265625, -10.4140625, -10.78125, -8.34375, -8.1640625]
2026-04-17 04:39:21,229 - INFO - ========= Example =========
2026-04-17 04:39:21,229 - INFO - Candidate: [0, 1, 2, 3, 4]
2026-04-17 04:39:21,229 - INFO - Correct candidate: 1
2026-04-17 04:39:21,237 - INFO - === Candidate 0 ===
2026-04-17 04:39:21,237 - INFO - <s>femme fatale offers nothing more than a bait-and-switch that is beyond playing fair with the audience. It was terrible
2026-04-17 04:39:21,238 - INFO - Log probabilities of the option tokens: tensor([-11.3203], dtype=torch.float16)
2026-04-17 04:39:21,245 - INFO - === Candidate 1 (without context)===
2026-04-17 04:39:21,245 - INFO - <s>femme fatale offers nothing more than a bait-and-switch that is beyond playing fair with the audience. It was bad
2026-04-17 04:39:21,245 - INFO - Log probabilities of the option tokens: tensor([-10.3594], dtype=torch.float16)
2026-04-17 04:39:21,253 - INFO - === Candidate 2 (without context)===
2026-04-17 04:39:21,253 - INFO - <s>femme fatale offers nothing more than a bait-and-switch that is beyond playing fair with the audience. It was okay
2026-04-17 04:39:21,253 - INFO - Log probabilities of the option tokens: tensor([-10.8906], dtype=torch.float16)
2026-04-17 04:39:21,260 - INFO - === Candidate 3 (without context)===
2026-04-17 04:39:21,261 - INFO - <s>femme fatale offers nothing more than a bait-and-switch that is beyond playing fair with the audience. It was good
2026-04-17 04:39:21,261 - INFO - Log probabilities of the option tokens: tensor([-8.3594], dtype=torch.float16)
2026-04-17 04:39:21,268 - INFO - === Candidate 4 (without context)===
2026-04-17 04:39:21,268 - INFO - <s>femme fatale offers nothing more than a bait-and-switch that is beyond playing fair with the audience. It was great
2026-04-17 04:39:21,269 - INFO - Log probabilities of the option tokens: tensor([-8.4922], dtype=torch.float16)
2026-04-17 04:39:21,269 - INFO - Prediction scores: [-11.3203125, -10.359375, -10.890625, -8.359375, -8.4921875]
2026-04-17 04:39:21,269 - INFO - ========= Example =========
2026-04-17 04:39:21,269 - INFO - Candidate: [0, 1, 2, 3, 4]
2026-04-17 04:39:21,269 - INFO - Correct candidate: 2
2026-04-17 04:39:21,277 - INFO - === Candidate 0 ===
2026-04-17 04:39:21,277 - INFO - <s>indeed, none of these words really gets at the very special type of badness that is deuces wild. It was terrible
2026-04-17 04:39:21,278 - INFO - Log probabilities of the option tokens: tensor([-11.4609], dtype=torch.float16)
2026-04-17 04:39:21,285 - INFO - === Candidate 1 (without context)===
2026-04-17 04:39:21,285 - INFO - <s>indeed, none of these words really gets at the very special type of badness that is deuces wild. It was bad
2026-04-17 04:39:21,285 - INFO - Log probabilities of the option tokens: tensor([-10.2188], dtype=torch.float16)
2026-04-17 04:39:21,293 - INFO - === Candidate 2 (without context)===
2026-04-17 04:39:21,293 - INFO - <s>indeed, none of these words really gets at the very special type of badness that is deuces wild. It was okay
2026-04-17 04:39:21,293 - INFO - Log probabilities of the option tokens: tensor([-10.9062], dtype=torch.float16)
2026-04-17 04:39:21,300 - INFO - === Candidate 3 (without context)===
2026-04-17 04:39:21,300 - INFO - <s>indeed, none of these words really gets at the very special type of badness that is deuces wild. It was good
2026-04-17 04:39:21,301 - INFO - Log probabilities of the option tokens: tensor([-8.6250], dtype=torch.float16)
2026-04-17 04:39:21,308 - INFO - === Candidate 4 (without context)===
2026-04-17 04:39:21,308 - INFO - <s>indeed, none of these words really gets at the very special type of badness that is deuces wild. It was great
2026-04-17 04:39:21,308 - INFO - Log probabilities of the option tokens: tensor([-7.9609], dtype=torch.float16)
2026-04-17 04:39:21,308 - INFO - Prediction scores: [-11.4609375, -10.21875, -10.90625, -8.625, -7.9609375]


  1%|          | 3/256 [00:00<00:10, 24.90it/s][A

  2%|▏         | 6/256 [00:00<00:09, 26.15it/s][A

  4%|▎         | 9/256 [00:00<00:09, 26.50it/s][A

  5%|▍         | 12/256 [00:00<00:09, 26.62it/s][A

  6%|▌         | 15/256 [00:00<00:09, 26.71it/s][A

  7%|▋         | 18/256 [00:00<00:08, 26.98it/s][A

  8%|▊         | 21/256 [00:00<00:08, 26.92it/s][A

  9%|▉         | 24/256 [00:00<00:08, 27.10it/s][A

 11%|█         | 27/256 [00:01<00:08, 26.93it/s][A

 12%|█▏        | 30/256 [00:01<00:08, 26.76it/s][A

 13%|█▎        | 33/256 [00:01<00:08, 26.80it/s][A

 14%|█▍        | 36/256 [00:01<00:08, 26.82it/s][A

 15%|█▌        | 39/256 [00:01<00:08, 26.85it/s][A

 16%|█▋        | 42/256 [00:01<00:08, 26.61it/s][A

 18%|█▊        | 45/256 [00:01<00:07, 26.53it/s][A

 19%|█▉        | 48/256 [00:01<00:07, 26.54it/s][A

 20%|█▉        | 51/256 [00:01<00:07, 26.65it/s][A

 21%|██        | 54/256 [00:02<00:07, 26.80it/s][A

 22%|██▏       | 57/256 [00:02<00:07, 27.03it/s][A

 23%|██▎       | 60/256 [00:02<00:07, 27.11it/s][A

 25%|██▍       | 63/256 [00:02<00:07, 27.04it/s][A

 26%|██▌       | 66/256 [00:02<00:07, 27.03it/s][A

 27%|██▋       | 69/256 [00:02<00:06, 27.01it/s][A

 28%|██▊       | 72/256 [00:02<00:06, 27.03it/s][A

 29%|██▉       | 75/256 [00:02<00:06, 26.99it/s][A

 30%|███       | 78/256 [00:02<00:06, 26.91it/s][A

 32%|███▏      | 81/256 [00:03<00:06, 26.92it/s][A

 33%|███▎      | 84/256 [00:03<00:06, 27.03it/s][A

 34%|███▍      | 87/256 [00:03<00:06, 27.20it/s][A

 35%|███▌      | 90/256 [00:03<00:06, 27.16it/s][A

 36%|███▋      | 93/256 [00:03<00:06, 27.08it/s][A

 38%|███▊      | 96/256 [00:03<00:05, 27.14it/s][A

 39%|███▊      | 99/256 [00:03<00:05, 27.02it/s][A

 40%|███▉      | 102/256 [00:03<00:05, 26.98it/s][A

 41%|████      | 105/256 [00:03<00:05, 26.94it/s][A

 42%|████▏     | 108/256 [00:04<00:05, 26.98it/s][A

 43%|████▎     | 111/256 [00:04<00:05, 26.91it/s][A

 45%|████▍     | 114/256 [00:04<00:05, 26.96it/s][A

 46%|████▌     | 117/256 [00:04<00:05, 26.99it/s][A

 47%|████▋     | 120/256 [00:04<00:05, 27.04it/s][A

 48%|████▊     | 123/256 [00:04<00:04, 26.94it/s][A

 49%|████▉     | 126/256 [00:04<00:04, 26.85it/s][A

 50%|█████     | 129/256 [00:04<00:04, 26.97it/s][A

 52%|█████▏    | 132/256 [00:04<00:04, 27.17it/s][A

 53%|█████▎    | 135/256 [00:05<00:04, 27.02it/s][A

 54%|█████▍    | 138/256 [00:05<00:04, 26.94it/s][A

 55%|█████▌    | 141/256 [00:05<00:04, 26.88it/s][A

 56%|█████▋    | 144/256 [00:05<00:04, 26.96it/s][A

 57%|█████▋    | 147/256 [00:05<00:04, 26.88it/s][A

 59%|█████▊    | 150/256 [00:05<00:03, 26.85it/s][A

 60%|█████▉    | 153/256 [00:05<00:03, 26.91it/s][A

 61%|██████    | 156/256 [00:05<00:03, 27.01it/s][A

 62%|██████▏   | 159/256 [00:05<00:03, 26.86it/s][A

 63%|██████▎   | 162/256 [00:06<00:03, 26.81it/s][A

 64%|██████▍   | 165/256 [00:06<00:03, 26.89it/s][A

 66%|██████▌   | 168/256 [00:06<00:03, 26.95it/s][A

 67%|██████▋   | 171/256 [00:06<00:03, 27.05it/s][A

 68%|██████▊   | 174/256 [00:06<00:03, 26.92it/s][A

 69%|██████▉   | 177/256 [00:06<00:02, 26.93it/s][A

 70%|███████   | 180/256 [00:06<00:02, 27.22it/s][A

 71%|███████▏  | 183/256 [00:06<00:02, 27.09it/s][A

 73%|███████▎  | 186/256 [00:06<00:02, 27.08it/s][A

 74%|███████▍  | 189/256 [00:07<00:02, 27.07it/s][A

 75%|███████▌  | 192/256 [00:07<00:02, 27.08it/s][A

 76%|███████▌  | 195/256 [00:07<00:02, 26.89it/s][A

 77%|███████▋  | 198/256 [00:07<00:02, 26.88it/s][A

 79%|███████▊  | 201/256 [00:07<00:02, 27.02it/s][A

 80%|███████▉  | 204/256 [00:07<00:01, 27.11it/s][A

 81%|████████  | 207/256 [00:07<00:01, 27.26it/s][A

 82%|████████▏ | 210/256 [00:07<00:01, 27.19it/s][A

 83%|████████▎ | 213/256 [00:07<00:01, 27.16it/s][A

 84%|████████▍ | 216/256 [00:08<00:01, 27.00it/s][A

 86%|████████▌ | 219/256 [00:08<00:01, 27.05it/s][A

 87%|████████▋ | 222/256 [00:08<00:01, 27.02it/s][A

 88%|████████▊ | 225/256 [00:08<00:01, 27.11it/s][A

 89%|████████▉ | 228/256 [00:08<00:01, 27.10it/s][A

 90%|█████████ | 231/256 [00:08<00:00, 27.16it/s][A

 91%|█████████▏| 234/256 [00:08<00:00, 27.01it/s][A

 93%|█████████▎| 237/256 [00:08<00:00, 26.96it/s][A

 94%|█████████▍| 240/256 [00:08<00:00, 27.07it/s][A

 95%|█████████▍| 243/256 [00:09<00:00, 26.99it/s][A

 96%|█████████▌| 246/256 [00:09<00:00, 27.06it/s][A

 97%|█████████▋| 249/256 [00:09<00:00, 27.07it/s][A

 98%|█████████▊| 252/256 [00:09<00:00, 27.05it/s][A

100%|█████████▉| 255/256 [00:09<00:00, 26.88it/s][A
100%|██████████| 256/256 [00:09<00:00, 26.95it/s]
2026-04-17 04:39:34,534 - INFO - [sparse-mezo] global_step=500 active_fraction=0.255652 active_params=336376525/1315758080 configured_ratio=0.250000 mask_strategy=percentile_per_layer scope=trainable_only
2026-04-17 04:39:38,236 - INFO - [zo_probe] step=500 eps=1.000e-06 precision=fp16 n=16 mae=5.770279e+02 mse=6.766841e+05 rmse=8.226081e+02 sign_acc=0.0000 corr=-0.372338

 21%|██        | 501/2405 [35:11<9:45:32, 18.45s/it]2026-04-17 04:39:42,278 - INFO - [sparse-mezo] global_step=501 active_fraction=0.256271 active_params=337191258/1315758080 configured_ratio=0.250000 mask_strategy=percentile_per_layer scope=trainable_only

 21%|██        | 502/2405 [35:15<7:28:17, 14.13s/it]2026-04-17 04:39:46,338 - INFO - [sparse-mezo] global_step=502 active_fraction=0.256291 active_params=337217069/1315758080 configured_ratio=0.250000 mask_strategy=percentile_per_layer scope=trainable_only

 21%|██        | 503/2405 [35:19<5:52:01, 11.10s/it]2026-04-17 04:39:50,396 - INFO - [sparse-mezo] global_step=503 active_fraction=0.256211 active_params=337111571/1315758080 configured_ratio=0.250000 mask_strategy=percentile_per_layer scope=trainable_only

 21%|██        | 504/2405 [35:23<4:44:59,  9.00s/it]2026-04-17 04:39:54,677 - INFO - [sparse-mezo] global_step=504 active_fraction=0.252260 active_params=331913449/1315758080 configured_ratio=0.250000 mask_strategy=percentile_per_layer scope=trainable_only

 21%|██        | 505/2405 [35:27<3:59:58,  7.58s/it]2026-04-17 04:39:58,723 - INFO - [sparse-mezo] global_step=505 active_fraction=0.255914 active_params=336720752/1315758080 configured_ratio=0.250000 mask_strategy=percentile_per_layer scope=trainable_only

 21%|██        | 506/2405 [35:31<3:26:18,  6.52s/it]2026-04-17 04:40:02,765 - INFO - [sparse-mezo] global_step=506 active_fraction=0.256691 active_params=337743427/1315758080 configured_ratio=0.250000 mask_strategy=percentile_per_layer scope=trainable_only

 21%|██        | 507/2405 [35:35<3:02:53,  5.78s/it]2026-04-17 04:40:07,074 - INFO - [sparse-mezo] global_step=507 active_fraction=0.252132 active_params=331744717/1315758080 configured_ratio=0.250000 mask_strategy=percentile_per_layer scope=trainable_only

 21%|██        | 508/2405 [35:39<2:48:38,  5.33s/it]2026-04-17 04:40:11,292 - INFO - [sparse-mezo] global_step=508 active_fraction=0.253297 active_params=333277056/1315758080 configured_ratio=0.250000 mask_strategy=percentile_per_layer scope=trainable_only

 21%|██        | 509/2405 [35:44<2:38:03,  5.00s/it]2026-04-17 04:40:15,518 - INFO - [sparse-mezo] global_step=509 active_fraction=0.253294 active_params=333273302/1315758080 configured_ratio=0.250000 mask_strategy=percentile_per_layer scope=trainable_only

 21%|██        | 510/2405 [35:48<2:30:29,  4.76s/it]2026-04-17 04:40:19,732 - INFO - [sparse-mezo] global_step=510 active_fraction=0.253291 active_params=333269893/1315758080 configured_ratio=0.250000 mask_strategy=percentile_per_layer scope=trainable_only

 21%|██        | 511/2405 [35:52<2:25:14,  4.60s/it]2026-04-17 04:40:23,948 - INFO - [sparse-mezo] global_step=511 active_fraction=0.253289 active_params=333266639/1315758080 configured_ratio=0.250000 mask_strategy=percentile_per_layer scope=trainable_only

 21%|██▏       | 512/2405 [35:56<2:21:31,  4.49s/it]2026-04-17 04:40:28,012 - INFO - [sparse-mezo] global_step=512 active_fraction=0.255953 active_params=336772323/1315758080 configured_ratio=0.250000 mask_strategy=percentile_per_layer scope=trainable_only

 21%|██▏       | 513/2405 [36:00<2:17:32,  4.36s/it]2026-04-17 04:40:32,065 - INFO - [sparse-mezo] global_step=513 active_fraction=0.256019 active_params=336859000/1315758080 configured_ratio=0.250000 mask_strategy=percentile_per_layer scope=trainable_only

 21%|██▏       | 514/2405 [36:04<2:14:38,  4.27s/it]2026-04-17 04:40:36,126 - INFO - [sparse-mezo] global_step=514 active_fraction=0.252876 active_params=332723385/1315758080 configured_ratio=0.250000 mask_strategy=percentile_per_layer scope=trainable_only

 21%|██▏       | 515/2405 [36:09<2:12:35,  4.21s/it]2026-04-17 04:40:40,191 - INFO - [sparse-mezo] global_step=515 active_fraction=0.253201 active_params=333151697/1315758080 configured_ratio=0.250000 mask_strategy=percentile_per_layer scope=trainable_only

 21%|██▏       | 516/2405 [36:13<2:11:08,  4.17s/it]2026-04-17 04:40:44,255 - INFO - [sparse-mezo] global_step=516 active_fraction=0.252787 active_params=332606359/1315758080 configured_ratio=0.250000 mask_strategy=percentile_per_layer scope=trainable_only

 21%|██▏       | 517/2405 [36:17<2:10:06,  4.13s/it]2026-04-17 04:40:48,319 - INFO - [sparse-mezo] global_step=517 active_fraction=0.252784 active_params=332602733/1315758080 configured_ratio=0.250000 mask_strategy=percentile_per_layer scope=trainable_only

 22%|██▏       | 518/2405 [36:21<2:09:17,  4.11s/it]2026-04-17 04:40:52,370 - INFO - [sparse-mezo] global_step=518 active_fraction=0.252781 active_params=332599073/1315758080 configured_ratio=0.250000 mask_strategy=percentile_per_layer scope=trainable_only

 22%|██▏       | 519/2405 [36:25<2:08:34,  4.09s/it]2026-04-17 04:40:56,411 - INFO - [sparse-mezo] global_step=519 active_fraction=0.253587 active_params=333659072/1315758080 configured_ratio=0.250000 mask_strategy=percentile_per_layer scope=trainable_only

 22%|██▏       | 520/2405 [36:29<2:07:58,  4.07s/it]2026-04-17 04:41:00,445 - INFO - [sparse-mezo] global_step=520 active_fraction=0.253584 active_params=333655445/1315758080 configured_ratio=0.250000 mask_strategy=percentile_per_layer scope=trainable_only

 22%|██▏       | 521/2405 [36:33<2:07:35,  4.06s/it]2026-04-17 04:41:04,484 - INFO - [sparse-mezo] global_step=521 active_fraction=0.255681 active_params=336414351/1315758080 configured_ratio=0.250000 mask_strategy=percentile_per_layer scope=trainable_only

 22%|██▏       | 522/2405 [36:37<2:07:22,  4.06s/it]2026-04-17 04:41:08,536 - INFO - [sparse-mezo] global_step=522 active_fraction=0.255718 active_params=336463033/1315758080 configured_ratio=0.250000 mask_strategy=percentile_per_layer scope=trainable_only

 22%|██▏       | 523/2405 [36:41<2:07:20,  4.06s/it]2026-04-17 04:41:12,594 - INFO - [sparse-mezo] global_step=523 active_fraction=0.255753 active_params=336509383/1315758080 configured_ratio=0.250000 mask_strategy=percentile_per_layer scope=trainable_only

 22%|██▏       | 524/2405 [36:45<2:07:01,  4.05s/it]2026-04-17 04:41:16,631 - INFO - [sparse-mezo] global_step=524 active_fraction=0.251703 active_params=331180276/1315758080 configured_ratio=0.250000 mask_strategy=percentile_per_layer scope=trainable_only

 22%|██▏       | 525/2405 [36:49<2:06:57,  4.05s/it]2026-04-17 04:41:20,683 - INFO - [sparse-mezo] global_step=525 active_fraction=0.254625 active_params=335025355/1315758080 configured_ratio=0.250000 mask_strategy=percentile_per_layer scope=trainable_only

 22%|██▏       | 526/2405 [36:53<2:06:58,  4.05s/it]2026-04-17 04:41:24,744 - INFO - [sparse-mezo] global_step=526 active_fraction=0.254622 active_params=335021584/1315758080 configured_ratio=0.250000 mask_strategy=percentile_per_layer scope=trainable_only

 22%|██▏       | 527/2405 [36:57<2:06:53,  4.05s/it]2026-04-17 04:41:28,792 - INFO - [sparse-mezo] global_step=527 active_fraction=0.254419 active_params=334753365/1315758080 configured_ratio=0.250000 mask_strategy=percentile_per_layer scope=trainable_only

 22%|██▏       | 528/2405 [37:01<2:06:54,  4.06s/it]2026-04-17 04:41:32,866 - INFO - [sparse-mezo] global_step=528 active_fraction=0.256976 active_params=338118666/1315758080 configured_ratio=0.250000 mask_strategy=percentile_per_layer scope=trainable_only

 22%|██▏       | 529/2405 [37:05<2:06:51,  4.06s/it]2026-04-17 04:41:36,919 - INFO - [sparse-mezo] global_step=529 active_fraction=0.252376 active_params=332066151/1315758080 configured_ratio=0.250000 mask_strategy=percentile_per_layer scope=trainable_only

 22%|██▏       | 530/2405 [37:09<2:06:50,  4.06s/it]2026-04-17 04:41:40,981 - INFO - [sparse-mezo] global_step=530 active_fraction=0.253572 active_params=333639509/1315758080 configured_ratio=0.250000 mask_strategy=percentile_per_layer scope=trainable_only

 22%|██▏       | 531/2405 [37:13<2:06:43,  4.06s/it]2026-04-17 04:41:45,033 - INFO - [sparse-mezo] global_step=531 active_fraction=0.253569 active_params=333635887/1315758080 configured_ratio=0.250000 mask_strategy=percentile_per_layer scope=trainable_only

 22%|██▏       | 532/2405 [37:17<2:06:35,  4.06s/it]2026-04-17 04:41:49,086 - INFO - [sparse-mezo] global_step=532 active_fraction=0.253975 active_params=334170212/1315758080 configured_ratio=0.250000 mask_strategy=percentile_per_layer scope=trainable_only

 22%|██▏       | 533/2405 [37:21<2:06:21,  4.05s/it]2026-04-17 04:41:53,119 - INFO - [sparse-mezo] global_step=533 active_fraction=0.253973 active_params=334166545/1315758080 configured_ratio=0.250000 mask_strategy=percentile_per_layer scope=trainable_only

 22%|██▏       | 534/2405 [37:26<2:06:11,  4.05s/it]2026-04-17 04:41:57,161 - INFO - [sparse-mezo] global_step=534 active_fraction=0.254850 active_params=335320651/1315758080 configured_ratio=0.250000 mask_strategy=percentile_per_layer scope=trainable_only

 22%|██▏       | 535/2405 [37:30<2:06:04,  4.05s/it]2026-04-17 04:42:01,199 - INFO - [sparse-mezo] global_step=535 active_fraction=0.254847 active_params=335316940/1315758080 configured_ratio=0.250000 mask_strategy=percentile_per_layer scope=trainable_only

 22%|██▏       | 536/2405 [37:34<2:06:01,  4.05s/it]2026-04-17 04:42:05,266 - INFO - [sparse-mezo] global_step=536 active_fraction=0.256544 active_params=337549452/1315758080 configured_ratio=0.250000 mask_strategy=percentile_per_layer scope=trainable_only

 22%|██▏       | 537/2405 [37:38<2:06:09,  4.05s/it]2026-04-17 04:42:09,318 - INFO - [sparse-mezo] global_step=537 active_fraction=0.256789 active_params=337871916/1315758080 configured_ratio=0.250000 mask_strategy=percentile_per_layer scope=trainable_only

 22%|██▏       | 538/2405 [37:42<2:06:05,  4.05s/it]2026-04-17 04:42:13,369 - INFO - [sparse-mezo] global_step=538 active_fraction=0.256786 active_params=337868241/1315758080 configured_ratio=0.250000 mask_strategy=percentile_per_layer scope=trainable_only

 22%|██▏       | 539/2405 [37:46<2:06:00,  4.05s/it]2026-04-17 04:42:17,420 - INFO - [sparse-mezo] global_step=539 active_fraction=0.256783 active_params=337864687/1315758080 configured_ratio=0.250000 mask_strategy=percentile_per_layer scope=trainable_only

 22%|██▏       | 540/2405 [37:50<2:05:56,  4.05s/it]2026-04-17 04:42:21,472 - INFO - [sparse-mezo] global_step=540 active_fraction=0.256766 active_params=337841360/1315758080 configured_ratio=0.250000 mask_strategy=percentile_per_layer scope=trainable_only

 22%|██▏       | 541/2405 [37:54<2:05:52,  4.05s/it]2026-04-17 04:42:25,526 - INFO - [sparse-mezo] global_step=541 active_fraction=0.256592 active_params=337612442/1315758080 configured_ratio=0.250000 mask_strategy=percentile_per_layer scope=trainable_only

 23%|██▎       | 542/2405 [37:58<2:05:44,  4.05s/it]2026-04-17 04:42:29,569 - INFO - [sparse-mezo] global_step=542 active_fraction=0.256589 active_params=337608735/1315758080 configured_ratio=0.250000 mask_strategy=percentile_per_layer scope=trainable_only

 23%|██▎       | 543/2405 [38:02<2:05:41,  4.05s/it]2026-04-17 04:42:33,623 - INFO - [sparse-mezo] global_step=543 active_fraction=0.254135 active_params=334379606/1315758080 configured_ratio=0.250000 mask_strategy=percentile_per_layer scope=trainable_only

 23%|██▎       | 544/2405 [38:06<2:05:34,  4.05s/it]2026-04-17 04:42:37,665 - INFO - [sparse-mezo] global_step=544 active_fraction=0.256046 active_params=336894980/1315758080 configured_ratio=0.250000 mask_strategy=percentile_per_layer scope=trainable_only

 23%|██▎       | 545/2405 [38:10<2:05:37,  4.05s/it]2026-04-17 04:42:41,729 - INFO - [sparse-mezo] global_step=545 active_fraction=0.255675 active_params=336405839/1315758080 configured_ratio=0.250000 mask_strategy=percentile_per_layer scope=trainable_only

 23%|██▎       | 546/2405 [38:14<2:05:25,  4.05s/it]2026-04-17 04:42:45,766 - INFO - [sparse-mezo] global_step=546 active_fraction=0.252023 active_params=331601230/1315758080 configured_ratio=0.250000 mask_strategy=percentile_per_layer scope=trainable_only

 23%|██▎       | 547/2405 [38:18<2:05:18,  4.05s/it]2026-04-17 04:42:49,805 - INFO - [sparse-mezo] global_step=547 active_fraction=0.252780 active_params=332597204/1315758080 configured_ratio=0.250000 mask_strategy=percentile_per_layer scope=trainable_only

 23%|██▎       | 548/2405 [38:22<2:05:10,  4.04s/it]2026-04-17 04:42:53,846 - INFO - [sparse-mezo] global_step=548 active_fraction=0.253363 active_params=333364072/1315758080 configured_ratio=0.250000 mask_strategy=percentile_per_layer scope=trainable_only

 23%|██▎       | 549/2405 [38:26<2:05:04,  4.04s/it]2026-04-17 04:42:57,887 - INFO - [sparse-mezo] global_step=549 active_fraction=0.254004 active_params=334208383/1315758080 configured_ratio=0.250000 mask_strategy=percentile_per_layer scope=trainable_only

 23%|██▎       | 550/2405 [38:30<2:04:59,  4.04s/it]2026-04-17 04:43:01,931 - INFO - [sparse-mezo] global_step=550 active_fraction=0.252945 active_params=332814072/1315758080 configured_ratio=0.250000 mask_strategy=percentile_per_layer scope=trainable_only

 23%|██▎       | 551/2405 [38:34<2:04:55,  4.04s/it]2026-04-17 04:43:05,974 - INFO - [sparse-mezo] global_step=551 active_fraction=0.253573 active_params=333640891/1315758080 configured_ratio=0.250000 mask_strategy=percentile_per_layer scope=trainable_only

 23%|██▎       | 552/2405 [38:38<2:04:51,  4.04s/it]2026-04-17 04:43:10,019 - INFO - [sparse-mezo] global_step=552 active_fraction=0.253688 active_params=333791615/1315758080 configured_ratio=0.250000 mask_strategy=percentile_per_layer scope=trainable_only

 23%|██▎       | 553/2405 [38:42<2:04:54,  4.05s/it]2026-04-17 04:43:14,074 - INFO - [sparse-mezo] global_step=553 active_fraction=0.254375 active_params=334695875/1315758080 configured_ratio=0.250000 mask_strategy=percentile_per_layer scope=trainable_only

 23%|██▎       | 554/2405 [38:46<2:04:54,  4.05s/it]2026-04-17 04:43:18,126 - INFO - [sparse-mezo] global_step=554 active_fraction=0.253261 active_params=333229873/1315758080 configured_ratio=0.250000 mask_strategy=percentile_per_layer scope=trainable_only

 23%|██▎       | 555/2405 [38:51<2:04:57,  4.05s/it]2026-04-17 04:43:22,188 - INFO - [sparse-mezo] global_step=555 active_fraction=0.252878 active_params=332726613/1315758080 configured_ratio=0.250000 mask_strategy=percentile_per_layer scope=trainable_only

 23%|██▎       | 556/2405 [38:55<2:04:48,  4.05s/it]2026-04-17 04:43:26,233 - INFO - [sparse-mezo] global_step=556 active_fraction=0.252876 active_params=332723824/1315758080 configured_ratio=0.250000 mask_strategy=percentile_per_layer scope=trainable_only

 23%|██▎       | 557/2405 [38:59<2:04:46,  4.05s/it]2026-04-17 04:43:30,288 - INFO - [sparse-mezo] global_step=557 active_fraction=0.253444 active_params=333471496/1315758080 configured_ratio=0.250000 mask_strategy=percentile_per_layer scope=trainable_only

 23%|██▎       | 558/2405 [39:03<2:04:38,  4.05s/it]2026-04-17 04:43:34,329 - INFO - [sparse-mezo] global_step=558 active_fraction=0.253692 active_params=333797158/1315758080 configured_ratio=0.250000 mask_strategy=percentile_per_layer scope=trainable_only

 23%|██▎       | 559/2405 [39:07<2:04:30,  4.05s/it]2026-04-17 04:43:38,372 - INFO - [sparse-mezo] global_step=559 active_fraction=0.254253 active_params=334535448/1315758080 configured_ratio=0.250000 mask_strategy=percentile_per_layer scope=trainable_only

 23%|██▎       | 560/2405 [39:11<2:04:30,  4.05s/it]2026-04-17 04:43:42,423 - INFO - [sparse-mezo] global_step=560 active_fraction=0.254251 active_params=334532676/1315758080 configured_ratio=0.250000 mask_strategy=percentile_per_layer scope=trainable_only

 23%|██▎       | 561/2405 [39:15<2:04:32,  4.05s/it]2026-04-17 04:43:46,488 - INFO - [sparse-mezo] global_step=561 active_fraction=0.254452 active_params=334796825/1315758080 configured_ratio=0.250000 mask_strategy=percentile_per_layer scope=trainable_only

 23%|██▎       | 562/2405 [39:19<2:04:16,  4.05s/it]2026-04-17 04:43:50,517 - INFO - [sparse-mezo] global_step=562 active_fraction=0.254449 active_params=334793969/1315758080 configured_ratio=0.250000 mask_strategy=percentile_per_layer scope=trainable_only

 23%|██▎       | 563/2405 [39:23<2:04:21,  4.05s/it]2026-04-17 04:43:54,580 - INFO - [sparse-mezo] global_step=563 active_fraction=0.254447 active_params=334791227/1315758080 configured_ratio=0.250000 mask_strategy=percentile_per_layer scope=trainable_only

 23%|██▎       | 564/2405 [39:27<2:04:14,  4.05s/it]2026-04-17 04:43:58,621 - INFO - [sparse-mezo] global_step=564 active_fraction=0.254972 active_params=335481320/1315758080 configured_ratio=0.250000 mask_strategy=percentile_per_layer scope=trainable_only

 23%|██▎       | 565/2405 [39:31<2:04:15,  4.05s/it]2026-04-17 04:44:02,685 - INFO - [sparse-mezo] global_step=565 active_fraction=0.254970 active_params=335478513/1315758080 configured_ratio=0.250000 mask_strategy=percentile_per_layer scope=trainable_only

 24%|██▎       | 566/2405 [39:35<2:04:17,  4.06s/it]2026-04-17 04:44:06,746 - INFO - [sparse-mezo] global_step=566 active_fraction=0.255118 active_params=335672935/1315758080 configured_ratio=0.250000 mask_strategy=percentile_per_layer scope=trainable_only

 24%|██▎       | 567/2405 [39:39<2:04:12,  4.05s/it]2026-04-17 04:44:10,800 - INFO - [sparse-mezo] global_step=567 active_fraction=0.251881 active_params=331414805/1315758080 configured_ratio=0.250000 mask_strategy=percentile_per_layer scope=trainable_only

 24%|██▎       | 568/2405 [39:43<2:04:02,  4.05s/it]2026-04-17 04:44:14,843 - INFO - [sparse-mezo] global_step=568 active_fraction=0.252474 active_params=332194724/1315758080 configured_ratio=0.250000 mask_strategy=percentile_per_layer scope=trainable_only

 24%|██▎       | 569/2405 [39:47<2:03:54,  4.05s/it]2026-04-17 04:44:18,884 - INFO - [sparse-mezo] global_step=569 active_fraction=0.253287 active_params=333264614/1315758080 configured_ratio=0.250000 mask_strategy=percentile_per_layer scope=trainable_only

 24%|██▎       | 570/2405 [39:51<2:03:37,  4.04s/it]2026-04-17 04:44:22,892 - INFO - [sparse-mezo] global_step=570 active_fraction=0.253619 active_params=333701229/1315758080 configured_ratio=0.250000 mask_strategy=percentile_per_layer scope=trainable_only

 24%|██▎       | 571/2405 [39:55<2:03:27,  4.04s/it]2026-04-17 04:44:26,944 - INFO - [sparse-mezo] global_step=571 active_fraction=0.254294 active_params=334589759/1315758080 configured_ratio=0.250000 mask_strategy=percentile_per_layer scope=trainable_only

 24%|██▍       | 572/2405 [39:59<2:03:30,  4.04s/it]2026-04-17 04:44:30,995 - INFO - [sparse-mezo] global_step=572 active_fraction=0.254484 active_params=334839246/1315758080 configured_ratio=0.250000 mask_strategy=percentile_per_layer scope=trainable_only

 24%|██▍       | 573/2405 [40:03<2:03:25,  4.04s/it]2026-04-17 04:44:35,039 - INFO - [sparse-mezo] global_step=573 active_fraction=0.254482 active_params=334836372/1315758080 configured_ratio=0.250000 mask_strategy=percentile_per_layer scope=trainable_only

 24%|██▍       | 574/2405 [40:07<2:03:22,  4.04s/it]2026-04-17 04:44:39,085 - INFO - [sparse-mezo] global_step=574 active_fraction=0.254480 active_params=334833482/1315758080 configured_ratio=0.250000 mask_strategy=percentile_per_layer scope=trainable_only

 24%|██▍       | 575/2405 [40:12<2:03:25,  4.05s/it]2026-04-17 04:44:43,140 - INFO - [sparse-mezo] global_step=575 active_fraction=0.252160 active_params=331781400/1315758080 configured_ratio=0.250000 mask_strategy=percentile_per_layer scope=trainable_only

 24%|██▍       | 576/2405 [40:16<2:03:25,  4.05s/it]2026-04-17 04:44:47,190 - INFO - [sparse-mezo] global_step=576 active_fraction=0.252158 active_params=331778754/1315758080 configured_ratio=0.250000 mask_strategy=percentile_per_layer scope=trainable_only

 24%|██▍       | 577/2405 [40:20<2:03:22,  4.05s/it]2026-04-17 04:44:51,243 - INFO - [sparse-mezo] global_step=577 active_fraction=0.252455 active_params=332170092/1315758080 configured_ratio=0.250000 mask_strategy=percentile_per_layer scope=trainable_only

 24%|██▍       | 578/2405 [40:24<2:03:15,  4.05s/it]2026-04-17 04:44:55,285 - INFO - [sparse-mezo] global_step=578 active_fraction=0.252453 active_params=332167348/1315758080 configured_ratio=0.250000 mask_strategy=percentile_per_layer scope=trainable_only

 24%|██▍       | 579/2405 [40:28<2:03:05,  4.04s/it]2026-04-17 04:44:59,327 - INFO - [sparse-mezo] global_step=579 active_fraction=0.252451 active_params=332164695/1315758080 configured_ratio=0.250000 mask_strategy=percentile_per_layer scope=trainable_only

 24%|██▍       | 580/2405 [40:32<2:03:07,  4.05s/it]2026-04-17 04:45:03,378 - INFO - [sparse-mezo] global_step=580 active_fraction=0.252449 active_params=332162066/1315758080 configured_ratio=0.250000 mask_strategy=percentile_per_layer scope=trainable_only

 24%|██▍       | 581/2405 [40:36<2:03:05,  4.05s/it]2026-04-17 04:45:07,432 - INFO - [sparse-mezo] global_step=581 active_fraction=0.252447 active_params=332159528/1315758080 configured_ratio=0.250000 mask_strategy=percentile_per_layer scope=trainable_only

 24%|██▍       | 582/2405 [40:40<2:02:56,  4.05s/it]2026-04-17 04:45:11,472 - INFO - [sparse-mezo] global_step=582 active_fraction=0.255721 active_params=336466784/1315758080 configured_ratio=0.250000 mask_strategy=percentile_per_layer scope=trainable_only

 24%|██▍       | 583/2405 [40:44<2:03:01,  4.05s/it]2026-04-17 04:45:15,533 - INFO - [sparse-mezo] global_step=583 active_fraction=0.253598 active_params=333673994/1315758080 configured_ratio=0.250000 mask_strategy=percentile_per_layer scope=trainable_only

 24%|██▍       | 584/2405 [40:48<2:02:53,  4.05s/it]2026-04-17 04:45:19,576 - INFO - [sparse-mezo] global_step=584 active_fraction=0.253679 active_params=333780161/1315758080 configured_ratio=0.250000 mask_strategy=percentile_per_layer scope=trainable_only

 24%|██▍       | 585/2405 [40:52<2:02:42,  4.05s/it]2026-04-17 04:45:23,612 - INFO - [sparse-mezo] global_step=585 active_fraction=0.253842 active_params=333994881/1315758080 configured_ratio=0.250000 mask_strategy=percentile_per_layer scope=trainable_only

 24%|██▍       | 586/2405 [40:56<2:02:33,  4.04s/it]2026-04-17 04:45:27,649 - INFO - [sparse-mezo] global_step=586 active_fraction=0.253163 active_params=333100925/1315758080 configured_ratio=0.250000 mask_strategy=percentile_per_layer scope=trainable_only

 24%|██▍       | 587/2405 [41:00<2:02:40,  4.05s/it]2026-04-17 04:45:31,713 - INFO - [sparse-mezo] global_step=587 active_fraction=0.252545 active_params=332288733/1315758080 configured_ratio=0.250000 mask_strategy=percentile_per_layer scope=trainable_only

 24%|██▍       | 588/2405 [41:04<2:02:33,  4.05s/it]2026-04-17 04:45:35,758 - INFO - [sparse-mezo] global_step=588 active_fraction=0.253058 active_params=332962539/1315758080 configured_ratio=0.250000 mask_strategy=percentile_per_layer scope=trainable_only

 24%|██▍       | 589/2405 [41:08<2:02:34,  4.05s/it]2026-04-17 04:45:39,813 - INFO - [sparse-mezo] global_step=589 active_fraction=0.253055 active_params=332959806/1315758080 configured_ratio=0.250000 mask_strategy=percentile_per_layer scope=trainable_only

 25%|██▍       | 590/2405 [41:12<2:02:38,  4.05s/it]2026-04-17 04:45:43,881 - INFO - [sparse-mezo] global_step=590 active_fraction=0.252093 active_params=331693916/1315758080 configured_ratio=0.250000 mask_strategy=percentile_per_layer scope=trainable_only

 25%|██▍       | 591/2405 [41:16<2:02:35,  4.06s/it]2026-04-17 04:45:47,933 - INFO - [sparse-mezo] global_step=591 active_fraction=0.252607 active_params=332369934/1315758080 configured_ratio=0.250000 mask_strategy=percentile_per_layer scope=trainable_only

 25%|██▍       | 592/2405 [41:20<2:02:35,  4.06s/it]2026-04-17 04:45:51,999 - INFO - [sparse-mezo] global_step=592 active_fraction=0.252982 active_params=332863676/1315758080 configured_ratio=0.250000 mask_strategy=percentile_per_layer scope=trainable_only

 25%|██▍       | 593/2405 [41:24<2:02:26,  4.05s/it]2026-04-17 04:45:56,048 - INFO - [sparse-mezo] global_step=593 active_fraction=0.253162 active_params=333100023/1315758080 configured_ratio=0.250000 mask_strategy=percentile_per_layer scope=trainable_only

 25%|██▍       | 594/2405 [41:28<2:02:24,  4.06s/it]2026-04-17 04:46:00,100 - INFO - [sparse-mezo] global_step=594 active_fraction=0.254922 active_params=335415206/1315758080 configured_ratio=0.250000 mask_strategy=percentile_per_layer scope=trainable_only

 25%|██▍       | 595/2405 [41:33<2:02:17,  4.05s/it]2026-04-17 04:46:04,156 - INFO - [sparse-mezo] global_step=595 active_fraction=0.252233 active_params=331877431/1315758080 configured_ratio=0.250000 mask_strategy=percentile_per_layer scope=trainable_only

 25%|██▍       | 596/2405 [41:37<2:02:10,  4.05s/it]2026-04-17 04:46:08,198 - INFO - [sparse-mezo] global_step=596 active_fraction=0.252231 active_params=331874686/1315758080 configured_ratio=0.250000 mask_strategy=percentile_per_layer scope=trainable_only

 25%|██▍       | 597/2405 [41:41<2:02:19,  4.06s/it]2026-04-17 04:46:12,279 - INFO - [sparse-mezo] global_step=597 active_fraction=0.252229 active_params=331871914/1315758080 configured_ratio=0.250000 mask_strategy=percentile_per_layer scope=trainable_only

 25%|██▍       | 598/2405 [41:45<2:02:13,  4.06s/it]2026-04-17 04:46:16,336 - INFO - [sparse-mezo] global_step=598 active_fraction=0.251851 active_params=331374937/1315758080 configured_ratio=0.250000 mask_strategy=percentile_per_layer scope=trainable_only

 25%|██▍       | 599/2405 [41:49<2:02:03,  4.06s/it]2026-04-17 04:46:20,381 - INFO - [sparse-mezo] global_step=599 active_fraction=0.254859 active_params=335332549/1315758080 configured_ratio=0.250000 mask_strategy=percentile_per_layer scope=trainable_only

 25%|██▍       | 600/2405 [41:53<2:01:59,  4.06s/it]2026-04-17 04:46:24,437 - INFO - [sparse-mezo] global_step=600 active_fraction=0.253105 active_params=333025233/1315758080 configured_ratio=0.250000 mask_strategy=percentile_per_layer scope=trainable_only
2026-04-17 04:46:27,930 - INFO - [zo_probe] step=600 eps=1.000e-06 precision=fp16 n=16 mae=9.199600e+02 mse=1.373854e+06 rmse=1.172115e+03 sign_acc=0.3750 corr=-0.035800

 25%|██▍       | 601/2405 [42:00<2:33:18,  5.10s/it]2026-04-17 04:46:31,972 - INFO - [sparse-mezo] global_step=601 active_fraction=0.253354 active_params=333352132/1315758080 configured_ratio=0.250000 mask_strategy=percentile_per_layer scope=trainable_only

 25%|██▌       | 602/2405 [42:04<2:23:44,  4.78s/it]2026-04-17 04:46:36,018 - INFO - [sparse-mezo] global_step=602 active_fraction=0.253644 active_params=333733954/1315758080 configured_ratio=0.250000 mask_strategy=percentile_per_layer scope=trainable_only

 25%|██▌       | 603/2405 [42:08<2:17:05,  4.56s/it]2026-04-17 04:46:40,075 - INFO - [sparse-mezo] global_step=603 active_fraction=0.252818 active_params=332647973/1315758080 configured_ratio=0.250000 mask_strategy=percentile_per_layer scope=trainable_only

 25%|██▌       | 604/2405 [42:12<2:12:27,  4.41s/it]2026-04-17 04:46:44,136 - INFO - [sparse-mezo] global_step=604 active_fraction=0.252817 active_params=332645759/1315758080 configured_ratio=0.250000 mask_strategy=percentile_per_layer scope=trainable_only

 25%|██▌       | 605/2405 [42:17<2:09:07,  4.30s/it]2026-04-17 04:46:48,180 - INFO - [sparse-mezo] global_step=605 active_fraction=0.252108 active_params=331712498/1315758080 configured_ratio=0.250000 mask_strategy=percentile_per_layer scope=trainable_only

 25%|██▌       | 606/2405 [42:21<2:06:47,  4.23s/it]2026-04-17 04:46:52,235 - INFO - [sparse-mezo] global_step=606 active_fraction=0.254116 active_params=334355377/1315758080 configured_ratio=0.250000 mask_strategy=percentile_per_layer scope=trainable_only

 25%|██▌       | 607/2405 [42:25<2:05:05,  4.17s/it]2026-04-17 04:46:56,282 - INFO - [sparse-mezo] global_step=607 active_fraction=0.252096 active_params=331697999/1315758080 configured_ratio=0.250000 mask_strategy=percentile_per_layer scope=trainable_only

 25%|██▌       | 608/2405 [42:29<2:03:52,  4.14s/it]2026-04-17 04:47:00,326 - INFO - [sparse-mezo] global_step=608 active_fraction=0.252095 active_params=331695679/1315758080 configured_ratio=0.250000 mask_strategy=percentile_per_layer scope=trainable_only

 25%|██▌       | 609/2405 [42:33<2:02:58,  4.11s/it]2026-04-17 04:47:04,377 - INFO - [sparse-mezo] global_step=609 active_fraction=0.252955 active_params=332827239/1315758080 configured_ratio=0.250000 mask_strategy=percentile_per_layer scope=trainable_only

 25%|██▌       | 610/2405 [42:37<2:02:33,  4.10s/it]2026-04-17 04:47:08,444 - INFO - [sparse-mezo] global_step=610 active_fraction=0.254410 active_params=334742112/1315758080 configured_ratio=0.250000 mask_strategy=percentile_per_layer scope=trainable_only

 25%|██▌       | 611/2405 [42:41<2:02:09,  4.09s/it]2026-04-17 04:47:12,503 - INFO - [sparse-mezo] global_step=611 active_fraction=0.254956 active_params=335460321/1315758080 configured_ratio=0.250000 mask_strategy=percentile_per_layer scope=trainable_only

 25%|██▌       | 612/2405 [42:45<2:01:50,  4.08s/it]2026-04-17 04:47:16,562 - INFO - [sparse-mezo] global_step=612 active_fraction=0.254955 active_params=335458584/1315758080 configured_ratio=0.250000 mask_strategy=percentile_per_layer scope=trainable_only

 25%|██▌       | 613/2405 [42:49<2:01:36,  4.07s/it]2026-04-17 04:47:20,620 - INFO - [sparse-mezo] global_step=613 active_fraction=0.254953 active_params=335456778/1315758080 configured_ratio=0.250000 mask_strategy=percentile_per_layer scope=trainable_only

 26%|██▌       | 614/2405 [42:53<2:01:24,  4.07s/it]2026-04-17 04:47:24,679 - INFO - [sparse-mezo] global_step=614 active_fraction=0.252831 active_params=332664606/1315758080 configured_ratio=0.250000 mask_strategy=percentile_per_layer scope=trainable_only

 26%|██▌       | 615/2405 [42:57<2:01:11,  4.06s/it]2026-04-17 04:47:28,727 - INFO - [sparse-mezo] global_step=615 active_fraction=0.252830 active_params=332662921/1315758080 configured_ratio=0.250000 mask_strategy=percentile_per_layer scope=trainable_only

 26%|██▌       | 616/2405 [43:01<2:00:59,  4.06s/it]2026-04-17 04:47:32,775 - INFO - [sparse-mezo] global_step=616 active_fraction=0.253547 active_params=333606391/1315758080 configured_ratio=0.250000 mask_strategy=percentile_per_layer scope=trainable_only

 26%|██▌       | 617/2405 [43:05<2:00:50,  4.05s/it]2026-04-17 04:47:36,823 - INFO - [sparse-mezo] global_step=617 active_fraction=0.253710 active_params=333821482/1315758080 configured_ratio=0.250000 mask_strategy=percentile_per_layer scope=trainable_only

 26%|██▌       | 618/2405 [43:09<2:00:39,  4.05s/it]2026-04-17 04:47:40,866 - INFO - [sparse-mezo] global_step=618 active_fraction=0.253661 active_params=333757083/1315758080 configured_ratio=0.250000 mask_strategy=percentile_per_layer scope=trainable_only

 26%|██▌       | 619/2405 [43:13<2:00:40,  4.05s/it]2026-04-17 04:47:44,926 - INFO - [sparse-mezo] global_step=619 active_fraction=0.253661 active_params=333755895/1315758080 configured_ratio=0.250000 mask_strategy=percentile_per_layer scope=trainable_only

 26%|██▌       | 620/2405 [43:17<2:00:33,  4.05s/it]2026-04-17 04:47:48,974 - INFO - [sparse-mezo] global_step=620 active_fraction=0.254496 active_params=334854541/1315758080 configured_ratio=0.250000 mask_strategy=percentile_per_layer scope=trainable_only

 26%|██▌       | 621/2405 [43:21<2:00:31,  4.05s/it]2026-04-17 04:47:53,035 - INFO - [sparse-mezo] global_step=621 active_fraction=0.252054 active_params=331641727/1315758080 configured_ratio=0.250000 mask_strategy=percentile_per_layer scope=trainable_only

 26%|██▌       | 622/2405 [43:25<2:00:26,  4.05s/it]2026-04-17 04:47:57,084 - INFO - [sparse-mezo] global_step=622 active_fraction=0.254473 active_params=334824983/1315758080 configured_ratio=0.250000 mask_strategy=percentile_per_layer scope=trainable_only

 26%|██▌       | 623/2405 [43:30<2:00:25,  4.05s/it]2026-04-17 04:48:01,142 - INFO - [sparse-mezo] global_step=623 active_fraction=0.254939 active_params=335437660/1315758080 configured_ratio=0.250000 mask_strategy=percentile_per_layer scope=trainable_only

 26%|██▌       | 624/2405 [43:34<2:00:18,  4.05s/it]2026-04-17 04:48:05,193 - INFO - [sparse-mezo] global_step=624 active_fraction=0.252410 active_params=332109867/1315758080 configured_ratio=0.250000 mask_strategy=percentile_per_layer scope=trainable_only

 26%|██▌       | 625/2405 [43:38<2:00:12,  4.05s/it]2026-04-17 04:48:09,244 - INFO - [sparse-mezo] global_step=625 active_fraction=0.253065 active_params=332972953/1315758080 configured_ratio=0.250000 mask_strategy=percentile_per_layer scope=trainable_only

 26%|██▌       | 626/2405 [43:42<2:00:13,  4.05s/it]2026-04-17 04:48:13,302 - INFO - [sparse-mezo] global_step=626 active_fraction=0.252500 active_params=332229421/1315758080 configured_ratio=0.250000 mask_strategy=percentile_per_layer scope=trainable_only

 26%|██▌       | 627/2405 [43:46<2:00:11,  4.06s/it]2026-04-17 04:48:17,365 - INFO - [sparse-mezo] global_step=627 active_fraction=0.253302 active_params=333284231/1315758080 configured_ratio=0.250000 mask_strategy=percentile_per_layer scope=trainable_only

 26%|██▌       | 628/2405 [43:50<2:00:05,  4.06s/it]2026-04-17 04:48:21,415 - INFO - [sparse-mezo] global_step=628 active_fraction=0.253173 active_params=333114642/1315758080 configured_ratio=0.250000 mask_strategy=percentile_per_layer scope=trainable_only

 26%|██▌       | 629/2405 [43:54<1:59:58,  4.05s/it]2026-04-17 04:48:25,465 - INFO - [sparse-mezo] global_step=629 active_fraction=0.253969 active_params=334161806/1315758080 configured_ratio=0.250000 mask_strategy=percentile_per_layer scope=trainable_only

 26%|██▌       | 630/2405 [43:58<1:59:50,  4.05s/it]2026-04-17 04:48:29,509 - INFO - [sparse-mezo] global_step=630 active_fraction=0.254223 active_params=334495997/1315758080 configured_ratio=0.250000 mask_strategy=percentile_per_layer scope=trainable_only

 26%|██▌       | 631/2405 [44:02<1:59:45,  4.05s/it]2026-04-17 04:48:33,560 - INFO - [sparse-mezo] global_step=631 active_fraction=0.253367 active_params=333369846/1315758080 configured_ratio=0.250000 mask_strategy=percentile_per_layer scope=trainable_only

 26%|██▋       | 632/2405 [44:06<1:59:54,  4.06s/it]2026-04-17 04:48:37,638 - INFO - [sparse-mezo] global_step=632 active_fraction=0.253367 active_params=333369319/1315758080 configured_ratio=0.250000 mask_strategy=percentile_per_layer scope=trainable_only

 26%|██▋       | 633/2405 [44:10<1:59:48,  4.06s/it]2026-04-17 04:48:41,690 - INFO - [sparse-mezo] global_step=633 active_fraction=0.253366 active_params=333368772/1315758080 configured_ratio=0.250000 mask_strategy=percentile_per_layer scope=trainable_only

 26%|██▋       | 634/2405 [44:14<1:59:47,  4.06s/it]2026-04-17 04:48:45,753 - INFO - [sparse-mezo] global_step=634 active_fraction=0.253764 active_params=333891901/1315758080 configured_ratio=0.250000 mask_strategy=percentile_per_layer scope=trainable_only

 26%|██▋       | 635/2405 [44:18<1:59:40,  4.06s/it]2026-04-17 04:48:49,807 - INFO - [sparse-mezo] global_step=635 active_fraction=0.253600 active_params=333676043/1315758080 configured_ratio=0.250000 mask_strategy=percentile_per_layer scope=trainable_only

 26%|██▋       | 636/2405 [44:22<1:59:39,  4.06s/it]2026-04-17 04:48:53,870 - INFO - [sparse-mezo] global_step=636 active_fraction=0.253955 active_params=334143840/1315758080 configured_ratio=0.250000 mask_strategy=percentile_per_layer scope=trainable_only

 26%|██▋       | 637/2405 [44:26<1:59:38,  4.06s/it]2026-04-17 04:48:57,931 - INFO - [sparse-mezo] global_step=637 active_fraction=0.253296 active_params=333276184/1315758080 configured_ratio=0.250000 mask_strategy=percentile_per_layer scope=trainable_only

 27%|██▋       | 638/2405 [44:30<1:59:34,  4.06s/it]2026-04-17 04:49:01,991 - INFO - [sparse-mezo] global_step=638 active_fraction=0.253295 active_params=333275578/1315758080 configured_ratio=0.250000 mask_strategy=percentile_per_layer scope=trainable_only

 27%|██▋       | 639/2405 [44:34<1:59:30,  4.06s/it]2026-04-17 04:49:06,054 - INFO - [sparse-mezo] global_step=639 active_fraction=0.253013 active_params=332904168/1315758080 configured_ratio=0.250000 mask_strategy=percentile_per_layer scope=trainable_only

 27%|██▋       | 640/2405 [44:38<1:59:22,  4.06s/it]2026-04-17 04:49:10,107 - INFO - [sparse-mezo] global_step=640 active_fraction=0.253013 active_params=332903607/1315758080 configured_ratio=0.250000 mask_strategy=percentile_per_layer scope=trainable_only

 27%|██▋       | 641/2405 [44:43<1:59:15,  4.06s/it]2026-04-17 04:49:14,158 - INFO - [sparse-mezo] global_step=641 active_fraction=0.253012 active_params=332903016/1315758080 configured_ratio=0.250000 mask_strategy=percentile_per_layer scope=trainable_only

 27%|██▋       | 642/2405 [44:47<1:59:06,  4.05s/it]2026-04-17 04:49:18,206 - INFO - [sparse-mezo] global_step=642 active_fraction=0.252463 active_params=332180817/1315758080 configured_ratio=0.250000 mask_strategy=percentile_per_layer scope=trainable_only

 27%|██▋       | 643/2405 [44:51<1:59:01,  4.05s/it]2026-04-17 04:49:22,255 - INFO - [sparse-mezo] global_step=643 active_fraction=0.252574 active_params=332325825/1315758080 configured_ratio=0.250000 mask_strategy=percentile_per_layer scope=trainable_only

 27%|██▋       | 644/2405 [44:55<1:58:55,  4.05s/it]2026-04-17 04:49:26,304 - INFO - [sparse-mezo] global_step=644 active_fraction=0.252573 active_params=332325258/1315758080 configured_ratio=0.250000 mask_strategy=percentile_per_layer scope=trainable_only

 27%|██▋       | 645/2405 [44:59<1:58:49,  4.05s/it]2026-04-17 04:49:30,353 - INFO - [sparse-mezo] global_step=645 active_fraction=0.252813 active_params=332641244/1315758080 configured_ratio=0.250000 mask_strategy=percentile_per_layer scope=trainable_only

 27%|██▋       | 646/2405 [45:03<1:58:57,  4.06s/it]2026-04-17 04:49:34,428 - INFO - [sparse-mezo] global_step=646 active_fraction=0.252813 active_params=332640686/1315758080 configured_ratio=0.250000 mask_strategy=percentile_per_layer scope=trainable_only

 27%|██▋       | 647/2405 [45:07<1:58:47,  4.05s/it]2026-04-17 04:49:38,471 - INFO - [sparse-mezo] global_step=647 active_fraction=0.252812 active_params=332640087/1315758080 configured_ratio=0.250000 mask_strategy=percentile_per_layer scope=trainable_only

 27%|██▋       | 648/2405 [45:11<1:58:37,  4.05s/it]2026-04-17 04:49:42,515 - INFO - [sparse-mezo] global_step=648 active_fraction=0.251889 active_params=331425168/1315758080 configured_ratio=0.250000 mask_strategy=percentile_per_layer scope=trainable_only

 27%|██▋       | 649/2405 [45:15<1:58:32,  4.05s/it]2026-04-17 04:49:46,566 - INFO - [sparse-mezo] global_step=649 active_fraction=0.252955 active_params=332826999/1315758080 configured_ratio=0.250000 mask_strategy=percentile_per_layer scope=trainable_only

 27%|██▋       | 650/2405 [45:19<1:58:33,  4.05s/it]2026-04-17 04:49:50,626 - INFO - [sparse-mezo] global_step=650 active_fraction=0.252954 active_params=332826451/1315758080 configured_ratio=0.250000 mask_strategy=percentile_per_layer scope=trainable_only

 27%|██▋       | 651/2405 [45:23<1:58:28,  4.05s/it]2026-04-17 04:49:54,677 - INFO - [sparse-mezo] global_step=651 active_fraction=0.252696 active_params=332486168/1315758080 configured_ratio=0.250000 mask_strategy=percentile_per_layer scope=trainable_only

 27%|██▋       | 652/2405 [45:27<1:58:23,  4.05s/it]2026-04-17 04:49:58,726 - INFO - [sparse-mezo] global_step=652 active_fraction=0.253733 active_params=333851370/1315758080 configured_ratio=0.250000 mask_strategy=percentile_per_layer scope=trainable_only

 27%|██▋       | 653/2405 [45:31<1:58:15,  4.05s/it]2026-04-17 04:50:02,772 - INFO - [sparse-mezo] global_step=653 active_fraction=0.253733 active_params=333850820/1315758080 configured_ratio=0.250000 mask_strategy=percentile_per_layer scope=trainable_only

 27%|██▋       | 654/2405 [45:35<1:58:08,  4.05s/it]2026-04-17 04:50:06,818 - INFO - [sparse-mezo] global_step=654 active_fraction=0.253462 active_params=333494392/1315758080 configured_ratio=0.250000 mask_strategy=percentile_per_layer scope=trainable_only

 27%|██▋       | 655/2405 [45:39<1:58:15,  4.05s/it]2026-04-17 04:50:10,886 - INFO - [sparse-mezo] global_step=655 active_fraction=0.253461 active_params=333493791/1315758080 configured_ratio=0.250000 mask_strategy=percentile_per_layer scope=trainable_only

 27%|██▋       | 656/2405 [45:43<1:58:09,  4.05s/it]2026-04-17 04:50:14,937 - INFO - [sparse-mezo] global_step=656 active_fraction=0.253034 active_params=332931775/1315758080 configured_ratio=0.250000 mask_strategy=percentile_per_layer scope=trainable_only

 27%|██▋       | 657/2405 [45:47<1:58:08,  4.06s/it]2026-04-17 04:50:18,993 - INFO - [sparse-mezo] global_step=657 active_fraction=0.251866 active_params=331394535/1315758080 configured_ratio=0.250000 mask_strategy=percentile_per_layer scope=trainable_only

 27%|██▋       | 658/2405 [45:51<1:58:00,  4.05s/it]2026-04-17 04:50:23,043 - INFO - [sparse-mezo] global_step=658 active_fraction=0.252493 active_params=332219737/1315758080 configured_ratio=0.250000 mask_strategy=percentile_per_layer scope=trainable_only

 27%|██▋       | 659/2405 [45:55<1:57:59,  4.05s/it]2026-04-17 04:50:27,100 - INFO - [sparse-mezo] global_step=659 active_fraction=0.253819 active_params=333964675/1315758080 configured_ratio=0.250000 mask_strategy=percentile_per_layer scope=trainable_only

 27%|██▋       | 660/2405 [46:00<1:57:56,  4.06s/it]2026-04-17 04:50:31,162 - INFO - [sparse-mezo] global_step=660 active_fraction=0.253819 active_params=333964149/1315758080 configured_ratio=0.250000 mask_strategy=percentile_per_layer scope=trainable_only

 27%|██▋       | 661/2405 [46:04<1:57:51,  4.05s/it]2026-04-17 04:50:35,211 - INFO - [sparse-mezo] global_step=661 active_fraction=0.253818 active_params=333963599/1315758080 configured_ratio=0.250000 mask_strategy=percentile_per_layer scope=trainable_only

 28%|██▊       | 662/2405 [46:08<1:57:43,  4.05s/it]2026-04-17 04:50:39,258 - INFO - [sparse-mezo] global_step=662 active_fraction=0.254025 active_params=334235997/1315758080 configured_ratio=0.250000 mask_strategy=percentile_per_layer scope=trainable_only

 28%|██▊       | 663/2405 [46:12<1:57:37,  4.05s/it]2026-04-17 04:50:43,312 - INFO - [sparse-mezo] global_step=663 active_fraction=0.252331 active_params=332006390/1315758080 configured_ratio=0.250000 mask_strategy=percentile_per_layer scope=trainable_only

 28%|██▊       | 664/2405 [46:16<1:57:32,  4.05s/it]2026-04-17 04:50:47,361 - INFO - [sparse-mezo] global_step=664 active_fraction=0.252330 active_params=332005811/1315758080 configured_ratio=0.250000 mask_strategy=percentile_per_layer scope=trainable_only

 28%|██▊       | 665/2405 [46:20<1:57:34,  4.05s/it]2026-04-17 04:50:51,422 - INFO - [sparse-mezo] global_step=665 active_fraction=0.252150 active_params=331768372/1315758080 configured_ratio=0.250000 mask_strategy=percentile_per_layer scope=trainable_only

 28%|██▊       | 666/2405 [46:24<1:57:38,  4.06s/it]2026-04-17 04:50:55,492 - INFO - [sparse-mezo] global_step=666 active_fraction=0.252897 active_params=332751007/1315758080 configured_ratio=0.250000 mask_strategy=percentile_per_layer scope=trainable_only

 28%|██▊       | 667/2405 [46:28<1:57:30,  4.06s/it]2026-04-17 04:50:59,542 - INFO - [sparse-mezo] global_step=667 active_fraction=0.252896 active_params=332750398/1315758080 configured_ratio=0.250000 mask_strategy=percentile_per_layer scope=trainable_only

 28%|██▊       | 668/2405 [46:32<1:57:23,  4.06s/it]2026-04-17 04:51:03,594 - INFO - [sparse-mezo] global_step=668 active_fraction=0.252896 active_params=332749814/1315758080 configured_ratio=0.250000 mask_strategy=percentile_per_layer scope=trainable_only

 28%|██▊       | 669/2405 [46:36<1:57:22,  4.06s/it]2026-04-17 04:51:07,654 - INFO - [sparse-mezo] global_step=669 active_fraction=0.252039 active_params=331622580/1315758080 configured_ratio=0.250000 mask_strategy=percentile_per_layer scope=trainable_only

 28%|██▊       | 670/2405 [46:40<1:57:24,  4.06s/it]2026-04-17 04:51:11,722 - INFO - [sparse-mezo] global_step=670 active_fraction=0.252139 active_params=331753752/1315758080 configured_ratio=0.250000 mask_strategy=percentile_per_layer scope=trainable_only

 28%|██▊       | 671/2405 [46:44<1:57:15,  4.06s/it]2026-04-17 04:51:15,769 - INFO - [sparse-mezo] global_step=671 active_fraction=0.254006 active_params=334210520/1315758080 configured_ratio=0.250000 mask_strategy=percentile_per_layer scope=trainable_only

 28%|██▊       | 672/2405 [46:48<1:57:05,  4.05s/it]2026-04-17 04:51:19,816 - INFO - [sparse-mezo] global_step=672 active_fraction=0.251846 active_params=331369026/1315758080 configured_ratio=0.250000 mask_strategy=percentile_per_layer scope=trainable_only

 28%|██▊       | 673/2405 [46:52<1:56:50,  4.05s/it]2026-04-17 04:51:23,851 - INFO - [sparse-mezo] global_step=673 active_fraction=0.251846 active_params=331368462/1315758080 configured_ratio=0.250000 mask_strategy=percentile_per_layer scope=trainable_only

 28%|██▊       | 674/2405 [46:56<1:56:47,  4.05s/it]2026-04-17 04:51:27,896 - INFO - [sparse-mezo] global_step=674 active_fraction=0.251900 active_params=331439263/1315758080 configured_ratio=0.250000 mask_strategy=percentile_per_layer scope=trainable_only

 28%|██▊       | 675/2405 [47:00<1:56:38,  4.05s/it]2026-04-17 04:51:31,941 - INFO - [sparse-mezo] global_step=675 active_fraction=0.251741 active_params=331230222/1315758080 configured_ratio=0.250000 mask_strategy=percentile_per_layer scope=trainable_only

 28%|██▊       | 676/2405 [47:04<1:56:42,  4.05s/it]2026-04-17 04:51:36,000 - INFO - [sparse-mezo] global_step=676 active_fraction=0.251814 active_params=331325756/1315758080 configured_ratio=0.250000 mask_strategy=percentile_per_layer scope=trainable_only

 28%|██▊       | 677/2405 [47:08<1:56:38,  4.05s/it]2026-04-17 04:51:40,048 - INFO - [sparse-mezo] global_step=677 active_fraction=0.251813 active_params=331325150/1315758080 configured_ratio=0.250000 mask_strategy=percentile_per_layer scope=trainable_only

 28%|██▊       | 678/2405 [47:12<1:56:42,  4.05s/it]2026-04-17 04:51:44,111 - INFO - [sparse-mezo] global_step=678 active_fraction=0.251813 active_params=331324541/1315758080 configured_ratio=0.250000 mask_strategy=percentile_per_layer scope=trainable_only

 28%|██▊       | 679/2405 [47:17<1:56:43,  4.06s/it]2026-04-17 04:51:48,181 - INFO - [sparse-mezo] global_step=679 active_fraction=0.251812 active_params=331323921/1315758080 configured_ratio=0.250000 mask_strategy=percentile_per_layer scope=trainable_only

 28%|██▊       | 680/2405 [47:21<1:56:45,  4.06s/it]2026-04-17 04:51:52,252 - INFO - [sparse-mezo] global_step=680 active_fraction=0.251452 active_params=330849981/1315758080 configured_ratio=0.250000 mask_strategy=percentile_per_layer scope=trainable_only

 28%|██▊       | 681/2405 [47:25<1:56:41,  4.06s/it]2026-04-17 04:51:56,312 - INFO - [sparse-mezo] global_step=681 active_fraction=0.254233 active_params=334509696/1315758080 configured_ratio=0.250000 mask_strategy=percentile_per_layer scope=trainable_only

 28%|██▊       | 682/2405 [47:29<1:56:45,  4.07s/it]2026-04-17 04:52:00,386 - INFO - [sparse-mezo] global_step=682 active_fraction=0.251735 active_params=331222382/1315758080 configured_ratio=0.250000 mask_strategy=percentile_per_layer scope=trainable_only

 28%|██▊       | 683/2405 [47:33<1:56:29,  4.06s/it]2026-04-17 04:52:04,423 - INFO - [sparse-mezo] global_step=683 active_fraction=0.251735 active_params=331221790/1315758080 configured_ratio=0.250000 mask_strategy=percentile_per_layer scope=trainable_only

 28%|██▊       | 684/2405 [47:37<1:56:21,  4.06s/it]2026-04-17 04:52:08,482 - INFO - [sparse-mezo] global_step=684 active_fraction=0.252087 active_params=331686048/1315758080 configured_ratio=0.250000 mask_strategy=percentile_per_layer scope=trainable_only

 28%|██▊       | 685/2405 [47:41<1:56:11,  4.05s/it]2026-04-17 04:52:12,527 - INFO - [sparse-mezo] global_step=685 active_fraction=0.252322 active_params=331994641/1315758080 configured_ratio=0.250000 mask_strategy=percentile_per_layer scope=trainable_only

 29%|██▊       | 686/2405 [47:45<1:56:10,  4.05s/it]2026-04-17 04:52:16,587 - INFO - [sparse-mezo] global_step=686 active_fraction=0.252694 active_params=332484641/1315758080 configured_ratio=0.250000 mask_strategy=percentile_per_layer scope=trainable_only

 29%|██▊       | 687/2405 [47:49<1:56:08,  4.06s/it]2026-04-17 04:52:20,645 - INFO - [sparse-mezo] global_step=687 active_fraction=0.254166 active_params=334421429/1315758080 configured_ratio=0.250000 mask_strategy=percentile_per_layer scope=trainable_only

 29%|██▊       | 688/2405 [47:53<1:56:06,  4.06s/it]2026-04-17 04:52:24,702 - INFO - [sparse-mezo] global_step=688 active_fraction=0.252727 active_params=332527242/1315758080 configured_ratio=0.250000 mask_strategy=percentile_per_layer scope=trainable_only

 29%|██▊       | 689/2405 [47:57<1:56:01,  4.06s/it]2026-04-17 04:52:28,760 - INFO - [sparse-mezo] global_step=689 active_fraction=0.252232 active_params=331875638/1315758080 configured_ratio=0.250000 mask_strategy=percentile_per_layer scope=trainable_only

 29%|██▊       | 690/2405 [48:01<1:55:53,  4.05s/it]2026-04-17 04:52:32,813 - INFO - [sparse-mezo] global_step=690 active_fraction=0.251860 active_params=331386460/1315758080 configured_ratio=0.250000 mask_strategy=percentile_per_layer scope=trainable_only

 29%|██▊       | 691/2405 [48:05<1:55:53,  4.06s/it]2026-04-17 04:52:36,869 - INFO - [sparse-mezo] global_step=691 active_fraction=0.254217 active_params=334487687/1315758080 configured_ratio=0.250000 mask_strategy=percentile_per_layer scope=trainable_only

 29%|██▉       | 692/2405 [48:09<1:55:44,  4.05s/it]2026-04-17 04:52:40,917 - INFO - [sparse-mezo] global_step=692 active_fraction=0.251691 active_params=331164325/1315758080 configured_ratio=0.250000 mask_strategy=percentile_per_layer scope=trainable_only

 29%|██▉       | 693/2405 [48:13<1:55:41,  4.05s/it]2026-04-17 04:52:44,978 - INFO - [sparse-mezo] global_step=693 active_fraction=0.251690 active_params=331163739/1315758080 configured_ratio=0.250000 mask_strategy=percentile_per_layer scope=trainable_only

 29%|██▉       | 694/2405 [48:17<1:55:33,  4.05s/it]2026-04-17 04:52:49,000 - INFO - [sparse-mezo] global_step=694 active_fraction=0.254014 active_params=334221613/1315758080 configured_ratio=0.250000 mask_strategy=percentile_per_layer scope=trainable_only

 29%|██▉       | 695/2405 [48:21<1:55:20,  4.05s/it]2026-04-17 04:52:53,057 - INFO - [sparse-mezo] global_step=695 active_fraction=0.254014 active_params=334221028/1315758080 configured_ratio=0.250000 mask_strategy=percentile_per_layer scope=trainable_only

 29%|██▉       | 696/2405 [48:25<1:55:17,  4.05s/it]2026-04-17 04:52:57,107 - INFO - [sparse-mezo] global_step=696 active_fraction=0.254014 active_params=334220441/1315758080 configured_ratio=0.250000 mask_strategy=percentile_per_layer scope=trainable_only

 29%|██▉       | 697/2405 [48:30<1:55:19,  4.05s/it]2026-04-17 04:53:01,163 - INFO - [sparse-mezo] global_step=697 active_fraction=0.254013 active_params=334219872/1315758080 configured_ratio=0.250000 mask_strategy=percentile_per_layer scope=trainable_only

 29%|██▉       | 698/2405 [48:34<1:55:13,  4.05s/it]2026-04-17 04:53:05,210 - INFO - [sparse-mezo] global_step=698 active_fraction=0.251813 active_params=331325482/1315758080 configured_ratio=0.250000 mask_strategy=percentile_per_layer scope=trainable_only

 29%|██▉       | 699/2405 [48:38<1:55:07,  4.05s/it]2026-04-17 04:53:09,261 - INFO - [sparse-mezo] global_step=699 active_fraction=0.251813 active_params=331324892/1315758080 configured_ratio=0.250000 mask_strategy=percentile_per_layer scope=trainable_only

 29%|██▉       | 700/2405 [48:42<1:55:04,  4.05s/it]2026-04-17 04:53:13,306 - INFO - [sparse-mezo] global_step=700 active_fraction=0.254085 active_params=334314639/1315758080 configured_ratio=0.250000 mask_strategy=percentile_per_layer scope=trainable_only
2026-04-17 04:53:17,069 - INFO - [zo_probe] step=700 eps=1.000e-06 precision=fp16 n=16 mae=1.034369e+03 mse=1.699626e+06 rmse=1.303697e+03 sign_acc=0.5000 corr=0.470111

 29%|██▉       | 701/2405 [48:49<2:27:02,  5.18s/it]2026-04-17 04:53:21,120 - INFO - [sparse-mezo] global_step=701 active_fraction=0.254077 active_params=334304518/1315758080 configured_ratio=0.250000 mask_strategy=percentile_per_layer scope=trainable_only

 29%|██▉       | 702/2405 [48:54<2:17:26,  4.84s/it]2026-04-17 04:53:25,183 - INFO - [sparse-mezo] global_step=702 active_fraction=0.251664 active_params=331128305/1315758080 configured_ratio=0.250000 mask_strategy=percentile_per_layer scope=trainable_only

 29%|██▉       | 703/2405 [48:58<2:10:43,  4.61s/it]2026-04-17 04:53:29,243 - INFO - [sparse-mezo] global_step=703 active_fraction=0.251845 active_params=331367436/1315758080 configured_ratio=0.250000 mask_strategy=percentile_per_layer scope=trainable_only

 29%|██▉       | 704/2405 [49:02<2:05:58,  4.44s/it]2026-04-17 04:53:33,302 - INFO - [sparse-mezo] global_step=704 active_fraction=0.251845 active_params=331366820/1315758080 configured_ratio=0.250000 mask_strategy=percentile_per_layer scope=trainable_only

 29%|██▉       | 705/2405 [49:06<2:02:38,  4.33s/it]2026-04-17 04:53:37,362 - INFO - [sparse-mezo] global_step=705 active_fraction=0.251689 active_params=331161482/1315758080 configured_ratio=0.250000 mask_strategy=percentile_per_layer scope=trainable_only

 29%|██▉       | 706/2405 [49:10<2:00:16,  4.25s/it]2026-04-17 04:53:41,422 - INFO - [sparse-mezo] global_step=706 active_fraction=0.251688 active_params=331160867/1315758080 configured_ratio=0.250000 mask_strategy=percentile_per_layer scope=trainable_only

 29%|██▉       | 707/2405 [49:14<1:58:32,  4.19s/it]2026-04-17 04:53:45,470 - INFO - [sparse-mezo] global_step=707 active_fraction=0.251688 active_params=331160305/1315758080 configured_ratio=0.250000 mask_strategy=percentile_per_layer scope=trainable_only

 29%|██▉       | 708/2405 [49:18<1:57:21,  4.15s/it]2026-04-17 04:53:49,530 - INFO - [sparse-mezo] global_step=708 active_fraction=0.251561 active_params=330994020/1315758080 configured_ratio=0.250000 mask_strategy=percentile_per_layer scope=trainable_only

 29%|██▉       | 709/2405 [49:22<1:56:24,  4.12s/it]2026-04-17 04:53:53,572 - INFO - [sparse-mezo] global_step=709 active_fraction=0.251673 active_params=331141095/1315758080 configured_ratio=0.250000 mask_strategy=percentile_per_layer scope=trainable_only

 30%|██▉       | 710/2405 [49:26<1:55:49,  4.10s/it]2026-04-17 04:53:57,629 - INFO - [sparse-mezo] global_step=710 active_fraction=0.251673 active_params=331140491/1315758080 configured_ratio=0.250000 mask_strategy=percentile_per_layer scope=trainable_only

 30%|██▉       | 711/2405 [49:30<1:55:23,  4.09s/it]2026-04-17 04:54:01,685 - INFO - [sparse-mezo] global_step=711 active_fraction=0.251770 active_params=331267964/1315758080 configured_ratio=0.250000 mask_strategy=percentile_per_layer scope=trainable_only

 30%|██▉       | 712/2405 [49:34<1:54:55,  4.07s/it]2026-04-17 04:54:05,708 - INFO - [sparse-mezo] global_step=712 active_fraction=0.254959 active_params=335464630/1315758080 configured_ratio=0.250000 mask_strategy=percentile_per_layer scope=trainable_only

 30%|██▉       | 713/2405 [49:38<1:54:26,  4.06s/it]2026-04-17 04:54:09,750 - INFO - [sparse-mezo] global_step=713 active_fraction=0.254959 active_params=335464050/1315758080 configured_ratio=0.250000 mask_strategy=percentile_per_layer scope=trainable_only

 30%|██▉       | 714/2405 [49:42<1:54:25,  4.06s/it]2026-04-17 04:54:13,814 - INFO - [sparse-mezo] global_step=714 active_fraction=0.252435 active_params=332143311/1315758080 configured_ratio=0.250000 mask_strategy=percentile_per_layer scope=trainable_only

 30%|██▉       | 715/2405 [49:46<1:54:18,  4.06s/it]2026-04-17 04:54:17,871 - INFO - [sparse-mezo] global_step=715 active_fraction=0.252137 active_params=331750734/1315758080 configured_ratio=0.250000 mask_strategy=percentile_per_layer scope=trainable_only

 30%|██▉       | 716/2405 [49:50<1:54:10,  4.06s/it]2026-04-17 04:54:21,920 - INFO - [sparse-mezo] global_step=716 active_fraction=0.252136 active_params=331750149/1315758080 configured_ratio=0.250000 mask_strategy=percentile_per_layer scope=trainable_only

 30%|██▉       | 717/2405 [49:54<1:54:06,  4.06s/it]2026-04-17 04:54:25,978 - INFO - [sparse-mezo] global_step=717 active_fraction=0.252136 active_params=331749563/1315758080 configured_ratio=0.250000 mask_strategy=percentile_per_layer scope=trainable_only

 30%|██▉       | 718/2405 [49:58<1:53:59,  4.05s/it]2026-04-17 04:54:30,025 - INFO - [sparse-mezo] global_step=718 active_fraction=0.252216 active_params=331855186/1315758080 configured_ratio=0.250000 mask_strategy=percentile_per_layer scope=trainable_only

 30%|██▉       | 719/2405 [50:02<1:53:48,  4.05s/it]2026-04-17 04:54:34,066 - INFO - [sparse-mezo] global_step=719 active_fraction=0.252215 active_params=331854548/1315758080 configured_ratio=0.250000 mask_strategy=percentile_per_layer scope=trainable_only

 30%|██▉       | 720/2405 [50:06<1:53:52,  4.05s/it]2026-04-17 04:54:38,132 - INFO - [sparse-mezo] global_step=720 active_fraction=0.255362 active_params=335994554/1315758080 configured_ratio=0.250000 mask_strategy=percentile_per_layer scope=trainable_only

 30%|██▉       | 721/2405 [50:11<1:53:49,  4.06s/it]2026-04-17 04:54:42,191 - INFO - [sparse-mezo] global_step=721 active_fraction=0.255361 active_params=335993936/1315758080 configured_ratio=0.250000 mask_strategy=percentile_per_layer scope=trainable_only

 30%|███       | 722/2405 [50:15<1:53:41,  4.05s/it]2026-04-17 04:54:46,239 - INFO - [sparse-mezo] global_step=722 active_fraction=0.255361 active_params=335993269/1315758080 configured_ratio=0.250000 mask_strategy=percentile_per_layer scope=trainable_only

 30%|███       | 723/2405 [50:19<1:53:40,  4.05s/it]2026-04-17 04:54:50,297 - INFO - [sparse-mezo] global_step=723 active_fraction=0.252818 active_params=332647017/1315758080 configured_ratio=0.250000 mask_strategy=percentile_per_layer scope=trainable_only

 30%|███       | 724/2405 [50:23<1:53:42,  4.06s/it]2026-04-17 04:54:54,364 - INFO - [sparse-mezo] global_step=724 active_fraction=0.252817 active_params=332646458/1315758080 configured_ratio=0.250000 mask_strategy=percentile_per_layer scope=trainable_only

 30%|███       | 725/2405 [50:27<1:53:37,  4.06s/it]2026-04-17 04:54:58,419 - INFO - [sparse-mezo] global_step=725 active_fraction=0.252817 active_params=332645808/1315758080 configured_ratio=0.250000 mask_strategy=percentile_per_layer scope=trainable_only

 30%|███       | 726/2405 [50:31<1:53:27,  4.05s/it]2026-04-17 04:55:02,468 - INFO - [sparse-mezo] global_step=726 active_fraction=0.252620 active_params=332386637/1315758080 configured_ratio=0.250000 mask_strategy=percentile_per_layer scope=trainable_only

 30%|███       | 727/2405 [50:35<1:53:20,  4.05s/it]2026-04-17 04:55:06,513 - INFO - [sparse-mezo] global_step=727 active_fraction=0.252643 active_params=332417105/1315758080 configured_ratio=0.250000 mask_strategy=percentile_per_layer scope=trainable_only

 30%|███       | 728/2405 [50:39<1:53:21,  4.06s/it]2026-04-17 04:55:10,577 - INFO - [sparse-mezo] global_step=728 active_fraction=0.252859 active_params=332701314/1315758080 configured_ratio=0.250000 mask_strategy=percentile_per_layer scope=trainable_only

 30%|███       | 729/2405 [50:43<1:53:12,  4.05s/it]2026-04-17 04:55:14,626 - INFO - [sparse-mezo] global_step=729 active_fraction=0.252859 active_params=332700692/1315758080 configured_ratio=0.250000 mask_strategy=percentile_per_layer scope=trainable_only

 30%|███       | 730/2405 [50:47<1:53:03,  4.05s/it]2026-04-17 04:55:18,667 - INFO - [sparse-mezo] global_step=730 active_fraction=0.252858 active_params=332700049/1315758080 configured_ratio=0.250000 mask_strategy=percentile_per_layer scope=trainable_only

 30%|███       | 731/2405 [50:51<1:52:57,  4.05s/it]2026-04-17 04:55:22,711 - INFO - [sparse-mezo] global_step=731 active_fraction=0.255083 active_params=335627501/1315758080 configured_ratio=0.250000 mask_strategy=percentile_per_layer scope=trainable_only

 30%|███       | 732/2405 [50:55<1:52:56,  4.05s/it]2026-04-17 04:55:26,769 - INFO - [sparse-mezo] global_step=732 active_fraction=0.252969 active_params=332845844/1315758080 configured_ratio=0.250000 mask_strategy=percentile_per_layer scope=trainable_only

 30%|███       | 733/2405 [50:59<1:52:51,  4.05s/it]2026-04-17 04:55:30,812 - INFO - [sparse-mezo] global_step=733 active_fraction=0.253056 active_params=332961123/1315758080 configured_ratio=0.250000 mask_strategy=percentile_per_layer scope=trainable_only

 31%|███       | 734/2405 [51:03<1:52:43,  4.05s/it]2026-04-17 04:55:34,857 - INFO - [sparse-mezo] global_step=734 active_fraction=0.253056 active_params=332960473/1315758080 configured_ratio=0.250000 mask_strategy=percentile_per_layer scope=trainable_only

 31%|███       | 735/2405 [51:07<1:52:38,  4.05s/it]2026-04-17 04:55:38,901 - INFO - [sparse-mezo] global_step=735 active_fraction=0.253037 active_params=332935776/1315758080 configured_ratio=0.250000 mask_strategy=percentile_per_layer scope=trainable_only

 31%|███       | 736/2405 [51:11<1:52:32,  4.05s/it]2026-04-17 04:55:42,948 - INFO - [sparse-mezo] global_step=736 active_fraction=0.254525 active_params=334892927/1315758080 configured_ratio=0.250000 mask_strategy=percentile_per_layer scope=trainable_only

 31%|███       | 737/2405 [51:15<1:52:29,  4.05s/it]2026-04-17 04:55:46,995 - INFO - [sparse-mezo] global_step=737 active_fraction=0.254524 active_params=334892262/1315758080 configured_ratio=0.250000 mask_strategy=percentile_per_layer scope=trainable_only

 31%|███       | 738/2405 [51:19<1:52:25,  4.05s/it]2026-04-17 04:55:51,041 - INFO - [sparse-mezo] global_step=738 active_fraction=0.252865 active_params=332709223/1315758080 configured_ratio=0.250000 mask_strategy=percentile_per_layer scope=trainable_only

 31%|███       | 739/2405 [51:23<1:52:21,  4.05s/it]2026-04-17 04:55:55,085 - INFO - [sparse-mezo] global_step=739 active_fraction=0.251805 active_params=331314537/1315758080 configured_ratio=0.250000 mask_strategy=percentile_per_layer scope=trainable_only

 31%|███       | 740/2405 [51:27<1:52:15,  4.05s/it]2026-04-17 04:55:59,129 - INFO - [sparse-mezo] global_step=740 active_fraction=0.252339 active_params=332016505/1315758080 configured_ratio=0.250000 mask_strategy=percentile_per_layer scope=trainable_only

 31%|███       | 741/2405 [51:32<1:52:11,  4.05s/it]2026-04-17 04:56:03,176 - INFO - [sparse-mezo] global_step=741 active_fraction=0.252338 active_params=332015883/1315758080 configured_ratio=0.250000 mask_strategy=percentile_per_layer scope=trainable_only

 31%|███       | 742/2405 [51:36<1:52:05,  4.04s/it]2026-04-17 04:56:07,219 - INFO - [sparse-mezo] global_step=742 active_fraction=0.252332 active_params=332007224/1315758080 configured_ratio=0.250000 mask_strategy=percentile_per_layer scope=trainable_only

 31%|███       | 743/2405 [51:40<1:52:03,  4.05s/it]2026-04-17 04:56:11,266 - INFO - [sparse-mezo] global_step=743 active_fraction=0.253131 active_params=333059402/1315758080 configured_ratio=0.250000 mask_strategy=percentile_per_layer scope=trainable_only

 31%|███       | 744/2405 [51:44<1:52:00,  4.05s/it]2026-04-17 04:56:15,308 - INFO - [sparse-mezo] global_step=744 active_fraction=0.252984 active_params=332865309/1315758080 configured_ratio=0.250000 mask_strategy=percentile_per_layer scope=trainable_only

 31%|███       | 745/2405 [51:48<1:51:53,  4.04s/it]2026-04-17 04:56:19,352 - INFO - [sparse-mezo] global_step=745 active_fraction=0.252983 active_params=332864724/1315758080 configured_ratio=0.250000 mask_strategy=percentile_per_layer scope=trainable_only

 31%|███       | 746/2405 [51:52<1:51:49,  4.04s/it]2026-04-17 04:56:23,419 - INFO - [sparse-mezo] global_step=746 active_fraction=0.253119 active_params=333043549/1315758080 configured_ratio=0.250000 mask_strategy=percentile_per_layer scope=trainable_only

 31%|███       | 747/2405 [51:56<1:51:57,  4.05s/it]2026-04-17 04:56:27,484 - INFO - [sparse-mezo] global_step=747 active_fraction=0.253119 active_params=333042936/1315758080 configured_ratio=0.250000 mask_strategy=percentile_per_layer scope=trainable_only

 31%|███       | 748/2405 [52:00<1:52:04,  4.06s/it]2026-04-17 04:56:31,557 - INFO - [sparse-mezo] global_step=748 active_fraction=0.253118 active_params=333042353/1315758080 configured_ratio=0.250000 mask_strategy=percentile_per_layer scope=trainable_only

 31%|███       | 749/2405 [52:04<1:52:02,  4.06s/it]2026-04-17 04:56:35,599 - INFO - [sparse-mezo] global_step=749 active_fraction=0.254912 active_params=335402183/1315758080 configured_ratio=0.250000 mask_strategy=percentile_per_layer scope=trainable_only

 31%|███       | 750/2405 [52:08<1:51:50,  4.05s/it]2026-04-17 04:56:39,643 - INFO - [sparse-mezo] global_step=750 active_fraction=0.254911 active_params=335401598/1315758080 configured_ratio=0.250000 mask_strategy=percentile_per_layer scope=trainable_only

 31%|███       | 751/2405 [52:12<1:51:45,  4.05s/it]2026-04-17 04:56:43,718 - INFO - [sparse-mezo] global_step=751 active_fraction=0.255456 active_params=336118422/1315758080 configured_ratio=0.250000 mask_strategy=percentile_per_layer scope=trainable_only

 31%|███▏      | 752/2405 [52:16<1:51:44,  4.06s/it]2026-04-17 04:56:47,775 - INFO - [sparse-mezo] global_step=752 active_fraction=0.255456 active_params=336117827/1315758080 configured_ratio=0.250000 mask_strategy=percentile_per_layer scope=trainable_only

 31%|███▏      | 753/2405 [52:20<1:51:48,  4.06s/it]2026-04-17 04:56:52,014 - INFO - [sparse-mezo] global_step=753 active_fraction=0.252826 active_params=332658093/1315758080 configured_ratio=0.250000 mask_strategy=percentile_per_layer scope=trainable_only

 31%|███▏      | 754/2405 [52:24<1:53:05,  4.11s/it]2026-04-17 04:56:56,055 - INFO - [sparse-mezo] global_step=754 active_fraction=0.254499 active_params=334858746/1315758080 configured_ratio=0.250000 mask_strategy=percentile_per_layer scope=trainable_only

 31%|███▏      | 755/2405 [52:28<1:52:38,  4.10s/it]2026-04-17 04:57:00,118 - INFO - [sparse-mezo] global_step=755 active_fraction=0.254498 active_params=334858087/1315758080 configured_ratio=0.250000 mask_strategy=percentile_per_layer scope=trainable_only

 31%|███▏      | 756/2405 [52:33<1:52:08,  4.08s/it]2026-04-17 04:57:04,183 - INFO - [sparse-mezo] global_step=756 active_fraction=0.254144 active_params=334391708/1315758080 configured_ratio=0.250000 mask_strategy=percentile_per_layer scope=trainable_only

 31%|███▏      | 757/2405 [52:37<1:51:57,  4.08s/it]2026-04-17 04:57:08,247 - INFO - [sparse-mezo] global_step=757 active_fraction=0.254143 active_params=334391122/1315758080 configured_ratio=0.250000 mask_strategy=percentile_per_layer scope=trainable_only

 32%|███▏      | 758/2405 [52:41<1:51:51,  4.08s/it]2026-04-17 04:57:12,321 - INFO - [sparse-mezo] global_step=758 active_fraction=0.254143 active_params=334390483/1315758080 configured_ratio=0.250000 mask_strategy=percentile_per_layer scope=trainable_only

 32%|███▏      | 759/2405 [52:45<1:51:42,  4.07s/it]2026-04-17 04:57:16,367 - INFO - [sparse-mezo] global_step=759 active_fraction=0.254821 active_params=335282889/1315758080 configured_ratio=0.250000 mask_strategy=percentile_per_layer scope=trainable_only

 32%|███▏      | 760/2405 [52:49<1:51:25,  4.06s/it]2026-04-17 04:57:20,426 - INFO - [sparse-mezo] global_step=760 active_fraction=0.254716 active_params=335144523/1315758080 configured_ratio=0.250000 mask_strategy=percentile_per_layer scope=trainable_only

 32%|███▏      | 761/2405 [52:53<1:51:24,  4.07s/it]2026-04-17 04:57:24,483 - INFO - [sparse-mezo] global_step=761 active_fraction=0.255477 active_params=336145825/1315758080 configured_ratio=0.250000 mask_strategy=percentile_per_layer scope=trainable_only

 32%|███▏      | 762/2405 [52:57<1:51:15,  4.06s/it]2026-04-17 04:57:28,563 - INFO - [sparse-mezo] global_step=762 active_fraction=0.255318 active_params=335937292/1315758080 configured_ratio=0.250000 mask_strategy=percentile_per_layer scope=trainable_only

 32%|███▏      | 763/2405 [53:01<1:51:19,  4.07s/it]2026-04-17 04:57:32,616 - INFO - [sparse-mezo] global_step=763 active_fraction=0.255686 active_params=336420789/1315758080 configured_ratio=0.250000 mask_strategy=percentile_per_layer scope=trainable_only

 32%|███▏      | 764/2405 [53:05<1:51:08,  4.06s/it]2026-04-17 04:57:36,671 - INFO - [sparse-mezo] global_step=764 active_fraction=0.253566 active_params=333631529/1315758080 configured_ratio=0.250000 mask_strategy=percentile_per_layer scope=trainable_only

 32%|███▏      | 765/2405 [53:09<1:51:00,  4.06s/it]2026-04-17 04:57:40,729 - INFO - [sparse-mezo] global_step=765 active_fraction=0.253566 active_params=333630873/1315758080 configured_ratio=0.250000 mask_strategy=percentile_per_layer scope=trainable_only

 32%|███▏      | 766/2405 [53:13<1:50:49,  4.06s/it]2026-04-17 04:57:44,775 - INFO - [sparse-mezo] global_step=766 active_fraction=0.253565 active_params=333630272/1315758080 configured_ratio=0.250000 mask_strategy=percentile_per_layer scope=trainable_only

 32%|███▏      | 767/2405 [53:17<1:50:40,  4.05s/it]2026-04-17 04:57:48,819 - INFO - [sparse-mezo] global_step=767 active_fraction=0.254097 active_params=334330443/1315758080 configured_ratio=0.250000 mask_strategy=percentile_per_layer scope=trainable_only

 32%|███▏      | 768/2405 [53:21<1:50:35,  4.05s/it]2026-04-17 04:57:52,874 - INFO - [sparse-mezo] global_step=768 active_fraction=0.254611 active_params=335006055/1315758080 configured_ratio=0.250000 mask_strategy=percentile_per_layer scope=trainable_only

 32%|███▏      | 769/2405 [53:25<1:50:32,  4.05s/it]2026-04-17 04:57:56,927 - INFO - [sparse-mezo] global_step=769 active_fraction=0.254610 active_params=335005407/1315758080 configured_ratio=0.250000 mask_strategy=percentile_per_layer scope=trainable_only

 32%|███▏      | 770/2405 [53:29<1:50:27,  4.05s/it]2026-04-17 04:58:00,994 - INFO - [sparse-mezo] global_step=770 active_fraction=0.252989 active_params=332871776/1315758080 configured_ratio=0.250000 mask_strategy=percentile_per_layer scope=trainable_only

 32%|███▏      | 771/2405 [53:33<1:50:35,  4.06s/it]2026-04-17 04:58:05,059 - INFO - [sparse-mezo] global_step=771 active_fraction=0.254185 active_params=334445642/1315758080 configured_ratio=0.250000 mask_strategy=percentile_per_layer scope=trainable_only

 32%|███▏      | 772/2405 [53:37<1:50:24,  4.06s/it]2026-04-17 04:58:09,114 - INFO - [sparse-mezo] global_step=772 active_fraction=0.253765 active_params=333893195/1315758080 configured_ratio=0.250000 mask_strategy=percentile_per_layer scope=trainable_only

 32%|███▏      | 773/2405 [53:42<1:50:18,  4.06s/it]2026-04-17 04:58:13,168 - INFO - [sparse-mezo] global_step=773 active_fraction=0.253764 active_params=333892542/1315758080 configured_ratio=0.250000 mask_strategy=percentile_per_layer scope=trainable_only

 32%|███▏      | 774/2405 [53:46<1:50:14,  4.06s/it]2026-04-17 04:58:17,212 - INFO - [sparse-mezo] global_step=774 active_fraction=0.252581 active_params=332335853/1315758080 configured_ratio=0.250000 mask_strategy=percentile_per_layer scope=trainable_only

 32%|███▏      | 775/2405 [53:50<1:50:09,  4.05s/it]2026-04-17 04:58:21,267 - INFO - [sparse-mezo] global_step=775 active_fraction=0.253100 active_params=333018637/1315758080 configured_ratio=0.250000 mask_strategy=percentile_per_layer scope=trainable_only

 32%|███▏      | 776/2405 [53:54<1:50:05,  4.05s/it]2026-04-17 04:58:25,332 - INFO - [sparse-mezo] global_step=776 active_fraction=0.253110 active_params=333031297/1315758080 configured_ratio=0.250000 mask_strategy=percentile_per_layer scope=trainable_only

 32%|███▏      | 777/2405 [53:58<1:50:10,  4.06s/it]2026-04-17 04:58:29,397 - INFO - [sparse-mezo] global_step=777 active_fraction=0.252613 active_params=332376950/1315758080 configured_ratio=0.250000 mask_strategy=percentile_per_layer scope=trainable_only

 32%|███▏      | 778/2405 [54:02<1:50:03,  4.06s/it]2026-04-17 04:58:33,450 - INFO - [sparse-mezo] global_step=778 active_fraction=0.255766 active_params=336525893/1315758080 configured_ratio=0.250000 mask_strategy=percentile_per_layer scope=trainable_only

 32%|███▏      | 779/2405 [54:06<1:50:02,  4.06s/it]2026-04-17 04:58:37,514 - INFO - [sparse-mezo] global_step=779 active_fraction=0.253099 active_params=333016585/1315758080 configured_ratio=0.250000 mask_strategy=percentile_per_layer scope=trainable_only

 32%|███▏      | 780/2405 [54:10<1:49:50,  4.06s/it]2026-04-17 04:58:41,558 - INFO - [sparse-mezo] global_step=780 active_fraction=0.253098 active_params=333015954/1315758080 configured_ratio=0.250000 mask_strategy=percentile_per_layer scope=trainable_only

 32%|███▏      | 781/2405 [54:14<1:49:40,  4.05s/it]2026-04-17 04:58:45,614 - INFO - [sparse-mezo] global_step=781 active_fraction=0.252305 active_params=331972567/1315758080 configured_ratio=0.250000 mask_strategy=percentile_per_layer scope=trainable_only

 33%|███▎      | 782/2405 [54:18<1:49:47,  4.06s/it]2026-04-17 04:58:49,677 - INFO - [sparse-mezo] global_step=782 active_fraction=0.253768 active_params=333897926/1315758080 configured_ratio=0.250000 mask_strategy=percentile_per_layer scope=trainable_only

 33%|███▎      | 783/2405 [54:22<1:49:36,  4.05s/it]2026-04-17 04:58:53,734 - INFO - [sparse-mezo] global_step=783 active_fraction=0.253347 active_params=333343285/1315758080 configured_ratio=0.250000 mask_strategy=percentile_per_layer scope=trainable_only

 33%|███▎      | 784/2405 [54:26<1:49:33,  4.06s/it]2026-04-17 04:58:57,787 - INFO - [sparse-mezo] global_step=784 active_fraction=0.253346 active_params=333342671/1315758080 configured_ratio=0.250000 mask_strategy=percentile_per_layer scope=trainable_only

 33%|███▎      | 785/2405 [54:30<1:49:25,  4.05s/it]2026-04-17 04:59:01,838 - INFO - [sparse-mezo] global_step=785 active_fraction=0.253346 active_params=333342014/1315758080 configured_ratio=0.250000 mask_strategy=percentile_per_layer scope=trainable_only

 33%|███▎      | 786/2405 [54:34<1:49:20,  4.05s/it]2026-04-17 04:59:05,882 - INFO - [sparse-mezo] global_step=786 active_fraction=0.253991 active_params=334190594/1315758080 configured_ratio=0.250000 mask_strategy=percentile_per_layer scope=trainable_only

 33%|███▎      | 787/2405 [54:38<1:49:20,  4.05s/it]2026-04-17 04:59:09,938 - INFO - [sparse-mezo] global_step=787 active_fraction=0.254972 active_params=335481518/1315758080 configured_ratio=0.250000 mask_strategy=percentile_per_layer scope=trainable_only

 33%|███▎      | 788/2405 [54:42<1:49:21,  4.06s/it]2026-04-17 04:59:13,997 - INFO - [sparse-mezo] global_step=788 active_fraction=0.252233 active_params=331877301/1315758080 configured_ratio=0.250000 mask_strategy=percentile_per_layer scope=trainable_only

 33%|███▎      | 789/2405 [54:46<1:49:17,  4.06s/it]2026-04-17 04:59:18,060 - INFO - [sparse-mezo] global_step=789 active_fraction=0.252232 active_params=331876657/1315758080 configured_ratio=0.250000 mask_strategy=percentile_per_layer scope=trainable_only

 33%|███▎      | 790/2405 [54:50<1:49:15,  4.06s/it]2026-04-17 04:59:22,136 - INFO - [sparse-mezo] global_step=790 active_fraction=0.252366 active_params=332052197/1315758080 configured_ratio=0.250000 mask_strategy=percentile_per_layer scope=trainable_only

 33%|███▎      | 791/2405 [54:55<1:49:08,  4.06s/it]2026-04-17 04:59:26,170 - INFO - [sparse-mezo] global_step=791 active_fraction=0.254262 active_params=334547921/1315758080 configured_ratio=0.250000 mask_strategy=percentile_per_layer scope=trainable_only

 33%|███▎      | 792/2405 [54:59<1:49:00,  4.05s/it]2026-04-17 04:59:30,220 - INFO - [sparse-mezo] global_step=792 active_fraction=0.254262 active_params=334547250/1315758080 configured_ratio=0.250000 mask_strategy=percentile_per_layer scope=trainable_only

 33%|███▎      | 793/2405 [55:03<1:48:48,  4.05s/it]2026-04-17 04:59:34,261 - INFO - [sparse-mezo] global_step=793 active_fraction=0.254262 active_params=334546640/1315758080 configured_ratio=0.250000 mask_strategy=percentile_per_layer scope=trainable_only

 33%|███▎      | 794/2405 [55:07<1:48:38,  4.05s/it]2026-04-17 04:59:38,317 - INFO - [sparse-mezo] global_step=794 active_fraction=0.252863 active_params=332705969/1315758080 configured_ratio=0.250000 mask_strategy=percentile_per_layer scope=trainable_only

 33%|███▎      | 795/2405 [55:11<1:48:41,  4.05s/it]2026-04-17 04:59:42,378 - INFO - [sparse-mezo] global_step=795 active_fraction=0.252862 active_params=332705328/1315758080 configured_ratio=0.250000 mask_strategy=percentile_per_layer scope=trainable_only

 33%|███▎      | 796/2405 [55:15<1:48:42,  4.05s/it]2026-04-17 04:59:46,440 - INFO - [sparse-mezo] global_step=796 active_fraction=0.252862 active_params=332704687/1315758080 configured_ratio=0.250000 mask_strategy=percentile_per_layer scope=trainable_only

 33%|███▎      | 797/2405 [55:19<1:48:47,  4.06s/it]2026-04-17 04:59:50,494 - INFO - [sparse-mezo] global_step=797 active_fraction=0.254421 active_params=334756353/1315758080 configured_ratio=0.250000 mask_strategy=percentile_per_layer scope=trainable_only

 33%|███▎      | 798/2405 [55:23<1:48:45,  4.06s/it]2026-04-17 04:59:54,559 - INFO - [sparse-mezo] global_step=798 active_fraction=0.253968 active_params=334160711/1315758080 configured_ratio=0.250000 mask_strategy=percentile_per_layer scope=trainable_only

 33%|███▎      | 799/2405 [55:27<1:48:34,  4.06s/it]2026-04-17 04:59:58,610 - INFO - [sparse-mezo] global_step=799 active_fraction=0.253550 active_params=333610236/1315758080 configured_ratio=0.250000 mask_strategy=percentile_per_layer scope=trainable_only

 33%|███▎      | 800/2405 [55:31<1:48:27,  4.05s/it]2026-04-17 05:00:02,653 - INFO - [sparse-mezo] global_step=800 active_fraction=0.254743 active_params=335180304/1315758080 configured_ratio=0.250000 mask_strategy=percentile_per_layer scope=trainable_only
2026-04-17 05:00:06,146 - INFO - [zo_probe] step=800 eps=1.000e-06 precision=fp16 n=16 mae=9.800708e+02 mse=1.544521e+06 rmse=1.242788e+03 sign_acc=0.3750 corr=0.085695

 33%|███▎      | 801/2405 [55:39<2:16:16,  5.10s/it]2026-04-17 05:00:10,195 - INFO - [sparse-mezo] global_step=801 active_fraction=0.254457 active_params=334803387/1315758080 configured_ratio=0.250000 mask_strategy=percentile_per_layer scope=trainable_only

 33%|███▎      | 802/2405 [55:43<2:07:49,  4.78s/it]2026-04-17 05:00:14,244 - INFO - [sparse-mezo] global_step=802 active_fraction=0.254456 active_params=334802701/1315758080 configured_ratio=0.250000 mask_strategy=percentile_per_layer scope=trainable_only

 33%|███▎      | 803/2405 [55:47<2:01:48,  4.56s/it]2026-04-17 05:00:18,278 - INFO - [sparse-mezo] global_step=803 active_fraction=0.252238 active_params=331884682/1315758080 configured_ratio=0.250000 mask_strategy=percentile_per_layer scope=trainable_only

 33%|███▎      | 804/2405 [55:51<1:57:32,  4.41s/it]2026-04-17 05:00:22,322 - INFO - [sparse-mezo] global_step=804 active_fraction=0.253408 active_params=333423270/1315758080 configured_ratio=0.250000 mask_strategy=percentile_per_layer scope=trainable_only

 33%|███▎      | 805/2405 [55:55<1:54:39,  4.30s/it]2026-04-17 05:00:26,376 - INFO - [sparse-mezo] global_step=805 active_fraction=0.254065 active_params=334287567/1315758080 configured_ratio=0.250000 mask_strategy=percentile_per_layer scope=trainable_only

 34%|███▎      | 806/2405 [55:59<1:52:37,  4.23s/it]2026-04-17 05:00:30,438 - INFO - [sparse-mezo] global_step=806 active_fraction=0.252778 active_params=332594457/1315758080 configured_ratio=0.250000 mask_strategy=percentile_per_layer scope=trainable_only

 34%|███▎      | 807/2405 [56:03<1:51:14,  4.18s/it]2026-04-17 05:00:34,503 - INFO - [sparse-mezo] global_step=807 active_fraction=0.252777 active_params=332593825/1315758080 configured_ratio=0.250000 mask_strategy=percentile_per_layer scope=trainable_only

 34%|███▎      | 808/2405 [56:07<1:50:12,  4.14s/it]2026-04-17 05:00:38,547 - INFO - [sparse-mezo] global_step=808 active_fraction=0.252785 active_params=332603874/1315758080 configured_ratio=0.250000 mask_strategy=percentile_per_layer scope=trainable_only

 34%|███▎      | 809/2405 [56:11<1:49:22,  4.11s/it]2026-04-17 05:00:42,592 - INFO - [sparse-mezo] global_step=809 active_fraction=0.254743 active_params=335180501/1315758080 configured_ratio=0.250000 mask_strategy=percentile_per_layer scope=trainable_only

 34%|███▎      | 810/2405 [56:15<1:48:45,  4.09s/it]2026-04-17 05:00:46,637 - INFO - [sparse-mezo] global_step=810 active_fraction=0.255368 active_params=336002377/1315758080 configured_ratio=0.250000 mask_strategy=percentile_per_layer scope=trainable_only

 34%|███▎      | 811/2405 [56:19<1:48:28,  4.08s/it]2026-04-17 05:00:50,697 - INFO - [sparse-mezo] global_step=811 active_fraction=0.253512 active_params=333560146/1315758080 configured_ratio=0.250000 mask_strategy=percentile_per_layer scope=trainable_only

 34%|███▍      | 812/2405 [56:23<1:48:09,  4.07s/it]2026-04-17 05:00:54,760 - INFO - [sparse-mezo] global_step=812 active_fraction=0.252688 active_params=332476348/1315758080 configured_ratio=0.250000 mask_strategy=percentile_per_layer scope=trainable_only

 34%|███▍      | 813/2405 [56:27<1:47:53,  4.07s/it]2026-04-17 05:00:58,799 - INFO - [sparse-mezo] global_step=813 active_fraction=0.253499 active_params=333542799/1315758080 configured_ratio=0.250000 mask_strategy=percentile_per_layer scope=trainable_only

 34%|███▍      | 814/2405 [56:31<1:47:42,  4.06s/it]2026-04-17 05:01:02,862 - INFO - [sparse-mezo] global_step=814 active_fraction=0.253196 active_params=333145242/1315758080 configured_ratio=0.250000 mask_strategy=percentile_per_layer scope=trainable_only

 34%|███▍      | 815/2405 [56:35<1:47:32,  4.06s/it]2026-04-17 05:01:06,913 - INFO - [sparse-mezo] global_step=815 active_fraction=0.253196 active_params=333144621/1315758080 configured_ratio=0.250000 mask_strategy=percentile_per_layer scope=trainable_only

 34%|███▍      | 816/2405 [56:39<1:47:27,  4.06s/it]2026-04-17 05:01:10,957 - INFO - [sparse-mezo] global_step=816 active_fraction=0.253975 active_params=334169464/1315758080 configured_ratio=0.250000 mask_strategy=percentile_per_layer scope=trainable_only

 34%|███▍      | 817/2405 [56:43<1:47:21,  4.06s/it]2026-04-17 05:01:15,011 - INFO - [sparse-mezo] global_step=817 active_fraction=0.253448 active_params=333476340/1315758080 configured_ratio=0.250000 mask_strategy=percentile_per_layer scope=trainable_only

 34%|███▍      | 818/2405 [56:47<1:47:20,  4.06s/it]2026-04-17 05:01:19,074 - INFO - [sparse-mezo] global_step=818 active_fraction=0.253448 active_params=333475722/1315758080 configured_ratio=0.250000 mask_strategy=percentile_per_layer scope=trainable_only

 34%|███▍      | 819/2405 [56:51<1:47:14,  4.06s/it]2026-04-17 05:01:23,126 - INFO - [sparse-mezo] global_step=819 active_fraction=0.253447 active_params=333475104/1315758080 configured_ratio=0.250000 mask_strategy=percentile_per_layer scope=trainable_only

 34%|███▍      | 820/2405 [56:56<1:47:01,  4.05s/it]2026-04-17 05:01:27,178 - INFO - [sparse-mezo] global_step=820 active_fraction=0.253111 active_params=333033390/1315758080 configured_ratio=0.250000 mask_strategy=percentile_per_layer scope=trainable_only

 34%|███▍      | 821/2405 [57:00<1:46:59,  4.05s/it]2026-04-17 05:01:31,223 - INFO - [sparse-mezo] global_step=821 active_fraction=0.254252 active_params=334534473/1315758080 configured_ratio=0.250000 mask_strategy=percentile_per_layer scope=trainable_only

 34%|███▍      | 822/2405 [57:04<1:46:52,  4.05s/it]2026-04-17 05:01:35,267 - INFO - [sparse-mezo] global_step=822 active_fraction=0.254633 active_params=335035390/1315758080 configured_ratio=0.250000 mask_strategy=percentile_per_layer scope=trainable_only

 34%|███▍      | 823/2405 [57:08<1:46:49,  4.05s/it]2026-04-17 05:01:39,319 - INFO - [sparse-mezo] global_step=823 active_fraction=0.252941 active_params=332809314/1315758080 configured_ratio=0.250000 mask_strategy=percentile_per_layer scope=trainable_only

 34%|███▍      | 824/2405 [57:12<1:46:41,  4.05s/it]2026-04-17 05:01:43,373 - INFO - [sparse-mezo] global_step=824 active_fraction=0.253865 active_params=334025566/1315758080 configured_ratio=0.250000 mask_strategy=percentile_per_layer scope=trainable_only

 34%|███▍      | 825/2405 [57:16<1:46:36,  4.05s/it]2026-04-17 05:01:47,421 - INFO - [sparse-mezo] global_step=825 active_fraction=0.253865 active_params=334024932/1315758080 configured_ratio=0.250000 mask_strategy=percentile_per_layer scope=trainable_only

 34%|███▍      | 826/2405 [57:20<1:46:34,  4.05s/it]2026-04-17 05:01:51,474 - INFO - [sparse-mezo] global_step=826 active_fraction=0.253865 active_params=334024284/1315758080 configured_ratio=0.250000 mask_strategy=percentile_per_layer scope=trainable_only

 34%|███▍      | 827/2405 [57:24<1:46:30,  4.05s/it]2026-04-17 05:01:55,524 - INFO - [sparse-mezo] global_step=827 active_fraction=0.253627 active_params=333711736/1315758080 configured_ratio=0.250000 mask_strategy=percentile_per_layer scope=trainable_only

 34%|███▍      | 828/2405 [57:28<1:46:28,  4.05s/it]2026-04-17 05:01:59,577 - INFO - [sparse-mezo] global_step=828 active_fraction=0.253626 active_params=333711047/1315758080 configured_ratio=0.250000 mask_strategy=percentile_per_layer scope=trainable_only

 34%|███▍      | 829/2405 [57:32<1:46:41,  4.06s/it]2026-04-17 05:02:03,664 - INFO - [sparse-mezo] global_step=829 active_fraction=0.253626 active_params=333710388/1315758080 configured_ratio=0.250000 mask_strategy=percentile_per_layer scope=trainable_only

 35%|███▍      | 830/2405 [57:36<1:46:37,  4.06s/it]2026-04-17 05:02:07,726 - INFO - [sparse-mezo] global_step=830 active_fraction=0.253625 active_params=333709757/1315758080 configured_ratio=0.250000 mask_strategy=percentile_per_layer scope=trainable_only

 35%|███▍      | 831/2405 [57:40<1:46:27,  4.06s/it]2026-04-17 05:02:11,766 - INFO - [sparse-mezo] global_step=831 active_fraction=0.254445 active_params=334787422/1315758080 configured_ratio=0.250000 mask_strategy=percentile_per_layer scope=trainable_only

 35%|███▍      | 832/2405 [57:44<1:46:21,  4.06s/it]2026-04-17 05:02:15,832 - INFO - [sparse-mezo] global_step=832 active_fraction=0.254162 active_params=334416180/1315758080 configured_ratio=0.250000 mask_strategy=percentile_per_layer scope=trainable_only

 35%|███▍      | 833/2405 [57:48<1:46:14,  4.05s/it]2026-04-17 05:02:19,873 - INFO - [sparse-mezo] global_step=833 active_fraction=0.255252 active_params=335849352/1315758080 configured_ratio=0.250000 mask_strategy=percentile_per_layer scope=trainable_only

 35%|███▍      | 834/2405 [57:52<1:46:17,  4.06s/it]2026-04-17 05:02:23,941 - INFO - [sparse-mezo] global_step=834 active_fraction=0.255251 active_params=335848690/1315758080 configured_ratio=0.250000 mask_strategy=percentile_per_layer scope=trainable_only

 35%|███▍      | 835/2405 [57:56<1:46:15,  4.06s/it]2026-04-17 05:02:28,010 - INFO - [sparse-mezo] global_step=835 active_fraction=0.254960 active_params=335465489/1315758080 configured_ratio=0.250000 mask_strategy=percentile_per_layer scope=trainable_only

 35%|███▍      | 836/2405 [58:00<1:46:10,  4.06s/it]2026-04-17 05:02:32,072 - INFO - [sparse-mezo] global_step=836 active_fraction=0.254959 active_params=335464855/1315758080 configured_ratio=0.250000 mask_strategy=percentile_per_layer scope=trainable_only

 35%|███▍      | 837/2405 [58:04<1:46:00,  4.06s/it]2026-04-17 05:02:36,121 - INFO - [sparse-mezo] global_step=837 active_fraction=0.255250 active_params=335847084/1315758080 configured_ratio=0.250000 mask_strategy=percentile_per_layer scope=trainable_only

 35%|███▍      | 838/2405 [58:09<1:45:55,  4.06s/it]2026-04-17 05:02:40,165 - INFO - [sparse-mezo] global_step=838 active_fraction=0.256419 active_params=337385582/1315758080 configured_ratio=0.250000 mask_strategy=percentile_per_layer scope=trainable_only

 35%|███▍      | 839/2405 [58:13<1:45:50,  4.06s/it]2026-04-17 05:02:44,230 - INFO - [sparse-mezo] global_step=839 active_fraction=0.256057 active_params=336909700/1315758080 configured_ratio=0.250000 mask_strategy=percentile_per_layer scope=trainable_only

 35%|███▍      | 840/2405 [58:17<1:45:55,  4.06s/it]2026-04-17 05:02:48,312 - INFO - [sparse-mezo] global_step=840 active_fraction=0.256057 active_params=336909043/1315758080 configured_ratio=0.250000 mask_strategy=percentile_per_layer scope=trainable_only

 35%|███▍      | 841/2405 [58:21<1:45:56,  4.06s/it]2026-04-17 05:02:52,383 - INFO - [sparse-mezo] global_step=841 active_fraction=0.256057 active_params=336908416/1315758080 configured_ratio=0.250000 mask_strategy=percentile_per_layer scope=trainable_only

 35%|███▌      | 842/2405 [58:25<1:46:00,  4.07s/it]2026-04-17 05:02:56,465 - INFO - [sparse-mezo] global_step=842 active_fraction=0.256056 active_params=336907768/1315758080 configured_ratio=0.250000 mask_strategy=percentile_per_layer scope=trainable_only

 35%|███▌      | 843/2405 [58:29<1:45:57,  4.07s/it]2026-04-17 05:03:00,530 - INFO - [sparse-mezo] global_step=843 active_fraction=0.256929 active_params=338056350/1315758080 configured_ratio=0.250000 mask_strategy=percentile_per_layer scope=trainable_only

 35%|███▌      | 844/2405 [58:33<1:45:55,  4.07s/it]2026-04-17 05:03:04,655 - INFO - [sparse-mezo] global_step=844 active_fraction=0.255475 active_params=336142698/1315758080 configured_ratio=0.250000 mask_strategy=percentile_per_layer scope=trainable_only

 35%|███▌      | 845/2405 [58:37<1:46:11,  4.08s/it]2026-04-17 05:03:08,791 - INFO - [sparse-mezo] global_step=845 active_fraction=0.254784 active_params=335234564/1315758080 configured_ratio=0.250000 mask_strategy=percentile_per_layer scope=trainable_only

 35%|███▌      | 846/2405 [58:41<1:46:32,  4.10s/it]2026-04-17 05:03:12,934 - INFO - [sparse-mezo] global_step=846 active_fraction=0.254681 active_params=335098940/1315758080 configured_ratio=0.250000 mask_strategy=percentile_per_layer scope=trainable_only

 35%|███▌      | 847/2405 [58:45<1:46:43,  4.11s/it]2026-04-17 05:03:16,978 - INFO - [sparse-mezo] global_step=847 active_fraction=0.253342 active_params=333337083/1315758080 configured_ratio=0.250000 mask_strategy=percentile_per_layer scope=trainable_only

 35%|███▌      | 848/2405 [58:49<1:46:12,  4.09s/it]2026-04-17 05:03:21,041 - INFO - [sparse-mezo] global_step=848 active_fraction=0.253779 active_params=333911655/1315758080 configured_ratio=0.250000 mask_strategy=percentile_per_layer scope=trainable_only

 35%|███▌      | 849/2405 [58:53<1:45:55,  4.08s/it]2026-04-17 05:03:25,103 - INFO - [sparse-mezo] global_step=849 active_fraction=0.253778 active_params=333910989/1315758080 configured_ratio=0.250000 mask_strategy=percentile_per_layer scope=trainable_only

 35%|███▌      | 850/2405 [58:58<1:45:40,  4.08s/it]2026-04-17 05:03:29,166 - INFO - [sparse-mezo] global_step=850 active_fraction=0.254634 active_params=335036337/1315758080 configured_ratio=0.250000 mask_strategy=percentile_per_layer scope=trainable_only

 35%|███▌      | 851/2405 [59:02<1:45:34,  4.08s/it]2026-04-17 05:03:33,227 - INFO - [sparse-mezo] global_step=851 active_fraction=0.256267 active_params=337184747/1315758080 configured_ratio=0.250000 mask_strategy=percentile_per_layer scope=trainable_only

 35%|███▌      | 852/2405 [59:06<1:45:11,  4.06s/it]2026-04-17 05:03:37,265 - INFO - [sparse-mezo] global_step=852 active_fraction=0.253641 active_params=333730725/1315758080 configured_ratio=0.250000 mask_strategy=percentile_per_layer scope=trainable_only

 35%|███▌      | 853/2405 [59:10<1:44:58,  4.06s/it]2026-04-17 05:03:41,325 - INFO - [sparse-mezo] global_step=853 active_fraction=0.251214 active_params=330536992/1315758080 configured_ratio=0.250000 mask_strategy=percentile_per_layer scope=trainable_only

 36%|███▌      | 854/2405 [59:14<1:44:54,  4.06s/it]2026-04-17 05:03:45,383 - INFO - [sparse-mezo] global_step=854 active_fraction=0.251214 active_params=330536302/1315758080 configured_ratio=0.250000 mask_strategy=percentile_per_layer scope=trainable_only

 36%|███▌      | 855/2405 [59:18<1:44:54,  4.06s/it]2026-04-17 05:03:49,438 - INFO - [sparse-mezo] global_step=855 active_fraction=0.253194 active_params=333142614/1315758080 configured_ratio=0.250000 mask_strategy=percentile_per_layer scope=trainable_only

 36%|███▌      | 856/2405 [59:22<1:44:47,  4.06s/it]2026-04-17 05:03:53,498 - INFO - [sparse-mezo] global_step=856 active_fraction=0.253566 active_params=333631906/1315758080 configured_ratio=0.250000 mask_strategy=percentile_per_layer scope=trainable_only

 36%|███▌      | 857/2405 [59:26<1:44:44,  4.06s/it]2026-04-17 05:03:57,562 - INFO - [sparse-mezo] global_step=857 active_fraction=0.253566 active_params=333631221/1315758080 configured_ratio=0.250000 mask_strategy=percentile_per_layer scope=trainable_only

 36%|███▌      | 858/2405 [59:30<1:44:37,  4.06s/it]2026-04-17 05:04:01,611 - INFO - [sparse-mezo] global_step=858 active_fraction=0.254328 active_params=334633667/1315758080 configured_ratio=0.250000 mask_strategy=percentile_per_layer scope=trainable_only

 36%|███▌      | 859/2405 [59:34<1:44:33,  4.06s/it]2026-04-17 05:04:05,664 - INFO - [sparse-mezo] global_step=859 active_fraction=0.255898 active_params=336699699/1315758080 configured_ratio=0.250000 mask_strategy=percentile_per_layer scope=trainable_only

 36%|███▌      | 860/2405 [59:38<1:44:23,  4.05s/it]2026-04-17 05:04:09,717 - INFO - [sparse-mezo] global_step=860 active_fraction=0.255679 active_params=336411054/1315758080 configured_ratio=0.250000 mask_strategy=percentile_per_layer scope=trainable_only

 36%|███▌      | 861/2405 [59:42<1:44:18,  4.05s/it]2026-04-17 05:04:13,763 - INFO - [sparse-mezo] global_step=861 active_fraction=0.257128 active_params=338317961/1315758080 configured_ratio=0.250000 mask_strategy=percentile_per_layer scope=trainable_only

 36%|███▌      | 862/2405 [59:46<1:44:09,  4.05s/it]2026-04-17 05:04:17,814 - INFO - [sparse-mezo] global_step=862 active_fraction=0.253356 active_params=333355166/1315758080 configured_ratio=0.250000 mask_strategy=percentile_per_layer scope=trainable_only

 36%|███▌      | 863/2405 [59:50<1:44:07,  4.05s/it]2026-04-17 05:04:21,856 - INFO - [sparse-mezo] global_step=863 active_fraction=0.255527 active_params=336211837/1315758080 configured_ratio=0.250000 mask_strategy=percentile_per_layer scope=trainable_only

 36%|███▌      | 864/2405 [59:54<1:43:59,  4.05s/it]2026-04-17 05:04:25,911 - INFO - [sparse-mezo] global_step=864 active_fraction=0.255474 active_params=336141628/1315758080 configured_ratio=0.250000 mask_strategy=percentile_per_layer scope=trainable_only

 36%|███▌      | 865/2405 [59:58<1:44:06,  4.06s/it]2026-04-17 05:04:29,972 - INFO - [sparse-mezo] global_step=865 active_fraction=0.253825 active_params=333971895/1315758080 configured_ratio=0.250000 mask_strategy=percentile_per_layer scope=trainable_only

 36%|███▌      | 866/2405 [1:00:02<1:44:00,  4.06s/it]2026-04-17 05:04:34,026 - INFO - [sparse-mezo] global_step=866 active_fraction=0.253824 active_params=333971218/1315758080 configured_ratio=0.250000 mask_strategy=percentile_per_layer scope=trainable_only

 36%|███▌      | 867/2405 [1:00:06<1:43:59,  4.06s/it]2026-04-17 05:04:38,105 - INFO - [sparse-mezo] global_step=867 active_fraction=0.254248 active_params=334528350/1315758080 configured_ratio=0.250000 mask_strategy=percentile_per_layer scope=trainable_only

 36%|███▌      | 868/2405 [1:00:11<1:44:01,  4.06s/it]2026-04-17 05:04:42,175 - INFO - [sparse-mezo] global_step=868 active_fraction=0.254247 active_params=334527649/1315758080 configured_ratio=0.250000 mask_strategy=percentile_per_layer scope=trainable_only

 36%|███▌      | 869/2405 [1:00:15<1:43:57,  4.06s/it]2026-04-17 05:04:46,232 - INFO - [sparse-mezo] global_step=869 active_fraction=0.254247 active_params=334526963/1315758080 configured_ratio=0.250000 mask_strategy=percentile_per_layer scope=trainable_only

 36%|███▌      | 870/2405 [1:00:19<1:43:51,  4.06s/it]2026-04-17 05:04:50,274 - INFO - [sparse-mezo] global_step=870 active_fraction=0.256166 active_params=337052541/1315758080 configured_ratio=0.250000 mask_strategy=percentile_per_layer scope=trainable_only

 36%|███▌      | 871/2405 [1:00:23<1:43:39,  4.05s/it]2026-04-17 05:04:54,327 - INFO - [sparse-mezo] global_step=871 active_fraction=0.255967 active_params=336790855/1315758080 configured_ratio=0.250000 mask_strategy=percentile_per_layer scope=trainable_only

 36%|███▋      | 872/2405 [1:00:27<1:43:35,  4.05s/it]2026-04-17 05:04:58,371 - INFO - [sparse-mezo] global_step=872 active_fraction=0.254193 active_params=334457015/1315758080 configured_ratio=0.250000 mask_strategy=percentile_per_layer scope=trainable_only

 36%|███▋      | 873/2405 [1:00:31<1:43:26,  4.05s/it]2026-04-17 05:05:02,412 - INFO - [sparse-mezo] global_step=873 active_fraction=0.254193 active_params=334456330/1315758080 configured_ratio=0.250000 mask_strategy=percentile_per_layer scope=trainable_only

 36%|███▋      | 874/2405 [1:00:35<1:43:26,  4.05s/it]2026-04-17 05:05:06,473 - INFO - [sparse-mezo] global_step=874 active_fraction=0.254192 active_params=334455631/1315758080 configured_ratio=0.250000 mask_strategy=percentile_per_layer scope=trainable_only

 36%|███▋      | 875/2405 [1:00:39<1:43:16,  4.05s/it]2026-04-17 05:05:10,513 - INFO - [sparse-mezo] global_step=875 active_fraction=0.254192 active_params=334454975/1315758080 configured_ratio=0.250000 mask_strategy=percentile_per_layer scope=trainable_only

 36%|███▋      | 876/2405 [1:00:43<1:43:08,  4.05s/it]2026-04-17 05:05:14,568 - INFO - [sparse-mezo] global_step=876 active_fraction=0.254627 active_params=335027532/1315758080 configured_ratio=0.250000 mask_strategy=percentile_per_layer scope=trainable_only

 36%|███▋      | 877/2405 [1:00:47<1:43:16,  4.06s/it]2026-04-17 05:05:18,629 - INFO - [sparse-mezo] global_step=877 active_fraction=0.256499 active_params=337489989/1315758080 configured_ratio=0.250000 mask_strategy=percentile_per_layer scope=trainable_only

 37%|███▋      | 878/2405 [1:00:51<1:43:10,  4.05s/it]2026-04-17 05:05:22,702 - INFO - [sparse-mezo] global_step=878 active_fraction=0.256119 active_params=336990983/1315758080 configured_ratio=0.250000 mask_strategy=percentile_per_layer scope=trainable_only

 37%|███▋      | 879/2405 [1:00:55<1:43:14,  4.06s/it]2026-04-17 05:05:26,808 - INFO - [sparse-mezo] global_step=879 active_fraction=0.256391 active_params=337349083/1315758080 configured_ratio=0.250000 mask_strategy=percentile_per_layer scope=trainable_only

 37%|███▋      | 880/2405 [1:00:59<1:43:32,  4.07s/it]2026-04-17 05:05:31,017 - INFO - [sparse-mezo] global_step=880 active_fraction=0.253344 active_params=333340043/1315758080 configured_ratio=0.250000 mask_strategy=percentile_per_layer scope=trainable_only

 37%|███▋      | 881/2405 [1:01:03<1:44:29,  4.11s/it]2026-04-17 05:05:35,223 - INFO - [sparse-mezo] global_step=881 active_fraction=0.253344 active_params=333339655/1315758080 configured_ratio=0.250000 mask_strategy=percentile_per_layer scope=trainable_only

 37%|███▋      | 882/2405 [1:01:08<1:45:12,  4.14s/it]2026-04-17 05:05:39,446 - INFO - [sparse-mezo] global_step=882 active_fraction=0.253232 active_params=333192679/1315758080 configured_ratio=0.250000 mask_strategy=percentile_per_layer scope=trainable_only

 37%|███▋      | 883/2405 [1:01:12<1:45:35,  4.16s/it]2026-04-17 05:05:43,484 - INFO - [sparse-mezo] global_step=883 active_fraction=0.253411 active_params=333427163/1315758080 configured_ratio=0.250000 mask_strategy=percentile_per_layer scope=trainable_only

 37%|███▋      | 884/2405 [1:01:16<1:44:34,  4.13s/it]2026-04-17 05:05:47,526 - INFO - [sparse-mezo] global_step=884 active_fraction=0.253410 active_params=333426493/1315758080 configured_ratio=0.250000 mask_strategy=percentile_per_layer scope=trainable_only

 37%|███▋      | 885/2405 [1:01:20<1:44:00,  4.11s/it]2026-04-17 05:05:51,600 - INFO - [sparse-mezo] global_step=885 active_fraction=0.254178 active_params=334436235/1315758080 configured_ratio=0.250000 mask_strategy=percentile_per_layer scope=trainable_only

 37%|███▋      | 886/2405 [1:01:24<1:43:37,  4.09s/it]2026-04-17 05:05:55,663 - INFO - [sparse-mezo] global_step=886 active_fraction=0.254177 active_params=334435547/1315758080 configured_ratio=0.250000 mask_strategy=percentile_per_layer scope=trainable_only

 37%|███▋      | 887/2405 [1:01:28<1:43:24,  4.09s/it]2026-04-17 05:05:59,735 - INFO - [sparse-mezo] global_step=887 active_fraction=0.254177 active_params=334434856/1315758080 configured_ratio=0.250000 mask_strategy=percentile_per_layer scope=trainable_only

 37%|███▋      | 888/2405 [1:01:32<1:43:05,  4.08s/it]2026-04-17 05:06:03,776 - INFO - [sparse-mezo] global_step=888 active_fraction=0.252775 active_params=332590906/1315758080 configured_ratio=0.250000 mask_strategy=percentile_per_layer scope=trainable_only

 37%|███▋      | 889/2405 [1:01:36<1:42:44,  4.07s/it]2026-04-17 05:06:07,831 - INFO - [sparse-mezo] global_step=889 active_fraction=0.253717 active_params=333830008/1315758080 configured_ratio=0.250000 mask_strategy=percentile_per_layer scope=trainable_only

 37%|███▋      | 890/2405 [1:01:40<1:42:39,  4.07s/it]2026-04-17 05:06:11,885 - INFO - [sparse-mezo] global_step=890 active_fraction=0.252259 active_params=331912310/1315758080 configured_ratio=0.250000 mask_strategy=percentile_per_layer scope=trainable_only

 37%|███▋      | 891/2405 [1:01:44<1:42:30,  4.06s/it]2026-04-17 05:06:15,938 - INFO - [sparse-mezo] global_step=891 active_fraction=0.254103 active_params=334337542/1315758080 configured_ratio=0.250000 mask_strategy=percentile_per_layer scope=trainable_only

 37%|███▋      | 892/2405 [1:01:48<1:42:22,  4.06s/it]2026-04-17 05:06:19,998 - INFO - [sparse-mezo] global_step=892 active_fraction=0.254303 active_params=334601356/1315758080 configured_ratio=0.250000 mask_strategy=percentile_per_layer scope=trainable_only

 37%|███▋      | 893/2405 [1:01:52<1:42:13,  4.06s/it]2026-04-17 05:06:24,037 - INFO - [sparse-mezo] global_step=893 active_fraction=0.256278 active_params=337199705/1315758080 configured_ratio=0.250000 mask_strategy=percentile_per_layer scope=trainable_only

 37%|███▋      | 894/2405 [1:01:56<1:42:05,  4.05s/it]2026-04-17 05:06:28,087 - INFO - [sparse-mezo] global_step=894 active_fraction=0.256277 active_params=337199035/1315758080 configured_ratio=0.250000 mask_strategy=percentile_per_layer scope=trainable_only

 37%|███▋      | 895/2405 [1:02:00<1:41:55,  4.05s/it]2026-04-17 05:06:32,138 - INFO - [sparse-mezo] global_step=895 active_fraction=0.255994 active_params=336826188/1315758080 configured_ratio=0.250000 mask_strategy=percentile_per_layer scope=trainable_only

 37%|███▋      | 896/2405 [1:02:05<1:41:51,  4.05s/it]2026-04-17 05:06:36,184 - INFO - [sparse-mezo] global_step=896 active_fraction=0.255994 active_params=336825522/1315758080 configured_ratio=0.250000 mask_strategy=percentile_per_layer scope=trainable_only

 37%|███▋      | 897/2405 [1:02:09<1:41:49,  4.05s/it]2026-04-17 05:06:40,260 - INFO - [sparse-mezo] global_step=897 active_fraction=0.256168 active_params=337054654/1315758080 configured_ratio=0.250000 mask_strategy=percentile_per_layer scope=trainable_only

 37%|███▋      | 898/2405 [1:02:13<1:41:57,  4.06s/it]2026-04-17 05:06:44,332 - INFO - [sparse-mezo] global_step=898 active_fraction=0.256167 active_params=337054030/1315758080 configured_ratio=0.250000 mask_strategy=percentile_per_layer scope=trainable_only

 37%|███▋      | 899/2405 [1:02:17<1:41:54,  4.06s/it]2026-04-17 05:06:48,397 - INFO - [sparse-mezo] global_step=899 active_fraction=0.256167 active_params=337053399/1315758080 configured_ratio=0.250000 mask_strategy=percentile_per_layer scope=trainable_only

 37%|███▋      | 900/2405 [1:02:21<1:41:56,  4.06s/it]2026-04-17 05:06:52,474 - INFO - [sparse-mezo] global_step=900 active_fraction=0.256166 active_params=337052793/1315758080 configured_ratio=0.250000 mask_strategy=percentile_per_layer scope=trainable_only
2026-04-17 05:06:56,200 - INFO - [zo_probe] step=900 eps=1.000e-06 precision=fp16 n=16 mae=9.131134e+02 mse=1.345417e+06 rmse=1.159921e+03 sign_acc=0.3750 corr=0.281849

 37%|███▋      | 901/2405 [1:02:29<2:09:56,  5.18s/it]2026-04-17 05:07:00,321 - INFO - [sparse-mezo] global_step=901 active_fraction=0.255879 active_params=336675030/1315758080 configured_ratio=0.250000 mask_strategy=percentile_per_layer scope=trainable_only

 38%|███▊      | 902/2405 [1:02:33<2:01:51,  4.86s/it]2026-04-17 05:07:04,441 - INFO - [sparse-mezo] global_step=902 active_fraction=0.255879 active_params=336674487/1315758080 configured_ratio=0.250000 mask_strategy=percentile_per_layer scope=trainable_only

 38%|███▊      | 903/2405 [1:02:37<1:56:15,  4.64s/it]2026-04-17 05:07:08,622 - INFO - [sparse-mezo] global_step=903 active_fraction=0.253997 active_params=334198451/1315758080 configured_ratio=0.250000 mask_strategy=percentile_per_layer scope=trainable_only

 38%|███▊      | 904/2405 [1:02:41<1:52:37,  4.50s/it]2026-04-17 05:07:12,754 - INFO - [sparse-mezo] global_step=904 active_fraction=0.254320 active_params=334624002/1315758080 configured_ratio=0.250000 mask_strategy=percentile_per_layer scope=trainable_only

 38%|███▊      | 905/2405 [1:02:45<1:49:51,  4.39s/it]2026-04-17 05:07:16,844 - INFO - [sparse-mezo] global_step=905 active_fraction=0.256028 active_params=336871412/1315758080 configured_ratio=0.250000 mask_strategy=percentile_per_layer scope=trainable_only

 38%|███▊      | 906/2405 [1:02:49<1:47:33,  4.31s/it]2026-04-17 05:07:20,883 - INFO - [sparse-mezo] global_step=906 active_fraction=0.254584 active_params=334970718/1315758080 configured_ratio=0.250000 mask_strategy=percentile_per_layer scope=trainable_only

 38%|███▊      | 907/2405 [1:02:53<1:45:21,  4.22s/it]2026-04-17 05:07:24,922 - INFO - [sparse-mezo] global_step=907 active_fraction=0.254583 active_params=334970019/1315758080 configured_ratio=0.250000 mask_strategy=percentile_per_layer scope=trainable_only

 38%|███▊      | 908/2405 [1:02:57<1:44:00,  4.17s/it]2026-04-17 05:07:28,982 - INFO - [sparse-mezo] global_step=908 active_fraction=0.255103 active_params=335654272/1315758080 configured_ratio=0.250000 mask_strategy=percentile_per_layer scope=trainable_only

 38%|███▊      | 909/2405 [1:03:01<1:43:03,  4.13s/it]2026-04-17 05:07:33,024 - INFO - [sparse-mezo] global_step=909 active_fraction=0.254075 active_params=334301534/1315758080 configured_ratio=0.250000 mask_strategy=percentile_per_layer scope=trainable_only

 38%|███▊      | 910/2405 [1:03:05<1:42:18,  4.11s/it]2026-04-17 05:07:37,068 - INFO - [sparse-mezo] global_step=910 active_fraction=0.254075 active_params=334300865/1315758080 configured_ratio=0.250000 mask_strategy=percentile_per_layer scope=trainable_only

 38%|███▊      | 911/2405 [1:03:09<1:41:54,  4.09s/it]2026-04-17 05:07:41,149 - INFO - [sparse-mezo] global_step=911 active_fraction=0.251813 active_params=331325469/1315758080 configured_ratio=0.250000 mask_strategy=percentile_per_layer scope=trainable_only

 38%|███▊      | 912/2405 [1:03:14<1:41:45,  4.09s/it]2026-04-17 05:07:45,228 - INFO - [sparse-mezo] global_step=912 active_fraction=0.251813 active_params=331324779/1315758080 configured_ratio=0.250000 mask_strategy=percentile_per_layer scope=trainable_only

 38%|███▊      | 913/2405 [1:03:18<1:41:36,  4.09s/it]2026-04-17 05:07:49,292 - INFO - [sparse-mezo] global_step=913 active_fraction=0.254073 active_params=334298673/1315758080 configured_ratio=0.250000 mask_strategy=percentile_per_layer scope=trainable_only

 38%|███▊      | 914/2405 [1:03:22<1:41:14,  4.07s/it]2026-04-17 05:07:53,347 - INFO - [sparse-mezo] global_step=914 active_fraction=0.254559 active_params=334938668/1315758080 configured_ratio=0.250000 mask_strategy=percentile_per_layer scope=trainable_only

 38%|███▊      | 915/2405 [1:03:26<1:41:01,  4.07s/it]2026-04-17 05:07:57,395 - INFO - [sparse-mezo] global_step=915 active_fraction=0.254559 active_params=334937992/1315758080 configured_ratio=0.250000 mask_strategy=percentile_per_layer scope=trainable_only

 38%|███▊      | 916/2405 [1:03:30<1:40:56,  4.07s/it]2026-04-17 05:08:01,469 - INFO - [sparse-mezo] global_step=916 active_fraction=0.254558 active_params=334937309/1315758080 configured_ratio=0.250000 mask_strategy=percentile_per_layer scope=trainable_only

 38%|███▊      | 917/2405 [1:03:34<1:40:44,  4.06s/it]2026-04-17 05:08:05,502 - INFO - [sparse-mezo] global_step=917 active_fraction=0.256526 active_params=337525618/1315758080 configured_ratio=0.250000 mask_strategy=percentile_per_layer scope=trainable_only

 38%|███▊      | 918/2405 [1:03:38<1:40:29,  4.05s/it]2026-04-17 05:08:09,541 - INFO - [sparse-mezo] global_step=918 active_fraction=0.256525 active_params=337524891/1315758080 configured_ratio=0.250000 mask_strategy=percentile_per_layer scope=trainable_only

 38%|███▊      | 919/2405 [1:03:42<1:40:23,  4.05s/it]2026-04-17 05:08:13,603 - INFO - [sparse-mezo] global_step=919 active_fraction=0.256400 active_params=337360638/1315758080 configured_ratio=0.250000 mask_strategy=percentile_per_layer scope=trainable_only

 38%|███▊      | 920/2405 [1:03:46<1:40:18,  4.05s/it]2026-04-17 05:08:17,653 - INFO - [sparse-mezo] global_step=920 active_fraction=0.256400 active_params=337359927/1315758080 configured_ratio=0.250000 mask_strategy=percentile_per_layer scope=trainable_only

 38%|███▊      | 921/2405 [1:03:50<1:40:13,  4.05s/it]2026-04-17 05:08:21,746 - INFO - [sparse-mezo] global_step=921 active_fraction=0.255889 active_params=336687862/1315758080 configured_ratio=0.250000 mask_strategy=percentile_per_layer scope=trainable_only

 38%|███▊      | 922/2405 [1:03:54<1:40:25,  4.06s/it]2026-04-17 05:08:25,837 - INFO - [sparse-mezo] global_step=922 active_fraction=0.255888 active_params=336687271/1315758080 configured_ratio=0.250000 mask_strategy=percentile_per_layer scope=trainable_only

 38%|███▊      | 923/2405 [1:03:58<1:40:35,  4.07s/it]2026-04-17 05:08:29,933 - INFO - [sparse-mezo] global_step=923 active_fraction=0.255888 active_params=336686635/1315758080 configured_ratio=0.250000 mask_strategy=percentile_per_layer scope=trainable_only

 38%|███▊      | 924/2405 [1:04:02<1:40:50,  4.09s/it]2026-04-17 05:08:34,137 - INFO - [sparse-mezo] global_step=924 active_fraction=0.254709 active_params=335134805/1315758080 configured_ratio=0.250000 mask_strategy=percentile_per_layer scope=trainable_only

 38%|███▊      | 925/2405 [1:04:07<1:41:39,  4.12s/it]2026-04-17 05:08:38,294 - INFO - [sparse-mezo] global_step=925 active_fraction=0.254019 active_params=334228112/1315758080 configured_ratio=0.250000 mask_strategy=percentile_per_layer scope=trainable_only

 39%|███▊      | 926/2405 [1:04:11<1:41:42,  4.13s/it]2026-04-17 05:08:42,382 - INFO - [sparse-mezo] global_step=926 active_fraction=0.255402 active_params=336047275/1315758080 configured_ratio=0.250000 mask_strategy=percentile_per_layer scope=trainable_only

 39%|███▊      | 927/2405 [1:04:15<1:41:19,  4.11s/it]2026-04-17 05:08:46,461 - INFO - [sparse-mezo] global_step=927 active_fraction=0.255402 active_params=336046643/1315758080 configured_ratio=0.250000 mask_strategy=percentile_per_layer scope=trainable_only

 39%|███▊      | 928/2405 [1:04:19<1:41:10,  4.11s/it]2026-04-17 05:08:50,567 - INFO - [sparse-mezo] global_step=928 active_fraction=0.255401 active_params=336046028/1315758080 configured_ratio=0.250000 mask_strategy=percentile_per_layer scope=trainable_only

 39%|███▊      | 929/2405 [1:04:23<1:40:56,  4.10s/it]2026-04-17 05:08:54,652 - INFO - [sparse-mezo] global_step=929 active_fraction=0.255401 active_params=336045359/1315758080 configured_ratio=0.250000 mask_strategy=percentile_per_layer scope=trainable_only

 39%|███▊      | 930/2405 [1:04:27<1:40:44,  4.10s/it]2026-04-17 05:08:58,759 - INFO - [sparse-mezo] global_step=930 active_fraction=0.256087 active_params=336948225/1315758080 configured_ratio=0.250000 mask_strategy=percentile_per_layer scope=trainable_only

 39%|███▊      | 931/2405 [1:04:31<1:40:48,  4.10s/it]2026-04-17 05:09:02,933 - INFO - [sparse-mezo] global_step=931 active_fraction=0.254135 active_params=334380315/1315758080 configured_ratio=0.250000 mask_strategy=percentile_per_layer scope=trainable_only

 39%|███▉      | 932/2405 [1:04:35<1:41:11,  4.12s/it]2026-04-17 05:09:07,062 - INFO - [sparse-mezo] global_step=932 active_fraction=0.254515 active_params=334879861/1315758080 configured_ratio=0.250000 mask_strategy=percentile_per_layer scope=trainable_only

 39%|███▉      | 933/2405 [1:04:39<1:41:14,  4.13s/it]2026-04-17 05:09:11,172 - INFO - [sparse-mezo] global_step=933 active_fraction=0.255962 active_params=336783611/1315758080 configured_ratio=0.250000 mask_strategy=percentile_per_layer scope=trainable_only

 39%|███▉      | 934/2405 [1:04:44<1:41:07,  4.12s/it]2026-04-17 05:09:15,298 - INFO - [sparse-mezo] global_step=934 active_fraction=0.255961 active_params=336783074/1315758080 configured_ratio=0.250000 mask_strategy=percentile_per_layer scope=trainable_only

 39%|███▉      | 935/2405 [1:04:48<1:40:52,  4.12s/it]2026-04-17 05:09:19,399 - INFO - [sparse-mezo] global_step=935 active_fraction=0.255961 active_params=336782532/1315758080 configured_ratio=0.250000 mask_strategy=percentile_per_layer scope=trainable_only

 39%|███▉      | 936/2405 [1:04:52<1:40:52,  4.12s/it]2026-04-17 05:09:23,479 - INFO - [sparse-mezo] global_step=936 active_fraction=0.253965 active_params=334156268/1315758080 configured_ratio=0.250000 mask_strategy=percentile_per_layer scope=trainable_only

 39%|███▉      | 937/2405 [1:04:56<1:40:30,  4.11s/it]2026-04-17 05:09:27,538 - INFO - [sparse-mezo] global_step=937 active_fraction=0.256476 active_params=337460793/1315758080 configured_ratio=0.250000 mask_strategy=percentile_per_layer scope=trainable_only

 39%|███▉      | 938/2405 [1:05:00<1:39:56,  4.09s/it]2026-04-17 05:09:31,616 - INFO - [sparse-mezo] global_step=938 active_fraction=0.256216 active_params=337117898/1315758080 configured_ratio=0.250000 mask_strategy=percentile_per_layer scope=trainable_only

 39%|███▉      | 939/2405 [1:05:04<1:39:48,  4.08s/it]2026-04-17 05:09:35,804 - INFO - [sparse-mezo] global_step=939 active_fraction=0.253814 active_params=333957455/1315758080 configured_ratio=0.250000 mask_strategy=percentile_per_layer scope=trainable_only

 39%|███▉      | 940/2405 [1:05:08<1:40:29,  4.12s/it]2026-04-17 05:09:39,926 - INFO - [sparse-mezo] global_step=940 active_fraction=0.255471 active_params=336137377/1315758080 configured_ratio=0.250000 mask_strategy=percentile_per_layer scope=trainable_only

 39%|███▉      | 941/2405 [1:05:12<1:40:32,  4.12s/it]2026-04-17 05:09:44,060 - INFO - [sparse-mezo] global_step=941 active_fraction=0.255470 active_params=336136810/1315758080 configured_ratio=0.250000 mask_strategy=percentile_per_layer scope=trainable_only

 39%|███▉      | 942/2405 [1:05:16<1:40:30,  4.12s/it]2026-04-17 05:09:48,097 - INFO - [sparse-mezo] global_step=942 active_fraction=0.253516 active_params=333565561/1315758080 configured_ratio=0.250000 mask_strategy=percentile_per_layer scope=trainable_only

 39%|███▉      | 943/2405 [1:05:21<1:39:56,  4.10s/it]2026-04-17 05:09:52,155 - INFO - [sparse-mezo] global_step=943 active_fraction=0.253515 active_params=333564811/1315758080 configured_ratio=0.250000 mask_strategy=percentile_per_layer scope=trainable_only

 39%|███▉      | 944/2405 [1:05:25<1:39:25,  4.08s/it]2026-04-17 05:09:56,191 - INFO - [sparse-mezo] global_step=944 active_fraction=0.253515 active_params=333564120/1315758080 configured_ratio=0.250000 mask_strategy=percentile_per_layer scope=trainable_only

 39%|███▉      | 945/2405 [1:05:29<1:39:00,  4.07s/it]2026-04-17 05:10:00,252 - INFO - [sparse-mezo] global_step=945 active_fraction=0.252806 active_params=332632070/1315758080 configured_ratio=0.250000 mask_strategy=percentile_per_layer scope=trainable_only

 39%|███▉      | 946/2405 [1:05:33<1:38:51,  4.07s/it]2026-04-17 05:10:04,273 - INFO - [sparse-mezo] global_step=946 active_fraction=0.254101 active_params=334335986/1315758080 configured_ratio=0.250000 mask_strategy=percentile_per_layer scope=trainable_only

 39%|███▉      | 947/2405 [1:05:37<1:38:38,  4.06s/it]2026-04-17 05:10:08,333 - INFO - [sparse-mezo] global_step=947 active_fraction=0.252815 active_params=332643850/1315758080 configured_ratio=0.250000 mask_strategy=percentile_per_layer scope=trainable_only

 39%|███▉      | 948/2405 [1:05:41<1:38:30,  4.06s/it]2026-04-17 05:10:12,396 - INFO - [sparse-mezo] global_step=948 active_fraction=0.254401 active_params=334730205/1315758080 configured_ratio=0.250000 mask_strategy=percentile_per_layer scope=trainable_only

 39%|███▉      | 949/2405 [1:05:45<1:38:24,  4.06s/it]2026-04-17 05:10:16,439 - INFO - [sparse-mezo] global_step=949 active_fraction=0.255453 active_params=336114247/1315758080 configured_ratio=0.250000 mask_strategy=percentile_per_layer scope=trainable_only

 40%|███▉      | 950/2405 [1:05:49<1:38:15,  4.05s/it]2026-04-17 05:10:20,461 - INFO - [sparse-mezo] global_step=950 active_fraction=0.253556 active_params=333618922/1315758080 configured_ratio=0.250000 mask_strategy=percentile_per_layer scope=trainable_only

 40%|███▉      | 951/2405 [1:05:53<1:37:55,  4.04s/it]2026-04-17 05:10:24,495 - INFO - [sparse-mezo] global_step=951 active_fraction=0.253556 active_params=333618250/1315758080 configured_ratio=0.250000 mask_strategy=percentile_per_layer scope=trainable_only

 40%|███▉      | 952/2405 [1:05:57<1:37:54,  4.04s/it]2026-04-17 05:10:28,546 - INFO - [sparse-mezo] global_step=952 active_fraction=0.253555 active_params=333617515/1315758080 configured_ratio=0.250000 mask_strategy=percentile_per_layer scope=trainable_only

 40%|███▉      | 953/2405 [1:06:01<1:37:54,  4.05s/it]2026-04-17 05:10:32,596 - INFO - [sparse-mezo] global_step=953 active_fraction=0.256046 active_params=336894630/1315758080 configured_ratio=0.250000 mask_strategy=percentile_per_layer scope=trainable_only

 40%|███▉      | 954/2405 [1:06:05<1:37:48,  4.04s/it]2026-04-17 05:10:36,795 - INFO - [sparse-mezo] global_step=954 active_fraction=0.253797 active_params=333934846/1315758080 configured_ratio=0.250000 mask_strategy=percentile_per_layer scope=trainable_only

 40%|███▉      | 955/2405 [1:06:09<1:38:51,  4.09s/it]2026-04-17 05:10:40,991 - INFO - [sparse-mezo] global_step=955 active_fraction=0.253796 active_params=333934483/1315758080 configured_ratio=0.250000 mask_strategy=percentile_per_layer scope=trainable_only

 40%|███▉      | 956/2405 [1:06:13<1:39:33,  4.12s/it]2026-04-17 05:10:45,190 - INFO - [sparse-mezo] global_step=956 active_fraction=0.253796 active_params=333934111/1315758080 configured_ratio=0.250000 mask_strategy=percentile_per_layer scope=trainable_only

 40%|███▉      | 957/2405 [1:06:18<1:40:02,  4.15s/it]2026-04-17 05:10:49,274 - INFO - [sparse-mezo] global_step=957 active_fraction=0.255960 active_params=336781722/1315758080 configured_ratio=0.250000 mask_strategy=percentile_per_layer scope=trainable_only

 40%|███▉      | 958/2405 [1:06:22<1:39:35,  4.13s/it]2026-04-17 05:10:53,399 - INFO - [sparse-mezo] global_step=958 active_fraction=0.254965 active_params=335472368/1315758080 configured_ratio=0.250000 mask_strategy=percentile_per_layer scope=trainable_only

 40%|███▉      | 959/2405 [1:06:26<1:39:25,  4.13s/it]2026-04-17 05:10:57,519 - INFO - [sparse-mezo] global_step=959 active_fraction=0.254997 active_params=335514472/1315758080 configured_ratio=0.250000 mask_strategy=percentile_per_layer scope=trainable_only

 40%|███▉      | 960/2405 [1:06:30<1:39:16,  4.12s/it]2026-04-17 05:11:01,625 - INFO - [sparse-mezo] global_step=960 active_fraction=0.254997 active_params=335513905/1315758080 configured_ratio=0.250000 mask_strategy=percentile_per_layer scope=trainable_only

 40%|███▉      | 961/2405 [1:06:34<1:39:12,  4.12s/it]2026-04-17 05:11:05,739 - INFO - [sparse-mezo] global_step=961 active_fraction=0.254996 active_params=335513344/1315758080 configured_ratio=0.250000 mask_strategy=percentile_per_layer scope=trainable_only

 40%|████      | 962/2405 [1:06:38<1:38:50,  4.11s/it]2026-04-17 05:11:09,832 - INFO - [sparse-mezo] global_step=962 active_fraction=0.254996 active_params=335512776/1315758080 configured_ratio=0.250000 mask_strategy=percentile_per_layer scope=trainable_only

 40%|████      | 963/2405 [1:06:42<1:38:57,  4.12s/it]2026-04-17 05:11:13,969 - INFO - [sparse-mezo] global_step=963 active_fraction=0.254995 active_params=335512258/1315758080 configured_ratio=0.250000 mask_strategy=percentile_per_layer scope=trainable_only

 40%|████      | 964/2405 [1:06:46<1:38:53,  4.12s/it]2026-04-17 05:11:17,989 - INFO - [sparse-mezo] global_step=964 active_fraction=0.254452 active_params=334796900/1315758080 configured_ratio=0.250000 mask_strategy=percentile_per_layer scope=trainable_only

 40%|████      | 965/2405 [1:06:50<1:38:15,  4.09s/it]2026-04-17 05:11:22,047 - INFO - [sparse-mezo] global_step=965 active_fraction=0.254451 active_params=334796193/1315758080 configured_ratio=0.250000 mask_strategy=percentile_per_layer scope=trainable_only

 40%|████      | 966/2405 [1:06:54<1:37:47,  4.08s/it]2026-04-17 05:11:26,122 - INFO - [sparse-mezo] global_step=966 active_fraction=0.256025 active_params=336866811/1315758080 configured_ratio=0.250000 mask_strategy=percentile_per_layer scope=trainable_only

 40%|████      | 967/2405 [1:06:59<1:37:42,  4.08s/it]2026-04-17 05:11:30,199 - INFO - [sparse-mezo] global_step=967 active_fraction=0.256024 active_params=336866162/1315758080 configured_ratio=0.250000 mask_strategy=percentile_per_layer scope=trainable_only

 40%|████      | 968/2405 [1:07:03<1:37:38,  4.08s/it]2026-04-17 05:11:34,286 - INFO - [sparse-mezo] global_step=968 active_fraction=0.256603 active_params=337627499/1315758080 configured_ratio=0.250000 mask_strategy=percentile_per_layer scope=trainable_only

 40%|████      | 969/2405 [1:07:07<1:37:38,  4.08s/it]2026-04-17 05:11:38,457 - INFO - [sparse-mezo] global_step=969 active_fraction=0.253939 active_params=334122747/1315758080 configured_ratio=0.250000 mask_strategy=percentile_per_layer scope=trainable_only

 40%|████      | 970/2405 [1:07:11<1:38:11,  4.11s/it]2026-04-17 05:11:42,639 - INFO - [sparse-mezo] global_step=970 active_fraction=0.253669 active_params=333767103/1315758080 configured_ratio=0.250000 mask_strategy=percentile_per_layer scope=trainable_only

 40%|████      | 971/2405 [1:07:15<1:38:42,  4.13s/it]2026-04-17 05:11:46,846 - INFO - [sparse-mezo] global_step=971 active_fraction=0.253669 active_params=333766769/1315758080 configured_ratio=0.250000 mask_strategy=percentile_per_layer scope=trainable_only

 40%|████      | 972/2405 [1:07:19<1:39:15,  4.16s/it]2026-04-17 05:11:50,891 - INFO - [sparse-mezo] global_step=972 active_fraction=0.254803 active_params=335259112/1315758080 configured_ratio=0.250000 mask_strategy=percentile_per_layer scope=trainable_only

 40%|████      | 973/2405 [1:07:23<1:38:28,  4.13s/it]2026-04-17 05:11:54,965 - INFO - [sparse-mezo] global_step=973 active_fraction=0.255697 active_params=336435691/1315758080 configured_ratio=0.250000 mask_strategy=percentile_per_layer scope=trainable_only

 40%|████      | 974/2405 [1:07:27<1:37:53,  4.10s/it]2026-04-17 05:11:59,012 - INFO - [sparse-mezo] global_step=974 active_fraction=0.255697 active_params=336434984/1315758080 configured_ratio=0.250000 mask_strategy=percentile_per_layer scope=trainable_only

 41%|████      | 975/2405 [1:07:31<1:37:24,  4.09s/it]2026-04-17 05:12:03,112 - INFO - [sparse-mezo] global_step=975 active_fraction=0.256172 active_params=337060267/1315758080 configured_ratio=0.250000 mask_strategy=percentile_per_layer scope=trainable_only

 41%|████      | 976/2405 [1:07:36<1:37:34,  4.10s/it]2026-04-17 05:12:07,233 - INFO - [sparse-mezo] global_step=976 active_fraction=0.256171 active_params=337059639/1315758080 configured_ratio=0.250000 mask_strategy=percentile_per_layer scope=trainable_only

 41%|████      | 977/2405 [1:07:40<1:37:36,  4.10s/it]2026-04-17 05:12:11,343 - INFO - [sparse-mezo] global_step=977 active_fraction=0.256171 active_params=337059082/1315758080 configured_ratio=0.250000 mask_strategy=percentile_per_layer scope=trainable_only

 41%|████      | 978/2405 [1:07:44<1:37:36,  4.10s/it]2026-04-17 05:12:15,486 - INFO - [sparse-mezo] global_step=978 active_fraction=0.254864 active_params=335338943/1315758080 configured_ratio=0.250000 mask_strategy=percentile_per_layer scope=trainable_only

 41%|████      | 979/2405 [1:07:48<1:37:44,  4.11s/it]2026-04-17 05:12:19,599 - INFO - [sparse-mezo] global_step=979 active_fraction=0.255514 active_params=336195002/1315758080 configured_ratio=0.250000 mask_strategy=percentile_per_layer scope=trainable_only

 41%|████      | 980/2405 [1:07:52<1:37:40,  4.11s/it]2026-04-17 05:12:23,792 - INFO - [sparse-mezo] global_step=980 active_fraction=0.254201 active_params=334467341/1315758080 configured_ratio=0.250000 mask_strategy=percentile_per_layer scope=trainable_only

 41%|████      | 981/2405 [1:07:56<1:38:14,  4.14s/it]2026-04-17 05:12:27,937 - INFO - [sparse-mezo] global_step=981 active_fraction=0.254469 active_params=334820247/1315758080 configured_ratio=0.250000 mask_strategy=percentile_per_layer scope=trainable_only

 41%|████      | 982/2405 [1:08:00<1:38:09,  4.14s/it]2026-04-17 05:12:32,072 - INFO - [sparse-mezo] global_step=982 active_fraction=0.254469 active_params=334819721/1315758080 configured_ratio=0.250000 mask_strategy=percentile_per_layer scope=trainable_only

 41%|████      | 983/2405 [1:08:04<1:38:01,  4.14s/it]2026-04-17 05:12:36,203 - INFO - [sparse-mezo] global_step=983 active_fraction=0.254469 active_params=334819216/1315758080 configured_ratio=0.250000 mask_strategy=percentile_per_layer scope=trainable_only

 41%|████      | 984/2405 [1:08:09<1:38:00,  4.14s/it]2026-04-17 05:12:40,349 - INFO - [sparse-mezo] global_step=984 active_fraction=0.254468 active_params=334818705/1315758080 configured_ratio=0.250000 mask_strategy=percentile_per_layer scope=trainable_only

 41%|████      | 985/2405 [1:08:13<1:37:56,  4.14s/it]2026-04-17 05:12:44,454 - INFO - [sparse-mezo] global_step=985 active_fraction=0.255706 active_params=336446972/1315758080 configured_ratio=0.250000 mask_strategy=percentile_per_layer scope=trainable_only

 41%|████      | 986/2405 [1:08:17<1:37:45,  4.13s/it]2026-04-17 05:12:48,575 - INFO - [sparse-mezo] global_step=986 active_fraction=0.255705 active_params=336446323/1315758080 configured_ratio=0.250000 mask_strategy=percentile_per_layer scope=trainable_only

 41%|████      | 987/2405 [1:08:21<1:37:32,  4.13s/it]2026-04-17 05:12:52,685 - INFO - [sparse-mezo] global_step=987 active_fraction=0.255705 active_params=336445701/1315758080 configured_ratio=0.250000 mask_strategy=percentile_per_layer scope=trainable_only

 41%|████      | 988/2405 [1:08:25<1:37:16,  4.12s/it]2026-04-17 05:12:56,784 - INFO - [sparse-mezo] global_step=988 active_fraction=0.255704 active_params=336445111/1315758080 configured_ratio=0.250000 mask_strategy=percentile_per_layer scope=trainable_only

 41%|████      | 989/2405 [1:08:29<1:37:01,  4.11s/it]2026-04-17 05:13:00,879 - INFO - [sparse-mezo] global_step=989 active_fraction=0.255704 active_params=336444500/1315758080 configured_ratio=0.250000 mask_strategy=percentile_per_layer scope=trainable_only

 41%|████      | 990/2405 [1:08:33<1:36:57,  4.11s/it]2026-04-17 05:13:05,179 - INFO - [sparse-mezo] global_step=990 active_fraction=0.252327 active_params=332001858/1315758080 configured_ratio=0.250000 mask_strategy=percentile_per_layer scope=trainable_only

 41%|████      | 991/2405 [1:08:38<1:38:17,  4.17s/it]2026-04-17 05:13:09,281 - INFO - [sparse-mezo] global_step=991 active_fraction=0.256268 active_params=337186730/1315758080 configured_ratio=0.250000 mask_strategy=percentile_per_layer scope=trainable_only

 41%|████      | 992/2405 [1:08:42<1:37:39,  4.15s/it]2026-04-17 05:13:13,373 - INFO - [sparse-mezo] global_step=992 active_fraction=0.256267 active_params=337185967/1315758080 configured_ratio=0.250000 mask_strategy=percentile_per_layer scope=trainable_only

 41%|████▏     | 993/2405 [1:08:46<1:37:12,  4.13s/it]2026-04-17 05:13:17,534 - INFO - [sparse-mezo] global_step=993 active_fraction=0.254908 active_params=335397525/1315758080 configured_ratio=0.250000 mask_strategy=percentile_per_layer scope=trainable_only

 41%|████▏     | 994/2405 [1:08:50<1:37:16,  4.14s/it]2026-04-17 05:13:21,572 - INFO - [sparse-mezo] global_step=994 active_fraction=0.255342 active_params=335968473/1315758080 configured_ratio=0.250000 mask_strategy=percentile_per_layer scope=trainable_only

 41%|████▏     | 995/2405 [1:08:54<1:36:31,  4.11s/it]2026-04-17 05:13:25,591 - INFO - [sparse-mezo] global_step=995 active_fraction=0.255342 active_params=335967726/1315758080 configured_ratio=0.250000 mask_strategy=percentile_per_layer scope=trainable_only

 41%|████▏     | 996/2405 [1:08:58<1:35:57,  4.09s/it]2026-04-17 05:13:29,662 - INFO - [sparse-mezo] global_step=996 active_fraction=0.256619 active_params=337647934/1315758080 configured_ratio=0.250000 mask_strategy=percentile_per_layer scope=trainable_only

 41%|████▏     | 997/2405 [1:09:02<1:35:43,  4.08s/it]2026-04-17 05:13:33,714 - INFO - [sparse-mezo] global_step=997 active_fraction=0.257222 active_params=338442027/1315758080 configured_ratio=0.250000 mask_strategy=percentile_per_layer scope=trainable_only

 41%|████▏     | 998/2405 [1:09:06<1:35:34,  4.08s/it]2026-04-17 05:13:37,781 - INFO - [sparse-mezo] global_step=998 active_fraction=0.257221 active_params=338441249/1315758080 configured_ratio=0.250000 mask_strategy=percentile_per_layer scope=trainable_only

 42%|████▏     | 999/2405 [1:09:10<1:35:23,  4.07s/it]2026-04-17 05:13:41,836 - INFO - [sparse-mezo] global_step=999 active_fraction=0.256020 active_params=336860881/1315758080 configured_ratio=0.250000 mask_strategy=percentile_per_layer scope=trainable_only

 42%|████▏     | 1000/2405 [1:09:14<1:35:05,  4.06s/it]
                                                       

 42%|████▏     | 1000/2405 [1:09:14<1:35:05,  4.06s/it]

  0%|          | 0/107 [00:00<?, ?it/s][A

  6%|▌         | 6/107 [00:00<00:02, 48.35it/s][A

 10%|█         | 11/107 [00:00<00:02, 43.26it/s][A

 15%|█▍        | 16/107 [00:00<00:02, 42.70it/s][A

 20%|█▉        | 21/107 [00:00<00:02, 41.92it/s][A

 24%|██▍       | 26/107 [00:00<00:01, 40.92it/s][A

 29%|██▉       | 31/107 [00:00<00:01, 41.47it/s][A

 34%|███▎      | 36/107 [00:00<00:01, 41.36it/s][A

 38%|███▊      | 41/107 [00:00<00:01, 42.09it/s][A

 43%|████▎     | 46/107 [00:01<00:01, 41.05it/s][A

 48%|████▊     | 51/107 [00:01<00:01, 41.16it/s][A

 52%|█████▏    | 56/107 [00:01<00:01, 41.35it/s][A

 57%|█████▋    | 61/107 [00:01<00:01, 41.91it/s][A

 62%|██████▏   | 66/107 [00:01<00:00, 41.82it/s][A

 66%|██████▋   | 71/107 [00:01<00:00, 42.65it/s][A

 71%|███████   | 76/107 [00:01<00:00, 42.78it/s][A

 76%|███████▌  | 81/107 [00:01<00:00, 43.25it/s][A

 80%|████████  | 86/107 [00:02<00:00, 41.71it/s][A

 85%|████████▌ | 91/107 [00:02<00:00, 42.21it/s][A

 90%|████████▉ | 96/107 [00:02<00:00, 42.08it/s][A

 94%|█████████▍| 101/107 [00:02<00:00, 42.07it/s][A

 99%|█████████▉| 106/107 [00:02<00:00, 42.85it/s][A
                                                       

                                                 
[A
 42%|████▏     | 1000/2405 [1:09:17<1:35:05,  4.06s/it]

100%|██████████| 107/107 [00:02<00:00, 42.85it/s][A

                                                 [A2026-04-17 05:13:44,715 - INFO - There are 0 training samples and 854 validation samples


  0%|          | 0/854 [00:00<?, ?it/s][A2026-04-17 05:13:44,716 - INFO - ========= Example =========
2026-04-17 05:13:44,716 - INFO - Candidate: [0, 1, 2, 3, 4]
2026-04-17 05:13:44,716 - INFO - Correct candidate: 3
2026-04-17 05:13:44,724 - INFO - === Candidate 0 ===
2026-04-17 05:13:44,724 - INFO - <s>hardly a film that comes along every day. It was terrible
2026-04-17 05:13:44,724 - INFO - Log probabilities of the option tokens: tensor([-11.0859], dtype=torch.float16)
2026-04-17 05:13:44,731 - INFO - === Candidate 1 (without context)===
2026-04-17 05:13:44,732 - INFO - <s>hardly a film that comes along every day. It was bad
2026-04-17 05:13:44,732 - INFO - Log probabilities of the option tokens: tensor([-9.5938], dtype=torch.float16)
2026-04-17 05:13:44,739 - INFO - === Candidate 2 (without context)===
2026-04-17 05:13:44,739 - INFO - <s>hardly a film that comes along every day. It was okay
2026-04-17 05:13:44,739 - INFO - Log probabilities of the option tokens: tensor([-10.7188], dtype=torch.float16)
2026-04-17 05:13:44,746 - INFO - === Candidate 3 (without context)===
2026-04-17 05:13:44,746 - INFO - <s>hardly a film that comes along every day. It was good
2026-04-17 05:13:44,747 - INFO - Log probabilities of the option tokens: tensor([-8.0391], dtype=torch.float16)
2026-04-17 05:13:44,754 - INFO - === Candidate 4 (without context)===
2026-04-17 05:13:44,754 - INFO - <s>hardly a film that comes along every day. It was great
2026-04-17 05:13:44,754 - INFO - Log probabilities of the option tokens: tensor([-8.5469], dtype=torch.float16)
2026-04-17 05:13:44,754 - INFO - Prediction scores: [-11.0859375, -9.59375, -10.71875, -8.0390625, -8.546875]
2026-04-17 05:13:44,754 - INFO - ========= Example =========
2026-04-17 05:13:44,754 - INFO - Candidate: [0, 1, 2, 3, 4]
2026-04-17 05:13:44,754 - INFO - Correct candidate: 0
2026-04-17 05:13:44,763 - INFO - === Candidate 0 ===
2026-04-17 05:13:44,763 - INFO - <s>-lrb- sam's -rrb- self-flagellation is more depressing than entertaining. It was terrible
2026-04-17 05:13:44,763 - INFO - Log probabilities of the option tokens: tensor([-10.7109], dtype=torch.float16)
2026-04-17 05:13:44,770 - INFO - === Candidate 1 (without context)===
2026-04-17 05:13:44,770 - INFO - <s>-lrb- sam's -rrb- self-flagellation is more depressing than entertaining. It was bad
2026-04-17 05:13:44,771 - INFO - Log probabilities of the option tokens: tensor([-9.7812], dtype=torch.float16)
2026-04-17 05:13:44,778 - INFO - === Candidate 2 (without context)===
2026-04-17 05:13:44,778 - INFO - <s>-lrb- sam's -rrb- self-flagellation is more depressing than entertaining. It was okay
2026-04-17 05:13:44,778 - INFO - Log probabilities of the option tokens: tensor([-10.6328], dtype=torch.float16)
2026-04-17 05:13:44,785 - INFO - === Candidate 3 (without context)===
2026-04-17 05:13:44,786 - INFO - <s>-lrb- sam's -rrb- self-flagellation is more depressing than entertaining. It was good
2026-04-17 05:13:44,786 - INFO - Log probabilities of the option tokens: tensor([-8.5859], dtype=torch.float16)
2026-04-17 05:13:44,793 - INFO - === Candidate 4 (without context)===
2026-04-17 05:13:44,793 - INFO - <s>-lrb- sam's -rrb- self-flagellation is more depressing than entertaining. It was great
2026-04-17 05:13:44,793 - INFO - Log probabilities of the option tokens: tensor([-8.3438], dtype=torch.float16)
2026-04-17 05:13:44,793 - INFO - Prediction scores: [-10.7109375, -9.78125, -10.6328125, -8.5859375, -8.34375]
2026-04-17 05:13:44,793 - INFO - ========= Example =========
2026-04-17 05:13:44,793 - INFO - Candidate: [0, 1, 2, 3, 4]
2026-04-17 05:13:44,793 - INFO - Correct candidate: 4
2026-04-17 05:13:44,802 - INFO - === Candidate 0 ===
2026-04-17 05:13:44,802 - INFO - <s>y tu mamá también is hilariously, gloriously alive, and quite often hotter than georgia asphalt. It was terrible
2026-04-17 05:13:44,802 - INFO - Log probabilities of the option tokens: tensor([-11.2656], dtype=torch.float16)
2026-04-17 05:13:44,809 - INFO - === Candidate 1 (without context)===
2026-04-17 05:13:44,810 - INFO - <s>y tu mamá también is hilariously, gloriously alive, and quite often hotter than georgia asphalt. It was bad
2026-04-17 05:13:44,810 - INFO - Log probabilities of the option tokens: tensor([-10.5312], dtype=torch.float16)
2026-04-17 05:13:44,817 - INFO - === Candidate 2 (without context)===
2026-04-17 05:13:44,817 - INFO - <s>y tu mamá también is hilariously, gloriously alive, and quite often hotter than georgia asphalt. It was okay
2026-04-17 05:13:44,818 - INFO - Log probabilities of the option tokens: tensor([-11.1172], dtype=torch.float16)
2026-04-17 05:13:44,825 - INFO - === Candidate 3 (without context)===
2026-04-17 05:13:44,825 - INFO - <s>y tu mamá también is hilariously, gloriously alive, and quite often hotter than georgia asphalt. It was good
2026-04-17 05:13:44,825 - INFO - Log probabilities of the option tokens: tensor([-7.9883], dtype=torch.float16)
2026-04-17 05:13:44,832 - INFO - === Candidate 4 (without context)===
2026-04-17 05:13:44,833 - INFO - <s>y tu mamá también is hilariously, gloriously alive, and quite often hotter than georgia asphalt. It was great
2026-04-17 05:13:44,833 - INFO - Log probabilities of the option tokens: tensor([-8.5469], dtype=torch.float16)
2026-04-17 05:13:44,833 - INFO - Prediction scores: [-11.265625, -10.53125, -11.1171875, -7.98828125, -8.546875]


  0%|          | 3/854 [00:00<00:33, 25.56it/s][A

  1%|          | 6/854 [00:00<00:31, 26.71it/s][A

  1%|          | 9/854 [00:00<00:31, 26.96it/s][A

  1%|▏         | 12/854 [00:00<00:30, 27.21it/s][A

  2%|▏         | 15/854 [00:00<00:30, 27.32it/s][A

  2%|▏         | 18/854 [00:00<00:30, 27.23it/s][A

  2%|▏         | 21/854 [00:00<00:30, 27.25it/s][A

  3%|▎         | 24/854 [00:00<00:30, 27.18it/s][A

  3%|▎         | 27/854 [00:00<00:30, 27.18it/s][A

  4%|▎         | 30/854 [00:01<00:30, 27.13it/s][A

  4%|▍         | 33/854 [00:01<00:30, 27.22it/s][A

  4%|▍         | 36/854 [00:01<00:30, 27.19it/s][A

  5%|▍         | 39/854 [00:01<00:30, 27.09it/s][A

  5%|▍         | 42/854 [00:01<00:29, 27.32it/s][A

  5%|▌         | 45/854 [00:01<00:29, 27.29it/s][A

  6%|▌         | 48/854 [00:01<00:29, 27.19it/s][A

  6%|▌         | 51/854 [00:01<00:29, 27.12it/s][A

  6%|▋         | 54/854 [00:01<00:29, 27.16it/s][A

  7%|▋         | 57/854 [00:02<00:29, 27.15it/s][A

  7%|▋         | 60/854 [00:02<00:29, 27.12it/s][A

  7%|▋         | 63/854 [00:02<00:29, 27.14it/s][A

  8%|▊         | 66/854 [00:02<00:28, 27.20it/s][A

  8%|▊         | 69/854 [00:02<00:28, 27.33it/s][A

  8%|▊         | 72/854 [00:02<00:28, 27.26it/s][A

  9%|▉         | 75/854 [00:02<00:28, 27.28it/s][A

  9%|▉         | 78/854 [00:02<00:28, 27.28it/s][A

  9%|▉         | 81/854 [00:02<00:28, 27.18it/s][A

 10%|▉         | 84/854 [00:03<00:28, 27.28it/s][A

 10%|█         | 87/854 [00:03<00:28, 27.36it/s][A

 11%|█         | 90/854 [00:03<00:27, 27.49it/s][A

 11%|█         | 93/854 [00:03<00:27, 27.56it/s][A

 11%|█         | 96/854 [00:03<00:27, 27.61it/s][A

 12%|█▏        | 99/854 [00:03<00:27, 27.59it/s][A

 12%|█▏        | 102/854 [00:03<00:27, 27.64it/s][A

 12%|█▏        | 105/854 [00:03<00:27, 27.54it/s][A

 13%|█▎        | 108/854 [00:03<00:27, 27.58it/s][A

 13%|█▎        | 111/854 [00:04<00:26, 27.63it/s][A

 13%|█▎        | 114/854 [00:04<00:26, 27.44it/s][A

 14%|█▎        | 117/854 [00:04<00:26, 27.40it/s][A

 14%|█▍        | 120/854 [00:04<00:26, 27.24it/s][A

 14%|█▍        | 123/854 [00:04<00:26, 27.56it/s][A

 15%|█▍        | 126/854 [00:04<00:26, 27.47it/s][A

 15%|█▌        | 129/854 [00:04<00:26, 27.35it/s][A

 15%|█▌        | 132/854 [00:04<00:26, 27.40it/s][A

 16%|█▌        | 135/854 [00:04<00:26, 27.51it/s][A

 16%|█▌        | 138/854 [00:05<00:26, 27.37it/s][A

 17%|█▋        | 141/854 [00:05<00:26, 27.41it/s][A

 17%|█▋        | 144/854 [00:05<00:25, 27.35it/s][A

 17%|█▋        | 147/854 [00:05<00:25, 27.37it/s][A

 18%|█▊        | 150/854 [00:05<00:25, 27.50it/s][A

 18%|█▊        | 153/854 [00:05<00:25, 27.62it/s][A

 18%|█▊        | 156/854 [00:05<00:25, 27.44it/s][A

 19%|█▊        | 159/854 [00:05<00:25, 27.39it/s][A

 19%|█▉        | 162/854 [00:05<00:25, 27.41it/s][A

 19%|█▉        | 165/854 [00:06<00:25, 27.51it/s][A

 20%|█▉        | 168/854 [00:06<00:24, 27.54it/s][A

 20%|██        | 171/854 [00:06<00:24, 27.50it/s][A

 20%|██        | 174/854 [00:06<00:24, 27.58it/s][A

 21%|██        | 177/854 [00:06<00:24, 27.58it/s][A

 21%|██        | 180/854 [00:06<00:24, 27.55it/s][A

 21%|██▏       | 183/854 [00:06<00:24, 27.56it/s][A

 22%|██▏       | 186/854 [00:06<00:24, 27.57it/s][A

 22%|██▏       | 189/854 [00:06<00:24, 27.38it/s][A

 22%|██▏       | 192/854 [00:07<00:24, 27.36it/s][A

 23%|██▎       | 195/854 [00:07<00:24, 27.30it/s][A

 23%|██▎       | 198/854 [00:07<00:24, 27.31it/s][A

 24%|██▎       | 201/854 [00:07<00:23, 27.50it/s][A

 24%|██▍       | 204/854 [00:07<00:23, 27.36it/s][A

 24%|██▍       | 207/854 [00:07<00:23, 27.39it/s][A

 25%|██▍       | 210/854 [00:07<00:23, 27.36it/s][A

 25%|██▍       | 213/854 [00:07<00:23, 27.35it/s][A

 25%|██▌       | 216/854 [00:07<00:23, 27.43it/s][A

 26%|██▌       | 219/854 [00:08<00:23, 27.55it/s][A

 26%|██▌       | 222/854 [00:08<00:22, 27.55it/s][A

 26%|██▋       | 225/854 [00:08<00:22, 27.55it/s][A

 27%|██▋       | 228/854 [00:08<00:22, 27.56it/s][A

 27%|██▋       | 231/854 [00:08<00:22, 27.56it/s][A

 27%|██▋       | 234/854 [00:08<00:22, 27.47it/s][A

 28%|██▊       | 237/854 [00:08<00:22, 27.35it/s][A

 28%|██▊       | 240/854 [00:08<00:22, 27.34it/s][A

 28%|██▊       | 243/854 [00:08<00:22, 27.31it/s][A

 29%|██▉       | 246/854 [00:08<00:22, 27.39it/s][A

 29%|██▉       | 249/854 [00:09<00:21, 27.56it/s][A

 30%|██▉       | 252/854 [00:09<00:21, 27.55it/s][A

 30%|██▉       | 255/854 [00:09<00:21, 27.51it/s][A

 30%|███       | 258/854 [00:09<00:21, 27.35it/s][A

 31%|███       | 261/854 [00:09<00:21, 27.36it/s][A

 31%|███       | 264/854 [00:09<00:21, 27.35it/s][A

 31%|███▏      | 267/854 [00:09<00:21, 27.49it/s][A

 32%|███▏      | 270/854 [00:09<00:21, 27.39it/s][A

 32%|███▏      | 273/854 [00:09<00:21, 27.44it/s][A

 32%|███▏      | 276/854 [00:10<00:21, 27.40it/s][A

 33%|███▎      | 279/854 [00:10<00:20, 27.39it/s][A

 33%|███▎      | 282/854 [00:10<00:20, 27.54it/s][A

 33%|███▎      | 285/854 [00:10<00:20, 27.65it/s][A

 34%|███▎      | 288/854 [00:10<00:20, 27.58it/s][A

 34%|███▍      | 291/854 [00:10<00:20, 27.55it/s][A

 34%|███▍      | 294/854 [00:10<00:20, 27.28it/s][A

 35%|███▍      | 297/854 [00:10<00:20, 27.27it/s][A

 35%|███▌      | 300/854 [00:10<00:20, 27.25it/s][A

 35%|███▌      | 303/854 [00:11<00:20, 27.41it/s][A

 36%|███▌      | 306/854 [00:11<00:19, 27.42it/s][A

 36%|███▌      | 309/854 [00:11<00:19, 27.42it/s][A

 37%|███▋      | 312/854 [00:11<00:19, 27.51it/s][A

 37%|███▋      | 315/854 [00:11<00:19, 27.66it/s][A

 37%|███▋      | 318/854 [00:11<00:19, 27.54it/s][A

 38%|███▊      | 321/854 [00:11<00:19, 27.54it/s][A

 38%|███▊      | 324/854 [00:11<00:19, 27.65it/s][A

 38%|███▊      | 327/854 [00:11<00:19, 27.69it/s][A

 39%|███▊      | 330/854 [00:12<00:19, 27.48it/s][A

 39%|███▉      | 333/854 [00:12<00:18, 27.55it/s][A

 39%|███▉      | 336/854 [00:12<00:18, 27.58it/s][A

 40%|███▉      | 339/854 [00:12<00:18, 27.55it/s][A

 40%|████      | 342/854 [00:12<00:18, 27.58it/s][A

 40%|████      | 345/854 [00:12<00:18, 27.43it/s][A

 41%|████      | 348/854 [00:12<00:18, 27.40it/s][A

 41%|████      | 351/854 [00:12<00:18, 27.33it/s][A

 41%|████▏     | 354/854 [00:12<00:18, 27.36it/s][A

 42%|████▏     | 357/854 [00:13<00:18, 27.39it/s][A

 42%|████▏     | 360/854 [00:13<00:18, 27.11it/s][A

 43%|████▎     | 363/854 [00:13<00:18, 27.04it/s][A

 43%|████▎     | 366/854 [00:13<00:18, 27.08it/s][A

 43%|████▎     | 369/854 [00:13<00:17, 27.03it/s][A

 44%|████▎     | 372/854 [00:13<00:17, 26.99it/s][A

 44%|████▍     | 375/854 [00:13<00:17, 27.14it/s][A

 44%|████▍     | 378/854 [00:13<00:17, 27.10it/s][A

 45%|████▍     | 381/854 [00:13<00:17, 27.25it/s][A

 45%|████▍     | 384/854 [00:14<00:17, 27.22it/s][A

 45%|████▌     | 387/854 [00:14<00:17, 27.32it/s][A

 46%|████▌     | 390/854 [00:14<00:16, 27.37it/s][A

 46%|████▌     | 393/854 [00:14<00:16, 27.53it/s][A

 46%|████▋     | 396/854 [00:14<00:16, 27.38it/s][A

 47%|████▋     | 399/854 [00:14<00:16, 27.22it/s][A

 47%|████▋     | 402/854 [00:14<00:16, 27.17it/s][A

 47%|████▋     | 405/854 [00:14<00:16, 27.33it/s][A

 48%|████▊     | 408/854 [00:14<00:16, 27.29it/s][A

 48%|████▊     | 411/854 [00:15<00:16, 27.27it/s][A

 48%|████▊     | 414/854 [00:15<00:16, 27.33it/s][A

 49%|████▉     | 417/854 [00:15<00:15, 27.33it/s][A

 49%|████▉     | 420/854 [00:15<00:15, 27.26it/s][A

 50%|████▉     | 423/854 [00:15<00:15, 27.38it/s][A

 50%|████▉     | 426/854 [00:15<00:15, 27.19it/s][A

 50%|█████     | 429/854 [00:15<00:15, 27.19it/s][A

 51%|█████     | 432/854 [00:15<00:15, 27.32it/s][A

 51%|█████     | 435/854 [00:15<00:15, 27.38it/s][A

 51%|█████▏    | 438/854 [00:16<00:15, 27.31it/s][A

 52%|█████▏    | 441/854 [00:16<00:15, 27.45it/s][A

 52%|█████▏    | 444/854 [00:16<00:14, 27.45it/s][A

 52%|█████▏    | 447/854 [00:16<00:14, 27.49it/s][A

 53%|█████▎    | 450/854 [00:16<00:14, 27.35it/s][A

 53%|█████▎    | 453/854 [00:16<00:14, 27.17it/s][A

 53%|█████▎    | 456/854 [00:16<00:14, 27.21it/s][A

 54%|█████▎    | 459/854 [00:16<00:14, 27.21it/s][A

 54%|█████▍    | 462/854 [00:16<00:14, 27.28it/s][A

 54%|█████▍    | 465/854 [00:16<00:14, 27.20it/s][A

 55%|█████▍    | 468/854 [00:17<00:14, 27.33it/s][A

 55%|█████▌    | 471/854 [00:17<00:13, 27.45it/s][A

 56%|█████▌    | 474/854 [00:17<00:13, 27.57it/s][A

 56%|█████▌    | 477/854 [00:17<00:13, 27.49it/s][A

 56%|█████▌    | 480/854 [00:17<00:13, 27.50it/s][A

 57%|█████▋    | 483/854 [00:17<00:13, 27.56it/s][A

 57%|█████▋    | 486/854 [00:17<00:13, 27.51it/s][A

 57%|█████▋    | 489/854 [00:17<00:13, 27.46it/s][A

 58%|█████▊    | 492/854 [00:17<00:13, 27.62it/s][A

 58%|█████▊    | 495/854 [00:18<00:12, 27.64it/s][A

 58%|█████▊    | 498/854 [00:18<00:12, 27.66it/s][A

 59%|█████▊    | 501/854 [00:18<00:12, 27.68it/s][A

 59%|█████▉    | 504/854 [00:18<00:12, 27.38it/s][A

 59%|█████▉    | 507/854 [00:18<00:12, 27.40it/s][A

 60%|█████▉    | 510/854 [00:18<00:12, 27.44it/s][A

 60%|██████    | 513/854 [00:18<00:12, 27.43it/s][A

 60%|██████    | 516/854 [00:18<00:12, 27.58it/s][A

 61%|██████    | 519/854 [00:18<00:12, 27.45it/s][A

 61%|██████    | 522/854 [00:19<00:12, 27.40it/s][A

 61%|██████▏   | 525/854 [00:19<00:12, 27.40it/s][A

 62%|██████▏   | 528/854 [00:19<00:11, 27.37it/s][A

 62%|██████▏   | 531/854 [00:19<00:11, 27.31it/s][A

 63%|██████▎   | 534/854 [00:19<00:11, 27.43it/s][A

 63%|██████▎   | 537/854 [00:19<00:11, 27.49it/s][A

 63%|██████▎   | 540/854 [00:19<00:11, 27.54it/s][A

 64%|██████▎   | 543/854 [00:19<00:11, 27.69it/s][A

 64%|██████▍   | 546/854 [00:19<00:11, 27.62it/s][A

 64%|██████▍   | 549/854 [00:20<00:11, 27.55it/s][A

 65%|██████▍   | 552/854 [00:20<00:10, 27.60it/s][A

 65%|██████▍   | 555/854 [00:20<00:10, 27.75it/s][A

 65%|██████▌   | 558/854 [00:20<00:10, 27.67it/s][A

 66%|██████▌   | 561/854 [00:20<00:10, 27.59it/s][A

 66%|██████▌   | 564/854 [00:20<00:10, 27.55it/s][A

 66%|██████▋   | 567/854 [00:20<00:10, 27.67it/s][A

 67%|██████▋   | 570/854 [00:20<00:10, 27.75it/s][A

 67%|██████▋   | 573/854 [00:20<00:10, 27.62it/s][A

 67%|██████▋   | 576/854 [00:21<00:10, 27.58it/s][A

 68%|██████▊   | 579/854 [00:21<00:10, 27.42it/s][A

 68%|██████▊   | 582/854 [00:21<00:09, 27.32it/s][A

 69%|██████▊   | 585/854 [00:21<00:09, 27.21it/s][A

 69%|██████▉   | 588/854 [00:21<00:09, 27.29it/s][A

 69%|██████▉   | 591/854 [00:21<00:09, 27.24it/s][A

 70%|██████▉   | 594/854 [00:21<00:09, 27.54it/s][A

 70%|██████▉   | 597/854 [00:21<00:09, 27.69it/s][A

 70%|███████   | 600/854 [00:21<00:09, 27.70it/s][A

 71%|███████   | 603/854 [00:22<00:09, 27.72it/s][A

 71%|███████   | 606/854 [00:22<00:08, 27.65it/s][A

 71%|███████▏  | 609/854 [00:22<00:08, 27.64it/s][A

 72%|███████▏  | 612/854 [00:22<00:08, 27.39it/s][A

 72%|███████▏  | 615/854 [00:22<00:08, 27.46it/s][A

 72%|███████▏  | 618/854 [00:22<00:08, 27.36it/s][A

 73%|███████▎  | 621/854 [00:22<00:08, 27.41it/s][A

 73%|███████▎  | 624/854 [00:22<00:08, 27.51it/s][A

 73%|███████▎  | 627/854 [00:22<00:08, 27.52it/s][A

 74%|███████▍  | 630/854 [00:22<00:08, 27.62it/s][A

 74%|███████▍  | 633/854 [00:23<00:07, 27.64it/s][A

 74%|███████▍  | 636/854 [00:23<00:07, 27.49it/s][A

 75%|███████▍  | 639/854 [00:23<00:07, 27.50it/s][A

 75%|███████▌  | 642/854 [00:23<00:07, 27.60it/s][A

 76%|███████▌  | 645/854 [00:23<00:07, 27.46it/s][A

 76%|███████▌  | 648/854 [00:23<00:07, 27.68it/s][A

 76%|███████▌  | 651/854 [00:23<00:07, 27.66it/s][A

 77%|███████▋  | 654/854 [00:23<00:07, 27.61it/s][A

 77%|███████▋  | 657/854 [00:23<00:07, 27.42it/s][A

 77%|███████▋  | 660/854 [00:24<00:07, 27.36it/s][A

 78%|███████▊  | 663/854 [00:24<00:06, 27.32it/s][A

 78%|███████▊  | 666/854 [00:24<00:06, 27.33it/s][A

 78%|███████▊  | 669/854 [00:24<00:06, 27.23it/s][A

 79%|███████▊  | 672/854 [00:24<00:06, 27.16it/s][A

 79%|███████▉  | 675/854 [00:24<00:06, 27.00it/s][A

 79%|███████▉  | 678/854 [00:24<00:06, 27.06it/s][A

 80%|███████▉  | 681/854 [00:24<00:06, 27.24it/s][A

 80%|████████  | 684/854 [00:24<00:06, 27.37it/s][A

 80%|████████  | 687/854 [00:25<00:06, 27.39it/s][A

 81%|████████  | 690/854 [00:25<00:05, 27.61it/s][A

 81%|████████  | 693/854 [00:25<00:05, 27.41it/s][A

 81%|████████▏ | 696/854 [00:25<00:05, 27.42it/s][A

 82%|████████▏ | 699/854 [00:25<00:05, 27.38it/s][A

 82%|████████▏ | 702/854 [00:25<00:05, 27.43it/s][A

 83%|████████▎ | 705/854 [00:25<00:05, 27.42it/s][A

 83%|████████▎ | 708/854 [00:25<00:05, 27.46it/s][A

 83%|████████▎ | 711/854 [00:25<00:05, 27.32it/s][A

 84%|████████▎ | 714/854 [00:26<00:05, 27.42it/s][A

 84%|████████▍ | 717/854 [00:26<00:04, 27.41it/s][A

 84%|████████▍ | 720/854 [00:26<00:04, 27.32it/s][A

 85%|████████▍ | 723/854 [00:26<00:04, 27.38it/s][A

 85%|████████▌ | 726/854 [00:26<00:04, 27.49it/s][A

 85%|████████▌ | 729/854 [00:26<00:04, 27.46it/s][A

 86%|████████▌ | 732/854 [00:26<00:04, 27.60it/s][A

 86%|████████▌ | 735/854 [00:26<00:04, 27.54it/s][A

 86%|████████▋ | 738/854 [00:26<00:04, 27.58it/s][A

 87%|████████▋ | 741/854 [00:27<00:04, 27.67it/s][A

 87%|████████▋ | 744/854 [00:27<00:03, 27.50it/s][A

 87%|████████▋ | 747/854 [00:27<00:03, 27.42it/s][A

 88%|████████▊ | 750/854 [00:27<00:03, 27.41it/s][A

 88%|████████▊ | 753/854 [00:27<00:03, 27.47it/s][A

 89%|████████▊ | 756/854 [00:27<00:03, 27.39it/s][A

 89%|████████▉ | 759/854 [00:27<00:03, 27.26it/s][A

 89%|████████▉ | 762/854 [00:27<00:03, 27.34it/s][A

 90%|████████▉ | 765/854 [00:27<00:03, 27.45it/s][A

 90%|████████▉ | 768/854 [00:28<00:03, 27.63it/s][A

 90%|█████████ | 771/854 [00:28<00:03, 27.43it/s][A

 91%|█████████ | 774/854 [00:28<00:02, 27.36it/s][A

 91%|█████████ | 777/854 [00:28<00:02, 27.23it/s][A

 91%|█████████▏| 780/854 [00:28<00:02, 27.33it/s][A

 92%|█████████▏| 783/854 [00:28<00:02, 27.19it/s][A

 92%|█████████▏| 786/854 [00:28<00:02, 27.29it/s][A

 92%|█████████▏| 789/854 [00:28<00:02, 27.34it/s][A

 93%|█████████▎| 792/854 [00:28<00:02, 27.36it/s][A

 93%|█████████▎| 795/854 [00:29<00:02, 27.36it/s][A

 93%|█████████▎| 798/854 [00:29<00:02, 27.38it/s][A

 94%|█████████▍| 801/854 [00:29<00:01, 27.35it/s][A

 94%|█████████▍| 804/854 [00:29<00:01, 27.48it/s][A

 94%|█████████▍| 807/854 [00:29<00:01, 27.48it/s][A

 95%|█████████▍| 810/854 [00:29<00:01, 27.71it/s][A

 95%|█████████▌| 813/854 [00:29<00:01, 27.61it/s][A

 96%|█████████▌| 816/854 [00:29<00:01, 27.50it/s][A

 96%|█████████▌| 819/854 [00:29<00:01, 27.37it/s][A

 96%|█████████▋| 822/854 [00:29<00:01, 27.32it/s][A

 97%|█████████▋| 825/854 [00:30<00:01, 27.36it/s][A

 97%|█████████▋| 828/854 [00:30<00:00, 27.41it/s][A

 97%|█████████▋| 831/854 [00:30<00:00, 27.27it/s][A

 98%|█████████▊| 834/854 [00:30<00:00, 27.34it/s][A

 98%|█████████▊| 837/854 [00:30<00:00, 27.35it/s][A

 98%|█████████▊| 840/854 [00:30<00:00, 27.46it/s][A

 99%|█████████▊| 843/854 [00:30<00:00, 27.43it/s][A

 99%|█████████▉| 846/854 [00:30<00:00, 27.46it/s][A

 99%|█████████▉| 849/854 [00:30<00:00, 27.54it/s][A

100%|█████████▉| 852/854 [00:31<00:00, 27.34it/s][A
100%|██████████| 854/854 [00:31<00:00, 27.41it/s]
2026-04-17 05:14:15,875 - INFO - There are 0 training samples and 256 validation samples


  0%|          | 0/256 [00:00<?, ?it/s][A2026-04-17 05:14:15,875 - INFO - ========= Example =========
2026-04-17 05:14:15,875 - INFO - Candidate: [0, 1, 2, 3, 4]
2026-04-17 05:14:15,875 - INFO - Correct candidate: 4
2026-04-17 05:14:15,884 - INFO - === Candidate 0 ===
2026-04-17 05:14:15,884 - INFO - <s>it turns out to be smarter and more diabolical than you could have guessed at the beginning. It was terrible
2026-04-17 05:14:15,884 - INFO - Log probabilities of the option tokens: tensor([-10.5547], dtype=torch.float16)
2026-04-17 05:14:15,891 - INFO - === Candidate 1 (without context)===
2026-04-17 05:14:15,892 - INFO - <s>it turns out to be smarter and more diabolical than you could have guessed at the beginning. It was bad
2026-04-17 05:14:15,892 - INFO - Log probabilities of the option tokens: tensor([-10.1953], dtype=torch.float16)
2026-04-17 05:14:15,899 - INFO - === Candidate 2 (without context)===
2026-04-17 05:14:15,899 - INFO - <s>it turns out to be smarter and more diabolical than you could have guessed at the beginning. It was okay
2026-04-17 05:14:15,899 - INFO - Log probabilities of the option tokens: tensor([-10.2969], dtype=torch.float16)
2026-04-17 05:14:15,907 - INFO - === Candidate 3 (without context)===
2026-04-17 05:14:15,907 - INFO - <s>it turns out to be smarter and more diabolical than you could have guessed at the beginning. It was good
2026-04-17 05:14:15,907 - INFO - Log probabilities of the option tokens: tensor([-7.8516], dtype=torch.float16)
2026-04-17 05:14:15,914 - INFO - === Candidate 4 (without context)===
2026-04-17 05:14:15,914 - INFO - <s>it turns out to be smarter and more diabolical than you could have guessed at the beginning. It was great
2026-04-17 05:14:15,915 - INFO - Log probabilities of the option tokens: tensor([-8.1484], dtype=torch.float16)
2026-04-17 05:14:15,915 - INFO - Prediction scores: [-10.5546875, -10.1953125, -10.296875, -7.8515625, -8.1484375]
2026-04-17 05:14:15,915 - INFO - ========= Example =========
2026-04-17 05:14:15,915 - INFO - Candidate: [0, 1, 2, 3, 4]
2026-04-17 05:14:15,915 - INFO - Correct candidate: 2
2026-04-17 05:14:15,923 - INFO - === Candidate 0 ===
2026-04-17 05:14:15,923 - INFO - <s>the combination of lightness and strictness in this instance gives italian for beginners an amiable aimlessness that keeps it from seeming predictably formulaic. It was terrible
2026-04-17 05:14:15,924 - INFO - Log probabilities of the option tokens: tensor([-11.3438], dtype=torch.float16)
2026-04-17 05:14:15,931 - INFO - === Candidate 1 (without context)===
2026-04-17 05:14:15,931 - INFO - <s>the combination of lightness and strictness in this instance gives italian for beginners an amiable aimlessness that keeps it from seeming predictably formulaic. It was bad
2026-04-17 05:14:15,931 - INFO - Log probabilities of the option tokens: tensor([-9.5547], dtype=torch.float16)
2026-04-17 05:14:15,939 - INFO - === Candidate 2 (without context)===
2026-04-17 05:14:15,939 - INFO - <s>the combination of lightness and strictness in this instance gives italian for beginners an amiable aimlessness that keeps it from seeming predictably formulaic. It was okay
2026-04-17 05:14:15,939 - INFO - Log probabilities of the option tokens: tensor([-10.3047], dtype=torch.float16)
2026-04-17 05:14:15,946 - INFO - === Candidate 3 (without context)===
2026-04-17 05:14:15,947 - INFO - <s>the combination of lightness and strictness in this instance gives italian for beginners an amiable aimlessness that keeps it from seeming predictably formulaic. It was good
2026-04-17 05:14:15,947 - INFO - Log probabilities of the option tokens: tensor([-7.3750], dtype=torch.float16)
2026-04-17 05:14:15,954 - INFO - === Candidate 4 (without context)===
2026-04-17 05:14:15,954 - INFO - <s>the combination of lightness and strictness in this instance gives italian for beginners an amiable aimlessness that keeps it from seeming predictably formulaic. It was great
2026-04-17 05:14:15,955 - INFO - Log probabilities of the option tokens: tensor([-8.3203], dtype=torch.float16)
2026-04-17 05:14:15,955 - INFO - Prediction scores: [-11.34375, -9.5546875, -10.3046875, -7.375, -8.3203125]
2026-04-17 05:14:15,955 - INFO - ========= Example =========
2026-04-17 05:14:15,955 - INFO - Candidate: [0, 1, 2, 3, 4]
2026-04-17 05:14:15,955 - INFO - Correct candidate: 0
2026-04-17 05:14:15,963 - INFO - === Candidate 0 ===
2026-04-17 05:14:15,963 - INFO - <s>-lrb- swimfan -rrb- falls victim to sloppy plotting, an insultingly unbelievable final act and a villainess who is too crazy to be interesting. It was terrible
2026-04-17 05:14:15,964 - INFO - Log probabilities of the option tokens: tensor([-11.2891], dtype=torch.float16)
2026-04-17 05:14:15,971 - INFO - === Candidate 1 (without context)===
2026-04-17 05:14:15,971 - INFO - <s>-lrb- swimfan -rrb- falls victim to sloppy plotting, an insultingly unbelievable final act and a villainess who is too crazy to be interesting. It was bad
2026-04-17 05:14:15,971 - INFO - Log probabilities of the option tokens: tensor([-9.7109], dtype=torch.float16)
2026-04-17 05:14:15,979 - INFO - === Candidate 2 (without context)===
2026-04-17 05:14:15,979 - INFO - <s>-lrb- swimfan -rrb- falls victim to sloppy plotting, an insultingly unbelievable final act and a villainess who is too crazy to be interesting. It was okay
2026-04-17 05:14:15,979 - INFO - Log probabilities of the option tokens: tensor([-10.9141], dtype=torch.float16)
2026-04-17 05:14:15,986 - INFO - === Candidate 3 (without context)===
2026-04-17 05:14:15,987 - INFO - <s>-lrb- swimfan -rrb- falls victim to sloppy plotting, an insultingly unbelievable final act and a villainess who is too crazy to be interesting. It was good
2026-04-17 05:14:15,987 - INFO - Log probabilities of the option tokens: tensor([-8.2109], dtype=torch.float16)
2026-04-17 05:14:15,994 - INFO - === Candidate 4 (without context)===
2026-04-17 05:14:15,994 - INFO - <s>-lrb- swimfan -rrb- falls victim to sloppy plotting, an insultingly unbelievable final act and a villainess who is too crazy to be interesting. It was great
2026-04-17 05:14:15,995 - INFO - Log probabilities of the option tokens: tensor([-8.7891], dtype=torch.float16)
2026-04-17 05:14:15,995 - INFO - Prediction scores: [-11.2890625, -9.7109375, -10.9140625, -8.2109375, -8.7890625]


  1%|          | 3/256 [00:00<00:10, 25.15it/s][A

  2%|▏         | 6/256 [00:00<00:09, 26.43it/s][A

  4%|▎         | 9/256 [00:00<00:09, 27.11it/s][A

  5%|▍         | 12/256 [00:00<00:08, 27.12it/s][A

  6%|▌         | 15/256 [00:00<00:08, 27.20it/s][A

  7%|▋         | 18/256 [00:00<00:08, 27.28it/s][A

  8%|▊         | 21/256 [00:00<00:08, 27.24it/s][A

  9%|▉         | 24/256 [00:00<00:08, 27.24it/s][A

 11%|█         | 27/256 [00:00<00:08, 27.18it/s][A

 12%|█▏        | 30/256 [00:01<00:08, 27.15it/s][A

 13%|█▎        | 33/256 [00:01<00:08, 27.36it/s][A

 14%|█▍        | 36/256 [00:01<00:08, 27.26it/s][A

 15%|█▌        | 39/256 [00:01<00:07, 27.25it/s][A

 16%|█▋        | 42/256 [00:01<00:07, 27.16it/s][A

 18%|█▊        | 45/256 [00:01<00:07, 27.29it/s][A

 19%|█▉        | 48/256 [00:01<00:07, 27.21it/s][A

 20%|█▉        | 51/256 [00:01<00:07, 27.08it/s][A

 21%|██        | 54/256 [00:01<00:07, 26.97it/s][A

 22%|██▏       | 57/256 [00:02<00:07, 27.11it/s][A

 23%|██▎       | 60/256 [00:02<00:07, 27.17it/s][A

 25%|██▍       | 63/256 [00:02<00:07, 27.08it/s][A

 26%|██▌       | 66/256 [00:02<00:07, 27.09it/s][A

 27%|██▋       | 69/256 [00:02<00:06, 26.97it/s][A

 28%|██▊       | 72/256 [00:02<00:06, 27.21it/s][A

 29%|██▉       | 75/256 [00:02<00:06, 27.29it/s][A

 30%|███       | 78/256 [00:02<00:06, 27.31it/s][A

 32%|███▏      | 81/256 [00:02<00:06, 27.32it/s][A

 33%|███▎      | 84/256 [00:03<00:06, 27.33it/s][A

 34%|███▍      | 87/256 [00:03<00:06, 27.24it/s][A

 35%|███▌      | 90/256 [00:03<00:06, 27.26it/s][A

 36%|███▋      | 93/256 [00:03<00:05, 27.27it/s][A

 38%|███▊      | 96/256 [00:03<00:05, 27.22it/s][A

 39%|███▊      | 99/256 [00:03<00:05, 27.24it/s][A

 40%|███▉      | 102/256 [00:03<00:05, 27.30it/s][A

 41%|████      | 105/256 [00:03<00:05, 27.29it/s][A

 42%|████▏     | 108/256 [00:03<00:05, 27.21it/s][A

 43%|████▎     | 111/256 [00:04<00:05, 27.09it/s][A

 45%|████▍     | 114/256 [00:04<00:05, 27.19it/s][A

 46%|████▌     | 117/256 [00:04<00:05, 27.31it/s][A

 47%|████▋     | 120/256 [00:04<00:04, 27.26it/s][A

 48%|████▊     | 123/256 [00:04<00:04, 27.34it/s][A

 49%|████▉     | 126/256 [00:04<00:04, 27.16it/s][A

 50%|█████     | 129/256 [00:04<00:04, 27.14it/s][A

 52%|█████▏    | 132/256 [00:04<00:04, 27.20it/s][A

 53%|█████▎    | 135/256 [00:04<00:04, 27.20it/s][A

 54%|█████▍    | 138/256 [00:05<00:04, 27.35it/s][A

 55%|█████▌    | 141/256 [00:05<00:04, 27.36it/s][A

 56%|█████▋    | 144/256 [00:05<00:04, 27.50it/s][A

 57%|█████▋    | 147/256 [00:05<00:03, 27.44it/s][A

 59%|█████▊    | 150/256 [00:05<00:03, 27.30it/s][A

 60%|█████▉    | 153/256 [00:05<00:03, 27.26it/s][A

 61%|██████    | 156/256 [00:05<00:03, 27.16it/s][A

 62%|██████▏   | 159/256 [00:05<00:03, 27.08it/s][A

 63%|██████▎   | 162/256 [00:05<00:03, 27.22it/s][A

 64%|██████▍   | 165/256 [00:06<00:03, 27.19it/s][A

 66%|██████▌   | 168/256 [00:06<00:03, 27.41it/s][A

 67%|██████▋   | 171/256 [00:06<00:03, 27.22it/s][A

 68%|██████▊   | 174/256 [00:06<00:03, 27.33it/s][A

 69%|██████▉   | 177/256 [00:06<00:02, 27.37it/s][A

 70%|███████   | 180/256 [00:06<00:02, 27.19it/s][A

 71%|███████▏  | 183/256 [00:06<00:02, 27.25it/s][A

 73%|███████▎  | 186/256 [00:06<00:02, 27.26it/s][A

 74%|███████▍  | 189/256 [00:06<00:02, 27.13it/s][A

 75%|███████▌  | 192/256 [00:07<00:02, 27.13it/s][A

 76%|███████▌  | 195/256 [00:07<00:02, 27.12it/s][A

 77%|███████▋  | 198/256 [00:07<00:02, 27.35it/s][A

 79%|███████▊  | 201/256 [00:07<00:02, 27.25it/s][A

 80%|███████▉  | 204/256 [00:07<00:01, 27.41it/s][A

 81%|████████  | 207/256 [00:07<00:01, 27.39it/s][A

 82%|████████▏ | 210/256 [00:07<00:01, 27.49it/s][A

 83%|████████▎ | 213/256 [00:07<00:01, 27.61it/s][A

 84%|████████▍ | 216/256 [00:07<00:01, 27.59it/s][A

 86%|████████▌ | 219/256 [00:08<00:01, 27.45it/s][A

 87%|████████▋ | 222/256 [00:08<00:01, 27.41it/s][A

 88%|████████▊ | 225/256 [00:08<00:01, 27.23it/s][A

 89%|████████▉ | 228/256 [00:08<00:01, 27.15it/s][A

 90%|█████████ | 231/256 [00:08<00:00, 27.35it/s][A

 91%|█████████▏| 234/256 [00:08<00:00, 27.28it/s][A

 93%|█████████▎| 237/256 [00:08<00:00, 27.17it/s][A

 94%|█████████▍| 240/256 [00:08<00:00, 27.14it/s][A

 95%|█████████▍| 243/256 [00:08<00:00, 27.15it/s][A

 96%|█████████▌| 246/256 [00:09<00:00, 27.21it/s][A

 97%|█████████▋| 249/256 [00:09<00:00, 27.17it/s][A

 98%|█████████▊| 252/256 [00:09<00:00, 27.32it/s][A

100%|█████████▉| 255/256 [00:09<00:00, 27.23it/s][A
100%|██████████| 256/256 [00:09<00:00, 27.24it/s]
2026-04-17 05:14:29,136 - INFO - [sparse-mezo] global_step=1000 active_fraction=0.256020 active_params=336860119/1315758080 configured_ratio=0.250000 mask_strategy=percentile_per_layer scope=trainable_only
2026-04-17 05:14:32,603 - INFO - [zo_probe] step=1000 eps=1.000e-06 precision=fp16 n=16 mae=7.372137e+02 mse=9.427657e+05 rmse=9.709612e+02 sign_acc=0.3125 corr=0.156760

 42%|████▏     | 1001/2405 [1:10:05<7:02:51, 18.07s/it]2026-04-17 05:14:36,636 - INFO - [sparse-mezo] global_step=1001 active_fraction=0.254056 active_params=334275934/1315758080 configured_ratio=0.250000 mask_strategy=percentile_per_layer scope=trainable_only

 42%|████▏     | 1002/2405 [1:10:09<5:24:11, 13.86s/it]2026-04-17 05:14:40,684 - INFO - [sparse-mezo] global_step=1002 active_fraction=0.254055 active_params=334275216/1315758080 configured_ratio=0.250000 mask_strategy=percentile_per_layer scope=trainable_only

 42%|████▏     | 1003/2405 [1:10:13<4:15:08, 10.92s/it]2026-04-17 05:14:44,743 - INFO - [sparse-mezo] global_step=1003 active_fraction=0.255172 active_params=335744146/1315758080 configured_ratio=0.250000 mask_strategy=percentile_per_layer scope=trainable_only

 42%|████▏     | 1004/2405 [1:10:17<3:26:50,  8.86s/it]2026-04-17 05:14:48,776 - INFO - [sparse-mezo] global_step=1004 active_fraction=0.252675 active_params=332459074/1315758080 configured_ratio=0.250000 mask_strategy=percentile_per_layer scope=trainable_only

 42%|████▏     | 1005/2405 [1:10:21<2:52:54,  7.41s/it]2026-04-17 05:14:52,825 - INFO - [sparse-mezo] global_step=1005 active_fraction=0.253421 active_params=333440707/1315758080 configured_ratio=0.250000 mask_strategy=percentile_per_layer scope=trainable_only

 42%|████▏     | 1006/2405 [1:10:25<2:29:14,  6.40s/it]2026-04-17 05:14:56,860 - INFO - [sparse-mezo] global_step=1006 active_fraction=0.256139 active_params=337016764/1315758080 configured_ratio=0.250000 mask_strategy=percentile_per_layer scope=trainable_only

 42%|████▏     | 1007/2405 [1:10:29<2:12:36,  5.69s/it]2026-04-17 05:15:00,896 - INFO - [sparse-mezo] global_step=1007 active_fraction=0.256138 active_params=337016027/1315758080 configured_ratio=0.250000 mask_strategy=percentile_per_layer scope=trainable_only

 42%|████▏     | 1008/2405 [1:10:33<2:01:02,  5.20s/it]2026-04-17 05:15:04,944 - INFO - [sparse-mezo] global_step=1008 active_fraction=0.252652 active_params=332429456/1315758080 configured_ratio=0.250000 mask_strategy=percentile_per_layer scope=trainable_only

 42%|████▏     | 1009/2405 [1:10:37<1:52:59,  4.86s/it]2026-04-17 05:15:09,012 - INFO - [sparse-mezo] global_step=1009 active_fraction=0.253744 active_params=333865717/1315758080 configured_ratio=0.250000 mask_strategy=percentile_per_layer scope=trainable_only

 42%|████▏     | 1010/2405 [1:10:41<1:47:24,  4.62s/it]2026-04-17 05:15:13,085 - INFO - [sparse-mezo] global_step=1010 active_fraction=0.253743 active_params=333864949/1315758080 configured_ratio=0.250000 mask_strategy=percentile_per_layer scope=trainable_only

 42%|████▏     | 1011/2405 [1:10:46<1:43:31,  4.46s/it]2026-04-17 05:15:17,145 - INFO - [sparse-mezo] global_step=1011 active_fraction=0.253039 active_params=332938153/1315758080 configured_ratio=0.250000 mask_strategy=percentile_per_layer scope=trainable_only

 42%|████▏     | 1012/2405 [1:10:50<1:40:33,  4.33s/it]2026-04-17 05:15:21,198 - INFO - [sparse-mezo] global_step=1012 active_fraction=0.254062 active_params=334284534/1315758080 configured_ratio=0.250000 mask_strategy=percentile_per_layer scope=trainable_only

 42%|████▏     | 1013/2405 [1:10:54<1:38:36,  4.25s/it]2026-04-17 05:15:25,256 - INFO - [sparse-mezo] global_step=1013 active_fraction=0.255153 active_params=335719927/1315758080 configured_ratio=0.250000 mask_strategy=percentile_per_layer scope=trainable_only

 42%|████▏     | 1014/2405 [1:10:58<1:37:12,  4.19s/it]2026-04-17 05:15:29,304 - INFO - [sparse-mezo] global_step=1014 active_fraction=0.257378 active_params=338647445/1315758080 configured_ratio=0.250000 mask_strategy=percentile_per_layer scope=trainable_only

 42%|████▏     | 1015/2405 [1:11:02<1:36:07,  4.15s/it]2026-04-17 05:15:33,354 - INFO - [sparse-mezo] global_step=1015 active_fraction=0.257378 active_params=338646726/1315758080 configured_ratio=0.250000 mask_strategy=percentile_per_layer scope=trainable_only

 42%|████▏     | 1016/2405 [1:11:06<1:35:22,  4.12s/it]2026-04-17 05:15:37,460 - INFO - [sparse-mezo] global_step=1016 active_fraction=0.256154 active_params=337036941/1315758080 configured_ratio=0.250000 mask_strategy=percentile_per_layer scope=trainable_only

 42%|████▏     | 1017/2405 [1:11:10<1:35:08,  4.11s/it]2026-04-17 05:15:41,556 - INFO - [sparse-mezo] global_step=1017 active_fraction=0.256154 active_params=337036405/1315758080 configured_ratio=0.250000 mask_strategy=percentile_per_layer scope=trainable_only

 42%|████▏     | 1018/2405 [1:11:14<1:34:57,  4.11s/it]2026-04-17 05:15:45,596 - INFO - [sparse-mezo] global_step=1018 active_fraction=0.255220 active_params=335807755/1315758080 configured_ratio=0.250000 mask_strategy=percentile_per_layer scope=trainable_only

 42%|████▏     | 1019/2405 [1:11:18<1:34:24,  4.09s/it]2026-04-17 05:15:49,635 - INFO - [sparse-mezo] global_step=1019 active_fraction=0.255219 active_params=335807031/1315758080 configured_ratio=0.250000 mask_strategy=percentile_per_layer scope=trainable_only

 42%|████▏     | 1020/2405 [1:11:22<1:34:05,  4.08s/it]2026-04-17 05:15:53,687 - INFO - [sparse-mezo] global_step=1020 active_fraction=0.255219 active_params=335806275/1315758080 configured_ratio=0.250000 mask_strategy=percentile_per_layer scope=trainable_only

 42%|████▏     | 1021/2405 [1:11:26<1:33:44,  4.06s/it]2026-04-17 05:15:57,713 - INFO - [sparse-mezo] global_step=1021 active_fraction=0.255998 active_params=336832094/1315758080 configured_ratio=0.250000 mask_strategy=percentile_per_layer scope=trainable_only

 42%|████▏     | 1022/2405 [1:11:30<1:33:36,  4.06s/it]2026-04-17 05:16:01,792 - INFO - [sparse-mezo] global_step=1022 active_fraction=0.255998 active_params=336831392/1315758080 configured_ratio=0.250000 mask_strategy=percentile_per_layer scope=trainable_only

 43%|████▎     | 1023/2405 [1:11:34<1:33:30,  4.06s/it]2026-04-17 05:16:05,848 - INFO - [sparse-mezo] global_step=1023 active_fraction=0.257727 active_params=339106433/1315758080 configured_ratio=0.250000 mask_strategy=percentile_per_layer scope=trainable_only

 43%|████▎     | 1024/2405 [1:11:38<1:33:24,  4.06s/it]2026-04-17 05:16:09,903 - INFO - [sparse-mezo] global_step=1024 active_fraction=0.254716 active_params=335144856/1315758080 configured_ratio=0.250000 mask_strategy=percentile_per_layer scope=trainable_only

 43%|████▎     | 1025/2405 [1:11:42<1:33:23,  4.06s/it]2026-04-17 05:16:13,952 - INFO - [sparse-mezo] global_step=1025 active_fraction=0.257361 active_params=338625275/1315758080 configured_ratio=0.250000 mask_strategy=percentile_per_layer scope=trainable_only

 43%|████▎     | 1026/2405 [1:11:46<1:33:21,  4.06s/it]2026-04-17 05:16:18,016 - INFO - [sparse-mezo] global_step=1026 active_fraction=0.257361 active_params=338624519/1315758080 configured_ratio=0.250000 mask_strategy=percentile_per_layer scope=trainable_only

 43%|████▎     | 1027/2405 [1:11:50<1:33:11,  4.06s/it]2026-04-17 05:16:22,066 - INFO - [sparse-mezo] global_step=1027 active_fraction=0.257360 active_params=338623825/1315758080 configured_ratio=0.250000 mask_strategy=percentile_per_layer scope=trainable_only

 43%|████▎     | 1028/2405 [1:11:54<1:33:07,  4.06s/it]2026-04-17 05:16:26,203 - INFO - [sparse-mezo] global_step=1028 active_fraction=0.255692 active_params=336428936/1315758080 configured_ratio=0.250000 mask_strategy=percentile_per_layer scope=trainable_only

 43%|████▎     | 1029/2405 [1:11:59<1:33:32,  4.08s/it]2026-04-17 05:16:30,420 - INFO - [sparse-mezo] global_step=1029 active_fraction=0.253321 active_params=333309306/1315758080 configured_ratio=0.250000 mask_strategy=percentile_per_layer scope=trainable_only

 43%|████▎     | 1030/2405 [1:12:03<1:34:22,  4.12s/it]2026-04-17 05:16:34,462 - INFO - [sparse-mezo] global_step=1030 active_fraction=0.254370 active_params=334689431/1315758080 configured_ratio=0.250000 mask_strategy=percentile_per_layer scope=trainable_only

 43%|████▎     | 1031/2405 [1:12:07<1:33:44,  4.09s/it]2026-04-17 05:16:38,512 - INFO - [sparse-mezo] global_step=1031 active_fraction=0.255327 active_params=335948323/1315758080 configured_ratio=0.250000 mask_strategy=percentile_per_layer scope=trainable_only

 43%|████▎     | 1032/2405 [1:12:11<1:33:24,  4.08s/it]2026-04-17 05:16:42,553 - INFO - [sparse-mezo] global_step=1032 active_fraction=0.254535 active_params=334906126/1315758080 configured_ratio=0.250000 mask_strategy=percentile_per_layer scope=trainable_only

 43%|████▎     | 1033/2405 [1:12:15<1:33:07,  4.07s/it]2026-04-17 05:16:46,618 - INFO - [sparse-mezo] global_step=1033 active_fraction=0.255401 active_params=336045775/1315758080 configured_ratio=0.250000 mask_strategy=percentile_per_layer scope=trainable_only

 43%|████▎     | 1034/2405 [1:12:19<1:33:04,  4.07s/it]2026-04-17 05:16:50,677 - INFO - [sparse-mezo] global_step=1034 active_fraction=0.254405 active_params=334735877/1315758080 configured_ratio=0.250000 mask_strategy=percentile_per_layer scope=trainable_only

 43%|████▎     | 1035/2405 [1:12:23<1:32:46,  4.06s/it]2026-04-17 05:16:54,728 - INFO - [sparse-mezo] global_step=1035 active_fraction=0.255353 active_params=335982359/1315758080 configured_ratio=0.250000 mask_strategy=percentile_per_layer scope=trainable_only

 43%|████▎     | 1036/2405 [1:12:27<1:32:34,  4.06s/it]2026-04-17 05:16:58,764 - INFO - [sparse-mezo] global_step=1036 active_fraction=0.257524 active_params=338838679/1315758080 configured_ratio=0.250000 mask_strategy=percentile_per_layer scope=trainable_only

 43%|████▎     | 1037/2405 [1:12:31<1:32:24,  4.05s/it]2026-04-17 05:17:02,806 - INFO - [sparse-mezo] global_step=1037 active_fraction=0.257523 active_params=338837910/1315758080 configured_ratio=0.250000 mask_strategy=percentile_per_layer scope=trainable_only

 43%|████▎     | 1038/2405 [1:12:35<1:32:19,  4.05s/it]2026-04-17 05:17:06,856 - INFO - [sparse-mezo] global_step=1038 active_fraction=0.257522 active_params=338837168/1315758080 configured_ratio=0.250000 mask_strategy=percentile_per_layer scope=trainable_only

 43%|████▎     | 1039/2405 [1:12:39<1:32:10,  4.05s/it]2026-04-17 05:17:11,022 - INFO - [sparse-mezo] global_step=1039 active_fraction=0.254492 active_params=334849593/1315758080 configured_ratio=0.250000 mask_strategy=percentile_per_layer scope=trainable_only

 43%|████▎     | 1040/2405 [1:12:43<1:32:58,  4.09s/it]2026-04-17 05:17:15,073 - INFO - [sparse-mezo] global_step=1040 active_fraction=0.254588 active_params=334976748/1315758080 configured_ratio=0.250000 mask_strategy=percentile_per_layer scope=trainable_only

 43%|████▎     | 1041/2405 [1:12:47<1:32:43,  4.08s/it]2026-04-17 05:17:19,144 - INFO - [sparse-mezo] global_step=1041 active_fraction=0.255643 active_params=336364099/1315758080 configured_ratio=0.250000 mask_strategy=percentile_per_layer scope=trainable_only

 43%|████▎     | 1042/2405 [1:12:52<1:32:28,  4.07s/it]2026-04-17 05:17:23,182 - INFO - [sparse-mezo] global_step=1042 active_fraction=0.254516 active_params=334882056/1315758080 configured_ratio=0.250000 mask_strategy=percentile_per_layer scope=trainable_only

 43%|████▎     | 1043/2405 [1:12:56<1:32:10,  4.06s/it]2026-04-17 05:17:27,221 - INFO - [sparse-mezo] global_step=1043 active_fraction=0.253679 active_params=333779628/1315758080 configured_ratio=0.250000 mask_strategy=percentile_per_layer scope=trainable_only

 43%|████▎     | 1044/2405 [1:13:00<1:31:58,  4.05s/it]2026-04-17 05:17:31,278 - INFO - [sparse-mezo] global_step=1044 active_fraction=0.254378 active_params=334699357/1315758080 configured_ratio=0.250000 mask_strategy=percentile_per_layer scope=trainable_only

 43%|████▎     | 1045/2405 [1:13:04<1:31:55,  4.06s/it]2026-04-17 05:17:35,331 - INFO - [sparse-mezo] global_step=1045 active_fraction=0.255879 active_params=336674236/1315758080 configured_ratio=0.250000 mask_strategy=percentile_per_layer scope=trainable_only

 43%|████▎     | 1046/2405 [1:13:08<1:31:49,  4.05s/it]2026-04-17 05:17:39,380 - INFO - [sparse-mezo] global_step=1046 active_fraction=0.255878 active_params=336673564/1315758080 configured_ratio=0.250000 mask_strategy=percentile_per_layer scope=trainable_only

 44%|████▎     | 1047/2405 [1:13:12<1:31:47,  4.06s/it]2026-04-17 05:17:43,449 - INFO - [sparse-mezo] global_step=1047 active_fraction=0.257171 active_params=338374862/1315758080 configured_ratio=0.250000 mask_strategy=percentile_per_layer scope=trainable_only

 44%|████▎     | 1048/2405 [1:13:16<1:31:44,  4.06s/it]2026-04-17 05:17:47,601 - INFO - [sparse-mezo] global_step=1048 active_fraction=0.255107 active_params=335659327/1315758080 configured_ratio=0.250000 mask_strategy=percentile_per_layer scope=trainable_only

 44%|████▎     | 1049/2405 [1:13:20<1:32:23,  4.09s/it]2026-04-17 05:17:51,813 - INFO - [sparse-mezo] global_step=1049 active_fraction=0.253007 active_params=332895792/1315758080 configured_ratio=0.250000 mask_strategy=percentile_per_layer scope=trainable_only

 44%|████▎     | 1050/2405 [1:13:24<1:33:05,  4.12s/it]2026-04-17 05:17:55,901 - INFO - [sparse-mezo] global_step=1050 active_fraction=0.255753 active_params=336509605/1315758080 configured_ratio=0.250000 mask_strategy=percentile_per_layer scope=trainable_only

 44%|████▎     | 1051/2405 [1:13:28<1:32:51,  4.11s/it]2026-04-17 05:18:00,026 - INFO - [sparse-mezo] global_step=1051 active_fraction=0.255524 active_params=336207953/1315758080 configured_ratio=0.250000 mask_strategy=percentile_per_layer scope=trainable_only

 44%|████▎     | 1052/2405 [1:13:32<1:32:45,  4.11s/it]2026-04-17 05:18:04,137 - INFO - [sparse-mezo] global_step=1052 active_fraction=0.255524 active_params=336207372/1315758080 configured_ratio=0.250000 mask_strategy=percentile_per_layer scope=trainable_only

 44%|████▍     | 1053/2405 [1:13:37<1:32:46,  4.12s/it]2026-04-17 05:18:08,334 - INFO - [sparse-mezo] global_step=1053 active_fraction=0.254517 active_params=334883426/1315758080 configured_ratio=0.250000 mask_strategy=percentile_per_layer scope=trainable_only

 44%|████▍     | 1054/2405 [1:13:41<1:33:11,  4.14s/it]2026-04-17 05:18:12,477 - INFO - [sparse-mezo] global_step=1054 active_fraction=0.254133 active_params=334377739/1315758080 configured_ratio=0.250000 mask_strategy=percentile_per_layer scope=trainable_only

 44%|████▍     | 1055/2405 [1:13:45<1:33:08,  4.14s/it]2026-04-17 05:18:16,624 - INFO - [sparse-mezo] global_step=1055 active_fraction=0.254133 active_params=334377244/1315758080 configured_ratio=0.250000 mask_strategy=percentile_per_layer scope=trainable_only

 44%|████▍     | 1056/2405 [1:13:49<1:33:07,  4.14s/it]2026-04-17 05:18:20,666 - INFO - [sparse-mezo] global_step=1056 active_fraction=0.254873 active_params=335351854/1315758080 configured_ratio=0.250000 mask_strategy=percentile_per_layer scope=trainable_only

 44%|████▍     | 1057/2405 [1:13:53<1:32:22,  4.11s/it]2026-04-17 05:18:24,703 - INFO - [sparse-mezo] global_step=1057 active_fraction=0.254873 active_params=335351188/1315758080 configured_ratio=0.250000 mask_strategy=percentile_per_layer scope=trainable_only

 44%|████▍     | 1058/2405 [1:13:57<1:31:52,  4.09s/it]2026-04-17 05:18:28,756 - INFO - [sparse-mezo] global_step=1058 active_fraction=0.254872 active_params=335350464/1315758080 configured_ratio=0.250000 mask_strategy=percentile_per_layer scope=trainable_only

 44%|████▍     | 1059/2405 [1:14:01<1:31:28,  4.08s/it]2026-04-17 05:18:32,808 - INFO - [sparse-mezo] global_step=1059 active_fraction=0.255613 active_params=336325399/1315758080 configured_ratio=0.250000 mask_strategy=percentile_per_layer scope=trainable_only

 44%|████▍     | 1060/2405 [1:14:05<1:31:18,  4.07s/it]2026-04-17 05:18:36,921 - INFO - [sparse-mezo] global_step=1060 active_fraction=0.255729 active_params=336476863/1315758080 configured_ratio=0.250000 mask_strategy=percentile_per_layer scope=trainable_only

 44%|████▍     | 1061/2405 [1:14:09<1:31:26,  4.08s/it]2026-04-17 05:18:41,027 - INFO - [sparse-mezo] global_step=1061 active_fraction=0.255728 active_params=336476294/1315758080 configured_ratio=0.250000 mask_strategy=percentile_per_layer scope=trainable_only

 44%|████▍     | 1062/2405 [1:14:13<1:31:31,  4.09s/it]2026-04-17 05:18:45,130 - INFO - [sparse-mezo] global_step=1062 active_fraction=0.255728 active_params=336475698/1315758080 configured_ratio=0.250000 mask_strategy=percentile_per_layer scope=trainable_only

 44%|████▍     | 1063/2405 [1:14:18<1:31:33,  4.09s/it]2026-04-17 05:18:49,235 - INFO - [sparse-mezo] global_step=1063 active_fraction=0.255727 active_params=336475097/1315758080 configured_ratio=0.250000 mask_strategy=percentile_per_layer scope=trainable_only

 44%|████▍     | 1064/2405 [1:14:22<1:31:33,  4.10s/it]2026-04-17 05:18:53,275 - INFO - [sparse-mezo] global_step=1064 active_fraction=0.254903 active_params=335390130/1315758080 configured_ratio=0.250000 mask_strategy=percentile_per_layer scope=trainable_only

 44%|████▍     | 1065/2405 [1:14:26<1:31:14,  4.09s/it]2026-04-17 05:18:57,336 - INFO - [sparse-mezo] global_step=1065 active_fraction=0.254902 active_params=335389457/1315758080 configured_ratio=0.250000 mask_strategy=percentile_per_layer scope=trainable_only

 44%|████▍     | 1066/2405 [1:14:30<1:30:50,  4.07s/it]2026-04-17 05:19:01,372 - INFO - [sparse-mezo] global_step=1066 active_fraction=0.254178 active_params=334436947/1315758080 configured_ratio=0.250000 mask_strategy=percentile_per_layer scope=trainable_only

 44%|████▍     | 1067/2405 [1:14:34<1:30:34,  4.06s/it]2026-04-17 05:19:05,412 - INFO - [sparse-mezo] global_step=1067 active_fraction=0.254178 active_params=334436168/1315758080 configured_ratio=0.250000 mask_strategy=percentile_per_layer scope=trainable_only

 44%|████▍     | 1068/2405 [1:14:38<1:30:29,  4.06s/it]2026-04-17 05:19:09,491 - INFO - [sparse-mezo] global_step=1068 active_fraction=0.252231 active_params=331874900/1315758080 configured_ratio=0.250000 mask_strategy=percentile_per_layer scope=trainable_only

 44%|████▍     | 1069/2405 [1:14:42<1:30:29,  4.06s/it]2026-04-17 05:19:13,561 - INFO - [sparse-mezo] global_step=1069 active_fraction=0.252230 active_params=331874220/1315758080 configured_ratio=0.250000 mask_strategy=percentile_per_layer scope=trainable_only

 44%|████▍     | 1070/2405 [1:14:46<1:30:23,  4.06s/it]2026-04-17 05:19:17,599 - INFO - [sparse-mezo] global_step=1070 active_fraction=0.255070 active_params=335610618/1315758080 configured_ratio=0.250000 mask_strategy=percentile_per_layer scope=trainable_only

 45%|████▍     | 1071/2405 [1:14:50<1:30:09,  4.06s/it]2026-04-17 05:19:21,648 - INFO - [sparse-mezo] global_step=1071 active_fraction=0.255391 active_params=336032295/1315758080 configured_ratio=0.250000 mask_strategy=percentile_per_layer scope=trainable_only

 45%|████▍     | 1072/2405 [1:14:54<1:30:07,  4.06s/it]2026-04-17 05:19:25,700 - INFO - [sparse-mezo] global_step=1072 active_fraction=0.252752 active_params=332560157/1315758080 configured_ratio=0.250000 mask_strategy=percentile_per_layer scope=trainable_only

 45%|████▍     | 1073/2405 [1:14:58<1:29:57,  4.05s/it]2026-04-17 05:19:29,740 - INFO - [sparse-mezo] global_step=1073 active_fraction=0.254089 active_params=334319145/1315758080 configured_ratio=0.250000 mask_strategy=percentile_per_layer scope=trainable_only

 45%|████▍     | 1074/2405 [1:15:02<1:29:48,  4.05s/it]2026-04-17 05:19:33,794 - INFO - [sparse-mezo] global_step=1074 active_fraction=0.253620 active_params=333702993/1315758080 configured_ratio=0.250000 mask_strategy=percentile_per_layer scope=trainable_only

 45%|████▍     | 1075/2405 [1:15:06<1:29:47,  4.05s/it]2026-04-17 05:19:37,847 - INFO - [sparse-mezo] global_step=1075 active_fraction=0.253620 active_params=333702326/1315758080 configured_ratio=0.250000 mask_strategy=percentile_per_layer scope=trainable_only

 45%|████▍     | 1076/2405 [1:15:10<1:29:47,  4.05s/it]2026-04-17 05:19:41,895 - INFO - [sparse-mezo] global_step=1076 active_fraction=0.255754 active_params=336510655/1315758080 configured_ratio=0.250000 mask_strategy=percentile_per_layer scope=trainable_only

 45%|████▍     | 1077/2405 [1:15:14<1:29:37,  4.05s/it]2026-04-17 05:19:45,952 - INFO - [sparse-mezo] global_step=1077 active_fraction=0.252634 active_params=332404709/1315758080 configured_ratio=0.250000 mask_strategy=percentile_per_layer scope=trainable_only

 45%|████▍     | 1078/2405 [1:15:18<1:29:44,  4.06s/it]2026-04-17 05:19:50,012 - INFO - [sparse-mezo] global_step=1078 active_fraction=0.255286 active_params=335894447/1315758080 configured_ratio=0.250000 mask_strategy=percentile_per_layer scope=trainable_only

 45%|████▍     | 1079/2405 [1:15:22<1:29:37,  4.06s/it]2026-04-17 05:19:54,063 - INFO - [sparse-mezo] global_step=1079 active_fraction=0.255285 active_params=335893716/1315758080 configured_ratio=0.250000 mask_strategy=percentile_per_layer scope=trainable_only

 45%|████▍     | 1080/2405 [1:15:26<1:29:31,  4.05s/it]2026-04-17 05:19:58,113 - INFO - [sparse-mezo] global_step=1080 active_fraction=0.255285 active_params=335892997/1315758080 configured_ratio=0.250000 mask_strategy=percentile_per_layer scope=trainable_only

 45%|████▍     | 1081/2405 [1:15:31<1:29:21,  4.05s/it]2026-04-17 05:20:02,166 - INFO - [sparse-mezo] global_step=1081 active_fraction=0.255349 active_params=335977149/1315758080 configured_ratio=0.250000 mask_strategy=percentile_per_layer scope=trainable_only

 45%|████▍     | 1082/2405 [1:15:35<1:29:19,  4.05s/it]2026-04-17 05:20:06,218 - INFO - [sparse-mezo] global_step=1082 active_fraction=0.256535 active_params=337538304/1315758080 configured_ratio=0.250000 mask_strategy=percentile_per_layer scope=trainable_only

 45%|████▌     | 1083/2405 [1:15:39<1:29:23,  4.06s/it]2026-04-17 05:20:10,293 - INFO - [sparse-mezo] global_step=1083 active_fraction=0.256535 active_params=337537630/1315758080 configured_ratio=0.250000 mask_strategy=percentile_per_layer scope=trainable_only

 45%|████▌     | 1084/2405 [1:15:43<1:29:18,  4.06s/it]2026-04-17 05:20:14,341 - INFO - [sparse-mezo] global_step=1084 active_fraction=0.256534 active_params=337536947/1315758080 configured_ratio=0.250000 mask_strategy=percentile_per_layer scope=trainable_only

 45%|████▌     | 1085/2405 [1:15:47<1:29:11,  4.05s/it]2026-04-17 05:20:18,372 - INFO - [sparse-mezo] global_step=1085 active_fraction=0.256534 active_params=337536234/1315758080 configured_ratio=0.250000 mask_strategy=percentile_per_layer scope=trainable_only

 45%|████▌     | 1086/2405 [1:15:51<1:28:55,  4.05s/it]2026-04-17 05:20:22,463 - INFO - [sparse-mezo] global_step=1086 active_fraction=0.256357 active_params=337304253/1315758080 configured_ratio=0.250000 mask_strategy=percentile_per_layer scope=trainable_only

 45%|████▌     | 1087/2405 [1:15:55<1:29:09,  4.06s/it]2026-04-17 05:20:26,569 - INFO - [sparse-mezo] global_step=1087 active_fraction=0.256331 active_params=337269002/1315758080 configured_ratio=0.250000 mask_strategy=percentile_per_layer scope=trainable_only

 45%|████▌     | 1088/2405 [1:15:59<1:29:30,  4.08s/it]2026-04-17 05:20:30,753 - INFO - [sparse-mezo] global_step=1088 active_fraction=0.253756 active_params=333881927/1315758080 configured_ratio=0.250000 mask_strategy=percentile_per_layer scope=trainable_only

 45%|████▌     | 1089/2405 [1:16:03<1:30:02,  4.10s/it]2026-04-17 05:20:34,768 - INFO - [sparse-mezo] global_step=1089 active_fraction=0.254176 active_params=334434520/1315758080 configured_ratio=0.250000 mask_strategy=percentile_per_layer scope=trainable_only

 45%|████▌     | 1090/2405 [1:16:07<1:29:24,  4.08s/it]2026-04-17 05:20:38,806 - INFO - [sparse-mezo] global_step=1090 active_fraction=0.254176 active_params=334433781/1315758080 configured_ratio=0.250000 mask_strategy=percentile_per_layer scope=trainable_only

 45%|████▌     | 1091/2405 [1:16:11<1:29:11,  4.07s/it]2026-04-17 05:20:42,867 - INFO - [sparse-mezo] global_step=1091 active_fraction=0.254175 active_params=334433030/1315758080 configured_ratio=0.250000 mask_strategy=percentile_per_layer scope=trainable_only

 45%|████▌     | 1092/2405 [1:16:15<1:28:55,  4.06s/it]2026-04-17 05:20:46,908 - INFO - [sparse-mezo] global_step=1092 active_fraction=0.254175 active_params=334432328/1315758080 configured_ratio=0.250000 mask_strategy=percentile_per_layer scope=trainable_only

 45%|████▌     | 1093/2405 [1:16:19<1:28:42,  4.06s/it]2026-04-17 05:20:50,964 - INFO - [sparse-mezo] global_step=1093 active_fraction=0.255043 active_params=335575499/1315758080 configured_ratio=0.250000 mask_strategy=percentile_per_layer scope=trainable_only

 45%|████▌     | 1094/2405 [1:16:23<1:28:41,  4.06s/it]2026-04-17 05:20:55,012 - INFO - [sparse-mezo] global_step=1094 active_fraction=0.254016 active_params=334223568/1315758080 configured_ratio=0.250000 mask_strategy=percentile_per_layer scope=trainable_only

 46%|████▌     | 1095/2405 [1:16:27<1:28:32,  4.06s/it]2026-04-17 05:20:59,061 - INFO - [sparse-mezo] global_step=1095 active_fraction=0.253149 active_params=333083163/1315758080 configured_ratio=0.250000 mask_strategy=percentile_per_layer scope=trainable_only

 46%|████▌     | 1096/2405 [1:16:31<1:28:30,  4.06s/it]2026-04-17 05:21:03,136 - INFO - [sparse-mezo] global_step=1096 active_fraction=0.253875 active_params=334037766/1315758080 configured_ratio=0.250000 mask_strategy=percentile_per_layer scope=trainable_only

 46%|████▌     | 1097/2405 [1:16:36<1:28:29,  4.06s/it]2026-04-17 05:21:07,195 - INFO - [sparse-mezo] global_step=1097 active_fraction=0.255285 active_params=335893120/1315758080 configured_ratio=0.250000 mask_strategy=percentile_per_layer scope=trainable_only

 46%|████▌     | 1098/2405 [1:16:40<1:28:25,  4.06s/it]2026-04-17 05:21:11,255 - INFO - [sparse-mezo] global_step=1098 active_fraction=0.255284 active_params=335892404/1315758080 configured_ratio=0.250000 mask_strategy=percentile_per_layer scope=trainable_only

 46%|████▌     | 1099/2405 [1:16:44<1:28:21,  4.06s/it]2026-04-17 05:21:15,310 - INFO - [sparse-mezo] global_step=1099 active_fraction=0.256974 active_params=338115258/1315758080 configured_ratio=0.250000 mask_strategy=percentile_per_layer scope=trainable_only

 46%|████▌     | 1100/2405 [1:16:48<1:28:15,  4.06s/it]2026-04-17 05:21:19,437 - INFO - [sparse-mezo] global_step=1100 active_fraction=0.255619 active_params=336333228/1315758080 configured_ratio=0.250000 mask_strategy=percentile_per_layer scope=trainable_only
2026-04-17 05:21:23,519 - INFO - [zo_probe] step=1100 eps=1.000e-06 precision=fp16 n=16 mae=8.119728e+02 mse=1.139026e+06 rmse=1.067251e+03 sign_acc=0.2500 corr=-0.133048

 46%|████▌     | 1101/2405 [1:16:56<1:55:15,  5.30s/it]2026-04-17 05:21:27,569 - INFO - [sparse-mezo] global_step=1101 active_fraction=0.253222 active_params=333178877/1315758080 configured_ratio=0.250000 mask_strategy=percentile_per_layer scope=trainable_only

 46%|████▌     | 1102/2405 [1:17:00<1:46:56,  4.92s/it]2026-04-17 05:21:31,607 - INFO - [sparse-mezo] global_step=1102 active_fraction=0.254560 active_params=334939125/1315758080 configured_ratio=0.250000 mask_strategy=percentile_per_layer scope=trainable_only

 46%|████▌     | 1103/2405 [1:17:04<1:41:05,  4.66s/it]2026-04-17 05:21:35,659 - INFO - [sparse-mezo] global_step=1103 active_fraction=0.254733 active_params=335166722/1315758080 configured_ratio=0.250000 mask_strategy=percentile_per_layer scope=trainable_only

 46%|████▌     | 1104/2405 [1:17:08<1:37:04,  4.48s/it]2026-04-17 05:21:39,692 - INFO - [sparse-mezo] global_step=1104 active_fraction=0.254732 active_params=335166026/1315758080 configured_ratio=0.250000 mask_strategy=percentile_per_layer scope=trainable_only

 46%|████▌     | 1105/2405 [1:17:12<1:34:06,  4.34s/it]2026-04-17 05:21:43,738 - INFO - [sparse-mezo] global_step=1105 active_fraction=0.255940 active_params=336755084/1315758080 configured_ratio=0.250000 mask_strategy=percentile_per_layer scope=trainable_only

 46%|████▌     | 1106/2405 [1:17:16<1:32:04,  4.25s/it]2026-04-17 05:21:47,776 - INFO - [sparse-mezo] global_step=1106 active_fraction=0.257520 active_params=338833916/1315758080 configured_ratio=0.250000 mask_strategy=percentile_per_layer scope=trainable_only

 46%|████▌     | 1107/2405 [1:17:20<1:30:42,  4.19s/it]2026-04-17 05:21:51,934 - INFO - [sparse-mezo] global_step=1107 active_fraction=0.255307 active_params=335921599/1315758080 configured_ratio=0.250000 mask_strategy=percentile_per_layer scope=trainable_only

 46%|████▌     | 1108/2405 [1:17:24<1:30:20,  4.18s/it]2026-04-17 05:21:56,153 - INFO - [sparse-mezo] global_step=1108 active_fraction=0.253507 active_params=333554190/1315758080 configured_ratio=0.250000 mask_strategy=percentile_per_layer scope=trainable_only

 46%|████▌     | 1109/2405 [1:17:29<1:30:35,  4.19s/it]2026-04-17 05:22:00,248 - INFO - [sparse-mezo] global_step=1109 active_fraction=0.255114 active_params=335667855/1315758080 configured_ratio=0.250000 mask_strategy=percentile_per_layer scope=trainable_only

 46%|████▌     | 1110/2405 [1:17:33<1:29:56,  4.17s/it]2026-04-17 05:22:04,305 - INFO - [sparse-mezo] global_step=1110 active_fraction=0.254986 active_params=335500174/1315758080 configured_ratio=0.250000 mask_strategy=percentile_per_layer scope=trainable_only

 46%|████▌     | 1111/2405 [1:17:37<1:29:05,  4.13s/it]2026-04-17 05:22:08,376 - INFO - [sparse-mezo] global_step=1111 active_fraction=0.252867 active_params=332712272/1315758080 configured_ratio=0.250000 mask_strategy=percentile_per_layer scope=trainable_only

 46%|████▌     | 1112/2405 [1:17:41<1:28:32,  4.11s/it]2026-04-17 05:22:12,413 - INFO - [sparse-mezo] global_step=1112 active_fraction=0.255482 active_params=336152479/1315758080 configured_ratio=0.250000 mask_strategy=percentile_per_layer scope=trainable_only

 46%|████▋     | 1113/2405 [1:17:45<1:28:06,  4.09s/it]2026-04-17 05:22:16,466 - INFO - [sparse-mezo] global_step=1113 active_fraction=0.255481 active_params=336151775/1315758080 configured_ratio=0.250000 mask_strategy=percentile_per_layer scope=trainable_only

 46%|████▋     | 1114/2405 [1:17:49<1:27:41,  4.08s/it]2026-04-17 05:22:20,527 - INFO - [sparse-mezo] global_step=1114 active_fraction=0.253063 active_params=332970087/1315758080 configured_ratio=0.250000 mask_strategy=percentile_per_layer scope=trainable_only

 46%|████▋     | 1115/2405 [1:17:53<1:27:37,  4.08s/it]2026-04-17 05:22:24,577 - INFO - [sparse-mezo] global_step=1115 active_fraction=0.255650 active_params=336374185/1315758080 configured_ratio=0.250000 mask_strategy=percentile_per_layer scope=trainable_only

 46%|████▋     | 1116/2405 [1:17:57<1:27:23,  4.07s/it]2026-04-17 05:22:28,626 - INFO - [sparse-mezo] global_step=1116 active_fraction=0.253586 active_params=333657794/1315758080 configured_ratio=0.250000 mask_strategy=percentile_per_layer scope=trainable_only

 46%|████▋     | 1117/2405 [1:18:01<1:27:08,  4.06s/it]2026-04-17 05:22:32,666 - INFO - [sparse-mezo] global_step=1117 active_fraction=0.253585 active_params=333657116/1315758080 configured_ratio=0.250000 mask_strategy=percentile_per_layer scope=trainable_only

 46%|████▋     | 1118/2405 [1:18:05<1:26:57,  4.05s/it]2026-04-17 05:22:36,714 - INFO - [sparse-mezo] global_step=1118 active_fraction=0.253385 active_params=333393971/1315758080 configured_ratio=0.250000 mask_strategy=percentile_per_layer scope=trainable_only

 47%|████▋     | 1119/2405 [1:18:09<1:26:54,  4.05s/it]2026-04-17 05:22:40,779 - INFO - [sparse-mezo] global_step=1119 active_fraction=0.253385 active_params=333393337/1315758080 configured_ratio=0.250000 mask_strategy=percentile_per_layer scope=trainable_only

 47%|████▋     | 1120/2405 [1:18:13<1:26:50,  4.06s/it]2026-04-17 05:22:44,832 - INFO - [sparse-mezo] global_step=1120 active_fraction=0.253384 active_params=333392694/1315758080 configured_ratio=0.250000 mask_strategy=percentile_per_layer scope=trainable_only

 47%|████▋     | 1121/2405 [1:18:17<1:26:53,  4.06s/it]2026-04-17 05:22:48,905 - INFO - [sparse-mezo] global_step=1121 active_fraction=0.254547 active_params=334921979/1315758080 configured_ratio=0.250000 mask_strategy=percentile_per_layer scope=trainable_only

 47%|████▋     | 1122/2405 [1:18:21<1:26:50,  4.06s/it]2026-04-17 05:22:52,969 - INFO - [sparse-mezo] global_step=1122 active_fraction=0.254546 active_params=334921269/1315758080 configured_ratio=0.250000 mask_strategy=percentile_per_layer scope=trainable_only

 47%|████▋     | 1123/2405 [1:18:25<1:26:44,  4.06s/it]2026-04-17 05:22:57,023 - INFO - [sparse-mezo] global_step=1123 active_fraction=0.254546 active_params=334920623/1315758080 configured_ratio=0.250000 mask_strategy=percentile_per_layer scope=trainable_only

 47%|████▋     | 1124/2405 [1:18:29<1:26:41,  4.06s/it]2026-04-17 05:23:01,076 - INFO - [sparse-mezo] global_step=1124 active_fraction=0.256401 active_params=337362295/1315758080 configured_ratio=0.250000 mask_strategy=percentile_per_layer scope=trainable_only

 47%|████▋     | 1125/2405 [1:18:33<1:26:34,  4.06s/it]2026-04-17 05:23:05,269 - INFO - [sparse-mezo] global_step=1125 active_fraction=0.256054 active_params=336905724/1315758080 configured_ratio=0.250000 mask_strategy=percentile_per_layer scope=trainable_only

 47%|████▋     | 1126/2405 [1:18:38<1:27:18,  4.10s/it]2026-04-17 05:23:09,358 - INFO - [sparse-mezo] global_step=1126 active_fraction=0.256169 active_params=337056816/1315758080 configured_ratio=0.250000 mask_strategy=percentile_per_layer scope=trainable_only

 47%|████▋     | 1127/2405 [1:18:42<1:27:15,  4.10s/it]2026-04-17 05:23:13,566 - INFO - [sparse-mezo] global_step=1127 active_fraction=0.254290 active_params=334584430/1315758080 configured_ratio=0.250000 mask_strategy=percentile_per_layer scope=trainable_only

 47%|████▋     | 1128/2405 [1:18:46<1:27:48,  4.13s/it]2026-04-17 05:23:17,619 - INFO - [sparse-mezo] global_step=1128 active_fraction=0.253076 active_params=332986816/1315758080 configured_ratio=0.250000 mask_strategy=percentile_per_layer scope=trainable_only

 47%|████▋     | 1129/2405 [1:18:50<1:27:21,  4.11s/it]2026-04-17 05:23:21,687 - INFO - [sparse-mezo] global_step=1129 active_fraction=0.253076 active_params=332986139/1315758080 configured_ratio=0.250000 mask_strategy=percentile_per_layer scope=trainable_only

 47%|████▋     | 1130/2405 [1:18:54<1:27:02,  4.10s/it]2026-04-17 05:23:25,737 - INFO - [sparse-mezo] global_step=1130 active_fraction=0.256022 active_params=336863224/1315758080 configured_ratio=0.250000 mask_strategy=percentile_per_layer scope=trainable_only

 47%|████▋     | 1131/2405 [1:18:58<1:26:35,  4.08s/it]2026-04-17 05:23:29,819 - INFO - [sparse-mezo] global_step=1131 active_fraction=0.255208 active_params=335792561/1315758080 configured_ratio=0.250000 mask_strategy=percentile_per_layer scope=trainable_only

 47%|████▋     | 1132/2405 [1:19:02<1:26:41,  4.09s/it]2026-04-17 05:23:33,879 - INFO - [sparse-mezo] global_step=1132 active_fraction=0.254822 active_params=335283707/1315758080 configured_ratio=0.250000 mask_strategy=percentile_per_layer scope=trainable_only

 47%|████▋     | 1133/2405 [1:19:06<1:26:18,  4.07s/it]2026-04-17 05:23:37,914 - INFO - [sparse-mezo] global_step=1133 active_fraction=0.254821 active_params=335283004/1315758080 configured_ratio=0.250000 mask_strategy=percentile_per_layer scope=trainable_only

 47%|████▋     | 1134/2405 [1:19:10<1:26:06,  4.07s/it]2026-04-17 05:23:41,968 - INFO - [sparse-mezo] global_step=1134 active_fraction=0.254821 active_params=335282308/1315758080 configured_ratio=0.250000 mask_strategy=percentile_per_layer scope=trainable_only

 47%|████▋     | 1135/2405 [1:19:14<1:25:54,  4.06s/it]2026-04-17 05:23:46,029 - INFO - [sparse-mezo] global_step=1135 active_fraction=0.252609 active_params=332372507/1315758080 configured_ratio=0.250000 mask_strategy=percentile_per_layer scope=trainable_only

 47%|████▋     | 1136/2405 [1:19:18<1:25:54,  4.06s/it]2026-04-17 05:23:50,101 - INFO - [sparse-mezo] global_step=1136 active_fraction=0.252609 active_params=332371805/1315758080 configured_ratio=0.250000 mask_strategy=percentile_per_layer scope=trainable_only

 47%|████▋     | 1137/2405 [1:19:23<1:25:50,  4.06s/it]2026-04-17 05:23:54,143 - INFO - [sparse-mezo] global_step=1137 active_fraction=0.255475 active_params=336143705/1315758080 configured_ratio=0.250000 mask_strategy=percentile_per_layer scope=trainable_only

 47%|████▋     | 1138/2405 [1:19:27<1:25:42,  4.06s/it]2026-04-17 05:23:58,209 - INFO - [sparse-mezo] global_step=1138 active_fraction=0.255702 active_params=336442336/1315758080 configured_ratio=0.250000 mask_strategy=percentile_per_layer scope=trainable_only

 47%|████▋     | 1139/2405 [1:19:31<1:25:41,  4.06s/it]2026-04-17 05:24:02,292 - INFO - [sparse-mezo] global_step=1139 active_fraction=0.256427 active_params=337396485/1315758080 configured_ratio=0.250000 mask_strategy=percentile_per_layer scope=trainable_only

 47%|████▋     | 1140/2405 [1:19:35<1:25:49,  4.07s/it]2026-04-17 05:24:06,351 - INFO - [sparse-mezo] global_step=1140 active_fraction=0.255101 active_params=335650613/1315758080 configured_ratio=0.250000 mask_strategy=percentile_per_layer scope=trainable_only

 47%|████▋     | 1141/2405 [1:19:39<1:25:37,  4.06s/it]2026-04-17 05:24:10,420 - INFO - [sparse-mezo] global_step=1141 active_fraction=0.256134 active_params=337010383/1315758080 configured_ratio=0.250000 mask_strategy=percentile_per_layer scope=trainable_only

 47%|████▋     | 1142/2405 [1:19:43<1:25:31,  4.06s/it]2026-04-17 05:24:14,478 - INFO - [sparse-mezo] global_step=1142 active_fraction=0.256133 active_params=337009707/1315758080 configured_ratio=0.250000 mask_strategy=percentile_per_layer scope=trainable_only

 48%|████▊     | 1143/2405 [1:19:47<1:25:29,  4.06s/it]2026-04-17 05:24:18,528 - INFO - [sparse-mezo] global_step=1143 active_fraction=0.254943 active_params=335442873/1315758080 configured_ratio=0.250000 mask_strategy=percentile_per_layer scope=trainable_only

 48%|████▊     | 1144/2405 [1:19:51<1:25:19,  4.06s/it]2026-04-17 05:24:22,578 - INFO - [sparse-mezo] global_step=1144 active_fraction=0.254942 active_params=335442157/1315758080 configured_ratio=0.250000 mask_strategy=percentile_per_layer scope=trainable_only

 48%|████▊     | 1145/2405 [1:19:55<1:25:11,  4.06s/it]2026-04-17 05:24:26,632 - INFO - [sparse-mezo] global_step=1145 active_fraction=0.254039 active_params=334254444/1315758080 configured_ratio=0.250000 mask_strategy=percentile_per_layer scope=trainable_only

 48%|████▊     | 1146/2405 [1:19:59<1:25:06,  4.06s/it]2026-04-17 05:24:30,697 - INFO - [sparse-mezo] global_step=1146 active_fraction=0.252230 active_params=331873642/1315758080 configured_ratio=0.250000 mask_strategy=percentile_per_layer scope=trainable_only

 48%|████▊     | 1147/2405 [1:20:03<1:25:05,  4.06s/it]2026-04-17 05:24:34,761 - INFO - [sparse-mezo] global_step=1147 active_fraction=0.252229 active_params=331872968/1315758080 configured_ratio=0.250000 mask_strategy=percentile_per_layer scope=trainable_only

 48%|████▊     | 1148/2405 [1:20:07<1:25:04,  4.06s/it]2026-04-17 05:24:38,826 - INFO - [sparse-mezo] global_step=1148 active_fraction=0.252229 active_params=331872245/1315758080 configured_ratio=0.250000 mask_strategy=percentile_per_layer scope=trainable_only

 48%|████▊     | 1149/2405 [1:20:11<1:25:01,  4.06s/it]2026-04-17 05:24:42,893 - INFO - [sparse-mezo] global_step=1149 active_fraction=0.252228 active_params=331871577/1315758080 configured_ratio=0.250000 mask_strategy=percentile_per_layer scope=trainable_only

 48%|████▊     | 1150/2405 [1:20:15<1:24:56,  4.06s/it]2026-04-17 05:24:46,936 - INFO - [sparse-mezo] global_step=1150 active_fraction=0.254964 active_params=335471554/1315758080 configured_ratio=0.250000 mask_strategy=percentile_per_layer scope=trainable_only

 48%|████▊     | 1151/2405 [1:20:19<1:24:45,  4.06s/it]2026-04-17 05:24:50,992 - INFO - [sparse-mezo] global_step=1151 active_fraction=0.252589 active_params=332345622/1315758080 configured_ratio=0.250000 mask_strategy=percentile_per_layer scope=trainable_only

 48%|████▊     | 1152/2405 [1:20:23<1:24:44,  4.06s/it]2026-04-17 05:24:55,042 - INFO - [sparse-mezo] global_step=1152 active_fraction=0.252547 active_params=332290518/1315758080 configured_ratio=0.250000 mask_strategy=percentile_per_layer scope=trainable_only

 48%|████▊     | 1153/2405 [1:20:27<1:24:37,  4.06s/it]2026-04-17 05:24:59,111 - INFO - [sparse-mezo] global_step=1153 active_fraction=0.253345 active_params=333341161/1315758080 configured_ratio=0.250000 mask_strategy=percentile_per_layer scope=trainable_only

 48%|████▊     | 1154/2405 [1:20:32<1:24:38,  4.06s/it]2026-04-17 05:25:03,177 - INFO - [sparse-mezo] global_step=1154 active_fraction=0.253345 active_params=333340443/1315758080 configured_ratio=0.250000 mask_strategy=percentile_per_layer scope=trainable_only

 48%|████▊     | 1155/2405 [1:20:36<1:24:37,  4.06s/it]2026-04-17 05:25:07,228 - INFO - [sparse-mezo] global_step=1155 active_fraction=0.252844 active_params=332680944/1315758080 configured_ratio=0.250000 mask_strategy=percentile_per_layer scope=trainable_only

 48%|████▊     | 1156/2405 [1:20:40<1:24:28,  4.06s/it]2026-04-17 05:25:11,280 - INFO - [sparse-mezo] global_step=1156 active_fraction=0.252648 active_params=332424016/1315758080 configured_ratio=0.250000 mask_strategy=percentile_per_layer scope=trainable_only

 48%|████▊     | 1157/2405 [1:20:44<1:24:17,  4.05s/it]2026-04-17 05:25:15,319 - INFO - [sparse-mezo] global_step=1157 active_fraction=0.253485 active_params=333524974/1315758080 configured_ratio=0.250000 mask_strategy=percentile_per_layer scope=trainable_only

 48%|████▊     | 1158/2405 [1:20:48<1:24:10,  4.05s/it]2026-04-17 05:25:19,376 - INFO - [sparse-mezo] global_step=1158 active_fraction=0.253125 active_params=333050633/1315758080 configured_ratio=0.250000 mask_strategy=percentile_per_layer scope=trainable_only

 48%|████▊     | 1159/2405 [1:20:52<1:24:12,  4.05s/it]2026-04-17 05:25:23,436 - INFO - [sparse-mezo] global_step=1159 active_fraction=0.254591 active_params=334979863/1315758080 configured_ratio=0.250000 mask_strategy=percentile_per_layer scope=trainable_only

 48%|████▊     | 1160/2405 [1:20:56<1:24:10,  4.06s/it]2026-04-17 05:25:27,497 - INFO - [sparse-mezo] global_step=1160 active_fraction=0.254590 active_params=334979173/1315758080 configured_ratio=0.250000 mask_strategy=percentile_per_layer scope=trainable_only

 48%|████▊     | 1161/2405 [1:21:00<1:24:04,  4.05s/it]2026-04-17 05:25:31,549 - INFO - [sparse-mezo] global_step=1161 active_fraction=0.255248 active_params=335844507/1315758080 configured_ratio=0.250000 mask_strategy=percentile_per_layer scope=trainable_only

 48%|████▊     | 1162/2405 [1:21:04<1:24:02,  4.06s/it]2026-04-17 05:25:35,611 - INFO - [sparse-mezo] global_step=1162 active_fraction=0.255247 active_params=335843823/1315758080 configured_ratio=0.250000 mask_strategy=percentile_per_layer scope=trainable_only

 48%|████▊     | 1163/2405 [1:21:08<1:24:00,  4.06s/it]2026-04-17 05:25:39,659 - INFO - [sparse-mezo] global_step=1163 active_fraction=0.257240 active_params=338465731/1315758080 configured_ratio=0.250000 mask_strategy=percentile_per_layer scope=trainable_only

 48%|████▊     | 1164/2405 [1:21:12<1:23:53,  4.06s/it]2026-04-17 05:25:43,802 - INFO - [sparse-mezo] global_step=1164 active_fraction=0.255052 active_params=335587113/1315758080 configured_ratio=0.250000 mask_strategy=percentile_per_layer scope=trainable_only

 48%|████▊     | 1165/2405 [1:21:16<1:24:17,  4.08s/it]2026-04-17 05:25:47,918 - INFO - [sparse-mezo] global_step=1165 active_fraction=0.255948 active_params=336765269/1315758080 configured_ratio=0.250000 mask_strategy=percentile_per_layer scope=trainable_only

 48%|████▊     | 1166/2405 [1:21:20<1:24:27,  4.09s/it]2026-04-17 05:25:52,101 - INFO - [sparse-mezo] global_step=1166 active_fraction=0.253565 active_params=333630793/1315758080 configured_ratio=0.250000 mask_strategy=percentile_per_layer scope=trainable_only

 49%|████▊     | 1167/2405 [1:21:25<1:25:04,  4.12s/it]2026-04-17 05:25:56,233 - INFO - [sparse-mezo] global_step=1167 active_fraction=0.254930 active_params=335426140/1315758080 configured_ratio=0.250000 mask_strategy=percentile_per_layer scope=trainable_only

 49%|████▊     | 1168/2405 [1:21:29<1:24:57,  4.12s/it]2026-04-17 05:26:00,276 - INFO - [sparse-mezo] global_step=1168 active_fraction=0.254920 active_params=335412569/1315758080 configured_ratio=0.250000 mask_strategy=percentile_per_layer scope=trainable_only

 49%|████▊     | 1169/2405 [1:21:33<1:24:24,  4.10s/it]2026-04-17 05:26:04,329 - INFO - [sparse-mezo] global_step=1169 active_fraction=0.255433 active_params=336088569/1315758080 configured_ratio=0.250000 mask_strategy=percentile_per_layer scope=trainable_only

 49%|████▊     | 1170/2405 [1:21:37<1:24:07,  4.09s/it]2026-04-17 05:26:08,393 - INFO - [sparse-mezo] global_step=1170 active_fraction=0.255433 active_params=336087907/1315758080 configured_ratio=0.250000 mask_strategy=percentile_per_layer scope=trainable_only

 49%|████▊     | 1171/2405 [1:21:41<1:23:54,  4.08s/it]2026-04-17 05:26:12,467 - INFO - [sparse-mezo] global_step=1171 active_fraction=0.257377 active_params=338645782/1315758080 configured_ratio=0.250000 mask_strategy=percentile_per_layer scope=trainable_only

 49%|████▊     | 1172/2405 [1:21:45<1:23:51,  4.08s/it]2026-04-17 05:26:16,546 - INFO - [sparse-mezo] global_step=1172 active_fraction=0.254332 active_params=334639873/1315758080 configured_ratio=0.250000 mask_strategy=percentile_per_layer scope=trainable_only

 49%|████▉     | 1173/2405 [1:21:49<1:23:47,  4.08s/it]2026-04-17 05:26:20,625 - INFO - [sparse-mezo] global_step=1173 active_fraction=0.254332 active_params=334639200/1315758080 configured_ratio=0.250000 mask_strategy=percentile_per_layer scope=trainable_only

 49%|████▉     | 1174/2405 [1:21:53<1:23:35,  4.07s/it]2026-04-17 05:26:24,684 - INFO - [sparse-mezo] global_step=1174 active_fraction=0.254331 active_params=334638562/1315758080 configured_ratio=0.250000 mask_strategy=percentile_per_layer scope=trainable_only

 49%|████▉     | 1175/2405 [1:21:57<1:23:29,  4.07s/it]2026-04-17 05:26:28,735 - INFO - [sparse-mezo] global_step=1175 active_fraction=0.257222 active_params=338441699/1315758080 configured_ratio=0.250000 mask_strategy=percentile_per_layer scope=trainable_only

 49%|████▉     | 1176/2405 [1:22:01<1:23:13,  4.06s/it]2026-04-17 05:26:32,901 - INFO - [sparse-mezo] global_step=1176 active_fraction=0.254272 active_params=334560991/1315758080 configured_ratio=0.250000 mask_strategy=percentile_per_layer scope=trainable_only

 49%|████▉     | 1177/2405 [1:22:05<1:23:47,  4.09s/it]2026-04-17 05:26:37,065 - INFO - [sparse-mezo] global_step=1177 active_fraction=0.254019 active_params=334227803/1315758080 configured_ratio=0.250000 mask_strategy=percentile_per_layer scope=trainable_only

 49%|████▉     | 1178/2405 [1:22:09<1:24:09,  4.12s/it]2026-04-17 05:26:41,178 - INFO - [sparse-mezo] global_step=1178 active_fraction=0.256187 active_params=337080709/1315758080 configured_ratio=0.250000 mask_strategy=percentile_per_layer scope=trainable_only

 49%|████▉     | 1179/2405 [1:22:14<1:24:04,  4.11s/it]2026-04-17 05:26:45,366 - INFO - [sparse-mezo] global_step=1179 active_fraction=0.253682 active_params=333783752/1315758080 configured_ratio=0.250000 mask_strategy=percentile_per_layer scope=trainable_only

 49%|████▉     | 1180/2405 [1:22:18<1:24:27,  4.14s/it]2026-04-17 05:26:49,551 - INFO - [sparse-mezo] global_step=1180 active_fraction=0.253681 active_params=333783342/1315758080 configured_ratio=0.250000 mask_strategy=percentile_per_layer scope=trainable_only

 49%|████▉     | 1181/2405 [1:22:22<1:24:40,  4.15s/it]2026-04-17 05:26:53,738 - INFO - [sparse-mezo] global_step=1181 active_fraction=0.253681 active_params=333782969/1315758080 configured_ratio=0.250000 mask_strategy=percentile_per_layer scope=trainable_only

 49%|████▉     | 1182/2405 [1:22:26<1:24:47,  4.16s/it]2026-04-17 05:26:57,772 - INFO - [sparse-mezo] global_step=1182 active_fraction=0.254765 active_params=335208892/1315758080 configured_ratio=0.250000 mask_strategy=percentile_per_layer scope=trainable_only

 49%|████▉     | 1183/2405 [1:22:30<1:24:02,  4.13s/it]2026-04-17 05:27:01,822 - INFO - [sparse-mezo] global_step=1183 active_fraction=0.254764 active_params=335208240/1315758080 configured_ratio=0.250000 mask_strategy=percentile_per_layer scope=trainable_only

 49%|████▉     | 1184/2405 [1:22:34<1:23:25,  4.10s/it]2026-04-17 05:27:05,872 - INFO - [sparse-mezo] global_step=1184 active_fraction=0.255681 active_params=336413984/1315758080 configured_ratio=0.250000 mask_strategy=percentile_per_layer scope=trainable_only

 49%|████▉     | 1185/2405 [1:22:38<1:23:08,  4.09s/it]2026-04-17 05:27:10,018 - INFO - [sparse-mezo] global_step=1185 active_fraction=0.254794 active_params=335247200/1315758080 configured_ratio=0.250000 mask_strategy=percentile_per_layer scope=trainable_only

 49%|████▉     | 1186/2405 [1:22:42<1:23:21,  4.10s/it]2026-04-17 05:27:14,154 - INFO - [sparse-mezo] global_step=1186 active_fraction=0.254794 active_params=335246656/1315758080 configured_ratio=0.250000 mask_strategy=percentile_per_layer scope=trainable_only

 49%|████▉     | 1187/2405 [1:22:47<1:23:29,  4.11s/it]2026-04-17 05:27:18,280 - INFO - [sparse-mezo] global_step=1187 active_fraction=0.255785 active_params=336551822/1315758080 configured_ratio=0.250000 mask_strategy=percentile_per_layer scope=trainable_only

 49%|████▉     | 1188/2405 [1:22:51<1:23:30,  4.12s/it]2026-04-17 05:27:22,319 - INFO - [sparse-mezo] global_step=1188 active_fraction=0.256860 active_params=337965062/1315758080 configured_ratio=0.250000 mask_strategy=percentile_per_layer scope=trainable_only

 49%|████▉     | 1189/2405 [1:22:55<1:22:57,  4.09s/it]2026-04-17 05:27:26,360 - INFO - [sparse-mezo] global_step=1189 active_fraction=0.256859 active_params=337964379/1315758080 configured_ratio=0.250000 mask_strategy=percentile_per_layer scope=trainable_only

 49%|████▉     | 1190/2405 [1:22:59<1:22:32,  4.08s/it]2026-04-17 05:27:30,398 - INFO - [sparse-mezo] global_step=1190 active_fraction=0.253755 active_params=333880382/1315758080 configured_ratio=0.250000 mask_strategy=percentile_per_layer scope=trainable_only

 50%|████▉     | 1191/2405 [1:23:03<1:22:23,  4.07s/it]2026-04-17 05:27:34,459 - INFO - [sparse-mezo] global_step=1191 active_fraction=0.256686 active_params=337736883/1315758080 configured_ratio=0.250000 mask_strategy=percentile_per_layer scope=trainable_only

 50%|████▉     | 1192/2405 [1:23:07<1:22:11,  4.07s/it]2026-04-17 05:27:38,521 - INFO - [sparse-mezo] global_step=1192 active_fraction=0.254296 active_params=334592138/1315758080 configured_ratio=0.250000 mask_strategy=percentile_per_layer scope=trainable_only

 50%|████▉     | 1193/2405 [1:23:11<1:22:02,  4.06s/it]2026-04-17 05:27:42,564 - INFO - [sparse-mezo] global_step=1193 active_fraction=0.252922 active_params=332783889/1315758080 configured_ratio=0.250000 mask_strategy=percentile_per_layer scope=trainable_only

 50%|████▉     | 1194/2405 [1:23:15<1:21:50,  4.05s/it]2026-04-17 05:27:46,615 - INFO - [sparse-mezo] global_step=1194 active_fraction=0.253578 active_params=333647495/1315758080 configured_ratio=0.250000 mask_strategy=percentile_per_layer scope=trainable_only

 50%|████▉     | 1195/2405 [1:23:19<1:21:50,  4.06s/it]2026-04-17 05:27:50,681 - INFO - [sparse-mezo] global_step=1195 active_fraction=0.253578 active_params=333646825/1315758080 configured_ratio=0.250000 mask_strategy=percentile_per_layer scope=trainable_only

 50%|████▉     | 1196/2405 [1:23:23<1:21:49,  4.06s/it]2026-04-17 05:27:54,747 - INFO - [sparse-mezo] global_step=1196 active_fraction=0.253577 active_params=333646120/1315758080 configured_ratio=0.250000 mask_strategy=percentile_per_layer scope=trainable_only

 50%|████▉     | 1197/2405 [1:23:27<1:21:47,  4.06s/it]2026-04-17 05:27:58,813 - INFO - [sparse-mezo] global_step=1197 active_fraction=0.253577 active_params=333645450/1315758080 configured_ratio=0.250000 mask_strategy=percentile_per_layer scope=trainable_only

 50%|████▉     | 1198/2405 [1:23:31<1:21:38,  4.06s/it]2026-04-17 05:28:02,846 - INFO - [sparse-mezo] global_step=1198 active_fraction=0.256765 active_params=337840980/1315758080 configured_ratio=0.250000 mask_strategy=percentile_per_layer scope=trainable_only

 50%|████▉     | 1199/2405 [1:23:35<1:21:31,  4.06s/it]2026-04-17 05:28:06,896 - INFO - [sparse-mezo] global_step=1199 active_fraction=0.256765 active_params=337840338/1315758080 configured_ratio=0.250000 mask_strategy=percentile_per_layer scope=trainable_only

 50%|████▉     | 1200/2405 [1:23:39<1:21:21,  4.05s/it]2026-04-17 05:28:10,940 - INFO - [sparse-mezo] global_step=1200 active_fraction=0.255280 active_params=335887281/1315758080 configured_ratio=0.250000 mask_strategy=percentile_per_layer scope=trainable_only
2026-04-17 05:28:14,618 - INFO - [zo_probe] step=1200 eps=1.000e-06 precision=fp16 n=16 mae=1.228815e+03 mse=2.380154e+06 rmse=1.542775e+03 sign_acc=0.4375 corr=0.194323

 50%|████▉     | 1201/2405 [1:23:47<1:43:23,  5.15s/it]2026-04-17 05:28:18,661 - INFO - [sparse-mezo] global_step=1201 active_fraction=0.255272 active_params=335875969/1315758080 configured_ratio=0.250000 mask_strategy=percentile_per_layer scope=trainable_only

 50%|████▉     | 1202/2405 [1:23:51<1:36:44,  4.83s/it]2026-04-17 05:28:22,734 - INFO - [sparse-mezo] global_step=1202 active_fraction=0.255149 active_params=335714853/1315758080 configured_ratio=0.250000 mask_strategy=percentile_per_layer scope=trainable_only

 50%|█████     | 1203/2405 [1:23:55<1:32:05,  4.60s/it]2026-04-17 05:28:26,790 - INFO - [sparse-mezo] global_step=1203 active_fraction=0.256487 active_params=337474297/1315758080 configured_ratio=0.250000 mask_strategy=percentile_per_layer scope=trainable_only

 50%|█████     | 1204/2405 [1:23:59<1:28:42,  4.43s/it]2026-04-17 05:28:30,836 - INFO - [sparse-mezo] global_step=1204 active_fraction=0.256486 active_params=337473621/1315758080 configured_ratio=0.250000 mask_strategy=percentile_per_layer scope=trainable_only

 50%|█████     | 1205/2405 [1:24:03<1:26:26,  4.32s/it]2026-04-17 05:28:34,920 - INFO - [sparse-mezo] global_step=1205 active_fraction=0.256411 active_params=337374373/1315758080 configured_ratio=0.250000 mask_strategy=percentile_per_layer scope=trainable_only

 50%|█████     | 1206/2405 [1:24:07<1:24:49,  4.24s/it]2026-04-17 05:28:38,981 - INFO - [sparse-mezo] global_step=1206 active_fraction=0.256410 active_params=337373697/1315758080 configured_ratio=0.250000 mask_strategy=percentile_per_layer scope=trainable_only

 50%|█████     | 1207/2405 [1:24:11<1:23:39,  4.19s/it]2026-04-17 05:28:43,121 - INFO - [sparse-mezo] global_step=1207 active_fraction=0.255057 active_params=335592739/1315758080 configured_ratio=0.250000 mask_strategy=percentile_per_layer scope=trainable_only

 50%|█████     | 1208/2405 [1:24:16<1:23:17,  4.17s/it]2026-04-17 05:28:47,262 - INFO - [sparse-mezo] global_step=1208 active_fraction=0.255056 active_params=335592254/1315758080 configured_ratio=0.250000 mask_strategy=percentile_per_layer scope=trainable_only

 50%|█████     | 1209/2405 [1:24:20<1:23:04,  4.17s/it]2026-04-17 05:28:51,408 - INFO - [sparse-mezo] global_step=1209 active_fraction=0.255056 active_params=335591755/1315758080 configured_ratio=0.250000 mask_strategy=percentile_per_layer scope=trainable_only

 50%|█████     | 1210/2405 [1:24:24<1:22:52,  4.16s/it]2026-04-17 05:28:55,560 - INFO - [sparse-mezo] global_step=1210 active_fraction=0.255055 active_params=335591318/1315758080 configured_ratio=0.250000 mask_strategy=percentile_per_layer scope=trainable_only

 50%|█████     | 1211/2405 [1:24:28<1:22:44,  4.16s/it]2026-04-17 05:28:59,727 - INFO - [sparse-mezo] global_step=1211 active_fraction=0.254787 active_params=335237752/1315758080 configured_ratio=0.250000 mask_strategy=percentile_per_layer scope=trainable_only

 50%|█████     | 1212/2405 [1:24:32<1:22:47,  4.16s/it]2026-04-17 05:29:03,805 - INFO - [sparse-mezo] global_step=1212 active_fraction=0.253609 active_params=333687670/1315758080 configured_ratio=0.250000 mask_strategy=percentile_per_layer scope=trainable_only

 50%|█████     | 1213/2405 [1:24:36<1:22:09,  4.14s/it]2026-04-17 05:29:07,860 - INFO - [sparse-mezo] global_step=1213 active_fraction=0.255732 active_params=336480894/1315758080 configured_ratio=0.250000 mask_strategy=percentile_per_layer scope=trainable_only

 50%|█████     | 1214/2405 [1:24:40<1:21:33,  4.11s/it]2026-04-17 05:29:11,906 - INFO - [sparse-mezo] global_step=1214 active_fraction=0.255731 active_params=336480226/1315758080 configured_ratio=0.250000 mask_strategy=percentile_per_layer scope=trainable_only

 51%|█████     | 1215/2405 [1:24:44<1:21:06,  4.09s/it]2026-04-17 05:29:15,950 - INFO - [sparse-mezo] global_step=1215 active_fraction=0.255731 active_params=336479562/1315758080 configured_ratio=0.250000 mask_strategy=percentile_per_layer scope=trainable_only

 51%|█████     | 1216/2405 [1:24:48<1:20:44,  4.07s/it]2026-04-17 05:29:20,010 - INFO - [sparse-mezo] global_step=1216 active_fraction=0.253421 active_params=333441300/1315758080 configured_ratio=0.250000 mask_strategy=percentile_per_layer scope=trainable_only

 51%|█████     | 1217/2405 [1:24:52<1:20:37,  4.07s/it]2026-04-17 05:29:24,076 - INFO - [sparse-mezo] global_step=1217 active_fraction=0.253421 active_params=333440597/1315758080 configured_ratio=0.250000 mask_strategy=percentile_per_layer scope=trainable_only

 51%|█████     | 1218/2405 [1:24:56<1:20:34,  4.07s/it]2026-04-17 05:29:28,131 - INFO - [sparse-mezo] global_step=1218 active_fraction=0.255722 active_params=336468780/1315758080 configured_ratio=0.250000 mask_strategy=percentile_per_layer scope=trainable_only

 51%|█████     | 1219/2405 [1:25:01<1:20:20,  4.06s/it]2026-04-17 05:29:32,195 - INFO - [sparse-mezo] global_step=1219 active_fraction=0.253365 active_params=333367363/1315758080 configured_ratio=0.250000 mask_strategy=percentile_per_layer scope=trainable_only

 51%|█████     | 1220/2405 [1:25:05<1:20:23,  4.07s/it]2026-04-17 05:29:36,255 - INFO - [sparse-mezo] global_step=1220 active_fraction=0.253124 active_params=333049509/1315758080 configured_ratio=0.250000 mask_strategy=percentile_per_layer scope=trainable_only

 51%|█████     | 1221/2405 [1:25:09<1:20:15,  4.07s/it]2026-04-17 05:29:40,320 - INFO - [sparse-mezo] global_step=1221 active_fraction=0.253184 active_params=333128465/1315758080 configured_ratio=0.250000 mask_strategy=percentile_per_layer scope=trainable_only

 51%|█████     | 1222/2405 [1:25:13<1:20:03,  4.06s/it]2026-04-17 05:29:44,363 - INFO - [sparse-mezo] global_step=1222 active_fraction=0.253183 active_params=333127818/1315758080 configured_ratio=0.250000 mask_strategy=percentile_per_layer scope=trainable_only

 51%|█████     | 1223/2405 [1:25:17<1:19:57,  4.06s/it]2026-04-17 05:29:48,413 - INFO - [sparse-mezo] global_step=1223 active_fraction=0.253183 active_params=333127144/1315758080 configured_ratio=0.250000 mask_strategy=percentile_per_layer scope=trainable_only

 51%|█████     | 1224/2405 [1:25:21<1:19:49,  4.06s/it]2026-04-17 05:29:52,463 - INFO - [sparse-mezo] global_step=1224 active_fraction=0.253182 active_params=333126482/1315758080 configured_ratio=0.250000 mask_strategy=percentile_per_layer scope=trainable_only

 51%|█████     | 1225/2405 [1:25:25<1:19:43,  4.05s/it]2026-04-17 05:29:56,527 - INFO - [sparse-mezo] global_step=1225 active_fraction=0.253444 active_params=333471076/1315758080 configured_ratio=0.250000 mask_strategy=percentile_per_layer scope=trainable_only

 51%|█████     | 1226/2405 [1:25:29<1:19:39,  4.05s/it]2026-04-17 05:30:00,572 - INFO - [sparse-mezo] global_step=1226 active_fraction=0.253059 active_params=332964627/1315758080 configured_ratio=0.250000 mask_strategy=percentile_per_layer scope=trainable_only

 51%|█████     | 1227/2405 [1:25:33<1:19:32,  4.05s/it]2026-04-17 05:30:04,615 - INFO - [sparse-mezo] global_step=1227 active_fraction=0.253059 active_params=332963966/1315758080 configured_ratio=0.250000 mask_strategy=percentile_per_layer scope=trainable_only

 51%|█████     | 1228/2405 [1:25:37<1:19:32,  4.05s/it]2026-04-17 05:30:08,678 - INFO - [sparse-mezo] global_step=1228 active_fraction=0.253058 active_params=332963287/1315758080 configured_ratio=0.250000 mask_strategy=percentile_per_layer scope=trainable_only

 51%|█████     | 1229/2405 [1:25:41<1:19:24,  4.05s/it]2026-04-17 05:30:12,719 - INFO - [sparse-mezo] global_step=1229 active_fraction=0.253200 active_params=333149895/1315758080 configured_ratio=0.250000 mask_strategy=percentile_per_layer scope=trainable_only

 51%|█████     | 1230/2405 [1:25:45<1:19:16,  4.05s/it]2026-04-17 05:30:16,763 - INFO - [sparse-mezo] global_step=1230 active_fraction=0.253199 active_params=333149202/1315758080 configured_ratio=0.250000 mask_strategy=percentile_per_layer scope=trainable_only

 51%|█████     | 1231/2405 [1:25:49<1:19:17,  4.05s/it]2026-04-17 05:30:20,825 - INFO - [sparse-mezo] global_step=1231 active_fraction=0.253199 active_params=333148571/1315758080 configured_ratio=0.250000 mask_strategy=percentile_per_layer scope=trainable_only

 51%|█████     | 1232/2405 [1:25:53<1:19:17,  4.06s/it]2026-04-17 05:30:24,909 - INFO - [sparse-mezo] global_step=1232 active_fraction=0.252603 active_params=332363892/1315758080 configured_ratio=0.250000 mask_strategy=percentile_per_layer scope=trainable_only

 51%|█████▏    | 1233/2405 [1:25:57<1:19:16,  4.06s/it]2026-04-17 05:30:28,973 - INFO - [sparse-mezo] global_step=1233 active_fraction=0.252602 active_params=332363213/1315758080 configured_ratio=0.250000 mask_strategy=percentile_per_layer scope=trainable_only

 51%|█████▏    | 1234/2405 [1:26:01<1:19:21,  4.07s/it]2026-04-17 05:30:33,036 - INFO - [sparse-mezo] global_step=1234 active_fraction=0.255199 active_params=335779596/1315758080 configured_ratio=0.250000 mask_strategy=percentile_per_layer scope=trainable_only

 51%|█████▏    | 1235/2405 [1:26:05<1:19:12,  4.06s/it]2026-04-17 05:30:37,088 - INFO - [sparse-mezo] global_step=1235 active_fraction=0.255198 active_params=335779001/1315758080 configured_ratio=0.250000 mask_strategy=percentile_per_layer scope=trainable_only

 51%|█████▏    | 1236/2405 [1:26:10<1:19:04,  4.06s/it]2026-04-17 05:30:41,141 - INFO - [sparse-mezo] global_step=1236 active_fraction=0.255198 active_params=335778345/1315758080 configured_ratio=0.250000 mask_strategy=percentile_per_layer scope=trainable_only

 51%|█████▏    | 1237/2405 [1:26:14<1:18:58,  4.06s/it]2026-04-17 05:30:45,213 - INFO - [sparse-mezo] global_step=1237 active_fraction=0.254045 active_params=334262181/1315758080 configured_ratio=0.250000 mask_strategy=percentile_per_layer scope=trainable_only

 51%|█████▏    | 1238/2405 [1:26:18<1:19:03,  4.06s/it]2026-04-17 05:30:49,296 - INFO - [sparse-mezo] global_step=1238 active_fraction=0.254045 active_params=334261500/1315758080 configured_ratio=0.250000 mask_strategy=percentile_per_layer scope=trainable_only

 52%|█████▏    | 1239/2405 [1:26:22<1:19:02,  4.07s/it]2026-04-17 05:30:53,370 - INFO - [sparse-mezo] global_step=1239 active_fraction=0.254044 active_params=334260838/1315758080 configured_ratio=0.250000 mask_strategy=percentile_per_layer scope=trainable_only

 52%|█████▏    | 1240/2405 [1:26:26<1:18:55,  4.06s/it]2026-04-17 05:30:57,427 - INFO - [sparse-mezo] global_step=1240 active_fraction=0.254044 active_params=334260194/1315758080 configured_ratio=0.250000 mask_strategy=percentile_per_layer scope=trainable_only

 52%|█████▏    | 1241/2405 [1:26:30<1:18:50,  4.06s/it]2026-04-17 05:31:01,470 - INFO - [sparse-mezo] global_step=1241 active_fraction=0.253244 active_params=333207560/1315758080 configured_ratio=0.250000 mask_strategy=percentile_per_layer scope=trainable_only

 52%|█████▏    | 1242/2405 [1:26:34<1:18:39,  4.06s/it]2026-04-17 05:31:05,523 - INFO - [sparse-mezo] global_step=1242 active_fraction=0.253702 active_params=333809964/1315758080 configured_ratio=0.250000 mask_strategy=percentile_per_layer scope=trainable_only

 52%|█████▏    | 1243/2405 [1:26:38<1:18:31,  4.05s/it]2026-04-17 05:31:09,565 - INFO - [sparse-mezo] global_step=1243 active_fraction=0.252832 active_params=332666214/1315758080 configured_ratio=0.250000 mask_strategy=percentile_per_layer scope=trainable_only

 52%|█████▏    | 1244/2405 [1:26:42<1:18:28,  4.06s/it]2026-04-17 05:31:13,617 - INFO - [sparse-mezo] global_step=1244 active_fraction=0.253493 active_params=333535366/1315758080 configured_ratio=0.250000 mask_strategy=percentile_per_layer scope=trainable_only

 52%|█████▏    | 1245/2405 [1:26:46<1:18:19,  4.05s/it]2026-04-17 05:31:17,658 - INFO - [sparse-mezo] global_step=1245 active_fraction=0.253492 active_params=333534706/1315758080 configured_ratio=0.250000 mask_strategy=percentile_per_layer scope=trainable_only

 52%|█████▏    | 1246/2405 [1:26:50<1:18:20,  4.06s/it]2026-04-17 05:31:21,727 - INFO - [sparse-mezo] global_step=1246 active_fraction=0.252931 active_params=332795412/1315758080 configured_ratio=0.250000 mask_strategy=percentile_per_layer scope=trainable_only

 52%|█████▏    | 1247/2405 [1:26:54<1:18:15,  4.06s/it]2026-04-17 05:31:25,778 - INFO - [sparse-mezo] global_step=1247 active_fraction=0.252930 active_params=332794772/1315758080 configured_ratio=0.250000 mask_strategy=percentile_per_layer scope=trainable_only

 52%|█████▏    | 1248/2405 [1:26:58<1:18:18,  4.06s/it]2026-04-17 05:31:29,852 - INFO - [sparse-mezo] global_step=1248 active_fraction=0.256326 active_params=337262720/1315758080 configured_ratio=0.250000 mask_strategy=percentile_per_layer scope=trainable_only

 52%|█████▏    | 1249/2405 [1:27:02<1:18:11,  4.06s/it]2026-04-17 05:31:33,905 - INFO - [sparse-mezo] global_step=1249 active_fraction=0.256325 active_params=337262095/1315758080 configured_ratio=0.250000 mask_strategy=percentile_per_layer scope=trainable_only

 52%|█████▏    | 1250/2405 [1:27:06<1:18:01,  4.05s/it]2026-04-17 05:31:37,949 - INFO - [sparse-mezo] global_step=1250 active_fraction=0.256325 active_params=337261440/1315758080 configured_ratio=0.250000 mask_strategy=percentile_per_layer scope=trainable_only

 52%|█████▏    | 1251/2405 [1:27:10<1:17:54,  4.05s/it]2026-04-17 05:31:41,988 - INFO - [sparse-mezo] global_step=1251 active_fraction=0.256324 active_params=337260770/1315758080 configured_ratio=0.250000 mask_strategy=percentile_per_layer scope=trainable_only

 52%|█████▏    | 1252/2405 [1:27:14<1:17:49,  4.05s/it]2026-04-17 05:31:46,040 - INFO - [sparse-mezo] global_step=1252 active_fraction=0.256324 active_params=337260121/1315758080 configured_ratio=0.250000 mask_strategy=percentile_per_layer scope=trainable_only

 52%|█████▏    | 1253/2405 [1:27:18<1:17:43,  4.05s/it]2026-04-17 05:31:50,104 - INFO - [sparse-mezo] global_step=1253 active_fraction=0.253863 active_params=334022033/1315758080 configured_ratio=0.250000 mask_strategy=percentile_per_layer scope=trainable_only

 52%|█████▏    | 1254/2405 [1:27:23<1:17:44,  4.05s/it]2026-04-17 05:31:54,159 - INFO - [sparse-mezo] global_step=1254 active_fraction=0.254442 active_params=334783715/1315758080 configured_ratio=0.250000 mask_strategy=percentile_per_layer scope=trainable_only

 52%|█████▏    | 1255/2405 [1:27:27<1:17:39,  4.05s/it]2026-04-17 05:31:58,205 - INFO - [sparse-mezo] global_step=1255 active_fraction=0.254441 active_params=334783075/1315758080 configured_ratio=0.250000 mask_strategy=percentile_per_layer scope=trainable_only

 52%|█████▏    | 1256/2405 [1:27:31<1:17:35,  4.05s/it]2026-04-17 05:32:02,258 - INFO - [sparse-mezo] global_step=1256 active_fraction=0.254441 active_params=334782471/1315758080 configured_ratio=0.250000 mask_strategy=percentile_per_layer scope=trainable_only

 52%|█████▏    | 1257/2405 [1:27:35<1:17:35,  4.05s/it]2026-04-17 05:32:06,323 - INFO - [sparse-mezo] global_step=1257 active_fraction=0.254440 active_params=334781816/1315758080 configured_ratio=0.250000 mask_strategy=percentile_per_layer scope=trainable_only

 52%|█████▏    | 1258/2405 [1:27:39<1:17:31,  4.05s/it]2026-04-17 05:32:10,364 - INFO - [sparse-mezo] global_step=1258 active_fraction=0.253014 active_params=332904622/1315758080 configured_ratio=0.250000 mask_strategy=percentile_per_layer scope=trainable_only

 52%|█████▏    | 1259/2405 [1:27:43<1:17:22,  4.05s/it]2026-04-17 05:32:14,417 - INFO - [sparse-mezo] global_step=1259 active_fraction=0.254158 active_params=334410641/1315758080 configured_ratio=0.250000 mask_strategy=percentile_per_layer scope=trainable_only

 52%|█████▏    | 1260/2405 [1:27:47<1:17:17,  4.05s/it]2026-04-17 05:32:18,465 - INFO - [sparse-mezo] global_step=1260 active_fraction=0.254158 active_params=334410020/1315758080 configured_ratio=0.250000 mask_strategy=percentile_per_layer scope=trainable_only

 52%|█████▏    | 1261/2405 [1:27:51<1:17:17,  4.05s/it]2026-04-17 05:32:22,530 - INFO - [sparse-mezo] global_step=1261 active_fraction=0.254157 active_params=334409393/1315758080 configured_ratio=0.250000 mask_strategy=percentile_per_layer scope=trainable_only

 52%|█████▏    | 1262/2405 [1:27:55<1:17:20,  4.06s/it]2026-04-17 05:32:26,616 - INFO - [sparse-mezo] global_step=1262 active_fraction=0.254181 active_params=334440853/1315758080 configured_ratio=0.250000 mask_strategy=percentile_per_layer scope=trainable_only

 53%|█████▎    | 1263/2405 [1:27:59<1:17:22,  4.06s/it]2026-04-17 05:32:30,691 - INFO - [sparse-mezo] global_step=1263 active_fraction=0.254181 active_params=334440222/1315758080 configured_ratio=0.250000 mask_strategy=percentile_per_layer scope=trainable_only

 53%|█████▎    | 1264/2405 [1:28:03<1:17:18,  4.07s/it]2026-04-17 05:32:34,757 - INFO - [sparse-mezo] global_step=1264 active_fraction=0.254180 active_params=334439607/1315758080 configured_ratio=0.250000 mask_strategy=percentile_per_layer scope=trainable_only

 53%|█████▎    | 1265/2405 [1:28:07<1:17:21,  4.07s/it]2026-04-17 05:32:38,819 - INFO - [sparse-mezo] global_step=1265 active_fraction=0.253328 active_params=333318958/1315758080 configured_ratio=0.250000 mask_strategy=percentile_per_layer scope=trainable_only

 53%|█████▎    | 1266/2405 [1:28:11<1:17:07,  4.06s/it]2026-04-17 05:32:42,862 - INFO - [sparse-mezo] global_step=1266 active_fraction=0.253167 active_params=333106551/1315758080 configured_ratio=0.250000 mask_strategy=percentile_per_layer scope=trainable_only

 53%|█████▎    | 1267/2405 [1:28:15<1:16:59,  4.06s/it]2026-04-17 05:32:46,908 - INFO - [sparse-mezo] global_step=1267 active_fraction=0.253167 active_params=333105921/1315758080 configured_ratio=0.250000 mask_strategy=percentile_per_layer scope=trainable_only

 53%|█████▎    | 1268/2405 [1:28:19<1:16:51,  4.06s/it]2026-04-17 05:32:50,985 - INFO - [sparse-mezo] global_step=1268 active_fraction=0.254869 active_params=335346509/1315758080 configured_ratio=0.250000 mask_strategy=percentile_per_layer scope=trainable_only

 53%|█████▎    | 1269/2405 [1:28:23<1:16:54,  4.06s/it]2026-04-17 05:32:55,060 - INFO - [sparse-mezo] global_step=1269 active_fraction=0.254869 active_params=335345905/1315758080 configured_ratio=0.250000 mask_strategy=percentile_per_layer scope=trainable_only

 53%|█████▎    | 1270/2405 [1:28:27<1:16:49,  4.06s/it]2026-04-17 05:32:59,112 - INFO - [sparse-mezo] global_step=1270 active_fraction=0.254632 active_params=335034490/1315758080 configured_ratio=0.250000 mask_strategy=percentile_per_layer scope=trainable_only

 53%|█████▎    | 1271/2405 [1:28:32<1:16:50,  4.07s/it]2026-04-17 05:33:03,203 - INFO - [sparse-mezo] global_step=1271 active_fraction=0.252466 active_params=332183603/1315758080 configured_ratio=0.250000 mask_strategy=percentile_per_layer scope=trainable_only

 53%|█████▎    | 1272/2405 [1:28:36<1:16:51,  4.07s/it]2026-04-17 05:33:07,272 - INFO - [sparse-mezo] global_step=1272 active_fraction=0.253887 active_params=334054194/1315758080 configured_ratio=0.250000 mask_strategy=percentile_per_layer scope=trainable_only

 53%|█████▎    | 1273/2405 [1:28:40<1:16:44,  4.07s/it]2026-04-17 05:33:11,334 - INFO - [sparse-mezo] global_step=1273 active_fraction=0.253887 active_params=334053589/1315758080 configured_ratio=0.250000 mask_strategy=percentile_per_layer scope=trainable_only

 53%|█████▎    | 1274/2405 [1:28:44<1:16:38,  4.07s/it]2026-04-17 05:33:15,395 - INFO - [sparse-mezo] global_step=1274 active_fraction=0.252258 active_params=331910370/1315758080 configured_ratio=0.250000 mask_strategy=percentile_per_layer scope=trainable_only

 53%|█████▎    | 1275/2405 [1:28:48<1:16:39,  4.07s/it]2026-04-17 05:33:19,477 - INFO - [sparse-mezo] global_step=1275 active_fraction=0.252257 active_params=331909733/1315758080 configured_ratio=0.250000 mask_strategy=percentile_per_layer scope=trainable_only

 53%|█████▎    | 1276/2405 [1:28:52<1:16:32,  4.07s/it]2026-04-17 05:33:23,539 - INFO - [sparse-mezo] global_step=1276 active_fraction=0.252257 active_params=331909118/1315758080 configured_ratio=0.250000 mask_strategy=percentile_per_layer scope=trainable_only

 53%|█████▎    | 1277/2405 [1:28:56<1:16:29,  4.07s/it]2026-04-17 05:33:27,609 - INFO - [sparse-mezo] global_step=1277 active_fraction=0.253585 active_params=333656429/1315758080 configured_ratio=0.250000 mask_strategy=percentile_per_layer scope=trainable_only

 53%|█████▎    | 1278/2405 [1:29:00<1:16:23,  4.07s/it]2026-04-17 05:33:31,672 - INFO - [sparse-mezo] global_step=1278 active_fraction=0.252099 active_params=331701473/1315758080 configured_ratio=0.250000 mask_strategy=percentile_per_layer scope=trainable_only

 53%|█████▎    | 1279/2405 [1:29:04<1:16:20,  4.07s/it]2026-04-17 05:33:35,746 - INFO - [sparse-mezo] global_step=1279 active_fraction=0.252099 active_params=331700852/1315758080 configured_ratio=0.250000 mask_strategy=percentile_per_layer scope=trainable_only

 53%|█████▎    | 1280/2405 [1:29:08<1:16:18,  4.07s/it]2026-04-17 05:33:39,819 - INFO - [sparse-mezo] global_step=1280 active_fraction=0.252098 active_params=331700223/1315758080 configured_ratio=0.250000 mask_strategy=percentile_per_layer scope=trainable_only

 53%|█████▎    | 1281/2405 [1:29:12<1:16:12,  4.07s/it]2026-04-17 05:33:43,861 - INFO - [sparse-mezo] global_step=1281 active_fraction=0.254823 active_params=335284837/1315758080 configured_ratio=0.250000 mask_strategy=percentile_per_layer scope=trainable_only

 53%|█████▎    | 1282/2405 [1:29:16<1:16:03,  4.06s/it]2026-04-17 05:33:47,950 - INFO - [sparse-mezo] global_step=1282 active_fraction=0.253322 active_params=333310928/1315758080 configured_ratio=0.250000 mask_strategy=percentile_per_layer scope=trainable_only

 53%|█████▎    | 1283/2405 [1:29:20<1:16:07,  4.07s/it]2026-04-17 05:33:52,016 - INFO - [sparse-mezo] global_step=1283 active_fraction=0.255407 active_params=336053741/1315758080 configured_ratio=0.250000 mask_strategy=percentile_per_layer scope=trainable_only

 53%|█████▎    | 1284/2405 [1:29:24<1:15:58,  4.07s/it]2026-04-17 05:33:56,081 - INFO - [sparse-mezo] global_step=1284 active_fraction=0.252575 active_params=332327571/1315758080 configured_ratio=0.250000 mask_strategy=percentile_per_layer scope=trainable_only

 53%|█████▎    | 1285/2405 [1:29:28<1:15:54,  4.07s/it]2026-04-17 05:34:00,148 - INFO - [sparse-mezo] global_step=1285 active_fraction=0.252575 active_params=332326949/1315758080 configured_ratio=0.250000 mask_strategy=percentile_per_layer scope=trainable_only

 53%|█████▎    | 1286/2405 [1:29:33<1:15:49,  4.07s/it]2026-04-17 05:34:04,190 - INFO - [sparse-mezo] global_step=1286 active_fraction=0.255229 active_params=335819946/1315758080 configured_ratio=0.250000 mask_strategy=percentile_per_layer scope=trainable_only

 54%|█████▎    | 1287/2405 [1:29:37<1:15:40,  4.06s/it]2026-04-17 05:34:08,271 - INFO - [sparse-mezo] global_step=1287 active_fraction=0.252211 active_params=331849179/1315758080 configured_ratio=0.250000 mask_strategy=percentile_per_layer scope=trainable_only

 54%|█████▎    | 1288/2405 [1:29:41<1:15:46,  4.07s/it]2026-04-17 05:34:12,364 - INFO - [sparse-mezo] global_step=1288 active_fraction=0.252211 active_params=331848576/1315758080 configured_ratio=0.250000 mask_strategy=percentile_per_layer scope=trainable_only

 54%|█████▎    | 1289/2405 [1:29:45<1:15:39,  4.07s/it]2026-04-17 05:34:16,424 - INFO - [sparse-mezo] global_step=1289 active_fraction=0.252210 active_params=331847967/1315758080 configured_ratio=0.250000 mask_strategy=percentile_per_layer scope=trainable_only

 54%|█████▎    | 1290/2405 [1:29:49<1:15:37,  4.07s/it]2026-04-17 05:34:20,499 - INFO - [sparse-mezo] global_step=1290 active_fraction=0.252210 active_params=331847402/1315758080 configured_ratio=0.250000 mask_strategy=percentile_per_layer scope=trainable_only

 54%|█████▎    | 1291/2405 [1:29:53<1:15:35,  4.07s/it]2026-04-17 05:34:24,548 - INFO - [sparse-mezo] global_step=1291 active_fraction=0.254757 active_params=335198783/1315758080 configured_ratio=0.250000 mask_strategy=percentile_per_layer scope=trainable_only

 54%|█████▎    | 1292/2405 [1:29:57<1:15:30,  4.07s/it]2026-04-17 05:34:28,642 - INFO - [sparse-mezo] global_step=1292 active_fraction=0.254662 active_params=335073010/1315758080 configured_ratio=0.250000 mask_strategy=percentile_per_layer scope=trainable_only

 54%|█████▍    | 1293/2405 [1:30:01<1:15:27,  4.07s/it]2026-04-17 05:34:32,714 - INFO - [sparse-mezo] global_step=1293 active_fraction=0.254661 active_params=335072473/1315758080 configured_ratio=0.250000 mask_strategy=percentile_per_layer scope=trainable_only

 54%|█████▍    | 1294/2405 [1:30:05<1:15:32,  4.08s/it]2026-04-17 05:34:36,811 - INFO - [sparse-mezo] global_step=1294 active_fraction=0.254661 active_params=335071924/1315758080 configured_ratio=0.250000 mask_strategy=percentile_per_layer scope=trainable_only

 54%|█████▍    | 1295/2405 [1:30:09<1:15:23,  4.08s/it]2026-04-17 05:34:40,877 - INFO - [sparse-mezo] global_step=1295 active_fraction=0.254660 active_params=335071322/1315758080 configured_ratio=0.250000 mask_strategy=percentile_per_layer scope=trainable_only

 54%|█████▍    | 1296/2405 [1:30:13<1:15:16,  4.07s/it]2026-04-17 05:34:44,943 - INFO - [sparse-mezo] global_step=1296 active_fraction=0.254660 active_params=335070721/1315758080 configured_ratio=0.250000 mask_strategy=percentile_per_layer scope=trainable_only

 54%|█████▍    | 1297/2405 [1:30:17<1:15:14,  4.07s/it]2026-04-17 05:34:48,995 - INFO - [sparse-mezo] global_step=1297 active_fraction=0.254445 active_params=334788082/1315758080 configured_ratio=0.250000 mask_strategy=percentile_per_layer scope=trainable_only

 54%|█████▍    | 1298/2405 [1:30:21<1:14:58,  4.06s/it]2026-04-17 05:34:53,033 - INFO - [sparse-mezo] global_step=1298 active_fraction=0.254445 active_params=334787455/1315758080 configured_ratio=0.250000 mask_strategy=percentile_per_layer scope=trainable_only

 54%|█████▍    | 1299/2405 [1:30:25<1:14:50,  4.06s/it]2026-04-17 05:34:57,088 - INFO - [sparse-mezo] global_step=1299 active_fraction=0.254444 active_params=334786837/1315758080 configured_ratio=0.250000 mask_strategy=percentile_per_layer scope=trainable_only

 54%|█████▍    | 1300/2405 [1:30:30<1:14:47,  4.06s/it]2026-04-17 05:35:01,152 - INFO - [sparse-mezo] global_step=1300 active_fraction=0.254444 active_params=334786241/1315758080 configured_ratio=0.250000 mask_strategy=percentile_per_layer scope=trainable_only
2026-04-17 05:35:05,213 - INFO - [zo_probe] step=1300 eps=1.000e-06 precision=fp16 n=16 mae=8.578819e+02 mse=1.176585e+06 rmse=1.084705e+03 sign_acc=0.3125 corr=0.235091

 54%|█████▍    | 1301/2405 [1:30:38<1:37:06,  5.28s/it]2026-04-17 05:35:09,301 - INFO - [sparse-mezo] global_step=1301 active_fraction=0.253952 active_params=334139455/1315758080 configured_ratio=0.250000 mask_strategy=percentile_per_layer scope=trainable_only

 54%|█████▍    | 1302/2405 [1:30:42<1:30:24,  4.92s/it]2026-04-17 05:35:13,378 - INFO - [sparse-mezo] global_step=1302 active_fraction=0.253952 active_params=334138899/1315758080 configured_ratio=0.250000 mask_strategy=percentile_per_layer scope=trainable_only

 54%|█████▍    | 1303/2405 [1:30:46<1:25:41,  4.67s/it]2026-04-17 05:35:17,456 - INFO - [sparse-mezo] global_step=1303 active_fraction=0.253951 active_params=334138282/1315758080 configured_ratio=0.250000 mask_strategy=percentile_per_layer scope=trainable_only

 54%|█████▍    | 1304/2405 [1:30:50<1:22:22,  4.49s/it]2026-04-17 05:35:21,499 - INFO - [sparse-mezo] global_step=1304 active_fraction=0.253975 active_params=334169575/1315758080 configured_ratio=0.250000 mask_strategy=percentile_per_layer scope=trainable_only

 54%|█████▍    | 1305/2405 [1:30:54<1:19:51,  4.36s/it]2026-04-17 05:35:25,542 - INFO - [sparse-mezo] global_step=1305 active_fraction=0.253518 active_params=333568609/1315758080 configured_ratio=0.250000 mask_strategy=percentile_per_layer scope=trainable_only

 54%|█████▍    | 1306/2405 [1:30:58<1:18:03,  4.26s/it]2026-04-17 05:35:29,563 - INFO - [sparse-mezo] global_step=1306 active_fraction=0.253518 active_params=333568030/1315758080 configured_ratio=0.250000 mask_strategy=percentile_per_layer scope=trainable_only

 54%|█████▍    | 1307/2405 [1:31:02<1:16:46,  4.19s/it]2026-04-17 05:35:33,667 - INFO - [sparse-mezo] global_step=1307 active_fraction=0.253012 active_params=332902575/1315758080 configured_ratio=0.250000 mask_strategy=percentile_per_layer scope=trainable_only

 54%|█████▍    | 1308/2405 [1:31:06<1:16:05,  4.16s/it]2026-04-17 05:35:37,751 - INFO - [sparse-mezo] global_step=1308 active_fraction=0.253012 active_params=332902022/1315758080 configured_ratio=0.250000 mask_strategy=percentile_per_layer scope=trainable_only

 54%|█████▍    | 1309/2405 [1:31:10<1:15:42,  4.14s/it]2026-04-17 05:35:41,849 - INFO - [sparse-mezo] global_step=1309 active_fraction=0.253011 active_params=332901447/1315758080 configured_ratio=0.250000 mask_strategy=percentile_per_layer scope=trainable_only

 54%|█████▍    | 1310/2405 [1:31:14<1:15:19,  4.13s/it]2026-04-17 05:35:45,939 - INFO - [sparse-mezo] global_step=1310 active_fraction=0.253011 active_params=332900868/1315758080 configured_ratio=0.250000 mask_strategy=percentile_per_layer scope=trainable_only

 55%|█████▍    | 1311/2405 [1:31:18<1:15:03,  4.12s/it]2026-04-17 05:35:50,022 - INFO - [sparse-mezo] global_step=1311 active_fraction=0.254293 active_params=334587756/1315758080 configured_ratio=0.250000 mask_strategy=percentile_per_layer scope=trainable_only

 55%|█████▍    | 1312/2405 [1:31:22<1:14:45,  4.10s/it]2026-04-17 05:35:54,075 - INFO - [sparse-mezo] global_step=1312 active_fraction=0.253768 active_params=333897055/1315758080 configured_ratio=0.250000 mask_strategy=percentile_per_layer scope=trainable_only

 55%|█████▍    | 1313/2405 [1:31:27<1:14:35,  4.10s/it]2026-04-17 05:35:58,163 - INFO - [sparse-mezo] global_step=1313 active_fraction=0.253767 active_params=333896431/1315758080 configured_ratio=0.250000 mask_strategy=percentile_per_layer scope=trainable_only

 55%|█████▍    | 1314/2405 [1:31:31<1:14:23,  4.09s/it]2026-04-17 05:36:02,226 - INFO - [sparse-mezo] global_step=1314 active_fraction=0.253319 active_params=333305936/1315758080 configured_ratio=0.250000 mask_strategy=percentile_per_layer scope=trainable_only

 55%|█████▍    | 1315/2405 [1:31:35<1:14:06,  4.08s/it]2026-04-17 05:36:06,323 - INFO - [sparse-mezo] global_step=1315 active_fraction=0.252986 active_params=332868269/1315758080 configured_ratio=0.250000 mask_strategy=percentile_per_layer scope=trainable_only

 55%|█████▍    | 1316/2405 [1:31:39<1:14:05,  4.08s/it]2026-04-17 05:36:10,366 - INFO - [sparse-mezo] global_step=1316 active_fraction=0.253363 active_params=333364762/1315758080 configured_ratio=0.250000 mask_strategy=percentile_per_layer scope=trainable_only

 55%|█████▍    | 1317/2405 [1:31:43<1:13:54,  4.08s/it]2026-04-17 05:36:14,428 - INFO - [sparse-mezo] global_step=1317 active_fraction=0.253363 active_params=333364155/1315758080 configured_ratio=0.250000 mask_strategy=percentile_per_layer scope=trainable_only

 55%|█████▍    | 1318/2405 [1:31:47<1:13:39,  4.07s/it]2026-04-17 05:36:18,473 - INFO - [sparse-mezo] global_step=1318 active_fraction=0.254118 active_params=334357359/1315758080 configured_ratio=0.250000 mask_strategy=percentile_per_layer scope=trainable_only

 55%|█████▍    | 1319/2405 [1:31:51<1:13:28,  4.06s/it]2026-04-17 05:36:22,520 - INFO - [sparse-mezo] global_step=1319 active_fraction=0.254117 active_params=334356820/1315758080 configured_ratio=0.250000 mask_strategy=percentile_per_layer scope=trainable_only

 55%|█████▍    | 1320/2405 [1:31:55<1:13:23,  4.06s/it]2026-04-17 05:36:26,619 - INFO - [sparse-mezo] global_step=1320 active_fraction=0.252496 active_params=332223217/1315758080 configured_ratio=0.250000 mask_strategy=percentile_per_layer scope=trainable_only

 55%|█████▍    | 1321/2405 [1:31:59<1:13:35,  4.07s/it]2026-04-17 05:36:30,686 - INFO - [sparse-mezo] global_step=1321 active_fraction=0.253458 active_params=333488782/1315758080 configured_ratio=0.250000 mask_strategy=percentile_per_layer scope=trainable_only

 55%|█████▍    | 1322/2405 [1:32:03<1:13:23,  4.07s/it]2026-04-17 05:36:34,732 - INFO - [sparse-mezo] global_step=1322 active_fraction=0.253457 active_params=333488219/1315758080 configured_ratio=0.250000 mask_strategy=percentile_per_layer scope=trainable_only

 55%|█████▌    | 1323/2405 [1:32:07<1:13:12,  4.06s/it]2026-04-17 05:36:38,793 - INFO - [sparse-mezo] global_step=1323 active_fraction=0.255387 active_params=336027699/1315758080 configured_ratio=0.250000 mask_strategy=percentile_per_layer scope=trainable_only

 55%|█████▌    | 1324/2405 [1:32:11<1:13:09,  4.06s/it]2026-04-17 05:36:42,866 - INFO - [sparse-mezo] global_step=1324 active_fraction=0.253892 active_params=334059871/1315758080 configured_ratio=0.250000 mask_strategy=percentile_per_layer scope=trainable_only

 55%|█████▌    | 1325/2405 [1:32:15<1:13:07,  4.06s/it]2026-04-17 05:36:46,920 - INFO - [sparse-mezo] global_step=1325 active_fraction=0.253410 active_params=333425783/1315758080 configured_ratio=0.250000 mask_strategy=percentile_per_layer scope=trainable_only

 55%|█████▌    | 1326/2405 [1:32:19<1:13:00,  4.06s/it]2026-04-17 05:36:50,977 - INFO - [sparse-mezo] global_step=1326 active_fraction=0.253409 active_params=333425195/1315758080 configured_ratio=0.250000 mask_strategy=percentile_per_layer scope=trainable_only

 55%|█████▌    | 1327/2405 [1:32:23<1:12:57,  4.06s/it]2026-04-17 05:36:55,038 - INFO - [sparse-mezo] global_step=1327 active_fraction=0.253409 active_params=333424573/1315758080 configured_ratio=0.250000 mask_strategy=percentile_per_layer scope=trainable_only

 55%|█████▌    | 1328/2405 [1:32:27<1:12:56,  4.06s/it]2026-04-17 05:36:59,118 - INFO - [sparse-mezo] global_step=1328 active_fraction=0.253558 active_params=333620834/1315758080 configured_ratio=0.250000 mask_strategy=percentile_per_layer scope=trainable_only

 55%|█████▌    | 1329/2405 [1:32:32<1:12:57,  4.07s/it]2026-04-17 05:37:03,195 - INFO - [sparse-mezo] global_step=1329 active_fraction=0.253557 active_params=333620245/1315758080 configured_ratio=0.250000 mask_strategy=percentile_per_layer scope=trainable_only

 55%|█████▌    | 1330/2405 [1:32:36<1:12:51,  4.07s/it]2026-04-17 05:37:07,255 - INFO - [sparse-mezo] global_step=1330 active_fraction=0.253112 active_params=333034673/1315758080 configured_ratio=0.250000 mask_strategy=percentile_per_layer scope=trainable_only

 55%|█████▌    | 1331/2405 [1:32:40<1:12:47,  4.07s/it]2026-04-17 05:37:11,297 - INFO - [sparse-mezo] global_step=1331 active_fraction=0.254399 active_params=334726955/1315758080 configured_ratio=0.250000 mask_strategy=percentile_per_layer scope=trainable_only

 55%|█████▌    | 1332/2405 [1:32:44<1:12:41,  4.06s/it]2026-04-17 05:37:15,416 - INFO - [sparse-mezo] global_step=1332 active_fraction=0.252729 active_params=332530699/1315758080 configured_ratio=0.250000 mask_strategy=percentile_per_layer scope=trainable_only

 55%|█████▌    | 1333/2405 [1:32:48<1:12:46,  4.07s/it]2026-04-17 05:37:19,450 - INFO - [sparse-mezo] global_step=1333 active_fraction=0.253665 active_params=333761597/1315758080 configured_ratio=0.250000 mask_strategy=percentile_per_layer scope=trainable_only

 55%|█████▌    | 1334/2405 [1:32:52<1:12:35,  4.07s/it]2026-04-17 05:37:23,502 - INFO - [sparse-mezo] global_step=1334 active_fraction=0.253664 active_params=333761032/1315758080 configured_ratio=0.250000 mask_strategy=percentile_per_layer scope=trainable_only

 56%|█████▌    | 1335/2405 [1:32:56<1:12:26,  4.06s/it]2026-04-17 05:37:27,554 - INFO - [sparse-mezo] global_step=1335 active_fraction=0.253664 active_params=333760518/1315758080 configured_ratio=0.250000 mask_strategy=percentile_per_layer scope=trainable_only

 56%|█████▌    | 1336/2405 [1:33:00<1:12:21,  4.06s/it]2026-04-17 05:37:31,611 - INFO - [sparse-mezo] global_step=1336 active_fraction=0.253664 active_params=333759927/1315758080 configured_ratio=0.250000 mask_strategy=percentile_per_layer scope=trainable_only

 56%|█████▌    | 1337/2405 [1:33:04<1:12:13,  4.06s/it]2026-04-17 05:37:35,661 - INFO - [sparse-mezo] global_step=1337 active_fraction=0.253663 active_params=333759395/1315758080 configured_ratio=0.250000 mask_strategy=percentile_per_layer scope=trainable_only

 56%|█████▌    | 1338/2405 [1:33:08<1:12:09,  4.06s/it]2026-04-17 05:37:39,718 - INFO - [sparse-mezo] global_step=1338 active_fraction=0.253663 active_params=333758870/1315758080 configured_ratio=0.250000 mask_strategy=percentile_per_layer scope=trainable_only

 56%|█████▌    | 1339/2405 [1:33:12<1:11:59,  4.05s/it]2026-04-17 05:37:43,815 - INFO - [sparse-mezo] global_step=1339 active_fraction=0.252720 active_params=332517826/1315758080 configured_ratio=0.250000 mask_strategy=percentile_per_layer scope=trainable_only

 56%|█████▌    | 1340/2405 [1:33:16<1:12:16,  4.07s/it]2026-04-17 05:37:47,935 - INFO - [sparse-mezo] global_step=1340 active_fraction=0.252719 active_params=332517300/1315758080 configured_ratio=0.250000 mask_strategy=percentile_per_layer scope=trainable_only

 56%|█████▌    | 1341/2405 [1:33:20<1:12:21,  4.08s/it]2026-04-17 05:37:51,980 - INFO - [sparse-mezo] global_step=1341 active_fraction=0.253420 active_params=333439174/1315758080 configured_ratio=0.250000 mask_strategy=percentile_per_layer scope=trainable_only

 56%|█████▌    | 1342/2405 [1:33:24<1:12:09,  4.07s/it]2026-04-17 05:37:56,034 - INFO - [sparse-mezo] global_step=1342 active_fraction=0.253419 active_params=333438607/1315758080 configured_ratio=0.250000 mask_strategy=percentile_per_layer scope=trainable_only

 56%|█████▌    | 1343/2405 [1:33:28<1:12:02,  4.07s/it]2026-04-17 05:38:00,145 - INFO - [sparse-mezo] global_step=1343 active_fraction=0.253067 active_params=332975258/1315758080 configured_ratio=0.250000 mask_strategy=percentile_per_layer scope=trainable_only

 56%|█████▌    | 1344/2405 [1:33:33<1:12:11,  4.08s/it]2026-04-17 05:38:04,227 - INFO - [sparse-mezo] global_step=1344 active_fraction=0.255505 active_params=336182927/1315758080 configured_ratio=0.250000 mask_strategy=percentile_per_layer scope=trainable_only

 56%|█████▌    | 1345/2405 [1:33:37<1:12:03,  4.08s/it]2026-04-17 05:38:08,296 - INFO - [sparse-mezo] global_step=1345 active_fraction=0.255505 active_params=336182402/1315758080 configured_ratio=0.250000 mask_strategy=percentile_per_layer scope=trainable_only

 56%|█████▌    | 1346/2405 [1:33:41<1:11:56,  4.08s/it]2026-04-17 05:38:12,391 - INFO - [sparse-mezo] global_step=1346 active_fraction=0.253146 active_params=333079118/1315758080 configured_ratio=0.250000 mask_strategy=percentile_per_layer scope=trainable_only

 56%|█████▌    | 1347/2405 [1:33:45<1:11:55,  4.08s/it]2026-04-17 05:38:16,463 - INFO - [sparse-mezo] global_step=1347 active_fraction=0.254833 active_params=335298332/1315758080 configured_ratio=0.250000 mask_strategy=percentile_per_layer scope=trainable_only

 56%|█████▌    | 1348/2405 [1:33:49<1:11:49,  4.08s/it]2026-04-17 05:38:20,556 - INFO - [sparse-mezo] global_step=1348 active_fraction=0.254520 active_params=334886877/1315758080 configured_ratio=0.250000 mask_strategy=percentile_per_layer scope=trainable_only

 56%|█████▌    | 1349/2405 [1:33:53<1:11:56,  4.09s/it]2026-04-17 05:38:24,620 - INFO - [sparse-mezo] global_step=1349 active_fraction=0.254955 active_params=335459675/1315758080 configured_ratio=0.250000 mask_strategy=percentile_per_layer scope=trainable_only

 56%|█████▌    | 1350/2405 [1:33:57<1:11:38,  4.07s/it]2026-04-17 05:38:28,670 - INFO - [sparse-mezo] global_step=1350 active_fraction=0.254955 active_params=335459157/1315758080 configured_ratio=0.250000 mask_strategy=percentile_per_layer scope=trainable_only

 56%|█████▌    | 1351/2405 [1:34:01<1:11:29,  4.07s/it]2026-04-17 05:38:32,729 - INFO - [sparse-mezo] global_step=1351 active_fraction=0.254955 active_params=335458661/1315758080 configured_ratio=0.250000 mask_strategy=percentile_per_layer scope=trainable_only

 56%|█████▌    | 1352/2405 [1:34:05<1:11:22,  4.07s/it]2026-04-17 05:38:36,789 - INFO - [sparse-mezo] global_step=1352 active_fraction=0.254954 active_params=335458105/1315758080 configured_ratio=0.250000 mask_strategy=percentile_per_layer scope=trainable_only

 56%|█████▋    | 1353/2405 [1:34:09<1:11:13,  4.06s/it]2026-04-17 05:38:40,860 - INFO - [sparse-mezo] global_step=1353 active_fraction=0.253141 active_params=333072308/1315758080 configured_ratio=0.250000 mask_strategy=percentile_per_layer scope=trainable_only

 56%|█████▋    | 1354/2405 [1:34:13<1:11:11,  4.06s/it]2026-04-17 05:38:44,929 - INFO - [sparse-mezo] global_step=1354 active_fraction=0.253141 active_params=333071767/1315758080 configured_ratio=0.250000 mask_strategy=percentile_per_layer scope=trainable_only

 56%|█████▋    | 1355/2405 [1:34:17<1:11:09,  4.07s/it]2026-04-17 05:38:49,005 - INFO - [sparse-mezo] global_step=1355 active_fraction=0.253140 active_params=333071197/1315758080 configured_ratio=0.250000 mask_strategy=percentile_per_layer scope=trainable_only

 56%|█████▋    | 1356/2405 [1:34:21<1:11:08,  4.07s/it]2026-04-17 05:38:53,082 - INFO - [sparse-mezo] global_step=1356 active_fraction=0.253140 active_params=333070615/1315758080 configured_ratio=0.250000 mask_strategy=percentile_per_layer scope=trainable_only

 56%|█████▋    | 1357/2405 [1:34:26<1:11:10,  4.07s/it]2026-04-17 05:38:57,175 - INFO - [sparse-mezo] global_step=1357 active_fraction=0.254181 active_params=334440187/1315758080 configured_ratio=0.250000 mask_strategy=percentile_per_layer scope=trainable_only

 56%|█████▋    | 1358/2405 [1:34:30<1:11:08,  4.08s/it]2026-04-17 05:39:01,267 - INFO - [sparse-mezo] global_step=1358 active_fraction=0.254324 active_params=334629237/1315758080 configured_ratio=0.250000 mask_strategy=percentile_per_layer scope=trainable_only

 57%|█████▋    | 1359/2405 [1:34:34<1:11:12,  4.08s/it]2026-04-17 05:39:05,359 - INFO - [sparse-mezo] global_step=1359 active_fraction=0.255622 active_params=336337124/1315758080 configured_ratio=0.250000 mask_strategy=percentile_per_layer scope=trainable_only

 57%|█████▋    | 1360/2405 [1:34:38<1:11:07,  4.08s/it]2026-04-17 05:39:09,415 - INFO - [sparse-mezo] global_step=1360 active_fraction=0.254815 active_params=335275246/1315758080 configured_ratio=0.250000 mask_strategy=percentile_per_layer scope=trainable_only

 57%|█████▋    | 1361/2405 [1:34:42<1:10:57,  4.08s/it]2026-04-17 05:39:13,487 - INFO - [sparse-mezo] global_step=1361 active_fraction=0.254815 active_params=335274765/1315758080 configured_ratio=0.250000 mask_strategy=percentile_per_layer scope=trainable_only

 57%|█████▋    | 1362/2405 [1:34:46<1:10:48,  4.07s/it]2026-04-17 05:39:17,550 - INFO - [sparse-mezo] global_step=1362 active_fraction=0.254815 active_params=335274252/1315758080 configured_ratio=0.250000 mask_strategy=percentile_per_layer scope=trainable_only

 57%|█████▋    | 1363/2405 [1:34:50<1:10:44,  4.07s/it]2026-04-17 05:39:21,640 - INFO - [sparse-mezo] global_step=1363 active_fraction=0.255220 active_params=335808320/1315758080 configured_ratio=0.250000 mask_strategy=percentile_per_layer scope=trainable_only

 57%|█████▋    | 1364/2405 [1:34:54<1:10:42,  4.08s/it]2026-04-17 05:39:25,724 - INFO - [sparse-mezo] global_step=1364 active_fraction=0.255220 active_params=335807780/1315758080 configured_ratio=0.250000 mask_strategy=percentile_per_layer scope=trainable_only

 57%|█████▋    | 1365/2405 [1:34:58<1:10:44,  4.08s/it]2026-04-17 05:39:29,811 - INFO - [sparse-mezo] global_step=1365 active_fraction=0.256677 active_params=337724927/1315758080 configured_ratio=0.250000 mask_strategy=percentile_per_layer scope=trainable_only

 57%|█████▋    | 1366/2405 [1:35:02<1:10:41,  4.08s/it]2026-04-17 05:39:33,897 - INFO - [sparse-mezo] global_step=1366 active_fraction=0.256677 active_params=337724374/1315758080 configured_ratio=0.250000 mask_strategy=percentile_per_layer scope=trainable_only

 57%|█████▋    | 1367/2405 [1:35:06<1:10:38,  4.08s/it]2026-04-17 05:39:37,988 - INFO - [sparse-mezo] global_step=1367 active_fraction=0.254807 active_params=335264039/1315758080 configured_ratio=0.250000 mask_strategy=percentile_per_layer scope=trainable_only

 57%|█████▋    | 1368/2405 [1:35:10<1:10:36,  4.09s/it]2026-04-17 05:39:42,076 - INFO - [sparse-mezo] global_step=1368 active_fraction=0.254806 active_params=335263509/1315758080 configured_ratio=0.250000 mask_strategy=percentile_per_layer scope=trainable_only

 57%|█████▋    | 1369/2405 [1:35:14<1:10:30,  4.08s/it]2026-04-17 05:39:46,152 - INFO - [sparse-mezo] global_step=1369 active_fraction=0.256168 active_params=337054917/1315758080 configured_ratio=0.250000 mask_strategy=percentile_per_layer scope=trainable_only

 57%|█████▋    | 1370/2405 [1:35:19<1:10:22,  4.08s/it]2026-04-17 05:39:50,223 - INFO - [sparse-mezo] global_step=1370 active_fraction=0.256167 active_params=337054367/1315758080 configured_ratio=0.250000 mask_strategy=percentile_per_layer scope=trainable_only

 57%|█████▋    | 1371/2405 [1:35:23<1:10:17,  4.08s/it]2026-04-17 05:39:54,302 - INFO - [sparse-mezo] global_step=1371 active_fraction=0.256167 active_params=337053811/1315758080 configured_ratio=0.250000 mask_strategy=percentile_per_layer scope=trainable_only

 57%|█████▋    | 1372/2405 [1:35:27<1:10:13,  4.08s/it]2026-04-17 05:39:58,382 - INFO - [sparse-mezo] global_step=1372 active_fraction=0.256167 active_params=337053297/1315758080 configured_ratio=0.250000 mask_strategy=percentile_per_layer scope=trainable_only

 57%|█████▋    | 1373/2405 [1:35:31<1:10:09,  4.08s/it]2026-04-17 05:40:02,461 - INFO - [sparse-mezo] global_step=1373 active_fraction=0.256166 active_params=337052731/1315758080 configured_ratio=0.250000 mask_strategy=percentile_per_layer scope=trainable_only

 57%|█████▋    | 1374/2405 [1:35:35<1:10:04,  4.08s/it]2026-04-17 05:40:06,536 - INFO - [sparse-mezo] global_step=1374 active_fraction=0.256166 active_params=337052200/1315758080 configured_ratio=0.250000 mask_strategy=percentile_per_layer scope=trainable_only

 57%|█████▋    | 1375/2405 [1:35:39<1:10:03,  4.08s/it]2026-04-17 05:40:10,626 - INFO - [sparse-mezo] global_step=1375 active_fraction=0.254387 active_params=334712163/1315758080 configured_ratio=0.250000 mask_strategy=percentile_per_layer scope=trainable_only

 57%|█████▋    | 1376/2405 [1:35:43<1:09:59,  4.08s/it]2026-04-17 05:40:14,707 - INFO - [sparse-mezo] global_step=1376 active_fraction=0.254387 active_params=334711613/1315758080 configured_ratio=0.250000 mask_strategy=percentile_per_layer scope=trainable_only

 57%|█████▋    | 1377/2405 [1:35:47<1:09:55,  4.08s/it]2026-04-17 05:40:18,787 - INFO - [sparse-mezo] global_step=1377 active_fraction=0.254386 active_params=334711076/1315758080 configured_ratio=0.250000 mask_strategy=percentile_per_layer scope=trainable_only

 57%|█████▋    | 1378/2405 [1:35:51<1:09:53,  4.08s/it]2026-04-17 05:40:22,851 - INFO - [sparse-mezo] global_step=1378 active_fraction=0.254456 active_params=334802820/1315758080 configured_ratio=0.250000 mask_strategy=percentile_per_layer scope=trainable_only

 57%|█████▋    | 1379/2405 [1:35:55<1:09:43,  4.08s/it]2026-04-17 05:40:26,947 - INFO - [sparse-mezo] global_step=1379 active_fraction=0.254217 active_params=334488461/1315758080 configured_ratio=0.250000 mask_strategy=percentile_per_layer scope=trainable_only

 57%|█████▋    | 1380/2405 [1:35:59<1:09:44,  4.08s/it]2026-04-17 05:40:31,009 - INFO - [sparse-mezo] global_step=1380 active_fraction=0.254688 active_params=335108326/1315758080 configured_ratio=0.250000 mask_strategy=percentile_per_layer scope=trainable_only

 57%|█████▋    | 1381/2405 [1:36:03<1:09:31,  4.07s/it]2026-04-17 05:40:35,062 - INFO - [sparse-mezo] global_step=1381 active_fraction=0.254326 active_params=334631542/1315758080 configured_ratio=0.250000 mask_strategy=percentile_per_layer scope=trainable_only

 57%|█████▋    | 1382/2405 [1:36:07<1:09:21,  4.07s/it]2026-04-17 05:40:39,112 - INFO - [sparse-mezo] global_step=1382 active_fraction=0.254326 active_params=334630987/1315758080 configured_ratio=0.250000 mask_strategy=percentile_per_layer scope=trainable_only

 58%|█████▊    | 1383/2405 [1:36:12<1:09:11,  4.06s/it]2026-04-17 05:40:43,213 - INFO - [sparse-mezo] global_step=1383 active_fraction=0.253548 active_params=333607898/1315758080 configured_ratio=0.250000 mask_strategy=percentile_per_layer scope=trainable_only

 58%|█████▊    | 1384/2405 [1:36:16<1:09:19,  4.07s/it]2026-04-17 05:40:47,314 - INFO - [sparse-mezo] global_step=1384 active_fraction=0.253548 active_params=333607362/1315758080 configured_ratio=0.250000 mask_strategy=percentile_per_layer scope=trainable_only

 58%|█████▊    | 1385/2405 [1:36:20<1:09:27,  4.09s/it]2026-04-17 05:40:51,379 - INFO - [sparse-mezo] global_step=1385 active_fraction=0.254469 active_params=334819060/1315758080 configured_ratio=0.250000 mask_strategy=percentile_per_layer scope=trainable_only

 58%|█████▊    | 1386/2405 [1:36:24<1:09:13,  4.08s/it]2026-04-17 05:40:55,432 - INFO - [sparse-mezo] global_step=1386 active_fraction=0.254468 active_params=334818526/1315758080 configured_ratio=0.250000 mask_strategy=percentile_per_layer scope=trainable_only

 58%|█████▊    | 1387/2405 [1:36:28<1:09:02,  4.07s/it]2026-04-17 05:40:59,486 - INFO - [sparse-mezo] global_step=1387 active_fraction=0.254468 active_params=334817992/1315758080 configured_ratio=0.250000 mask_strategy=percentile_per_layer scope=trainable_only

 58%|█████▊    | 1388/2405 [1:36:32<1:08:52,  4.06s/it]2026-04-17 05:41:03,534 - INFO - [sparse-mezo] global_step=1388 active_fraction=0.254467 active_params=334817470/1315758080 configured_ratio=0.250000 mask_strategy=percentile_per_layer scope=trainable_only

 58%|█████▊    | 1389/2405 [1:36:36<1:08:43,  4.06s/it]2026-04-17 05:41:07,583 - INFO - [sparse-mezo] global_step=1389 active_fraction=0.254467 active_params=334816960/1315758080 configured_ratio=0.250000 mask_strategy=percentile_per_layer scope=trainable_only

 58%|█████▊    | 1390/2405 [1:36:40<1:08:43,  4.06s/it]2026-04-17 05:41:11,653 - INFO - [sparse-mezo] global_step=1390 active_fraction=0.254467 active_params=334816453/1315758080 configured_ratio=0.250000 mask_strategy=percentile_per_layer scope=trainable_only

 58%|█████▊    | 1391/2405 [1:36:44<1:08:34,  4.06s/it]2026-04-17 05:41:15,750 - INFO - [sparse-mezo] global_step=1391 active_fraction=0.253685 active_params=333788233/1315758080 configured_ratio=0.250000 mask_strategy=percentile_per_layer scope=trainable_only

 58%|█████▊    | 1392/2405 [1:36:48<1:08:42,  4.07s/it]2026-04-17 05:41:19,844 - INFO - [sparse-mezo] global_step=1392 active_fraction=0.253685 active_params=333787724/1315758080 configured_ratio=0.250000 mask_strategy=percentile_per_layer scope=trainable_only

 58%|█████▊    | 1393/2405 [1:36:52<1:08:50,  4.08s/it]2026-04-17 05:41:23,937 - INFO - [sparse-mezo] global_step=1393 active_fraction=0.255086 active_params=335631124/1315758080 configured_ratio=0.250000 mask_strategy=percentile_per_layer scope=trainable_only

 58%|█████▊    | 1394/2405 [1:36:56<1:08:45,  4.08s/it]2026-04-17 05:41:28,013 - INFO - [sparse-mezo] global_step=1394 active_fraction=0.255085 active_params=335630618/1315758080 configured_ratio=0.250000 mask_strategy=percentile_per_layer scope=trainable_only

 58%|█████▊    | 1395/2405 [1:37:00<1:08:47,  4.09s/it]2026-04-17 05:41:32,117 - INFO - [sparse-mezo] global_step=1395 active_fraction=0.255085 active_params=335630102/1315758080 configured_ratio=0.250000 mask_strategy=percentile_per_layer scope=trainable_only

 58%|█████▊    | 1396/2405 [1:37:05<1:08:42,  4.09s/it]2026-04-17 05:41:36,198 - INFO - [sparse-mezo] global_step=1396 active_fraction=0.255085 active_params=335629545/1315758080 configured_ratio=0.250000 mask_strategy=percentile_per_layer scope=trainable_only

 58%|█████▊    | 1397/2405 [1:37:09<1:08:37,  4.08s/it]2026-04-17 05:41:40,284 - INFO - [sparse-mezo] global_step=1397 active_fraction=0.255084 active_params=335629031/1315758080 configured_ratio=0.250000 mask_strategy=percentile_per_layer scope=trainable_only

 58%|█████▊    | 1398/2405 [1:37:13<1:08:36,  4.09s/it]2026-04-17 05:41:44,380 - INFO - [sparse-mezo] global_step=1398 active_fraction=0.255084 active_params=335628459/1315758080 configured_ratio=0.250000 mask_strategy=percentile_per_layer scope=trainable_only

 58%|█████▊    | 1399/2405 [1:37:17<1:08:37,  4.09s/it]2026-04-17 05:41:48,483 - INFO - [sparse-mezo] global_step=1399 active_fraction=0.255083 active_params=335627952/1315758080 configured_ratio=0.250000 mask_strategy=percentile_per_layer scope=trainable_only

 58%|█████▊    | 1400/2405 [1:37:21<1:08:36,  4.10s/it]2026-04-17 05:41:52,565 - INFO - [sparse-mezo] global_step=1400 active_fraction=0.254584 active_params=334971001/1315758080 configured_ratio=0.250000 mask_strategy=percentile_per_layer scope=trainable_only
2026-04-17 05:41:56,262 - INFO - [zo_probe] step=1400 eps=1.000e-06 precision=fp16 n=16 mae=8.626840e+02 mse=1.305957e+06 rmse=1.142785e+03 sign_acc=0.3125 corr=0.016105

 58%|█████▊    | 1401/2405 [1:37:29<1:26:56,  5.20s/it]2026-04-17 05:42:00,328 - INFO - [sparse-mezo] global_step=1401 active_fraction=0.254577 active_params=334962078/1315758080 configured_ratio=0.250000 mask_strategy=percentile_per_layer scope=trainable_only

 58%|█████▊    | 1402/2405 [1:37:33<1:21:13,  4.86s/it]2026-04-17 05:42:04,407 - INFO - [sparse-mezo] global_step=1402 active_fraction=0.254577 active_params=334961537/1315758080 configured_ratio=0.250000 mask_strategy=percentile_per_layer scope=trainable_only

 58%|█████▊    | 1403/2405 [1:37:37<1:17:14,  4.62s/it]2026-04-17 05:42:08,480 - INFO - [sparse-mezo] global_step=1403 active_fraction=0.254576 active_params=334960987/1315758080 configured_ratio=0.250000 mask_strategy=percentile_per_layer scope=trainable_only

 58%|█████▊    | 1404/2405 [1:37:41<1:14:26,  4.46s/it]2026-04-17 05:42:12,565 - INFO - [sparse-mezo] global_step=1404 active_fraction=0.254576 active_params=334960404/1315758080 configured_ratio=0.250000 mask_strategy=percentile_per_layer scope=trainable_only

 58%|█████▊    | 1405/2405 [1:37:45<1:12:26,  4.35s/it]2026-04-17 05:42:16,640 - INFO - [sparse-mezo] global_step=1405 active_fraction=0.254576 active_params=334959883/1315758080 configured_ratio=0.250000 mask_strategy=percentile_per_layer scope=trainable_only

 58%|█████▊    | 1406/2405 [1:37:49<1:11:03,  4.27s/it]2026-04-17 05:42:20,712 - INFO - [sparse-mezo] global_step=1406 active_fraction=0.254312 active_params=334613071/1315758080 configured_ratio=0.250000 mask_strategy=percentile_per_layer scope=trainable_only

 59%|█████▊    | 1407/2405 [1:37:53<1:09:53,  4.20s/it]2026-04-17 05:42:24,759 - INFO - [sparse-mezo] global_step=1407 active_fraction=0.254312 active_params=334612555/1315758080 configured_ratio=0.250000 mask_strategy=percentile_per_layer scope=trainable_only

 59%|█████▊    | 1408/2405 [1:37:57<1:09:04,  4.16s/it]2026-04-17 05:42:28,842 - INFO - [sparse-mezo] global_step=1408 active_fraction=0.252783 active_params=332601473/1315758080 configured_ratio=0.250000 mask_strategy=percentile_per_layer scope=trainable_only

 59%|█████▊    | 1409/2405 [1:38:01<1:08:36,  4.13s/it]2026-04-17 05:42:32,919 - INFO - [sparse-mezo] global_step=1409 active_fraction=0.252783 active_params=332600969/1315758080 configured_ratio=0.250000 mask_strategy=percentile_per_layer scope=trainable_only

 59%|█████▊    | 1410/2405 [1:38:05<1:08:17,  4.12s/it]2026-04-17 05:42:36,981 - INFO - [sparse-mezo] global_step=1410 active_fraction=0.253963 active_params=334154483/1315758080 configured_ratio=0.250000 mask_strategy=percentile_per_layer scope=trainable_only

 59%|█████▊    | 1411/2405 [1:38:09<1:07:56,  4.10s/it]2026-04-17 05:42:41,038 - INFO - [sparse-mezo] global_step=1411 active_fraction=0.254965 active_params=335472505/1315758080 configured_ratio=0.250000 mask_strategy=percentile_per_layer scope=trainable_only

 59%|█████▊    | 1412/2405 [1:38:13<1:07:39,  4.09s/it]2026-04-17 05:42:45,123 - INFO - [sparse-mezo] global_step=1412 active_fraction=0.254429 active_params=334766917/1315758080 configured_ratio=0.250000 mask_strategy=percentile_per_layer scope=trainable_only

 59%|█████▉    | 1413/2405 [1:38:18<1:07:34,  4.09s/it]2026-04-17 05:42:49,183 - INFO - [sparse-mezo] global_step=1413 active_fraction=0.254797 active_params=335251663/1315758080 configured_ratio=0.250000 mask_strategy=percentile_per_layer scope=trainable_only

 59%|█████▉    | 1414/2405 [1:38:22<1:07:22,  4.08s/it]2026-04-17 05:42:53,288 - INFO - [sparse-mezo] global_step=1414 active_fraction=0.253775 active_params=333906766/1315758080 configured_ratio=0.250000 mask_strategy=percentile_per_layer scope=trainable_only

 59%|█████▉    | 1415/2405 [1:38:26<1:07:28,  4.09s/it]2026-04-17 05:42:57,384 - INFO - [sparse-mezo] global_step=1415 active_fraction=0.255681 active_params=336414637/1315758080 configured_ratio=0.250000 mask_strategy=percentile_per_layer scope=trainable_only

 59%|█████▉    | 1416/2405 [1:38:30<1:07:24,  4.09s/it]2026-04-17 05:43:01,471 - INFO - [sparse-mezo] global_step=1416 active_fraction=0.255681 active_params=336414114/1315758080 configured_ratio=0.250000 mask_strategy=percentile_per_layer scope=trainable_only

 59%|█████▉    | 1417/2405 [1:38:34<1:07:18,  4.09s/it]2026-04-17 05:43:05,558 - INFO - [sparse-mezo] global_step=1417 active_fraction=0.255680 active_params=336413617/1315758080 configured_ratio=0.250000 mask_strategy=percentile_per_layer scope=trainable_only

 59%|█████▉    | 1418/2405 [1:38:38<1:07:17,  4.09s/it]2026-04-17 05:43:09,655 - INFO - [sparse-mezo] global_step=1418 active_fraction=0.255680 active_params=336413083/1315758080 configured_ratio=0.250000 mask_strategy=percentile_per_layer scope=trainable_only

 59%|█████▉    | 1419/2405 [1:38:42<1:07:17,  4.10s/it]2026-04-17 05:43:13,751 - INFO - [sparse-mezo] global_step=1419 active_fraction=0.253824 active_params=333970641/1315758080 configured_ratio=0.250000 mask_strategy=percentile_per_layer scope=trainable_only

 59%|█████▉    | 1420/2405 [1:38:46<1:07:14,  4.10s/it]2026-04-17 05:43:17,830 - INFO - [sparse-mezo] global_step=1420 active_fraction=0.253701 active_params=333809651/1315758080 configured_ratio=0.250000 mask_strategy=percentile_per_layer scope=trainable_only

 59%|█████▉    | 1421/2405 [1:38:50<1:07:02,  4.09s/it]2026-04-17 05:43:21,902 - INFO - [sparse-mezo] global_step=1421 active_fraction=0.253701 active_params=333809112/1315758080 configured_ratio=0.250000 mask_strategy=percentile_per_layer scope=trainable_only

 59%|█████▉    | 1422/2405 [1:38:54<1:06:56,  4.09s/it]2026-04-17 05:43:25,984 - INFO - [sparse-mezo] global_step=1422 active_fraction=0.253701 active_params=333808587/1315758080 configured_ratio=0.250000 mask_strategy=percentile_per_layer scope=trainable_only

 59%|█████▉    | 1423/2405 [1:38:58<1:06:45,  4.08s/it]2026-04-17 05:43:30,022 - INFO - [sparse-mezo] global_step=1423 active_fraction=0.254280 active_params=334571132/1315758080 configured_ratio=0.250000 mask_strategy=percentile_per_layer scope=trainable_only

 59%|█████▉    | 1424/2405 [1:39:02<1:06:32,  4.07s/it]2026-04-17 05:43:34,071 - INFO - [sparse-mezo] global_step=1424 active_fraction=0.254280 active_params=334570624/1315758080 configured_ratio=0.250000 mask_strategy=percentile_per_layer scope=trainable_only

 59%|█████▉    | 1425/2405 [1:39:06<1:06:19,  4.06s/it]2026-04-17 05:43:38,122 - INFO - [sparse-mezo] global_step=1425 active_fraction=0.254290 active_params=334584099/1315758080 configured_ratio=0.250000 mask_strategy=percentile_per_layer scope=trainable_only

 59%|█████▉    | 1426/2405 [1:39:11<1:06:15,  4.06s/it]2026-04-17 05:43:42,188 - INFO - [sparse-mezo] global_step=1426 active_fraction=0.254290 active_params=334583592/1315758080 configured_ratio=0.250000 mask_strategy=percentile_per_layer scope=trainable_only

 59%|█████▉    | 1427/2405 [1:39:15<1:06:12,  4.06s/it]2026-04-17 05:43:46,254 - INFO - [sparse-mezo] global_step=1427 active_fraction=0.254289 active_params=334583097/1315758080 configured_ratio=0.250000 mask_strategy=percentile_per_layer scope=trainable_only

 59%|█████▉    | 1428/2405 [1:39:19<1:06:07,  4.06s/it]2026-04-17 05:43:50,307 - INFO - [sparse-mezo] global_step=1428 active_fraction=0.254289 active_params=334582551/1315758080 configured_ratio=0.250000 mask_strategy=percentile_per_layer scope=trainable_only

 59%|█████▉    | 1429/2405 [1:39:23<1:06:00,  4.06s/it]2026-04-17 05:43:54,376 - INFO - [sparse-mezo] global_step=1429 active_fraction=0.256226 active_params=337130885/1315758080 configured_ratio=0.250000 mask_strategy=percentile_per_layer scope=trainable_only

 59%|█████▉    | 1430/2405 [1:39:27<1:06:03,  4.06s/it]2026-04-17 05:43:58,470 - INFO - [sparse-mezo] global_step=1430 active_fraction=0.254480 active_params=334833480/1315758080 configured_ratio=0.250000 mask_strategy=percentile_per_layer scope=trainable_only

 60%|█████▉    | 1431/2405 [1:39:31<1:06:03,  4.07s/it]2026-04-17 05:44:02,550 - INFO - [sparse-mezo] global_step=1431 active_fraction=0.254479 active_params=334832973/1315758080 configured_ratio=0.250000 mask_strategy=percentile_per_layer scope=trainable_only

 60%|█████▉    | 1432/2405 [1:39:35<1:06:02,  4.07s/it]2026-04-17 05:44:06,628 - INFO - [sparse-mezo] global_step=1432 active_fraction=0.254479 active_params=334832510/1315758080 configured_ratio=0.250000 mask_strategy=percentile_per_layer scope=trainable_only

 60%|█████▉    | 1433/2405 [1:39:39<1:06:03,  4.08s/it]2026-04-17 05:44:10,720 - INFO - [sparse-mezo] global_step=1433 active_fraction=0.254478 active_params=334832000/1315758080 configured_ratio=0.250000 mask_strategy=percentile_per_layer scope=trainable_only

 60%|█████▉    | 1434/2405 [1:39:43<1:06:03,  4.08s/it]2026-04-17 05:44:14,807 - INFO - [sparse-mezo] global_step=1434 active_fraction=0.253213 active_params=333167488/1315758080 configured_ratio=0.250000 mask_strategy=percentile_per_layer scope=trainable_only

 60%|█████▉    | 1435/2405 [1:39:47<1:05:58,  4.08s/it]2026-04-17 05:44:18,863 - INFO - [sparse-mezo] global_step=1435 active_fraction=0.255098 active_params=335646721/1315758080 configured_ratio=0.250000 mask_strategy=percentile_per_layer scope=trainable_only

 60%|█████▉    | 1436/2405 [1:39:51<1:05:54,  4.08s/it]2026-04-17 05:44:22,946 - INFO - [sparse-mezo] global_step=1436 active_fraction=0.255097 active_params=335646225/1315758080 configured_ratio=0.250000 mask_strategy=percentile_per_layer scope=trainable_only

 60%|█████▉    | 1437/2405 [1:39:55<1:05:46,  4.08s/it]2026-04-17 05:44:27,013 - INFO - [sparse-mezo] global_step=1437 active_fraction=0.255097 active_params=335645712/1315758080 configured_ratio=0.250000 mask_strategy=percentile_per_layer scope=trainable_only

 60%|█████▉    | 1438/2405 [1:39:59<1:05:39,  4.07s/it]2026-04-17 05:44:31,086 - INFO - [sparse-mezo] global_step=1438 active_fraction=0.255499 active_params=336174315/1315758080 configured_ratio=0.250000 mask_strategy=percentile_per_layer scope=trainable_only

 60%|█████▉    | 1439/2405 [1:40:03<1:05:32,  4.07s/it]2026-04-17 05:44:35,193 - INFO - [sparse-mezo] global_step=1439 active_fraction=0.253605 active_params=333683461/1315758080 configured_ratio=0.250000 mask_strategy=percentile_per_layer scope=trainable_only

 60%|█████▉    | 1440/2405 [1:40:08<1:05:41,  4.08s/it]2026-04-17 05:44:39,259 - INFO - [sparse-mezo] global_step=1440 active_fraction=0.253845 active_params=333998582/1315758080 configured_ratio=0.250000 mask_strategy=percentile_per_layer scope=trainable_only

 60%|█████▉    | 1441/2405 [1:40:12<1:05:32,  4.08s/it]2026-04-17 05:44:43,324 - INFO - [sparse-mezo] global_step=1441 active_fraction=0.253845 active_params=333998079/1315758080 configured_ratio=0.250000 mask_strategy=percentile_per_layer scope=trainable_only

 60%|█████▉    | 1442/2405 [1:40:16<1:05:21,  4.07s/it]2026-04-17 05:44:47,368 - INFO - [sparse-mezo] global_step=1442 active_fraction=0.253844 active_params=333997558/1315758080 configured_ratio=0.250000 mask_strategy=percentile_per_layer scope=trainable_only

 60%|██████    | 1443/2405 [1:40:20<1:05:02,  4.06s/it]2026-04-17 05:44:51,451 - INFO - [sparse-mezo] global_step=1443 active_fraction=0.254092 active_params=334323439/1315758080 configured_ratio=0.250000 mask_strategy=percentile_per_layer scope=trainable_only

 60%|██████    | 1444/2405 [1:40:24<1:05:15,  4.07s/it]2026-04-17 05:44:55,537 - INFO - [sparse-mezo] global_step=1444 active_fraction=0.253016 active_params=332907476/1315758080 configured_ratio=0.250000 mask_strategy=percentile_per_layer scope=trainable_only

 60%|██████    | 1445/2405 [1:40:28<1:05:11,  4.07s/it]2026-04-17 05:44:59,613 - INFO - [sparse-mezo] global_step=1445 active_fraction=0.253015 active_params=332906999/1315758080 configured_ratio=0.250000 mask_strategy=percentile_per_layer scope=trainable_only

 60%|██████    | 1446/2405 [1:40:32<1:05:08,  4.08s/it]2026-04-17 05:45:03,707 - INFO - [sparse-mezo] global_step=1446 active_fraction=0.253982 active_params=334178365/1315758080 configured_ratio=0.250000 mask_strategy=percentile_per_layer scope=trainable_only

 60%|██████    | 1447/2405 [1:40:36<1:05:14,  4.09s/it]2026-04-17 05:45:07,803 - INFO - [sparse-mezo] global_step=1447 active_fraction=0.255183 active_params=335758725/1315758080 configured_ratio=0.250000 mask_strategy=percentile_per_layer scope=trainable_only

 60%|██████    | 1448/2405 [1:40:40<1:05:10,  4.09s/it]2026-04-17 05:45:11,892 - INFO - [sparse-mezo] global_step=1448 active_fraction=0.255182 active_params=335758224/1315758080 configured_ratio=0.250000 mask_strategy=percentile_per_layer scope=trainable_only

 60%|██████    | 1449/2405 [1:40:44<1:05:04,  4.08s/it]2026-04-17 05:45:15,970 - INFO - [sparse-mezo] global_step=1449 active_fraction=0.255182 active_params=335757771/1315758080 configured_ratio=0.250000 mask_strategy=percentile_per_layer scope=trainable_only

 60%|██████    | 1450/2405 [1:40:48<1:05:01,  4.09s/it]2026-04-17 05:45:20,063 - INFO - [sparse-mezo] global_step=1450 active_fraction=0.253966 active_params=334158228/1315758080 configured_ratio=0.250000 mask_strategy=percentile_per_layer scope=trainable_only

 60%|██████    | 1451/2405 [1:40:52<1:04:59,  4.09s/it]2026-04-17 05:45:24,152 - INFO - [sparse-mezo] global_step=1451 active_fraction=0.254657 active_params=335067481/1315758080 configured_ratio=0.250000 mask_strategy=percentile_per_layer scope=trainable_only

 60%|██████    | 1452/2405 [1:40:57<1:04:55,  4.09s/it]2026-04-17 05:45:28,288 - INFO - [sparse-mezo] global_step=1452 active_fraction=0.253682 active_params=333784737/1315758080 configured_ratio=0.250000 mask_strategy=percentile_per_layer scope=trainable_only

 60%|██████    | 1453/2405 [1:41:01<1:05:02,  4.10s/it]2026-04-17 05:45:32,415 - INFO - [sparse-mezo] global_step=1453 active_fraction=0.253682 active_params=333784257/1315758080 configured_ratio=0.250000 mask_strategy=percentile_per_layer scope=trainable_only

 60%|██████    | 1454/2405 [1:41:05<1:05:09,  4.11s/it]2026-04-17 05:45:36,515 - INFO - [sparse-mezo] global_step=1454 active_fraction=0.255994 active_params=336825740/1315758080 configured_ratio=0.250000 mask_strategy=percentile_per_layer scope=trainable_only

 60%|██████    | 1455/2405 [1:41:09<1:04:59,  4.10s/it]2026-04-17 05:45:40,612 - INFO - [sparse-mezo] global_step=1455 active_fraction=0.256387 active_params=337343634/1315758080 configured_ratio=0.250000 mask_strategy=percentile_per_layer scope=trainable_only

 61%|██████    | 1456/2405 [1:41:13<1:04:51,  4.10s/it]2026-04-17 05:45:44,811 - INFO - [sparse-mezo] global_step=1456 active_fraction=0.253705 active_params=333813967/1315758080 configured_ratio=0.250000 mask_strategy=percentile_per_layer scope=trainable_only

 61%|██████    | 1457/2405 [1:41:17<1:05:16,  4.13s/it]2026-04-17 05:45:48,861 - INFO - [sparse-mezo] global_step=1457 active_fraction=0.255916 active_params=336723599/1315758080 configured_ratio=0.250000 mask_strategy=percentile_per_layer scope=trainable_only

 61%|██████    | 1458/2405 [1:41:21<1:04:55,  4.11s/it]2026-04-17 05:45:53,010 - INFO - [sparse-mezo] global_step=1458 active_fraction=0.254229 active_params=334503368/1315758080 configured_ratio=0.250000 mask_strategy=percentile_per_layer scope=trainable_only

 61%|██████    | 1459/2405 [1:41:25<1:05:01,  4.12s/it]2026-04-17 05:45:57,154 - INFO - [sparse-mezo] global_step=1459 active_fraction=0.255830 active_params=336610808/1315758080 configured_ratio=0.250000 mask_strategy=percentile_per_layer scope=trainable_only

 61%|██████    | 1460/2405 [1:41:30<1:05:00,  4.13s/it]2026-04-17 05:46:01,288 - INFO - [sparse-mezo] global_step=1460 active_fraction=0.255830 active_params=336610396/1315758080 configured_ratio=0.250000 mask_strategy=percentile_per_layer scope=trainable_only

 61%|██████    | 1461/2405 [1:41:34<1:04:58,  4.13s/it]2026-04-17 05:46:05,485 - INFO - [sparse-mezo] global_step=1461 active_fraction=0.254241 active_params=334519892/1315758080 configured_ratio=0.250000 mask_strategy=percentile_per_layer scope=trainable_only

 61%|██████    | 1462/2405 [1:41:38<1:05:12,  4.15s/it]2026-04-17 05:46:09,637 - INFO - [sparse-mezo] global_step=1462 active_fraction=0.254347 active_params=334658831/1315758080 configured_ratio=0.250000 mask_strategy=percentile_per_layer scope=trainable_only

 61%|██████    | 1463/2405 [1:41:42<1:05:06,  4.15s/it]2026-04-17 05:46:13,813 - INFO - [sparse-mezo] global_step=1463 active_fraction=0.255138 active_params=335699612/1315758080 configured_ratio=0.250000 mask_strategy=percentile_per_layer scope=trainable_only

 61%|██████    | 1464/2405 [1:41:46<1:05:10,  4.16s/it]2026-04-17 05:46:17,995 - INFO - [sparse-mezo] global_step=1464 active_fraction=0.255042 active_params=335573103/1315758080 configured_ratio=0.250000 mask_strategy=percentile_per_layer scope=trainable_only

 61%|██████    | 1465/2405 [1:41:50<1:05:12,  4.16s/it]2026-04-17 05:46:22,208 - INFO - [sparse-mezo] global_step=1465 active_fraction=0.253702 active_params=333810896/1315758080 configured_ratio=0.250000 mask_strategy=percentile_per_layer scope=trainable_only

 61%|██████    | 1466/2405 [1:41:55<1:05:24,  4.18s/it]2026-04-17 05:46:26,278 - INFO - [sparse-mezo] global_step=1466 active_fraction=0.255999 active_params=336833199/1315758080 configured_ratio=0.250000 mask_strategy=percentile_per_layer scope=trainable_only

 61%|██████    | 1467/2405 [1:41:59<1:04:52,  4.15s/it]2026-04-17 05:46:30,361 - INFO - [sparse-mezo] global_step=1467 active_fraction=0.255999 active_params=336832706/1315758080 configured_ratio=0.250000 mask_strategy=percentile_per_layer scope=trainable_only

 61%|██████    | 1468/2405 [1:42:03<1:04:29,  4.13s/it]2026-04-17 05:46:34,441 - INFO - [sparse-mezo] global_step=1468 active_fraction=0.255999 active_params=336832197/1315758080 configured_ratio=0.250000 mask_strategy=percentile_per_layer scope=trainable_only

 61%|██████    | 1469/2405 [1:42:07<1:04:08,  4.11s/it]2026-04-17 05:46:38,555 - INFO - [sparse-mezo] global_step=1469 active_fraction=0.254887 active_params=335370074/1315758080 configured_ratio=0.250000 mask_strategy=percentile_per_layer scope=trainable_only

 61%|██████    | 1470/2405 [1:42:11<1:04:05,  4.11s/it]2026-04-17 05:46:42,608 - INFO - [sparse-mezo] global_step=1470 active_fraction=0.256517 active_params=337514720/1315758080 configured_ratio=0.250000 mask_strategy=percentile_per_layer scope=trainable_only

 61%|██████    | 1471/2405 [1:42:15<1:03:46,  4.10s/it]2026-04-17 05:46:46,669 - INFO - [sparse-mezo] global_step=1471 active_fraction=0.256517 active_params=337514217/1315758080 configured_ratio=0.250000 mask_strategy=percentile_per_layer scope=trainable_only

 61%|██████    | 1472/2405 [1:42:19<1:03:32,  4.09s/it]2026-04-17 05:46:50,763 - INFO - [sparse-mezo] global_step=1472 active_fraction=0.254845 active_params=335313903/1315758080 configured_ratio=0.250000 mask_strategy=percentile_per_layer scope=trainable_only

 61%|██████    | 1473/2405 [1:42:23<1:03:26,  4.08s/it]2026-04-17 05:46:54,862 - INFO - [sparse-mezo] global_step=1473 active_fraction=0.255291 active_params=335900657/1315758080 configured_ratio=0.250000 mask_strategy=percentile_per_layer scope=trainable_only

 61%|██████▏   | 1474/2405 [1:42:27<1:03:33,  4.10s/it]2026-04-17 05:46:58,983 - INFO - [sparse-mezo] global_step=1474 active_fraction=0.255290 active_params=335900195/1315758080 configured_ratio=0.250000 mask_strategy=percentile_per_layer scope=trainable_only

 61%|██████▏   | 1475/2405 [1:42:31<1:03:36,  4.10s/it]2026-04-17 05:47:03,129 - INFO - [sparse-mezo] global_step=1475 active_fraction=0.254877 active_params=335355871/1315758080 configured_ratio=0.250000 mask_strategy=percentile_per_layer scope=trainable_only

 61%|██████▏   | 1476/2405 [1:42:36<1:03:38,  4.11s/it]2026-04-17 05:47:07,256 - INFO - [sparse-mezo] global_step=1476 active_fraction=0.254876 active_params=335355351/1315758080 configured_ratio=0.250000 mask_strategy=percentile_per_layer scope=trainable_only

 61%|██████▏   | 1477/2405 [1:42:40<1:03:41,  4.12s/it]2026-04-17 05:47:11,455 - INFO - [sparse-mezo] global_step=1477 active_fraction=0.254360 active_params=334676794/1315758080 configured_ratio=0.250000 mask_strategy=percentile_per_layer scope=trainable_only

 61%|██████▏   | 1478/2405 [1:42:44<1:03:57,  4.14s/it]2026-04-17 05:47:15,599 - INFO - [sparse-mezo] global_step=1478 active_fraction=0.255997 active_params=336830346/1315758080 configured_ratio=0.250000 mask_strategy=percentile_per_layer scope=trainable_only

 61%|██████▏   | 1479/2405 [1:42:48<1:03:54,  4.14s/it]2026-04-17 05:47:19,743 - INFO - [sparse-mezo] global_step=1479 active_fraction=0.255997 active_params=336829975/1315758080 configured_ratio=0.250000 mask_strategy=percentile_per_layer scope=trainable_only

 62%|██████▏   | 1480/2405 [1:42:52<1:03:51,  4.14s/it]2026-04-17 05:47:23,848 - INFO - [sparse-mezo] global_step=1480 active_fraction=0.254684 active_params=335102452/1315758080 configured_ratio=0.250000 mask_strategy=percentile_per_layer scope=trainable_only

 62%|██████▏   | 1481/2405 [1:42:56<1:03:39,  4.13s/it]2026-04-17 05:47:27,960 - INFO - [sparse-mezo] global_step=1481 active_fraction=0.254684 active_params=335101941/1315758080 configured_ratio=0.250000 mask_strategy=percentile_per_layer scope=trainable_only

 62%|██████▏   | 1482/2405 [1:43:00<1:03:26,  4.12s/it]2026-04-17 05:47:32,062 - INFO - [sparse-mezo] global_step=1482 active_fraction=0.254683 active_params=335101408/1315758080 configured_ratio=0.250000 mask_strategy=percentile_per_layer scope=trainable_only

 62%|██████▏   | 1483/2405 [1:43:04<1:03:19,  4.12s/it]2026-04-17 05:47:36,162 - INFO - [sparse-mezo] global_step=1483 active_fraction=0.256787 active_params=337869801/1315758080 configured_ratio=0.250000 mask_strategy=percentile_per_layer scope=trainable_only

 62%|██████▏   | 1484/2405 [1:43:09<1:03:09,  4.11s/it]2026-04-17 05:47:40,261 - INFO - [sparse-mezo] global_step=1484 active_fraction=0.256787 active_params=337869323/1315758080 configured_ratio=0.250000 mask_strategy=percentile_per_layer scope=trainable_only

 62%|██████▏   | 1485/2405 [1:43:13<1:03:03,  4.11s/it]2026-04-17 05:47:44,477 - INFO - [sparse-mezo] global_step=1485 active_fraction=0.253834 active_params=333984379/1315758080 configured_ratio=0.250000 mask_strategy=percentile_per_layer scope=trainable_only

 62%|██████▏   | 1486/2405 [1:43:17<1:03:25,  4.14s/it]2026-04-17 05:47:48,560 - INFO - [sparse-mezo] global_step=1486 active_fraction=0.256024 active_params=336865581/1315758080 configured_ratio=0.250000 mask_strategy=percentile_per_layer scope=trainable_only

 62%|██████▏   | 1487/2405 [1:43:21<1:03:02,  4.12s/it]2026-04-17 05:47:52,663 - INFO - [sparse-mezo] global_step=1487 active_fraction=0.255561 active_params=336256021/1315758080 configured_ratio=0.250000 mask_strategy=percentile_per_layer scope=trainable_only

 62%|██████▏   | 1488/2405 [1:43:25<1:02:53,  4.12s/it]2026-04-17 05:47:56,810 - INFO - [sparse-mezo] global_step=1488 active_fraction=0.254732 active_params=335165101/1315758080 configured_ratio=0.250000 mask_strategy=percentile_per_layer scope=trainable_only

 62%|██████▏   | 1489/2405 [1:43:29<1:03:03,  4.13s/it]2026-04-17 05:48:00,998 - INFO - [sparse-mezo] global_step=1489 active_fraction=0.254731 active_params=335164793/1315758080 configured_ratio=0.250000 mask_strategy=percentile_per_layer scope=trainable_only

 62%|██████▏   | 1490/2405 [1:43:33<1:03:15,  4.15s/it]2026-04-17 05:48:05,188 - INFO - [sparse-mezo] global_step=1490 active_fraction=0.254731 active_params=335164459/1315758080 configured_ratio=0.250000 mask_strategy=percentile_per_layer scope=trainable_only

 62%|██████▏   | 1491/2405 [1:43:38<1:03:20,  4.16s/it]2026-04-17 05:48:09,367 - INFO - [sparse-mezo] global_step=1491 active_fraction=0.254731 active_params=335164170/1315758080 configured_ratio=0.250000 mask_strategy=percentile_per_layer scope=trainable_only

 62%|██████▏   | 1492/2405 [1:43:42<1:03:24,  4.17s/it]2026-04-17 05:48:13,554 - INFO - [sparse-mezo] global_step=1492 active_fraction=0.254731 active_params=335163830/1315758080 configured_ratio=0.250000 mask_strategy=percentile_per_layer scope=trainable_only

 62%|██████▏   | 1493/2405 [1:43:46<1:03:23,  4.17s/it]2026-04-17 05:48:17,655 - INFO - [sparse-mezo] global_step=1493 active_fraction=0.255527 active_params=336211253/1315758080 configured_ratio=0.250000 mask_strategy=percentile_per_layer scope=trainable_only

 62%|██████▏   | 1494/2405 [1:43:50<1:03:00,  4.15s/it]2026-04-17 05:48:21,753 - INFO - [sparse-mezo] global_step=1494 active_fraction=0.255526 active_params=336210790/1315758080 configured_ratio=0.250000 mask_strategy=percentile_per_layer scope=trainable_only

 62%|██████▏   | 1495/2405 [1:43:54<1:02:41,  4.13s/it]2026-04-17 05:48:25,857 - INFO - [sparse-mezo] global_step=1495 active_fraction=0.256246 active_params=337158310/1315758080 configured_ratio=0.250000 mask_strategy=percentile_per_layer scope=trainable_only

 62%|██████▏   | 1496/2405 [1:43:58<1:02:26,  4.12s/it]2026-04-17 05:48:29,950 - INFO - [sparse-mezo] global_step=1496 active_fraction=0.256246 active_params=337157836/1315758080 configured_ratio=0.250000 mask_strategy=percentile_per_layer scope=trainable_only

 62%|██████▏   | 1497/2405 [1:44:02<1:02:14,  4.11s/it]2026-04-17 05:48:34,118 - INFO - [sparse-mezo] global_step=1497 active_fraction=0.255797 active_params=336567554/1315758080 configured_ratio=0.250000 mask_strategy=percentile_per_layer scope=trainable_only

 62%|██████▏   | 1498/2405 [1:44:07<1:02:30,  4.14s/it]2026-04-17 05:48:38,309 - INFO - [sparse-mezo] global_step=1498 active_fraction=0.255797 active_params=336567200/1315758080 configured_ratio=0.250000 mask_strategy=percentile_per_layer scope=trainable_only

 62%|██████▏   | 1499/2405 [1:44:11<1:02:36,  4.15s/it]2026-04-17 05:48:42,478 - INFO - [sparse-mezo] global_step=1499 active_fraction=0.255797 active_params=336566849/1315758080 configured_ratio=0.250000 mask_strategy=percentile_per_layer scope=trainable_only

 62%|██████▏   | 1500/2405 [1:44:15<1:02:38,  4.15s/it]
                                                       

 62%|██████▏   | 1500/2405 [1:44:15<1:02:38,  4.15s/it]

  0%|          | 0/107 [00:00<?, ?it/s][A

  6%|▌         | 6/107 [00:00<00:02, 48.33it/s][A

 10%|█         | 11/107 [00:00<00:02, 43.23it/s][A

 15%|█▍        | 16/107 [00:00<00:02, 42.59it/s][A

 20%|█▉        | 21/107 [00:00<00:02, 41.82it/s][A

 24%|██▍       | 26/107 [00:00<00:01, 40.76it/s][A

 29%|██▉       | 31/107 [00:00<00:01, 41.29it/s][A

 34%|███▎      | 36/107 [00:00<00:01, 41.16it/s][A

 38%|███▊      | 41/107 [00:00<00:01, 41.91it/s][A

 43%|████▎     | 46/107 [00:01<00:01, 40.93it/s][A

 48%|████▊     | 51/107 [00:01<00:01, 41.06it/s][A

 52%|█████▏    | 56/107 [00:01<00:01, 41.23it/s][A

 57%|█████▋    | 61/107 [00:01<00:01, 41.79it/s][A

 62%|██████▏   | 66/107 [00:01<00:00, 41.75it/s][A

 66%|██████▋   | 71/107 [00:01<00:00, 42.58it/s][A

 71%|███████   | 76/107 [00:01<00:00, 42.69it/s][A

 76%|███████▌  | 81/107 [00:01<00:00, 43.21it/s][A

 80%|████████  | 86/107 [00:02<00:00, 41.69it/s][A

 85%|████████▌ | 91/107 [00:02<00:00, 42.17it/s][A

 90%|████████▉ | 96/107 [00:02<00:00, 42.05it/s][A

 94%|█████████▍| 101/107 [00:02<00:00, 42.05it/s][A

 99%|█████████▉| 106/107 [00:02<00:00, 42.84it/s][A
                                                       

                                                 
[A
 62%|██████▏   | 1500/2405 [1:44:18<1:02:38,  4.15s/it]

100%|██████████| 107/107 [00:02<00:00, 42.84it/s][A

                                                 [A2026-04-17 05:48:45,310 - INFO - There are 0 training samples and 854 validation samples


  0%|          | 0/854 [00:00<?, ?it/s][A2026-04-17 05:48:45,310 - INFO - ========= Example =========
2026-04-17 05:48:45,310 - INFO - Candidate: [0, 1, 2, 3, 4]
2026-04-17 05:48:45,310 - INFO - Correct candidate: 3
2026-04-17 05:48:45,318 - INFO - === Candidate 0 ===
2026-04-17 05:48:45,318 - INFO - <s>hardly a film that comes along every day. It was terrible
2026-04-17 05:48:45,319 - INFO - Log probabilities of the option tokens: tensor([-14.0156], dtype=torch.float16)
2026-04-17 05:48:45,326 - INFO - === Candidate 1 (without context)===
2026-04-17 05:48:45,326 - INFO - <s>hardly a film that comes along every day. It was bad
2026-04-17 05:48:45,326 - INFO - Log probabilities of the option tokens: tensor([-9.8516], dtype=torch.float16)
2026-04-17 05:48:45,333 - INFO - === Candidate 2 (without context)===
2026-04-17 05:48:45,333 - INFO - <s>hardly a film that comes along every day. It was okay
2026-04-17 05:48:45,334 - INFO - Log probabilities of the option tokens: tensor([-11.0703], dtype=torch.float16)
2026-04-17 05:48:45,341 - INFO - === Candidate 3 (without context)===
2026-04-17 05:48:45,341 - INFO - <s>hardly a film that comes along every day. It was good
2026-04-17 05:48:45,341 - INFO - Log probabilities of the option tokens: tensor([-6.9141], dtype=torch.float16)
2026-04-17 05:48:45,348 - INFO - === Candidate 4 (without context)===
2026-04-17 05:48:45,348 - INFO - <s>hardly a film that comes along every day. It was great
2026-04-17 05:48:45,348 - INFO - Log probabilities of the option tokens: tensor([-6.7969], dtype=torch.float16)
2026-04-17 05:48:45,349 - INFO - Prediction scores: [-14.015625, -9.8515625, -11.0703125, -6.9140625, -6.796875]
2026-04-17 05:48:45,349 - INFO - ========= Example =========
2026-04-17 05:48:45,349 - INFO - Candidate: [0, 1, 2, 3, 4]
2026-04-17 05:48:45,349 - INFO - Correct candidate: 0
2026-04-17 05:48:45,357 - INFO - === Candidate 0 ===
2026-04-17 05:48:45,357 - INFO - <s>-lrb- sam's -rrb- self-flagellation is more depressing than entertaining. It was terrible
2026-04-17 05:48:45,357 - INFO - Log probabilities of the option tokens: tensor([-13.5469], dtype=torch.float16)
2026-04-17 05:48:45,365 - INFO - === Candidate 1 (without context)===
2026-04-17 05:48:45,365 - INFO - <s>-lrb- sam's -rrb- self-flagellation is more depressing than entertaining. It was bad
2026-04-17 05:48:45,365 - INFO - Log probabilities of the option tokens: tensor([-9.1641], dtype=torch.float16)
2026-04-17 05:48:45,372 - INFO - === Candidate 2 (without context)===
2026-04-17 05:48:45,372 - INFO - <s>-lrb- sam's -rrb- self-flagellation is more depressing than entertaining. It was okay
2026-04-17 05:48:45,372 - INFO - Log probabilities of the option tokens: tensor([-11.7578], dtype=torch.float16)
2026-04-17 05:48:45,380 - INFO - === Candidate 3 (without context)===
2026-04-17 05:48:45,380 - INFO - <s>-lrb- sam's -rrb- self-flagellation is more depressing than entertaining. It was good
2026-04-17 05:48:45,380 - INFO - Log probabilities of the option tokens: tensor([-6.7109], dtype=torch.float16)
2026-04-17 05:48:45,387 - INFO - === Candidate 4 (without context)===
2026-04-17 05:48:45,387 - INFO - <s>-lrb- sam's -rrb- self-flagellation is more depressing than entertaining. It was great
2026-04-17 05:48:45,388 - INFO - Log probabilities of the option tokens: tensor([-6.2812], dtype=torch.float16)
2026-04-17 05:48:45,388 - INFO - Prediction scores: [-13.546875, -9.1640625, -11.7578125, -6.7109375, -6.28125]
2026-04-17 05:48:45,388 - INFO - ========= Example =========
2026-04-17 05:48:45,388 - INFO - Candidate: [0, 1, 2, 3, 4]
2026-04-17 05:48:45,388 - INFO - Correct candidate: 4
2026-04-17 05:48:45,396 - INFO - === Candidate 0 ===
2026-04-17 05:48:45,396 - INFO - <s>y tu mamá también is hilariously, gloriously alive, and quite often hotter than georgia asphalt. It was terrible
2026-04-17 05:48:45,396 - INFO - Log probabilities of the option tokens: tensor([-13.9688], dtype=torch.float16)
2026-04-17 05:48:45,404 - INFO - === Candidate 1 (without context)===
2026-04-17 05:48:45,404 - INFO - <s>y tu mamá también is hilariously, gloriously alive, and quite often hotter than georgia asphalt. It was bad
2026-04-17 05:48:45,404 - INFO - Log probabilities of the option tokens: tensor([-10.2578], dtype=torch.float16)
2026-04-17 05:48:45,411 - INFO - === Candidate 2 (without context)===
2026-04-17 05:48:45,412 - INFO - <s>y tu mamá también is hilariously, gloriously alive, and quite often hotter than georgia asphalt. It was okay
2026-04-17 05:48:45,412 - INFO - Log probabilities of the option tokens: tensor([-11.8203], dtype=torch.float16)
2026-04-17 05:48:45,419 - INFO - === Candidate 3 (without context)===
2026-04-17 05:48:45,419 - INFO - <s>y tu mamá también is hilariously, gloriously alive, and quite often hotter than georgia asphalt. It was good
2026-04-17 05:48:45,419 - INFO - Log probabilities of the option tokens: tensor([-5.5938], dtype=torch.float16)
2026-04-17 05:48:45,427 - INFO - === Candidate 4 (without context)===
2026-04-17 05:48:45,427 - INFO - <s>y tu mamá también is hilariously, gloriously alive, and quite often hotter than georgia asphalt. It was great
2026-04-17 05:48:45,427 - INFO - Log probabilities of the option tokens: tensor([-7.1094], dtype=torch.float16)
2026-04-17 05:48:45,427 - INFO - Prediction scores: [-13.96875, -10.2578125, -11.8203125, -5.59375, -7.109375]


  0%|          | 3/854 [00:00<00:33, 25.66it/s][A

  1%|          | 6/854 [00:00<00:31, 26.79it/s][A

  1%|          | 9/854 [00:00<00:31, 27.03it/s][A

  1%|▏         | 12/854 [00:00<00:30, 27.31it/s][A

  2%|▏         | 15/854 [00:00<00:30, 27.42it/s][A

  2%|▏         | 18/854 [00:00<00:30, 27.33it/s][A

  2%|▏         | 21/854 [00:00<00:30, 27.30it/s][A

  3%|▎         | 24/854 [00:00<00:30, 27.21it/s][A

  3%|▎         | 27/854 [00:00<00:30, 27.21it/s][A

  4%|▎         | 30/854 [00:01<00:30, 27.17it/s][A

  4%|▍         | 33/854 [00:01<00:30, 27.26it/s][A

  4%|▍         | 36/854 [00:01<00:30, 27.24it/s][A

  5%|▍         | 39/854 [00:01<00:30, 27.12it/s][A

  5%|▍         | 42/854 [00:01<00:29, 27.35it/s][A

  5%|▌         | 45/854 [00:01<00:29, 27.34it/s][A

  6%|▌         | 48/854 [00:01<00:29, 27.26it/s][A

  6%|▌         | 51/854 [00:01<00:29, 27.20it/s][A

  6%|▋         | 54/854 [00:01<00:29, 27.26it/s][A

  7%|▋         | 57/854 [00:02<00:29, 27.26it/s][A

  7%|▋         | 60/854 [00:02<00:29, 27.22it/s][A

  7%|▋         | 63/854 [00:02<00:28, 27.28it/s][A

  8%|▊         | 66/854 [00:02<00:28, 27.33it/s][A

  8%|▊         | 69/854 [00:02<00:28, 27.43it/s][A

  8%|▊         | 72/854 [00:02<00:28, 27.34it/s][A

  9%|▉         | 75/854 [00:02<00:28, 27.35it/s][A

  9%|▉         | 78/854 [00:02<00:28, 27.35it/s][A

  9%|▉         | 81/854 [00:02<00:28, 27.24it/s][A

 10%|▉         | 84/854 [00:03<00:28, 27.31it/s][A

 10%|█         | 87/854 [00:03<00:28, 27.37it/s][A

 11%|█         | 90/854 [00:03<00:27, 27.48it/s][A

 11%|█         | 93/854 [00:03<00:27, 27.53it/s][A

 11%|█         | 96/854 [00:03<00:27, 27.59it/s][A

 12%|█▏        | 99/854 [00:03<00:27, 27.58it/s][A

 12%|█▏        | 102/854 [00:03<00:27, 27.61it/s][A

 12%|█▏        | 105/854 [00:03<00:27, 27.49it/s][A

 13%|█▎        | 108/854 [00:03<00:27, 27.52it/s][A

 13%|█▎        | 111/854 [00:04<00:26, 27.57it/s][A

 13%|█▎        | 114/854 [00:04<00:27, 27.37it/s][A

 14%|█▎        | 117/854 [00:04<00:26, 27.30it/s][A

 14%|█▍        | 120/854 [00:04<00:27, 27.15it/s][A

 14%|█▍        | 123/854 [00:04<00:26, 27.46it/s][A

 15%|█▍        | 126/854 [00:04<00:26, 27.37it/s][A

 15%|█▌        | 129/854 [00:04<00:26, 27.23it/s][A

 15%|█▌        | 132/854 [00:04<00:26, 27.31it/s][A

 16%|█▌        | 135/854 [00:04<00:26, 27.42it/s][A

 16%|█▌        | 138/854 [00:05<00:26, 27.25it/s][A

 17%|█▋        | 141/854 [00:05<00:26, 27.30it/s][A

 17%|█▋        | 144/854 [00:05<00:26, 27.25it/s][A

 17%|█▋        | 147/854 [00:05<00:25, 27.29it/s][A

 18%|█▊        | 150/854 [00:05<00:25, 27.41it/s][A

 18%|█▊        | 153/854 [00:05<00:25, 27.52it/s][A

 18%|█▊        | 156/854 [00:05<00:25, 27.32it/s][A

 19%|█▊        | 159/854 [00:05<00:25, 27.28it/s][A

 19%|█▉        | 162/854 [00:05<00:25, 27.30it/s][A

 19%|█▉        | 165/854 [00:06<00:25, 27.43it/s][A

 20%|█▉        | 168/854 [00:06<00:24, 27.46it/s][A

 20%|██        | 171/854 [00:06<00:24, 27.42it/s][A

 20%|██        | 174/854 [00:06<00:24, 27.50it/s][A

 21%|██        | 177/854 [00:06<00:24, 27.49it/s][A

 21%|██        | 180/854 [00:06<00:24, 27.45it/s][A

 21%|██▏       | 183/854 [00:06<00:24, 27.45it/s][A

 22%|██▏       | 186/854 [00:06<00:24, 27.43it/s][A

 22%|██▏       | 189/854 [00:06<00:24, 27.24it/s][A

 22%|██▏       | 192/854 [00:07<00:24, 27.22it/s][A

 23%|██▎       | 195/854 [00:07<00:24, 27.17it/s][A

 23%|██▎       | 198/854 [00:07<00:24, 27.17it/s][A

 24%|██▎       | 201/854 [00:07<00:23, 27.40it/s][A

 24%|██▍       | 204/854 [00:07<00:23, 27.24it/s][A

 24%|██▍       | 207/854 [00:07<00:23, 27.29it/s][A

 25%|██▍       | 210/854 [00:07<00:23, 27.24it/s][A

 25%|██▍       | 213/854 [00:07<00:23, 27.22it/s][A

 25%|██▌       | 216/854 [00:07<00:23, 27.28it/s][A

 26%|██▌       | 219/854 [00:08<00:23, 27.39it/s][A

 26%|██▌       | 222/854 [00:08<00:23, 27.36it/s][A

 26%|██▋       | 225/854 [00:08<00:23, 27.35it/s][A

 27%|██▋       | 228/854 [00:08<00:22, 27.40it/s][A

 27%|██▋       | 231/854 [00:08<00:22, 27.40it/s][A

 27%|██▋       | 234/854 [00:08<00:22, 27.29it/s][A

 28%|██▊       | 237/854 [00:08<00:22, 27.19it/s][A

 28%|██▊       | 240/854 [00:08<00:22, 27.19it/s][A

 28%|██▊       | 243/854 [00:08<00:22, 27.15it/s][A

 29%|██▉       | 246/854 [00:09<00:22, 27.24it/s][A

 29%|██▉       | 249/854 [00:09<00:22, 27.42it/s][A

 30%|██▉       | 252/854 [00:09<00:21, 27.41it/s][A

 30%|██▉       | 255/854 [00:09<00:21, 27.43it/s][A

 30%|███       | 258/854 [00:09<00:21, 27.32it/s][A

 31%|███       | 261/854 [00:09<00:21, 27.32it/s][A

 31%|███       | 264/854 [00:09<00:21, 27.31it/s][A

 31%|███▏      | 267/854 [00:09<00:21, 27.43it/s][A

 32%|███▏      | 270/854 [00:09<00:21, 27.35it/s][A

 32%|███▏      | 273/854 [00:09<00:21, 27.43it/s][A

 32%|███▏      | 276/854 [00:10<00:21, 27.39it/s][A

 33%|███▎      | 279/854 [00:10<00:20, 27.39it/s][A

 33%|███▎      | 282/854 [00:10<00:20, 27.52it/s][A

 33%|███▎      | 285/854 [00:10<00:20, 27.63it/s][A

 34%|███▎      | 288/854 [00:10<00:20, 27.54it/s][A

 34%|███▍      | 291/854 [00:10<00:20, 27.49it/s][A

 34%|███▍      | 294/854 [00:10<00:20, 27.21it/s][A

 35%|███▍      | 297/854 [00:10<00:20, 27.19it/s][A

 35%|███▌      | 300/854 [00:10<00:20, 27.18it/s][A

 35%|███▌      | 303/854 [00:11<00:20, 27.34it/s][A

 36%|███▌      | 306/854 [00:11<00:20, 27.38it/s][A

 36%|███▌      | 309/854 [00:11<00:19, 27.38it/s][A

 37%|███▋      | 312/854 [00:11<00:19, 27.47it/s][A

 37%|███▋      | 315/854 [00:11<00:19, 27.66it/s][A

 37%|███▋      | 318/854 [00:11<00:19, 27.52it/s][A

 38%|███▊      | 321/854 [00:11<00:19, 27.52it/s][A

 38%|███▊      | 324/854 [00:11<00:19, 27.62it/s][A

 38%|███▊      | 327/854 [00:11<00:19, 27.69it/s][A

 39%|███▊      | 330/854 [00:12<00:19, 27.47it/s][A

 39%|███▉      | 333/854 [00:12<00:18, 27.54it/s][A

 39%|███▉      | 336/854 [00:12<00:18, 27.58it/s][A

 40%|███▉      | 339/854 [00:12<00:18, 27.53it/s][A

 40%|████      | 342/854 [00:12<00:18, 27.57it/s][A

 40%|████      | 345/854 [00:12<00:18, 27.39it/s][A

 41%|████      | 348/854 [00:12<00:18, 27.36it/s][A

 41%|████      | 351/854 [00:12<00:18, 27.28it/s][A

 41%|████▏     | 354/854 [00:12<00:18, 27.31it/s][A

 42%|████▏     | 357/854 [00:13<00:18, 27.33it/s][A

 42%|████▏     | 360/854 [00:13<00:18, 27.06it/s][A

 43%|████▎     | 363/854 [00:13<00:18, 26.97it/s][A

 43%|████▎     | 366/854 [00:13<00:18, 27.00it/s][A

 43%|████▎     | 369/854 [00:13<00:17, 26.98it/s][A

 44%|████▎     | 372/854 [00:13<00:17, 26.94it/s][A

 44%|████▍     | 375/854 [00:13<00:17, 27.08it/s][A

 44%|████▍     | 378/854 [00:13<00:17, 27.03it/s][A

 45%|████▍     | 381/854 [00:13<00:17, 27.19it/s][A

 45%|████▍     | 384/854 [00:14<00:17, 27.17it/s][A

 45%|████▌     | 387/854 [00:14<00:17, 27.26it/s][A

 46%|████▌     | 390/854 [00:14<00:16, 27.30it/s][A

 46%|████▌     | 393/854 [00:14<00:16, 27.49it/s][A

 46%|████▋     | 396/854 [00:14<00:16, 27.33it/s][A

 47%|████▋     | 399/854 [00:14<00:16, 27.16it/s][A

 47%|████▋     | 402/854 [00:14<00:16, 27.10it/s][A

 47%|████▋     | 405/854 [00:14<00:16, 27.24it/s][A

 48%|████▊     | 408/854 [00:14<00:16, 27.24it/s][A

 48%|████▊     | 411/854 [00:15<00:16, 27.20it/s][A

 48%|████▊     | 414/854 [00:15<00:16, 27.24it/s][A

 49%|████▉     | 417/854 [00:15<00:16, 27.22it/s][A

 49%|████▉     | 420/854 [00:15<00:15, 27.17it/s][A

 50%|████▉     | 423/854 [00:15<00:15, 27.33it/s][A

 50%|████▉     | 426/854 [00:15<00:15, 27.12it/s][A

 50%|█████     | 429/854 [00:15<00:15, 27.13it/s][A

 51%|█████     | 432/854 [00:15<00:15, 27.26it/s][A

 51%|█████     | 435/854 [00:15<00:15, 27.34it/s][A

 51%|█████▏    | 438/854 [00:16<00:15, 27.29it/s][A

 52%|█████▏    | 441/854 [00:16<00:15, 27.45it/s][A

 52%|█████▏    | 444/854 [00:16<00:14, 27.45it/s][A

 52%|█████▏    | 447/854 [00:16<00:14, 27.50it/s][A

 53%|█████▎    | 450/854 [00:16<00:14, 27.36it/s][A

 53%|█████▎    | 453/854 [00:16<00:14, 27.17it/s][A

 53%|█████▎    | 456/854 [00:16<00:14, 27.20it/s][A

 54%|█████▎    | 459/854 [00:16<00:14, 27.19it/s][A

 54%|█████▍    | 462/854 [00:16<00:14, 27.25it/s][A

 54%|█████▍    | 465/854 [00:17<00:14, 27.16it/s][A

 55%|█████▍    | 468/854 [00:17<00:14, 27.27it/s][A

 55%|█████▌    | 471/854 [00:17<00:13, 27.41it/s][A

 56%|█████▌    | 474/854 [00:17<00:13, 27.48it/s][A

 56%|█████▌    | 477/854 [00:17<00:13, 27.42it/s][A

 56%|█████▌    | 480/854 [00:17<00:13, 27.40it/s][A

 57%|█████▋    | 483/854 [00:17<00:13, 27.50it/s][A

 57%|█████▋    | 486/854 [00:17<00:13, 27.46it/s][A

 57%|█████▋    | 489/854 [00:17<00:13, 27.43it/s][A

 58%|█████▊    | 492/854 [00:18<00:13, 27.59it/s][A

 58%|█████▊    | 495/854 [00:18<00:13, 27.61it/s][A

 58%|█████▊    | 498/854 [00:18<00:12, 27.64it/s][A

 59%|█████▊    | 501/854 [00:18<00:12, 27.65it/s][A

 59%|█████▉    | 504/854 [00:18<00:12, 27.33it/s][A

 59%|█████▉    | 507/854 [00:18<00:12, 27.36it/s][A

 60%|█████▉    | 510/854 [00:18<00:12, 27.39it/s][A

 60%|██████    | 513/854 [00:18<00:12, 27.43it/s][A

 60%|██████    | 516/854 [00:18<00:12, 27.59it/s][A

 61%|██████    | 519/854 [00:18<00:12, 27.46it/s][A

 61%|██████    | 522/854 [00:19<00:12, 27.42it/s][A

 61%|██████▏   | 525/854 [00:19<00:12, 27.41it/s][A

 62%|██████▏   | 528/854 [00:19<00:11, 27.36it/s][A

 62%|██████▏   | 531/854 [00:19<00:11, 27.28it/s][A

 63%|██████▎   | 534/854 [00:19<00:11, 27.37it/s][A

 63%|██████▎   | 537/854 [00:19<00:11, 27.45it/s][A

 63%|██████▎   | 540/854 [00:19<00:11, 27.53it/s][A

 64%|██████▎   | 543/854 [00:19<00:11, 27.66it/s][A

 64%|██████▍   | 546/854 [00:19<00:11, 27.60it/s][A

 64%|██████▍   | 549/854 [00:20<00:11, 27.49it/s][A

 65%|██████▍   | 552/854 [00:20<00:10, 27.56it/s][A

 65%|██████▍   | 555/854 [00:20<00:10, 27.72it/s][A

 65%|██████▌   | 558/854 [00:20<00:10, 27.64it/s][A

 66%|██████▌   | 561/854 [00:20<00:10, 27.55it/s][A

 66%|██████▌   | 564/854 [00:20<00:10, 27.51it/s][A

 66%|██████▋   | 567/854 [00:20<00:10, 27.64it/s][A

 67%|██████▋   | 570/854 [00:20<00:10, 27.71it/s][A

 67%|██████▋   | 573/854 [00:20<00:10, 27.56it/s][A

 67%|██████▋   | 576/854 [00:21<00:10, 27.50it/s][A

 68%|██████▊   | 579/854 [00:21<00:10, 27.31it/s][A

 68%|██████▊   | 582/854 [00:21<00:09, 27.22it/s][A

 69%|██████▊   | 585/854 [00:21<00:09, 27.12it/s][A

 69%|██████▉   | 588/854 [00:21<00:09, 27.22it/s][A

 69%|██████▉   | 591/854 [00:21<00:09, 27.20it/s][A

 70%|██████▉   | 594/854 [00:21<00:09, 27.49it/s][A

 70%|██████▉   | 597/854 [00:21<00:09, 27.60it/s][A

 70%|███████   | 600/854 [00:21<00:09, 27.61it/s][A

 71%|███████   | 603/854 [00:22<00:09, 27.66it/s][A

 71%|███████   | 606/854 [00:22<00:08, 27.58it/s][A

 71%|███████▏  | 609/854 [00:22<00:08, 27.59it/s][A

 72%|███████▏  | 612/854 [00:22<00:08, 27.34it/s][A

 72%|███████▏  | 615/854 [00:22<00:08, 27.41it/s][A

 72%|███████▏  | 618/854 [00:22<00:08, 27.31it/s][A

 73%|███████▎  | 621/854 [00:22<00:08, 27.37it/s][A

 73%|███████▎  | 624/854 [00:22<00:08, 27.47it/s][A

 73%|███████▎  | 627/854 [00:22<00:08, 27.47it/s][A

 74%|███████▍  | 630/854 [00:23<00:08, 27.56it/s][A

 74%|███████▍  | 633/854 [00:23<00:08, 27.56it/s][A

 74%|███████▍  | 636/854 [00:23<00:07, 27.45it/s][A

 75%|███████▍  | 639/854 [00:23<00:07, 27.44it/s][A

 75%|███████▌  | 642/854 [00:23<00:07, 27.50it/s][A

 76%|███████▌  | 645/854 [00:23<00:07, 27.39it/s][A

 76%|███████▌  | 648/854 [00:23<00:07, 27.65it/s][A

 76%|███████▌  | 651/854 [00:23<00:07, 27.63it/s][A

 77%|███████▋  | 654/854 [00:23<00:07, 27.54it/s][A

 77%|███████▋  | 657/854 [00:24<00:07, 27.36it/s][A

 77%|███████▋  | 660/854 [00:24<00:07, 27.28it/s][A

 78%|███████▊  | 663/854 [00:24<00:07, 27.24it/s][A

 78%|███████▊  | 666/854 [00:24<00:06, 27.26it/s][A

 78%|███████▊  | 669/854 [00:24<00:06, 27.15it/s][A

 79%|███████▊  | 672/854 [00:24<00:06, 27.08it/s][A

 79%|███████▉  | 675/854 [00:24<00:06, 26.91it/s][A

 79%|███████▉  | 678/854 [00:24<00:06, 26.98it/s][A

 80%|███████▉  | 681/854 [00:24<00:06, 27.19it/s][A

 80%|████████  | 684/854 [00:25<00:06, 27.34it/s][A

 80%|████████  | 687/854 [00:25<00:06, 27.34it/s][A

 81%|████████  | 690/854 [00:25<00:05, 27.58it/s][A

 81%|████████  | 693/854 [00:25<00:05, 27.35it/s][A

 81%|████████▏ | 696/854 [00:25<00:05, 27.37it/s][A

 82%|████████▏ | 699/854 [00:25<00:05, 27.33it/s][A

 82%|████████▏ | 702/854 [00:25<00:05, 27.36it/s][A

 83%|████████▎ | 705/854 [00:25<00:05, 27.36it/s][A

 83%|████████▎ | 708/854 [00:25<00:05, 27.39it/s][A

 83%|████████▎ | 711/854 [00:25<00:05, 27.27it/s][A

 84%|████████▎ | 714/854 [00:26<00:05, 27.37it/s][A

 84%|████████▍ | 717/854 [00:26<00:05, 27.35it/s][A

 84%|████████▍ | 720/854 [00:26<00:04, 27.26it/s][A

 85%|████████▍ | 723/854 [00:26<00:04, 27.30it/s][A

 85%|████████▌ | 726/854 [00:26<00:04, 27.42it/s][A

 85%|████████▌ | 729/854 [00:26<00:04, 27.39it/s][A

 86%|████████▌ | 732/854 [00:26<00:04, 27.54it/s][A

 86%|████████▌ | 735/854 [00:26<00:04, 27.48it/s][A

 86%|████████▋ | 738/854 [00:26<00:04, 27.51it/s][A

 87%|████████▋ | 741/854 [00:27<00:04, 27.62it/s][A

 87%|████████▋ | 744/854 [00:27<00:04, 27.46it/s][A

 87%|████████▋ | 747/854 [00:27<00:03, 27.36it/s][A

 88%|████████▊ | 750/854 [00:27<00:03, 27.34it/s][A

 88%|████████▊ | 753/854 [00:27<00:03, 27.42it/s][A

 89%|████████▊ | 756/854 [00:27<00:03, 27.33it/s][A

 89%|████████▉ | 759/854 [00:27<00:03, 27.18it/s][A

 89%|████████▉ | 762/854 [00:27<00:03, 27.27it/s][A

 90%|████████▉ | 765/854 [00:27<00:03, 27.37it/s][A

 90%|████████▉ | 768/854 [00:28<00:03, 27.58it/s][A

 90%|█████████ | 771/854 [00:28<00:03, 27.38it/s][A

 91%|█████████ | 774/854 [00:28<00:02, 27.31it/s][A

 91%|█████████ | 777/854 [00:28<00:02, 27.20it/s][A

 91%|█████████▏| 780/854 [00:28<00:02, 27.33it/s][A

 92%|█████████▏| 783/854 [00:28<00:02, 27.17it/s][A

 92%|█████████▏| 786/854 [00:28<00:02, 27.26it/s][A

 92%|█████████▏| 789/854 [00:28<00:02, 27.33it/s][A

 93%|█████████▎| 792/854 [00:28<00:02, 27.34it/s][A

 93%|█████████▎| 795/854 [00:29<00:02, 27.35it/s][A

 93%|█████████▎| 798/854 [00:29<00:02, 27.34it/s][A

 94%|█████████▍| 801/854 [00:29<00:01, 27.28it/s][A

 94%|█████████▍| 804/854 [00:29<00:01, 27.39it/s][A

 94%|█████████▍| 807/854 [00:29<00:01, 27.40it/s][A

 95%|█████████▍| 810/854 [00:29<00:01, 27.68it/s][A

 95%|█████████▌| 813/854 [00:29<00:01, 27.59it/s][A

 96%|█████████▌| 816/854 [00:29<00:01, 27.47it/s][A

 96%|█████████▌| 819/854 [00:29<00:01, 27.35it/s][A

 96%|█████████▋| 822/854 [00:30<00:01, 27.28it/s][A

 97%|█████████▋| 825/854 [00:30<00:01, 27.32it/s][A

 97%|█████████▋| 828/854 [00:30<00:00, 27.38it/s][A

 97%|█████████▋| 831/854 [00:30<00:00, 27.24it/s][A

 98%|█████████▊| 834/854 [00:30<00:00, 27.29it/s][A

 98%|█████████▊| 837/854 [00:30<00:00, 27.30it/s][A

 98%|█████████▊| 840/854 [00:30<00:00, 27.41it/s][A

 99%|█████████▊| 843/854 [00:30<00:00, 27.35it/s][A

 99%|█████████▉| 846/854 [00:30<00:00, 27.37it/s][A

 99%|█████████▉| 849/854 [00:31<00:00, 27.45it/s][A

100%|█████████▉| 852/854 [00:31<00:00, 27.27it/s][A
100%|██████████| 854/854 [00:31<00:00, 27.36it/s]
2026-04-17 05:49:16,525 - INFO - There are 0 training samples and 256 validation samples


  0%|          | 0/256 [00:00<?, ?it/s][A2026-04-17 05:49:16,525 - INFO - ========= Example =========
2026-04-17 05:49:16,525 - INFO - Candidate: [0, 1, 2, 3, 4]
2026-04-17 05:49:16,525 - INFO - Correct candidate: 4
2026-04-17 05:49:16,533 - INFO - === Candidate 0 ===
2026-04-17 05:49:16,533 - INFO - <s>except it's much, much better. It was terrible
2026-04-17 05:49:16,534 - INFO - Log probabilities of the option tokens: tensor([-13.8984], dtype=torch.float16)
2026-04-17 05:49:16,541 - INFO - === Candidate 1 (without context)===
2026-04-17 05:49:16,541 - INFO - <s>except it's much, much better. It was bad
2026-04-17 05:49:16,541 - INFO - Log probabilities of the option tokens: tensor([-9.3359], dtype=torch.float16)
2026-04-17 05:49:16,548 - INFO - === Candidate 2 (without context)===
2026-04-17 05:49:16,548 - INFO - <s>except it's much, much better. It was okay
2026-04-17 05:49:16,549 - INFO - Log probabilities of the option tokens: tensor([-10.8359], dtype=torch.float16)
2026-04-17 05:49:16,556 - INFO - === Candidate 3 (without context)===
2026-04-17 05:49:16,556 - INFO - <s>except it's much, much better. It was good
2026-04-17 05:49:16,556 - INFO - Log probabilities of the option tokens: tensor([-6.3359], dtype=torch.float16)
2026-04-17 05:49:16,563 - INFO - === Candidate 4 (without context)===
2026-04-17 05:49:16,563 - INFO - <s>except it's much, much better. It was great
2026-04-17 05:49:16,563 - INFO - Log probabilities of the option tokens: tensor([-6.8477], dtype=torch.float16)
2026-04-17 05:49:16,564 - INFO - Prediction scores: [-13.8984375, -9.3359375, -10.8359375, -6.3359375, -6.84765625]
2026-04-17 05:49:16,564 - INFO - ========= Example =========
2026-04-17 05:49:16,564 - INFO - Candidate: [0, 1, 2, 3, 4]
2026-04-17 05:49:16,564 - INFO - Correct candidate: 4
2026-04-17 05:49:16,572 - INFO - === Candidate 0 ===
2026-04-17 05:49:16,572 - INFO - <s>it's sweet, funny, charming, and completely delightful. It was terrible
2026-04-17 05:49:16,572 - INFO - Log probabilities of the option tokens: tensor([-14.1797], dtype=torch.float16)
2026-04-17 05:49:16,579 - INFO - === Candidate 1 (without context)===
2026-04-17 05:49:16,579 - INFO - <s>it's sweet, funny, charming, and completely delightful. It was bad
2026-04-17 05:49:16,580 - INFO - Log probabilities of the option tokens: tensor([-9.9297], dtype=torch.float16)
2026-04-17 05:49:16,587 - INFO - === Candidate 2 (without context)===
2026-04-17 05:49:16,587 - INFO - <s>it's sweet, funny, charming, and completely delightful. It was okay
2026-04-17 05:49:16,587 - INFO - Log probabilities of the option tokens: tensor([-11.8828], dtype=torch.float16)
2026-04-17 05:49:16,594 - INFO - === Candidate 3 (without context)===
2026-04-17 05:49:16,594 - INFO - <s>it's sweet, funny, charming, and completely delightful. It was good
2026-04-17 05:49:16,595 - INFO - Log probabilities of the option tokens: tensor([-6.1367], dtype=torch.float16)
2026-04-17 05:49:16,602 - INFO - === Candidate 4 (without context)===
2026-04-17 05:49:16,602 - INFO - <s>it's sweet, funny, charming, and completely delightful. It was great
2026-04-17 05:49:16,602 - INFO - Log probabilities of the option tokens: tensor([-6.4492], dtype=torch.float16)
2026-04-17 05:49:16,602 - INFO - Prediction scores: [-14.1796875, -9.9296875, -11.8828125, -6.13671875, -6.44921875]
2026-04-17 05:49:16,602 - INFO - ========= Example =========
2026-04-17 05:49:16,602 - INFO - Candidate: [0, 1, 2, 3, 4]
2026-04-17 05:49:16,602 - INFO - Correct candidate: 1
2026-04-17 05:49:16,611 - INFO - === Candidate 0 ===
2026-04-17 05:49:16,611 - INFO - <s>nicolas cage isn't the first actor to lead a group of talented friends astray, and this movie won't create a ruffle in what is already an erratic career. It was terrible
2026-04-17 05:49:16,611 - INFO - Log probabilities of the option tokens: tensor([-14.], dtype=torch.float16)
2026-04-17 05:49:16,619 - INFO - === Candidate 1 (without context)===
2026-04-17 05:49:16,619 - INFO - <s>nicolas cage isn't the first actor to lead a group of talented friends astray, and this movie won't create a ruffle in what is already an erratic career. It was bad
2026-04-17 05:49:16,619 - INFO - Log probabilities of the option tokens: tensor([-9.7344], dtype=torch.float16)
2026-04-17 05:49:16,627 - INFO - === Candidate 2 (without context)===
2026-04-17 05:49:16,627 - INFO - <s>nicolas cage isn't the first actor to lead a group of talented friends astray, and this movie won't create a ruffle in what is already an erratic career. It was okay
2026-04-17 05:49:16,627 - INFO - Log probabilities of the option tokens: tensor([-11.6250], dtype=torch.float16)
2026-04-17 05:49:16,634 - INFO - === Candidate 3 (without context)===
2026-04-17 05:49:16,635 - INFO - <s>nicolas cage isn't the first actor to lead a group of talented friends astray, and this movie won't create a ruffle in what is already an erratic career. It was good
2026-04-17 05:49:16,635 - INFO - Log probabilities of the option tokens: tensor([-5.8984], dtype=torch.float16)
2026-04-17 05:49:16,642 - INFO - === Candidate 4 (without context)===
2026-04-17 05:49:16,642 - INFO - <s>nicolas cage isn't the first actor to lead a group of talented friends astray, and this movie won't create a ruffle in what is already an erratic career. It was great
2026-04-17 05:49:16,642 - INFO - Log probabilities of the option tokens: tensor([-7.2422], dtype=torch.float16)
2026-04-17 05:49:16,643 - INFO - Prediction scores: [-14.0, -9.734375, -11.625, -5.8984375, -7.2421875]


  1%|          | 3/256 [00:00<00:09, 25.58it/s][A

  2%|▏         | 6/256 [00:00<00:09, 26.88it/s][A

  4%|▎         | 9/256 [00:00<00:09, 26.89it/s][A

  5%|▍         | 12/256 [00:00<00:08, 27.12it/s][A

  6%|▌         | 15/256 [00:00<00:08, 27.13it/s][A

  7%|▋         | 18/256 [00:00<00:08, 27.21it/s][A

  8%|▊         | 21/256 [00:00<00:08, 27.27it/s][A

  9%|▉         | 24/256 [00:00<00:08, 27.30it/s][A

 11%|█         | 27/256 [00:00<00:08, 27.15it/s][A

 12%|█▏        | 30/256 [00:01<00:08, 27.05it/s][A

 13%|█▎        | 33/256 [00:01<00:08, 27.13it/s][A

 14%|█▍        | 36/256 [00:01<00:08, 27.36it/s][A

 15%|█▌        | 39/256 [00:01<00:07, 27.42it/s][A

 16%|█▋        | 42/256 [00:01<00:07, 27.59it/s][A

 18%|█▊        | 45/256 [00:01<00:07, 27.63it/s][A

 19%|█▉        | 48/256 [00:01<00:07, 27.68it/s][A

 20%|█▉        | 51/256 [00:01<00:07, 27.37it/s][A

 21%|██        | 54/256 [00:01<00:07, 27.44it/s][A

 22%|██▏       | 57/256 [00:02<00:07, 27.24it/s][A

 23%|██▎       | 60/256 [00:02<00:07, 27.27it/s][A

 25%|██▍       | 63/256 [00:02<00:07, 27.30it/s][A

 26%|██▌       | 66/256 [00:02<00:06, 27.17it/s][A

 27%|██▋       | 69/256 [00:02<00:06, 27.21it/s][A

 28%|██▊       | 72/256 [00:02<00:06, 27.10it/s][A

 29%|██▉       | 75/256 [00:02<00:06, 27.23it/s][A

 30%|███       | 78/256 [00:02<00:06, 27.07it/s][A

 32%|███▏      | 81/256 [00:02<00:06, 27.32it/s][A

 33%|███▎      | 84/256 [00:03<00:06, 27.27it/s][A

 34%|███▍      | 87/256 [00:03<00:06, 27.31it/s][A

 35%|███▌      | 90/256 [00:03<00:06, 27.54it/s][A

 36%|███▋      | 93/256 [00:03<00:05, 27.39it/s][A

 38%|███▊      | 96/256 [00:03<00:05, 27.50it/s][A

 39%|███▊      | 99/256 [00:03<00:05, 27.42it/s][A

 40%|███▉      | 102/256 [00:03<00:05, 27.41it/s][A

 41%|████      | 105/256 [00:03<00:05, 27.41it/s][A

 42%|████▏     | 108/256 [00:03<00:05, 27.31it/s][A

 43%|████▎     | 111/256 [00:04<00:05, 27.41it/s][A

 45%|████▍     | 114/256 [00:04<00:05, 27.24it/s][A

 46%|████▌     | 117/256 [00:04<00:05, 27.41it/s][A

 47%|████▋     | 120/256 [00:04<00:04, 27.43it/s][A

 48%|████▊     | 123/256 [00:04<00:04, 27.42it/s][A

 49%|████▉     | 126/256 [00:04<00:04, 27.57it/s][A

 50%|█████     | 129/256 [00:04<00:04, 27.52it/s][A

 52%|█████▏    | 132/256 [00:04<00:04, 27.39it/s][A

 53%|█████▎    | 135/256 [00:04<00:04, 27.54it/s][A

 54%|█████▍    | 138/256 [00:05<00:04, 27.64it/s][A

 55%|█████▌    | 141/256 [00:05<00:04, 27.59it/s][A

 56%|█████▋    | 144/256 [00:05<00:04, 27.62it/s][A

 57%|█████▋    | 147/256 [00:05<00:03, 27.56it/s][A

 59%|█████▊    | 150/256 [00:05<00:03, 27.44it/s][A

 60%|█████▉    | 153/256 [00:05<00:03, 27.44it/s][A

 61%|██████    | 156/256 [00:05<00:03, 27.20it/s][A

 62%|██████▏   | 159/256 [00:05<00:03, 27.35it/s][A

 63%|██████▎   | 162/256 [00:05<00:03, 27.36it/s][A

 64%|██████▍   | 165/256 [00:06<00:03, 27.49it/s][A

 66%|██████▌   | 168/256 [00:06<00:03, 27.52it/s][A

 67%|██████▋   | 171/256 [00:06<00:03, 27.46it/s][A

 68%|██████▊   | 174/256 [00:06<00:02, 27.39it/s][A

 69%|██████▉   | 177/256 [00:06<00:02, 27.33it/s][A

 70%|███████   | 180/256 [00:06<00:02, 27.29it/s][A

 71%|███████▏  | 183/256 [00:06<00:02, 27.23it/s][A

 73%|███████▎  | 186/256 [00:06<00:02, 27.28it/s][A

 74%|███████▍  | 189/256 [00:06<00:02, 27.32it/s][A

 75%|███████▌  | 192/256 [00:07<00:02, 27.37it/s][A

 76%|███████▌  | 195/256 [00:07<00:02, 27.42it/s][A

 77%|███████▋  | 198/256 [00:07<00:02, 27.51it/s][A

 79%|███████▊  | 201/256 [00:07<00:02, 27.45it/s][A

 80%|███████▉  | 204/256 [00:07<00:01, 27.41it/s][A

 81%|████████  | 207/256 [00:07<00:01, 27.48it/s][A

 82%|████████▏ | 210/256 [00:07<00:01, 27.33it/s][A

 83%|████████▎ | 213/256 [00:07<00:01, 27.27it/s][A

 84%|████████▍ | 216/256 [00:07<00:01, 27.29it/s][A

 86%|████████▌ | 219/256 [00:08<00:01, 27.26it/s][A

 87%|████████▋ | 222/256 [00:08<00:01, 27.33it/s][A

 88%|████████▊ | 225/256 [00:08<00:01, 27.35it/s][A

 89%|████████▉ | 228/256 [00:08<00:01, 27.21it/s][A

 90%|█████████ | 231/256 [00:08<00:00, 27.35it/s][A

 91%|█████████▏| 234/256 [00:08<00:00, 27.38it/s][A

 93%|█████████▎| 237/256 [00:08<00:00, 27.35it/s][A

 94%|█████████▍| 240/256 [00:08<00:00, 27.35it/s][A

 95%|█████████▍| 243/256 [00:08<00:00, 27.28it/s][A

 96%|█████████▌| 246/256 [00:08<00:00, 27.56it/s][A

 97%|█████████▋| 249/256 [00:09<00:00, 27.43it/s][A

 98%|█████████▊| 252/256 [00:09<00:00, 27.27it/s][A

100%|█████████▉| 255/256 [00:09<00:00, 27.37it/s][A
100%|██████████| 256/256 [00:09<00:00, 27.35it/s]
2026-04-17 05:49:29,919 - INFO - [sparse-mezo] global_step=1500 active_fraction=0.253583 active_params=333654073/1315758080 configured_ratio=0.250000 mask_strategy=percentile_per_layer scope=trainable_only
2026-04-17 05:49:33,400 - INFO - [zo_probe] step=1500 eps=1.000e-06 precision=fp16 n=16 mae=8.779506e+02 mse=1.672800e+06 rmse=1.293368e+03 sign_acc=0.2500 corr=0.147599

 62%|██████▏   | 1501/2405 [1:45:06<4:33:56, 18.18s/it]2026-04-17 05:49:37,457 - INFO - [sparse-mezo] global_step=1501 active_fraction=0.257003 active_params=338153404/1315758080 configured_ratio=0.250000 mask_strategy=percentile_per_layer scope=trainable_only

 62%|██████▏   | 1502/2405 [1:45:10<3:29:51, 13.94s/it]2026-04-17 05:49:41,582 - INFO - [sparse-mezo] global_step=1502 active_fraction=0.255074 active_params=335615646/1315758080 configured_ratio=0.250000 mask_strategy=percentile_per_layer scope=trainable_only

 62%|██████▏   | 1503/2405 [1:45:14<2:45:25, 11.00s/it]2026-04-17 05:49:45,726 - INFO - [sparse-mezo] global_step=1503 active_fraction=0.255074 active_params=335615138/1315758080 configured_ratio=0.250000 mask_strategy=percentile_per_layer scope=trainable_only

 63%|██████▎   | 1504/2405 [1:45:18<2:14:17,  8.94s/it]2026-04-17 05:49:49,904 - INFO - [sparse-mezo] global_step=1504 active_fraction=0.254313 active_params=334614388/1315758080 configured_ratio=0.250000 mask_strategy=percentile_per_layer scope=trainable_only

 63%|██████▎   | 1505/2405 [1:45:22<1:52:41,  7.51s/it]2026-04-17 05:49:53,972 - INFO - [sparse-mezo] global_step=1505 active_fraction=0.256716 active_params=337776137/1315758080 configured_ratio=0.250000 mask_strategy=percentile_per_layer scope=trainable_only

 63%|██████▎   | 1506/2405 [1:45:26<1:37:05,  6.48s/it]2026-04-17 05:49:58,037 - INFO - [sparse-mezo] global_step=1506 active_fraction=0.256716 active_params=337775640/1315758080 configured_ratio=0.250000 mask_strategy=percentile_per_layer scope=trainable_only

 63%|██████▎   | 1507/2405 [1:45:30<1:26:08,  5.76s/it]2026-04-17 05:50:02,090 - INFO - [sparse-mezo] global_step=1507 active_fraction=0.257092 active_params=338270409/1315758080 configured_ratio=0.250000 mask_strategy=percentile_per_layer scope=trainable_only

 63%|██████▎   | 1508/2405 [1:45:35<1:18:26,  5.25s/it]2026-04-17 05:50:06,230 - INFO - [sparse-mezo] global_step=1508 active_fraction=0.254868 active_params=335344297/1315758080 configured_ratio=0.250000 mask_strategy=percentile_per_layer scope=trainable_only

 63%|██████▎   | 1509/2405 [1:45:39<1:13:17,  4.91s/it]2026-04-17 05:50:10,366 - INFO - [sparse-mezo] global_step=1509 active_fraction=0.254840 active_params=335307915/1315758080 configured_ratio=0.250000 mask_strategy=percentile_per_layer scope=trainable_only

 63%|██████▎   | 1510/2405 [1:45:43<1:09:49,  4.68s/it]2026-04-17 05:50:14,593 - INFO - [sparse-mezo] global_step=1510 active_fraction=0.253336 active_params=333329259/1315758080 configured_ratio=0.250000 mask_strategy=percentile_per_layer scope=trainable_only

 63%|██████▎   | 1511/2405 [1:45:47<1:07:45,  4.55s/it]2026-04-17 05:50:18,829 - INFO - [sparse-mezo] global_step=1511 active_fraction=0.253336 active_params=333329035/1315758080 configured_ratio=0.250000 mask_strategy=percentile_per_layer scope=trainable_only

 63%|██████▎   | 1512/2405 [1:45:51<1:06:17,  4.45s/it]2026-04-17 05:50:22,992 - INFO - [sparse-mezo] global_step=1512 active_fraction=0.256037 active_params=336882882/1315758080 configured_ratio=0.250000 mask_strategy=percentile_per_layer scope=trainable_only

 63%|██████▎   | 1513/2405 [1:45:55<1:04:57,  4.37s/it]2026-04-17 05:50:27,112 - INFO - [sparse-mezo] global_step=1513 active_fraction=0.255247 active_params=335842825/1315758080 configured_ratio=0.250000 mask_strategy=percentile_per_layer scope=trainable_only

 63%|██████▎   | 1514/2405 [1:46:00<1:03:43,  4.29s/it]2026-04-17 05:50:31,191 - INFO - [sparse-mezo] global_step=1514 active_fraction=0.256476 active_params=337460600/1315758080 configured_ratio=0.250000 mask_strategy=percentile_per_layer scope=trainable_only

 63%|██████▎   | 1515/2405 [1:46:04<1:02:45,  4.23s/it]2026-04-17 05:50:35,331 - INFO - [sparse-mezo] global_step=1515 active_fraction=0.255314 active_params=335931132/1315758080 configured_ratio=0.250000 mask_strategy=percentile_per_layer scope=trainable_only

 63%|██████▎   | 1516/2405 [1:46:08<1:02:14,  4.20s/it]2026-04-17 05:50:39,511 - INFO - [sparse-mezo] global_step=1516 active_fraction=0.255159 active_params=335726970/1315758080 configured_ratio=0.250000 mask_strategy=percentile_per_layer scope=trainable_only

 63%|██████▎   | 1517/2405 [1:46:12<1:02:02,  4.19s/it]2026-04-17 05:50:43,717 - INFO - [sparse-mezo] global_step=1517 active_fraction=0.254299 active_params=334595877/1315758080 configured_ratio=0.250000 mask_strategy=percentile_per_layer scope=trainable_only

 63%|██████▎   | 1518/2405 [1:46:16<1:02:01,  4.20s/it]2026-04-17 05:50:47,900 - INFO - [sparse-mezo] global_step=1518 active_fraction=0.254332 active_params=334639445/1315758080 configured_ratio=0.250000 mask_strategy=percentile_per_layer scope=trainable_only

 63%|██████▎   | 1519/2405 [1:46:20<1:01:56,  4.20s/it]2026-04-17 05:50:52,094 - INFO - [sparse-mezo] global_step=1519 active_fraction=0.254332 active_params=334639121/1315758080 configured_ratio=0.250000 mask_strategy=percentile_per_layer scope=trainable_only

 63%|██████▎   | 1520/2405 [1:46:25<1:01:49,  4.19s/it]2026-04-17 05:50:56,274 - INFO - [sparse-mezo] global_step=1520 active_fraction=0.254895 active_params=335380227/1315758080 configured_ratio=0.250000 mask_strategy=percentile_per_layer scope=trainable_only

 63%|██████▎   | 1521/2405 [1:46:29<1:01:42,  4.19s/it]2026-04-17 05:51:00,451 - INFO - [sparse-mezo] global_step=1521 active_fraction=0.255490 active_params=336163340/1315758080 configured_ratio=0.250000 mask_strategy=percentile_per_layer scope=trainable_only

 63%|██████▎   | 1522/2405 [1:46:33<1:01:37,  4.19s/it]2026-04-17 05:51:04,676 - INFO - [sparse-mezo] global_step=1522 active_fraction=0.253903 active_params=334074491/1315758080 configured_ratio=0.250000 mask_strategy=percentile_per_layer scope=trainable_only

 63%|██████▎   | 1523/2405 [1:46:37<1:01:43,  4.20s/it]2026-04-17 05:51:08,746 - INFO - [sparse-mezo] global_step=1523 active_fraction=0.257781 active_params=339177795/1315758080 configured_ratio=0.250000 mask_strategy=percentile_per_layer scope=trainable_only

 63%|██████▎   | 1524/2405 [1:46:41<1:01:05,  4.16s/it]2026-04-17 05:51:12,938 - INFO - [sparse-mezo] global_step=1524 active_fraction=0.254156 active_params=334408371/1315758080 configured_ratio=0.250000 mask_strategy=percentile_per_layer scope=trainable_only

 63%|██████▎   | 1525/2405 [1:46:45<1:01:11,  4.17s/it]2026-04-17 05:51:17,139 - INFO - [sparse-mezo] global_step=1525 active_fraction=0.254156 active_params=334407990/1315758080 configured_ratio=0.250000 mask_strategy=percentile_per_layer scope=trainable_only

 63%|██████▎   | 1526/2405 [1:46:50<1:01:12,  4.18s/it]2026-04-17 05:51:21,333 - INFO - [sparse-mezo] global_step=1526 active_fraction=0.254156 active_params=334407610/1315758080 configured_ratio=0.250000 mask_strategy=percentile_per_layer scope=trainable_only

 63%|██████▎   | 1527/2405 [1:46:54<1:01:10,  4.18s/it]2026-04-17 05:51:25,515 - INFO - [sparse-mezo] global_step=1527 active_fraction=0.254156 active_params=334407244/1315758080 configured_ratio=0.250000 mask_strategy=percentile_per_layer scope=trainable_only

 64%|██████▎   | 1528/2405 [1:46:58<1:01:15,  4.19s/it]2026-04-17 05:51:29,729 - INFO - [sparse-mezo] global_step=1528 active_fraction=0.254571 active_params=334954386/1315758080 configured_ratio=0.250000 mask_strategy=percentile_per_layer scope=trainable_only

 64%|██████▎   | 1529/2405 [1:47:02<1:01:10,  4.19s/it]2026-04-17 05:51:33,920 - INFO - [sparse-mezo] global_step=1529 active_fraction=0.254571 active_params=334954086/1315758080 configured_ratio=0.250000 mask_strategy=percentile_per_layer scope=trainable_only

 64%|██████▎   | 1530/2405 [1:47:06<1:01:04,  4.19s/it]2026-04-17 05:51:38,103 - INFO - [sparse-mezo] global_step=1530 active_fraction=0.255246 active_params=335842360/1315758080 configured_ratio=0.250000 mask_strategy=percentile_per_layer scope=trainable_only

 64%|██████▎   | 1531/2405 [1:47:11<1:00:58,  4.19s/it]2026-04-17 05:51:42,341 - INFO - [sparse-mezo] global_step=1531 active_fraction=0.253240 active_params=333203182/1315758080 configured_ratio=0.250000 mask_strategy=percentile_per_layer scope=trainable_only

 64%|██████▎   | 1532/2405 [1:47:15<1:01:08,  4.20s/it]2026-04-17 05:51:46,410 - INFO - [sparse-mezo] global_step=1532 active_fraction=0.256959 active_params=338096394/1315758080 configured_ratio=0.250000 mask_strategy=percentile_per_layer scope=trainable_only

 64%|██████▎   | 1533/2405 [1:47:19<1:00:34,  4.17s/it]2026-04-17 05:51:50,564 - INFO - [sparse-mezo] global_step=1533 active_fraction=0.256100 active_params=336966255/1315758080 configured_ratio=0.250000 mask_strategy=percentile_per_layer scope=trainable_only

 64%|██████▍   | 1534/2405 [1:47:23<1:00:21,  4.16s/it]2026-04-17 05:51:54,698 - INFO - [sparse-mezo] global_step=1534 active_fraction=0.256100 active_params=336965801/1315758080 configured_ratio=0.250000 mask_strategy=percentile_per_layer scope=trainable_only

 64%|██████▍   | 1535/2405 [1:47:27<1:00:10,  4.15s/it]2026-04-17 05:51:58,829 - INFO - [sparse-mezo] global_step=1535 active_fraction=0.256100 active_params=336965345/1315758080 configured_ratio=0.250000 mask_strategy=percentile_per_layer scope=trainable_only

 64%|██████▍   | 1536/2405 [1:47:31<1:00:08,  4.15s/it]2026-04-17 05:52:02,919 - INFO - [sparse-mezo] global_step=1536 active_fraction=0.257779 active_params=339175235/1315758080 configured_ratio=0.250000 mask_strategy=percentile_per_layer scope=trainable_only

 64%|██████▍   | 1537/2405 [1:47:35<59:43,  4.13s/it]  2026-04-17 05:52:06,993 - INFO - [sparse-mezo] global_step=1537 active_fraction=0.257779 active_params=339174773/1315758080 configured_ratio=0.250000 mask_strategy=percentile_per_layer scope=trainable_only

 64%|██████▍   | 1538/2405 [1:47:39<59:22,  4.11s/it]2026-04-17 05:52:11,056 - INFO - [sparse-mezo] global_step=1538 active_fraction=0.257779 active_params=339174294/1315758080 configured_ratio=0.250000 mask_strategy=percentile_per_layer scope=trainable_only

 64%|██████▍   | 1539/2405 [1:47:43<59:06,  4.10s/it]2026-04-17 05:52:15,185 - INFO - [sparse-mezo] global_step=1539 active_fraction=0.255009 active_params=335530659/1315758080 configured_ratio=0.250000 mask_strategy=percentile_per_layer scope=trainable_only

 64%|██████▍   | 1540/2405 [1:47:48<59:10,  4.10s/it]2026-04-17 05:52:19,308 - INFO - [sparse-mezo] global_step=1540 active_fraction=0.255009 active_params=335530198/1315758080 configured_ratio=0.250000 mask_strategy=percentile_per_layer scope=trainable_only

 64%|██████▍   | 1541/2405 [1:47:52<59:14,  4.11s/it]2026-04-17 05:52:23,353 - INFO - [sparse-mezo] global_step=1541 active_fraction=0.256170 active_params=337057844/1315758080 configured_ratio=0.250000 mask_strategy=percentile_per_layer scope=trainable_only

 64%|██████▍   | 1542/2405 [1:47:56<58:52,  4.09s/it]2026-04-17 05:52:27,397 - INFO - [sparse-mezo] global_step=1542 active_fraction=0.256170 active_params=337057377/1315758080 configured_ratio=0.250000 mask_strategy=percentile_per_layer scope=trainable_only

 64%|██████▍   | 1543/2405 [1:48:00<58:38,  4.08s/it]2026-04-17 05:52:31,510 - INFO - [sparse-mezo] global_step=1543 active_fraction=0.256137 active_params=337013962/1315758080 configured_ratio=0.250000 mask_strategy=percentile_per_layer scope=trainable_only

 64%|██████▍   | 1544/2405 [1:48:04<58:37,  4.09s/it]2026-04-17 05:52:35,638 - INFO - [sparse-mezo] global_step=1544 active_fraction=0.253735 active_params=333853834/1315758080 configured_ratio=0.250000 mask_strategy=percentile_per_layer scope=trainable_only

 64%|██████▍   | 1545/2405 [1:48:08<58:47,  4.10s/it]2026-04-17 05:52:39,702 - INFO - [sparse-mezo] global_step=1545 active_fraction=0.256599 active_params=337622624/1315758080 configured_ratio=0.250000 mask_strategy=percentile_per_layer scope=trainable_only

 64%|██████▍   | 1546/2405 [1:48:12<58:30,  4.09s/it]2026-04-17 05:52:43,753 - INFO - [sparse-mezo] global_step=1546 active_fraction=0.256599 active_params=337622182/1315758080 configured_ratio=0.250000 mask_strategy=percentile_per_layer scope=trainable_only

 64%|██████▍   | 1547/2405 [1:48:16<58:22,  4.08s/it]2026-04-17 05:52:47,927 - INFO - [sparse-mezo] global_step=1547 active_fraction=0.253971 active_params=334164987/1315758080 configured_ratio=0.250000 mask_strategy=percentile_per_layer scope=trainable_only

 64%|██████▍   | 1548/2405 [1:48:20<58:36,  4.10s/it]2026-04-17 05:52:51,979 - INFO - [sparse-mezo] global_step=1548 active_fraction=0.257753 active_params=339140248/1315758080 configured_ratio=0.250000 mask_strategy=percentile_per_layer scope=trainable_only

 64%|██████▍   | 1549/2405 [1:48:24<58:18,  4.09s/it]2026-04-17 05:52:56,025 - INFO - [sparse-mezo] global_step=1549 active_fraction=0.257752 active_params=339139847/1315758080 configured_ratio=0.250000 mask_strategy=percentile_per_layer scope=trainable_only

 64%|██████▍   | 1550/2405 [1:48:28<58:09,  4.08s/it]2026-04-17 05:53:00,224 - INFO - [sparse-mezo] global_step=1550 active_fraction=0.253755 active_params=333880841/1315758080 configured_ratio=0.250000 mask_strategy=percentile_per_layer scope=trainable_only

 64%|██████▍   | 1551/2405 [1:48:33<58:33,  4.11s/it]2026-04-17 05:53:04,415 - INFO - [sparse-mezo] global_step=1551 active_fraction=0.253755 active_params=333880418/1315758080 configured_ratio=0.250000 mask_strategy=percentile_per_layer scope=trainable_only

 65%|██████▍   | 1552/2405 [1:48:37<58:46,  4.13s/it]2026-04-17 05:53:08,594 - INFO - [sparse-mezo] global_step=1552 active_fraction=0.253755 active_params=333880021/1315758080 configured_ratio=0.250000 mask_strategy=percentile_per_layer scope=trainable_only

 65%|██████▍   | 1553/2405 [1:48:41<58:56,  4.15s/it]2026-04-17 05:53:12,780 - INFO - [sparse-mezo] global_step=1553 active_fraction=0.253755 active_params=333879611/1315758080 configured_ratio=0.250000 mask_strategy=percentile_per_layer scope=trainable_only

 65%|██████▍   | 1554/2405 [1:48:45<58:58,  4.16s/it]2026-04-17 05:53:16,822 - INFO - [sparse-mezo] global_step=1554 active_fraction=0.258747 active_params=340447814/1315758080 configured_ratio=0.250000 mask_strategy=percentile_per_layer scope=trainable_only

 65%|██████▍   | 1555/2405 [1:48:49<58:24,  4.12s/it]2026-04-17 05:53:21,012 - INFO - [sparse-mezo] global_step=1555 active_fraction=0.253706 active_params=333815763/1315758080 configured_ratio=0.250000 mask_strategy=percentile_per_layer scope=trainable_only

 65%|██████▍   | 1556/2405 [1:48:53<58:36,  4.14s/it]2026-04-17 05:53:25,194 - INFO - [sparse-mezo] global_step=1556 active_fraction=0.253706 active_params=333815358/1315758080 configured_ratio=0.250000 mask_strategy=percentile_per_layer scope=trainable_only

 65%|██████▍   | 1557/2405 [1:48:58<58:43,  4.16s/it]2026-04-17 05:53:29,228 - INFO - [sparse-mezo] global_step=1557 active_fraction=0.259420 active_params=341334164/1315758080 configured_ratio=0.250000 mask_strategy=percentile_per_layer scope=trainable_only

 65%|██████▍   | 1558/2405 [1:49:02<58:08,  4.12s/it]2026-04-17 05:53:33,259 - INFO - [sparse-mezo] global_step=1558 active_fraction=0.259420 active_params=341333735/1315758080 configured_ratio=0.250000 mask_strategy=percentile_per_layer scope=trainable_only

 65%|██████▍   | 1559/2405 [1:49:06<57:41,  4.09s/it]2026-04-17 05:53:37,446 - INFO - [sparse-mezo] global_step=1559 active_fraction=0.253880 active_params=334044112/1315758080 configured_ratio=0.250000 mask_strategy=percentile_per_layer scope=trainable_only

 65%|██████▍   | 1560/2405 [1:49:10<58:02,  4.12s/it]2026-04-17 05:53:41,614 - INFO - [sparse-mezo] global_step=1560 active_fraction=0.253879 active_params=334043714/1315758080 configured_ratio=0.250000 mask_strategy=percentile_per_layer scope=trainable_only

 65%|██████▍   | 1561/2405 [1:49:14<58:12,  4.14s/it]2026-04-17 05:53:45,829 - INFO - [sparse-mezo] global_step=1561 active_fraction=0.256243 active_params=337153878/1315758080 configured_ratio=0.250000 mask_strategy=percentile_per_layer scope=trainable_only

 65%|██████▍   | 1562/2405 [1:49:18<58:30,  4.16s/it]2026-04-17 05:53:49,986 - INFO - [sparse-mezo] global_step=1562 active_fraction=0.254359 active_params=334675339/1315758080 configured_ratio=0.250000 mask_strategy=percentile_per_layer scope=trainable_only

 65%|██████▍   | 1563/2405 [1:49:22<58:19,  4.16s/it]2026-04-17 05:53:54,139 - INFO - [sparse-mezo] global_step=1563 active_fraction=0.255984 active_params=336812666/1315758080 configured_ratio=0.250000 mask_strategy=percentile_per_layer scope=trainable_only

 65%|██████▌   | 1564/2405 [1:49:27<58:14,  4.16s/it]2026-04-17 05:53:58,230 - INFO - [sparse-mezo] global_step=1564 active_fraction=0.256826 active_params=337920576/1315758080 configured_ratio=0.250000 mask_strategy=percentile_per_layer scope=trainable_only

 65%|██████▌   | 1565/2405 [1:49:31<57:58,  4.14s/it]2026-04-17 05:54:02,338 - INFO - [sparse-mezo] global_step=1565 active_fraction=0.256825 active_params=337920208/1315758080 configured_ratio=0.250000 mask_strategy=percentile_per_layer scope=trainable_only

 65%|██████▌   | 1566/2405 [1:49:35<57:46,  4.13s/it]2026-04-17 05:54:06,400 - INFO - [sparse-mezo] global_step=1566 active_fraction=0.259944 active_params=342023033/1315758080 configured_ratio=0.250000 mask_strategy=percentile_per_layer scope=trainable_only

 65%|██████▌   | 1567/2405 [1:49:39<57:22,  4.11s/it]2026-04-17 05:54:10,606 - INFO - [sparse-mezo] global_step=1567 active_fraction=0.253818 active_params=333963478/1315758080 configured_ratio=0.250000 mask_strategy=percentile_per_layer scope=trainable_only

 65%|██████▌   | 1568/2405 [1:49:43<57:40,  4.13s/it]2026-04-17 05:54:14,845 - INFO - [sparse-mezo] global_step=1568 active_fraction=0.253118 active_params=333042025/1315758080 configured_ratio=0.250000 mask_strategy=percentile_per_layer scope=trainable_only

 65%|██████▌   | 1569/2405 [1:49:47<58:04,  4.17s/it]2026-04-17 05:54:19,121 - INFO - [sparse-mezo] global_step=1569 active_fraction=0.252484 active_params=332207634/1315758080 configured_ratio=0.250000 mask_strategy=percentile_per_layer scope=trainable_only

 65%|██████▌   | 1570/2405 [1:49:52<58:25,  4.20s/it]2026-04-17 05:54:23,185 - INFO - [sparse-mezo] global_step=1570 active_fraction=0.258705 active_params=340393037/1315758080 configured_ratio=0.250000 mask_strategy=percentile_per_layer scope=trainable_only

 65%|██████▌   | 1571/2405 [1:49:56<57:47,  4.16s/it]2026-04-17 05:54:27,332 - INFO - [sparse-mezo] global_step=1571 active_fraction=0.255582 active_params=336284474/1315758080 configured_ratio=0.250000 mask_strategy=percentile_per_layer scope=trainable_only

 65%|██████▌   | 1572/2405 [1:50:00<57:43,  4.16s/it]2026-04-17 05:54:31,485 - INFO - [sparse-mezo] global_step=1572 active_fraction=0.255582 active_params=336284102/1315758080 configured_ratio=0.250000 mask_strategy=percentile_per_layer scope=trainable_only

 65%|██████▌   | 1573/2405 [1:50:04<57:38,  4.16s/it]2026-04-17 05:54:35,643 - INFO - [sparse-mezo] global_step=1573 active_fraction=0.255582 active_params=336283758/1315758080 configured_ratio=0.250000 mask_strategy=percentile_per_layer scope=trainable_only

 65%|██████▌   | 1574/2405 [1:50:08<57:34,  4.16s/it]2026-04-17 05:54:39,753 - INFO - [sparse-mezo] global_step=1574 active_fraction=0.258007 active_params=339474682/1315758080 configured_ratio=0.250000 mask_strategy=percentile_per_layer scope=trainable_only

 65%|██████▌   | 1575/2405 [1:50:12<57:22,  4.15s/it]2026-04-17 05:54:43,876 - INFO - [sparse-mezo] global_step=1575 active_fraction=0.258007 active_params=339474324/1315758080 configured_ratio=0.250000 mask_strategy=percentile_per_layer scope=trainable_only

 66%|██████▌   | 1576/2405 [1:50:16<57:08,  4.14s/it]2026-04-17 05:54:47,989 - INFO - [sparse-mezo] global_step=1576 active_fraction=0.258006 active_params=339473994/1315758080 configured_ratio=0.250000 mask_strategy=percentile_per_layer scope=trainable_only

 66%|██████▌   | 1577/2405 [1:50:20<56:58,  4.13s/it]2026-04-17 05:54:52,102 - INFO - [sparse-mezo] global_step=1577 active_fraction=0.258006 active_params=339473648/1315758080 configured_ratio=0.250000 mask_strategy=percentile_per_layer scope=trainable_only

 66%|██████▌   | 1578/2405 [1:50:25<56:50,  4.12s/it]2026-04-17 05:54:56,215 - INFO - [sparse-mezo] global_step=1578 active_fraction=0.258006 active_params=339473325/1315758080 configured_ratio=0.250000 mask_strategy=percentile_per_layer scope=trainable_only

 66%|██████▌   | 1579/2405 [1:50:29<56:41,  4.12s/it]2026-04-17 05:55:00,462 - INFO - [sparse-mezo] global_step=1579 active_fraction=0.252932 active_params=332797858/1315758080 configured_ratio=0.250000 mask_strategy=percentile_per_layer scope=trainable_only

 66%|██████▌   | 1580/2405 [1:50:33<57:13,  4.16s/it]2026-04-17 05:55:04,727 - INFO - [sparse-mezo] global_step=1580 active_fraction=0.252932 active_params=332797600/1315758080 configured_ratio=0.250000 mask_strategy=percentile_per_layer scope=trainable_only

 66%|██████▌   | 1581/2405 [1:50:37<57:30,  4.19s/it]2026-04-17 05:55:08,805 - INFO - [sparse-mezo] global_step=1581 active_fraction=0.258963 active_params=340732617/1315758080 configured_ratio=0.250000 mask_strategy=percentile_per_layer scope=trainable_only

 66%|██████▌   | 1582/2405 [1:50:41<56:59,  4.15s/it]2026-04-17 05:55:12,958 - INFO - [sparse-mezo] global_step=1582 active_fraction=0.255116 active_params=335671547/1315758080 configured_ratio=0.250000 mask_strategy=percentile_per_layer scope=trainable_only

 66%|██████▌   | 1583/2405 [1:50:45<56:57,  4.16s/it]2026-04-17 05:55:17,025 - INFO - [sparse-mezo] global_step=1583 active_fraction=0.259109 active_params=340924958/1315758080 configured_ratio=0.250000 mask_strategy=percentile_per_layer scope=trainable_only

 66%|██████▌   | 1584/2405 [1:50:49<56:28,  4.13s/it]2026-04-17 05:55:21,253 - INFO - [sparse-mezo] global_step=1584 active_fraction=0.253028 active_params=332923831/1315758080 configured_ratio=0.250000 mask_strategy=percentile_per_layer scope=trainable_only

 66%|██████▌   | 1585/2405 [1:50:54<56:49,  4.16s/it]2026-04-17 05:55:25,460 - INFO - [sparse-mezo] global_step=1585 active_fraction=0.255440 active_params=336096703/1315758080 configured_ratio=0.250000 mask_strategy=percentile_per_layer scope=trainable_only

 66%|██████▌   | 1586/2405 [1:50:58<56:56,  4.17s/it]2026-04-17 05:55:29,653 - INFO - [sparse-mezo] global_step=1586 active_fraction=0.255385 active_params=336025252/1315758080 configured_ratio=0.250000 mask_strategy=percentile_per_layer scope=trainable_only

 66%|██████▌   | 1587/2405 [1:51:02<57:00,  4.18s/it]2026-04-17 05:55:33,855 - INFO - [sparse-mezo] global_step=1587 active_fraction=0.255385 active_params=336025119/1315758080 configured_ratio=0.250000 mask_strategy=percentile_per_layer scope=trainable_only

 66%|██████▌   | 1588/2405 [1:51:06<56:57,  4.18s/it]2026-04-17 05:55:37,994 - INFO - [sparse-mezo] global_step=1588 active_fraction=0.255617 active_params=336330720/1315758080 configured_ratio=0.250000 mask_strategy=percentile_per_layer scope=trainable_only

 66%|██████▌   | 1589/2405 [1:51:10<56:43,  4.17s/it]2026-04-17 05:55:42,138 - INFO - [sparse-mezo] global_step=1589 active_fraction=0.255617 active_params=336330419/1315758080 configured_ratio=0.250000 mask_strategy=percentile_per_layer scope=trainable_only

 66%|██████▌   | 1590/2405 [1:51:15<56:35,  4.17s/it]2026-04-17 05:55:46,316 - INFO - [sparse-mezo] global_step=1590 active_fraction=0.256380 active_params=337333446/1315758080 configured_ratio=0.250000 mask_strategy=percentile_per_layer scope=trainable_only

 66%|██████▌   | 1591/2405 [1:51:19<56:30,  4.17s/it]2026-04-17 05:55:50,425 - INFO - [sparse-mezo] global_step=1591 active_fraction=0.257632 active_params=338981333/1315758080 configured_ratio=0.250000 mask_strategy=percentile_per_layer scope=trainable_only

 66%|██████▌   | 1592/2405 [1:51:23<56:18,  4.16s/it]2026-04-17 05:55:54,686 - INFO - [sparse-mezo] global_step=1592 active_fraction=0.253876 active_params=334039061/1315758080 configured_ratio=0.250000 mask_strategy=percentile_per_layer scope=trainable_only

 66%|██████▌   | 1593/2405 [1:51:27<56:37,  4.18s/it]2026-04-17 05:55:58,938 - INFO - [sparse-mezo] global_step=1593 active_fraction=0.253876 active_params=334038871/1315758080 configured_ratio=0.250000 mask_strategy=percentile_per_layer scope=trainable_only

 66%|██████▋   | 1594/2405 [1:51:31<56:49,  4.20s/it]2026-04-17 05:56:03,016 - INFO - [sparse-mezo] global_step=1594 active_fraction=0.259137 active_params=340961846/1315758080 configured_ratio=0.250000 mask_strategy=percentile_per_layer scope=trainable_only

 66%|██████▋   | 1595/2405 [1:51:35<56:15,  4.17s/it]2026-04-17 05:56:07,186 - INFO - [sparse-mezo] global_step=1595 active_fraction=0.255939 active_params=336753508/1315758080 configured_ratio=0.250000 mask_strategy=percentile_per_layer scope=trainable_only

 66%|██████▋   | 1596/2405 [1:51:40<56:09,  4.16s/it]2026-04-17 05:56:11,346 - INFO - [sparse-mezo] global_step=1596 active_fraction=0.255939 active_params=336753249/1315758080 configured_ratio=0.250000 mask_strategy=percentile_per_layer scope=trainable_only

 66%|██████▋   | 1597/2405 [1:51:44<56:03,  4.16s/it]2026-04-17 05:56:15,502 - INFO - [sparse-mezo] global_step=1597 active_fraction=0.255938 active_params=336752949/1315758080 configured_ratio=0.250000 mask_strategy=percentile_per_layer scope=trainable_only

 66%|██████▋   | 1598/2405 [1:51:48<55:58,  4.16s/it]2026-04-17 05:56:19,662 - INFO - [sparse-mezo] global_step=1598 active_fraction=0.255938 active_params=336752677/1315758080 configured_ratio=0.250000 mask_strategy=percentile_per_layer scope=trainable_only

 66%|██████▋   | 1599/2405 [1:51:52<55:56,  4.16s/it]2026-04-17 05:56:23,703 - INFO - [sparse-mezo] global_step=1599 active_fraction=0.258346 active_params=339920473/1315758080 configured_ratio=0.250000 mask_strategy=percentile_per_layer scope=trainable_only

 67%|██████▋   | 1600/2405 [1:51:56<55:19,  4.12s/it]2026-04-17 05:56:27,733 - INFO - [sparse-mezo] global_step=1600 active_fraction=0.258346 active_params=339920182/1315758080 configured_ratio=0.250000 mask_strategy=percentile_per_layer scope=trainable_only
2026-04-17 05:56:31,466 - INFO - [zo_probe] step=1600 eps=1.000e-06 precision=fp16 n=16 mae=1.053028e+03 mse=1.866130e+06 rmse=1.366064e+03 sign_acc=0.2500 corr=-0.174114

 67%|██████▋   | 1601/2405 [1:52:04<1:09:53,  5.22s/it]2026-04-17 05:56:35,496 - INFO - [sparse-mezo] global_step=1601 active_fraction=0.258342 active_params=339915475/1315758080 configured_ratio=0.250000 mask_strategy=percentile_per_layer scope=trainable_only

 67%|██████▋   | 1602/2405 [1:52:08<1:05:02,  4.86s/it]2026-04-17 05:56:39,530 - INFO - [sparse-mezo] global_step=1602 active_fraction=0.258342 active_params=339915198/1315758080 configured_ratio=0.250000 mask_strategy=percentile_per_layer scope=trainable_only

 67%|██████▋   | 1603/2405 [1:52:12<1:01:41,  4.61s/it]2026-04-17 05:56:43,653 - INFO - [sparse-mezo] global_step=1603 active_fraction=0.257142 active_params=338336800/1315758080 configured_ratio=0.250000 mask_strategy=percentile_per_layer scope=trainable_only

 67%|██████▋   | 1604/2405 [1:52:16<59:38,  4.47s/it]  2026-04-17 05:56:47,694 - INFO - [sparse-mezo] global_step=1604 active_fraction=0.261212 active_params=343691604/1315758080 configured_ratio=0.250000 mask_strategy=percentile_per_layer scope=trainable_only

 67%|██████▋   | 1605/2405 [1:52:20<57:49,  4.34s/it]2026-04-17 05:56:51,725 - INFO - [sparse-mezo] global_step=1605 active_fraction=0.261212 active_params=343691337/1315758080 configured_ratio=0.250000 mask_strategy=percentile_per_layer scope=trainable_only

 67%|██████▋   | 1606/2405 [1:52:24<56:33,  4.25s/it]2026-04-17 05:56:55,980 - INFO - [sparse-mezo] global_step=1606 active_fraction=0.252043 active_params=331627284/1315758080 configured_ratio=0.250000 mask_strategy=percentile_per_layer scope=trainable_only

 67%|██████▋   | 1607/2405 [1:52:28<56:33,  4.25s/it]2026-04-17 05:57:00,036 - INFO - [sparse-mezo] global_step=1607 active_fraction=0.261449 active_params=344003946/1315758080 configured_ratio=0.250000 mask_strategy=percentile_per_layer scope=trainable_only

 67%|██████▋   | 1608/2405 [1:52:32<55:36,  4.19s/it]2026-04-17 05:57:04,270 - INFO - [sparse-mezo] global_step=1608 active_fraction=0.252067 active_params=331659805/1315758080 configured_ratio=0.250000 mask_strategy=percentile_per_layer scope=trainable_only

 67%|██████▋   | 1609/2405 [1:52:37<55:47,  4.21s/it]2026-04-17 05:57:08,517 - INFO - [sparse-mezo] global_step=1609 active_fraction=0.252067 active_params=331659538/1315758080 configured_ratio=0.250000 mask_strategy=percentile_per_layer scope=trainable_only

 67%|██████▋   | 1610/2405 [1:52:41<55:55,  4.22s/it]2026-04-17 05:57:12,599 - INFO - [sparse-mezo] global_step=1610 active_fraction=0.260916 active_params=343302727/1315758080 configured_ratio=0.250000 mask_strategy=percentile_per_layer scope=trainable_only

 67%|██████▋   | 1611/2405 [1:52:45<55:13,  4.17s/it]2026-04-17 05:57:16,660 - INFO - [sparse-mezo] global_step=1611 active_fraction=0.260916 active_params=343302458/1315758080 configured_ratio=0.250000 mask_strategy=percentile_per_layer scope=trainable_only

 67%|██████▋   | 1612/2405 [1:52:49<54:41,  4.14s/it]2026-04-17 05:57:20,713 - INFO - [sparse-mezo] global_step=1612 active_fraction=0.260916 active_params=343302185/1315758080 configured_ratio=0.250000 mask_strategy=percentile_per_layer scope=trainable_only

 67%|██████▋   | 1613/2405 [1:52:53<54:22,  4.12s/it]2026-04-17 05:57:24,792 - INFO - [sparse-mezo] global_step=1613 active_fraction=0.260916 active_params=343301949/1315758080 configured_ratio=0.250000 mask_strategy=percentile_per_layer scope=trainable_only

 67%|██████▋   | 1614/2405 [1:52:57<54:06,  4.10s/it]2026-04-17 05:57:28,832 - INFO - [sparse-mezo] global_step=1614 active_fraction=0.260809 active_params=343160924/1315758080 configured_ratio=0.250000 mask_strategy=percentile_per_layer scope=trainable_only

 67%|██████▋   | 1615/2405 [1:53:01<53:47,  4.09s/it]2026-04-17 05:57:33,066 - INFO - [sparse-mezo] global_step=1615 active_fraction=0.253193 active_params=333141029/1315758080 configured_ratio=0.250000 mask_strategy=percentile_per_layer scope=trainable_only

 67%|██████▋   | 1616/2405 [1:53:05<54:16,  4.13s/it]2026-04-17 05:57:37,264 - INFO - [sparse-mezo] global_step=1616 active_fraction=0.254990 active_params=335505654/1315758080 configured_ratio=0.250000 mask_strategy=percentile_per_layer scope=trainable_only

 67%|██████▋   | 1617/2405 [1:53:10<54:31,  4.15s/it]2026-04-17 05:57:41,370 - INFO - [sparse-mezo] global_step=1617 active_fraction=0.258926 active_params=340684161/1315758080 configured_ratio=0.250000 mask_strategy=percentile_per_layer scope=trainable_only

 67%|██████▋   | 1618/2405 [1:53:14<54:14,  4.13s/it]2026-04-17 05:57:45,629 - INFO - [sparse-mezo] global_step=1618 active_fraction=0.252614 active_params=332378355/1315758080 configured_ratio=0.250000 mask_strategy=percentile_per_layer scope=trainable_only

 67%|██████▋   | 1619/2405 [1:53:18<54:41,  4.18s/it]2026-04-17 05:57:49,892 - INFO - [sparse-mezo] global_step=1619 active_fraction=0.253770 active_params=333900084/1315758080 configured_ratio=0.250000 mask_strategy=percentile_per_layer scope=trainable_only

 67%|██████▋   | 1620/2405 [1:53:22<54:55,  4.20s/it]2026-04-17 05:57:54,140 - INFO - [sparse-mezo] global_step=1620 active_fraction=0.253770 active_params=333899963/1315758080 configured_ratio=0.250000 mask_strategy=percentile_per_layer scope=trainable_only

 67%|██████▋   | 1621/2405 [1:53:27<55:03,  4.21s/it]2026-04-17 05:57:58,170 - INFO - [sparse-mezo] global_step=1621 active_fraction=0.257996 active_params=339459959/1315758080 configured_ratio=0.250000 mask_strategy=percentile_per_layer scope=trainable_only

 67%|██████▋   | 1622/2405 [1:53:31<54:15,  4.16s/it]2026-04-17 05:58:02,247 - INFO - [sparse-mezo] global_step=1622 active_fraction=0.258754 active_params=340457850/1315758080 configured_ratio=0.250000 mask_strategy=percentile_per_layer scope=trainable_only

 67%|██████▋   | 1623/2405 [1:53:35<53:55,  4.14s/it]2026-04-17 05:58:06,334 - INFO - [sparse-mezo] global_step=1623 active_fraction=0.258754 active_params=340457648/1315758080 configured_ratio=0.250000 mask_strategy=percentile_per_layer scope=trainable_only

 68%|██████▊   | 1624/2405 [1:53:39<53:36,  4.12s/it]2026-04-17 05:58:10,380 - INFO - [sparse-mezo] global_step=1624 active_fraction=0.260834 active_params=343193846/1315758080 configured_ratio=0.250000 mask_strategy=percentile_per_layer scope=trainable_only

 68%|██████▊   | 1625/2405 [1:53:43<53:15,  4.10s/it]2026-04-17 05:58:14,627 - INFO - [sparse-mezo] global_step=1625 active_fraction=0.252193 active_params=331825351/1315758080 configured_ratio=0.250000 mask_strategy=percentile_per_layer scope=trainable_only

 68%|██████▊   | 1626/2405 [1:53:47<53:46,  4.14s/it]2026-04-17 05:58:18,874 - INFO - [sparse-mezo] global_step=1626 active_fraction=0.252193 active_params=331825096/1315758080 configured_ratio=0.250000 mask_strategy=percentile_per_layer scope=trainable_only

 68%|██████▊   | 1627/2405 [1:53:51<54:06,  4.17s/it]2026-04-17 05:58:23,098 - INFO - [sparse-mezo] global_step=1627 active_fraction=0.252870 active_params=332715761/1315758080 configured_ratio=0.250000 mask_strategy=percentile_per_layer scope=trainable_only

 68%|██████▊   | 1628/2405 [1:53:56<54:18,  4.19s/it]2026-04-17 05:58:27,167 - INFO - [sparse-mezo] global_step=1628 active_fraction=0.259695 active_params=341696091/1315758080 configured_ratio=0.250000 mask_strategy=percentile_per_layer scope=trainable_only

 68%|██████▊   | 1629/2405 [1:54:00<53:41,  4.15s/it]2026-04-17 05:58:31,436 - INFO - [sparse-mezo] global_step=1629 active_fraction=0.252228 active_params=331871117/1315758080 configured_ratio=0.250000 mask_strategy=percentile_per_layer scope=trainable_only

 68%|██████▊   | 1630/2405 [1:54:04<54:04,  4.19s/it]2026-04-17 05:58:35,511 - INFO - [sparse-mezo] global_step=1630 active_fraction=0.261439 active_params=343990644/1315758080 configured_ratio=0.250000 mask_strategy=percentile_per_layer scope=trainable_only

 68%|██████▊   | 1631/2405 [1:54:08<53:36,  4.16s/it]2026-04-17 05:58:39,790 - INFO - [sparse-mezo] global_step=1631 active_fraction=0.252788 active_params=332608024/1315758080 configured_ratio=0.250000 mask_strategy=percentile_per_layer scope=trainable_only

 68%|██████▊   | 1632/2405 [1:54:12<54:03,  4.20s/it]2026-04-17 05:58:44,108 - INFO - [sparse-mezo] global_step=1632 active_fraction=0.251070 active_params=330347973/1315758080 configured_ratio=0.250000 mask_strategy=percentile_per_layer scope=trainable_only

 68%|██████▊   | 1633/2405 [1:54:17<54:23,  4.23s/it]2026-04-17 05:58:48,210 - INFO - [sparse-mezo] global_step=1633 active_fraction=0.259956 active_params=342039332/1315758080 configured_ratio=0.250000 mask_strategy=percentile_per_layer scope=trainable_only

 68%|██████▊   | 1634/2405 [1:54:21<53:54,  4.19s/it]2026-04-17 05:58:52,464 - INFO - [sparse-mezo] global_step=1634 active_fraction=0.254323 active_params=334628005/1315758080 configured_ratio=0.250000 mask_strategy=percentile_per_layer scope=trainable_only

 68%|██████▊   | 1635/2405 [1:54:25<54:03,  4.21s/it]2026-04-17 05:58:56,786 - INFO - [sparse-mezo] global_step=1635 active_fraction=0.251133 active_params=330430703/1315758080 configured_ratio=0.250000 mask_strategy=percentile_per_layer scope=trainable_only

 68%|██████▊   | 1636/2405 [1:54:29<54:20,  4.24s/it]2026-04-17 05:59:00,967 - INFO - [sparse-mezo] global_step=1636 active_fraction=0.255879 active_params=336674883/1315758080 configured_ratio=0.250000 mask_strategy=percentile_per_layer scope=trainable_only

 68%|██████▊   | 1637/2405 [1:54:33<54:04,  4.23s/it]2026-04-17 05:59:05,157 - INFO - [sparse-mezo] global_step=1637 active_fraction=0.255879 active_params=336674724/1315758080 configured_ratio=0.250000 mask_strategy=percentile_per_layer scope=trainable_only

 68%|██████▊   | 1638/2405 [1:54:38<53:52,  4.21s/it]2026-04-17 05:59:09,345 - INFO - [sparse-mezo] global_step=1638 active_fraction=0.255879 active_params=336674546/1315758080 configured_ratio=0.250000 mask_strategy=percentile_per_layer scope=trainable_only

 68%|██████▊   | 1639/2405 [1:54:42<53:38,  4.20s/it]2026-04-17 05:59:13,518 - INFO - [sparse-mezo] global_step=1639 active_fraction=0.255879 active_params=336674410/1315758080 configured_ratio=0.250000 mask_strategy=percentile_per_layer scope=trainable_only

 68%|██████▊   | 1640/2405 [1:54:46<53:31,  4.20s/it]2026-04-17 05:59:17,687 - INFO - [sparse-mezo] global_step=1640 active_fraction=0.257977 active_params=339434714/1315758080 configured_ratio=0.250000 mask_strategy=percentile_per_layer scope=trainable_only

 68%|██████▊   | 1641/2405 [1:54:50<53:20,  4.19s/it]2026-04-17 05:59:21,856 - INFO - [sparse-mezo] global_step=1641 active_fraction=0.257976 active_params=339434586/1315758080 configured_ratio=0.250000 mask_strategy=percentile_per_layer scope=trainable_only

 68%|██████▊   | 1642/2405 [1:54:54<53:09,  4.18s/it]2026-04-17 05:59:25,887 - INFO - [sparse-mezo] global_step=1642 active_fraction=0.261848 active_params=344528076/1315758080 configured_ratio=0.250000 mask_strategy=percentile_per_layer scope=trainable_only

 68%|██████▊   | 1643/2405 [1:54:58<52:31,  4.14s/it]2026-04-17 05:59:30,080 - INFO - [sparse-mezo] global_step=1643 active_fraction=0.255203 active_params=335785220/1315758080 configured_ratio=0.250000 mask_strategy=percentile_per_layer scope=trainable_only

 68%|██████▊   | 1644/2405 [1:55:02<52:40,  4.15s/it]2026-04-17 05:59:34,336 - INFO - [sparse-mezo] global_step=1644 active_fraction=0.252419 active_params=332122944/1315758080 configured_ratio=0.250000 mask_strategy=percentile_per_layer scope=trainable_only

 68%|██████▊   | 1645/2405 [1:55:07<52:58,  4.18s/it]2026-04-17 05:59:38,588 - INFO - [sparse-mezo] global_step=1645 active_fraction=0.252419 active_params=332122751/1315758080 configured_ratio=0.250000 mask_strategy=percentile_per_layer scope=trainable_only

 68%|██████▊   | 1646/2405 [1:55:11<53:13,  4.21s/it]2026-04-17 05:59:42,788 - INFO - [sparse-mezo] global_step=1646 active_fraction=0.255648 active_params=336371354/1315758080 configured_ratio=0.250000 mask_strategy=percentile_per_layer scope=trainable_only

 68%|██████▊   | 1647/2405 [1:55:15<53:07,  4.21s/it]2026-04-17 05:59:46,989 - INFO - [sparse-mezo] global_step=1647 active_fraction=0.255648 active_params=336371196/1315758080 configured_ratio=0.250000 mask_strategy=percentile_per_layer scope=trainable_only

 69%|██████▊   | 1648/2405 [1:55:19<53:04,  4.21s/it]2026-04-17 05:59:51,122 - INFO - [sparse-mezo] global_step=1648 active_fraction=0.258193 active_params=339720082/1315758080 configured_ratio=0.250000 mask_strategy=percentile_per_layer scope=trainable_only

 69%|██████▊   | 1649/2405 [1:55:24<52:43,  4.19s/it]2026-04-17 05:59:55,304 - INFO - [sparse-mezo] global_step=1649 active_fraction=0.257139 active_params=338332836/1315758080 configured_ratio=0.250000 mask_strategy=percentile_per_layer scope=trainable_only

 69%|██████▊   | 1650/2405 [1:55:28<52:33,  4.18s/it]2026-04-17 05:59:59,449 - INFO - [sparse-mezo] global_step=1650 active_fraction=0.256407 active_params=337369562/1315758080 configured_ratio=0.250000 mask_strategy=percentile_per_layer scope=trainable_only

 69%|██████▊   | 1651/2405 [1:55:32<52:23,  4.17s/it]2026-04-17 06:00:03,691 - INFO - [sparse-mezo] global_step=1651 active_fraction=0.253009 active_params=332899253/1315758080 configured_ratio=0.250000 mask_strategy=percentile_per_layer scope=trainable_only

 69%|██████▊   | 1652/2405 [1:55:36<52:35,  4.19s/it]2026-04-17 06:00:07,749 - INFO - [sparse-mezo] global_step=1652 active_fraction=0.260136 active_params=342276345/1315758080 configured_ratio=0.250000 mask_strategy=percentile_per_layer scope=trainable_only

 69%|██████▊   | 1653/2405 [1:55:40<52:03,  4.15s/it]2026-04-17 06:00:12,055 - INFO - [sparse-mezo] global_step=1653 active_fraction=0.251706 active_params=331183814/1315758080 configured_ratio=0.250000 mask_strategy=percentile_per_layer scope=trainable_only

 69%|██████▉   | 1654/2405 [1:55:44<52:31,  4.20s/it]2026-04-17 06:00:16,200 - INFO - [sparse-mezo] global_step=1654 active_fraction=0.259523 active_params=341469098/1315758080 configured_ratio=0.250000 mask_strategy=percentile_per_layer scope=trainable_only

 69%|██████▉   | 1655/2405 [1:55:49<52:18,  4.18s/it]2026-04-17 06:00:20,422 - INFO - [sparse-mezo] global_step=1655 active_fraction=0.254054 active_params=334273745/1315758080 configured_ratio=0.250000 mask_strategy=percentile_per_layer scope=trainable_only

 69%|██████▉   | 1656/2405 [1:55:53<52:20,  4.19s/it]2026-04-17 06:00:24,634 - INFO - [sparse-mezo] global_step=1656 active_fraction=0.254054 active_params=334273577/1315758080 configured_ratio=0.250000 mask_strategy=percentile_per_layer scope=trainable_only

 69%|██████▉   | 1657/2405 [1:55:57<52:22,  4.20s/it]2026-04-17 06:00:28,856 - INFO - [sparse-mezo] global_step=1657 active_fraction=0.254054 active_params=334273398/1315758080 configured_ratio=0.250000 mask_strategy=percentile_per_layer scope=trainable_only

 69%|██████▉   | 1658/2405 [1:56:01<52:20,  4.20s/it]2026-04-17 06:00:33,119 - INFO - [sparse-mezo] global_step=1658 active_fraction=0.253151 active_params=333086004/1315758080 configured_ratio=0.250000 mask_strategy=percentile_per_layer scope=trainable_only

 69%|██████▉   | 1659/2405 [1:56:06<52:34,  4.23s/it]2026-04-17 06:00:37,407 - INFO - [sparse-mezo] global_step=1659 active_fraction=0.253151 active_params=333085827/1315758080 configured_ratio=0.250000 mask_strategy=percentile_per_layer scope=trainable_only

 69%|██████▉   | 1660/2405 [1:56:10<52:39,  4.24s/it]2026-04-17 06:00:41,675 - INFO - [sparse-mezo] global_step=1660 active_fraction=0.253151 active_params=333085668/1315758080 configured_ratio=0.250000 mask_strategy=percentile_per_layer scope=trainable_only

 69%|██████▉   | 1661/2405 [1:56:14<52:41,  4.25s/it]2026-04-17 06:00:45,722 - INFO - [sparse-mezo] global_step=1661 active_fraction=0.259791 active_params=341822172/1315758080 configured_ratio=0.250000 mask_strategy=percentile_per_layer scope=trainable_only

 69%|██████▉   | 1662/2405 [1:56:18<51:51,  4.19s/it]2026-04-17 06:00:50,021 - INFO - [sparse-mezo] global_step=1662 active_fraction=0.251760 active_params=331255865/1315758080 configured_ratio=0.250000 mask_strategy=percentile_per_layer scope=trainable_only

 69%|██████▉   | 1663/2405 [1:56:22<52:14,  4.22s/it]2026-04-17 06:00:54,066 - INFO - [sparse-mezo] global_step=1663 active_fraction=0.261787 active_params=344447910/1315758080 configured_ratio=0.250000 mask_strategy=percentile_per_layer scope=trainable_only

 69%|██████▉   | 1664/2405 [1:56:26<51:28,  4.17s/it]2026-04-17 06:00:58,318 - INFO - [sparse-mezo] global_step=1664 active_fraction=0.253919 active_params=334095655/1315758080 configured_ratio=0.250000 mask_strategy=percentile_per_layer scope=trainable_only

 69%|██████▉   | 1665/2405 [1:56:31<51:44,  4.20s/it]2026-04-17 06:01:02,416 - INFO - [sparse-mezo] global_step=1665 active_fraction=0.258621 active_params=340282579/1315758080 configured_ratio=0.250000 mask_strategy=percentile_per_layer scope=trainable_only

 69%|██████▉   | 1666/2405 [1:56:35<51:19,  4.17s/it]2026-04-17 06:01:06,478 - INFO - [sparse-mezo] global_step=1666 active_fraction=0.262679 active_params=345622134/1315758080 configured_ratio=0.250000 mask_strategy=percentile_per_layer scope=trainable_only

 69%|██████▉   | 1667/2405 [1:56:39<50:51,  4.13s/it]2026-04-17 06:01:10,539 - INFO - [sparse-mezo] global_step=1667 active_fraction=0.262679 active_params=345621998/1315758080 configured_ratio=0.250000 mask_strategy=percentile_per_layer scope=trainable_only

 69%|██████▉   | 1668/2405 [1:56:43<50:29,  4.11s/it]2026-04-17 06:01:14,650 - INFO - [sparse-mezo] global_step=1668 active_fraction=0.259149 active_params=340976815/1315758080 configured_ratio=0.250000 mask_strategy=percentile_per_layer scope=trainable_only

 69%|██████▉   | 1669/2405 [1:56:47<50:24,  4.11s/it]2026-04-17 06:01:18,846 - INFO - [sparse-mezo] global_step=1669 active_fraction=0.255212 active_params=335797404/1315758080 configured_ratio=0.250000 mask_strategy=percentile_per_layer scope=trainable_only

 69%|██████▉   | 1670/2405 [1:56:51<50:40,  4.14s/it]2026-04-17 06:01:22,875 - INFO - [sparse-mezo] global_step=1670 active_fraction=0.262928 active_params=345949105/1315758080 configured_ratio=0.250000 mask_strategy=percentile_per_layer scope=trainable_only

 69%|██████▉   | 1671/2405 [1:56:55<50:12,  4.10s/it]2026-04-17 06:01:26,902 - INFO - [sparse-mezo] global_step=1671 active_fraction=0.262928 active_params=345948986/1315758080 configured_ratio=0.250000 mask_strategy=percentile_per_layer scope=trainable_only

 70%|██████▉   | 1672/2405 [1:56:59<49:51,  4.08s/it]2026-04-17 06:01:30,933 - INFO - [sparse-mezo] global_step=1672 active_fraction=0.262927 active_params=345948864/1315758080 configured_ratio=0.250000 mask_strategy=percentile_per_layer scope=trainable_only

 70%|██████▉   | 1673/2405 [1:57:03<49:40,  4.07s/it]2026-04-17 06:01:35,198 - INFO - [sparse-mezo] global_step=1673 active_fraction=0.254110 active_params=334347692/1315758080 configured_ratio=0.250000 mask_strategy=percentile_per_layer scope=trainable_only

 70%|██████▉   | 1674/2405 [1:57:08<50:16,  4.13s/it]2026-04-17 06:01:39,381 - INFO - [sparse-mezo] global_step=1674 active_fraction=0.256525 active_params=337524897/1315758080 configured_ratio=0.250000 mask_strategy=percentile_per_layer scope=trainable_only

 70%|██████▉   | 1675/2405 [1:57:12<50:23,  4.14s/it]2026-04-17 06:01:43,558 - INFO - [sparse-mezo] global_step=1675 active_fraction=0.256525 active_params=337524779/1315758080 configured_ratio=0.250000 mask_strategy=percentile_per_layer scope=trainable_only

 70%|██████▉   | 1676/2405 [1:57:16<50:26,  4.15s/it]2026-04-17 06:01:47,583 - INFO - [sparse-mezo] global_step=1676 active_fraction=0.259635 active_params=341617299/1315758080 configured_ratio=0.250000 mask_strategy=percentile_per_layer scope=trainable_only

 70%|██████▉   | 1677/2405 [1:57:20<49:58,  4.12s/it]2026-04-17 06:01:51,672 - INFO - [sparse-mezo] global_step=1677 active_fraction=0.260224 active_params=342392271/1315758080 configured_ratio=0.250000 mask_strategy=percentile_per_layer scope=trainable_only

 70%|██████▉   | 1678/2405 [1:57:24<49:46,  4.11s/it]2026-04-17 06:01:55,957 - INFO - [sparse-mezo] global_step=1678 active_fraction=0.252542 active_params=332283554/1315758080 configured_ratio=0.250000 mask_strategy=percentile_per_layer scope=trainable_only

 70%|██████▉   | 1679/2405 [1:57:28<50:18,  4.16s/it]2026-04-17 06:02:00,233 - INFO - [sparse-mezo] global_step=1679 active_fraction=0.252541 active_params=332283433/1315758080 configured_ratio=0.250000 mask_strategy=percentile_per_layer scope=trainable_only

 70%|██████▉   | 1680/2405 [1:57:33<50:39,  4.19s/it]2026-04-17 06:02:04,371 - INFO - [sparse-mezo] global_step=1680 active_fraction=0.256690 active_params=337742207/1315758080 configured_ratio=0.250000 mask_strategy=percentile_per_layer scope=trainable_only

 70%|██████▉   | 1681/2405 [1:57:37<50:23,  4.18s/it]2026-04-17 06:02:08,563 - INFO - [sparse-mezo] global_step=1681 active_fraction=0.255512 active_params=336191969/1315758080 configured_ratio=0.250000 mask_strategy=percentile_per_layer scope=trainable_only

 70%|██████▉   | 1682/2405 [1:57:41<50:22,  4.18s/it]2026-04-17 06:02:12,752 - INFO - [sparse-mezo] global_step=1682 active_fraction=0.255512 active_params=336191842/1315758080 configured_ratio=0.250000 mask_strategy=percentile_per_layer scope=trainable_only

 70%|██████▉   | 1683/2405 [1:57:45<50:22,  4.19s/it]2026-04-17 06:02:16,952 - INFO - [sparse-mezo] global_step=1683 active_fraction=0.255512 active_params=336191720/1315758080 configured_ratio=0.250000 mask_strategy=percentile_per_layer scope=trainable_only

 70%|███████   | 1684/2405 [1:57:49<50:19,  4.19s/it]2026-04-17 06:02:21,121 - INFO - [sparse-mezo] global_step=1684 active_fraction=0.257609 active_params=338951088/1315758080 configured_ratio=0.250000 mask_strategy=percentile_per_layer scope=trainable_only

 70%|███████   | 1685/2405 [1:57:54<50:11,  4.18s/it]2026-04-17 06:02:25,315 - INFO - [sparse-mezo] global_step=1685 active_fraction=0.255516 active_params=336197088/1315758080 configured_ratio=0.250000 mask_strategy=percentile_per_layer scope=trainable_only

 70%|███████   | 1686/2405 [1:57:58<50:11,  4.19s/it]2026-04-17 06:02:29,489 - INFO - [sparse-mezo] global_step=1686 active_fraction=0.257840 active_params=339254721/1315758080 configured_ratio=0.250000 mask_strategy=percentile_per_layer scope=trainable_only

 70%|███████   | 1687/2405 [1:58:02<50:02,  4.18s/it]2026-04-17 06:02:33,754 - INFO - [sparse-mezo] global_step=1687 active_fraction=0.253356 active_params=333355481/1315758080 configured_ratio=0.250000 mask_strategy=percentile_per_layer scope=trainable_only

 70%|███████   | 1688/2405 [1:58:06<50:16,  4.21s/it]2026-04-17 06:02:37,850 - INFO - [sparse-mezo] global_step=1688 active_fraction=0.260131 active_params=342269462/1315758080 configured_ratio=0.250000 mask_strategy=percentile_per_layer scope=trainable_only

 70%|███████   | 1689/2405 [1:58:10<49:48,  4.17s/it]2026-04-17 06:02:42,029 - INFO - [sparse-mezo] global_step=1689 active_fraction=0.256198 active_params=337094312/1315758080 configured_ratio=0.250000 mask_strategy=percentile_per_layer scope=trainable_only

 70%|███████   | 1690/2405 [1:58:14<49:45,  4.18s/it]2026-04-17 06:02:46,211 - INFO - [sparse-mezo] global_step=1690 active_fraction=0.256198 active_params=337094199/1315758080 configured_ratio=0.250000 mask_strategy=percentile_per_layer scope=trainable_only

 70%|███████   | 1691/2405 [1:58:19<49:46,  4.18s/it]2026-04-17 06:02:50,372 - INFO - [sparse-mezo] global_step=1691 active_fraction=0.257535 active_params=338853824/1315758080 configured_ratio=0.250000 mask_strategy=percentile_per_layer scope=trainable_only

 70%|███████   | 1692/2405 [1:58:23<49:37,  4.18s/it]2026-04-17 06:02:54,420 - INFO - [sparse-mezo] global_step=1692 active_fraction=0.261006 active_params=343421279/1315758080 configured_ratio=0.250000 mask_strategy=percentile_per_layer scope=trainable_only

 70%|███████   | 1693/2405 [1:58:27<49:02,  4.13s/it]2026-04-17 06:02:58,454 - INFO - [sparse-mezo] global_step=1693 active_fraction=0.261006 active_params=343421185/1315758080 configured_ratio=0.250000 mask_strategy=percentile_per_layer scope=trainable_only

 70%|███████   | 1694/2405 [1:58:31<48:37,  4.10s/it]2026-04-17 06:03:02,481 - INFO - [sparse-mezo] global_step=1694 active_fraction=0.261006 active_params=343421077/1315758080 configured_ratio=0.250000 mask_strategy=percentile_per_layer scope=trainable_only

 70%|███████   | 1695/2405 [1:58:35<48:18,  4.08s/it]2026-04-17 06:03:06,522 - INFO - [sparse-mezo] global_step=1695 active_fraction=0.261006 active_params=343420944/1315758080 configured_ratio=0.250000 mask_strategy=percentile_per_layer scope=trainable_only

 71%|███████   | 1696/2405 [1:58:39<48:03,  4.07s/it]2026-04-17 06:03:10,554 - INFO - [sparse-mezo] global_step=1696 active_fraction=0.261006 active_params=343420837/1315758080 configured_ratio=0.250000 mask_strategy=percentile_per_layer scope=trainable_only

 71%|███████   | 1697/2405 [1:58:43<47:56,  4.06s/it]2026-04-17 06:03:14,793 - INFO - [sparse-mezo] global_step=1697 active_fraction=0.255341 active_params=335966955/1315758080 configured_ratio=0.250000 mask_strategy=percentile_per_layer scope=trainable_only

 71%|███████   | 1698/2405 [1:58:47<48:27,  4.11s/it]2026-04-17 06:03:18,984 - INFO - [sparse-mezo] global_step=1698 active_fraction=0.257008 active_params=338160331/1315758080 configured_ratio=0.250000 mask_strategy=percentile_per_layer scope=trainable_only

 71%|███████   | 1699/2405 [1:58:51<48:40,  4.14s/it]2026-04-17 06:03:23,257 - INFO - [sparse-mezo] global_step=1699 active_fraction=0.253478 active_params=333515304/1315758080 configured_ratio=0.250000 mask_strategy=percentile_per_layer scope=trainable_only

 71%|███████   | 1700/2405 [1:58:56<49:07,  4.18s/it]2026-04-17 06:03:27,509 - INFO - [sparse-mezo] global_step=1700 active_fraction=0.254019 active_params=334227507/1315758080 configured_ratio=0.250000 mask_strategy=percentile_per_layer scope=trainable_only
2026-04-17 06:03:31,571 - INFO - [zo_probe] step=1700 eps=1.000e-06 precision=fp16 n=16 mae=5.758598e+02 mse=4.782280e+05 rmse=6.915403e+02 sign_acc=0.5625 corr=0.509761

 71%|███████   | 1701/2405 [1:59:04<1:03:33,  5.42s/it]2026-04-17 06:03:35,818 - INFO - [sparse-mezo] global_step=1701 active_fraction=0.254018 active_params=334226039/1315758080 configured_ratio=0.250000 mask_strategy=percentile_per_layer scope=trainable_only

 71%|███████   | 1702/2405 [1:59:08<59:19,  5.06s/it]  2026-04-17 06:03:40,053 - INFO - [sparse-mezo] global_step=1702 active_fraction=0.255209 active_params=335793230/1315758080 configured_ratio=0.250000 mask_strategy=percentile_per_layer scope=trainable_only

 71%|███████   | 1703/2405 [1:59:12<56:21,  4.82s/it]2026-04-17 06:03:44,297 - INFO - [sparse-mezo] global_step=1703 active_fraction=0.255209 active_params=335793173/1315758080 configured_ratio=0.250000 mask_strategy=percentile_per_layer scope=trainable_only

 71%|███████   | 1704/2405 [1:59:17<54:14,  4.64s/it]2026-04-17 06:03:48,509 - INFO - [sparse-mezo] global_step=1704 active_fraction=0.254853 active_params=335325015/1315758080 configured_ratio=0.250000 mask_strategy=percentile_per_layer scope=trainable_only

 71%|███████   | 1705/2405 [1:59:21<52:41,  4.52s/it]2026-04-17 06:03:52,737 - INFO - [sparse-mezo] global_step=1705 active_fraction=0.254896 active_params=335381791/1315758080 configured_ratio=0.250000 mask_strategy=percentile_per_layer scope=trainable_only

 71%|███████   | 1706/2405 [1:59:25<51:34,  4.43s/it]2026-04-17 06:03:56,954 - INFO - [sparse-mezo] global_step=1706 active_fraction=0.254896 active_params=335381720/1315758080 configured_ratio=0.250000 mask_strategy=percentile_per_layer scope=trainable_only

 71%|███████   | 1707/2405 [1:59:29<50:46,  4.36s/it]2026-04-17 06:04:01,171 - INFO - [sparse-mezo] global_step=1707 active_fraction=0.254896 active_params=335381616/1315758080 configured_ratio=0.250000 mask_strategy=percentile_per_layer scope=trainable_only

 71%|███████   | 1708/2405 [1:59:34<50:11,  4.32s/it]2026-04-17 06:04:05,387 - INFO - [sparse-mezo] global_step=1708 active_fraction=0.254896 active_params=335381545/1315758080 configured_ratio=0.250000 mask_strategy=percentile_per_layer scope=trainable_only

 71%|███████   | 1709/2405 [1:59:38<49:43,  4.29s/it]2026-04-17 06:04:09,665 - INFO - [sparse-mezo] global_step=1709 active_fraction=0.252122 active_params=331731720/1315758080 configured_ratio=0.250000 mask_strategy=percentile_per_layer scope=trainable_only

 71%|███████   | 1710/2405 [1:59:42<49:40,  4.29s/it]2026-04-17 06:04:13,876 - INFO - [sparse-mezo] global_step=1710 active_fraction=0.256103 active_params=336969416/1315758080 configured_ratio=0.250000 mask_strategy=percentile_per_layer scope=trainable_only

 71%|███████   | 1711/2405 [1:59:46<49:18,  4.26s/it]2026-04-17 06:04:18,107 - INFO - [sparse-mezo] global_step=1711 active_fraction=0.254937 active_params=335435633/1315758080 configured_ratio=0.250000 mask_strategy=percentile_per_layer scope=trainable_only

 71%|███████   | 1712/2405 [1:59:51<49:09,  4.26s/it]2026-04-17 06:04:22,348 - INFO - [sparse-mezo] global_step=1712 active_fraction=0.254937 active_params=335435569/1315758080 configured_ratio=0.250000 mask_strategy=percentile_per_layer scope=trainable_only

 71%|███████   | 1713/2405 [1:59:55<49:02,  4.25s/it]2026-04-17 06:04:26,519 - INFO - [sparse-mezo] global_step=1713 active_fraction=0.257802 active_params=339205306/1315758080 configured_ratio=0.250000 mask_strategy=percentile_per_layer scope=trainable_only

 71%|███████▏  | 1714/2405 [1:59:59<48:41,  4.23s/it]2026-04-17 06:04:30,689 - INFO - [sparse-mezo] global_step=1714 active_fraction=0.257802 active_params=339205208/1315758080 configured_ratio=0.250000 mask_strategy=percentile_per_layer scope=trainable_only

 71%|███████▏  | 1715/2405 [2:00:03<48:24,  4.21s/it]2026-04-17 06:04:34,859 - INFO - [sparse-mezo] global_step=1715 active_fraction=0.257802 active_params=339205100/1315758080 configured_ratio=0.250000 mask_strategy=percentile_per_layer scope=trainable_only

 71%|███████▏  | 1716/2405 [2:00:07<48:10,  4.20s/it]2026-04-17 06:04:39,018 - INFO - [sparse-mezo] global_step=1716 active_fraction=0.257802 active_params=339205015/1315758080 configured_ratio=0.250000 mask_strategy=percentile_per_layer scope=trainable_only

 71%|███████▏  | 1717/2405 [2:00:11<48:00,  4.19s/it]2026-04-17 06:04:43,186 - INFO - [sparse-mezo] global_step=1717 active_fraction=0.257123 active_params=338311147/1315758080 configured_ratio=0.250000 mask_strategy=percentile_per_layer scope=trainable_only

 71%|███████▏  | 1718/2405 [2:00:16<47:50,  4.18s/it]2026-04-17 06:04:47,344 - INFO - [sparse-mezo] global_step=1718 active_fraction=0.257123 active_params=338311035/1315758080 configured_ratio=0.250000 mask_strategy=percentile_per_layer scope=trainable_only

 71%|███████▏  | 1719/2405 [2:00:20<47:42,  4.17s/it]2026-04-17 06:04:51,589 - INFO - [sparse-mezo] global_step=1719 active_fraction=0.254966 active_params=335474100/1315758080 configured_ratio=0.250000 mask_strategy=percentile_per_layer scope=trainable_only

 72%|███████▏  | 1720/2405 [2:00:24<47:52,  4.19s/it]2026-04-17 06:04:55,832 - INFO - [sparse-mezo] global_step=1720 active_fraction=0.254966 active_params=335474014/1315758080 configured_ratio=0.250000 mask_strategy=percentile_per_layer scope=trainable_only

 72%|███████▏  | 1721/2405 [2:00:28<48:00,  4.21s/it]2026-04-17 06:05:00,086 - INFO - [sparse-mezo] global_step=1721 active_fraction=0.254966 active_params=335473924/1315758080 configured_ratio=0.250000 mask_strategy=percentile_per_layer scope=trainable_only

 72%|███████▏  | 1722/2405 [2:00:33<48:05,  4.22s/it]2026-04-17 06:05:04,317 - INFO - [sparse-mezo] global_step=1722 active_fraction=0.255216 active_params=335802606/1315758080 configured_ratio=0.250000 mask_strategy=percentile_per_layer scope=trainable_only

 72%|███████▏  | 1723/2405 [2:00:37<48:00,  4.22s/it]2026-04-17 06:05:08,582 - INFO - [sparse-mezo] global_step=1723 active_fraction=0.253234 active_params=333194290/1315758080 configured_ratio=0.250000 mask_strategy=percentile_per_layer scope=trainable_only

 72%|███████▏  | 1724/2405 [2:00:41<48:06,  4.24s/it]2026-04-17 06:05:12,837 - INFO - [sparse-mezo] global_step=1724 active_fraction=0.253972 active_params=334165606/1315758080 configured_ratio=0.250000 mask_strategy=percentile_per_layer scope=trainable_only

 72%|███████▏  | 1725/2405 [2:00:45<48:03,  4.24s/it]2026-04-17 06:05:16,950 - INFO - [sparse-mezo] global_step=1725 active_fraction=0.259636 active_params=341617950/1315758080 configured_ratio=0.250000 mask_strategy=percentile_per_layer scope=trainable_only

 72%|███████▏  | 1726/2405 [2:00:49<47:35,  4.21s/it]2026-04-17 06:05:21,259 - INFO - [sparse-mezo] global_step=1726 active_fraction=0.252144 active_params=331760248/1315758080 configured_ratio=0.250000 mask_strategy=percentile_per_layer scope=trainable_only

 72%|███████▏  | 1727/2405 [2:00:54<47:54,  4.24s/it]2026-04-17 06:05:25,579 - INFO - [sparse-mezo] global_step=1727 active_fraction=0.252144 active_params=331760174/1315758080 configured_ratio=0.250000 mask_strategy=percentile_per_layer scope=trainable_only

 72%|███████▏  | 1728/2405 [2:00:58<48:04,  4.26s/it]2026-04-17 06:05:29,807 - INFO - [sparse-mezo] global_step=1728 active_fraction=0.255873 active_params=336666890/1315758080 configured_ratio=0.250000 mask_strategy=percentile_per_layer scope=trainable_only

 72%|███████▏  | 1729/2405 [2:01:02<47:51,  4.25s/it]2026-04-17 06:05:34,024 - INFO - [sparse-mezo] global_step=1729 active_fraction=0.255873 active_params=336666850/1315758080 configured_ratio=0.250000 mask_strategy=percentile_per_layer scope=trainable_only

 72%|███████▏  | 1730/2405 [2:01:06<47:42,  4.24s/it]2026-04-17 06:05:38,251 - INFO - [sparse-mezo] global_step=1730 active_fraction=0.255873 active_params=336666821/1315758080 configured_ratio=0.250000 mask_strategy=percentile_per_layer scope=trainable_only

 72%|███████▏  | 1731/2405 [2:01:11<47:37,  4.24s/it]2026-04-17 06:05:42,459 - INFO - [sparse-mezo] global_step=1731 active_fraction=0.256917 active_params=338040839/1315758080 configured_ratio=0.250000 mask_strategy=percentile_per_layer scope=trainable_only

 72%|███████▏  | 1732/2405 [2:01:15<47:23,  4.22s/it]2026-04-17 06:05:46,785 - INFO - [sparse-mezo] global_step=1732 active_fraction=0.251024 active_params=330286244/1315758080 configured_ratio=0.250000 mask_strategy=percentile_per_layer scope=trainable_only

 72%|███████▏  | 1733/2405 [2:01:19<47:43,  4.26s/it]2026-04-17 06:05:51,134 - INFO - [sparse-mezo] global_step=1733 active_fraction=0.251023 active_params=330286183/1315758080 configured_ratio=0.250000 mask_strategy=percentile_per_layer scope=trainable_only

 72%|███████▏  | 1734/2405 [2:01:24<47:56,  4.29s/it]2026-04-17 06:05:55,193 - INFO - [sparse-mezo] global_step=1734 active_fraction=0.262991 active_params=346032133/1315758080 configured_ratio=0.250000 mask_strategy=percentile_per_layer scope=trainable_only

 72%|███████▏  | 1735/2405 [2:01:28<47:04,  4.22s/it]2026-04-17 06:05:59,528 - INFO - [sparse-mezo] global_step=1735 active_fraction=0.251466 active_params=330868265/1315758080 configured_ratio=0.250000 mask_strategy=percentile_per_layer scope=trainable_only

 72%|███████▏  | 1736/2405 [2:01:32<47:21,  4.25s/it]2026-04-17 06:06:03,803 - INFO - [sparse-mezo] global_step=1736 active_fraction=0.252403 active_params=332101229/1315758080 configured_ratio=0.250000 mask_strategy=percentile_per_layer scope=trainable_only

 72%|███████▏  | 1737/2405 [2:01:36<47:27,  4.26s/it]2026-04-17 06:06:08,106 - INFO - [sparse-mezo] global_step=1737 active_fraction=0.252403 active_params=332101167/1315758080 configured_ratio=0.250000 mask_strategy=percentile_per_layer scope=trainable_only

 72%|███████▏  | 1738/2405 [2:01:41<47:29,  4.27s/it]2026-04-17 06:06:12,397 - INFO - [sparse-mezo] global_step=1738 active_fraction=0.252403 active_params=332101114/1315758080 configured_ratio=0.250000 mask_strategy=percentile_per_layer scope=trainable_only

 72%|███████▏  | 1739/2405 [2:01:45<47:27,  4.27s/it]2026-04-17 06:06:16,680 - INFO - [sparse-mezo] global_step=1739 active_fraction=0.252369 active_params=332056985/1315758080 configured_ratio=0.250000 mask_strategy=percentile_per_layer scope=trainable_only

 72%|███████▏  | 1740/2405 [2:01:49<47:26,  4.28s/it]2026-04-17 06:06:20,804 - INFO - [sparse-mezo] global_step=1740 active_fraction=0.260225 active_params=342393384/1315758080 configured_ratio=0.250000 mask_strategy=percentile_per_layer scope=trainable_only

 72%|███████▏  | 1741/2405 [2:01:53<46:48,  4.23s/it]2026-04-17 06:06:25,101 - INFO - [sparse-mezo] global_step=1741 active_fraction=0.252526 active_params=332262527/1315758080 configured_ratio=0.250000 mask_strategy=percentile_per_layer scope=trainable_only

 72%|███████▏  | 1742/2405 [2:01:58<47:00,  4.25s/it]2026-04-17 06:06:29,410 - INFO - [sparse-mezo] global_step=1742 active_fraction=0.252525 active_params=332262427/1315758080 configured_ratio=0.250000 mask_strategy=percentile_per_layer scope=trainable_only

 72%|███████▏  | 1743/2405 [2:02:02<47:06,  4.27s/it]2026-04-17 06:06:33,628 - INFO - [sparse-mezo] global_step=1743 active_fraction=0.256782 active_params=337862825/1315758080 configured_ratio=0.250000 mask_strategy=percentile_per_layer scope=trainable_only

 73%|███████▎  | 1744/2405 [2:02:06<46:52,  4.25s/it]2026-04-17 06:06:37,822 - INFO - [sparse-mezo] global_step=1744 active_fraction=0.257344 active_params=338602952/1315758080 configured_ratio=0.250000 mask_strategy=percentile_per_layer scope=trainable_only

 73%|███████▎  | 1745/2405 [2:02:10<46:35,  4.24s/it]2026-04-17 06:06:42,016 - INFO - [sparse-mezo] global_step=1745 active_fraction=0.257344 active_params=338602896/1315758080 configured_ratio=0.250000 mask_strategy=percentile_per_layer scope=trainable_only

 73%|███████▎  | 1746/2405 [2:02:14<46:21,  4.22s/it]2026-04-17 06:06:46,335 - INFO - [sparse-mezo] global_step=1746 active_fraction=0.251114 active_params=330405559/1315758080 configured_ratio=0.250000 mask_strategy=percentile_per_layer scope=trainable_only

 73%|███████▎  | 1747/2405 [2:02:19<46:35,  4.25s/it]2026-04-17 06:06:50,444 - INFO - [sparse-mezo] global_step=1747 active_fraction=0.260334 active_params=342536618/1315758080 configured_ratio=0.250000 mask_strategy=percentile_per_layer scope=trainable_only

 73%|███████▎  | 1748/2405 [2:02:23<46:03,  4.21s/it]2026-04-17 06:06:54,702 - INFO - [sparse-mezo] global_step=1748 active_fraction=0.253609 active_params=333688281/1315758080 configured_ratio=0.250000 mask_strategy=percentile_per_layer scope=trainable_only

 73%|███████▎  | 1749/2405 [2:02:27<46:10,  4.22s/it]2026-04-17 06:06:58,734 - INFO - [sparse-mezo] global_step=1749 active_fraction=0.262054 active_params=344799950/1315758080 configured_ratio=0.250000 mask_strategy=percentile_per_layer scope=trainable_only

 73%|███████▎  | 1750/2405 [2:02:31<45:30,  4.17s/it]2026-04-17 06:07:02,773 - INFO - [sparse-mezo] global_step=1750 active_fraction=0.262054 active_params=344799850/1315758080 configured_ratio=0.250000 mask_strategy=percentile_per_layer scope=trainable_only

 73%|███████▎  | 1751/2405 [2:02:35<45:01,  4.13s/it]2026-04-17 06:07:06,809 - INFO - [sparse-mezo] global_step=1751 active_fraction=0.262054 active_params=344799773/1315758080 configured_ratio=0.250000 mask_strategy=percentile_per_layer scope=trainable_only

 73%|███████▎  | 1752/2405 [2:02:39<44:40,  4.10s/it]2026-04-17 06:07:11,114 - INFO - [sparse-mezo] global_step=1752 active_fraction=0.252822 active_params=332652271/1315758080 configured_ratio=0.250000 mask_strategy=percentile_per_layer scope=trainable_only

 73%|███████▎  | 1753/2405 [2:02:44<45:11,  4.16s/it]2026-04-17 06:07:15,242 - INFO - [sparse-mezo] global_step=1753 active_fraction=0.258306 active_params=339868860/1315758080 configured_ratio=0.250000 mask_strategy=percentile_per_layer scope=trainable_only

 73%|███████▎  | 1754/2405 [2:02:48<45:03,  4.15s/it]2026-04-17 06:07:19,508 - INFO - [sparse-mezo] global_step=1754 active_fraction=0.253857 active_params=334014436/1315758080 configured_ratio=0.250000 mask_strategy=percentile_per_layer scope=trainable_only

 73%|███████▎  | 1755/2405 [2:02:52<45:21,  4.19s/it]2026-04-17 06:07:23,660 - INFO - [sparse-mezo] global_step=1755 active_fraction=0.259684 active_params=341680848/1315758080 configured_ratio=0.250000 mask_strategy=percentile_per_layer scope=trainable_only

 73%|███████▎  | 1756/2405 [2:02:56<45:08,  4.17s/it]2026-04-17 06:07:27,908 - INFO - [sparse-mezo] global_step=1756 active_fraction=0.254676 active_params=335091430/1315758080 configured_ratio=0.250000 mask_strategy=percentile_per_layer scope=trainable_only

 73%|███████▎  | 1757/2405 [2:03:00<45:20,  4.20s/it]2026-04-17 06:07:32,033 - INFO - [sparse-mezo] global_step=1757 active_fraction=0.259386 active_params=341289156/1315758080 configured_ratio=0.250000 mask_strategy=percentile_per_layer scope=trainable_only

 73%|███████▎  | 1758/2405 [2:03:04<45:02,  4.18s/it]2026-04-17 06:07:36,158 - INFO - [sparse-mezo] global_step=1758 active_fraction=0.259386 active_params=341289063/1315758080 configured_ratio=0.250000 mask_strategy=percentile_per_layer scope=trainable_only

 73%|███████▎  | 1759/2405 [2:03:09<44:46,  4.16s/it]2026-04-17 06:07:40,421 - INFO - [sparse-mezo] global_step=1759 active_fraction=0.254165 active_params=334419430/1315758080 configured_ratio=0.250000 mask_strategy=percentile_per_layer scope=trainable_only

 73%|███████▎  | 1760/2405 [2:03:13<45:04,  4.19s/it]2026-04-17 06:07:44,693 - INFO - [sparse-mezo] global_step=1760 active_fraction=0.254343 active_params=334654325/1315758080 configured_ratio=0.250000 mask_strategy=percentile_per_layer scope=trainable_only

 73%|███████▎  | 1761/2405 [2:03:17<45:13,  4.21s/it]2026-04-17 06:07:48,878 - INFO - [sparse-mezo] global_step=1761 active_fraction=0.256564 active_params=337576357/1315758080 configured_ratio=0.250000 mask_strategy=percentile_per_layer scope=trainable_only

 73%|███████▎  | 1762/2405 [2:03:21<45:05,  4.21s/it]2026-04-17 06:07:53,081 - INFO - [sparse-mezo] global_step=1762 active_fraction=0.256362 active_params=337310228/1315758080 configured_ratio=0.250000 mask_strategy=percentile_per_layer scope=trainable_only

 73%|███████▎  | 1763/2405 [2:03:25<45:00,  4.21s/it]2026-04-17 06:07:57,287 - INFO - [sparse-mezo] global_step=1763 active_fraction=0.256362 active_params=337310146/1315758080 configured_ratio=0.250000 mask_strategy=percentile_per_layer scope=trainable_only

 73%|███████▎  | 1764/2405 [2:03:30<44:59,  4.21s/it]2026-04-17 06:08:01,536 - INFO - [sparse-mezo] global_step=1764 active_fraction=0.255991 active_params=336821833/1315758080 configured_ratio=0.250000 mask_strategy=percentile_per_layer scope=trainable_only

 73%|███████▎  | 1765/2405 [2:03:34<44:56,  4.21s/it]2026-04-17 06:08:05,757 - INFO - [sparse-mezo] global_step=1765 active_fraction=0.255991 active_params=336821751/1315758080 configured_ratio=0.250000 mask_strategy=percentile_per_layer scope=trainable_only

 73%|███████▎  | 1766/2405 [2:03:38<44:53,  4.22s/it]2026-04-17 06:08:09,896 - INFO - [sparse-mezo] global_step=1766 active_fraction=0.258584 active_params=340233545/1315758080 configured_ratio=0.250000 mask_strategy=percentile_per_layer scope=trainable_only

 73%|███████▎  | 1767/2405 [2:03:42<44:35,  4.19s/it]2026-04-17 06:08:14,037 - INFO - [sparse-mezo] global_step=1767 active_fraction=0.258584 active_params=340233468/1315758080 configured_ratio=0.250000 mask_strategy=percentile_per_layer scope=trainable_only

 74%|███████▎  | 1768/2405 [2:03:46<44:25,  4.18s/it]2026-04-17 06:08:18,246 - INFO - [sparse-mezo] global_step=1768 active_fraction=0.257250 active_params=338479385/1315758080 configured_ratio=0.250000 mask_strategy=percentile_per_layer scope=trainable_only

 74%|███████▎  | 1769/2405 [2:03:51<44:24,  4.19s/it]2026-04-17 06:08:22,477 - INFO - [sparse-mezo] global_step=1769 active_fraction=0.255663 active_params=336390230/1315758080 configured_ratio=0.250000 mask_strategy=percentile_per_layer scope=trainable_only

 74%|███████▎  | 1770/2405 [2:03:55<44:26,  4.20s/it]2026-04-17 06:08:26,702 - INFO - [sparse-mezo] global_step=1770 active_fraction=0.255663 active_params=336390163/1315758080 configured_ratio=0.250000 mask_strategy=percentile_per_layer scope=trainable_only

 74%|███████▎  | 1771/2405 [2:03:59<44:30,  4.21s/it]2026-04-17 06:08:30,978 - INFO - [sparse-mezo] global_step=1771 active_fraction=0.254348 active_params=334660339/1315758080 configured_ratio=0.250000 mask_strategy=percentile_per_layer scope=trainable_only

 74%|███████▎  | 1772/2405 [2:04:03<44:34,  4.23s/it]2026-04-17 06:08:35,262 - INFO - [sparse-mezo] global_step=1772 active_fraction=0.252665 active_params=332446203/1315758080 configured_ratio=0.250000 mask_strategy=percentile_per_layer scope=trainable_only

 74%|███████▎  | 1773/2405 [2:04:08<44:45,  4.25s/it]2026-04-17 06:08:39,515 - INFO - [sparse-mezo] global_step=1773 active_fraction=0.254235 active_params=334511359/1315758080 configured_ratio=0.250000 mask_strategy=percentile_per_layer scope=trainable_only

 74%|███████▍  | 1774/2405 [2:04:12<44:38,  4.24s/it]2026-04-17 06:08:43,722 - INFO - [sparse-mezo] global_step=1774 active_fraction=0.255802 active_params=336572914/1315758080 configured_ratio=0.250000 mask_strategy=percentile_per_layer scope=trainable_only

 74%|███████▍  | 1775/2405 [2:04:16<44:28,  4.24s/it]2026-04-17 06:08:47,927 - INFO - [sparse-mezo] global_step=1775 active_fraction=0.256524 active_params=337524044/1315758080 configured_ratio=0.250000 mask_strategy=percentile_per_layer scope=trainable_only

 74%|███████▍  | 1776/2405 [2:04:20<44:15,  4.22s/it]2026-04-17 06:08:52,116 - INFO - [sparse-mezo] global_step=1776 active_fraction=0.256524 active_params=337523958/1315758080 configured_ratio=0.250000 mask_strategy=percentile_per_layer scope=trainable_only

 74%|███████▍  | 1777/2405 [2:04:25<44:08,  4.22s/it]2026-04-17 06:08:56,387 - INFO - [sparse-mezo] global_step=1777 active_fraction=0.254184 active_params=334445043/1315758080 configured_ratio=0.250000 mask_strategy=percentile_per_layer scope=trainable_only

 74%|███████▍  | 1778/2405 [2:04:29<44:15,  4.24s/it]2026-04-17 06:09:00,611 - INFO - [sparse-mezo] global_step=1778 active_fraction=0.256731 active_params=337796410/1315758080 configured_ratio=0.250000 mask_strategy=percentile_per_layer scope=trainable_only

 74%|███████▍  | 1779/2405 [2:04:33<44:04,  4.23s/it]2026-04-17 06:09:04,811 - INFO - [sparse-mezo] global_step=1779 active_fraction=0.256731 active_params=337796350/1315758080 configured_ratio=0.250000 mask_strategy=percentile_per_layer scope=trainable_only

 74%|███████▍  | 1780/2405 [2:04:37<44:00,  4.22s/it]2026-04-17 06:09:09,025 - INFO - [sparse-mezo] global_step=1780 active_fraction=0.256560 active_params=337570987/1315758080 configured_ratio=0.250000 mask_strategy=percentile_per_layer scope=trainable_only

 74%|███████▍  | 1781/2405 [2:04:41<43:49,  4.21s/it]2026-04-17 06:09:13,216 - INFO - [sparse-mezo] global_step=1781 active_fraction=0.256560 active_params=337570905/1315758080 configured_ratio=0.250000 mask_strategy=percentile_per_layer scope=trainable_only

 74%|███████▍  | 1782/2405 [2:04:46<43:43,  4.21s/it]2026-04-17 06:09:17,526 - INFO - [sparse-mezo] global_step=1782 active_fraction=0.252367 active_params=332053758/1315758080 configured_ratio=0.250000 mask_strategy=percentile_per_layer scope=trainable_only

 74%|███████▍  | 1783/2405 [2:04:50<43:58,  4.24s/it]2026-04-17 06:09:21,714 - INFO - [sparse-mezo] global_step=1783 active_fraction=0.258090 active_params=339584506/1315758080 configured_ratio=0.250000 mask_strategy=percentile_per_layer scope=trainable_only

 74%|███████▍  | 1784/2405 [2:04:54<43:42,  4.22s/it]2026-04-17 06:09:25,916 - INFO - [sparse-mezo] global_step=1784 active_fraction=0.256071 active_params=336928108/1315758080 configured_ratio=0.250000 mask_strategy=percentile_per_layer scope=trainable_only

 74%|███████▍  | 1785/2405 [2:04:58<43:33,  4.22s/it]2026-04-17 06:09:30,250 - INFO - [sparse-mezo] global_step=1785 active_fraction=0.251345 active_params=330709076/1315758080 configured_ratio=0.250000 mask_strategy=percentile_per_layer scope=trainable_only

 74%|███████▍  | 1786/2405 [2:05:03<43:51,  4.25s/it]2026-04-17 06:09:34,558 - INFO - [sparse-mezo] global_step=1786 active_fraction=0.251345 active_params=330708997/1315758080 configured_ratio=0.250000 mask_strategy=percentile_per_layer scope=trainable_only

 74%|███████▍  | 1787/2405 [2:05:07<43:59,  4.27s/it]2026-04-17 06:09:38,624 - INFO - [sparse-mezo] global_step=1787 active_fraction=0.261578 active_params=344173594/1315758080 configured_ratio=0.250000 mask_strategy=percentile_per_layer scope=trainable_only

 74%|███████▍  | 1788/2405 [2:05:11<43:15,  4.21s/it]2026-04-17 06:09:42,937 - INFO - [sparse-mezo] global_step=1788 active_fraction=0.252028 active_params=331607644/1315758080 configured_ratio=0.250000 mask_strategy=percentile_per_layer scope=trainable_only

 74%|███████▍  | 1789/2405 [2:05:15<43:34,  4.24s/it]2026-04-17 06:09:47,017 - INFO - [sparse-mezo] global_step=1789 active_fraction=0.262702 active_params=345651696/1315758080 configured_ratio=0.250000 mask_strategy=percentile_per_layer scope=trainable_only

 74%|███████▍  | 1790/2405 [2:05:19<43:02,  4.20s/it]2026-04-17 06:09:51,363 - INFO - [sparse-mezo] global_step=1790 active_fraction=0.251944 active_params=331497548/1315758080 configured_ratio=0.250000 mask_strategy=percentile_per_layer scope=trainable_only

 74%|███████▍  | 1791/2405 [2:05:24<43:22,  4.24s/it]2026-04-17 06:09:55,434 - INFO - [sparse-mezo] global_step=1791 active_fraction=0.261591 active_params=344190805/1315758080 configured_ratio=0.250000 mask_strategy=percentile_per_layer scope=trainable_only

 75%|███████▍  | 1792/2405 [2:05:28<42:47,  4.19s/it]2026-04-17 06:09:59,774 - INFO - [sparse-mezo] global_step=1792 active_fraction=0.251961 active_params=331520048/1315758080 configured_ratio=0.250000 mask_strategy=percentile_per_layer scope=trainable_only

 75%|███████▍  | 1793/2405 [2:05:32<43:09,  4.23s/it]2026-04-17 06:10:03,812 - INFO - [sparse-mezo] global_step=1793 active_fraction=0.258995 active_params=340775065/1315758080 configured_ratio=0.250000 mask_strategy=percentile_per_layer scope=trainable_only

 75%|███████▍  | 1794/2405 [2:05:36<42:29,  4.17s/it]2026-04-17 06:10:07,849 - INFO - [sparse-mezo] global_step=1794 active_fraction=0.258995 active_params=340774976/1315758080 configured_ratio=0.250000 mask_strategy=percentile_per_layer scope=trainable_only

 75%|███████▍  | 1795/2405 [2:05:40<41:59,  4.13s/it]2026-04-17 06:10:11,904 - INFO - [sparse-mezo] global_step=1795 active_fraction=0.263069 active_params=346134722/1315758080 configured_ratio=0.250000 mask_strategy=percentile_per_layer scope=trainable_only

 75%|███████▍  | 1796/2405 [2:05:44<41:44,  4.11s/it]2026-04-17 06:10:16,193 - INFO - [sparse-mezo] global_step=1796 active_fraction=0.254189 active_params=334451334/1315758080 configured_ratio=0.250000 mask_strategy=percentile_per_layer scope=trainable_only

 75%|███████▍  | 1797/2405 [2:05:49<42:11,  4.16s/it]2026-04-17 06:10:20,299 - INFO - [sparse-mezo] global_step=1797 active_fraction=0.260582 active_params=342863274/1315758080 configured_ratio=0.250000 mask_strategy=percentile_per_layer scope=trainable_only

 75%|███████▍  | 1798/2405 [2:05:53<41:58,  4.15s/it]2026-04-17 06:10:24,624 - INFO - [sparse-mezo] global_step=1798 active_fraction=0.250704 active_params=329865733/1315758080 configured_ratio=0.250000 mask_strategy=percentile_per_layer scope=trainable_only

 75%|███████▍  | 1799/2405 [2:05:57<42:24,  4.20s/it]2026-04-17 06:10:28,942 - INFO - [sparse-mezo] global_step=1799 active_fraction=0.250704 active_params=329865687/1315758080 configured_ratio=0.250000 mask_strategy=percentile_per_layer scope=trainable_only

 75%|███████▍  | 1800/2405 [2:06:01<42:41,  4.23s/it]2026-04-17 06:10:33,261 - INFO - [sparse-mezo] global_step=1800 active_fraction=0.250704 active_params=329865637/1315758080 configured_ratio=0.250000 mask_strategy=percentile_per_layer scope=trainable_only
2026-04-17 06:10:37,665 - INFO - [zo_probe] step=1800 eps=1.000e-06 precision=fp16 n=16 mae=7.364536e+02 mse=1.082831e+06 rmse=1.040591e+03 sign_acc=0.2500 corr=0.026349

 75%|███████▍  | 1801/2405 [2:06:10<56:12,  5.58s/it]2026-04-17 06:10:41,713 - INFO - [sparse-mezo] global_step=1801 active_fraction=0.263108 active_params=346185989/1315758080 configured_ratio=0.250000 mask_strategy=percentile_per_layer scope=trainable_only

 75%|███████▍  | 1802/2405 [2:06:14<51:29,  5.12s/it]2026-04-17 06:10:45,760 - INFO - [sparse-mezo] global_step=1802 active_fraction=0.263108 active_params=346185900/1315758080 configured_ratio=0.250000 mask_strategy=percentile_per_layer scope=trainable_only

 75%|███████▍  | 1803/2405 [2:06:18<48:09,  4.80s/it]2026-04-17 06:10:50,114 - INFO - [sparse-mezo] global_step=1803 active_fraction=0.250785 active_params=329972622/1315758080 configured_ratio=0.250000 mask_strategy=percentile_per_layer scope=trainable_only

 75%|███████▌  | 1804/2405 [2:06:23<46:41,  4.66s/it]2026-04-17 06:10:54,142 - INFO - [sparse-mezo] global_step=1804 active_fraction=0.261907 active_params=344605820/1315758080 configured_ratio=0.250000 mask_strategy=percentile_per_layer scope=trainable_only

 75%|███████▌  | 1805/2405 [2:06:27<44:45,  4.48s/it]2026-04-17 06:10:58,438 - INFO - [sparse-mezo] global_step=1805 active_fraction=0.250976 active_params=330223566/1315758080 configured_ratio=0.250000 mask_strategy=percentile_per_layer scope=trainable_only

 75%|███████▌  | 1806/2405 [2:06:31<44:04,  4.42s/it]2026-04-17 06:11:02,502 - INFO - [sparse-mezo] global_step=1806 active_fraction=0.262979 active_params=346016419/1315758080 configured_ratio=0.250000 mask_strategy=percentile_per_layer scope=trainable_only

 75%|███████▌  | 1807/2405 [2:06:35<43:02,  4.32s/it]2026-04-17 06:11:06,816 - INFO - [sparse-mezo] global_step=1807 active_fraction=0.252866 active_params=332710363/1315758080 configured_ratio=0.250000 mask_strategy=percentile_per_layer scope=trainable_only

 75%|███████▌  | 1808/2405 [2:06:39<42:52,  4.31s/it]2026-04-17 06:11:10,897 - INFO - [sparse-mezo] global_step=1808 active_fraction=0.262371 active_params=345216557/1315758080 configured_ratio=0.250000 mask_strategy=percentile_per_layer scope=trainable_only

 75%|███████▌  | 1809/2405 [2:06:43<42:11,  4.25s/it]2026-04-17 06:11:15,004 - INFO - [sparse-mezo] global_step=1809 active_fraction=0.262371 active_params=345216479/1315758080 configured_ratio=0.250000 mask_strategy=percentile_per_layer scope=trainable_only

 75%|███████▌  | 1810/2405 [2:06:47<41:37,  4.20s/it]2026-04-17 06:11:19,270 - INFO - [sparse-mezo] global_step=1810 active_fraction=0.253782 active_params=333915332/1315758080 configured_ratio=0.250000 mask_strategy=percentile_per_layer scope=trainable_only

 75%|███████▌  | 1811/2405 [2:06:52<41:46,  4.22s/it]2026-04-17 06:11:23,582 - INFO - [sparse-mezo] global_step=1811 active_fraction=0.250384 active_params=329444899/1315758080 configured_ratio=0.250000 mask_strategy=percentile_per_layer scope=trainable_only

 75%|███████▌  | 1812/2405 [2:06:56<42:00,  4.25s/it]2026-04-17 06:11:27,622 - INFO - [sparse-mezo] global_step=1812 active_fraction=0.260992 active_params=343402528/1315758080 configured_ratio=0.250000 mask_strategy=percentile_per_layer scope=trainable_only

 75%|███████▌  | 1813/2405 [2:07:00<41:17,  4.18s/it]2026-04-17 06:11:31,694 - INFO - [sparse-mezo] global_step=1813 active_fraction=0.261989 active_params=344713988/1315758080 configured_ratio=0.250000 mask_strategy=percentile_per_layer scope=trainable_only

 75%|███████▌  | 1814/2405 [2:07:04<40:56,  4.16s/it]2026-04-17 06:11:36,009 - INFO - [sparse-mezo] global_step=1814 active_fraction=0.252263 active_params=331916663/1315758080 configured_ratio=0.250000 mask_strategy=percentile_per_layer scope=trainable_only

 75%|███████▌  | 1815/2405 [2:07:08<41:16,  4.20s/it]2026-04-17 06:11:40,143 - INFO - [sparse-mezo] global_step=1815 active_fraction=0.260337 active_params=342540137/1315758080 configured_ratio=0.250000 mask_strategy=percentile_per_layer scope=trainable_only

 76%|███████▌  | 1816/2405 [2:07:13<41:01,  4.18s/it]2026-04-17 06:11:44,384 - INFO - [sparse-mezo] global_step=1816 active_fraction=0.255230 active_params=335821381/1315758080 configured_ratio=0.250000 mask_strategy=percentile_per_layer scope=trainable_only

 76%|███████▌  | 1817/2405 [2:07:17<41:09,  4.20s/it]2026-04-17 06:11:48,704 - INFO - [sparse-mezo] global_step=1817 active_fraction=0.251150 active_params=330453101/1315758080 configured_ratio=0.250000 mask_strategy=percentile_per_layer scope=trainable_only

 76%|███████▌  | 1818/2405 [2:07:21<41:25,  4.23s/it]2026-04-17 06:11:52,987 - INFO - [sparse-mezo] global_step=1818 active_fraction=0.251749 active_params=331240870/1315758080 configured_ratio=0.250000 mask_strategy=percentile_per_layer scope=trainable_only

 76%|███████▌  | 1819/2405 [2:07:25<41:29,  4.25s/it]2026-04-17 06:11:57,271 - INFO - [sparse-mezo] global_step=1819 active_fraction=0.251749 active_params=331240830/1315758080 configured_ratio=0.250000 mask_strategy=percentile_per_layer scope=trainable_only

 76%|███████▌  | 1820/2405 [2:07:30<41:33,  4.26s/it]2026-04-17 06:12:01,330 - INFO - [sparse-mezo] global_step=1820 active_fraction=0.260243 active_params=342417373/1315758080 configured_ratio=0.250000 mask_strategy=percentile_per_layer scope=trainable_only

 76%|███████▌  | 1821/2405 [2:07:34<40:51,  4.20s/it]2026-04-17 06:12:05,379 - INFO - [sparse-mezo] global_step=1821 active_fraction=0.260243 active_params=342417320/1315758080 configured_ratio=0.250000 mask_strategy=percentile_per_layer scope=trainable_only

 76%|███████▌  | 1822/2405 [2:07:38<40:23,  4.16s/it]2026-04-17 06:12:09,617 - INFO - [sparse-mezo] global_step=1822 active_fraction=0.256045 active_params=336892849/1315758080 configured_ratio=0.250000 mask_strategy=percentile_per_layer scope=trainable_only

 76%|███████▌  | 1823/2405 [2:07:42<40:33,  4.18s/it]2026-04-17 06:12:13,762 - INFO - [sparse-mezo] global_step=1823 active_fraction=0.259495 active_params=341432126/1315758080 configured_ratio=0.250000 mask_strategy=percentile_per_layer scope=trainable_only

 76%|███████▌  | 1824/2405 [2:07:46<40:22,  4.17s/it]2026-04-17 06:12:18,019 - INFO - [sparse-mezo] global_step=1824 active_fraction=0.255337 active_params=335962029/1315758080 configured_ratio=0.250000 mask_strategy=percentile_per_layer scope=trainable_only

 76%|███████▌  | 1825/2405 [2:07:50<40:32,  4.19s/it]2026-04-17 06:12:22,061 - INFO - [sparse-mezo] global_step=1825 active_fraction=0.261143 active_params=343601517/1315758080 configured_ratio=0.250000 mask_strategy=percentile_per_layer scope=trainable_only

 76%|███████▌  | 1826/2405 [2:07:54<40:03,  4.15s/it]2026-04-17 06:12:26,118 - INFO - [sparse-mezo] global_step=1826 active_fraction=0.261143 active_params=343601458/1315758080 configured_ratio=0.250000 mask_strategy=percentile_per_layer scope=trainable_only

 76%|███████▌  | 1827/2405 [2:07:59<39:42,  4.12s/it]2026-04-17 06:12:30,170 - INFO - [sparse-mezo] global_step=1827 active_fraction=0.261143 active_params=343601406/1315758080 configured_ratio=0.250000 mask_strategy=percentile_per_layer scope=trainable_only

 76%|███████▌  | 1828/2405 [2:08:03<39:26,  4.10s/it]2026-04-17 06:12:34,223 - INFO - [sparse-mezo] global_step=1828 active_fraction=0.261143 active_params=343601339/1315758080 configured_ratio=0.250000 mask_strategy=percentile_per_layer scope=trainable_only

 76%|███████▌  | 1829/2405 [2:08:07<39:12,  4.08s/it]2026-04-17 06:12:38,486 - INFO - [sparse-mezo] global_step=1829 active_fraction=0.254342 active_params=334652993/1315758080 configured_ratio=0.250000 mask_strategy=percentile_per_layer scope=trainable_only

 76%|███████▌  | 1830/2405 [2:08:11<39:42,  4.14s/it]2026-04-17 06:12:42,678 - INFO - [sparse-mezo] global_step=1830 active_fraction=0.257193 active_params=338404241/1315758080 configured_ratio=0.250000 mask_strategy=percentile_per_layer scope=trainable_only

 76%|███████▌  | 1831/2405 [2:08:15<39:43,  4.15s/it]2026-04-17 06:12:46,876 - INFO - [sparse-mezo] global_step=1831 active_fraction=0.257440 active_params=338729058/1315758080 configured_ratio=0.250000 mask_strategy=percentile_per_layer scope=trainable_only

 76%|███████▌  | 1832/2405 [2:08:19<39:46,  4.16s/it]2026-04-17 06:12:51,058 - INFO - [sparse-mezo] global_step=1832 active_fraction=0.257420 active_params=338702091/1315758080 configured_ratio=0.250000 mask_strategy=percentile_per_layer scope=trainable_only

 76%|███████▌  | 1833/2405 [2:08:23<39:47,  4.17s/it]2026-04-17 06:12:55,370 - INFO - [sparse-mezo] global_step=1833 active_fraction=0.251522 active_params=330941754/1315758080 configured_ratio=0.250000 mask_strategy=percentile_per_layer scope=trainable_only

 76%|███████▋  | 1834/2405 [2:08:28<40:04,  4.21s/it]2026-04-17 06:12:59,671 - INFO - [sparse-mezo] global_step=1834 active_fraction=0.251522 active_params=330942316/1315758080 configured_ratio=0.250000 mask_strategy=percentile_per_layer scope=trainable_only

 76%|███████▋  | 1835/2405 [2:08:32<40:18,  4.24s/it]2026-04-17 06:13:03,986 - INFO - [sparse-mezo] global_step=1835 active_fraction=0.251522 active_params=330942284/1315758080 configured_ratio=0.250000 mask_strategy=percentile_per_layer scope=trainable_only

 76%|███████▋  | 1836/2405 [2:08:36<40:27,  4.27s/it]2026-04-17 06:13:08,224 - INFO - [sparse-mezo] global_step=1836 active_fraction=0.256107 active_params=336975498/1315758080 configured_ratio=0.250000 mask_strategy=percentile_per_layer scope=trainable_only

 76%|███████▋  | 1837/2405 [2:08:41<40:15,  4.25s/it]2026-04-17 06:13:12,444 - INFO - [sparse-mezo] global_step=1837 active_fraction=0.256107 active_params=336975473/1315758080 configured_ratio=0.250000 mask_strategy=percentile_per_layer scope=trainable_only

 76%|███████▋  | 1838/2405 [2:08:45<40:04,  4.24s/it]2026-04-17 06:13:16,714 - INFO - [sparse-mezo] global_step=1838 active_fraction=0.252541 active_params=332283480/1315758080 configured_ratio=0.250000 mask_strategy=percentile_per_layer scope=trainable_only

 76%|███████▋  | 1839/2405 [2:08:49<40:07,  4.25s/it]2026-04-17 06:13:20,913 - INFO - [sparse-mezo] global_step=1839 active_fraction=0.257150 active_params=338347272/1315758080 configured_ratio=0.250000 mask_strategy=percentile_per_layer scope=trainable_only

 77%|███████▋  | 1840/2405 [2:08:53<39:52,  4.23s/it]2026-04-17 06:13:25,208 - INFO - [sparse-mezo] global_step=1840 active_fraction=0.252015 active_params=331590543/1315758080 configured_ratio=0.250000 mask_strategy=percentile_per_layer scope=trainable_only

 77%|███████▋  | 1841/2405 [2:08:58<39:58,  4.25s/it]2026-04-17 06:13:29,501 - INFO - [sparse-mezo] global_step=1841 active_fraction=0.252015 active_params=331590516/1315758080 configured_ratio=0.250000 mask_strategy=percentile_per_layer scope=trainable_only

 77%|███████▋  | 1842/2405 [2:09:02<40:04,  4.27s/it]2026-04-17 06:13:33,815 - INFO - [sparse-mezo] global_step=1842 active_fraction=0.252015 active_params=331590476/1315758080 configured_ratio=0.250000 mask_strategy=percentile_per_layer scope=trainable_only

 77%|███████▋  | 1843/2405 [2:09:06<40:03,  4.28s/it]2026-04-17 06:13:38,101 - INFO - [sparse-mezo] global_step=1843 active_fraction=0.252015 active_params=331590435/1315758080 configured_ratio=0.250000 mask_strategy=percentile_per_layer scope=trainable_only

 77%|███████▋  | 1844/2405 [2:09:11<40:01,  4.28s/it]2026-04-17 06:13:42,393 - INFO - [sparse-mezo] global_step=1844 active_fraction=0.252015 active_params=331590399/1315758080 configured_ratio=0.250000 mask_strategy=percentile_per_layer scope=trainable_only

 77%|███████▋  | 1845/2405 [2:09:15<39:56,  4.28s/it]2026-04-17 06:13:46,579 - INFO - [sparse-mezo] global_step=1845 active_fraction=0.256932 active_params=338060983/1315758080 configured_ratio=0.250000 mask_strategy=percentile_per_layer scope=trainable_only

 77%|███████▋  | 1846/2405 [2:09:19<39:39,  4.26s/it]2026-04-17 06:13:50,879 - INFO - [sparse-mezo] global_step=1846 active_fraction=0.251646 active_params=331105025/1315758080 configured_ratio=0.250000 mask_strategy=percentile_per_layer scope=trainable_only

 77%|███████▋  | 1847/2405 [2:09:23<39:42,  4.27s/it]2026-04-17 06:13:55,182 - INFO - [sparse-mezo] global_step=1847 active_fraction=0.251646 active_params=331105000/1315758080 configured_ratio=0.250000 mask_strategy=percentile_per_layer scope=trainable_only

 77%|███████▋  | 1848/2405 [2:09:28<39:45,  4.28s/it]2026-04-17 06:13:59,399 - INFO - [sparse-mezo] global_step=1848 active_fraction=0.255928 active_params=336739722/1315758080 configured_ratio=0.250000 mask_strategy=percentile_per_layer scope=trainable_only

 77%|███████▋  | 1849/2405 [2:09:32<39:32,  4.27s/it]2026-04-17 06:14:03,630 - INFO - [sparse-mezo] global_step=1849 active_fraction=0.255928 active_params=336739676/1315758080 configured_ratio=0.250000 mask_strategy=percentile_per_layer scope=trainable_only

 77%|███████▋  | 1850/2405 [2:09:36<39:18,  4.25s/it]2026-04-17 06:14:07,837 - INFO - [sparse-mezo] global_step=1850 active_fraction=0.255928 active_params=336739634/1315758080 configured_ratio=0.250000 mask_strategy=percentile_per_layer scope=trainable_only

 77%|███████▋  | 1851/2405 [2:09:40<39:10,  4.24s/it]2026-04-17 06:14:12,120 - INFO - [sparse-mezo] global_step=1851 active_fraction=0.253453 active_params=333482845/1315758080 configured_ratio=0.250000 mask_strategy=percentile_per_layer scope=trainable_only

 77%|███████▋  | 1852/2405 [2:09:45<39:08,  4.25s/it]2026-04-17 06:14:16,346 - INFO - [sparse-mezo] global_step=1852 active_fraction=0.255455 active_params=336117623/1315758080 configured_ratio=0.250000 mask_strategy=percentile_per_layer scope=trainable_only

 77%|███████▋  | 1853/2405 [2:09:49<39:01,  4.24s/it]2026-04-17 06:14:20,628 - INFO - [sparse-mezo] global_step=1853 active_fraction=0.252599 active_params=332358767/1315758080 configured_ratio=0.250000 mask_strategy=percentile_per_layer scope=trainable_only

 77%|███████▋  | 1854/2405 [2:09:53<39:05,  4.26s/it]2026-04-17 06:14:24,925 - INFO - [sparse-mezo] global_step=1854 active_fraction=0.252599 active_params=332358732/1315758080 configured_ratio=0.250000 mask_strategy=percentile_per_layer scope=trainable_only

 77%|███████▋  | 1855/2405 [2:09:57<39:06,  4.27s/it]2026-04-17 06:14:29,145 - INFO - [sparse-mezo] global_step=1855 active_fraction=0.255724 active_params=336470904/1315758080 configured_ratio=0.250000 mask_strategy=percentile_per_layer scope=trainable_only

 77%|███████▋  | 1856/2405 [2:10:02<38:54,  4.25s/it]2026-04-17 06:14:33,389 - INFO - [sparse-mezo] global_step=1856 active_fraction=0.255371 active_params=336005833/1315758080 configured_ratio=0.250000 mask_strategy=percentile_per_layer scope=trainable_only

 77%|███████▋  | 1857/2405 [2:10:06<38:51,  4.25s/it]2026-04-17 06:14:37,648 - INFO - [sparse-mezo] global_step=1857 active_fraction=0.255370 active_params=336005786/1315758080 configured_ratio=0.250000 mask_strategy=percentile_per_layer scope=trainable_only

 77%|███████▋  | 1858/2405 [2:10:10<38:45,  4.25s/it]2026-04-17 06:14:41,908 - INFO - [sparse-mezo] global_step=1858 active_fraction=0.253700 active_params=333807905/1315758080 configured_ratio=0.250000 mask_strategy=percentile_per_layer scope=trainable_only

 77%|███████▋  | 1859/2405 [2:10:14<38:44,  4.26s/it]2026-04-17 06:14:46,179 - INFO - [sparse-mezo] global_step=1859 active_fraction=0.253700 active_params=333807889/1315758080 configured_ratio=0.250000 mask_strategy=percentile_per_layer scope=trainable_only

 77%|███████▋  | 1860/2405 [2:10:19<38:39,  4.26s/it]2026-04-17 06:14:50,237 - INFO - [sparse-mezo] global_step=1860 active_fraction=0.262592 active_params=345507610/1315758080 configured_ratio=0.250000 mask_strategy=percentile_per_layer scope=trainable_only

 77%|███████▋  | 1861/2405 [2:10:23<38:03,  4.20s/it]2026-04-17 06:14:54,538 - INFO - [sparse-mezo] global_step=1861 active_fraction=0.251991 active_params=331559181/1315758080 configured_ratio=0.250000 mask_strategy=percentile_per_layer scope=trainable_only

 77%|███████▋  | 1862/2405 [2:10:27<38:17,  4.23s/it]2026-04-17 06:14:58,850 - INFO - [sparse-mezo] global_step=1862 active_fraction=0.251991 active_params=331559122/1315758080 configured_ratio=0.250000 mask_strategy=percentile_per_layer scope=trainable_only

 77%|███████▋  | 1863/2405 [2:10:31<38:25,  4.25s/it]2026-04-17 06:15:02,945 - INFO - [sparse-mezo] global_step=1863 active_fraction=0.260976 active_params=343380679/1315758080 configured_ratio=0.250000 mask_strategy=percentile_per_layer scope=trainable_only

 78%|███████▊  | 1864/2405 [2:10:35<37:56,  4.21s/it]2026-04-17 06:15:07,254 - INFO - [sparse-mezo] global_step=1864 active_fraction=0.252631 active_params=332401110/1315758080 configured_ratio=0.250000 mask_strategy=percentile_per_layer scope=trainable_only

 78%|███████▊  | 1865/2405 [2:10:40<38:08,  4.24s/it]2026-04-17 06:15:11,482 - INFO - [sparse-mezo] global_step=1865 active_fraction=0.256100 active_params=336965830/1315758080 configured_ratio=0.250000 mask_strategy=percentile_per_layer scope=trainable_only

 78%|███████▊  | 1866/2405 [2:10:44<38:04,  4.24s/it]2026-04-17 06:15:15,675 - INFO - [sparse-mezo] global_step=1866 active_fraction=0.257300 active_params=338544775/1315758080 configured_ratio=0.250000 mask_strategy=percentile_per_layer scope=trainable_only

 78%|███████▊  | 1867/2405 [2:10:48<37:52,  4.22s/it]2026-04-17 06:15:19,985 - INFO - [sparse-mezo] global_step=1867 active_fraction=0.252079 active_params=331674539/1315758080 configured_ratio=0.250000 mask_strategy=percentile_per_layer scope=trainable_only

 78%|███████▊  | 1868/2405 [2:10:52<37:58,  4.24s/it]2026-04-17 06:15:24,213 - INFO - [sparse-mezo] global_step=1868 active_fraction=0.254652 active_params=335059770/1315758080 configured_ratio=0.250000 mask_strategy=percentile_per_layer scope=trainable_only

 78%|███████▊  | 1869/2405 [2:10:57<37:51,  4.24s/it]2026-04-17 06:15:28,441 - INFO - [sparse-mezo] global_step=1869 active_fraction=0.254651 active_params=335059708/1315758080 configured_ratio=0.250000 mask_strategy=percentile_per_layer scope=trainable_only

 78%|███████▊  | 1870/2405 [2:11:01<37:46,  4.24s/it]2026-04-17 06:15:32,574 - INFO - [sparse-mezo] global_step=1870 active_fraction=0.258894 active_params=340641902/1315758080 configured_ratio=0.250000 mask_strategy=percentile_per_layer scope=trainable_only

 78%|███████▊  | 1871/2405 [2:11:05<37:27,  4.21s/it]2026-04-17 06:15:36,899 - INFO - [sparse-mezo] global_step=1871 active_fraction=0.251791 active_params=331296455/1315758080 configured_ratio=0.250000 mask_strategy=percentile_per_layer scope=trainable_only

 78%|███████▊  | 1872/2405 [2:11:09<37:41,  4.24s/it]2026-04-17 06:15:41,077 - INFO - [sparse-mezo] global_step=1872 active_fraction=0.259396 active_params=341302736/1315758080 configured_ratio=0.250000 mask_strategy=percentile_per_layer scope=trainable_only

 78%|███████▊  | 1873/2405 [2:11:13<37:25,  4.22s/it]2026-04-17 06:15:45,306 - INFO - [sparse-mezo] global_step=1873 active_fraction=0.255409 active_params=336056220/1315758080 configured_ratio=0.250000 mask_strategy=percentile_per_layer scope=trainable_only

 78%|███████▊  | 1874/2405 [2:11:18<37:22,  4.22s/it]2026-04-17 06:15:49,605 - INFO - [sparse-mezo] global_step=1874 active_fraction=0.252134 active_params=331747445/1315758080 configured_ratio=0.250000 mask_strategy=percentile_per_layer scope=trainable_only

 78%|███████▊  | 1875/2405 [2:11:22<37:31,  4.25s/it]2026-04-17 06:15:53,926 - INFO - [sparse-mezo] global_step=1875 active_fraction=0.250583 active_params=329707091/1315758080 configured_ratio=0.250000 mask_strategy=percentile_per_layer scope=trainable_only

 78%|███████▊  | 1876/2405 [2:11:26<37:39,  4.27s/it]2026-04-17 06:15:57,995 - INFO - [sparse-mezo] global_step=1876 active_fraction=0.263084 active_params=346155352/1315758080 configured_ratio=0.250000 mask_strategy=percentile_per_layer scope=trainable_only

 78%|███████▊  | 1877/2405 [2:11:30<37:01,  4.21s/it]2026-04-17 06:16:02,283 - INFO - [sparse-mezo] global_step=1877 active_fraction=0.251994 active_params=331562693/1315758080 configured_ratio=0.250000 mask_strategy=percentile_per_layer scope=trainable_only

 78%|███████▊  | 1878/2405 [2:11:35<37:09,  4.23s/it]2026-04-17 06:16:06,591 - INFO - [sparse-mezo] global_step=1878 active_fraction=0.251994 active_params=331562674/1315758080 configured_ratio=0.250000 mask_strategy=percentile_per_layer scope=trainable_only

 78%|███████▊  | 1879/2405 [2:11:39<37:16,  4.25s/it]2026-04-17 06:16:10,895 - INFO - [sparse-mezo] global_step=1879 active_fraction=0.251994 active_params=331562643/1315758080 configured_ratio=0.250000 mask_strategy=percentile_per_layer scope=trainable_only

 78%|███████▊  | 1880/2405 [2:11:43<37:21,  4.27s/it]2026-04-17 06:16:15,203 - INFO - [sparse-mezo] global_step=1880 active_fraction=0.251994 active_params=331562618/1315758080 configured_ratio=0.250000 mask_strategy=percentile_per_layer scope=trainable_only

 78%|███████▊  | 1881/2405 [2:11:48<37:23,  4.28s/it]2026-04-17 06:16:19,513 - INFO - [sparse-mezo] global_step=1881 active_fraction=0.251994 active_params=331562590/1315758080 configured_ratio=0.250000 mask_strategy=percentile_per_layer scope=trainable_only

 78%|███████▊  | 1882/2405 [2:11:52<37:26,  4.30s/it]2026-04-17 06:16:23,843 - INFO - [sparse-mezo] global_step=1882 active_fraction=0.251994 active_params=331562554/1315758080 configured_ratio=0.250000 mask_strategy=percentile_per_layer scope=trainable_only

 78%|███████▊  | 1883/2405 [2:11:56<37:23,  4.30s/it]2026-04-17 06:16:28,145 - INFO - [sparse-mezo] global_step=1883 active_fraction=0.251543 active_params=330969518/1315758080 configured_ratio=0.250000 mask_strategy=percentile_per_layer scope=trainable_only

 78%|███████▊  | 1884/2405 [2:12:01<37:20,  4.30s/it]2026-04-17 06:16:32,255 - INFO - [sparse-mezo] global_step=1884 active_fraction=0.261802 active_params=344467448/1315758080 configured_ratio=0.250000 mask_strategy=percentile_per_layer scope=trainable_only

 78%|███████▊  | 1885/2405 [2:12:05<36:46,  4.24s/it]2026-04-17 06:16:36,361 - INFO - [sparse-mezo] global_step=1885 active_fraction=0.261801 active_params=344467429/1315758080 configured_ratio=0.250000 mask_strategy=percentile_per_layer scope=trainable_only

 78%|███████▊  | 1886/2405 [2:12:09<36:23,  4.21s/it]2026-04-17 06:16:40,657 - INFO - [sparse-mezo] global_step=1886 active_fraction=0.253266 active_params=333236995/1315758080 configured_ratio=0.250000 mask_strategy=percentile_per_layer scope=trainable_only

 78%|███████▊  | 1887/2405 [2:12:13<36:32,  4.23s/it]2026-04-17 06:16:44,950 - INFO - [sparse-mezo] global_step=1887 active_fraction=0.253266 active_params=333236947/1315758080 configured_ratio=0.250000 mask_strategy=percentile_per_layer scope=trainable_only

 79%|███████▊  | 1888/2405 [2:12:17<36:37,  4.25s/it]2026-04-17 06:16:49,243 - INFO - [sparse-mezo] global_step=1888 active_fraction=0.253266 active_params=333236903/1315758080 configured_ratio=0.250000 mask_strategy=percentile_per_layer scope=trainable_only

 79%|███████▊  | 1889/2405 [2:12:22<36:38,  4.26s/it]2026-04-17 06:16:53,563 - INFO - [sparse-mezo] global_step=1889 active_fraction=0.250764 active_params=329944805/1315758080 configured_ratio=0.250000 mask_strategy=percentile_per_layer scope=trainable_only

 79%|███████▊  | 1890/2405 [2:12:26<36:45,  4.28s/it]2026-04-17 06:16:57,896 - INFO - [sparse-mezo] global_step=1890 active_fraction=0.250764 active_params=329944792/1315758080 configured_ratio=0.250000 mask_strategy=percentile_per_layer scope=trainable_only

 79%|███████▊  | 1891/2405 [2:12:30<36:48,  4.30s/it]2026-04-17 06:17:01,984 - INFO - [sparse-mezo] global_step=1891 active_fraction=0.263318 active_params=346463068/1315758080 configured_ratio=0.250000 mask_strategy=percentile_per_layer scope=trainable_only

 79%|███████▊  | 1892/2405 [2:12:34<36:11,  4.23s/it]2026-04-17 06:17:06,281 - INFO - [sparse-mezo] global_step=1892 active_fraction=0.252768 active_params=332581790/1315758080 configured_ratio=0.250000 mask_strategy=percentile_per_layer scope=trainable_only

 79%|███████▊  | 1893/2405 [2:12:39<36:15,  4.25s/it]2026-04-17 06:17:10,591 - INFO - [sparse-mezo] global_step=1893 active_fraction=0.250801 active_params=329993205/1315758080 configured_ratio=0.250000 mask_strategy=percentile_per_layer scope=trainable_only

 79%|███████▉  | 1894/2405 [2:12:43<36:21,  4.27s/it]2026-04-17 06:17:14,781 - INFO - [sparse-mezo] global_step=1894 active_fraction=0.257269 active_params=338503775/1315758080 configured_ratio=0.250000 mask_strategy=percentile_per_layer scope=trainable_only

 79%|███████▉  | 1895/2405 [2:12:47<36:04,  4.24s/it]2026-04-17 06:17:18,940 - INFO - [sparse-mezo] global_step=1895 active_fraction=0.256879 active_params=337990842/1315758080 configured_ratio=0.250000 mask_strategy=percentile_per_layer scope=trainable_only

 79%|███████▉  | 1896/2405 [2:12:51<35:47,  4.22s/it]2026-04-17 06:17:23,109 - INFO - [sparse-mezo] global_step=1896 active_fraction=0.259535 active_params=341485894/1315758080 configured_ratio=0.250000 mask_strategy=percentile_per_layer scope=trainable_only

 79%|███████▉  | 1897/2405 [2:12:56<35:35,  4.20s/it]2026-04-17 06:17:27,281 - INFO - [sparse-mezo] global_step=1897 active_fraction=0.259535 active_params=341485840/1315758080 configured_ratio=0.250000 mask_strategy=percentile_per_layer scope=trainable_only

 79%|███████▉  | 1898/2405 [2:13:00<35:28,  4.20s/it]2026-04-17 06:17:31,461 - INFO - [sparse-mezo] global_step=1898 active_fraction=0.259535 active_params=341485788/1315758080 configured_ratio=0.250000 mask_strategy=percentile_per_layer scope=trainable_only

 79%|███████▉  | 1899/2405 [2:13:04<35:21,  4.19s/it]2026-04-17 06:17:35,685 - INFO - [sparse-mezo] global_step=1899 active_fraction=0.256323 active_params=337259443/1315758080 configured_ratio=0.250000 mask_strategy=percentile_per_layer scope=trainable_only

 79%|███████▉  | 1900/2405 [2:13:08<35:20,  4.20s/it]2026-04-17 06:17:39,894 - INFO - [sparse-mezo] global_step=1900 active_fraction=0.256323 active_params=337259388/1315758080 configured_ratio=0.250000 mask_strategy=percentile_per_layer scope=trainable_only
2026-04-17 06:17:43,919 - INFO - [zo_probe] step=1900 eps=1.000e-06 precision=fp16 n=16 mae=1.351667e+03 mse=2.767925e+06 rmse=1.663708e+03 sign_acc=0.4375 corr=-0.221871

 79%|███████▉  | 1901/2405 [2:13:16<45:27,  5.41s/it]2026-04-17 06:17:48,269 - INFO - [sparse-mezo] global_step=1901 active_fraction=0.250776 active_params=329961079/1315758080 configured_ratio=0.250000 mask_strategy=percentile_per_layer scope=trainable_only

 79%|███████▉  | 1902/2405 [2:13:21<42:40,  5.09s/it]2026-04-17 06:17:52,574 - INFO - [sparse-mezo] global_step=1902 active_fraction=0.251382 active_params=330757962/1315758080 configured_ratio=0.250000 mask_strategy=percentile_per_layer scope=trainable_only

 79%|███████▉  | 1903/2405 [2:13:25<40:38,  4.86s/it]2026-04-17 06:17:56,887 - INFO - [sparse-mezo] global_step=1903 active_fraction=0.251382 active_params=330757914/1315758080 configured_ratio=0.250000 mask_strategy=percentile_per_layer scope=trainable_only

 79%|███████▉  | 1904/2405 [2:13:29<39:09,  4.69s/it]2026-04-17 06:18:00,960 - INFO - [sparse-mezo] global_step=1904 active_fraction=0.263351 active_params=346506183/1315758080 configured_ratio=0.250000 mask_strategy=percentile_per_layer scope=trainable_only

 79%|███████▉  | 1905/2405 [2:13:33<37:32,  4.50s/it]2026-04-17 06:18:05,267 - INFO - [sparse-mezo] global_step=1905 active_fraction=0.252139 active_params=331754422/1315758080 configured_ratio=0.250000 mask_strategy=percentile_per_layer scope=trainable_only

 79%|███████▉  | 1906/2405 [2:13:38<36:59,  4.45s/it]2026-04-17 06:18:09,575 - INFO - [sparse-mezo] global_step=1906 active_fraction=0.252139 active_params=331754372/1315758080 configured_ratio=0.250000 mask_strategy=percentile_per_layer scope=trainable_only

 79%|███████▉  | 1907/2405 [2:13:42<36:37,  4.41s/it]2026-04-17 06:18:13,913 - INFO - [sparse-mezo] global_step=1907 active_fraction=0.252152 active_params=331770618/1315758080 configured_ratio=0.250000 mask_strategy=percentile_per_layer scope=trainable_only

 79%|███████▉  | 1908/2405 [2:13:46<36:17,  4.38s/it]2026-04-17 06:18:18,085 - INFO - [sparse-mezo] global_step=1908 active_fraction=0.258652 active_params=340322823/1315758080 configured_ratio=0.250000 mask_strategy=percentile_per_layer scope=trainable_only

 79%|███████▉  | 1909/2405 [2:13:51<35:44,  4.32s/it]2026-04-17 06:18:22,273 - INFO - [sparse-mezo] global_step=1909 active_fraction=0.258651 active_params=340322783/1315758080 configured_ratio=0.250000 mask_strategy=percentile_per_layer scope=trainable_only

 79%|███████▉  | 1910/2405 [2:13:55<35:18,  4.28s/it]2026-04-17 06:18:26,502 - INFO - [sparse-mezo] global_step=1910 active_fraction=0.256320 active_params=337255661/1315758080 configured_ratio=0.250000 mask_strategy=percentile_per_layer scope=trainable_only

 79%|███████▉  | 1911/2405 [2:13:59<35:06,  4.26s/it]2026-04-17 06:18:30,734 - INFO - [sparse-mezo] global_step=1911 active_fraction=0.256320 active_params=337255635/1315758080 configured_ratio=0.250000 mask_strategy=percentile_per_layer scope=trainable_only

 80%|███████▉  | 1912/2405 [2:14:03<34:56,  4.25s/it]2026-04-17 06:18:35,049 - INFO - [sparse-mezo] global_step=1912 active_fraction=0.251011 active_params=330269414/1315758080 configured_ratio=0.250000 mask_strategy=percentile_per_layer scope=trainable_only

 80%|███████▉  | 1913/2405 [2:14:07<35:02,  4.27s/it]2026-04-17 06:18:39,370 - INFO - [sparse-mezo] global_step=1913 active_fraction=0.251011 active_params=330269374/1315758080 configured_ratio=0.250000 mask_strategy=percentile_per_layer scope=trainable_only

 80%|███████▉  | 1914/2405 [2:14:12<35:05,  4.29s/it]2026-04-17 06:18:43,670 - INFO - [sparse-mezo] global_step=1914 active_fraction=0.250601 active_params=329729786/1315758080 configured_ratio=0.250000 mask_strategy=percentile_per_layer scope=trainable_only

 80%|███████▉  | 1915/2405 [2:14:16<35:04,  4.29s/it]2026-04-17 06:18:47,736 - INFO - [sparse-mezo] global_step=1915 active_fraction=0.263846 active_params=347157460/1315758080 configured_ratio=0.250000 mask_strategy=percentile_per_layer scope=trainable_only

 80%|███████▉  | 1916/2405 [2:14:20<34:25,  4.22s/it]2026-04-17 06:18:52,049 - INFO - [sparse-mezo] global_step=1916 active_fraction=0.251964 active_params=331523229/1315758080 configured_ratio=0.250000 mask_strategy=percentile_per_layer scope=trainable_only

 80%|███████▉  | 1917/2405 [2:14:24<34:33,  4.25s/it]2026-04-17 06:18:56,188 - INFO - [sparse-mezo] global_step=1917 active_fraction=0.259742 active_params=341757525/1315758080 configured_ratio=0.250000 mask_strategy=percentile_per_layer scope=trainable_only

 80%|███████▉  | 1918/2405 [2:14:29<34:13,  4.22s/it]2026-04-17 06:19:00,401 - INFO - [sparse-mezo] global_step=1918 active_fraction=0.256275 active_params=337195785/1315758080 configured_ratio=0.250000 mask_strategy=percentile_per_layer scope=trainable_only

 80%|███████▉  | 1919/2405 [2:14:33<34:08,  4.21s/it]2026-04-17 06:19:04,588 - INFO - [sparse-mezo] global_step=1919 active_fraction=0.256275 active_params=337195729/1315758080 configured_ratio=0.250000 mask_strategy=percentile_per_layer scope=trainable_only

 80%|███████▉  | 1920/2405 [2:14:37<34:00,  4.21s/it]2026-04-17 06:19:08,905 - INFO - [sparse-mezo] global_step=1920 active_fraction=0.251015 active_params=330275332/1315758080 configured_ratio=0.250000 mask_strategy=percentile_per_layer scope=trainable_only

 80%|███████▉  | 1921/2405 [2:14:41<34:12,  4.24s/it]2026-04-17 06:19:13,243 - INFO - [sparse-mezo] global_step=1921 active_fraction=0.251015 active_params=330275309/1315758080 configured_ratio=0.250000 mask_strategy=percentile_per_layer scope=trainable_only

 80%|███████▉  | 1922/2405 [2:14:46<34:23,  4.27s/it]2026-04-17 06:19:17,585 - INFO - [sparse-mezo] global_step=1922 active_fraction=0.251015 active_params=330275288/1315758080 configured_ratio=0.250000 mask_strategy=percentile_per_layer scope=trainable_only

 80%|███████▉  | 1923/2405 [2:14:50<34:29,  4.29s/it]2026-04-17 06:19:21,916 - INFO - [sparse-mezo] global_step=1923 active_fraction=0.251015 active_params=330275256/1315758080 configured_ratio=0.250000 mask_strategy=percentile_per_layer scope=trainable_only

 80%|████████  | 1924/2405 [2:14:54<34:25,  4.30s/it]2026-04-17 06:19:26,225 - INFO - [sparse-mezo] global_step=1924 active_fraction=0.251015 active_params=330275240/1315758080 configured_ratio=0.250000 mask_strategy=percentile_per_layer scope=trainable_only

 80%|████████  | 1925/2405 [2:14:59<34:26,  4.31s/it]2026-04-17 06:19:30,285 - INFO - [sparse-mezo] global_step=1925 active_fraction=0.263120 active_params=346202484/1315758080 configured_ratio=0.250000 mask_strategy=percentile_per_layer scope=trainable_only

 80%|████████  | 1926/2405 [2:15:03<33:47,  4.23s/it]2026-04-17 06:19:34,607 - INFO - [sparse-mezo] global_step=1926 active_fraction=0.251536 active_params=330960697/1315758080 configured_ratio=0.250000 mask_strategy=percentile_per_layer scope=trainable_only

 80%|████████  | 1927/2405 [2:15:07<33:55,  4.26s/it]2026-04-17 06:19:38,663 - INFO - [sparse-mezo] global_step=1927 active_fraction=0.265157 active_params=348882052/1315758080 configured_ratio=0.250000 mask_strategy=percentile_per_layer scope=trainable_only

 80%|████████  | 1928/2405 [2:15:11<33:24,  4.20s/it]2026-04-17 06:19:42,990 - INFO - [sparse-mezo] global_step=1928 active_fraction=0.251861 active_params=331388165/1315758080 configured_ratio=0.250000 mask_strategy=percentile_per_layer scope=trainable_only

 80%|████████  | 1929/2405 [2:15:15<33:36,  4.24s/it]2026-04-17 06:19:47,311 - INFO - [sparse-mezo] global_step=1929 active_fraction=0.251958 active_params=331516072/1315758080 configured_ratio=0.250000 mask_strategy=percentile_per_layer scope=trainable_only

 80%|████████  | 1930/2405 [2:15:20<33:44,  4.26s/it]2026-04-17 06:19:51,366 - INFO - [sparse-mezo] global_step=1930 active_fraction=0.263244 active_params=346365334/1315758080 configured_ratio=0.250000 mask_strategy=percentile_per_layer scope=trainable_only

 80%|████████  | 1931/2405 [2:15:24<33:13,  4.21s/it]2026-04-17 06:19:55,723 - INFO - [sparse-mezo] global_step=1931 active_fraction=0.251265 active_params=330603796/1315758080 configured_ratio=0.250000 mask_strategy=percentile_per_layer scope=trainable_only

 80%|████████  | 1932/2405 [2:15:28<33:30,  4.25s/it]2026-04-17 06:19:59,869 - INFO - [sparse-mezo] global_step=1932 active_fraction=0.261935 active_params=344642621/1315758080 configured_ratio=0.250000 mask_strategy=percentile_per_layer scope=trainable_only

 80%|████████  | 1933/2405 [2:15:32<33:08,  4.21s/it]2026-04-17 06:20:04,132 - INFO - [sparse-mezo] global_step=1933 active_fraction=0.253215 active_params=333169930/1315758080 configured_ratio=0.250000 mask_strategy=percentile_per_layer scope=trainable_only

 80%|████████  | 1934/2405 [2:15:37<33:14,  4.23s/it]2026-04-17 06:20:08,404 - INFO - [sparse-mezo] global_step=1934 active_fraction=0.251744 active_params=331234048/1315758080 configured_ratio=0.250000 mask_strategy=percentile_per_layer scope=trainable_only

 80%|████████  | 1935/2405 [2:15:41<33:12,  4.24s/it]2026-04-17 06:20:12,654 - INFO - [sparse-mezo] global_step=1935 active_fraction=0.251744 active_params=331234022/1315758080 configured_ratio=0.250000 mask_strategy=percentile_per_layer scope=trainable_only

 80%|████████  | 1936/2405 [2:15:45<33:12,  4.25s/it]2026-04-17 06:20:16,923 - INFO - [sparse-mezo] global_step=1936 active_fraction=0.251197 active_params=330514527/1315758080 configured_ratio=0.250000 mask_strategy=percentile_per_layer scope=trainable_only

 81%|████████  | 1937/2405 [2:15:49<33:08,  4.25s/it]2026-04-17 06:20:21,179 - INFO - [sparse-mezo] global_step=1937 active_fraction=0.251197 active_params=330514494/1315758080 configured_ratio=0.250000 mask_strategy=percentile_per_layer scope=trainable_only

 81%|████████  | 1938/2405 [2:15:54<33:06,  4.25s/it]2026-04-17 06:20:25,353 - INFO - [sparse-mezo] global_step=1938 active_fraction=0.257402 active_params=338678424/1315758080 configured_ratio=0.250000 mask_strategy=percentile_per_layer scope=trainable_only

 81%|████████  | 1939/2405 [2:15:58<32:51,  4.23s/it]2026-04-17 06:20:29,599 - INFO - [sparse-mezo] global_step=1939 active_fraction=0.255676 active_params=336408207/1315758080 configured_ratio=0.250000 mask_strategy=percentile_per_layer scope=trainable_only

 81%|████████  | 1940/2405 [2:16:02<32:51,  4.24s/it]2026-04-17 06:20:33,731 - INFO - [sparse-mezo] global_step=1940 active_fraction=0.261813 active_params=344482155/1315758080 configured_ratio=0.250000 mask_strategy=percentile_per_layer scope=trainable_only

 81%|████████  | 1941/2405 [2:16:06<32:30,  4.20s/it]2026-04-17 06:20:38,005 - INFO - [sparse-mezo] global_step=1941 active_fraction=0.254031 active_params=334243340/1315758080 configured_ratio=0.250000 mask_strategy=percentile_per_layer scope=trainable_only

 81%|████████  | 1942/2405 [2:16:10<32:34,  4.22s/it]2026-04-17 06:20:42,256 - INFO - [sparse-mezo] global_step=1942 active_fraction=0.254075 active_params=334300811/1315758080 configured_ratio=0.250000 mask_strategy=percentile_per_layer scope=trainable_only

 81%|████████  | 1943/2405 [2:16:15<32:33,  4.23s/it]2026-04-17 06:20:46,503 - INFO - [sparse-mezo] global_step=1943 active_fraction=0.254075 active_params=334300791/1315758080 configured_ratio=0.250000 mask_strategy=percentile_per_layer scope=trainable_only

 81%|████████  | 1944/2405 [2:16:19<32:32,  4.24s/it]2026-04-17 06:20:50,685 - INFO - [sparse-mezo] global_step=1944 active_fraction=0.258097 active_params=339593162/1315758080 configured_ratio=0.250000 mask_strategy=percentile_per_layer scope=trainable_only

 81%|████████  | 1945/2405 [2:16:23<32:22,  4.22s/it]2026-04-17 06:20:55,019 - INFO - [sparse-mezo] global_step=1945 active_fraction=0.250299 active_params=329332494/1315758080 configured_ratio=0.250000 mask_strategy=percentile_per_layer scope=trainable_only

 81%|████████  | 1946/2405 [2:16:27<32:32,  4.25s/it]2026-04-17 06:20:59,290 - INFO - [sparse-mezo] global_step=1946 active_fraction=0.253185 active_params=333129628/1315758080 configured_ratio=0.250000 mask_strategy=percentile_per_layer scope=trainable_only

 81%|████████  | 1947/2405 [2:16:32<32:30,  4.26s/it]2026-04-17 06:21:03,459 - INFO - [sparse-mezo] global_step=1947 active_fraction=0.257431 active_params=338716405/1315758080 configured_ratio=0.250000 mask_strategy=percentile_per_layer scope=trainable_only

 81%|████████  | 1948/2405 [2:16:36<32:15,  4.23s/it]2026-04-17 06:21:07,683 - INFO - [sparse-mezo] global_step=1948 active_fraction=0.256695 active_params=337748537/1315758080 configured_ratio=0.250000 mask_strategy=percentile_per_layer scope=trainable_only

 81%|████████  | 1949/2405 [2:16:40<32:09,  4.23s/it]2026-04-17 06:21:11,841 - INFO - [sparse-mezo] global_step=1949 active_fraction=0.260421 active_params=342650873/1315758080 configured_ratio=0.250000 mask_strategy=percentile_per_layer scope=trainable_only

 81%|████████  | 1950/2405 [2:16:44<31:55,  4.21s/it]2026-04-17 06:21:15,998 - INFO - [sparse-mezo] global_step=1950 active_fraction=0.260421 active_params=342650813/1315758080 configured_ratio=0.250000 mask_strategy=percentile_per_layer scope=trainable_only

 81%|████████  | 1951/2405 [2:16:48<31:43,  4.19s/it]2026-04-17 06:21:20,222 - INFO - [sparse-mezo] global_step=1951 active_fraction=0.256661 active_params=337703635/1315758080 configured_ratio=0.250000 mask_strategy=percentile_per_layer scope=trainable_only

 81%|████████  | 1952/2405 [2:16:53<31:43,  4.20s/it]2026-04-17 06:21:24,390 - INFO - [sparse-mezo] global_step=1952 active_fraction=0.259976 active_params=342065320/1315758080 configured_ratio=0.250000 mask_strategy=percentile_per_layer scope=trainable_only

 81%|████████  | 1953/2405 [2:16:57<31:33,  4.19s/it]2026-04-17 06:21:28,549 - INFO - [sparse-mezo] global_step=1953 active_fraction=0.259976 active_params=342065275/1315758080 configured_ratio=0.250000 mask_strategy=percentile_per_layer scope=trainable_only

 81%|████████  | 1954/2405 [2:17:01<31:24,  4.18s/it]2026-04-17 06:21:32,839 - INFO - [sparse-mezo] global_step=1954 active_fraction=0.253306 active_params=333289265/1315758080 configured_ratio=0.250000 mask_strategy=percentile_per_layer scope=trainable_only

 81%|████████▏ | 1955/2405 [2:17:05<31:37,  4.22s/it]2026-04-17 06:21:37,142 - INFO - [sparse-mezo] global_step=1955 active_fraction=0.253306 active_params=333289206/1315758080 configured_ratio=0.250000 mask_strategy=percentile_per_layer scope=trainable_only

 81%|████████▏ | 1956/2405 [2:17:10<31:43,  4.24s/it]2026-04-17 06:21:41,222 - INFO - [sparse-mezo] global_step=1956 active_fraction=0.262802 active_params=345783261/1315758080 configured_ratio=0.250000 mask_strategy=percentile_per_layer scope=trainable_only

 81%|████████▏ | 1957/2405 [2:17:14<31:20,  4.20s/it]2026-04-17 06:21:45,319 - INFO - [sparse-mezo] global_step=1957 active_fraction=0.262801 active_params=345783194/1315758080 configured_ratio=0.250000 mask_strategy=percentile_per_layer scope=trainable_only

 81%|████████▏ | 1958/2405 [2:17:18<31:02,  4.17s/it]2026-04-17 06:21:49,676 - INFO - [sparse-mezo] global_step=1958 active_fraction=0.251262 active_params=330599729/1315758080 configured_ratio=0.250000 mask_strategy=percentile_per_layer scope=trainable_only

 81%|████████▏ | 1959/2405 [2:17:22<31:21,  4.22s/it]2026-04-17 06:21:53,992 - INFO - [sparse-mezo] global_step=1959 active_fraction=0.251077 active_params=330356420/1315758080 configured_ratio=0.250000 mask_strategy=percentile_per_layer scope=trainable_only

 81%|████████▏ | 1960/2405 [2:17:26<31:30,  4.25s/it]2026-04-17 06:21:58,135 - INFO - [sparse-mezo] global_step=1960 active_fraction=0.259966 active_params=342051866/1315758080 configured_ratio=0.250000 mask_strategy=percentile_per_layer scope=trainable_only

 82%|████████▏ | 1961/2405 [2:17:31<31:13,  4.22s/it]2026-04-17 06:22:02,384 - INFO - [sparse-mezo] global_step=1961 active_fraction=0.255309 active_params=335925434/1315758080 configured_ratio=0.250000 mask_strategy=percentile_per_layer scope=trainable_only

 82%|████████▏ | 1962/2405 [2:17:35<31:14,  4.23s/it]2026-04-17 06:22:06,642 - INFO - [sparse-mezo] global_step=1962 active_fraction=0.255309 active_params=335925406/1315758080 configured_ratio=0.250000 mask_strategy=percentile_per_layer scope=trainable_only

 82%|████████▏ | 1963/2405 [2:17:39<31:12,  4.24s/it]2026-04-17 06:22:10,962 - INFO - [sparse-mezo] global_step=1963 active_fraction=0.251737 active_params=331225422/1315758080 configured_ratio=0.250000 mask_strategy=percentile_per_layer scope=trainable_only

 82%|████████▏ | 1964/2405 [2:17:43<31:18,  4.26s/it]2026-04-17 06:22:15,125 - INFO - [sparse-mezo] global_step=1964 active_fraction=0.259782 active_params=341810489/1315758080 configured_ratio=0.250000 mask_strategy=percentile_per_layer scope=trainable_only

 82%|████████▏ | 1965/2405 [2:17:48<31:01,  4.23s/it]2026-04-17 06:22:19,288 - INFO - [sparse-mezo] global_step=1965 active_fraction=0.259782 active_params=341810472/1315758080 configured_ratio=0.250000 mask_strategy=percentile_per_layer scope=trainable_only

 82%|████████▏ | 1966/2405 [2:17:52<30:48,  4.21s/it]2026-04-17 06:22:23,449 - INFO - [sparse-mezo] global_step=1966 active_fraction=0.259782 active_params=341810446/1315758080 configured_ratio=0.250000 mask_strategy=percentile_per_layer scope=trainable_only

 82%|████████▏ | 1967/2405 [2:17:56<30:38,  4.20s/it]2026-04-17 06:22:27,704 - INFO - [sparse-mezo] global_step=1967 active_fraction=0.255362 active_params=335994687/1315758080 configured_ratio=0.250000 mask_strategy=percentile_per_layer scope=trainable_only

 82%|████████▏ | 1968/2405 [2:18:00<30:40,  4.21s/it]2026-04-17 06:22:32,011 - INFO - [sparse-mezo] global_step=1968 active_fraction=0.251530 active_params=330952731/1315758080 configured_ratio=0.250000 mask_strategy=percentile_per_layer scope=trainable_only

 82%|████████▏ | 1969/2405 [2:18:04<30:50,  4.24s/it]2026-04-17 06:22:36,157 - INFO - [sparse-mezo] global_step=1969 active_fraction=0.260591 active_params=342874503/1315758080 configured_ratio=0.250000 mask_strategy=percentile_per_layer scope=trainable_only

 82%|████████▏ | 1970/2405 [2:18:09<30:32,  4.21s/it]2026-04-17 06:22:40,407 - INFO - [sparse-mezo] global_step=1970 active_fraction=0.255090 active_params=335636458/1315758080 configured_ratio=0.250000 mask_strategy=percentile_per_layer scope=trainable_only

 82%|████████▏ | 1971/2405 [2:18:13<30:32,  4.22s/it]2026-04-17 06:22:44,657 - INFO - [sparse-mezo] global_step=1971 active_fraction=0.255090 active_params=335636439/1315758080 configured_ratio=0.250000 mask_strategy=percentile_per_layer scope=trainable_only

 82%|████████▏ | 1972/2405 [2:18:17<30:33,  4.23s/it]2026-04-17 06:22:48,981 - INFO - [sparse-mezo] global_step=1972 active_fraction=0.251273 active_params=330614847/1315758080 configured_ratio=0.250000 mask_strategy=percentile_per_layer scope=trainable_only

 82%|████████▏ | 1973/2405 [2:18:21<30:40,  4.26s/it]2026-04-17 06:22:53,204 - INFO - [sparse-mezo] global_step=1973 active_fraction=0.256040 active_params=336886773/1315758080 configured_ratio=0.250000 mask_strategy=percentile_per_layer scope=trainable_only

 82%|████████▏ | 1974/2405 [2:18:26<30:31,  4.25s/it]2026-04-17 06:22:57,452 - INFO - [sparse-mezo] global_step=1974 active_fraction=0.255593 active_params=336299175/1315758080 configured_ratio=0.250000 mask_strategy=percentile_per_layer scope=trainable_only

 82%|████████▏ | 1975/2405 [2:18:30<30:27,  4.25s/it]2026-04-17 06:23:01,699 - INFO - [sparse-mezo] global_step=1975 active_fraction=0.255593 active_params=336299132/1315758080 configured_ratio=0.250000 mask_strategy=percentile_per_layer scope=trainable_only

 82%|████████▏ | 1976/2405 [2:18:34<30:21,  4.25s/it]2026-04-17 06:23:05,936 - INFO - [sparse-mezo] global_step=1976 active_fraction=0.255593 active_params=336299100/1315758080 configured_ratio=0.250000 mask_strategy=percentile_per_layer scope=trainable_only

 82%|████████▏ | 1977/2405 [2:18:38<30:17,  4.25s/it]2026-04-17 06:23:10,180 - INFO - [sparse-mezo] global_step=1977 active_fraction=0.255593 active_params=336299066/1315758080 configured_ratio=0.250000 mask_strategy=percentile_per_layer scope=trainable_only

 82%|████████▏ | 1978/2405 [2:18:43<30:11,  4.24s/it]2026-04-17 06:23:14,411 - INFO - [sparse-mezo] global_step=1978 active_fraction=0.255593 active_params=336299032/1315758080 configured_ratio=0.250000 mask_strategy=percentile_per_layer scope=trainable_only

 82%|████████▏ | 1979/2405 [2:18:47<30:06,  4.24s/it]2026-04-17 06:23:18,663 - INFO - [sparse-mezo] global_step=1979 active_fraction=0.255055 active_params=335590661/1315758080 configured_ratio=0.250000 mask_strategy=percentile_per_layer scope=trainable_only

 82%|████████▏ | 1980/2405 [2:18:51<30:02,  4.24s/it]2026-04-17 06:23:22,968 - INFO - [sparse-mezo] global_step=1980 active_fraction=0.250854 active_params=330063486/1315758080 configured_ratio=0.250000 mask_strategy=percentile_per_layer scope=trainable_only

 82%|████████▏ | 1981/2405 [2:18:55<30:08,  4.26s/it]2026-04-17 06:23:27,290 - INFO - [sparse-mezo] global_step=1981 active_fraction=0.250854 active_params=330063460/1315758080 configured_ratio=0.250000 mask_strategy=percentile_per_layer scope=trainable_only

 82%|████████▏ | 1982/2405 [2:19:00<30:09,  4.28s/it]2026-04-17 06:23:31,510 - INFO - [sparse-mezo] global_step=1982 active_fraction=0.254838 active_params=335305744/1315758080 configured_ratio=0.250000 mask_strategy=percentile_per_layer scope=trainable_only

 82%|████████▏ | 1983/2405 [2:19:04<29:58,  4.26s/it]2026-04-17 06:23:35,736 - INFO - [sparse-mezo] global_step=1983 active_fraction=0.254838 active_params=335305728/1315758080 configured_ratio=0.250000 mask_strategy=percentile_per_layer scope=trainable_only

 82%|████████▏ | 1984/2405 [2:19:08<29:50,  4.25s/it]2026-04-17 06:23:39,945 - INFO - [sparse-mezo] global_step=1984 active_fraction=0.257423 active_params=338706107/1315758080 configured_ratio=0.250000 mask_strategy=percentile_per_layer scope=trainable_only

 83%|████████▎ | 1985/2405 [2:19:12<29:39,  4.24s/it]2026-04-17 06:23:44,144 - INFO - [sparse-mezo] global_step=1985 active_fraction=0.257423 active_params=338706080/1315758080 configured_ratio=0.250000 mask_strategy=percentile_per_layer scope=trainable_only

 83%|████████▎ | 1986/2405 [2:19:17<29:31,  4.23s/it]2026-04-17 06:23:48,446 - INFO - [sparse-mezo] global_step=1986 active_fraction=0.252238 active_params=331884642/1315758080 configured_ratio=0.250000 mask_strategy=percentile_per_layer scope=trainable_only

 83%|████████▎ | 1987/2405 [2:19:21<29:35,  4.25s/it]2026-04-17 06:23:52,660 - INFO - [sparse-mezo] global_step=1987 active_fraction=0.255791 active_params=336558927/1315758080 configured_ratio=0.250000 mask_strategy=percentile_per_layer scope=trainable_only

 83%|████████▎ | 1988/2405 [2:19:25<29:29,  4.24s/it]2026-04-17 06:23:56,895 - INFO - [sparse-mezo] global_step=1988 active_fraction=0.255791 active_params=336558891/1315758080 configured_ratio=0.250000 mask_strategy=percentile_per_layer scope=trainable_only

 83%|████████▎ | 1989/2405 [2:19:29<29:21,  4.24s/it]2026-04-17 06:24:01,070 - INFO - [sparse-mezo] global_step=1989 active_fraction=0.258956 active_params=340724091/1315758080 configured_ratio=0.250000 mask_strategy=percentile_per_layer scope=trainable_only

 83%|████████▎ | 1990/2405 [2:19:33<29:10,  4.22s/it]2026-04-17 06:24:05,306 - INFO - [sparse-mezo] global_step=1990 active_fraction=0.255732 active_params=336480832/1315758080 configured_ratio=0.250000 mask_strategy=percentile_per_layer scope=trainable_only

 83%|████████▎ | 1991/2405 [2:19:38<29:07,  4.22s/it]2026-04-17 06:24:09,543 - INFO - [sparse-mezo] global_step=1991 active_fraction=0.255732 active_params=336480801/1315758080 configured_ratio=0.250000 mask_strategy=percentile_per_layer scope=trainable_only

 83%|████████▎ | 1992/2405 [2:19:42<29:05,  4.23s/it]2026-04-17 06:24:13,840 - INFO - [sparse-mezo] global_step=1992 active_fraction=0.252878 active_params=332726538/1315758080 configured_ratio=0.250000 mask_strategy=percentile_per_layer scope=trainable_only

 83%|████████▎ | 1993/2405 [2:19:46<29:11,  4.25s/it]2026-04-17 06:24:18,040 - INFO - [sparse-mezo] global_step=1993 active_fraction=0.258477 active_params=340092993/1315758080 configured_ratio=0.250000 mask_strategy=percentile_per_layer scope=trainable_only

 83%|████████▎ | 1994/2405 [2:19:50<29:02,  4.24s/it]2026-04-17 06:24:22,374 - INFO - [sparse-mezo] global_step=1994 active_fraction=0.251327 active_params=330686109/1315758080 configured_ratio=0.250000 mask_strategy=percentile_per_layer scope=trainable_only

 83%|████████▎ | 1995/2405 [2:19:55<29:07,  4.26s/it]2026-04-17 06:24:26,550 - INFO - [sparse-mezo] global_step=1995 active_fraction=0.257125 active_params=338314293/1315758080 configured_ratio=0.250000 mask_strategy=percentile_per_layer scope=trainable_only

 83%|████████▎ | 1996/2405 [2:19:59<28:53,  4.24s/it]2026-04-17 06:24:30,766 - INFO - [sparse-mezo] global_step=1996 active_fraction=0.257843 active_params=339258588/1315758080 configured_ratio=0.250000 mask_strategy=percentile_per_layer scope=trainable_only

 83%|████████▎ | 1997/2405 [2:20:03<28:45,  4.23s/it]2026-04-17 06:24:35,065 - INFO - [sparse-mezo] global_step=1997 active_fraction=0.251312 active_params=330665490/1315758080 configured_ratio=0.250000 mask_strategy=percentile_per_layer scope=trainable_only

 83%|████████▎ | 1998/2405 [2:20:07<28:50,  4.25s/it]2026-04-17 06:24:39,238 - INFO - [sparse-mezo] global_step=1998 active_fraction=0.257729 active_params=339109448/1315758080 configured_ratio=0.250000 mask_strategy=percentile_per_layer scope=trainable_only

 83%|████████▎ | 1999/2405 [2:20:12<28:35,  4.23s/it]2026-04-17 06:24:43,421 - INFO - [sparse-mezo] global_step=1999 active_fraction=0.257729 active_params=339109435/1315758080 configured_ratio=0.250000 mask_strategy=percentile_per_layer scope=trainable_only

 83%|████████▎ | 2000/2405 [2:20:16<28:28,  4.22s/it]
                                                     

 83%|████████▎ | 2000/2405 [2:20:16<28:28,  4.22s/it]

  0%|          | 0/107 [00:00<?, ?it/s][A

  6%|▌         | 6/107 [00:00<00:02, 48.33it/s][A

 10%|█         | 11/107 [00:00<00:02, 43.30it/s][A

 15%|█▍        | 16/107 [00:00<00:02, 42.72it/s][A

 20%|█▉        | 21/107 [00:00<00:02, 41.90it/s][A

 24%|██▍       | 26/107 [00:00<00:01, 40.84it/s][A

 29%|██▉       | 31/107 [00:00<00:01, 41.39it/s][A

 34%|███▎      | 36/107 [00:00<00:01, 41.29it/s][A

 38%|███▊      | 41/107 [00:00<00:01, 42.04it/s][A

 43%|████▎     | 46/107 [00:01<00:01, 41.07it/s][A

 48%|████▊     | 51/107 [00:01<00:01, 41.18it/s][A

 52%|█████▏    | 56/107 [00:01<00:01, 41.34it/s][A

 57%|█████▋    | 61/107 [00:01<00:01, 41.84it/s][A

 62%|██████▏   | 66/107 [00:01<00:00, 41.76it/s][A

 66%|██████▋   | 71/107 [00:01<00:00, 42.57it/s][A

 71%|███████   | 76/107 [00:01<00:00, 42.65it/s][A

 76%|███████▌  | 81/107 [00:01<00:00, 43.15it/s][A

 80%|████████  | 86/107 [00:02<00:00, 41.64it/s][A

 85%|████████▌ | 91/107 [00:02<00:00, 42.17it/s][A

 90%|████████▉ | 96/107 [00:02<00:00, 42.05it/s][A

 94%|█████████▍| 101/107 [00:02<00:00, 42.07it/s][A

 99%|█████████▉| 106/107 [00:02<00:00, 42.87it/s][A
                                                     

                                                 
[A
 83%|████████▎ | 2000/2405 [2:20:19<28:28,  4.22s/it]

100%|██████████| 107/107 [00:02<00:00, 42.87it/s][A

                                                 [A2026-04-17 06:24:46,317 - INFO - There are 0 training samples and 854 validation samples


  0%|          | 0/854 [00:00<?, ?it/s][A2026-04-17 06:24:46,317 - INFO - ========= Example =========
2026-04-17 06:24:46,317 - INFO - Candidate: [0, 1, 2, 3, 4]
2026-04-17 06:24:46,317 - INFO - Correct candidate: 3
2026-04-17 06:24:46,325 - INFO - === Candidate 0 ===
2026-04-17 06:24:46,325 - INFO - <s>hardly a film that comes along every day. It was terrible
2026-04-17 06:24:46,326 - INFO - Log probabilities of the option tokens: tensor([-10.3125], dtype=torch.float16)
2026-04-17 06:24:46,333 - INFO - === Candidate 1 (without context)===
2026-04-17 06:24:46,333 - INFO - <s>hardly a film that comes along every day. It was bad
2026-04-17 06:24:46,333 - INFO - Log probabilities of the option tokens: tensor([-9.7109], dtype=torch.float16)
2026-04-17 06:24:46,340 - INFO - === Candidate 2 (without context)===
2026-04-17 06:24:46,340 - INFO - <s>hardly a film that comes along every day. It was okay
2026-04-17 06:24:46,341 - INFO - Log probabilities of the option tokens: tensor([-11.3594], dtype=torch.float16)
2026-04-17 06:24:46,348 - INFO - === Candidate 3 (without context)===
2026-04-17 06:24:46,348 - INFO - <s>hardly a film that comes along every day. It was good
2026-04-17 06:24:46,348 - INFO - Log probabilities of the option tokens: tensor([-6.7148], dtype=torch.float16)
2026-04-17 06:24:46,355 - INFO - === Candidate 4 (without context)===
2026-04-17 06:24:46,355 - INFO - <s>hardly a film that comes along every day. It was great
2026-04-17 06:24:46,355 - INFO - Log probabilities of the option tokens: tensor([-6.6641], dtype=torch.float16)
2026-04-17 06:24:46,355 - INFO - Prediction scores: [-10.3125, -9.7109375, -11.359375, -6.71484375, -6.6640625]
2026-04-17 06:24:46,356 - INFO - ========= Example =========
2026-04-17 06:24:46,356 - INFO - Candidate: [0, 1, 2, 3, 4]
2026-04-17 06:24:46,356 - INFO - Correct candidate: 0
2026-04-17 06:24:46,364 - INFO - === Candidate 0 ===
2026-04-17 06:24:46,364 - INFO - <s>-lrb- sam's -rrb- self-flagellation is more depressing than entertaining. It was terrible
2026-04-17 06:24:46,364 - INFO - Log probabilities of the option tokens: tensor([-10.2109], dtype=torch.float16)
2026-04-17 06:24:46,371 - INFO - === Candidate 1 (without context)===
2026-04-17 06:24:46,372 - INFO - <s>-lrb- sam's -rrb- self-flagellation is more depressing than entertaining. It was bad
2026-04-17 06:24:46,372 - INFO - Log probabilities of the option tokens: tensor([-9.7578], dtype=torch.float16)
2026-04-17 06:24:46,379 - INFO - === Candidate 2 (without context)===
2026-04-17 06:24:46,379 - INFO - <s>-lrb- sam's -rrb- self-flagellation is more depressing than entertaining. It was okay
2026-04-17 06:24:46,379 - INFO - Log probabilities of the option tokens: tensor([-11.9062], dtype=torch.float16)
2026-04-17 06:24:46,387 - INFO - === Candidate 3 (without context)===
2026-04-17 06:24:46,387 - INFO - <s>-lrb- sam's -rrb- self-flagellation is more depressing than entertaining. It was good
2026-04-17 06:24:46,387 - INFO - Log probabilities of the option tokens: tensor([-6.9570], dtype=torch.float16)
2026-04-17 06:24:46,394 - INFO - === Candidate 4 (without context)===
2026-04-17 06:24:46,394 - INFO - <s>-lrb- sam's -rrb- self-flagellation is more depressing than entertaining. It was great
2026-04-17 06:24:46,395 - INFO - Log probabilities of the option tokens: tensor([-6.4102], dtype=torch.float16)
2026-04-17 06:24:46,395 - INFO - Prediction scores: [-10.2109375, -9.7578125, -11.90625, -6.95703125, -6.41015625]
2026-04-17 06:24:46,395 - INFO - ========= Example =========
2026-04-17 06:24:46,395 - INFO - Candidate: [0, 1, 2, 3, 4]
2026-04-17 06:24:46,395 - INFO - Correct candidate: 4
2026-04-17 06:24:46,403 - INFO - === Candidate 0 ===
2026-04-17 06:24:46,403 - INFO - <s>y tu mamá también is hilariously, gloriously alive, and quite often hotter than georgia asphalt. It was terrible
2026-04-17 06:24:46,403 - INFO - Log probabilities of the option tokens: tensor([-9.8438], dtype=torch.float16)
2026-04-17 06:24:46,411 - INFO - === Candidate 1 (without context)===
2026-04-17 06:24:46,411 - INFO - <s>y tu mamá también is hilariously, gloriously alive, and quite often hotter than georgia asphalt. It was bad
2026-04-17 06:24:46,411 - INFO - Log probabilities of the option tokens: tensor([-9.1406], dtype=torch.float16)
2026-04-17 06:24:46,418 - INFO - === Candidate 2 (without context)===
2026-04-17 06:24:46,418 - INFO - <s>y tu mamá también is hilariously, gloriously alive, and quite often hotter than georgia asphalt. It was okay
2026-04-17 06:24:46,419 - INFO - Log probabilities of the option tokens: tensor([-11.1094], dtype=torch.float16)
2026-04-17 06:24:46,426 - INFO - === Candidate 3 (without context)===
2026-04-17 06:24:46,426 - INFO - <s>y tu mamá también is hilariously, gloriously alive, and quite often hotter than georgia asphalt. It was good
2026-04-17 06:24:46,426 - INFO - Log probabilities of the option tokens: tensor([-6.2812], dtype=torch.float16)
2026-04-17 06:24:46,433 - INFO - === Candidate 4 (without context)===
2026-04-17 06:24:46,434 - INFO - <s>y tu mamá también is hilariously, gloriously alive, and quite often hotter than georgia asphalt. It was great
2026-04-17 06:24:46,434 - INFO - Log probabilities of the option tokens: tensor([-7.3945], dtype=torch.float16)
2026-04-17 06:24:46,434 - INFO - Prediction scores: [-9.84375, -9.140625, -11.109375, -6.28125, -7.39453125]


  0%|          | 3/854 [00:00<00:33, 25.66it/s][A

  1%|          | 6/854 [00:00<00:31, 26.78it/s][A

  1%|          | 9/854 [00:00<00:31, 27.03it/s][A

  1%|▏         | 12/854 [00:00<00:30, 27.26it/s][A

  2%|▏         | 15/854 [00:00<00:30, 27.36it/s][A

  2%|▏         | 18/854 [00:00<00:30, 27.25it/s][A

  2%|▏         | 21/854 [00:00<00:30, 27.25it/s][A

  3%|▎         | 24/854 [00:00<00:30, 27.15it/s][A

  3%|▎         | 27/854 [00:00<00:30, 27.18it/s][A

  4%|▎         | 30/854 [00:01<00:30, 27.12it/s][A

  4%|▍         | 33/854 [00:01<00:30, 27.21it/s][A

  4%|▍         | 36/854 [00:01<00:30, 27.20it/s][A

  5%|▍         | 39/854 [00:01<00:30, 27.07it/s][A

  5%|▍         | 42/854 [00:01<00:29, 27.32it/s][A

  5%|▌         | 45/854 [00:01<00:29, 27.31it/s][A

  6%|▌         | 48/854 [00:01<00:29, 27.24it/s][A

  6%|▌         | 51/854 [00:01<00:29, 27.18it/s][A

  6%|▋         | 54/854 [00:01<00:29, 27.20it/s][A

  7%|▋         | 57/854 [00:02<00:29, 27.20it/s][A

  7%|▋         | 60/854 [00:02<00:29, 27.17it/s][A

  7%|▋         | 63/854 [00:02<00:29, 27.21it/s][A

  8%|▊         | 66/854 [00:02<00:28, 27.26it/s][A

  8%|▊         | 69/854 [00:02<00:28, 27.35it/s][A

  8%|▊         | 72/854 [00:02<00:28, 27.27it/s][A

  9%|▉         | 75/854 [00:02<00:28, 27.30it/s][A

  9%|▉         | 78/854 [00:02<00:28, 27.29it/s][A

  9%|▉         | 81/854 [00:02<00:28, 27.18it/s][A

 10%|▉         | 84/854 [00:03<00:28, 27.26it/s][A

 10%|█         | 87/854 [00:03<00:28, 27.31it/s][A

 11%|█         | 90/854 [00:03<00:27, 27.40it/s][A

 11%|█         | 93/854 [00:03<00:27, 27.43it/s][A

 11%|█         | 96/854 [00:03<00:27, 27.48it/s][A

 12%|█▏        | 99/854 [00:03<00:27, 27.44it/s][A

 12%|█▏        | 102/854 [00:03<00:27, 27.48it/s][A

 12%|█▏        | 105/854 [00:03<00:27, 27.39it/s][A

 13%|█▎        | 108/854 [00:03<00:27, 27.45it/s][A

 13%|█▎        | 111/854 [00:04<00:27, 27.51it/s][A

 13%|█▎        | 114/854 [00:04<00:27, 27.32it/s][A

 14%|█▎        | 117/854 [00:04<00:27, 27.26it/s][A

 14%|█▍        | 120/854 [00:04<00:27, 27.10it/s][A

 14%|█▍        | 123/854 [00:04<00:26, 27.40it/s][A

 15%|█▍        | 126/854 [00:04<00:26, 27.29it/s][A

 15%|█▌        | 129/854 [00:04<00:26, 27.17it/s][A

 15%|█▌        | 132/854 [00:04<00:26, 27.24it/s][A

 16%|█▌        | 135/854 [00:04<00:26, 27.35it/s][A

 16%|█▌        | 138/854 [00:05<00:26, 27.22it/s][A

 17%|█▋        | 141/854 [00:05<00:26, 27.26it/s][A

 17%|█▋        | 144/854 [00:05<00:26, 27.20it/s][A

 17%|█▋        | 147/854 [00:05<00:25, 27.24it/s][A

 18%|█▊        | 150/854 [00:05<00:25, 27.36it/s][A

 18%|█▊        | 153/854 [00:05<00:25, 27.48it/s][A

 18%|█▊        | 156/854 [00:05<00:25, 27.29it/s][A

 19%|█▊        | 159/854 [00:05<00:25, 27.25it/s][A

 19%|█▉        | 162/854 [00:05<00:25, 27.27it/s][A

 19%|█▉        | 165/854 [00:06<00:25, 27.37it/s][A

 20%|█▉        | 168/854 [00:06<00:25, 27.41it/s][A

 20%|██        | 171/854 [00:06<00:24, 27.38it/s][A

 20%|██        | 174/854 [00:06<00:24, 27.44it/s][A

 21%|██        | 177/854 [00:06<00:24, 27.41it/s][A

 21%|██        | 180/854 [00:06<00:24, 27.39it/s][A

 21%|██▏       | 183/854 [00:06<00:24, 27.39it/s][A

 22%|██▏       | 186/854 [00:06<00:24, 27.38it/s][A

 22%|██▏       | 189/854 [00:06<00:24, 27.16it/s][A

 22%|██▏       | 192/854 [00:07<00:24, 27.11it/s][A

 23%|██▎       | 195/854 [00:07<00:24, 27.04it/s][A

 23%|██▎       | 198/854 [00:07<00:24, 27.04it/s][A

 24%|██▎       | 201/854 [00:07<00:23, 27.25it/s][A

 24%|██▍       | 204/854 [00:07<00:23, 27.11it/s][A

 24%|██▍       | 207/854 [00:07<00:23, 27.16it/s][A

 25%|██▍       | 210/854 [00:07<00:23, 27.05it/s][A

 25%|██▍       | 213/854 [00:07<00:23, 27.02it/s][A

 25%|██▌       | 216/854 [00:07<00:23, 27.12it/s][A

 26%|██▌       | 219/854 [00:08<00:23, 27.27it/s][A

 26%|██▌       | 222/854 [00:08<00:23, 27.27it/s][A

 26%|██▋       | 225/854 [00:08<00:23, 27.26it/s][A

 27%|██▋       | 228/854 [00:08<00:22, 27.30it/s][A

 27%|██▋       | 231/854 [00:08<00:22, 27.30it/s][A

 27%|██▋       | 234/854 [00:08<00:22, 27.19it/s][A

 28%|██▊       | 237/854 [00:08<00:22, 27.12it/s][A

 28%|██▊       | 240/854 [00:08<00:22, 27.16it/s][A

 28%|██▊       | 243/854 [00:08<00:22, 27.16it/s][A

 29%|██▉       | 246/854 [00:09<00:22, 27.28it/s][A

 29%|██▉       | 249/854 [00:09<00:22, 27.48it/s][A

 30%|██▉       | 252/854 [00:09<00:21, 27.47it/s][A

 30%|██▉       | 255/854 [00:09<00:21, 27.47it/s][A

 30%|███       | 258/854 [00:09<00:21, 27.36it/s][A

 31%|███       | 261/854 [00:09<00:21, 27.34it/s][A

 31%|███       | 264/854 [00:09<00:21, 27.32it/s][A

 31%|███▏      | 267/854 [00:09<00:21, 27.46it/s][A

 32%|███▏      | 270/854 [00:09<00:21, 27.40it/s][A

 32%|███▏      | 273/854 [00:10<00:21, 27.47it/s][A

 32%|███▏      | 276/854 [00:10<00:21, 27.43it/s][A

 33%|███▎      | 279/854 [00:10<00:20, 27.44it/s][A

 33%|███▎      | 282/854 [00:10<00:20, 27.57it/s][A

 33%|███▎      | 285/854 [00:10<00:20, 27.70it/s][A

 34%|███▎      | 288/854 [00:10<00:20, 27.61it/s][A

 34%|███▍      | 291/854 [00:10<00:20, 27.58it/s][A

 34%|███▍      | 294/854 [00:10<00:20, 27.31it/s][A

 35%|███▍      | 297/854 [00:10<00:20, 27.29it/s][A

 35%|███▌      | 300/854 [00:10<00:20, 27.29it/s][A

 35%|███▌      | 303/854 [00:11<00:20, 27.45it/s][A

 36%|███▌      | 306/854 [00:11<00:19, 27.47it/s][A

 36%|███▌      | 309/854 [00:11<00:19, 27.47it/s][A

 37%|███▋      | 312/854 [00:11<00:19, 27.57it/s][A

 37%|███▋      | 315/854 [00:11<00:19, 27.72it/s][A

 37%|███▋      | 318/854 [00:11<00:19, 27.59it/s][A

 38%|███▊      | 321/854 [00:11<00:19, 27.58it/s][A

 38%|███▊      | 324/854 [00:11<00:19, 27.71it/s][A

 38%|███▊      | 327/854 [00:11<00:18, 27.77it/s][A

 39%|███▊      | 330/854 [00:12<00:19, 27.58it/s][A

 39%|███▉      | 333/854 [00:12<00:18, 27.65it/s][A

 39%|███▉      | 336/854 [00:12<00:18, 27.66it/s][A

 40%|███▉      | 339/854 [00:12<00:18, 27.62it/s][A

 40%|████      | 342/854 [00:12<00:18, 27.66it/s][A

 40%|████      | 345/854 [00:12<00:18, 27.47it/s][A

 41%|████      | 348/854 [00:12<00:18, 27.44it/s][A

 41%|████      | 351/854 [00:12<00:18, 27.36it/s][A

 41%|████▏     | 354/854 [00:12<00:18, 27.40it/s][A

 42%|████▏     | 357/854 [00:13<00:18, 27.43it/s][A

 42%|████▏     | 360/854 [00:13<00:18, 27.15it/s][A

 43%|████▎     | 363/854 [00:13<00:18, 27.08it/s][A

 43%|████▎     | 366/854 [00:13<00:17, 27.11it/s][A

 43%|████▎     | 369/854 [00:13<00:17, 27.07it/s][A

 44%|████▎     | 372/854 [00:13<00:17, 27.03it/s][A

 44%|████▍     | 375/854 [00:13<00:17, 27.17it/s][A

 44%|████▍     | 378/854 [00:13<00:17, 27.13it/s][A

 45%|████▍     | 381/854 [00:13<00:17, 27.28it/s][A

 45%|████▍     | 384/854 [00:14<00:17, 27.26it/s][A

 45%|████▌     | 387/854 [00:14<00:17, 27.36it/s][A

 46%|████▌     | 390/854 [00:14<00:16, 27.39it/s][A

 46%|████▌     | 393/854 [00:14<00:16, 27.58it/s][A

 46%|████▋     | 396/854 [00:14<00:16, 27.42it/s][A

 47%|████▋     | 399/854 [00:14<00:16, 27.24it/s][A

 47%|████▋     | 402/854 [00:14<00:16, 27.20it/s][A

 47%|████▋     | 405/854 [00:14<00:16, 27.35it/s][A

 48%|████▊     | 408/854 [00:14<00:16, 27.33it/s][A

 48%|████▊     | 411/854 [00:15<00:16, 27.32it/s][A

 48%|████▊     | 414/854 [00:15<00:16, 27.36it/s][A

 49%|████▉     | 417/854 [00:15<00:15, 27.34it/s][A

 49%|████▉     | 420/854 [00:15<00:15, 27.27it/s][A

 50%|████▉     | 423/854 [00:15<00:15, 27.41it/s][A

 50%|████▉     | 426/854 [00:15<00:15, 27.22it/s][A

 50%|█████     | 429/854 [00:15<00:15, 27.20it/s][A

 51%|█████     | 432/854 [00:15<00:15, 27.32it/s][A

 51%|█████     | 435/854 [00:15<00:15, 27.38it/s][A

 51%|█████▏    | 438/854 [00:16<00:15, 27.35it/s][A

 52%|█████▏    | 441/854 [00:16<00:15, 27.48it/s][A

 52%|█████▏    | 444/854 [00:16<00:14, 27.48it/s][A

 52%|█████▏    | 447/854 [00:16<00:14, 27.46it/s][A

 53%|█████▎    | 450/854 [00:16<00:14, 27.32it/s][A

 53%|█████▎    | 453/854 [00:16<00:14, 27.13it/s][A

 53%|█████▎    | 456/854 [00:16<00:14, 27.17it/s][A

 54%|█████▎    | 459/854 [00:16<00:14, 27.17it/s][A

 54%|█████▍    | 462/854 [00:16<00:14, 27.26it/s][A

 54%|█████▍    | 465/854 [00:17<00:14, 27.21it/s][A

 55%|█████▍    | 468/854 [00:17<00:14, 27.32it/s][A

 55%|█████▌    | 471/854 [00:17<00:13, 27.47it/s][A

 56%|█████▌    | 474/854 [00:17<00:13, 27.57it/s][A

 56%|█████▌    | 477/854 [00:17<00:13, 27.51it/s][A

 56%|█████▌    | 480/854 [00:17<00:13, 27.52it/s][A

 57%|█████▋    | 483/854 [00:17<00:13, 27.59it/s][A

 57%|█████▋    | 486/854 [00:17<00:13, 27.56it/s][A

 57%|█████▋    | 489/854 [00:17<00:13, 27.52it/s][A

 58%|█████▊    | 492/854 [00:17<00:13, 27.68it/s][A

 58%|█████▊    | 495/854 [00:18<00:12, 27.67it/s][A

 58%|█████▊    | 498/854 [00:18<00:12, 27.68it/s][A

 59%|█████▊    | 501/854 [00:18<00:12, 27.71it/s][A

 59%|█████▉    | 504/854 [00:18<00:12, 27.43it/s][A

 59%|█████▉    | 507/854 [00:18<00:12, 27.45it/s][A

 60%|█████▉    | 510/854 [00:18<00:12, 27.47it/s][A

 60%|██████    | 513/854 [00:18<00:12, 27.52it/s][A

 60%|██████    | 516/854 [00:18<00:12, 27.68it/s][A

 61%|██████    | 519/854 [00:18<00:12, 27.56it/s][A

 61%|██████    | 522/854 [00:19<00:12, 27.51it/s][A

 61%|██████▏   | 525/854 [00:19<00:11, 27.50it/s][A

 62%|██████▏   | 528/854 [00:19<00:11, 27.45it/s][A

 62%|██████▏   | 531/854 [00:19<00:11, 27.38it/s][A

 63%|██████▎   | 534/854 [00:19<00:11, 27.50it/s][A

 63%|██████▎   | 537/854 [00:19<00:11, 27.57it/s][A

 63%|██████▎   | 540/854 [00:19<00:11, 27.64it/s][A

 64%|██████▎   | 543/854 [00:19<00:11, 27.76it/s][A

 64%|██████▍   | 546/854 [00:19<00:11, 27.67it/s][A

 64%|██████▍   | 549/854 [00:20<00:11, 27.59it/s][A

 65%|██████▍   | 552/854 [00:20<00:10, 27.65it/s][A

 65%|██████▍   | 555/854 [00:20<00:10, 27.80it/s][A

 65%|██████▌   | 558/854 [00:20<00:10, 27.71it/s][A

 66%|██████▌   | 561/854 [00:20<00:10, 27.63it/s][A

 66%|██████▌   | 564/854 [00:20<00:10, 27.60it/s][A

 66%|██████▋   | 567/854 [00:20<00:10, 27.74it/s][A

 67%|██████▋   | 570/854 [00:20<00:10, 27.81it/s][A

 67%|██████▋   | 573/854 [00:20<00:10, 27.67it/s][A

 67%|██████▋   | 576/854 [00:21<00:10, 27.62it/s][A

 68%|██████▊   | 579/854 [00:21<00:10, 27.44it/s][A

 68%|██████▊   | 582/854 [00:21<00:09, 27.37it/s][A

 69%|██████▊   | 585/854 [00:21<00:09, 27.27it/s][A

 69%|██████▉   | 588/854 [00:21<00:09, 27.38it/s][A

 69%|██████▉   | 591/854 [00:21<00:09, 27.35it/s][A

 70%|██████▉   | 594/854 [00:21<00:09, 27.64it/s][A

 70%|██████▉   | 597/854 [00:21<00:09, 27.74it/s][A

 70%|███████   | 600/854 [00:21<00:09, 27.75it/s][A

 71%|███████   | 603/854 [00:22<00:09, 27.76it/s][A

 71%|███████   | 606/854 [00:22<00:08, 27.69it/s][A

 71%|███████▏  | 609/854 [00:22<00:08, 27.70it/s][A

 72%|███████▏  | 612/854 [00:22<00:08, 27.44it/s][A

 72%|███████▏  | 615/854 [00:22<00:08, 27.51it/s][A

 72%|███████▏  | 618/854 [00:22<00:08, 27.45it/s][A

 73%|███████▎  | 621/854 [00:22<00:08, 27.51it/s][A

 73%|███████▎  | 624/854 [00:22<00:08, 27.60it/s][A

 73%|███████▎  | 627/854 [00:22<00:08, 27.61it/s][A

 74%|███████▍  | 630/854 [00:23<00:08, 27.69it/s][A

 74%|███████▍  | 633/854 [00:23<00:07, 27.69it/s][A

 74%|███████▍  | 636/854 [00:23<00:07, 27.56it/s][A

 75%|███████▍  | 639/854 [00:23<00:07, 27.57it/s][A

 75%|███████▌  | 642/854 [00:23<00:07, 27.65it/s][A

 76%|███████▌  | 645/854 [00:23<00:07, 27.55it/s][A

 76%|███████▌  | 648/854 [00:23<00:07, 27.78it/s][A

 76%|███████▌  | 651/854 [00:23<00:07, 27.78it/s][A

 77%|███████▋  | 654/854 [00:23<00:07, 27.68it/s][A

 77%|███████▋  | 657/854 [00:23<00:07, 27.51it/s][A

 77%|███████▋  | 660/854 [00:24<00:07, 27.42it/s][A

 78%|███████▊  | 663/854 [00:24<00:06, 27.39it/s][A

 78%|███████▊  | 666/854 [00:24<00:06, 27.42it/s][A

 78%|███████▊  | 669/854 [00:24<00:06, 27.31it/s][A

 79%|███████▊  | 672/854 [00:24<00:06, 27.24it/s][A

 79%|███████▉  | 675/854 [00:24<00:06, 27.05it/s][A

 79%|███████▉  | 678/854 [00:24<00:06, 27.09it/s][A

 80%|███████▉  | 681/854 [00:24<00:06, 27.28it/s][A

 80%|████████  | 684/854 [00:24<00:06, 27.41it/s][A

 80%|████████  | 687/854 [00:25<00:06, 27.44it/s][A

 81%|████████  | 690/854 [00:25<00:05, 27.66it/s][A

 81%|████████  | 693/854 [00:25<00:05, 27.45it/s][A

 81%|████████▏ | 696/854 [00:25<00:05, 27.45it/s][A

 82%|████████▏ | 699/854 [00:25<00:05, 27.41it/s][A

 82%|████████▏ | 702/854 [00:25<00:05, 27.42it/s][A

 83%|████████▎ | 705/854 [00:25<00:05, 27.42it/s][A

 83%|████████▎ | 708/854 [00:25<00:05, 27.46it/s][A

 83%|████████▎ | 711/854 [00:25<00:05, 27.34it/s][A

 84%|████████▎ | 714/854 [00:26<00:05, 27.44it/s][A

 84%|████████▍ | 717/854 [00:26<00:04, 27.42it/s][A

 84%|████████▍ | 720/854 [00:26<00:04, 27.34it/s][A

 85%|████████▍ | 723/854 [00:26<00:04, 27.38it/s][A

 85%|████████▌ | 726/854 [00:26<00:04, 27.49it/s][A

 85%|████████▌ | 729/854 [00:26<00:04, 27.48it/s][A

 86%|████████▌ | 732/854 [00:26<00:04, 27.62it/s][A

 86%|████████▌ | 735/854 [00:26<00:04, 27.57it/s][A

 86%|████████▋ | 738/854 [00:26<00:04, 27.62it/s][A

 87%|████████▋ | 741/854 [00:27<00:04, 27.72it/s][A

 87%|████████▋ | 744/854 [00:27<00:03, 27.56it/s][A

 87%|████████▋ | 747/854 [00:27<00:03, 27.46it/s][A

 88%|████████▊ | 750/854 [00:27<00:03, 27.47it/s][A

 88%|████████▊ | 753/854 [00:27<00:03, 27.53it/s][A

 89%|████████▊ | 756/854 [00:27<00:03, 27.46it/s][A

 89%|████████▉ | 759/854 [00:27<00:03, 27.32it/s][A

 89%|████████▉ | 762/854 [00:27<00:03, 27.40it/s][A

 90%|████████▉ | 765/854 [00:27<00:03, 27.50it/s][A

 90%|████████▉ | 768/854 [00:28<00:03, 27.66it/s][A

 90%|█████████ | 771/854 [00:28<00:03, 27.46it/s][A

 91%|█████████ | 774/854 [00:28<00:02, 27.39it/s][A

 91%|█████████ | 777/854 [00:28<00:02, 27.28it/s][A

 91%|█████████▏| 780/854 [00:28<00:02, 27.39it/s][A

 92%|█████████▏| 783/854 [00:28<00:02, 27.24it/s][A

 92%|█████████▏| 786/854 [00:28<00:02, 27.35it/s][A

 92%|█████████▏| 789/854 [00:28<00:02, 27.41it/s][A

 93%|█████████▎| 792/854 [00:28<00:02, 27.42it/s][A

 93%|█████████▎| 795/854 [00:29<00:02, 27.42it/s][A

 93%|█████████▎| 798/854 [00:29<00:02, 27.42it/s][A

 94%|█████████▍| 801/854 [00:29<00:01, 27.37it/s][A

 94%|█████████▍| 804/854 [00:29<00:01, 27.51it/s][A

 94%|█████████▍| 807/854 [00:29<00:01, 27.50it/s][A

 95%|█████████▍| 810/854 [00:29<00:01, 27.73it/s][A

 95%|█████████▌| 813/854 [00:29<00:01, 27.65it/s][A

 96%|█████████▌| 816/854 [00:29<00:01, 27.53it/s][A

 96%|█████████▌| 819/854 [00:29<00:01, 27.40it/s][A

 96%|█████████▋| 822/854 [00:29<00:01, 27.37it/s][A

 97%|█████████▋| 825/854 [00:30<00:01, 27.40it/s][A

 97%|█████████▋| 828/854 [00:30<00:00, 27.44it/s][A

 97%|█████████▋| 831/854 [00:30<00:00, 27.31it/s][A

 98%|█████████▊| 834/854 [00:30<00:00, 27.36it/s][A

 98%|█████████▊| 837/854 [00:30<00:00, 27.36it/s][A

 98%|█████████▊| 840/854 [00:30<00:00, 27.49it/s][A

 99%|█████████▊| 843/854 [00:30<00:00, 27.45it/s][A

 99%|█████████▉| 846/854 [00:30<00:00, 27.48it/s][A

 99%|█████████▉| 849/854 [00:30<00:00, 27.57it/s][A

100%|█████████▉| 852/854 [00:31<00:00, 27.41it/s][A
100%|██████████| 854/854 [00:31<00:00, 27.41it/s]
2026-04-17 06:25:17,490 - INFO - There are 0 training samples and 256 validation samples


  0%|          | 0/256 [00:00<?, ?it/s][A2026-04-17 06:25:17,490 - INFO - ========= Example =========
2026-04-17 06:25:17,490 - INFO - Candidate: [0, 1, 2, 3, 4]
2026-04-17 06:25:17,490 - INFO - Correct candidate: 2
2026-04-17 06:25:17,498 - INFO - === Candidate 0 ===
2026-04-17 06:25:17,498 - INFO - <s>and how. It was terrible
2026-04-17 06:25:17,498 - INFO - Log probabilities of the option tokens: tensor([-10.7422], dtype=torch.float16)
2026-04-17 06:25:17,505 - INFO - === Candidate 1 (without context)===
2026-04-17 06:25:17,505 - INFO - <s>and how. It was bad
2026-04-17 06:25:17,506 - INFO - Log probabilities of the option tokens: tensor([-9.9609], dtype=torch.float16)
2026-04-17 06:25:17,513 - INFO - === Candidate 2 (without context)===
2026-04-17 06:25:17,513 - INFO - <s>and how. It was okay
2026-04-17 06:25:17,513 - INFO - Log probabilities of the option tokens: tensor([-11.2578], dtype=torch.float16)
2026-04-17 06:25:17,520 - INFO - === Candidate 3 (without context)===
2026-04-17 06:25:17,520 - INFO - <s>and how. It was good
2026-04-17 06:25:17,520 - INFO - Log probabilities of the option tokens: tensor([-6.4883], dtype=torch.float16)
2026-04-17 06:25:17,527 - INFO - === Candidate 4 (without context)===
2026-04-17 06:25:17,527 - INFO - <s>and how. It was great
2026-04-17 06:25:17,528 - INFO - Log probabilities of the option tokens: tensor([-7.1797], dtype=torch.float16)
2026-04-17 06:25:17,528 - INFO - Prediction scores: [-10.7421875, -9.9609375, -11.2578125, -6.48828125, -7.1796875]
2026-04-17 06:25:17,528 - INFO - ========= Example =========
2026-04-17 06:25:17,528 - INFO - Candidate: [0, 1, 2, 3, 4]
2026-04-17 06:25:17,528 - INFO - Correct candidate: 2
2026-04-17 06:25:17,536 - INFO - === Candidate 0 ===
2026-04-17 06:25:17,537 - INFO - <s>davis the performer is plenty fetching enough, but she needs to shake up the mix, and work in something that doesn't feel like a half-baked stand-up routine. It was terrible
2026-04-17 06:25:17,537 - INFO - Log probabilities of the option tokens: tensor([-10.9922], dtype=torch.float16)
2026-04-17 06:25:17,544 - INFO - === Candidate 1 (without context)===
2026-04-17 06:25:17,544 - INFO - <s>davis the performer is plenty fetching enough, but she needs to shake up the mix, and work in something that doesn't feel like a half-baked stand-up routine. It was bad
2026-04-17 06:25:17,544 - INFO - Log probabilities of the option tokens: tensor([-8.8672], dtype=torch.float16)
2026-04-17 06:25:17,552 - INFO - === Candidate 2 (without context)===
2026-04-17 06:25:17,552 - INFO - <s>davis the performer is plenty fetching enough, but she needs to shake up the mix, and work in something that doesn't feel like a half-baked stand-up routine. It was okay
2026-04-17 06:25:17,552 - INFO - Log probabilities of the option tokens: tensor([-10.8672], dtype=torch.float16)
2026-04-17 06:25:17,559 - INFO - === Candidate 3 (without context)===
2026-04-17 06:25:17,560 - INFO - <s>davis the performer is plenty fetching enough, but she needs to shake up the mix, and work in something that doesn't feel like a half-baked stand-up routine. It was good
2026-04-17 06:25:17,560 - INFO - Log probabilities of the option tokens: tensor([-6.5352], dtype=torch.float16)
2026-04-17 06:25:17,567 - INFO - === Candidate 4 (without context)===
2026-04-17 06:25:17,567 - INFO - <s>davis the performer is plenty fetching enough, but she needs to shake up the mix, and work in something that doesn't feel like a half-baked stand-up routine. It was great
2026-04-17 06:25:17,568 - INFO - Log probabilities of the option tokens: tensor([-7.3672], dtype=torch.float16)
2026-04-17 06:25:17,568 - INFO - Prediction scores: [-10.9921875, -8.8671875, -10.8671875, -6.53515625, -7.3671875]
2026-04-17 06:25:17,568 - INFO - ========= Example =========
2026-04-17 06:25:17,568 - INFO - Candidate: [0, 1, 2, 3, 4]
2026-04-17 06:25:17,568 - INFO - Correct candidate: 3
2026-04-17 06:25:17,576 - INFO - === Candidate 0 ===
2026-04-17 06:25:17,576 - INFO - <s>the mood, look and tone of the film fit the incredible storyline to a t. It was terrible
2026-04-17 06:25:17,576 - INFO - Log probabilities of the option tokens: tensor([-9.3047], dtype=torch.float16)
2026-04-17 06:25:17,583 - INFO - === Candidate 1 (without context)===
2026-04-17 06:25:17,583 - INFO - <s>the mood, look and tone of the film fit the incredible storyline to a t. It was bad
2026-04-17 06:25:17,584 - INFO - Log probabilities of the option tokens: tensor([-8.9609], dtype=torch.float16)
2026-04-17 06:25:17,591 - INFO - === Candidate 2 (without context)===
2026-04-17 06:25:17,591 - INFO - <s>the mood, look and tone of the film fit the incredible storyline to a t. It was okay
2026-04-17 06:25:17,591 - INFO - Log probabilities of the option tokens: tensor([-9.7812], dtype=torch.float16)
2026-04-17 06:25:17,598 - INFO - === Candidate 3 (without context)===
2026-04-17 06:25:17,599 - INFO - <s>the mood, look and tone of the film fit the incredible storyline to a t. It was good
2026-04-17 06:25:17,599 - INFO - Log probabilities of the option tokens: tensor([-6.1172], dtype=torch.float16)
2026-04-17 06:25:17,606 - INFO - === Candidate 4 (without context)===
2026-04-17 06:25:17,606 - INFO - <s>the mood, look and tone of the film fit the incredible storyline to a t. It was great
2026-04-17 06:25:17,606 - INFO - Log probabilities of the option tokens: tensor([-6.8984], dtype=torch.float16)
2026-04-17 06:25:17,606 - INFO - Prediction scores: [-9.3046875, -8.9609375, -9.78125, -6.1171875, -6.8984375]


  1%|          | 3/256 [00:00<00:09, 25.77it/s][A

  2%|▏         | 6/256 [00:00<00:09, 26.51it/s][A

  4%|▎         | 9/256 [00:00<00:09, 26.84it/s][A

  5%|▍         | 12/256 [00:00<00:08, 27.19it/s][A

  6%|▌         | 15/256 [00:00<00:08, 27.12it/s][A

  7%|▋         | 18/256 [00:00<00:08, 27.22it/s][A

  8%|▊         | 21/256 [00:00<00:08, 27.29it/s][A

  9%|▉         | 24/256 [00:00<00:08, 27.18it/s][A

 11%|█         | 27/256 [00:00<00:08, 27.30it/s][A

 12%|█▏        | 30/256 [00:01<00:08, 27.10it/s][A

 13%|█▎        | 33/256 [00:01<00:08, 27.14it/s][A

 14%|█▍        | 36/256 [00:01<00:08, 27.32it/s][A

 15%|█▌        | 39/256 [00:01<00:07, 27.36it/s][A

 16%|█▋        | 42/256 [00:01<00:07, 27.42it/s][A

 18%|█▊        | 45/256 [00:01<00:07, 27.54it/s][A

 19%|█▉        | 48/256 [00:01<00:07, 27.49it/s][A

 20%|█▉        | 51/256 [00:01<00:07, 27.42it/s][A

 21%|██        | 54/256 [00:01<00:07, 27.46it/s][A

 22%|██▏       | 57/256 [00:02<00:07, 27.45it/s][A

 23%|██▎       | 60/256 [00:02<00:07, 27.30it/s][A

 25%|██▍       | 63/256 [00:02<00:07, 27.52it/s][A

 26%|██▌       | 66/256 [00:02<00:06, 27.51it/s][A

 27%|██▋       | 69/256 [00:02<00:06, 27.43it/s][A

 28%|██▊       | 72/256 [00:02<00:06, 27.55it/s][A

 29%|██▉       | 75/256 [00:02<00:06, 27.53it/s][A

 30%|███       | 78/256 [00:02<00:06, 27.50it/s][A

 32%|███▏      | 81/256 [00:02<00:06, 27.44it/s][A

 33%|███▎      | 84/256 [00:03<00:06, 27.62it/s][A

 34%|███▍      | 87/256 [00:03<00:06, 27.66it/s][A

 35%|███▌      | 90/256 [00:03<00:05, 27.75it/s][A

 36%|███▋      | 93/256 [00:03<00:05, 27.74it/s][A

 38%|███▊      | 96/256 [00:03<00:05, 27.68it/s][A

 39%|███▊      | 99/256 [00:03<00:05, 27.59it/s][A

 40%|███▉      | 102/256 [00:03<00:05, 27.48it/s][A

 41%|████      | 105/256 [00:03<00:05, 27.36it/s][A

 42%|████▏     | 108/256 [00:03<00:05, 27.30it/s][A

 43%|████▎     | 111/256 [00:04<00:05, 27.46it/s][A

 45%|████▍     | 114/256 [00:04<00:05, 27.53it/s][A

 46%|████▌     | 117/256 [00:04<00:05, 27.49it/s][A

 47%|████▋     | 120/256 [00:04<00:04, 27.45it/s][A

 48%|████▊     | 123/256 [00:04<00:04, 27.43it/s][A

 49%|████▉     | 126/256 [00:04<00:04, 27.26it/s][A

 50%|█████     | 129/256 [00:04<00:04, 27.25it/s][A

 52%|█████▏    | 132/256 [00:04<00:04, 27.23it/s][A

 53%|█████▎    | 135/256 [00:04<00:04, 27.17it/s][A

 54%|█████▍    | 138/256 [00:05<00:04, 27.43it/s][A

 55%|█████▌    | 141/256 [00:05<00:04, 27.34it/s][A

 56%|█████▋    | 144/256 [00:05<00:04, 27.24it/s][A

 57%|█████▋    | 147/256 [00:05<00:04, 27.23it/s][A

 59%|█████▊    | 150/256 [00:05<00:03, 27.38it/s][A

 60%|█████▉    | 153/256 [00:05<00:03, 27.34it/s][A

 61%|██████    | 156/256 [00:05<00:03, 27.30it/s][A

 62%|██████▏   | 159/256 [00:05<00:03, 27.34it/s][A

 63%|██████▎   | 162/256 [00:05<00:03, 27.46it/s][A

 64%|██████▍   | 165/256 [00:06<00:03, 27.38it/s][A

 66%|██████▌   | 168/256 [00:06<00:03, 27.39it/s][A

 67%|██████▋   | 171/256 [00:06<00:03, 27.36it/s][A

 68%|██████▊   | 174/256 [00:06<00:03, 27.32it/s][A

 69%|██████▉   | 177/256 [00:06<00:02, 27.22it/s][A

 70%|███████   | 180/256 [00:06<00:02, 27.14it/s][A

 71%|███████▏  | 183/256 [00:06<00:02, 27.23it/s][A

 73%|███████▎  | 186/256 [00:06<00:02, 27.37it/s][A

 74%|███████▍  | 189/256 [00:06<00:02, 27.45it/s][A

 75%|███████▌  | 192/256 [00:07<00:02, 27.50it/s][A

 76%|███████▌  | 195/256 [00:07<00:02, 27.57it/s][A

 77%|███████▋  | 198/256 [00:07<00:02, 27.39it/s][A

 79%|███████▊  | 201/256 [00:07<00:02, 27.43it/s][A

 80%|███████▉  | 204/256 [00:07<00:01, 27.43it/s][A

 81%|████████  | 207/256 [00:07<00:01, 27.38it/s][A

 82%|████████▏ | 210/256 [00:07<00:01, 27.44it/s][A

 83%|████████▎ | 213/256 [00:07<00:01, 27.55it/s][A

 84%|████████▍ | 216/256 [00:07<00:01, 27.56it/s][A

 86%|████████▌ | 219/256 [00:07<00:01, 27.52it/s][A

 87%|████████▋ | 222/256 [00:08<00:01, 27.33it/s][A

 88%|████████▊ | 225/256 [00:08<00:01, 27.51it/s][A

 89%|████████▉ | 228/256 [00:08<00:01, 27.37it/s][A

 90%|█████████ | 231/256 [00:08<00:00, 27.32it/s][A

 91%|█████████▏| 234/256 [00:08<00:00, 27.44it/s][A

 93%|█████████▎| 237/256 [00:08<00:00, 27.52it/s][A

 94%|█████████▍| 240/256 [00:08<00:00, 27.31it/s][A

 95%|█████████▍| 243/256 [00:08<00:00, 27.37it/s][A

 96%|█████████▌| 246/256 [00:08<00:00, 27.34it/s][A

 97%|█████████▋| 249/256 [00:09<00:00, 27.30it/s][A

 98%|█████████▊| 252/256 [00:09<00:00, 27.28it/s][A

100%|█████████▉| 255/256 [00:09<00:00, 27.29it/s][A
100%|██████████| 256/256 [00:09<00:00, 27.38it/s]
2026-04-17 06:25:30,848 - INFO - [sparse-mezo] global_step=2000 active_fraction=0.257729 active_params=339109418/1315758080 configured_ratio=0.250000 mask_strategy=percentile_per_layer scope=trainable_only
2026-04-17 06:25:34,507 - INFO - [zo_probe] step=2000 eps=1.000e-06 precision=fp16 n=16 mae=9.825228e+02 mse=1.665450e+06 rmse=1.290523e+03 sign_acc=0.3750 corr=0.064023

 83%|████████▎ | 2001/2405 [2:21:07<2:03:02, 18.27s/it]2026-04-17 06:25:38,801 - INFO - [sparse-mezo] global_step=2001 active_fraction=0.251521 active_params=330941028/1315758080 configured_ratio=0.250000 mask_strategy=percentile_per_layer scope=trainable_only

 83%|████████▎ | 2002/2405 [2:21:11<1:34:33, 14.08s/it]2026-04-17 06:25:43,097 - INFO - [sparse-mezo] global_step=2002 active_fraction=0.251521 active_params=330940992/1315758080 configured_ratio=0.250000 mask_strategy=percentile_per_layer scope=trainable_only

 83%|████████▎ | 2003/2405 [2:21:16<1:14:42, 11.15s/it]2026-04-17 06:25:47,411 - INFO - [sparse-mezo] global_step=2003 active_fraction=0.251521 active_params=330940962/1315758080 configured_ratio=0.250000 mask_strategy=percentile_per_layer scope=trainable_only

 83%|████████▎ | 2004/2405 [2:21:20<1:00:49,  9.10s/it]2026-04-17 06:25:51,648 - INFO - [sparse-mezo] global_step=2004 active_fraction=0.257423 active_params=338706627/1315758080 configured_ratio=0.250000 mask_strategy=percentile_per_layer scope=trainable_only

 83%|████████▎ | 2005/2405 [2:21:24<50:56,  7.64s/it]  2026-04-17 06:25:55,879 - INFO - [sparse-mezo] global_step=2005 active_fraction=0.257423 active_params=338706626/1315758080 configured_ratio=0.250000 mask_strategy=percentile_per_layer scope=trainable_only

 83%|████████▎ | 2006/2405 [2:21:28<43:59,  6.61s/it]2026-04-17 06:26:00,050 - INFO - [sparse-mezo] global_step=2006 active_fraction=0.259062 active_params=340863232/1315758080 configured_ratio=0.250000 mask_strategy=percentile_per_layer scope=trainable_only

 83%|████████▎ | 2007/2405 [2:21:32<39:00,  5.88s/it]2026-04-17 06:26:04,328 - INFO - [sparse-mezo] global_step=2007 active_fraction=0.255025 active_params=335551415/1315758080 configured_ratio=0.250000 mask_strategy=percentile_per_layer scope=trainable_only

 83%|████████▎ | 2008/2405 [2:21:37<35:42,  5.40s/it]2026-04-17 06:26:08,597 - INFO - [sparse-mezo] global_step=2008 active_fraction=0.255025 active_params=335551387/1315758080 configured_ratio=0.250000 mask_strategy=percentile_per_layer scope=trainable_only

 84%|████████▎ | 2009/2405 [2:21:41<33:23,  5.06s/it]2026-04-17 06:26:12,864 - INFO - [sparse-mezo] global_step=2009 active_fraction=0.255025 active_params=335551355/1315758080 configured_ratio=0.250000 mask_strategy=percentile_per_layer scope=trainable_only

 84%|████████▎ | 2010/2405 [2:21:45<31:45,  4.82s/it]2026-04-17 06:26:17,105 - INFO - [sparse-mezo] global_step=2010 active_fraction=0.255758 active_params=336515908/1315758080 configured_ratio=0.250000 mask_strategy=percentile_per_layer scope=trainable_only

 84%|████████▎ | 2011/2405 [2:21:50<30:30,  4.64s/it]2026-04-17 06:26:21,334 - INFO - [sparse-mezo] global_step=2011 active_fraction=0.255758 active_params=336515881/1315758080 configured_ratio=0.250000 mask_strategy=percentile_per_layer scope=trainable_only

 84%|████████▎ | 2012/2405 [2:21:54<29:38,  4.52s/it]2026-04-17 06:26:25,548 - INFO - [sparse-mezo] global_step=2012 active_fraction=0.257387 active_params=338658693/1315758080 configured_ratio=0.250000 mask_strategy=percentile_per_layer scope=trainable_only

 84%|████████▎ | 2013/2405 [2:21:58<28:55,  4.43s/it]2026-04-17 06:26:29,740 - INFO - [sparse-mezo] global_step=2013 active_fraction=0.257387 active_params=338658670/1315758080 configured_ratio=0.250000 mask_strategy=percentile_per_layer scope=trainable_only

 84%|████████▎ | 2014/2405 [2:22:02<28:25,  4.36s/it]2026-04-17 06:26:33,953 - INFO - [sparse-mezo] global_step=2014 active_fraction=0.257387 active_params=338658656/1315758080 configured_ratio=0.250000 mask_strategy=percentile_per_layer scope=trainable_only

 84%|████████▍ | 2015/2405 [2:22:06<28:01,  4.31s/it]2026-04-17 06:26:38,150 - INFO - [sparse-mezo] global_step=2015 active_fraction=0.257387 active_params=338658638/1315758080 configured_ratio=0.250000 mask_strategy=percentile_per_layer scope=trainable_only

 84%|████████▍ | 2016/2405 [2:22:11<27:44,  4.28s/it]2026-04-17 06:26:42,344 - INFO - [sparse-mezo] global_step=2016 active_fraction=0.257387 active_params=338658618/1315758080 configured_ratio=0.250000 mask_strategy=percentile_per_layer scope=trainable_only

 84%|████████▍ | 2017/2405 [2:22:15<27:32,  4.26s/it]2026-04-17 06:26:46,689 - INFO - [sparse-mezo] global_step=2017 active_fraction=0.250380 active_params=329439825/1315758080 configured_ratio=0.250000 mask_strategy=percentile_per_layer scope=trainable_only

 84%|████████▍ | 2018/2405 [2:22:19<27:36,  4.28s/it]2026-04-17 06:26:50,991 - INFO - [sparse-mezo] global_step=2018 active_fraction=0.250528 active_params=329634228/1315758080 configured_ratio=0.250000 mask_strategy=percentile_per_layer scope=trainable_only

 84%|████████▍ | 2019/2405 [2:22:23<27:33,  4.28s/it]2026-04-17 06:26:55,169 - INFO - [sparse-mezo] global_step=2019 active_fraction=0.256627 active_params=337659679/1315758080 configured_ratio=0.250000 mask_strategy=percentile_per_layer scope=trainable_only

 84%|████████▍ | 2020/2405 [2:22:28<27:20,  4.26s/it]2026-04-17 06:26:59,342 - INFO - [sparse-mezo] global_step=2020 active_fraction=0.260726 active_params=343051711/1315758080 configured_ratio=0.250000 mask_strategy=percentile_per_layer scope=trainable_only

 84%|████████▍ | 2021/2405 [2:22:32<27:04,  4.23s/it]2026-04-17 06:27:03,696 - INFO - [sparse-mezo] global_step=2021 active_fraction=0.250285 active_params=329313968/1315758080 configured_ratio=0.250000 mask_strategy=percentile_per_layer scope=trainable_only

 84%|████████▍ | 2022/2405 [2:22:36<27:13,  4.26s/it]2026-04-17 06:27:08,039 - INFO - [sparse-mezo] global_step=2022 active_fraction=0.250285 active_params=329313964/1315758080 configured_ratio=0.250000 mask_strategy=percentile_per_layer scope=trainable_only

 84%|████████▍ | 2023/2405 [2:22:40<27:18,  4.29s/it]2026-04-17 06:27:12,290 - INFO - [sparse-mezo] global_step=2023 active_fraction=0.254273 active_params=334562017/1315758080 configured_ratio=0.250000 mask_strategy=percentile_per_layer scope=trainable_only

 84%|████████▍ | 2024/2405 [2:22:45<27:09,  4.28s/it]2026-04-17 06:27:16,541 - INFO - [sparse-mezo] global_step=2024 active_fraction=0.254273 active_params=334561982/1315758080 configured_ratio=0.250000 mask_strategy=percentile_per_layer scope=trainable_only

 84%|████████▍ | 2025/2405 [2:22:49<27:01,  4.27s/it]2026-04-17 06:27:20,628 - INFO - [sparse-mezo] global_step=2025 active_fraction=0.263064 active_params=346128098/1315758080 configured_ratio=0.250000 mask_strategy=percentile_per_layer scope=trainable_only

 84%|████████▍ | 2026/2405 [2:22:53<26:38,  4.22s/it]2026-04-17 06:27:24,976 - INFO - [sparse-mezo] global_step=2026 active_fraction=0.250530 active_params=329637118/1315758080 configured_ratio=0.250000 mask_strategy=percentile_per_layer scope=trainable_only

 84%|████████▍ | 2027/2405 [2:22:57<26:47,  4.25s/it]2026-04-17 06:27:29,313 - INFO - [sparse-mezo] global_step=2027 active_fraction=0.250530 active_params=329637103/1315758080 configured_ratio=0.250000 mask_strategy=percentile_per_layer scope=trainable_only

 84%|████████▍ | 2028/2405 [2:23:02<26:54,  4.28s/it]2026-04-17 06:27:33,662 - INFO - [sparse-mezo] global_step=2028 active_fraction=0.250530 active_params=329637095/1315758080 configured_ratio=0.250000 mask_strategy=percentile_per_layer scope=trainable_only

 84%|████████▍ | 2029/2405 [2:23:06<26:57,  4.30s/it]2026-04-17 06:27:37,983 - INFO - [sparse-mezo] global_step=2029 active_fraction=0.250801 active_params=329993232/1315758080 configured_ratio=0.250000 mask_strategy=percentile_per_layer scope=trainable_only

 84%|████████▍ | 2030/2405 [2:23:10<26:54,  4.31s/it]2026-04-17 06:27:42,221 - INFO - [sparse-mezo] global_step=2030 active_fraction=0.254516 active_params=334880931/1315758080 configured_ratio=0.250000 mask_strategy=percentile_per_layer scope=trainable_only

 84%|████████▍ | 2031/2405 [2:23:15<26:42,  4.28s/it]2026-04-17 06:27:46,336 - INFO - [sparse-mezo] global_step=2031 active_fraction=0.262523 active_params=345416944/1315758080 configured_ratio=0.250000 mask_strategy=percentile_per_layer scope=trainable_only

 84%|████████▍ | 2032/2405 [2:23:19<26:19,  4.23s/it]2026-04-17 06:27:50,671 - INFO - [sparse-mezo] global_step=2032 active_fraction=0.250738 active_params=329910907/1315758080 configured_ratio=0.250000 mask_strategy=percentile_per_layer scope=trainable_only

 85%|████████▍ | 2033/2405 [2:23:23<26:27,  4.27s/it]2026-04-17 06:27:55,016 - INFO - [sparse-mezo] global_step=2033 active_fraction=0.250738 active_params=329910895/1315758080 configured_ratio=0.250000 mask_strategy=percentile_per_layer scope=trainable_only

 85%|████████▍ | 2034/2405 [2:23:27<26:31,  4.29s/it]2026-04-17 06:27:59,344 - INFO - [sparse-mezo] global_step=2034 active_fraction=0.250485 active_params=329577058/1315758080 configured_ratio=0.250000 mask_strategy=percentile_per_layer scope=trainable_only

 85%|████████▍ | 2035/2405 [2:23:32<26:30,  4.30s/it]2026-04-17 06:28:03,587 - INFO - [sparse-mezo] global_step=2035 active_fraction=0.253949 active_params=334135064/1315758080 configured_ratio=0.250000 mask_strategy=percentile_per_layer scope=trainable_only

 85%|████████▍ | 2036/2405 [2:23:36<26:21,  4.28s/it]2026-04-17 06:28:07,739 - INFO - [sparse-mezo] global_step=2036 active_fraction=0.260946 active_params=343342075/1315758080 configured_ratio=0.250000 mask_strategy=percentile_per_layer scope=trainable_only

 85%|████████▍ | 2037/2405 [2:23:40<26:00,  4.24s/it]2026-04-17 06:28:12,013 - INFO - [sparse-mezo] global_step=2037 active_fraction=0.253932 active_params=334113297/1315758080 configured_ratio=0.250000 mask_strategy=percentile_per_layer scope=trainable_only

 85%|████████▍ | 2038/2405 [2:23:44<26:00,  4.25s/it]2026-04-17 06:28:16,290 - INFO - [sparse-mezo] global_step=2038 active_fraction=0.253932 active_params=334113290/1315758080 configured_ratio=0.250000 mask_strategy=percentile_per_layer scope=trainable_only

 85%|████████▍ | 2039/2405 [2:23:49<25:58,  4.26s/it]2026-04-17 06:28:20,610 - INFO - [sparse-mezo] global_step=2039 active_fraction=0.250537 active_params=329646083/1315758080 configured_ratio=0.250000 mask_strategy=percentile_per_layer scope=trainable_only

 85%|████████▍ | 2040/2405 [2:23:53<26:01,  4.28s/it]2026-04-17 06:28:24,930 - INFO - [sparse-mezo] global_step=2040 active_fraction=0.250537 active_params=329646066/1315758080 configured_ratio=0.250000 mask_strategy=percentile_per_layer scope=trainable_only

 85%|████████▍ | 2041/2405 [2:23:57<26:02,  4.29s/it]2026-04-17 06:28:29,257 - INFO - [sparse-mezo] global_step=2041 active_fraction=0.250537 active_params=329646043/1315758080 configured_ratio=0.250000 mask_strategy=percentile_per_layer scope=trainable_only

 85%|████████▍ | 2042/2405 [2:24:02<26:02,  4.30s/it]2026-04-17 06:28:33,538 - INFO - [sparse-mezo] global_step=2042 active_fraction=0.251624 active_params=331075867/1315758080 configured_ratio=0.250000 mask_strategy=percentile_per_layer scope=trainable_only

 85%|████████▍ | 2043/2405 [2:24:06<25:56,  4.30s/it]2026-04-17 06:28:37,628 - INFO - [sparse-mezo] global_step=2043 active_fraction=0.264319 active_params=347779627/1315758080 configured_ratio=0.250000 mask_strategy=percentile_per_layer scope=trainable_only

 85%|████████▍ | 2044/2405 [2:24:10<25:29,  4.24s/it]2026-04-17 06:28:41,718 - INFO - [sparse-mezo] global_step=2044 active_fraction=0.264319 active_params=347779603/1315758080 configured_ratio=0.250000 mask_strategy=percentile_per_layer scope=trainable_only

 85%|████████▌ | 2045/2405 [2:24:14<25:08,  4.19s/it]2026-04-17 06:28:45,801 - INFO - [sparse-mezo] global_step=2045 active_fraction=0.264319 active_params=347779568/1315758080 configured_ratio=0.250000 mask_strategy=percentile_per_layer scope=trainable_only

 85%|████████▌ | 2046/2405 [2:24:18<24:53,  4.16s/it]2026-04-17 06:28:50,131 - INFO - [sparse-mezo] global_step=2046 active_fraction=0.252463 active_params=332180690/1315758080 configured_ratio=0.250000 mask_strategy=percentile_per_layer scope=trainable_only

 85%|████████▌ | 2047/2405 [2:24:23<25:06,  4.21s/it]2026-04-17 06:28:54,450 - INFO - [sparse-mezo] global_step=2047 active_fraction=0.252463 active_params=332180655/1315758080 configured_ratio=0.250000 mask_strategy=percentile_per_layer scope=trainable_only

 85%|████████▌ | 2048/2405 [2:24:27<25:14,  4.24s/it]2026-04-17 06:28:58,780 - INFO - [sparse-mezo] global_step=2048 active_fraction=0.252619 active_params=332385389/1315758080 configured_ratio=0.250000 mask_strategy=percentile_per_layer scope=trainable_only

 85%|████████▌ | 2049/2405 [2:24:31<25:19,  4.27s/it]2026-04-17 06:29:02,862 - INFO - [sparse-mezo] global_step=2049 active_fraction=0.264111 active_params=347505723/1315758080 configured_ratio=0.250000 mask_strategy=percentile_per_layer scope=trainable_only

 85%|████████▌ | 2050/2405 [2:24:35<24:55,  4.21s/it]2026-04-17 06:29:06,941 - INFO - [sparse-mezo] global_step=2050 active_fraction=0.264111 active_params=347505697/1315758080 configured_ratio=0.250000 mask_strategy=percentile_per_layer scope=trainable_only

 85%|████████▌ | 2051/2405 [2:24:39<24:36,  4.17s/it]2026-04-17 06:29:11,292 - INFO - [sparse-mezo] global_step=2051 active_fraction=0.250861 active_params=330071809/1315758080 configured_ratio=0.250000 mask_strategy=percentile_per_layer scope=trainable_only

 85%|████████▌ | 2052/2405 [2:24:44<24:52,  4.23s/it]2026-04-17 06:29:15,528 - INFO - [sparse-mezo] global_step=2052 active_fraction=0.256762 active_params=337837283/1315758080 configured_ratio=0.250000 mask_strategy=percentile_per_layer scope=trainable_only

 85%|████████▌ | 2053/2405 [2:24:48<24:48,  4.23s/it]2026-04-17 06:29:19,755 - INFO - [sparse-mezo] global_step=2053 active_fraction=0.256762 active_params=337837258/1315758080 configured_ratio=0.250000 mask_strategy=percentile_per_layer scope=trainable_only

 85%|████████▌ | 2054/2405 [2:24:52<24:43,  4.23s/it]2026-04-17 06:29:23,897 - INFO - [sparse-mezo] global_step=2054 active_fraction=0.260312 active_params=342507221/1315758080 configured_ratio=0.250000 mask_strategy=percentile_per_layer scope=trainable_only

 85%|████████▌ | 2055/2405 [2:24:56<24:30,  4.20s/it]2026-04-17 06:29:28,230 - INFO - [sparse-mezo] global_step=2055 active_fraction=0.251087 active_params=330370362/1315758080 configured_ratio=0.250000 mask_strategy=percentile_per_layer scope=trainable_only

 85%|████████▌ | 2056/2405 [2:25:01<24:39,  4.24s/it]2026-04-17 06:29:32,562 - INFO - [sparse-mezo] global_step=2056 active_fraction=0.251087 active_params=330370337/1315758080 configured_ratio=0.250000 mask_strategy=percentile_per_layer scope=trainable_only

 86%|████████▌ | 2057/2405 [2:25:05<24:45,  4.27s/it]2026-04-17 06:29:36,806 - INFO - [sparse-mezo] global_step=2057 active_fraction=0.256037 active_params=336882572/1315758080 configured_ratio=0.250000 mask_strategy=percentile_per_layer scope=trainable_only

 86%|████████▌ | 2058/2405 [2:25:09<24:38,  4.26s/it]2026-04-17 06:29:40,966 - INFO - [sparse-mezo] global_step=2058 active_fraction=0.260675 active_params=342985319/1315758080 configured_ratio=0.250000 mask_strategy=percentile_per_layer scope=trainable_only

 86%|████████▌ | 2059/2405 [2:25:13<24:23,  4.23s/it]2026-04-17 06:29:45,290 - INFO - [sparse-mezo] global_step=2059 active_fraction=0.250967 active_params=330212344/1315758080 configured_ratio=0.250000 mask_strategy=percentile_per_layer scope=trainable_only

 86%|████████▌ | 2060/2405 [2:25:18<24:30,  4.26s/it]2026-04-17 06:29:49,602 - INFO - [sparse-mezo] global_step=2060 active_fraction=0.250985 active_params=330235401/1315758080 configured_ratio=0.250000 mask_strategy=percentile_per_layer scope=trainable_only

 86%|████████▌ | 2061/2405 [2:25:22<24:32,  4.28s/it]2026-04-17 06:29:53,925 - INFO - [sparse-mezo] global_step=2061 active_fraction=0.250985 active_params=330235399/1315758080 configured_ratio=0.250000 mask_strategy=percentile_per_layer scope=trainable_only

 86%|████████▌ | 2062/2405 [2:25:26<24:29,  4.29s/it]2026-04-17 06:29:58,157 - INFO - [sparse-mezo] global_step=2062 active_fraction=0.254045 active_params=334261729/1315758080 configured_ratio=0.250000 mask_strategy=percentile_per_layer scope=trainable_only

 86%|████████▌ | 2063/2405 [2:25:31<24:22,  4.28s/it]2026-04-17 06:30:02,427 - INFO - [sparse-mezo] global_step=2063 active_fraction=0.252779 active_params=332596661/1315758080 configured_ratio=0.250000 mask_strategy=percentile_per_layer scope=trainable_only

 86%|████████▌ | 2064/2405 [2:25:35<24:16,  4.27s/it]2026-04-17 06:30:06,669 - INFO - [sparse-mezo] global_step=2064 active_fraction=0.254178 active_params=334436701/1315758080 configured_ratio=0.250000 mask_strategy=percentile_per_layer scope=trainable_only

 86%|████████▌ | 2065/2405 [2:25:39<24:08,  4.26s/it]2026-04-17 06:30:10,905 - INFO - [sparse-mezo] global_step=2065 active_fraction=0.254178 active_params=334436686/1315758080 configured_ratio=0.250000 mask_strategy=percentile_per_layer scope=trainable_only

 86%|████████▌ | 2066/2405 [2:25:43<24:01,  4.25s/it]2026-04-17 06:30:15,081 - INFO - [sparse-mezo] global_step=2066 active_fraction=0.257503 active_params=338811548/1315758080 configured_ratio=0.250000 mask_strategy=percentile_per_layer scope=trainable_only

 86%|████████▌ | 2067/2405 [2:25:47<23:50,  4.23s/it]2026-04-17 06:30:19,398 - INFO - [sparse-mezo] global_step=2067 active_fraction=0.251271 active_params=330612025/1315758080 configured_ratio=0.250000 mask_strategy=percentile_per_layer scope=trainable_only

 86%|████████▌ | 2068/2405 [2:25:52<23:54,  4.26s/it]2026-04-17 06:30:23,631 - INFO - [sparse-mezo] global_step=2068 active_fraction=0.255871 active_params=336664825/1315758080 configured_ratio=0.250000 mask_strategy=percentile_per_layer scope=trainable_only

 86%|████████▌ | 2069/2405 [2:25:56<23:48,  4.25s/it]2026-04-17 06:30:27,951 - INFO - [sparse-mezo] global_step=2069 active_fraction=0.250727 active_params=329895690/1315758080 configured_ratio=0.250000 mask_strategy=percentile_per_layer scope=trainable_only

 86%|████████▌ | 2070/2405 [2:26:00<23:50,  4.27s/it]2026-04-17 06:30:32,260 - INFO - [sparse-mezo] global_step=2070 active_fraction=0.250727 active_params=329895665/1315758080 configured_ratio=0.250000 mask_strategy=percentile_per_layer scope=trainable_only

 86%|████████▌ | 2071/2405 [2:26:05<23:49,  4.28s/it]2026-04-17 06:30:36,452 - INFO - [sparse-mezo] global_step=2071 active_fraction=0.258413 active_params=340008781/1315758080 configured_ratio=0.250000 mask_strategy=percentile_per_layer scope=trainable_only

 86%|████████▌ | 2072/2405 [2:26:09<23:36,  4.25s/it]2026-04-17 06:30:40,664 - INFO - [sparse-mezo] global_step=2072 active_fraction=0.257249 active_params=338477015/1315758080 configured_ratio=0.250000 mask_strategy=percentile_per_layer scope=trainable_only

 86%|████████▌ | 2073/2405 [2:26:13<23:29,  4.24s/it]2026-04-17 06:30:44,969 - INFO - [sparse-mezo] global_step=2073 active_fraction=0.252945 active_params=332814350/1315758080 configured_ratio=0.250000 mask_strategy=percentile_per_layer scope=trainable_only

 86%|████████▌ | 2074/2405 [2:26:17<23:30,  4.26s/it]2026-04-17 06:30:49,132 - INFO - [sparse-mezo] global_step=2074 active_fraction=0.260646 active_params=342946788/1315758080 configured_ratio=0.250000 mask_strategy=percentile_per_layer scope=trainable_only

 86%|████████▋ | 2075/2405 [2:26:22<23:15,  4.23s/it]2026-04-17 06:30:53,390 - INFO - [sparse-mezo] global_step=2075 active_fraction=0.254988 active_params=335502532/1315758080 configured_ratio=0.250000 mask_strategy=percentile_per_layer scope=trainable_only

 86%|████████▋ | 2076/2405 [2:26:26<23:14,  4.24s/it]2026-04-17 06:30:57,649 - INFO - [sparse-mezo] global_step=2076 active_fraction=0.254988 active_params=335502526/1315758080 configured_ratio=0.250000 mask_strategy=percentile_per_layer scope=trainable_only

 86%|████████▋ | 2077/2405 [2:26:30<23:12,  4.24s/it]2026-04-17 06:31:01,907 - INFO - [sparse-mezo] global_step=2077 active_fraction=0.254988 active_params=335502520/1315758080 configured_ratio=0.250000 mask_strategy=percentile_per_layer scope=trainable_only

 86%|████████▋ | 2078/2405 [2:26:34<23:11,  4.25s/it]2026-04-17 06:31:06,209 - INFO - [sparse-mezo] global_step=2078 active_fraction=0.252985 active_params=332867109/1315758080 configured_ratio=0.250000 mask_strategy=percentile_per_layer scope=trainable_only

 86%|████████▋ | 2079/2405 [2:26:39<23:09,  4.26s/it]2026-04-17 06:31:10,233 - INFO - [sparse-mezo] global_step=2079 active_fraction=0.262963 active_params=345995331/1315758080 configured_ratio=0.250000 mask_strategy=percentile_per_layer scope=trainable_only

 86%|████████▋ | 2080/2405 [2:26:43<22:42,  4.19s/it]2026-04-17 06:31:14,430 - INFO - [sparse-mezo] global_step=2080 active_fraction=0.258733 active_params=340430279/1315758080 configured_ratio=0.250000 mask_strategy=percentile_per_layer scope=trainable_only

 87%|████████▋ | 2081/2405 [2:26:47<22:38,  4.19s/it]2026-04-17 06:31:18,636 - INFO - [sparse-mezo] global_step=2081 active_fraction=0.256791 active_params=337874220/1315758080 configured_ratio=0.250000 mask_strategy=percentile_per_layer scope=trainable_only

 87%|████████▋ | 2082/2405 [2:26:51<22:37,  4.20s/it]2026-04-17 06:31:22,972 - INFO - [sparse-mezo] global_step=2082 active_fraction=0.250341 active_params=329387899/1315758080 configured_ratio=0.250000 mask_strategy=percentile_per_layer scope=trainable_only

 87%|████████▋ | 2083/2405 [2:26:55<22:46,  4.24s/it]2026-04-17 06:31:27,041 - INFO - [sparse-mezo] global_step=2083 active_fraction=0.266330 active_params=350425676/1315758080 configured_ratio=0.250000 mask_strategy=percentile_per_layer scope=trainable_only

 87%|████████▋ | 2084/2405 [2:26:59<22:24,  4.19s/it]2026-04-17 06:31:31,096 - INFO - [sparse-mezo] global_step=2084 active_fraction=0.266330 active_params=350425657/1315758080 configured_ratio=0.250000 mask_strategy=percentile_per_layer scope=trainable_only

 87%|████████▋ | 2085/2405 [2:27:04<22:06,  4.15s/it]2026-04-17 06:31:35,353 - INFO - [sparse-mezo] global_step=2085 active_fraction=0.251871 active_params=331400684/1315758080 configured_ratio=0.250000 mask_strategy=percentile_per_layer scope=trainable_only

 87%|████████▋ | 2086/2405 [2:27:08<22:13,  4.18s/it]2026-04-17 06:31:39,595 - INFO - [sparse-mezo] global_step=2086 active_fraction=0.250568 active_params=329686305/1315758080 configured_ratio=0.250000 mask_strategy=percentile_per_layer scope=trainable_only

 87%|████████▋ | 2087/2405 [2:27:12<22:14,  4.20s/it]2026-04-17 06:31:43,837 - INFO - [sparse-mezo] global_step=2087 active_fraction=0.250568 active_params=329686281/1315758080 configured_ratio=0.250000 mask_strategy=percentile_per_layer scope=trainable_only

 87%|████████▋ | 2088/2405 [2:27:16<22:14,  4.21s/it]2026-04-17 06:31:47,966 - INFO - [sparse-mezo] global_step=2088 active_fraction=0.259106 active_params=340920735/1315758080 configured_ratio=0.250000 mask_strategy=percentile_per_layer scope=trainable_only

 87%|████████▋ | 2089/2405 [2:27:20<22:04,  4.19s/it]2026-04-17 06:31:52,178 - INFO - [sparse-mezo] global_step=2089 active_fraction=0.257900 active_params=339333772/1315758080 configured_ratio=0.250000 mask_strategy=percentile_per_layer scope=trainable_only

 87%|████████▋ | 2090/2405 [2:27:25<22:00,  4.19s/it]2026-04-17 06:31:56,368 - INFO - [sparse-mezo] global_step=2090 active_fraction=0.257900 active_params=339333748/1315758080 configured_ratio=0.250000 mask_strategy=percentile_per_layer scope=trainable_only

 87%|████████▋ | 2091/2405 [2:27:29<21:57,  4.19s/it]2026-04-17 06:32:00,670 - INFO - [sparse-mezo] global_step=2091 active_fraction=0.252221 active_params=331862301/1315758080 configured_ratio=0.250000 mask_strategy=percentile_per_layer scope=trainable_only

 87%|████████▋ | 2092/2405 [2:27:33<22:03,  4.23s/it]2026-04-17 06:32:04,973 - INFO - [sparse-mezo] global_step=2092 active_fraction=0.252221 active_params=331862270/1315758080 configured_ratio=0.250000 mask_strategy=percentile_per_layer scope=trainable_only

 87%|████████▋ | 2093/2405 [2:27:37<22:06,  4.25s/it]2026-04-17 06:32:09,192 - INFO - [sparse-mezo] global_step=2093 active_fraction=0.258061 active_params=339546471/1315758080 configured_ratio=0.250000 mask_strategy=percentile_per_layer scope=trainable_only

 87%|████████▋ | 2094/2405 [2:27:42<21:59,  4.24s/it]2026-04-17 06:32:13,432 - INFO - [sparse-mezo] global_step=2094 active_fraction=0.257088 active_params=338265961/1315758080 configured_ratio=0.250000 mask_strategy=percentile_per_layer scope=trainable_only

 87%|████████▋ | 2095/2405 [2:27:46<21:53,  4.24s/it]2026-04-17 06:32:17,654 - INFO - [sparse-mezo] global_step=2095 active_fraction=0.257088 active_params=338265929/1315758080 configured_ratio=0.250000 mask_strategy=percentile_per_layer scope=trainable_only

 87%|████████▋ | 2096/2405 [2:27:50<21:49,  4.24s/it]2026-04-17 06:32:21,891 - INFO - [sparse-mezo] global_step=2096 active_fraction=0.257088 active_params=338265911/1315758080 configured_ratio=0.250000 mask_strategy=percentile_per_layer scope=trainable_only

 87%|████████▋ | 2097/2405 [2:27:54<21:42,  4.23s/it]2026-04-17 06:32:26,169 - INFO - [sparse-mezo] global_step=2097 active_fraction=0.252936 active_params=332802923/1315758080 configured_ratio=0.250000 mask_strategy=percentile_per_layer scope=trainable_only

 87%|████████▋ | 2098/2405 [2:27:59<21:43,  4.25s/it]2026-04-17 06:32:30,451 - INFO - [sparse-mezo] global_step=2098 active_fraction=0.252936 active_params=332802922/1315758080 configured_ratio=0.250000 mask_strategy=percentile_per_layer scope=trainable_only

 87%|████████▋ | 2099/2405 [2:28:03<21:42,  4.26s/it]2026-04-17 06:32:34,704 - INFO - [sparse-mezo] global_step=2099 active_fraction=0.251789 active_params=331293128/1315758080 configured_ratio=0.250000 mask_strategy=percentile_per_layer scope=trainable_only

 87%|████████▋ | 2100/2405 [2:28:07<21:38,  4.26s/it]2026-04-17 06:32:38,994 - INFO - [sparse-mezo] global_step=2100 active_fraction=0.251789 active_params=331293102/1315758080 configured_ratio=0.250000 mask_strategy=percentile_per_layer scope=trainable_only
2026-04-17 06:32:42,654 - INFO - [zo_probe] step=2100 eps=1.000e-06 precision=fp16 n=16 mae=1.036523e+03 mse=1.489307e+06 rmse=1.220372e+03 sign_acc=0.5000 corr=0.025708

 87%|████████▋ | 2101/2405 [2:28:15<27:10,  5.36s/it]2026-04-17 06:32:46,848 - INFO - [sparse-mezo] global_step=2101 active_fraction=0.257562 active_params=338889221/1315758080 configured_ratio=0.250000 mask_strategy=percentile_per_layer scope=trainable_only

 87%|████████▋ | 2102/2405 [2:28:19<25:18,  5.01s/it]2026-04-17 06:32:51,155 - INFO - [sparse-mezo] global_step=2102 active_fraction=0.250738 active_params=329910277/1315758080 configured_ratio=0.250000 mask_strategy=percentile_per_layer scope=trainable_only

 87%|████████▋ | 2103/2405 [2:28:24<24:10,  4.80s/it]2026-04-17 06:32:55,357 - INFO - [sparse-mezo] global_step=2103 active_fraction=0.257260 active_params=338492470/1315758080 configured_ratio=0.250000 mask_strategy=percentile_per_layer scope=trainable_only

 87%|████████▋ | 2104/2405 [2:28:28<23:10,  4.62s/it]2026-04-17 06:32:59,545 - INFO - [sparse-mezo] global_step=2104 active_fraction=0.257260 active_params=338492468/1315758080 configured_ratio=0.250000 mask_strategy=percentile_per_layer scope=trainable_only

 88%|████████▊ | 2105/2405 [2:28:32<22:27,  4.49s/it]2026-04-17 06:33:03,739 - INFO - [sparse-mezo] global_step=2105 active_fraction=0.257260 active_params=338492464/1315758080 configured_ratio=0.250000 mask_strategy=percentile_per_layer scope=trainable_only

 88%|████████▊ | 2106/2405 [2:28:36<21:56,  4.40s/it]2026-04-17 06:33:08,018 - INFO - [sparse-mezo] global_step=2106 active_fraction=0.252859 active_params=332701133/1315758080 configured_ratio=0.250000 mask_strategy=percentile_per_layer scope=trainable_only

 88%|████████▊ | 2107/2405 [2:28:40<21:40,  4.37s/it]2026-04-17 06:33:12,274 - INFO - [sparse-mezo] global_step=2107 active_fraction=0.252859 active_params=332701125/1315758080 configured_ratio=0.250000 mask_strategy=percentile_per_layer scope=trainable_only

 88%|████████▊ | 2108/2405 [2:28:45<21:27,  4.34s/it]2026-04-17 06:33:16,474 - INFO - [sparse-mezo] global_step=2108 active_fraction=0.257457 active_params=338750696/1315758080 configured_ratio=0.250000 mask_strategy=percentile_per_layer scope=trainable_only

 88%|████████▊ | 2109/2405 [2:28:49<21:09,  4.29s/it]2026-04-17 06:33:20,674 - INFO - [sparse-mezo] global_step=2109 active_fraction=0.257457 active_params=338750687/1315758080 configured_ratio=0.250000 mask_strategy=percentile_per_layer scope=trainable_only

 88%|████████▊ | 2110/2405 [2:28:53<20:58,  4.26s/it]2026-04-17 06:33:24,969 - INFO - [sparse-mezo] global_step=2110 active_fraction=0.251754 active_params=331247764/1315758080 configured_ratio=0.250000 mask_strategy=percentile_per_layer scope=trainable_only

 88%|████████▊ | 2111/2405 [2:28:57<20:56,  4.27s/it]2026-04-17 06:33:29,208 - INFO - [sparse-mezo] global_step=2111 active_fraction=0.254567 active_params=334948483/1315758080 configured_ratio=0.250000 mask_strategy=percentile_per_layer scope=trainable_only

 88%|████████▊ | 2112/2405 [2:29:02<20:49,  4.26s/it]2026-04-17 06:33:33,403 - INFO - [sparse-mezo] global_step=2112 active_fraction=0.257440 active_params=338728170/1315758080 configured_ratio=0.250000 mask_strategy=percentile_per_layer scope=trainable_only

 88%|████████▊ | 2113/2405 [2:29:06<20:39,  4.25s/it]2026-04-17 06:33:37,609 - INFO - [sparse-mezo] global_step=2113 active_fraction=0.257440 active_params=338728143/1315758080 configured_ratio=0.250000 mask_strategy=percentile_per_layer scope=trainable_only

 88%|████████▊ | 2114/2405 [2:29:10<20:30,  4.23s/it]2026-04-17 06:33:41,838 - INFO - [sparse-mezo] global_step=2114 active_fraction=0.256560 active_params=337570651/1315758080 configured_ratio=0.250000 mask_strategy=percentile_per_layer scope=trainable_only

 88%|████████▊ | 2115/2405 [2:29:14<20:26,  4.23s/it]2026-04-17 06:33:46,068 - INFO - [sparse-mezo] global_step=2115 active_fraction=0.256560 active_params=337570647/1315758080 configured_ratio=0.250000 mask_strategy=percentile_per_layer scope=trainable_only

 88%|████████▊ | 2116/2405 [2:29:18<20:22,  4.23s/it]2026-04-17 06:33:50,401 - INFO - [sparse-mezo] global_step=2116 active_fraction=0.250503 active_params=329601283/1315758080 configured_ratio=0.250000 mask_strategy=percentile_per_layer scope=trainable_only

 88%|████████▊ | 2117/2405 [2:29:23<20:28,  4.26s/it]2026-04-17 06:33:54,645 - INFO - [sparse-mezo] global_step=2117 active_fraction=0.255171 active_params=335743791/1315758080 configured_ratio=0.250000 mask_strategy=percentile_per_layer scope=trainable_only

 88%|████████▊ | 2118/2405 [2:29:27<20:22,  4.26s/it]2026-04-17 06:33:58,863 - INFO - [sparse-mezo] global_step=2118 active_fraction=0.256692 active_params=337744963/1315758080 configured_ratio=0.250000 mask_strategy=percentile_per_layer scope=trainable_only

 88%|████████▊ | 2119/2405 [2:29:31<20:14,  4.25s/it]2026-04-17 06:34:03,079 - INFO - [sparse-mezo] global_step=2119 active_fraction=0.256692 active_params=337744958/1315758080 configured_ratio=0.250000 mask_strategy=percentile_per_layer scope=trainable_only

 88%|████████▊ | 2120/2405 [2:29:35<20:06,  4.23s/it]2026-04-17 06:34:07,297 - INFO - [sparse-mezo] global_step=2120 active_fraction=0.257310 active_params=338557836/1315758080 configured_ratio=0.250000 mask_strategy=percentile_per_layer scope=trainable_only

 88%|████████▊ | 2121/2405 [2:29:40<20:02,  4.23s/it]2026-04-17 06:34:11,639 - INFO - [sparse-mezo] global_step=2121 active_fraction=0.250520 active_params=329623133/1315758080 configured_ratio=0.250000 mask_strategy=percentile_per_layer scope=trainable_only

 88%|████████▊ | 2122/2405 [2:29:44<20:06,  4.26s/it]2026-04-17 06:34:15,973 - INFO - [sparse-mezo] global_step=2122 active_fraction=0.250520 active_params=329623124/1315758080 configured_ratio=0.250000 mask_strategy=percentile_per_layer scope=trainable_only

 88%|████████▊ | 2123/2405 [2:29:48<20:07,  4.28s/it]2026-04-17 06:34:20,267 - INFO - [sparse-mezo] global_step=2123 active_fraction=0.250543 active_params=329653588/1315758080 configured_ratio=0.250000 mask_strategy=percentile_per_layer scope=trainable_only

 88%|████████▊ | 2124/2405 [2:29:53<20:04,  4.29s/it]2026-04-17 06:34:24,456 - INFO - [sparse-mezo] global_step=2124 active_fraction=0.256949 active_params=338082735/1315758080 configured_ratio=0.250000 mask_strategy=percentile_per_layer scope=trainable_only

 88%|████████▊ | 2125/2405 [2:29:57<19:51,  4.26s/it]2026-04-17 06:34:28,652 - INFO - [sparse-mezo] global_step=2125 active_fraction=0.258017 active_params=339487372/1315758080 configured_ratio=0.250000 mask_strategy=percentile_per_layer scope=trainable_only

 88%|████████▊ | 2126/2405 [2:30:01<19:42,  4.24s/it]2026-04-17 06:34:32,891 - INFO - [sparse-mezo] global_step=2126 active_fraction=0.254439 active_params=334779513/1315758080 configured_ratio=0.250000 mask_strategy=percentile_per_layer scope=trainable_only

 88%|████████▊ | 2127/2405 [2:30:05<19:38,  4.24s/it]2026-04-17 06:34:37,154 - INFO - [sparse-mezo] global_step=2127 active_fraction=0.254438 active_params=334779511/1315758080 configured_ratio=0.250000 mask_strategy=percentile_per_layer scope=trainable_only

 88%|████████▊ | 2128/2405 [2:30:10<19:35,  4.24s/it]2026-04-17 06:34:41,460 - INFO - [sparse-mezo] global_step=2128 active_fraction=0.251092 active_params=330376552/1315758080 configured_ratio=0.250000 mask_strategy=percentile_per_layer scope=trainable_only

 89%|████████▊ | 2129/2405 [2:30:14<19:37,  4.27s/it]2026-04-17 06:34:45,612 - INFO - [sparse-mezo] global_step=2129 active_fraction=0.261769 active_params=344424044/1315758080 configured_ratio=0.250000 mask_strategy=percentile_per_layer scope=trainable_only

 89%|████████▊ | 2130/2405 [2:30:18<19:22,  4.23s/it]2026-04-17 06:34:49,835 - INFO - [sparse-mezo] global_step=2130 active_fraction=0.256448 active_params=337423808/1315758080 configured_ratio=0.250000 mask_strategy=percentile_per_layer scope=trainable_only

 89%|████████▊ | 2131/2405 [2:30:22<19:20,  4.23s/it]2026-04-17 06:34:54,104 - INFO - [sparse-mezo] global_step=2131 active_fraction=0.256011 active_params=336848669/1315758080 configured_ratio=0.250000 mask_strategy=percentile_per_layer scope=trainable_only

 89%|████████▊ | 2132/2405 [2:30:27<19:17,  4.24s/it]2026-04-17 06:34:58,300 - INFO - [sparse-mezo] global_step=2132 active_fraction=0.258233 active_params=339772200/1315758080 configured_ratio=0.250000 mask_strategy=percentile_per_layer scope=trainable_only

 89%|████████▊ | 2133/2405 [2:30:31<19:09,  4.22s/it]2026-04-17 06:35:02,570 - INFO - [sparse-mezo] global_step=2133 active_fraction=0.254004 active_params=334208237/1315758080 configured_ratio=0.250000 mask_strategy=percentile_per_layer scope=trainable_only

 89%|████████▊ | 2134/2405 [2:30:35<19:08,  4.24s/it]2026-04-17 06:35:06,889 - INFO - [sparse-mezo] global_step=2134 active_fraction=0.250978 active_params=330226256/1315758080 configured_ratio=0.250000 mask_strategy=percentile_per_layer scope=trainable_only

 89%|████████▉ | 2135/2405 [2:30:39<19:11,  4.26s/it]2026-04-17 06:35:11,214 - INFO - [sparse-mezo] global_step=2135 active_fraction=0.250978 active_params=330226247/1315758080 configured_ratio=0.250000 mask_strategy=percentile_per_layer scope=trainable_only

 89%|████████▉ | 2136/2405 [2:30:44<19:12,  4.28s/it]2026-04-17 06:35:15,333 - INFO - [sparse-mezo] global_step=2136 active_fraction=0.262738 active_params=345699488/1315758080 configured_ratio=0.250000 mask_strategy=percentile_per_layer scope=trainable_only

 89%|████████▉ | 2137/2405 [2:30:48<18:55,  4.24s/it]2026-04-17 06:35:19,625 - INFO - [sparse-mezo] global_step=2137 active_fraction=0.254370 active_params=334689803/1315758080 configured_ratio=0.250000 mask_strategy=percentile_per_layer scope=trainable_only

 89%|████████▉ | 2138/2405 [2:30:52<18:55,  4.25s/it]2026-04-17 06:35:23,958 - INFO - [sparse-mezo] global_step=2138 active_fraction=0.250628 active_params=329765186/1315758080 configured_ratio=0.250000 mask_strategy=percentile_per_layer scope=trainable_only

 89%|████████▉ | 2139/2405 [2:30:56<18:57,  4.28s/it]2026-04-17 06:35:28,216 - INFO - [sparse-mezo] global_step=2139 active_fraction=0.253570 active_params=333637049/1315758080 configured_ratio=0.250000 mask_strategy=percentile_per_layer scope=trainable_only

 89%|████████▉ | 2140/2405 [2:31:01<18:51,  4.27s/it]2026-04-17 06:35:32,378 - INFO - [sparse-mezo] global_step=2140 active_fraction=0.260949 active_params=343345308/1315758080 configured_ratio=0.250000 mask_strategy=percentile_per_layer scope=trainable_only

 89%|████████▉ | 2141/2405 [2:31:05<18:38,  4.24s/it]2026-04-17 06:35:36,523 - INFO - [sparse-mezo] global_step=2141 active_fraction=0.260949 active_params=343345308/1315758080 configured_ratio=0.250000 mask_strategy=percentile_per_layer scope=trainable_only

 89%|████████▉ | 2142/2405 [2:31:09<18:28,  4.21s/it]2026-04-17 06:35:40,808 - INFO - [sparse-mezo] global_step=2142 active_fraction=0.254772 active_params=335218954/1315758080 configured_ratio=0.250000 mask_strategy=percentile_per_layer scope=trainable_only

 89%|████████▉ | 2143/2405 [2:31:13<18:28,  4.23s/it]2026-04-17 06:35:45,132 - INFO - [sparse-mezo] global_step=2143 active_fraction=0.251614 active_params=331063458/1315758080 configured_ratio=0.250000 mask_strategy=percentile_per_layer scope=trainable_only

 89%|████████▉ | 2144/2405 [2:31:18<18:32,  4.26s/it]2026-04-17 06:35:49,426 - INFO - [sparse-mezo] global_step=2144 active_fraction=0.253730 active_params=333847437/1315758080 configured_ratio=0.250000 mask_strategy=percentile_per_layer scope=trainable_only

 89%|████████▉ | 2145/2405 [2:31:22<18:31,  4.27s/it]2026-04-17 06:35:53,552 - INFO - [sparse-mezo] global_step=2145 active_fraction=0.262484 active_params=345365135/1315758080 configured_ratio=0.250000 mask_strategy=percentile_per_layer scope=trainable_only

 89%|████████▉ | 2146/2405 [2:31:26<18:13,  4.22s/it]2026-04-17 06:35:57,658 - INFO - [sparse-mezo] global_step=2146 active_fraction=0.262484 active_params=345365121/1315758080 configured_ratio=0.250000 mask_strategy=percentile_per_layer scope=trainable_only

 89%|████████▉ | 2147/2405 [2:31:30<18:00,  4.19s/it]2026-04-17 06:36:01,977 - INFO - [sparse-mezo] global_step=2147 active_fraction=0.251780 active_params=331281550/1315758080 configured_ratio=0.250000 mask_strategy=percentile_per_layer scope=trainable_only

 89%|████████▉ | 2148/2405 [2:31:34<18:07,  4.23s/it]2026-04-17 06:36:06,235 - INFO - [sparse-mezo] global_step=2148 active_fraction=0.254842 active_params=335310505/1315758080 configured_ratio=0.250000 mask_strategy=percentile_per_layer scope=trainable_only

 89%|████████▉ | 2149/2405 [2:31:39<18:05,  4.24s/it]2026-04-17 06:36:10,374 - INFO - [sparse-mezo] global_step=2149 active_fraction=0.261686 active_params=344315052/1315758080 configured_ratio=0.250000 mask_strategy=percentile_per_layer scope=trainable_only

 89%|████████▉ | 2150/2405 [2:31:43<17:53,  4.21s/it]2026-04-17 06:36:14,504 - INFO - [sparse-mezo] global_step=2150 active_fraction=0.261686 active_params=344315044/1315758080 configured_ratio=0.250000 mask_strategy=percentile_per_layer scope=trainable_only

 89%|████████▉ | 2151/2405 [2:31:47<17:42,  4.18s/it]2026-04-17 06:36:18,826 - INFO - [sparse-mezo] global_step=2151 active_fraction=0.253025 active_params=332919470/1315758080 configured_ratio=0.250000 mask_strategy=percentile_per_layer scope=trainable_only

 89%|████████▉ | 2152/2405 [2:31:51<17:49,  4.23s/it]2026-04-17 06:36:23,033 - INFO - [sparse-mezo] global_step=2152 active_fraction=0.259489 active_params=341424424/1315758080 configured_ratio=0.250000 mask_strategy=percentile_per_layer scope=trainable_only

 90%|████████▉ | 2153/2405 [2:31:55<17:43,  4.22s/it]2026-04-17 06:36:27,291 - INFO - [sparse-mezo] global_step=2153 active_fraction=0.255884 active_params=336681437/1315758080 configured_ratio=0.250000 mask_strategy=percentile_per_layer scope=trainable_only

 90%|████████▉ | 2154/2405 [2:32:00<17:40,  4.23s/it]2026-04-17 06:36:31,507 - INFO - [sparse-mezo] global_step=2154 active_fraction=0.255884 active_params=336681429/1315758080 configured_ratio=0.250000 mask_strategy=percentile_per_layer scope=trainable_only

 90%|████████▉ | 2155/2405 [2:32:04<17:37,  4.23s/it]2026-04-17 06:36:35,826 - INFO - [sparse-mezo] global_step=2155 active_fraction=0.251723 active_params=331206558/1315758080 configured_ratio=0.250000 mask_strategy=percentile_per_layer scope=trainable_only

 90%|████████▉ | 2156/2405 [2:32:08<17:38,  4.25s/it]2026-04-17 06:36:40,111 - INFO - [sparse-mezo] global_step=2156 active_fraction=0.251804 active_params=331313509/1315758080 configured_ratio=0.250000 mask_strategy=percentile_per_layer scope=trainable_only

 90%|████████▉ | 2157/2405 [2:32:13<17:37,  4.26s/it]2026-04-17 06:36:44,285 - INFO - [sparse-mezo] global_step=2157 active_fraction=0.259251 active_params=341111197/1315758080 configured_ratio=0.250000 mask_strategy=percentile_per_layer scope=trainable_only

 90%|████████▉ | 2158/2405 [2:32:17<17:25,  4.23s/it]2026-04-17 06:36:48,444 - INFO - [sparse-mezo] global_step=2158 active_fraction=0.259251 active_params=341111183/1315758080 configured_ratio=0.250000 mask_strategy=percentile_per_layer scope=trainable_only

 90%|████████▉ | 2159/2405 [2:32:21<17:16,  4.21s/it]2026-04-17 06:36:52,618 - INFO - [sparse-mezo] global_step=2159 active_fraction=0.259251 active_params=341111164/1315758080 configured_ratio=0.250000 mask_strategy=percentile_per_layer scope=trainable_only

 90%|████████▉ | 2160/2405 [2:32:25<17:09,  4.20s/it]2026-04-17 06:36:56,836 - INFO - [sparse-mezo] global_step=2160 active_fraction=0.257567 active_params=338895443/1315758080 configured_ratio=0.250000 mask_strategy=percentile_per_layer scope=trainable_only

 90%|████████▉ | 2161/2405 [2:32:29<17:07,  4.21s/it]2026-04-17 06:37:01,190 - INFO - [sparse-mezo] global_step=2161 active_fraction=0.251209 active_params=330530564/1315758080 configured_ratio=0.250000 mask_strategy=percentile_per_layer scope=trainable_only

 90%|████████▉ | 2162/2405 [2:32:34<17:12,  4.25s/it]2026-04-17 06:37:05,492 - INFO - [sparse-mezo] global_step=2162 active_fraction=0.252417 active_params=332119576/1315758080 configured_ratio=0.250000 mask_strategy=percentile_per_layer scope=trainable_only

 90%|████████▉ | 2163/2405 [2:32:38<17:11,  4.26s/it]2026-04-17 06:37:09,595 - INFO - [sparse-mezo] global_step=2163 active_fraction=0.264048 active_params=347423753/1315758080 configured_ratio=0.250000 mask_strategy=percentile_per_layer scope=trainable_only

 90%|████████▉ | 2164/2405 [2:32:42<16:56,  4.22s/it]2026-04-17 06:37:13,925 - INFO - [sparse-mezo] global_step=2164 active_fraction=0.251850 active_params=331373503/1315758080 configured_ratio=0.250000 mask_strategy=percentile_per_layer scope=trainable_only

 90%|█████████ | 2165/2405 [2:32:46<16:59,  4.25s/it]2026-04-17 06:37:18,229 - INFO - [sparse-mezo] global_step=2165 active_fraction=0.252483 active_params=332206425/1315758080 configured_ratio=0.250000 mask_strategy=percentile_per_layer scope=trainable_only

 90%|█████████ | 2166/2405 [2:32:51<16:59,  4.27s/it]2026-04-17 06:37:22,560 - INFO - [sparse-mezo] global_step=2166 active_fraction=0.250975 active_params=330222084/1315758080 configured_ratio=0.250000 mask_strategy=percentile_per_layer scope=trainable_only

 90%|█████████ | 2167/2405 [2:32:55<17:00,  4.29s/it]2026-04-17 06:37:26,695 - INFO - [sparse-mezo] global_step=2167 active_fraction=0.262017 active_params=344750567/1315758080 configured_ratio=0.250000 mask_strategy=percentile_per_layer scope=trainable_only

 90%|█████████ | 2168/2405 [2:32:59<16:45,  4.24s/it]2026-04-17 06:37:30,844 - INFO - [sparse-mezo] global_step=2168 active_fraction=0.262017 active_params=344750557/1315758080 configured_ratio=0.250000 mask_strategy=percentile_per_layer scope=trainable_only

 90%|█████████ | 2169/2405 [2:33:03<16:34,  4.22s/it]2026-04-17 06:37:35,127 - INFO - [sparse-mezo] global_step=2169 active_fraction=0.253961 active_params=334151805/1315758080 configured_ratio=0.250000 mask_strategy=percentile_per_layer scope=trainable_only

 90%|█████████ | 2170/2405 [2:33:08<16:37,  4.24s/it]2026-04-17 06:37:39,440 - INFO - [sparse-mezo] global_step=2170 active_fraction=0.253961 active_params=334151804/1315758080 configured_ratio=0.250000 mask_strategy=percentile_per_layer scope=trainable_only

 90%|█████████ | 2171/2405 [2:33:12<16:34,  4.25s/it]2026-04-17 06:37:43,741 - INFO - [sparse-mezo] global_step=2171 active_fraction=0.251441 active_params=330835062/1315758080 configured_ratio=0.250000 mask_strategy=percentile_per_layer scope=trainable_only

 90%|█████████ | 2172/2405 [2:33:16<16:35,  4.27s/it]2026-04-17 06:37:48,037 - INFO - [sparse-mezo] global_step=2172 active_fraction=0.252212 active_params=331849999/1315758080 configured_ratio=0.250000 mask_strategy=percentile_per_layer scope=trainable_only

 90%|█████████ | 2173/2405 [2:33:20<16:31,  4.27s/it]2026-04-17 06:37:52,202 - INFO - [sparse-mezo] global_step=2173 active_fraction=0.260290 active_params=342478806/1315758080 configured_ratio=0.250000 mask_strategy=percentile_per_layer scope=trainable_only

 90%|█████████ | 2174/2405 [2:33:25<16:19,  4.24s/it]2026-04-17 06:37:56,415 - INFO - [sparse-mezo] global_step=2174 active_fraction=0.256806 active_params=337895141/1315758080 configured_ratio=0.250000 mask_strategy=percentile_per_layer scope=trainable_only

 90%|█████████ | 2175/2405 [2:33:29<16:14,  4.24s/it]2026-04-17 06:38:00,651 - INFO - [sparse-mezo] global_step=2175 active_fraction=0.256806 active_params=337895125/1315758080 configured_ratio=0.250000 mask_strategy=percentile_per_layer scope=trainable_only

 90%|█████████ | 2176/2405 [2:33:33<16:09,  4.24s/it]2026-04-17 06:38:04,994 - INFO - [sparse-mezo] global_step=2176 active_fraction=0.251272 active_params=330613318/1315758080 configured_ratio=0.250000 mask_strategy=percentile_per_layer scope=trainable_only

 91%|█████████ | 2177/2405 [2:33:37<16:13,  4.27s/it]2026-04-17 06:38:09,340 - INFO - [sparse-mezo] global_step=2177 active_fraction=0.251272 active_params=330613311/1315758080 configured_ratio=0.250000 mask_strategy=percentile_per_layer scope=trainable_only

 91%|█████████ | 2178/2405 [2:33:42<16:13,  4.29s/it]2026-04-17 06:38:13,672 - INFO - [sparse-mezo] global_step=2178 active_fraction=0.251272 active_params=330613299/1315758080 configured_ratio=0.250000 mask_strategy=percentile_per_layer scope=trainable_only

 91%|█████████ | 2179/2405 [2:33:46<16:12,  4.31s/it]2026-04-17 06:38:18,017 - INFO - [sparse-mezo] global_step=2179 active_fraction=0.251272 active_params=330613289/1315758080 configured_ratio=0.250000 mask_strategy=percentile_per_layer scope=trainable_only

 91%|█████████ | 2180/2405 [2:33:50<16:11,  4.32s/it]2026-04-17 06:38:22,106 - INFO - [sparse-mezo] global_step=2180 active_fraction=0.265548 active_params=349397186/1315758080 configured_ratio=0.250000 mask_strategy=percentile_per_layer scope=trainable_only

 91%|█████████ | 2181/2405 [2:33:55<15:52,  4.25s/it]2026-04-17 06:38:26,448 - INFO - [sparse-mezo] global_step=2181 active_fraction=0.251655 active_params=331117304/1315758080 configured_ratio=0.250000 mask_strategy=percentile_per_layer scope=trainable_only

 91%|█████████ | 2182/2405 [2:33:59<15:52,  4.27s/it]2026-04-17 06:38:30,755 - INFO - [sparse-mezo] global_step=2182 active_fraction=0.250968 active_params=330212866/1315758080 configured_ratio=0.250000 mask_strategy=percentile_per_layer scope=trainable_only

 91%|█████████ | 2183/2405 [2:34:03<15:52,  4.29s/it]2026-04-17 06:38:35,053 - INFO - [sparse-mezo] global_step=2183 active_fraction=0.251349 active_params=330713826/1315758080 configured_ratio=0.250000 mask_strategy=percentile_per_layer scope=trainable_only

 91%|█████████ | 2184/2405 [2:34:07<15:47,  4.29s/it]2026-04-17 06:38:39,107 - INFO - [sparse-mezo] global_step=2184 active_fraction=0.265520 active_params=349359739/1315758080 configured_ratio=0.250000 mask_strategy=percentile_per_layer scope=trainable_only

 91%|█████████ | 2185/2405 [2:34:12<15:27,  4.22s/it]2026-04-17 06:38:43,451 - INFO - [sparse-mezo] global_step=2185 active_fraction=0.251068 active_params=330344720/1315758080 configured_ratio=0.250000 mask_strategy=percentile_per_layer scope=trainable_only

 91%|█████████ | 2186/2405 [2:34:16<15:32,  4.26s/it]2026-04-17 06:38:47,798 - INFO - [sparse-mezo] global_step=2186 active_fraction=0.251506 active_params=330920431/1315758080 configured_ratio=0.250000 mask_strategy=percentile_per_layer scope=trainable_only

 91%|█████████ | 2187/2405 [2:34:20<15:33,  4.28s/it]2026-04-17 06:38:52,128 - INFO - [sparse-mezo] global_step=2187 active_fraction=0.251506 active_params=330920431/1315758080 configured_ratio=0.250000 mask_strategy=percentile_per_layer scope=trainable_only

 91%|█████████ | 2188/2405 [2:34:25<15:32,  4.30s/it]2026-04-17 06:38:56,463 - INFO - [sparse-mezo] global_step=2188 active_fraction=0.251506 active_params=330920431/1315758080 configured_ratio=0.250000 mask_strategy=percentile_per_layer scope=trainable_only

 91%|█████████ | 2189/2405 [2:34:29<15:30,  4.31s/it]2026-04-17 06:39:00,587 - INFO - [sparse-mezo] global_step=2189 active_fraction=0.263192 active_params=346297592/1315758080 configured_ratio=0.250000 mask_strategy=percentile_per_layer scope=trainable_only

 91%|█████████ | 2190/2405 [2:34:33<15:14,  4.25s/it]2026-04-17 06:39:04,862 - INFO - [sparse-mezo] global_step=2190 active_fraction=0.254003 active_params=334206073/1315758080 configured_ratio=0.250000 mask_strategy=percentile_per_layer scope=trainable_only

 91%|█████████ | 2191/2405 [2:34:37<15:12,  4.27s/it]2026-04-17 06:39:09,161 - INFO - [sparse-mezo] global_step=2191 active_fraction=0.254003 active_params=334206059/1315758080 configured_ratio=0.250000 mask_strategy=percentile_per_layer scope=trainable_only

 91%|█████████ | 2192/2405 [2:34:42<15:09,  4.27s/it]2026-04-17 06:39:13,216 - INFO - [sparse-mezo] global_step=2192 active_fraction=0.266167 active_params=350211019/1315758080 configured_ratio=0.250000 mask_strategy=percentile_per_layer scope=trainable_only

 91%|█████████ | 2193/2405 [2:34:46<14:52,  4.21s/it]2026-04-17 06:39:17,548 - INFO - [sparse-mezo] global_step=2193 active_fraction=0.252147 active_params=331763822/1315758080 configured_ratio=0.250000 mask_strategy=percentile_per_layer scope=trainable_only

 91%|█████████ | 2194/2405 [2:34:50<14:55,  4.24s/it]2026-04-17 06:39:21,856 - INFO - [sparse-mezo] global_step=2194 active_fraction=0.251563 active_params=330996514/1315758080 configured_ratio=0.250000 mask_strategy=percentile_per_layer scope=trainable_only

 91%|█████████▏| 2195/2405 [2:34:54<14:55,  4.26s/it]2026-04-17 06:39:26,163 - INFO - [sparse-mezo] global_step=2195 active_fraction=0.251563 active_params=330996513/1315758080 configured_ratio=0.250000 mask_strategy=percentile_per_layer scope=trainable_only

 91%|█████████▏| 2196/2405 [2:34:59<14:53,  4.28s/it]2026-04-17 06:39:30,534 - INFO - [sparse-mezo] global_step=2196 active_fraction=0.252308 active_params=331976779/1315758080 configured_ratio=0.250000 mask_strategy=percentile_per_layer scope=trainable_only

 91%|█████████▏| 2197/2405 [2:35:03<14:56,  4.31s/it]2026-04-17 06:39:34,820 - INFO - [sparse-mezo] global_step=2197 active_fraction=0.252308 active_params=331976766/1315758080 configured_ratio=0.250000 mask_strategy=percentile_per_layer scope=trainable_only

 91%|█████████▏| 2198/2405 [2:35:07<14:50,  4.30s/it]2026-04-17 06:39:38,971 - INFO - [sparse-mezo] global_step=2198 active_fraction=0.260065 active_params=342182873/1315758080 configured_ratio=0.250000 mask_strategy=percentile_per_layer scope=trainable_only

 91%|█████████▏| 2199/2405 [2:35:11<14:36,  4.25s/it]2026-04-17 06:39:43,246 - INFO - [sparse-mezo] global_step=2199 active_fraction=0.254770 active_params=335216142/1315758080 configured_ratio=0.250000 mask_strategy=percentile_per_layer scope=trainable_only

 91%|█████████▏| 2200/2405 [2:35:16<14:33,  4.26s/it]2026-04-17 06:39:47,429 - INFO - [sparse-mezo] global_step=2200 active_fraction=0.260710 active_params=343031896/1315758080 configured_ratio=0.250000 mask_strategy=percentile_per_layer scope=trainable_only
2026-04-17 06:39:51,485 - INFO - [zo_probe] step=2200 eps=1.000e-06 precision=fp16 n=16 mae=8.073651e+02 mse=1.370477e+06 rmse=1.170674e+03 sign_acc=0.1875 corr=0.022558

 92%|█████████▏| 2201/2405 [2:35:24<18:32,  5.45s/it]2026-04-17 06:39:55,659 - INFO - [sparse-mezo] global_step=2201 active_fraction=0.260710 active_params=343031690/1315758080 configured_ratio=0.250000 mask_strategy=percentile_per_layer scope=trainable_only

 92%|█████████▏| 2202/2405 [2:35:28<17:08,  5.06s/it]2026-04-17 06:39:59,817 - INFO - [sparse-mezo] global_step=2202 active_fraction=0.260710 active_params=343031677/1315758080 configured_ratio=0.250000 mask_strategy=percentile_per_layer scope=trainable_only

 92%|█████████▏| 2203/2405 [2:35:32<16:08,  4.79s/it]2026-04-17 06:40:03,979 - INFO - [sparse-mezo] global_step=2203 active_fraction=0.260710 active_params=343031664/1315758080 configured_ratio=0.250000 mask_strategy=percentile_per_layer scope=trainable_only

 92%|█████████▏| 2204/2405 [2:35:36<15:25,  4.60s/it]2026-04-17 06:40:08,283 - INFO - [sparse-mezo] global_step=2204 active_fraction=0.252761 active_params=332572386/1315758080 configured_ratio=0.250000 mask_strategy=percentile_per_layer scope=trainable_only

 92%|█████████▏| 2205/2405 [2:35:41<15:02,  4.51s/it]2026-04-17 06:40:12,558 - INFO - [sparse-mezo] global_step=2205 active_fraction=0.253468 active_params=333503083/1315758080 configured_ratio=0.250000 mask_strategy=percentile_per_layer scope=trainable_only

 92%|█████████▏| 2206/2405 [2:35:45<14:44,  4.45s/it]2026-04-17 06:40:16,677 - INFO - [sparse-mezo] global_step=2206 active_fraction=0.263579 active_params=346805814/1315758080 configured_ratio=0.250000 mask_strategy=percentile_per_layer scope=trainable_only

 92%|█████████▏| 2207/2405 [2:35:49<14:20,  4.34s/it]2026-04-17 06:40:20,784 - INFO - [sparse-mezo] global_step=2207 active_fraction=0.263579 active_params=346805803/1315758080 configured_ratio=0.250000 mask_strategy=percentile_per_layer scope=trainable_only

 92%|█████████▏| 2208/2405 [2:35:53<14:01,  4.27s/it]2026-04-17 06:40:24,891 - INFO - [sparse-mezo] global_step=2208 active_fraction=0.263579 active_params=346805787/1315758080 configured_ratio=0.250000 mask_strategy=percentile_per_layer scope=trainable_only

 92%|█████████▏| 2209/2405 [2:35:57<13:48,  4.23s/it]2026-04-17 06:40:29,230 - INFO - [sparse-mezo] global_step=2209 active_fraction=0.251833 active_params=331351014/1315758080 configured_ratio=0.250000 mask_strategy=percentile_per_layer scope=trainable_only

 92%|█████████▏| 2210/2405 [2:36:02<13:50,  4.26s/it]2026-04-17 06:40:33,558 - INFO - [sparse-mezo] global_step=2210 active_fraction=0.251833 active_params=331350992/1315758080 configured_ratio=0.250000 mask_strategy=percentile_per_layer scope=trainable_only

 92%|█████████▏| 2211/2405 [2:36:06<13:50,  4.28s/it]2026-04-17 06:40:37,865 - INFO - [sparse-mezo] global_step=2211 active_fraction=0.253277 active_params=333250797/1315758080 configured_ratio=0.250000 mask_strategy=percentile_per_layer scope=trainable_only

 92%|█████████▏| 2212/2405 [2:36:10<13:47,  4.29s/it]2026-04-17 06:40:42,128 - INFO - [sparse-mezo] global_step=2212 active_fraction=0.255957 active_params=336777331/1315758080 configured_ratio=0.250000 mask_strategy=percentile_per_layer scope=trainable_only

 92%|█████████▏| 2213/2405 [2:36:15<13:42,  4.28s/it]2026-04-17 06:40:46,321 - INFO - [sparse-mezo] global_step=2213 active_fraction=0.258162 active_params=339679117/1315758080 configured_ratio=0.250000 mask_strategy=percentile_per_layer scope=trainable_only

 92%|█████████▏| 2214/2405 [2:36:19<13:31,  4.25s/it]2026-04-17 06:40:50,619 - INFO - [sparse-mezo] global_step=2214 active_fraction=0.253226 active_params=333184384/1315758080 configured_ratio=0.250000 mask_strategy=percentile_per_layer scope=trainable_only

 92%|█████████▏| 2215/2405 [2:36:23<13:30,  4.27s/it]2026-04-17 06:40:54,956 - INFO - [sparse-mezo] global_step=2215 active_fraction=0.250540 active_params=329650229/1315758080 configured_ratio=0.250000 mask_strategy=percentile_per_layer scope=trainable_only

 92%|█████████▏| 2216/2405 [2:36:27<13:30,  4.29s/it]2026-04-17 06:40:59,141 - INFO - [sparse-mezo] global_step=2216 active_fraction=0.258660 active_params=340334214/1315758080 configured_ratio=0.250000 mask_strategy=percentile_per_layer scope=trainable_only

 92%|█████████▏| 2217/2405 [2:36:32<13:21,  4.26s/it]2026-04-17 06:41:03,381 - INFO - [sparse-mezo] global_step=2217 active_fraction=0.256816 active_params=337908374/1315758080 configured_ratio=0.250000 mask_strategy=percentile_per_layer scope=trainable_only

 92%|█████████▏| 2218/2405 [2:36:36<13:14,  4.25s/it]2026-04-17 06:41:07,696 - INFO - [sparse-mezo] global_step=2218 active_fraction=0.251043 active_params=330312208/1315758080 configured_ratio=0.250000 mask_strategy=percentile_per_layer scope=trainable_only

 92%|█████████▏| 2219/2405 [2:36:40<13:14,  4.27s/it]2026-04-17 06:41:12,029 - INFO - [sparse-mezo] global_step=2219 active_fraction=0.251043 active_params=330312201/1315758080 configured_ratio=0.250000 mask_strategy=percentile_per_layer scope=trainable_only

 92%|█████████▏| 2220/2405 [2:36:44<13:13,  4.29s/it]2026-04-17 06:41:16,349 - INFO - [sparse-mezo] global_step=2220 active_fraction=0.251043 active_params=330312197/1315758080 configured_ratio=0.250000 mask_strategy=percentile_per_layer scope=trainable_only

 92%|█████████▏| 2221/2405 [2:36:49<13:10,  4.30s/it]2026-04-17 06:41:20,628 - INFO - [sparse-mezo] global_step=2221 active_fraction=0.252667 active_params=332448389/1315758080 configured_ratio=0.250000 mask_strategy=percentile_per_layer scope=trainable_only

 92%|█████████▏| 2222/2405 [2:36:53<13:04,  4.29s/it]2026-04-17 06:41:24,895 - INFO - [sparse-mezo] global_step=2222 active_fraction=0.252667 active_params=332448386/1315758080 configured_ratio=0.250000 mask_strategy=percentile_per_layer scope=trainable_only

 92%|█████████▏| 2223/2405 [2:36:57<12:59,  4.28s/it]2026-04-17 06:41:29,176 - INFO - [sparse-mezo] global_step=2223 active_fraction=0.251647 active_params=331106002/1315758080 configured_ratio=0.250000 mask_strategy=percentile_per_layer scope=trainable_only

 92%|█████████▏| 2224/2405 [2:37:02<12:55,  4.29s/it]2026-04-17 06:41:33,468 - INFO - [sparse-mezo] global_step=2224 active_fraction=0.251647 active_params=331105999/1315758080 configured_ratio=0.250000 mask_strategy=percentile_per_layer scope=trainable_only

 93%|█████████▎| 2225/2405 [2:37:06<12:51,  4.29s/it]2026-04-17 06:41:37,638 - INFO - [sparse-mezo] global_step=2225 active_fraction=0.260184 active_params=342338550/1315758080 configured_ratio=0.250000 mask_strategy=percentile_per_layer scope=trainable_only

 93%|█████████▎| 2226/2405 [2:37:10<12:40,  4.25s/it]2026-04-17 06:41:41,797 - INFO - [sparse-mezo] global_step=2226 active_fraction=0.260184 active_params=342338548/1315758080 configured_ratio=0.250000 mask_strategy=percentile_per_layer scope=trainable_only

 93%|█████████▎| 2227/2405 [2:37:14<12:31,  4.22s/it]2026-04-17 06:41:46,058 - INFO - [sparse-mezo] global_step=2227 active_fraction=0.254106 active_params=334341613/1315758080 configured_ratio=0.250000 mask_strategy=percentile_per_layer scope=trainable_only

 93%|█████████▎| 2228/2405 [2:37:18<12:29,  4.23s/it]2026-04-17 06:41:50,323 - INFO - [sparse-mezo] global_step=2228 active_fraction=0.254106 active_params=334341602/1315758080 configured_ratio=0.250000 mask_strategy=percentile_per_layer scope=trainable_only

 93%|█████████▎| 2229/2405 [2:37:23<12:26,  4.24s/it]2026-04-17 06:41:54,599 - INFO - [sparse-mezo] global_step=2229 active_fraction=0.253212 active_params=333165098/1315758080 configured_ratio=0.250000 mask_strategy=percentile_per_layer scope=trainable_only

 93%|█████████▎| 2230/2405 [2:37:27<12:24,  4.25s/it]2026-04-17 06:41:58,794 - INFO - [sparse-mezo] global_step=2230 active_fraction=0.258319 active_params=339885139/1315758080 configured_ratio=0.250000 mask_strategy=percentile_per_layer scope=trainable_only

 93%|█████████▎| 2231/2405 [2:37:31<12:17,  4.24s/it]2026-04-17 06:42:03,092 - INFO - [sparse-mezo] global_step=2231 active_fraction=0.253227 active_params=333185726/1315758080 configured_ratio=0.250000 mask_strategy=percentile_per_layer scope=trainable_only

 93%|█████████▎| 2232/2405 [2:37:35<12:16,  4.25s/it]2026-04-17 06:42:07,344 - INFO - [sparse-mezo] global_step=2232 active_fraction=0.254605 active_params=334999179/1315758080 configured_ratio=0.250000 mask_strategy=percentile_per_layer scope=trainable_only

 93%|█████████▎| 2233/2405 [2:37:40<12:12,  4.26s/it]2026-04-17 06:42:11,623 - INFO - [sparse-mezo] global_step=2233 active_fraction=0.252925 active_params=332787588/1315758080 configured_ratio=0.250000 mask_strategy=percentile_per_layer scope=trainable_only

 93%|█████████▎| 2234/2405 [2:37:44<12:08,  4.26s/it]2026-04-17 06:42:15,762 - INFO - [sparse-mezo] global_step=2234 active_fraction=0.260563 active_params=342837790/1315758080 configured_ratio=0.250000 mask_strategy=percentile_per_layer scope=trainable_only

 93%|█████████▎| 2235/2405 [2:37:48<11:58,  4.23s/it]2026-04-17 06:42:20,047 - INFO - [sparse-mezo] global_step=2235 active_fraction=0.253899 active_params=334069379/1315758080 configured_ratio=0.250000 mask_strategy=percentile_per_layer scope=trainable_only

 93%|█████████▎| 2236/2405 [2:37:52<11:57,  4.25s/it]2026-04-17 06:42:24,298 - INFO - [sparse-mezo] global_step=2236 active_fraction=0.255853 active_params=336640748/1315758080 configured_ratio=0.250000 mask_strategy=percentile_per_layer scope=trainable_only

 93%|█████████▎| 2237/2405 [2:37:57<11:53,  4.25s/it]2026-04-17 06:42:28,537 - INFO - [sparse-mezo] global_step=2237 active_fraction=0.255853 active_params=336640744/1315758080 configured_ratio=0.250000 mask_strategy=percentile_per_layer scope=trainable_only

 93%|█████████▎| 2238/2405 [2:38:01<11:48,  4.24s/it]2026-04-17 06:42:32,747 - INFO - [sparse-mezo] global_step=2238 active_fraction=0.257991 active_params=339454023/1315758080 configured_ratio=0.250000 mask_strategy=percentile_per_layer scope=trainable_only

 93%|█████████▎| 2239/2405 [2:38:05<11:42,  4.23s/it]2026-04-17 06:42:36,968 - INFO - [sparse-mezo] global_step=2239 active_fraction=0.257991 active_params=339454023/1315758080 configured_ratio=0.250000 mask_strategy=percentile_per_layer scope=trainable_only

 93%|█████████▎| 2240/2405 [2:38:09<11:37,  4.23s/it]2026-04-17 06:42:41,175 - INFO - [sparse-mezo] global_step=2240 active_fraction=0.257991 active_params=339454023/1315758080 configured_ratio=0.250000 mask_strategy=percentile_per_layer scope=trainable_only

 93%|█████████▎| 2241/2405 [2:38:14<11:33,  4.23s/it]2026-04-17 06:42:45,406 - INFO - [sparse-mezo] global_step=2241 active_fraction=0.257991 active_params=339454023/1315758080 configured_ratio=0.250000 mask_strategy=percentile_per_layer scope=trainable_only

 93%|█████████▎| 2242/2405 [2:38:18<11:28,  4.22s/it]2026-04-17 06:42:49,683 - INFO - [sparse-mezo] global_step=2242 active_fraction=0.253131 active_params=333058830/1315758080 configured_ratio=0.250000 mask_strategy=percentile_per_layer scope=trainable_only

 93%|█████████▎| 2243/2405 [2:38:22<11:26,  4.24s/it]2026-04-17 06:42:53,961 - INFO - [sparse-mezo] global_step=2243 active_fraction=0.253131 active_params=333058817/1315758080 configured_ratio=0.250000 mask_strategy=percentile_per_layer scope=trainable_only

 93%|█████████▎| 2244/2405 [2:38:26<11:24,  4.25s/it]2026-04-17 06:42:58,224 - INFO - [sparse-mezo] global_step=2244 active_fraction=0.254226 active_params=334499888/1315758080 configured_ratio=0.250000 mask_strategy=percentile_per_layer scope=trainable_only

 93%|█████████▎| 2245/2405 [2:38:31<11:20,  4.25s/it]2026-04-17 06:43:02,377 - INFO - [sparse-mezo] global_step=2245 active_fraction=0.261069 active_params=343503646/1315758080 configured_ratio=0.250000 mask_strategy=percentile_per_layer scope=trainable_only

 93%|█████████▎| 2246/2405 [2:38:35<11:11,  4.22s/it]2026-04-17 06:43:06,716 - INFO - [sparse-mezo] global_step=2246 active_fraction=0.250481 active_params=329572986/1315758080 configured_ratio=0.250000 mask_strategy=percentile_per_layer scope=trainable_only

 93%|█████████▎| 2247/2405 [2:38:39<11:12,  4.26s/it]2026-04-17 06:43:10,986 - INFO - [sparse-mezo] global_step=2247 active_fraction=0.253236 active_params=333196820/1315758080 configured_ratio=0.250000 mask_strategy=percentile_per_layer scope=trainable_only

 93%|█████████▎| 2248/2405 [2:38:43<11:08,  4.26s/it]2026-04-17 06:43:15,251 - INFO - [sparse-mezo] global_step=2248 active_fraction=0.253236 active_params=333196819/1315758080 configured_ratio=0.250000 mask_strategy=percentile_per_layer scope=trainable_only

 94%|█████████▎| 2249/2405 [2:38:48<11:05,  4.27s/it]2026-04-17 06:43:19,367 - INFO - [sparse-mezo] global_step=2249 active_fraction=0.263514 active_params=346720609/1315758080 configured_ratio=0.250000 mask_strategy=percentile_per_layer scope=trainable_only

 94%|█████████▎| 2250/2405 [2:38:52<10:54,  4.22s/it]2026-04-17 06:43:23,698 - INFO - [sparse-mezo] global_step=2250 active_fraction=0.251911 active_params=331453735/1315758080 configured_ratio=0.250000 mask_strategy=percentile_per_layer scope=trainable_only

 94%|█████████▎| 2251/2405 [2:38:56<10:54,  4.25s/it]2026-04-17 06:43:28,026 - INFO - [sparse-mezo] global_step=2251 active_fraction=0.250320 active_params=329360149/1315758080 configured_ratio=0.250000 mask_strategy=percentile_per_layer scope=trainable_only

 94%|█████████▎| 2252/2405 [2:39:00<10:53,  4.27s/it]2026-04-17 06:43:32,352 - INFO - [sparse-mezo] global_step=2252 active_fraction=0.250320 active_params=329360149/1315758080 configured_ratio=0.250000 mask_strategy=percentile_per_layer scope=trainable_only

 94%|█████████▎| 2253/2405 [2:39:05<10:52,  4.30s/it]2026-04-17 06:43:36,584 - INFO - [sparse-mezo] global_step=2253 active_fraction=0.255983 active_params=336811437/1315758080 configured_ratio=0.250000 mask_strategy=percentile_per_layer scope=trainable_only

 94%|█████████▎| 2254/2405 [2:39:09<10:44,  4.27s/it]2026-04-17 06:43:40,707 - INFO - [sparse-mezo] global_step=2254 active_fraction=0.261632 active_params=344244865/1315758080 configured_ratio=0.250000 mask_strategy=percentile_per_layer scope=trainable_only

 94%|█████████▍| 2255/2405 [2:39:13<10:34,  4.23s/it]2026-04-17 06:43:44,853 - INFO - [sparse-mezo] global_step=2255 active_fraction=0.261632 active_params=344244854/1315758080 configured_ratio=0.250000 mask_strategy=percentile_per_layer scope=trainable_only

 94%|█████████▍| 2256/2405 [2:39:17<10:26,  4.21s/it]2026-04-17 06:43:49,227 - INFO - [sparse-mezo] global_step=2256 active_fraction=0.250330 active_params=329373433/1315758080 configured_ratio=0.250000 mask_strategy=percentile_per_layer scope=trainable_only

 94%|█████████▍| 2257/2405 [2:39:22<10:29,  4.25s/it]2026-04-17 06:43:53,399 - INFO - [sparse-mezo] global_step=2257 active_fraction=0.260939 active_params=343332271/1315758080 configured_ratio=0.250000 mask_strategy=percentile_per_layer scope=trainable_only

 94%|█████████▍| 2258/2405 [2:39:26<10:21,  4.23s/it]2026-04-17 06:43:57,616 - INFO - [sparse-mezo] global_step=2258 active_fraction=0.256875 active_params=337984913/1315758080 configured_ratio=0.250000 mask_strategy=percentile_per_layer scope=trainable_only

 94%|█████████▍| 2259/2405 [2:39:30<10:16,  4.23s/it]2026-04-17 06:44:01,982 - INFO - [sparse-mezo] global_step=2259 active_fraction=0.250225 active_params=329235029/1315758080 configured_ratio=0.250000 mask_strategy=percentile_per_layer scope=trainable_only

 94%|█████████▍| 2260/2405 [2:39:34<10:18,  4.27s/it]2026-04-17 06:44:06,305 - INFO - [sparse-mezo] global_step=2260 active_fraction=0.251471 active_params=330875324/1315758080 configured_ratio=0.250000 mask_strategy=percentile_per_layer scope=trainable_only

 94%|█████████▍| 2261/2405 [2:39:39<10:16,  4.28s/it]2026-04-17 06:44:10,362 - INFO - [sparse-mezo] global_step=2261 active_fraction=0.265081 active_params=348782410/1315758080 configured_ratio=0.250000 mask_strategy=percentile_per_layer scope=trainable_only

 94%|█████████▍| 2262/2405 [2:39:43<10:02,  4.21s/it]2026-04-17 06:44:14,403 - INFO - [sparse-mezo] global_step=2262 active_fraction=0.265081 active_params=348782402/1315758080 configured_ratio=0.250000 mask_strategy=percentile_per_layer scope=trainable_only

 94%|█████████▍| 2263/2405 [2:39:47<09:51,  4.16s/it]2026-04-17 06:44:18,457 - INFO - [sparse-mezo] global_step=2263 active_fraction=0.265081 active_params=348782394/1315758080 configured_ratio=0.250000 mask_strategy=percentile_per_layer scope=trainable_only

 94%|█████████▍| 2264/2405 [2:39:51<09:42,  4.13s/it]2026-04-17 06:44:22,816 - INFO - [sparse-mezo] global_step=2264 active_fraction=0.250233 active_params=329245937/1315758080 configured_ratio=0.250000 mask_strategy=percentile_per_layer scope=trainable_only

 94%|█████████▍| 2265/2405 [2:39:55<09:47,  4.20s/it]2026-04-17 06:44:27,169 - INFO - [sparse-mezo] global_step=2265 active_fraction=0.250233 active_params=329245932/1315758080 configured_ratio=0.250000 mask_strategy=percentile_per_layer scope=trainable_only

 94%|█████████▍| 2266/2405 [2:40:00<09:50,  4.25s/it]2026-04-17 06:44:31,502 - INFO - [sparse-mezo] global_step=2266 active_fraction=0.250310 active_params=329347348/1315758080 configured_ratio=0.250000 mask_strategy=percentile_per_layer scope=trainable_only

 94%|█████████▍| 2267/2405 [2:40:04<09:50,  4.28s/it]2026-04-17 06:44:35,869 - INFO - [sparse-mezo] global_step=2267 active_fraction=0.250310 active_params=329347338/1315758080 configured_ratio=0.250000 mask_strategy=percentile_per_layer scope=trainable_only

 94%|█████████▍| 2268/2405 [2:40:08<09:48,  4.29s/it]2026-04-17 06:44:40,193 - INFO - [sparse-mezo] global_step=2268 active_fraction=0.250310 active_params=329347331/1315758080 configured_ratio=0.250000 mask_strategy=percentile_per_layer scope=trainable_only

 94%|█████████▍| 2269/2405 [2:40:13<09:45,  4.30s/it]2026-04-17 06:44:44,362 - INFO - [sparse-mezo] global_step=2269 active_fraction=0.259229 active_params=341082601/1315758080 configured_ratio=0.250000 mask_strategy=percentile_per_layer scope=trainable_only

 94%|█████████▍| 2270/2405 [2:40:17<09:35,  4.26s/it]2026-04-17 06:44:48,545 - INFO - [sparse-mezo] global_step=2270 active_fraction=0.257061 active_params=338229484/1315758080 configured_ratio=0.250000 mask_strategy=percentile_per_layer scope=trainable_only

 94%|█████████▍| 2271/2405 [2:40:21<09:28,  4.24s/it]2026-04-17 06:44:52,891 - INFO - [sparse-mezo] global_step=2271 active_fraction=0.251021 active_params=330283409/1315758080 configured_ratio=0.250000 mask_strategy=percentile_per_layer scope=trainable_only

 94%|█████████▍| 2272/2405 [2:40:25<09:28,  4.27s/it]2026-04-17 06:44:57,236 - INFO - [sparse-mezo] global_step=2272 active_fraction=0.251021 active_params=330283398/1315758080 configured_ratio=0.250000 mask_strategy=percentile_per_layer scope=trainable_only

 95%|█████████▍| 2273/2405 [2:40:30<09:26,  4.29s/it]2026-04-17 06:45:01,279 - INFO - [sparse-mezo] global_step=2273 active_fraction=0.267168 active_params=351528207/1315758080 configured_ratio=0.250000 mask_strategy=percentile_per_layer scope=trainable_only

 95%|█████████▍| 2274/2405 [2:40:34<09:12,  4.22s/it]2026-04-17 06:45:05,632 - INFO - [sparse-mezo] global_step=2274 active_fraction=0.250668 active_params=329818085/1315758080 configured_ratio=0.250000 mask_strategy=percentile_per_layer scope=trainable_only

 95%|█████████▍| 2275/2405 [2:40:38<09:13,  4.26s/it]2026-04-17 06:45:09,979 - INFO - [sparse-mezo] global_step=2275 active_fraction=0.250167 active_params=329159182/1315758080 configured_ratio=0.250000 mask_strategy=percentile_per_layer scope=trainable_only

 95%|█████████▍| 2276/2405 [2:40:42<09:13,  4.29s/it]2026-04-17 06:45:14,269 - INFO - [sparse-mezo] global_step=2276 active_fraction=0.254788 active_params=335239880/1315758080 configured_ratio=0.250000 mask_strategy=percentile_per_layer scope=trainable_only

 95%|█████████▍| 2277/2405 [2:40:47<09:09,  4.29s/it]2026-04-17 06:45:18,371 - INFO - [sparse-mezo] global_step=2277 active_fraction=0.262955 active_params=345984602/1315758080 configured_ratio=0.250000 mask_strategy=percentile_per_layer scope=trainable_only

 95%|█████████▍| 2278/2405 [2:40:51<08:57,  4.24s/it]2026-04-17 06:45:22,485 - INFO - [sparse-mezo] global_step=2278 active_fraction=0.262955 active_params=345984597/1315758080 configured_ratio=0.250000 mask_strategy=percentile_per_layer scope=trainable_only

 95%|█████████▍| 2279/2405 [2:40:55<08:48,  4.19s/it]2026-04-17 06:45:26,576 - INFO - [sparse-mezo] global_step=2279 active_fraction=0.262955 active_params=345984585/1315758080 configured_ratio=0.250000 mask_strategy=percentile_per_layer scope=trainable_only

 95%|█████████▍| 2280/2405 [2:40:59<08:40,  4.16s/it]2026-04-17 06:45:30,645 - INFO - [sparse-mezo] global_step=2280 active_fraction=0.262955 active_params=345984578/1315758080 configured_ratio=0.250000 mask_strategy=percentile_per_layer scope=trainable_only

 95%|█████████▍| 2281/2405 [2:41:03<08:32,  4.13s/it]2026-04-17 06:45:34,999 - INFO - [sparse-mezo] global_step=2281 active_fraction=0.250177 active_params=329173024/1315758080 configured_ratio=0.250000 mask_strategy=percentile_per_layer scope=trainable_only

 95%|█████████▍| 2282/2405 [2:41:07<08:37,  4.20s/it]2026-04-17 06:45:39,364 - INFO - [sparse-mezo] global_step=2282 active_fraction=0.250177 active_params=329173019/1315758080 configured_ratio=0.250000 mask_strategy=percentile_per_layer scope=trainable_only

 95%|█████████▍| 2283/2405 [2:41:12<08:38,  4.25s/it]2026-04-17 06:45:43,569 - INFO - [sparse-mezo] global_step=2283 active_fraction=0.259019 active_params=340805825/1315758080 configured_ratio=0.250000 mask_strategy=percentile_per_layer scope=trainable_only

 95%|█████████▍| 2284/2405 [2:41:16<08:32,  4.24s/it]2026-04-17 06:45:47,759 - INFO - [sparse-mezo] global_step=2284 active_fraction=0.258341 active_params=339914095/1315758080 configured_ratio=0.250000 mask_strategy=percentile_per_layer scope=trainable_only

 95%|█████████▌| 2285/2405 [2:41:20<08:26,  4.22s/it]2026-04-17 06:45:51,947 - INFO - [sparse-mezo] global_step=2285 active_fraction=0.258341 active_params=339914083/1315758080 configured_ratio=0.250000 mask_strategy=percentile_per_layer scope=trainable_only

 95%|█████████▌| 2286/2405 [2:41:24<08:20,  4.21s/it]2026-04-17 06:45:56,126 - INFO - [sparse-mezo] global_step=2286 active_fraction=0.258341 active_params=339914072/1315758080 configured_ratio=0.250000 mask_strategy=percentile_per_layer scope=trainable_only

 95%|█████████▌| 2287/2405 [2:41:29<08:15,  4.20s/it]2026-04-17 06:46:00,486 - INFO - [sparse-mezo] global_step=2287 active_fraction=0.250261 active_params=329282448/1315758080 configured_ratio=0.250000 mask_strategy=percentile_per_layer scope=trainable_only

 95%|█████████▌| 2288/2405 [2:41:33<08:17,  4.25s/it]2026-04-17 06:46:04,533 - INFO - [sparse-mezo] global_step=2288 active_fraction=0.267004 active_params=351312731/1315758080 configured_ratio=0.250000 mask_strategy=percentile_per_layer scope=trainable_only

 95%|█████████▌| 2289/2405 [2:41:37<08:06,  4.19s/it]2026-04-17 06:46:08,871 - INFO - [sparse-mezo] global_step=2289 active_fraction=0.251497 active_params=330908587/1315758080 configured_ratio=0.250000 mask_strategy=percentile_per_layer scope=trainable_only

 95%|█████████▌| 2290/2405 [2:41:41<08:06,  4.23s/it]2026-04-17 06:46:13,194 - INFO - [sparse-mezo] global_step=2290 active_fraction=0.251497 active_params=330908583/1315758080 configured_ratio=0.250000 mask_strategy=percentile_per_layer scope=trainable_only

 95%|█████████▌| 2291/2405 [2:41:46<08:06,  4.27s/it]2026-04-17 06:46:17,534 - INFO - [sparse-mezo] global_step=2291 active_fraction=0.250320 active_params=329360746/1315758080 configured_ratio=0.250000 mask_strategy=percentile_per_layer scope=trainable_only

 95%|█████████▌| 2292/2405 [2:41:50<08:03,  4.28s/it]2026-04-17 06:46:21,851 - INFO - [sparse-mezo] global_step=2292 active_fraction=0.250320 active_params=329360738/1315758080 configured_ratio=0.250000 mask_strategy=percentile_per_layer scope=trainable_only

 95%|█████████▌| 2293/2405 [2:41:54<08:01,  4.30s/it]2026-04-17 06:46:25,960 - INFO - [sparse-mezo] global_step=2293 active_fraction=0.263923 active_params=347258728/1315758080 configured_ratio=0.250000 mask_strategy=percentile_per_layer scope=trainable_only

 95%|█████████▌| 2294/2405 [2:41:58<07:50,  4.24s/it]2026-04-17 06:46:30,228 - INFO - [sparse-mezo] global_step=2294 active_fraction=0.254396 active_params=334723552/1315758080 configured_ratio=0.250000 mask_strategy=percentile_per_layer scope=trainable_only

 95%|█████████▌| 2295/2405 [2:42:03<07:47,  4.25s/it]2026-04-17 06:46:34,563 - INFO - [sparse-mezo] global_step=2295 active_fraction=0.250278 active_params=329304775/1315758080 configured_ratio=0.250000 mask_strategy=percentile_per_layer scope=trainable_only

 95%|█████████▌| 2296/2405 [2:42:07<07:45,  4.27s/it]2026-04-17 06:46:38,860 - INFO - [sparse-mezo] global_step=2296 active_fraction=0.250259 active_params=329280726/1315758080 configured_ratio=0.250000 mask_strategy=percentile_per_layer scope=trainable_only

 96%|█████████▌| 2297/2405 [2:42:11<07:41,  4.28s/it]2026-04-17 06:46:43,079 - INFO - [sparse-mezo] global_step=2297 active_fraction=0.254219 active_params=334491034/1315758080 configured_ratio=0.250000 mask_strategy=percentile_per_layer scope=trainable_only

 96%|█████████▌| 2298/2405 [2:42:16<07:36,  4.27s/it]2026-04-17 06:46:47,224 - INFO - [sparse-mezo] global_step=2298 active_fraction=0.262355 active_params=345195488/1315758080 configured_ratio=0.250000 mask_strategy=percentile_per_layer scope=trainable_only

 96%|█████████▌| 2299/2405 [2:42:20<07:28,  4.23s/it]2026-04-17 06:46:51,546 - INFO - [sparse-mezo] global_step=2299 active_fraction=0.252271 active_params=331927084/1315758080 configured_ratio=0.250000 mask_strategy=percentile_per_layer scope=trainable_only

 96%|█████████▌| 2300/2405 [2:42:24<07:26,  4.26s/it]2026-04-17 06:46:55,869 - INFO - [sparse-mezo] global_step=2300 active_fraction=0.252271 active_params=331927073/1315758080 configured_ratio=0.250000 mask_strategy=percentile_per_layer scope=trainable_only
2026-04-17 06:46:59,524 - INFO - [zo_probe] step=2300 eps=1.000e-06 precision=fp16 n=16 mae=1.102186e+03 mse=2.015301e+06 rmse=1.419613e+03 sign_acc=0.3125 corr=0.301082

 96%|█████████▌| 2301/2405 [2:42:32<09:18,  5.37s/it]2026-04-17 06:47:03,546 - INFO - [sparse-mezo] global_step=2301 active_fraction=0.264588 active_params=348133706/1315758080 configured_ratio=0.250000 mask_strategy=percentile_per_layer scope=trainable_only

 96%|█████████▌| 2302/2405 [2:42:36<08:32,  4.97s/it]2026-04-17 06:47:07,913 - INFO - [sparse-mezo] global_step=2302 active_fraction=0.251087 active_params=330369221/1315758080 configured_ratio=0.250000 mask_strategy=percentile_per_layer scope=trainable_only

 96%|█████████▌| 2303/2405 [2:42:40<08:08,  4.79s/it]2026-04-17 06:47:11,997 - INFO - [sparse-mezo] global_step=2303 active_fraction=0.262936 active_params=345959754/1315758080 configured_ratio=0.250000 mask_strategy=percentile_per_layer scope=trainable_only

 96%|█████████▌| 2304/2405 [2:42:44<07:42,  4.58s/it]2026-04-17 06:47:16,082 - INFO - [sparse-mezo] global_step=2304 active_fraction=0.262936 active_params=345959751/1315758080 configured_ratio=0.250000 mask_strategy=percentile_per_layer scope=trainable_only

 96%|█████████▌| 2305/2405 [2:42:48<07:22,  4.42s/it]2026-04-17 06:47:20,386 - INFO - [sparse-mezo] global_step=2305 active_fraction=0.252725 active_params=332525469/1315758080 configured_ratio=0.250000 mask_strategy=percentile_per_layer scope=trainable_only

 96%|█████████▌| 2306/2405 [2:42:53<07:14,  4.39s/it]2026-04-17 06:47:24,697 - INFO - [sparse-mezo] global_step=2306 active_fraction=0.252725 active_params=332525466/1315758080 configured_ratio=0.250000 mask_strategy=percentile_per_layer scope=trainable_only

 96%|█████████▌| 2307/2405 [2:42:57<07:08,  4.37s/it]2026-04-17 06:47:28,976 - INFO - [sparse-mezo] global_step=2307 active_fraction=0.254198 active_params=334462451/1315758080 configured_ratio=0.250000 mask_strategy=percentile_per_layer scope=trainable_only

 96%|█████████▌| 2308/2405 [2:43:01<07:00,  4.34s/it]2026-04-17 06:47:33,236 - INFO - [sparse-mezo] global_step=2308 active_fraction=0.254198 active_params=334462451/1315758080 configured_ratio=0.250000 mask_strategy=percentile_per_layer scope=trainable_only

 96%|█████████▌| 2309/2405 [2:43:06<06:54,  4.32s/it]2026-04-17 06:47:37,383 - INFO - [sparse-mezo] global_step=2309 active_fraction=0.260031 active_params=342137550/1315758080 configured_ratio=0.250000 mask_strategy=percentile_per_layer scope=trainable_only

 96%|█████████▌| 2310/2405 [2:43:10<06:45,  4.26s/it]2026-04-17 06:47:41,630 - INFO - [sparse-mezo] global_step=2310 active_fraction=0.255908 active_params=336713317/1315758080 configured_ratio=0.250000 mask_strategy=percentile_per_layer scope=trainable_only

 96%|█████████▌| 2311/2405 [2:43:14<06:40,  4.26s/it]2026-04-17 06:47:45,884 - INFO - [sparse-mezo] global_step=2311 active_fraction=0.255908 active_params=336713317/1315758080 configured_ratio=0.250000 mask_strategy=percentile_per_layer scope=trainable_only

 96%|█████████▌| 2312/2405 [2:43:18<06:35,  4.26s/it]2026-04-17 06:47:50,132 - INFO - [sparse-mezo] global_step=2312 active_fraction=0.255908 active_params=336713312/1315758080 configured_ratio=0.250000 mask_strategy=percentile_per_layer scope=trainable_only

 96%|█████████▌| 2313/2405 [2:43:23<06:31,  4.26s/it]2026-04-17 06:47:54,354 - INFO - [sparse-mezo] global_step=2313 active_fraction=0.258659 active_params=340332199/1315758080 configured_ratio=0.250000 mask_strategy=percentile_per_layer scope=trainable_only

 96%|█████████▌| 2314/2405 [2:43:27<06:26,  4.24s/it]2026-04-17 06:47:58,629 - INFO - [sparse-mezo] global_step=2314 active_fraction=0.253691 active_params=333795526/1315758080 configured_ratio=0.250000 mask_strategy=percentile_per_layer scope=trainable_only

 96%|█████████▋| 2315/2405 [2:43:31<06:23,  4.26s/it]2026-04-17 06:48:02,926 - INFO - [sparse-mezo] global_step=2315 active_fraction=0.253691 active_params=333795526/1315758080 configured_ratio=0.250000 mask_strategy=percentile_per_layer scope=trainable_only

 96%|█████████▋| 2316/2405 [2:43:35<06:19,  4.26s/it]2026-04-17 06:48:07,201 - INFO - [sparse-mezo] global_step=2316 active_fraction=0.253691 active_params=333795526/1315758080 configured_ratio=0.250000 mask_strategy=percentile_per_layer scope=trainable_only

 96%|█████████▋| 2317/2405 [2:43:40<06:15,  4.27s/it]2026-04-17 06:48:11,484 - INFO - [sparse-mezo] global_step=2317 active_fraction=0.253691 active_params=333795526/1315758080 configured_ratio=0.250000 mask_strategy=percentile_per_layer scope=trainable_only

 96%|█████████▋| 2318/2405 [2:43:44<06:12,  4.28s/it]2026-04-17 06:48:15,733 - INFO - [sparse-mezo] global_step=2318 active_fraction=0.256368 active_params=337318696/1315758080 configured_ratio=0.250000 mask_strategy=percentile_per_layer scope=trainable_only

 96%|█████████▋| 2319/2405 [2:43:48<06:06,  4.26s/it]2026-04-17 06:48:19,951 - INFO - [sparse-mezo] global_step=2319 active_fraction=0.257339 active_params=338595828/1315758080 configured_ratio=0.250000 mask_strategy=percentile_per_layer scope=trainable_only

 96%|█████████▋| 2320/2405 [2:43:52<06:01,  4.25s/it]2026-04-17 06:48:24,198 - INFO - [sparse-mezo] global_step=2320 active_fraction=0.255569 active_params=336266957/1315758080 configured_ratio=0.250000 mask_strategy=percentile_per_layer scope=trainable_only

 97%|█████████▋| 2321/2405 [2:43:57<05:56,  4.25s/it]2026-04-17 06:48:28,447 - INFO - [sparse-mezo] global_step=2321 active_fraction=0.255092 active_params=335639942/1315758080 configured_ratio=0.250000 mask_strategy=percentile_per_layer scope=trainable_only

 97%|█████████▋| 2322/2405 [2:44:01<05:52,  4.25s/it]2026-04-17 06:48:32,762 - INFO - [sparse-mezo] global_step=2322 active_fraction=0.251886 active_params=331420501/1315758080 configured_ratio=0.250000 mask_strategy=percentile_per_layer scope=trainable_only

 97%|█████████▋| 2323/2405 [2:44:05<05:49,  4.27s/it]2026-04-17 06:48:36,971 - INFO - [sparse-mezo] global_step=2323 active_fraction=0.256752 active_params=337822983/1315758080 configured_ratio=0.250000 mask_strategy=percentile_per_layer scope=trainable_only

 97%|█████████▋| 2324/2405 [2:44:09<05:44,  4.25s/it]2026-04-17 06:48:41,194 - INFO - [sparse-mezo] global_step=2324 active_fraction=0.256752 active_params=337822983/1315758080 configured_ratio=0.250000 mask_strategy=percentile_per_layer scope=trainable_only

 97%|█████████▋| 2325/2405 [2:44:14<05:39,  4.25s/it]2026-04-17 06:48:45,427 - INFO - [sparse-mezo] global_step=2325 active_fraction=0.256752 active_params=337822983/1315758080 configured_ratio=0.250000 mask_strategy=percentile_per_layer scope=trainable_only

 97%|█████████▋| 2326/2405 [2:44:18<05:34,  4.24s/it]2026-04-17 06:48:49,649 - INFO - [sparse-mezo] global_step=2326 active_fraction=0.256752 active_params=337822983/1315758080 configured_ratio=0.250000 mask_strategy=percentile_per_layer scope=trainable_only

 97%|█████████▋| 2327/2405 [2:44:22<05:30,  4.23s/it]2026-04-17 06:48:53,863 - INFO - [sparse-mezo] global_step=2327 active_fraction=0.256752 active_params=337822983/1315758080 configured_ratio=0.250000 mask_strategy=percentile_per_layer scope=trainable_only

 97%|█████████▋| 2328/2405 [2:44:26<05:25,  4.23s/it]2026-04-17 06:48:58,041 - INFO - [sparse-mezo] global_step=2328 active_fraction=0.259473 active_params=341404335/1315758080 configured_ratio=0.250000 mask_strategy=percentile_per_layer scope=trainable_only

 97%|█████████▋| 2329/2405 [2:44:30<05:20,  4.21s/it]2026-04-17 06:49:02,398 - INFO - [sparse-mezo] global_step=2329 active_fraction=0.250730 active_params=329899870/1315758080 configured_ratio=0.250000 mask_strategy=percentile_per_layer scope=trainable_only

 97%|█████████▋| 2330/2405 [2:44:35<05:19,  4.26s/it]2026-04-17 06:49:06,753 - INFO - [sparse-mezo] global_step=2330 active_fraction=0.250730 active_params=329899866/1315758080 configured_ratio=0.250000 mask_strategy=percentile_per_layer scope=trainable_only

 97%|█████████▋| 2331/2405 [2:44:39<05:17,  4.29s/it]2026-04-17 06:49:10,917 - INFO - [sparse-mezo] global_step=2331 active_fraction=0.260661 active_params=342967439/1315758080 configured_ratio=0.250000 mask_strategy=percentile_per_layer scope=trainable_only

 97%|█████████▋| 2332/2405 [2:44:43<05:10,  4.25s/it]2026-04-17 06:49:15,075 - INFO - [sparse-mezo] global_step=2332 active_fraction=0.260661 active_params=342967438/1315758080 configured_ratio=0.250000 mask_strategy=percentile_per_layer scope=trainable_only

 97%|█████████▋| 2333/2405 [2:44:47<05:03,  4.22s/it]2026-04-17 06:49:19,313 - INFO - [sparse-mezo] global_step=2333 active_fraction=0.255852 active_params=336639472/1315758080 configured_ratio=0.250000 mask_strategy=percentile_per_layer scope=trainable_only

 97%|█████████▋| 2334/2405 [2:44:52<04:59,  4.22s/it]2026-04-17 06:49:23,641 - INFO - [sparse-mezo] global_step=2334 active_fraction=0.251559 active_params=330991232/1315758080 configured_ratio=0.250000 mask_strategy=percentile_per_layer scope=trainable_only

 97%|█████████▋| 2335/2405 [2:44:56<04:57,  4.26s/it]2026-04-17 06:49:27,971 - INFO - [sparse-mezo] global_step=2335 active_fraction=0.251559 active_params=330991232/1315758080 configured_ratio=0.250000 mask_strategy=percentile_per_layer scope=trainable_only

 97%|█████████▋| 2336/2405 [2:45:00<04:55,  4.28s/it]2026-04-17 06:49:32,032 - INFO - [sparse-mezo] global_step=2336 active_fraction=0.265982 active_params=349968037/1315758080 configured_ratio=0.250000 mask_strategy=percentile_per_layer scope=trainable_only

 97%|█████████▋| 2337/2405 [2:45:04<04:46,  4.21s/it]2026-04-17 06:49:36,084 - INFO - [sparse-mezo] global_step=2337 active_fraction=0.265982 active_params=349968034/1315758080 configured_ratio=0.250000 mask_strategy=percentile_per_layer scope=trainable_only

 97%|█████████▋| 2338/2405 [2:45:08<04:39,  4.17s/it]2026-04-17 06:49:40,442 - INFO - [sparse-mezo] global_step=2338 active_fraction=0.250523 active_params=329627475/1315758080 configured_ratio=0.250000 mask_strategy=percentile_per_layer scope=trainable_only

 97%|█████████▋| 2339/2405 [2:45:13<04:38,  4.22s/it]2026-04-17 06:49:44,755 - INFO - [sparse-mezo] global_step=2339 active_fraction=0.250580 active_params=329702037/1315758080 configured_ratio=0.250000 mask_strategy=percentile_per_layer scope=trainable_only

 97%|█████████▋| 2340/2405 [2:45:17<04:36,  4.25s/it]2026-04-17 06:49:49,073 - INFO - [sparse-mezo] global_step=2340 active_fraction=0.250580 active_params=329702037/1315758080 configured_ratio=0.250000 mask_strategy=percentile_per_layer scope=trainable_only

 97%|█████████▋| 2341/2405 [2:45:21<04:33,  4.27s/it]2026-04-17 06:49:53,346 - INFO - [sparse-mezo] global_step=2341 active_fraction=0.252883 active_params=332733023/1315758080 configured_ratio=0.250000 mask_strategy=percentile_per_layer scope=trainable_only

 97%|█████████▋| 2342/2405 [2:45:26<04:29,  4.27s/it]2026-04-17 06:49:57,444 - INFO - [sparse-mezo] global_step=2342 active_fraction=0.264240 active_params=347676095/1315758080 configured_ratio=0.250000 mask_strategy=percentile_per_layer scope=trainable_only

 97%|█████████▋| 2343/2405 [2:45:30<04:21,  4.22s/it]2026-04-17 06:50:01,756 - INFO - [sparse-mezo] global_step=2343 active_fraction=0.252920 active_params=332780880/1315758080 configured_ratio=0.250000 mask_strategy=percentile_per_layer scope=trainable_only

 97%|█████████▋| 2344/2405 [2:45:34<04:19,  4.25s/it]2026-04-17 06:50:05,981 - INFO - [sparse-mezo] global_step=2344 active_fraction=0.257857 active_params=339276918/1315758080 configured_ratio=0.250000 mask_strategy=percentile_per_layer scope=trainable_only

 98%|█████████▊| 2345/2405 [2:45:38<04:14,  4.24s/it]2026-04-17 06:50:10,205 - INFO - [sparse-mezo] global_step=2345 active_fraction=0.257857 active_params=339276917/1315758080 configured_ratio=0.250000 mask_strategy=percentile_per_layer scope=trainable_only

 98%|█████████▊| 2346/2405 [2:45:43<04:10,  4.24s/it]2026-04-17 06:50:14,434 - INFO - [sparse-mezo] global_step=2346 active_fraction=0.258112 active_params=339613312/1315758080 configured_ratio=0.250000 mask_strategy=percentile_per_layer scope=trainable_only

 98%|█████████▊| 2347/2405 [2:45:47<04:05,  4.23s/it]2026-04-17 06:50:18,768 - INFO - [sparse-mezo] global_step=2347 active_fraction=0.251044 active_params=330313448/1315758080 configured_ratio=0.250000 mask_strategy=percentile_per_layer scope=trainable_only

 98%|█████████▊| 2348/2405 [2:45:51<04:02,  4.26s/it]2026-04-17 06:50:23,038 - INFO - [sparse-mezo] global_step=2348 active_fraction=0.252574 active_params=332325790/1315758080 configured_ratio=0.250000 mask_strategy=percentile_per_layer scope=trainable_only

 98%|█████████▊| 2349/2405 [2:45:55<03:58,  4.27s/it]2026-04-17 06:50:27,350 - INFO - [sparse-mezo] global_step=2349 active_fraction=0.250386 active_params=329448049/1315758080 configured_ratio=0.250000 mask_strategy=percentile_per_layer scope=trainable_only

 98%|█████████▊| 2350/2405 [2:46:00<03:55,  4.28s/it]2026-04-17 06:50:31,435 - INFO - [sparse-mezo] global_step=2350 active_fraction=0.264677 active_params=348251021/1315758080 configured_ratio=0.250000 mask_strategy=percentile_per_layer scope=trainable_only

 98%|█████████▊| 2351/2405 [2:46:04<03:47,  4.22s/it]2026-04-17 06:50:35,733 - INFO - [sparse-mezo] global_step=2351 active_fraction=0.253070 active_params=332979119/1315758080 configured_ratio=0.250000 mask_strategy=percentile_per_layer scope=trainable_only

 98%|█████████▊| 2352/2405 [2:46:08<03:45,  4.25s/it]2026-04-17 06:50:40,035 - INFO - [sparse-mezo] global_step=2352 active_fraction=0.252554 active_params=332300278/1315758080 configured_ratio=0.250000 mask_strategy=percentile_per_layer scope=trainable_only

 98%|█████████▊| 2353/2405 [2:46:12<03:41,  4.26s/it]2026-04-17 06:50:44,118 - INFO - [sparse-mezo] global_step=2353 active_fraction=0.263430 active_params=346610777/1315758080 configured_ratio=0.250000 mask_strategy=percentile_per_layer scope=trainable_only

 98%|█████████▊| 2354/2405 [2:46:17<03:34,  4.20s/it]2026-04-17 06:50:48,461 - INFO - [sparse-mezo] global_step=2354 active_fraction=0.251332 active_params=330692302/1315758080 configured_ratio=0.250000 mask_strategy=percentile_per_layer scope=trainable_only

 98%|█████████▊| 2355/2405 [2:46:21<03:32,  4.25s/it]2026-04-17 06:50:52,710 - INFO - [sparse-mezo] global_step=2355 active_fraction=0.256313 active_params=337246098/1315758080 configured_ratio=0.250000 mask_strategy=percentile_per_layer scope=trainable_only

 98%|█████████▊| 2356/2405 [2:46:25<03:28,  4.25s/it]2026-04-17 06:50:56,955 - INFO - [sparse-mezo] global_step=2356 active_fraction=0.256313 active_params=337246098/1315758080 configured_ratio=0.250000 mask_strategy=percentile_per_layer scope=trainable_only

 98%|█████████▊| 2357/2405 [2:46:29<03:23,  4.25s/it]2026-04-17 06:51:01,115 - INFO - [sparse-mezo] global_step=2357 active_fraction=0.259589 active_params=341555690/1315758080 configured_ratio=0.250000 mask_strategy=percentile_per_layer scope=trainable_only

 98%|█████████▊| 2358/2405 [2:46:34<03:18,  4.22s/it]2026-04-17 06:51:05,449 - INFO - [sparse-mezo] global_step=2358 active_fraction=0.251168 active_params=330476536/1315758080 configured_ratio=0.250000 mask_strategy=percentile_per_layer scope=trainable_only

 98%|█████████▊| 2359/2405 [2:46:38<03:15,  4.25s/it]2026-04-17 06:51:09,782 - INFO - [sparse-mezo] global_step=2359 active_fraction=0.251168 active_params=330476536/1315758080 configured_ratio=0.250000 mask_strategy=percentile_per_layer scope=trainable_only

 98%|█████████▊| 2360/2405 [2:46:42<03:12,  4.28s/it]2026-04-17 06:51:14,112 - INFO - [sparse-mezo] global_step=2360 active_fraction=0.251240 active_params=330570658/1315758080 configured_ratio=0.250000 mask_strategy=percentile_per_layer scope=trainable_only

 98%|█████████▊| 2361/2405 [2:46:47<03:08,  4.29s/it]2026-04-17 06:51:18,172 - INFO - [sparse-mezo] global_step=2361 active_fraction=0.264803 active_params=348416433/1315758080 configured_ratio=0.250000 mask_strategy=percentile_per_layer scope=trainable_only

 98%|█████████▊| 2362/2405 [2:46:51<03:01,  4.23s/it]2026-04-17 06:51:22,244 - INFO - [sparse-mezo] global_step=2362 active_fraction=0.264803 active_params=348416433/1315758080 configured_ratio=0.250000 mask_strategy=percentile_per_layer scope=trainable_only

 98%|█████████▊| 2363/2405 [2:46:55<02:55,  4.18s/it]2026-04-17 06:51:26,302 - INFO - [sparse-mezo] global_step=2363 active_fraction=0.264803 active_params=348416433/1315758080 configured_ratio=0.250000 mask_strategy=percentile_per_layer scope=trainable_only

 98%|█████████▊| 2364/2405 [2:46:59<02:49,  4.14s/it]2026-04-17 06:51:30,661 - INFO - [sparse-mezo] global_step=2364 active_fraction=0.251115 active_params=330407081/1315758080 configured_ratio=0.250000 mask_strategy=percentile_per_layer scope=trainable_only

 98%|█████████▊| 2365/2405 [2:47:03<02:48,  4.21s/it]2026-04-17 06:51:35,007 - INFO - [sparse-mezo] global_step=2365 active_fraction=0.251115 active_params=330407081/1315758080 configured_ratio=0.250000 mask_strategy=percentile_per_layer scope=trainable_only

 98%|█████████▊| 2366/2405 [2:47:07<02:45,  4.25s/it]2026-04-17 06:51:39,062 - INFO - [sparse-mezo] global_step=2366 active_fraction=0.265876 active_params=349828493/1315758080 configured_ratio=0.250000 mask_strategy=percentile_per_layer scope=trainable_only

 98%|█████████▊| 2367/2405 [2:47:11<02:39,  4.19s/it]2026-04-17 06:51:43,389 - INFO - [sparse-mezo] global_step=2367 active_fraction=0.251571 active_params=331006858/1315758080 configured_ratio=0.250000 mask_strategy=percentile_per_layer scope=trainable_only

 98%|█████████▊| 2368/2405 [2:47:16<02:36,  4.23s/it]2026-04-17 06:51:47,729 - INFO - [sparse-mezo] global_step=2368 active_fraction=0.251571 active_params=331006858/1315758080 configured_ratio=0.250000 mask_strategy=percentile_per_layer scope=trainable_only

 99%|█████████▊| 2369/2405 [2:47:20<02:33,  4.26s/it]2026-04-17 06:51:51,753 - INFO - [sparse-mezo] global_step=2369 active_fraction=0.265179 active_params=348910907/1315758080 configured_ratio=0.250000 mask_strategy=percentile_per_layer scope=trainable_only

 99%|█████████▊| 2370/2405 [2:47:24<02:26,  4.19s/it]2026-04-17 06:51:56,053 - INFO - [sparse-mezo] global_step=2370 active_fraction=0.254267 active_params=334553809/1315758080 configured_ratio=0.250000 mask_strategy=percentile_per_layer scope=trainable_only

 99%|█████████▊| 2371/2405 [2:47:28<02:23,  4.23s/it]2026-04-17 06:52:00,370 - INFO - [sparse-mezo] global_step=2371 active_fraction=0.254267 active_params=334553809/1315758080 configured_ratio=0.250000 mask_strategy=percentile_per_layer scope=trainable_only

 99%|█████████▊| 2372/2405 [2:47:33<02:20,  4.25s/it]2026-04-17 06:52:04,679 - INFO - [sparse-mezo] global_step=2372 active_fraction=0.254267 active_params=334553809/1315758080 configured_ratio=0.250000 mask_strategy=percentile_per_layer scope=trainable_only

 99%|█████████▊| 2373/2405 [2:47:37<02:16,  4.27s/it]2026-04-17 06:52:08,784 - INFO - [sparse-mezo] global_step=2373 active_fraction=0.261978 active_params=344699263/1315758080 configured_ratio=0.250000 mask_strategy=percentile_per_layer scope=trainable_only

 99%|█████████▊| 2374/2405 [2:47:41<02:10,  4.22s/it]2026-04-17 06:52:12,902 - INFO - [sparse-mezo] global_step=2374 active_fraction=0.261978 active_params=344699263/1315758080 configured_ratio=0.250000 mask_strategy=percentile_per_layer scope=trainable_only

 99%|█████████▉| 2375/2405 [2:47:45<02:05,  4.19s/it]2026-04-17 06:52:17,251 - INFO - [sparse-mezo] global_step=2375 active_fraction=0.250607 active_params=329738111/1315758080 configured_ratio=0.250000 mask_strategy=percentile_per_layer scope=trainable_only

 99%|█████████▉| 2376/2405 [2:47:50<02:02,  4.24s/it]2026-04-17 06:52:21,567 - INFO - [sparse-mezo] global_step=2376 active_fraction=0.252009 active_params=331583349/1315758080 configured_ratio=0.250000 mask_strategy=percentile_per_layer scope=trainable_only

 99%|█████████▉| 2377/2405 [2:47:54<01:59,  4.26s/it]2026-04-17 06:52:25,633 - INFO - [sparse-mezo] global_step=2377 active_fraction=0.263906 active_params=347235931/1315758080 configured_ratio=0.250000 mask_strategy=percentile_per_layer scope=trainable_only

 99%|█████████▉| 2378/2405 [2:47:58<01:53,  4.20s/it]2026-04-17 06:52:29,991 - INFO - [sparse-mezo] global_step=2378 active_fraction=0.250593 active_params=329719662/1315758080 configured_ratio=0.250000 mask_strategy=percentile_per_layer scope=trainable_only

 99%|█████████▉| 2379/2405 [2:48:02<01:50,  4.25s/it]2026-04-17 06:52:34,309 - INFO - [sparse-mezo] global_step=2379 active_fraction=0.250983 active_params=330233092/1315758080 configured_ratio=0.250000 mask_strategy=percentile_per_layer scope=trainable_only

 99%|█████████▉| 2380/2405 [2:48:07<01:46,  4.27s/it]2026-04-17 06:52:38,626 - INFO - [sparse-mezo] global_step=2380 active_fraction=0.250983 active_params=330233092/1315758080 configured_ratio=0.250000 mask_strategy=percentile_per_layer scope=trainable_only

 99%|█████████▉| 2381/2405 [2:48:11<01:42,  4.29s/it]2026-04-17 06:52:42,964 - INFO - [sparse-mezo] global_step=2381 active_fraction=0.250983 active_params=330233092/1315758080 configured_ratio=0.250000 mask_strategy=percentile_per_layer scope=trainable_only

 99%|█████████▉| 2382/2405 [2:48:15<01:38,  4.30s/it]2026-04-17 06:52:46,996 - INFO - [sparse-mezo] global_step=2382 active_fraction=0.262872 active_params=345875535/1315758080 configured_ratio=0.250000 mask_strategy=percentile_per_layer scope=trainable_only

 99%|█████████▉| 2383/2405 [2:48:19<01:32,  4.22s/it]2026-04-17 06:52:51,029 - INFO - [sparse-mezo] global_step=2383 active_fraction=0.262872 active_params=345875535/1315758080 configured_ratio=0.250000 mask_strategy=percentile_per_layer scope=trainable_only

 99%|█████████▉| 2384/2405 [2:48:23<01:27,  4.17s/it]2026-04-17 06:52:55,072 - INFO - [sparse-mezo] global_step=2384 active_fraction=0.262872 active_params=345875535/1315758080 configured_ratio=0.250000 mask_strategy=percentile_per_layer scope=trainable_only

 99%|█████████▉| 2385/2405 [2:48:27<01:22,  4.13s/it]2026-04-17 06:52:59,435 - INFO - [sparse-mezo] global_step=2385 active_fraction=0.250650 active_params=329794676/1315758080 configured_ratio=0.250000 mask_strategy=percentile_per_layer scope=trainable_only

 99%|█████████▉| 2386/2405 [2:48:32<01:19,  4.19s/it]2026-04-17 06:53:03,502 - INFO - [sparse-mezo] global_step=2386 active_fraction=0.264516 active_params=348038422/1315758080 configured_ratio=0.250000 mask_strategy=percentile_per_layer scope=trainable_only

 99%|█████████▉| 2387/2405 [2:48:36<01:14,  4.16s/it]2026-04-17 06:53:07,828 - INFO - [sparse-mezo] global_step=2387 active_fraction=0.252503 active_params=332232820/1315758080 configured_ratio=0.250000 mask_strategy=percentile_per_layer scope=trainable_only

 99%|█████████▉| 2388/2405 [2:48:40<01:11,  4.21s/it]2026-04-17 06:53:12,134 - INFO - [sparse-mezo] global_step=2388 active_fraction=0.252503 active_params=332232820/1315758080 configured_ratio=0.250000 mask_strategy=percentile_per_layer scope=trainable_only

 99%|█████████▉| 2389/2405 [2:48:45<01:07,  4.24s/it]2026-04-17 06:53:16,415 - INFO - [sparse-mezo] global_step=2389 active_fraction=0.254606 active_params=334999864/1315758080 configured_ratio=0.250000 mask_strategy=percentile_per_layer scope=trainable_only

 99%|█████████▉| 2390/2405 [2:48:49<01:03,  4.25s/it]2026-04-17 06:53:20,682 - INFO - [sparse-mezo] global_step=2390 active_fraction=0.254606 active_params=334999864/1315758080 configured_ratio=0.250000 mask_strategy=percentile_per_layer scope=trainable_only

 99%|█████████▉| 2391/2405 [2:48:53<00:59,  4.26s/it]2026-04-17 06:53:24,828 - INFO - [sparse-mezo] global_step=2391 active_fraction=0.260409 active_params=342634996/1315758080 configured_ratio=0.250000 mask_strategy=percentile_per_layer scope=trainable_only

 99%|█████████▉| 2392/2405 [2:48:57<00:54,  4.22s/it]2026-04-17 06:53:29,128 - INFO - [sparse-mezo] global_step=2392 active_fraction=0.252734 active_params=332536902/1315758080 configured_ratio=0.250000 mask_strategy=percentile_per_layer scope=trainable_only

100%|█████████▉| 2393/2405 [2:49:02<00:51,  4.25s/it]2026-04-17 06:53:33,405 - INFO - [sparse-mezo] global_step=2393 active_fraction=0.255444 active_params=336102965/1315758080 configured_ratio=0.250000 mask_strategy=percentile_per_layer scope=trainable_only

100%|█████████▉| 2394/2405 [2:49:06<00:46,  4.25s/it]2026-04-17 06:53:37,565 - INFO - [sparse-mezo] global_step=2394 active_fraction=0.259365 active_params=341261580/1315758080 configured_ratio=0.250000 mask_strategy=percentile_per_layer scope=trainable_only

100%|█████████▉| 2395/2405 [2:49:10<00:42,  4.23s/it]2026-04-17 06:53:41,899 - INFO - [sparse-mezo] global_step=2395 active_fraction=0.251971 active_params=331533527/1315758080 configured_ratio=0.250000 mask_strategy=percentile_per_layer scope=trainable_only
2026-04-17 06:53:42,035 - INFO - [perf-tail] measurement enabled: start_step=2396 window_steps=10 total_train_batch_size=16

100%|█████████▉| 2396/2405 [2:49:14<00:38,  4.26s/it]2026-04-17 06:53:46,197 - INFO - [sparse-mezo] global_step=2396 active_fraction=0.253600 active_params=333676224/1315758080 configured_ratio=0.250000 mask_strategy=percentile_per_layer scope=trainable_only

100%|█████████▉| 2397/2405 [2:49:19<00:34,  4.27s/it]2026-04-17 06:53:50,516 - INFO - [sparse-mezo] global_step=2397 active_fraction=0.251053 active_params=330325238/1315758080 configured_ratio=0.250000 mask_strategy=percentile_per_layer scope=trainable_only

100%|█████████▉| 2398/2405 [2:49:23<00:29,  4.28s/it]2026-04-17 06:53:54,665 - INFO - [sparse-mezo] global_step=2398 active_fraction=0.258950 active_params=340715393/1315758080 configured_ratio=0.250000 mask_strategy=percentile_per_layer scope=trainable_only

100%|█████████▉| 2399/2405 [2:49:27<00:25,  4.25s/it]2026-04-17 06:53:58,948 - INFO - [sparse-mezo] global_step=2399 active_fraction=0.254255 active_params=334538492/1315758080 configured_ratio=0.250000 mask_strategy=percentile_per_layer scope=trainable_only

100%|█████████▉| 2400/2405 [2:49:31<00:21,  4.26s/it]2026-04-17 06:54:03,294 - INFO - [sparse-mezo] global_step=2400 active_fraction=0.250681 active_params=329835743/1315758080 configured_ratio=0.250000 mask_strategy=percentile_per_layer scope=trainable_only
2026-04-17 06:54:07,411 - INFO - [zo_probe] step=2400 eps=1.000e-06 precision=fp16 n=16 mae=1.040378e+03 mse=1.487642e+06 rmse=1.219689e+03 sign_acc=0.4375 corr=0.062047

100%|█████████▉| 2401/2405 [2:49:40<00:22,  5.52s/it]2026-04-17 06:54:11,740 - INFO - [sparse-mezo] global_step=2401 active_fraction=0.250681 active_params=329835743/1315758080 configured_ratio=0.250000 mask_strategy=percentile_per_layer scope=trainable_only

100%|█████████▉| 2402/2405 [2:49:44<00:15,  5.16s/it]2026-04-17 06:54:16,059 - INFO - [sparse-mezo] global_step=2402 active_fraction=0.250681 active_params=329835743/1315758080 configured_ratio=0.250000 mask_strategy=percentile_per_layer scope=trainable_only

100%|█████████▉| 2403/2405 [2:49:48<00:09,  4.91s/it]2026-04-17 06:54:20,369 - INFO - [sparse-mezo] global_step=2403 active_fraction=0.250681 active_params=329835743/1315758080 configured_ratio=0.250000 mask_strategy=percentile_per_layer scope=trainable_only

100%|█████████▉| 2404/2405 [2:49:53<00:04,  4.73s/it]2026-04-17 06:54:24,688 - INFO - [sparse-mezo] global_step=2404 active_fraction=0.250681 active_params=329835743/1315758080 configured_ratio=0.250000 mask_strategy=percentile_per_layer scope=trainable_only

100%|██████████| 2405/2405 [2:49:57<00:00,  4.60s/it]2026-04-17 06:54:24,846 - INFO - 

Training completed. Do not forget to share your model on huggingface.co/models =)


2026-04-17 06:54:24,846 - INFO - [perf-tail] measured_steps=10 wallclock_per_step=4.281036 samples_per_second=3.737413 max_gpu_memory_gb=11.3759

                                                     

100%|██████████| 2405/2405 [2:49:57<00:00,  4.60s/it]
100%|██████████| 2405/2405 [2:49:57<00:00,  4.24s/it]
2026-04-17 06:54:24,999 - INFO - There are 0 training samples and 1101 validation samples

  0%|          | 0/1101 [00:00<?, ?it/s]2026-04-17 06:54:24,999 - INFO - ========= Example =========
2026-04-17 06:54:24,999 - INFO - Candidate: [0, 1, 2, 3, 4]
2026-04-17 06:54:24,999 - INFO - Correct candidate: 2
2026-04-17 06:54:25,008 - INFO - === Candidate 0 ===
2026-04-17 06:54:25,008 - INFO - <s>in his first stab at the form, jacquot takes a slightly anarchic approach that works only sporadically. It was terrible
2026-04-17 06:54:25,008 - INFO - Log probabilities of the option tokens: tensor([-11.5547], dtype=torch.float16)
2026-04-17 06:54:25,016 - INFO - === Candidate 1 (without context)===
2026-04-17 06:54:25,016 - INFO - <s>in his first stab at the form, jacquot takes a slightly anarchic approach that works only sporadically. It was bad
2026-04-17 06:54:25,016 - INFO - Log probabilities of the option tokens: tensor([-8.1484], dtype=torch.float16)
2026-04-17 06:54:25,023 - INFO - === Candidate 2 (without context)===
2026-04-17 06:54:25,023 - INFO - <s>in his first stab at the form, jacquot takes a slightly anarchic approach that works only sporadically. It was okay
2026-04-17 06:54:25,024 - INFO - Log probabilities of the option tokens: tensor([-10.2812], dtype=torch.float16)
2026-04-17 06:54:25,031 - INFO - === Candidate 3 (without context)===
2026-04-17 06:54:25,031 - INFO - <s>in his first stab at the form, jacquot takes a slightly anarchic approach that works only sporadically. It was good
2026-04-17 06:54:25,031 - INFO - Log probabilities of the option tokens: tensor([-5.9883], dtype=torch.float16)
2026-04-17 06:54:25,039 - INFO - === Candidate 4 (without context)===
2026-04-17 06:54:25,039 - INFO - <s>in his first stab at the form, jacquot takes a slightly anarchic approach that works only sporadically. It was great
2026-04-17 06:54:25,039 - INFO - Log probabilities of the option tokens: tensor([-9.8516], dtype=torch.float16)
2026-04-17 06:54:25,039 - INFO - Prediction scores: [-11.5546875, -8.1484375, -10.28125, -5.98828125, -9.8515625]
2026-04-17 06:54:25,039 - INFO - ========= Example =========
2026-04-17 06:54:25,039 - INFO - Candidate: [0, 1, 2, 3, 4]
2026-04-17 06:54:25,039 - INFO - Correct candidate: 1
2026-04-17 06:54:25,047 - INFO - === Candidate 0 ===
2026-04-17 06:54:25,047 - INFO - <s>one long string of cliches. It was terrible
2026-04-17 06:54:25,047 - INFO - Log probabilities of the option tokens: tensor([-10.9219], dtype=torch.float16)
2026-04-17 06:54:25,054 - INFO - === Candidate 1 (without context)===
2026-04-17 06:54:25,054 - INFO - <s>one long string of cliches. It was bad
2026-04-17 06:54:25,055 - INFO - Log probabilities of the option tokens: tensor([-7.8047], dtype=torch.float16)
2026-04-17 06:54:25,062 - INFO - === Candidate 2 (without context)===
2026-04-17 06:54:25,062 - INFO - <s>one long string of cliches. It was okay
2026-04-17 06:54:25,062 - INFO - Log probabilities of the option tokens: tensor([-8.3594], dtype=torch.float16)
2026-04-17 06:54:25,069 - INFO - === Candidate 3 (without context)===
2026-04-17 06:54:25,069 - INFO - <s>one long string of cliches. It was good
2026-04-17 06:54:25,069 - INFO - Log probabilities of the option tokens: tensor([-5.2305], dtype=torch.float16)
2026-04-17 06:54:25,077 - INFO - === Candidate 4 (without context)===
2026-04-17 06:54:25,077 - INFO - <s>one long string of cliches. It was great
2026-04-17 06:54:25,077 - INFO - Log probabilities of the option tokens: tensor([-8.4453], dtype=torch.float16)
2026-04-17 06:54:25,077 - INFO - Prediction scores: [-10.921875, -7.8046875, -8.359375, -5.23046875, -8.4453125]
2026-04-17 06:54:25,077 - INFO - ========= Example =========
2026-04-17 06:54:25,077 - INFO - Candidate: [0, 1, 2, 3, 4]
2026-04-17 06:54:25,077 - INFO - Correct candidate: 1
2026-04-17 06:54:25,086 - INFO - === Candidate 0 ===
2026-04-17 06:54:25,086 - INFO - <s>if you've ever entertained the notion of doing what the title of this film implies, what sex with strangers actually shows may put you off the idea forever. It was terrible
2026-04-17 06:54:25,086 - INFO - Log probabilities of the option tokens: tensor([-10.8672], dtype=torch.float16)
2026-04-17 06:54:25,094 - INFO - === Candidate 1 (without context)===
2026-04-17 06:54:25,094 - INFO - <s>if you've ever entertained the notion of doing what the title of this film implies, what sex with strangers actually shows may put you off the idea forever. It was bad
2026-04-17 06:54:25,094 - INFO - Log probabilities of the option tokens: tensor([-7.5469], dtype=torch.float16)
2026-04-17 06:54:25,101 - INFO - === Candidate 2 (without context)===
2026-04-17 06:54:25,101 - INFO - <s>if you've ever entertained the notion of doing what the title of this film implies, what sex with strangers actually shows may put you off the idea forever. It was okay
2026-04-17 06:54:25,102 - INFO - Log probabilities of the option tokens: tensor([-9.7891], dtype=torch.float16)
2026-04-17 06:54:25,109 - INFO - === Candidate 3 (without context)===
2026-04-17 06:54:25,109 - INFO - <s>if you've ever entertained the notion of doing what the title of this film implies, what sex with strangers actually shows may put you off the idea forever. It was good
2026-04-17 06:54:25,109 - INFO - Log probabilities of the option tokens: tensor([-5.2227], dtype=torch.float16)
2026-04-17 06:54:25,117 - INFO - === Candidate 4 (without context)===
2026-04-17 06:54:25,117 - INFO - <s>if you've ever entertained the notion of doing what the title of this film implies, what sex with strangers actually shows may put you off the idea forever. It was great
2026-04-17 06:54:25,117 - INFO - Log probabilities of the option tokens: tensor([-8.0312], dtype=torch.float16)
2026-04-17 06:54:25,117 - INFO - Prediction scores: [-10.8671875, -7.546875, -9.7890625, -5.22265625, -8.03125]

  0%|          | 3/1101 [00:00<00:43, 25.40it/s]
  1%|          | 6/1101 [00:00<00:41, 26.46it/s]
  1%|          | 9/1101 [00:00<00:40, 26.68it/s]
  1%|          | 12/1101 [00:00<00:40, 27.07it/s]
  1%|▏         | 15/1101 [00:00<00:40, 27.11it/s]
  2%|▏         | 18/1101 [00:00<00:39, 27.17it/s]
  2%|▏         | 21/1101 [00:00<00:39, 27.23it/s]
  2%|▏         | 24/1101 [00:00<00:39, 27.18it/s]
  2%|▏         | 27/1101 [00:00<00:39, 27.12it/s]
  3%|▎         | 30/1101 [00:01<00:39, 27.18it/s]
  3%|▎         | 33/1101 [00:01<00:39, 27.28it/s]
  3%|▎         | 36/1101 [00:01<00:39, 27.28it/s]
  4%|▎         | 39/1101 [00:01<00:39, 27.09it/s]
  4%|▍         | 42/1101 [00:01<00:39, 27.14it/s]
  4%|▍         | 45/1101 [00:01<00:38, 27.29it/s]
  4%|▍         | 48/1101 [00:01<00:38, 27.19it/s]
  5%|▍         | 51/1101 [00:01<00:38, 27.17it/s]
  5%|▍         | 54/1101 [00:01<00:38, 27.21it/s]
  5%|▌         | 57/1101 [00:02<00:38, 27.17it/s]
  5%|▌         | 60/1101 [00:02<00:38, 27.09it/s]
  6%|▌         | 63/1101 [00:02<00:38, 27.16it/s]
  6%|▌         | 66/1101 [00:02<00:37, 27.27it/s]
  6%|▋         | 69/1101 [00:02<00:37, 27.40it/s]
  7%|▋         | 72/1101 [00:02<00:37, 27.46it/s]
  7%|▋         | 75/1101 [00:02<00:37, 27.39it/s]
  7%|▋         | 78/1101 [00:02<00:37, 27.45it/s]
  7%|▋         | 81/1101 [00:02<00:37, 27.28it/s]
  8%|▊         | 84/1101 [00:03<00:37, 27.32it/s]
  8%|▊         | 87/1101 [00:03<00:37, 27.16it/s]
  8%|▊         | 90/1101 [00:03<00:37, 27.14it/s]
  8%|▊         | 93/1101 [00:03<00:37, 27.12it/s]
  9%|▊         | 96/1101 [00:03<00:36, 27.23it/s]
  9%|▉         | 99/1101 [00:03<00:36, 27.41it/s]
  9%|▉         | 102/1101 [00:03<00:36, 27.43it/s]
 10%|▉         | 105/1101 [00:03<00:36, 27.36it/s]
 10%|▉         | 108/1101 [00:03<00:36, 27.47it/s]
 10%|█         | 111/1101 [00:04<00:36, 27.41it/s]
 10%|█         | 114/1101 [00:04<00:35, 27.44it/s]
 11%|█         | 117/1101 [00:04<00:36, 27.33it/s]
 11%|█         | 120/1101 [00:04<00:35, 27.49it/s]
 11%|█         | 123/1101 [00:04<00:35, 27.46it/s]
 11%|█▏        | 126/1101 [00:04<00:35, 27.36it/s]
 12%|█▏        | 129/1101 [00:04<00:35, 27.33it/s]
 12%|█▏        | 132/1101 [00:04<00:35, 27.28it/s]
 12%|█▏        | 135/1101 [00:04<00:35, 27.31it/s]
 13%|█▎        | 138/1101 [00:05<00:35, 27.42it/s]
 13%|█▎        | 141/1101 [00:05<00:35, 27.43it/s]
 13%|█▎        | 144/1101 [00:05<00:34, 27.36it/s]
 13%|█▎        | 147/1101 [00:05<00:34, 27.45it/s]
 14%|█▎        | 150/1101 [00:05<00:34, 27.54it/s]
 14%|█▍        | 153/1101 [00:05<00:34, 27.36it/s]
 14%|█▍        | 156/1101 [00:05<00:34, 27.43it/s]
 14%|█▍        | 159/1101 [00:05<00:34, 27.26it/s]
 15%|█▍        | 162/1101 [00:05<00:34, 27.19it/s]
 15%|█▍        | 165/1101 [00:06<00:34, 27.20it/s]
 15%|█▌        | 168/1101 [00:06<00:34, 27.27it/s]
 16%|█▌        | 171/1101 [00:06<00:34, 27.32it/s]
 16%|█▌        | 174/1101 [00:06<00:33, 27.37it/s]
 16%|█▌        | 177/1101 [00:06<00:33, 27.50it/s]
 16%|█▋        | 180/1101 [00:06<00:33, 27.67it/s]
 17%|█▋        | 183/1101 [00:06<00:33, 27.50it/s]
 17%|█▋        | 186/1101 [00:06<00:33, 27.51it/s]
 17%|█▋        | 189/1101 [00:06<00:33, 27.54it/s]
 17%|█▋        | 192/1101 [00:07<00:33, 27.48it/s]
 18%|█▊        | 195/1101 [00:07<00:32, 27.52it/s]
 18%|█▊        | 198/1101 [00:07<00:32, 27.60it/s]
 18%|█▊        | 201/1101 [00:07<00:32, 27.66it/s]
 19%|█▊        | 204/1101 [00:07<00:32, 27.53it/s]
 19%|█▉        | 207/1101 [00:07<00:32, 27.44it/s]
 19%|█▉        | 210/1101 [00:07<00:32, 27.39it/s]
 19%|█▉        | 213/1101 [00:07<00:32, 27.52it/s]
 20%|█▉        | 216/1101 [00:07<00:32, 27.62it/s]
 20%|█▉        | 219/1101 [00:08<00:32, 27.49it/s]
 20%|██        | 222/1101 [00:08<00:31, 27.59it/s]
 20%|██        | 225/1101 [00:08<00:31, 27.74it/s]
 21%|██        | 228/1101 [00:08<00:31, 27.58it/s]
 21%|██        | 231/1101 [00:08<00:31, 27.55it/s]
 21%|██▏       | 234/1101 [00:08<00:31, 27.45it/s]
 22%|██▏       | 237/1101 [00:08<00:31, 27.53it/s]
 22%|██▏       | 240/1101 [00:08<00:31, 27.54it/s]
 22%|██▏       | 243/1101 [00:08<00:31, 27.52it/s]
 22%|██▏       | 246/1101 [00:08<00:31, 27.37it/s]
 23%|██▎       | 249/1101 [00:09<00:31, 27.29it/s]
 23%|██▎       | 252/1101 [00:09<00:31, 27.34it/s]
 23%|██▎       | 255/1101 [00:09<00:30, 27.31it/s]
 23%|██▎       | 258/1101 [00:09<00:30, 27.27it/s]
 24%|██▎       | 261/1101 [00:09<00:30, 27.32it/s]
 24%|██▍       | 264/1101 [00:09<00:30, 27.30it/s]
 24%|██▍       | 267/1101 [00:09<00:30, 27.25it/s]
 25%|██▍       | 270/1101 [00:09<00:30, 27.39it/s]
 25%|██▍       | 273/1101 [00:09<00:30, 27.49it/s]
 25%|██▌       | 276/1101 [00:10<00:30, 27.42it/s]
 25%|██▌       | 279/1101 [00:10<00:29, 27.42it/s]
 26%|██▌       | 282/1101 [00:10<00:29, 27.41it/s]
 26%|██▌       | 285/1101 [00:10<00:29, 27.45it/s]
 26%|██▌       | 288/1101 [00:10<00:29, 27.40it/s]
 26%|██▋       | 291/1101 [00:10<00:29, 27.55it/s]
 27%|██▋       | 294/1101 [00:10<00:29, 27.67it/s]
 27%|██▋       | 297/1101 [00:10<00:29, 27.44it/s]
 27%|██▋       | 300/1101 [00:10<00:29, 27.48it/s]
 28%|██▊       | 303/1101 [00:11<00:29, 27.45it/s]
 28%|██▊       | 306/1101 [00:11<00:29, 27.30it/s]
 28%|██▊       | 309/1101 [00:11<00:28, 27.43it/s]
 28%|██▊       | 312/1101 [00:11<00:28, 27.42it/s]
 29%|██▊       | 315/1101 [00:11<00:28, 27.36it/s]
 29%|██▉       | 318/1101 [00:11<00:28, 27.29it/s]
 29%|██▉       | 321/1101 [00:11<00:28, 27.23it/s]
 29%|██▉       | 324/1101 [00:11<00:28, 27.37it/s]
 30%|██▉       | 327/1101 [00:11<00:28, 27.33it/s]
 30%|██▉       | 330/1101 [00:12<00:28, 27.22it/s]
 30%|███       | 333/1101 [00:12<00:27, 27.47it/s]
 31%|███       | 336/1101 [00:12<00:27, 27.48it/s]
 31%|███       | 339/1101 [00:12<00:27, 27.40it/s]
 31%|███       | 342/1101 [00:12<00:27, 27.43it/s]
 31%|███▏      | 345/1101 [00:12<00:27, 27.75it/s]
 32%|███▏      | 348/1101 [00:12<00:27, 27.74it/s]
 32%|███▏      | 351/1101 [00:12<00:27, 27.62it/s]
 32%|███▏      | 354/1101 [00:12<00:27, 27.60it/s]
 32%|███▏      | 357/1101 [00:13<00:27, 27.51it/s]
 33%|███▎      | 360/1101 [00:13<00:27, 27.37it/s]
 33%|███▎      | 363/1101 [00:13<00:26, 27.47it/s]
 33%|███▎      | 366/1101 [00:13<00:26, 27.56it/s]
 34%|███▎      | 369/1101 [00:13<00:26, 27.46it/s]
 34%|███▍      | 372/1101 [00:13<00:26, 27.38it/s]
 34%|███▍      | 375/1101 [00:13<00:26, 27.40it/s]
 34%|███▍      | 378/1101 [00:13<00:26, 27.33it/s]
 35%|███▍      | 381/1101 [00:13<00:26, 27.34it/s]
 35%|███▍      | 384/1101 [00:14<00:26, 27.32it/s]
 35%|███▌      | 387/1101 [00:14<00:26, 27.22it/s]
 35%|███▌      | 390/1101 [00:14<00:26, 27.29it/s]
 36%|███▌      | 393/1101 [00:14<00:25, 27.36it/s]
 36%|███▌      | 396/1101 [00:14<00:25, 27.38it/s]
 36%|███▌      | 399/1101 [00:14<00:25, 27.28it/s]
 37%|███▋      | 402/1101 [00:14<00:25, 27.24it/s]
 37%|███▋      | 405/1101 [00:14<00:25, 27.25it/s]
 37%|███▋      | 408/1101 [00:14<00:25, 27.32it/s]
 37%|███▋      | 411/1101 [00:15<00:25, 27.31it/s]
 38%|███▊      | 414/1101 [00:15<00:25, 27.22it/s]
 38%|███▊      | 417/1101 [00:15<00:25, 27.19it/s]
 38%|███▊      | 420/1101 [00:15<00:24, 27.38it/s]
 38%|███▊      | 423/1101 [00:15<00:24, 27.36it/s]
 39%|███▊      | 426/1101 [00:15<00:24, 27.20it/s]
 39%|███▉      | 429/1101 [00:15<00:24, 27.33it/s]
 39%|███▉      | 432/1101 [00:15<00:24, 27.32it/s]
 40%|███▉      | 435/1101 [00:15<00:24, 27.56it/s]
 40%|███▉      | 438/1101 [00:16<00:24, 27.55it/s]
 40%|████      | 441/1101 [00:16<00:23, 27.63it/s]
 40%|████      | 444/1101 [00:16<00:23, 27.70it/s]
 41%|████      | 447/1101 [00:16<00:23, 27.65it/s]
 41%|████      | 450/1101 [00:16<00:23, 27.60it/s]
 41%|████      | 453/1101 [00:16<00:23, 27.51it/s]
 41%|████▏     | 456/1101 [00:16<00:23, 27.43it/s]
 42%|████▏     | 459/1101 [00:16<00:23, 27.49it/s]
 42%|████▏     | 462/1101 [00:16<00:23, 27.44it/s]
 42%|████▏     | 465/1101 [00:16<00:23, 27.37it/s]
 43%|████▎     | 468/1101 [00:17<00:23, 27.46it/s]
 43%|████▎     | 471/1101 [00:17<00:23, 27.35it/s]
 43%|████▎     | 474/1101 [00:17<00:22, 27.36it/s]
 43%|████▎     | 477/1101 [00:17<00:22, 27.35it/s]
 44%|████▎     | 480/1101 [00:17<00:22, 27.36it/s]
 44%|████▍     | 483/1101 [00:17<00:22, 27.18it/s]
 44%|████▍     | 486/1101 [00:17<00:22, 27.24it/s]
 44%|████▍     | 489/1101 [00:17<00:22, 27.21it/s]
 45%|████▍     | 492/1101 [00:17<00:22, 27.12it/s]
 45%|████▍     | 495/1101 [00:18<00:22, 27.08it/s]
 45%|████▌     | 498/1101 [00:18<00:22, 27.22it/s]
 46%|████▌     | 501/1101 [00:18<00:21, 27.36it/s]
 46%|████▌     | 504/1101 [00:18<00:21, 27.40it/s]
 46%|████▌     | 507/1101 [00:18<00:21, 27.32it/s]
 46%|████▋     | 510/1101 [00:18<00:21, 27.28it/s]
 47%|████▋     | 513/1101 [00:18<00:21, 27.19it/s]
 47%|████▋     | 516/1101 [00:18<00:21, 27.23it/s]
 47%|████▋     | 519/1101 [00:18<00:21, 27.23it/s]
 47%|████▋     | 522/1101 [00:19<00:21, 27.33it/s]
 48%|████▊     | 525/1101 [00:19<00:21, 27.32it/s]
 48%|████▊     | 528/1101 [00:19<00:20, 27.42it/s]
 48%|████▊     | 531/1101 [00:19<00:20, 27.27it/s]
 49%|████▊     | 534/1101 [00:19<00:20, 27.27it/s]
 49%|████▉     | 537/1101 [00:19<00:20, 27.33it/s]
 49%|████▉     | 540/1101 [00:19<00:20, 27.37it/s]
 49%|████▉     | 543/1101 [00:19<00:20, 27.41it/s]
 50%|████▉     | 546/1101 [00:19<00:20, 27.21it/s]
 50%|████▉     | 549/1101 [00:20<00:20, 27.30it/s]
 50%|█████     | 552/1101 [00:20<00:20, 27.38it/s]
 50%|█████     | 555/1101 [00:20<00:19, 27.35it/s]
 51%|█████     | 558/1101 [00:20<00:19, 27.34it/s]
 51%|█████     | 561/1101 [00:20<00:19, 27.44it/s]
 51%|█████     | 564/1101 [00:20<00:19, 27.37it/s]
 51%|█████▏    | 567/1101 [00:20<00:19, 27.35it/s]
 52%|█████▏    | 570/1101 [00:20<00:19, 27.21it/s]
 52%|█████▏    | 573/1101 [00:20<00:19, 27.18it/s]
 52%|█████▏    | 576/1101 [00:21<00:19, 27.17it/s]
 53%|█████▎    | 579/1101 [00:21<00:19, 27.06it/s]
 53%|█████▎    | 582/1101 [00:21<00:19, 27.17it/s]
 53%|█████▎    | 585/1101 [00:21<00:18, 27.24it/s]
 53%|█████▎    | 588/1101 [00:21<00:18, 27.21it/s]
 54%|█████▎    | 591/1101 [00:21<00:18, 27.21it/s]
 54%|█████▍    | 594/1101 [00:21<00:18, 27.21it/s]
 54%|█████▍    | 597/1101 [00:21<00:18, 27.43it/s]
 54%|█████▍    | 600/1101 [00:21<00:18, 27.35it/s]
 55%|█████▍    | 603/1101 [00:22<00:18, 27.37it/s]
 55%|█████▌    | 606/1101 [00:22<00:18, 27.29it/s]
 55%|█████▌    | 609/1101 [00:22<00:18, 27.27it/s]
 56%|█████▌    | 612/1101 [00:22<00:17, 27.33it/s]
 56%|█████▌    | 615/1101 [00:22<00:17, 27.17it/s]
 56%|█████▌    | 618/1101 [00:22<00:17, 27.09it/s]
 56%|█████▋    | 621/1101 [00:22<00:17, 27.09it/s]
 57%|█████▋    | 624/1101 [00:22<00:17, 27.06it/s]
 57%|█████▋    | 627/1101 [00:22<00:17, 27.24it/s]
 57%|█████▋    | 630/1101 [00:23<00:17, 27.56it/s]
 57%|█████▋    | 633/1101 [00:23<00:17, 27.33it/s]
 58%|█████▊    | 636/1101 [00:23<00:16, 27.44it/s]
 58%|█████▊    | 639/1101 [00:23<00:16, 27.42it/s]
 58%|█████▊    | 642/1101 [00:23<00:16, 27.40it/s]
 59%|█████▊    | 645/1101 [00:23<00:16, 27.28it/s]
 59%|█████▉    | 648/1101 [00:23<00:16, 27.11it/s]
 59%|█████▉    | 651/1101 [00:23<00:16, 27.15it/s]
 59%|█████▉    | 654/1101 [00:23<00:16, 27.20it/s]
 60%|█████▉    | 657/1101 [00:24<00:16, 27.19it/s]
 60%|█████▉    | 660/1101 [00:24<00:16, 27.32it/s]
 60%|██████    | 663/1101 [00:24<00:15, 27.41it/s]
 60%|██████    | 666/1101 [00:24<00:15, 27.31it/s]
 61%|██████    | 669/1101 [00:24<00:15, 27.27it/s]
 61%|██████    | 672/1101 [00:24<00:15, 27.50it/s]
 61%|██████▏   | 675/1101 [00:24<00:15, 27.33it/s]
 62%|██████▏   | 678/1101 [00:24<00:15, 27.44it/s]
 62%|██████▏   | 681/1101 [00:24<00:15, 27.54it/s]
 62%|██████▏   | 684/1101 [00:25<00:15, 27.60it/s]
 62%|██████▏   | 687/1101 [00:25<00:15, 27.44it/s]
 63%|██████▎   | 690/1101 [00:25<00:15, 27.31it/s]
 63%|██████▎   | 693/1101 [00:25<00:14, 27.50it/s]
 63%|██████▎   | 696/1101 [00:25<00:14, 27.29it/s]
 63%|██████▎   | 699/1101 [00:25<00:14, 27.34it/s]
 64%|██████▍   | 702/1101 [00:25<00:14, 27.30it/s]
 64%|██████▍   | 705/1101 [00:25<00:14, 27.32it/s]
 64%|██████▍   | 708/1101 [00:25<00:14, 27.22it/s]
 65%|██████▍   | 711/1101 [00:25<00:14, 27.27it/s]
 65%|██████▍   | 714/1101 [00:26<00:14, 27.50it/s]
 65%|██████▌   | 717/1101 [00:26<00:14, 27.38it/s]
 65%|██████▌   | 720/1101 [00:26<00:13, 27.49it/s]
 66%|██████▌   | 723/1101 [00:26<00:13, 27.48it/s]
 66%|██████▌   | 726/1101 [00:26<00:13, 27.35it/s]
 66%|██████▌   | 729/1101 [00:26<00:13, 27.27it/s]
 66%|██████▋   | 732/1101 [00:26<00:13, 27.21it/s]
 67%|██████▋   | 735/1101 [00:26<00:13, 27.15it/s]
 67%|██████▋   | 738/1101 [00:26<00:13, 27.22it/s]
 67%|██████▋   | 741/1101 [00:27<00:13, 27.29it/s]
 68%|██████▊   | 744/1101 [00:27<00:13, 27.43it/s]
 68%|██████▊   | 747/1101 [00:27<00:12, 27.28it/s]
 68%|██████▊   | 750/1101 [00:27<00:12, 27.32it/s]
 68%|██████▊   | 753/1101 [00:27<00:12, 27.36it/s]
 69%|██████▊   | 756/1101 [00:27<00:12, 27.32it/s]
 69%|██████▉   | 759/1101 [00:27<00:12, 27.43it/s]
 69%|██████▉   | 762/1101 [00:27<00:12, 27.46it/s]
 69%|██████▉   | 765/1101 [00:27<00:12, 27.35it/s]
 70%|██████▉   | 768/1101 [00:28<00:12, 27.48it/s]
 70%|███████   | 771/1101 [00:28<00:11, 27.55it/s]
 70%|███████   | 774/1101 [00:28<00:11, 27.50it/s]
 71%|███████   | 777/1101 [00:28<00:11, 27.43it/s]
 71%|███████   | 780/1101 [00:28<00:11, 27.35it/s]
 71%|███████   | 783/1101 [00:28<00:11, 27.35it/s]
 71%|███████▏  | 786/1101 [00:28<00:11, 27.22it/s]
 72%|███████▏  | 789/1101 [00:28<00:11, 27.19it/s]
 72%|███████▏  | 792/1101 [00:28<00:11, 27.26it/s]
 72%|███████▏  | 795/1101 [00:29<00:11, 27.42it/s]
 72%|███████▏  | 798/1101 [00:29<00:10, 27.62it/s]
 73%|███████▎  | 801/1101 [00:29<00:10, 27.64it/s]
 73%|███████▎  | 804/1101 [00:29<00:10, 27.47it/s]
 73%|███████▎  | 807/1101 [00:29<00:10, 27.55it/s]
 74%|███████▎  | 810/1101 [00:29<00:10, 27.38it/s]
 74%|███████▍  | 813/1101 [00:29<00:10, 27.23it/s]
 74%|███████▍  | 816/1101 [00:29<00:10, 27.39it/s]
 74%|███████▍  | 819/1101 [00:29<00:10, 27.49it/s]
 75%|███████▍  | 822/1101 [00:30<00:10, 27.57it/s]
 75%|███████▍  | 825/1101 [00:30<00:10, 27.44it/s]
 75%|███████▌  | 828/1101 [00:30<00:10, 27.29it/s]
 75%|███████▌  | 831/1101 [00:30<00:09, 27.18it/s]
 76%|███████▌  | 834/1101 [00:30<00:09, 27.21it/s]
 76%|███████▌  | 837/1101 [00:30<00:09, 27.29it/s]
 76%|███████▋  | 840/1101 [00:30<00:09, 27.42it/s]
 77%|███████▋  | 843/1101 [00:30<00:09, 27.39it/s]
 77%|███████▋  | 846/1101 [00:30<00:09, 27.48it/s]
 77%|███████▋  | 849/1101 [00:31<00:09, 27.48it/s]
 77%|███████▋  | 852/1101 [00:31<00:09, 27.29it/s]
 78%|███████▊  | 855/1101 [00:31<00:08, 27.42it/s]
 78%|███████▊  | 858/1101 [00:31<00:08, 27.28it/s]
 78%|███████▊  | 861/1101 [00:31<00:08, 27.41it/s]
 78%|███████▊  | 864/1101 [00:31<00:08, 27.42it/s]
 79%|███████▊  | 867/1101 [00:31<00:08, 27.36it/s]
 79%|███████▉  | 870/1101 [00:31<00:08, 27.25it/s]
 79%|███████▉  | 873/1101 [00:31<00:08, 27.30it/s]
 80%|███████▉  | 876/1101 [00:32<00:08, 27.26it/s]
 80%|███████▉  | 879/1101 [00:32<00:08, 27.21it/s]
 80%|████████  | 882/1101 [00:32<00:08, 27.16it/s]
 80%|████████  | 885/1101 [00:32<00:07, 27.31it/s]
 81%|████████  | 888/1101 [00:32<00:07, 27.46it/s]
 81%|████████  | 891/1101 [00:32<00:07, 27.35it/s]
 81%|████████  | 894/1101 [00:32<00:07, 27.35it/s]
 81%|████████▏ | 897/1101 [00:32<00:07, 27.29it/s]
 82%|████████▏ | 900/1101 [00:32<00:07, 27.32it/s]
 82%|████████▏ | 903/1101 [00:33<00:07, 27.18it/s]
 82%|████████▏ | 906/1101 [00:33<00:07, 27.38it/s]
 83%|████████▎ | 909/1101 [00:33<00:06, 27.52it/s]
 83%|████████▎ | 912/1101 [00:33<00:06, 27.27it/s]
 83%|████████▎ | 915/1101 [00:33<00:06, 27.46it/s]
 83%|████████▎ | 918/1101 [00:33<00:06, 27.37it/s]
 84%|████████▎ | 921/1101 [00:33<00:06, 27.29it/s]
 84%|████████▍ | 924/1101 [00:33<00:06, 27.31it/s]
 84%|████████▍ | 927/1101 [00:33<00:06, 27.32it/s]
 84%|████████▍ | 930/1101 [00:34<00:06, 27.35it/s]
 85%|████████▍ | 933/1101 [00:34<00:06, 27.20it/s]
 85%|████████▌ | 936/1101 [00:34<00:06, 27.19it/s]
 85%|████████▌ | 939/1101 [00:34<00:05, 27.19it/s]
 86%|████████▌ | 942/1101 [00:34<00:05, 27.19it/s]
 86%|████████▌ | 945/1101 [00:34<00:05, 27.37it/s]
 86%|████████▌ | 948/1101 [00:34<00:05, 27.35it/s]
 86%|████████▋ | 951/1101 [00:34<00:05, 27.51it/s]
 87%|████████▋ | 954/1101 [00:34<00:05, 27.35it/s]
 87%|████████▋ | 957/1101 [00:34<00:05, 27.29it/s]
 87%|████████▋ | 960/1101 [00:35<00:05, 27.21it/s]
 87%|████████▋ | 963/1101 [00:35<00:05, 27.31it/s]
 88%|████████▊ | 966/1101 [00:35<00:04, 27.12it/s]
 88%|████████▊ | 969/1101 [00:35<00:04, 27.19it/s]
 88%|████████▊ | 972/1101 [00:35<00:04, 27.17it/s]
 89%|████████▊ | 975/1101 [00:35<00:04, 27.22it/s]
 89%|████████▉ | 978/1101 [00:35<00:04, 27.12it/s]
 89%|████████▉ | 981/1101 [00:35<00:04, 27.29it/s]
 89%|████████▉ | 984/1101 [00:35<00:04, 27.18it/s]
 90%|████████▉ | 987/1101 [00:36<00:04, 27.26it/s]
 90%|████████▉ | 990/1101 [00:36<00:04, 27.23it/s]
 90%|█████████ | 993/1101 [00:36<00:03, 27.34it/s]
 90%|█████████ | 996/1101 [00:36<00:03, 27.38it/s]
 91%|█████████ | 999/1101 [00:36<00:03, 27.38it/s]
 91%|█████████ | 1002/1101 [00:36<00:03, 27.45it/s]
 91%|█████████▏| 1005/1101 [00:36<00:03, 27.44it/s]
 92%|█████████▏| 1008/1101 [00:36<00:03, 27.35it/s]
 92%|█████████▏| 1011/1101 [00:36<00:03, 27.48it/s]
 92%|█████████▏| 1014/1101 [00:37<00:03, 27.45it/s]
 92%|█████████▏| 1017/1101 [00:37<00:03, 27.35it/s]
 93%|█████████▎| 1020/1101 [00:37<00:02, 27.22it/s]
 93%|█████████▎| 1023/1101 [00:37<00:02, 27.12it/s]
 93%|█████████▎| 1026/1101 [00:37<00:02, 27.09it/s]
 93%|█████████▎| 1029/1101 [00:37<00:02, 27.27it/s]
 94%|█████████▎| 1032/1101 [00:37<00:02, 27.29it/s]
 94%|█████████▍| 1035/1101 [00:37<00:02, 27.23it/s]
 94%|█████████▍| 1038/1101 [00:37<00:02, 27.19it/s]
 95%|█████████▍| 1041/1101 [00:38<00:02, 27.16it/s]
 95%|█████████▍| 1044/1101 [00:38<00:02, 27.15it/s]
 95%|█████████▌| 1047/1101 [00:38<00:01, 27.25it/s]
 95%|█████████▌| 1050/1101 [00:38<00:01, 27.38it/s]
 96%|█████████▌| 1053/1101 [00:38<00:01, 27.34it/s]
 96%|█████████▌| 1056/1101 [00:38<00:01, 27.28it/s]
 96%|█████████▌| 1059/1101 [00:38<00:01, 27.10it/s]
 96%|█████████▋| 1062/1101 [00:38<00:01, 27.18it/s]
 97%|█████████▋| 1065/1101 [00:38<00:01, 27.26it/s]
 97%|█████████▋| 1068/1101 [00:39<00:01, 27.38it/s]
 97%|█████████▋| 1071/1101 [00:39<00:01, 27.33it/s]
 98%|█████████▊| 1074/1101 [00:39<00:00, 27.28it/s]
 98%|█████████▊| 1077/1101 [00:39<00:00, 27.38it/s]
 98%|█████████▊| 1080/1101 [00:39<00:00, 27.35it/s]
 98%|█████████▊| 1083/1101 [00:39<00:00, 27.30it/s]
 99%|█████████▊| 1086/1101 [00:39<00:00, 27.33it/s]
 99%|█████████▉| 1089/1101 [00:39<00:00, 27.27it/s]
 99%|█████████▉| 1092/1101 [00:39<00:00, 27.41it/s]
 99%|█████████▉| 1095/1101 [00:40<00:00, 27.31it/s]
100%|█████████▉| 1098/1101 [00:40<00:00, 27.48it/s]
100%|██████████| 1101/1101 [00:40<00:00, 27.31it/s]
100%|██████████| 1101/1101 [00:40<00:00, 27.34it/s]
2026-04-17 06:55:05,269 - INFO - There are 0 training samples and 854 validation samples

  0%|          | 0/854 [00:00<?, ?it/s]2026-04-17 06:55:05,269 - INFO - ========= Example =========
2026-04-17 06:55:05,269 - INFO - Candidate: [0, 1, 2, 3, 4]
2026-04-17 06:55:05,269 - INFO - Correct candidate: 3
2026-04-17 06:55:05,277 - INFO - === Candidate 0 ===
2026-04-17 06:55:05,277 - INFO - <s>hardly a film that comes along every day. It was terrible
2026-04-17 06:55:05,277 - INFO - Log probabilities of the option tokens: tensor([-10.9688], dtype=torch.float16)
2026-04-17 06:55:05,285 - INFO - === Candidate 1 (without context)===
2026-04-17 06:55:05,285 - INFO - <s>hardly a film that comes along every day. It was bad
2026-04-17 06:55:05,285 - INFO - Log probabilities of the option tokens: tensor([-9.0312], dtype=torch.float16)
2026-04-17 06:55:05,292 - INFO - === Candidate 2 (without context)===
2026-04-17 06:55:05,292 - INFO - <s>hardly a film that comes along every day. It was okay
2026-04-17 06:55:05,292 - INFO - Log probabilities of the option tokens: tensor([-10.4922], dtype=torch.float16)
2026-04-17 06:55:05,299 - INFO - === Candidate 3 (without context)===
2026-04-17 06:55:05,300 - INFO - <s>hardly a film that comes along every day. It was good
2026-04-17 06:55:05,300 - INFO - Log probabilities of the option tokens: tensor([-5.5547], dtype=torch.float16)
2026-04-17 06:55:05,307 - INFO - === Candidate 4 (without context)===
2026-04-17 06:55:05,307 - INFO - <s>hardly a film that comes along every day. It was great
2026-04-17 06:55:05,307 - INFO - Log probabilities of the option tokens: tensor([-9.1484], dtype=torch.float16)
2026-04-17 06:55:05,307 - INFO - Prediction scores: [-10.96875, -9.03125, -10.4921875, -5.5546875, -9.1484375]
2026-04-17 06:55:05,307 - INFO - ========= Example =========
2026-04-17 06:55:05,307 - INFO - Candidate: [0, 1, 2, 3, 4]
2026-04-17 06:55:05,307 - INFO - Correct candidate: 0
2026-04-17 06:55:05,316 - INFO - === Candidate 0 ===
2026-04-17 06:55:05,316 - INFO - <s>-lrb- sam's -rrb- self-flagellation is more depressing than entertaining. It was terrible
2026-04-17 06:55:05,316 - INFO - Log probabilities of the option tokens: tensor([-10.9609], dtype=torch.float16)
2026-04-17 06:55:05,323 - INFO - === Candidate 1 (without context)===
2026-04-17 06:55:05,323 - INFO - <s>-lrb- sam's -rrb- self-flagellation is more depressing than entertaining. It was bad
2026-04-17 06:55:05,324 - INFO - Log probabilities of the option tokens: tensor([-8.6406], dtype=torch.float16)
2026-04-17 06:55:05,331 - INFO - === Candidate 2 (without context)===
2026-04-17 06:55:05,331 - INFO - <s>-lrb- sam's -rrb- self-flagellation is more depressing than entertaining. It was okay
2026-04-17 06:55:05,331 - INFO - Log probabilities of the option tokens: tensor([-9.7656], dtype=torch.float16)
2026-04-17 06:55:05,338 - INFO - === Candidate 3 (without context)===
2026-04-17 06:55:05,339 - INFO - <s>-lrb- sam's -rrb- self-flagellation is more depressing than entertaining. It was good
2026-04-17 06:55:05,339 - INFO - Log probabilities of the option tokens: tensor([-5.2148], dtype=torch.float16)
2026-04-17 06:55:05,346 - INFO - === Candidate 4 (without context)===
2026-04-17 06:55:05,346 - INFO - <s>-lrb- sam's -rrb- self-flagellation is more depressing than entertaining. It was great
2026-04-17 06:55:05,346 - INFO - Log probabilities of the option tokens: tensor([-8.6719], dtype=torch.float16)
2026-04-17 06:55:05,346 - INFO - Prediction scores: [-10.9609375, -8.640625, -9.765625, -5.21484375, -8.671875]
2026-04-17 06:55:05,347 - INFO - ========= Example =========
2026-04-17 06:55:05,347 - INFO - Candidate: [0, 1, 2, 3, 4]
2026-04-17 06:55:05,347 - INFO - Correct candidate: 4
2026-04-17 06:55:05,355 - INFO - === Candidate 0 ===
2026-04-17 06:55:05,355 - INFO - <s>y tu mamá también is hilariously, gloriously alive, and quite often hotter than georgia asphalt. It was terrible
2026-04-17 06:55:05,355 - INFO - Log probabilities of the option tokens: tensor([-10.5312], dtype=torch.float16)
2026-04-17 06:55:05,363 - INFO - === Candidate 1 (without context)===
2026-04-17 06:55:05,363 - INFO - <s>y tu mamá también is hilariously, gloriously alive, and quite often hotter than georgia asphalt. It was bad
2026-04-17 06:55:05,363 - INFO - Log probabilities of the option tokens: tensor([-8.7969], dtype=torch.float16)
2026-04-17 06:55:05,370 - INFO - === Candidate 2 (without context)===
2026-04-17 06:55:05,370 - INFO - <s>y tu mamá también is hilariously, gloriously alive, and quite often hotter than georgia asphalt. It was okay
2026-04-17 06:55:05,371 - INFO - Log probabilities of the option tokens: tensor([-9.8828], dtype=torch.float16)
2026-04-17 06:55:05,378 - INFO - === Candidate 3 (without context)===
2026-04-17 06:55:05,378 - INFO - <s>y tu mamá también is hilariously, gloriously alive, and quite often hotter than georgia asphalt. It was good
2026-04-17 06:55:05,378 - INFO - Log probabilities of the option tokens: tensor([-5.4570], dtype=torch.float16)
2026-04-17 06:55:05,385 - INFO - === Candidate 4 (without context)===
2026-04-17 06:55:05,386 - INFO - <s>y tu mamá también is hilariously, gloriously alive, and quite often hotter than georgia asphalt. It was great
2026-04-17 06:55:05,386 - INFO - Log probabilities of the option tokens: tensor([-9.4297], dtype=torch.float16)
2026-04-17 06:55:05,386 - INFO - Prediction scores: [-10.53125, -8.796875, -9.8828125, -5.45703125, -9.4296875]

  0%|          | 3/854 [00:00<00:33, 25.60it/s]
  1%|          | 6/854 [00:00<00:31, 26.73it/s]
  1%|          | 9/854 [00:00<00:31, 26.98it/s]
  1%|▏         | 12/854 [00:00<00:30, 27.23it/s]
  2%|▏         | 15/854 [00:00<00:30, 27.35it/s]
  2%|▏         | 18/854 [00:00<00:30, 27.27it/s]
  2%|▏         | 21/854 [00:00<00:30, 27.28it/s]
  3%|▎         | 24/854 [00:00<00:30, 27.20it/s]
  3%|▎         | 27/854 [00:00<00:30, 27.18it/s]
  4%|▎         | 30/854 [00:01<00:30, 27.15it/s]
  4%|▍         | 33/854 [00:01<00:30, 27.24it/s]
  4%|▍         | 36/854 [00:01<00:30, 27.23it/s]
  5%|▍         | 39/854 [00:01<00:30, 27.15it/s]
  5%|▍         | 42/854 [00:01<00:29, 27.37it/s]
  5%|▌         | 45/854 [00:01<00:29, 27.36it/s]
  6%|▌         | 48/854 [00:01<00:29, 27.27it/s]
  6%|▌         | 51/854 [00:01<00:29, 27.22it/s]
  6%|▋         | 54/854 [00:01<00:29, 27.24it/s]
  7%|▋         | 57/854 [00:02<00:29, 27.22it/s]
  7%|▋         | 60/854 [00:02<00:29, 27.17it/s]
  7%|▋         | 63/854 [00:02<00:29, 27.19it/s]
  8%|▊         | 66/854 [00:02<00:28, 27.27it/s]
  8%|▊         | 69/854 [00:02<00:28, 27.39it/s]
  8%|▊         | 72/854 [00:02<00:28, 27.30it/s]
  9%|▉         | 75/854 [00:02<00:28, 27.35it/s]
  9%|▉         | 78/854 [00:02<00:28, 27.36it/s]
  9%|▉         | 81/854 [00:02<00:28, 27.27it/s]
 10%|▉         | 84/854 [00:03<00:28, 27.32it/s]
 10%|█         | 87/854 [00:03<00:28, 27.38it/s]
 11%|█         | 90/854 [00:03<00:27, 27.48it/s]
 11%|█         | 93/854 [00:03<00:27, 27.54it/s]
 11%|█         | 96/854 [00:03<00:27, 27.59it/s]
 12%|█▏        | 99/854 [00:03<00:27, 27.56it/s]
 12%|█▏        | 102/854 [00:03<00:27, 27.60it/s]
 12%|█▏        | 105/854 [00:03<00:27, 27.51it/s]
 13%|█▎        | 108/854 [00:03<00:27, 27.59it/s]
 13%|█▎        | 111/854 [00:04<00:26, 27.63it/s]
 13%|█▎        | 114/854 [00:04<00:26, 27.41it/s]
 14%|█▎        | 117/854 [00:04<00:26, 27.36it/s]
 14%|█▍        | 120/854 [00:04<00:26, 27.22it/s]
 14%|█▍        | 123/854 [00:04<00:26, 27.50it/s]
 15%|█▍        | 126/854 [00:04<00:26, 27.40it/s]
 15%|█▌        | 129/854 [00:04<00:26, 27.29it/s]
 15%|█▌        | 132/854 [00:04<00:26, 27.35it/s]
 16%|█▌        | 135/854 [00:04<00:26, 27.47it/s]
 16%|█▌        | 138/854 [00:05<00:26, 27.33it/s]
 17%|█▋        | 141/854 [00:05<00:26, 27.36it/s]
 17%|█▋        | 144/854 [00:05<00:25, 27.31it/s]
 17%|█▋        | 147/854 [00:05<00:25, 27.34it/s]
 18%|█▊        | 150/854 [00:05<00:25, 27.45it/s]
 18%|█▊        | 153/854 [00:05<00:25, 27.57it/s]
 18%|█▊        | 156/854 [00:05<00:25, 27.37it/s]
 19%|█▊        | 159/854 [00:05<00:25, 27.31it/s]
 19%|█▉        | 162/854 [00:05<00:25, 27.32it/s]
 19%|█▉        | 165/854 [00:06<00:25, 27.43it/s]
 20%|█▉        | 168/854 [00:06<00:24, 27.46it/s]
 20%|██        | 171/854 [00:06<00:24, 27.43it/s]
 20%|██        | 174/854 [00:06<00:24, 27.52it/s]
 21%|██        | 177/854 [00:06<00:24, 27.52it/s]
 21%|██        | 180/854 [00:06<00:24, 27.50it/s]
 21%|██▏       | 183/854 [00:06<00:24, 27.48it/s]
 22%|██▏       | 186/854 [00:06<00:24, 27.47it/s]
 22%|██▏       | 189/854 [00:06<00:24, 27.27it/s]
 22%|██▏       | 192/854 [00:07<00:24, 27.25it/s]
 23%|██▎       | 195/854 [00:07<00:24, 27.18it/s]
 23%|██▎       | 198/854 [00:07<00:24, 27.19it/s]
 24%|██▎       | 201/854 [00:07<00:23, 27.38it/s]
 24%|██▍       | 204/854 [00:07<00:23, 27.25it/s]
 24%|██▍       | 207/854 [00:07<00:23, 27.29it/s]
 25%|██▍       | 210/854 [00:07<00:23, 27.25it/s]
 25%|██▍       | 213/854 [00:07<00:23, 27.25it/s]
 25%|██▌       | 216/854 [00:07<00:23, 27.31it/s]
 26%|██▌       | 219/854 [00:08<00:23, 27.44it/s]
 26%|██▌       | 222/854 [00:08<00:23, 27.46it/s]
 26%|██▋       | 225/854 [00:08<00:22, 27.45it/s]
 27%|██▋       | 228/854 [00:08<00:22, 27.46it/s]
 27%|██▋       | 231/854 [00:08<00:22, 27.43it/s]
 27%|██▋       | 234/854 [00:08<00:22, 27.31it/s]
 28%|██▊       | 237/854 [00:08<00:22, 27.21it/s]
 28%|██▊       | 240/854 [00:08<00:22, 27.22it/s]
 28%|██▊       | 243/854 [00:08<00:22, 27.20it/s]
 29%|██▉       | 246/854 [00:08<00:22, 27.28it/s]
 29%|██▉       | 249/854 [00:09<00:22, 27.45it/s]
 30%|██▉       | 252/854 [00:09<00:21, 27.44it/s]
 30%|██▉       | 255/854 [00:09<00:21, 27.42it/s]
 30%|███       | 258/854 [00:09<00:21, 27.28it/s]
 31%|███       | 261/854 [00:09<00:21, 27.28it/s]
 31%|███       | 264/854 [00:09<00:21, 27.26it/s]
 31%|███▏      | 267/854 [00:09<00:21, 27.41it/s]
 32%|███▏      | 270/854 [00:09<00:21, 27.32it/s]
 32%|███▏      | 273/854 [00:09<00:21, 27.40it/s]
 32%|███▏      | 276/854 [00:10<00:21, 27.37it/s]
 33%|███▎      | 279/854 [00:10<00:20, 27.39it/s]
 33%|███▎      | 282/854 [00:10<00:20, 27.51it/s]
 33%|███▎      | 285/854 [00:10<00:20, 27.65it/s]
 34%|███▎      | 288/854 [00:10<00:20, 27.55it/s]
 34%|███▍      | 291/854 [00:10<00:20, 27.51it/s]
 34%|███▍      | 294/854 [00:10<00:20, 27.23it/s]
 35%|███▍      | 297/854 [00:10<00:20, 27.20it/s]
 35%|███▌      | 300/854 [00:10<00:20, 27.18it/s]
 35%|███▌      | 303/854 [00:11<00:20, 27.31it/s]
 36%|███▌      | 306/854 [00:11<00:20, 27.35it/s]
 36%|███▌      | 309/854 [00:11<00:19, 27.34it/s]
 37%|███▋      | 312/854 [00:11<00:19, 27.45it/s]
 37%|███▋      | 315/854 [00:11<00:19, 27.62it/s]
 37%|███▋      | 318/854 [00:11<00:19, 27.49it/s]
 38%|███▊      | 321/854 [00:11<00:19, 27.49it/s]
 38%|███▊      | 324/854 [00:11<00:19, 27.60it/s]
 38%|███▊      | 327/854 [00:11<00:19, 27.65it/s]
 39%|███▊      | 330/854 [00:12<00:19, 27.42it/s]
 39%|███▉      | 333/854 [00:12<00:18, 27.47it/s]
 39%|███▉      | 336/854 [00:12<00:18, 27.50it/s]
 40%|███▉      | 339/854 [00:12<00:18, 27.45it/s]
 40%|████      | 342/854 [00:12<00:18, 27.49it/s]
 40%|████      | 345/854 [00:12<00:18, 27.34it/s]
 41%|████      | 348/854 [00:12<00:18, 27.31it/s]
 41%|████      | 351/854 [00:12<00:18, 27.23it/s]
 41%|████▏     | 354/854 [00:12<00:18, 27.27it/s]
 42%|████▏     | 357/854 [00:13<00:18, 27.30it/s]
 42%|████▏     | 360/854 [00:13<00:18, 27.02it/s]
 43%|████▎     | 363/854 [00:13<00:18, 26.94it/s]
 43%|████▎     | 366/854 [00:13<00:18, 26.98it/s]
 43%|████▎     | 369/854 [00:13<00:18, 26.94it/s]
 44%|████▎     | 372/854 [00:13<00:17, 26.94it/s]
 44%|████▍     | 375/854 [00:13<00:17, 27.08it/s]
 44%|████▍     | 378/854 [00:13<00:17, 27.04it/s]
 45%|████▍     | 381/854 [00:13<00:17, 27.19it/s]
 45%|████▍     | 384/854 [00:14<00:17, 27.18it/s]
 45%|████▌     | 387/854 [00:14<00:17, 27.29it/s]
 46%|████▌     | 390/854 [00:14<00:16, 27.33it/s]
 46%|████▌     | 393/854 [00:14<00:16, 27.50it/s]
 46%|████▋     | 396/854 [00:14<00:16, 27.34it/s]
 47%|████▋     | 399/854 [00:14<00:16, 27.15it/s]
 47%|████▋     | 402/854 [00:14<00:16, 27.12it/s]
 47%|████▋     | 405/854 [00:14<00:16, 27.27it/s]
 48%|████▊     | 408/854 [00:14<00:16, 27.25it/s]
 48%|████▊     | 411/854 [00:15<00:16, 27.23it/s]
 48%|████▊     | 414/854 [00:15<00:16, 27.29it/s]
 49%|████▉     | 417/854 [00:15<00:16, 27.29it/s]
 49%|████▉     | 420/854 [00:15<00:15, 27.22it/s]
 50%|████▉     | 423/854 [00:15<00:15, 27.35it/s]
 50%|████▉     | 426/854 [00:15<00:15, 27.14it/s]
 50%|█████     | 429/854 [00:15<00:15, 27.15it/s]
 51%|█████     | 432/854 [00:15<00:15, 27.29it/s]
 51%|█████     | 435/854 [00:15<00:15, 27.35it/s]
 51%|█████▏    | 438/854 [00:16<00:15, 27.30it/s]
 52%|█████▏    | 441/854 [00:16<00:15, 27.43it/s]
 52%|█████▏    | 444/854 [00:16<00:14, 27.43it/s]
 52%|█████▏    | 447/854 [00:16<00:14, 27.46it/s]
 53%|█████▎    | 450/854 [00:16<00:14, 27.32it/s]
 53%|█████▎    | 453/854 [00:16<00:14, 27.14it/s]
 53%|█████▎    | 456/854 [00:16<00:14, 27.15it/s]
 54%|█████▎    | 459/854 [00:16<00:14, 27.16it/s]
 54%|█████▍    | 462/854 [00:16<00:14, 27.23it/s]
 54%|█████▍    | 465/854 [00:17<00:14, 27.17it/s]
 55%|█████▍    | 468/854 [00:17<00:14, 27.29it/s]
 55%|█████▌    | 471/854 [00:17<00:13, 27.42it/s]
 56%|█████▌    | 474/854 [00:17<00:13, 27.51it/s]
 56%|█████▌    | 477/854 [00:17<00:13, 27.45it/s]
 56%|█████▌    | 480/854 [00:17<00:13, 27.45it/s]
 57%|█████▋    | 483/854 [00:17<00:13, 27.52it/s]
 57%|█████▋    | 486/854 [00:17<00:13, 27.47it/s]
 57%|█████▋    | 489/854 [00:17<00:13, 27.42it/s]
 58%|█████▊    | 492/854 [00:17<00:13, 27.60it/s]
 58%|█████▊    | 495/854 [00:18<00:13, 27.59it/s]
 58%|█████▊    | 498/854 [00:18<00:12, 27.60it/s]
 59%|█████▊    | 501/854 [00:18<00:12, 27.61it/s]
 59%|█████▉    | 504/854 [00:18<00:12, 27.32it/s]
 59%|█████▉    | 507/854 [00:18<00:12, 27.35it/s]
 60%|█████▉    | 510/854 [00:18<00:12, 27.40it/s]
 60%|██████    | 513/854 [00:18<00:12, 27.42it/s]
 60%|██████    | 516/854 [00:18<00:12, 27.59it/s]
 61%|██████    | 519/854 [00:18<00:12, 27.46it/s]
 61%|██████    | 522/854 [00:19<00:12, 27.42it/s]
 61%|██████▏   | 525/854 [00:19<00:12, 27.40it/s]
 62%|██████▏   | 528/854 [00:19<00:11, 27.34it/s]
 62%|██████▏   | 531/854 [00:19<00:11, 27.25it/s]
 63%|██████▎   | 534/854 [00:19<00:11, 27.35it/s]
 63%|██████▎   | 537/854 [00:19<00:11, 27.43it/s]
 63%|██████▎   | 540/854 [00:19<00:11, 27.49it/s]
 64%|██████▎   | 543/854 [00:19<00:11, 27.53it/s]
 64%|██████▍   | 546/854 [00:19<00:11, 27.50it/s]
 64%|██████▍   | 549/854 [00:20<00:11, 27.42it/s]
 65%|██████▍   | 552/854 [00:20<00:10, 27.51it/s]
 65%|██████▍   | 555/854 [00:20<00:10, 27.66it/s]
 65%|██████▌   | 558/854 [00:20<00:10, 27.61it/s]
 66%|██████▌   | 561/854 [00:20<00:10, 27.52it/s]
 66%|██████▌   | 564/854 [00:20<00:10, 27.49it/s]
 66%|██████▋   | 567/854 [00:20<00:10, 27.64it/s]
 67%|██████▋   | 570/854 [00:20<00:10, 27.70it/s]
 67%|██████▋   | 573/854 [00:20<00:10, 27.53it/s]
 67%|██████▋   | 576/854 [00:21<00:10, 27.50it/s]
 68%|██████▊   | 579/854 [00:21<00:10, 27.34it/s]
 68%|██████▊   | 582/854 [00:21<00:09, 27.26it/s]
 69%|██████▊   | 585/854 [00:21<00:09, 27.16it/s]
 69%|██████▉   | 588/854 [00:21<00:09, 27.25it/s]
 69%|██████▉   | 591/854 [00:21<00:09, 27.19it/s]
 70%|██████▉   | 594/854 [00:21<00:09, 27.47it/s]
 70%|██████▉   | 597/854 [00:21<00:09, 27.59it/s]
 70%|███████   | 600/854 [00:21<00:09, 27.60it/s]
 71%|███████   | 603/854 [00:22<00:09, 27.65it/s]
 71%|███████   | 606/854 [00:22<00:08, 27.58it/s]
 71%|███████▏  | 609/854 [00:22<00:08, 27.58it/s]
 72%|███████▏  | 612/854 [00:22<00:08, 27.33it/s]
 72%|███████▏  | 615/854 [00:22<00:08, 27.41it/s]
 72%|███████▏  | 618/854 [00:22<00:08, 27.33it/s]
 73%|███████▎  | 621/854 [00:22<00:08, 27.39it/s]
 73%|███████▎  | 624/854 [00:22<00:08, 27.47it/s]
 73%|███████▎  | 627/854 [00:22<00:08, 27.48it/s]
 74%|███████▍  | 630/854 [00:23<00:08, 27.58it/s]
 74%|███████▍  | 633/854 [00:23<00:08, 27.59it/s]
 74%|███████▍  | 636/854 [00:23<00:07, 27.46it/s]
 75%|███████▍  | 639/854 [00:23<00:07, 27.47it/s]
 75%|███████▌  | 642/854 [00:23<00:07, 27.56it/s]
 76%|███████▌  | 645/854 [00:23<00:07, 27.44it/s]
 76%|███████▌  | 648/854 [00:23<00:07, 27.66it/s]
 76%|███████▌  | 651/854 [00:23<00:07, 27.65it/s]
 77%|███████▋  | 654/854 [00:23<00:07, 27.57it/s]
 77%|███████▋  | 657/854 [00:24<00:07, 27.37it/s]
 77%|███████▋  | 660/854 [00:24<00:07, 27.30it/s]
 78%|███████▊  | 663/854 [00:24<00:07, 27.25it/s]
 78%|███████▊  | 666/854 [00:24<00:06, 27.28it/s]
 78%|███████▊  | 669/854 [00:24<00:06, 27.18it/s]
 79%|███████▊  | 672/854 [00:24<00:06, 27.11it/s]
 79%|███████▉  | 675/854 [00:24<00:06, 26.92it/s]
 79%|███████▉  | 678/854 [00:24<00:06, 26.98it/s]
 80%|███████▉  | 681/854 [00:24<00:06, 27.17it/s]
 80%|████████  | 684/854 [00:25<00:06, 27.30it/s]
 80%|████████  | 687/854 [00:25<00:06, 27.32it/s]
 81%|████████  | 690/854 [00:25<00:05, 27.56it/s]
 81%|████████  | 693/854 [00:25<00:05, 27.36it/s]
 81%|████████▏ | 696/854 [00:25<00:05, 27.37it/s]
 82%|████████▏ | 699/854 [00:25<00:05, 27.34it/s]
 82%|████████▏ | 702/854 [00:25<00:05, 27.39it/s]
 83%|████████▎ | 705/854 [00:25<00:05, 27.40it/s]
 83%|████████▎ | 708/854 [00:25<00:05, 27.43it/s]
 83%|████████▎ | 711/854 [00:25<00:05, 27.31it/s]
 84%|████████▎ | 714/854 [00:26<00:05, 27.41it/s]
 84%|████████▍ | 717/854 [00:26<00:05, 27.40it/s]
 84%|████████▍ | 720/854 [00:26<00:04, 27.30it/s]
 85%|████████▍ | 723/854 [00:26<00:04, 27.35it/s]
 85%|████████▌ | 726/854 [00:26<00:04, 27.45it/s]
 85%|████████▌ | 729/854 [00:26<00:04, 27.43it/s]
 86%|████████▌ | 732/854 [00:26<00:04, 27.57it/s]
 86%|████████▌ | 735/854 [00:26<00:04, 27.52it/s]
 86%|████████▋ | 738/854 [00:26<00:04, 27.57it/s]
 87%|████████▋ | 741/854 [00:27<00:04, 27.64it/s]
 87%|████████▋ | 744/854 [00:27<00:04, 27.48it/s]
 87%|████████▋ | 747/854 [00:27<00:03, 27.41it/s]
 88%|████████▊ | 750/854 [00:27<00:03, 27.41it/s]
 88%|████████▊ | 753/854 [00:27<00:03, 27.47it/s]
 89%|████████▊ | 756/854 [00:27<00:03, 27.40it/s]
 89%|████████▉ | 759/854 [00:27<00:03, 27.27it/s]
 89%|████████▉ | 762/854 [00:27<00:03, 27.32it/s]
 90%|████████▉ | 765/854 [00:27<00:03, 27.46it/s]
 90%|████████▉ | 768/854 [00:28<00:03, 27.63it/s]
 90%|█████████ | 771/854 [00:28<00:03, 27.46it/s]
 91%|█████████ | 774/854 [00:28<00:02, 27.41it/s]
 91%|█████████ | 777/854 [00:28<00:02, 27.32it/s]
 91%|█████████▏| 780/854 [00:28<00:02, 27.40it/s]
 92%|█████████▏| 783/854 [00:28<00:02, 27.24it/s]
 92%|█████████▏| 786/854 [00:28<00:02, 27.34it/s]
 92%|█████████▏| 789/854 [00:28<00:02, 27.40it/s]
 93%|█████████▎| 792/854 [00:28<00:02, 27.40it/s]
 93%|█████████▎| 795/854 [00:29<00:02, 27.40it/s]
 93%|█████████▎| 798/854 [00:29<00:02, 27.40it/s]
 94%|█████████▍| 801/854 [00:29<00:01, 27.34it/s]
 94%|█████████▍| 804/854 [00:29<00:01, 27.45it/s]
 94%|█████████▍| 807/854 [00:29<00:01, 27.46it/s]
 95%|█████████▍| 810/854 [00:29<00:01, 27.69it/s]
 95%|█████████▌| 813/854 [00:29<00:01, 27.61it/s]
 96%|█████████▌| 816/854 [00:29<00:01, 27.49it/s]
 96%|█████████▌| 819/854 [00:29<00:01, 27.37it/s]
 96%|█████████▋| 822/854 [00:30<00:01, 27.31it/s]
 97%|█████████▋| 825/854 [00:30<00:01, 27.37it/s]
 97%|█████████▋| 828/854 [00:30<00:00, 27.40it/s]
 97%|█████████▋| 831/854 [00:30<00:00, 27.26it/s]
 98%|█████████▊| 834/854 [00:30<00:00, 27.32it/s]
 98%|█████████▊| 837/854 [00:30<00:00, 27.34it/s]
 98%|█████████▊| 840/854 [00:30<00:00, 27.44it/s]
 99%|█████████▊| 843/854 [00:30<00:00, 27.40it/s]
 99%|█████████▉| 846/854 [00:30<00:00, 27.44it/s]
 99%|█████████▉| 849/854 [00:31<00:00, 27.53it/s]
100%|█████████▉| 852/854 [00:31<00:00, 27.36it/s]
100%|██████████| 854/854 [00:31<00:00, 27.37it/s]
2026-04-17 06:55:36,469 - INFO - ===== Train set 42 =====
2026-04-17 06:55:36,469 - INFO - {'accuracy': np.float64(0.25340599455040874), 'dev_accuracy': np.float64(0.28805620608899296)}
[nan-guard] child exited with code 0.
