epoch,global_step,train_loss,train_acc,eval_ran,eval_loss,eval_acc,eval_loss_avg5
0.0,0,1.2092742919921875,0.34375,NO,,,
0.0,0,1.2092742919921875,0.34375,NO,,,
0.0,0,1.2092742919921875,0.34375,NO,,,
0.0,0,1.2092742919921875,0.34375,NO,,,
0.0,0,1.2092742919921875,0.34375,NO,,,
0.0,0,1.2092742919921875,0.34375,NO,,,
0.0,0,1.2092742919921875,0.34375,NO,,,
0.0,0,1.2092742919921875,0.34375,NO,,,
0.0,0,1.2092742919921875,0.34375,NO,,,
0.0,0,1.2092742919921875,0.34375,NO,,,
0.0009053870529651426,10,1.197174072265625,0.4375,NO,,,
0.0009053870529651426,10,1.197174072265625,0.4375,NO,,,
0.0009053870529651426,10,1.197174072265625,0.4375,NO,,,
0.0009053870529651426,10,1.197174072265625,0.4375,NO,,,
0.0009053870529651426,10,1.197174072265625,0.4375,NO,,,
0.0009053870529651426,10,1.197174072265625,0.4375,NO,,,
0.0009053870529651426,10,1.197174072265625,0.4375,NO,,,
0.0009053870529651426,10,1.197174072265625,0.4375,NO,,,
0.0009053870529651426,10,1.197174072265625,0.4375,NO,,,
0.0009053870529651426,10,1.197174072265625,0.4375,NO,,,
0.0018107741059302852,20,1.4619598388671875,0.1875,NO,,,
0.0018107741059302852,20,1.4619598388671875,0.1875,NO,,,
0.0018107741059302852,20,1.4619598388671875,0.1875,NO,,,
0.0018107741059302852,20,1.4619598388671875,0.1875,NO,,,
0.0018107741059302852,20,1.4619598388671875,0.1875,NO,,,
0.0018107741059302852,20,1.4619598388671875,0.1875,NO,,,
0.0018107741059302852,20,1.4619598388671875,0.1875,NO,,,
0.0018107741059302852,20,1.4619598388671875,0.1875,NO,,,
0.0018107741059302852,20,1.4619598388671875,0.1875,NO,,,
0.0018107741059302852,20,1.4619598388671875,0.1875,NO,,,
0.002716161158895428,30,1.2803192138671875,0.40625,NO,,,
0.002716161158895428,30,1.2803192138671875,0.40625,NO,,,
0.002716161158895428,30,1.2803192138671875,0.40625,NO,,,
0.002716161158895428,30,1.2803192138671875,0.40625,NO,,,
0.002716161158895428,30,1.2803192138671875,0.40625,NO,,,
0.002716161158895428,30,1.2803192138671875,0.40625,NO,,,
0.002716161158895428,30,1.2803192138671875,0.40625,NO,,,
0.002716161158895428,30,1.2803192138671875,0.40625,NO,,,
0.002716161158895428,30,1.2803192138671875,0.40625,NO,,,
0.002716161158895428,30,1.2803192138671875,0.40625,NO,,,
0.0036215482118605704,40,1.3749465942382812,0.28125,NO,,,
0.0036215482118605704,40,1.3749465942382812,0.28125,NO,,,
0.0036215482118605704,40,1.3749465942382812,0.28125,NO,,,
0.0036215482118605704,40,1.3749465942382812,0.28125,NO,,,
0.0036215482118605704,40,1.3749465942382812,0.28125,NO,,,
0.0036215482118605704,40,1.3749465942382812,0.28125,NO,,,
0.0036215482118605704,40,1.3749465942382812,0.28125,NO,,,
0.0036215482118605704,40,1.3749465942382812,0.28125,NO,,,
0.0036215482118605704,40,1.3749465942382812,0.28125,NO,,,
0.0036215482118605704,40,1.3749465942382812,0.28125,NO,,,
0.004526935264825713,50,1.2704010009765625,0.34375,NO,,,
0.004526935264825713,50,1.2704010009765625,0.34375,NO,,,
0.004526935264825713,50,1.2704010009765625,0.34375,NO,,,
0.004526935264825713,50,1.2704010009765625,0.34375,NO,,,
0.004526935264825713,50,1.2704010009765625,0.34375,NO,,,
0.004526935264825713,50,1.2704010009765625,0.34375,NO,,,
0.004526935264825713,50,1.2704010009765625,0.34375,NO,,,
0.004526935264825713,50,1.2704010009765625,0.34375,NO,,,
0.004526935264825713,50,1.2704010009765625,0.34375,NO,,,
0.004526935264825713,50,1.2704010009765625,0.34375,NO,,,
0.005432322317790856,60,1.1714859008789062,0.28125,NO,,,
0.005432322317790856,60,1.1714859008789062,0.28125,NO,,,
0.005432322317790856,60,1.1714859008789062,0.28125,NO,,,
0.005432322317790856,60,1.1714859008789062,0.28125,NO,,,
0.005432322317790856,60,1.1714859008789062,0.28125,NO,,,
0.005432322317790856,60,1.1714859008789062,0.28125,NO,,,
0.005432322317790856,60,1.1714859008789062,0.28125,NO,,,
0.005432322317790856,60,1.1714859008789062,0.28125,NO,,,
0.005432322317790856,60,1.1714859008789062,0.28125,NO,,,
0.005432322317790856,60,1.1714859008789062,0.28125,NO,,,
0.006337709370755998,70,1.139984130859375,0.4375,NO,,,
0.006337709370755998,70,1.139984130859375,0.4375,NO,,,
0.006337709370755998,70,1.139984130859375,0.4375,NO,,,
0.006337709370755998,70,1.139984130859375,0.4375,NO,,,
0.006337709370755998,70,1.139984130859375,0.4375,NO,,,
0.006337709370755998,70,1.139984130859375,0.4375,NO,,,
0.006337709370755998,70,1.139984130859375,0.4375,NO,,,
0.006337709370755998,70,1.139984130859375,0.4375,NO,,,
0.006337709370755998,70,1.139984130859375,0.4375,NO,,,
0.006337709370755998,70,1.139984130859375,0.4375,NO,,,
0.007243096423721141,80,1.1260986328125,0.34375,NO,,,
0.007243096423721141,80,1.1260986328125,0.34375,NO,,,
0.007243096423721141,80,1.1260986328125,0.34375,NO,,,
0.007243096423721141,80,1.1260986328125,0.34375,NO,,,
0.007243096423721141,80,1.1260986328125,0.34375,NO,,,
0.007243096423721141,80,1.1260986328125,0.34375,NO,,,
0.007243096423721141,80,1.1260986328125,0.34375,NO,,,
0.007243096423721141,80,1.1260986328125,0.34375,NO,,,
0.007243096423721141,80,1.1260986328125,0.34375,NO,,,
0.007243096423721141,80,1.1260986328125,0.34375,NO,,,
0.008148483476686284,90,1.3280105590820312,0.21875,NO,,,
0.008148483476686284,90,1.3280105590820312,0.21875,NO,,,
0.008148483476686284,90,1.3280105590820312,0.21875,NO,,,
0.008148483476686284,90,1.3280105590820312,0.21875,NO,,,
0.008148483476686284,90,1.3280105590820312,0.21875,NO,,,
0.008148483476686284,90,1.3280105590820312,0.21875,NO,,,
0.008148483476686284,90,1.3280105590820312,0.21875,NO,,,
0.008148483476686284,90,1.3280105590820312,0.21875,NO,,,
0.008148483476686284,90,1.3280105590820312,0.21875,NO,,,
0.008148483476686284,90,1.3280105590820312,0.21875,NO,,,
0.009053870529651425,100,1.3311920166015625,0.34375,NO,,,
0.009053870529651425,100,1.3311920166015625,0.34375,NO,,,
0.009053870529651425,100,1.3311920166015625,0.34375,NO,,,
0.009053870529651425,100,1.3311920166015625,0.34375,NO,,,
0.009053870529651425,100,1.3311920166015625,0.34375,NO,,,
0.009053870529651425,100,1.3311920166015625,0.34375,NO,,,
0.009053870529651425,100,1.3311920166015625,0.34375,NO,,,
0.009053870529651425,100,1.3311920166015625,0.34375,NO,,,
0.009053870529651425,100,1.3311920166015625,0.34375,NO,,,
0.009053870529651425,100,1.3311920166015625,0.34375,NO,,,
0.009959257582616569,110,1.2216873168945312,0.34375,NO,,,
0.009959257582616569,110,1.2216873168945312,0.34375,NO,,,
0.009959257582616569,110,1.2216873168945312,0.34375,NO,,,
0.009959257582616569,110,1.2216873168945312,0.34375,NO,,,
0.009959257582616569,110,1.2216873168945312,0.34375,NO,,,
0.009959257582616569,110,1.2216873168945312,0.34375,NO,,,
0.009959257582616569,110,1.2216873168945312,0.34375,NO,,,
0.009959257582616569,110,1.2216873168945312,0.34375,NO,,,
0.009959257582616569,110,1.2216873168945312,0.34375,NO,,,
0.009959257582616569,110,1.2216873168945312,0.34375,NO,,,
0.010864644635581712,120,1.1151084899902344,0.40625,NO,,,
0.010864644635581712,120,1.1151084899902344,0.40625,NO,,,
0.010864644635581712,120,1.1151084899902344,0.40625,NO,,,
0.010864644635581712,120,1.1151084899902344,0.40625,NO,,,
0.010864644635581712,120,1.1151084899902344,0.40625,NO,,,
0.010864644635581712,120,1.1151084899902344,0.40625,NO,,,
0.010864644635581712,120,1.1151084899902344,0.40625,NO,,,
0.010864644635581712,120,1.1151084899902344,0.40625,NO,,,
0.010864644635581712,120,1.1151084899902344,0.40625,NO,,,
0.010864644635581712,120,1.1151084899902344,0.40625,NO,,,
0.011770031688546853,130,1.4336929321289062,0.1875,NO,,,
0.011770031688546853,130,1.4336929321289062,0.1875,NO,,,
0.011770031688546853,130,1.4336929321289062,0.1875,NO,,,
0.011770031688546853,130,1.4336929321289062,0.1875,NO,,,
0.011770031688546853,130,1.4336929321289062,0.1875,NO,,,
0.011770031688546853,130,1.4336929321289062,0.1875,NO,,,
0.011770031688546853,130,1.4336929321289062,0.1875,NO,,,
0.011770031688546853,130,1.4336929321289062,0.1875,NO,,,
0.011770031688546853,130,1.4336929321289062,0.1875,NO,,,
0.011770031688546853,130,1.4336929321289062,0.1875,NO,,,
0.012675418741511997,140,1.259185791015625,0.5,NO,,,
0.012675418741511997,140,1.259185791015625,0.5,NO,,,
0.012675418741511997,140,1.259185791015625,0.5,NO,,,
0.012675418741511997,140,1.259185791015625,0.5,NO,,,
0.012675418741511997,140,1.259185791015625,0.5,NO,,,
0.012675418741511997,140,1.259185791015625,0.5,NO,,,
0.012675418741511997,140,1.259185791015625,0.5,NO,,,
0.012675418741511997,140,1.259185791015625,0.5,NO,,,
0.012675418741511997,140,1.259185791015625,0.5,NO,,,
0.012675418741511997,140,1.259185791015625,0.5,NO,,,
0.013580805794477138,150,1.2946319580078125,0.28125,NO,,,
0.013580805794477138,150,1.2946319580078125,0.28125,NO,,,
0.013580805794477138,150,1.2946319580078125,0.28125,NO,,,
0.013580805794477138,150,1.2946319580078125,0.28125,NO,,,
0.013580805794477138,150,1.2946319580078125,0.28125,NO,,,
0.013580805794477138,150,1.2946319580078125,0.28125,NO,,,
0.013580805794477138,150,1.2946319580078125,0.28125,NO,,,
0.013580805794477138,150,1.2946319580078125,0.28125,NO,,,
0.013580805794477138,150,1.2946319580078125,0.28125,NO,,,
0.013580805794477138,150,1.2946319580078125,0.28125,NO,,,
0.014486192847442281,160,1.1973342895507812,0.40625,NO,,,
0.014486192847442281,160,1.1973342895507812,0.40625,NO,,,
0.014486192847442281,160,1.1973342895507812,0.40625,NO,,,
0.014486192847442281,160,1.1973342895507812,0.40625,NO,,,
0.014486192847442281,160,1.1973342895507812,0.40625,NO,,,
0.014486192847442281,160,1.1973342895507812,0.40625,NO,,,
0.014486192847442281,160,1.1973342895507812,0.40625,NO,,,
0.014486192847442281,160,1.1973342895507812,0.40625,NO,,,
0.014486192847442281,160,1.1973342895507812,0.40625,NO,,,
0.014486192847442281,160,1.1973342895507812,0.40625,NO,,,
0.015391579900407425,170,1.7649993896484375,0.28125,NO,,,
0.015391579900407425,170,1.7649993896484375,0.28125,NO,,,
0.015391579900407425,170,1.7649993896484375,0.28125,NO,,,
0.015391579900407425,170,1.7649993896484375,0.28125,NO,,,
0.015391579900407425,170,1.7649993896484375,0.28125,NO,,,
0.015391579900407425,170,1.7649993896484375,0.28125,NO,,,
0.015391579900407425,170,1.7649993896484375,0.28125,NO,,,
0.015391579900407425,170,1.7649993896484375,0.28125,NO,,,
0.015391579900407425,170,1.7649993896484375,0.28125,NO,,,
0.015391579900407425,170,1.7649993896484375,0.28125,NO,,,
0.016296966953372568,180,1.4489288330078125,0.46875,NO,,,
0.016296966953372568,180,1.4489288330078125,0.46875,NO,,,
0.016296966953372568,180,1.4489288330078125,0.46875,NO,,,
0.016296966953372568,180,1.4489288330078125,0.46875,NO,,,
0.016296966953372568,180,1.4489288330078125,0.46875,NO,,,
0.016296966953372568,180,1.4489288330078125,0.46875,NO,,,
0.016296966953372568,180,1.4489288330078125,0.46875,NO,,,
0.016296966953372568,180,1.4489288330078125,0.46875,NO,,,
0.016296966953372568,180,1.4489288330078125,0.46875,NO,,,
0.016296966953372568,180,1.4489288330078125,0.46875,NO,,,
0.017202354006337708,190,1.5905609130859375,0.3125,NO,,,
0.017202354006337708,190,1.5905609130859375,0.3125,NO,,,
0.017202354006337708,190,1.5905609130859375,0.3125,NO,,,
0.017202354006337708,190,1.5905609130859375,0.3125,NO,,,
0.017202354006337708,190,1.5905609130859375,0.3125,NO,,,
0.017202354006337708,190,1.5905609130859375,0.3125,NO,,,
0.017202354006337708,190,1.5905609130859375,0.3125,NO,,,
0.017202354006337708,190,1.5905609130859375,0.3125,NO,,,
0.017202354006337708,190,1.5905609130859375,0.3125,NO,,,
0.017202354006337708,190,1.5905609130859375,0.3125,NO,,,
0.01810774105930285,200,1.2440109252929688,0.34375,NO,,,
0.01810774105930285,200,1.2440109252929688,0.34375,NO,,,
0.01810774105930285,200,1.2440109252929688,0.34375,NO,,,
0.01810774105930285,200,1.2440109252929688,0.34375,NO,,,
0.01810774105930285,200,1.2440109252929688,0.34375,NO,,,
0.01810774105930285,200,1.2440109252929688,0.34375,NO,,,
0.01810774105930285,200,1.2440109252929688,0.34375,NO,,,
0.01810774105930285,200,1.2440109252929688,0.34375,NO,,,
0.01810774105930285,200,1.2440109252929688,0.34375,NO,,,
0.01810774105930285,200,1.2440109252929688,0.34375,NO,,,
0.019013128112267994,210,1.1532363891601562,0.40625,NO,,,
0.019013128112267994,210,1.1532363891601562,0.40625,NO,,,
0.019013128112267994,210,1.1532363891601562,0.40625,NO,,,
0.019013128112267994,210,1.1532363891601562,0.40625,NO,,,
0.019013128112267994,210,1.1532363891601562,0.40625,NO,,,
0.019013128112267994,210,1.1532363891601562,0.40625,NO,,,
0.019013128112267994,210,1.1532363891601562,0.40625,NO,,,
0.019013128112267994,210,1.1532363891601562,0.40625,NO,,,
0.019013128112267994,210,1.1532363891601562,0.40625,NO,,,
0.019013128112267994,210,1.1532363891601562,0.40625,NO,,,
0.019918515165233137,220,1.275665283203125,0.28125,NO,,,
0.019918515165233137,220,1.275665283203125,0.28125,NO,,,
0.019918515165233137,220,1.275665283203125,0.28125,NO,,,
0.019918515165233137,220,1.275665283203125,0.28125,NO,,,
0.019918515165233137,220,1.275665283203125,0.28125,NO,,,
0.019918515165233137,220,1.275665283203125,0.28125,NO,,,
0.019918515165233137,220,1.275665283203125,0.28125,NO,,,
0.019918515165233137,220,1.275665283203125,0.28125,NO,,,
0.019918515165233137,220,1.275665283203125,0.28125,NO,,,
0.019918515165233137,220,1.275665283203125,0.28125,NO,,,
0.02082390221819828,230,1.241180419921875,0.40625,NO,,,
0.02082390221819828,230,1.241180419921875,0.40625,NO,,,
0.02082390221819828,230,1.241180419921875,0.40625,NO,,,
0.02082390221819828,230,1.241180419921875,0.40625,NO,,,
0.02082390221819828,230,1.241180419921875,0.40625,NO,,,
0.02082390221819828,230,1.241180419921875,0.40625,NO,,,
0.02082390221819828,230,1.241180419921875,0.40625,NO,,,
0.02082390221819828,230,1.241180419921875,0.40625,NO,,,
0.02082390221819828,230,1.241180419921875,0.40625,NO,,,
0.02082390221819828,230,1.241180419921875,0.40625,NO,,,
0.021729289271163424,240,1.297607421875,0.28125,NO,,,
0.021729289271163424,240,1.297607421875,0.28125,NO,,,
0.021729289271163424,240,1.297607421875,0.28125,NO,,,
0.021729289271163424,240,1.297607421875,0.28125,NO,,,
0.021729289271163424,240,1.297607421875,0.28125,NO,,,
0.021729289271163424,240,1.297607421875,0.28125,NO,,,
0.021729289271163424,240,1.297607421875,0.28125,NO,,,
0.021729289271163424,240,1.297607421875,0.28125,NO,,,
0.021729289271163424,240,1.297607421875,0.28125,NO,,,
0.021729289271163424,240,1.297607421875,0.28125,NO,,,
0.022634676324128564,250,1.2621307373046875,0.375,NO,,,
0.022634676324128564,250,1.2621307373046875,0.375,NO,,,
0.022634676324128564,250,1.2621307373046875,0.375,NO,,,
0.022634676324128564,250,1.2621307373046875,0.375,NO,,,
0.022634676324128564,250,1.2621307373046875,0.375,NO,,,
0.022634676324128564,250,1.2621307373046875,0.375,NO,,,
0.022634676324128564,250,1.2621307373046875,0.375,NO,,,
0.022634676324128564,250,1.2621307373046875,0.375,NO,,,
0.022634676324128564,250,1.2621307373046875,0.375,NO,,,
0.022634676324128564,250,1.2621307373046875,0.375,NO,,,
0.023540063377093707,260,1.2014617919921875,0.34375,NO,,,
0.023540063377093707,260,1.2014617919921875,0.34375,NO,,,
0.023540063377093707,260,1.2014617919921875,0.34375,NO,,,
0.023540063377093707,260,1.2014617919921875,0.34375,NO,,,
0.023540063377093707,260,1.2014617919921875,0.34375,NO,,,
0.023540063377093707,260,1.2014617919921875,0.34375,NO,,,
0.023540063377093707,260,1.2014617919921875,0.34375,NO,,,
0.023540063377093707,260,1.2014617919921875,0.34375,NO,,,
0.023540063377093707,260,1.2014617919921875,0.34375,NO,,,
0.023540063377093707,260,1.2014617919921875,0.34375,NO,,,
0.02444545043005885,270,1.2551727294921875,0.34375,NO,,,
0.02444545043005885,270,1.2551727294921875,0.34375,NO,,,
0.02444545043005885,270,1.2551727294921875,0.34375,NO,,,
0.02444545043005885,270,1.2551727294921875,0.34375,NO,,,
0.02444545043005885,270,1.2551727294921875,0.34375,NO,,,
0.02444545043005885,270,1.2551727294921875,0.34375,NO,,,
0.02444545043005885,270,1.2551727294921875,0.34375,NO,,,
0.02444545043005885,270,1.2551727294921875,0.34375,NO,,,
0.02444545043005885,270,1.2551727294921875,0.34375,NO,,,
0.02444545043005885,270,1.2551727294921875,0.34375,NO,,,
0.025350837483023993,280,1.25616455078125,0.53125,NO,,,
0.025350837483023993,280,1.25616455078125,0.53125,NO,,,
0.025350837483023993,280,1.25616455078125,0.53125,NO,,,
0.025350837483023993,280,1.25616455078125,0.53125,NO,,,
0.025350837483023993,280,1.25616455078125,0.53125,NO,,,
0.025350837483023993,280,1.25616455078125,0.53125,NO,,,
0.025350837483023993,280,1.25616455078125,0.53125,NO,,,
0.025350837483023993,280,1.25616455078125,0.53125,NO,,,
0.025350837483023993,280,1.25616455078125,0.53125,NO,,,
0.025350837483023993,280,1.25616455078125,0.53125,NO,,,
0.026256224535989137,290,1.19805908203125,0.5,NO,,,
0.026256224535989137,290,1.19805908203125,0.5,NO,,,
0.026256224535989137,290,1.19805908203125,0.5,NO,,,
0.026256224535989137,290,1.19805908203125,0.5,NO,,,
0.026256224535989137,290,1.19805908203125,0.5,NO,,,
0.026256224535989137,290,1.19805908203125,0.5,NO,,,
0.026256224535989137,290,1.19805908203125,0.5,NO,,,
0.026256224535989137,290,1.19805908203125,0.5,NO,,,
0.026256224535989137,290,1.19805908203125,0.5,NO,,,
0.026256224535989137,290,1.19805908203125,0.5,NO,,,
0.027161611588954276,300,1.1651687622070312,0.40625,NO,,,
0.027161611588954276,300,1.1651687622070312,0.40625,NO,,,
0.027161611588954276,300,1.1651687622070312,0.40625,NO,,,
0.027161611588954276,300,1.1651687622070312,0.40625,NO,,,
0.027161611588954276,300,1.1651687622070312,0.40625,NO,,,
0.027161611588954276,300,1.1651687622070312,0.40625,NO,,,
0.027161611588954276,300,1.1651687622070312,0.40625,NO,,,
0.027161611588954276,300,1.1651687622070312,0.40625,NO,,,
0.027161611588954276,300,1.1651687622070312,0.40625,NO,,,
0.027161611588954276,300,1.1651687622070312,0.40625,NO,,,
0.02806699864191942,310,1.2978363037109375,0.34375,NO,,,
0.02806699864191942,310,1.2978363037109375,0.34375,NO,,,
0.02806699864191942,310,1.2978363037109375,0.34375,NO,,,
0.02806699864191942,310,1.2978363037109375,0.34375,NO,,,
0.02806699864191942,310,1.2978363037109375,0.34375,NO,,,
0.02806699864191942,310,1.2978363037109375,0.34375,NO,,,
0.02806699864191942,310,1.2978363037109375,0.34375,NO,,,
0.02806699864191942,310,1.2978363037109375,0.34375,NO,,,
0.02806699864191942,310,1.2978363037109375,0.34375,NO,,,
0.02806699864191942,310,1.2978363037109375,0.34375,NO,,,
0.028972385694884563,320,1.1410064697265625,0.34375,NO,,,
0.028972385694884563,320,1.1410064697265625,0.34375,NO,,,
0.028972385694884563,320,1.1410064697265625,0.34375,NO,,,
0.028972385694884563,320,1.1410064697265625,0.34375,NO,,,
0.028972385694884563,320,1.1410064697265625,0.34375,NO,,,
0.028972385694884563,320,1.1410064697265625,0.34375,NO,,,
0.028972385694884563,320,1.1410064697265625,0.34375,NO,,,
0.028972385694884563,320,1.1410064697265625,0.34375,NO,,,
0.028972385694884563,320,1.1410064697265625,0.34375,NO,,,
0.028972385694884563,320,1.1410064697265625,0.34375,NO,,,
0.029877772747849706,330,1.0368194580078125,0.40625,NO,,,
0.029877772747849706,330,1.0368194580078125,0.40625,NO,,,
0.029877772747849706,330,1.0368194580078125,0.40625,NO,,,
0.029877772747849706,330,1.0368194580078125,0.40625,NO,,,
0.029877772747849706,330,1.0368194580078125,0.40625,NO,,,
0.029877772747849706,330,1.0368194580078125,0.40625,NO,,,
0.029877772747849706,330,1.0368194580078125,0.40625,NO,,,
0.029877772747849706,330,1.0368194580078125,0.40625,NO,,,
0.029877772747849706,330,1.0368194580078125,0.40625,NO,,,
0.029877772747849706,330,1.0368194580078125,0.40625,NO,,,
0.03078315980081485,340,1.2710418701171875,0.1875,NO,,,
0.03078315980081485,340,1.2710418701171875,0.1875,NO,,,
0.03078315980081485,340,1.2710418701171875,0.1875,NO,,,
0.03078315980081485,340,1.2710418701171875,0.1875,NO,,,
0.03078315980081485,340,1.2710418701171875,0.1875,NO,,,
0.03078315980081485,340,1.2710418701171875,0.1875,NO,,,
0.03078315980081485,340,1.2710418701171875,0.1875,NO,,,
0.03078315980081485,340,1.2710418701171875,0.1875,NO,,,
0.03078315980081485,340,1.2710418701171875,0.1875,NO,,,
0.03078315980081485,340,1.2710418701171875,0.1875,NO,,,
0.03168854685377999,350,1.23980712890625,0.15625,NO,,,
0.03168854685377999,350,1.23980712890625,0.15625,NO,,,
0.03168854685377999,350,1.23980712890625,0.15625,NO,,,
0.03168854685377999,350,1.23980712890625,0.15625,NO,,,
0.03168854685377999,350,1.23980712890625,0.15625,NO,,,
0.03168854685377999,350,1.23980712890625,0.15625,NO,,,
0.03168854685377999,350,1.23980712890625,0.15625,NO,,,
0.03168854685377999,350,1.23980712890625,0.15625,NO,,,
0.03168854685377999,350,1.23980712890625,0.15625,NO,,,
0.03168854685377999,350,1.23980712890625,0.15625,NO,,,
0.032593933906745136,360,1.6382369995117188,0.15625,NO,,,
0.032593933906745136,360,1.6382369995117188,0.15625,NO,,,
0.032593933906745136,360,1.6382369995117188,0.15625,NO,,,
0.032593933906745136,360,1.6382369995117188,0.15625,NO,,,
0.032593933906745136,360,1.6382369995117188,0.15625,NO,,,
0.032593933906745136,360,1.6382369995117188,0.15625,NO,,,
0.032593933906745136,360,1.6382369995117188,0.15625,NO,,,
0.032593933906745136,360,1.6382369995117188,0.15625,NO,,,
0.032593933906745136,360,1.6382369995117188,0.15625,NO,,,
0.032593933906745136,360,1.6382369995117188,0.15625,NO,,,
0.033499320959710276,370,1.146392822265625,0.40625,NO,,,
0.033499320959710276,370,1.146392822265625,0.40625,NO,,,
0.033499320959710276,370,1.146392822265625,0.40625,NO,,,
0.033499320959710276,370,1.146392822265625,0.40625,NO,,,
0.033499320959710276,370,1.146392822265625,0.40625,NO,,,
0.033499320959710276,370,1.146392822265625,0.40625,NO,,,
0.033499320959710276,370,1.146392822265625,0.40625,NO,,,
0.033499320959710276,370,1.146392822265625,0.40625,NO,,,
0.033499320959710276,370,1.146392822265625,0.40625,NO,,,
0.033499320959710276,370,1.146392822265625,0.40625,NO,,,
0.034404708012675415,380,1.4945755004882812,0.25,NO,,,
0.034404708012675415,380,1.4945755004882812,0.25,NO,,,
0.034404708012675415,380,1.4945755004882812,0.25,NO,,,
0.034404708012675415,380,1.4945755004882812,0.25,NO,,,
0.034404708012675415,380,1.4945755004882812,0.25,NO,,,
0.034404708012675415,380,1.4945755004882812,0.25,NO,,,
0.034404708012675415,380,1.4945755004882812,0.25,NO,,,
0.034404708012675415,380,1.4945755004882812,0.25,NO,,,
0.034404708012675415,380,1.4945755004882812,0.25,NO,,,
0.034404708012675415,380,1.4945755004882812,0.25,NO,,,
0.03531009506564056,390,1.2963104248046875,0.25,NO,,,
0.03531009506564056,390,1.2963104248046875,0.25,NO,,,
0.03531009506564056,390,1.2963104248046875,0.25,NO,,,
0.03531009506564056,390,1.2963104248046875,0.25,NO,,,
0.03531009506564056,390,1.2963104248046875,0.25,NO,,,
0.03531009506564056,390,1.2963104248046875,0.25,NO,,,
0.03531009506564056,390,1.2963104248046875,0.25,NO,,,
0.03531009506564056,390,1.2963104248046875,0.25,NO,,,
0.03531009506564056,390,1.2963104248046875,0.25,NO,,,
0.03531009506564056,390,1.2963104248046875,0.25,NO,,,
0.0362154821186057,400,1.2902450561523438,0.3125,NO,,,
0.0362154821186057,400,1.2902450561523438,0.3125,NO,,,
0.0362154821186057,400,1.2902450561523438,0.3125,NO,,,
0.0362154821186057,400,1.2902450561523438,0.3125,NO,,,
0.0362154821186057,400,1.2902450561523438,0.3125,NO,,,
0.0362154821186057,400,1.2902450561523438,0.3125,NO,,,
0.0362154821186057,400,1.2902450561523438,0.3125,NO,,,
0.0362154821186057,400,1.2902450561523438,0.3125,NO,,,
0.0362154821186057,400,1.2902450561523438,0.3125,NO,,,
0.0362154821186057,400,1.2902450561523438,0.3125,NO,,,
0.03712086917157085,410,1.187744140625,0.3125,NO,,,
0.03712086917157085,410,1.187744140625,0.3125,NO,,,
0.03712086917157085,410,1.187744140625,0.3125,NO,,,
0.03712086917157085,410,1.187744140625,0.3125,NO,,,
0.03712086917157085,410,1.187744140625,0.3125,NO,,,
0.03712086917157085,410,1.187744140625,0.3125,NO,,,
0.03712086917157085,410,1.187744140625,0.3125,NO,,,
0.03712086917157085,410,1.187744140625,0.3125,NO,,,
0.03712086917157085,410,1.187744140625,0.3125,NO,,,
0.03712086917157085,410,1.187744140625,0.3125,NO,,,
0.03802625622453599,420,1.26519775390625,0.28125,NO,,,
0.03802625622453599,420,1.26519775390625,0.28125,NO,,,
0.03802625622453599,420,1.26519775390625,0.28125,NO,,,
0.03802625622453599,420,1.26519775390625,0.28125,NO,,,
0.03802625622453599,420,1.26519775390625,0.28125,NO,,,
0.03802625622453599,420,1.26519775390625,0.28125,NO,,,
0.03802625622453599,420,1.26519775390625,0.28125,NO,,,
0.03802625622453599,420,1.26519775390625,0.28125,NO,,,
0.03802625622453599,420,1.26519775390625,0.28125,NO,,,
0.03802625622453599,420,1.26519775390625,0.28125,NO,,,
0.038931643277501135,430,1.4634170532226562,0.21875,NO,,,
0.038931643277501135,430,1.4634170532226562,0.21875,NO,,,
0.038931643277501135,430,1.4634170532226562,0.21875,NO,,,
0.038931643277501135,430,1.4634170532226562,0.21875,NO,,,
0.038931643277501135,430,1.4634170532226562,0.21875,NO,,,
0.038931643277501135,430,1.4634170532226562,0.21875,NO,,,
0.038931643277501135,430,1.4634170532226562,0.21875,NO,,,
0.038931643277501135,430,1.4634170532226562,0.21875,NO,,,
0.038931643277501135,430,1.4634170532226562,0.21875,NO,,,
0.038931643277501135,430,1.4634170532226562,0.21875,NO,,,
0.039837030330466275,440,1.4418487548828125,0.375,NO,,,
0.039837030330466275,440,1.4418487548828125,0.375,NO,,,
0.039837030330466275,440,1.4418487548828125,0.375,NO,,,
0.039837030330466275,440,1.4418487548828125,0.375,NO,,,
0.039837030330466275,440,1.4418487548828125,0.375,NO,,,
0.039837030330466275,440,1.4418487548828125,0.375,NO,,,
0.039837030330466275,440,1.4418487548828125,0.375,NO,,,
0.039837030330466275,440,1.4418487548828125,0.375,NO,,,
0.039837030330466275,440,1.4418487548828125,0.375,NO,,,
0.039837030330466275,440,1.4418487548828125,0.375,NO,,,
0.040742417383431415,450,1.1356353759765625,0.5,NO,,,
0.040742417383431415,450,1.1356353759765625,0.5,NO,,,
0.040742417383431415,450,1.1356353759765625,0.5,NO,,,
0.040742417383431415,450,1.1356353759765625,0.5,NO,,,
0.040742417383431415,450,1.1356353759765625,0.5,NO,,,
0.040742417383431415,450,1.1356353759765625,0.5,NO,,,
0.040742417383431415,450,1.1356353759765625,0.5,NO,,,
0.040742417383431415,450,1.1356353759765625,0.5,NO,,,
0.040742417383431415,450,1.1356353759765625,0.5,NO,,,
0.040742417383431415,450,1.1356353759765625,0.5,NO,,,
0.04164780443639656,460,1.4197158813476562,0.25,NO,,,
0.04164780443639656,460,1.4197158813476562,0.25,NO,,,
0.04164780443639656,460,1.4197158813476562,0.25,NO,,,
0.04164780443639656,460,1.4197158813476562,0.25,NO,,,
0.04164780443639656,460,1.4197158813476562,0.25,NO,,,
0.04164780443639656,460,1.4197158813476562,0.25,NO,,,
0.04164780443639656,460,1.4197158813476562,0.25,NO,,,
0.04164780443639656,460,1.4197158813476562,0.25,NO,,,
0.04164780443639656,460,1.4197158813476562,0.25,NO,,,
0.04164780443639656,460,1.4197158813476562,0.25,NO,,,
0.0425531914893617,470,1.5054397583007812,0.34375,NO,,,
0.0425531914893617,470,1.5054397583007812,0.34375,NO,,,
0.0425531914893617,470,1.5054397583007812,0.34375,NO,,,
0.0425531914893617,470,1.5054397583007812,0.34375,NO,,,
0.0425531914893617,470,1.5054397583007812,0.34375,NO,,,
0.0425531914893617,470,1.5054397583007812,0.34375,NO,,,
0.0425531914893617,470,1.5054397583007812,0.34375,NO,,,
0.0425531914893617,470,1.5054397583007812,0.34375,NO,,,
0.0425531914893617,470,1.5054397583007812,0.34375,NO,,,
0.0425531914893617,470,1.5054397583007812,0.34375,NO,,,
0.04345857854232685,480,1.4340744018554688,0.3125,NO,,,
0.04345857854232685,480,1.4340744018554688,0.3125,NO,,,
0.04345857854232685,480,1.4340744018554688,0.3125,NO,,,
0.04345857854232685,480,1.4340744018554688,0.3125,NO,,,
0.04345857854232685,480,1.4340744018554688,0.3125,NO,,,
0.04345857854232685,480,1.4340744018554688,0.3125,NO,,,
0.04345857854232685,480,1.4340744018554688,0.3125,NO,,,
0.04345857854232685,480,1.4340744018554688,0.3125,NO,,,
0.04345857854232685,480,1.4340744018554688,0.3125,NO,,,
0.04345857854232685,480,1.4340744018554688,0.3125,NO,,,
0.04436396559529199,490,1.5226974487304688,0.1875,NO,,,
0.04436396559529199,490,1.5226974487304688,0.1875,NO,,,
0.04436396559529199,490,1.5226974487304688,0.1875,NO,,,
0.04436396559529199,490,1.5226974487304688,0.1875,NO,,,
0.04436396559529199,490,1.5226974487304688,0.1875,NO,,,
0.04436396559529199,490,1.5226974487304688,0.1875,NO,,,
0.04436396559529199,490,1.5226974487304688,0.1875,NO,,,
0.04436396559529199,490,1.5226974487304688,0.1875,NO,,,
0.04436396559529199,490,1.5226974487304688,0.1875,NO,,,
0.04436396559529199,490,1.5226974487304688,0.1875,NO,,,
0.04526935264825713,500,1.2791900634765625,0.28125,NO,,,
0.04526935264825713,500,1.2791900634765625,0.28125,NO,,,
0.04526935264825713,500,1.2791900634765625,0.28125,NO,,,
0.04526935264825713,500,1.2791900634765625,0.28125,NO,,,
0.04526935264825713,500,1.2791900634765625,0.28125,NO,,,
0.04526935264825713,500,1.2791900634765625,0.28125,NO,,,
0.04526935264825713,500,1.2791900634765625,0.28125,NO,,,
0.04526935264825713,500,1.2791900634765625,0.28125,NO,,,
0.04526935264825713,500,1.2791900634765625,0.28125,NO,,,
0.04526935264825713,500,1.2791900634765625,0.28125,NO,,,
0.046174739701222274,510,1.5800552368164062,0.21875,NO,,,
0.046174739701222274,510,1.5800552368164062,0.21875,NO,,,
0.046174739701222274,510,1.5800552368164062,0.21875,NO,,,
0.046174739701222274,510,1.5800552368164062,0.21875,NO,,,
0.046174739701222274,510,1.5800552368164062,0.21875,NO,,,
0.046174739701222274,510,1.5800552368164062,0.21875,NO,,,
0.046174739701222274,510,1.5800552368164062,0.21875,NO,,,
0.046174739701222274,510,1.5800552368164062,0.21875,NO,,,
0.046174739701222274,510,1.5800552368164062,0.21875,NO,,,
0.046174739701222274,510,1.5800552368164062,0.21875,NO,,,
0.047080126754187414,520,1.3147811889648438,0.28125,NO,,,
0.047080126754187414,520,1.3147811889648438,0.28125,NO,,,
0.047080126754187414,520,1.3147811889648438,0.28125,NO,,,
0.047080126754187414,520,1.3147811889648438,0.28125,NO,,,
0.047080126754187414,520,1.3147811889648438,0.28125,NO,,,
0.047080126754187414,520,1.3147811889648438,0.28125,NO,,,
0.047080126754187414,520,1.3147811889648438,0.28125,NO,,,
0.047080126754187414,520,1.3147811889648438,0.28125,NO,,,
0.047080126754187414,520,1.3147811889648438,0.28125,NO,,,
0.047080126754187414,520,1.3147811889648438,0.28125,NO,,,
0.04798551380715256,530,1.479827880859375,0.25,NO,,,
0.04798551380715256,530,1.479827880859375,0.25,NO,,,
0.04798551380715256,530,1.479827880859375,0.25,NO,,,
0.04798551380715256,530,1.479827880859375,0.25,NO,,,
0.04798551380715256,530,1.479827880859375,0.25,NO,,,
0.04798551380715256,530,1.479827880859375,0.25,NO,,,
0.04798551380715256,530,1.479827880859375,0.25,NO,,,
0.04798551380715256,530,1.479827880859375,0.25,NO,,,
0.04798551380715256,530,1.479827880859375,0.25,NO,,,
0.04798551380715256,530,1.479827880859375,0.25,NO,,,
0.0488909008601177,540,1.7077713012695312,0.4375,NO,,,
0.0488909008601177,540,1.7077713012695312,0.4375,NO,,,
0.0488909008601177,540,1.7077713012695312,0.4375,NO,,,
0.0488909008601177,540,1.7077713012695312,0.4375,NO,,,
0.0488909008601177,540,1.7077713012695312,0.4375,NO,,,
0.0488909008601177,540,1.7077713012695312,0.4375,NO,,,
0.0488909008601177,540,1.7077713012695312,0.4375,NO,,,
0.0488909008601177,540,1.7077713012695312,0.4375,NO,,,
0.0488909008601177,540,1.7077713012695312,0.4375,NO,,,
0.0488909008601177,540,1.7077713012695312,0.4375,NO,,,
0.04979628791308284,550,1.4518661499023438,0.4375,NO,,,
0.04979628791308284,550,1.4518661499023438,0.4375,NO,,,
0.04979628791308284,550,1.4518661499023438,0.4375,NO,,,
0.04979628791308284,550,1.4518661499023438,0.4375,NO,,,
0.04979628791308284,550,1.4518661499023438,0.4375,NO,,,
0.04979628791308284,550,1.4518661499023438,0.4375,NO,,,
0.04979628791308284,550,1.4518661499023438,0.4375,NO,,,
0.04979628791308284,550,1.4518661499023438,0.4375,NO,,,
0.04979628791308284,550,1.4518661499023438,0.4375,NO,,,
0.04979628791308284,550,1.4518661499023438,0.4375,NO,,,
0.05070167496604799,560,1.472808837890625,0.5,NO,,,
0.05070167496604799,560,1.472808837890625,0.5,NO,,,
0.05070167496604799,560,1.472808837890625,0.5,NO,,,
0.05070167496604799,560,1.472808837890625,0.5,NO,,,
0.05070167496604799,560,1.472808837890625,0.5,NO,,,
0.05070167496604799,560,1.472808837890625,0.5,NO,,,
0.05070167496604799,560,1.472808837890625,0.5,NO,,,
0.05070167496604799,560,1.472808837890625,0.5,NO,,,
0.05070167496604799,560,1.472808837890625,0.5,NO,,,
0.05070167496604799,560,1.472808837890625,0.5,NO,,,
0.05160706201901313,570,1.5332489013671875,0.375,NO,,,
0.05160706201901313,570,1.5332489013671875,0.375,NO,,,
0.05160706201901313,570,1.5332489013671875,0.375,NO,,,
0.05160706201901313,570,1.5332489013671875,0.375,NO,,,
0.05160706201901313,570,1.5332489013671875,0.375,NO,,,
0.05160706201901313,570,1.5332489013671875,0.375,NO,,,
0.05160706201901313,570,1.5332489013671875,0.375,NO,,,
0.05160706201901313,570,1.5332489013671875,0.375,NO,,,
0.05160706201901313,570,1.5332489013671875,0.375,NO,,,
0.05160706201901313,570,1.5332489013671875,0.375,NO,,,
0.05251244907197827,580,1.3450736999511719,0.28125,NO,,,
0.05251244907197827,580,1.3450736999511719,0.28125,NO,,,
0.05251244907197827,580,1.3450736999511719,0.28125,NO,,,
0.05251244907197827,580,1.3450736999511719,0.28125,NO,,,
0.05251244907197827,580,1.3450736999511719,0.28125,NO,,,
0.05251244907197827,580,1.3450736999511719,0.28125,NO,,,
0.05251244907197827,580,1.3450736999511719,0.28125,NO,,,
0.05251244907197827,580,1.3450736999511719,0.28125,NO,,,
0.05251244907197827,580,1.3450736999511719,0.28125,NO,,,
0.05251244907197827,580,1.3450736999511719,0.28125,NO,,,
0.05341783612494341,590,1.542633056640625,0.3125,NO,,,
0.05341783612494341,590,1.542633056640625,0.3125,NO,,,
0.05341783612494341,590,1.542633056640625,0.3125,NO,,,
0.05341783612494341,590,1.542633056640625,0.3125,NO,,,
0.05341783612494341,590,1.542633056640625,0.3125,NO,,,
0.05341783612494341,590,1.542633056640625,0.3125,NO,,,
0.05341783612494341,590,1.542633056640625,0.3125,NO,,,
0.05341783612494341,590,1.542633056640625,0.3125,NO,,,
0.05341783612494341,590,1.542633056640625,0.3125,NO,,,
0.05341783612494341,590,1.542633056640625,0.3125,NO,,,
0.05432322317790855,600,1.2469329833984375,0.40625,NO,,,
0.05432322317790855,600,1.2469329833984375,0.40625,NO,,,
0.05432322317790855,600,1.2469329833984375,0.40625,NO,,,
0.05432322317790855,600,1.2469329833984375,0.40625,NO,,,
0.05432322317790855,600,1.2469329833984375,0.40625,NO,,,
0.05432322317790855,600,1.2469329833984375,0.40625,NO,,,
0.05432322317790855,600,1.2469329833984375,0.40625,NO,,,
0.05432322317790855,600,1.2469329833984375,0.40625,NO,,,
0.05432322317790855,600,1.2469329833984375,0.40625,NO,,,
0.05432322317790855,600,1.2469329833984375,0.40625,NO,,,
0.0552286102308737,610,1.68206787109375,0.1875,NO,,,
0.0552286102308737,610,1.68206787109375,0.1875,NO,,,
0.0552286102308737,610,1.68206787109375,0.1875,NO,,,
0.0552286102308737,610,1.68206787109375,0.1875,NO,,,
0.0552286102308737,610,1.68206787109375,0.1875,NO,,,
0.0552286102308737,610,1.68206787109375,0.1875,NO,,,
0.0552286102308737,610,1.68206787109375,0.1875,NO,,,
0.0552286102308737,610,1.68206787109375,0.1875,NO,,,
0.0552286102308737,610,1.68206787109375,0.1875,NO,,,
0.0552286102308737,610,1.68206787109375,0.1875,NO,,,
0.05613399728383884,620,1.2129364013671875,0.4375,NO,,,
0.05613399728383884,620,1.2129364013671875,0.4375,NO,,,
0.05613399728383884,620,1.2129364013671875,0.4375,NO,,,
0.05613399728383884,620,1.2129364013671875,0.4375,NO,,,
0.05613399728383884,620,1.2129364013671875,0.4375,NO,,,
0.05613399728383884,620,1.2129364013671875,0.4375,NO,,,
0.05613399728383884,620,1.2129364013671875,0.4375,NO,,,
0.05613399728383884,620,1.2129364013671875,0.4375,NO,,,
0.05613399728383884,620,1.2129364013671875,0.4375,NO,,,
0.05613399728383884,620,1.2129364013671875,0.4375,NO,,,
0.057039384336803986,630,1.7078170776367188,0.21875,NO,,,
0.057039384336803986,630,1.7078170776367188,0.21875,NO,,,
0.057039384336803986,630,1.7078170776367188,0.21875,NO,,,
0.057039384336803986,630,1.7078170776367188,0.21875,NO,,,
0.057039384336803986,630,1.7078170776367188,0.21875,NO,,,
0.057039384336803986,630,1.7078170776367188,0.21875,NO,,,
0.057039384336803986,630,1.7078170776367188,0.21875,NO,,,
0.057039384336803986,630,1.7078170776367188,0.21875,NO,,,
0.057039384336803986,630,1.7078170776367188,0.21875,NO,,,
0.057039384336803986,630,1.7078170776367188,0.21875,NO,,,
0.057944771389769126,640,1.6202163696289062,0.25,NO,,,
0.057944771389769126,640,1.6202163696289062,0.25,NO,,,
0.057944771389769126,640,1.6202163696289062,0.25,NO,,,
0.057944771389769126,640,1.6202163696289062,0.25,NO,,,
0.057944771389769126,640,1.6202163696289062,0.25,NO,,,
0.057944771389769126,640,1.6202163696289062,0.25,NO,,,
0.057944771389769126,640,1.6202163696289062,0.25,NO,,,
0.057944771389769126,640,1.6202163696289062,0.25,NO,,,
0.057944771389769126,640,1.6202163696289062,0.25,NO,,,
0.057944771389769126,640,1.6202163696289062,0.25,NO,,,
0.058850158442734266,650,1.3284645080566406,0.3125,NO,,,
0.058850158442734266,650,1.3284645080566406,0.3125,NO,,,
0.058850158442734266,650,1.3284645080566406,0.3125,NO,,,
0.058850158442734266,650,1.3284645080566406,0.3125,NO,,,
0.058850158442734266,650,1.3284645080566406,0.3125,NO,,,
0.058850158442734266,650,1.3284645080566406,0.3125,NO,,,
0.058850158442734266,650,1.3284645080566406,0.3125,NO,,,
0.058850158442734266,650,1.3284645080566406,0.3125,NO,,,
0.058850158442734266,650,1.3284645080566406,0.3125,NO,,,
0.058850158442734266,650,1.3284645080566406,0.3125,NO,,,
0.05975554549569941,660,1.2893333435058594,0.46875,NO,,,
0.05975554549569941,660,1.2893333435058594,0.46875,NO,,,
0.05975554549569941,660,1.2893333435058594,0.46875,NO,,,
0.05975554549569941,660,1.2893333435058594,0.46875,NO,,,
0.05975554549569941,660,1.2893333435058594,0.46875,NO,,,
0.05975554549569941,660,1.2893333435058594,0.46875,NO,,,
0.05975554549569941,660,1.2893333435058594,0.46875,NO,,,
0.05975554549569941,660,1.2893333435058594,0.46875,NO,,,
0.05975554549569941,660,1.2893333435058594,0.46875,NO,,,
0.05975554549569941,660,1.2893333435058594,0.46875,NO,,,
0.06066093254866455,670,1.193878173828125,0.21875,NO,,,
0.06066093254866455,670,1.193878173828125,0.21875,NO,,,
0.06066093254866455,670,1.193878173828125,0.21875,NO,,,
0.06066093254866455,670,1.193878173828125,0.21875,NO,,,
0.06066093254866455,670,1.193878173828125,0.21875,NO,,,
0.06066093254866455,670,1.193878173828125,0.21875,NO,,,
0.06066093254866455,670,1.193878173828125,0.21875,NO,,,
0.06066093254866455,670,1.193878173828125,0.21875,NO,,,
0.06066093254866455,670,1.193878173828125,0.21875,NO,,,
0.06066093254866455,670,1.193878173828125,0.21875,NO,,,
0.0615663196016297,680,1.2775001525878906,0.375,NO,,,
0.0615663196016297,680,1.2775001525878906,0.375,NO,,,
0.0615663196016297,680,1.2775001525878906,0.375,NO,,,
0.0615663196016297,680,1.2775001525878906,0.375,NO,,,
0.0615663196016297,680,1.2775001525878906,0.375,NO,,,
0.0615663196016297,680,1.2775001525878906,0.375,NO,,,
0.0615663196016297,680,1.2775001525878906,0.375,NO,,,
0.0615663196016297,680,1.2775001525878906,0.375,NO,,,
0.0615663196016297,680,1.2775001525878906,0.375,NO,,,
0.0615663196016297,680,1.2775001525878906,0.375,NO,,,
0.06247170665459484,690,1.3842086791992188,0.28125,NO,,,
0.06247170665459484,690,1.3842086791992188,0.28125,NO,,,
0.06247170665459484,690,1.3842086791992188,0.28125,NO,,,
0.06247170665459484,690,1.3842086791992188,0.28125,NO,,,
0.06247170665459484,690,1.3842086791992188,0.28125,NO,,,
0.06247170665459484,690,1.3842086791992188,0.28125,NO,,,
0.06247170665459484,690,1.3842086791992188,0.28125,NO,,,
0.06247170665459484,690,1.3842086791992188,0.28125,NO,,,
0.06247170665459484,690,1.3842086791992188,0.28125,NO,,,
0.06247170665459484,690,1.3842086791992188,0.28125,NO,,,
0.06337709370755998,700,1.5983200073242188,0.1875,NO,,,
0.06337709370755998,700,1.5983200073242188,0.1875,NO,,,
0.06337709370755998,700,1.5983200073242188,0.1875,NO,,,
0.06337709370755998,700,1.5983200073242188,0.1875,NO,,,
0.06337709370755998,700,1.5983200073242188,0.1875,NO,,,
0.06337709370755998,700,1.5983200073242188,0.1875,NO,,,
0.06337709370755998,700,1.5983200073242188,0.1875,NO,,,
0.06337709370755998,700,1.5983200073242188,0.1875,NO,,,
0.06337709370755998,700,1.5983200073242188,0.1875,NO,,,
0.06337709370755998,700,1.5983200073242188,0.1875,NO,,,
0.06428248076052512,710,1.470123291015625,0.1875,NO,,,
0.06428248076052512,710,1.470123291015625,0.1875,NO,,,
0.06428248076052512,710,1.470123291015625,0.1875,NO,,,
0.06428248076052512,710,1.470123291015625,0.1875,NO,,,
0.06428248076052512,710,1.470123291015625,0.1875,NO,,,
0.06428248076052512,710,1.470123291015625,0.1875,NO,,,
0.06428248076052512,710,1.470123291015625,0.1875,NO,,,
0.06428248076052512,710,1.470123291015625,0.1875,NO,,,
0.06428248076052512,710,1.470123291015625,0.1875,NO,,,
0.06428248076052512,710,1.470123291015625,0.1875,NO,,,
0.06518786781349027,720,1.2418975830078125,0.28125,NO,,,
0.06518786781349027,720,1.2418975830078125,0.28125,NO,,,
0.06518786781349027,720,1.2418975830078125,0.28125,NO,,,
0.06518786781349027,720,1.2418975830078125,0.28125,NO,,,
0.06518786781349027,720,1.2418975830078125,0.28125,NO,,,
0.06518786781349027,720,1.2418975830078125,0.28125,NO,,,
0.06518786781349027,720,1.2418975830078125,0.28125,NO,,,
0.06518786781349027,720,1.2418975830078125,0.28125,NO,,,
0.06518786781349027,720,1.2418975830078125,0.28125,NO,,,
0.06518786781349027,720,1.2418975830078125,0.28125,NO,,,
0.06609325486645541,730,1.6981887817382812,0.28125,NO,,,
0.06609325486645541,730,1.6981887817382812,0.28125,NO,,,
0.06609325486645541,730,1.6981887817382812,0.28125,NO,,,
0.06609325486645541,730,1.6981887817382812,0.28125,NO,,,
0.06609325486645541,730,1.6981887817382812,0.28125,NO,,,
0.06609325486645541,730,1.6981887817382812,0.28125,NO,,,
0.06609325486645541,730,1.6981887817382812,0.28125,NO,,,
0.06609325486645541,730,1.6981887817382812,0.28125,NO,,,
0.06609325486645541,730,1.6981887817382812,0.28125,NO,,,
0.06609325486645541,730,1.6981887817382812,0.28125,NO,,,
0.06699864191942055,740,1.2849369049072266,0.4375,NO,,,
0.06699864191942055,740,1.2849369049072266,0.4375,NO,,,
0.06699864191942055,740,1.2849369049072266,0.4375,NO,,,
0.06699864191942055,740,1.2849369049072266,0.4375,NO,,,
0.06699864191942055,740,1.2849369049072266,0.4375,NO,,,
0.06699864191942055,740,1.2849369049072266,0.4375,NO,,,
0.06699864191942055,740,1.2849369049072266,0.4375,NO,,,
0.06699864191942055,740,1.2849369049072266,0.4375,NO,,,
0.06699864191942055,740,1.2849369049072266,0.4375,NO,,,
0.06699864191942055,740,1.2849369049072266,0.4375,NO,,,
0.06790402897238569,750,1.2224807739257812,0.28125,NO,,,
0.06790402897238569,750,1.2224807739257812,0.28125,NO,,,
0.06790402897238569,750,1.2224807739257812,0.28125,NO,,,
0.06790402897238569,750,1.2224807739257812,0.28125,NO,,,
0.06790402897238569,750,1.2224807739257812,0.28125,NO,,,
0.06790402897238569,750,1.2224807739257812,0.28125,NO,,,
0.06790402897238569,750,1.2224807739257812,0.28125,NO,,,
0.06790402897238569,750,1.2224807739257812,0.28125,NO,,,
0.06790402897238569,750,1.2224807739257812,0.28125,NO,,,
0.06790402897238569,750,1.2224807739257812,0.28125,NO,,,
0.06880941602535083,760,1.1108245849609375,0.34375,NO,,,
0.06880941602535083,760,1.1108245849609375,0.34375,NO,,,
0.06880941602535083,760,1.1108245849609375,0.34375,NO,,,
0.06880941602535083,760,1.1108245849609375,0.34375,NO,,,
0.06880941602535083,760,1.1108245849609375,0.34375,NO,,,
0.06880941602535083,760,1.1108245849609375,0.34375,NO,,,
0.06880941602535083,760,1.1108245849609375,0.34375,NO,,,
0.06880941602535083,760,1.1108245849609375,0.34375,NO,,,
0.06880941602535083,760,1.1108245849609375,0.34375,NO,,,
0.06880941602535083,760,1.1108245849609375,0.34375,NO,,,
0.06971480307831598,770,1.5264892578125,0.34375,NO,,,
0.06971480307831598,770,1.5264892578125,0.34375,NO,,,
0.06971480307831598,770,1.5264892578125,0.34375,NO,,,
0.06971480307831598,770,1.5264892578125,0.34375,NO,,,
0.06971480307831598,770,1.5264892578125,0.34375,NO,,,
0.06971480307831598,770,1.5264892578125,0.34375,NO,,,
0.06971480307831598,770,1.5264892578125,0.34375,NO,,,
0.06971480307831598,770,1.5264892578125,0.34375,NO,,,
0.06971480307831598,770,1.5264892578125,0.34375,NO,,,
0.06971480307831598,770,1.5264892578125,0.34375,NO,,,
0.07062019013128112,780,1.5582695007324219,0.28125,NO,,,
0.07062019013128112,780,1.5582695007324219,0.28125,NO,,,
0.07062019013128112,780,1.5582695007324219,0.28125,NO,,,
0.07062019013128112,780,1.5582695007324219,0.28125,NO,,,
0.07062019013128112,780,1.5582695007324219,0.28125,NO,,,
0.07062019013128112,780,1.5582695007324219,0.28125,NO,,,
0.07062019013128112,780,1.5582695007324219,0.28125,NO,,,
0.07062019013128112,780,1.5582695007324219,0.28125,NO,,,
0.07062019013128112,780,1.5582695007324219,0.28125,NO,,,
0.07062019013128112,780,1.5582695007324219,0.28125,NO,,,
0.07152557718424626,790,1.3197097778320312,0.34375,NO,,,
0.07152557718424626,790,1.3197097778320312,0.34375,NO,,,
0.07152557718424626,790,1.3197097778320312,0.34375,NO,,,
0.07152557718424626,790,1.3197097778320312,0.34375,NO,,,
0.07152557718424626,790,1.3197097778320312,0.34375,NO,,,
0.07152557718424626,790,1.3197097778320312,0.34375,NO,,,
0.07152557718424626,790,1.3197097778320312,0.34375,NO,,,
0.07152557718424626,790,1.3197097778320312,0.34375,NO,,,
0.07152557718424626,790,1.3197097778320312,0.34375,NO,,,
0.07152557718424626,790,1.3197097778320312,0.34375,NO,,,
0.0724309642372114,800,1.2266693115234375,0.34375,NO,,,
0.0724309642372114,800,1.2266693115234375,0.34375,NO,,,
0.0724309642372114,800,1.2266693115234375,0.34375,NO,,,
0.0724309642372114,800,1.2266693115234375,0.34375,NO,,,
0.0724309642372114,800,1.2266693115234375,0.34375,NO,,,
0.0724309642372114,800,1.2266693115234375,0.34375,NO,,,
0.0724309642372114,800,1.2266693115234375,0.34375,NO,,,
0.0724309642372114,800,1.2266693115234375,0.34375,NO,,,
0.0724309642372114,800,1.2266693115234375,0.34375,NO,,,
0.0724309642372114,800,1.2266693115234375,0.34375,NO,,,
0.07333635129017656,810,1.3181915283203125,0.21875,NO,,,
0.07333635129017656,810,1.3181915283203125,0.21875,NO,,,
0.07333635129017656,810,1.3181915283203125,0.21875,NO,,,
0.07333635129017656,810,1.3181915283203125,0.21875,NO,,,
0.07333635129017656,810,1.3181915283203125,0.21875,NO,,,
0.07333635129017656,810,1.3181915283203125,0.21875,NO,,,
0.07333635129017656,810,1.3181915283203125,0.21875,NO,,,
0.07333635129017656,810,1.3181915283203125,0.21875,NO,,,
0.07333635129017656,810,1.3181915283203125,0.21875,NO,,,
0.07333635129017656,810,1.3181915283203125,0.21875,NO,,,
0.0742417383431417,820,1.2070388793945312,0.25,NO,,,
0.0742417383431417,820,1.2070388793945312,0.25,NO,,,
0.0742417383431417,820,1.2070388793945312,0.25,NO,,,
0.0742417383431417,820,1.2070388793945312,0.25,NO,,,
0.0742417383431417,820,1.2070388793945312,0.25,NO,,,
0.0742417383431417,820,1.2070388793945312,0.25,NO,,,
0.0742417383431417,820,1.2070388793945312,0.25,NO,,,
0.0742417383431417,820,1.2070388793945312,0.25,NO,,,
0.0742417383431417,820,1.2070388793945312,0.25,NO,,,
0.0742417383431417,820,1.2070388793945312,0.25,NO,,,
0.07514712539610684,830,1.2902488708496094,0.375,NO,,,
0.07514712539610684,830,1.2902488708496094,0.375,NO,,,
0.07514712539610684,830,1.2902488708496094,0.375,NO,,,
0.07514712539610684,830,1.2902488708496094,0.375,NO,,,
0.07514712539610684,830,1.2902488708496094,0.375,NO,,,
0.07514712539610684,830,1.2902488708496094,0.375,NO,,,
0.07514712539610684,830,1.2902488708496094,0.375,NO,,,
0.07514712539610684,830,1.2902488708496094,0.375,NO,,,
0.07514712539610684,830,1.2902488708496094,0.375,NO,,,
0.07514712539610684,830,1.2902488708496094,0.375,NO,,,
0.07605251244907198,840,1.6513175964355469,0.25,NO,,,
0.07605251244907198,840,1.6513175964355469,0.25,NO,,,
0.07605251244907198,840,1.6513175964355469,0.25,NO,,,
0.07605251244907198,840,1.6513175964355469,0.25,NO,,,
0.07605251244907198,840,1.6513175964355469,0.25,NO,,,
0.07605251244907198,840,1.6513175964355469,0.25,NO,,,
0.07605251244907198,840,1.6513175964355469,0.25,NO,,,
0.07605251244907198,840,1.6513175964355469,0.25,NO,,,
0.07605251244907198,840,1.6513175964355469,0.25,NO,,,
0.07605251244907198,840,1.6513175964355469,0.25,NO,,,
0.07695789950203712,850,1.2664260864257812,0.375,NO,,,
0.07695789950203712,850,1.2664260864257812,0.375,NO,,,
0.07695789950203712,850,1.2664260864257812,0.375,NO,,,
0.07695789950203712,850,1.2664260864257812,0.375,NO,,,
0.07695789950203712,850,1.2664260864257812,0.375,NO,,,
0.07695789950203712,850,1.2664260864257812,0.375,NO,,,
0.07695789950203712,850,1.2664260864257812,0.375,NO,,,
0.07695789950203712,850,1.2664260864257812,0.375,NO,,,
0.07695789950203712,850,1.2664260864257812,0.375,NO,,,
0.07695789950203712,850,1.2664260864257812,0.375,NO,,,
0.07786328655500227,860,1.5970840454101562,0.34375,NO,,,
0.07786328655500227,860,1.5970840454101562,0.34375,NO,,,
0.07786328655500227,860,1.5970840454101562,0.34375,NO,,,
0.07786328655500227,860,1.5970840454101562,0.34375,NO,,,
0.07786328655500227,860,1.5970840454101562,0.34375,NO,,,
0.07786328655500227,860,1.5970840454101562,0.34375,NO,,,
0.07786328655500227,860,1.5970840454101562,0.34375,NO,,,
0.07786328655500227,860,1.5970840454101562,0.34375,NO,,,
0.07786328655500227,860,1.5970840454101562,0.34375,NO,,,
0.07786328655500227,860,1.5970840454101562,0.34375,NO,,,
0.07876867360796741,870,1.6310234069824219,0.34375,NO,,,
0.07876867360796741,870,1.6310234069824219,0.34375,NO,,,
0.07876867360796741,870,1.6310234069824219,0.34375,NO,,,
0.07876867360796741,870,1.6310234069824219,0.34375,NO,,,
0.07876867360796741,870,1.6310234069824219,0.34375,NO,,,
0.07876867360796741,870,1.6310234069824219,0.34375,NO,,,
0.07876867360796741,870,1.6310234069824219,0.34375,NO,,,
0.07876867360796741,870,1.6310234069824219,0.34375,NO,,,
0.07876867360796741,870,1.6310234069824219,0.34375,NO,,,
0.07876867360796741,870,1.6310234069824219,0.34375,NO,,,
0.07967406066093255,880,1.8328704833984375,0.46875,NO,,,
0.07967406066093255,880,1.8328704833984375,0.46875,NO,,,
0.07967406066093255,880,1.8328704833984375,0.46875,NO,,,
0.07967406066093255,880,1.8328704833984375,0.46875,NO,,,
0.07967406066093255,880,1.8328704833984375,0.46875,NO,,,
0.07967406066093255,880,1.8328704833984375,0.46875,NO,,,
0.07967406066093255,880,1.8328704833984375,0.46875,NO,,,
0.07967406066093255,880,1.8328704833984375,0.46875,NO,,,
0.07967406066093255,880,1.8328704833984375,0.46875,NO,,,
0.07967406066093255,880,1.8328704833984375,0.46875,NO,,,
0.08057944771389769,890,2.0154495239257812,0.25,NO,,,
0.08057944771389769,890,2.0154495239257812,0.25,NO,,,
0.08057944771389769,890,2.0154495239257812,0.25,NO,,,
0.08057944771389769,890,2.0154495239257812,0.25,NO,,,
0.08057944771389769,890,2.0154495239257812,0.25,NO,,,
0.08057944771389769,890,2.0154495239257812,0.25,NO,,,
0.08057944771389769,890,2.0154495239257812,0.25,NO,,,
0.08057944771389769,890,2.0154495239257812,0.25,NO,,,
0.08057944771389769,890,2.0154495239257812,0.25,NO,,,
0.08057944771389769,890,2.0154495239257812,0.25,NO,,,
0.08148483476686283,900,2.3952369689941406,0.34375,NO,,,
0.08148483476686283,900,2.3952369689941406,0.34375,NO,,,
0.08148483476686283,900,2.3952369689941406,0.34375,NO,,,
0.08148483476686283,900,2.3952369689941406,0.34375,NO,,,
0.08148483476686283,900,2.3952369689941406,0.34375,NO,,,
0.08148483476686283,900,2.3952369689941406,0.34375,NO,,,
0.08148483476686283,900,2.3952369689941406,0.34375,NO,,,
0.08148483476686283,900,2.3952369689941406,0.34375,NO,,,
0.08148483476686283,900,2.3952369689941406,0.34375,NO,,,
0.08148483476686283,900,2.3952369689941406,0.34375,NO,,,
0.08239022181982798,910,2.1594772338867188,0.40625,NO,,,
0.08239022181982798,910,2.1594772338867188,0.40625,NO,,,
0.08239022181982798,910,2.1594772338867188,0.40625,NO,,,
0.08239022181982798,910,2.1594772338867188,0.40625,NO,,,
0.08239022181982798,910,2.1594772338867188,0.40625,NO,,,
0.08239022181982798,910,2.1594772338867188,0.40625,NO,,,
0.08239022181982798,910,2.1594772338867188,0.40625,NO,,,
0.08239022181982798,910,2.1594772338867188,0.40625,NO,,,
0.08239022181982798,910,2.1594772338867188,0.40625,NO,,,
0.08239022181982798,910,2.1594772338867188,0.40625,NO,,,
0.08329560887279312,920,1.892608642578125,0.34375,NO,,,
0.08329560887279312,920,1.892608642578125,0.34375,NO,,,
0.08329560887279312,920,1.892608642578125,0.34375,NO,,,
0.08329560887279312,920,1.892608642578125,0.34375,NO,,,
0.08329560887279312,920,1.892608642578125,0.34375,NO,,,
0.08329560887279312,920,1.892608642578125,0.34375,NO,,,
0.08329560887279312,920,1.892608642578125,0.34375,NO,,,
0.08329560887279312,920,1.892608642578125,0.34375,NO,,,
0.08329560887279312,920,1.892608642578125,0.34375,NO,,,
0.08329560887279312,920,1.892608642578125,0.34375,NO,,,
0.08420099592575826,930,1.7826423645019531,0.34375,NO,,,
0.08420099592575826,930,1.7826423645019531,0.34375,NO,,,
0.08420099592575826,930,1.7826423645019531,0.34375,NO,,,
0.08420099592575826,930,1.7826423645019531,0.34375,NO,,,
0.08420099592575826,930,1.7826423645019531,0.34375,NO,,,
0.08420099592575826,930,1.7826423645019531,0.34375,NO,,,
0.08420099592575826,930,1.7826423645019531,0.34375,NO,,,
0.08420099592575826,930,1.7826423645019531,0.34375,NO,,,
0.08420099592575826,930,1.7826423645019531,0.34375,NO,,,
0.08420099592575826,930,1.7826423645019531,0.34375,NO,,,
0.0851063829787234,940,1.995565414428711,0.375,NO,,,
0.0851063829787234,940,1.995565414428711,0.375,NO,,,
0.0851063829787234,940,1.995565414428711,0.375,NO,,,
0.0851063829787234,940,1.995565414428711,0.375,NO,,,
0.0851063829787234,940,1.995565414428711,0.375,NO,,,
0.0851063829787234,940,1.995565414428711,0.375,NO,,,
0.0851063829787234,940,1.995565414428711,0.375,NO,,,
0.0851063829787234,940,1.995565414428711,0.375,NO,,,
0.0851063829787234,940,1.995565414428711,0.375,NO,,,
0.0851063829787234,940,1.995565414428711,0.375,NO,,,
0.08601177003168854,950,1.9652557373046875,0.28125,NO,,,
0.08601177003168854,950,1.9652557373046875,0.28125,NO,,,
0.08601177003168854,950,1.9652557373046875,0.28125,NO,,,
0.08601177003168854,950,1.9652557373046875,0.28125,NO,,,
0.08601177003168854,950,1.9652557373046875,0.28125,NO,,,
0.08601177003168854,950,1.9652557373046875,0.28125,NO,,,
0.08601177003168854,950,1.9652557373046875,0.28125,NO,,,
0.08601177003168854,950,1.9652557373046875,0.28125,NO,,,
0.08601177003168854,950,1.9652557373046875,0.28125,NO,,,
0.08601177003168854,950,1.9652557373046875,0.28125,NO,,,
0.0869171570846537,960,1.8486804962158203,0.34375,NO,,,
0.0869171570846537,960,1.8486804962158203,0.34375,NO,,,
0.0869171570846537,960,1.8486804962158203,0.34375,NO,,,
0.0869171570846537,960,1.8486804962158203,0.34375,NO,,,
0.0869171570846537,960,1.8486804962158203,0.34375,NO,,,
0.0869171570846537,960,1.8486804962158203,0.34375,NO,,,
0.0869171570846537,960,1.8486804962158203,0.34375,NO,,,
0.0869171570846537,960,1.8486804962158203,0.34375,NO,,,
0.0869171570846537,960,1.8486804962158203,0.34375,NO,,,
0.0869171570846537,960,1.8486804962158203,0.34375,NO,,,
0.08782254413761884,970,2.3906259536743164,0.25,NO,,,
0.08782254413761884,970,2.3906259536743164,0.25,NO,,,
0.08782254413761884,970,2.3906259536743164,0.25,NO,,,
0.08782254413761884,970,2.3906259536743164,0.25,NO,,,
0.08782254413761884,970,2.3906259536743164,0.25,NO,,,
0.08782254413761884,970,2.3906259536743164,0.25,NO,,,
0.08782254413761884,970,2.3906259536743164,0.25,NO,,,
0.08782254413761884,970,2.3906259536743164,0.25,NO,,,
0.08782254413761884,970,2.3906259536743164,0.25,NO,,,
0.08782254413761884,970,2.3906259536743164,0.25,NO,,,
0.08872793119058398,980,3.1983752250671387,0.28125,NO,,,
0.08872793119058398,980,3.1983752250671387,0.28125,NO,,,
0.08872793119058398,980,3.1983752250671387,0.28125,NO,,,
0.08872793119058398,980,3.1983752250671387,0.28125,NO,,,
0.08872793119058398,980,3.1983752250671387,0.28125,NO,,,
0.08872793119058398,980,3.1983752250671387,0.28125,NO,,,
0.08872793119058398,980,3.1983752250671387,0.28125,NO,,,
0.08872793119058398,980,3.1983752250671387,0.28125,NO,,,
0.08872793119058398,980,3.1983752250671387,0.28125,NO,,,
0.08872793119058398,980,3.1983752250671387,0.28125,NO,,,
0.08963331824354911,990,2.314088821411133,0.375,NO,,,
0.08963331824354911,990,2.314088821411133,0.375,NO,,,
0.08963331824354911,990,2.314088821411133,0.375,NO,,,
0.08963331824354911,990,2.314088821411133,0.375,NO,,,
0.08963331824354911,990,2.314088821411133,0.375,NO,,,
0.08963331824354911,990,2.314088821411133,0.375,NO,,,
0.08963331824354911,990,2.314088821411133,0.375,NO,,,
0.08963331824354911,990,2.314088821411133,0.375,NO,,,
0.08963331824354911,990,2.314088821411133,0.375,NO,,,
0.08963331824354911,990,2.314088821411133,0.375,YES,2.14155912399292,0.3303284950343774,
0.09053870529651425,1000,1.9980010986328125,0.3125,NO,,,
0.09053870529651425,1000,1.9980010986328125,0.3125,NO,,,
0.09053870529651425,1000,1.9980010986328125,0.3125,NO,,,
0.09053870529651425,1000,1.9980010986328125,0.3125,NO,,,
0.09053870529651425,1000,1.9980010986328125,0.3125,NO,,,
0.09053870529651425,1000,1.9980010986328125,0.3125,NO,,,
0.09053870529651425,1000,1.9980010986328125,0.3125,NO,,,
0.09053870529651425,1000,1.9980010986328125,0.3125,NO,,,
0.09053870529651425,1000,1.9980010986328125,0.3125,NO,,,
0.09053870529651425,1000,1.9980010986328125,0.3125,NO,,,
0.09144409234947941,1010,2.127760887145996,0.53125,NO,,,
0.09144409234947941,1010,2.127760887145996,0.53125,NO,,,
0.09144409234947941,1010,2.127760887145996,0.53125,NO,,,
0.09144409234947941,1010,2.127760887145996,0.53125,NO,,,
0.09144409234947941,1010,2.127760887145996,0.53125,NO,,,
0.09144409234947941,1010,2.127760887145996,0.53125,NO,,,
0.09144409234947941,1010,2.127760887145996,0.53125,NO,,,
0.09144409234947941,1010,2.127760887145996,0.53125,NO,,,
0.09144409234947941,1010,2.127760887145996,0.53125,NO,,,
0.09144409234947941,1010,2.127760887145996,0.53125,NO,,,
0.09234947940244455,1020,3.0303878784179688,0.21875,NO,,,
0.09234947940244455,1020,3.0303878784179688,0.21875,NO,,,
0.09234947940244455,1020,3.0303878784179688,0.21875,NO,,,
0.09234947940244455,1020,3.0303878784179688,0.21875,NO,,,
0.09234947940244455,1020,3.0303878784179688,0.21875,NO,,,
0.09234947940244455,1020,3.0303878784179688,0.21875,NO,,,
0.09234947940244455,1020,3.0303878784179688,0.21875,NO,,,
0.09234947940244455,1020,3.0303878784179688,0.21875,NO,,,
0.09234947940244455,1020,3.0303878784179688,0.21875,NO,,,
0.09234947940244455,1020,3.0303878784179688,0.21875,NO,,,
0.09325486645540969,1030,2.5829086303710938,0.375,NO,,,
0.09325486645540969,1030,2.5829086303710938,0.375,NO,,,
0.09325486645540969,1030,2.5829086303710938,0.375,NO,,,
0.09325486645540969,1030,2.5829086303710938,0.375,NO,,,
0.09325486645540969,1030,2.5829086303710938,0.375,NO,,,
0.09325486645540969,1030,2.5829086303710938,0.375,NO,,,
0.09325486645540969,1030,2.5829086303710938,0.375,NO,,,
0.09325486645540969,1030,2.5829086303710938,0.375,NO,,,
0.09325486645540969,1030,2.5829086303710938,0.375,NO,,,
0.09325486645540969,1030,2.5829086303710938,0.375,NO,,,
0.09416025350837483,1040,1.9051322937011719,0.40625,NO,,,
0.09416025350837483,1040,1.9051322937011719,0.40625,NO,,,
0.09416025350837483,1040,1.9051322937011719,0.40625,NO,,,
0.09416025350837483,1040,1.9051322937011719,0.40625,NO,,,
0.09416025350837483,1040,1.9051322937011719,0.40625,NO,,,
0.09416025350837483,1040,1.9051322937011719,0.40625,NO,,,
0.09416025350837483,1040,1.9051322937011719,0.40625,NO,,,
0.09416025350837483,1040,1.9051322937011719,0.40625,NO,,,
0.09416025350837483,1040,1.9051322937011719,0.40625,NO,,,
0.09416025350837483,1040,1.9051322937011719,0.40625,NO,,,
0.09506564056133997,1050,2.1789512634277344,0.40625,NO,,,
0.09506564056133997,1050,2.1789512634277344,0.40625,NO,,,
0.09506564056133997,1050,2.1789512634277344,0.40625,NO,,,
0.09506564056133997,1050,2.1789512634277344,0.40625,NO,,,
0.09506564056133997,1050,2.1789512634277344,0.40625,NO,,,
0.09506564056133997,1050,2.1789512634277344,0.40625,NO,,,
0.09506564056133997,1050,2.1789512634277344,0.40625,NO,,,
0.09506564056133997,1050,2.1789512634277344,0.40625,NO,,,
0.09506564056133997,1050,2.1789512634277344,0.40625,NO,,,
0.09506564056133997,1050,2.1789512634277344,0.40625,NO,,,
0.09597102761430512,1060,2.196685791015625,0.375,NO,,,
0.09597102761430512,1060,2.196685791015625,0.375,NO,,,
0.09597102761430512,1060,2.196685791015625,0.375,NO,,,
0.09597102761430512,1060,2.196685791015625,0.375,NO,,,
0.09597102761430512,1060,2.196685791015625,0.375,NO,,,
0.09597102761430512,1060,2.196685791015625,0.375,NO,,,
0.09597102761430512,1060,2.196685791015625,0.375,NO,,,
0.09597102761430512,1060,2.196685791015625,0.375,NO,,,
0.09597102761430512,1060,2.196685791015625,0.375,NO,,,
0.09597102761430512,1060,2.196685791015625,0.375,NO,,,
0.09687641466727026,1070,2.0486106872558594,0.28125,NO,,,
0.09687641466727026,1070,2.0486106872558594,0.28125,NO,,,
0.09687641466727026,1070,2.0486106872558594,0.28125,NO,,,
0.09687641466727026,1070,2.0486106872558594,0.28125,NO,,,
0.09687641466727026,1070,2.0486106872558594,0.28125,NO,,,
0.09687641466727026,1070,2.0486106872558594,0.28125,NO,,,
0.09687641466727026,1070,2.0486106872558594,0.28125,NO,,,
0.09687641466727026,1070,2.0486106872558594,0.28125,NO,,,
0.09687641466727026,1070,2.0486106872558594,0.28125,NO,,,
0.09687641466727026,1070,2.0486106872558594,0.28125,NO,,,
0.0977818017202354,1080,3.105602264404297,0.3125,NO,,,
0.0977818017202354,1080,3.105602264404297,0.3125,NO,,,
0.0977818017202354,1080,3.105602264404297,0.3125,NO,,,
0.0977818017202354,1080,3.105602264404297,0.3125,NO,,,
0.0977818017202354,1080,3.105602264404297,0.3125,NO,,,
0.0977818017202354,1080,3.105602264404297,0.3125,NO,,,
0.0977818017202354,1080,3.105602264404297,0.3125,NO,,,
0.0977818017202354,1080,3.105602264404297,0.3125,NO,,,
0.0977818017202354,1080,3.105602264404297,0.3125,NO,,,
0.0977818017202354,1080,3.105602264404297,0.3125,NO,,,
0.09868718877320054,1090,2.1594810485839844,0.15625,NO,,,
0.09868718877320054,1090,2.1594810485839844,0.15625,NO,,,
0.09868718877320054,1090,2.1594810485839844,0.15625,NO,,,
0.09868718877320054,1090,2.1594810485839844,0.15625,NO,,,
0.09868718877320054,1090,2.1594810485839844,0.15625,NO,,,
0.09868718877320054,1090,2.1594810485839844,0.15625,NO,,,
0.09868718877320054,1090,2.1594810485839844,0.15625,NO,,,
0.09868718877320054,1090,2.1594810485839844,0.15625,NO,,,
0.09868718877320054,1090,2.1594810485839844,0.15625,NO,,,
0.09868718877320054,1090,2.1594810485839844,0.15625,NO,,,
0.09959257582616568,1100,1.8903045654296875,0.375,NO,,,
0.09959257582616568,1100,1.8903045654296875,0.375,NO,,,
0.09959257582616568,1100,1.8903045654296875,0.375,NO,,,
0.09959257582616568,1100,1.8903045654296875,0.375,NO,,,
0.09959257582616568,1100,1.8903045654296875,0.375,NO,,,
0.09959257582616568,1100,1.8903045654296875,0.375,NO,,,
0.09959257582616568,1100,1.8903045654296875,0.375,NO,,,
0.09959257582616568,1100,1.8903045654296875,0.375,NO,,,
0.09959257582616568,1100,1.8903045654296875,0.375,NO,,,
0.09959257582616568,1100,1.8903045654296875,0.375,NO,,,
0.10049796287913083,1110,2.0738067626953125,0.34375,NO,,,
0.10049796287913083,1110,2.0738067626953125,0.34375,NO,,,
0.10049796287913083,1110,2.0738067626953125,0.34375,NO,,,
0.10049796287913083,1110,2.0738067626953125,0.34375,NO,,,
0.10049796287913083,1110,2.0738067626953125,0.34375,NO,,,
0.10049796287913083,1110,2.0738067626953125,0.34375,NO,,,
0.10049796287913083,1110,2.0738067626953125,0.34375,NO,,,
0.10049796287913083,1110,2.0738067626953125,0.34375,NO,,,
0.10049796287913083,1110,2.0738067626953125,0.34375,NO,,,
0.10049796287913083,1110,2.0738067626953125,0.34375,NO,,,
0.10140334993209597,1120,2.183368682861328,0.375,NO,,,
0.10140334993209597,1120,2.183368682861328,0.375,NO,,,
0.10140334993209597,1120,2.183368682861328,0.375,NO,,,
0.10140334993209597,1120,2.183368682861328,0.375,NO,,,
0.10140334993209597,1120,2.183368682861328,0.375,NO,,,
0.10140334993209597,1120,2.183368682861328,0.375,NO,,,
0.10140334993209597,1120,2.183368682861328,0.375,NO,,,
0.10140334993209597,1120,2.183368682861328,0.375,NO,,,
0.10140334993209597,1120,2.183368682861328,0.375,NO,,,
0.10140334993209597,1120,2.183368682861328,0.375,NO,,,
0.10230873698506111,1130,1.3914222717285156,0.375,NO,,,
0.10230873698506111,1130,1.3914222717285156,0.375,NO,,,
0.10230873698506111,1130,1.3914222717285156,0.375,NO,,,
0.10230873698506111,1130,1.3914222717285156,0.375,NO,,,
0.10230873698506111,1130,1.3914222717285156,0.375,NO,,,
0.10230873698506111,1130,1.3914222717285156,0.375,NO,,,
0.10230873698506111,1130,1.3914222717285156,0.375,NO,,,
0.10230873698506111,1130,1.3914222717285156,0.375,NO,,,
0.10230873698506111,1130,1.3914222717285156,0.375,NO,,,
0.10230873698506111,1130,1.3914222717285156,0.375,NO,,,
0.10321412403802625,1140,1.4649810791015625,0.40625,NO,,,
0.10321412403802625,1140,1.4649810791015625,0.40625,NO,,,
0.10321412403802625,1140,1.4649810791015625,0.40625,NO,,,
0.10321412403802625,1140,1.4649810791015625,0.40625,NO,,,
0.10321412403802625,1140,1.4649810791015625,0.40625,NO,,,
0.10321412403802625,1140,1.4649810791015625,0.40625,NO,,,
0.10321412403802625,1140,1.4649810791015625,0.40625,NO,,,
0.10321412403802625,1140,1.4649810791015625,0.40625,NO,,,
0.10321412403802625,1140,1.4649810791015625,0.40625,NO,,,
0.10321412403802625,1140,1.4649810791015625,0.40625,NO,,,
0.10411951109099139,1150,1.460784912109375,0.25,NO,,,
0.10411951109099139,1150,1.460784912109375,0.25,NO,,,
0.10411951109099139,1150,1.460784912109375,0.25,NO,,,
0.10411951109099139,1150,1.460784912109375,0.25,NO,,,
0.10411951109099139,1150,1.460784912109375,0.25,NO,,,
0.10411951109099139,1150,1.460784912109375,0.25,NO,,,
0.10411951109099139,1150,1.460784912109375,0.25,NO,,,
0.10411951109099139,1150,1.460784912109375,0.25,NO,,,
0.10411951109099139,1150,1.460784912109375,0.25,NO,,,
0.10411951109099139,1150,1.460784912109375,0.25,NO,,,
0.10502489814395655,1160,1.4619064331054688,0.4375,NO,,,
0.10502489814395655,1160,1.4619064331054688,0.4375,NO,,,
0.10502489814395655,1160,1.4619064331054688,0.4375,NO,,,
0.10502489814395655,1160,1.4619064331054688,0.4375,NO,,,
0.10502489814395655,1160,1.4619064331054688,0.4375,NO,,,
0.10502489814395655,1160,1.4619064331054688,0.4375,NO,,,
0.10502489814395655,1160,1.4619064331054688,0.4375,NO,,,
0.10502489814395655,1160,1.4619064331054688,0.4375,NO,,,
0.10502489814395655,1160,1.4619064331054688,0.4375,NO,,,
0.10502489814395655,1160,1.4619064331054688,0.4375,NO,,,
0.10593028519692169,1170,1.5222663879394531,0.375,NO,,,
0.10593028519692169,1170,1.5222663879394531,0.375,NO,,,
0.10593028519692169,1170,1.5222663879394531,0.375,NO,,,
0.10593028519692169,1170,1.5222663879394531,0.375,NO,,,
0.10593028519692169,1170,1.5222663879394531,0.375,NO,,,
0.10593028519692169,1170,1.5222663879394531,0.375,NO,,,
0.10593028519692169,1170,1.5222663879394531,0.375,NO,,,
0.10593028519692169,1170,1.5222663879394531,0.375,NO,,,
0.10593028519692169,1170,1.5222663879394531,0.375,NO,,,
0.10593028519692169,1170,1.5222663879394531,0.375,NO,,,
0.10683567224988683,1180,1.4229297637939453,0.375,NO,,,
0.10683567224988683,1180,1.4229297637939453,0.375,NO,,,
0.10683567224988683,1180,1.4229297637939453,0.375,NO,,,
0.10683567224988683,1180,1.4229297637939453,0.375,NO,,,
0.10683567224988683,1180,1.4229297637939453,0.375,NO,,,
0.10683567224988683,1180,1.4229297637939453,0.375,NO,,,
0.10683567224988683,1180,1.4229297637939453,0.375,NO,,,
0.10683567224988683,1180,1.4229297637939453,0.375,NO,,,
0.10683567224988683,1180,1.4229297637939453,0.375,NO,,,
0.10683567224988683,1180,1.4229297637939453,0.375,NO,,,
0.10774105930285197,1190,1.6158065795898438,0.4375,NO,,,
0.10774105930285197,1190,1.6158065795898438,0.4375,NO,,,
0.10774105930285197,1190,1.6158065795898438,0.4375,NO,,,
0.10774105930285197,1190,1.6158065795898438,0.4375,NO,,,
0.10774105930285197,1190,1.6158065795898438,0.4375,NO,,,
0.10774105930285197,1190,1.6158065795898438,0.4375,NO,,,
0.10774105930285197,1190,1.6158065795898438,0.4375,NO,,,
0.10774105930285197,1190,1.6158065795898438,0.4375,NO,,,
0.10774105930285197,1190,1.6158065795898438,0.4375,NO,,,
0.10774105930285197,1190,1.6158065795898438,0.4375,NO,,,
0.1086464463558171,1200,1.3857574462890625,0.28125,NO,,,
0.1086464463558171,1200,1.3857574462890625,0.28125,NO,,,
0.1086464463558171,1200,1.3857574462890625,0.28125,NO,,,
0.1086464463558171,1200,1.3857574462890625,0.28125,NO,,,
0.1086464463558171,1200,1.3857574462890625,0.28125,NO,,,
0.1086464463558171,1200,1.3857574462890625,0.28125,NO,,,
0.1086464463558171,1200,1.3857574462890625,0.28125,NO,,,
0.1086464463558171,1200,1.3857574462890625,0.28125,NO,,,
0.1086464463558171,1200,1.3857574462890625,0.28125,NO,,,
0.1086464463558171,1200,1.3857574462890625,0.28125,NO,,,
0.10955183340878226,1210,1.3850822448730469,0.375,NO,,,
0.10955183340878226,1210,1.3850822448730469,0.375,NO,,,
0.10955183340878226,1210,1.3850822448730469,0.375,NO,,,
0.10955183340878226,1210,1.3850822448730469,0.375,NO,,,
0.10955183340878226,1210,1.3850822448730469,0.375,NO,,,
0.10955183340878226,1210,1.3850822448730469,0.375,NO,,,
0.10955183340878226,1210,1.3850822448730469,0.375,NO,,,
0.10955183340878226,1210,1.3850822448730469,0.375,NO,,,
0.10955183340878226,1210,1.3850822448730469,0.375,NO,,,
0.10955183340878226,1210,1.3850822448730469,0.375,NO,,,
0.1104572204617474,1220,1.7588691711425781,0.4375,NO,,,
0.1104572204617474,1220,1.7588691711425781,0.4375,NO,,,
0.1104572204617474,1220,1.7588691711425781,0.4375,NO,,,
0.1104572204617474,1220,1.7588691711425781,0.4375,NO,,,
0.1104572204617474,1220,1.7588691711425781,0.4375,NO,,,
0.1104572204617474,1220,1.7588691711425781,0.4375,NO,,,
0.1104572204617474,1220,1.7588691711425781,0.4375,NO,,,
0.1104572204617474,1220,1.7588691711425781,0.4375,NO,,,
0.1104572204617474,1220,1.7588691711425781,0.4375,NO,,,
0.1104572204617474,1220,1.7588691711425781,0.4375,NO,,,
0.11136260751471254,1230,1.8354873657226562,0.4375,NO,,,
0.11136260751471254,1230,1.8354873657226562,0.4375,NO,,,
0.11136260751471254,1230,1.8354873657226562,0.4375,NO,,,
0.11136260751471254,1230,1.8354873657226562,0.4375,NO,,,
0.11136260751471254,1230,1.8354873657226562,0.4375,NO,,,
0.11136260751471254,1230,1.8354873657226562,0.4375,NO,,,
0.11136260751471254,1230,1.8354873657226562,0.4375,NO,,,
0.11136260751471254,1230,1.8354873657226562,0.4375,NO,,,
0.11136260751471254,1230,1.8354873657226562,0.4375,NO,,,
0.11136260751471254,1230,1.8354873657226562,0.4375,NO,,,
0.11226799456767768,1240,1.719207763671875,0.28125,NO,,,
0.11226799456767768,1240,1.719207763671875,0.28125,NO,,,
0.11226799456767768,1240,1.719207763671875,0.28125,NO,,,
0.11226799456767768,1240,1.719207763671875,0.28125,NO,,,
0.11226799456767768,1240,1.719207763671875,0.28125,NO,,,
0.11226799456767768,1240,1.719207763671875,0.28125,NO,,,
0.11226799456767768,1240,1.719207763671875,0.28125,NO,,,
0.11226799456767768,1240,1.719207763671875,0.28125,NO,,,
0.11226799456767768,1240,1.719207763671875,0.28125,NO,,,
0.11226799456767768,1240,1.719207763671875,0.28125,NO,,,
0.11317338162064282,1250,1.5077934265136719,0.3125,NO,,,
0.11317338162064282,1250,1.5077934265136719,0.3125,NO,,,
0.11317338162064282,1250,1.5077934265136719,0.3125,NO,,,
0.11317338162064282,1250,1.5077934265136719,0.3125,NO,,,
0.11317338162064282,1250,1.5077934265136719,0.3125,NO,,,
0.11317338162064282,1250,1.5077934265136719,0.3125,NO,,,
0.11317338162064282,1250,1.5077934265136719,0.3125,NO,,,
0.11317338162064282,1250,1.5077934265136719,0.3125,NO,,,
0.11317338162064282,1250,1.5077934265136719,0.3125,NO,,,
0.11317338162064282,1250,1.5077934265136719,0.3125,NO,,,
0.11407876867360797,1260,1.4966583251953125,0.40625,NO,,,
0.11407876867360797,1260,1.4966583251953125,0.40625,NO,,,
0.11407876867360797,1260,1.4966583251953125,0.40625,NO,,,
0.11407876867360797,1260,1.4966583251953125,0.40625,NO,,,
0.11407876867360797,1260,1.4966583251953125,0.40625,NO,,,
0.11407876867360797,1260,1.4966583251953125,0.40625,NO,,,
0.11407876867360797,1260,1.4966583251953125,0.40625,NO,,,
0.11407876867360797,1260,1.4966583251953125,0.40625,NO,,,
0.11407876867360797,1260,1.4966583251953125,0.40625,NO,,,
0.11407876867360797,1260,1.4966583251953125,0.40625,NO,,,
0.11498415572657311,1270,1.29022216796875,0.375,NO,,,
0.11498415572657311,1270,1.29022216796875,0.375,NO,,,
0.11498415572657311,1270,1.29022216796875,0.375,NO,,,
0.11498415572657311,1270,1.29022216796875,0.375,NO,,,
0.11498415572657311,1270,1.29022216796875,0.375,NO,,,
0.11498415572657311,1270,1.29022216796875,0.375,NO,,,
0.11498415572657311,1270,1.29022216796875,0.375,NO,,,
0.11498415572657311,1270,1.29022216796875,0.375,NO,,,
0.11498415572657311,1270,1.29022216796875,0.375,NO,,,
0.11498415572657311,1270,1.29022216796875,0.375,NO,,,
0.11588954277953825,1280,1.0617408752441406,0.34375,NO,,,
0.11588954277953825,1280,1.0617408752441406,0.34375,NO,,,
0.11588954277953825,1280,1.0617408752441406,0.34375,NO,,,
0.11588954277953825,1280,1.0617408752441406,0.34375,NO,,,
0.11588954277953825,1280,1.0617408752441406,0.34375,NO,,,
0.11588954277953825,1280,1.0617408752441406,0.34375,NO,,,
0.11588954277953825,1280,1.0617408752441406,0.34375,NO,,,
0.11588954277953825,1280,1.0617408752441406,0.34375,NO,,,
0.11588954277953825,1280,1.0617408752441406,0.34375,NO,,,
0.11588954277953825,1280,1.0617408752441406,0.34375,NO,,,
0.11679492983250339,1290,1.2878150939941406,0.375,NO,,,
0.11679492983250339,1290,1.2878150939941406,0.375,NO,,,
0.11679492983250339,1290,1.2878150939941406,0.375,NO,,,
0.11679492983250339,1290,1.2878150939941406,0.375,NO,,,
0.11679492983250339,1290,1.2878150939941406,0.375,NO,,,
0.11679492983250339,1290,1.2878150939941406,0.375,NO,,,
0.11679492983250339,1290,1.2878150939941406,0.375,NO,,,
0.11679492983250339,1290,1.2878150939941406,0.375,NO,,,
0.11679492983250339,1290,1.2878150939941406,0.375,NO,,,
0.11679492983250339,1290,1.2878150939941406,0.375,NO,,,
0.11770031688546853,1300,1.2691001892089844,0.4375,NO,,,
0.11770031688546853,1300,1.2691001892089844,0.4375,NO,,,
0.11770031688546853,1300,1.2691001892089844,0.4375,NO,,,
0.11770031688546853,1300,1.2691001892089844,0.4375,NO,,,
0.11770031688546853,1300,1.2691001892089844,0.4375,NO,,,
0.11770031688546853,1300,1.2691001892089844,0.4375,NO,,,
0.11770031688546853,1300,1.2691001892089844,0.4375,NO,,,
0.11770031688546853,1300,1.2691001892089844,0.4375,NO,,,
0.11770031688546853,1300,1.2691001892089844,0.4375,NO,,,
0.11770031688546853,1300,1.2691001892089844,0.4375,NO,,,
0.11860570393843368,1310,1.2939224243164062,0.34375,NO,,,
0.11860570393843368,1310,1.2939224243164062,0.34375,NO,,,
0.11860570393843368,1310,1.2939224243164062,0.34375,NO,,,
0.11860570393843368,1310,1.2939224243164062,0.34375,NO,,,
0.11860570393843368,1310,1.2939224243164062,0.34375,NO,,,
0.11860570393843368,1310,1.2939224243164062,0.34375,NO,,,
0.11860570393843368,1310,1.2939224243164062,0.34375,NO,,,
0.11860570393843368,1310,1.2939224243164062,0.34375,NO,,,
0.11860570393843368,1310,1.2939224243164062,0.34375,NO,,,
0.11860570393843368,1310,1.2939224243164062,0.34375,NO,,,
0.11951109099139882,1320,1.3649444580078125,0.21875,NO,,,
0.11951109099139882,1320,1.3649444580078125,0.21875,NO,,,
0.11951109099139882,1320,1.3649444580078125,0.21875,NO,,,
0.11951109099139882,1320,1.3649444580078125,0.21875,NO,,,
0.11951109099139882,1320,1.3649444580078125,0.21875,NO,,,
0.11951109099139882,1320,1.3649444580078125,0.21875,NO,,,
0.11951109099139882,1320,1.3649444580078125,0.21875,NO,,,
0.11951109099139882,1320,1.3649444580078125,0.21875,NO,,,
0.11951109099139882,1320,1.3649444580078125,0.21875,NO,,,
0.11951109099139882,1320,1.3649444580078125,0.21875,NO,,,
0.12041647804436396,1330,1.1460113525390625,0.3125,NO,,,
0.12041647804436396,1330,1.1460113525390625,0.3125,NO,,,
0.12041647804436396,1330,1.1460113525390625,0.3125,NO,,,
0.12041647804436396,1330,1.1460113525390625,0.3125,NO,,,
0.12041647804436396,1330,1.1460113525390625,0.3125,NO,,,
0.12041647804436396,1330,1.1460113525390625,0.3125,NO,,,
0.12041647804436396,1330,1.1460113525390625,0.3125,NO,,,
0.12041647804436396,1330,1.1460113525390625,0.3125,NO,,,
0.12041647804436396,1330,1.1460113525390625,0.3125,NO,,,
0.12041647804436396,1330,1.1460113525390625,0.3125,NO,,,
0.1213218650973291,1340,1.2081298828125,0.3125,NO,,,
0.1213218650973291,1340,1.2081298828125,0.3125,NO,,,
0.1213218650973291,1340,1.2081298828125,0.3125,NO,,,
0.1213218650973291,1340,1.2081298828125,0.3125,NO,,,
0.1213218650973291,1340,1.2081298828125,0.3125,NO,,,
0.1213218650973291,1340,1.2081298828125,0.3125,NO,,,
0.1213218650973291,1340,1.2081298828125,0.3125,NO,,,
0.1213218650973291,1340,1.2081298828125,0.3125,NO,,,
0.1213218650973291,1340,1.2081298828125,0.3125,NO,,,
0.1213218650973291,1340,1.2081298828125,0.3125,NO,,,
0.12222725215029426,1350,1.2698326110839844,0.34375,NO,,,
0.12222725215029426,1350,1.2698326110839844,0.34375,NO,,,
0.12222725215029426,1350,1.2698326110839844,0.34375,NO,,,
0.12222725215029426,1350,1.2698326110839844,0.34375,NO,,,
0.12222725215029426,1350,1.2698326110839844,0.34375,NO,,,
0.12222725215029426,1350,1.2698326110839844,0.34375,NO,,,
0.12222725215029426,1350,1.2698326110839844,0.34375,NO,,,
0.12222725215029426,1350,1.2698326110839844,0.34375,NO,,,
0.12222725215029426,1350,1.2698326110839844,0.34375,NO,,,
0.12222725215029426,1350,1.2698326110839844,0.34375,NO,,,
0.1231326392032594,1360,1.481109619140625,0.34375,NO,,,
0.1231326392032594,1360,1.481109619140625,0.34375,NO,,,
0.1231326392032594,1360,1.481109619140625,0.34375,NO,,,
0.1231326392032594,1360,1.481109619140625,0.34375,NO,,,
0.1231326392032594,1360,1.481109619140625,0.34375,NO,,,
0.1231326392032594,1360,1.481109619140625,0.34375,NO,,,
0.1231326392032594,1360,1.481109619140625,0.34375,NO,,,
0.1231326392032594,1360,1.481109619140625,0.34375,NO,,,
0.1231326392032594,1360,1.481109619140625,0.34375,NO,,,
0.1231326392032594,1360,1.481109619140625,0.34375,NO,,,
0.12403802625622454,1370,1.6828174591064453,0.40625,NO,,,
0.12403802625622454,1370,1.6828174591064453,0.40625,NO,,,
0.12403802625622454,1370,1.6828174591064453,0.40625,NO,,,
0.12403802625622454,1370,1.6828174591064453,0.40625,NO,,,
0.12403802625622454,1370,1.6828174591064453,0.40625,NO,,,
0.12403802625622454,1370,1.6828174591064453,0.40625,NO,,,
0.12403802625622454,1370,1.6828174591064453,0.40625,NO,,,
0.12403802625622454,1370,1.6828174591064453,0.40625,NO,,,
0.12403802625622454,1370,1.6828174591064453,0.40625,NO,,,
0.12403802625622454,1370,1.6828174591064453,0.40625,NO,,,
0.12494341330918968,1380,1.865682601928711,0.28125,NO,,,
0.12494341330918968,1380,1.865682601928711,0.28125,NO,,,
0.12494341330918968,1380,1.865682601928711,0.28125,NO,,,
0.12494341330918968,1380,1.865682601928711,0.28125,NO,,,
0.12494341330918968,1380,1.865682601928711,0.28125,NO,,,
0.12494341330918968,1380,1.865682601928711,0.28125,NO,,,
0.12494341330918968,1380,1.865682601928711,0.28125,NO,,,
0.12494341330918968,1380,1.865682601928711,0.28125,NO,,,
0.12494341330918968,1380,1.865682601928711,0.28125,NO,,,
0.12494341330918968,1380,1.865682601928711,0.28125,NO,,,
0.12584880036215482,1390,1.1770782470703125,0.25,NO,,,
0.12584880036215482,1390,1.1770782470703125,0.25,NO,,,
0.12584880036215482,1390,1.1770782470703125,0.25,NO,,,
0.12584880036215482,1390,1.1770782470703125,0.25,NO,,,
0.12584880036215482,1390,1.1770782470703125,0.25,NO,,,
0.12584880036215482,1390,1.1770782470703125,0.25,NO,,,
0.12584880036215482,1390,1.1770782470703125,0.25,NO,,,
0.12584880036215482,1390,1.1770782470703125,0.25,NO,,,
0.12584880036215482,1390,1.1770782470703125,0.25,NO,,,
0.12584880036215482,1390,1.1770782470703125,0.25,NO,,,
0.12675418741511996,1400,1.4222984313964844,0.46875,NO,,,
0.12675418741511996,1400,1.4222984313964844,0.46875,NO,,,
0.12675418741511996,1400,1.4222984313964844,0.46875,NO,,,
0.12675418741511996,1400,1.4222984313964844,0.46875,NO,,,
0.12675418741511996,1400,1.4222984313964844,0.46875,NO,,,
0.12675418741511996,1400,1.4222984313964844,0.46875,NO,,,
0.12675418741511996,1400,1.4222984313964844,0.46875,NO,,,
0.12675418741511996,1400,1.4222984313964844,0.46875,NO,,,
0.12675418741511996,1400,1.4222984313964844,0.46875,NO,,,
0.12675418741511996,1400,1.4222984313964844,0.46875,NO,,,
0.1276595744680851,1410,1.5102920532226562,0.34375,NO,,,
0.1276595744680851,1410,1.5102920532226562,0.34375,NO,,,
0.1276595744680851,1410,1.5102920532226562,0.34375,NO,,,
0.1276595744680851,1410,1.5102920532226562,0.34375,NO,,,
0.1276595744680851,1410,1.5102920532226562,0.34375,NO,,,
0.1276595744680851,1410,1.5102920532226562,0.34375,NO,,,
0.1276595744680851,1410,1.5102920532226562,0.34375,NO,,,
0.1276595744680851,1410,1.5102920532226562,0.34375,NO,,,
0.1276595744680851,1410,1.5102920532226562,0.34375,NO,,,
0.1276595744680851,1410,1.5102920532226562,0.34375,NO,,,
0.12856496152105024,1420,1.2745742797851562,0.40625,NO,,,
0.12856496152105024,1420,1.2745742797851562,0.40625,NO,,,
0.12856496152105024,1420,1.2745742797851562,0.40625,NO,,,
0.12856496152105024,1420,1.2745742797851562,0.40625,NO,,,
0.12856496152105024,1420,1.2745742797851562,0.40625,NO,,,
0.12856496152105024,1420,1.2745742797851562,0.40625,NO,,,
0.12856496152105024,1420,1.2745742797851562,0.40625,NO,,,
0.12856496152105024,1420,1.2745742797851562,0.40625,NO,,,
0.12856496152105024,1420,1.2745742797851562,0.40625,NO,,,
0.12856496152105024,1420,1.2745742797851562,0.40625,NO,,,
0.1294703485740154,1430,1.458465576171875,0.375,NO,,,
0.1294703485740154,1430,1.458465576171875,0.375,NO,,,
0.1294703485740154,1430,1.458465576171875,0.375,NO,,,
0.1294703485740154,1430,1.458465576171875,0.375,NO,,,
0.1294703485740154,1430,1.458465576171875,0.375,NO,,,
0.1294703485740154,1430,1.458465576171875,0.375,NO,,,
0.1294703485740154,1430,1.458465576171875,0.375,NO,,,
0.1294703485740154,1430,1.458465576171875,0.375,NO,,,
0.1294703485740154,1430,1.458465576171875,0.375,NO,,,
0.1294703485740154,1430,1.458465576171875,0.375,NO,,,
0.13037573562698054,1440,1.5004196166992188,0.4375,NO,,,
0.13037573562698054,1440,1.5004196166992188,0.4375,NO,,,
0.13037573562698054,1440,1.5004196166992188,0.4375,NO,,,
0.13037573562698054,1440,1.5004196166992188,0.4375,NO,,,
0.13037573562698054,1440,1.5004196166992188,0.4375,NO,,,
0.13037573562698054,1440,1.5004196166992188,0.4375,NO,,,
0.13037573562698054,1440,1.5004196166992188,0.4375,NO,,,
0.13037573562698054,1440,1.5004196166992188,0.4375,NO,,,
0.13037573562698054,1440,1.5004196166992188,0.4375,NO,,,
0.13037573562698054,1440,1.5004196166992188,0.4375,NO,,,
0.13128112267994568,1450,1.4764862060546875,0.3125,NO,,,
0.13128112267994568,1450,1.4764862060546875,0.3125,NO,,,
0.13128112267994568,1450,1.4764862060546875,0.3125,NO,,,
0.13128112267994568,1450,1.4764862060546875,0.3125,NO,,,
0.13128112267994568,1450,1.4764862060546875,0.3125,NO,,,
0.13128112267994568,1450,1.4764862060546875,0.3125,NO,,,
0.13128112267994568,1450,1.4764862060546875,0.3125,NO,,,
0.13128112267994568,1450,1.4764862060546875,0.3125,NO,,,
0.13128112267994568,1450,1.4764862060546875,0.3125,NO,,,
0.13128112267994568,1450,1.4764862060546875,0.3125,NO,,,
0.13218650973291082,1460,1.4125900268554688,0.375,NO,,,
0.13218650973291082,1460,1.4125900268554688,0.375,NO,,,
0.13218650973291082,1460,1.4125900268554688,0.375,NO,,,
0.13218650973291082,1460,1.4125900268554688,0.375,NO,,,
0.13218650973291082,1460,1.4125900268554688,0.375,NO,,,
0.13218650973291082,1460,1.4125900268554688,0.375,NO,,,
0.13218650973291082,1460,1.4125900268554688,0.375,NO,,,
0.13218650973291082,1460,1.4125900268554688,0.375,NO,,,
0.13218650973291082,1460,1.4125900268554688,0.375,NO,,,
0.13218650973291082,1460,1.4125900268554688,0.375,NO,,,
0.13309189678587596,1470,1.4766426086425781,0.375,NO,,,
0.13309189678587596,1470,1.4766426086425781,0.375,NO,,,
0.13309189678587596,1470,1.4766426086425781,0.375,NO,,,
0.13309189678587596,1470,1.4766426086425781,0.375,NO,,,
0.13309189678587596,1470,1.4766426086425781,0.375,NO,,,
0.13309189678587596,1470,1.4766426086425781,0.375,NO,,,
0.13309189678587596,1470,1.4766426086425781,0.375,NO,,,
0.13309189678587596,1470,1.4766426086425781,0.375,NO,,,
0.13309189678587596,1470,1.4766426086425781,0.375,NO,,,
0.13309189678587596,1470,1.4766426086425781,0.375,NO,,,
0.1339972838388411,1480,1.598236083984375,0.34375,NO,,,
0.1339972838388411,1480,1.598236083984375,0.34375,NO,,,
0.1339972838388411,1480,1.598236083984375,0.34375,NO,,,
0.1339972838388411,1480,1.598236083984375,0.34375,NO,,,
0.1339972838388411,1480,1.598236083984375,0.34375,NO,,,
0.1339972838388411,1480,1.598236083984375,0.34375,NO,,,
0.1339972838388411,1480,1.598236083984375,0.34375,NO,,,
0.1339972838388411,1480,1.598236083984375,0.34375,NO,,,
0.1339972838388411,1480,1.598236083984375,0.34375,NO,,,
0.1339972838388411,1480,1.598236083984375,0.34375,NO,,,
0.13490267089180624,1490,1.9003219604492188,0.1875,NO,,,
0.13490267089180624,1490,1.9003219604492188,0.1875,NO,,,
0.13490267089180624,1490,1.9003219604492188,0.1875,NO,,,
0.13490267089180624,1490,1.9003219604492188,0.1875,NO,,,
0.13490267089180624,1490,1.9003219604492188,0.1875,NO,,,
0.13490267089180624,1490,1.9003219604492188,0.1875,NO,,,
0.13490267089180624,1490,1.9003219604492188,0.1875,NO,,,
0.13490267089180624,1490,1.9003219604492188,0.1875,NO,,,
0.13490267089180624,1490,1.9003219604492188,0.1875,NO,,,
0.13490267089180624,1490,1.9003219604492188,0.1875,NO,,,
0.13580805794477138,1500,1.790090560913086,0.40625,NO,,,
0.13580805794477138,1500,1.790090560913086,0.40625,NO,,,
0.13580805794477138,1500,1.790090560913086,0.40625,NO,,,
0.13580805794477138,1500,1.790090560913086,0.40625,NO,,,
0.13580805794477138,1500,1.790090560913086,0.40625,NO,,,
0.13580805794477138,1500,1.790090560913086,0.40625,NO,,,
0.13580805794477138,1500,1.790090560913086,0.40625,NO,,,
0.13580805794477138,1500,1.790090560913086,0.40625,NO,,,
0.13580805794477138,1500,1.790090560913086,0.40625,NO,,,
0.13580805794477138,1500,1.790090560913086,0.40625,NO,,,
0.13671344499773652,1510,1.6817169189453125,0.4375,NO,,,
0.13671344499773652,1510,1.6817169189453125,0.4375,NO,,,
0.13671344499773652,1510,1.6817169189453125,0.4375,NO,,,
0.13671344499773652,1510,1.6817169189453125,0.4375,NO,,,
0.13671344499773652,1510,1.6817169189453125,0.4375,NO,,,
0.13671344499773652,1510,1.6817169189453125,0.4375,NO,,,
0.13671344499773652,1510,1.6817169189453125,0.4375,NO,,,
0.13671344499773652,1510,1.6817169189453125,0.4375,NO,,,
0.13671344499773652,1510,1.6817169189453125,0.4375,NO,,,
0.13671344499773652,1510,1.6817169189453125,0.4375,NO,,,
0.13761883205070166,1520,1.8968009948730469,0.1875,NO,,,
0.13761883205070166,1520,1.8968009948730469,0.1875,NO,,,
0.13761883205070166,1520,1.8968009948730469,0.1875,NO,,,
0.13761883205070166,1520,1.8968009948730469,0.1875,NO,,,
0.13761883205070166,1520,1.8968009948730469,0.1875,NO,,,
0.13761883205070166,1520,1.8968009948730469,0.1875,NO,,,
0.13761883205070166,1520,1.8968009948730469,0.1875,NO,,,
0.13761883205070166,1520,1.8968009948730469,0.1875,NO,,,
0.13761883205070166,1520,1.8968009948730469,0.1875,NO,,,
0.13761883205070166,1520,1.8968009948730469,0.1875,NO,,,
0.13852421910366683,1530,2.1119251251220703,0.34375,NO,,,
0.13852421910366683,1530,2.1119251251220703,0.34375,NO,,,
0.13852421910366683,1530,2.1119251251220703,0.34375,NO,,,
0.13852421910366683,1530,2.1119251251220703,0.34375,NO,,,
0.13852421910366683,1530,2.1119251251220703,0.34375,NO,,,
0.13852421910366683,1530,2.1119251251220703,0.34375,NO,,,
0.13852421910366683,1530,2.1119251251220703,0.34375,NO,,,
0.13852421910366683,1530,2.1119251251220703,0.34375,NO,,,
0.13852421910366683,1530,2.1119251251220703,0.34375,NO,,,
0.13852421910366683,1530,2.1119251251220703,0.34375,NO,,,
0.13942960615663197,1540,2.023895263671875,0.28125,NO,,,
0.13942960615663197,1540,2.023895263671875,0.28125,NO,,,
0.13942960615663197,1540,2.023895263671875,0.28125,NO,,,
0.13942960615663197,1540,2.023895263671875,0.28125,NO,,,
0.13942960615663197,1540,2.023895263671875,0.28125,NO,,,
0.13942960615663197,1540,2.023895263671875,0.28125,NO,,,
0.13942960615663197,1540,2.023895263671875,0.28125,NO,,,
0.13942960615663197,1540,2.023895263671875,0.28125,NO,,,
0.13942960615663197,1540,2.023895263671875,0.28125,NO,,,
0.13942960615663197,1540,2.023895263671875,0.28125,NO,,,
0.1403349932095971,1550,2.088827133178711,0.28125,NO,,,
0.1403349932095971,1550,2.088827133178711,0.28125,NO,,,
0.1403349932095971,1550,2.088827133178711,0.28125,NO,,,
0.1403349932095971,1550,2.088827133178711,0.28125,NO,,,
0.1403349932095971,1550,2.088827133178711,0.28125,NO,,,
0.1403349932095971,1550,2.088827133178711,0.28125,NO,,,
0.1403349932095971,1550,2.088827133178711,0.28125,NO,,,
0.1403349932095971,1550,2.088827133178711,0.28125,NO,,,
0.1403349932095971,1550,2.088827133178711,0.28125,NO,,,
0.1403349932095971,1550,2.088827133178711,0.28125,NO,,,
0.14124038026256225,1560,2.038970947265625,0.375,NO,,,
0.14124038026256225,1560,2.038970947265625,0.375,NO,,,
0.14124038026256225,1560,2.038970947265625,0.375,NO,,,
0.14124038026256225,1560,2.038970947265625,0.375,NO,,,
0.14124038026256225,1560,2.038970947265625,0.375,NO,,,
0.14124038026256225,1560,2.038970947265625,0.375,NO,,,
0.14124038026256225,1560,2.038970947265625,0.375,NO,,,
0.14124038026256225,1560,2.038970947265625,0.375,NO,,,
0.14124038026256225,1560,2.038970947265625,0.375,NO,,,
0.14124038026256225,1560,2.038970947265625,0.375,NO,,,
0.1421457673155274,1570,1.719137191772461,0.34375,NO,,,
0.1421457673155274,1570,1.719137191772461,0.34375,NO,,,
0.1421457673155274,1570,1.719137191772461,0.34375,NO,,,
0.1421457673155274,1570,1.719137191772461,0.34375,NO,,,
0.1421457673155274,1570,1.719137191772461,0.34375,NO,,,
0.1421457673155274,1570,1.719137191772461,0.34375,NO,,,
0.1421457673155274,1570,1.719137191772461,0.34375,NO,,,
0.1421457673155274,1570,1.719137191772461,0.34375,NO,,,
0.1421457673155274,1570,1.719137191772461,0.34375,NO,,,
0.1421457673155274,1570,1.719137191772461,0.34375,NO,,,
0.14305115436849253,1580,1.8318233489990234,0.28125,NO,,,
0.14305115436849253,1580,1.8318233489990234,0.28125,NO,,,
0.14305115436849253,1580,1.8318233489990234,0.28125,NO,,,
0.14305115436849253,1580,1.8318233489990234,0.28125,NO,,,
0.14305115436849253,1580,1.8318233489990234,0.28125,NO,,,
0.14305115436849253,1580,1.8318233489990234,0.28125,NO,,,
0.14305115436849253,1580,1.8318233489990234,0.28125,NO,,,
0.14305115436849253,1580,1.8318233489990234,0.28125,NO,,,
0.14305115436849253,1580,1.8318233489990234,0.28125,NO,,,
0.14305115436849253,1580,1.8318233489990234,0.28125,NO,,,
0.14395654142145767,1590,2.021087646484375,0.40625,NO,,,
0.14395654142145767,1590,2.021087646484375,0.40625,NO,,,
0.14395654142145767,1590,2.021087646484375,0.40625,NO,,,
0.14395654142145767,1590,2.021087646484375,0.40625,NO,,,
0.14395654142145767,1590,2.021087646484375,0.40625,NO,,,
0.14395654142145767,1590,2.021087646484375,0.40625,NO,,,
0.14395654142145767,1590,2.021087646484375,0.40625,NO,,,
0.14395654142145767,1590,2.021087646484375,0.40625,NO,,,
0.14395654142145767,1590,2.021087646484375,0.40625,NO,,,
0.14395654142145767,1590,2.021087646484375,0.40625,NO,,,
0.1448619284744228,1600,2.433485984802246,0.3125,NO,,,
0.1448619284744228,1600,2.433485984802246,0.3125,NO,,,
0.1448619284744228,1600,2.433485984802246,0.3125,NO,,,
0.1448619284744228,1600,2.433485984802246,0.3125,NO,,,
0.1448619284744228,1600,2.433485984802246,0.3125,NO,,,
0.1448619284744228,1600,2.433485984802246,0.3125,NO,,,
0.1448619284744228,1600,2.433485984802246,0.3125,NO,,,
0.1448619284744228,1600,2.433485984802246,0.3125,NO,,,
0.1448619284744228,1600,2.433485984802246,0.3125,NO,,,
0.1448619284744228,1600,2.433485984802246,0.3125,NO,,,
0.14576731552738795,1610,2.8071088790893555,0.28125,NO,,,
0.14576731552738795,1610,2.8071088790893555,0.28125,NO,,,
0.14576731552738795,1610,2.8071088790893555,0.28125,NO,,,
0.14576731552738795,1610,2.8071088790893555,0.28125,NO,,,
0.14576731552738795,1610,2.8071088790893555,0.28125,NO,,,
0.14576731552738795,1610,2.8071088790893555,0.28125,NO,,,
0.14576731552738795,1610,2.8071088790893555,0.28125,NO,,,
0.14576731552738795,1610,2.8071088790893555,0.28125,NO,,,
0.14576731552738795,1610,2.8071088790893555,0.28125,NO,,,
0.14576731552738795,1610,2.8071088790893555,0.28125,NO,,,
0.14667270258035311,1620,2.2193126678466797,0.3125,NO,,,
0.14667270258035311,1620,2.2193126678466797,0.3125,NO,,,
0.14667270258035311,1620,2.2193126678466797,0.3125,NO,,,
0.14667270258035311,1620,2.2193126678466797,0.3125,NO,,,
0.14667270258035311,1620,2.2193126678466797,0.3125,NO,,,
0.14667270258035311,1620,2.2193126678466797,0.3125,NO,,,
0.14667270258035311,1620,2.2193126678466797,0.3125,NO,,,
0.14667270258035311,1620,2.2193126678466797,0.3125,NO,,,
0.14667270258035311,1620,2.2193126678466797,0.3125,NO,,,
0.14667270258035311,1620,2.2193126678466797,0.3125,NO,,,
0.14757808963331825,1630,2.341588020324707,0.34375,NO,,,
0.14757808963331825,1630,2.341588020324707,0.34375,NO,,,
0.14757808963331825,1630,2.341588020324707,0.34375,NO,,,
0.14757808963331825,1630,2.341588020324707,0.34375,NO,,,
0.14757808963331825,1630,2.341588020324707,0.34375,NO,,,
0.14757808963331825,1630,2.341588020324707,0.34375,NO,,,
0.14757808963331825,1630,2.341588020324707,0.34375,NO,,,
0.14757808963331825,1630,2.341588020324707,0.34375,NO,,,
0.14757808963331825,1630,2.341588020324707,0.34375,NO,,,
0.14757808963331825,1630,2.341588020324707,0.34375,NO,,,
0.1484834766862834,1640,2.4784393310546875,0.34375,NO,,,
0.1484834766862834,1640,2.4784393310546875,0.34375,NO,,,
0.1484834766862834,1640,2.4784393310546875,0.34375,NO,,,
0.1484834766862834,1640,2.4784393310546875,0.34375,NO,,,
0.1484834766862834,1640,2.4784393310546875,0.34375,NO,,,
0.1484834766862834,1640,2.4784393310546875,0.34375,NO,,,
0.1484834766862834,1640,2.4784393310546875,0.34375,NO,,,
0.1484834766862834,1640,2.4784393310546875,0.34375,NO,,,
0.1484834766862834,1640,2.4784393310546875,0.34375,NO,,,
0.1484834766862834,1640,2.4784393310546875,0.34375,NO,,,
0.14938886373924853,1650,2.1198601722717285,0.46875,NO,,,
0.14938886373924853,1650,2.1198601722717285,0.46875,NO,,,
0.14938886373924853,1650,2.1198601722717285,0.46875,NO,,,
0.14938886373924853,1650,2.1198601722717285,0.46875,NO,,,
0.14938886373924853,1650,2.1198601722717285,0.46875,NO,,,
0.14938886373924853,1650,2.1198601722717285,0.46875,NO,,,
0.14938886373924853,1650,2.1198601722717285,0.46875,NO,,,
0.14938886373924853,1650,2.1198601722717285,0.46875,NO,,,
0.14938886373924853,1650,2.1198601722717285,0.46875,NO,,,
0.14938886373924853,1650,2.1198601722717285,0.46875,NO,,,
0.15029425079221367,1660,2.702604293823242,0.25,NO,,,
0.15029425079221367,1660,2.702604293823242,0.25,NO,,,
0.15029425079221367,1660,2.702604293823242,0.25,NO,,,
0.15029425079221367,1660,2.702604293823242,0.25,NO,,,
0.15029425079221367,1660,2.702604293823242,0.25,NO,,,
0.15029425079221367,1660,2.702604293823242,0.25,NO,,,
0.15029425079221367,1660,2.702604293823242,0.25,NO,,,
0.15029425079221367,1660,2.702604293823242,0.25,NO,,,
0.15029425079221367,1660,2.702604293823242,0.25,NO,,,
0.15029425079221367,1660,2.702604293823242,0.25,NO,,,
0.1511996378451788,1670,1.8545856475830078,0.34375,NO,,,
0.1511996378451788,1670,1.8545856475830078,0.34375,NO,,,
0.1511996378451788,1670,1.8545856475830078,0.34375,NO,,,
0.1511996378451788,1670,1.8545856475830078,0.34375,NO,,,
0.1511996378451788,1670,1.8545856475830078,0.34375,NO,,,
0.1511996378451788,1670,1.8545856475830078,0.34375,NO,,,
0.1511996378451788,1670,1.8545856475830078,0.34375,NO,,,
0.1511996378451788,1670,1.8545856475830078,0.34375,NO,,,
0.1511996378451788,1670,1.8545856475830078,0.34375,NO,,,
0.1511996378451788,1670,1.8545856475830078,0.34375,NO,,,
0.15210502489814395,1680,1.6194305419921875,0.4375,NO,,,
0.15210502489814395,1680,1.6194305419921875,0.4375,NO,,,
0.15210502489814395,1680,1.6194305419921875,0.4375,NO,,,
0.15210502489814395,1680,1.6194305419921875,0.4375,NO,,,
0.15210502489814395,1680,1.6194305419921875,0.4375,NO,,,
0.15210502489814395,1680,1.6194305419921875,0.4375,NO,,,
0.15210502489814395,1680,1.6194305419921875,0.4375,NO,,,
0.15210502489814395,1680,1.6194305419921875,0.4375,NO,,,
0.15210502489814395,1680,1.6194305419921875,0.4375,NO,,,
0.15210502489814395,1680,1.6194305419921875,0.4375,NO,,,
0.1530104119511091,1690,1.525761604309082,0.21875,NO,,,
0.1530104119511091,1690,1.525761604309082,0.21875,NO,,,
0.1530104119511091,1690,1.525761604309082,0.21875,NO,,,
0.1530104119511091,1690,1.525761604309082,0.21875,NO,,,
0.1530104119511091,1690,1.525761604309082,0.21875,NO,,,
0.1530104119511091,1690,1.525761604309082,0.21875,NO,,,
0.1530104119511091,1690,1.525761604309082,0.21875,NO,,,
0.1530104119511091,1690,1.525761604309082,0.21875,NO,,,
0.1530104119511091,1690,1.525761604309082,0.21875,NO,,,
0.1530104119511091,1690,1.525761604309082,0.21875,NO,,,
0.15391579900407423,1700,1.9421472549438477,0.28125,NO,,,
0.15391579900407423,1700,1.9421472549438477,0.28125,NO,,,
0.15391579900407423,1700,1.9421472549438477,0.28125,NO,,,
0.15391579900407423,1700,1.9421472549438477,0.28125,NO,,,
0.15391579900407423,1700,1.9421472549438477,0.28125,NO,,,
0.15391579900407423,1700,1.9421472549438477,0.28125,NO,,,
0.15391579900407423,1700,1.9421472549438477,0.28125,NO,,,
0.15391579900407423,1700,1.9421472549438477,0.28125,NO,,,
0.15391579900407423,1700,1.9421472549438477,0.28125,NO,,,
0.15391579900407423,1700,1.9421472549438477,0.28125,NO,,,
0.15482118605703937,1710,1.9360523223876953,0.3125,NO,,,
0.15482118605703937,1710,1.9360523223876953,0.3125,NO,,,
0.15482118605703937,1710,1.9360523223876953,0.3125,NO,,,
0.15482118605703937,1710,1.9360523223876953,0.3125,NO,,,
0.15482118605703937,1710,1.9360523223876953,0.3125,NO,,,
0.15482118605703937,1710,1.9360523223876953,0.3125,NO,,,
0.15482118605703937,1710,1.9360523223876953,0.3125,NO,,,
0.15482118605703937,1710,1.9360523223876953,0.3125,NO,,,
0.15482118605703937,1710,1.9360523223876953,0.3125,NO,,,
0.15482118605703937,1710,1.9360523223876953,0.3125,NO,,,
0.15572657311000454,1720,1.915079116821289,0.375,NO,,,
0.15572657311000454,1720,1.915079116821289,0.375,NO,,,
0.15572657311000454,1720,1.915079116821289,0.375,NO,,,
0.15572657311000454,1720,1.915079116821289,0.375,NO,,,
0.15572657311000454,1720,1.915079116821289,0.375,NO,,,
0.15572657311000454,1720,1.915079116821289,0.375,NO,,,
0.15572657311000454,1720,1.915079116821289,0.375,NO,,,
0.15572657311000454,1720,1.915079116821289,0.375,NO,,,
0.15572657311000454,1720,1.915079116821289,0.375,NO,,,
0.15572657311000454,1720,1.915079116821289,0.375,NO,,,
0.15663196016296968,1730,3.5860812664031982,0.25,NO,,,
0.15663196016296968,1730,3.5860812664031982,0.25,NO,,,
0.15663196016296968,1730,3.5860812664031982,0.25,NO,,,
0.15663196016296968,1730,3.5860812664031982,0.25,NO,,,
0.15663196016296968,1730,3.5860812664031982,0.25,NO,,,
0.15663196016296968,1730,3.5860812664031982,0.25,NO,,,
0.15663196016296968,1730,3.5860812664031982,0.25,NO,,,
0.15663196016296968,1730,3.5860812664031982,0.25,NO,,,
0.15663196016296968,1730,3.5860812664031982,0.25,NO,,,
0.15663196016296968,1730,3.5860812664031982,0.25,NO,,,
0.15753734721593482,1740,1.6512084007263184,0.40625,NO,,,
0.15753734721593482,1740,1.6512084007263184,0.40625,NO,,,
0.15753734721593482,1740,1.6512084007263184,0.40625,NO,,,
0.15753734721593482,1740,1.6512084007263184,0.40625,NO,,,
0.15753734721593482,1740,1.6512084007263184,0.40625,NO,,,
0.15753734721593482,1740,1.6512084007263184,0.40625,NO,,,
0.15753734721593482,1740,1.6512084007263184,0.40625,NO,,,
0.15753734721593482,1740,1.6512084007263184,0.40625,NO,,,
0.15753734721593482,1740,1.6512084007263184,0.40625,NO,,,
0.15753734721593482,1740,1.6512084007263184,0.40625,NO,,,
0.15844273426889996,1750,2.3306102752685547,0.15625,NO,,,
0.15844273426889996,1750,2.3306102752685547,0.15625,NO,,,
0.15844273426889996,1750,2.3306102752685547,0.15625,NO,,,
0.15844273426889996,1750,2.3306102752685547,0.15625,NO,,,
0.15844273426889996,1750,2.3306102752685547,0.15625,NO,,,
0.15844273426889996,1750,2.3306102752685547,0.15625,NO,,,
0.15844273426889996,1750,2.3306102752685547,0.15625,NO,,,
0.15844273426889996,1750,2.3306102752685547,0.15625,NO,,,
0.15844273426889996,1750,2.3306102752685547,0.15625,NO,,,
0.15844273426889996,1750,2.3306102752685547,0.15625,NO,,,
0.1593481213218651,1760,1.3679046630859375,0.4375,NO,,,
0.1593481213218651,1760,1.3679046630859375,0.4375,NO,,,
0.1593481213218651,1760,1.3679046630859375,0.4375,NO,,,
0.1593481213218651,1760,1.3679046630859375,0.4375,NO,,,
0.1593481213218651,1760,1.3679046630859375,0.4375,NO,,,
0.1593481213218651,1760,1.3679046630859375,0.4375,NO,,,
0.1593481213218651,1760,1.3679046630859375,0.4375,NO,,,
0.1593481213218651,1760,1.3679046630859375,0.4375,NO,,,
0.1593481213218651,1760,1.3679046630859375,0.4375,NO,,,
0.1593481213218651,1760,1.3679046630859375,0.4375,NO,,,
0.16025350837483024,1770,1.15863037109375,0.375,NO,,,
0.16025350837483024,1770,1.15863037109375,0.375,NO,,,
0.16025350837483024,1770,1.15863037109375,0.375,NO,,,
0.16025350837483024,1770,1.15863037109375,0.375,NO,,,
0.16025350837483024,1770,1.15863037109375,0.375,NO,,,
0.16025350837483024,1770,1.15863037109375,0.375,NO,,,
0.16025350837483024,1770,1.15863037109375,0.375,NO,,,
0.16025350837483024,1770,1.15863037109375,0.375,NO,,,
0.16025350837483024,1770,1.15863037109375,0.375,NO,,,
0.16025350837483024,1770,1.15863037109375,0.375,NO,,,
0.16115889542779538,1780,1.2895774841308594,0.375,NO,,,
0.16115889542779538,1780,1.2895774841308594,0.375,NO,,,
0.16115889542779538,1780,1.2895774841308594,0.375,NO,,,
0.16115889542779538,1780,1.2895774841308594,0.375,NO,,,
0.16115889542779538,1780,1.2895774841308594,0.375,NO,,,
0.16115889542779538,1780,1.2895774841308594,0.375,NO,,,
0.16115889542779538,1780,1.2895774841308594,0.375,NO,,,
0.16115889542779538,1780,1.2895774841308594,0.375,NO,,,
0.16115889542779538,1780,1.2895774841308594,0.375,NO,,,
0.16115889542779538,1780,1.2895774841308594,0.375,NO,,,
0.16206428248076052,1790,1.6613273620605469,0.25,NO,,,
0.16206428248076052,1790,1.6613273620605469,0.25,NO,,,
0.16206428248076052,1790,1.6613273620605469,0.25,NO,,,
0.16206428248076052,1790,1.6613273620605469,0.25,NO,,,
0.16206428248076052,1790,1.6613273620605469,0.25,NO,,,
0.16206428248076052,1790,1.6613273620605469,0.25,NO,,,
0.16206428248076052,1790,1.6613273620605469,0.25,NO,,,
0.16206428248076052,1790,1.6613273620605469,0.25,NO,,,
0.16206428248076052,1790,1.6613273620605469,0.25,NO,,,
0.16206428248076052,1790,1.6613273620605469,0.25,NO,,,
0.16296966953372566,1800,0.9753379821777344,0.5,NO,,,
0.16296966953372566,1800,0.9753379821777344,0.5,NO,,,
0.16296966953372566,1800,0.9753379821777344,0.5,NO,,,
0.16296966953372566,1800,0.9753379821777344,0.5,NO,,,
0.16296966953372566,1800,0.9753379821777344,0.5,NO,,,
0.16296966953372566,1800,0.9753379821777344,0.5,NO,,,
0.16296966953372566,1800,0.9753379821777344,0.5,NO,,,
0.16296966953372566,1800,0.9753379821777344,0.5,NO,,,
0.16296966953372566,1800,0.9753379821777344,0.5,NO,,,
0.16296966953372566,1800,0.9753379821777344,0.5,NO,,,
0.1638750565866908,1810,1.532470703125,0.4375,NO,,,
0.1638750565866908,1810,1.532470703125,0.4375,NO,,,
0.1638750565866908,1810,1.532470703125,0.4375,NO,,,
0.1638750565866908,1810,1.532470703125,0.4375,NO,,,
0.1638750565866908,1810,1.532470703125,0.4375,NO,,,
0.1638750565866908,1810,1.532470703125,0.4375,NO,,,
0.1638750565866908,1810,1.532470703125,0.4375,NO,,,
0.1638750565866908,1810,1.532470703125,0.4375,NO,,,
0.1638750565866908,1810,1.532470703125,0.4375,NO,,,
0.1638750565866908,1810,1.532470703125,0.4375,NO,,,
0.16478044363965597,1820,1.414520263671875,0.28125,NO,,,
0.16478044363965597,1820,1.414520263671875,0.28125,NO,,,
0.16478044363965597,1820,1.414520263671875,0.28125,NO,,,
0.16478044363965597,1820,1.414520263671875,0.28125,NO,,,
0.16478044363965597,1820,1.414520263671875,0.28125,NO,,,
0.16478044363965597,1820,1.414520263671875,0.28125,NO,,,
0.16478044363965597,1820,1.414520263671875,0.28125,NO,,,
0.16478044363965597,1820,1.414520263671875,0.28125,NO,,,
0.16478044363965597,1820,1.414520263671875,0.28125,NO,,,
0.16478044363965597,1820,1.414520263671875,0.28125,NO,,,
0.1656858306926211,1830,1.576528549194336,0.34375,NO,,,
0.1656858306926211,1830,1.576528549194336,0.34375,NO,,,
0.1656858306926211,1830,1.576528549194336,0.34375,NO,,,
0.1656858306926211,1830,1.576528549194336,0.34375,NO,,,
0.1656858306926211,1830,1.576528549194336,0.34375,NO,,,
0.1656858306926211,1830,1.576528549194336,0.34375,NO,,,
0.1656858306926211,1830,1.576528549194336,0.34375,NO,,,
0.1656858306926211,1830,1.576528549194336,0.34375,NO,,,
0.1656858306926211,1830,1.576528549194336,0.34375,NO,,,
0.1656858306926211,1830,1.576528549194336,0.34375,NO,,,
0.16659121774558625,1840,1.2535934448242188,0.40625,NO,,,
0.16659121774558625,1840,1.2535934448242188,0.40625,NO,,,
0.16659121774558625,1840,1.2535934448242188,0.40625,NO,,,
0.16659121774558625,1840,1.2535934448242188,0.40625,NO,,,
0.16659121774558625,1840,1.2535934448242188,0.40625,NO,,,
0.16659121774558625,1840,1.2535934448242188,0.40625,NO,,,
0.16659121774558625,1840,1.2535934448242188,0.40625,NO,,,
0.16659121774558625,1840,1.2535934448242188,0.40625,NO,,,
0.16659121774558625,1840,1.2535934448242188,0.40625,NO,,,
0.16659121774558625,1840,1.2535934448242188,0.40625,NO,,,
0.16749660479855139,1850,1.4068527221679688,0.375,NO,,,
0.16749660479855139,1850,1.4068527221679688,0.375,NO,,,
0.16749660479855139,1850,1.4068527221679688,0.375,NO,,,
0.16749660479855139,1850,1.4068527221679688,0.375,NO,,,
0.16749660479855139,1850,1.4068527221679688,0.375,NO,,,
0.16749660479855139,1850,1.4068527221679688,0.375,NO,,,
0.16749660479855139,1850,1.4068527221679688,0.375,NO,,,
0.16749660479855139,1850,1.4068527221679688,0.375,NO,,,
0.16749660479855139,1850,1.4068527221679688,0.375,NO,,,
0.16749660479855139,1850,1.4068527221679688,0.375,NO,,,
0.16840199185151652,1860,1.5947723388671875,0.375,NO,,,
0.16840199185151652,1860,1.5947723388671875,0.375,NO,,,
0.16840199185151652,1860,1.5947723388671875,0.375,NO,,,
0.16840199185151652,1860,1.5947723388671875,0.375,NO,,,
0.16840199185151652,1860,1.5947723388671875,0.375,NO,,,
0.16840199185151652,1860,1.5947723388671875,0.375,NO,,,
0.16840199185151652,1860,1.5947723388671875,0.375,NO,,,
0.16840199185151652,1860,1.5947723388671875,0.375,NO,,,
0.16840199185151652,1860,1.5947723388671875,0.375,NO,,,
0.16840199185151652,1860,1.5947723388671875,0.375,NO,,,
0.16930737890448166,1870,1.4516525268554688,0.3125,NO,,,
0.16930737890448166,1870,1.4516525268554688,0.3125,NO,,,
0.16930737890448166,1870,1.4516525268554688,0.3125,NO,,,
0.16930737890448166,1870,1.4516525268554688,0.3125,NO,,,
0.16930737890448166,1870,1.4516525268554688,0.3125,NO,,,
0.16930737890448166,1870,1.4516525268554688,0.3125,NO,,,
0.16930737890448166,1870,1.4516525268554688,0.3125,NO,,,
0.16930737890448166,1870,1.4516525268554688,0.3125,NO,,,
0.16930737890448166,1870,1.4516525268554688,0.3125,NO,,,
0.16930737890448166,1870,1.4516525268554688,0.3125,NO,,,
0.1702127659574468,1880,2.3566627502441406,0.1875,NO,,,
0.1702127659574468,1880,2.3566627502441406,0.1875,NO,,,
0.1702127659574468,1880,2.3566627502441406,0.1875,NO,,,
0.1702127659574468,1880,2.3566627502441406,0.1875,NO,,,
0.1702127659574468,1880,2.3566627502441406,0.1875,NO,,,
0.1702127659574468,1880,2.3566627502441406,0.1875,NO,,,
0.1702127659574468,1880,2.3566627502441406,0.1875,NO,,,
0.1702127659574468,1880,2.3566627502441406,0.1875,NO,,,
0.1702127659574468,1880,2.3566627502441406,0.1875,NO,,,
0.1702127659574468,1880,2.3566627502441406,0.1875,NO,,,
0.17111815301041194,1890,2.0303492546081543,0.375,NO,,,
0.17111815301041194,1890,2.0303492546081543,0.375,NO,,,
0.17111815301041194,1890,2.0303492546081543,0.375,NO,,,
0.17111815301041194,1890,2.0303492546081543,0.375,NO,,,
0.17111815301041194,1890,2.0303492546081543,0.375,NO,,,
0.17111815301041194,1890,2.0303492546081543,0.375,NO,,,
0.17111815301041194,1890,2.0303492546081543,0.375,NO,,,
0.17111815301041194,1890,2.0303492546081543,0.375,NO,,,
0.17111815301041194,1890,2.0303492546081543,0.375,NO,,,
0.17111815301041194,1890,2.0303492546081543,0.375,NO,,,
0.17202354006337708,1900,1.8967437744140625,0.375,NO,,,
0.17202354006337708,1900,1.8967437744140625,0.375,NO,,,
0.17202354006337708,1900,1.8967437744140625,0.375,NO,,,
0.17202354006337708,1900,1.8967437744140625,0.375,NO,,,
0.17202354006337708,1900,1.8967437744140625,0.375,NO,,,
0.17202354006337708,1900,1.8967437744140625,0.375,NO,,,
0.17202354006337708,1900,1.8967437744140625,0.375,NO,,,
0.17202354006337708,1900,1.8967437744140625,0.375,NO,,,
0.17202354006337708,1900,1.8967437744140625,0.375,NO,,,
0.17202354006337708,1900,1.8967437744140625,0.375,NO,,,
0.17292892711634222,1910,1.539006233215332,0.40625,NO,,,
0.17292892711634222,1910,1.539006233215332,0.40625,NO,,,
0.17292892711634222,1910,1.539006233215332,0.40625,NO,,,
0.17292892711634222,1910,1.539006233215332,0.40625,NO,,,
0.17292892711634222,1910,1.539006233215332,0.40625,NO,,,
0.17292892711634222,1910,1.539006233215332,0.40625,NO,,,
0.17292892711634222,1910,1.539006233215332,0.40625,NO,,,
0.17292892711634222,1910,1.539006233215332,0.40625,NO,,,
0.17292892711634222,1910,1.539006233215332,0.40625,NO,,,
0.17292892711634222,1910,1.539006233215332,0.40625,NO,,,
0.1738343141693074,1920,1.4777355194091797,0.375,NO,,,
0.1738343141693074,1920,1.4777355194091797,0.375,NO,,,
0.1738343141693074,1920,1.4777355194091797,0.375,NO,,,
0.1738343141693074,1920,1.4777355194091797,0.375,NO,,,
0.1738343141693074,1920,1.4777355194091797,0.375,NO,,,
0.1738343141693074,1920,1.4777355194091797,0.375,NO,,,
0.1738343141693074,1920,1.4777355194091797,0.375,NO,,,
0.1738343141693074,1920,1.4777355194091797,0.375,NO,,,
0.1738343141693074,1920,1.4777355194091797,0.375,NO,,,
0.1738343141693074,1920,1.4777355194091797,0.375,NO,,,
0.17473970122227253,1930,1.577256679534912,0.46875,NO,,,
0.17473970122227253,1930,1.577256679534912,0.46875,NO,,,
0.17473970122227253,1930,1.577256679534912,0.46875,NO,,,
0.17473970122227253,1930,1.577256679534912,0.46875,NO,,,
0.17473970122227253,1930,1.577256679534912,0.46875,NO,,,
0.17473970122227253,1930,1.577256679534912,0.46875,NO,,,
0.17473970122227253,1930,1.577256679534912,0.46875,NO,,,
0.17473970122227253,1930,1.577256679534912,0.46875,NO,,,
0.17473970122227253,1930,1.577256679534912,0.46875,NO,,,
0.17473970122227253,1930,1.577256679534912,0.46875,NO,,,
0.17564508827523767,1940,1.4148797988891602,0.34375,NO,,,
0.17564508827523767,1940,1.4148797988891602,0.34375,NO,,,
0.17564508827523767,1940,1.4148797988891602,0.34375,NO,,,
0.17564508827523767,1940,1.4148797988891602,0.34375,NO,,,
0.17564508827523767,1940,1.4148797988891602,0.34375,NO,,,
0.17564508827523767,1940,1.4148797988891602,0.34375,NO,,,
0.17564508827523767,1940,1.4148797988891602,0.34375,NO,,,
0.17564508827523767,1940,1.4148797988891602,0.34375,NO,,,
0.17564508827523767,1940,1.4148797988891602,0.34375,NO,,,
0.17564508827523767,1940,1.4148797988891602,0.34375,NO,,,
0.1765504753282028,1950,1.6670398712158203,0.40625,NO,,,
0.1765504753282028,1950,1.6670398712158203,0.40625,NO,,,
0.1765504753282028,1950,1.6670398712158203,0.40625,NO,,,
0.1765504753282028,1950,1.6670398712158203,0.40625,NO,,,
0.1765504753282028,1950,1.6670398712158203,0.40625,NO,,,
0.1765504753282028,1950,1.6670398712158203,0.40625,NO,,,
0.1765504753282028,1950,1.6670398712158203,0.40625,NO,,,
0.1765504753282028,1950,1.6670398712158203,0.40625,NO,,,
0.1765504753282028,1950,1.6670398712158203,0.40625,NO,,,
0.1765504753282028,1950,1.6670398712158203,0.40625,NO,,,
0.17745586238116795,1960,2.4862232208251953,0.25,NO,,,
0.17745586238116795,1960,2.4862232208251953,0.25,NO,,,
0.17745586238116795,1960,2.4862232208251953,0.25,NO,,,
0.17745586238116795,1960,2.4862232208251953,0.25,NO,,,
0.17745586238116795,1960,2.4862232208251953,0.25,NO,,,
0.17745586238116795,1960,2.4862232208251953,0.25,NO,,,
0.17745586238116795,1960,2.4862232208251953,0.25,NO,,,
0.17745586238116795,1960,2.4862232208251953,0.25,NO,,,
0.17745586238116795,1960,2.4862232208251953,0.25,NO,,,
0.17745586238116795,1960,2.4862232208251953,0.25,NO,,,
0.1783612494341331,1970,2.540773391723633,0.375,NO,,,
0.1783612494341331,1970,2.540773391723633,0.375,NO,,,
0.1783612494341331,1970,2.540773391723633,0.375,NO,,,
0.1783612494341331,1970,2.540773391723633,0.375,NO,,,
0.1783612494341331,1970,2.540773391723633,0.375,NO,,,
0.1783612494341331,1970,2.540773391723633,0.375,NO,,,
0.1783612494341331,1970,2.540773391723633,0.375,NO,,,
0.1783612494341331,1970,2.540773391723633,0.375,NO,,,
0.1783612494341331,1970,2.540773391723633,0.375,NO,,,
0.1783612494341331,1970,2.540773391723633,0.375,NO,,,
0.17926663648709823,1980,1.4601097106933594,0.28125,NO,,,
0.17926663648709823,1980,1.4601097106933594,0.28125,NO,,,
0.17926663648709823,1980,1.4601097106933594,0.28125,NO,,,
0.17926663648709823,1980,1.4601097106933594,0.28125,NO,,,
0.17926663648709823,1980,1.4601097106933594,0.28125,NO,,,
0.17926663648709823,1980,1.4601097106933594,0.28125,NO,,,
0.17926663648709823,1980,1.4601097106933594,0.28125,NO,,,
0.17926663648709823,1980,1.4601097106933594,0.28125,NO,,,
0.17926663648709823,1980,1.4601097106933594,0.28125,NO,,,
0.17926663648709823,1980,1.4601097106933594,0.28125,NO,,,
0.18017202354006337,1990,1.4219818115234375,0.4375,NO,,,
0.18017202354006337,1990,1.4219818115234375,0.4375,NO,,,
0.18017202354006337,1990,1.4219818115234375,0.4375,NO,,,
0.18017202354006337,1990,1.4219818115234375,0.4375,NO,,,
0.18017202354006337,1990,1.4219818115234375,0.4375,NO,,,
0.18017202354006337,1990,1.4219818115234375,0.4375,NO,,,
0.18017202354006337,1990,1.4219818115234375,0.4375,NO,,,
0.18017202354006337,1990,1.4219818115234375,0.4375,NO,,,
0.18017202354006337,1990,1.4219818115234375,0.4375,NO,,,
0.18017202354006337,1990,1.4219818115234375,0.4375,YES,1.3464628458023071,0.3310924369747899,
0.1810774105930285,2000,1.3891010284423828,0.28125,NO,,,
0.1810774105930285,2000,1.3891010284423828,0.28125,NO,,,
0.1810774105930285,2000,1.3891010284423828,0.28125,NO,,,
0.1810774105930285,2000,1.3891010284423828,0.28125,NO,,,
0.1810774105930285,2000,1.3891010284423828,0.28125,NO,,,
0.1810774105930285,2000,1.3891010284423828,0.28125,NO,,,
0.1810774105930285,2000,1.3891010284423828,0.28125,NO,,,
0.1810774105930285,2000,1.3891010284423828,0.28125,NO,,,
0.1810774105930285,2000,1.3891010284423828,0.28125,NO,,,
0.1810774105930285,2000,1.3891010284423828,0.28125,NO,,,
0.18198279764599365,2010,1.4368362426757812,0.46875,NO,,,
0.18198279764599365,2010,1.4368362426757812,0.46875,NO,,,
0.18198279764599365,2010,1.4368362426757812,0.46875,NO,,,
0.18198279764599365,2010,1.4368362426757812,0.46875,NO,,,
0.18198279764599365,2010,1.4368362426757812,0.46875,NO,,,
0.18198279764599365,2010,1.4368362426757812,0.46875,NO,,,
0.18198279764599365,2010,1.4368362426757812,0.46875,NO,,,
0.18198279764599365,2010,1.4368362426757812,0.46875,NO,,,
0.18198279764599365,2010,1.4368362426757812,0.46875,NO,,,
0.18198279764599365,2010,1.4368362426757812,0.46875,NO,,,
0.18288818469895882,2020,1.922480583190918,0.3125,NO,,,
0.18288818469895882,2020,1.922480583190918,0.3125,NO,,,
0.18288818469895882,2020,1.922480583190918,0.3125,NO,,,
0.18288818469895882,2020,1.922480583190918,0.3125,NO,,,
0.18288818469895882,2020,1.922480583190918,0.3125,NO,,,
0.18288818469895882,2020,1.922480583190918,0.3125,NO,,,
0.18288818469895882,2020,1.922480583190918,0.3125,NO,,,
0.18288818469895882,2020,1.922480583190918,0.3125,NO,,,
0.18288818469895882,2020,1.922480583190918,0.3125,NO,,,
0.18288818469895882,2020,1.922480583190918,0.3125,NO,,,
0.18379357175192396,2030,1.6084747314453125,0.34375,NO,,,
0.18379357175192396,2030,1.6084747314453125,0.34375,NO,,,
0.18379357175192396,2030,1.6084747314453125,0.34375,NO,,,
0.18379357175192396,2030,1.6084747314453125,0.34375,NO,,,
0.18379357175192396,2030,1.6084747314453125,0.34375,NO,,,
0.18379357175192396,2030,1.6084747314453125,0.34375,NO,,,
0.18379357175192396,2030,1.6084747314453125,0.34375,NO,,,
0.18379357175192396,2030,1.6084747314453125,0.34375,NO,,,
0.18379357175192396,2030,1.6084747314453125,0.34375,NO,,,
0.18379357175192396,2030,1.6084747314453125,0.34375,NO,,,
0.1846989588048891,2040,1.191986083984375,0.40625,NO,,,
0.1846989588048891,2040,1.191986083984375,0.40625,NO,,,
0.1846989588048891,2040,1.191986083984375,0.40625,NO,,,
0.1846989588048891,2040,1.191986083984375,0.40625,NO,,,
0.1846989588048891,2040,1.191986083984375,0.40625,NO,,,
0.1846989588048891,2040,1.191986083984375,0.40625,NO,,,
0.1846989588048891,2040,1.191986083984375,0.40625,NO,,,
0.1846989588048891,2040,1.191986083984375,0.40625,NO,,,
0.1846989588048891,2040,1.191986083984375,0.40625,NO,,,
0.1846989588048891,2040,1.191986083984375,0.40625,NO,,,
0.18560434585785424,2050,1.373046875,0.28125,NO,,,
0.18560434585785424,2050,1.373046875,0.28125,NO,,,
0.18560434585785424,2050,1.373046875,0.28125,NO,,,
0.18560434585785424,2050,1.373046875,0.28125,NO,,,
0.18560434585785424,2050,1.373046875,0.28125,NO,,,
0.18560434585785424,2050,1.373046875,0.28125,NO,,,
0.18560434585785424,2050,1.373046875,0.28125,NO,,,
0.18560434585785424,2050,1.373046875,0.28125,NO,,,
0.18560434585785424,2050,1.373046875,0.28125,NO,,,
0.18560434585785424,2050,1.373046875,0.28125,NO,,,
0.18650973291081938,2060,1.3238754272460938,0.40625,NO,,,
0.18650973291081938,2060,1.3238754272460938,0.40625,NO,,,
0.18650973291081938,2060,1.3238754272460938,0.40625,NO,,,
0.18650973291081938,2060,1.3238754272460938,0.40625,NO,,,
0.18650973291081938,2060,1.3238754272460938,0.40625,NO,,,
0.18650973291081938,2060,1.3238754272460938,0.40625,NO,,,
0.18650973291081938,2060,1.3238754272460938,0.40625,NO,,,
0.18650973291081938,2060,1.3238754272460938,0.40625,NO,,,
0.18650973291081938,2060,1.3238754272460938,0.40625,NO,,,
0.18650973291081938,2060,1.3238754272460938,0.40625,NO,,,
0.18741511996378452,2070,1.5862998962402344,0.40625,NO,,,
0.18741511996378452,2070,1.5862998962402344,0.40625,NO,,,
0.18741511996378452,2070,1.5862998962402344,0.40625,NO,,,
0.18741511996378452,2070,1.5862998962402344,0.40625,NO,,,
0.18741511996378452,2070,1.5862998962402344,0.40625,NO,,,
0.18741511996378452,2070,1.5862998962402344,0.40625,NO,,,
0.18741511996378452,2070,1.5862998962402344,0.40625,NO,,,
0.18741511996378452,2070,1.5862998962402344,0.40625,NO,,,
0.18741511996378452,2070,1.5862998962402344,0.40625,NO,,,
0.18741511996378452,2070,1.5862998962402344,0.40625,NO,,,
0.18832050701674966,2080,1.4636192321777344,0.375,NO,,,
0.18832050701674966,2080,1.4636192321777344,0.375,NO,,,
0.18832050701674966,2080,1.4636192321777344,0.375,NO,,,
0.18832050701674966,2080,1.4636192321777344,0.375,NO,,,
0.18832050701674966,2080,1.4636192321777344,0.375,NO,,,
0.18832050701674966,2080,1.4636192321777344,0.375,NO,,,
0.18832050701674966,2080,1.4636192321777344,0.375,NO,,,
0.18832050701674966,2080,1.4636192321777344,0.375,NO,,,
0.18832050701674966,2080,1.4636192321777344,0.375,NO,,,
0.18832050701674966,2080,1.4636192321777344,0.375,NO,,,
0.1892258940697148,2090,1.5409469604492188,0.3125,NO,,,
0.1892258940697148,2090,1.5409469604492188,0.3125,NO,,,
0.1892258940697148,2090,1.5409469604492188,0.3125,NO,,,
0.1892258940697148,2090,1.5409469604492188,0.3125,NO,,,
0.1892258940697148,2090,1.5409469604492188,0.3125,NO,,,
0.1892258940697148,2090,1.5409469604492188,0.3125,NO,,,
0.1892258940697148,2090,1.5409469604492188,0.3125,NO,,,
0.1892258940697148,2090,1.5409469604492188,0.3125,NO,,,
0.1892258940697148,2090,1.5409469604492188,0.3125,NO,,,
0.1892258940697148,2090,1.5409469604492188,0.3125,NO,,,
0.19013128112267993,2100,1.6081609725952148,0.21875,NO,,,
0.19013128112267993,2100,1.6081609725952148,0.21875,NO,,,
0.19013128112267993,2100,1.6081609725952148,0.21875,NO,,,
0.19013128112267993,2100,1.6081609725952148,0.21875,NO,,,
0.19013128112267993,2100,1.6081609725952148,0.21875,NO,,,
0.19013128112267993,2100,1.6081609725952148,0.21875,NO,,,
0.19013128112267993,2100,1.6081609725952148,0.21875,NO,,,
0.19013128112267993,2100,1.6081609725952148,0.21875,NO,,,
0.19013128112267993,2100,1.6081609725952148,0.21875,NO,,,
0.19013128112267993,2100,1.6081609725952148,0.21875,NO,,,
0.19103666817564507,2110,1.4304962158203125,0.25,NO,,,
0.19103666817564507,2110,1.4304962158203125,0.25,NO,,,
0.19103666817564507,2110,1.4304962158203125,0.25,NO,,,
0.19103666817564507,2110,1.4304962158203125,0.25,NO,,,
0.19103666817564507,2110,1.4304962158203125,0.25,NO,,,
0.19103666817564507,2110,1.4304962158203125,0.25,NO,,,
0.19103666817564507,2110,1.4304962158203125,0.25,NO,,,
0.19103666817564507,2110,1.4304962158203125,0.25,NO,,,
0.19103666817564507,2110,1.4304962158203125,0.25,NO,,,
0.19103666817564507,2110,1.4304962158203125,0.25,NO,,,
0.19194205522861024,2120,1.7133026123046875,0.3125,NO,,,
0.19194205522861024,2120,1.7133026123046875,0.3125,NO,,,
0.19194205522861024,2120,1.7133026123046875,0.3125,NO,,,
0.19194205522861024,2120,1.7133026123046875,0.3125,NO,,,
0.19194205522861024,2120,1.7133026123046875,0.3125,NO,,,
0.19194205522861024,2120,1.7133026123046875,0.3125,NO,,,
0.19194205522861024,2120,1.7133026123046875,0.3125,NO,,,
0.19194205522861024,2120,1.7133026123046875,0.3125,NO,,,
0.19194205522861024,2120,1.7133026123046875,0.3125,NO,,,
0.19194205522861024,2120,1.7133026123046875,0.3125,NO,,,
0.19284744228157538,2130,1.7048702239990234,0.28125,NO,,,
0.19284744228157538,2130,1.7048702239990234,0.28125,NO,,,
0.19284744228157538,2130,1.7048702239990234,0.28125,NO,,,
0.19284744228157538,2130,1.7048702239990234,0.28125,NO,,,
0.19284744228157538,2130,1.7048702239990234,0.28125,NO,,,
0.19284744228157538,2130,1.7048702239990234,0.28125,NO,,,
0.19284744228157538,2130,1.7048702239990234,0.28125,NO,,,
0.19284744228157538,2130,1.7048702239990234,0.28125,NO,,,
0.19284744228157538,2130,1.7048702239990234,0.28125,NO,,,
0.19284744228157538,2130,1.7048702239990234,0.28125,NO,,,
0.19375282933454052,2140,1.9059257507324219,0.28125,NO,,,
0.19375282933454052,2140,1.9059257507324219,0.28125,NO,,,
0.19375282933454052,2140,1.9059257507324219,0.28125,NO,,,
0.19375282933454052,2140,1.9059257507324219,0.28125,NO,,,
0.19375282933454052,2140,1.9059257507324219,0.28125,NO,,,
0.19375282933454052,2140,1.9059257507324219,0.28125,NO,,,
0.19375282933454052,2140,1.9059257507324219,0.28125,NO,,,
0.19375282933454052,2140,1.9059257507324219,0.28125,NO,,,
0.19375282933454052,2140,1.9059257507324219,0.28125,NO,,,
0.19375282933454052,2140,1.9059257507324219,0.28125,NO,,,
0.19465821638750566,2150,1.2926406860351562,0.53125,NO,,,
0.19465821638750566,2150,1.2926406860351562,0.53125,NO,,,
0.19465821638750566,2150,1.2926406860351562,0.53125,NO,,,
0.19465821638750566,2150,1.2926406860351562,0.53125,NO,,,
0.19465821638750566,2150,1.2926406860351562,0.53125,NO,,,
0.19465821638750566,2150,1.2926406860351562,0.53125,NO,,,
0.19465821638750566,2150,1.2926406860351562,0.53125,NO,,,
0.19465821638750566,2150,1.2926406860351562,0.53125,NO,,,
0.19465821638750566,2150,1.2926406860351562,0.53125,NO,,,
0.19465821638750566,2150,1.2926406860351562,0.53125,NO,,,
0.1955636034404708,2160,1.5116691589355469,0.375,NO,,,
0.1955636034404708,2160,1.5116691589355469,0.375,NO,,,
0.1955636034404708,2160,1.5116691589355469,0.375,NO,,,
0.1955636034404708,2160,1.5116691589355469,0.375,NO,,,
0.1955636034404708,2160,1.5116691589355469,0.375,NO,,,
0.1955636034404708,2160,1.5116691589355469,0.375,NO,,,
0.1955636034404708,2160,1.5116691589355469,0.375,NO,,,
0.1955636034404708,2160,1.5116691589355469,0.375,NO,,,
0.1955636034404708,2160,1.5116691589355469,0.375,NO,,,
0.1955636034404708,2160,1.5116691589355469,0.375,NO,,,
0.19646899049343594,2170,1.2706375122070312,0.375,NO,,,
0.19646899049343594,2170,1.2706375122070312,0.375,NO,,,
0.19646899049343594,2170,1.2706375122070312,0.375,NO,,,
0.19646899049343594,2170,1.2706375122070312,0.375,NO,,,
0.19646899049343594,2170,1.2706375122070312,0.375,NO,,,
0.19646899049343594,2170,1.2706375122070312,0.375,NO,,,
0.19646899049343594,2170,1.2706375122070312,0.375,NO,,,
0.19646899049343594,2170,1.2706375122070312,0.375,NO,,,
0.19646899049343594,2170,1.2706375122070312,0.375,NO,,,
0.19646899049343594,2170,1.2706375122070312,0.375,NO,,,
0.19737437754640108,2180,1.6959571838378906,0.21875,NO,,,
0.19737437754640108,2180,1.6959571838378906,0.21875,NO,,,
0.19737437754640108,2180,1.6959571838378906,0.21875,NO,,,
0.19737437754640108,2180,1.6959571838378906,0.21875,NO,,,
0.19737437754640108,2180,1.6959571838378906,0.21875,NO,,,
0.19737437754640108,2180,1.6959571838378906,0.21875,NO,,,
0.19737437754640108,2180,1.6959571838378906,0.21875,NO,,,
0.19737437754640108,2180,1.6959571838378906,0.21875,NO,,,
0.19737437754640108,2180,1.6959571838378906,0.21875,NO,,,
0.19737437754640108,2180,1.6959571838378906,0.21875,NO,,,
0.19827976459936622,2190,1.462890625,0.375,NO,,,
0.19827976459936622,2190,1.462890625,0.375,NO,,,
0.19827976459936622,2190,1.462890625,0.375,NO,,,
0.19827976459936622,2190,1.462890625,0.375,NO,,,
0.19827976459936622,2190,1.462890625,0.375,NO,,,
0.19827976459936622,2190,1.462890625,0.375,NO,,,
0.19827976459936622,2190,1.462890625,0.375,NO,,,
0.19827976459936622,2190,1.462890625,0.375,NO,,,
0.19827976459936622,2190,1.462890625,0.375,NO,,,
0.19827976459936622,2190,1.462890625,0.375,NO,,,
0.19918515165233136,2200,1.7351264953613281,0.3125,NO,,,
0.19918515165233136,2200,1.7351264953613281,0.3125,NO,,,
0.19918515165233136,2200,1.7351264953613281,0.3125,NO,,,
0.19918515165233136,2200,1.7351264953613281,0.3125,NO,,,
0.19918515165233136,2200,1.7351264953613281,0.3125,NO,,,
0.19918515165233136,2200,1.7351264953613281,0.3125,NO,,,
0.19918515165233136,2200,1.7351264953613281,0.3125,NO,,,
0.19918515165233136,2200,1.7351264953613281,0.3125,NO,,,
0.19918515165233136,2200,1.7351264953613281,0.3125,NO,,,
0.19918515165233136,2200,1.7351264953613281,0.3125,NO,,,
0.20009053870529653,2210,1.8501930236816406,0.25,NO,,,
0.20009053870529653,2210,1.8501930236816406,0.25,NO,,,
0.20009053870529653,2210,1.8501930236816406,0.25,NO,,,
0.20009053870529653,2210,1.8501930236816406,0.25,NO,,,
0.20009053870529653,2210,1.8501930236816406,0.25,NO,,,
0.20009053870529653,2210,1.8501930236816406,0.25,NO,,,
0.20009053870529653,2210,1.8501930236816406,0.25,NO,,,
0.20009053870529653,2210,1.8501930236816406,0.25,NO,,,
0.20009053870529653,2210,1.8501930236816406,0.25,NO,,,
0.20009053870529653,2210,1.8501930236816406,0.25,NO,,,
0.20099592575826167,2220,1.4178695678710938,0.15625,NO,,,
0.20099592575826167,2220,1.4178695678710938,0.15625,NO,,,
0.20099592575826167,2220,1.4178695678710938,0.15625,NO,,,
0.20099592575826167,2220,1.4178695678710938,0.15625,NO,,,
0.20099592575826167,2220,1.4178695678710938,0.15625,NO,,,
0.20099592575826167,2220,1.4178695678710938,0.15625,NO,,,
0.20099592575826167,2220,1.4178695678710938,0.15625,NO,,,
0.20099592575826167,2220,1.4178695678710938,0.15625,NO,,,
0.20099592575826167,2220,1.4178695678710938,0.15625,NO,,,
0.20099592575826167,2220,1.4178695678710938,0.15625,NO,,,
0.2019013128112268,2230,1.9323177337646484,0.28125,NO,,,
0.2019013128112268,2230,1.9323177337646484,0.28125,NO,,,
0.2019013128112268,2230,1.9323177337646484,0.28125,NO,,,
0.2019013128112268,2230,1.9323177337646484,0.28125,NO,,,
0.2019013128112268,2230,1.9323177337646484,0.28125,NO,,,
0.2019013128112268,2230,1.9323177337646484,0.28125,NO,,,
0.2019013128112268,2230,1.9323177337646484,0.28125,NO,,,
0.2019013128112268,2230,1.9323177337646484,0.28125,NO,,,
0.2019013128112268,2230,1.9323177337646484,0.28125,NO,,,
0.2019013128112268,2230,1.9323177337646484,0.28125,NO,,,
0.20280669986419195,2240,1.1980323791503906,0.375,NO,,,
0.20280669986419195,2240,1.1980323791503906,0.375,NO,,,
0.20280669986419195,2240,1.1980323791503906,0.375,NO,,,
0.20280669986419195,2240,1.1980323791503906,0.375,NO,,,
0.20280669986419195,2240,1.1980323791503906,0.375,NO,,,
0.20280669986419195,2240,1.1980323791503906,0.375,NO,,,
0.20280669986419195,2240,1.1980323791503906,0.375,NO,,,
0.20280669986419195,2240,1.1980323791503906,0.375,NO,,,
0.20280669986419195,2240,1.1980323791503906,0.375,NO,,,
0.20280669986419195,2240,1.1980323791503906,0.375,NO,,,
0.2037120869171571,2250,1.3904314041137695,0.375,NO,,,
0.2037120869171571,2250,1.3904314041137695,0.375,NO,,,
0.2037120869171571,2250,1.3904314041137695,0.375,NO,,,
0.2037120869171571,2250,1.3904314041137695,0.375,NO,,,
0.2037120869171571,2250,1.3904314041137695,0.375,NO,,,
0.2037120869171571,2250,1.3904314041137695,0.375,NO,,,
0.2037120869171571,2250,1.3904314041137695,0.375,NO,,,
0.2037120869171571,2250,1.3904314041137695,0.375,NO,,,
0.2037120869171571,2250,1.3904314041137695,0.375,NO,,,
0.2037120869171571,2250,1.3904314041137695,0.375,NO,,,
0.20461747397012223,2260,1.607503890991211,0.40625,NO,,,
0.20461747397012223,2260,1.607503890991211,0.40625,NO,,,
0.20461747397012223,2260,1.607503890991211,0.40625,NO,,,
0.20461747397012223,2260,1.607503890991211,0.40625,NO,,,
0.20461747397012223,2260,1.607503890991211,0.40625,NO,,,
0.20461747397012223,2260,1.607503890991211,0.40625,NO,,,
0.20461747397012223,2260,1.607503890991211,0.40625,NO,,,
0.20461747397012223,2260,1.607503890991211,0.40625,NO,,,
0.20461747397012223,2260,1.607503890991211,0.40625,NO,,,
0.20461747397012223,2260,1.607503890991211,0.40625,NO,,,
0.20552286102308737,2270,1.4067268371582031,0.375,NO,,,
0.20552286102308737,2270,1.4067268371582031,0.375,NO,,,
0.20552286102308737,2270,1.4067268371582031,0.375,NO,,,
0.20552286102308737,2270,1.4067268371582031,0.375,NO,,,
0.20552286102308737,2270,1.4067268371582031,0.375,NO,,,
0.20552286102308737,2270,1.4067268371582031,0.375,NO,,,
0.20552286102308737,2270,1.4067268371582031,0.375,NO,,,
0.20552286102308737,2270,1.4067268371582031,0.375,NO,,,
0.20552286102308737,2270,1.4067268371582031,0.375,NO,,,
0.20552286102308737,2270,1.4067268371582031,0.375,NO,,,
0.2064282480760525,2280,1.5123748779296875,0.46875,NO,,,
0.2064282480760525,2280,1.5123748779296875,0.46875,NO,,,
0.2064282480760525,2280,1.5123748779296875,0.46875,NO,,,
0.2064282480760525,2280,1.5123748779296875,0.46875,NO,,,
0.2064282480760525,2280,1.5123748779296875,0.46875,NO,,,
0.2064282480760525,2280,1.5123748779296875,0.46875,NO,,,
0.2064282480760525,2280,1.5123748779296875,0.46875,NO,,,
0.2064282480760525,2280,1.5123748779296875,0.46875,NO,,,
0.2064282480760525,2280,1.5123748779296875,0.46875,NO,,,
0.2064282480760525,2280,1.5123748779296875,0.46875,NO,,,
0.20733363512901765,2290,2.1066761016845703,0.34375,NO,,,
0.20733363512901765,2290,2.1066761016845703,0.34375,NO,,,
0.20733363512901765,2290,2.1066761016845703,0.34375,NO,,,
0.20733363512901765,2290,2.1066761016845703,0.34375,NO,,,
0.20733363512901765,2290,2.1066761016845703,0.34375,NO,,,
0.20733363512901765,2290,2.1066761016845703,0.34375,NO,,,
0.20733363512901765,2290,2.1066761016845703,0.34375,NO,,,
0.20733363512901765,2290,2.1066761016845703,0.34375,NO,,,
0.20733363512901765,2290,2.1066761016845703,0.34375,NO,,,
0.20733363512901765,2290,2.1066761016845703,0.34375,NO,,,
0.20823902218198279,2300,1.53985595703125,0.40625,NO,,,
0.20823902218198279,2300,1.53985595703125,0.40625,NO,,,
0.20823902218198279,2300,1.53985595703125,0.40625,NO,,,
0.20823902218198279,2300,1.53985595703125,0.40625,NO,,,
0.20823902218198279,2300,1.53985595703125,0.40625,NO,,,
0.20823902218198279,2300,1.53985595703125,0.40625,NO,,,
0.20823902218198279,2300,1.53985595703125,0.40625,NO,,,
0.20823902218198279,2300,1.53985595703125,0.40625,NO,,,
0.20823902218198279,2300,1.53985595703125,0.40625,NO,,,
0.20823902218198279,2300,1.53985595703125,0.40625,NO,,,
0.20914440923494795,2310,2.0194129943847656,0.25,NO,,,
0.20914440923494795,2310,2.0194129943847656,0.25,NO,,,
0.20914440923494795,2310,2.0194129943847656,0.25,NO,,,
0.20914440923494795,2310,2.0194129943847656,0.25,NO,,,
0.20914440923494795,2310,2.0194129943847656,0.25,NO,,,
0.20914440923494795,2310,2.0194129943847656,0.25,NO,,,
0.20914440923494795,2310,2.0194129943847656,0.25,NO,,,
0.20914440923494795,2310,2.0194129943847656,0.25,NO,,,
0.20914440923494795,2310,2.0194129943847656,0.25,NO,,,
0.20914440923494795,2310,2.0194129943847656,0.25,NO,,,
0.2100497962879131,2320,1.8909759521484375,0.34375,NO,,,
0.2100497962879131,2320,1.8909759521484375,0.34375,NO,,,
0.2100497962879131,2320,1.8909759521484375,0.34375,NO,,,
0.2100497962879131,2320,1.8909759521484375,0.34375,NO,,,
0.2100497962879131,2320,1.8909759521484375,0.34375,NO,,,
0.2100497962879131,2320,1.8909759521484375,0.34375,NO,,,
0.2100497962879131,2320,1.8909759521484375,0.34375,NO,,,
0.2100497962879131,2320,1.8909759521484375,0.34375,NO,,,
0.2100497962879131,2320,1.8909759521484375,0.34375,NO,,,
0.2100497962879131,2320,1.8909759521484375,0.34375,NO,,,
0.21095518334087823,2330,1.2628765106201172,0.3125,NO,,,
0.21095518334087823,2330,1.2628765106201172,0.3125,NO,,,
0.21095518334087823,2330,1.2628765106201172,0.3125,NO,,,
0.21095518334087823,2330,1.2628765106201172,0.3125,NO,,,
0.21095518334087823,2330,1.2628765106201172,0.3125,NO,,,
0.21095518334087823,2330,1.2628765106201172,0.3125,NO,,,
0.21095518334087823,2330,1.2628765106201172,0.3125,NO,,,
0.21095518334087823,2330,1.2628765106201172,0.3125,NO,,,
0.21095518334087823,2330,1.2628765106201172,0.3125,NO,,,
0.21095518334087823,2330,1.2628765106201172,0.3125,NO,,,
0.21186057039384337,2340,1.199357032775879,0.40625,NO,,,
0.21186057039384337,2340,1.199357032775879,0.40625,NO,,,
0.21186057039384337,2340,1.199357032775879,0.40625,NO,,,
0.21186057039384337,2340,1.199357032775879,0.40625,NO,,,
0.21186057039384337,2340,1.199357032775879,0.40625,NO,,,
0.21186057039384337,2340,1.199357032775879,0.40625,NO,,,
0.21186057039384337,2340,1.199357032775879,0.40625,NO,,,
0.21186057039384337,2340,1.199357032775879,0.40625,NO,,,
0.21186057039384337,2340,1.199357032775879,0.40625,NO,,,
0.21186057039384337,2340,1.199357032775879,0.40625,NO,,,
0.2127659574468085,2350,1.3560714721679688,0.3125,NO,,,
0.2127659574468085,2350,1.3560714721679688,0.3125,NO,,,
0.2127659574468085,2350,1.3560714721679688,0.3125,NO,,,
0.2127659574468085,2350,1.3560714721679688,0.3125,NO,,,
0.2127659574468085,2350,1.3560714721679688,0.3125,NO,,,
0.2127659574468085,2350,1.3560714721679688,0.3125,NO,,,
0.2127659574468085,2350,1.3560714721679688,0.3125,NO,,,
0.2127659574468085,2350,1.3560714721679688,0.3125,NO,,,
0.2127659574468085,2350,1.3560714721679688,0.3125,NO,,,
0.2127659574468085,2350,1.3560714721679688,0.3125,NO,,,
0.21367134449977365,2360,1.1715774536132812,0.3125,NO,,,
0.21367134449977365,2360,1.1715774536132812,0.3125,NO,,,
0.21367134449977365,2360,1.1715774536132812,0.3125,NO,,,
0.21367134449977365,2360,1.1715774536132812,0.3125,NO,,,
0.21367134449977365,2360,1.1715774536132812,0.3125,NO,,,
0.21367134449977365,2360,1.1715774536132812,0.3125,NO,,,
0.21367134449977365,2360,1.1715774536132812,0.3125,NO,,,
0.21367134449977365,2360,1.1715774536132812,0.3125,NO,,,
0.21367134449977365,2360,1.1715774536132812,0.3125,NO,,,
0.21367134449977365,2360,1.1715774536132812,0.3125,NO,,,
0.2145767315527388,2370,1.4051551818847656,0.25,NO,,,
0.2145767315527388,2370,1.4051551818847656,0.25,NO,,,
0.2145767315527388,2370,1.4051551818847656,0.25,NO,,,
0.2145767315527388,2370,1.4051551818847656,0.25,NO,,,
0.2145767315527388,2370,1.4051551818847656,0.25,NO,,,
0.2145767315527388,2370,1.4051551818847656,0.25,NO,,,
0.2145767315527388,2370,1.4051551818847656,0.25,NO,,,
0.2145767315527388,2370,1.4051551818847656,0.25,NO,,,
0.2145767315527388,2370,1.4051551818847656,0.25,NO,,,
0.2145767315527388,2370,1.4051551818847656,0.25,NO,,,
0.21548211860570393,2380,1.5910816192626953,0.40625,NO,,,
0.21548211860570393,2380,1.5910816192626953,0.40625,NO,,,
0.21548211860570393,2380,1.5910816192626953,0.40625,NO,,,
0.21548211860570393,2380,1.5910816192626953,0.40625,NO,,,
0.21548211860570393,2380,1.5910816192626953,0.40625,NO,,,
0.21548211860570393,2380,1.5910816192626953,0.40625,NO,,,
0.21548211860570393,2380,1.5910816192626953,0.40625,NO,,,
0.21548211860570393,2380,1.5910816192626953,0.40625,NO,,,
0.21548211860570393,2380,1.5910816192626953,0.40625,NO,,,
0.21548211860570393,2380,1.5910816192626953,0.40625,NO,,,
0.21638750565866907,2390,1.7667675018310547,0.46875,NO,,,
0.21638750565866907,2390,1.7667675018310547,0.46875,NO,,,
0.21638750565866907,2390,1.7667675018310547,0.46875,NO,,,
0.21638750565866907,2390,1.7667675018310547,0.46875,NO,,,
0.21638750565866907,2390,1.7667675018310547,0.46875,NO,,,
0.21638750565866907,2390,1.7667675018310547,0.46875,NO,,,
0.21638750565866907,2390,1.7667675018310547,0.46875,NO,,,
0.21638750565866907,2390,1.7667675018310547,0.46875,NO,,,
0.21638750565866907,2390,1.7667675018310547,0.46875,NO,,,
0.21638750565866907,2390,1.7667675018310547,0.46875,NO,,,
0.2172928927116342,2400,1.7834725379943848,0.34375,NO,,,
0.2172928927116342,2400,1.7834725379943848,0.34375,NO,,,
0.2172928927116342,2400,1.7834725379943848,0.34375,NO,,,
0.2172928927116342,2400,1.7834725379943848,0.34375,NO,,,
0.2172928927116342,2400,1.7834725379943848,0.34375,NO,,,
0.2172928927116342,2400,1.7834725379943848,0.34375,NO,,,
0.2172928927116342,2400,1.7834725379943848,0.34375,NO,,,
0.2172928927116342,2400,1.7834725379943848,0.34375,NO,,,
0.2172928927116342,2400,1.7834725379943848,0.34375,NO,,,
0.2172928927116342,2400,1.7834725379943848,0.34375,NO,,,
0.21819827976459938,2410,2.1373825073242188,0.34375,NO,,,
0.21819827976459938,2410,2.1373825073242188,0.34375,NO,,,
0.21819827976459938,2410,2.1373825073242188,0.34375,NO,,,
0.21819827976459938,2410,2.1373825073242188,0.34375,NO,,,
0.21819827976459938,2410,2.1373825073242188,0.34375,NO,,,
0.21819827976459938,2410,2.1373825073242188,0.34375,NO,,,
0.21819827976459938,2410,2.1373825073242188,0.34375,NO,,,
0.21819827976459938,2410,2.1373825073242188,0.34375,NO,,,
0.21819827976459938,2410,2.1373825073242188,0.34375,NO,,,
0.21819827976459938,2410,2.1373825073242188,0.34375,NO,,,
0.21910366681756452,2420,1.8575630187988281,0.34375,NO,,,
0.21910366681756452,2420,1.8575630187988281,0.34375,NO,,,
0.21910366681756452,2420,1.8575630187988281,0.34375,NO,,,
0.21910366681756452,2420,1.8575630187988281,0.34375,NO,,,
0.21910366681756452,2420,1.8575630187988281,0.34375,NO,,,
0.21910366681756452,2420,1.8575630187988281,0.34375,NO,,,
0.21910366681756452,2420,1.8575630187988281,0.34375,NO,,,
0.21910366681756452,2420,1.8575630187988281,0.34375,NO,,,
0.21910366681756452,2420,1.8575630187988281,0.34375,NO,,,
0.21910366681756452,2420,1.8575630187988281,0.34375,NO,,,
0.22000905387052966,2430,2.4408211708068848,0.28125,NO,,,
0.22000905387052966,2430,2.4408211708068848,0.28125,NO,,,
0.22000905387052966,2430,2.4408211708068848,0.28125,NO,,,
0.22000905387052966,2430,2.4408211708068848,0.28125,NO,,,
0.22000905387052966,2430,2.4408211708068848,0.28125,NO,,,
0.22000905387052966,2430,2.4408211708068848,0.28125,NO,,,
0.22000905387052966,2430,2.4408211708068848,0.28125,NO,,,
0.22000905387052966,2430,2.4408211708068848,0.28125,NO,,,
0.22000905387052966,2430,2.4408211708068848,0.28125,NO,,,
0.22000905387052966,2430,2.4408211708068848,0.28125,NO,,,
0.2209144409234948,2440,2.4763660430908203,0.34375,NO,,,
0.2209144409234948,2440,2.4763660430908203,0.34375,NO,,,
0.2209144409234948,2440,2.4763660430908203,0.34375,NO,,,
0.2209144409234948,2440,2.4763660430908203,0.34375,NO,,,
0.2209144409234948,2440,2.4763660430908203,0.34375,NO,,,
0.2209144409234948,2440,2.4763660430908203,0.34375,NO,,,
0.2209144409234948,2440,2.4763660430908203,0.34375,NO,,,
0.2209144409234948,2440,2.4763660430908203,0.34375,NO,,,
0.2209144409234948,2440,2.4763660430908203,0.34375,NO,,,
0.2209144409234948,2440,2.4763660430908203,0.34375,NO,,,
0.22181982797645994,2450,2.382192611694336,0.4375,NO,,,
0.22181982797645994,2450,2.382192611694336,0.4375,NO,,,
0.22181982797645994,2450,2.382192611694336,0.4375,NO,,,
0.22181982797645994,2450,2.382192611694336,0.4375,NO,,,
0.22181982797645994,2450,2.382192611694336,0.4375,NO,,,
0.22181982797645994,2450,2.382192611694336,0.4375,NO,,,
0.22181982797645994,2450,2.382192611694336,0.4375,NO,,,
0.22181982797645994,2450,2.382192611694336,0.4375,NO,,,
0.22181982797645994,2450,2.382192611694336,0.4375,NO,,,
0.22181982797645994,2450,2.382192611694336,0.4375,NO,,,
0.22272521502942508,2460,3.5173726081848145,0.40625,NO,,,
0.22272521502942508,2460,3.5173726081848145,0.40625,NO,,,
0.22272521502942508,2460,3.5173726081848145,0.40625,NO,,,
0.22272521502942508,2460,3.5173726081848145,0.40625,NO,,,
0.22272521502942508,2460,3.5173726081848145,0.40625,NO,,,
0.22272521502942508,2460,3.5173726081848145,0.40625,NO,,,
0.22272521502942508,2460,3.5173726081848145,0.40625,NO,,,
0.22272521502942508,2460,3.5173726081848145,0.40625,NO,,,
0.22272521502942508,2460,3.5173726081848145,0.40625,NO,,,
0.22272521502942508,2460,3.5173726081848145,0.40625,NO,,,
0.22363060208239022,2470,2.8074021339416504,0.375,NO,,,
0.22363060208239022,2470,2.8074021339416504,0.375,NO,,,
0.22363060208239022,2470,2.8074021339416504,0.375,NO,,,
0.22363060208239022,2470,2.8074021339416504,0.375,NO,,,
0.22363060208239022,2470,2.8074021339416504,0.375,NO,,,
0.22363060208239022,2470,2.8074021339416504,0.375,NO,,,
0.22363060208239022,2470,2.8074021339416504,0.375,NO,,,
0.22363060208239022,2470,2.8074021339416504,0.375,NO,,,
0.22363060208239022,2470,2.8074021339416504,0.375,NO,,,
0.22363060208239022,2470,2.8074021339416504,0.375,NO,,,
0.22453598913535536,2480,3.438153028488159,0.40625,NO,,,
0.22453598913535536,2480,3.438153028488159,0.40625,NO,,,
0.22453598913535536,2480,3.438153028488159,0.40625,NO,,,
0.22453598913535536,2480,3.438153028488159,0.40625,NO,,,
0.22453598913535536,2480,3.438153028488159,0.40625,NO,,,
0.22453598913535536,2480,3.438153028488159,0.40625,NO,,,
0.22453598913535536,2480,3.438153028488159,0.40625,NO,,,
0.22453598913535536,2480,3.438153028488159,0.40625,NO,,,
0.22453598913535536,2480,3.438153028488159,0.40625,NO,,,
0.22453598913535536,2480,3.438153028488159,0.40625,NO,,,
0.2254413761883205,2490,2.8468267917633057,0.375,NO,,,
0.2254413761883205,2490,2.8468267917633057,0.375,NO,,,
0.2254413761883205,2490,2.8468267917633057,0.375,NO,,,
0.2254413761883205,2490,2.8468267917633057,0.375,NO,,,
0.2254413761883205,2490,2.8468267917633057,0.375,NO,,,
0.2254413761883205,2490,2.8468267917633057,0.375,NO,,,
0.2254413761883205,2490,2.8468267917633057,0.375,NO,,,
0.2254413761883205,2490,2.8468267917633057,0.375,NO,,,
0.2254413761883205,2490,2.8468267917633057,0.375,NO,,,
0.2254413761883205,2490,2.8468267917633057,0.375,NO,,,
0.22634676324128564,2500,2.8773930072784424,0.375,NO,,,
0.22634676324128564,2500,2.8773930072784424,0.375,NO,,,
0.22634676324128564,2500,2.8773930072784424,0.375,NO,,,
0.22634676324128564,2500,2.8773930072784424,0.375,NO,,,
0.22634676324128564,2500,2.8773930072784424,0.375,NO,,,
0.22634676324128564,2500,2.8773930072784424,0.375,NO,,,
0.22634676324128564,2500,2.8773930072784424,0.375,NO,,,
0.22634676324128564,2500,2.8773930072784424,0.375,NO,,,
0.22634676324128564,2500,2.8773930072784424,0.375,NO,,,
0.22634676324128564,2500,2.8773930072784424,0.375,NO,,,
0.2272521502942508,2510,2.570878028869629,0.28125,NO,,,
0.2272521502942508,2510,2.570878028869629,0.28125,NO,,,
0.2272521502942508,2510,2.570878028869629,0.28125,NO,,,
0.2272521502942508,2510,2.570878028869629,0.28125,NO,,,
0.2272521502942508,2510,2.570878028869629,0.28125,NO,,,
0.2272521502942508,2510,2.570878028869629,0.28125,NO,,,
0.2272521502942508,2510,2.570878028869629,0.28125,NO,,,
0.2272521502942508,2510,2.570878028869629,0.28125,NO,,,
0.2272521502942508,2510,2.570878028869629,0.28125,NO,,,
0.2272521502942508,2510,2.570878028869629,0.28125,NO,,,
0.22815753734721594,2520,1.4909496307373047,0.46875,NO,,,
0.22815753734721594,2520,1.4909496307373047,0.46875,NO,,,
0.22815753734721594,2520,1.4909496307373047,0.46875,NO,,,
0.22815753734721594,2520,1.4909496307373047,0.46875,NO,,,
0.22815753734721594,2520,1.4909496307373047,0.46875,NO,,,
0.22815753734721594,2520,1.4909496307373047,0.46875,NO,,,
0.22815753734721594,2520,1.4909496307373047,0.46875,NO,,,
0.22815753734721594,2520,1.4909496307373047,0.46875,NO,,,
0.22815753734721594,2520,1.4909496307373047,0.46875,NO,,,
0.22815753734721594,2520,1.4909496307373047,0.46875,NO,,,
0.22906292440018108,2530,1.2827835083007812,0.28125,NO,,,
0.22906292440018108,2530,1.2827835083007812,0.28125,NO,,,
0.22906292440018108,2530,1.2827835083007812,0.28125,NO,,,
0.22906292440018108,2530,1.2827835083007812,0.28125,NO,,,
0.22906292440018108,2530,1.2827835083007812,0.28125,NO,,,
0.22906292440018108,2530,1.2827835083007812,0.28125,NO,,,
0.22906292440018108,2530,1.2827835083007812,0.28125,NO,,,
0.22906292440018108,2530,1.2827835083007812,0.28125,NO,,,
0.22906292440018108,2530,1.2827835083007812,0.28125,NO,,,
0.22906292440018108,2530,1.2827835083007812,0.28125,NO,,,
0.22996831145314622,2540,1.5296897888183594,0.375,NO,,,
0.22996831145314622,2540,1.5296897888183594,0.375,NO,,,
0.22996831145314622,2540,1.5296897888183594,0.375,NO,,,
0.22996831145314622,2540,1.5296897888183594,0.375,NO,,,
0.22996831145314622,2540,1.5296897888183594,0.375,NO,,,
0.22996831145314622,2540,1.5296897888183594,0.375,NO,,,
0.22996831145314622,2540,1.5296897888183594,0.375,NO,,,
0.22996831145314622,2540,1.5296897888183594,0.375,NO,,,
0.22996831145314622,2540,1.5296897888183594,0.375,NO,,,
0.22996831145314622,2540,1.5296897888183594,0.375,NO,,,
0.23087369850611136,2550,1.8258399963378906,0.3125,NO,,,
0.23087369850611136,2550,1.8258399963378906,0.3125,NO,,,
0.23087369850611136,2550,1.8258399963378906,0.3125,NO,,,
0.23087369850611136,2550,1.8258399963378906,0.3125,NO,,,
0.23087369850611136,2550,1.8258399963378906,0.3125,NO,,,
0.23087369850611136,2550,1.8258399963378906,0.3125,NO,,,
0.23087369850611136,2550,1.8258399963378906,0.3125,NO,,,
0.23087369850611136,2550,1.8258399963378906,0.3125,NO,,,
0.23087369850611136,2550,1.8258399963378906,0.3125,NO,,,
0.23087369850611136,2550,1.8258399963378906,0.3125,NO,,,
0.2317790855590765,2560,1.4603509902954102,0.34375,NO,,,
0.2317790855590765,2560,1.4603509902954102,0.34375,NO,,,
0.2317790855590765,2560,1.4603509902954102,0.34375,NO,,,
0.2317790855590765,2560,1.4603509902954102,0.34375,NO,,,
0.2317790855590765,2560,1.4603509902954102,0.34375,NO,,,
0.2317790855590765,2560,1.4603509902954102,0.34375,NO,,,
0.2317790855590765,2560,1.4603509902954102,0.34375,NO,,,
0.2317790855590765,2560,1.4603509902954102,0.34375,NO,,,
0.2317790855590765,2560,1.4603509902954102,0.34375,NO,,,
0.2317790855590765,2560,1.4603509902954102,0.34375,NO,,,
0.23268447261204164,2570,1.6807003021240234,0.375,NO,,,
0.23268447261204164,2570,1.6807003021240234,0.375,NO,,,
0.23268447261204164,2570,1.6807003021240234,0.375,NO,,,
0.23268447261204164,2570,1.6807003021240234,0.375,NO,,,
0.23268447261204164,2570,1.6807003021240234,0.375,NO,,,
0.23268447261204164,2570,1.6807003021240234,0.375,NO,,,
0.23268447261204164,2570,1.6807003021240234,0.375,NO,,,
0.23268447261204164,2570,1.6807003021240234,0.375,NO,,,
0.23268447261204164,2570,1.6807003021240234,0.375,NO,,,
0.23268447261204164,2570,1.6807003021240234,0.375,NO,,,
0.23358985966500678,2580,1.2783432006835938,0.34375,NO,,,
0.23358985966500678,2580,1.2783432006835938,0.34375,NO,,,
0.23358985966500678,2580,1.2783432006835938,0.34375,NO,,,
0.23358985966500678,2580,1.2783432006835938,0.34375,NO,,,
0.23358985966500678,2580,1.2783432006835938,0.34375,NO,,,
0.23358985966500678,2580,1.2783432006835938,0.34375,NO,,,
0.23358985966500678,2580,1.2783432006835938,0.34375,NO,,,
0.23358985966500678,2580,1.2783432006835938,0.34375,NO,,,
0.23358985966500678,2580,1.2783432006835938,0.34375,NO,,,
0.23358985966500678,2580,1.2783432006835938,0.34375,NO,,,
0.23449524671797192,2590,2.2938308715820312,0.28125,NO,,,
0.23449524671797192,2590,2.2938308715820312,0.28125,NO,,,
0.23449524671797192,2590,2.2938308715820312,0.28125,NO,,,
0.23449524671797192,2590,2.2938308715820312,0.28125,NO,,,
0.23449524671797192,2590,2.2938308715820312,0.28125,NO,,,
0.23449524671797192,2590,2.2938308715820312,0.28125,NO,,,
0.23449524671797192,2590,2.2938308715820312,0.28125,NO,,,
0.23449524671797192,2590,2.2938308715820312,0.28125,NO,,,
0.23449524671797192,2590,2.2938308715820312,0.28125,NO,,,
0.23449524671797192,2590,2.2938308715820312,0.28125,NO,,,
0.23540063377093706,2600,2.013232707977295,0.34375,NO,,,
0.23540063377093706,2600,2.013232707977295,0.34375,NO,,,
0.23540063377093706,2600,2.013232707977295,0.34375,NO,,,
0.23540063377093706,2600,2.013232707977295,0.34375,NO,,,
0.23540063377093706,2600,2.013232707977295,0.34375,NO,,,
0.23540063377093706,2600,2.013232707977295,0.34375,NO,,,
0.23540063377093706,2600,2.013232707977295,0.34375,NO,,,
0.23540063377093706,2600,2.013232707977295,0.34375,NO,,,
0.23540063377093706,2600,2.013232707977295,0.34375,NO,,,
0.23540063377093706,2600,2.013232707977295,0.34375,NO,,,
0.23630602082390223,2610,2.3055849075317383,0.25,NO,,,
0.23630602082390223,2610,2.3055849075317383,0.25,NO,,,
0.23630602082390223,2610,2.3055849075317383,0.25,NO,,,
0.23630602082390223,2610,2.3055849075317383,0.25,NO,,,
0.23630602082390223,2610,2.3055849075317383,0.25,NO,,,
0.23630602082390223,2610,2.3055849075317383,0.25,NO,,,
0.23630602082390223,2610,2.3055849075317383,0.25,NO,,,
0.23630602082390223,2610,2.3055849075317383,0.25,NO,,,
0.23630602082390223,2610,2.3055849075317383,0.25,NO,,,
0.23630602082390223,2610,2.3055849075317383,0.25,NO,,,
0.23721140787686737,2620,1.7030200958251953,0.5625,NO,,,
0.23721140787686737,2620,1.7030200958251953,0.5625,NO,,,
0.23721140787686737,2620,1.7030200958251953,0.5625,NO,,,
0.23721140787686737,2620,1.7030200958251953,0.5625,NO,,,
0.23721140787686737,2620,1.7030200958251953,0.5625,NO,,,
0.23721140787686737,2620,1.7030200958251953,0.5625,NO,,,
0.23721140787686737,2620,1.7030200958251953,0.5625,NO,,,
0.23721140787686737,2620,1.7030200958251953,0.5625,NO,,,
0.23721140787686737,2620,1.7030200958251953,0.5625,NO,,,
0.23721140787686737,2620,1.7030200958251953,0.5625,NO,,,
0.2381167949298325,2630,2.1380538940429688,0.28125,NO,,,
0.2381167949298325,2630,2.1380538940429688,0.28125,NO,,,
0.2381167949298325,2630,2.1380538940429688,0.28125,NO,,,
0.2381167949298325,2630,2.1380538940429688,0.28125,NO,,,
0.2381167949298325,2630,2.1380538940429688,0.28125,NO,,,
0.2381167949298325,2630,2.1380538940429688,0.28125,NO,,,
0.2381167949298325,2630,2.1380538940429688,0.28125,NO,,,
0.2381167949298325,2630,2.1380538940429688,0.28125,NO,,,
0.2381167949298325,2630,2.1380538940429688,0.28125,NO,,,
0.2381167949298325,2630,2.1380538940429688,0.28125,NO,,,
0.23902218198279765,2640,2.074256420135498,0.375,NO,,,
0.23902218198279765,2640,2.074256420135498,0.375,NO,,,
0.23902218198279765,2640,2.074256420135498,0.375,NO,,,
0.23902218198279765,2640,2.074256420135498,0.375,NO,,,
0.23902218198279765,2640,2.074256420135498,0.375,NO,,,
0.23902218198279765,2640,2.074256420135498,0.375,NO,,,
0.23902218198279765,2640,2.074256420135498,0.375,NO,,,
0.23902218198279765,2640,2.074256420135498,0.375,NO,,,
0.23902218198279765,2640,2.074256420135498,0.375,NO,,,
0.23902218198279765,2640,2.074256420135498,0.375,NO,,,
0.2399275690357628,2650,2.206796646118164,0.25,NO,,,
0.2399275690357628,2650,2.206796646118164,0.25,NO,,,
0.2399275690357628,2650,2.206796646118164,0.25,NO,,,
0.2399275690357628,2650,2.206796646118164,0.25,NO,,,
0.2399275690357628,2650,2.206796646118164,0.25,NO,,,
0.2399275690357628,2650,2.206796646118164,0.25,NO,,,
0.2399275690357628,2650,2.206796646118164,0.25,NO,,,
0.2399275690357628,2650,2.206796646118164,0.25,NO,,,
0.2399275690357628,2650,2.206796646118164,0.25,NO,,,
0.2399275690357628,2650,2.206796646118164,0.25,NO,,,
0.24083295608872793,2660,3.4858744144439697,0.28125,NO,,,
0.24083295608872793,2660,3.4858744144439697,0.28125,NO,,,
0.24083295608872793,2660,3.4858744144439697,0.28125,NO,,,
0.24083295608872793,2660,3.4858744144439697,0.28125,NO,,,
0.24083295608872793,2660,3.4858744144439697,0.28125,NO,,,
0.24083295608872793,2660,3.4858744144439697,0.28125,NO,,,
0.24083295608872793,2660,3.4858744144439697,0.28125,NO,,,
0.24083295608872793,2660,3.4858744144439697,0.28125,NO,,,
0.24083295608872793,2660,3.4858744144439697,0.28125,NO,,,
0.24083295608872793,2660,3.4858744144439697,0.28125,NO,,,
0.24173834314169307,2670,1.4107131958007812,0.5,NO,,,
0.24173834314169307,2670,1.4107131958007812,0.5,NO,,,
0.24173834314169307,2670,1.4107131958007812,0.5,NO,,,
0.24173834314169307,2670,1.4107131958007812,0.5,NO,,,
0.24173834314169307,2670,1.4107131958007812,0.5,NO,,,
0.24173834314169307,2670,1.4107131958007812,0.5,NO,,,
0.24173834314169307,2670,1.4107131958007812,0.5,NO,,,
0.24173834314169307,2670,1.4107131958007812,0.5,NO,,,
0.24173834314169307,2670,1.4107131958007812,0.5,NO,,,
0.24173834314169307,2670,1.4107131958007812,0.5,NO,,,
0.2426437301946582,2680,1.8094425201416016,0.375,NO,,,
0.2426437301946582,2680,1.8094425201416016,0.375,NO,,,
0.2426437301946582,2680,1.8094425201416016,0.375,NO,,,
0.2426437301946582,2680,1.8094425201416016,0.375,NO,,,
0.2426437301946582,2680,1.8094425201416016,0.375,NO,,,
0.2426437301946582,2680,1.8094425201416016,0.375,NO,,,
0.2426437301946582,2680,1.8094425201416016,0.375,NO,,,
0.2426437301946582,2680,1.8094425201416016,0.375,NO,,,
0.2426437301946582,2680,1.8094425201416016,0.375,NO,,,
0.2426437301946582,2680,1.8094425201416016,0.375,NO,,,
0.24354911724762335,2690,1.6219463348388672,0.28125,NO,,,
0.24354911724762335,2690,1.6219463348388672,0.28125,NO,,,
0.24354911724762335,2690,1.6219463348388672,0.28125,NO,,,
0.24354911724762335,2690,1.6219463348388672,0.28125,NO,,,
0.24354911724762335,2690,1.6219463348388672,0.28125,NO,,,
0.24354911724762335,2690,1.6219463348388672,0.28125,NO,,,
0.24354911724762335,2690,1.6219463348388672,0.28125,NO,,,
0.24354911724762335,2690,1.6219463348388672,0.28125,NO,,,
0.24354911724762335,2690,1.6219463348388672,0.28125,NO,,,
0.24354911724762335,2690,1.6219463348388672,0.28125,NO,,,
0.24445450430058852,2700,1.1246795654296875,0.375,NO,,,
0.24445450430058852,2700,1.1246795654296875,0.375,NO,,,
0.24445450430058852,2700,1.1246795654296875,0.375,NO,,,
0.24445450430058852,2700,1.1246795654296875,0.375,NO,,,
0.24445450430058852,2700,1.1246795654296875,0.375,NO,,,
0.24445450430058852,2700,1.1246795654296875,0.375,NO,,,
0.24445450430058852,2700,1.1246795654296875,0.375,NO,,,
0.24445450430058852,2700,1.1246795654296875,0.375,NO,,,
0.24445450430058852,2700,1.1246795654296875,0.375,NO,,,
0.24445450430058852,2700,1.1246795654296875,0.375,NO,,,
0.24535989135355366,2710,1.9064712524414062,0.25,NO,,,
0.24535989135355366,2710,1.9064712524414062,0.25,NO,,,
0.24535989135355366,2710,1.9064712524414062,0.25,NO,,,
0.24535989135355366,2710,1.9064712524414062,0.25,NO,,,
0.24535989135355366,2710,1.9064712524414062,0.25,NO,,,
0.24535989135355366,2710,1.9064712524414062,0.25,NO,,,
0.24535989135355366,2710,1.9064712524414062,0.25,NO,,,
0.24535989135355366,2710,1.9064712524414062,0.25,NO,,,
0.24535989135355366,2710,1.9064712524414062,0.25,NO,,,
0.24535989135355366,2710,1.9064712524414062,0.25,NO,,,
0.2462652784065188,2720,2.1790199279785156,0.34375,NO,,,
0.2462652784065188,2720,2.1790199279785156,0.34375,NO,,,
0.2462652784065188,2720,2.1790199279785156,0.34375,NO,,,
0.2462652784065188,2720,2.1790199279785156,0.34375,NO,,,
0.2462652784065188,2720,2.1790199279785156,0.34375,NO,,,
0.2462652784065188,2720,2.1790199279785156,0.34375,NO,,,
0.2462652784065188,2720,2.1790199279785156,0.34375,NO,,,
0.2462652784065188,2720,2.1790199279785156,0.34375,NO,,,
0.2462652784065188,2720,2.1790199279785156,0.34375,NO,,,
0.2462652784065188,2720,2.1790199279785156,0.34375,NO,,,
0.24717066545948393,2730,1.7189617156982422,0.4375,NO,,,
0.24717066545948393,2730,1.7189617156982422,0.4375,NO,,,
0.24717066545948393,2730,1.7189617156982422,0.4375,NO,,,
0.24717066545948393,2730,1.7189617156982422,0.4375,NO,,,
0.24717066545948393,2730,1.7189617156982422,0.4375,NO,,,
0.24717066545948393,2730,1.7189617156982422,0.4375,NO,,,
0.24717066545948393,2730,1.7189617156982422,0.4375,NO,,,
0.24717066545948393,2730,1.7189617156982422,0.4375,NO,,,
0.24717066545948393,2730,1.7189617156982422,0.4375,NO,,,
0.24717066545948393,2730,1.7189617156982422,0.4375,NO,,,
0.24807605251244907,2740,2.028463363647461,0.25,NO,,,
0.24807605251244907,2740,2.028463363647461,0.25,NO,,,
0.24807605251244907,2740,2.028463363647461,0.25,NO,,,
0.24807605251244907,2740,2.028463363647461,0.25,NO,,,
0.24807605251244907,2740,2.028463363647461,0.25,NO,,,
0.24807605251244907,2740,2.028463363647461,0.25,NO,,,
0.24807605251244907,2740,2.028463363647461,0.25,NO,,,
0.24807605251244907,2740,2.028463363647461,0.25,NO,,,
0.24807605251244907,2740,2.028463363647461,0.25,NO,,,
0.24807605251244907,2740,2.028463363647461,0.25,NO,,,
0.24898143956541421,2750,1.945119857788086,0.4375,NO,,,
0.24898143956541421,2750,1.945119857788086,0.4375,NO,,,
0.24898143956541421,2750,1.945119857788086,0.4375,NO,,,
0.24898143956541421,2750,1.945119857788086,0.4375,NO,,,
0.24898143956541421,2750,1.945119857788086,0.4375,NO,,,
0.24898143956541421,2750,1.945119857788086,0.4375,NO,,,
0.24898143956541421,2750,1.945119857788086,0.4375,NO,,,
0.24898143956541421,2750,1.945119857788086,0.4375,NO,,,
0.24898143956541421,2750,1.945119857788086,0.4375,NO,,,
0.24898143956541421,2750,1.945119857788086,0.4375,NO,,,
0.24988682661837935,2760,2.0681419372558594,0.21875,NO,,,
0.24988682661837935,2760,2.0681419372558594,0.21875,NO,,,
0.24988682661837935,2760,2.0681419372558594,0.21875,NO,,,
0.24988682661837935,2760,2.0681419372558594,0.21875,NO,,,
0.24988682661837935,2760,2.0681419372558594,0.21875,NO,,,
0.24988682661837935,2760,2.0681419372558594,0.21875,NO,,,
0.24988682661837935,2760,2.0681419372558594,0.21875,NO,,,
0.24988682661837935,2760,2.0681419372558594,0.21875,NO,,,
0.24988682661837935,2760,2.0681419372558594,0.21875,NO,,,
0.24988682661837935,2760,2.0681419372558594,0.21875,NO,,,
0.2507922136713445,2770,2.2826805114746094,0.28125,NO,,,
0.2507922136713445,2770,2.2826805114746094,0.28125,NO,,,
0.2507922136713445,2770,2.2826805114746094,0.28125,NO,,,
0.2507922136713445,2770,2.2826805114746094,0.28125,NO,,,
0.2507922136713445,2770,2.2826805114746094,0.28125,NO,,,
0.2507922136713445,2770,2.2826805114746094,0.28125,NO,,,
0.2507922136713445,2770,2.2826805114746094,0.28125,NO,,,
0.2507922136713445,2770,2.2826805114746094,0.28125,NO,,,
0.2507922136713445,2770,2.2826805114746094,0.28125,NO,,,
0.2507922136713445,2770,2.2826805114746094,0.28125,NO,,,
0.25169760072430963,2780,3.248971939086914,0.21875,NO,,,
0.25169760072430963,2780,3.248971939086914,0.21875,NO,,,
0.25169760072430963,2780,3.248971939086914,0.21875,NO,,,
0.25169760072430963,2780,3.248971939086914,0.21875,NO,,,
0.25169760072430963,2780,3.248971939086914,0.21875,NO,,,
0.25169760072430963,2780,3.248971939086914,0.21875,NO,,,
0.25169760072430963,2780,3.248971939086914,0.21875,NO,,,
0.25169760072430963,2780,3.248971939086914,0.21875,NO,,,
0.25169760072430963,2780,3.248971939086914,0.21875,NO,,,
0.25169760072430963,2780,3.248971939086914,0.21875,NO,,,
0.2526029877772748,2790,2.1628036499023438,0.46875,NO,,,
0.2526029877772748,2790,2.1628036499023438,0.46875,NO,,,
0.2526029877772748,2790,2.1628036499023438,0.46875,NO,,,
0.2526029877772748,2790,2.1628036499023438,0.46875,NO,,,
0.2526029877772748,2790,2.1628036499023438,0.46875,NO,,,
0.2526029877772748,2790,2.1628036499023438,0.46875,NO,,,
0.2526029877772748,2790,2.1628036499023438,0.46875,NO,,,
0.2526029877772748,2790,2.1628036499023438,0.46875,NO,,,
0.2526029877772748,2790,2.1628036499023438,0.46875,NO,,,
0.2526029877772748,2790,2.1628036499023438,0.46875,NO,,,
0.2535083748302399,2800,2.2356185913085938,0.25,NO,,,
0.2535083748302399,2800,2.2356185913085938,0.25,NO,,,
0.2535083748302399,2800,2.2356185913085938,0.25,NO,,,
0.2535083748302399,2800,2.2356185913085938,0.25,NO,,,
0.2535083748302399,2800,2.2356185913085938,0.25,NO,,,
0.2535083748302399,2800,2.2356185913085938,0.25,NO,,,
0.2535083748302399,2800,2.2356185913085938,0.25,NO,,,
0.2535083748302399,2800,2.2356185913085938,0.25,NO,,,
0.2535083748302399,2800,2.2356185913085938,0.25,NO,,,
0.2535083748302399,2800,2.2356185913085938,0.25,NO,,,
0.2544137618832051,2810,2.4519004821777344,0.3125,NO,,,
0.2544137618832051,2810,2.4519004821777344,0.3125,NO,,,
0.2544137618832051,2810,2.4519004821777344,0.3125,NO,,,
0.2544137618832051,2810,2.4519004821777344,0.3125,NO,,,
0.2544137618832051,2810,2.4519004821777344,0.3125,NO,,,
0.2544137618832051,2810,2.4519004821777344,0.3125,NO,,,
0.2544137618832051,2810,2.4519004821777344,0.3125,NO,,,
0.2544137618832051,2810,2.4519004821777344,0.3125,NO,,,
0.2544137618832051,2810,2.4519004821777344,0.3125,NO,,,
0.2544137618832051,2810,2.4519004821777344,0.3125,NO,,,
0.2553191489361702,2820,2.401921272277832,0.375,NO,,,
0.2553191489361702,2820,2.401921272277832,0.375,NO,,,
0.2553191489361702,2820,2.401921272277832,0.375,NO,,,
0.2553191489361702,2820,2.401921272277832,0.375,NO,,,
0.2553191489361702,2820,2.401921272277832,0.375,NO,,,
0.2553191489361702,2820,2.401921272277832,0.375,NO,,,
0.2553191489361702,2820,2.401921272277832,0.375,NO,,,
0.2553191489361702,2820,2.401921272277832,0.375,NO,,,
0.2553191489361702,2820,2.401921272277832,0.375,NO,,,
0.2553191489361702,2820,2.401921272277832,0.375,NO,,,
0.25622453598913536,2830,2.4213342666625977,0.375,NO,,,
0.25622453598913536,2830,2.4213342666625977,0.375,NO,,,
0.25622453598913536,2830,2.4213342666625977,0.375,NO,,,
0.25622453598913536,2830,2.4213342666625977,0.375,NO,,,
0.25622453598913536,2830,2.4213342666625977,0.375,NO,,,
0.25622453598913536,2830,2.4213342666625977,0.375,NO,,,
0.25622453598913536,2830,2.4213342666625977,0.375,NO,,,
0.25622453598913536,2830,2.4213342666625977,0.375,NO,,,
0.25622453598913536,2830,2.4213342666625977,0.375,NO,,,
0.25622453598913536,2830,2.4213342666625977,0.375,NO,,,
0.25712992304210047,2840,2.525801181793213,0.46875,NO,,,
0.25712992304210047,2840,2.525801181793213,0.46875,NO,,,
0.25712992304210047,2840,2.525801181793213,0.46875,NO,,,
0.25712992304210047,2840,2.525801181793213,0.46875,NO,,,
0.25712992304210047,2840,2.525801181793213,0.46875,NO,,,
0.25712992304210047,2840,2.525801181793213,0.46875,NO,,,
0.25712992304210047,2840,2.525801181793213,0.46875,NO,,,
0.25712992304210047,2840,2.525801181793213,0.46875,NO,,,
0.25712992304210047,2840,2.525801181793213,0.46875,NO,,,
0.25712992304210047,2840,2.525801181793213,0.46875,NO,,,
0.25803531009506564,2850,1.9512615203857422,0.1875,NO,,,
0.25803531009506564,2850,1.9512615203857422,0.1875,NO,,,
0.25803531009506564,2850,1.9512615203857422,0.1875,NO,,,
0.25803531009506564,2850,1.9512615203857422,0.1875,NO,,,
0.25803531009506564,2850,1.9512615203857422,0.1875,NO,,,
0.25803531009506564,2850,1.9512615203857422,0.1875,NO,,,
0.25803531009506564,2850,1.9512615203857422,0.1875,NO,,,
0.25803531009506564,2850,1.9512615203857422,0.1875,NO,,,
0.25803531009506564,2850,1.9512615203857422,0.1875,NO,,,
0.25803531009506564,2850,1.9512615203857422,0.1875,NO,,,
0.2589406971480308,2860,2.7119245529174805,0.5,NO,,,
0.2589406971480308,2860,2.7119245529174805,0.5,NO,,,
0.2589406971480308,2860,2.7119245529174805,0.5,NO,,,
0.2589406971480308,2860,2.7119245529174805,0.5,NO,,,
0.2589406971480308,2860,2.7119245529174805,0.5,NO,,,
0.2589406971480308,2860,2.7119245529174805,0.5,NO,,,
0.2589406971480308,2860,2.7119245529174805,0.5,NO,,,
0.2589406971480308,2860,2.7119245529174805,0.5,NO,,,
0.2589406971480308,2860,2.7119245529174805,0.5,NO,,,
0.2589406971480308,2860,2.7119245529174805,0.5,NO,,,
0.2598460842009959,2870,2.078165054321289,0.5,NO,,,
0.2598460842009959,2870,2.078165054321289,0.5,NO,,,
0.2598460842009959,2870,2.078165054321289,0.5,NO,,,
0.2598460842009959,2870,2.078165054321289,0.5,NO,,,
0.2598460842009959,2870,2.078165054321289,0.5,NO,,,
0.2598460842009959,2870,2.078165054321289,0.5,NO,,,
0.2598460842009959,2870,2.078165054321289,0.5,NO,,,
0.2598460842009959,2870,2.078165054321289,0.5,NO,,,
0.2598460842009959,2870,2.078165054321289,0.5,NO,,,
0.2598460842009959,2870,2.078165054321289,0.5,NO,,,
0.2607514712539611,2880,2.4497690200805664,0.3125,NO,,,
0.2607514712539611,2880,2.4497690200805664,0.3125,NO,,,
0.2607514712539611,2880,2.4497690200805664,0.3125,NO,,,
0.2607514712539611,2880,2.4497690200805664,0.3125,NO,,,
0.2607514712539611,2880,2.4497690200805664,0.3125,NO,,,
0.2607514712539611,2880,2.4497690200805664,0.3125,NO,,,
0.2607514712539611,2880,2.4497690200805664,0.3125,NO,,,
0.2607514712539611,2880,2.4497690200805664,0.3125,NO,,,
0.2607514712539611,2880,2.4497690200805664,0.3125,NO,,,
0.2607514712539611,2880,2.4497690200805664,0.3125,NO,,,
0.2616568583069262,2890,2.413341522216797,0.3125,NO,,,
0.2616568583069262,2890,2.413341522216797,0.3125,NO,,,
0.2616568583069262,2890,2.413341522216797,0.3125,NO,,,
0.2616568583069262,2890,2.413341522216797,0.3125,NO,,,
0.2616568583069262,2890,2.413341522216797,0.3125,NO,,,
0.2616568583069262,2890,2.413341522216797,0.3125,NO,,,
0.2616568583069262,2890,2.413341522216797,0.3125,NO,,,
0.2616568583069262,2890,2.413341522216797,0.3125,NO,,,
0.2616568583069262,2890,2.413341522216797,0.3125,NO,,,
0.2616568583069262,2890,2.413341522216797,0.3125,NO,,,
0.26256224535989137,2900,4.3530426025390625,0.28125,NO,,,
0.26256224535989137,2900,4.3530426025390625,0.28125,NO,,,
0.26256224535989137,2900,4.3530426025390625,0.28125,NO,,,
0.26256224535989137,2900,4.3530426025390625,0.28125,NO,,,
0.26256224535989137,2900,4.3530426025390625,0.28125,NO,,,
0.26256224535989137,2900,4.3530426025390625,0.28125,NO,,,
0.26256224535989137,2900,4.3530426025390625,0.28125,NO,,,
0.26256224535989137,2900,4.3530426025390625,0.28125,NO,,,
0.26256224535989137,2900,4.3530426025390625,0.28125,NO,,,
0.26256224535989137,2900,4.3530426025390625,0.28125,NO,,,
0.2634676324128565,2910,2.51708984375,0.4375,NO,,,
0.2634676324128565,2910,2.51708984375,0.4375,NO,,,
0.2634676324128565,2910,2.51708984375,0.4375,NO,,,
0.2634676324128565,2910,2.51708984375,0.4375,NO,,,
0.2634676324128565,2910,2.51708984375,0.4375,NO,,,
0.2634676324128565,2910,2.51708984375,0.4375,NO,,,
0.2634676324128565,2910,2.51708984375,0.4375,NO,,,
0.2634676324128565,2910,2.51708984375,0.4375,NO,,,
0.2634676324128565,2910,2.51708984375,0.4375,NO,,,
0.2634676324128565,2910,2.51708984375,0.4375,NO,,,
0.26437301946582165,2920,1.7971763610839844,0.3125,NO,,,
0.26437301946582165,2920,1.7971763610839844,0.3125,NO,,,
0.26437301946582165,2920,1.7971763610839844,0.3125,NO,,,
0.26437301946582165,2920,1.7971763610839844,0.3125,NO,,,
0.26437301946582165,2920,1.7971763610839844,0.3125,NO,,,
0.26437301946582165,2920,1.7971763610839844,0.3125,NO,,,
0.26437301946582165,2920,1.7971763610839844,0.3125,NO,,,
0.26437301946582165,2920,1.7971763610839844,0.3125,NO,,,
0.26437301946582165,2920,1.7971763610839844,0.3125,NO,,,
0.26437301946582165,2920,1.7971763610839844,0.3125,NO,,,
0.26527840651878676,2930,3.037914276123047,0.3125,NO,,,
0.26527840651878676,2930,3.037914276123047,0.3125,NO,,,
0.26527840651878676,2930,3.037914276123047,0.3125,NO,,,
0.26527840651878676,2930,3.037914276123047,0.3125,NO,,,
0.26527840651878676,2930,3.037914276123047,0.3125,NO,,,
0.26527840651878676,2930,3.037914276123047,0.3125,NO,,,
0.26527840651878676,2930,3.037914276123047,0.3125,NO,,,
0.26527840651878676,2930,3.037914276123047,0.3125,NO,,,
0.26527840651878676,2930,3.037914276123047,0.3125,NO,,,
0.26527840651878676,2930,3.037914276123047,0.3125,NO,,,
0.2661837935717519,2940,4.534963130950928,0.28125,NO,,,
0.2661837935717519,2940,4.534963130950928,0.28125,NO,,,
0.2661837935717519,2940,4.534963130950928,0.28125,NO,,,
0.2661837935717519,2940,4.534963130950928,0.28125,NO,,,
0.2661837935717519,2940,4.534963130950928,0.28125,NO,,,
0.2661837935717519,2940,4.534963130950928,0.28125,NO,,,
0.2661837935717519,2940,4.534963130950928,0.28125,NO,,,
0.2661837935717519,2940,4.534963130950928,0.28125,NO,,,
0.2661837935717519,2940,4.534963130950928,0.28125,NO,,,
0.2661837935717519,2940,4.534963130950928,0.28125,NO,,,
0.2670891806247171,2950,2.755195140838623,0.40625,NO,,,
0.2670891806247171,2950,2.755195140838623,0.40625,NO,,,
0.2670891806247171,2950,2.755195140838623,0.40625,NO,,,
0.2670891806247171,2950,2.755195140838623,0.40625,NO,,,
0.2670891806247171,2950,2.755195140838623,0.40625,NO,,,
0.2670891806247171,2950,2.755195140838623,0.40625,NO,,,
0.2670891806247171,2950,2.755195140838623,0.40625,NO,,,
0.2670891806247171,2950,2.755195140838623,0.40625,NO,,,
0.2670891806247171,2950,2.755195140838623,0.40625,NO,,,
0.2670891806247171,2950,2.755195140838623,0.40625,NO,,,
0.2679945676776822,2960,2.6359176635742188,0.21875,NO,,,
0.2679945676776822,2960,2.6359176635742188,0.21875,NO,,,
0.2679945676776822,2960,2.6359176635742188,0.21875,NO,,,
0.2679945676776822,2960,2.6359176635742188,0.21875,NO,,,
0.2679945676776822,2960,2.6359176635742188,0.21875,NO,,,
0.2679945676776822,2960,2.6359176635742188,0.21875,NO,,,
0.2679945676776822,2960,2.6359176635742188,0.21875,NO,,,
0.2679945676776822,2960,2.6359176635742188,0.21875,NO,,,
0.2679945676776822,2960,2.6359176635742188,0.21875,NO,,,
0.2679945676776822,2960,2.6359176635742188,0.21875,NO,,,
0.2688999547306474,2970,2.9929637908935547,0.28125,NO,,,
0.2688999547306474,2970,2.9929637908935547,0.28125,NO,,,
0.2688999547306474,2970,2.9929637908935547,0.28125,NO,,,
0.2688999547306474,2970,2.9929637908935547,0.28125,NO,,,
0.2688999547306474,2970,2.9929637908935547,0.28125,NO,,,
0.2688999547306474,2970,2.9929637908935547,0.28125,NO,,,
0.2688999547306474,2970,2.9929637908935547,0.28125,NO,,,
0.2688999547306474,2970,2.9929637908935547,0.28125,NO,,,
0.2688999547306474,2970,2.9929637908935547,0.28125,NO,,,
0.2688999547306474,2970,2.9929637908935547,0.28125,NO,,,
0.2698053417836125,2980,2.6749343872070312,0.3125,NO,,,
0.2698053417836125,2980,2.6749343872070312,0.3125,NO,,,
0.2698053417836125,2980,2.6749343872070312,0.3125,NO,,,
0.2698053417836125,2980,2.6749343872070312,0.3125,NO,,,
0.2698053417836125,2980,2.6749343872070312,0.3125,NO,,,
0.2698053417836125,2980,2.6749343872070312,0.3125,NO,,,
0.2698053417836125,2980,2.6749343872070312,0.3125,NO,,,
0.2698053417836125,2980,2.6749343872070312,0.3125,NO,,,
0.2698053417836125,2980,2.6749343872070312,0.3125,NO,,,
0.2698053417836125,2980,2.6749343872070312,0.3125,NO,,,
0.27071072883657765,2990,4.269085884094238,0.28125,NO,,,
0.27071072883657765,2990,4.269085884094238,0.28125,NO,,,
0.27071072883657765,2990,4.269085884094238,0.28125,NO,,,
0.27071072883657765,2990,4.269085884094238,0.28125,NO,,,
0.27071072883657765,2990,4.269085884094238,0.28125,NO,,,
0.27071072883657765,2990,4.269085884094238,0.28125,NO,,,
0.27071072883657765,2990,4.269085884094238,0.28125,NO,,,
0.27071072883657765,2990,4.269085884094238,0.28125,NO,,,
0.27071072883657765,2990,4.269085884094238,0.28125,NO,,,
0.27071072883657765,2990,4.269085884094238,0.28125,YES,2.8441479206085205,0.3333842627960275,
0.27161611588954276,3000,2.4997024536132812,0.4375,NO,,,
0.27161611588954276,3000,2.4997024536132812,0.4375,NO,,,
0.27161611588954276,3000,2.4997024536132812,0.4375,NO,,,
0.27161611588954276,3000,2.4997024536132812,0.4375,NO,,,
0.27161611588954276,3000,2.4997024536132812,0.4375,NO,,,
0.27161611588954276,3000,2.4997024536132812,0.4375,NO,,,
0.27161611588954276,3000,2.4997024536132812,0.4375,NO,,,
0.27161611588954276,3000,2.4997024536132812,0.4375,NO,,,
0.27161611588954276,3000,2.4997024536132812,0.4375,NO,,,
0.27161611588954276,3000,2.4997024536132812,0.4375,NO,,,
0.27252150294250793,3010,4.120550155639648,0.25,NO,,,
0.27252150294250793,3010,4.120550155639648,0.25,NO,,,
0.27252150294250793,3010,4.120550155639648,0.25,NO,,,
0.27252150294250793,3010,4.120550155639648,0.25,NO,,,
0.27252150294250793,3010,4.120550155639648,0.25,NO,,,
0.27252150294250793,3010,4.120550155639648,0.25,NO,,,
0.27252150294250793,3010,4.120550155639648,0.25,NO,,,
0.27252150294250793,3010,4.120550155639648,0.25,NO,,,
0.27252150294250793,3010,4.120550155639648,0.25,NO,,,
0.27252150294250793,3010,4.120550155639648,0.25,NO,,,
0.27342688999547304,3020,4.614611625671387,0.3125,NO,,,
0.27342688999547304,3020,4.614611625671387,0.3125,NO,,,
0.27342688999547304,3020,4.614611625671387,0.3125,NO,,,
0.27342688999547304,3020,4.614611625671387,0.3125,NO,,,
0.27342688999547304,3020,4.614611625671387,0.3125,NO,,,
0.27342688999547304,3020,4.614611625671387,0.3125,NO,,,
0.27342688999547304,3020,4.614611625671387,0.3125,NO,,,
0.27342688999547304,3020,4.614611625671387,0.3125,NO,,,
0.27342688999547304,3020,4.614611625671387,0.3125,NO,,,
0.27342688999547304,3020,4.614611625671387,0.3125,NO,,,
0.2743322770484382,3030,2.648244857788086,0.34375,NO,,,
0.2743322770484382,3030,2.648244857788086,0.34375,NO,,,
0.2743322770484382,3030,2.648244857788086,0.34375,NO,,,
0.2743322770484382,3030,2.648244857788086,0.34375,NO,,,
0.2743322770484382,3030,2.648244857788086,0.34375,NO,,,
0.2743322770484382,3030,2.648244857788086,0.34375,NO,,,
0.2743322770484382,3030,2.648244857788086,0.34375,NO,,,
0.2743322770484382,3030,2.648244857788086,0.34375,NO,,,
0.2743322770484382,3030,2.648244857788086,0.34375,NO,,,
0.2743322770484382,3030,2.648244857788086,0.34375,NO,,,
0.2752376641014033,3040,2.4792251586914062,0.21875,NO,,,
0.2752376641014033,3040,2.4792251586914062,0.21875,NO,,,
0.2752376641014033,3040,2.4792251586914062,0.21875,NO,,,
0.2752376641014033,3040,2.4792251586914062,0.21875,NO,,,
0.2752376641014033,3040,2.4792251586914062,0.21875,NO,,,
0.2752376641014033,3040,2.4792251586914062,0.21875,NO,,,
0.2752376641014033,3040,2.4792251586914062,0.21875,NO,,,
0.2752376641014033,3040,2.4792251586914062,0.21875,NO,,,
0.2752376641014033,3040,2.4792251586914062,0.21875,NO,,,
0.2752376641014033,3040,2.4792251586914062,0.21875,NO,,,
0.2761430511543685,3050,2.993440628051758,0.28125,NO,,,
0.2761430511543685,3050,2.993440628051758,0.28125,NO,,,
0.2761430511543685,3050,2.993440628051758,0.28125,NO,,,
0.2761430511543685,3050,2.993440628051758,0.28125,NO,,,
0.2761430511543685,3050,2.993440628051758,0.28125,NO,,,
0.2761430511543685,3050,2.993440628051758,0.28125,NO,,,
0.2761430511543685,3050,2.993440628051758,0.28125,NO,,,
0.2761430511543685,3050,2.993440628051758,0.28125,NO,,,
0.2761430511543685,3050,2.993440628051758,0.28125,NO,,,
0.2761430511543685,3050,2.993440628051758,0.28125,NO,,,
0.27704843820733366,3060,2.0980658531188965,0.4375,NO,,,
0.27704843820733366,3060,2.0980658531188965,0.4375,NO,,,
0.27704843820733366,3060,2.0980658531188965,0.4375,NO,,,
0.27704843820733366,3060,2.0980658531188965,0.4375,NO,,,
0.27704843820733366,3060,2.0980658531188965,0.4375,NO,,,
0.27704843820733366,3060,2.0980658531188965,0.4375,NO,,,
0.27704843820733366,3060,2.0980658531188965,0.4375,NO,,,
0.27704843820733366,3060,2.0980658531188965,0.4375,NO,,,
0.27704843820733366,3060,2.0980658531188965,0.4375,NO,,,
0.27704843820733366,3060,2.0980658531188965,0.4375,NO,,,
0.27795382526029877,3070,2.261326789855957,0.34375,NO,,,
0.27795382526029877,3070,2.261326789855957,0.34375,NO,,,
0.27795382526029877,3070,2.261326789855957,0.34375,NO,,,
0.27795382526029877,3070,2.261326789855957,0.34375,NO,,,
0.27795382526029877,3070,2.261326789855957,0.34375,NO,,,
0.27795382526029877,3070,2.261326789855957,0.34375,NO,,,
0.27795382526029877,3070,2.261326789855957,0.34375,NO,,,
0.27795382526029877,3070,2.261326789855957,0.34375,NO,,,
0.27795382526029877,3070,2.261326789855957,0.34375,NO,,,
0.27795382526029877,3070,2.261326789855957,0.34375,NO,,,
0.27885921231326394,3080,3.3686485290527344,0.28125,NO,,,
0.27885921231326394,3080,3.3686485290527344,0.28125,NO,,,
0.27885921231326394,3080,3.3686485290527344,0.28125,NO,,,
0.27885921231326394,3080,3.3686485290527344,0.28125,NO,,,
0.27885921231326394,3080,3.3686485290527344,0.28125,NO,,,
0.27885921231326394,3080,3.3686485290527344,0.28125,NO,,,
0.27885921231326394,3080,3.3686485290527344,0.28125,NO,,,
0.27885921231326394,3080,3.3686485290527344,0.28125,NO,,,
0.27885921231326394,3080,3.3686485290527344,0.28125,NO,,,
0.27885921231326394,3080,3.3686485290527344,0.28125,NO,,,
0.27976459936622905,3090,2.404374122619629,0.3125,NO,,,
0.27976459936622905,3090,2.404374122619629,0.3125,NO,,,
0.27976459936622905,3090,2.404374122619629,0.3125,NO,,,
0.27976459936622905,3090,2.404374122619629,0.3125,NO,,,
0.27976459936622905,3090,2.404374122619629,0.3125,NO,,,
0.27976459936622905,3090,2.404374122619629,0.3125,NO,,,
0.27976459936622905,3090,2.404374122619629,0.3125,NO,,,
0.27976459936622905,3090,2.404374122619629,0.3125,NO,,,
0.27976459936622905,3090,2.404374122619629,0.3125,NO,,,
0.27976459936622905,3090,2.404374122619629,0.3125,NO,,,
0.2806699864191942,3100,2.28360652923584,0.34375,NO,,,
0.2806699864191942,3100,2.28360652923584,0.34375,NO,,,
0.2806699864191942,3100,2.28360652923584,0.34375,NO,,,
0.2806699864191942,3100,2.28360652923584,0.34375,NO,,,
0.2806699864191942,3100,2.28360652923584,0.34375,NO,,,
0.2806699864191942,3100,2.28360652923584,0.34375,NO,,,
0.2806699864191942,3100,2.28360652923584,0.34375,NO,,,
0.2806699864191942,3100,2.28360652923584,0.34375,NO,,,
0.2806699864191942,3100,2.28360652923584,0.34375,NO,,,
0.2806699864191942,3100,2.28360652923584,0.34375,NO,,,
0.28157537347215933,3110,2.3731842041015625,0.34375,NO,,,
0.28157537347215933,3110,2.3731842041015625,0.34375,NO,,,
0.28157537347215933,3110,2.3731842041015625,0.34375,NO,,,
0.28157537347215933,3110,2.3731842041015625,0.34375,NO,,,
0.28157537347215933,3110,2.3731842041015625,0.34375,NO,,,
0.28157537347215933,3110,2.3731842041015625,0.34375,NO,,,
0.28157537347215933,3110,2.3731842041015625,0.34375,NO,,,
0.28157537347215933,3110,2.3731842041015625,0.34375,NO,,,
0.28157537347215933,3110,2.3731842041015625,0.34375,NO,,,
0.28157537347215933,3110,2.3731842041015625,0.34375,NO,,,
0.2824807605251245,3120,2.368515729904175,0.28125,NO,,,
0.2824807605251245,3120,2.368515729904175,0.28125,NO,,,
0.2824807605251245,3120,2.368515729904175,0.28125,NO,,,
0.2824807605251245,3120,2.368515729904175,0.28125,NO,,,
0.2824807605251245,3120,2.368515729904175,0.28125,NO,,,
0.2824807605251245,3120,2.368515729904175,0.28125,NO,,,
0.2824807605251245,3120,2.368515729904175,0.28125,NO,,,
0.2824807605251245,3120,2.368515729904175,0.28125,NO,,,
0.2824807605251245,3120,2.368515729904175,0.28125,NO,,,
0.2824807605251245,3120,2.368515729904175,0.28125,NO,,,
0.2833861475780896,3130,2.206348419189453,0.40625,NO,,,
0.2833861475780896,3130,2.206348419189453,0.40625,NO,,,
0.2833861475780896,3130,2.206348419189453,0.40625,NO,,,
0.2833861475780896,3130,2.206348419189453,0.40625,NO,,,
0.2833861475780896,3130,2.206348419189453,0.40625,NO,,,
0.2833861475780896,3130,2.206348419189453,0.40625,NO,,,
0.2833861475780896,3130,2.206348419189453,0.40625,NO,,,
0.2833861475780896,3130,2.206348419189453,0.40625,NO,,,
0.2833861475780896,3130,2.206348419189453,0.40625,NO,,,
0.2833861475780896,3130,2.206348419189453,0.40625,NO,,,
0.2842915346310548,3140,2.349997043609619,0.34375,NO,,,
0.2842915346310548,3140,2.349997043609619,0.34375,NO,,,
0.2842915346310548,3140,2.349997043609619,0.34375,NO,,,
0.2842915346310548,3140,2.349997043609619,0.34375,NO,,,
0.2842915346310548,3140,2.349997043609619,0.34375,NO,,,
0.2842915346310548,3140,2.349997043609619,0.34375,NO,,,
0.2842915346310548,3140,2.349997043609619,0.34375,NO,,,
0.2842915346310548,3140,2.349997043609619,0.34375,NO,,,
0.2842915346310548,3140,2.349997043609619,0.34375,NO,,,
0.2842915346310548,3140,2.349997043609619,0.34375,NO,,,
0.28519692168401994,3150,1.5100860595703125,0.375,NO,,,
0.28519692168401994,3150,1.5100860595703125,0.375,NO,,,
0.28519692168401994,3150,1.5100860595703125,0.375,NO,,,
0.28519692168401994,3150,1.5100860595703125,0.375,NO,,,
0.28519692168401994,3150,1.5100860595703125,0.375,NO,,,
0.28519692168401994,3150,1.5100860595703125,0.375,NO,,,
0.28519692168401994,3150,1.5100860595703125,0.375,NO,,,
0.28519692168401994,3150,1.5100860595703125,0.375,NO,,,
0.28519692168401994,3150,1.5100860595703125,0.375,NO,,,
0.28519692168401994,3150,1.5100860595703125,0.375,NO,,,
0.28610230873698506,3160,1.137054443359375,0.28125,NO,,,
0.28610230873698506,3160,1.137054443359375,0.28125,NO,,,
0.28610230873698506,3160,1.137054443359375,0.28125,NO,,,
0.28610230873698506,3160,1.137054443359375,0.28125,NO,,,
0.28610230873698506,3160,1.137054443359375,0.28125,NO,,,
0.28610230873698506,3160,1.137054443359375,0.28125,NO,,,
0.28610230873698506,3160,1.137054443359375,0.28125,NO,,,
0.28610230873698506,3160,1.137054443359375,0.28125,NO,,,
0.28610230873698506,3160,1.137054443359375,0.28125,NO,,,
0.28610230873698506,3160,1.137054443359375,0.28125,NO,,,
0.2870076957899502,3170,1.4438667297363281,0.40625,NO,,,
0.2870076957899502,3170,1.4438667297363281,0.40625,NO,,,
0.2870076957899502,3170,1.4438667297363281,0.40625,NO,,,
0.2870076957899502,3170,1.4438667297363281,0.40625,NO,,,
0.2870076957899502,3170,1.4438667297363281,0.40625,NO,,,
0.2870076957899502,3170,1.4438667297363281,0.40625,NO,,,
0.2870076957899502,3170,1.4438667297363281,0.40625,NO,,,
0.2870076957899502,3170,1.4438667297363281,0.40625,NO,,,
0.2870076957899502,3170,1.4438667297363281,0.40625,NO,,,
0.2870076957899502,3170,1.4438667297363281,0.40625,NO,,,
0.28791308284291534,3180,1.3346500396728516,0.4375,NO,,,
0.28791308284291534,3180,1.3346500396728516,0.4375,NO,,,
0.28791308284291534,3180,1.3346500396728516,0.4375,NO,,,
0.28791308284291534,3180,1.3346500396728516,0.4375,NO,,,
0.28791308284291534,3180,1.3346500396728516,0.4375,NO,,,
0.28791308284291534,3180,1.3346500396728516,0.4375,NO,,,
0.28791308284291534,3180,1.3346500396728516,0.4375,NO,,,
0.28791308284291534,3180,1.3346500396728516,0.4375,NO,,,
0.28791308284291534,3180,1.3346500396728516,0.4375,NO,,,
0.28791308284291534,3180,1.3346500396728516,0.4375,NO,,,
0.2888184698958805,3190,2.7378978729248047,0.3125,NO,,,
0.2888184698958805,3190,2.7378978729248047,0.3125,NO,,,
0.2888184698958805,3190,2.7378978729248047,0.3125,NO,,,
0.2888184698958805,3190,2.7378978729248047,0.3125,NO,,,
0.2888184698958805,3190,2.7378978729248047,0.3125,NO,,,
0.2888184698958805,3190,2.7378978729248047,0.3125,NO,,,
0.2888184698958805,3190,2.7378978729248047,0.3125,NO,,,
0.2888184698958805,3190,2.7378978729248047,0.3125,NO,,,
0.2888184698958805,3190,2.7378978729248047,0.3125,NO,,,
0.2888184698958805,3190,2.7378978729248047,0.3125,NO,,,
0.2897238569488456,3200,1.376251220703125,0.21875,NO,,,
0.2897238569488456,3200,1.376251220703125,0.21875,NO,,,
0.2897238569488456,3200,1.376251220703125,0.21875,NO,,,
0.2897238569488456,3200,1.376251220703125,0.21875,NO,,,
0.2897238569488456,3200,1.376251220703125,0.21875,NO,,,
0.2897238569488456,3200,1.376251220703125,0.21875,NO,,,
0.2897238569488456,3200,1.376251220703125,0.21875,NO,,,
0.2897238569488456,3200,1.376251220703125,0.21875,NO,,,
0.2897238569488456,3200,1.376251220703125,0.21875,NO,,,
0.2897238569488456,3200,1.376251220703125,0.21875,NO,,,
0.2906292440018108,3210,1.6139984130859375,0.5625,NO,,,
0.2906292440018108,3210,1.6139984130859375,0.5625,NO,,,
0.2906292440018108,3210,1.6139984130859375,0.5625,NO,,,
0.2906292440018108,3210,1.6139984130859375,0.5625,NO,,,
0.2906292440018108,3210,1.6139984130859375,0.5625,NO,,,
0.2906292440018108,3210,1.6139984130859375,0.5625,NO,,,
0.2906292440018108,3210,1.6139984130859375,0.5625,NO,,,
0.2906292440018108,3210,1.6139984130859375,0.5625,NO,,,
0.2906292440018108,3210,1.6139984130859375,0.5625,NO,,,
0.2906292440018108,3210,1.6139984130859375,0.5625,NO,,,
0.2915346310547759,3220,1.4617462158203125,0.46875,NO,,,
0.2915346310547759,3220,1.4617462158203125,0.46875,NO,,,
0.2915346310547759,3220,1.4617462158203125,0.46875,NO,,,
0.2915346310547759,3220,1.4617462158203125,0.46875,NO,,,
0.2915346310547759,3220,1.4617462158203125,0.46875,NO,,,
0.2915346310547759,3220,1.4617462158203125,0.46875,NO,,,
0.2915346310547759,3220,1.4617462158203125,0.46875,NO,,,
0.2915346310547759,3220,1.4617462158203125,0.46875,NO,,,
0.2915346310547759,3220,1.4617462158203125,0.46875,NO,,,
0.2915346310547759,3220,1.4617462158203125,0.46875,NO,,,
0.29244001810774106,3230,1.2828445434570312,0.21875,NO,,,
0.29244001810774106,3230,1.2828445434570312,0.21875,NO,,,
0.29244001810774106,3230,1.2828445434570312,0.21875,NO,,,
0.29244001810774106,3230,1.2828445434570312,0.21875,NO,,,
0.29244001810774106,3230,1.2828445434570312,0.21875,NO,,,
0.29244001810774106,3230,1.2828445434570312,0.21875,NO,,,
0.29244001810774106,3230,1.2828445434570312,0.21875,NO,,,
0.29244001810774106,3230,1.2828445434570312,0.21875,NO,,,
0.29244001810774106,3230,1.2828445434570312,0.21875,NO,,,
0.29244001810774106,3230,1.2828445434570312,0.21875,NO,,,
0.29334540516070623,3240,2.100348472595215,0.375,NO,,,
0.29334540516070623,3240,2.100348472595215,0.375,NO,,,
0.29334540516070623,3240,2.100348472595215,0.375,NO,,,
0.29334540516070623,3240,2.100348472595215,0.375,NO,,,
0.29334540516070623,3240,2.100348472595215,0.375,NO,,,
0.29334540516070623,3240,2.100348472595215,0.375,NO,,,
0.29334540516070623,3240,2.100348472595215,0.375,NO,,,
0.29334540516070623,3240,2.100348472595215,0.375,NO,,,
0.29334540516070623,3240,2.100348472595215,0.375,NO,,,
0.29334540516070623,3240,2.100348472595215,0.375,NO,,,
0.29425079221367134,3250,2.210803985595703,0.34375,NO,,,
0.29425079221367134,3250,2.210803985595703,0.34375,NO,,,
0.29425079221367134,3250,2.210803985595703,0.34375,NO,,,
0.29425079221367134,3250,2.210803985595703,0.34375,NO,,,
0.29425079221367134,3250,2.210803985595703,0.34375,NO,,,
0.29425079221367134,3250,2.210803985595703,0.34375,NO,,,
0.29425079221367134,3250,2.210803985595703,0.34375,NO,,,
0.29425079221367134,3250,2.210803985595703,0.34375,NO,,,
0.29425079221367134,3250,2.210803985595703,0.34375,NO,,,
0.29425079221367134,3250,2.210803985595703,0.34375,NO,,,
0.2951561792666365,3260,3.1499483585357666,0.40625,NO,,,
0.2951561792666365,3260,3.1499483585357666,0.40625,NO,,,
0.2951561792666365,3260,3.1499483585357666,0.40625,NO,,,
0.2951561792666365,3260,3.1499483585357666,0.40625,NO,,,
0.2951561792666365,3260,3.1499483585357666,0.40625,NO,,,
0.2951561792666365,3260,3.1499483585357666,0.40625,NO,,,
0.2951561792666365,3260,3.1499483585357666,0.40625,NO,,,
0.2951561792666365,3260,3.1499483585357666,0.40625,NO,,,
0.2951561792666365,3260,3.1499483585357666,0.40625,NO,,,
0.2951561792666365,3260,3.1499483585357666,0.40625,NO,,,
0.2960615663196016,3270,2.270416259765625,0.34375,NO,,,
0.2960615663196016,3270,2.270416259765625,0.34375,NO,,,
0.2960615663196016,3270,2.270416259765625,0.34375,NO,,,
0.2960615663196016,3270,2.270416259765625,0.34375,NO,,,
0.2960615663196016,3270,2.270416259765625,0.34375,NO,,,
0.2960615663196016,3270,2.270416259765625,0.34375,NO,,,
0.2960615663196016,3270,2.270416259765625,0.34375,NO,,,
0.2960615663196016,3270,2.270416259765625,0.34375,NO,,,
0.2960615663196016,3270,2.270416259765625,0.34375,NO,,,
0.2960615663196016,3270,2.270416259765625,0.34375,NO,,,
0.2969669533725668,3280,2.6986072063446045,0.4375,NO,,,
0.2969669533725668,3280,2.6986072063446045,0.4375,NO,,,
0.2969669533725668,3280,2.6986072063446045,0.4375,NO,,,
0.2969669533725668,3280,2.6986072063446045,0.4375,NO,,,
0.2969669533725668,3280,2.6986072063446045,0.4375,NO,,,
0.2969669533725668,3280,2.6986072063446045,0.4375,NO,,,
0.2969669533725668,3280,2.6986072063446045,0.4375,NO,,,
0.2969669533725668,3280,2.6986072063446045,0.4375,NO,,,
0.2969669533725668,3280,2.6986072063446045,0.4375,NO,,,
0.2969669533725668,3280,2.6986072063446045,0.4375,NO,,,
0.2978723404255319,3290,3.665225028991699,0.34375,NO,,,
0.2978723404255319,3290,3.665225028991699,0.34375,NO,,,
0.2978723404255319,3290,3.665225028991699,0.34375,NO,,,
0.2978723404255319,3290,3.665225028991699,0.34375,NO,,,
0.2978723404255319,3290,3.665225028991699,0.34375,NO,,,
0.2978723404255319,3290,3.665225028991699,0.34375,NO,,,
0.2978723404255319,3290,3.665225028991699,0.34375,NO,,,
0.2978723404255319,3290,3.665225028991699,0.34375,NO,,,
0.2978723404255319,3290,3.665225028991699,0.34375,NO,,,
0.2978723404255319,3290,3.665225028991699,0.34375,NO,,,
0.29877772747849707,3300,3.7794227600097656,0.28125,NO,,,
0.29877772747849707,3300,3.7794227600097656,0.28125,NO,,,
0.29877772747849707,3300,3.7794227600097656,0.28125,NO,,,
0.29877772747849707,3300,3.7794227600097656,0.28125,NO,,,
0.29877772747849707,3300,3.7794227600097656,0.28125,NO,,,
0.29877772747849707,3300,3.7794227600097656,0.28125,NO,,,
0.29877772747849707,3300,3.7794227600097656,0.28125,NO,,,
0.29877772747849707,3300,3.7794227600097656,0.28125,NO,,,
0.29877772747849707,3300,3.7794227600097656,0.28125,NO,,,
0.29877772747849707,3300,3.7794227600097656,0.28125,NO,,,
0.2996831145314622,3310,1.952800989151001,0.40625,NO,,,
0.2996831145314622,3310,1.952800989151001,0.40625,NO,,,
0.2996831145314622,3310,1.952800989151001,0.40625,NO,,,
0.2996831145314622,3310,1.952800989151001,0.40625,NO,,,
0.2996831145314622,3310,1.952800989151001,0.40625,NO,,,
0.2996831145314622,3310,1.952800989151001,0.40625,NO,,,
0.2996831145314622,3310,1.952800989151001,0.40625,NO,,,
0.2996831145314622,3310,1.952800989151001,0.40625,NO,,,
0.2996831145314622,3310,1.952800989151001,0.40625,NO,,,
0.2996831145314622,3310,1.952800989151001,0.40625,NO,,,
0.30058850158442735,3320,2.853565216064453,0.34375,NO,,,
0.30058850158442735,3320,2.853565216064453,0.34375,NO,,,
0.30058850158442735,3320,2.853565216064453,0.34375,NO,,,
0.30058850158442735,3320,2.853565216064453,0.34375,NO,,,
0.30058850158442735,3320,2.853565216064453,0.34375,NO,,,
0.30058850158442735,3320,2.853565216064453,0.34375,NO,,,
0.30058850158442735,3320,2.853565216064453,0.34375,NO,,,
0.30058850158442735,3320,2.853565216064453,0.34375,NO,,,
0.30058850158442735,3320,2.853565216064453,0.34375,NO,,,
0.30058850158442735,3320,2.853565216064453,0.34375,NO,,,
0.30149388863739246,3330,2.6783981323242188,0.28125,NO,,,
0.30149388863739246,3330,2.6783981323242188,0.28125,NO,,,
0.30149388863739246,3330,2.6783981323242188,0.28125,NO,,,
0.30149388863739246,3330,2.6783981323242188,0.28125,NO,,,
0.30149388863739246,3330,2.6783981323242188,0.28125,NO,,,
0.30149388863739246,3330,2.6783981323242188,0.28125,NO,,,
0.30149388863739246,3330,2.6783981323242188,0.28125,NO,,,
0.30149388863739246,3330,2.6783981323242188,0.28125,NO,,,
0.30149388863739246,3330,2.6783981323242188,0.28125,NO,,,
0.30149388863739246,3330,2.6783981323242188,0.28125,NO,,,
0.3023992756903576,3340,1.874091625213623,0.3125,NO,,,
0.3023992756903576,3340,1.874091625213623,0.3125,NO,,,
0.3023992756903576,3340,1.874091625213623,0.3125,NO,,,
0.3023992756903576,3340,1.874091625213623,0.3125,NO,,,
0.3023992756903576,3340,1.874091625213623,0.3125,NO,,,
0.3023992756903576,3340,1.874091625213623,0.3125,NO,,,
0.3023992756903576,3340,1.874091625213623,0.3125,NO,,,
0.3023992756903576,3340,1.874091625213623,0.3125,NO,,,
0.3023992756903576,3340,1.874091625213623,0.3125,NO,,,
0.3023992756903576,3340,1.874091625213623,0.3125,NO,,,
0.3033046627433228,3350,1.75634765625,0.375,NO,,,
0.3033046627433228,3350,1.75634765625,0.375,NO,,,
0.3033046627433228,3350,1.75634765625,0.375,NO,,,
0.3033046627433228,3350,1.75634765625,0.375,NO,,,
0.3033046627433228,3350,1.75634765625,0.375,NO,,,
0.3033046627433228,3350,1.75634765625,0.375,NO,,,
0.3033046627433228,3350,1.75634765625,0.375,NO,,,
0.3033046627433228,3350,1.75634765625,0.375,NO,,,
0.3033046627433228,3350,1.75634765625,0.375,NO,,,
0.3033046627433228,3350,1.75634765625,0.375,NO,,,
0.3042100497962879,3360,1.9817190170288086,0.34375,NO,,,
0.3042100497962879,3360,1.9817190170288086,0.34375,NO,,,
0.3042100497962879,3360,1.9817190170288086,0.34375,NO,,,
0.3042100497962879,3360,1.9817190170288086,0.34375,NO,,,
0.3042100497962879,3360,1.9817190170288086,0.34375,NO,,,
0.3042100497962879,3360,1.9817190170288086,0.34375,NO,,,
0.3042100497962879,3360,1.9817190170288086,0.34375,NO,,,
0.3042100497962879,3360,1.9817190170288086,0.34375,NO,,,
0.3042100497962879,3360,1.9817190170288086,0.34375,NO,,,
0.3042100497962879,3360,1.9817190170288086,0.34375,NO,,,
0.3051154368492531,3370,1.6205244064331055,0.3125,NO,,,
0.3051154368492531,3370,1.6205244064331055,0.3125,NO,,,
0.3051154368492531,3370,1.6205244064331055,0.3125,NO,,,
0.3051154368492531,3370,1.6205244064331055,0.3125,NO,,,
0.3051154368492531,3370,1.6205244064331055,0.3125,NO,,,
0.3051154368492531,3370,1.6205244064331055,0.3125,NO,,,
0.3051154368492531,3370,1.6205244064331055,0.3125,NO,,,
0.3051154368492531,3370,1.6205244064331055,0.3125,NO,,,
0.3051154368492531,3370,1.6205244064331055,0.3125,NO,,,
0.3051154368492531,3370,1.6205244064331055,0.3125,NO,,,
0.3060208239022182,3380,1.5891714096069336,0.3125,NO,,,
0.3060208239022182,3380,1.5891714096069336,0.3125,NO,,,
0.3060208239022182,3380,1.5891714096069336,0.3125,NO,,,
0.3060208239022182,3380,1.5891714096069336,0.3125,NO,,,
0.3060208239022182,3380,1.5891714096069336,0.3125,NO,,,
0.3060208239022182,3380,1.5891714096069336,0.3125,NO,,,
0.3060208239022182,3380,1.5891714096069336,0.3125,NO,,,
0.3060208239022182,3380,1.5891714096069336,0.3125,NO,,,
0.3060208239022182,3380,1.5891714096069336,0.3125,NO,,,
0.3060208239022182,3380,1.5891714096069336,0.3125,NO,,,
0.30692621095518335,3390,2.0658860206604004,0.28125,NO,,,
0.30692621095518335,3390,2.0658860206604004,0.28125,NO,,,
0.30692621095518335,3390,2.0658860206604004,0.28125,NO,,,
0.30692621095518335,3390,2.0658860206604004,0.28125,NO,,,
0.30692621095518335,3390,2.0658860206604004,0.28125,NO,,,
0.30692621095518335,3390,2.0658860206604004,0.28125,NO,,,
0.30692621095518335,3390,2.0658860206604004,0.28125,NO,,,
0.30692621095518335,3390,2.0658860206604004,0.28125,NO,,,
0.30692621095518335,3390,2.0658860206604004,0.28125,NO,,,
0.30692621095518335,3390,2.0658860206604004,0.28125,NO,,,
0.30783159800814847,3400,1.6431655883789062,0.28125,NO,,,
0.30783159800814847,3400,1.6431655883789062,0.28125,NO,,,
0.30783159800814847,3400,1.6431655883789062,0.28125,NO,,,
0.30783159800814847,3400,1.6431655883789062,0.28125,NO,,,
0.30783159800814847,3400,1.6431655883789062,0.28125,NO,,,
0.30783159800814847,3400,1.6431655883789062,0.28125,NO,,,
0.30783159800814847,3400,1.6431655883789062,0.28125,NO,,,
0.30783159800814847,3400,1.6431655883789062,0.28125,NO,,,
0.30783159800814847,3400,1.6431655883789062,0.28125,NO,,,
0.30783159800814847,3400,1.6431655883789062,0.28125,NO,,,
0.30873698506111363,3410,1.2792739868164062,0.25,NO,,,
0.30873698506111363,3410,1.2792739868164062,0.25,NO,,,
0.30873698506111363,3410,1.2792739868164062,0.25,NO,,,
0.30873698506111363,3410,1.2792739868164062,0.25,NO,,,
0.30873698506111363,3410,1.2792739868164062,0.25,NO,,,
0.30873698506111363,3410,1.2792739868164062,0.25,NO,,,
0.30873698506111363,3410,1.2792739868164062,0.25,NO,,,
0.30873698506111363,3410,1.2792739868164062,0.25,NO,,,
0.30873698506111363,3410,1.2792739868164062,0.25,NO,,,
0.30873698506111363,3410,1.2792739868164062,0.25,NO,,,
0.30964237211407875,3420,2.3289546966552734,0.1875,NO,,,
0.30964237211407875,3420,2.3289546966552734,0.1875,NO,,,
0.30964237211407875,3420,2.3289546966552734,0.1875,NO,,,
0.30964237211407875,3420,2.3289546966552734,0.1875,NO,,,
0.30964237211407875,3420,2.3289546966552734,0.1875,NO,,,
0.30964237211407875,3420,2.3289546966552734,0.1875,NO,,,
0.30964237211407875,3420,2.3289546966552734,0.1875,NO,,,
0.30964237211407875,3420,2.3289546966552734,0.1875,NO,,,
0.30964237211407875,3420,2.3289546966552734,0.1875,NO,,,
0.30964237211407875,3420,2.3289546966552734,0.1875,NO,,,
0.3105477591670439,3430,2.4542288780212402,0.34375,NO,,,
0.3105477591670439,3430,2.4542288780212402,0.34375,NO,,,
0.3105477591670439,3430,2.4542288780212402,0.34375,NO,,,
0.3105477591670439,3430,2.4542288780212402,0.34375,NO,,,
0.3105477591670439,3430,2.4542288780212402,0.34375,NO,,,
0.3105477591670439,3430,2.4542288780212402,0.34375,NO,,,
0.3105477591670439,3430,2.4542288780212402,0.34375,NO,,,
0.3105477591670439,3430,2.4542288780212402,0.34375,NO,,,
0.3105477591670439,3430,2.4542288780212402,0.34375,NO,,,
0.3105477591670439,3430,2.4542288780212402,0.34375,NO,,,
0.3114531462200091,3440,1.7636165618896484,0.375,NO,,,
0.3114531462200091,3440,1.7636165618896484,0.375,NO,,,
0.3114531462200091,3440,1.7636165618896484,0.375,NO,,,
0.3114531462200091,3440,1.7636165618896484,0.375,NO,,,
0.3114531462200091,3440,1.7636165618896484,0.375,NO,,,
0.3114531462200091,3440,1.7636165618896484,0.375,NO,,,
0.3114531462200091,3440,1.7636165618896484,0.375,NO,,,
0.3114531462200091,3440,1.7636165618896484,0.375,NO,,,
0.3114531462200091,3440,1.7636165618896484,0.375,NO,,,
0.3114531462200091,3440,1.7636165618896484,0.375,NO,,,
0.3123585332729742,3450,2.7411251068115234,0.28125,NO,,,
0.3123585332729742,3450,2.7411251068115234,0.28125,NO,,,
0.3123585332729742,3450,2.7411251068115234,0.28125,NO,,,
0.3123585332729742,3450,2.7411251068115234,0.28125,NO,,,
0.3123585332729742,3450,2.7411251068115234,0.28125,NO,,,
0.3123585332729742,3450,2.7411251068115234,0.28125,NO,,,
0.3123585332729742,3450,2.7411251068115234,0.28125,NO,,,
0.3123585332729742,3450,2.7411251068115234,0.28125,NO,,,
0.3123585332729742,3450,2.7411251068115234,0.28125,NO,,,
0.3123585332729742,3450,2.7411251068115234,0.28125,NO,,,
0.31326392032593936,3460,2.952077865600586,0.46875,NO,,,
0.31326392032593936,3460,2.952077865600586,0.46875,NO,,,
0.31326392032593936,3460,2.952077865600586,0.46875,NO,,,
0.31326392032593936,3460,2.952077865600586,0.46875,NO,,,
0.31326392032593936,3460,2.952077865600586,0.46875,NO,,,
0.31326392032593936,3460,2.952077865600586,0.46875,NO,,,
0.31326392032593936,3460,2.952077865600586,0.46875,NO,,,
0.31326392032593936,3460,2.952077865600586,0.46875,NO,,,
0.31326392032593936,3460,2.952077865600586,0.46875,NO,,,
0.31326392032593936,3460,2.952077865600586,0.46875,NO,,,
0.31416930737890447,3470,2.6551666259765625,0.3125,NO,,,
0.31416930737890447,3470,2.6551666259765625,0.3125,NO,,,
0.31416930737890447,3470,2.6551666259765625,0.3125,NO,,,
0.31416930737890447,3470,2.6551666259765625,0.3125,NO,,,
0.31416930737890447,3470,2.6551666259765625,0.3125,NO,,,
0.31416930737890447,3470,2.6551666259765625,0.3125,NO,,,
0.31416930737890447,3470,2.6551666259765625,0.3125,NO,,,
0.31416930737890447,3470,2.6551666259765625,0.3125,NO,,,
0.31416930737890447,3470,2.6551666259765625,0.3125,NO,,,
0.31416930737890447,3470,2.6551666259765625,0.3125,NO,,,
0.31507469443186964,3480,3.0438637733459473,0.25,NO,,,
0.31507469443186964,3480,3.0438637733459473,0.25,NO,,,
0.31507469443186964,3480,3.0438637733459473,0.25,NO,,,
0.31507469443186964,3480,3.0438637733459473,0.25,NO,,,
0.31507469443186964,3480,3.0438637733459473,0.25,NO,,,
0.31507469443186964,3480,3.0438637733459473,0.25,NO,,,
0.31507469443186964,3480,3.0438637733459473,0.25,NO,,,
0.31507469443186964,3480,3.0438637733459473,0.25,NO,,,
0.31507469443186964,3480,3.0438637733459473,0.25,NO,,,
0.31507469443186964,3480,3.0438637733459473,0.25,NO,,,
0.31598008148483475,3490,1.9067916870117188,0.34375,NO,,,
0.31598008148483475,3490,1.9067916870117188,0.34375,NO,,,
0.31598008148483475,3490,1.9067916870117188,0.34375,NO,,,
0.31598008148483475,3490,1.9067916870117188,0.34375,NO,,,
0.31598008148483475,3490,1.9067916870117188,0.34375,NO,,,
0.31598008148483475,3490,1.9067916870117188,0.34375,NO,,,
0.31598008148483475,3490,1.9067916870117188,0.34375,NO,,,
0.31598008148483475,3490,1.9067916870117188,0.34375,NO,,,
0.31598008148483475,3490,1.9067916870117188,0.34375,NO,,,
0.31598008148483475,3490,1.9067916870117188,0.34375,NO,,,
0.3168854685377999,3500,1.5219321250915527,0.1875,NO,,,
0.3168854685377999,3500,1.5219321250915527,0.1875,NO,,,
0.3168854685377999,3500,1.5219321250915527,0.1875,NO,,,
0.3168854685377999,3500,1.5219321250915527,0.1875,NO,,,
0.3168854685377999,3500,1.5219321250915527,0.1875,NO,,,
0.3168854685377999,3500,1.5219321250915527,0.1875,NO,,,
0.3168854685377999,3500,1.5219321250915527,0.1875,NO,,,
0.3168854685377999,3500,1.5219321250915527,0.1875,NO,,,
0.3168854685377999,3500,1.5219321250915527,0.1875,NO,,,
0.3168854685377999,3500,1.5219321250915527,0.1875,NO,,,
0.31779085559076503,3510,1.7490272521972656,0.28125,NO,,,
0.31779085559076503,3510,1.7490272521972656,0.28125,NO,,,
0.31779085559076503,3510,1.7490272521972656,0.28125,NO,,,
0.31779085559076503,3510,1.7490272521972656,0.28125,NO,,,
0.31779085559076503,3510,1.7490272521972656,0.28125,NO,,,
0.31779085559076503,3510,1.7490272521972656,0.28125,NO,,,
0.31779085559076503,3510,1.7490272521972656,0.28125,NO,,,
0.31779085559076503,3510,1.7490272521972656,0.28125,NO,,,
0.31779085559076503,3510,1.7490272521972656,0.28125,NO,,,
0.31779085559076503,3510,1.7490272521972656,0.28125,NO,,,
0.3186962426437302,3520,2.661346435546875,0.375,NO,,,
0.3186962426437302,3520,2.661346435546875,0.375,NO,,,
0.3186962426437302,3520,2.661346435546875,0.375,NO,,,
0.3186962426437302,3520,2.661346435546875,0.375,NO,,,
0.3186962426437302,3520,2.661346435546875,0.375,NO,,,
0.3186962426437302,3520,2.661346435546875,0.375,NO,,,
0.3186962426437302,3520,2.661346435546875,0.375,NO,,,
0.3186962426437302,3520,2.661346435546875,0.375,NO,,,
0.3186962426437302,3520,2.661346435546875,0.375,NO,,,
0.3186962426437302,3520,2.661346435546875,0.375,NO,,,
0.3196016296966953,3530,3.3179256916046143,0.375,NO,,,
0.3196016296966953,3530,3.3179256916046143,0.375,NO,,,
0.3196016296966953,3530,3.3179256916046143,0.375,NO,,,
0.3196016296966953,3530,3.3179256916046143,0.375,NO,,,
0.3196016296966953,3530,3.3179256916046143,0.375,NO,,,
0.3196016296966953,3530,3.3179256916046143,0.375,NO,,,
0.3196016296966953,3530,3.3179256916046143,0.375,NO,,,
0.3196016296966953,3530,3.3179256916046143,0.375,NO,,,
0.3196016296966953,3530,3.3179256916046143,0.375,NO,,,
0.3196016296966953,3530,3.3179256916046143,0.375,NO,,,
0.3205070167496605,3540,2.07952880859375,0.4375,NO,,,
0.3205070167496605,3540,2.07952880859375,0.4375,NO,,,
0.3205070167496605,3540,2.07952880859375,0.4375,NO,,,
0.3205070167496605,3540,2.07952880859375,0.4375,NO,,,
0.3205070167496605,3540,2.07952880859375,0.4375,NO,,,
0.3205070167496605,3540,2.07952880859375,0.4375,NO,,,
0.3205070167496605,3540,2.07952880859375,0.4375,NO,,,
0.3205070167496605,3540,2.07952880859375,0.4375,NO,,,
0.3205070167496605,3540,2.07952880859375,0.4375,NO,,,
0.3205070167496605,3540,2.07952880859375,0.4375,NO,,,
0.32141240380262565,3550,2.4712257385253906,0.34375,NO,,,
0.32141240380262565,3550,2.4712257385253906,0.34375,NO,,,
0.32141240380262565,3550,2.4712257385253906,0.34375,NO,,,
0.32141240380262565,3550,2.4712257385253906,0.34375,NO,,,
0.32141240380262565,3550,2.4712257385253906,0.34375,NO,,,
0.32141240380262565,3550,2.4712257385253906,0.34375,NO,,,
0.32141240380262565,3550,2.4712257385253906,0.34375,NO,,,
0.32141240380262565,3550,2.4712257385253906,0.34375,NO,,,
0.32141240380262565,3550,2.4712257385253906,0.34375,NO,,,
0.32141240380262565,3550,2.4712257385253906,0.34375,NO,,,
0.32231779085559076,3560,4.281165599822998,0.3125,NO,,,
0.32231779085559076,3560,4.281165599822998,0.3125,NO,,,
0.32231779085559076,3560,4.281165599822998,0.3125,NO,,,
0.32231779085559076,3560,4.281165599822998,0.3125,NO,,,
0.32231779085559076,3560,4.281165599822998,0.3125,NO,,,
0.32231779085559076,3560,4.281165599822998,0.3125,NO,,,
0.32231779085559076,3560,4.281165599822998,0.3125,NO,,,
0.32231779085559076,3560,4.281165599822998,0.3125,NO,,,
0.32231779085559076,3560,4.281165599822998,0.3125,NO,,,
0.32231779085559076,3560,4.281165599822998,0.3125,NO,,,
0.3232231779085559,3570,4.590653896331787,0.25,NO,,,
0.3232231779085559,3570,4.590653896331787,0.25,NO,,,
0.3232231779085559,3570,4.590653896331787,0.25,NO,,,
0.3232231779085559,3570,4.590653896331787,0.25,NO,,,
0.3232231779085559,3570,4.590653896331787,0.25,NO,,,
0.3232231779085559,3570,4.590653896331787,0.25,NO,,,
0.3232231779085559,3570,4.590653896331787,0.25,NO,,,
0.3232231779085559,3570,4.590653896331787,0.25,NO,,,
0.3232231779085559,3570,4.590653896331787,0.25,NO,,,
0.3232231779085559,3570,4.590653896331787,0.25,NO,,,
0.32412856496152104,3580,4.309421539306641,0.3125,NO,,,
0.32412856496152104,3580,4.309421539306641,0.3125,NO,,,
0.32412856496152104,3580,4.309421539306641,0.3125,NO,,,
0.32412856496152104,3580,4.309421539306641,0.3125,NO,,,
0.32412856496152104,3580,4.309421539306641,0.3125,NO,,,
0.32412856496152104,3580,4.309421539306641,0.3125,NO,,,
0.32412856496152104,3580,4.309421539306641,0.3125,NO,,,
0.32412856496152104,3580,4.309421539306641,0.3125,NO,,,
0.32412856496152104,3580,4.309421539306641,0.3125,NO,,,
0.32412856496152104,3580,4.309421539306641,0.3125,NO,,,
0.3250339520144862,3590,2.9558334350585938,0.25,NO,,,
0.3250339520144862,3590,2.9558334350585938,0.25,NO,,,
0.3250339520144862,3590,2.9558334350585938,0.25,NO,,,
0.3250339520144862,3590,2.9558334350585938,0.25,NO,,,
0.3250339520144862,3590,2.9558334350585938,0.25,NO,,,
0.3250339520144862,3590,2.9558334350585938,0.25,NO,,,
0.3250339520144862,3590,2.9558334350585938,0.25,NO,,,
0.3250339520144862,3590,2.9558334350585938,0.25,NO,,,
0.3250339520144862,3590,2.9558334350585938,0.25,NO,,,
0.3250339520144862,3590,2.9558334350585938,0.25,NO,,,
0.3259393390674513,3600,2.3918333053588867,0.5,NO,,,
0.3259393390674513,3600,2.3918333053588867,0.5,NO,,,
0.3259393390674513,3600,2.3918333053588867,0.5,NO,,,
0.3259393390674513,3600,2.3918333053588867,0.5,NO,,,
0.3259393390674513,3600,2.3918333053588867,0.5,NO,,,
0.3259393390674513,3600,2.3918333053588867,0.5,NO,,,
0.3259393390674513,3600,2.3918333053588867,0.5,NO,,,
0.3259393390674513,3600,2.3918333053588867,0.5,NO,,,
0.3259393390674513,3600,2.3918333053588867,0.5,NO,,,
0.3259393390674513,3600,2.3918333053588867,0.5,NO,,,
0.3268447261204165,3610,1.869734764099121,0.375,NO,,,
0.3268447261204165,3610,1.869734764099121,0.375,NO,,,
0.3268447261204165,3610,1.869734764099121,0.375,NO,,,
0.3268447261204165,3610,1.869734764099121,0.375,NO,,,
0.3268447261204165,3610,1.869734764099121,0.375,NO,,,
0.3268447261204165,3610,1.869734764099121,0.375,NO,,,
0.3268447261204165,3610,1.869734764099121,0.375,NO,,,
0.3268447261204165,3610,1.869734764099121,0.375,NO,,,
0.3268447261204165,3610,1.869734764099121,0.375,NO,,,
0.3268447261204165,3610,1.869734764099121,0.375,NO,,,
0.3277501131733816,3620,2.4198055267333984,0.46875,NO,,,
0.3277501131733816,3620,2.4198055267333984,0.46875,NO,,,
0.3277501131733816,3620,2.4198055267333984,0.46875,NO,,,
0.3277501131733816,3620,2.4198055267333984,0.46875,NO,,,
0.3277501131733816,3620,2.4198055267333984,0.46875,NO,,,
0.3277501131733816,3620,2.4198055267333984,0.46875,NO,,,
0.3277501131733816,3620,2.4198055267333984,0.46875,NO,,,
0.3277501131733816,3620,2.4198055267333984,0.46875,NO,,,
0.3277501131733816,3620,2.4198055267333984,0.46875,NO,,,
0.3277501131733816,3620,2.4198055267333984,0.46875,NO,,,
0.32865550022634676,3630,2.6787490844726562,0.28125,NO,,,
0.32865550022634676,3630,2.6787490844726562,0.28125,NO,,,
0.32865550022634676,3630,2.6787490844726562,0.28125,NO,,,
0.32865550022634676,3630,2.6787490844726562,0.28125,NO,,,
0.32865550022634676,3630,2.6787490844726562,0.28125,NO,,,
0.32865550022634676,3630,2.6787490844726562,0.28125,NO,,,
0.32865550022634676,3630,2.6787490844726562,0.28125,NO,,,
0.32865550022634676,3630,2.6787490844726562,0.28125,NO,,,
0.32865550022634676,3630,2.6787490844726562,0.28125,NO,,,
0.32865550022634676,3630,2.6787490844726562,0.28125,NO,,,
0.32956088727931193,3640,3.0321998596191406,0.3125,NO,,,
0.32956088727931193,3640,3.0321998596191406,0.3125,NO,,,
0.32956088727931193,3640,3.0321998596191406,0.3125,NO,,,
0.32956088727931193,3640,3.0321998596191406,0.3125,NO,,,
0.32956088727931193,3640,3.0321998596191406,0.3125,NO,,,
0.32956088727931193,3640,3.0321998596191406,0.3125,NO,,,
0.32956088727931193,3640,3.0321998596191406,0.3125,NO,,,
0.32956088727931193,3640,3.0321998596191406,0.3125,NO,,,
0.32956088727931193,3640,3.0321998596191406,0.3125,NO,,,
0.32956088727931193,3640,3.0321998596191406,0.3125,NO,,,
0.33046627433227704,3650,2.0538973808288574,0.40625,NO,,,
0.33046627433227704,3650,2.0538973808288574,0.40625,NO,,,
0.33046627433227704,3650,2.0538973808288574,0.40625,NO,,,
0.33046627433227704,3650,2.0538973808288574,0.40625,NO,,,
0.33046627433227704,3650,2.0538973808288574,0.40625,NO,,,
0.33046627433227704,3650,2.0538973808288574,0.40625,NO,,,
0.33046627433227704,3650,2.0538973808288574,0.40625,NO,,,
0.33046627433227704,3650,2.0538973808288574,0.40625,NO,,,
0.33046627433227704,3650,2.0538973808288574,0.40625,NO,,,
0.33046627433227704,3650,2.0538973808288574,0.40625,NO,,,
0.3313716613852422,3660,2.3499979972839355,0.28125,NO,,,
0.3313716613852422,3660,2.3499979972839355,0.28125,NO,,,
0.3313716613852422,3660,2.3499979972839355,0.28125,NO,,,
0.3313716613852422,3660,2.3499979972839355,0.28125,NO,,,
0.3313716613852422,3660,2.3499979972839355,0.28125,NO,,,
0.3313716613852422,3660,2.3499979972839355,0.28125,NO,,,
0.3313716613852422,3660,2.3499979972839355,0.28125,NO,,,
0.3313716613852422,3660,2.3499979972839355,0.28125,NO,,,
0.3313716613852422,3660,2.3499979972839355,0.28125,NO,,,
0.3313716613852422,3660,2.3499979972839355,0.28125,NO,,,
0.3322770484382073,3670,2.207784652709961,0.40625,NO,,,
0.3322770484382073,3670,2.207784652709961,0.40625,NO,,,
0.3322770484382073,3670,2.207784652709961,0.40625,NO,,,
0.3322770484382073,3670,2.207784652709961,0.40625,NO,,,
0.3322770484382073,3670,2.207784652709961,0.40625,NO,,,
0.3322770484382073,3670,2.207784652709961,0.40625,NO,,,
0.3322770484382073,3670,2.207784652709961,0.40625,NO,,,
0.3322770484382073,3670,2.207784652709961,0.40625,NO,,,
0.3322770484382073,3670,2.207784652709961,0.40625,NO,,,
0.3322770484382073,3670,2.207784652709961,0.40625,NO,,,
0.3331824354911725,3680,3.1339967250823975,0.34375,NO,,,
0.3331824354911725,3680,3.1339967250823975,0.34375,NO,,,
0.3331824354911725,3680,3.1339967250823975,0.34375,NO,,,
0.3331824354911725,3680,3.1339967250823975,0.34375,NO,,,
0.3331824354911725,3680,3.1339967250823975,0.34375,NO,,,
0.3331824354911725,3680,3.1339967250823975,0.34375,NO,,,
0.3331824354911725,3680,3.1339967250823975,0.34375,NO,,,
0.3331824354911725,3680,3.1339967250823975,0.34375,NO,,,
0.3331824354911725,3680,3.1339967250823975,0.34375,NO,,,
0.3331824354911725,3680,3.1339967250823975,0.34375,NO,,,
0.3340878225441376,3690,3.8238766193389893,0.28125,NO,,,
0.3340878225441376,3690,3.8238766193389893,0.28125,NO,,,
0.3340878225441376,3690,3.8238766193389893,0.28125,NO,,,
0.3340878225441376,3690,3.8238766193389893,0.28125,NO,,,
0.3340878225441376,3690,3.8238766193389893,0.28125,NO,,,
0.3340878225441376,3690,3.8238766193389893,0.28125,NO,,,
0.3340878225441376,3690,3.8238766193389893,0.28125,NO,,,
0.3340878225441376,3690,3.8238766193389893,0.28125,NO,,,
0.3340878225441376,3690,3.8238766193389893,0.28125,NO,,,
0.3340878225441376,3690,3.8238766193389893,0.28125,NO,,,
0.33499320959710277,3700,3.199160575866699,0.375,NO,,,
0.33499320959710277,3700,3.199160575866699,0.375,NO,,,
0.33499320959710277,3700,3.199160575866699,0.375,NO,,,
0.33499320959710277,3700,3.199160575866699,0.375,NO,,,
0.33499320959710277,3700,3.199160575866699,0.375,NO,,,
0.33499320959710277,3700,3.199160575866699,0.375,NO,,,
0.33499320959710277,3700,3.199160575866699,0.375,NO,,,
0.33499320959710277,3700,3.199160575866699,0.375,NO,,,
0.33499320959710277,3700,3.199160575866699,0.375,NO,,,
0.33499320959710277,3700,3.199160575866699,0.375,NO,,,
0.3358985966500679,3710,3.621702194213867,0.3125,NO,,,
0.3358985966500679,3710,3.621702194213867,0.3125,NO,,,
0.3358985966500679,3710,3.621702194213867,0.3125,NO,,,
0.3358985966500679,3710,3.621702194213867,0.3125,NO,,,
0.3358985966500679,3710,3.621702194213867,0.3125,NO,,,
0.3358985966500679,3710,3.621702194213867,0.3125,NO,,,
0.3358985966500679,3710,3.621702194213867,0.3125,NO,,,
0.3358985966500679,3710,3.621702194213867,0.3125,NO,,,
0.3358985966500679,3710,3.621702194213867,0.3125,NO,,,
0.3358985966500679,3710,3.621702194213867,0.3125,NO,,,
0.33680398370303305,3720,2.306854009628296,0.3125,NO,,,
0.33680398370303305,3720,2.306854009628296,0.3125,NO,,,
0.33680398370303305,3720,2.306854009628296,0.3125,NO,,,
0.33680398370303305,3720,2.306854009628296,0.3125,NO,,,
0.33680398370303305,3720,2.306854009628296,0.3125,NO,,,
0.33680398370303305,3720,2.306854009628296,0.3125,NO,,,
0.33680398370303305,3720,2.306854009628296,0.3125,NO,,,
0.33680398370303305,3720,2.306854009628296,0.3125,NO,,,
0.33680398370303305,3720,2.306854009628296,0.3125,NO,,,
0.33680398370303305,3720,2.306854009628296,0.3125,NO,,,
0.33770937075599816,3730,2.511857032775879,0.3125,NO,,,
0.33770937075599816,3730,2.511857032775879,0.3125,NO,,,
0.33770937075599816,3730,2.511857032775879,0.3125,NO,,,
0.33770937075599816,3730,2.511857032775879,0.3125,NO,,,
0.33770937075599816,3730,2.511857032775879,0.3125,NO,,,
0.33770937075599816,3730,2.511857032775879,0.3125,NO,,,
0.33770937075599816,3730,2.511857032775879,0.3125,NO,,,
0.33770937075599816,3730,2.511857032775879,0.3125,NO,,,
0.33770937075599816,3730,2.511857032775879,0.3125,NO,,,
0.33770937075599816,3730,2.511857032775879,0.3125,NO,,,
0.33861475780896333,3740,3.0057005882263184,0.28125,NO,,,
0.33861475780896333,3740,3.0057005882263184,0.28125,NO,,,
0.33861475780896333,3740,3.0057005882263184,0.28125,NO,,,
0.33861475780896333,3740,3.0057005882263184,0.28125,NO,,,
0.33861475780896333,3740,3.0057005882263184,0.28125,NO,,,
0.33861475780896333,3740,3.0057005882263184,0.28125,NO,,,
0.33861475780896333,3740,3.0057005882263184,0.28125,NO,,,
0.33861475780896333,3740,3.0057005882263184,0.28125,NO,,,
0.33861475780896333,3740,3.0057005882263184,0.28125,NO,,,
0.33861475780896333,3740,3.0057005882263184,0.28125,NO,,,
0.3395201448619285,3750,2.44281005859375,0.375,NO,,,
0.3395201448619285,3750,2.44281005859375,0.375,NO,,,
0.3395201448619285,3750,2.44281005859375,0.375,NO,,,
0.3395201448619285,3750,2.44281005859375,0.375,NO,,,
0.3395201448619285,3750,2.44281005859375,0.375,NO,,,
0.3395201448619285,3750,2.44281005859375,0.375,NO,,,
0.3395201448619285,3750,2.44281005859375,0.375,NO,,,
0.3395201448619285,3750,2.44281005859375,0.375,NO,,,
0.3395201448619285,3750,2.44281005859375,0.375,NO,,,
0.3395201448619285,3750,2.44281005859375,0.375,NO,,,
0.3404255319148936,3760,1.9803848266601562,0.3125,NO,,,
0.3404255319148936,3760,1.9803848266601562,0.3125,NO,,,
0.3404255319148936,3760,1.9803848266601562,0.3125,NO,,,
0.3404255319148936,3760,1.9803848266601562,0.3125,NO,,,
0.3404255319148936,3760,1.9803848266601562,0.3125,NO,,,
0.3404255319148936,3760,1.9803848266601562,0.3125,NO,,,
0.3404255319148936,3760,1.9803848266601562,0.3125,NO,,,
0.3404255319148936,3760,1.9803848266601562,0.3125,NO,,,
0.3404255319148936,3760,1.9803848266601562,0.3125,NO,,,
0.3404255319148936,3760,1.9803848266601562,0.3125,NO,,,
0.3413309189678588,3770,3.3677570819854736,0.375,NO,,,
0.3413309189678588,3770,3.3677570819854736,0.375,NO,,,
0.3413309189678588,3770,3.3677570819854736,0.375,NO,,,
0.3413309189678588,3770,3.3677570819854736,0.375,NO,,,
0.3413309189678588,3770,3.3677570819854736,0.375,NO,,,
0.3413309189678588,3770,3.3677570819854736,0.375,NO,,,
0.3413309189678588,3770,3.3677570819854736,0.375,NO,,,
0.3413309189678588,3770,3.3677570819854736,0.375,NO,,,
0.3413309189678588,3770,3.3677570819854736,0.375,NO,,,
0.3413309189678588,3770,3.3677570819854736,0.375,NO,,,
0.3422363060208239,3780,3.125579833984375,0.28125,NO,,,
0.3422363060208239,3780,3.125579833984375,0.28125,NO,,,
0.3422363060208239,3780,3.125579833984375,0.28125,NO,,,
0.3422363060208239,3780,3.125579833984375,0.28125,NO,,,
0.3422363060208239,3780,3.125579833984375,0.28125,NO,,,
0.3422363060208239,3780,3.125579833984375,0.28125,NO,,,
0.3422363060208239,3780,3.125579833984375,0.28125,NO,,,
0.3422363060208239,3780,3.125579833984375,0.28125,NO,,,
0.3422363060208239,3780,3.125579833984375,0.28125,NO,,,
0.3422363060208239,3780,3.125579833984375,0.28125,NO,,,
0.34314169307378906,3790,2.6090965270996094,0.34375,NO,,,
0.34314169307378906,3790,2.6090965270996094,0.34375,NO,,,
0.34314169307378906,3790,2.6090965270996094,0.34375,NO,,,
0.34314169307378906,3790,2.6090965270996094,0.34375,NO,,,
0.34314169307378906,3790,2.6090965270996094,0.34375,NO,,,
0.34314169307378906,3790,2.6090965270996094,0.34375,NO,,,
0.34314169307378906,3790,2.6090965270996094,0.34375,NO,,,
0.34314169307378906,3790,2.6090965270996094,0.34375,NO,,,
0.34314169307378906,3790,2.6090965270996094,0.34375,NO,,,
0.34314169307378906,3790,2.6090965270996094,0.34375,NO,,,
0.34404708012675417,3800,2.6282851696014404,0.3125,NO,,,
0.34404708012675417,3800,2.6282851696014404,0.3125,NO,,,
0.34404708012675417,3800,2.6282851696014404,0.3125,NO,,,
0.34404708012675417,3800,2.6282851696014404,0.3125,NO,,,
0.34404708012675417,3800,2.6282851696014404,0.3125,NO,,,
0.34404708012675417,3800,2.6282851696014404,0.3125,NO,,,
0.34404708012675417,3800,2.6282851696014404,0.3125,NO,,,
0.34404708012675417,3800,2.6282851696014404,0.3125,NO,,,
0.34404708012675417,3800,2.6282851696014404,0.3125,NO,,,
0.34404708012675417,3800,2.6282851696014404,0.3125,NO,,,
0.34495246717971934,3810,2.7485780715942383,0.21875,NO,,,
0.34495246717971934,3810,2.7485780715942383,0.21875,NO,,,
0.34495246717971934,3810,2.7485780715942383,0.21875,NO,,,
0.34495246717971934,3810,2.7485780715942383,0.21875,NO,,,
0.34495246717971934,3810,2.7485780715942383,0.21875,NO,,,
0.34495246717971934,3810,2.7485780715942383,0.21875,NO,,,
0.34495246717971934,3810,2.7485780715942383,0.21875,NO,,,
0.34495246717971934,3810,2.7485780715942383,0.21875,NO,,,
0.34495246717971934,3810,2.7485780715942383,0.21875,NO,,,
0.34495246717971934,3810,2.7485780715942383,0.21875,NO,,,
0.34585785423268445,3820,2.4941062927246094,0.3125,NO,,,
0.34585785423268445,3820,2.4941062927246094,0.3125,NO,,,
0.34585785423268445,3820,2.4941062927246094,0.3125,NO,,,
0.34585785423268445,3820,2.4941062927246094,0.3125,NO,,,
0.34585785423268445,3820,2.4941062927246094,0.3125,NO,,,
0.34585785423268445,3820,2.4941062927246094,0.3125,NO,,,
0.34585785423268445,3820,2.4941062927246094,0.3125,NO,,,
0.34585785423268445,3820,2.4941062927246094,0.3125,NO,,,
0.34585785423268445,3820,2.4941062927246094,0.3125,NO,,,
0.34585785423268445,3820,2.4941062927246094,0.3125,NO,,,
0.3467632412856496,3830,2.368366241455078,0.46875,NO,,,
0.3467632412856496,3830,2.368366241455078,0.46875,NO,,,
0.3467632412856496,3830,2.368366241455078,0.46875,NO,,,
0.3467632412856496,3830,2.368366241455078,0.46875,NO,,,
0.3467632412856496,3830,2.368366241455078,0.46875,NO,,,
0.3467632412856496,3830,2.368366241455078,0.46875,NO,,,
0.3467632412856496,3830,2.368366241455078,0.46875,NO,,,
0.3467632412856496,3830,2.368366241455078,0.46875,NO,,,
0.3467632412856496,3830,2.368366241455078,0.46875,NO,,,
0.3467632412856496,3830,2.368366241455078,0.46875,NO,,,
0.3476686283386148,3840,3.4517135620117188,0.21875,NO,,,
0.3476686283386148,3840,3.4517135620117188,0.21875,NO,,,
0.3476686283386148,3840,3.4517135620117188,0.21875,NO,,,
0.3476686283386148,3840,3.4517135620117188,0.21875,NO,,,
0.3476686283386148,3840,3.4517135620117188,0.21875,NO,,,
0.3476686283386148,3840,3.4517135620117188,0.21875,NO,,,
0.3476686283386148,3840,3.4517135620117188,0.21875,NO,,,
0.3476686283386148,3840,3.4517135620117188,0.21875,NO,,,
0.3476686283386148,3840,3.4517135620117188,0.21875,NO,,,
0.3476686283386148,3840,3.4517135620117188,0.21875,NO,,,
0.3485740153915799,3850,2.4641780853271484,0.28125,NO,,,
0.3485740153915799,3850,2.4641780853271484,0.28125,NO,,,
0.3485740153915799,3850,2.4641780853271484,0.28125,NO,,,
0.3485740153915799,3850,2.4641780853271484,0.28125,NO,,,
0.3485740153915799,3850,2.4641780853271484,0.28125,NO,,,
0.3485740153915799,3850,2.4641780853271484,0.28125,NO,,,
0.3485740153915799,3850,2.4641780853271484,0.28125,NO,,,
0.3485740153915799,3850,2.4641780853271484,0.28125,NO,,,
0.3485740153915799,3850,2.4641780853271484,0.28125,NO,,,
0.3485740153915799,3850,2.4641780853271484,0.28125,NO,,,
0.34947940244454506,3860,4.187823295593262,0.34375,NO,,,
0.34947940244454506,3860,4.187823295593262,0.34375,NO,,,
0.34947940244454506,3860,4.187823295593262,0.34375,NO,,,
0.34947940244454506,3860,4.187823295593262,0.34375,NO,,,
0.34947940244454506,3860,4.187823295593262,0.34375,NO,,,
0.34947940244454506,3860,4.187823295593262,0.34375,NO,,,
0.34947940244454506,3860,4.187823295593262,0.34375,NO,,,
0.34947940244454506,3860,4.187823295593262,0.34375,NO,,,
0.34947940244454506,3860,4.187823295593262,0.34375,NO,,,
0.34947940244454506,3860,4.187823295593262,0.34375,NO,,,
0.3503847894975102,3870,2.814377784729004,0.3125,NO,,,
0.3503847894975102,3870,2.814377784729004,0.3125,NO,,,
0.3503847894975102,3870,2.814377784729004,0.3125,NO,,,
0.3503847894975102,3870,2.814377784729004,0.3125,NO,,,
0.3503847894975102,3870,2.814377784729004,0.3125,NO,,,
0.3503847894975102,3870,2.814377784729004,0.3125,NO,,,
0.3503847894975102,3870,2.814377784729004,0.3125,NO,,,
0.3503847894975102,3870,2.814377784729004,0.3125,NO,,,
0.3503847894975102,3870,2.814377784729004,0.3125,NO,,,
0.3503847894975102,3870,2.814377784729004,0.3125,NO,,,
0.35129017655047534,3880,3.3693180084228516,0.21875,NO,,,
0.35129017655047534,3880,3.3693180084228516,0.21875,NO,,,
0.35129017655047534,3880,3.3693180084228516,0.21875,NO,,,
0.35129017655047534,3880,3.3693180084228516,0.21875,NO,,,
0.35129017655047534,3880,3.3693180084228516,0.21875,NO,,,
0.35129017655047534,3880,3.3693180084228516,0.21875,NO,,,
0.35129017655047534,3880,3.3693180084228516,0.21875,NO,,,
0.35129017655047534,3880,3.3693180084228516,0.21875,NO,,,
0.35129017655047534,3880,3.3693180084228516,0.21875,NO,,,
0.35129017655047534,3880,3.3693180084228516,0.21875,NO,,,
0.35219556360344045,3890,5.922979831695557,0.3125,NO,,,
0.35219556360344045,3890,5.922979831695557,0.3125,NO,,,
0.35219556360344045,3890,5.922979831695557,0.3125,NO,,,
0.35219556360344045,3890,5.922979831695557,0.3125,NO,,,
0.35219556360344045,3890,5.922979831695557,0.3125,NO,,,
0.35219556360344045,3890,5.922979831695557,0.3125,NO,,,
0.35219556360344045,3890,5.922979831695557,0.3125,NO,,,
0.35219556360344045,3890,5.922979831695557,0.3125,NO,,,
0.35219556360344045,3890,5.922979831695557,0.3125,NO,,,
0.35219556360344045,3890,5.922979831695557,0.3125,NO,,,
0.3531009506564056,3900,4.393428802490234,0.34375,NO,,,
0.3531009506564056,3900,4.393428802490234,0.34375,NO,,,
0.3531009506564056,3900,4.393428802490234,0.34375,NO,,,
0.3531009506564056,3900,4.393428802490234,0.34375,NO,,,
0.3531009506564056,3900,4.393428802490234,0.34375,NO,,,
0.3531009506564056,3900,4.393428802490234,0.34375,NO,,,
0.3531009506564056,3900,4.393428802490234,0.34375,NO,,,
0.3531009506564056,3900,4.393428802490234,0.34375,NO,,,
0.3531009506564056,3900,4.393428802490234,0.34375,NO,,,
0.3531009506564056,3900,4.393428802490234,0.34375,NO,,,
0.35400633770937073,3910,3.3510711193084717,0.375,NO,,,
0.35400633770937073,3910,3.3510711193084717,0.375,NO,,,
0.35400633770937073,3910,3.3510711193084717,0.375,NO,,,
0.35400633770937073,3910,3.3510711193084717,0.375,NO,,,
0.35400633770937073,3910,3.3510711193084717,0.375,NO,,,
0.35400633770937073,3910,3.3510711193084717,0.375,NO,,,
0.35400633770937073,3910,3.3510711193084717,0.375,NO,,,
0.35400633770937073,3910,3.3510711193084717,0.375,NO,,,
0.35400633770937073,3910,3.3510711193084717,0.375,NO,,,
0.35400633770937073,3910,3.3510711193084717,0.375,NO,,,
0.3549117247623359,3920,2.911860466003418,0.375,NO,,,
0.3549117247623359,3920,2.911860466003418,0.375,NO,,,
0.3549117247623359,3920,2.911860466003418,0.375,NO,,,
0.3549117247623359,3920,2.911860466003418,0.375,NO,,,
0.3549117247623359,3920,2.911860466003418,0.375,NO,,,
0.3549117247623359,3920,2.911860466003418,0.375,NO,,,
0.3549117247623359,3920,2.911860466003418,0.375,NO,,,
0.3549117247623359,3920,2.911860466003418,0.375,NO,,,
0.3549117247623359,3920,2.911860466003418,0.375,NO,,,
0.3549117247623359,3920,2.911860466003418,0.375,NO,,,
0.35581711181530107,3930,4.250025272369385,0.3125,NO,,,
0.35581711181530107,3930,4.250025272369385,0.3125,NO,,,
0.35581711181530107,3930,4.250025272369385,0.3125,NO,,,
0.35581711181530107,3930,4.250025272369385,0.3125,NO,,,
0.35581711181530107,3930,4.250025272369385,0.3125,NO,,,
0.35581711181530107,3930,4.250025272369385,0.3125,NO,,,
0.35581711181530107,3930,4.250025272369385,0.3125,NO,,,
0.35581711181530107,3930,4.250025272369385,0.3125,NO,,,
0.35581711181530107,3930,4.250025272369385,0.3125,NO,,,
0.35581711181530107,3930,4.250025272369385,0.3125,NO,,,
0.3567224988682662,3940,3.485170364379883,0.4375,NO,,,
0.3567224988682662,3940,3.485170364379883,0.4375,NO,,,
0.3567224988682662,3940,3.485170364379883,0.4375,NO,,,
0.3567224988682662,3940,3.485170364379883,0.4375,NO,,,
0.3567224988682662,3940,3.485170364379883,0.4375,NO,,,
0.3567224988682662,3940,3.485170364379883,0.4375,NO,,,
0.3567224988682662,3940,3.485170364379883,0.4375,NO,,,
0.3567224988682662,3940,3.485170364379883,0.4375,NO,,,
0.3567224988682662,3940,3.485170364379883,0.4375,NO,,,
0.3567224988682662,3940,3.485170364379883,0.4375,NO,,,
0.35762788592123135,3950,3.007035732269287,0.5,NO,,,
0.35762788592123135,3950,3.007035732269287,0.5,NO,,,
0.35762788592123135,3950,3.007035732269287,0.5,NO,,,
0.35762788592123135,3950,3.007035732269287,0.5,NO,,,
0.35762788592123135,3950,3.007035732269287,0.5,NO,,,
0.35762788592123135,3950,3.007035732269287,0.5,NO,,,
0.35762788592123135,3950,3.007035732269287,0.5,NO,,,
0.35762788592123135,3950,3.007035732269287,0.5,NO,,,
0.35762788592123135,3950,3.007035732269287,0.5,NO,,,
0.35762788592123135,3950,3.007035732269287,0.5,NO,,,
0.35853327297419646,3960,3.868058919906616,0.3125,NO,,,
0.35853327297419646,3960,3.868058919906616,0.3125,NO,,,
0.35853327297419646,3960,3.868058919906616,0.3125,NO,,,
0.35853327297419646,3960,3.868058919906616,0.3125,NO,,,
0.35853327297419646,3960,3.868058919906616,0.3125,NO,,,
0.35853327297419646,3960,3.868058919906616,0.3125,NO,,,
0.35853327297419646,3960,3.868058919906616,0.3125,NO,,,
0.35853327297419646,3960,3.868058919906616,0.3125,NO,,,
0.35853327297419646,3960,3.868058919906616,0.3125,NO,,,
0.35853327297419646,3960,3.868058919906616,0.3125,NO,,,
0.3594386600271616,3970,4.912452220916748,0.3125,NO,,,
0.3594386600271616,3970,4.912452220916748,0.3125,NO,,,
0.3594386600271616,3970,4.912452220916748,0.3125,NO,,,
0.3594386600271616,3970,4.912452220916748,0.3125,NO,,,
0.3594386600271616,3970,4.912452220916748,0.3125,NO,,,
0.3594386600271616,3970,4.912452220916748,0.3125,NO,,,
0.3594386600271616,3970,4.912452220916748,0.3125,NO,,,
0.3594386600271616,3970,4.912452220916748,0.3125,NO,,,
0.3594386600271616,3970,4.912452220916748,0.3125,NO,,,
0.3594386600271616,3970,4.912452220916748,0.3125,NO,,,
0.36034404708012674,3980,4.3935136795043945,0.46875,NO,,,
0.36034404708012674,3980,4.3935136795043945,0.46875,NO,,,
0.36034404708012674,3980,4.3935136795043945,0.46875,NO,,,
0.36034404708012674,3980,4.3935136795043945,0.46875,NO,,,
0.36034404708012674,3980,4.3935136795043945,0.46875,NO,,,
0.36034404708012674,3980,4.3935136795043945,0.46875,NO,,,
0.36034404708012674,3980,4.3935136795043945,0.46875,NO,,,
0.36034404708012674,3980,4.3935136795043945,0.46875,NO,,,
0.36034404708012674,3980,4.3935136795043945,0.46875,NO,,,
0.36034404708012674,3980,4.3935136795043945,0.46875,NO,,,
0.3612494341330919,3990,5.918154239654541,0.34375,NO,,,
0.3612494341330919,3990,5.918154239654541,0.34375,NO,,,
0.3612494341330919,3990,5.918154239654541,0.34375,NO,,,
0.3612494341330919,3990,5.918154239654541,0.34375,NO,,,
0.3612494341330919,3990,5.918154239654541,0.34375,NO,,,
0.3612494341330919,3990,5.918154239654541,0.34375,NO,,,
0.3612494341330919,3990,5.918154239654541,0.34375,NO,,,
0.3612494341330919,3990,5.918154239654541,0.34375,NO,,,
0.3612494341330919,3990,5.918154239654541,0.34375,NO,,,
0.3612494341330919,3990,5.918154239654541,0.34375,YES,4.363900661468506,0.33335879806468044,
0.362154821186057,4000,4.176120281219482,0.34375,NO,,,
0.362154821186057,4000,4.176120281219482,0.34375,NO,,,
0.362154821186057,4000,4.176120281219482,0.34375,NO,,,
0.362154821186057,4000,4.176120281219482,0.34375,NO,,,
0.362154821186057,4000,4.176120281219482,0.34375,NO,,,
0.362154821186057,4000,4.176120281219482,0.34375,NO,,,
0.362154821186057,4000,4.176120281219482,0.34375,NO,,,
0.362154821186057,4000,4.176120281219482,0.34375,NO,,,
0.362154821186057,4000,4.176120281219482,0.34375,NO,,,
0.362154821186057,4000,4.176120281219482,0.34375,NO,,,
0.3630602082390222,4010,3.8854503631591797,0.34375,NO,,,
0.3630602082390222,4010,3.8854503631591797,0.34375,NO,,,
0.3630602082390222,4010,3.8854503631591797,0.34375,NO,,,
0.3630602082390222,4010,3.8854503631591797,0.34375,NO,,,
0.3630602082390222,4010,3.8854503631591797,0.34375,NO,,,
0.3630602082390222,4010,3.8854503631591797,0.34375,NO,,,
0.3630602082390222,4010,3.8854503631591797,0.34375,NO,,,
0.3630602082390222,4010,3.8854503631591797,0.34375,NO,,,
0.3630602082390222,4010,3.8854503631591797,0.34375,NO,,,
0.3630602082390222,4010,3.8854503631591797,0.34375,NO,,,
0.3639655952919873,4020,4.588947296142578,0.3125,NO,,,
0.3639655952919873,4020,4.588947296142578,0.3125,NO,,,
0.3639655952919873,4020,4.588947296142578,0.3125,NO,,,
0.3639655952919873,4020,4.588947296142578,0.3125,NO,,,
0.3639655952919873,4020,4.588947296142578,0.3125,NO,,,
0.3639655952919873,4020,4.588947296142578,0.3125,NO,,,
0.3639655952919873,4020,4.588947296142578,0.3125,NO,,,
0.3639655952919873,4020,4.588947296142578,0.3125,NO,,,
0.3639655952919873,4020,4.588947296142578,0.3125,NO,,,
0.3639655952919873,4020,4.588947296142578,0.3125,NO,,,
0.36487098234495247,4030,4.242374897003174,0.40625,NO,,,
0.36487098234495247,4030,4.242374897003174,0.40625,NO,,,
0.36487098234495247,4030,4.242374897003174,0.40625,NO,,,
0.36487098234495247,4030,4.242374897003174,0.40625,NO,,,
0.36487098234495247,4030,4.242374897003174,0.40625,NO,,,
0.36487098234495247,4030,4.242374897003174,0.40625,NO,,,
0.36487098234495247,4030,4.242374897003174,0.40625,NO,,,
0.36487098234495247,4030,4.242374897003174,0.40625,NO,,,
0.36487098234495247,4030,4.242374897003174,0.40625,NO,,,
0.36487098234495247,4030,4.242374897003174,0.40625,NO,,,
0.36577636939791763,4040,2.625936508178711,0.3125,NO,,,
0.36577636939791763,4040,2.625936508178711,0.3125,NO,,,
0.36577636939791763,4040,2.625936508178711,0.3125,NO,,,
0.36577636939791763,4040,2.625936508178711,0.3125,NO,,,
0.36577636939791763,4040,2.625936508178711,0.3125,NO,,,
0.36577636939791763,4040,2.625936508178711,0.3125,NO,,,
0.36577636939791763,4040,2.625936508178711,0.3125,NO,,,
0.36577636939791763,4040,2.625936508178711,0.3125,NO,,,
0.36577636939791763,4040,2.625936508178711,0.3125,NO,,,
0.36577636939791763,4040,2.625936508178711,0.3125,NO,,,
0.36668175645088275,4050,3.3083550930023193,0.1875,NO,,,
0.36668175645088275,4050,3.3083550930023193,0.1875,NO,,,
0.36668175645088275,4050,3.3083550930023193,0.1875,NO,,,
0.36668175645088275,4050,3.3083550930023193,0.1875,NO,,,
0.36668175645088275,4050,3.3083550930023193,0.1875,NO,,,
0.36668175645088275,4050,3.3083550930023193,0.1875,NO,,,
0.36668175645088275,4050,3.3083550930023193,0.1875,NO,,,
0.36668175645088275,4050,3.3083550930023193,0.1875,NO,,,
0.36668175645088275,4050,3.3083550930023193,0.1875,NO,,,
0.36668175645088275,4050,3.3083550930023193,0.1875,NO,,,
0.3675871435038479,4060,3.7929153442382812,0.3125,NO,,,
0.3675871435038479,4060,3.7929153442382812,0.3125,NO,,,
0.3675871435038479,4060,3.7929153442382812,0.3125,NO,,,
0.3675871435038479,4060,3.7929153442382812,0.3125,NO,,,
0.3675871435038479,4060,3.7929153442382812,0.3125,NO,,,
0.3675871435038479,4060,3.7929153442382812,0.3125,NO,,,
0.3675871435038479,4060,3.7929153442382812,0.3125,NO,,,
0.3675871435038479,4060,3.7929153442382812,0.3125,NO,,,
0.3675871435038479,4060,3.7929153442382812,0.3125,NO,,,
0.3675871435038479,4060,3.7929153442382812,0.3125,NO,,,
0.368492530556813,4070,3.199650764465332,0.28125,NO,,,
0.368492530556813,4070,3.199650764465332,0.28125,NO,,,
0.368492530556813,4070,3.199650764465332,0.28125,NO,,,
0.368492530556813,4070,3.199650764465332,0.28125,NO,,,
0.368492530556813,4070,3.199650764465332,0.28125,NO,,,
0.368492530556813,4070,3.199650764465332,0.28125,NO,,,
0.368492530556813,4070,3.199650764465332,0.28125,NO,,,
0.368492530556813,4070,3.199650764465332,0.28125,NO,,,
0.368492530556813,4070,3.199650764465332,0.28125,NO,,,
0.368492530556813,4070,3.199650764465332,0.28125,NO,,,
0.3693979176097782,4080,3.195680618286133,0.3125,NO,,,
0.3693979176097782,4080,3.195680618286133,0.3125,NO,,,
0.3693979176097782,4080,3.195680618286133,0.3125,NO,,,
0.3693979176097782,4080,3.195680618286133,0.3125,NO,,,
0.3693979176097782,4080,3.195680618286133,0.3125,NO,,,
0.3693979176097782,4080,3.195680618286133,0.3125,NO,,,
0.3693979176097782,4080,3.195680618286133,0.3125,NO,,,
0.3693979176097782,4080,3.195680618286133,0.3125,NO,,,
0.3693979176097782,4080,3.195680618286133,0.3125,NO,,,
0.3693979176097782,4080,3.195680618286133,0.3125,NO,,,
0.3703033046627433,4090,2.970400810241699,0.1875,NO,,,
0.3703033046627433,4090,2.970400810241699,0.1875,NO,,,
0.3703033046627433,4090,2.970400810241699,0.1875,NO,,,
0.3703033046627433,4090,2.970400810241699,0.1875,NO,,,
0.3703033046627433,4090,2.970400810241699,0.1875,NO,,,
0.3703033046627433,4090,2.970400810241699,0.1875,NO,,,
0.3703033046627433,4090,2.970400810241699,0.1875,NO,,,
0.3703033046627433,4090,2.970400810241699,0.1875,NO,,,
0.3703033046627433,4090,2.970400810241699,0.1875,NO,,,
0.3703033046627433,4090,2.970400810241699,0.1875,NO,,,
0.37120869171570847,4100,1.7758712768554688,0.3125,NO,,,
0.37120869171570847,4100,1.7758712768554688,0.3125,NO,,,
0.37120869171570847,4100,1.7758712768554688,0.3125,NO,,,
0.37120869171570847,4100,1.7758712768554688,0.3125,NO,,,
0.37120869171570847,4100,1.7758712768554688,0.3125,NO,,,
0.37120869171570847,4100,1.7758712768554688,0.3125,NO,,,
0.37120869171570847,4100,1.7758712768554688,0.3125,NO,,,
0.37120869171570847,4100,1.7758712768554688,0.3125,NO,,,
0.37120869171570847,4100,1.7758712768554688,0.3125,NO,,,
0.37120869171570847,4100,1.7758712768554688,0.3125,NO,,,
0.3721140787686736,4110,2.244352340698242,0.3125,NO,,,
0.3721140787686736,4110,2.244352340698242,0.3125,NO,,,
0.3721140787686736,4110,2.244352340698242,0.3125,NO,,,
0.3721140787686736,4110,2.244352340698242,0.3125,NO,,,
0.3721140787686736,4110,2.244352340698242,0.3125,NO,,,
0.3721140787686736,4110,2.244352340698242,0.3125,NO,,,
0.3721140787686736,4110,2.244352340698242,0.3125,NO,,,
0.3721140787686736,4110,2.244352340698242,0.3125,NO,,,
0.3721140787686736,4110,2.244352340698242,0.3125,NO,,,
0.3721140787686736,4110,2.244352340698242,0.3125,NO,,,
0.37301946582163875,4120,3.7709102630615234,0.3125,NO,,,
0.37301946582163875,4120,3.7709102630615234,0.3125,NO,,,
0.37301946582163875,4120,3.7709102630615234,0.3125,NO,,,
0.37301946582163875,4120,3.7709102630615234,0.3125,NO,,,
0.37301946582163875,4120,3.7709102630615234,0.3125,NO,,,
0.37301946582163875,4120,3.7709102630615234,0.3125,NO,,,
0.37301946582163875,4120,3.7709102630615234,0.3125,NO,,,
0.37301946582163875,4120,3.7709102630615234,0.3125,NO,,,
0.37301946582163875,4120,3.7709102630615234,0.3125,NO,,,
0.37301946582163875,4120,3.7709102630615234,0.3125,NO,,,
0.3739248528746039,4130,2.4543819427490234,0.3125,NO,,,
0.3739248528746039,4130,2.4543819427490234,0.3125,NO,,,
0.3739248528746039,4130,2.4543819427490234,0.3125,NO,,,
0.3739248528746039,4130,2.4543819427490234,0.3125,NO,,,
0.3739248528746039,4130,2.4543819427490234,0.3125,NO,,,
0.3739248528746039,4130,2.4543819427490234,0.3125,NO,,,
0.3739248528746039,4130,2.4543819427490234,0.3125,NO,,,
0.3739248528746039,4130,2.4543819427490234,0.3125,NO,,,
0.3739248528746039,4130,2.4543819427490234,0.3125,NO,,,
0.3739248528746039,4130,2.4543819427490234,0.3125,NO,,,
0.37483023992756903,4140,2.419759750366211,0.25,NO,,,
0.37483023992756903,4140,2.419759750366211,0.25,NO,,,
0.37483023992756903,4140,2.419759750366211,0.25,NO,,,
0.37483023992756903,4140,2.419759750366211,0.25,NO,,,
0.37483023992756903,4140,2.419759750366211,0.25,NO,,,
0.37483023992756903,4140,2.419759750366211,0.25,NO,,,
0.37483023992756903,4140,2.419759750366211,0.25,NO,,,
0.37483023992756903,4140,2.419759750366211,0.25,NO,,,
0.37483023992756903,4140,2.419759750366211,0.25,NO,,,
0.37483023992756903,4140,2.419759750366211,0.25,NO,,,
0.3757356269805342,4150,2.5630111694335938,0.40625,NO,,,
0.3757356269805342,4150,2.5630111694335938,0.40625,NO,,,
0.3757356269805342,4150,2.5630111694335938,0.40625,NO,,,
0.3757356269805342,4150,2.5630111694335938,0.40625,NO,,,
0.3757356269805342,4150,2.5630111694335938,0.40625,NO,,,
0.3757356269805342,4150,2.5630111694335938,0.40625,NO,,,
0.3757356269805342,4150,2.5630111694335938,0.40625,NO,,,
0.3757356269805342,4150,2.5630111694335938,0.40625,NO,,,
0.3757356269805342,4150,2.5630111694335938,0.40625,NO,,,
0.3757356269805342,4150,2.5630111694335938,0.40625,NO,,,
0.3766410140334993,4160,3.0873775482177734,0.3125,NO,,,
0.3766410140334993,4160,3.0873775482177734,0.3125,NO,,,
0.3766410140334993,4160,3.0873775482177734,0.3125,NO,,,
0.3766410140334993,4160,3.0873775482177734,0.3125,NO,,,
0.3766410140334993,4160,3.0873775482177734,0.3125,NO,,,
0.3766410140334993,4160,3.0873775482177734,0.3125,NO,,,
0.3766410140334993,4160,3.0873775482177734,0.3125,NO,,,
0.3766410140334993,4160,3.0873775482177734,0.3125,NO,,,
0.3766410140334993,4160,3.0873775482177734,0.3125,NO,,,
0.3766410140334993,4160,3.0873775482177734,0.3125,NO,,,
0.3775464010864645,4170,2.0763626098632812,0.5,NO,,,
0.3775464010864645,4170,2.0763626098632812,0.5,NO,,,
0.3775464010864645,4170,2.0763626098632812,0.5,NO,,,
0.3775464010864645,4170,2.0763626098632812,0.5,NO,,,
0.3775464010864645,4170,2.0763626098632812,0.5,NO,,,
0.3775464010864645,4170,2.0763626098632812,0.5,NO,,,
0.3775464010864645,4170,2.0763626098632812,0.5,NO,,,
0.3775464010864645,4170,2.0763626098632812,0.5,NO,,,
0.3775464010864645,4170,2.0763626098632812,0.5,NO,,,
0.3775464010864645,4170,2.0763626098632812,0.5,NO,,,
0.3784517881394296,4180,1.9247608184814453,0.4375,NO,,,
0.3784517881394296,4180,1.9247608184814453,0.4375,NO,,,
0.3784517881394296,4180,1.9247608184814453,0.4375,NO,,,
0.3784517881394296,4180,1.9247608184814453,0.4375,NO,,,
0.3784517881394296,4180,1.9247608184814453,0.4375,NO,,,
0.3784517881394296,4180,1.9247608184814453,0.4375,NO,,,
0.3784517881394296,4180,1.9247608184814453,0.4375,NO,,,
0.3784517881394296,4180,1.9247608184814453,0.4375,NO,,,
0.3784517881394296,4180,1.9247608184814453,0.4375,NO,,,
0.3784517881394296,4180,1.9247608184814453,0.4375,NO,,,
0.37935717519239476,4190,3.1332736015319824,0.375,NO,,,
0.37935717519239476,4190,3.1332736015319824,0.375,NO,,,
0.37935717519239476,4190,3.1332736015319824,0.375,NO,,,
0.37935717519239476,4190,3.1332736015319824,0.375,NO,,,
0.37935717519239476,4190,3.1332736015319824,0.375,NO,,,
0.37935717519239476,4190,3.1332736015319824,0.375,NO,,,
0.37935717519239476,4190,3.1332736015319824,0.375,NO,,,
0.37935717519239476,4190,3.1332736015319824,0.375,NO,,,
0.37935717519239476,4190,3.1332736015319824,0.375,NO,,,
0.37935717519239476,4190,3.1332736015319824,0.375,NO,,,
0.38026256224535987,4200,3.4358155727386475,0.4375,NO,,,
0.38026256224535987,4200,3.4358155727386475,0.4375,NO,,,
0.38026256224535987,4200,3.4358155727386475,0.4375,NO,,,
0.38026256224535987,4200,3.4358155727386475,0.4375,NO,,,
0.38026256224535987,4200,3.4358155727386475,0.4375,NO,,,
0.38026256224535987,4200,3.4358155727386475,0.4375,NO,,,
0.38026256224535987,4200,3.4358155727386475,0.4375,NO,,,
0.38026256224535987,4200,3.4358155727386475,0.4375,NO,,,
0.38026256224535987,4200,3.4358155727386475,0.4375,NO,,,
0.38026256224535987,4200,3.4358155727386475,0.4375,NO,,,
0.38116794929832504,4210,2.768198013305664,0.46875,NO,,,
0.38116794929832504,4210,2.768198013305664,0.46875,NO,,,
0.38116794929832504,4210,2.768198013305664,0.46875,NO,,,
0.38116794929832504,4210,2.768198013305664,0.46875,NO,,,
0.38116794929832504,4210,2.768198013305664,0.46875,NO,,,
0.38116794929832504,4210,2.768198013305664,0.46875,NO,,,
0.38116794929832504,4210,2.768198013305664,0.46875,NO,,,
0.38116794929832504,4210,2.768198013305664,0.46875,NO,,,
0.38116794929832504,4210,2.768198013305664,0.46875,NO,,,
0.38116794929832504,4210,2.768198013305664,0.46875,NO,,,
0.38207333635129015,4220,3.0028152465820312,0.28125,NO,,,
0.38207333635129015,4220,3.0028152465820312,0.28125,NO,,,
0.38207333635129015,4220,3.0028152465820312,0.28125,NO,,,
0.38207333635129015,4220,3.0028152465820312,0.28125,NO,,,
0.38207333635129015,4220,3.0028152465820312,0.28125,NO,,,
0.38207333635129015,4220,3.0028152465820312,0.28125,NO,,,
0.38207333635129015,4220,3.0028152465820312,0.28125,NO,,,
0.38207333635129015,4220,3.0028152465820312,0.28125,NO,,,
0.38207333635129015,4220,3.0028152465820312,0.28125,NO,,,
0.38207333635129015,4220,3.0028152465820312,0.28125,NO,,,
0.3829787234042553,4230,3.0552797317504883,0.15625,NO,,,
0.3829787234042553,4230,3.0552797317504883,0.15625,NO,,,
0.3829787234042553,4230,3.0552797317504883,0.15625,NO,,,
0.3829787234042553,4230,3.0552797317504883,0.15625,NO,,,
0.3829787234042553,4230,3.0552797317504883,0.15625,NO,,,
0.3829787234042553,4230,3.0552797317504883,0.15625,NO,,,
0.3829787234042553,4230,3.0552797317504883,0.15625,NO,,,
0.3829787234042553,4230,3.0552797317504883,0.15625,NO,,,
0.3829787234042553,4230,3.0552797317504883,0.15625,NO,,,
0.3829787234042553,4230,3.0552797317504883,0.15625,NO,,,
0.3838841104572205,4240,2.880319595336914,0.1875,NO,,,
0.3838841104572205,4240,2.880319595336914,0.1875,NO,,,
0.3838841104572205,4240,2.880319595336914,0.1875,NO,,,
0.3838841104572205,4240,2.880319595336914,0.1875,NO,,,
0.3838841104572205,4240,2.880319595336914,0.1875,NO,,,
0.3838841104572205,4240,2.880319595336914,0.1875,NO,,,
0.3838841104572205,4240,2.880319595336914,0.1875,NO,,,
0.3838841104572205,4240,2.880319595336914,0.1875,NO,,,
0.3838841104572205,4240,2.880319595336914,0.1875,NO,,,
0.3838841104572205,4240,2.880319595336914,0.1875,NO,,,
0.3847894975101856,4250,2.1667022705078125,0.3125,NO,,,
0.3847894975101856,4250,2.1667022705078125,0.3125,NO,,,
0.3847894975101856,4250,2.1667022705078125,0.3125,NO,,,
0.3847894975101856,4250,2.1667022705078125,0.3125,NO,,,
0.3847894975101856,4250,2.1667022705078125,0.3125,NO,,,
0.3847894975101856,4250,2.1667022705078125,0.3125,NO,,,
0.3847894975101856,4250,2.1667022705078125,0.3125,NO,,,
0.3847894975101856,4250,2.1667022705078125,0.3125,NO,,,
0.3847894975101856,4250,2.1667022705078125,0.3125,NO,,,
0.3847894975101856,4250,2.1667022705078125,0.3125,NO,,,
0.38569488456315076,4260,2.13297700881958,0.4375,NO,,,
0.38569488456315076,4260,2.13297700881958,0.4375,NO,,,
0.38569488456315076,4260,2.13297700881958,0.4375,NO,,,
0.38569488456315076,4260,2.13297700881958,0.4375,NO,,,
0.38569488456315076,4260,2.13297700881958,0.4375,NO,,,
0.38569488456315076,4260,2.13297700881958,0.4375,NO,,,
0.38569488456315076,4260,2.13297700881958,0.4375,NO,,,
0.38569488456315076,4260,2.13297700881958,0.4375,NO,,,
0.38569488456315076,4260,2.13297700881958,0.4375,NO,,,
0.38569488456315076,4260,2.13297700881958,0.4375,NO,,,
0.3866002716161159,4270,3.1381449699401855,0.28125,NO,,,
0.3866002716161159,4270,3.1381449699401855,0.28125,NO,,,
0.3866002716161159,4270,3.1381449699401855,0.28125,NO,,,
0.3866002716161159,4270,3.1381449699401855,0.28125,NO,,,
0.3866002716161159,4270,3.1381449699401855,0.28125,NO,,,
0.3866002716161159,4270,3.1381449699401855,0.28125,NO,,,
0.3866002716161159,4270,3.1381449699401855,0.28125,NO,,,
0.3866002716161159,4270,3.1381449699401855,0.28125,NO,,,
0.3866002716161159,4270,3.1381449699401855,0.28125,NO,,,
0.3866002716161159,4270,3.1381449699401855,0.28125,NO,,,
0.38750565866908104,4280,2.587728500366211,0.34375,NO,,,
0.38750565866908104,4280,2.587728500366211,0.34375,NO,,,
0.38750565866908104,4280,2.587728500366211,0.34375,NO,,,
0.38750565866908104,4280,2.587728500366211,0.34375,NO,,,
0.38750565866908104,4280,2.587728500366211,0.34375,NO,,,
0.38750565866908104,4280,2.587728500366211,0.34375,NO,,,
0.38750565866908104,4280,2.587728500366211,0.34375,NO,,,
0.38750565866908104,4280,2.587728500366211,0.34375,NO,,,
0.38750565866908104,4280,2.587728500366211,0.34375,NO,,,
0.38750565866908104,4280,2.587728500366211,0.34375,NO,,,
0.38841104572204616,4290,2.5348892211914062,0.3125,NO,,,
0.38841104572204616,4290,2.5348892211914062,0.3125,NO,,,
0.38841104572204616,4290,2.5348892211914062,0.3125,NO,,,
0.38841104572204616,4290,2.5348892211914062,0.3125,NO,,,
0.38841104572204616,4290,2.5348892211914062,0.3125,NO,,,
0.38841104572204616,4290,2.5348892211914062,0.3125,NO,,,
0.38841104572204616,4290,2.5348892211914062,0.3125,NO,,,
0.38841104572204616,4290,2.5348892211914062,0.3125,NO,,,
0.38841104572204616,4290,2.5348892211914062,0.3125,NO,,,
0.38841104572204616,4290,2.5348892211914062,0.3125,NO,,,
0.3893164327750113,4300,1.9922466278076172,0.4375,NO,,,
0.3893164327750113,4300,1.9922466278076172,0.4375,NO,,,
0.3893164327750113,4300,1.9922466278076172,0.4375,NO,,,
0.3893164327750113,4300,1.9922466278076172,0.4375,NO,,,
0.3893164327750113,4300,1.9922466278076172,0.4375,NO,,,
0.3893164327750113,4300,1.9922466278076172,0.4375,NO,,,
0.3893164327750113,4300,1.9922466278076172,0.4375,NO,,,
0.3893164327750113,4300,1.9922466278076172,0.4375,NO,,,
0.3893164327750113,4300,1.9922466278076172,0.4375,NO,,,
0.3893164327750113,4300,1.9922466278076172,0.4375,NO,,,
0.39022181982797643,4310,1.4684314727783203,0.53125,NO,,,
0.39022181982797643,4310,1.4684314727783203,0.53125,NO,,,
0.39022181982797643,4310,1.4684314727783203,0.53125,NO,,,
0.39022181982797643,4310,1.4684314727783203,0.53125,NO,,,
0.39022181982797643,4310,1.4684314727783203,0.53125,NO,,,
0.39022181982797643,4310,1.4684314727783203,0.53125,NO,,,
0.39022181982797643,4310,1.4684314727783203,0.53125,NO,,,
0.39022181982797643,4310,1.4684314727783203,0.53125,NO,,,
0.39022181982797643,4310,1.4684314727783203,0.53125,NO,,,
0.39022181982797643,4310,1.4684314727783203,0.53125,NO,,,
0.3911272068809416,4320,1.5101547241210938,0.28125,NO,,,
0.3911272068809416,4320,1.5101547241210938,0.28125,NO,,,
0.3911272068809416,4320,1.5101547241210938,0.28125,NO,,,
0.3911272068809416,4320,1.5101547241210938,0.28125,NO,,,
0.3911272068809416,4320,1.5101547241210938,0.28125,NO,,,
0.3911272068809416,4320,1.5101547241210938,0.28125,NO,,,
0.3911272068809416,4320,1.5101547241210938,0.28125,NO,,,
0.3911272068809416,4320,1.5101547241210938,0.28125,NO,,,
0.3911272068809416,4320,1.5101547241210938,0.28125,NO,,,
0.3911272068809416,4320,1.5101547241210938,0.28125,NO,,,
0.39203259393390677,4330,1.4040298461914062,0.3125,NO,,,
0.39203259393390677,4330,1.4040298461914062,0.3125,NO,,,
0.39203259393390677,4330,1.4040298461914062,0.3125,NO,,,
0.39203259393390677,4330,1.4040298461914062,0.3125,NO,,,
0.39203259393390677,4330,1.4040298461914062,0.3125,NO,,,
0.39203259393390677,4330,1.4040298461914062,0.3125,NO,,,
0.39203259393390677,4330,1.4040298461914062,0.3125,NO,,,
0.39203259393390677,4330,1.4040298461914062,0.3125,NO,,,
0.39203259393390677,4330,1.4040298461914062,0.3125,NO,,,
0.39203259393390677,4330,1.4040298461914062,0.3125,NO,,,
0.3929379809868719,4340,1.5198516845703125,0.28125,NO,,,
0.3929379809868719,4340,1.5198516845703125,0.28125,NO,,,
0.3929379809868719,4340,1.5198516845703125,0.28125,NO,,,
0.3929379809868719,4340,1.5198516845703125,0.28125,NO,,,
0.3929379809868719,4340,1.5198516845703125,0.28125,NO,,,
0.3929379809868719,4340,1.5198516845703125,0.28125,NO,,,
0.3929379809868719,4340,1.5198516845703125,0.28125,NO,,,
0.3929379809868719,4340,1.5198516845703125,0.28125,NO,,,
0.3929379809868719,4340,1.5198516845703125,0.28125,NO,,,
0.3929379809868719,4340,1.5198516845703125,0.28125,NO,,,
0.39384336803983705,4350,1.3895378112792969,0.46875,NO,,,
0.39384336803983705,4350,1.3895378112792969,0.46875,NO,,,
0.39384336803983705,4350,1.3895378112792969,0.46875,NO,,,
0.39384336803983705,4350,1.3895378112792969,0.46875,NO,,,
0.39384336803983705,4350,1.3895378112792969,0.46875,NO,,,
0.39384336803983705,4350,1.3895378112792969,0.46875,NO,,,
0.39384336803983705,4350,1.3895378112792969,0.46875,NO,,,
0.39384336803983705,4350,1.3895378112792969,0.46875,NO,,,
0.39384336803983705,4350,1.3895378112792969,0.46875,NO,,,
0.39384336803983705,4350,1.3895378112792969,0.46875,NO,,,
0.39474875509280216,4360,1.4056153297424316,0.1875,NO,,,
0.39474875509280216,4360,1.4056153297424316,0.1875,NO,,,
0.39474875509280216,4360,1.4056153297424316,0.1875,NO,,,
0.39474875509280216,4360,1.4056153297424316,0.1875,NO,,,
0.39474875509280216,4360,1.4056153297424316,0.1875,NO,,,
0.39474875509280216,4360,1.4056153297424316,0.1875,NO,,,
0.39474875509280216,4360,1.4056153297424316,0.1875,NO,,,
0.39474875509280216,4360,1.4056153297424316,0.1875,NO,,,
0.39474875509280216,4360,1.4056153297424316,0.1875,NO,,,
0.39474875509280216,4360,1.4056153297424316,0.1875,NO,,,
0.39565414214576733,4370,2.7975516319274902,0.21875,NO,,,
0.39565414214576733,4370,2.7975516319274902,0.21875,NO,,,
0.39565414214576733,4370,2.7975516319274902,0.21875,NO,,,
0.39565414214576733,4370,2.7975516319274902,0.21875,NO,,,
0.39565414214576733,4370,2.7975516319274902,0.21875,NO,,,
0.39565414214576733,4370,2.7975516319274902,0.21875,NO,,,
0.39565414214576733,4370,2.7975516319274902,0.21875,NO,,,
0.39565414214576733,4370,2.7975516319274902,0.21875,NO,,,
0.39565414214576733,4370,2.7975516319274902,0.21875,NO,,,
0.39565414214576733,4370,2.7975516319274902,0.21875,NO,,,
0.39655952919873244,4380,1.7951884269714355,0.5,NO,,,
0.39655952919873244,4380,1.7951884269714355,0.5,NO,,,
0.39655952919873244,4380,1.7951884269714355,0.5,NO,,,
0.39655952919873244,4380,1.7951884269714355,0.5,NO,,,
0.39655952919873244,4380,1.7951884269714355,0.5,NO,,,
0.39655952919873244,4380,1.7951884269714355,0.5,NO,,,
0.39655952919873244,4380,1.7951884269714355,0.5,NO,,,
0.39655952919873244,4380,1.7951884269714355,0.5,NO,,,
0.39655952919873244,4380,1.7951884269714355,0.5,NO,,,
0.39655952919873244,4380,1.7951884269714355,0.5,NO,,,
0.3974649162516976,4390,1.9529743194580078,0.40625,NO,,,
0.3974649162516976,4390,1.9529743194580078,0.40625,NO,,,
0.3974649162516976,4390,1.9529743194580078,0.40625,NO,,,
0.3974649162516976,4390,1.9529743194580078,0.40625,NO,,,
0.3974649162516976,4390,1.9529743194580078,0.40625,NO,,,
0.3974649162516976,4390,1.9529743194580078,0.40625,NO,,,
0.3974649162516976,4390,1.9529743194580078,0.40625,NO,,,
0.3974649162516976,4390,1.9529743194580078,0.40625,NO,,,
0.3974649162516976,4390,1.9529743194580078,0.40625,NO,,,
0.3974649162516976,4390,1.9529743194580078,0.40625,NO,,,
0.3983703033046627,4400,2.524209976196289,0.3125,NO,,,
0.3983703033046627,4400,2.524209976196289,0.3125,NO,,,
0.3983703033046627,4400,2.524209976196289,0.3125,NO,,,
0.3983703033046627,4400,2.524209976196289,0.3125,NO,,,
0.3983703033046627,4400,2.524209976196289,0.3125,NO,,,
0.3983703033046627,4400,2.524209976196289,0.3125,NO,,,
0.3983703033046627,4400,2.524209976196289,0.3125,NO,,,
0.3983703033046627,4400,2.524209976196289,0.3125,NO,,,
0.3983703033046627,4400,2.524209976196289,0.3125,NO,,,
0.3983703033046627,4400,2.524209976196289,0.3125,NO,,,
0.3992756903576279,4410,2.2383289337158203,0.46875,NO,,,
0.3992756903576279,4410,2.2383289337158203,0.46875,NO,,,
0.3992756903576279,4410,2.2383289337158203,0.46875,NO,,,
0.3992756903576279,4410,2.2383289337158203,0.46875,NO,,,
0.3992756903576279,4410,2.2383289337158203,0.46875,NO,,,
0.3992756903576279,4410,2.2383289337158203,0.46875,NO,,,
0.3992756903576279,4410,2.2383289337158203,0.46875,NO,,,
0.3992756903576279,4410,2.2383289337158203,0.46875,NO,,,
0.3992756903576279,4410,2.2383289337158203,0.46875,NO,,,
0.3992756903576279,4410,2.2383289337158203,0.46875,NO,,,
0.40018107741059306,4420,1.9533367156982422,0.40625,NO,,,
0.40018107741059306,4420,1.9533367156982422,0.40625,NO,,,
0.40018107741059306,4420,1.9533367156982422,0.40625,NO,,,
0.40018107741059306,4420,1.9533367156982422,0.40625,NO,,,
0.40018107741059306,4420,1.9533367156982422,0.40625,NO,,,
0.40018107741059306,4420,1.9533367156982422,0.40625,NO,,,
0.40018107741059306,4420,1.9533367156982422,0.40625,NO,,,
0.40018107741059306,4420,1.9533367156982422,0.40625,NO,,,
0.40018107741059306,4420,1.9533367156982422,0.40625,NO,,,
0.40018107741059306,4420,1.9533367156982422,0.40625,NO,,,
0.40108646446355817,4430,1.4614753723144531,0.28125,NO,,,
0.40108646446355817,4430,1.4614753723144531,0.28125,NO,,,
0.40108646446355817,4430,1.4614753723144531,0.28125,NO,,,
0.40108646446355817,4430,1.4614753723144531,0.28125,NO,,,
0.40108646446355817,4430,1.4614753723144531,0.28125,NO,,,
0.40108646446355817,4430,1.4614753723144531,0.28125,NO,,,
0.40108646446355817,4430,1.4614753723144531,0.28125,NO,,,
0.40108646446355817,4430,1.4614753723144531,0.28125,NO,,,
0.40108646446355817,4430,1.4614753723144531,0.28125,NO,,,
0.40108646446355817,4430,1.4614753723144531,0.28125,NO,,,
0.40199185151652334,4440,2.517599105834961,0.34375,NO,,,
0.40199185151652334,4440,2.517599105834961,0.34375,NO,,,
0.40199185151652334,4440,2.517599105834961,0.34375,NO,,,
0.40199185151652334,4440,2.517599105834961,0.34375,NO,,,
0.40199185151652334,4440,2.517599105834961,0.34375,NO,,,
0.40199185151652334,4440,2.517599105834961,0.34375,NO,,,
0.40199185151652334,4440,2.517599105834961,0.34375,NO,,,
0.40199185151652334,4440,2.517599105834961,0.34375,NO,,,
0.40199185151652334,4440,2.517599105834961,0.34375,NO,,,
0.40199185151652334,4440,2.517599105834961,0.34375,NO,,,
0.40289723856948845,4450,3.2609469890594482,0.21875,NO,,,
0.40289723856948845,4450,3.2609469890594482,0.21875,NO,,,
0.40289723856948845,4450,3.2609469890594482,0.21875,NO,,,
0.40289723856948845,4450,3.2609469890594482,0.21875,NO,,,
0.40289723856948845,4450,3.2609469890594482,0.21875,NO,,,
0.40289723856948845,4450,3.2609469890594482,0.21875,NO,,,
0.40289723856948845,4450,3.2609469890594482,0.21875,NO,,,
0.40289723856948845,4450,3.2609469890594482,0.21875,NO,,,
0.40289723856948845,4450,3.2609469890594482,0.21875,NO,,,
0.40289723856948845,4450,3.2609469890594482,0.21875,NO,,,
0.4038026256224536,4460,3.3717398643493652,0.3125,NO,,,
0.4038026256224536,4460,3.3717398643493652,0.3125,NO,,,
0.4038026256224536,4460,3.3717398643493652,0.3125,NO,,,
0.4038026256224536,4460,3.3717398643493652,0.3125,NO,,,
0.4038026256224536,4460,3.3717398643493652,0.3125,NO,,,
0.4038026256224536,4460,3.3717398643493652,0.3125,NO,,,
0.4038026256224536,4460,3.3717398643493652,0.3125,NO,,,
0.4038026256224536,4460,3.3717398643493652,0.3125,NO,,,
0.4038026256224536,4460,3.3717398643493652,0.3125,NO,,,
0.4038026256224536,4460,3.3717398643493652,0.3125,NO,,,
0.4047080126754187,4470,3.812500476837158,0.21875,NO,,,
0.4047080126754187,4470,3.812500476837158,0.21875,NO,,,
0.4047080126754187,4470,3.812500476837158,0.21875,NO,,,
0.4047080126754187,4470,3.812500476837158,0.21875,NO,,,
0.4047080126754187,4470,3.812500476837158,0.21875,NO,,,
0.4047080126754187,4470,3.812500476837158,0.21875,NO,,,
0.4047080126754187,4470,3.812500476837158,0.21875,NO,,,
0.4047080126754187,4470,3.812500476837158,0.21875,NO,,,
0.4047080126754187,4470,3.812500476837158,0.21875,NO,,,
0.4047080126754187,4470,3.812500476837158,0.21875,NO,,,
0.4056133997283839,4480,2.232724666595459,0.21875,NO,,,
0.4056133997283839,4480,2.232724666595459,0.21875,NO,,,
0.4056133997283839,4480,2.232724666595459,0.21875,NO,,,
0.4056133997283839,4480,2.232724666595459,0.21875,NO,,,
0.4056133997283839,4480,2.232724666595459,0.21875,NO,,,
0.4056133997283839,4480,2.232724666595459,0.21875,NO,,,
0.4056133997283839,4480,2.232724666595459,0.21875,NO,,,
0.4056133997283839,4480,2.232724666595459,0.21875,NO,,,
0.4056133997283839,4480,2.232724666595459,0.21875,NO,,,
0.4056133997283839,4480,2.232724666595459,0.21875,NO,,,
0.406518786781349,4490,1.7802886962890625,0.46875,NO,,,
0.406518786781349,4490,1.7802886962890625,0.46875,NO,,,
0.406518786781349,4490,1.7802886962890625,0.46875,NO,,,
0.406518786781349,4490,1.7802886962890625,0.46875,NO,,,
0.406518786781349,4490,1.7802886962890625,0.46875,NO,,,
0.406518786781349,4490,1.7802886962890625,0.46875,NO,,,
0.406518786781349,4490,1.7802886962890625,0.46875,NO,,,
0.406518786781349,4490,1.7802886962890625,0.46875,NO,,,
0.406518786781349,4490,1.7802886962890625,0.46875,NO,,,
0.406518786781349,4490,1.7802886962890625,0.46875,NO,,,
0.4074241738343142,4500,2.1148900985717773,0.40625,NO,,,
0.4074241738343142,4500,2.1148900985717773,0.40625,NO,,,
0.4074241738343142,4500,2.1148900985717773,0.40625,NO,,,
0.4074241738343142,4500,2.1148900985717773,0.40625,NO,,,
0.4074241738343142,4500,2.1148900985717773,0.40625,NO,,,
0.4074241738343142,4500,2.1148900985717773,0.40625,NO,,,
0.4074241738343142,4500,2.1148900985717773,0.40625,NO,,,
0.4074241738343142,4500,2.1148900985717773,0.40625,NO,,,
0.4074241738343142,4500,2.1148900985717773,0.40625,NO,,,
0.4074241738343142,4500,2.1148900985717773,0.40625,NO,,,
0.4083295608872793,4510,1.7262401580810547,0.4375,NO,,,
0.4083295608872793,4510,1.7262401580810547,0.4375,NO,,,
0.4083295608872793,4510,1.7262401580810547,0.4375,NO,,,
0.4083295608872793,4510,1.7262401580810547,0.4375,NO,,,
0.4083295608872793,4510,1.7262401580810547,0.4375,NO,,,
0.4083295608872793,4510,1.7262401580810547,0.4375,NO,,,
0.4083295608872793,4510,1.7262401580810547,0.4375,NO,,,
0.4083295608872793,4510,1.7262401580810547,0.4375,NO,,,
0.4083295608872793,4510,1.7262401580810547,0.4375,NO,,,
0.4083295608872793,4510,1.7262401580810547,0.4375,NO,,,
0.40923494794024445,4520,1.9337962865829468,0.375,NO,,,
0.40923494794024445,4520,1.9337962865829468,0.375,NO,,,
0.40923494794024445,4520,1.9337962865829468,0.375,NO,,,
0.40923494794024445,4520,1.9337962865829468,0.375,NO,,,
0.40923494794024445,4520,1.9337962865829468,0.375,NO,,,
0.40923494794024445,4520,1.9337962865829468,0.375,NO,,,
0.40923494794024445,4520,1.9337962865829468,0.375,NO,,,
0.40923494794024445,4520,1.9337962865829468,0.375,NO,,,
0.40923494794024445,4520,1.9337962865829468,0.375,NO,,,
0.40923494794024445,4520,1.9337962865829468,0.375,NO,,,
0.4101403349932096,4530,3.3743159770965576,0.21875,NO,,,
0.4101403349932096,4530,3.3743159770965576,0.21875,NO,,,
0.4101403349932096,4530,3.3743159770965576,0.21875,NO,,,
0.4101403349932096,4530,3.3743159770965576,0.21875,NO,,,
0.4101403349932096,4530,3.3743159770965576,0.21875,NO,,,
0.4101403349932096,4530,3.3743159770965576,0.21875,NO,,,
0.4101403349932096,4530,3.3743159770965576,0.21875,NO,,,
0.4101403349932096,4530,3.3743159770965576,0.21875,NO,,,
0.4101403349932096,4530,3.3743159770965576,0.21875,NO,,,
0.4101403349932096,4530,3.3743159770965576,0.21875,NO,,,
0.41104572204617473,4540,2.10123348236084,0.3125,NO,,,
0.41104572204617473,4540,2.10123348236084,0.3125,NO,,,
0.41104572204617473,4540,2.10123348236084,0.3125,NO,,,
0.41104572204617473,4540,2.10123348236084,0.3125,NO,,,
0.41104572204617473,4540,2.10123348236084,0.3125,NO,,,
0.41104572204617473,4540,2.10123348236084,0.3125,NO,,,
0.41104572204617473,4540,2.10123348236084,0.3125,NO,,,
0.41104572204617473,4540,2.10123348236084,0.3125,NO,,,
0.41104572204617473,4540,2.10123348236084,0.3125,NO,,,
0.41104572204617473,4540,2.10123348236084,0.3125,NO,,,
0.4119511090991399,4550,2.4796409606933594,0.34375,NO,,,
0.4119511090991399,4550,2.4796409606933594,0.34375,NO,,,
0.4119511090991399,4550,2.4796409606933594,0.34375,NO,,,
0.4119511090991399,4550,2.4796409606933594,0.34375,NO,,,
0.4119511090991399,4550,2.4796409606933594,0.34375,NO,,,
0.4119511090991399,4550,2.4796409606933594,0.34375,NO,,,
0.4119511090991399,4550,2.4796409606933594,0.34375,NO,,,
0.4119511090991399,4550,2.4796409606933594,0.34375,NO,,,
0.4119511090991399,4550,2.4796409606933594,0.34375,NO,,,
0.4119511090991399,4550,2.4796409606933594,0.34375,NO,,,
0.412856496152105,4560,2.6091699600219727,0.34375,NO,,,
0.412856496152105,4560,2.6091699600219727,0.34375,NO,,,
0.412856496152105,4560,2.6091699600219727,0.34375,NO,,,
0.412856496152105,4560,2.6091699600219727,0.34375,NO,,,
0.412856496152105,4560,2.6091699600219727,0.34375,NO,,,
0.412856496152105,4560,2.6091699600219727,0.34375,NO,,,
0.412856496152105,4560,2.6091699600219727,0.34375,NO,,,
0.412856496152105,4560,2.6091699600219727,0.34375,NO,,,
0.412856496152105,4560,2.6091699600219727,0.34375,NO,,,
0.412856496152105,4560,2.6091699600219727,0.34375,NO,,,
0.4137618832050702,4570,2.397646427154541,0.25,NO,,,
0.4137618832050702,4570,2.397646427154541,0.25,NO,,,
0.4137618832050702,4570,2.397646427154541,0.25,NO,,,
0.4137618832050702,4570,2.397646427154541,0.25,NO,,,
0.4137618832050702,4570,2.397646427154541,0.25,NO,,,
0.4137618832050702,4570,2.397646427154541,0.25,NO,,,
0.4137618832050702,4570,2.397646427154541,0.25,NO,,,
0.4137618832050702,4570,2.397646427154541,0.25,NO,,,
0.4137618832050702,4570,2.397646427154541,0.25,NO,,,
0.4137618832050702,4570,2.397646427154541,0.25,NO,,,
0.4146672702580353,4580,4.128985404968262,0.34375,NO,,,
0.4146672702580353,4580,4.128985404968262,0.34375,NO,,,
0.4146672702580353,4580,4.128985404968262,0.34375,NO,,,
0.4146672702580353,4580,4.128985404968262,0.34375,NO,,,
0.4146672702580353,4580,4.128985404968262,0.34375,NO,,,
0.4146672702580353,4580,4.128985404968262,0.34375,NO,,,
0.4146672702580353,4580,4.128985404968262,0.34375,NO,,,
0.4146672702580353,4580,4.128985404968262,0.34375,NO,,,
0.4146672702580353,4580,4.128985404968262,0.34375,NO,,,
0.4146672702580353,4580,4.128985404968262,0.34375,NO,,,
0.41557265731100046,4590,2.5126309394836426,0.375,NO,,,
0.41557265731100046,4590,2.5126309394836426,0.375,NO,,,
0.41557265731100046,4590,2.5126309394836426,0.375,NO,,,
0.41557265731100046,4590,2.5126309394836426,0.375,NO,,,
0.41557265731100046,4590,2.5126309394836426,0.375,NO,,,
0.41557265731100046,4590,2.5126309394836426,0.375,NO,,,
0.41557265731100046,4590,2.5126309394836426,0.375,NO,,,
0.41557265731100046,4590,2.5126309394836426,0.375,NO,,,
0.41557265731100046,4590,2.5126309394836426,0.375,NO,,,
0.41557265731100046,4590,2.5126309394836426,0.375,NO,,,
0.41647804436396557,4600,1.2463910579681396,0.375,NO,,,
0.41647804436396557,4600,1.2463910579681396,0.375,NO,,,
0.41647804436396557,4600,1.2463910579681396,0.375,NO,,,
0.41647804436396557,4600,1.2463910579681396,0.375,NO,,,
0.41647804436396557,4600,1.2463910579681396,0.375,NO,,,
0.41647804436396557,4600,1.2463910579681396,0.375,NO,,,
0.41647804436396557,4600,1.2463910579681396,0.375,NO,,,
0.41647804436396557,4600,1.2463910579681396,0.375,NO,,,
0.41647804436396557,4600,1.2463910579681396,0.375,NO,,,
0.41647804436396557,4600,1.2463910579681396,0.375,NO,,,
0.41738343141693074,4610,1.4415512084960938,0.40625,NO,,,
0.41738343141693074,4610,1.4415512084960938,0.40625,NO,,,
0.41738343141693074,4610,1.4415512084960938,0.40625,NO,,,
0.41738343141693074,4610,1.4415512084960938,0.40625,NO,,,
0.41738343141693074,4610,1.4415512084960938,0.40625,NO,,,
0.41738343141693074,4610,1.4415512084960938,0.40625,NO,,,
0.41738343141693074,4610,1.4415512084960938,0.40625,NO,,,
0.41738343141693074,4610,1.4415512084960938,0.40625,NO,,,
0.41738343141693074,4610,1.4415512084960938,0.40625,NO,,,
0.41738343141693074,4610,1.4415512084960938,0.40625,NO,,,
0.4182888184698959,4620,1.7422256469726562,0.375,NO,,,
0.4182888184698959,4620,1.7422256469726562,0.375,NO,,,
0.4182888184698959,4620,1.7422256469726562,0.375,NO,,,
0.4182888184698959,4620,1.7422256469726562,0.375,NO,,,
0.4182888184698959,4620,1.7422256469726562,0.375,NO,,,
0.4182888184698959,4620,1.7422256469726562,0.375,NO,,,
0.4182888184698959,4620,1.7422256469726562,0.375,NO,,,
0.4182888184698959,4620,1.7422256469726562,0.375,NO,,,
0.4182888184698959,4620,1.7422256469726562,0.375,NO,,,
0.4182888184698959,4620,1.7422256469726562,0.375,NO,,,
0.419194205522861,4630,1.3034706115722656,0.25,NO,,,
0.419194205522861,4630,1.3034706115722656,0.25,NO,,,
0.419194205522861,4630,1.3034706115722656,0.25,NO,,,
0.419194205522861,4630,1.3034706115722656,0.25,NO,,,
0.419194205522861,4630,1.3034706115722656,0.25,NO,,,
0.419194205522861,4630,1.3034706115722656,0.25,NO,,,
0.419194205522861,4630,1.3034706115722656,0.25,NO,,,
0.419194205522861,4630,1.3034706115722656,0.25,NO,,,
0.419194205522861,4630,1.3034706115722656,0.25,NO,,,
0.419194205522861,4630,1.3034706115722656,0.25,NO,,,
0.4200995925758262,4640,1.9752254486083984,0.34375,NO,,,
0.4200995925758262,4640,1.9752254486083984,0.34375,NO,,,
0.4200995925758262,4640,1.9752254486083984,0.34375,NO,,,
0.4200995925758262,4640,1.9752254486083984,0.34375,NO,,,
0.4200995925758262,4640,1.9752254486083984,0.34375,NO,,,
0.4200995925758262,4640,1.9752254486083984,0.34375,NO,,,
0.4200995925758262,4640,1.9752254486083984,0.34375,NO,,,
0.4200995925758262,4640,1.9752254486083984,0.34375,NO,,,
0.4200995925758262,4640,1.9752254486083984,0.34375,NO,,,
0.4200995925758262,4640,1.9752254486083984,0.34375,NO,,,
0.4210049796287913,4650,2.5658493041992188,0.375,NO,,,
0.4210049796287913,4650,2.5658493041992188,0.375,NO,,,
0.4210049796287913,4650,2.5658493041992188,0.375,NO,,,
0.4210049796287913,4650,2.5658493041992188,0.375,NO,,,
0.4210049796287913,4650,2.5658493041992188,0.375,NO,,,
0.4210049796287913,4650,2.5658493041992188,0.375,NO,,,
0.4210049796287913,4650,2.5658493041992188,0.375,NO,,,
0.4210049796287913,4650,2.5658493041992188,0.375,NO,,,
0.4210049796287913,4650,2.5658493041992188,0.375,NO,,,
0.4210049796287913,4650,2.5658493041992188,0.375,NO,,,
0.42191036668175647,4660,2.4340877532958984,0.40625,NO,,,
0.42191036668175647,4660,2.4340877532958984,0.40625,NO,,,
0.42191036668175647,4660,2.4340877532958984,0.40625,NO,,,
0.42191036668175647,4660,2.4340877532958984,0.40625,NO,,,
0.42191036668175647,4660,2.4340877532958984,0.40625,NO,,,
0.42191036668175647,4660,2.4340877532958984,0.40625,NO,,,
0.42191036668175647,4660,2.4340877532958984,0.40625,NO,,,
0.42191036668175647,4660,2.4340877532958984,0.40625,NO,,,
0.42191036668175647,4660,2.4340877532958984,0.40625,NO,,,
0.42191036668175647,4660,2.4340877532958984,0.40625,NO,,,
0.4228157537347216,4670,1.5522871017456055,0.4375,NO,,,
0.4228157537347216,4670,1.5522871017456055,0.4375,NO,,,
0.4228157537347216,4670,1.5522871017456055,0.4375,NO,,,
0.4228157537347216,4670,1.5522871017456055,0.4375,NO,,,
0.4228157537347216,4670,1.5522871017456055,0.4375,NO,,,
0.4228157537347216,4670,1.5522871017456055,0.4375,NO,,,
0.4228157537347216,4670,1.5522871017456055,0.4375,NO,,,
0.4228157537347216,4670,1.5522871017456055,0.4375,NO,,,
0.4228157537347216,4670,1.5522871017456055,0.4375,NO,,,
0.4228157537347216,4670,1.5522871017456055,0.4375,NO,,,
0.42372114078768675,4680,1.6503934860229492,0.3125,NO,,,
0.42372114078768675,4680,1.6503934860229492,0.3125,NO,,,
0.42372114078768675,4680,1.6503934860229492,0.3125,NO,,,
0.42372114078768675,4680,1.6503934860229492,0.3125,NO,,,
0.42372114078768675,4680,1.6503934860229492,0.3125,NO,,,
0.42372114078768675,4680,1.6503934860229492,0.3125,NO,,,
0.42372114078768675,4680,1.6503934860229492,0.3125,NO,,,
0.42372114078768675,4680,1.6503934860229492,0.3125,NO,,,
0.42372114078768675,4680,1.6503934860229492,0.3125,NO,,,
0.42372114078768675,4680,1.6503934860229492,0.3125,NO,,,
0.42462652784065186,4690,1.7473440170288086,0.3125,NO,,,
0.42462652784065186,4690,1.7473440170288086,0.3125,NO,,,
0.42462652784065186,4690,1.7473440170288086,0.3125,NO,,,
0.42462652784065186,4690,1.7473440170288086,0.3125,NO,,,
0.42462652784065186,4690,1.7473440170288086,0.3125,NO,,,
0.42462652784065186,4690,1.7473440170288086,0.3125,NO,,,
0.42462652784065186,4690,1.7473440170288086,0.3125,NO,,,
0.42462652784065186,4690,1.7473440170288086,0.3125,NO,,,
0.42462652784065186,4690,1.7473440170288086,0.3125,NO,,,
0.42462652784065186,4690,1.7473440170288086,0.3125,NO,,,
0.425531914893617,4700,1.4828414916992188,0.3125,NO,,,
0.425531914893617,4700,1.4828414916992188,0.3125,NO,,,
0.425531914893617,4700,1.4828414916992188,0.3125,NO,,,
0.425531914893617,4700,1.4828414916992188,0.3125,NO,,,
0.425531914893617,4700,1.4828414916992188,0.3125,NO,,,
0.425531914893617,4700,1.4828414916992188,0.3125,NO,,,
0.425531914893617,4700,1.4828414916992188,0.3125,NO,,,
0.425531914893617,4700,1.4828414916992188,0.3125,NO,,,
0.425531914893617,4700,1.4828414916992188,0.3125,NO,,,
0.425531914893617,4700,1.4828414916992188,0.3125,NO,,,
0.42643730194658214,4710,1.802236557006836,0.40625,NO,,,
0.42643730194658214,4710,1.802236557006836,0.40625,NO,,,
0.42643730194658214,4710,1.802236557006836,0.40625,NO,,,
0.42643730194658214,4710,1.802236557006836,0.40625,NO,,,
0.42643730194658214,4710,1.802236557006836,0.40625,NO,,,
0.42643730194658214,4710,1.802236557006836,0.40625,NO,,,
0.42643730194658214,4710,1.802236557006836,0.40625,NO,,,
0.42643730194658214,4710,1.802236557006836,0.40625,NO,,,
0.42643730194658214,4710,1.802236557006836,0.40625,NO,,,
0.42643730194658214,4710,1.802236557006836,0.40625,NO,,,
0.4273426889995473,4720,1.2633991241455078,0.375,NO,,,
0.4273426889995473,4720,1.2633991241455078,0.375,NO,,,
0.4273426889995473,4720,1.2633991241455078,0.375,NO,,,
0.4273426889995473,4720,1.2633991241455078,0.375,NO,,,
0.4273426889995473,4720,1.2633991241455078,0.375,NO,,,
0.4273426889995473,4720,1.2633991241455078,0.375,NO,,,
0.4273426889995473,4720,1.2633991241455078,0.375,NO,,,
0.4273426889995473,4720,1.2633991241455078,0.375,NO,,,
0.4273426889995473,4720,1.2633991241455078,0.375,NO,,,
0.4273426889995473,4720,1.2633991241455078,0.375,NO,,,
0.42824807605251247,4730,1.736495018005371,0.5625,NO,,,
0.42824807605251247,4730,1.736495018005371,0.5625,NO,,,
0.42824807605251247,4730,1.736495018005371,0.5625,NO,,,
0.42824807605251247,4730,1.736495018005371,0.5625,NO,,,
0.42824807605251247,4730,1.736495018005371,0.5625,NO,,,
0.42824807605251247,4730,1.736495018005371,0.5625,NO,,,
0.42824807605251247,4730,1.736495018005371,0.5625,NO,,,
0.42824807605251247,4730,1.736495018005371,0.5625,NO,,,
0.42824807605251247,4730,1.736495018005371,0.5625,NO,,,
0.42824807605251247,4730,1.736495018005371,0.5625,NO,,,
0.4291534631054776,4740,1.7583999633789062,0.375,NO,,,
0.4291534631054776,4740,1.7583999633789062,0.375,NO,,,
0.4291534631054776,4740,1.7583999633789062,0.375,NO,,,
0.4291534631054776,4740,1.7583999633789062,0.375,NO,,,
0.4291534631054776,4740,1.7583999633789062,0.375,NO,,,
0.4291534631054776,4740,1.7583999633789062,0.375,NO,,,
0.4291534631054776,4740,1.7583999633789062,0.375,NO,,,
0.4291534631054776,4740,1.7583999633789062,0.375,NO,,,
0.4291534631054776,4740,1.7583999633789062,0.375,NO,,,
0.4291534631054776,4740,1.7583999633789062,0.375,NO,,,
0.43005885015844275,4750,1.7789688110351562,0.34375,NO,,,
0.43005885015844275,4750,1.7789688110351562,0.34375,NO,,,
0.43005885015844275,4750,1.7789688110351562,0.34375,NO,,,
0.43005885015844275,4750,1.7789688110351562,0.34375,NO,,,
0.43005885015844275,4750,1.7789688110351562,0.34375,NO,,,
0.43005885015844275,4750,1.7789688110351562,0.34375,NO,,,
0.43005885015844275,4750,1.7789688110351562,0.34375,NO,,,
0.43005885015844275,4750,1.7789688110351562,0.34375,NO,,,
0.43005885015844275,4750,1.7789688110351562,0.34375,NO,,,
0.43005885015844275,4750,1.7789688110351562,0.34375,NO,,,
0.43096423721140786,4760,1.3308296203613281,0.25,NO,,,
0.43096423721140786,4760,1.3308296203613281,0.25,NO,,,
0.43096423721140786,4760,1.3308296203613281,0.25,NO,,,
0.43096423721140786,4760,1.3308296203613281,0.25,NO,,,
0.43096423721140786,4760,1.3308296203613281,0.25,NO,,,
0.43096423721140786,4760,1.3308296203613281,0.25,NO,,,
0.43096423721140786,4760,1.3308296203613281,0.25,NO,,,
0.43096423721140786,4760,1.3308296203613281,0.25,NO,,,
0.43096423721140786,4760,1.3308296203613281,0.25,NO,,,
0.43096423721140786,4760,1.3308296203613281,0.25,NO,,,
0.43186962426437303,4770,1.8557395935058594,0.1875,NO,,,
0.43186962426437303,4770,1.8557395935058594,0.1875,NO,,,
0.43186962426437303,4770,1.8557395935058594,0.1875,NO,,,
0.43186962426437303,4770,1.8557395935058594,0.1875,NO,,,
0.43186962426437303,4770,1.8557395935058594,0.1875,NO,,,
0.43186962426437303,4770,1.8557395935058594,0.1875,NO,,,
0.43186962426437303,4770,1.8557395935058594,0.1875,NO,,,
0.43186962426437303,4770,1.8557395935058594,0.1875,NO,,,
0.43186962426437303,4770,1.8557395935058594,0.1875,NO,,,
0.43186962426437303,4770,1.8557395935058594,0.1875,NO,,,
0.43277501131733814,4780,3.6426963806152344,0.28125,NO,,,
0.43277501131733814,4780,3.6426963806152344,0.28125,NO,,,
0.43277501131733814,4780,3.6426963806152344,0.28125,NO,,,
0.43277501131733814,4780,3.6426963806152344,0.28125,NO,,,
0.43277501131733814,4780,3.6426963806152344,0.28125,NO,,,
0.43277501131733814,4780,3.6426963806152344,0.28125,NO,,,
0.43277501131733814,4780,3.6426963806152344,0.28125,NO,,,
0.43277501131733814,4780,3.6426963806152344,0.28125,NO,,,
0.43277501131733814,4780,3.6426963806152344,0.28125,NO,,,
0.43277501131733814,4780,3.6426963806152344,0.28125,NO,,,
0.4336803983703033,4790,3.6686573028564453,0.28125,NO,,,
0.4336803983703033,4790,3.6686573028564453,0.28125,NO,,,
0.4336803983703033,4790,3.6686573028564453,0.28125,NO,,,
0.4336803983703033,4790,3.6686573028564453,0.28125,NO,,,
0.4336803983703033,4790,3.6686573028564453,0.28125,NO,,,
0.4336803983703033,4790,3.6686573028564453,0.28125,NO,,,
0.4336803983703033,4790,3.6686573028564453,0.28125,NO,,,
0.4336803983703033,4790,3.6686573028564453,0.28125,NO,,,
0.4336803983703033,4790,3.6686573028564453,0.28125,NO,,,
0.4336803983703033,4790,3.6686573028564453,0.28125,NO,,,
0.4345857854232684,4800,3.0228443145751953,0.3125,NO,,,
0.4345857854232684,4800,3.0228443145751953,0.3125,NO,,,
0.4345857854232684,4800,3.0228443145751953,0.3125,NO,,,
0.4345857854232684,4800,3.0228443145751953,0.3125,NO,,,
0.4345857854232684,4800,3.0228443145751953,0.3125,NO,,,
0.4345857854232684,4800,3.0228443145751953,0.3125,NO,,,
0.4345857854232684,4800,3.0228443145751953,0.3125,NO,,,
0.4345857854232684,4800,3.0228443145751953,0.3125,NO,,,
0.4345857854232684,4800,3.0228443145751953,0.3125,NO,,,
0.4345857854232684,4800,3.0228443145751953,0.3125,NO,,,
0.4354911724762336,4810,3.7167816162109375,0.40625,NO,,,
0.4354911724762336,4810,3.7167816162109375,0.40625,NO,,,
0.4354911724762336,4810,3.7167816162109375,0.40625,NO,,,
0.4354911724762336,4810,3.7167816162109375,0.40625,NO,,,
0.4354911724762336,4810,3.7167816162109375,0.40625,NO,,,
0.4354911724762336,4810,3.7167816162109375,0.40625,NO,,,
0.4354911724762336,4810,3.7167816162109375,0.40625,NO,,,
0.4354911724762336,4810,3.7167816162109375,0.40625,NO,,,
0.4354911724762336,4810,3.7167816162109375,0.40625,NO,,,
0.4354911724762336,4810,3.7167816162109375,0.40625,NO,,,
0.43639655952919876,4820,4.575557708740234,0.40625,NO,,,
0.43639655952919876,4820,4.575557708740234,0.40625,NO,,,
0.43639655952919876,4820,4.575557708740234,0.40625,NO,,,
0.43639655952919876,4820,4.575557708740234,0.40625,NO,,,
0.43639655952919876,4820,4.575557708740234,0.40625,NO,,,
0.43639655952919876,4820,4.575557708740234,0.40625,NO,,,
0.43639655952919876,4820,4.575557708740234,0.40625,NO,,,
0.43639655952919876,4820,4.575557708740234,0.40625,NO,,,
0.43639655952919876,4820,4.575557708740234,0.40625,NO,,,
0.43639655952919876,4820,4.575557708740234,0.40625,NO,,,
0.43730194658216387,4830,6.0938568115234375,0.34375,NO,,,
0.43730194658216387,4830,6.0938568115234375,0.34375,NO,,,
0.43730194658216387,4830,6.0938568115234375,0.34375,NO,,,
0.43730194658216387,4830,6.0938568115234375,0.34375,NO,,,
0.43730194658216387,4830,6.0938568115234375,0.34375,NO,,,
0.43730194658216387,4830,6.0938568115234375,0.34375,NO,,,
0.43730194658216387,4830,6.0938568115234375,0.34375,NO,,,
0.43730194658216387,4830,6.0938568115234375,0.34375,NO,,,
0.43730194658216387,4830,6.0938568115234375,0.34375,NO,,,
0.43730194658216387,4830,6.0938568115234375,0.34375,NO,,,
0.43820733363512904,4840,4.20479679107666,0.21875,NO,,,
0.43820733363512904,4840,4.20479679107666,0.21875,NO,,,
0.43820733363512904,4840,4.20479679107666,0.21875,NO,,,
0.43820733363512904,4840,4.20479679107666,0.21875,NO,,,
0.43820733363512904,4840,4.20479679107666,0.21875,NO,,,
0.43820733363512904,4840,4.20479679107666,0.21875,NO,,,
0.43820733363512904,4840,4.20479679107666,0.21875,NO,,,
0.43820733363512904,4840,4.20479679107666,0.21875,NO,,,
0.43820733363512904,4840,4.20479679107666,0.21875,NO,,,
0.43820733363512904,4840,4.20479679107666,0.21875,NO,,,
0.43911272068809415,4850,5.2581305503845215,0.28125,NO,,,
0.43911272068809415,4850,5.2581305503845215,0.28125,NO,,,
0.43911272068809415,4850,5.2581305503845215,0.28125,NO,,,
0.43911272068809415,4850,5.2581305503845215,0.28125,NO,,,
0.43911272068809415,4850,5.2581305503845215,0.28125,NO,,,
0.43911272068809415,4850,5.2581305503845215,0.28125,NO,,,
0.43911272068809415,4850,5.2581305503845215,0.28125,NO,,,
0.43911272068809415,4850,5.2581305503845215,0.28125,NO,,,
0.43911272068809415,4850,5.2581305503845215,0.28125,NO,,,
0.43911272068809415,4850,5.2581305503845215,0.28125,NO,,,
0.4400181077410593,4860,4.650764465332031,0.375,NO,,,
0.4400181077410593,4860,4.650764465332031,0.375,NO,,,
0.4400181077410593,4860,4.650764465332031,0.375,NO,,,
0.4400181077410593,4860,4.650764465332031,0.375,NO,,,
0.4400181077410593,4860,4.650764465332031,0.375,NO,,,
0.4400181077410593,4860,4.650764465332031,0.375,NO,,,
0.4400181077410593,4860,4.650764465332031,0.375,NO,,,
0.4400181077410593,4860,4.650764465332031,0.375,NO,,,
0.4400181077410593,4860,4.650764465332031,0.375,NO,,,
0.4400181077410593,4860,4.650764465332031,0.375,NO,,,
0.44092349479402443,4870,5.398252487182617,0.28125,NO,,,
0.44092349479402443,4870,5.398252487182617,0.28125,NO,,,
0.44092349479402443,4870,5.398252487182617,0.28125,NO,,,
0.44092349479402443,4870,5.398252487182617,0.28125,NO,,,
0.44092349479402443,4870,5.398252487182617,0.28125,NO,,,
0.44092349479402443,4870,5.398252487182617,0.28125,NO,,,
0.44092349479402443,4870,5.398252487182617,0.28125,NO,,,
0.44092349479402443,4870,5.398252487182617,0.28125,NO,,,
0.44092349479402443,4870,5.398252487182617,0.28125,NO,,,
0.44092349479402443,4870,5.398252487182617,0.28125,NO,,,
0.4418288818469896,4880,3.196784734725952,0.3125,NO,,,
0.4418288818469896,4880,3.196784734725952,0.3125,NO,,,
0.4418288818469896,4880,3.196784734725952,0.3125,NO,,,
0.4418288818469896,4880,3.196784734725952,0.3125,NO,,,
0.4418288818469896,4880,3.196784734725952,0.3125,NO,,,
0.4418288818469896,4880,3.196784734725952,0.3125,NO,,,
0.4418288818469896,4880,3.196784734725952,0.3125,NO,,,
0.4418288818469896,4880,3.196784734725952,0.3125,NO,,,
0.4418288818469896,4880,3.196784734725952,0.3125,NO,,,
0.4418288818469896,4880,3.196784734725952,0.3125,NO,,,
0.4427342688999547,4890,3.3944358825683594,0.40625,NO,,,
0.4427342688999547,4890,3.3944358825683594,0.40625,NO,,,
0.4427342688999547,4890,3.3944358825683594,0.40625,NO,,,
0.4427342688999547,4890,3.3944358825683594,0.40625,NO,,,
0.4427342688999547,4890,3.3944358825683594,0.40625,NO,,,
0.4427342688999547,4890,3.3944358825683594,0.40625,NO,,,
0.4427342688999547,4890,3.3944358825683594,0.40625,NO,,,
0.4427342688999547,4890,3.3944358825683594,0.40625,NO,,,
0.4427342688999547,4890,3.3944358825683594,0.40625,NO,,,
0.4427342688999547,4890,3.3944358825683594,0.40625,NO,,,
0.4436396559529199,4900,1.7979669570922852,0.46875,NO,,,
0.4436396559529199,4900,1.7979669570922852,0.46875,NO,,,
0.4436396559529199,4900,1.7979669570922852,0.46875,NO,,,
0.4436396559529199,4900,1.7979669570922852,0.46875,NO,,,
0.4436396559529199,4900,1.7979669570922852,0.46875,NO,,,
0.4436396559529199,4900,1.7979669570922852,0.46875,NO,,,
0.4436396559529199,4900,1.7979669570922852,0.46875,NO,,,
0.4436396559529199,4900,1.7979669570922852,0.46875,NO,,,
0.4436396559529199,4900,1.7979669570922852,0.46875,NO,,,
0.4436396559529199,4900,1.7979669570922852,0.46875,NO,,,
0.44454504300588504,4910,3.038759231567383,0.40625,NO,,,
0.44454504300588504,4910,3.038759231567383,0.40625,NO,,,
0.44454504300588504,4910,3.038759231567383,0.40625,NO,,,
0.44454504300588504,4910,3.038759231567383,0.40625,NO,,,
0.44454504300588504,4910,3.038759231567383,0.40625,NO,,,
0.44454504300588504,4910,3.038759231567383,0.40625,NO,,,
0.44454504300588504,4910,3.038759231567383,0.40625,NO,,,
0.44454504300588504,4910,3.038759231567383,0.40625,NO,,,
0.44454504300588504,4910,3.038759231567383,0.40625,NO,,,
0.44454504300588504,4910,3.038759231567383,0.40625,NO,,,
0.44545043005885016,4920,6.656833171844482,0.21875,NO,,,
0.44545043005885016,4920,6.656833171844482,0.21875,NO,,,
0.44545043005885016,4920,6.656833171844482,0.21875,NO,,,
0.44545043005885016,4920,6.656833171844482,0.21875,NO,,,
0.44545043005885016,4920,6.656833171844482,0.21875,NO,,,
0.44545043005885016,4920,6.656833171844482,0.21875,NO,,,
0.44545043005885016,4920,6.656833171844482,0.21875,NO,,,
0.44545043005885016,4920,6.656833171844482,0.21875,NO,,,
0.44545043005885016,4920,6.656833171844482,0.21875,NO,,,
0.44545043005885016,4920,6.656833171844482,0.21875,NO,,,
0.4463558171118153,4930,5.290865898132324,0.21875,NO,,,
0.4463558171118153,4930,5.290865898132324,0.21875,NO,,,
0.4463558171118153,4930,5.290865898132324,0.21875,NO,,,
0.4463558171118153,4930,5.290865898132324,0.21875,NO,,,
0.4463558171118153,4930,5.290865898132324,0.21875,NO,,,
0.4463558171118153,4930,5.290865898132324,0.21875,NO,,,
0.4463558171118153,4930,5.290865898132324,0.21875,NO,,,
0.4463558171118153,4930,5.290865898132324,0.21875,NO,,,
0.4463558171118153,4930,5.290865898132324,0.21875,NO,,,
0.4463558171118153,4930,5.290865898132324,0.21875,NO,,,
0.44726120416478043,4940,4.658334732055664,0.28125,NO,,,
0.44726120416478043,4940,4.658334732055664,0.28125,NO,,,
0.44726120416478043,4940,4.658334732055664,0.28125,NO,,,
0.44726120416478043,4940,4.658334732055664,0.28125,NO,,,
0.44726120416478043,4940,4.658334732055664,0.28125,NO,,,
0.44726120416478043,4940,4.658334732055664,0.28125,NO,,,
0.44726120416478043,4940,4.658334732055664,0.28125,NO,,,
0.44726120416478043,4940,4.658334732055664,0.28125,NO,,,
0.44726120416478043,4940,4.658334732055664,0.28125,NO,,,
0.44726120416478043,4940,4.658334732055664,0.28125,NO,,,
0.4481665912177456,4950,3.0884811878204346,0.25,NO,,,
0.4481665912177456,4950,3.0884811878204346,0.25,NO,,,
0.4481665912177456,4950,3.0884811878204346,0.25,NO,,,
0.4481665912177456,4950,3.0884811878204346,0.25,NO,,,
0.4481665912177456,4950,3.0884811878204346,0.25,NO,,,
0.4481665912177456,4950,3.0884811878204346,0.25,NO,,,
0.4481665912177456,4950,3.0884811878204346,0.25,NO,,,
0.4481665912177456,4950,3.0884811878204346,0.25,NO,,,
0.4481665912177456,4950,3.0884811878204346,0.25,NO,,,
0.4481665912177456,4950,3.0884811878204346,0.25,NO,,,
0.4490719782707107,4960,2.0587940216064453,0.3125,NO,,,
0.4490719782707107,4960,2.0587940216064453,0.3125,NO,,,
0.4490719782707107,4960,2.0587940216064453,0.3125,NO,,,
0.4490719782707107,4960,2.0587940216064453,0.3125,NO,,,
0.4490719782707107,4960,2.0587940216064453,0.3125,NO,,,
0.4490719782707107,4960,2.0587940216064453,0.3125,NO,,,
0.4490719782707107,4960,2.0587940216064453,0.3125,NO,,,
0.4490719782707107,4960,2.0587940216064453,0.3125,NO,,,
0.4490719782707107,4960,2.0587940216064453,0.3125,NO,,,
0.4490719782707107,4960,2.0587940216064453,0.3125,NO,,,
0.4499773653236759,4970,2.0148990154266357,0.40625,NO,,,
0.4499773653236759,4970,2.0148990154266357,0.40625,NO,,,
0.4499773653236759,4970,2.0148990154266357,0.40625,NO,,,
0.4499773653236759,4970,2.0148990154266357,0.40625,NO,,,
0.4499773653236759,4970,2.0148990154266357,0.40625,NO,,,
0.4499773653236759,4970,2.0148990154266357,0.40625,NO,,,
0.4499773653236759,4970,2.0148990154266357,0.40625,NO,,,
0.4499773653236759,4970,2.0148990154266357,0.40625,NO,,,
0.4499773653236759,4970,2.0148990154266357,0.40625,NO,,,
0.4499773653236759,4970,2.0148990154266357,0.40625,NO,,,
0.450882752376641,4980,3.5672378540039062,0.28125,NO,,,
0.450882752376641,4980,3.5672378540039062,0.28125,NO,,,
0.450882752376641,4980,3.5672378540039062,0.28125,NO,,,
0.450882752376641,4980,3.5672378540039062,0.28125,NO,,,
0.450882752376641,4980,3.5672378540039062,0.28125,NO,,,
0.450882752376641,4980,3.5672378540039062,0.28125,NO,,,
0.450882752376641,4980,3.5672378540039062,0.28125,NO,,,
0.450882752376641,4980,3.5672378540039062,0.28125,NO,,,
0.450882752376641,4980,3.5672378540039062,0.28125,NO,,,
0.450882752376641,4980,3.5672378540039062,0.28125,NO,,,
0.45178813942960616,4990,4.418617248535156,0.34375,NO,,,
0.45178813942960616,4990,4.418617248535156,0.34375,NO,,,
0.45178813942960616,4990,4.418617248535156,0.34375,NO,,,
0.45178813942960616,4990,4.418617248535156,0.34375,NO,,,
0.45178813942960616,4990,4.418617248535156,0.34375,NO,,,
0.45178813942960616,4990,4.418617248535156,0.34375,NO,,,
0.45178813942960616,4990,4.418617248535156,0.34375,NO,,,
0.45178813942960616,4990,4.418617248535156,0.34375,NO,,,
0.45178813942960616,4990,4.418617248535156,0.34375,NO,,,
0.45178813942960616,4990,4.418617248535156,0.34375,YES,2.8278419971466064,0.33488668194550547,2.704782509803772
0.4526935264825713,5000,2.782876968383789,0.25,NO,,,
0.4526935264825713,5000,2.782876968383789,0.25,NO,,,
0.4526935264825713,5000,2.782876968383789,0.25,NO,,,
0.4526935264825713,5000,2.782876968383789,0.25,NO,,,
0.4526935264825713,5000,2.782876968383789,0.25,NO,,,
0.4526935264825713,5000,2.782876968383789,0.25,NO,,,
0.4526935264825713,5000,2.782876968383789,0.25,NO,,,
0.4526935264825713,5000,2.782876968383789,0.25,NO,,,
0.4526935264825713,5000,2.782876968383789,0.25,NO,,,
0.4526935264825713,5000,2.782876968383789,0.25,NO,,,
0.45359891353553644,5010,2.5787582397460938,0.25,NO,,,
0.45359891353553644,5010,2.5787582397460938,0.25,NO,,,
0.45359891353553644,5010,2.5787582397460938,0.25,NO,,,
0.45359891353553644,5010,2.5787582397460938,0.25,NO,,,
0.45359891353553644,5010,2.5787582397460938,0.25,NO,,,
0.45359891353553644,5010,2.5787582397460938,0.25,NO,,,
0.45359891353553644,5010,2.5787582397460938,0.25,NO,,,
0.45359891353553644,5010,2.5787582397460938,0.25,NO,,,
0.45359891353553644,5010,2.5787582397460938,0.25,NO,,,
0.45359891353553644,5010,2.5787582397460938,0.25,NO,,,
0.4545043005885016,5020,2.495260238647461,0.3125,NO,,,
0.4545043005885016,5020,2.495260238647461,0.3125,NO,,,
0.4545043005885016,5020,2.495260238647461,0.3125,NO,,,
0.4545043005885016,5020,2.495260238647461,0.3125,NO,,,
0.4545043005885016,5020,2.495260238647461,0.3125,NO,,,
0.4545043005885016,5020,2.495260238647461,0.3125,NO,,,
0.4545043005885016,5020,2.495260238647461,0.3125,NO,,,
0.4545043005885016,5020,2.495260238647461,0.3125,NO,,,
0.4545043005885016,5020,2.495260238647461,0.3125,NO,,,
0.4545043005885016,5020,2.495260238647461,0.3125,NO,,,
0.4554096876414667,5030,3.4328455924987793,0.25,NO,,,
0.4554096876414667,5030,3.4328455924987793,0.25,NO,,,
0.4554096876414667,5030,3.4328455924987793,0.25,NO,,,
0.4554096876414667,5030,3.4328455924987793,0.25,NO,,,
0.4554096876414667,5030,3.4328455924987793,0.25,NO,,,
0.4554096876414667,5030,3.4328455924987793,0.25,NO,,,
0.4554096876414667,5030,3.4328455924987793,0.25,NO,,,
0.4554096876414667,5030,3.4328455924987793,0.25,NO,,,
0.4554096876414667,5030,3.4328455924987793,0.25,NO,,,
0.4554096876414667,5030,3.4328455924987793,0.25,NO,,,
0.4563150746944319,5040,3.2283077239990234,0.46875,NO,,,
0.4563150746944319,5040,3.2283077239990234,0.46875,NO,,,
0.4563150746944319,5040,3.2283077239990234,0.46875,NO,,,
0.4563150746944319,5040,3.2283077239990234,0.46875,NO,,,
0.4563150746944319,5040,3.2283077239990234,0.46875,NO,,,
0.4563150746944319,5040,3.2283077239990234,0.46875,NO,,,
0.4563150746944319,5040,3.2283077239990234,0.46875,NO,,,
0.4563150746944319,5040,3.2283077239990234,0.46875,NO,,,
0.4563150746944319,5040,3.2283077239990234,0.46875,NO,,,
0.4563150746944319,5040,3.2283077239990234,0.46875,NO,,,
0.457220461747397,5050,2.9067001342773438,0.375,NO,,,
0.457220461747397,5050,2.9067001342773438,0.375,NO,,,
0.457220461747397,5050,2.9067001342773438,0.375,NO,,,
0.457220461747397,5050,2.9067001342773438,0.375,NO,,,
0.457220461747397,5050,2.9067001342773438,0.375,NO,,,
0.457220461747397,5050,2.9067001342773438,0.375,NO,,,
0.457220461747397,5050,2.9067001342773438,0.375,NO,,,
0.457220461747397,5050,2.9067001342773438,0.375,NO,,,
0.457220461747397,5050,2.9067001342773438,0.375,NO,,,
0.457220461747397,5050,2.9067001342773438,0.375,NO,,,
0.45812584880036217,5060,2.130995750427246,0.4375,NO,,,
0.45812584880036217,5060,2.130995750427246,0.4375,NO,,,
0.45812584880036217,5060,2.130995750427246,0.4375,NO,,,
0.45812584880036217,5060,2.130995750427246,0.4375,NO,,,
0.45812584880036217,5060,2.130995750427246,0.4375,NO,,,
0.45812584880036217,5060,2.130995750427246,0.4375,NO,,,
0.45812584880036217,5060,2.130995750427246,0.4375,NO,,,
0.45812584880036217,5060,2.130995750427246,0.4375,NO,,,
0.45812584880036217,5060,2.130995750427246,0.4375,NO,,,
0.45812584880036217,5060,2.130995750427246,0.4375,NO,,,
0.4590312358533273,5070,3.1222681999206543,0.4375,NO,,,
0.4590312358533273,5070,3.1222681999206543,0.4375,NO,,,
0.4590312358533273,5070,3.1222681999206543,0.4375,NO,,,
0.4590312358533273,5070,3.1222681999206543,0.4375,NO,,,
0.4590312358533273,5070,3.1222681999206543,0.4375,NO,,,
0.4590312358533273,5070,3.1222681999206543,0.4375,NO,,,
0.4590312358533273,5070,3.1222681999206543,0.4375,NO,,,
0.4590312358533273,5070,3.1222681999206543,0.4375,NO,,,
0.4590312358533273,5070,3.1222681999206543,0.4375,NO,,,
0.4590312358533273,5070,3.1222681999206543,0.4375,NO,,,
0.45993662290629245,5080,1.960123062133789,0.25,NO,,,
0.45993662290629245,5080,1.960123062133789,0.25,NO,,,
0.45993662290629245,5080,1.960123062133789,0.25,NO,,,
0.45993662290629245,5080,1.960123062133789,0.25,NO,,,
0.45993662290629245,5080,1.960123062133789,0.25,NO,,,
0.45993662290629245,5080,1.960123062133789,0.25,NO,,,
0.45993662290629245,5080,1.960123062133789,0.25,NO,,,
0.45993662290629245,5080,1.960123062133789,0.25,NO,,,
0.45993662290629245,5080,1.960123062133789,0.25,NO,,,
0.45993662290629245,5080,1.960123062133789,0.25,NO,,,
0.46084200995925756,5090,2.7629451751708984,0.25,NO,,,
0.46084200995925756,5090,2.7629451751708984,0.25,NO,,,
0.46084200995925756,5090,2.7629451751708984,0.25,NO,,,
0.46084200995925756,5090,2.7629451751708984,0.25,NO,,,
0.46084200995925756,5090,2.7629451751708984,0.25,NO,,,
0.46084200995925756,5090,2.7629451751708984,0.25,NO,,,
0.46084200995925756,5090,2.7629451751708984,0.25,NO,,,
0.46084200995925756,5090,2.7629451751708984,0.25,NO,,,
0.46084200995925756,5090,2.7629451751708984,0.25,NO,,,
0.46084200995925756,5090,2.7629451751708984,0.25,NO,,,
0.4617473970122227,5100,3.557063102722168,0.34375,NO,,,
0.4617473970122227,5100,3.557063102722168,0.34375,NO,,,
0.4617473970122227,5100,3.557063102722168,0.34375,NO,,,
0.4617473970122227,5100,3.557063102722168,0.34375,NO,,,
0.4617473970122227,5100,3.557063102722168,0.34375,NO,,,
0.4617473970122227,5100,3.557063102722168,0.34375,NO,,,
0.4617473970122227,5100,3.557063102722168,0.34375,NO,,,
0.4617473970122227,5100,3.557063102722168,0.34375,NO,,,
0.4617473970122227,5100,3.557063102722168,0.34375,NO,,,
0.4617473970122227,5100,3.557063102722168,0.34375,NO,,,
0.4626527840651879,5110,2.2655975818634033,0.34375,NO,,,
0.4626527840651879,5110,2.2655975818634033,0.34375,NO,,,
0.4626527840651879,5110,2.2655975818634033,0.34375,NO,,,
0.4626527840651879,5110,2.2655975818634033,0.34375,NO,,,
0.4626527840651879,5110,2.2655975818634033,0.34375,NO,,,
0.4626527840651879,5110,2.2655975818634033,0.34375,NO,,,
0.4626527840651879,5110,2.2655975818634033,0.34375,NO,,,
0.4626527840651879,5110,2.2655975818634033,0.34375,NO,,,
0.4626527840651879,5110,2.2655975818634033,0.34375,NO,,,
0.4626527840651879,5110,2.2655975818634033,0.34375,NO,,,
0.463558171118153,5120,1.8274106979370117,0.53125,NO,,,
0.463558171118153,5120,1.8274106979370117,0.53125,NO,,,
0.463558171118153,5120,1.8274106979370117,0.53125,NO,,,
0.463558171118153,5120,1.8274106979370117,0.53125,NO,,,
0.463558171118153,5120,1.8274106979370117,0.53125,NO,,,
0.463558171118153,5120,1.8274106979370117,0.53125,NO,,,
0.463558171118153,5120,1.8274106979370117,0.53125,NO,,,
0.463558171118153,5120,1.8274106979370117,0.53125,NO,,,
0.463558171118153,5120,1.8274106979370117,0.53125,NO,,,
0.463558171118153,5120,1.8274106979370117,0.53125,NO,,,
0.4644635581711182,5130,3.940524101257324,0.34375,NO,,,
0.4644635581711182,5130,3.940524101257324,0.34375,NO,,,
0.4644635581711182,5130,3.940524101257324,0.34375,NO,,,
0.4644635581711182,5130,3.940524101257324,0.34375,NO,,,
0.4644635581711182,5130,3.940524101257324,0.34375,NO,,,
0.4644635581711182,5130,3.940524101257324,0.34375,NO,,,
0.4644635581711182,5130,3.940524101257324,0.34375,NO,,,
0.4644635581711182,5130,3.940524101257324,0.34375,NO,,,
0.4644635581711182,5130,3.940524101257324,0.34375,NO,,,
0.4644635581711182,5130,3.940524101257324,0.34375,NO,,,
0.4653689452240833,5140,2.735445976257324,0.5,NO,,,
0.4653689452240833,5140,2.735445976257324,0.5,NO,,,
0.4653689452240833,5140,2.735445976257324,0.5,NO,,,
0.4653689452240833,5140,2.735445976257324,0.5,NO,,,
0.4653689452240833,5140,2.735445976257324,0.5,NO,,,
0.4653689452240833,5140,2.735445976257324,0.5,NO,,,
0.4653689452240833,5140,2.735445976257324,0.5,NO,,,
0.4653689452240833,5140,2.735445976257324,0.5,NO,,,
0.4653689452240833,5140,2.735445976257324,0.5,NO,,,
0.4653689452240833,5140,2.735445976257324,0.5,NO,,,
0.46627433227704845,5150,4.4339399337768555,0.25,NO,,,
0.46627433227704845,5150,4.4339399337768555,0.25,NO,,,
0.46627433227704845,5150,4.4339399337768555,0.25,NO,,,
0.46627433227704845,5150,4.4339399337768555,0.25,NO,,,
0.46627433227704845,5150,4.4339399337768555,0.25,NO,,,
0.46627433227704845,5150,4.4339399337768555,0.25,NO,,,
0.46627433227704845,5150,4.4339399337768555,0.25,NO,,,
0.46627433227704845,5150,4.4339399337768555,0.25,NO,,,
0.46627433227704845,5150,4.4339399337768555,0.25,NO,,,
0.46627433227704845,5150,4.4339399337768555,0.25,NO,,,
0.46717971933001357,5160,4.642367362976074,0.1875,NO,,,
0.46717971933001357,5160,4.642367362976074,0.1875,NO,,,
0.46717971933001357,5160,4.642367362976074,0.1875,NO,,,
0.46717971933001357,5160,4.642367362976074,0.1875,NO,,,
0.46717971933001357,5160,4.642367362976074,0.1875,NO,,,
0.46717971933001357,5160,4.642367362976074,0.1875,NO,,,
0.46717971933001357,5160,4.642367362976074,0.1875,NO,,,
0.46717971933001357,5160,4.642367362976074,0.1875,NO,,,
0.46717971933001357,5160,4.642367362976074,0.1875,NO,,,
0.46717971933001357,5160,4.642367362976074,0.1875,NO,,,
0.46808510638297873,5170,4.39690637588501,0.28125,NO,,,
0.46808510638297873,5170,4.39690637588501,0.28125,NO,,,
0.46808510638297873,5170,4.39690637588501,0.28125,NO,,,
0.46808510638297873,5170,4.39690637588501,0.28125,NO,,,
0.46808510638297873,5170,4.39690637588501,0.28125,NO,,,
0.46808510638297873,5170,4.39690637588501,0.28125,NO,,,
0.46808510638297873,5170,4.39690637588501,0.28125,NO,,,
0.46808510638297873,5170,4.39690637588501,0.28125,NO,,,
0.46808510638297873,5170,4.39690637588501,0.28125,NO,,,
0.46808510638297873,5170,4.39690637588501,0.28125,NO,,,
0.46899049343594384,5180,5.036313056945801,0.25,NO,,,
0.46899049343594384,5180,5.036313056945801,0.25,NO,,,
0.46899049343594384,5180,5.036313056945801,0.25,NO,,,
0.46899049343594384,5180,5.036313056945801,0.25,NO,,,
0.46899049343594384,5180,5.036313056945801,0.25,NO,,,
0.46899049343594384,5180,5.036313056945801,0.25,NO,,,
0.46899049343594384,5180,5.036313056945801,0.25,NO,,,
0.46899049343594384,5180,5.036313056945801,0.25,NO,,,
0.46899049343594384,5180,5.036313056945801,0.25,NO,,,
0.46899049343594384,5180,5.036313056945801,0.25,NO,,,
0.469895880488909,5190,6.255363464355469,0.21875,NO,,,
0.469895880488909,5190,6.255363464355469,0.21875,NO,,,
0.469895880488909,5190,6.255363464355469,0.21875,NO,,,
0.469895880488909,5190,6.255363464355469,0.21875,NO,,,
0.469895880488909,5190,6.255363464355469,0.21875,NO,,,
0.469895880488909,5190,6.255363464355469,0.21875,NO,,,
0.469895880488909,5190,6.255363464355469,0.21875,NO,,,
0.469895880488909,5190,6.255363464355469,0.21875,NO,,,
0.469895880488909,5190,6.255363464355469,0.21875,NO,,,
0.469895880488909,5190,6.255363464355469,0.21875,NO,,,
0.4708012675418741,5200,5.195474624633789,0.375,NO,,,
0.4708012675418741,5200,5.195474624633789,0.375,NO,,,
0.4708012675418741,5200,5.195474624633789,0.375,NO,,,
0.4708012675418741,5200,5.195474624633789,0.375,NO,,,
0.4708012675418741,5200,5.195474624633789,0.375,NO,,,
0.4708012675418741,5200,5.195474624633789,0.375,NO,,,
0.4708012675418741,5200,5.195474624633789,0.375,NO,,,
0.4708012675418741,5200,5.195474624633789,0.375,NO,,,
0.4708012675418741,5200,5.195474624633789,0.375,NO,,,
0.4708012675418741,5200,5.195474624633789,0.375,NO,,,
0.4717066545948393,5210,5.879509449005127,0.375,NO,,,
0.4717066545948393,5210,5.879509449005127,0.375,NO,,,
0.4717066545948393,5210,5.879509449005127,0.375,NO,,,
0.4717066545948393,5210,5.879509449005127,0.375,NO,,,
0.4717066545948393,5210,5.879509449005127,0.375,NO,,,
0.4717066545948393,5210,5.879509449005127,0.375,NO,,,
0.4717066545948393,5210,5.879509449005127,0.375,NO,,,
0.4717066545948393,5210,5.879509449005127,0.375,NO,,,
0.4717066545948393,5210,5.879509449005127,0.375,NO,,,
0.4717066545948393,5210,5.879509449005127,0.375,NO,,,
0.47261204164780446,5220,5.5903849601745605,0.21875,NO,,,
0.47261204164780446,5220,5.5903849601745605,0.21875,NO,,,
0.47261204164780446,5220,5.5903849601745605,0.21875,NO,,,
0.47261204164780446,5220,5.5903849601745605,0.21875,NO,,,
0.47261204164780446,5220,5.5903849601745605,0.21875,NO,,,
0.47261204164780446,5220,5.5903849601745605,0.21875,NO,,,
0.47261204164780446,5220,5.5903849601745605,0.21875,NO,,,
0.47261204164780446,5220,5.5903849601745605,0.21875,NO,,,
0.47261204164780446,5220,5.5903849601745605,0.21875,NO,,,
0.47261204164780446,5220,5.5903849601745605,0.21875,NO,,,
0.47351742870076957,5230,3.9481258392333984,0.375,NO,,,
0.47351742870076957,5230,3.9481258392333984,0.375,NO,,,
0.47351742870076957,5230,3.9481258392333984,0.375,NO,,,
0.47351742870076957,5230,3.9481258392333984,0.375,NO,,,
0.47351742870076957,5230,3.9481258392333984,0.375,NO,,,
0.47351742870076957,5230,3.9481258392333984,0.375,NO,,,
0.47351742870076957,5230,3.9481258392333984,0.375,NO,,,
0.47351742870076957,5230,3.9481258392333984,0.375,NO,,,
0.47351742870076957,5230,3.9481258392333984,0.375,NO,,,
0.47351742870076957,5230,3.9481258392333984,0.375,NO,,,
0.47442281575373474,5240,3.182966709136963,0.28125,NO,,,
0.47442281575373474,5240,3.182966709136963,0.28125,NO,,,
0.47442281575373474,5240,3.182966709136963,0.28125,NO,,,
0.47442281575373474,5240,3.182966709136963,0.28125,NO,,,
0.47442281575373474,5240,3.182966709136963,0.28125,NO,,,
0.47442281575373474,5240,3.182966709136963,0.28125,NO,,,
0.47442281575373474,5240,3.182966709136963,0.28125,NO,,,
0.47442281575373474,5240,3.182966709136963,0.28125,NO,,,
0.47442281575373474,5240,3.182966709136963,0.28125,NO,,,
0.47442281575373474,5240,3.182966709136963,0.28125,NO,,,
0.47532820280669985,5250,3.3602542877197266,0.34375,NO,,,
0.47532820280669985,5250,3.3602542877197266,0.34375,NO,,,
0.47532820280669985,5250,3.3602542877197266,0.34375,NO,,,
0.47532820280669985,5250,3.3602542877197266,0.34375,NO,,,
0.47532820280669985,5250,3.3602542877197266,0.34375,NO,,,
0.47532820280669985,5250,3.3602542877197266,0.34375,NO,,,
0.47532820280669985,5250,3.3602542877197266,0.34375,NO,,,
0.47532820280669985,5250,3.3602542877197266,0.34375,NO,,,
0.47532820280669985,5250,3.3602542877197266,0.34375,NO,,,
0.47532820280669985,5250,3.3602542877197266,0.34375,NO,,,
0.476233589859665,5260,7.1773152351379395,0.28125,NO,,,
0.476233589859665,5260,7.1773152351379395,0.28125,NO,,,
0.476233589859665,5260,7.1773152351379395,0.28125,NO,,,
0.476233589859665,5260,7.1773152351379395,0.28125,NO,,,
0.476233589859665,5260,7.1773152351379395,0.28125,NO,,,
0.476233589859665,5260,7.1773152351379395,0.28125,NO,,,
0.476233589859665,5260,7.1773152351379395,0.28125,NO,,,
0.476233589859665,5260,7.1773152351379395,0.28125,NO,,,
0.476233589859665,5260,7.1773152351379395,0.28125,NO,,,
0.476233589859665,5260,7.1773152351379395,0.28125,NO,,,
0.47713897691263013,5270,5.048411846160889,0.34375,NO,,,
0.47713897691263013,5270,5.048411846160889,0.34375,NO,,,
0.47713897691263013,5270,5.048411846160889,0.34375,NO,,,
0.47713897691263013,5270,5.048411846160889,0.34375,NO,,,
0.47713897691263013,5270,5.048411846160889,0.34375,NO,,,
0.47713897691263013,5270,5.048411846160889,0.34375,NO,,,
0.47713897691263013,5270,5.048411846160889,0.34375,NO,,,
0.47713897691263013,5270,5.048411846160889,0.34375,NO,,,
0.47713897691263013,5270,5.048411846160889,0.34375,NO,,,
0.47713897691263013,5270,5.048411846160889,0.34375,NO,,,
0.4780443639655953,5280,2.9634628295898438,0.4375,NO,,,
0.4780443639655953,5280,2.9634628295898438,0.4375,NO,,,
0.4780443639655953,5280,2.9634628295898438,0.4375,NO,,,
0.4780443639655953,5280,2.9634628295898438,0.4375,NO,,,
0.4780443639655953,5280,2.9634628295898438,0.4375,NO,,,
0.4780443639655953,5280,2.9634628295898438,0.4375,NO,,,
0.4780443639655953,5280,2.9634628295898438,0.4375,NO,,,
0.4780443639655953,5280,2.9634628295898438,0.4375,NO,,,
0.4780443639655953,5280,2.9634628295898438,0.4375,NO,,,
0.4780443639655953,5280,2.9634628295898438,0.4375,NO,,,
0.4789497510185604,5290,2.6357171535491943,0.46875,NO,,,
0.4789497510185604,5290,2.6357171535491943,0.46875,NO,,,
0.4789497510185604,5290,2.6357171535491943,0.46875,NO,,,
0.4789497510185604,5290,2.6357171535491943,0.46875,NO,,,
0.4789497510185604,5290,2.6357171535491943,0.46875,NO,,,
0.4789497510185604,5290,2.6357171535491943,0.46875,NO,,,
0.4789497510185604,5290,2.6357171535491943,0.46875,NO,,,
0.4789497510185604,5290,2.6357171535491943,0.46875,NO,,,
0.4789497510185604,5290,2.6357171535491943,0.46875,NO,,,
0.4789497510185604,5290,2.6357171535491943,0.46875,NO,,,
0.4798551380715256,5300,4.29071044921875,0.3125,NO,,,
0.4798551380715256,5300,4.29071044921875,0.3125,NO,,,
0.4798551380715256,5300,4.29071044921875,0.3125,NO,,,
0.4798551380715256,5300,4.29071044921875,0.3125,NO,,,
0.4798551380715256,5300,4.29071044921875,0.3125,NO,,,
0.4798551380715256,5300,4.29071044921875,0.3125,NO,,,
0.4798551380715256,5300,4.29071044921875,0.3125,NO,,,
0.4798551380715256,5300,4.29071044921875,0.3125,NO,,,
0.4798551380715256,5300,4.29071044921875,0.3125,NO,,,
0.4798551380715256,5300,4.29071044921875,0.3125,NO,,,
0.48076052512449075,5310,4.5157952308654785,0.5,NO,,,
0.48076052512449075,5310,4.5157952308654785,0.5,NO,,,
0.48076052512449075,5310,4.5157952308654785,0.5,NO,,,
0.48076052512449075,5310,4.5157952308654785,0.5,NO,,,
0.48076052512449075,5310,4.5157952308654785,0.5,NO,,,
0.48076052512449075,5310,4.5157952308654785,0.5,NO,,,
0.48076052512449075,5310,4.5157952308654785,0.5,NO,,,
0.48076052512449075,5310,4.5157952308654785,0.5,NO,,,
0.48076052512449075,5310,4.5157952308654785,0.5,NO,,,
0.48076052512449075,5310,4.5157952308654785,0.5,NO,,,
0.48166591217745586,5320,3.689211130142212,0.3125,NO,,,
0.48166591217745586,5320,3.689211130142212,0.3125,NO,,,
0.48166591217745586,5320,3.689211130142212,0.3125,NO,,,
0.48166591217745586,5320,3.689211130142212,0.3125,NO,,,
0.48166591217745586,5320,3.689211130142212,0.3125,NO,,,
0.48166591217745586,5320,3.689211130142212,0.3125,NO,,,
0.48166591217745586,5320,3.689211130142212,0.3125,NO,,,
0.48166591217745586,5320,3.689211130142212,0.3125,NO,,,
0.48166591217745586,5320,3.689211130142212,0.3125,NO,,,
0.48166591217745586,5320,3.689211130142212,0.3125,NO,,,
0.482571299230421,5330,4.390017986297607,0.375,NO,,,
0.482571299230421,5330,4.390017986297607,0.375,NO,,,
0.482571299230421,5330,4.390017986297607,0.375,NO,,,
0.482571299230421,5330,4.390017986297607,0.375,NO,,,
0.482571299230421,5330,4.390017986297607,0.375,NO,,,
0.482571299230421,5330,4.390017986297607,0.375,NO,,,
0.482571299230421,5330,4.390017986297607,0.375,NO,,,
0.482571299230421,5330,4.390017986297607,0.375,NO,,,
0.482571299230421,5330,4.390017986297607,0.375,NO,,,
0.482571299230421,5330,4.390017986297607,0.375,NO,,,
0.48347668628338614,5340,1.7200665473937988,0.375,NO,,,
0.48347668628338614,5340,1.7200665473937988,0.375,NO,,,
0.48347668628338614,5340,1.7200665473937988,0.375,NO,,,
0.48347668628338614,5340,1.7200665473937988,0.375,NO,,,
0.48347668628338614,5340,1.7200665473937988,0.375,NO,,,
0.48347668628338614,5340,1.7200665473937988,0.375,NO,,,
0.48347668628338614,5340,1.7200665473937988,0.375,NO,,,
0.48347668628338614,5340,1.7200665473937988,0.375,NO,,,
0.48347668628338614,5340,1.7200665473937988,0.375,NO,,,
0.48347668628338614,5340,1.7200665473937988,0.375,NO,,,
0.4843820733363513,5350,2.1303558349609375,0.375,NO,,,
0.4843820733363513,5350,2.1303558349609375,0.375,NO,,,
0.4843820733363513,5350,2.1303558349609375,0.375,NO,,,
0.4843820733363513,5350,2.1303558349609375,0.375,NO,,,
0.4843820733363513,5350,2.1303558349609375,0.375,NO,,,
0.4843820733363513,5350,2.1303558349609375,0.375,NO,,,
0.4843820733363513,5350,2.1303558349609375,0.375,NO,,,
0.4843820733363513,5350,2.1303558349609375,0.375,NO,,,
0.4843820733363513,5350,2.1303558349609375,0.375,NO,,,
0.4843820733363513,5350,2.1303558349609375,0.375,NO,,,
0.4852874603893164,5360,1.9899177551269531,0.28125,NO,,,
0.4852874603893164,5360,1.9899177551269531,0.28125,NO,,,
0.4852874603893164,5360,1.9899177551269531,0.28125,NO,,,
0.4852874603893164,5360,1.9899177551269531,0.28125,NO,,,
0.4852874603893164,5360,1.9899177551269531,0.28125,NO,,,
0.4852874603893164,5360,1.9899177551269531,0.28125,NO,,,
0.4852874603893164,5360,1.9899177551269531,0.28125,NO,,,
0.4852874603893164,5360,1.9899177551269531,0.28125,NO,,,
0.4852874603893164,5360,1.9899177551269531,0.28125,NO,,,
0.4852874603893164,5360,1.9899177551269531,0.28125,NO,,,
0.4861928474422816,5370,3.209315061569214,0.375,NO,,,
0.4861928474422816,5370,3.209315061569214,0.375,NO,,,
0.4861928474422816,5370,3.209315061569214,0.375,NO,,,
0.4861928474422816,5370,3.209315061569214,0.375,NO,,,
0.4861928474422816,5370,3.209315061569214,0.375,NO,,,
0.4861928474422816,5370,3.209315061569214,0.375,NO,,,
0.4861928474422816,5370,3.209315061569214,0.375,NO,,,
0.4861928474422816,5370,3.209315061569214,0.375,NO,,,
0.4861928474422816,5370,3.209315061569214,0.375,NO,,,
0.4861928474422816,5370,3.209315061569214,0.375,NO,,,
0.4870982344952467,5380,2.7267675399780273,0.3125,NO,,,
0.4870982344952467,5380,2.7267675399780273,0.3125,NO,,,
0.4870982344952467,5380,2.7267675399780273,0.3125,NO,,,
0.4870982344952467,5380,2.7267675399780273,0.3125,NO,,,
0.4870982344952467,5380,2.7267675399780273,0.3125,NO,,,
0.4870982344952467,5380,2.7267675399780273,0.3125,NO,,,
0.4870982344952467,5380,2.7267675399780273,0.3125,NO,,,
0.4870982344952467,5380,2.7267675399780273,0.3125,NO,,,
0.4870982344952467,5380,2.7267675399780273,0.3125,NO,,,
0.4870982344952467,5380,2.7267675399780273,0.3125,NO,,,
0.48800362154821186,5390,5.725520610809326,0.28125,NO,,,
0.48800362154821186,5390,5.725520610809326,0.28125,NO,,,
0.48800362154821186,5390,5.725520610809326,0.28125,NO,,,
0.48800362154821186,5390,5.725520610809326,0.28125,NO,,,
0.48800362154821186,5390,5.725520610809326,0.28125,NO,,,
0.48800362154821186,5390,5.725520610809326,0.28125,NO,,,
0.48800362154821186,5390,5.725520610809326,0.28125,NO,,,
0.48800362154821186,5390,5.725520610809326,0.28125,NO,,,
0.48800362154821186,5390,5.725520610809326,0.28125,NO,,,
0.48800362154821186,5390,5.725520610809326,0.28125,NO,,,
0.48890900860117703,5400,3.0727176666259766,0.34375,NO,,,
0.48890900860117703,5400,3.0727176666259766,0.34375,NO,,,
0.48890900860117703,5400,3.0727176666259766,0.34375,NO,,,
0.48890900860117703,5400,3.0727176666259766,0.34375,NO,,,
0.48890900860117703,5400,3.0727176666259766,0.34375,NO,,,
0.48890900860117703,5400,3.0727176666259766,0.34375,NO,,,
0.48890900860117703,5400,3.0727176666259766,0.34375,NO,,,
0.48890900860117703,5400,3.0727176666259766,0.34375,NO,,,
0.48890900860117703,5400,3.0727176666259766,0.34375,NO,,,
0.48890900860117703,5400,3.0727176666259766,0.34375,NO,,,
0.48981439565414214,5410,3.7416887283325195,0.25,NO,,,
0.48981439565414214,5410,3.7416887283325195,0.25,NO,,,
0.48981439565414214,5410,3.7416887283325195,0.25,NO,,,
0.48981439565414214,5410,3.7416887283325195,0.25,NO,,,
0.48981439565414214,5410,3.7416887283325195,0.25,NO,,,
0.48981439565414214,5410,3.7416887283325195,0.25,NO,,,
0.48981439565414214,5410,3.7416887283325195,0.25,NO,,,
0.48981439565414214,5410,3.7416887283325195,0.25,NO,,,
0.48981439565414214,5410,3.7416887283325195,0.25,NO,,,
0.48981439565414214,5410,3.7416887283325195,0.25,NO,,,
0.4907197827071073,5420,5.034488677978516,0.3125,NO,,,
0.4907197827071073,5420,5.034488677978516,0.3125,NO,,,
0.4907197827071073,5420,5.034488677978516,0.3125,NO,,,
0.4907197827071073,5420,5.034488677978516,0.3125,NO,,,
0.4907197827071073,5420,5.034488677978516,0.3125,NO,,,
0.4907197827071073,5420,5.034488677978516,0.3125,NO,,,
0.4907197827071073,5420,5.034488677978516,0.3125,NO,,,
0.4907197827071073,5420,5.034488677978516,0.3125,NO,,,
0.4907197827071073,5420,5.034488677978516,0.3125,NO,,,
0.4907197827071073,5420,5.034488677978516,0.3125,NO,,,
0.4916251697600724,5430,4.034930229187012,0.5625,NO,,,
0.4916251697600724,5430,4.034930229187012,0.5625,NO,,,
0.4916251697600724,5430,4.034930229187012,0.5625,NO,,,
0.4916251697600724,5430,4.034930229187012,0.5625,NO,,,
0.4916251697600724,5430,4.034930229187012,0.5625,NO,,,
0.4916251697600724,5430,4.034930229187012,0.5625,NO,,,
0.4916251697600724,5430,4.034930229187012,0.5625,NO,,,
0.4916251697600724,5430,4.034930229187012,0.5625,NO,,,
0.4916251697600724,5430,4.034930229187012,0.5625,NO,,,
0.4916251697600724,5430,4.034930229187012,0.5625,NO,,,
0.4925305568130376,5440,7.229912757873535,0.34375,NO,,,
0.4925305568130376,5440,7.229912757873535,0.34375,NO,,,
0.4925305568130376,5440,7.229912757873535,0.34375,NO,,,
0.4925305568130376,5440,7.229912757873535,0.34375,NO,,,
0.4925305568130376,5440,7.229912757873535,0.34375,NO,,,
0.4925305568130376,5440,7.229912757873535,0.34375,NO,,,
0.4925305568130376,5440,7.229912757873535,0.34375,NO,,,
0.4925305568130376,5440,7.229912757873535,0.34375,NO,,,
0.4925305568130376,5440,7.229912757873535,0.34375,NO,,,
0.4925305568130376,5440,7.229912757873535,0.34375,NO,,,
0.4934359438660027,5450,6.3827900886535645,0.34375,NO,,,
0.4934359438660027,5450,6.3827900886535645,0.34375,NO,,,
0.4934359438660027,5450,6.3827900886535645,0.34375,NO,,,
0.4934359438660027,5450,6.3827900886535645,0.34375,NO,,,
0.4934359438660027,5450,6.3827900886535645,0.34375,NO,,,
0.4934359438660027,5450,6.3827900886535645,0.34375,NO,,,
0.4934359438660027,5450,6.3827900886535645,0.34375,NO,,,
0.4934359438660027,5450,6.3827900886535645,0.34375,NO,,,
0.4934359438660027,5450,6.3827900886535645,0.34375,NO,,,
0.4934359438660027,5450,6.3827900886535645,0.34375,NO,,,
0.49434133091896787,5460,6.565425872802734,0.375,NO,,,
0.49434133091896787,5460,6.565425872802734,0.375,NO,,,
0.49434133091896787,5460,6.565425872802734,0.375,NO,,,
0.49434133091896787,5460,6.565425872802734,0.375,NO,,,
0.49434133091896787,5460,6.565425872802734,0.375,NO,,,
0.49434133091896787,5460,6.565425872802734,0.375,NO,,,
0.49434133091896787,5460,6.565425872802734,0.375,NO,,,
0.49434133091896787,5460,6.565425872802734,0.375,NO,,,
0.49434133091896787,5460,6.565425872802734,0.375,NO,,,
0.49434133091896787,5460,6.565425872802734,0.375,NO,,,
0.495246717971933,5470,4.403814315795898,0.53125,NO,,,
0.495246717971933,5470,4.403814315795898,0.53125,NO,,,
0.495246717971933,5470,4.403814315795898,0.53125,NO,,,
0.495246717971933,5470,4.403814315795898,0.53125,NO,,,
0.495246717971933,5470,4.403814315795898,0.53125,NO,,,
0.495246717971933,5470,4.403814315795898,0.53125,NO,,,
0.495246717971933,5470,4.403814315795898,0.53125,NO,,,
0.495246717971933,5470,4.403814315795898,0.53125,NO,,,
0.495246717971933,5470,4.403814315795898,0.53125,NO,,,
0.495246717971933,5470,4.403814315795898,0.53125,NO,,,
0.49615210502489815,5480,8.533683776855469,0.40625,NO,,,
0.49615210502489815,5480,8.533683776855469,0.40625,NO,,,
0.49615210502489815,5480,8.533683776855469,0.40625,NO,,,
0.49615210502489815,5480,8.533683776855469,0.40625,NO,,,
0.49615210502489815,5480,8.533683776855469,0.40625,NO,,,
0.49615210502489815,5480,8.533683776855469,0.40625,NO,,,
0.49615210502489815,5480,8.533683776855469,0.40625,NO,,,
0.49615210502489815,5480,8.533683776855469,0.40625,NO,,,
0.49615210502489815,5480,8.533683776855469,0.40625,NO,,,
0.49615210502489815,5480,8.533683776855469,0.40625,NO,,,
0.49705749207786326,5490,5.793087959289551,0.3125,NO,,,
0.49705749207786326,5490,5.793087959289551,0.3125,NO,,,
0.49705749207786326,5490,5.793087959289551,0.3125,NO,,,
0.49705749207786326,5490,5.793087959289551,0.3125,NO,,,
0.49705749207786326,5490,5.793087959289551,0.3125,NO,,,
0.49705749207786326,5490,5.793087959289551,0.3125,NO,,,
0.49705749207786326,5490,5.793087959289551,0.3125,NO,,,
0.49705749207786326,5490,5.793087959289551,0.3125,NO,,,
0.49705749207786326,5490,5.793087959289551,0.3125,NO,,,
0.49705749207786326,5490,5.793087959289551,0.3125,NO,,,
0.49796287913082843,5500,7.734385013580322,0.21875,NO,,,
0.49796287913082843,5500,7.734385013580322,0.21875,NO,,,
0.49796287913082843,5500,7.734385013580322,0.21875,NO,,,
0.49796287913082843,5500,7.734385013580322,0.21875,NO,,,
0.49796287913082843,5500,7.734385013580322,0.21875,NO,,,
0.49796287913082843,5500,7.734385013580322,0.21875,NO,,,
0.49796287913082843,5500,7.734385013580322,0.21875,NO,,,
0.49796287913082843,5500,7.734385013580322,0.21875,NO,,,
0.49796287913082843,5500,7.734385013580322,0.21875,NO,,,
0.49796287913082843,5500,7.734385013580322,0.21875,NO,,,
0.4988682661837936,5510,6.57476806640625,0.34375,NO,,,
0.4988682661837936,5510,6.57476806640625,0.34375,NO,,,
0.4988682661837936,5510,6.57476806640625,0.34375,NO,,,
0.4988682661837936,5510,6.57476806640625,0.34375,NO,,,
0.4988682661837936,5510,6.57476806640625,0.34375,NO,,,
0.4988682661837936,5510,6.57476806640625,0.34375,NO,,,
0.4988682661837936,5510,6.57476806640625,0.34375,NO,,,
0.4988682661837936,5510,6.57476806640625,0.34375,NO,,,
0.4988682661837936,5510,6.57476806640625,0.34375,NO,,,
0.4988682661837936,5510,6.57476806640625,0.34375,NO,,,
0.4997736532367587,5520,5.313467979431152,0.125,NO,,,
0.4997736532367587,5520,5.313467979431152,0.125,NO,,,
0.4997736532367587,5520,5.313467979431152,0.125,NO,,,
0.4997736532367587,5520,5.313467979431152,0.125,NO,,,
0.4997736532367587,5520,5.313467979431152,0.125,NO,,,
0.4997736532367587,5520,5.313467979431152,0.125,NO,,,
0.4997736532367587,5520,5.313467979431152,0.125,NO,,,
0.4997736532367587,5520,5.313467979431152,0.125,NO,,,
0.4997736532367587,5520,5.313467979431152,0.125,NO,,,
0.4997736532367587,5520,5.313467979431152,0.125,NO,,,
0.5006790402897239,5530,7.567855358123779,0.21875,NO,,,
0.5006790402897239,5530,7.567855358123779,0.21875,NO,,,
0.5006790402897239,5530,7.567855358123779,0.21875,NO,,,
0.5006790402897239,5530,7.567855358123779,0.21875,NO,,,
0.5006790402897239,5530,7.567855358123779,0.21875,NO,,,
0.5006790402897239,5530,7.567855358123779,0.21875,NO,,,
0.5006790402897239,5530,7.567855358123779,0.21875,NO,,,
0.5006790402897239,5530,7.567855358123779,0.21875,NO,,,
0.5006790402897239,5530,7.567855358123779,0.21875,NO,,,
0.5006790402897239,5530,7.567855358123779,0.21875,NO,,,
0.501584427342689,5540,5.289016246795654,0.46875,NO,,,
0.501584427342689,5540,5.289016246795654,0.46875,NO,,,
0.501584427342689,5540,5.289016246795654,0.46875,NO,,,
0.501584427342689,5540,5.289016246795654,0.46875,NO,,,
0.501584427342689,5540,5.289016246795654,0.46875,NO,,,
0.501584427342689,5540,5.289016246795654,0.46875,NO,,,
0.501584427342689,5540,5.289016246795654,0.46875,NO,,,
0.501584427342689,5540,5.289016246795654,0.46875,NO,,,
0.501584427342689,5540,5.289016246795654,0.46875,NO,,,
0.501584427342689,5540,5.289016246795654,0.46875,NO,,,
0.5024898143956541,5550,11.018841743469238,0.28125,NO,,,
0.5024898143956541,5550,11.018841743469238,0.28125,NO,,,
0.5024898143956541,5550,11.018841743469238,0.28125,NO,,,
0.5024898143956541,5550,11.018841743469238,0.28125,NO,,,
0.5024898143956541,5550,11.018841743469238,0.28125,NO,,,
0.5024898143956541,5550,11.018841743469238,0.28125,NO,,,
0.5024898143956541,5550,11.018841743469238,0.28125,NO,,,
0.5024898143956541,5550,11.018841743469238,0.28125,NO,,,
0.5024898143956541,5550,11.018841743469238,0.28125,NO,,,
0.5024898143956541,5550,11.018841743469238,0.28125,NO,,,
0.5033952014486193,5560,6.990167617797852,0.375,NO,,,
0.5033952014486193,5560,6.990167617797852,0.375,NO,,,
0.5033952014486193,5560,6.990167617797852,0.375,NO,,,
0.5033952014486193,5560,6.990167617797852,0.375,NO,,,
0.5033952014486193,5560,6.990167617797852,0.375,NO,,,
0.5033952014486193,5560,6.990167617797852,0.375,NO,,,
0.5033952014486193,5560,6.990167617797852,0.375,NO,,,
0.5033952014486193,5560,6.990167617797852,0.375,NO,,,
0.5033952014486193,5560,6.990167617797852,0.375,NO,,,
0.5033952014486193,5560,6.990167617797852,0.375,NO,,,
0.5043005885015844,5570,5.883472919464111,0.3125,NO,,,
0.5043005885015844,5570,5.883472919464111,0.3125,NO,,,
0.5043005885015844,5570,5.883472919464111,0.3125,NO,,,
0.5043005885015844,5570,5.883472919464111,0.3125,NO,,,
0.5043005885015844,5570,5.883472919464111,0.3125,NO,,,
0.5043005885015844,5570,5.883472919464111,0.3125,NO,,,
0.5043005885015844,5570,5.883472919464111,0.3125,NO,,,
0.5043005885015844,5570,5.883472919464111,0.3125,NO,,,
0.5043005885015844,5570,5.883472919464111,0.3125,NO,,,
0.5043005885015844,5570,5.883472919464111,0.3125,NO,,,
0.5052059755545496,5580,4.24953556060791,0.46875,NO,,,
0.5052059755545496,5580,4.24953556060791,0.46875,NO,,,
0.5052059755545496,5580,4.24953556060791,0.46875,NO,,,
0.5052059755545496,5580,4.24953556060791,0.46875,NO,,,
0.5052059755545496,5580,4.24953556060791,0.46875,NO,,,
0.5052059755545496,5580,4.24953556060791,0.46875,NO,,,
0.5052059755545496,5580,4.24953556060791,0.46875,NO,,,
0.5052059755545496,5580,4.24953556060791,0.46875,NO,,,
0.5052059755545496,5580,4.24953556060791,0.46875,NO,,,
0.5052059755545496,5580,4.24953556060791,0.46875,NO,,,
0.5061113626075147,5590,7.180421352386475,0.21875,NO,,,
0.5061113626075147,5590,7.180421352386475,0.21875,NO,,,
0.5061113626075147,5590,7.180421352386475,0.21875,NO,,,
0.5061113626075147,5590,7.180421352386475,0.21875,NO,,,
0.5061113626075147,5590,7.180421352386475,0.21875,NO,,,
0.5061113626075147,5590,7.180421352386475,0.21875,NO,,,
0.5061113626075147,5590,7.180421352386475,0.21875,NO,,,
0.5061113626075147,5590,7.180421352386475,0.21875,NO,,,
0.5061113626075147,5590,7.180421352386475,0.21875,NO,,,
0.5061113626075147,5590,7.180421352386475,0.21875,NO,,,
0.5070167496604798,5600,4.452818870544434,0.40625,NO,,,
0.5070167496604798,5600,4.452818870544434,0.40625,NO,,,
0.5070167496604798,5600,4.452818870544434,0.40625,NO,,,
0.5070167496604798,5600,4.452818870544434,0.40625,NO,,,
0.5070167496604798,5600,4.452818870544434,0.40625,NO,,,
0.5070167496604798,5600,4.452818870544434,0.40625,NO,,,
0.5070167496604798,5600,4.452818870544434,0.40625,NO,,,
0.5070167496604798,5600,4.452818870544434,0.40625,NO,,,
0.5070167496604798,5600,4.452818870544434,0.40625,NO,,,
0.5070167496604798,5600,4.452818870544434,0.40625,NO,,,
0.507922136713445,5610,5.359736919403076,0.375,NO,,,
0.507922136713445,5610,5.359736919403076,0.375,NO,,,
0.507922136713445,5610,5.359736919403076,0.375,NO,,,
0.507922136713445,5610,5.359736919403076,0.375,NO,,,
0.507922136713445,5610,5.359736919403076,0.375,NO,,,
0.507922136713445,5610,5.359736919403076,0.375,NO,,,
0.507922136713445,5610,5.359736919403076,0.375,NO,,,
0.507922136713445,5610,5.359736919403076,0.375,NO,,,
0.507922136713445,5610,5.359736919403076,0.375,NO,,,
0.507922136713445,5610,5.359736919403076,0.375,NO,,,
0.5088275237664102,5620,3.6700854301452637,0.28125,NO,,,
0.5088275237664102,5620,3.6700854301452637,0.28125,NO,,,
0.5088275237664102,5620,3.6700854301452637,0.28125,NO,,,
0.5088275237664102,5620,3.6700854301452637,0.28125,NO,,,
0.5088275237664102,5620,3.6700854301452637,0.28125,NO,,,
0.5088275237664102,5620,3.6700854301452637,0.28125,NO,,,
0.5088275237664102,5620,3.6700854301452637,0.28125,NO,,,
0.5088275237664102,5620,3.6700854301452637,0.28125,NO,,,
0.5088275237664102,5620,3.6700854301452637,0.28125,NO,,,
0.5088275237664102,5620,3.6700854301452637,0.28125,NO,,,
0.5097329108193753,5630,4.544427871704102,0.15625,NO,,,
0.5097329108193753,5630,4.544427871704102,0.15625,NO,,,
0.5097329108193753,5630,4.544427871704102,0.15625,NO,,,
0.5097329108193753,5630,4.544427871704102,0.15625,NO,,,
0.5097329108193753,5630,4.544427871704102,0.15625,NO,,,
0.5097329108193753,5630,4.544427871704102,0.15625,NO,,,
0.5097329108193753,5630,4.544427871704102,0.15625,NO,,,
0.5097329108193753,5630,4.544427871704102,0.15625,NO,,,
0.5097329108193753,5630,4.544427871704102,0.15625,NO,,,
0.5097329108193753,5630,4.544427871704102,0.15625,NO,,,
0.5106382978723404,5640,6.9754838943481445,0.28125,NO,,,
0.5106382978723404,5640,6.9754838943481445,0.28125,NO,,,
0.5106382978723404,5640,6.9754838943481445,0.28125,NO,,,
0.5106382978723404,5640,6.9754838943481445,0.28125,NO,,,
0.5106382978723404,5640,6.9754838943481445,0.28125,NO,,,
0.5106382978723404,5640,6.9754838943481445,0.28125,NO,,,
0.5106382978723404,5640,6.9754838943481445,0.28125,NO,,,
0.5106382978723404,5640,6.9754838943481445,0.28125,NO,,,
0.5106382978723404,5640,6.9754838943481445,0.28125,NO,,,
0.5106382978723404,5640,6.9754838943481445,0.28125,NO,,,
0.5115436849253056,5650,6.597241401672363,0.375,NO,,,
0.5115436849253056,5650,6.597241401672363,0.375,NO,,,
0.5115436849253056,5650,6.597241401672363,0.375,NO,,,
0.5115436849253056,5650,6.597241401672363,0.375,NO,,,
0.5115436849253056,5650,6.597241401672363,0.375,NO,,,
0.5115436849253056,5650,6.597241401672363,0.375,NO,,,
0.5115436849253056,5650,6.597241401672363,0.375,NO,,,
0.5115436849253056,5650,6.597241401672363,0.375,NO,,,
0.5115436849253056,5650,6.597241401672363,0.375,NO,,,
0.5115436849253056,5650,6.597241401672363,0.375,NO,,,
0.5124490719782707,5660,6.515270709991455,0.40625,NO,,,
0.5124490719782707,5660,6.515270709991455,0.40625,NO,,,
0.5124490719782707,5660,6.515270709991455,0.40625,NO,,,
0.5124490719782707,5660,6.515270709991455,0.40625,NO,,,
0.5124490719782707,5660,6.515270709991455,0.40625,NO,,,
0.5124490719782707,5660,6.515270709991455,0.40625,NO,,,
0.5124490719782707,5660,6.515270709991455,0.40625,NO,,,
0.5124490719782707,5660,6.515270709991455,0.40625,NO,,,
0.5124490719782707,5660,6.515270709991455,0.40625,NO,,,
0.5124490719782707,5660,6.515270709991455,0.40625,NO,,,
0.5133544590312359,5670,6.123143196105957,0.375,NO,,,
0.5133544590312359,5670,6.123143196105957,0.375,NO,,,
0.5133544590312359,5670,6.123143196105957,0.375,NO,,,
0.5133544590312359,5670,6.123143196105957,0.375,NO,,,
0.5133544590312359,5670,6.123143196105957,0.375,NO,,,
0.5133544590312359,5670,6.123143196105957,0.375,NO,,,
0.5133544590312359,5670,6.123143196105957,0.375,NO,,,
0.5133544590312359,5670,6.123143196105957,0.375,NO,,,
0.5133544590312359,5670,6.123143196105957,0.375,NO,,,
0.5133544590312359,5670,6.123143196105957,0.375,NO,,,
0.5142598460842009,5680,7.968400478363037,0.15625,NO,,,
0.5142598460842009,5680,7.968400478363037,0.15625,NO,,,
0.5142598460842009,5680,7.968400478363037,0.15625,NO,,,
0.5142598460842009,5680,7.968400478363037,0.15625,NO,,,
0.5142598460842009,5680,7.968400478363037,0.15625,NO,,,
0.5142598460842009,5680,7.968400478363037,0.15625,NO,,,
0.5142598460842009,5680,7.968400478363037,0.15625,NO,,,
0.5142598460842009,5680,7.968400478363037,0.15625,NO,,,
0.5142598460842009,5680,7.968400478363037,0.15625,NO,,,
0.5142598460842009,5680,7.968400478363037,0.15625,NO,,,
0.5151652331371661,5690,7.5880584716796875,0.21875,NO,,,
0.5151652331371661,5690,7.5880584716796875,0.21875,NO,,,
0.5151652331371661,5690,7.5880584716796875,0.21875,NO,,,
0.5151652331371661,5690,7.5880584716796875,0.21875,NO,,,
0.5151652331371661,5690,7.5880584716796875,0.21875,NO,,,
0.5151652331371661,5690,7.5880584716796875,0.21875,NO,,,
0.5151652331371661,5690,7.5880584716796875,0.21875,NO,,,
0.5151652331371661,5690,7.5880584716796875,0.21875,NO,,,
0.5151652331371661,5690,7.5880584716796875,0.21875,NO,,,
0.5151652331371661,5690,7.5880584716796875,0.21875,NO,,,
0.5160706201901313,5700,7.197379112243652,0.375,NO,,,
0.5160706201901313,5700,7.197379112243652,0.375,NO,,,
0.5160706201901313,5700,7.197379112243652,0.375,NO,,,
0.5160706201901313,5700,7.197379112243652,0.375,NO,,,
0.5160706201901313,5700,7.197379112243652,0.375,NO,,,
0.5160706201901313,5700,7.197379112243652,0.375,NO,,,
0.5160706201901313,5700,7.197379112243652,0.375,NO,,,
0.5160706201901313,5700,7.197379112243652,0.375,NO,,,
0.5160706201901313,5700,7.197379112243652,0.375,NO,,,
0.5160706201901313,5700,7.197379112243652,0.375,NO,,,
0.5169760072430964,5710,8.75963020324707,0.375,NO,,,
0.5169760072430964,5710,8.75963020324707,0.375,NO,,,
0.5169760072430964,5710,8.75963020324707,0.375,NO,,,
0.5169760072430964,5710,8.75963020324707,0.375,NO,,,
0.5169760072430964,5710,8.75963020324707,0.375,NO,,,
0.5169760072430964,5710,8.75963020324707,0.375,NO,,,
0.5169760072430964,5710,8.75963020324707,0.375,NO,,,
0.5169760072430964,5710,8.75963020324707,0.375,NO,,,
0.5169760072430964,5710,8.75963020324707,0.375,NO,,,
0.5169760072430964,5710,8.75963020324707,0.375,NO,,,
0.5178813942960616,5720,10.617382049560547,0.28125,NO,,,
0.5178813942960616,5720,10.617382049560547,0.28125,NO,,,
0.5178813942960616,5720,10.617382049560547,0.28125,NO,,,
0.5178813942960616,5720,10.617382049560547,0.28125,NO,,,
0.5178813942960616,5720,10.617382049560547,0.28125,NO,,,
0.5178813942960616,5720,10.617382049560547,0.28125,NO,,,
0.5178813942960616,5720,10.617382049560547,0.28125,NO,,,
0.5178813942960616,5720,10.617382049560547,0.28125,NO,,,
0.5178813942960616,5720,10.617382049560547,0.28125,NO,,,
0.5178813942960616,5720,10.617382049560547,0.28125,NO,,,
0.5187867813490267,5730,9.730648040771484,0.34375,NO,,,
0.5187867813490267,5730,9.730648040771484,0.34375,NO,,,
0.5187867813490267,5730,9.730648040771484,0.34375,NO,,,
0.5187867813490267,5730,9.730648040771484,0.34375,NO,,,
0.5187867813490267,5730,9.730648040771484,0.34375,NO,,,
0.5187867813490267,5730,9.730648040771484,0.34375,NO,,,
0.5187867813490267,5730,9.730648040771484,0.34375,NO,,,
0.5187867813490267,5730,9.730648040771484,0.34375,NO,,,
0.5187867813490267,5730,9.730648040771484,0.34375,NO,,,
0.5187867813490267,5730,9.730648040771484,0.34375,NO,,,
0.5196921684019918,5740,10.315437316894531,0.25,NO,,,
0.5196921684019918,5740,10.315437316894531,0.25,NO,,,
0.5196921684019918,5740,10.315437316894531,0.25,NO,,,
0.5196921684019918,5740,10.315437316894531,0.25,NO,,,
0.5196921684019918,5740,10.315437316894531,0.25,NO,,,
0.5196921684019918,5740,10.315437316894531,0.25,NO,,,
0.5196921684019918,5740,10.315437316894531,0.25,NO,,,
0.5196921684019918,5740,10.315437316894531,0.25,NO,,,
0.5196921684019918,5740,10.315437316894531,0.25,NO,,,
0.5196921684019918,5740,10.315437316894531,0.25,NO,,,
0.520597555454957,5750,7.6816229820251465,0.40625,NO,,,
0.520597555454957,5750,7.6816229820251465,0.40625,NO,,,
0.520597555454957,5750,7.6816229820251465,0.40625,NO,,,
0.520597555454957,5750,7.6816229820251465,0.40625,NO,,,
0.520597555454957,5750,7.6816229820251465,0.40625,NO,,,
0.520597555454957,5750,7.6816229820251465,0.40625,NO,,,
0.520597555454957,5750,7.6816229820251465,0.40625,NO,,,
0.520597555454957,5750,7.6816229820251465,0.40625,NO,,,
0.520597555454957,5750,7.6816229820251465,0.40625,NO,,,
0.520597555454957,5750,7.6816229820251465,0.40625,NO,,,
0.5215029425079222,5760,7.397463798522949,0.40625,NO,,,
0.5215029425079222,5760,7.397463798522949,0.40625,NO,,,
0.5215029425079222,5760,7.397463798522949,0.40625,NO,,,
0.5215029425079222,5760,7.397463798522949,0.40625,NO,,,
0.5215029425079222,5760,7.397463798522949,0.40625,NO,,,
0.5215029425079222,5760,7.397463798522949,0.40625,NO,,,
0.5215029425079222,5760,7.397463798522949,0.40625,NO,,,
0.5215029425079222,5760,7.397463798522949,0.40625,NO,,,
0.5215029425079222,5760,7.397463798522949,0.40625,NO,,,
0.5215029425079222,5760,7.397463798522949,0.40625,NO,,,
0.5224083295608872,5770,8.263460159301758,0.3125,NO,,,
0.5224083295608872,5770,8.263460159301758,0.3125,NO,,,
0.5224083295608872,5770,8.263460159301758,0.3125,NO,,,
0.5224083295608872,5770,8.263460159301758,0.3125,NO,,,
0.5224083295608872,5770,8.263460159301758,0.3125,NO,,,
0.5224083295608872,5770,8.263460159301758,0.3125,NO,,,
0.5224083295608872,5770,8.263460159301758,0.3125,NO,,,
0.5224083295608872,5770,8.263460159301758,0.3125,NO,,,
0.5224083295608872,5770,8.263460159301758,0.3125,NO,,,
0.5224083295608872,5770,8.263460159301758,0.3125,NO,,,
0.5233137166138524,5780,7.598566055297852,0.34375,NO,,,
0.5233137166138524,5780,7.598566055297852,0.34375,NO,,,
0.5233137166138524,5780,7.598566055297852,0.34375,NO,,,
0.5233137166138524,5780,7.598566055297852,0.34375,NO,,,
0.5233137166138524,5780,7.598566055297852,0.34375,NO,,,
0.5233137166138524,5780,7.598566055297852,0.34375,NO,,,
0.5233137166138524,5780,7.598566055297852,0.34375,NO,,,
0.5233137166138524,5780,7.598566055297852,0.34375,NO,,,
0.5233137166138524,5780,7.598566055297852,0.34375,NO,,,
0.5233137166138524,5780,7.598566055297852,0.34375,NO,,,
0.5242191036668176,5790,6.386982440948486,0.34375,NO,,,
0.5242191036668176,5790,6.386982440948486,0.34375,NO,,,
0.5242191036668176,5790,6.386982440948486,0.34375,NO,,,
0.5242191036668176,5790,6.386982440948486,0.34375,NO,,,
0.5242191036668176,5790,6.386982440948486,0.34375,NO,,,
0.5242191036668176,5790,6.386982440948486,0.34375,NO,,,
0.5242191036668176,5790,6.386982440948486,0.34375,NO,,,
0.5242191036668176,5790,6.386982440948486,0.34375,NO,,,
0.5242191036668176,5790,6.386982440948486,0.34375,NO,,,
0.5242191036668176,5790,6.386982440948486,0.34375,NO,,,
0.5251244907197827,5800,10.042498588562012,0.25,NO,,,
0.5251244907197827,5800,10.042498588562012,0.25,NO,,,
0.5251244907197827,5800,10.042498588562012,0.25,NO,,,
0.5251244907197827,5800,10.042498588562012,0.25,NO,,,
0.5251244907197827,5800,10.042498588562012,0.25,NO,,,
0.5251244907197827,5800,10.042498588562012,0.25,NO,,,
0.5251244907197827,5800,10.042498588562012,0.25,NO,,,
0.5251244907197827,5800,10.042498588562012,0.25,NO,,,
0.5251244907197827,5800,10.042498588562012,0.25,NO,,,
0.5251244907197827,5800,10.042498588562012,0.25,NO,,,
0.5260298777727479,5810,8.613557815551758,0.46875,NO,,,
0.5260298777727479,5810,8.613557815551758,0.46875,NO,,,
0.5260298777727479,5810,8.613557815551758,0.46875,NO,,,
0.5260298777727479,5810,8.613557815551758,0.46875,NO,,,
0.5260298777727479,5810,8.613557815551758,0.46875,NO,,,
0.5260298777727479,5810,8.613557815551758,0.46875,NO,,,
0.5260298777727479,5810,8.613557815551758,0.46875,NO,,,
0.5260298777727479,5810,8.613557815551758,0.46875,NO,,,
0.5260298777727479,5810,8.613557815551758,0.46875,NO,,,
0.5260298777727479,5810,8.613557815551758,0.46875,NO,,,
0.526935264825713,5820,10.778076171875,0.46875,NO,,,
0.526935264825713,5820,10.778076171875,0.46875,NO,,,
0.526935264825713,5820,10.778076171875,0.46875,NO,,,
0.526935264825713,5820,10.778076171875,0.46875,NO,,,
0.526935264825713,5820,10.778076171875,0.46875,NO,,,
0.526935264825713,5820,10.778076171875,0.46875,NO,,,
0.526935264825713,5820,10.778076171875,0.46875,NO,,,
0.526935264825713,5820,10.778076171875,0.46875,NO,,,
0.526935264825713,5820,10.778076171875,0.46875,NO,,,
0.526935264825713,5820,10.778076171875,0.46875,NO,,,
0.5278406518786781,5830,7.920654296875,0.53125,NO,,,
0.5278406518786781,5830,7.920654296875,0.53125,NO,,,
0.5278406518786781,5830,7.920654296875,0.53125,NO,,,
0.5278406518786781,5830,7.920654296875,0.53125,NO,,,
0.5278406518786781,5830,7.920654296875,0.53125,NO,,,
0.5278406518786781,5830,7.920654296875,0.53125,NO,,,
0.5278406518786781,5830,7.920654296875,0.53125,NO,,,
0.5278406518786781,5830,7.920654296875,0.53125,NO,,,
0.5278406518786781,5830,7.920654296875,0.53125,NO,,,
0.5278406518786781,5830,7.920654296875,0.53125,NO,,,
0.5287460389316433,5840,10.5263671875,0.40625,NO,,,
0.5287460389316433,5840,10.5263671875,0.40625,NO,,,
0.5287460389316433,5840,10.5263671875,0.40625,NO,,,
0.5287460389316433,5840,10.5263671875,0.40625,NO,,,
0.5287460389316433,5840,10.5263671875,0.40625,NO,,,
0.5287460389316433,5840,10.5263671875,0.40625,NO,,,
0.5287460389316433,5840,10.5263671875,0.40625,NO,,,
0.5287460389316433,5840,10.5263671875,0.40625,NO,,,
0.5287460389316433,5840,10.5263671875,0.40625,NO,,,
0.5287460389316433,5840,10.5263671875,0.40625,NO,,,
0.5296514259846085,5850,9.046143531799316,0.40625,NO,,,
0.5296514259846085,5850,9.046143531799316,0.40625,NO,,,
0.5296514259846085,5850,9.046143531799316,0.40625,NO,,,
0.5296514259846085,5850,9.046143531799316,0.40625,NO,,,
0.5296514259846085,5850,9.046143531799316,0.40625,NO,,,
0.5296514259846085,5850,9.046143531799316,0.40625,NO,,,
0.5296514259846085,5850,9.046143531799316,0.40625,NO,,,
0.5296514259846085,5850,9.046143531799316,0.40625,NO,,,
0.5296514259846085,5850,9.046143531799316,0.40625,NO,,,
0.5296514259846085,5850,9.046143531799316,0.40625,NO,,,
0.5305568130375735,5860,11.105722427368164,0.28125,NO,,,
0.5305568130375735,5860,11.105722427368164,0.28125,NO,,,
0.5305568130375735,5860,11.105722427368164,0.28125,NO,,,
0.5305568130375735,5860,11.105722427368164,0.28125,NO,,,
0.5305568130375735,5860,11.105722427368164,0.28125,NO,,,
0.5305568130375735,5860,11.105722427368164,0.28125,NO,,,
0.5305568130375735,5860,11.105722427368164,0.28125,NO,,,
0.5305568130375735,5860,11.105722427368164,0.28125,NO,,,
0.5305568130375735,5860,11.105722427368164,0.28125,NO,,,
0.5305568130375735,5860,11.105722427368164,0.28125,NO,,,
0.5314622000905387,5870,11.000275611877441,0.25,NO,,,
0.5314622000905387,5870,11.000275611877441,0.25,NO,,,
0.5314622000905387,5870,11.000275611877441,0.25,NO,,,
0.5314622000905387,5870,11.000275611877441,0.25,NO,,,
0.5314622000905387,5870,11.000275611877441,0.25,NO,,,
0.5314622000905387,5870,11.000275611877441,0.25,NO,,,
0.5314622000905387,5870,11.000275611877441,0.25,NO,,,
0.5314622000905387,5870,11.000275611877441,0.25,NO,,,
0.5314622000905387,5870,11.000275611877441,0.25,NO,,,
0.5314622000905387,5870,11.000275611877441,0.25,NO,,,
0.5323675871435039,5880,10.446823120117188,0.3125,NO,,,
0.5323675871435039,5880,10.446823120117188,0.3125,NO,,,
0.5323675871435039,5880,10.446823120117188,0.3125,NO,,,
0.5323675871435039,5880,10.446823120117188,0.3125,NO,,,
0.5323675871435039,5880,10.446823120117188,0.3125,NO,,,
0.5323675871435039,5880,10.446823120117188,0.3125,NO,,,
0.5323675871435039,5880,10.446823120117188,0.3125,NO,,,
0.5323675871435039,5880,10.446823120117188,0.3125,NO,,,
0.5323675871435039,5880,10.446823120117188,0.3125,NO,,,
0.5323675871435039,5880,10.446823120117188,0.3125,NO,,,
0.533272974196469,5890,9.183115005493164,0.34375,NO,,,
0.533272974196469,5890,9.183115005493164,0.34375,NO,,,
0.533272974196469,5890,9.183115005493164,0.34375,NO,,,
0.533272974196469,5890,9.183115005493164,0.34375,NO,,,
0.533272974196469,5890,9.183115005493164,0.34375,NO,,,
0.533272974196469,5890,9.183115005493164,0.34375,NO,,,
0.533272974196469,5890,9.183115005493164,0.34375,NO,,,
0.533272974196469,5890,9.183115005493164,0.34375,NO,,,
0.533272974196469,5890,9.183115005493164,0.34375,NO,,,
0.533272974196469,5890,9.183115005493164,0.34375,NO,,,
0.5341783612494342,5900,15.863037109375,0.1875,NO,,,
0.5341783612494342,5900,15.863037109375,0.1875,NO,,,
0.5341783612494342,5900,15.863037109375,0.1875,NO,,,
0.5341783612494342,5900,15.863037109375,0.1875,NO,,,
0.5341783612494342,5900,15.863037109375,0.1875,NO,,,
0.5341783612494342,5900,15.863037109375,0.1875,NO,,,
0.5341783612494342,5900,15.863037109375,0.1875,NO,,,
0.5341783612494342,5900,15.863037109375,0.1875,NO,,,
0.5341783612494342,5900,15.863037109375,0.1875,NO,,,
0.5341783612494342,5900,15.863037109375,0.1875,NO,,,
0.5350837483023992,5910,14.0849609375,0.375,NO,,,
0.5350837483023992,5910,14.0849609375,0.375,NO,,,
0.5350837483023992,5910,14.0849609375,0.375,NO,,,
0.5350837483023992,5910,14.0849609375,0.375,NO,,,
0.5350837483023992,5910,14.0849609375,0.375,NO,,,
0.5350837483023992,5910,14.0849609375,0.375,NO,,,
0.5350837483023992,5910,14.0849609375,0.375,NO,,,
0.5350837483023992,5910,14.0849609375,0.375,NO,,,
0.5350837483023992,5910,14.0849609375,0.375,NO,,,
0.5350837483023992,5910,14.0849609375,0.375,NO,,,
0.5359891353553644,5920,14.4765625,0.3125,NO,,,
0.5359891353553644,5920,14.4765625,0.3125,NO,,,
0.5359891353553644,5920,14.4765625,0.3125,NO,,,
0.5359891353553644,5920,14.4765625,0.3125,NO,,,
0.5359891353553644,5920,14.4765625,0.3125,NO,,,
0.5359891353553644,5920,14.4765625,0.3125,NO,,,
0.5359891353553644,5920,14.4765625,0.3125,NO,,,
0.5359891353553644,5920,14.4765625,0.3125,NO,,,
0.5359891353553644,5920,14.4765625,0.3125,NO,,,
0.5359891353553644,5920,14.4765625,0.3125,NO,,,
0.5368945224083296,5930,15.187255859375,0.3125,NO,,,
0.5368945224083296,5930,15.187255859375,0.3125,NO,,,
0.5368945224083296,5930,15.187255859375,0.3125,NO,,,
0.5368945224083296,5930,15.187255859375,0.3125,NO,,,
0.5368945224083296,5930,15.187255859375,0.3125,NO,,,
0.5368945224083296,5930,15.187255859375,0.3125,NO,,,
0.5368945224083296,5930,15.187255859375,0.3125,NO,,,
0.5368945224083296,5930,15.187255859375,0.3125,NO,,,
0.5368945224083296,5930,15.187255859375,0.3125,NO,,,
0.5368945224083296,5930,15.187255859375,0.3125,NO,,,
0.5377999094612947,5940,16.3525390625,0.28125,NO,,,
0.5377999094612947,5940,16.3525390625,0.28125,NO,,,
0.5377999094612947,5940,16.3525390625,0.28125,NO,,,
0.5377999094612947,5940,16.3525390625,0.28125,NO,,,
0.5377999094612947,5940,16.3525390625,0.28125,NO,,,
0.5377999094612947,5940,16.3525390625,0.28125,NO,,,
0.5377999094612947,5940,16.3525390625,0.28125,NO,,,
0.5377999094612947,5940,16.3525390625,0.28125,NO,,,
0.5377999094612947,5940,16.3525390625,0.28125,NO,,,
0.5377999094612947,5940,16.3525390625,0.28125,NO,,,
0.5387052965142598,5950,15.096435546875,0.375,NO,,,
0.5387052965142598,5950,15.096435546875,0.375,NO,,,
0.5387052965142598,5950,15.096435546875,0.375,NO,,,
0.5387052965142598,5950,15.096435546875,0.375,NO,,,
0.5387052965142598,5950,15.096435546875,0.375,NO,,,
0.5387052965142598,5950,15.096435546875,0.375,NO,,,
0.5387052965142598,5950,15.096435546875,0.375,NO,,,
0.5387052965142598,5950,15.096435546875,0.375,NO,,,
0.5387052965142598,5950,15.096435546875,0.375,NO,,,
0.5387052965142598,5950,15.096435546875,0.375,NO,,,
0.539610683567225,5960,13.329365730285645,0.4375,NO,,,
0.539610683567225,5960,13.329365730285645,0.4375,NO,,,
0.539610683567225,5960,13.329365730285645,0.4375,NO,,,
0.539610683567225,5960,13.329365730285645,0.4375,NO,,,
0.539610683567225,5960,13.329365730285645,0.4375,NO,,,
0.539610683567225,5960,13.329365730285645,0.4375,NO,,,
0.539610683567225,5960,13.329365730285645,0.4375,NO,,,
0.539610683567225,5960,13.329365730285645,0.4375,NO,,,
0.539610683567225,5960,13.329365730285645,0.4375,NO,,,
0.539610683567225,5960,13.329365730285645,0.4375,NO,,,
0.5405160706201901,5970,15.163336753845215,0.3125,NO,,,
0.5405160706201901,5970,15.163336753845215,0.3125,NO,,,
0.5405160706201901,5970,15.163336753845215,0.3125,NO,,,
0.5405160706201901,5970,15.163336753845215,0.3125,NO,,,
0.5405160706201901,5970,15.163336753845215,0.3125,NO,,,
0.5405160706201901,5970,15.163336753845215,0.3125,NO,,,
0.5405160706201901,5970,15.163336753845215,0.3125,NO,,,
0.5405160706201901,5970,15.163336753845215,0.3125,NO,,,
0.5405160706201901,5970,15.163336753845215,0.3125,NO,,,
0.5405160706201901,5970,15.163336753845215,0.3125,NO,,,
0.5414214576731553,5980,15.391357421875,0.4375,NO,,,
0.5414214576731553,5980,15.391357421875,0.4375,NO,,,
0.5414214576731553,5980,15.391357421875,0.4375,NO,,,
0.5414214576731553,5980,15.391357421875,0.4375,NO,,,
0.5414214576731553,5980,15.391357421875,0.4375,NO,,,
0.5414214576731553,5980,15.391357421875,0.4375,NO,,,
0.5414214576731553,5980,15.391357421875,0.4375,NO,,,
0.5414214576731553,5980,15.391357421875,0.4375,NO,,,
0.5414214576731553,5980,15.391357421875,0.4375,NO,,,
0.5414214576731553,5980,15.391357421875,0.4375,NO,,,
0.5423268447261205,5990,13.712342262268066,0.25,NO,,,
0.5423268447261205,5990,13.712342262268066,0.25,NO,,,
0.5423268447261205,5990,13.712342262268066,0.25,NO,,,
0.5423268447261205,5990,13.712342262268066,0.25,NO,,,
0.5423268447261205,5990,13.712342262268066,0.25,NO,,,
0.5423268447261205,5990,13.712342262268066,0.25,NO,,,
0.5423268447261205,5990,13.712342262268066,0.25,NO,,,
0.5423268447261205,5990,13.712342262268066,0.25,NO,,,
0.5423268447261205,5990,13.712342262268066,0.25,NO,,,
0.5423268447261205,5990,13.712342262268066,0.25,YES,14.681144714355469,0.3333333333333333,5.212699627876281
0.5432322317790855,6000,14.80493450164795,0.34375,NO,,,
0.5432322317790855,6000,14.80493450164795,0.34375,NO,,,
0.5432322317790855,6000,14.80493450164795,0.34375,NO,,,
0.5432322317790855,6000,14.80493450164795,0.34375,NO,,,
0.5432322317790855,6000,14.80493450164795,0.34375,NO,,,
0.5432322317790855,6000,14.80493450164795,0.34375,NO,,,
0.5432322317790855,6000,14.80493450164795,0.34375,NO,,,
0.5432322317790855,6000,14.80493450164795,0.34375,NO,,,
0.5432322317790855,6000,14.80493450164795,0.34375,NO,,,
0.5432322317790855,6000,14.80493450164795,0.34375,NO,,,
0.5441376188320507,6010,13.237305641174316,0.375,NO,,,
0.5441376188320507,6010,13.237305641174316,0.375,NO,,,
0.5441376188320507,6010,13.237305641174316,0.375,NO,,,
0.5441376188320507,6010,13.237305641174316,0.375,NO,,,
0.5441376188320507,6010,13.237305641174316,0.375,NO,,,
0.5441376188320507,6010,13.237305641174316,0.375,NO,,,
0.5441376188320507,6010,13.237305641174316,0.375,NO,,,
0.5441376188320507,6010,13.237305641174316,0.375,NO,,,
0.5441376188320507,6010,13.237305641174316,0.375,NO,,,
0.5441376188320507,6010,13.237305641174316,0.375,NO,,,
0.5450430058850159,6020,13.535888671875,0.375,NO,,,
0.5450430058850159,6020,13.535888671875,0.375,NO,,,
0.5450430058850159,6020,13.535888671875,0.375,NO,,,
0.5450430058850159,6020,13.535888671875,0.375,NO,,,
0.5450430058850159,6020,13.535888671875,0.375,NO,,,
0.5450430058850159,6020,13.535888671875,0.375,NO,,,
0.5450430058850159,6020,13.535888671875,0.375,NO,,,
0.5450430058850159,6020,13.535888671875,0.375,NO,,,
0.5450430058850159,6020,13.535888671875,0.375,NO,,,
0.5450430058850159,6020,13.535888671875,0.375,NO,,,
0.545948392937981,6030,17.3759765625,0.25,NO,,,
0.545948392937981,6030,17.3759765625,0.25,NO,,,
0.545948392937981,6030,17.3759765625,0.25,NO,,,
0.545948392937981,6030,17.3759765625,0.25,NO,,,
0.545948392937981,6030,17.3759765625,0.25,NO,,,
0.545948392937981,6030,17.3759765625,0.25,NO,,,
0.545948392937981,6030,17.3759765625,0.25,NO,,,
0.545948392937981,6030,17.3759765625,0.25,NO,,,
0.545948392937981,6030,17.3759765625,0.25,NO,,,
0.545948392937981,6030,17.3759765625,0.25,NO,,,
0.5468537799909461,6040,13.2900390625,0.3125,NO,,,
0.5468537799909461,6040,13.2900390625,0.3125,NO,,,
0.5468537799909461,6040,13.2900390625,0.3125,NO,,,
0.5468537799909461,6040,13.2900390625,0.3125,NO,,,
0.5468537799909461,6040,13.2900390625,0.3125,NO,,,
0.5468537799909461,6040,13.2900390625,0.3125,NO,,,
0.5468537799909461,6040,13.2900390625,0.3125,NO,,,
0.5468537799909461,6040,13.2900390625,0.3125,NO,,,
0.5468537799909461,6040,13.2900390625,0.3125,NO,,,
0.5468537799909461,6040,13.2900390625,0.3125,NO,,,
0.5477591670439113,6050,8.338513374328613,0.46875,NO,,,
0.5477591670439113,6050,8.338513374328613,0.46875,NO,,,
0.5477591670439113,6050,8.338513374328613,0.46875,NO,,,
0.5477591670439113,6050,8.338513374328613,0.46875,NO,,,
0.5477591670439113,6050,8.338513374328613,0.46875,NO,,,
0.5477591670439113,6050,8.338513374328613,0.46875,NO,,,
0.5477591670439113,6050,8.338513374328613,0.46875,NO,,,
0.5477591670439113,6050,8.338513374328613,0.46875,NO,,,
0.5477591670439113,6050,8.338513374328613,0.46875,NO,,,
0.5477591670439113,6050,8.338513374328613,0.46875,NO,,,
0.5486645540968764,6060,7.715458393096924,0.28125,NO,,,
0.5486645540968764,6060,7.715458393096924,0.28125,NO,,,
0.5486645540968764,6060,7.715458393096924,0.28125,NO,,,
0.5486645540968764,6060,7.715458393096924,0.28125,NO,,,
0.5486645540968764,6060,7.715458393096924,0.28125,NO,,,
0.5486645540968764,6060,7.715458393096924,0.28125,NO,,,
0.5486645540968764,6060,7.715458393096924,0.28125,NO,,,
0.5486645540968764,6060,7.715458393096924,0.28125,NO,,,
0.5486645540968764,6060,7.715458393096924,0.28125,NO,,,
0.5486645540968764,6060,7.715458393096924,0.28125,NO,,,
0.5495699411498416,6070,7.014724254608154,0.34375,NO,,,
0.5495699411498416,6070,7.014724254608154,0.34375,NO,,,
0.5495699411498416,6070,7.014724254608154,0.34375,NO,,,
0.5495699411498416,6070,7.014724254608154,0.34375,NO,,,
0.5495699411498416,6070,7.014724254608154,0.34375,NO,,,
0.5495699411498416,6070,7.014724254608154,0.34375,NO,,,
0.5495699411498416,6070,7.014724254608154,0.34375,NO,,,
0.5495699411498416,6070,7.014724254608154,0.34375,NO,,,
0.5495699411498416,6070,7.014724254608154,0.34375,NO,,,
0.5495699411498416,6070,7.014724254608154,0.34375,NO,,,
0.5504753282028066,6080,4.522982120513916,0.34375,NO,,,
0.5504753282028066,6080,4.522982120513916,0.34375,NO,,,
0.5504753282028066,6080,4.522982120513916,0.34375,NO,,,
0.5504753282028066,6080,4.522982120513916,0.34375,NO,,,
0.5504753282028066,6080,4.522982120513916,0.34375,NO,,,
0.5504753282028066,6080,4.522982120513916,0.34375,NO,,,
0.5504753282028066,6080,4.522982120513916,0.34375,NO,,,
0.5504753282028066,6080,4.522982120513916,0.34375,NO,,,
0.5504753282028066,6080,4.522982120513916,0.34375,NO,,,
0.5504753282028066,6080,4.522982120513916,0.34375,NO,,,
0.5513807152557718,6090,7.669645309448242,0.34375,NO,,,
0.5513807152557718,6090,7.669645309448242,0.34375,NO,,,
0.5513807152557718,6090,7.669645309448242,0.34375,NO,,,
0.5513807152557718,6090,7.669645309448242,0.34375,NO,,,
0.5513807152557718,6090,7.669645309448242,0.34375,NO,,,
0.5513807152557718,6090,7.669645309448242,0.34375,NO,,,
0.5513807152557718,6090,7.669645309448242,0.34375,NO,,,
0.5513807152557718,6090,7.669645309448242,0.34375,NO,,,
0.5513807152557718,6090,7.669645309448242,0.34375,NO,,,
0.5513807152557718,6090,7.669645309448242,0.34375,NO,,,
0.552286102308737,6100,7.7588043212890625,0.25,NO,,,
0.552286102308737,6100,7.7588043212890625,0.25,NO,,,
0.552286102308737,6100,7.7588043212890625,0.25,NO,,,
0.552286102308737,6100,7.7588043212890625,0.25,NO,,,
0.552286102308737,6100,7.7588043212890625,0.25,NO,,,
0.552286102308737,6100,7.7588043212890625,0.25,NO,,,
0.552286102308737,6100,7.7588043212890625,0.25,NO,,,
0.552286102308737,6100,7.7588043212890625,0.25,NO,,,
0.552286102308737,6100,7.7588043212890625,0.25,NO,,,
0.552286102308737,6100,7.7588043212890625,0.25,NO,,,
0.5531914893617021,6110,11.641616821289062,0.3125,NO,,,
0.5531914893617021,6110,11.641616821289062,0.3125,NO,,,
0.5531914893617021,6110,11.641616821289062,0.3125,NO,,,
0.5531914893617021,6110,11.641616821289062,0.3125,NO,,,
0.5531914893617021,6110,11.641616821289062,0.3125,NO,,,
0.5531914893617021,6110,11.641616821289062,0.3125,NO,,,
0.5531914893617021,6110,11.641616821289062,0.3125,NO,,,
0.5531914893617021,6110,11.641616821289062,0.3125,NO,,,
0.5531914893617021,6110,11.641616821289062,0.3125,NO,,,
0.5531914893617021,6110,11.641616821289062,0.3125,NO,,,
0.5540968764146673,6120,12.932624816894531,0.28125,NO,,,
0.5540968764146673,6120,12.932624816894531,0.28125,NO,,,
0.5540968764146673,6120,12.932624816894531,0.28125,NO,,,
0.5540968764146673,6120,12.932624816894531,0.28125,NO,,,
0.5540968764146673,6120,12.932624816894531,0.28125,NO,,,
0.5540968764146673,6120,12.932624816894531,0.28125,NO,,,
0.5540968764146673,6120,12.932624816894531,0.28125,NO,,,
0.5540968764146673,6120,12.932624816894531,0.28125,NO,,,
0.5540968764146673,6120,12.932624816894531,0.28125,NO,,,
0.5540968764146673,6120,12.932624816894531,0.28125,NO,,,
0.5550022634676324,6130,7.814577579498291,0.46875,NO,,,
0.5550022634676324,6130,7.814577579498291,0.46875,NO,,,
0.5550022634676324,6130,7.814577579498291,0.46875,NO,,,
0.5550022634676324,6130,7.814577579498291,0.46875,NO,,,
0.5550022634676324,6130,7.814577579498291,0.46875,NO,,,
0.5550022634676324,6130,7.814577579498291,0.46875,NO,,,
0.5550022634676324,6130,7.814577579498291,0.46875,NO,,,
0.5550022634676324,6130,7.814577579498291,0.46875,NO,,,
0.5550022634676324,6130,7.814577579498291,0.46875,NO,,,
0.5550022634676324,6130,7.814577579498291,0.46875,NO,,,
0.5559076505205975,6140,7.666295051574707,0.34375,NO,,,
0.5559076505205975,6140,7.666295051574707,0.34375,NO,,,
0.5559076505205975,6140,7.666295051574707,0.34375,NO,,,
0.5559076505205975,6140,7.666295051574707,0.34375,NO,,,
0.5559076505205975,6140,7.666295051574707,0.34375,NO,,,
0.5559076505205975,6140,7.666295051574707,0.34375,NO,,,
0.5559076505205975,6140,7.666295051574707,0.34375,NO,,,
0.5559076505205975,6140,7.666295051574707,0.34375,NO,,,
0.5559076505205975,6140,7.666295051574707,0.34375,NO,,,
0.5559076505205975,6140,7.666295051574707,0.34375,NO,,,
0.5568130375735627,6150,11.439577102661133,0.3125,NO,,,
0.5568130375735627,6150,11.439577102661133,0.3125,NO,,,
0.5568130375735627,6150,11.439577102661133,0.3125,NO,,,
0.5568130375735627,6150,11.439577102661133,0.3125,NO,,,
0.5568130375735627,6150,11.439577102661133,0.3125,NO,,,
0.5568130375735627,6150,11.439577102661133,0.3125,NO,,,
0.5568130375735627,6150,11.439577102661133,0.3125,NO,,,
0.5568130375735627,6150,11.439577102661133,0.3125,NO,,,
0.5568130375735627,6150,11.439577102661133,0.3125,NO,,,
0.5568130375735627,6150,11.439577102661133,0.3125,NO,,,
0.5577184246265279,6160,6.69047737121582,0.34375,NO,,,
0.5577184246265279,6160,6.69047737121582,0.34375,NO,,,
0.5577184246265279,6160,6.69047737121582,0.34375,NO,,,
0.5577184246265279,6160,6.69047737121582,0.34375,NO,,,
0.5577184246265279,6160,6.69047737121582,0.34375,NO,,,
0.5577184246265279,6160,6.69047737121582,0.34375,NO,,,
0.5577184246265279,6160,6.69047737121582,0.34375,NO,,,
0.5577184246265279,6160,6.69047737121582,0.34375,NO,,,
0.5577184246265279,6160,6.69047737121582,0.34375,NO,,,
0.5577184246265279,6160,6.69047737121582,0.34375,NO,,,
0.5586238116794929,6170,9.862225532531738,0.1875,NO,,,
0.5586238116794929,6170,9.862225532531738,0.1875,NO,,,
0.5586238116794929,6170,9.862225532531738,0.1875,NO,,,
0.5586238116794929,6170,9.862225532531738,0.1875,NO,,,
0.5586238116794929,6170,9.862225532531738,0.1875,NO,,,
0.5586238116794929,6170,9.862225532531738,0.1875,NO,,,
0.5586238116794929,6170,9.862225532531738,0.1875,NO,,,
0.5586238116794929,6170,9.862225532531738,0.1875,NO,,,
0.5586238116794929,6170,9.862225532531738,0.1875,NO,,,
0.5586238116794929,6170,9.862225532531738,0.1875,NO,,,
0.5595291987324581,6180,9.26150131225586,0.28125,NO,,,
0.5595291987324581,6180,9.26150131225586,0.28125,NO,,,
0.5595291987324581,6180,9.26150131225586,0.28125,NO,,,
0.5595291987324581,6180,9.26150131225586,0.28125,NO,,,
0.5595291987324581,6180,9.26150131225586,0.28125,NO,,,
0.5595291987324581,6180,9.26150131225586,0.28125,NO,,,
0.5595291987324581,6180,9.26150131225586,0.28125,NO,,,
0.5595291987324581,6180,9.26150131225586,0.28125,NO,,,
0.5595291987324581,6180,9.26150131225586,0.28125,NO,,,
0.5595291987324581,6180,9.26150131225586,0.28125,NO,,,
0.5604345857854233,6190,7.8577775955200195,0.34375,NO,,,
0.5604345857854233,6190,7.8577775955200195,0.34375,NO,,,
0.5604345857854233,6190,7.8577775955200195,0.34375,NO,,,
0.5604345857854233,6190,7.8577775955200195,0.34375,NO,,,
0.5604345857854233,6190,7.8577775955200195,0.34375,NO,,,
0.5604345857854233,6190,7.8577775955200195,0.34375,NO,,,
0.5604345857854233,6190,7.8577775955200195,0.34375,NO,,,
0.5604345857854233,6190,7.8577775955200195,0.34375,NO,,,
0.5604345857854233,6190,7.8577775955200195,0.34375,NO,,,
0.5604345857854233,6190,7.8577775955200195,0.34375,NO,,,
0.5613399728383884,6200,6.132321357727051,0.34375,NO,,,
0.5613399728383884,6200,6.132321357727051,0.34375,NO,,,
0.5613399728383884,6200,6.132321357727051,0.34375,NO,,,
0.5613399728383884,6200,6.132321357727051,0.34375,NO,,,
0.5613399728383884,6200,6.132321357727051,0.34375,NO,,,
0.5613399728383884,6200,6.132321357727051,0.34375,NO,,,
0.5613399728383884,6200,6.132321357727051,0.34375,NO,,,
0.5613399728383884,6200,6.132321357727051,0.34375,NO,,,
0.5613399728383884,6200,6.132321357727051,0.34375,NO,,,
0.5613399728383884,6200,6.132321357727051,0.34375,NO,,,
0.5622453598913536,6210,9.0716552734375,0.1875,NO,,,
0.5622453598913536,6210,9.0716552734375,0.1875,NO,,,
0.5622453598913536,6210,9.0716552734375,0.1875,NO,,,
0.5622453598913536,6210,9.0716552734375,0.1875,NO,,,
0.5622453598913536,6210,9.0716552734375,0.1875,NO,,,
0.5622453598913536,6210,9.0716552734375,0.1875,NO,,,
0.5622453598913536,6210,9.0716552734375,0.1875,NO,,,
0.5622453598913536,6210,9.0716552734375,0.1875,NO,,,
0.5622453598913536,6210,9.0716552734375,0.1875,NO,,,
0.5622453598913536,6210,9.0716552734375,0.1875,NO,,,
0.5631507469443187,6220,5.635285377502441,0.4375,NO,,,
0.5631507469443187,6220,5.635285377502441,0.4375,NO,,,
0.5631507469443187,6220,5.635285377502441,0.4375,NO,,,
0.5631507469443187,6220,5.635285377502441,0.4375,NO,,,
0.5631507469443187,6220,5.635285377502441,0.4375,NO,,,
0.5631507469443187,6220,5.635285377502441,0.4375,NO,,,
0.5631507469443187,6220,5.635285377502441,0.4375,NO,,,
0.5631507469443187,6220,5.635285377502441,0.4375,NO,,,
0.5631507469443187,6220,5.635285377502441,0.4375,NO,,,
0.5631507469443187,6220,5.635285377502441,0.4375,NO,,,
0.5640561339972838,6230,7.360997200012207,0.34375,NO,,,
0.5640561339972838,6230,7.360997200012207,0.34375,NO,,,
0.5640561339972838,6230,7.360997200012207,0.34375,NO,,,
0.5640561339972838,6230,7.360997200012207,0.34375,NO,,,
0.5640561339972838,6230,7.360997200012207,0.34375,NO,,,
0.5640561339972838,6230,7.360997200012207,0.34375,NO,,,
0.5640561339972838,6230,7.360997200012207,0.34375,NO,,,
0.5640561339972838,6230,7.360997200012207,0.34375,NO,,,
0.5640561339972838,6230,7.360997200012207,0.34375,NO,,,
0.5640561339972838,6230,7.360997200012207,0.34375,NO,,,
0.564961521050249,6240,5.604621410369873,0.25,NO,,,
0.564961521050249,6240,5.604621410369873,0.25,NO,,,
0.564961521050249,6240,5.604621410369873,0.25,NO,,,
0.564961521050249,6240,5.604621410369873,0.25,NO,,,
0.564961521050249,6240,5.604621410369873,0.25,NO,,,
0.564961521050249,6240,5.604621410369873,0.25,NO,,,
0.564961521050249,6240,5.604621410369873,0.25,NO,,,
0.564961521050249,6240,5.604621410369873,0.25,NO,,,
0.564961521050249,6240,5.604621410369873,0.25,NO,,,
0.564961521050249,6240,5.604621410369873,0.25,NO,,,
0.5658669081032142,6250,12.223176956176758,0.28125,NO,,,
0.5658669081032142,6250,12.223176956176758,0.28125,NO,,,
0.5658669081032142,6250,12.223176956176758,0.28125,NO,,,
0.5658669081032142,6250,12.223176956176758,0.28125,NO,,,
0.5658669081032142,6250,12.223176956176758,0.28125,NO,,,
0.5658669081032142,6250,12.223176956176758,0.28125,NO,,,
0.5658669081032142,6250,12.223176956176758,0.28125,NO,,,
0.5658669081032142,6250,12.223176956176758,0.28125,NO,,,
0.5658669081032142,6250,12.223176956176758,0.28125,NO,,,
0.5658669081032142,6250,12.223176956176758,0.28125,NO,,,
0.5667722951561792,6260,10.471162796020508,0.28125,NO,,,
0.5667722951561792,6260,10.471162796020508,0.28125,NO,,,
0.5667722951561792,6260,10.471162796020508,0.28125,NO,,,
0.5667722951561792,6260,10.471162796020508,0.28125,NO,,,
0.5667722951561792,6260,10.471162796020508,0.28125,NO,,,
0.5667722951561792,6260,10.471162796020508,0.28125,NO,,,
0.5667722951561792,6260,10.471162796020508,0.28125,NO,,,
0.5667722951561792,6260,10.471162796020508,0.28125,NO,,,
0.5667722951561792,6260,10.471162796020508,0.28125,NO,,,
0.5667722951561792,6260,10.471162796020508,0.28125,NO,,,
0.5676776822091444,6270,4.690336227416992,0.34375,NO,,,
0.5676776822091444,6270,4.690336227416992,0.34375,NO,,,
0.5676776822091444,6270,4.690336227416992,0.34375,NO,,,
0.5676776822091444,6270,4.690336227416992,0.34375,NO,,,
0.5676776822091444,6270,4.690336227416992,0.34375,NO,,,
0.5676776822091444,6270,4.690336227416992,0.34375,NO,,,
0.5676776822091444,6270,4.690336227416992,0.34375,NO,,,
0.5676776822091444,6270,4.690336227416992,0.34375,NO,,,
0.5676776822091444,6270,4.690336227416992,0.34375,NO,,,
0.5676776822091444,6270,4.690336227416992,0.34375,NO,,,
0.5685830692621096,6280,5.20801305770874,0.40625,NO,,,
0.5685830692621096,6280,5.20801305770874,0.40625,NO,,,
0.5685830692621096,6280,5.20801305770874,0.40625,NO,,,
0.5685830692621096,6280,5.20801305770874,0.40625,NO,,,
0.5685830692621096,6280,5.20801305770874,0.40625,NO,,,
0.5685830692621096,6280,5.20801305770874,0.40625,NO,,,
0.5685830692621096,6280,5.20801305770874,0.40625,NO,,,
0.5685830692621096,6280,5.20801305770874,0.40625,NO,,,
0.5685830692621096,6280,5.20801305770874,0.40625,NO,,,
0.5685830692621096,6280,5.20801305770874,0.40625,NO,,,
0.5694884563150747,6290,6.907959938049316,0.21875,NO,,,
0.5694884563150747,6290,6.907959938049316,0.21875,NO,,,
0.5694884563150747,6290,6.907959938049316,0.21875,NO,,,
0.5694884563150747,6290,6.907959938049316,0.21875,NO,,,
0.5694884563150747,6290,6.907959938049316,0.21875,NO,,,
0.5694884563150747,6290,6.907959938049316,0.21875,NO,,,
0.5694884563150747,6290,6.907959938049316,0.21875,NO,,,
0.5694884563150747,6290,6.907959938049316,0.21875,NO,,,
0.5694884563150747,6290,6.907959938049316,0.21875,NO,,,
0.5694884563150747,6290,6.907959938049316,0.21875,NO,,,
0.5703938433680399,6300,11.420197486877441,0.25,NO,,,
0.5703938433680399,6300,11.420197486877441,0.25,NO,,,
0.5703938433680399,6300,11.420197486877441,0.25,NO,,,
0.5703938433680399,6300,11.420197486877441,0.25,NO,,,
0.5703938433680399,6300,11.420197486877441,0.25,NO,,,
0.5703938433680399,6300,11.420197486877441,0.25,NO,,,
0.5703938433680399,6300,11.420197486877441,0.25,NO,,,
0.5703938433680399,6300,11.420197486877441,0.25,NO,,,
0.5703938433680399,6300,11.420197486877441,0.25,NO,,,
0.5703938433680399,6300,11.420197486877441,0.25,NO,,,
0.5712992304210049,6310,6.264796733856201,0.4375,NO,,,
0.5712992304210049,6310,6.264796733856201,0.4375,NO,,,
0.5712992304210049,6310,6.264796733856201,0.4375,NO,,,
0.5712992304210049,6310,6.264796733856201,0.4375,NO,,,
0.5712992304210049,6310,6.264796733856201,0.4375,NO,,,
0.5712992304210049,6310,6.264796733856201,0.4375,NO,,,
0.5712992304210049,6310,6.264796733856201,0.4375,NO,,,
0.5712992304210049,6310,6.264796733856201,0.4375,NO,,,
0.5712992304210049,6310,6.264796733856201,0.4375,NO,,,
0.5712992304210049,6310,6.264796733856201,0.4375,NO,,,
0.5722046174739701,6320,7.088642597198486,0.40625,NO,,,
0.5722046174739701,6320,7.088642597198486,0.40625,NO,,,
0.5722046174739701,6320,7.088642597198486,0.40625,NO,,,
0.5722046174739701,6320,7.088642597198486,0.40625,NO,,,
0.5722046174739701,6320,7.088642597198486,0.40625,NO,,,
0.5722046174739701,6320,7.088642597198486,0.40625,NO,,,
0.5722046174739701,6320,7.088642597198486,0.40625,NO,,,
0.5722046174739701,6320,7.088642597198486,0.40625,NO,,,
0.5722046174739701,6320,7.088642597198486,0.40625,NO,,,
0.5722046174739701,6320,7.088642597198486,0.40625,NO,,,
0.5731100045269353,6330,7.740869522094727,0.28125,NO,,,
0.5731100045269353,6330,7.740869522094727,0.28125,NO,,,
0.5731100045269353,6330,7.740869522094727,0.28125,NO,,,
0.5731100045269353,6330,7.740869522094727,0.28125,NO,,,
0.5731100045269353,6330,7.740869522094727,0.28125,NO,,,
0.5731100045269353,6330,7.740869522094727,0.28125,NO,,,
0.5731100045269353,6330,7.740869522094727,0.28125,NO,,,
0.5731100045269353,6330,7.740869522094727,0.28125,NO,,,
0.5731100045269353,6330,7.740869522094727,0.28125,NO,,,
0.5731100045269353,6330,7.740869522094727,0.28125,NO,,,
0.5740153915799004,6340,8.287749290466309,0.28125,NO,,,
0.5740153915799004,6340,8.287749290466309,0.28125,NO,,,
0.5740153915799004,6340,8.287749290466309,0.28125,NO,,,
0.5740153915799004,6340,8.287749290466309,0.28125,NO,,,
0.5740153915799004,6340,8.287749290466309,0.28125,NO,,,
0.5740153915799004,6340,8.287749290466309,0.28125,NO,,,
0.5740153915799004,6340,8.287749290466309,0.28125,NO,,,
0.5740153915799004,6340,8.287749290466309,0.28125,NO,,,
0.5740153915799004,6340,8.287749290466309,0.28125,NO,,,
0.5740153915799004,6340,8.287749290466309,0.28125,NO,,,
0.5749207786328655,6350,6.231250286102295,0.40625,NO,,,
0.5749207786328655,6350,6.231250286102295,0.40625,NO,,,
0.5749207786328655,6350,6.231250286102295,0.40625,NO,,,
0.5749207786328655,6350,6.231250286102295,0.40625,NO,,,
0.5749207786328655,6350,6.231250286102295,0.40625,NO,,,
0.5749207786328655,6350,6.231250286102295,0.40625,NO,,,
0.5749207786328655,6350,6.231250286102295,0.40625,NO,,,
0.5749207786328655,6350,6.231250286102295,0.40625,NO,,,
0.5749207786328655,6350,6.231250286102295,0.40625,NO,,,
0.5749207786328655,6350,6.231250286102295,0.40625,NO,,,
0.5758261656858307,6360,9.442054748535156,0.28125,NO,,,
0.5758261656858307,6360,9.442054748535156,0.28125,NO,,,
0.5758261656858307,6360,9.442054748535156,0.28125,NO,,,
0.5758261656858307,6360,9.442054748535156,0.28125,NO,,,
0.5758261656858307,6360,9.442054748535156,0.28125,NO,,,
0.5758261656858307,6360,9.442054748535156,0.28125,NO,,,
0.5758261656858307,6360,9.442054748535156,0.28125,NO,,,
0.5758261656858307,6360,9.442054748535156,0.28125,NO,,,
0.5758261656858307,6360,9.442054748535156,0.28125,NO,,,
0.5758261656858307,6360,9.442054748535156,0.28125,NO,,,
0.5767315527387958,6370,8.919628143310547,0.25,NO,,,
0.5767315527387958,6370,8.919628143310547,0.25,NO,,,
0.5767315527387958,6370,8.919628143310547,0.25,NO,,,
0.5767315527387958,6370,8.919628143310547,0.25,NO,,,
0.5767315527387958,6370,8.919628143310547,0.25,NO,,,
0.5767315527387958,6370,8.919628143310547,0.25,NO,,,
0.5767315527387958,6370,8.919628143310547,0.25,NO,,,
0.5767315527387958,6370,8.919628143310547,0.25,NO,,,
0.5767315527387958,6370,8.919628143310547,0.25,NO,,,
0.5767315527387958,6370,8.919628143310547,0.25,NO,,,
0.577636939791761,6380,5.408786296844482,0.25,NO,,,
0.577636939791761,6380,5.408786296844482,0.25,NO,,,
0.577636939791761,6380,5.408786296844482,0.25,NO,,,
0.577636939791761,6380,5.408786296844482,0.25,NO,,,
0.577636939791761,6380,5.408786296844482,0.25,NO,,,
0.577636939791761,6380,5.408786296844482,0.25,NO,,,
0.577636939791761,6380,5.408786296844482,0.25,NO,,,
0.577636939791761,6380,5.408786296844482,0.25,NO,,,
0.577636939791761,6380,5.408786296844482,0.25,NO,,,
0.577636939791761,6380,5.408786296844482,0.25,NO,,,
0.5785423268447262,6390,7.603097915649414,0.21875,NO,,,
0.5785423268447262,6390,7.603097915649414,0.21875,NO,,,
0.5785423268447262,6390,7.603097915649414,0.21875,NO,,,
0.5785423268447262,6390,7.603097915649414,0.21875,NO,,,
0.5785423268447262,6390,7.603097915649414,0.21875,NO,,,
0.5785423268447262,6390,7.603097915649414,0.21875,NO,,,
0.5785423268447262,6390,7.603097915649414,0.21875,NO,,,
0.5785423268447262,6390,7.603097915649414,0.21875,NO,,,
0.5785423268447262,6390,7.603097915649414,0.21875,NO,,,
0.5785423268447262,6390,7.603097915649414,0.21875,NO,,,
0.5794477138976912,6400,3.695974349975586,0.4375,NO,,,
0.5794477138976912,6400,3.695974349975586,0.4375,NO,,,
0.5794477138976912,6400,3.695974349975586,0.4375,NO,,,
0.5794477138976912,6400,3.695974349975586,0.4375,NO,,,
0.5794477138976912,6400,3.695974349975586,0.4375,NO,,,
0.5794477138976912,6400,3.695974349975586,0.4375,NO,,,
0.5794477138976912,6400,3.695974349975586,0.4375,NO,,,
0.5794477138976912,6400,3.695974349975586,0.4375,NO,,,
0.5794477138976912,6400,3.695974349975586,0.4375,NO,,,
0.5794477138976912,6400,3.695974349975586,0.4375,NO,,,
0.5803531009506564,6410,3.8173084259033203,0.40625,NO,,,
0.5803531009506564,6410,3.8173084259033203,0.40625,NO,,,
0.5803531009506564,6410,3.8173084259033203,0.40625,NO,,,
0.5803531009506564,6410,3.8173084259033203,0.40625,NO,,,
0.5803531009506564,6410,3.8173084259033203,0.40625,NO,,,
0.5803531009506564,6410,3.8173084259033203,0.40625,NO,,,
0.5803531009506564,6410,3.8173084259033203,0.40625,NO,,,
0.5803531009506564,6410,3.8173084259033203,0.40625,NO,,,
0.5803531009506564,6410,3.8173084259033203,0.40625,NO,,,
0.5803531009506564,6410,3.8173084259033203,0.40625,NO,,,
0.5812584880036216,6420,4.220305442810059,0.3125,NO,,,
0.5812584880036216,6420,4.220305442810059,0.3125,NO,,,
0.5812584880036216,6420,4.220305442810059,0.3125,NO,,,
0.5812584880036216,6420,4.220305442810059,0.3125,NO,,,
0.5812584880036216,6420,4.220305442810059,0.3125,NO,,,
0.5812584880036216,6420,4.220305442810059,0.3125,NO,,,
0.5812584880036216,6420,4.220305442810059,0.3125,NO,,,
0.5812584880036216,6420,4.220305442810059,0.3125,NO,,,
0.5812584880036216,6420,4.220305442810059,0.3125,NO,,,
0.5812584880036216,6420,4.220305442810059,0.3125,NO,,,
0.5821638750565867,6430,6.92693567276001,0.25,NO,,,
0.5821638750565867,6430,6.92693567276001,0.25,NO,,,
0.5821638750565867,6430,6.92693567276001,0.25,NO,,,
0.5821638750565867,6430,6.92693567276001,0.25,NO,,,
0.5821638750565867,6430,6.92693567276001,0.25,NO,,,
0.5821638750565867,6430,6.92693567276001,0.25,NO,,,
0.5821638750565867,6430,6.92693567276001,0.25,NO,,,
0.5821638750565867,6430,6.92693567276001,0.25,NO,,,
0.5821638750565867,6430,6.92693567276001,0.25,NO,,,
0.5821638750565867,6430,6.92693567276001,0.25,NO,,,
0.5830692621095518,6440,5.695803642272949,0.28125,NO,,,
0.5830692621095518,6440,5.695803642272949,0.28125,NO,,,
0.5830692621095518,6440,5.695803642272949,0.28125,NO,,,
0.5830692621095518,6440,5.695803642272949,0.28125,NO,,,
0.5830692621095518,6440,5.695803642272949,0.28125,NO,,,
0.5830692621095518,6440,5.695803642272949,0.28125,NO,,,
0.5830692621095518,6440,5.695803642272949,0.28125,NO,,,
0.5830692621095518,6440,5.695803642272949,0.28125,NO,,,
0.5830692621095518,6440,5.695803642272949,0.28125,NO,,,
0.5830692621095518,6440,5.695803642272949,0.28125,NO,,,
0.583974649162517,6450,6.152048110961914,0.21875,NO,,,
0.583974649162517,6450,6.152048110961914,0.21875,NO,,,
0.583974649162517,6450,6.152048110961914,0.21875,NO,,,
0.583974649162517,6450,6.152048110961914,0.21875,NO,,,
0.583974649162517,6450,6.152048110961914,0.21875,NO,,,
0.583974649162517,6450,6.152048110961914,0.21875,NO,,,
0.583974649162517,6450,6.152048110961914,0.21875,NO,,,
0.583974649162517,6450,6.152048110961914,0.21875,NO,,,
0.583974649162517,6450,6.152048110961914,0.21875,NO,,,
0.583974649162517,6450,6.152048110961914,0.21875,NO,,,
0.5848800362154821,6460,4.364128112792969,0.34375,NO,,,
0.5848800362154821,6460,4.364128112792969,0.34375,NO,,,
0.5848800362154821,6460,4.364128112792969,0.34375,NO,,,
0.5848800362154821,6460,4.364128112792969,0.34375,NO,,,
0.5848800362154821,6460,4.364128112792969,0.34375,NO,,,
0.5848800362154821,6460,4.364128112792969,0.34375,NO,,,
0.5848800362154821,6460,4.364128112792969,0.34375,NO,,,
0.5848800362154821,6460,4.364128112792969,0.34375,NO,,,
0.5848800362154821,6460,4.364128112792969,0.34375,NO,,,
0.5848800362154821,6460,4.364128112792969,0.34375,NO,,,
0.5857854232684473,6470,5.2779765129089355,0.3125,NO,,,
0.5857854232684473,6470,5.2779765129089355,0.3125,NO,,,
0.5857854232684473,6470,5.2779765129089355,0.3125,NO,,,
0.5857854232684473,6470,5.2779765129089355,0.3125,NO,,,
0.5857854232684473,6470,5.2779765129089355,0.3125,NO,,,
0.5857854232684473,6470,5.2779765129089355,0.3125,NO,,,
0.5857854232684473,6470,5.2779765129089355,0.3125,NO,,,
0.5857854232684473,6470,5.2779765129089355,0.3125,NO,,,
0.5857854232684473,6470,5.2779765129089355,0.3125,NO,,,
0.5857854232684473,6470,5.2779765129089355,0.3125,NO,,,
0.5866908103214125,6480,4.038539886474609,0.28125,NO,,,
0.5866908103214125,6480,4.038539886474609,0.28125,NO,,,
0.5866908103214125,6480,4.038539886474609,0.28125,NO,,,
0.5866908103214125,6480,4.038539886474609,0.28125,NO,,,
0.5866908103214125,6480,4.038539886474609,0.28125,NO,,,
0.5866908103214125,6480,4.038539886474609,0.28125,NO,,,
0.5866908103214125,6480,4.038539886474609,0.28125,NO,,,
0.5866908103214125,6480,4.038539886474609,0.28125,NO,,,
0.5866908103214125,6480,4.038539886474609,0.28125,NO,,,
0.5866908103214125,6480,4.038539886474609,0.28125,NO,,,
0.5875961973743775,6490,3.4061365127563477,0.4375,NO,,,
0.5875961973743775,6490,3.4061365127563477,0.4375,NO,,,
0.5875961973743775,6490,3.4061365127563477,0.4375,NO,,,
0.5875961973743775,6490,3.4061365127563477,0.4375,NO,,,
0.5875961973743775,6490,3.4061365127563477,0.4375,NO,,,
0.5875961973743775,6490,3.4061365127563477,0.4375,NO,,,
0.5875961973743775,6490,3.4061365127563477,0.4375,NO,,,
0.5875961973743775,6490,3.4061365127563477,0.4375,NO,,,
0.5875961973743775,6490,3.4061365127563477,0.4375,NO,,,
0.5875961973743775,6490,3.4061365127563477,0.4375,NO,,,
0.5885015844273427,6500,4.342973709106445,0.25,NO,,,
0.5885015844273427,6500,4.342973709106445,0.25,NO,,,
0.5885015844273427,6500,4.342973709106445,0.25,NO,,,
0.5885015844273427,6500,4.342973709106445,0.25,NO,,,
0.5885015844273427,6500,4.342973709106445,0.25,NO,,,
0.5885015844273427,6500,4.342973709106445,0.25,NO,,,
0.5885015844273427,6500,4.342973709106445,0.25,NO,,,
0.5885015844273427,6500,4.342973709106445,0.25,NO,,,
0.5885015844273427,6500,4.342973709106445,0.25,NO,,,
0.5885015844273427,6500,4.342973709106445,0.25,NO,,,
0.5894069714803079,6510,4.980967044830322,0.4375,NO,,,
0.5894069714803079,6510,4.980967044830322,0.4375,NO,,,
0.5894069714803079,6510,4.980967044830322,0.4375,NO,,,
0.5894069714803079,6510,4.980967044830322,0.4375,NO,,,
0.5894069714803079,6510,4.980967044830322,0.4375,NO,,,
0.5894069714803079,6510,4.980967044830322,0.4375,NO,,,
0.5894069714803079,6510,4.980967044830322,0.4375,NO,,,
0.5894069714803079,6510,4.980967044830322,0.4375,NO,,,
0.5894069714803079,6510,4.980967044830322,0.4375,NO,,,
0.5894069714803079,6510,4.980967044830322,0.4375,NO,,,
0.590312358533273,6520,5.6954145431518555,0.375,NO,,,
0.590312358533273,6520,5.6954145431518555,0.375,NO,,,
0.590312358533273,6520,5.6954145431518555,0.375,NO,,,
0.590312358533273,6520,5.6954145431518555,0.375,NO,,,
0.590312358533273,6520,5.6954145431518555,0.375,NO,,,
0.590312358533273,6520,5.6954145431518555,0.375,NO,,,
0.590312358533273,6520,5.6954145431518555,0.375,NO,,,
0.590312358533273,6520,5.6954145431518555,0.375,NO,,,
0.590312358533273,6520,5.6954145431518555,0.375,NO,,,
0.590312358533273,6520,5.6954145431518555,0.375,NO,,,
0.5912177455862381,6530,3.824540138244629,0.3125,NO,,,
0.5912177455862381,6530,3.824540138244629,0.3125,NO,,,
0.5912177455862381,6530,3.824540138244629,0.3125,NO,,,
0.5912177455862381,6530,3.824540138244629,0.3125,NO,,,
0.5912177455862381,6530,3.824540138244629,0.3125,NO,,,
0.5912177455862381,6530,3.824540138244629,0.3125,NO,,,
0.5912177455862381,6530,3.824540138244629,0.3125,NO,,,
0.5912177455862381,6530,3.824540138244629,0.3125,NO,,,
0.5912177455862381,6530,3.824540138244629,0.3125,NO,,,
0.5912177455862381,6530,3.824540138244629,0.3125,NO,,,
0.5921231326392032,6540,1.4181852340698242,0.34375,NO,,,
0.5921231326392032,6540,1.4181852340698242,0.34375,NO,,,
0.5921231326392032,6540,1.4181852340698242,0.34375,NO,,,
0.5921231326392032,6540,1.4181852340698242,0.34375,NO,,,
0.5921231326392032,6540,1.4181852340698242,0.34375,NO,,,
0.5921231326392032,6540,1.4181852340698242,0.34375,NO,,,
0.5921231326392032,6540,1.4181852340698242,0.34375,NO,,,
0.5921231326392032,6540,1.4181852340698242,0.34375,NO,,,
0.5921231326392032,6540,1.4181852340698242,0.34375,NO,,,
0.5921231326392032,6540,1.4181852340698242,0.34375,NO,,,
0.5930285196921684,6550,1.754443883895874,0.28125,NO,,,
0.5930285196921684,6550,1.754443883895874,0.28125,NO,,,
0.5930285196921684,6550,1.754443883895874,0.28125,NO,,,
0.5930285196921684,6550,1.754443883895874,0.28125,NO,,,
0.5930285196921684,6550,1.754443883895874,0.28125,NO,,,
0.5930285196921684,6550,1.754443883895874,0.28125,NO,,,
0.5930285196921684,6550,1.754443883895874,0.28125,NO,,,
0.5930285196921684,6550,1.754443883895874,0.28125,NO,,,
0.5930285196921684,6550,1.754443883895874,0.28125,NO,,,
0.5930285196921684,6550,1.754443883895874,0.28125,NO,,,
0.5939339067451336,6560,2.025524139404297,0.375,NO,,,
0.5939339067451336,6560,2.025524139404297,0.375,NO,,,
0.5939339067451336,6560,2.025524139404297,0.375,NO,,,
0.5939339067451336,6560,2.025524139404297,0.375,NO,,,
0.5939339067451336,6560,2.025524139404297,0.375,NO,,,
0.5939339067451336,6560,2.025524139404297,0.375,NO,,,
0.5939339067451336,6560,2.025524139404297,0.375,NO,,,
0.5939339067451336,6560,2.025524139404297,0.375,NO,,,
0.5939339067451336,6560,2.025524139404297,0.375,NO,,,
0.5939339067451336,6560,2.025524139404297,0.375,NO,,,
0.5948392937980986,6570,1.5693531036376953,0.375,NO,,,
0.5948392937980986,6570,1.5693531036376953,0.375,NO,,,
0.5948392937980986,6570,1.5693531036376953,0.375,NO,,,
0.5948392937980986,6570,1.5693531036376953,0.375,NO,,,
0.5948392937980986,6570,1.5693531036376953,0.375,NO,,,
0.5948392937980986,6570,1.5693531036376953,0.375,NO,,,
0.5948392937980986,6570,1.5693531036376953,0.375,NO,,,
0.5948392937980986,6570,1.5693531036376953,0.375,NO,,,
0.5948392937980986,6570,1.5693531036376953,0.375,NO,,,
0.5948392937980986,6570,1.5693531036376953,0.375,NO,,,
0.5957446808510638,6580,3.530257225036621,0.34375,NO,,,
0.5957446808510638,6580,3.530257225036621,0.34375,NO,,,
0.5957446808510638,6580,3.530257225036621,0.34375,NO,,,
0.5957446808510638,6580,3.530257225036621,0.34375,NO,,,
0.5957446808510638,6580,3.530257225036621,0.34375,NO,,,
0.5957446808510638,6580,3.530257225036621,0.34375,NO,,,
0.5957446808510638,6580,3.530257225036621,0.34375,NO,,,
0.5957446808510638,6580,3.530257225036621,0.34375,NO,,,
0.5957446808510638,6580,3.530257225036621,0.34375,NO,,,
0.5957446808510638,6580,3.530257225036621,0.34375,NO,,,
0.596650067904029,6590,3.0645382404327393,0.21875,NO,,,
0.596650067904029,6590,3.0645382404327393,0.21875,NO,,,
0.596650067904029,6590,3.0645382404327393,0.21875,NO,,,
0.596650067904029,6590,3.0645382404327393,0.21875,NO,,,
0.596650067904029,6590,3.0645382404327393,0.21875,NO,,,
0.596650067904029,6590,3.0645382404327393,0.21875,NO,,,
0.596650067904029,6590,3.0645382404327393,0.21875,NO,,,
0.596650067904029,6590,3.0645382404327393,0.21875,NO,,,
0.596650067904029,6590,3.0645382404327393,0.21875,NO,,,
0.596650067904029,6590,3.0645382404327393,0.21875,NO,,,
0.5975554549569941,6600,7.411858558654785,0.28125,NO,,,
0.5975554549569941,6600,7.411858558654785,0.28125,NO,,,
0.5975554549569941,6600,7.411858558654785,0.28125,NO,,,
0.5975554549569941,6600,7.411858558654785,0.28125,NO,,,
0.5975554549569941,6600,7.411858558654785,0.28125,NO,,,
0.5975554549569941,6600,7.411858558654785,0.28125,NO,,,
0.5975554549569941,6600,7.411858558654785,0.28125,NO,,,
0.5975554549569941,6600,7.411858558654785,0.28125,NO,,,
0.5975554549569941,6600,7.411858558654785,0.28125,NO,,,
0.5975554549569941,6600,7.411858558654785,0.28125,NO,,,
0.5984608420099593,6610,4.651409149169922,0.25,NO,,,
0.5984608420099593,6610,4.651409149169922,0.25,NO,,,
0.5984608420099593,6610,4.651409149169922,0.25,NO,,,
0.5984608420099593,6610,4.651409149169922,0.25,NO,,,
0.5984608420099593,6610,4.651409149169922,0.25,NO,,,
0.5984608420099593,6610,4.651409149169922,0.25,NO,,,
0.5984608420099593,6610,4.651409149169922,0.25,NO,,,
0.5984608420099593,6610,4.651409149169922,0.25,NO,,,
0.5984608420099593,6610,4.651409149169922,0.25,NO,,,
0.5984608420099593,6610,4.651409149169922,0.25,NO,,,
0.5993662290629244,6620,4.116076469421387,0.28125,NO,,,
0.5993662290629244,6620,4.116076469421387,0.28125,NO,,,
0.5993662290629244,6620,4.116076469421387,0.28125,NO,,,
0.5993662290629244,6620,4.116076469421387,0.28125,NO,,,
0.5993662290629244,6620,4.116076469421387,0.28125,NO,,,
0.5993662290629244,6620,4.116076469421387,0.28125,NO,,,
0.5993662290629244,6620,4.116076469421387,0.28125,NO,,,
0.5993662290629244,6620,4.116076469421387,0.28125,NO,,,
0.5993662290629244,6620,4.116076469421387,0.28125,NO,,,
0.5993662290629244,6620,4.116076469421387,0.28125,NO,,,
0.6002716161158895,6630,4.971982955932617,0.375,NO,,,
0.6002716161158895,6630,4.971982955932617,0.375,NO,,,
0.6002716161158895,6630,4.971982955932617,0.375,NO,,,
0.6002716161158895,6630,4.971982955932617,0.375,NO,,,
0.6002716161158895,6630,4.971982955932617,0.375,NO,,,
0.6002716161158895,6630,4.971982955932617,0.375,NO,,,
0.6002716161158895,6630,4.971982955932617,0.375,NO,,,
0.6002716161158895,6630,4.971982955932617,0.375,NO,,,
0.6002716161158895,6630,4.971982955932617,0.375,NO,,,
0.6002716161158895,6630,4.971982955932617,0.375,NO,,,
0.6011770031688547,6640,4.476590156555176,0.3125,NO,,,
0.6011770031688547,6640,4.476590156555176,0.3125,NO,,,
0.6011770031688547,6640,4.476590156555176,0.3125,NO,,,
0.6011770031688547,6640,4.476590156555176,0.3125,NO,,,
0.6011770031688547,6640,4.476590156555176,0.3125,NO,,,
0.6011770031688547,6640,4.476590156555176,0.3125,NO,,,
0.6011770031688547,6640,4.476590156555176,0.3125,NO,,,
0.6011770031688547,6640,4.476590156555176,0.3125,NO,,,
0.6011770031688547,6640,4.476590156555176,0.3125,NO,,,
0.6011770031688547,6640,4.476590156555176,0.3125,NO,,,
0.6020823902218199,6650,5.7000861167907715,0.25,NO,,,
0.6020823902218199,6650,5.7000861167907715,0.25,NO,,,
0.6020823902218199,6650,5.7000861167907715,0.25,NO,,,
0.6020823902218199,6650,5.7000861167907715,0.25,NO,,,
0.6020823902218199,6650,5.7000861167907715,0.25,NO,,,
0.6020823902218199,6650,5.7000861167907715,0.25,NO,,,
0.6020823902218199,6650,5.7000861167907715,0.25,NO,,,
0.6020823902218199,6650,5.7000861167907715,0.25,NO,,,
0.6020823902218199,6650,5.7000861167907715,0.25,NO,,,
0.6020823902218199,6650,5.7000861167907715,0.25,NO,,,
0.6029877772747849,6660,7.280917644500732,0.3125,NO,,,
0.6029877772747849,6660,7.280917644500732,0.3125,NO,,,
0.6029877772747849,6660,7.280917644500732,0.3125,NO,,,
0.6029877772747849,6660,7.280917644500732,0.3125,NO,,,
0.6029877772747849,6660,7.280917644500732,0.3125,NO,,,
0.6029877772747849,6660,7.280917644500732,0.3125,NO,,,
0.6029877772747849,6660,7.280917644500732,0.3125,NO,,,
0.6029877772747849,6660,7.280917644500732,0.3125,NO,,,
0.6029877772747849,6660,7.280917644500732,0.3125,NO,,,
0.6029877772747849,6660,7.280917644500732,0.3125,NO,,,
0.6038931643277501,6670,6.589399337768555,0.25,NO,,,
0.6038931643277501,6670,6.589399337768555,0.25,NO,,,
0.6038931643277501,6670,6.589399337768555,0.25,NO,,,
0.6038931643277501,6670,6.589399337768555,0.25,NO,,,
0.6038931643277501,6670,6.589399337768555,0.25,NO,,,
0.6038931643277501,6670,6.589399337768555,0.25,NO,,,
0.6038931643277501,6670,6.589399337768555,0.25,NO,,,
0.6038931643277501,6670,6.589399337768555,0.25,NO,,,
0.6038931643277501,6670,6.589399337768555,0.25,NO,,,
0.6038931643277501,6670,6.589399337768555,0.25,NO,,,
0.6047985513807153,6680,7.216732978820801,0.28125,NO,,,
0.6047985513807153,6680,7.216732978820801,0.28125,NO,,,
0.6047985513807153,6680,7.216732978820801,0.28125,NO,,,
0.6047985513807153,6680,7.216732978820801,0.28125,NO,,,
0.6047985513807153,6680,7.216732978820801,0.28125,NO,,,
0.6047985513807153,6680,7.216732978820801,0.28125,NO,,,
0.6047985513807153,6680,7.216732978820801,0.28125,NO,,,
0.6047985513807153,6680,7.216732978820801,0.28125,NO,,,
0.6047985513807153,6680,7.216732978820801,0.28125,NO,,,
0.6047985513807153,6680,7.216732978820801,0.28125,NO,,,
0.6057039384336804,6690,6.558948516845703,0.40625,NO,,,
0.6057039384336804,6690,6.558948516845703,0.40625,NO,,,
0.6057039384336804,6690,6.558948516845703,0.40625,NO,,,
0.6057039384336804,6690,6.558948516845703,0.40625,NO,,,
0.6057039384336804,6690,6.558948516845703,0.40625,NO,,,
0.6057039384336804,6690,6.558948516845703,0.40625,NO,,,
0.6057039384336804,6690,6.558948516845703,0.40625,NO,,,
0.6057039384336804,6690,6.558948516845703,0.40625,NO,,,
0.6057039384336804,6690,6.558948516845703,0.40625,NO,,,
0.6057039384336804,6690,6.558948516845703,0.40625,NO,,,
0.6066093254866456,6700,5.9318084716796875,0.25,NO,,,
0.6066093254866456,6700,5.9318084716796875,0.25,NO,,,
0.6066093254866456,6700,5.9318084716796875,0.25,NO,,,
0.6066093254866456,6700,5.9318084716796875,0.25,NO,,,
0.6066093254866456,6700,5.9318084716796875,0.25,NO,,,
0.6066093254866456,6700,5.9318084716796875,0.25,NO,,,
0.6066093254866456,6700,5.9318084716796875,0.25,NO,,,
0.6066093254866456,6700,5.9318084716796875,0.25,NO,,,
0.6066093254866456,6700,5.9318084716796875,0.25,NO,,,
0.6066093254866456,6700,5.9318084716796875,0.25,NO,,,
0.6075147125396106,6710,5.585694313049316,0.28125,NO,,,
0.6075147125396106,6710,5.585694313049316,0.28125,NO,,,
0.6075147125396106,6710,5.585694313049316,0.28125,NO,,,
0.6075147125396106,6710,5.585694313049316,0.28125,NO,,,
0.6075147125396106,6710,5.585694313049316,0.28125,NO,,,
0.6075147125396106,6710,5.585694313049316,0.28125,NO,,,
0.6075147125396106,6710,5.585694313049316,0.28125,NO,,,
0.6075147125396106,6710,5.585694313049316,0.28125,NO,,,
0.6075147125396106,6710,5.585694313049316,0.28125,NO,,,
0.6075147125396106,6710,5.585694313049316,0.28125,NO,,,
0.6084200995925758,6720,4.463564872741699,0.375,NO,,,
0.6084200995925758,6720,4.463564872741699,0.375,NO,,,
0.6084200995925758,6720,4.463564872741699,0.375,NO,,,
0.6084200995925758,6720,4.463564872741699,0.375,NO,,,
0.6084200995925758,6720,4.463564872741699,0.375,NO,,,
0.6084200995925758,6720,4.463564872741699,0.375,NO,,,
0.6084200995925758,6720,4.463564872741699,0.375,NO,,,
0.6084200995925758,6720,4.463564872741699,0.375,NO,,,
0.6084200995925758,6720,4.463564872741699,0.375,NO,,,
0.6084200995925758,6720,4.463564872741699,0.375,NO,,,
0.609325486645541,6730,4.94708251953125,0.40625,NO,,,
0.609325486645541,6730,4.94708251953125,0.40625,NO,,,
0.609325486645541,6730,4.94708251953125,0.40625,NO,,,
0.609325486645541,6730,4.94708251953125,0.40625,NO,,,
0.609325486645541,6730,4.94708251953125,0.40625,NO,,,
0.609325486645541,6730,4.94708251953125,0.40625,NO,,,
0.609325486645541,6730,4.94708251953125,0.40625,NO,,,
0.609325486645541,6730,4.94708251953125,0.40625,NO,,,
0.609325486645541,6730,4.94708251953125,0.40625,NO,,,
0.609325486645541,6730,4.94708251953125,0.40625,NO,,,
0.6102308736985061,6740,6.743861675262451,0.375,NO,,,
0.6102308736985061,6740,6.743861675262451,0.375,NO,,,
0.6102308736985061,6740,6.743861675262451,0.375,NO,,,
0.6102308736985061,6740,6.743861675262451,0.375,NO,,,
0.6102308736985061,6740,6.743861675262451,0.375,NO,,,
0.6102308736985061,6740,6.743861675262451,0.375,NO,,,
0.6102308736985061,6740,6.743861675262451,0.375,NO,,,
0.6102308736985061,6740,6.743861675262451,0.375,NO,,,
0.6102308736985061,6740,6.743861675262451,0.375,NO,,,
0.6102308736985061,6740,6.743861675262451,0.375,NO,,,
0.6111362607514712,6750,2.9331092834472656,0.3125,NO,,,
0.6111362607514712,6750,2.9331092834472656,0.3125,NO,,,
0.6111362607514712,6750,2.9331092834472656,0.3125,NO,,,
0.6111362607514712,6750,2.9331092834472656,0.3125,NO,,,
0.6111362607514712,6750,2.9331092834472656,0.3125,NO,,,
0.6111362607514712,6750,2.9331092834472656,0.3125,NO,,,
0.6111362607514712,6750,2.9331092834472656,0.3125,NO,,,
0.6111362607514712,6750,2.9331092834472656,0.3125,NO,,,
0.6111362607514712,6750,2.9331092834472656,0.3125,NO,,,
0.6111362607514712,6750,2.9331092834472656,0.3125,NO,,,
0.6120416478044364,6760,5.4420166015625,0.3125,NO,,,
0.6120416478044364,6760,5.4420166015625,0.3125,NO,,,
0.6120416478044364,6760,5.4420166015625,0.3125,NO,,,
0.6120416478044364,6760,5.4420166015625,0.3125,NO,,,
0.6120416478044364,6760,5.4420166015625,0.3125,NO,,,
0.6120416478044364,6760,5.4420166015625,0.3125,NO,,,
0.6120416478044364,6760,5.4420166015625,0.3125,NO,,,
0.6120416478044364,6760,5.4420166015625,0.3125,NO,,,
0.6120416478044364,6760,5.4420166015625,0.3125,NO,,,
0.6120416478044364,6760,5.4420166015625,0.3125,NO,,,
0.6129470348574015,6770,6.495481491088867,0.34375,NO,,,
0.6129470348574015,6770,6.495481491088867,0.34375,NO,,,
0.6129470348574015,6770,6.495481491088867,0.34375,NO,,,
0.6129470348574015,6770,6.495481491088867,0.34375,NO,,,
0.6129470348574015,6770,6.495481491088867,0.34375,NO,,,
0.6129470348574015,6770,6.495481491088867,0.34375,NO,,,
0.6129470348574015,6770,6.495481491088867,0.34375,NO,,,
0.6129470348574015,6770,6.495481491088867,0.34375,NO,,,
0.6129470348574015,6770,6.495481491088867,0.34375,NO,,,
0.6129470348574015,6770,6.495481491088867,0.34375,NO,,,
0.6138524219103667,6780,6.02426290512085,0.375,NO,,,
0.6138524219103667,6780,6.02426290512085,0.375,NO,,,
0.6138524219103667,6780,6.02426290512085,0.375,NO,,,
0.6138524219103667,6780,6.02426290512085,0.375,NO,,,
0.6138524219103667,6780,6.02426290512085,0.375,NO,,,
0.6138524219103667,6780,6.02426290512085,0.375,NO,,,
0.6138524219103667,6780,6.02426290512085,0.375,NO,,,
0.6138524219103667,6780,6.02426290512085,0.375,NO,,,
0.6138524219103667,6780,6.02426290512085,0.375,NO,,,
0.6138524219103667,6780,6.02426290512085,0.375,NO,,,
0.6147578089633319,6790,5.291380405426025,0.625,NO,,,
0.6147578089633319,6790,5.291380405426025,0.625,NO,,,
0.6147578089633319,6790,5.291380405426025,0.625,NO,,,
0.6147578089633319,6790,5.291380405426025,0.625,NO,,,
0.6147578089633319,6790,5.291380405426025,0.625,NO,,,
0.6147578089633319,6790,5.291380405426025,0.625,NO,,,
0.6147578089633319,6790,5.291380405426025,0.625,NO,,,
0.6147578089633319,6790,5.291380405426025,0.625,NO,,,
0.6147578089633319,6790,5.291380405426025,0.625,NO,,,
0.6147578089633319,6790,5.291380405426025,0.625,NO,,,
0.6156631960162969,6800,5.74931001663208,0.375,NO,,,
0.6156631960162969,6800,5.74931001663208,0.375,NO,,,
0.6156631960162969,6800,5.74931001663208,0.375,NO,,,
0.6156631960162969,6800,5.74931001663208,0.375,NO,,,
0.6156631960162969,6800,5.74931001663208,0.375,NO,,,
0.6156631960162969,6800,5.74931001663208,0.375,NO,,,
0.6156631960162969,6800,5.74931001663208,0.375,NO,,,
0.6156631960162969,6800,5.74931001663208,0.375,NO,,,
0.6156631960162969,6800,5.74931001663208,0.375,NO,,,
0.6156631960162969,6800,5.74931001663208,0.375,NO,,,
0.6165685830692621,6810,7.389235496520996,0.375,NO,,,
0.6165685830692621,6810,7.389235496520996,0.375,NO,,,
0.6165685830692621,6810,7.389235496520996,0.375,NO,,,
0.6165685830692621,6810,7.389235496520996,0.375,NO,,,
0.6165685830692621,6810,7.389235496520996,0.375,NO,,,
0.6165685830692621,6810,7.389235496520996,0.375,NO,,,
0.6165685830692621,6810,7.389235496520996,0.375,NO,,,
0.6165685830692621,6810,7.389235496520996,0.375,NO,,,
0.6165685830692621,6810,7.389235496520996,0.375,NO,,,
0.6165685830692621,6810,7.389235496520996,0.375,NO,,,
0.6174739701222273,6820,6.292760372161865,0.375,NO,,,
0.6174739701222273,6820,6.292760372161865,0.375,NO,,,
0.6174739701222273,6820,6.292760372161865,0.375,NO,,,
0.6174739701222273,6820,6.292760372161865,0.375,NO,,,
0.6174739701222273,6820,6.292760372161865,0.375,NO,,,
0.6174739701222273,6820,6.292760372161865,0.375,NO,,,
0.6174739701222273,6820,6.292760372161865,0.375,NO,,,
0.6174739701222273,6820,6.292760372161865,0.375,NO,,,
0.6174739701222273,6820,6.292760372161865,0.375,NO,,,
0.6174739701222273,6820,6.292760372161865,0.375,NO,,,
0.6183793571751924,6830,8.571969985961914,0.28125,NO,,,
0.6183793571751924,6830,8.571969985961914,0.28125,NO,,,
0.6183793571751924,6830,8.571969985961914,0.28125,NO,,,
0.6183793571751924,6830,8.571969985961914,0.28125,NO,,,
0.6183793571751924,6830,8.571969985961914,0.28125,NO,,,
0.6183793571751924,6830,8.571969985961914,0.28125,NO,,,
0.6183793571751924,6830,8.571969985961914,0.28125,NO,,,
0.6183793571751924,6830,8.571969985961914,0.28125,NO,,,
0.6183793571751924,6830,8.571969985961914,0.28125,NO,,,
0.6183793571751924,6830,8.571969985961914,0.28125,NO,,,
0.6192847442281575,6840,12.043240547180176,0.25,NO,,,
0.6192847442281575,6840,12.043240547180176,0.25,NO,,,
0.6192847442281575,6840,12.043240547180176,0.25,NO,,,
0.6192847442281575,6840,12.043240547180176,0.25,NO,,,
0.6192847442281575,6840,12.043240547180176,0.25,NO,,,
0.6192847442281575,6840,12.043240547180176,0.25,NO,,,
0.6192847442281575,6840,12.043240547180176,0.25,NO,,,
0.6192847442281575,6840,12.043240547180176,0.25,NO,,,
0.6192847442281575,6840,12.043240547180176,0.25,NO,,,
0.6192847442281575,6840,12.043240547180176,0.25,NO,,,
0.6201901312811227,6850,9.489389419555664,0.21875,NO,,,
0.6201901312811227,6850,9.489389419555664,0.21875,NO,,,
0.6201901312811227,6850,9.489389419555664,0.21875,NO,,,
0.6201901312811227,6850,9.489389419555664,0.21875,NO,,,
0.6201901312811227,6850,9.489389419555664,0.21875,NO,,,
0.6201901312811227,6850,9.489389419555664,0.21875,NO,,,
0.6201901312811227,6850,9.489389419555664,0.21875,NO,,,
0.6201901312811227,6850,9.489389419555664,0.21875,NO,,,
0.6201901312811227,6850,9.489389419555664,0.21875,NO,,,
0.6201901312811227,6850,9.489389419555664,0.21875,NO,,,
0.6210955183340878,6860,12.010499954223633,0.3125,NO,,,
0.6210955183340878,6860,12.010499954223633,0.3125,NO,,,
0.6210955183340878,6860,12.010499954223633,0.3125,NO,,,
0.6210955183340878,6860,12.010499954223633,0.3125,NO,,,
0.6210955183340878,6860,12.010499954223633,0.3125,NO,,,
0.6210955183340878,6860,12.010499954223633,0.3125,NO,,,
0.6210955183340878,6860,12.010499954223633,0.3125,NO,,,
0.6210955183340878,6860,12.010499954223633,0.3125,NO,,,
0.6210955183340878,6860,12.010499954223633,0.3125,NO,,,
0.6210955183340878,6860,12.010499954223633,0.3125,NO,,,
0.622000905387053,6870,14.973403930664062,0.1875,NO,,,
0.622000905387053,6870,14.973403930664062,0.1875,NO,,,
0.622000905387053,6870,14.973403930664062,0.1875,NO,,,
0.622000905387053,6870,14.973403930664062,0.1875,NO,,,
0.622000905387053,6870,14.973403930664062,0.1875,NO,,,
0.622000905387053,6870,14.973403930664062,0.1875,NO,,,
0.622000905387053,6870,14.973403930664062,0.1875,NO,,,
0.622000905387053,6870,14.973403930664062,0.1875,NO,,,
0.622000905387053,6870,14.973403930664062,0.1875,NO,,,
0.622000905387053,6870,14.973403930664062,0.1875,NO,,,
0.6229062924400182,6880,11.332677841186523,0.34375,NO,,,
0.6229062924400182,6880,11.332677841186523,0.34375,NO,,,
0.6229062924400182,6880,11.332677841186523,0.34375,NO,,,
0.6229062924400182,6880,11.332677841186523,0.34375,NO,,,
0.6229062924400182,6880,11.332677841186523,0.34375,NO,,,
0.6229062924400182,6880,11.332677841186523,0.34375,NO,,,
0.6229062924400182,6880,11.332677841186523,0.34375,NO,,,
0.6229062924400182,6880,11.332677841186523,0.34375,NO,,,
0.6229062924400182,6880,11.332677841186523,0.34375,NO,,,
0.6229062924400182,6880,11.332677841186523,0.34375,NO,,,
0.6238116794929832,6890,10.878233909606934,0.25,NO,,,
0.6238116794929832,6890,10.878233909606934,0.25,NO,,,
0.6238116794929832,6890,10.878233909606934,0.25,NO,,,
0.6238116794929832,6890,10.878233909606934,0.25,NO,,,
0.6238116794929832,6890,10.878233909606934,0.25,NO,,,
0.6238116794929832,6890,10.878233909606934,0.25,NO,,,
0.6238116794929832,6890,10.878233909606934,0.25,NO,,,
0.6238116794929832,6890,10.878233909606934,0.25,NO,,,
0.6238116794929832,6890,10.878233909606934,0.25,NO,,,
0.6238116794929832,6890,10.878233909606934,0.25,NO,,,
0.6247170665459484,6900,14.039588928222656,0.1875,NO,,,
0.6247170665459484,6900,14.039588928222656,0.1875,NO,,,
0.6247170665459484,6900,14.039588928222656,0.1875,NO,,,
0.6247170665459484,6900,14.039588928222656,0.1875,NO,,,
0.6247170665459484,6900,14.039588928222656,0.1875,NO,,,
0.6247170665459484,6900,14.039588928222656,0.1875,NO,,,
0.6247170665459484,6900,14.039588928222656,0.1875,NO,,,
0.6247170665459484,6900,14.039588928222656,0.1875,NO,,,
0.6247170665459484,6900,14.039588928222656,0.1875,NO,,,
0.6247170665459484,6900,14.039588928222656,0.1875,NO,,,
0.6256224535989136,6910,7.867818355560303,0.4375,NO,,,
0.6256224535989136,6910,7.867818355560303,0.4375,NO,,,
0.6256224535989136,6910,7.867818355560303,0.4375,NO,,,
0.6256224535989136,6910,7.867818355560303,0.4375,NO,,,
0.6256224535989136,6910,7.867818355560303,0.4375,NO,,,
0.6256224535989136,6910,7.867818355560303,0.4375,NO,,,
0.6256224535989136,6910,7.867818355560303,0.4375,NO,,,
0.6256224535989136,6910,7.867818355560303,0.4375,NO,,,
0.6256224535989136,6910,7.867818355560303,0.4375,NO,,,
0.6256224535989136,6910,7.867818355560303,0.4375,NO,,,
0.6265278406518787,6920,8.18194580078125,0.21875,NO,,,
0.6265278406518787,6920,8.18194580078125,0.21875,NO,,,
0.6265278406518787,6920,8.18194580078125,0.21875,NO,,,
0.6265278406518787,6920,8.18194580078125,0.21875,NO,,,
0.6265278406518787,6920,8.18194580078125,0.21875,NO,,,
0.6265278406518787,6920,8.18194580078125,0.21875,NO,,,
0.6265278406518787,6920,8.18194580078125,0.21875,NO,,,
0.6265278406518787,6920,8.18194580078125,0.21875,NO,,,
0.6265278406518787,6920,8.18194580078125,0.21875,NO,,,
0.6265278406518787,6920,8.18194580078125,0.21875,NO,,,
0.6274332277048438,6930,5.024249076843262,0.34375,NO,,,
0.6274332277048438,6930,5.024249076843262,0.34375,NO,,,
0.6274332277048438,6930,5.024249076843262,0.34375,NO,,,
0.6274332277048438,6930,5.024249076843262,0.34375,NO,,,
0.6274332277048438,6930,5.024249076843262,0.34375,NO,,,
0.6274332277048438,6930,5.024249076843262,0.34375,NO,,,
0.6274332277048438,6930,5.024249076843262,0.34375,NO,,,
0.6274332277048438,6930,5.024249076843262,0.34375,NO,,,
0.6274332277048438,6930,5.024249076843262,0.34375,NO,,,
0.6274332277048438,6930,5.024249076843262,0.34375,NO,,,
0.6283386147578089,6940,3.604132652282715,0.53125,NO,,,
0.6283386147578089,6940,3.604132652282715,0.53125,NO,,,
0.6283386147578089,6940,3.604132652282715,0.53125,NO,,,
0.6283386147578089,6940,3.604132652282715,0.53125,NO,,,
0.6283386147578089,6940,3.604132652282715,0.53125,NO,,,
0.6283386147578089,6940,3.604132652282715,0.53125,NO,,,
0.6283386147578089,6940,3.604132652282715,0.53125,NO,,,
0.6283386147578089,6940,3.604132652282715,0.53125,NO,,,
0.6283386147578089,6940,3.604132652282715,0.53125,NO,,,
0.6283386147578089,6940,3.604132652282715,0.53125,NO,,,
0.6292440018107741,6950,2.5450267791748047,0.34375,NO,,,
0.6292440018107741,6950,2.5450267791748047,0.34375,NO,,,
0.6292440018107741,6950,2.5450267791748047,0.34375,NO,,,
0.6292440018107741,6950,2.5450267791748047,0.34375,NO,,,
0.6292440018107741,6950,2.5450267791748047,0.34375,NO,,,
0.6292440018107741,6950,2.5450267791748047,0.34375,NO,,,
0.6292440018107741,6950,2.5450267791748047,0.34375,NO,,,
0.6292440018107741,6950,2.5450267791748047,0.34375,NO,,,
0.6292440018107741,6950,2.5450267791748047,0.34375,NO,,,
0.6292440018107741,6950,2.5450267791748047,0.34375,NO,,,
0.6301493888637393,6960,3.161604881286621,0.25,NO,,,
0.6301493888637393,6960,3.161604881286621,0.25,NO,,,
0.6301493888637393,6960,3.161604881286621,0.25,NO,,,
0.6301493888637393,6960,3.161604881286621,0.25,NO,,,
0.6301493888637393,6960,3.161604881286621,0.25,NO,,,
0.6301493888637393,6960,3.161604881286621,0.25,NO,,,
0.6301493888637393,6960,3.161604881286621,0.25,NO,,,
0.6301493888637393,6960,3.161604881286621,0.25,NO,,,
0.6301493888637393,6960,3.161604881286621,0.25,NO,,,
0.6301493888637393,6960,3.161604881286621,0.25,NO,,,
0.6310547759167043,6970,2.1422390937805176,0.34375,NO,,,
0.6310547759167043,6970,2.1422390937805176,0.34375,NO,,,
0.6310547759167043,6970,2.1422390937805176,0.34375,NO,,,
0.6310547759167043,6970,2.1422390937805176,0.34375,NO,,,
0.6310547759167043,6970,2.1422390937805176,0.34375,NO,,,
0.6310547759167043,6970,2.1422390937805176,0.34375,NO,,,
0.6310547759167043,6970,2.1422390937805176,0.34375,NO,,,
0.6310547759167043,6970,2.1422390937805176,0.34375,NO,,,
0.6310547759167043,6970,2.1422390937805176,0.34375,NO,,,
0.6310547759167043,6970,2.1422390937805176,0.34375,NO,,,
0.6319601629696695,6980,1.7145342826843262,0.46875,NO,,,
0.6319601629696695,6980,1.7145342826843262,0.46875,NO,,,
0.6319601629696695,6980,1.7145342826843262,0.46875,NO,,,
0.6319601629696695,6980,1.7145342826843262,0.46875,NO,,,
0.6319601629696695,6980,1.7145342826843262,0.46875,NO,,,
0.6319601629696695,6980,1.7145342826843262,0.46875,NO,,,
0.6319601629696695,6980,1.7145342826843262,0.46875,NO,,,
0.6319601629696695,6980,1.7145342826843262,0.46875,NO,,,
0.6319601629696695,6980,1.7145342826843262,0.46875,NO,,,
0.6319601629696695,6980,1.7145342826843262,0.46875,NO,,,
0.6328655500226347,6990,1.990835428237915,0.21875,NO,,,
0.6328655500226347,6990,1.990835428237915,0.21875,NO,,,
0.6328655500226347,6990,1.990835428237915,0.21875,NO,,,
0.6328655500226347,6990,1.990835428237915,0.21875,NO,,,
0.6328655500226347,6990,1.990835428237915,0.21875,NO,,,
0.6328655500226347,6990,1.990835428237915,0.21875,NO,,,
0.6328655500226347,6990,1.990835428237915,0.21875,NO,,,
0.6328655500226347,6990,1.990835428237915,0.21875,NO,,,
0.6328655500226347,6990,1.990835428237915,0.21875,NO,,,
0.6328655500226347,6990,1.990835428237915,0.21875,YES,1.4686322212219238,0.32928444104914695,5.237133502960205
0.6337709370755998,7000,1.6694622039794922,0.28125,NO,,,
0.6337709370755998,7000,1.6694622039794922,0.28125,NO,,,
0.6337709370755998,7000,1.6694622039794922,0.28125,NO,,,
0.6337709370755998,7000,1.6694622039794922,0.28125,NO,,,
0.6337709370755998,7000,1.6694622039794922,0.28125,NO,,,
0.6337709370755998,7000,1.6694622039794922,0.28125,NO,,,
0.6337709370755998,7000,1.6694622039794922,0.28125,NO,,,
0.6337709370755998,7000,1.6694622039794922,0.28125,NO,,,
0.6337709370755998,7000,1.6694622039794922,0.28125,NO,,,
0.6337709370755998,7000,1.6694622039794922,0.28125,NO,,,
0.634676324128565,7010,2.314634323120117,0.40625,NO,,,
0.634676324128565,7010,2.314634323120117,0.40625,NO,,,
0.634676324128565,7010,2.314634323120117,0.40625,NO,,,
0.634676324128565,7010,2.314634323120117,0.40625,NO,,,
0.634676324128565,7010,2.314634323120117,0.40625,NO,,,
0.634676324128565,7010,2.314634323120117,0.40625,NO,,,
0.634676324128565,7010,2.314634323120117,0.40625,NO,,,
0.634676324128565,7010,2.314634323120117,0.40625,NO,,,
0.634676324128565,7010,2.314634323120117,0.40625,NO,,,
0.634676324128565,7010,2.314634323120117,0.40625,NO,,,
0.6355817111815301,7020,2.0807862281799316,0.3125,NO,,,
0.6355817111815301,7020,2.0807862281799316,0.3125,NO,,,
0.6355817111815301,7020,2.0807862281799316,0.3125,NO,,,
0.6355817111815301,7020,2.0807862281799316,0.3125,NO,,,
0.6355817111815301,7020,2.0807862281799316,0.3125,NO,,,
0.6355817111815301,7020,2.0807862281799316,0.3125,NO,,,
0.6355817111815301,7020,2.0807862281799316,0.3125,NO,,,
0.6355817111815301,7020,2.0807862281799316,0.3125,NO,,,
0.6355817111815301,7020,2.0807862281799316,0.3125,NO,,,
0.6355817111815301,7020,2.0807862281799316,0.3125,NO,,,
0.6364870982344952,7030,2.107058525085449,0.46875,NO,,,
0.6364870982344952,7030,2.107058525085449,0.46875,NO,,,
0.6364870982344952,7030,2.107058525085449,0.46875,NO,,,
0.6364870982344952,7030,2.107058525085449,0.46875,NO,,,
0.6364870982344952,7030,2.107058525085449,0.46875,NO,,,
0.6364870982344952,7030,2.107058525085449,0.46875,NO,,,
0.6364870982344952,7030,2.107058525085449,0.46875,NO,,,
0.6364870982344952,7030,2.107058525085449,0.46875,NO,,,
0.6364870982344952,7030,2.107058525085449,0.46875,NO,,,
0.6364870982344952,7030,2.107058525085449,0.46875,NO,,,
0.6373924852874604,7040,2.853231906890869,0.40625,NO,,,
0.6373924852874604,7040,2.853231906890869,0.40625,NO,,,
0.6373924852874604,7040,2.853231906890869,0.40625,NO,,,
0.6373924852874604,7040,2.853231906890869,0.40625,NO,,,
0.6373924852874604,7040,2.853231906890869,0.40625,NO,,,
0.6373924852874604,7040,2.853231906890869,0.40625,NO,,,
0.6373924852874604,7040,2.853231906890869,0.40625,NO,,,
0.6373924852874604,7040,2.853231906890869,0.40625,NO,,,
0.6373924852874604,7040,2.853231906890869,0.40625,NO,,,
0.6373924852874604,7040,2.853231906890869,0.40625,NO,,,
0.6382978723404256,7050,5.196549415588379,0.25,NO,,,
0.6382978723404256,7050,5.196549415588379,0.25,NO,,,
0.6382978723404256,7050,5.196549415588379,0.25,NO,,,
0.6382978723404256,7050,5.196549415588379,0.25,NO,,,
0.6382978723404256,7050,5.196549415588379,0.25,NO,,,
0.6382978723404256,7050,5.196549415588379,0.25,NO,,,
0.6382978723404256,7050,5.196549415588379,0.25,NO,,,
0.6382978723404256,7050,5.196549415588379,0.25,NO,,,
0.6382978723404256,7050,5.196549415588379,0.25,NO,,,
0.6382978723404256,7050,5.196549415588379,0.25,NO,,,
0.6392032593933906,7060,4.717174530029297,0.3125,NO,,,
0.6392032593933906,7060,4.717174530029297,0.3125,NO,,,
0.6392032593933906,7060,4.717174530029297,0.3125,NO,,,
0.6392032593933906,7060,4.717174530029297,0.3125,NO,,,
0.6392032593933906,7060,4.717174530029297,0.3125,NO,,,
0.6392032593933906,7060,4.717174530029297,0.3125,NO,,,
0.6392032593933906,7060,4.717174530029297,0.3125,NO,,,
0.6392032593933906,7060,4.717174530029297,0.3125,NO,,,
0.6392032593933906,7060,4.717174530029297,0.3125,NO,,,
0.6392032593933906,7060,4.717174530029297,0.3125,NO,,,
0.6401086464463558,7070,3.675522565841675,0.28125,NO,,,
0.6401086464463558,7070,3.675522565841675,0.28125,NO,,,
0.6401086464463558,7070,3.675522565841675,0.28125,NO,,,
0.6401086464463558,7070,3.675522565841675,0.28125,NO,,,
0.6401086464463558,7070,3.675522565841675,0.28125,NO,,,
0.6401086464463558,7070,3.675522565841675,0.28125,NO,,,
0.6401086464463558,7070,3.675522565841675,0.28125,NO,,,
0.6401086464463558,7070,3.675522565841675,0.28125,NO,,,
0.6401086464463558,7070,3.675522565841675,0.28125,NO,,,
0.6401086464463558,7070,3.675522565841675,0.28125,NO,,,
0.641014033499321,7080,3.773052930831909,0.21875,NO,,,
0.641014033499321,7080,3.773052930831909,0.21875,NO,,,
0.641014033499321,7080,3.773052930831909,0.21875,NO,,,
0.641014033499321,7080,3.773052930831909,0.21875,NO,,,
0.641014033499321,7080,3.773052930831909,0.21875,NO,,,
0.641014033499321,7080,3.773052930831909,0.21875,NO,,,
0.641014033499321,7080,3.773052930831909,0.21875,NO,,,
0.641014033499321,7080,3.773052930831909,0.21875,NO,,,
0.641014033499321,7080,3.773052930831909,0.21875,NO,,,
0.641014033499321,7080,3.773052930831909,0.21875,NO,,,
0.6419194205522861,7090,3.552659273147583,0.34375,NO,,,
0.6419194205522861,7090,3.552659273147583,0.34375,NO,,,
0.6419194205522861,7090,3.552659273147583,0.34375,NO,,,
0.6419194205522861,7090,3.552659273147583,0.34375,NO,,,
0.6419194205522861,7090,3.552659273147583,0.34375,NO,,,
0.6419194205522861,7090,3.552659273147583,0.34375,NO,,,
0.6419194205522861,7090,3.552659273147583,0.34375,NO,,,
0.6419194205522861,7090,3.552659273147583,0.34375,NO,,,
0.6419194205522861,7090,3.552659273147583,0.34375,NO,,,
0.6419194205522861,7090,3.552659273147583,0.34375,NO,,,
0.6428248076052513,7100,3.323498249053955,0.3125,NO,,,
0.6428248076052513,7100,3.323498249053955,0.3125,NO,,,
0.6428248076052513,7100,3.323498249053955,0.3125,NO,,,
0.6428248076052513,7100,3.323498249053955,0.3125,NO,,,
0.6428248076052513,7100,3.323498249053955,0.3125,NO,,,
0.6428248076052513,7100,3.323498249053955,0.3125,NO,,,
0.6428248076052513,7100,3.323498249053955,0.3125,NO,,,
0.6428248076052513,7100,3.323498249053955,0.3125,NO,,,
0.6428248076052513,7100,3.323498249053955,0.3125,NO,,,
0.6428248076052513,7100,3.323498249053955,0.3125,NO,,,
0.6437301946582163,7110,4.43682861328125,0.375,NO,,,
0.6437301946582163,7110,4.43682861328125,0.375,NO,,,
0.6437301946582163,7110,4.43682861328125,0.375,NO,,,
0.6437301946582163,7110,4.43682861328125,0.375,NO,,,
0.6437301946582163,7110,4.43682861328125,0.375,NO,,,
0.6437301946582163,7110,4.43682861328125,0.375,NO,,,
0.6437301946582163,7110,4.43682861328125,0.375,NO,,,
0.6437301946582163,7110,4.43682861328125,0.375,NO,,,
0.6437301946582163,7110,4.43682861328125,0.375,NO,,,
0.6437301946582163,7110,4.43682861328125,0.375,NO,,,
0.6446355817111815,7120,4.08888053894043,0.25,NO,,,
0.6446355817111815,7120,4.08888053894043,0.25,NO,,,
0.6446355817111815,7120,4.08888053894043,0.25,NO,,,
0.6446355817111815,7120,4.08888053894043,0.25,NO,,,
0.6446355817111815,7120,4.08888053894043,0.25,NO,,,
0.6446355817111815,7120,4.08888053894043,0.25,NO,,,
0.6446355817111815,7120,4.08888053894043,0.25,NO,,,
0.6446355817111815,7120,4.08888053894043,0.25,NO,,,
0.6446355817111815,7120,4.08888053894043,0.25,NO,,,
0.6446355817111815,7120,4.08888053894043,0.25,NO,,,
0.6455409687641467,7130,3.7550549507141113,0.40625,NO,,,
0.6455409687641467,7130,3.7550549507141113,0.40625,NO,,,
0.6455409687641467,7130,3.7550549507141113,0.40625,NO,,,
0.6455409687641467,7130,3.7550549507141113,0.40625,NO,,,
0.6455409687641467,7130,3.7550549507141113,0.40625,NO,,,
0.6455409687641467,7130,3.7550549507141113,0.40625,NO,,,
0.6455409687641467,7130,3.7550549507141113,0.40625,NO,,,
0.6455409687641467,7130,3.7550549507141113,0.40625,NO,,,
0.6455409687641467,7130,3.7550549507141113,0.40625,NO,,,
0.6455409687641467,7130,3.7550549507141113,0.40625,NO,,,
0.6464463558171119,7140,4.255453109741211,0.3125,NO,,,
0.6464463558171119,7140,4.255453109741211,0.3125,NO,,,
0.6464463558171119,7140,4.255453109741211,0.3125,NO,,,
0.6464463558171119,7140,4.255453109741211,0.3125,NO,,,
0.6464463558171119,7140,4.255453109741211,0.3125,NO,,,
0.6464463558171119,7140,4.255453109741211,0.3125,NO,,,
0.6464463558171119,7140,4.255453109741211,0.3125,NO,,,
0.6464463558171119,7140,4.255453109741211,0.3125,NO,,,
0.6464463558171119,7140,4.255453109741211,0.3125,NO,,,
0.6464463558171119,7140,4.255453109741211,0.3125,NO,,,
0.6473517428700769,7150,5.097177028656006,0.21875,NO,,,
0.6473517428700769,7150,5.097177028656006,0.21875,NO,,,
0.6473517428700769,7150,5.097177028656006,0.21875,NO,,,
0.6473517428700769,7150,5.097177028656006,0.21875,NO,,,
0.6473517428700769,7150,5.097177028656006,0.21875,NO,,,
0.6473517428700769,7150,5.097177028656006,0.21875,NO,,,
0.6473517428700769,7150,5.097177028656006,0.21875,NO,,,
0.6473517428700769,7150,5.097177028656006,0.21875,NO,,,
0.6473517428700769,7150,5.097177028656006,0.21875,NO,,,
0.6473517428700769,7150,5.097177028656006,0.21875,NO,,,
0.6482571299230421,7160,4.987585544586182,0.4375,NO,,,
0.6482571299230421,7160,4.987585544586182,0.4375,NO,,,
0.6482571299230421,7160,4.987585544586182,0.4375,NO,,,
0.6482571299230421,7160,4.987585544586182,0.4375,NO,,,
0.6482571299230421,7160,4.987585544586182,0.4375,NO,,,
0.6482571299230421,7160,4.987585544586182,0.4375,NO,,,
0.6482571299230421,7160,4.987585544586182,0.4375,NO,,,
0.6482571299230421,7160,4.987585544586182,0.4375,NO,,,
0.6482571299230421,7160,4.987585544586182,0.4375,NO,,,
0.6482571299230421,7160,4.987585544586182,0.4375,NO,,,
0.6491625169760072,7170,5.7050886154174805,0.28125,NO,,,
0.6491625169760072,7170,5.7050886154174805,0.28125,NO,,,
0.6491625169760072,7170,5.7050886154174805,0.28125,NO,,,
0.6491625169760072,7170,5.7050886154174805,0.28125,NO,,,
0.6491625169760072,7170,5.7050886154174805,0.28125,NO,,,
0.6491625169760072,7170,5.7050886154174805,0.28125,NO,,,
0.6491625169760072,7170,5.7050886154174805,0.28125,NO,,,
0.6491625169760072,7170,5.7050886154174805,0.28125,NO,,,
0.6491625169760072,7170,5.7050886154174805,0.28125,NO,,,
0.6491625169760072,7170,5.7050886154174805,0.28125,NO,,,
0.6500679040289724,7180,4.4576921463012695,0.28125,NO,,,
0.6500679040289724,7180,4.4576921463012695,0.28125,NO,,,
0.6500679040289724,7180,4.4576921463012695,0.28125,NO,,,
0.6500679040289724,7180,4.4576921463012695,0.28125,NO,,,
0.6500679040289724,7180,4.4576921463012695,0.28125,NO,,,
0.6500679040289724,7180,4.4576921463012695,0.28125,NO,,,
0.6500679040289724,7180,4.4576921463012695,0.28125,NO,,,
0.6500679040289724,7180,4.4576921463012695,0.28125,NO,,,
0.6500679040289724,7180,4.4576921463012695,0.28125,NO,,,
0.6500679040289724,7180,4.4576921463012695,0.28125,NO,,,
0.6509732910819376,7190,5.432407379150391,0.34375,NO,,,
0.6509732910819376,7190,5.432407379150391,0.34375,NO,,,
0.6509732910819376,7190,5.432407379150391,0.34375,NO,,,
0.6509732910819376,7190,5.432407379150391,0.34375,NO,,,
0.6509732910819376,7190,5.432407379150391,0.34375,NO,,,
0.6509732910819376,7190,5.432407379150391,0.34375,NO,,,
0.6509732910819376,7190,5.432407379150391,0.34375,NO,,,
0.6509732910819376,7190,5.432407379150391,0.34375,NO,,,
0.6509732910819376,7190,5.432407379150391,0.34375,NO,,,
0.6509732910819376,7190,5.432407379150391,0.34375,NO,,,
0.6518786781349026,7200,4.982420444488525,0.375,NO,,,
0.6518786781349026,7200,4.982420444488525,0.375,NO,,,
0.6518786781349026,7200,4.982420444488525,0.375,NO,,,
0.6518786781349026,7200,4.982420444488525,0.375,NO,,,
0.6518786781349026,7200,4.982420444488525,0.375,NO,,,
0.6518786781349026,7200,4.982420444488525,0.375,NO,,,
0.6518786781349026,7200,4.982420444488525,0.375,NO,,,
0.6518786781349026,7200,4.982420444488525,0.375,NO,,,
0.6518786781349026,7200,4.982420444488525,0.375,NO,,,
0.6518786781349026,7200,4.982420444488525,0.375,NO,,,
0.6527840651878678,7210,11.585482597351074,0.1875,NO,,,
0.6527840651878678,7210,11.585482597351074,0.1875,NO,,,
0.6527840651878678,7210,11.585482597351074,0.1875,NO,,,
0.6527840651878678,7210,11.585482597351074,0.1875,NO,,,
0.6527840651878678,7210,11.585482597351074,0.1875,NO,,,
0.6527840651878678,7210,11.585482597351074,0.1875,NO,,,
0.6527840651878678,7210,11.585482597351074,0.1875,NO,,,
0.6527840651878678,7210,11.585482597351074,0.1875,NO,,,
0.6527840651878678,7210,11.585482597351074,0.1875,NO,,,
0.6527840651878678,7210,11.585482597351074,0.1875,NO,,,
0.653689452240833,7220,9.785425186157227,0.28125,NO,,,
0.653689452240833,7220,9.785425186157227,0.28125,NO,,,
0.653689452240833,7220,9.785425186157227,0.28125,NO,,,
0.653689452240833,7220,9.785425186157227,0.28125,NO,,,
0.653689452240833,7220,9.785425186157227,0.28125,NO,,,
0.653689452240833,7220,9.785425186157227,0.28125,NO,,,
0.653689452240833,7220,9.785425186157227,0.28125,NO,,,
0.653689452240833,7220,9.785425186157227,0.28125,NO,,,
0.653689452240833,7220,9.785425186157227,0.28125,NO,,,
0.653689452240833,7220,9.785425186157227,0.28125,NO,,,
0.6545948392937981,7230,9.019047737121582,0.28125,NO,,,
0.6545948392937981,7230,9.019047737121582,0.28125,NO,,,
0.6545948392937981,7230,9.019047737121582,0.28125,NO,,,
0.6545948392937981,7230,9.019047737121582,0.28125,NO,,,
0.6545948392937981,7230,9.019047737121582,0.28125,NO,,,
0.6545948392937981,7230,9.019047737121582,0.28125,NO,,,
0.6545948392937981,7230,9.019047737121582,0.28125,NO,,,
0.6545948392937981,7230,9.019047737121582,0.28125,NO,,,
0.6545948392937981,7230,9.019047737121582,0.28125,NO,,,
0.6545948392937981,7230,9.019047737121582,0.28125,NO,,,
0.6555002263467632,7240,5.068192481994629,0.4375,NO,,,
0.6555002263467632,7240,5.068192481994629,0.4375,NO,,,
0.6555002263467632,7240,5.068192481994629,0.4375,NO,,,
0.6555002263467632,7240,5.068192481994629,0.4375,NO,,,
0.6555002263467632,7240,5.068192481994629,0.4375,NO,,,
0.6555002263467632,7240,5.068192481994629,0.4375,NO,,,
0.6555002263467632,7240,5.068192481994629,0.4375,NO,,,
0.6555002263467632,7240,5.068192481994629,0.4375,NO,,,
0.6555002263467632,7240,5.068192481994629,0.4375,NO,,,
0.6555002263467632,7240,5.068192481994629,0.4375,NO,,,
0.6564056133997284,7250,6.471683502197266,0.25,NO,,,
0.6564056133997284,7250,6.471683502197266,0.25,NO,,,
0.6564056133997284,7250,6.471683502197266,0.25,NO,,,
0.6564056133997284,7250,6.471683502197266,0.25,NO,,,
0.6564056133997284,7250,6.471683502197266,0.25,NO,,,
0.6564056133997284,7250,6.471683502197266,0.25,NO,,,
0.6564056133997284,7250,6.471683502197266,0.25,NO,,,
0.6564056133997284,7250,6.471683502197266,0.25,NO,,,
0.6564056133997284,7250,6.471683502197266,0.25,NO,,,
0.6564056133997284,7250,6.471683502197266,0.25,NO,,,
0.6573110004526935,7260,5.200038433074951,0.40625,NO,,,
0.6573110004526935,7260,5.200038433074951,0.40625,NO,,,
0.6573110004526935,7260,5.200038433074951,0.40625,NO,,,
0.6573110004526935,7260,5.200038433074951,0.40625,NO,,,
0.6573110004526935,7260,5.200038433074951,0.40625,NO,,,
0.6573110004526935,7260,5.200038433074951,0.40625,NO,,,
0.6573110004526935,7260,5.200038433074951,0.40625,NO,,,
0.6573110004526935,7260,5.200038433074951,0.40625,NO,,,
0.6573110004526935,7260,5.200038433074951,0.40625,NO,,,
0.6573110004526935,7260,5.200038433074951,0.40625,NO,,,
0.6582163875056587,7270,5.437981605529785,0.5,NO,,,
0.6582163875056587,7270,5.437981605529785,0.5,NO,,,
0.6582163875056587,7270,5.437981605529785,0.5,NO,,,
0.6582163875056587,7270,5.437981605529785,0.5,NO,,,
0.6582163875056587,7270,5.437981605529785,0.5,NO,,,
0.6582163875056587,7270,5.437981605529785,0.5,NO,,,
0.6582163875056587,7270,5.437981605529785,0.5,NO,,,
0.6582163875056587,7270,5.437981605529785,0.5,NO,,,
0.6582163875056587,7270,5.437981605529785,0.5,NO,,,
0.6582163875056587,7270,5.437981605529785,0.5,NO,,,
0.6591217745586239,7280,6.0279669761657715,0.375,NO,,,
0.6591217745586239,7280,6.0279669761657715,0.375,NO,,,
0.6591217745586239,7280,6.0279669761657715,0.375,NO,,,
0.6591217745586239,7280,6.0279669761657715,0.375,NO,,,
0.6591217745586239,7280,6.0279669761657715,0.375,NO,,,
0.6591217745586239,7280,6.0279669761657715,0.375,NO,,,
0.6591217745586239,7280,6.0279669761657715,0.375,NO,,,
0.6591217745586239,7280,6.0279669761657715,0.375,NO,,,
0.6591217745586239,7280,6.0279669761657715,0.375,NO,,,
0.6591217745586239,7280,6.0279669761657715,0.375,NO,,,
0.6600271616115889,7290,6.683565139770508,0.40625,NO,,,
0.6600271616115889,7290,6.683565139770508,0.40625,NO,,,
0.6600271616115889,7290,6.683565139770508,0.40625,NO,,,
0.6600271616115889,7290,6.683565139770508,0.40625,NO,,,
0.6600271616115889,7290,6.683565139770508,0.40625,NO,,,
0.6600271616115889,7290,6.683565139770508,0.40625,NO,,,
0.6600271616115889,7290,6.683565139770508,0.40625,NO,,,
0.6600271616115889,7290,6.683565139770508,0.40625,NO,,,
0.6600271616115889,7290,6.683565139770508,0.40625,NO,,,
0.6600271616115889,7290,6.683565139770508,0.40625,NO,,,
0.6609325486645541,7300,6.030411243438721,0.4375,NO,,,
0.6609325486645541,7300,6.030411243438721,0.4375,NO,,,
0.6609325486645541,7300,6.030411243438721,0.4375,NO,,,
0.6609325486645541,7300,6.030411243438721,0.4375,NO,,,
0.6609325486645541,7300,6.030411243438721,0.4375,NO,,,
0.6609325486645541,7300,6.030411243438721,0.4375,NO,,,
0.6609325486645541,7300,6.030411243438721,0.4375,NO,,,
0.6609325486645541,7300,6.030411243438721,0.4375,NO,,,
0.6609325486645541,7300,6.030411243438721,0.4375,NO,,,
0.6609325486645541,7300,6.030411243438721,0.4375,NO,,,
0.6618379357175193,7310,6.153354644775391,0.40625,NO,,,
0.6618379357175193,7310,6.153354644775391,0.40625,NO,,,
0.6618379357175193,7310,6.153354644775391,0.40625,NO,,,
0.6618379357175193,7310,6.153354644775391,0.40625,NO,,,
0.6618379357175193,7310,6.153354644775391,0.40625,NO,,,
0.6618379357175193,7310,6.153354644775391,0.40625,NO,,,
0.6618379357175193,7310,6.153354644775391,0.40625,NO,,,
0.6618379357175193,7310,6.153354644775391,0.40625,NO,,,
0.6618379357175193,7310,6.153354644775391,0.40625,NO,,,
0.6618379357175193,7310,6.153354644775391,0.40625,NO,,,
0.6627433227704844,7320,7.785400390625,0.375,NO,,,
0.6627433227704844,7320,7.785400390625,0.375,NO,,,
0.6627433227704844,7320,7.785400390625,0.375,NO,,,
0.6627433227704844,7320,7.785400390625,0.375,NO,,,
0.6627433227704844,7320,7.785400390625,0.375,NO,,,
0.6627433227704844,7320,7.785400390625,0.375,NO,,,
0.6627433227704844,7320,7.785400390625,0.375,NO,,,
0.6627433227704844,7320,7.785400390625,0.375,NO,,,
0.6627433227704844,7320,7.785400390625,0.375,NO,,,
0.6627433227704844,7320,7.785400390625,0.375,NO,,,
0.6636487098234495,7330,8.926578521728516,0.25,NO,,,
0.6636487098234495,7330,8.926578521728516,0.25,NO,,,
0.6636487098234495,7330,8.926578521728516,0.25,NO,,,
0.6636487098234495,7330,8.926578521728516,0.25,NO,,,
0.6636487098234495,7330,8.926578521728516,0.25,NO,,,
0.6636487098234495,7330,8.926578521728516,0.25,NO,,,
0.6636487098234495,7330,8.926578521728516,0.25,NO,,,
0.6636487098234495,7330,8.926578521728516,0.25,NO,,,
0.6636487098234495,7330,8.926578521728516,0.25,NO,,,
0.6636487098234495,7330,8.926578521728516,0.25,NO,,,
0.6645540968764146,7340,7.165258407592773,0.375,NO,,,
0.6645540968764146,7340,7.165258407592773,0.375,NO,,,
0.6645540968764146,7340,7.165258407592773,0.375,NO,,,
0.6645540968764146,7340,7.165258407592773,0.375,NO,,,
0.6645540968764146,7340,7.165258407592773,0.375,NO,,,
0.6645540968764146,7340,7.165258407592773,0.375,NO,,,
0.6645540968764146,7340,7.165258407592773,0.375,NO,,,
0.6645540968764146,7340,7.165258407592773,0.375,NO,,,
0.6645540968764146,7340,7.165258407592773,0.375,NO,,,
0.6645540968764146,7340,7.165258407592773,0.375,NO,,,
0.6654594839293798,7350,4.619441986083984,0.40625,NO,,,
0.6654594839293798,7350,4.619441986083984,0.40625,NO,,,
0.6654594839293798,7350,4.619441986083984,0.40625,NO,,,
0.6654594839293798,7350,4.619441986083984,0.40625,NO,,,
0.6654594839293798,7350,4.619441986083984,0.40625,NO,,,
0.6654594839293798,7350,4.619441986083984,0.40625,NO,,,
0.6654594839293798,7350,4.619441986083984,0.40625,NO,,,
0.6654594839293798,7350,4.619441986083984,0.40625,NO,,,
0.6654594839293798,7350,4.619441986083984,0.40625,NO,,,
0.6654594839293798,7350,4.619441986083984,0.40625,NO,,,
0.666364870982345,7360,2.4588308334350586,0.3125,NO,,,
0.666364870982345,7360,2.4588308334350586,0.3125,NO,,,
0.666364870982345,7360,2.4588308334350586,0.3125,NO,,,
0.666364870982345,7360,2.4588308334350586,0.3125,NO,,,
0.666364870982345,7360,2.4588308334350586,0.3125,NO,,,
0.666364870982345,7360,2.4588308334350586,0.3125,NO,,,
0.666364870982345,7360,2.4588308334350586,0.3125,NO,,,
0.666364870982345,7360,2.4588308334350586,0.3125,NO,,,
0.666364870982345,7360,2.4588308334350586,0.3125,NO,,,
0.666364870982345,7360,2.4588308334350586,0.3125,NO,,,
0.6672702580353101,7370,3.288625478744507,0.28125,NO,,,
0.6672702580353101,7370,3.288625478744507,0.28125,NO,,,
0.6672702580353101,7370,3.288625478744507,0.28125,NO,,,
0.6672702580353101,7370,3.288625478744507,0.28125,NO,,,
0.6672702580353101,7370,3.288625478744507,0.28125,NO,,,
0.6672702580353101,7370,3.288625478744507,0.28125,NO,,,
0.6672702580353101,7370,3.288625478744507,0.28125,NO,,,
0.6672702580353101,7370,3.288625478744507,0.28125,NO,,,
0.6672702580353101,7370,3.288625478744507,0.28125,NO,,,
0.6672702580353101,7370,3.288625478744507,0.28125,NO,,,
0.6681756450882752,7380,2.405266761779785,0.34375,NO,,,
0.6681756450882752,7380,2.405266761779785,0.34375,NO,,,
0.6681756450882752,7380,2.405266761779785,0.34375,NO,,,
0.6681756450882752,7380,2.405266761779785,0.34375,NO,,,
0.6681756450882752,7380,2.405266761779785,0.34375,NO,,,
0.6681756450882752,7380,2.405266761779785,0.34375,NO,,,
0.6681756450882752,7380,2.405266761779785,0.34375,NO,,,
0.6681756450882752,7380,2.405266761779785,0.34375,NO,,,
0.6681756450882752,7380,2.405266761779785,0.34375,NO,,,
0.6681756450882752,7380,2.405266761779785,0.34375,NO,,,
0.6690810321412404,7390,1.6709175109863281,0.40625,NO,,,
0.6690810321412404,7390,1.6709175109863281,0.40625,NO,,,
0.6690810321412404,7390,1.6709175109863281,0.40625,NO,,,
0.6690810321412404,7390,1.6709175109863281,0.40625,NO,,,
0.6690810321412404,7390,1.6709175109863281,0.40625,NO,,,
0.6690810321412404,7390,1.6709175109863281,0.40625,NO,,,
0.6690810321412404,7390,1.6709175109863281,0.40625,NO,,,
0.6690810321412404,7390,1.6709175109863281,0.40625,NO,,,
0.6690810321412404,7390,1.6709175109863281,0.40625,NO,,,
0.6690810321412404,7390,1.6709175109863281,0.40625,NO,,,
0.6699864191942055,7400,2.681796073913574,0.25,NO,,,
0.6699864191942055,7400,2.681796073913574,0.25,NO,,,
0.6699864191942055,7400,2.681796073913574,0.25,NO,,,
0.6699864191942055,7400,2.681796073913574,0.25,NO,,,
0.6699864191942055,7400,2.681796073913574,0.25,NO,,,
0.6699864191942055,7400,2.681796073913574,0.25,NO,,,
0.6699864191942055,7400,2.681796073913574,0.25,NO,,,
0.6699864191942055,7400,2.681796073913574,0.25,NO,,,
0.6699864191942055,7400,2.681796073913574,0.25,NO,,,
0.6699864191942055,7400,2.681796073913574,0.25,NO,,,
0.6708918062471707,7410,2.8752493858337402,0.40625,NO,,,
0.6708918062471707,7410,2.8752493858337402,0.40625,NO,,,
0.6708918062471707,7410,2.8752493858337402,0.40625,NO,,,
0.6708918062471707,7410,2.8752493858337402,0.40625,NO,,,
0.6708918062471707,7410,2.8752493858337402,0.40625,NO,,,
0.6708918062471707,7410,2.8752493858337402,0.40625,NO,,,
0.6708918062471707,7410,2.8752493858337402,0.40625,NO,,,
0.6708918062471707,7410,2.8752493858337402,0.40625,NO,,,
0.6708918062471707,7410,2.8752493858337402,0.40625,NO,,,
0.6708918062471707,7410,2.8752493858337402,0.40625,NO,,,
0.6717971933001358,7420,2.454685688018799,0.375,NO,,,
0.6717971933001358,7420,2.454685688018799,0.375,NO,,,
0.6717971933001358,7420,2.454685688018799,0.375,NO,,,
0.6717971933001358,7420,2.454685688018799,0.375,NO,,,
0.6717971933001358,7420,2.454685688018799,0.375,NO,,,
0.6717971933001358,7420,2.454685688018799,0.375,NO,,,
0.6717971933001358,7420,2.454685688018799,0.375,NO,,,
0.6717971933001358,7420,2.454685688018799,0.375,NO,,,
0.6717971933001358,7420,2.454685688018799,0.375,NO,,,
0.6717971933001358,7420,2.454685688018799,0.375,NO,,,
0.6727025803531009,7430,5.666560649871826,0.1875,NO,,,
0.6727025803531009,7430,5.666560649871826,0.1875,NO,,,
0.6727025803531009,7430,5.666560649871826,0.1875,NO,,,
0.6727025803531009,7430,5.666560649871826,0.1875,NO,,,
0.6727025803531009,7430,5.666560649871826,0.1875,NO,,,
0.6727025803531009,7430,5.666560649871826,0.1875,NO,,,
0.6727025803531009,7430,5.666560649871826,0.1875,NO,,,
0.6727025803531009,7430,5.666560649871826,0.1875,NO,,,
0.6727025803531009,7430,5.666560649871826,0.1875,NO,,,
0.6727025803531009,7430,5.666560649871826,0.1875,NO,,,
0.6736079674060661,7440,2.051638603210449,0.40625,NO,,,
0.6736079674060661,7440,2.051638603210449,0.40625,NO,,,
0.6736079674060661,7440,2.051638603210449,0.40625,NO,,,
0.6736079674060661,7440,2.051638603210449,0.40625,NO,,,
0.6736079674060661,7440,2.051638603210449,0.40625,NO,,,
0.6736079674060661,7440,2.051638603210449,0.40625,NO,,,
0.6736079674060661,7440,2.051638603210449,0.40625,NO,,,
0.6736079674060661,7440,2.051638603210449,0.40625,NO,,,
0.6736079674060661,7440,2.051638603210449,0.40625,NO,,,
0.6736079674060661,7440,2.051638603210449,0.40625,NO,,,
0.6745133544590313,7450,1.5579776763916016,0.34375,NO,,,
0.6745133544590313,7450,1.5579776763916016,0.34375,NO,,,
0.6745133544590313,7450,1.5579776763916016,0.34375,NO,,,
0.6745133544590313,7450,1.5579776763916016,0.34375,NO,,,
0.6745133544590313,7450,1.5579776763916016,0.34375,NO,,,
0.6745133544590313,7450,1.5579776763916016,0.34375,NO,,,
0.6745133544590313,7450,1.5579776763916016,0.34375,NO,,,
0.6745133544590313,7450,1.5579776763916016,0.34375,NO,,,
0.6745133544590313,7450,1.5579776763916016,0.34375,NO,,,
0.6745133544590313,7450,1.5579776763916016,0.34375,NO,,,
0.6754187415119963,7460,2.0704269409179688,0.25,NO,,,
0.6754187415119963,7460,2.0704269409179688,0.25,NO,,,
0.6754187415119963,7460,2.0704269409179688,0.25,NO,,,
0.6754187415119963,7460,2.0704269409179688,0.25,NO,,,
0.6754187415119963,7460,2.0704269409179688,0.25,NO,,,
0.6754187415119963,7460,2.0704269409179688,0.25,NO,,,
0.6754187415119963,7460,2.0704269409179688,0.25,NO,,,
0.6754187415119963,7460,2.0704269409179688,0.25,NO,,,
0.6754187415119963,7460,2.0704269409179688,0.25,NO,,,
0.6754187415119963,7460,2.0704269409179688,0.25,NO,,,
0.6763241285649615,7470,1.7051124572753906,0.46875,NO,,,
0.6763241285649615,7470,1.7051124572753906,0.46875,NO,,,
0.6763241285649615,7470,1.7051124572753906,0.46875,NO,,,
0.6763241285649615,7470,1.7051124572753906,0.46875,NO,,,
0.6763241285649615,7470,1.7051124572753906,0.46875,NO,,,
0.6763241285649615,7470,1.7051124572753906,0.46875,NO,,,
0.6763241285649615,7470,1.7051124572753906,0.46875,NO,,,
0.6763241285649615,7470,1.7051124572753906,0.46875,NO,,,
0.6763241285649615,7470,1.7051124572753906,0.46875,NO,,,
0.6763241285649615,7470,1.7051124572753906,0.46875,NO,,,
0.6772295156179267,7480,4.187544822692871,0.375,NO,,,
0.6772295156179267,7480,4.187544822692871,0.375,NO,,,
0.6772295156179267,7480,4.187544822692871,0.375,NO,,,
0.6772295156179267,7480,4.187544822692871,0.375,NO,,,
0.6772295156179267,7480,4.187544822692871,0.375,NO,,,
0.6772295156179267,7480,4.187544822692871,0.375,NO,,,
0.6772295156179267,7480,4.187544822692871,0.375,NO,,,
0.6772295156179267,7480,4.187544822692871,0.375,NO,,,
0.6772295156179267,7480,4.187544822692871,0.375,NO,,,
0.6772295156179267,7480,4.187544822692871,0.375,NO,,,
0.6781349026708918,7490,8.579595565795898,0.34375,NO,,,
0.6781349026708918,7490,8.579595565795898,0.34375,NO,,,
0.6781349026708918,7490,8.579595565795898,0.34375,NO,,,
0.6781349026708918,7490,8.579595565795898,0.34375,NO,,,
0.6781349026708918,7490,8.579595565795898,0.34375,NO,,,
0.6781349026708918,7490,8.579595565795898,0.34375,NO,,,
0.6781349026708918,7490,8.579595565795898,0.34375,NO,,,
0.6781349026708918,7490,8.579595565795898,0.34375,NO,,,
0.6781349026708918,7490,8.579595565795898,0.34375,NO,,,
0.6781349026708918,7490,8.579595565795898,0.34375,NO,,,
0.679040289723857,7500,7.106991767883301,0.28125,NO,,,
0.679040289723857,7500,7.106991767883301,0.28125,NO,,,
0.679040289723857,7500,7.106991767883301,0.28125,NO,,,
0.679040289723857,7500,7.106991767883301,0.28125,NO,,,
0.679040289723857,7500,7.106991767883301,0.28125,NO,,,
0.679040289723857,7500,7.106991767883301,0.28125,NO,,,
0.679040289723857,7500,7.106991767883301,0.28125,NO,,,
0.679040289723857,7500,7.106991767883301,0.28125,NO,,,
0.679040289723857,7500,7.106991767883301,0.28125,NO,,,
0.679040289723857,7500,7.106991767883301,0.28125,NO,,,
0.679945676776822,7510,10.579349517822266,0.3125,NO,,,
0.679945676776822,7510,10.579349517822266,0.3125,NO,,,
0.679945676776822,7510,10.579349517822266,0.3125,NO,,,
0.679945676776822,7510,10.579349517822266,0.3125,NO,,,
0.679945676776822,7510,10.579349517822266,0.3125,NO,,,
0.679945676776822,7510,10.579349517822266,0.3125,NO,,,
0.679945676776822,7510,10.579349517822266,0.3125,NO,,,
0.679945676776822,7510,10.579349517822266,0.3125,NO,,,
0.679945676776822,7510,10.579349517822266,0.3125,NO,,,
0.679945676776822,7510,10.579349517822266,0.3125,NO,,,
0.6808510638297872,7520,9.454480171203613,0.15625,NO,,,
0.6808510638297872,7520,9.454480171203613,0.15625,NO,,,
0.6808510638297872,7520,9.454480171203613,0.15625,NO,,,
0.6808510638297872,7520,9.454480171203613,0.15625,NO,,,
0.6808510638297872,7520,9.454480171203613,0.15625,NO,,,
0.6808510638297872,7520,9.454480171203613,0.15625,NO,,,
0.6808510638297872,7520,9.454480171203613,0.15625,NO,,,
0.6808510638297872,7520,9.454480171203613,0.15625,NO,,,
0.6808510638297872,7520,9.454480171203613,0.15625,NO,,,
0.6808510638297872,7520,9.454480171203613,0.15625,NO,,,
0.6817564508827524,7530,9.11035442352295,0.34375,NO,,,
0.6817564508827524,7530,9.11035442352295,0.34375,NO,,,
0.6817564508827524,7530,9.11035442352295,0.34375,NO,,,
0.6817564508827524,7530,9.11035442352295,0.34375,NO,,,
0.6817564508827524,7530,9.11035442352295,0.34375,NO,,,
0.6817564508827524,7530,9.11035442352295,0.34375,NO,,,
0.6817564508827524,7530,9.11035442352295,0.34375,NO,,,
0.6817564508827524,7530,9.11035442352295,0.34375,NO,,,
0.6817564508827524,7530,9.11035442352295,0.34375,NO,,,
0.6817564508827524,7530,9.11035442352295,0.34375,NO,,,
0.6826618379357176,7540,10.55224895477295,0.21875,NO,,,
0.6826618379357176,7540,10.55224895477295,0.21875,NO,,,
0.6826618379357176,7540,10.55224895477295,0.21875,NO,,,
0.6826618379357176,7540,10.55224895477295,0.21875,NO,,,
0.6826618379357176,7540,10.55224895477295,0.21875,NO,,,
0.6826618379357176,7540,10.55224895477295,0.21875,NO,,,
0.6826618379357176,7540,10.55224895477295,0.21875,NO,,,
0.6826618379357176,7540,10.55224895477295,0.21875,NO,,,
0.6826618379357176,7540,10.55224895477295,0.21875,NO,,,
0.6826618379357176,7540,10.55224895477295,0.21875,NO,,,
0.6835672249886826,7550,9.37646484375,0.375,NO,,,
0.6835672249886826,7550,9.37646484375,0.375,NO,,,
0.6835672249886826,7550,9.37646484375,0.375,NO,,,
0.6835672249886826,7550,9.37646484375,0.375,NO,,,
0.6835672249886826,7550,9.37646484375,0.375,NO,,,
0.6835672249886826,7550,9.37646484375,0.375,NO,,,
0.6835672249886826,7550,9.37646484375,0.375,NO,,,
0.6835672249886826,7550,9.37646484375,0.375,NO,,,
0.6835672249886826,7550,9.37646484375,0.375,NO,,,
0.6835672249886826,7550,9.37646484375,0.375,NO,,,
0.6844726120416478,7560,12.578369140625,0.25,NO,,,
0.6844726120416478,7560,12.578369140625,0.25,NO,,,
0.6844726120416478,7560,12.578369140625,0.25,NO,,,
0.6844726120416478,7560,12.578369140625,0.25,NO,,,
0.6844726120416478,7560,12.578369140625,0.25,NO,,,
0.6844726120416478,7560,12.578369140625,0.25,NO,,,
0.6844726120416478,7560,12.578369140625,0.25,NO,,,
0.6844726120416478,7560,12.578369140625,0.25,NO,,,
0.6844726120416478,7560,12.578369140625,0.25,NO,,,
0.6844726120416478,7560,12.578369140625,0.25,NO,,,
0.6853779990946129,7570,13.76416015625,0.34375,NO,,,
0.6853779990946129,7570,13.76416015625,0.34375,NO,,,
0.6853779990946129,7570,13.76416015625,0.34375,NO,,,
0.6853779990946129,7570,13.76416015625,0.34375,NO,,,
0.6853779990946129,7570,13.76416015625,0.34375,NO,,,
0.6853779990946129,7570,13.76416015625,0.34375,NO,,,
0.6853779990946129,7570,13.76416015625,0.34375,NO,,,
0.6853779990946129,7570,13.76416015625,0.34375,NO,,,
0.6853779990946129,7570,13.76416015625,0.34375,NO,,,
0.6853779990946129,7570,13.76416015625,0.34375,NO,,,
0.6862833861475781,7580,13.998779296875,0.25,NO,,,
0.6862833861475781,7580,13.998779296875,0.25,NO,,,
0.6862833861475781,7580,13.998779296875,0.25,NO,,,
0.6862833861475781,7580,13.998779296875,0.25,NO,,,
0.6862833861475781,7580,13.998779296875,0.25,NO,,,
0.6862833861475781,7580,13.998779296875,0.25,NO,,,
0.6862833861475781,7580,13.998779296875,0.25,NO,,,
0.6862833861475781,7580,13.998779296875,0.25,NO,,,
0.6862833861475781,7580,13.998779296875,0.25,NO,,,
0.6862833861475781,7580,13.998779296875,0.25,NO,,,
0.6871887732005433,7590,10.014650344848633,0.34375,NO,,,
0.6871887732005433,7590,10.014650344848633,0.34375,NO,,,
0.6871887732005433,7590,10.014650344848633,0.34375,NO,,,
0.6871887732005433,7590,10.014650344848633,0.34375,NO,,,
0.6871887732005433,7590,10.014650344848633,0.34375,NO,,,
0.6871887732005433,7590,10.014650344848633,0.34375,NO,,,
0.6871887732005433,7590,10.014650344848633,0.34375,NO,,,
0.6871887732005433,7590,10.014650344848633,0.34375,NO,,,
0.6871887732005433,7590,10.014650344848633,0.34375,NO,,,
0.6871887732005433,7590,10.014650344848633,0.34375,NO,,,
0.6880941602535083,7600,5.731719493865967,0.5,NO,,,
0.6880941602535083,7600,5.731719493865967,0.5,NO,,,
0.6880941602535083,7600,5.731719493865967,0.5,NO,,,
0.6880941602535083,7600,5.731719493865967,0.5,NO,,,
0.6880941602535083,7600,5.731719493865967,0.5,NO,,,
0.6880941602535083,7600,5.731719493865967,0.5,NO,,,
0.6880941602535083,7600,5.731719493865967,0.5,NO,,,
0.6880941602535083,7600,5.731719493865967,0.5,NO,,,
0.6880941602535083,7600,5.731719493865967,0.5,NO,,,
0.6880941602535083,7600,5.731719493865967,0.5,NO,,,
0.6889995473064735,7610,8.963385581970215,0.34375,NO,,,
0.6889995473064735,7610,8.963385581970215,0.34375,NO,,,
0.6889995473064735,7610,8.963385581970215,0.34375,NO,,,
0.6889995473064735,7610,8.963385581970215,0.34375,NO,,,
0.6889995473064735,7610,8.963385581970215,0.34375,NO,,,
0.6889995473064735,7610,8.963385581970215,0.34375,NO,,,
0.6889995473064735,7610,8.963385581970215,0.34375,NO,,,
0.6889995473064735,7610,8.963385581970215,0.34375,NO,,,
0.6889995473064735,7610,8.963385581970215,0.34375,NO,,,
0.6889995473064735,7610,8.963385581970215,0.34375,NO,,,
0.6899049343594387,7620,10.217132568359375,0.34375,NO,,,
0.6899049343594387,7620,10.217132568359375,0.34375,NO,,,
0.6899049343594387,7620,10.217132568359375,0.34375,NO,,,
0.6899049343594387,7620,10.217132568359375,0.34375,NO,,,
0.6899049343594387,7620,10.217132568359375,0.34375,NO,,,
0.6899049343594387,7620,10.217132568359375,0.34375,NO,,,
0.6899049343594387,7620,10.217132568359375,0.34375,NO,,,
0.6899049343594387,7620,10.217132568359375,0.34375,NO,,,
0.6899049343594387,7620,10.217132568359375,0.34375,NO,,,
0.6899049343594387,7620,10.217132568359375,0.34375,NO,,,
0.6908103214124038,7630,4.381694316864014,0.5,NO,,,
0.6908103214124038,7630,4.381694316864014,0.5,NO,,,
0.6908103214124038,7630,4.381694316864014,0.5,NO,,,
0.6908103214124038,7630,4.381694316864014,0.5,NO,,,
0.6908103214124038,7630,4.381694316864014,0.5,NO,,,
0.6908103214124038,7630,4.381694316864014,0.5,NO,,,
0.6908103214124038,7630,4.381694316864014,0.5,NO,,,
0.6908103214124038,7630,4.381694316864014,0.5,NO,,,
0.6908103214124038,7630,4.381694316864014,0.5,NO,,,
0.6908103214124038,7630,4.381694316864014,0.5,NO,,,
0.6917157084653689,7640,4.315732002258301,0.34375,NO,,,
0.6917157084653689,7640,4.315732002258301,0.34375,NO,,,
0.6917157084653689,7640,4.315732002258301,0.34375,NO,,,
0.6917157084653689,7640,4.315732002258301,0.34375,NO,,,
0.6917157084653689,7640,4.315732002258301,0.34375,NO,,,
0.6917157084653689,7640,4.315732002258301,0.34375,NO,,,
0.6917157084653689,7640,4.315732002258301,0.34375,NO,,,
0.6917157084653689,7640,4.315732002258301,0.34375,NO,,,
0.6917157084653689,7640,4.315732002258301,0.34375,NO,,,
0.6917157084653689,7640,4.315732002258301,0.34375,NO,,,
0.6926210955183341,7650,6.764584064483643,0.375,NO,,,
0.6926210955183341,7650,6.764584064483643,0.375,NO,,,
0.6926210955183341,7650,6.764584064483643,0.375,NO,,,
0.6926210955183341,7650,6.764584064483643,0.375,NO,,,
0.6926210955183341,7650,6.764584064483643,0.375,NO,,,
0.6926210955183341,7650,6.764584064483643,0.375,NO,,,
0.6926210955183341,7650,6.764584064483643,0.375,NO,,,
0.6926210955183341,7650,6.764584064483643,0.375,NO,,,
0.6926210955183341,7650,6.764584064483643,0.375,NO,,,
0.6926210955183341,7650,6.764584064483643,0.375,NO,,,
0.6935264825712992,7660,4.258745193481445,0.21875,NO,,,
0.6935264825712992,7660,4.258745193481445,0.21875,NO,,,
0.6935264825712992,7660,4.258745193481445,0.21875,NO,,,
0.6935264825712992,7660,4.258745193481445,0.21875,NO,,,
0.6935264825712992,7660,4.258745193481445,0.21875,NO,,,
0.6935264825712992,7660,4.258745193481445,0.21875,NO,,,
0.6935264825712992,7660,4.258745193481445,0.21875,NO,,,
0.6935264825712992,7660,4.258745193481445,0.21875,NO,,,
0.6935264825712992,7660,4.258745193481445,0.21875,NO,,,
0.6935264825712992,7660,4.258745193481445,0.21875,NO,,,
0.6944318696242644,7670,3.4601197242736816,0.40625,NO,,,
0.6944318696242644,7670,3.4601197242736816,0.40625,NO,,,
0.6944318696242644,7670,3.4601197242736816,0.40625,NO,,,
0.6944318696242644,7670,3.4601197242736816,0.40625,NO,,,
0.6944318696242644,7670,3.4601197242736816,0.40625,NO,,,
0.6944318696242644,7670,3.4601197242736816,0.40625,NO,,,
0.6944318696242644,7670,3.4601197242736816,0.40625,NO,,,
0.6944318696242644,7670,3.4601197242736816,0.40625,NO,,,
0.6944318696242644,7670,3.4601197242736816,0.40625,NO,,,
0.6944318696242644,7670,3.4601197242736816,0.40625,NO,,,
0.6953372566772296,7680,10.035004615783691,0.25,NO,,,
0.6953372566772296,7680,10.035004615783691,0.25,NO,,,
0.6953372566772296,7680,10.035004615783691,0.25,NO,,,
0.6953372566772296,7680,10.035004615783691,0.25,NO,,,
0.6953372566772296,7680,10.035004615783691,0.25,NO,,,
0.6953372566772296,7680,10.035004615783691,0.25,NO,,,
0.6953372566772296,7680,10.035004615783691,0.25,NO,,,
0.6953372566772296,7680,10.035004615783691,0.25,NO,,,
0.6953372566772296,7680,10.035004615783691,0.25,NO,,,
0.6953372566772296,7680,10.035004615783691,0.25,NO,,,
0.6962426437301946,7690,5.856141567230225,0.25,NO,,,
0.6962426437301946,7690,5.856141567230225,0.25,NO,,,
0.6962426437301946,7690,5.856141567230225,0.25,NO,,,
0.6962426437301946,7690,5.856141567230225,0.25,NO,,,
0.6962426437301946,7690,5.856141567230225,0.25,NO,,,
0.6962426437301946,7690,5.856141567230225,0.25,NO,,,
0.6962426437301946,7690,5.856141567230225,0.25,NO,,,
0.6962426437301946,7690,5.856141567230225,0.25,NO,,,
0.6962426437301946,7690,5.856141567230225,0.25,NO,,,
0.6962426437301946,7690,5.856141567230225,0.25,NO,,,
0.6971480307831598,7700,2.951512575149536,0.4375,NO,,,
0.6971480307831598,7700,2.951512575149536,0.4375,NO,,,
0.6971480307831598,7700,2.951512575149536,0.4375,NO,,,
0.6971480307831598,7700,2.951512575149536,0.4375,NO,,,
0.6971480307831598,7700,2.951512575149536,0.4375,NO,,,
0.6971480307831598,7700,2.951512575149536,0.4375,NO,,,
0.6971480307831598,7700,2.951512575149536,0.4375,NO,,,
0.6971480307831598,7700,2.951512575149536,0.4375,NO,,,
0.6971480307831598,7700,2.951512575149536,0.4375,NO,,,
0.6971480307831598,7700,2.951512575149536,0.4375,NO,,,
0.698053417836125,7710,5.228445053100586,0.3125,NO,,,
0.698053417836125,7710,5.228445053100586,0.3125,NO,,,
0.698053417836125,7710,5.228445053100586,0.3125,NO,,,
0.698053417836125,7710,5.228445053100586,0.3125,NO,,,
0.698053417836125,7710,5.228445053100586,0.3125,NO,,,
0.698053417836125,7710,5.228445053100586,0.3125,NO,,,
0.698053417836125,7710,5.228445053100586,0.3125,NO,,,
0.698053417836125,7710,5.228445053100586,0.3125,NO,,,
0.698053417836125,7710,5.228445053100586,0.3125,NO,,,
0.698053417836125,7710,5.228445053100586,0.3125,NO,,,
0.6989588048890901,7720,6.524176597595215,0.25,NO,,,
0.6989588048890901,7720,6.524176597595215,0.25,NO,,,
0.6989588048890901,7720,6.524176597595215,0.25,NO,,,
0.6989588048890901,7720,6.524176597595215,0.25,NO,,,
0.6989588048890901,7720,6.524176597595215,0.25,NO,,,
0.6989588048890901,7720,6.524176597595215,0.25,NO,,,
0.6989588048890901,7720,6.524176597595215,0.25,NO,,,
0.6989588048890901,7720,6.524176597595215,0.25,NO,,,
0.6989588048890901,7720,6.524176597595215,0.25,NO,,,
0.6989588048890901,7720,6.524176597595215,0.25,NO,,,
0.6998641919420552,7730,3.885939598083496,0.40625,NO,,,
0.6998641919420552,7730,3.885939598083496,0.40625,NO,,,
0.6998641919420552,7730,3.885939598083496,0.40625,NO,,,
0.6998641919420552,7730,3.885939598083496,0.40625,NO,,,
0.6998641919420552,7730,3.885939598083496,0.40625,NO,,,
0.6998641919420552,7730,3.885939598083496,0.40625,NO,,,
0.6998641919420552,7730,3.885939598083496,0.40625,NO,,,
0.6998641919420552,7730,3.885939598083496,0.40625,NO,,,
0.6998641919420552,7730,3.885939598083496,0.40625,NO,,,
0.6998641919420552,7730,3.885939598083496,0.40625,NO,,,
0.7007695789950203,7740,4.032514572143555,0.375,NO,,,
0.7007695789950203,7740,4.032514572143555,0.375,NO,,,
0.7007695789950203,7740,4.032514572143555,0.375,NO,,,
0.7007695789950203,7740,4.032514572143555,0.375,NO,,,
0.7007695789950203,7740,4.032514572143555,0.375,NO,,,
0.7007695789950203,7740,4.032514572143555,0.375,NO,,,
0.7007695789950203,7740,4.032514572143555,0.375,NO,,,
0.7007695789950203,7740,4.032514572143555,0.375,NO,,,
0.7007695789950203,7740,4.032514572143555,0.375,NO,,,
0.7007695789950203,7740,4.032514572143555,0.375,NO,,,
0.7016749660479855,7750,4.537271976470947,0.34375,NO,,,
0.7016749660479855,7750,4.537271976470947,0.34375,NO,,,
0.7016749660479855,7750,4.537271976470947,0.34375,NO,,,
0.7016749660479855,7750,4.537271976470947,0.34375,NO,,,
0.7016749660479855,7750,4.537271976470947,0.34375,NO,,,
0.7016749660479855,7750,4.537271976470947,0.34375,NO,,,
0.7016749660479855,7750,4.537271976470947,0.34375,NO,,,
0.7016749660479855,7750,4.537271976470947,0.34375,NO,,,
0.7016749660479855,7750,4.537271976470947,0.34375,NO,,,
0.7016749660479855,7750,4.537271976470947,0.34375,NO,,,
0.7025803531009507,7760,4.6610870361328125,0.34375,NO,,,
0.7025803531009507,7760,4.6610870361328125,0.34375,NO,,,
0.7025803531009507,7760,4.6610870361328125,0.34375,NO,,,
0.7025803531009507,7760,4.6610870361328125,0.34375,NO,,,
0.7025803531009507,7760,4.6610870361328125,0.34375,NO,,,
0.7025803531009507,7760,4.6610870361328125,0.34375,NO,,,
0.7025803531009507,7760,4.6610870361328125,0.34375,NO,,,
0.7025803531009507,7760,4.6610870361328125,0.34375,NO,,,
0.7025803531009507,7760,4.6610870361328125,0.34375,NO,,,
0.7025803531009507,7760,4.6610870361328125,0.34375,NO,,,
0.7034857401539159,7770,4.698458671569824,0.40625,NO,,,
0.7034857401539159,7770,4.698458671569824,0.40625,NO,,,
0.7034857401539159,7770,4.698458671569824,0.40625,NO,,,
0.7034857401539159,7770,4.698458671569824,0.40625,NO,,,
0.7034857401539159,7770,4.698458671569824,0.40625,NO,,,
0.7034857401539159,7770,4.698458671569824,0.40625,NO,,,
0.7034857401539159,7770,4.698458671569824,0.40625,NO,,,
0.7034857401539159,7770,4.698458671569824,0.40625,NO,,,
0.7034857401539159,7770,4.698458671569824,0.40625,NO,,,
0.7034857401539159,7770,4.698458671569824,0.40625,NO,,,
0.7043911272068809,7780,5.214224338531494,0.25,NO,,,
0.7043911272068809,7780,5.214224338531494,0.25,NO,,,
0.7043911272068809,7780,5.214224338531494,0.25,NO,,,
0.7043911272068809,7780,5.214224338531494,0.25,NO,,,
0.7043911272068809,7780,5.214224338531494,0.25,NO,,,
0.7043911272068809,7780,5.214224338531494,0.25,NO,,,
0.7043911272068809,7780,5.214224338531494,0.25,NO,,,
0.7043911272068809,7780,5.214224338531494,0.25,NO,,,
0.7043911272068809,7780,5.214224338531494,0.25,NO,,,
0.7043911272068809,7780,5.214224338531494,0.25,NO,,,
0.7052965142598461,7790,3.528730630874634,0.4375,NO,,,
0.7052965142598461,7790,3.528730630874634,0.4375,NO,,,
0.7052965142598461,7790,3.528730630874634,0.4375,NO,,,
0.7052965142598461,7790,3.528730630874634,0.4375,NO,,,
0.7052965142598461,7790,3.528730630874634,0.4375,NO,,,
0.7052965142598461,7790,3.528730630874634,0.4375,NO,,,
0.7052965142598461,7790,3.528730630874634,0.4375,NO,,,
0.7052965142598461,7790,3.528730630874634,0.4375,NO,,,
0.7052965142598461,7790,3.528730630874634,0.4375,NO,,,
0.7052965142598461,7790,3.528730630874634,0.4375,NO,,,
0.7062019013128112,7800,5.765227794647217,0.28125,NO,,,
0.7062019013128112,7800,5.765227794647217,0.28125,NO,,,
0.7062019013128112,7800,5.765227794647217,0.28125,NO,,,
0.7062019013128112,7800,5.765227794647217,0.28125,NO,,,
0.7062019013128112,7800,5.765227794647217,0.28125,NO,,,
0.7062019013128112,7800,5.765227794647217,0.28125,NO,,,
0.7062019013128112,7800,5.765227794647217,0.28125,NO,,,
0.7062019013128112,7800,5.765227794647217,0.28125,NO,,,
0.7062019013128112,7800,5.765227794647217,0.28125,NO,,,
0.7062019013128112,7800,5.765227794647217,0.28125,NO,,,
0.7071072883657764,7810,6.036619186401367,0.28125,NO,,,
0.7071072883657764,7810,6.036619186401367,0.28125,NO,,,
0.7071072883657764,7810,6.036619186401367,0.28125,NO,,,
0.7071072883657764,7810,6.036619186401367,0.28125,NO,,,
0.7071072883657764,7810,6.036619186401367,0.28125,NO,,,
0.7071072883657764,7810,6.036619186401367,0.28125,NO,,,
0.7071072883657764,7810,6.036619186401367,0.28125,NO,,,
0.7071072883657764,7810,6.036619186401367,0.28125,NO,,,
0.7071072883657764,7810,6.036619186401367,0.28125,NO,,,
0.7071072883657764,7810,6.036619186401367,0.28125,NO,,,
0.7080126754187415,7820,3.5010623931884766,0.46875,NO,,,
0.7080126754187415,7820,3.5010623931884766,0.46875,NO,,,
0.7080126754187415,7820,3.5010623931884766,0.46875,NO,,,
0.7080126754187415,7820,3.5010623931884766,0.46875,NO,,,
0.7080126754187415,7820,3.5010623931884766,0.46875,NO,,,
0.7080126754187415,7820,3.5010623931884766,0.46875,NO,,,
0.7080126754187415,7820,3.5010623931884766,0.46875,NO,,,
0.7080126754187415,7820,3.5010623931884766,0.46875,NO,,,
0.7080126754187415,7820,3.5010623931884766,0.46875,NO,,,
0.7080126754187415,7820,3.5010623931884766,0.46875,NO,,,
0.7089180624717066,7830,3.0678863525390625,0.40625,NO,,,
0.7089180624717066,7830,3.0678863525390625,0.40625,NO,,,
0.7089180624717066,7830,3.0678863525390625,0.40625,NO,,,
0.7089180624717066,7830,3.0678863525390625,0.40625,NO,,,
0.7089180624717066,7830,3.0678863525390625,0.40625,NO,,,
0.7089180624717066,7830,3.0678863525390625,0.40625,NO,,,
0.7089180624717066,7830,3.0678863525390625,0.40625,NO,,,
0.7089180624717066,7830,3.0678863525390625,0.40625,NO,,,
0.7089180624717066,7830,3.0678863525390625,0.40625,NO,,,
0.7089180624717066,7830,3.0678863525390625,0.40625,NO,,,
0.7098234495246718,7840,4.576427936553955,0.3125,NO,,,
0.7098234495246718,7840,4.576427936553955,0.3125,NO,,,
0.7098234495246718,7840,4.576427936553955,0.3125,NO,,,
0.7098234495246718,7840,4.576427936553955,0.3125,NO,,,
0.7098234495246718,7840,4.576427936553955,0.3125,NO,,,
0.7098234495246718,7840,4.576427936553955,0.3125,NO,,,
0.7098234495246718,7840,4.576427936553955,0.3125,NO,,,
0.7098234495246718,7840,4.576427936553955,0.3125,NO,,,
0.7098234495246718,7840,4.576427936553955,0.3125,NO,,,
0.7098234495246718,7840,4.576427936553955,0.3125,NO,,,
0.710728836577637,7850,5.0676679611206055,0.25,NO,,,
0.710728836577637,7850,5.0676679611206055,0.25,NO,,,
0.710728836577637,7850,5.0676679611206055,0.25,NO,,,
0.710728836577637,7850,5.0676679611206055,0.25,NO,,,
0.710728836577637,7850,5.0676679611206055,0.25,NO,,,
0.710728836577637,7850,5.0676679611206055,0.25,NO,,,
0.710728836577637,7850,5.0676679611206055,0.25,NO,,,
0.710728836577637,7850,5.0676679611206055,0.25,NO,,,
0.710728836577637,7850,5.0676679611206055,0.25,NO,,,
0.710728836577637,7850,5.0676679611206055,0.25,NO,,,
0.7116342236306021,7860,3.7746353149414062,0.34375,NO,,,
0.7116342236306021,7860,3.7746353149414062,0.34375,NO,,,
0.7116342236306021,7860,3.7746353149414062,0.34375,NO,,,
0.7116342236306021,7860,3.7746353149414062,0.34375,NO,,,
0.7116342236306021,7860,3.7746353149414062,0.34375,NO,,,
0.7116342236306021,7860,3.7746353149414062,0.34375,NO,,,
0.7116342236306021,7860,3.7746353149414062,0.34375,NO,,,
0.7116342236306021,7860,3.7746353149414062,0.34375,NO,,,
0.7116342236306021,7860,3.7746353149414062,0.34375,NO,,,
0.7116342236306021,7860,3.7746353149414062,0.34375,NO,,,
0.7125396106835672,7870,2.647371292114258,0.25,NO,,,
0.7125396106835672,7870,2.647371292114258,0.25,NO,,,
0.7125396106835672,7870,2.647371292114258,0.25,NO,,,
0.7125396106835672,7870,2.647371292114258,0.25,NO,,,
0.7125396106835672,7870,2.647371292114258,0.25,NO,,,
0.7125396106835672,7870,2.647371292114258,0.25,NO,,,
0.7125396106835672,7870,2.647371292114258,0.25,NO,,,
0.7125396106835672,7870,2.647371292114258,0.25,NO,,,
0.7125396106835672,7870,2.647371292114258,0.25,NO,,,
0.7125396106835672,7870,2.647371292114258,0.25,NO,,,
0.7134449977365324,7880,3.1748764514923096,0.375,NO,,,
0.7134449977365324,7880,3.1748764514923096,0.375,NO,,,
0.7134449977365324,7880,3.1748764514923096,0.375,NO,,,
0.7134449977365324,7880,3.1748764514923096,0.375,NO,,,
0.7134449977365324,7880,3.1748764514923096,0.375,NO,,,
0.7134449977365324,7880,3.1748764514923096,0.375,NO,,,
0.7134449977365324,7880,3.1748764514923096,0.375,NO,,,
0.7134449977365324,7880,3.1748764514923096,0.375,NO,,,
0.7134449977365324,7880,3.1748764514923096,0.375,NO,,,
0.7134449977365324,7880,3.1748764514923096,0.375,NO,,,
0.7143503847894975,7890,4.459914207458496,0.1875,NO,,,
0.7143503847894975,7890,4.459914207458496,0.1875,NO,,,
0.7143503847894975,7890,4.459914207458496,0.1875,NO,,,
0.7143503847894975,7890,4.459914207458496,0.1875,NO,,,
0.7143503847894975,7890,4.459914207458496,0.1875,NO,,,
0.7143503847894975,7890,4.459914207458496,0.1875,NO,,,
0.7143503847894975,7890,4.459914207458496,0.1875,NO,,,
0.7143503847894975,7890,4.459914207458496,0.1875,NO,,,
0.7143503847894975,7890,4.459914207458496,0.1875,NO,,,
0.7143503847894975,7890,4.459914207458496,0.1875,NO,,,
0.7152557718424627,7900,6.682231903076172,0.1875,NO,,,
0.7152557718424627,7900,6.682231903076172,0.1875,NO,,,
0.7152557718424627,7900,6.682231903076172,0.1875,NO,,,
0.7152557718424627,7900,6.682231903076172,0.1875,NO,,,
0.7152557718424627,7900,6.682231903076172,0.1875,NO,,,
0.7152557718424627,7900,6.682231903076172,0.1875,NO,,,
0.7152557718424627,7900,6.682231903076172,0.1875,NO,,,
0.7152557718424627,7900,6.682231903076172,0.1875,NO,,,
0.7152557718424627,7900,6.682231903076172,0.1875,NO,,,
0.7152557718424627,7900,6.682231903076172,0.1875,NO,,,
0.7161611588954278,7910,3.6496684551239014,0.25,NO,,,
0.7161611588954278,7910,3.6496684551239014,0.25,NO,,,
0.7161611588954278,7910,3.6496684551239014,0.25,NO,,,
0.7161611588954278,7910,3.6496684551239014,0.25,NO,,,
0.7161611588954278,7910,3.6496684551239014,0.25,NO,,,
0.7161611588954278,7910,3.6496684551239014,0.25,NO,,,
0.7161611588954278,7910,3.6496684551239014,0.25,NO,,,
0.7161611588954278,7910,3.6496684551239014,0.25,NO,,,
0.7161611588954278,7910,3.6496684551239014,0.25,NO,,,
0.7161611588954278,7910,3.6496684551239014,0.25,NO,,,
0.7170665459483929,7920,3.5775468349456787,0.40625,NO,,,
0.7170665459483929,7920,3.5775468349456787,0.40625,NO,,,
0.7170665459483929,7920,3.5775468349456787,0.40625,NO,,,
0.7170665459483929,7920,3.5775468349456787,0.40625,NO,,,
0.7170665459483929,7920,3.5775468349456787,0.40625,NO,,,
0.7170665459483929,7920,3.5775468349456787,0.40625,NO,,,
0.7170665459483929,7920,3.5775468349456787,0.40625,NO,,,
0.7170665459483929,7920,3.5775468349456787,0.40625,NO,,,
0.7170665459483929,7920,3.5775468349456787,0.40625,NO,,,
0.7170665459483929,7920,3.5775468349456787,0.40625,NO,,,
0.7179719330013581,7930,1.522507667541504,0.3125,NO,,,
0.7179719330013581,7930,1.522507667541504,0.3125,NO,,,
0.7179719330013581,7930,1.522507667541504,0.3125,NO,,,
0.7179719330013581,7930,1.522507667541504,0.3125,NO,,,
0.7179719330013581,7930,1.522507667541504,0.3125,NO,,,
0.7179719330013581,7930,1.522507667541504,0.3125,NO,,,
0.7179719330013581,7930,1.522507667541504,0.3125,NO,,,
0.7179719330013581,7930,1.522507667541504,0.3125,NO,,,
0.7179719330013581,7930,1.522507667541504,0.3125,NO,,,
0.7179719330013581,7930,1.522507667541504,0.3125,NO,,,
0.7188773200543233,7940,1.3955655097961426,0.46875,NO,,,
0.7188773200543233,7940,1.3955655097961426,0.46875,NO,,,
0.7188773200543233,7940,1.3955655097961426,0.46875,NO,,,
0.7188773200543233,7940,1.3955655097961426,0.46875,NO,,,
0.7188773200543233,7940,1.3955655097961426,0.46875,NO,,,
0.7188773200543233,7940,1.3955655097961426,0.46875,NO,,,
0.7188773200543233,7940,1.3955655097961426,0.46875,NO,,,
0.7188773200543233,7940,1.3955655097961426,0.46875,NO,,,
0.7188773200543233,7940,1.3955655097961426,0.46875,NO,,,
0.7188773200543233,7940,1.3955655097961426,0.46875,NO,,,
0.7197827071072883,7950,3.697636365890503,0.1875,NO,,,
0.7197827071072883,7950,3.697636365890503,0.1875,NO,,,
0.7197827071072883,7950,3.697636365890503,0.1875,NO,,,
0.7197827071072883,7950,3.697636365890503,0.1875,NO,,,
0.7197827071072883,7950,3.697636365890503,0.1875,NO,,,
0.7197827071072883,7950,3.697636365890503,0.1875,NO,,,
0.7197827071072883,7950,3.697636365890503,0.1875,NO,,,
0.7197827071072883,7950,3.697636365890503,0.1875,NO,,,
0.7197827071072883,7950,3.697636365890503,0.1875,NO,,,
0.7197827071072883,7950,3.697636365890503,0.1875,NO,,,
0.7206880941602535,7960,2.9009270668029785,0.40625,NO,,,
0.7206880941602535,7960,2.9009270668029785,0.40625,NO,,,
0.7206880941602535,7960,2.9009270668029785,0.40625,NO,,,
0.7206880941602535,7960,2.9009270668029785,0.40625,NO,,,
0.7206880941602535,7960,2.9009270668029785,0.40625,NO,,,
0.7206880941602535,7960,2.9009270668029785,0.40625,NO,,,
0.7206880941602535,7960,2.9009270668029785,0.40625,NO,,,
0.7206880941602535,7960,2.9009270668029785,0.40625,NO,,,
0.7206880941602535,7960,2.9009270668029785,0.40625,NO,,,
0.7206880941602535,7960,2.9009270668029785,0.40625,NO,,,
0.7215934812132186,7970,2.377345561981201,0.40625,NO,,,
0.7215934812132186,7970,2.377345561981201,0.40625,NO,,,
0.7215934812132186,7970,2.377345561981201,0.40625,NO,,,
0.7215934812132186,7970,2.377345561981201,0.40625,NO,,,
0.7215934812132186,7970,2.377345561981201,0.40625,NO,,,
0.7215934812132186,7970,2.377345561981201,0.40625,NO,,,
0.7215934812132186,7970,2.377345561981201,0.40625,NO,,,
0.7215934812132186,7970,2.377345561981201,0.40625,NO,,,
0.7215934812132186,7970,2.377345561981201,0.40625,NO,,,
0.7215934812132186,7970,2.377345561981201,0.40625,NO,,,
0.7224988682661838,7980,2.2737464904785156,0.25,NO,,,
0.7224988682661838,7980,2.2737464904785156,0.25,NO,,,
0.7224988682661838,7980,2.2737464904785156,0.25,NO,,,
0.7224988682661838,7980,2.2737464904785156,0.25,NO,,,
0.7224988682661838,7980,2.2737464904785156,0.25,NO,,,
0.7224988682661838,7980,2.2737464904785156,0.25,NO,,,
0.7224988682661838,7980,2.2737464904785156,0.25,NO,,,
0.7224988682661838,7980,2.2737464904785156,0.25,NO,,,
0.7224988682661838,7980,2.2737464904785156,0.25,NO,,,
0.7224988682661838,7980,2.2737464904785156,0.25,NO,,,
0.723404255319149,7990,1.7921943664550781,0.34375,NO,,,
0.723404255319149,7990,1.7921943664550781,0.34375,NO,,,
0.723404255319149,7990,1.7921943664550781,0.34375,NO,,,
0.723404255319149,7990,1.7921943664550781,0.34375,NO,,,
0.723404255319149,7990,1.7921943664550781,0.34375,NO,,,
0.723404255319149,7990,1.7921943664550781,0.34375,NO,,,
0.723404255319149,7990,1.7921943664550781,0.34375,NO,,,
0.723404255319149,7990,1.7921943664550781,0.34375,NO,,,
0.723404255319149,7990,1.7921943664550781,0.34375,NO,,,
0.723404255319149,7990,1.7921943664550781,0.34375,YES,1.834562063217163,0.3307359307359307,5.035216331481934
0.724309642372114,8000,1.8148860931396484,0.3125,NO,,,
0.724309642372114,8000,1.8148860931396484,0.3125,NO,,,
0.724309642372114,8000,1.8148860931396484,0.3125,NO,,,
0.724309642372114,8000,1.8148860931396484,0.3125,NO,,,
0.724309642372114,8000,1.8148860931396484,0.3125,NO,,,
0.724309642372114,8000,1.8148860931396484,0.3125,NO,,,
0.724309642372114,8000,1.8148860931396484,0.3125,NO,,,
0.724309642372114,8000,1.8148860931396484,0.3125,NO,,,
0.724309642372114,8000,1.8148860931396484,0.3125,NO,,,
0.724309642372114,8000,1.8148860931396484,0.3125,NO,,,
0.7252150294250792,8010,2.4740428924560547,0.40625,NO,,,
0.7252150294250792,8010,2.4740428924560547,0.40625,NO,,,
0.7252150294250792,8010,2.4740428924560547,0.40625,NO,,,
0.7252150294250792,8010,2.4740428924560547,0.40625,NO,,,
0.7252150294250792,8010,2.4740428924560547,0.40625,NO,,,
0.7252150294250792,8010,2.4740428924560547,0.40625,NO,,,
0.7252150294250792,8010,2.4740428924560547,0.40625,NO,,,
0.7252150294250792,8010,2.4740428924560547,0.40625,NO,,,
0.7252150294250792,8010,2.4740428924560547,0.40625,NO,,,
0.7252150294250792,8010,2.4740428924560547,0.40625,NO,,,
0.7261204164780444,8020,3.210792064666748,0.34375,NO,,,
0.7261204164780444,8020,3.210792064666748,0.34375,NO,,,
0.7261204164780444,8020,3.210792064666748,0.34375,NO,,,
0.7261204164780444,8020,3.210792064666748,0.34375,NO,,,
0.7261204164780444,8020,3.210792064666748,0.34375,NO,,,
0.7261204164780444,8020,3.210792064666748,0.34375,NO,,,
0.7261204164780444,8020,3.210792064666748,0.34375,NO,,,
0.7261204164780444,8020,3.210792064666748,0.34375,NO,,,
0.7261204164780444,8020,3.210792064666748,0.34375,NO,,,
0.7261204164780444,8020,3.210792064666748,0.34375,NO,,,
0.7270258035310095,8030,1.5768284797668457,0.40625,NO,,,
0.7270258035310095,8030,1.5768284797668457,0.40625,NO,,,
0.7270258035310095,8030,1.5768284797668457,0.40625,NO,,,
0.7270258035310095,8030,1.5768284797668457,0.40625,NO,,,
0.7270258035310095,8030,1.5768284797668457,0.40625,NO,,,
0.7270258035310095,8030,1.5768284797668457,0.40625,NO,,,
0.7270258035310095,8030,1.5768284797668457,0.40625,NO,,,
0.7270258035310095,8030,1.5768284797668457,0.40625,NO,,,
0.7270258035310095,8030,1.5768284797668457,0.40625,NO,,,
0.7270258035310095,8030,1.5768284797668457,0.40625,NO,,,
0.7279311905839746,8040,2.3771681785583496,0.375,NO,,,
0.7279311905839746,8040,2.3771681785583496,0.375,NO,,,
0.7279311905839746,8040,2.3771681785583496,0.375,NO,,,
0.7279311905839746,8040,2.3771681785583496,0.375,NO,,,
0.7279311905839746,8040,2.3771681785583496,0.375,NO,,,
0.7279311905839746,8040,2.3771681785583496,0.375,NO,,,
0.7279311905839746,8040,2.3771681785583496,0.375,NO,,,
0.7279311905839746,8040,2.3771681785583496,0.375,NO,,,
0.7279311905839746,8040,2.3771681785583496,0.375,NO,,,
0.7279311905839746,8040,2.3771681785583496,0.375,NO,,,
0.7288365776369398,8050,2.1814918518066406,0.375,NO,,,
0.7288365776369398,8050,2.1814918518066406,0.375,NO,,,
0.7288365776369398,8050,2.1814918518066406,0.375,NO,,,
0.7288365776369398,8050,2.1814918518066406,0.375,NO,,,
0.7288365776369398,8050,2.1814918518066406,0.375,NO,,,
0.7288365776369398,8050,2.1814918518066406,0.375,NO,,,
0.7288365776369398,8050,2.1814918518066406,0.375,NO,,,
0.7288365776369398,8050,2.1814918518066406,0.375,NO,,,
0.7288365776369398,8050,2.1814918518066406,0.375,NO,,,
0.7288365776369398,8050,2.1814918518066406,0.375,NO,,,
0.7297419646899049,8060,7.099693775177002,0.3125,NO,,,
0.7297419646899049,8060,7.099693775177002,0.3125,NO,,,
0.7297419646899049,8060,7.099693775177002,0.3125,NO,,,
0.7297419646899049,8060,7.099693775177002,0.3125,NO,,,
0.7297419646899049,8060,7.099693775177002,0.3125,NO,,,
0.7297419646899049,8060,7.099693775177002,0.3125,NO,,,
0.7297419646899049,8060,7.099693775177002,0.3125,NO,,,
0.7297419646899049,8060,7.099693775177002,0.3125,NO,,,
0.7297419646899049,8060,7.099693775177002,0.3125,NO,,,
0.7297419646899049,8060,7.099693775177002,0.3125,NO,,,
0.7306473517428701,8070,4.595150470733643,0.40625,NO,,,
0.7306473517428701,8070,4.595150470733643,0.40625,NO,,,
0.7306473517428701,8070,4.595150470733643,0.40625,NO,,,
0.7306473517428701,8070,4.595150470733643,0.40625,NO,,,
0.7306473517428701,8070,4.595150470733643,0.40625,NO,,,
0.7306473517428701,8070,4.595150470733643,0.40625,NO,,,
0.7306473517428701,8070,4.595150470733643,0.40625,NO,,,
0.7306473517428701,8070,4.595150470733643,0.40625,NO,,,
0.7306473517428701,8070,4.595150470733643,0.40625,NO,,,
0.7306473517428701,8070,4.595150470733643,0.40625,NO,,,
0.7315527387958353,8080,4.984233379364014,0.15625,NO,,,
0.7315527387958353,8080,4.984233379364014,0.15625,NO,,,
0.7315527387958353,8080,4.984233379364014,0.15625,NO,,,
0.7315527387958353,8080,4.984233379364014,0.15625,NO,,,
0.7315527387958353,8080,4.984233379364014,0.15625,NO,,,
0.7315527387958353,8080,4.984233379364014,0.15625,NO,,,
0.7315527387958353,8080,4.984233379364014,0.15625,NO,,,
0.7315527387958353,8080,4.984233379364014,0.15625,NO,,,
0.7315527387958353,8080,4.984233379364014,0.15625,NO,,,
0.7315527387958353,8080,4.984233379364014,0.15625,NO,,,
0.7324581258488003,8090,3.7930748462677,0.375,NO,,,
0.7324581258488003,8090,3.7930748462677,0.375,NO,,,
0.7324581258488003,8090,3.7930748462677,0.375,NO,,,
0.7324581258488003,8090,3.7930748462677,0.375,NO,,,
0.7324581258488003,8090,3.7930748462677,0.375,NO,,,
0.7324581258488003,8090,3.7930748462677,0.375,NO,,,
0.7324581258488003,8090,3.7930748462677,0.375,NO,,,
0.7324581258488003,8090,3.7930748462677,0.375,NO,,,
0.7324581258488003,8090,3.7930748462677,0.375,NO,,,
0.7324581258488003,8090,3.7930748462677,0.375,NO,,,
0.7333635129017655,8100,5.385324478149414,0.28125,NO,,,
0.7333635129017655,8100,5.385324478149414,0.28125,NO,,,
0.7333635129017655,8100,5.385324478149414,0.28125,NO,,,
0.7333635129017655,8100,5.385324478149414,0.28125,NO,,,
0.7333635129017655,8100,5.385324478149414,0.28125,NO,,,
0.7333635129017655,8100,5.385324478149414,0.28125,NO,,,
0.7333635129017655,8100,5.385324478149414,0.28125,NO,,,
0.7333635129017655,8100,5.385324478149414,0.28125,NO,,,
0.7333635129017655,8100,5.385324478149414,0.28125,NO,,,
0.7333635129017655,8100,5.385324478149414,0.28125,NO,,,
0.7342688999547307,8110,3.6214981079101562,0.34375,NO,,,
0.7342688999547307,8110,3.6214981079101562,0.34375,NO,,,
0.7342688999547307,8110,3.6214981079101562,0.34375,NO,,,
0.7342688999547307,8110,3.6214981079101562,0.34375,NO,,,
0.7342688999547307,8110,3.6214981079101562,0.34375,NO,,,
0.7342688999547307,8110,3.6214981079101562,0.34375,NO,,,
0.7342688999547307,8110,3.6214981079101562,0.34375,NO,,,
0.7342688999547307,8110,3.6214981079101562,0.34375,NO,,,
0.7342688999547307,8110,3.6214981079101562,0.34375,NO,,,
0.7342688999547307,8110,3.6214981079101562,0.34375,NO,,,
0.7351742870076958,8120,4.863503456115723,0.3125,NO,,,
0.7351742870076958,8120,4.863503456115723,0.3125,NO,,,
0.7351742870076958,8120,4.863503456115723,0.3125,NO,,,
0.7351742870076958,8120,4.863503456115723,0.3125,NO,,,
0.7351742870076958,8120,4.863503456115723,0.3125,NO,,,
0.7351742870076958,8120,4.863503456115723,0.3125,NO,,,
0.7351742870076958,8120,4.863503456115723,0.3125,NO,,,
0.7351742870076958,8120,4.863503456115723,0.3125,NO,,,
0.7351742870076958,8120,4.863503456115723,0.3125,NO,,,
0.7351742870076958,8120,4.863503456115723,0.3125,NO,,,
0.7360796740606609,8130,4.693207740783691,0.25,NO,,,
0.7360796740606609,8130,4.693207740783691,0.25,NO,,,
0.7360796740606609,8130,4.693207740783691,0.25,NO,,,
0.7360796740606609,8130,4.693207740783691,0.25,NO,,,
0.7360796740606609,8130,4.693207740783691,0.25,NO,,,
0.7360796740606609,8130,4.693207740783691,0.25,NO,,,
0.7360796740606609,8130,4.693207740783691,0.25,NO,,,
0.7360796740606609,8130,4.693207740783691,0.25,NO,,,
0.7360796740606609,8130,4.693207740783691,0.25,NO,,,
0.7360796740606609,8130,4.693207740783691,0.25,NO,,,
0.736985061113626,8140,2.725708484649658,0.40625,NO,,,
0.736985061113626,8140,2.725708484649658,0.40625,NO,,,
0.736985061113626,8140,2.725708484649658,0.40625,NO,,,
0.736985061113626,8140,2.725708484649658,0.40625,NO,,,
0.736985061113626,8140,2.725708484649658,0.40625,NO,,,
0.736985061113626,8140,2.725708484649658,0.40625,NO,,,
0.736985061113626,8140,2.725708484649658,0.40625,NO,,,
0.736985061113626,8140,2.725708484649658,0.40625,NO,,,
0.736985061113626,8140,2.725708484649658,0.40625,NO,,,
0.736985061113626,8140,2.725708484649658,0.40625,NO,,,
0.7378904481665912,8150,4.937125205993652,0.25,NO,,,
0.7378904481665912,8150,4.937125205993652,0.25,NO,,,
0.7378904481665912,8150,4.937125205993652,0.25,NO,,,
0.7378904481665912,8150,4.937125205993652,0.25,NO,,,
0.7378904481665912,8150,4.937125205993652,0.25,NO,,,
0.7378904481665912,8150,4.937125205993652,0.25,NO,,,
0.7378904481665912,8150,4.937125205993652,0.25,NO,,,
0.7378904481665912,8150,4.937125205993652,0.25,NO,,,
0.7378904481665912,8150,4.937125205993652,0.25,NO,,,
0.7378904481665912,8150,4.937125205993652,0.25,NO,,,
0.7387958352195564,8160,3.264899253845215,0.28125,NO,,,
0.7387958352195564,8160,3.264899253845215,0.28125,NO,,,
0.7387958352195564,8160,3.264899253845215,0.28125,NO,,,
0.7387958352195564,8160,3.264899253845215,0.28125,NO,,,
0.7387958352195564,8160,3.264899253845215,0.28125,NO,,,
0.7387958352195564,8160,3.264899253845215,0.28125,NO,,,
0.7387958352195564,8160,3.264899253845215,0.28125,NO,,,
0.7387958352195564,8160,3.264899253845215,0.28125,NO,,,
0.7387958352195564,8160,3.264899253845215,0.28125,NO,,,
0.7387958352195564,8160,3.264899253845215,0.28125,NO,,,
0.7397012222725216,8170,1.4924583435058594,0.40625,NO,,,
0.7397012222725216,8170,1.4924583435058594,0.40625,NO,,,
0.7397012222725216,8170,1.4924583435058594,0.40625,NO,,,
0.7397012222725216,8170,1.4924583435058594,0.40625,NO,,,
0.7397012222725216,8170,1.4924583435058594,0.40625,NO,,,
0.7397012222725216,8170,1.4924583435058594,0.40625,NO,,,
0.7397012222725216,8170,1.4924583435058594,0.40625,NO,,,
0.7397012222725216,8170,1.4924583435058594,0.40625,NO,,,
0.7397012222725216,8170,1.4924583435058594,0.40625,NO,,,
0.7397012222725216,8170,1.4924583435058594,0.40625,NO,,,
0.7406066093254866,8180,6.257663726806641,0.0625,NO,,,
0.7406066093254866,8180,6.257663726806641,0.0625,NO,,,
0.7406066093254866,8180,6.257663726806641,0.0625,NO,,,
0.7406066093254866,8180,6.257663726806641,0.0625,NO,,,
0.7406066093254866,8180,6.257663726806641,0.0625,NO,,,
0.7406066093254866,8180,6.257663726806641,0.0625,NO,,,
0.7406066093254866,8180,6.257663726806641,0.0625,NO,,,
0.7406066093254866,8180,6.257663726806641,0.0625,NO,,,
0.7406066093254866,8180,6.257663726806641,0.0625,NO,,,
0.7406066093254866,8180,6.257663726806641,0.0625,NO,,,
0.7415119963784518,8190,3.49198579788208,0.3125,NO,,,
0.7415119963784518,8190,3.49198579788208,0.3125,NO,,,
0.7415119963784518,8190,3.49198579788208,0.3125,NO,,,
0.7415119963784518,8190,3.49198579788208,0.3125,NO,,,
0.7415119963784518,8190,3.49198579788208,0.3125,NO,,,
0.7415119963784518,8190,3.49198579788208,0.3125,NO,,,
0.7415119963784518,8190,3.49198579788208,0.3125,NO,,,
0.7415119963784518,8190,3.49198579788208,0.3125,NO,,,
0.7415119963784518,8190,3.49198579788208,0.3125,NO,,,
0.7415119963784518,8190,3.49198579788208,0.3125,NO,,,
0.7424173834314169,8200,2.756495475769043,0.5625,NO,,,
0.7424173834314169,8200,2.756495475769043,0.5625,NO,,,
0.7424173834314169,8200,2.756495475769043,0.5625,NO,,,
0.7424173834314169,8200,2.756495475769043,0.5625,NO,,,
0.7424173834314169,8200,2.756495475769043,0.5625,NO,,,
0.7424173834314169,8200,2.756495475769043,0.5625,NO,,,
0.7424173834314169,8200,2.756495475769043,0.5625,NO,,,
0.7424173834314169,8200,2.756495475769043,0.5625,NO,,,
0.7424173834314169,8200,2.756495475769043,0.5625,NO,,,
0.7424173834314169,8200,2.756495475769043,0.5625,NO,,,
0.7433227704843821,8210,2.330486297607422,0.25,NO,,,
0.7433227704843821,8210,2.330486297607422,0.25,NO,,,
0.7433227704843821,8210,2.330486297607422,0.25,NO,,,
0.7433227704843821,8210,2.330486297607422,0.25,NO,,,
0.7433227704843821,8210,2.330486297607422,0.25,NO,,,
0.7433227704843821,8210,2.330486297607422,0.25,NO,,,
0.7433227704843821,8210,2.330486297607422,0.25,NO,,,
0.7433227704843821,8210,2.330486297607422,0.25,NO,,,
0.7433227704843821,8210,2.330486297607422,0.25,NO,,,
0.7433227704843821,8210,2.330486297607422,0.25,NO,,,
0.7442281575373472,8220,1.6496829986572266,0.40625,NO,,,
0.7442281575373472,8220,1.6496829986572266,0.40625,NO,,,
0.7442281575373472,8220,1.6496829986572266,0.40625,NO,,,
0.7442281575373472,8220,1.6496829986572266,0.40625,NO,,,
0.7442281575373472,8220,1.6496829986572266,0.40625,NO,,,
0.7442281575373472,8220,1.6496829986572266,0.40625,NO,,,
0.7442281575373472,8220,1.6496829986572266,0.40625,NO,,,
0.7442281575373472,8220,1.6496829986572266,0.40625,NO,,,
0.7442281575373472,8220,1.6496829986572266,0.40625,NO,,,
0.7442281575373472,8220,1.6496829986572266,0.40625,NO,,,
0.7451335445903123,8230,3.3932645320892334,0.4375,NO,,,
0.7451335445903123,8230,3.3932645320892334,0.4375,NO,,,
0.7451335445903123,8230,3.3932645320892334,0.4375,NO,,,
0.7451335445903123,8230,3.3932645320892334,0.4375,NO,,,
0.7451335445903123,8230,3.3932645320892334,0.4375,NO,,,
0.7451335445903123,8230,3.3932645320892334,0.4375,NO,,,
0.7451335445903123,8230,3.3932645320892334,0.4375,NO,,,
0.7451335445903123,8230,3.3932645320892334,0.4375,NO,,,
0.7451335445903123,8230,3.3932645320892334,0.4375,NO,,,
0.7451335445903123,8230,3.3932645320892334,0.4375,NO,,,
0.7460389316432775,8240,3.2512264251708984,0.375,NO,,,
0.7460389316432775,8240,3.2512264251708984,0.375,NO,,,
0.7460389316432775,8240,3.2512264251708984,0.375,NO,,,
0.7460389316432775,8240,3.2512264251708984,0.375,NO,,,
0.7460389316432775,8240,3.2512264251708984,0.375,NO,,,
0.7460389316432775,8240,3.2512264251708984,0.375,NO,,,
0.7460389316432775,8240,3.2512264251708984,0.375,NO,,,
0.7460389316432775,8240,3.2512264251708984,0.375,NO,,,
0.7460389316432775,8240,3.2512264251708984,0.375,NO,,,
0.7460389316432775,8240,3.2512264251708984,0.375,NO,,,
0.7469443186962427,8250,2.938056707382202,0.28125,NO,,,
0.7469443186962427,8250,2.938056707382202,0.28125,NO,,,
0.7469443186962427,8250,2.938056707382202,0.28125,NO,,,
0.7469443186962427,8250,2.938056707382202,0.28125,NO,,,
0.7469443186962427,8250,2.938056707382202,0.28125,NO,,,
0.7469443186962427,8250,2.938056707382202,0.28125,NO,,,
0.7469443186962427,8250,2.938056707382202,0.28125,NO,,,
0.7469443186962427,8250,2.938056707382202,0.28125,NO,,,
0.7469443186962427,8250,2.938056707382202,0.28125,NO,,,
0.7469443186962427,8250,2.938056707382202,0.28125,NO,,,
0.7478497057492078,8260,8.515639305114746,0.28125,NO,,,
0.7478497057492078,8260,8.515639305114746,0.28125,NO,,,
0.7478497057492078,8260,8.515639305114746,0.28125,NO,,,
0.7478497057492078,8260,8.515639305114746,0.28125,NO,,,
0.7478497057492078,8260,8.515639305114746,0.28125,NO,,,
0.7478497057492078,8260,8.515639305114746,0.28125,NO,,,
0.7478497057492078,8260,8.515639305114746,0.28125,NO,,,
0.7478497057492078,8260,8.515639305114746,0.28125,NO,,,
0.7478497057492078,8260,8.515639305114746,0.28125,NO,,,
0.7478497057492078,8260,8.515639305114746,0.28125,NO,,,
0.7487550928021729,8270,3.619053363800049,0.28125,NO,,,
0.7487550928021729,8270,3.619053363800049,0.28125,NO,,,
0.7487550928021729,8270,3.619053363800049,0.28125,NO,,,
0.7487550928021729,8270,3.619053363800049,0.28125,NO,,,
0.7487550928021729,8270,3.619053363800049,0.28125,NO,,,
0.7487550928021729,8270,3.619053363800049,0.28125,NO,,,
0.7487550928021729,8270,3.619053363800049,0.28125,NO,,,
0.7487550928021729,8270,3.619053363800049,0.28125,NO,,,
0.7487550928021729,8270,3.619053363800049,0.28125,NO,,,
0.7487550928021729,8270,3.619053363800049,0.28125,NO,,,
0.7496604798551381,8280,2.61984920501709,0.34375,NO,,,
0.7496604798551381,8280,2.61984920501709,0.34375,NO,,,
0.7496604798551381,8280,2.61984920501709,0.34375,NO,,,
0.7496604798551381,8280,2.61984920501709,0.34375,NO,,,
0.7496604798551381,8280,2.61984920501709,0.34375,NO,,,
0.7496604798551381,8280,2.61984920501709,0.34375,NO,,,
0.7496604798551381,8280,2.61984920501709,0.34375,NO,,,
0.7496604798551381,8280,2.61984920501709,0.34375,NO,,,
0.7496604798551381,8280,2.61984920501709,0.34375,NO,,,
0.7496604798551381,8280,2.61984920501709,0.34375,NO,,,
0.7505658669081032,8290,3.2502806186676025,0.4375,NO,,,
0.7505658669081032,8290,3.2502806186676025,0.4375,NO,,,
0.7505658669081032,8290,3.2502806186676025,0.4375,NO,,,
0.7505658669081032,8290,3.2502806186676025,0.4375,NO,,,
0.7505658669081032,8290,3.2502806186676025,0.4375,NO,,,
0.7505658669081032,8290,3.2502806186676025,0.4375,NO,,,
0.7505658669081032,8290,3.2502806186676025,0.4375,NO,,,
0.7505658669081032,8290,3.2502806186676025,0.4375,NO,,,
0.7505658669081032,8290,3.2502806186676025,0.4375,NO,,,
0.7505658669081032,8290,3.2502806186676025,0.4375,NO,,,
0.7514712539610684,8300,5.967319965362549,0.5,NO,,,
0.7514712539610684,8300,5.967319965362549,0.5,NO,,,
0.7514712539610684,8300,5.967319965362549,0.5,NO,,,
0.7514712539610684,8300,5.967319965362549,0.5,NO,,,
0.7514712539610684,8300,5.967319965362549,0.5,NO,,,
0.7514712539610684,8300,5.967319965362549,0.5,NO,,,
0.7514712539610684,8300,5.967319965362549,0.5,NO,,,
0.7514712539610684,8300,5.967319965362549,0.5,NO,,,
0.7514712539610684,8300,5.967319965362549,0.5,NO,,,
0.7514712539610684,8300,5.967319965362549,0.5,NO,,,
0.7523766410140335,8310,5.34632682800293,0.46875,NO,,,
0.7523766410140335,8310,5.34632682800293,0.46875,NO,,,
0.7523766410140335,8310,5.34632682800293,0.46875,NO,,,
0.7523766410140335,8310,5.34632682800293,0.46875,NO,,,
0.7523766410140335,8310,5.34632682800293,0.46875,NO,,,
0.7523766410140335,8310,5.34632682800293,0.46875,NO,,,
0.7523766410140335,8310,5.34632682800293,0.46875,NO,,,
0.7523766410140335,8310,5.34632682800293,0.46875,NO,,,
0.7523766410140335,8310,5.34632682800293,0.46875,NO,,,
0.7523766410140335,8310,5.34632682800293,0.46875,NO,,,
0.7532820280669986,8320,5.294480800628662,0.53125,NO,,,
0.7532820280669986,8320,5.294480800628662,0.53125,NO,,,
0.7532820280669986,8320,5.294480800628662,0.53125,NO,,,
0.7532820280669986,8320,5.294480800628662,0.53125,NO,,,
0.7532820280669986,8320,5.294480800628662,0.53125,NO,,,
0.7532820280669986,8320,5.294480800628662,0.53125,NO,,,
0.7532820280669986,8320,5.294480800628662,0.53125,NO,,,
0.7532820280669986,8320,5.294480800628662,0.53125,NO,,,
0.7532820280669986,8320,5.294480800628662,0.53125,NO,,,
0.7532820280669986,8320,5.294480800628662,0.53125,NO,,,
0.7541874151199638,8330,5.085033416748047,0.25,NO,,,
0.7541874151199638,8330,5.085033416748047,0.25,NO,,,
0.7541874151199638,8330,5.085033416748047,0.25,NO,,,
0.7541874151199638,8330,5.085033416748047,0.25,NO,,,
0.7541874151199638,8330,5.085033416748047,0.25,NO,,,
0.7541874151199638,8330,5.085033416748047,0.25,NO,,,
0.7541874151199638,8330,5.085033416748047,0.25,NO,,,
0.7541874151199638,8330,5.085033416748047,0.25,NO,,,
0.7541874151199638,8330,5.085033416748047,0.25,NO,,,
0.7541874151199638,8330,5.085033416748047,0.25,NO,,,
0.755092802172929,8340,2.8579788208007812,0.25,NO,,,
0.755092802172929,8340,2.8579788208007812,0.25,NO,,,
0.755092802172929,8340,2.8579788208007812,0.25,NO,,,
0.755092802172929,8340,2.8579788208007812,0.25,NO,,,
0.755092802172929,8340,2.8579788208007812,0.25,NO,,,
0.755092802172929,8340,2.8579788208007812,0.25,NO,,,
0.755092802172929,8340,2.8579788208007812,0.25,NO,,,
0.755092802172929,8340,2.8579788208007812,0.25,NO,,,
0.755092802172929,8340,2.8579788208007812,0.25,NO,,,
0.755092802172929,8340,2.8579788208007812,0.25,NO,,,
0.7559981892258941,8350,2.133392333984375,0.25,NO,,,
0.7559981892258941,8350,2.133392333984375,0.25,NO,,,
0.7559981892258941,8350,2.133392333984375,0.25,NO,,,
0.7559981892258941,8350,2.133392333984375,0.25,NO,,,
0.7559981892258941,8350,2.133392333984375,0.25,NO,,,
0.7559981892258941,8350,2.133392333984375,0.25,NO,,,
0.7559981892258941,8350,2.133392333984375,0.25,NO,,,
0.7559981892258941,8350,2.133392333984375,0.25,NO,,,
0.7559981892258941,8350,2.133392333984375,0.25,NO,,,
0.7559981892258941,8350,2.133392333984375,0.25,NO,,,
0.7569035762788592,8360,2.433656930923462,0.375,NO,,,
0.7569035762788592,8360,2.433656930923462,0.375,NO,,,
0.7569035762788592,8360,2.433656930923462,0.375,NO,,,
0.7569035762788592,8360,2.433656930923462,0.375,NO,,,
0.7569035762788592,8360,2.433656930923462,0.375,NO,,,
0.7569035762788592,8360,2.433656930923462,0.375,NO,,,
0.7569035762788592,8360,2.433656930923462,0.375,NO,,,
0.7569035762788592,8360,2.433656930923462,0.375,NO,,,
0.7569035762788592,8360,2.433656930923462,0.375,NO,,,
0.7569035762788592,8360,2.433656930923462,0.375,NO,,,
0.7578089633318243,8370,3.467078685760498,0.28125,NO,,,
0.7578089633318243,8370,3.467078685760498,0.28125,NO,,,
0.7578089633318243,8370,3.467078685760498,0.28125,NO,,,
0.7578089633318243,8370,3.467078685760498,0.28125,NO,,,
0.7578089633318243,8370,3.467078685760498,0.28125,NO,,,
0.7578089633318243,8370,3.467078685760498,0.28125,NO,,,
0.7578089633318243,8370,3.467078685760498,0.28125,NO,,,
0.7578089633318243,8370,3.467078685760498,0.28125,NO,,,
0.7578089633318243,8370,3.467078685760498,0.28125,NO,,,
0.7578089633318243,8370,3.467078685760498,0.28125,NO,,,
0.7587143503847895,8380,3.7414116859436035,0.3125,NO,,,
0.7587143503847895,8380,3.7414116859436035,0.3125,NO,,,
0.7587143503847895,8380,3.7414116859436035,0.3125,NO,,,
0.7587143503847895,8380,3.7414116859436035,0.3125,NO,,,
0.7587143503847895,8380,3.7414116859436035,0.3125,NO,,,
0.7587143503847895,8380,3.7414116859436035,0.3125,NO,,,
0.7587143503847895,8380,3.7414116859436035,0.3125,NO,,,
0.7587143503847895,8380,3.7414116859436035,0.3125,NO,,,
0.7587143503847895,8380,3.7414116859436035,0.3125,NO,,,
0.7587143503847895,8380,3.7414116859436035,0.3125,NO,,,
0.7596197374377547,8390,3.7754392623901367,0.375,NO,,,
0.7596197374377547,8390,3.7754392623901367,0.375,NO,,,
0.7596197374377547,8390,3.7754392623901367,0.375,NO,,,
0.7596197374377547,8390,3.7754392623901367,0.375,NO,,,
0.7596197374377547,8390,3.7754392623901367,0.375,NO,,,
0.7596197374377547,8390,3.7754392623901367,0.375,NO,,,
0.7596197374377547,8390,3.7754392623901367,0.375,NO,,,
0.7596197374377547,8390,3.7754392623901367,0.375,NO,,,
0.7596197374377547,8390,3.7754392623901367,0.375,NO,,,
0.7596197374377547,8390,3.7754392623901367,0.375,NO,,,
0.7605251244907197,8400,3.188279390335083,0.40625,NO,,,
0.7605251244907197,8400,3.188279390335083,0.40625,NO,,,
0.7605251244907197,8400,3.188279390335083,0.40625,NO,,,
0.7605251244907197,8400,3.188279390335083,0.40625,NO,,,
0.7605251244907197,8400,3.188279390335083,0.40625,NO,,,
0.7605251244907197,8400,3.188279390335083,0.40625,NO,,,
0.7605251244907197,8400,3.188279390335083,0.40625,NO,,,
0.7605251244907197,8400,3.188279390335083,0.40625,NO,,,
0.7605251244907197,8400,3.188279390335083,0.40625,NO,,,
0.7605251244907197,8400,3.188279390335083,0.40625,NO,,,
0.7614305115436849,8410,1.8623428344726562,0.375,NO,,,
0.7614305115436849,8410,1.8623428344726562,0.375,NO,,,
0.7614305115436849,8410,1.8623428344726562,0.375,NO,,,
0.7614305115436849,8410,1.8623428344726562,0.375,NO,,,
0.7614305115436849,8410,1.8623428344726562,0.375,NO,,,
0.7614305115436849,8410,1.8623428344726562,0.375,NO,,,
0.7614305115436849,8410,1.8623428344726562,0.375,NO,,,
0.7614305115436849,8410,1.8623428344726562,0.375,NO,,,
0.7614305115436849,8410,1.8623428344726562,0.375,NO,,,
0.7614305115436849,8410,1.8623428344726562,0.375,NO,,,
0.7623358985966501,8420,4.101681709289551,0.15625,NO,,,
0.7623358985966501,8420,4.101681709289551,0.15625,NO,,,
0.7623358985966501,8420,4.101681709289551,0.15625,NO,,,
0.7623358985966501,8420,4.101681709289551,0.15625,NO,,,
0.7623358985966501,8420,4.101681709289551,0.15625,NO,,,
0.7623358985966501,8420,4.101681709289551,0.15625,NO,,,
0.7623358985966501,8420,4.101681709289551,0.15625,NO,,,
0.7623358985966501,8420,4.101681709289551,0.15625,NO,,,
0.7623358985966501,8420,4.101681709289551,0.15625,NO,,,
0.7623358985966501,8420,4.101681709289551,0.15625,NO,,,
0.7632412856496152,8430,3.9662275314331055,0.375,NO,,,
0.7632412856496152,8430,3.9662275314331055,0.375,NO,,,
0.7632412856496152,8430,3.9662275314331055,0.375,NO,,,
0.7632412856496152,8430,3.9662275314331055,0.375,NO,,,
0.7632412856496152,8430,3.9662275314331055,0.375,NO,,,
0.7632412856496152,8430,3.9662275314331055,0.375,NO,,,
0.7632412856496152,8430,3.9662275314331055,0.375,NO,,,
0.7632412856496152,8430,3.9662275314331055,0.375,NO,,,
0.7632412856496152,8430,3.9662275314331055,0.375,NO,,,
0.7632412856496152,8430,3.9662275314331055,0.375,NO,,,
0.7641466727025803,8440,3.0302886962890625,0.34375,NO,,,
0.7641466727025803,8440,3.0302886962890625,0.34375,NO,,,
0.7641466727025803,8440,3.0302886962890625,0.34375,NO,,,
0.7641466727025803,8440,3.0302886962890625,0.34375,NO,,,
0.7641466727025803,8440,3.0302886962890625,0.34375,NO,,,
0.7641466727025803,8440,3.0302886962890625,0.34375,NO,,,
0.7641466727025803,8440,3.0302886962890625,0.34375,NO,,,
0.7641466727025803,8440,3.0302886962890625,0.34375,NO,,,
0.7641466727025803,8440,3.0302886962890625,0.34375,NO,,,
0.7641466727025803,8440,3.0302886962890625,0.34375,NO,,,
0.7650520597555455,8450,1.6279449462890625,0.40625,NO,,,
0.7650520597555455,8450,1.6279449462890625,0.40625,NO,,,
0.7650520597555455,8450,1.6279449462890625,0.40625,NO,,,
0.7650520597555455,8450,1.6279449462890625,0.40625,NO,,,
0.7650520597555455,8450,1.6279449462890625,0.40625,NO,,,
0.7650520597555455,8450,1.6279449462890625,0.40625,NO,,,
0.7650520597555455,8450,1.6279449462890625,0.40625,NO,,,
0.7650520597555455,8450,1.6279449462890625,0.40625,NO,,,
0.7650520597555455,8450,1.6279449462890625,0.40625,NO,,,
0.7650520597555455,8450,1.6279449462890625,0.40625,NO,,,
0.7659574468085106,8460,1.7998886108398438,0.3125,NO,,,
0.7659574468085106,8460,1.7998886108398438,0.3125,NO,,,
0.7659574468085106,8460,1.7998886108398438,0.3125,NO,,,
0.7659574468085106,8460,1.7998886108398438,0.3125,NO,,,
0.7659574468085106,8460,1.7998886108398438,0.3125,NO,,,
0.7659574468085106,8460,1.7998886108398438,0.3125,NO,,,
0.7659574468085106,8460,1.7998886108398438,0.3125,NO,,,
0.7659574468085106,8460,1.7998886108398438,0.3125,NO,,,
0.7659574468085106,8460,1.7998886108398438,0.3125,NO,,,
0.7659574468085106,8460,1.7998886108398438,0.3125,NO,,,
0.7668628338614758,8470,2.568655014038086,0.28125,NO,,,
0.7668628338614758,8470,2.568655014038086,0.28125,NO,,,
0.7668628338614758,8470,2.568655014038086,0.28125,NO,,,
0.7668628338614758,8470,2.568655014038086,0.28125,NO,,,
0.7668628338614758,8470,2.568655014038086,0.28125,NO,,,
0.7668628338614758,8470,2.568655014038086,0.28125,NO,,,
0.7668628338614758,8470,2.568655014038086,0.28125,NO,,,
0.7668628338614758,8470,2.568655014038086,0.28125,NO,,,
0.7668628338614758,8470,2.568655014038086,0.28125,NO,,,
0.7668628338614758,8470,2.568655014038086,0.28125,NO,,,
0.767768220914441,8480,1.5246810913085938,0.4375,NO,,,
0.767768220914441,8480,1.5246810913085938,0.4375,NO,,,
0.767768220914441,8480,1.5246810913085938,0.4375,NO,,,
0.767768220914441,8480,1.5246810913085938,0.4375,NO,,,
0.767768220914441,8480,1.5246810913085938,0.4375,NO,,,
0.767768220914441,8480,1.5246810913085938,0.4375,NO,,,
0.767768220914441,8480,1.5246810913085938,0.4375,NO,,,
0.767768220914441,8480,1.5246810913085938,0.4375,NO,,,
0.767768220914441,8480,1.5246810913085938,0.4375,NO,,,
0.767768220914441,8480,1.5246810913085938,0.4375,NO,,,
0.768673607967406,8490,1.2487411499023438,0.46875,NO,,,
0.768673607967406,8490,1.2487411499023438,0.46875,NO,,,
0.768673607967406,8490,1.2487411499023438,0.46875,NO,,,
0.768673607967406,8490,1.2487411499023438,0.46875,NO,,,
0.768673607967406,8490,1.2487411499023438,0.46875,NO,,,
0.768673607967406,8490,1.2487411499023438,0.46875,NO,,,
0.768673607967406,8490,1.2487411499023438,0.46875,NO,,,
0.768673607967406,8490,1.2487411499023438,0.46875,NO,,,
0.768673607967406,8490,1.2487411499023438,0.46875,NO,,,
0.768673607967406,8490,1.2487411499023438,0.46875,NO,,,
0.7695789950203712,8500,1.5701637268066406,0.34375,NO,,,
0.7695789950203712,8500,1.5701637268066406,0.34375,NO,,,
0.7695789950203712,8500,1.5701637268066406,0.34375,NO,,,
0.7695789950203712,8500,1.5701637268066406,0.34375,NO,,,
0.7695789950203712,8500,1.5701637268066406,0.34375,NO,,,
0.7695789950203712,8500,1.5701637268066406,0.34375,NO,,,
0.7695789950203712,8500,1.5701637268066406,0.34375,NO,,,
0.7695789950203712,8500,1.5701637268066406,0.34375,NO,,,
0.7695789950203712,8500,1.5701637268066406,0.34375,NO,,,
0.7695789950203712,8500,1.5701637268066406,0.34375,NO,,,
0.7704843820733364,8510,1.7477378845214844,0.34375,NO,,,
0.7704843820733364,8510,1.7477378845214844,0.34375,NO,,,
0.7704843820733364,8510,1.7477378845214844,0.34375,NO,,,
0.7704843820733364,8510,1.7477378845214844,0.34375,NO,,,
0.7704843820733364,8510,1.7477378845214844,0.34375,NO,,,
0.7704843820733364,8510,1.7477378845214844,0.34375,NO,,,
0.7704843820733364,8510,1.7477378845214844,0.34375,NO,,,
0.7704843820733364,8510,1.7477378845214844,0.34375,NO,,,
0.7704843820733364,8510,1.7477378845214844,0.34375,NO,,,
0.7704843820733364,8510,1.7477378845214844,0.34375,NO,,,
0.7713897691263015,8520,3.9215457439422607,0.25,NO,,,
0.7713897691263015,8520,3.9215457439422607,0.25,NO,,,
0.7713897691263015,8520,3.9215457439422607,0.25,NO,,,
0.7713897691263015,8520,3.9215457439422607,0.25,NO,,,
0.7713897691263015,8520,3.9215457439422607,0.25,NO,,,
0.7713897691263015,8520,3.9215457439422607,0.25,NO,,,
0.7713897691263015,8520,3.9215457439422607,0.25,NO,,,
0.7713897691263015,8520,3.9215457439422607,0.25,NO,,,
0.7713897691263015,8520,3.9215457439422607,0.25,NO,,,
0.7713897691263015,8520,3.9215457439422607,0.25,NO,,,
0.7722951561792666,8530,7.324930191040039,0.3125,NO,,,
0.7722951561792666,8530,7.324930191040039,0.3125,NO,,,
0.7722951561792666,8530,7.324930191040039,0.3125,NO,,,
0.7722951561792666,8530,7.324930191040039,0.3125,NO,,,
0.7722951561792666,8530,7.324930191040039,0.3125,NO,,,
0.7722951561792666,8530,7.324930191040039,0.3125,NO,,,
0.7722951561792666,8530,7.324930191040039,0.3125,NO,,,
0.7722951561792666,8530,7.324930191040039,0.3125,NO,,,
0.7722951561792666,8530,7.324930191040039,0.3125,NO,,,
0.7722951561792666,8530,7.324930191040039,0.3125,NO,,,
0.7732005432322318,8540,2.484495162963867,0.46875,NO,,,
0.7732005432322318,8540,2.484495162963867,0.46875,NO,,,
0.7732005432322318,8540,2.484495162963867,0.46875,NO,,,
0.7732005432322318,8540,2.484495162963867,0.46875,NO,,,
0.7732005432322318,8540,2.484495162963867,0.46875,NO,,,
0.7732005432322318,8540,2.484495162963867,0.46875,NO,,,
0.7732005432322318,8540,2.484495162963867,0.46875,NO,,,
0.7732005432322318,8540,2.484495162963867,0.46875,NO,,,
0.7732005432322318,8540,2.484495162963867,0.46875,NO,,,
0.7732005432322318,8540,2.484495162963867,0.46875,NO,,,
0.7741059302851969,8550,5.780305862426758,0.3125,NO,,,
0.7741059302851969,8550,5.780305862426758,0.3125,NO,,,
0.7741059302851969,8550,5.780305862426758,0.3125,NO,,,
0.7741059302851969,8550,5.780305862426758,0.3125,NO,,,
0.7741059302851969,8550,5.780305862426758,0.3125,NO,,,
0.7741059302851969,8550,5.780305862426758,0.3125,NO,,,
0.7741059302851969,8550,5.780305862426758,0.3125,NO,,,
0.7741059302851969,8550,5.780305862426758,0.3125,NO,,,
0.7741059302851969,8550,5.780305862426758,0.3125,NO,,,
0.7741059302851969,8550,5.780305862426758,0.3125,NO,,,
0.7750113173381621,8560,3.382293701171875,0.3125,NO,,,
0.7750113173381621,8560,3.382293701171875,0.3125,NO,,,
0.7750113173381621,8560,3.382293701171875,0.3125,NO,,,
0.7750113173381621,8560,3.382293701171875,0.3125,NO,,,
0.7750113173381621,8560,3.382293701171875,0.3125,NO,,,
0.7750113173381621,8560,3.382293701171875,0.3125,NO,,,
0.7750113173381621,8560,3.382293701171875,0.3125,NO,,,
0.7750113173381621,8560,3.382293701171875,0.3125,NO,,,
0.7750113173381621,8560,3.382293701171875,0.3125,NO,,,
0.7750113173381621,8560,3.382293701171875,0.3125,NO,,,
0.7759167043911273,8570,2.3755226135253906,0.40625,NO,,,
0.7759167043911273,8570,2.3755226135253906,0.40625,NO,,,
0.7759167043911273,8570,2.3755226135253906,0.40625,NO,,,
0.7759167043911273,8570,2.3755226135253906,0.40625,NO,,,
0.7759167043911273,8570,2.3755226135253906,0.40625,NO,,,
0.7759167043911273,8570,2.3755226135253906,0.40625,NO,,,
0.7759167043911273,8570,2.3755226135253906,0.40625,NO,,,
0.7759167043911273,8570,2.3755226135253906,0.40625,NO,,,
0.7759167043911273,8570,2.3755226135253906,0.40625,NO,,,
0.7759167043911273,8570,2.3755226135253906,0.40625,NO,,,
0.7768220914440923,8580,4.774021148681641,0.25,NO,,,
0.7768220914440923,8580,4.774021148681641,0.25,NO,,,
0.7768220914440923,8580,4.774021148681641,0.25,NO,,,
0.7768220914440923,8580,4.774021148681641,0.25,NO,,,
0.7768220914440923,8580,4.774021148681641,0.25,NO,,,
0.7768220914440923,8580,4.774021148681641,0.25,NO,,,
0.7768220914440923,8580,4.774021148681641,0.25,NO,,,
0.7768220914440923,8580,4.774021148681641,0.25,NO,,,
0.7768220914440923,8580,4.774021148681641,0.25,NO,,,
0.7768220914440923,8580,4.774021148681641,0.25,NO,,,
0.7777274784970575,8590,4.105339050292969,0.25,NO,,,
0.7777274784970575,8590,4.105339050292969,0.25,NO,,,
0.7777274784970575,8590,4.105339050292969,0.25,NO,,,
0.7777274784970575,8590,4.105339050292969,0.25,NO,,,
0.7777274784970575,8590,4.105339050292969,0.25,NO,,,
0.7777274784970575,8590,4.105339050292969,0.25,NO,,,
0.7777274784970575,8590,4.105339050292969,0.25,NO,,,
0.7777274784970575,8590,4.105339050292969,0.25,NO,,,
0.7777274784970575,8590,4.105339050292969,0.25,NO,,,
0.7777274784970575,8590,4.105339050292969,0.25,NO,,,
0.7786328655500226,8600,5.191117286682129,0.34375,NO,,,
0.7786328655500226,8600,5.191117286682129,0.34375,NO,,,
0.7786328655500226,8600,5.191117286682129,0.34375,NO,,,
0.7786328655500226,8600,5.191117286682129,0.34375,NO,,,
0.7786328655500226,8600,5.191117286682129,0.34375,NO,,,
0.7786328655500226,8600,5.191117286682129,0.34375,NO,,,
0.7786328655500226,8600,5.191117286682129,0.34375,NO,,,
0.7786328655500226,8600,5.191117286682129,0.34375,NO,,,
0.7786328655500226,8600,5.191117286682129,0.34375,NO,,,
0.7786328655500226,8600,5.191117286682129,0.34375,NO,,,
0.7795382526029878,8610,2.9097232818603516,0.375,NO,,,
0.7795382526029878,8610,2.9097232818603516,0.375,NO,,,
0.7795382526029878,8610,2.9097232818603516,0.375,NO,,,
0.7795382526029878,8610,2.9097232818603516,0.375,NO,,,
0.7795382526029878,8610,2.9097232818603516,0.375,NO,,,
0.7795382526029878,8610,2.9097232818603516,0.375,NO,,,
0.7795382526029878,8610,2.9097232818603516,0.375,NO,,,
0.7795382526029878,8610,2.9097232818603516,0.375,NO,,,
0.7795382526029878,8610,2.9097232818603516,0.375,NO,,,
0.7795382526029878,8610,2.9097232818603516,0.375,NO,,,
0.7804436396559529,8620,5.6292009353637695,0.40625,NO,,,
0.7804436396559529,8620,5.6292009353637695,0.40625,NO,,,
0.7804436396559529,8620,5.6292009353637695,0.40625,NO,,,
0.7804436396559529,8620,5.6292009353637695,0.40625,NO,,,
0.7804436396559529,8620,5.6292009353637695,0.40625,NO,,,
0.7804436396559529,8620,5.6292009353637695,0.40625,NO,,,
0.7804436396559529,8620,5.6292009353637695,0.40625,NO,,,
0.7804436396559529,8620,5.6292009353637695,0.40625,NO,,,
0.7804436396559529,8620,5.6292009353637695,0.40625,NO,,,
0.7804436396559529,8620,5.6292009353637695,0.40625,NO,,,
0.781349026708918,8630,2.2582626342773438,0.375,NO,,,
0.781349026708918,8630,2.2582626342773438,0.375,NO,,,
0.781349026708918,8630,2.2582626342773438,0.375,NO,,,
0.781349026708918,8630,2.2582626342773438,0.375,NO,,,
0.781349026708918,8630,2.2582626342773438,0.375,NO,,,
0.781349026708918,8630,2.2582626342773438,0.375,NO,,,
0.781349026708918,8630,2.2582626342773438,0.375,NO,,,
0.781349026708918,8630,2.2582626342773438,0.375,NO,,,
0.781349026708918,8630,2.2582626342773438,0.375,NO,,,
0.781349026708918,8630,2.2582626342773438,0.375,NO,,,
0.7822544137618832,8640,3.2862913608551025,0.375,NO,,,
0.7822544137618832,8640,3.2862913608551025,0.375,NO,,,
0.7822544137618832,8640,3.2862913608551025,0.375,NO,,,
0.7822544137618832,8640,3.2862913608551025,0.375,NO,,,
0.7822544137618832,8640,3.2862913608551025,0.375,NO,,,
0.7822544137618832,8640,3.2862913608551025,0.375,NO,,,
0.7822544137618832,8640,3.2862913608551025,0.375,NO,,,
0.7822544137618832,8640,3.2862913608551025,0.375,NO,,,
0.7822544137618832,8640,3.2862913608551025,0.375,NO,,,
0.7822544137618832,8640,3.2862913608551025,0.375,NO,,,
0.7831598008148484,8650,5.643932342529297,0.34375,NO,,,
0.7831598008148484,8650,5.643932342529297,0.34375,NO,,,
0.7831598008148484,8650,5.643932342529297,0.34375,NO,,,
0.7831598008148484,8650,5.643932342529297,0.34375,NO,,,
0.7831598008148484,8650,5.643932342529297,0.34375,NO,,,
0.7831598008148484,8650,5.643932342529297,0.34375,NO,,,
0.7831598008148484,8650,5.643932342529297,0.34375,NO,,,
0.7831598008148484,8650,5.643932342529297,0.34375,NO,,,
0.7831598008148484,8650,5.643932342529297,0.34375,NO,,,
0.7831598008148484,8650,5.643932342529297,0.34375,NO,,,
0.7840651878678135,8660,3.988013744354248,0.3125,NO,,,
0.7840651878678135,8660,3.988013744354248,0.3125,NO,,,
0.7840651878678135,8660,3.988013744354248,0.3125,NO,,,
0.7840651878678135,8660,3.988013744354248,0.3125,NO,,,
0.7840651878678135,8660,3.988013744354248,0.3125,NO,,,
0.7840651878678135,8660,3.988013744354248,0.3125,NO,,,
0.7840651878678135,8660,3.988013744354248,0.3125,NO,,,
0.7840651878678135,8660,3.988013744354248,0.3125,NO,,,
0.7840651878678135,8660,3.988013744354248,0.3125,NO,,,
0.7840651878678135,8660,3.988013744354248,0.3125,NO,,,
0.7849705749207786,8670,4.043355941772461,0.34375,NO,,,
0.7849705749207786,8670,4.043355941772461,0.34375,NO,,,
0.7849705749207786,8670,4.043355941772461,0.34375,NO,,,
0.7849705749207786,8670,4.043355941772461,0.34375,NO,,,
0.7849705749207786,8670,4.043355941772461,0.34375,NO,,,
0.7849705749207786,8670,4.043355941772461,0.34375,NO,,,
0.7849705749207786,8670,4.043355941772461,0.34375,NO,,,
0.7849705749207786,8670,4.043355941772461,0.34375,NO,,,
0.7849705749207786,8670,4.043355941772461,0.34375,NO,,,
0.7849705749207786,8670,4.043355941772461,0.34375,NO,,,
0.7858759619737438,8680,4.422793388366699,0.53125,NO,,,
0.7858759619737438,8680,4.422793388366699,0.53125,NO,,,
0.7858759619737438,8680,4.422793388366699,0.53125,NO,,,
0.7858759619737438,8680,4.422793388366699,0.53125,NO,,,
0.7858759619737438,8680,4.422793388366699,0.53125,NO,,,
0.7858759619737438,8680,4.422793388366699,0.53125,NO,,,
0.7858759619737438,8680,4.422793388366699,0.53125,NO,,,
0.7858759619737438,8680,4.422793388366699,0.53125,NO,,,
0.7858759619737438,8680,4.422793388366699,0.53125,NO,,,
0.7858759619737438,8680,4.422793388366699,0.53125,NO,,,
0.7867813490267089,8690,4.077417850494385,0.3125,NO,,,
0.7867813490267089,8690,4.077417850494385,0.3125,NO,,,
0.7867813490267089,8690,4.077417850494385,0.3125,NO,,,
0.7867813490267089,8690,4.077417850494385,0.3125,NO,,,
0.7867813490267089,8690,4.077417850494385,0.3125,NO,,,
0.7867813490267089,8690,4.077417850494385,0.3125,NO,,,
0.7867813490267089,8690,4.077417850494385,0.3125,NO,,,
0.7867813490267089,8690,4.077417850494385,0.3125,NO,,,
0.7867813490267089,8690,4.077417850494385,0.3125,NO,,,
0.7867813490267089,8690,4.077417850494385,0.3125,NO,,,
0.7876867360796741,8700,4.399014949798584,0.34375,NO,,,
0.7876867360796741,8700,4.399014949798584,0.34375,NO,,,
0.7876867360796741,8700,4.399014949798584,0.34375,NO,,,
0.7876867360796741,8700,4.399014949798584,0.34375,NO,,,
0.7876867360796741,8700,4.399014949798584,0.34375,NO,,,
0.7876867360796741,8700,4.399014949798584,0.34375,NO,,,
0.7876867360796741,8700,4.399014949798584,0.34375,NO,,,
0.7876867360796741,8700,4.399014949798584,0.34375,NO,,,
0.7876867360796741,8700,4.399014949798584,0.34375,NO,,,
0.7876867360796741,8700,4.399014949798584,0.34375,NO,,,
0.7885921231326392,8710,6.137801170349121,0.3125,NO,,,
0.7885921231326392,8710,6.137801170349121,0.3125,NO,,,
0.7885921231326392,8710,6.137801170349121,0.3125,NO,,,
0.7885921231326392,8710,6.137801170349121,0.3125,NO,,,
0.7885921231326392,8710,6.137801170349121,0.3125,NO,,,
0.7885921231326392,8710,6.137801170349121,0.3125,NO,,,
0.7885921231326392,8710,6.137801170349121,0.3125,NO,,,
0.7885921231326392,8710,6.137801170349121,0.3125,NO,,,
0.7885921231326392,8710,6.137801170349121,0.3125,NO,,,
0.7885921231326392,8710,6.137801170349121,0.3125,NO,,,
0.7894975101856043,8720,4.6794047355651855,0.25,NO,,,
0.7894975101856043,8720,4.6794047355651855,0.25,NO,,,
0.7894975101856043,8720,4.6794047355651855,0.25,NO,,,
0.7894975101856043,8720,4.6794047355651855,0.25,NO,,,
0.7894975101856043,8720,4.6794047355651855,0.25,NO,,,
0.7894975101856043,8720,4.6794047355651855,0.25,NO,,,
0.7894975101856043,8720,4.6794047355651855,0.25,NO,,,
0.7894975101856043,8720,4.6794047355651855,0.25,NO,,,
0.7894975101856043,8720,4.6794047355651855,0.25,NO,,,
0.7894975101856043,8720,4.6794047355651855,0.25,NO,,,
0.7904028972385695,8730,3.7714366912841797,0.375,NO,,,
0.7904028972385695,8730,3.7714366912841797,0.375,NO,,,
0.7904028972385695,8730,3.7714366912841797,0.375,NO,,,
0.7904028972385695,8730,3.7714366912841797,0.375,NO,,,
0.7904028972385695,8730,3.7714366912841797,0.375,NO,,,
0.7904028972385695,8730,3.7714366912841797,0.375,NO,,,
0.7904028972385695,8730,3.7714366912841797,0.375,NO,,,
0.7904028972385695,8730,3.7714366912841797,0.375,NO,,,
0.7904028972385695,8730,3.7714366912841797,0.375,NO,,,
0.7904028972385695,8730,3.7714366912841797,0.375,NO,,,
0.7913082842915347,8740,6.111839294433594,0.25,NO,,,
0.7913082842915347,8740,6.111839294433594,0.25,NO,,,
0.7913082842915347,8740,6.111839294433594,0.25,NO,,,
0.7913082842915347,8740,6.111839294433594,0.25,NO,,,
0.7913082842915347,8740,6.111839294433594,0.25,NO,,,
0.7913082842915347,8740,6.111839294433594,0.25,NO,,,
0.7913082842915347,8740,6.111839294433594,0.25,NO,,,
0.7913082842915347,8740,6.111839294433594,0.25,NO,,,
0.7913082842915347,8740,6.111839294433594,0.25,NO,,,
0.7913082842915347,8740,6.111839294433594,0.25,NO,,,
0.7922136713444998,8750,8.617924690246582,0.4375,NO,,,
0.7922136713444998,8750,8.617924690246582,0.4375,NO,,,
0.7922136713444998,8750,8.617924690246582,0.4375,NO,,,
0.7922136713444998,8750,8.617924690246582,0.4375,NO,,,
0.7922136713444998,8750,8.617924690246582,0.4375,NO,,,
0.7922136713444998,8750,8.617924690246582,0.4375,NO,,,
0.7922136713444998,8750,8.617924690246582,0.4375,NO,,,
0.7922136713444998,8750,8.617924690246582,0.4375,NO,,,
0.7922136713444998,8750,8.617924690246582,0.4375,NO,,,
0.7922136713444998,8750,8.617924690246582,0.4375,NO,,,
0.7931190583974649,8760,11.52392578125,0.28125,NO,,,
0.7931190583974649,8760,11.52392578125,0.28125,NO,,,
0.7931190583974649,8760,11.52392578125,0.28125,NO,,,
0.7931190583974649,8760,11.52392578125,0.28125,NO,,,
0.7931190583974649,8760,11.52392578125,0.28125,NO,,,
0.7931190583974649,8760,11.52392578125,0.28125,NO,,,
0.7931190583974649,8760,11.52392578125,0.28125,NO,,,
0.7931190583974649,8760,11.52392578125,0.28125,NO,,,
0.7931190583974649,8760,11.52392578125,0.28125,NO,,,
0.7931190583974649,8760,11.52392578125,0.28125,NO,,,
0.79402444545043,8770,11.635743141174316,0.25,NO,,,
0.79402444545043,8770,11.635743141174316,0.25,NO,,,
0.79402444545043,8770,11.635743141174316,0.25,NO,,,
0.79402444545043,8770,11.635743141174316,0.25,NO,,,
0.79402444545043,8770,11.635743141174316,0.25,NO,,,
0.79402444545043,8770,11.635743141174316,0.25,NO,,,
0.79402444545043,8770,11.635743141174316,0.25,NO,,,
0.79402444545043,8770,11.635743141174316,0.25,NO,,,
0.79402444545043,8770,11.635743141174316,0.25,NO,,,
0.79402444545043,8770,11.635743141174316,0.25,NO,,,
0.7949298325033952,8780,12.708251953125,0.28125,NO,,,
0.7949298325033952,8780,12.708251953125,0.28125,NO,,,
0.7949298325033952,8780,12.708251953125,0.28125,NO,,,
0.7949298325033952,8780,12.708251953125,0.28125,NO,,,
0.7949298325033952,8780,12.708251953125,0.28125,NO,,,
0.7949298325033952,8780,12.708251953125,0.28125,NO,,,
0.7949298325033952,8780,12.708251953125,0.28125,NO,,,
0.7949298325033952,8780,12.708251953125,0.28125,NO,,,
0.7949298325033952,8780,12.708251953125,0.28125,NO,,,
0.7949298325033952,8780,12.708251953125,0.28125,NO,,,
0.7958352195563604,8790,9.686946868896484,0.28125,NO,,,
0.7958352195563604,8790,9.686946868896484,0.28125,NO,,,
0.7958352195563604,8790,9.686946868896484,0.28125,NO,,,
0.7958352195563604,8790,9.686946868896484,0.28125,NO,,,
0.7958352195563604,8790,9.686946868896484,0.28125,NO,,,
0.7958352195563604,8790,9.686946868896484,0.28125,NO,,,
0.7958352195563604,8790,9.686946868896484,0.28125,NO,,,
0.7958352195563604,8790,9.686946868896484,0.28125,NO,,,
0.7958352195563604,8790,9.686946868896484,0.28125,NO,,,
0.7958352195563604,8790,9.686946868896484,0.28125,NO,,,
0.7967406066093254,8800,10.288420677185059,0.25,NO,,,
0.7967406066093254,8800,10.288420677185059,0.25,NO,,,
0.7967406066093254,8800,10.288420677185059,0.25,NO,,,
0.7967406066093254,8800,10.288420677185059,0.25,NO,,,
0.7967406066093254,8800,10.288420677185059,0.25,NO,,,
0.7967406066093254,8800,10.288420677185059,0.25,NO,,,
0.7967406066093254,8800,10.288420677185059,0.25,NO,,,
0.7967406066093254,8800,10.288420677185059,0.25,NO,,,
0.7967406066093254,8800,10.288420677185059,0.25,NO,,,
0.7967406066093254,8800,10.288420677185059,0.25,NO,,,
0.7976459936622906,8810,9.58570384979248,0.375,NO,,,
0.7976459936622906,8810,9.58570384979248,0.375,NO,,,
0.7976459936622906,8810,9.58570384979248,0.375,NO,,,
0.7976459936622906,8810,9.58570384979248,0.375,NO,,,
0.7976459936622906,8810,9.58570384979248,0.375,NO,,,
0.7976459936622906,8810,9.58570384979248,0.375,NO,,,
0.7976459936622906,8810,9.58570384979248,0.375,NO,,,
0.7976459936622906,8810,9.58570384979248,0.375,NO,,,
0.7976459936622906,8810,9.58570384979248,0.375,NO,,,
0.7976459936622906,8810,9.58570384979248,0.375,NO,,,
0.7985513807152558,8820,8.963387489318848,0.4375,NO,,,
0.7985513807152558,8820,8.963387489318848,0.4375,NO,,,
0.7985513807152558,8820,8.963387489318848,0.4375,NO,,,
0.7985513807152558,8820,8.963387489318848,0.4375,NO,,,
0.7985513807152558,8820,8.963387489318848,0.4375,NO,,,
0.7985513807152558,8820,8.963387489318848,0.4375,NO,,,
0.7985513807152558,8820,8.963387489318848,0.4375,NO,,,
0.7985513807152558,8820,8.963387489318848,0.4375,NO,,,
0.7985513807152558,8820,8.963387489318848,0.4375,NO,,,
0.7985513807152558,8820,8.963387489318848,0.4375,NO,,,
0.7994567677682209,8830,12.314697265625,0.4375,NO,,,
0.7994567677682209,8830,12.314697265625,0.4375,NO,,,
0.7994567677682209,8830,12.314697265625,0.4375,NO,,,
0.7994567677682209,8830,12.314697265625,0.4375,NO,,,
0.7994567677682209,8830,12.314697265625,0.4375,NO,,,
0.7994567677682209,8830,12.314697265625,0.4375,NO,,,
0.7994567677682209,8830,12.314697265625,0.4375,NO,,,
0.7994567677682209,8830,12.314697265625,0.4375,NO,,,
0.7994567677682209,8830,12.314697265625,0.4375,NO,,,
0.7994567677682209,8830,12.314697265625,0.4375,NO,,,
0.8003621548211861,8840,10.928227424621582,0.25,NO,,,
0.8003621548211861,8840,10.928227424621582,0.25,NO,,,
0.8003621548211861,8840,10.928227424621582,0.25,NO,,,
0.8003621548211861,8840,10.928227424621582,0.25,NO,,,
0.8003621548211861,8840,10.928227424621582,0.25,NO,,,
0.8003621548211861,8840,10.928227424621582,0.25,NO,,,
0.8003621548211861,8840,10.928227424621582,0.25,NO,,,
0.8003621548211861,8840,10.928227424621582,0.25,NO,,,
0.8003621548211861,8840,10.928227424621582,0.25,NO,,,
0.8003621548211861,8840,10.928227424621582,0.25,NO,,,
0.8012675418741512,8850,6.22698450088501,0.5,NO,,,
0.8012675418741512,8850,6.22698450088501,0.5,NO,,,
0.8012675418741512,8850,6.22698450088501,0.5,NO,,,
0.8012675418741512,8850,6.22698450088501,0.5,NO,,,
0.8012675418741512,8850,6.22698450088501,0.5,NO,,,
0.8012675418741512,8850,6.22698450088501,0.5,NO,,,
0.8012675418741512,8850,6.22698450088501,0.5,NO,,,
0.8012675418741512,8850,6.22698450088501,0.5,NO,,,
0.8012675418741512,8850,6.22698450088501,0.5,NO,,,
0.8012675418741512,8850,6.22698450088501,0.5,NO,,,
0.8021729289271163,8860,6.955756664276123,0.5,NO,,,
0.8021729289271163,8860,6.955756664276123,0.5,NO,,,
0.8021729289271163,8860,6.955756664276123,0.5,NO,,,
0.8021729289271163,8860,6.955756664276123,0.5,NO,,,
0.8021729289271163,8860,6.955756664276123,0.5,NO,,,
0.8021729289271163,8860,6.955756664276123,0.5,NO,,,
0.8021729289271163,8860,6.955756664276123,0.5,NO,,,
0.8021729289271163,8860,6.955756664276123,0.5,NO,,,
0.8021729289271163,8860,6.955756664276123,0.5,NO,,,
0.8021729289271163,8860,6.955756664276123,0.5,NO,,,
0.8030783159800815,8870,9.510077476501465,0.34375,NO,,,
0.8030783159800815,8870,9.510077476501465,0.34375,NO,,,
0.8030783159800815,8870,9.510077476501465,0.34375,NO,,,
0.8030783159800815,8870,9.510077476501465,0.34375,NO,,,
0.8030783159800815,8870,9.510077476501465,0.34375,NO,,,
0.8030783159800815,8870,9.510077476501465,0.34375,NO,,,
0.8030783159800815,8870,9.510077476501465,0.34375,NO,,,
0.8030783159800815,8870,9.510077476501465,0.34375,NO,,,
0.8030783159800815,8870,9.510077476501465,0.34375,NO,,,
0.8030783159800815,8870,9.510077476501465,0.34375,NO,,,
0.8039837030330467,8880,7.019921779632568,0.46875,NO,,,
0.8039837030330467,8880,7.019921779632568,0.46875,NO,,,
0.8039837030330467,8880,7.019921779632568,0.46875,NO,,,
0.8039837030330467,8880,7.019921779632568,0.46875,NO,,,
0.8039837030330467,8880,7.019921779632568,0.46875,NO,,,
0.8039837030330467,8880,7.019921779632568,0.46875,NO,,,
0.8039837030330467,8880,7.019921779632568,0.46875,NO,,,
0.8039837030330467,8880,7.019921779632568,0.46875,NO,,,
0.8039837030330467,8880,7.019921779632568,0.46875,NO,,,
0.8039837030330467,8880,7.019921779632568,0.46875,NO,,,
0.8048890900860117,8890,5.165919780731201,0.34375,NO,,,
0.8048890900860117,8890,5.165919780731201,0.34375,NO,,,
0.8048890900860117,8890,5.165919780731201,0.34375,NO,,,
0.8048890900860117,8890,5.165919780731201,0.34375,NO,,,
0.8048890900860117,8890,5.165919780731201,0.34375,NO,,,
0.8048890900860117,8890,5.165919780731201,0.34375,NO,,,
0.8048890900860117,8890,5.165919780731201,0.34375,NO,,,
0.8048890900860117,8890,5.165919780731201,0.34375,NO,,,
0.8048890900860117,8890,5.165919780731201,0.34375,NO,,,
0.8048890900860117,8890,5.165919780731201,0.34375,NO,,,
0.8057944771389769,8900,10.797388076782227,0.34375,NO,,,
0.8057944771389769,8900,10.797388076782227,0.34375,NO,,,
0.8057944771389769,8900,10.797388076782227,0.34375,NO,,,
0.8057944771389769,8900,10.797388076782227,0.34375,NO,,,
0.8057944771389769,8900,10.797388076782227,0.34375,NO,,,
0.8057944771389769,8900,10.797388076782227,0.34375,NO,,,
0.8057944771389769,8900,10.797388076782227,0.34375,NO,,,
0.8057944771389769,8900,10.797388076782227,0.34375,NO,,,
0.8057944771389769,8900,10.797388076782227,0.34375,NO,,,
0.8057944771389769,8900,10.797388076782227,0.34375,NO,,,
0.8066998641919421,8910,6.233969688415527,0.3125,NO,,,
0.8066998641919421,8910,6.233969688415527,0.3125,NO,,,
0.8066998641919421,8910,6.233969688415527,0.3125,NO,,,
0.8066998641919421,8910,6.233969688415527,0.3125,NO,,,
0.8066998641919421,8910,6.233969688415527,0.3125,NO,,,
0.8066998641919421,8910,6.233969688415527,0.3125,NO,,,
0.8066998641919421,8910,6.233969688415527,0.3125,NO,,,
0.8066998641919421,8910,6.233969688415527,0.3125,NO,,,
0.8066998641919421,8910,6.233969688415527,0.3125,NO,,,
0.8066998641919421,8910,6.233969688415527,0.3125,NO,,,
0.8076052512449072,8920,10.291213989257812,0.21875,NO,,,
0.8076052512449072,8920,10.291213989257812,0.21875,NO,,,
0.8076052512449072,8920,10.291213989257812,0.21875,NO,,,
0.8076052512449072,8920,10.291213989257812,0.21875,NO,,,
0.8076052512449072,8920,10.291213989257812,0.21875,NO,,,
0.8076052512449072,8920,10.291213989257812,0.21875,NO,,,
0.8076052512449072,8920,10.291213989257812,0.21875,NO,,,
0.8076052512449072,8920,10.291213989257812,0.21875,NO,,,
0.8076052512449072,8920,10.291213989257812,0.21875,NO,,,
0.8076052512449072,8920,10.291213989257812,0.21875,NO,,,
0.8085106382978723,8930,5.6090240478515625,0.40625,NO,,,
0.8085106382978723,8930,5.6090240478515625,0.40625,NO,,,
0.8085106382978723,8930,5.6090240478515625,0.40625,NO,,,
0.8085106382978723,8930,5.6090240478515625,0.40625,NO,,,
0.8085106382978723,8930,5.6090240478515625,0.40625,NO,,,
0.8085106382978723,8930,5.6090240478515625,0.40625,NO,,,
0.8085106382978723,8930,5.6090240478515625,0.40625,NO,,,
0.8085106382978723,8930,5.6090240478515625,0.40625,NO,,,
0.8085106382978723,8930,5.6090240478515625,0.40625,NO,,,
0.8085106382978723,8930,5.6090240478515625,0.40625,NO,,,
0.8094160253508375,8940,7.499941825866699,0.3125,NO,,,
0.8094160253508375,8940,7.499941825866699,0.3125,NO,,,
0.8094160253508375,8940,7.499941825866699,0.3125,NO,,,
0.8094160253508375,8940,7.499941825866699,0.3125,NO,,,
0.8094160253508375,8940,7.499941825866699,0.3125,NO,,,
0.8094160253508375,8940,7.499941825866699,0.3125,NO,,,
0.8094160253508375,8940,7.499941825866699,0.3125,NO,,,
0.8094160253508375,8940,7.499941825866699,0.3125,NO,,,
0.8094160253508375,8940,7.499941825866699,0.3125,NO,,,
0.8094160253508375,8940,7.499941825866699,0.3125,NO,,,
0.8103214124038026,8950,9.615670204162598,0.1875,NO,,,
0.8103214124038026,8950,9.615670204162598,0.1875,NO,,,
0.8103214124038026,8950,9.615670204162598,0.1875,NO,,,
0.8103214124038026,8950,9.615670204162598,0.1875,NO,,,
0.8103214124038026,8950,9.615670204162598,0.1875,NO,,,
0.8103214124038026,8950,9.615670204162598,0.1875,NO,,,
0.8103214124038026,8950,9.615670204162598,0.1875,NO,,,
0.8103214124038026,8950,9.615670204162598,0.1875,NO,,,
0.8103214124038026,8950,9.615670204162598,0.1875,NO,,,
0.8103214124038026,8950,9.615670204162598,0.1875,NO,,,
0.8112267994567678,8960,6.4212822914123535,0.34375,NO,,,
0.8112267994567678,8960,6.4212822914123535,0.34375,NO,,,
0.8112267994567678,8960,6.4212822914123535,0.34375,NO,,,
0.8112267994567678,8960,6.4212822914123535,0.34375,NO,,,
0.8112267994567678,8960,6.4212822914123535,0.34375,NO,,,
0.8112267994567678,8960,6.4212822914123535,0.34375,NO,,,
0.8112267994567678,8960,6.4212822914123535,0.34375,NO,,,
0.8112267994567678,8960,6.4212822914123535,0.34375,NO,,,
0.8112267994567678,8960,6.4212822914123535,0.34375,NO,,,
0.8112267994567678,8960,6.4212822914123535,0.34375,NO,,,
0.812132186509733,8970,10.089987754821777,0.3125,NO,,,
0.812132186509733,8970,10.089987754821777,0.3125,NO,,,
0.812132186509733,8970,10.089987754821777,0.3125,NO,,,
0.812132186509733,8970,10.089987754821777,0.3125,NO,,,
0.812132186509733,8970,10.089987754821777,0.3125,NO,,,
0.812132186509733,8970,10.089987754821777,0.3125,NO,,,
0.812132186509733,8970,10.089987754821777,0.3125,NO,,,
0.812132186509733,8970,10.089987754821777,0.3125,NO,,,
0.812132186509733,8970,10.089987754821777,0.3125,NO,,,
0.812132186509733,8970,10.089987754821777,0.3125,NO,,,
0.813037573562698,8980,6.446199417114258,0.375,NO,,,
0.813037573562698,8980,6.446199417114258,0.375,NO,,,
0.813037573562698,8980,6.446199417114258,0.375,NO,,,
0.813037573562698,8980,6.446199417114258,0.375,NO,,,
0.813037573562698,8980,6.446199417114258,0.375,NO,,,
0.813037573562698,8980,6.446199417114258,0.375,NO,,,
0.813037573562698,8980,6.446199417114258,0.375,NO,,,
0.813037573562698,8980,6.446199417114258,0.375,NO,,,
0.813037573562698,8980,6.446199417114258,0.375,NO,,,
0.813037573562698,8980,6.446199417114258,0.375,NO,,,
0.8139429606156632,8990,6.713586807250977,0.34375,NO,,,
0.8139429606156632,8990,6.713586807250977,0.34375,NO,,,
0.8139429606156632,8990,6.713586807250977,0.34375,NO,,,
0.8139429606156632,8990,6.713586807250977,0.34375,NO,,,
0.8139429606156632,8990,6.713586807250977,0.34375,NO,,,
0.8139429606156632,8990,6.713586807250977,0.34375,NO,,,
0.8139429606156632,8990,6.713586807250977,0.34375,NO,,,
0.8139429606156632,8990,6.713586807250977,0.34375,NO,,,
0.8139429606156632,8990,6.713586807250977,0.34375,NO,,,
0.8139429606156632,8990,6.713586807250977,0.34375,YES,8.151278495788574,0.3393939393939394,5.792691898345947
0.8148483476686283,9000,9.679435729980469,0.3125,NO,,,
0.8148483476686283,9000,9.679435729980469,0.3125,NO,,,
0.8148483476686283,9000,9.679435729980469,0.3125,NO,,,
0.8148483476686283,9000,9.679435729980469,0.3125,NO,,,
0.8148483476686283,9000,9.679435729980469,0.3125,NO,,,
0.8148483476686283,9000,9.679435729980469,0.3125,NO,,,
0.8148483476686283,9000,9.679435729980469,0.3125,NO,,,
0.8148483476686283,9000,9.679435729980469,0.3125,NO,,,
0.8148483476686283,9000,9.679435729980469,0.3125,NO,,,
0.8148483476686283,9000,9.679435729980469,0.3125,NO,,,
0.8157537347215935,9010,9.905817031860352,0.1875,NO,,,
0.8157537347215935,9010,9.905817031860352,0.1875,NO,,,
0.8157537347215935,9010,9.905817031860352,0.1875,NO,,,
0.8157537347215935,9010,9.905817031860352,0.1875,NO,,,
0.8157537347215935,9010,9.905817031860352,0.1875,NO,,,
0.8157537347215935,9010,9.905817031860352,0.1875,NO,,,
0.8157537347215935,9010,9.905817031860352,0.1875,NO,,,
0.8157537347215935,9010,9.905817031860352,0.1875,NO,,,
0.8157537347215935,9010,9.905817031860352,0.1875,NO,,,
0.8157537347215935,9010,9.905817031860352,0.1875,NO,,,
0.8166591217745586,9020,10.592741012573242,0.4375,NO,,,
0.8166591217745586,9020,10.592741012573242,0.4375,NO,,,
0.8166591217745586,9020,10.592741012573242,0.4375,NO,,,
0.8166591217745586,9020,10.592741012573242,0.4375,NO,,,
0.8166591217745586,9020,10.592741012573242,0.4375,NO,,,
0.8166591217745586,9020,10.592741012573242,0.4375,NO,,,
0.8166591217745586,9020,10.592741012573242,0.4375,NO,,,
0.8166591217745586,9020,10.592741012573242,0.4375,NO,,,
0.8166591217745586,9020,10.592741012573242,0.4375,NO,,,
0.8166591217745586,9020,10.592741012573242,0.4375,NO,,,
0.8175645088275237,9030,7.541858673095703,0.4375,NO,,,
0.8175645088275237,9030,7.541858673095703,0.4375,NO,,,
0.8175645088275237,9030,7.541858673095703,0.4375,NO,,,
0.8175645088275237,9030,7.541858673095703,0.4375,NO,,,
0.8175645088275237,9030,7.541858673095703,0.4375,NO,,,
0.8175645088275237,9030,7.541858673095703,0.4375,NO,,,
0.8175645088275237,9030,7.541858673095703,0.4375,NO,,,
0.8175645088275237,9030,7.541858673095703,0.4375,NO,,,
0.8175645088275237,9030,7.541858673095703,0.4375,NO,,,
0.8175645088275237,9030,7.541858673095703,0.4375,NO,,,
0.8184698958804889,9040,9.384563446044922,0.40625,NO,,,
0.8184698958804889,9040,9.384563446044922,0.40625,NO,,,
0.8184698958804889,9040,9.384563446044922,0.40625,NO,,,
0.8184698958804889,9040,9.384563446044922,0.40625,NO,,,
0.8184698958804889,9040,9.384563446044922,0.40625,NO,,,
0.8184698958804889,9040,9.384563446044922,0.40625,NO,,,
0.8184698958804889,9040,9.384563446044922,0.40625,NO,,,
0.8184698958804889,9040,9.384563446044922,0.40625,NO,,,
0.8184698958804889,9040,9.384563446044922,0.40625,NO,,,
0.8184698958804889,9040,9.384563446044922,0.40625,NO,,,
0.8193752829334541,9050,12.30108642578125,0.1875,NO,,,
0.8193752829334541,9050,12.30108642578125,0.1875,NO,,,
0.8193752829334541,9050,12.30108642578125,0.1875,NO,,,
0.8193752829334541,9050,12.30108642578125,0.1875,NO,,,
0.8193752829334541,9050,12.30108642578125,0.1875,NO,,,
0.8193752829334541,9050,12.30108642578125,0.1875,NO,,,
0.8193752829334541,9050,12.30108642578125,0.1875,NO,,,
0.8193752829334541,9050,12.30108642578125,0.1875,NO,,,
0.8193752829334541,9050,12.30108642578125,0.1875,NO,,,
0.8193752829334541,9050,12.30108642578125,0.1875,NO,,,
0.8202806699864192,9060,11.796804428100586,0.4375,NO,,,
0.8202806699864192,9060,11.796804428100586,0.4375,NO,,,
0.8202806699864192,9060,11.796804428100586,0.4375,NO,,,
0.8202806699864192,9060,11.796804428100586,0.4375,NO,,,
0.8202806699864192,9060,11.796804428100586,0.4375,NO,,,
0.8202806699864192,9060,11.796804428100586,0.4375,NO,,,
0.8202806699864192,9060,11.796804428100586,0.4375,NO,,,
0.8202806699864192,9060,11.796804428100586,0.4375,NO,,,
0.8202806699864192,9060,11.796804428100586,0.4375,NO,,,
0.8202806699864192,9060,11.796804428100586,0.4375,NO,,,
0.8211860570393843,9070,8.636592864990234,0.40625,NO,,,
0.8211860570393843,9070,8.636592864990234,0.40625,NO,,,
0.8211860570393843,9070,8.636592864990234,0.40625,NO,,,
0.8211860570393843,9070,8.636592864990234,0.40625,NO,,,
0.8211860570393843,9070,8.636592864990234,0.40625,NO,,,
0.8211860570393843,9070,8.636592864990234,0.40625,NO,,,
0.8211860570393843,9070,8.636592864990234,0.40625,NO,,,
0.8211860570393843,9070,8.636592864990234,0.40625,NO,,,
0.8211860570393843,9070,8.636592864990234,0.40625,NO,,,
0.8211860570393843,9070,8.636592864990234,0.40625,NO,,,
0.8220914440923495,9080,7.208218574523926,0.375,NO,,,
0.8220914440923495,9080,7.208218574523926,0.375,NO,,,
0.8220914440923495,9080,7.208218574523926,0.375,NO,,,
0.8220914440923495,9080,7.208218574523926,0.375,NO,,,
0.8220914440923495,9080,7.208218574523926,0.375,NO,,,
0.8220914440923495,9080,7.208218574523926,0.375,NO,,,
0.8220914440923495,9080,7.208218574523926,0.375,NO,,,
0.8220914440923495,9080,7.208218574523926,0.375,NO,,,
0.8220914440923495,9080,7.208218574523926,0.375,NO,,,
0.8220914440923495,9080,7.208218574523926,0.375,NO,,,
0.8229968311453146,9090,9.58022403717041,0.4375,NO,,,
0.8229968311453146,9090,9.58022403717041,0.4375,NO,,,
0.8229968311453146,9090,9.58022403717041,0.4375,NO,,,
0.8229968311453146,9090,9.58022403717041,0.4375,NO,,,
0.8229968311453146,9090,9.58022403717041,0.4375,NO,,,
0.8229968311453146,9090,9.58022403717041,0.4375,NO,,,
0.8229968311453146,9090,9.58022403717041,0.4375,NO,,,
0.8229968311453146,9090,9.58022403717041,0.4375,NO,,,
0.8229968311453146,9090,9.58022403717041,0.4375,NO,,,
0.8229968311453146,9090,9.58022403717041,0.4375,NO,,,
0.8239022181982798,9100,14.679411888122559,0.21875,NO,,,
0.8239022181982798,9100,14.679411888122559,0.21875,NO,,,
0.8239022181982798,9100,14.679411888122559,0.21875,NO,,,
0.8239022181982798,9100,14.679411888122559,0.21875,NO,,,
0.8239022181982798,9100,14.679411888122559,0.21875,NO,,,
0.8239022181982798,9100,14.679411888122559,0.21875,NO,,,
0.8239022181982798,9100,14.679411888122559,0.21875,NO,,,
0.8239022181982798,9100,14.679411888122559,0.21875,NO,,,
0.8239022181982798,9100,14.679411888122559,0.21875,NO,,,
0.8239022181982798,9100,14.679411888122559,0.21875,NO,,,
0.8248076052512449,9110,16.44585609436035,0.3125,NO,,,
0.8248076052512449,9110,16.44585609436035,0.3125,NO,,,
0.8248076052512449,9110,16.44585609436035,0.3125,NO,,,
0.8248076052512449,9110,16.44585609436035,0.3125,NO,,,
0.8248076052512449,9110,16.44585609436035,0.3125,NO,,,
0.8248076052512449,9110,16.44585609436035,0.3125,NO,,,
0.8248076052512449,9110,16.44585609436035,0.3125,NO,,,
0.8248076052512449,9110,16.44585609436035,0.3125,NO,,,
0.8248076052512449,9110,16.44585609436035,0.3125,NO,,,
0.8248076052512449,9110,16.44585609436035,0.3125,NO,,,
0.82571299230421,9120,13.13437557220459,0.28125,NO,,,
0.82571299230421,9120,13.13437557220459,0.28125,NO,,,
0.82571299230421,9120,13.13437557220459,0.28125,NO,,,
0.82571299230421,9120,13.13437557220459,0.28125,NO,,,
0.82571299230421,9120,13.13437557220459,0.28125,NO,,,
0.82571299230421,9120,13.13437557220459,0.28125,NO,,,
0.82571299230421,9120,13.13437557220459,0.28125,NO,,,
0.82571299230421,9120,13.13437557220459,0.28125,NO,,,
0.82571299230421,9120,13.13437557220459,0.28125,NO,,,
0.82571299230421,9120,13.13437557220459,0.28125,NO,,,
0.8266183793571752,9130,13.561765670776367,0.28125,NO,,,
0.8266183793571752,9130,13.561765670776367,0.28125,NO,,,
0.8266183793571752,9130,13.561765670776367,0.28125,NO,,,
0.8266183793571752,9130,13.561765670776367,0.28125,NO,,,
0.8266183793571752,9130,13.561765670776367,0.28125,NO,,,
0.8266183793571752,9130,13.561765670776367,0.28125,NO,,,
0.8266183793571752,9130,13.561765670776367,0.28125,NO,,,
0.8266183793571752,9130,13.561765670776367,0.28125,NO,,,
0.8266183793571752,9130,13.561765670776367,0.28125,NO,,,
0.8266183793571752,9130,13.561765670776367,0.28125,NO,,,
0.8275237664101404,9140,7.647439956665039,0.5,NO,,,
0.8275237664101404,9140,7.647439956665039,0.5,NO,,,
0.8275237664101404,9140,7.647439956665039,0.5,NO,,,
0.8275237664101404,9140,7.647439956665039,0.5,NO,,,
0.8275237664101404,9140,7.647439956665039,0.5,NO,,,
0.8275237664101404,9140,7.647439956665039,0.5,NO,,,
0.8275237664101404,9140,7.647439956665039,0.5,NO,,,
0.8275237664101404,9140,7.647439956665039,0.5,NO,,,
0.8275237664101404,9140,7.647439956665039,0.5,NO,,,
0.8275237664101404,9140,7.647439956665039,0.5,NO,,,
0.8284291534631055,9150,11.72451400756836,0.46875,NO,,,
0.8284291534631055,9150,11.72451400756836,0.46875,NO,,,
0.8284291534631055,9150,11.72451400756836,0.46875,NO,,,
0.8284291534631055,9150,11.72451400756836,0.46875,NO,,,
0.8284291534631055,9150,11.72451400756836,0.46875,NO,,,
0.8284291534631055,9150,11.72451400756836,0.46875,NO,,,
0.8284291534631055,9150,11.72451400756836,0.46875,NO,,,
0.8284291534631055,9150,11.72451400756836,0.46875,NO,,,
0.8284291534631055,9150,11.72451400756836,0.46875,NO,,,
0.8284291534631055,9150,11.72451400756836,0.46875,NO,,,
0.8293345405160706,9160,14.15673828125,0.3125,NO,,,
0.8293345405160706,9160,14.15673828125,0.3125,NO,,,
0.8293345405160706,9160,14.15673828125,0.3125,NO,,,
0.8293345405160706,9160,14.15673828125,0.3125,NO,,,
0.8293345405160706,9160,14.15673828125,0.3125,NO,,,
0.8293345405160706,9160,14.15673828125,0.3125,NO,,,
0.8293345405160706,9160,14.15673828125,0.3125,NO,,,
0.8293345405160706,9160,14.15673828125,0.3125,NO,,,
0.8293345405160706,9160,14.15673828125,0.3125,NO,,,
0.8293345405160706,9160,14.15673828125,0.3125,NO,,,
0.8302399275690358,9170,11.922113418579102,0.28125,NO,,,
0.8302399275690358,9170,11.922113418579102,0.28125,NO,,,
0.8302399275690358,9170,11.922113418579102,0.28125,NO,,,
0.8302399275690358,9170,11.922113418579102,0.28125,NO,,,
0.8302399275690358,9170,11.922113418579102,0.28125,NO,,,
0.8302399275690358,9170,11.922113418579102,0.28125,NO,,,
0.8302399275690358,9170,11.922113418579102,0.28125,NO,,,
0.8302399275690358,9170,11.922113418579102,0.28125,NO,,,
0.8302399275690358,9170,11.922113418579102,0.28125,NO,,,
0.8302399275690358,9170,11.922113418579102,0.28125,NO,,,
0.8311453146220009,9180,11.012372970581055,0.25,NO,,,
0.8311453146220009,9180,11.012372970581055,0.25,NO,,,
0.8311453146220009,9180,11.012372970581055,0.25,NO,,,
0.8311453146220009,9180,11.012372970581055,0.25,NO,,,
0.8311453146220009,9180,11.012372970581055,0.25,NO,,,
0.8311453146220009,9180,11.012372970581055,0.25,NO,,,
0.8311453146220009,9180,11.012372970581055,0.25,NO,,,
0.8311453146220009,9180,11.012372970581055,0.25,NO,,,
0.8311453146220009,9180,11.012372970581055,0.25,NO,,,
0.8311453146220009,9180,11.012372970581055,0.25,NO,,,
0.8320507016749661,9190,12.303914070129395,0.3125,NO,,,
0.8320507016749661,9190,12.303914070129395,0.3125,NO,,,
0.8320507016749661,9190,12.303914070129395,0.3125,NO,,,
0.8320507016749661,9190,12.303914070129395,0.3125,NO,,,
0.8320507016749661,9190,12.303914070129395,0.3125,NO,,,
0.8320507016749661,9190,12.303914070129395,0.3125,NO,,,
0.8320507016749661,9190,12.303914070129395,0.3125,NO,,,
0.8320507016749661,9190,12.303914070129395,0.3125,NO,,,
0.8320507016749661,9190,12.303914070129395,0.3125,NO,,,
0.8320507016749661,9190,12.303914070129395,0.3125,NO,,,
0.8329560887279311,9200,15.237496376037598,0.375,NO,,,
0.8329560887279311,9200,15.237496376037598,0.375,NO,,,
0.8329560887279311,9200,15.237496376037598,0.375,NO,,,
0.8329560887279311,9200,15.237496376037598,0.375,NO,,,
0.8329560887279311,9200,15.237496376037598,0.375,NO,,,
0.8329560887279311,9200,15.237496376037598,0.375,NO,,,
0.8329560887279311,9200,15.237496376037598,0.375,NO,,,
0.8329560887279311,9200,15.237496376037598,0.375,NO,,,
0.8329560887279311,9200,15.237496376037598,0.375,NO,,,
0.8329560887279311,9200,15.237496376037598,0.375,NO,,,
0.8338614757808963,9210,10.828680038452148,0.25,NO,,,
0.8338614757808963,9210,10.828680038452148,0.25,NO,,,
0.8338614757808963,9210,10.828680038452148,0.25,NO,,,
0.8338614757808963,9210,10.828680038452148,0.25,NO,,,
0.8338614757808963,9210,10.828680038452148,0.25,NO,,,
0.8338614757808963,9210,10.828680038452148,0.25,NO,,,
0.8338614757808963,9210,10.828680038452148,0.25,NO,,,
0.8338614757808963,9210,10.828680038452148,0.25,NO,,,
0.8338614757808963,9210,10.828680038452148,0.25,NO,,,
0.8338614757808963,9210,10.828680038452148,0.25,NO,,,
0.8347668628338615,9220,12.33798599243164,0.3125,NO,,,
0.8347668628338615,9220,12.33798599243164,0.3125,NO,,,
0.8347668628338615,9220,12.33798599243164,0.3125,NO,,,
0.8347668628338615,9220,12.33798599243164,0.3125,NO,,,
0.8347668628338615,9220,12.33798599243164,0.3125,NO,,,
0.8347668628338615,9220,12.33798599243164,0.3125,NO,,,
0.8347668628338615,9220,12.33798599243164,0.3125,NO,,,
0.8347668628338615,9220,12.33798599243164,0.3125,NO,,,
0.8347668628338615,9220,12.33798599243164,0.3125,NO,,,
0.8347668628338615,9220,12.33798599243164,0.3125,NO,,,
0.8356722498868266,9230,7.346763610839844,0.3125,NO,,,
0.8356722498868266,9230,7.346763610839844,0.3125,NO,,,
0.8356722498868266,9230,7.346763610839844,0.3125,NO,,,
0.8356722498868266,9230,7.346763610839844,0.3125,NO,,,
0.8356722498868266,9230,7.346763610839844,0.3125,NO,,,
0.8356722498868266,9230,7.346763610839844,0.3125,NO,,,
0.8356722498868266,9230,7.346763610839844,0.3125,NO,,,
0.8356722498868266,9230,7.346763610839844,0.3125,NO,,,
0.8356722498868266,9230,7.346763610839844,0.3125,NO,,,
0.8356722498868266,9230,7.346763610839844,0.3125,NO,,,
0.8365776369397918,9240,10.161479949951172,0.21875,NO,,,
0.8365776369397918,9240,10.161479949951172,0.21875,NO,,,
0.8365776369397918,9240,10.161479949951172,0.21875,NO,,,
0.8365776369397918,9240,10.161479949951172,0.21875,NO,,,
0.8365776369397918,9240,10.161479949951172,0.21875,NO,,,
0.8365776369397918,9240,10.161479949951172,0.21875,NO,,,
0.8365776369397918,9240,10.161479949951172,0.21875,NO,,,
0.8365776369397918,9240,10.161479949951172,0.21875,NO,,,
0.8365776369397918,9240,10.161479949951172,0.21875,NO,,,
0.8365776369397918,9240,10.161479949951172,0.21875,NO,,,
0.8374830239927569,9250,11.499438285827637,0.1875,NO,,,
0.8374830239927569,9250,11.499438285827637,0.1875,NO,,,
0.8374830239927569,9250,11.499438285827637,0.1875,NO,,,
0.8374830239927569,9250,11.499438285827637,0.1875,NO,,,
0.8374830239927569,9250,11.499438285827637,0.1875,NO,,,
0.8374830239927569,9250,11.499438285827637,0.1875,NO,,,
0.8374830239927569,9250,11.499438285827637,0.1875,NO,,,
0.8374830239927569,9250,11.499438285827637,0.1875,NO,,,
0.8374830239927569,9250,11.499438285827637,0.1875,NO,,,
0.8374830239927569,9250,11.499438285827637,0.1875,NO,,,
0.838388411045722,9260,12.826970100402832,0.125,NO,,,
0.838388411045722,9260,12.826970100402832,0.125,NO,,,
0.838388411045722,9260,12.826970100402832,0.125,NO,,,
0.838388411045722,9260,12.826970100402832,0.125,NO,,,
0.838388411045722,9260,12.826970100402832,0.125,NO,,,
0.838388411045722,9260,12.826970100402832,0.125,NO,,,
0.838388411045722,9260,12.826970100402832,0.125,NO,,,
0.838388411045722,9260,12.826970100402832,0.125,NO,,,
0.838388411045722,9260,12.826970100402832,0.125,NO,,,
0.838388411045722,9260,12.826970100402832,0.125,NO,,,
0.8392937980986872,9270,10.598979949951172,0.25,NO,,,
0.8392937980986872,9270,10.598979949951172,0.25,NO,,,
0.8392937980986872,9270,10.598979949951172,0.25,NO,,,
0.8392937980986872,9270,10.598979949951172,0.25,NO,,,
0.8392937980986872,9270,10.598979949951172,0.25,NO,,,
0.8392937980986872,9270,10.598979949951172,0.25,NO,,,
0.8392937980986872,9270,10.598979949951172,0.25,NO,,,
0.8392937980986872,9270,10.598979949951172,0.25,NO,,,
0.8392937980986872,9270,10.598979949951172,0.25,NO,,,
0.8392937980986872,9270,10.598979949951172,0.25,NO,,,
0.8401991851516524,9280,7.601806640625,0.40625,NO,,,
0.8401991851516524,9280,7.601806640625,0.40625,NO,,,
0.8401991851516524,9280,7.601806640625,0.40625,NO,,,
0.8401991851516524,9280,7.601806640625,0.40625,NO,,,
0.8401991851516524,9280,7.601806640625,0.40625,NO,,,
0.8401991851516524,9280,7.601806640625,0.40625,NO,,,
0.8401991851516524,9280,7.601806640625,0.40625,NO,,,
0.8401991851516524,9280,7.601806640625,0.40625,NO,,,
0.8401991851516524,9280,7.601806640625,0.40625,NO,,,
0.8401991851516524,9280,7.601806640625,0.40625,NO,,,
0.8411045722046174,9290,6.7787675857543945,0.34375,NO,,,
0.8411045722046174,9290,6.7787675857543945,0.34375,NO,,,
0.8411045722046174,9290,6.7787675857543945,0.34375,NO,,,
0.8411045722046174,9290,6.7787675857543945,0.34375,NO,,,
0.8411045722046174,9290,6.7787675857543945,0.34375,NO,,,
0.8411045722046174,9290,6.7787675857543945,0.34375,NO,,,
0.8411045722046174,9290,6.7787675857543945,0.34375,NO,,,
0.8411045722046174,9290,6.7787675857543945,0.34375,NO,,,
0.8411045722046174,9290,6.7787675857543945,0.34375,NO,,,
0.8411045722046174,9290,6.7787675857543945,0.34375,NO,,,
0.8420099592575826,9300,8.769685745239258,0.34375,NO,,,
0.8420099592575826,9300,8.769685745239258,0.34375,NO,,,
0.8420099592575826,9300,8.769685745239258,0.34375,NO,,,
0.8420099592575826,9300,8.769685745239258,0.34375,NO,,,
0.8420099592575826,9300,8.769685745239258,0.34375,NO,,,
0.8420099592575826,9300,8.769685745239258,0.34375,NO,,,
0.8420099592575826,9300,8.769685745239258,0.34375,NO,,,
0.8420099592575826,9300,8.769685745239258,0.34375,NO,,,
0.8420099592575826,9300,8.769685745239258,0.34375,NO,,,
0.8420099592575826,9300,8.769685745239258,0.34375,NO,,,
0.8429153463105478,9310,7.375999450683594,0.25,NO,,,
0.8429153463105478,9310,7.375999450683594,0.25,NO,,,
0.8429153463105478,9310,7.375999450683594,0.25,NO,,,
0.8429153463105478,9310,7.375999450683594,0.25,NO,,,
0.8429153463105478,9310,7.375999450683594,0.25,NO,,,
0.8429153463105478,9310,7.375999450683594,0.25,NO,,,
0.8429153463105478,9310,7.375999450683594,0.25,NO,,,
0.8429153463105478,9310,7.375999450683594,0.25,NO,,,
0.8429153463105478,9310,7.375999450683594,0.25,NO,,,
0.8429153463105478,9310,7.375999450683594,0.25,NO,,,
0.8438207333635129,9320,9.451212882995605,0.28125,NO,,,
0.8438207333635129,9320,9.451212882995605,0.28125,NO,,,
0.8438207333635129,9320,9.451212882995605,0.28125,NO,,,
0.8438207333635129,9320,9.451212882995605,0.28125,NO,,,
0.8438207333635129,9320,9.451212882995605,0.28125,NO,,,
0.8438207333635129,9320,9.451212882995605,0.28125,NO,,,
0.8438207333635129,9320,9.451212882995605,0.28125,NO,,,
0.8438207333635129,9320,9.451212882995605,0.28125,NO,,,
0.8438207333635129,9320,9.451212882995605,0.28125,NO,,,
0.8438207333635129,9320,9.451212882995605,0.28125,NO,,,
0.8447261204164781,9330,8.383749961853027,0.28125,NO,,,
0.8447261204164781,9330,8.383749961853027,0.28125,NO,,,
0.8447261204164781,9330,8.383749961853027,0.28125,NO,,,
0.8447261204164781,9330,8.383749961853027,0.28125,NO,,,
0.8447261204164781,9330,8.383749961853027,0.28125,NO,,,
0.8447261204164781,9330,8.383749961853027,0.28125,NO,,,
0.8447261204164781,9330,8.383749961853027,0.28125,NO,,,
0.8447261204164781,9330,8.383749961853027,0.28125,NO,,,
0.8447261204164781,9330,8.383749961853027,0.28125,NO,,,
0.8447261204164781,9330,8.383749961853027,0.28125,NO,,,
0.8456315074694432,9340,8.763072967529297,0.21875,NO,,,
0.8456315074694432,9340,8.763072967529297,0.21875,NO,,,
0.8456315074694432,9340,8.763072967529297,0.21875,NO,,,
0.8456315074694432,9340,8.763072967529297,0.21875,NO,,,
0.8456315074694432,9340,8.763072967529297,0.21875,NO,,,
0.8456315074694432,9340,8.763072967529297,0.21875,NO,,,
0.8456315074694432,9340,8.763072967529297,0.21875,NO,,,
0.8456315074694432,9340,8.763072967529297,0.21875,NO,,,
0.8456315074694432,9340,8.763072967529297,0.21875,NO,,,
0.8456315074694432,9340,8.763072967529297,0.21875,NO,,,
0.8465368945224083,9350,4.471973419189453,0.4375,NO,,,
0.8465368945224083,9350,4.471973419189453,0.4375,NO,,,
0.8465368945224083,9350,4.471973419189453,0.4375,NO,,,
0.8465368945224083,9350,4.471973419189453,0.4375,NO,,,
0.8465368945224083,9350,4.471973419189453,0.4375,NO,,,
0.8465368945224083,9350,4.471973419189453,0.4375,NO,,,
0.8465368945224083,9350,4.471973419189453,0.4375,NO,,,
0.8465368945224083,9350,4.471973419189453,0.4375,NO,,,
0.8465368945224083,9350,4.471973419189453,0.4375,NO,,,
0.8465368945224083,9350,4.471973419189453,0.4375,NO,,,
0.8474422815753735,9360,9.40462589263916,0.1875,NO,,,
0.8474422815753735,9360,9.40462589263916,0.1875,NO,,,
0.8474422815753735,9360,9.40462589263916,0.1875,NO,,,
0.8474422815753735,9360,9.40462589263916,0.1875,NO,,,
0.8474422815753735,9360,9.40462589263916,0.1875,NO,,,
0.8474422815753735,9360,9.40462589263916,0.1875,NO,,,
0.8474422815753735,9360,9.40462589263916,0.1875,NO,,,
0.8474422815753735,9360,9.40462589263916,0.1875,NO,,,
0.8474422815753735,9360,9.40462589263916,0.1875,NO,,,
0.8474422815753735,9360,9.40462589263916,0.1875,NO,,,
0.8483476686283387,9370,5.842251777648926,0.40625,NO,,,
0.8483476686283387,9370,5.842251777648926,0.40625,NO,,,
0.8483476686283387,9370,5.842251777648926,0.40625,NO,,,
0.8483476686283387,9370,5.842251777648926,0.40625,NO,,,
0.8483476686283387,9370,5.842251777648926,0.40625,NO,,,
0.8483476686283387,9370,5.842251777648926,0.40625,NO,,,
0.8483476686283387,9370,5.842251777648926,0.40625,NO,,,
0.8483476686283387,9370,5.842251777648926,0.40625,NO,,,
0.8483476686283387,9370,5.842251777648926,0.40625,NO,,,
0.8483476686283387,9370,5.842251777648926,0.40625,NO,,,
0.8492530556813037,9380,4.110134124755859,0.21875,NO,,,
0.8492530556813037,9380,4.110134124755859,0.21875,NO,,,
0.8492530556813037,9380,4.110134124755859,0.21875,NO,,,
0.8492530556813037,9380,4.110134124755859,0.21875,NO,,,
0.8492530556813037,9380,4.110134124755859,0.21875,NO,,,
0.8492530556813037,9380,4.110134124755859,0.21875,NO,,,
0.8492530556813037,9380,4.110134124755859,0.21875,NO,,,
0.8492530556813037,9380,4.110134124755859,0.21875,NO,,,
0.8492530556813037,9380,4.110134124755859,0.21875,NO,,,
0.8492530556813037,9380,4.110134124755859,0.21875,NO,,,
0.8501584427342689,9390,6.221584320068359,0.25,NO,,,
0.8501584427342689,9390,6.221584320068359,0.25,NO,,,
0.8501584427342689,9390,6.221584320068359,0.25,NO,,,
0.8501584427342689,9390,6.221584320068359,0.25,NO,,,
0.8501584427342689,9390,6.221584320068359,0.25,NO,,,
0.8501584427342689,9390,6.221584320068359,0.25,NO,,,
0.8501584427342689,9390,6.221584320068359,0.25,NO,,,
0.8501584427342689,9390,6.221584320068359,0.25,NO,,,
0.8501584427342689,9390,6.221584320068359,0.25,NO,,,
0.8501584427342689,9390,6.221584320068359,0.25,NO,,,
0.851063829787234,9400,5.0885162353515625,0.375,NO,,,
0.851063829787234,9400,5.0885162353515625,0.375,NO,,,
0.851063829787234,9400,5.0885162353515625,0.375,NO,,,
0.851063829787234,9400,5.0885162353515625,0.375,NO,,,
0.851063829787234,9400,5.0885162353515625,0.375,NO,,,
0.851063829787234,9400,5.0885162353515625,0.375,NO,,,
0.851063829787234,9400,5.0885162353515625,0.375,NO,,,
0.851063829787234,9400,5.0885162353515625,0.375,NO,,,
0.851063829787234,9400,5.0885162353515625,0.375,NO,,,
0.851063829787234,9400,5.0885162353515625,0.375,NO,,,
0.8519692168401992,9410,7.571876049041748,0.40625,NO,,,
0.8519692168401992,9410,7.571876049041748,0.40625,NO,,,
0.8519692168401992,9410,7.571876049041748,0.40625,NO,,,
0.8519692168401992,9410,7.571876049041748,0.40625,NO,,,
0.8519692168401992,9410,7.571876049041748,0.40625,NO,,,
0.8519692168401992,9410,7.571876049041748,0.40625,NO,,,
0.8519692168401992,9410,7.571876049041748,0.40625,NO,,,
0.8519692168401992,9410,7.571876049041748,0.40625,NO,,,
0.8519692168401992,9410,7.571876049041748,0.40625,NO,,,
0.8519692168401992,9410,7.571876049041748,0.40625,NO,,,
0.8528746038931643,9420,5.549408912658691,0.4375,NO,,,
0.8528746038931643,9420,5.549408912658691,0.4375,NO,,,
0.8528746038931643,9420,5.549408912658691,0.4375,NO,,,
0.8528746038931643,9420,5.549408912658691,0.4375,NO,,,
0.8528746038931643,9420,5.549408912658691,0.4375,NO,,,
0.8528746038931643,9420,5.549408912658691,0.4375,NO,,,
0.8528746038931643,9420,5.549408912658691,0.4375,NO,,,
0.8528746038931643,9420,5.549408912658691,0.4375,NO,,,
0.8528746038931643,9420,5.549408912658691,0.4375,NO,,,
0.8528746038931643,9420,5.549408912658691,0.4375,NO,,,
0.8537799909461294,9430,11.350972175598145,0.25,NO,,,
0.8537799909461294,9430,11.350972175598145,0.25,NO,,,
0.8537799909461294,9430,11.350972175598145,0.25,NO,,,
0.8537799909461294,9430,11.350972175598145,0.25,NO,,,
0.8537799909461294,9430,11.350972175598145,0.25,NO,,,
0.8537799909461294,9430,11.350972175598145,0.25,NO,,,
0.8537799909461294,9430,11.350972175598145,0.25,NO,,,
0.8537799909461294,9430,11.350972175598145,0.25,NO,,,
0.8537799909461294,9430,11.350972175598145,0.25,NO,,,
0.8537799909461294,9430,11.350972175598145,0.25,NO,,,
0.8546853779990946,9440,9.917643547058105,0.40625,NO,,,
0.8546853779990946,9440,9.917643547058105,0.40625,NO,,,
0.8546853779990946,9440,9.917643547058105,0.40625,NO,,,
0.8546853779990946,9440,9.917643547058105,0.40625,NO,,,
0.8546853779990946,9440,9.917643547058105,0.40625,NO,,,
0.8546853779990946,9440,9.917643547058105,0.40625,NO,,,
0.8546853779990946,9440,9.917643547058105,0.40625,NO,,,
0.8546853779990946,9440,9.917643547058105,0.40625,NO,,,
0.8546853779990946,9440,9.917643547058105,0.40625,NO,,,
0.8546853779990946,9440,9.917643547058105,0.40625,NO,,,
0.8555907650520598,9450,11.569580078125,0.375,NO,,,
0.8555907650520598,9450,11.569580078125,0.375,NO,,,
0.8555907650520598,9450,11.569580078125,0.375,NO,,,
0.8555907650520598,9450,11.569580078125,0.375,NO,,,
0.8555907650520598,9450,11.569580078125,0.375,NO,,,
0.8555907650520598,9450,11.569580078125,0.375,NO,,,
0.8555907650520598,9450,11.569580078125,0.375,NO,,,
0.8555907650520598,9450,11.569580078125,0.375,NO,,,
0.8555907650520598,9450,11.569580078125,0.375,NO,,,
0.8555907650520598,9450,11.569580078125,0.375,NO,,,
0.8564961521050249,9460,12.873291969299316,0.25,NO,,,
0.8564961521050249,9460,12.873291969299316,0.25,NO,,,
0.8564961521050249,9460,12.873291969299316,0.25,NO,,,
0.8564961521050249,9460,12.873291969299316,0.25,NO,,,
0.8564961521050249,9460,12.873291969299316,0.25,NO,,,
0.8564961521050249,9460,12.873291969299316,0.25,NO,,,
0.8564961521050249,9460,12.873291969299316,0.25,NO,,,
0.8564961521050249,9460,12.873291969299316,0.25,NO,,,
0.8564961521050249,9460,12.873291969299316,0.25,NO,,,
0.8564961521050249,9460,12.873291969299316,0.25,NO,,,
0.85740153915799,9470,11.357422828674316,0.375,NO,,,
0.85740153915799,9470,11.357422828674316,0.375,NO,,,
0.85740153915799,9470,11.357422828674316,0.375,NO,,,
0.85740153915799,9470,11.357422828674316,0.375,NO,,,
0.85740153915799,9470,11.357422828674316,0.375,NO,,,
0.85740153915799,9470,11.357422828674316,0.375,NO,,,
0.85740153915799,9470,11.357422828674316,0.375,NO,,,
0.85740153915799,9470,11.357422828674316,0.375,NO,,,
0.85740153915799,9470,11.357422828674316,0.375,NO,,,
0.85740153915799,9470,11.357422828674316,0.375,NO,,,
0.8583069262109552,9480,12.541653633117676,0.25,NO,,,
0.8583069262109552,9480,12.541653633117676,0.25,NO,,,
0.8583069262109552,9480,12.541653633117676,0.25,NO,,,
0.8583069262109552,9480,12.541653633117676,0.25,NO,,,
0.8583069262109552,9480,12.541653633117676,0.25,NO,,,
0.8583069262109552,9480,12.541653633117676,0.25,NO,,,
0.8583069262109552,9480,12.541653633117676,0.25,NO,,,
0.8583069262109552,9480,12.541653633117676,0.25,NO,,,
0.8583069262109552,9480,12.541653633117676,0.25,NO,,,
0.8583069262109552,9480,12.541653633117676,0.25,NO,,,
0.8592123132639203,9490,13.542236328125,0.28125,NO,,,
0.8592123132639203,9490,13.542236328125,0.28125,NO,,,
0.8592123132639203,9490,13.542236328125,0.28125,NO,,,
0.8592123132639203,9490,13.542236328125,0.28125,NO,,,
0.8592123132639203,9490,13.542236328125,0.28125,NO,,,
0.8592123132639203,9490,13.542236328125,0.28125,NO,,,
0.8592123132639203,9490,13.542236328125,0.28125,NO,,,
0.8592123132639203,9490,13.542236328125,0.28125,NO,,,
0.8592123132639203,9490,13.542236328125,0.28125,NO,,,
0.8592123132639203,9490,13.542236328125,0.28125,NO,,,
0.8601177003168855,9500,8.882823944091797,0.34375,NO,,,
0.8601177003168855,9500,8.882823944091797,0.34375,NO,,,
0.8601177003168855,9500,8.882823944091797,0.34375,NO,,,
0.8601177003168855,9500,8.882823944091797,0.34375,NO,,,
0.8601177003168855,9500,8.882823944091797,0.34375,NO,,,
0.8601177003168855,9500,8.882823944091797,0.34375,NO,,,
0.8601177003168855,9500,8.882823944091797,0.34375,NO,,,
0.8601177003168855,9500,8.882823944091797,0.34375,NO,,,
0.8601177003168855,9500,8.882823944091797,0.34375,NO,,,
0.8601177003168855,9500,8.882823944091797,0.34375,NO,,,
0.8610230873698506,9510,6.373872756958008,0.25,NO,,,
0.8610230873698506,9510,6.373872756958008,0.25,NO,,,
0.8610230873698506,9510,6.373872756958008,0.25,NO,,,
0.8610230873698506,9510,6.373872756958008,0.25,NO,,,
0.8610230873698506,9510,6.373872756958008,0.25,NO,,,
0.8610230873698506,9510,6.373872756958008,0.25,NO,,,
0.8610230873698506,9510,6.373872756958008,0.25,NO,,,
0.8610230873698506,9510,6.373872756958008,0.25,NO,,,
0.8610230873698506,9510,6.373872756958008,0.25,NO,,,
0.8610230873698506,9510,6.373872756958008,0.25,NO,,,
0.8619284744228157,9520,6.637214660644531,0.3125,NO,,,
0.8619284744228157,9520,6.637214660644531,0.3125,NO,,,
0.8619284744228157,9520,6.637214660644531,0.3125,NO,,,
0.8619284744228157,9520,6.637214660644531,0.3125,NO,,,
0.8619284744228157,9520,6.637214660644531,0.3125,NO,,,
0.8619284744228157,9520,6.637214660644531,0.3125,NO,,,
0.8619284744228157,9520,6.637214660644531,0.3125,NO,,,
0.8619284744228157,9520,6.637214660644531,0.3125,NO,,,
0.8619284744228157,9520,6.637214660644531,0.3125,NO,,,
0.8619284744228157,9520,6.637214660644531,0.3125,NO,,,
0.8628338614757809,9530,8.07919692993164,0.28125,NO,,,
0.8628338614757809,9530,8.07919692993164,0.28125,NO,,,
0.8628338614757809,9530,8.07919692993164,0.28125,NO,,,
0.8628338614757809,9530,8.07919692993164,0.28125,NO,,,
0.8628338614757809,9530,8.07919692993164,0.28125,NO,,,
0.8628338614757809,9530,8.07919692993164,0.28125,NO,,,
0.8628338614757809,9530,8.07919692993164,0.28125,NO,,,
0.8628338614757809,9530,8.07919692993164,0.28125,NO,,,
0.8628338614757809,9530,8.07919692993164,0.28125,NO,,,
0.8628338614757809,9530,8.07919692993164,0.28125,NO,,,
0.8637392485287461,9540,8.254987716674805,0.25,NO,,,
0.8637392485287461,9540,8.254987716674805,0.25,NO,,,
0.8637392485287461,9540,8.254987716674805,0.25,NO,,,
0.8637392485287461,9540,8.254987716674805,0.25,NO,,,
0.8637392485287461,9540,8.254987716674805,0.25,NO,,,
0.8637392485287461,9540,8.254987716674805,0.25,NO,,,
0.8637392485287461,9540,8.254987716674805,0.25,NO,,,
0.8637392485287461,9540,8.254987716674805,0.25,NO,,,
0.8637392485287461,9540,8.254987716674805,0.25,NO,,,
0.8637392485287461,9540,8.254987716674805,0.25,NO,,,
0.8646446355817112,9550,11.128366470336914,0.375,NO,,,
0.8646446355817112,9550,11.128366470336914,0.375,NO,,,
0.8646446355817112,9550,11.128366470336914,0.375,NO,,,
0.8646446355817112,9550,11.128366470336914,0.375,NO,,,
0.8646446355817112,9550,11.128366470336914,0.375,NO,,,
0.8646446355817112,9550,11.128366470336914,0.375,NO,,,
0.8646446355817112,9550,11.128366470336914,0.375,NO,,,
0.8646446355817112,9550,11.128366470336914,0.375,NO,,,
0.8646446355817112,9550,11.128366470336914,0.375,NO,,,
0.8646446355817112,9550,11.128366470336914,0.375,NO,,,
0.8655500226346763,9560,6.903563976287842,0.3125,NO,,,
0.8655500226346763,9560,6.903563976287842,0.3125,NO,,,
0.8655500226346763,9560,6.903563976287842,0.3125,NO,,,
0.8655500226346763,9560,6.903563976287842,0.3125,NO,,,
0.8655500226346763,9560,6.903563976287842,0.3125,NO,,,
0.8655500226346763,9560,6.903563976287842,0.3125,NO,,,
0.8655500226346763,9560,6.903563976287842,0.3125,NO,,,
0.8655500226346763,9560,6.903563976287842,0.3125,NO,,,
0.8655500226346763,9560,6.903563976287842,0.3125,NO,,,
0.8655500226346763,9560,6.903563976287842,0.3125,NO,,,
0.8664554096876415,9570,8.518721580505371,0.28125,NO,,,
0.8664554096876415,9570,8.518721580505371,0.28125,NO,,,
0.8664554096876415,9570,8.518721580505371,0.28125,NO,,,
0.8664554096876415,9570,8.518721580505371,0.28125,NO,,,
0.8664554096876415,9570,8.518721580505371,0.28125,NO,,,
0.8664554096876415,9570,8.518721580505371,0.28125,NO,,,
0.8664554096876415,9570,8.518721580505371,0.28125,NO,,,
0.8664554096876415,9570,8.518721580505371,0.28125,NO,,,
0.8664554096876415,9570,8.518721580505371,0.28125,NO,,,
0.8664554096876415,9570,8.518721580505371,0.28125,NO,,,
0.8673607967406066,9580,3.7361087799072266,0.28125,NO,,,
0.8673607967406066,9580,3.7361087799072266,0.28125,NO,,,
0.8673607967406066,9580,3.7361087799072266,0.28125,NO,,,
0.8673607967406066,9580,3.7361087799072266,0.28125,NO,,,
0.8673607967406066,9580,3.7361087799072266,0.28125,NO,,,
0.8673607967406066,9580,3.7361087799072266,0.28125,NO,,,
0.8673607967406066,9580,3.7361087799072266,0.28125,NO,,,
0.8673607967406066,9580,3.7361087799072266,0.28125,NO,,,
0.8673607967406066,9580,3.7361087799072266,0.28125,NO,,,
0.8673607967406066,9580,3.7361087799072266,0.28125,NO,,,
0.8682661837935718,9590,7.267427444458008,0.3125,NO,,,
0.8682661837935718,9590,7.267427444458008,0.3125,NO,,,
0.8682661837935718,9590,7.267427444458008,0.3125,NO,,,
0.8682661837935718,9590,7.267427444458008,0.3125,NO,,,
0.8682661837935718,9590,7.267427444458008,0.3125,NO,,,
0.8682661837935718,9590,7.267427444458008,0.3125,NO,,,
0.8682661837935718,9590,7.267427444458008,0.3125,NO,,,
0.8682661837935718,9590,7.267427444458008,0.3125,NO,,,
0.8682661837935718,9590,7.267427444458008,0.3125,NO,,,
0.8682661837935718,9590,7.267427444458008,0.3125,NO,,,
0.8691715708465368,9600,6.841952800750732,0.3125,NO,,,
0.8691715708465368,9600,6.841952800750732,0.3125,NO,,,
0.8691715708465368,9600,6.841952800750732,0.3125,NO,,,
0.8691715708465368,9600,6.841952800750732,0.3125,NO,,,
0.8691715708465368,9600,6.841952800750732,0.3125,NO,,,
0.8691715708465368,9600,6.841952800750732,0.3125,NO,,,
0.8691715708465368,9600,6.841952800750732,0.3125,NO,,,
0.8691715708465368,9600,6.841952800750732,0.3125,NO,,,
0.8691715708465368,9600,6.841952800750732,0.3125,NO,,,
0.8691715708465368,9600,6.841952800750732,0.3125,NO,,,
0.870076957899502,9610,8.400976181030273,0.3125,NO,,,
0.870076957899502,9610,8.400976181030273,0.3125,NO,,,
0.870076957899502,9610,8.400976181030273,0.3125,NO,,,
0.870076957899502,9610,8.400976181030273,0.3125,NO,,,
0.870076957899502,9610,8.400976181030273,0.3125,NO,,,
0.870076957899502,9610,8.400976181030273,0.3125,NO,,,
0.870076957899502,9610,8.400976181030273,0.3125,NO,,,
0.870076957899502,9610,8.400976181030273,0.3125,NO,,,
0.870076957899502,9610,8.400976181030273,0.3125,NO,,,
0.870076957899502,9610,8.400976181030273,0.3125,NO,,,
0.8709823449524672,9620,6.56174898147583,0.5,NO,,,
0.8709823449524672,9620,6.56174898147583,0.5,NO,,,
0.8709823449524672,9620,6.56174898147583,0.5,NO,,,
0.8709823449524672,9620,6.56174898147583,0.5,NO,,,
0.8709823449524672,9620,6.56174898147583,0.5,NO,,,
0.8709823449524672,9620,6.56174898147583,0.5,NO,,,
0.8709823449524672,9620,6.56174898147583,0.5,NO,,,
0.8709823449524672,9620,6.56174898147583,0.5,NO,,,
0.8709823449524672,9620,6.56174898147583,0.5,NO,,,
0.8709823449524672,9620,6.56174898147583,0.5,NO,,,
0.8718877320054323,9630,12.25146484375,0.28125,NO,,,
0.8718877320054323,9630,12.25146484375,0.28125,NO,,,
0.8718877320054323,9630,12.25146484375,0.28125,NO,,,
0.8718877320054323,9630,12.25146484375,0.28125,NO,,,
0.8718877320054323,9630,12.25146484375,0.28125,NO,,,
0.8718877320054323,9630,12.25146484375,0.28125,NO,,,
0.8718877320054323,9630,12.25146484375,0.28125,NO,,,
0.8718877320054323,9630,12.25146484375,0.28125,NO,,,
0.8718877320054323,9630,12.25146484375,0.28125,NO,,,
0.8718877320054323,9630,12.25146484375,0.28125,NO,,,
0.8727931190583975,9640,8.37647533416748,0.4375,NO,,,
0.8727931190583975,9640,8.37647533416748,0.4375,NO,,,
0.8727931190583975,9640,8.37647533416748,0.4375,NO,,,
0.8727931190583975,9640,8.37647533416748,0.4375,NO,,,
0.8727931190583975,9640,8.37647533416748,0.4375,NO,,,
0.8727931190583975,9640,8.37647533416748,0.4375,NO,,,
0.8727931190583975,9640,8.37647533416748,0.4375,NO,,,
0.8727931190583975,9640,8.37647533416748,0.4375,NO,,,
0.8727931190583975,9640,8.37647533416748,0.4375,NO,,,
0.8727931190583975,9640,8.37647533416748,0.4375,NO,,,
0.8736985061113626,9650,10.3173828125,0.34375,NO,,,
0.8736985061113626,9650,10.3173828125,0.34375,NO,,,
0.8736985061113626,9650,10.3173828125,0.34375,NO,,,
0.8736985061113626,9650,10.3173828125,0.34375,NO,,,
0.8736985061113626,9650,10.3173828125,0.34375,NO,,,
0.8736985061113626,9650,10.3173828125,0.34375,NO,,,
0.8736985061113626,9650,10.3173828125,0.34375,NO,,,
0.8736985061113626,9650,10.3173828125,0.34375,NO,,,
0.8736985061113626,9650,10.3173828125,0.34375,NO,,,
0.8736985061113626,9650,10.3173828125,0.34375,NO,,,
0.8746038931643277,9660,4.992715835571289,0.40625,NO,,,
0.8746038931643277,9660,4.992715835571289,0.40625,NO,,,
0.8746038931643277,9660,4.992715835571289,0.40625,NO,,,
0.8746038931643277,9660,4.992715835571289,0.40625,NO,,,
0.8746038931643277,9660,4.992715835571289,0.40625,NO,,,
0.8746038931643277,9660,4.992715835571289,0.40625,NO,,,
0.8746038931643277,9660,4.992715835571289,0.40625,NO,,,
0.8746038931643277,9660,4.992715835571289,0.40625,NO,,,
0.8746038931643277,9660,4.992715835571289,0.40625,NO,,,
0.8746038931643277,9660,4.992715835571289,0.40625,NO,,,
0.8755092802172929,9670,6.426469802856445,0.3125,NO,,,
0.8755092802172929,9670,6.426469802856445,0.3125,NO,,,
0.8755092802172929,9670,6.426469802856445,0.3125,NO,,,
0.8755092802172929,9670,6.426469802856445,0.3125,NO,,,
0.8755092802172929,9670,6.426469802856445,0.3125,NO,,,
0.8755092802172929,9670,6.426469802856445,0.3125,NO,,,
0.8755092802172929,9670,6.426469802856445,0.3125,NO,,,
0.8755092802172929,9670,6.426469802856445,0.3125,NO,,,
0.8755092802172929,9670,6.426469802856445,0.3125,NO,,,
0.8755092802172929,9670,6.426469802856445,0.3125,NO,,,
0.8764146672702581,9680,5.772341251373291,0.34375,NO,,,
0.8764146672702581,9680,5.772341251373291,0.34375,NO,,,
0.8764146672702581,9680,5.772341251373291,0.34375,NO,,,
0.8764146672702581,9680,5.772341251373291,0.34375,NO,,,
0.8764146672702581,9680,5.772341251373291,0.34375,NO,,,
0.8764146672702581,9680,5.772341251373291,0.34375,NO,,,
0.8764146672702581,9680,5.772341251373291,0.34375,NO,,,
0.8764146672702581,9680,5.772341251373291,0.34375,NO,,,
0.8764146672702581,9680,5.772341251373291,0.34375,NO,,,
0.8764146672702581,9680,5.772341251373291,0.34375,NO,,,
0.8773200543232231,9690,4.331443786621094,0.375,NO,,,
0.8773200543232231,9690,4.331443786621094,0.375,NO,,,
0.8773200543232231,9690,4.331443786621094,0.375,NO,,,
0.8773200543232231,9690,4.331443786621094,0.375,NO,,,
0.8773200543232231,9690,4.331443786621094,0.375,NO,,,
0.8773200543232231,9690,4.331443786621094,0.375,NO,,,
0.8773200543232231,9690,4.331443786621094,0.375,NO,,,
0.8773200543232231,9690,4.331443786621094,0.375,NO,,,
0.8773200543232231,9690,4.331443786621094,0.375,NO,,,
0.8773200543232231,9690,4.331443786621094,0.375,NO,,,
0.8782254413761883,9700,5.61848258972168,0.3125,NO,,,
0.8782254413761883,9700,5.61848258972168,0.3125,NO,,,
0.8782254413761883,9700,5.61848258972168,0.3125,NO,,,
0.8782254413761883,9700,5.61848258972168,0.3125,NO,,,
0.8782254413761883,9700,5.61848258972168,0.3125,NO,,,
0.8782254413761883,9700,5.61848258972168,0.3125,NO,,,
0.8782254413761883,9700,5.61848258972168,0.3125,NO,,,
0.8782254413761883,9700,5.61848258972168,0.3125,NO,,,
0.8782254413761883,9700,5.61848258972168,0.3125,NO,,,
0.8782254413761883,9700,5.61848258972168,0.3125,NO,,,
0.8791308284291535,9710,3.6354219913482666,0.375,NO,,,
0.8791308284291535,9710,3.6354219913482666,0.375,NO,,,
0.8791308284291535,9710,3.6354219913482666,0.375,NO,,,
0.8791308284291535,9710,3.6354219913482666,0.375,NO,,,
0.8791308284291535,9710,3.6354219913482666,0.375,NO,,,
0.8791308284291535,9710,3.6354219913482666,0.375,NO,,,
0.8791308284291535,9710,3.6354219913482666,0.375,NO,,,
0.8791308284291535,9710,3.6354219913482666,0.375,NO,,,
0.8791308284291535,9710,3.6354219913482666,0.375,NO,,,
0.8791308284291535,9710,3.6354219913482666,0.375,NO,,,
0.8800362154821186,9720,4.618261814117432,0.40625,NO,,,
0.8800362154821186,9720,4.618261814117432,0.40625,NO,,,
0.8800362154821186,9720,4.618261814117432,0.40625,NO,,,
0.8800362154821186,9720,4.618261814117432,0.40625,NO,,,
0.8800362154821186,9720,4.618261814117432,0.40625,NO,,,
0.8800362154821186,9720,4.618261814117432,0.40625,NO,,,
0.8800362154821186,9720,4.618261814117432,0.40625,NO,,,
0.8800362154821186,9720,4.618261814117432,0.40625,NO,,,
0.8800362154821186,9720,4.618261814117432,0.40625,NO,,,
0.8800362154821186,9720,4.618261814117432,0.40625,NO,,,
0.8809416025350838,9730,2.802478790283203,0.40625,NO,,,
0.8809416025350838,9730,2.802478790283203,0.40625,NO,,,
0.8809416025350838,9730,2.802478790283203,0.40625,NO,,,
0.8809416025350838,9730,2.802478790283203,0.40625,NO,,,
0.8809416025350838,9730,2.802478790283203,0.40625,NO,,,
0.8809416025350838,9730,2.802478790283203,0.40625,NO,,,
0.8809416025350838,9730,2.802478790283203,0.40625,NO,,,
0.8809416025350838,9730,2.802478790283203,0.40625,NO,,,
0.8809416025350838,9730,2.802478790283203,0.40625,NO,,,
0.8809416025350838,9730,2.802478790283203,0.40625,NO,,,
0.8818469895880489,9740,5.240978240966797,0.4375,NO,,,
0.8818469895880489,9740,5.240978240966797,0.4375,NO,,,
0.8818469895880489,9740,5.240978240966797,0.4375,NO,,,
0.8818469895880489,9740,5.240978240966797,0.4375,NO,,,
0.8818469895880489,9740,5.240978240966797,0.4375,NO,,,
0.8818469895880489,9740,5.240978240966797,0.4375,NO,,,
0.8818469895880489,9740,5.240978240966797,0.4375,NO,,,
0.8818469895880489,9740,5.240978240966797,0.4375,NO,,,
0.8818469895880489,9740,5.240978240966797,0.4375,NO,,,
0.8818469895880489,9740,5.240978240966797,0.4375,NO,,,
0.882752376641014,9750,4.639953136444092,0.25,NO,,,
0.882752376641014,9750,4.639953136444092,0.25,NO,,,
0.882752376641014,9750,4.639953136444092,0.25,NO,,,
0.882752376641014,9750,4.639953136444092,0.25,NO,,,
0.882752376641014,9750,4.639953136444092,0.25,NO,,,
0.882752376641014,9750,4.639953136444092,0.25,NO,,,
0.882752376641014,9750,4.639953136444092,0.25,NO,,,
0.882752376641014,9750,4.639953136444092,0.25,NO,,,
0.882752376641014,9750,4.639953136444092,0.25,NO,,,
0.882752376641014,9750,4.639953136444092,0.25,NO,,,
0.8836577636939792,9760,5.080353736877441,0.375,NO,,,
0.8836577636939792,9760,5.080353736877441,0.375,NO,,,
0.8836577636939792,9760,5.080353736877441,0.375,NO,,,
0.8836577636939792,9760,5.080353736877441,0.375,NO,,,
0.8836577636939792,9760,5.080353736877441,0.375,NO,,,
0.8836577636939792,9760,5.080353736877441,0.375,NO,,,
0.8836577636939792,9760,5.080353736877441,0.375,NO,,,
0.8836577636939792,9760,5.080353736877441,0.375,NO,,,
0.8836577636939792,9760,5.080353736877441,0.375,NO,,,
0.8836577636939792,9760,5.080353736877441,0.375,NO,,,
0.8845631507469444,9770,9.635287284851074,0.375,NO,,,
0.8845631507469444,9770,9.635287284851074,0.375,NO,,,
0.8845631507469444,9770,9.635287284851074,0.375,NO,,,
0.8845631507469444,9770,9.635287284851074,0.375,NO,,,
0.8845631507469444,9770,9.635287284851074,0.375,NO,,,
0.8845631507469444,9770,9.635287284851074,0.375,NO,,,
0.8845631507469444,9770,9.635287284851074,0.375,NO,,,
0.8845631507469444,9770,9.635287284851074,0.375,NO,,,
0.8845631507469444,9770,9.635287284851074,0.375,NO,,,
0.8845631507469444,9770,9.635287284851074,0.375,NO,,,
0.8854685377999094,9780,14.4326171875,0.3125,NO,,,
0.8854685377999094,9780,14.4326171875,0.3125,NO,,,
0.8854685377999094,9780,14.4326171875,0.3125,NO,,,
0.8854685377999094,9780,14.4326171875,0.3125,NO,,,
0.8854685377999094,9780,14.4326171875,0.3125,NO,,,
0.8854685377999094,9780,14.4326171875,0.3125,NO,,,
0.8854685377999094,9780,14.4326171875,0.3125,NO,,,
0.8854685377999094,9780,14.4326171875,0.3125,NO,,,
0.8854685377999094,9780,14.4326171875,0.3125,NO,,,
0.8854685377999094,9780,14.4326171875,0.3125,NO,,,
0.8863739248528746,9790,12.166512489318848,0.28125,NO,,,
0.8863739248528746,9790,12.166512489318848,0.28125,NO,,,
0.8863739248528746,9790,12.166512489318848,0.28125,NO,,,
0.8863739248528746,9790,12.166512489318848,0.28125,NO,,,
0.8863739248528746,9790,12.166512489318848,0.28125,NO,,,
0.8863739248528746,9790,12.166512489318848,0.28125,NO,,,
0.8863739248528746,9790,12.166512489318848,0.28125,NO,,,
0.8863739248528746,9790,12.166512489318848,0.28125,NO,,,
0.8863739248528746,9790,12.166512489318848,0.28125,NO,,,
0.8863739248528746,9790,12.166512489318848,0.28125,NO,,,
0.8872793119058398,9800,12.997802734375,0.40625,NO,,,
0.8872793119058398,9800,12.997802734375,0.40625,NO,,,
0.8872793119058398,9800,12.997802734375,0.40625,NO,,,
0.8872793119058398,9800,12.997802734375,0.40625,NO,,,
0.8872793119058398,9800,12.997802734375,0.40625,NO,,,
0.8872793119058398,9800,12.997802734375,0.40625,NO,,,
0.8872793119058398,9800,12.997802734375,0.40625,NO,,,
0.8872793119058398,9800,12.997802734375,0.40625,NO,,,
0.8872793119058398,9800,12.997802734375,0.40625,NO,,,
0.8872793119058398,9800,12.997802734375,0.40625,NO,,,
0.8881846989588049,9810,13.3857421875,0.34375,NO,,,
0.8881846989588049,9810,13.3857421875,0.34375,NO,,,
0.8881846989588049,9810,13.3857421875,0.34375,NO,,,
0.8881846989588049,9810,13.3857421875,0.34375,NO,,,
0.8881846989588049,9810,13.3857421875,0.34375,NO,,,
0.8881846989588049,9810,13.3857421875,0.34375,NO,,,
0.8881846989588049,9810,13.3857421875,0.34375,NO,,,
0.8881846989588049,9810,13.3857421875,0.34375,NO,,,
0.8881846989588049,9810,13.3857421875,0.34375,NO,,,
0.8881846989588049,9810,13.3857421875,0.34375,NO,,,
0.8890900860117701,9820,11.9453125,0.3125,NO,,,
0.8890900860117701,9820,11.9453125,0.3125,NO,,,
0.8890900860117701,9820,11.9453125,0.3125,NO,,,
0.8890900860117701,9820,11.9453125,0.3125,NO,,,
0.8890900860117701,9820,11.9453125,0.3125,NO,,,
0.8890900860117701,9820,11.9453125,0.3125,NO,,,
0.8890900860117701,9820,11.9453125,0.3125,NO,,,
0.8890900860117701,9820,11.9453125,0.3125,NO,,,
0.8890900860117701,9820,11.9453125,0.3125,NO,,,
0.8890900860117701,9820,11.9453125,0.3125,NO,,,
0.8899954730647351,9830,13.2666015625,0.3125,NO,,,
0.8899954730647351,9830,13.2666015625,0.3125,NO,,,
0.8899954730647351,9830,13.2666015625,0.3125,NO,,,
0.8899954730647351,9830,13.2666015625,0.3125,NO,,,
0.8899954730647351,9830,13.2666015625,0.3125,NO,,,
0.8899954730647351,9830,13.2666015625,0.3125,NO,,,
0.8899954730647351,9830,13.2666015625,0.3125,NO,,,
0.8899954730647351,9830,13.2666015625,0.3125,NO,,,
0.8899954730647351,9830,13.2666015625,0.3125,NO,,,
0.8899954730647351,9830,13.2666015625,0.3125,NO,,,
0.8909008601177003,9840,7.572432518005371,0.28125,NO,,,
0.8909008601177003,9840,7.572432518005371,0.28125,NO,,,
0.8909008601177003,9840,7.572432518005371,0.28125,NO,,,
0.8909008601177003,9840,7.572432518005371,0.28125,NO,,,
0.8909008601177003,9840,7.572432518005371,0.28125,NO,,,
0.8909008601177003,9840,7.572432518005371,0.28125,NO,,,
0.8909008601177003,9840,7.572432518005371,0.28125,NO,,,
0.8909008601177003,9840,7.572432518005371,0.28125,NO,,,
0.8909008601177003,9840,7.572432518005371,0.28125,NO,,,
0.8909008601177003,9840,7.572432518005371,0.28125,NO,,,
0.8918062471706655,9850,11.600143432617188,0.34375,NO,,,
0.8918062471706655,9850,11.600143432617188,0.34375,NO,,,
0.8918062471706655,9850,11.600143432617188,0.34375,NO,,,
0.8918062471706655,9850,11.600143432617188,0.34375,NO,,,
0.8918062471706655,9850,11.600143432617188,0.34375,NO,,,
0.8918062471706655,9850,11.600143432617188,0.34375,NO,,,
0.8918062471706655,9850,11.600143432617188,0.34375,NO,,,
0.8918062471706655,9850,11.600143432617188,0.34375,NO,,,
0.8918062471706655,9850,11.600143432617188,0.34375,NO,,,
0.8918062471706655,9850,11.600143432617188,0.34375,NO,,,
0.8927116342236306,9860,11.037617683410645,0.21875,NO,,,
0.8927116342236306,9860,11.037617683410645,0.21875,NO,,,
0.8927116342236306,9860,11.037617683410645,0.21875,NO,,,
0.8927116342236306,9860,11.037617683410645,0.21875,NO,,,
0.8927116342236306,9860,11.037617683410645,0.21875,NO,,,
0.8927116342236306,9860,11.037617683410645,0.21875,NO,,,
0.8927116342236306,9860,11.037617683410645,0.21875,NO,,,
0.8927116342236306,9860,11.037617683410645,0.21875,NO,,,
0.8927116342236306,9860,11.037617683410645,0.21875,NO,,,
0.8927116342236306,9860,11.037617683410645,0.21875,NO,,,
0.8936170212765957,9870,8.62076187133789,0.34375,NO,,,
0.8936170212765957,9870,8.62076187133789,0.34375,NO,,,
0.8936170212765957,9870,8.62076187133789,0.34375,NO,,,
0.8936170212765957,9870,8.62076187133789,0.34375,NO,,,
0.8936170212765957,9870,8.62076187133789,0.34375,NO,,,
0.8936170212765957,9870,8.62076187133789,0.34375,NO,,,
0.8936170212765957,9870,8.62076187133789,0.34375,NO,,,
0.8936170212765957,9870,8.62076187133789,0.34375,NO,,,
0.8936170212765957,9870,8.62076187133789,0.34375,NO,,,
0.8936170212765957,9870,8.62076187133789,0.34375,NO,,,
0.8945224083295609,9880,13.546843528747559,0.1875,NO,,,
0.8945224083295609,9880,13.546843528747559,0.1875,NO,,,
0.8945224083295609,9880,13.546843528747559,0.1875,NO,,,
0.8945224083295609,9880,13.546843528747559,0.1875,NO,,,
0.8945224083295609,9880,13.546843528747559,0.1875,NO,,,
0.8945224083295609,9880,13.546843528747559,0.1875,NO,,,
0.8945224083295609,9880,13.546843528747559,0.1875,NO,,,
0.8945224083295609,9880,13.546843528747559,0.1875,NO,,,
0.8945224083295609,9880,13.546843528747559,0.1875,NO,,,
0.8945224083295609,9880,13.546843528747559,0.1875,NO,,,
0.895427795382526,9890,12.776642799377441,0.28125,NO,,,
0.895427795382526,9890,12.776642799377441,0.28125,NO,,,
0.895427795382526,9890,12.776642799377441,0.28125,NO,,,
0.895427795382526,9890,12.776642799377441,0.28125,NO,,,
0.895427795382526,9890,12.776642799377441,0.28125,NO,,,
0.895427795382526,9890,12.776642799377441,0.28125,NO,,,
0.895427795382526,9890,12.776642799377441,0.28125,NO,,,
0.895427795382526,9890,12.776642799377441,0.28125,NO,,,
0.895427795382526,9890,12.776642799377441,0.28125,NO,,,
0.895427795382526,9890,12.776642799377441,0.28125,NO,,,
0.8963331824354912,9900,9.834519386291504,0.375,NO,,,
0.8963331824354912,9900,9.834519386291504,0.375,NO,,,
0.8963331824354912,9900,9.834519386291504,0.375,NO,,,
0.8963331824354912,9900,9.834519386291504,0.375,NO,,,
0.8963331824354912,9900,9.834519386291504,0.375,NO,,,
0.8963331824354912,9900,9.834519386291504,0.375,NO,,,
0.8963331824354912,9900,9.834519386291504,0.375,NO,,,
0.8963331824354912,9900,9.834519386291504,0.375,NO,,,
0.8963331824354912,9900,9.834519386291504,0.375,NO,,,
0.8963331824354912,9900,9.834519386291504,0.375,NO,,,
0.8972385694884563,9910,10.028306007385254,0.375,NO,,,
0.8972385694884563,9910,10.028306007385254,0.375,NO,,,
0.8972385694884563,9910,10.028306007385254,0.375,NO,,,
0.8972385694884563,9910,10.028306007385254,0.375,NO,,,
0.8972385694884563,9910,10.028306007385254,0.375,NO,,,
0.8972385694884563,9910,10.028306007385254,0.375,NO,,,
0.8972385694884563,9910,10.028306007385254,0.375,NO,,,
0.8972385694884563,9910,10.028306007385254,0.375,NO,,,
0.8972385694884563,9910,10.028306007385254,0.375,NO,,,
0.8972385694884563,9910,10.028306007385254,0.375,NO,,,
0.8981439565414214,9920,8.646044731140137,0.3125,NO,,,
0.8981439565414214,9920,8.646044731140137,0.3125,NO,,,
0.8981439565414214,9920,8.646044731140137,0.3125,NO,,,
0.8981439565414214,9920,8.646044731140137,0.3125,NO,,,
0.8981439565414214,9920,8.646044731140137,0.3125,NO,,,
0.8981439565414214,9920,8.646044731140137,0.3125,NO,,,
0.8981439565414214,9920,8.646044731140137,0.3125,NO,,,
0.8981439565414214,9920,8.646044731140137,0.3125,NO,,,
0.8981439565414214,9920,8.646044731140137,0.3125,NO,,,
0.8981439565414214,9920,8.646044731140137,0.3125,NO,,,
0.8990493435943866,9930,10.099775314331055,0.25,NO,,,
0.8990493435943866,9930,10.099775314331055,0.25,NO,,,
0.8990493435943866,9930,10.099775314331055,0.25,NO,,,
0.8990493435943866,9930,10.099775314331055,0.25,NO,,,
0.8990493435943866,9930,10.099775314331055,0.25,NO,,,
0.8990493435943866,9930,10.099775314331055,0.25,NO,,,
0.8990493435943866,9930,10.099775314331055,0.25,NO,,,
0.8990493435943866,9930,10.099775314331055,0.25,NO,,,
0.8990493435943866,9930,10.099775314331055,0.25,NO,,,
0.8990493435943866,9930,10.099775314331055,0.25,NO,,,
0.8999547306473518,9940,11.590676307678223,0.28125,NO,,,
0.8999547306473518,9940,11.590676307678223,0.28125,NO,,,
0.8999547306473518,9940,11.590676307678223,0.28125,NO,,,
0.8999547306473518,9940,11.590676307678223,0.28125,NO,,,
0.8999547306473518,9940,11.590676307678223,0.28125,NO,,,
0.8999547306473518,9940,11.590676307678223,0.28125,NO,,,
0.8999547306473518,9940,11.590676307678223,0.28125,NO,,,
0.8999547306473518,9940,11.590676307678223,0.28125,NO,,,
0.8999547306473518,9940,11.590676307678223,0.28125,NO,,,
0.8999547306473518,9940,11.590676307678223,0.28125,NO,,,
0.9008601177003169,9950,11.167885780334473,0.28125,NO,,,
0.9008601177003169,9950,11.167885780334473,0.28125,NO,,,
0.9008601177003169,9950,11.167885780334473,0.28125,NO,,,
0.9008601177003169,9950,11.167885780334473,0.28125,NO,,,
0.9008601177003169,9950,11.167885780334473,0.28125,NO,,,
0.9008601177003169,9950,11.167885780334473,0.28125,NO,,,
0.9008601177003169,9950,11.167885780334473,0.28125,NO,,,
0.9008601177003169,9950,11.167885780334473,0.28125,NO,,,
0.9008601177003169,9950,11.167885780334473,0.28125,NO,,,
0.9008601177003169,9950,11.167885780334473,0.28125,NO,,,
0.901765504753282,9960,8.458146095275879,0.375,NO,,,
0.901765504753282,9960,8.458146095275879,0.375,NO,,,
0.901765504753282,9960,8.458146095275879,0.375,NO,,,
0.901765504753282,9960,8.458146095275879,0.375,NO,,,
0.901765504753282,9960,8.458146095275879,0.375,NO,,,
0.901765504753282,9960,8.458146095275879,0.375,NO,,,
0.901765504753282,9960,8.458146095275879,0.375,NO,,,
0.901765504753282,9960,8.458146095275879,0.375,NO,,,
0.901765504753282,9960,8.458146095275879,0.375,NO,,,
0.901765504753282,9960,8.458146095275879,0.375,NO,,,
0.9026708918062472,9970,8.39388656616211,0.28125,NO,,,
0.9026708918062472,9970,8.39388656616211,0.28125,NO,,,
0.9026708918062472,9970,8.39388656616211,0.28125,NO,,,
0.9026708918062472,9970,8.39388656616211,0.28125,NO,,,
0.9026708918062472,9970,8.39388656616211,0.28125,NO,,,
0.9026708918062472,9970,8.39388656616211,0.28125,NO,,,
0.9026708918062472,9970,8.39388656616211,0.28125,NO,,,
0.9026708918062472,9970,8.39388656616211,0.28125,NO,,,
0.9026708918062472,9970,8.39388656616211,0.28125,NO,,,
0.9026708918062472,9970,8.39388656616211,0.28125,NO,,,
0.9035762788592123,9980,5.444953918457031,0.5,NO,,,
0.9035762788592123,9980,5.444953918457031,0.5,NO,,,
0.9035762788592123,9980,5.444953918457031,0.5,NO,,,
0.9035762788592123,9980,5.444953918457031,0.5,NO,,,
0.9035762788592123,9980,5.444953918457031,0.5,NO,,,
0.9035762788592123,9980,5.444953918457031,0.5,NO,,,
0.9035762788592123,9980,5.444953918457031,0.5,NO,,,
0.9035762788592123,9980,5.444953918457031,0.5,NO,,,
0.9035762788592123,9980,5.444953918457031,0.5,NO,,,
0.9035762788592123,9980,5.444953918457031,0.5,NO,,,
0.9044816659121775,9990,5.274999618530273,0.40625,NO,,,
0.9044816659121775,9990,5.274999618530273,0.40625,NO,,,
0.9044816659121775,9990,5.274999618530273,0.40625,NO,,,
0.9044816659121775,9990,5.274999618530273,0.40625,NO,,,
0.9044816659121775,9990,5.274999618530273,0.40625,NO,,,
0.9044816659121775,9990,5.274999618530273,0.40625,NO,,,
0.9044816659121775,9990,5.274999618530273,0.40625,NO,,,
0.9044816659121775,9990,5.274999618530273,0.40625,NO,,,
0.9044816659121775,9990,5.274999618530273,0.40625,NO,,,
0.9044816659121775,9990,5.274999618530273,0.40625,YES,8.507131576538086,0.33501400560224087,6.928549814224243
