epoch,global_step,train_loss,train_acc,eval_ran,eval_loss,eval_acc,eval_loss_avg5
0.0,0,1.186859130859375,0.34375,NO,,,
0.0,0,1.186859130859375,0.34375,NO,,,
0.0,0,1.186859130859375,0.34375,NO,,,
0.0,0,1.186859130859375,0.34375,NO,,,
0.0,0,1.186859130859375,0.34375,NO,,,
0.0,0,1.186859130859375,0.34375,NO,,,
0.0,0,1.186859130859375,0.34375,NO,,,
0.0,0,1.186859130859375,0.34375,NO,,,
0.0,0,1.186859130859375,0.34375,NO,,,
0.0,0,1.186859130859375,0.34375,NO,,,
0.0009053870529651426,10,1.3777084350585938,0.34375,NO,,,
0.0009053870529651426,10,1.3777084350585938,0.34375,NO,,,
0.0009053870529651426,10,1.3777084350585938,0.34375,NO,,,
0.0009053870529651426,10,1.3777084350585938,0.34375,NO,,,
0.0009053870529651426,10,1.3777084350585938,0.34375,NO,,,
0.0009053870529651426,10,1.3777084350585938,0.34375,NO,,,
0.0009053870529651426,10,1.3777084350585938,0.34375,NO,,,
0.0009053870529651426,10,1.3777084350585938,0.34375,NO,,,
0.0009053870529651426,10,1.3777084350585938,0.34375,NO,,,
0.0009053870529651426,10,1.3777084350585938,0.34375,NO,,,
0.0018107741059302852,20,1.453948974609375,0.21875,NO,,,
0.0018107741059302852,20,1.453948974609375,0.21875,NO,,,
0.0018107741059302852,20,1.453948974609375,0.21875,NO,,,
0.0018107741059302852,20,1.453948974609375,0.21875,NO,,,
0.0018107741059302852,20,1.453948974609375,0.21875,NO,,,
0.0018107741059302852,20,1.453948974609375,0.21875,NO,,,
0.0018107741059302852,20,1.453948974609375,0.21875,NO,,,
0.0018107741059302852,20,1.453948974609375,0.21875,NO,,,
0.0018107741059302852,20,1.453948974609375,0.21875,NO,,,
0.0018107741059302852,20,1.453948974609375,0.21875,NO,,,
0.002716161158895428,30,1.4140472412109375,0.40625,NO,,,
0.002716161158895428,30,1.4140472412109375,0.40625,NO,,,
0.002716161158895428,30,1.4140472412109375,0.40625,NO,,,
0.002716161158895428,30,1.4140472412109375,0.40625,NO,,,
0.002716161158895428,30,1.4140472412109375,0.40625,NO,,,
0.002716161158895428,30,1.4140472412109375,0.40625,NO,,,
0.002716161158895428,30,1.4140472412109375,0.40625,NO,,,
0.002716161158895428,30,1.4140472412109375,0.40625,NO,,,
0.002716161158895428,30,1.4140472412109375,0.40625,NO,,,
0.002716161158895428,30,1.4140472412109375,0.40625,NO,,,
0.0036215482118605704,40,1.7492542266845703,0.28125,NO,,,
0.0036215482118605704,40,1.7492542266845703,0.28125,NO,,,
0.0036215482118605704,40,1.7492542266845703,0.28125,NO,,,
0.0036215482118605704,40,1.7492542266845703,0.28125,NO,,,
0.0036215482118605704,40,1.7492542266845703,0.28125,NO,,,
0.0036215482118605704,40,1.7492542266845703,0.28125,NO,,,
0.0036215482118605704,40,1.7492542266845703,0.28125,NO,,,
0.0036215482118605704,40,1.7492542266845703,0.28125,NO,,,
0.0036215482118605704,40,1.7492542266845703,0.28125,NO,,,
0.0036215482118605704,40,1.7492542266845703,0.28125,NO,,,
0.004526935264825713,50,1.2019805908203125,0.34375,NO,,,
0.004526935264825713,50,1.2019805908203125,0.34375,NO,,,
0.004526935264825713,50,1.2019805908203125,0.34375,NO,,,
0.004526935264825713,50,1.2019805908203125,0.34375,NO,,,
0.004526935264825713,50,1.2019805908203125,0.34375,NO,,,
0.004526935264825713,50,1.2019805908203125,0.34375,NO,,,
0.004526935264825713,50,1.2019805908203125,0.34375,NO,,,
0.004526935264825713,50,1.2019805908203125,0.34375,NO,,,
0.004526935264825713,50,1.2019805908203125,0.34375,NO,,,
0.004526935264825713,50,1.2019805908203125,0.34375,NO,,,
0.005432322317790856,60,2.4656906127929688,0.3125,NO,,,
0.005432322317790856,60,2.4656906127929688,0.3125,NO,,,
0.005432322317790856,60,2.4656906127929688,0.3125,NO,,,
0.005432322317790856,60,2.4656906127929688,0.3125,NO,,,
0.005432322317790856,60,2.4656906127929688,0.3125,NO,,,
0.005432322317790856,60,2.4656906127929688,0.3125,NO,,,
0.005432322317790856,60,2.4656906127929688,0.3125,NO,,,
0.005432322317790856,60,2.4656906127929688,0.3125,NO,,,
0.005432322317790856,60,2.4656906127929688,0.3125,NO,,,
0.005432322317790856,60,2.4656906127929688,0.3125,NO,,,
0.006337709370755998,70,1.980722427368164,0.28125,NO,,,
0.006337709370755998,70,1.980722427368164,0.28125,NO,,,
0.006337709370755998,70,1.980722427368164,0.28125,NO,,,
0.006337709370755998,70,1.980722427368164,0.28125,NO,,,
0.006337709370755998,70,1.980722427368164,0.28125,NO,,,
0.006337709370755998,70,1.980722427368164,0.28125,NO,,,
0.006337709370755998,70,1.980722427368164,0.28125,NO,,,
0.006337709370755998,70,1.980722427368164,0.28125,NO,,,
0.006337709370755998,70,1.980722427368164,0.28125,NO,,,
0.006337709370755998,70,1.980722427368164,0.28125,NO,,,
0.007243096423721141,80,2.875028133392334,0.375,NO,,,
0.007243096423721141,80,2.875028133392334,0.375,NO,,,
0.007243096423721141,80,2.875028133392334,0.375,NO,,,
0.007243096423721141,80,2.875028133392334,0.375,NO,,,
0.007243096423721141,80,2.875028133392334,0.375,NO,,,
0.007243096423721141,80,2.875028133392334,0.375,NO,,,
0.007243096423721141,80,2.875028133392334,0.375,NO,,,
0.007243096423721141,80,2.875028133392334,0.375,NO,,,
0.007243096423721141,80,2.875028133392334,0.375,NO,,,
0.007243096423721141,80,2.875028133392334,0.375,NO,,,
0.008148483476686284,90,3.200732707977295,0.375,NO,,,
0.008148483476686284,90,3.200732707977295,0.375,NO,,,
0.008148483476686284,90,3.200732707977295,0.375,NO,,,
0.008148483476686284,90,3.200732707977295,0.375,NO,,,
0.008148483476686284,90,3.200732707977295,0.375,NO,,,
0.008148483476686284,90,3.200732707977295,0.375,NO,,,
0.008148483476686284,90,3.200732707977295,0.375,NO,,,
0.008148483476686284,90,3.200732707977295,0.375,NO,,,
0.008148483476686284,90,3.200732707977295,0.375,NO,,,
0.008148483476686284,90,3.200732707977295,0.375,NO,,,
0.009053870529651425,100,3.1637020111083984,0.1875,NO,,,
0.009053870529651425,100,3.1637020111083984,0.1875,NO,,,
0.009053870529651425,100,3.1637020111083984,0.1875,NO,,,
0.009053870529651425,100,3.1637020111083984,0.1875,NO,,,
0.009053870529651425,100,3.1637020111083984,0.1875,NO,,,
0.009053870529651425,100,3.1637020111083984,0.1875,NO,,,
0.009053870529651425,100,3.1637020111083984,0.1875,NO,,,
0.009053870529651425,100,3.1637020111083984,0.1875,NO,,,
0.009053870529651425,100,3.1637020111083984,0.1875,NO,,,
0.009053870529651425,100,3.1637020111083984,0.1875,NO,,,
0.009959257582616569,110,4.779432773590088,0.25,NO,,,
0.009959257582616569,110,4.779432773590088,0.25,NO,,,
0.009959257582616569,110,4.779432773590088,0.25,NO,,,
0.009959257582616569,110,4.779432773590088,0.25,NO,,,
0.009959257582616569,110,4.779432773590088,0.25,NO,,,
0.009959257582616569,110,4.779432773590088,0.25,NO,,,
0.009959257582616569,110,4.779432773590088,0.25,NO,,,
0.009959257582616569,110,4.779432773590088,0.25,NO,,,
0.009959257582616569,110,4.779432773590088,0.25,NO,,,
0.009959257582616569,110,4.779432773590088,0.25,NO,,,
0.010864644635581712,120,3.8548007011413574,0.3125,NO,,,
0.010864644635581712,120,3.8548007011413574,0.3125,NO,,,
0.010864644635581712,120,3.8548007011413574,0.3125,NO,,,
0.010864644635581712,120,3.8548007011413574,0.3125,NO,,,
0.010864644635581712,120,3.8548007011413574,0.3125,NO,,,
0.010864644635581712,120,3.8548007011413574,0.3125,NO,,,
0.010864644635581712,120,3.8548007011413574,0.3125,NO,,,
0.010864644635581712,120,3.8548007011413574,0.3125,NO,,,
0.010864644635581712,120,3.8548007011413574,0.3125,NO,,,
0.010864644635581712,120,3.8548007011413574,0.3125,NO,,,
0.011770031688546853,130,5.726158142089844,0.21875,NO,,,
0.011770031688546853,130,5.726158142089844,0.21875,NO,,,
0.011770031688546853,130,5.726158142089844,0.21875,NO,,,
0.011770031688546853,130,5.726158142089844,0.21875,NO,,,
0.011770031688546853,130,5.726158142089844,0.21875,NO,,,
0.011770031688546853,130,5.726158142089844,0.21875,NO,,,
0.011770031688546853,130,5.726158142089844,0.21875,NO,,,
0.011770031688546853,130,5.726158142089844,0.21875,NO,,,
0.011770031688546853,130,5.726158142089844,0.21875,NO,,,
0.011770031688546853,130,5.726158142089844,0.21875,NO,,,
0.012675418741511997,140,4.068607330322266,0.375,NO,,,
0.012675418741511997,140,4.068607330322266,0.375,NO,,,
0.012675418741511997,140,4.068607330322266,0.375,NO,,,
0.012675418741511997,140,4.068607330322266,0.375,NO,,,
0.012675418741511997,140,4.068607330322266,0.375,NO,,,
0.012675418741511997,140,4.068607330322266,0.375,NO,,,
0.012675418741511997,140,4.068607330322266,0.375,NO,,,
0.012675418741511997,140,4.068607330322266,0.375,NO,,,
0.012675418741511997,140,4.068607330322266,0.375,NO,,,
0.012675418741511997,140,4.068607330322266,0.375,NO,,,
0.013580805794477138,150,3.304579734802246,0.34375,NO,,,
0.013580805794477138,150,3.304579734802246,0.34375,NO,,,
0.013580805794477138,150,3.304579734802246,0.34375,NO,,,
0.013580805794477138,150,3.304579734802246,0.34375,NO,,,
0.013580805794477138,150,3.304579734802246,0.34375,NO,,,
0.013580805794477138,150,3.304579734802246,0.34375,NO,,,
0.013580805794477138,150,3.304579734802246,0.34375,NO,,,
0.013580805794477138,150,3.304579734802246,0.34375,NO,,,
0.013580805794477138,150,3.304579734802246,0.34375,NO,,,
0.013580805794477138,150,3.304579734802246,0.34375,NO,,,
0.014486192847442281,160,9.550049781799316,0.34375,NO,,,
0.014486192847442281,160,9.550049781799316,0.34375,NO,,,
0.014486192847442281,160,9.550049781799316,0.34375,NO,,,
0.014486192847442281,160,9.550049781799316,0.34375,NO,,,
0.014486192847442281,160,9.550049781799316,0.34375,NO,,,
0.014486192847442281,160,9.550049781799316,0.34375,NO,,,
0.014486192847442281,160,9.550049781799316,0.34375,NO,,,
0.014486192847442281,160,9.550049781799316,0.34375,NO,,,
0.014486192847442281,160,9.550049781799316,0.34375,NO,,,
0.014486192847442281,160,9.550049781799316,0.34375,NO,,,
0.015391579900407425,170,6.2401041984558105,0.3125,NO,,,
0.015391579900407425,170,6.2401041984558105,0.3125,NO,,,
0.015391579900407425,170,6.2401041984558105,0.3125,NO,,,
0.015391579900407425,170,6.2401041984558105,0.3125,NO,,,
0.015391579900407425,170,6.2401041984558105,0.3125,NO,,,
0.015391579900407425,170,6.2401041984558105,0.3125,NO,,,
0.015391579900407425,170,6.2401041984558105,0.3125,NO,,,
0.015391579900407425,170,6.2401041984558105,0.3125,NO,,,
0.015391579900407425,170,6.2401041984558105,0.3125,NO,,,
0.015391579900407425,170,6.2401041984558105,0.3125,NO,,,
0.016296966953372568,180,11.863703727722168,0.34375,NO,,,
0.016296966953372568,180,11.863703727722168,0.34375,NO,,,
0.016296966953372568,180,11.863703727722168,0.34375,NO,,,
0.016296966953372568,180,11.863703727722168,0.34375,NO,,,
0.016296966953372568,180,11.863703727722168,0.34375,NO,,,
0.016296966953372568,180,11.863703727722168,0.34375,NO,,,
0.016296966953372568,180,11.863703727722168,0.34375,NO,,,
0.016296966953372568,180,11.863703727722168,0.34375,NO,,,
0.016296966953372568,180,11.863703727722168,0.34375,NO,,,
0.016296966953372568,180,11.863703727722168,0.34375,NO,,,
0.017202354006337708,190,26.55859375,0.28125,NO,,,
0.017202354006337708,190,26.55859375,0.28125,NO,,,
0.017202354006337708,190,26.55859375,0.28125,NO,,,
0.017202354006337708,190,26.55859375,0.28125,NO,,,
0.017202354006337708,190,26.55859375,0.28125,NO,,,
0.017202354006337708,190,26.55859375,0.28125,NO,,,
0.017202354006337708,190,26.55859375,0.28125,NO,,,
0.017202354006337708,190,26.55859375,0.28125,NO,,,
0.017202354006337708,190,26.55859375,0.28125,NO,,,
0.017202354006337708,190,26.55859375,0.28125,NO,,,
0.01810774105930285,200,13.393312454223633,0.34375,NO,,,
0.01810774105930285,200,13.393312454223633,0.34375,NO,,,
0.01810774105930285,200,13.393312454223633,0.34375,NO,,,
0.01810774105930285,200,13.393312454223633,0.34375,NO,,,
0.01810774105930285,200,13.393312454223633,0.34375,NO,,,
0.01810774105930285,200,13.393312454223633,0.34375,NO,,,
0.01810774105930285,200,13.393312454223633,0.34375,NO,,,
0.01810774105930285,200,13.393312454223633,0.34375,NO,,,
0.01810774105930285,200,13.393312454223633,0.34375,NO,,,
0.01810774105930285,200,13.393312454223633,0.34375,NO,,,
0.019013128112267994,210,12.899418830871582,0.28125,NO,,,
0.019013128112267994,210,12.899418830871582,0.28125,NO,,,
0.019013128112267994,210,12.899418830871582,0.28125,NO,,,
0.019013128112267994,210,12.899418830871582,0.28125,NO,,,
0.019013128112267994,210,12.899418830871582,0.28125,NO,,,
0.019013128112267994,210,12.899418830871582,0.28125,NO,,,
0.019013128112267994,210,12.899418830871582,0.28125,NO,,,
0.019013128112267994,210,12.899418830871582,0.28125,NO,,,
0.019013128112267994,210,12.899418830871582,0.28125,NO,,,
0.019013128112267994,210,12.899418830871582,0.28125,NO,,,
0.019918515165233137,220,3.4577205181121826,0.34375,NO,,,
0.019918515165233137,220,3.4577205181121826,0.34375,NO,,,
0.019918515165233137,220,3.4577205181121826,0.34375,NO,,,
0.019918515165233137,220,3.4577205181121826,0.34375,NO,,,
0.019918515165233137,220,3.4577205181121826,0.34375,NO,,,
0.019918515165233137,220,3.4577205181121826,0.34375,NO,,,
0.019918515165233137,220,3.4577205181121826,0.34375,NO,,,
0.019918515165233137,220,3.4577205181121826,0.34375,NO,,,
0.019918515165233137,220,3.4577205181121826,0.34375,NO,,,
0.019918515165233137,220,3.4577205181121826,0.34375,NO,,,
0.02082390221819828,230,13.52685546875,0.3125,NO,,,
0.02082390221819828,230,13.52685546875,0.3125,NO,,,
0.02082390221819828,230,13.52685546875,0.3125,NO,,,
0.02082390221819828,230,13.52685546875,0.3125,NO,,,
0.02082390221819828,230,13.52685546875,0.3125,NO,,,
0.02082390221819828,230,13.52685546875,0.3125,NO,,,
0.02082390221819828,230,13.52685546875,0.3125,NO,,,
0.02082390221819828,230,13.52685546875,0.3125,NO,,,
0.02082390221819828,230,13.52685546875,0.3125,NO,,,
0.02082390221819828,230,13.52685546875,0.3125,NO,,,
0.021729289271163424,240,12.299808502197266,0.40625,NO,,,
0.021729289271163424,240,12.299808502197266,0.40625,NO,,,
0.021729289271163424,240,12.299808502197266,0.40625,NO,,,
0.021729289271163424,240,12.299808502197266,0.40625,NO,,,
0.021729289271163424,240,12.299808502197266,0.40625,NO,,,
0.021729289271163424,240,12.299808502197266,0.40625,NO,,,
0.021729289271163424,240,12.299808502197266,0.40625,NO,,,
0.021729289271163424,240,12.299808502197266,0.40625,NO,,,
0.021729289271163424,240,12.299808502197266,0.40625,NO,,,
0.021729289271163424,240,12.299808502197266,0.40625,NO,,,
0.022634676324128564,250,2.9033164978027344,0.375,NO,,,
0.022634676324128564,250,2.9033164978027344,0.375,NO,,,
0.022634676324128564,250,2.9033164978027344,0.375,NO,,,
0.022634676324128564,250,2.9033164978027344,0.375,NO,,,
0.022634676324128564,250,2.9033164978027344,0.375,NO,,,
0.022634676324128564,250,2.9033164978027344,0.375,NO,,,
0.022634676324128564,250,2.9033164978027344,0.375,NO,,,
0.022634676324128564,250,2.9033164978027344,0.375,NO,,,
0.022634676324128564,250,2.9033164978027344,0.375,NO,,,
0.022634676324128564,250,2.9033164978027344,0.375,NO,,,
0.023540063377093707,260,2.109315872192383,0.3125,NO,,,
0.023540063377093707,260,2.109315872192383,0.3125,NO,,,
0.023540063377093707,260,2.109315872192383,0.3125,NO,,,
0.023540063377093707,260,2.109315872192383,0.3125,NO,,,
0.023540063377093707,260,2.109315872192383,0.3125,NO,,,
0.023540063377093707,260,2.109315872192383,0.3125,NO,,,
0.023540063377093707,260,2.109315872192383,0.3125,NO,,,
0.023540063377093707,260,2.109315872192383,0.3125,NO,,,
0.023540063377093707,260,2.109315872192383,0.3125,NO,,,
0.023540063377093707,260,2.109315872192383,0.3125,NO,,,
0.02444545043005885,270,35.763671875,0.3125,NO,,,
0.02444545043005885,270,35.763671875,0.3125,NO,,,
0.02444545043005885,270,35.763671875,0.3125,NO,,,
0.02444545043005885,270,35.763671875,0.3125,NO,,,
0.02444545043005885,270,35.763671875,0.3125,NO,,,
0.02444545043005885,270,35.763671875,0.3125,NO,,,
0.02444545043005885,270,35.763671875,0.3125,NO,,,
0.02444545043005885,270,35.763671875,0.3125,NO,,,
0.02444545043005885,270,35.763671875,0.3125,NO,,,
0.02444545043005885,270,35.763671875,0.3125,NO,,,
0.025350837483023993,280,44.4970703125,0.3125,NO,,,
0.025350837483023993,280,44.4970703125,0.3125,NO,,,
0.025350837483023993,280,44.4970703125,0.3125,NO,,,
0.025350837483023993,280,44.4970703125,0.3125,NO,,,
0.025350837483023993,280,44.4970703125,0.3125,NO,,,
0.025350837483023993,280,44.4970703125,0.3125,NO,,,
0.025350837483023993,280,44.4970703125,0.3125,NO,,,
0.025350837483023993,280,44.4970703125,0.3125,NO,,,
0.025350837483023993,280,44.4970703125,0.3125,NO,,,
0.025350837483023993,280,44.4970703125,0.3125,NO,,,
0.026256224535989137,290,66.673828125,0.21875,NO,,,
0.026256224535989137,290,66.673828125,0.21875,NO,,,
0.026256224535989137,290,66.673828125,0.21875,NO,,,
0.026256224535989137,290,66.673828125,0.21875,NO,,,
0.026256224535989137,290,66.673828125,0.21875,NO,,,
0.026256224535989137,290,66.673828125,0.21875,NO,,,
0.026256224535989137,290,66.673828125,0.21875,NO,,,
0.026256224535989137,290,66.673828125,0.21875,NO,,,
0.026256224535989137,290,66.673828125,0.21875,NO,,,
0.026256224535989137,290,66.673828125,0.21875,NO,,,
0.027161611588954276,300,32.3701171875,0.5,NO,,,
0.027161611588954276,300,32.3701171875,0.5,NO,,,
0.027161611588954276,300,32.3701171875,0.5,NO,,,
0.027161611588954276,300,32.3701171875,0.5,NO,,,
0.027161611588954276,300,32.3701171875,0.5,NO,,,
0.027161611588954276,300,32.3701171875,0.5,NO,,,
0.027161611588954276,300,32.3701171875,0.5,NO,,,
0.027161611588954276,300,32.3701171875,0.5,NO,,,
0.027161611588954276,300,32.3701171875,0.5,NO,,,
0.027161611588954276,300,32.3701171875,0.5,NO,,,
0.02806699864191942,310,60.486328125,0.375,NO,,,
0.02806699864191942,310,60.486328125,0.375,NO,,,
0.02806699864191942,310,60.486328125,0.375,NO,,,
0.02806699864191942,310,60.486328125,0.375,NO,,,
0.02806699864191942,310,60.486328125,0.375,NO,,,
0.02806699864191942,310,60.486328125,0.375,NO,,,
0.02806699864191942,310,60.486328125,0.375,NO,,,
0.02806699864191942,310,60.486328125,0.375,NO,,,
0.02806699864191942,310,60.486328125,0.375,NO,,,
0.02806699864191942,310,60.486328125,0.375,NO,,,
0.028972385694884563,320,72.76953125,0.25,NO,,,
0.028972385694884563,320,72.76953125,0.25,NO,,,
0.028972385694884563,320,72.76953125,0.25,NO,,,
0.028972385694884563,320,72.76953125,0.25,NO,,,
0.028972385694884563,320,72.76953125,0.25,NO,,,
0.028972385694884563,320,72.76953125,0.25,NO,,,
0.028972385694884563,320,72.76953125,0.25,NO,,,
0.028972385694884563,320,72.76953125,0.25,NO,,,
0.028972385694884563,320,72.76953125,0.25,NO,,,
0.028972385694884563,320,72.76953125,0.25,NO,,,
0.029877772747849706,330,38.0341796875,0.40625,NO,,,
0.029877772747849706,330,38.0341796875,0.40625,NO,,,
0.029877772747849706,330,38.0341796875,0.40625,NO,,,
0.029877772747849706,330,38.0341796875,0.40625,NO,,,
0.029877772747849706,330,38.0341796875,0.40625,NO,,,
0.029877772747849706,330,38.0341796875,0.40625,NO,,,
0.029877772747849706,330,38.0341796875,0.40625,NO,,,
0.029877772747849706,330,38.0341796875,0.40625,NO,,,
0.029877772747849706,330,38.0341796875,0.40625,NO,,,
0.029877772747849706,330,38.0341796875,0.40625,NO,,,
0.03078315980081485,340,23.1689453125,0.40625,NO,,,
0.03078315980081485,340,23.1689453125,0.40625,NO,,,
0.03078315980081485,340,23.1689453125,0.40625,NO,,,
0.03078315980081485,340,23.1689453125,0.40625,NO,,,
0.03078315980081485,340,23.1689453125,0.40625,NO,,,
0.03078315980081485,340,23.1689453125,0.40625,NO,,,
0.03078315980081485,340,23.1689453125,0.40625,NO,,,
0.03078315980081485,340,23.1689453125,0.40625,NO,,,
0.03078315980081485,340,23.1689453125,0.40625,NO,,,
0.03078315980081485,340,23.1689453125,0.40625,NO,,,
0.03168854685377999,350,43.53857421875,0.09375,NO,,,
0.03168854685377999,350,43.53857421875,0.09375,NO,,,
0.03168854685377999,350,43.53857421875,0.09375,NO,,,
0.03168854685377999,350,43.53857421875,0.09375,NO,,,
0.03168854685377999,350,43.53857421875,0.09375,NO,,,
0.03168854685377999,350,43.53857421875,0.09375,NO,,,
0.03168854685377999,350,43.53857421875,0.09375,NO,,,
0.03168854685377999,350,43.53857421875,0.09375,NO,,,
0.03168854685377999,350,43.53857421875,0.09375,NO,,,
0.03168854685377999,350,43.53857421875,0.09375,NO,,,
0.032593933906745136,360,20.46240234375,0.46875,NO,,,
0.032593933906745136,360,20.46240234375,0.46875,NO,,,
0.032593933906745136,360,20.46240234375,0.46875,NO,,,
0.032593933906745136,360,20.46240234375,0.46875,NO,,,
0.032593933906745136,360,20.46240234375,0.46875,NO,,,
0.032593933906745136,360,20.46240234375,0.46875,NO,,,
0.032593933906745136,360,20.46240234375,0.46875,NO,,,
0.032593933906745136,360,20.46240234375,0.46875,NO,,,
0.032593933906745136,360,20.46240234375,0.46875,NO,,,
0.032593933906745136,360,20.46240234375,0.46875,NO,,,
0.033499320959710276,370,29.4755859375,0.28125,NO,,,
0.033499320959710276,370,29.4755859375,0.28125,NO,,,
0.033499320959710276,370,29.4755859375,0.28125,NO,,,
0.033499320959710276,370,29.4755859375,0.28125,NO,,,
0.033499320959710276,370,29.4755859375,0.28125,NO,,,
0.033499320959710276,370,29.4755859375,0.28125,NO,,,
0.033499320959710276,370,29.4755859375,0.28125,NO,,,
0.033499320959710276,370,29.4755859375,0.28125,NO,,,
0.033499320959710276,370,29.4755859375,0.28125,NO,,,
0.033499320959710276,370,29.4755859375,0.28125,NO,,,
0.034404708012675415,380,51.2900390625,0.34375,NO,,,
0.034404708012675415,380,51.2900390625,0.34375,NO,,,
0.034404708012675415,380,51.2900390625,0.34375,NO,,,
0.034404708012675415,380,51.2900390625,0.34375,NO,,,
0.034404708012675415,380,51.2900390625,0.34375,NO,,,
0.034404708012675415,380,51.2900390625,0.34375,NO,,,
0.034404708012675415,380,51.2900390625,0.34375,NO,,,
0.034404708012675415,380,51.2900390625,0.34375,NO,,,
0.034404708012675415,380,51.2900390625,0.34375,NO,,,
0.034404708012675415,380,51.2900390625,0.34375,NO,,,
0.03531009506564056,390,44.611328125,0.375,NO,,,
0.03531009506564056,390,44.611328125,0.375,NO,,,
0.03531009506564056,390,44.611328125,0.375,NO,,,
0.03531009506564056,390,44.611328125,0.375,NO,,,
0.03531009506564056,390,44.611328125,0.375,NO,,,
0.03531009506564056,390,44.611328125,0.375,NO,,,
0.03531009506564056,390,44.611328125,0.375,NO,,,
0.03531009506564056,390,44.611328125,0.375,NO,,,
0.03531009506564056,390,44.611328125,0.375,NO,,,
0.03531009506564056,390,44.611328125,0.375,NO,,,
0.0362154821186057,400,48.01953125,0.3125,NO,,,
0.0362154821186057,400,48.01953125,0.3125,NO,,,
0.0362154821186057,400,48.01953125,0.3125,NO,,,
0.0362154821186057,400,48.01953125,0.3125,NO,,,
0.0362154821186057,400,48.01953125,0.3125,NO,,,
0.0362154821186057,400,48.01953125,0.3125,NO,,,
0.0362154821186057,400,48.01953125,0.3125,NO,,,
0.0362154821186057,400,48.01953125,0.3125,NO,,,
0.0362154821186057,400,48.01953125,0.3125,NO,,,
0.0362154821186057,400,48.01953125,0.3125,NO,,,
0.03712086917157085,410,23.5224609375,0.28125,NO,,,
0.03712086917157085,410,23.5224609375,0.28125,NO,,,
0.03712086917157085,410,23.5224609375,0.28125,NO,,,
0.03712086917157085,410,23.5224609375,0.28125,NO,,,
0.03712086917157085,410,23.5224609375,0.28125,NO,,,
0.03712086917157085,410,23.5224609375,0.28125,NO,,,
0.03712086917157085,410,23.5224609375,0.28125,NO,,,
0.03712086917157085,410,23.5224609375,0.28125,NO,,,
0.03712086917157085,410,23.5224609375,0.28125,NO,,,
0.03712086917157085,410,23.5224609375,0.28125,NO,,,
0.03802625622453599,420,31.75439453125,0.25,NO,,,
0.03802625622453599,420,31.75439453125,0.25,NO,,,
0.03802625622453599,420,31.75439453125,0.25,NO,,,
0.03802625622453599,420,31.75439453125,0.25,NO,,,
0.03802625622453599,420,31.75439453125,0.25,NO,,,
0.03802625622453599,420,31.75439453125,0.25,NO,,,
0.03802625622453599,420,31.75439453125,0.25,NO,,,
0.03802625622453599,420,31.75439453125,0.25,NO,,,
0.03802625622453599,420,31.75439453125,0.25,NO,,,
0.03802625622453599,420,31.75439453125,0.25,NO,,,
0.038931643277501135,430,71.689453125,0.1875,NO,,,
0.038931643277501135,430,71.689453125,0.1875,NO,,,
0.038931643277501135,430,71.689453125,0.1875,NO,,,
0.038931643277501135,430,71.689453125,0.1875,NO,,,
0.038931643277501135,430,71.689453125,0.1875,NO,,,
0.038931643277501135,430,71.689453125,0.1875,NO,,,
0.038931643277501135,430,71.689453125,0.1875,NO,,,
0.038931643277501135,430,71.689453125,0.1875,NO,,,
0.038931643277501135,430,71.689453125,0.1875,NO,,,
0.038931643277501135,430,71.689453125,0.1875,NO,,,
0.039837030330466275,440,nan,0.3125,NO,,,
0.039837030330466275,440,nan,0.3125,NO,,,
0.039837030330466275,440,nan,0.3125,NO,,,
0.039837030330466275,440,nan,0.3125,NO,,,
0.039837030330466275,440,nan,0.3125,NO,,,
0.039837030330466275,440,nan,0.3125,NO,,,
0.039837030330466275,440,nan,0.3125,NO,,,
0.039837030330466275,440,nan,0.3125,NO,,,
0.039837030330466275,440,nan,0.3125,NO,,,
0.039837030330466275,440,nan,0.3125,NO,,,
0.040742417383431415,450,1.0986328125,0.28125,NO,,,
0.040742417383431415,450,1.0986328125,0.28125,NO,,,
0.040742417383431415,450,1.0986328125,0.28125,NO,,,
0.040742417383431415,450,1.0986328125,0.28125,NO,,,
0.040742417383431415,450,1.0986328125,0.28125,NO,,,
0.040742417383431415,450,1.0986328125,0.28125,NO,,,
0.040742417383431415,450,1.0986328125,0.28125,NO,,,
0.040742417383431415,450,1.0986328125,0.28125,NO,,,
0.040742417383431415,450,1.0986328125,0.28125,NO,,,
0.040742417383431415,450,1.0986328125,0.28125,NO,,,
0.04164780443639656,460,1.0986328125,0.40625,NO,,,
0.04164780443639656,460,1.0986328125,0.40625,NO,,,
0.04164780443639656,460,1.0986328125,0.40625,NO,,,
0.04164780443639656,460,1.0986328125,0.40625,NO,,,
0.04164780443639656,460,1.0986328125,0.40625,NO,,,
0.04164780443639656,460,1.0986328125,0.40625,NO,,,
0.04164780443639656,460,1.0986328125,0.40625,NO,,,
0.04164780443639656,460,1.0986328125,0.40625,NO,,,
0.04164780443639656,460,1.0986328125,0.40625,NO,,,
0.04164780443639656,460,1.0986328125,0.40625,NO,,,
0.0425531914893617,470,1.0986328125,0.3125,NO,,,
0.0425531914893617,470,1.0986328125,0.3125,NO,,,
0.0425531914893617,470,1.0986328125,0.3125,NO,,,
0.0425531914893617,470,1.0986328125,0.3125,NO,,,
0.0425531914893617,470,1.0986328125,0.3125,NO,,,
0.0425531914893617,470,1.0986328125,0.3125,NO,,,
0.0425531914893617,470,1.0986328125,0.3125,NO,,,
0.0425531914893617,470,1.0986328125,0.3125,NO,,,
0.0425531914893617,470,1.0986328125,0.3125,NO,,,
0.0425531914893617,470,1.0986328125,0.3125,NO,,,
0.04345857854232685,480,1.0986328125,0.3125,NO,,,
0.04345857854232685,480,1.0986328125,0.3125,NO,,,
0.04345857854232685,480,1.0986328125,0.3125,NO,,,
0.04345857854232685,480,1.0986328125,0.3125,NO,,,
0.04345857854232685,480,1.0986328125,0.3125,NO,,,
0.04345857854232685,480,1.0986328125,0.3125,NO,,,
0.04345857854232685,480,1.0986328125,0.3125,NO,,,
0.04345857854232685,480,1.0986328125,0.3125,NO,,,
0.04345857854232685,480,1.0986328125,0.3125,NO,,,
0.04345857854232685,480,1.0986328125,0.3125,NO,,,
0.04436396559529199,490,1.0986328125,0.5,NO,,,
0.04436396559529199,490,1.0986328125,0.5,NO,,,
0.04436396559529199,490,1.0986328125,0.5,NO,,,
0.04436396559529199,490,1.0986328125,0.5,NO,,,
0.04436396559529199,490,1.0986328125,0.5,NO,,,
0.04436396559529199,490,1.0986328125,0.5,NO,,,
0.04436396559529199,490,1.0986328125,0.5,NO,,,
0.04436396559529199,490,1.0986328125,0.5,NO,,,
0.04436396559529199,490,1.0986328125,0.5,NO,,,
0.04436396559529199,490,1.0986328125,0.5,NO,,,
0.04526935264825713,500,1.0986328125,0.34375,NO,,,
0.04526935264825713,500,1.0986328125,0.34375,NO,,,
0.04526935264825713,500,1.0986328125,0.34375,NO,,,
0.04526935264825713,500,1.0986328125,0.34375,NO,,,
0.04526935264825713,500,1.0986328125,0.34375,NO,,,
0.04526935264825713,500,1.0986328125,0.34375,NO,,,
0.04526935264825713,500,1.0986328125,0.34375,NO,,,
0.04526935264825713,500,1.0986328125,0.34375,NO,,,
0.04526935264825713,500,1.0986328125,0.34375,NO,,,
0.04526935264825713,500,1.0986328125,0.34375,NO,,,
0.046174739701222274,510,1.0986328125,0.40625,NO,,,
0.046174739701222274,510,1.0986328125,0.40625,NO,,,
0.046174739701222274,510,1.0986328125,0.40625,NO,,,
0.046174739701222274,510,1.0986328125,0.40625,NO,,,
0.046174739701222274,510,1.0986328125,0.40625,NO,,,
0.046174739701222274,510,1.0986328125,0.40625,NO,,,
0.046174739701222274,510,1.0986328125,0.40625,NO,,,
0.046174739701222274,510,1.0986328125,0.40625,NO,,,
0.046174739701222274,510,1.0986328125,0.40625,NO,,,
0.046174739701222274,510,1.0986328125,0.40625,NO,,,
0.047080126754187414,520,1.0986328125,0.375,NO,,,
0.047080126754187414,520,1.0986328125,0.375,NO,,,
0.047080126754187414,520,1.0986328125,0.375,NO,,,
0.047080126754187414,520,1.0986328125,0.375,NO,,,
0.047080126754187414,520,1.0986328125,0.375,NO,,,
0.047080126754187414,520,1.0986328125,0.375,NO,,,
0.047080126754187414,520,1.0986328125,0.375,NO,,,
0.047080126754187414,520,1.0986328125,0.375,NO,,,
0.047080126754187414,520,1.0986328125,0.375,NO,,,
0.047080126754187414,520,1.0986328125,0.375,NO,,,
0.04798551380715256,530,1.098876953125,0.40625,NO,,,
0.04798551380715256,530,1.098876953125,0.40625,NO,,,
0.04798551380715256,530,1.098876953125,0.40625,NO,,,
0.04798551380715256,530,1.098876953125,0.40625,NO,,,
0.04798551380715256,530,1.098876953125,0.40625,NO,,,
0.04798551380715256,530,1.098876953125,0.40625,NO,,,
0.04798551380715256,530,1.098876953125,0.40625,NO,,,
0.04798551380715256,530,1.098876953125,0.40625,NO,,,
0.04798551380715256,530,1.098876953125,0.40625,NO,,,
0.04798551380715256,530,1.098876953125,0.40625,NO,,,
0.0488909008601177,540,1.09869384765625,0.34375,NO,,,
0.0488909008601177,540,1.09869384765625,0.34375,NO,,,
0.0488909008601177,540,1.09869384765625,0.34375,NO,,,
0.0488909008601177,540,1.09869384765625,0.34375,NO,,,
0.0488909008601177,540,1.09869384765625,0.34375,NO,,,
0.0488909008601177,540,1.09869384765625,0.34375,NO,,,
0.0488909008601177,540,1.09869384765625,0.34375,NO,,,
0.0488909008601177,540,1.09869384765625,0.34375,NO,,,
0.0488909008601177,540,1.09869384765625,0.34375,NO,,,
0.0488909008601177,540,1.09869384765625,0.34375,NO,,,
0.04979628791308284,550,1.0986328125,0.25,NO,,,
0.04979628791308284,550,1.0986328125,0.25,NO,,,
0.04979628791308284,550,1.0986328125,0.25,NO,,,
0.04979628791308284,550,1.0986328125,0.25,NO,,,
0.04979628791308284,550,1.0986328125,0.25,NO,,,
0.04979628791308284,550,1.0986328125,0.25,NO,,,
0.04979628791308284,550,1.0986328125,0.25,NO,,,
0.04979628791308284,550,1.0986328125,0.25,NO,,,
0.04979628791308284,550,1.0986328125,0.25,NO,,,
0.04979628791308284,550,1.0986328125,0.25,NO,,,
0.05070167496604799,560,1.0986328125,0.28125,NO,,,
0.05070167496604799,560,1.0986328125,0.28125,NO,,,
0.05070167496604799,560,1.0986328125,0.28125,NO,,,
0.05070167496604799,560,1.0986328125,0.28125,NO,,,
0.05070167496604799,560,1.0986328125,0.28125,NO,,,
0.05070167496604799,560,1.0986328125,0.28125,NO,,,
0.05070167496604799,560,1.0986328125,0.28125,NO,,,
0.05070167496604799,560,1.0986328125,0.28125,NO,,,
0.05070167496604799,560,1.0986328125,0.28125,NO,,,
0.05070167496604799,560,1.0986328125,0.28125,NO,,,
0.05160706201901313,570,1.0986328125,0.34375,NO,,,
0.05160706201901313,570,1.0986328125,0.34375,NO,,,
0.05160706201901313,570,1.0986328125,0.34375,NO,,,
0.05160706201901313,570,1.0986328125,0.34375,NO,,,
0.05160706201901313,570,1.0986328125,0.34375,NO,,,
0.05160706201901313,570,1.0986328125,0.34375,NO,,,
0.05160706201901313,570,1.0986328125,0.34375,NO,,,
0.05160706201901313,570,1.0986328125,0.34375,NO,,,
0.05160706201901313,570,1.0986328125,0.34375,NO,,,
0.05160706201901313,570,1.0986328125,0.34375,NO,,,
0.05251244907197827,580,1.09906005859375,0.34375,NO,,,
0.05251244907197827,580,1.09906005859375,0.34375,NO,,,
0.05251244907197827,580,1.09906005859375,0.34375,NO,,,
0.05251244907197827,580,1.09906005859375,0.34375,NO,,,
0.05251244907197827,580,1.09906005859375,0.34375,NO,,,
0.05251244907197827,580,1.09906005859375,0.34375,NO,,,
0.05251244907197827,580,1.09906005859375,0.34375,NO,,,
0.05251244907197827,580,1.09906005859375,0.34375,NO,,,
0.05251244907197827,580,1.09906005859375,0.34375,NO,,,
0.05251244907197827,580,1.09906005859375,0.34375,NO,,,
0.05341783612494341,590,1.0989990234375,0.3125,NO,,,
0.05341783612494341,590,1.0989990234375,0.3125,NO,,,
0.05341783612494341,590,1.0989990234375,0.3125,NO,,,
0.05341783612494341,590,1.0989990234375,0.3125,NO,,,
0.05341783612494341,590,1.0989990234375,0.3125,NO,,,
0.05341783612494341,590,1.0989990234375,0.3125,NO,,,
0.05341783612494341,590,1.0989990234375,0.3125,NO,,,
0.05341783612494341,590,1.0989990234375,0.3125,NO,,,
0.05341783612494341,590,1.0989990234375,0.3125,NO,,,
0.05341783612494341,590,1.0989990234375,0.3125,NO,,,
0.05432322317790855,600,1.09832763671875,0.3125,NO,,,
0.05432322317790855,600,1.09832763671875,0.3125,NO,,,
0.05432322317790855,600,1.09832763671875,0.3125,NO,,,
0.05432322317790855,600,1.09832763671875,0.3125,NO,,,
0.05432322317790855,600,1.09832763671875,0.3125,NO,,,
0.05432322317790855,600,1.09832763671875,0.3125,NO,,,
0.05432322317790855,600,1.09832763671875,0.3125,NO,,,
0.05432322317790855,600,1.09832763671875,0.3125,NO,,,
0.05432322317790855,600,1.09832763671875,0.3125,NO,,,
0.05432322317790855,600,1.09832763671875,0.3125,NO,,,
0.0552286102308737,610,1.0985107421875,0.375,NO,,,
0.0552286102308737,610,1.0985107421875,0.375,NO,,,
0.0552286102308737,610,1.0985107421875,0.375,NO,,,
0.0552286102308737,610,1.0985107421875,0.375,NO,,,
0.0552286102308737,610,1.0985107421875,0.375,NO,,,
0.0552286102308737,610,1.0985107421875,0.375,NO,,,
0.0552286102308737,610,1.0985107421875,0.375,NO,,,
0.0552286102308737,610,1.0985107421875,0.375,NO,,,
0.0552286102308737,610,1.0985107421875,0.375,NO,,,
0.0552286102308737,610,1.0985107421875,0.375,NO,,,
0.05613399728383884,620,1.0986328125,0.40625,NO,,,
0.05613399728383884,620,1.0986328125,0.40625,NO,,,
0.05613399728383884,620,1.0986328125,0.40625,NO,,,
0.05613399728383884,620,1.0986328125,0.40625,NO,,,
0.05613399728383884,620,1.0986328125,0.40625,NO,,,
0.05613399728383884,620,1.0986328125,0.40625,NO,,,
0.05613399728383884,620,1.0986328125,0.40625,NO,,,
0.05613399728383884,620,1.0986328125,0.40625,NO,,,
0.05613399728383884,620,1.0986328125,0.40625,NO,,,
0.05613399728383884,620,1.0986328125,0.40625,NO,,,
0.057039384336803986,630,1.09832763671875,0.46875,NO,,,
0.057039384336803986,630,1.09832763671875,0.46875,NO,,,
0.057039384336803986,630,1.09832763671875,0.46875,NO,,,
0.057039384336803986,630,1.09832763671875,0.46875,NO,,,
0.057039384336803986,630,1.09832763671875,0.46875,NO,,,
0.057039384336803986,630,1.09832763671875,0.46875,NO,,,
0.057039384336803986,630,1.09832763671875,0.46875,NO,,,
0.057039384336803986,630,1.09832763671875,0.46875,NO,,,
0.057039384336803986,630,1.09832763671875,0.46875,NO,,,
0.057039384336803986,630,1.09832763671875,0.46875,NO,,,
0.057944771389769126,640,1.0987548828125,0.25,NO,,,
0.057944771389769126,640,1.0987548828125,0.25,NO,,,
0.057944771389769126,640,1.0987548828125,0.25,NO,,,
0.057944771389769126,640,1.0987548828125,0.25,NO,,,
0.057944771389769126,640,1.0987548828125,0.25,NO,,,
0.057944771389769126,640,1.0987548828125,0.25,NO,,,
0.057944771389769126,640,1.0987548828125,0.25,NO,,,
0.057944771389769126,640,1.0987548828125,0.25,NO,,,
0.057944771389769126,640,1.0987548828125,0.25,NO,,,
0.057944771389769126,640,1.0987548828125,0.25,NO,,,
0.058850158442734266,650,1.098602294921875,0.28125,NO,,,
0.058850158442734266,650,1.098602294921875,0.28125,NO,,,
0.058850158442734266,650,1.098602294921875,0.28125,NO,,,
0.058850158442734266,650,1.098602294921875,0.28125,NO,,,
0.058850158442734266,650,1.098602294921875,0.28125,NO,,,
0.058850158442734266,650,1.098602294921875,0.28125,NO,,,
0.058850158442734266,650,1.098602294921875,0.28125,NO,,,
0.058850158442734266,650,1.098602294921875,0.28125,NO,,,
0.058850158442734266,650,1.098602294921875,0.28125,NO,,,
0.058850158442734266,650,1.098602294921875,0.28125,NO,,,
0.05975554549569941,660,1.098541259765625,0.3125,NO,,,
0.05975554549569941,660,1.098541259765625,0.3125,NO,,,
0.05975554549569941,660,1.098541259765625,0.3125,NO,,,
0.05975554549569941,660,1.098541259765625,0.3125,NO,,,
0.05975554549569941,660,1.098541259765625,0.3125,NO,,,
0.05975554549569941,660,1.098541259765625,0.3125,NO,,,
0.05975554549569941,660,1.098541259765625,0.3125,NO,,,
0.05975554549569941,660,1.098541259765625,0.3125,NO,,,
0.05975554549569941,660,1.098541259765625,0.3125,NO,,,
0.05975554549569941,660,1.098541259765625,0.3125,NO,,,
0.06066093254866455,670,1.098388671875,0.34375,NO,,,
0.06066093254866455,670,1.098388671875,0.34375,NO,,,
0.06066093254866455,670,1.098388671875,0.34375,NO,,,
0.06066093254866455,670,1.098388671875,0.34375,NO,,,
0.06066093254866455,670,1.098388671875,0.34375,NO,,,
0.06066093254866455,670,1.098388671875,0.34375,NO,,,
0.06066093254866455,670,1.098388671875,0.34375,NO,,,
0.06066093254866455,670,1.098388671875,0.34375,NO,,,
0.06066093254866455,670,1.098388671875,0.34375,NO,,,
0.06066093254866455,670,1.098388671875,0.34375,NO,,,
0.0615663196016297,680,1.09814453125,0.40625,NO,,,
0.0615663196016297,680,1.09814453125,0.40625,NO,,,
0.0615663196016297,680,1.09814453125,0.40625,NO,,,
0.0615663196016297,680,1.09814453125,0.40625,NO,,,
0.0615663196016297,680,1.09814453125,0.40625,NO,,,
0.0615663196016297,680,1.09814453125,0.40625,NO,,,
0.0615663196016297,680,1.09814453125,0.40625,NO,,,
0.0615663196016297,680,1.09814453125,0.40625,NO,,,
0.0615663196016297,680,1.09814453125,0.40625,NO,,,
0.0615663196016297,680,1.09814453125,0.40625,NO,,,
0.06247170665459484,690,1.098724365234375,0.28125,NO,,,
0.06247170665459484,690,1.098724365234375,0.28125,NO,,,
0.06247170665459484,690,1.098724365234375,0.28125,NO,,,
0.06247170665459484,690,1.098724365234375,0.28125,NO,,,
0.06247170665459484,690,1.098724365234375,0.28125,NO,,,
0.06247170665459484,690,1.098724365234375,0.28125,NO,,,
0.06247170665459484,690,1.098724365234375,0.28125,NO,,,
0.06247170665459484,690,1.098724365234375,0.28125,NO,,,
0.06247170665459484,690,1.098724365234375,0.28125,NO,,,
0.06247170665459484,690,1.098724365234375,0.28125,NO,,,
0.06337709370755998,700,1.09814453125,0.34375,NO,,,
0.06337709370755998,700,1.09814453125,0.34375,NO,,,
0.06337709370755998,700,1.09814453125,0.34375,NO,,,
0.06337709370755998,700,1.09814453125,0.34375,NO,,,
0.06337709370755998,700,1.09814453125,0.34375,NO,,,
0.06337709370755998,700,1.09814453125,0.34375,NO,,,
0.06337709370755998,700,1.09814453125,0.34375,NO,,,
0.06337709370755998,700,1.09814453125,0.34375,NO,,,
0.06337709370755998,700,1.09814453125,0.34375,NO,,,
0.06337709370755998,700,1.09814453125,0.34375,NO,,,
0.06428248076052512,710,1.0986328125,0.1875,NO,,,
0.06428248076052512,710,1.0986328125,0.1875,NO,,,
0.06428248076052512,710,1.0986328125,0.1875,NO,,,
0.06428248076052512,710,1.0986328125,0.1875,NO,,,
0.06428248076052512,710,1.0986328125,0.1875,NO,,,
0.06428248076052512,710,1.0986328125,0.1875,NO,,,
0.06428248076052512,710,1.0986328125,0.1875,NO,,,
0.06428248076052512,710,1.0986328125,0.1875,NO,,,
0.06428248076052512,710,1.0986328125,0.1875,NO,,,
0.06428248076052512,710,1.0986328125,0.1875,NO,,,
0.06518786781349027,720,1.098480224609375,0.28125,NO,,,
0.06518786781349027,720,1.098480224609375,0.28125,NO,,,
0.06518786781349027,720,1.098480224609375,0.28125,NO,,,
0.06518786781349027,720,1.098480224609375,0.28125,NO,,,
0.06518786781349027,720,1.098480224609375,0.28125,NO,,,
0.06518786781349027,720,1.098480224609375,0.28125,NO,,,
0.06518786781349027,720,1.098480224609375,0.28125,NO,,,
0.06518786781349027,720,1.098480224609375,0.28125,NO,,,
0.06518786781349027,720,1.098480224609375,0.28125,NO,,,
0.06518786781349027,720,1.098480224609375,0.28125,NO,,,
0.06609325486645541,730,1.098419189453125,0.28125,NO,,,
0.06609325486645541,730,1.098419189453125,0.28125,NO,,,
0.06609325486645541,730,1.098419189453125,0.28125,NO,,,
0.06609325486645541,730,1.098419189453125,0.28125,NO,,,
0.06609325486645541,730,1.098419189453125,0.28125,NO,,,
0.06609325486645541,730,1.098419189453125,0.28125,NO,,,
0.06609325486645541,730,1.098419189453125,0.28125,NO,,,
0.06609325486645541,730,1.098419189453125,0.28125,NO,,,
0.06609325486645541,730,1.098419189453125,0.28125,NO,,,
0.06609325486645541,730,1.098419189453125,0.28125,NO,,,
0.06699864191942055,740,1.098785400390625,0.25,NO,,,
0.06699864191942055,740,1.098785400390625,0.25,NO,,,
0.06699864191942055,740,1.098785400390625,0.25,NO,,,
0.06699864191942055,740,1.098785400390625,0.25,NO,,,
0.06699864191942055,740,1.098785400390625,0.25,NO,,,
0.06699864191942055,740,1.098785400390625,0.25,NO,,,
0.06699864191942055,740,1.098785400390625,0.25,NO,,,
0.06699864191942055,740,1.098785400390625,0.25,NO,,,
0.06699864191942055,740,1.098785400390625,0.25,NO,,,
0.06699864191942055,740,1.098785400390625,0.25,NO,,,
0.06790402897238569,750,1.0985107421875,0.25,NO,,,
0.06790402897238569,750,1.0985107421875,0.25,NO,,,
0.06790402897238569,750,1.0985107421875,0.25,NO,,,
0.06790402897238569,750,1.0985107421875,0.25,NO,,,
0.06790402897238569,750,1.0985107421875,0.25,NO,,,
0.06790402897238569,750,1.0985107421875,0.25,NO,,,
0.06790402897238569,750,1.0985107421875,0.25,NO,,,
0.06790402897238569,750,1.0985107421875,0.25,NO,,,
0.06790402897238569,750,1.0985107421875,0.25,NO,,,
0.06790402897238569,750,1.0985107421875,0.25,NO,,,
0.06880941602535083,760,1.0987548828125,0.25,NO,,,
0.06880941602535083,760,1.0987548828125,0.25,NO,,,
0.06880941602535083,760,1.0987548828125,0.25,NO,,,
0.06880941602535083,760,1.0987548828125,0.25,NO,,,
0.06880941602535083,760,1.0987548828125,0.25,NO,,,
0.06880941602535083,760,1.0987548828125,0.25,NO,,,
0.06880941602535083,760,1.0987548828125,0.25,NO,,,
0.06880941602535083,760,1.0987548828125,0.25,NO,,,
0.06880941602535083,760,1.0987548828125,0.25,NO,,,
0.06880941602535083,760,1.0987548828125,0.25,NO,,,
0.06971480307831598,770,1.09814453125,0.46875,NO,,,
0.06971480307831598,770,1.09814453125,0.46875,NO,,,
0.06971480307831598,770,1.09814453125,0.46875,NO,,,
0.06971480307831598,770,1.09814453125,0.46875,NO,,,
0.06971480307831598,770,1.09814453125,0.46875,NO,,,
0.06971480307831598,770,1.09814453125,0.46875,NO,,,
0.06971480307831598,770,1.09814453125,0.46875,NO,,,
0.06971480307831598,770,1.09814453125,0.46875,NO,,,
0.06971480307831598,770,1.09814453125,0.46875,NO,,,
0.06971480307831598,770,1.09814453125,0.46875,NO,,,
0.07062019013128112,780,1.09832763671875,0.40625,NO,,,
0.07062019013128112,780,1.09832763671875,0.40625,NO,,,
0.07062019013128112,780,1.09832763671875,0.40625,NO,,,
0.07062019013128112,780,1.09832763671875,0.40625,NO,,,
0.07062019013128112,780,1.09832763671875,0.40625,NO,,,
0.07062019013128112,780,1.09832763671875,0.40625,NO,,,
0.07062019013128112,780,1.09832763671875,0.40625,NO,,,
0.07062019013128112,780,1.09832763671875,0.40625,NO,,,
0.07062019013128112,780,1.09832763671875,0.40625,NO,,,
0.07062019013128112,780,1.09832763671875,0.40625,NO,,,
0.07152557718424626,790,1.098785400390625,0.28125,NO,,,
0.07152557718424626,790,1.098785400390625,0.28125,NO,,,
0.07152557718424626,790,1.098785400390625,0.28125,NO,,,
0.07152557718424626,790,1.098785400390625,0.28125,NO,,,
0.07152557718424626,790,1.098785400390625,0.28125,NO,,,
0.07152557718424626,790,1.098785400390625,0.28125,NO,,,
0.07152557718424626,790,1.098785400390625,0.28125,NO,,,
0.07152557718424626,790,1.098785400390625,0.28125,NO,,,
0.07152557718424626,790,1.098785400390625,0.28125,NO,,,
0.07152557718424626,790,1.098785400390625,0.28125,NO,,,
0.0724309642372114,800,1.09869384765625,0.3125,NO,,,
0.0724309642372114,800,1.09869384765625,0.3125,NO,,,
0.0724309642372114,800,1.09869384765625,0.3125,NO,,,
0.0724309642372114,800,1.09869384765625,0.3125,NO,,,
0.0724309642372114,800,1.09869384765625,0.3125,NO,,,
0.0724309642372114,800,1.09869384765625,0.3125,NO,,,
0.0724309642372114,800,1.09869384765625,0.3125,NO,,,
0.0724309642372114,800,1.09869384765625,0.3125,NO,,,
0.0724309642372114,800,1.09869384765625,0.3125,NO,,,
0.0724309642372114,800,1.09869384765625,0.3125,NO,,,
0.07333635129017656,810,1.0982666015625,0.40625,NO,,,
0.07333635129017656,810,1.0982666015625,0.40625,NO,,,
0.07333635129017656,810,1.0982666015625,0.40625,NO,,,
0.07333635129017656,810,1.0982666015625,0.40625,NO,,,
0.07333635129017656,810,1.0982666015625,0.40625,NO,,,
0.07333635129017656,810,1.0982666015625,0.40625,NO,,,
0.07333635129017656,810,1.0982666015625,0.40625,NO,,,
0.07333635129017656,810,1.0982666015625,0.40625,NO,,,
0.07333635129017656,810,1.0982666015625,0.40625,NO,,,
0.07333635129017656,810,1.0982666015625,0.40625,NO,,,
0.0742417383431417,820,1.0985107421875,0.34375,NO,,,
0.0742417383431417,820,1.0985107421875,0.34375,NO,,,
0.0742417383431417,820,1.0985107421875,0.34375,NO,,,
0.0742417383431417,820,1.0985107421875,0.34375,NO,,,
0.0742417383431417,820,1.0985107421875,0.34375,NO,,,
0.0742417383431417,820,1.0985107421875,0.34375,NO,,,
0.0742417383431417,820,1.0985107421875,0.34375,NO,,,
0.0742417383431417,820,1.0985107421875,0.34375,NO,,,
0.0742417383431417,820,1.0985107421875,0.34375,NO,,,
0.0742417383431417,820,1.0985107421875,0.34375,NO,,,
0.07514712539610684,830,1.098876953125,0.25,NO,,,
0.07514712539610684,830,1.098876953125,0.25,NO,,,
0.07514712539610684,830,1.098876953125,0.25,NO,,,
0.07514712539610684,830,1.098876953125,0.25,NO,,,
0.07514712539610684,830,1.098876953125,0.25,NO,,,
0.07514712539610684,830,1.098876953125,0.25,NO,,,
0.07514712539610684,830,1.098876953125,0.25,NO,,,
0.07514712539610684,830,1.098876953125,0.25,NO,,,
0.07514712539610684,830,1.098876953125,0.25,NO,,,
0.07514712539610684,830,1.098876953125,0.25,NO,,,
0.07605251244907198,840,1.0977783203125,0.5,NO,,,
0.07605251244907198,840,1.0977783203125,0.5,NO,,,
0.07605251244907198,840,1.0977783203125,0.5,NO,,,
0.07605251244907198,840,1.0977783203125,0.5,NO,,,
0.07605251244907198,840,1.0977783203125,0.5,NO,,,
0.07605251244907198,840,1.0977783203125,0.5,NO,,,
0.07605251244907198,840,1.0977783203125,0.5,NO,,,
0.07605251244907198,840,1.0977783203125,0.5,NO,,,
0.07605251244907198,840,1.0977783203125,0.5,NO,,,
0.07605251244907198,840,1.0977783203125,0.5,NO,,,
0.07695789950203712,850,1.09893798828125,0.25,NO,,,
0.07695789950203712,850,1.09893798828125,0.25,NO,,,
0.07695789950203712,850,1.09893798828125,0.25,NO,,,
0.07695789950203712,850,1.09893798828125,0.25,NO,,,
0.07695789950203712,850,1.09893798828125,0.25,NO,,,
0.07695789950203712,850,1.09893798828125,0.25,NO,,,
0.07695789950203712,850,1.09893798828125,0.25,NO,,,
0.07695789950203712,850,1.09893798828125,0.25,NO,,,
0.07695789950203712,850,1.09893798828125,0.25,NO,,,
0.07695789950203712,850,1.09893798828125,0.25,NO,,,
0.07786328655500227,860,1.098358154296875,0.34375,NO,,,
0.07786328655500227,860,1.098358154296875,0.34375,NO,,,
0.07786328655500227,860,1.098358154296875,0.34375,NO,,,
0.07786328655500227,860,1.098358154296875,0.34375,NO,,,
0.07786328655500227,860,1.098358154296875,0.34375,NO,,,
0.07786328655500227,860,1.098358154296875,0.34375,NO,,,
0.07786328655500227,860,1.098358154296875,0.34375,NO,,,
0.07786328655500227,860,1.098358154296875,0.34375,NO,,,
0.07786328655500227,860,1.098358154296875,0.34375,NO,,,
0.07786328655500227,860,1.098358154296875,0.34375,NO,,,
0.07876867360796741,870,1.09844970703125,0.28125,NO,,,
0.07876867360796741,870,1.09844970703125,0.28125,NO,,,
0.07876867360796741,870,1.09844970703125,0.28125,NO,,,
0.07876867360796741,870,1.09844970703125,0.28125,NO,,,
0.07876867360796741,870,1.09844970703125,0.28125,NO,,,
0.07876867360796741,870,1.09844970703125,0.28125,NO,,,
0.07876867360796741,870,1.09844970703125,0.28125,NO,,,
0.07876867360796741,870,1.09844970703125,0.28125,NO,,,
0.07876867360796741,870,1.09844970703125,0.28125,NO,,,
0.07876867360796741,870,1.09844970703125,0.28125,NO,,,
0.07967406066093255,880,1.09918212890625,0.25,NO,,,
0.07967406066093255,880,1.09918212890625,0.25,NO,,,
0.07967406066093255,880,1.09918212890625,0.25,NO,,,
0.07967406066093255,880,1.09918212890625,0.25,NO,,,
0.07967406066093255,880,1.09918212890625,0.25,NO,,,
0.07967406066093255,880,1.09918212890625,0.25,NO,,,
0.07967406066093255,880,1.09918212890625,0.25,NO,,,
0.07967406066093255,880,1.09918212890625,0.25,NO,,,
0.07967406066093255,880,1.09918212890625,0.25,NO,,,
0.07967406066093255,880,1.09918212890625,0.25,NO,,,
0.08057944771389769,890,1.09844970703125,0.28125,NO,,,
0.08057944771389769,890,1.09844970703125,0.28125,NO,,,
0.08057944771389769,890,1.09844970703125,0.28125,NO,,,
0.08057944771389769,890,1.09844970703125,0.28125,NO,,,
0.08057944771389769,890,1.09844970703125,0.28125,NO,,,
0.08057944771389769,890,1.09844970703125,0.28125,NO,,,
0.08057944771389769,890,1.09844970703125,0.28125,NO,,,
0.08057944771389769,890,1.09844970703125,0.28125,NO,,,
0.08057944771389769,890,1.09844970703125,0.28125,NO,,,
0.08057944771389769,890,1.09844970703125,0.28125,NO,,,
0.08148483476686283,900,1.098480224609375,0.28125,NO,,,
0.08148483476686283,900,1.098480224609375,0.28125,NO,,,
0.08148483476686283,900,1.098480224609375,0.28125,NO,,,
0.08148483476686283,900,1.098480224609375,0.28125,NO,,,
0.08148483476686283,900,1.098480224609375,0.28125,NO,,,
0.08148483476686283,900,1.098480224609375,0.28125,NO,,,
0.08148483476686283,900,1.098480224609375,0.28125,NO,,,
0.08148483476686283,900,1.098480224609375,0.28125,NO,,,
0.08148483476686283,900,1.098480224609375,0.28125,NO,,,
0.08148483476686283,900,1.098480224609375,0.28125,NO,,,
0.08239022181982798,910,1.09857177734375,0.34375,NO,,,
0.08239022181982798,910,1.09857177734375,0.34375,NO,,,
0.08239022181982798,910,1.09857177734375,0.34375,NO,,,
0.08239022181982798,910,1.09857177734375,0.34375,NO,,,
0.08239022181982798,910,1.09857177734375,0.34375,NO,,,
0.08239022181982798,910,1.09857177734375,0.34375,NO,,,
0.08239022181982798,910,1.09857177734375,0.34375,NO,,,
0.08239022181982798,910,1.09857177734375,0.34375,NO,,,
0.08239022181982798,910,1.09857177734375,0.34375,NO,,,
0.08239022181982798,910,1.09857177734375,0.34375,NO,,,
0.08329560887279312,920,1.098907470703125,0.28125,NO,,,
0.08329560887279312,920,1.098907470703125,0.28125,NO,,,
0.08329560887279312,920,1.098907470703125,0.28125,NO,,,
0.08329560887279312,920,1.098907470703125,0.28125,NO,,,
0.08329560887279312,920,1.098907470703125,0.28125,NO,,,
0.08329560887279312,920,1.098907470703125,0.28125,NO,,,
0.08329560887279312,920,1.098907470703125,0.28125,NO,,,
0.08329560887279312,920,1.098907470703125,0.28125,NO,,,
0.08329560887279312,920,1.098907470703125,0.28125,NO,,,
0.08329560887279312,920,1.098907470703125,0.28125,NO,,,
0.08420099592575826,930,1.098907470703125,0.28125,NO,,,
0.08420099592575826,930,1.098907470703125,0.28125,NO,,,
0.08420099592575826,930,1.098907470703125,0.28125,NO,,,
0.08420099592575826,930,1.098907470703125,0.28125,NO,,,
0.08420099592575826,930,1.098907470703125,0.28125,NO,,,
0.08420099592575826,930,1.098907470703125,0.28125,NO,,,
0.08420099592575826,930,1.098907470703125,0.28125,NO,,,
0.08420099592575826,930,1.098907470703125,0.28125,NO,,,
0.08420099592575826,930,1.098907470703125,0.28125,NO,,,
0.08420099592575826,930,1.098907470703125,0.28125,NO,,,
0.0851063829787234,940,1.09857177734375,0.34375,NO,,,
0.0851063829787234,940,1.09857177734375,0.34375,NO,,,
0.0851063829787234,940,1.09857177734375,0.34375,NO,,,
0.0851063829787234,940,1.09857177734375,0.34375,NO,,,
0.0851063829787234,940,1.09857177734375,0.34375,NO,,,
0.0851063829787234,940,1.09857177734375,0.34375,NO,,,
0.0851063829787234,940,1.09857177734375,0.34375,NO,,,
0.0851063829787234,940,1.09857177734375,0.34375,NO,,,
0.0851063829787234,940,1.09857177734375,0.34375,NO,,,
0.0851063829787234,940,1.09857177734375,0.34375,NO,,,
0.08601177003168854,950,1.0982666015625,0.28125,NO,,,
0.08601177003168854,950,1.0982666015625,0.28125,NO,,,
0.08601177003168854,950,1.0982666015625,0.28125,NO,,,
0.08601177003168854,950,1.0982666015625,0.28125,NO,,,
0.08601177003168854,950,1.0982666015625,0.28125,NO,,,
0.08601177003168854,950,1.0982666015625,0.28125,NO,,,
0.08601177003168854,950,1.0982666015625,0.28125,NO,,,
0.08601177003168854,950,1.0982666015625,0.28125,NO,,,
0.08601177003168854,950,1.0982666015625,0.28125,NO,,,
0.08601177003168854,950,1.0982666015625,0.28125,NO,,,
0.0869171570846537,960,1.09893798828125,0.21875,NO,,,
0.0869171570846537,960,1.09893798828125,0.21875,NO,,,
0.0869171570846537,960,1.09893798828125,0.21875,NO,,,
0.0869171570846537,960,1.09893798828125,0.21875,NO,,,
0.0869171570846537,960,1.09893798828125,0.21875,NO,,,
0.0869171570846537,960,1.09893798828125,0.21875,NO,,,
0.0869171570846537,960,1.09893798828125,0.21875,NO,,,
0.0869171570846537,960,1.09893798828125,0.21875,NO,,,
0.0869171570846537,960,1.09893798828125,0.21875,NO,,,
0.0869171570846537,960,1.09893798828125,0.21875,NO,,,
0.08782254413761884,970,1.09783935546875,0.28125,NO,,,
0.08782254413761884,970,1.09783935546875,0.28125,NO,,,
0.08782254413761884,970,1.09783935546875,0.28125,NO,,,
0.08782254413761884,970,1.09783935546875,0.28125,NO,,,
0.08782254413761884,970,1.09783935546875,0.28125,NO,,,
0.08782254413761884,970,1.09783935546875,0.28125,NO,,,
0.08782254413761884,970,1.09783935546875,0.28125,NO,,,
0.08782254413761884,970,1.09783935546875,0.28125,NO,,,
0.08782254413761884,970,1.09783935546875,0.28125,NO,,,
0.08782254413761884,970,1.09783935546875,0.28125,NO,,,
0.08872793119058398,980,1.098114013671875,0.5,NO,,,
0.08872793119058398,980,1.098114013671875,0.5,NO,,,
0.08872793119058398,980,1.098114013671875,0.5,NO,,,
0.08872793119058398,980,1.098114013671875,0.5,NO,,,
0.08872793119058398,980,1.098114013671875,0.5,NO,,,
0.08872793119058398,980,1.098114013671875,0.5,NO,,,
0.08872793119058398,980,1.098114013671875,0.5,NO,,,
0.08872793119058398,980,1.098114013671875,0.5,NO,,,
0.08872793119058398,980,1.098114013671875,0.5,NO,,,
0.08872793119058398,980,1.098114013671875,0.5,NO,,,
0.08963331824354911,990,1.09912109375,0.34375,NO,,,
0.08963331824354911,990,1.09912109375,0.34375,NO,,,
0.08963331824354911,990,1.09912109375,0.34375,NO,,,
0.08963331824354911,990,1.09912109375,0.34375,NO,,,
0.08963331824354911,990,1.09912109375,0.34375,NO,,,
0.08963331824354911,990,1.09912109375,0.34375,NO,,,
0.08963331824354911,990,1.09912109375,0.34375,NO,,,
0.08963331824354911,990,1.09912109375,0.34375,NO,,,
0.08963331824354911,990,1.09912109375,0.34375,NO,,,
0.08963331824354911,990,1.09912109375,0.34375,YES,1.0986179113388062,0.3333333333333333,1.0986179113388062
0.09053870529651425,1000,1.099609375,0.28125,NO,,,
0.09053870529651425,1000,1.099609375,0.28125,NO,,,
0.09053870529651425,1000,1.099609375,0.28125,NO,,,
0.09053870529651425,1000,1.099609375,0.28125,NO,,,
0.09053870529651425,1000,1.099609375,0.28125,NO,,,
0.09053870529651425,1000,1.099609375,0.28125,NO,,,
0.09053870529651425,1000,1.099609375,0.28125,NO,,,
0.09053870529651425,1000,1.099609375,0.28125,NO,,,
0.09053870529651425,1000,1.099609375,0.28125,NO,,,
0.09053870529651425,1000,1.099609375,0.28125,NO,,,
0.09144409234947941,1010,1.09967041015625,0.25,NO,,,
0.09144409234947941,1010,1.09967041015625,0.25,NO,,,
0.09144409234947941,1010,1.09967041015625,0.25,NO,,,
0.09144409234947941,1010,1.09967041015625,0.25,NO,,,
0.09144409234947941,1010,1.09967041015625,0.25,NO,,,
0.09144409234947941,1010,1.09967041015625,0.25,NO,,,
0.09144409234947941,1010,1.09967041015625,0.25,NO,,,
0.09144409234947941,1010,1.09967041015625,0.25,NO,,,
0.09144409234947941,1010,1.09967041015625,0.25,NO,,,
0.09144409234947941,1010,1.09967041015625,0.25,NO,,,
0.09234947940244455,1020,1.098480224609375,0.21875,NO,,,
0.09234947940244455,1020,1.098480224609375,0.21875,NO,,,
0.09234947940244455,1020,1.098480224609375,0.21875,NO,,,
0.09234947940244455,1020,1.098480224609375,0.21875,NO,,,
0.09234947940244455,1020,1.098480224609375,0.21875,NO,,,
0.09234947940244455,1020,1.098480224609375,0.21875,NO,,,
0.09234947940244455,1020,1.098480224609375,0.21875,NO,,,
0.09234947940244455,1020,1.098480224609375,0.21875,NO,,,
0.09234947940244455,1020,1.098480224609375,0.21875,NO,,,
0.09234947940244455,1020,1.098480224609375,0.21875,NO,,,
0.09325486645540969,1030,1.09942626953125,0.25,NO,,,
0.09325486645540969,1030,1.09942626953125,0.25,NO,,,
0.09325486645540969,1030,1.09942626953125,0.25,NO,,,
0.09325486645540969,1030,1.09942626953125,0.25,NO,,,
0.09325486645540969,1030,1.09942626953125,0.25,NO,,,
0.09325486645540969,1030,1.09942626953125,0.25,NO,,,
0.09325486645540969,1030,1.09942626953125,0.25,NO,,,
0.09325486645540969,1030,1.09942626953125,0.25,NO,,,
0.09325486645540969,1030,1.09942626953125,0.25,NO,,,
0.09325486645540969,1030,1.09942626953125,0.25,NO,,,
0.09416025350837483,1040,1.09954833984375,0.34375,NO,,,
0.09416025350837483,1040,1.09954833984375,0.34375,NO,,,
0.09416025350837483,1040,1.09954833984375,0.34375,NO,,,
0.09416025350837483,1040,1.09954833984375,0.34375,NO,,,
0.09416025350837483,1040,1.09954833984375,0.34375,NO,,,
0.09416025350837483,1040,1.09954833984375,0.34375,NO,,,
0.09416025350837483,1040,1.09954833984375,0.34375,NO,,,
0.09416025350837483,1040,1.09954833984375,0.34375,NO,,,
0.09416025350837483,1040,1.09954833984375,0.34375,NO,,,
0.09416025350837483,1040,1.09954833984375,0.34375,NO,,,
0.09506564056133997,1050,1.099609375,0.28125,NO,,,
0.09506564056133997,1050,1.099609375,0.28125,NO,,,
0.09506564056133997,1050,1.099609375,0.28125,NO,,,
0.09506564056133997,1050,1.099609375,0.28125,NO,,,
0.09506564056133997,1050,1.099609375,0.28125,NO,,,
0.09506564056133997,1050,1.099609375,0.28125,NO,,,
0.09506564056133997,1050,1.099609375,0.28125,NO,,,
0.09506564056133997,1050,1.099609375,0.28125,NO,,,
0.09506564056133997,1050,1.099609375,0.28125,NO,,,
0.09506564056133997,1050,1.099609375,0.28125,NO,,,
0.09597102761430512,1060,1.09918212890625,0.28125,NO,,,
0.09597102761430512,1060,1.09918212890625,0.28125,NO,,,
0.09597102761430512,1060,1.09918212890625,0.28125,NO,,,
0.09597102761430512,1060,1.09918212890625,0.28125,NO,,,
0.09597102761430512,1060,1.09918212890625,0.28125,NO,,,
0.09597102761430512,1060,1.09918212890625,0.28125,NO,,,
0.09597102761430512,1060,1.09918212890625,0.28125,NO,,,
0.09597102761430512,1060,1.09918212890625,0.28125,NO,,,
0.09597102761430512,1060,1.09918212890625,0.28125,NO,,,
0.09597102761430512,1060,1.09918212890625,0.28125,NO,,,
0.09687641466727026,1070,1.0986328125,0.34375,NO,,,
0.09687641466727026,1070,1.0986328125,0.34375,NO,,,
0.09687641466727026,1070,1.0986328125,0.34375,NO,,,
0.09687641466727026,1070,1.0986328125,0.34375,NO,,,
0.09687641466727026,1070,1.0986328125,0.34375,NO,,,
0.09687641466727026,1070,1.0986328125,0.34375,NO,,,
0.09687641466727026,1070,1.0986328125,0.34375,NO,,,
0.09687641466727026,1070,1.0986328125,0.34375,NO,,,
0.09687641466727026,1070,1.0986328125,0.34375,NO,,,
0.09687641466727026,1070,1.0986328125,0.34375,NO,,,
0.0977818017202354,1080,1.098419189453125,0.21875,NO,,,
0.0977818017202354,1080,1.098419189453125,0.21875,NO,,,
0.0977818017202354,1080,1.098419189453125,0.21875,NO,,,
0.0977818017202354,1080,1.098419189453125,0.21875,NO,,,
0.0977818017202354,1080,1.098419189453125,0.21875,NO,,,
0.0977818017202354,1080,1.098419189453125,0.21875,NO,,,
0.0977818017202354,1080,1.098419189453125,0.21875,NO,,,
0.0977818017202354,1080,1.098419189453125,0.21875,NO,,,
0.0977818017202354,1080,1.098419189453125,0.21875,NO,,,
0.0977818017202354,1080,1.098419189453125,0.21875,NO,,,
0.09868718877320054,1090,1.0987548828125,0.3125,NO,,,
0.09868718877320054,1090,1.0987548828125,0.3125,NO,,,
0.09868718877320054,1090,1.0987548828125,0.3125,NO,,,
0.09868718877320054,1090,1.0987548828125,0.3125,NO,,,
0.09868718877320054,1090,1.0987548828125,0.3125,NO,,,
0.09868718877320054,1090,1.0987548828125,0.3125,NO,,,
0.09868718877320054,1090,1.0987548828125,0.3125,NO,,,
0.09868718877320054,1090,1.0987548828125,0.3125,NO,,,
0.09868718877320054,1090,1.0987548828125,0.3125,NO,,,
0.09868718877320054,1090,1.0987548828125,0.3125,NO,,,
0.09959257582616568,1100,1.099029541015625,0.28125,NO,,,
0.09959257582616568,1100,1.099029541015625,0.28125,NO,,,
0.09959257582616568,1100,1.099029541015625,0.28125,NO,,,
0.09959257582616568,1100,1.099029541015625,0.28125,NO,,,
0.09959257582616568,1100,1.099029541015625,0.28125,NO,,,
0.09959257582616568,1100,1.099029541015625,0.28125,NO,,,
0.09959257582616568,1100,1.099029541015625,0.28125,NO,,,
0.09959257582616568,1100,1.099029541015625,0.28125,NO,,,
0.09959257582616568,1100,1.099029541015625,0.28125,NO,,,
0.09959257582616568,1100,1.099029541015625,0.28125,NO,,,
0.10049796287913083,1110,1.09765625,0.46875,NO,,,
0.10049796287913083,1110,1.09765625,0.46875,NO,,,
0.10049796287913083,1110,1.09765625,0.46875,NO,,,
0.10049796287913083,1110,1.09765625,0.46875,NO,,,
0.10049796287913083,1110,1.09765625,0.46875,NO,,,
0.10049796287913083,1110,1.09765625,0.46875,NO,,,
0.10049796287913083,1110,1.09765625,0.46875,NO,,,
0.10049796287913083,1110,1.09765625,0.46875,NO,,,
0.10049796287913083,1110,1.09765625,0.46875,NO,,,
0.10049796287913083,1110,1.09765625,0.46875,NO,,,
0.10140334993209597,1120,1.0985107421875,0.34375,NO,,,
0.10140334993209597,1120,1.0985107421875,0.34375,NO,,,
0.10140334993209597,1120,1.0985107421875,0.34375,NO,,,
0.10140334993209597,1120,1.0985107421875,0.34375,NO,,,
0.10140334993209597,1120,1.0985107421875,0.34375,NO,,,
0.10140334993209597,1120,1.0985107421875,0.34375,NO,,,
0.10140334993209597,1120,1.0985107421875,0.34375,NO,,,
0.10140334993209597,1120,1.0985107421875,0.34375,NO,,,
0.10140334993209597,1120,1.0985107421875,0.34375,NO,,,
0.10140334993209597,1120,1.0985107421875,0.34375,NO,,,
0.10230873698506111,1130,1.0982666015625,0.375,NO,,,
0.10230873698506111,1130,1.0982666015625,0.375,NO,,,
0.10230873698506111,1130,1.0982666015625,0.375,NO,,,
0.10230873698506111,1130,1.0982666015625,0.375,NO,,,
0.10230873698506111,1130,1.0982666015625,0.375,NO,,,
0.10230873698506111,1130,1.0982666015625,0.375,NO,,,
0.10230873698506111,1130,1.0982666015625,0.375,NO,,,
0.10230873698506111,1130,1.0982666015625,0.375,NO,,,
0.10230873698506111,1130,1.0982666015625,0.375,NO,,,
0.10230873698506111,1130,1.0982666015625,0.375,NO,,,
0.10321412403802625,1140,1.0982666015625,0.375,NO,,,
0.10321412403802625,1140,1.0982666015625,0.375,NO,,,
0.10321412403802625,1140,1.0982666015625,0.375,NO,,,
0.10321412403802625,1140,1.0982666015625,0.375,NO,,,
0.10321412403802625,1140,1.0982666015625,0.375,NO,,,
0.10321412403802625,1140,1.0982666015625,0.375,NO,,,
0.10321412403802625,1140,1.0982666015625,0.375,NO,,,
0.10321412403802625,1140,1.0982666015625,0.375,NO,,,
0.10321412403802625,1140,1.0982666015625,0.375,NO,,,
0.10321412403802625,1140,1.0982666015625,0.375,NO,,,
0.10411951109099139,1150,1.097991943359375,0.40625,NO,,,
0.10411951109099139,1150,1.097991943359375,0.40625,NO,,,
0.10411951109099139,1150,1.097991943359375,0.40625,NO,,,
0.10411951109099139,1150,1.097991943359375,0.40625,NO,,,
0.10411951109099139,1150,1.097991943359375,0.40625,NO,,,
0.10411951109099139,1150,1.097991943359375,0.40625,NO,,,
0.10411951109099139,1150,1.097991943359375,0.40625,NO,,,
0.10411951109099139,1150,1.097991943359375,0.40625,NO,,,
0.10411951109099139,1150,1.097991943359375,0.40625,NO,,,
0.10411951109099139,1150,1.097991943359375,0.40625,NO,,,
0.10502489814395655,1160,1.097991943359375,0.40625,NO,,,
0.10502489814395655,1160,1.097991943359375,0.40625,NO,,,
0.10502489814395655,1160,1.097991943359375,0.40625,NO,,,
0.10502489814395655,1160,1.097991943359375,0.40625,NO,,,
0.10502489814395655,1160,1.097991943359375,0.40625,NO,,,
0.10502489814395655,1160,1.097991943359375,0.40625,NO,,,
0.10502489814395655,1160,1.097991943359375,0.40625,NO,,,
0.10502489814395655,1160,1.097991943359375,0.40625,NO,,,
0.10502489814395655,1160,1.097991943359375,0.40625,NO,,,
0.10502489814395655,1160,1.097991943359375,0.40625,NO,,,
0.10593028519692169,1170,1.097564697265625,0.4375,NO,,,
0.10593028519692169,1170,1.097564697265625,0.4375,NO,,,
0.10593028519692169,1170,1.097564697265625,0.4375,NO,,,
0.10593028519692169,1170,1.097564697265625,0.4375,NO,,,
0.10593028519692169,1170,1.097564697265625,0.4375,NO,,,
0.10593028519692169,1170,1.097564697265625,0.4375,NO,,,
0.10593028519692169,1170,1.097564697265625,0.4375,NO,,,
0.10593028519692169,1170,1.097564697265625,0.4375,NO,,,
0.10593028519692169,1170,1.097564697265625,0.4375,NO,,,
0.10593028519692169,1170,1.097564697265625,0.4375,NO,,,
0.10683567224988683,1180,1.09783935546875,0.4375,NO,,,
0.10683567224988683,1180,1.09783935546875,0.4375,NO,,,
0.10683567224988683,1180,1.09783935546875,0.4375,NO,,,
0.10683567224988683,1180,1.09783935546875,0.4375,NO,,,
0.10683567224988683,1180,1.09783935546875,0.4375,NO,,,
0.10683567224988683,1180,1.09783935546875,0.4375,NO,,,
0.10683567224988683,1180,1.09783935546875,0.4375,NO,,,
0.10683567224988683,1180,1.09783935546875,0.4375,NO,,,
0.10683567224988683,1180,1.09783935546875,0.4375,NO,,,
0.10683567224988683,1180,1.09783935546875,0.4375,NO,,,
0.10774105930285197,1190,1.09954833984375,0.25,NO,,,
0.10774105930285197,1190,1.09954833984375,0.25,NO,,,
0.10774105930285197,1190,1.09954833984375,0.25,NO,,,
0.10774105930285197,1190,1.09954833984375,0.25,NO,,,
0.10774105930285197,1190,1.09954833984375,0.25,NO,,,
0.10774105930285197,1190,1.09954833984375,0.25,NO,,,
0.10774105930285197,1190,1.09954833984375,0.25,NO,,,
0.10774105930285197,1190,1.09954833984375,0.25,NO,,,
0.10774105930285197,1190,1.09954833984375,0.25,NO,,,
0.10774105930285197,1190,1.09954833984375,0.25,NO,,,
0.1086464463558171,1200,1.09954833984375,0.25,NO,,,
0.1086464463558171,1200,1.09954833984375,0.25,NO,,,
0.1086464463558171,1200,1.09954833984375,0.25,NO,,,
0.1086464463558171,1200,1.09954833984375,0.25,NO,,,
0.1086464463558171,1200,1.09954833984375,0.25,NO,,,
0.1086464463558171,1200,1.09954833984375,0.25,NO,,,
0.1086464463558171,1200,1.09954833984375,0.25,NO,,,
0.1086464463558171,1200,1.09954833984375,0.25,NO,,,
0.1086464463558171,1200,1.09954833984375,0.25,NO,,,
0.1086464463558171,1200,1.09954833984375,0.25,NO,,,
0.10955183340878226,1210,1.098297119140625,0.375,NO,,,
0.10955183340878226,1210,1.098297119140625,0.375,NO,,,
0.10955183340878226,1210,1.098297119140625,0.375,NO,,,
0.10955183340878226,1210,1.098297119140625,0.375,NO,,,
0.10955183340878226,1210,1.098297119140625,0.375,NO,,,
0.10955183340878226,1210,1.098297119140625,0.375,NO,,,
0.10955183340878226,1210,1.098297119140625,0.375,NO,,,
0.10955183340878226,1210,1.098297119140625,0.375,NO,,,
0.10955183340878226,1210,1.098297119140625,0.375,NO,,,
0.10955183340878226,1210,1.098297119140625,0.375,NO,,,
0.1104572204617474,1220,1.098480224609375,0.34375,NO,,,
0.1104572204617474,1220,1.098480224609375,0.34375,NO,,,
0.1104572204617474,1220,1.098480224609375,0.34375,NO,,,
0.1104572204617474,1220,1.098480224609375,0.34375,NO,,,
0.1104572204617474,1220,1.098480224609375,0.34375,NO,,,
0.1104572204617474,1220,1.098480224609375,0.34375,NO,,,
0.1104572204617474,1220,1.098480224609375,0.34375,NO,,,
0.1104572204617474,1220,1.098480224609375,0.34375,NO,,,
0.1104572204617474,1220,1.098480224609375,0.34375,NO,,,
0.1104572204617474,1220,1.098480224609375,0.34375,NO,,,
0.11136260751471254,1230,1.098480224609375,0.34375,NO,,,
0.11136260751471254,1230,1.098480224609375,0.34375,NO,,,
0.11136260751471254,1230,1.098480224609375,0.34375,NO,,,
0.11136260751471254,1230,1.098480224609375,0.34375,NO,,,
0.11136260751471254,1230,1.098480224609375,0.34375,NO,,,
0.11136260751471254,1230,1.098480224609375,0.34375,NO,,,
0.11136260751471254,1230,1.098480224609375,0.34375,NO,,,
0.11136260751471254,1230,1.098480224609375,0.34375,NO,,,
0.11136260751471254,1230,1.098480224609375,0.34375,NO,,,
0.11136260751471254,1230,1.098480224609375,0.34375,NO,,,
0.11226799456767768,1240,1.0986328125,0.3125,NO,,,
0.11226799456767768,1240,1.0986328125,0.3125,NO,,,
0.11226799456767768,1240,1.0986328125,0.3125,NO,,,
0.11226799456767768,1240,1.0986328125,0.3125,NO,,,
0.11226799456767768,1240,1.0986328125,0.3125,NO,,,
0.11226799456767768,1240,1.0986328125,0.3125,NO,,,
0.11226799456767768,1240,1.0986328125,0.3125,NO,,,
0.11226799456767768,1240,1.0986328125,0.3125,NO,,,
0.11226799456767768,1240,1.0986328125,0.3125,NO,,,
0.11226799456767768,1240,1.0986328125,0.3125,NO,,,
0.11317338162064282,1250,1.098419189453125,0.34375,NO,,,
0.11317338162064282,1250,1.098419189453125,0.34375,NO,,,
0.11317338162064282,1250,1.098419189453125,0.34375,NO,,,
0.11317338162064282,1250,1.098419189453125,0.34375,NO,,,
0.11317338162064282,1250,1.098419189453125,0.34375,NO,,,
0.11317338162064282,1250,1.098419189453125,0.34375,NO,,,
0.11317338162064282,1250,1.098419189453125,0.34375,NO,,,
0.11317338162064282,1250,1.098419189453125,0.34375,NO,,,
0.11317338162064282,1250,1.098419189453125,0.34375,NO,,,
0.11317338162064282,1250,1.098419189453125,0.34375,NO,,,
0.11407876867360797,1260,1.0986328125,0.3125,NO,,,
0.11407876867360797,1260,1.0986328125,0.3125,NO,,,
0.11407876867360797,1260,1.0986328125,0.3125,NO,,,
0.11407876867360797,1260,1.0986328125,0.3125,NO,,,
0.11407876867360797,1260,1.0986328125,0.3125,NO,,,
0.11407876867360797,1260,1.0986328125,0.3125,NO,,,
0.11407876867360797,1260,1.0986328125,0.3125,NO,,,
0.11407876867360797,1260,1.0986328125,0.3125,NO,,,
0.11407876867360797,1260,1.0986328125,0.3125,NO,,,
0.11407876867360797,1260,1.0986328125,0.3125,NO,,,
0.11498415572657311,1270,1.099609375,0.28125,NO,,,
0.11498415572657311,1270,1.099609375,0.28125,NO,,,
0.11498415572657311,1270,1.099609375,0.28125,NO,,,
0.11498415572657311,1270,1.099609375,0.28125,NO,,,
0.11498415572657311,1270,1.099609375,0.28125,NO,,,
0.11498415572657311,1270,1.099609375,0.28125,NO,,,
0.11498415572657311,1270,1.099609375,0.28125,NO,,,
0.11498415572657311,1270,1.099609375,0.28125,NO,,,
0.11498415572657311,1270,1.099609375,0.28125,NO,,,
0.11498415572657311,1270,1.099609375,0.28125,NO,,,
0.11588954277953825,1280,1.097015380859375,0.46875,NO,,,
0.11588954277953825,1280,1.097015380859375,0.46875,NO,,,
0.11588954277953825,1280,1.097015380859375,0.46875,NO,,,
0.11588954277953825,1280,1.097015380859375,0.46875,NO,,,
0.11588954277953825,1280,1.097015380859375,0.46875,NO,,,
0.11588954277953825,1280,1.097015380859375,0.46875,NO,,,
0.11588954277953825,1280,1.097015380859375,0.46875,NO,,,
0.11588954277953825,1280,1.097015380859375,0.46875,NO,,,
0.11588954277953825,1280,1.097015380859375,0.46875,NO,,,
0.11588954277953825,1280,1.097015380859375,0.46875,NO,,,
0.11679492983250339,1290,1.098541259765625,0.375,NO,,,
0.11679492983250339,1290,1.098541259765625,0.375,NO,,,
0.11679492983250339,1290,1.098541259765625,0.375,NO,,,
0.11679492983250339,1290,1.098541259765625,0.375,NO,,,
0.11679492983250339,1290,1.098541259765625,0.375,NO,,,
0.11679492983250339,1290,1.098541259765625,0.375,NO,,,
0.11679492983250339,1290,1.098541259765625,0.375,NO,,,
0.11679492983250339,1290,1.098541259765625,0.375,NO,,,
0.11679492983250339,1290,1.098541259765625,0.375,NO,,,
0.11679492983250339,1290,1.098541259765625,0.375,NO,,,
0.11770031688546853,1300,1.097686767578125,0.40625,NO,,,
0.11770031688546853,1300,1.097686767578125,0.40625,NO,,,
0.11770031688546853,1300,1.097686767578125,0.40625,NO,,,
0.11770031688546853,1300,1.097686767578125,0.40625,NO,,,
0.11770031688546853,1300,1.097686767578125,0.40625,NO,,,
0.11770031688546853,1300,1.097686767578125,0.40625,NO,,,
0.11770031688546853,1300,1.097686767578125,0.40625,NO,,,
0.11770031688546853,1300,1.097686767578125,0.40625,NO,,,
0.11770031688546853,1300,1.097686767578125,0.40625,NO,,,
0.11770031688546853,1300,1.097686767578125,0.40625,NO,,,
0.11860570393843368,1310,1.0986328125,0.3125,NO,,,
0.11860570393843368,1310,1.0986328125,0.3125,NO,,,
0.11860570393843368,1310,1.0986328125,0.3125,NO,,,
0.11860570393843368,1310,1.0986328125,0.3125,NO,,,
0.11860570393843368,1310,1.0986328125,0.3125,NO,,,
0.11860570393843368,1310,1.0986328125,0.3125,NO,,,
0.11860570393843368,1310,1.0986328125,0.3125,NO,,,
0.11860570393843368,1310,1.0986328125,0.3125,NO,,,
0.11860570393843368,1310,1.0986328125,0.3125,NO,,,
0.11860570393843368,1310,1.0986328125,0.3125,NO,,,
0.11951109099139882,1320,1.0989990234375,0.3125,NO,,,
0.11951109099139882,1320,1.0989990234375,0.3125,NO,,,
0.11951109099139882,1320,1.0989990234375,0.3125,NO,,,
0.11951109099139882,1320,1.0989990234375,0.3125,NO,,,
0.11951109099139882,1320,1.0989990234375,0.3125,NO,,,
0.11951109099139882,1320,1.0989990234375,0.3125,NO,,,
0.11951109099139882,1320,1.0989990234375,0.3125,NO,,,
0.11951109099139882,1320,1.0989990234375,0.3125,NO,,,
0.11951109099139882,1320,1.0989990234375,0.3125,NO,,,
0.11951109099139882,1320,1.0989990234375,0.3125,NO,,,
0.12041647804436396,1330,1.098419189453125,0.3125,NO,,,
0.12041647804436396,1330,1.098419189453125,0.3125,NO,,,
0.12041647804436396,1330,1.098419189453125,0.3125,NO,,,
0.12041647804436396,1330,1.098419189453125,0.3125,NO,,,
0.12041647804436396,1330,1.098419189453125,0.3125,NO,,,
0.12041647804436396,1330,1.098419189453125,0.3125,NO,,,
0.12041647804436396,1330,1.098419189453125,0.3125,NO,,,
0.12041647804436396,1330,1.098419189453125,0.3125,NO,,,
0.12041647804436396,1330,1.098419189453125,0.3125,NO,,,
0.12041647804436396,1330,1.098419189453125,0.3125,NO,,,
0.1213218650973291,1340,1.099945068359375,0.28125,NO,,,
0.1213218650973291,1340,1.099945068359375,0.28125,NO,,,
0.1213218650973291,1340,1.099945068359375,0.28125,NO,,,
0.1213218650973291,1340,1.099945068359375,0.28125,NO,,,
0.1213218650973291,1340,1.099945068359375,0.28125,NO,,,
0.1213218650973291,1340,1.099945068359375,0.28125,NO,,,
0.1213218650973291,1340,1.099945068359375,0.28125,NO,,,
0.1213218650973291,1340,1.099945068359375,0.28125,NO,,,
0.1213218650973291,1340,1.099945068359375,0.28125,NO,,,
0.1213218650973291,1340,1.099945068359375,0.28125,NO,,,
0.12222725215029426,1350,1.0980224609375,0.375,NO,,,
0.12222725215029426,1350,1.0980224609375,0.375,NO,,,
0.12222725215029426,1350,1.0980224609375,0.375,NO,,,
0.12222725215029426,1350,1.0980224609375,0.375,NO,,,
0.12222725215029426,1350,1.0980224609375,0.375,NO,,,
0.12222725215029426,1350,1.0980224609375,0.375,NO,,,
0.12222725215029426,1350,1.0980224609375,0.375,NO,,,
0.12222725215029426,1350,1.0980224609375,0.375,NO,,,
0.12222725215029426,1350,1.0980224609375,0.375,NO,,,
0.12222725215029426,1350,1.0980224609375,0.375,NO,,,
0.1231326392032594,1360,1.098419189453125,0.34375,NO,,,
0.1231326392032594,1360,1.098419189453125,0.34375,NO,,,
0.1231326392032594,1360,1.098419189453125,0.34375,NO,,,
0.1231326392032594,1360,1.098419189453125,0.34375,NO,,,
0.1231326392032594,1360,1.098419189453125,0.34375,NO,,,
0.1231326392032594,1360,1.098419189453125,0.34375,NO,,,
0.1231326392032594,1360,1.098419189453125,0.34375,NO,,,
0.1231326392032594,1360,1.098419189453125,0.34375,NO,,,
0.1231326392032594,1360,1.098419189453125,0.34375,NO,,,
0.1231326392032594,1360,1.098419189453125,0.34375,NO,,,
0.12403802625622454,1370,1.0968017578125,0.5,NO,,,
0.12403802625622454,1370,1.0968017578125,0.5,NO,,,
0.12403802625622454,1370,1.0968017578125,0.5,NO,,,
0.12403802625622454,1370,1.0968017578125,0.5,NO,,,
0.12403802625622454,1370,1.0968017578125,0.5,NO,,,
0.12403802625622454,1370,1.0968017578125,0.5,NO,,,
0.12403802625622454,1370,1.0968017578125,0.5,NO,,,
0.12403802625622454,1370,1.0968017578125,0.5,NO,,,
0.12403802625622454,1370,1.0968017578125,0.5,NO,,,
0.12403802625622454,1370,1.0968017578125,0.5,NO,,,
0.12494341330918968,1380,1.097991943359375,0.3125,NO,,,
0.12494341330918968,1380,1.097991943359375,0.3125,NO,,,
0.12494341330918968,1380,1.097991943359375,0.3125,NO,,,
0.12494341330918968,1380,1.097991943359375,0.3125,NO,,,
0.12494341330918968,1380,1.097991943359375,0.3125,NO,,,
0.12494341330918968,1380,1.097991943359375,0.3125,NO,,,
0.12494341330918968,1380,1.097991943359375,0.3125,NO,,,
0.12494341330918968,1380,1.097991943359375,0.3125,NO,,,
0.12494341330918968,1380,1.097991943359375,0.3125,NO,,,
0.12494341330918968,1380,1.097991943359375,0.3125,NO,,,
0.12584880036215482,1390,1.0965576171875,0.40625,NO,,,
0.12584880036215482,1390,1.0965576171875,0.40625,NO,,,
0.12584880036215482,1390,1.0965576171875,0.40625,NO,,,
0.12584880036215482,1390,1.0965576171875,0.40625,NO,,,
0.12584880036215482,1390,1.0965576171875,0.40625,NO,,,
0.12584880036215482,1390,1.0965576171875,0.40625,NO,,,
0.12584880036215482,1390,1.0965576171875,0.40625,NO,,,
0.12584880036215482,1390,1.0965576171875,0.40625,NO,,,
0.12584880036215482,1390,1.0965576171875,0.40625,NO,,,
0.12584880036215482,1390,1.0965576171875,0.40625,NO,,,
0.12675418741511996,1400,1.098876953125,0.3125,NO,,,
0.12675418741511996,1400,1.098876953125,0.3125,NO,,,
0.12675418741511996,1400,1.098876953125,0.3125,NO,,,
0.12675418741511996,1400,1.098876953125,0.3125,NO,,,
0.12675418741511996,1400,1.098876953125,0.3125,NO,,,
0.12675418741511996,1400,1.098876953125,0.3125,NO,,,
0.12675418741511996,1400,1.098876953125,0.3125,NO,,,
0.12675418741511996,1400,1.098876953125,0.3125,NO,,,
0.12675418741511996,1400,1.098876953125,0.3125,NO,,,
0.12675418741511996,1400,1.098876953125,0.3125,NO,,,
0.1276595744680851,1410,1.094573974609375,0.5,NO,,,
0.1276595744680851,1410,1.094573974609375,0.5,NO,,,
0.1276595744680851,1410,1.094573974609375,0.5,NO,,,
0.1276595744680851,1410,1.094573974609375,0.5,NO,,,
0.1276595744680851,1410,1.094573974609375,0.5,NO,,,
0.1276595744680851,1410,1.094573974609375,0.5,NO,,,
0.1276595744680851,1410,1.094573974609375,0.5,NO,,,
0.1276595744680851,1410,1.094573974609375,0.5,NO,,,
0.1276595744680851,1410,1.094573974609375,0.5,NO,,,
0.1276595744680851,1410,1.094573974609375,0.5,NO,,,
0.12856496152105024,1420,1.099151611328125,0.34375,NO,,,
0.12856496152105024,1420,1.099151611328125,0.34375,NO,,,
0.12856496152105024,1420,1.099151611328125,0.34375,NO,,,
0.12856496152105024,1420,1.099151611328125,0.34375,NO,,,
0.12856496152105024,1420,1.099151611328125,0.34375,NO,,,
0.12856496152105024,1420,1.099151611328125,0.34375,NO,,,
0.12856496152105024,1420,1.099151611328125,0.34375,NO,,,
0.12856496152105024,1420,1.099151611328125,0.34375,NO,,,
0.12856496152105024,1420,1.099151611328125,0.34375,NO,,,
0.12856496152105024,1420,1.099151611328125,0.34375,NO,,,
0.1294703485740154,1430,1.10296630859375,0.15625,NO,,,
0.1294703485740154,1430,1.10296630859375,0.15625,NO,,,
0.1294703485740154,1430,1.10296630859375,0.15625,NO,,,
0.1294703485740154,1430,1.10296630859375,0.15625,NO,,,
0.1294703485740154,1430,1.10296630859375,0.15625,NO,,,
0.1294703485740154,1430,1.10296630859375,0.15625,NO,,,
0.1294703485740154,1430,1.10296630859375,0.15625,NO,,,
0.1294703485740154,1430,1.10296630859375,0.15625,NO,,,
0.1294703485740154,1430,1.10296630859375,0.15625,NO,,,
0.1294703485740154,1430,1.10296630859375,0.15625,NO,,,
0.13037573562698054,1440,1.10003662109375,0.28125,NO,,,
0.13037573562698054,1440,1.10003662109375,0.28125,NO,,,
0.13037573562698054,1440,1.10003662109375,0.28125,NO,,,
0.13037573562698054,1440,1.10003662109375,0.28125,NO,,,
0.13037573562698054,1440,1.10003662109375,0.28125,NO,,,
0.13037573562698054,1440,1.10003662109375,0.28125,NO,,,
0.13037573562698054,1440,1.10003662109375,0.28125,NO,,,
0.13037573562698054,1440,1.10003662109375,0.28125,NO,,,
0.13037573562698054,1440,1.10003662109375,0.28125,NO,,,
0.13037573562698054,1440,1.10003662109375,0.28125,NO,,,
0.13128112267994568,1450,1.101654052734375,0.3125,NO,,,
0.13128112267994568,1450,1.101654052734375,0.3125,NO,,,
0.13128112267994568,1450,1.101654052734375,0.3125,NO,,,
0.13128112267994568,1450,1.101654052734375,0.3125,NO,,,
0.13128112267994568,1450,1.101654052734375,0.3125,NO,,,
0.13128112267994568,1450,1.101654052734375,0.3125,NO,,,
0.13128112267994568,1450,1.101654052734375,0.3125,NO,,,
0.13128112267994568,1450,1.101654052734375,0.3125,NO,,,
0.13128112267994568,1450,1.101654052734375,0.3125,NO,,,
0.13128112267994568,1450,1.101654052734375,0.3125,NO,,,
0.13218650973291082,1460,1.098907470703125,0.375,NO,,,
0.13218650973291082,1460,1.098907470703125,0.375,NO,,,
0.13218650973291082,1460,1.098907470703125,0.375,NO,,,
0.13218650973291082,1460,1.098907470703125,0.375,NO,,,
0.13218650973291082,1460,1.098907470703125,0.375,NO,,,
0.13218650973291082,1460,1.098907470703125,0.375,NO,,,
0.13218650973291082,1460,1.098907470703125,0.375,NO,,,
0.13218650973291082,1460,1.098907470703125,0.375,NO,,,
0.13218650973291082,1460,1.098907470703125,0.375,NO,,,
0.13218650973291082,1460,1.098907470703125,0.375,NO,,,
0.13309189678587596,1470,1.09844970703125,0.25,NO,,,
0.13309189678587596,1470,1.09844970703125,0.25,NO,,,
0.13309189678587596,1470,1.09844970703125,0.25,NO,,,
0.13309189678587596,1470,1.09844970703125,0.25,NO,,,
0.13309189678587596,1470,1.09844970703125,0.25,NO,,,
0.13309189678587596,1470,1.09844970703125,0.25,NO,,,
0.13309189678587596,1470,1.09844970703125,0.25,NO,,,
0.13309189678587596,1470,1.09844970703125,0.25,NO,,,
0.13309189678587596,1470,1.09844970703125,0.25,NO,,,
0.13309189678587596,1470,1.09844970703125,0.25,NO,,,
0.1339972838388411,1480,1.099822998046875,0.34375,NO,,,
0.1339972838388411,1480,1.099822998046875,0.34375,NO,,,
0.1339972838388411,1480,1.099822998046875,0.34375,NO,,,
0.1339972838388411,1480,1.099822998046875,0.34375,NO,,,
0.1339972838388411,1480,1.099822998046875,0.34375,NO,,,
0.1339972838388411,1480,1.099822998046875,0.34375,NO,,,
0.1339972838388411,1480,1.099822998046875,0.34375,NO,,,
0.1339972838388411,1480,1.099822998046875,0.34375,NO,,,
0.1339972838388411,1480,1.099822998046875,0.34375,NO,,,
0.1339972838388411,1480,1.099822998046875,0.34375,NO,,,
0.13490267089180624,1490,1.094970703125,0.4375,NO,,,
0.13490267089180624,1490,1.094970703125,0.4375,NO,,,
0.13490267089180624,1490,1.094970703125,0.4375,NO,,,
0.13490267089180624,1490,1.094970703125,0.4375,NO,,,
0.13490267089180624,1490,1.094970703125,0.4375,NO,,,
0.13490267089180624,1490,1.094970703125,0.4375,NO,,,
0.13490267089180624,1490,1.094970703125,0.4375,NO,,,
0.13490267089180624,1490,1.094970703125,0.4375,NO,,,
0.13490267089180624,1490,1.094970703125,0.4375,NO,,,
0.13490267089180624,1490,1.094970703125,0.4375,NO,,,
0.13580805794477138,1500,1.101165771484375,0.1875,NO,,,
0.13580805794477138,1500,1.101165771484375,0.1875,NO,,,
0.13580805794477138,1500,1.101165771484375,0.1875,NO,,,
0.13580805794477138,1500,1.101165771484375,0.1875,NO,,,
0.13580805794477138,1500,1.101165771484375,0.1875,NO,,,
0.13580805794477138,1500,1.101165771484375,0.1875,NO,,,
0.13580805794477138,1500,1.101165771484375,0.1875,NO,,,
0.13580805794477138,1500,1.101165771484375,0.1875,NO,,,
0.13580805794477138,1500,1.101165771484375,0.1875,NO,,,
0.13580805794477138,1500,1.101165771484375,0.1875,NO,,,
0.13671344499773652,1510,1.0997314453125,0.3125,NO,,,
0.13671344499773652,1510,1.0997314453125,0.3125,NO,,,
0.13671344499773652,1510,1.0997314453125,0.3125,NO,,,
0.13671344499773652,1510,1.0997314453125,0.3125,NO,,,
0.13671344499773652,1510,1.0997314453125,0.3125,NO,,,
0.13671344499773652,1510,1.0997314453125,0.3125,NO,,,
0.13671344499773652,1510,1.0997314453125,0.3125,NO,,,
0.13671344499773652,1510,1.0997314453125,0.3125,NO,,,
0.13671344499773652,1510,1.0997314453125,0.3125,NO,,,
0.13671344499773652,1510,1.0997314453125,0.3125,NO,,,
0.13761883205070166,1520,1.09716796875,0.375,NO,,,
0.13761883205070166,1520,1.09716796875,0.375,NO,,,
0.13761883205070166,1520,1.09716796875,0.375,NO,,,
0.13761883205070166,1520,1.09716796875,0.375,NO,,,
0.13761883205070166,1520,1.09716796875,0.375,NO,,,
0.13761883205070166,1520,1.09716796875,0.375,NO,,,
0.13761883205070166,1520,1.09716796875,0.375,NO,,,
0.13761883205070166,1520,1.09716796875,0.375,NO,,,
0.13761883205070166,1520,1.09716796875,0.375,NO,,,
0.13761883205070166,1520,1.09716796875,0.375,NO,,,
0.13852421910366683,1530,1.097686767578125,0.3125,NO,,,
0.13852421910366683,1530,1.097686767578125,0.3125,NO,,,
0.13852421910366683,1530,1.097686767578125,0.3125,NO,,,
0.13852421910366683,1530,1.097686767578125,0.3125,NO,,,
0.13852421910366683,1530,1.097686767578125,0.3125,NO,,,
0.13852421910366683,1530,1.097686767578125,0.3125,NO,,,
0.13852421910366683,1530,1.097686767578125,0.3125,NO,,,
0.13852421910366683,1530,1.097686767578125,0.3125,NO,,,
0.13852421910366683,1530,1.097686767578125,0.3125,NO,,,
0.13852421910366683,1530,1.097686767578125,0.3125,NO,,,
0.13942960615663197,1540,1.1004638671875,0.25,NO,,,
0.13942960615663197,1540,1.1004638671875,0.25,NO,,,
0.13942960615663197,1540,1.1004638671875,0.25,NO,,,
0.13942960615663197,1540,1.1004638671875,0.25,NO,,,
0.13942960615663197,1540,1.1004638671875,0.25,NO,,,
0.13942960615663197,1540,1.1004638671875,0.25,NO,,,
0.13942960615663197,1540,1.1004638671875,0.25,NO,,,
0.13942960615663197,1540,1.1004638671875,0.25,NO,,,
0.13942960615663197,1540,1.1004638671875,0.25,NO,,,
0.13942960615663197,1540,1.1004638671875,0.25,NO,,,
0.1403349932095971,1550,1.09759521484375,0.375,NO,,,
0.1403349932095971,1550,1.09759521484375,0.375,NO,,,
0.1403349932095971,1550,1.09759521484375,0.375,NO,,,
0.1403349932095971,1550,1.09759521484375,0.375,NO,,,
0.1403349932095971,1550,1.09759521484375,0.375,NO,,,
0.1403349932095971,1550,1.09759521484375,0.375,NO,,,
0.1403349932095971,1550,1.09759521484375,0.375,NO,,,
0.1403349932095971,1550,1.09759521484375,0.375,NO,,,
0.1403349932095971,1550,1.09759521484375,0.375,NO,,,
0.1403349932095971,1550,1.09759521484375,0.375,NO,,,
0.14124038026256225,1560,1.0994873046875,0.3125,NO,,,
0.14124038026256225,1560,1.0994873046875,0.3125,NO,,,
0.14124038026256225,1560,1.0994873046875,0.3125,NO,,,
0.14124038026256225,1560,1.0994873046875,0.3125,NO,,,
0.14124038026256225,1560,1.0994873046875,0.3125,NO,,,
0.14124038026256225,1560,1.0994873046875,0.3125,NO,,,
0.14124038026256225,1560,1.0994873046875,0.3125,NO,,,
0.14124038026256225,1560,1.0994873046875,0.3125,NO,,,
0.14124038026256225,1560,1.0994873046875,0.3125,NO,,,
0.14124038026256225,1560,1.0994873046875,0.3125,NO,,,
0.1421457673155274,1570,1.098724365234375,0.34375,NO,,,
0.1421457673155274,1570,1.098724365234375,0.34375,NO,,,
0.1421457673155274,1570,1.098724365234375,0.34375,NO,,,
0.1421457673155274,1570,1.098724365234375,0.34375,NO,,,
0.1421457673155274,1570,1.098724365234375,0.34375,NO,,,
0.1421457673155274,1570,1.098724365234375,0.34375,NO,,,
0.1421457673155274,1570,1.098724365234375,0.34375,NO,,,
0.1421457673155274,1570,1.098724365234375,0.34375,NO,,,
0.1421457673155274,1570,1.098724365234375,0.34375,NO,,,
0.1421457673155274,1570,1.098724365234375,0.34375,NO,,,
0.14305115436849253,1580,1.1004638671875,0.28125,NO,,,
0.14305115436849253,1580,1.1004638671875,0.28125,NO,,,
0.14305115436849253,1580,1.1004638671875,0.28125,NO,,,
0.14305115436849253,1580,1.1004638671875,0.28125,NO,,,
0.14305115436849253,1580,1.1004638671875,0.28125,NO,,,
0.14305115436849253,1580,1.1004638671875,0.28125,NO,,,
0.14305115436849253,1580,1.1004638671875,0.28125,NO,,,
0.14305115436849253,1580,1.1004638671875,0.28125,NO,,,
0.14305115436849253,1580,1.1004638671875,0.28125,NO,,,
0.14305115436849253,1580,1.1004638671875,0.28125,NO,,,
0.14395654142145767,1590,1.0968017578125,0.40625,NO,,,
0.14395654142145767,1590,1.0968017578125,0.40625,NO,,,
0.14395654142145767,1590,1.0968017578125,0.40625,NO,,,
0.14395654142145767,1590,1.0968017578125,0.40625,NO,,,
0.14395654142145767,1590,1.0968017578125,0.40625,NO,,,
0.14395654142145767,1590,1.0968017578125,0.40625,NO,,,
0.14395654142145767,1590,1.0968017578125,0.40625,NO,,,
0.14395654142145767,1590,1.0968017578125,0.40625,NO,,,
0.14395654142145767,1590,1.0968017578125,0.40625,NO,,,
0.14395654142145767,1590,1.0968017578125,0.40625,NO,,,
0.1448619284744228,1600,1.0982666015625,0.3125,NO,,,
0.1448619284744228,1600,1.0982666015625,0.3125,NO,,,
0.1448619284744228,1600,1.0982666015625,0.3125,NO,,,
0.1448619284744228,1600,1.0982666015625,0.3125,NO,,,
0.1448619284744228,1600,1.0982666015625,0.3125,NO,,,
0.1448619284744228,1600,1.0982666015625,0.3125,NO,,,
0.1448619284744228,1600,1.0982666015625,0.3125,NO,,,
0.1448619284744228,1600,1.0982666015625,0.3125,NO,,,
0.1448619284744228,1600,1.0982666015625,0.3125,NO,,,
0.1448619284744228,1600,1.0982666015625,0.3125,NO,,,
0.14576731552738795,1610,1.098968505859375,0.28125,NO,,,
0.14576731552738795,1610,1.098968505859375,0.28125,NO,,,
0.14576731552738795,1610,1.098968505859375,0.28125,NO,,,
0.14576731552738795,1610,1.098968505859375,0.28125,NO,,,
0.14576731552738795,1610,1.098968505859375,0.28125,NO,,,
0.14576731552738795,1610,1.098968505859375,0.28125,NO,,,
0.14576731552738795,1610,1.098968505859375,0.28125,NO,,,
0.14576731552738795,1610,1.098968505859375,0.28125,NO,,,
0.14576731552738795,1610,1.098968505859375,0.28125,NO,,,
0.14576731552738795,1610,1.098968505859375,0.28125,NO,,,
0.14667270258035311,1620,1.097198486328125,0.34375,NO,,,
0.14667270258035311,1620,1.097198486328125,0.34375,NO,,,
0.14667270258035311,1620,1.097198486328125,0.34375,NO,,,
0.14667270258035311,1620,1.097198486328125,0.34375,NO,,,
0.14667270258035311,1620,1.097198486328125,0.34375,NO,,,
0.14667270258035311,1620,1.097198486328125,0.34375,NO,,,
0.14667270258035311,1620,1.097198486328125,0.34375,NO,,,
0.14667270258035311,1620,1.097198486328125,0.34375,NO,,,
0.14667270258035311,1620,1.097198486328125,0.34375,NO,,,
0.14667270258035311,1620,1.097198486328125,0.34375,NO,,,
0.14757808963331825,1630,1.097869873046875,0.34375,NO,,,
0.14757808963331825,1630,1.097869873046875,0.34375,NO,,,
0.14757808963331825,1630,1.097869873046875,0.34375,NO,,,
0.14757808963331825,1630,1.097869873046875,0.34375,NO,,,
0.14757808963331825,1630,1.097869873046875,0.34375,NO,,,
0.14757808963331825,1630,1.097869873046875,0.34375,NO,,,
0.14757808963331825,1630,1.097869873046875,0.34375,NO,,,
0.14757808963331825,1630,1.097869873046875,0.34375,NO,,,
0.14757808963331825,1630,1.097869873046875,0.34375,NO,,,
0.14757808963331825,1630,1.097869873046875,0.34375,NO,,,
0.1484834766862834,1640,1.09820556640625,0.34375,NO,,,
0.1484834766862834,1640,1.09820556640625,0.34375,NO,,,
0.1484834766862834,1640,1.09820556640625,0.34375,NO,,,
0.1484834766862834,1640,1.09820556640625,0.34375,NO,,,
0.1484834766862834,1640,1.09820556640625,0.34375,NO,,,
0.1484834766862834,1640,1.09820556640625,0.34375,NO,,,
0.1484834766862834,1640,1.09820556640625,0.34375,NO,,,
0.1484834766862834,1640,1.09820556640625,0.34375,NO,,,
0.1484834766862834,1640,1.09820556640625,0.34375,NO,,,
0.1484834766862834,1640,1.09820556640625,0.34375,NO,,,
0.14938886373924853,1650,1.094818115234375,0.46875,NO,,,
0.14938886373924853,1650,1.094818115234375,0.46875,NO,,,
0.14938886373924853,1650,1.094818115234375,0.46875,NO,,,
0.14938886373924853,1650,1.094818115234375,0.46875,NO,,,
0.14938886373924853,1650,1.094818115234375,0.46875,NO,,,
0.14938886373924853,1650,1.094818115234375,0.46875,NO,,,
0.14938886373924853,1650,1.094818115234375,0.46875,NO,,,
0.14938886373924853,1650,1.094818115234375,0.46875,NO,,,
0.14938886373924853,1650,1.094818115234375,0.46875,NO,,,
0.14938886373924853,1650,1.094818115234375,0.46875,NO,,,
0.15029425079221367,1660,1.10272216796875,0.21875,NO,,,
0.15029425079221367,1660,1.10272216796875,0.21875,NO,,,
0.15029425079221367,1660,1.10272216796875,0.21875,NO,,,
0.15029425079221367,1660,1.10272216796875,0.21875,NO,,,
0.15029425079221367,1660,1.10272216796875,0.21875,NO,,,
0.15029425079221367,1660,1.10272216796875,0.21875,NO,,,
0.15029425079221367,1660,1.10272216796875,0.21875,NO,,,
0.15029425079221367,1660,1.10272216796875,0.21875,NO,,,
0.15029425079221367,1660,1.10272216796875,0.21875,NO,,,
0.15029425079221367,1660,1.10272216796875,0.21875,NO,,,
0.1511996378451788,1670,1.10009765625,0.25,NO,,,
0.1511996378451788,1670,1.10009765625,0.25,NO,,,
0.1511996378451788,1670,1.10009765625,0.25,NO,,,
0.1511996378451788,1670,1.10009765625,0.25,NO,,,
0.1511996378451788,1670,1.10009765625,0.25,NO,,,
0.1511996378451788,1670,1.10009765625,0.25,NO,,,
0.1511996378451788,1670,1.10009765625,0.25,NO,,,
0.1511996378451788,1670,1.10009765625,0.25,NO,,,
0.1511996378451788,1670,1.10009765625,0.25,NO,,,
0.1511996378451788,1670,1.10009765625,0.25,NO,,,
0.15210502489814395,1680,1.09942626953125,0.28125,NO,,,
0.15210502489814395,1680,1.09942626953125,0.28125,NO,,,
0.15210502489814395,1680,1.09942626953125,0.28125,NO,,,
0.15210502489814395,1680,1.09942626953125,0.28125,NO,,,
0.15210502489814395,1680,1.09942626953125,0.28125,NO,,,
0.15210502489814395,1680,1.09942626953125,0.28125,NO,,,
0.15210502489814395,1680,1.09942626953125,0.28125,NO,,,
0.15210502489814395,1680,1.09942626953125,0.28125,NO,,,
0.15210502489814395,1680,1.09942626953125,0.28125,NO,,,
0.15210502489814395,1680,1.09942626953125,0.28125,NO,,,
0.1530104119511091,1690,1.09979248046875,0.28125,NO,,,
0.1530104119511091,1690,1.09979248046875,0.28125,NO,,,
0.1530104119511091,1690,1.09979248046875,0.28125,NO,,,
0.1530104119511091,1690,1.09979248046875,0.28125,NO,,,
0.1530104119511091,1690,1.09979248046875,0.28125,NO,,,
0.1530104119511091,1690,1.09979248046875,0.28125,NO,,,
0.1530104119511091,1690,1.09979248046875,0.28125,NO,,,
0.1530104119511091,1690,1.09979248046875,0.28125,NO,,,
0.1530104119511091,1690,1.09979248046875,0.28125,NO,,,
0.1530104119511091,1690,1.09979248046875,0.28125,NO,,,
0.15391579900407423,1700,1.0977783203125,0.375,NO,,,
0.15391579900407423,1700,1.0977783203125,0.375,NO,,,
0.15391579900407423,1700,1.0977783203125,0.375,NO,,,
0.15391579900407423,1700,1.0977783203125,0.375,NO,,,
0.15391579900407423,1700,1.0977783203125,0.375,NO,,,
0.15391579900407423,1700,1.0977783203125,0.375,NO,,,
0.15391579900407423,1700,1.0977783203125,0.375,NO,,,
0.15391579900407423,1700,1.0977783203125,0.375,NO,,,
0.15391579900407423,1700,1.0977783203125,0.375,NO,,,
0.15391579900407423,1700,1.0977783203125,0.375,NO,,,
0.15482118605703937,1710,1.0977783203125,0.375,NO,,,
0.15482118605703937,1710,1.0977783203125,0.375,NO,,,
0.15482118605703937,1710,1.0977783203125,0.375,NO,,,
0.15482118605703937,1710,1.0977783203125,0.375,NO,,,
0.15482118605703937,1710,1.0977783203125,0.375,NO,,,
0.15482118605703937,1710,1.0977783203125,0.375,NO,,,
0.15482118605703937,1710,1.0977783203125,0.375,NO,,,
0.15482118605703937,1710,1.0977783203125,0.375,NO,,,
0.15482118605703937,1710,1.0977783203125,0.375,NO,,,
0.15482118605703937,1710,1.0977783203125,0.375,NO,,,
0.15572657311000454,1720,1.098419189453125,0.34375,NO,,,
0.15572657311000454,1720,1.098419189453125,0.34375,NO,,,
0.15572657311000454,1720,1.098419189453125,0.34375,NO,,,
0.15572657311000454,1720,1.098419189453125,0.34375,NO,,,
0.15572657311000454,1720,1.098419189453125,0.34375,NO,,,
0.15572657311000454,1720,1.098419189453125,0.34375,NO,,,
0.15572657311000454,1720,1.098419189453125,0.34375,NO,,,
0.15572657311000454,1720,1.098419189453125,0.34375,NO,,,
0.15572657311000454,1720,1.098419189453125,0.34375,NO,,,
0.15572657311000454,1720,1.098419189453125,0.34375,NO,,,
0.15663196016296968,1730,1.099365234375,0.3125,NO,,,
0.15663196016296968,1730,1.099365234375,0.3125,NO,,,
0.15663196016296968,1730,1.099365234375,0.3125,NO,,,
0.15663196016296968,1730,1.099365234375,0.3125,NO,,,
0.15663196016296968,1730,1.099365234375,0.3125,NO,,,
0.15663196016296968,1730,1.099365234375,0.3125,NO,,,
0.15663196016296968,1730,1.099365234375,0.3125,NO,,,
0.15663196016296968,1730,1.099365234375,0.3125,NO,,,
0.15663196016296968,1730,1.099365234375,0.3125,NO,,,
0.15663196016296968,1730,1.099365234375,0.3125,NO,,,
0.15753734721593482,1740,1.09893798828125,0.3125,NO,,,
0.15753734721593482,1740,1.09893798828125,0.3125,NO,,,
0.15753734721593482,1740,1.09893798828125,0.3125,NO,,,
0.15753734721593482,1740,1.09893798828125,0.3125,NO,,,
0.15753734721593482,1740,1.09893798828125,0.3125,NO,,,
0.15753734721593482,1740,1.09893798828125,0.3125,NO,,,
0.15753734721593482,1740,1.09893798828125,0.3125,NO,,,
0.15753734721593482,1740,1.09893798828125,0.3125,NO,,,
0.15753734721593482,1740,1.09893798828125,0.3125,NO,,,
0.15753734721593482,1740,1.09893798828125,0.3125,NO,,,
0.15844273426889996,1750,1.09381103515625,0.59375,NO,,,
0.15844273426889996,1750,1.09381103515625,0.59375,NO,,,
0.15844273426889996,1750,1.09381103515625,0.59375,NO,,,
0.15844273426889996,1750,1.09381103515625,0.59375,NO,,,
0.15844273426889996,1750,1.09381103515625,0.59375,NO,,,
0.15844273426889996,1750,1.09381103515625,0.59375,NO,,,
0.15844273426889996,1750,1.09381103515625,0.59375,NO,,,
0.15844273426889996,1750,1.09381103515625,0.59375,NO,,,
0.15844273426889996,1750,1.09381103515625,0.59375,NO,,,
0.15844273426889996,1750,1.09381103515625,0.59375,NO,,,
0.1593481213218651,1760,1.10076904296875,0.21875,NO,,,
0.1593481213218651,1760,1.10076904296875,0.21875,NO,,,
0.1593481213218651,1760,1.10076904296875,0.21875,NO,,,
0.1593481213218651,1760,1.10076904296875,0.21875,NO,,,
0.1593481213218651,1760,1.10076904296875,0.21875,NO,,,
0.1593481213218651,1760,1.10076904296875,0.21875,NO,,,
0.1593481213218651,1760,1.10076904296875,0.21875,NO,,,
0.1593481213218651,1760,1.10076904296875,0.21875,NO,,,
0.1593481213218651,1760,1.10076904296875,0.21875,NO,,,
0.1593481213218651,1760,1.10076904296875,0.21875,NO,,,
0.16025350837483024,1770,1.0999755859375,0.25,NO,,,
0.16025350837483024,1770,1.0999755859375,0.25,NO,,,
0.16025350837483024,1770,1.0999755859375,0.25,NO,,,
0.16025350837483024,1770,1.0999755859375,0.25,NO,,,
0.16025350837483024,1770,1.0999755859375,0.25,NO,,,
0.16025350837483024,1770,1.0999755859375,0.25,NO,,,
0.16025350837483024,1770,1.0999755859375,0.25,NO,,,
0.16025350837483024,1770,1.0999755859375,0.25,NO,,,
0.16025350837483024,1770,1.0999755859375,0.25,NO,,,
0.16025350837483024,1770,1.0999755859375,0.25,NO,,,
0.16115889542779538,1780,1.09893798828125,0.3125,NO,,,
0.16115889542779538,1780,1.09893798828125,0.3125,NO,,,
0.16115889542779538,1780,1.09893798828125,0.3125,NO,,,
0.16115889542779538,1780,1.09893798828125,0.3125,NO,,,
0.16115889542779538,1780,1.09893798828125,0.3125,NO,,,
0.16115889542779538,1780,1.09893798828125,0.3125,NO,,,
0.16115889542779538,1780,1.09893798828125,0.3125,NO,,,
0.16115889542779538,1780,1.09893798828125,0.3125,NO,,,
0.16115889542779538,1780,1.09893798828125,0.3125,NO,,,
0.16115889542779538,1780,1.09893798828125,0.3125,NO,,,
0.16206428248076052,1790,1.097564697265625,0.40625,NO,,,
0.16206428248076052,1790,1.097564697265625,0.40625,NO,,,
0.16206428248076052,1790,1.097564697265625,0.40625,NO,,,
0.16206428248076052,1790,1.097564697265625,0.40625,NO,,,
0.16206428248076052,1790,1.097564697265625,0.40625,NO,,,
0.16206428248076052,1790,1.097564697265625,0.40625,NO,,,
0.16206428248076052,1790,1.097564697265625,0.40625,NO,,,
0.16206428248076052,1790,1.097564697265625,0.40625,NO,,,
0.16206428248076052,1790,1.097564697265625,0.40625,NO,,,
0.16206428248076052,1790,1.097564697265625,0.40625,NO,,,
0.16296966953372566,1800,1.103240966796875,0.09375,NO,,,
0.16296966953372566,1800,1.103240966796875,0.09375,NO,,,
0.16296966953372566,1800,1.103240966796875,0.09375,NO,,,
0.16296966953372566,1800,1.103240966796875,0.09375,NO,,,
0.16296966953372566,1800,1.103240966796875,0.09375,NO,,,
0.16296966953372566,1800,1.103240966796875,0.09375,NO,,,
0.16296966953372566,1800,1.103240966796875,0.09375,NO,,,
0.16296966953372566,1800,1.103240966796875,0.09375,NO,,,
0.16296966953372566,1800,1.103240966796875,0.09375,NO,,,
0.16296966953372566,1800,1.103240966796875,0.09375,NO,,,
0.1638750565866908,1810,1.0982666015625,0.3125,NO,,,
0.1638750565866908,1810,1.0982666015625,0.3125,NO,,,
0.1638750565866908,1810,1.0982666015625,0.3125,NO,,,
0.1638750565866908,1810,1.0982666015625,0.3125,NO,,,
0.1638750565866908,1810,1.0982666015625,0.3125,NO,,,
0.1638750565866908,1810,1.0982666015625,0.3125,NO,,,
0.1638750565866908,1810,1.0982666015625,0.3125,NO,,,
0.1638750565866908,1810,1.0982666015625,0.3125,NO,,,
0.1638750565866908,1810,1.0982666015625,0.3125,NO,,,
0.1638750565866908,1810,1.0982666015625,0.3125,NO,,,
0.16478044363965597,1820,1.097137451171875,0.40625,NO,,,
0.16478044363965597,1820,1.097137451171875,0.40625,NO,,,
0.16478044363965597,1820,1.097137451171875,0.40625,NO,,,
0.16478044363965597,1820,1.097137451171875,0.40625,NO,,,
0.16478044363965597,1820,1.097137451171875,0.40625,NO,,,
0.16478044363965597,1820,1.097137451171875,0.40625,NO,,,
0.16478044363965597,1820,1.097137451171875,0.40625,NO,,,
0.16478044363965597,1820,1.097137451171875,0.40625,NO,,,
0.16478044363965597,1820,1.097137451171875,0.40625,NO,,,
0.16478044363965597,1820,1.097137451171875,0.40625,NO,,,
0.1656858306926211,1830,1.09881591796875,0.34375,NO,,,
0.1656858306926211,1830,1.09881591796875,0.34375,NO,,,
0.1656858306926211,1830,1.09881591796875,0.34375,NO,,,
0.1656858306926211,1830,1.09881591796875,0.34375,NO,,,
0.1656858306926211,1830,1.09881591796875,0.34375,NO,,,
0.1656858306926211,1830,1.09881591796875,0.34375,NO,,,
0.1656858306926211,1830,1.09881591796875,0.34375,NO,,,
0.1656858306926211,1830,1.09881591796875,0.34375,NO,,,
0.1656858306926211,1830,1.09881591796875,0.34375,NO,,,
0.1656858306926211,1830,1.09881591796875,0.34375,NO,,,
0.16659121774558625,1840,1.1009521484375,0.21875,NO,,,
0.16659121774558625,1840,1.1009521484375,0.21875,NO,,,
0.16659121774558625,1840,1.1009521484375,0.21875,NO,,,
0.16659121774558625,1840,1.1009521484375,0.21875,NO,,,
0.16659121774558625,1840,1.1009521484375,0.21875,NO,,,
0.16659121774558625,1840,1.1009521484375,0.21875,NO,,,
0.16659121774558625,1840,1.1009521484375,0.21875,NO,,,
0.16659121774558625,1840,1.1009521484375,0.21875,NO,,,
0.16659121774558625,1840,1.1009521484375,0.21875,NO,,,
0.16659121774558625,1840,1.1009521484375,0.21875,NO,,,
0.16749660479855139,1850,1.09808349609375,0.34375,NO,,,
0.16749660479855139,1850,1.09808349609375,0.34375,NO,,,
0.16749660479855139,1850,1.09808349609375,0.34375,NO,,,
0.16749660479855139,1850,1.09808349609375,0.34375,NO,,,
0.16749660479855139,1850,1.09808349609375,0.34375,NO,,,
0.16749660479855139,1850,1.09808349609375,0.34375,NO,,,
0.16749660479855139,1850,1.09808349609375,0.34375,NO,,,
0.16749660479855139,1850,1.09808349609375,0.34375,NO,,,
0.16749660479855139,1850,1.09808349609375,0.34375,NO,,,
0.16749660479855139,1850,1.09808349609375,0.34375,NO,,,
0.16840199185151652,1860,1.097412109375,0.375,NO,,,
0.16840199185151652,1860,1.097412109375,0.375,NO,,,
0.16840199185151652,1860,1.097412109375,0.375,NO,,,
0.16840199185151652,1860,1.097412109375,0.375,NO,,,
0.16840199185151652,1860,1.097412109375,0.375,NO,,,
0.16840199185151652,1860,1.097412109375,0.375,NO,,,
0.16840199185151652,1860,1.097412109375,0.375,NO,,,
0.16840199185151652,1860,1.097412109375,0.375,NO,,,
0.16840199185151652,1860,1.097412109375,0.375,NO,,,
0.16840199185151652,1860,1.097412109375,0.375,NO,,,
0.16930737890448166,1870,1.098968505859375,0.34375,NO,,,
0.16930737890448166,1870,1.098968505859375,0.34375,NO,,,
0.16930737890448166,1870,1.098968505859375,0.34375,NO,,,
0.16930737890448166,1870,1.098968505859375,0.34375,NO,,,
0.16930737890448166,1870,1.098968505859375,0.34375,NO,,,
0.16930737890448166,1870,1.098968505859375,0.34375,NO,,,
0.16930737890448166,1870,1.098968505859375,0.34375,NO,,,
0.16930737890448166,1870,1.098968505859375,0.34375,NO,,,
0.16930737890448166,1870,1.098968505859375,0.34375,NO,,,
0.16930737890448166,1870,1.098968505859375,0.34375,NO,,,
0.1702127659574468,1880,1.09674072265625,0.375,NO,,,
0.1702127659574468,1880,1.09674072265625,0.375,NO,,,
0.1702127659574468,1880,1.09674072265625,0.375,NO,,,
0.1702127659574468,1880,1.09674072265625,0.375,NO,,,
0.1702127659574468,1880,1.09674072265625,0.375,NO,,,
0.1702127659574468,1880,1.09674072265625,0.375,NO,,,
0.1702127659574468,1880,1.09674072265625,0.375,NO,,,
0.1702127659574468,1880,1.09674072265625,0.375,NO,,,
0.1702127659574468,1880,1.09674072265625,0.375,NO,,,
0.1702127659574468,1880,1.09674072265625,0.375,NO,,,
0.17111815301041194,1890,1.101318359375,0.25,NO,,,
0.17111815301041194,1890,1.101318359375,0.25,NO,,,
0.17111815301041194,1890,1.101318359375,0.25,NO,,,
0.17111815301041194,1890,1.101318359375,0.25,NO,,,
0.17111815301041194,1890,1.101318359375,0.25,NO,,,
0.17111815301041194,1890,1.101318359375,0.25,NO,,,
0.17111815301041194,1890,1.101318359375,0.25,NO,,,
0.17111815301041194,1890,1.101318359375,0.25,NO,,,
0.17111815301041194,1890,1.101318359375,0.25,NO,,,
0.17111815301041194,1890,1.101318359375,0.25,NO,,,
0.17202354006337708,1900,1.102508544921875,0.21875,NO,,,
0.17202354006337708,1900,1.102508544921875,0.21875,NO,,,
0.17202354006337708,1900,1.102508544921875,0.21875,NO,,,
0.17202354006337708,1900,1.102508544921875,0.21875,NO,,,
0.17202354006337708,1900,1.102508544921875,0.21875,NO,,,
0.17202354006337708,1900,1.102508544921875,0.21875,NO,,,
0.17202354006337708,1900,1.102508544921875,0.21875,NO,,,
0.17202354006337708,1900,1.102508544921875,0.21875,NO,,,
0.17202354006337708,1900,1.102508544921875,0.21875,NO,,,
0.17202354006337708,1900,1.102508544921875,0.21875,NO,,,
0.17292892711634222,1910,1.09649658203125,0.40625,NO,,,
0.17292892711634222,1910,1.09649658203125,0.40625,NO,,,
0.17292892711634222,1910,1.09649658203125,0.40625,NO,,,
0.17292892711634222,1910,1.09649658203125,0.40625,NO,,,
0.17292892711634222,1910,1.09649658203125,0.40625,NO,,,
0.17292892711634222,1910,1.09649658203125,0.40625,NO,,,
0.17292892711634222,1910,1.09649658203125,0.40625,NO,,,
0.17292892711634222,1910,1.09649658203125,0.40625,NO,,,
0.17292892711634222,1910,1.09649658203125,0.40625,NO,,,
0.17292892711634222,1910,1.09649658203125,0.40625,NO,,,
0.1738343141693074,1920,1.1005859375,0.28125,NO,,,
0.1738343141693074,1920,1.1005859375,0.28125,NO,,,
0.1738343141693074,1920,1.1005859375,0.28125,NO,,,
0.1738343141693074,1920,1.1005859375,0.28125,NO,,,
0.1738343141693074,1920,1.1005859375,0.28125,NO,,,
0.1738343141693074,1920,1.1005859375,0.28125,NO,,,
0.1738343141693074,1920,1.1005859375,0.28125,NO,,,
0.1738343141693074,1920,1.1005859375,0.28125,NO,,,
0.1738343141693074,1920,1.1005859375,0.28125,NO,,,
0.1738343141693074,1920,1.1005859375,0.28125,NO,,,
0.17473970122227253,1930,1.0994873046875,0.3125,NO,,,
0.17473970122227253,1930,1.0994873046875,0.3125,NO,,,
0.17473970122227253,1930,1.0994873046875,0.3125,NO,,,
0.17473970122227253,1930,1.0994873046875,0.3125,NO,,,
0.17473970122227253,1930,1.0994873046875,0.3125,NO,,,
0.17473970122227253,1930,1.0994873046875,0.3125,NO,,,
0.17473970122227253,1930,1.0994873046875,0.3125,NO,,,
0.17473970122227253,1930,1.0994873046875,0.3125,NO,,,
0.17473970122227253,1930,1.0994873046875,0.3125,NO,,,
0.17473970122227253,1930,1.0994873046875,0.3125,NO,,,
0.17564508827523767,1940,1.098968505859375,0.34375,NO,,,
0.17564508827523767,1940,1.098968505859375,0.34375,NO,,,
0.17564508827523767,1940,1.098968505859375,0.34375,NO,,,
0.17564508827523767,1940,1.098968505859375,0.34375,NO,,,
0.17564508827523767,1940,1.098968505859375,0.34375,NO,,,
0.17564508827523767,1940,1.098968505859375,0.34375,NO,,,
0.17564508827523767,1940,1.098968505859375,0.34375,NO,,,
0.17564508827523767,1940,1.098968505859375,0.34375,NO,,,
0.17564508827523767,1940,1.098968505859375,0.34375,NO,,,
0.17564508827523767,1940,1.098968505859375,0.34375,NO,,,
0.1765504753282028,1950,1.100921630859375,0.28125,NO,,,
0.1765504753282028,1950,1.100921630859375,0.28125,NO,,,
0.1765504753282028,1950,1.100921630859375,0.28125,NO,,,
0.1765504753282028,1950,1.100921630859375,0.28125,NO,,,
0.1765504753282028,1950,1.100921630859375,0.28125,NO,,,
0.1765504753282028,1950,1.100921630859375,0.28125,NO,,,
0.1765504753282028,1950,1.100921630859375,0.28125,NO,,,
0.1765504753282028,1950,1.100921630859375,0.28125,NO,,,
0.1765504753282028,1950,1.100921630859375,0.28125,NO,,,
0.1765504753282028,1950,1.100921630859375,0.28125,NO,,,
0.17745586238116795,1960,1.10186767578125,0.21875,NO,,,
0.17745586238116795,1960,1.10186767578125,0.21875,NO,,,
0.17745586238116795,1960,1.10186767578125,0.21875,NO,,,
0.17745586238116795,1960,1.10186767578125,0.21875,NO,,,
0.17745586238116795,1960,1.10186767578125,0.21875,NO,,,
0.17745586238116795,1960,1.10186767578125,0.21875,NO,,,
0.17745586238116795,1960,1.10186767578125,0.21875,NO,,,
0.17745586238116795,1960,1.10186767578125,0.21875,NO,,,
0.17745586238116795,1960,1.10186767578125,0.21875,NO,,,
0.17745586238116795,1960,1.10186767578125,0.21875,NO,,,
0.1783612494341331,1970,1.09869384765625,0.3125,NO,,,
0.1783612494341331,1970,1.09869384765625,0.3125,NO,,,
0.1783612494341331,1970,1.09869384765625,0.3125,NO,,,
0.1783612494341331,1970,1.09869384765625,0.3125,NO,,,
0.1783612494341331,1970,1.09869384765625,0.3125,NO,,,
0.1783612494341331,1970,1.09869384765625,0.3125,NO,,,
0.1783612494341331,1970,1.09869384765625,0.3125,NO,,,
0.1783612494341331,1970,1.09869384765625,0.3125,NO,,,
0.1783612494341331,1970,1.09869384765625,0.3125,NO,,,
0.1783612494341331,1970,1.09869384765625,0.3125,NO,,,
0.17926663648709823,1980,1.099395751953125,0.3125,NO,,,
0.17926663648709823,1980,1.099395751953125,0.3125,NO,,,
0.17926663648709823,1980,1.099395751953125,0.3125,NO,,,
0.17926663648709823,1980,1.099395751953125,0.3125,NO,,,
0.17926663648709823,1980,1.099395751953125,0.3125,NO,,,
0.17926663648709823,1980,1.099395751953125,0.3125,NO,,,
0.17926663648709823,1980,1.099395751953125,0.3125,NO,,,
0.17926663648709823,1980,1.099395751953125,0.3125,NO,,,
0.17926663648709823,1980,1.099395751953125,0.3125,NO,,,
0.17926663648709823,1980,1.099395751953125,0.3125,NO,,,
0.18017202354006337,1990,1.104827880859375,0.15625,NO,,,
0.18017202354006337,1990,1.104827880859375,0.15625,NO,,,
0.18017202354006337,1990,1.104827880859375,0.15625,NO,,,
0.18017202354006337,1990,1.104827880859375,0.15625,NO,,,
0.18017202354006337,1990,1.104827880859375,0.15625,NO,,,
0.18017202354006337,1990,1.104827880859375,0.15625,NO,,,
0.18017202354006337,1990,1.104827880859375,0.15625,NO,,,
0.18017202354006337,1990,1.104827880859375,0.15625,NO,,,
0.18017202354006337,1990,1.104827880859375,0.15625,NO,,,
0.18017202354006337,1990,1.104827880859375,0.15625,YES,1.0987907648086548,0.3333333333333333,1.0987043380737305
